Date,Open,High,Low,Close,Volume,Dividends,Stock Splits
1988-10-05 00:00:00-04:00,10.313596725463867,10.398833062037948,10.228360388889785,10.313596725463867,11500,0.0,0.0
1988-10-06 00:00:00-04:00,10.39883041381836,10.484066728685724,10.39883041381836,10.39883041381836,12700,0.0,0.0
1988-10-07 00:00:00-04:00,10.398831322079614,10.739776611328125,10.398831322079614,10.739776611328125,12000,0.0,0.0
1988-10-10 00:00:00-04:00,10.569303966703869,10.739776611328125,10.569303966703869,10.739776611328125,34600,0.0,0.0
1988-10-11 00:00:00-04:00,10.65453935842045,10.65453935842045,10.313594098950997,10.39883041381836,147000,0.0,0.0
1988-10-12 00:00:00-04:00,10.313593383596723,10.313593383596723,10.143120765686035,10.143120765686035,368200,0.0,0.0
1988-10-13 00:00:00-04:00,10.398829936981201,10.654538869857788,10.398829936981201,10.569302558898926,246100,0.0,0.0
1988-10-14 00:00:00-04:00,10.654538635193832,10.995483871520033,10.654538635193832,10.825011253356934,65400,0.0,0.0
1988-10-17 00:00:00-04:00,11.080718546202688,11.336427435730442,11.080718546202688,11.251191139221191,59600,0.0,0.0
1988-10-18 00:00:00-04:00,11.336427435730442,11.336427435730442,11.16595484271194,11.251191139221191,13900,0.0,0.0
1988-10-19 00:00:00-04:00,11.336429115470128,11.506901733747874,10.910247569775763,11.165956497192383,253600,0.0,0.0
1988-10-20 00:00:00-04:00,11.5069036003497,11.847848892211914,11.5069036003497,11.847848892211914,158200,0.0,0.0
1988-10-21 00:00:00-04:00,11.677375534602573,12.188793441227503,11.421666581290108,11.933084487915039,241400,0.0,0.0
1988-10-24 00:00:00-04:00,12.188793441227503,12.188793441227503,11.933084487915039,11.933084487915039,75600,0.0,0.0
1988-10-25 00:00:00-04:00,11.762612569246361,11.933085215177467,11.762612569246361,11.847848892211914,70600,0.0,0.0
1988-10-26 00:00:00-04:00,11.847848170144216,11.933084487915039,11.847848170144216,11.933084487915039,16300,0.0,0.0
1988-10-27 00:00:00-04:00,11.847845782404361,11.847845782404361,11.677373181218686,11.762609481811523,125600,0.0,0.0
1988-10-28 00:00:00-04:00,11.762611852373395,12.01832080568586,11.762611852373395,11.933084487915039,23700,0.0,0.0
1988-10-31 00:00:00-05:00,12.018315315246582,12.018315315246582,12.018315315246582,12.018315315246582,900,0.0,0.0
1988-11-01 00:00:00-05:00,11.847848941661693,11.847848941661693,11.421667325055157,11.506903648376465,192800,0.0,0.0
1988-11-02 00:00:00-05:00,11.421667547786937,11.592140197753906,11.421667547786937,11.592140197753906,98500,0.0,0.0
1988-11-03 00:00:00-05:00,11.506903420633344,11.506903420633344,11.421667098999023,11.421667098999023,124800,0.0,0.0
1988-11-04 00:00:00-05:00,11.421667098999023,11.421667098999023,11.336430777364702,11.421667098999023,5400,0.0,0.0
1988-11-07 00:00:00-05:00,11.251191139221191,11.251191139221191,11.16595484271194,11.251191139221191,69900,0.0,0.0
1988-11-08 00:00:00-05:00,11.251191139221191,11.336427435730442,11.251191139221191,11.251191139221191,42000,0.0,0.0
1988-11-09 00:00:00-05:00,11.165955759584904,11.165955759584904,10.910246849060059,10.910246849060059,43200,0.0,0.0
1988-11-10 00:00:00-05:00,11.080721855163574,11.251194499089166,11.080721855163574,11.080721855163574,32300,0.0,0.0
1988-11-11 00:00:00-05:00,10.995481491088867,10.995481491088867,10.910245200460272,10.995481491088867,4900,0.0,0.0
1988-11-14 00:00:00-05:00,10.910249255952381,10.910249255952381,10.654540289015998,10.739776611328125,29100,0.0,0.0
1988-11-15 00:00:00-05:00,10.739776611328125,10.739776611328125,10.739776611328125,10.739776611328125,12000,0.0,0.0
1988-11-16 00:00:00-05:00,10.825009060602119,11.677371978759766,10.825009060602119,11.677371978759766,593400,0.0,0.0
1988-11-17 00:00:00-05:00,11.762609481811523,11.847845782404361,11.677373181218686,11.762609481811523,51900,0.0,0.0
1988-11-18 00:00:00-05:00,11.592140197753906,11.592140197753906,11.421667547786937,11.592140197753906,24300,0.0,0.0
1988-11-21 00:00:00-05:00,11.42166686954355,11.42166686954355,11.16595790977765,11.336430549621582,11000,0.0,0.0
1988-11-22 00:00:00-05:00,11.25119463145304,11.933085215177467,11.25119463145304,11.847848892211914,58400,0.0,0.0
1988-11-23 00:00:00-05:00,11.847848892211914,11.933085215177467,11.762612569246361,11.847848892211914,58600,0.0,0.0
1988-11-25 00:00:00-05:00,11.421667325055157,11.506903648376465,11.336431001733851,11.506903648376465,20700,0.0,0.0
1988-11-28 00:00:00-05:00,11.421667098999023,11.421667098999023,11.421667098999023,11.421667098999023,1000,0.0,0.0
1988-11-29 00:00:00-05:00,11.421667098999023,11.506903420633344,11.421667098999023,11.421667098999023,27600,0.0,0.0
1988-11-30 00:00:00-05:00,11.506903648376465,11.67737629501908,11.506903648376465,11.506903648376465,15700,0.0,0.0
1988-12-01 00:00:00-05:00,11.506903648376465,11.506903648376465,11.421667325055157,11.506903648376465,8500,0.0,0.0
1988-12-02 00:00:00-05:00,11.16595813409606,11.506903420633344,11.16595813409606,11.421667098999023,19200,0.0,0.0
1988-12-05 00:00:00-05:00,11.421667098999023,11.421667098999023,11.336430777364702,11.421667098999023,6800,0.0,0.0
1988-12-06 00:00:00-05:00,11.336430821051964,11.42166714301476,10.739776567312386,11.080721855163574,62100,0.0,0.0
1988-12-07 00:00:00-05:00,10.739774459838868,10.739774459838868,10.313592933654785,10.65453815460205,441400,0.0,0.0
1988-12-08 00:00:00-05:00,10.48406939861203,10.48406939861203,10.313596725463867,10.313596725463867,137200,0.0,0.0
1988-12-09 00:00:00-05:00,10.228357784083633,10.569303043553088,10.228357784083633,10.39883041381836,165500,0.0,0.0
1988-12-12 00:00:00-05:00,10.39883041381836,10.569303043553088,10.313594098950997,10.39883041381836,120100,0.0,0.0
1988-12-13 00:00:00-05:00,10.48406939861203,10.48406939861203,10.228360388889785,10.313596725463867,175100,0.0,0.0
1988-12-14 00:00:00-05:00,10.313594098950997,10.39883041381836,10.313594098950997,10.39883041381836,74700,0.0,0.0
1988-12-15 00:00:00-05:00,10.398831592342717,10.569304241397516,10.398831592342717,10.484067916870117,105900,0.0,0.0
1988-12-16 00:00:00-05:00,10.398833062037948,10.48406939861203,10.313596725463867,10.313596725463867,57900,0.0,0.0
1988-12-19 00:00:00-05:00,10.569304241397516,10.654540565924915,10.05788629423312,10.484067916870117,108300,0.0,0.0
1988-12-20 00:00:00-05:00,10.48406939861203,10.48406939861203,10.313596725463867,10.313596725463867,78200,0.0,0.0
1988-12-21 00:00:00-05:00,10.398833062037948,10.398833062037948,10.313596725463867,10.313596725463867,15000,0.0,0.0
1988-12-22 00:00:00-05:00,10.228358943287919,10.484067916870117,10.228358943287919,10.484067916870117,54300,0.0,0.0
1988-12-23 00:00:00-05:00,10.569301849365235,10.739774459838868,10.569301849365235,10.65453815460205,17700,0.0,0.0
1988-12-27 00:00:00-05:00,10.739774459838868,10.739774459838868,10.569301849365235,10.65453815460205,10600,0.0,0.0
1988-12-28 00:00:00-05:00,10.569302558898926,10.569302558898926,10.569302558898926,10.569302558898926,10600,0.0,0.0
1988-12-29 00:00:00-05:00,10.569304241397516,10.569304241397516,10.398831592342717,10.484067916870117,7000,0.0,0.0
1988-12-30 00:00:00-05:00,10.398828967412314,10.398828967412314,10.22835636138916,10.22835636138916,13700,0.0,0.0
1989-01-03 00:00:00-05:00,10.313594999767485,10.739776611328125,10.313594999767485,10.739776611328125,220900,0.0,0.0
1989-01-04 00:00:00-05:00,10.56930232611228,10.825011253356934,10.56930232611228,10.825011253356934,131300,0.0,0.0
1989-01-05 00:00:00-05:00,10.825011253356934,10.825011253356934,10.739774944275382,10.825011253356934,191200,0.0,0.0
1989-01-06 00:00:00-05:00,10.654538635193832,10.825011253356934,10.654538635193832,10.825011253356934,132300,0.0,0.0
1989-01-09 00:00:00-05:00,11.165958355091236,11.67737629501908,11.165958355091236,11.506903648376465,156500,0.0,0.0
1989-01-10 00:00:00-05:00,11.421667098999023,11.506903420633344,11.336430777364702,11.421667098999023,134200,0.0,0.0
1989-01-11 00:00:00-05:00,11.336430777364702,11.421667098999023,11.336430777364702,11.421667098999023,79900,0.0,0.0
1989-01-12 00:00:00-05:00,11.336430549621582,11.336430549621582,11.251194229699616,11.336430549621582,85300,0.0,0.0
1989-01-13 00:00:00-05:00,11.251190362974656,11.251190362974656,10.910245200460272,10.995481491088867,137500,0.0,0.0
1989-01-16 00:00:00-05:00,10.99548315256834,10.99548315256834,10.910246849060059,10.910246849060059,98200,0.0,0.0
1989-01-17 00:00:00-05:00,10.825011253356934,10.825011253356934,10.654538635193832,10.825011253356934,194700,0.0,0.0
1989-01-18 00:00:00-05:00,10.73977261920308,10.995481491088867,10.73977261920308,10.995481491088867,92000,0.0,0.0
1989-01-19 00:00:00-05:00,10.825010545551777,10.910246849060059,10.825010545551777,10.910246849060059,99300,0.0,0.0
1989-01-20 00:00:00-05:00,10.825008909831677,10.995481491088867,10.825008909831677,10.995481491088867,78900,0.0,0.0
1989-01-23 00:00:00-05:00,10.9102470703125,10.9102470703125,10.569301849365235,10.65453815460205,99200,0.0,0.0
1989-01-24 00:00:00-05:00,10.569302558898926,10.569302558898926,10.569302558898926,10.569302558898926,99600,0.0,0.0
1989-01-25 00:00:00-05:00,10.484066247940063,10.569302558898926,10.484066247940063,10.569302558898926,167100,0.0,0.0
1989-01-26 00:00:00-05:00,10.56930232611228,10.825011253356934,10.484066017030731,10.825011253356934,129300,0.0,0.0
1989-01-27 00:00:00-05:00,10.825010765075683,10.825010765075683,10.65453815460205,10.65453815460205,111400,0.0,0.0
1989-01-30 00:00:00-05:00,10.739776890452314,10.739776890452314,10.484067916870117,10.484067916870117,57100,0.0,0.0
1989-01-31 00:00:00-05:00,10.569304241397516,10.569304241397516,10.398831592342717,10.484067916870117,122200,0.0,0.0
1989-02-01 00:00:00-05:00,10.39883041381836,10.39883041381836,10.228357784083633,10.39883041381836,135400,0.0,0.0
1989-02-02 00:00:00-05:00,10.313595267815318,10.484067916870117,10.313595267815318,10.484067916870117,52300,0.0,0.0
1989-02-03 00:00:00-05:00,10.654540289015998,10.739776611328125,10.654540289015998,10.739776611328125,7200,0.0,0.0
1989-02-06 00:00:00-05:00,10.654540565924915,10.654540565924915,10.398831592342717,10.484067916870117,63800,0.0,0.0
1989-02-07 00:00:00-05:00,10.65453706365643,11.251191139221191,10.65453706365643,11.251191139221191,201600,0.0,0.0
1989-02-08 00:00:00-05:00,10.995481491088867,11.080717781717464,10.910245200460272,10.995481491088867,600000,0.0,0.0
1989-02-09 00:00:00-05:00,10.995482249693437,11.251191139221191,10.995482249693437,11.251191139221191,382300,0.0,0.0
1989-02-10 00:00:00-05:00,11.080721855163574,11.336430821051964,11.080721855163574,11.080721855163574,510600,0.0,0.0
1989-02-13 00:00:00-05:00,11.16595790977765,11.42166686954355,11.16595790977765,11.336430549621582,572700,0.0,0.0
1989-02-14 00:00:00-05:00,11.421667098999023,11.592139742267666,11.336430777364702,11.421667098999023,192900,0.0,0.0
1989-02-15 00:00:00-05:00,11.592139742267666,11.592139742267666,11.421667098999023,11.421667098999023,128800,0.0,0.0
1989-02-16 00:00:00-05:00,11.336430777364702,11.506903420633344,11.336430777364702,11.421667098999023,974300,0.0,0.0
1989-02-17 00:00:00-05:00,11.421667547786937,11.67737652273739,11.421667547786937,11.592140197753906,42000,0.0,0.0
1989-02-21 00:00:00-05:00,11.421667098999023,11.506903420633344,11.336430777364702,11.421667098999023,377300,0.0,0.0
1989-02-22 00:00:00-05:00,11.336427435730442,11.421663732239693,11.251191139221191,11.251191139221191,149800,0.0,0.0
1989-02-23 00:00:00-05:00,11.336430549621582,11.42166686954355,11.251194229699616,11.336430549621582,23600,0.0,0.0
1989-02-24 00:00:00-05:00,11.42166686954355,11.42166686954355,11.251194229699616,11.336430549621582,45400,0.0,0.0
1989-02-27 00:00:00-05:00,11.097145861528052,11.097145861528052,10.923752957441677,11.010449409484863,259000,0.28,0.0
1989-02-28 00:00:00-05:00,11.010449749554773,11.270539113717485,11.010449749554773,11.183842658996582,352200,0.0,0.0
1989-03-01 00:00:00-05:00,11.183842658996582,11.270539113717485,11.183842658996582,11.183842658996582,261000,0.0,0.0
1989-03-02 00:00:00-05:00,11.183842658996582,11.270539113717485,11.183842658996582,11.183842658996582,93500,0.0,0.0
1989-03-03 00:00:00-05:00,11.270541191101074,11.270541191101074,11.183844720400296,11.270541191101074,100400,0.0,0.0
1989-03-06 00:00:00-05:00,11.183842658996582,11.270539113717485,11.097146204275678,11.183842658996582,382700,0.0,0.0
1989-03-07 00:00:00-05:00,11.18384231357124,11.18384231357124,11.010449409484863,11.010449409484863,125900,0.0,0.0
1989-03-08 00:00:00-05:00,10.923754692077637,11.010451157887776,10.923754692077637,10.923754692077637,193200,0.0,0.0
1989-03-09 00:00:00-05:00,11.010449409484863,11.010449409484863,10.837056505398488,11.010449409484863,145200,0.0,0.0
1989-03-10 00:00:00-05:00,11.010451157887776,11.010451157887776,10.923754692077637,10.923754692077637,88400,0.0,0.0
1989-03-13 00:00:00-05:00,11.010449580848217,11.183842487633228,11.010449580848217,11.097146034240723,516600,0.0,0.0
1989-03-14 00:00:00-05:00,11.270540397585805,11.357236862182617,11.270540397585805,11.357236862182617,292400,0.0,0.0
1989-03-15 00:00:00-05:00,11.357236862182617,11.357236862182617,11.270540397585805,11.357236862182617,148400,0.0,0.0
1989-03-16 00:00:00-05:00,11.357236862182617,11.357236862182617,11.357236862182617,11.357236862182617,131500,0.0,0.0
1989-03-17 00:00:00-05:00,11.183842487633228,11.183842487633228,11.097146034240723,11.097146034240723,383700,0.0,0.0
1989-03-20 00:00:00-05:00,11.010449580848217,11.097146034240723,11.010449580848217,11.097146034240723,468800,0.0,0.0
1989-03-21 00:00:00-05:00,11.097146204275678,11.183842658996582,11.097146204275678,11.183842658996582,164700,0.0,0.0
1989-03-22 00:00:00-05:00,11.097147623697916,11.097147623697916,10.923754692077637,10.923754692077637,296300,0.0,0.0
1989-03-23 00:00:00-05:00,10.837058226267496,10.923754692077637,10.837058226267496,10.923754692077637,24300,0.0,0.0
1989-03-27 00:00:00-05:00,10.92375357055664,10.92375357055664,10.837057113647461,10.837057113647461,47700,0.0,0.0
1989-03-28 00:00:00-05:00,10.837057113647461,10.837057113647461,10.837057113647461,10.837057113647461,53100,0.0,0.0
1989-03-29 00:00:00-05:00,10.837057905812417,10.837057905812417,10.66366497931942,10.750361442565918,99300,0.0,0.0
1989-03-30 00:00:00-05:00,10.750361279743474,10.750361279743474,10.663664817810059,10.663664817810059,164600,0.0,0.0
1989-03-31 00:00:00-05:00,10.66366497931942,10.750361442565918,10.576968516072919,10.750361442565918,149200,0.0,0.0
1989-04-03 00:00:00-04:00,10.66366393067116,11.270539113717485,10.66366393067116,11.183842658996582,1207700,0.0,0.0
1989-04-04 00:00:00-04:00,11.010449580848217,11.270538941025734,11.010449580848217,11.097146034240723,878800,0.0,0.0
1989-04-05 00:00:00-04:00,11.183842658996582,11.183842658996582,11.097146204275678,11.183842658996582,497100,0.0,0.0
1989-04-06 00:00:00-04:00,11.18384231357124,11.18384231357124,11.010449409484863,11.010449409484863,457000,0.0,0.0
1989-04-07 00:00:00-04:00,10.923752957441677,11.097145861528052,10.923752957441677,11.010449409484863,270600,0.0,0.0
1989-04-10 00:00:00-04:00,11.010449580848217,11.097146034240723,11.010449580848217,11.097146034240723,90900,0.0,0.0
1989-04-11 00:00:00-04:00,11.010449409484863,11.097145861528052,11.010449409484863,11.010449409484863,158400,0.0,0.0
1989-04-12 00:00:00-04:00,11.010449409484863,11.097145861528052,11.010449409484863,11.010449409484863,158900,0.0,0.0
1989-04-13 00:00:00-04:00,11.010449409484863,11.097145861528052,10.923752957441677,11.010449409484863,50600,0.0,0.0
1989-04-14 00:00:00-04:00,11.010449580848217,11.097146034240723,11.010449580848217,11.097146034240723,65700,0.0,0.0
1989-04-17 00:00:00-04:00,11.097146034240723,11.097146034240723,11.010449580848217,11.097146034240723,22500,0.0,0.0
1989-04-18 00:00:00-04:00,11.097146204275678,11.183842658996582,11.097146204275678,11.183842658996582,240000,0.0,0.0
1989-04-19 00:00:00-04:00,11.183842487633228,11.183842487633228,11.097146034240723,11.097146034240723,112300,0.0,0.0
1989-04-20 00:00:00-04:00,11.010451157887776,11.010451157887776,10.750361760457356,10.923754692077637,156500,0.0,0.0
1989-04-21 00:00:00-04:00,11.010449409484863,11.010449409484863,10.923752957441677,11.010449409484863,39200,0.0,0.0
1989-04-24 00:00:00-04:00,10.837057113647461,10.92375357055664,10.837057113647461,10.837057113647461,103400,0.0,0.0
1989-04-25 00:00:00-04:00,10.837057905812417,10.837057905812417,10.66366497931942,10.750361442565918,29800,0.0,0.0
1989-04-26 00:00:00-04:00,10.750361760457356,11.010451157887776,10.750361760457356,10.923754692077637,349800,0.0,0.0
1989-04-27 00:00:00-04:00,11.097146034240723,11.183842487633228,11.097146034240723,11.097146034240723,199300,0.0,0.0
1989-04-28 00:00:00-04:00,11.097146204275678,11.270539113717485,11.097146204275678,11.183842658996582,113200,0.0,0.0
1989-05-01 00:00:00-04:00,11.097146204275678,11.270539113717485,11.097146204275678,11.183842658996582,98700,0.0,0.0
1989-05-02 00:00:00-04:00,11.183842658996582,11.270539113717485,11.097146204275678,11.183842658996582,301400,0.0,0.0
1989-05-03 00:00:00-04:00,11.18384393298899,11.357236862182617,11.18384393298899,11.357236862182617,246900,0.0,0.0
1989-05-04 00:00:00-04:00,11.443931921204523,11.7907177369986,11.443931921204523,11.617324829101562,293800,0.0,0.0
1989-05-05 00:00:00-04:00,11.70402128305008,11.70402128305008,11.617324829101562,11.617324829101562,61200,0.0,0.0
1989-05-08 00:00:00-04:00,11.704024981735344,11.704024981735344,11.530632019042969,11.530632019042969,116100,0.0,0.0
1989-05-09 00:00:00-04:00,11.530629791376246,11.530629791376246,11.357236862182617,11.357236862182617,96000,0.0,0.0
1989-05-10 00:00:00-04:00,11.443930625915527,11.443930625915527,11.357234181779804,11.443930625915527,229200,0.0,0.0
1989-05-11 00:00:00-04:00,11.443931921204523,11.617324829101562,11.357235467256004,11.617324829101562,271900,0.0,0.0
1989-05-12 00:00:00-04:00,11.617327044991885,11.877416456446927,11.530630574506871,11.790719985961914,523300,0.0,0.0
1989-05-15 00:00:00-04:00,11.617324829101562,11.617324829101562,11.530628375153043,11.617324829101562,292100,0.0,0.0
1989-05-16 00:00:00-04:00,11.530632019042969,11.617328500389156,11.530632019042969,11.530632019042969,252300,0.0,0.0
1989-05-17 00:00:00-04:00,11.530629791376246,11.530629791376246,11.357236862182617,11.357236862182617,143300,0.0,0.0
1989-05-18 00:00:00-04:00,11.443935537696781,11.530632019042969,11.357239056350593,11.530632019042969,172100,0.0,0.0
1989-05-19 00:00:00-04:00,11.270540397585805,11.357236862182617,11.097147468392176,11.357236862182617,555000,0.0,0.0
1989-05-22 00:00:00-04:00,10.923752957441677,11.010449409484863,10.837056505398488,11.010449409484863,551200,0.0,0.0
1989-05-23 00:00:00-04:00,10.923754692077637,11.010451157887776,10.837058226267496,10.923754692077637,254500,0.0,0.0
1989-05-24 00:00:00-04:00,10.923754692077637,10.923754692077637,10.837058226267496,10.923754692077637,128300,0.0,0.0
1989-05-25 00:00:00-04:00,10.923752957441677,11.18384231357124,10.923752957441677,11.010449409484863,1065800,0.0,0.0
1989-05-26 00:00:00-04:00,11.097145861528052,11.18384231357124,10.923752957441677,11.010449409484863,511900,0.0,0.0
1989-05-30 00:00:00-04:00,10.750361442565918,10.837057905812417,10.66366497931942,10.750361442565918,524900,0.0,0.0
1989-05-31 00:00:00-04:00,10.66366497931942,10.750361442565918,10.66366497931942,10.750361442565918,398300,0.0,0.0
1989-06-01 00:00:00-04:00,10.66366497931942,10.750361442565918,10.576968516072919,10.750361442565918,248100,0.0,0.0
1989-06-02 00:00:00-04:00,10.75036065673828,10.837057113647461,10.663664199829102,10.837057113647461,174200,0.0,0.0
1989-06-05 00:00:00-04:00,10.750362900663013,10.750362900663013,10.490273475646973,10.490273475646973,171600,0.0,0.0
1989-06-06 00:00:00-04:00,10.5769681930542,10.5769681930542,10.490271732455394,10.5769681930542,77600,0.0,0.0
1989-06-07 00:00:00-04:00,10.5769681930542,10.663664653653004,10.5769681930542,10.5769681930542,273300,0.0,0.0
1989-06-08 00:00:00-04:00,10.66366497931942,10.837057905812417,10.66366497931942,10.750361442565918,295900,0.0,0.0
1989-06-09 00:00:00-04:00,10.576968355876643,10.750361279743474,10.576968355876643,10.663664817810059,212600,0.0,0.0
1989-06-12 00:00:00-04:00,10.490273475646973,10.490273475646973,10.403577000641626,10.490273475646973,193800,0.0,0.0
1989-06-13 00:00:00-04:00,10.403573634260791,10.403573634260791,10.143484293404272,10.230180740356445,420200,0.0,0.0
1989-06-14 00:00:00-04:00,10.143484293404272,10.230180740356445,10.143484293404272,10.230180740356445,65300,0.0,0.0
1989-06-15 00:00:00-04:00,10.143485691236414,10.143485691236414,9.796699855638588,9.9700927734375,117700,0.0,0.0
1989-06-16 00:00:00-04:00,9.883394952547752,10.316877187308618,9.883394952547752,10.230180740356445,334300,0.0,0.0
1989-06-19 00:00:00-04:00,10.316879272460938,10.4035757369354,10.230182807986477,10.316879272460938,309100,0.0,0.0
1989-06-20 00:00:00-04:00,10.403573989868164,10.490270439783732,10.403573989868164,10.403573989868164,658600,0.0,0.0
1989-06-21 00:00:00-04:00,10.576968355876643,10.663664817810059,10.490271893943229,10.663664817810059,537000,0.0,0.0
1989-06-22 00:00:00-04:00,10.663664817810059,10.663664817810059,10.576968355876643,10.663664817810059,574800,0.0,0.0
1989-06-23 00:00:00-04:00,10.837056505398488,11.18384231357124,10.837056505398488,11.010449409484863,310000,0.0,0.0
1989-06-26 00:00:00-04:00,11.01045002746582,11.01045002746582,10.75036065673828,10.837057113647461,398000,0.0,0.0
1989-06-27 00:00:00-04:00,10.837056505398488,11.097145861528052,10.837056505398488,11.010449409484863,430100,0.0,0.0
1989-06-28 00:00:00-04:00,11.010451157887776,11.010451157887776,10.837058226267496,10.923754692077637,96700,0.0,0.0
1989-06-29 00:00:00-04:00,10.923754203610304,10.923754203610304,10.663664817810059,10.663664817810059,269600,0.0,0.0
1989-06-30 00:00:00-04:00,10.75036111425181,10.75036111425181,10.5769681930542,10.5769681930542,188600,0.0,0.0
1989-07-03 00:00:00-04:00,10.663664653653004,10.75036111425181,10.5769681930542,10.5769681930542,39300,0.0,0.0
1989-07-05 00:00:00-04:00,10.66366497931942,10.837057905812417,10.66366497931942,10.750361442565918,60700,0.0,0.0
1989-07-06 00:00:00-04:00,10.837057113647461,10.837057113647461,10.75036065673828,10.837057113647461,75700,0.0,0.0
1989-07-07 00:00:00-04:00,10.7503602206707,11.097146034240723,10.7503602206707,11.097146034240723,137800,0.0,0.0
1989-07-10 00:00:00-04:00,11.097147468392176,11.357236862182617,11.097147468392176,11.357236862182617,508300,0.0,0.0
1989-07-11 00:00:00-04:00,11.443930625915527,11.530627070051251,11.357234181779804,11.443930625915527,488300,0.0,0.0
1989-07-12 00:00:00-04:00,11.443935537696781,11.530632019042969,11.443935537696781,11.530632019042969,245800,0.0,0.0
1989-07-13 00:00:00-04:00,11.530630871869516,11.964113235473633,11.443934399148691,11.964113235473633,377400,0.0,0.0
1989-07-14 00:00:00-04:00,11.617324829101562,11.70402128305008,11.617324829101562,11.617324829101562,737400,0.0,0.0
1989-07-17 00:00:00-04:00,11.530628375153043,11.617324829101562,11.443931921204523,11.617324829101562,406900,0.0,0.0
1989-07-18 00:00:00-04:00,11.530628872613837,11.87741470336914,11.530628872613837,11.87741470336914,541100,0.0,0.0
1989-07-19 00:00:00-04:00,11.964108081574135,12.310893823069039,11.964108081574135,12.224197387695312,845500,0.0,0.0
1989-07-20 00:00:00-04:00,12.397593219264024,12.91777195573664,12.397593219264024,12.744379043579102,992300,0.0,0.0
1989-07-21 00:00:00-04:00,12.744382052808195,12.83107852935791,12.65768557625848,12.83107852935791,357300,0.0,0.0
1989-07-24 00:00:00-04:00,12.657685128573712,12.657685128573712,12.48429218160695,12.570988655090332,318400,0.0,0.0
1989-07-25 00:00:00-04:00,12.48429218160695,12.657685128573712,12.397595708123568,12.570988655090332,287400,0.0,0.0
1989-07-26 00:00:00-04:00,12.570986911042095,12.657683372497559,12.39759398813117,12.657683372497559,145400,0.0,0.0
1989-07-27 00:00:00-04:00,12.657683372497559,12.657683372497559,12.484290449586632,12.657683372497559,186000,0.0,0.0
1989-07-28 00:00:00-04:00,12.570988655090332,12.570988655090332,12.48429218160695,12.570988655090332,109300,0.0,0.0
1989-07-31 00:00:00-04:00,12.570988655090332,12.657685128573712,12.48429218160695,12.570988655090332,163500,0.0,0.0
1989-08-01 00:00:00-04:00,12.397590822643705,12.657680140601265,12.310894383324518,12.48428726196289,694400,0.0,0.0
1989-08-02 00:00:00-04:00,12.570988655090332,12.657685128573712,12.570988655090332,12.570988655090332,403500,0.0,0.0
1989-08-03 00:00:00-04:00,12.570983701282078,12.570983701282078,12.397590822643705,12.48428726196289,102800,0.0,0.0
1989-08-04 00:00:00-04:00,12.397595405578612,12.397595405578612,12.310898934210929,12.397595405578613,164000,0.0,0.0
1989-08-07 00:00:00-04:00,12.310898934210929,12.397595405578612,12.137505991475564,12.397595405578613,437500,0.0,0.0
1989-08-08 00:00:00-04:00,12.484289675342794,12.744379043579102,12.397593219264024,12.744379043579102,735500,0.0,0.0
1989-08-09 00:00:00-04:00,12.83107852935791,13.004471482457342,12.83107852935791,12.83107852935791,1044900,0.0,0.0
1989-08-10 00:00:00-04:00,12.657685128573712,12.744381602057095,12.570988655090332,12.570988655090332,247500,0.0,0.0
1989-08-11 00:00:00-04:00,12.484291876946294,12.484291876946294,12.310898934210929,12.397595405578613,423600,0.0,0.0
1989-08-14 00:00:00-04:00,12.310893823069039,12.397590258442763,12.137500952321588,12.224197387695312,112900,0.0,0.0
1989-08-15 00:00:00-04:00,12.137500952321588,12.224197387695312,12.050804516947862,12.224197387695312,107800,0.0,0.0
1989-08-16 00:00:00-04:00,12.22420136357697,12.310897827148438,12.137504900005503,12.310897827148438,253500,0.0,0.0
1989-08-17 00:00:00-04:00,12.310898934210929,12.397595405578612,12.310898934210929,12.397595405578613,82800,0.0,0.0
1989-08-18 00:00:00-04:00,12.310894383324518,12.48428726196289,12.310894383324518,12.48428726196289,122200,0.0,0.0
1989-08-21 00:00:00-04:00,12.5603491509711,12.734798444734588,12.473124504089355,12.473124504089355,148200,0.109,0.0
1989-08-22 00:00:00-04:00,12.385902047157288,12.560351371765137,12.385902047157288,12.560351371765137,119100,0.0,0.0
1989-08-23 00:00:00-04:00,12.560351371765137,12.560351371765137,12.385902047157288,12.560351371765137,157300,0.0,0.0
1989-08-24 00:00:00-04:00,12.560351371765137,12.560351371765137,12.473126709461212,12.560351371765137,200100,0.0,0.0
1989-08-25 00:00:00-04:00,12.473126709461212,12.560351371765137,12.473126709461212,12.560351371765137,114100,0.0,0.0
1989-08-28 00:00:00-04:00,12.473124504089355,12.5603491509711,12.473124504089355,12.473124504089355,9900,0.0,0.0
1989-08-29 00:00:00-04:00,12.560351371765137,12.647576034069061,12.560351371765137,12.560351371765137,11600,0.0,0.0
1989-08-30 00:00:00-04:00,12.647567749023438,12.647567749023438,12.47311853869208,12.647567749023438,187500,0.0,0.0
1989-08-31 00:00:00-04:00,12.560343143857759,12.734792354189118,12.560343143857759,12.647567749023438,78400,0.0,0.0
1989-09-01 00:00:00-04:00,12.5603491509711,12.5603491509711,12.385899857207612,12.473124504089355,205100,0.0,0.0
1989-09-05 00:00:00-04:00,12.38589859008789,12.38589859008789,12.298673952129525,12.38589859008789,201400,0.0,0.0
1989-09-06 00:00:00-04:00,12.298677144731794,12.298677144731794,12.124227823529925,12.21145248413086,267400,0.0,0.0
1989-09-07 00:00:00-04:00,12.298672676086426,12.38589730499484,12.298672676086426,12.298672676086426,93100,0.0,0.0
1989-09-08 00:00:00-04:00,12.298676840692972,12.298676840692972,12.03700286535908,12.124227523803711,155900,0.0,0.0
1989-09-11 00:00:00-04:00,11.949776333921097,11.949776333921097,11.775327044374803,11.86255168914795,41700,0.0,0.0
1989-09-12 00:00:00-04:00,11.862555789251397,12.03700513909333,11.862555789251397,11.949780464172363,628200,0.0,0.0
1989-09-13 00:00:00-04:00,12.03700286535908,12.21145218224834,12.03700286535908,12.124227523803711,485000,0.0,0.0
1989-09-14 00:00:00-04:00,12.211454488935262,12.211454488935262,11.862555789251397,11.949780464172363,121500,0.0,0.0
1989-09-15 00:00:00-04:00,11.7753267288208,11.7753267288208,11.600877443949383,11.7753267288208,52600,0.0,0.0
1989-09-18 00:00:00-04:00,11.862555789251397,11.949780464172363,11.862555789251397,11.949780464172363,70800,0.0,0.0
1989-09-19 00:00:00-04:00,11.862555789251397,11.949780464172363,11.862555789251397,11.949780464172363,43100,0.0,0.0
1989-09-20 00:00:00-04:00,11.949780464172363,12.03700513909333,11.949780464172363,11.949780464172363,165500,0.0,0.0
1989-09-21 00:00:00-04:00,12.03700286535908,12.21145218224834,12.03700286535908,12.124227523803711,155200,0.0,0.0
1989-09-22 00:00:00-04:00,12.21145218224834,12.21145218224834,11.949778206914448,12.124227523803711,205100,0.0,0.0
1989-09-25 00:00:00-04:00,12.211448047178012,12.473121933903254,12.211448047178012,12.298672676086426,71200,0.0,0.0
1989-09-26 00:00:00-04:00,12.385902047157288,12.734800696372986,12.385902047157288,12.560351371765137,349600,0.0,0.0
1989-09-27 00:00:00-04:00,12.47311853869208,12.647567749023438,12.47311853869208,12.647567749023438,254200,0.0,0.0
1989-09-28 00:00:00-04:00,12.560350078425994,12.7347993850708,12.560350078425994,12.7347993850708,113800,0.0,0.0
1989-09-29 00:00:00-04:00,12.647574398968672,13.083697654105523,12.647574398968672,12.909248352050781,184400,0.0,0.0
1989-10-02 00:00:00-04:00,12.909248352050781,12.996473003078153,12.822023701023411,12.909248352050781,116900,0.0,0.0
1989-10-03 00:00:00-04:00,12.822023701023411,12.909248352050781,12.822023701023411,12.909248352050781,337900,0.0,0.0
1989-10-04 00:00:00-04:00,12.822023391723633,12.909248040646922,12.734798742800342,12.822023391723633,128400,0.0,0.0
1989-10-05 00:00:00-04:00,12.909248040646922,12.909248040646922,12.734798742800342,12.822023391723633,134200,0.0,0.0
1989-10-06 00:00:00-04:00,12.822023391723633,12.909248040646922,12.734798742800342,12.822023391723633,92400,0.0,0.0
1989-10-09 00:00:00-04:00,12.560343143857759,12.647567749023438,12.385893933526402,12.647567749023438,227300,0.0,0.0
1989-10-10 00:00:00-04:00,12.5603491509711,12.734798444734588,12.298675210325868,12.473124504089355,192700,0.0,0.0
1989-10-11 00:00:00-04:00,12.298672676086426,12.298672676086426,12.211448047178012,12.298672676086426,191200,0.0,0.0
1989-10-12 00:00:00-04:00,12.298676840692972,12.298676840692972,12.124227523803711,12.124227523803711,111400,0.0,0.0
1989-10-13 00:00:00-04:00,12.21144994099935,12.298674583435059,11.688102086385092,11.7753267288208,84200,0.0,0.0
1989-10-16 00:00:00-04:00,10.641406087733028,11.775326408557039,10.641406087733028,11.688101768493652,449900,0.0,0.0
1989-10-17 00:00:00-04:00,11.7753267288208,12.12422529856364,11.688102086385092,12.03700065612793,190900,0.0,0.0
1989-10-18 00:00:00-04:00,11.949776333921097,11.949776333921097,11.775327044374803,11.86255168914795,145700,0.0,0.0
1989-10-19 00:00:00-04:00,11.862551371256512,12.03700065612793,11.862551371256512,12.03700065612793,147500,0.0,0.0
1989-10-20 00:00:00-04:00,12.037000328747196,12.037000328747196,11.688101768493652,11.688101768493652,116500,0.0,0.0
1989-10-23 00:00:00-04:00,11.600880696223333,11.68810536311223,11.33920669555664,11.33920669555664,153300,0.0,0.0
1989-10-24 00:00:00-04:00,11.339209283045097,11.339209283045097,11.077535222667134,11.251984596252441,157200,0.0,0.0
1989-10-25 00:00:00-04:00,11.07753400504589,11.164758682250977,11.07753400504589,11.164758682250977,111200,0.0,0.0
1989-10-26 00:00:00-04:00,11.07753284515873,11.07753284515873,10.554184836726034,10.815858840942383,584900,0.0,0.0
1989-10-27 00:00:00-04:00,10.728631660586498,10.815856308233542,10.641407012939453,10.641407012939453,170400,0.0,0.0
1989-10-30 00:00:00-05:00,10.728633281613185,10.728633281613185,10.466959299134814,10.554183959960938,154400,0.0,0.0
1989-10-31 00:00:00-05:00,10.466959299134814,10.641408620787061,10.466959299134814,10.554183959960938,99500,0.0,0.0
1989-11-01 00:00:00-05:00,10.641407012939453,10.728631660586498,10.641407012939453,10.641407012939453,145600,0.0,0.0
1989-11-02 00:00:00-05:00,10.728631660586498,10.815856308233542,10.641407012939453,10.641407012939453,112100,0.0,0.0
1989-11-03 00:00:00-05:00,10.466957717645364,10.728631660586498,10.466957717645364,10.641407012939453,217600,0.0,0.0
1989-11-06 00:00:00-05:00,10.641407012939453,10.728631660586498,10.554182365292409,10.641407012939453,70600,0.0,0.0
1989-11-07 00:00:00-05:00,10.64140543123571,10.728630065917969,10.55418079655345,10.728630065917969,141800,0.0,0.0
1989-11-08 00:00:00-05:00,10.64140543123571,10.728630065917969,10.55418079655345,10.728630065917969,66700,0.0,0.0
1989-11-09 00:00:00-05:00,10.64140928586324,10.64140928586324,10.466959953308105,10.466959953308105,95000,0.0,0.0
1989-11-10 00:00:00-05:00,10.466959953308105,10.64140928586324,10.466959953308105,10.466959953308105,14300,0.0,0.0
1989-11-13 00:00:00-05:00,10.554183959960938,10.554183959960938,10.466959299134814,10.554183959960938,52900,0.0,0.0
1989-11-14 00:00:00-05:00,10.554182365292409,10.728631660586498,10.554182365292409,10.641407012939453,104600,0.0,0.0
1989-11-15 00:00:00-05:00,10.728630065917969,10.728630065917969,10.64140543123571,10.728630065917969,78700,0.0,0.0
1989-11-16 00:00:00-05:00,10.641407012939453,10.728631660586498,10.641407012939453,10.641407012939453,62100,0.0,0.0
1989-11-17 00:00:00-05:00,10.641407928466796,10.903081893920898,10.641407928466796,10.903081893920898,184600,0.0,0.0
1989-11-20 00:00:00-05:00,10.990308100782979,11.51365610558217,10.990308100782979,11.077532768249512,250600,0.0,0.0
1989-11-21 00:00:00-05:00,10.903083509014499,10.990308177086614,10.728634172870267,10.815858840942383,153300,0.0,0.0
1989-11-22 00:00:00-05:00,10.815854700600228,10.815854700600228,10.64140543123571,10.728630065917969,197700,0.0,0.0
1989-11-24 00:00:00-05:00,10.641407012939453,10.728631660586498,10.641407012939453,10.641407012939453,275100,0.0,0.0
1989-11-27 00:00:00-05:00,10.728631660586498,10.728631660586498,10.554182365292409,10.641407012939453,209300,0.0,0.0
1989-11-28 00:00:00-05:00,10.64140543123571,10.728630065917969,10.55418079655345,10.728630065917969,287900,0.0,0.0
1989-11-29 00:00:00-05:00,10.728631660586498,10.728631660586498,10.554182365292409,10.641407012939453,113600,0.0,0.0
1989-11-30 00:00:00-05:00,10.728631660586498,10.728631660586498,10.554182365292409,10.641407012939453,286800,0.0,0.0
1989-12-01 00:00:00-05:00,10.641408620787061,10.641408620787061,10.554183959960938,10.554183959960938,362700,0.0,0.0
1989-12-04 00:00:00-05:00,10.641407012939453,10.728631660586498,10.554182365292409,10.641407012939453,209800,0.0,0.0
1989-12-05 00:00:00-05:00,10.641408620787061,10.728633281613185,10.554183959960938,10.554183959960938,109700,0.0,0.0
1989-12-06 00:00:00-05:00,10.641407012939453,10.728631660586498,10.554182365292409,10.641407012939453,225500,0.0,0.0
1989-12-07 00:00:00-05:00,10.64140928586324,10.64140928586324,10.466959953308105,10.466959953308105,403900,0.0,0.0
1989-12-08 00:00:00-05:00,10.466957717645364,10.641407012939453,10.466957717645364,10.641407012939453,181900,0.0,0.0
1989-12-11 00:00:00-05:00,10.641407028967594,10.641407028967594,10.379733085632324,10.379733085632324,90700,0.0,0.0
1989-12-12 00:00:00-05:00,10.379733085632324,10.466957733410748,10.292508437853902,10.379733085632324,108900,0.0,0.0
1989-12-13 00:00:00-05:00,10.292509731064495,10.37973438980233,10.118060413588825,10.20528507232666,135900,0.0,0.0
1989-12-14 00:00:00-05:00,10.205283164978027,10.205283164978027,9.943609237670898,9.943609237670898,109500,0.0,0.0
1989-12-15 00:00:00-05:00,9.943610531943184,9.943610531943184,9.594711916787283,9.769161224365234,367200,0.0,0.0
1989-12-18 00:00:00-05:00,9.769160600142046,9.943609896573154,9.507486655495384,9.594711303710938,310900,0.0,0.0
1989-12-19 00:00:00-05:00,9.594713665190199,9.594713665190199,9.158590316772461,9.158590316772461,273700,0.0,0.0
1989-12-20 00:00:00-05:00,9.245812728026202,9.420262024781414,9.245812728026202,9.333037376403809,297300,0.0,0.0
1989-12-21 00:00:00-05:00,9.245812710848721,9.594711303710938,9.245812710848721,9.594711303710938,205400,0.0,0.0
1989-12-22 00:00:00-05:00,9.507485062987715,9.594709696593107,9.420260429382324,9.420260429382324,264500,0.0,0.0
1989-12-26 00:00:00-05:00,9.42026138305664,9.85638459523519,9.42026138305664,9.68193531036377,239500,0.0,0.0
1989-12-27 00:00:00-05:00,9.856388001606383,10.118062019348145,9.769163329025796,10.118062019348145,145300,0.0,0.0
1989-12-28 00:00:00-05:00,10.118058522542318,10.118058522542318,9.943609237670898,9.943609237670898,178800,0.0,0.0
1989-12-29 00:00:00-05:00,10.118060413588825,10.20528507232666,9.943611096113157,10.20528507232666,163800,0.0,0.0
1990-01-02 00:00:00-05:00,10.205286316952463,10.292510986328125,10.1180616475768,10.292510986328125,353700,0.0,0.0
1990-01-03 00:00:00-05:00,10.292508437853902,10.379733085632324,10.205283790075478,10.379733085632324,86900,0.0,0.0
1990-01-04 00:00:00-05:00,10.466957717645364,10.641407012939453,10.37973306999832,10.641407012939453,112500,0.0,0.0
1990-01-05 00:00:00-05:00,10.64140950479815,10.990308177086614,10.64140950479815,10.815858840942383,226700,0.0,0.0
1990-01-08 00:00:00-05:00,10.815858840942383,10.903083509014499,10.815858840942383,10.815858840942383,73000,0.0,0.0
1990-01-09 00:00:00-05:00,10.815858840942383,10.815858840942383,10.728634172870267,10.815858840942383,57600,0.0,0.0
1990-01-10 00:00:00-05:00,10.815858840942383,10.903083509014499,10.728634172870267,10.815858840942383,115000,0.0,0.0
1990-01-11 00:00:00-05:00,10.815856600564624,10.99030590057373,10.815856600564624,10.99030590057373,66300,0.0,0.0
1990-01-12 00:00:00-05:00,10.64140543123571,10.815854700600228,10.64140543123571,10.728630065917969,184900,0.0,0.0
1990-01-15 00:00:00-05:00,10.815854700600228,10.815854700600228,10.728630065917969,10.728630065917969,60400,0.0,0.0
1990-01-16 00:00:00-05:00,10.641407300555516,11.077530550578283,10.554182650550963,10.99030590057373,82600,0.0,0.0
1990-01-17 00:00:00-05:00,11.07753400504589,11.426432713866234,10.90308465063572,11.164758682250977,173400,0.0,0.0
1990-01-18 00:00:00-05:00,10.99030590057373,11.077530550578283,10.903081250569176,10.99030590057373,74500,0.0,0.0
1990-01-19 00:00:00-05:00,11.077530550578283,11.077530550578283,10.903081250569176,10.99030590057373,57200,0.0,0.0
1990-01-22 00:00:00-05:00,10.990305603527633,10.990305603527633,10.641407012939453,10.641407012939453,87100,0.0,0.0
1990-01-23 00:00:00-05:00,10.641407928466796,10.903081893920898,10.641407928466796,10.903081893920898,57700,0.0,0.0
1990-01-24 00:00:00-05:00,10.466957717645364,10.641407012939453,10.37973306999832,10.641407012939453,182900,0.0,0.0
1990-01-25 00:00:00-05:00,10.641408620787061,10.728633281613185,10.466959299134814,10.554183959960938,121700,0.0,0.0
1990-01-26 00:00:00-05:00,10.64140543123571,10.815854700600228,10.46695616187119,10.728630065917969,91800,0.0,0.0
1990-01-29 00:00:00-05:00,10.554183959960938,10.641408620787061,10.466959299134814,10.554183959960938,70500,0.0,0.0
1990-01-30 00:00:00-05:00,10.466960709670495,10.554185382251083,9.94361267418697,10.118062019348145,138800,0.0,0.0
1990-01-31 00:00:00-05:00,10.030837346767557,10.29251136450932,10.030837346767557,10.118062019348145,25400,0.0,0.0
1990-02-01 00:00:00-05:00,10.20528507232666,10.20528507232666,10.118060413588825,10.20528507232666,26100,0.0,0.0
1990-02-02 00:00:00-05:00,10.20528507232666,10.20528507232666,10.118060413588825,10.20528507232666,102000,0.0,0.0
1990-02-05 00:00:00-05:00,10.292510986328125,10.379735655703787,10.205286316952463,10.292510986328125,71200,0.0,0.0
1990-02-06 00:00:00-05:00,10.379733085632324,10.379733085632324,10.205283790075478,10.379733085632324,40200,0.0,0.0
1990-02-07 00:00:00-05:00,10.37973438980233,10.37973438980233,10.20528507232666,10.20528507232666,105800,0.0,0.0
1990-02-08 00:00:00-05:00,10.292508437853902,10.379733085632324,10.205283790075478,10.379733085632324,190100,0.0,0.0
1990-02-09 00:00:00-05:00,10.292508437853902,10.466957733410748,10.292508437853902,10.379733085632324,156000,0.0,0.0
1990-02-12 00:00:00-05:00,10.379735655703787,10.379735655703787,10.205286316952463,10.292510986328125,41100,0.0,0.0
1990-02-13 00:00:00-05:00,10.554183959960938,10.554183959960938,10.292509977482569,10.554183959960938,283500,0.0,0.0
1990-02-14 00:00:00-05:00,10.64140543123571,10.815854700600228,10.55418079655345,10.728630065917969,84500,0.0,0.0
1990-02-15 00:00:00-05:00,10.903083509014499,10.990308177086614,10.815858840942383,10.815858840942383,53300,0.0,0.0
1990-02-16 00:00:00-05:00,10.903081893920898,10.990306549072265,10.81585723876953,10.903081893920898,55900,0.0,0.0
1990-02-20 00:00:00-05:00,10.64140928586324,10.728633952140807,10.29251062075297,10.466959953308105,97200,0.0,0.0
1990-02-21 00:00:00-05:00,10.292508437853902,10.379733085632324,10.205283790075478,10.379733085632324,51900,0.0,0.0
1990-02-22 00:00:00-05:00,10.292510986328125,10.379735655703787,10.292510986328125,10.292510986328125,33500,0.0,0.0
1990-02-23 00:00:00-05:00,10.118062019348145,10.118062019348145,10.030837346767557,10.118062019348145,66600,0.0,0.0
1990-02-26 00:00:00-05:00,10.030835754850992,10.20528507232666,10.030835754850992,10.20528507232666,54400,0.0,0.0
1990-02-27 00:00:00-05:00,10.292509731064495,10.292509731064495,10.118060413588825,10.20528507232666,14200,0.0,0.0
1990-02-28 00:00:00-05:00,10.20528507232666,10.20528507232666,10.118060413588825,10.20528507232666,39700,0.0,0.0
1990-03-01 00:00:00-05:00,10.205286316952463,10.292510986328125,10.1180616475768,10.292510986328125,53900,0.0,0.0
1990-03-02 00:00:00-05:00,10.29251136450932,10.379736037089907,10.118062019348145,10.118062019348145,83700,0.0,0.0
1990-03-05 00:00:00-05:00,10.118060413588825,10.20528507232666,10.030835754850992,10.20528507232666,91800,0.0,0.0
1990-03-06 00:00:00-05:00,10.1180616475768,10.292510986328125,10.030836978201139,10.292510986328125,77800,0.0,0.0
1990-03-07 00:00:00-05:00,10.379733085632324,10.641407028967594,10.379733085632324,10.379733085632324,74000,0.0,0.0
1990-03-08 00:00:00-05:00,10.379735287030538,10.554184619585673,10.379735287030538,10.466959953308105,49200,0.0,0.0
1990-03-09 00:00:00-05:00,10.379734638308692,10.554183959960938,10.292509977482569,10.554183959960938,160500,0.0,0.0
1990-03-12 00:00:00-05:00,10.466959299134814,10.554183959960938,10.379734638308692,10.554183959960938,75800,0.0,0.0
1990-03-13 00:00:00-05:00,10.466959953308105,10.466959953308105,10.379735287030538,10.466959953308105,54300,0.0,0.0
1990-03-14 00:00:00-05:00,10.466959953308105,10.466959953308105,10.379735287030538,10.466959953308105,7400,0.0,0.0
1990-03-15 00:00:00-05:00,10.466959953308105,10.466959953308105,10.379735287030538,10.466959953308105,15500,0.0,0.0
1990-03-16 00:00:00-05:00,10.466959953308105,10.466959953308105,10.379735287030538,10.466959953308105,102100,0.0,0.0
1990-03-19 00:00:00-05:00,10.205285954475404,10.466959953308105,10.205285954475404,10.466959953308105,183100,0.0,0.0
1990-03-20 00:00:00-05:00,10.466959953308105,10.466959953308105,10.379735287030538,10.466959953308105,154300,0.0,0.0
1990-03-21 00:00:00-05:00,10.466957733410748,10.466957733410748,10.379733085632324,10.379733085632324,102900,0.0,0.0
1990-03-22 00:00:00-05:00,10.379735655703787,10.379735655703787,10.292510986328125,10.292510986328125,45300,0.0,0.0
1990-03-23 00:00:00-05:00,10.379733085632324,10.466957733410748,10.292508437853902,10.379733085632324,54700,0.0,0.0
1990-03-26 00:00:00-05:00,10.379735655703787,10.379735655703787,10.292510986328125,10.292510986328125,15700,0.0,0.0
1990-03-27 00:00:00-05:00,10.292509731064495,10.292509731064495,10.20528507232666,10.20528507232666,123800,0.0,0.0
1990-03-28 00:00:00-05:00,10.29251136450932,10.29251136450932,10.118062019348145,10.118062019348145,33100,0.0,0.0
1990-03-29 00:00:00-05:00,10.118062019348145,10.118062019348145,10.030837346767557,10.118062019348145,134500,0.0,0.0
1990-03-30 00:00:00-05:00,10.118060413588825,10.20528507232666,10.030835754850992,10.20528507232666,20700,0.0,0.0
1990-04-02 00:00:00-04:00,10.118059805165167,10.118059805165167,9.856385844686757,10.030835151672363,37500,0.0,0.0
1990-04-03 00:00:00-04:00,10.030835754850992,10.20528507232666,9.943611096113157,10.20528507232666,101400,0.0,0.0
1990-04-04 00:00:00-04:00,10.118062019348145,10.118062019348145,10.030837346767557,10.118062019348145,65100,0.0,0.0
1990-04-05 00:00:00-04:00,10.118058522542318,10.118058522542318,9.943609237670898,9.943609237670898,70000,0.0,0.0
1990-04-06 00:00:00-04:00,10.03083518573216,10.03083518573216,9.681936570576259,9.769161224365234,74200,0.0,0.0
1990-04-09 00:00:00-04:00,9.769161224365234,9.769161224365234,9.681936570576259,9.769161224365234,33400,0.0,0.0
1990-04-10 00:00:00-04:00,9.594709696593107,9.594709696593107,9.24581116217154,9.420260429382324,116300,0.0,0.0
1990-04-11 00:00:00-04:00,9.507486655495384,9.681935951926492,9.507486655495384,9.594711303710938,384200,0.0,0.0
1990-04-12 00:00:00-04:00,9.59471066792806,9.76915995279948,9.59471066792806,9.68193531036377,130100,0.0,0.0
1990-04-16 00:00:00-04:00,9.769161259362457,9.769161259362457,9.507487297058105,9.507487297058105,127200,0.0,0.0
1990-04-17 00:00:00-04:00,9.594711951159557,9.594711951159557,9.507487297058105,9.507487297058105,46800,0.0,0.0
1990-04-18 00:00:00-04:00,9.594709696593107,9.594709696593107,9.420260429382324,9.420260429382324,240500,0.0,0.0
1990-04-19 00:00:00-04:00,9.507487297058105,9.594711951159557,9.420262642956656,9.507487297058105,181500,0.0,0.0
1990-04-20 00:00:00-04:00,9.50748899550665,9.50748899550665,8.984140977405367,9.158590316772461,264500,0.0,0.0
1990-04-23 00:00:00-04:00,9.07136184093999,9.07136184093999,8.809687941682105,8.896912574768066,147600,0.0,0.0
1990-04-24 00:00:00-04:00,8.896916096753413,8.896916096753413,8.722466761522954,8.809691429138184,325200,0.0,0.0
1990-04-25 00:00:00-04:00,8.809690170288086,8.809690170288086,8.722465515136719,8.722465515136719,108300,0.0,0.0
1990-04-26 00:00:00-04:00,8.809690170288086,8.896914825439453,8.722465515136719,8.722465515136719,117400,0.0,0.0
1990-04-27 00:00:00-04:00,8.722466761522954,8.809691429138184,8.722466761522954,8.809691429138184,80400,0.0,0.0
1990-04-30 00:00:00-04:00,8.809692003194568,9.071366023091437,8.722467329895613,8.98414134979248,73000,0.0,0.0
1990-05-01 00:00:00-04:00,8.984140333139672,9.245814323425293,8.984140333139672,9.245814323425293,42800,0.0,0.0
1990-05-02 00:00:00-04:00,9.245812728026202,9.420262024781414,9.245812728026202,9.333037376403809,54500,0.0,0.0
1990-05-03 00:00:00-04:00,9.245814323425293,9.420263650282374,9.245814323425293,9.245814323425293,65700,0.0,0.0
1990-05-04 00:00:00-04:00,9.333037376403809,9.333037376403809,9.158588079648597,9.333037376403809,60200,0.0,0.0
1990-05-07 00:00:00-04:00,9.333035795776931,9.420260429382324,9.158586528566149,9.420260429382324,54200,0.0,0.0
1990-05-08 00:00:00-04:00,9.420262024781414,9.50748667315902,9.245812728026202,9.333037376403809,58300,0.0,0.0
1990-05-09 00:00:00-04:00,9.158588079648597,9.420262024781414,9.158588079648597,9.333037376403809,56800,0.0,0.0
1990-05-10 00:00:00-04:00,9.333035795776931,9.420260429382324,9.333035795776931,9.420260429382324,57300,0.0,0.0
1990-05-11 00:00:00-04:00,9.507486655495384,9.681935951926492,9.42026200727983,9.594711303710938,152300,0.0,0.0
1990-05-14 00:00:00-04:00,9.507486655495384,9.594711303710938,9.42026200727983,9.594711303710938,87400,0.0,0.0
1990-05-15 00:00:00-04:00,9.50748899550665,9.50748899550665,9.158590316772461,9.158590316772461,102600,0.0,0.0
1990-05-16 00:00:00-04:00,9.158589060489948,9.245813718208899,9.071364402770996,9.071364402770996,513300,0.0,0.0
1990-05-17 00:00:00-04:00,9.245814986456008,9.333039656139556,9.158590316772461,9.158590316772461,183900,0.0,0.0
1990-05-18 00:00:00-04:00,9.24581536968935,9.24581536968935,8.98414134979248,8.98414134979248,392400,0.0,0.0
1990-05-21 00:00:00-04:00,8.984139745052044,9.158589060489948,8.984139745052044,9.071364402770996,232400,0.0,0.0
1990-05-22 00:00:00-04:00,9.158588079648597,9.333037376403809,8.984138782893385,9.333037376403809,1352500,0.0,0.0
1990-05-23 00:00:00-04:00,9.158589659996753,9.245814323425293,9.158589659996753,9.245814323425293,117900,0.0,0.0
1990-05-24 00:00:00-04:00,9.333038986853834,9.333038986853834,9.158589659996753,9.245814323425293,64000,0.0,0.0
1990-05-25 00:00:00-04:00,9.245814323425293,9.245814323425293,9.158589659996753,9.245814323425293,142400,0.0,0.0
1990-05-29 00:00:00-04:00,9.245814323425293,9.245814323425293,9.158589659996753,9.245814323425293,44600,0.0,0.0
1990-05-30 00:00:00-04:00,9.245812728026202,9.333037376403809,9.245812728026202,9.333037376403809,135000,0.0,0.0
1990-05-31 00:00:00-04:00,9.333038986853834,9.333038986853834,9.158589659996753,9.245814323425293,95300,0.0,0.0
1990-06-01 00:00:00-04:00,9.158588079648597,9.333037376403809,9.158588079648597,9.333037376403809,86600,0.0,0.0
1990-06-04 00:00:00-04:00,9.333037376403809,9.333037376403809,9.245812728026202,9.333037376403809,78400,0.0,0.0
1990-06-05 00:00:00-04:00,9.42026200727983,9.769160600142046,9.333037359064276,9.594711303710938,252800,0.0,0.0
1990-06-06 00:00:00-04:00,9.681937119899652,10.20528507232666,9.681937119899652,10.20528507232666,342600,0.0,0.0
1990-06-07 00:00:00-04:00,10.20528225782441,10.903079335282488,10.20528225782441,10.728630065917969,142300,0.0,0.0
1990-06-08 00:00:00-04:00,10.815856308233542,10.815856308233542,10.641407012939453,10.641407012939453,102000,0.0,0.0
1990-06-11 00:00:00-04:00,10.554184619585673,10.554184619585673,10.379735287030538,10.466959953308105,28700,0.0,0.0
1990-06-12 00:00:00-04:00,10.466959953308105,10.64140928586324,10.29251062075297,10.466959953308105,164500,0.0,0.0
1990-06-13 00:00:00-04:00,10.641408620787061,10.728633281613185,10.554183959960938,10.554183959960938,211700,0.0,0.0
1990-06-14 00:00:00-04:00,10.641407012939453,10.641407012939453,10.466957717645364,10.641407012939453,87000,0.0,0.0
1990-06-15 00:00:00-04:00,10.554183959960938,10.554183959960938,10.205285316656445,10.554183959960938,154200,0.0,0.0
1990-06-18 00:00:00-04:00,10.55418238118917,10.55418238118917,10.379733085632324,10.379733085632324,27100,0.0,0.0
1990-06-19 00:00:00-04:00,10.46696032507945,10.46696032507945,10.292510986328125,10.292510986328125,68800,0.0,0.0
1990-06-20 00:00:00-04:00,10.29251136450932,10.379736037089907,10.118062019348145,10.118062019348145,34100,0.0,0.0
1990-06-21 00:00:00-04:00,10.118058522542318,10.205283164978027,9.85638459523519,9.943609237670898,88600,0.0,0.0
1990-06-22 00:00:00-04:00,9.94361049817956,10.118059805165167,9.94361049817956,10.030835151672363,89700,0.0,0.0
1990-06-25 00:00:00-04:00,10.030835151672363,10.030835151672363,9.94361049817956,10.030835151672363,80400,0.0,0.0
1990-06-26 00:00:00-04:00,10.030835151672363,10.118059805165167,10.030835151672363,10.030835151672363,15400,0.0,0.0
1990-06-27 00:00:00-04:00,10.030837346767557,10.205286691928732,10.030837346767557,10.118062019348145,112000,0.0,0.0
1990-06-28 00:00:00-04:00,10.118062019348145,10.205286691928732,10.118062019348145,10.118062019348145,65600,0.0,0.0
1990-06-29 00:00:00-04:00,10.205286316952463,10.292510986328125,10.205286316952463,10.292510986328125,28600,0.0,0.0
1990-07-02 00:00:00-04:00,10.292508437853902,10.379733085632324,10.205283790075478,10.379733085632324,126000,0.0,0.0
1990-07-03 00:00:00-04:00,10.379735287030538,10.554184619585673,10.29251062075297,10.466959953308105,131000,0.0,0.0
1990-07-05 00:00:00-04:00,10.379733085632324,10.379733085632324,10.292508437853902,10.379733085632324,30200,0.0,0.0
1990-07-06 00:00:00-04:00,10.292509731064495,10.292509731064495,10.118060413588825,10.20528507232666,146100,0.0,0.0
1990-07-09 00:00:00-04:00,10.20528507232666,10.20528507232666,10.030835754850992,10.20528507232666,83900,0.0,0.0
1990-07-10 00:00:00-04:00,10.205286691928732,10.205286691928732,10.030837346767557,10.118062019348145,163500,0.0,0.0
1990-07-11 00:00:00-04:00,10.118059805165167,10.118059805165167,10.030835151672363,10.030835151672363,245100,0.0,0.0
1990-07-12 00:00:00-04:00,10.030835151672363,10.030835151672363,9.94361049817956,10.030835151672363,133700,0.0,0.0
1990-07-13 00:00:00-04:00,9.943609237670898,10.03083388010661,9.85638459523519,9.943609237670898,89200,0.0,0.0
1990-07-16 00:00:00-04:00,9.943609879080173,9.943609879080173,9.856385231018066,9.856385231018066,60300,0.0,0.0
1990-07-17 00:00:00-04:00,9.856385231018066,9.943609879080173,9.856385231018066,9.856385231018066,120700,0.0,0.0
1990-07-18 00:00:00-04:00,9.856385844686757,10.030835151672363,9.856385844686757,10.030835151672363,210600,0.0,0.0
1990-07-19 00:00:00-04:00,10.030835151672363,10.030835151672363,9.94361049817956,10.030835151672363,96000,0.0,0.0
1990-07-20 00:00:00-04:00,10.030835151672363,10.118059805165167,10.030835151672363,10.030835151672363,55000,0.0,0.0
1990-07-23 00:00:00-04:00,9.943610531943184,9.943610531943184,9.681936570576259,9.769161224365234,231200,0.0,0.0
1990-07-24 00:00:00-04:00,9.681935951926492,9.681935951926492,9.594711303710938,9.594711303710938,89300,0.0,0.0
1990-07-25 00:00:00-04:00,9.681935951926492,9.769160600142046,9.594711303710938,9.594711303710938,47900,0.0,0.0
1990-07-26 00:00:00-04:00,9.594711951159557,9.681936605261008,9.420262642956656,9.507487297058105,89200,0.0,0.0
1990-07-27 00:00:00-04:00,9.507485062987715,9.507485062987715,9.420260429382324,9.420260429382324,66900,0.0,0.0
1990-07-30 00:00:00-04:00,9.333038986853834,9.333038986853834,9.245814323425293,9.245814323425293,69000,0.0,0.0
1990-07-31 00:00:00-04:00,9.333039656139556,9.333039656139556,9.158590316772461,9.158590316772461,55500,0.0,0.0
1990-08-01 00:00:00-04:00,9.158589060489948,9.245813718208899,9.071364402770996,9.071364402770996,125800,0.0,0.0
1990-08-02 00:00:00-04:00,9.071365431983873,9.071365431983873,8.809691429138184,8.809691429138184,157500,0.0,0.0
1990-08-03 00:00:00-04:00,8.722466537632894,8.722466537632894,8.373567876127577,8.460792541503906,430500,0.0,0.0
1990-08-06 00:00:00-04:00,8.111892389214557,8.19911703856095,7.9374430905217706,8.024667739868164,18300,0.0,0.0
1990-08-07 00:00:00-04:00,8.19911703856095,8.19911703856095,8.024667739868164,8.024667739868164,139100,0.0,0.0
1990-08-08 00:00:00-04:00,8.02466956690738,8.286343574523926,8.02466956690738,8.286343574523926,160700,0.0,0.0
1990-08-09 00:00:00-04:00,8.286343574523926,8.286343574523926,8.19911890531841,8.286343574523926,91800,0.0,0.0
1990-08-10 00:00:00-04:00,8.199117352885585,8.286342005575856,8.02466804750504,8.111892700195312,54400,0.0,0.0
1990-08-13 00:00:00-04:00,8.02466804750504,8.111892700195312,8.02466804750504,8.111892700195312,161000,0.0,0.0
1990-08-14 00:00:00-04:00,8.024667739868164,8.111892389214557,7.9374430905217706,8.024667739868164,174600,0.0,0.0
1990-08-15 00:00:00-04:00,8.111892700195312,8.199117352885585,8.02466804750504,8.111892700195312,163400,0.0,0.0
1990-08-16 00:00:00-04:00,8.024667425470039,8.11189207139906,7.937442779541016,7.937442779541016,313400,0.0,0.0
1990-08-17 00:00:00-04:00,7.85021683265423,7.85021683265423,7.588542938232422,7.588542938232422,137700,0.0,0.0
1990-08-20 00:00:00-04:00,7.50132315499442,7.50132315499442,7.326873779296875,7.326873779296875,174900,0.0,0.0
1990-08-21 00:00:00-04:00,7.239649091448103,7.414098467145648,7.239649091448103,7.326873779296875,72500,0.0,0.0
1990-08-22 00:00:00-04:00,7.326873779296875,7.414098467145648,7.239649091448103,7.326873779296875,134200,0.0,0.0
1990-08-23 00:00:00-04:00,7.239646336971185,7.239646336971185,6.803523063659668,6.803523063659668,290300,0.0,0.0
1990-08-24 00:00:00-04:00,6.977974220558449,7.152423576072411,6.890749542801469,7.06519889831543,121400,0.0,0.0
1990-08-27 00:00:00-04:00,7.326869160295969,7.326869160295969,7.152419894574637,7.239644527435303,36100,0.0,0.0
1990-08-28 00:00:00-04:00,7.239648057193291,7.239648057193291,6.977974031029678,7.15242338180542,182900,0.0,0.0
1990-08-29 00:00:00-04:00,7.065195261713971,7.326869160295969,7.065195261713971,7.239644527435303,194800,0.0,0.0
1990-08-30 00:00:00-04:00,7.15242338180542,7.239648057193291,7.15242338180542,7.15242338180542,28900,0.0,0.0
1990-08-31 00:00:00-04:00,7.152423576072411,7.152423576072411,7.06519889831543,7.06519889831543,254400,0.0,0.0
1990-09-04 00:00:00-04:00,6.97797155380249,7.0651961982250215,6.97797155380249,6.97797155380249,366500,0.0,0.0
1990-09-05 00:00:00-04:00,7.0651961982250215,7.0651961982250215,6.890746909379959,6.97797155380249,401900,0.0,0.0
1990-09-06 00:00:00-04:00,6.977972199645224,6.977972199645224,6.890747547149658,6.890747547149658,18700,0.0,0.0
1990-09-07 00:00:00-04:00,6.977974220558449,7.152423576072411,6.977974220558449,7.06519889831543,90900,0.0,0.0
1990-09-10 00:00:00-04:00,7.06519889831543,7.152423576072411,7.06519889831543,7.06519889831543,166400,0.0,0.0
1990-09-11 00:00:00-04:00,7.065195261713971,7.239644527435303,6.890745995992638,7.239644527435303,965200,0.0,0.0
1990-09-12 00:00:00-04:00,7.239649091448103,7.326873779296875,7.152424403599331,7.326873779296875,590600,0.0,0.0
1990-09-13 00:00:00-04:00,7.239649091448103,7.414098467145648,7.239649091448103,7.326873779296875,258700,0.0,0.0
1990-09-14 00:00:00-04:00,7.588544047280643,7.93744262416711,7.588544047280643,7.762993335723877,254200,0.0,0.0
1990-09-17 00:00:00-04:00,7.762993791828984,8.024667739868164,7.675769142482591,8.024667739868164,293800,0.0,0.0
1990-09-18 00:00:00-04:00,7.9374430905217706,8.111892389214557,7.850218441175377,8.024667739868164,173700,0.0,0.0
1990-09-19 00:00:00-04:00,8.024667591518826,8.024667591518826,7.8502182960510245,7.850218296051025,267500,0.0,0.0
1990-09-20 00:00:00-04:00,7.8502182960510245,7.8502182960510245,7.762993648317124,7.850218296051025,104100,0.0,0.0
1990-09-21 00:00:00-04:00,7.937441464128166,7.937441464128166,7.5013183067584865,7.588542938232422,223800,0.0,0.0
1990-09-24 00:00:00-04:00,7.675769672837368,7.675769672837368,7.414095706717912,7.5013203620910645,196400,0.0,0.0
1990-09-25 00:00:00-04:00,7.414098467145648,7.414098467145648,7.239649091448103,7.326873779296875,163100,0.0,0.0
1990-09-26 00:00:00-04:00,7.239649091448103,7.326873779296875,7.152424403599331,7.326873779296875,337400,0.0,0.0
1990-09-27 00:00:00-04:00,7.414098467145648,7.414098467145648,7.152424403599331,7.326873779296875,228600,0.0,0.0
1990-09-28 00:00:00-04:00,7.326872732581162,7.326872732581162,7.065198706417549,7.15242338180542,115100,0.0,0.0
1990-10-01 00:00:00-04:00,7.152424403599331,7.326873779296875,7.152424403599331,7.326873779296875,219200,0.0,0.0
1990-10-02 00:00:00-04:00,7.326871692433077,7.501321018443388,7.326871692433077,7.414096355438232,202700,0.0,0.0
1990-10-03 00:00:00-04:00,7.414096355438232,7.588545681448544,7.414096355438232,7.414096355438232,63700,0.0,0.0
1990-10-04 00:00:00-04:00,7.414096355438232,7.501321018443388,7.414096355438232,7.414096355438232,43700,0.0,0.0
1990-10-05 00:00:00-04:00,7.32687105134476,7.588545017464217,7.239646395971609,7.5013203620910645,204700,0.0,0.0
1990-10-08 00:00:00-04:00,7.675770344453699,7.675770344453699,7.414096355438232,7.414096355438232,90400,0.0,0.0
1990-10-09 00:00:00-04:00,7.414098467145648,7.414098467145648,7.326873779296875,7.326873779296875,82900,0.0,0.0
1990-10-10 00:00:00-04:00,7.326870991633489,7.326870991633489,6.803523063659668,6.803523063659668,817800,0.0,0.0
1990-10-11 00:00:00-04:00,6.803523063659668,6.803523063659668,6.716298408997364,6.803523063659668,205500,0.0,0.0
1990-10-12 00:00:00-04:00,6.890749542801469,7.06519889831543,6.803524865044488,7.06519889831543,230600,0.0,0.0
1990-10-15 00:00:00-04:00,7.065198706417549,7.15242338180542,6.977974031029678,7.15242338180542,48100,0.0,0.0
1990-10-16 00:00:00-04:00,7.152420842647552,7.239645487070083,6.97797155380249,6.97797155380249,46200,0.0,0.0
1990-10-17 00:00:00-04:00,6.977974239148592,6.977974239148592,6.541850849201805,6.629075527191162,586100,0.0,0.0
1990-10-18 00:00:00-04:00,6.541850849201805,6.71630020518052,6.541850849201805,6.629075527191162,997900,0.0,0.0
1990-10-19 00:00:00-04:00,6.71630020518052,6.71630020518052,6.629075527191162,6.629075527191162,137300,0.0,0.0
1990-10-22 00:00:00-04:00,6.71630020518052,6.71630020518052,6.629075527191162,6.629075527191162,89600,0.0,0.0
1990-10-23 00:00:00-04:00,6.629072825113933,6.629072825113933,6.541848182678223,6.541848182678223,344500,0.0,0.0
1990-10-24 00:00:00-04:00,6.541848182678223,6.541848182678223,6.541848182678223,6.541848182678223,270900,0.0,0.0
1990-10-25 00:00:00-04:00,6.629075527191162,6.71630020518052,6.629075527191162,6.629075527191162,134000,0.0,0.0
1990-10-26 00:00:00-04:00,6.629073923284357,6.716298580169678,6.629073923284357,6.716298580169678,27300,0.0,0.0
1990-10-29 00:00:00-05:00,6.716298580169678,6.716298580169678,6.629073923284357,6.716298580169678,129700,0.0,0.0
1990-10-30 00:00:00-05:00,6.629075527191162,6.71630020518052,6.629075527191162,6.629075527191162,92000,0.0,0.0
1990-10-31 00:00:00-05:00,6.629075527191162,6.629075527191162,6.629075527191162,6.629075527191162,120700,0.0,0.0
1990-11-01 00:00:00-05:00,6.7162974675496425,6.7162974675496425,6.541848182678223,6.541848182678223,125900,0.0,0.0
1990-11-02 00:00:00-05:00,6.541850849201805,6.629075527191162,6.541850849201805,6.629075527191162,277500,0.0,0.0
1990-11-05 00:00:00-05:00,6.629073478080131,6.629073478080131,6.367399524998021,6.454624176025391,454700,0.0,0.0
1990-11-06 00:00:00-05:00,6.367398897806804,6.541848182678223,6.367398897806804,6.541848182678223,225400,0.0,0.0
1990-11-07 00:00:00-05:00,6.454623540242514,6.629072825113933,6.454623540242514,6.541848182678223,444000,0.0,0.0
1990-11-08 00:00:00-05:00,6.541848182678223,6.629072825113933,6.541848182678223,6.541848182678223,42600,0.0,0.0
1990-11-09 00:00:00-05:00,6.541848182678223,6.629072825113933,6.541848182678223,6.541848182678223,77400,0.0,0.0
1990-11-12 00:00:00-05:00,6.629075527191162,6.71630020518052,6.629075527191162,6.629075527191162,842900,0.0,0.0
1990-11-13 00:00:00-05:00,6.629072825113933,6.629072825113933,6.541848182678223,6.541848182678223,90200,0.0,0.0
1990-11-14 00:00:00-05:00,6.541849266399037,6.716298580169678,6.541849266399037,6.716298580169678,20500,0.0,0.0
1990-11-15 00:00:00-05:00,6.629075527191162,6.71630020518052,6.541850849201805,6.629075527191162,383600,0.0,0.0
1990-11-16 00:00:00-05:00,6.629075527191162,6.71630020518052,6.629075527191162,6.629075527191162,88200,0.0,0.0
1990-11-19 00:00:00-05:00,6.629075527191162,6.71630020518052,6.629075527191162,6.629075527191162,34700,0.0,0.0
1990-11-20 00:00:00-05:00,6.71630020518052,6.71630020518052,6.629075527191162,6.629075527191162,93700,0.0,0.0
1990-11-21 00:00:00-05:00,6.629075527191162,6.71630020518052,6.629075527191162,6.629075527191162,329500,0.0,0.0
1990-11-23 00:00:00-05:00,6.71630020518052,6.71630020518052,6.629075527191162,6.629075527191162,11400,0.0,0.0
1990-11-26 00:00:00-05:00,6.629073923284357,6.716298580169678,6.629073923284357,6.716298580169678,135200,0.0,0.0
1990-11-27 00:00:00-05:00,6.6290755095305265,7.152423576072411,6.6290755095305265,7.06519889831543,99800,0.0,0.0
1990-11-28 00:00:00-05:00,7.152423576072411,7.152423576072411,6.890749542801469,7.06519889831543,112600,0.0,0.0
1990-11-29 00:00:00-05:00,6.97797155380249,7.0651961982250215,6.890746909379959,6.97797155380249,93300,0.0,0.0
1990-11-30 00:00:00-05:00,6.97797155380249,7.0651961982250215,6.890746909379959,6.97797155380249,140200,0.0,0.0
1990-12-03 00:00:00-05:00,6.977972199645224,7.065196852140789,6.890747547149658,6.890747547149658,103000,0.0,0.0
1990-12-04 00:00:00-05:00,6.803522894654093,6.890747547149658,6.803522894654093,6.890747547149658,63100,0.0,0.0
1990-12-05 00:00:00-05:00,6.803522894654093,6.890747547149658,6.803522894654093,6.890747547149658,179200,0.0,0.0
1990-12-06 00:00:00-05:00,6.97797155380249,7.0651961982250215,6.97797155380249,6.97797155380249,289800,0.0,0.0
1990-12-07 00:00:00-05:00,6.977974031029678,7.15242338180542,6.977974031029678,7.15242338180542,317100,0.0,0.0
1990-12-10 00:00:00-05:00,7.065195261713971,7.326869160295969,7.065195261713971,7.239644527435303,300000,0.0,0.0
1990-12-11 00:00:00-05:00,7.239647029427921,7.414096355438232,7.239647029427921,7.414096355438232,125000,0.0,0.0
1990-12-12 00:00:00-05:00,7.414095706717912,7.5013203620910645,7.32687105134476,7.5013203620910645,207100,0.0,0.0
1990-12-13 00:00:00-05:00,7.414095706717912,7.588545017464217,7.414095706717912,7.5013203620910645,58000,0.0,0.0
1990-12-14 00:00:00-05:00,7.588545017464217,7.588545017464217,7.414095706717912,7.5013203620910645,35000,0.0,0.0
1990-12-17 00:00:00-05:00,7.501319843789805,8.024667739868164,7.501319843789805,8.024667739868164,45100,0.0,0.0
1990-12-18 00:00:00-05:00,8.111892389214557,8.373566337253736,8.024667739868164,8.024667739868164,200800,0.0,0.0
1990-12-19 00:00:00-05:00,8.02466804750504,8.111892700195312,7.937443394814768,8.111892700195312,151200,0.0,0.0
1990-12-20 00:00:00-05:00,7.937441464128166,7.937441464128166,7.5013183067584865,7.588542938232422,116200,0.0,0.0
1990-12-21 00:00:00-05:00,7.588545681448544,7.675770344453699,7.414096355438232,7.414096355438232,39300,0.0,0.0
1990-12-24 00:00:00-05:00,7.414098467145648,7.50132315499442,7.326873779296875,7.326873779296875,62100,0.0,0.0
1990-12-26 00:00:00-05:00,7.32687105134476,7.5013203620910645,7.32687105134476,7.5013203620910645,113500,0.0,0.0
1990-12-27 00:00:00-05:00,7.588542938232422,7.762992201180294,7.5013183067584865,7.588542938232422,141700,0.0,0.0
1990-12-28 00:00:00-05:00,7.588545681448544,7.588545681448544,7.414096355438232,7.414096355438232,134100,0.0,0.0
1990-12-31 00:00:00-05:00,7.326871692433077,7.414096355438232,7.326871692433077,7.414096355438232,79200,0.0,0.0
1991-01-02 00:00:00-05:00,7.414096355438232,7.501321018443388,7.326871692433077,7.414096355438232,8600,0.0,0.0
1991-01-03 00:00:00-05:00,7.414096355438232,7.414096355438232,7.326871692433077,7.414096355438232,68700,0.0,0.0
1991-01-04 00:00:00-05:00,7.414096355438232,7.414096355438232,7.326871692433077,7.414096355438232,36400,0.0,0.0
1991-01-07 00:00:00-05:00,7.326873779296875,7.414098467145648,7.326873779296875,7.326873779296875,157700,0.0,0.0
1991-01-08 00:00:00-05:00,7.239644527435303,7.326869160295969,7.152419894574637,7.239644527435303,188700,0.0,0.0
1991-01-09 00:00:00-05:00,7.239644527435303,7.326869160295969,7.239644527435303,7.239644527435303,110800,0.0,0.0
1991-01-10 00:00:00-05:00,7.326873779296875,7.414098467145648,7.326873779296875,7.326873779296875,86600,0.0,0.0
1991-01-11 00:00:00-05:00,7.326873779296875,7.326873779296875,7.239649091448103,7.326873779296875,44100,0.0,0.0
1991-01-14 00:00:00-05:00,7.152424403599331,7.326873779296875,7.152424403599331,7.326873779296875,57000,0.0,0.0
1991-01-15 00:00:00-05:00,7.239648057193291,7.239648057193291,7.15242338180542,7.15242338180542,40100,0.0,0.0
1991-01-16 00:00:00-05:00,7.239649091448103,7.326873779296875,7.239649091448103,7.326873779296875,45900,0.0,0.0
1991-01-17 00:00:00-05:00,7.501321018443388,7.501321018443388,7.326871692433077,7.414096355438232,206500,0.0,0.0
1991-01-18 00:00:00-05:00,7.414095706717912,7.5013203620910645,7.414095706717912,7.5013203620910645,73000,0.0,0.0
1991-01-21 00:00:00-05:00,7.501321018443388,7.501321018443388,7.414096355438232,7.414096355438232,39700,0.0,0.0
1991-01-22 00:00:00-05:00,7.501321018443388,7.588545681448544,7.239647029427921,7.414096355438232,305100,0.0,0.0
1991-01-23 00:00:00-05:00,7.326873779296875,7.326873779296875,7.239649091448103,7.326873779296875,415300,0.0,0.0
1991-01-24 00:00:00-05:00,7.414096295833588,7.762994945049286,7.326871633529663,7.675770282745361,949200,0.0,0.0
1991-01-25 00:00:00-05:00,7.67576869150226,8.024667268388725,7.67576869150226,7.762993335723877,288300,0.0,0.0
1991-01-28 00:00:00-05:00,7.762993335723877,7.762993335723877,7.67576869150226,7.762993335723877,219000,0.0,0.0
1991-01-29 00:00:00-05:00,7.762993648317124,7.8502182960510245,7.675769000583224,7.850218296051025,239100,0.0,0.0
1991-01-30 00:00:00-05:00,7.850218742124495,8.111892700195312,7.850218742124495,8.111892700195312,246100,0.0,0.0
1991-01-31 00:00:00-05:00,8.111894236112896,8.286343574523926,8.111894236112896,8.286343574523926,74000,0.0,0.0
1991-02-01 00:00:00-05:00,8.286342861676458,8.635241508483887,8.286342861676458,8.635241508483887,483000,0.0,0.0
1991-02-04 00:00:00-05:00,8.635242656596656,9.158590696390393,8.635242656596656,8.98414134979248,317300,0.0,0.0
1991-02-05 00:00:00-05:00,9.071365431983873,9.071365431983873,8.809691429138184,8.809691429138184,101300,0.0,0.0
1991-02-06 00:00:00-05:00,8.896916676493525,8.98414134979248,8.809692003194568,8.98414134979248,177900,0.0,0.0
1991-02-07 00:00:00-05:00,8.98414134979248,9.071366023091437,8.98414134979248,8.98414134979248,274400,0.0,0.0
1991-02-08 00:00:00-05:00,8.98414134979248,9.071366023091437,8.98414134979248,8.98414134979248,161000,0.0,0.0
1991-02-11 00:00:00-05:00,9.158588062633168,9.594711303710938,9.158588062633168,9.594711303710938,193000,0.0,0.0
1991-02-12 00:00:00-05:00,9.594711951159557,9.594711951159557,9.333037988855205,9.507487297058105,113400,0.0,0.0
1991-02-13 00:00:00-05:00,9.420262609209333,9.769161224365234,9.420262609209333,9.769161224365234,168600,0.0,0.0
1991-02-14 00:00:00-05:00,9.769160582955958,9.943609879080173,9.681935934893852,9.856385231018066,184700,0.0,0.0
1991-02-15 00:00:00-05:00,9.85638459523519,9.85638459523519,9.68193531036377,9.68193531036377,103100,0.0,0.0
1991-02-19 00:00:00-05:00,9.594709696593107,9.594709696593107,9.420260429382324,9.420260429382324,42600,0.0,0.0
1991-02-20 00:00:00-05:00,9.333038986853834,9.420263650282374,9.158589659996753,9.245814323425293,38300,0.0,0.0
1991-02-21 00:00:00-05:00,9.245813334753754,9.594711951159557,9.245813334753754,9.507487297058105,73700,0.0,0.0
1991-02-22 00:00:00-05:00,9.507487297058105,9.507487297058105,9.158588680652304,9.507487297058105,40100,0.0,0.0
1991-02-25 00:00:00-05:00,9.50748899550665,9.50748899550665,9.158590316772461,9.158590316772461,49700,0.0,0.0
1991-02-26 00:00:00-05:00,9.158590316772461,9.245814986456008,9.071365647088914,9.158590316772461,87900,0.0,0.0
1991-02-27 00:00:00-05:00,9.158589659996753,9.245814323425293,9.071364996568212,9.245814323425293,39300,0.0,0.0
1991-02-28 00:00:00-05:00,9.158590316772461,9.158590316772461,9.071365647088914,9.158590316772461,306700,0.0,0.0
1991-03-01 00:00:00-05:00,9.158590696390393,9.158590696390393,8.98414134979248,8.98414134979248,152900,0.0,0.0
1991-03-04 00:00:00-05:00,8.896915087333092,9.158589060489948,8.896915087333092,9.071364402770996,133400,0.0,0.0
1991-03-05 00:00:00-05:00,9.071361894960756,9.507485062987715,9.071361894960756,9.420260429382324,182300,0.0,0.0
1991-03-06 00:00:00-05:00,9.420262642956656,9.507487297058105,9.333037988855205,9.507487297058105,320400,0.0,0.0
1991-03-07 00:00:00-05:00,9.42026200727983,9.594711303710938,9.42026200727983,9.594711303710938,152600,0.0,0.0
1991-03-08 00:00:00-05:00,9.681935951926492,9.681935951926492,9.507486655495384,9.594711303710938,105400,0.0,0.0
1991-03-11 00:00:00-05:00,9.68193531036377,9.76915995279948,9.59471066792806,9.68193531036377,30800,0.0,0.0
1991-03-12 00:00:00-05:00,9.59471066792806,9.76915995279948,9.59471066792806,9.68193531036377,71300,0.0,0.0
1991-03-13 00:00:00-05:00,9.59471066792806,9.68193531036377,9.59471066792806,9.68193531036377,19500,0.0,0.0
1991-03-14 00:00:00-05:00,9.681936570576259,9.769161224365234,9.681936570576259,9.769161224365234,114200,0.0,0.0
1991-03-15 00:00:00-05:00,9.769160600142046,9.769160600142046,9.594711303710938,9.594711303710938,62000,0.0,0.0
1991-03-18 00:00:00-05:00,9.507487297058105,9.507487297058105,9.507487297058105,9.507487297058105,17000,0.0,0.0
1991-03-19 00:00:00-05:00,9.158590316772461,9.333039656139556,9.158590316772461,9.158590316772461,44900,0.0,0.0
1991-03-20 00:00:00-05:00,9.245814986456008,9.245814986456008,9.071365647088914,9.158590316772461,168700,0.0,0.0
1991-03-21 00:00:00-05:00,9.071366023091437,9.24581536968935,8.896916676493525,8.98414134979248,126400,0.0,0.0
1991-03-22 00:00:00-05:00,8.896916096753413,8.896916096753413,8.722466761522954,8.809691429138184,88300,0.0,0.0
1991-03-25 00:00:00-05:00,8.722466761522954,8.896916096753413,8.722466761522954,8.809691429138184,66400,0.0,0.0
1991-03-26 00:00:00-05:00,8.635238675510182,8.896912574768066,8.635238675510182,8.896912574768066,210000,0.0,0.0
1991-03-27 00:00:00-05:00,8.896914825439453,8.896914825439453,8.722465515136719,8.722465515136719,159500,0.0,0.0
1991-03-28 00:00:00-05:00,8.722465515136719,8.722465515136719,8.548016204833983,8.722465515136719,135800,0.0,0.0
1991-04-01 00:00:00-05:00,8.722467329895613,8.98414134979248,8.635242656596656,8.98414134979248,114800,0.0,0.0
1991-04-02 00:00:00-05:00,8.984140977405367,9.158590316772461,8.984140977405367,9.158590316772461,171100,0.0,0.0
1991-04-03 00:00:00-05:00,9.158586528566149,9.420260429382324,9.158586528566149,9.420260429382324,58300,0.0,0.0
1991-04-04 00:00:00-05:00,9.245814986456008,9.333039656139556,9.071365647088914,9.158590316772461,101300,0.0,0.0
1991-04-05 00:00:00-05:00,9.245813718208899,9.245813718208899,9.071364402770996,9.071364402770996,38300,0.0,0.0
1991-04-08 00:00:00-04:00,9.071366023091437,9.071366023091437,8.896916676493525,8.98414134979248,39100,0.0,0.0
1991-04-09 00:00:00-04:00,8.984137207854028,8.984137207854028,8.896912574768066,8.896912574768066,26500,0.0,0.0
1991-04-10 00:00:00-04:00,8.896916096753413,8.896916096753413,8.809691429138184,8.809691429138184,42200,0.0,0.0
1991-04-11 00:00:00-04:00,8.722465515136719,8.809690170288086,8.460791549682616,8.722465515136719,122700,0.0,0.0
1991-04-12 00:00:00-04:00,8.809690170288086,8.809690170288086,8.63524085998535,8.722465515136719,241800,0.0,0.0
1991-04-15 00:00:00-04:00,8.722463308596144,8.896912574768066,8.722463308596144,8.896912574768066,139200,0.0,0.0
1991-04-16 00:00:00-04:00,8.809689486138174,9.420262024781414,8.809689486138174,9.333037376403809,239700,0.0,0.0
1991-04-17 00:00:00-04:00,9.245814323425293,9.333038986853834,9.245814323425293,9.245814323425293,132300,0.0,0.0
1991-04-18 00:00:00-04:00,9.333040042988305,9.333040042988305,8.896916676493525,8.98414134979248,89700,0.0,0.0
1991-04-19 00:00:00-04:00,8.896912574768066,8.984137207854028,8.809687941682105,8.896912574768066,81200,0.0,0.0
1991-04-22 00:00:00-04:00,8.896912574768066,8.896912574768066,8.635238675510182,8.896912574768066,80200,0.0,0.0
1991-04-23 00:00:00-04:00,8.896916676493525,9.071366023091437,8.896916676493525,8.98414134979248,150000,0.0,0.0
1991-04-24 00:00:00-04:00,8.984140764368643,8.984140764368643,8.722466761522954,8.809691429138184,110100,0.0,0.0
1991-04-25 00:00:00-04:00,8.809691429138184,8.809691429138184,8.635242093907724,8.809691429138184,22800,0.0,0.0
1991-04-26 00:00:00-04:00,8.635241206811399,8.635241206811399,8.460791889502078,8.548016548156738,197800,0.0,0.0
1991-04-29 00:00:00-04:00,8.548016548156738,8.548016548156738,8.460791889502078,8.548016548156738,88300,0.0,0.0
1991-04-30 00:00:00-04:00,8.635241206811399,8.635241206811399,8.548016548156738,8.548016548156738,9200,0.0,0.0
1991-05-01 00:00:00-04:00,8.635241508483887,8.635241508483887,8.54801684678203,8.635241508483887,150400,0.0,0.0
1991-05-02 00:00:00-04:00,8.548017206880235,8.635241872256564,8.460792541503906,8.460792541503906,274500,0.0,0.0
1991-05-03 00:00:00-04:00,8.460794170697529,8.460794170697529,8.19912012418111,8.37356948852539,373000,0.0,0.0
1991-05-06 00:00:00-04:00,8.460794170697529,8.460794170697529,8.37356948852539,8.37356948852539,16500,0.0,0.0
1991-05-07 00:00:00-04:00,8.373567523378314,8.635241508483887,8.373567523378314,8.635241508483887,132300,0.0,0.0
1991-05-08 00:00:00-04:00,8.548016548156738,8.635241206811399,8.548016548156738,8.548016548156738,78700,0.0,0.0
1991-05-09 00:00:00-04:00,8.635242093907724,8.809691429138184,8.635242093907724,8.809691429138184,147400,0.0,0.0
1991-05-10 00:00:00-04:00,8.722466170185744,8.722466170185744,8.460792185080171,8.635241508483887,86100,0.0,0.0
1991-05-13 00:00:00-04:00,8.548016548156738,8.548016548156738,8.373567230847417,8.548016548156738,9800,0.0,0.0
1991-05-14 00:00:00-04:00,8.5480179832977,8.98414134979248,8.5480179832977,8.98414134979248,96300,0.0,0.0
1991-05-15 00:00:00-04:00,9.07136184093999,9.07136184093999,8.896912574768066,8.896912574768066,99500,0.0,0.0
1991-05-16 00:00:00-04:00,8.54801684678203,8.896915493589459,8.54801684678203,8.635241508483887,111500,0.0,0.0
1991-05-17 00:00:00-04:00,8.809687941682105,8.896912574768066,8.809687941682105,8.896912574768066,16500,0.0,0.0
1991-05-20 00:00:00-04:00,8.896916676493525,8.98414134979248,8.896916676493525,8.98414134979248,8600,0.0,0.0
1991-05-21 00:00:00-04:00,8.896916676493525,8.98414134979248,8.896916676493525,8.98414134979248,24300,0.0,0.0
1991-05-22 00:00:00-04:00,8.809692003194568,8.98414134979248,8.809692003194568,8.98414134979248,184300,0.0,0.0
1991-05-23 00:00:00-04:00,9.071361894960756,9.420260429382324,9.071361894960756,9.420260429382324,367800,0.0,0.0
1991-05-24 00:00:00-04:00,9.245812728026202,9.420262024781414,9.245812728026202,9.333037376403809,243800,0.0,0.0
1991-05-28 00:00:00-04:00,9.158588079648597,9.333037376403809,9.158588079648597,9.333037376403809,109600,0.0,0.0
1991-05-29 00:00:00-04:00,9.245812728026202,9.420262024781414,9.245812728026202,9.333037376403809,383900,0.0,0.0
1991-05-30 00:00:00-04:00,9.333037359064276,9.769160600142046,9.333037359064276,9.594711303710938,265500,0.0,0.0
1991-05-31 00:00:00-04:00,9.76915995279948,9.943609237670898,9.76915995279948,9.943609237670898,354400,0.0,0.0
1991-06-03 00:00:00-04:00,9.94360984674021,10.379733085632324,9.94360984674021,10.379733085632324,316800,0.0,0.0
1991-06-04 00:00:00-04:00,10.379733085632324,10.379733085632324,10.292508437853902,10.379733085632324,55900,0.0,0.0
1991-06-05 00:00:00-04:00,10.379736037089907,10.379736037089907,10.118062019348145,10.118062019348145,54900,0.0,0.0
1991-06-06 00:00:00-04:00,10.030834494518633,10.379733085632324,9.94360984674021,10.379733085632324,244500,0.0,0.0
1991-06-07 00:00:00-04:00,10.379733085632324,10.379733085632324,10.292508437853902,10.379733085632324,114400,0.0,0.0
1991-06-10 00:00:00-04:00,10.379735655703787,10.379735655703787,10.292510986328125,10.292510986328125,41900,0.0,0.0
1991-06-11 00:00:00-04:00,10.29251062075297,10.466959953308105,10.118061288197834,10.466959953308105,162100,0.0,0.0
1991-06-12 00:00:00-04:00,10.466959953308105,10.466959953308105,10.205285954475404,10.466959953308105,74400,0.0,0.0
1991-06-13 00:00:00-04:00,10.554184619585673,10.554184619585673,10.379735287030538,10.466959953308105,60300,0.0,0.0
1991-06-14 00:00:00-04:00,10.466959953308105,10.466959953308105,10.29251062075297,10.466959953308105,38100,0.0,0.0
1991-06-17 00:00:00-04:00,10.379733085632324,10.466957733410748,10.379733085632324,10.379733085632324,46500,0.0,0.0
1991-06-18 00:00:00-04:00,10.466957733410748,10.466957733410748,10.292508437853902,10.379733085632324,46300,0.0,0.0
1991-06-19 00:00:00-04:00,10.292508437853902,10.379733085632324,10.292508437853902,10.379733085632324,59000,0.0,0.0
1991-06-20 00:00:00-04:00,10.379733085632324,10.379733085632324,10.292508437853902,10.379733085632324,22200,0.0,0.0
1991-06-21 00:00:00-04:00,10.379736037089907,10.379736037089907,10.118062019348145,10.118062019348145,47500,0.0,0.0
1991-06-24 00:00:00-04:00,10.030835151672363,10.118059805165167,9.94361049817956,10.030835151672363,48700,0.0,0.0
1991-06-25 00:00:00-04:00,10.030835151672363,10.20528445865797,9.94361049817956,10.030835151672363,28100,0.0,0.0
1991-06-26 00:00:00-04:00,10.030837346767557,10.205286691928732,10.030837346767557,10.118062019348145,21200,0.0,0.0
1991-06-27 00:00:00-04:00,10.030835151672363,10.030835151672363,9.94361049817956,10.030835151672363,24100,0.0,0.0
1991-06-28 00:00:00-04:00,9.943610531943184,9.943610531943184,9.594711916787283,9.769161224365234,56700,0.0,0.0
1991-07-01 00:00:00-04:00,9.769161259362457,9.769161259362457,9.420262642956656,9.507487297058105,147300,0.0,0.0
1991-07-02 00:00:00-04:00,9.420260429382324,9.507485062987715,9.333035795776931,9.420260429382324,35500,0.0,0.0
1991-07-03 00:00:00-04:00,9.333037359064276,9.681935951926492,9.158588062633168,9.594711303710938,175600,0.0,0.0
1991-07-05 00:00:00-04:00,9.507486655495384,9.681935951926492,9.507486655495384,9.594711303710938,20100,0.0,0.0
1991-07-08 00:00:00-04:00,9.594711303710938,9.594711303710938,9.42026200727983,9.594711303710938,12300,0.0,0.0
1991-07-09 00:00:00-04:00,9.507486025492351,9.76915995279948,9.507486025492351,9.68193531036377,100900,0.0,0.0
1991-07-10 00:00:00-04:00,9.68193531036377,9.68193531036377,9.59471066792806,9.68193531036377,18600,0.0,0.0
1991-07-11 00:00:00-04:00,9.507486025492351,9.85638459523519,9.507486025492351,9.68193531036377,41700,0.0,0.0
1991-07-12 00:00:00-04:00,9.769160600142046,9.769160600142046,9.594711303710938,9.594711303710938,11800,0.0,0.0
1991-07-15 00:00:00-04:00,9.594711286831746,9.856385231018066,9.507486638769638,9.856385231018066,128600,0.0,0.0
1991-07-16 00:00:00-04:00,9.769161224365234,9.769161224365234,9.769161224365234,9.769161224365234,10400,0.0,0.0
1991-07-17 00:00:00-04:00,9.769160582955958,9.943609879080173,9.769160582955958,9.856385231018066,77500,0.0,0.0
1991-07-18 00:00:00-04:00,9.856385844686757,10.030835151672363,9.856385844686757,10.030835151672363,115200,0.0,0.0
1991-07-19 00:00:00-04:00,9.94361049817956,10.030835151672363,9.856385844686757,10.030835151672363,70700,0.0,0.0
1991-07-22 00:00:00-04:00,9.943609237670898,9.943609237670898,9.85638459523519,9.943609237670898,31400,0.0,0.0
1991-07-23 00:00:00-04:00,9.856385248357599,9.856385248357599,9.594711303710938,9.594711303710938,78300,0.0,0.0
1991-07-24 00:00:00-04:00,9.594711916787283,9.769161224365234,9.594711916787283,9.769161224365234,13100,0.0,0.0
1991-07-25 00:00:00-04:00,9.6819343301985,9.6819343301985,9.420260429382324,9.420260429382324,52400,0.0,0.0
1991-07-26 00:00:00-04:00,9.420260429382324,9.420260429382324,9.24581116217154,9.420260429382324,87400,0.0,0.0
1991-07-29 00:00:00-04:00,9.420262024781414,9.420262024781414,9.245812728026202,9.333037376403809,64500,0.0,0.0
1991-07-30 00:00:00-04:00,9.333039656139556,9.333039656139556,9.071365647088914,9.158590316772461,50100,0.0,0.0
1991-07-31 00:00:00-04:00,9.158588079648597,9.333037376403809,9.158588079648597,9.333037376403809,84200,0.0,0.0
1991-08-01 00:00:00-04:00,9.245814323425293,9.245814323425293,9.071364996568212,9.245814323425293,45500,0.0,0.0
1991-08-02 00:00:00-04:00,9.158590316772461,9.158590316772461,9.071365647088914,9.158590316772461,11100,0.0,0.0
1991-08-05 00:00:00-04:00,9.158589659996753,9.333038986853834,9.158589659996753,9.245814323425293,26100,0.0,0.0
1991-08-06 00:00:00-04:00,9.245814323425293,9.245814323425293,9.158589659996753,9.245814323425293,35500,0.0,0.0
1991-08-07 00:00:00-04:00,9.245814986456008,9.245814986456008,9.158590316772461,9.158590316772461,28100,0.0,0.0
1991-08-08 00:00:00-04:00,9.158589060489948,9.33303837592785,9.071364402770996,9.071364402770996,106400,0.0,0.0
1991-08-09 00:00:00-04:00,8.984139745052044,9.158589060489948,8.896915087333092,9.071364402770996,64000,0.0,0.0
1991-08-12 00:00:00-04:00,9.071364135742186,9.158588790893553,8.722465515136719,8.722465515136719,70200,0.0,0.0
1991-08-13 00:00:00-04:00,8.809691429138184,8.896916096753413,8.722466761522954,8.809691429138184,241100,0.0,0.0
1991-08-14 00:00:00-04:00,8.984138782893385,9.681935969914232,8.984138782893385,9.333037376403809,258800,0.0,0.0
1991-08-15 00:00:00-04:00,9.245814323425293,9.333038986853834,9.245814323425293,9.245814323425293,52800,0.0,0.0
1991-08-16 00:00:00-04:00,9.245814986456008,9.245814986456008,9.071365647088914,9.158590316772461,51900,0.0,0.0
1991-08-19 00:00:00-04:00,8.984137207854028,9.15858647402595,8.896912574768066,8.896912574768066,40500,0.0,0.0
1991-08-20 00:00:00-04:00,8.896914825439453,8.896914825439453,8.460791549682616,8.722465515136719,172400,0.0,0.0
1991-08-21 00:00:00-04:00,8.722463308596144,8.896912574768066,8.722463308596144,8.896912574768066,266800,0.0,0.0
1991-08-22 00:00:00-04:00,8.896916676493525,8.98414134979248,8.809692003194568,8.98414134979248,114000,0.0,0.0
1991-08-23 00:00:00-04:00,8.984137207854028,9.07136184093999,8.809687941682105,8.896912574768066,235500,0.0,0.0
1991-08-26 00:00:00-04:00,8.896916096753413,8.984140764368643,8.809691429138184,8.809691429138184,150800,0.0,0.0
1991-08-27 00:00:00-04:00,8.809690170288086,8.809690170288086,8.722465515136719,8.722465515136719,84900,0.0,0.0
1991-08-28 00:00:00-04:00,8.722465515136719,8.896914825439453,8.63524085998535,8.722465515136719,166800,0.0,0.0
1991-08-29 00:00:00-04:00,8.896916096753413,8.896916096753413,8.809691429138184,8.809691429138184,109100,0.0,0.0
1991-08-30 00:00:00-04:00,8.809687941682105,8.896912574768066,8.809687941682105,8.896912574768066,83500,0.0,0.0
1991-09-03 00:00:00-04:00,8.809691429138184,8.984140764368643,8.809691429138184,8.809691429138184,51100,0.0,0.0
1991-09-04 00:00:00-04:00,8.809690170288086,8.896914825439453,8.722465515136719,8.722465515136719,86600,0.0,0.0
1991-09-05 00:00:00-04:00,8.722466761522954,8.896916096753413,8.722466761522954,8.809691429138184,251800,0.0,0.0
1991-09-06 00:00:00-04:00,8.809691429138184,8.809691429138184,8.722466761522954,8.809691429138184,80000,0.0,0.0
1991-09-09 00:00:00-04:00,8.722466761522954,8.896916096753413,8.722466761522954,8.809691429138184,51900,0.0,0.0
1991-09-10 00:00:00-04:00,8.896915493589459,8.896915493589459,8.54801684678203,8.635241508483887,83900,0.0,0.0
1991-09-11 00:00:00-04:00,8.635241206811399,8.635241206811399,8.460791889502078,8.548016548156738,42100,0.0,0.0
1991-09-12 00:00:00-04:00,8.548016548156738,8.635241206811399,8.548016548156738,8.548016548156738,16800,0.0,0.0
1991-09-13 00:00:00-04:00,8.548016548156738,8.635241206811399,8.548016548156738,8.548016548156738,189000,0.0,0.0
1991-09-16 00:00:00-04:00,8.54801684678203,8.635241508483887,8.54801684678203,8.635241508483887,169700,0.0,0.0
1991-09-17 00:00:00-04:00,8.548016204833983,8.722465515136719,8.548016204833983,8.722465515136719,61100,0.0,0.0
1991-09-18 00:00:00-04:00,8.63524085998535,8.722465515136719,8.63524085998535,8.722465515136719,29000,0.0,0.0
1991-09-19 00:00:00-04:00,8.722465515136719,8.809690170288086,8.63524085998535,8.722465515136719,91100,0.0,0.0
1991-09-20 00:00:00-04:00,8.809691429138184,8.896916096753413,8.722466761522954,8.809691429138184,67400,0.0,0.0
1991-09-23 00:00:00-04:00,8.896916676493525,9.071366023091437,8.809692003194568,8.98414134979248,175000,0.0,0.0
1991-09-24 00:00:00-04:00,8.98414134979248,8.98414134979248,8.896916676493525,8.98414134979248,18300,0.0,0.0
1991-09-25 00:00:00-04:00,8.896914825439453,8.896914825439453,8.63524085998535,8.722465515136719,191000,0.0,0.0
1991-09-26 00:00:00-04:00,8.722466170185744,8.722466170185744,8.373567523378314,8.635241508483887,438200,0.0,0.0
1991-09-27 00:00:00-04:00,8.548016548156738,8.635241206811399,8.460791889502078,8.548016548156738,129900,0.0,0.0
1991-09-30 00:00:00-04:00,8.460791889502078,8.72246586546606,8.460791889502078,8.548016548156738,172600,0.0,0.0
1991-10-01 00:00:00-04:00,8.460791889502078,8.548016548156738,8.460791889502078,8.548016548156738,14000,0.0,0.0
1991-10-02 00:00:00-04:00,8.460792912934956,8.54801758214047,8.19911890531841,8.286343574523926,318700,0.0,0.0
1991-10-03 00:00:00-04:00,8.286343574523926,8.286343574523926,7.762995559290836,8.286343574523926,313300,0.0,0.0
1991-10-04 00:00:00-04:00,8.37356824372944,8.54801758214047,8.19911890531841,8.286343574523926,394600,0.0,0.0
1991-10-07 00:00:00-04:00,8.286343574523926,8.37356824372944,8.286343574523926,8.286343574523926,129100,0.0,0.0
1991-10-08 00:00:00-04:00,8.37356824372944,8.37356824372944,8.111894236112896,8.286343574523926,312000,0.0,0.0
1991-10-09 00:00:00-04:00,8.286343574523926,8.37356824372944,8.19911890531841,8.286343574523926,42300,0.0,0.0
1991-10-10 00:00:00-04:00,8.373567230847417,8.548016548156738,8.373567230847417,8.548016548156738,59300,0.0,0.0
1991-10-11 00:00:00-04:00,8.63524085998535,8.722465515136719,8.548016204833983,8.722465515136719,290000,0.0,0.0
1991-10-14 00:00:00-04:00,8.722463360539189,9.507485062987715,8.722463360539189,9.420260429382324,404600,0.0,0.0
1991-10-15 00:00:00-04:00,9.68193531036377,9.85638459523519,9.59471066792806,9.68193531036377,320800,0.0,0.0
1991-10-16 00:00:00-04:00,9.681936605261008,9.681936605261008,9.245813334753754,9.507487297058105,120100,0.0,0.0
1991-10-17 00:00:00-04:00,9.50748667315902,9.50748667315902,9.245812728026202,9.333037376403809,177200,0.0,0.0
1991-10-18 00:00:00-04:00,9.333037359064276,9.594711303710938,9.333037359064276,9.594711303710938,159000,0.0,0.0
1991-10-21 00:00:00-04:00,9.507485062987715,9.594709696593107,9.420260429382324,9.420260429382324,423600,0.0,0.0
1991-10-22 00:00:00-04:00,9.507486025492351,9.68193531036377,9.42026138305664,9.68193531036377,205600,0.0,0.0
1991-10-23 00:00:00-04:00,9.68193531036377,9.76915995279948,9.507486025492351,9.68193531036377,100000,0.0,0.0
1991-10-24 00:00:00-04:00,9.68193531036377,9.76915995279948,9.507486025492351,9.68193531036377,43700,0.0,0.0
1991-10-25 00:00:00-04:00,9.681936570576259,9.769161224365234,9.071363994053431,9.769161224365234,149100,0.0,0.0
1991-10-28 00:00:00-05:00,9.769161224365234,9.769161224365234,9.594711916787283,9.769161224365234,34300,0.0,0.0
1991-10-29 00:00:00-05:00,9.76915995279948,9.943609237670898,9.68193531036377,9.943609237670898,269500,0.0,0.0
1991-10-30 00:00:00-05:00,9.856385878154208,9.856385878154208,9.681936570576259,9.769161224365234,73500,0.0,0.0
1991-10-31 00:00:00-05:00,9.769161191193954,10.030835151672363,9.769161191193954,10.030835151672363,354200,0.0,0.0
1991-11-01 00:00:00-05:00,9.943609879080173,10.03083452714228,9.856385231018066,9.856385231018066,131800,0.0,0.0
1991-11-04 00:00:00-05:00,9.943609879080173,10.03083452714228,9.681935934893852,9.856385231018066,68900,0.0,0.0
1991-11-05 00:00:00-05:00,9.769161224365234,9.856385878154208,9.681936570576259,9.769161224365234,42200,0.0,0.0
1991-11-06 00:00:00-05:00,9.769160600142046,9.769160600142046,9.507486655495384,9.594711303710938,42400,0.0,0.0
1991-11-07 00:00:00-05:00,9.507487262998307,9.769161224365234,9.420262609209333,9.769161224365234,61900,0.0,0.0
1991-11-08 00:00:00-05:00,9.681936570576259,9.856385878154208,9.681936570576259,9.769161224365234,55000,0.0,0.0
1991-11-11 00:00:00-05:00,9.6819343301985,9.6819343301985,9.420260429382324,9.420260429382324,18000,0.0,0.0
1991-11-12 00:00:00-05:00,9.333035795776931,9.507485062987715,9.333035795776931,9.420260429382324,11800,0.0,0.0
1991-11-13 00:00:00-05:00,9.420262642956656,9.594711951159557,9.333037988855205,9.507487297058105,67100,0.0,0.0
1991-11-14 00:00:00-05:00,9.59471066792806,9.76915995279948,9.59471066792806,9.68193531036377,70000,0.0,0.0
1991-11-15 00:00:00-05:00,9.594711951159557,9.681936605261008,9.507487297058105,9.507487297058105,35300,0.0,0.0
1991-11-18 00:00:00-05:00,9.594712349084707,9.594712349084707,8.896915087333092,9.071364402770996,283300,0.0,0.0
1991-11-19 00:00:00-05:00,8.984140764368643,8.984140764368643,8.722466761522954,8.809691429138184,50700,0.0,0.0
1991-11-20 00:00:00-05:00,8.896915087333092,9.071364402770996,8.80969042961414,9.071364402770996,383600,0.0,0.0
1991-11-21 00:00:00-05:00,8.984138782893385,9.420262024781414,8.984138782893385,9.333037376403809,143900,0.0,0.0
1991-11-22 00:00:00-05:00,9.333035795776931,9.594709696593107,9.333035795776931,9.420260429382324,131100,0.0,0.0
1991-11-25 00:00:00-05:00,9.50748667315902,9.50748667315902,9.245812728026202,9.333037376403809,39200,0.0,0.0
1991-11-26 00:00:00-05:00,9.245814323425293,9.245814323425293,8.984140333139672,9.245814323425293,174200,0.0,0.0
1991-11-27 00:00:00-05:00,9.245813718208899,9.245813718208899,8.896915087333092,9.071364402770996,69400,0.0,0.0
1991-11-29 00:00:00-05:00,8.896916676493525,9.071366023091437,8.722467329895613,8.98414134979248,59500,0.0,0.0
1991-12-02 00:00:00-05:00,8.896912627749971,9.420260429382324,8.896912627749971,9.420260429382324,159100,0.0,0.0
1991-12-03 00:00:00-05:00,9.594709696593107,9.6819343301985,9.420260429382324,9.420260429382324,542800,0.0,0.0
1991-12-04 00:00:00-05:00,9.507487297058105,9.507487297058105,9.420262642956656,9.507487297058105,83900,0.0,0.0
1991-12-05 00:00:00-05:00,9.42026200727983,9.594711303710938,9.42026200727983,9.594711303710938,48100,0.0,0.0
1991-12-06 00:00:00-05:00,9.594711303710938,9.594711303710938,9.507486655495384,9.594711303710938,15800,0.0,0.0
1991-12-09 00:00:00-05:00,9.594711916787283,9.943610531943184,9.594711916787283,9.769161224365234,310200,0.0,0.0
1991-12-10 00:00:00-05:00,9.68193531036377,9.76915995279948,9.68193531036377,9.68193531036377,135800,0.0,0.0
1991-12-11 00:00:00-05:00,9.681936605261008,9.769161259362457,9.333037988855205,9.507487297058105,137900,0.0,0.0
1991-12-12 00:00:00-05:00,9.420260429382324,9.507485062987715,9.333035795776931,9.420260429382324,102300,0.0,0.0
1991-12-13 00:00:00-05:00,9.507486655495384,9.769160600142046,9.507486655495384,9.594711303710938,78500,0.0,0.0
1991-12-16 00:00:00-05:00,9.507486655495384,9.594711303710938,9.507486655495384,9.594711303710938,61600,0.0,0.0
1991-12-17 00:00:00-05:00,9.507485062987715,9.507485062987715,9.420260429382324,9.420260429382324,128000,0.0,0.0
1991-12-18 00:00:00-05:00,9.245813334753754,9.507487297058105,9.245813334753754,9.507487297058105,86900,0.0,0.0
1991-12-19 00:00:00-05:00,9.420260429382324,9.420260429382324,9.158586528566149,9.420260429382324,191000,0.0,0.0
1991-12-20 00:00:00-05:00,9.507485062987715,9.507485062987715,9.420260429382324,9.420260429382324,142700,0.0,0.0
1991-12-23 00:00:00-05:00,9.333037376403809,9.50748667315902,9.158588079648597,9.333037376403809,135000,0.0,0.0
1991-12-24 00:00:00-05:00,9.333035795776931,9.420260429382324,9.333035795776931,9.420260429382324,22600,0.0,0.0
1991-12-26 00:00:00-05:00,9.42026200727983,9.681935951926492,9.42026200727983,9.594711303710938,97500,0.0,0.0
1991-12-27 00:00:00-05:00,9.681935934893852,9.856385231018066,9.681935934893852,9.856385231018066,62400,0.0,0.0
1991-12-30 00:00:00-05:00,9.856388001606383,10.205286691928732,9.856388001606383,10.118062019348145,82500,0.0,0.0
1991-12-31 00:00:00-05:00,10.205286316952463,10.379735655703787,9.856387639449814,10.292510986328125,142900,0.0,0.0
1992-01-02 00:00:00-05:00,10.118058522542318,10.118058522542318,9.76915995279948,9.943609237670898,121100,0.0,0.0
1992-01-03 00:00:00-05:00,9.94361049817956,10.030835151672363,9.856385844686757,10.030835151672363,80300,0.0,0.0
1992-01-06 00:00:00-05:00,10.03083518573216,10.118059839521134,9.769161224365234,9.769161224365234,175500,0.0,0.0
1992-01-07 00:00:00-05:00,9.76915995279948,9.943609237670898,9.76915995279948,9.943609237670898,39800,0.0,0.0
1992-01-08 00:00:00-05:00,9.94361049817956,10.030835151672363,9.856385844686757,10.030835151672363,194300,0.0,0.0
1992-01-09 00:00:00-05:00,10.030834494518633,10.379733085632324,10.030834494518633,10.379733085632324,243100,0.0,0.0
1992-01-10 00:00:00-05:00,10.379735287030538,10.554184619585673,10.379735287030538,10.466959953308105,503800,0.0,0.0
1992-01-13 00:00:00-05:00,10.379735287030538,10.554184619585673,10.379735287030538,10.466959953308105,69400,0.0,0.0
1992-01-14 00:00:00-05:00,10.554182365292409,10.728631660586498,10.466957717645364,10.641407012939453,198400,0.0,0.0
1992-01-15 00:00:00-05:00,10.641407028967594,10.641407028967594,10.292508437853902,10.379733085632324,135300,0.0,0.0
1992-01-16 00:00:00-05:00,10.379734638308692,10.554183959960938,10.379734638308692,10.554183959960938,58500,0.0,0.0
1992-01-17 00:00:00-05:00,10.55418079655345,10.815854700600228,10.46695616187119,10.728630065917969,57000,0.0,0.0
1992-01-20 00:00:00-05:00,10.728632583618163,10.903081893920898,10.466958618164062,10.903081893920898,99600,0.0,0.0
1992-01-21 00:00:00-05:00,10.815854700600228,10.903079335282488,10.728630065917969,10.728630065917969,114900,0.0,0.0
1992-01-22 00:00:00-05:00,10.815859973430634,11.164758682250977,10.815859973430634,11.164758682250977,72300,0.0,0.0
1992-01-23 00:00:00-05:00,11.07753400504589,11.251983359456062,10.990309327840805,11.164758682250977,176500,0.0,0.0
1992-01-24 00:00:00-05:00,11.07753400504589,11.339208036661148,11.07753400504589,11.164758682250977,51000,0.0,0.0
1992-01-27 00:00:00-05:00,11.164757435716043,11.251982103182574,10.990308100782979,11.077532768249512,108100,0.0,0.0
1992-01-28 00:00:00-05:00,11.07753284515873,11.07753284515873,10.64140950479815,10.815858840942383,35900,0.0,0.0
1992-01-29 00:00:00-05:00,10.641407012939453,10.903080955880588,10.641407012939453,10.641407012939453,85800,0.0,0.0
1992-01-30 00:00:00-05:00,10.466957717645364,10.815856308233542,10.466957717645364,10.641407012939453,104900,0.0,0.0
1992-01-31 00:00:00-05:00,10.55418079655345,10.728630065917969,10.46695616187119,10.728630065917969,84900,0.0,0.0
1992-02-03 00:00:00-05:00,10.64140950479815,10.815858840942383,10.466960168653918,10.815858840942383,38100,0.0,0.0
1992-02-04 00:00:00-05:00,10.641407300555516,10.99030590057373,10.46695800054641,10.99030590057373,96400,0.0,0.0
1992-02-05 00:00:00-05:00,10.990306549072265,11.164755859375,10.903081893920898,10.903081893920898,148200,0.0,0.0
1992-02-06 00:00:00-05:00,10.903081250569176,10.99030590057373,10.72863195056007,10.99030590057373,63600,0.0,0.0
1992-02-07 00:00:00-05:00,10.990308100782979,11.077532768249512,10.815858765849915,11.077532768249512,25300,0.0,0.0
1992-02-10 00:00:00-05:00,10.990308177086614,10.990308177086614,10.815858840942383,10.815858840942383,37500,0.0,0.0
1992-02-11 00:00:00-05:00,10.815858840942383,10.903083509014499,10.815858840942383,10.815858840942383,59900,0.0,0.0
1992-02-12 00:00:00-05:00,10.903083509014499,10.903083509014499,10.815858840942383,10.815858840942383,67100,0.0,0.0
1992-02-13 00:00:00-05:00,10.99030396996475,10.99030396996475,10.728630065917969,10.728630065917969,43400,0.0,0.0
1992-02-14 00:00:00-05:00,10.64140543123571,10.728630065917969,10.46695616187119,10.728630065917969,103500,0.0,0.0
1992-02-18 00:00:00-05:00,10.64140928586324,10.64140928586324,10.29251062075297,10.466959953308105,79800,0.0,0.0
1992-02-19 00:00:00-05:00,10.466959953308105,10.466959953308105,10.379735287030538,10.466959953308105,165400,0.0,0.0
1992-02-20 00:00:00-05:00,10.466957733410748,10.55418238118917,10.292508437853902,10.379733085632324,93200,0.0,0.0
1992-02-21 00:00:00-05:00,10.379733085632324,10.466957733410748,10.118059142297056,10.379733085632324,214400,0.0,0.0
1992-02-24 00:00:00-05:00,10.29251062075297,10.466959953308105,10.29251062075297,10.466959953308105,190800,0.0,0.0
1992-02-25 00:00:00-05:00,10.379734638308692,10.641408620787061,10.379734638308692,10.554183959960938,173400,0.0,0.0
1992-02-26 00:00:00-05:00,10.64140950479815,10.990308177086614,10.64140950479815,10.815858840942383,161700,0.0,0.0
1992-02-27 00:00:00-05:00,10.903083433316448,11.164757435716043,10.903083433316448,11.077532768249512,265000,0.0,0.0
1992-02-28 00:00:00-05:00,10.99030590057373,11.077530550578283,10.903081250569176,10.99030590057373,138100,0.0,0.0
1992-03-02 00:00:00-05:00,11.077532768249512,11.077532768249512,10.990308100782979,11.077532768249512,109500,0.0,0.0
1992-03-03 00:00:00-05:00,11.077531204223632,11.077531204223632,10.903081893920898,10.903081893920898,70200,0.0,0.0
1992-03-04 00:00:00-05:00,10.903083509014499,10.990308177086614,10.815858840942383,10.815858840942383,65600,0.0,0.0
1992-03-05 00:00:00-05:00,10.728630065917969,10.815854700600228,10.64140543123571,10.728630065917969,231300,0.0,0.0
1992-03-06 00:00:00-05:00,10.728634172870267,10.815858840942383,10.728634172870267,10.815858840942383,231100,0.0,0.0
1992-03-09 00:00:00-05:00,10.815854700600228,10.815854700600228,10.728630065917969,10.728630065917969,127500,0.0,0.0
1992-03-10 00:00:00-05:00,10.728634172870267,10.815858840942383,10.728634172870267,10.815858840942383,133200,0.0,0.0
1992-03-11 00:00:00-05:00,10.815859973430634,11.164758682250977,10.815859973430634,11.164758682250977,200700,0.0,0.0
1992-03-12 00:00:00-05:00,11.164755156545928,11.949777003490563,11.077530506885413,11.513653755187988,626400,0.0,0.0
1992-03-13 00:00:00-05:00,11.513653442149854,11.600878089438869,11.164754852993799,11.42642879486084,314700,0.0,0.0
1992-03-16 00:00:00-05:00,11.251982028667744,11.33920669555664,11.07753269488995,11.33920669555664,93900,0.0,0.0
1992-03-17 00:00:00-05:00,11.339208036661148,11.339208036661148,11.07753400504589,11.164758682250977,116200,0.0,0.0
1992-03-18 00:00:00-05:00,11.164758682250977,11.251983359456062,11.164758682250977,11.164758682250977,62500,0.0,0.0
1992-03-19 00:00:00-05:00,11.251983359456062,11.251983359456062,11.07753400504589,11.164758682250977,12300,0.0,0.0
1992-03-20 00:00:00-05:00,11.251982028667744,11.426431362445538,11.07753269488995,11.33920669555664,229800,0.0,0.0
1992-03-23 00:00:00-05:00,11.42643396983775,11.42643396983775,11.164759909459788,11.251984596252441,29200,0.0,0.0
1992-03-24 00:00:00-05:00,11.164757435716043,11.164757435716043,11.077532768249512,11.077532768249512,14000,0.0,0.0
1992-03-25 00:00:00-05:00,11.164755200582837,11.164755200582837,10.815856600564624,10.99030590057373,44600,0.0,0.0
1992-03-26 00:00:00-05:00,10.903083509014499,10.990308177086614,10.815858840942383,10.815858840942383,12500,0.0,0.0
1992-03-27 00:00:00-05:00,10.903080955880588,10.903080955880588,10.466957717645364,10.641407012939453,286100,0.0,0.0
1992-03-30 00:00:00-05:00,10.64140543123571,10.99030396996475,10.64140543123571,10.728630065917969,9600,0.0,0.0
1992-03-31 00:00:00-05:00,10.728630065917969,10.728630065917969,10.64140543123571,10.728630065917969,85900,0.0,0.0
1992-04-01 00:00:00-05:00,10.64140543123571,10.903079335282488,10.64140543123571,10.728630065917969,84700,0.0,0.0
1992-04-02 00:00:00-05:00,10.72863302475367,10.72863302475367,10.20528507232666,10.20528507232666,124600,0.0,0.0
1992-04-03 00:00:00-05:00,10.205286691928732,10.29251136450932,10.030837346767557,10.118062019348145,155200,0.0,0.0
1992-04-06 00:00:00-04:00,10.205286691928732,10.29251136450932,10.118062019348145,10.118062019348145,47300,0.0,0.0
1992-04-07 00:00:00-04:00,10.118060413588825,10.292509731064495,10.118060413588825,10.20528507232666,109400,0.0,0.0
1992-04-08 00:00:00-04:00,10.205286691928732,10.205286691928732,10.030837346767557,10.118062019348145,144800,0.0,0.0
1992-04-09 00:00:00-04:00,10.118060413588825,10.292509731064495,10.030835754850992,10.20528507232666,63100,0.0,0.0
1992-04-10 00:00:00-04:00,10.205286316952463,10.379735655703787,10.1180616475768,10.292510986328125,56900,0.0,0.0
1992-04-13 00:00:00-04:00,10.292509731064495,10.292509731064495,10.118060413588825,10.20528507232666,91200,0.0,0.0
1992-04-14 00:00:00-04:00,10.1180616475768,10.379735655703787,10.1180616475768,10.292510986328125,140700,0.0,0.0
1992-04-15 00:00:00-04:00,10.205286316952463,10.379735655703787,10.205286316952463,10.292510986328125,67900,0.0,0.0
1992-04-16 00:00:00-04:00,10.292509731064495,10.292509731064495,10.20528507232666,10.20528507232666,116200,0.0,0.0
1992-04-20 00:00:00-04:00,10.292510986328125,10.292510986328125,10.205286316952463,10.292510986328125,165600,0.0,0.0
1992-04-21 00:00:00-04:00,10.292509731064495,10.292509731064495,10.20528507232666,10.20528507232666,59800,0.0,0.0
1992-04-22 00:00:00-04:00,10.292507807413738,10.292507807413738,9.76915995279948,9.943609237670898,304300,0.0,0.0
1992-04-23 00:00:00-04:00,10.030836621920267,10.64140928586324,10.030836621920267,10.466959953308105,267800,0.0,0.0
1992-04-24 00:00:00-04:00,10.728633952140807,10.728633952140807,10.466959953308105,10.466959953308105,115500,0.0,0.0
1992-04-27 00:00:00-04:00,10.466957733410748,10.466957733410748,10.292508437853902,10.379733085632324,84700,0.0,0.0
1992-04-28 00:00:00-04:00,10.292510986328125,10.46696032507945,10.205286316952463,10.292510986328125,19200,0.0,0.0
1992-04-29 00:00:00-04:00,10.379733085632324,10.466957733410748,10.292508437853902,10.379733085632324,54800,0.0,0.0
1992-04-30 00:00:00-04:00,10.379734638308692,10.815857942439308,10.379734638308692,10.554183959960938,234000,0.0,0.0
1992-05-01 00:00:00-04:00,10.554184619585673,10.554184619585673,10.379735287030538,10.466959953308105,139500,0.0,0.0
1992-05-04 00:00:00-04:00,10.46696032507945,10.554184994455111,10.292510986328125,10.292510986328125,149600,0.0,0.0
1992-05-05 00:00:00-04:00,10.205286316952463,10.292510986328125,10.1180616475768,10.292510986328125,334400,0.0,0.0
1992-05-06 00:00:00-04:00,10.292508437853902,10.379733085632324,10.205283790075478,10.379733085632324,109300,0.0,0.0
1992-05-07 00:00:00-04:00,10.379735287030538,10.466959953308105,10.29251062075297,10.466959953308105,201100,0.0,0.0
1992-05-08 00:00:00-04:00,10.46696032507945,10.46696032507945,10.292510986328125,10.292510986328125,103900,0.0,0.0
1992-05-11 00:00:00-04:00,10.292510986328125,10.379735655703787,10.292510986328125,10.292510986328125,95800,0.0,0.0
1992-05-12 00:00:00-04:00,10.205286691928732,10.29251136450932,10.118062019348145,10.118062019348145,190300,0.0,0.0
1992-05-13 00:00:00-04:00,10.20528445865797,10.20528445865797,10.030835151672363,10.030835151672363,157800,0.0,0.0
1992-05-14 00:00:00-04:00,10.118059805165167,10.20528445865797,10.030835151672363,10.030835151672363,48600,0.0,0.0
1992-05-15 00:00:00-04:00,10.030835151672363,10.118059805165167,9.94361049817956,10.030835151672363,59000,0.0,0.0
1992-05-18 00:00:00-04:00,10.030835221666809,10.030835221666809,9.507487297058105,9.507487297058105,428200,0.0,0.0
1992-05-19 00:00:00-04:00,9.594711286831746,9.856385231018066,9.594711286831746,9.856385231018066,62500,0.0,0.0
1992-05-20 00:00:00-04:00,9.769161224365234,9.769161224365234,9.594711916787283,9.769161224365234,92800,0.0,0.0
1992-05-21 00:00:00-04:00,9.681936570576259,9.769161224365234,9.507487262998307,9.769161224365234,101800,0.0,0.0
1992-05-22 00:00:00-04:00,9.681936605261008,9.769161259362457,9.507487297058105,9.507487297058105,96000,0.0,0.0
1992-05-26 00:00:00-04:00,9.507486025492351,9.68193531036377,9.507486025492351,9.68193531036377,69300,0.0,0.0
1992-05-27 00:00:00-04:00,9.681936605261008,9.681936605261008,9.507487297058105,9.507487297058105,251700,0.0,0.0
1992-05-28 00:00:00-04:00,9.507485062987715,9.507485062987715,9.24581116217154,9.420260429382324,88700,0.0,0.0
1992-05-29 00:00:00-04:00,9.420262642956656,9.507487297058105,9.333037988855205,9.507487297058105,30700,0.0,0.0
1992-06-01 00:00:00-04:00,9.507485062987715,9.594709696593107,9.333035795776931,9.420260429382324,314700,0.0,0.0
1992-06-02 00:00:00-04:00,9.420262642956656,9.507487297058105,9.333037988855205,9.507487297058105,360700,0.0,0.0
1992-06-03 00:00:00-04:00,9.507487262998307,9.769161224365234,9.420262609209333,9.769161224365234,127600,0.0,0.0
1992-06-04 00:00:00-04:00,9.856388001606383,10.118062019348145,9.769163329025796,10.118062019348145,870100,0.0,0.0
1992-06-05 00:00:00-04:00,10.030835754850992,10.20528507232666,10.030835754850992,10.20528507232666,403800,0.0,0.0
1992-06-08 00:00:00-04:00,10.20528507232666,10.292509731064495,10.20528507232666,10.20528507232666,164700,0.0,0.0
1992-06-09 00:00:00-04:00,10.118058522542318,10.118058522542318,9.68193531036377,9.943609237670898,184100,0.0,0.0
1992-06-10 00:00:00-04:00,9.943609237670898,9.943609237670898,9.68193531036377,9.68193531036377,44500,0.0,0.0
1992-06-11 00:00:00-04:00,9.769161224365234,9.769161224365234,9.594711916787283,9.769161224365234,28800,0.0,0.0
1992-06-12 00:00:00-04:00,9.68193531036377,9.76915995279948,9.68193531036377,9.68193531036377,16300,0.0,0.0
1992-06-15 00:00:00-04:00,9.681936605261008,9.681936605261008,9.507487297058105,9.507487297058105,73900,0.0,0.0
1992-06-16 00:00:00-04:00,9.507487262998307,9.769161224365234,9.507487262998307,9.769161224365234,137400,0.0,0.0
1992-06-17 00:00:00-04:00,9.76915995279948,9.76915995279948,9.507486025492351,9.68193531036377,114800,0.0,0.0
1992-06-18 00:00:00-04:00,9.507486025492351,9.76915995279948,9.507486025492351,9.68193531036377,73000,0.0,0.0
1992-06-19 00:00:00-04:00,9.681935951926492,9.856385248357599,9.594711303710938,9.594711303710938,39100,0.0,0.0
1992-06-22 00:00:00-04:00,9.681936605261008,9.681936605261008,9.420262642956656,9.507487297058105,127800,0.0,0.0
1992-06-23 00:00:00-04:00,9.594711303710938,9.594711303710938,9.507486655495384,9.594711303710938,28600,0.0,0.0
1992-06-24 00:00:00-04:00,9.507486655495384,9.594711303710938,9.507486655495384,9.594711303710938,123900,0.0,0.0
1992-06-25 00:00:00-04:00,9.594711951159557,9.594711951159557,9.420262642956656,9.507487297058105,55600,0.0,0.0
1992-06-26 00:00:00-04:00,9.420262642956656,9.507487297058105,9.333037988855205,9.507487297058105,166900,0.0,0.0
1992-06-29 00:00:00-04:00,9.420262642956656,9.594711951159557,9.420262642956656,9.507487297058105,82400,0.0,0.0
1992-06-30 00:00:00-04:00,9.594711303710938,9.594711303710938,9.507486655495384,9.594711303710938,90400,0.0,0.0
1992-07-01 00:00:00-04:00,9.681936570576259,9.769161224365234,9.594711916787283,9.769161224365234,67500,0.0,0.0
1992-07-02 00:00:00-04:00,9.769160600142046,9.769160600142046,9.594711303710938,9.594711303710938,50400,0.0,0.0
1992-07-06 00:00:00-04:00,9.68193531036377,10.205283164978027,9.68193531036377,9.943609237670898,169100,0.0,0.0
1992-07-07 00:00:00-04:00,9.85638459523519,10.03083388010661,9.68193531036377,9.68193531036377,238600,0.0,0.0
1992-07-08 00:00:00-04:00,9.769160582955958,9.856385231018066,9.681935934893852,9.856385231018066,42100,0.0,0.0
1992-07-09 00:00:00-04:00,9.769160582955958,10.03083452714228,9.769160582955958,9.856385231018066,73900,0.0,0.0
1992-07-10 00:00:00-04:00,9.943609879080173,9.943609879080173,9.856385231018066,9.856385231018066,26200,0.0,0.0
1992-07-13 00:00:00-04:00,9.856385878154208,9.856385878154208,9.681936570576259,9.769161224365234,8500,0.0,0.0
1992-07-14 00:00:00-04:00,9.681935951926492,9.681935951926492,9.507486655495384,9.594711303710938,199900,0.0,0.0
1992-07-15 00:00:00-04:00,9.507486655495384,9.594711303710938,9.42026200727983,9.594711303710938,73000,0.0,0.0
1992-07-16 00:00:00-04:00,9.507487262998307,9.769161224365234,9.420262609209333,9.769161224365234,150200,0.0,0.0
1992-07-17 00:00:00-04:00,9.681935951926492,9.681935951926492,9.594711303710938,9.594711303710938,70800,0.0,0.0
1992-07-20 00:00:00-04:00,9.594711303710938,9.681935951926492,9.594711303710938,9.594711303710938,183500,0.0,0.0
1992-07-21 00:00:00-04:00,9.769160600142046,9.769160600142046,9.507486655495384,9.594711303710938,65500,0.0,0.0
1992-07-22 00:00:00-04:00,9.594711951159557,9.594711951159557,9.507487297058105,9.507487297058105,37200,0.0,0.0
1992-07-23 00:00:00-04:00,9.594711303710938,9.594711303710938,9.42026200727983,9.594711303710938,136800,0.0,0.0
1992-07-24 00:00:00-04:00,9.507485062987715,9.594709696593107,9.420260429382324,9.420260429382324,72800,0.0,0.0
1992-07-27 00:00:00-04:00,9.420262609209333,9.856385878154208,9.420262609209333,9.769161224365234,109200,0.0,0.0
1992-07-28 00:00:00-04:00,9.85638459523519,10.03083388010661,9.76915995279948,9.943609237670898,209100,0.0,0.0
1992-07-29 00:00:00-04:00,10.118059805165167,10.379733765643575,10.030835151672363,10.030835151672363,355800,0.0,0.0
1992-07-30 00:00:00-04:00,10.030835151672363,10.118059805165167,9.856385844686757,10.030835151672363,89900,0.0,0.0
1992-07-31 00:00:00-04:00,10.030837346767557,10.118062019348145,9.856388001606383,10.118062019348145,46600,0.0,0.0
1992-08-03 00:00:00-04:00,10.205286316952463,10.292510986328125,10.1180616475768,10.292510986328125,110400,0.0,0.0
1992-08-04 00:00:00-04:00,10.292510986328125,10.379735655703787,10.205286316952463,10.292510986328125,70800,0.0,0.0
1992-08-05 00:00:00-04:00,10.292509731064495,10.292509731064495,10.118060413588825,10.20528507232666,121700,0.0,0.0
1992-08-06 00:00:00-04:00,10.205286691928732,10.205286691928732,9.94361267418697,10.118062019348145,10900,0.0,0.0
1992-08-07 00:00:00-04:00,10.118062019348145,10.118062019348145,9.856388001606383,10.118062019348145,54300,0.0,0.0
1992-08-10 00:00:00-04:00,10.030837346767557,10.118062019348145,9.94361267418697,10.118062019348145,18000,0.0,0.0
1992-08-11 00:00:00-04:00,9.94361049817956,10.118059805165167,9.94361049817956,10.030835151672363,25200,0.0,0.0
1992-08-12 00:00:00-04:00,10.118060413588825,10.20528507232666,10.030835754850992,10.20528507232666,36300,0.0,0.0
1992-08-13 00:00:00-04:00,10.118062019348145,10.205286691928732,10.030837346767557,10.118062019348145,24400,0.0,0.0
1992-08-14 00:00:00-04:00,10.118062019348145,10.118062019348145,10.030837346767557,10.118062019348145,14100,0.0,0.0
1992-08-17 00:00:00-04:00,10.118059805165167,10.20528445865797,9.94361049817956,10.030835151672363,27800,0.0,0.0
1992-08-18 00:00:00-04:00,10.118060413588825,10.292509731064495,10.118060413588825,10.20528507232666,24600,0.0,0.0
1992-08-19 00:00:00-04:00,10.205283164978027,10.205283164978027,9.943609237670898,9.943609237670898,41700,0.0,0.0
1992-08-20 00:00:00-04:00,10.030835754850992,10.20528507232666,9.943611096113157,10.20528507232666,36100,0.0,0.0
1992-08-21 00:00:00-04:00,10.118059805165167,10.118059805165167,9.94361049817956,10.030835151672363,12700,0.0,0.0
1992-08-24 00:00:00-04:00,9.943609237670898,10.03083388010661,9.943609237670898,9.943609237670898,5400,0.0,0.0
1992-08-25 00:00:00-04:00,9.943609237670898,9.943609237670898,9.76915995279948,9.943609237670898,49100,0.0,0.0
1992-08-26 00:00:00-04:00,9.943611096113157,10.20528507232666,9.943611096113157,10.20528507232666,36100,0.0,0.0
1992-08-27 00:00:00-04:00,10.118062019348145,10.205286691928732,10.030837346767557,10.118062019348145,12600,0.0,0.0
1992-08-28 00:00:00-04:00,10.03083518573216,10.118059839521134,9.769161224365234,9.769161224365234,110300,0.0,0.0
1992-08-31 00:00:00-04:00,9.769160582955958,9.943609879080173,9.769160582955958,9.856385231018066,6800,0.0,0.0
1992-09-01 00:00:00-04:00,9.76915995279948,9.943609237670898,9.68193531036377,9.943609237670898,10900,0.0,0.0
1992-09-02 00:00:00-04:00,9.856385844686757,10.030835151672363,9.856385844686757,10.030835151672363,14800,0.0,0.0
1992-09-03 00:00:00-04:00,9.94361267418697,10.466960709670495,9.856388001606383,10.118062019348145,56000,0.0,0.0
1992-09-04 00:00:00-04:00,10.118062019348145,10.205286691928732,10.030837346767557,10.118062019348145,35200,0.0,0.0
1992-09-08 00:00:00-04:00,10.118062019348145,10.118062019348145,10.030837346767557,10.118062019348145,9200,0.0,0.0
1992-09-09 00:00:00-04:00,9.943609237670898,9.943609237670898,9.76915995279948,9.943609237670898,41800,0.0,0.0
1992-09-10 00:00:00-04:00,9.856387289365133,10.466959953308105,9.856387289365133,10.466959953308105,153500,0.0,0.0
1992-09-11 00:00:00-04:00,10.379735655703787,10.46696032507945,10.030836978201139,10.292510986328125,103700,0.0,0.0
1992-09-14 00:00:00-04:00,10.379735287030538,10.64140928586324,10.379735287030538,10.466959953308105,65600,0.0,0.0
1992-09-15 00:00:00-04:00,10.46696032507945,10.46696032507945,10.205286316952463,10.292510986328125,16800,0.0,0.0
1992-09-16 00:00:00-04:00,10.205285316656445,10.728633281613185,10.030835995004198,10.554183959960938,234000,0.0,0.0
1992-09-17 00:00:00-04:00,10.641410619020462,11.251983359456062,10.554185941815376,11.164758682250977,237200,0.0,0.0
1992-09-18 00:00:00-04:00,11.339204500591944,11.339204500591944,10.99030590057373,10.99030590057373,128900,0.0,0.0
1992-09-21 00:00:00-04:00,11.077531204223632,11.077531204223632,10.81585723876953,10.903081893920898,62800,0.0,0.0
1992-09-22 00:00:00-04:00,10.903079335282488,10.903079335282488,10.55418079655345,10.728630065917969,6400,0.0,0.0
1992-09-23 00:00:00-04:00,10.64140950479815,10.815858840942383,10.554184836726034,10.815858840942383,45900,0.0,0.0
1992-09-24 00:00:00-04:00,10.815856600564624,10.99030590057373,10.72863195056007,10.99030590057373,58800,0.0,0.0
1992-09-25 00:00:00-04:00,11.077530550578283,11.077530550578283,10.903081250569176,10.99030590057373,41700,0.0,0.0
1992-09-28 00:00:00-04:00,10.903083509014499,10.990308177086614,10.64140950479815,10.815858840942383,72500,0.0,0.0
1992-09-29 00:00:00-04:00,10.903083509014499,10.903083509014499,10.554184836726034,10.815858840942383,140500,0.0,0.0
1992-09-30 00:00:00-04:00,10.815858840942383,10.815858840942383,10.64140950479815,10.815858840942383,231400,0.0,0.0
1992-10-01 00:00:00-04:00,10.728631676746016,10.728631676746016,9.94360984674021,10.379733085632324,1232700,0.0,0.0
1992-10-02 00:00:00-04:00,10.118062019348145,10.205286691928732,10.030837346767557,10.118062019348145,29000,0.0,0.0
1992-10-05 00:00:00-04:00,10.118059839521134,10.118059839521134,9.507487262998307,9.769161224365234,440000,0.0,0.0
1992-10-06 00:00:00-04:00,9.769161224365234,9.769161224365234,9.681936570576259,9.769161224365234,38800,0.0,0.0
1992-10-07 00:00:00-04:00,9.681935934893852,9.856385231018066,9.681935934893852,9.856385231018066,32100,0.0,0.0
1992-10-08 00:00:00-04:00,9.85638459523519,9.943609237670898,9.76915995279948,9.943609237670898,122300,0.0,0.0
1992-10-09 00:00:00-04:00,9.85638459523519,9.943609237670898,9.85638459523519,9.943609237670898,76500,0.0,0.0
1992-10-12 00:00:00-04:00,9.943610531943184,10.03083518573216,9.769161224365234,9.769161224365234,87800,0.0,0.0
1992-10-13 00:00:00-04:00,9.68193531036377,10.03083388010661,9.68193531036377,9.943609237670898,142800,0.0,0.0
1992-10-14 00:00:00-04:00,9.856385231018066,9.856385231018066,9.769160582955958,9.856385231018066,39600,0.0,0.0
1992-10-15 00:00:00-04:00,9.856385231018066,9.856385231018066,9.769160582955958,9.856385231018066,270000,0.0,0.0
1992-10-16 00:00:00-04:00,9.769160582955958,9.943609879080173,9.769160582955958,9.856385231018066,113900,0.0,0.0
1992-10-19 00:00:00-04:00,10.030835151672363,10.030835151672363,9.94361049817956,10.030835151672363,13600,0.0,0.0
1992-10-20 00:00:00-04:00,10.030835151672363,10.118059805165167,9.94361049817956,10.030835151672363,95300,0.0,0.0
1992-10-21 00:00:00-04:00,10.118060413588825,10.20528507232666,10.030835754850992,10.20528507232666,271800,0.0,0.0
1992-10-22 00:00:00-04:00,10.118060413588825,10.20528507232666,10.118060413588825,10.20528507232666,37500,0.0,0.0
1992-10-23 00:00:00-04:00,10.205286316952463,10.292510986328125,10.1180616475768,10.292510986328125,57600,0.0,0.0
1992-10-26 00:00:00-05:00,10.292510986328125,10.292510986328125,10.1180616475768,10.292510986328125,298000,0.0,0.0
1992-10-27 00:00:00-05:00,10.29251062075297,10.64140928586324,10.205285954475404,10.466959953308105,320500,0.0,0.0
1992-10-28 00:00:00-05:00,10.554182365292409,10.641407012939453,10.554182365292409,10.641407012939453,167100,0.0,0.0
1992-10-29 00:00:00-05:00,10.554182365292409,10.728631660586498,10.554182365292409,10.641407012939453,137500,0.0,0.0
1992-10-30 00:00:00-05:00,10.728634172870267,10.815858840942383,10.64140950479815,10.815858840942383,53500,0.0,0.0
1992-11-02 00:00:00-05:00,10.728634172870267,10.815858840942383,10.64140950479815,10.815858840942383,117100,0.0,0.0
1992-11-03 00:00:00-05:00,10.728633281613185,10.815857942439308,10.554183959960938,10.554183959960938,16900,0.0,0.0
1992-11-04 00:00:00-05:00,10.554183959960938,10.554183959960938,10.379734638308692,10.554183959960938,46800,0.0,0.0
1992-11-05 00:00:00-05:00,10.466960168653918,10.815858840942383,10.466960168653918,10.815858840942383,69400,0.0,0.0
1992-11-06 00:00:00-05:00,10.728630065917969,10.815854700600228,10.64140543123571,10.728630065917969,19600,0.0,0.0
1992-11-09 00:00:00-05:00,10.815858840942383,10.815858840942383,10.64140950479815,10.815858840942383,131800,0.0,0.0
1992-11-10 00:00:00-05:00,10.815854700600228,10.815854700600228,10.64140543123571,10.728630065917969,59800,0.0,0.0
1992-11-11 00:00:00-05:00,10.728634172870267,10.815858840942383,10.64140950479815,10.815858840942383,29200,0.0,0.0
1992-11-12 00:00:00-05:00,10.728631676746016,10.728631676746016,10.379733085632324,10.379733085632324,153700,0.0,0.0
1992-11-13 00:00:00-05:00,10.466959299134814,10.554183959960938,10.292509977482569,10.554183959960938,58800,0.0,0.0
1992-11-16 00:00:00-05:00,10.554184619585673,10.64140928586324,10.466959953308105,10.466959953308105,237400,0.0,0.0
1992-11-17 00:00:00-05:00,10.554182365292409,10.641407012939453,10.466957717645364,10.641407012939453,12500,0.0,0.0
1992-11-18 00:00:00-05:00,10.64140928586324,10.64140928586324,10.466959953308105,10.466959953308105,212200,0.0,0.0
1992-11-19 00:00:00-05:00,10.466959953308105,10.554184619585673,10.466959953308105,10.466959953308105,20900,0.0,0.0
1992-11-20 00:00:00-05:00,10.379734638308692,10.554183959960938,10.292509977482569,10.554183959960938,222200,0.0,0.0
1992-11-23 00:00:00-05:00,10.37973438980233,10.37973438980233,10.20528507232666,10.20528507232666,95200,0.0,0.0
1992-11-24 00:00:00-05:00,10.292508437853902,10.466957733410748,10.292508437853902,10.379733085632324,188800,0.0,0.0
1992-11-25 00:00:00-05:00,10.379735655703787,10.379735655703787,10.205286316952463,10.292510986328125,257200,0.0,0.0
1992-11-27 00:00:00-05:00,10.205286316952463,10.292510986328125,10.205286316952463,10.292510986328125,93100,0.0,0.0
1992-11-30 00:00:00-05:00,10.20528507232666,10.292509731064495,10.20528507232666,10.20528507232666,112900,0.0,0.0
1992-12-01 00:00:00-05:00,10.118060413588825,10.292509731064495,10.118060413588825,10.20528507232666,92100,0.0,0.0
1992-12-02 00:00:00-05:00,10.205286691928732,10.205286691928732,10.118062019348145,10.118062019348145,11000,0.0,0.0
1992-12-03 00:00:00-05:00,10.118060413588825,10.20528507232666,10.118060413588825,10.20528507232666,202500,0.0,0.0
1992-12-04 00:00:00-05:00,10.205286316952463,10.292510986328125,10.1180616475768,10.292510986328125,235300,0.0,0.0
1992-12-07 00:00:00-05:00,10.292508437853902,10.466957733410748,10.205283790075478,10.379733085632324,113100,0.0,0.0
1992-12-08 00:00:00-05:00,10.292508437853902,10.466957733410748,10.292508437853902,10.379733085632324,70700,0.0,0.0
1992-12-09 00:00:00-05:00,10.379735287030538,10.466959953308105,10.29251062075297,10.466959953308105,91100,0.0,0.0
1992-12-10 00:00:00-05:00,10.379735287030538,10.466959953308105,10.379735287030538,10.466959953308105,121400,0.0,0.0
1992-12-11 00:00:00-05:00,10.466959299134814,10.554183959960938,10.379734638308692,10.554183959960938,34000,0.0,0.0
1992-12-14 00:00:00-05:00,10.466959299134814,10.641408620787061,10.466959299134814,10.554183959960938,83300,0.0,0.0
1992-12-15 00:00:00-05:00,10.641409663830773,10.641409663830773,10.292510986328125,10.292510986328125,155500,0.0,0.0
1992-12-16 00:00:00-05:00,10.379735655703787,10.379735655703787,10.1180616475768,10.292510986328125,181600,0.0,0.0
1992-12-17 00:00:00-05:00,10.205286316952463,10.292510986328125,10.1180616475768,10.292510986328125,40600,0.0,0.0
1992-12-18 00:00:00-05:00,10.292509112150773,10.292509112150773,9.94361049817956,10.030835151672363,142700,0.0,0.0
1992-12-21 00:00:00-05:00,9.769161224365234,9.769161224365234,9.681936570576259,9.769161224365234,172800,0.0,0.0
1992-12-22 00:00:00-05:00,9.856385844686757,10.030835151672363,9.856385844686757,10.030835151672363,77100,0.0,0.0
1992-12-23 00:00:00-05:00,10.030835151672363,10.030835151672363,9.94361049817956,10.030835151672363,54500,0.0,0.0
1992-12-24 00:00:00-05:00,10.118059805165167,10.118059805165167,10.030835151672363,10.030835151672363,110400,0.0,0.0
1992-12-28 00:00:00-05:00,10.118059805165167,10.118059805165167,9.94361049817956,10.030835151672363,80600,0.0,0.0
1992-12-29 00:00:00-05:00,9.943609237670898,10.03083388010661,9.76915995279948,9.943609237670898,37100,0.0,0.0
1992-12-30 00:00:00-05:00,9.94361049817956,10.20528445865797,9.94361049817956,10.030835151672363,65000,0.0,0.0
1992-12-31 00:00:00-05:00,10.030837346767557,10.118062019348145,10.030837346767557,10.118062019348145,24600,0.0,0.0
1993-01-04 00:00:00-05:00,10.20528445865797,10.20528445865797,10.030835151672363,10.030835151672363,63600,0.0,0.0
1993-01-05 00:00:00-05:00,10.030835151672363,10.030835151672363,9.856385844686757,10.030835151672363,202900,0.0,0.0
1993-01-06 00:00:00-05:00,9.943609237670898,10.03083388010661,9.85638459523519,9.943609237670898,226700,0.0,0.0
1993-01-07 00:00:00-05:00,9.943609237670898,10.03083388010661,9.943609237670898,9.943609237670898,60700,0.0,0.0
1993-01-08 00:00:00-05:00,9.943609879080173,9.943609879080173,9.856385231018066,9.856385231018066,62800,0.0,0.0
1993-01-11 00:00:00-05:00,9.856385231018066,9.943609879080173,9.769160582955958,9.856385231018066,144900,0.0,0.0
1993-01-12 00:00:00-05:00,9.76915995279948,9.85638459523519,9.68193531036377,9.68193531036377,44700,0.0,0.0
1993-01-13 00:00:00-05:00,9.594711916787283,9.769161224365234,9.420262609209333,9.769161224365234,78100,0.0,0.0
1993-01-14 00:00:00-05:00,9.681936570576259,9.769161224365234,9.681936570576259,9.769161224365234,66300,0.0,0.0
1993-01-15 00:00:00-05:00,9.68193531036377,9.76915995279948,9.68193531036377,9.68193531036377,63900,0.0,0.0
1993-01-18 00:00:00-05:00,9.681936570576259,9.769161224365234,9.681936570576259,9.769161224365234,96700,0.0,0.0
1993-01-19 00:00:00-05:00,9.76915995279948,9.76915995279948,9.68193531036377,9.68193531036377,14400,0.0,0.0
1993-01-20 00:00:00-05:00,9.681936570576259,9.769161224365234,9.681936570576259,9.769161224365234,69100,0.0,0.0
1993-01-21 00:00:00-05:00,9.681936570576259,9.769161224365234,9.681936570576259,9.769161224365234,32900,0.0,0.0
1993-01-22 00:00:00-05:00,9.856385878154208,9.856385878154208,9.681936570576259,9.769161224365234,105600,0.0,0.0
1993-01-25 00:00:00-05:00,9.769161191193954,10.118059805165167,9.769161191193954,10.030835151672363,41400,0.0,0.0
1993-01-26 00:00:00-05:00,10.118059175204387,10.118059175204387,9.856385231018066,9.856385231018066,36000,0.0,0.0
1993-01-27 00:00:00-05:00,9.943610531943184,9.943610531943184,9.769161224365234,9.769161224365234,137200,0.0,0.0
1993-01-28 00:00:00-05:00,9.769161224365234,9.769161224365234,9.681936570576259,9.769161224365234,104500,0.0,0.0
1993-01-29 00:00:00-05:00,9.681936537701151,10.030835151672363,9.681936537701151,10.030835151672363,48800,0.0,0.0
1993-02-01 00:00:00-05:00,9.94361049817956,10.030835151672363,9.856385844686757,10.030835151672363,35700,0.0,0.0
1993-02-02 00:00:00-05:00,9.94361267418697,10.118062019348145,9.856388001606383,10.118062019348145,19100,0.0,0.0
1993-02-03 00:00:00-05:00,10.118061288197834,10.466959953308105,10.118061288197834,10.466959953308105,215100,0.0,0.0
1993-02-04 00:00:00-05:00,10.466957959261807,11.688103054509018,10.466957959261807,11.513653755187988,635200,0.0,0.0
1993-02-05 00:00:00-05:00,11.513652801513672,12.21144994099935,11.513652801513672,12.03700065612793,430300,0.0,0.0
1993-02-08 00:00:00-05:00,12.211448047178012,12.473121933903254,12.124223418269597,12.298672676086426,231200,0.0,0.0
1993-02-09 00:00:00-05:00,12.21144994099935,12.21144994099935,11.7753267288208,11.7753267288208,78900,0.0,0.0
1993-02-10 00:00:00-05:00,11.600881576538086,11.949780270569308,11.600881576538086,11.600881576538086,49100,0.0,0.0
1993-02-11 00:00:00-05:00,11.688102086385092,12.12422529856364,11.600877443949383,12.03700065612793,96500,0.0,0.0
1993-02-12 00:00:00-05:00,12.124229814014296,12.124229814014296,11.949780464172363,11.949780464172363,91200,0.0,0.0
1993-02-16 00:00:00-05:00,11.775327044374803,11.949776333921097,11.775327044374803,11.86255168914795,27400,0.0,0.0
1993-02-17 00:00:00-05:00,11.688102736727883,11.688102736727883,11.42642879486084,11.42642879486084,14200,0.0,0.0
1993-02-18 00:00:00-05:00,11.513653755187988,11.775327704169532,11.513653755187988,11.513653755187988,69500,0.0,0.0
1993-02-19 00:00:00-05:00,11.513653442149854,11.513653442149854,11.164754852993799,11.42642879486084,78500,0.0,0.0
1993-02-22 00:00:00-05:00,11.513658656630406,11.513658656630406,11.251984596252441,11.251984596252441,31100,0.0,0.0
1993-02-23 00:00:00-05:00,11.339204455866957,11.513653755187988,10.815856557903867,11.513653755187988,86600,0.0,0.0
1993-02-24 00:00:00-05:00,11.426428159077963,11.7753267288208,11.251978874206543,11.7753267288208,41900,0.0,0.0
1993-02-25 00:00:00-05:00,11.688102399601656,11.949776333921097,11.513653110055364,11.86255168914795,87200,0.0,0.0
1993-02-26 00:00:00-05:00,11.862552031305912,11.949776678594924,11.42642879486084,11.42642879486084,389600,0.0,0.0
1993-03-01 00:00:00-05:00,11.513656029334436,11.513656029334436,11.164757361778847,11.33920669555664,824100,0.0,0.0
1993-03-02 00:00:00-05:00,11.426427848303497,11.688101768493652,11.426427848303497,11.688101768493652,122100,0.0,0.0
1993-03-03 00:00:00-05:00,11.688101768493652,11.94977568868381,11.600877128430268,11.688101768493652,96500,0.0,0.0
1993-03-04 00:00:00-05:00,11.600878404848503,11.688103054509018,11.426429105527474,11.513653755187988,87400,0.0,0.0
1993-03-05 00:00:00-05:00,11.339209283045097,11.339209283045097,11.164759909459788,11.251984596252441,118400,0.0,0.0
1993-03-08 00:00:00-05:00,11.251979500282813,11.513653442149854,11.251979500282813,11.42642879486084,180700,0.0,0.0
1993-03-09 00:00:00-05:00,11.251979806206442,11.688103054509018,11.251979806206442,11.513653755187988,128200,0.0,0.0
1993-03-10 00:00:00-05:00,11.600877443949383,11.862551371256512,11.426428159077963,11.7753267288208,435700,0.0,0.0
1993-03-11 00:00:00-05:00,11.862555597061501,11.862555597061501,11.51365690303028,11.600881576538086,261700,0.0,0.0
1993-03-12 00:00:00-05:00,11.513653442149854,11.513653442149854,11.077530205704784,11.42642879486084,158700,0.0,0.0
1993-03-15 00:00:00-05:00,11.426427848303497,11.688101768493652,11.426427848303497,11.688101768493652,289700,0.0,0.0
1993-03-16 00:00:00-05:00,11.600877443949383,11.862551371256512,11.600877443949383,11.7753267288208,440000,0.0,0.0
1993-03-17 00:00:00-05:00,11.688106250045891,11.775330923553696,11.600881576538086,11.600881576538086,35400,0.0,0.0
1993-03-18 00:00:00-05:00,11.600877128430268,11.775326408557039,11.600877128430268,11.688101768493652,81200,0.0,0.0
1993-03-19 00:00:00-05:00,11.775326408557039,11.775326408557039,11.600877128430268,11.688101768493652,57000,0.0,0.0
1993-03-22 00:00:00-05:00,11.600881576538086,11.688106250045891,11.51365690303028,11.600881576538086,53800,0.0,0.0
1993-03-23 00:00:00-05:00,11.51365690303028,11.688106250045891,11.51365690303028,11.600881576538086,55500,0.0,0.0
1993-03-24 00:00:00-05:00,11.42642879486084,11.600878089438869,11.339204147571827,11.42642879486084,39400,0.0,0.0
1993-03-25 00:00:00-05:00,11.339209283045097,11.42643396983775,11.164759909459788,11.251984596252441,136400,0.0,0.0
1993-03-26 00:00:00-05:00,10.99030590057373,11.077530550578283,10.815856600564624,10.99030590057373,81500,0.0,0.0
1993-03-29 00:00:00-05:00,11.077532768249512,11.164757435716043,10.903083433316448,11.077532768249512,185700,0.0,0.0
1993-03-30 00:00:00-05:00,11.164753239329269,11.251977874011528,10.728630065917969,10.728630065917969,220600,0.0,0.0
1993-03-31 00:00:00-05:00,10.554184836726034,10.815858840942383,10.292510832509686,10.815858840942383,382800,0.0,0.0
1993-04-01 00:00:00-05:00,10.728632583618163,10.990306549072265,10.728632583618163,10.903081893920898,119800,0.0,0.0
1993-04-02 00:00:00-05:00,10.903081250569176,11.077530550578283,10.903081250569176,10.99030590057373,203200,0.0,0.0
1993-04-05 00:00:00-04:00,10.99030590057373,11.339204500591944,10.99030590057373,10.99030590057373,46500,0.0,0.0
1993-04-06 00:00:00-04:00,10.990308100782979,11.164757435716043,10.990308100782979,11.077532768249512,143000,0.0,0.0
1993-04-07 00:00:00-04:00,11.077530550578283,11.077530550578283,10.903081250569176,10.99030590057373,136400,0.0,0.0
1993-04-08 00:00:00-04:00,10.903081893920898,10.990306549072265,10.81585723876953,10.903081893920898,131100,0.0,0.0
1993-04-12 00:00:00-04:00,10.728630065917969,10.815854700600228,10.46695616187119,10.728630065917969,48200,0.0,0.0
1993-04-13 00:00:00-04:00,10.641407300555516,11.164755200582837,10.641407300555516,10.99030590057373,300500,0.0,0.0
1993-04-14 00:00:00-04:00,10.990308100782979,11.077532768249512,10.990308100782979,11.077532768249512,171700,0.0,0.0
1993-04-15 00:00:00-04:00,11.077532768249512,11.077532768249512,10.990308100782979,11.077532768249512,19300,0.0,0.0
1993-04-16 00:00:00-04:00,10.990308100782979,11.077532768249512,10.903083433316448,11.077532768249512,218500,0.0,0.0
1993-04-19 00:00:00-04:00,11.164759909459788,11.339209283045097,10.990310535874478,11.251984596252441,200900,0.0,0.0
1993-04-20 00:00:00-04:00,11.164759909459788,11.251984596252441,11.164759909459788,11.251984596252441,163500,0.0,0.0
1993-04-21 00:00:00-04:00,11.426432713866234,11.426432713866234,11.07753400504589,11.164758682250977,326800,0.0,0.0
1993-04-22 00:00:00-04:00,11.07753400504589,11.251983359456062,11.07753400504589,11.164758682250977,62600,0.0,0.0
1993-04-23 00:00:00-04:00,11.164758682250977,11.251983359456062,11.164758682250977,11.164758682250977,22100,0.0,0.0
1993-04-26 00:00:00-04:00,11.077530205704784,11.513653442149854,11.077530205704784,11.42642879486084,271500,0.0,0.0
1993-04-27 00:00:00-04:00,11.339204455866957,11.513653755187988,11.339204455866957,11.513653755187988,57800,0.0,0.0
1993-04-28 00:00:00-04:00,11.513653442149854,11.600878089438869,11.339204147571827,11.42642879486084,281400,0.0,0.0
1993-04-29 00:00:00-04:00,11.426429105527474,11.513653755187988,11.164755156545928,11.513653755187988,37300,0.0,0.0
1993-04-30 00:00:00-04:00,11.600880696223333,11.600880696223333,11.33920669555664,11.33920669555664,221100,0.0,0.0
1993-05-03 00:00:00-04:00,11.513656029334436,11.513656029334436,11.164757361778847,11.33920669555664,116300,0.0,0.0
1993-05-04 00:00:00-04:00,11.251984596252441,11.60088334342306,11.251984596252441,11.251984596252441,58800,0.0,0.0
1993-05-05 00:00:00-04:00,11.251983359456062,11.426432713866234,11.164758682250977,11.164758682250977,224500,0.0,0.0
1993-05-06 00:00:00-04:00,11.251983359456062,11.339208036661148,11.164758682250977,11.164758682250977,148700,0.0,0.0
1993-05-07 00:00:00-04:00,11.164757435716043,11.251982103182574,11.077532768249512,11.077532768249512,136400,0.0,0.0
1993-05-10 00:00:00-04:00,11.164758682250977,11.251983359456062,11.07753400504589,11.164758682250977,202700,0.0,0.0
1993-05-11 00:00:00-04:00,11.164753239329269,11.164753239329269,10.64140543123571,10.728630065917969,251000,0.0,0.0
1993-05-12 00:00:00-04:00,10.815854700600228,10.903079335282488,10.55418079655345,10.728630065917969,160100,0.0,0.0
1993-05-13 00:00:00-04:00,10.64140928586324,10.903083284695944,10.379735287030538,10.466959953308105,642800,0.0,0.0
1993-05-14 00:00:00-04:00,10.29251062075297,10.554184619585673,10.29251062075297,10.466959953308105,45000,0.0,0.0
1993-05-17 00:00:00-04:00,10.466957733410748,10.466957733410748,10.379733085632324,10.379733085632324,8400,0.0,0.0
1993-05-18 00:00:00-04:00,10.29251136450932,10.29251136450932,10.030837346767557,10.118062019348145,1114600,0.0,0.0
1993-05-19 00:00:00-04:00,10.030836978201139,10.292510986328125,10.030836978201139,10.292510986328125,93300,0.0,0.0
1993-05-20 00:00:00-04:00,10.292510986328125,10.292510986328125,10.1180616475768,10.292510986328125,101300,0.0,0.0
1993-05-21 00:00:00-04:00,10.20528507232666,10.292509731064495,10.118060413588825,10.20528507232666,188000,0.0,0.0
1993-05-24 00:00:00-04:00,10.118060413588825,10.292509731064495,10.118060413588825,10.20528507232666,287800,0.0,0.0
1993-05-25 00:00:00-04:00,10.205286316952463,10.292510986328125,10.205286316952463,10.292510986328125,108300,0.0,0.0
1993-05-26 00:00:00-04:00,10.292508437853902,10.466957733410748,10.205283790075478,10.379733085632324,134600,0.0,0.0
1993-05-27 00:00:00-04:00,10.379731527188929,10.728630065917969,10.379731527188929,10.728630065917969,81500,0.0,0.0
1993-05-28 00:00:00-04:00,10.641407012939453,10.728631660586498,10.641407012939453,10.641407012939453,20300,0.0,0.0
1993-06-01 00:00:00-04:00,10.64140543123571,10.815854700600228,10.64140543123571,10.728630065917969,17200,0.0,0.0
1993-06-02 00:00:00-04:00,10.728634098383385,11.164757435716043,10.728634098383385,11.077532768249512,18100,0.0,0.0
1993-06-03 00:00:00-04:00,10.990306549072265,10.990306549072265,10.903081893920898,10.903081893920898,72100,0.0,0.0
1993-06-04 00:00:00-04:00,10.903083509014499,10.903083509014499,10.728634172870267,10.815858840942383,122200,0.0,0.0
1993-06-07 00:00:00-04:00,10.815858840942383,10.903083509014499,10.815858840942383,10.815858840942383,40600,0.0,0.0
1993-06-08 00:00:00-04:00,10.81585632452444,10.81585632452444,10.379733085632324,10.379733085632324,128300,0.0,0.0
1993-06-09 00:00:00-04:00,10.466957733410748,10.466957733410748,10.379733085632324,10.379733085632324,35500,0.0,0.0
1993-06-10 00:00:00-04:00,10.37973306999832,10.815856308233542,10.37973306999832,10.641407012939453,130800,0.0,0.0
1993-06-11 00:00:00-04:00,10.641407012939453,10.728631660586498,10.641407012939453,10.641407012939453,66000,0.0,0.0
1993-06-14 00:00:00-04:00,10.815856308233542,10.815856308233542,10.641407012939453,10.641407012939453,49300,0.0,0.0
1993-06-15 00:00:00-04:00,10.641407012939453,10.728631660586498,10.641407012939453,10.641407012939453,11300,0.0,0.0
1993-06-16 00:00:00-04:00,10.641407012939453,10.728631660586498,10.554182365292409,10.641407012939453,139300,0.0,0.0
1993-06-17 00:00:00-04:00,10.641407028967594,10.641407028967594,10.292508437853902,10.379733085632324,121900,0.0,0.0
1993-06-18 00:00:00-04:00,10.379733085632324,10.466957733410748,10.205283790075478,10.379733085632324,71900,0.0,0.0
1993-06-21 00:00:00-04:00,10.37973438980233,10.466959048540165,10.20528507232666,10.20528507232666,134300,0.0,0.0
1993-06-22 00:00:00-04:00,10.292510986328125,10.46696032507945,10.205286316952463,10.292510986328125,197400,0.0,0.0
1993-06-23 00:00:00-04:00,10.29251136450932,10.29251136450932,10.030837346767557,10.118062019348145,201600,0.0,0.0
1993-06-24 00:00:00-04:00,9.856386437375322,10.292509731064495,9.856386437375322,10.20528507232666,207300,0.0,0.0
1993-06-25 00:00:00-04:00,10.205283164978027,10.205283164978027,9.943609237670898,9.943609237670898,973700,0.0,0.0
1993-06-28 00:00:00-04:00,10.030835754850992,10.37973438980233,10.030835754850992,10.20528507232666,154000,0.0,0.0
1993-06-29 00:00:00-04:00,10.118060413588825,10.20528507232666,10.118060413588825,10.20528507232666,10300,0.0,0.0
1993-06-30 00:00:00-04:00,10.118059127057185,10.641407012939453,10.03083447941014,10.641407012939453,50500,0.0,0.0
1993-07-01 00:00:00-04:00,10.466957733410748,10.55418238118917,10.292508437853902,10.379733085632324,183600,0.0,0.0
1993-07-02 00:00:00-04:00,10.29251062075297,10.466959953308105,10.29251062075297,10.466959953308105,42100,0.0,0.0
1993-07-06 00:00:00-04:00,10.37973438980233,10.37973438980233,10.20528507232666,10.20528507232666,108100,0.0,0.0
1993-07-07 00:00:00-04:00,10.20528507232666,10.20528507232666,10.118060413588825,10.20528507232666,70500,0.0,0.0
1993-07-08 00:00:00-04:00,10.205286691928732,10.205286691928732,10.030837346767557,10.118062019348145,54200,0.0,0.0
1993-07-09 00:00:00-04:00,10.030837346767557,10.205286691928732,10.030837346767557,10.118062019348145,313300,0.0,0.0
1993-07-12 00:00:00-04:00,10.205283164978027,10.205283164978027,9.943609237670898,9.943609237670898,101800,0.0,0.0
1993-07-13 00:00:00-04:00,9.943610531943184,10.03083518573216,9.769161224365234,9.769161224365234,380500,0.0,0.0
1993-07-14 00:00:00-04:00,9.76915995279948,9.943609237670898,9.68193531036377,9.943609237670898,115800,0.0,0.0
1993-07-15 00:00:00-04:00,9.856385231018066,9.856385231018066,9.681935934893852,9.856385231018066,80400,0.0,0.0
1993-07-16 00:00:00-04:00,9.769160600142046,9.856385248357599,9.594711303710938,9.594711303710938,193900,0.0,0.0
1993-07-19 00:00:00-04:00,9.681935951926492,9.681935951926492,9.594711303710938,9.594711303710938,42100,0.0,0.0
1993-07-20 00:00:00-04:00,9.681935951926492,9.681935951926492,9.594711303710938,9.594711303710938,230100,0.0,0.0
1993-07-21 00:00:00-04:00,9.594711951159557,9.594711951159557,9.420262642956656,9.507487297058105,65500,0.0,0.0
1993-07-22 00:00:00-04:00,9.594711303710938,9.681935951926492,9.507486655495384,9.594711303710938,127900,0.0,0.0
1993-07-23 00:00:00-04:00,9.59471066792806,9.76915995279948,9.59471066792806,9.68193531036377,85000,0.0,0.0
1993-07-26 00:00:00-04:00,9.59471066792806,9.76915995279948,9.59471066792806,9.68193531036377,147200,0.0,0.0
1993-07-27 00:00:00-04:00,9.76915995279948,9.85638459523519,9.68193531036377,9.68193531036377,129200,0.0,0.0
1993-07-28 00:00:00-04:00,9.769161224365234,9.769161224365234,9.594711916787283,9.769161224365234,104500,0.0,0.0
1993-07-29 00:00:00-04:00,9.681938656445208,10.29251136450932,9.681938656445208,10.118062019348145,305000,0.0,0.0
1993-07-30 00:00:00-04:00,10.030837346767557,10.118062019348145,9.856388001606383,10.118062019348145,109700,0.0,0.0
1993-08-02 00:00:00-04:00,10.118060413588825,10.20528507232666,9.943611096113157,10.20528507232666,204200,0.0,0.0
1993-08-03 00:00:00-04:00,10.205285954475404,10.64140928586324,10.205285954475404,10.466959953308105,110300,0.0,0.0
1993-08-04 00:00:00-04:00,10.466959299134814,10.641408620787061,10.466959299134814,10.554183959960938,81200,0.0,0.0
1993-08-05 00:00:00-04:00,10.55418079655345,10.815854700600228,10.55418079655345,10.728630065917969,201500,0.0,0.0
1993-08-06 00:00:00-04:00,10.81585723876953,10.990306549072265,10.81585723876953,10.903081893920898,52100,0.0,0.0
1993-08-09 00:00:00-04:00,10.903083433316448,11.077532768249512,10.903083433316448,11.077532768249512,133500,0.0,0.0
1993-08-10 00:00:00-04:00,10.990310535874478,11.251984596252441,10.990310535874478,11.251984596252441,128400,0.0,0.0
1993-08-11 00:00:00-04:00,11.164755200582837,11.164755200582837,10.99030590057373,10.99030590057373,141800,0.0,0.0
1993-08-12 00:00:00-04:00,11.077531204223632,11.077531204223632,10.903081893920898,10.903081893920898,74700,0.0,0.0
1993-08-13 00:00:00-04:00,10.903083433316448,11.077532768249512,10.903083433316448,11.077532768249512,177500,0.0,0.0
1993-08-16 00:00:00-04:00,11.164757435716043,11.164757435716043,10.990308100782979,11.077532768249512,111900,0.0,0.0
1993-08-17 00:00:00-04:00,11.164757513230846,11.164757513230846,10.728634172870267,10.815858840942383,91500,0.0,0.0
1993-08-18 00:00:00-04:00,10.81585723876953,10.903081893920898,10.466958618164062,10.903081893920898,194100,0.0,0.0
1993-08-19 00:00:00-04:00,10.815859973430634,11.164758682250977,10.815859973430634,11.164758682250977,202700,0.0,0.0
1993-08-20 00:00:00-04:00,11.164757361778847,11.513656029334436,11.07753269488995,11.33920669555664,177200,0.0,0.0
1993-08-23 00:00:00-04:00,11.426427848303497,11.688101768493652,11.33920320824011,11.688101768493652,109500,0.0,0.0
1993-08-24 00:00:00-04:00,11.7753267288208,11.94977601369222,11.688102086385092,11.7753267288208,195000,0.0,0.0
1993-08-25 00:00:00-04:00,11.775331114330431,11.949780464172363,11.775331114330431,11.949780464172363,526800,0.0,0.0
1993-08-26 00:00:00-04:00,11.862551048620423,11.862551048620423,11.688101768493652,11.688101768493652,55200,0.0,0.0
1993-08-27 00:00:00-04:00,11.688106250045891,11.775330923553696,11.51365690303028,11.600881576538086,78900,0.0,0.0
1993-08-30 00:00:00-04:00,11.600880696223333,11.600880696223333,11.33920669555664,11.33920669555664,36400,0.0,0.0
1993-08-31 00:00:00-04:00,11.426427848303497,11.688101768493652,11.251978568176726,11.688101768493652,23000,0.0,0.0
1993-09-01 00:00:00-04:00,11.688101768493652,11.688101768493652,11.426427848303497,11.688101768493652,86200,0.0,0.0
1993-09-02 00:00:00-04:00,11.688101768493652,11.688101768493652,11.600877128430268,11.688101768493652,75500,0.0,0.0
1993-09-03 00:00:00-04:00,11.688106250045891,11.688106250045891,11.51365690303028,11.600881576538086,16700,0.0,0.0
1993-09-07 00:00:00-04:00,11.688102736727883,11.688102736727883,11.339204147571827,11.42642879486084,33200,0.0,0.0
1993-09-08 00:00:00-04:00,11.251982181302962,11.251982181302962,10.728634172870267,10.815858840942383,48300,0.0,0.0
1993-09-09 00:00:00-04:00,10.641409430916854,11.077532768249512,10.641409430916854,11.077532768249512,38300,0.0,0.0
1993-09-10 00:00:00-04:00,11.251984596252441,11.513658656630406,11.251984596252441,11.251984596252441,706800,0.0,0.0
1993-09-13 00:00:00-04:00,11.33920669555664,11.33920669555664,11.164757361778847,11.33920669555664,43300,0.0,0.0
1993-09-14 00:00:00-04:00,11.251983359456062,11.251983359456062,11.07753400504589,11.164758682250977,9800,0.0,0.0
1993-09-15 00:00:00-04:00,11.077530205704784,11.42642879486084,11.077530205704784,11.42642879486084,72000,0.0,0.0
1993-09-16 00:00:00-04:00,11.339204455866957,11.600878404848503,11.339204455866957,11.513653755187988,145700,0.0,0.0
1993-09-17 00:00:00-04:00,11.426429105527474,11.513653755187988,11.164755156545928,11.513653755187988,24400,0.0,0.0
1993-09-20 00:00:00-04:00,11.513656029334436,11.513656029334436,11.164757361778847,11.33920669555664,27700,0.0,0.0
1993-09-21 00:00:00-04:00,11.164754898821721,11.164754898821721,10.641407012939453,10.641407012939453,122500,0.0,0.0
1993-09-22 00:00:00-04:00,10.64140950479815,10.903083509014499,10.64140950479815,10.815858840942383,248600,0.0,0.0
1993-09-23 00:00:00-04:00,10.903083509014499,10.990308177086614,10.815858840942383,10.815858840942383,57800,0.0,0.0
1993-09-24 00:00:00-04:00,10.81585723876953,10.990306549072265,10.728632583618163,10.903081893920898,46700,0.0,0.0
1993-09-27 00:00:00-04:00,11.077535222667134,11.251984596252441,11.077535222667134,11.251984596252441,17000,0.0,0.0
1993-09-28 00:00:00-04:00,11.426431362445538,11.426431362445538,11.251982028667744,11.33920669555664,55000,0.0,0.0
1993-09-29 00:00:00-04:00,11.251980514526366,11.251980514526366,10.903081893920898,10.903081893920898,51900,0.0,0.0
1993-09-30 00:00:00-04:00,10.903081893920898,10.903081893920898,10.641407928466796,10.903081893920898,218700,0.0,0.0
1993-10-01 00:00:00-04:00,10.990308177086614,10.990308177086614,10.728634172870267,10.815858840942383,18600,0.0,0.0
1993-10-04 00:00:00-04:00,10.903081893920898,11.077531204223632,10.728632583618163,10.903081893920898,15300,0.0,0.0
1993-10-05 00:00:00-04:00,10.903083509014499,10.990308177086614,10.815858840942383,10.815858840942383,14500,0.0,0.0
1993-10-06 00:00:00-04:00,10.81585723876953,10.903081893920898,10.81585723876953,10.903081893920898,59000,0.0,0.0
1993-10-07 00:00:00-04:00,10.815859973430634,11.164758682250977,10.728635296225548,11.164758682250977,29100,0.0,0.0
1993-10-08 00:00:00-04:00,11.07753284515873,11.07753284515873,10.728634172870267,10.815858840942383,13600,0.0,0.0
1993-10-11 00:00:00-04:00,10.903083361112156,11.33920669555664,10.903083361112156,11.33920669555664,183300,0.0,0.0
1993-10-12 00:00:00-04:00,11.513656029334436,11.513656029334436,11.33920669555664,11.33920669555664,99600,0.0,0.0
1993-10-13 00:00:00-04:00,11.251982103182574,11.339206770649106,10.990308100782979,11.077532768249512,73300,0.0,0.0
1993-10-14 00:00:00-04:00,11.07753400504589,11.339208036661148,10.990309327840805,11.164758682250977,83600,0.0,0.0
1993-10-15 00:00:00-04:00,11.164759909459788,11.339209283045097,11.164759909459788,11.251984596252441,46500,0.0,0.0
1993-10-18 00:00:00-04:00,11.251983359456062,11.339208036661148,11.164758682250977,11.164758682250977,81300,0.0,0.0
1993-10-19 00:00:00-04:00,11.251982103182574,11.251982103182574,11.077532768249512,11.077532768249512,32000,0.0,0.0
1993-10-20 00:00:00-04:00,11.077532768249512,11.164757435716043,11.077532768249512,11.077532768249512,115600,0.0,0.0
1993-10-21 00:00:00-04:00,11.164758682250977,11.164758682250977,11.07753400504589,11.164758682250977,13500,0.0,0.0
1993-10-22 00:00:00-04:00,11.164759909459788,11.251984596252441,10.990310535874478,11.251984596252441,104000,0.0,0.0
1993-10-25 00:00:00-04:00,11.077535222667134,11.339209283045097,11.077535222667134,11.251984596252441,85800,0.0,0.0
1993-10-26 00:00:00-04:00,11.339209283045097,11.339209283045097,11.251984596252441,11.251984596252441,61500,0.0,0.0
1993-10-27 00:00:00-04:00,11.33920669555664,11.33920669555664,11.164757361778847,11.33920669555664,15800,0.0,0.0
1993-10-28 00:00:00-04:00,11.339208036661148,11.339208036661148,11.164758682250977,11.164758682250977,147000,0.0,0.0
1993-10-29 00:00:00-04:00,11.164757435716043,11.251982103182574,11.077532768249512,11.077532768249512,19300,0.0,0.0
1993-11-01 00:00:00-05:00,11.164757361778847,11.33920669555664,11.164757361778847,11.33920669555664,58600,0.0,0.0
1993-11-02 00:00:00-05:00,11.164757361778847,11.33920669555664,11.164757361778847,11.33920669555664,13700,0.0,0.0
1993-11-03 00:00:00-05:00,11.339204455866957,11.600878404848503,11.251979806206442,11.513653755187988,77200,0.0,0.0
1993-11-04 00:00:00-05:00,11.426431438115637,11.426431438115637,11.077532768249512,11.077532768249512,52500,0.0,0.0
1993-11-05 00:00:00-05:00,10.990309327840805,11.164758682250977,10.90308465063572,11.164758682250977,29200,0.0,0.0
1993-11-08 00:00:00-05:00,11.251984596252441,11.251984596252441,10.990310535874478,11.251984596252441,63700,0.0,0.0
1993-11-09 00:00:00-05:00,11.164757361778847,11.33920669555664,11.164757361778847,11.33920669555664,41900,0.0,0.0
1993-11-10 00:00:00-05:00,11.339204455866957,11.513653755187988,11.339204455866957,11.513653755187988,301600,0.0,0.0
1993-11-11 00:00:00-05:00,11.513658656630406,11.513658656630406,11.164759909459788,11.251984596252441,75400,0.0,0.0
1993-11-12 00:00:00-05:00,11.33920669555664,11.513656029334436,11.251982028667744,11.33920669555664,150100,0.0,0.0
1993-11-15 00:00:00-05:00,11.33920669555664,11.426431362445538,11.251982028667744,11.33920669555664,19700,0.0,0.0
1993-11-16 00:00:00-05:00,11.339208036661148,11.426432713866234,11.07753400504589,11.164758682250977,94200,0.0,0.0
1993-11-17 00:00:00-05:00,11.164757361778847,11.426431362445538,11.164757361778847,11.33920669555664,182300,0.0,0.0
1993-11-18 00:00:00-05:00,11.251982028667744,11.426431362445538,11.251982028667744,11.33920669555664,47900,0.0,0.0
1993-11-19 00:00:00-05:00,11.251984596252441,11.251984596252441,11.164759909459788,11.251984596252441,70700,0.0,0.0
1993-11-22 00:00:00-05:00,11.164753239329269,11.251977874011528,10.728630065917969,10.728630065917969,45600,0.0,0.0
1993-11-23 00:00:00-05:00,10.81585723876953,10.903081893920898,10.728632583618163,10.903081893920898,47500,0.0,0.0
1993-11-24 00:00:00-05:00,10.72863195056007,10.99030590057373,10.72863195056007,10.99030590057373,17700,0.0,0.0
1993-11-26 00:00:00-05:00,10.903081250569176,10.99030590057373,10.903081250569176,10.99030590057373,2700,0.0,0.0
1993-11-29 00:00:00-05:00,10.99030590057373,11.077530550578283,10.72863195056007,10.99030590057373,41200,0.0,0.0
1993-11-30 00:00:00-05:00,10.903085849081824,11.251984596252441,10.903085849081824,11.251984596252441,134900,0.0,0.0
1993-12-01 00:00:00-05:00,11.251979500282813,11.513653442149854,11.164754852993799,11.42642879486084,160100,0.0,0.0
1993-12-02 00:00:00-05:00,11.33920669555664,11.426431362445538,11.33920669555664,11.33920669555664,31400,0.0,0.0
1993-12-03 00:00:00-05:00,11.339204147571827,11.513653442149854,11.339204147571827,11.42642879486084,36700,0.0,0.0
1993-12-06 00:00:00-05:00,11.33920669555664,11.513656029334436,11.33920669555664,11.33920669555664,24500,0.0,0.0
1993-12-07 00:00:00-05:00,11.426429105527474,11.513653755187988,11.251979806206442,11.513653755187988,20800,0.0,0.0
1993-12-08 00:00:00-05:00,11.51365690303028,11.600881576538086,11.51365690303028,11.600881576538086,36300,0.0,0.0
1993-12-09 00:00:00-05:00,11.513653755187988,11.600878404848503,11.426429105527474,11.513653755187988,187500,0.0,0.0
1993-12-10 00:00:00-05:00,11.426429105527474,11.513653755187988,11.426429105527474,11.513653755187988,56100,0.0,0.0
1993-12-13 00:00:00-05:00,11.426431362445538,11.600880696223333,11.164757361778847,11.33920669555664,154300,0.0,0.0
1993-12-14 00:00:00-05:00,11.339209283045097,11.42643396983775,11.251984596252441,11.251984596252441,121000,0.0,0.0
1993-12-15 00:00:00-05:00,11.339205169677733,11.339205169677733,10.81585723876953,10.903081893920898,130400,0.0,0.0
1993-12-16 00:00:00-05:00,10.903081893920898,10.990306549072265,10.81585723876953,10.903081893920898,50500,0.0,0.0
1993-12-17 00:00:00-05:00,10.990308177086614,11.07753284515873,10.815858840942383,10.815858840942383,125400,0.0,0.0
1993-12-20 00:00:00-05:00,10.903081893920898,10.903081893920898,10.81585723876953,10.903081893920898,238500,0.0,0.0
1993-12-21 00:00:00-05:00,10.903083433316448,11.077532768249512,10.554184763450321,11.077532768249512,121700,0.0,0.0
1993-12-22 00:00:00-05:00,11.16475392811334,11.688101768493652,11.077529288049954,11.688101768493652,186000,0.0,0.0
1993-12-23 00:00:00-05:00,11.60087775482851,12.037000978694243,11.60087775482851,11.86255168914795,80300,0.0,0.0
1993-12-27 00:00:00-05:00,11.862555789251397,11.949780464172363,11.862555789251397,11.949780464172363,29300,0.0,0.0
1993-12-28 00:00:00-05:00,11.862555789251397,11.949780464172363,11.862555789251397,11.949780464172363,55900,0.0,0.0
1993-12-29 00:00:00-05:00,11.949780464172363,11.949780464172363,11.862555789251397,11.949780464172363,38000,0.0,0.0
1993-12-30 00:00:00-05:00,11.949778206914448,12.21145218224834,11.949778206914448,12.124227523803711,50400,0.0,0.0
1993-12-31 00:00:00-05:00,12.211448047178012,12.38589730499484,12.124223418269597,12.298672676086426,89000,0.0,0.0
1994-01-03 00:00:00-05:00,12.21145218224834,12.298676840692972,12.124227523803711,12.124227523803711,87100,0.0,0.0
1994-01-04 00:00:00-05:00,12.03700513909333,12.124229814014296,11.949780464172363,11.949780464172363,47800,0.0,0.0
1994-01-05 00:00:00-05:00,12.124227823529925,12.21145248413086,11.949778502328057,12.21145248413086,379200,0.0,0.0
1994-01-06 00:00:00-05:00,12.298669328360722,13.083690774851833,12.298669328360722,12.647567749023438,405100,0.0,0.0
1994-01-07 00:00:00-05:00,12.734800696372986,12.734800696372986,12.298677384853363,12.560351371765137,277500,0.0,0.0
1994-01-10 00:00:00-05:00,12.47311853869208,12.734792354189118,12.385893933526402,12.647567749023438,260700,0.0,0.0
1994-01-11 00:00:00-05:00,12.560351371765137,12.734800696372986,12.473126709461212,12.560351371765137,171700,0.0,0.0
1994-01-12 00:00:00-05:00,12.647573797852845,12.647573797852845,12.385899857207612,12.473124504089355,191400,0.0,0.0
1994-01-13 00:00:00-05:00,12.38589859008789,12.473123228046255,12.298673952129525,12.38589859008789,29200,0.0,0.0
1994-01-14 00:00:00-05:00,12.38589730499484,12.473121933903254,12.298672676086426,12.298672676086426,199200,0.0,0.0
1994-01-17 00:00:00-05:00,12.298672676086426,12.473121933903254,12.124223418269597,12.298672676086426,197300,0.0,0.0
1994-01-18 00:00:00-05:00,12.385893933526402,12.822016959354796,12.211444723195044,12.647567749023438,244600,0.0,0.0
1994-01-19 00:00:00-05:00,12.473125425103593,12.822024038393204,12.473125425103593,12.7347993850708,94600,0.0,0.0
1994-01-20 00:00:00-05:00,12.647576034069061,12.647576034069061,12.473126709461212,12.560351371765137,190300,0.0,0.0
1994-01-21 00:00:00-05:00,12.560351371765137,12.560351371765137,12.473126709461212,12.560351371765137,55200,0.0,0.0
1994-01-24 00:00:00-05:00,12.560347866004621,12.560347866004621,12.211449314171158,12.38589859008789,80000,0.0,0.0
1994-01-25 00:00:00-05:00,12.560351371765137,12.560351371765137,12.385902047157288,12.560351371765137,42000,0.0,0.0
1994-01-26 00:00:00-05:00,12.385901805332729,12.473126465933664,12.21145248413086,12.21145248413086,48900,0.0,0.0
1994-01-27 00:00:00-05:00,12.298672676086426,12.298672676086426,12.124223418269597,12.298672676086426,16300,0.0,0.0
1994-01-28 00:00:00-05:00,12.385899857207612,12.473124504089355,12.385899857207612,12.473124504089355,96000,0.0,0.0
1994-01-31 00:00:00-05:00,12.560351371765137,12.647576034069061,12.473126709461212,12.560351371765137,66700,0.0,0.0
1994-02-01 00:00:00-05:00,12.647573797852845,12.647573797852845,12.473124504089355,12.473124504089355,152400,0.0,0.0
1994-02-02 00:00:00-05:00,12.647572503962985,12.647572503962985,12.211449314171158,12.38589859008789,70500,0.0,0.0
1994-02-03 00:00:00-05:00,12.5603491509711,12.5603491509711,12.473124504089355,12.473124504089355,65400,0.0,0.0
1994-02-04 00:00:00-05:00,12.473126465933664,12.560351126534599,12.124227823529925,12.21145248413086,67500,0.0,0.0
1994-02-07 00:00:00-05:00,12.03700513909333,12.124229814014296,11.862555789251397,11.949780464172363,48800,0.0,0.0
1994-02-08 00:00:00-05:00,11.7753267288208,12.21144994099935,11.7753267288208,12.03700065612793,78300,0.0,0.0
1994-02-09 00:00:00-05:00,12.036998789361183,12.298672676086426,12.036998789361183,12.298672676086426,42300,0.0,0.0
1994-02-10 00:00:00-05:00,12.298676840692972,12.298676840692972,12.03700286535908,12.124227523803711,87900,0.0,0.0
1994-02-11 00:00:00-05:00,12.12422529856364,12.12422529856364,12.03700065612793,12.03700065612793,7500,0.0,0.0
1994-02-14 00:00:00-05:00,12.03700316292899,12.21145248413086,12.03700316292899,12.21145248413086,46600,0.0,0.0
1994-02-15 00:00:00-05:00,12.03700286535908,12.298676840692972,12.03700286535908,12.124227523803711,102900,0.0,0.0
1994-02-16 00:00:00-05:00,12.298675210325868,12.473124504089355,12.12422591656238,12.473124504089355,81600,0.0,0.0
1994-02-17 00:00:00-05:00,12.385902047157288,12.560351371765137,12.385902047157288,12.560351371765137,78000,0.0,0.0
1994-02-18 00:00:00-05:00,12.473123228046255,12.473123228046255,12.38589859008789,12.38589859008789,53900,0.0,0.0
1994-02-22 00:00:00-05:00,12.298672676086426,12.38589730499484,12.211448047178012,12.298672676086426,27900,0.0,0.0
1994-02-23 00:00:00-05:00,12.298676118458786,12.996473345038009,12.211451465136385,12.7347993850708,284000,0.0,0.0
1994-02-24 00:00:00-05:00,12.560351371765137,12.647576034069061,12.385902047157288,12.560351371765137,131800,0.0,0.0
1994-02-25 00:00:00-05:00,12.47311853869208,12.647567749023438,12.385893933526402,12.647567749023438,653900,0.0,0.0
1994-02-28 00:00:00-05:00,12.734797795613607,13.083696365356445,12.647573153177898,13.083696365356445,120200,0.0,0.0
1994-03-01 00:00:00-05:00,12.909248691715606,13.083697998360412,12.7347993850708,12.7347993850708,52900,0.0,0.0
1994-03-02 00:00:00-05:00,12.647574398968672,12.996473003078153,12.647574398968672,12.909248352050781,303200,0.0,0.0
1994-03-03 00:00:00-05:00,12.909247080485027,13.083696365356445,12.647573153177898,13.083696365356445,143600,0.0,0.0
1994-03-04 00:00:00-05:00,12.996472689570213,13.258146636340083,12.822023391723633,12.822023391723633,100600,0.0,0.0
1994-03-07 00:00:00-05:00,12.909247080485027,13.083696365356445,12.909247080485027,13.083696365356445,65200,0.0,0.0
1994-03-08 00:00:00-05:00,13.083699885630768,13.083699885630768,12.996475219726562,12.996475219726562,17100,0.0,0.0
1994-03-09 00:00:00-05:00,12.996471722920736,13.170921007792156,12.822022438049316,13.083696365356445,44300,0.0,0.0
1994-03-10 00:00:00-05:00,12.909248040646922,13.083697338493502,12.734798742800342,12.822023391723633,69600,0.0,0.0
1994-03-11 00:00:00-05:00,12.90925113096932,13.170925140380861,12.822026461165473,13.17092514038086,63200,0.0,0.0
1994-03-14 00:00:00-05:00,13.083698199345514,13.607046127319336,13.083698199345514,13.607046127319336,211500,0.0,0.0
1994-03-15 00:00:00-05:00,13.607049766339754,13.607049766339754,13.258151054382324,13.258151054382324,98800,0.0,0.0
1994-03-16 00:00:00-05:00,13.345372163332426,13.607046127319336,13.345372163332426,13.607046127319336,262000,0.0,0.0
1994-03-17 00:00:00-05:00,13.432597160339355,13.432597160339355,13.258147846568715,13.432597160339355,14300,0.0,0.0
1994-03-18 00:00:00-05:00,13.432596817994728,13.607046127319336,13.432596817994728,13.607046127319336,135900,0.0,0.0
1994-03-21 00:00:00-05:00,13.519820213317873,13.607044859855407,13.432595566780337,13.519820213317871,47700,0.0,0.0
1994-03-22 00:00:00-05:00,13.43259781482173,13.43259781482173,13.170923831416111,13.345373153686523,58900,0.0,0.0
1994-03-23 00:00:00-05:00,13.432595566780337,13.519820213317873,13.345370920242802,13.519820213317871,94600,0.0,0.0
1994-03-24 00:00:00-05:00,13.519820213317873,13.519820213317873,13.432595566780337,13.519820213317871,73200,0.0,0.0
1994-03-25 00:00:00-05:00,13.345375732371682,13.519825088350398,13.258151054382324,13.258151054382324,181200,0.0,0.0
1994-03-28 00:00:00-05:00,13.345371607187632,13.345371607187632,12.909248352050781,12.909248352050781,767500,0.0,0.0
1994-03-29 00:00:00-05:00,12.909250553822357,13.083699885630768,12.822025887918153,12.996475219726562,43600,0.0,0.0
1994-03-30 00:00:00-05:00,12.909252342424896,13.258151054382324,12.822027664435538,13.258151054382324,43500,0.0,0.0
1994-03-31 00:00:00-05:00,12.996475219726562,13.258149217439179,12.734801222013948,12.996475219726562,115700,0.0,0.0
1994-04-04 00:00:00-04:00,12.822023391723633,12.822023391723633,12.560349444953761,12.822023391723633,169000,0.0,0.0
1994-04-05 00:00:00-04:00,12.996474509145699,13.345373153686523,12.996474509145699,13.345373153686523,52400,0.0,0.0
1994-04-06 00:00:00-04:00,13.345373153686523,13.43259781482173,13.345373153686523,13.345373153686523,92700,0.0,0.0
1994-04-07 00:00:00-04:00,13.345372503454035,13.432597160339355,13.258147846568715,13.432597160339355,24700,0.0,0.0
1994-04-08 00:00:00-04:00,13.345372503454035,13.519821817224678,13.345372503454035,13.432597160339355,79600,0.0,0.0
1994-04-11 00:00:00-04:00,13.432595566780337,13.519820213317873,13.432595566780337,13.519820213317871,50300,0.0,0.0
1994-04-12 00:00:00-04:00,13.43259781482173,13.519822475956936,13.345373153686523,13.345373153686523,221500,0.0,0.0
1994-04-13 00:00:00-04:00,13.258149217439179,13.258149217439179,12.996475219726562,12.996475219726562,5400,0.0,0.0
1994-04-14 00:00:00-04:00,12.996471722920736,13.258145650227865,12.909247080485027,13.083696365356445,50300,0.0,0.0
1994-04-15 00:00:00-04:00,13.170922854007818,13.607046127319336,13.170922854007818,13.607046127319336,74600,0.0,0.0
1994-04-18 00:00:00-04:00,13.607044859855407,13.694269506392942,13.519820213317873,13.519820213317871,89000,0.0,0.0
1994-04-19 00:00:00-04:00,13.432597160339355,13.607046474109998,13.345372503454035,13.432597160339355,139000,0.0,0.0
1994-04-20 00:00:00-04:00,13.345370292663574,13.345370292663574,13.083696365356445,13.083696365356445,568500,0.0,0.0
1994-04-21 00:00:00-04:00,13.083700470577014,13.170925140380861,13.083700470577014,13.17092514038086,342800,0.0,0.0
1994-04-22 00:00:00-04:00,13.083699885630768,13.083699885630768,12.996475219726562,12.996475219726562,193200,0.0,0.0
1994-04-25 00:00:00-04:00,13.08370169840361,13.258151054382324,12.996477020414252,13.258151054382324,611300,0.0,0.0
1994-04-26 00:00:00-04:00,13.258147846568715,13.432597160339355,12.996473875912754,13.432597160339355,1421100,0.0,0.0
1994-04-28 00:00:00-04:00,13.345372163332426,13.781495436643942,13.345372163332426,13.607046127319336,141400,0.0,0.0
1994-04-29 00:00:00-04:00,13.51982113681262,13.781495094299316,13.432596484317056,13.781495094299316,933300,0.0,0.0
1994-05-02 00:00:00-04:00,13.781495436643942,13.781495436643942,13.607046127319336,13.607046127319336,148100,0.0,0.0
1994-05-03 00:00:00-04:00,13.781488066266297,13.781488066266297,13.694263458251953,13.694263458251953,24900,0.0,0.0
1994-05-04 00:00:00-04:00,13.694270441803752,13.781495094299316,13.694270441803752,13.781495094299316,216500,0.0,0.0
1994-05-05 00:00:00-04:00,13.694263458251953,13.781488066266297,13.60703885023761,13.694263458251953,191100,0.0,0.0
1994-05-06 00:00:00-04:00,13.607046127319336,13.607046127319336,13.432596817994728,13.607046127319336,57000,0.0,0.0
1994-05-09 00:00:00-04:00,13.519822475956936,13.519822475956936,13.345373153686523,13.345373153686523,24500,0.0,0.0
1994-05-10 00:00:00-04:00,13.519821817224678,13.607046474109998,13.345372503454035,13.432597160339355,42700,0.0,0.0
1994-05-11 00:00:00-04:00,13.607044859855407,13.607044859855407,13.345370920242802,13.519820213317871,712000,0.0,0.0
1994-05-12 00:00:00-04:00,13.607046127319336,13.868720091306246,13.519821472657032,13.607046127319336,321200,0.0,0.0
1994-05-13 00:00:00-04:00,13.607046127319336,13.781495436643942,13.519821472657032,13.607046127319336,285500,0.0,0.0
1994-05-16 00:00:00-04:00,13.69427078198164,13.69427078198164,13.519821472657032,13.607046127319336,33500,0.0,0.0
1994-05-17 00:00:00-04:00,13.519820213317873,13.607044859855407,12.996472334092664,13.519820213317871,161400,0.0,0.0
1994-05-18 00:00:00-04:00,13.519820213317873,13.519820213317873,13.432595566780337,13.519820213317871,360700,0.0,0.0
1994-05-19 00:00:00-04:00,13.519820213317873,13.519820213317873,13.38898324351157,13.519820213317871,918500,0.0,0.0
1994-05-20 00:00:00-04:00,13.467354774475098,13.554805130153508,13.467354774475098,13.467354774475098,1878900,0.05,0.0
1994-05-23 00:00:00-04:00,13.55480670928955,13.642257075155936,13.55480670928955,13.55480670928955,388700,0.0,0.0
1994-05-24 00:00:00-04:00,13.642257075155936,13.642257075155936,13.467356343423168,13.55480670928955,130800,0.0,0.0
1994-05-25 00:00:00-04:00,13.467354774475098,13.554805130153508,13.379904418796688,13.467354774475098,37500,0.0,0.0
1994-05-26 00:00:00-04:00,13.467354774475098,13.467354774475098,13.379904418796688,13.467354774475098,164100,0.0,0.0
1994-05-27 00:00:00-04:00,13.292455611690398,13.55480670928955,13.292455611690398,13.55480670928955,18800,0.0,0.0
1994-05-31 00:00:00-04:00,13.467356343423168,13.642257075155936,13.467356343423168,13.55480670928955,233400,0.0,0.0
1994-06-01 00:00:00-04:00,13.64224976946594,13.729700088500977,13.467349131395862,13.729700088500977,366600,0.0,0.0
1994-06-02 00:00:00-04:00,13.729703909158706,13.99205493927002,13.729703909158706,13.99205493927002,442400,0.0,0.0
1994-06-03 00:00:00-04:00,13.99205493927002,13.99205493927002,13.817154252529145,13.99205493927002,509700,0.0,0.0
1994-06-06 00:00:00-04:00,13.99205178207492,14.079502105712889,13.904601458436954,14.07950210571289,372000,0.0,0.0
1994-06-07 00:00:00-04:00,13.99205340761127,14.516755410396692,13.99205340761127,14.429305076599121,1021300,0.0,0.0
1994-06-08 00:00:00-04:00,14.25440440900398,14.429305076599121,14.25440440900398,14.429305076599121,89600,0.0,0.0
1994-06-09 00:00:00-04:00,14.429302300725663,14.779103568622043,14.429302300725663,14.69165325164795,792900,0.0,0.0
1994-06-10 00:00:00-04:00,14.779103568622043,14.779103568622043,14.604202934673854,14.69165325164795,512700,0.0,0.0
1994-06-13 00:00:00-04:00,14.779103568622043,14.779103568622043,14.604202934673854,14.69165325164795,224700,0.0,0.0
1994-06-14 00:00:00-04:00,14.691653251647947,14.691653251647947,14.604202934673854,14.69165325164795,74800,0.0,0.0
1994-06-15 00:00:00-04:00,14.691656755977833,14.954007769477437,14.691656755977833,14.779107093811035,409400,0.0,0.0
1994-06-16 00:00:00-04:00,14.866557762636775,14.954008102416992,14.779107422856558,14.954008102416992,413200,0.0,0.0
1994-06-17 00:00:00-04:00,14.954012805017932,15.391264641421964,14.954012805017932,15.216363906860352,1072100,0.0,0.0
1994-06-20 00:00:00-04:00,15.12890911102295,15.216359452705163,15.12890911102295,15.12890911102295,1215100,0.0,0.0
1994-06-21 00:00:00-04:00,15.128913539579544,15.216363906860352,15.128913539579544,15.216363906860352,772400,0.0,0.0
1994-06-22 00:00:00-04:00,15.216359452705163,15.216359452705163,15.12890911102295,15.12890911102295,131200,0.0,0.0
1994-06-23 00:00:00-04:00,15.041458129882812,15.216358805811682,15.041458129882812,15.041458129882812,337300,0.0,0.0
1994-06-24 00:00:00-04:00,15.041454519544327,15.128904836518423,14.691653251647947,14.69165325164795,283000,0.0,0.0
1994-06-27 00:00:00-04:00,14.604202934673854,14.691653251647947,14.34185198375157,14.69165325164795,270900,0.0,0.0
1994-06-28 00:00:00-04:00,14.691658339814513,14.779108687075313,14.42930729803211,14.604207992553711,197000,0.0,0.0
1994-06-29 00:00:00-04:00,14.604202934673854,14.866553885596138,14.604202934673854,14.69165325164795,91100,0.0,0.0
1994-06-30 00:00:00-04:00,14.604202934673854,14.866553885596138,14.604202934673854,14.69165325164795,163600,0.0,0.0
1994-07-01 00:00:00-04:00,14.604206440060636,15.041458129882812,14.604206440060636,15.041458129882812,241000,0.0,0.0
1994-07-05 00:00:00-04:00,15.041458129882812,15.041458129882812,14.954007791918377,15.041458129882812,225200,0.0,0.0
1994-07-06 00:00:00-04:00,14.954008102416992,15.041458442197207,14.866557762636775,14.954008102416992,189000,0.0,0.0
1994-07-07 00:00:00-04:00,14.954007791918377,15.128908467847246,14.954007791918377,15.041458129882812,104800,0.0,0.0
1994-07-08 00:00:00-04:00,15.041458474714204,15.478710174560547,15.041458474714204,15.478710174560547,480500,0.0,0.0
1994-07-11 00:00:00-04:00,15.478706652467903,15.478706652467903,15.303806012327021,15.391256332397461,216800,0.0,0.0
1994-07-12 00:00:00-04:00,15.391260463169644,15.391260463169644,15.041459089006697,15.303810119628906,280900,0.0,0.0
1994-07-13 00:00:00-04:00,15.303806012327021,15.478706652467903,15.303806012327021,15.391256332397461,530900,0.0,0.0
1994-07-14 00:00:00-04:00,15.391260463169644,15.391260463169644,15.303810119628906,15.303810119628906,72400,0.0,0.0
1994-07-15 00:00:00-04:00,15.216355692256581,15.478706652467903,15.216355692256581,15.391256332397461,597700,0.0,0.0
1994-07-18 00:00:00-04:00,15.391256332397461,15.478706652467903,15.303806012327021,15.391256332397461,103700,0.0,0.0
1994-07-19 00:00:00-04:00,15.478712066014607,15.828513468636407,15.478712066014607,15.741063117980957,586100,0.0,0.0
1994-07-20 00:00:00-04:00,15.828512191772463,15.828512191772463,15.741061848171508,15.828512191772461,205200,0.0,0.0
1994-07-21 00:00:00-04:00,15.828510954573346,16.440663311932536,15.741060617807749,16.178312301635742,509700,0.0,0.0
1994-07-22 00:00:00-04:00,16.178306539853416,16.79045867919922,16.178306539853416,16.79045867919922,674300,0.0,0.0
1994-07-25 00:00:00-04:00,17.052809880041952,17.052809880041952,16.528108037579123,16.7030086517334,645500,0.0,0.0
1994-07-26 00:00:00-04:00,16.703020782067032,16.703020782067032,16.440669670306814,16.528120040893555,316800,0.0,0.0
1994-07-27 00:00:00-04:00,16.528120040893555,16.61557041148029,16.440669670306814,16.528120040893555,848600,0.0,0.0
1994-07-28 00:00:00-04:00,16.440659894441303,16.703010850203665,16.178308938678942,16.61556053161621,929100,0.0,0.0
1994-07-29 00:00:00-04:00,16.703008373578392,17.227710207303367,16.61555806795756,16.79045867919922,613900,0.0,0.0
1994-08-01 00:00:00-04:00,16.965368270874023,17.22771932660919,16.79046756705058,16.965368270874023,86300,0.0,0.0
1994-08-02 00:00:00-04:00,16.877916653951008,17.315168380737305,16.877916653951008,17.315168380737305,421100,0.0,0.0
1994-08-03 00:00:00-04:00,17.31516709619639,17.31516709619639,17.14026641845703,17.14026641845703,204700,0.0,0.0
1994-08-04 00:00:00-04:00,17.227717071924452,17.227717071924452,16.965366050524587,17.05281639099121,148400,0.0,0.0
1994-08-05 00:00:00-04:00,16.877915710057966,17.227717071924452,16.877915710057966,17.05281639099121,344100,0.0,0.0
1994-08-08 00:00:00-04:00,17.140269903967223,17.402620973925906,17.140269903967223,17.227720260620117,222200,0.0,0.0
1994-08-09 00:00:00-04:00,17.227717071924452,17.227717071924452,16.965366050524587,17.05281639099121,291100,0.0,0.0
1994-08-10 00:00:00-04:00,16.877915401847996,17.22771675732671,16.877915401847996,17.14026641845703,364400,0.0,0.0
1994-08-11 00:00:00-04:00,17.05281954731433,17.227720260620117,17.05281954731433,17.227720260620117,535800,0.0,0.0
1994-08-12 00:00:00-04:00,17.140267690022785,17.315168380737305,17.140267690022785,17.315168380737305,318800,0.0,0.0
1994-08-15 00:00:00-04:00,17.31517061727301,17.31517061727301,17.140269903967223,17.227720260620117,387600,0.0,0.0
1994-08-16 00:00:00-04:00,17.227718035380043,17.315168380737305,17.227718035380043,17.315168380737305,678200,0.0,0.0
1994-08-17 00:00:00-04:00,17.227711772918703,17.490062713623047,17.227711772918703,17.490062713623047,503100,0.0,0.0
1994-08-18 00:00:00-04:00,17.490065331552543,17.839866638183594,17.490065331552543,17.839866638183594,488000,0.0,0.0
1994-08-19 00:00:00-04:00,17.839866638183594,17.839866638183594,17.66496598486807,17.839866638183594,663100,0.0,0.0
1994-08-22 00:00:00-04:00,17.7524194809997,18.277121534625305,17.490068454186893,18.0147705078125,332100,0.0,0.0
1994-08-23 00:00:00-04:00,18.10221832532149,18.277118985469524,18.014767995247475,18.189668655395508,643000,0.0,0.0
1994-08-24 00:00:00-04:00,18.10221832532149,18.36456931554354,18.014767995247475,18.189668655395508,1125300,0.0,0.0
1994-08-25 00:00:00-04:00,18.10221832532149,18.189668655395508,18.014767995247475,18.189668655395508,288300,0.0,0.0
1994-08-26 00:00:00-04:00,18.102221488952637,18.452022870381672,17.927320798238117,18.364572525024414,471200,0.0,0.0
1994-08-29 00:00:00-04:00,18.364572844436864,18.71437423194995,18.189672150680323,18.277122497558594,218400,0.0,0.0
1994-08-30 00:00:00-04:00,18.36456753383173,18.71436882019043,18.36456753383173,18.71436882019043,711100,0.0,0.0
1994-08-31 00:00:00-04:00,18.62692100596878,18.62692100596878,18.539470672607422,18.539470672607422,639600,0.0,0.0
1994-09-01 00:00:00-04:00,18.539470672607422,18.62692100596878,18.45202033924607,18.539470672607422,172000,0.0,0.0
1994-09-02 00:00:00-04:00,18.36456753383173,18.801819141780104,18.36456753383173,18.71436882019043,199300,0.0,0.0
1994-09-06 00:00:00-04:00,19.064170837402344,19.413972137171193,18.97672051246013,19.064170837402344,201600,0.0,0.0
1994-09-07 00:00:00-04:00,19.239076614379883,19.501427659121426,19.239076614379883,19.239076614379883,509200,0.0,0.0
1994-09-08 00:00:00-04:00,19.239074396331922,19.32652473449707,18.889273043671345,19.32652473449707,513500,0.0,0.0
1994-09-09 00:00:00-04:00,19.064171136249595,19.151621462562666,18.889270483623452,18.976720809936523,81300,0.0,0.0
1994-09-12 00:00:00-04:00,19.151626586914062,19.326527286337935,18.889275537778254,19.151626586914062,192300,0.0,0.0
1994-09-13 00:00:00-04:00,19.67632311199783,19.67632311199783,19.064170837402344,19.064170837402344,509100,0.0,0.0
1994-09-14 00:00:00-04:00,19.064178706284594,19.50143051147461,19.064178706284594,19.50143051147461,527800,0.0,0.0
1994-09-15 00:00:00-04:00,19.50143051147461,19.58888087251261,19.326529789398602,19.50143051147461,241600,0.0,0.0
1994-09-16 00:00:00-04:00,19.413977929524012,19.588878631591797,19.413977929524012,19.588878631591797,39500,0.0,0.0
1994-09-19 00:00:00-04:00,19.676326751708984,19.938677775065106,19.588876410590277,19.676326751708984,558700,0.0,0.0
1994-09-20 00:00:00-04:00,19.676326087157648,19.676326087157648,19.151624058166778,19.32652473449707,246100,0.0,0.0
1994-09-21 00:00:00-04:00,19.239071788875737,19.41397244150188,18.62691950468424,18.976720809936523,197300,0.0,0.0
1994-09-22 00:00:00-04:00,18.97672111016733,19.06417143786395,18.626919799380833,18.889270782470703,496200,0.0,0.0
1994-09-23 00:00:00-04:00,18.88926946336978,18.88926946336978,18.626918498600755,18.71436882019043,458400,0.0,0.0
1994-09-26 00:00:00-04:00,18.71436882019043,18.71436882019043,18.53946817701108,18.71436882019043,96400,0.0,0.0
1994-09-27 00:00:00-04:00,18.714374864605112,18.714374864605112,18.626924514770508,18.626924514770508,492600,0.0,0.0
1994-09-28 00:00:00-04:00,18.626924488642445,19.151626586914062,18.626924488642445,19.151626586914062,325500,0.0,0.0
1994-09-29 00:00:00-04:00,19.064176237202126,19.151626586914062,18.97672588749019,19.151626586914062,108800,0.0,0.0
1994-09-30 00:00:00-04:00,19.064176237202126,19.239076936626,19.064176237202126,19.151626586914062,88900,0.0,0.0
1994-10-03 00:00:00-04:00,18.976728345246592,19.50143051147461,18.976728345246592,19.50143051147461,78200,0.0,0.0
1994-10-04 00:00:00-04:00,19.413973546661108,20.11357619699124,19.413973546661108,19.763774871826172,307600,0.0,0.0
1994-10-05 00:00:00-04:00,19.676326087157648,19.676326087157648,19.239074396331922,19.32652473449707,327100,0.0,0.0
1994-10-06 00:00:00-04:00,19.326523215369843,19.763774871826172,19.326523215369843,19.763774871826172,349300,0.0,0.0
1994-10-07 00:00:00-04:00,19.588877049075464,20.0261287689209,19.588877049075464,20.0261287689209,226800,0.0,0.0
1994-10-10 00:00:00-04:00,19.93867204169265,20.813175201416016,19.93867204169265,20.813175201416016,301400,0.0,0.0
1994-10-11 00:00:00-04:00,20.90062833745429,20.90062833745429,20.46337669859541,20.550827026367188,247700,0.0,0.0
1994-10-12 00:00:00-04:00,20.375926370823635,20.550827026367188,20.288476043051862,20.550827026367188,82900,0.0,0.0
1994-10-13 00:00:00-04:00,20.638277657011635,20.72572798606677,20.2884763407911,20.463376998901367,313500,0.0,0.0
1994-10-14 00:00:00-04:00,20.375929191194732,20.375929191194732,20.113578171565614,20.28847885131836,65300,0.0,0.0
1994-10-17 00:00:00-04:00,20.288480439411213,20.375930786132812,20.02612939924641,20.375930786132812,148600,0.0,0.0
1994-10-18 00:00:00-04:00,20.201023392055344,20.28847370976987,19.93867243891177,20.11357307434082,179800,0.0,0.0
1994-10-19 00:00:00-04:00,20.28847885131836,20.375929191194732,20.113578171565614,20.28847885131836,197400,0.0,0.0
1994-10-20 00:00:00-04:00,20.201028511441987,20.375929191194732,20.113578171565614,20.28847885131836,165400,0.0,0.0
1994-10-21 00:00:00-04:00,20.113579112889987,20.375930144797245,19.93867842495181,20.0261287689209,219300,0.0,0.0
1994-10-24 00:00:00-04:00,19.93868064880371,20.37593241741783,19.763779941358067,19.93868064880371,160100,0.0,0.0
1994-10-25 00:00:00-04:00,20.02612555919765,20.37592687900896,19.588873909433506,19.851224899291992,197500,0.0,0.0
1994-10-26 00:00:00-04:00,19.8512274339464,19.938677775065106,19.588876410590277,19.676326751708984,117600,0.0,0.0
1994-10-27 00:00:00-04:00,19.676324239386336,19.851224899291992,19.676324239386336,19.851224899291992,86300,0.0,0.0
1994-10-28 00:00:00-04:00,19.763780849836603,20.288482996292444,19.413979418866045,20.201032638549805,151900,0.0,0.0
1994-10-31 00:00:00-05:00,20.288480439411213,20.463381132854412,20.201030092689614,20.375930786132812,234600,0.0,0.0
1994-11-01 00:00:00-05:00,20.375926669846233,20.5508273279565,20.2884763407911,20.463376998901367,286200,0.0,0.0
1994-11-02 00:00:00-05:00,20.46337669859541,20.63827735413896,20.375926370823635,20.550827026367188,356200,0.0,0.0
1994-11-03 00:00:00-05:00,20.638273239135742,20.813173859806383,20.638273239135742,20.638273239135742,250300,0.0,0.0
1994-11-04 00:00:00-05:00,20.638274569471342,20.813175201416016,20.638274569471342,20.813175201416016,333200,0.0,0.0
1994-11-07 00:00:00-05:00,20.813178009682513,20.813178009682513,20.550827026367188,20.550827026367188,277200,0.0,0.0
1994-11-08 00:00:00-05:00,20.550824253499005,20.900625517388352,20.550824253499005,20.813175201416016,270800,0.0,0.0
1994-11-09 00:00:00-05:00,20.81318514274828,20.900635500490925,20.201032638549805,20.201032638549805,142100,0.0,0.0
1994-11-10 00:00:00-05:00,20.28847654905613,20.28847654905613,19.41397324952785,19.851224899291992,289800,0.0,0.0
1994-11-11 00:00:00-05:00,19.938675534408706,20.02612586569997,19.58887420924364,19.763774871826172,94900,0.0,0.0
1994-11-14 00:00:00-05:00,19.851224495483947,19.938674823657884,19.326522526440318,19.413972854614258,155000,0.0,0.0
1994-11-15 00:00:00-05:00,19.501428280557906,19.851229684693475,19.413977929524012,19.588878631591797,314000,0.0,0.0
1994-11-16 00:00:00-05:00,19.58888087251261,19.58888087251261,19.326529789398602,19.50143051147461,254600,0.0,0.0
1994-11-17 00:00:00-05:00,19.588878631591797,19.851229684693475,19.501428280557906,19.588878631591797,55300,0.0,0.0
1994-11-18 00:00:00-05:00,19.543306350708008,19.543306350708008,19.45566820563757,19.543306350708008,85800,0.06,0.0
1994-11-21 00:00:00-05:00,19.54330755354048,19.630945704004784,19.368031252611864,19.455669403076172,256300,0.0,0.0
1994-11-22 00:00:00-05:00,19.368032932281494,19.45567109034612,18.228736877441406,18.228736877441406,187400,0.0,0.0
1994-11-23 00:00:00-05:00,17.87818424518292,18.228736877441406,17.702907929053673,18.228736877441406,362400,0.0,0.0
1994-11-25 00:00:00-05:00,18.141097146111566,19.455669403076172,18.141097146111566,19.455669403076172,200500,0.0,0.0
1994-11-28 00:00:00-05:00,19.10510768061099,20.507317418637484,18.929831463357676,20.15676498413086,339800,0.0,0.0
1994-11-29 00:00:00-05:00,20.244415637666144,20.244415637666144,19.718586660064428,19.806224822998047,151300,0.0,0.0
1994-11-30 00:00:00-05:00,19.80621400372735,20.507318924213276,19.80621400372735,20.332042694091797,150100,0.0,0.0
1994-12-01 00:00:00-05:00,20.332042694091797,20.507318924213276,20.244404579031055,20.332042694091797,105500,0.0,0.0
1994-12-02 00:00:00-05:00,20.244415637666144,20.332053800599763,19.718586660064428,19.806224822998047,104600,0.0,0.0
1994-12-05 00:00:00-05:00,20.069135665893555,20.33205010693146,19.893859371868285,20.069135665893555,206400,0.0,0.0
1994-12-06 00:00:00-05:00,20.069129207678007,20.24440544529965,19.893852970056365,19.981491088867188,60600,0.0,0.0
1994-12-07 00:00:00-05:00,19.981495151272068,20.244409561157227,19.893857014643682,20.244409561157227,35100,0.0,0.0
1994-12-08 00:00:00-05:00,20.244412757254935,20.244412757254935,19.455669403076172,19.455669403076172,366600,0.0,0.0
1994-12-09 00:00:00-05:00,19.280392682110822,19.280392682110822,18.842201939335574,18.929840087890625,151100,0.0,0.0
1994-12-12 00:00:00-05:00,18.929833196824596,19.105109430128525,18.929833196824596,19.017471313476562,112000,0.0,0.0
1994-12-13 00:00:00-05:00,19.01747149149577,19.806214548746745,19.01747149149577,19.718576431274414,157300,0.0,0.0
1994-12-14 00:00:00-05:00,19.981495151272068,20.419685834414,19.981495151272068,20.244409561157227,332100,0.0,0.0
1994-12-15 00:00:00-05:00,20.33205010693146,20.33205010693146,19.98149751888092,20.069135665893555,249800,0.0,0.0
1994-12-16 00:00:00-05:00,20.069126875504203,20.15676498413086,20.069126875504203,20.15676498413086,192800,0.0,0.0
1994-12-19 00:00:00-05:00,20.069132313329217,20.156770445701834,19.806217916211367,19.893856048583984,185500,0.0,0.0
1994-12-20 00:00:00-05:00,19.893865449087958,20.069141796657018,19.45567458016532,19.630950927734375,331000,0.0,0.0
1994-12-21 00:00:00-05:00,19.630944495778447,19.630944495778447,19.36803006056713,19.543306350708008,69000,0.0,0.0
1994-12-22 00:00:00-05:00,19.54330755354048,19.630945704004784,19.368031252611864,19.455669403076172,116900,0.0,0.0
1994-12-23 00:00:00-05:00,19.543305401388366,19.543305401388366,19.105114697321365,19.192752838134766,50900,0.0,0.0
1994-12-27 00:00:00-05:00,19.28038584391276,19.718576431274414,19.28038584391276,19.718576431274414,371700,0.0,0.0
1994-12-28 00:00:00-05:00,19.718582640848886,19.718582640848886,19.543306350708008,19.543306350708008,97900,0.0,0.0
1994-12-29 00:00:00-05:00,19.36802396138509,19.981490783691406,19.36802396138509,19.718576431274414,213800,0.0,0.0
1994-12-30 00:00:00-05:00,19.718576431274414,19.893852666219075,19.718576431274414,19.718576431274414,160300,0.0,0.0
1995-01-03 00:00:00-05:00,19.80621682100518,19.80621682100518,18.66692116315975,18.84219741821289,222000,0.0,0.0
1995-01-04 00:00:00-05:00,18.92984050029033,19.455669403076172,18.92984050029033,19.455669403076172,123000,0.0,0.0
1995-01-05 00:00:00-05:00,19.192752838134766,19.280390978948166,19.01747655650796,19.192752838134766,170300,0.0,0.0
1995-01-06 00:00:00-05:00,19.105112343352303,19.368026733398438,19.105112343352303,19.368026733398438,242900,0.0,0.0
1995-01-09 00:00:00-05:00,19.19275453355577,19.19275453355577,18.929840087890625,18.929840087890625,174100,0.0,0.0
1995-01-10 00:00:00-05:00,18.929839872978103,19.01747802053819,18.66692543029785,18.66692543029785,285400,0.0,0.0
1995-01-11 00:00:00-05:00,18.84220398389376,18.84220398389376,18.053460561312164,18.228736877441406,270900,0.0,0.0
1995-01-12 00:00:00-05:00,18.316372142647797,18.666924719540578,18.141095854201406,18.579286575317383,289600,0.0,0.0
1995-01-13 00:00:00-05:00,18.49164795207086,18.84220051988263,18.49164795207086,18.754562377929688,160600,0.0,0.0
1995-01-16 00:00:00-05:00,18.754563790780526,19.017478236445672,18.754563790780526,18.929840087890625,163800,0.0,0.0
1995-01-17 00:00:00-05:00,19.01747584561689,19.105113983154297,18.929837708079486,19.105113983154297,172400,0.0,0.0
1995-01-18 00:00:00-05:00,19.01747655650796,19.543305401388366,19.01747655650796,19.192752838134766,253200,0.0,0.0
1995-01-19 00:00:00-05:00,19.192752838134766,19.543305401388366,19.192752838134766,19.192752838134766,191200,0.0,0.0
1995-01-20 00:00:00-05:00,19.192752838134766,19.280390978948166,19.192752838134766,19.192752838134766,214100,0.0,0.0
1995-01-23 00:00:00-05:00,19.192751650376753,19.2803897857666,19.192751650376753,19.2803897857666,136800,0.0,0.0
1995-01-24 00:00:00-05:00,19.280390258229104,19.280390258229104,19.105113983154297,19.105113983154297,250200,0.0,0.0
1995-01-25 00:00:00-05:00,19.105116385000724,19.105116385000724,18.842201939335574,18.929840087890625,112600,0.0,0.0
1995-01-26 00:00:00-05:00,18.84220100798697,18.84220100798697,18.579286575317383,18.579286575317383,109700,0.0,0.0
1995-01-27 00:00:00-05:00,18.666924235976744,18.754562377929688,18.579286094023804,18.754562377929688,50500,0.0,0.0
1995-01-30 00:00:00-05:00,18.66692077412325,18.66692077412325,17.352348888621613,17.878177642822266,216900,0.0,0.0
1995-01-31 00:00:00-05:00,17.878177642822266,17.965815768522376,17.43998701432172,17.878177642822266,223900,0.0,0.0
1995-02-01 00:00:00-05:00,17.702907929053673,18.491651351635273,17.702907929053673,18.228736877441406,347700,0.0,0.0
1995-02-02 00:00:00-05:00,18.141096333095003,19.71858297075544,18.141096333095003,18.404010772705078,539300,0.0,0.0
1995-02-03 00:00:00-05:00,18.316371430000757,19.192752838134766,18.316371430000757,19.192752838134766,761000,0.0,0.0
1995-02-06 00:00:00-05:00,19.19275047336768,19.368026733398438,18.842197953306172,19.368026733398438,571300,0.0,0.0
1995-02-07 00:00:00-05:00,19.368029119761566,19.455667260574966,19.105114697321365,19.192752838134766,128200,0.0,0.0
1995-02-08 00:00:00-05:00,19.280390978948166,19.280390978948166,19.105114697321365,19.192752838134766,195200,0.0,0.0
1995-02-09 00:00:00-05:00,19.192752838134766,19.368029119761566,18.92983841569456,19.192752838134766,412800,0.0,0.0
1995-02-10 00:00:00-05:00,19.192752838134766,19.192752838134766,19.105114697321365,19.192752838134766,147800,0.0,0.0
1995-02-13 00:00:00-05:00,19.105113983154297,19.1927521206917,19.01747584561689,19.105113983154297,129400,0.0,0.0
1995-02-14 00:00:00-05:00,19.017476803788515,19.017476803788515,18.579286094023804,18.754562377929688,394400,0.0,0.0
1995-02-15 00:00:00-05:00,18.49164702039246,19.105113983154297,18.49164702039246,19.105113983154297,336900,0.0,0.0
1995-02-16 00:00:00-05:00,19.01747584561689,19.1927521206917,18.842199570542082,19.105113983154297,242700,0.0,0.0
1995-02-17 00:00:00-05:00,19.017483711242676,19.7185891015189,18.75456918988909,19.630950927734375,312800,0.0,0.0
1995-02-21 00:00:00-05:00,19.543303519093516,19.9814941809566,19.368027254348284,19.893856048583984,461700,0.0,0.0
1995-02-22 00:00:00-05:00,19.893859371868285,20.069135665893555,19.893859371868285,20.069135665893555,342800,0.0,0.0
1995-02-23 00:00:00-05:00,20.069132825335718,20.41968536376953,20.069132825335718,20.41968536376953,541200,0.0,0.0
1995-02-24 00:00:00-05:00,20.419679227788397,20.594955444335938,20.332041119514628,20.594955444335938,227800,0.0,0.0
1995-02-27 00:00:00-05:00,20.682596646822414,20.770234768207256,20.507320404052734,20.507320404052734,380900,0.0,0.0
1995-02-28 00:00:00-05:00,20.507320404052734,20.507320404052734,20.15676791851337,20.507320404052734,166600,0.0,0.0
1995-03-01 00:00:00-05:00,20.507318924213276,20.507318924213276,20.156766463970314,20.332042694091797,163900,0.0,0.0
1995-03-02 00:00:00-05:00,20.244404579031055,20.419680809152535,20.156766463970314,20.332042694091797,173100,0.0,0.0
1995-03-03 00:00:00-05:00,20.156766463970314,20.332042694091797,20.156766463970314,20.332042694091797,101800,0.0,0.0
1995-03-06 00:00:00-05:00,20.15676732648883,20.28822450470506,19.981491088867188,19.981491088867188,120500,0.0,0.0
1995-03-07 00:00:00-05:00,20.069126875504203,20.332041201384172,19.981488766877547,20.15676498413086,338500,0.0,0.0
1995-03-08 00:00:00-05:00,20.069132313329217,20.156770445701834,19.893856048583984,19.893856048583984,38500,0.0,0.0
1995-03-09 00:00:00-05:00,19.893852970056365,20.15676732648883,19.893852970056365,19.981491088867188,219100,0.0,0.0
1995-03-10 00:00:00-05:00,20.156766463970314,20.507318924213276,19.981490233848834,20.332042694091797,352600,0.0,0.0
1995-03-13 00:00:00-05:00,20.332046631843813,21.734256744384766,20.332046631843813,21.734256744384766,726500,0.0,0.0
1995-03-14 00:00:00-05:00,22.785912738343463,22.961188990176876,22.347722108759935,22.698274612426758,551500,0.0,0.0
1995-03-15 00:00:00-05:00,22.698274612426758,22.785912738343463,22.172445856926522,22.698274612426758,370800,0.0,0.0
1995-03-16 00:00:00-05:00,22.43536023467664,22.785912738343463,22.260083982843227,22.698274612426758,290600,0.0,0.0
1995-03-17 00:00:00-05:00,22.698276730034294,22.698276730034294,22.172447925477513,22.260086059570312,209800,0.0,0.0
1995-03-20 00:00:00-05:00,22.26008297789331,22.347721099853516,21.64661612417184,22.347721099853516,82400,0.0,0.0
1995-03-21 00:00:00-05:00,22.5230004618487,22.5230004618487,22.172447925477513,22.260086059570312,441200,0.0,0.0
1995-03-22 00:00:00-05:00,22.26008938252926,22.435365676879883,22.172451235353947,22.435365676879883,526200,0.0,0.0
1995-03-23 00:00:00-05:00,22.34772752970457,22.523003824055195,22.26008938252926,22.435365676879883,266600,0.0,0.0
1995-03-24 00:00:00-05:00,22.43536023467664,22.698274612426758,22.43536023467664,22.698274612426758,512500,0.0,0.0
1995-03-27 00:00:00-05:00,22.698276730034294,22.698276730034294,22.084809791384718,22.260086059570312,244300,0.0,0.0
1995-03-28 00:00:00-05:00,22.347721099853516,22.347721099853516,21.997168612012675,22.347721099853516,278700,0.0,0.0
1995-03-29 00:00:00-05:00,22.43536023467664,22.698274612426758,22.347722108759935,22.698274612426758,193100,0.0,0.0
1995-03-30 00:00:00-05:00,22.69828011840582,22.78591826558113,22.34772752970457,22.435365676879883,156800,0.0,0.0
1995-03-31 00:00:00-05:00,22.522994995117188,22.610633107938657,22.260080656652786,22.522994995117188,92300,0.0,0.0
1995-04-03 00:00:00-04:00,22.522994995117188,22.610633107938657,22.260080656652786,22.522994995117188,185400,0.0,0.0
1995-04-04 00:00:00-04:00,22.610641971230507,22.610641971230507,22.26008938252926,22.435365676879883,460100,0.0,0.0
1995-04-05 00:00:00-04:00,22.26008269112065,23.224102020263672,22.26008269112065,23.224102020263672,831300,0.0,0.0
1995-04-06 00:00:00-04:00,23.13646462806185,23.487017122426426,23.13646462806185,23.31174087524414,414700,0.0,0.0
1995-04-07 00:00:00-04:00,23.487018852656178,23.74993324279785,23.31174259256173,23.74993324279785,305400,0.0,0.0
1995-04-10 00:00:00-04:00,23.74993324279785,24.012847632939522,23.662295112750627,23.74993324279785,388900,0.0,0.0
1995-04-11 00:00:00-04:00,23.837571372845076,23.925209502892297,23.662295112750627,23.74993324279785,512100,0.0,0.0
1995-04-12 00:00:00-04:00,23.74993586540222,23.837574005126953,23.66229772567749,23.837574005126953,247400,0.0,0.0
1995-04-13 00:00:00-04:00,23.837574005126953,23.925212144851685,23.74993586540222,23.837574005126953,266800,0.0,0.0
1995-04-17 00:00:00-04:00,23.925209045410156,24.012847173781623,23.83757091703869,23.925209045410156,202300,0.0,0.0
1995-04-18 00:00:00-04:00,23.925204587786382,23.925204587786382,23.048823467354648,23.399375915527344,160600,0.0,0.0
1995-04-19 00:00:00-04:00,23.399378707653668,23.487016830154243,22.873549972650217,23.048826217651367,99200,0.0,0.0
1995-04-20 00:00:00-04:00,23.136470628821332,23.487023214106504,22.17245101928711,22.17245101928711,580900,0.0,0.0
1995-04-21 00:00:00-04:00,22.260086059570312,22.347724193663108,21.909533523199126,22.260086059570312,81600,0.0,0.0
1995-04-24 00:00:00-04:00,22.34772752970457,22.610641971230507,22.34772752970457,22.435365676879883,288400,0.0,0.0
1995-04-25 00:00:00-04:00,22.43536140382752,22.610637664794922,22.34772327334382,22.610637664794922,305400,0.0,0.0
1995-04-26 00:00:00-04:00,22.61063864030911,23.399381848691984,22.61063864030911,22.961191177368164,371100,0.0,0.0
1995-04-27 00:00:00-04:00,23.048829811722484,23.574658628719956,22.96119167555624,23.48702049255371,304700,0.0,0.0
1995-04-28 00:00:00-04:00,23.487014027570517,23.57465213961369,23.13646157939782,23.399375915527344,1033700,0.0,0.0
1995-05-01 00:00:00-04:00,23.399375915527344,23.487014027570517,23.311737803484167,23.399375915527344,341100,0.0,0.0
1995-05-02 00:00:00-04:00,23.311740141094855,23.487016382757222,23.224102020263672,23.224102020263672,351100,0.0,0.0
1995-05-03 00:00:00-04:00,23.311740585153093,23.311740585153093,22.873549972650217,23.048826217651367,72700,0.0,0.0
1995-05-04 00:00:00-04:00,22.435362327755904,23.04882926640548,22.172447925477513,22.260086059570312,571900,0.0,0.0
1995-05-05 00:00:00-04:00,19.806217383475325,19.893855513490703,18.92983608332155,19.368026733398438,2087800,0.0,0.0
1995-05-08 00:00:00-04:00,19.368031252611864,19.71858385446909,19.19275495168325,19.455669403076172,922900,0.0,0.0
1995-05-09 00:00:00-04:00,19.54330565550617,19.54330565550617,18.404009810117916,18.754562377929688,819400,0.0,0.0
1995-05-10 00:00:00-04:00,18.842200776606656,18.842200776606656,18.053457488283588,18.31637191772461,1142200,0.0,0.0
1995-05-11 00:00:00-04:00,18.404010286870992,18.754562863763773,18.2287339984246,18.579286575317383,1477200,0.0,0.0
1995-05-12 00:00:00-04:00,18.579286094023804,19.1927530876944,18.579286094023804,18.754562377929688,857900,0.0,0.0
1995-05-15 00:00:00-04:00,18.92984319366185,19.893862985931666,18.84220503072823,19.806224822998047,529600,0.0,0.0
1995-05-16 00:00:00-04:00,20.332047268562793,21.20842861634567,20.156770999006216,21.120790481567383,977400,0.0,0.0
1995-05-17 00:00:00-04:00,21.208425966898602,21.38370221455892,20.857873471577964,21.03314971923828,506300,0.0,0.0
1995-05-18 00:00:00-04:00,21.03315528303255,21.03315528303255,19.98149751888092,20.069135665893555,380000,0.0,0.0
1995-05-19 00:00:00-04:00,19.28038860338306,19.718579253459946,19.19275047336768,19.368026733398438,554700,0.0,0.0
1995-05-22 00:00:00-04:00,20.024988347833805,20.288475036621094,19.937159451571375,20.288475036621094,134800,0.06,0.0
1995-05-23 00:00:00-04:00,20.639790965534967,20.90327765871201,20.464133170083606,20.815448760986328,168200,0.0,0.0
1995-05-24 00:00:00-04:00,20.90327696072853,21.078934750314485,20.6397902763496,20.727619171142578,272800,0.0,0.0
1995-05-25 00:00:00-04:00,20.727618283238904,20.90327606530025,20.288473828085536,20.37630271911621,120700,0.0,0.0
1995-05-26 00:00:00-04:00,20.376298904418945,20.376298904418945,18.88320803642273,18.971036911010742,303400,0.0,0.0
1995-05-30 00:00:00-04:00,19.14670152484246,19.14670152484246,18.444070276224387,18.619728088378906,445100,0.0,0.0
1995-05-31 00:00:00-04:00,18.707551956176758,19.05886748587022,18.61972307375339,18.707551956176758,264600,0.0,0.0
1995-06-01 00:00:00-04:00,18.795379867202126,19.146695378738613,18.795379867202126,19.058866500854492,340600,0.0,0.0
1995-06-02 00:00:00-04:00,18.092750129699706,18.092750129699706,17.214461288452146,17.565776824951172,1223200,0.0,0.0
1995-06-05 00:00:00-04:00,17.565775890739594,17.653604770193294,17.03880261401741,17.214460372924805,1225000,0.0,0.0
1995-06-06 00:00:00-04:00,17.302294078131613,17.91709640578096,17.302294078131613,17.829267501831055,909300,0.0,0.0
1995-06-07 00:00:00-04:00,17.741438597881146,17.91709640578096,17.565780789981332,17.829267501831055,152000,0.0,0.0
1995-06-08 00:00:00-04:00,17.829263402865482,18.35623670541323,17.829263402865482,18.268407821655273,272300,0.0,0.0
1995-06-09 00:00:00-04:00,18.268407821655273,18.795381124203022,18.004921170381397,18.268407821655273,335800,0.0,0.0
1995-06-12 00:00:00-04:00,18.4440698294804,18.4440698294804,17.302294078131613,17.829267501831055,472100,0.0,0.0
1995-06-13 00:00:00-04:00,17.829264895750747,18.092751569086964,17.6536071135266,17.741436004638672,368500,0.0,0.0
1995-06-14 00:00:00-04:00,17.829263194014384,18.44406537311833,17.829263194014384,18.004920959472656,313300,0.0,0.0
1995-06-15 00:00:00-04:00,18.180573685655318,18.53188911919455,18.0049159688857,18.092744827270508,310800,0.0,0.0
1995-06-16 00:00:00-04:00,18.004921170381397,18.531894472929146,18.004921170381397,18.268407821655273,844100,0.0,0.0
1995-06-19 00:00:00-04:00,18.268402706924363,18.268402706924363,17.214456396909494,17.653600692749023,1416800,0.0,0.0
1995-06-20 00:00:00-04:00,17.74142955191693,17.829258411084833,17.214456396909494,17.653600692749023,662300,0.0,0.0
1995-06-21 00:00:00-04:00,17.829258252116084,18.356231402424932,17.829258252116084,18.092744827270508,1122000,0.0,0.0
1995-06-22 00:00:00-04:00,18.092753147733386,18.444068742835004,18.092753147733386,18.18058204650879,310300,0.0,0.0
1995-06-23 00:00:00-04:00,18.26840591430664,19.058865785598755,18.26840591430664,18.971036911010742,334400,0.0,0.0
1995-06-26 00:00:00-04:00,18.795380838600124,18.971038603446853,18.707551956176758,18.707551956176758,140500,0.0,0.0
1995-06-27 00:00:00-04:00,18.619727401371815,18.707556304208474,18.531898498535156,18.531898498535156,224400,0.0,0.0
1995-06-28 00:00:00-04:00,18.6197267078218,18.6197267078218,18.26841110956101,18.444068908691406,150400,0.0,0.0
1995-06-29 00:00:00-04:00,18.444068742835004,18.444068742835004,18.092753147733386,18.18058204650879,433700,0.0,0.0
1995-06-30 00:00:00-04:00,18.092751054202807,18.180579942815445,17.741435499752267,17.91709327697754,291600,0.0,0.0
1995-07-03 00:00:00-04:00,18.00492441086542,18.444068908691406,17.829266611735026,18.444068908691406,136900,0.0,0.0
1995-07-05 00:00:00-04:00,18.444061101869096,18.88320541381836,18.268403377089392,18.88320541381836,311900,0.0,0.0
1995-07-06 00:00:00-04:00,18.8832130263337,19.84933090209961,18.8832130263337,19.84933090209961,469200,0.0,0.0
1995-07-07 00:00:00-04:00,19.761501825772797,20.727619692810578,19.761501825772797,20.55196189880371,548800,0.0,0.0
1995-07-10 00:00:00-04:00,20.639793665082625,21.43025384800068,20.551964755869506,21.166767120361328,455600,0.0,0.0
1995-07-11 00:00:00-04:00,21.254596029574447,21.254596029574447,21.166767120361328,21.166767120361328,177300,0.0,0.0
1995-07-12 00:00:00-04:00,21.078933715820312,21.342420387268067,20.90327593485514,21.078933715820312,316500,0.0,0.0
1995-07-13 00:00:00-04:00,21.07893545416337,21.07893545416337,20.639790965534967,20.815448760986328,180300,0.0,0.0
1995-07-14 00:00:00-04:00,20.727618283238904,20.727618283238904,20.288473828085536,20.37630271911621,139600,0.0,0.0
1995-07-17 00:00:00-04:00,20.46412264399168,20.90326690673828,20.46412264399168,20.90326690673828,472800,0.0,0.0
1995-07-18 00:00:00-04:00,20.727617059142805,20.90327483083046,20.464130401611328,20.464130401611328,203600,0.0,0.0
1995-07-19 00:00:00-04:00,20.200646493287213,20.200646493287213,19.84933090209961,19.84933090209961,83500,0.0,0.0
1995-07-20 00:00:00-04:00,19.585843160272187,19.585843160272187,18.97104090860445,19.234527587890625,651300,0.0,0.0
1995-07-21 00:00:00-04:00,19.41018151606757,19.93715476989746,19.41018151606757,19.93715476989746,283600,0.0,0.0
1995-07-24 00:00:00-04:00,19.673670718544408,20.1128151542262,19.41018405713533,20.024986267089844,408400,0.0,0.0
1995-07-25 00:00:00-04:00,20.024986267089844,20.37630181563528,19.937157379953483,20.024986267089844,383000,0.0,0.0
1995-07-26 00:00:00-04:00,20.37630338926573,20.37630338926573,19.498014450073242,19.498014450073242,384400,0.0,0.0
1995-07-27 00:00:00-04:00,19.585843522813587,19.76150131225586,19.41018573337131,19.76150131225586,262500,0.0,0.0
1995-07-28 00:00:00-04:00,19.849330206976997,20.200645785861546,19.67367241753472,19.76150131225586,124700,0.0,0.0
1995-07-31 00:00:00-04:00,19.849330206976997,19.937159101698136,19.49801462809245,19.76150131225586,198100,0.0,0.0
1995-08-01 00:00:00-04:00,19.322356480986016,19.322356480986016,19.058869801699842,19.234527587890625,96600,0.0,0.0
1995-08-02 00:00:00-04:00,19.322356480986016,19.322356480986016,18.61972533622289,19.234527587890625,514900,0.0,0.0
1995-08-03 00:00:00-04:00,19.322352409362793,19.322352409362793,18.795379161834717,18.971036911010742,145700,0.0,0.0
1995-08-04 00:00:00-04:00,18.971038603446853,18.971038603446853,18.707551956176758,18.707551956176758,195000,0.0,0.0
1995-08-07 00:00:00-04:00,18.795380838600124,18.883209721023487,18.61972307375339,18.707551956176758,261100,0.0,0.0
1995-08-08 00:00:00-04:00,18.707556994456166,18.707556994456166,18.531899182301647,18.619728088378906,142400,0.0,0.0
1995-08-09 00:00:00-04:00,18.619727401371815,18.619727401371815,18.356240692861835,18.531898498535156,248800,0.0,0.0
1995-08-10 00:00:00-04:00,18.444069595698497,18.619727401371815,18.356240692861835,18.531898498535156,153000,0.0,0.0
1995-08-11 00:00:00-04:00,18.268410945284195,18.268410945284195,18.092753147733386,18.18058204650879,361800,0.0,0.0
1995-08-14 00:00:00-04:00,18.35623670541323,18.44406558917119,18.180578937897316,18.268407821655273,89600,0.0,0.0
1995-08-15 00:00:00-04:00,18.268407821655273,18.268407821655273,17.829263402865482,18.268407821655273,479800,0.0,0.0
1995-08-16 00:00:00-04:00,18.092752296233847,18.79538345336914,18.092752296233847,18.79538345336914,191300,0.0,0.0
1995-08-17 00:00:00-04:00,19.849330206976997,20.02498799641927,19.49801462809245,19.76150131225586,788400,0.0,0.0
1995-08-18 00:00:00-04:00,19.84932918631874,20.112815856933594,19.58584251570389,20.112815856933594,396300,0.0,0.0
1995-08-21 00:00:00-04:00,20.112807233794396,20.9910957592876,20.112807233794396,20.90326690673828,305100,0.0,0.0
1995-08-22 00:00:00-04:00,20.727617059142805,20.727617059142805,20.376301515767505,20.464130401611328,102600,0.0,0.0
1995-08-23 00:00:00-04:00,20.376304272357924,20.815448760986328,20.376304272357924,20.815448760986328,205700,0.0,0.0
1995-08-24 00:00:00-04:00,20.72761986326065,20.99110655643769,20.639790965534967,20.815448760986328,258100,0.0,0.0
1995-08-25 00:00:00-04:00,20.815441594225295,20.90327046171148,20.55195499176675,20.63978385925293,82000,0.0,0.0
1995-08-28 00:00:00-04:00,20.639788477044355,20.90327513845343,19.849328492817126,20.024986267089844,169200,0.0,0.0
1995-08-29 00:00:00-04:00,20.02498869769341,20.288475391084113,19.76150200430271,19.84933090209961,171400,0.0,0.0
1995-08-30 00:00:00-04:00,19.84932918631874,20.112815856933594,19.76150029611379,20.112815856933594,334600,0.0,0.0
1995-08-31 00:00:00-04:00,20.200641632080078,20.727614892047384,20.02498387875764,20.200641632080078,122300,0.0,0.0
1995-09-01 00:00:00-04:00,20.024988681455202,20.99110655643769,19.937159783729523,20.815448760986328,171500,0.0,0.0
1995-09-05 00:00:00-04:00,20.551962852478027,22.308540874057346,20.551962852478027,22.132883071899414,481200,0.0,0.0
1995-09-06 00:00:00-04:00,22.30853582088184,22.835509107989285,22.220706939697266,22.220706939697266,326700,0.0,0.0
1995-09-07 00:00:00-04:00,22.220707155764103,22.65985156595707,22.220707155764103,22.484193801879883,285000,0.0,0.0
1995-09-08 00:00:00-04:00,22.484193801879883,22.65985156595707,22.045049391686916,22.484193801879883,114600,0.0,0.0
1995-09-11 00:00:00-04:00,22.65985156595707,22.65985156595707,22.220707155764103,22.484193801879883,55900,0.0,0.0
1995-09-12 00:00:00-04:00,22.659854555311313,23.45031459793845,22.484196768060837,23.0989990234375,117300,0.0,0.0
1995-09-13 00:00:00-04:00,23.098998324561663,23.36248499746541,22.83551165165792,23.01116943359375,155900,0.0,0.0
1995-09-14 00:00:00-04:00,23.09900176659059,23.538146286867978,23.011172862535112,23.4503173828125,209400,0.0,0.0
1995-09-15 00:00:00-04:00,23.45031832915086,23.45031832915086,22.747687068352334,22.83551597595215,126000,0.0,0.0
1995-09-18 00:00:00-04:00,22.659852981567383,22.923339644143745,22.572024094041925,22.659852981567383,92800,0.0,0.0
1995-09-19 00:00:00-04:00,22.747687068352334,22.83551597595215,22.659858160752517,22.83551597595215,549000,0.0,0.0
1995-09-20 00:00:00-04:00,22.835505717509502,22.835505717509502,22.48419024493243,22.747676849365234,331800,0.0,0.0
1995-09-21 00:00:00-04:00,22.572022683918476,22.65985156595707,22.39636491984129,22.484193801879883,284600,0.0,0.0
1995-09-22 00:00:00-04:00,22.4841953125,22.4841953125,21.605906433105467,21.95722198486328,561700,0.0,0.0
1995-09-25 00:00:00-04:00,21.78156503434044,21.95722281687544,21.078933904200422,21.34242057800293,163300,0.0,0.0
1995-09-26 00:00:00-04:00,21.4302400220342,21.518068874583523,20.90326690673828,20.90326690673828,176400,0.0,0.0
1995-09-27 00:00:00-04:00,20.37630271911621,20.551960501177557,20.11281604602419,20.37630271911621,199200,0.0,0.0
1995-09-28 00:00:00-04:00,20.288475036621094,20.37630393288352,20.112817244096235,20.288475036621094,160600,0.0,0.0
1995-09-29 00:00:00-04:00,20.288473828085536,20.464131610146882,20.11281604602419,20.37630271911621,201200,0.0,0.0
1995-10-02 00:00:00-04:00,20.72761986326065,21.07893545416337,20.72761986326065,20.815448760986328,176000,0.0,0.0
1995-10-03 00:00:00-04:00,20.90327483083046,20.90327483083046,20.288472629923678,20.464130401611328,262000,0.0,0.0
1995-10-04 00:00:00-04:00,20.727618283238904,20.727618283238904,20.200644937054864,20.37630271911621,129600,0.0,0.0
1995-10-05 00:00:00-04:00,20.37630393288352,20.55196172540838,20.288475036621094,20.288475036621094,42000,0.0,0.0
1995-10-06 00:00:00-04:00,20.376302527548443,20.376302527548443,19.937158076523694,20.112815856933594,106900,0.0,0.0
1995-10-09 00:00:00-04:00,19.84932983955836,19.937158732653753,19.146698694795234,19.234527587890625,121200,0.0,0.0
1995-10-10 00:00:00-04:00,19.585845799879593,19.585845799879593,19.234530180150813,19.322359085083008,294900,0.0,0.0
1995-10-11 00:00:00-04:00,19.673675537109375,20.024991171700613,19.585846628461564,19.673675537109375,261300,0.0,0.0
1995-10-12 00:00:00-04:00,19.849328492817126,20.200644041362562,19.761499605680765,20.024986267089844,173000,0.0,0.0
1995-10-13 00:00:00-04:00,20.024986966728644,20.376302527548443,20.024986966728644,20.112815856933594,138100,0.0,0.0
1995-10-16 00:00:00-04:00,20.11281252117409,20.11281252117409,19.93715476989746,19.93715476989746,151000,0.0,0.0
1995-10-17 00:00:00-04:00,20.024986966728644,20.112815856933594,19.76150029611379,20.112815856933594,203800,0.0,0.0
1995-10-18 00:00:00-04:00,20.024986267089844,20.1128151542262,19.673670718544408,20.024986267089844,452000,0.0,0.0
1995-10-19 00:00:00-04:00,20.37630181563528,21.16676179986251,20.024986267089844,20.024986267089844,1056200,0.0,0.0
1995-10-20 00:00:00-04:00,20.024988891881538,20.112817790530144,18.9710421080983,19.146699905395508,1055500,0.0,0.0
1995-10-23 00:00:00-04:00,18.61972141265869,19.058865785598755,18.444063663482666,18.971036911010742,637600,0.0,0.0
1995-10-24 00:00:00-04:00,18.795376551428507,18.97103427620821,18.531889964258948,18.88320541381836,517300,0.0,0.0
1995-10-25 00:00:00-04:00,18.97103427620821,19.23452086337777,18.795376551428507,18.88320541381836,1056200,0.0,0.0
1995-10-26 00:00:00-04:00,18.97103427620821,19.23452086337777,18.795376551428507,18.88320541381836,212500,0.0,0.0
1995-10-27 00:00:00-04:00,18.971041242652966,18.971041242652966,18.79538345336914,18.79538345336914,164000,0.0,0.0
1995-10-30 00:00:00-05:00,18.971036911010742,19.146694660186768,18.795379161834717,18.971036911010742,566700,0.0,0.0
1995-10-31 00:00:00-05:00,18.97103762297037,19.4980108902751,18.883208745086247,19.058866500854492,150200,0.0,0.0
1995-11-01 00:00:00-05:00,19.322356838650173,20.200645785861546,19.322356838650173,19.76150131225586,237800,0.0,0.0
1995-11-02 00:00:00-05:00,19.93715708654838,20.81544594498663,19.93715708654838,20.464130401611328,486800,0.0,0.0
1995-11-03 00:00:00-05:00,20.63978939220823,20.90327606530025,20.37630271911621,20.37630271911621,342100,0.0,0.0
1995-11-06 00:00:00-05:00,20.464131610146882,20.551960501177557,20.288473828085536,20.37630271911621,201500,0.0,0.0
1995-11-07 00:00:00-05:00,20.37630410479684,20.55196189880371,20.20064631078997,20.55196189880371,117900,0.0,0.0
1995-11-08 00:00:00-05:00,20.63978385925293,21.078928196683844,20.464126124280565,20.63978385925293,131400,0.0,0.0
1995-11-09 00:00:00-05:00,20.815447044372558,21.342420387268067,20.727618153889974,21.078933715820312,176900,0.0,0.0
1995-11-10 00:00:00-05:00,21.254591686735427,21.605907251805434,21.254591686735427,21.34242057800293,166900,0.0,0.0
1995-11-13 00:00:00-05:00,21.430248260498047,21.869392692065627,21.34241937418453,21.430248260498047,126500,0.0,0.0
1995-11-14 00:00:00-05:00,21.25459037420576,21.25459037420576,20.464130401611328,20.464130401611328,150700,0.0,0.0
1995-11-15 00:00:00-05:00,20.72761951793324,20.72761951793324,20.288475036621094,20.288475036621094,341400,0.0,0.0
1995-11-16 00:00:00-05:00,20.551961381556623,20.90327696072853,20.376303591970668,20.727619171142578,169600,0.0,0.0
1995-11-17 00:00:00-05:00,20.55196189880371,20.991106383820885,20.464133001800274,20.55196189880371,151700,0.0,0.0
1995-11-20 00:00:00-05:00,20.727612726739114,20.727612726739114,20.55195499176675,20.63978385925293,86600,0.0,0.0
1995-11-21 00:00:00-05:00,20.639790795807144,20.727619692810578,19.937159619779667,20.55196189880371,203200,0.0,0.0
1995-11-22 00:00:00-05:00,20.60126150065455,20.777340658779803,20.337142763466673,20.425182342529297,282300,0.07,0.0
1995-11-24 00:00:00-05:00,20.249109686466685,20.249109686466685,19.544792827806976,20.073030471801758,83200,0.0,0.0
1995-11-27 00:00:00-05:00,20.073029381888254,20.073029381888254,19.632831369127548,19.720870971679688,227600,0.0,0.0
1995-11-28 00:00:00-05:00,19.72086926105311,19.808908855968525,19.456750476306862,19.632829666137695,286000,0.0,0.0
1995-11-29 00:00:00-05:00,19.720865793357607,19.80890537279224,19.280667896184447,19.45674705505371,932600,0.0,0.0
1995-11-30 00:00:00-05:00,19.456752304718876,19.456752304718876,18.75243547920869,18.84047508239746,424000,0.0,0.0
1995-12-01 00:00:00-05:00,18.84047203063965,18.84047203063965,18.136155319213866,18.488313674926758,1275100,0.0,0.0
1995-12-04 00:00:00-05:00,18.31222803869913,19.19262361748274,18.224188480820768,18.928504943847656,1685200,0.0,0.0
1995-12-05 00:00:00-05:00,19.368708631727433,20.073025309244795,19.28066904703776,19.80890655517578,965700,0.0,0.0
1995-12-06 00:00:00-05:00,19.63282908380559,20.073027045325894,19.54478949150153,19.896947860717773,471100,0.0,0.0
1995-12-07 00:00:00-05:00,19.984984985085035,20.16106414794922,19.720866240788755,20.16106414794922,399600,0.0,0.0
1995-12-08 00:00:00-05:00,19.984989779336114,19.984989779336114,19.632831369127548,19.720870971679688,237500,0.0,0.0
1995-12-11 00:00:00-05:00,19.720870971679688,20.073029381888254,19.632831369127548,19.720870971679688,246300,0.0,0.0
1995-12-12 00:00:00-05:00,19.632831369127548,19.720870971679688,19.632831369127548,19.720870971679688,199200,0.0,0.0
1995-12-13 00:00:00-05:00,19.720870271735233,19.720870271735233,19.01655347631612,19.1926326751709,516400,0.0,0.0
1995-12-14 00:00:00-05:00,19.280673098341328,19.3687127015301,18.664395876019917,18.84047508239746,428200,0.0,0.0
1995-12-15 00:00:00-05:00,18.8404694167264,18.8404694167264,17.783994496162304,17.872034072875977,495200,0.0,0.0
1995-12-18 00:00:00-05:00,17.60791015625,17.7839892578125,17.4318310546875,17.60791015625,967500,0.0,0.0
1995-12-19 00:00:00-05:00,17.51987509824792,17.51987509824792,16.99163765809974,17.255756378173828,1361300,0.0,0.0
1995-12-20 00:00:00-05:00,17.25575942993164,18.84047203063965,17.25575942993164,18.488313674926758,1963900,0.0,0.0
1995-12-21 00:00:00-05:00,18.48831213437594,19.368707950298603,18.22419338959914,18.312232971191406,969900,0.0,0.0
1995-12-22 00:00:00-05:00,18.31223449707031,18.6643928527832,18.31223449707031,18.488313674926758,283700,0.0,0.0
1995-12-26 00:00:00-05:00,18.488313110781387,18.92851104199047,18.40027352453957,18.752431869506836,312900,0.0,0.0
1995-12-27 00:00:00-05:00,18.75243547920869,19.10459389196378,18.75243547920869,18.84047508239746,125500,0.0,0.0
1995-12-28 00:00:00-05:00,18.840470353217974,19.368707839756794,18.75243077212817,19.280668258666992,248100,0.0,0.0
1995-12-29 00:00:00-05:00,19.4567482164171,19.80890655517578,19.4567482164171,19.80890655517578,184700,0.0,0.0
1996-01-02 00:00:00-05:00,19.63282518033628,19.63282518033628,18.488310707939995,19.01654815673828,756400,0.0,0.0
1996-01-03 00:00:00-05:00,19.19263299766946,19.2806725985762,18.136157786788573,18.224197387695312,370600,0.0,0.0
1996-01-04 00:00:00-05:00,18.400272552783672,18.75243087915274,18.22419338959914,18.312232971191406,297400,0.0,0.0
1996-01-05 00:00:00-05:00,18.31223618927725,18.57635498046875,18.31223618927725,18.57635498046875,489600,0.0,0.0
1996-01-08 00:00:00-05:00,18.57634671233421,19.016544501726017,18.57634671233421,18.928504943847656,45000,0.0,0.0
1996-01-09 00:00:00-05:00,18.928510042337273,18.928510042337273,18.312232971191406,18.312232971191406,210300,0.0,0.0
1996-01-10 00:00:00-05:00,18.22419009324981,18.22419009324981,17.607913133574694,18.048110961914062,456500,0.0,0.0
1996-01-11 00:00:00-05:00,18.22419184156992,18.576350138025376,18.04811269334219,18.136152267456055,186800,0.0,0.0
1996-01-12 00:00:00-05:00,18.136152267456055,18.22419184156992,17.960073119228326,18.136152267456055,335800,0.0,0.0
1996-01-15 00:00:00-05:00,18.488316190415535,18.840474594042497,18.136157786788573,18.224197387695312,87800,0.0,0.0
1996-01-16 00:00:00-05:00,18.224191685112157,18.224191685112157,16.639479364667622,17.255756378173828,678400,0.0,0.0
1996-01-17 00:00:00-05:00,17.43183821439743,17.695956975221634,16.815561105807625,16.903600692749023,1764000,0.0,0.0
1996-01-18 00:00:00-05:00,17.079680625838463,17.51987858011265,17.079680625838463,17.431838989257812,1357600,0.0,0.0
1996-01-19 00:00:00-05:00,17.96007905050973,18.928514685586237,17.96007905050973,18.84047508239746,358400,0.0,0.0
1996-01-22 00:00:00-05:00,18.75243547920869,18.928514685586237,18.31223746326482,18.84047508239746,620400,0.0,0.0
1996-01-23 00:00:00-05:00,18.92851387688873,19.280672274598288,18.75243467803395,19.1926326751709,158400,0.0,0.0
1996-01-24 00:00:00-05:00,19.1926287521962,20.337143310813403,19.1926287521962,20.16106414794922,305600,0.0,0.0
1996-01-25 00:00:00-05:00,20.249110986520577,20.249110986520577,19.280675243686986,19.5447940826416,498200,0.0,0.0
1996-01-26 00:00:00-05:00,19.456751473453068,19.720870271735233,19.1926326751709,19.1926326751709,235500,0.0,0.0
1996-01-29 00:00:00-05:00,19.19262730633771,19.368706455937136,18.928508581938566,19.01654815673828,142900,0.0,0.0
1996-01-30 00:00:00-05:00,19.1926326751709,19.456751473453068,19.01655347631612,19.1926326751709,349600,0.0,0.0
1996-01-31 00:00:00-05:00,19.280663175361102,19.368702733239463,18.840465385969296,18.928504943847656,167400,0.0,0.0
1996-02-01 00:00:00-05:00,19.016552965787913,19.280671756979412,18.57635498046875,18.57635498046875,133500,0.0,0.0
1996-02-02 00:00:00-05:00,18.57635028273971,19.01654815673828,18.488310707939995,19.01654815673828,132600,0.0,0.0
1996-02-05 00:00:00-05:00,19.016555183812194,20.073030471801758,19.016555183812194,20.073030471801758,197100,0.0,0.0
1996-02-06 00:00:00-05:00,19.72086457283266,19.984983294790243,19.01654798094578,19.10458755493164,189700,0.0,0.0
1996-02-07 00:00:00-05:00,19.896949462246795,21.217543453103882,19.896949462246795,20.865385055541992,1473800,0.0,0.0
1996-02-08 00:00:00-05:00,21.48165856338129,21.921856484762053,20.953421057724373,21.657737731933594,315300,0.0,0.0
1996-02-09 00:00:00-05:00,21.657736999511716,22.5381328125,21.393618255615234,22.00989532470703,445600,0.0,0.0
1996-02-12 00:00:00-05:00,21.83382169283353,22.97833653963529,21.83382169283353,22.890296936035156,248200,0.0,0.0
1996-02-13 00:00:00-05:00,22.714213382155272,23.50656966292813,22.53813420865019,23.15441131591797,571600,0.0,0.0
1996-02-14 00:00:00-05:00,23.154408694206552,23.59460657812683,23.066369117422497,23.506567001342773,381600,0.0,0.0
1996-02-15 00:00:00-05:00,23.33048838557619,23.33048838557619,22.978330070322208,23.242448806762695,191600,0.0,0.0
1996-02-16 00:00:00-05:00,23.15441283459933,23.506571204707306,23.066373242072338,23.33049201965332,151800,0.0,0.0
1996-02-20 00:00:00-05:00,23.15440466617332,23.15440466617332,22.62616729736328,22.62616729736328,249700,0.0,0.0
1996-02-21 00:00:00-05:00,22.6261721094146,23.066370010375977,22.362053368837778,23.066370010375977,352300,0.0,0.0
1996-02-22 00:00:00-05:00,23.066371729165432,23.15441131591797,22.978332142412892,23.15441131591797,179100,0.0,0.0
1996-02-23 00:00:00-05:00,23.15440959056825,23.15440959056825,22.890290849991427,23.066370010375977,220600,0.0,0.0
1996-02-26 00:00:00-05:00,22.890296936035156,23.066376143235427,22.80225733243502,22.890296936035156,69600,0.0,0.0
1996-02-27 00:00:00-05:00,22.714216838163487,22.97833563860725,22.450098037719727,22.450098037719727,113800,0.0,0.0
1996-02-28 00:00:00-05:00,22.62617812523475,23.15441574683556,22.62617812523475,22.890296936035156,98900,0.0,0.0
1996-02-29 00:00:00-05:00,22.714207865802415,22.802247431173743,22.097930908203125,22.097930908203125,157100,0.0,0.0
1996-03-01 00:00:00-05:00,22.62617379540273,23.15441131591797,22.27401544839257,23.15441131591797,181200,0.0,0.0
1996-03-04 00:00:00-05:00,23.1544092279492,23.242448806762695,22.978330070322208,23.242448806762695,268900,0.0,0.0
1996-03-05 00:00:00-05:00,23.154406647184004,23.5946044921875,23.154406647184004,23.5946044921875,244400,0.0,0.0
1996-03-06 00:00:00-05:00,23.50657590230306,24.03481356302897,23.50657590230306,23.770694732666016,176200,0.0,0.0
1996-03-07 00:00:00-05:00,24.1228450606851,24.1228450606851,23.770686738631305,23.946765899658203,139400,0.0,0.0
1996-03-08 00:00:00-05:00,23.682646154910884,23.682646154910884,23.154408694206552,23.506567001342773,127400,0.0,0.0
1996-03-11 00:00:00-05:00,23.33048838557619,23.50656754320318,22.978330070322208,23.242448806762695,152300,0.0,0.0
1996-03-12 00:00:00-05:00,23.15441264245743,23.41853141784668,22.978333458864597,23.41853141784668,179300,0.0,0.0
1996-03-13 00:00:00-05:00,23.242446216184703,23.5946044921875,23.154406647184004,23.5946044921875,318200,0.0,0.0
1996-03-14 00:00:00-05:00,23.41853141784668,23.506571009643096,23.242452234253847,23.41853141784668,97800,0.0,0.0
1996-03-15 00:00:00-05:00,23.41853141784668,23.85872937682876,23.330491826050263,23.41853141784668,209200,0.0,0.0
1996-03-18 00:00:00-05:00,23.4185253541861,23.8587231991896,23.4185253541861,23.5946044921875,253100,0.0,0.0
1996-03-19 00:00:00-05:00,23.770686738631305,23.946765899658203,23.594607577604407,23.946765899658203,356700,0.0,0.0
1996-03-20 00:00:00-05:00,23.770694732666016,24.03481356302897,23.68265512254503,23.770694732666016,100000,0.0,0.0
1996-03-21 00:00:00-05:00,23.594607491529622,23.770686651914172,23.066370010375977,23.066370010375977,37900,0.0,0.0
1996-03-22 00:00:00-05:00,23.15441131591797,23.24245090267051,23.066371729165432,23.15441131591797,98200,0.0,0.0
1996-03-25 00:00:00-05:00,23.418527424558718,23.59460657812683,23.418527424558718,23.506567001342773,114800,0.0,0.0
1996-03-26 00:00:00-05:00,23.41852335057834,23.41852335057834,22.538127735894943,22.62616729736328,192500,0.0,0.0
1996-03-27 00:00:00-05:00,22.626171835797578,22.626171835797578,22.097934361031875,22.27401351928711,295700,0.0,0.0
1996-03-28 00:00:00-05:00,22.274008604788012,22.36204816449073,21.745771246571696,21.833810806274414,900600,0.0,0.0
1996-03-29 00:00:00-05:00,21.921850365977136,21.921850365977136,21.657731686868974,21.833810806274414,481400,0.0,0.0
1996-04-01 00:00:00-05:00,21.833816162109375,22.097934906005857,21.657736999511716,22.00989532470703,656800,0.0,0.0
1996-04-02 00:00:00-05:00,22.185973940159492,22.450092677542344,22.097934361031875,22.27401351928711,915200,0.0,0.0
1996-04-03 00:00:00-05:00,22.27401351928711,22.53813225666996,22.185973940159492,22.27401351928711,426600,0.0,0.0
1996-04-04 00:00:00-05:00,22.45009323120117,22.45009323120117,21.9218557434082,22.00989532470703,303200,0.0,0.0
1996-04-08 00:00:00-04:00,21.833810806274414,22.274008604788012,21.657731686868974,21.833810806274414,173300,0.0,0.0
1996-04-09 00:00:00-04:00,21.83380743532765,22.009886527548034,21.393609704776686,21.56968879699707,675800,0.0,0.0
1996-04-10 00:00:00-04:00,21.745780022676325,21.745780022676325,21.041463260808268,21.30558204650879,308900,0.0,0.0
1996-04-11 00:00:00-04:00,21.393616604203938,21.481656178706835,20.77733958268366,20.953418731689453,302500,0.0,0.0
1996-04-12 00:00:00-04:00,20.95342160448616,21.65773829707393,20.865382017912687,21.393619537353516,1324600,0.0,0.0
1996-04-15 00:00:00-04:00,21.56969351597516,22.362049604317107,21.30557481986118,22.097930908203125,270200,0.0,0.0
1996-04-16 00:00:00-04:00,22.09793719210366,22.978333096171536,22.09793719210366,22.714214324951172,238200,0.0,0.0
1996-04-17 00:00:00-04:00,22.71420894563198,22.802248515188694,22.45009023696184,22.538129806518555,121600,0.0,0.0
1996-04-18 00:00:00-04:00,22.538132529222327,23.418528331145076,22.538132529222327,23.066370010375977,205100,0.0,0.0
1996-04-19 00:00:00-04:00,23.242448806762695,23.418527964389686,23.066369649135705,23.242448806762695,182100,0.0,0.0
1996-04-22 00:00:00-04:00,23.33049668206109,24.210892783270943,23.15441746181912,23.770694732666016,112000,0.0,0.0
1996-04-23 00:00:00-04:00,23.68265512254503,23.946773952907986,23.418536292182075,23.770694732666016,318900,0.0,0.0
1996-04-24 00:00:00-04:00,23.94676913174716,24.29892750133168,23.682650354558774,24.210887908935547,529000,0.0,0.0
1996-04-25 00:00:00-04:00,24.21088750354089,25.61952095829236,24.21088750354089,25.267362594604492,1280700,0.0,0.0
1996-04-26 00:00:00-04:00,26.059721193475237,26.235800390728446,25.619523200342208,25.971681594848633,477200,0.0,0.0
1996-04-29 00:00:00-04:00,25.79559309304166,25.97167222678256,25.61951395930076,25.88363265991211,104500,0.0,0.0
1996-04-30 00:00:00-04:00,25.971677593282752,26.1477567634067,25.7955984231588,26.059717178344727,279700,0.0,0.0
1996-05-01 00:00:00-04:00,26.05971889303188,26.41187725645123,25.971679302177044,26.14775848388672,85400,0.0,0.0
1996-05-02 00:00:00-04:00,25.97167222678256,26.147751360523458,25.70755352617121,25.88363265991211,417700,0.0,0.0
1996-05-03 00:00:00-04:00,25.883641996222025,25.97168159484863,25.531483601715603,25.971681594848633,346600,0.0,0.0
1996-05-06 00:00:00-04:00,25.97167222678256,26.05971179365301,25.61951395930076,25.88363265991211,261900,0.0,0.0
1996-05-07 00:00:00-04:00,25.88364107855435,26.14775986507021,25.35540350552263,25.531482696533203,271000,0.0,0.0
1996-05-08 00:00:00-04:00,25.619510493866382,25.971668713713346,25.179312719057684,25.707550048828125,432100,0.0,0.0
1996-05-09 00:00:00-04:00,25.619523200342208,26.059721193475237,25.35540440446239,25.971681594848633,414200,0.0,0.0
1996-05-10 00:00:00-04:00,26.05971889303188,26.323837665596393,26.05971889303188,26.14775848388672,146100,0.0,0.0
1996-05-13 00:00:00-04:00,26.059717579891807,26.764034271240234,25.971677993473254,26.764034271240234,475100,0.0,0.0
1996-05-14 00:00:00-04:00,26.94011688232422,27.028156479978875,26.587958491705603,26.94011688232422,145700,0.0,0.0
1996-05-15 00:00:00-04:00,27.028147964232218,27.64442495364468,26.85206882440009,27.380306243896484,170600,0.0,0.0
1996-05-16 00:00:00-04:00,27.292270293602577,27.644428619971645,27.20423071201031,27.46834945678711,307500,0.0,0.0
1996-05-17 00:00:00-04:00,27.64442978629583,27.82050895690918,27.556390200989156,27.82050895690918,205500,0.0,0.0
1996-05-20 00:00:00-04:00,27.73246820156391,27.73246820156391,27.292270293602577,27.46834945678711,390800,0.0,0.0
1996-05-21 00:00:00-04:00,27.556389408726844,27.732468574277814,27.29227066040039,27.29227066040039,243100,0.0,0.0
1996-05-22 00:00:00-04:00,27.429867327791975,27.694464118735304,27.16527053684864,27.253469467163086,417500,0.07,0.0
1996-05-23 00:00:00-04:00,27.16525907294695,27.16525907294695,26.547866821289062,26.547866821289062,141100,0.0,0.0
1996-05-24 00:00:00-04:00,26.636074926338942,27.077069544324686,26.636074926338942,26.98887062072754,728600,0.0,0.0
1996-05-28 00:00:00-04:00,26.98887062072754,27.077069544324686,26.72427384993609,26.98887062072754,990400,0.0,0.0
1996-05-29 00:00:00-04:00,26.988861286758983,26.988861286758983,26.547866821289062,26.547866821289062,537300,0.0,0.0
1996-05-30 00:00:00-04:00,26.6360720480642,27.341663360595703,26.54787313399776,27.341663360595703,536000,0.0,0.0
1996-05-31 00:00:00-04:00,27.341667707864342,27.341667707864342,27.16526985168457,27.16526985168457,425900,0.0,0.0
1996-06-03 00:00:00-04:00,27.165268467921834,27.165268467921834,26.636074926338942,26.98887062072754,157100,0.0,0.0
1996-06-04 00:00:00-04:00,26.724275211235145,27.429866635954227,26.724275211235145,27.16526985168457,409600,0.0,0.0
1996-06-05 00:00:00-04:00,27.165262671792583,27.694456100463867,27.077063767014035,27.694456100463867,642800,0.0,0.0
1996-06-06 00:00:00-04:00,27.870838535990462,28.135435104370117,27.78263967986391,28.135435104370117,505100,0.0,0.0
1996-06-07 00:00:00-04:00,27.959054240697547,28.40004878708079,27.518059694314307,27.8708553314209,326800,0.0,0.0
1996-06-10 00:00:00-04:00,27.694462318538513,28.488252639770508,27.606263393957178,28.488252639770508,529200,0.0,0.0
1996-06-11 00:00:00-04:00,28.40005199455776,28.929245509984305,28.40005199455776,28.75284767150879,292000,0.0,0.0
1996-06-12 00:00:00-04:00,28.664650488933173,28.84104833809584,28.488252639770508,28.488252639770508,299100,0.0,0.0
1996-06-13 00:00:00-04:00,28.576450522886503,28.929246208354236,28.48825160151957,28.841047286987305,269300,0.0,0.0
1996-06-14 00:00:00-04:00,28.841041536473515,30.164025093192485,28.841041536473515,29.546632766723633,336200,0.0,0.0
1996-06-17 00:00:00-04:00,29.370236151232692,29.723031780676926,29.193838336510574,29.45843505859375,400300,0.0,0.0
1996-06-18 00:00:00-04:00,29.458428882417223,30.34041777111235,29.458428882417223,29.63482666015625,354100,0.0,0.0
1996-06-19 00:00:00-04:00,29.45843217980047,29.54663107854239,27.959050901187872,28.40004539489746,705200,0.0,0.0
1996-06-20 00:00:00-04:00,28.223641178689643,28.311840057373047,27.959044542639425,28.311840057373047,411100,0.0,0.0
1996-06-21 00:00:00-04:00,28.223641178689643,28.400038936056454,28.047243421322833,28.311840057373047,521800,0.0,0.0
1996-06-24 00:00:00-04:00,28.22365989801007,29.105649269822884,28.135460960828787,29.0174503326416,791700,0.0,0.0
1996-06-25 00:00:00-04:00,28.84103332947348,28.84103332947348,28.223641178689643,28.311840057373047,145500,0.0,0.0
1996-06-26 00:00:00-04:00,28.047236248243564,28.135435104370117,27.870838535990462,28.135435104370117,537800,0.0,0.0
1996-06-27 00:00:00-04:00,28.04724666050502,28.135445549374534,27.69445110502697,27.782649993896484,479500,0.0,0.0
1996-06-28 00:00:00-04:00,27.782655005242415,27.870853910020962,27.60625719568532,27.694456100463867,365700,0.0,0.0
1996-07-01 00:00:00-04:00,27.694460428678074,27.78265934724074,27.518062591552734,27.518062591552734,95000,0.0,0.0
1996-07-02 00:00:00-04:00,27.6062621943998,27.6062621943998,26.283278383166582,26.63607406616211,498000,0.0,0.0
1996-07-03 00:00:00-04:00,26.812476298014325,26.812476298014325,26.37148162206014,26.459680557250977,93600,0.0,0.0
1996-07-05 00:00:00-04:00,26.28326842591569,26.28326842591569,25.842273989239253,26.106870651245117,61800,0.0,0.0
1996-07-08 00:00:00-04:00,25.930474979361307,26.106872768336554,25.48948050692319,25.665878295898438,158700,0.0,0.0
1996-07-09 00:00:00-04:00,25.754079568265663,26.72426749720718,25.754079568265663,26.1950740814209,103800,0.0,0.0
1996-07-10 00:00:00-04:00,26.018677293208608,26.018677293208608,25.136688232421875,25.136688232421875,262500,0.0,0.0
1996-07-11 00:00:00-04:00,25.136685606459494,25.224884503324265,24.166497740947023,25.048486709594727,183100,0.0,0.0
1996-07-12 00:00:00-04:00,25.1367014197893,25.1367014197893,24.607507705688473,24.607507705688477,170300,0.0,0.0
1996-07-15 00:00:00-04:00,24.607491418217005,24.69569031218911,23.196309114663343,23.549104690551758,176100,0.0,0.0
1996-07-16 00:00:00-04:00,23.54911021752791,23.813706961545076,22.755319985476408,23.284513473510742,193400,0.0,0.0
1996-07-17 00:00:00-04:00,24.34289882852019,25.401285734108026,23.99010319332425,24.519296646118164,253300,0.0,0.0
1996-07-18 00:00:00-04:00,24.4311000630007,26.01868057250977,24.4311000630007,26.018680572509766,271300,0.0,0.0
1996-07-19 00:00:00-04:00,25.842276781377656,25.930475678242427,24.519293328406103,25.048486709594727,205600,0.0,0.0
1996-07-22 00:00:00-04:00,25.401298276839714,25.401298276839714,24.34291084863806,24.607507705688477,129500,0.0,0.0
1996-07-23 00:00:00-04:00,24.431094630617935,24.431094630617935,23.813702347533727,23.901901245117188,105000,0.0,0.0
1996-07-24 00:00:00-04:00,22.578920786617367,23.72550660781278,22.490721877294643,23.10811424255371,245400,0.0,0.0
1996-07-25 00:00:00-04:00,23.284513361313763,24.43109924652997,23.284513361313763,23.99010467529297,1135400,0.0,0.0
1996-07-26 00:00:00-04:00,24.166502099288138,24.25470101205926,22.843518407721266,23.46091079711914,398200,0.0,0.0
1996-07-29 00:00:00-04:00,23.813702347533727,23.990100142700644,23.72550344995027,23.901901245117188,151700,0.0,0.0
1996-07-30 00:00:00-04:00,23.99010467529297,23.99010467529297,23.637309018303366,23.99010467529297,121100,0.0,0.0
1996-07-31 00:00:00-04:00,23.99010467529297,23.99010467529297,23.813706846798166,23.99010467529297,171100,0.0,0.0
1996-08-01 00:00:00-04:00,23.990101800448652,24.342897415161133,23.90190289677053,24.342897415161133,439100,0.0,0.0
1996-08-02 00:00:00-04:00,24.254699171635142,25.401284950657892,24.254699171635142,25.136688232421875,185200,0.0,0.0
1996-08-05 00:00:00-04:00,25.401281612435568,25.665878295898438,25.401281612435568,25.665878295898438,214300,0.0,0.0
1996-08-06 00:00:00-04:00,25.66588260558237,25.66588260558237,25.4894847869873,25.489484786987305,129500,0.0,0.0
1996-08-07 00:00:00-04:00,25.48948682330257,25.48948682330257,24.519298743522885,24.78389549255371,113300,0.0,0.0
1996-08-08 00:00:00-04:00,24.96028974090797,25.136687548264213,24.25469851148301,24.342897415161133,263300,0.0,0.0
1996-08-09 00:00:00-04:00,24.695694463716137,24.960291190113097,24.519296646118164,24.519296646118164,143800,0.0,0.0
1996-08-12 00:00:00-04:00,24.51929356910626,25.31308364868164,24.51929356910626,25.31308364868164,45500,0.0,0.0
1996-08-13 00:00:00-04:00,25.31308364868164,25.40128254641224,25.048486955489846,25.31308364868164,153500,0.0,0.0
1996-08-14 00:00:00-04:00,25.22489251761601,25.665887142049858,25.22489251761601,25.577688217163086,111300,0.0,0.0
1996-08-15 00:00:00-04:00,25.754081514879903,25.930479333474974,25.313086968392234,25.489484786987305,155000,0.0,0.0
1996-08-16 00:00:00-04:00,25.313088389003976,25.57768513174618,23.99010467529297,23.99010467529297,664500,0.0,0.0
1996-08-19 00:00:00-04:00,24.078302675218726,24.2547004970152,23.63730812072754,23.63730812072754,422200,0.0,0.0
1996-08-20 00:00:00-04:00,23.72550508941429,24.51929522251737,23.72550508941429,24.342897415161133,247100,0.0,0.0
1996-08-21 00:00:00-04:00,23.990101340964987,23.990101340964987,23.460907929031936,23.813703536987305,354600,0.0,0.0
1996-08-22 00:00:00-04:00,23.99011503923751,24.607507705688473,23.99011503923751,24.607507705688477,131000,0.0,0.0
1996-08-23 00:00:00-04:00,24.607507705688473,24.695706658038613,24.4311098009882,24.607507705688477,100200,0.0,0.0
1996-08-26 00:00:00-04:00,24.695694463716137,24.87209228131411,24.519296646118164,24.519296646118164,133400,0.0,0.0
1996-08-27 00:00:00-04:00,24.695706658038613,24.872104562738887,24.519308753338336,24.607507705688477,104800,0.0,0.0
1996-08-28 00:00:00-04:00,24.6956965762101,24.783895492553707,24.34290091083567,24.78389549255371,104800,0.0,0.0
1996-08-29 00:00:00-04:00,24.607504448735757,24.607504448735757,24.34290762670634,24.431106567382812,89200,0.0,0.0
1996-08-30 00:00:00-04:00,24.342898077713816,25.136688232421875,23.725505735163104,25.136688232421875,136900,0.0,0.0
1996-09-03 00:00:00-04:00,24.783895492553707,25.048492241584533,24.607497659866493,24.78389549255371,128200,0.0,0.0
1996-09-04 00:00:00-04:00,24.783897893182164,25.665887142049858,24.695698968295396,25.577688217163086,474700,0.0,0.0
1996-09-05 00:00:00-04:00,25.577685416161597,25.93048107707417,25.048491924792735,25.224889755249023,822900,0.0,0.0
1996-09-06 00:00:00-04:00,25.136685853220445,25.31308364868164,24.78389026229805,25.31308364868164,59300,0.0,0.0
1996-09-09 00:00:00-04:00,25.313083400189036,25.313083400189036,24.695691122135646,25.048486709594727,275000,0.0,0.0
1996-09-10 00:00:00-04:00,25.048483341298205,25.048483341298205,24.78388668628449,24.872085571289062,169600,0.0,0.0
1996-09-11 00:00:00-04:00,24.78390561038875,24.872104562738887,24.519308753338336,24.607507705688477,160600,0.0,0.0
1996-09-12 00:00:00-04:00,24.6956965762101,24.783895492553707,24.34290091083567,24.78389549255371,1733900,0.0,0.0
1996-09-13 00:00:00-04:00,24.87209440889732,25.048492241584533,24.6956965762101,24.78389549255371,300000,0.0,0.0
1996-09-16 00:00:00-04:00,24.87209083722985,24.96028974090797,24.16649960780489,24.342897415161133,276100,0.0,0.0
1996-09-17 00:00:00-04:00,21.52052806336203,22.226119147406685,21.25593140684528,21.432329177856445,2819400,0.0,0.0
1996-09-18 00:00:00-04:00,21.52053094778949,22.049724331751527,21.167735358481465,21.785127639770508,1619700,0.0,0.0
1996-09-19 00:00:00-04:00,21.69693478670987,22.667122927579012,21.52053694291548,22.314327239990234,711300,0.0,0.0
1996-09-20 00:00:00-04:00,22.22612118056096,22.402518967708268,22.04972339341365,22.137922286987305,519500,0.0,0.0
1996-09-23 00:00:00-04:00,22.137920657480795,22.402517318725586,22.137920657480795,22.402517318725586,217900,0.0,0.0
1996-09-24 00:00:00-04:00,22.40251992105955,22.40251992105955,21.785127639770508,21.785127639770508,511000,0.0,0.0
1996-09-25 00:00:00-04:00,21.873330875318878,21.961529790138712,21.167739556760207,21.608734130859375,721300,0.0,0.0
1996-09-26 00:00:00-04:00,21.69693478670987,22.402526161887426,21.608735864812676,22.314327239990234,525300,0.0,0.0
1996-09-27 00:00:00-04:00,22.314321989258282,22.931714297261475,22.314321989258282,22.843515396118164,277000,0.0,0.0
1996-09-30 00:00:00-04:00,22.755319494950143,23.46091079711914,22.755319494950143,23.46091079711914,339600,0.0,0.0
1996-10-01 00:00:00-04:00,23.284506189541553,23.284506189541553,22.22611954456239,22.402517318725586,336200,0.0,0.0
1996-10-02 00:00:00-04:00,22.40251876413822,22.667115442454815,22.40251876413822,22.578916549682617,165900,0.0,0.0
1996-10-03 00:00:00-04:00,22.66711564842923,22.66711564842923,21.87332560626634,22.137922286987305,299900,0.0,0.0
1996-10-04 00:00:00-04:00,22.31432370216616,22.57892042590726,21.873329162597656,21.873329162597656,162500,0.0,0.0
1996-10-07 00:00:00-04:00,21.9615261554718,22.04972505569458,20.814940452575684,21.167736053466797,545300,0.0,0.0
1996-10-08 00:00:00-04:00,21.873327255249023,22.04972505569458,20.99133825302124,21.167736053466797,396700,0.0,0.0
1996-10-09 00:00:00-04:00,21.07953883625787,21.255936650787227,20.638544299934484,20.903141021728516,406600,0.0,0.0
1996-10-10 00:00:00-04:00,20.814940452575684,21.255934953689575,20.814940452575684,21.167736053466797,569000,0.0,0.0
1996-10-11 00:00:00-04:00,21.07953715324402,21.167736053466797,21.07953715324402,21.167736053466797,383500,0.0,0.0
1996-10-14 00:00:00-04:00,21.16773845768776,21.16773845768776,20.8149428167263,20.99134063720703,120200,0.0,0.0
1996-10-15 00:00:00-04:00,20.99133921477754,21.079538119041313,20.81494140625,20.81494140625,300100,0.0,0.0
1996-10-16 00:00:00-04:00,20.8149428167263,20.99134063720703,20.8149428167263,20.99134063720703,492200,0.0,0.0
1996-10-17 00:00:00-04:00,21.079540449725695,21.43233610578805,21.079540449725695,21.34413719177246,361900,0.0,0.0
1996-10-18 00:00:00-04:00,21.696938369750978,22.402529861450194,21.43234156036377,22.049734115600586,218700,0.0,0.0
1996-10-21 00:00:00-04:00,22.13792741791276,22.314325245943937,21.34413719177246,21.34413719177246,173800,0.0,0.0
1996-10-22 00:00:00-04:00,21.520532871389985,21.696930681811217,20.9913394401263,21.079538345336914,151800,0.0,0.0
1996-10-23 00:00:00-04:00,20.991334750328534,21.52052806336203,20.991334750328534,21.432329177856445,127800,0.0,0.0
1996-10-24 00:00:00-04:00,21.432331138398066,22.490717861281922,21.432331138398066,22.137922286987305,328200,0.0,0.0
1996-10-25 00:00:00-04:00,22.13792395591736,22.226122856140137,20.99133825302124,21.167736053466797,400300,0.0,0.0
1996-10-28 00:00:00-05:00,21.255934953689575,21.432332754135132,20.02115035057068,20.46214485168457,569800,0.0,0.0
1996-10-29 00:00:00-05:00,20.462147762900905,20.550346675672028,19.756556460731908,20.109352111816406,481100,0.0,0.0
1996-10-30 00:00:00-05:00,20.109349250793457,20.726741552352905,19.844752550125122,20.46214485168457,853700,0.0,0.0
1996-10-31 00:00:00-05:00,20.462150943436814,20.462150943436814,19.932957384554825,20.021156311035156,653000,0.0,0.0
1996-11-01 00:00:00-05:00,20.021156311035156,20.19755416399582,19.932957384554825,20.021156311035156,480100,0.0,0.0
1996-11-04 00:00:00-05:00,19.93295529910496,20.109353133610316,19.668358547346934,19.75655746459961,712200,0.0,0.0
1996-11-05 00:00:00-05:00,19.8447539743069,20.021151787411853,19.756555067754427,19.932952880859375,390600,0.0,0.0
1996-11-06 00:00:00-05:00,20.02115152202127,20.373947143554688,19.93295261663792,20.373947143554688,327000,0.0,0.0
1996-11-07 00:00:00-05:00,20.197546726724376,20.28574562072754,20.109347832721213,20.28574562072754,238400,0.0,0.0
1996-11-08 00:00:00-05:00,20.109349250793457,20.46214485168457,20.109349250793457,20.46214485168457,199900,0.0,0.0
1996-11-11 00:00:00-05:00,20.373947143554688,20.46214604893804,20.19754933278798,20.373947143554688,145900,0.0,0.0
1996-11-12 00:00:00-05:00,20.373945710960953,20.4621446101426,20.197547912597656,20.197547912597656,240700,0.0,0.0
1996-11-13 00:00:00-05:00,20.285747051239014,20.55034375190735,20.197548151016235,20.46214485168457,382100,0.0,0.0
1996-11-14 00:00:00-05:00,20.638544299934484,21.344135558051903,20.638544299934484,20.903141021728516,372200,0.0,0.0
1996-11-15 00:00:00-05:00,21.079538345336914,21.255936155758143,20.9913394401263,21.079538345336914,219200,0.0,0.0
1996-11-18 00:00:00-05:00,21.079533635834117,21.696925834373193,21.079533635834117,21.432329177856445,248300,0.0,0.0
1996-11-19 00:00:00-05:00,21.344135060968757,21.520532871389985,20.9913394401263,21.079538345336914,173800,0.0,0.0
1996-11-20 00:00:00-05:00,21.696928764792048,22.57891773897059,21.608729867374198,22.490718841552734,265800,0.0,0.0
1996-11-21 00:00:00-05:00,21.87333556638664,22.31433023506379,20.81494836156148,21.96153450012207,604400,0.0,0.0
1996-11-22 00:00:00-05:00,22.049727894011,22.226125717163086,21.60873333613078,22.226125717163086,475400,0.0,0.0
1996-11-25 00:00:00-05:00,22.49071796288651,23.637303584523863,22.40251906891441,23.549104690551758,386500,0.0,0.0
1996-11-26 00:00:00-05:00,23.60569027387179,23.60569027387179,22.45634954892672,22.986814498901367,215300,0.08,0.0
1996-11-27 00:00:00-05:00,22.72157859802246,23.163632656349744,22.544756974691545,22.72157859802246,211500,0.0,0.0
1996-11-29 00:00:00-05:00,22.7215844004547,23.252049405912786,22.633173566211685,23.075227737426758,39700,0.0,0.0
1996-12-02 00:00:00-05:00,23.075224685668942,23.075224685668942,22.456348927815753,22.54475975036621,171000,0.0,0.0
1996-12-03 00:00:00-05:00,22.456355543021697,22.456355543021697,21.837479602859684,22.014301300048828,142300,0.0,0.0
1996-12-04 00:00:00-05:00,21.925879771315206,22.544755410021686,21.749058160256215,22.456344604492188,172300,0.0,0.0
1996-12-05 00:00:00-05:00,22.45635053037687,23.163637161254883,22.36793970151712,23.163637161254883,102600,0.0,0.0
1996-12-06 00:00:00-05:00,22.898403410607955,23.694100826420588,22.63317093867041,23.605690002441406,185200,0.0,0.0
1996-12-09 00:00:00-05:00,23.69410213441339,23.782512963273142,22.809993845815878,23.163637161254883,102100,0.0,0.0
1996-12-10 00:00:00-05:00,23.252046973888692,23.340457798884465,22.986814498901367,22.986814498901367,71000,0.0,0.0
1996-12-11 00:00:00-05:00,22.89840467467563,23.340458818974387,22.721583016956124,23.163637161254883,271600,0.0,0.0
1996-12-12 00:00:00-05:00,23.252044523084486,23.252044523084486,22.809990444698848,22.898401260375977,166400,0.0,0.0
1996-12-13 00:00:00-05:00,22.45635053037687,23.340458818974387,22.45635053037687,23.163637161254883,171200,0.0,0.0
1996-12-16 00:00:00-05:00,23.25204788622006,23.340458714684775,22.721582915431767,22.809993743896484,170200,0.0,0.0
1996-12-17 00:00:00-05:00,22.633172898065474,22.633172898065474,21.749064581734793,22.279529571533203,450900,0.0,0.0
1996-12-18 00:00:00-05:00,22.279528773108193,23.075226229290628,22.279528773108193,22.809993743896484,345300,0.0,0.0
1996-12-19 00:00:00-05:00,22.809990444698848,22.898401260375977,22.45634718199034,22.898401260375977,108100,0.0,0.0
1996-12-20 00:00:00-05:00,23.3404598236084,23.694103154269133,22.898405660282485,23.3404598236084,237400,0.0,0.0
1996-12-23 00:00:00-05:00,23.252046973888692,23.252046973888692,22.80999284890982,22.986814498901367,106200,0.0,0.0
1996-12-24 00:00:00-05:00,23.163637161254883,23.252047990114633,22.98681550353538,23.163637161254883,40800,0.0,0.0
1996-12-26 00:00:00-05:00,23.163639561758295,23.340461237802252,22.98681788571434,23.252050399780273,105800,0.0,0.0
1996-12-27 00:00:00-05:00,23.340461237802252,23.340461237802252,23.163639561758295,23.252050399780273,92000,0.0,0.0
1996-12-30 00:00:00-05:00,23.252050399780273,23.340461237802252,23.163639561758295,23.252050399780273,73900,0.0,0.0
1996-12-31 00:00:00-05:00,23.163636148892916,23.163636148892916,22.80999284890982,22.986814498901367,116400,0.0,0.0
1997-01-02 00:00:00-05:00,22.898400221353373,22.98681103301883,22.544756974691545,22.72157859802246,227400,0.0,0.0
1997-01-03 00:00:00-05:00,22.7215844004547,23.075227737426758,22.7215844004547,23.075227737426758,122800,0.0,0.0
1997-01-06 00:00:00-05:00,23.075225058566318,24.04774412233731,22.809992586628773,23.605690002441406,141200,0.0,0.0
1997-01-07 00:00:00-05:00,23.517281488938767,23.517281488938767,23.163638158278033,23.3404598236084,88800,0.0,0.0
1997-01-08 00:00:00-05:00,23.163638158278033,23.3404598236084,23.07522732561285,23.3404598236084,192800,0.0,0.0
1997-01-09 00:00:00-05:00,23.16363857166977,23.252049405912786,22.809995234697713,23.075227737426758,235500,0.0,0.0
1997-01-10 00:00:00-05:00,23.075227737426758,23.252049405912786,22.809995234697713,23.075227737426758,259400,0.0,0.0
1997-01-13 00:00:00-05:00,23.075227737426758,23.3404602401558,22.986816903183744,23.075227737426758,123800,0.0,0.0
1997-01-14 00:00:00-05:00,23.163636765390073,23.428869247436523,23.075225938041257,23.428869247436523,112100,0.0,0.0
1997-01-15 00:00:00-05:00,23.25204997672174,23.517282485961914,23.163639140308348,23.517282485961914,98100,0.0,0.0
1997-01-16 00:00:00-05:00,23.428870656273585,23.517281488938767,23.07522732561285,23.3404598236084,303300,0.0,0.0
1997-01-17 00:00:00-05:00,23.163636765390073,23.51728007478534,23.075225938041257,23.428869247436523,103700,0.0,0.0
1997-01-20 00:00:00-05:00,23.25204818866871,23.95933482558639,23.163637359054,23.87092399597168,108400,0.0,0.0
1997-01-21 00:00:00-05:00,23.95933482558639,23.95933482558639,23.25204818866871,23.87092399597168,128400,0.0,0.0
1997-01-22 00:00:00-05:00,23.69410094651789,23.959333419799805,23.517279297663276,23.959333419799805,374300,0.0,0.0
1997-01-23 00:00:00-05:00,23.870923208153766,24.666620648425557,23.870923208153766,24.40138816833496,370200,0.0,0.0
1997-01-24 00:00:00-05:00,24.224568150260232,24.224568150260232,23.252048990943216,23.3404598236084,112800,0.0,0.0
1997-01-27 00:00:00-05:00,23.428869247436523,23.428869247436523,23.163636765390073,23.428869247436523,65200,0.0,0.0
1997-01-28 00:00:00-05:00,23.517281488938767,23.517281488938767,23.163638158278033,23.3404598236084,179700,0.0,0.0
1997-01-29 00:00:00-05:00,23.252046973888692,23.252046973888692,22.80999284890982,22.986814498901367,124100,0.0,0.0
1997-01-30 00:00:00-05:00,22.898403673905595,23.163636148892916,22.80999284890982,22.986814498901367,125300,0.0,0.0
1997-01-31 00:00:00-05:00,23.1636321246624,23.1636321246624,22.367934837937355,22.633167266845703,683200,0.0,0.0
1997-02-03 00:00:00-05:00,22.36794090270996,22.63317340353261,22.36794090270996,22.36794090270996,154000,0.0,0.0
1997-02-04 00:00:00-05:00,22.27953433227539,22.456356033325196,22.014301780700684,22.102712631225586,179800,0.0,0.0
1997-02-05 00:00:00-05:00,21.925880050659178,22.014290857315064,20.864950370788574,21.21859359741211,330600,0.0,0.0
1997-02-06 00:00:00-05:00,23.340457983657245,25.197085323266343,22.898403855178888,25.020263671875,1177600,0.0,0.0
1997-02-07 00:00:00-05:00,25.108673095703125,25.108673095703125,24.578208171146017,25.108673095703125,377700,0.0,0.0
1997-02-10 00:00:00-05:00,25.020257422264585,25.020257422264585,24.755025011427858,24.931846618652344,248800,0.0,0.0
1997-02-11 00:00:00-05:00,24.75504447909666,24.931866225375924,24.578222732817398,24.66663360595703,393400,0.0,0.0
1997-02-12 00:00:00-05:00,24.755025011427858,25.020257422264585,24.666614207815616,24.931846618652344,310100,0.0,0.0
1997-02-13 00:00:00-05:00,24.84344063342457,25.37390555798168,24.755029812665054,25.108673095703125,247800,0.0,0.0
1997-02-14 00:00:00-05:00,25.020257422264585,25.19707902948907,24.8434358150401,24.931846618652344,65800,0.0,0.0
1997-02-18 00:00:00-05:00,25.0202646757427,25.285497163471423,24.66662135877107,25.197086334228516,129600,0.0,0.0
1997-02-19 00:00:00-05:00,25.28549436243569,25.904370098579218,25.108672723537538,25.373905181884766,203700,0.0,0.0
1997-02-20 00:00:00-05:00,25.19707902948907,25.373900636713554,24.755025011427858,24.931846618652344,241200,0.0,0.0
1997-02-21 00:00:00-05:00,24.931851084639383,25.550726820782916,24.84344026519031,25.373905181884766,218200,0.0,0.0
1997-02-24 00:00:00-05:00,25.639145414708025,26.169610492253707,25.462323722192796,26.081199645996094,136800,0.0,0.0
1997-02-25 00:00:00-05:00,25.992785161084466,26.876893499896866,25.815963493321988,26.788482666015625,472500,0.0,0.0
1997-02-26 00:00:00-05:00,28.291459894504676,28.468281518845334,25.020259844202574,25.992778778076172,1230400,0.0,0.0
1997-02-27 00:00:00-05:00,26.1696147664388,26.700079930623374,26.1696147664388,26.523258209228516,170700,0.0,0.0
1997-02-28 00:00:00-05:00,26.788485994402144,26.87689683926816,26.346431770072076,26.700075149536133,169900,0.0,0.0
1997-03-03 00:00:00-05:00,26.965304089199964,27.761001586914062,26.87689325612062,27.761001586914062,268200,0.0,0.0
1997-03-04 00:00:00-05:00,27.6725925308427,27.6725925308427,27.0537166595459,27.0537166595459,211300,0.0,0.0
1997-03-05 00:00:00-05:00,27.053716721073275,27.407360076904297,26.876895043157763,27.407360076904297,158000,0.0,0.0
1997-03-06 00:00:00-05:00,27.31894750415154,28.20305583761923,27.31894750415154,28.11464500427246,166200,0.0,0.0
1997-03-07 00:00:00-05:00,28.20305341726598,28.20305341726598,27.849410114228164,28.02623176574707,102700,0.0,0.0
1997-03-10 00:00:00-05:00,28.026235157251357,28.379878503084182,27.93782432079315,28.291467666625977,258300,0.0,0.0
1997-03-11 00:00:00-05:00,28.291466670966,28.645110004353075,28.026234170925694,28.11464500427246,261800,0.0,0.0
1997-03-12 00:00:00-05:00,28.026236451323776,28.026236451323776,27.4073605675406,27.495771408081055,257500,0.0,0.0
1997-03-13 00:00:00-05:00,27.58418175481981,27.58418175481981,27.31894923794654,27.407360076904297,119700,0.0,0.0
1997-03-14 00:00:00-05:00,27.407358254596687,27.93782325307275,27.407358254596687,27.761001586914062,470600,0.0,0.0
1997-03-17 00:00:00-05:00,27.76099637954954,28.02622882903568,27.584174746558777,27.849407196044922,270300,0.0,0.0
1997-03-18 00:00:00-05:00,27.849414770242866,27.849414770242866,27.318949727000145,27.495771408081055,236000,0.0,0.0
1997-03-19 00:00:00-05:00,27.407362925541868,27.495773773688775,26.87689783666041,27.230541229248047,142900,0.0,0.0
1997-03-20 00:00:00-05:00,27.14212487015543,27.937822341918945,26.96530320976354,27.937822341918945,454700,0.0,0.0
1997-03-21 00:00:00-05:00,27.937820939987617,28.20305341726598,27.672588462709253,28.02623176574707,95100,0.0,0.0
1997-03-24 00:00:00-05:00,27.93782561078332,27.93782561078332,27.230538886459694,27.495771408081055,374400,0.0,0.0
1997-03-25 00:00:00-05:00,27.4073668162028,27.4073668162028,26.434847348531086,26.523258209228516,192600,0.0,0.0
1997-03-26 00:00:00-05:00,26.43483683566919,26.788480137818613,25.815961056907707,26.346426010131836,206100,0.0,0.0
1997-03-27 00:00:00-05:00,26.434833887461068,26.434833887461068,25.99277980907543,26.169601440429688,124500,0.0,0.0
1997-03-31 00:00:00-05:00,26.346428672472637,26.346428672472637,25.197087824344635,25.46232032775879,311800,0.0,0.0
1997-04-01 00:00:00-05:00,25.81595230102539,25.9927738921283,25.373898323268104,25.81595230102539,82700,0.0,0.0
1997-04-02 00:00:00-05:00,25.639144897460938,25.72755574193494,25.46232320851293,25.639144897460938,173700,0.0,0.0
1997-04-03 00:00:00-05:00,25.550734052986932,25.815966586408944,25.550734052986932,25.639144897460938,73900,0.0,0.0
1997-04-04 00:00:00-05:00,25.462320822745458,25.550731658935547,24.93185580560493,25.550731658935547,366000,0.0,0.0
1997-04-07 00:00:00-04:00,25.815959419171836,25.904370239100505,25.639137779314495,25.727548599243164,106900,0.0,0.0
1997-04-08 00:00:00-04:00,25.72754634156519,26.169600402416826,25.639135529394864,25.992778778076172,198300,0.0,0.0
1997-04-09 00:00:00-04:00,26.16960435905713,26.523247661206547,26.16960435905713,26.346426010131836,203400,0.0,0.0
1997-04-10 00:00:00-04:00,26.346426010131836,26.43483683566919,26.25801518459448,26.346426010131836,87900,0.0,0.0
1997-04-11 00:00:00-04:00,26.258018348456254,26.258018348456254,25.550731658935547,25.550731658935547,118200,0.0,0.0
1997-04-14 00:00:00-04:00,25.63913654636692,26.169601440429684,25.63913654636692,26.169601440429688,199000,0.0,0.0
1997-04-15 00:00:00-04:00,26.523253459804103,26.87689683926816,26.43484261493809,26.700075149536133,146400,0.0,0.0
1997-04-16 00:00:00-04:00,26.70007336524225,27.58418175481981,26.611662526284494,27.407360076904297,255600,0.0,0.0
1997-04-17 00:00:00-04:00,27.230540218732212,27.407361908464242,26.611664304670118,26.700075149536133,122500,0.0,0.0
1997-04-18 00:00:00-04:00,26.7884907913208,27.142134234110515,26.523258209228516,26.523258209228516,107100,0.0,0.0
1997-04-21 00:00:00-04:00,26.16960435905713,26.43483683566919,26.081193533519773,26.346426010131836,142400,0.0,0.0
1997-04-22 00:00:00-04:00,26.346431770072076,26.700075149536133,25.992788390608023,26.700075149536133,159200,0.0,0.0
1997-04-23 00:00:00-04:00,26.611665292219683,27.495773773688775,26.611665292219683,27.230541229248047,143600,0.0,0.0
1997-04-24 00:00:00-04:00,26.965288233981234,28.468271512596584,25.99276964193601,28.203039169311523,713600,0.0,0.0
1997-04-25 00:00:00-04:00,28.114642591506527,28.114642591506527,27.760999288468707,28.02623176574707,122900,0.0,0.0
1997-04-28 00:00:00-04:00,27.937815419610043,28.910334310799,27.84940461132014,28.37986946105957,354100,0.0,0.0
1997-04-29 00:00:00-04:00,28.55670405022892,28.821936595587083,28.4682932017762,28.64511489868164,277400,0.0,0.0
1997-04-30 00:00:00-04:00,28.73351269421919,28.910334310799,28.291458652769666,28.37986946105957,284500,0.0,0.0
1997-05-01 00:00:00-04:00,28.379884243011475,28.998760223388672,28.379884243011475,28.998760223388672,255300,0.0,0.0
1997-05-02 00:00:00-04:00,28.910341456399035,29.971271418101754,28.73351979611525,29.61762809753418,337600,0.0,0.0
1997-05-05 00:00:00-04:00,29.44079780578613,30.059673435337192,29.26397619734297,29.440797805786133,650500,0.0,0.0
1997-05-06 00:00:00-04:00,29.35240364074707,29.61763620376587,28.733527660369873,28.998760223388672,328400,0.0,0.0
1997-05-07 00:00:00-04:00,28.645111576960637,28.910344091562123,28.468289900559647,28.733522415161133,189300,0.0,0.0
1997-05-08 00:00:00-04:00,28.645114443717745,29.175579526008814,28.556703596669234,28.91034698486328,321000,0.0,0.0
1997-05-09 00:00:00-04:00,28.910349369049072,29.35240364074707,28.910349369049072,28.998760223388672,135100,0.0,0.0
1997-05-12 00:00:00-04:00,28.998746999846254,30.413320024228998,28.998746999846254,30.324909210205078,253100,0.0,0.0
1997-05-13 00:00:00-04:00,29.70603524267146,30.14808933854455,29.70603524267146,29.971267700195312,169700,0.0,0.0
1997-05-14 00:00:00-04:00,29.88286488314709,30.413329940244374,29.263988983200257,29.352399826049805,232100,0.0,0.0
1997-05-15 00:00:00-04:00,29.175582410354384,29.175582410354384,28.910349842987525,29.08717155456543,291400,0.0,0.0
1997-05-16 00:00:00-04:00,28.998757831911792,29.087168678960303,28.733525290766256,28.91034698486328,430000,0.0,0.0
1997-05-19 00:00:00-04:00,28.998757831911792,28.998757831911792,28.645114443717745,28.91034698486328,106200,0.0,0.0
1997-05-20 00:00:00-04:00,28.91034427948451,29.971274344786693,28.733522601934144,29.794452667236328,349000,0.0,0.0
1997-05-21 00:00:00-04:00,29.79445052420956,30.855380513202185,29.79445052420956,30.766969680786133,284400,0.0,0.0
1997-05-22 00:00:00-04:00,30.766965072766872,30.855375891941488,29.882856881020697,29.971267700195312,355400,0.0,0.0
1997-05-23 00:00:00-04:00,30.027961059114826,30.027961059114826,29.053602440677473,29.673648834228516,371900,0.08,0.0
1997-05-27 00:00:00-04:00,29.67365552639139,31.090904745562323,29.49649937399502,30.825170516967773,475000,0.0,0.0
1997-05-28 00:00:00-04:00,31.00230873129162,31.888088980757093,31.00230873129162,31.799510955810547,536800,0.0,0.0
1997-05-29 00:00:00-04:00,31.622365613050864,31.7995217229279,31.090897283419757,31.445209503173828,122400,0.0,0.0
1997-05-30 00:00:00-04:00,31.445216626428362,31.71095085144043,30.470857801384103,31.71095085144043,170000,0.0,0.0
1997-06-02 00:00:00-04:00,31.533788559509446,32.15383496376946,31.533788559509446,31.9766788482666,286700,0.0,0.0
1997-06-03 00:00:00-04:00,32.06525839136002,33.65966350474256,31.976680329505434,33.30535125732422,810500,0.0,0.0
1997-06-04 00:00:00-04:00,33.03962043325648,33.03962043325648,32.41957393719,32.50815200805664,419500,0.0,0.0
1997-06-05 00:00:00-04:00,32.508158275059294,32.508158275059294,32.15384592328753,32.24242401123047,85700,0.0,0.0
1997-06-06 00:00:00-04:00,32.33099586632336,32.59673007892328,31.710949370256888,32.50815200805664,268800,0.0,0.0
1997-06-09 00:00:00-04:00,32.50814059557836,32.685296675118295,31.97667235695855,32.065250396728516,175700,0.0,0.0
1997-06-10 00:00:00-04:00,32.15382614135742,32.33098220825195,31.888092041015625,32.33098220825195,191900,0.0,0.0
1997-06-11 00:00:00-04:00,32.153836734959334,32.5081489854823,31.710946421805627,32.41957092285156,189300,0.0,0.0
1997-06-12 00:00:00-04:00,32.330982962921055,32.68529510498047,31.8880927853468,32.68529510498047,196200,0.0,0.0
1997-06-13 00:00:00-04:00,32.77386861165365,33.305336751302086,32.77386861165365,33.216758728027344,81700,0.0,0.0
1997-06-16 00:00:00-04:00,33.03961927424032,33.57108768079647,32.951041206480966,33.48250961303711,290500,0.0,0.0
1997-06-17 00:00:00-04:00,33.128188214983254,34.36828082196124,33.039610171627686,34.10254669189453,522500,0.0,0.0
1997-06-18 00:00:00-04:00,34.013973236083984,34.013973236083984,33.65966101487478,34.013973236083984,147200,0.0,0.0
1997-06-19 00:00:00-04:00,33.92538983834223,34.45685808646247,33.92538983834223,34.191123962402344,313400,0.0,0.0
1997-06-20 00:00:00-04:00,33.30535125732422,33.48250738103339,32.95103900990588,33.30535125732422,472200,0.0,0.0
1997-06-23 00:00:00-04:00,32.95104155333146,33.57108803417372,32.59672927856445,32.59672927856445,117500,0.0,0.0
1997-06-24 00:00:00-04:00,32.68529396717463,33.48249625905694,32.41955986988052,33.261051177978516,441100,0.0,0.0
1997-06-25 00:00:00-04:00,33.26105976601442,34.10255129138629,33.26105976601442,34.013973236083984,364000,0.0,0.0
1997-06-26 00:00:00-04:00,33.83680727069076,34.368275447717316,33.57107318217748,34.27969741821289,131300,0.0,0.0
1997-06-27 00:00:00-04:00,34.368280045109096,34.72259221052259,34.0139678796956,34.191123962402344,187900,0.0,0.0
1997-06-30 00:00:00-04:00,34.36828861879499,34.6340228091465,31.533790588378906,31.533790588378906,282300,0.0,0.0
1997-07-01 00:00:00-04:00,32.77388145712681,34.2797084429948,32.77388145712681,33.039615631103516,230900,0.0,0.0
1997-07-02 00:00:00-04:00,33.039620245656664,33.305354456747736,32.95104217529297,32.95104217529297,104200,0.0,0.0
1997-07-03 00:00:00-04:00,32.99533161147927,33.216776790079805,32.86246450431896,32.90675354003906,94000,0.0,0.0
1997-07-07 00:00:00-04:00,33.30535607218585,33.659668370826125,33.12819992286571,33.615379333496094,294100,0.0,0.0
1997-07-08 00:00:00-04:00,33.305353477518395,33.48250961303711,33.261064443638716,33.48250961303711,148000,0.0,0.0
1997-07-09 00:00:00-04:00,33.3053508621763,33.65966310539094,33.3053508621763,33.349639892578125,319600,0.0,0.0
1997-07-10 00:00:00-04:00,33.12819831602035,33.305354456747736,32.95104217529297,32.95104217529297,170700,0.0,0.0
1997-07-11 00:00:00-04:00,33.128199122344064,33.2167771948637,32.68530875974588,32.862464904785156,178300,0.0,0.0
1997-07-14 00:00:00-04:00,33.039615631103516,33.30534980508022,32.95103757311128,33.039615631103516,126800,0.0,0.0
1997-07-15 00:00:00-04:00,33.12819734199968,33.48250961303711,32.86246313872161,33.48250961303711,108100,0.0,0.0
1997-07-16 00:00:00-04:00,33.65965878152098,33.88110390508362,33.615369756808455,33.836814880371094,79500,0.0,0.0
1997-07-17 00:00:00-04:00,33.96969163213637,33.96969163213637,33.12819992286571,33.615379333496094,103500,0.0,0.0
1997-07-18 00:00:00-04:00,33.792540138274866,33.83682918170642,33.03962639993847,33.52680587768555,111200,0.0,0.0
1997-07-21 00:00:00-04:00,33.61537447381527,33.65966350474256,33.26106222639693,33.30535125732422,117900,0.0,0.0
1997-07-22 00:00:00-04:00,33.17248181868984,33.571083068847656,32.773880568532014,33.571083068847656,188100,0.0,0.0
1997-07-23 00:00:00-04:00,33.92540061824015,35.43122779972861,33.88111158349048,34.678314208984375,290700,0.0,0.0
1997-07-24 00:00:00-04:00,34.67830548335596,34.67830548335596,32.95103356272904,34.368282318115234,450700,0.0,0.0
1997-07-25 00:00:00-04:00,34.36827888734879,34.45685692571825,34.191122810609876,34.32398986816406,493400,0.0,0.0
1997-07-28 00:00:00-04:00,34.368275447717316,34.41256446246953,34.191119388708465,34.27969741821289,239400,0.0,0.0
1997-07-29 00:00:00-04:00,34.23543249246521,34.501166767956526,34.146854400634766,34.146854400634766,147100,0.0,0.0
1997-07-30 00:00:00-04:00,34.14683379142515,34.36827888734879,34.013966733870966,34.32398986816406,163000,0.0,0.0
1997-07-31 00:00:00-04:00,34.191123962402344,34.63401416916921,34.0139678796956,34.191123962402344,128700,0.0,0.0
1997-08-01 00:00:00-04:00,34.23541826576684,34.76688659589517,34.191129238256146,34.45686340332031,97700,0.0,0.0
1997-08-04 00:00:00-04:00,34.45685920176671,34.72259333442815,34.45685920176671,34.50114822387695,141900,0.0,0.0
1997-08-05 00:00:00-04:00,34.54543493963351,35.03261415032065,34.501145920480134,34.76688003540039,105500,0.0,0.0
1997-08-06 00:00:00-04:00,34.76687961417451,35.69694900512695,34.678301576940946,35.69694900512695,222300,0.0,0.0
1997-08-07 00:00:00-04:00,35.60837672087137,35.69695477241583,35.386931592010235,35.47550964355469,173000,0.0,0.0
1997-08-08 00:00:00-04:00,35.60839965126731,35.60839965126731,34.944063836877994,35.07693099975586,157700,0.0,0.0
1997-08-11 00:00:00-04:00,35.03262648698166,35.16549359123064,34.456869035236075,34.678314208984375,137200,0.0,0.0
1997-08-12 00:00:00-04:00,34.72258265106318,35.076894718931165,34.72258265106318,34.85544967651367,68600,0.0,0.0
1997-08-13 00:00:00-04:00,34.766883530567604,34.766883530567604,34.27970427090359,34.368282318115234,156000,0.0,0.0
1997-08-14 00:00:00-04:00,34.41257379431474,34.54544087460167,33.65966033935547,33.65966033935547,141500,0.0,0.0
1997-08-15 00:00:00-04:00,33.659653495643845,33.659653495643845,32.68529510498047,32.68529510498047,137400,0.0,0.0
1997-08-18 00:00:00-04:00,32.68530331027805,32.68530331027805,31.88810079051517,31.9766788482666,196300,0.0,0.0
1997-08-19 00:00:00-04:00,31.97667963769701,32.02096866766612,31.09089903831482,31.88810157775879,348000,0.0,0.0
1997-08-20 00:00:00-04:00,31.8881137347524,31.8881137347524,31.268067078798882,31.40093421936035,282900,0.0,0.0
1997-08-21 00:00:00-04:00,31.17948352557225,31.223772564671073,29.983679469903993,30.958038330078125,551300,0.0,0.0
1997-08-22 00:00:00-04:00,30.736593024297193,31.356639569455925,30.382280712777916,31.17948341369629,279900,0.0,0.0
1997-08-25 00:00:00-04:00,31.002322207675892,32.10954800080717,30.91374414422539,31.533790588378906,158300,0.0,0.0
1997-08-26 00:00:00-04:00,32.065257237962456,32.641014619307086,31.888101120625645,32.15383529663086,154800,0.0,0.0
1997-08-27 00:00:00-04:00,31.79951983512716,31.79951983512716,30.426560065086854,31.22376251220703,446100,0.0,0.0
1997-08-28 00:00:00-04:00,31.179461935292117,31.179461935292117,30.24939275824505,30.559415817260742,216400,0.0,0.0
1997-08-29 00:00:00-04:00,30.55943001765283,30.603719046663922,30.205117785564102,30.249406814575195,104100,0.0,0.0
1997-09-02 00:00:00-04:00,30.249410847018908,30.780879266000206,30.205121812103798,30.648012161254883,253800,0.0,0.0
1997-09-03 00:00:00-04:00,30.559436868537556,32.06526419249448,30.559436868537556,31.17948341369629,120400,0.0,0.0
1997-09-04 00:00:00-04:00,31.17948341369629,31.533795725215565,30.470858790657736,31.17948341369629,134200,0.0,0.0
1997-09-05 00:00:00-04:00,31.268051537047043,31.71094178544714,31.179473487367023,31.22376251220703,162500,0.0,0.0
1997-09-08 00:00:00-04:00,31.135177587353905,31.135177587353905,30.426553346389948,30.470842361450195,125100,0.0,0.0
1997-09-09 00:00:00-04:00,30.470846562059336,30.470846562059336,29.93937830806993,30.426557540893555,189000,0.0,0.0
1997-09-10 00:00:00-04:00,30.337980298434985,30.42655834310195,30.027957142100615,30.116535186767578,80900,0.0,0.0
1997-09-11 00:00:00-04:00,30.116534903983666,30.116534903983666,29.097887399878335,29.275043487548828,633900,0.0,0.0
1997-09-12 00:00:00-04:00,29.053609568277995,29.053609568277995,26.21911107381185,26.573423385620117,1740600,0.0,0.0
1997-09-15 00:00:00-04:00,27.282045975709575,27.81351440380781,27.104889833010162,27.6363582611084,900100,0.0,0.0
1997-09-16 00:00:00-04:00,27.8135142160891,28.522138782104108,27.8135142160891,28.079248428344727,432400,0.0,0.0
1997-09-17 00:00:00-04:00,28.12352109178204,28.477833168528903,28.12352109178204,28.433544158935547,406700,0.0,0.0
1997-09-18 00:00:00-04:00,28.52211791370356,28.699273925589917,28.212094892902435,28.256383895874023,499500,0.0,0.0
1997-09-19 00:00:00-04:00,28.07924002521443,28.433552202188743,28.07924002521443,28.167818069458008,455600,0.0,0.0
1997-09-22 00:00:00-04:00,28.256407240833664,28.256407240833664,26.48484565833626,27.37062644958496,712700,0.0,0.0
1997-09-23 00:00:00-04:00,27.63635866217208,27.81351480744241,27.28204637163141,27.592069625854492,236800,0.0,0.0
1997-09-24 00:00:00-04:00,27.680647296783253,27.90209247515752,27.414913082734135,27.6363582611084,269200,0.0,0.0
1997-09-25 00:00:00-04:00,27.370618716926334,27.902087041526844,27.370618716926334,27.813508987426758,175000,0.0,0.0
1997-09-26 00:00:00-04:00,27.813517547459995,27.902095628821332,27.459205222014642,27.503494262695312,210800,0.0,0.0
1997-09-29 00:00:00-04:00,27.503491553219327,27.724936734807244,27.28204637163141,27.592069625854492,158700,0.0,0.0
1997-09-30 00:00:00-04:00,27.724933159502246,28.079245404352115,27.459198975864844,27.99066734313965,179500,0.0,0.0
1997-10-01 00:00:00-04:00,28.256400584399216,28.30068961352837,27.19346388529956,27.23775291442871,206100,0.0,0.0
1997-10-02 00:00:00-04:00,27.326335011384426,27.81351440380781,27.326335011384426,27.6363582611084,173300,0.0,0.0
1997-10-03 00:00:00-04:00,27.813510629780264,28.344978985763326,27.370620333127714,27.41490936279297,271600,0.0,0.0
1997-10-06 00:00:00-04:00,27.326330972687018,27.326330972687018,26.661995535749732,27.23775291442871,374900,0.0,0.0
1997-10-07 00:00:00-04:00,27.237754101846733,27.59206635032604,27.060597977607078,27.104887008666992,170500,0.0,0.0
1997-10-08 00:00:00-04:00,27.10488812076929,27.32633328515466,27.016310055015143,27.193466186523438,278600,0.0,0.0
1997-10-09 00:00:00-04:00,27.237753704749352,27.237753704749352,26.61770727895018,27.1491756439209,448000,0.0,0.0
1997-10-10 00:00:00-04:00,27.237756636834916,27.45920181274414,26.927733390561997,27.45920181274414,117000,0.0,0.0
1997-10-13 00:00:00-04:00,27.459207262311665,27.636363438197545,27.28205108642578,27.28205108642578,141100,0.0,0.0
1997-10-14 00:00:00-04:00,27.547778998075298,27.813513200629078,27.370622863039443,27.769224166870117,124100,0.0,0.0
1997-10-15 00:00:00-04:00,27.636357953471524,27.68064698865337,27.414912777562296,27.45920181274414,206600,0.0,0.0
1997-10-16 00:00:00-04:00,27.592071647397137,27.680649726522006,27.28204837046009,27.37062644958496,118200,0.0,0.0
1997-10-17 00:00:00-04:00,27.459198060074474,27.459198060074474,26.83915165226634,27.23775291442871,63000,0.0,0.0
1997-10-20 00:00:00-04:00,27.23774714696975,28.34497264074901,27.23774714696975,27.902082443237305,263200,0.0,0.0
1997-10-21 00:00:00-04:00,28.34498126871619,28.69929353457514,28.34498126871619,28.655004501342773,323500,0.0,0.0
1997-10-22 00:00:00-04:00,28.61071377162692,28.876447955264318,27.99066734313965,27.99066734313965,231600,0.0,0.0
1997-10-23 00:00:00-04:00,27.90209247515752,27.946381510832374,27.547780189758694,27.6363582611084,252300,0.0,0.0
1997-10-24 00:00:00-04:00,27.90208393672727,28.522130246432322,27.724927848240114,28.167818069458008,249400,0.0,0.0
1997-10-27 00:00:00-05:00,28.344976297181873,28.344976297181873,27.060594558715817,27.06059455871582,171300,0.0,0.0
1997-10-28 00:00:00-05:00,26.219111420961646,27.813516845209314,26.219111420961646,27.37062644958496,420900,0.0,0.0
1997-10-29 00:00:00-05:00,28.256402251476377,28.522136441929135,27.636355807086616,28.12353515625,158300,0.0,0.0
1997-10-30 00:00:00-05:00,27.94638396389662,28.21211820127123,27.28204837046009,27.37062644958496,118600,0.0,0.0
1997-10-31 00:00:00-05:00,27.54777844954003,27.857801679679547,26.927731989260995,27.193466186523438,126900,0.0,0.0
1997-11-03 00:00:00-05:00,27.23776204245431,27.813519614083425,27.1048949105399,27.28205108642578,382400,0.0,0.0
1997-11-04 00:00:00-05:00,27.23775377399043,27.23775377399043,26.529129285561414,26.927730560302734,414300,0.0,0.0
1997-11-05 00:00:00-05:00,26.97202555870133,26.97202555870133,26.219111873154656,26.484846115112305,870600,0.0,0.0
1997-11-06 00:00:00-05:00,26.661999336152313,26.661999336152313,25.687640556425816,26.174819946289062,455600,0.0,0.0
1997-11-07 00:00:00-05:00,25.997664900292435,26.66200045992512,25.909086825674745,26.263399124145508,146600,0.0,0.0
1997-11-10 00:00:00-05:00,26.396266236072048,26.57342238530743,26.219110086836665,26.263399124145508,125400,0.0,0.0
1997-11-11 00:00:00-05:00,26.440549908457573,26.595561507585884,26.130526710200954,26.219104766845703,219400,0.0,0.0
1997-11-12 00:00:00-05:00,25.51048712479441,25.68764328538326,25.244752883911133,25.244752883911133,227800,0.0,0.0
1997-11-13 00:00:00-05:00,25.333314083992168,25.510470126537566,24.979001998901367,24.979001998901367,329200,0.0,0.0
1997-11-14 00:00:00-05:00,24.801858573124328,26.130529568113133,24.801858573124328,25.687639236450195,131200,0.0,0.0
1997-11-17 00:00:00-05:00,26.130531311035156,26.30768745551675,25.99766420267396,26.130531311035156,337400,0.0,0.0
1997-11-18 00:00:00-05:00,26.13052688810193,26.13052688810193,25.51048048736731,25.55476951599121,89000,0.0,0.0
1997-11-19 00:00:00-05:00,25.51047975759473,25.864791976450213,25.33332364816699,25.42190170288086,68000,0.0,0.0
1997-11-20 00:00:00-05:00,25.421903215491252,25.687637395444124,25.333325155506962,25.4661922454834,154700,0.0,0.0
1997-11-21 00:00:00-05:00,26.219104945349734,26.39626105984534,25.55476951599121,25.55476951599121,223300,0.0,0.0
1997-11-24 00:00:00-05:00,25.643338693154824,25.687627706441795,23.960356188250017,24.580402374267578,558200,0.0,0.0
1997-11-25 00:00:00-05:00,24.536119107333096,24.890431296608664,24.093228870738635,24.358963012695312,735800,0.0,0.0
1997-11-26 00:00:00-05:00,24.536124640163344,24.62470270745635,23.827500101819275,23.96036720275879,417700,0.0,0.0
1997-11-28 00:00:00-05:00,24.093229726344678,24.093229726344678,23.827495574951172,23.827495574951172,103600,0.0,0.0
1997-12-01 00:00:00-05:00,24.004650535868173,24.226095651512715,23.606049327708,23.738916397094727,489400,0.0,0.0
1997-12-02 00:00:00-05:00,24.004653145285214,24.44754342471852,23.91607508939855,24.093231201171875,893100,0.0,0.0
1997-12-03 00:00:00-05:00,24.00465681687841,24.093234886313383,23.207454191963627,23.473188400268555,436100,0.0,0.0
1997-12-04 00:00:00-05:00,23.09303629826508,23.67036220572171,22.648939446375365,23.49272346496582,2470300,0.09,0.0
1997-12-05 00:00:00-05:00,23.09303805232048,23.18185742944479,22.382483035326004,22.737760543823242,1337400,0.0,0.0
1997-12-08 00:00:00-05:00,22.82658265117457,23.625957140904415,22.782172957300688,23.359498977661133,348400,0.0,0.0
1997-12-09 00:00:00-05:00,23.181858552176998,24.070052366436652,22.9154004078991,23.53713607788086,379500,0.0,0.0
1997-12-10 00:00:00-05:00,23.448318365408895,23.537137753156657,23.09304081441785,23.359498977661133,372300,0.0,0.0
1997-12-11 00:00:00-05:00,23.09304058323418,23.22626966352207,22.69335334237051,23.181859970092773,293300,0.0,0.0
1997-12-12 00:00:00-05:00,23.35949440939891,23.892410631666564,23.35949440939891,23.49272346496582,272100,0.0,0.0
1997-12-15 00:00:00-05:00,23.62595149242517,23.714770858938046,23.09303529334791,23.448312759399414,151400,0.0,0.0
1997-12-16 00:00:00-05:00,23.270674296787806,23.80359050205776,23.270674296787806,23.625951766967773,162400,0.0,0.0
1997-12-17 00:00:00-05:00,23.537136912345886,24.158872604370117,23.537136912345886,24.158872604370117,324100,0.0,0.0
1997-12-18 00:00:00-05:00,24.114461775407772,24.33651022637838,23.892413324437168,24.02564239501953,404300,0.0,0.0
1997-12-19 00:00:00-05:00,23.625955183272442,24.114461775407772,23.58154549307832,24.02564239501953,226600,0.0,0.0
1997-12-22 00:00:00-05:00,23.848001764832638,24.69178581237793,23.848001764832638,24.69178581237793,344800,0.0,0.0
1997-12-23 00:00:00-05:00,24.602976036755418,25.22471189327992,24.42533722060556,24.780614852905273,214400,0.0,0.0
1997-12-24 00:00:00-05:00,24.602976036755418,24.958253669055132,24.42533722060556,24.780614852905273,184300,0.0,0.0
1997-12-26 00:00:00-05:00,24.736198604106903,24.736198604106903,23.848004758358,24.158872604370117,79900,0.0,0.0
1997-12-29 00:00:00-05:00,24.158869054195655,24.51414654028677,23.936820625388712,24.33650779724121,210300,0.0,0.0
1997-12-30 00:00:00-05:00,24.514151196462826,25.002657832624223,24.380922113873357,24.958248138427734,132700,0.0,0.0
1997-12-31 00:00:00-05:00,24.869421289322226,25.35792777893391,24.780601927574644,25.047060012817383,154900,0.0,0.0
1998-01-02 00:00:00-05:00,25.224700382777623,25.224700382777623,24.869422912597656,24.869422912597656,360500,0.0,0.0
1998-01-05 00:00:00-05:00,24.958252857500646,25.180301370467735,24.69179464194014,24.913843154907227,427200,0.0,0.0
1998-01-06 00:00:00-05:00,24.869424559229568,24.95824393265539,24.514147065526288,24.69178581237793,310400,0.0,0.0
1998-01-07 00:00:00-05:00,24.602967712905382,24.602967712905382,24.11446113376827,24.247690200805664,252000,0.0,0.0
1998-01-08 00:00:00-05:00,24.070053219795227,24.247691988945007,23.448317527770996,24.158872604370117,791800,0.0,0.0
1998-01-09 00:00:00-05:00,24.158870442708334,24.469738260904947,23.803592936197916,23.981231689453125,756800,0.0,0.0
1998-01-12 00:00:00-05:00,23.71477532652674,24.247691625999252,23.448317176790486,23.892414093017578,563800,0.0,0.0
1998-01-13 00:00:00-05:00,24.070045471191406,24.158864827173662,23.892406759226894,24.070045471191406,298800,0.0,0.0
1998-01-14 00:00:00-05:00,24.11446113376827,24.425328956855523,24.070051444755805,24.247690200805664,341700,0.0,0.0
1998-01-15 00:00:00-05:00,24.336503539138175,24.336503539138175,23.936816437218024,24.070045471191406,179800,0.0,0.0
1998-01-16 00:00:00-05:00,24.025649884268375,24.869434260980203,23.981240180230913,24.780614852905273,403200,0.0,0.0
1998-01-20 00:00:00-05:00,24.869426355465226,24.869426355465226,24.42532945626049,24.602968215942383,284200,0.0,0.0
1998-01-21 00:00:00-05:00,24.602961607084943,24.602961607084943,23.892406759226894,24.070045471191406,590800,0.0,0.0
1998-01-22 00:00:00-05:00,23.892414093017578,24.070052859508415,23.759185018149452,23.892414093017578,285600,0.0,0.0
1998-01-23 00:00:00-05:00,23.98124022474979,24.203288745349322,23.625962591790532,23.936830520629883,306900,0.0,0.0
1998-01-26 00:00:00-05:00,24.114469337109508,24.114469337109508,23.714782000030347,23.936830520629883,113000,0.0,0.0
1998-01-27 00:00:00-05:00,24.158872604370117,24.247691988945007,23.892414450645447,24.158872604370117,295500,0.0,0.0
1998-01-28 00:00:00-05:00,24.33651781253063,24.869434260980203,24.2476984044557,24.780614852905273,384500,0.0,0.0
1998-01-29 00:00:00-05:00,25.224711531299654,26.423773523104394,25.135892124499303,26.201725006103516,577000,0.0,0.0
1998-01-30 00:00:00-05:00,26.379358175638558,26.468177563435322,26.112900012248268,26.290538787841797,370800,0.0,0.0
1998-02-02 00:00:00-05:00,26.823447815526407,27.978099542684827,26.734628451898836,27.800460815429688,387700,0.0,0.0
1998-02-03 00:00:00-05:00,27.80046589363207,28.333382172743224,27.48959806415056,28.02251434326172,179600,0.0,0.0
1998-02-04 00:00:00-05:00,28.02250553240442,28.200144236254843,27.489589420853147,27.8892765045166,642100,0.0,0.0
1998-02-05 00:00:00-05:00,27.978092839351643,28.333370208740234,27.889273497004496,28.333370208740234,264600,0.0,0.0
1998-02-06 00:00:00-05:00,28.24455640936853,28.910701607702695,28.24455640936853,28.821882247924805,247400,0.0,0.0
1998-02-09 00:00:00-05:00,28.599838759872938,28.644248447388268,28.1113321972043,28.288970947265625,214100,0.0,0.0
1998-02-10 00:00:00-05:00,28.288978053074256,29.488039917176305,28.24456835440381,29.44363021850586,199000,0.0,0.0
1998-02-11 00:00:00-05:00,29.22156612332372,29.310385473242633,28.955108073566965,29.177156448364258,297300,0.0,0.0
1998-02-12 00:00:00-05:00,28.777483443139307,28.86630283648233,28.333386476424195,28.377796173095703,285400,0.0,0.0
1998-02-13 00:00:00-05:00,28.377796173095707,28.82189313981082,27.711650723023038,28.377796173095703,256500,0.0,0.0
1998-02-17 00:00:00-05:00,29.043943681880577,29.132763081519357,28.466617584228516,28.466617584228516,210300,0.0,0.0
1998-02-18 00:00:00-05:00,28.511027284047906,28.511027284047906,28.24456908513157,28.466617584228516,166000,0.0,0.0
1998-02-19 00:00:00-05:00,28.466609697326945,28.599838759872938,28.066922509688972,28.288970947265625,102300,0.0,0.0
1998-02-20 00:00:00-05:00,28.422200009811615,28.466609697326945,27.711645009566325,28.288970947265625,163500,0.0,0.0
1998-02-23 00:00:00-05:00,28.288976779752684,28.466615566438726,28.066928296395126,28.377796173095703,116600,0.0,0.0
1998-02-24 00:00:00-05:00,28.422201552595084,28.511020932446947,27.978104653335787,28.02251434326172,102600,0.0,0.0
1998-02-25 00:00:00-05:00,28.066928513498738,28.821893362754242,28.066928513498738,28.555435180664062,287200,0.0,0.0
1998-02-26 00:00:00-05:00,28.59984143855113,30.6426872555905,28.555431746876362,30.243000030517578,245300,0.0,0.0
1998-02-27 00:00:00-05:00,30.065357075443973,30.242995817396377,29.84330864800347,29.976537704467773,328100,0.0,0.0
1998-03-02 00:00:00-05:00,30.109760284423828,30.909134451266937,29.399205469452173,30.109760284423828,200300,0.0,0.0
1998-03-03 00:00:00-05:00,30.28740833067399,30.553866468480503,29.887721123964216,29.932130813598633,397600,0.0,0.0
1998-03-04 00:00:00-05:00,30.02094903806361,30.02094903806361,28.77747777613198,29.132755279541016,143600,0.0,0.0
1998-03-05 00:00:00-05:00,28.82189671123197,28.82189671123197,27.5340153481723,28.11134147644043,1330400,0.0,0.0
1998-03-06 00:00:00-05:00,28.155731524045937,28.333370208740234,27.978092839351643,28.333370208740234,290300,0.0,0.0
1998-03-09 00:00:00-05:00,28.4222084968415,29.310402512367794,28.377798796065186,28.999534606933594,106800,0.0,0.0
1998-03-10 00:00:00-05:00,28.955116908738198,29.132755662779537,28.68865877767619,28.733068466186523,104700,0.0,0.0
1998-03-11 00:00:00-05:00,28.688657760620114,28.688657760620114,28.244560891260672,28.688657760620117,169100,0.0,0.0
1998-03-12 00:00:00-05:00,28.73306808820585,29.310394031245536,28.64424871235359,29.132755279541016,83000,0.0,0.0
1998-03-13 00:00:00-05:00,29.132750007147415,29.132750007147415,28.688653208257975,28.821882247924805,70400,0.0,0.0
1998-03-16 00:00:00-05:00,28.866301610798182,29.75449550651505,28.866301610798182,29.66567611694336,95100,0.0,0.0
1998-03-17 00:00:00-05:00,29.84331290952621,29.932132293185514,28.77748030561456,28.910709381103516,109200,0.0,0.0
1998-03-18 00:00:00-05:00,28.777478922968324,29.132756440535836,28.333382026008938,28.59984016418457,88800,0.0,0.0
1998-03-19 00:00:00-05:00,28.644243528369028,28.955111287591638,28.24455640936853,28.821882247924805,173100,0.0,0.0
1998-03-20 00:00:00-05:00,28.77747256803586,29.221569366925305,28.688653208257975,28.821882247924805,196100,0.0,0.0
1998-03-23 00:00:00-05:00,28.733067053556443,28.733067053556443,28.155741131305696,28.422199249267578,236600,0.0,0.0
1998-03-24 00:00:00-05:00,28.24457158952105,28.55543951582081,28.066932774492617,28.155752182006836,438400,0.0,0.0
1998-03-25 00:00:00-05:00,28.111339249679343,28.422207140276115,27.711651961769213,27.844881057739258,541000,0.0,0.0
1998-03-26 00:00:00-05:00,27.844869470214846,27.889279150390625,27.35636298828125,27.75605010986328,410900,0.0,0.0
1998-03-27 00:00:00-05:00,27.889293959464183,28.33339099703527,27.889293959464183,28.155752182006836,117500,0.0,0.0
1998-03-30 00:00:00-05:00,28.155743413039506,28.333382172743224,27.933694963409856,28.02251434326172,87400,0.0,0.0
1998-03-31 00:00:00-05:00,27.889283395773116,28.688657760620114,27.889283395773116,28.688657760620117,125100,0.0,0.0
1998-04-01 00:00:00-05:00,28.777482331688724,29.79890531568385,28.644253246819794,29.75449562072754,144100,0.0,0.0
1998-04-02 00:00:00-05:00,29.798908294887717,30.020956791868997,28.955124006358854,29.043943405151367,155700,0.0,0.0
1998-04-03 00:00:00-05:00,29.043931820641266,29.399209274104766,28.955112457275387,28.95511245727539,112200,0.0,0.0
1998-04-06 00:00:00-04:00,28.999527102754314,29.39921430631448,28.91070772418539,29.088346481323242,64700,0.0,0.0
1998-04-07 00:00:00-04:00,29.13276124185945,29.13276124185945,28.422206089618975,28.555435180664062,108100,0.0,0.0
1998-04-08 00:00:00-04:00,28.866296112537384,29.043934857845308,28.288970190286637,28.422199249267578,67000,0.0,0.0
1998-04-09 00:00:00-04:00,28.866307831998927,29.043946649426612,28.46662049278663,28.511030197143555,89500,0.0,0.0
1998-04-13 00:00:00-04:00,28.46661576646747,29.488038797089544,28.4222060694839,29.310400009155273,54500,0.0,0.0
1998-04-14 00:00:00-04:00,28.95511155228715,29.665666437005854,28.777472831107474,29.576847076416016,224500,0.0,0.0
1998-04-15 00:00:00-04:00,30.15418815612793,30.37623666979603,29.976549345193447,30.15418815612793,209100,0.0,0.0
1998-04-16 00:00:00-04:00,30.15417626563539,30.15417626563539,29.088343820311014,29.221572875976562,239100,0.0,0.0
1998-04-17 00:00:00-04:00,29.310386956456195,29.66566437411021,29.132748247629188,29.488025665283203,68800,0.0,0.0
1998-04-20 00:00:00-04:00,29.532447814941406,29.576857510903725,29.399218727054453,29.532447814941406,77700,0.0,0.0
1998-04-21 00:00:00-04:00,29.399209274104766,29.399209274104766,28.7330640488607,28.95511245727539,144400,0.0,0.0
1998-04-22 00:00:00-04:00,28.9551165278365,29.310394031245536,28.86629715198424,29.132755279541016,97200,0.0,0.0
1998-04-23 00:00:00-04:00,29.13275527954102,29.310394031245536,28.99952621576263,29.132755279541016,84800,0.0,0.0
1998-04-24 00:00:00-04:00,29.177164967467146,29.310394031245536,28.9551165278365,29.132755279541016,229100,0.0,0.0
1998-04-27 00:00:00-04:00,28.955122229825353,28.955122229825353,27.356373149650945,28.377796173095703,213800,0.0,0.0
1998-04-28 00:00:00-04:00,28.33338338731804,28.95511907293317,28.33338338731804,28.910709381103516,171200,0.0,0.0
1998-04-29 00:00:00-04:00,28.910707214558318,30.509456000616844,28.910707214558318,30.065359115600586,384900,0.0,0.0
1998-04-30 00:00:00-04:00,30.109765008155335,31.486465178144737,29.887716593640913,31.308826446533203,241300,0.0,0.0
1998-05-01 00:00:00-04:00,31.353247326396634,31.930573410310455,31.353247326396634,31.88616371154785,296700,0.0,0.0
1998-05-04 00:00:00-04:00,31.974964383282238,32.50788045633694,31.53086765573665,31.57527732849121,227600,0.0,0.0
1998-05-05 00:00:00-04:00,31.530865970839802,31.530865970839802,30.909130585499298,31.175588607788086,81500,0.0,0.0
1998-05-06 00:00:00-04:00,31.2644209587711,31.2644209587711,30.909143447875977,30.909143447875977,140000,0.0,0.0
1998-05-07 00:00:00-04:00,30.90914648489891,31.308833723927773,30.90914648489891,31.042375564575195,423000,0.0,0.0
1998-05-08 00:00:00-04:00,31.086787279594304,31.308835760162832,31.086787279594304,31.131196975708008,521900,0.0,0.0
1998-05-11 00:00:00-04:00,31.17560746266712,31.619704435069785,30.95355897646579,30.997968673706055,156500,0.0,0.0
1998-05-12 00:00:00-04:00,30.997958666213016,31.353236129436088,30.997958666213016,31.308826446533203,330100,0.0,0.0
1998-05-13 00:00:00-04:00,31.353248493237928,31.619706695730034,30.99797088991512,31.264429092407227,85600,0.0,0.0
1998-05-14 00:00:00-04:00,30.909143965545347,30.909143965545347,30.5538664487,30.598276138305664,78300,0.0,0.0
1998-05-15 00:00:00-04:00,30.687101364135742,31.086788646736643,30.553872269935443,30.687101364135742,241900,0.0,0.0
1998-05-18 00:00:00-04:00,30.775917832747748,30.864737220432445,30.465049975851308,30.642688751220703,43500,0.0,0.0
1998-05-19 00:00:00-04:00,30.642685550076145,31.752927780151367,30.642685550076145,31.752927780151367,230700,0.0,0.0
1998-05-20 00:00:00-04:00,31.930561672071782,31.930561672071782,31.486464847703605,31.708513259887695,159500,0.0,0.0
1998-05-21 00:00:00-04:00,31.61970329284668,31.6641129884827,31.397654814666577,31.61970329284668,100300,0.0,0.0
1998-05-22 00:00:00-04:00,31.575292355268985,31.79734082471532,31.397653579711918,31.397653579711914,118900,0.0,0.0
1998-05-26 00:00:00-04:00,31.48647534334899,31.797343224030854,30.997968673706055,30.997968673706055,110000,0.0,0.0
1998-05-27 00:00:00-04:00,30.909136855811404,30.909136855811404,30.02094326800073,30.376220703125,110400,0.0,0.0
1998-05-28 00:00:00-04:00,30.553869478964394,31.17560519510611,30.553869478964394,30.731508255004883,67800,0.0,0.0
1998-05-29 00:00:00-04:00,30.909143839340544,31.175601975886586,30.287408187399787,30.509456634521484,97000,0.0,0.0
1998-06-01 00:00:00-04:00,30.618037881474194,30.7960497296223,30.306517147215008,30.395523071289062,47700,0.09,0.0
1998-06-02 00:00:00-04:00,30.440025531247848,30.885055144277786,30.306516647338867,30.306516647338867,49100,0.0,0.0
1998-06-03 00:00:00-04:00,30.262022493871427,30.751555210684053,30.262022493871427,30.351028442382812,345400,0.0,0.0
1998-06-04 00:00:00-04:00,30.351026074830877,30.662546870320345,30.351026074830877,30.618043899536133,199600,0.0,0.0
1998-06-05 00:00:00-04:00,30.529040339405586,30.61804628791697,30.262022493871427,30.351028442382812,151500,0.0,0.0
1998-06-08 00:00:00-04:00,30.30652310404667,30.751552811888764,30.30652310404667,30.618043899536133,153200,0.0,0.0
1998-06-09 00:00:00-04:00,30.618023601681905,30.796035366807963,30.52901771911888,30.57352066040039,107500,0.0,0.0
1998-06-10 00:00:00-04:00,30.57354331366128,30.57354331366128,30.21751951961573,30.351028442382812,118700,0.0,0.0
1998-06-11 00:00:00-04:00,30.44003052527544,30.44003052527544,29.950497870629196,29.9950008392334,98600,0.0,0.0
1998-06-12 00:00:00-04:00,30.084012603759767,30.084012603759767,28.748923287024866,28.92693519592285,87800,0.0,0.0
1998-06-15 00:00:00-04:00,28.926930529005986,28.926930529005986,27.191314697265625,27.191314697265625,213800,0.0,0.0
1998-06-16 00:00:00-04:00,22.963531855804927,23.31955560550733,19.58130623363211,19.714815139770508,3759900,0.0,0.0
1998-06-17 00:00:00-04:00,19.89282523261176,20.604872668230975,19.89282523261176,20.426860809326172,3317600,0.0,0.0
1998-06-18 00:00:00-04:00,20.382356141742907,21.183409439890006,20.382356141742907,21.138906478881836,1235900,0.0,0.0
1998-06-19 00:00:00-04:00,20.649372355143228,21.539431508382158,20.649372355143228,21.361419677734375,1111200,0.0,0.0
1998-06-22 00:00:00-04:00,21.005403754596188,21.361427547046972,21.005403754596188,21.22791862487793,475100,0.0,0.0
1998-06-23 00:00:00-04:00,21.183412998280627,21.361424872215757,20.91639518737793,20.91639518737793,706300,0.0,0.0
1998-06-24 00:00:00-04:00,20.827388055797325,21.272417715109235,20.649376192072562,20.871891021728516,855500,0.0,0.0
1998-06-25 00:00:00-04:00,20.782881873586906,20.916390750719156,20.026331569837488,20.47136116027832,1592800,0.0,0.0
1998-06-26 00:00:00-04:00,20.47136116027832,20.47136116027832,20.026331569837488,20.47136116027832,362200,0.0,0.0
1998-06-29 00:00:00-04:00,20.426862056438736,21.00540063320062,20.382359088995518,20.827388763427734,164800,0.0,0.0
1998-06-30 00:00:00-04:00,20.649375632957174,20.738381562409575,20.293351915147568,20.426860809326172,380100,0.0,0.0
1998-07-01 00:00:00-04:00,20.248858779668808,20.29336176599775,19.803828916379384,19.93733787536621,921500,0.0,0.0
1998-07-02 00:00:00-04:00,19.937335040118246,20.026341000118773,19.492305240115606,19.759323120117188,996800,0.0,0.0
1998-07-06 00:00:00-04:00,19.759321437912156,19.981836318969727,19.492303580643075,19.981836318969727,280800,0.0,0.0
1998-07-07 00:00:00-04:00,19.892822013242643,20.560366376103133,19.84831905571861,20.5158634185791,440100,0.0,0.0
1998-07-08 00:00:00-04:00,20.471368534549786,20.960901260375977,20.293356634249353,20.960901260375977,415900,0.0,0.0
1998-07-09 00:00:00-04:00,20.827384185791015,21.494928550720214,20.827384185791015,21.361419677734375,311300,0.0,0.0
1998-07-10 00:00:00-04:00,21.450429916381836,21.717447716170824,21.272418049855847,21.450429916381836,278800,0.0,0.0
1998-07-13 00:00:00-04:00,21.53943724551443,21.58394021502996,21.005401611328125,21.005401611328125,470200,0.0,0.0
1998-07-14 00:00:00-04:00,21.183409439890006,21.361421283922695,20.960894634849144,21.138906478881836,546800,0.0,0.0
1998-07-15 00:00:00-04:00,21.094406183329856,21.450429916381836,21.072154700014107,21.450429916381836,606800,0.0,0.0
1998-07-16 00:00:00-04:00,21.361420378555586,21.405923337677574,21.2724144603116,21.316917419433594,390900,0.0,0.0
1998-07-17 00:00:00-04:00,21.27241870968841,21.36142464571221,21.005400901617005,21.049903869628906,1089500,0.0,0.0
1998-07-20 00:00:00-04:00,21.00540257301651,21.272420402334518,21.00540257301651,21.183414459228516,323200,0.0,0.0
1998-07-21 00:00:00-04:00,21.094403517873662,21.22791240089818,21.04990055686549,21.138906478881836,274600,0.0,0.0
1998-07-22 00:00:00-04:00,21.3614210823091,21.3614210823091,21.13890627936838,21.272415161132812,309800,0.0,0.0
1998-07-23 00:00:00-04:00,21.138911005816883,21.27241991743257,21.005402094201198,21.09440803527832,401000,0.0,0.0
1998-07-24 00:00:00-04:00,21.049898908867494,21.09440186639153,20.29334863095894,20.5158634185791,516800,0.0,0.0
1998-07-27 00:00:00-04:00,20.38236048293216,20.738384246826172,20.293354541958657,20.738384246826172,90900,0.0,0.0
1998-07-28 00:00:00-04:00,20.738378206199265,20.738378206199265,20.115336800862806,20.5158634185791,169800,0.0,0.0
1998-07-29 00:00:00-04:00,20.382358057457104,20.604872883411876,20.204346196693287,20.293352127075195,211200,0.0,0.0
1998-07-30 00:00:00-04:00,20.248850088203906,20.560370858791657,20.026335252069796,20.115341186523438,237500,0.0,0.0
1998-07-31 00:00:00-04:00,20.204345985695166,20.204345985695166,19.13627483226635,19.22528076171875,429000,0.0,0.0
1998-08-03 00:00:00-04:00,19.13627665776473,19.13627665776473,18.424229154219994,18.513235092163086,273900,0.0,0.0
1998-08-04 00:00:00-04:00,18.691251075873943,18.869262990882266,18.379730224609375,18.379730224609375,319000,0.0,0.0
1998-08-05 00:00:00-04:00,18.29072405310238,18.513238944259342,17.80119129255706,18.157215118408203,168800,0.0,0.0
1998-08-06 00:00:00-04:00,18.112709295402453,18.60224197906198,17.89019443919358,18.335224151611328,147000,0.0,0.0
1998-08-07 00:00:00-04:00,18.068205847391265,18.60224148820086,18.068205847391265,18.246217727661133,225500,0.0,0.0
1998-08-10 00:00:00-04:00,18.29072405310238,18.424232987796557,17.979203205482634,18.157215118408203,142200,0.0,0.0
1998-08-11 00:00:00-04:00,17.979197385359782,17.979197385359782,17.267149964157415,17.445161819458008,302200,0.0,0.0
1998-08-12 00:00:00-04:00,17.40066401163737,18.69125034498132,17.40066401163737,18.424232482910156,254500,0.0,0.0
1998-08-13 00:00:00-04:00,18.246215612777156,18.29071857768637,17.000132595319204,17.178144454956055,166300,0.0,0.0
1998-08-14 00:00:00-04:00,17.08914383597996,17.311658729677614,16.110078303710274,16.37709617614746,246300,0.0,0.0
1998-08-17 00:00:00-04:00,16.510604671925805,16.510604671925805,15.843060008640396,15.932065963745117,360000,0.0,0.0
1998-08-18 00:00:00-04:00,16.19907922695338,17.40065927950212,16.19907922695338,17.178144454956055,354100,0.0,0.0
1998-08-19 00:00:00-04:00,17.53416684704687,17.97919646245415,16.59960465469158,16.777616500854492,287900,0.0,0.0
1998-08-20 00:00:00-04:00,16.733114665263408,16.733114665263408,16.377090948981206,16.466096878051758,120700,0.0,0.0
1998-08-21 00:00:00-04:00,16.288085506808372,16.555103302001953,16.06557067748039,16.555103302001953,318700,0.0,0.0
1998-08-24 00:00:00-04:00,16.421594619750977,16.555103519098548,16.28808572040341,16.421594619750977,169400,0.0,0.0
1998-08-25 00:00:00-04:00,16.510598128108303,16.688609967764457,16.33258628845215,16.33258628845215,232700,0.0,0.0
1998-08-26 00:00:00-04:00,16.24358169170989,16.24358169170989,15.754049092781644,15.887557983398438,316800,0.0,0.0
1998-08-27 00:00:00-04:00,15.665039339094363,15.665039339094363,14.418956664393676,14.730477333068848,235000,0.0,0.0
1998-08-28 00:00:00-04:00,14.81948778846047,14.997499653787324,14.596972956801906,14.685978889465332,449000,0.0,0.0
1998-08-31 00:00:00-04:00,14.863997564725349,14.908500551446084,14.329961724076535,14.507973670959473,280500,0.0,0.0
1998-09-01 00:00:00-04:00,14.329954854424498,14.463463750583733,13.884925200560383,14.285451889038086,436000,0.0,0.0
1998-09-02 00:00:00-04:00,14.41896462073693,14.774988438532905,14.240952711838943,14.463467597961426,259500,0.0,0.0
1998-09-03 00:00:00-04:00,14.463470684238738,14.59697964440094,14.2854587373558,14.507973670959473,227600,0.0,0.0
1998-09-04 00:00:00-04:00,14.596974001092425,15.754051208496094,14.5524710315769,15.754051208496094,404600,0.0,0.0
1998-09-08 00:00:00-04:00,15.887554363328583,16.0655661769233,14.908489388557634,15.26451301574707,292000,0.0,0.0
1998-09-09 00:00:00-04:00,15.175508105611225,15.353519930896988,14.77498149871826,14.774981498718262,495100,0.0,0.0
1998-09-10 00:00:00-04:00,14.641478300094604,14.641478300094604,13.973933696746826,14.240951538085938,280600,0.0,0.0
1998-09-11 00:00:00-04:00,14.329958666287936,14.463467597961428,14.240952711838943,14.463467597961426,434300,0.0,0.0
1998-09-14 00:00:00-04:00,14.463460804468177,14.908490367682582,14.463460804468177,14.774981498718262,418000,0.0,0.0
1998-09-15 00:00:00-04:00,14.86399411587488,15.04200602145422,14.77498816308521,14.95300006866455,535200,0.0,0.0
1998-09-16 00:00:00-04:00,15.131013804468614,15.576043622247102,15.086510822690766,15.487037658691406,191300,0.0,0.0
1998-09-17 00:00:00-04:00,15.309021949768068,15.442530862120696,15.13101006663123,15.309021949768066,149600,0.0,0.0
1998-09-18 00:00:00-04:00,15.264517808853721,15.531535613090231,15.264517808853721,15.442529678344727,118400,0.0,0.0
1998-09-21 00:00:00-04:00,15.22001526263772,15.22001526263772,14.952997451012497,14.9975004196167,102800,0.0,0.0
1998-09-22 00:00:00-04:00,15.086501202152352,15.309015969145749,15.086501202152352,15.26451301574707,475700,0.0,0.0
1998-09-23 00:00:00-04:00,15.398031695135707,15.843061512914197,15.175516786246463,15.487037658691406,96800,0.0,0.0
1998-09-24 00:00:00-04:00,15.576039556084874,15.754051436725844,15.353524705283661,15.620542526245117,230900,0.0,0.0
1998-09-25 00:00:00-04:00,15.665044989102128,15.709547957821169,15.264518270630766,15.353524208068848,294200,0.0,0.0
1998-09-28 00:00:00-04:00,15.353528713357859,15.665049585802802,15.353528713357859,15.487037658691406,154600,0.0,0.0
1998-09-29 00:00:00-04:00,15.398027137054534,15.57603901147135,14.952997451012497,14.9975004196167,676500,0.0,0.0
1998-09-30 00:00:00-04:00,14.953001809776378,15.175516717659955,14.55247497558594,14.552474975585938,431100,0.0,0.0
1998-10-01 00:00:00-04:00,14.64148023687763,14.774989175207821,14.240953421887056,14.418965339660645,107200,0.0,0.0
1998-10-02 00:00:00-04:00,14.374454891825296,14.819484455039701,14.196443066539533,14.774981498718262,183100,0.0,0.0
1998-10-05 00:00:00-04:00,14.952998617421025,14.952998617421025,13.929430259680895,14.329957008361816,185300,0.0,0.0
1998-10-06 00:00:00-04:00,14.285452104964346,14.329955071023425,13.439895749841847,14.15194320678711,410100,0.0,0.0
1998-10-07 00:00:00-04:00,14.018437811668884,14.685982469367403,14.018437811668884,14.6414794921875,220500,0.0,0.0
1998-10-08 00:00:00-04:00,14.240947108114918,14.240947108114918,12.994864236154863,13.795917510986328,234900,0.0,0.0
1998-10-09 00:00:00-04:00,13.706914925877053,14.062938690185547,13.66241195533849,14.062938690185547,95700,0.0,0.0
1998-10-12 00:00:00-04:00,14.151947463000264,14.596977257434233,14.151947463000264,14.418965339660645,165900,0.0,0.0
1998-10-13 00:00:00-04:00,14.596976529634917,14.596976529634917,14.41896462073693,14.463467597961426,190200,0.0,0.0
1998-10-14 00:00:00-04:00,14.55247491295658,14.953001745423274,14.463468950186202,14.908498764038086,93700,0.0,0.0
1998-10-15 00:00:00-04:00,14.77498381868816,15.576037158255591,14.596971965450953,15.531534194946289,203100,0.0,0.0
1998-10-16 00:00:00-04:00,15.665038555282635,16.243576911017506,15.531529703959203,16.06556510925293,173500,0.0,0.0
1998-10-19 00:00:00-04:00,16.466095770069394,16.866622423935947,16.42159280852867,16.777616500854492,123300,0.0,0.0
1998-10-20 00:00:00-04:00,16.59960375941077,19.136272430419922,16.59960375941077,19.136272430419922,368400,0.0,0.0
1998-10-21 00:00:00-04:00,19.314289345013524,20.026336878470243,19.00276854912621,19.53680419921875,335200,0.0,0.0
1998-10-22 00:00:00-04:00,19.44779478634105,19.492297749238855,18.82475330577177,18.913759231567383,174900,0.0,0.0
1998-10-23 00:00:00-04:00,18.95826574899618,19.180780605205054,18.335224151611328,18.335224151611328,194400,0.0,0.0
1998-10-26 00:00:00-05:00,18.24621516831067,18.513232951261557,17.311652927982564,17.445161819458008,252900,0.0,0.0
1998-10-27 00:00:00-05:00,17.62317155282709,17.712177469760558,17.44515971896015,17.57866859436035,162100,0.0,0.0
1998-10-28 00:00:00-05:00,17.534168174229755,17.57867113913897,16.822120735682354,17.178144454956055,136000,0.0,0.0
1998-10-29 00:00:00-05:00,17.178145383665075,17.178145383665075,16.64410977588274,17.000133514404297,174100,0.0,0.0
1998-10-30 00:00:00-05:00,17.000132595319204,17.40065927950212,16.95562963040999,17.178144454956055,286100,0.0,0.0
1998-11-02 00:00:00-05:00,17.44516696297162,19.136280086933155,17.44516696297162,18.780256271362305,198700,0.0,0.0
1998-11-03 00:00:00-05:00,18.82475208706326,18.869255047079957,17.8901899267126,18.023698806762695,141400,0.0,0.0
1998-11-04 00:00:00-05:00,18.20171174156866,18.557735443115234,18.20171174156866,18.557735443115234,153600,0.0,0.0
1998-11-05 00:00:00-05:00,18.557735443115234,18.6912443311952,18.023699890795374,18.557735443115234,128600,0.0,0.0
1998-11-06 00:00:00-05:00,18.602244390957598,18.91376523004062,18.290723551874578,18.424232482910156,143700,0.0,0.0
1998-11-09 00:00:00-05:00,18.335224151611328,18.69124792154553,18.24621820912778,18.335224151611328,89300,0.0,0.0
1998-11-10 00:00:00-05:00,18.246221288353134,18.513239160865616,18.201718309601052,18.379730224609375,137600,0.0,0.0
1998-11-11 00:00:00-05:00,18.468731900672637,18.95826455346155,18.15721112162515,18.646743774414062,115500,0.0,0.0
1998-11-12 00:00:00-05:00,18.513236036578427,18.513236036578427,18.068206324160677,18.335224151611328,45700,0.0,0.0
1998-11-13 00:00:00-05:00,18.246222120342832,18.468737024249453,17.53417442784165,17.623180389404297,91600,0.0,0.0
1998-11-16 00:00:00-05:00,17.712177978054402,17.890189817029825,17.445160219591273,17.667675018310547,86100,0.0,0.0
1998-11-17 00:00:00-05:00,17.08914462002841,17.712186350966945,17.00013865846576,17.623180389404297,155200,0.0,0.0
1998-11-18 00:00:00-05:00,17.623172869001117,17.71217879258193,17.13364028930664,17.13364028930664,101600,0.0,0.0
1998-11-19 00:00:00-05:00,17.1781441116333,17.801185607910156,16.911126327514648,17.801185607910156,222800,0.0,0.0
1998-11-20 00:00:00-05:00,17.712178777940203,17.979196548461914,17.48966396917211,17.979196548461914,134100,0.0,0.0
1998-11-23 00:00:00-05:00,17.089139449034686,17.35615725292585,16.64410977588274,17.000133514404297,508600,0.0,0.0
1998-11-24 00:00:00-05:00,17.178142746808323,17.3116516282602,16.822119062936647,17.044633865356445,144200,0.0,0.0
1998-11-25 00:00:00-05:00,17.178142118070465,17.267148035780675,16.555100694098996,16.5996036529541,161900,0.0,0.0
1998-11-27 00:00:00-05:00,16.55510780113039,16.911131624810615,16.55510780113039,16.866628646850586,39800,0.0,0.0
1998-11-30 00:00:00-05:00,16.644113112031743,16.644113112031743,15.843059539794922,15.843059539794922,289000,0.0,0.0
1998-12-01 00:00:00-05:00,15.818030112897848,15.90739751466563,15.28182570229114,15.862713813781738,326400,0.09,0.0
1998-12-02 00:00:00-05:00,15.907400273094492,16.264869942152796,15.862716564462204,16.220186233520508,187700,0.0,0.0
1998-12-03 00:00:00-05:00,16.398919390051404,16.398919390051404,16.130817165690893,16.175500869750977,218300,0.0,0.0
1998-12-04 00:00:00-05:00,16.35423597768575,16.443603387399882,15.773347814543909,15.952082633972168,171600,0.0,0.0
1998-12-07 00:00:00-05:00,15.907398929115104,16.08613374854336,15.907398929115104,15.952082633972168,162000,0.0,0.0
1998-12-08 00:00:00-05:00,15.907399135165745,16.53297101126777,15.907399135165745,16.08613395690918,207900,0.0,0.0
1998-12-09 00:00:00-05:00,16.041452778855415,16.890443315897905,16.041452778855415,16.309555053710938,222300,0.0,0.0
1998-12-10 00:00:00-05:00,16.44360066508199,16.62233545491984,16.086131085406294,16.26486587524414,149100,0.0,0.0
1998-12-11 00:00:00-05:00,16.08613689294022,16.622341456038228,15.907402038574219,15.907402038574219,108500,0.0,0.0
1998-12-14 00:00:00-05:00,15.818033402426202,15.907400822778893,15.28182888031006,15.281828880310059,151300,0.0,0.0
1998-12-15 00:00:00-05:00,15.32651714324951,15.728670654296874,15.237149696350098,15.639303207397461,118000,0.0,0.0
1998-12-16 00:00:00-05:00,15.549935875600472,15.728670770722317,15.371200980478628,15.46056842803955,116800,0.0,0.0
1998-12-17 00:00:00-05:00,15.549936294555664,15.594620019540018,15.19246649468082,15.549936294555664,154000,0.0,0.0
1998-12-18 00:00:00-05:00,15.505250360123874,16.801078200018953,15.460566641506801,16.577659606933594,364100,0.0,0.0
1998-12-21 00:00:00-05:00,16.443599939995956,17.73942710918042,16.264865158039477,16.398916244506836,641500,0.0,0.0
1998-12-22 00:00:00-05:00,16.532967330974195,16.80106950390891,16.398916244506836,16.398916244506836,189600,0.0,0.0
1998-12-23 00:00:00-05:00,16.443605422973633,16.711707685304724,16.264870581419572,16.443605422973633,156100,0.0,0.0
1998-12-24 00:00:00-05:00,16.443607677112926,16.801077409224078,16.443607677112926,16.71170997619629,53800,0.0,0.0
1998-12-28 00:00:00-05:00,16.577655540999547,16.75639037163027,16.488288125684186,16.622339248657227,193900,0.0,0.0
1998-12-29 00:00:00-05:00,16.66702220662435,16.890440734863283,16.53297108968099,16.756389617919922,90600,0.0,0.0
1998-12-30 00:00:00-05:00,16.80107584120352,18.320322060886816,16.756392128859893,17.650066375732422,187500,0.0,0.0
1998-12-31 00:00:00-05:00,17.516009536629575,18.007530212402344,17.24790734984443,18.007530212402344,221600,0.0,0.0
1999-01-04 00:00:00-05:00,17.828803527952815,17.873487246067985,16.264873393921867,16.935129165649414,177800,0.0,0.0
1999-01-05 00:00:00-05:00,17.158541073352833,18.18626618972553,17.06917367192912,18.141582489013672,305800,0.0,0.0
1999-01-06 00:00:00-05:00,18.05222274373865,18.543743660028564,18.05222274373865,18.454376220703125,319000,0.0,0.0
1999-01-07 00:00:00-05:00,18.27564074946385,18.365008185891543,18.00753844018076,18.23095703125,132400,0.0,0.0
1999-01-08 00:00:00-05:00,18.14158519945647,19.21399417676424,18.14158519945647,18.67778968811035,197000,0.0,0.0
1999-01-11 00:00:00-05:00,19.035262733563037,19.884253324966085,18.945895302889035,19.750202178955078,306800,0.0,0.0
1999-01-12 00:00:00-05:00,19.794888130256105,20.197041613715033,19.705520689487457,20.018306732177734,425300,0.0,0.0
1999-01-13 00:00:00-05:00,19.48209905962572,19.660833913383755,18.90121078491211,18.90121078491211,213400,0.0,0.0
1999-01-14 00:00:00-05:00,18.945894498351617,19.21399677898867,18.58842479083555,18.90121078491211,131900,0.0,0.0
1999-01-15 00:00:00-05:00,19.03526297048054,19.03526297048054,18.67779324333537,18.722476959228516,103600,0.0,0.0
1999-01-19 00:00:00-05:00,18.588426776960784,18.588426776960784,17.918171003753063,18.23095703125,219600,0.0,0.0
1999-01-20 00:00:00-05:00,18.49905572652231,18.588423145491017,18.141586050647483,18.186269760131836,120100,0.0,0.0
1999-01-21 00:00:00-05:00,18.052222879687747,18.320325199683108,17.605385679695473,17.784120559692383,95300,0.0,0.0
1999-01-22 00:00:00-05:00,17.42664669889783,18.275637179100542,17.33727927992912,18.186269760131836,278900,0.0,0.0
1999-01-25 00:00:00-05:00,18.186267681121826,18.186267681121826,17.471328411102295,17.87348175048828,185100,0.0,0.0
1999-01-26 00:00:00-05:00,17.60538101196289,17.91816696902822,17.51601359565851,17.60538101196289,180700,0.0,0.0
1999-01-27 00:00:00-05:00,17.78411984911152,18.45437562231924,17.78411984911152,18.23095703125,288900,0.0,0.0
1999-01-28 00:00:00-05:00,18.275637816456914,18.588423793755688,18.275637816456914,18.40968894958496,99400,0.0,0.0
1999-01-29 00:00:00-05:00,18.499055175006692,18.588422591311073,17.60538101196289,17.60538101196289,383900,0.0,0.0
1999-02-01 00:00:00-05:00,17.60538026247577,17.91816620622534,17.471329143725956,17.739431381225586,217800,0.0,0.0
1999-02-02 00:00:00-05:00,17.82879955272384,17.82879955272384,17.33727876304975,17.60538101196289,160800,0.0,0.0
1999-02-03 00:00:00-05:00,17.516015902432528,17.650067044542983,16.979811333990718,17.203229904174805,127800,0.0,0.0
1999-02-04 00:00:00-05:00,17.069177750143723,17.42664744124621,16.845759193204668,17.3819637298584,111700,0.0,0.0
1999-02-05 00:00:00-05:00,17.247914926629317,17.38196607890882,16.979812622070312,16.979812622070312,148400,0.0,0.0
1999-02-08 00:00:00-05:00,16.890441494603312,16.890441494603312,15.907399926134335,16.622339248657227,189700,0.0,0.0
1999-02-09 00:00:00-05:00,16.62233472195243,16.62233472195243,16.264865158039477,16.398916244506836,144800,0.0,0.0
1999-02-10 00:00:00-05:00,16.532973233703785,16.532973233703785,15.683982716297374,16.041452407836914,273000,0.0,0.0
1999-02-11 00:00:00-05:00,16.086135107623644,16.220186233520508,15.907400273094492,16.220186233520508,78300,0.0,0.0
1999-02-12 00:00:00-05:00,16.220188033714724,16.309555460897723,15.818034611391218,15.907402038574219,49700,0.0,0.0
1999-02-16 00:00:00-05:00,16.175497767061238,16.443599939995956,16.086130376083,16.398916244506836,197500,0.0,0.0
1999-02-17 00:00:00-05:00,16.264873163660145,16.398924316107895,15.818035988834318,15.996770858764648,107000,0.0,0.0
1999-02-18 00:00:00-05:00,16.130814782865755,16.398916967622526,16.130814782865755,16.26486587524414,359900,0.0,0.0
1999-02-19 00:00:00-05:00,16.08613395690918,16.175501367780896,15.728664313422309,16.08613395690918,82300,0.0,0.0
1999-02-22 00:00:00-05:00,15.99676946575722,16.04145317934872,15.683983470616715,15.907402038574219,152400,0.0,0.0
1999-02-23 00:00:00-05:00,16.801073549976877,18.052217324975157,16.801073549976877,17.739431381225586,832500,0.0,0.0
1999-02-24 00:00:00-05:00,17.784113480872715,17.873480885299212,17.113857947673996,17.337276458740234,692400,0.0,0.0
1999-02-25 00:00:00-05:00,17.15853832347973,17.203222017030456,16.443599226668073,16.53296661376953,253600,0.0,0.0
1999-02-26 00:00:00-05:00,16.667025837512305,17.24791413747922,16.622342122130235,17.113862991333008,155700,0.0,0.0
1999-03-01 00:00:00-05:00,16.935131879563027,17.203234231218378,16.80108070373535,16.80108070373535,145600,0.0,0.0
1999-03-02 00:00:00-05:00,16.845760699040586,17.15854670671508,16.711709552894373,17.113862991333008,210400,0.0,0.0
1999-03-03 00:00:00-05:00,17.113872033578378,17.113872033578378,16.667034643667716,16.890453338623047,287700,0.0,0.0
1999-03-04 00:00:00-05:00,16.9351276199539,17.29259733224844,16.845760191880263,17.203229904174805,254000,0.0,0.0
1999-03-05 00:00:00-05:00,17.381968076839005,17.516019244526706,17.2479169091513,17.292600631713867,115300,0.0,0.0
1999-03-08 00:00:00-05:00,17.158547491776318,17.20323120920282,16.80107775236431,16.979812622070312,176500,0.0,0.0
1999-03-09 00:00:00-05:00,17.113863774349817,17.33728236148232,16.80107775236431,16.979812622070312,221700,0.0,0.0
1999-03-10 00:00:00-05:00,16.890444414422657,17.15854670671508,16.890444414422657,17.113862991333008,157600,0.0,0.0
1999-03-11 00:00:00-05:00,17.024498559032697,17.29260089854502,16.979814835780644,17.24791717529297,109200,0.0,0.0
1999-03-12 00:00:00-05:00,17.247913618211623,17.426648474358892,17.158546190137987,17.203229904174805,133400,0.0,0.0
1999-03-15 00:00:00-05:00,17.337276458740234,17.560694969806477,17.158541649887244,17.337276458740234,219700,0.0,0.0
1999-03-16 00:00:00-05:00,17.51601359565851,17.78411584457165,17.42664617935413,17.60538101196289,452500,0.0,0.0
1999-03-17 00:00:00-05:00,17.73943213641946,17.78411584457165,17.42664617935413,17.60538101196289,329900,0.0,0.0
1999-03-18 00:00:00-05:00,17.60538101196289,17.69474842826727,17.51601359565851,17.60538101196289,99400,0.0,0.0
1999-03-19 00:00:00-05:00,17.42664744124621,17.694749709573074,17.337280018470587,17.3819637298584,158400,0.0,0.0
1999-03-22 00:00:00-05:00,17.426649529164234,17.426649529164234,16.979812361749765,17.02449607849121,177100,0.0,0.0
1999-03-23 00:00:00-05:00,17.06917381286621,17.426643421512626,16.801071606381402,17.06917381286621,227800,0.0,0.0
1999-03-24 00:00:00-05:00,17.06917538850204,17.60537985096807,17.06917538850204,17.471328735351562,216800,0.0,0.0
1999-03-25 00:00:00-05:00,17.560699616469346,17.560699616469346,17.203229904174805,17.203229904174805,171800,0.0,0.0
1999-03-26 00:00:00-05:00,17.24792325055158,17.33729072853371,16.35424847073025,16.890453338623047,149600,0.0,0.0
1999-03-29 00:00:00-05:00,16.93512520226099,17.024492617576353,16.488288125684186,16.622339248657227,210600,0.0,0.0
1999-03-30 00:00:00-05:00,16.801070244757685,16.801070244757685,15.862712598108985,16.26486587524414,399200,0.0,0.0
1999-03-31 00:00:00-05:00,16.39892396059903,16.71170997619629,15.818035645918412,16.71170997619629,410600,0.0,0.0
1999-04-01 00:00:00-05:00,16.53297361609054,16.53297361609054,16.175503916283176,16.309555053710938,150600,0.0,0.0
1999-04-05 00:00:00-04:00,16.309548375348964,16.309548375348964,16.086129904453774,16.130813598632812,292300,0.0,0.0
1999-04-06 00:00:00-04:00,16.1308198307218,16.220187253606685,15.818033850624701,16.041452407836914,319700,0.0,0.0
1999-04-07 00:00:00-04:00,16.175504365624573,16.175504365624573,15.013727808977503,15.237146377563477,260500,0.0,0.0
1999-04-08 00:00:00-04:00,14.969044427076977,15.013728141784668,14.477523565292358,15.013728141784668,299600,0.0,0.0
1999-04-09 00:00:00-04:00,14.924360456381779,15.371197595794406,14.924360456381779,15.058411598205566,270700,0.0,0.0
1999-04-12 00:00:00-04:00,15.013722408519072,15.728661570829503,15.013722408519072,15.19245719909668,216700,0.0,0.0
1999-04-13 00:00:00-04:00,15.192466348841569,15.505252420729484,15.103098899730737,15.415884971618652,201500,0.0,0.0
1999-04-14 00:00:00-04:00,15.460558639235327,16.75638580841979,15.460558639235327,16.398916244506836,447200,0.0,0.0
1999-04-15 00:00:00-04:00,16.22018650672164,16.84575843811035,15.773349412872557,16.84575843811035,1184400,0.0,0.0
1999-04-16 00:00:00-04:00,16.801076477843445,17.337281046285256,16.801076477843445,17.203229904174805,886800,0.0,0.0
1999-04-19 00:00:00-04:00,17.87348143337408,18.320318469208434,17.784114026207213,18.275634765625,921800,0.0,0.0
1999-04-20 00:00:00-04:00,18.096907637840093,18.18627508296523,16.97981457377589,17.292600631713867,519400,0.0,0.0
1999-04-21 00:00:00-04:00,15.371199204272658,16.711710762784808,15.013729455336085,16.577659606933594,534400,0.0,0.0
1999-04-22 00:00:00-04:00,16.845761469790812,16.979812622070312,16.309556860672803,16.979812622070312,220000,0.0,0.0
1999-04-23 00:00:00-04:00,17.069176985034893,17.247911822574522,16.801074728725442,16.84575843811035,232400,0.0,0.0
1999-04-26 00:00:00-04:00,17.113865741463595,17.73943785733955,17.113865741463595,17.292600631713867,595300,0.0,0.0
1999-04-27 00:00:00-04:00,17.47133218839571,17.560699616469346,16.71170904976981,17.203229904174805,440700,0.0,0.0
1999-04-28 00:00:00-04:00,17.337281568243363,17.516016429771643,16.890444414422657,17.113862991333008,394100,0.0,0.0
1999-04-29 00:00:00-04:00,17.1138606944198,17.1138606944198,16.264870216106544,16.84575843811035,187300,0.0,0.0
1999-04-30 00:00:00-04:00,16.845756430652262,16.935123838772434,16.175500869750977,16.175500869750977,174100,0.0,0.0
1999-05-03 00:00:00-04:00,16.354236602783203,16.801073668433016,16.220185483088258,16.354236602783203,292700,0.0,0.0
1999-05-04 00:00:00-04:00,16.53297588831652,16.711710762784808,16.175506139379948,16.577659606933594,250800,0.0,0.0
1999-05-05 00:00:00-04:00,16.44360845108238,16.622343325550666,15.996771264911663,16.577659606933594,916500,0.0,0.0
1999-05-06 00:00:00-04:00,16.488290786743164,16.57765821648161,16.354239642135497,16.488290786743164,216000,0.0,0.0
1999-05-07 00:00:00-04:00,16.488289133362148,17.069177368412845,16.354238002196603,16.443605422973633,904200,0.0,0.0
1999-05-10 00:00:00-04:00,16.532975110140715,17.247914574363016,16.532975110140715,16.71170997619629,382200,0.0,0.0
1999-05-11 00:00:00-04:00,16.979806410704608,17.203224916108617,16.979806410704608,17.06917381286621,935200,0.0,0.0
1999-05-12 00:00:00-04:00,17.1138606944198,17.158544403804708,16.756391019340533,16.84575843811035,184400,0.0,0.0
1999-05-13 00:00:00-04:00,17.024498559032697,17.29260089854502,17.024498559032697,17.24791717529297,326000,0.0,0.0
1999-05-14 00:00:00-04:00,17.158544403804708,17.247911822574522,16.801074728725442,16.84575843811035,2099400,0.0,0.0
1999-05-17 00:00:00-04:00,16.935137077614115,16.97982081660518,16.711718382658784,16.890453338623047,89400,0.0,0.0
1999-05-18 00:00:00-04:00,17.06917381286621,17.113857513947014,16.890439008543005,17.06917381286621,258400,0.0,0.0
1999-05-19 00:00:00-04:00,17.158547491776318,17.29259864405582,16.80107775236431,16.979812622070312,251100,0.0,0.0
1999-05-20 00:00:00-04:00,17.113863511974106,17.158547228715552,16.80107749478398,17.02449607849121,356700,0.0,0.0
1999-05-21 00:00:00-04:00,17.06917381286621,17.158541215027814,16.979806410704608,17.06917381286621,165200,0.0,0.0
1999-05-24 00:00:00-04:00,17.113866780666594,17.158550505942486,16.711713253183568,16.80108070373535,291700,0.0,0.0
1999-05-25 00:00:00-04:00,16.6223425431685,16.801077409224078,16.6223425431685,16.71170997619629,169300,0.0,0.0
1999-05-26 00:00:00-04:00,16.801075106081754,16.801075106081754,16.354238002196603,16.443605422973633,191200,0.0,0.0
1999-05-27 00:00:00-04:00,16.622340264527693,17.069177368412845,16.354238002196603,16.443605422973633,144400,0.0,0.0
1999-05-28 00:00:00-04:00,16.470534443855286,16.694928646087646,16.33589792251587,16.515413284301758,231100,0.1,0.0
1999-06-01 00:00:00-04:00,16.694927804838354,16.694927804838354,16.380775937543007,16.560291290283203,141400,0.0,0.0
1999-06-02 00:00:00-04:00,16.605168541709148,16.650047375605656,16.335895538330078,16.335895538330078,285400,0.0,0.0
1999-06-03 00:00:00-04:00,16.33589792251587,16.515413284301758,16.33589792251587,16.515413284301758,231500,0.0,0.0
1999-06-04 00:00:00-04:00,16.51541496235165,16.51541496235165,16.246141892313307,16.425657272338867,125100,0.0,0.0
1999-06-07 00:00:00-04:00,16.470536117345258,16.51541496235165,16.425657272338867,16.425657272338867,198200,0.0,0.0
1999-06-08 00:00:00-04:00,16.515410618228806,16.515410618228806,16.246137619018555,16.246137619018555,176700,0.0,0.0
1999-06-09 00:00:00-04:00,16.515409517156122,16.515409517156122,16.066621215059488,16.201257705688477,255600,0.0,0.0
1999-06-10 00:00:00-04:00,16.156386911052547,16.425660026236756,16.156386911052547,16.380781173706055,231000,0.0,0.0
1999-06-11 00:00:00-04:00,16.470529556274414,16.515408383403226,16.29101424775916,16.470529556274414,180800,0.0,0.0
1999-06-14 00:00:00-04:00,16.47053887876746,16.51541773129816,16.156386911052547,16.380781173706055,344900,0.0,0.0
1999-06-15 00:00:00-04:00,16.380781173706055,16.605175436359563,16.335902321175354,16.380781173706055,408600,0.0,0.0
1999-06-16 00:00:00-04:00,16.380781173706055,16.47053887876746,16.335902321175354,16.380781173706055,533700,0.0,0.0
1999-06-17 00:00:00-04:00,16.38077328684573,16.38077328684573,16.156379132231404,16.291015625,889200,0.0,0.0
1999-06-18 00:00:00-04:00,16.246139036210558,16.335896710443762,15.842229502161121,16.06662368774414,227900,0.0,0.0
1999-06-21 00:00:00-04:00,16.15637776637272,16.470529556274414,16.066620112115096,16.470529556274414,284100,0.0,0.0
1999-06-22 00:00:00-04:00,16.47053094869146,16.73980393422865,15.976863808539946,16.291015625,474700,0.0,0.0
1999-06-23 00:00:00-04:00,15.931985786606592,16.33589528542197,15.797349287001467,16.246137619018555,349400,0.0,0.0
1999-06-24 00:00:00-04:00,16.201256619559395,16.201256619559395,16.021741310755413,16.1563777923584,176600,0.0,0.0
1999-06-25 00:00:00-04:00,16.15637918536583,16.15637918536583,15.976863861083984,15.976863861083984,180200,0.0,0.0
1999-06-28 00:00:00-04:00,15.97686355464016,16.24613653589814,15.97686355464016,16.201257705688477,144200,0.0,0.0
1999-06-29 00:00:00-04:00,16.066621470385677,16.47053094869146,16.066621470385677,16.291015625,205400,0.0,0.0
1999-06-30 00:00:00-04:00,16.156379952615136,16.425652951825388,15.887106953404885,16.246137619018555,417600,0.0,0.0
1999-07-01 00:00:00-04:00,16.335895538330078,16.470532040019613,16.111501368847524,16.335895538330078,341800,0.0,0.0
1999-07-02 00:00:00-04:00,16.4256507291456,16.515408383403226,16.335893074887974,16.470529556274414,328500,0.0,0.0
1999-07-06 00:00:00-04:00,16.380771902016786,16.515408383403226,16.335893074887974,16.470529556274414,195500,0.0,0.0
1999-07-07 00:00:00-04:00,16.425656715803715,16.425656715803715,15.797352907002479,15.842231750488281,194300,0.0,0.0
1999-07-08 00:00:00-04:00,15.707594635842861,15.976867686743024,15.393442743126004,15.617836952209473,233900,0.0,0.0
1999-07-09 00:00:00-04:00,16.021747124431492,16.33589902883211,15.707595220030875,15.842231750488281,226500,0.0,0.0
1999-07-12 00:00:00-04:00,16.111506410326278,16.111506410326278,15.52808138711112,15.707596778869629,175600,0.0,0.0
1999-07-13 00:00:00-04:00,15.258802670484398,15.483196827403287,15.079287344949288,15.348560333251953,309200,0.0,0.0
1999-07-14 00:00:00-04:00,15.438318317586726,16.06662197004665,15.348560652949594,15.797348976135254,492000,0.0,0.0
1999-07-15 00:00:00-04:00,15.976866337872934,15.976866337872934,15.348562605484672,15.483199119567871,313600,0.0,0.0
1999-07-16 00:00:00-04:00,15.48320186692615,15.7075960968816,15.258807636970698,15.438323020935059,336400,0.0,0.0
1999-07-19 00:00:00-04:00,15.572957517075064,15.797351717609287,15.483199836861374,15.752472877502441,234700,0.0,0.0
1999-07-20 00:00:00-04:00,15.572960235050747,16.02174871444702,15.34856599535261,15.707596778869629,230400,0.0,0.0
1999-07-21 00:00:00-04:00,15.887104829152424,16.246135446760388,15.52807421154446,16.1563777923584,216400,0.0,0.0
1999-07-22 00:00:00-04:00,15.976869866507394,16.111506410326278,15.34856599535261,15.707596778869629,203100,0.0,0.0
1999-07-23 00:00:00-04:00,15.70758777506211,15.70758777506211,15.12416308627409,15.25879955291748,159400,0.0,0.0
1999-07-26 00:00:00-04:00,15.258802284533296,15.348559945030551,15.079286963538786,15.213923454284668,199600,0.0,0.0
1999-07-27 00:00:00-04:00,15.438317888238457,16.15637918536583,15.169044901815694,15.976863861083984,489900,0.0,0.0
1999-07-28 00:00:00-04:00,15.976871500929741,16.380781173706055,15.93199264839904,16.380781173706055,955500,0.0,0.0
1999-07-29 00:00:00-04:00,16.246139036210558,16.246139036210558,15.797350665044519,16.06662368774414,155200,0.0,0.0
1999-07-30 00:00:00-04:00,16.066623265034444,16.6500481322005,16.066623265034444,16.60516929626465,657000,0.0,0.0
1999-08-02 00:00:00-04:00,16.470529556274414,16.69492369191848,16.335893074887974,16.470529556274414,1256900,0.0,0.0
1999-08-03 00:00:00-04:00,16.51541120693876,16.51541120693876,15.887107519718265,16.111501693725586,597000,0.0,0.0
1999-08-04 00:00:00-04:00,16.11150601078087,16.11150601078087,15.797354082994058,15.931990623474121,953800,0.0,0.0
1999-08-05 00:00:00-04:00,15.976864619808302,16.358334702022827,15.887106953404885,16.246137619018555,586200,0.0,0.0
1999-08-06 00:00:00-04:00,16.246137870537055,16.335895538330078,16.066622534951012,16.335895538330078,531700,0.0,0.0
1999-08-09 00:00:00-04:00,16.156384202300526,16.51541496235165,15.976868822274964,16.425657272338867,357000,0.0,0.0
1999-08-10 00:00:00-04:00,16.33589736189337,17.41298949564458,16.066624328455568,17.36811065673828,741100,0.0,0.0
1999-08-11 00:00:00-04:00,17.233469220285627,18.400318698742467,17.00907508981316,18.265682220458984,832900,0.0,0.0
1999-08-12 00:00:00-04:00,18.08617165806782,18.849111901708397,18.041292820206607,18.624717712402344,727100,0.0,0.0
1999-08-13 00:00:00-04:00,18.84911250142218,18.89399134071128,18.175929912085675,18.490081787109375,330200,0.0,0.0
1999-08-16 00:00:00-04:00,18.490082750226012,18.534961591852774,18.131052017211914,18.131052017211914,515900,0.0,0.0
1999-08-17 00:00:00-04:00,18.310566429952974,18.714475983554877,18.310566429952974,18.490081787109375,217200,0.0,0.0
1999-08-18 00:00:00-04:00,18.579845220062907,19.028633751948487,18.400329807308676,18.893997192382812,464400,0.0,0.0
1999-08-19 00:00:00-04:00,18.89398713420621,18.89398713420621,18.579835329124396,18.7144718170166,2477800,0.0,0.0
1999-08-20 00:00:00-04:00,18.714472284940914,19.208139419555664,18.579835793682346,19.208139419555664,236200,0.0,0.0
1999-08-23 00:00:00-04:00,19.20814649408514,19.8364503513683,19.20814649408514,19.746692657470703,554900,0.0,0.0
1999-08-24 00:00:00-04:00,19.74668610933957,20.015959101739657,19.567170781072846,19.79156494140625,412500,0.0,0.0
1999-08-25 00:00:00-04:00,19.701808765322664,19.701808765322664,18.84911089165266,19.29789924621582,158100,0.0,0.0
1999-08-26 00:00:00-04:00,19.297896775032026,19.522290923578907,19.118381456194516,19.432533264160156,180800,0.0,0.0
1999-08-27 00:00:00-04:00,19.477414837589972,19.522293673621284,19.29789949346472,19.387657165527344,419900,0.0,0.0
1999-08-30 00:00:00-04:00,19.836447357316768,19.836447357316768,19.612053156442144,19.701810836791992,379500,0.0,0.0
1999-08-31 00:00:00-04:00,19.701809017746537,19.701809017746537,19.29789949346472,19.387657165527344,461900,0.0,0.0
1999-09-01 00:00:00-04:00,19.9262049291041,20.958418247503637,19.56717420966078,20.734024047851562,626300,0.0,0.0
1999-09-02 00:00:00-04:00,20.554503873581403,20.778898020672905,20.060836749980105,20.374988555908203,567700,0.0,0.0
1999-09-03 00:00:00-04:00,20.464747876192614,20.64426320843992,20.105717211698007,20.285232543945312,136800,0.0,0.0
1999-09-07 00:00:00-04:00,20.15059784450822,20.644265052280133,20.15059784450822,20.59938621520996,332700,0.0,0.0
1999-09-08 00:00:00-04:00,20.599384885085257,20.599384885085257,20.41986954839606,20.46474838256836,95900,0.0,0.0
1999-09-09 00:00:00-04:00,20.46474863243936,20.554506301879883,20.330112128278575,20.554506301879883,140100,0.0,0.0
1999-09-10 00:00:00-04:00,20.59938752806032,20.778902887781978,20.330114488477832,20.734024047851562,196900,0.0,0.0
1999-09-13 00:00:00-04:00,20.644264383865064,21.093052740036043,20.644264383865064,21.048173904418945,363200,0.0,0.0
1999-09-14 00:00:00-04:00,21.093048651162256,21.362321612666452,20.913533343492787,20.958412170410156,233200,0.0,0.0
1999-09-15 00:00:00-04:00,21.003291234248827,21.362321853637695,20.91353357940161,21.362321853637695,384900,0.0,0.0
1999-09-16 00:00:00-04:00,21.36232901427705,21.407207856744023,20.734025219739493,21.18281364440918,244500,0.0,0.0
1999-09-17 00:00:00-04:00,21.04816898948268,21.541836065995064,21.003290164345188,21.317441940307617,363300,0.0,0.0
1999-09-20 00:00:00-04:00,21.272567422504466,21.49696159362793,21.227688588279772,21.49696159362793,238100,0.0,0.0
1999-09-21 00:00:00-04:00,21.45208250801518,21.72135551020784,21.362324840617628,21.407203674316406,234500,0.0,0.0
1999-09-22 00:00:00-04:00,21.31744945509751,21.40720713701371,20.82378220455841,20.91353988647461,181700,0.0,0.0
1999-09-23 00:00:00-04:00,20.95841355869631,21.003292388586452,20.554504089685032,20.778898239135742,146900,0.0,0.0
1999-09-24 00:00:00-04:00,20.823779991694856,20.823779991694856,20.1057186126709,20.1057186126709,318100,0.0,0.0
1999-09-27 00:00:00-04:00,20.105717954677264,21.003294649082502,20.105717954677264,20.554506301879883,151600,0.0,0.0
1999-09-28 00:00:00-04:00,20.19547843114501,20.91353988647461,20.10572074922881,20.91353988647461,324900,0.0,0.0
1999-09-29 00:00:00-04:00,20.823777069025883,21.093050048366734,20.599382919575174,20.778898239135742,478100,0.0,0.0
1999-09-30 00:00:00-04:00,20.59938799976791,21.09305525030701,20.50963031785171,20.91353988647461,488700,0.0,0.0
1999-10-01 00:00:00-04:00,20.823777069025883,20.823777069025883,20.554504089685032,20.778898239135742,220100,0.0,0.0
1999-10-04 00:00:00-04:00,20.689141655790397,20.913535816916106,20.644262823565253,20.82377815246582,215100,0.0,0.0
1999-10-05 00:00:00-04:00,20.73402164076093,20.913536979641975,20.374990962998837,20.554506301879883,255300,0.0,0.0
1999-10-06 00:00:00-04:00,20.73401721352025,21.362320765445105,20.73401721352025,21.317441940307617,81700,0.0,0.0
1999-10-07 00:00:00-04:00,21.36232934481856,21.76623893327101,21.36232934481856,21.676481246948242,264800,0.0,0.0
1999-10-08 00:00:00-04:00,21.586720495867585,21.945751190185547,21.54184165907784,21.945751190185547,186800,0.0,0.0
1999-10-11 00:00:00-04:00,21.900870880126956,22.48429571914673,21.81111321258545,22.439416885375977,116200,0.0,0.0
1999-10-12 00:00:00-04:00,22.30477853430696,22.394536194404772,22.08038438406242,22.125263214111328,270200,0.0,0.0
1999-10-13 00:00:00-04:00,21.900867782720997,21.990625437568216,21.093048889096043,21.362321853637695,201300,0.0,0.0
1999-10-14 00:00:00-04:00,21.18280766263921,21.18280766263921,20.464746385939577,21.093050003051758,300600,0.0,0.0
1999-10-15 00:00:00-04:00,20.91353940757322,20.91353940757322,20.509629848199488,20.734024047851562,126200,0.0,0.0
1999-10-18 00:00:00-04:00,20.734024165226863,20.778903005411337,20.374993443751073,20.419872283935547,242000,0.0,0.0
1999-10-19 00:00:00-04:00,20.46474863243936,20.599385136600144,20.46474863243936,20.554506301879883,221800,0.0,0.0
1999-10-20 00:00:00-04:00,20.509628295898438,20.554507132432132,20.374991786297354,20.509628295898438,173100,0.0,0.0
1999-10-21 00:00:00-04:00,20.554507378139785,20.68914388935031,20.37499202985909,20.59938621520996,368700,0.0,0.0
1999-10-22 00:00:00-04:00,20.734018035823322,21.093048651162256,20.689139208905956,20.958412170410156,323800,0.0,0.0
1999-10-25 00:00:00-04:00,20.958414839891752,21.317445500960563,20.823778341990952,21.22768783569336,200900,0.0,0.0
1999-10-26 00:00:00-04:00,21.31744568773325,21.721355184974513,21.227688021679636,21.6315975189209,259800,0.0,0.0
1999-10-27 00:00:00-04:00,22.43941932596186,22.484298164613783,20.823781134492606,20.86865997314453,411100,0.0,0.0
1999-10-28 00:00:00-04:00,22.08039764882067,23.29212678808522,21.90088222078148,22.933095932006836,474200,0.0,0.0
1999-10-29 00:00:00-04:00,23.336997252766345,25.67069697804298,23.336997252766345,25.221908569335938,679400,0.0,0.0
1999-11-01 00:00:00-05:00,25.042397097883555,26.658035620327652,24.952639402192215,26.02973175048828,435800,0.0,0.0
1999-11-02 00:00:00-05:00,25.850208173479352,25.850208173479352,25.042389168058122,25.13214683532715,340900,0.0,0.0
1999-11-03 00:00:00-05:00,25.087268829345703,25.311663004921247,24.414086302619076,25.087268829345703,297800,0.0,0.0
1999-11-04 00:00:00-05:00,25.042389168058122,25.580935171672273,24.817994999885556,25.13214683532715,330400,0.0,0.0
1999-11-05 00:00:00-05:00,25.132147747537363,25.132147747537363,24.63848055963931,24.773117065429688,222200,0.0,0.0
1999-11-08 00:00:00-05:00,24.95263299438254,24.997511830703374,24.63848114013672,24.63848114013672,331100,0.0,0.0
1999-11-09 00:00:00-05:00,24.683362724137133,24.683362724137133,24.369210834920843,24.593605041503906,143800,0.0,0.0
1999-11-10 00:00:00-05:00,24.638486923709994,25.08727539226573,24.59360807685442,25.042396545410156,216100,0.0,0.0
1999-11-11 00:00:00-05:00,24.95263540809452,25.13215077074268,24.728241204784318,24.8179988861084,150900,0.0,0.0
1999-11-12 00:00:00-05:00,24.907760004843436,25.08727539226573,24.414092689432124,25.042396545410156,119200,0.0,0.0
1999-11-15 00:00:00-05:00,25.0423824545151,27.061929426653414,24.997503632912025,26.972171783447266,466500,0.0,0.0
1999-11-16 00:00:00-05:00,26.792670820242545,27.286338121788052,26.38876120988713,27.017065048217773,374500,0.0,0.0
1999-11-17 00:00:00-05:00,27.106822045857474,27.151700890304255,26.254124001368577,26.747791290283203,479200,0.0,0.0
1999-11-18 00:00:00-05:00,26.74779190140671,27.06194381971182,26.613155364990234,26.613155364990234,421000,0.0,0.0
1999-11-19 00:00:00-05:00,26.433641153223373,26.478520000682156,25.536064204047708,25.939973831176758,207500,0.0,0.0
1999-11-22 00:00:00-05:00,25.939968807596554,25.939968807596554,25.401422742386938,25.491180419921875,120700,0.0,0.0
1999-11-23 00:00:00-05:00,25.580936958049907,25.580936958049907,24.458966038837193,24.728239059448242,268200,0.0,0.0
1999-11-24 00:00:00-05:00,24.773123464276715,25.311669626543598,24.773123464276715,25.042396545410156,141400,0.0,0.0
1999-11-26 00:00:00-05:00,24.997503297548768,25.311655044555664,24.997503297548768,25.311655044555664,66000,0.0,0.0
1999-11-29 00:00:00-05:00,25.491178345381684,25.491178345381684,24.862874653770163,25.087268829345703,242000,0.0,0.0
1999-11-30 00:00:00-05:00,25.042389203917303,26.164360046386715,25.042389203917303,26.16436004638672,249500,0.0,0.0
1999-12-01 00:00:00-05:00,26.05635455155573,27.001403680368632,26.05635455155573,26.776391983032227,382200,0.1,0.0
1999-12-02 00:00:00-05:00,26.776396160575274,27.001407893017085,26.596386774621827,26.731393814086914,211800,0.0,0.0
1999-12-03 00:00:00-05:00,26.686393523058353,27.271424072467727,26.641391173103788,27.181419372558594,226200,0.0,0.0
1999-12-06 00:00:00-05:00,27.541434414868284,27.58643675868343,27.091410976716844,27.40642738342285,236700,0.0,0.0
1999-12-07 00:00:00-05:00,27.496424765963305,27.496424765963305,26.73138512435712,27.361417770385742,164400,0.0,0.0
1999-12-08 00:00:00-05:00,27.316426422422296,27.7214475720134,26.91140527283119,27.181419372558594,220900,0.0,0.0
1999-12-09 00:00:00-05:00,27.001403680368632,27.36142239610688,26.77639198303223,26.776391983032227,150300,0.0,0.0
1999-12-10 00:00:00-05:00,26.866391968082738,26.956396631292396,26.46137098363928,26.641380310058594,153600,0.0,0.0
1999-12-13 00:00:00-05:00,26.551375796920375,27.54142709782249,26.28136180576525,27.361417770385742,300200,0.0,0.0
1999-12-14 00:00:00-05:00,27.451425552368168,28.126460606934597,27.361420878425974,27.451425552368164,672300,0.0,0.0
1999-12-15 00:00:00-05:00,27.451422434104117,27.54142709782249,26.77638745621631,27.361417770385742,417300,0.0,0.0
1999-12-16 00:00:00-05:00,27.36142524879468,28.441481508615524,27.36142524879468,27.8564510345459,451400,0.0,0.0
1999-12-17 00:00:00-05:00,27.766447783319236,27.766447783319236,26.731393814086914,26.731393814086914,407100,0.0,0.0
1999-12-20 00:00:00-05:00,26.731392310025168,27.046408717719068,25.741340742987198,25.966352462768555,1319800,0.0,0.0
1999-12-21 00:00:00-05:00,26.056358974296728,26.14636366850846,25.741342544555664,25.741342544555664,281700,0.0,0.0
1999-12-22 00:00:00-05:00,25.921354594983555,26.05636165016576,25.516333429436937,25.65134048461914,345300,0.0,0.0
1999-12-23 00:00:00-05:00,25.561327123725185,25.92134581560864,25.561327123725185,25.786338806152344,333500,0.0,0.0
1999-12-27 00:00:00-05:00,25.38132550765057,26.641391312994923,25.38132550765057,26.461381912231445,247900,0.0,0.0
1999-12-28 00:00:00-05:00,26.371373515909077,26.77639461086331,26.326371172025272,26.686389923095703,126300,0.0,0.0
1999-12-29 00:00:00-05:00,26.911397508715023,27.81144424813693,26.776390497801735,27.451425552368164,240100,0.0,0.0
1999-12-30 00:00:00-05:00,27.361423610668588,27.72144234238791,27.226416586273842,27.586435317993164,102500,0.0,0.0
1999-12-31 00:00:00-05:00,27.496424950634523,27.496424950634523,26.551375975244465,27.09140396118164,82400,0.0,0.0
2000-01-03 00:00:00-05:00,27.136413994095836,27.136413994095836,26.056357715723863,26.371374130249023,318700,0.0,0.0
2000-01-04 00:00:00-05:00,26.236371994018555,26.641393174029133,25.651341400669942,26.236371994018555,340100,0.0,0.0
2000-01-05 00:00:00-05:00,26.056355955704397,26.101358297596807,25.56133019488791,25.876346588134766,246400,0.0,0.0
2000-01-06 00:00:00-05:00,25.65133641163508,26.10135985745324,25.561331722471447,25.921350479125977,252000,0.0,0.0
2000-01-07 00:00:00-05:00,26.011359298438357,26.011359298438357,25.20131696734512,25.65134048461914,301500,0.0,0.0
2000-01-10 00:00:00-05:00,25.92134546153637,25.96634779740709,25.291312759346248,25.831340789794922,87900,0.0,0.0
2000-01-11 00:00:00-05:00,25.831349823538183,25.831349823538183,24.976305142968105,25.426328659057617,199600,0.0,0.0
2000-01-12 00:00:00-05:00,25.246315725800816,25.2913180711231,24.7512899272557,25.15631103515625,476400,0.0,0.0
2000-01-13 00:00:00-05:00,25.021307062975225,25.47133057130212,25.021307062975225,25.246318817138672,241500,0.0,0.0
2000-01-14 00:00:00-05:00,25.381316634586877,25.87634231363024,25.111302627835954,25.20130729675293,297500,0.0,0.0
2000-01-18 00:00:00-05:00,25.291317654980553,26.011355168289608,24.931298898326023,25.921350479125977,255000,0.0,0.0
2000-01-19 00:00:00-05:00,25.741340742987198,26.50638059024381,25.696338399030928,25.966352462768555,259700,0.0,0.0
2000-01-20 00:00:00-05:00,27.001412000705205,27.271426120712256,25.74134610733896,26.236371994018555,695300,0.0,0.0
2000-01-21 00:00:00-05:00,26.641388465618263,27.046409574048273,25.921350939520472,26.101360321044922,228600,0.0,0.0
2000-01-24 00:00:00-05:00,26.146366857288207,26.956409203985604,26.05636215209961,26.05636215209961,271400,0.0,0.0
2000-01-25 00:00:00-05:00,26.146362666426032,26.146362666426032,24.616282923468226,26.101360321044922,276900,0.0,0.0
2000-01-26 00:00:00-05:00,26.10135480501926,27.361420209399498,25.561326774570585,25.831340789794922,408600,0.0,0.0
2000-01-27 00:00:00-05:00,26.011359799505307,26.641392735825505,25.51633392096801,26.05636215209961,357200,0.0,0.0
2000-01-28 00:00:00-05:00,26.10136393319189,26.821401558935115,25.426328659057617,25.426328659057617,560400,0.0,0.0
2000-01-31 00:00:00-05:00,25.426318925232895,26.236360944089874,25.33631425647101,25.696332931518555,225200,0.0,0.0
2000-02-01 00:00:00-05:00,25.741344451904297,25.741344451904297,24.391273938692535,24.5712833404541,320400,0.0,0.0
2000-02-02 00:00:00-05:00,24.706288730975277,26.911403754322798,24.706288730975277,26.19136619567871,782700,0.0,0.0
2000-02-03 00:00:00-05:00,26.28137070982606,26.28137070982606,25.38132376770873,25.741342544555664,465100,0.0,0.0
2000-02-04 00:00:00-05:00,25.741339805884607,26.236365571382386,25.561330436612685,25.606332778930664,203100,0.0,0.0
2000-02-07 00:00:00-05:00,25.51633080902633,25.921351932979128,25.336321420602864,25.741342544555664,326600,0.0,0.0
2000-02-08 00:00:00-05:00,26.191363965392743,26.191363965392743,25.291317093729763,25.516328811645508,174900,0.0,0.0
2000-02-09 00:00:00-05:00,25.471321864757574,25.561326535657777,24.66127982665574,24.88629150390625,204100,0.0,0.0
2000-02-10 00:00:00-05:00,24.751290262744416,24.931299646473466,23.851243344099164,24.166259765625,305400,0.0,0.0
2000-02-11 00:00:00-05:00,24.841300072608057,24.841300072608057,24.166264744548055,24.256269454956055,452500,0.0,0.0
2000-02-14 00:00:00-05:00,24.436276289132927,24.796295092656063,24.121259836050182,24.5712833404541,283900,0.0,0.0
2000-02-15 00:00:00-05:00,24.57128320421491,26.551386612613182,24.57128320421491,26.461381912231445,728100,0.0,0.0
2000-02-16 00:00:00-05:00,26.416363781445646,27.45141721751592,26.056345194986424,26.281356811523438,1356100,0.0,0.0
2000-02-17 00:00:00-05:00,26.371373051900818,26.821396482820624,25.831344934797045,26.506380081176758,526300,0.0,0.0
2000-02-18 00:00:00-05:00,26.641388465618263,27.00140722866716,23.31121490741598,23.49122428894043,654700,0.0,0.0
2000-02-22 00:00:00-05:00,23.581227701986002,23.581227701986002,21.376112897792655,22.45616912841797,372500,0.0,0.0
2000-02-23 00:00:00-05:00,22.636178011063727,23.311213140618314,22.59117566909342,22.996196746826172,286000,0.0,0.0
2000-02-24 00:00:00-05:00,22.906193560349724,22.99619825017428,21.691130247718206,22.09615135192871,175000,0.0,0.0
2000-02-25 00:00:00-05:00,22.276156235532643,22.456165578850076,21.646123533921617,21.691125869750977,245100,0.0,0.0
2000-02-28 00:00:00-05:00,21.691128614868944,21.691128614868944,20.61107241827796,21.106098175048828,528000,0.0,0.0
2000-02-29 00:00:00-05:00,21.556121359363797,23.58122670627689,21.556121359363797,23.536224365234375,327500,0.0,0.0
2000-03-01 00:00:00-05:00,23.35621891641445,24.93130111694336,21.736134367298995,24.93130111694336,564900,0.0,0.0
2000-03-02 00:00:00-05:00,24.84128826856613,24.886290602385998,22.951190248131752,23.041194915771484,173800,0.0,0.0
2000-03-03 00:00:00-05:00,22.86118777496646,22.951192451245856,21.826133997753413,22.27615737915039,361600,0.0,0.0
2000-03-06 00:00:00-05:00,22.0961489205832,22.0961489205832,20.296055322165017,20.476064682006836,401100,0.0,0.0
2000-03-07 00:00:00-05:00,20.521069143420068,20.881087900322175,19.261003494262695,19.261003494262695,627700,0.0,0.0
2000-03-08 00:00:00-05:00,19.261003442712735,19.981040954589844,18.360956552866345,19.981040954589844,607900,0.0,0.0
2000-03-09 00:00:00-05:00,20.701078466466956,21.016094877913194,19.53101750966665,19.981040954589844,504000,0.0,0.0
2000-03-10 00:00:00-05:00,19.981040954589844,20.341059710528402,19.711026887635928,19.981040954589844,279400,0.0,0.0
2000-03-13 00:00:00-05:00,19.801024382334973,21.151094226585084,19.62101506976829,20.43105697631836,506800,0.0,0.0
2000-03-14 00:00:00-05:00,20.43106064658388,21.106095689973216,20.161046629228146,20.2060489654541,448100,0.0,0.0
2000-03-15 00:00:00-05:00,20.16105033255912,20.611073777482318,19.39601047618969,19.981040954589844,610500,0.0,0.0
2000-03-16 00:00:00-05:00,20.43106338406397,22.771185181357644,20.43106338406397,21.7811336517334,214700,0.0,0.0
2000-03-17 00:00:00-05:00,21.601126079519506,21.736133117516506,21.10610027353052,21.556123733520508,313300,0.0,0.0
2000-03-20 00:00:00-05:00,21.556121112403158,22.366163241888035,21.28610706924153,21.64612579345703,351600,0.0,0.0
2000-03-21 00:00:00-05:00,21.826131600307754,23.31120859579261,21.736126933914733,22.591171264648438,349000,0.0,0.0
2000-03-22 00:00:00-05:00,22.41116330578069,22.636174985557602,21.151097899029967,21.19610023498535,333700,0.0,0.0
2000-03-23 00:00:00-05:00,21.286109300454456,21.826137443383534,21.196104609966277,21.601125717163086,175300,0.0,0.0
2000-03-24 00:00:00-05:00,21.64612110894638,22.186149078400344,21.60111877815855,22.006139755249023,194100,0.0,0.0
2000-03-27 00:00:00-05:00,21.8711401555135,22.186156577506495,21.46611904152251,21.556123733520508,150200,0.0,0.0
2000-03-28 00:00:00-05:00,21.511121933669553,21.601126627952688,20.791084379404463,21.016096115112305,248500,0.0,0.0
2000-03-29 00:00:00-05:00,20.92608857405813,21.37611198425293,20.56606984590229,21.37611198425293,278600,0.0,0.0
2000-03-30 00:00:00-05:00,21.55612191118935,24.886295233586036,21.55612191118935,23.221208572387695,350700,0.0,0.0
2000-03-31 00:00:00-05:00,23.401218333714446,25.921349538883696,23.401218333714446,25.561330795288086,493800,0.0,0.0
2000-04-03 00:00:00-04:00,25.15630812819523,25.15630812819523,23.26620984307144,23.35621452331543,358600,0.0,0.0
2000-04-04 00:00:00-04:00,23.26620844871767,24.21125753464237,22.32115936279297,22.32115936279297,551400,0.0,0.0
2000-04-05 00:00:00-04:00,22.591175317764282,24.211259603500366,22.591175317764282,23.7612361907959,314300,0.0,0.0
2000-04-06 00:00:00-04:00,23.62623178460299,24.211262285936016,23.446222399577444,23.671234130859375,174500,0.0,0.0
2000-04-07 00:00:00-04:00,23.401219136006123,23.85124258092932,23.131205069052207,23.311214447021484,185800,0.0,0.0
2000-04-10 00:00:00-04:00,23.311215267071567,24.796292687560683,23.311215267071567,23.44622230529785,215900,0.0,0.0
2000-04-11 00:00:00-04:00,23.49122474583383,24.076255247166856,23.446222399577444,23.671234130859375,340000,0.0,0.0
2000-04-12 00:00:00-04:00,23.76123571031876,24.031249752481475,23.581226348876953,23.581226348876953,203200,0.0,0.0
2000-04-13 00:00:00-04:00,23.71623420715332,23.986248258847667,23.671231865204263,23.71623420715332,119100,0.0,0.0
2000-04-14 00:00:00-04:00,23.761232337173148,23.806234671145067,22.051143646240234,22.051143646240234,214800,0.0,0.0
2000-04-17 00:00:00-04:00,22.051146762577567,23.26620995153592,21.961142081913984,22.861188888549805,268600,0.0,0.0
2000-04-18 00:00:00-04:00,22.726182341575623,23.7612361907959,22.681180000305176,23.7612361907959,151700,0.0,0.0
2000-04-19 00:00:00-04:00,24.211261783388306,26.506381394824743,24.16625943806602,25.15631103515625,611100,0.0,0.0
2000-04-20 00:00:00-04:00,25.06630751029732,26.37137558533973,25.021305162882065,26.19136619567871,297200,0.0,0.0
2000-04-24 00:00:00-04:00,26.326373498044422,27.001408715942997,25.876350019445372,26.86640167236328,555000,0.0,0.0
2000-04-25 00:00:00-04:00,26.821402587367167,27.316428474046763,25.83135081400798,26.236371994018555,350200,0.0,0.0
2000-04-26 00:00:00-04:00,26.416371516948388,26.641383199375547,25.786338806152344,25.786338806152344,129200,0.0,0.0
2000-04-27 00:00:00-04:00,25.7863384539242,26.056352469148536,25.651331446312028,25.831340789794922,179800,0.0,0.0
2000-04-28 00:00:00-04:00,25.69634276871133,25.876352175147133,25.066309846186005,25.426328659057617,327000,0.0,0.0
2000-05-01 00:00:00-04:00,25.38132341943606,26.866400853551998,25.38132341943606,26.731393814086914,249600,0.0,0.0
2000-05-02 00:00:00-04:00,26.55138479246126,26.91140356930819,25.696340197449796,25.741342544555664,195000,0.0,0.0
2000-05-03 00:00:00-04:00,25.78634574008763,25.83134808867417,24.84129641977028,24.93130111694336,408400,0.0,0.0
2000-05-04 00:00:00-04:00,24.84129400893572,25.60633386066019,24.84129400893572,25.47132682800293,281700,0.0,0.0
2000-05-05 00:00:00-04:00,25.381315025123392,26.956396631292396,25.381315025123392,26.641380310058594,273000,0.0,0.0
2000-05-08 00:00:00-04:00,26.596382625163105,27.136410698770476,26.551380285695824,26.776391983032227,349300,0.0,0.0
2000-05-09 00:00:00-04:00,26.68639292335211,28.66649627685547,26.68639292335211,28.66649627685547,647100,0.0,0.0
2000-05-10 00:00:00-04:00,28.486477484354157,28.486477484354157,27.046402793201974,27.676435470581055,501400,0.0,0.0
2000-05-11 00:00:00-04:00,27.76645007428595,27.85645477468882,27.181419521667284,27.63144302368164,220800,0.0,0.0
2000-05-12 00:00:00-04:00,27.631437188720703,28.711493365478518,27.54143250732422,28.126462936401367,200500,0.0,0.0
2000-05-15 00:00:00-04:00,27.991462340132955,28.03646469116211,27.36142942572482,28.03646469116211,106600,0.0,0.0
2000-05-16 00:00:00-04:00,28.126465829883248,28.756498664472634,27.271421268654798,27.766447067260742,172800,0.0,0.0
2000-05-17 00:00:00-04:00,27.58645760854085,27.58645760854085,27.001426696777344,27.001426696777344,123800,0.0,0.0
2000-05-18 00:00:00-04:00,27.001403680368632,27.27141771717232,26.41637326729398,26.776391983032227,164500,0.0,0.0
2000-05-19 00:00:00-04:00,26.641407674153644,27.001426696777344,25.831364873250322,27.001426696777344,173500,0.0,0.0
2000-05-22 00:00:00-04:00,26.73139171197381,26.73139171197381,25.381321423490284,25.561330795288086,231500,0.0,0.0
2000-05-23 00:00:00-04:00,25.741336118053475,26.461373491985043,25.426319766958414,25.831340789794922,265200,0.0,0.0
2000-05-24 00:00:00-04:00,25.831349823538183,25.831349823538183,24.8863004397502,25.426328659057617,223800,0.0,0.0
2000-05-25 00:00:00-04:00,25.381323494217767,25.65133757394349,24.88629768138728,25.066307067871094,151900,0.0,0.0
2000-05-26 00:00:00-04:00,25.156306589299984,25.246311264038088,24.391266854026103,24.751285552978516,113400,0.0,0.0
2000-05-30 00:00:00-04:00,24.931297884952958,25.381321312479184,24.79629085669509,25.336318969726562,202800,0.0,0.0
2000-05-31 00:00:00-04:00,25.182868460534323,26.22087199923018,25.182868460534323,25.634174346923828,237500,0.1,0.0
2000-06-01 00:00:00-04:00,25.498782581006974,25.81469670147963,25.318260226451173,25.634174346923828,224300,0.0,0.0
2000-06-02 00:00:00-04:00,25.814708597713597,26.356275910952345,25.814708597713597,26.13062286376953,157200,0.0,0.0
2000-06-05 00:00:00-04:00,26.04036102362319,26.04036102362319,25.498793723305205,25.54392433166504,197300,0.0,0.0
2000-06-06 00:00:00-04:00,25.679312264940084,26.04035707710093,25.63418166341998,25.859834671020508,97800,0.0,0.0
2000-06-07 00:00:00-04:00,25.814708014943754,26.266014099121094,25.092618280260012,26.266014099121094,201000,0.0,0.0
2000-06-08 00:00:00-04:00,26.762438511890203,26.897830275019494,25.58904323143633,25.76956558227539,351600,0.0,0.0
2000-06-09 00:00:00-04:00,25.6793117026488,26.062921807169914,25.6793117026488,25.99522590637207,98900,0.0,0.0
2000-06-12 00:00:00-04:00,25.950093184198654,25.950093184198654,25.228003634725297,25.273134231567383,111900,0.0,0.0
2000-06-13 00:00:00-04:00,25.13774449626605,26.04035650690397,25.00235269467036,25.99522590637207,121300,0.0,0.0
2000-06-14 00:00:00-04:00,25.995226732336956,26.807577567722486,25.814704324473507,25.950096130371094,107900,0.0,0.0
2000-06-15 00:00:00-04:00,25.99522366563813,26.94296619511452,25.99522366563813,26.852705001831055,235300,0.0,0.0
2000-06-16 00:00:00-04:00,26.762448260315463,27.168623697655836,26.311142218826166,26.401403427124023,323600,0.0,0.0
2000-06-19 00:00:00-04:00,26.401393768635202,26.401393768635202,25.453651428222656,25.453651428222656,293100,0.0,0.0
2000-06-20 00:00:00-04:00,25.363404291201153,25.363404291201153,24.235138975756264,25.00235939025879,337600,0.0,0.0
2000-06-21 00:00:00-04:00,25.09261603250991,25.137746636884927,24.551048780009694,24.731571197509766,263000,0.0,0.0
2000-06-22 00:00:00-04:00,24.73156691600442,24.73156691600442,23.15199603633261,23.603302001953125,512400,0.0,0.0
2000-06-23 00:00:00-04:00,22.429907847195864,23.332519832998514,22.429907847195864,23.10686683654785,425600,0.0,0.0
2000-06-26 00:00:00-04:00,23.01660645964561,23.693565473164597,22.836084056040548,23.061737060546875,395000,0.0,0.0
2000-06-27 00:00:00-04:00,23.06173541717827,23.33251900328995,23.016604819492986,23.151996612548828,426400,0.0,0.0
2000-06-28 00:00:00-04:00,23.061740734662667,23.242263167027932,22.023736748562392,22.65556526184082,346700,0.0,0.0
2000-06-29 00:00:00-04:00,22.655565854303823,22.97148011920447,22.429912807946213,22.520174026489258,414300,0.0,0.0
2000-06-30 00:00:00-04:00,22.56529658494138,23.558169634678798,22.520165991771496,23.0955810546875,784700,0.0,0.0
2000-07-03 00:00:00-04:00,22.836081860398245,23.91921617788749,22.836081860398245,23.603302001953125,103400,0.0,0.0
2000-07-05 00:00:00-04:00,22.926349775876158,24.23513745993208,22.47504367792584,24.054615020751953,317100,0.0,0.0
2000-07-06 00:00:00-04:00,24.00947463024948,25.543914738197753,24.00947463024948,24.280258178710938,557900,0.0,0.0
2000-07-07 00:00:00-04:00,24.64130139686692,26.175741410591232,24.64130139686692,25.634174346923828,341600,0.0,0.0
2000-07-10 00:00:00-04:00,26.536784981188703,27.48452730194544,26.4465238077833,27.39426612854004,384100,0.0,0.0
2000-07-11 00:00:00-04:00,27.394274840229436,27.43940544128418,26.311140414915588,27.43940544128418,427700,0.0,0.0
2000-07-12 00:00:00-04:00,27.439402758173582,27.619925144740513,26.672182615264123,26.852705001831055,298900,0.0,0.0
2000-07-13 00:00:00-04:00,26.76243791470221,27.66504964875625,26.76243791470221,27.39426612854004,318900,0.0,0.0
2000-07-14 00:00:00-04:00,27.529668050096525,27.93584348034385,27.25888442993164,27.25888442993164,195400,0.0,0.0
2000-07-17 00:00:00-04:00,27.168617248535156,27.30400902884347,26.897833687918528,27.168617248535156,226000,0.0,0.0
2000-07-18 00:00:00-04:00,27.123493045713843,27.755321502685547,27.03323183757503,27.755321502685547,253300,0.0,0.0
2000-07-19 00:00:00-04:00,27.71019089861614,27.800452106754953,27.52966848233851,27.755321502685547,294600,0.0,0.0
2000-07-20 00:00:00-04:00,27.755309477960616,27.755309477960616,27.48452597085856,27.574787139892578,83100,0.0,0.0
2000-07-21 00:00:00-04:00,27.484541418501838,27.80045568768002,27.349149588854047,27.665063858032227,176900,0.0,0.0
2000-07-24 00:00:00-04:00,27.574796416685107,27.665057616085058,27.304012818485255,27.484535217285156,140100,0.0,0.0
2000-07-25 00:00:00-04:00,27.845583378129703,28.883587296601313,27.845583378129703,28.34202003479004,517900,0.0,0.0
2000-07-26 00:00:00-04:00,28.342015728571813,28.612799318335238,27.66505675416325,27.845579147338867,261100,0.0,0.0
2000-07-27 00:00:00-04:00,27.755317950751056,28.43227692515962,27.755317950751056,27.845579147338867,237300,0.0,0.0
2000-07-28 00:00:00-04:00,27.935837606811525,28.61279651489258,27.935837606811525,28.206621170043945,320200,0.0,0.0
2000-07-31 00:00:00-04:00,28.11636492123704,28.477409735634946,27.89071191223835,27.935842514038086,273800,0.0,0.0
2000-08-01 00:00:00-04:00,27.980970908433964,28.29688509610983,27.980970908433964,28.1614933013916,322400,0.0,0.0
2000-08-02 00:00:00-04:00,28.251755539375015,29.064106337631802,28.251755539375015,28.522539138793945,633900,0.0,0.0
2000-08-03 00:00:00-04:00,27.84558023063882,27.935841430738133,27.304013030042928,27.890710830688477,208100,0.0,0.0
2000-08-04 00:00:00-04:00,27.980974523032586,28.251758147449028,27.665060294546734,27.755321502685547,97000,0.0,0.0
2000-08-07 00:00:00-04:00,27.84558379185664,27.890714397678124,27.574800156927726,27.800453186035156,88500,0.0,0.0
2000-08-08 00:00:00-04:00,27.800440062477627,27.800440062477627,27.258873048273514,27.574787139892578,212300,0.0,0.0
2000-08-09 00:00:00-04:00,27.574796553371716,27.574796553371716,26.356270355432212,26.536792755126953,231200,0.0,0.0
2000-08-10 00:00:00-04:00,26.627051455915467,27.30401039123535,26.581920860227477,27.30401039123535,196000,0.0,0.0
2000-08-11 00:00:00-04:00,26.98808941609496,27.168611753326367,26.807567078863556,26.94295883178711,199600,0.0,0.0
2000-08-14 00:00:00-04:00,26.80758167266846,27.258887761433922,26.80758167266846,27.078365325927734,165800,0.0,0.0
2000-08-15 00:00:00-04:00,26.94296802088545,27.529665816985133,26.852706821485498,27.484535217285156,197800,0.0,0.0
2000-08-16 00:00:00-04:00,27.304012818485255,27.710188215785035,27.168621019385327,27.484535217285156,221300,0.0,0.0
2000-08-17 00:00:00-04:00,27.48452730194544,27.48452730194544,26.94296026151302,27.39426612854004,174900,0.0,0.0
2000-08-18 00:00:00-04:00,27.529665816985133,27.619927016385084,27.304012818485255,27.484535217285156,75500,0.0,0.0
2000-08-21 00:00:00-04:00,27.52966848233851,27.800452106754953,27.03323183757503,27.755321502685547,148500,0.0,0.0
2000-08-22 00:00:00-04:00,28.07123155000677,28.47740692613227,27.800447965923105,28.296884536743164,221700,0.0,0.0
2000-08-23 00:00:00-04:00,28.25175563108574,28.25175563108574,27.349143630092584,27.890710830688477,130700,0.0,0.0
2000-08-24 00:00:00-04:00,27.890709545370346,27.890709545370346,26.71731399815412,27.123489379882812,199000,0.0,0.0
2000-08-25 00:00:00-04:00,27.213740844336645,27.213740844336645,26.49165153503418,26.49165153503418,174200,0.0,0.0
2000-08-28 00:00:00-04:00,26.62705483929864,26.71731604214372,26.040357020805622,26.175748825073242,237700,0.0,0.0
2000-08-29 00:00:00-04:00,26.356272822975093,26.491664635421884,25.904966781485793,26.401403427124023,140000,0.0,0.0
2000-08-30 00:00:00-04:00,26.31114566609011,26.852712986832955,26.2208844459663,26.627059936523438,137900,0.0,0.0
2000-08-31 00:00:00-04:00,26.536798348698593,26.85271261475453,25.85983920715016,26.13062286376953,152100,0.0,0.0
2000-09-01 00:00:00-04:00,26.13062273326673,26.13062273326673,25.679316641155044,25.72444725036621,123000,0.0,0.0
2000-09-05 00:00:00-04:00,25.859834104776382,26.085487107435863,25.859834104776382,25.99522590637207,82800,0.0,0.0
2000-09-06 00:00:00-04:00,25.99522590637207,26.04035650690397,25.859834104776382,25.99522590637207,171700,0.0,0.0
2000-09-07 00:00:00-04:00,25.724441653392354,25.724441653392354,24.551046069202528,24.77669906616211,606400,0.0,0.0
2000-09-08 00:00:00-04:00,21.66268765926361,23.28738923370838,21.48216526210308,23.10686683654785,1934400,0.0,0.0
2000-09-11 00:00:00-04:00,23.106862788370996,24.144866390192348,23.106862788370996,23.964344024658203,699600,0.0,0.0
2000-09-12 00:00:00-04:00,23.874086175513316,23.964347370883875,23.10686601486355,23.151996612548828,179700,0.0,0.0
2000-09-13 00:00:00-04:00,23.197128251967182,23.964348447071156,23.197128251967182,23.513042449951172,304700,0.0,0.0
2000-09-14 00:00:00-04:00,23.874088732401532,24.460786565144858,23.874088732401532,24.370525360107422,209600,0.0,0.0
2000-09-15 00:00:00-04:00,24.37052977151711,24.505921603581093,23.87409305394917,24.235137939453125,303500,0.0,0.0
2000-09-18 00:00:00-04:00,23.91921592593657,24.05460771419659,22.700689831596407,23.197126388549805,333100,0.0,0.0
2000-09-19 00:00:00-04:00,22.836084217927894,23.0166066228127,22.06886399716747,22.113994598388672,340800,0.0,0.0
2000-09-20 00:00:00-04:00,22.20425277012243,23.10686467134692,22.159122175061206,22.7006893157959,268100,0.0,0.0
2000-09-21 00:00:00-04:00,22.56529345483837,22.7006852155674,22.38477110719966,22.610424041748047,202000,0.0,0.0
2000-09-22 00:00:00-04:00,22.38477110719966,22.7006852155674,21.662681716644833,22.610424041748047,261000,0.0,0.0
2000-09-25 00:00:00-04:00,22.655565854303823,22.655565854303823,22.429912807946213,22.520174026489258,202200,0.0,0.0
2000-09-26 00:00:00-04:00,22.520162347763304,23.061729378170437,22.520162347763304,22.74581527709961,360600,0.0,0.0
2000-09-27 00:00:00-04:00,22.700694703680323,23.061739549862118,22.700694703680323,22.926347732543945,505600,0.0,0.0
2000-09-28 00:00:00-04:00,22.836083240807056,23.10686683654785,22.836083240807056,23.10686683654785,591800,0.0,0.0
2000-09-29 00:00:00-04:00,22.926345257843078,23.106867661448142,22.88121465694181,23.061737060546875,806800,0.0,0.0
2000-10-02 00:00:00-04:00,23.061740631673096,23.377654886901496,22.520173336995843,22.971479415893555,358000,0.0,0.0
2000-10-03 00:00:00-04:00,22.79095708611477,23.061740734662667,22.384781613292922,22.65556526184082,375700,0.0,0.0
2000-10-04 00:00:00-04:00,22.384778350709457,22.881214967358254,22.384778350709457,22.836084365844727,308900,0.0,0.0
2000-10-05 00:00:00-04:00,22.745819910857122,22.79095050591835,22.520166935551,22.7006893157959,179200,0.0,0.0
2000-10-06 00:00:00-04:00,22.745826376444697,22.971479415893555,22.655565160665155,22.971479415893555,326800,0.0,0.0
2000-10-09 00:00:00-04:00,22.836078883182665,22.971470655217345,22.294511795043945,22.294511795043945,246100,0.0,0.0
2000-10-10 00:00:00-04:00,22.33964288995621,22.33964288995621,20.89546395565601,21.21137809753418,304100,0.0,0.0
2000-10-11 00:00:00-04:00,21.07598900594631,21.798078565036548,20.94059721361689,21.48216438293457,289400,0.0,0.0
2000-10-12 00:00:00-04:00,21.707822908329057,21.707822908329057,21.346778036672855,21.391908645629883,356100,0.0,0.0
2000-10-13 00:00:00-04:00,21.25651139571887,21.572425577820848,21.25651139571887,21.48216438293457,201400,0.0,0.0
2000-10-16 00:00:00-04:00,21.437035943673745,21.66268895360715,21.346774739700383,21.57242774963379,214200,0.0,0.0
2000-10-17 00:00:00-04:00,21.5724194790107,21.66268064837895,20.760068954696493,21.07598304748535,220600,0.0,0.0
2000-10-18 00:00:00-04:00,20.895463386651997,20.940593977119928,20.444157481972688,20.714941024780273,141600,0.0,0.0
2000-10-19 00:00:00-04:00,20.850338425747186,21.437036260237907,20.805207823094054,21.34677505493164,143200,0.0,0.0
2000-10-20 00:00:00-04:00,21.482161647715465,21.482161647715465,21.121116914140416,21.21137809753418,243900,0.0,0.0
2000-10-23 00:00:00-04:00,21.166251052139152,21.301642849914032,21.075989853622566,21.12112045288086,209100,0.0,0.0
2000-10-24 00:00:00-04:00,21.12112011909485,21.707817900180817,21.12112011909485,21.662687301635742,272100,0.0,0.0
2000-10-25 00:00:00-04:00,21.66268597926228,21.66268597926228,20.66981287187943,20.895465850830078,403200,0.0,0.0
2000-10-26 00:00:00-04:00,20.94059181213379,20.985722397935803,20.850330640529766,20.94059181213379,366800,0.0,0.0
2000-10-27 00:00:00-04:00,20.940596446620205,20.940596446620205,20.714943467669556,20.895465850830078,305000,0.0,0.0
2000-10-30 00:00:00-05:00,20.85033336395913,21.391900464321704,20.80520277226225,21.21137809753418,219600,0.0,0.0
2000-10-31 00:00:00-05:00,21.6626886063033,25.543920314932638,21.6626886063033,25.137744903564453,950200,0.0,0.0
2000-11-01 00:00:00-05:00,24.731574286979413,25.137749777094037,23.513047816635535,23.73870086669922,334600,0.0,0.0
2000-11-02 00:00:00-05:00,23.648430177454973,25.09260911958963,23.648430177454973,24.686433792114258,288600,0.0,0.0
2000-11-03 00:00:00-05:00,24.505916338090316,24.91209174700894,24.280263333135526,24.4156551361084,185200,0.0,0.0
2000-11-06 00:00:00-05:00,24.370521265432377,24.77669661985625,24.370521265432377,24.596174240112305,148900,0.0,0.0
2000-11-07 00:00:00-05:00,24.50591546981061,24.86696026494594,24.37052367163486,24.77669906616211,126100,0.0,0.0
2000-11-08 00:00:00-05:00,25.273143065965563,25.40853490381895,24.641314489316425,25.00235939025879,172900,0.0,0.0
2000-11-09 00:00:00-05:00,25.00235718213595,25.00235718213595,23.197132836855374,23.46791648864746,446000,0.0,0.0
2000-11-10 00:00:00-05:00,23.64842985584842,24.18999695178388,23.10686275991296,23.332515716552734,187300,0.0,0.0
2000-11-13 00:00:00-05:00,23.197133184636684,23.37765562187121,23.061741356710787,23.242263793945312,121200,0.0,0.0
2000-11-14 00:00:00-05:00,23.24225698463648,24.05460771419659,23.151995792463133,23.197126388549805,153100,0.0,0.0
2000-11-15 00:00:00-05:00,23.332524220746265,24.099744552956487,23.28739361296919,24.009483337402344,86800,0.0,0.0
2000-11-16 00:00:00-05:00,24.099738329825318,24.099738329825318,22.836081638373802,22.88121223449707,325700,0.0,0.0
2000-11-17 00:00:00-05:00,22.881212215943098,23.603301753329863,22.881212215943098,23.197126388549805,128900,0.0,0.0
2000-11-20 00:00:00-05:00,23.19712285477986,23.693559336107832,22.926339319510056,23.287384033203125,93100,0.0,0.0
2000-11-21 00:00:00-05:00,23.19712285477986,23.287384033203125,22.74581696266352,23.287384033203125,264200,0.0,0.0
2000-11-22 00:00:00-05:00,23.287387580723152,23.287387580723152,22.74582042768308,23.197126388549805,124800,0.0,0.0
2000-11-24 00:00:00-05:00,23.197126388549805,23.287387580723152,22.836081619856426,23.197126388549805,54100,0.0,0.0
2000-11-27 00:00:00-05:00,23.33252537658459,23.82896208672469,23.287394766571854,23.73870086669922,181400,0.0,0.0
2000-11-28 00:00:00-05:00,23.64843853424012,23.64843853424012,22.790956984334468,22.971479415893555,177500,0.0,0.0
2000-11-29 00:00:00-05:00,22.908096670876496,23.677736282348633,22.817550834232716,23.677736282348633,198700,0.1,0.0
2000-11-30 00:00:00-05:00,23.58718315300914,23.723001865982322,22.908089588143234,23.49663734436035,144700,0.0,0.0
2000-12-01 00:00:00-05:00,23.49664194781081,24.17573564572442,23.49664194781081,24.085189819335938,144100,0.0,0.0
2000-12-04 00:00:00-05:00,24.08519675514915,24.583198943695464,23.768286271528762,24.40210723876953,239600,0.0,0.0
2000-12-05 00:00:00-05:00,24.537912148291912,25.307551459216196,24.492639247649304,24.673730850219727,136900,0.0,0.0
2000-12-06 00:00:00-05:00,24.80954970048936,24.80954970048936,24.356820691356344,24.58318519592285,253800,0.0,0.0
2000-12-07 00:00:00-05:00,24.6737382952484,26.348836124467095,24.628465380945187,25.76028823852539,252400,0.0,0.0
2000-12-08 00:00:00-05:00,25.896101120979555,28.06920051574707,25.896101120979555,28.06920051574707,452900,0.0,0.0
2000-12-11 00:00:00-05:00,27.84284030120385,27.84284030120385,26.348834236261204,26.756290435791016,310900,0.0,0.0
2000-12-12 00:00:00-05:00,26.258292988659864,26.348838826551795,25.398107528686523,25.398107528686523,149700,0.0,0.0
2000-12-13 00:00:00-05:00,25.443372570876534,25.624464190598076,25.171735141294224,25.533918380737305,193100,0.0,0.0
2000-12-14 00:00:00-05:00,25.533920615059987,25.98664970397949,24.990645708356585,25.352828979492188,119100,0.0,0.0
2000-12-15 00:00:00-05:00,24.854826068150178,24.900098975378135,23.723003387451172,23.723003387451172,317200,0.0,0.0
2000-12-18 00:00:00-05:00,23.587184349695843,25.126463174819946,23.587184349695843,24.990644454956055,178900,0.0,0.0
2000-12-19 00:00:00-05:00,24.80955536319255,26.30356143433371,24.402099161972234,25.669740676879883,291100,0.0,0.0
2000-12-20 00:00:00-05:00,25.262282880147296,25.262282880147296,24.13046017046328,24.447370529174805,200500,0.0,0.0
2000-12-21 00:00:00-05:00,24.40210775228647,26.03193313091785,24.40210775228647,25.896114349365234,375200,0.0,0.0
2000-12-22 00:00:00-05:00,25.89610363704485,26.303559813152198,25.352828735568384,25.4886474609375,282800,0.0,0.0
2000-12-26 00:00:00-05:00,25.398112150338978,26.03193313091785,25.398112150338978,25.896114349365234,80400,0.0,0.0
2000-12-27 00:00:00-05:00,25.669741556434435,26.213016510009766,25.1264666028591,26.213016510009766,182000,0.0,0.0
2000-12-28 00:00:00-05:00,26.122469680966862,26.801563346849886,26.122469680966862,26.756290435791016,103200,0.0,0.0
2000-12-29 00:00:00-05:00,26.801565672221937,28.023934376867196,26.801565672221937,27.52593231201172,301200,0.0,0.0
2001-01-02 00:00:00-05:00,27.435387432575226,27.435387432575226,25.669743686914444,26.077199935913086,350700,0.0,0.0
2001-01-03 00:00:00-05:00,26.122472537734147,27.525932934042224,26.077199621724212,27.209022521972656,504600,0.0,0.0
2001-01-04 00:00:00-05:00,26.846837731603962,26.846837731603962,25.71501489300346,25.986652374267578,570200,0.0,0.0
2001-01-05 00:00:00-05:00,25.986652277692965,25.986652277692965,24.583191963044044,25.035921096801758,341900,0.0,0.0
2001-01-08 00:00:00-05:00,25.081186807133815,25.17173260788159,24.53791200264716,24.7642765045166,261100,0.0,0.0
2001-01-09 00:00:00-05:00,24.76428138718623,24.76428138718623,23.81355029188292,24.17573356628418,283200,0.0,0.0
2001-01-10 00:00:00-05:00,24.402098693847655,25.0359194391424,23.99464250044389,24.900100708007812,372300,0.0,0.0
2001-01-11 00:00:00-05:00,25.17174627842047,25.17174627842047,24.221014854235527,24.719017028808594,238000,0.0,0.0
2001-01-12 00:00:00-05:00,24.311551804012723,24.537916345949526,23.67773108658967,24.447370529174805,344000,0.0,0.0
2001-01-16 00:00:00-05:00,24.17572879965606,24.900095205638262,23.90409139741273,24.7642765045166,228300,0.0,0.0
2001-01-17 00:00:00-05:00,24.76428361654713,25.26228566368062,24.76428361654713,25.035921096801758,222300,0.0,0.0
2001-01-18 00:00:00-05:00,25.126464435032435,25.488647706168038,24.900099890572683,25.352828979492188,321100,0.0,0.0
2001-01-19 00:00:00-05:00,25.262289986993274,25.262289986993274,24.673742012385905,24.809560775756836,203800,0.0,0.0
2001-01-22 00:00:00-05:00,24.80955472199813,24.80955472199813,23.85882361038871,23.949369430541992,214100,0.0,0.0
2001-01-23 00:00:00-05:00,24.03991045723102,24.628458170873213,24.03991045723102,24.537912368774414,237900,0.0,0.0
2001-01-24 00:00:00-05:00,24.537917261538297,24.80955472199813,23.90409652046535,23.949369430541992,644100,0.0,0.0
2001-01-25 00:00:00-05:00,24.08518880956313,24.7642824790057,24.039915898266962,24.628463745117188,146400,0.0,0.0
2001-01-26 00:00:00-05:00,24.49264451460405,24.945373618386007,24.49264451460405,24.900100708007812,207400,0.0,0.0
2001-01-29 00:00:00-05:00,24.80231259130042,25.04859733581543,24.6357058484245,25.04859733581543,216400,0.0,0.0
2001-01-30 00:00:00-05:00,24.990648199215666,25.28039595029941,24.80231409527877,24.92545509338379,164300,0.0,0.0
2001-01-31 00:00:00-05:00,25.070333243547395,25.31661804498961,24.77334299150588,24.809560775756836,158500,0.0,0.0
2001-02-01 00:00:00-05:00,24.91820890965755,25.164493632206966,24.62846120198568,24.990644454956055,280500,0.0,0.0
2001-02-02 00:00:00-05:00,24.94718631292043,25.026867086160856,24.12140877795504,24.179359436035156,109300,0.0,0.0
2001-02-05 00:00:00-05:00,24.324228513251263,24.86025817841351,24.012750695695264,24.48358726501465,154100,0.0,0.0
2001-02-06 00:00:00-05:00,24.80955815486771,25.823672586201905,24.80955815486771,25.171741485595703,376100,0.0,0.0
2001-02-07 00:00:00-05:00,25.026860940118564,25.026860940118564,24.70814068866695,24.831281661987305,159900,0.0,0.0
2001-02-08 00:00:00-05:00,24.954426125619193,25.0123740079175,24.671923636722642,24.773334503173828,89200,0.0,0.0
2001-02-09 00:00:00-05:00,24.66467201805543,25.222434401903666,24.382169602535527,24.490825653076172,131800,0.0,0.0
2001-02-12 00:00:00-05:00,24.556030229806023,25.099305210436782,24.50532478600631,24.758852005004883,124700,0.0,0.0
2001-02-13 00:00:00-05:00,24.845771618320693,25.823668099319733,24.845771618320693,25.396291732788086,228600,0.0,0.0
2001-02-14 00:00:00-05:00,25.396297699059726,25.787453620113318,25.026869131702842,25.620849609375,334600,0.0,0.0
2001-02-15 00:00:00-05:00,25.35283240721323,26.055468932449763,25.35283240721323,25.772966384887695,269300,0.0,0.0
2001-02-16 00:00:00-05:00,25.7729602494659,25.7729602494659,25.483212557064018,25.649816513061523,274700,0.0,0.0
2001-02-20 00:00:00-05:00,25.606354330982096,26.084436104128446,25.53391878723584,26.062705993652344,327400,0.0,0.0
2001-02-21 00:00:00-05:00,26.207585665731028,26.41040744386333,26.004763887598727,26.127904891967773,211600,0.0,0.0
2001-02-22 00:00:00-05:00,25.983032583129052,26.14963659143637,24.99065098441169,25.265911102294922,119300,0.0,0.0
2001-02-23 00:00:00-05:00,25.26589894666021,25.26589894666021,23.44049542138346,23.853384017944336,232300,0.0,0.0
2001-02-26 00:00:00-05:00,24.01274567102951,24.99063914080932,23.97652514284346,24.700891494750977,429900,0.0,0.0
2001-02-27 00:00:00-05:00,24.628465235292495,24.90372532633514,23.962049267045366,24.237306594848633,247300,0.0,0.0
2001-02-28 00:00:00-05:00,24.237303557539253,24.700897697048582,23.795439529807226,24.650192260742188,260600,0.0,0.0
2001-03-01 00:00:00-05:00,24.592248784608607,24.729877455941715,23.773713680942315,24.461862564086914,211400,0.0,0.0
2001-03-02 00:00:00-05:00,24.46186067935322,24.97616030776337,23.621595524753776,23.751981735229492,284000,0.0,0.0
2001-03-05 00:00:00-05:00,23.751981434091366,23.751981434091366,21.875871832965053,22.02074432373047,762800,0.0,0.0
2001-03-06 00:00:00-05:00,22.63645369379994,23.53466939219507,22.63645369379994,23.346332550048828,242000,0.0,0.0
2001-03-07 00:00:00-05:00,23.20146054110483,23.215948204211074,22.672673272303296,23.078319549560547,281400,0.0,0.0
2001-03-08 00:00:00-05:00,23.368072559945027,24.048979143955748,23.360830107520297,23.469486236572266,301300,0.0,0.0
2001-03-09 00:00:00-05:00,23.469478372347236,23.469478372347236,23.01312665178092,23.020370483398438,265100,0.0,0.0
2001-03-12 00:00:00-05:00,23.020369905816835,23.020369905816835,22.267028015931725,22.296003341674805,200500,0.0,0.0
2001-03-13 00:00:00-05:00,22.29600388363148,22.29600388363148,21.73824128409569,22.056962966918945,281600,0.0,0.0
2001-03-14 00:00:00-05:00,22.064211834013108,22.064211834013108,21.731003772676342,21.897607803344727,290300,0.0,0.0
2001-03-15 00:00:00-05:00,21.912089097921207,22.332221660071113,21.730997452483845,22.056962966918945,409800,0.0,0.0
2001-03-16 00:00:00-05:00,22.274270755051315,22.962419509887695,21.86138205479729,22.962419509887695,521200,0.0,0.0
2001-03-19 00:00:00-05:00,22.09318047591323,22.81030321736983,21.839651899046043,22.759597778320312,591000,0.0,0.0
2001-03-20 00:00:00-05:00,22.60023781130802,22.7451102980969,21.68753575622162,21.73824119567871,335400,0.0,0.0
2001-03-21 00:00:00-05:00,21.98452457831403,22.09317928206586,21.44124967793536,21.752727508544922,381200,0.0,0.0
2001-03-22 00:00:00-05:00,21.622344109252143,21.622344109252143,20.608231106979783,20.82554054260254,347600,0.0,0.0
2001-03-23 00:00:00-05:00,20.89797685837226,21.115286287513463,20.7386153208237,20.999387741088867,745700,0.0,0.0
2001-03-26 00:00:00-05:00,20.999388019246343,21.339839831175752,20.825540197306665,21.00663185119629,290100,0.0,0.0
2001-03-27 00:00:00-05:00,20.861759463431817,21.15150723561763,20.390921406059526,20.869003295898438,925300,0.0,0.0
2001-03-28 00:00:00-05:00,20.608229349175705,20.75310183336057,20.24604606628418,20.24604606628418,433000,0.0,0.0
2001-03-29 00:00:00-05:00,20.41264663079506,21.58611949739242,20.405402800554413,21.165987014770508,244500,0.0,0.0
2001-03-30 00:00:00-05:00,21.006633069955853,21.622345005226787,20.71688668324593,20.861759185791016,347400,0.0,0.0
2001-04-02 00:00:00-04:00,20.78932521899938,21.47747276748509,20.78932521899938,21.10804557800293,318200,0.0,0.0
2001-04-03 00:00:00-04:00,20.948680239178298,20.948680239178298,19.85488660596662,19.97078514099121,233500,0.0,0.0
2001-04-04 00:00:00-04:00,19.970787298896724,20.774834681426732,19.970787298896724,20.687910079956055,213600,0.0,0.0
2001-04-05 00:00:00-04:00,20.75310192173298,21.56439308677732,20.75310192173298,21.477468490600586,160700,0.0,0.0
2001-04-06 00:00:00-04:00,21.46297970532589,21.46297970532589,19.99251653165235,20.78931999206543,308700,0.0,0.0
2001-04-09 00:00:00-04:00,20.2822641783824,20.753102177628072,19.818670010709074,20.06495475769043,464700,0.0,0.0
2001-04-10 00:00:00-04:00,20.35470547379451,20.608234106670615,20.224319240794234,20.282268524169922,421500,0.0,0.0
2001-04-11 00:00:00-04:00,20.35470547379451,20.35470547379451,20.108420674042854,20.282268524169922,250900,0.0,0.0
2001-04-12 00:00:00-04:00,20.282268524169922,20.35470547379451,20.209831574545337,20.282268524169922,313200,0.0,0.0
2001-04-16 00:00:00-04:00,20.282267107476123,20.427140996606017,20.10117543687366,20.2315616607666,219100,0.0,0.0
2001-04-17 00:00:00-04:00,20.180851951058898,20.73861312866211,20.12290268397209,20.73861312866211,150000,0.0,0.0
2001-04-18 00:00:00-04:00,20.883484478045165,22.74510601385761,20.883484478045165,21.730993270874023,620800,0.0,0.0
2001-04-19 00:00:00-04:00,21.803437234887898,22.542291576368186,21.803437234887898,22.47709846496582,168200,0.0,0.0
2001-04-20 00:00:00-04:00,22.672670328192734,22.672670328192734,21.5643904952507,21.58612060546875,672600,0.0,0.0
2001-04-23 00:00:00-04:00,21.586123626741617,21.622342784873435,21.33259642791696,21.61509895324707,106300,0.0,0.0
2001-04-24 00:00:00-04:00,20.970410058159842,22.136639146426326,20.789318438941258,21.69477653503418,501500,0.0,0.0
2001-04-25 00:00:00-04:00,21.549908576334783,22.564021644779523,21.549908576334783,22.158376693725586,438300,0.0,0.0
2001-04-26 00:00:00-04:00,22.093180056887608,22.230810089997107,22.064204731340524,22.165616989135742,556500,0.0,0.0
2001-04-27 00:00:00-04:00,22.172862432591124,23.556402550803895,22.172862432591124,23.37531089782715,347700,0.0,0.0
2001-04-30 00:00:00-04:00,23.259409729438424,23.831659951537713,23.21594674285552,23.433256149291992,347000,0.0,0.0
2001-05-01 00:00:00-04:00,23.288392333427836,23.59987025987106,23.10729926263113,23.41153335571289,112900,0.0,0.0
2001-05-02 00:00:00-04:00,23.556396658326896,24.048966052269815,23.324599621558306,23.686782836914062,242200,0.0,0.0
2001-05-03 00:00:00-04:00,23.5274266411388,23.5274266411388,22.527801349348113,22.8537654876709,143500,0.0,0.0
2001-05-04 00:00:00-04:00,22.998644297600027,22.998644297600027,22.201840596792263,22.564023971557617,283100,0.0,0.0
2001-05-07 00:00:00-04:00,22.73062322323295,23.462233652553664,22.73062322323295,23.186973571777344,152700,0.0,0.0
2001-05-08 00:00:00-04:00,22.962421090161605,22.962421090161605,22.056962867073523,22.194591522216797,276300,0.0,0.0
2001-05-09 00:00:00-04:00,22.37568607769208,22.991398025813993,21.97004112783167,22.093183517456055,625200,0.0,0.0
2001-05-10 00:00:00-04:00,23.0710715390361,23.397035610165606,22.382922863952675,23.005878448486328,459300,0.0,0.0
2001-05-11 00:00:00-04:00,22.889990380648634,23.324610722244614,22.708898686785304,23.17249298095703,184100,0.0,0.0
2001-05-14 00:00:00-04:00,23.360823476187235,24.259039300089213,23.360823476187235,23.838905334472656,495200,0.0,0.0
2001-05-15 00:00:00-04:00,23.838904954466866,23.838904954466866,23.389798431294572,23.751981735229492,137700,0.0,0.0
2001-05-16 00:00:00-04:00,23.469477666701184,24.360448204573252,23.462232453681896,24.2807674407959,132900,0.0,0.0
2001-05-17 00:00:00-04:00,24.41115379333496,24.84577262704263,23.904096645183245,24.41115379333496,273800,0.0,0.0
2001-05-18 00:00:00-04:00,24.411151258283095,24.809552275015125,24.048968013392365,24.773334503173828,219800,0.0,0.0
2001-05-21 00:00:00-04:00,24.737117283172363,25.084812874435254,24.57051055515573,24.990644454956055,420100,0.0,0.0
2001-05-22 00:00:00-04:00,24.918209752490082,25.990271885955114,24.81679611710746,25.91059112548828,491700,0.0,0.0
2001-05-23 00:00:00-04:00,25.838152783439007,25.845397996148566,24.157622655893658,24.316984176635742,266700,0.0,0.0
2001-05-24 00:00:00-04:00,24.230067661201012,24.237310112672535,23.759228181598388,23.94756507873535,225000,0.0,0.0
2001-05-25 00:00:00-04:00,23.904099753981725,23.904099753981725,22.600240320048805,23.252168655395508,430600,0.0,0.0
2001-05-29 00:00:00-04:00,23.179732063726295,24.15762590486899,22.897229521317932,23.32460594177246,375300,0.0,0.0
2001-05-30 00:00:00-04:00,23.32460679434631,23.651587833338585,23.25194557316932,23.25921058654785,409600,0.1,0.0
2001-05-31 00:00:00-04:00,23.259210508959768,23.38273791076608,22.53258859814605,23.25194549560547,426100,0.0,0.0
2001-06-01 00:00:00-04:00,23.397270827431484,23.622522276574568,23.106620398530055,23.615257263183594,316900,0.0,0.0
2001-06-04 00:00:00-04:00,23.607978315089003,23.833229631276595,23.17926932409899,23.57891273498535,210000,0.0,0.0
2001-06-05 00:00:00-04:00,23.578922765076264,23.651583974398008,23.360936365263566,23.607988357543945,251200,0.0,0.0
2001-06-06 00:00:00-04:00,23.440865968019583,23.673387969453852,23.106619921970108,23.346406936645508,336500,0.0,0.0
2001-06-07 00:00:00-04:00,23.106612000557142,23.397262323823284,22.88862564403099,23.033950805664062,274600,0.0,0.0
2001-06-08 00:00:00-04:00,23.041224409149237,23.041224409149237,22.525322526211763,22.56165313720703,235300,0.0,0.0
2001-06-11 00:00:00-04:00,22.670644787277016,22.670644787277016,22.162007984092266,22.46718978881836,333000,0.0,0.0
2001-06-12 00:00:00-04:00,22.307331564531328,22.46718816078563,22.154739980263585,22.162006378173828,212600,0.0,0.0
2001-06-13 00:00:00-04:00,22.307328553167768,22.87409365441981,22.234665969798055,22.329126358032227,309400,0.0,0.0
2001-06-14 00:00:00-04:00,22.270996949910394,22.329126740416932,21.98034799737771,22.176536560058594,265300,0.0,0.0
2001-06-15 00:00:00-04:00,22.162006378173828,22.597980551322642,22.053013181367547,22.162006378173828,521300,0.0,0.0
2001-06-18 00:00:00-04:00,22.169270163004835,22.307328935179182,22.05301058199176,22.176536560058594,118500,0.0,0.0
2001-06-19 00:00:00-04:00,22.270996695070405,22.343659278853004,22.23466609614086,22.278263092041016,263300,0.0,0.0
2001-06-20 00:00:00-04:00,22.278262980343452,22.59797751582981,22.270996583409275,22.532581329345703,173000,0.0,0.0
2001-06-21 00:00:00-04:00,22.53258903757518,23.03395951016057,22.53258903757518,22.924964904785156,281200,0.0,0.0
2001-06-22 00:00:00-04:00,22.924962525471404,22.96129451880041,22.053015474432705,22.45265769958496,275300,0.0,0.0
2001-06-25 00:00:00-04:00,22.34366155577411,22.59797993196765,22.28553176000904,22.35819435119629,119000,0.0,0.0
2001-06-26 00:00:00-04:00,21.94401813570322,22.031212131432376,21.508043999286706,21.69696617126465,436300,0.0,0.0
2001-06-27 00:00:00-04:00,21.769631522818464,22.162008736177842,21.638840504289174,21.80596351623535,401500,0.0,0.0
2001-06-28 00:00:00-04:00,21.83502054516114,22.1547350524807,21.81322274220249,21.893150329589844,199200,0.0,0.0
2001-06-29 00:00:00-04:00,21.90768804750035,21.929487241283315,21.580708456298073,21.726032257080078,595600,0.0,0.0
2001-07-02 00:00:00-04:00,21.726025832709606,21.762357811604538,21.566169283341765,21.740558624267578,340500,0.0,0.0
2001-07-03 00:00:00-04:00,21.726034516642034,21.835027725045027,21.47898250510254,21.80596351623535,288300,0.0,0.0
2001-07-05 00:00:00-04:00,22.089348327552734,22.48899197925862,21.820498479204606,22.1184139251709,608000,0.0,0.0
2001-07-06 00:00:00-04:00,22.053012723678982,22.053012723678982,21.74783094740093,21.900421142578125,233700,0.0,0.0
2001-07-09 00:00:00-04:00,22.04574735264792,22.3073321404757,21.61703956634071,22.19833755493164,253000,0.0,0.0
2001-07-10 00:00:00-04:00,22.16200760176831,22.220137402335997,21.907689204563262,21.973085403442383,305300,0.0,0.0
2001-07-11 00:00:00-04:00,22.118408917590255,22.125675315349692,21.72603175412262,21.900421142578125,156300,0.0,0.0
2001-07-12 00:00:00-04:00,22.01668147317509,22.067546259196817,21.798695076776806,21.85682487487793,197000,0.0,0.0
2001-07-13 00:00:00-04:00,21.929489274035642,21.936755672636853,21.76236626397922,21.878625869750977,270800,0.0,0.0
2001-07-16 00:00:00-04:00,21.944018413256156,22.888627899169922,21.944018413256156,22.706972122192383,237900,0.0,0.0
2001-07-17 00:00:00-04:00,22.815963063214454,23.288267759636753,22.568911119992308,23.033950805664062,212600,0.0,0.0
2001-07-18 00:00:00-04:00,22.961296901884953,23.08482292017631,22.561653249331037,22.924964904785156,231800,0.0,0.0
2001-07-19 00:00:00-04:00,22.92495331277709,23.106609048649883,22.234662348014446,22.743297576904297,432600,0.0,0.0
2001-07-20 00:00:00-04:00,22.830501548206772,23.77511256246636,22.52531974143426,23.273740768432617,154300,0.0,0.0
2001-07-23 00:00:00-04:00,23.28100763125351,23.6879148429442,23.041220648495074,23.331871032714844,258300,0.0,0.0
2001-07-24 00:00:00-04:00,23.331877089433014,23.42633890460289,22.96129900068587,23.05575942993164,116200,0.0,0.0
2001-07-25 00:00:00-04:00,23.06302098214116,23.215612579985216,22.699709369846705,22.961294174194336,93900,0.0,0.0
2001-07-26 00:00:00-04:00,22.97582680456187,23.310074206127364,22.93949481204181,23.215612411499023,103200,0.0,0.0
2001-07-27 00:00:00-04:00,23.215609635730015,23.513525009155273,23.18654404518919,23.513525009155273,94400,0.0,0.0
2001-07-30 00:00:00-04:00,23.46992434873137,23.491724925447805,23.18654179804085,23.43359375,148200,0.0,0.0
2001-07-31 00:00:00-04:00,23.433593497890197,23.56438586939362,23.353664518432886,23.535320281982422,150900,0.0,0.0
2001-08-01 00:00:00-04:00,23.535322816137253,23.549855611407665,23.106615057125563,23.513525009155273,174500,0.0,0.0
2001-08-02 00:00:00-04:00,23.513524673603165,23.513524673603165,22.7433031663465,22.997621536254883,463400,0.0,0.0
2001-08-03 00:00:00-04:00,23.10661798755783,23.12841718322807,22.663378762986785,22.961294174194336,129500,0.0,0.0
2001-08-06 00:00:00-04:00,23.14293981974057,23.397258113876372,23.07027725199845,23.157472610473633,173900,0.0,0.0
2001-08-07 00:00:00-04:00,23.164740317753704,23.520785416640656,22.64157226374248,22.88862419128418,523900,0.0,0.0
2001-08-08 00:00:00-04:00,22.99762670634197,23.65158738603472,22.961296096440567,23.346406936645508,298600,0.0,0.0
2001-08-09 00:00:00-04:00,23.215617459934787,23.615259763094436,23.05575942993164,23.05575942993164,273800,0.0,0.0
2001-08-10 00:00:00-04:00,23.14295121531549,23.542594841719808,23.14295121531549,23.360939025878906,165700,0.0,0.0
2001-08-13 00:00:00-04:00,23.397268526655537,23.767845153808594,23.21561271941729,23.767845153808594,422600,0.0,0.0
2001-08-14 00:00:00-04:00,22.329134098142465,22.743309165217784,21.94402462885965,22.692445755004883,1804200,0.0,0.0
2001-08-15 00:00:00-04:00,22.779639498474292,22.8159701071371,22.488990471400193,22.619781494140625,457700,0.0,0.0
2001-08-16 00:00:00-04:00,22.56164660551796,22.74330237975216,22.30732963032894,22.597978591918945,331400,0.0,0.0
2001-08-17 00:00:00-04:00,22.597980739535895,22.670643333319834,21.980350771257953,22.525318145751953,327400,0.0,0.0
2001-08-20 00:00:00-04:00,22.525320300319144,22.6197807111269,22.016683481103694,22.45265769958496,698900,0.0,0.0
2001-08-21 00:00:00-04:00,22.52531818137993,23.37546595644848,22.52531818137993,23.142948150634766,552800,0.0,0.0
2001-08-22 00:00:00-04:00,23.10661798755783,23.113884386114574,22.488989355396306,22.961294174194336,359800,0.0,0.0
2001-08-23 00:00:00-04:00,22.96855424696843,23.055748233787618,22.888625270781315,22.954021453857422,161800,0.0,0.0
2001-08-24 00:00:00-04:00,22.954029000530088,23.433600243476157,22.92496340475208,23.360939025878906,229900,0.0,0.0
2001-08-27 00:00:00-04:00,23.28827016405459,23.28827016405459,23.084816579870697,23.092082977294922,265500,0.0,0.0
2001-08-28 00:00:00-04:00,23.09934829965856,23.157478090423353,22.765100963318332,23.02668571472168,418900,0.0,0.0
2001-08-29 00:00:00-04:00,23.172011290697586,23.172011290697586,22.77963551917141,22.874095916748047,284500,0.0,0.0
2001-08-30 00:00:00-04:00,22.728773131162246,22.728773131162246,22.016681375188075,22.525318145751953,303900,0.0,0.0
2001-08-31 00:00:00-04:00,22.525314081283007,22.597976661955705,22.234665144515656,22.394521713256836,387700,0.0,0.0
2001-09-04 00:00:00-04:00,22.307331942203017,22.358195342512172,21.798695167264036,22.038480758666992,978200,0.0,0.0
2001-09-05 00:00:00-04:00,21.856822262493484,21.958549050530873,21.435380930151183,21.871355056762695,671200,0.0,0.0
2001-09-06 00:00:00-04:00,21.871359471149763,22.05301527840861,21.73330066957437,21.878625869750977,289600,0.0,0.0
2001-09-07 00:00:00-04:00,21.617032609863248,21.617032609863248,21.10113098424918,21.27552032470703,299300,0.0,0.0
2001-09-10 00:00:00-04:00,21.275528307454394,21.275528307454394,20.781424297803756,21.181066513061523,462400,0.0,0.0
2001-09-17 00:00:00-04:00,20.74508589081643,20.74508589081643,19.858606338500977,19.858606338500977,418500,0.0,0.0
2001-09-18 00:00:00-04:00,19.69148528260698,19.793212067921758,19.015725612333657,19.626089096069336,709600,0.0,0.0
2001-09-19 00:00:00-04:00,19.618821365528962,19.836807715221028,18.746873194913864,19.429899215698242,898600,0.0,0.0
2001-09-20 00:00:00-04:00,19.117457422974734,19.117457422974734,17.58428329959983,17.7586727142334,1083000,0.0,0.0
2001-09-21 00:00:00-04:00,17.286366841866407,18.092917663038545,16.995716448947082,17.693275451660156,522000,0.0,0.0
2001-09-24 00:00:00-04:00,18.274571633787808,18.565220611648368,18.129247837819353,18.521623611450195,418300,0.0,0.0
2001-09-25 00:00:00-04:00,18.666941880083613,19.001187734355167,18.34722742988068,18.710538864135742,509000,0.0,0.0
2001-09-26 00:00:00-04:00,18.935801243390852,18.986664648435113,17.95485959235893,18.092918395996094,564100,0.0,0.0
2001-09-27 00:00:00-04:00,18.09291741382041,18.09291741382041,17.577015606750017,17.76593780517578,803600,0.0,0.0
2001-09-28 00:00:00-04:00,17.93306590328671,19.291850898015113,17.93306590328671,19.131994247436523,428300,0.0,0.0
2001-10-01 00:00:00-04:00,19.081123167277926,19.088389564739167,18.318168064931097,18.485292434692383,403000,0.0,0.0
2001-10-02 00:00:00-04:00,18.3109001820549,18.928528624250028,17.874926104211042,18.16557502746582,769300,0.0,0.0
2001-10-03 00:00:00-04:00,18.092920410527032,18.550693878743203,17.70781093749882,18.45623207092285,596200,0.0,0.0
2001-10-04 00:00:00-04:00,18.49255761278278,19.400836446693063,18.49255761278278,19.37177085876465,455600,0.0,0.0
2001-10-05 00:00:00-04:00,19.22644520006716,19.22644520006716,18.64514731557607,19.110185623168945,664400,0.0,0.0
2001-10-08 00:00:00-04:00,19.073853997189673,19.27004254235381,18.96486082296184,19.219179153442383,205200,0.0,0.0
2001-10-09 00:00:00-04:00,19.25551671720499,19.604295555309985,19.182854112785474,19.444438934326172,435300,0.0,0.0
2001-10-10 00:00:00-04:00,19.44443813176021,20.381781393719187,19.44443813176021,20.309120178222656,606200,0.0,0.0
2001-10-11 00:00:00-04:00,20.381775550322573,21.65336585988446,20.381775550322573,21.028470993041992,574200,0.0,0.0
2001-10-12 00:00:00-04:00,20.81775597542395,21.290060813917908,20.63610016170136,21.21739959716797,470400,0.0,0.0
2001-10-15 00:00:00-04:00,21.144736924064645,21.435385947867914,20.56343749053425,21.035743713378906,230000,0.0,0.0
2001-10-16 00:00:00-04:00,21.181060694867423,21.973079895262284,21.035736922839643,21.435379028320312,580400,0.0,0.0
2001-10-17 00:00:00-04:00,21.435383593583513,21.798695179915438,20.99940941280046,21.188331604003906,348600,0.0,0.0
2001-10-18 00:00:00-04:00,20.854083964052514,21.435381901939046,20.49077240639253,21.11566734313965,527200,0.0,0.0
2001-10-19 00:00:00-04:00,21.122934079133504,21.253726463735042,20.643362926210298,21.224660873413086,395800,0.0,0.0
2001-10-22 00:00:00-04:00,21.224661690995372,21.704234248315533,21.10840209707645,21.56617546081543,271300,0.0,0.0
2001-10-23 00:00:00-04:00,21.56617621398839,21.94402060038249,21.20286462382261,21.319124221801758,405400,0.0,0.0
2001-10-24 00:00:00-04:00,21.319117264962376,21.50803939651049,21.064798957650556,21.072065353393555,299700,0.0,0.0
2001-10-25 00:00:00-04:00,20.75962823666029,21.06481008952572,20.75962823666029,20.963083267211914,338500,0.0,0.0
2001-10-26 00:00:00-04:00,20.941283777936338,21.573446673645922,20.941283777936338,21.449920654296875,309500,0.0,0.0
2001-10-29 00:00:00-05:00,21.449916711004033,21.544377115059028,20.70876073116181,20.85408592224121,277000,0.0,0.0
2001-10-30 00:00:00-05:00,20.72329518127768,20.846821187776047,20.527106573440772,20.75235939025879,210400,0.0,0.0
2001-10-31 00:00:00-05:00,20.708762383825203,20.854087586502285,20.490775965733423,20.75235939025879,677200,0.0,0.0
2001-11-01 00:00:00-05:00,20.708760282621416,20.708760282621416,20.27278610474991,20.592500686645508,684500,0.0,0.0
2001-11-02 00:00:00-05:00,20.592502563779433,20.781424770942635,19.982138936305645,20.621566772460938,467700,0.0,0.0
2001-11-05 00:00:00-05:00,21.835024246589334,21.973083027732212,21.544375275175604,21.711498260498047,624300,0.0,0.0
2001-11-06 00:00:00-05:00,21.653370969783857,22.336397171020508,21.587974770414192,22.336397171020508,438600,0.0,0.0
2001-11-07 00:00:00-05:00,22.336395352279986,22.728772516548688,22.270999158235202,22.721506118774414,354100,0.0,0.0
2001-11-08 00:00:00-05:00,22.67064859076054,22.92496564909622,22.576186781158125,22.88136863708496,585300,0.0,0.0
2001-11-09 00:00:00-05:00,22.88136479824867,22.88136479824867,22.379994393500706,22.46718978881836,339100,0.0,0.0
2001-11-12 00:00:00-05:00,22.452659166055593,22.786906596894305,22.2710033453174,22.779640197753906,259300,0.0,0.0
2001-11-13 00:00:00-05:00,22.917694804530452,23.41179876802571,22.779636018042385,23.375465393066406,271300,0.0,0.0
2001-11-14 00:00:00-05:00,23.72425115475128,23.81871018523773,23.44813353276912,23.629789352416992,332100,0.0,0.0
2001-11-15 00:00:00-05:00,23.637051422571734,23.98583022024792,23.506259026962226,23.804174423217773,179400,0.0,0.0
2001-11-16 00:00:00-05:00,23.978562106638257,24.000359912471392,23.79690633310312,23.96402931213379,181500,0.0,0.0
2001-11-19 00:00:00-05:00,23.97129658409008,24.218348541703044,23.586184467552563,24.167482376098633,191000,0.0,0.0
2001-11-20 00:00:00-05:00,24.16748830062689,24.23288450461029,23.724250442348023,24.058496475219727,409200,0.0,0.0
2001-11-21 00:00:00-05:00,24.16022208305065,24.16022208305065,23.94223567125731,24.043962478637695,476600,0.0,0.0
2001-11-23 00:00:00-05:00,23.94223520852385,24.51626820690177,23.898636818268766,24.4290714263916,140000,0.0,0.0
2001-11-26 00:00:00-05:00,24.436336978984162,24.70518676471826,24.32007738743585,24.697921752929688,572700,0.0,0.0
2001-11-27 00:00:00-05:00,24.69792285091487,24.705187863026424,24.269215068300223,24.356409072875977,330000,0.0,0.0
2001-11-28 00:00:00-05:00,24.23288037574119,24.23288037574119,23.898634399819294,23.985828399658203,500500,0.0,0.0
2001-11-29 00:00:00-05:00,23.978547232715528,24.124311246314495,23.72345464837665,23.934816360473633,986700,0.1,0.0
2001-11-30 00:00:00-05:00,24.05142708563919,24.117021997992648,23.73802947998047,23.73802947998047,604800,0.0,0.0
2001-12-03 00:00:00-05:00,23.468365409690897,23.614132207071915,23.242426734736796,23.286157608032227,555100,0.0,0.0
2001-12-04 00:00:00-05:00,23.395478454184428,23.87650689480393,23.395478454184428,23.6141300201416,460800,0.0,0.0
2001-12-05 00:00:00-05:00,23.614133227980073,24.270079674147528,23.614133227980073,24.014989852905273,1071500,0.0,0.0
2001-12-06 00:00:00-05:00,24.197192793694125,24.56160833944172,24.153461927307223,24.53974151611328,1202200,0.0,0.0
2001-12-07 00:00:00-05:00,24.590765313871177,25.020775822634622,24.53245748475802,24.99890899658203,295300,0.0,0.0
2001-12-10 00:00:00-05:00,24.969755870624738,25.144676583218278,24.342963369484696,24.547035217285156,239300,0.0,0.0
2001-12-11 00:00:00-05:00,24.437708900175,24.54703469073465,24.03685230190686,24.423131942749023,434500,0.0,0.0
2001-12-12 00:00:00-05:00,24.56890086072443,24.56890086072443,24.124313351743684,24.372116088867188,84500,0.0,0.0
2001-12-13 00:00:00-05:00,24.153459380953112,24.590759657910265,24.153459380953112,24.211767196655273,262600,0.0,0.0
2001-12-14 00:00:00-05:00,24.38668623969216,24.48143505456652,24.31380424687792,24.41584014892578,198500,0.0,0.0
2001-12-17 00:00:00-05:00,24.452287673950195,24.87501112989295,24.401269709304763,24.452287673950195,335300,0.0,0.0
2001-12-18 00:00:00-05:00,24.598047939294013,24.93330955505371,24.598047939294013,24.93330955505371,344200,0.0,0.0
2001-12-19 00:00:00-05:00,24.933307033196968,24.99161484583324,24.561604458584096,24.576181411743164,355500,0.0,0.0
2001-12-20 00:00:00-05:00,24.598049550203957,24.845852234661255,24.204480090135895,24.496013641357422,348400,0.0,0.0
2001-12-21 00:00:00-05:00,24.52516572817119,24.802119522932784,24.233632198636073,24.46685791015625,279900,0.0,0.0
2001-12-24 00:00:00-05:00,24.503296197831336,24.78025274224958,24.452278252842383,24.70737075805664,48300,0.0,0.0
2001-12-26 00:00:00-05:00,24.685510770414176,25.093657223551745,24.670933813487448,24.911449432373047,156400,0.0,0.0
2001-12-27 00:00:00-05:00,24.94059904423899,25.137383758401146,24.80940923479755,25.03534507751465,269900,0.0,0.0
2001-12-28 00:00:00-05:00,25.10822713817977,25.36331686217486,24.998901382027896,25.27585792541504,134900,0.0,0.0
2001-12-31 00:00:00-05:00,25.181107701232595,25.181107701232595,24.56160253204673,24.568889617919922,261600,0.0,0.0
2002-01-02 00:00:00-05:00,24.598043986733863,24.612620939024993,23.83277206320046,24.444990158081055,527400,0.0,0.0
2002-01-03 00:00:00-05:00,24.452283830865863,24.99890717781638,24.452283830865863,24.96975326538086,317200,0.0,0.0
2002-01-04 00:00:00-05:00,25.071788271871338,25.837060289007848,25.071788271871338,25.742311477661133,478900,0.0,0.0
2002-01-07 00:00:00-05:00,25.56010557736797,25.691295393287202,25.217554082437772,25.501800537109375,442800,0.0,0.0
2002-01-08 00:00:00-05:00,25.501803454387332,25.800624118104732,25.326882753061675,25.727739334106445,285300,0.0,0.0
2002-01-09 00:00:00-05:00,25.727738094208632,26.565894998039106,25.727738094208632,26.070289611816406,748500,0.0,0.0
2002-01-10 00:00:00-05:00,26.019273718605497,26.07029167885554,25.54553233883187,25.76418113708496,389000,0.0,0.0
2002-01-11 00:00:00-05:00,25.727734542873367,25.807906400206097,25.363319031557115,25.749601364135742,344400,0.0,0.0
2002-01-14 00:00:00-05:00,25.851638925633086,25.851638925633086,25.44349252580358,25.552818298339844,293600,0.0,0.0
2002-01-15 00:00:00-05:00,25.55281018068223,25.764169010693696,24.991610101800813,25.40704345703125,317000,0.0,0.0
2002-01-16 00:00:00-05:00,25.479925189593207,25.603827876627864,25.151950759523793,25.18110466003418,179600,0.0,0.0
2002-01-17 00:00:00-05:00,25.181114628702474,25.326881408691406,24.96246584885412,25.326881408691406,242100,0.0,0.0
2002-01-18 00:00:00-05:00,25.10823692321915,25.290444734301627,24.93331620126093,24.955183029174805,189400,0.0,0.0
2002-01-22 00:00:00-05:00,24.962462012765727,25.181110759013396,24.70737227218839,24.8021183013916,249000,0.0,0.0
2002-01-23 00:00:00-05:00,24.27007023238569,24.940596156364975,24.233629240709192,24.78025245666504,896200,0.0,0.0
2002-01-24 00:00:00-05:00,24.831277331865547,25.567398358433252,24.831277331865547,25.487226486206055,334100,0.0,0.0
2002-01-25 00:00:00-05:00,25.545531713398937,25.647567631400875,25.370613791187115,25.428918838500977,170600,0.0,0.0
2002-01-28 00:00:00-05:00,25.399769581500866,25.47265437934369,24.61992031634256,24.721956253051758,368900,0.0,0.0
2002-01-29 00:00:00-05:00,24.357530148627298,24.510586768258822,23.402763339043048,23.942096710205078,1423300,0.0,0.0
2002-01-30 00:00:00-05:00,23.97854323506988,24.503299713134766,23.001908103184054,24.503299713134766,892200,0.0,0.0
2002-01-31 00:00:00-05:00,24.57618306284428,25.800619407771947,24.561606108705888,25.443490982055664,620400,0.0,0.0
2002-02-01 00:00:00-05:00,25.63299197603169,25.74231776816783,25.04264048325362,25.334171295166016,619500,0.0,0.0
2002-02-04 00:00:00-05:00,25.042634077153508,25.217551963501514,24.7073724780951,24.758390426635742,384400,0.0,0.0
2002-02-05 00:00:00-05:00,24.765684022824278,24.95518169315648,24.386691462430278,24.547035217285156,296800,0.0,0.0
2002-02-06 00:00:00-05:00,24.48872737286778,24.496017241868305,23.789050083419077,24.299232482910156,458500,0.0,0.0
2002-02-07 00:00:00-05:00,24.44500201250847,24.44500201250847,23.985837523612176,24.087873458862305,447800,0.0,0.0
2002-02-08 00:00:00-05:00,24.087872052042528,24.466864632458968,23.905664241088697,24.452287673950195,272600,0.0,0.0
2002-02-11 00:00:00-05:00,24.45228405511745,24.649068795456763,24.270076271129586,24.40126609802246,391300,0.0,0.0
2002-02-12 00:00:00-05:00,24.40126717878493,24.40126717878493,24.036851594668782,24.117023468017578,261800,0.0,0.0
2002-02-13 00:00:00-05:00,24.11702556947555,24.554323196411133,24.102448611208295,24.554323196411133,280700,0.0,0.0
2002-02-14 00:00:00-05:00,24.488723562130215,24.736526244449376,24.175325970365687,24.53974151611328,119700,0.0,0.0
2002-02-15 00:00:00-05:00,24.488722817704307,24.889582130057025,24.474148642955015,24.751102447509766,248400,0.0,0.0
2002-02-19 00:00:00-05:00,24.707373708909913,25.035345457217982,24.627201848560894,24.93330955505371,383000,0.0,0.0
2002-02-20 00:00:00-05:00,24.933313387653406,25.115521178174586,24.5397438928628,24.940603256225586,302700,0.0,0.0
2002-02-21 00:00:00-05:00,24.758388133823633,24.78025217252494,24.153457113906203,24.313800811767578,240700,0.0,0.0
2002-02-22 00:00:00-05:00,24.24092018789891,24.561607638376145,23.97854333787648,24.481435775756836,190400,0.0,0.0
2002-02-25 00:00:00-05:00,24.408556369090213,25.173828518412705,24.408556369090213,25.071792602539062,421500,0.0,0.0
2002-02-26 00:00:00-05:00,25.17382413069562,25.1811112175864,24.823985574274516,24.947885513305664,216100,0.0,0.0
2002-02-27 00:00:00-05:00,25.188401007200515,25.188401007200515,24.663641784049556,24.700082778930664,224200,0.0,0.0
2002-02-28 00:00:00-05:00,24.765680546052973,24.991619188877856,24.350247039768846,24.437705993652344,201300,0.0,0.0
2002-03-01 00:00:00-05:00,24.437705954708484,24.729239507548908,24.277365002889262,24.714662551879883,449000,0.0,0.0
2002-03-04 00:00:00-05:00,24.926025769135368,26.42012906357305,24.926025769135368,26.354534149169922,650700,0.0,0.0
2002-03-05 00:00:00-05:00,26.354529998151772,27.425912504562728,26.165035153206237,26.974035263061523,862400,0.0,0.0
2002-03-06 00:00:00-05:00,27.046925258865098,27.185402180755837,26.704373718071352,26.8574275970459,230900,0.0,0.0
2002-03-07 00:00:00-05:00,26.930311414931968,27.12709615808799,26.85742663213149,27.11980628967285,274100,0.0,0.0
2002-03-08 00:00:00-05:00,27.112525341825016,29.524955203336148,27.112525341825016,29.196983337402344,1678700,0.0,0.0
2002-03-11 00:00:00-05:00,29.080354280830726,29.087641366577092,28.53373110096751,28.635766983032227,393300,0.0,0.0
2002-03-12 00:00:00-05:00,28.205762357415246,28.817980554236982,27.739310927507223,28.606618881225586,642600,0.0,0.0
2002-03-13 00:00:00-05:00,28.307800619433543,28.592044309456625,28.052710841276944,28.475431442260742,547400,0.0,0.0
2002-03-14 00:00:00-05:00,28.621203676639066,28.803411490129047,28.147462249456872,28.30780601501465,380200,0.0,0.0
2002-03-15 00:00:00-05:00,28.570169955820294,28.679492915464085,28.351521256263645,28.409826278686523,364100,0.0,0.0
2002-03-18 00:00:00-05:00,28.387969132643438,28.67221278908064,28.387969132643438,28.62119483947754,154800,0.0,0.0
2002-03-19 00:00:00-05:00,28.60662082830653,28.60662082830653,28.169323278070994,28.32966423034668,228800,0.0,0.0
2002-03-20 00:00:00-05:00,28.147461260664805,28.766969472930402,28.060002291737725,28.5701847076416,129000,0.0,0.0
2002-03-21 00:00:00-05:00,28.511876361069152,28.89815879572153,27.85592993553023,28.205768585205078,396000,0.0,0.0
2002-03-22 00:00:00-05:00,28.205770706452228,28.344247646861657,27.76847027626816,27.906949996948242,503400,0.0,0.0
2002-03-25 00:00:00-05:00,27.950662483163903,27.987106250528168,27.513365077483723,27.70285987854004,360800,0.0,0.0
2002-03-26 00:00:00-05:00,27.71015697482945,28.111013498014263,27.688292932920948,28.081859588623047,263100,0.0,0.0
2002-03-27 00:00:00-05:00,28.264070565937846,28.68679395937061,28.220342477148346,28.519163131713867,242700,0.0,0.0
2002-03-28 00:00:00-05:00,28.701367737134657,28.76696264332461,28.33695220947266,28.336952209472656,182500,0.0,0.0
2002-04-01 00:00:00-05:00,28.424420799855746,28.679510643643578,27.906951242302846,28.55561065673828,211500,0.0,0.0
2002-04-02 00:00:00-05:00,28.555608843052827,28.723239698362296,28.431706083746334,28.52645492553711,268400,0.0,0.0
2002-04-03 00:00:00-05:00,27.710160618771816,28.278648025308623,27.695583662159308,27.86321449279785,849100,0.0,0.0
2002-04-04 00:00:00-05:00,27.732017625410585,27.732017625410585,27.221835394533425,27.440486907958984,1223600,0.0,0.0
2002-04-05 00:00:00-05:00,27.44778531362718,28.06000368710205,27.4113443064513,27.4550724029541,443400,0.0,0.0
2002-04-08 00:00:00-04:00,27.455070923669172,27.732027567770487,27.163540101699272,27.60812759399414,439300,0.0,0.0
2002-04-09 00:00:00-04:00,27.74660160563358,27.957963305998923,27.440493857741856,27.62270164489746,280100,0.0,0.0
2002-04-10 00:00:00-04:00,27.804904262161003,28.54830944889339,27.695578498087,28.533735275268555,539000,0.0,0.0
2002-04-11 00:00:00-04:00,28.53374318810976,28.679507206938112,28.205768585205078,28.205768585205078,344400,0.0,0.0
2002-04-12 00:00:00-04:00,28.643063805142727,28.643063805142727,28.344243143119677,28.584758758544922,360200,0.0,0.0
2002-04-15 00:00:00-04:00,28.242195516350794,28.606610942368224,28.242195516350794,28.409826278686523,240100,0.0,0.0
2002-04-16 00:00:00-04:00,29.226119751573055,29.444771259058015,29.073065920549112,29.313581466674805,1137300,0.0,0.0
2002-04-17 00:00:00-04:00,29.37189503432601,30.282933979437054,29.37189503432601,30.09343910217285,2224200,0.0,0.0
2002-04-18 00:00:00-04:00,30.093440977360473,30.093440977360473,29.63427654193731,29.838348388671875,827000,0.0,0.0
2002-04-19 00:00:00-04:00,29.83833603060472,29.911220788730848,29.677995123265713,29.823759078979492,542000,0.0,0.0
2002-04-22 00:00:00-04:00,29.89664309568041,29.911220046944134,29.40832495928778,29.495786666870117,500900,0.0,0.0
2002-04-23 00:00:00-04:00,29.495795293539757,29.626985113013333,29.29901056432939,29.481218338012695,544500,0.0,0.0
2002-04-24 00:00:00-04:00,29.444768196577233,29.554091158679878,29.05119886036181,29.073062896728516,354400,0.0,0.0
2002-04-25 00:00:00-04:00,29.0730732935657,29.459352902283793,29.036632293166466,29.364606857299805,404900,0.0,0.0
2002-04-26 00:00:00-04:00,29.546806225601085,29.823759973983982,29.189677850738803,29.29900360107422,493100,0.0,0.0
2002-04-29 00:00:00-04:00,29.211553752284818,29.371894714293557,29.022056096815138,29.15324592590332,381700,0.0,0.0
2002-04-30 00:00:00-04:00,29.262580545478492,29.69259116392939,29.262580545478492,29.33546257019043,1019100,0.0,0.0
2002-05-01 00:00:00-04:00,29.554098441862095,29.575965263886683,29.058493106775085,29.204259872436523,650700,0.0,0.0
2002-05-02 00:00:00-04:00,29.08035813353143,29.218835023212566,28.905437469482422,28.905437469482422,380500,0.0,0.0
2002-05-03 00:00:00-04:00,28.788827035788625,28.788827035788625,27.622698445181083,27.71015739440918,944800,0.0,0.0
2002-05-06 00:00:00-04:00,27.710154114375854,28.02355165730556,27.367602665064418,27.5498104095459,708100,0.0,0.0
2002-05-07 00:00:00-04:00,27.659132617329007,27.761168496295646,27.382176102798706,27.476924896240234,436300,0.0,0.0
2002-05-08 00:00:00-04:00,27.87779221167931,28.424415588378906,27.753892247490462,28.424415588378906,710600,0.0,0.0
2002-05-09 00:00:00-04:00,28.431700574461015,28.77425208821707,28.424413486629426,28.475431442260742,532100,0.0,0.0
2002-05-10 00:00:00-04:00,28.65763595127417,28.66492581854407,28.205761489981352,28.32237434387207,221500,0.0,0.0
2002-05-13 00:00:00-04:00,28.93458748114413,30.24648255393568,28.861702722491163,30.049697875976562,1867300,0.0,0.0
2002-05-14 00:00:00-04:00,30.31937192176758,30.93159014231625,30.31937192176758,30.92430305480957,2293700,0.0,0.0
2002-05-15 00:00:00-04:00,30.902443264005697,31.5583896603885,30.756676471386076,31.3178768157959,1127300,0.0,0.0
2002-05-16 00:00:00-04:00,31.24498463200491,31.24498463200491,30.64734342600115,30.72022819519043,387000,0.0,0.0
2002-05-17 00:00:00-04:00,30.785829208809965,30.902442082392685,30.31937493420888,30.61090850830078,161300,0.0,0.0
2002-05-20 00:00:00-04:00,30.59632759036275,30.59632759036275,30.180894108242242,30.392255783081055,324200,0.0,0.0
2002-05-21 00:00:00-04:00,30.392259080855347,30.603620778628393,30.129879425726067,30.275646209716797,1250900,0.0,0.0
2002-05-22 00:00:00-04:00,30.137170492961886,30.137170492961886,29.72173691091219,29.969539642333984,303000,0.0,0.0
2002-05-23 00:00:00-04:00,29.97682460884305,30.53802490234375,29.772750005580026,30.53802490234375,468600,0.0,0.0
2002-05-24 00:00:00-04:00,30.428693767216046,30.567170654121895,30.06427827299789,30.151737213134766,215200,0.0,0.0
2002-05-28 00:00:00-04:00,30.10073346922667,30.421421034825794,29.903948675864726,30.41413116455078,279100,0.0,0.0
2002-05-29 00:00:00-04:00,30.596323370491614,30.596323370491614,29.947664260864258,29.947664260864258,365400,0.0,0.0
2002-05-30 00:00:00-04:00,29.9549722934006,30.0280320866123,29.100161007203376,29.377790451049805,527200,0.1,0.0
2002-05-31 00:00:00-04:00,29.450854947171074,30.291053771972656,29.319345081192974,30.291053771972656,403300,0.0,0.0
2002-06-03 00:00:00-04:00,30.29105669566919,30.444483958434912,29.823467254638672,29.823467254638672,524800,0.0,0.0
2002-06-04 00:00:00-04:00,29.830769517097824,29.95497172059318,28.91750818415291,29.27550506591797,408200,0.0,0.0
2002-06-05 00:00:00-04:00,29.626202697760423,29.918447494506836,29.38510310943963,29.918447494506836,280800,0.0,0.0
2002-06-06 00:00:00-04:00,29.962284344404644,30.130326925791277,29.73579725889359,30.05726432800293,378000,0.0,0.0
2002-06-07 00:00:00-04:00,30.057260183958903,30.057260183958903,29.063631287455674,29.18052864074707,507300,0.0,0.0
2002-06-10 00:00:00-04:00,29.348561583263617,29.662723669709262,29.282809450197973,29.48737907409668,240100,0.0,0.0
2002-06-11 00:00:00-04:00,29.55313714338571,29.881911779008526,29.47276970056098,29.538524627685547,321000,0.0,0.0
2002-06-12 00:00:00-04:00,29.516601659434507,29.626191325859132,28.990562342030337,29.253582000732422,438700,0.0,0.0
2002-06-13 00:00:00-04:00,29.260897881376337,29.319347955119362,28.74947088433652,28.9321231842041,403000,0.0,0.0
2002-06-14 00:00:00-04:00,28.85906901075257,29.158618729508625,28.384171823602347,28.6837215423584,641700,0.0,0.0
2002-06-17 00:00:00-04:00,28.71292435491064,29.078228743108106,28.449904749480254,28.610639572143555,625300,0.0,0.0
2002-06-18 00:00:00-04:00,28.676405023477162,29.2097492920153,28.65448764397838,29.07823944091797,284200,0.0,0.0
2002-06-19 00:00:00-04:00,29.07824841173482,29.07824841173482,28.544903978656674,28.617963790893555,343200,0.0,0.0
2002-06-20 00:00:00-04:00,28.61795687154395,28.698324317804907,28.011552772847427,28.033470153808594,284500,0.0,0.0
2002-06-21 00:00:00-04:00,28.03347153218177,28.43530599619178,27.87273941880936,28.33302116394043,365800,0.0,0.0
2002-06-24 00:00:00-04:00,28.340323105508034,28.347627969031517,27.543959202948074,27.668161392211914,582900,0.0,0.0
2002-06-25 00:00:00-04:00,27.726611984956406,27.74122449933813,26.36767880502976,26.681840896606445,1154400,0.0,0.0
2002-06-26 00:00:00-04:00,26.65992531806599,26.65992531806599,25.629766674563548,26.301925659179688,615900,0.0,0.0
2002-06-27 00:00:00-04:00,26.703766511166293,27.010623833725298,26.15580959457443,26.674541473388672,768000,0.0,0.0
2002-06-28 00:00:00-04:00,26.776828043407534,27.54396713879411,26.776828043407534,26.84988784790039,635700,0.0,0.0
2002-07-01 00:00:00-04:00,27.032538902150645,27.1932738091014,26.374989543763714,26.396909713745117,613200,0.0,0.0
2002-07-02 00:00:00-04:00,26.6307115011727,26.776833929331065,25.337532610609443,25.41790008544922,787500,0.0,0.0
2002-07-03 00:00:00-04:00,25.571323105621627,25.82703522185663,24.40234944990014,25.184101104736328,851900,0.0,0.0
2002-07-05 00:00:00-04:00,25.549405469430795,26.63070678710938,25.549405469430795,26.630706787109375,192000,0.0,0.0
2002-07-08 00:00:00-04:00,28.12845483212762,28.49375944033707,27.580497919813446,28.186904907226562,1886900,0.0,0.0
2002-07-09 00:00:00-04:00,28.16498655209179,28.16498655209179,27.098297696214804,27.178665161132812,601400,0.0,0.0
2002-07-10 00:00:00-04:00,27.361307486569768,28.128446375771283,26.674533245889513,26.681840896606445,452900,0.0,0.0
2002-07-11 00:00:00-04:00,26.7037600771178,26.81335254885198,25.42519424646323,26.301925659179688,452900,0.0,0.0
2002-07-12 00:00:00-04:00,26.41152185888296,26.521111559033326,25.78319754463106,26.031604766845703,420200,0.0,0.0
2002-07-15 00:00:00-04:00,25.900089961333393,26.046212320740576,25.330213038350596,25.739355087280273,503600,0.0,0.0
2002-07-16 00:00:00-04:00,25.73935814279797,25.92201041697654,24.957606632277884,24.986831665039062,877800,0.0,0.0
2002-07-17 00:00:00-04:00,28.493751598045517,28.493751598045517,27.076371111635382,27.71930503845215,3015600,0.0,0.0
2002-07-18 00:00:00-04:00,27.763153951459095,27.83621376808896,26.81336240000406,26.820667266845703,941100,0.0,0.0
2002-07-19 00:00:00-04:00,26.740299061308534,27.397848541116645,26.228874784850312,26.601484298706055,1583600,0.0,0.0
2002-07-22 00:00:00-04:00,26.5941731753646,26.667232972797787,25.97315374897198,25.98776626586914,1002100,0.0,0.0
2002-07-23 00:00:00-04:00,26.06082720470036,27.142131206027795,26.06082720470036,26.659929275512695,1010300,0.0,0.0
2002-07-24 00:00:00-04:00,26.484577564860174,26.484577564860174,25.46172379925845,26.338455200195312,2156800,0.0,0.0
2002-07-25 00:00:00-04:00,26.360381735473723,27.288252983118337,25.57132244786836,26.309236526489258,875500,0.0,0.0
2002-07-26 00:00:00-04:00,26.484583567575964,26.842583302792693,26.33846116979255,26.835275650024414,591100,0.0,0.0
2002-07-29 00:00:00-04:00,26.959481121423853,28.274577149701194,26.959481121423853,28.23073959350586,719700,0.0,0.0
2002-07-30 00:00:00-04:00,27.58049321859621,28.238042516112223,26.543029645907065,28.164979934692383,1033500,0.0,0.0
2002-07-31 00:00:00-04:00,27.7266173088747,27.86543204157732,27.178660456078966,27.514739990234375,345600,0.0,0.0
2002-08-01 00:00:00-04:00,27.470902872209766,27.690087846429318,26.937558528184482,26.944866180419922,484600,0.0,0.0
2002-08-02 00:00:00-04:00,26.535713879062143,26.995998246558756,25.31559840653901,25.425188064575195,792400,0.0,0.0
2002-08-05 00:00:00-04:00,25.534796117462218,25.59324341339631,25.132961551610276,25.14026641845703,425200,0.0,0.0
2002-08-06 00:00:00-04:00,25.571316015229712,26.185027711077318,25.279071288806183,25.688213348388672,570000,0.0,0.0
2002-08-07 00:00:00-04:00,25.790504075881493,26.228871265959558,23.204148245221937,23.861696243286133,2511300,0.0,0.0
2002-08-08 00:00:00-04:00,23.86168870374351,23.96397351299374,23.152998508818605,23.708261489868164,1153600,0.0,0.0
2002-08-09 00:00:00-04:00,23.730186845045278,24.256226368959922,23.52561715776868,24.07357406616211,937600,0.0,0.0
2002-08-12 00:00:00-04:00,24.2562294734168,24.343901809605747,23.45255756601593,24.146636962890625,383500,0.0,0.0
2002-08-13 00:00:00-04:00,24.12471294188483,25.206014081060843,24.022428113281396,24.592302322387695,1005300,0.0,0.0
2002-08-14 00:00:00-04:00,24.592301000153856,25.28638016885531,23.927446862925652,25.206012725830078,634500,0.0,0.0
2002-08-15 00:00:00-04:00,25.13295274280892,26.031601550874996,25.13295274280892,26.024293899536133,775200,0.0,0.0
2002-08-16 00:00:00-04:00,26.00968443053867,26.426131419958022,25.724747310099396,26.20694923400879,441500,0.0,0.0
2002-08-19 00:00:00-04:00,26.21426013770823,26.98139927720955,26.009687656668973,26.88641929626465,560600,0.0,0.0
2002-08-20 00:00:00-04:00,26.886410748439467,26.886410748439467,26.21425180357826,26.26539421081543,538800,0.0,0.0
2002-08-21 00:00:00-04:00,26.448052731486435,26.813357319526155,26.08274814344671,26.79143714904785,361600,0.0,0.0
2002-08-22 00:00:00-04:00,26.718379506625542,27.45629639488101,26.360382542149683,26.88641929626465,938800,0.0,0.0
2002-08-23 00:00:00-04:00,26.820661436357575,26.820661436357575,25.658992767333984,25.658992767333984,645600,0.0,0.0
2002-08-26 00:00:00-04:00,25.717445539398827,25.775892828726676,25.206018519278228,25.476343154907227,476800,0.0,0.0
2002-08-27 00:00:00-04:00,25.498265506012224,25.71744773706453,24.899166107177734,24.899166107177734,317700,0.0,0.0
2002-08-28 00:00:00-04:00,24.51193229247358,24.643442140265755,23.88360808347815,24.110097885131836,898400,0.0,0.0
2002-08-29 00:00:00-04:00,24.1101031025583,24.183162906229754,23.511003793883198,23.98590087890625,483600,0.0,0.0
2002-08-30 00:00:00-04:00,23.98589845567309,24.606915085299356,23.98589845567309,24.197772979736328,480000,0.0,0.0
2002-09-03 00:00:00-04:00,23.671737752059634,23.671737752059634,22.261660465511312,22.648883819580078,1293800,0.0,0.0
2002-09-04 00:00:00-04:00,22.73655473010381,23.48908256919165,22.73655473010381,23.306428909301758,616000,0.0,0.0
2002-09-05 00:00:00-04:00,23.12377733510747,23.233368419500856,22.21051597595215,22.21051597595215,1116300,0.0,0.0
2002-09-06 00:00:00-04:00,22.94112973779934,23.722882791089646,22.692722486011114,23.48908805847168,977400,0.0,0.0
2002-09-09 00:00:00-04:00,23.48908211642529,24.62152558864116,23.342959748740455,24.329280853271484,663800,0.0,0.0
2002-09-10 00:00:00-04:00,24.329282169180722,25.16948373852364,24.15393754811685,24.76034164428711,749400,0.0,0.0
2002-09-11 00:00:00-04:00,24.84070985121773,24.950302333029434,24.482710159411752,24.57769012451172,274100,0.0,0.0
2002-09-12 00:00:00-04:00,24.47540436440607,24.482709228958026,23.547530491368857,23.57675552368164,511800,0.0,0.0
2002-09-13 00:00:00-04:00,23.576756715638407,24.438875703083767,23.167614603732137,23.649816513061523,547800,0.0,0.0
2002-09-16 00:00:00-04:00,23.635207676068116,23.635207676068116,23.087252142448833,23.48908805847168,346500,0.0,0.0
2002-09-17 00:00:00-04:00,23.67174043080786,23.70096268217344,23.342965716230765,23.37949562072754,158500,0.0,0.0
2002-09-18 00:00:00-04:00,23.342958767300754,23.547528401227115,23.12377522498893,23.328346252441406,535900,0.0,0.0
2002-09-19 00:00:00-04:00,23.01418542717832,23.021491685013267,22.093617842868046,22.203208923339844,838400,0.0,0.0
2002-09-20 00:00:00-04:00,22.10092641327678,22.356639890152195,21.611418235324308,21.845212936401367,850300,0.0,0.0
2002-09-23 00:00:00-04:00,21.772149477231757,21.91827184695527,21.552967316172683,21.669864654541016,269200,0.0,0.0
2002-09-24 00:00:00-04:00,21.66986568410326,21.66986568410326,20.06252511488265,20.55933952331543,1551500,0.0,0.0
2002-09-25 00:00:00-04:00,20.95387453533609,21.16575050354004,20.289020196878948,21.16575050354004,731800,0.0,0.0
2002-09-26 00:00:00-04:00,21.18766153533192,21.962106704711914,21.18766153533192,21.962106704711914,707300,0.0,0.0
2002-09-27 00:00:00-04:00,21.91826994922297,22.173983377335784,21.2753346438639,21.32647705078125,300100,0.0,0.0
2002-09-30 00:00:00-04:00,21.32648030809466,21.626029931670523,20.793134598789525,21.436071395874023,364400,0.0,0.0
2002-10-01 00:00:00-04:00,21.33378435243129,21.450681686401367,20.457052954129566,21.450681686401367,694600,0.0,0.0
2002-10-02 00:00:00-04:00,21.450687043211033,21.450687043211033,20.515506744384766,20.515506744384766,612200,0.0,0.0
2002-10-03 00:00:00-04:00,20.500885987544834,21.005006534561574,20.201336440620988,20.435131072998047,489700,0.0,0.0
2002-10-04 00:00:00-04:00,20.61778877247559,20.61778877247559,19.361141593367964,19.7264461517334,1053400,0.0,0.0
2002-10-07 00:00:00-04:00,19.470733034480926,19.63877279992327,18.776655197143555,18.776655197143555,781800,0.0,0.0
2002-10-08 00:00:00-04:00,18.922776147858848,19.22963203754418,18.462493010094004,18.798572540283203,1001500,0.0,0.0
2002-10-09 00:00:00-04:00,18.740120013958368,18.96660840703524,18.257918199781273,18.26522445678711,702400,0.0,0.0
2002-10-10 00:00:00-04:00,18.37481811343204,19.543792922054568,18.352900732852877,19.470731735229492,473900,0.0,0.0
2002-10-11 00:00:00-04:00,20.055215492148292,20.85157932963635,19.726440919414348,20.435131072998047,518500,0.0,0.0
2002-10-14 00:00:00-04:00,20.442441399195893,20.895419634751217,20.27440164791174,20.85158348083496,599000,0.0,0.0
2002-10-15 00:00:00-04:00,21.1511309986005,22.173983314633322,21.114599712672785,22.013248443603516,506600,0.0,0.0
2002-10-16 00:00:00-04:00,21.699095242147312,21.954807364351588,20.95387347408372,21.151138305664062,505400,0.0,0.0
2002-10-17 00:00:00-04:00,24.146630088996623,25.169483939217635,23.978590331198642,24.986831665039062,2242400,0.0,0.0
2002-10-18 00:00:00-04:00,24.99414030827282,26.097361771843865,24.47540844007732,25.790504455566406,2028500,0.0,0.0
2002-10-21 00:00:00-04:00,25.78320147848297,26.63070810939599,25.39597667512353,25.49826431274414,899500,0.0,0.0
2002-10-22 00:00:00-04:00,25.505564887258515,25.556707303936577,24.621528499477535,24.77495574951172,676700,0.0,0.0
2002-10-23 00:00:00-04:00,24.548471193030114,25.089123297542187,24.4388814710306,24.899166107177734,692300,0.0,0.0
2002-10-24 00:00:00-04:00,24.96491743911887,25.827036601408473,24.862632587161322,25.395977020263672,637800,0.0,0.0
2002-10-25 00:00:00-04:00,25.21332091093501,25.90009530574713,25.096423556698255,25.885482788085938,461400,0.0,0.0
2002-10-28 00:00:00-05:00,26.068131059361292,26.08274357476968,24.51924065775271,25.63707160949707,714800,0.0,0.0
2002-10-29 00:00:00-05:00,25.57131694319364,25.585929458750318,24.248913549363916,24.687280654907227,737900,0.0,0.0
2002-10-30 00:00:00-05:00,24.76764349197014,25.425189847450962,24.70919344061086,24.91376304626465,623500,0.0,0.0
2002-10-31 00:00:00-05:00,24.95029572189012,25.132947951810102,24.67996841493122,24.91376304626465,444500,0.0,0.0
2002-11-01 00:00:00-05:00,24.731116808957548,25.05258659522545,24.21969267089957,24.986831665039062,605900,0.0,0.0
2002-11-04 00:00:00-05:00,25.315611275648866,25.644383203939235,24.738429307274053,25.57132339477539,537100,0.0,0.0
2002-11-05 00:00:00-05:00,25.461730893976554,25.790505609319993,25.352141180230788,25.57132339477539,455600,0.0,0.0
2002-11-06 00:00:00-05:00,25.753974775410942,25.753974775410942,24.6434484364646,25.12565040588379,875800,0.0,0.0
2002-11-07 00:00:00-05:00,24.950307771088962,24.950307771088962,24.416960549548754,24.614225387573242,346100,0.0,0.0
2002-11-08 00:00:00-05:00,24.621521710390915,25.059885957344285,24.256217242245803,24.43886947631836,303100,0.0,0.0
2002-11-11 00:00:00-05:00,24.329283133838306,24.329283133838306,23.452551632598997,23.781326293945312,232700,0.0,0.0
2002-11-12 00:00:00-05:00,23.788638644152513,23.810556030220084,23.116476671864344,23.55484390258789,666900,0.0,0.0
2002-11-13 00:00:00-05:00,23.51100222550228,23.730184408948222,23.233369973375993,23.48177719116211,383200,0.0,0.0
2002-11-14 00:00:00-05:00,23.781329341585895,25.12565040588379,23.781329341585895,25.12565040588379,673800,0.0,0.0
2002-11-15 00:00:00-05:00,25.103736510116555,25.20602136829123,24.71651446501147,25.14026641845703,423300,0.0,0.0
2002-11-18 00:00:00-05:00,25.20600596145117,25.48363811183582,24.862618901424145,25.425188064575195,465400,0.0,0.0
2002-11-19 00:00:00-05:00,25.352137696385398,25.425197495509497,24.986833126659537,25.15487289428711,653500,0.0,0.0
2002-11-20 00:00:00-05:00,25.00874951638924,25.69552107687694,24.928382068310903,25.644378662109375,358600,0.0,0.0
2002-11-21 00:00:00-05:00,25.82703746762079,27.47821603533864,25.717447745584973,27.251726150512695,1333300,0.0,0.0
2002-11-22 00:00:00-05:00,27.06906816005493,27.909269788373585,26.996008360658827,27.653554916381836,684900,0.0,0.0
2002-11-25 00:00:00-05:00,27.660860085573994,27.660860085573994,25.900092322477487,27.039840698242188,812600,0.0,0.0
2002-11-26 00:00:00-05:00,26.857189664668446,27.0544544588689,26.04621589347002,26.155805587768555,731500,0.0,0.0
2002-11-27 00:00:00-05:00,26.448051457920023,28.1357567896808,26.448051457920023,27.763147354125977,641800,0.0,0.0
2002-11-29 00:00:00-05:00,27.58001966310726,27.689898538436584,27.228399437714007,27.301654815673828,199800,0.1,0.0
2002-12-02 00:00:00-05:00,27.689892795631014,27.807098581651637,27.030611297167397,27.43350601196289,341400,0.0,0.0
2002-12-03 00:00:00-05:00,27.36025098358284,27.54338520112866,27.11118833594427,27.199094772338867,220100,0.0,0.0
2002-12-04 00:00:00-05:00,26.884106055674508,27.28700081077782,26.495859580183705,27.103866577148438,402200,0.0,0.0
2002-12-05 00:00:00-05:00,27.140489094453738,27.17711537720992,26.73759439532327,26.91340446472168,387100,0.0,0.0
2002-12-06 00:00:00-05:00,26.005056777635446,26.334698901303607,25.71204093561793,25.777969360351562,890400,0.0,0.0
2002-12-09 00:00:00-05:00,25.71204197770864,25.719368910979426,24.752420505300535,24.75974464416504,743800,0.0,0.0
2002-12-10 00:00:00-05:00,24.906251131536628,25.382401167990217,24.876948988959704,25.23589324951172,402900,0.0,0.0
2002-12-11 00:00:00-05:00,25.24321905372369,25.24321905372369,23.851400722348775,24.261619567871094,961600,0.0,0.0
2002-12-12 00:00:00-05:00,24.430105926424147,24.61324016213769,23.734198066238015,23.96128273010254,748500,0.0,0.0
2002-12-13 00:00:00-05:00,23.96128725985645,24.49603899390317,23.66094716828481,24.334882736206055,850200,0.0,0.0
2002-12-16 00:00:00-05:00,24.430102813744785,24.78904709954859,24.430102813744785,24.649866104125977,993900,0.0,0.0
2002-12-17 00:00:00-05:00,24.64987032690902,24.759749196516708,24.173720175388645,24.290925979614258,417900,0.0,0.0
2002-12-18 00:00:00-05:00,24.290920618212876,24.43010160675916,22.635387252425,23.29467010498047,1580800,0.0,0.0
2002-12-19 00:00:00-05:00,23.29467530118569,24.173720232145055,23.067589229615827,23.25804901123047,818400,0.0,0.0
2002-12-20 00:00:00-05:00,23.038284113960394,23.31664749763076,22.86979957934616,23.25071907043457,665000,0.0,0.0
2002-12-23 00:00:00-05:00,23.25071893337715,23.734194529033626,23.14816422376678,23.71954345703125,633800,0.0,0.0
2002-12-24 00:00:00-05:00,23.719549750626882,23.91000814838027,23.60234393791549,23.631643295288086,95000,0.0,0.0
2002-12-26 00:00:00-05:00,23.631638896218732,23.84407526546493,23.441180533919486,23.46315574645996,265100,0.0,0.0
2002-12-27 00:00:00-05:00,23.441184897534697,23.73420082651668,23.316653546878403,23.631643295288086,368900,0.0,0.0
2002-12-30 00:00:00-05:00,23.638970686341388,23.69024805574113,23.12619419793693,23.367931365966797,934900,0.0,0.0
2002-12-31 00:00:00-05:00,23.44118534962508,23.587693316941646,23.14817081219547,23.367931365966797,371900,0.0,0.0
2003-01-02 00:00:00-05:00,23.367930829548957,24.276276573331156,23.104218450517667,24.21034812927246,602000,0.0,0.0
2003-01-03 00:00:00-05:00,24.210348159326347,24.532666239305414,24.12976863933158,24.342205047607422,364200,0.0,0.0
2003-01-06 00:00:00-05:00,24.254297009898934,25.235896559734506,24.254297009898934,25.074737548828125,515200,0.0,0.0
2003-01-07 00:00:00-05:00,25.12600670769332,25.21391032386002,24.62055742172783,24.723112106323242,312300,0.0,0.0
2003-01-08 00:00:00-05:00,24.730446179271116,24.796374616485565,24.10046675016348,24.16639518737793,393500,0.0,0.0
2003-01-09 00:00:00-05:00,24.86962719593884,25.272521913946566,24.72311926364338,25.14066505432129,493900,0.0,0.0
2003-01-10 00:00:00-05:00,24.95753058339035,25.375076369816046,24.701143800289085,25.06008529663086,321100,0.0,0.0
2003-01-13 00:00:00-05:00,25.18461635022468,25.506931541150266,25.089385782339733,25.265195846557617,329400,0.0,0.0
2003-01-14 00:00:00-05:00,25.1992744899003,25.426359176635742,25.038115452031057,25.426359176635742,400900,0.0,0.0
2003-01-15 00:00:00-05:00,25.426357190592284,25.638793579479877,25.16264343809827,25.41903305053711,357100,0.0,0.0
2003-01-16 00:00:00-05:00,25.492283209017383,25.697395438380784,25.104039551589917,25.257871627807617,461900,0.0,0.0
2003-01-17 00:00:00-05:00,25.228569625926134,25.54356071393052,25.06741340942624,25.074737548828125,1042200,0.0,0.0
2003-01-21 00:00:00-05:00,25.074734288021574,25.08206122087713,24.386150703124073,24.47405433654785,425100,0.0,0.0
2003-01-22 00:00:00-05:00,24.173714782549823,24.21034106424821,23.441177970957405,23.609661102294922,880900,0.0,0.0
2003-01-23 00:00:00-05:00,23.660942682964645,23.82942584440441,23.441182159104375,23.507110595703125,619500,0.0,0.0
2003-01-24 00:00:00-05:00,23.280020224917944,23.507106243826843,23.11153569746643,23.184789657592773,614800,0.0,0.0
2003-01-27 00:00:00-05:00,23.11153915116947,23.62431555147822,23.11153915116947,23.419204711914062,564800,0.0,0.0
2003-01-28 00:00:00-05:00,23.521754112976417,24.29824123411212,23.521754112976417,23.953950881958008,764900,0.0,0.0
2003-01-29 00:00:00-05:00,23.953955099480726,24.232319879633987,23.148164300325746,24.173715591430664,1976000,0.0,0.0
2003-01-30 00:00:00-05:00,24.906257592454523,25.235899795941908,24.642543829664614,24.77440071105957,1153400,0.0,0.0
2003-01-31 00:00:00-05:00,24.759745662555517,25.411703030156964,24.488707802920324,25.40437889099121,861200,0.0,0.0
2003-02-03 00:00:00-05:00,25.419030999078345,25.47763249801047,24.686494098784483,24.70114517211914,666000,0.0,0.0
2003-02-04 00:00:00-05:00,24.701145987132527,24.701145987132527,24.04918857146472,24.115114212036133,595500,0.0,0.0
2003-02-05 00:00:00-05:00,24.35685814741554,24.723126690985698,24.11511956734377,24.151748657226562,707300,0.0,0.0
2003-02-06 00:00:00-05:00,23.917332627594256,24.283601104008216,23.734198389387277,23.851404190063477,256300,0.0,0.0
2003-02-07 00:00:00-05:00,24.06383577408913,24.151742213063994,23.433854997338248,23.46315574645996,525100,0.0,0.0
2003-02-10 00:00:00-05:00,23.46315808164179,23.734198770513352,22.85515385412272,23.199445724487305,472600,0.0,0.0
2003-02-11 00:00:00-05:00,23.221413879113452,23.653610642591165,23.06025491138781,23.3972225189209,444900,0.0,0.0
2003-02-12 00:00:00-05:00,23.32397651491746,23.331302052055214,22.45225715637207,22.45225715637207,393900,0.0,0.0
2003-02-13 00:00:00-05:00,22.430277142253853,22.562132590907254,22.06400874696508,22.386323928833008,610400,0.0,0.0
2003-02-14 00:00:00-05:00,22.34237156032994,22.891774139682315,21.976103174095023,22.82584571838379,418600,0.0,0.0
2003-02-18 00:00:00-05:00,23.001660387859822,23.36060333251953,23.001660387859822,23.36060333251953,307600,0.0,0.0
2003-02-19 00:00:00-05:00,23.29467793836786,23.331305629673093,22.708648849519744,22.81852912902832,384900,0.0,0.0
2003-02-20 00:00:00-05:00,22.89177855639593,23.067587248044656,22.737946475154526,22.833175659179688,319300,0.0,0.0
2003-02-21 00:00:00-05:00,22.8551505435054,23.441179471409363,22.488882114264626,23.389902114868164,288900,0.0,0.0
2003-02-24 00:00:00-05:00,23.294673391688786,23.294673391688786,22.635390446113306,22.67934226989746,477800,0.0,0.0
2003-02-25 00:00:00-05:00,22.606086862370653,22.606086862370653,21.880875573420866,22.13726234436035,809000,0.0,0.0
2003-02-26 00:00:00-05:00,22.144595201259953,22.19587257240011,21.727049296600295,22.049365997314453,418700,0.0,0.0
2003-02-27 00:00:00-05:00,22.071333908749512,22.195865224810163,21.89552523852326,21.976104736328125,311000,0.0,0.0
2003-02-28 00:00:00-05:00,22.012731733974682,22.24714469909668,21.814947846795135,22.24714469909668,462400,0.0,0.0
2003-03-03 00:00:00-05:00,22.159245305179912,22.400982470802823,21.86623077066782,21.983436584472656,456300,0.0,0.0
2003-03-04 00:00:00-05:00,21.902852873196945,22.232495034709913,21.829598904282594,21.924829483032227,268900,0.0,0.0
2003-03-05 00:00:00-05:00,21.866224683433202,22.18121574429615,21.28019438034771,21.47797966003418,705500,0.0,0.0
2003-03-06 00:00:00-05:00,21.368105505189778,21.368105505189778,20.913931925779607,20.950559616088867,534900,0.0,0.0
2003-03-07 00:00:00-05:00,20.87730178026981,21.580536538000278,20.87730178026981,21.558561325073242,557400,0.0,0.0
2003-03-10 00:00:00-05:00,21.37542629222962,21.390077365096893,20.63556387887079,20.701492309570312,286400,0.0,0.0
2003-03-11 00:00:00-05:00,20.701494096053516,20.804048820568212,20.144765853881836,20.144765853881836,630900,0.0,0.0
2003-03-12 00:00:00-05:00,20.078834209971074,20.62091129141626,19.888374468295233,20.598936080932617,571300,0.0,0.0
2003-03-13 00:00:00-05:00,21.09706138564161,22.195866695252178,21.09706138564161,21.94680404663086,881800,0.0,0.0
2003-03-14 00:00:00-05:00,21.902855022645497,22.30575119261125,21.778323682431118,22.00541114807129,352200,0.0,0.0
2003-03-17 00:00:00-05:00,21.97610349970871,23.060257603698947,21.866223261650774,23.03828239440918,712400,0.0,0.0
2003-03-18 00:00:00-05:00,23.038281024748965,23.096883908042706,22.75991628120149,23.074907302856445,377000,0.0,0.0
2003-03-19 00:00:00-05:00,23.030957084212364,23.404551015026467,22.943052054584264,23.3093204498291,277100,0.0,0.0
2003-03-20 00:00:00-05:00,23.243394188524057,23.726868403433677,22.818522866415503,23.712217330932617,632700,0.0,0.0
2003-03-21 00:00:00-05:00,23.62431736772322,24.39348063011657,23.404556834811803,24.283601760864258,606300,0.0,0.0
2003-03-24 00:00:00-05:00,23.697567344164767,23.7341964242988,22.840500521632737,22.97968292236328,735900,0.0,0.0
2003-03-25 00:00:00-05:00,22.987001543071788,23.624309101031688,22.83316950330386,23.40454864501953,371600,0.0,0.0
2003-03-26 00:00:00-05:00,23.221423720812925,23.302001841623483,23.03828946874722,23.16282081604004,404100,0.0,0.0
2003-03-27 00:00:00-05:00,23.170134734381374,23.170134734381374,22.29841708511958,22.708637237548828,510600,0.0,0.0
2003-03-28 00:00:00-05:00,22.686668941714423,22.781899528081528,22.45225734020056,22.562137603759766,462900,0.0,0.0
2003-03-31 00:00:00-05:00,22.378998561810604,22.378998561810604,21.836921500364923,21.888198852539062,734500,0.0,0.0
2003-04-01 00:00:00-05:00,22.071337089217895,22.503533989754615,21.990758977004873,22.415630340576172,280100,0.0,0.0
2003-04-02 00:00:00-05:00,23.148167632819035,23.33130186820969,22.41563069125643,23.214096069335938,332500,0.0,0.0
2003-04-03 00:00:00-05:00,23.331300034551134,23.331300034551134,22.96503159255568,23.060260772705078,398000,0.0,0.0
2003-04-04 00:00:00-05:00,23.148167256737395,23.272698590667947,22.459582151638855,22.5767879486084,396600,0.0,0.0
2003-04-07 00:00:00-04:00,23.016306910811895,23.646287625106993,23.008981374956907,23.08223533630371,484700,0.0,0.0
2003-04-08 00:00:00-04:00,23.089564347178612,23.331301477962768,22.796549854895293,23.155492782592773,335500,0.0,0.0
2003-04-09 00:00:00-04:00,23.162819932657957,23.26537466279842,22.422957414864918,22.650043487548828,345100,0.0,0.0
2003-04-10 00:00:00-04:00,22.650043612402406,23.624317745717505,22.562138559509304,23.3386287689209,445600,0.0,0.0
2003-04-11 00:00:00-04:00,23.734198711219506,23.807451289732906,23.192120129237388,23.485136032104492,480500,0.0,0.0
2003-04-14 00:00:00-04:00,23.485132481437688,23.902678263531076,23.367925299689126,23.88802719116211,465800,0.0,0.0
2003-04-15 00:00:00-04:00,23.888029051142567,23.888029051142567,22.928404694304046,23.01630973815918,1016400,0.0,0.0
2003-04-16 00:00:00-04:00,22.928409408536897,23.25805164426619,22.723299926041836,22.81852912902832,774900,0.0,0.0
2003-04-17 00:00:00-04:00,22.82585255403064,22.891780995072722,22.562138789862303,22.86980438232422,705800,0.0,0.0
2003-04-21 00:00:00-04:00,22.928402605464566,22.935728141552058,22.415627654168496,22.620737075805664,290100,0.0,0.0
2003-04-22 00:00:00-04:00,22.62074262135723,22.855155642014655,22.41563314943678,22.803876876831055,843700,0.0,0.0
2003-04-23 00:00:00-04:00,22.81852223073528,23.411876678466797,22.811196694688824,23.411876678466797,494000,0.0,0.0
2003-04-24 00:00:00-04:00,22.928403262369557,22.950379871261664,22.488882262152856,22.59876251220703,648300,0.0,0.0
2003-04-25 00:00:00-04:00,22.452258245183373,22.525512222909942,21.683094972062936,21.910181045532227,970700,0.0,0.0
2003-04-28 00:00:00-04:00,22.34237534047171,23.199443565158262,22.305749054532562,23.118864059448242,1667400,0.0,0.0
2003-04-29 00:00:00-04:00,23.067585309670612,23.404552988251,22.97968166983445,23.28002166748047,578300,0.0,0.0
2003-04-30 00:00:00-04:00,23.660944535816043,24.085817337036133,23.294676035898124,24.085817337036133,1181100,0.0,0.0
2003-05-01 00:00:00-04:00,24.085811229412965,24.50335698988657,23.660938535931088,24.188365936279297,765800,0.0,0.0
2003-05-02 00:00:00-04:00,24.137091496421746,25.60948944091797,24.122440423042864,25.60948944091797,1086800,0.0,0.0
2003-05-05 00:00:00-04:00,25.616812670293797,25.719367374708742,25.27984362012254,25.550884246826172,759400,0.0,0.0
2003-05-06 00:00:00-04:00,25.514261698135375,25.514261698135375,24.972183159838337,25.162641525268555,598500,0.0,0.0
2003-05-07 00:00:00-04:00,24.979504531784897,25.01613360843824,24.576609838254086,24.59126091003418,906800,0.0,0.0
2003-05-08 00:00:00-04:00,24.583935893446924,24.583935893446924,24.30557112837808,24.46673011779785,480700,0.0,0.0
2003-05-09 00:00:00-04:00,24.356852534165142,24.81102464109017,24.173718304584956,24.74509620666504,479400,0.0,0.0
2003-05-12 00:00:00-04:00,24.752423728903445,25.323801644561083,24.752423728903445,25.16996955871582,300500,0.0,0.0
2003-05-13 00:00:00-04:00,25.096710170502238,25.133339246949614,24.649865058549942,24.898927688598633,344200,0.0,0.0
2003-05-14 00:00:00-04:00,24.9721808672611,24.98683193931938,24.49603080578885,24.94287872314453,322500,0.0,0.0
2003-05-15 00:00:00-04:00,25.089389848429214,25.33112837660517,24.99415926511081,25.22124671936035,208000,0.0,0.0
2003-05-16 00:00:00-04:00,25.265196097822816,25.316473451561706,24.862298612151257,24.898927688598633,488200,0.0,0.0
2003-05-19 00:00:00-04:00,24.862300887942713,24.884278894704156,24.173717221557403,24.217670440673828,471600,0.0,0.0
2003-05-20 00:00:00-04:00,24.386153356306924,24.503359145092514,23.78547333947997,24.012557983398438,424200,0.0,0.0
2003-05-21 00:00:00-04:00,24.0125592118519,24.430105030412108,24.0125592118519,24.159067153930664,214300,0.0,0.0
2003-05-22 00:00:00-04:00,24.166393558116706,24.34220084923144,24.063836044825518,24.122440338134766,273100,0.0,0.0
2003-05-23 00:00:00-04:00,24.2103416966625,24.57661011202625,23.88069956395388,24.54730796813965,444800,0.0,0.0
2003-05-27 00:00:00-04:00,24.466724168965797,25.05275290472432,24.32021628642481,25.01612663269043,296600,0.0,0.0
2003-05-28 00:00:00-04:00,25.016140000091703,25.638795340600662,24.942884622474402,25.345779418945312,548500,0.0,0.0
2003-05-29 00:00:00-04:00,25.272518803457775,25.528905557614493,25.11135981832724,25.25054359436035,326400,0.0,0.0
2003-05-30 00:00:00-04:00,25.250547747497606,25.551761627197266,25.191775743002015,25.551761627197266,354100,0.1,0.0
2003-06-02 00:00:00-04:00,25.639919616326054,26.249692724941365,25.639919616326054,25.816238403320312,356700,0.0,0.0
2003-06-03 00:00:00-04:00,25.742772709162136,26.25704097587914,25.66195876406619,25.816238403320312,509500,0.0,0.0
2003-06-04 00:00:00-04:00,25.860322175829193,26.00725638187817,25.676655118902193,25.823589324951172,467700,0.0,0.0
2003-06-05 00:00:00-04:00,25.80155281756973,26.036646475847643,25.51503259670211,25.676660537719727,348500,0.0,0.0
2003-06-06 00:00:00-04:00,25.970524430456027,26.668459906773876,25.933791574341882,26.418672561645508,609900,0.0,0.0
2003-06-09 00:00:00-04:00,27.18272786890724,27.403127804634178,26.778660852984984,26.837432861328125,956200,0.0,0.0
2003-06-10 00:00:00-04:00,26.947629622706238,27.278230871036012,26.932935922498608,27.1459903717041,596900,0.0,0.0
2003-06-11 00:00:00-04:00,27.14598770072242,27.270879936393584,26.91823957371817,27.138639450073242,404000,0.0,0.0
2003-06-12 00:00:00-04:00,27.27088545542625,27.292927409298102,26.88151216831374,27.241500854492188,247700,0.0,0.0
2003-06-13 00:00:00-04:00,27.608831763130333,27.84392535834549,26.815388777376633,27.21945571899414,428000,0.0,0.0
2003-06-16 00:00:00-04:00,27.366389152746542,28.123096466064453,27.366389152746542,28.123096466064453,460300,0.0,0.0
2003-06-17 00:00:00-04:00,28.130441424236587,28.130441424236587,27.843921321763972,27.917387008666992,542900,0.0,0.0
2003-06-18 00:00:00-04:00,27.880654432540467,27.95412012014789,27.41046730576575,27.93942642211914,503900,0.0,0.0
2003-06-19 00:00:00-04:00,28.012898155828747,28.174523247786638,27.57209557153541,27.770456314086914,575500,0.0,0.0
2003-06-20 00:00:00-04:00,27.917392376973005,28.24064538505627,27.696992471346377,27.99085807800293,287200,0.0,0.0
2003-06-23 00:00:00-04:00,27.990857387537492,27.990857387537492,27.469243636496135,27.513324737548828,607500,0.0,0.0
2003-06-24 00:00:00-04:00,27.256189142341885,27.86596509452951,27.256189142341885,27.73372459411621,661700,0.0,0.0
2003-06-25 00:00:00-04:00,27.550050573794923,27.910039134408382,27.381077266579975,27.491275787353516,305400,0.0,0.0
2003-06-26 00:00:00-04:00,27.564750624270655,27.623522621723346,27.21945568067468,27.439855575561523,384000,0.0,0.0
2003-06-27 00:00:00-04:00,27.329658202768766,27.616178358676905,27.131297448093093,27.182723999023438,278600,0.0,0.0
2003-06-30 00:00:00-04:00,27.18272389542196,27.395778349913837,27.03578969223664,27.248844146728516,431800,0.0,0.0
2003-07-01 00:00:00-04:00,27.182725464782145,27.84392801602137,26.925592696265216,27.82188606262207,494800,0.0,0.0
2003-07-02 00:00:00-04:00,27.89536085038138,28.35819993792034,27.843934285099273,28.27004051208496,335000,0.0,0.0
2003-07-03 00:00:00-04:00,28.137790399729695,28.137790399729695,27.505975324018245,27.770456314086914,277100,0.0,0.0
2003-07-07 00:00:00-04:00,27.821886191143182,28.637368407259626,27.785153338690648,28.255340576171875,466800,0.0,0.0
2003-07-08 00:00:00-04:00,28.262689602246592,28.35819446073148,28.13779453744294,28.29207420349121,676400,0.0,0.0
2003-07-09 00:00:00-04:00,28.292061063086308,28.33614214828514,27.93207534283771,28.064315795898438,418200,0.0,0.0
2003-07-10 00:00:00-04:00,27.880658065481274,27.895351765424664,27.44720372602975,27.5059757232666,313000,0.0,0.0
2003-07-11 00:00:00-04:00,27.843924258936624,28.607977011949142,27.82188230851153,28.54185676574707,601300,0.0,0.0
2003-07-14 00:00:00-04:00,28.65206189129218,29.210408530929296,28.35819346882824,28.38758087158203,433600,0.0,0.0
2003-07-15 00:00:00-04:00,28.541855315899113,28.615323809356422,28.08636186660967,28.181869506835938,298300,0.0,0.0
2003-07-16 00:00:00-04:00,28.365542247309843,28.409620549721737,27.557405471801758,27.557405471801758,654100,0.0,0.0
2003-07-17 00:00:00-04:00,26.190928180945924,26.609688922357538,25.331364741575452,25.63992691040039,3150500,0.0,0.0
2003-07-18 00:00:00-04:00,25.573803925575625,27.25619216275909,25.573803925575625,26.85212516784668,1008400,0.0,0.0
2003-07-21 00:00:00-04:00,26.778651830631095,26.778651830631095,25.566448388746778,25.65460777282715,998800,0.0,0.0
2003-07-22 00:00:00-04:00,25.72808450147821,25.808898463823887,25.250548979910427,25.448909759521484,742900,0.0,0.0
2003-07-23 00:00:00-04:00,25.566452337790643,25.720731984395698,25.257893044580538,25.71338653564453,675500,0.0,0.0
2003-07-24 00:00:00-04:00,26.05867950223117,27.050480358022774,26.029292104383703,26.154184341430664,757600,0.0,0.0
2003-07-25 00:00:00-04:00,26.051336212137702,26.396631196254432,25.86032369483003,26.242351531982422,452500,0.0,0.0
2003-07-28 00:00:00-04:00,26.22765877569227,27.131300445121074,26.190925921332493,26.991714477539062,461500,0.0,0.0
2003-07-29 00:00:00-04:00,26.96232653124874,27.21945930913743,26.63907069328914,26.85212516784668,390300,0.0,0.0
2003-07-30 00:00:00-04:00,26.86681593431021,27.351696835734,26.86681593431021,27.16802978515625,491600,0.0,0.0
2003-07-31 00:00:00-04:00,27.44720516429304,28.101059432084668,27.44720516429304,27.99085807800293,686800,0.0,0.0
2003-08-01 00:00:00-04:00,28.00554639345788,28.137786871912365,27.80718567577615,27.917387008666992,576700,0.0,0.0
2003-08-04 00:00:00-04:00,27.990865026606244,28.06433354841124,27.292932285952812,27.579452514648438,497100,0.0,0.0
2003-08-05 00:00:00-04:00,27.64557015918356,27.64557015918356,27.19742202758789,27.19742202758789,430700,0.0,0.0
2003-08-06 00:00:00-04:00,27.197419858210182,27.54271484403597,27.094566748186427,27.17538070678711,485300,0.0,0.0
2003-08-07 00:00:00-04:00,27.25618656147768,27.38842704936924,26.830080502466597,27.285573959350586,379600,0.0,0.0
2003-08-08 00:00:00-04:00,27.403122449975264,27.425164401016954,26.984361813160103,27.072521209716797,277700,0.0,0.0
2003-08-11 00:00:00-04:00,27.131299136306303,27.652912929649045,27.079872582176005,27.314966201782227,241000,0.0,0.0
2003-08-12 00:00:00-04:00,27.3884324415514,27.858619689941406,27.3884324415514,27.858619689941406,242700,0.0,0.0
2003-08-13 00:00:00-04:00,27.858621678823123,28.093718122339187,27.586795181917125,27.638221740722656,185300,0.0,0.0
2003-08-14 00:00:00-04:00,27.711683483747514,28.18187065081459,27.696989784459596,28.174522399902344,295000,0.0,0.0
2003-08-15 00:00:00-04:00,28.174520680126268,28.174520680126268,27.770453783250826,28.042280197143555,82500,0.0,0.0
2003-08-18 00:00:00-04:00,28.042281697973166,28.284723530595823,27.910044010449468,28.27737808227539,217400,0.0,0.0
2003-08-19 00:00:00-04:00,28.321457047847982,29.004698661824467,28.321457047847982,28.945926666259766,529900,0.0,0.0
2003-08-20 00:00:00-04:00,28.798987644153694,28.975306403816997,28.534506702122584,28.696134567260742,172800,0.0,0.0
2003-08-21 00:00:00-04:00,28.76960472968614,29.129593357400704,28.76225928127982,29.019392013549805,549100,0.0,0.0
2003-08-22 00:00:00-04:00,29.151638286837773,29.16633198910122,28.505129399931842,28.644718170166016,193900,0.0,0.0
2003-08-25 00:00:00-04:00,28.468395704441427,28.556555112880286,27.623526065746404,27.858619689941406,463100,0.0,0.0
2003-08-26 00:00:00-04:00,27.807189013088692,28.09371195248501,27.432509480857586,28.027591705322266,214600,0.0,0.0
2003-08-27 00:00:00-04:00,28.07901825283366,28.211258747159143,27.741068765925952,28.027591705322266,153000,0.0,0.0
2003-08-28 00:00:00-04:00,28.137785462061682,28.563894271850586,27.821877979641958,28.563894271850586,312400,0.0,0.0
2003-08-29 00:00:00-04:00,28.39493448783192,28.652067304161964,28.225958291343602,28.585947036743164,167900,0.0,0.0
2003-09-02 00:00:00-04:00,28.740217675441748,28.99735321333011,28.439003841514012,28.945926666259766,235900,0.0,0.0
2003-09-03 00:00:00-04:00,29.019385255624357,29.166319412362554,28.92387763336414,28.98999786376953,405400,0.0,0.0
2003-09-04 00:00:00-04:00,29.1736721876862,29.386726628350534,28.894500302543253,29.37938117980957,629500,0.0,0.0
2003-09-05 00:00:00-04:00,29.379383402843846,29.379383402843846,28.461048126220703,28.461048126220703,817500,0.0,0.0
2003-09-08 00:00:00-04:00,28.982658579749817,29.107550817885166,28.563897965651897,28.850418090820312,482200,0.0,0.0
2003-09-09 00:00:00-04:00,28.821039525559172,28.872466086732945,28.328813067885235,28.468399047851562,333500,0.0,0.0
2003-09-10 00:00:00-04:00,28.40227923144286,28.549213466774685,27.873317105263265,28.049638748168945,522100,0.0,0.0
2003-09-11 00:00:00-04:00,28.064315795898438,28.17451430509186,27.85860686750632,28.064315795898438,277800,0.0,0.0
2003-09-12 00:00:00-04:00,27.917395539861225,28.60798273640757,27.85127528042849,28.51247787475586,215000,0.0,0.0
2003-09-15 00:00:00-04:00,27.86595811964783,27.91003920959764,27.145983799017383,27.204755783081055,1403500,0.0,0.0
2003-09-16 00:00:00-04:00,27.476594286961475,28.027595486813347,27.366392925976292,27.902700424194336,721900,0.0,0.0
2003-09-17 00:00:00-04:00,27.983510822007528,28.049631069679787,27.807189227369275,27.92473602294922,234100,0.0,0.0
2003-09-18 00:00:00-04:00,28.108410806187162,28.600640074963334,27.90270455791276,28.358198165893555,521700,0.0,0.0
2003-09-19 00:00:00-04:00,28.321461495067982,28.828384399414066,28.25534123808967,28.828384399414062,587000,0.0,0.0
2003-09-22 00:00:00-04:00,28.68144087019944,28.90918616830922,28.424305375430905,28.696134567260742,449100,0.0,0.0
2003-09-23 00:00:00-04:00,28.8357210271697,29.16632221091838,28.703480553670232,28.960613250732422,461800,0.0,0.0
2003-09-24 00:00:00-04:00,28.94593132621702,28.967970477784753,28.07902253241663,28.29207420349121,366100,0.0,0.0
2003-09-25 00:00:00-04:00,28.39492600780567,28.556551100142674,27.64556413503227,27.92473602294922,559800,0.0,0.0
2003-09-26 00:00:00-04:00,27.917391688319782,27.932085388670682,27.439856235794338,27.513324737548828,465800,0.0,0.0
2003-09-29 00:00:00-04:00,27.47659231145802,27.711685915622503,27.425165760705593,27.623523712158203,487900,0.0,0.0
2003-09-30 00:00:00-04:00,27.5941369203102,27.5941369203102,27.07986865112402,27.256187438964844,525400,0.0,0.0
2003-10-01 00:00:00-04:00,27.314965526711504,27.645566796904983,27.182725018634113,27.5867919921875,692700,0.0,0.0
2003-10-02 00:00:00-04:00,27.623522119322466,28.064324703615803,27.59413752239891,27.770456314086914,492200,0.0,0.0
2003-10-03 00:00:00-04:00,29.019390998698753,30.01854009921169,28.90184421055232,29.55569839477539,1243900,0.0,0.0
2003-10-06 00:00:00-04:00,29.372034897365236,29.372034897365236,28.982661640253937,29.18836784362793,628700,0.0,0.0
2003-10-07 00:00:00-04:00,28.90918829751755,29.607123545384553,28.806335213049298,29.570390701293945,501800,0.0,0.0
2003-10-08 00:00:00-04:00,29.533671426595006,29.548365131489618,29.203070072810377,29.283884048461914,208900,0.0,0.0
2003-10-09 00:00:00-04:00,29.46019815977653,30.033241348270337,29.349999594612598,29.812841415405273,647900,0.0,0.0
2003-10-10 00:00:00-04:00,29.7907980006336,30.371186610685193,29.746719697742684,30.04793357849121,779800,0.0,0.0
2003-10-13 00:00:00-04:00,30.2316011342185,30.694440137250066,30.194865477834984,30.437307357788086,429000,0.0,0.0
2003-10-14 00:00:00-04:00,30.52546546440576,30.767907334009102,30.231599843642385,30.76055908203125,478100,0.0,0.0
2003-10-15 00:00:00-04:00,30.760564413044936,30.98831262069987,30.41527217874307,30.679750442504883,424900,0.0,0.0
2003-10-16 00:00:00-04:00,31.590736931577744,32.41356464368983,31.561349526939452,32.25928497314453,1728500,0.0,0.0
2003-10-17 00:00:00-04:00,32.266628637174385,32.296016040186174,31.671549140139195,31.818483352661133,884200,0.0,0.0
2003-10-20 00:00:00-04:00,32.06092030160521,32.48702920949489,32.06092030160521,32.325401306152344,1179000,0.0,0.0
2003-10-21 00:00:00-04:00,32.25928048047167,32.39886642925803,31.781745030484696,31.811132431030273,728400,0.0,0.0
2003-10-22 00:00:00-04:00,31.774406306153104,31.774406306153104,31.03239250183105,31.032392501831055,975900,0.0,0.0
2003-10-23 00:00:00-04:00,31.061772563337534,32.61927126365034,31.039733412755687,32.369483947753906,1330000,0.0,0.0
2003-10-24 00:00:00-04:00,32.376837909080464,32.435612729466754,31.84787573575458,32.18582534790039,993900,0.0,0.0
2003-10-27 00:00:00-05:00,32.193157548463255,32.81762434407954,32.17846384941461,32.685386657714844,1103300,0.0,0.0
2003-10-28 00:00:00-05:00,32.86906411224997,33.96371841430664,32.86906411224997,33.96371841430664,2647800,0.0,0.0
2003-10-29 00:00:00-05:00,33.96370348904695,34.029823725402814,33.62575685991085,33.669837951660156,1199300,0.0,0.0
2003-10-30 00:00:00-05:00,33.96371464136151,34.82327799623368,33.79474127130942,34.61756896972656,1593200,0.0,0.0
2003-10-31 00:00:00-05:00,34.54410131659939,34.54410131659939,34.00044558060311,34.08860778808594,765600,0.0,0.0
2003-11-03 00:00:00-05:00,34.206156808180324,34.83796918745483,34.206156808180324,34.764503479003906,461900,0.0,0.0
2003-11-04 00:00:00-05:00,34.76448867162483,34.76448867162483,33.81676630257458,33.92696762084961,883700,0.0,0.0
2003-11-05 00:00:00-05:00,34.02984084903811,34.21350795327624,33.50822694561084,33.98575973510742,532200,0.0,0.0
2003-11-06 00:00:00-05:00,33.94166693365168,34.33838838205042,33.94166693365168,34.21349334716797,681700,0.0,0.0
2003-11-07 00:00:00-05:00,34.49267841304559,35.05102510682865,34.455945557309654,34.904090881347656,1109600,0.0,0.0
2003-11-10 00:00:00-05:00,34.93347364943113,35.08775330456333,34.33839417891066,34.36777877807617,408200,0.0,0.0
2003-11-11 00:00:00-05:00,34.3457470930488,34.58818900598243,34.05922687051813,34.12534713745117,330400,0.0,0.0
2003-11-12 00:00:00-05:00,34.044531121854156,34.72042465209961,34.02249196837925,34.72042465209961,469200,0.0,0.0
2003-11-13 00:00:00-05:00,34.63960895853667,34.98490112881653,34.46328734618382,34.83796691894531,424200,0.0,0.0
2003-11-14 00:00:00-05:00,34.933471136053704,35.249378675283374,34.53674964922528,34.544097900390625,563200,0.0,0.0
2003-11-17 00:00:00-05:00,34.41921068467495,34.54410576007263,34.02249191011937,34.411865234375,448500,0.0,0.0
2003-11-18 00:00:00-05:00,34.27226473396972,34.507358279459126,33.84615593118509,33.8535041809082,344000,0.0,0.0
2003-11-19 00:00:00-05:00,34.0151344194275,34.0151344194275,33.58168010347806,33.71392059326172,321600,0.0,0.0
2003-11-20 00:00:00-05:00,33.76534199944758,33.88288877219229,33.53759670368129,33.8535041809082,476900,0.0,0.0
2003-11-21 00:00:00-05:00,34.01513969866093,34.40451578013898,34.00779424921583,34.19880676269531,522900,0.0,0.0
2003-11-24 00:00:00-05:00,34.38248010422592,34.63961572234365,34.250239569773946,34.338401794433594,503700,0.0,0.0
2003-11-25 00:00:00-05:00,34.4559385041632,34.654296445040735,34.34573715697641,34.544097900390625,414600,0.0,0.0
2003-11-26 00:00:00-05:00,34.30900411068115,34.70572559521915,34.30900411068115,34.67633819580078,517900,0.0,0.0
2003-11-28 00:00:00-05:00,34.381850997116615,34.66161844656496,34.381850997116615,34.55854415893555,169700,0.1,0.0
2003-12-01 00:00:00-05:00,34.74996463742454,35.000282287597656,34.691065045154566,35.000282287597656,450400,0.0,0.0
2003-12-02 00:00:00-05:00,35.000275149059945,35.40519993362395,34.816218173486625,34.95610046386719,546000,0.0,0.0
2003-12-03 00:00:00-05:00,35.176985894683334,35.26533530932728,34.6395395937952,34.72788619995117,431800,0.0,0.0
2003-12-04 00:00:00-05:00,34.7131567143455,34.720517759754415,34.01373944402866,34.426025390625,590400,0.0,0.0
2003-12-05 00:00:00-05:00,34.30824502721693,34.345058696916254,33.96958061049709,34.20517349243164,807000,0.0,0.0
2003-12-08 00:00:00-05:00,34.2051466263796,34.514363796352946,34.138886004848636,34.219871520996094,634500,0.0,0.0
2003-12-09 00:00:00-05:00,34.23460093310517,34.241961977141514,33.41738742921508,33.42475128173828,375700,0.0,0.0
2003-12-10 00:00:00-05:00,33.64561911237722,33.64561911237722,33.203880641061744,33.299591064453125,552700,0.0,0.0
2003-12-11 00:00:00-05:00,33.203880641061744,33.38793763532148,32.651709658282535,33.299591064453125,1538500,0.0,0.0
2003-12-12 00:00:00-05:00,33.29959878262296,33.60145221083294,33.292237736880644,33.57200241088867,654800,0.0,0.0
2003-12-15 00:00:00-05:00,33.704520731960116,33.866491808892484,33.351131589233624,33.46156692504883,387700,0.0,0.0
2003-12-16 00:00:00-05:00,33.3143143035464,33.55727087195528,33.21124284124689,33.483646392822266,979600,0.0,0.0
2003-12-17 00:00:00-05:00,33.498370321981746,34.47755480254403,33.43947074037501,34.30821990966797,896500,0.0,0.0
2003-12-18 00:00:00-05:00,34.381868471919155,34.83832931518555,34.34505761187146,34.83832931518555,809700,0.0,0.0
2003-12-19 00:00:00-05:00,34.89720618062175,34.9192921205498,34.00636822087129,34.12416458129883,602000,0.0,0.0
2003-12-22 00:00:00-05:00,34.11679894447526,34.61007025970631,34.050538325124755,34.48491287231445,419900,0.0,0.0
2003-12-23 00:00:00-05:00,34.61008604811245,34.8088679968442,34.38921815235085,34.565914154052734,522300,0.0,0.0
2003-12-24 00:00:00-05:00,34.602725001931724,34.911939494300434,34.55855029938433,34.565914154052734,184000,0.0,0.0
2003-12-26 00:00:00-05:00,34.57327421824455,34.8824915103182,34.426028022423175,34.52910232543945,163700,0.0,0.0
2003-12-29 00:00:00-05:00,34.529096173634784,34.875121442405415,34.41129979966215,34.64689254760742,288400,0.0,0.0
2003-12-30 00:00:00-05:00,34.52909717095717,34.705790332776104,34.45547267979331,34.55854415893555,204800,0.0,0.0
2003-12-31 00:00:00-05:00,34.64689238131594,34.82358553718329,34.49228235932316,34.661617279052734,296200,0.0,0.0
2004-01-02 00:00:00-05:00,34.71315250075601,35.22114882693036,34.67633885271786,34.74259948730469,288100,0.0,0.0
2004-01-05 00:00:00-05:00,34.808865235025095,35.70706445614302,34.786779289747585,35.559818267822266,1020300,0.0,0.0
2004-01-06 00:00:00-05:00,35.60399160265714,35.891120114212875,35.55245585999265,35.71442413330078,1397600,0.0,0.0
2004-01-07 00:00:00-05:00,35.765963478107004,35.927931755009254,35.69970283485555,35.89112091064453,930200,0.0,0.0
2004-01-08 00:00:00-05:00,36.07517226267545,36.30340395539258,35.869029319890274,35.96473693847656,824200,0.0,0.0
2004-01-09 00:00:00-05:00,35.84693776855068,35.84693776855068,35.26531982421875,35.26531982421875,746200,0.0,0.0
2004-01-12 00:00:00-05:00,35.2285173419041,35.265330997748855,34.67634620608437,35.04446029663086,1083200,0.0,0.0
2004-01-13 00:00:00-05:00,35.044459925961846,35.2285169692883,35.015012933480186,35.19906997680664,858100,0.0,0.0
2004-01-14 00:00:00-05:00,35.302149553314536,36.0457389428463,35.26533869791978,35.95003128051758,1341300,0.0,0.0
2004-01-15 00:00:00-05:00,36.075170264054066,36.494819979181464,36.00890963490306,36.17824172973633,1072400,0.0,0.0
2004-01-16 00:00:00-05:00,36.178249428571704,36.178249428571704,35.707063880333536,35.89112091064453,581000,0.0,0.0
2004-01-20 00:00:00-05:00,35.89848434672611,35.957383948421906,35.55982006243803,35.64816665649414,809300,0.0,0.0
2004-01-21 00:00:00-05:00,35.61871337890625,35.846942273985555,35.55245274293453,35.61871337890625,884200,0.0,0.0
2004-01-22 00:00:00-05:00,35.78068659943656,35.846947244596116,35.118082956328465,35.76596450805664,1290700,0.0,0.0
2004-01-23 00:00:00-05:00,35.89111211574311,36.13406868429254,35.33894116011629,35.45673751831055,544600,0.0,0.0
2004-01-26 00:00:00-05:00,35.456743826966346,35.5819040595907,35.34630849279704,35.44938278198242,881100,0.0,0.0
2004-01-27 00:00:00-05:00,35.493560318215714,35.52301011981322,35.24324262161224,35.412574768066406,938000,0.0,0.0
2004-01-28 00:00:00-05:00,35.41256470266997,35.41256470266997,34.27141189575195,34.27141189575195,1261000,0.0,0.0
2004-01-29 00:00:00-05:00,34.050547411137636,34.057908455924625,33.586722951917636,33.90330123901367,1883500,0.0,0.0
2004-01-30 00:00:00-05:00,33.9032951170601,34.32294480632019,33.66770240759782,34.1462516784668,688800,0.0,0.0
2004-02-02 00:00:00-05:00,34.14625351277407,34.160978408967296,33.16706897957516,33.24805450439453,970400,0.0,0.0
2004-02-03 00:00:00-05:00,33.17442696169476,33.17442696169476,32.76213836669922,32.76213836669922,754200,0.0,0.0
2004-02-04 00:00:00-05:00,32.76950685433746,33.10817386682466,32.56336391424806,33.06399917602539,677500,0.0,0.0
2004-02-05 00:00:00-05:00,33.064001433982824,33.82967927587044,32.78423399012252,33.52046203613281,1054400,0.0,0.0
2004-02-06 00:00:00-05:00,33.424750604388144,33.93274688720703,33.10080850361658,33.93274688720703,1161100,0.0,0.0
2004-02-09 00:00:00-05:00,33.94011010278127,33.9548349999846,33.652981628533794,33.70451736450195,502800,0.0,0.0
2004-02-10 00:00:00-05:00,33.6677054029938,33.68243029970609,33.100809517761746,33.10817337036133,1039400,0.0,0.0
2004-02-11 00:00:00-05:00,33.14498437342294,33.306955429580086,32.95356352369416,33.093448638916016,773200,0.0,0.0
2004-02-12 00:00:00-05:00,33.100816044122396,33.100816044122396,32.65908028960599,32.83577346801758,442500,0.0,0.0
2004-02-13 00:00:00-05:00,32.75477996305287,32.86521246112792,32.4234768518547,32.61489486694336,495000,0.0,0.0
2004-02-17 00:00:00-05:00,32.65169801781419,32.8136690137352,32.29830905183857,32.452919006347656,672900,0.0,0.0
2004-02-18 00:00:00-05:00,32.46764700541764,32.60753209410683,32.09953308105469,32.09953308105469,931600,0.0,0.0
2004-02-19 00:00:00-05:00,32.209976890573145,32.48974433337052,31.98174518612173,31.98910903930664,889600,0.0,0.0
2004-02-20 00:00:00-05:00,32.02592086337533,32.05537066004525,31.50319961067671,31.540010452270508,815000,0.0,0.0
2004-02-23 00:00:00-05:00,31.724058296281978,31.724058296281978,30.796412437289423,30.92156982421875,846400,0.0,0.0
2004-02-24 00:00:00-05:00,30.77431156749766,31.260221646671848,30.68596504632561,30.94364356994629,828400,0.0,0.0
2004-02-25 00:00:00-05:00,31.017281435686233,31.473741935865256,30.855310403031602,31.355945587158203,1147800,0.0,0.0
2004-02-26 00:00:00-05:00,31.289683750697545,32.20996856689453,31.289683750697545,32.20996856689453,769300,0.0,0.0
2004-02-27 00:00:00-05:00,32.202616046614004,32.946205139160156,32.151077499459674,32.946205139160156,1286500,0.0,0.0
2004-03-01 00:00:00-05:00,32.91675399410687,33.35112863684681,32.81368252099688,33.22597122192383,699900,0.0,0.0
2004-03-02 00:00:00-05:00,33.22597616394986,33.42475809529463,33.10081592192356,33.37322235107422,496800,0.0,0.0
2004-03-03 00:00:00-05:00,33.29959720568922,33.351132948907406,32.93148314928077,33.30696105957031,596100,0.0,0.0
2004-03-04 00:00:00-05:00,33.23333446420038,33.96956253051758,33.21860956585557,33.96956253051758,730800,0.0,0.0
2004-03-05 00:00:00-05:00,33.623532111869544,33.72660639314428,32.49710414713644,32.54127883911133,2253400,0.0,0.0
2004-03-08 00:00:00-05:00,32.541271869102204,32.541271869102204,31.73141954061341,31.81976890563965,1073100,0.0,0.0
2004-03-09 00:00:00-05:00,31.724068857659837,31.738793756639478,31.142447986157045,31.260244369506836,934200,0.0,0.0
2004-03-10 00:00:00-05:00,31.40011901596549,31.45165474093441,30.627077524458933,30.634441375732422,959200,0.0,0.0
2004-03-11 00:00:00-05:00,31.473759528684646,31.473759528684646,30.737531235616,30.9289493560791,1143700,0.0,0.0
2004-03-12 00:00:00-05:00,31.06881862486361,31.3485860193916,30.87003675047425,31.06145477294922,840800,0.0,0.0
2004-03-15 00:00:00-05:00,30.921581584567807,30.943667529840802,30.25897514150352,30.332599639892578,832500,0.0,0.0
2004-03-16 00:00:00-05:00,30.84795927545218,31.72406972503987,30.67126329135272,31.510562896728516,1050900,0.0,0.0
2004-03-17 00:00:00-05:00,31.952300589172758,32.68852868746257,31.863951195267116,32.43084716796875,1085000,0.0,0.0
2004-03-18 00:00:00-05:00,32.40876496024293,32.45293966228879,32.09218661680003,32.158447265625,1026600,0.0,0.0
2004-03-19 00:00:00-05:00,32.26887975325595,32.32041549682617,32.18053035700353,32.32041549682617,879500,0.0,0.0
2004-03-22 00:00:00-05:00,32.06273922085324,32.09955007107593,31.91549301147461,31.91549301147461,757200,0.0,0.0
2004-03-23 00:00:00-05:00,32.09953364517402,32.53390819589548,31.967012405395508,31.967012405395508,645800,0.0,0.0
2004-03-24 00:00:00-05:00,31.967026029096537,32.45293932102844,31.878679434421468,32.187896728515625,699000,0.0,0.0
2004-03-25 00:00:00-05:00,32.452937311963325,33.13026584335347,32.37931281388563,32.83577346801758,880100,0.0,0.0
2004-03-26 00:00:00-05:00,32.872585130405554,33.881216820839974,32.762149794221145,33.733970642089844,863500,0.0,0.0
2004-03-29 00:00:00-05:00,34.013731745182724,34.477556138606545,33.837035802001886,34.15361404418945,949500,0.0,0.0
2004-03-30 00:00:00-05:00,34.153614373527404,34.19778906187027,33.75605060390192,34.12416458129883,472800,0.0,0.0
2004-03-31 00:00:00-05:00,34.02108570334303,34.28612815867045,33.53517547140483,34.23459243774414,1074200,0.0,0.0
2004-04-01 00:00:00-05:00,34.08734280986909,34.63215255737305,33.97691033716936,34.63215255737305,958800,0.0,0.0
2004-04-02 00:00:00-05:00,35.94265184368198,35.94265184368198,35.40520572412722,35.854305267333984,1282100,0.0,0.0
2004-04-05 00:00:00-04:00,35.68497300035321,35.7880444737151,35.35366982991356,35.74386978149414,713500,0.0,0.0
2004-04-06 00:00:00-04:00,35.55982058509347,35.55982058509347,34.963477555840235,35.04446029663086,911000,0.0,0.0
2004-04-07 00:00:00-04:00,35.1107179182394,35.515645629720275,35.03709622987236,35.221153259277344,594700,0.0,0.0
2004-04-08 00:00:00-04:00,35.40521425643204,35.51564960984612,35.16962145707051,35.33159255981445,422400,0.0,0.0
2004-04-12 00:00:00-04:00,35.3315820917986,35.89111412238255,35.302132298481844,35.655521392822266,311500,0.0,0.0
2004-04-13 00:00:00-04:00,35.765966007270634,35.79541299975229,35.19906997680664,35.19906997680664,654500,0.0,0.0
2004-04-14 00:00:00-04:00,35.15488763361369,35.36103057861328,35.00764146926241,35.36103057861328,694800,0.0,0.0
2004-04-15 00:00:00-04:00,35.36102894024776,35.36102894024776,34.52172949336543,34.970829010009766,579800,0.0,0.0
2004-04-16 00:00:00-04:00,35.081263164793285,35.26532015346799,34.82358169555664,34.82358169555664,618900,0.0,0.0
2004-04-19 00:00:00-04:00,36.215060415350216,36.215060415350216,34.49228649252507,35.316864013671875,1106600,0.0,0.0
2004-04-20 00:00:00-04:00,35.383120910653155,36.62734529764857,35.368396012711024,36.00155258178711,1132500,0.0,0.0
2004-04-21 00:00:00-04:00,36.0015542797084,36.73041850705269,35.964740628873294,36.66415786743164,949400,0.0,0.0
2004-04-22 00:00:00-04:00,36.07517753700249,36.443291593502515,35.986830949818945,36.207698822021484,1291300,0.0,0.0
2004-04-23 00:00:00-04:00,36.664152896195056,36.8482098914656,36.35493849221424,36.51690673828125,876800,0.0,0.0
2004-04-26 00:00:00-04:00,36.51690272647377,36.75985928161297,35.73650294969426,35.95737075805664,585900,0.0,0.0
2004-04-27 00:00:00-04:00,35.94265469605628,36.00155429062051,35.49355511720942,35.69233703613281,1308000,0.0,0.0
2004-04-28 00:00:00-04:00,35.58190092088845,35.59662300955765,35.04445200439293,35.10335159301758,815400,0.0,0.0
2004-04-29 00:00:00-04:00,34.89720434714532,35.08126132617354,34.381844244168974,34.735233306884766,643400,0.0,0.0
2004-04-30 00:00:00-04:00,34.72052041406592,34.9119385026924,34.470202723715865,34.52910232543945,332200,0.0,0.0
2004-05-03 00:00:00-04:00,34.63952161466104,35.574531370679956,34.6027107819095,35.302127838134766,539700,0.0,0.0
2004-05-04 00:00:00-04:00,35.11806636534694,35.49354130487218,34.82357412410217,35.11070251464844,425400,0.0,0.0
2004-05-05 00:00:00-04:00,35.15488367793031,35.50827274751728,34.93401586049929,35.37575149536133,311800,0.0,0.0
2004-05-06 00:00:00-04:00,35.302128359643866,35.89111011782887,35.05181076135442,35.67024230957031,907800,0.0,0.0
2004-05-07 00:00:00-04:00,35.70706549604419,36.11199041935336,35.338951418765376,35.434661865234375,753300,0.0,0.0
2004-05-10 00:00:00-04:00,35.44202367576086,35.44202367576086,34.53646336313466,35.0886344909668,919700,0.0,0.0
2004-05-11 00:00:00-04:00,35.04446067356057,35.419938622709616,34.786781930801546,35.412574768066406,541900,0.0,0.0
2004-05-12 00:00:00-04:00,35.3389386708863,35.346299714042004,34.63952161466104,35.302127838134766,449700,0.0,0.0
2004-05-13 00:00:00-04:00,35.338938998205236,35.44201045425882,35.066535463136965,35.27267837524414,366300,0.0,0.0
2004-05-14 00:00:00-04:00,35.154893266393785,35.154893266393785,34.55854746903927,34.60272216796875,335500,0.0,0.0
2004-05-17 00:00:00-04:00,34.455461005930204,34.46282485679523,33.748682981143766,33.999000549316406,487900,0.0,0.0
2004-05-18 00:00:00-04:00,34.19779951344797,34.3744927038471,33.90330711813257,34.2125244140625,343500,0.0,0.0
2004-05-19 00:00:00-04:00,34.39657566346931,34.543819027830075,33.88857650756836,33.88857650756836,409000,0.0,0.0
2004-05-20 00:00:00-04:00,33.866493225097656,33.984289610932414,33.756057884664344,33.866493225097656,271300,0.0,0.0
2004-05-21 00:00:00-04:00,33.866493225097656,34.16098559392824,33.7928715371337,33.866493225097656,123100,0.0,0.0
2004-05-24 00:00:00-04:00,33.94011290065508,34.09472292979192,33.79286953345764,33.954837799072266,355200,0.0,0.0
2004-05-25 00:00:00-04:00,33.829685001653615,34.57327421824455,33.756060499499135,34.52910232543945,447700,0.0,0.0
2004-05-26 00:00:00-04:00,34.49227903851124,35.27268169250396,34.49227903851124,35.19169616699219,566400,0.0,0.0
2004-05-27 00:00:00-04:00,35.17697458519912,35.331584606874536,34.72051399024383,35.23587417602539,517300,0.0,0.0
2004-05-28 00:00:00-04:00,35.221144965701704,35.26531965341248,34.89720568128286,35.154884338378906,175400,0.0,0.0
2004-06-01 00:00:00-04:00,35.16226637630038,35.38359774684134,34.99257889840627,35.36146545410156,467000,0.1,0.0
2004-06-02 00:00:00-04:00,35.48689486216106,35.995960244065216,35.48689486216106,35.782005310058594,575000,0.0,0.0
2004-06-03 00:00:00-04:00,35.74511383197414,35.74511383197414,34.80076217651367,34.80076217651367,367200,0.0,0.0
2004-06-04 00:00:00-04:00,35.04422282061962,35.55328525473144,34.896667635340805,35.398353576660156,305100,0.0,0.0
2004-06-07 00:00:00-04:00,35.44998958529433,36.06234248298116,35.37621341625323,35.95167541503906,346000,0.0,0.0
2004-06-08 00:00:00-04:00,35.92955672775326,36.003332924721136,35.686090211872525,35.81888961791992,320900,0.0,0.0
2004-06-09 00:00:00-04:00,36.15088921218513,36.261556325322005,35.85577878674118,35.92955780029297,381900,0.0,0.0
2004-06-10 00:00:00-04:00,35.90742540080844,36.06973642849869,35.531162253614085,35.7451171875,153700,0.0,0.0
2004-06-14 00:00:00-04:00,35.78199700187656,36.01808417962505,35.354087233219204,35.47213363647461,168700,0.0,0.0
2004-06-15 00:00:00-04:00,35.92954919327722,36.416479308547245,35.92954919327722,36.24679183959961,659000,0.0,0.0
2004-06-16 00:00:00-04:00,36.24679411901824,36.50501358487677,35.885284052435196,36.43861389160156,293000,0.0,0.0
2004-06-17 00:00:00-04:00,36.29843411219232,36.50500966268413,36.0475911661462,36.327945709228516,639900,0.0,0.0
2004-06-18 00:00:00-04:00,36.00332603809445,36.51976776123047,36.00332603809445,36.51976776123047,542900,0.0,0.0
2004-06-21 00:00:00-04:00,36.445998549672964,36.46075153756133,35.80413381565004,35.81888961791992,360300,0.0,0.0
2004-06-22 00:00:00-04:00,35.782006371844595,36.276313150201815,35.782006371844595,36.143516540527344,868500,0.0,0.0
2004-06-23 00:00:00-04:00,36.22465508438799,36.54189771626677,35.98856793708947,36.15087890625,371900,0.0,0.0
2004-06-24 00:00:00-04:00,36.224652647268535,36.82962627331721,35.92954514019001,36.80011749267578,643000,0.0,0.0
2004-06-25 00:00:00-04:00,36.80751250552652,37.47888615101504,36.52715784050588,36.81489181518555,877900,0.0,0.0
2004-06-28 00:00:00-04:00,37.10999517639553,37.61168122863761,37.02883966582964,37.2280387878418,935000,0.0,0.0
2004-06-29 00:00:00-04:00,37.346082377940064,37.73710412731746,37.18377417128278,37.40510559082031,827400,0.0,0.0
2004-06-30 00:00:00-04:00,37.405093630744034,37.52313720437904,37.05096290983903,37.45673751831055,571800,0.0,0.0
2004-07-01 00:00:00-04:00,37.44936730855644,37.456746616790305,36.36484259184097,36.37221908569336,722000,0.0,0.0
2004-07-02 00:00:00-04:00,36.15827008571545,36.19516100415024,35.60494008177681,35.8779182434082,530000,0.0,0.0
2004-07-06 00:00:00-04:00,35.818893359888804,36.00333668595865,35.4573860168457,35.4573860168457,353700,0.0,0.0
2004-07-07 00:00:00-04:00,35.41309974518761,35.89265326332248,34.660571037876736,34.763858795166016,1230200,0.0,0.0
2004-07-08 00:00:00-04:00,34.76386741152358,35.27293264773781,34.36547207957545,34.446624755859375,677300,0.0,0.0
2004-07-09 00:00:00-04:00,34.52777580174771,34.52777580174771,34.085113127953505,34.38759994506836,458000,0.0,0.0
2004-07-12 00:00:00-04:00,34.40975074758582,34.638461513579536,34.07037566079423,34.36548614501953,269600,0.0,0.0
2004-07-13 00:00:00-04:00,34.27692358860894,34.52776645300894,34.09248038873776,34.29167938232422,307900,0.0,0.0
2004-07-14 00:00:00-04:00,34.2326698582295,34.2326698582295,32.30708179172674,32.96369934082031,1352900,0.0,0.0
2004-07-15 00:00:00-04:00,32.96371560386523,33.93757626277695,32.712872536304204,33.863800048828125,981200,0.0,0.0
2004-07-16 00:00:00-04:00,33.84903647888778,33.90068037968234,33.07437515258789,33.07437515258789,397900,0.0,0.0
2004-07-19 00:00:00-04:00,33.074372410192154,33.0891253968689,32.41775192782574,32.83090591430664,739700,0.0,0.0
2004-07-20 00:00:00-04:00,32.42512863410138,33.568676387730264,32.42512863410138,33.0522346496582,1925400,0.0,0.0
2004-07-21 00:00:00-04:00,33.19978746317201,33.5317859006799,32.58005798461756,32.64645767211914,718000,0.0,0.0
2004-07-22 00:00:00-04:00,32.64646542349527,32.85304102726784,31.7242488861084,31.7242488861084,1827400,0.0,0.0
2004-07-23 00:00:00-04:00,31.798015445986103,31.908682522684096,31.04548945621016,31.510284423828125,1772000,0.0,0.0
2004-07-26 00:00:00-04:00,31.613588602963713,31.989854607527516,31.50292428320775,31.731632232666016,856500,0.0,0.0
2004-07-27 00:00:00-04:00,31.709494488994856,32.35135643943349,31.657850585763107,32.240692138671875,591800,0.0,0.0
2004-07-28 00:00:00-04:00,32.31446386162079,32.343975463487354,31.333227021798102,31.61357879638672,882100,0.0,0.0
2004-07-29 00:00:00-04:00,31.6135752798924,32.52841513532619,31.6135752798924,32.402992248535156,714900,0.0,0.0
2004-07-30 00:00:00-04:00,32.4620186222049,32.4620186222049,31.960332654711237,32.13002014160156,520700,0.0,0.0
2004-08-02 00:00:00-04:00,32.31446026716445,32.469391938158424,31.79064205701476,32.402992248535156,670000,0.0,0.0
2004-08-03 00:00:00-04:00,32.40300422012951,32.40300422012951,31.724254088215233,31.812786102294922,454100,0.0,0.0
2004-08-04 00:00:00-04:00,31.76112772587832,31.81277161176649,31.311085736526532,31.66521644592285,574600,0.0,0.0
2004-08-05 00:00:00-04:00,31.650464216376438,31.657840708373055,30.846291498468332,30.986467361450195,603300,0.0,0.0
2004-08-06 00:00:00-04:00,30.278215324138905,30.33723572157407,29.105155725905433,29.311731338500977,4084800,0.0,0.0
2004-08-09 00:00:00-04:00,29.54781344427409,30.138031388407104,29.4814137496603,29.584701538085938,922100,0.0,0.0
2004-08-10 00:00:00-04:00,29.51093216898031,30.248705473204822,29.51093216898031,30.019994735717773,550000,0.0,0.0
2004-08-11 00:00:00-04:00,29.953591918528403,29.98310352308763,29.41501780003928,29.510929107666016,759500,0.0,0.0
2004-08-12 00:00:00-04:00,29.547808685828034,29.547808685828034,28.751015293161167,28.773147583007812,709800,0.0,0.0
2004-08-13 00:00:00-04:00,28.957598495761655,29.060886294872258,28.396892094426335,28.559200286865234,899300,0.0,0.0
2004-08-16 00:00:00-04:00,28.6255916300805,29.496163988934267,28.6255916300805,29.37812042236328,632100,0.0,0.0
2004-08-17 00:00:00-04:00,29.41501201543875,30.189673189297917,29.37812392418469,29.968341827392578,634500,0.0,0.0
2004-08-18 00:00:00-04:00,29.87981340239681,30.174923796321146,29.6584820141442,30.101144790649414,539000,0.0,0.0
2004-08-19 00:00:00-04:00,29.95358605926541,30.18967322079488,29.80603369409522,30.005229949951172,674200,0.0,0.0
2004-08-20 00:00:00-04:00,29.820779848773952,30.54379978153163,29.80602686714082,30.418376922607422,483300,0.0,0.0
2004-08-23 00:00:00-04:00,30.418383205575317,30.506915185562153,29.687989445517346,29.732254028320312,403100,0.0,0.0
2004-08-24 00:00:00-04:00,29.76914517179448,29.931456163733767,29.51092569769215,29.91670036315918,686600,0.0,0.0
2004-08-25 00:00:00-04:00,29.990474893441604,30.993843853446812,29.894563611200976,30.986467361450195,888300,0.0,0.0
2004-08-26 00:00:00-04:00,30.802032237281804,31.111895641819597,30.794655743337266,30.97171974182129,357000,0.0,0.0
2004-08-27 00:00:00-04:00,30.979083980663894,31.045483651391287,30.529042080664922,30.838905334472656,210000,0.0,0.0
2004-08-30 00:00:00-04:00,30.765133352211734,31.067620156749886,30.595445907166482,30.99384117126465,405100,0.0,0.0
2004-08-31 00:00:00-04:00,30.993855050290406,31.15616607666016,30.868434940373263,31.156166076660156,622300,0.0,0.0
2004-09-01 00:00:00-04:00,31.060241652223127,31.62095069885254,31.060241652223127,31.62095069885254,816000,0.0,0.0
2004-09-02 00:00:00-04:00,31.488158233859245,32.056243896484375,31.451270139274488,32.056243896484375,582900,0.0,0.0
2004-09-03 00:00:00-04:00,32.07100003562785,33.51703474790698,32.07100003562785,33.347347259521484,1295000,0.0,0.0
2004-09-07 00:00:00-04:00,33.458002661078105,33.745736479994854,32.86778485505753,33.126007080078125,897000,0.0,0.0
2004-09-08 00:00:00-04:00,33.05224275296283,33.32521808160694,32.616956400290576,32.67597961425781,673900,0.0,0.0
2004-09-09 00:00:00-04:00,32.90467614727534,33.31045356694509,32.720232889018455,32.96369934082031,407200,0.0,0.0
2004-09-10 00:00:00-04:00,32.904674412513536,32.91943021012184,32.439879452564725,32.653831481933594,742000,0.0,0.0
2004-09-13 00:00:00-04:00,32.72024485202527,33.362109651788664,32.68335674976321,33.27357482910156,573500,0.0,0.0
2004-09-14 00:00:00-04:00,33.16290174152402,33.16290174152402,32.75712709531778,33.0522346496582,613400,0.0,0.0
2004-09-15 00:00:00-04:00,33.05223309458636,33.34734344942322,32.97107760628718,33.2071647644043,522300,0.0,0.0
2004-09-16 00:00:00-04:00,33.207170234894136,33.605568435241025,33.19979374127944,33.339969635009766,349600,0.0,0.0
2004-09-17 00:00:00-04:00,33.38423807356093,33.51703747778859,33.08912766097023,33.19979476928711,286100,0.0,0.0
2004-09-20 00:00:00-04:00,33.12601359966725,33.12601359966725,32.60957186236475,32.838279724121094,240100,0.0,0.0
2004-09-21 00:00:00-04:00,32.904679543349204,33.31783349766309,32.83090335818436,33.303077697753906,311300,0.0,0.0
2004-09-22 00:00:00-04:00,33.303080345503034,33.39899164534757,32.8973056660733,32.90468215942383,430800,0.0,0.0
2004-09-23 00:00:00-04:00,32.83089590072632,33.00796264503515,32.45463293884313,32.46200942993164,335500,0.0,0.0
2004-09-24 00:00:00-04:00,32.535794560012306,33.41374640353056,32.521041573771726,33.36210250854492,594400,0.0,0.0
2004-09-27 00:00:00-04:00,33.177657450560794,33.25881294245606,32.8309031904196,32.94157028198242,292000,0.0,0.0
2004-09-28 00:00:00-04:00,33.015355238266665,33.37686539428741,32.98584363075849,33.16291046142578,360800,0.0,0.0
2004-09-29 00:00:00-04:00,32.97846111050562,33.03010500701807,32.683350718107654,32.83090591430664,1108400,0.0,0.0
2004-09-30 00:00:00-04:00,32.79401287742843,32.94894454362058,32.580058015897826,32.823524475097656,579600,0.0,0.0
2004-10-01 00:00:00-04:00,32.941576496083805,34.29170007017999,32.68335417185316,34.17365646362305,1063800,0.0,0.0
2004-10-04 00:00:00-04:00,34.23267632201915,34.23267632201915,33.72361103190512,33.87116622924805,334200,0.0,0.0
2004-10-05 00:00:00-04:00,33.790013950377435,33.96708076694072,33.50965933014456,33.63508224487305,411500,0.0,0.0
2004-10-06 00:00:00-04:00,33.753134051232024,33.79002215944982,32.97847252112938,33.258827209472656,1473200,0.0,0.0
2004-10-07 00:00:00-04:00,33.258822333177754,33.71624099965417,33.170287509177015,33.612953186035156,434100,0.0,0.0
2004-10-08 00:00:00-04:00,33.56867674934344,33.576053242169465,32.46201707628816,32.63908386230469,902200,0.0,0.0
2004-10-11 00:00:00-04:00,32.609573758399364,32.64646185298412,31.798021605628655,32.056243896484375,968200,0.0,0.0
2004-10-12 00:00:00-04:00,31.79801263047586,32.18903420297382,31.79801263047586,31.864412307739258,749900,0.0,0.0
2004-10-13 00:00:00-04:00,32.01935362096311,32.03410660628717,31.13402533932532,31.26682472229004,842700,0.0,0.0
2004-10-14 00:00:00-04:00,31.340597267386645,31.8570389395749,31.060242734304904,31.09713363647461,709700,0.0,0.0
2004-10-15 00:00:00-04:00,31.17092099497912,31.39225241549908,30.949589574459157,30.979101181030273,743100,0.0,0.0
2004-10-18 00:00:00-04:00,30.89794567015056,31.060253877528286,30.374124503849213,30.979101181030273,1598100,0.0,0.0
2004-10-19 00:00:00-04:00,32.16690818023864,32.69810574827902,32.041488095774234,32.056243896484375,2789300,0.0,0.0
2004-10-20 00:00:00-04:00,32.03410878822855,32.35135146754364,31.857044808469237,32.056243896484375,1615900,0.0,0.0
2004-10-21 00:00:00-04:00,32.240688053852004,33.17766031637271,32.181664849418596,33.15552520751953,1263300,0.0,0.0
2004-10-22 00:00:00-04:00,33.052240041974855,33.55392606202044,32.919440635822696,33.07437515258789,1000800,0.0,0.0
2004-10-25 00:00:00-04:00,32.97846013552218,33.48014609913798,32.68334975184893,33.36210250854492,481600,0.0,0.0
2004-10-26 00:00:00-04:00,33.42110874738911,33.494887719262735,33.00057845803949,33.36946487426758,638700,0.0,0.0
2004-10-27 00:00:00-04:00,33.38423721018793,34.13676620988921,33.28094941276683,34.12938690185547,810400,0.0,0.0
2004-10-28 00:00:00-04:00,34.12938733449011,34.158898938236355,33.62032483458389,33.75312423706055,427800,0.0,0.0
2004-10-29 00:00:00-04:00,33.79000619482841,33.80476199402037,33.04485662911056,33.38423156738281,726300,0.0,0.0
2004-11-01 00:00:00-05:00,33.50965835689321,34.32858708274806,33.33259435985413,34.240055084228516,1017700,0.0,0.0
2004-11-02 00:00:00-05:00,34.23266493713571,34.92617047531009,34.09986558513078,34.15888595581055,594300,0.0,0.0
2004-11-03 00:00:00-05:00,34.675343079974326,34.70485468570675,33.930193328711304,34.1957893371582,515200,0.0,0.0
2004-11-04 00:00:00-05:00,34.158895422827506,34.85978046057238,33.900675952575725,34.83026885986328,598900,0.0,0.0
2004-11-05 00:00:00-05:00,35.191782891089424,35.818888997600595,34.977827983453764,35.54591369628906,1286800,0.0,0.0
2004-11-08 00:00:00-05:00,35.56067053465995,35.634446732500244,35.1991604107268,35.405738830566406,355200,0.0,0.0
2004-11-09 00:00:00-05:00,35.52378631424069,35.52378631424069,35.02947672872086,35.26556396484375,529800,0.0,0.0
2004-11-10 00:00:00-05:00,35.450000433644604,36.4164843043753,35.413112337835614,36.29106140136719,782400,0.0,0.0
2004-11-11 00:00:00-05:00,36.298448263799145,36.586179411127304,36.09186981838818,36.143516540527344,545500,0.0,0.0
2004-11-12 00:00:00-05:00,36.040206676811415,36.593536376953125,35.85576344343084,36.593536376953125,380000,0.0,0.0
2004-11-15 00:00:00-05:00,36.5935444958455,36.851766768497484,36.313192745260174,36.50501251220703,575100,0.0,0.0
2004-11-16 00:00:00-05:00,36.51976378975684,36.51976378975684,35.95167823752383,36.091854095458984,407100,0.0,0.0
2004-11-17 00:00:00-05:00,36.10661151073873,36.62305320084703,36.07710272811201,36.15087890625,348200,0.0,0.0
2004-11-18 00:00:00-05:00,36.106610113549785,36.113989419706506,35.30243741968865,35.46474838256836,869200,0.0,0.0
2004-11-19 00:00:00-05:00,35.464758720239125,35.59755812596319,35.30244771004716,35.49427032470703,533100,0.0,0.0
2004-11-22 00:00:00-05:00,35.486883575725585,35.86314941784446,35.43523968592588,35.855770111083984,737600,0.0,0.0
2004-11-23 00:00:00-05:00,36.18778173210831,36.36484857187972,35.78200695834369,36.202537536621094,456700,0.0,0.0
2004-11-24 00:00:00-05:00,36.2025235065569,36.67469781044983,36.2025235065569,36.600921630859375,328300,0.0,0.0
2004-11-26 00:00:00-05:00,36.593545600702505,36.652568801164236,36.43123742819496,36.475502014160156,52200,0.0,0.0
2004-11-29 00:00:00-05:00,36.556666813174004,36.85177726184136,36.07711585206681,36.645198822021484,422900,0.0,0.0
2004-11-30 00:00:00-05:00,36.482877161715024,36.748475904747636,35.44261729442448,35.68608093261719,1105900,0.0,0.0
2004-12-01 00:00:00-05:00,35.47212969177451,35.47212969177451,34.45400209196745,35.044219970703125,1723000,0.0,0.0
2004-12-02 00:00:00-05:00,35.14794685494507,35.444305050149005,34.99236007428955,35.09608459472656,1188700,0.2,0.0
2004-12-03 00:00:00-05:00,35.1034914065265,35.1034914065265,34.458912823795124,34.651546478271484,1132800,0.0,0.0
2004-12-06 00:00:00-05:00,34.6515527600415,34.76268497197273,34.33296866519873,34.421875,404500,0.0,0.0
2004-12-07 00:00:00-05:00,34.34037836655582,34.71082474732247,34.147747492121056,34.184791564941406,304100,0.0,0.0
2004-12-08 00:00:00-05:00,34.20701291269859,34.99977066271845,34.20701291269859,34.93309020996094,634400,0.0,0.0
2004-12-09 00:00:00-05:00,34.82195563523316,35.14794739393154,34.6737765353589,34.97013473510742,388300,0.0,0.0
2004-12-10 00:00:00-05:00,35.599895130867125,35.599895130867125,34.770096064168534,35.31094741821289,487500,0.0,0.0
2004-12-13 00:00:00-05:00,35.56285185313146,35.88884364432381,35.35540278839829,35.66657638549805,434000,0.0,0.0
2004-12-14 00:00:00-05:00,35.74806671395791,36.866813257711975,35.74806671395791,36.66677474975586,925000,0.0,0.0
2004-12-15 00:00:00-05:00,36.48895803159719,36.4963657135223,35.22203245134557,35.6813850402832,1149400,0.0,0.0
2004-12-16 00:00:00-05:00,35.681388069016435,35.681388069016435,34.94790313981643,35.044219970703125,702300,0.0,0.0
2004-12-17 00:00:00-05:00,35.00717410737309,35.00717410737309,34.399642423040724,34.52559280395508,796600,0.0,0.0
2004-12-20 00:00:00-05:00,34.562653784585706,34.64414962684209,34.066254088161735,34.16257095336914,779200,0.0,0.0
2004-12-21 00:00:00-05:00,34.23664929754219,35.08867699096806,34.2292416144719,34.93309020996094,720300,0.0,0.0
2004-12-22 00:00:00-05:00,34.821960201165325,35.4517179253546,34.821960201165325,35.355403900146484,727500,0.0,0.0
2004-12-23 00:00:00-05:00,35.71103726544085,36.222252333521375,35.52581404604155,35.555450439453125,616600,0.0,0.0
2004-12-27 00:00:00-05:00,35.74066023591002,35.74806791833983,35.19980615126177,35.481346130371094,331300,0.0,0.0
2004-12-28 00:00:00-05:00,35.488751399873635,35.718426262943474,35.05903239907881,35.62211227416992,650700,0.0,0.0
2004-12-29 00:00:00-05:00,35.43689711472209,35.911067962646484,35.318351576459804,35.911067962646484,231300,0.0,0.0
2004-12-30 00:00:00-05:00,36.01479439674916,36.04443078289009,35.799934836649456,35.8962516784668,280000,0.0,0.0
2004-12-31 00:00:00-05:00,35.89624931590337,35.92588570009373,35.56284705946465,35.78511428833008,201400,0.0,0.0
2005-01-03 00:00:00-05:00,35.85920253254627,36.081469744575415,35.05162949535832,35.16276168823242,395100,0.0,0.0
2005-01-04 00:00:00-05:00,35.162773402721534,35.34058892735271,34.47374283748377,34.718238830566406,409200,0.0,0.0
2005-01-05 00:00:00-05:00,34.82195295722064,34.86640753164848,34.31814575216262,34.377418518066406,361200,0.0,0.0
2005-01-06 00:00:00-05:00,34.2292374702432,34.73304464646236,34.14773883493115,34.52559280395508,463200,0.0,0.0
2005-01-07 00:00:00-05:00,35.08126930731088,35.26649248808081,34.86641256559167,35.02199935913086,571100,0.0,0.0
2005-01-10 00:00:00-05:00,35.08866501425605,35.11830138898396,34.39963484637349,34.61449432373047,575100,0.0,0.0
2005-01-11 00:00:00-05:00,34.525601556939144,34.599692528861425,34.11811110335214,34.184791564941406,345100,0.0,0.0
2005-01-12 00:00:00-05:00,34.25886678037257,34.54040386534668,33.81432963213715,34.42927169799805,419200,0.0,0.0
2005-01-13 00:00:00-05:00,34.451502312491286,34.681180012035604,34.44409463082629,34.50336456298828,627000,0.0,0.0
2005-01-14 00:00:00-05:00,34.503374881309824,34.92568351952393,34.503374881309824,34.90345764160156,385200,0.0,0.0
2005-01-18 00:00:00-05:00,34.91086179550243,35.5183935583903,34.5478259701647,35.414669036865234,554300,0.0,0.0
2005-01-19 00:00:00-05:00,35.30354052667927,35.3183558944922,34.53301139145642,34.592281341552734,689300,0.0,0.0
2005-01-20 00:00:00-05:00,34.59227522876503,34.59227522876503,34.19960304663609,34.377418518066406,434500,0.0,0.0
2005-01-21 00:00:00-05:00,34.340373156849154,34.48855225193219,33.95511146642689,34.014381408691406,643300,0.0,0.0
2005-01-24 00:00:00-05:00,33.932890256566786,34.33297305373434,33.932890256566786,34.2070198059082,542800,0.0,0.0
2005-01-25 00:00:00-05:00,34.20701453455035,34.533009130723954,34.08106413241517,34.28851318359375,346600,0.0,0.0
2005-01-26 00:00:00-05:00,34.45151262026994,34.925683524558934,34.28851531206503,34.87382125854492,615300,0.0,0.0
2005-01-27 00:00:00-05:00,34.83677382784871,35.11831383498169,34.6737765353589,34.97013473510742,437000,0.0,0.0
2005-01-28 00:00:00-05:00,35.19239795288999,36.0666514334011,35.15535388872208,35.696205139160156,1020100,0.0,0.0
2005-01-31 00:00:00-05:00,35.84438083054215,36.20741658183076,35.703609443230484,36.0444221496582,602300,0.0,0.0
2005-02-01 00:00:00-05:00,30.93226915363341,33.19199124510966,30.93226915363341,32.12510681152344,8441000,0.0,0.0
2005-02-02 00:00:00-05:00,32.932675792012574,33.58466205467709,32.78449671055051,33.04380798339844,3039400,0.0,0.0
2005-02-03 00:00:00-05:00,32.9326749732823,32.9326749732823,32.236234155608926,32.495548248291016,1394100,0.0,0.0
2005-02-04 00:00:00-05:00,32.49554764808345,33.2290296888026,32.49554764808345,33.21421432495117,1280600,0.0,0.0
2005-02-07 00:00:00-05:00,33.154944914321646,33.221625363513425,32.702999961608604,33.11790084838867,783900,0.0,0.0
2005-02-08 00:00:00-05:00,33.15495153210641,33.37721879835024,33.10308926419224,33.26608657836914,948800,0.0,0.0
2005-02-09 00:00:00-05:00,33.26608202807853,33.31053377947799,32.591869811134565,32.62891387939453,705900,0.0,0.0
2005-02-10 00:00:00-05:00,32.628917705169265,32.747460433269175,32.302923083183316,32.569644927978516,651900,0.0,0.0
2005-02-11 00:00:00-05:00,32.584457255053536,33.125308531265226,32.584457255053536,33.08826446533203,635400,0.0,0.0
2005-02-14 00:00:00-05:00,33.117901921987524,33.117901921987524,32.40664565840547,32.71781921386719,863700,0.0,0.0
2005-02-15 00:00:00-05:00,32.76227325695024,32.925267714942464,32.60668365547063,32.87340545654297,627400,0.0,0.0
2005-02-16 00:00:00-05:00,32.858588096577954,33.229034423828125,32.82895453837164,33.229034423828125,545000,0.0,0.0
2005-02-17 00:00:00-05:00,33.11790634076325,33.11790634076325,32.47333044253167,32.59187316894531,1238700,0.0,0.0
2005-02-18 00:00:00-05:00,32.59927859251527,32.59927859251527,32.17696998230564,32.22883224487305,1000700,0.0,0.0
2005-02-22 00:00:00-05:00,32.08064927801461,32.79190550154412,32.02137933919432,32.45109558105469,804900,0.0,0.0
2005-02-23 00:00:00-05:00,32.59927558948751,32.85858687843691,31.917655729231328,32.5548210144043,917600,0.0,0.0
2005-02-24 00:00:00-05:00,32.451093163076806,32.747451313939195,31.94728600237922,32.6511344909668,481800,0.0,0.0
2005-02-25 00:00:00-05:00,32.79931968005577,33.04381279775107,32.59927831487889,32.925270080566406,471800,0.0,0.0
2005-02-28 00:00:00-05:00,32.784504612684714,32.96972780258689,32.25106092135635,32.37701416015625,1496600,0.0,0.0
2005-03-01 00:00:00-05:00,32.547414696009454,32.85118057277523,32.525188820676725,32.81413650512695,1026000,0.0,0.0
2005-03-02 00:00:00-05:00,32.599285719640356,33.229043517802445,32.51037936812756,33.177181243896484,888600,0.0,0.0
2005-03-03 00:00:00-05:00,33.23644355514283,33.23644355514283,32.79190628510395,33.11790084838867,778000,0.0,0.0
2005-03-04 00:00:00-05:00,33.340158456920754,33.755059224067764,32.97711993238208,33.07343673706055,1818400,0.0,0.0
2005-03-07 00:00:00-05:00,33.132730321885354,33.56985723181298,33.043821141834904,33.399452209472656,1197200,0.0,0.0
2005-03-08 00:00:00-05:00,33.37720633424052,33.48093083133484,33.147531469611835,33.32534408569336,586100,0.0,0.0
2005-03-09 00:00:00-05:00,33.05122420260822,33.3327642234033,33.028998325746976,33.14754104614258,394100,0.0,0.0
2005-03-10 00:00:00-05:00,33.15495153210641,33.32535653043607,33.080863385452346,33.26608657836914,474900,0.0,0.0
2005-03-11 00:00:00-05:00,33.30312875775363,33.34017282897398,33.04381460664828,33.162357330322266,681400,0.0,0.0
2005-03-14 00:00:00-05:00,33.16234683238481,33.41425039373412,33.08085103201112,33.32534408569336,518300,0.0,0.0
2005-03-15 00:00:00-05:00,33.5031721688066,33.51057985298801,32.866003930502885,32.98454666137695,1212300,0.0,0.0
2005-03-16 00:00:00-05:00,32.96971945035256,33.1327167205844,32.777088625217445,32.78449630737305,421800,0.0,0.0
2005-03-17 00:00:00-05:00,32.80673082754636,33.05863448144824,32.60668944124649,32.66596221923828,601800,0.0,0.0
2005-03-18 00:00:00-05:00,32.784506298213536,32.83636856794998,32.5844649036808,32.806732177734375,782700,0.0,0.0
2005-03-21 00:00:00-05:00,32.63631912653487,32.85117866319917,32.60668274362648,32.79931640625,373400,0.0,0.0
2005-03-22 00:00:00-05:00,32.72523745113158,32.78451023868697,32.569650623221776,32.643741607666016,971500,0.0,0.0
2005-03-23 00:00:00-05:00,32.62151246325333,32.76969160387955,32.54742430608124,32.57706069946289,990700,0.0,0.0
2005-03-24 00:00:00-05:00,32.628922546886315,32.636330231993576,32.45110701521009,32.480743408203125,610200,0.0,0.0
2005-03-28 00:00:00-05:00,32.52518844604492,32.63632064770971,32.48814155254216,32.52518844604492,948300,0.0,0.0
2005-03-29 00:00:00-05:00,32.57704832947604,32.702998714099785,32.30291603421092,32.35477828979492,925200,0.0,0.0
2005-03-30 00:00:00-05:00,32.354782743097395,32.525190550649384,31.650936941499918,31.9769287109375,1331600,0.0,0.0
2005-03-31 00:00:00-05:00,31.89542430497444,32.45850423615571,31.8657879241163,32.24364471435547,454600,0.0,0.0
2005-04-01 00:00:00-05:00,32.243655982762554,32.42887918843586,31.606487703041296,31.717622756958008,980300,0.0,0.0
2005-04-04 00:00:00-04:00,31.747246837789678,31.747246837789678,31.08044519233372,31.376800537109375,969600,0.0,0.0
2005-04-05 00:00:00-04:00,31.673164015062298,31.969522235774292,31.3842163043229,31.41385269165039,1068600,0.0,0.0
2005-04-06 00:00:00-04:00,31.71019844980923,31.725016638969944,31.265664080110273,31.354570388793945,594500,0.0,0.0
2005-04-07 00:00:00-04:00,31.465709103674843,31.976923971720957,31.280485956751928,31.843563079833984,558300,0.0,0.0
2005-04-08 00:00:00-04:00,31.917650271778594,31.917650271778594,31.332344518193175,31.354570388793945,299000,0.0,0.0
2005-04-11 00:00:00-04:00,31.228631900439513,31.28790185334942,30.213606753896315,30.421058654785156,1226600,0.0,0.0
2005-04-12 00:00:00-04:00,30.376605698228946,31.08045444429793,30.295107035613974,30.924867630004883,902100,0.0,0.0
2005-04-13 00:00:00-04:00,30.82113612509362,31.095268467337757,30.443282080187284,30.532188415527344,874900,0.0,0.0
2005-04-14 00:00:00-04:00,31.006356055134923,31.110083399485653,29.93947166405773,30.09505844116211,855900,0.0,0.0
2005-04-15 00:00:00-04:00,29.909833046942463,30.028375748211964,29.41343636858922,29.61347770690918,730800,0.0,0.0
2005-04-18 00:00:00-04:00,29.346754631106013,29.709790401270897,28.591043883911944,28.85035514831543,1732700,0.0,0.0
2005-04-19 00:00:00-04:00,28.70958504967761,29.739425196674045,28.376182851586513,29.717199325561523,2907200,0.0,0.0
2005-04-20 00:00:00-04:00,29.26526540184027,29.717210458985157,29.020769422880555,29.383808135986328,1046100,0.0,0.0
2005-04-21 00:00:00-04:00,28.783682205682222,29.309718206132345,28.783682205682222,29.087448120117188,1449500,0.0,0.0
2005-04-22 00:00:00-04:00,28.78367985867829,29.443076726458067,28.67254765101391,29.139310836791992,914000,0.0,0.0
2005-04-25 00:00:00-04:00,29.26525498136986,29.487522175465894,29.042987787273827,29.324527740478516,854600,0.0,0.0
2005-04-26 00:00:00-04:00,29.109679616487,29.69498562340654,29.109679616487,29.22081184387207,881400,0.0,0.0
2005-04-27 00:00:00-04:00,28.99853653545933,29.487525548924655,28.902219704029196,29.213396072387695,522000,0.0,0.0
2005-04-28 00:00:00-04:00,29.042985451107512,29.176346322093963,28.553996532917356,28.665128707885742,673000,0.0,0.0
2005-04-29 00:00:00-04:00,28.679953614097837,28.798496324265006,28.198375090541713,28.561410903930664,671200,0.0,0.0
2005-05-02 00:00:00-04:00,28.554004492225836,29.042993546719632,28.546593982727337,29.028175354003906,646800,0.0,0.0
2005-05-03 00:00:00-04:00,28.90962458012106,29.146709944923533,28.598448272392517,28.665128707885742,864800,0.0,0.0
2005-05-04 00:00:00-04:00,28.70958991955214,28.93185714722148,28.628091276607783,28.82813262939453,1084000,0.0,0.0
2005-05-05 00:00:00-04:00,28.783679413616372,29.146718069448426,28.783679413616372,29.028175354003906,1028200,0.0,0.0
2005-05-06 00:00:00-04:00,29.317124870460635,29.47271166423492,29.11708349577307,29.250444412231445,692500,0.0,0.0
2005-05-09 00:00:00-04:00,29.250445864381238,29.406032665879696,29.028178601343217,29.228219985961914,478100,0.0,0.0
2005-05-10 00:00:00-04:00,29.042991712700463,29.08003577900986,28.487322239216198,28.746633529663086,749100,0.0,0.0
2005-05-11 00:00:00-04:00,28.879993439745224,29.124489356314868,28.687362605768747,28.939266204833984,406300,0.0,0.0
2005-05-12 00:00:00-04:00,29.117082687382798,29.29489817981768,28.91704131824907,28.92445182800293,404700,0.0,0.0
2005-05-13 00:00:00-04:00,28.776275060829377,29.228220098980486,28.70218691495742,29.005952835083008,409000,0.0,0.0
2005-05-16 00:00:00-04:00,28.90221827663506,29.309711456298825,28.80590427624262,29.309711456298828,365900,0.0,0.0
2005-05-17 00:00:00-04:00,29.30971099223211,29.30971099223211,28.97630877155008,29.243030548095703,278600,0.0,0.0
2005-05-18 00:00:00-04:00,29.28749750259504,30.2432500894542,29.28749750259504,29.96170997619629,311500,0.0,0.0
2005-05-19 00:00:00-04:00,29.961694256288503,30.1691460959797,29.73942705245157,29.939468383789062,258000,0.0,0.0
2005-05-20 00:00:00-04:00,29.5764297840401,29.99133063714165,29.5764297840401,29.939468383789062,261600,0.0,0.0
2005-05-23 00:00:00-04:00,29.99874835383223,30.917453770786913,29.99874835383223,30.8878173828125,861900,0.0,0.0
2005-05-24 00:00:00-04:00,30.702586205957253,31.117487050761827,30.60627220953182,30.67295265197754,561400,0.0,0.0
2005-05-25 00:00:00-04:00,30.443275500854597,30.635906323507356,30.0950550921306,30.17655372619629,344900,0.0,0.0
2005-05-26 00:00:00-04:00,30.154332035387377,30.584048311487138,30.154332035387377,30.495141983032227,315100,0.0,0.0
2005-05-27 00:00:00-04:00,30.35436867137167,30.67295269390551,30.324732291070667,30.37659454345703,443600,0.0,0.0
2005-05-31 00:00:00-04:00,30.191377932183247,30.34696472297408,29.509757995605465,29.50975799560547,800500,0.0,0.0
2005-06-01 00:00:00-04:00,29.509761017508005,29.651240046443682,29.04064215654958,29.2565860748291,1101400,0.2,0.0
2005-06-02 00:00:00-04:00,29.249134732295982,30.52990227322002,29.11510078775534,30.4479923248291,1054200,0.0,0.0
2005-06-03 00:00:00-04:00,30.470318571236795,30.939437195495653,30.455428441426108,30.514997482299805,1270100,0.0,0.0
2005-06-06 00:00:00-04:00,30.455447123491638,30.83520815857855,30.433106233983896,30.686281204223633,780200,0.0,0.0
2005-06-07 00:00:00-04:00,30.6862769012151,31.05859281462138,30.6862769012151,30.775634765625,683000,0.0,0.0
2005-06-08 00:00:00-04:00,30.716064083097073,30.716064083097073,30.28417624283066,30.500120162963867,768500,0.0,0.0
2005-06-09 00:00:00-04:00,30.500121642221686,31.133060455322262,30.41821167954024,31.133060455322266,497200,0.0,0.0
2005-06-10 00:00:00-04:00,31.23729857220768,31.244743638936487,30.90221375852445,31.07347869873047,353800,0.0,0.0
2005-06-13 00:00:00-04:00,31.028804615681583,31.21496255892098,30.716060634500888,30.946897506713867,688400,0.0,0.0
2005-06-14 00:00:00-04:00,30.894763835277956,30.902208900836435,30.447983207084103,30.61180305480957,864600,0.0,0.0
2005-06-15 00:00:00-04:00,30.775631631106048,30.86498664587009,29.93419695715594,30.3065128326416,584700,0.0,0.0
2005-06-16 00:00:00-04:00,30.433095496577998,30.730949300199036,30.209706564134414,30.57457733154297,283800,0.0,0.0
2005-06-17 00:00:00-04:00,30.440543839503338,30.55223688705101,30.105459015771462,30.433095932006836,787000,0.0,0.0
2005-06-20 00:00:00-04:00,30.19481693377802,30.425653799175223,30.083123875459144,30.3065128326416,388400,0.0,0.0
2005-06-21 00:00:00-04:00,30.313960565516613,30.52245940569021,30.165033634119744,30.455442428588867,424100,0.0,0.0
2005-06-22 00:00:00-04:00,30.455440899228208,30.604364982601698,30.060784124762982,30.1575870513916,451500,0.0,0.0
2005-06-23 00:00:00-04:00,29.94909133837591,29.98632235956257,29.487417585917864,29.65123748779297,754000,0.0,0.0
2005-06-24 00:00:00-04:00,29.66613587030893,29.748045836172583,29.30871288880465,29.539546966552734,780300,0.0,0.0
2005-06-27 00:00:00-04:00,29.412952775802136,29.457631701348767,28.95872697465072,29.11509895324707,382200,0.0,0.0
2005-06-28 00:00:00-04:00,29.11510314767064,29.39806403580783,29.107658079279258,29.33104705810547,1070500,0.0,0.0
2005-06-29 00:00:00-04:00,29.33104172252331,29.78526750648431,29.234238807774787,29.494861602783203,548400,0.0,0.0
2005-06-30 00:00:00-04:00,29.50975166435156,29.919298484028477,29.368269839713655,29.621444702148438,502600,0.0,0.0
2005-07-01 00:00:00-04:00,29.762932466550033,30.455440233161774,29.748039490429434,30.4479923248291,872600,0.0,0.0
2005-07-05 00:00:00-04:00,30.403321563881107,30.99902651035289,30.12036064910254,30.850099563598633,655000,0.0,0.0
2005-07-06 00:00:00-04:00,31.07348168912073,31.430904577931706,30.894771664987548,31.051143646240234,624400,0.0,0.0
2005-07-07 00:00:00-04:00,31.058588316470576,31.088374266960038,30.671379481741294,31.066036224365234,483600,0.0,0.0
2005-07-08 00:00:00-04:00,31.06604125689364,31.527712202090164,30.75329440718016,31.356447219848633,349800,0.0,0.0
2005-07-11 00:00:00-04:00,31.25220045272977,31.639409365497805,31.18518347089405,31.416017532348633,308500,0.0,0.0
2005-07-12 00:00:00-04:00,31.416011090855267,31.922360885227228,31.2447461369566,31.780881881713867,379100,0.0,0.0
2005-07-13 00:00:00-04:00,31.981933556413928,32.391480442171535,31.65429377537213,31.698972702026367,632500,0.0,0.0
2005-07-14 00:00:00-04:00,31.713866046677623,31.8330070119309,31.267088137114005,31.631956100463867,428700,0.0,0.0
2005-07-15 00:00:00-04:00,31.445785379733938,31.84788703918457,31.326644462920065,31.84788703918457,317700,0.0,0.0
2005-07-18 00:00:00-04:00,31.84790420878311,31.92236625673137,31.490481265650374,31.564943313598633,278200,0.0,0.0
2005-07-19 00:00:00-04:00,33.061651235060815,35.75721740722656,33.061651235060815,35.75721740722656,3107000,0.0,0.0
2005-07-20 00:00:00-04:00,35.51893791223713,35.51893791223713,34.498793127684976,34.92323303222656,1501600,0.0,0.0
2005-07-21 00:00:00-04:00,34.945567999029315,35.43702483681129,34.565804218603205,34.7891960144043,791300,0.0,0.0
2005-07-22 00:00:00-04:00,34.95301740819169,35.831683203145765,34.84876940549291,35.60084915161133,1233200,0.0,0.0
2005-07-25 00:00:00-04:00,35.44447352633782,35.44447352633782,34.87855459248974,35.11683654785156,401500,0.0,0.0
2005-07-26 00:00:00-04:00,35.11683848665376,35.44447548322888,34.77430851197818,34.88600158691406,539900,0.0,0.0
2005-07-27 00:00:00-04:00,34.811537729332485,35.42213559702049,34.811537729332485,35.37745666503906,620500,0.0,0.0
2005-07-28 00:00:00-04:00,35.28064944748483,35.8763542175293,35.16150849347593,35.8763542175293,651200,0.0,0.0
2005-07-29 00:00:00-04:00,35.8763599238331,35.8763599238331,35.154066177463726,35.59339904785156,475900,0.0,0.0
2005-08-01 00:00:00-04:00,35.44446401935562,35.697638884088626,35.18384408825291,35.45191192626953,364100,0.0,0.0
2005-08-02 00:00:00-04:00,35.45192005529787,35.65297097991076,35.19874513251254,35.64552307128906,508500,0.0,0.0
2005-08-03 00:00:00-04:00,35.2806441059795,35.58594293193894,35.2806441059795,35.578495025634766,435500,0.0,0.0
2005-08-04 00:00:00-04:00,35.40722774265338,35.51147569959659,34.11157050558238,34.141353607177734,752500,0.0,0.0
2005-08-05 00:00:00-04:00,34.15625131380605,34.76684900959522,34.00732442300632,34.625370025634766,458100,0.0,0.0
2005-08-08 00:00:00-04:00,34.81154285079344,34.92323877690719,34.26796188083366,34.58815383911133,364700,0.0,0.0
2005-08-09 00:00:00-04:00,34.588134217633495,34.77429209518745,34.09667753451281,34.141353607177734,383800,0.0,0.0
2005-08-10 00:00:00-04:00,34.23816792111812,34.684948680625254,34.17115094921928,34.4987907409668,534100,0.0,0.0
2005-08-11 00:00:00-04:00,34.36475339218981,35.05726108634678,34.32751953551159,34.48389434814453,263100,0.0,0.0
2005-08-12 00:00:00-04:00,34.20837187564052,34.29772970550319,33.523312223290155,33.769039154052734,472100,0.0,0.0
2005-08-15 00:00:00-04:00,33.7690512945084,34.17860106059151,33.307380369749616,34.0445671081543,210500,0.0,0.0
2005-08-16 00:00:00-04:00,34.00732854427382,34.10413146110659,33.43396463210811,33.508426666259766,267000,0.0,0.0
2005-08-17 00:00:00-04:00,33.46375343416305,34.01478223847553,33.061654404578285,33.7392692565918,274600,0.0,0.0
2005-08-18 00:00:00-04:00,33.48608556619187,33.76904354256421,33.13610778844092,33.426513671875,256400,0.0,0.0
2005-08-19 00:00:00-04:00,33.41161406321497,33.44140000445833,33.17333221435547,33.17333221435547,114000,0.0,0.0
2005-08-22 00:00:00-04:00,33.14354335078736,33.64244788072144,33.14354335078736,33.50096893310547,265500,0.0,0.0
2005-08-23 00:00:00-04:00,33.43397763536535,33.56801162140291,33.24781963704048,33.34461975097656,246300,0.0,0.0
2005-08-24 00:00:00-04:00,33.09888837930922,33.709486307412824,33.0095333470501,33.0467643737793,205300,0.0,0.0
2005-08-25 00:00:00-04:00,33.046763668166456,33.58289669081893,33.046763668166456,33.3371696472168,263000,0.0,0.0
2005-08-26 00:00:00-04:00,33.17333837327183,33.62011905323986,33.12121438669053,33.3892822265625,458600,0.0,0.0
2005-08-29 00:00:00-04:00,33.24781181975469,33.24781181975469,32.592535024368225,32.87549591064453,454900,0.0,0.0
2005-08-30 00:00:00-04:00,32.87549406094322,33.06909707294787,32.61487123490278,32.748905181884766,368300,0.0,0.0
2005-08-31 00:00:00-04:00,32.748904548982075,33.55310821533203,32.39892671189888,33.55310821533203,517400,0.0,0.0
2005-09-01 00:00:00-04:00,33.3669481824628,33.91052899372203,33.352055207292665,33.702030181884766,490500,0.0,0.0
2005-09-02 00:00:00-04:00,33.672253181717096,34.25306511601421,33.59034322369158,33.9701042175293,599900,0.0,0.0
2005-09-06 00:00:00-04:00,33.984999927230355,34.54347385988348,33.984999927230355,34.37965393066406,306300,0.0,0.0
2005-09-07 00:00:00-04:00,34.38709727462666,34.73707513492781,34.36475922926104,34.5136833190918,300300,0.0,0.0
2005-09-08 00:00:00-04:00,34.52857933094454,34.796647261072636,34.22328037508647,34.59559631347656,316700,0.0,0.0
2005-09-09 00:00:00-04:00,34.424316322210714,34.46899523794486,33.9849835927288,34.320068359375,333600,0.0,0.0
2005-09-12 00:00:00-04:00,34.42432613185277,35.057264836002474,34.260506234689004,35.0200309753418,267600,0.0,0.0
2005-09-13 00:00:00-04:00,34.28284518732172,34.4168791246219,33.731816462804915,33.99243927001953,348900,0.0,0.0
2005-09-14 00:00:00-04:00,33.880746829600284,34.141366822840794,33.880746829600284,34.1115837097168,275000,0.0,0.0
2005-09-15 00:00:00-04:00,34.14881167881212,34.2828456177953,33.98499178882276,34.02967071533203,443300,0.0,0.0
2005-09-16 00:00:00-04:00,34.02966668314728,34.655157377439345,33.8807397863074,34.305179595947266,499500,0.0,0.0
2005-09-19 00:00:00-04:00,34.23072060664542,34.30518264140361,33.00207714932346,33.285037994384766,486500,0.0,0.0
2005-09-20 00:00:00-04:00,33.3594934847353,33.71691629443621,32.93505372068147,33.136104583740234,315800,0.0,0.0
2005-09-21 00:00:00-04:00,32.98716908969076,32.98716908969076,32.525498436107526,32.70420837402344,512800,0.0,0.0
2005-09-22 00:00:00-04:00,32.518055721025696,32.518055721025696,31.72130025602278,32.0042610168457,646800,0.0,0.0
2005-09-23 00:00:00-04:00,32.019160934252284,32.56274169761962,31.550042199630596,32.190425872802734,504000,0.0,0.0
2005-09-26 00:00:00-04:00,32.31702149129626,32.53296255605292,31.758547637233843,32.011722564697266,462300,0.0,0.0
2005-09-27 00:00:00-04:00,32.056398379717294,32.629765205828356,31.788330477582786,32.287235260009766,408700,0.0,0.0
2005-09-28 00:00:00-04:00,32.294675973262194,33.091431663528844,32.19042798994424,32.7340087890625,614700,0.0,0.0
2005-09-29 00:00:00-04:00,32.734003517626114,33.165891196729355,32.503169546179386,32.949947357177734,546900,0.0,0.0
2005-09-30 00:00:00-04:00,33.031861177731024,33.09143023396309,32.54040439150292,33.05419921875,380300,0.0,0.0
2005-10-03 00:00:00-04:00,33.35205272644519,33.620120578478556,32.763793033432464,33.2254638671875,372700,0.0,0.0
2005-10-04 00:00:00-04:00,33.22546879604736,33.493536687847474,33.00207983306218,33.024417877197266,414800,0.0,0.0
2005-10-05 00:00:00-04:00,33.09887301210435,33.30736893742318,32.83825026491188,32.942501068115234,537000,0.0,0.0
2005-10-06 00:00:00-04:00,33.03930389776344,33.45629862394611,32.704219103558096,32.838253021240234,684900,0.0,0.0
2005-10-07 00:00:00-04:00,33.21056719226526,33.47118994849682,32.77123444828913,32.845699310302734,220300,0.0,0.0
2005-10-10 00:00:00-04:00,32.815917210896274,33.210571083910146,32.54040429052118,32.8978271484375,258700,0.0,0.0
2005-10-11 00:00:00-04:00,32.94250808310785,32.98718416773611,31.98193249597671,32.1829833984375,322800,0.0,0.0
2005-10-12 00:00:00-04:00,32.227664433280324,32.41382238927764,31.70642442892384,31.981937408447266,309900,0.0,0.0
2005-10-13 00:00:00-04:00,31.795773731518583,32.317016482634195,31.795773731518583,31.929807662963867,331500,0.0,0.0
2005-10-14 00:00:00-04:00,32.287231628981736,33.05420138674478,32.05639477464923,32.5999755859375,445400,0.0,0.0
2005-10-17 00:00:00-04:00,32.68188662147303,32.86804455651496,32.250001689258994,32.808475494384766,272200,0.0,0.0
2005-10-18 00:00:00-04:00,33.128662293655985,33.77649101298377,32.242548840685394,33.3892822265625,736000,0.0,0.0
2005-10-19 00:00:00-04:00,33.694572934326594,33.903068830250156,31.63939139303335,32.6669807434082,1396800,0.0,0.0
2005-10-20 00:00:00-04:00,32.71166199351389,32.91271283920256,31.60960771534704,32.0936164855957,399900,0.0,0.0
2005-10-21 00:00:00-04:00,32.763793084571056,33.16589486324871,32.61486618425959,32.6893310546875,571300,0.0,0.0
2005-10-24 00:00:00-04:00,32.875485063760664,33.203121933081434,32.518059409263785,33.121212005615234,275300,0.0,0.0
2005-10-25 00:00:00-04:00,33.12866833827336,33.67224918361964,33.113775362169314,33.55310821533203,487000,0.0,0.0
2005-10-26 00:00:00-04:00,33.55310946174775,33.88074642657342,33.15100761363568,33.61267852783203,552000,0.0,0.0
2005-10-27 00:00:00-04:00,33.508425323483834,33.59778032899402,32.77123871652765,32.93505859375,389400,0.0,0.0
2005-10-28 00:00:00-04:00,33.12121974868116,33.40418060774833,32.77868982696784,33.329715728759766,329400,0.0,0.0
2005-10-31 00:00:00-05:00,33.38184454132011,33.8807464776392,33.22546970645538,33.71692657470703,403800,0.0,0.0
2005-11-01 00:00:00-05:00,33.38929217845328,33.92542801799592,32.92017331885348,33.7094841003418,450100,0.0,0.0
2005-11-02 00:00:00-05:00,33.45630129304482,34.089237078837535,33.25525040048204,33.880741119384766,447800,0.0,0.0
2005-11-03 00:00:00-05:00,34.178595503379015,34.707283318395284,33.96265163283621,34.53601837158203,500200,0.0,0.0
2005-11-04 00:00:00-05:00,34.47644549194224,34.92322619488724,34.22327061243672,34.89344024658203,461300,0.0,0.0
2005-11-07 00:00:00-05:00,35.072155290173626,35.213637144661874,34.58814634318087,34.8487663269043,183200,0.0,0.0
2005-11-08 00:00:00-05:00,34.73708043877251,35.13173445006281,34.29029957942851,34.75941848754883,439200,0.0,0.0
2005-11-09 00:00:00-05:00,34.528575598315705,35.020032470241055,34.40943462453213,34.7519645690918,171700,0.0,0.0
2005-11-10 00:00:00-05:00,34.722171705590355,35.42212437494438,34.40197989585911,35.154056549072266,201600,0.0,0.0
2005-11-11 00:00:00-05:00,35.16894823576879,35.593387997699125,35.16894823576879,35.578495025634766,185000,0.0,0.0
2005-11-14 00:00:00-05:00,35.496590215007686,35.69019603920115,34.729620506700094,35.10193634033203,198400,0.0,0.0
2005-11-15 00:00:00-05:00,34.848775080418264,35.07216409979973,34.387104061623845,34.49135208129883,365200,0.0,0.0
2005-11-16 00:00:00-05:00,34.56579776982344,34.72217256581903,33.69458015469905,33.798828125,618700,0.0,0.0
2005-11-17 00:00:00-05:00,33.828615163193795,34.75195679328097,33.82116725619231,34.543460845947266,747500,0.0,0.0
2005-11-18 00:00:00-05:00,34.61792393299516,34.95300587667991,34.51367312414522,34.878543853759766,313200,0.0,0.0
2005-11-21 00:00:00-05:00,34.99769489593498,35.48915177446886,34.94557089673781,35.40724182128906,468700,0.0,0.0
2005-11-22 00:00:00-05:00,35.48170041416166,35.5189314297652,34.818975838023135,34.98279571533203,298500,0.0,0.0
2005-11-23 00:00:00-05:00,34.75941197642901,35.21363782009791,34.476451102569804,34.5583610534668,433200,0.0,0.0
2005-11-25 00:00:00-05:00,34.50623785210928,34.617933758736676,34.230724880451916,34.5285758972168,135900,0.0,0.0
2005-11-28 00:00:00-05:00,34.46154604451326,34.521117929933666,33.76903849949225,33.955196380615234,402400,0.0,0.0
2005-11-29 00:00:00-05:00,34.14136258582221,34.92322814960226,34.11902454361519,34.76685333251953,1450900,0.0,0.0
2005-11-30 00:00:00-05:00,34.699458579810816,35.2462012493121,34.624560562508925,34.78933334350586,446700,0.27,0.0
2005-12-01 00:00:00-05:00,34.97656714574968,35.927750348328026,34.97656714574968,35.762977600097656,481600,0.0,0.0
2005-12-02 00:00:00-05:00,35.61318278425329,35.65063035516982,35.148826619342046,35.6281623840332,463800,0.0,0.0
2005-12-05 00:00:00-05:00,35.47088760628278,35.56825359480442,34.617070256191525,35.02899932861328,454600,0.0,0.0
2005-12-06 00:00:00-05:00,35.118863588132704,35.35853144432928,35.051456825010774,35.14882278442383,253100,0.0,0.0
2005-12-07 00:00:00-05:00,35.126363608854525,35.56825186503392,35.126363608854525,35.37351989746094,431900,0.0,0.0
2005-12-08 00:00:00-05:00,35.41096652765788,35.425946129153076,35.03648506147853,35.253684997558594,228600,0.0,0.0
2005-12-09 00:00:00-05:00,35.2012509193469,35.35853241860977,35.03647819227172,35.26865768432617,359600,0.0,0.0
2005-12-12 00:00:00-05:00,35.25368356700906,35.46339226529839,34.96907686428301,35.223724365234375,398000,0.0,0.0
2005-12-13 00:00:00-05:00,35.28364428629016,35.882814062219765,35.28364428629016,35.72553253173828,470400,0.0,0.0
2005-12-14 00:00:00-05:00,35.74050686766692,35.81540200722385,35.14882555114134,35.51581573486328,403200,0.0,0.0
2005-12-15 00:00:00-05:00,35.42594385125834,35.73301851949777,35.15631675581558,35.57573699951172,529600,0.0,0.0
2005-12-16 00:00:00-05:00,35.650628423507364,35.89029629286699,35.388492584228516,35.388492584228516,589400,0.0,0.0
2005-12-19 00:00:00-05:00,35.40348016227068,35.688086892678484,35.40348016227068,35.48586654663086,570100,0.0,0.0
2005-12-20 00:00:00-05:00,35.57573724300303,35.60569644427209,35.163808225286864,35.201255798339844,452400,0.0,0.0
2005-12-21 00:00:00-05:00,35.21623585583406,36.0101375573633,35.21623585583406,35.89030075073242,493200,0.0,0.0
2005-12-22 00:00:00-05:00,36.10001568927345,36.14495163890559,35.11887317101156,35.68059539794922,551300,0.0,0.0
2005-12-23 00:00:00-05:00,35.83038221993642,35.995154958262155,35.65812111035337,35.71803665161133,195400,0.0,0.0
2005-12-27 00:00:00-05:00,35.67310153027509,35.71803747298529,34.99903381895662,35.246192932128906,498500,0.0,0.0
2005-12-28 00:00:00-05:00,35.186271320788585,35.52330514568495,35.01401022296739,35.26865768432617,172500,0.0,0.0
2005-12-29 00:00:00-05:00,35.193767185145866,35.553269026708534,34.88669251691108,35.3959846496582,357700,0.0,0.0
2005-12-30 00:00:00-05:00,35.111373605338045,35.111373605338045,34.48224479744401,34.82676696777344,382000,0.0,0.0
2006-01-03 00:00:00-05:00,34.90916531290475,34.916653685672046,33.7033344456089,34.557151794433594,885000,0.0,0.0
2006-01-04 00:00:00-05:00,34.6020765053788,35.04396460236792,34.55713771588187,34.96906661987305,857300,0.0,0.0
2006-01-05 00:00:00-05:00,34.976559803617924,35.41095669812941,34.90166181693245,35.208736419677734,466500,0.0,0.0
2006-01-06 00:00:00-05:00,35.20125437828687,35.740508551109166,34.819284577248794,35.650630950927734,588900,0.0,0.0
2006-01-09 00:00:00-05:00,35.53828452101928,36.324694869460316,35.38100302274432,36.309715270996094,917900,0.0,0.0
2006-01-10 00:00:00-05:00,36.04009538251726,37.11111260071206,35.95022063091868,37.05119705200195,633400,0.0,0.0
2006-01-11 00:00:00-05:00,37.33579850227657,38.04731381115926,37.26839172865469,38.039825439453125,1553600,0.0,0.0
2006-01-12 00:00:00-05:00,37.672827051985934,38.43676942616325,37.65035908297274,38.01734924316406,1233700,0.0,0.0
2006-01-13 00:00:00-05:00,37.74773143937012,38.15216923546237,37.702792636663546,37.97241973876953,536200,0.0,0.0
2006-01-17 00:00:00-05:00,37.74772160181077,37.77018956877524,37.1560403771745,37.44813537597656,610200,0.0,0.0
2006-01-18 00:00:00-05:00,37.33579767770655,37.83760428293498,36.998766674107266,37.732749938964844,502300,0.0,0.0
2006-01-19 00:00:00-05:00,37.67283990191626,37.91250784336014,37.096138024983425,37.56798553466797,781800,0.0,0.0
2006-01-20 00:00:00-05:00,37.305832581390135,37.508052850342615,37.066164749387035,37.14105987548828,564000,0.0,0.0
2006-01-23 00:00:00-05:00,37.14855126026128,37.18600168341732,36.564361229473896,36.64674758911133,523800,0.0,0.0
2006-01-24 00:00:00-05:00,36.67671558709655,37.18601060793325,36.67671558709655,37.05119705200195,333600,0.0,0.0
2006-01-25 00:00:00-05:00,37.073656673085694,37.23093816721502,36.84896841617721,37.03620910644531,508300,0.0,0.0
2006-01-26 00:00:00-05:00,37.12609073702624,38.34690106441897,37.11111113617315,38.15966033935547,779400,0.0,0.0
2006-01-27 00:00:00-05:00,39.50779631400808,41.26785813493332,39.47034873725654,40.33914566040039,2576100,0.0,0.0
2006-01-30 00:00:00-05:00,39.80737546008448,40.50391111884829,39.4703416159945,40.256752014160156,743300,0.0,0.0
2006-01-31 00:00:00-05:00,40.23427929091655,40.34662198763179,39.85979792106681,40.31666564941406,782800,0.0,0.0
2006-02-01 00:00:00-05:00,40.21180801859088,41.26035698533217,40.21180801859088,41.073116302490234,773800,0.0,0.0
2006-02-02 00:00:00-05:00,41.04315979384769,41.2453800874004,40.52637650392385,40.661190032958984,651000,0.0,0.0
2006-02-03 00:00:00-05:00,40.473951263130935,40.61625316962982,39.48532057455683,39.5751953125,900700,0.0,0.0
2006-02-06 00:00:00-05:00,39.58267854935592,39.807369650669195,39.30556314335319,39.537742614746094,511200,0.0,0.0
2006-02-07 00:00:00-05:00,39.3954520653196,39.4478792459666,39.1183365594616,39.12582778930664,586100,0.0,0.0
2006-02-08 00:00:00-05:00,39.1258154198561,39.58268029862029,38.69890402273414,39.305564880371094,415500,0.0,0.0
2006-02-09 00:00:00-05:00,39.28309791003435,40.11444704296799,39.208199918695236,39.60515213012695,459200,0.0,0.0
2006-02-10 00:00:00-05:00,39.65758264210582,39.80737578035838,39.402935164196435,39.695030212402344,603400,0.0,0.0
2006-02-13 00:00:00-05:00,39.58268534947317,39.89725123111305,39.283101924698514,39.53025817871094,401900,0.0,0.0
2006-02-14 00:00:00-05:00,39.507789503853274,39.81486415159109,38.93108777867417,39.695030212402344,569100,0.0,0.0
2006-02-15 00:00:00-05:00,39.73248172235202,39.7549525524112,39.21569834405914,39.68754577636719,395200,0.0,0.0
2006-02-16 00:00:00-05:00,39.792399863045425,40.38407838544136,39.69503388561146,40.361610412597656,373300,0.0,0.0
2006-02-17 00:00:00-05:00,40.436507223124416,40.518890740140854,39.91223263474108,39.95716857910156,343100,0.0,0.0
2006-02-21 00:00:00-05:00,40.03206670203001,40.72860241238156,39.76243960678855,39.769927978515625,606100,0.0,0.0
2006-02-22 00:00:00-05:00,39.724997882557204,40.57132400858454,39.724997882557204,40.473960876464844,563100,0.0,0.0
2006-02-23 00:00:00-05:00,40.28669910663588,40.70611633585189,40.256739916815995,40.421512603759766,415100,0.0,0.0
2006-02-24 00:00:00-05:00,40.42901409438944,40.80349551748352,40.24926461126152,40.556339263916016,512600,0.0,0.0
2006-02-27 00:00:00-05:00,40.66868022896388,41.17797517105141,40.66868022896388,41.08810043334961,445700,0.0,0.0
2006-02-28 00:00:00-05:00,41.04315107973066,41.04315107973066,40.03954105281058,40.174354553222656,716500,0.0,0.0
2006-03-01 00:00:00-05:00,40.11445259765758,40.2717341156493,39.91223227863967,40.039554595947266,678200,0.0,0.0
2006-03-02 00:00:00-05:00,39.91972053279231,40.286713597426214,39.859804988667015,39.92721176147461,690700,0.0,0.0
2006-03-03 00:00:00-05:00,39.88227779565745,40.548854375862604,39.88227779565745,40.33914566040039,460300,0.0,0.0
2006-03-06 00:00:00-05:00,40.33165607909946,40.55634726292542,40.02458136588001,40.473960876464844,689900,0.0,0.0
2006-03-07 00:00:00-05:00,40.24177394635279,40.35411951768081,39.522770289639816,39.62013626098633,560900,0.0,0.0
2006-03-08 00:00:00-05:00,39.50778526974164,40.84093805747364,39.29058538540642,40.631229400634766,746700,0.0,0.0
2006-03-09 00:00:00-05:00,40.781024759514274,41.45508956078028,40.15938426826709,40.30917739868164,839500,0.0,0.0
2006-03-10 00:00:00-05:00,40.44398551258344,40.92332118004647,40.16687011553124,40.65369415283203,377300,0.0,0.0
2006-03-13 00:00:00-05:00,41.02818513972062,42.13664984542854,41.005717167862564,41.73221206665039,923400,0.0,0.0
2006-03-14 00:00:00-05:00,41.64234030808628,41.732217922262834,41.20045203811945,41.60489273071289,1036900,0.0,0.0
2006-03-15 00:00:00-05:00,41.59738606587058,42.07672170242591,41.56742687431943,41.79960632324219,1178400,0.0,0.0
2006-03-16 00:00:00-05:00,41.69475231551936,41.799609493902196,41.38767772149171,41.597389221191406,631800,0.0,0.0
2006-03-17 00:00:00-05:00,42.05426952214657,42.54109371078373,41.88949676383442,42.48866653442383,1005200,0.0,0.0
2006-03-20 00:00:00-05:00,42.35384547151032,42.36133669941493,41.9643844753941,42.30141830444336,431700,0.0,0.0
2006-03-21 00:00:00-05:00,42.12916244160045,42.28644396235309,40.97575890861441,41.19295883178711,488500,0.0,0.0
2006-03-22 00:00:00-05:00,41.11805873720357,41.649821637883015,40.96826560624794,41.62735366821289,647700,0.0,0.0
2006-03-23 00:00:00-05:00,41.57493237471476,41.58242360422221,41.080616938700125,41.2004508972168,416900,0.0,0.0
2006-03-24 00:00:00-05:00,41.20794198916124,41.470077879707965,41.050660454833206,41.387691497802734,364700,0.0,0.0
2006-03-27 00:00:00-05:00,42.81071527017699,42.81071527017699,41.38019637843589,42.054264068603516,497500,0.0,0.0
2006-03-28 00:00:00-05:00,42.0542622343433,42.35384563918821,41.5674352730041,41.62735366821289,384300,0.0,0.0
2006-03-29 00:00:00-05:00,41.66480635934688,41.99434900231325,41.52250158176291,41.96438980102539,368800,0.0,0.0
2006-03-30 00:00:00-05:00,41.88200342601713,42.0168169747458,41.61237918562648,41.96438980102539,453200,0.0,0.0
2006-03-31 00:00:00-05:00,42.039292123563946,42.93804825507537,41.89698733135889,42.82570266723633,474100,0.0,0.0
2006-04-03 00:00:00-04:00,42.990477309925176,43.664542295169035,42.84068413862639,43.065372467041016,867600,0.0,0.0
2006-04-04 00:00:00-04:00,43.06536531709096,43.544701100011395,42.91557217066166,43.45482635498047,623500,0.0,0.0
2006-04-05 00:00:00-04:00,43.45482812318059,44.18881142777701,43.40988932030323,44.06148910522461,608700,0.0,0.0
2006-04-06 00:00:00-04:00,43.96410690613165,44.08394081252287,43.40238493422297,43.57464599609375,636500,0.0,0.0
2006-04-07 00:00:00-04:00,43.57466543583276,44.18881483720827,43.417383899226905,43.492279052734375,545800,0.0,0.0
2006-04-10 00:00:00-04:00,43.559682607948396,43.79186213793486,43.3499739080037,43.51474380493164,654400,0.0,0.0
2006-04-11 00:00:00-04:00,43.47728898856842,43.51473655631105,42.63845147145517,42.76577377319336,588800,0.0,0.0
2006-04-12 00:00:00-04:00,42.69088736681465,42.908087304026076,42.12916516461972,42.21903991699219,730900,0.0,0.0
2006-04-13 00:00:00-04:00,41.956899656148565,42.51113057121882,41.956899656148565,42.376319885253906,601300,0.0,0.0
2006-04-17 00:00:00-04:00,42.31639238450902,42.683385363182815,42.08421291987329,42.16659927368164,358800,0.0,0.0
2006-04-18 00:00:00-04:00,44.952756239543184,47.14721789392188,44.226261269637085,45.469539642333984,3666500,0.0,0.0
2006-04-19 00:00:00-04:00,46.32333958457733,46.742759704589844,45.76161758707446,46.742759704589844,1735500,0.0,0.0
2006-04-20 00:00:00-04:00,46.81018768334548,48.54029039159897,46.76524887462531,48.33058166503906,1084300,0.0,0.0
2006-04-21 00:00:00-04:00,48.08342251230552,48.233218541402756,47.184669194259044,47.55915069580078,984300,0.0,0.0
2006-04-24 00:00:00-04:00,47.37189906317854,48.33806180091402,47.22210592555757,48.24818420410156,521800,0.0,0.0
2006-04-25 00:00:00-04:00,48.060945412820445,49.049576160648456,48.030986212688305,48.96718978881836,1817000,0.0,0.0
2006-04-26 00:00:00-04:00,49.09451591699697,50.008245772048866,48.944719922136294,49.0870246887207,1066100,0.0,0.0
2006-04-27 00:00:00-04:00,48.79492904848622,49.761091775598906,48.5327932033315,49.06455612182617,875700,0.0,0.0
2006-04-28 00:00:00-04:00,49.07204593073743,49.12447310435688,48.562750938091355,48.7949333190918,1339000,0.0,0.0
2006-05-01 00:00:00-04:00,48.53279592024134,49.9932712208141,48.53279592024134,49.431549072265625,1579200,0.0,0.0
2006-05-02 00:00:00-04:00,49.61877624113079,49.791040167204706,48.51030898975252,48.525291442871094,1038000,0.0,0.0
2006-05-03 00:00:00-04:00,48.532793550906554,49.21434675318986,48.42044798385485,48.98217010498047,1018200,0.0,0.0
2006-05-04 00:00:00-04:00,48.974674301647426,49.543887597837426,48.82488403566013,49.454010009765625,836600,0.0,0.0
2006-05-05 00:00:00-04:00,49.61878978844845,49.73862658958939,49.28175878497264,49.431549072265625,967700,0.0,0.0
2006-05-08 00:00:00-04:00,49.618786387206846,50.29285406208603,49.40907771371839,50.1879997253418,808200,0.0,0.0
2006-05-09 00:00:00-04:00,50.18051964508099,52.12782224967523,50.18051964508099,51.45375442504883,1168800,0.0,0.0
2006-05-10 00:00:00-04:00,51.42378617750772,51.745834680826874,50.659840957444736,51.543617248535156,734600,0.0,0.0
2006-05-11 00:00:00-04:00,51.61852182271723,51.75333537361193,51.06429087532055,51.13169479370117,1388900,0.0,0.0
2006-05-12 00:00:00-04:00,51.13169142905858,51.229060256934666,50.120592720948856,50.26289749145508,1224800,0.0,0.0
2006-05-15 00:00:00-04:00,49.61879555580801,50.135581821063035,48.884809348839056,49.19188690185547,959600,0.0,0.0
2006-05-16 00:00:00-04:00,49.51393569044755,50.390220875143626,49.10200382714604,50.01573944091797,1222100,0.0,0.0
2006-05-17 00:00:00-04:00,50.01574225728311,50.068169432461524,48.08341657647829,48.345558166503906,1192300,0.0,0.0
2006-05-18 00:00:00-04:00,48.457902911051015,48.83987563388831,47.626556396484375,47.626556396484375,967400,0.0,0.0
2006-05-19 00:00:00-04:00,47.70892838160535,48.323074759150586,47.37189456820488,47.933616638183594,1092700,0.0,0.0
2006-05-22 00:00:00-04:00,47.4093477664764,47.641527278191695,46.80268968735774,47.21461868286133,1029800,0.0,0.0
2006-05-23 00:00:00-04:00,47.55914271445899,48.98217332433245,47.55914271445899,48.480369567871094,1177300,0.0,0.0
2006-05-24 00:00:00-04:00,48.45789729817665,49.16941548097879,48.07593033371666,48.98966598510742,1965800,0.0,0.0
2006-05-25 00:00:00-04:00,49.543897151958454,50.15055527456797,48.78744302034238,49.573856353759766,880800,0.0,0.0
2006-05-26 00:00:00-04:00,49.69367708923747,49.84347306702223,49.07952786565065,49.80602264404297,724400,0.0,0.0
2006-05-30 00:00:00-04:00,49.61879099535168,49.73862779940747,47.71642458696597,47.738895416259766,974000,0.0,0.0
2006-05-31 00:00:00-04:00,47.82876818883742,49.55887054854288,47.80630021753731,49.30422592163086,1314000,0.0,0.0
2006-06-01 00:00:00-04:00,49.28918779598678,49.386951893441385,48.815399994630226,49.13877487182617,774300,0.27,0.0
2006-06-02 00:00:00-04:00,49.138761758552896,49.95097411927233,48.83794746584038,48.97331619262695,732800,0.0,0.0
2006-06-05 00:00:00-04:00,48.875554923025824,49.07108883758409,48.649944164073226,48.732669830322266,736400,0.0,0.0
2006-06-06 00:00:00-04:00,48.88307254747074,49.25157410320538,48.54465357105438,48.69506072998047,1467100,0.0,0.0
2006-06-07 00:00:00-04:00,48.695062405884485,49.02596505210872,48.356643417821,48.40928649902344,1141800,0.0,0.0
2006-06-08 00:00:00-04:00,48.379202990571876,48.38671933226694,45.852323665998746,47.37897872924805,1473100,0.0,0.0
2006-06-09 00:00:00-04:00,47.56699859540148,48.43185426285115,47.29626106928391,47.35642623901367,949200,0.0,0.0
2006-06-12 00:00:00-04:00,47.45417311614402,47.694827970066555,46.37122627349262,46.5817985534668,974500,0.0,0.0
2006-06-13 00:00:00-04:00,46.58933020819927,47.46922416081713,45.97265165965529,46.13058090209961,1602700,0.0,0.0
2006-06-14 00:00:00-04:00,46.213306016818805,47.38649793977582,46.07041519729671,47.37897872924805,1654000,0.0,0.0
2006-06-15 00:00:00-04:00,47.60459689938061,49.5373612370638,47.60459689938061,49.08612823486328,1826600,0.0,0.0
2006-06-16 00:00:00-04:00,49.13876394308126,49.16133017993627,48.06333902842895,48.35663986206055,735100,0.0,0.0
2006-06-19 00:00:00-04:00,48.43184416074785,48.71009797179259,47.75500048663262,47.95805358886719,936500,0.0,0.0
2006-06-20 00:00:00-04:00,47.95806180562054,49.138773094835074,47.79261046386023,49.056053161621094,1427100,0.0,0.0
2006-06-21 00:00:00-04:00,48.88308056985476,50.40221377991401,48.09343138056989,49.86074447631836,1349900,0.0,0.0
2006-06-22 00:00:00-04:00,49.85321626148987,49.85321626148987,48.86051405388199,49.06356430053711,940700,0.0,0.0
2006-06-23 00:00:00-04:00,48.732665880982466,49.26661875953053,48.48448890234783,48.815391540527344,832600,0.0,0.0
2006-06-26 00:00:00-04:00,49.03348300444903,49.244061073840754,48.732668666363715,48.91315841674805,616400,0.0,0.0
2006-06-27 00:00:00-04:00,48.92068440547322,49.10869625063235,47.770049962292816,47.86781692504883,880700,0.0,0.0
2006-06-28 00:00:00-04:00,48.05582948024578,48.100950487697475,47.326342592223384,47.56699752807617,734700,0.0,0.0
2006-06-29 00:00:00-04:00,47.86781236928645,48.87555300934912,47.724921544511794,48.8454704284668,939000,0.0,0.0
2006-06-30 00:00:00-04:00,48.890590798362965,49.2064492499738,48.38671480631915,48.58224868774414,955300,0.0,0.0
2006-07-03 00:00:00-04:00,48.627394239595446,48.80788403355165,48.38673353076437,48.634910583496094,269000,0.0,0.0
2006-07-05 00:00:00-04:00,48.58225034670065,48.687536500832834,47.506822568637475,48.18366622924805,920800,0.0,0.0
2006-07-06 00:00:00-04:00,48.65745710358559,49.20645414687579,48.38671962164322,48.48448944091797,754000,0.0,0.0
2006-07-07 00:00:00-04:00,48.3942444876609,48.69506456688135,47.476748696821005,47.64971923828125,587600,0.0,0.0
2006-07-10 00:00:00-04:00,47.77005240527294,48.153595326725565,46.957839815608715,47.040565490722656,490800,0.0,0.0
2006-07-11 00:00:00-04:00,46.965360977935745,47.50683315829014,46.62693907219351,47.4090690612793,519600,0.0,0.0
2006-07-12 00:00:00-04:00,47.288740907322136,48.19871469611884,46.4314073377315,46.52165222167969,767700,0.0,0.0
2006-07-13 00:00:00-04:00,46.17571050325638,46.3110792618189,45.25821177718448,45.536468505859375,1070800,0.0,0.0
2006-07-14 00:00:00-04:00,45.87488767554788,46.40132138657486,45.34093475341797,45.34093475341797,972200,0.0,0.0
2006-07-17 00:00:00-04:00,45.49886320137437,46.41636185668481,45.49134399040441,45.611671447753906,780500,0.0,0.0
2006-07-18 00:00:00-04:00,46.17571501048798,47.26618152814578,46.10803062460002,46.55173873901367,1536900,0.0,0.0
2006-07-19 00:00:00-04:00,47.75500596482162,47.905416006193946,46.18322691358835,46.499088287353516,1831500,0.0,0.0
2006-07-20 00:00:00-04:00,46.664534530694006,46.72469969191354,44.686649322509766,44.686649322509766,1687900,0.0,0.0
2006-07-21 00:00:00-04:00,44.6114531198112,44.6114531198112,43.393137091899504,43.9045295715332,1529900,0.0,0.0
2006-07-24 00:00:00-04:00,44.257980473677875,45.54398347934788,44.107573315485844,45.31836700439453,1237300,0.0,0.0
2006-07-25 00:00:00-04:00,45.22060564386682,45.867366790771484,44.70921324253908,45.867366790771484,633600,0.0,0.0
2006-07-26 00:00:00-04:00,45.91249162995368,45.91249162995368,44.4234381730119,44.56632614135742,1196600,0.0,0.0
2006-07-27 00:00:00-04:00,44.55879981375605,45.00250780851132,43.964681794386145,44.46103286743164,1225300,0.0,0.0
2006-07-28 00:00:00-04:00,44.513687805411884,45.59663797609941,44.48360808754096,45.41614532470703,710400,0.0,0.0
2006-07-31 00:00:00-04:00,44.370787230255914,44.79193471810247,44.25045978641869,44.73176956176758,1835500,0.0,0.0
2006-08-01 00:00:00-04:00,43.97221062215689,44.002290336630246,42.30266454348093,42.723812103271484,2153300,0.0,0.0
2006-08-02 00:00:00-04:00,42.77645553945368,43.6939513871377,42.77645553945368,43.52098083496094,1478200,0.0,0.0
2006-08-03 00:00:00-04:00,43.994759674071034,44.97994250468029,43.836830456068476,44.7994499206543,1657900,0.0,0.0
2006-08-04 00:00:00-04:00,45.12284039436503,45.34093481145769,43.75411446524259,44.18278121948242,1241200,0.0,0.0
2006-08-07 00:00:00-04:00,44.18277696071719,44.18277696071719,43.12239042841329,43.15999221801758,741900,0.0,0.0
2006-08-08 00:00:00-04:00,42.82910348366218,43.874448995583954,42.82910348366218,43.19760513305664,1097200,0.0,0.0
2006-08-09 00:00:00-04:00,43.20512587568603,43.20512587568603,41.64838790893555,41.64838790893555,1015300,0.0,0.0
2006-08-10 00:00:00-04:00,41.565665037188936,43.032158213655315,41.52054115509504,42.86670684814453,737000,0.0,0.0
2006-08-11 00:00:00-04:00,42.86669630663625,42.86669630663625,41.09186421106754,41.58069610595703,1008500,0.0,0.0
2006-08-14 00:00:00-04:00,41.76871837064425,43.23521155298391,41.738635782461174,42.91183090209961,832800,0.0,0.0
2006-08-15 00:00:00-04:00,43.430735258506125,43.821800231933594,43.032151073727356,43.821800231933594,725700,0.0,0.0
2006-08-16 00:00:00-04:00,43.8969966650326,44.79945392822805,43.73154822277677,44.73176956176758,804200,0.0,0.0
2006-08-17 00:00:00-04:00,44.68665709215396,45.04764238456995,44.52120860769936,44.84458923339844,548100,0.0,0.0
2006-08-18 00:00:00-04:00,44.85961952771523,44.85961952771523,43.99476404426922,44.72425079345703,636100,0.0,0.0
2006-08-21 00:00:00-04:00,44.596396898958034,44.75432611717137,44.265497174773095,44.701683044433594,462500,0.0,0.0
2006-08-22 00:00:00-04:00,44.70169117717214,45.0175525398969,44.49111884791084,44.70921325683594,949300,0.0,0.0
2006-08-23 00:00:00-04:00,44.70921491000733,44.942347749214726,44.205341700715785,44.295589447021484,493800,0.0,0.0
2006-08-24 00:00:00-04:00,44.445994337564414,44.445994337564414,43.498416000676166,43.62626266479492,583500,0.0,0.0
2006-08-25 00:00:00-04:00,43.46833516352075,43.70147086894002,42.98702533063325,43.35552978515625,708500,0.0,0.0
2006-08-28 00:00:00-04:00,43.28031061421178,43.84434594680924,43.205107050731606,43.60369110107422,345100,0.0,0.0
2006-08-29 00:00:00-04:00,43.67138951906166,44.100056280371,43.24272275775232,44.00981140136719,591700,0.0,0.0
2006-08-30 00:00:00-04:00,44.10006332397461,44.25047339222625,43.701479081616185,44.10006332397461,410700,0.0,0.0
2006-08-31 00:00:00-04:00,44.10758440228388,44.55881172794491,44.10758440228388,44.45352554321289,353700,0.0,0.0
2006-09-01 00:00:00-04:00,44.64152862467519,45.032593568769094,44.445994718211836,44.76185607910156,284500,0.0,0.0
2006-09-05 00:00:00-04:00,44.10758540524558,44.40840267291542,43.83684785615932,44.10006332397461,625200,0.0,0.0
2006-09-06 00:00:00-04:00,44.06997874737843,44.06997874737843,43.30289288470242,43.71651840209961,435000,0.0,0.0
2006-09-07 00:00:00-04:00,43.52850383080077,43.87444494243049,43.15248013498592,43.39313507080078,383600,0.0,0.0
2006-09-08 00:00:00-04:00,43.40817560120574,43.92708725954491,43.25776555175243,43.67891311645508,437400,0.0,0.0
2006-09-11 00:00:00-04:00,43.678905945491216,43.678905945491216,42.83661095436931,43.445770263671875,319200,0.0,0.0
2006-09-12 00:00:00-04:00,43.31792509490136,45.41613783578918,43.31792509490136,45.333412170410156,607800,0.0,0.0
2006-09-13 00:00:00-04:00,45.68687417608381,46.96535517946918,45.57406593181961,46.91271209716797,893400,0.0,0.0
2006-09-14 00:00:00-04:00,46.626931601275594,46.64197289121335,45.98769255750087,46.26594924926758,379900,0.0,0.0
2006-09-15 00:00:00-04:00,46.50660606029397,46.852547136569505,45.7996826171875,45.7996826171875,657600,0.0,0.0
2006-09-18 00:00:00-04:00,45.72447955599839,46.29603716416696,45.46126412383724,45.69439697265625,476700,0.0,0.0
2006-09-19 00:00:00-04:00,45.63423225018244,45.83728537370381,44.89722621045653,45.333412170410156,338400,0.0,0.0
2006-09-20 00:00:00-04:00,45.40861780704598,46.41636132665281,45.3710160149598,45.716957092285156,600000,0.0,0.0
2006-09-21 00:00:00-04:00,45.76207134395194,45.965124433860154,45.27324238128318,45.476295471191406,283300,0.0,0.0
2006-09-22 00:00:00-04:00,45.45374170928604,45.46126378948278,44.679133841337624,44.784420013427734,220100,0.0,0.0
2006-09-25 00:00:00-04:00,44.784425939005715,45.71696605730984,44.5061691804029,45.32590103149414,341500,0.0,0.0
2006-09-26 00:00:00-04:00,45.32589273979463,45.87488694421131,44.79193982617698,45.5139045715332,592400,0.0,0.0
2006-09-27 00:00:00-04:00,45.43869386790513,45.957608311025396,45.34844900038393,45.521419525146484,315700,0.0,0.0
2006-09-28 00:00:00-04:00,45.74703708617112,46.71717588999077,45.74703708617112,46.35619354248047,664500,0.0,0.0
2006-09-29 00:00:00-04:00,46.356190937801664,46.58932661258353,45.92000503488087,46.07793426513672,399500,0.0,0.0
2006-10-02 00:00:00-04:00,45.98769657295909,46.747263133725404,45.694395696812066,46.0854606628418,376900,0.0,0.0
2006-10-03 00:00:00-04:00,46.07793019547296,46.42387120324109,45.574057102565234,46.017765045166016,323000,0.0,0.0
2006-10-04 00:00:00-04:00,46.025292950598164,47.67227541953837,46.025292950598164,47.64219284057617,327800,0.0,0.0
2006-10-05 00:00:00-04:00,47.52939441235861,47.86029422275878,47.19849173312539,47.8302116394043,462700,0.0,0.0
2006-10-06 00:00:00-04:00,47.642193281494734,47.64971536072122,46.37875364171556,46.6043701171875,672000,0.0,0.0
2006-10-09 00:00:00-04:00,46.52915848279258,47.15335902271289,46.37874847218737,46.9503059387207,255200,0.0,0.0
2006-10-10 00:00:00-04:00,47.04055142789437,47.266165012409246,46.73221219299649,46.76229476928711,337500,0.0,0.0
2006-10-11 00:00:00-04:00,46.6645361658933,46.920232372370776,46.24339149793008,46.589332580566406,349300,0.0,0.0
2006-10-12 00:00:00-04:00,46.66454642095535,47.063133543514,46.64198591416593,46.769832611083984,602900,0.0,0.0
2006-10-13 00:00:00-04:00,46.76983256711498,47.22858199695864,46.48405658527263,46.88264083862305,872200,0.0,0.0
2006-10-16 00:00:00-04:00,46.92775483786369,49.206457344223395,46.92775483786369,48.67250442504883,1163500,0.0,0.0
2006-10-17 00:00:00-04:00,50.763196698423066,52.86893159727591,50.24428218500829,51.40995788574219,4367100,0.0,0.0
2006-10-18 00:00:00-04:00,50.91358887222382,51.47010788463894,50.59020837385559,51.21440887451172,1336000,0.0,0.0
2006-10-19 00:00:00-04:00,51.176821898924715,51.477636233723025,50.83839716577813,51.22194290161133,1057000,0.0,0.0
2006-10-20 00:00:00-04:00,51.094108423343016,51.51525318265139,50.89857446894969,51.17683410644531,633400,0.0,0.0
2006-10-23 00:00:00-04:00,50.98882753927566,52.33498764038086,50.913618192144206,52.33498764038086,656500,0.0,0.0
2006-10-24 00:00:00-04:00,51.989037564151246,52.50043005386627,51.55285440871782,52.00408172607422,503300,0.0,0.0
2006-10-25 00:00:00-04:00,51.89125672731418,52.68090858127401,51.80100899788127,52.54553985595703,471000,0.0,0.0
2006-10-26 00:00:00-04:00,52.70348299044948,52.718521413825336,52.297376707305645,52.553070068359375,418400,0.0,0.0
2006-10-27 00:00:00-04:00,52.492911268481954,52.710999967219365,51.45508217541111,51.5152473449707,802300,0.0,0.0
2006-10-30 00:00:00-05:00,51.402438349879155,52.109364737908486,51.36483942269296,51.92887496948242,602800,0.0,0.0
2006-10-31 00:00:00-05:00,52.041679418556065,52.07928408480303,50.763201093490316,50.966251373291016,768300,0.0,0.0
2006-11-01 00:00:00-05:00,51.28962990887661,51.60549417457125,50.48493942785219,50.567665100097656,867500,0.0,0.0
2006-11-02 00:00:00-05:00,50.40221511895072,51.748380677388745,50.387176695256706,51.63557815551758,834700,0.0,0.0
2006-11-03 00:00:00-05:00,51.92886521825959,52.15447595201033,50.665425601193746,51.191856384277344,574800,0.0,0.0
2006-11-06 00:00:00-05:00,51.37986615514534,52.03414930610648,51.37986615514534,51.725807189941406,521700,0.0,0.0
2006-11-07 00:00:00-05:00,51.801013659677636,52.64330866385889,51.628046001446094,52.192081451416016,481800,0.0,0.0
2006-11-08 00:00:00-05:00,52.07927504910269,53.109581906247406,51.86118064557576,52.868927001953125,425800,0.0,0.0
2006-11-09 00:00:00-05:00,52.906543228573376,53.23744598183358,52.199622443427565,52.27482604980469,696100,0.0,0.0
2006-11-10 00:00:00-05:00,52.342490875859475,52.59818994116903,52.13944062965192,52.50794219970703,396400,0.0,0.0
2006-11-13 00:00:00-05:00,52.49290852228228,53.7187436651804,52.40266077266424,53.568336486816406,490300,0.0,0.0
2006-11-14 00:00:00-05:00,53.54577610143579,54.03460809107203,52.79372865204671,53.96692657470703,487400,0.0,0.0
2006-11-15 00:00:00-05:00,54.10228522020422,55.68910550046517,54.10228522020422,55.56877517700195,831700,0.0,0.0
2006-11-16 00:00:00-05:00,55.7266960144043,55.80189958638813,54.95961039990559,55.7266960144043,666800,0.0,0.0
2006-11-17 00:00:00-05:00,55.70415217277113,55.83952093788478,54.500877448242264,55.23788070678711,605300,0.0,0.0
2006-11-20 00:00:00-05:00,55.12506866455078,55.50109230963594,54.636236778406975,55.12506866455078,565600,0.0,0.0
2006-11-21 00:00:00-05:00,55.00473048083731,55.45595764290118,54.95960948593032,55.177703857421875,940700,0.0,0.0
2006-11-22 00:00:00-05:00,55.125067132475614,55.36572202913504,54.78664241870542,55.32811737060547,590100,0.0,0.0
2006-11-24 00:00:00-05:00,55.049877004181845,55.32813665636397,55.012278070211714,55.13260269165039,52100,0.0,0.0
2006-11-27 00:00:00-05:00,55.14010383218372,55.200268988886954,53.59840468323788,53.66609191894531,945200,0.0,0.0
2006-11-28 00:00:00-05:00,53.24495491250925,53.97443602562294,53.0042999889427,53.44048309326172,561500,0.0,0.0
2006-11-29 00:00:00-05:00,53.84658138271785,54.24516550297402,53.47055776169655,53.94435119628906,422600,0.0,0.0
2006-11-30 00:00:00-05:00,53.99699146734324,54.78663758784869,53.32014783714943,53.39535140991211,713500,0.0,0.0
2006-12-01 00:00:00-05:00,53.58423166360967,54.21125845347434,53.07052387103822,53.9241828918457,650200,0.32,0.0
2006-12-04 00:00:00-05:00,54.014847292737755,55.04226303100586,54.014847292737755,55.04226303100586,499400,0.0,0.0
2006-12-05 00:00:00-05:00,54.58141975680171,54.80805771522821,53.29715336209875,54.67962646484375,891000,0.0,0.0
2006-12-06 00:00:00-05:00,54.80805834964929,55.69193602318695,54.61163916764889,55.359535217285156,809200,0.0,0.0
2006-12-07 00:00:00-05:00,55.35953658463589,55.65416248309221,54.46054661754753,54.498321533203125,397700,0.0,0.0
2006-12-08 00:00:00-05:00,54.49076025927594,54.58141659011541,53.75042039683521,53.75797653198242,618100,0.0,0.0
2006-12-11 00:00:00-05:00,53.810855413664726,54.52853260046928,53.788187009291846,54.279232025146484,750300,0.0,0.0
2006-12-12 00:00:00-05:00,54.43032940063045,55.88079613703333,54.39255448789021,55.80525207519531,1256700,0.0,0.0
2006-12-13 00:00:00-05:00,56.258511919985644,56.80998865781437,55.72969205655758,56.107418060302734,859100,0.0,0.0
2006-12-14 00:00:00-05:00,56.10742164881163,58.26801498951208,56.092315143697874,57.99605178833008,1075500,0.0,0.0
2006-12-15 00:00:00-05:00,57.99607568488583,58.00363182237702,57.02909757720386,57.64101791381836,990000,0.0,0.0
2006-12-18 00:00:00-05:00,57.98095852903499,57.98095852903499,56.87044283111683,57.2481689453125,939700,0.0,0.0
2006-12-19 00:00:00-05:00,56.80999874708395,56.87043630169063,56.311403330684975,56.62113571166992,827900,0.0,0.0
2006-12-20 00:00:00-05:00,56.73445725347258,57.82231023105967,56.73445725347258,57.21039581298828,955600,0.0,0.0
2006-12-21 00:00:00-05:00,57.3992587737776,58.169817456023445,57.27082752370106,57.48235321044922,867400,0.0,0.0
2006-12-22 00:00:00-05:00,57.67122289791232,57.95829844612135,57.46725332323418,57.52769088745117,828300,0.0,0.0
2006-12-26 00:00:00-05:00,57.45214050103952,58.23025532299147,57.45214050103952,57.77698516845703,187000,0.0,0.0
2006-12-27 00:00:00-05:00,57.7769831345014,58.02627796435151,57.45968885021874,57.73920822143555,490200,0.0,0.0
2006-12-28 00:00:00-05:00,57.63345330358378,57.73166002195509,57.104633266182134,57.195289611816406,378200,0.0,0.0
2006-12-29 00:00:00-05:00,57.074427300812054,57.64101656284403,56.57582598367478,56.60604476928711,288700,0.0,0.0
2007-01-03 00:00:00-05:00,57.03665140487599,57.87520395946965,56.75713196546346,57.61834716796875,1175100,0.0,0.0
2007-01-04 00:00:00-05:00,57.61834631632617,58.162272912741216,56.9308876973777,57.701446533203125,745100,0.0,0.0
2007-01-05 00:00:00-05:00,57.588118278013354,57.60322478457717,56.522928010530556,56.666465759277344,1031400,0.0,0.0
2007-01-08 00:00:00-05:00,56.78733235975219,57.30104001274377,56.334062257381284,56.840213775634766,606800,0.0,0.0
2007-01-09 00:00:00-05:00,56.855345820632614,57.11219685464573,56.36430063741712,56.719364166259766,671100,0.0,0.0
2007-01-10 00:00:00-05:00,56.56825782801265,56.83267070503297,55.979006042873365,56.4549446105957,510400,0.0,0.0
2007-01-11 00:00:00-05:00,56.583368875334514,57.51257181990831,56.583368875334514,57.13484573364258,764100,0.0,0.0
2007-01-12 00:00:00-05:00,57.23305666275114,57.76942699915973,56.90821200676932,57.73920822143555,373600,0.0,0.0
2007-01-16 00:00:00-05:00,57.693896159773466,57.97340983141065,57.3841579398423,57.701446533203125,462200,0.0,0.0
2007-01-17 00:00:00-05:00,57.671211587007434,58.96303977329842,57.56544875219237,58.45688247680664,607000,0.0,0.0
2007-01-18 00:00:00-05:00,58.54754362823684,58.675969114856784,57.18772740625296,57.21039581298828,418000,0.0,0.0
2007-01-19 00:00:00-05:00,56.953556587889096,57.44460180590301,56.62871182184708,57.323726654052734,402800,0.0,0.0
2007-01-22 00:00:00-05:00,57.18774492911423,57.74678386035943,56.968668802996845,56.976219177246094,426800,0.0,0.0
2007-01-23 00:00:00-05:00,56.961085297349946,58.026269682801576,56.961085297349946,57.588111877441406,348500,0.0,0.0
2007-01-24 00:00:00-05:00,56.28118437007512,56.84777347447184,54.936480484489664,56.27362823486328,1242100,0.0,0.0
2007-01-25 00:00:00-05:00,56.01677274758367,56.130091712034634,55.50306510389569,55.994110107421875,770300,0.0,0.0
2007-01-26 00:00:00-05:00,56.145212641317585,56.40961978386813,55.39731650563365,55.8581428527832,553000,0.0,0.0
2007-01-29 00:00:00-05:00,55.61640336184843,57.45970315270535,55.57107230215738,56.94599533081055,1505600,0.0,0.0
2007-01-30 00:00:00-05:00,55.07245506610891,55.90345116035888,53.0327310926135,54.06014633178711,3323500,0.0,0.0
2007-01-31 00:00:00-05:00,54.165925899356445,55.32932309636902,54.10549409762805,55.09513473510742,1233900,0.0,0.0
2007-02-01 00:00:00-05:00,54.98936603459503,55.69949294315061,54.8231656293039,55.36709213256836,1165200,0.0,0.0
2007-02-02 00:00:00-05:00,55.41996843659816,56.24340848757033,55.41996843659816,55.91856384277344,725200,0.0,0.0
2007-02-05 00:00:00-05:00,55.86569322568219,56.107437722248896,55.22355994701847,55.8581428527832,1346500,0.0,0.0
2007-02-06 00:00:00-05:00,55.90346368377752,56.50782775878906,55.843026123547766,56.50782775878906,1017400,0.0,0.0
2007-02-07 00:00:00-05:00,56.190537615310035,56.402069091796875,55.835479890833355,56.402069091796875,672100,0.0,0.0
2007-02-08 00:00:00-05:00,56.46247820789487,57.22548630579159,56.16785240285733,57.11216735839844,575900,0.0,0.0
2007-02-09 00:00:00-05:00,57.07442934029435,57.10464236334227,56.34163961303131,56.643821716308594,601600,0.0,0.0
2007-02-12 00:00:00-05:00,56.6362394325558,56.6362394325558,56.00921286636052,56.485145568847656,447200,0.0,0.0
2007-02-13 00:00:00-05:00,56.48515764246874,57.588122910549956,56.22075052901481,57.16506576538086,422500,0.0,0.0
2007-02-14 00:00:00-05:00,57.338835814256704,57.85254365441827,57.1650792338244,57.64101791381836,431100,0.0,0.0
2007-02-15 00:00:00-05:00,57.56545455060307,58.01873047534456,57.074415238204466,57.693885803222656,559500,0.0,0.0
2007-02-16 00:00:00-05:00,57.56546173868905,58.81195916009022,57.45214850699728,58.728858947753906,646900,0.0,0.0
2007-02-20 00:00:00-05:00,58.43424445427138,59.159478097252254,58.05651823832438,59.076377868652344,611700,0.0,0.0
2007-02-21 00:00:00-05:00,58.88750237610599,59.499422636526134,58.64575787928675,59.34077835083008,618200,0.0,0.0
2007-02-22 00:00:00-05:00,59.49941473672673,59.80914713044503,59.09146987182437,59.57495880126953,688500,0.0,0.0
2007-02-23 00:00:00-05:00,59.491864465604166,59.59007118282629,58.8648377171685,59.303001403808594,407000,0.0,0.0
2007-02-26 00:00:00-05:00,59.18969157577578,59.30301058312204,57.79966199235115,58.441795349121094,645500,0.0,0.0
2007-02-27 00:00:00-05:00,57.716550689312584,58.27558371760081,55.941239127237885,56.43983459472656,1638900,0.0,0.0
2007-02-28 00:00:00-05:00,56.55314779054671,56.71179204867165,55.148006345848756,56.130096435546875,713400,0.0,0.0
2007-03-01 00:00:00-05:00,56.130096435546875,56.666466764533794,54.981805952486695,56.130096435546875,1030100,0.0,0.0
2007-03-02 00:00:00-05:00,55.941235010747306,55.94878538255938,54.36233699199135,54.634300231933594,908400,0.0,0.0
2007-03-05 00:00:00-05:00,54.173476490276,56.364289019765806,53.856187950019354,55.62394332885742,1592600,0.0,0.0
2007-03-06 00:00:00-05:00,55.77504661004614,56.38696114972027,55.5257459591997,55.89591598510742,560400,0.0,0.0
2007-03-07 00:00:00-05:00,55.525742800976225,56.069669366923854,55.27644216430964,55.33687973022461,652800,0.0,0.0
2007-03-08 00:00:00-05:00,55.43508961751145,56.658924460776,55.43508961751145,56.11499786376953,637800,0.0,0.0
2007-03-09 00:00:00-05:00,56.55314553417359,56.88554630763549,56.2585196717477,56.63624572753906,265700,0.0,0.0
2007-03-12 00:00:00-04:00,56.28118021753587,56.64379975359764,55.66926587430125,55.797691345214844,505300,0.0,0.0
2007-03-13 00:00:00-04:00,55.63906129616717,55.88080579401112,54.913827802635325,55.09513473510742,610200,0.0,0.0
2007-03-14 00:00:00-04:00,54.99693323024307,55.54841021654602,54.51344418869912,55.38220977783203,527000,0.0,0.0
2007-03-15 00:00:00-04:00,55.30664742772031,55.9412301874185,55.28398478695289,55.389747619628906,571600,0.0,0.0
2007-03-16 00:00:00-04:00,55.299100588358606,55.60128263121736,54.74762369151122,55.22355651855469,462900,0.0,0.0
2007-03-19 00:00:00-04:00,55.45773598397576,56.05453801239032,55.41240494314868,55.68436813354492,276700,0.0,0.0
2007-03-20 00:00:00-04:00,55.49552718687747,56.30386094530545,55.47286453927617,56.11499786376953,247100,0.0,0.0
2007-03-21 00:00:00-04:00,56.29630585713053,57.36905256061118,55.54840965413384,56.94599533081055,445700,0.0,0.0
2007-03-22 00:00:00-04:00,56.99130569992463,57.66365757753222,56.99130569992463,57.421913146972656,413900,0.0,0.0
2007-03-23 00:00:00-04:00,57.55034343676772,57.73165033396772,56.84777272602005,56.88554763793945,320200,0.0,0.0
2007-03-26 00:00:00-04:00,56.80246430491548,56.99887776700482,56.08478111089288,56.590938568115234,308100,0.0,0.0
2007-03-27 00:00:00-04:00,56.35674628065046,56.80246618103895,56.06967645174625,56.68159103393555,269400,0.0,0.0
2007-03-28 00:00:00-04:00,56.3945172868003,56.507836288425395,55.14801979621195,55.89591598510742,472400,0.0,0.0
2007-03-29 00:00:00-04:00,56.00168299004135,56.00168299004135,55.10269857494344,55.442649841308594,621600,0.0,0.0
2007-03-30 00:00:00-04:00,55.601284126758834,56.40206742642015,55.480414764550076,55.72970962524414,708400,0.0,0.0
2007-04-02 00:00:00-04:00,55.75991639127889,56.00921696189564,55.57860950521307,55.88834762573242,544000,0.0,0.0
2007-04-03 00:00:00-04:00,55.941244632997,57.059310799613954,55.941244632997,56.7118034362793,347200,0.0,0.0
2007-04-04 00:00:00-04:00,56.62112797941448,56.628684113619045,54.505865729825764,55.14799880981445,1374300,0.0,0.0
2007-04-05 00:00:00-04:00,55.14801369744412,55.548402463749504,54.73251265864993,55.25377655029297,570300,0.0,0.0
2007-04-09 00:00:00-04:00,55.903471840076264,56.65136802519756,55.53330181603657,56.349185943603516,520500,0.0,0.0
2007-04-10 00:00:00-04:00,56.394504960554336,56.69668697762485,55.888353396055706,56.19808578491211,335000,0.0,0.0
2007-04-11 00:00:00-04:00,56.17542826777649,56.41717275076141,55.91102114008096,56.13765335083008,516300,0.0,0.0
2007-04-12 00:00:00-04:00,56.13010287493346,57.391706713072644,55.94123981783563,57.2481689453125,586600,0.0,0.0
2007-04-13 00:00:00-04:00,56.59847574142729,57.595672384942,56.59847574142729,57.029083251953125,309200,0.0,0.0
2007-04-16 00:00:00-04:00,57.248164963595066,57.625891051519176,56.65891318861629,57.21039581298828,600500,0.0,0.0
2007-04-17 00:00:00-04:00,57.18772502207656,58.411559570839955,56.893099146870235,58.079158782958984,475300,0.0,0.0
2007-04-18 00:00:00-04:00,57.89030177929054,58.65331013841588,57.55035058436422,58.3737907409668,590700,0.0,0.0
2007-04-19 00:00:00-04:00,58.32090721281728,59.63539818338881,58.20759399435668,59.046146392822266,866700,0.0,0.0
2007-04-20 00:00:00-04:00,60.42862137182847,62.81585314993668,60.096226314812625,60.247314453125,2578900,0.0,0.0
2007-04-23 00:00:00-04:00,59.90736487895552,61.19163138024411,59.83181504411475,61.100975036621094,961100,0.0,0.0
2007-04-24 00:00:00-04:00,61.10852438047973,61.54668801382331,60.07355285281835,60.21709060668945,942600,0.0,0.0
2007-04-25 00:00:00-04:00,60.662829038090294,60.95745500820331,60.19444648280185,60.28510284423828,743500,0.0,0.0
2007-04-26 00:00:00-04:00,59.75626593338711,60.43617404411191,59.68827800413598,60.14154815673828,708300,0.0,0.0
2007-04-27 00:00:00-04:00,60.17177530358462,61.22185351254574,60.01313101629303,61.07831573486328,1045000,0.0,0.0
2007-04-30 00:00:00-04:00,61.10095941703919,61.4937977086723,60.45882633054699,60.62502670288086,959900,0.0,0.0
2007-05-01 00:00:00-04:00,60.7987944323279,61.07075191658914,60.13399282027687,60.85922622680664,750500,0.0,0.0
2007-05-02 00:00:00-04:00,60.670361106846826,61.95463323664315,60.670361106846826,61.22184371948242,791300,0.0,0.0
2007-05-03 00:00:00-04:00,61.37294019117327,61.76577859531031,61.063207760645376,61.7204475402832,678100,0.0,0.0
2007-05-04 00:00:00-04:00,61.72799812598883,63.31444658183956,61.50136592580607,63.3068962097168,799900,0.0,0.0
2007-05-07 00:00:00-04:00,63.31444431858205,63.31444431858205,62.528773372685706,62.70252990722656,515900,0.0,0.0
2007-05-08 00:00:00-04:00,62.47591049084911,62.78564873800887,61.90932119704947,62.67988586425781,360000,0.0,0.0
2007-05-09 00:00:00-04:00,62.626974768941416,64.28141080406206,62.55898108879037,63.85080337524414,1013900,0.0,0.0
2007-05-10 00:00:00-04:00,63.684628696379974,64.10012398688914,62.3852498691865,63.05760192871094,996500,0.0,0.0
2007-05-11 00:00:00-04:00,63.24645922488167,64.5911632212225,63.118033733914935,64.47784423828125,558000,0.0,0.0
2007-05-14 00:00:00-04:00,64.37206670260491,64.7044674397465,63.752596269340245,64.13787841796875,587900,0.0,0.0
2007-05-15 00:00:00-04:00,64.2512112973501,64.79513203465747,63.79038499869189,63.979248046875,517300,0.0,0.0
2007-05-16 00:00:00-04:00,64.20586954662303,64.58359558004133,63.828143513204736,64.56848907470703,340600,0.0,0.0
2007-05-17 00:00:00-04:00,64.3796327060609,64.73469613632187,64.00946276890566,64.21343231201172,441200,0.0,0.0
2007-05-18 00:00:00-04:00,64.40230532241797,65.4523835052932,64.13789818350035,65.16531372070312,326000,0.0,0.0
2007-05-21 00:00:00-04:00,65.1653348957094,66.25318258697924,64.64407082128841,66.02655029296875,422300,0.0,0.0
2007-05-22 00:00:00-04:00,66.10207411269589,66.59311924454745,65.76967326707756,65.90565490722656,501700,0.0,0.0
2007-05-23 00:00:00-04:00,66.40424745127203,67.05393678399881,66.09450929243226,66.75175476074219,682500,0.0,0.0
2007-05-24 00:00:00-04:00,67.59031536912711,68.62528128799914,67.59031536912711,68.14179229736328,1356800,0.0,0.0
2007-05-25 00:00:00-04:00,68.55729516683083,70.71788917257395,68.48175109072555,70.43836975097656,1591000,0.0,0.0
2007-05-29 00:00:00-04:00,70.32504187510426,70.50635455123494,67.83205309655717,68.36842346191406,1440500,0.0,0.0
2007-05-30 00:00:00-04:00,68.15689921606173,69.07855183319619,68.04358023198664,68.9652328491211,1001300,0.0,0.0
2007-05-31 00:00:00-04:00,69.15409485362444,69.59980888361916,68.77636875485895,69.50160217285156,880100,0.0,0.0
2007-06-01 00:00:00-04:00,70.123238611414,70.88132767748333,69.89580957808896,70.33550262451172,665200,0.32,0.0
2007-06-04 00:00:00-04:00,70.98746800871349,71.04053401821096,69.6532294765127,70.2369613647461,738200,0.0,0.0
2007-06-05 00:00:00-04:00,70.8813176998544,70.8813176998544,69.3348155287155,69.52433776855469,703700,0.0,0.0
2007-06-06 00:00:00-04:00,69.38788961038688,69.89580788424196,68.87238882660188,69.33482360839844,708400,0.0,0.0
2007-06-07 00:00:00-04:00,69.08465734251726,69.8579114605319,68.60706329345703,68.60706329345703,919600,0.0,0.0
2007-06-08 00:00:00-04:00,68.40993993529193,69.40304031590685,68.18251673814473,69.25141906738281,680400,0.0,0.0
2007-06-11 00:00:00-04:00,69.34999772015364,70.35825189011764,69.28934920028419,69.94888305664062,589100,0.0,0.0
2007-06-12 00:00:00-04:00,69.59257464749132,71.03293916465061,69.47127762756703,70.07775115966797,662200,0.0,0.0
2007-06-13 00:00:00-04:00,70.16871758970008,70.7145426075516,69.17562282785144,69.67596435546875,723200,0.0,0.0
2007-06-14 00:00:00-04:00,69.62289700406836,70.43405785661889,69.53193001780892,69.74419403076172,428300,0.0,0.0
2007-06-15 00:00:00-04:00,70.12322635471064,70.77518330027682,70.07774286949984,70.38097381591797,537500,0.0,0.0
2007-06-18 00:00:00-04:00,70.25212012267308,70.29002689366692,69.60016299115523,69.83517456054688,298400,0.0,0.0
2007-06-19 00:00:00-04:00,69.70629807004812,70.14599118433316,69.13773118274345,69.97163391113281,347700,0.0,0.0
2007-06-20 00:00:00-04:00,70.16114517414948,71.50296027233473,69.3575668334961,69.3575668334961,456200,0.0,0.0
2007-06-21 00:00:00-04:00,69.69870477263436,71.7228010221357,69.66838051846923,71.33617401123047,455800,0.0,0.0
2007-06-22 00:00:00-04:00,70.86616229554022,70.88132153069235,69.7820947937204,70.65389251708984,602100,0.0,0.0
2007-06-25 00:00:00-04:00,70.66148572624412,71.79861939892349,70.00952862454042,70.19905090332031,373800,0.0,0.0
2007-06-26 00:00:00-04:00,70.50228176471651,70.73728751979556,69.69112671124708,70.10807800292969,518600,0.0,0.0
2007-06-27 00:00:00-04:00,69.72903741784263,70.70696725948946,69.19078907134012,70.66148376464844,390900,0.0,0.0
2007-06-28 00:00:00-04:00,70.76761089245068,71.47263393264693,70.44163237313929,71.07843017578125,256400,0.0,0.0
2007-06-29 00:00:00-04:00,71.1845627986468,71.1845627986468,69.22869166575101,69.92613220214844,626400,0.0,0.0
2007-07-02 00:00:00-04:00,70.30517442265476,71.21488472114608,70.13839391207667,71.16939544677734,306500,0.0,0.0
2007-07-03 00:00:00-04:00,71.20729790657461,71.85925489009615,71.00261642745036,71.192138671875,158600,0.0,0.0
2007-07-05 00:00:00-04:00,70.76760918970845,71.35134097673176,70.71454318941181,71.16939544677734,343400,0.0,0.0
2007-07-06 00:00:00-04:00,71.0329172119266,72.24586390126728,70.82823578376147,71.45745086669922,394600,0.0,0.0
2007-07-09 00:00:00-04:00,71.41198272771975,72.17765425048083,70.98745473114417,71.2527847290039,665000,0.0,0.0
2007-07-10 00:00:00-04:00,70.90408036740605,70.90408036740605,69.97163391113281,69.97163391113281,422600,0.0,0.0
2007-07-11 00:00:00-04:00,70.1080844087832,71.10117930583594,69.40306129536688,70.89649200439453,609600,0.0,0.0
2007-07-12 00:00:00-04:00,71.57876378805287,72.2231382974704,71.32859302367281,71.65457153320312,584500,0.0,0.0
2007-07-13 00:00:00-04:00,71.35893761264252,71.74556474196885,71.23764634259147,71.71524047851562,282300,0.0,0.0
2007-07-16 00:00:00-04:00,71.6545497875224,71.75310503169244,71.01775798100115,71.45745086669922,389600,0.0,0.0
2007-07-17 00:00:00-04:00,71.42715823476283,73.74690910489588,71.42715823476283,72.0563735961914,660800,0.0,0.0
2007-07-18 00:00:00-04:00,72.04880111269082,72.04880111269082,71.1390905664408,71.6091079711914,720700,0.0,0.0
2007-07-19 00:00:00-04:00,71.03293924086194,72.11700677661729,67.49266488660699,68.81932067871094,1197800,0.0,0.0
2007-07-20 00:00:00-04:00,69.26658718726182,70.72969904445065,67.65943658346202,68.88754272460938,1207000,0.0,0.0
2007-07-23 00:00:00-04:00,69.09980729584345,70.57807839946774,69.09980729584345,69.2893295288086,638200,0.0,0.0
2007-07-24 00:00:00-04:00,68.60705732783983,69.3120803582498,66.94684049860592,67.16668701171875,861800,0.0,0.0
2007-07-25 00:00:00-04:00,67.5229969301461,67.5229969301461,65.02888305925272,65.87794494628906,1311500,0.0,0.0
2007-07-26 00:00:00-04:00,64.96066160393964,67.04540678215325,64.46790249597326,65.15776062011719,1362800,0.0,0.0
2007-07-27 00:00:00-04:00,64.81663104338689,64.93034558793471,60.45761784456263,60.50310134887695,2848800,0.0,0.0
2007-07-30 00:00:00-04:00,60.74567534061937,61.57199543778956,59.69951450197666,60.41969680786133,1344200,0.0,0.0
2007-07-31 00:00:00-04:00,61.55684340055155,61.951053040582686,59.790499883479626,59.92695617675781,1377100,0.0,0.0
2007-08-01 00:00:00-04:00,59.57063425542266,60.47275622106743,57.83460977330626,58.70641326904297,1075900,0.0,0.0
2007-08-02 00:00:00-04:00,59.01723478922039,59.509993856889466,57.88010114864288,58.721580505371094,1016700,0.0,0.0
2007-08-03 00:00:00-04:00,58.57753968624084,58.59270470649298,56.12133272760723,56.1895637512207,975200,0.0,0.0
2007-08-06 00:00:00-04:00,55.86357182090537,56.326006503741304,54.18061356976598,55.598236083984375,1322000,0.0,0.0
2007-08-07 00:00:00-04:00,56.06826079686209,56.29568980651635,54.62789056449172,55.34049606323242,1906600,0.0,0.0
2007-08-08 00:00:00-04:00,55.113074662856256,55.14339892058092,52.38395508900459,52.93736267089844,3254200,0.0,0.0
2007-08-09 00:00:00-04:00,51.74716259608719,53.00558747047145,49.08626828650841,51.6107063293457,3144300,0.0,0.0
2007-08-10 00:00:00-04:00,50.708575415521594,56.454891725988055,50.61002592248967,55.63615417480469,2135800,0.0,0.0
2007-08-13 00:00:00-04:00,56.30326653503605,58.97174300891154,56.30326653503605,58.024131774902344,1586900,0.0,0.0
2007-08-14 00:00:00-04:00,58.06962572324937,58.39560427781654,56.20472717285156,56.20472717285156,972500,0.0,0.0
2007-08-15 00:00:00-04:00,56.18956258409363,57.19023990080798,55.385984256478444,55.59067153930664,1138700,0.0,0.0
2007-08-16 00:00:00-04:00,54.582405542247386,55.082747035922694,52.990419870683795,54.39288330078125,1234100,0.0,0.0
2007-08-17 00:00:00-04:00,55.76503188732827,57.88768366340421,53.81674314767546,56.02278518676758,778100,0.0,0.0
2007-08-20 00:00:00-04:00,56.04552064527892,56.30326813203545,54.79467262415543,55.95454788208008,530400,0.0,0.0
2007-08-21 00:00:00-04:00,56.21231560410096,56.333606869121795,54.30951008359787,54.8553352355957,781500,0.0,0.0
2007-08-22 00:00:00-04:00,55.56793383785249,55.56793383785249,54.57483317506022,55.052433013916016,737500,0.0,0.0
2007-08-23 00:00:00-04:00,55.43904898344671,55.53002174969549,54.90838897306297,55.19646072387695,593700,0.0,0.0
2007-08-24 00:00:00-04:00,55.21920936245505,55.83326548970574,54.88565407875948,55.628578186035156,518800,0.0,0.0
2007-08-27 00:00:00-04:00,55.49212960524494,55.50729462882883,54.794688898194096,55.03727722167969,409600,0.0,0.0
2007-08-28 00:00:00-04:00,55.12824957231442,55.49971167449185,54.590006914615174,54.63549041748047,730500,0.0,0.0
2007-08-29 00:00:00-04:00,55.03725763634816,55.181296390328825,52.61895777385042,53.80157470703125,1083300,0.0,0.0
2007-08-30 00:00:00-04:00,53.27849688148068,54.104816943809865,51.73199454363262,52.065555572509766,1404300,0.0,0.0
2007-08-31 00:00:00-04:00,52.558316925669175,53.4452797547735,51.95942586273462,53.26333999633789,1101300,0.0,0.0
2007-09-04 00:00:00-04:00,51.929100579005656,52.30814510877942,50.95116499813808,51.1103630065918,1203900,0.0,0.0
2007-09-05 00:00:00-04:00,50.62518578156739,50.98148856010286,49.867096732346525,50.32194900512695,1480900,0.0,0.0
2007-09-06 00:00:00-04:00,50.412931904191986,50.701003718633196,49.77613975108145,50.09453582763672,1128000,0.0,0.0
2007-09-07 00:00:00-04:00,49.381921012176996,49.654833537066295,48.28269129443077,48.46463394165039,925900,0.0,0.0
2007-09-10 00:00:00-04:00,48.48737943456421,48.85126475711972,47.532188415527344,47.532188415527344,1120500,0.0,0.0
2007-09-11 00:00:00-04:00,47.653475489291495,48.009778248331315,47.25168924059045,47.683799743652344,839100,0.0,0.0
2007-09-12 00:00:00-04:00,47.71412362878468,48.100750662626375,47.53218387676053,47.66864013671875,1051500,0.0,0.0
2007-09-13 00:00:00-04:00,47.6913852235761,48.47221607212809,46.73619422883679,48.1538200378418,1256000,0.0,0.0
2007-09-14 00:00:00-04:00,47.59283611811277,48.54044755972465,47.25927793174242,48.047691345214844,729600,0.0,0.0
2007-09-17 00:00:00-04:00,48.009774769128796,48.009774769128796,46.56182209307003,46.56940460205078,696700,0.0,0.0
2007-09-18 00:00:00-04:00,46.79684170932989,50.41292721120435,46.06907683762549,47.64590072631836,1668100,0.0,0.0
2007-09-19 00:00:00-04:00,47.98703400060011,49.1544888841555,47.98703400060011,48.62382888793945,972500,0.0,0.0
2007-09-20 00:00:00-04:00,48.798198260070265,48.798198260070265,47.729289835102215,48.313018798828125,1237600,0.0,0.0
2007-09-21 00:00:00-04:00,48.729961608735906,48.99529161077272,48.48737335205078,48.48737335205078,875800,0.0,0.0
2007-09-24 00:00:00-04:00,48.69206262756996,48.69206262756996,47.92639106130802,48.07042694091797,537900,0.0,0.0
2007-09-25 00:00:00-04:00,47.75962298956098,49.33645002557317,47.75962298956098,48.5859375,1086600,0.0,0.0
2007-09-26 00:00:00-04:00,48.51769535775538,48.90432236209029,47.623150118246365,48.3054313659668,730100,0.0,0.0
2007-09-27 00:00:00-04:00,48.563195747787844,48.7451413330091,48.20689576497973,48.5859375,595200,0.0,0.0
2007-09-28 00:00:00-04:00,48.54044318777037,48.8360974682233,48.123494769391094,48.78303146362305,619800,0.0,0.0
2007-10-01 00:00:00-04:00,48.97255396015311,51.36053574567076,48.7299656831845,50.77680969238281,1299600,0.0,0.0
2007-10-02 00:00:00-04:00,50.85261431466971,51.63344510236232,50.54937754118199,51.43634033203125,664300,0.0,0.0
2007-10-03 00:00:00-04:00,51.07245550839432,51.322620470472664,50.71615277045998,51.11793899536133,621800,0.0,0.0
2007-10-04 00:00:00-04:00,51.398439027790374,51.80780201810656,50.61760246123529,50.79196548461914,572600,0.0,0.0
2007-10-05 00:00:00-04:00,51.254411734521895,52.98285420062649,51.1406971967494,52.65687561035156,787400,0.0,0.0
2007-10-08 00:00:00-04:00,52.770576823801875,53.31640184028227,52.26265857159491,52.618961334228516,483100,0.0,0.0
2007-10-09 00:00:00-04:00,52.83123704791066,52.83123704791066,50.98149758940228,51.269569396972656,707700,0.0,0.0
2007-10-10 00:00:00-04:00,51.77748149755967,52.186844471677844,50.94357896275565,52.088294982910156,1117300,0.0,0.0
2007-10-11 00:00:00-04:00,52.22476011559973,53.14204727609541,51.9442650531297,52.353633880615234,889300,0.0,0.0
2007-10-12 00:00:00-04:00,52.46734535180723,53.263341211737654,52.035234800812056,52.93736267089844,682600,0.0,0.0
2007-10-15 00:00:00-04:00,52.9070384810259,53.03591223870043,51.22407976959346,51.71683883666992,770100,0.0,0.0
2007-10-16 00:00:00-04:00,51.98216756029697,52.990427416576445,51.90635980966738,52.54315185546875,635700,0.0,0.0
2007-10-17 00:00:00-04:00,57.447983039358576,58.73673779940203,54.96145206446441,56.075843811035156,2402700,0.0,0.0
2007-10-18 00:00:00-04:00,55.56035195409646,56.31844106939248,54.90081234163498,55.41631317138672,780500,0.0,0.0
2007-10-19 00:00:00-04:00,55.41632031498998,55.613425129828386,53.16479442691951,53.18754196166992,775500,0.0,0.0
2007-10-22 00:00:00-04:00,53.07381067518675,54.88564285986782,52.59621092008647,54.16545486450195,980100,0.0,0.0
2007-10-23 00:00:00-04:00,54.157884718189784,54.45353899118715,52.75541531927952,53.36188888549805,693100,0.0,0.0
2007-10-24 00:00:00-04:00,52.937354209286575,53.26333269802075,51.58795676691344,52.48250198364258,778600,0.0,0.0
2007-10-25 00:00:00-04:00,52.69477855714191,53.5210929563369,52.4067009778722,52.9525260925293,778900,0.0,0.0
2007-10-26 00:00:00-04:00,53.51350734052908,53.869810146577734,52.52799497069843,53.11172103881836,536100,0.0,0.0
2007-10-29 00:00:00-04:00,53.263352028935984,53.74094617163187,52.39154823952055,52.649295806884766,532000,0.0,0.0
2007-10-30 00:00:00-04:00,54.279181820576476,54.81742442141205,53.82432948869188,54.21095657348633,725300,0.0,0.0
2007-10-31 00:00:00-04:00,54.70371097849863,56.659576416015625,54.02142964738307,56.659576416015625,926200,0.0,0.0
2007-11-01 00:00:00-04:00,56.379086917898086,56.379086917898086,54.43079821516403,54.794677734375,1176300,0.0,0.0
2007-11-02 00:00:00-04:00,55.272269855958555,55.65889106828942,53.809157905174274,54.16545486450195,853800,0.0,0.0
2007-11-05 00:00:00-05:00,53.97593950805952,54.18820930616615,52.77058066212575,52.78573989868164,736800,0.0,0.0
2007-11-06 00:00:00-05:00,53.05865887116272,53.05865887116272,51.64861256601939,52.520416259765625,891300,0.0,0.0
2007-11-07 00:00:00-05:00,51.41360271157242,52.232340330556134,49.38950619555229,49.67757797241211,1399400,0.0,0.0
2007-11-08 00:00:00-05:00,50.109682302090725,50.89809556493462,49.29852729439481,50.32952880859375,749200,0.0,0.0
2007-11-09 00:00:00-05:00,49.654828487676085,50.33710973051828,49.02561324240161,49.08626174926758,652700,0.0,0.0
2007-11-12 00:00:00-05:00,48.94981544518696,50.086949153020406,48.61625437341891,48.76787567138672,567900,0.0,0.0
2007-11-13 00:00:00-05:00,48.9422326291449,48.9422326291449,47.987041592948806,48.3736686706543,653200,0.0,0.0
2007-11-14 00:00:00-05:00,48.441898345947266,48.93465745532827,47.979463496933235,48.441898345947266,592900,0.0,0.0
2007-11-15 00:00:00-05:00,48.28269445941131,49.16966022344306,47.15314330298546,47.38056945800781,661500,0.0,0.0
2007-11-16 00:00:00-05:00,47.63073232576756,47.69895755822727,46.61489296997663,47.32749557495117,1175400,0.0,0.0
2007-11-19 00:00:00-05:00,47.22895121578194,47.524605507490726,45.530833220164155,45.90987777709961,739300,0.0,0.0
2007-11-20 00:00:00-05:00,45.90988306779189,46.07666072558436,43.90852514735496,44.659034729003906,881700,0.0,0.0
2007-11-21 00:00:00-05:00,44.44676582757121,44.63628810719702,43.49915442944217,43.51431655883789,675700,0.0,0.0
2007-11-23 00:00:00-05:00,43.8706088959964,44.51498627048614,43.70383128522822,44.10561752319336,266700,0.0,0.0
2007-11-26 00:00:00-05:00,44.173854470204176,44.62870679678655,43.36269932294125,43.438507080078125,626300,0.0,0.0
2007-11-27 00:00:00-05:00,43.552213395073316,43.552213395073316,42.08151889214838,43.036712646484375,1163700,0.0,0.0
2007-11-28 00:00:00-05:00,43.88577043124907,45.1896843975488,43.49156381604497,44.83338165283203,833300,0.0,0.0
2007-11-29 00:00:00-05:00,44.734833837224656,45.765835414128624,44.46950382488036,45.66728591918945,1003600,0.0,0.0
2007-11-30 00:00:00-05:00,46.03874842662096,46.6224773518733,45.81890190440639,46.31924057006836,1048800,0.0,0.0
2007-12-03 00:00:00-05:00,46.89127653490128,46.89127653490128,45.67094518382686,45.73196029663086,975400,0.37,0.0
2007-12-04 00:00:00-05:00,45.42687388371164,46.753983717373124,45.42687388371164,46.624324798583984,857300,0.0,0.0
2007-12-05 00:00:00-05:00,47.47094069120727,48.279409198274124,46.9141613671899,48.19551086425781,1422800,0.0,0.0
2007-12-06 00:00:00-05:00,48.2260173045596,49.33957298366479,47.882798188037434,49.034488677978516,1021900,0.0,0.0
2007-12-07 00:00:00-05:00,49.03447983096571,49.6751515202149,48.889563502636356,49.28617477416992,547600,0.0,0.0
2007-12-10 00:00:00-05:00,49.57600898445199,49.57600898445199,48.29465959640158,48.508216857910156,777900,0.0,0.0
2007-12-11 00:00:00-05:00,48.561603144409716,49.415837956162754,47.38703536987305,47.38703536987305,883900,0.0,0.0
2007-12-12 00:00:00-05:00,48.37855251792629,48.43194182733823,45.8844978416148,46.487037658691406,1259500,0.0,0.0
2007-12-13 00:00:00-05:00,46.181962259234474,46.2811150998126,45.27434091555693,46.052303314208984,1027300,0.0,0.0
2007-12-14 00:00:00-05:00,45.8997596392611,45.976029262112135,45.26671071349896,45.34298324584961,977100,0.0,0.0
2007-12-17 00:00:00-05:00,45.304845589131446,45.312471387137776,43.58875299726282,43.61163330078125,852700,0.0,0.0
2007-12-18 00:00:00-05:00,43.93196248447367,43.93196248447367,42.833664440686476,43.03196716308594,1635800,0.0,0.0
2007-12-19 00:00:00-05:00,43.024343969857696,43.2836647206876,42.71163390940097,43.13112258911133,869600,0.0,0.0
2007-12-20 00:00:00-05:00,43.16925522749819,43.16925522749819,42.39129592356185,42.864173889160156,711600,0.0,0.0
2007-12-21 00:00:00-05:00,43.207399802062014,43.771801967840524,43.02434864239093,43.46672058105469,1438600,0.0,0.0
2007-12-24 00:00:00-05:00,43.46671462736884,43.94721840037876,42.871800622048475,43.870948791503906,251200,0.0,0.0
2007-12-26 00:00:00-05:00,44.061624784704804,44.48111344357981,42.97095252593038,44.32857131958008,539600,0.0,0.0
2007-12-27 00:00:00-05:00,44.23705797949198,44.290447299465875,43.48960459035777,43.954856872558594,765100,0.0,0.0
2007-12-28 00:00:00-05:00,44.64891518773099,44.64891518773099,43.20739791520746,43.74129104614258,570600,0.0,0.0
2007-12-31 00:00:00-05:00,43.77180029747316,44.43535527064753,43.01672120270563,43.398075103759766,541000,0.0,0.0
2008-01-02 00:00:00-05:00,42.92519461879874,43.09299126805043,39.66843192072828,41.987064361572266,1206500,0.0,0.0
2008-01-03 00:00:00-05:00,41.994689273717846,42.06333308679899,40.63706751605737,40.67520523071289,942900,0.0,0.0
2008-01-04 00:00:00-05:00,40.20995119460195,40.362490408215045,38.89809300913649,39.02775192260742,1120300,0.0,0.0
2008-01-07 00:00:00-05:00,39.17266964445077,39.87435936246706,38.86758538735727,39.71419143676758,744200,0.0,0.0
2008-01-08 00:00:00-05:00,40.004018536956224,40.2404560564988,38.974361419677734,38.974361419677734,748300,0.0,0.0
2008-01-09 00:00:00-05:00,38.936227321604505,39.53876710007561,38.41758585526216,39.470123291015625,788000,0.0,0.0
2008-01-10 00:00:00-05:00,39.241320286747076,40.05741747058937,38.9591191909931,39.676063537597656,648000,0.0,0.0
2008-01-11 00:00:00-05:00,39.370963576323255,39.84384436008909,38.85995090581629,39.355709075927734,550100,0.0,0.0
2008-01-14 00:00:00-05:00,39.42435737948597,39.759950607551616,38.87520984996735,39.058258056640625,539800,0.0,0.0
2008-01-15 00:00:00-05:00,38.707414615675134,39.63029020675435,37.41843968870082,38.31080627441406,1010300,0.0,0.0
2008-01-16 00:00:00-05:00,38.059120278441114,40.15656672263478,37.990476460251166,39.36334991455078,1094500,0.0,0.0
2008-01-17 00:00:00-05:00,39.554036973972266,39.59979759146234,37.944722643569214,38.020992279052734,648600,0.0,0.0
2008-01-18 00:00:00-05:00,38.21165142736653,38.249789136793034,36.78538896167727,37.24301528930664,1180000,0.0,0.0
2008-01-22 00:00:00-05:00,37.89894649887683,38.1201324414397,34.85574424995679,37.784542083740234,1116700,0.0,0.0
2008-01-23 00:00:00-05:00,36.930316525605164,38.49387010765441,36.434558117455275,38.18115997314453,1049100,0.0,0.0
2008-01-24 00:00:00-05:00,39.653176331048336,40.14893461195139,38.364198399802376,39.71419143676758,1656600,0.0,0.0
2008-01-25 00:00:00-05:00,39.920132574807006,40.49216351374129,39.03539150563531,39.31759262084961,789100,0.0,0.0
2008-01-28 00:00:00-05:00,39.21080072223573,40.50740432739258,38.80656659308344,40.50740432739258,833300,0.0,0.0
2008-01-29 00:00:00-05:00,40.75909924269388,41.49130086032237,40.65994933458193,41.453163146972656,1063500,0.0,0.0
2008-01-30 00:00:00-05:00,41.64384704695534,43.092993111862015,41.64384704695534,42.536216735839844,1446200,0.0,0.0
2008-01-31 00:00:00-05:00,41.64385475685974,43.33706741214637,40.94216480823649,42.559104919433594,1847000,0.0,0.0
2008-02-01 00:00:00-05:00,42.80316126290001,44.42772970452353,42.80316126290001,43.75654602050781,2137000,0.0,0.0
2008-02-04 00:00:00-05:00,43.75655567411572,43.81757370862417,42.93283257475177,43.32944107055664,1023600,0.0,0.0
2008-02-05 00:00:00-05:00,42.63536191216389,42.63536191216389,41.88790580022343,42.04807662963867,1363600,0.0,0.0
2008-02-06 00:00:00-05:00,42.37604538847344,42.37604538847344,40.58368035621022,40.606563568115234,1348700,0.0,0.0
2008-02-07 00:00:00-05:00,40.3014781668135,40.919272500017684,39.607414221386236,40.09554672241211,1060700,0.0,0.0
2008-02-08 00:00:00-05:00,39.69131343554325,40.71334197367443,39.531145500563554,40.61418914794922,731400,0.0,0.0
2008-02-11 00:00:00-05:00,40.69045587100754,40.865881207711716,39.920122350715616,40.797237396240234,861800,0.0,0.0
2008-02-12 00:00:00-05:00,41.03367519658961,41.66672400757568,40.37012028769386,40.66757583618164,1256300,0.0,0.0
2008-02-13 00:00:00-05:00,41.28537338573281,42.360791250605615,41.21672956842181,42.269264221191406,1005900,0.0,0.0
2008-02-14 00:00:00-05:00,42.49807745855461,42.49807745855461,41.61333657041345,41.70486068725586,790700,0.0,0.0
2008-02-15 00:00:00-05:00,41.29299522510041,41.70485808948537,40.91164136759561,41.453163146972656,371300,0.0,0.0
2008-02-19 00:00:00-05:00,41.49892025052686,42.18535825186013,41.369261355552005,41.81163024902344,545800,0.0,0.0
2008-02-20 00:00:00-05:00,41.65147588658465,43.23028089318751,41.54469725379018,43.199771881103516,738300,0.0,0.0
2008-02-21 00:00:00-05:00,43.367561581693984,44.572638270716396,43.367561581693984,43.54298400878906,1551900,0.0,0.0
2008-02-22 00:00:00-05:00,43.596377937605375,43.60400373546169,42.101471340822044,42.94044876098633,829700,0.0,0.0
2008-02-25 00:00:00-05:00,42.82604278275245,44.305694820653606,42.29977255527528,44.14552688598633,846100,0.0,0.0
2008-02-26 00:00:00-05:00,43.81755627269668,46.54042242490013,43.81755627269668,46.14381408691406,1175200,0.0,0.0
2008-02-27 00:00:00-05:00,45.76246378340241,46.34212037781258,45.24382229443059,46.12093734741211,621300,0.0,0.0
2008-02-28 00:00:00-05:00,45.65568083830634,45.65568083830634,43.94721440552008,44.67178726196289,1061300,0.0,0.0
2008-02-29 00:00:00-05:00,44.29043405067075,44.29043405067075,43.1158635436002,43.24552536010742,1127400,0.0,0.0
2008-03-03 00:00:00-05:00,43.161623606623216,44.458227120726754,43.01671020867877,44.21416091918945,695100,0.0,0.0
2008-03-04 00:00:00-05:00,43.8480645031653,44.45060134127928,43.337048859778875,44.366703033447266,850700,0.0,0.0
2008-03-05 00:00:00-05:00,44.435355612595785,44.90823654838147,44.25230736800082,44.72518539428711,935100,0.0,0.0
2008-03-06 00:00:00-05:00,44.572641852519624,44.923489644402544,43.985356509660456,44.16078186035156,659900,0.0,0.0
2008-03-07 00:00:00-05:00,43.481961337174894,43.74128205151837,41.56756643827068,41.91841125488281,1435900,0.0,0.0
2008-03-10 00:00:00-04:00,41.933675255651394,42.17011572536084,40.55317306518555,40.55317306518555,1000500,0.0,0.0
2008-03-11 00:00:00-04:00,41.765871531579215,42.07858156590819,41.094690863921215,42.02519226074219,847300,0.0,0.0
2008-03-12 00:00:00-04:00,42.002321806317475,42.22350778499201,41.37690159106503,41.43791961669922,512200,0.0,0.0
2008-03-13 00:00:00-04:00,40.80486457025068,41.94892619371565,40.24045955582832,41.81926727294922,723700,0.0,0.0
2008-03-14 00:00:00-04:00,42.07858701400993,42.72689037560554,40.4921563374628,42.06333541870117,1405600,0.0,0.0
2008-03-17 00:00:00-04:00,41.08706820777893,42.33790852927963,40.83537614772054,41.94892883300781,1709400,0.0,0.0
2008-03-18 00:00:00-04:00,42.902311008852905,44.04637263575565,42.330280195401535,43.91671371459961,1214600,0.0,0.0
2008-03-19 00:00:00-04:00,44.04636406235841,44.992122770023926,42.42179605371051,42.444679260253906,981700,0.0,0.0
2008-03-20 00:00:00-04:00,42.383665566178145,43.169253545934,41.88027861350467,42.795528411865234,1125400,0.0,0.0
2008-03-24 00:00:00-04:00,42.955704351101005,45.2056930104581,42.955704351101005,45.0607795715332,909200,0.0,0.0
2008-03-25 00:00:00-04:00,45.15992641595123,45.54890900842328,43.6802743878498,44.94636917114258,688800,0.0,0.0
2008-03-26 00:00:00-04:00,44.61839134034581,44.61839134034581,43.48958452395208,43.90144729614258,726000,0.0,0.0
2008-03-27 00:00:00-04:00,43.80993152142005,44.481115147023026,42.894684561369495,42.93281936645508,466200,0.0,0.0
2008-03-28 00:00:00-04:00,43.01672076376533,43.67264702290593,42.63536686660251,43.23027801513672,389800,0.0,0.0
2008-03-31 00:00:00-04:00,43.39044553267881,43.42858034012523,42.368416981818505,42.90993881225586,539900,0.0,0.0
2008-04-01 00:00:00-04:00,43.24553165331552,45.18281011035012,43.001465396783516,45.14467239379883,627100,0.0,0.0
2008-04-02 00:00:00-04:00,45.24382618720185,45.83111153875867,44.69467564351249,45.022640228271484,636100,0.0,0.0
2008-04-03 00:00:00-04:00,44.79382205798263,45.70907186325287,44.565010334039805,45.53364944458008,642200,0.0,0.0
2008-04-04 00:00:00-04:00,45.23620288495949,45.97602750879984,44.90060957441383,45.76247024536133,731400,0.0,0.0
2008-04-07 00:00:00-04:00,46.01416611003374,46.128570542139755,44.82434081343406,45.007389068603516,485100,0.0,0.0
2008-04-08 00:00:00-04:00,45.32772305658617,45.91500838930923,44.740437723863124,44.94636917114258,1111800,0.0,0.0
2008-04-09 00:00:00-04:00,45.030264675471535,45.053144976127555,43.131121164546556,43.23789978027344,792400,0.0,0.0
2008-04-10 00:00:00-04:00,43.08535744809749,43.65738819913198,42.948069835089306,43.24552536010742,582300,0.0,0.0
2008-04-11 00:00:00-04:00,42.7650225337442,42.7650225337442,41.346385678966314,41.96417999267578,922000,0.0,0.0
2008-04-14 00:00:00-04:00,42.04044938478869,42.36078814525667,41.81163764702533,41.971805572509766,483100,0.0,0.0
2008-04-15 00:00:00-04:00,42.231131619877964,43.40570237322715,42.231131619877964,43.32180404663086,591100,0.0,0.0
2008-04-16 00:00:00-04:00,43.73366751667595,45.365861823333105,43.344687799748115,44.30569839477539,1098500,0.0,0.0
2008-04-17 00:00:00-04:00,43.82518074244519,44.122636259554746,43.0395927962842,43.83280944824219,1139400,0.0,0.0
2008-04-18 00:00:00-04:00,48.38617514417538,50.475995509553066,47.45567373433477,49.087867736816406,3243000,0.0,0.0
2008-04-21 00:00:00-04:00,48.60736465385027,49.01160174060384,48.050588344396374,48.942955017089844,868500,0.0,0.0
2008-04-22 00:00:00-04:00,48.29465520685087,49.896340341585336,48.29465520685087,49.74380111694336,936500,0.0,0.0
2008-04-23 00:00:00-04:00,49.75905356782787,49.75905356782787,47.47093315434365,48.348045349121094,1211100,0.0,0.0
2008-04-24 00:00:00-04:00,48.35566622444731,49.57599730192597,47.44804225791744,49.423458099365234,850500,0.0,0.0
2008-04-25 00:00:00-04:00,49.98024149360452,50.10990042379881,49.14126407252545,50.01837921142578,640400,0.0,0.0
2008-04-28 00:00:00-04:00,49.98023714588231,51.49040102765625,49.98023714588231,51.43701171875,821400,0.0,0.0
2008-04-29 00:00:00-04:00,51.665818664107064,51.94039390532271,50.48362520459341,51.8641242980957,932900,0.0,0.0
2008-04-30 00:00:00-04:00,52.03955233286965,52.44378650925231,51.11667083482827,51.20056915283203,824900,0.0,0.0
2008-05-01 00:00:00-04:00,51.02515715174672,53.12260377307488,49.78193961203636,52.6268424987793,758300,0.0,0.0
2008-05-02 00:00:00-04:00,53.153107526854875,53.38191637150725,51.932770412714376,52.2454833984375,723100,0.0,0.0
2008-05-05 00:00:00-04:00,51.55141014156835,52.47429157018666,51.55141014156835,52.11581802368164,699800,0.0,0.0
2008-05-06 00:00:00-04:00,51.49802294880859,51.6658195790784,50.62853660922698,51.223453521728516,905700,0.0,0.0
2008-05-07 00:00:00-04:00,51.10140970689207,52.1692015212833,51.05564911251726,51.26157760620117,871200,0.0,0.0
2008-05-08 00:00:00-04:00,51.36073102567804,51.589545651252145,50.07175903733707,50.44548416137695,922800,0.0,0.0
2008-05-09 00:00:00-04:00,49.91159840774832,51.200570584114494,49.88108939862151,51.09379196166992,1004200,0.0,0.0
2008-05-12 00:00:00-04:00,51.200555821051275,53.93105025111098,51.101405934226705,53.65647506713867,1199000,0.0,0.0
2008-05-13 00:00:00-04:00,53.847154457011726,53.847154457011726,52.291230281870114,52.809871673583984,1071500,0.0,0.0
2008-05-14 00:00:00-04:00,53.2751419945935,53.36666903115124,52.69548240105931,52.90141677856445,798400,0.0,0.0
2008-05-15 00:00:00-04:00,52.832765298581805,53.19886759291391,52.214973859582344,52.87090301513672,918800,0.0,0.0
2008-05-16 00:00:00-04:00,53.084465190089965,53.3819207860358,51.231084882043326,52.10820007324219,743000,0.0,0.0
2008-05-19 00:00:00-04:00,52.03192794600825,52.291245809369165,50.94888424785593,51.18532180786133,1286300,0.0,0.0
2008-05-20 00:00:00-04:00,51.2387058624068,51.2387058624068,50.21667447178039,50.620914459228516,956200,0.0,0.0
2008-05-21 00:00:00-04:00,50.56752300119959,51.070907058949246,49.76667758600944,50.04888153076172,1201200,0.0,0.0
2008-05-22 00:00:00-04:00,48.82091860379905,49.64463844838849,46.88364046269511,48.8361701965332,1841200,0.0,0.0
2008-05-23 00:00:00-04:00,48.996343658463175,48.996343658463175,47.34889796358246,47.623470306396484,876900,0.0,0.0
2008-05-27 00:00:00-04:00,47.91330568113656,49.118385449933754,47.6311045985003,48.508216857910156,639700,0.0,0.0
2008-05-28 00:00:00-04:00,48.57685445255465,48.820923603779484,48.24888989470461,48.55397415161133,541700,0.0,0.0
2008-05-29 00:00:00-04:00,48.56160178396924,49.629393813996984,48.40143385231484,49.25566864013672,595600,0.0,0.0
2008-05-30 00:00:00-04:00,49.508811610303205,49.508811610303205,47.40694881224287,48.32747268676758,1032400,0.37,0.0
2008-06-02 00:00:00-04:00,48.28911595931711,50.07646374380041,47.621737424017724,49.409088134765625,1460200,0.0,0.0
2008-06-03 00:00:00-04:00,49.17896011489927,49.58552365537407,48.67267239281681,49.24032974243164,1198500,0.0,0.0
2008-06-04 00:00:00-04:00,49.163612573694024,51.234793515916266,48.879788301031205,50.36796951293945,1364700,0.0,0.0
2008-06-05 00:00:00-04:00,50.44468340379678,51.76410119902082,50.44468340379678,51.603004455566406,785200,0.0,0.0
2008-06-06 00:00:00-04:00,51.012335749706196,51.012335749706196,49.02553939819336,49.02553939819336,542600,0.0,0.0
2008-06-09 00:00:00-04:00,49.02553664015019,49.02553664015019,46.94668888975441,47.35325241088867,1118200,0.0,0.0
2008-06-10 00:00:00-04:00,47.93624314686294,47.93624314686294,46.440392479586606,46.80860137939453,1002600,0.0,0.0
2008-06-11 00:00:00-04:00,46.869973547402964,47.00805226676147,44.69907443973677,44.77578353881836,1522600,0.0,0.0
2008-06-12 00:00:00-04:00,44.93688761146912,46.28698737758392,44.85250582741221,46.17192077636719,1309200,0.0,0.0
2008-06-13 00:00:00-04:00,46.63984384588738,47.031067863869914,46.187253133205665,46.96202850341797,614200,0.0,0.0
2008-06-16 00:00:00-04:00,46.6858769699338,47.45297977147391,46.179589237967924,47.276546478271484,455500,0.0,0.0
2008-06-17 00:00:00-04:00,47.27654923394965,47.721467363118734,46.57081309373868,46.777931213378906,665100,0.0,0.0
2008-06-18 00:00:00-04:00,46.64750703067612,46.96201895853036,45.81136513570793,46.38669204711914,567700,0.0,0.0
2008-06-19 00:00:00-04:00,46.248625077604466,46.77792491681723,45.70398283237999,46.609161376953125,491100,0.0,0.0
2008-06-20 00:00:00-04:00,46.41738742839782,46.831623627422836,44.74510607824152,44.80647277832031,961900,0.0,0.0
2008-06-23 00:00:00-04:00,44.91385780010375,44.93687286855544,43.464034317011006,44.100730895996094,1148200,0.0,0.0
2008-06-24 00:00:00-04:00,43.94732145515512,45.71165736373277,43.37966407827907,44.27717590332031,1132400,0.0,0.0
2008-06-25 00:00:00-04:00,44.33854218371011,46.10287807542277,44.07005736859091,45.58892059326172,681700,0.0,0.0
2008-06-26 00:00:00-04:00,44.79879983419521,44.9368785573283,43.325961096197126,43.39500045776367,754600,0.0,0.0
2008-06-27 00:00:00-04:00,43.35665248551338,44.645385479446986,43.08816473812258,44.46895217895508,1754600,0.0,0.0
2008-06-30 00:00:00-04:00,44.25415848079527,45.41248532138813,43.77855557487235,44.67606735229492,1536400,0.0,0.0
2008-07-01 00:00:00-04:00,43.985666902245185,45.236045064812814,43.2262339767861,44.20045471191406,931300,0.0,0.0
2008-07-02 00:00:00-04:00,44.29252011172528,44.791135211451284,42.93474770794481,42.957759857177734,1005900,0.0,0.0
2008-07-03 00:00:00-04:00,43.157198645244584,43.41034395276356,42.25968984861849,42.727622985839844,456400,0.0,0.0
2008-07-07 00:00:00-04:00,42.75063671904016,43.049806329025024,41.093694864592194,42.68927001953125,1144200,0.0,0.0
2008-07-08 00:00:00-04:00,42.474474728598786,43.51773484544145,41.88380531167273,43.371986389160156,1113200,0.0,0.0
2008-07-09 00:00:00-04:00,43.43336220179137,43.617468171882024,41.876144365096145,42.037235260009766,807400,0.0,0.0
2008-07-10 00:00:00-04:00,40.341932243951696,41.738058963091824,39.344699291175125,40.6411018371582,1430200,0.0,0.0
2008-07-11 00:00:00-04:00,39.97372824045593,41.29314602138723,39.68222835079935,40.702476501464844,1039800,0.0,0.0
2008-07-14 00:00:00-04:00,39.81263577606566,39.81263577606566,37.28119424048058,38.684993743896484,3124100,0.0,0.0
2008-07-15 00:00:00-04:00,38.40117380536274,39.47511615373192,37.20449217873548,38.66965866088867,2031100,0.0,0.0
2008-07-16 00:00:00-04:00,38.79238142728056,40.817531989057436,38.79238142728056,40.28055953979492,1403200,0.0,0.0
2008-07-17 00:00:00-04:00,40.74849163175237,43.057472229003906,40.533703827827345,43.057472229003906,2981900,0.0,0.0
2008-07-18 00:00:00-04:00,39.82030312611602,40.53370890859218,36.092183340599284,36.47573471069336,5570600,0.0,0.0
2008-07-21 00:00:00-04:00,36.59080152204645,38.777043174808085,36.544774303890776,36.767234802246094,2348300,0.0,0.0
2008-07-22 00:00:00-04:00,36.46806339415633,38.20171422447091,35.73931523723198,38.117332458496094,2388400,0.0,0.0
2008-07-23 00:00:00-04:00,38.07898025429334,39.306346416901384,37.595704699742335,38.884437561035156,1336100,0.0,0.0
2008-07-24 00:00:00-04:00,39.06086670871935,39.06086670871935,36.26094370772939,36.3453254699707,1337300,0.0,0.0
2008-07-25 00:00:00-04:00,36.71353951903796,37.05106368878293,36.0615004002784,36.45272445678711,1447500,0.0,0.0
2008-07-28 00:00:00-04:00,36.42203789823324,36.744222572054795,35.5475412391336,35.716304779052734,965100,0.0,0.0
2008-07-29 00:00:00-04:00,35.71630321239761,37.35790254273773,35.71630321239761,37.19681167602539,1238500,0.0,0.0
2008-07-30 00:00:00-04:00,37.4499562112626,37.94090150555579,37.005038135658694,37.51132583618164,1156400,0.0,0.0
2008-07-31 00:00:00-04:00,37.0970917710741,37.73378557161202,36.61381618908945,36.8209342956543,1020300,0.0,0.0
2008-08-01 00:00:00-04:00,37.22749365838525,37.25817846915345,36.45272120720816,36.966678619384766,780100,0.0,0.0
2008-08-04 00:00:00-04:00,36.92065020953534,37.12009560474338,36.030811280406596,36.79024124145508,1618000,0.0,0.0
2008-08-05 00:00:00-04:00,37.166122358086675,38.792379085861846,36.966674039070405,38.63895797729492,1058300,0.0,0.0
2008-08-06 00:00:00-04:00,38.577594184851115,38.938130451837516,37.979252109161344,38.43184280395508,1224500,0.0,0.0
2008-08-07 00:00:00-04:00,38.240074957987204,38.57760207646459,37.17380249101197,37.672420501708984,636400,0.0,0.0
2008-08-08 00:00:00-04:00,37.871861593131584,40.09646071778389,37.54200717962249,40.01974868774414,679000,0.0,0.0
2008-08-11 00:00:00-04:00,39.37538554211303,40.2959065006338,38.97649176116381,39.71290969848633,825400,0.0,0.0
2008-08-12 00:00:00-04:00,39.62852540878531,40.265222055096594,39.429079994121096,39.49811935424805,535700,0.0,0.0
2008-08-13 00:00:00-04:00,39.321688905058465,39.735925126363476,38.28610127806095,39.36004638671875,625900,0.0,0.0
2008-08-14 00:00:00-04:00,39.21429613383737,40.533713947384015,38.70033863862774,39.78962326049805,727500,0.0,0.0
2008-08-15 00:00:00-04:00,39.88934644021135,40.46467355232978,39.2449799575881,39.81263732910156,633700,0.0,0.0
2008-08-18 00:00:00-04:00,38.38581469097019,39.64386248298802,37.887196831962655,38.109657287597656,999500,0.0,0.0
2008-08-19 00:00:00-04:00,37.85650984357255,38.654297201491744,36.97434366283269,37.4039192199707,835500,0.0,0.0
2008-08-20 00:00:00-04:00,37.50364620338321,38.27842147961013,36.95133138676713,37.74911880493164,612300,0.0,0.0
2008-08-21 00:00:00-04:00,37.36558047630162,38.07131664555382,36.8132683941317,37.59571075439453,743000,0.0,0.0
2008-08-22 00:00:00-04:00,37.90255143706969,38.57760275971528,37.71844546679721,38.47787857055664,697900,0.0,0.0
2008-08-25 00:00:00-04:00,38.14802308857703,38.40883816580273,37.45763230269608,37.81816864013672,1025000,0.0,0.0
2008-08-26 00:00:00-04:00,37.825834610185716,37.887201303586735,37.08174406619582,37.70309829711914,865900,0.0,0.0
2008-08-27 00:00:00-04:00,37.22749851517567,39.214294914517495,37.22749851517567,38.63129806518555,1016300,0.0,0.0
2008-08-28 00:00:00-04:00,38.59293636070182,38.59293636070182,37.04338861697131,37.49597930908203,1340800,0.0,0.0
2008-08-29 00:00:00-04:00,37.25817972673746,37.334888829982525,36.49874965531125,36.86695861816406,820000,0.0,0.0
2008-09-02 00:00:00-04:00,37.41926868035272,37.802820029437974,36.74422041287316,36.88996887207031,1221700,0.0,0.0
2008-09-03 00:00:00-04:00,36.6828596576882,38.30911695147891,36.6828596576882,37.56502914428711,1087100,0.0,0.0
2008-09-04 00:00:00-04:00,37.2044786569823,37.25050586960076,36.15354884210817,36.414363861083984,1367600,0.0,0.0
2008-09-05 00:00:00-04:00,36.19190117307087,36.82092507567925,35.67794090556545,36.5370979309082,673300,0.0,0.0
2008-09-08 00:00:00-04:00,37.718429851281655,37.9332205487199,36.27627920730556,37.02036666870117,1204000,0.0,0.0
2008-09-09 00:00:00-04:00,36.859277047884255,37.74144615341812,35.76232016413931,35.76999282836914,1599100,0.0,0.0
2008-09-10 00:00:00-04:00,35.67028015127146,36.053831550747496,34.21278366275654,35.654937744140625,1615300,0.0,0.0
2008-09-11 00:00:00-04:00,35.46315760618072,35.98478767828721,34.91084272365277,35.578224182128906,1375300,0.0,0.0
2008-09-12 00:00:00-04:00,35.16398422658529,36.69818946696639,35.09494487371757,36.337650299072266,862800,0.0,0.0
2008-09-15 00:00:00-04:00,35.02590833245652,35.708629251027325,33.890596714592256,33.928951263427734,785200,0.0,0.0
2008-09-16 00:00:00-04:00,33.26157535438159,33.38431167602539,32.2336575632655,33.38431167602539,1723900,0.0,0.0
2008-09-17 00:00:00-04:00,32.50981231517864,33.414993709380624,32.42543055239065,32.7169303894043,1509800,0.0,0.0
2008-09-18 00:00:00-04:00,33.27693083522925,34.481282379019255,32.755300531722845,34.297176361083984,1489900,0.0,0.0
2008-09-19 00:00:00-04:00,35.37110662077717,37.6954269084519,34.59633124070917,37.6494026184082,2183800,0.0,0.0
2008-09-22 00:00:00-04:00,37.64940510409235,37.81049598241006,34.450585052955155,34.52729415893555,750200,0.0,0.0
2008-09-23 00:00:00-04:00,34.44291343152977,35.26371311099865,33.921283345813976,34.182098388671875,607400,0.0,0.0
2008-09-24 00:00:00-04:00,34.32017961874343,34.54263720068388,33.177195190519285,33.39198303222656,614200,0.0,0.0
2008-09-25 00:00:00-04:00,33.66046681181372,34.44291190572547,33.46869113956862,33.783203125,591100,0.0,0.0
2008-09-26 00:00:00-04:00,33.169520937971384,34.090041806499535,32.93938779457487,34.07469940185547,503500,0.0,0.0
2008-09-29 00:00:00-04:00,33.16185333153856,33.40732599076285,29.917008874044033,30.476993560791016,1175100,0.0,0.0
2008-09-30 00:00:00-04:00,31.09834234485943,33.23088678996211,29.9707005052837,33.108150482177734,1288000,0.0,0.0
2008-10-01 00:00:00-04:00,32.76295473095646,32.86267889862061,31.619973377495125,32.440773010253906,713900,0.0,0.0
2008-10-02 00:00:00-04:00,32.256671204780034,32.36406512541486,29.917008318936677,30.10111427307129,802000,0.0,0.0
2008-10-03 00:00:00-04:00,30.684104421306774,31.06765572657311,29.04250530296914,29.088529586791992,999000,0.0,0.0
2008-10-06 00:00:00-04:00,28.191026050808627,28.482525915041872,27.040371926285825,28.32143211364746,969400,0.0,0.0
2008-10-07 00:00:00-04:00,28.59758939833554,29.172916457108478,26.27326901729758,26.403675079345703,1286400,0.0,0.0
2008-10-08 00:00:00-04:00,25.360413870332103,27.239812963118265,24.393862922813906,25.46780776977539,1774700,0.0,0.0
2008-10-09 00:00:00-04:00,25.96642206342814,26.10450076672006,22.85198735337841,23.26622200012207,1691800,0.0,0.0
2008-10-10 00:00:00-04:00,22.51446294531599,25.613556873307214,20.642732080015044,23.925931930541992,2308100,0.0,0.0
2008-10-13 00:00:00-04:00,25.72862733815989,26.725860343443994,25.045906348225344,26.388336181640625,1015200,0.0,0.0
2008-10-14 00:00:00-04:00,28.720327788461365,28.720327788461365,24.59331682994713,25.352746963500977,1323700,0.0,0.0
2008-10-15 00:00:00-04:00,24.900156895431422,24.953853858860764,22.721586227416992,22.721586227416992,748200,0.0,0.0
2008-10-16 00:00:00-04:00,22.851996947207265,23.64211202732635,21.50956682204509,23.419652938842773,1288200,0.0,0.0
2008-10-17 00:00:00-04:00,22.813634618394556,24.087025011027592,22.28433333421046,23.220199584960938,985700,0.0,0.0
2008-10-20 00:00:00-04:00,23.220202435167486,23.994976449688078,23.112807046720302,23.734161376953125,996700,0.0,0.0
2008-10-21 00:00:00-04:00,21.17203315446043,22.39172646898622,20.918889341811614,21.32545280456543,1742100,0.0,0.0
2008-10-22 00:00:00-04:00,20.481644551596148,21.816403196298804,20.40493398194216,20.872865676879883,1440700,0.0,0.0
2008-10-23 00:00:00-04:00,20.94190445283601,21.417508800775984,19.637830658013925,20.681089401245117,2039700,0.0,0.0
2008-10-24 00:00:00-04:00,19.499751929156115,21.179707358372184,19.093186945645044,20.681089401245117,1397100,0.0,0.0
2008-10-27 00:00:00-04:00,20.435619354248047,21.36381455896456,20.021384578135418,20.435619354248047,1305300,0.0,0.0
2008-10-28 00:00:00-04:00,22.100228343545872,22.75226593017578,20.013709529462446,22.75226593017578,1071100,0.0,0.0
2008-10-29 00:00:00-04:00,22.729251753782666,23.21252726130626,21.985162681265116,22.261320114135742,1258000,0.0,0.0
2008-10-30 00:00:00-04:00,22.959386519964735,23.335266707906154,22.19995494067912,22.94404411315918,811700,0.0,0.0
2008-10-31 00:00:00-04:00,22.844325555364044,24.485925341066267,22.72925894650007,23.879913330078125,552500,0.0,0.0
2008-11-03 00:00:00-05:00,24.094693713854607,25.08425681800038,23.879904448742646,24.90782356262207,700800,0.0,0.0
2008-11-04 00:00:00-05:00,25.406441670378598,25.859032399414158,24.877141838631122,25.475481033325195,629300,0.0,0.0
2008-11-05 00:00:00-05:00,25.137953869504358,25.444793169813526,23.94127269738486,24.056339263916016,750100,0.0,0.0
2008-11-06 00:00:00-05:00,23.879906285741395,24.363181803636984,22.19228123220595,22.30734634399414,809900,0.0,0.0
2008-11-07 00:00:00-05:00,22.499124330088645,23.051437801308534,22.215295659587323,22.629531860351562,470200,0.0,0.0
2008-11-10 00:00:00-05:00,23.059107360146804,23.4349875174789,20.995602096209325,21.179706573486328,1047500,0.0,0.0
2008-11-11 00:00:00-05:00,20.99560236026965,22.054203483709475,20.458629864109003,21.517230987548828,927300,0.0,0.0
2008-11-12 00:00:00-05:00,20.87285929150928,21.3254499045668,20.274520250141826,20.658071517944336,865700,0.0,0.0
2008-11-13 00:00:00-05:00,20.635063065465136,22.51446533203125,19.860289135551987,22.51446533203125,1194800,0.0,0.0
2008-11-14 00:00:00-05:00,22.09255953999762,22.591177518885967,21.095326508485815,21.310115814208984,925400,0.0,0.0
2008-11-17 00:00:00-05:00,21.05696742214792,22.000503289917194,20.857520566149745,21.27175521850586,860300,0.0,0.0
2008-11-18 00:00:00-05:00,21.233398438557792,21.716672392641275,20.08274463412553,21.095319747924805,906200,0.0,0.0
2008-11-19 00:00:00-05:00,20.941900795594556,21.509558018016286,19.64549843023532,19.653169631958008,937500,0.0,0.0
2008-11-20 00:00:00-05:00,19.36934352940473,20.220828010186843,18.026913779842026,18.10362434387207,1336500,0.0,0.0
2008-11-21 00:00:00-05:00,18.24170481181334,19.284963607788086,17.34419449199493,19.284963607788086,1038500,0.0,0.0
2008-11-24 00:00:00-05:00,19.2849600000135,22.061872214791705,19.2849600000135,21.77037239074707,841200,0.0,0.0
2008-11-25 00:00:00-05:00,22.077221332573043,22.54515309273548,21.32545940093525,22.284337997436523,983700,0.0,0.0
2008-11-26 00:00:00-05:00,22.09255683182377,23.872236297230494,21.478875266602323,23.757169723510742,592800,0.0,0.0
2008-11-28 00:00:00-05:00,23.174172811046038,24.20209058807307,23.097463708419344,24.148393630981445,325300,0.0,0.0
2008-12-01 00:00:00-05:00,23.59726735479037,23.59726735479037,21.493695850514477,22.05257797241211,1185300,0.37,0.0
2008-12-02 00:00:00-05:00,22.626990702997347,23.643846487721515,22.06034600071496,23.49636459350586,838600,0.0,0.0
2008-12-03 00:00:00-05:00,22.960765836483404,23.667131403135077,22.25440026983173,23.628320693969727,876500,0.0,0.0
2008-12-04 00:00:00-05:00,23.325591001523165,23.736991319695978,21.726565835936224,22.277687072753906,604800,0.0,0.0
2008-12-05 00:00:00-05:00,22.037061706964764,24.171683792101184,21.447129607590252,24.01643943786621,774200,0.0,0.0
2008-12-08 00:00:00-05:00,24.839241594588895,26.616800531858065,24.21049870627543,26.09672737121582,1485200,0.0,0.0
2008-12-09 00:00:00-05:00,25.739658462550114,27.08252931787089,24.49769635312644,24.606369018554688,1064900,0.0,0.0
2008-12-10 00:00:00-05:00,25.04105183116485,25.988048588487043,24.652940274903262,25.39035415649414,740600,0.0,0.0
2008-12-11 00:00:00-05:00,24.815947573194734,25.44469029177044,23.44202851860838,23.806854248046875,678700,0.0,0.0
2008-12-12 00:00:00-05:00,23.18587341265163,25.47573943580074,22.789997938428474,25.343782424926758,807100,0.0,0.0
2008-12-15 00:00:00-05:00,25.281688892159387,25.840572743382882,24.125111949704447,24.466651916503906,906600,0.0,0.0
2008-12-16 00:00:00-05:00,24.800428087068646,26.174348838825395,24.466650578734452,26.065677642822266,879200,0.0,0.0
2008-12-17 00:00:00-05:00,25.615463066229886,27.44735726231293,25.45245628464651,27.24553680419922,769100,0.0,0.0
2008-12-18 00:00:00-05:00,27.44735910365537,27.874282924519726,26.127773961928096,27.377498626708984,1369200,0.0,0.0
2008-12-19 00:00:00-05:00,27.618125881464668,28.588408500216506,27.175674283131674,28.25463104248047,1369600,0.0,0.0
2008-12-22 00:00:00-05:00,26.352878425186873,26.779802216129,23.387693283984415,24.233779907226562,1387200,0.0,0.0
2008-12-23 00:00:00-05:00,24.25706676372925,25.3593064561606,23.86895369550958,24.0474853515625,854800,0.0,0.0
2008-12-24 00:00:00-05:00,24.078537506560355,24.264831620201747,23.75252243755442,23.985389709472656,460300,0.0,0.0
2008-12-26 00:00:00-05:00,24.241540834267592,24.808185533963652,24.233778395575808,24.800424575805664,321600,0.0,0.0
2008-12-29 00:00:00-05:00,24.862521143061333,24.994481120387587,24.11734479449249,24.660703659057617,574300,0.0,0.0
2008-12-30 00:00:00-05:00,24.96343317889332,25.522316961450006,24.544271822509714,25.436931610107422,551700,0.0,0.0
2008-12-31 00:00:00-05:00,25.8871392012513,26.539169242451717,25.770707063113683,26.383926391601562,554400,0.0,0.0
2009-01-02 00:00:00-05:00,26.461542251862372,27.268817935201238,25.91818350495864,27.136857986450195,718100,0.0,0.0
2009-01-05 00:00:00-05:00,27.004902894292727,27.167909641485522,26.34510902635921,26.927278518676758,990800,0.0,0.0
2009-01-06 00:00:00-05:00,27.0825262026862,28.00623709017355,27.05147645026854,27.734556198120117,833800,0.0,0.0
2009-01-07 00:00:00-05:00,27.098052008363982,27.19896222664892,26.026859201751677,26.189868927001953,1133100,0.0,0.0
2009-01-08 00:00:00-05:00,26.019100992136444,27.105815829204953,25.46798113441163,26.950572967529297,938500,0.0,0.0
2009-01-09 00:00:00-05:00,26.903993541164194,26.903993541164194,25.297205928211543,25.700843811035156,886900,0.0,0.0
2009-01-12 00:00:00-05:00,25.65427502107803,25.65427502107803,24.839238112718053,25.1031551361084,611400,0.0,0.0
2009-01-13 00:00:00-05:00,25.025532749980847,25.693084761583243,24.77713913464888,25.26616096496582,887400,0.0,0.0
2009-01-14 00:00:00-05:00,24.536509139092487,24.69175348117596,23.542939131515926,23.87671661376953,851400,0.0,0.0
2009-01-15 00:00:00-05:00,23.830141548837222,24.365736484809595,22.766711154386908,24.125106811523438,856200,0.0,0.0
2009-01-16 00:00:00-05:00,24.5054598798831,24.753852016686807,23.23244943849715,23.814619064331055,813800,0.0,0.0
2009-01-20 00:00:00-05:00,23.52741607797668,23.52741607797668,21.967201213741248,22.03706169128418,1019200,0.0,0.0
2009-01-21 00:00:00-05:00,22.518321844328735,23.473079698238696,22.19230678683095,23.40321922302246,971200,0.0,0.0
2009-01-22 00:00:00-05:00,22.852100787856802,23.752523102601458,22.626994468903614,23.10825538635254,1122100,0.0,0.0
2009-01-23 00:00:00-05:00,22.533848149741917,23.49636850410572,22.363077430388728,23.10825538635254,804700,0.0,0.0
2009-01-26 00:00:00-05:00,23.193634022260387,24.008672273612074,22.859858060095824,23.333354949951172,647800,0.0,0.0
2009-01-27 00:00:00-05:00,23.449793177333245,24.311404747286463,23.333359541523514,24.01643943786621,688300,0.0,0.0
2009-01-28 00:00:00-05:00,24.606369005054972,25.491266322786952,24.257066653037686,25.07210350036621,970600,0.0,0.0
2009-01-29 00:00:00-05:00,24.233778021059837,24.334688241959736,23.271257846160648,23.488601684570312,1079500,0.0,0.0
2009-01-30 00:00:00-05:00,23.356639782207804,23.58174454581297,21.84299853381818,22.09139060974121,1604700,0.0,0.0
2009-02-02 00:00:00-05:00,21.742090700044486,21.959434515659456,20.996912961174317,21.47041130065918,1418300,0.0,0.0
2009-02-03 00:00:00-05:00,21.05901049887414,21.695517055579977,19.498797558760984,21.493698120117188,1468700,0.0,0.0
2009-02-04 00:00:00-05:00,21.61013316731418,22.720136646293184,21.400551780262127,22.262163162231445,1150800,0.0,0.0
2009-02-05 00:00:00-05:00,22.083632430498284,24.101819041485715,22.083632430498284,23.729230880737305,1455200,0.0,0.0
2009-02-06 00:00:00-05:00,23.954340712298254,25.382597021242926,23.69042368908887,25.173015594482422,1552500,0.0,0.0
2009-02-09 00:00:00-05:00,25.165249798733978,25.491266314196142,24.83923624433952,25.250635147094727,1060400,0.0,0.0
2009-02-10 00:00:00-05:00,25.382593714513824,26.38392608045344,24.474409130733104,24.621891021728516,2353900,0.0,0.0
2009-02-11 00:00:00-05:00,24.784899758755206,25.095391385047197,24.38902426771334,24.846996307373047,1472400,0.0,0.0
2009-02-12 00:00:00-05:00,24.51322120941121,25.32049561747464,24.17944373549248,25.250635147094727,1506300,0.0,0.0
2009-02-13 00:00:00-05:00,25.235115051896567,25.99581941179448,24.955676078482867,25.0488224029541,1312400,0.0,0.0
2009-02-17 00:00:00-05:00,24.350211666669217,24.44335796290756,23.54293586975727,24.031957626342773,1150000,0.0,0.0
2009-02-18 00:00:00-05:00,24.15615844835085,24.505459327659445,23.67489758373831,24.264829635620117,843900,0.0,0.0
2009-02-19 00:00:00-05:00,24.652944727088144,24.963434916490463,23.85343119390992,23.985389709472656,1249300,0.0,0.0
2009-02-20 00:00:00-05:00,23.775801647720755,24.117341501108832,23.178108754958615,23.861186981201172,1547300,0.0,0.0
2009-02-23 00:00:00-05:00,24.163922242172514,24.319168082658592,22.518323439583572,22.54937171936035,862500,0.0,0.0
2009-02-24 00:00:00-05:00,22.875384233855346,23.690422584177377,22.425173123590053,23.527414321899414,1023300,0.0,0.0
2009-02-25 00:00:00-05:00,23.372168159312107,23.550699805567344,22.013772495091008,22.363073348999023,1047900,0.0,0.0
2009-02-26 00:00:00-05:00,22.588182146062298,22.7201406559535,21.28412192608665,21.773143768310547,1549900,0.0,0.0
2009-02-27 00:00:00-05:00,21.346212931126306,22.510551818278653,21.02796042041401,21.641178131103516,1336000,0.0,0.0
2009-03-02 00:00:00-05:00,21.02796805977317,21.392793843961638,20.275029172200973,20.43803596496582,1099700,0.0,0.0
2009-03-03 00:00:00-05:00,20.8882456790251,20.8882456790251,19.98006101991384,20.236215591430664,1244600,0.0,0.0
2009-03-04 00:00:00-05:00,20.593280309877333,21.05125385720667,20.112019445036136,20.764049530029297,943500,0.0,0.0
2009-03-05 00:00:00-05:00,20.15082485785303,20.15082485785303,18.815716763039404,18.939912796020508,1190300,0.0,0.0
2009-03-06 00:00:00-05:00,19.335791106760293,19.335791106760293,18.241312476606595,18.77690887451172,1342800,0.0,0.0
2009-03-09 00:00:00-04:00,18.458656807084978,18.80795765649987,18.17921494312606,18.43536949157715,822300,0.0,0.0
2009-03-10 00:00:00-04:00,19.219358423924543,19.716142654418945,18.66047616461834,19.716142654418945,1025100,0.0,0.0
2009-03-11 00:00:00-04:00,19.638521166158302,20.150830310977465,19.46775194472988,19.778242111206055,1118100,0.0,0.0
2009-03-12 00:00:00-04:00,19.685087124855468,21.10558030583466,19.41340779373779,21.051244735717773,935800,0.0,0.0
2009-03-13 00:00:00-04:00,21.152161599205975,21.284120097761825,20.243976986917797,20.919294357299805,756500,0.0,0.0
2009-03-16 00:00:00-04:00,21.377267438845433,21.392790835591963,20.352647746351384,20.45355796813965,615800,0.0,0.0
2009-03-17 00:00:00-04:00,20.18187398244507,21.42383575439453,20.18187398244507,21.42383575439453,870900,0.0,0.0
2009-03-18 00:00:00-04:00,21.45488691734249,22.572652811023715,20.93481541991398,22.11467933654785,783800,0.0,0.0
2009-03-19 00:00:00-04:00,22.285449483685998,22.285449483685998,21.765379444524342,22.060344696044922,685600,0.0,0.0
2009-03-20 00:00:00-04:00,22.176778311904904,22.751185419018768,21.462650277013726,21.74209213256836,1009000,0.0,0.0
2009-03-23 00:00:00-04:00,22.324264733564398,24.063011169433594,21.936151650186435,24.063011169433594,814400,0.0,0.0
2009-03-24 00:00:00-04:00,23.682661123887407,24.37350195598802,23.31783534928458,23.40321922302246,1051000,0.0,0.0
2009-03-25 00:00:00-04:00,23.550698744997923,24.77713585881406,23.25573201352294,24.070770263671875,1081800,0.0,0.0
2009-03-26 00:00:00-04:00,24.31140126086831,25.894903218504655,24.31140126086831,25.79399299621582,1270100,0.0,0.0
2009-03-27 00:00:00-04:00,25.359307304728183,25.77070918433332,25.00224398067437,25.126440048217773,595400,0.0,0.0
2009-03-30 00:00:00-04:00,24.505457433190298,24.69175151719296,23.636085041177875,23.806854248046875,746600,0.0,0.0
2009-03-31 00:00:00-04:00,24.156154643004847,25.05657523651633,23.92328594628263,24.474407196044922,1048000,0.0,0.0
2009-04-01 00:00:00-04:00,24.078534989684748,25.2816849030564,23.44979075626553,25.250635147094727,845100,0.0,0.0
2009-04-02 00:00:00-04:00,25.933712864030156,27.765606861854703,25.879377276049553,27.35420799255371,915100,0.0,0.0
2009-04-03 00:00:00-04:00,27.25330448349097,27.53274641107844,26.981623515639516,27.346450805664062,666900,0.0,0.0
2009-04-06 00:00:00-04:00,26.950570201474473,27.18343743115556,25.467978520521672,25.59993553161621,1295200,0.0,0.0
2009-04-07 00:00:00-04:00,25.18853668023026,25.77070623542325,25.165247884496655,25.39035415649414,779700,0.0,0.0
2009-04-08 00:00:00-04:00,25.615462336989143,26.06567491452751,25.095392250247617,25.351545333862305,1004800,0.0,0.0
2009-04-09 00:00:00-04:00,25.910421601584105,27.548258738924126,25.85608602498611,27.28434181213379,814600,0.0,0.0
2009-04-13 00:00:00-04:00,27.02043252017413,27.16791441817414,26.624555537597118,26.795326232910156,774600,0.0,0.0
2009-04-14 00:00:00-04:00,26.671124526937785,27.462875363471607,26.3062973772721,26.94280242919922,784100,0.0,0.0
2009-04-15 00:00:00-04:00,26.71770269964348,27.447357176763422,26.469310568176027,27.338685989379883,619800,0.0,0.0
2009-04-16 00:00:00-04:00,27.509449019577797,28.006236158532307,27.035953635762766,27.827701568603516,655200,0.0,0.0
2009-04-17 00:00:00-04:00,27.905327845298437,28.58064369798491,27.618125028120794,28.464208602905273,640900,0.0,0.0
2009-04-20 00:00:00-04:00,27.276579812527547,27.63364304415083,26.166576450730215,26.5935001373291,1258000,0.0,0.0
2009-04-21 00:00:00-04:00,25.289450551005526,31.522545874532987,25.289450551005526,31.04128646850586,3388200,0.0,0.0
2009-04-22 00:00:00-04:00,30.57554429590434,32.05037500717526,30.397012655877642,31.0257568359375,1672400,0.0,0.0
2009-04-23 00:00:00-04:00,31.227573422917565,31.421629934092344,30.249529909466315,31.126663208007812,1497500,0.0,0.0
2009-04-24 00:00:00-04:00,31.312956932090678,32.91974451385308,31.312956932090678,32.6092529296875,1285100,0.0,0.0
2009-04-27 00:00:00-04:00,32.09695232182699,33.30786626495188,32.09695232182699,32.624786376953125,1214700,0.0,0.0
2009-04-28 00:00:00-04:00,32.10470578587731,32.43848318147171,31.28966913008027,32.065895080566406,1126000,0.0,0.0
2009-04-29 00:00:00-04:00,32.3608664328564,33.626115859295496,32.12799918506869,33.27681350708008,1181700,0.0,0.0
2009-04-30 00:00:00-04:00,33.53297523718077,34.53430782959658,33.292344029067976,33.44758987426758,1278600,0.0,0.0
2009-05-01 00:00:00-04:00,32.88869950156522,33.46310812670761,32.686882015528376,32.865413665771484,1034100,0.0,0.0
2009-05-04 00:00:00-04:00,33.42429259777576,33.42429259777576,32.49282080634844,33.16813659667969,1048500,0.0,0.0
2009-05-05 00:00:00-04:00,33.160383286121686,33.18366912393009,32.492828298980534,32.9896125793457,879900,0.0,0.0
2009-05-06 00:00:00-04:00,33.33891382578159,34.425628662109375,32.896465155958424,34.425628662109375,1162600,0.0,0.0
2009-05-07 00:00:00-04:00,34.75165107502136,35.12423933585249,33.7115077364672,33.99871063232422,2183100,0.0,0.0
2009-05-08 00:00:00-04:00,34.00647342024316,34.7749357572679,33.77360317404833,34.503257751464844,1311400,0.0,0.0
2009-05-11 00:00:00-04:00,35.3803950682589,35.63654819948832,34.518783428447826,34.97675704956055,1054700,0.0,0.0
2009-05-12 00:00:00-04:00,35.03108804808268,35.30276602444978,33.50968249722333,34.26262283325195,1289400,0.0,0.0
2009-05-13 00:00:00-04:00,33.75032083544627,33.92109157742173,32.42297450755108,32.57822036743164,1159800,0.0,0.0
2009-05-14 00:00:00-04:00,32.717929876267284,32.87317272066049,31.786458004570797,32.29876708984375,1380400,0.0,0.0
2009-05-15 00:00:00-04:00,32.03485578970674,32.81884295276177,31.75541388253687,32.44625473022461,607600,0.0,0.0
2009-05-18 00:00:00-04:00,32.75674429011967,33.78912353515625,32.554923831887216,33.78912353515625,463500,0.0,0.0
2009-05-19 00:00:00-04:00,33.61059734848572,34.82151141187194,33.23024812929498,34.45668411254883,1000700,0.0,0.0
2009-05-20 00:00:00-04:00,34.611922224292215,35.36486249550898,34.34024427131071,34.65849685668945,936000,0.0,0.0
2009-05-21 00:00:00-04:00,34.15395534324079,34.7904606377521,33.94437389830636,34.503257751464844,1305100,0.0,0.0
2009-05-22 00:00:00-04:00,34.627448175382774,34.93793685112155,33.556255285574906,33.61835479736328,772300,0.0,0.0
2009-05-26 00:00:00-04:00,33.494158688151934,35.000036314107916,33.144856337498624,34.689544677734375,1084100,0.0,0.0
2009-05-27 00:00:00-04:00,34.495486282841334,34.805977902451296,33.67268852468974,33.80464553833008,888400,0.0,0.0
2009-05-28 00:00:00-04:00,34.03750297751055,34.270373105738614,32.399668890537754,32.95854949951172,924800,0.0,0.0
2009-05-29 00:00:00-04:00,33.19918828871598,33.19918828871598,32.5549192502722,32.99736785888672,888600,0.0,0.0
2009-06-01 00:00:00-04:00,33.02869604076259,35.777170835137625,33.02869604076259,35.362159729003906,988400,0.37,0.0
2009-06-02 00:00:00-04:00,35.2446993412759,35.82415141064254,34.853178560831715,35.1115837097168,619000,0.0,0.0
2009-06-03 00:00:00-04:00,34.7748732043592,34.90799181381592,33.686445987623294,34.0936279296875,634400,0.0,0.0
2009-06-04 00:00:00-04:00,34.2267478384913,34.66525221264603,33.51418009740654,34.422508239746094,591200,0.0,0.0
2009-06-05 00:00:00-04:00,34.767052277786426,35.79283498134907,34.75922018811833,35.24470520019531,811600,0.0,0.0
2009-06-08 00:00:00-04:00,35.18205558520662,35.75367553396445,34.42250435812674,35.4326286315918,802100,0.0,0.0
2009-06-09 00:00:00-04:00,35.432634931466,36.06689974812471,35.18206184052927,35.808494567871094,505000,0.0,0.0
2009-06-10 00:00:00-04:00,35.96510585780985,36.043408833718594,34.665256743082175,35.21338653564453,773200,0.0,0.0
2009-06-11 00:00:00-04:00,35.127248031452595,35.83198370684895,35.056774165206285,35.4248046875,793100,0.0,0.0
2009-06-12 00:00:00-04:00,35.174232273014205,35.174232273014205,34.21109132559912,34.53997039794922,796900,0.0,0.0
2009-06-15 00:00:00-04:00,33.67862533540756,34.10146860963567,33.255785048246764,33.75693130493164,649500,0.0,0.0
2009-06-16 00:00:00-04:00,33.85088902121536,34.34420608033723,32.911238475719756,32.981712341308594,684500,0.0,0.0
2009-06-17 00:00:00-04:00,33.060020357598844,34.05448363978459,32.840766658167695,33.396728515625,765000,0.0,0.0
2009-06-18 00:00:00-04:00,33.49069698268438,33.80391189957878,32.99737982941826,33.75693130493164,534000,0.0,0.0
2009-06-19 00:00:00-04:00,34.485150636913396,34.485150636913396,33.1304891115823,33.4045524597168,700200,0.0,0.0
2009-06-22 00:00:00-04:00,33.06784862450475,33.107000109713866,31.713186924214714,31.752338409423828,697000,0.0,0.0
2009-06-23 00:00:00-04:00,32.0342247925814,32.3004589983535,31.7679905868093,31.995073318481445,542700,0.0,0.0
2009-06-24 00:00:00-04:00,32.30046870748068,33.22445811189639,32.214333646330026,32.480567932128906,665400,0.0,0.0
2009-06-25 00:00:00-04:00,32.51970647425159,33.733422962547905,31.619210709432764,33.65511703491211,913900,0.0,0.0
2009-06-26 00:00:00-04:00,33.52984300797255,34.054482463523065,33.099170700532675,33.921363830566406,648200,0.0,0.0
2009-06-29 00:00:00-04:00,34.0231557271231,34.156271355979094,33.263604472623896,34.015323638916016,595400,0.0,0.0
2009-06-30 00:00:00-04:00,33.95269082965683,34.156280370777345,33.044362517220655,33.153987884521484,783300,0.0,0.0
2009-07-01 00:00:00-04:00,33.33408259667562,34.01532799161022,33.10699980267515,33.921363830566406,585800,0.0,0.0
2009-07-02 00:00:00-04:00,33.22444522983818,33.22444522983818,31.399957422520018,31.572227478027344,819600,0.0,0.0
2009-07-06 00:00:00-04:00,31.24336171597771,31.79932054720243,30.710893177403786,31.188549041748047,870500,0.0,0.0
2009-07-07 00:00:00-04:00,31.16505202541374,31.290338549640943,30.147098642684423,30.178421020507812,856300,0.0,0.0
2009-07-08 00:00:00-04:00,30.22540958298507,30.585611048953858,29.974836468352,30.389850616455078,817800,0.0,0.0
2009-07-09 00:00:00-04:00,30.859671299346928,31.094583196875174,30.2723900619929,30.898822784423828,760700,0.0,0.0
2009-07-10 00:00:00-04:00,30.765703921002004,31.360814198322167,30.460318187438595,31.17288589477539,684400,0.0,0.0
2009-07-13 00:00:00-04:00,31.227700525188276,31.32166468285817,30.17842463882986,31.188549041748047,803500,0.0,0.0
2009-07-14 00:00:00-04:00,31.110242507265678,31.298173806165277,30.562112788130737,31.2668514251709,667900,0.0,0.0
2009-07-15 00:00:00-04:00,31.69751215176926,32.966038248853145,31.62703831376096,32.872074127197266,761500,0.0,0.0
2009-07-16 00:00:00-04:00,32.872086125523666,33.29492930791144,32.18300867871396,33.23228454589844,800100,0.0,0.0
2009-07-17 00:00:00-04:00,33.42021631769569,33.568993148981455,32.94256045532206,33.47502899169922,527100,0.0,0.0
2009-07-20 00:00:00-04:00,33.54550629205387,34.101465177924496,33.33408467621568,34.0858039855957,589400,0.0,0.0
2009-07-21 00:00:00-04:00,34.17193133346163,35.11941085239945,34.038815709326414,35.09592056274414,745300,0.0,0.0
2009-07-22 00:00:00-04:00,34.77487151651195,35.792824828731526,34.56344996144797,34.931480407714844,965700,0.0,0.0
2009-07-23 00:00:00-04:00,34.79053890685398,38.09497545079747,33.88221076041833,37.507694244384766,2076400,0.0,0.0
2009-07-24 00:00:00-04:00,36.317473703244794,38.439515924451506,36.30964161374154,38.39253234863281,1236500,0.0,0.0
2009-07-27 00:00:00-04:00,38.290730151226,38.439506959352826,37.515517759885455,37.97751235961914,1017800,0.0,0.0
2009-07-28 00:00:00-04:00,37.875722012337356,38.00884063992012,36.97522594896391,37.31976318359375,1029600,0.0,0.0
2009-07-29 00:00:00-04:00,37.15532620721038,37.35108661611341,36.591535273708246,36.7638053894043,819300,0.0,0.0
2009-07-30 00:00:00-04:00,37.33542569633566,37.84440395800993,36.889092199757776,37.398067474365234,797900,0.0,0.0
2009-07-31 00:00:00-04:00,37.35890939268813,37.97751289697811,36.990881917468876,37.54684066772461,615100,0.0,0.0
2009-08-03 00:00:00-04:00,37.58599986085042,38.87801980089391,37.2962752816351,38.85452651977539,688700,0.0,0.0
2009-08-04 00:00:00-04:00,38.181104222686805,40.06823421690719,38.16544602048615,40.03691482543945,771000,0.0,0.0
2009-08-05 00:00:00-04:00,39.56709607993999,39.9272975315174,38.118470132153845,38.23592758178711,1013900,0.0,0.0
2009-08-06 00:00:00-04:00,38.267240819265965,38.49432359223185,37.5468440062154,38.00883865356445,746000,0.0,0.0
2009-08-07 00:00:00-04:00,38.7605620945986,39.54360375307534,38.447344236381156,39.496620178222656,1267500,0.0,0.0
2009-08-10 00:00:00-04:00,39.347836236061134,39.778508473072414,38.96414457835553,39.739356994628906,692300,0.0,0.0
2009-08-11 00:00:00-04:00,39.45746556836065,39.5749230026583,38.92499704379345,39.097267150878906,560500,0.0,0.0
2009-08-12 00:00:00-04:00,38.878009393195505,40.240499850653244,38.878009393195505,39.76284408569336,594000,0.0,0.0
2009-08-13 00:00:00-04:00,40.00559917324619,40.083902145680646,38.93283291814605,39.919464111328125,578500,0.0,0.0
2009-08-14 00:00:00-04:00,39.65321414191824,39.93510951051119,38.51780356822585,39.034610748291016,546800,0.0,0.0
2009-08-17 00:00:00-04:00,38.275073104585424,38.298563396024576,37.272777855227446,37.36674499511719,645300,0.0,0.0
2009-08-18 00:00:00-04:00,37.46853739182015,37.92270292969263,37.28060909047508,37.61731719970703,505700,0.0,0.0
2009-08-19 00:00:00-04:00,37.24928774597346,38.22026062011719,36.99088557767924,38.22026062011719,393700,0.0,0.0
2009-08-20 00:00:00-04:00,38.11063494740369,38.635274396207514,37.86789395223983,38.29073715209961,309000,0.0,0.0
2009-08-21 00:00:00-04:00,38.72141089080328,39.6062488076983,38.627446727481164,39.5905876159668,513000,0.0,0.0
2009-08-24 00:00:00-04:00,39.68453970632986,40.608528827921226,39.62189495846184,39.989925384521484,603400,0.0,0.0
2009-08-25 00:00:00-04:00,40.36579913874225,41.227146803140975,39.7863499520477,40.428443908691406,571700,0.0,0.0
2009-08-26 00:00:00-04:00,40.365802019480334,41.830089270271074,40.365802019480334,41.532535552978516,1003800,0.0,0.0
2009-08-27 00:00:00-04:00,41.548184700931024,41.57167499099454,40.29531645937082,41.25845718383789,522000,0.0,0.0
2009-08-28 00:00:00-04:00,41.548191671310434,41.978863988103264,40.79646940543421,41.203651428222656,373700,0.0,0.0
2009-08-31 00:00:00-04:00,40.71816153730084,40.84344806870218,40.10739007010262,40.48324966430664,483900,0.0,0.0
2009-09-01 00:00:00-04:00,40.107400334497214,40.95308389111926,39.44964512953904,39.81767272949219,588300,0.0,0.0
2009-09-02 00:00:00-04:00,39.73935410559454,40.36578667634832,39.15990211073097,39.18339538574219,518900,0.0,0.0
2009-09-03 00:00:00-04:00,39.52792989701695,39.8802991278485,38.28289393945609,39.872467041015625,632900,0.0,0.0
2009-09-04 00:00:00-04:00,39.911626718617015,40.83561593933731,39.723695441916995,40.655513763427734,858100,0.0,0.0
2009-09-08 00:00:00-04:00,40.92958511660968,41.086194035271006,39.98993459170842,40.95307540893555,559700,0.0,0.0
2009-09-09 00:00:00-04:00,40.96090780729143,41.91621654291796,40.79646679856771,41.50120544433594,496300,0.0,0.0
2009-09-10 00:00:00-04:00,41.344590655657996,41.89272030377485,41.1175079034706,41.790924072265625,407900,0.0,0.0
2009-09-11 00:00:00-04:00,41.798756736030235,42.56613705914201,41.78309554734636,42.487831115722656,561800,0.0,0.0
2009-09-14 00:00:00-04:00,42.190282492349596,44.43761106117948,42.18245040354624,44.31232452392578,1061400,0.0,0.0
2009-09-15 00:00:00-04:00,44.39061953717906,44.719498505469495,44.06174355595476,44.13221740722656,679500,0.0,0.0
2009-09-16 00:00:00-04:00,44.15571554615933,44.805641510896436,44.02259990734811,44.64903259277344,708600,0.0,0.0
2009-09-17 00:00:00-04:00,44.64902774083147,45.18149621234713,44.44543527327566,44.750823974609375,503500,0.0,0.0
2009-09-18 00:00:00-04:00,44.75082128573235,45.768774601148124,44.75082128573235,45.43989562988281,835900,0.0,0.0
2009-09-21 00:00:00-04:00,45.00923150406954,45.43207469149024,44.03826157784426,45.34593963623047,503000,0.0,0.0
2009-09-22 00:00:00-04:00,45.57301809058226,45.57301809058226,44.57072289114245,45.10319137573242,484600,0.0,0.0
2009-09-23 00:00:00-04:00,45.173666763774875,45.39292043295815,44.398457287966906,44.453269958496094,663200,0.0,0.0
2009-09-24 00:00:00-04:00,44.61771023313529,44.688184096971106,43.05162702528751,43.94429397583008,961000,0.0,0.0
2009-09-25 00:00:00-04:00,43.69371559748554,43.97561101860905,43.33351722030165,43.46663284301758,600900,0.0,0.0
2009-09-28 00:00:00-04:00,43.544935005846945,44.907425440239294,43.544935005846945,44.81346130371094,404500,0.0,0.0
2009-09-29 00:00:00-04:00,45.0092358968728,45.54170448402219,44.50026059158414,45.36943435668945,656000,0.0,0.0
2009-09-30 00:00:00-04:00,45.33026968013148,45.36942115575165,43.905134460681275,44.406280517578125,1274700,0.0,0.0
2009-10-01 00:00:00-04:00,43.075117770462725,43.57626691137941,41.462053961141415,41.50120544433594,1051900,0.0,0.0
2009-10-02 00:00:00-04:00,40.96090775654202,41.109684587323564,40.30315268366218,40.679012298583984,989800,0.0,0.0
2009-10-05 00:00:00-04:00,40.74164904907435,41.790924798128664,40.5145692800091,41.759605407714844,1092800,0.0,0.0
2009-10-06 00:00:00-04:00,42.25292384451563,43.61541753719515,41.97886048047471,43.278709411621094,1217700,0.0,0.0
2009-10-07 00:00:00-04:00,42.769722030742805,43.77984619140625,42.49565872532219,43.77984619140625,823700,0.0,0.0
2009-10-08 00:00:00-04:00,44.1478849854033,45.73745843221174,44.1478849854033,44.87611389160156,969900,0.0,0.0
2009-10-09 00:00:00-04:00,44.89960162764811,44.97790458613192,44.21052424213828,44.58638381958008,559000,0.0,0.0
2009-10-12 00:00:00-04:00,44.93875336971487,45.565186002448236,44.55506468900723,45.10319137573242,442700,0.0,0.0
2009-10-13 00:00:00-04:00,45.08753704719828,45.16584001286728,44.27317306114732,44.76648712158203,643700,0.0,0.0
2009-10-14 00:00:00-04:00,45.486880499236364,46.73191659399546,45.11885004124943,46.44219207763672,526800,0.0,0.0
2009-10-15 00:00:00-04:00,46.207286442943364,47.5462899343462,45.5417022354033,47.43666458129883,872700,0.0,0.0
2009-10-16 00:00:00-04:00,47.146935883146824,48.09441553971122,46.966836666474265,47.961299896240234,914200,0.0,0.0
2009-10-19 00:00:00-04:00,47.89864781031424,48.634708742626174,47.319198764734956,48.14139175415039,840300,0.0,0.0
2009-10-20 00:00:00-04:00,48.14139846686385,49.33162208839699,47.530626958773624,47.56977844238281,1646200,0.0,0.0
2009-10-21 00:00:00-04:00,45.847084698854374,46.003693614956916,41.05487098334305,41.266292572021484,4686000,0.0,0.0
2009-10-22 00:00:00-04:00,41.8927128528305,43.26303523586701,41.68129132671412,42.49565505981445,2195200,0.0,0.0
2009-10-23 00:00:00-04:00,42.57396663302309,42.92633591465984,40.07606525798273,40.2248420715332,2077400,0.0,0.0
2009-10-26 00:00:00-04:00,40.35795257839541,40.906082130078055,39.731520085214854,39.92728042602539,1690600,0.0,0.0
2009-10-27 00:00:00-04:00,40.15436736764613,40.16219945544293,38.06364798584191,38.67441940307617,1545700,0.0,0.0
2009-10-28 00:00:00-04:00,38.44732769214438,38.54129480141483,36.69331680468086,36.755958557128906,1300200,0.0,0.0
2009-10-29 00:00:00-04:00,37.20230057217777,38.22025691789127,36.18434721353055,38.00100326538086,2265000,0.0,0.0
2009-10-30 00:00:00-04:00,37.66429428465666,37.80524199111275,37.10050644589853,37.12399673461914,1274700,0.0,0.0
2009-11-02 00:00:00-05:00,37.26494403583665,37.59382002261367,35.98858559106019,36.57586669921875,1302100,0.0,0.0
2009-11-03 00:00:00-05:00,36.3409566757506,37.07701462620976,35.64405020371875,36.896915435791016,1619500,0.0,0.0
2009-11-04 00:00:00-05:00,37.21796747997558,38.24375308405823,37.21796747997558,37.679962158203125,1355800,0.0,0.0
2009-11-05 00:00:00-05:00,37.86788860989852,38.82320022583008,37.8522274209576,38.82320022583008,770100,0.0,0.0
2009-11-06 00:00:00-05:00,38.29073050687925,39.41830919041793,37.73476877225986,39.28519058227539,1525600,0.0,0.0
2009-11-09 00:00:00-05:00,39.8019962062819,40.232668383310376,39.30867928281572,40.20917510986328,837600,0.0,0.0
2009-11-10 00:00:00-05:00,39.83332000089497,40.30314668997695,39.41830896454554,39.80982971191406,1033900,0.0,0.0
2009-11-11 00:00:00-05:00,40.35796845219826,40.39711993834648,39.2930313013919,39.80200958251953,696300,0.0,0.0
2009-11-12 00:00:00-05:00,39.6767145183618,39.935119667650284,38.58828722495844,38.80754089355469,495300,0.0,0.0
2009-11-13 00:00:00-05:00,38.86235808532931,39.661060930054376,38.33771862440198,39.31652069091797,608100,0.0,0.0
2009-11-16 00:00:00-05:00,39.30869118532652,40.60854019683859,39.19123374372316,40.1778678894043,671300,0.0,0.0
2009-11-17 00:00:00-05:00,40.06823112013385,40.29531386635627,39.2068866864804,40.09172439575195,523300,0.0,0.0
2009-11-18 00:00:00-05:00,40.201345739933295,40.201345739933295,39.07376719522542,39.38698196411133,586000,0.0,0.0
2009-11-19 00:00:00-05:00,39.034618106483876,39.034618106483876,37.828736450395134,38.431678771972656,651800,0.0,0.0
2009-11-20 00:00:00-05:00,38.212425796546164,39.042450887824415,38.18110341867158,38.909332275390625,660600,0.0,0.0
2009-11-23 00:00:00-05:00,39.69237571114058,40.54589113339042,39.34000939781651,39.598411560058594,601800,0.0,0.0
2009-11-24 00:00:00-05:00,39.61407161506096,39.62973280430378,38.50998316350654,38.54130554199219,813200,0.0,0.0
2009-11-25 00:00:00-05:00,38.63526820429195,39.2538717137902,38.42384663824572,39.191226959228516,477500,0.0,0.0
2009-11-27 00:00:00-05:00,37.96968324745706,38.79187621634213,37.79741316341908,38.3142204284668,240700,0.0,0.0
2009-11-30 00:00:00-05:00,38.369034724355586,38.67442044116984,38.11846167532511,38.57262420654297,615600,0.0,0.0
2009-12-01 00:00:00-05:00,39.053898638826624,39.74819101289191,38.91977558309377,39.590396881103516,725200,0.37,0.0
2009-12-02 00:00:00-05:00,39.6614036210394,40.26890906495538,39.550948632995166,40.04010772705078,818800,0.0,0.0
2009-12-03 00:00:00-05:00,40.20578720234301,41.01053449606175,40.15845107367704,40.53715515136719,965400,0.0,0.0
2009-12-04 00:00:00-05:00,41.389240416335795,45.775901445127396,41.389240416335795,44.78969192504883,3181700,0.0,0.0
2009-12-07 00:00:00-05:00,44.766015355200025,44.81335147698061,43.87448127571062,44.33208084106445,1160300,0.0,0.0
2009-12-08 00:00:00-05:00,43.98494510157736,44.09540008754939,42.754154522876185,43.58257293701172,965200,0.0,0.0
2009-12-09 00:00:00-05:00,43.393218134730574,43.653578888181784,42.53324332767356,43.53523254394531,931900,0.0,0.0
2009-12-10 00:00:00-05:00,44.05595939428944,44.71080106345244,43.71670302013847,44.37154769897461,900000,0.0,0.0
2009-12-11 00:00:00-05:00,44.355751911626776,44.758123995121906,44.10328256322355,44.33208084106445,785500,0.0,0.0
2009-12-14 00:00:00-05:00,44.766023029930686,45.057940199754974,44.15062625423057,44.63189697265625,702700,0.0,0.0
2009-12-15 00:00:00-05:00,44.45832742217102,44.47410713688137,43.89027274096241,44.14274215698242,730000,0.0,0.0
2009-12-16 00:00:00-05:00,44.36364450397787,44.83702683475162,43.898153534036794,44.261077880859375,582200,0.0,0.0
2009-12-17 00:00:00-05:00,44.174301875040214,44.174301875040214,42.39123322686627,42.44646072387695,930900,0.0,0.0
2009-12-18 00:00:00-05:00,43.14863457389408,43.14863457389408,42.3438873052453,42.943504333496094,884700,0.0,0.0
2009-12-21 00:00:00-05:00,43.393216442501,44.339978130453694,43.361657017312346,43.480003356933594,416200,0.0,0.0
2009-12-22 00:00:00-05:00,45.50765716544608,45.64967159218457,44.040176762263705,44.229530334472656,806000,0.0,0.0
2009-12-23 00:00:00-05:00,44.284752746815435,44.93959429741742,43.8665978673648,44.10329055786133,473100,0.0,0.0
2009-12-24 00:00:00-05:00,44.111181040287754,44.284754885789546,43.945498556675716,44.12696075439453,149200,0.0,0.0
2009-12-28 00:00:00-05:00,44.300535028783266,44.403098656961156,43.69302957331828,43.97705841064453,427300,0.0,0.0
2009-12-29 00:00:00-05:00,44.158523998864545,44.21375149817475,43.81926764043159,44.04806900024414,407000,0.0,0.0
2009-12-30 00:00:00-05:00,43.98494851020668,44.18219043177711,43.57468495217943,43.65358352661133,394100,0.0,0.0
2009-12-31 00:00:00-05:00,43.69303269801553,43.82715576430429,43.0145199846953,43.061859130859375,504500,0.0,0.0
2010-01-04 00:00:00-05:00,43.34588142181299,44.63979089039465,43.21964671874072,44.50566482543945,1108100,0.0,0.0
2010-01-05 00:00:00-05:00,44.339978929005824,45.28674063400946,44.08750954229452,45.0737190246582,933400,0.0,0.0
2010-01-06 00:00:00-05:00,46.10726205413526,46.95934844382635,45.69699857128463,45.917911529541016,1254400,0.0,0.0
2010-01-07 00:00:00-05:00,45.870575325122104,47.574745203744605,45.870575325122104,47.27493667602539,1377100,0.0,0.0
2010-01-08 00:00:00-05:00,46.97514086080177,47.535307244599146,46.47020197908734,47.061927795410156,679100,0.0,0.0
2010-01-11 00:00:00-05:00,47.338052518009945,47.338052518009945,46.21772005305976,46.63587188720703,419100,0.0,0.0
2010-01-12 00:00:00-05:00,46.22561181954772,47.19604160670529,45.39719644121053,45.64966583251953,592900,0.0,0.0
2010-01-13 00:00:00-05:00,45.720674306904904,45.957363991622515,45.263071641401254,45.81534957885742,428200,0.0,0.0
2010-01-14 00:00:00-05:00,45.846920662274044,46.50176239013672,45.33409037360909,46.50176239013672,479400,0.0,0.0
2010-01-15 00:00:00-05:00,46.27295229331408,46.75422001522421,44.96326615950697,45.01849365234375,952200,0.0,0.0
2010-01-19 00:00:00-05:00,45.19995454114584,45.744341101842274,44.86069823226077,45.64966583251953,636400,0.0,0.0
2010-01-20 00:00:00-05:00,45.04216048656548,45.349857369579254,44.032282919818186,44.63189697265625,693800,0.0,0.0
2010-01-21 00:00:00-05:00,44.797579110876015,45.39719616889246,42.785712344219,42.9671745300293,941000,0.0,0.0
2010-01-22 00:00:00-05:00,42.84883913934882,42.84883913934882,41.326131156946865,41.45236587524414,1238600,0.0,0.0
2010-01-25 00:00:00-05:00,41.965185405556376,42.02830425796612,40.32413436864588,41.152549743652344,1098700,0.0,0.0
2010-01-26 00:00:00-05:00,40.978980580749315,41.33401664184647,40.253131753326585,41.04998779296875,1164300,0.0,0.0
2010-01-27 00:00:00-05:00,40.876414789730276,41.42080138154845,40.41881211077693,41.40502166748047,655700,0.0,0.0
2010-01-28 00:00:00-05:00,41.42868768871547,41.507586255160746,39.83497577226443,39.945430755615234,975600,0.0,0.0
2010-01-29 00:00:00-05:00,42.96717194402897,42.96717194402897,40.726503987203685,40.86063003540039,1685100,0.0,0.0
2010-02-01 00:00:00-05:00,41.120997342152954,41.941524505615234,40.80541205521034,41.941524505615234,971000,0.0,0.0
2010-02-02 00:00:00-05:00,42.41489576811082,44.05594977882732,42.12297860627715,43.527339935302734,2087400,0.0,0.0
2010-02-03 00:00:00-05:00,43.34588241264583,43.81926481724231,42.627921958196985,43.306434631347656,803200,0.0,0.0
2010-02-04 00:00:00-05:00,42.86461497072237,42.86461497072237,40.84485665133434,41.19200134277344,1238300,0.0,0.0
2010-02-05 00:00:00-05:00,40.94741992670487,41.42868763790418,39.86653214027463,40.62394332885742,1572900,0.0,0.0
2010-02-08 00:00:00-05:00,40.55293960919356,40.726510450732206,39.5430589408492,40.0953369140625,971100,0.0,0.0
2010-02-09 00:00:00-05:00,40.67127989590237,40.978976783785534,39.91387170885574,40.592384338378906,1085700,0.0,0.0
2010-02-10 00:00:00-05:00,40.59239161325109,40.939536342110436,40.142680233491404,40.32414245605469,865700,0.0,0.0
2010-02-11 00:00:00-05:00,40.3320177136826,41.120985212829524,39.937533964109136,40.98686218261719,492100,0.0,0.0
2010-02-12 00:00:00-05:00,40.363586311534576,41.03420763438814,40.13478496244888,41.00265121459961,707300,0.0,0.0
2010-02-16 00:00:00-05:00,41.294568366991,41.60226527971495,40.821188964288446,41.499698638916016,508100,0.0,0.0
2010-02-17 00:00:00-05:00,41.7442783437737,42.264996873667386,41.6338233540497,42.01252746582031,610200,0.0,0.0
2010-02-18 00:00:00-05:00,41.8941769101881,42.138757941228704,41.665378601436025,41.82316970825195,834000,0.0,0.0
2010-02-19 00:00:00-05:00,41.62593440541418,42.77782953138043,41.58648662246469,42.5648078918457,947200,0.0,0.0
2010-02-22 00:00:00-05:00,42.61213595515785,42.64369537940805,41.838948119061996,41.9178466796875,983100,0.0,0.0
2010-02-23 00:00:00-05:00,41.712729135539995,41.8626349523281,40.36359484248798,40.48194122314453,1364500,0.0,0.0
2010-02-24 00:00:00-05:00,40.52926923991722,41.144666082376574,40.134785396403245,41.04998779296875,1379200,0.0,0.0
2010-02-25 00:00:00-05:00,39.97698379057314,40.98686428793138,39.97698379057314,40.892189025878906,1198600,0.0,0.0
2010-02-26 00:00:00-05:00,40.892190741736684,40.90007909320859,40.08744345634223,40.64760971069336,1168700,0.0,0.0
2010-03-01 00:00:00-05:00,40.900076582690495,41.90995405076336,40.48981310886783,41.831058502197266,1178000,0.0,0.0
2010-03-02 00:00:00-05:00,42.15453425064208,42.25710086953003,41.38923480374439,42.09141540527344,1345600,0.0,0.0
2010-03-03 00:00:00-05:00,42.17031986131919,42.91983970172734,41.84684325773327,42.25710678100586,918500,0.0,0.0
2010-03-04 00:00:00-05:00,42.53324381642892,42.59636266999303,42.09931223202976,42.36756134033203,918300,0.0,0.0
2010-03-05 00:00:00-05:00,42.73049056687122,44.079624613294385,42.65948335339248,43.96916961669922,1100200,0.0,0.0
2010-03-08 00:00:00-05:00,43.92972101294078,44.36365263846116,43.59046466706581,43.65358352661133,531600,0.0,0.0
2010-03-09 00:00:00-05:00,43.54311711555939,44.26107745107262,43.432662142353095,43.992828369140625,696200,0.0,0.0
2010-03-10 00:00:00-05:00,43.90605320446329,44.742357030664905,43.693031566749795,44.67924118041992,886300,0.0,0.0
2010-03-11 00:00:00-05:00,44.29263855638135,45.2236205225694,44.25319078012031,45.0263786315918,1069200,0.0,0.0
2010-03-12 00:00:00-05:00,45.278851021102696,45.278851021102696,44.387316771912495,44.90803527832031,654200,0.0,0.0
2010-03-15 00:00:00-04:00,44.679239831834835,45.483987213460146,44.4819979150543,45.34986114501953,804200,0.0,0.0
2010-03-16 00:00:00-04:00,45.373524960322094,45.89424345144313,45.17628306202363,45.83901596069336,627800,0.0,0.0
2010-03-17 00:00:00-04:00,46.036259944446314,46.627985666147026,45.98892381290076,46.044151306152344,1011700,0.0,0.0
2010-03-18 00:00:00-04:00,46.14671539771498,46.54908754204284,45.697001105105024,45.79167938232422,1002600,0.0,0.0
2010-03-19 00:00:00-04:00,45.657554626464844,46.430742521046135,45.160507200452095,45.657554626464844,1289600,0.0,0.0
2010-03-22 00:00:00-04:00,45.36563617604903,46.52541949007974,45.105275428134995,46.288726806640625,958400,0.0,0.0
2010-03-23 00:00:00-04:00,46.39129299422691,46.9041231239038,46.004700566342144,46.69898986816406,804000,0.0,0.0
2010-03-24 00:00:00-04:00,46.44651703134333,46.56486336313999,45.25517740112625,45.45241928100586,1502800,0.0,0.0
2010-03-25 00:00:00-04:00,45.76011825362116,46.34395556938872,45.349854763290075,45.35774612426758,1121100,0.0,0.0
2010-03-26 00:00:00-04:00,45.39719094350967,45.97313686078953,45.20783741812278,45.55498504638672,1126500,0.0,0.0
2010-03-29 00:00:00-04:00,45.76011997777131,46.272950112425676,45.499759229806706,45.9100227355957,722900,0.0,0.0
2010-03-30 00:00:00-04:00,45.91791752000197,46.02837250870398,45.29463235841465,45.64177703857422,716900,0.0,0.0
2010-03-31 00:00:00-04:00,45.37352328444882,45.65755208905559,45.034270000804526,45.065826416015625,738000,0.0,0.0
2010-04-01 00:00:00-04:00,45.43664550258124,46.95146189321904,45.010602264087126,45.39719772338867,1017700,0.0,0.0
2010-04-05 00:00:00-04:00,45.570780118503144,46.580660978217,45.089512274743704,46.50176239013672,2267600,0.0,0.0
2010-04-06 00:00:00-04:00,46.249281100796956,46.88834595729581,45.99681170284812,46.45441436767578,1253600,0.0,0.0
2010-04-07 00:00:00-04:00,46.45440161243622,46.5806362767497,45.82322829086884,46.10725402832031,1363700,0.0,0.0
2010-04-08 00:00:00-04:00,45.93368786039624,46.33605995279499,45.01059433951236,46.14670944213867,790900,0.0,0.0
2010-04-09 00:00:00-04:00,46.375506898351404,46.73843422170531,45.92579568146908,46.32817077636719,941500,0.0,0.0
2010-04-12 00:00:00-04:00,46.580650419999486,46.580650419999486,45.878469698448654,45.98103332519531,939100,0.0,0.0
2010-04-13 00:00:00-04:00,46.0283829003486,46.7463434986755,45.697014849758204,46.50176239013672,1394000,0.0,0.0
2010-04-14 00:00:00-04:00,46.74632392770258,47.86665632233992,46.57275011626835,47.172367095947266,1964100,0.0,0.0
2010-04-15 00:00:00-04:00,46.91200585468878,47.140807147264596,46.115150020471916,46.14670944213867,1392700,0.0,0.0
2010-04-16 00:00:00-04:00,45.94158390959487,46.41496628490648,45.16050765532326,45.247291564941406,1333800,0.0,0.0
2010-04-19 00:00:00-04:00,44.93170043235711,45.70488823333541,44.608223872665455,45.56287384033203,1160300,0.0,0.0
2010-04-20 00:00:00-04:00,45.894246366304436,46.99091391862097,45.894246366304436,46.359737396240234,1366500,0.0,0.0
2010-04-21 00:00:00-04:00,47.5510712484019,48.68718335685003,46.35972864644768,48.6082878112793,2247200,0.0,0.0
2010-04-22 00:00:00-04:00,48.45839298499109,49.29469980105899,47.70098474195196,49.05801010131836,2276200,0.0,0.0
2010-04-23 00:00:00-04:00,48.97911333437251,49.23158274251482,48.16647460534624,48.67141342163086,1113000,0.0,0.0
2010-04-26 00:00:00-04:00,48.426829876455564,48.639851479700184,47.164479969414,47.44062042236328,1342100,0.0,0.0
2010-04-27 00:00:00-04:00,47.00669059464842,48.01656814971379,46.41496490041371,46.43863296508789,1102100,0.0,0.0
2010-04-28 00:00:00-04:00,45.50765059496373,45.88635467503069,44.797578563792875,45.0737190246582,1598500,0.0,0.0
2010-04-29 00:00:00-04:00,45.7601216731528,45.7601216731528,44.789691867796655,45.468204498291016,1057700,0.0,0.0
2010-04-30 00:00:00-04:00,45.45242055411794,45.52342775325039,43.91393324602982,44.261077880859375,1222100,0.0,0.0
2010-05-03 00:00:00-04:00,44.59245008534501,44.671345643196034,43.89026938758399,44.15062713623047,1398200,0.0,0.0
2010-05-04 00:00:00-04:00,43.298536378158964,43.306424728745704,40.82906730975907,41.58647537231445,2916500,0.0,0.0
2010-05-05 00:00:00-04:00,41.318237242521604,41.95730215737747,40.687063690013105,41.657493591308594,2222600,0.0,0.0
2010-05-06 00:00:00-04:00,41.27089788324079,42.22554799494168,38.95133112066546,40.111114501953125,2304600,0.0,0.0
2010-05-07 00:00:00-04:00,40.095325291205604,40.821176905220085,38.588397592503924,38.73830032348633,2648500,0.0,0.0
2010-05-10 00:00:00-04:00,40.284683681148046,42.19398368355491,39.898088262241686,41.310340881347656,2488200,0.0,0.0
2010-05-11 00:00:00-04:00,40.62393661791066,41.523359057993865,40.33990784532184,40.97896957397461,1071200,0.0,0.0
2010-05-12 00:00:00-04:00,41.21567141832297,42.6358125883892,41.21567141832297,42.351783752441406,1917600,0.0,0.0
2010-05-13 00:00:00-04:00,42.13875103149142,42.66736078359738,41.176209787451036,41.30244445800781,982900,0.0,0.0
2010-05-14 00:00:00-04:00,40.86852949501686,40.86852949501686,38.73831593436081,39.00656509399414,1552400,0.0,0.0
2010-05-17 00:00:00-04:00,39.26692122313123,39.708744200981606,37.941455299252915,38.651527404785156,1971900,0.0,0.0
2010-05-18 00:00:00-04:00,39.227472131063436,39.67718344631822,38.76198110180482,38.943443298339844,2047900,0.0,0.0
2010-05-19 00:00:00-04:00,38.56473284716297,38.95132524280592,37.70475813829704,38.012454986572266,1078100,0.0,0.0
2010-05-20 00:00:00-04:00,36.6712022795838,37.152472847423304,34.69878389314101,34.73823165893555,2450100,0.0,0.0
2010-05-21 00:00:00-04:00,33.965054263888405,36.702772773659696,33.933494837858916,36.53709030151367,2594400,0.0,0.0
2010-05-24 00:00:00-04:00,36.45030468106172,37.14459703003915,36.18205556961631,36.36351776123047,1257500,0.0,0.0
2010-05-25 00:00:00-04:00,35.10906300464822,35.51143521145662,34.29642722853485,35.306304931640625,1412400,0.0,0.0
2010-05-26 00:00:00-04:00,36.363518597149664,37.602197549444135,36.292511389262025,36.63965606689453,2103200,0.0,0.0
2010-05-27 00:00:00-04:00,37.578534944506075,37.633762446481036,36.75011940520855,37.333953857421875,1014700,0.0,0.0
2010-05-28 00:00:00-04:00,37.17615741740904,37.23927627845293,35.80335529610678,36.06371307373047,1783100,0.0,0.0
2010-06-01 00:00:00-04:00,35.92052930774006,35.92052930774006,34.79900714179661,34.82286834716797,1289500,0.37,0.0
2010-06-02 00:00:00-04:00,35.180806402531786,35.53873970313801,34.43312586789114,35.16489791870117,1546900,0.0,0.0
2010-06-03 00:00:00-04:00,35.689862710040785,35.689862710040785,34.353580524352054,34.687652587890625,1591100,0.0,0.0
2010-06-04 00:00:00-04:00,33.494542171960944,34.00360145089478,33.14456164201945,33.35932159423828,2142800,0.0,0.0
2010-06-07 00:00:00-04:00,33.47864210988501,33.49455059563166,32.166220861003936,32.27758026123047,1227800,0.0,0.0
2010-06-08 00:00:00-04:00,32.28553588935189,32.74686988054348,31.768520675924773,32.420753479003906,2457900,0.0,0.0
2010-06-09 00:00:00-04:00,32.70709905857458,33.812713088475185,32.643468146282345,33.375240325927734,2480300,0.0,0.0
2010-06-10 00:00:00-04:00,33.860433480096425,34.65583948721024,33.62976500981747,34.61606979370117,1839500,0.0,0.0
2010-06-11 00:00:00-04:00,34.09110891870365,35.19672300910549,34.07520043120165,34.92628479003906,1458900,0.0,0.0
2010-06-14 00:00:00-04:00,35.26035466584573,35.80122803456746,34.608118857619104,34.81492614746094,1737300,0.0,0.0
2010-06-15 00:00:00-04:00,35.18080675024773,36.04779940507054,34.99786373573708,35.960304260253906,1000200,0.0,0.0
2010-06-16 00:00:00-04:00,35.53874178679777,35.68986784069967,34.83878362837692,35.56260299682617,1384200,0.0,0.0
2010-06-17 00:00:00-04:00,35.56259622713322,36.22278456508893,35.47510109470703,36.119380950927734,1653500,0.0,0.0
2010-06-18 00:00:00-04:00,36.246647335806735,36.26255581822871,35.825083171439104,35.936439514160156,1170800,0.0,0.0
2010-06-21 00:00:00-04:00,36.60459055663035,36.87502876286405,35.984174744661,36.19097900390625,1129500,0.0,0.0
2010-06-22 00:00:00-04:00,36.15120624136029,36.18302321215892,34.61607229400971,34.77515411376953,1314600,0.0,0.0
2010-06-23 00:00:00-04:00,34.64787867105902,35.15693791125655,33.804747408086605,34.99785614013672,982600,0.0,0.0
2010-06-24 00:00:00-04:00,34.655845642089844,35.19672206572557,34.11496921845413,34.655845642089844,979200,0.0,0.0
2010-06-25 00:00:00-04:00,34.73537523506392,35.705771433030655,34.313811066414736,35.363746643066406,1083100,0.0,0.0
2010-06-28 00:00:00-04:00,35.45921014616381,35.92849689518672,34.91037792170781,35.419437408447266,601000,0.0,0.0
2010-06-29 00:00:00-04:00,34.65583719013373,34.74333233059415,33.78089185399537,34.50471115112305,1923300,0.0,0.0
2010-06-30 00:00:00-04:00,34.377451431571856,35.18081022990167,34.226322335856,34.34563446044922,1853200,0.0,0.0
2010-07-01 00:00:00-04:00,34.2740478515625,34.67970361425796,33.486594503204586,34.2740478515625,1238700,0.0,0.0
2010-07-02 00:00:00-04:00,34.456986975973145,34.49675666831711,33.67748947594589,34.011558532714844,1102600,0.0,0.0
2010-07-06 00:00:00-04:00,34.97399966767319,35.24443780489159,33.90815560148689,34.377445220947266,1102600,0.0,0.0
2010-07-07 00:00:00-04:00,34.552432112764535,36.65230629276854,34.36153639091231,36.61253356933594,1030600,0.0,0.0
2010-07-08 00:00:00-04:00,37.17728009555214,37.17728009555214,36.42164374154106,36.938655853271484,700900,0.0,0.0
2010-07-09 00:00:00-04:00,36.851157281296715,37.399986267089844,36.50913249712291,37.399986267089844,726800,0.0,0.0
2010-07-12 00:00:00-04:00,37.29658666118392,37.70224541825159,36.779574584403875,37.113643646240234,474400,0.0,0.0
2010-07-13 00:00:00-04:00,37.84542295361853,37.97268780575802,37.27272960187413,37.837467193603516,838100,0.0,0.0
2010-07-14 00:00:00-04:00,37.590883094164894,37.87722971579369,37.04205409219826,37.527252197265625,627200,0.0,0.0
2010-07-15 00:00:00-04:00,37.40793815664557,37.55906721814292,36.62844074603421,37.24885940551758,466700,0.0,0.0
2010-07-16 00:00:00-04:00,36.93865524308367,37.010241907738674,35.63418982868871,35.681915283203125,960500,0.0,0.0
2010-07-19 00:00:00-04:00,35.76145699268717,36.41368974218917,35.49101880136438,36.05575942993164,505700,0.0,0.0
2010-07-20 00:00:00-04:00,35.49101708565305,37.04205948931088,35.22057890740382,36.938655853271484,787500,0.0,0.0
2010-07-21 00:00:00-04:00,39.133980796311334,40.875919066079305,37.01820068792507,37.50339889526367,2251900,0.0,0.0
2010-07-22 00:00:00-04:00,38.06814038504915,38.497660451873045,37.8613330784004,38.17949676513672,1059100,0.0,0.0
2010-07-23 00:00:00-04:00,38.09995279246941,38.92717281718117,38.076088546573494,38.77604675292969,916000,0.0,0.0
2010-07-26 00:00:00-04:00,38.78400062748254,39.611223710929245,38.44197879133392,39.57940673828125,631600,0.0,0.0
2010-07-27 00:00:00-04:00,40.430484191391876,40.430484191391876,38.171531267203626,38.410152435302734,853400,0.0,0.0
2010-07-28 00:00:00-04:00,38.322661087774996,38.656730149294866,37.781784768352566,38.07608413696289,531200,0.0,0.0
2010-07-29 00:00:00-04:00,38.42606274285513,38.704453613154634,37.15341139549174,37.463619232177734,783500,0.0,0.0
2010-07-30 00:00:00-04:00,36.779573346378754,38.25902590015438,36.60458306222157,38.163578033447266,894000,0.0,0.0
2010-08-02 00:00:00-04:00,38.958987159021504,39.08625200301969,38.521514447417324,38.760135650634766,546900,0.0,0.0
2010-08-03 00:00:00-04:00,38.43402250194605,38.72832190930467,37.97268854183527,38.0601806640625,562400,0.0,0.0
2010-08-04 00:00:00-04:00,38.22721366263316,38.78399543830986,38.13176275746021,38.72831726074219,519800,0.0,0.0
2010-08-05 00:00:00-04:00,38.28288779065006,38.744221646587164,38.06017206970506,38.12380599975586,472400,0.0,0.0
2010-08-06 00:00:00-04:00,37.479530451712975,37.73406013292202,36.81934503927487,37.67042922973633,875100,0.0,0.0
2010-08-09 00:00:00-04:00,38.012460329441645,38.68060161141006,37.91700940756499,38.64878463745117,439100,0.0,0.0
2010-08-10 00:00:00-04:00,38.12381685488902,38.31471263093028,37.22500705951328,37.757930755615234,540300,0.0,0.0
2010-08-11 00:00:00-04:00,36.93864779989991,37.02614293176267,35.94439045460965,36.0716552734375,445300,0.0,0.0
2010-08-12 00:00:00-04:00,35.37170832475088,35.82508953448947,35.196718021261134,35.68986892700195,650000,0.0,0.0
2010-08-13 00:00:00-04:00,35.5864602792336,35.59441300294285,35.11717069033946,35.300113677978516,343600,0.0,0.0
2010-08-16 00:00:00-04:00,35.16489301885691,35.80917287017475,34.8546852129666,35.44328689575195,507100,0.0,0.0
2010-08-17 00:00:00-04:00,35.8410026672634,36.7477652043211,35.538747476832945,36.365970611572266,571900,0.0,0.0
2010-08-18 00:00:00-04:00,36.36597223511537,36.95457112070992,36.0796255192115,36.59663772583008,612800,0.0,0.0
2010-08-19 00:00:00-04:00,36.270502110089,36.42958387186431,35.68190353602223,35.77735137939453,691800,0.0,0.0
2010-08-20 00:00:00-04:00,35.54669060399192,35.82508450539338,35.10921794091293,35.705772399902344,489500,0.0,0.0
2010-08-23 00:00:00-04:00,35.88076590642639,35.960305294419996,34.918325354231165,34.93423080444336,471200,0.0,0.0
2010-08-24 00:00:00-04:00,34.27404269613338,34.862644437446164,33.97178758387909,34.50471115112305,584500,0.0,0.0
2010-08-25 00:00:00-04:00,34.16268503322024,35.52282843466907,33.97974203485866,35.363746643066406,928400,0.0,0.0
2010-08-26 00:00:00-04:00,35.50691698938186,35.89666719457592,34.70355840845834,34.74332809448242,612500,0.0,0.0
2010-08-27 00:00:00-04:00,35.13308112505526,35.403519283049114,34.09905394480807,35.284210205078125,754100,0.0,0.0
2010-08-30 00:00:00-04:00,35.18080115056215,35.38760837525386,34.43312072753906,34.43312072753906,441200,0.0,0.0
2010-08-31 00:00:00-04:00,34.43313542562537,34.639939704360714,33.73317711395349,33.80476379394531,1177100,0.0,0.0
2010-09-01 00:00:00-04:00,34.472904566765685,35.793278727338134,34.29791423314387,35.729644775390625,821800,0.0,0.0
2010-09-02 00:00:00-04:00,35.475110002127465,37.392038536142174,35.475110002127465,37.23295974731445,634700,0.0,0.0
2010-09-03 00:00:00-04:00,37.97268821450889,38.76013854740041,37.861328812733895,38.7521858215332,1065600,0.0,0.0
2010-09-07 00:00:00-04:00,38.53743239126167,38.53743239126167,37.336367286632104,37.42386245727539,810100,0.0,0.0
2010-09-08 00:00:00-04:00,37.4477267074179,38.09200381082036,37.3761400254583,37.42386245727539,414500,0.0,0.0
2010-09-09 00:00:00-04:00,38.052229677699295,38.099955138196044,37.45567507554111,37.734066009521484,401600,0.0,0.0
2010-09-10 00:00:00-04:00,37.75791981134501,37.87722887823021,37.081822962064415,37.37612533569336,350100,0.0,0.0
2010-09-13 00:00:00-04:00,37.79768915780155,38.72831261485092,37.74996371094027,38.577186584472656,289500,0.0,0.0
2010-09-14 00:00:00-04:00,38.577198510115394,38.67264639911169,38.15563421900087,38.33857727050781,570100,0.0,0.0
2010-09-15 00:00:00-04:00,38.14766542088918,38.32265568610558,37.75791823738513,38.2590217590332,549900,0.0,0.0
2010-09-16 00:00:00-04:00,38.12381333377329,38.807863042248535,37.98859272351886,38.481746673583984,473200,0.0,0.0
2010-09-17 00:00:00-04:00,38.72831261485092,38.97488953895176,38.43401327812156,38.577186584472656,455800,0.0,0.0
2010-09-20 00:00:00-04:00,38.83968830054088,39.571460587638754,38.64083673979897,39.4521484375,365400,0.0,0.0
2010-09-21 00:00:00-04:00,39.523722068431866,39.61121721174137,38.77604153928039,39.07829666137695,431000,0.0,0.0
2010-09-22 00:00:00-04:00,39.01466556375952,39.420324342379864,37.909051656226794,38.47378921508789,517800,0.0,0.0
2010-09-23 00:00:00-04:00,38.036317452736164,38.52946835913566,37.70224836479134,37.92496109008789,674600,0.0,0.0
2010-09-24 00:00:00-04:00,38.6726458968612,39.46805204137881,38.561289522106115,39.32487869262695,436900,0.0,0.0
2010-09-27 00:00:00-04:00,39.19760561195366,39.19760561195366,38.44197236048936,38.88739776611328,342700,0.0,0.0
2010-09-28 00:00:00-04:00,38.974899983167745,39.6112242740054,38.3147114453881,39.53168487548828,495800,0.0,0.0
2010-09-29 00:00:00-04:00,39.40441168887,39.57144621099196,38.98284446997703,39.23737716674805,370600,0.0,0.0
2010-09-30 00:00:00-04:00,39.64303266534046,41.99743354888529,39.64303266534046,41.52019119262695,1671700,0.0,0.0
2010-10-01 00:00:00-04:00,42.09288672582428,42.09288672582428,40.8600079546948,41.21794128417969,814000,0.0,0.0
2010-10-04 00:00:00-04:00,41.15430522509987,41.464513060401785,39.82597570960331,40.08050537109375,497100,0.0,0.0
2010-10-05 00:00:00-04:00,40.645251870214345,41.544061643181664,40.37481366570354,41.337257385253906,534000,0.0,0.0
2010-10-06 00:00:00-04:00,41.12249368640111,41.38497610697993,40.875916716810934,41.1940803527832,288000,0.0,0.0
2010-10-07 00:00:00-04:00,41.51223046601557,41.774715854507974,41.106574815165786,41.464508056640625,389000,0.0,0.0
2010-10-08 00:00:00-04:00,41.54405982069161,42.64172107722745,41.44065617914714,42.55422592163086,515000,0.0,0.0
2010-10-11 00:00:00-04:00,42.5542210263371,43.421213688243014,42.20424347844441,43.31781005859375,777800,0.0,0.0
2010-10-12 00:00:00-04:00,43.278042754603554,43.77914941216282,42.98374336775972,43.62006759643555,1665300,0.0,0.0
2010-10-13 00:00:00-04:00,43.88255473443083,44.37570871966512,43.40531227013773,43.96209716796875,967200,0.0,0.0
2010-10-14 00:00:00-04:00,43.747332445620586,43.747332445620586,42.98374337114937,43.28599548339844,1363500,0.0,0.0
2010-10-15 00:00:00-04:00,43.59620267416006,43.70755902541799,42.745118521851,43.476890563964844,762900,0.0,0.0
2010-10-18 00:00:00-04:00,43.64392954759769,45.04384590867908,43.532573184968484,44.99612045288086,1534900,0.0,0.0
2010-10-19 00:00:00-04:00,44.39160733157198,44.91657513921008,43.325763233127006,43.63597106933594,1370300,0.0,0.0
2010-10-20 00:00:00-04:00,44.63817659876541,46.12558776111095,44.216612458393655,45.14723587036133,1745700,0.0,0.0
2010-10-21 00:00:00-04:00,45.43359010047202,45.64835008566745,44.06549383682304,44.66204833984375,1367000,0.0,0.0
2010-10-22 00:00:00-04:00,44.884769773487996,45.22679466443194,44.26435394072163,44.52683639526367,850700,0.0,0.0
2010-10-25 00:00:00-04:00,44.78930605122758,45.56084768907063,44.65408547426104,44.90861511230469,896300,0.0,0.0
2010-10-26 00:00:00-04:00,44.61432579704846,44.773407615076,43.882550647815066,43.98595428466797,859900,0.0,0.0
2010-10-27 00:00:00-04:00,43.50871123569644,44.37570394546515,43.278042754603554,43.62006759643555,996100,0.0,0.0
2010-10-28 00:00:00-04:00,43.95412738662747,44.27229095082135,43.65187533829917,43.87458801269531,732400,0.0,0.0
2010-10-29 00:00:00-04:00,43.890507037088845,44.22457612892844,43.47689551797791,43.53257369995117,715100,0.0,0.0
2010-11-01 00:00:00-04:00,43.89049649432827,44.43137273291829,43.58824141176735,43.87458801269531,806500,0.0,0.0
2010-11-02 00:00:00-04:00,44.20867723644982,45.210887694888605,44.168904499796845,45.16316223144531,947000,0.0,0.0
2010-11-03 00:00:00-04:00,45.17110736327402,45.258602508548044,43.58824809188877,44.75749588012695,1284200,0.0,0.0
2010-11-04 00:00:00-04:00,45.51313187039469,45.96651304346661,45.242693711524325,45.743797302246094,823600,0.0,0.0
2010-11-05 00:00:00-04:00,45.823342623353085,46.08582503974549,45.19497112115825,45.73584747314453,750400,0.0,0.0
2010-11-08 00:00:00-05:00,45.52108541250549,45.69607570498473,44.94839211656117,45.33814239501953,456900,0.0,0.0
2010-11-09 00:00:00-05:00,45.64038876430152,45.80742326547035,44.94043076300936,45.1392822265625,343200,0.0,0.0
2010-11-10 00:00:00-05:00,45.23474738901559,45.886980196314745,44.69387095844062,45.79948806762695,436800,0.0,0.0
2010-11-11 00:00:00-05:00,45.2904183374457,46.36421830041958,44.98816623014925,46.26081466674805,727100,0.0,0.0
2010-11-12 00:00:00-05:00,46.02219523334288,46.125598870989435,44.45524432022963,44.709774017333984,824300,0.0,0.0
2010-11-15 00:00:00-05:00,44.741591785826664,44.916582093543695,44.359797233362286,44.37570571899414,565700,0.0,0.0
2010-11-16 00:00:00-05:00,43.890505182761096,43.890505182761096,42.601948257739,42.8485221862793,875700,0.0,0.0
2010-11-17 00:00:00-05:00,43.055326874584715,43.13486625949671,42.570128737615654,42.761024475097656,522300,0.0,0.0
2010-11-18 00:00:00-05:00,43.071239967956174,44.550692711590344,43.071239967956174,44.399566650390625,808400,0.0,0.0
2010-11-19 00:00:00-05:00,44.26434537713781,44.5586447493041,43.970042970738405,44.25638961791992,352200,0.0,0.0
2010-11-22 00:00:00-05:00,43.98594729668085,45.027930156701245,43.98594729668085,44.829078674316406,413700,0.0,0.0
2010-11-23 00:00:00-05:00,44.1370821767351,44.51092094956366,43.818918549333596,44.335933685302734,547900,0.0,0.0
2010-11-24 00:00:00-05:00,44.725678653355665,45.855156742001576,44.67000047654563,45.672210693359375,497900,0.0,0.0
2010-11-26 00:00:00-05:00,45.19496403229791,45.6085754738965,44.97225134614205,45.42563247680664,211800,0.0,0.0
2010-11-29 00:00:00-05:00,44.94043939155444,45.40972905701257,44.63023153432898,45.33814239501953,537000,0.0,0.0
2010-11-30 00:00:00-05:00,44.67795579416833,45.39382244360206,44.41547337886479,44.79726791381836,543800,0.0,0.0
2010-12-01 00:00:00-05:00,46.0302925584245,46.15039063334543,45.62195116251699,45.85414505004883,506200,0.37,0.0
2010-12-02 00:00:00-05:00,45.90219303302637,47.503525374451904,45.87817097098163,47.07917022705078,765400,0.0,0.0
2010-12-03 00:00:00-05:00,46.98308091462126,47.83178797038024,46.41460879019042,47.68766784667969,640100,0.0,0.0
2010-12-06 00:00:00-05:00,47.72770854351485,48.26415338506309,47.66365378699028,47.999935150146484,475200,0.0,0.0
2010-12-07 00:00:00-05:00,48.752550762129964,49.1528837499015,48.488332578435866,48.88065719604492,649100,0.0,0.0
2010-12-08 00:00:00-05:00,49.05681775466277,49.353063389317256,48.80060481858876,49.240970611572266,733200,0.0,0.0
2010-12-09 00:00:00-05:00,49.553221677081076,50.39392042434153,49.28099509608927,50.345882415771484,1221000,0.0,0.0
2010-12-10 00:00:00-05:00,50.337873215971015,50.69016822927652,49.64929993101777,50.61009979248047,733200,0.0,0.0
2010-12-13 00:00:00-05:00,50.44996682827306,50.834289222810945,50.121693867591695,50.257808685302734,561500,0.0,0.0
2010-12-14 00:00:00-05:00,50.28182939569846,51.11452285495341,50.16173131584164,50.35388946533203,682700,0.0,0.0
2010-12-15 00:00:00-05:00,50.137705003422006,50.978403708301,50.137705003422006,50.2177734375,656500,0.0,0.0
2010-12-16 00:00:00-05:00,50.33788071919716,51.01044041704109,49.79342748502354,50.99442672729492,488800,0.0,0.0
2010-12-17 00:00:00-05:00,51.21059616667285,52.57173201959665,50.64212404481406,52.027278900146484,1563700,0.0,0.0
2010-12-20 00:00:00-05:00,52.083330602370886,52.21143399785151,49.825449461775236,51.40275955200195,1522500,0.0,0.0
2010-12-21 00:00:00-05:00,51.58690437621033,52.15537643432617,51.4587948996003,52.15537643432617,456500,0.0,0.0
2010-12-22 00:00:00-05:00,52.09134458557805,52.39560167192302,51.74705785165,51.82712936401367,442700,0.0,0.0
2010-12-23 00:00:00-05:00,51.76306209709726,52.03528562587743,51.40275870426806,51.458805084228516,299500,0.0,0.0
2010-12-27 00:00:00-05:00,51.21059543234708,51.28265854713636,50.84228981397039,51.170562744140625,468400,0.0,0.0
2010-12-28 00:00:00-05:00,51.44279574342064,51.44279574342064,50.5620642753695,50.61811065673828,632500,0.0,0.0
2010-12-29 00:00:00-05:00,50.48199205072909,50.81026499741126,50.35388560944577,50.530033111572266,708600,0.0,0.0
2010-12-30 00:00:00-05:00,50.51402753050811,50.83429521225836,50.36990737915039,50.36990737915039,545900,0.0,0.0
2010-12-31 00:00:00-05:00,50.35388908092913,51.04246239566034,50.20176362588567,50.24980163574219,586700,0.0,0.0
2011-01-03 00:00:00-05:00,50.762232819057644,51.482833542947596,50.40993777435641,51.410770416259766,791600,0.0,0.0
2011-01-04 00:00:00-05:00,51.82712685557817,52.251478972732485,49.88150465182545,50.68217086791992,698000,0.0,0.0
2011-01-05 00:00:00-05:00,50.602106967394306,52.587758875628474,50.602106967394306,52.38759231567383,900200,0.0,0.0
2011-01-06 00:00:00-05:00,52.08332499019871,53.28432397282962,52.08332499019871,52.459632873535156,568900,0.0,0.0
2011-01-07 00:00:00-05:00,52.45964745131704,52.55572959572218,51.07449832725053,51.83512878417969,395400,0.0,0.0
2011-01-10 00:00:00-05:00,51.56289414996185,53.38841174209552,51.122525384930874,53.00408935546875,880600,0.0,0.0
2011-01-11 00:00:00-05:00,52.33153261104425,54.40525471253001,52.33153261104425,54.389244079589844,876300,0.0,0.0
2011-01-12 00:00:00-05:00,54.36524358926588,54.80560639394659,53.780754496057966,53.916866302490234,633700,0.0,0.0
2011-01-13 00:00:00-05:00,54.00492255104539,54.23711643824162,53.204256502202036,53.74070739746094,527300,0.0,0.0
2011-01-14 00:00:00-05:00,53.54855342629915,53.95689489999842,53.50852378133151,53.636627197265625,386000,0.0,0.0
2011-01-18 00:00:00-05:00,53.46047975423742,54.47732925415039,53.46047975423742,54.47732925415039,734500,0.0,0.0
2011-01-19 00:00:00-05:00,54.24513306527647,54.40526385597827,51.875161933020884,52.091339111328125,913900,0.0,0.0
2011-01-20 00:00:00-05:00,51.77908064502694,52.66782059781423,51.0664882300675,51.70702362060547,675000,0.0,0.0
2011-01-21 00:00:00-05:00,51.99524947915027,52.53169420713311,51.06647403195922,51.386741638183594,563100,0.0,0.0
2011-01-24 00:00:00-05:00,51.474827772423026,51.55489316610146,50.68216693609101,51.15456008911133,834800,0.0,0.0
2011-01-25 00:00:00-05:00,51.386741989066394,53.94887063916333,51.25063024078548,53.94086837768555,1146700,0.0,0.0
2011-01-26 00:00:00-05:00,54.237113933112916,54.97373130655943,53.964890421206405,54.32518768310547,567000,0.0,0.0
2011-01-27 00:00:00-05:00,54.06097397674379,54.06097397674379,51.410771062425404,52.71585464477539,953900,0.0,0.0
2011-01-28 00:00:00-05:00,52.867972473619474,52.89999984511902,51.08248774554616,51.210594177246094,570900,0.0,0.0
2011-01-31 00:00:00-05:00,51.370739022778686,52.227451490669786,50.93837554889976,51.69900894165039,471600,0.0,0.0
2011-02-01 00:00:00-05:00,52.523690872595644,52.948042895372346,52.23545061021956,52.763893127441406,600300,0.0,0.0
2011-02-02 00:00:00-05:00,53.72469393175009,53.77273805145645,51.33871238151644,52.41160202026367,1358700,0.0,0.0
2011-02-03 00:00:00-05:00,52.363563176878,54.54937816795308,52.363563176878,54.429283142089844,875200,0.0,0.0
2011-02-04 00:00:00-05:00,54.92568885131257,55.125855360325076,54.06096806631524,54.98173522949219,453000,0.0,0.0
2011-02-07 00:00:00-05:00,55.15788188422448,55.78240040533744,54.40525386719245,54.445289611816406,668200,0.0,0.0
2011-02-08 00:00:00-05:00,54.34921261734887,54.51735176515766,53.17223858268731,54.437286376953125,596100,0.0,0.0
2011-02-09 00:00:00-05:00,54.10100937369938,54.42928541435665,53.340379004690014,53.68466567993164,387700,0.0,0.0
2011-02-10 00:00:00-05:00,53.388412381218764,53.94087390967177,52.627782078256445,53.74070739746094,445200,0.0,0.0
2011-02-11 00:00:00-05:00,53.45247142196903,54.30918391865824,53.34037865482074,54.11701965332031,328500,0.0,0.0
2011-02-14 00:00:00-05:00,54.15705691065984,54.65347211371123,54.01293676194155,54.53337097167969,359400,0.0,0.0
2011-02-15 00:00:00-05:00,54.229123364850516,54.43729217463319,53.30835603094089,53.38041305541992,912000,0.0,0.0
2011-02-16 00:00:00-05:00,53.836783413819944,54.00492255104539,53.55655151844421,53.74070739746094,444400,0.0,0.0
2011-02-17 00:00:00-05:00,53.58857141989964,53.8607949064151,53.252293192346535,53.80474853515625,299200,0.0,0.0
2011-02-18 00:00:00-05:00,53.70067677617378,54.21310260764596,53.220278322743326,54.1490478515625,464700,0.0,0.0
2011-02-22 00:00:00-05:00,53.20425534742021,54.48532588464208,52.24345855310085,52.53970718383789,708200,0.0,0.0
2011-02-23 00:00:00-05:00,52.371568827865595,52.491663847490884,49.69734106659509,50.04963302612305,829300,0.0,0.0
2011-02-24 00:00:00-05:00,50.04963252871715,50.89033430932186,49.53720675475143,50.08966827392578,617800,0.0,0.0
2011-02-25 00:00:00-05:00,50.449972012361926,51.65897653687133,50.3298739242392,51.65097427368164,500500,0.0,0.0
2011-02-28 00:00:00-05:00,51.87515658714422,51.979240979514394,50.82628291206206,50.8422966003418,578000,0.0,0.0
2011-03-01 00:00:00-05:00,51.16256308385017,51.402759239640744,49.96956929591221,50.321861267089844,417600,0.0,0.0
2011-03-02 00:00:00-05:00,50.097684210702916,51.57091320461511,50.0576515113062,51.28267288208008,486800,0.0,0.0
2011-03-03 00:00:00-05:00,51.42678444419053,53.99692179987236,51.35472132130739,53.11618423461914,526600,0.0,0.0
2011-03-04 00:00:00-05:00,53.0841728027764,53.388423767128124,51.63496279145733,52.395599365234375,444600,0.0,0.0
2011-03-07 00:00:00-05:00,52.43562389089079,52.74788319735498,50.47399428786207,50.7061882019043,767900,0.0,0.0
2011-03-08 00:00:00-05:00,50.86632340200528,52.05131208194164,50.44197128759648,51.83512878417969,402000,0.0,0.0
2011-03-09 00:00:00-05:00,51.546874417587055,52.2834917734997,50.94637797728289,52.027278900146484,674700,0.0,0.0
2011-03-10 00:00:00-05:00,51.066480093360774,51.22661391548025,49.71335555776333,49.87348937988281,446500,0.0,0.0
2011-03-11 00:00:00-05:00,49.71336378101206,50.762237587808585,49.71336378101206,50.674163818359375,235900,0.0,0.0
2011-03-14 00:00:00-04:00,50.05764539040618,50.57807652752505,48.64847133127768,48.688507080078125,810600,0.0,0.0
2011-03-15 00:00:00-04:00,47.895848099556204,48.53638039867837,47.11920096882744,48.22412109375,925600,0.0,0.0
2011-03-16 00:00:00-04:00,47.99993413682881,48.54438733859822,46.56674105998584,46.91903305053711,972700,0.0,0.0
2011-03-17 00:00:00-04:00,47.85581092700225,48.17607551945561,47.06315018115533,47.2473030090332,496300,0.0,0.0
2011-03-18 00:00:00-04:00,47.99993096135436,48.24813548547986,47.49551048778858,47.5995979309082,702000,0.0,0.0
2011-03-21 00:00:00-04:00,48.49634168686949,48.992753775323685,48.112022355069605,48.288169860839844,733500,0.0,0.0
2011-03-22 00:00:00-04:00,48.36823319563602,48.36823319563602,47.6876683137279,48.120025634765625,520900,0.0,0.0
2011-03-23 00:00:00-04:00,47.903851706859086,49.329036312445524,47.51152399462422,49.01677703857422,590600,0.0,0.0
2011-03-24 00:00:00-04:00,49.37707612248014,49.37707612248014,48.328205503192216,48.848636627197266,488700,0.0,0.0
2011-03-25 00:00:00-04:00,48.880662282789366,49.497175514630506,48.68850413906923,49.04880142211914,421700,0.0,0.0
2011-03-28 00:00:00-04:00,48.96073290645911,48.97674354056818,48.16006681185993,48.272159576416016,582800,0.0,0.0
2011-03-29 00:00:00-04:00,48.11202858851284,48.84063465546337,47.72770920692015,48.800601959228516,571700,0.0,0.0
2011-03-30 00:00:00-04:00,48.96073907358006,49.35306379894378,48.96073907358006,49.25698471069336,828700,0.0,0.0
2011-03-31 00:00:00-04:00,49.168902337027696,50.401928795302275,49.0327905736811,50.345882415771484,895600,0.0,0.0
2011-04-01 00:00:00-04:00,50.874319325447296,50.922357331595634,49.96156055704733,50.2177734375,794300,0.0,0.0
2011-04-04 00:00:00-04:00,50.40994177113335,50.93037600790551,50.21778359905989,50.46598815917969,317300,0.0,0.0
2011-04-05 00:00:00-04:00,50.249808661403996,51.010442151566416,49.865489257324896,50.674163818359375,474600,0.0,0.0
2011-04-06 00:00:00-04:00,51.2025988882541,51.57890988702088,50.57807723890918,51.48283386230469,429100,0.0,0.0
2011-04-07 00:00:00-04:00,51.482837417209915,52.043301295413585,50.95439481039092,51.11452865600586,356900,0.0,0.0
2011-04-08 00:00:00-04:00,51.69900914547382,51.739044893380694,50.0496359018497,50.1617317199707,266500,0.0,0.0
2011-04-11 00:00:00-04:00,50.3458872530269,50.58608648185139,49.56123480990748,49.641300201416016,241700,0.0,0.0
2011-04-12 00:00:00-04:00,49.353063037163565,49.72136874835456,48.81661816055484,48.9287109375,631200,0.0,0.0
2011-04-13 00:00:00-04:00,49.36907022777408,49.55322305912537,48.93670981279347,49.36106491088867,511500,0.0,0.0
2011-04-14 00:00:00-04:00,49.184919320907305,50.618112389069225,49.11285924892434,50.417945861816406,686600,0.0,0.0
2011-04-15 00:00:00-04:00,50.850303649902344,51.402762170032254,50.48199796981574,50.850303649902344,751500,0.0,0.0
2011-04-18 00:00:00-04:00,50.04163524326649,50.8342960894114,49.80143600495862,50.105690002441406,828800,0.0,0.0
2011-04-19 00:00:00-04:00,50.201763927785414,51.074490078911886,50.201763927785414,50.61811065673828,522400,0.0,0.0
2011-04-20 00:00:00-04:00,51.22661839388624,51.691003158902355,50.530039719212624,51.44279861450195,921300,0.0,0.0
2011-04-21 00:00:00-04:00,53.02812662592142,55.75839526930602,52.98809087134045,54.557395935058594,1536100,0.0,0.0
2011-04-25 00:00:00-04:00,54.0369487722312,54.44529015882959,52.515682090191554,53.044124603271484,1147500,0.0,0.0
2011-04-26 00:00:00-04:00,53.42844652992386,54.0289460486052,52.851966014614256,53.50050354003906,942300,0.0,0.0
2011-04-27 00:00:00-04:00,53.508513978957644,53.508513978957644,52.26747914894107,53.28432846069336,807200,0.0,0.0
2011-04-28 00:00:00-04:00,53.132205963134766,53.30835349271626,52.419613581535415,53.132205963134766,590200,0.0,0.0
2011-04-29 00:00:00-04:00,53.13219835545147,53.46046825199748,52.73186533957772,53.044124603271484,444000,0.0,0.0
2011-05-02 00:00:00-04:00,53.30835770360889,54.0209501414968,53.02011737945217,53.35639572143555,493300,0.0,0.0
2011-05-03 00:00:00-04:00,53.0281186638183,53.39642433798841,52.40359397255847,52.90000915527344,781600,0.0,0.0
2011-05-04 00:00:00-04:00,52.90802245738019,53.76473502267169,51.55489466311115,51.5709114074707,720300,0.0,0.0
2011-05-05 00:00:00-04:00,51.07449091529983,51.947214026419175,50.85030233185473,51.06648254394531,548900,0.0,0.0
2011-05-06 00:00:00-04:00,51.73904176417674,52.283494916354975,50.93837266894531,51.46681213378906,668600,0.0,0.0
2011-05-09 00:00:00-04:00,51.41077167271942,52.09133666412692,51.22661882862444,51.57891082763672,539600,0.0,0.0
2011-05-10 00:00:00-04:00,51.907188086883444,52.84396601841918,51.45881088803206,51.50685501098633,551500,0.0,0.0
2011-05-11 00:00:00-04:00,51.49084186215265,51.89117496600045,50.41795207596777,50.93037796020508,505400,0.0,0.0
2011-05-12 00:00:00-04:00,50.802253348069364,51.67497932498611,50.506007812212665,51.08248519897461,801000,0.0,0.0
2011-05-13 00:00:00-04:00,51.09050813593897,51.13054083258301,50.15372715211382,50.36990737915039,523500,0.0,0.0
2011-05-16 00:00:00-04:00,49.96957555860524,50.962402953516914,49.817450085819175,50.32987594604492,743800,0.0,0.0
2011-05-17 00:00:00-04:00,49.94554950727695,50.5140216749021,49.28099521368522,49.40109634399414,650600,0.0,0.0
2011-05-18 00:00:00-04:00,49.6653118979897,50.77823716936575,49.17690514049698,50.69016647338867,405200,0.0,0.0
2011-05-19 00:00:00-04:00,50.99442176963903,51.25063772636948,49.889504773264214,49.96957015991211,430700,0.0,0.0
2011-05-20 00:00:00-04:00,49.88149598332727,50.09767619062049,49.032791896508,49.745384216308594,424200,0.0,0.0
2011-05-23 00:00:00-04:00,48.80859796621565,48.86464434111304,48.144046783447266,48.144046783447266,672000,0.0,0.0
2011-05-24 00:00:00-04:00,48.64046323739028,48.64046323739028,47.647635977213056,47.719696044921875,601900,0.0,0.0
2011-05-25 00:00:00-04:00,47.455479793409005,48.46431772871251,47.03913305770158,48.272159576416016,791400,0.0,0.0
2011-05-26 00:00:00-04:00,48.04796807824801,48.55238854244924,47.887837312481274,48.33620834350586,547000,0.0,0.0
2011-05-27 00:00:00-04:00,48.51353454589844,48.79563869139012,48.22337476219913,48.51353454589844,540800,0.4,0.0
2011-05-31 00:00:00-04:00,49.303424757505276,49.3437275492951,48.42488047043957,49.27118682861328,813700,0.0,0.0
2011-06-01 00:00:00-04:00,49.230876375492485,49.230876375492485,47.062717016084726,47.135257720947266,1018300,0.0,0.0
2011-06-02 00:00:00-04:00,47.0949592590332,47.63498212922496,46.828975642607475,47.0949592590332,815400,0.0,0.0
2011-06-03 00:00:00-04:00,46.21641791043184,46.90152228083071,45.94237554733807,46.13581848144531,933700,0.0,0.0
2011-06-06 00:00:00-04:00,46.13582287810735,46.36956247431169,45.370115931080306,45.41041564941406,585800,0.0,0.0
2011-06-07 00:00:00-04:00,45.797292463622064,46.02297331638145,45.53937061056247,45.77311325073242,829300,0.0,0.0
2011-06-08 00:00:00-04:00,45.55549289306421,45.74893275309171,44.58828436891335,44.91874694824219,983600,0.0,0.0
2011-06-09 00:00:00-04:00,45.20891029794531,45.31369201680911,44.547985132197375,44.66888427734375,1106800,0.0,0.0
2011-06-10 00:00:00-04:00,44.43513532219035,44.69305713367381,43.830630500025244,44.09661102294922,572100,0.0,0.0
2011-06-13 00:00:00-04:00,44.20139516561065,44.32229736660208,43.68555151409919,43.71779251098633,760200,0.0,0.0
2011-06-14 00:00:00-04:00,44.08856032260097,44.97516632634193,44.08856032260097,44.58828353881836,583200,0.0,0.0
2011-06-15 00:00:00-04:00,44.0724367966806,44.27393842685025,42.807006805188834,42.98432922363281,948700,0.0,0.0
2011-06-16 00:00:00-04:00,43.081053966740576,43.35509633742834,42.186386136710766,42.39594650268555,945800,0.0,0.0
2011-06-17 00:00:00-04:00,43.072988268153765,43.250310690343895,42.44430415263739,42.573265075683594,626900,0.0,0.0
2011-06-20 00:00:00-04:00,42.38788178271613,43.16164728159568,42.33952028603461,42.63774490356445,631400,0.0,0.0
2011-06-21 00:00:00-04:00,43.01657590133401,44.24170643103298,42.88761495476946,44.01602554321289,578200,0.0,0.0
2011-06-22 00:00:00-04:00,43.68555924068367,43.919301897451035,43.008513559659384,43.06493377685547,696300,0.0,0.0
2011-06-23 00:00:00-04:00,42.476548047346284,42.96015077306506,41.69472066858549,42.89567184448242,618100,0.0,0.0
2011-06-24 00:00:00-04:00,43.04074863666445,43.169709554596864,42.0977194261137,42.2105598449707,461200,0.0,0.0
2011-06-27 00:00:00-04:00,42.307287437531436,42.629688230066726,41.71084120560087,42.420127868652344,855100,0.0,0.0
2011-06-28 00:00:00-04:00,42.67805478377887,43.13747835038761,42.5893935560699,42.97627639770508,836700,0.0,0.0
2011-06-29 00:00:00-04:00,43.137474056162844,43.218073487144885,42.476548883162216,42.83925247192383,1162900,0.0,0.0
2011-06-30 00:00:00-04:00,42.97626113181393,43.69360633803303,42.74251853718713,43.242244720458984,1647100,0.0,0.0
2011-07-01 00:00:00-04:00,43.19388393176267,44.862316965956346,42.69416081503575,44.71723556518555,1226600,0.0,0.0
2011-07-05 00:00:00-04:00,44.7656084343546,45.07188873633931,44.22558239986457,44.98323059082031,930200,0.0,0.0
2011-07-06 00:00:00-04:00,44.902628894608604,45.51519565897924,44.443205358666276,45.31369400024414,795100,0.0,0.0
2011-07-07 00:00:00-04:00,45.877892316658794,47.26422459575911,45.877892316658794,47.248104095458984,1265500,0.0,0.0
2011-07-08 00:00:00-04:00,46.240604131173384,46.240604131173384,44.74949294627209,45.24115753173828,1576900,0.0,0.0
2011-07-11 00:00:00-04:00,44.58022826646865,45.353993901232464,44.03214350650978,44.18528366088867,1374100,0.0,0.0
2011-07-12 00:00:00-04:00,43.95959734316375,44.30618040065657,43.59689378594208,43.73391342163086,666000,0.0,0.0
2011-07-13 00:00:00-04:00,44.080496015029006,44.7253036987103,43.35509198289391,43.50823211669922,1000600,0.0,0.0
2011-07-14 00:00:00-04:00,43.516292583914236,43.83869334130518,42.21862161813832,42.29922103881836,712300,0.0,0.0
2011-07-15 00:00:00-04:00,42.613570271596785,43.01657359231274,42.00906529052286,42.54909133911133,972900,0.0,0.0
2011-07-18 00:00:00-04:00,42.395945646964016,42.52490657911583,40.7113917412285,41.17081832885742,1438700,0.0,0.0
2011-07-19 00:00:00-04:00,41.404557816461214,42.5087890625,41.04185423472114,42.5087890625,1160500,0.0,0.0
2011-07-20 00:00:00-04:00,42.62162744009886,43.12940935539948,42.45236372699433,42.815067291259766,1312500,0.0,0.0
2011-07-21 00:00:00-04:00,44.24975883663961,45.652208448809034,44.06437463275882,44.30617904663086,2814000,0.0,0.0
2011-07-22 00:00:00-04:00,44.241704398193626,44.38678584074641,43.1858376575467,43.3389778137207,1270300,0.0,0.0
2011-07-25 00:00:00-04:00,42.75864917152909,43.242254972446354,42.645808740383075,42.71834945678711,1096200,0.0,0.0
2011-07-26 00:00:00-04:00,42.78282680079964,42.78282680079964,41.79949787989578,42.2105598449707,1812500,0.0,0.0
2011-07-27 00:00:00-04:00,42.06547450370628,42.146076991563945,41.13856895337206,41.34812927246094,1502600,0.0,0.0
2011-07-28 00:00:00-04:00,41.41261929073695,41.670541152539535,40.679153419734995,40.76781463623047,1511000,0.0,0.0
2011-07-29 00:00:00-04:00,39.848955874705474,41.23528788627658,39.518493369001945,40.719444274902344,921500,0.0,0.0
2011-08-01 00:00:00-04:00,41.13050998903949,41.243350405111194,38.51905069670055,39.11549377441406,1575800,0.0,0.0
2011-08-02 00:00:00-04:00,38.68831063877663,39.171913291893055,36.84255508079736,36.866737365722656,2024800,0.0,0.0
2011-08-03 00:00:00-04:00,36.97958211918027,37.10048125931097,35.67384926813723,36.826438903808594,2774100,0.0,0.0
2011-08-04 00:00:00-04:00,36.14939465004684,36.350896299321725,34.87590582545854,34.88396453857422,2202400,0.0,0.0
2011-08-05 00:00:00-04:00,35.536833964931766,36.00431623156709,33.271954130541204,34.819488525390625,2409600,0.0,0.0
2011-08-08 00:00:00-04:00,33.73138163915347,34.303648774876685,32.12742991032799,32.42565155029297,3012700,0.0,0.0
2011-08-09 00:00:00-04:00,32.95760170708276,33.7474876221783,31.29723046552967,33.038204193115234,2513500,0.0,0.0
2011-08-10 00:00:00-04:00,32.127424541452825,32.6674475039741,31.337538418478722,31.377838134765625,2632900,0.0,0.0
2011-08-11 00:00:00-04:00,31.3858934773374,33.296131185825665,31.10379241895522,33.030147552490234,2390000,0.0,0.0
2011-08-12 00:00:00-04:00,33.36867949093931,33.674959831262846,32.18384862675999,33.505699157714844,1503600,0.0,0.0
2011-08-15 00:00:00-04:00,33.84421923382022,34.23916075472099,33.4976361421972,33.755558013916016,919200,0.0,0.0
2011-08-16 00:00:00-04:00,33.30418900873057,33.924814395264214,32.9979056716178,33.3525505065918,1132700,0.0,0.0
2011-08-17 00:00:00-04:00,33.51375206734383,33.84421461252717,32.72386298405603,32.98178482055664,1335300,0.0,0.0
2011-08-18 00:00:00-04:00,31.788897160374287,31.8453173727857,29.685222651882448,29.983444213867188,1597500,0.0,0.0
2011-08-19 00:00:00-04:00,29.507898143711504,30.209122930359957,28.943692984766564,29.04041290283203,1073200,0.0,0.0
2011-08-22 00:00:00-04:00,29.854478769762583,30.34614318178069,29.330573362769726,29.46759605407715,1301200,0.0,0.0
2011-08-23 00:00:00-04:00,29.612677890189126,30.652423858642578,29.258033089617527,30.652423858642578,1027800,0.0,0.0
2011-08-24 00:00:00-04:00,30.56377720096256,31.393966318034607,30.2736173278946,31.2891845703125,910100,0.0,0.0
2011-08-25 00:00:00-04:00,31.474560237097656,31.821143355449703,30.346152729971102,30.894237518310547,1210800,0.0,0.0
2011-08-26 00:00:00-04:00,30.53958302752259,31.023188728531863,29.9108989983481,30.81362533569336,1648100,0.0,0.0
2011-08-29 00:00:00-04:00,31.434264194528,31.805026572747348,31.30530323363989,31.668006896972656,1847400,0.0,0.0
2011-08-30 00:00:00-04:00,31.442312046295452,32.53042266035845,31.152152290549427,32.28055953979492,1190800,0.0,0.0
2011-08-31 00:00:00-04:00,32.61102763744208,33.17523289554872,32.14354538907119,32.465946197509766,919100,0.0,0.0
2011-09-01 00:00:00-04:00,32.44982118358333,32.93342694100044,31.611576738467917,31.65187644958496,957000,0.0,0.0
2011-09-02 00:00:00-04:00,30.79750883262765,31.063492463881385,29.967323089025214,30.241365432739258,784200,0.0,0.0
2011-09-06 00:00:00-04:00,28.895336482079802,29.27416058242136,28.37949273035505,28.87921905517578,1412600,0.0,0.0
2011-09-07 00:00:00-04:00,29.55625952345148,30.031803523983545,29.338640454692175,29.74970245361328,2223600,0.0,0.0
2011-09-08 00:00:00-04:00,29.403118751734635,30.136584593655485,29.217737613081123,29.62074089050293,1584800,0.0,0.0
2011-09-09 00:00:00-04:00,29.024295862769865,29.112957079341484,27.4364649761849,27.774986267089844,1618700,0.0,0.0
2011-09-12 00:00:00-04:00,27.170475487911837,27.863641496151494,26.88837447277731,27.662139892578125,1406800,0.0,0.0
2011-09-13 00:00:00-04:00,27.742745874682008,28.959817570329704,27.742745874682008,28.290830612182617,1272400,0.0,0.0
2011-09-14 00:00:00-04:00,28.572924039445965,29.48371202220685,28.04096000276625,28.983985900878906,1841100,0.0,0.0
2011-09-15 00:00:00-04:00,29.258041877672675,30.24137101145682,29.193562942082877,29.951208114624023,1448200,0.0,0.0
2011-09-16 00:00:00-04:00,30.112410055196666,30.330032227746038,29.62074548847455,29.741647720336914,1621800,0.0,0.0
2011-09-19 00:00:00-04:00,29.05652659109296,29.225787176702404,28.387542958825613,28.983985900878906,700100,0.0,0.0
2011-09-20 00:00:00-04:00,29.241919191105364,30.128528317950565,29.056538037457038,29.07265853881836,1476700,0.0,0.0
2011-09-21 00:00:00-04:00,29.080724211218254,29.378945839558778,27.903952052027417,27.920072555541992,1163900,0.0,0.0
2011-09-22 00:00:00-04:00,26.84001884096624,27.001220773953925,25.63906920594826,26.050132751464844,1777000,0.0,0.0
2011-09-23 00:00:00-04:00,25.872812908880473,26.99316476427929,25.872812908880473,26.646581649780273,1617000,0.0,0.0
2011-09-26 00:00:00-04:00,26.88031261240381,27.412276721377996,26.017885997470966,27.36391830444336,1393900,0.0,0.0
2011-09-27 00:00:00-04:00,28.226347838889204,29.741640911203817,28.121566133575598,28.55681037902832,1592800,0.0,0.0
2011-09-28 00:00:00-04:00,28.58905418624247,28.718015115197428,27.08181967790951,27.16242218017578,1252700,0.0,0.0
2011-09-29 00:00:00-04:00,27.863645157631616,28.331130415194522,27.025397638693846,27.75886344909668,1646700,0.0,0.0
2011-09-30 00:00:00-04:00,27.057636921728136,27.742741190595243,26.73523310421969,27.097936630249023,1662000,0.0,0.0
2011-10-03 00:00:00-04:00,26.80777735122091,27.47676428480155,26.15491399278365,26.29999542236328,1702100,0.0,0.0
2011-10-04 00:00:00-04:00,25.79221306246182,28.19411253494301,25.784152811399515,28.169933319091797,2400000,0.0,0.0
2011-10-05 00:00:00-04:00,28.177985035244465,29.789997951329443,27.629900397801922,29.556255340576172,1497400,0.0,0.0
2011-10-06 00:00:00-04:00,29.644922180435092,30.152707206474293,29.26610116389137,29.910905838012695,1453200,0.0,0.0
2011-10-07 00:00:00-04:00,30.12046578448979,30.305846933550164,28.94369688627813,29.5965633392334,1118000,0.0,0.0
2011-10-10 00:00:00-04:00,30.34614469758055,31.651874312574325,30.1930015011362,31.45037269592285,904300,0.0,0.0
2011-10-11 00:00:00-04:00,31.111847514153354,31.49067152679639,30.7410852877673,30.94258689880371,818400,0.0,0.0
2011-10-12 00:00:00-04:00,31.160212256928602,32.86894523578849,31.13603304497752,32.44982147216797,962400,0.0,0.0
2011-10-13 00:00:00-04:00,31.837259091094516,32.74804736397549,31.43425581146041,32.409523010253906,1076900,0.0,0.0
2011-10-14 00:00:00-04:00,33.118813337772735,33.610477885719654,32.820591738484296,33.53793716430664,597500,0.0,0.0
2011-10-17 00:00:00-04:00,33.25583686975026,33.288077877397704,31.530982931344457,31.619644165039062,735600,0.0,0.0
2011-10-18 00:00:00-04:00,31.555158858985493,32.965670374974124,30.781390204893125,32.65132522583008,674800,0.0,0.0
2011-10-19 00:00:00-04:00,32.45788411066235,32.85282559802052,31.764717986287287,31.917858123779297,567000,0.0,0.0
2011-10-20 00:00:00-04:00,32.00651392572458,32.699679932925825,31.11184631525184,31.901735305786133,1225600,0.0,0.0
2011-10-21 00:00:00-04:00,32.143542828839394,33.836155393671476,31.65993704269376,32.901187896728516,1057600,0.0,0.0
2011-10-24 00:00:00-04:00,32.98985019004568,35.06128689389522,32.667446322072436,34.85172653198242,1208800,0.0,0.0
2011-10-25 00:00:00-04:00,34.76306287008269,34.90008250580011,33.29613121583151,33.328369140625,1265700,0.0,0.0
2011-10-26 00:00:00-04:00,34.02959821478638,34.80336378055212,33.00596950657356,34.50514221191406,1345100,0.0,0.0
2011-10-27 00:00:00-04:00,36.1171607223948,38.0435162108329,36.03655820895652,37.01182556152344,1586800,0.0,0.0
2011-10-28 00:00:00-04:00,36.9231720867336,37.455136444137516,36.19776474724104,36.745849609375,1013100,0.0,0.0
2011-10-31 00:00:00-04:00,36.13326708400212,36.13326708400212,34.75499385298648,34.771114349365234,1179200,0.0,0.0
2011-11-01 00:00:00-04:00,33.80391312644149,33.86839512538001,32.667444029853094,32.85282516479492,1607100,0.0,0.0
2011-11-02 00:00:00-04:00,33.578233473380074,33.85227582927054,32.75610640570869,33.554054260253906,1117300,0.0,0.0
2011-11-03 00:00:00-04:00,34.223034347551454,34.99679982917955,33.24776724624912,34.714698791503906,994500,0.0,0.0
2011-11-04 00:00:00-04:00,34.40035889125514,34.85978236664535,33.86033291819153,34.7388801574707,600200,0.0,0.0
2011-11-07 00:00:00-05:00,34.59379908897777,34.65022237525978,33.32836907197924,33.683013916015625,1674300,0.0,0.0
2011-11-08 00:00:00-05:00,33.916754348112356,33.96511276939952,32.19995967499124,32.53042221069336,2756000,0.0,0.0
2011-11-09 00:00:00-05:00,31.393954618902566,31.676055671483226,30.32196446975431,31.087671279907227,2211900,0.0,0.0
2011-11-10 00:00:00-05:00,31.813080818652352,32.3853447547287,30.45092772543238,30.837810516357422,2390900,0.0,0.0
2011-11-11 00:00:00-05:00,31.200508872509186,31.458430689964565,30.467043127619714,31.023189544677734,2212100,0.0,0.0
2011-11-14 00:00:00-05:00,30.934535757335137,31.50679973479868,30.82169531948839,31.119916915893555,2025400,0.0,0.0
2011-11-15 00:00:00-05:00,30.910344831369436,31.434250231767077,30.41868350021115,30.797504425048828,1260000,0.0,0.0
2011-11-16 00:00:00-05:00,30.42674653314371,30.741088588161293,29.902841058333802,29.943143844604492,1031100,0.0,0.0
2011-11-17 00:00:00-05:00,29.693282883299094,29.806123313893615,28.693833359358365,28.806676864624023,1981600,0.0,0.0
2011-11-18 00:00:00-05:00,29.088772184878287,29.2419122997137,28.41978537206304,28.4520263671875,918300,0.0,0.0
2011-11-21 00:00:00-05:00,28.08932488994527,28.08932488994527,27.00927607253806,27.226898193359375,1794700,0.0,0.0
2011-11-22 00:00:00-05:00,27.07375974875295,27.605723941127994,26.711056191526566,27.50094223022461,1240900,0.0,0.0
2011-11-23 00:00:00-05:00,27.130175393684883,27.444517398811353,26.501491383431944,26.509550094604492,734800,0.0,0.0
2011-11-25 00:00:00-05:00,26.43701405491547,26.840017327321714,26.259694705832977,26.364473342895508,392600,0.0,0.0
2011-11-28 00:00:00-05:00,27.460646945594423,27.83947106362597,27.34780650396922,27.629907608032227,1131700,0.0,0.0
2011-11-29 00:00:00-05:00,27.66214327101482,27.847524399982856,26.95285667890215,27.259140014648438,1230700,0.0,0.0
2011-11-30 00:00:00-05:00,28.540694005576672,29.749703923476847,28.355312853792523,29.524023056030273,1786300,0.0,0.0
2011-12-01 00:00:00-05:00,29.157315854768594,30.135203011411935,28.76616161383477,29.874433517456055,1528500,0.4,0.0
2011-12-02 00:00:00-05:00,30.379667858192864,31.365705610014004,30.20853849537897,30.97454833984375,1721100,0.0,0.0
2011-12-05 00:00:00-05:00,31.577582213740254,31.84650247053546,31.015298643101005,31.243471145629883,1284000,0.0,0.0
2011-12-06 00:00:00-05:00,31.088633647728976,31.15382444520231,30.387814700345537,30.778968811035156,809600,0.0,0.0
2011-12-07 00:00:00-05:00,30.52635160537734,30.86046265199082,30.045557356970917,30.50190544128418,726300,0.0,0.0
2011-12-08 00:00:00-05:00,30.33892383477264,30.33892383477264,29.01877812402379,29.10026741027832,1078200,0.0,0.0
2011-12-09 00:00:00-05:00,29.507719807856517,30.656736142529613,29.214353406047728,30.518203735351562,763700,0.0,0.0
2011-12-12 00:00:00-05:00,29.849981101472295,29.849981101472295,28.99433118422182,29.434377670288086,673400,0.0,0.0
2011-12-13 00:00:00-05:00,29.581061027595023,29.809236619741295,28.383152380449086,28.562429428100586,722000,0.0,0.0
2011-12-14 00:00:00-05:00,28.21201904404532,28.260914478423743,27.70677865660235,27.886058807373047,895200,0.0,0.0
2011-12-15 00:00:00-05:00,28.383150850126068,28.847646585762142,28.171273748029428,28.529830932617188,1323200,0.0,0.0
2011-12-16 00:00:00-05:00,28.75800806299497,29.14101143054536,28.48094014358781,28.562429428100586,1398500,0.0,0.0
2011-12-19 00:00:00-05:00,28.749855540386044,28.92098800135825,27.47045457705228,27.576393127441406,913800,0.0,0.0
2011-12-20 00:00:00-05:00,27.837164813766645,28.912839556831,27.657884653716916,28.244617462158203,815100,0.0,0.0
2011-12-21 00:00:00-05:00,28.097935592178693,28.61947450946747,27.592695154632334,28.505388259887695,839800,0.0,0.0
2011-12-22 00:00:00-05:00,28.546128097547374,29.58920886507925,28.546128097547374,29.458824157714844,635300,0.0,0.0
2011-12-23 00:00:00-05:00,29.54846429868334,29.833683013916016,29.29584564957141,29.833683013916016,430400,0.0,0.0
2011-12-27 00:00:00-05:00,29.613656587472562,29.98036456771016,29.328440996519312,29.703296661376953,394800,0.0,0.0
2011-12-28 00:00:00-05:00,29.74403854290963,29.768484703119125,28.56242543112554,28.578723907470703,483100,0.0,0.0
2011-12-29 00:00:00-05:00,28.766158198692803,29.19806014753326,28.67651811292182,29.157312393188477,487800,0.0,0.0
2011-12-30 00:00:00-05:00,29.132863998413086,29.418079605300413,28.920989991670638,29.132863998413086,319400,0.0,0.0
2012-01-03 00:00:00-05:00,29.96406006609149,30.80341130097395,29.923315433948723,30.159635543823242,633900,0.0,0.0
2012-01-04 00:00:00-05:00,29.98036810802963,30.583396316860217,29.58106312492519,30.477460861206055,989300,0.0,0.0
2012-01-05 00:00:00-05:00,30.12705158628989,30.68118746933799,29.6707034741864,30.558950424194336,645400,0.0,0.0
2012-01-06 00:00:00-05:00,30.689337277445784,30.74638040682663,29.947773486877324,29.955921173095703,674100,0.0,0.0
2012-01-09 00:00:00-05:00,30.151498219296847,30.59969554407646,29.95591956575847,30.412267684936523,474100,0.0,0.0
2012-01-10 00:00:00-05:00,30.738228122762404,31.056040684236343,30.444861724904325,30.819717407226562,986200,0.0,0.0
2012-01-11 00:00:00-05:00,30.550802738539446,30.795273720209565,30.461162653249726,30.558950424194336,626400,0.0,0.0
2012-01-12 00:00:00-05:00,30.689336871523484,31.300515914192125,30.314481138088215,31.161983489990234,918600,0.0,0.0
2012-01-13 00:00:00-05:00,30.966401778393678,30.990847942934952,30.550801438106742,30.884912490844727,589700,0.0,0.0
2012-01-17 00:00:00-05:00,31.35756173023737,32.009485476565224,31.276072427678,31.781312942504883,1258400,0.0,0.0
2012-01-18 00:00:00-05:00,31.6753710443066,33.17479705810547,31.569435583799624,33.17479705810547,1089600,0.0,0.0
2012-01-19 00:00:00-05:00,33.419269458474865,33.94081153152308,33.30518319858281,33.9082145690918,1463400,0.0,0.0
2012-01-20 00:00:00-05:00,33.76152225406925,34.20157180252451,33.56594364077248,33.818565368652344,1006900,0.0,0.0
2012-01-23 00:00:00-05:00,33.737080175588275,34.23416979016176,33.62299082399978,33.90005874633789,1008300,0.0,0.0
2012-01-24 00:00:00-05:00,33.66374794507056,34.49495194343725,33.50891390769908,34.48680114746094,864700,0.0,0.0
2012-01-25 00:00:00-05:00,34.331963429456586,34.98388709083864,34.03044621031588,34.951290130615234,1311900,0.0,0.0
2012-01-26 00:00:00-05:00,35.04093176580994,35.34244588966102,34.15268476647145,34.39715576171875,1119700,0.0,0.0
2012-01-27 00:00:00-05:00,34.25046449492892,34.38899999514135,33.631137911919346,33.78596878051758,1253300,0.0,0.0
2012-01-30 00:00:00-05:00,33.38666578415776,33.51705048691352,32.962914723047426,33.23998260498047,1067500,0.0,0.0
2012-01-31 00:00:00-05:00,33.46000880175571,33.712627425529476,32.612506643365265,32.685848236083984,1183300,0.0,0.0
2012-02-01 00:00:00-05:00,35.97806809447657,38.039777385859736,35.97806809447657,37.37155532836914,4001800,0.0,0.0
2012-02-02 00:00:00-05:00,37.3878573215752,37.428601966254526,36.132902370302425,36.27143478393555,1545000,0.0,0.0
2012-02-03 00:00:00-05:00,37.06188839020142,38.202756921874325,37.06188839020142,38.145713806152344,1351100,0.0,0.0
2012-02-06 00:00:00-05:00,37.860503565404244,38.170168483134354,37.673075699272616,38.121273040771484,1079800,0.0,0.0
2012-02-07 00:00:00-05:00,38.104976747200666,38.27610925098499,37.48564998480858,37.8360595703125,862800,0.0,0.0
2012-02-08 00:00:00-05:00,37.8360518903167,38.31684612339625,37.64862405147104,37.68122100830078,575100,0.0,0.0
2012-02-09 00:00:00-05:00,37.91753808861665,38.09681822797622,36.87446042387003,37.34710693359375,671800,0.0,0.0
2012-02-10 00:00:00-05:00,36.70333554837666,37.27376988150361,36.581098509629086,36.63814163208008,555900,0.0,0.0
2012-02-13 00:00:00-05:00,37.16782466655865,37.32265552711347,36.33662103431477,36.87445831298828,578700,0.0,0.0
2012-02-14 00:00:00-05:00,36.55664675022923,36.76037304454962,36.084000255269984,36.46700668334961,637500,0.0,0.0
2012-02-15 00:00:00-05:00,36.80928211778424,37.05375626912352,36.35293700033593,36.51591873168945,567800,0.0,0.0
2012-02-16 00:00:00-05:00,36.524050413053494,37.16782626003127,36.20623788593238,36.850013732910156,610100,0.0,0.0
2012-02-17 00:00:00-05:00,37.0781902613393,37.35525818104343,36.71148226340486,36.776676177978516,273000,0.0,0.0
2012-02-21 00:00:00-05:00,36.80927631634668,37.12709204127383,36.46701753220317,36.727787017822266,404400,0.0,0.0
2012-02-22 00:00:00-05:00,36.548500280750645,36.82556819814386,35.94547211905871,36.05141067504883,600200,0.0,0.0
2012-02-23 00:00:00-05:00,36.181791554406516,36.695179584128354,35.912871350499906,36.3203239440918,390200,0.0,0.0
2012-02-24 00:00:00-05:00,36.467014982145415,37.28192034487492,36.35292872874204,36.89076614379883,611800,0.0,0.0
2012-02-27 00:00:00-05:00,36.369220188074685,36.64628808226038,35.733592013991824,36.14104461669922,398300,0.0,0.0
2012-02-28 00:00:00-05:00,36.2225404992046,36.36107290536254,35.668404657338925,35.904727935791016,469400,0.0,0.0
2012-02-29 00:00:00-05:00,36.05956142318057,36.524057219942335,35.089825184235636,35.09797286987305,899000,0.0,0.0
2012-03-01 00:00:00-05:00,35.350585441811454,36.66258319967768,35.350585441811454,35.880271911621094,923800,0.0,0.0
2012-03-02 00:00:00-05:00,35.71730105899544,35.88843042721072,35.01648199836097,35.12241744995117,301600,0.0,0.0
2012-03-05 00:00:00-05:00,35.0001831987781,35.366891204894394,34.76385991610127,34.8860969543457,602300,0.0,0.0
2012-03-06 00:00:00-05:00,34.26676434781649,34.32380746530712,33.590394622448976,33.83486557006836,675000,0.0,0.0
2012-03-07 00:00:00-05:00,34.28306681559675,34.7394149172518,34.046743524992316,34.51939010620117,845400,0.0,0.0
2012-03-08 00:00:00-05:00,34.86164430618994,35.67654952594093,34.82089966692573,35.49727249145508,608700,0.0,0.0
2012-03-09 00:00:00-05:00,35.54616583030245,36.40996650701014,35.53801814566361,36.00251388549805,329100,0.0,0.0
2012-03-12 00:00:00-04:00,36.26328659696357,36.320329720449195,35.432082800808104,35.619510650634766,489300,0.0,0.0
2012-03-13 00:00:00-04:00,36.02695445196381,36.97224426269531,35.839526648215426,36.97224426269531,506800,0.0,0.0
2012-03-14 00:00:00-04:00,37.05374157303719,37.3634033203125,36.768522879136164,37.3634033203125,756300,0.0,0.0
2012-03-15 00:00:00-04:00,37.5426896610564,38.520576714116835,37.42045261369238,38.447235107421875,822200,0.0,0.0
2012-03-16 00:00:00-04:00,38.44723613917172,38.59391935649796,37.75456780850018,37.884952545166016,1009300,0.0,0.0
2012-03-19 00:00:00-04:00,38.02347864025002,38.53686981545687,37.68936761385565,38.2027587890625,479900,0.0,0.0
2012-03-20 00:00:00-04:00,37.7953075283601,37.93383993298661,37.51823961049015,37.76271057128906,513200,0.0,0.0
2012-03-21 00:00:00-04:00,37.7464146534662,38.00718411049121,37.33081430277546,37.5997314453125,466400,0.0,0.0
2012-03-22 00:00:00-04:00,37.04559066202925,37.33080935502229,36.841864356441384,37.053741455078125,468300,0.0,0.0
2012-03-23 00:00:00-04:00,37.14338771528254,37.98273923938945,36.6707411154362,37.917545318603516,613000,0.0,0.0
2012-03-26 00:00:00-04:00,38.42279277164603,38.60206985473633,38.121275520388714,38.60206985473633,429300,0.0,0.0
2012-03-27 00:00:00-04:00,38.69170066200059,38.70799913993564,38.32499268000416,38.471675872802734,378100,0.0,0.0
2012-03-28 00:00:00-04:00,38.39018835372551,38.39833603875858,37.77085859823597,38.219058990478516,536400,0.0,0.0
2012-03-29 00:00:00-04:00,37.75456004308938,38.26794808951952,37.4530428758145,38.11311721801758,523500,0.0,0.0
2012-03-30 00:00:00-04:00,38.56947599965835,38.74060539613355,37.78716441405342,38.60206985473633,673200,0.0,0.0
2012-04-02 00:00:00-04:00,38.39833404852857,39.30287936254615,38.251650856600484,39.03396224975586,719500,0.0,0.0
2012-04-03 00:00:00-04:00,38.97692449262056,39.34362941426156,38.33314851823584,38.63466262817383,914000,0.0,0.0
2012-04-04 00:00:00-04:00,38.09681835585141,38.284246180076146,37.28191315037866,37.656768798828125,1048800,0.0,0.0
2012-04-05 00:00:00-04:00,37.44490411021177,37.730119759495395,37.33896553678467,37.67307662963867,821300,0.0,0.0
2012-04-09 00:00:00-04:00,36.711487788609844,36.99670654487056,36.23069347642726,36.7929801940918,909100,0.0,0.0
2012-04-10 00:00:00-04:00,36.73593755869653,36.75223293139469,34.437901431073264,35.163169860839844,1404000,0.0,0.0
2012-04-11 00:00:00-04:00,35.660255666119184,35.766194228817355,35.187612193942215,35.5869140625,621600,0.0,0.0
2012-04-12 00:00:00-04:00,35.244648310402646,36.41811062637539,34.89423884151742,36.08399963378906,692300,0.0,0.0
2012-04-13 00:00:00-04:00,35.863989932693784,35.863989932693784,35.12242604696256,35.35874938964844,628800,0.0,0.0
2012-04-16 00:00:00-04:00,35.57061069891833,35.78248466808982,35.12241038383483,35.3505859375,698400,0.0,0.0
2012-04-17 00:00:00-04:00,35.75804782810368,36.81742416729632,35.75804782810368,36.124755859375,698900,0.0,0.0
2012-04-18 00:00:00-04:00,35.880279171257634,36.084005495161875,35.57061739712743,35.91287612915039,600900,0.0,0.0
2012-04-19 00:00:00-04:00,35.6846982872921,36.10844935047079,35.260947224113416,35.668399810791016,1048100,0.0,0.0
2012-04-20 00:00:00-04:00,36.80113135635234,39.03397373958058,36.59740498633077,36.605552673339844,2120400,0.0,0.0
2012-04-23 00:00:00-04:00,35.87213452639783,35.87213452639783,34.714967292066405,35.603214263916016,1320400,0.0,0.0
2012-04-24 00:00:00-04:00,35.71729658054776,35.86397665732849,34.98388065356082,35.22835159301758,662000,0.0,0.0
2012-04-25 00:00:00-04:00,35.83952727680749,36.40181069791456,35.40762855227378,35.880271911621094,705700,0.0,0.0
2012-04-26 00:00:00-04:00,35.863981623947055,36.0514125823908,35.3098488684605,35.619510650634766,877700,0.0,0.0
2012-04-27 00:00:00-04:00,35.92103355195831,35.92918123862661,35.12242347929169,35.521728515625,1051100,0.0,0.0
2012-04-30 00:00:00-04:00,35.432075594247024,35.570611086404625,34.511231903157615,34.71495819091797,862600,0.0,0.0
2012-05-01 00:00:00-04:00,34.57642857189652,35.43207842717925,34.55198241016798,34.96758270263672,1063700,0.0,0.0
2012-05-02 00:00:00-04:00,34.5601276244559,34.72310927776986,33.98969339216528,34.25861358642578,1114400,0.0,0.0
2012-05-03 00:00:00-04:00,34.34826132534495,34.53568918051579,33.419266626482234,33.614845275878906,1071800,0.0,0.0
2012-05-04 00:00:00-04:00,33.28073667546378,33.32963211858826,31.92799383519394,32.61251449584961,1172200,0.0,0.0
2012-05-07 00:00:00-04:00,32.45767802536694,32.661404340539114,32.058373079838056,32.44137954711914,920900,0.0,0.0
2012-05-08 00:00:00-04:00,32.06652241596657,32.539168983641744,31.618325121230573,31.870946884155273,1544300,0.0,0.0
2012-05-09 00:00:00-04:00,31.284221211736327,31.903551123933127,31.219030389125884,31.37386131286621,1190000,0.0,0.0
2012-05-10 00:00:00-04:00,31.75685706101067,31.985029525287228,31.44719221048057,31.7976016998291,1159300,0.0,0.0
2012-05-11 00:00:00-04:00,31.487937703946542,32.28654445920701,31.447193064022215,32.05022430419922,929700,0.0,0.0
2012-05-14 00:00:00-04:00,31.544983657816154,31.561282136974654,31.039743238370797,31.056041717529297,763300,0.0,0.0
2012-05-15 00:00:00-04:00,30.966402670551755,31.29236604737284,30.485608399480082,30.648590087890625,894100,0.0,0.0
2012-05-16 00:00:00-04:00,30.884911578785868,31.015296300184044,29.825532220231587,29.833683013916016,998500,0.0,0.0
2012-05-17 00:00:00-04:00,29.82553159122766,29.841830069635826,29.124715671377878,29.29584503173828,859300,0.0,0.0
2012-05-18 00:00:00-04:00,29.385488225285336,29.556617603795637,28.570582870149916,28.717266082763672,491100,0.0,0.0
2012-05-21 00:00:00-04:00,28.896535432870987,29.9151668548584,28.676510672687737,29.9151668548584,900300,0.0,0.0
2012-05-22 00:00:00-04:00,29.91517415068256,30.363371463941775,29.572915401559325,30.102602005004883,1225300,0.0,0.0
2012-05-23 00:00:00-04:00,29.719603468008973,29.79294508461013,29.075827401023034,29.695154190063477,709000,0.0,0.0
2012-05-24 00:00:00-04:00,29.801087173264907,29.801087173264907,29.132865062479226,29.524019241333008,410500,0.0,0.0
2012-05-25 00:00:00-04:00,29.458832781939464,29.662559141126824,29.173614013906633,29.320297241210938,504300,0.0,0.0
2012-05-29 00:00:00-04:00,29.69514759125913,30.102600235473744,29.57291366316493,29.93147087097168,590000,0.0,0.0
2012-05-30 00:00:00-04:00,29.609898856749144,29.741828105401293,29.016215665093775,29.03270721435547,1123100,0.43,0.0
2012-05-31 00:00:00-04:00,29.016207647026384,29.91497638806224,28.554456977060426,29.642873764038086,1743200,0.0,0.0
2012-06-01 00:00:00-04:00,28.83481249966954,29.007969034256288,28.29884820258735,28.59568977355957,1823500,0.0,0.0
2012-06-04 00:00:00-04:00,28.488489773845608,28.752348188749846,27.76287756013874,28.0267391204834,896200,0.0,0.0
2012-06-05 00:00:00-04:00,27.762883920731763,28.3318313138876,27.680429326723655,28.092708587646484,1178400,0.0,0.0
2012-06-06 00:00:00-04:00,28.529723789288347,29.873755069646776,28.529723789288347,29.816036224365234,1021800,0.0,0.0
2012-06-07 00:00:00-04:00,29.45323566395601,30.442703516832793,29.45323566395601,29.494462966918945,788600,0.0,0.0
2012-06-08 00:00:00-04:00,29.296567444042072,29.527446001916832,28.603938061300962,29.444988250732422,780000,0.0,0.0
2012-06-11 00:00:00-04:00,29.824279832193568,29.906737570555837,28.785337492357776,28.82656478881836,677200,0.0,0.0
2012-06-12 00:00:00-04:00,28.76884538060251,29.41200000001211,28.64516349364584,29.387264251708984,715100,0.0,0.0
2012-06-13 00:00:00-04:00,29.082180557663985,29.197618251876502,28.331832399841375,28.47200584411621,939600,0.0,0.0
2012-06-14 00:00:00-04:00,28.521476004495465,29.23884095246386,28.257617560519947,28.909019470214844,860100,0.0,0.0
2012-06-15 00:00:00-04:00,29.06569250698747,29.898495362200453,28.991482102428563,29.89025115966797,1012400,0.0,0.0
2012-06-18 00:00:00-04:00,29.618135372385577,30.07988919555795,29.38726003351968,29.997434616088867,685900,0.0,0.0
2012-06-19 00:00:00-04:00,30.162351502129905,30.838489221891585,30.03041912223391,30.60761070251465,678800,0.0,0.0
2012-06-20 00:00:00-04:00,30.665323948400196,30.98690434753433,30.253044772805158,30.698307037353516,710500,0.0,0.0
2012-06-21 00:00:00-04:00,30.7312941044098,30.904450625668755,29.321299896259635,29.337791442871094,1021500,0.0,0.0
2012-06-22 00:00:00-04:00,29.576906149134444,30.038659942120812,29.444976943344106,29.956205368041992,788300,0.0,0.0
2012-06-25 00:00:00-04:00,29.3130531473365,29.329544694283886,28.546213514208254,28.81831932067871,676900,0.0,0.0
2012-06-26 00:00:00-04:00,28.94199681530368,29.2141025805068,28.36480848688581,28.876033782958984,546600,0.0,0.0
2012-06-27 00:00:00-04:00,29.057443864806718,29.527441973388882,28.79358224245772,29.271827697753906,682200,0.0,0.0
2012-06-28 00:00:00-04:00,29.0244587858481,29.370771833588698,28.73586143395666,29.18937110900879,580600,0.0,0.0
2012-06-29 00:00:00-04:00,30.03041866476301,30.220069885253906,29.667614061899016,30.220069885253906,1086800,0.0,0.0
2012-07-02 00:00:00-04:00,30.327263144738414,30.500422834669376,29.651125370162482,30.005685806274414,659200,0.0,0.0
2012-07-03 00:00:00-04:00,30.1788429281136,31.069367708996317,30.046913680439275,31.044631958007812,377000,0.0,0.0
2012-07-05 00:00:00-04:00,30.805507459573573,30.945680901115423,30.549893180628715,30.63235092163086,449000,0.0,0.0
2012-07-06 00:00:00-04:00,30.21182938924056,30.492179464934154,29.774814297445914,30.096391677856445,701200,0.0,0.0
2012-07-09 00:00:00-04:00,30.013930681698497,30.079893726120844,29.403756007226235,29.560420989990234,1104100,0.0,0.0
2012-07-10 00:00:00-04:00,29.85726351615127,30.071650494678543,28.6286730720232,28.76884651184082,636400,0.0,0.0
2012-07-11 00:00:00-04:00,28.834811963445905,29.11516198132382,28.067972301175175,28.158674240112305,1027300,0.0,0.0
2012-07-12 00:00:00-04:00,27.87832395821739,28.16691817442874,27.144464252603722,27.969022750854492,1129300,0.0,0.0
2012-07-13 00:00:00-04:00,28.010246190555872,28.381294905666916,27.911296930782015,27.960771560668945,952100,0.0,0.0
2012-07-16 00:00:00-04:00,27.911303892834336,27.911303892834336,27.383586957503816,27.433061599731445,746100,0.0,0.0
2012-07-17 00:00:00-04:00,27.51551396812148,27.738145121995956,27.029024367901137,27.672182083129883,1198700,0.0,0.0
2012-07-18 00:00:00-04:00,27.523764547231117,28.859548481958228,27.523764547231117,28.7770938873291,1460500,0.0,0.0
2012-07-19 00:00:00-04:00,28.917269981513208,29.807794783363896,28.785340730732525,29.436742782592773,1444100,0.0,0.0
2012-07-20 00:00:00-04:00,28.455511253872643,28.612179375363837,27.309375490361546,27.589725494384766,3110800,0.0,0.0
2012-07-23 00:00:00-04:00,26.80640022418131,26.96306838016008,25.173776053648016,26.72394561767578,2438500,0.0,0.0
2012-07-24 00:00:00-04:00,26.674464162871452,27.02902454220534,26.402361514452892,26.847623825073242,2005700,0.0,0.0
2012-07-25 00:00:00-04:00,27.045515287075414,27.24341068996809,26.592008789520573,27.218671798706055,1566700,0.0,0.0
2012-07-26 00:00:00-04:00,27.80410661752073,28.191646875927418,27.655685873300207,27.960771560668945,1286200,0.0,0.0
2012-07-27 00:00:00-04:00,28.142180709232502,28.793579492577386,27.903058004421407,28.603931427001953,917900,0.0,0.0
2012-07-30 00:00:00-04:00,28.694637177250236,29.651124978310534,28.65340987845582,29.115163803100586,1441300,0.0,0.0
2012-07-31 00:00:00-04:00,29.139896028974505,29.486209071492414,28.86779022804681,29.337791442871094,1034300,0.0,0.0
2012-08-01 00:00:00-04:00,29.461473521039707,29.461473521039707,28.735861192494436,29.007966995239258,1406200,0.0,0.0
2012-08-02 00:00:00-04:00,28.315336020144816,28.702879480685084,27.894812613628922,28.175159454345703,1003600,0.0,0.0
2012-08-03 00:00:00-04:00,28.966740004948985,29.824278425378694,28.9007738173708,29.733579635620117,850900,0.0,0.0
2012-08-06 00:00:00-04:00,29.791299696063728,30.393227027860686,29.692350410647542,30.20357894897461,838000,0.0,0.0
2012-08-07 00:00:00-04:00,30.393224718879754,31.193047415305276,30.27778704010511,30.887958526611328,698500,0.0,0.0
2012-08-08 00:00:00-04:00,30.86322566031143,31.061117943696942,30.483929495954914,30.640594482421875,540000,0.0,0.0
2012-08-09 00:00:00-04:00,30.77252868845006,31.168316464567294,30.6158636766875,31.110597610473633,501000,0.0,0.0
2012-08-10 00:00:00-04:00,31.036379153872957,31.24251876371052,30.53339800259877,30.7642765045166,717100,0.0,0.0
2012-08-13 00:00:00-04:00,30.706562320050804,31.366208542435295,30.599368825962916,30.962173461914062,523300,0.0,0.0
2012-08-14 00:00:00-04:00,31.094104656173435,31.118843553555024,30.384983743103586,30.417966842651367,450800,0.0,0.0
2012-08-15 00:00:00-04:00,30.475683409081135,30.93743733180343,30.30252686760075,30.648839950561523,649000,0.0,0.0
2012-08-16 00:00:00-04:00,30.648835218191856,31.110589069616502,30.44269561146598,30.904449462890625,546400,0.0,0.0
2012-08-17 00:00:00-04:00,30.953932598711074,31.143580711510477,30.789020238968483,31.110597610473633,531300,0.0,0.0
2012-08-20 00:00:00-04:00,31.07760701163683,31.333221264840297,30.72304662463626,31.201292037963867,625100,0.0,0.0
2012-08-21 00:00:00-04:00,31.234272581917168,31.902162862340106,31.11883491100163,31.20953369140625,592000,0.0,0.0
2012-08-22 00:00:00-04:00,31.04462214524868,31.316724756438642,30.67357027049838,30.863218307495117,452300,0.0,0.0
2012-08-23 00:00:00-04:00,30.747785397015193,31.01164384973699,30.53339843827819,30.615856170654297,390800,0.0,0.0
2012-08-24 00:00:00-04:00,30.54990051202619,30.690077132648977,30.269550416222575,30.360252380371094,627300,0.0,0.0
2012-08-27 00:00:00-04:00,30.624101011305196,30.648836758814642,30.07164834732132,30.137611389160156,540800,0.0,0.0
2012-08-28 00:00:00-04:00,30.079897935890333,30.43445839242526,29.93147713336681,30.417966842651367,740000,0.0,0.0
2012-08-29 00:00:00-04:00,30.426210766424422,30.73129653930664,30.28603418184104,30.73129653930664,363400,0.0,0.0
2012-08-30 00:00:00-04:00,30.442693340451243,30.681816021320575,29.956206924493042,30.178834915161133,590600,0.0,0.0
2012-08-31 00:00:00-04:00,30.516903695936968,30.92093867866537,30.286028360343906,30.599361419677734,443300,0.0,0.0
2012-09-04 00:00:00-04:00,30.61585393564737,31.04462467637955,30.236554685288485,30.846729278564453,525300,0.0,0.0
2012-09-05 00:00:00-04:00,30.863231289250212,31.28375482722176,30.772529332222188,31.135334014892578,625700,0.0,0.0
2012-09-06 00:00:00-04:00,31.423930826981074,32.52059220186139,31.25901846698899,32.33919143676758,750200,0.0,0.0
2012-09-07 00:00:00-04:00,32.330939844833026,33.33690227783894,32.24023790147135,33.064796447753906,692700,0.0,0.0
2012-09-10 00:00:00-04:00,32.941115692045095,33.806901566488854,32.941115692045095,32.94935989379883,742500,0.0,0.0
2012-09-11 00:00:00-04:00,33.04830784540339,33.42760401949881,32.76795781554131,32.891639709472656,390200,0.0,0.0
2012-09-12 00:00:00-04:00,32.982340922568255,33.3451455403577,32.67725514975802,32.81742858886719,463300,0.0,0.0
2012-09-13 00:00:00-04:00,32.82567296062285,33.63373986253942,32.6525132959372,33.444091796875,650400,0.0,0.0
2012-09-14 00:00:00-04:00,33.80689316228592,34.45004768419818,33.674963948933645,34.342857360839844,789300,0.0,0.0
2012-09-17 00:00:00-04:00,34.153209918013594,34.27689494524292,33.33689880371094,33.33689880371094,548400,0.0,0.0
2012-09-18 00:00:00-04:00,33.147249522665746,33.45233526111207,33.081283338439086,33.36988067626953,788700,0.0,0.0
2012-09-19 00:00:00-04:00,33.41934086514634,33.592500467450925,33.13074677037156,33.4605712890625,389100,0.0,0.0
2012-09-20 00:00:00-04:00,33.08953848123145,33.1307657833673,32.413400660790614,32.446380615234375,643700,0.0,0.0
2012-09-21 00:00:00-04:00,32.586557768691286,32.62778507152508,31.69603292936168,31.761999130249023,1097900,0.0,0.0
2012-09-24 00:00:00-04:00,31.588834140743554,32.3886536676787,31.226026423571437,32.09181213378906,1187300,0.0,0.0
2012-09-25 00:00:00-04:00,32.17426799090658,32.355671838938065,31.184797317324755,31.193044662475586,600000,0.0,0.0
2012-09-26 00:00:00-04:00,31.20130052828509,31.382704444143116,30.681827679972752,30.813756942749023,678900,0.0,0.0
2012-09-27 00:00:00-04:00,30.8797143261735,31.349712387150745,30.624100076429045,30.887958526611328,777800,0.0,0.0
2012-09-28 00:00:00-04:00,30.648839595500913,30.830243481869086,30.195333025021714,30.343753814697266,1076000,0.0,0.0
2012-10-01 00:00:00-04:00,30.475682046095375,30.50866514169497,29.750072815551047,30.046911239624023,1285400,0.0,0.0
2012-10-02 00:00:00-04:00,29.997439741665755,30.409719000337308,29.816035861309114,30.046911239624023,1307800,0.0,0.0
2012-10-03 00:00:00-04:00,30.071651117519963,30.352001148402948,29.55217835388124,29.799545288085938,1085200,0.0,0.0
2012-10-04 00:00:00-04:00,29.956212317384413,30.492173464111552,29.750072688926025,30.459190368652344,505900,0.0,0.0
2012-10-05 00:00:00-04:00,30.813747962524218,30.995151825514693,30.162349186718178,30.261295318603516,684800,0.0,0.0
2012-10-08 00:00:00-04:00,30.096390962153404,30.20358446822172,29.72533893764126,30.022180557250977,647800,0.0,0.0
2012-10-09 00:00:00-04:00,30.055156242152485,30.154102375793038,29.535683536018052,29.70059585571289,581300,0.0,0.0
2012-10-10 00:00:00-04:00,29.74182110909733,29.816031490597403,29.411996492332403,29.609891891479492,681100,0.0,0.0
2012-10-11 00:00:00-04:00,29.97269900227318,30.187085965032807,29.57691131576417,29.593402862548828,542800,0.0,0.0
2012-10-12 00:00:00-04:00,29.56866700200957,29.81603391195155,28.85130201954555,29.007966995239258,585000,0.0,0.0
2012-10-15 00:00:00-04:00,29.172882537654615,29.214109836289555,28.752355913430943,29.02446174621582,663000,0.0,0.0
2012-10-16 00:00:00-04:00,28.966744630096507,29.444986984635932,28.94200573308413,29.436742782592773,1557400,0.0,0.0
2012-10-17 00:00:00-04:00,29.49445587028049,29.750070119854076,29.329543552666586,29.428489685058594,947000,0.0,0.0
2012-10-18 00:00:00-04:00,29.337798134069907,29.947969770653827,29.189377326156713,29.667619705200195,1350300,0.0,0.0
2012-10-19 00:00:00-04:00,33.05654910139817,33.74917834019879,31.415676366408768,32.59479522705078,3142400,0.0,0.0
2012-10-22 00:00:00-04:00,32.61129412939492,33.21322156922872,32.215506353015506,32.3309440612793,1114000,0.0,0.0
2012-10-23 00:00:00-04:00,32.01761601826878,32.12480638517825,31.333230783449775,31.7867374420166,1043500,0.0,0.0
2012-10-24 00:00:00-04:00,31.893918847136117,31.95163768292809,31.143570836399817,31.341463088989258,732800,0.0,0.0
2012-10-25 00:00:00-04:00,31.28374489132138,31.39093836516756,30.467433828217747,31.333219528198242,1027700,0.0,0.0
2012-10-26 00:00:00-04:00,31.300240537358796,31.621817855584087,30.690068996480324,31.052873611450195,874500,0.0,0.0
2012-10-31 00:00:00-04:00,31.160064838102013,31.473394786975852,30.92094213071864,31.28374671936035,660400,0.0,0.0
2012-11-01 00:00:00-04:00,31.267257686336567,32.56181746141755,30.978663461426212,32.28146743774414,944000,0.0,0.0
2012-11-02 00:00:00-04:00,32.677255138670326,32.92462206641743,31.770238876342773,31.770238876342773,673400,0.0,0.0
2012-11-05 00:00:00-05:00,31.69602807314718,31.720766967410427,31.31673191248247,31.423925399780273,805700,0.0,0.0
2012-11-06 00:00:00-05:00,31.663052543458875,32.28147151387454,31.45691288665365,31.95164680480957,478400,0.0,0.0
2012-11-07 00:00:00-05:00,31.34146548738522,31.36620437993252,30.360242058393208,30.739538192749023,722000,0.0,0.0
2012-11-08 00:00:00-05:00,30.813750406749875,31.01164583165895,29.865510014630136,30.154104232788086,631200,0.0,0.0
2012-11-09 00:00:00-05:00,29.939725337497748,30.11288189691507,29.238848606543232,30.038671493530273,1020600,0.0,0.0
2012-11-12 00:00:00-05:00,30.104630229577914,30.18708796897509,29.651123671937448,30.14586067199707,528200,0.0,0.0
2012-11-13 00:00:00-05:00,29.989189524117805,30.59111680670159,29.832524553179283,30.261295318603516,668900,0.0,0.0
2012-11-14 00:00:00-05:00,30.319010955580847,30.41795707701621,29.238838382989808,29.37076759338379,719800,0.0,0.0
2012-11-15 00:00:00-05:00,29.22234827351621,29.989187829538132,28.785333332395997,29.939716339111328,1085300,0.0,0.0
2012-11-16 00:00:00-05:00,29.939715700154036,30.038661824336636,28.9832281118807,29.947959899902344,874400,0.0,0.0
2012-11-19 00:00:00-05:00,30.44269816520007,30.59111894612848,30.063402011912384,30.4344539642334,673400,0.0,0.0
2012-11-20 00:00:00-05:00,30.327255516797557,30.60760548540841,30.26953668315184,30.50865936279297,420100,0.0,0.0
2012-11-21 00:00:00-05:00,30.500415742619545,31.011641055525484,30.211818423467683,30.912694931030273,458700,0.0,0.0
2012-11-23 00:00:00-05:00,31.01988534747915,31.456903427392774,30.756026917747445,31.44865608215332,189600,0.0,0.0
2012-11-26 00:00:00-05:00,31.267255825858925,31.885674681390388,31.077607754282194,31.778484344482422,430200,0.0,0.0
2012-11-27 00:00:00-05:00,31.696029841575047,31.86094218228627,31.267259013902386,31.2919979095459,686800,0.0,0.0
2012-11-28 00:00:00-05:00,31.168312609095217,31.64655807864634,30.72305023650098,31.613574981689453,582700,0.0,0.0
2012-11-29 00:00:00-05:00,31.87743521221231,31.87743521221231,31.34147086635546,31.473400115966797,652600,0.0,0.0
2012-11-30 00:00:00-05:00,31.481736615190414,32.098863447939834,31.35664234950574,32.05716323852539,957400,0.43,0.0
2012-12-03 00:00:00-05:00,32.257316636896526,32.515843327104,31.798642919214586,31.99045181274414,708200,0.0,0.0
2012-12-04 00:00:00-05:00,31.998789274628194,32.3740689198605,31.83199796771611,32.22395706176758,529400,0.0,0.0
2012-12-05 00:00:00-05:00,32.273992874874914,32.4407841686947,32.01546621039027,32.05716323852539,511700,0.0,0.0
2012-12-06 00:00:00-05:00,32.12388465106888,33.107949896168144,32.08218761823173,33.091270446777344,877200,0.0,0.0
2012-12-07 00:00:00-05:00,33.29142150316155,34.34220467290539,33.208027427401596,33.50825119018555,1252000,0.0,0.0
2012-12-10 00:00:00-05:00,33.44152732419507,34.233783625460234,33.44152732419507,33.75843048095703,1114800,0.0,0.0
2012-12-11 00:00:00-05:00,34.00861183336261,34.508985682071796,33.80846483890223,34.35053253173828,908000,0.0,0.0
2012-12-12 00:00:00-05:00,34.53400326462802,34.55068271104796,33.90020020706583,34.08366775512695,1313100,0.0,0.0
2012-12-13 00:00:00-05:00,34.15038553248355,34.925962293786654,34.04197072141991,34.584041595458984,921800,0.0,0.0
2012-12-14 00:00:00-05:00,34.45060920541109,34.925962293786654,34.42558844514772,34.584041595458984,556100,0.0,0.0
2012-12-17 00:00:00-05:00,34.73415421122451,35.10109249676913,34.57570105735815,35.09275436401367,467100,0.0,0.0
2012-12-18 00:00:00-05:00,35.10109091195507,35.66817935209765,35.03437312780698,35.64316177368164,455100,0.0,0.0
2012-12-19 00:00:00-05:00,35.576450856406005,35.693203819921465,35.28456844761735,35.40132141113281,570600,0.0,0.0
2012-12-20 00:00:00-05:00,35.4179989008658,35.80161666870117,35.19283112028082,35.80161666870117,634700,0.0,0.0
2012-12-21 00:00:00-05:00,35.292909935145,35.501398298741684,34.609068357050255,35.30958938598633,1167100,0.0,0.0
2012-12-24 00:00:00-05:00,35.30958938598633,35.384645324132336,34.87593320795162,35.30958938598633,105500,0.0,0.0
2012-12-26 00:00:00-05:00,35.35961533012084,35.643159532362255,35.30957699515629,35.39297103881836,495400,0.0,0.0
2012-12-27 00:00:00-05:00,35.48471488965252,35.48471488965252,34.52567043285519,35.101097106933594,676400,0.0,0.0
2012-12-28 00:00:00-05:00,34.850912573875945,35.1177774014343,34.60906532975128,34.84257125854492,372600,0.0,0.0
2012-12-31 00:00:00-05:00,34.87592096930007,35.45134750563757,34.692450255708906,35.39297103881836,587500,0.0,0.0
2013-01-02 00:00:00-05:00,36.43541526677874,36.58552710182964,35.9016857116107,36.26862716674805,471200,0.0,0.0
2013-01-03 00:00:00-05:00,36.251951015491976,36.96915136341628,35.97674489912501,36.71062469482422,563200,0.0,0.0
2013-01-04 00:00:00-05:00,36.8273808674964,37.61129589377247,36.718966038121316,37.41948699951172,537000,0.0,0.0
2013-01-07 00:00:00-05:00,37.252691114765675,37.31940890350666,36.760661738557594,37.14427947998047,514600,0.0,0.0
2013-01-08 00:00:00-05:00,37.02752937257719,37.386129561381985,36.977491027181344,37.22767639160156,438100,0.0,0.0
2013-01-09 00:00:00-05:00,37.394467658797524,37.49454116821289,37.19431745868728,37.49454116821289,394000,0.0,0.0
2013-01-10 00:00:00-05:00,37.63631121187283,37.92819357801371,37.511216951367196,37.703025817871094,880500,0.0,0.0
2013-01-11 00:00:00-05:00,37.711371039321094,38.18672418844871,37.53623842021129,38.178382873535156,505100,0.0,0.0
2013-01-14 00:00:00-05:00,38.07830506310337,38.86221996862985,38.07830506310337,38.8538818359375,815600,0.0,0.0
2013-01-15 00:00:00-05:00,38.67040399891597,39.05402483914294,38.56199238743832,38.94561004638672,941600,0.0,0.0
2013-01-16 00:00:00-05:00,38.878901804299936,38.987316623637255,38.7037723754869,38.81218719482422,515200,0.0,0.0
2013-01-17 00:00:00-05:00,38.95396021011383,39.42097523131598,38.8705661476361,39.27920150756836,441600,0.0,0.0
2013-01-18 00:00:00-05:00,39.120750559228505,39.370935921820276,38.67875631260707,39.32923889160156,588800,0.0,0.0
2013-01-22 00:00:00-05:00,39.18747340223609,39.53773231874246,39.129093734871795,39.39596176147461,487800,0.0,0.0
2013-01-23 00:00:00-05:00,39.287541230615595,39.44599121541456,39.1374293792147,39.29587936401367,583700,0.0,0.0
2013-01-24 00:00:00-05:00,39.496028387121726,40.029757984578076,39.496028387121726,39.93802261352539,757000,0.0,0.0
2013-01-25 00:00:00-05:00,40.07145293387518,40.12982940673828,39.72119409669657,40.12982940673828,404700,0.0,0.0
2013-01-28 00:00:00-05:00,40.213231517028234,40.58850797915013,40.121496139610144,40.521793365478516,732500,0.0,0.0
2013-01-29 00:00:00-05:00,40.488426208496094,40.64687934854143,40.296617359059184,40.488426208496094,1195500,0.0,0.0
2013-01-30 00:00:00-05:00,41.347407431146046,43.27383757823619,41.347407431146046,43.18210220336914,2783200,0.0,0.0
2013-01-31 00:00:00-05:00,43.165423422701735,43.165423422701735,42.439884908600185,42.9485969543457,1913400,0.0,0.0
2013-02-01 00:00:00-05:00,42.88186671858388,43.674122796950016,42.840169699991684,43.590728759765625,1597000,0.0,0.0
2013-02-04 00:00:00-05:00,43.265494029675295,43.33220863314173,42.531614303869986,42.93191146850586,924700,0.0,0.0
2013-02-05 00:00:00-05:00,43.190428955597824,43.78253485392504,43.090352299696974,43.4823112487793,667200,0.0,0.0
2013-02-06 00:00:00-05:00,43.21546054591093,44.0911108907518,43.21546054591093,43.85760498046875,845500,0.0,0.0
2013-02-07 00:00:00-05:00,43.94934224201991,43.95768037576843,42.281435539713875,42.981956481933594,1204800,0.0,0.0
2013-02-08 00:00:00-05:00,42.84852229135645,43.45730783063127,42.8151633951903,43.323875427246094,646800,0.0,0.0
2013-02-11 00:00:00-05:00,43.37391656564414,43.699161076152436,43.04867523641572,43.607425689697266,676500,0.0,0.0
2013-02-12 00:00:00-05:00,43.607407904087374,43.80755486446732,43.45729609316312,43.707481384277344,515200,0.0,0.0
2013-02-13 00:00:00-05:00,43.80756219181566,43.94099458148001,43.540697412486956,43.824241638183594,669500,0.0,0.0
2013-02-14 00:00:00-05:00,43.57405677698067,43.974353950307574,43.49066272551725,43.915977478027344,525500,0.0,0.0
2013-02-15 00:00:00-05:00,44.382986064298194,45.77568624768094,43.97434763573659,45.64225387573242,1433900,0.0,0.0
2013-02-19 00:00:00-05:00,45.60056101974076,47.26846741203185,45.47546676780734,46.826473236083984,1369800,0.0,0.0
2013-02-20 00:00:00-05:00,46.70138439810046,47.06832270168211,46.43451959889938,46.54293441772461,1144200,0.0,0.0
2013-02-21 00:00:00-05:00,46.29274568672412,46.32610458180132,44.71657447903884,45.091854095458984,1149700,0.0,0.0
2013-02-22 00:00:00-05:00,45.417093731569466,45.925805728675435,45.400414284632305,45.90912628173828,651700,0.0,0.0
2013-02-25 00:00:00-05:00,46.06757588896284,46.41783470382917,44.71656942261823,44.724910736083984,772600,0.0,0.0
2013-02-26 00:00:00-05:00,44.94174832216335,45.19193370649286,44.24956865280905,44.8416748046875,766700,0.0,0.0
2013-02-27 00:00:00-05:00,44.85000729611012,46.06758152754205,44.7749513721265,45.71731948852539,644400,0.0,0.0
2013-02-28 00:00:00-05:00,45.625583178629185,45.86743039330089,45.45045375336179,45.53384780883789,810700,0.0,0.0
2013-03-01 00:00:00-05:00,45.258651505663266,45.41710150677334,44.341300854748724,44.8416748046875,904000,0.0,0.0
2013-03-04 00:00:00-05:00,44.79162200931419,45.10852509060793,44.38298675566583,44.849998474121094,609200,0.0,0.0
2013-03-05 00:00:00-05:00,45.30034140914467,46.21768873438723,45.30034140914467,45.94248580932617,450400,0.0,0.0
2013-03-06 00:00:00-05:00,46.12594970608698,46.40115259033354,45.95081712744412,46.184326171875,362100,0.0,0.0
2013-03-07 00:00:00-05:00,46.10928508968536,46.65969421646342,45.784043766763745,46.56795883178711,422800,0.0,0.0
2013-03-08 00:00:00-05:00,46.893194619234045,47.51032147339377,46.82648000815916,47.38522720336914,488900,0.0,0.0
2013-03-11 00:00:00-04:00,47.28515320274519,47.64375337970946,47.093344323647,47.56035614013672,403500,0.0,0.0
2013-03-12 00:00:00-04:00,47.3852187815958,47.70212187639678,46.834809817614556,47.41023635864258,288100,0.0,0.0
2013-03-13 00:00:00-04:00,47.410245713750335,47.860581277126926,47.176739798494104,47.56869888305664,359800,0.0,0.0
2013-03-14 00:00:00-04:00,47.735492536865635,47.80220715253327,47.28515695131038,47.79386901855469,399200,0.0,0.0
2013-03-15 00:00:00-04:00,47.61873404702326,47.80220479831287,47.051645526018554,47.56869888305664,645400,0.0,0.0
2013-03-18 00:00:00-04:00,46.70138994115265,47.54368146711393,46.31777214442888,46.73474884033203,1054100,0.0,0.0
2013-03-19 00:00:00-04:00,47.00995214956896,47.30183774760618,46.434525450270044,46.61799621582031,679400,0.0,0.0
2013-03-20 00:00:00-04:00,47.01828948201151,47.81054577917004,46.86817762860129,47.68545150756836,662000,0.0,0.0
2013-03-21 00:00:00-04:00,47.28515257769463,47.443602558869216,45.675622459929905,45.71731948852539,951600,0.0,0.0
2013-03-22 00:00:00-04:00,45.98417792239243,46.40949582650588,45.825727963155835,46.3177604675293,469000,0.0,0.0
2013-03-25 00:00:00-04:00,46.476214717187865,47.051641320326226,46.30108529639956,46.709720611572266,410400,0.0,0.0
2013-03-26 00:00:00-04:00,46.88485192844835,47.31850799276015,46.85983116810787,47.11001968383789,469200,0.0,0.0
2013-03-27 00:00:00-04:00,46.70139084677269,47.0182940325627,46.22603765872756,46.951576232910156,411300,0.0,0.0
2013-03-28 00:00:00-04:00,47.00994853087661,47.37689003373104,46.70972482173372,47.30183410644531,501500,0.0,0.0
2013-04-01 00:00:00-04:00,47.268475209589546,47.37689003373104,46.87651612473305,47.30183410644531,568400,0.0,0.0
2013-04-02 00:00:00-04:00,47.485294480738645,47.56869171024016,46.150970621504584,46.359458923339844,355100,0.0,0.0
2013-04-03 00:00:00-04:00,46.30942687446807,46.434521145068665,45.28366467189336,45.55052947998047,576600,0.0,0.0
2013-04-04 00:00:00-04:00,45.65894189324082,45.9591655818175,45.375397651949434,45.82573318481445,459800,0.0,0.0
2013-04-05 00:00:00-04:00,44.891705691172646,44.94174085095274,43.26549619145573,44.51642608642578,800600,0.0,0.0
2013-04-08 00:00:00-04:00,44.52476481871025,45.20026811634856,44.4246913165236,45.11687088012695,287300,0.0,0.0
2013-04-09 00:00:00-04:00,44.991787814833586,45.25031133998889,44.3913403321609,44.73326110839844,366600,0.0,0.0
2013-04-10 00:00:00-04:00,44.94174169043074,46.351124767775254,44.94174169043074,46.30108642578125,519000,0.0,0.0
2013-04-11 00:00:00-04:00,46.40116400461422,46.77644364933758,46.03422567492892,46.71806716918945,360100,0.0,0.0
2013-04-12 00:00:00-04:00,46.51791111951897,46.668022958545414,46.167652282643374,46.37614059448242,464700,0.0,0.0
2013-04-15 00:00:00-04:00,46.050904375583634,46.1176189884064,43.97435916270294,44.19118881225586,617600,0.0,0.0
2013-04-16 00:00:00-04:00,44.64151192216878,44.82498263655087,44.19117963066187,44.7415885925293,531200,0.0,0.0
2013-04-17 00:00:00-04:00,44.29960580756422,44.29960580756422,42.9402639919437,43.22380828857422,793900,0.0,0.0
2013-04-18 00:00:00-04:00,43.340556843339726,43.50734496918514,42.53995920539566,42.95693588256836,997300,0.0,0.0
2013-04-19 00:00:00-04:00,46.901534089162226,48.16080214816521,44.3079388670702,44.67487716674805,2099200,0.0,0.0
2013-04-22 00:00:00-04:00,44.9750991139424,44.9750991139424,43.290513163932474,44.21620178222656,992500,0.0,0.0
2013-04-23 00:00:00-04:00,44.791629171940805,45.20860580511385,44.249561457583404,44.45804977416992,779500,0.0,0.0
2013-04-24 00:00:00-04:00,44.49140935883466,44.541447704430446,42.481581939290244,42.9485969543457,1122300,0.0,0.0
2013-04-25 00:00:00-04:00,43.06534401216302,44.1161268567442,42.831838127269016,43.64077377319336,932200,0.0,0.0
2013-04-26 00:00:00-04:00,43.540702357136496,43.674134761953944,43.190443487470496,43.415611267089844,488600,0.0,0.0
2013-04-29 00:00:00-04:00,43.69915261830851,44.016052570371464,43.23213764187152,43.89929962158203,621200,0.0,0.0
2013-04-30 00:00:00-04:00,43.95767859238603,44.33295822143555,43.76586971115616,44.33295822143555,642900,0.0,0.0
2013-05-01 00:00:00-04:00,43.85760445497942,44.099451677034516,42.723427450714965,42.75678634643555,787600,0.0,0.0
2013-05-02 00:00:00-04:00,42.91523663188441,43.22380164755707,42.58165721616398,42.906898498535156,754700,0.0,0.0
2013-05-03 00:00:00-04:00,43.632436875517044,44.90004628704178,43.557380950450465,43.97435760498047,605500,0.0,0.0
2013-05-06 00:00:00-04:00,44.066089933119976,44.5748019255005,43.85760162026102,44.48306655883789,336700,0.0,0.0
2013-05-07 00:00:00-04:00,44.62483862470515,45.26698303222656,44.59982104430798,45.26698303222656,462000,0.0,0.0
2013-05-08 00:00:00-04:00,45.125215476174496,45.69230399860655,45.04181823388772,45.5255126953125,439800,0.0,0.0
2013-05-09 00:00:00-04:00,45.734000528629736,45.91747127837336,45.40875924046929,45.70064163208008,531100,0.0,0.0
2013-05-10 00:00:00-04:00,45.700637785094315,46.55961180190415,45.700637785094315,46.5012321472168,386500,0.0,0.0
2013-05-13 00:00:00-04:00,46.417831056903225,46.417831056903225,45.65893383637176,46.0008544921875,413000,0.0,0.0
2013-05-14 00:00:00-04:00,45.94248018178556,47.45193656209237,45.94248018178556,47.41023635864258,710600,0.0,0.0
2013-05-15 00:00:00-04:00,47.026635236893725,47.89394760131836,46.918220396020644,47.89394760131836,553200,0.0,0.0
2013-05-16 00:00:00-04:00,47.67710890434783,48.06906797557991,47.30183246224326,47.85224151611328,611900,0.0,0.0
2013-05-17 00:00:00-04:00,48.11076383698716,48.68619363930426,48.11076383698716,48.494384765625,432600,0.0,0.0
2013-05-20 00:00:00-04:00,48.2692225947885,48.744575767571845,48.0523929341591,48.18582534790039,322800,0.0,0.0
2013-05-21 00:00:00-04:00,48.25253754961577,48.65283474441761,47.893937382782575,48.494384765625,508500,0.0,0.0
2013-05-22 00:00:00-04:00,48.53608623798462,49.19491015656674,48.16914472318972,48.56110382080078,979900,0.0,0.0
2013-05-23 00:00:00-04:00,48.002360738227225,48.1274518443819,47.49364863520386,47.7021369934082,698100,0.0,0.0
2013-05-24 00:00:00-04:00,47.2934904271103,47.56035522605528,46.743081381626375,47.076663970947266,370600,0.0,0.0
2013-05-28 00:00:00-04:00,47.78552118115881,48.0106889432038,47.426921024710786,47.95231246948242,340100,0.0,0.0
2013-05-29 00:00:00-04:00,47.86058053840583,48.03570997214491,46.85983591788626,47.05998611450195,404700,0.0,0.0
2013-05-30 00:00:00-04:00,47.16088674014468,47.52243417525709,46.70684997873482,47.38790512084961,352400,0.46,0.0
2013-05-31 00:00:00-04:00,47.043168836461845,48.32119631083214,46.88341339752475,48.15303421020508,779700,0.0,0.0
2013-06-03 00:00:00-04:00,48.38845408102108,48.38845408102108,46.57231064371229,47.850337982177734,572700,0.0,0.0
2013-06-04 00:00:00-04:00,47.85875166561385,48.15303615545583,46.656400135008056,47.0179443359375,286000,0.0,0.0
2013-06-05 00:00:00-04:00,46.8161575500444,46.8161575500444,45.58016961236478,46.03420639038086,344500,0.0,0.0
2013-06-06 00:00:00-04:00,45.93330531829832,47.0179443359375,45.93330531829832,47.0179443359375,279700,0.0,0.0
2013-06-07 00:00:00-04:00,47.337454838375194,48.04373316566125,46.807745291054246,47.9176139831543,345800,0.0,0.0
2013-06-10 00:00:00-04:00,48.077357992776406,48.09417452238102,47.093611859169776,47.673770904541016,237100,0.0,0.0
2013-06-11 00:00:00-04:00,46.858195664192095,47.37949535018669,46.46301516279221,46.47983169555664,442500,0.0,0.0
2013-06-12 00:00:00-04:00,47.02635537400023,47.03476203623872,45.64743183225275,45.76514434814453,357100,0.0,0.0
2013-06-13 00:00:00-04:00,45.79036787304225,47.65696123116777,45.529719645234984,47.48039245605469,490700,0.0,0.0
2013-06-14 00:00:00-04:00,44.8738806810705,47.51401485325873,44.8738806810705,46.97589874267578,355000,0.0,0.0
2013-06-17 00:00:00-04:00,47.37948342640031,47.53923884374459,46.82455081453432,47.09360885620117,327000,0.0,0.0
2013-06-18 00:00:00-04:00,47.27858944599344,47.858745271283276,46.959081805326214,47.77466583251953,242500,0.0,0.0
2013-06-19 00:00:00-04:00,47.67376951211597,47.67376951211597,46.75728952369573,47.236549377441406,348800,0.0,0.0
2013-06-20 00:00:00-04:00,46.48823709595511,46.54709335125893,45.55494046552972,45.72310256958008,321800,0.0,0.0
2013-06-21 00:00:00-04:00,46.06782737732316,46.16031668275115,44.87387948236403,46.109867095947266,717100,0.0,0.0
2013-06-24 00:00:00-04:00,45.38678132279178,45.68947248834678,44.70572620029303,45.39519119262695,420000,0.0,0.0
2013-06-25 00:00:00-04:00,45.76513918898742,45.975341002933746,45.24383958847958,45.78195571899414,248700,0.0,0.0
2013-06-26 00:00:00-04:00,46.30325909424929,46.479827862576464,45.68106347040345,46.10146713256836,220600,0.0,0.0
2013-06-27 00:00:00-04:00,46.420971322134314,47.48879700238369,46.420971322134314,46.84978485107422,345800,0.0,0.0
2013-06-28 00:00:00-04:00,46.71524816432963,46.71524816432963,46.059416381633284,46.07623291015625,714300,0.0,0.0
2013-07-01 00:00:00-04:00,46.29484544129711,46.79932847674296,46.00056099776628,46.723655700683594,1149600,0.0,0.0
2013-07-02 00:00:00-04:00,46.790923707133594,47.059981764568924,46.05101244547392,46.496639251708984,549700,0.0,0.0
2013-07-03 00:00:00-04:00,45.344740516551866,46.16873133237949,45.06727255225583,45.95012283325195,617300,0.0,0.0
2013-07-05 00:00:00-04:00,46.790927069476844,47.98487188421351,46.75729400802433,47.749446868896484,797500,0.0,0.0
2013-07-08 00:00:00-04:00,48.02691150173908,48.934984914409014,47.84193607900745,48.766822814941406,715900,0.0,0.0
2013-07-09 00:00:00-04:00,48.943392505750424,50.170970402559604,48.91816931294999,49.68330383300781,439700,0.0,0.0
2013-07-10 00:00:00-04:00,49.78420066329476,50.03644221789013,49.60763189582054,50.0112190246582,409700,0.0,0.0
2013-07-11 00:00:00-04:00,50.397990180341324,50.742721057172034,50.17097181646372,50.25505447387695,496100,0.0,0.0
2013-07-12 00:00:00-04:00,50.25505454302563,50.549335825813316,50.078485773353016,50.389583587646484,394100,0.0,0.0
2013-07-15 00:00:00-04:00,50.532517456192814,50.87724832095831,50.08689061348811,50.751129150390625,508800,0.0,0.0
2013-07-16 00:00:00-04:00,50.84361918237348,50.877249037209786,50.33913287072464,50.35594940185547,322500,0.0,0.0
2013-07-17 00:00:00-04:00,50.751131562473184,51.21357495805083,50.53251985788527,51.01177978515625,503100,0.0,0.0
2013-07-18 00:00:00-04:00,51.17994497936133,52.1132416963273,50.84362394750037,51.99552917480469,789300,0.0,0.0
2013-07-19 00:00:00-04:00,53.567823064845214,55.661431084229996,52.710199382021116,55.23262405395508,1709500,0.0,0.0
2013-07-22 00:00:00-04:00,54.69452743031025,55.44284555093132,53.48376264420346,55.40080261230469,1756400,0.0,0.0
2013-07-23 00:00:00-04:00,55.66143551819632,56.20796149534591,55.19899539510823,55.476463317871094,589300,0.0,0.0
2013-07-24 00:00:00-04:00,55.7623335065633,56.51906127305019,55.560541573783425,56.006168365478516,1149200,0.0,0.0
2013-07-25 00:00:00-04:00,55.66143801103143,56.14069789233581,55.114918424255606,56.115474700927734,806600,0.0,0.0
2013-07-26 00:00:00-04:00,55.4848655897098,56.19955043006134,55.333520036412416,56.006168365478516,453700,0.0,0.0
2013-07-29 00:00:00-04:00,55.81278538362896,56.19115251156667,54.652473637291116,55.29989242553711,394400,0.0,0.0
2013-07-30 00:00:00-04:00,55.5269221784692,56.24160719467189,55.37557658793263,55.54373550415039,423500,0.0,0.0
2013-07-31 00:00:00-04:00,55.888472033366185,56.82176881280615,55.72030669504039,56.224796295166016,570100,0.0,0.0
2013-08-01 00:00:00-04:00,56.83857024484242,58.764019665492675,56.80493718421551,57.990478515625,1091600,0.0,0.0
2013-08-02 00:00:00-04:00,57.553265523319745,57.95685590878861,56.804947430234066,57.84755325317383,420000,0.0,0.0
2013-08-05 00:00:00-04:00,57.729824251791634,57.99888229370117,57.393500095692275,57.99888229370117,556200,0.0,0.0
2013-08-06 00:00:00-04:00,57.460765636853864,57.460765636853864,56.29204404709757,56.81334686279297,536000,0.0,0.0
2013-08-07 00:00:00-04:00,56.47702493564287,56.720859823004375,55.75393014273653,56.35090255737305,354500,0.0,0.0
2013-08-08 00:00:00-04:00,57.057189775062135,57.86436409651781,56.85539779841103,57.24216842651367,437400,0.0,0.0
2013-08-09 00:00:00-04:00,57.16648577816937,57.51121984575879,56.9394706326926,57.006736755371094,371300,0.0,0.0
2013-08-12 00:00:00-04:00,56.54428729825203,57.94003040585743,56.443388119377474,57.7886848449707,599900,0.0,0.0
2013-08-13 00:00:00-04:00,57.82233000634353,57.94845241661268,56.72087421402091,57.9232292175293,537100,0.0,0.0
2013-08-14 00:00:00-04:00,57.755048602700555,58.015696781867135,57.43553776129651,57.88116455078125,345000,0.0,0.0
2013-08-15 00:00:00-04:00,57.17490298381905,57.48600402998927,55.88005882293275,56.12389373779297,342700,0.0,0.0
2013-08-16 00:00:00-04:00,55.98935346496458,57.057182298473165,55.81278470667546,56.603145599365234,411400,0.0,0.0
2013-08-19 00:00:00-04:00,56.53587742148225,56.6283667317247,55.77914961715771,55.86323547363281,300000,0.0,0.0
2013-08-20 00:00:00-04:00,55.93891129325735,56.737682115017016,55.821198778867654,56.50225067138672,501700,0.0,0.0
2013-08-21 00:00:00-04:00,56.16593576182518,56.2163821520631,55.392388094020056,55.45124435424805,352000,0.0,0.0
2013-08-22 00:00:00-04:00,55.493286064754315,56.56951846508852,55.493286064754315,56.40135955810547,475100,0.0,0.0
2013-08-23 00:00:00-04:00,56.771305882159446,56.97310425217188,56.01458444658992,56.342498779296875,332200,0.0,0.0
2013-08-26 00:00:00-04:00,56.33409429694497,56.84698731044853,56.03140312783299,56.275238037109375,544800,0.0,0.0
2013-08-27 00:00:00-04:00,55.341934471602315,55.350344340493365,54.44227094577199,54.517940521240234,526500,0.0,0.0
2013-08-28 00:00:00-04:00,54.49271661368109,55.18217831213221,54.18162203215274,54.98879623413086,345300,0.0,0.0
2013-08-29 00:00:00-04:00,54.72813898879395,55.89686692877847,54.627246227680196,55.476463317871094,333700,0.0,0.0
2013-08-30 00:00:00-04:00,55.459648541590056,55.71189329663599,54.32455997358455,54.52635192871094,456300,0.0,0.0
2013-09-03 00:00:00-04:00,55.341927251224575,56.552691619553144,55.21580489371542,56.039798736572266,1073300,0.0,0.0
2013-09-04 00:00:00-04:00,56.01458444658992,56.737679235341304,55.77074956062951,56.342498779296875,476900,0.0,0.0
2013-09-05 00:00:00-04:00,56.250022411570555,56.956297624639234,56.123900004993416,56.65360641479492,367000,0.0,0.0
2013-09-06 00:00:00-04:00,56.79653399637435,58.6294941126034,55.94731685240367,58.15023422241211,591100,0.0,0.0
2013-09-09 00:00:00-04:00,58.25953600086541,60.24384165397777,58.19226988028695,60.126129150390625,577600,0.0,0.0
2013-09-10 00:00:00-04:00,60.90809295394022,61.94228251193334,60.42042309959547,61.90864944458008,753800,0.0,0.0
2013-09-11 00:00:00-04:00,61.572319230949276,65.00280801872913,61.362117413359435,62.2197380065918,1153800,0.0,0.0
2013-09-12 00:00:00-04:00,62.24496587692745,62.55606689969025,61.63118011574656,62.09362030029297,448700,0.0,0.0
2013-09-13 00:00:00-04:00,62.41312509473069,62.6569535525715,61.479828532477086,62.02634811401367,282000,0.0,0.0
2013-09-16 00:00:00-04:00,63.2707512403036,63.2707512403036,62.27018847026282,62.37949752807617,419600,0.0,0.0
2013-09-17 00:00:00-04:00,62.64013063029373,63.396858323562434,62.497194959023325,63.21187973022461,629700,0.0,0.0
2013-09-18 00:00:00-04:00,63.060550980458494,63.329609074714405,62.345866018983486,63.144630432128906,722800,0.0,0.0
2013-09-19 00:00:00-04:00,63.32961149416815,63.72479198845271,62.60651663544559,62.6485595703125,683600,0.0,0.0
2013-09-20 00:00:00-04:00,62.471981156120535,62.976464222465545,61.83296585083008,61.83296585083008,955100,0.0,0.0
2013-09-23 00:00:00-04:00,61.832976812895424,61.832976812895424,60.47927638905444,61.13510513305664,839600,0.0,0.0
2013-09-24 00:00:00-04:00,61.143489339820626,61.732051705391214,61.126669606605084,61.35369110107422,707600,0.0,0.0
2013-09-25 00:00:00-04:00,61.58073657367948,61.765715241254085,61.00058378838403,61.193965911865234,625200,0.0,0.0
2013-09-26 00:00:00-04:00,61.378937762103064,61.79934144540514,60.71469917270365,61.14351272583008,530100,0.0,0.0
2013-09-27 00:00:00-04:00,60.731514445671834,61.563911881230474,60.52971607383589,61.4630126953125,441900,0.0,0.0
2013-09-30 00:00:00-04:00,60.739912849857035,61.42097107218867,60.319509232428906,61.160316467285156,424800,0.0,0.0
2013-10-01 00:00:00-04:00,60.96692964009791,61.71524750756235,60.81558409303489,61.471412658691406,1259000,0.0,0.0
2013-10-02 00:00:00-04:00,62.28700991712473,63.338019102761216,61.841383048791016,62.959651947021484,1319300,0.0,0.0
2013-10-03 00:00:00-04:00,62.91761369028051,63.06054939601395,61.88341785765152,62.833534240722656,815000,0.0,0.0
2013-10-04 00:00:00-04:00,62.732634068990684,63.68274402231776,62.455166116433425,63.52299499511719,433300,0.0,0.0
2013-10-07 00:00:00-04:00,62.505625284822365,63.07737463056746,62.37950929409714,62.38791275024414,363000,0.0,0.0
2013-10-08 00:00:00-04:00,62.42153136758667,62.60650999762687,61.09306072564898,61.429378509521484,541400,0.0,0.0
2013-10-09 00:00:00-04:00,61.177138436209844,61.4714196961757,60.44563380585155,60.7735481262207,690200,0.0,0.0
2013-10-10 00:00:00-04:00,61.78251373105958,62.94282531738281,61.78251373105958,62.94282531738281,554900,0.0,0.0
2013-10-11 00:00:00-04:00,63.060551290165826,65.01122408681425,62.85034945253194,64.93555450439453,726800,0.0,0.0
2013-10-14 00:00:00-04:00,64.48153151452325,64.67491365406414,63.565047971298,64.4731216430664,670300,0.0,0.0
2013-10-15 00:00:00-04:00,64.36382341422238,64.57402531117954,63.859333729642955,64.26292419433594,554900,0.0,0.0
2013-10-16 00:00:00-04:00,65.0364529376168,65.54093610884625,64.25450177701309,65.33073425292969,539400,0.0,0.0
2013-10-17 00:00:00-04:00,64.99441204490809,65.80158634756849,64.95236911061124,65.54093170166016,1042700,0.0,0.0
2013-10-18 00:00:00-04:00,66.09584768191385,66.86097881920513,65.40638610568305,66.68441009521484,1206700,0.0,0.0
2013-10-21 00:00:00-04:00,68.54260636220783,68.70236179750538,64.48991554580803,65.78475952148438,1946300,0.0,0.0
2013-10-22 00:00:00-04:00,66.38174251959164,67.84475203314,66.32288625742716,67.54206085205078,963200,0.0,0.0
2013-10-23 00:00:00-04:00,67.40753000600904,67.55887559973922,65.01123011765736,65.38118743896484,861100,0.0,0.0
2013-10-24 00:00:00-04:00,65.65862888540883,66.23878788598412,64.88508782787486,66.179931640625,782800,0.0,0.0
2013-10-25 00:00:00-04:00,66.44058804220263,66.49104084079654,65.81839245491473,66.42377471923828,490600,0.0,0.0
2013-10-28 00:00:00-04:00,66.45741244518835,66.45741244518835,65.17097825062103,65.91929626464844,397800,0.0,0.0
2013-10-29 00:00:00-04:00,65.91929289726656,66.68442419635308,65.85202677442254,66.27243041992188,481100,0.0,0.0
2013-10-30 00:00:00-04:00,66.53307254728674,66.67601464898024,64.58240006702508,65.18778228759766,523700,0.0,0.0
2013-10-31 00:00:00-04:00,65.33072140695629,66.10426895991387,64.56559013759046,65.66704559326172,638000,0.0,0.0
2013-11-01 00:00:00-04:00,65.74272315997408,67.1300500376463,65.66704716918534,67.03756713867188,664400,0.0,0.0
2013-11-04 00:00:00-05:00,67.26456985729735,68.59304665154279,66.42376273408114,68.47533416748047,1036200,0.0,0.0
2013-11-05 00:00:00-05:00,67.81111314388986,68.10539442944196,66.93667274192725,67.6345443725586,804400,0.0,0.0
2013-11-06 00:00:00-05:00,68.24833217735834,68.81167157151759,66.83577554963665,67.08802032470703,483200,0.0,0.0
2013-11-07 00:00:00-05:00,67.2057329454667,67.26458920442654,65.06167159863517,65.34754943847656,661500,0.0,0.0
2013-11-08 00:00:00-05:00,65.54933965380188,67.26458740234375,65.17097891560407,67.26458740234375,543200,0.0,0.0
2013-11-11 00:00:00-05:00,66.93665744473422,67.89517707853739,66.93665744473422,67.85313415527344,534000,0.0,0.0
2013-11-12 00:00:00-05:00,67.82793464267463,68.1390357048095,67.3066381353994,67.87838745117188,635300,0.0,0.0
2013-11-13 00:00:00-05:00,67.58410326381176,69.16482543945312,67.31504512548906,69.16482543945312,629100,0.0,0.0
2013-11-14 00:00:00-05:00,69.27410602441606,69.34978200959046,68.78643629949207,69.03868103027344,483100,0.0,0.0
2013-11-15 00:00:00-05:00,69.04711239489049,69.29935078935075,67.97928330563427,68.92098999023438,402100,0.0,0.0
2013-11-18 00:00:00-05:00,68.92096282362309,69.10594142222536,67.72701821518048,67.85313415527344,563500,0.0,0.0
2013-11-19 00:00:00-05:00,67.90360348543382,68.42489993772202,66.81896123250205,66.94508361816406,423400,0.0,0.0
2013-11-20 00:00:00-05:00,66.9955258009222,67.14687137124587,66.26402114188262,66.44058990478516,316100,0.0,0.0
2013-11-21 00:00:00-05:00,66.77691622891098,67.71862274249665,66.70124664877012,67.07119750976562,422500,0.0,0.0
2013-11-22 00:00:00-05:00,67.17208894339983,67.95403992216966,66.91144075542657,67.78588104248047,701600,0.0,0.0
2013-11-25 00:00:00-05:00,68.0969721055967,68.29036058064823,67.60089894565759,67.79428100585938,300400,0.0,0.0
2013-11-26 00:00:00-05:00,67.77746768469608,68.02130253808724,66.68441577843909,67.79428100585938,400700,0.0,0.0
2013-11-27 00:00:00-05:00,68.04652385547239,68.08015691172358,67.22253001444234,67.7774658203125,531900,0.0,0.0
2013-11-29 00:00:00-05:00,67.98887911645696,68.23411340520387,67.56606271206563,67.5914306640625,256800,0.46,0.0
2013-12-02 00:00:00-05:00,67.5914306640625,68.51316732883573,66.77962394183113,67.5914306640625,371200,0.0,0.0
2013-12-03 00:00:00-05:00,67.41384633778446,67.71827465509672,66.9064679594861,66.94874572753906,493200,0.0,0.0
2013-12-04 00:00:00-05:00,66.62740966669683,68.42860522379004,66.26378730146209,67.74364471435547,912600,0.0,0.0
2013-12-05 00:00:00-05:00,67.74367046331909,68.36097903439962,67.0502515557799,67.75212860107422,550500,0.0,0.0
2013-12-06 00:00:00-05:00,68.87679336718917,69.03746567395814,68.132638778382,68.5469970703125,669200,0.0,0.0
2013-12-09 00:00:00-05:00,68.96982420524199,69.72243704590235,68.61465989987438,68.80915832519531,1091200,0.0,0.0
2013-12-10 00:00:00-05:00,68.68229961668199,70.1198728497744,68.59773762385299,68.69075775146484,939500,0.0,0.0
2013-12-11 00:00:00-05:00,68.80070814269303,69.46875905240186,68.45399548189404,68.5047378540039,1204300,0.0,0.0
2013-12-12 00:00:00-05:00,68.49626605215543,69.51102296855754,68.44553014183546,69.07129669189453,1083700,0.0,0.0
2013-12-13 00:00:00-05:00,69.358796025737,69.78161240506199,68.80068175989432,69.53638458251953,687100,0.0,0.0
2013-12-16 00:00:00-05:00,70.44123297145408,71.02471536666854,70.11988829558591,70.52579498291016,1036600,0.0,0.0
2013-12-17 00:00:00-05:00,70.48349682399291,71.01624964906466,69.66323192644853,70.99087524414062,595800,0.0,0.0
2013-12-18 00:00:00-05:00,71.10927919097003,71.27840966986187,69.55331749517352,71.19384765625,734600,0.0,0.0
2013-12-19 00:00:00-05:00,70.8894196448856,71.01626589185138,70.14525843690942,70.61035919189453,615000,0.0,0.0
2013-12-20 00:00:00-05:00,69.80700325613684,72.40309617885381,69.80700325613684,71.98873138427734,981200,0.0,0.0
2013-12-23 00:00:00-05:00,72.26778896966529,72.58912715844666,71.96336060064411,72.38617706298828,483300,0.0,0.0
2013-12-24 00:00:00-05:00,72.36926662617178,73.09651145133628,72.34389867091419,72.8681869506836,157200,0.0,0.0
2013-12-26 00:00:00-05:00,73.31637426703567,73.7053711019418,72.783627830535,73.28255462646484,305900,0.0,0.0
2013-12-27 00:00:00-05:00,73.49395458825751,73.49395458825751,72.89354958322282,73.07958984375,296500,0.0,0.0
2013-12-30 00:00:00-05:00,73.15570501349204,73.60388942452346,72.91047069484583,73.19798278808594,556600,0.0,0.0
2013-12-31 00:00:00-05:00,73.31636949031127,73.47704180505794,72.4453686398432,72.60604095458984,479100,0.0,0.0
2014-01-02 00:00:00-05:00,71.8872543234623,72.58067304038605,71.38832755976088,72.32698059082031,679100,0.0,0.0
2014-01-03 00:00:00-05:00,72.39462026220225,72.88508880572786,72.14092785647082,72.48764038085938,314900,0.0,0.0
2014-01-06 00:00:00-05:00,73.24025828715973,73.3586463645831,71.84496285847992,71.87033081054688,456400,0.0,0.0
2014-01-07 00:00:00-05:00,72.05635278068819,73.36708588605863,71.83648649911034,72.87661743164062,611800,0.0,0.0
2014-01-08 00:00:00-05:00,72.85128233747282,73.07960040277537,71.96336512999792,72.80899810791016,610800,0.0,0.0
2014-01-09 00:00:00-05:00,72.90202060211892,73.40094743004069,72.07330386997933,72.74134826660156,678900,0.0,0.0
2014-01-10 00:00:00-05:00,72.57221290328188,72.96120325066448,72.14093833158228,72.21704864501953,829200,0.0,0.0
2014-01-13 00:00:00-05:00,71.98872535229897,72.6821440616165,71.10926637556288,71.2530288696289,888300,0.0,0.0
2014-01-14 00:00:00-05:00,71.64201343466047,72.13248201792099,71.35449492142739,71.79422760009766,1045100,0.0,0.0
2014-01-15 00:00:00-05:00,72.03945305515349,73.4432000071829,71.7519345771883,73.34172821044922,776900,0.0,0.0
2014-01-16 00:00:00-05:00,73.2318201299417,73.51088058213755,72.69061549932022,72.85128784179688,662900,0.0,0.0
2014-01-17 00:00:00-05:00,72.87664592792387,73.13033838676385,72.27624732378095,72.36080932617188,519700,0.0,0.0
2014-01-21 00:00:00-05:00,73.00348443888352,73.05422034462046,72.13248364817788,72.63986206054688,554500,0.0,0.0
2014-01-22 00:00:00-05:00,72.91047873863768,72.98658261230307,72.318531764013,72.74134826660156,517200,0.0,0.0
2014-01-23 00:00:00-05:00,71.94643633597988,72.0309983211375,70.85556930794854,71.32066345214844,586200,0.0,0.0
2014-01-24 00:00:00-05:00,70.80485351718252,70.80485351718252,67.75211788879305,67.76902770996094,774500,0.0,0.0
2014-01-27 00:00:00-05:00,67.87048870610424,68.24256274204431,66.07774489051626,66.8218994140625,683200,0.0,0.0
2014-01-28 00:00:00-05:00,67.23627559969489,68.62311307904503,67.23627559969489,68.15801239013672,847000,0.0,0.0
2014-01-29 00:00:00-05:00,67.50688458120764,68.1664772952215,66.61050920553816,67.10943603515625,848500,0.0,0.0
2014-01-30 00:00:00-05:00,68.06500569381453,70.21291451933436,64.70784128999684,65.95938110351562,1808400,0.0,0.0
2014-01-31 00:00:00-05:00,64.92769802171767,66.6020541311845,64.92769802171767,65.87480926513672,1064600,0.0,0.0
2014-02-03 00:00:00-05:00,66.09466732234115,66.10311900572678,61.15616807344734,61.26609802246094,1652200,0.0,0.0
2014-02-04 00:00:00-05:00,61.57899207337655,63.185695992517275,60.792553160156835,62.60220718383789,1431300,0.0,0.0
2014-02-05 00:00:00-05:00,62.576818099089806,63.17721652557042,61.05467669979717,63.168758392333984,1103500,0.0,0.0
2014-02-06 00:00:00-05:00,63.295618306100856,64.09051525935362,63.185688356856694,63.93830108642578,985300,0.0,0.0
2014-02-07 00:00:00-05:00,64.23428426617949,64.85159921759742,63.70153777920336,64.00596618652344,799000,0.0,0.0
2014-02-10 00:00:00-05:00,63.87064659661758,64.20890101883958,63.270248061715115,63.726890563964844,657700,0.0,0.0
2014-02-11 00:00:00-05:00,63.633881798597,64.42877886500017,62.97428910590827,64.37803649902344,778300,0.0,0.0
2014-02-12 00:00:00-05:00,64.66555323442194,65.05454362032373,63.99750242439469,64.52179718017578,801600,0.0,0.0
2014-02-13 00:00:00-05:00,63.87911405069944,65.03763351903449,63.63387972010294,64.82622528076172,826600,0.0,0.0
2014-02-14 00:00:00-05:00,65.16446199032542,65.57882671062094,64.631715644945,65.04607391357422,509000,0.0,0.0
2014-02-18 00:00:00-05:00,65.1137306728547,65.92553744990067,64.9530583638039,65.74795532226562,736400,0.0,0.0
2014-02-19 00:00:00-05:00,65.42661162421506,65.51117361332037,64.1750722497912,64.25118255615234,691300,0.0,0.0
2014-02-20 00:00:00-05:00,64.1496923276402,64.26808038062921,62.23010262965479,62.78822326660156,1573200,0.0,0.0
2014-02-21 00:00:00-05:00,63.10957411169356,63.33789858268993,62.63602180394748,63.160316467285156,946800,0.0,0.0
2014-02-24 00:00:00-05:00,63.397092312158215,63.650778282214425,62.76286770951824,62.77977752685547,1139900,0.0,0.0
2014-02-25 00:00:00-05:00,63.05886027952776,63.6761752839109,62.94047216115322,63.5155029296875,1221200,0.0,0.0
2014-02-26 00:00:00-05:00,63.66770146332647,64.19199618102897,63.29562092484941,63.972129821777344,1384900,0.0,0.0
2014-02-27 00:00:00-05:00,64.03979494537167,65.65495074702969,63.912948695101456,65.44354248046875,1340900,0.0,0.0
2014-02-28 00:00:00-05:00,65.3928038221472,66.356824961155,65.20676352309869,66.09468078613281,998900,0.0,0.0
2014-03-03 00:00:00-05:00,65.05454033358806,65.6887650191027,64.57252983066363,64.96997833251953,799200,0.0,0.0
2014-03-04 00:00:00-05:00,65.91707433093957,66.10311457963407,65.46043829535564,65.50271606445312,1155800,0.0,0.0
2014-03-05 00:00:00-05:00,65.68875930433806,65.68875930433806,64.86003628196232,65.35896301269531,838300,0.0,0.0
2014-03-06 00:00:00-05:00,65.68028964113792,66.57666468181631,65.42660370452985,66.31451416015625,904900,0.0,0.0
2014-03-07 00:00:00-05:00,66.8811143619391,67.5829913369516,66.44138801773535,67.1178970336914,701600,0.0,0.0
2014-03-10 00:00:00-04:00,66.93185477205844,67.16863098521019,66.22151968093529,66.60205841064453,460000,0.0,0.0
2014-03-11 00:00:00-04:00,66.94876132434767,66.94876132434767,64.9276990229256,65.21521759033203,864700,0.0,0.0
2014-03-12 00:00:00-04:00,64.66554699273019,65.19829338145603,63.69306789600826,65.11373138427734,1168600,0.0,0.0
2014-03-13 00:00:00-04:00,65.42662418582434,65.7310525663853,64.2089106635805,64.52179718017578,596900,0.0,0.0
2014-03-14 00:00:00-04:00,64.26809162077356,65.11372440525743,64.15816168139047,64.47949981689453,476700,0.0,0.0
2014-03-17 00:00:00-04:00,64.79238626624152,65.18137657288307,63.69306106580562,64.75856018066406,929100,0.0,0.0
2014-03-18 00:00:00-04:00,64.78393495474366,65.32513947764843,64.37802833673166,65.26594543457031,1106600,0.0,0.0
2014-03-19 00:00:00-04:00,65.36742842295207,65.86634875754827,64.88541790831368,65.53655242919922,677800,0.0,0.0
2014-03-20 00:00:00-04:00,65.21521404978418,66.1792350762985,64.91923736219888,65.96782684326172,647400,0.0,0.0
2014-03-21 00:00:00-04:00,66.51748248560185,67.38848328108075,66.2130541461788,67.067138671875,1392600,0.0,0.0
2014-03-24 00:00:00-04:00,67.0586903597257,67.35466057913597,65.98473298286531,66.46674346923828,783900,0.0,0.0
2014-03-25 00:00:00-04:00,66.72889913764762,67.10943138423171,65.30823552451028,66.55976867675781,1444400,0.0,0.0
2014-03-26 00:00:00-04:00,67.27009706151854,67.54069932053386,65.72258736855586,65.74795532226562,942200,0.0,0.0
2014-03-27 00:00:00-04:00,65.74795977858481,65.74795977858481,64.53024630464729,64.61481475830078,797000,0.0,0.0
2014-03-28 00:00:00-04:00,64.99534342325445,66.05238451919385,64.72474116076064,64.96151733398438,521800,0.0,0.0
2014-03-31 00:00:00-04:00,65.39278285509646,66.78807819891534,65.14754858058693,66.6612319946289,585400,0.0,0.0
2014-04-01 00:00:00-04:00,66.56822658748914,69.14740320357495,66.56822658748914,69.1051254272461,818500,0.0,0.0
2014-04-02 00:00:00-04:00,69.11358737931491,69.34190544876607,68.23412829210604,68.3271484375,802500,0.0,0.0
2014-04-03 00:00:00-04:00,68.25948570279766,68.53854609586165,67.56606701351751,67.91277313232422,458300,0.0,0.0
2014-04-04 00:00:00-04:00,68.63156199758048,68.96980996045036,66.44982779807145,66.88109588623047,587300,0.0,0.0
2014-04-07 00:00:00-04:00,66.55131518826579,66.72044566096646,64.4203228455802,65.14756774902344,731700,0.0,0.0
2014-04-08 00:00:00-04:00,65.19830655239902,65.40125667695989,64.32730554733757,64.7501220703125,923100,0.0,0.0
2014-04-09 00:00:00-04:00,65.0291829531486,66.15387646008661,64.63173438666163,65.97628784179688,591800,0.0,0.0
2014-04-10 00:00:00-04:00,66.0439252958188,66.17077151557497,63.78608710049249,64.1919937133789,721600,0.0,0.0
2014-04-11 00:00:00-04:00,63.66769455121795,63.94675492477945,62.44152311511423,62.77977752685547,599700,0.0,0.0
2014-04-14 00:00:00-04:00,63.55777678380223,63.693074703415164,62.07791909417672,62.576839447021484,722500,0.0,0.0
2014-04-15 00:00:00-04:00,62.92354691812143,63.56622327418721,61.283017034566846,62.762874603271484,713700,0.0,0.0
2014-04-16 00:00:00-04:00,63.515489775299784,64.37803252362984,63.27871358758829,64.15817260742188,498600,0.0,0.0
2014-04-17 00:00:00-04:00,64.09051855380672,65.50272395476595,63.81145814714999,65.19829559326172,498800,0.0,0.0
2014-04-21 00:00:00-04:00,65.19829092415911,65.77332151563505,64.75010654950384,65.3335952758789,474000,0.0,0.0
2014-04-22 00:00:00-04:00,65.43508598313785,66.66125783092001,65.17294179056684,65.85790252685547,850100,0.0,0.0
2014-04-23 00:00:00-04:00,72.24243190817087,72.58913810470858,70.01841930346515,70.53425598144531,1541000,0.0,0.0
2014-04-24 00:00:00-04:00,70.88095248557589,71.21074881470642,69.12203442910157,70.0184097290039,941000,0.0,0.0
2014-04-25 00:00:00-04:00,69.85773988898552,69.9845861243127,67.50688127403613,67.5576171875,794300,0.0,0.0
2014-04-28 00:00:00-04:00,67.45614790415205,67.9889008732351,66.42448096669852,66.99951171875,974000,0.0,0.0
2014-04-29 00:00:00-04:00,67.0248706782714,67.96352378647777,66.48366609627264,67.83667755126953,1091900,0.0,0.0
2014-04-30 00:00:00-04:00,69.73933687721598,69.73933687721598,67.43921466757261,68.78376770019531,835400,0.0,0.0
2014-05-01 00:00:00-04:00,68.8683431545108,69.93383592794247,68.20875054667209,69.54484558105469,828900,0.0,0.0
2014-05-02 00:00:00-04:00,69.70554489025822,70.01843149666254,68.80917576335575,68.89373779296875,560300,0.0,0.0
2014-05-05 00:00:00-04:00,68.1664668157243,68.97827360445204,67.45613184329574,68.93598937988281,548900,0.0,0.0
2014-05-06 00:00:00-04:00,68.91908312757202,69.78162586908537,68.34405248267406,68.58928680419922,600100,0.0,0.0
2014-05-07 00:00:00-04:00,68.58927859736994,69.38417551329466,67.59988974563369,69.35034942626953,790800,0.0,0.0
2014-05-08 00:00:00-04:00,69.06283535092372,70.12833457986072,68.65693518386847,69.24041748046875,853800,0.0,0.0
2014-05-09 00:00:00-04:00,69.13895438296275,69.25734248425483,67.53225042756877,69.11358642578125,869700,0.0,0.0
2014-05-12 00:00:00-04:00,69.84928026057635,70.88095349008417,69.59559424700932,70.78793334960938,490700,0.0,0.0
2014-05-13 00:00:00-04:00,70.6948990421683,70.94013332230634,70.11141681172438,70.38201904296875,413000,0.0,0.0
2014-05-14 00:00:00-04:00,69.81544784200561,70.4665887663251,69.324985679553,69.54484558105469,523700,0.0,0.0
2014-05-15 00:00:00-04:00,69.12202342906258,69.3672577158427,67.27854366263462,67.79438018798828,826400,0.0,0.0
2014-05-16 00:00:00-04:00,67.77746868692927,67.77746868692927,66.81344783273045,67.50686645507812,698800,0.0,0.0
2014-05-19 00:00:00-04:00,67.17708238679916,67.70137067716568,66.91493178994861,67.650634765625,725000,0.0,0.0
2014-05-20 00:00:00-04:00,67.41385690300295,67.51532872356579,66.47520385279384,66.95721435546875,669200,0.0,0.0
2014-05-21 00:00:00-04:00,67.20244749845679,68.03962226178402,66.95721318361002,67.64217376708984,369600,0.0,0.0
2014-05-22 00:00:00-04:00,67.6506317328222,68.49626462948248,67.20244732985897,68.07344818115234,496500,0.0,0.0
2014-05-23 00:00:00-04:00,68.08190521212057,69.2235083137588,67.75210890390659,69.16431427001953,298500,0.0,0.0
2014-05-27 00:00:00-04:00,69.34189731670467,70.19598834621864,69.17277331855023,70.08605194091797,572500,0.0,0.0
2014-05-28 00:00:00-04:00,70.01841141377588,70.26363929381579,69.61250475571984,70.02686309814453,525100,0.0,0.0
2014-05-29 00:00:00-04:00,70.08639423086385,70.45218099055798,69.4739134713696,70.4096450805664,297400,0.49,0.0
2014-05-30 00:00:00-04:00,70.20548768626941,70.26503406680634,69.2442371175822,69.73762512207031,570200,0.0,0.0
2014-06-02 00:00:00-04:00,69.87372835326813,70.00132959443833,69.00605159543449,69.73762512207031,254300,0.0,0.0
2014-06-03 00:00:00-04:00,69.32930933340415,69.74613403855734,68.9550140528188,69.64405822753906,404000,0.0,0.0
2014-06-04 00:00:00-04:00,69.67809587128785,70.88604073918187,69.13366334244643,70.62232971191406,507700,0.0,0.0
2014-06-05 00:00:00-04:00,70.7839594008217,71.94937485401297,70.33310718968119,71.71118927001953,425500,0.0,0.0
2014-06-06 00:00:00-04:00,72.06845921004032,72.86808771133536,71.8132566913084,72.54483032226562,471500,0.0,0.0
2014-06-09 00:00:00-04:00,72.349164522353,73.30190653399431,72.349164522353,73.02969360351562,455900,0.0,0.0
2014-06-10 00:00:00-04:00,72.82555973850967,73.88038438352496,72.53632975306027,73.37849426269531,865900,0.0,0.0
2014-06-11 00:00:00-04:00,72.80853931261431,73.13179672157615,72.20456690385674,72.74899291992188,509400,0.0,0.0
2014-06-12 00:00:00-04:00,72.76599666018015,73.14029191198236,71.66012786534756,71.94084930419922,519100,0.0,0.0
2014-06-13 00:00:00-04:00,71.83877708496158,72.35768412406536,71.52403466096305,71.64312744140625,381100,0.0,0.0
2014-06-16 00:00:00-04:00,71.62610038689026,71.67714477850971,70.87751637384989,71.39642333984375,308700,0.0,0.0
2014-06-17 00:00:00-04:00,71.25182574841664,72.30665035997785,71.0646780855443,71.71968841552734,623900,0.0,0.0
2014-06-18 00:00:00-04:00,71.66864017611577,71.94936162997118,70.97109402688275,71.83026885986328,286500,0.0,0.0
2014-06-19 00:00:00-04:00,71.8387795409045,71.8387795409045,70.26504789690162,71.18376922607422,662300,0.0,0.0
2014-06-20 00:00:00-04:00,71.20928950972329,72.18755724940273,70.98811441004018,71.91534423828125,684000,0.0,0.0
2014-06-23 00:00:00-04:00,72.01740271271818,72.26409019639424,70.92854453858551,71.11569213867188,416600,0.0,0.0
2014-06-24 00:00:00-04:00,71.03065832183954,72.19607385468326,70.99663088036189,71.1752700805664,482700,0.0,0.0
2014-06-25 00:00:00-04:00,71.1071917226283,71.54954182573155,70.80945982057922,71.4049301147461,555200,0.0,0.0
2014-06-26 00:00:00-04:00,71.40493629578515,71.54103953847395,70.79245547851234,71.05615997314453,280800,0.0,0.0
2014-06-27 00:00:00-04:00,70.94556748330558,71.77921678485744,70.86900414496064,71.66863250732422,430100,0.0,0.0
2014-06-30 00:00:00-04:00,71.60060075634203,72.37471041910715,71.12422957314543,72.1790542602539,869100,0.0,0.0
2014-07-01 00:00:00-04:00,72.28962078731165,73.6421770097038,72.28962078731165,72.53630828857422,606000,0.0,0.0
2014-07-02 00:00:00-04:00,72.69795198873757,73.25088646366359,72.1875534311404,72.34918212890625,373400,0.0,0.0
2014-07-03 00:00:00-04:00,72.86810256002846,73.36148424534223,71.88132620925902,73.28492736816406,469600,0.0,0.0
2014-07-07 00:00:00-04:00,73.0212134579638,73.0212134579638,71.43047116482573,71.53254699707031,397800,0.0,0.0
2014-07-08 00:00:00-04:00,71.32837158782635,71.32837158782635,70.26503865869934,70.64784240722656,929300,0.0,0.0
2014-07-09 00:00:00-04:00,70.69037457565781,70.97960451844875,70.27354986847172,70.69888305664062,780600,0.0,0.0
2014-07-10 00:00:00-04:00,68.80190578712742,70.333108118843,68.58923915717084,70.00985717773438,686200,0.0,0.0
2014-07-11 00:00:00-04:00,70.00133691961597,70.37563220219775,69.49093839159407,70.31608581542969,702400,0.0,0.0
2014-07-14 00:00:00-04:00,71.03914946349524,71.38791929587958,70.73290905502303,70.89453125,670000,0.0,0.0
2014-07-15 00:00:00-04:00,70.68186575534912,71.32837401548156,69.87373529773559,70.18848419189453,471100,0.0,0.0
2014-07-16 00:00:00-04:00,70.8179754179841,70.8179754179841,69.49093795544226,69.86522674560547,566400,0.0,0.0
2014-07-17 00:00:00-04:00,69.95880692107094,69.99283435782597,68.64027781968063,68.75086212158203,441000,0.0,0.0
2014-07-18 00:00:00-04:00,69.18468436053516,70.97108210206572,69.18468436053516,70.7243881225586,842200,0.0,0.0
2014-07-21 00:00:00-04:00,70.37565028979455,70.43519669186693,67.39831720603327,68.44463348388672,1256000,0.0,0.0
2014-07-22 00:00:00-04:00,69.43992115631194,70.60533688468995,69.11667014314527,69.97584533691406,1113000,0.0,0.0
2014-07-23 00:00:00-04:00,70.37562341050554,70.80095654573384,69.67807732833386,69.93327331542969,637500,0.0,0.0
2014-07-24 00:00:00-04:00,70.2140016937781,70.2140016937781,69.66106726522474,69.83970642089844,538800,0.0,0.0
2014-07-25 00:00:00-04:00,69.45690914071496,69.54197447814838,68.78488194187317,69.29528045654297,502600,0.0,0.0
2014-07-28 00:00:00-04:00,69.18470996496737,69.3888681135384,66.7773221440675,67.50889587402344,1196400,0.0,0.0
2014-07-29 00:00:00-04:00,67.79812518435944,68.68281922404128,67.79812518435944,68.06183624267578,1096800,0.0,0.0
2014-07-30 00:00:00-04:00,68.50415240193792,68.61474316861099,67.37276472640687,68.07881927490234,720300,0.0,0.0
2014-07-31 00:00:00-04:00,67.07503886184988,67.6960281387447,66.23288101187498,66.2583999633789,935700,0.0,0.0
2014-08-01 00:00:00-04:00,66.20735584561889,66.63268897094333,65.39071702380417,66.062744140625,1161600,0.0,0.0
2014-08-04 00:00:00-04:00,66.15631978016437,66.66672478682021,65.543845454302,66.53912353515625,574300,0.0,0.0
2014-08-05 00:00:00-04:00,66.20737148017247,66.25840939044186,64.96539923974751,65.16104888916016,605900,0.0,0.0
2014-08-06 00:00:00-04:00,64.93987798480052,65.67996018181049,64.54857217065619,65.01644134521484,1005700,0.0,0.0
2014-08-07 00:00:00-04:00,65.43326233146915,65.48430673214975,63.79147580943868,64.03816986083984,593200,0.0,0.0
2014-08-08 00:00:00-04:00,64.06367785962424,65.23760152345683,63.748935477927944,65.14402770996094,589700,0.0,0.0
2014-08-11 00:00:00-04:00,65.4077419248896,65.88411305353861,65.20358379690715,65.26313018798828,414800,0.0,0.0
2014-08-12 00:00:00-04:00,64.94837846424018,65.2546188880222,64.06368462776655,64.18277740478516,523100,0.0,0.0
2014-08-13 00:00:00-04:00,64.5570644154874,64.9228511808474,64.40394422324208,64.79524993896484,573500,0.0,0.0
2014-08-14 00:00:00-04:00,65.1015063581205,65.33969194026366,64.66766462489099,65.05046844482422,617600,0.0,0.0
2014-08-15 00:00:00-04:00,65.33118087684399,65.36520182093746,63.91907156439509,64.31888580322266,450300,0.0,0.0
2014-08-18 00:00:00-04:00,65.11000269670298,66.20736305839715,64.84629820709517,66.15631866455078,731800,0.0,0.0
2014-08-19 00:00:00-04:00,66.40301311802533,67.16010564933754,65.86709565464555,66.98997497558594,524500,0.0,0.0
2014-08-20 00:00:00-04:00,66.73477282866567,66.93893742633293,66.25840174758052,66.57315063476562,353600,0.0,0.0
2014-08-21 00:00:00-04:00,66.80284609027356,66.80284609027356,65.96068798571326,66.59017944335938,291700,0.0,0.0
2014-08-22 00:00:00-04:00,66.39451702541768,66.6582215401791,66.21587136501891,66.45406341552734,385700,0.0,0.0
2014-08-25 00:00:00-04:00,66.76031357046932,67.10057499775444,66.1988705333216,66.41153717041016,273000,0.0,0.0
2014-08-26 00:00:00-04:00,66.47958022446329,67.03251468053469,66.13080388645518,66.55613708496094,373800,0.0,0.0
2014-08-27 00:00:00-04:00,66.68373207474487,66.81984180070678,66.13079767064525,66.58164978027344,293600,0.0,0.0
2014-08-28 00:00:00-04:00,66.3860082071332,66.3860082071332,65.5608607411788,65.78203582763672,430700,0.0,0.0
2014-08-29 00:00:00-04:00,65.9776882366397,66.36049203580106,65.61190140103395,65.99470520019531,430900,0.0,0.0
2014-09-02 00:00:00-04:00,66.1988657381561,66.98998583042295,65.64593122376397,66.07977294921875,669000,0.0,0.0
2014-09-03 00:00:00-04:00,66.33496821688516,66.49659041839344,64.93986936076269,65.11851501464844,700600,0.0,0.0
2014-09-04 00:00:00-04:00,65.22059737456475,66.21587559718336,65.17806794466517,65.60340118408203,799000,0.0,0.0
2014-09-05 00:00:00-04:00,65.77352320267508,66.14781848078286,65.06746856081516,66.08827209472656,642900,0.0,0.0
2014-09-08 00:00:00-04:00,65.85009417042261,66.20737252810329,65.09299504571344,65.22059631347656,322700,0.0,0.0
2014-09-09 00:00:00-04:00,65.36519589818727,65.36519589818727,64.25933359340706,64.63362884521484,536100,0.0,0.0
2014-09-10 00:00:00-04:00,64.94836979970508,65.28012913286513,64.41245237461622,64.82927703857422,491200,0.0,0.0
2014-09-11 00:00:00-04:00,64.63362912951258,64.95687999108824,64.19978749392425,64.43797302246094,412900,0.0,0.0
2014-09-12 00:00:00-04:00,64.41244480405139,64.62511135108532,63.40865844244846,63.544761657714844,480400,0.0,0.0
2014-09-15 00:00:00-04:00,63.612837656339586,64.1912911161621,63.281078251889774,64.09771728515625,550600,0.0,0.0
2014-09-16 00:00:00-04:00,63.885042725737165,64.27634847490388,63.35763373298039,63.85952377319336,884000,0.0,0.0
2014-09-17 00:00:00-04:00,64.21681907756867,64.59962293720481,63.927595552132104,64.28487396240234,583300,0.0,0.0
2014-09-18 00:00:00-04:00,64.44647842234129,64.79524821815107,64.16575699566872,64.42095947265625,402600,0.0,0.0
2014-09-19 00:00:00-04:00,64.66765385445972,65.05045761063678,63.98712466026039,64.00413513183594,712300,0.0,0.0
2014-09-22 00:00:00-04:00,63.527764695118954,63.7659502400226,62.200727236330465,62.84722900390625,565300,0.0,0.0
2014-09-23 00:00:00-04:00,62.58352905583179,63.37464909609727,62.3198245390999,62.55801010131836,527200,0.0,0.0
2014-09-24 00:00:00-04:00,62.37085901166945,63.04288623379892,61.9285153476456,62.68560791015625,584800,0.0,0.0
2014-09-25 00:00:00-04:00,62.47293521050434,62.82170501901291,61.18842727901682,61.264984130859375,904700,0.0,0.0
2014-09-26 00:00:00-04:00,61.24797302139284,61.537196445427526,60.72906606408942,61.22245407104492,734900,0.0,0.0
2014-09-29 00:00:00-04:00,60.38030864428888,60.958762101078044,60.07406819716109,60.46537399291992,735700,0.0,0.0
2014-09-30 00:00:00-04:00,60.34628088472569,60.48238414379488,59.49561442281558,59.631717681884766,642000,0.0,0.0
2014-10-01 00:00:00-04:00,59.51261227487056,59.62319655504073,58.07498418231506,58.21109390258789,1286200,0.0,0.0
2014-10-02 00:00:00-04:00,58.15154901704443,59.06176170203922,57.87933605957129,58.83208465576172,777500,0.0,0.0
2014-10-03 00:00:00-04:00,59.17236162087668,59.75932360211864,58.86612115153918,58.90865707397461,922800,0.0,0.0
2014-10-06 00:00:00-04:00,59.35099760104287,59.93795955051984,59.1213205065046,59.546653747558594,722200,0.0,0.0
2014-10-07 00:00:00-04:00,59.12982563640425,59.80185289797994,57.86232797706878,57.87934494018555,772000,0.0,0.0
2014-10-08 00:00:00-04:00,57.75173677113587,58.23661632086429,56.60333852073369,57.9729118347168,1180400,0.0,0.0
2014-10-09 00:00:00-04:00,57.78576317547507,57.896347460264195,54.90200487994767,54.94453430175781,1178900,0.0,0.0
2014-10-10 00:00:00-04:00,54.87649298365614,55.37838305999291,52.3925453311784,52.40105056762695,1873100,0.0,0.0
2014-10-13 00:00:00-04:00,52.630729190145686,53.27723747051458,51.85662289696554,51.86513137817383,1982900,0.0,0.0
2014-10-14 00:00:00-04:00,52.103320133462184,52.460598485331985,50.818815220028135,50.95492172241211,1727500,0.0,0.0
2014-10-15 00:00:00-04:00,50.26587867588876,51.6269436441422,49.20254565536736,51.10803985595703,1583200,0.0,0.0
2014-10-16 00:00:00-04:00,49.11748879793484,50.46154028067209,48.955860074068134,50.189327239990234,2182200,0.0,0.0
2014-10-17 00:00:00-04:00,51.15057573545318,52.060788598496686,51.00596074817526,51.81409454345703,1848500,0.0,0.0
2014-10-20 00:00:00-04:00,51.507844993380225,52.69877913861684,51.507844993380225,52.46059036254883,1642600,0.0,0.0
2014-10-21 00:00:00-04:00,51.03998342015633,54.306542488847725,50.64867765941014,53.5494499206543,1976000,0.0,0.0
2014-10-22 00:00:00-04:00,53.523926514921364,54.89349989167278,53.17515343255268,53.234703063964844,1116200,0.0,0.0
2014-10-23 00:00:00-04:00,53.87270457676726,55.072140823863855,53.87270457676726,54.47667694091797,976400,0.0,0.0
2014-10-24 00:00:00-04:00,54.36609663354651,54.88500047985966,54.11089732904073,54.78292465209961,755900,0.0,0.0
2014-10-27 00:00:00-04:00,54.67232692932237,55.26779730616275,53.838677487843285,55.148704528808594,1139700,0.0,0.0
2014-10-28 00:00:00-04:00,55.28481081410241,56.620356882106556,55.233772903882496,56.57782745361328,874200,0.0,0.0
2014-10-29 00:00:00-04:00,56.509766613309736,56.884061888922076,55.51448852868886,55.863258361816406,946000,0.0,0.0
2014-10-30 00:00:00-04:00,55.72715416262209,56.475738210931645,55.42091375875246,56.12696838378906,792300,0.0,0.0
2014-10-31 00:00:00-04:00,57.02868028891784,57.17329202958144,56.49276275524507,56.781986236572266,1041800,0.0,0.0
2014-11-03 00:00:00-05:00,56.76498040622499,56.86705623618647,55.93132435113969,56.05892562866211,697100,0.0,0.0
2014-11-04 00:00:00-05:00,55.96533653149024,56.02488291275521,55.21675252557787,55.78669738769531,646900,0.0,0.0
2014-11-05 00:00:00-05:00,56.13548200994258,56.66289759038737,55.514499082875346,56.586334228515625,593800,0.0,0.0
2014-11-06 00:00:00-05:00,56.65437946199117,57.164777990644,56.20352732018001,57.06270217895508,647200,0.0,0.0
2014-11-07 00:00:00-05:00,57.198813386993955,57.573108722142656,56.86705397268317,57.4625244140625,692000,0.0,0.0
2014-11-10 00:00:00-05:00,57.80277354298924,57.972910700132935,57.2583476202673,57.59010696411133,393400,0.0,0.0
2014-11-11 00:00:00-05:00,57.51356367935549,57.81980414439242,56.99465658526905,57.16478729248047,517200,0.0,0.0
2014-11-12 00:00:00-05:00,56.99464767870888,57.38595343620213,56.89256537629216,57.190303802490234,672000,0.0,0.0
2014-11-13 00:00:00-05:00,57.36043764877175,57.522066347334295,55.3443558727451,55.84625244140625,976600,0.0,0.0
2014-11-14 00:00:00-05:00,55.95683741932431,56.58632876809325,55.846253118481215,56.212039947509766,748600,0.0,0.0
2014-11-17 00:00:00-05:00,56.203526613699005,56.58632388285949,55.846248297139965,56.152488708496094,632700,0.0,0.0
2014-11-18 00:00:00-05:00,56.28009203262842,56.95211277609425,56.1524907748562,56.54379653930664,546300,0.0,0.0
2014-11-19 00:00:00-05:00,56.45022030944261,56.68840585242493,55.81222053785313,56.4587287902832,570200,0.0,0.0
2014-11-20 00:00:00-05:00,56.02489876849721,56.66289867264189,56.02489876849721,56.53529739379883,549800,0.0,0.0
2014-11-21 00:00:00-05:00,57.139262806282474,58.04947563093415,57.139262806282474,57.87934494018555,794200,0.0,0.0
2014-11-24 00:00:00-05:00,58.2281095302721,58.42376564797779,57.675181590375786,58.34720230102539,912700,0.0,0.0
2014-11-25 00:00:00-05:00,58.42376357289622,58.81506930434005,57.615633158620554,57.84531021118164,593700,0.0,0.0
2014-11-26 00:00:00-05:00,57.89672979802713,59.04489981390084,57.89672979802713,58.753570556640625,703600,0.49,0.0
2014-11-28 00:00:00-05:00,58.48794648112644,58.753564999276,57.08272829289076,57.288368225097656,635300,0.0,0.0
2014-12-01 00:00:00-05:00,56.97991052512081,57.853885223735055,56.131640003351656,57.69965362548828,1072000,0.0,0.0
2014-12-02 00:00:00-05:00,57.67394603034431,58.61647603997599,57.38262332713148,58.51365280151367,842700,0.0,0.0
2014-12-03 00:00:00-05:00,58.53936182986438,60.09881178802399,58.3679962887298,59.88460159301758,1111600,0.0,0.0
2014-12-04 00:00:00-05:00,59.55042435064828,59.64467734381757,58.77926646888828,59.379058837890625,992500,0.0,0.0
2014-12-05 00:00:00-05:00,59.63611033193173,61.23840476528071,59.63611033193173,60.98134994506836,890200,0.0,0.0
2014-12-08 00:00:00-05:00,60.912793227527544,60.98991227846743,60.17591634857573,60.7071533203125,1013500,0.0,0.0
2014-12-09 00:00:00-05:00,59.807490040304714,59.807490040304714,58.07666797548335,59.34479522705078,1372000,0.0,0.0
2014-12-10 00:00:00-05:00,59.10487848516624,59.31908867510828,57.28837372107427,57.30550765991211,834000,0.0,0.0
2014-12-11 00:00:00-05:00,57.296947910551914,58.05096547776512,56.62860658061272,56.85138702392578,828400,0.0,0.0
2014-12-12 00:00:00-05:00,56.14019626041916,56.72284816129884,55.30906632486572,55.34333419799805,793000,0.0,0.0
2014-12-15 00:00:00-05:00,55.75462293606409,56.165909339927495,54.769254843978835,55.20624542236328,645400,0.0,0.0
2014-12-16 00:00:00-05:00,55.094863761563616,55.917430110863364,54.5379159573111,54.555049896240234,687200,0.0,0.0
2014-12-17 00:00:00-05:00,54.64073376810242,56.131638077129764,54.280858961680096,56.02024459838867,614200,0.0,0.0
2014-12-18 00:00:00-05:00,56.87708835043601,58.093807220458984,56.68001863279922,58.093807220458984,671700,0.0,0.0
2014-12-19 00:00:00-05:00,58.16235170362705,58.63361676297847,57.73393129955361,58.599342346191406,857400,0.0,0.0
2014-12-22 00:00:00-05:00,58.50508256401453,58.9249326810113,58.350850974908965,58.51365280151367,438500,0.0,0.0
2014-12-23 00:00:00-05:00,58.719296037271285,59.756072568886246,58.719296037271285,59.20769500732422,312400,0.0,0.0
2014-12-24 00:00:00-05:00,59.241976942119244,59.5333062358414,58.58221235177013,59.47332763671875,204600,0.0,0.0
2014-12-26 00:00:00-05:00,59.56757638132005,59.94458846851853,59.156296410901035,59.19057083129883,192200,0.0,0.0
2014-12-29 00:00:00-05:00,59.164854898166794,59.79891520663717,58.8906661266248,59.3704948425293,525800,0.0,0.0
2014-12-30 00:00:00-05:00,59.002057601991226,59.593279841789546,58.97635342411764,59.34479522705078,371000,0.0,0.0
2014-12-31 00:00:00-05:00,59.61041368326032,59.61041368326032,58.38513108828197,58.41083526611328,415200,0.0,0.0
2015-01-02 00:00:00-05:00,58.736428430176126,58.959202289594884,57.15983825476674,57.811038970947266,346800,0.0,0.0
2015-01-05 00:00:00-05:00,57.339780773290386,57.511152843660014,55.65180346891187,56.448665618896484,587400,0.0,0.0
2015-01-06 00:00:00-05:00,56.71429927772229,56.94564343626653,54.82067847087746,55.96884536743164,791700,0.0,0.0
2015-01-07 00:00:00-05:00,56.68858360804134,57.05701883178107,56.28586743481099,56.962772369384766,541400,0.0,0.0
2015-01-08 00:00:00-05:00,56.99703582793484,58.693583151593465,56.95419771874245,58.62503433227539,783200,0.0,0.0
2015-01-09 00:00:00-05:00,58.60791059635228,58.60791059635228,57.44260661383246,57.97385025024414,652300,0.0,0.0
2015-01-12 00:00:00-05:00,57.8624506283286,57.94813338971367,56.620034245306066,56.8685188293457,595900,0.0,0.0
2015-01-13 00:00:00-05:00,57.25408498293155,58.35083983511077,55.326193755754936,55.985958099365234,924300,0.0,0.0
2015-01-14 00:00:00-05:00,55.22337887769479,55.34333604919645,54.229447094227396,54.657867431640625,1155600,0.0,0.0
2015-01-15 00:00:00-05:00,54.81210161026982,55.60039349951825,54.11805945410183,55.18911361694336,1429700,0.0,0.0
2015-01-16 00:00:00-05:00,55.343336052473695,56.748560773473805,55.12056218377203,56.560054779052734,975200,0.0,0.0
2015-01-20 00:00:00-05:00,56.73999529482671,57.00561383441861,55.22338351228482,56.2087516784668,445700,0.0,0.0
2015-01-21 00:00:00-05:00,55.968832015628166,57.82817469106214,55.968832015628166,57.76819610595703,588800,0.0,0.0
2015-01-22 00:00:00-05:00,58.1366372526432,59.27623689503478,57.70821692427121,58.787837982177734,895900,0.0,0.0
2015-01-23 00:00:00-05:00,58.70215617891611,58.85638776112611,57.802470859828524,57.98240661621094,459200,0.0,0.0
2015-01-26 00:00:00-05:00,57.81104678592785,57.84532120058907,56.99704414637032,57.485443115234375,909800,0.0,0.0
2015-01-27 00:00:00-05:00,56.602890129653034,57.68251115774832,56.440094854646176,57.20268249511719,679400,0.0,0.0
2015-01-28 00:00:00-05:00,57.25409542135806,57.58826277201928,54.94919184207999,55.069149017333984,943500,0.0,0.0
2015-01-29 00:00:00-05:00,55.23194722209812,55.62609313455017,54.46935957060988,55.60895919799805,1693300,0.0,0.0
2015-01-30 00:00:00-05:00,56.671447380810946,63.39764604381285,56.662877142795956,62.44655227661133,3128200,0.0,0.0
2015-02-02 00:00:00-05:00,62.45511255952167,63.19199601912549,59.55899360382481,61.09273910522461,2229600,0.0,0.0
2015-02-03 00:00:00-05:00,62.515093900281904,64.90568013115788,61.683957412390285,64.10881805419922,1416800,0.0,0.0
2015-02-04 00:00:00-05:00,63.57758249013107,63.971734996866424,62.67790360434719,63.08061981201172,1072800,0.0,0.0
2015-02-05 00:00:00-05:00,63.22628861889307,64.68291548387771,62.952099801819124,64.65721130371094,1134600,0.0,0.0
2015-02-06 00:00:00-05:00,64.91424791105369,65.35980216196607,63.73180365873872,64.11738586425781,994800,0.0,0.0
2015-02-09 00:00:00-05:00,63.93746436510235,64.66577775493263,63.85177505332977,64.2630615234375,458700,0.0,0.0
2015-02-10 00:00:00-05:00,64.82000500070842,65.96816848479358,64.14310001376629,65.95103454589844,1119500,0.0,0.0
2015-02-11 00:00:00-05:00,65.70255985023287,65.85679147225693,65.03422500052106,65.27413940429688,820300,0.0,0.0
2015-02-12 00:00:00-05:00,65.65113532844452,65.96816219660688,65.22271498796513,65.75395202636719,569400,0.0,0.0
2015-02-13 00:00:00-05:00,65.67685080067761,66.49084697274208,65.53118942878005,66.41373443603516,624700,0.0,0.0
2015-02-17 00:00:00-05:00,66.3794423309459,67.29626151150032,65.67683330040117,67.06491088867188,822900,0.0,0.0
2015-02-18 00:00:00-05:00,66.69646932747358,67.84463913358162,66.62792704756079,67.21057891845703,891200,0.0,0.0
2015-02-19 00:00:00-05:00,66.94495754065477,69.13847404696995,66.86784502010315,67.72468566894531,870700,0.0,0.0
2015-02-20 00:00:00-05:00,67.43335272374844,68.16167246476958,67.06491100361333,68.11882781982422,690900,0.0,0.0
2015-02-23 00:00:00-05:00,67.6561497520166,68.32448453963538,67.45050978748235,68.06743621826172,474700,0.0,0.0
2015-02-24 00:00:00-05:00,68.12741632710963,69.30128408219815,67.90463588056201,69.13848876953125,517700,0.0,0.0
2015-02-25 00:00:00-05:00,69.00139467890193,69.2841537368248,68.44444680222334,69.05280303955078,577500,0.0,0.0
2015-02-26 00:00:00-05:00,69.10420381576584,70.51799227929207,68.83857875328134,69.8410873413086,666900,0.0,0.0
2015-02-27 00:00:00-05:00,70.12385965707907,70.24382340333634,68.85573872190038,68.94142150878906,876900,0.0,0.0
2015-03-02 00:00:00-05:00,69.20702585588668,70.08100709881371,69.20702585588668,69.91820526123047,472600,0.0,0.0
2015-03-03 00:00:00-05:00,69.54119595617138,69.66971683439947,68.59010223422807,69.52405548095703,672000,0.0,0.0
2015-03-04 00:00:00-05:00,69.32698894180827,69.66115631481175,68.80431555589489,69.48978424072266,735200,0.0,0.0
2015-03-05 00:00:00-05:00,69.8153776918778,69.8153776918778,68.5472506779781,68.71005249023438,708400,0.0,0.0
2015-03-06 00:00:00-05:00,68.54725573850266,69.1813160236746,67.0392142818464,67.3305435180664,848500,0.0,0.0
2015-03-09 00:00:00-04:00,67.35624133125629,70.52654899485773,67.33910085812217,70.26950073242188,1148400,0.0,0.0
2015-03-10 00:00:00-04:00,70.58655620598971,71.46910788945203,69.7382854826998,70.2266845703125,1597200,0.0,0.0
2015-03-11 00:00:00-04:00,71.3491182694099,71.44337126417491,69.82394295364948,69.90106201171875,953500,0.0,0.0
2015-03-12 00:00:00-04:00,70.5779675930765,72.0774387496804,70.31234254291307,72.0260238647461,809700,0.0,0.0
2015-03-13 00:00:00-04:00,71.48622152107085,72.24880923878992,70.6807891524874,71.36626434326172,793500,0.0,0.0
2015-03-16 00:00:00-04:00,71.5376326362061,72.48015615705302,71.48622428292343,72.36019897460938,499200,0.0,0.0
2015-03-17 00:00:00-04:00,71.48622828355283,72.54870904630368,71.00639952692534,72.44589233398438,861300,0.0,0.0
2015-03-18 00:00:00-04:00,72.1717013099083,74.40804971707101,71.98319529357684,73.91108703613281,775000,0.0,0.0
2015-03-19 00:00:00-04:00,73.44840263701317,74.10816725044894,73.31130495583433,73.32844543457031,577600,0.0,0.0
2015-03-20 00:00:00-04:00,73.72258112048733,74.36521170221698,73.50837092657744,74.24525451660156,689700,0.0,0.0
2015-03-23 00:00:00-04:00,74.21955127223578,74.80220326848178,74.18527685631821,74.28809356689453,529700,0.0,0.0
2015-03-24 00:00:00-04:00,74.00533313993724,74.8793077720005,73.68829972957789,74.0738754272461,542000,0.0,0.0
2015-03-25 00:00:00-04:00,73.94535615924411,74.38234021618122,72.17169614452196,72.325927734375,957200,0.0,0.0
2015-03-26 00:00:00-04:00,71.74325845276691,72.47157157552373,71.2120149855973,72.40302276611328,771800,0.0,0.0
2015-03-27 00:00:00-04:00,72.66008758544922,73.12277577004771,72.21452679981154,72.66008758544922,396300,0.0,0.0
2015-03-30 00:00:00-04:00,73.38840819116449,74.68223949494713,73.2684510146205,74.47659301757812,411500,0.0,0.0
2015-03-31 00:00:00-04:00,74.12530435693022,74.20241689620222,73.63690533000998,73.81684112548828,518100,0.0,0.0
2015-04-01 00:00:00-04:00,73.76540995142709,73.76540995142709,72.42874060158479,73.1741943359375,420600,0.0,0.0
2015-04-02 00:00:00-04:00,73.28558409143386,75.11922266812071,73.28558409143386,74.16812896728516,535100,0.0,0.0
2015-04-06 00:00:00-04:00,73.55118765551036,74.51942163422848,73.55118765551036,74.31378173828125,477100,0.0,0.0
2015-04-07 00:00:00-04:00,74.21954073733966,74.39947649248413,73.42267865759958,73.74827575683594,435900,0.0,0.0
2015-04-08 00:00:00-04:00,73.84253539896122,74.09101999857513,71.91464372967233,72.3173599243164,1408700,0.0,0.0
2015-04-09 00:00:00-04:00,71.92321141345161,72.65152471077369,71.8032542368186,72.18025970458984,893300,0.0,0.0
2015-04-10 00:00:00-04:00,72.51442272630203,72.6515203697914,71.94891128984699,72.48014831542969,620200,0.0,0.0
2015-04-13 00:00:00-04:00,72.67724082214363,73.02854870939068,72.22311621642578,72.33450317382812,470700,0.0,0.0
2015-04-14 00:00:00-04:00,72.20595586154317,72.420166015625,71.59759980841181,72.420166015625,556400,0.0,0.0
2015-04-15 00:00:00-04:00,72.66009426457579,73.42268196764226,72.49729243903043,72.80575561523438,479900,0.0,0.0
2015-04-16 00:00:00-04:00,72.76290912971723,72.97711930016777,71.37483140899013,71.4005355834961,632700,0.0,0.0
2015-04-17 00:00:00-04:00,71.04066406606134,71.66615410295857,70.68935624867815,71.4005355834961,913900,0.0,0.0
2015-04-20 00:00:00-04:00,71.71757104020182,72.87431132889571,71.39197389550972,72.83146667480469,910200,0.0,0.0
2015-04-21 00:00:00-04:00,74.27952589000337,75.40198516822493,71.26344282245579,71.98319244384766,1835800,0.0,0.0
2015-04-22 00:00:00-04:00,72.24880766710054,72.36876484230012,70.28664167679901,71.68329620361328,1096500,0.0,0.0
2015-04-23 00:00:00-04:00,71.62331593066143,71.99175771864037,71.17776161219156,71.6661605834961,592700,0.0,0.0
2015-04-24 00:00:00-04:00,71.73470141503515,73.01139217361239,71.30628108316053,72.9599838256836,928600,0.0,0.0
2015-04-27 00:00:00-04:00,72.94285815872617,73.43125717471946,72.74578842687767,73.19991302490234,855400,0.0,0.0
2015-04-28 00:00:00-04:00,73.3627096631153,73.85110864440502,72.73721301969272,73.19133758544922,675500,0.0,0.0
2015-04-29 00:00:00-04:00,73.66260550589504,74.02247707729113,73.15706602849681,73.54264831542969,777900,0.0,0.0
2015-04-30 00:00:00-04:00,73.13992384098901,73.61975254874231,72.84859459901317,73.11421966552734,977400,0.0,0.0
2015-05-01 00:00:00-04:00,73.5940451742398,73.66259399727507,72.71150032348127,73.33699035644531,766600,0.0,0.0
2015-05-04 00:00:00-04:00,73.371268165111,73.65402717034179,72.9000096935689,72.9942626953125,529800,0.0,0.0
2015-05-05 00:00:00-04:00,72.7115029130493,73.01139585303962,71.04922984970895,71.1777572631836,704000,0.0,0.0
2015-05-06 00:00:00-04:00,71.3748346663284,71.8717973162001,70.21809446336476,70.91213989257812,669600,0.0,0.0
2015-05-07 00:00:00-04:00,70.51800013763248,71.38340463497221,70.51800013763248,71.29772186279297,776500,0.0,0.0
2015-05-08 00:00:00-04:00,72.14597152624685,72.78003823852832,71.71755125224972,72.58296203613281,598300,0.0,0.0
2015-05-11 00:00:00-04:00,72.90856780226846,74.64795981374996,72.78861063419049,73.22560119628906,683000,0.0,0.0
2015-05-12 00:00:00-04:00,72.79719473467841,73.18277702308151,71.69186930073876,72.03460693359375,491700,0.0,0.0
2015-05-13 00:00:00-04:00,72.16313421903749,73.14850246008777,72.08601514664012,73.0885238647461,470400,0.0,0.0
2015-05-14 00:00:00-04:00,73.63690004858891,73.68830840441645,73.14850105669787,73.4740982055664,536900,0.0,0.0
2015-05-15 00:00:00-04:00,73.50836713630942,74.47659480947448,72.91714493970655,73.85110473632812,523200,0.0,0.0
2015-05-18 00:00:00-04:00,73.8596692020171,74.81933318457583,73.3369958274386,74.61369323730469,412100,0.0,0.0
2015-05-19 00:00:00-04:00,74.69936073048802,74.69936073048802,74.00532196461964,74.15955352783203,473500,0.0,0.0
2015-05-20 00:00:00-04:00,73.93678445836763,74.44231733127313,73.72257428432108,74.21954345703125,643200,0.0,0.0
2015-05-21 00:00:00-04:00,74.26237805069772,74.51086262527865,73.79111961243079,74.03960418701172,401700,0.0,0.0
2015-05-22 00:00:00-04:00,73.78255665427616,74.3052300287204,73.65402923582371,73.82540130615234,447500,0.0,0.0
2015-05-26 00:00:00-04:00,73.12276550383028,73.30270776245823,72.64293691328712,72.97710418701172,896500,0.0,0.0
2015-05-27 00:00:00-04:00,73.09707703365756,73.8853754352191,72.88286686156297,73.79112243652344,610100,0.0,0.0
2015-05-28 00:00:00-04:00,73.80840243572176,74.4570584493407,73.49705361977725,73.87759399414062,723100,0.8,0.0
2015-05-29 00:00:00-04:00,73.5922104341453,73.95546294825104,73.211669921875,73.211669921875,924200,0.0,0.0
2015-06-01 00:00:00-04:00,73.05598708842489,74.08519037643504,72.92625452799528,73.86032104492188,621900,0.0,0.0
2015-06-02 00:00:00-04:00,73.47976412708432,74.73383657878013,73.47976412708432,74.14572143554688,576100,0.0,0.0
2015-06-03 00:00:00-04:00,74.31869761494252,74.88086759841146,74.09382830186064,74.81167602539062,500400,0.0,0.0
2015-06-04 00:00:00-04:00,74.21490399151337,74.39652690650998,73.46246714345183,73.81706237792969,422800,0.0,0.0
2015-06-05 00:00:00-04:00,73.445186285935,73.88627440074103,72.78788601115397,73.32410430908203,627600,0.0,0.0
2015-06-08 00:00:00-04:00,73.10788052989359,74.64735692856195,73.10788052989359,74.28411102294922,528900,0.0,0.0
2015-06-09 00:00:00-04:00,74.37059199136823,74.80302944827567,73.72193580600708,74.46572875976562,374300,0.0,0.0
2015-06-10 00:00:00-04:00,74.86355792445886,76.12627429591079,74.69923620524025,75.42572784423828,416400,0.0,0.0
2015-06-11 00:00:00-04:00,75.41709055170628,76.79224510875852,75.41709055170628,76.49818420410156,537500,0.0,0.0
2015-06-12 00:00:00-04:00,75.97059631347656,76.62790298351383,75.35653602114772,75.97059631347656,307700,0.0,0.0
2015-06-15 00:00:00-04:00,75.49494287147554,77.83875343303117,74.19763031425835,75.65927124023438,694400,0.0,0.0
2015-06-16 00:00:00-04:00,75.63330814832065,76.94792170506948,75.33925384654404,76.79224395751953,594300,0.0,0.0
2015-06-17 00:00:00-04:00,77.16413804068861,77.19008323139748,76.30791375493763,76.76629638671875,668100,0.0,0.0
2015-06-18 00:00:00-04:00,77.10358428424945,78.54792351442254,76.97385175373444,78.11548614501953,1059300,0.0,0.0
2015-06-19 00:00:00-04:00,78.32307593930447,78.53929468392356,77.9079396447804,78.09821319580078,603700,0.0,0.0
2015-06-22 00:00:00-04:00,78.35764789467731,79.62036418733086,77.86466957084359,79.56847381591797,682900,0.0,0.0
2015-06-23 00:00:00-04:00,79.35225908374802,79.801991054792,78.78143857593412,79.22252655029297,834500,0.0,0.0
2015-06-24 00:00:00-04:00,79.09279666678944,79.52523406048095,78.59117430494523,78.70360565185547,736600,0.0,0.0
2015-06-25 00:00:00-04:00,78.98902615951374,79.36092263025903,78.36631517608242,79.3522720336914,669500,0.0,0.0
2015-06-26 00:00:00-04:00,79.34361142597734,79.65496687840786,78.96307100515081,79.3263168334961,548500,0.0,0.0
2015-06-29 00:00:00-04:00,78.43550163902906,78.66901494335883,76.79223811730276,76.88737487792969,930100,0.0,0.0
2015-06-30 00:00:00-04:00,77.31117134903613,77.68306784193881,76.81819289086023,77.30252075195312,522500,0.0,0.0
2015-07-01 00:00:00-04:00,78.13279768961091,78.59983094171882,77.40630591864661,77.89928436279297,634400,0.0,0.0
2015-07-02 00:00:00-04:00,78.27118125276833,78.64307773702424,77.22468337811151,77.51009368896484,312000,0.0,0.0
2015-07-06 00:00:00-04:00,76.6279069954215,77.27656310418377,76.0657370481333,77.09494018554688,423600,0.0,0.0
2015-07-07 00:00:00-04:00,77.10359817343455,78.08090442888461,76.28196306447988,77.951171875,639600,0.0,0.0
2015-07-08 00:00:00-04:00,78.14144977710399,78.49605167098586,76.17818655990342,76.90467834472656,620100,0.0,0.0
2015-07-09 00:00:00-04:00,77.91657533637164,78.08955427270773,77.45819270240652,77.55332946777344,352600,0.0,0.0
2015-07-10 00:00:00-04:00,78.63441330432224,79.57713024441263,78.13278434898866,79.47334289550781,569800,0.0,0.0
2015-07-13 00:00:00-04:00,80.0960667727157,80.0960667727157,79.41281479492108,79.4474105834961,515100,0.0,0.0
2015-07-14 00:00:00-04:00,79.55118022063897,81.34147063996647,79.55118022063897,81.2895736694336,575800,0.0,0.0
2015-07-15 00:00:00-04:00,81.39337152137952,81.78256255903992,80.72741420106293,81.2376937866211,359500,0.0,0.0
2015-07-16 00:00:00-04:00,81.298234475698,82.15445871462539,81.25498809456707,82.08527374267578,496300,0.0,0.0
2015-07-17 00:00:00-04:00,82.04204244953729,82.08528883862148,81.06473608187677,81.30690002441406,369700,0.0,0.0
2015-07-20 00:00:00-04:00,81.29824032117793,82.0333826639623,80.90904925690144,81.84310913085938,587900,0.0,0.0
2015-07-21 00:00:00-04:00,79.73280914632255,79.73280914632255,77.12088358063826,78.1673812866211,1390100,0.0,0.0
2015-07-22 00:00:00-04:00,78.12414171065292,80.04416480871963,77.95116279280352,79.80199432373047,590400,0.0,0.0
2015-07-23 00:00:00-04:00,79.87119766624981,80.2430941463658,78.15009842035117,78.43550872802734,429600,0.0,0.0
2015-07-24 00:00:00-04:00,78.08089749758389,78.26252041751083,76.30790808012313,77.17278289794922,684300,0.0,0.0
2015-07-27 00:00:00-04:00,76.67115908012325,76.75764524803233,75.5208739113646,76.6884536743164,489300,0.0,0.0
2015-07-28 00:00:00-04:00,77.39764786813652,77.62251717493395,76.69710135667582,76.88737487792969,882800,0.0,0.0
2015-07-29 00:00:00-04:00,76.54143802691722,78.34037962293469,76.38576026190663,78.13280487060547,611500,0.0,0.0
2015-07-30 00:00:00-04:00,77.90793665512427,78.25388795293368,77.09495209504301,77.68306732177734,566800,0.0,0.0
2015-07-31 00:00:00-04:00,78.01172045441135,79.39552569937644,77.4149612059544,78.25389099121094,810700,0.0,0.0
2015-08-03 00:00:00-04:00,78.3490135800365,78.98037515678864,77.9771237096755,78.40956115722656,551000,0.0,0.0
2015-08-04 00:00:00-04:00,78.36630263914924,79.66361478093168,78.35765204396554,78.67765808105469,594700,0.0,0.0
2015-08-05 00:00:00-04:00,79.3003743613845,80.32957091027694,78.53928029672382,78.66036224365234,574400,0.0,0.0
2015-08-06 00:00:00-04:00,79.04955921369914,79.5338869973814,78.47009467272628,78.5738754272461,602100,0.0,0.0
2015-08-07 00:00:00-04:00,78.4182047166038,80.1479544971318,78.08090403727857,78.64307403564453,541200,0.0,0.0
2015-08-10 00:00:00-04:00,79.4214573083459,81.2117479444414,79.24847838307622,81.15120697021484,644500,0.0,0.0
2015-08-11 00:00:00-04:00,80.52850519766952,80.77066912212602,79.8625478069421,80.62364196777344,671400,0.0,0.0
2015-08-12 00:00:00-04:00,79.75876644640259,80.82255890643606,78.81604934922657,80.69283294677734,639800,0.0,0.0
2015-08-13 00:00:00-04:00,80.41607301816512,82.3015006089522,80.27768986360695,81.7047348022461,683400,0.0,0.0
2015-08-14 00:00:00-04:00,81.28959275287582,82.82906907118985,81.23770236863172,82.41393280029297,539400,0.0,0.0
2015-08-17 00:00:00-04:00,82.59555615411504,83.53826666441897,81.89500956944984,83.51232147216797,559600,0.0,0.0
2015-08-18 00:00:00-04:00,83.17502096759426,83.78043738155804,82.31879662897829,82.34474182128906,393100,0.0,0.0
2015-08-19 00:00:00-04:00,82.05932954727803,83.07123821251291,81.22905042082085,81.62689208984375,584900,0.0,0.0
2015-08-20 00:00:00-04:00,80.58903207953759,81.09930503130143,79.06685062265629,79.31766510009766,685900,0.0,0.0
2015-08-21 00:00:00-04:00,78.57387939505463,78.96307703957106,76.67115735010148,76.74899291992188,861200,0.0,0.0
2015-08-24 00:00:00-04:00,71.92299809314159,74.59545830154804,71.23974614702675,71.39542388916016,1652700,0.0,0.0
2015-08-25 00:00:00-04:00,73.73059735547646,73.73059735547646,71.22245841313224,71.30030059814453,1299100,0.0,0.0
2015-08-26 00:00:00-04:00,72.82246236240375,73.92950775312822,70.30567988915278,73.4970703125,1023900,0.0,0.0
2015-08-27 00:00:00-04:00,74.18031717319056,76.06574471667717,74.08518700490838,75.9273681640625,702800,0.0,0.0
2015-08-28 00:00:00-04:00,74.91545197799202,75.60734780743465,73.24624347423668,75.32193756103516,933700,0.0,0.0
2015-08-31 00:00:00-04:00,74.95869917878835,75.86682038054609,74.7597816650323,75.15762329101562,958300,0.0,0.0
2015-09-01 00:00:00-04:00,73.69598012066264,74.45706756099739,73.04732402766463,73.34138488769531,600600,0.0,0.0
2015-09-02 00:00:00-04:00,74.37923580274224,75.01924133300781,73.32408744838979,75.01924133300781,616400,0.0,0.0
2015-09-03 00:00:00-04:00,75.34789301131583,76.18681600299871,74.56085379631521,75.66789245605469,648200,0.0,0.0
2015-09-04 00:00:00-04:00,74.3100456095949,74.92410596194954,73.40193097518511,74.32734680175781,805600,0.0,0.0
2015-09-08 00:00:00-04:00,75.59007125236691,76.71440471791148,75.27871574536144,76.59332275390625,637800,0.0,0.0
2015-09-09 00:00:00-04:00,77.40629607547858,77.59656959086085,75.26140362726649,75.3911361694336,407000,0.0,0.0
2015-09-10 00:00:00-04:00,75.27870914615572,76.47223408606658,75.14032600029684,75.97925567626953,425700,0.0,0.0
2015-09-11 00:00:00-04:00,75.55547465684724,75.97061092944446,75.22682455783509,75.88412475585938,386800,0.0,0.0
2015-09-14 00:00:00-04:00,75.77168362232494,76.16087465252328,74.97600037035832,75.15762329101562,333300,0.0,0.0
2015-09-15 00:00:00-04:00,75.66789164953055,76.90466283244135,75.11437232556064,76.58466339111328,485400,0.0,0.0
2015-09-16 00:00:00-04:00,76.11765033700404,77.9598317052477,76.11765033700404,77.726318359375,447800,0.0,0.0
2015-09-17 00:00:00-04:00,77.57928253506131,78.01172002209839,76.21278509086319,76.38575744628906,441600,0.0,0.0
2015-09-18 00:00:00-04:00,75.44303884945664,75.44303884945664,73.32409142977502,73.65274810791016,880400,0.0,0.0
2015-09-21 00:00:00-04:00,74.23221262891862,75.65925750243703,74.23221262891862,74.67329406738281,323400,0.0,0.0
2015-09-22 00:00:00-04:00,73.61815276079561,73.62679675876642,72.5716549392867,73.11652374267578,580100,0.0,0.0
2015-09-23 00:00:00-04:00,73.44517034938495,74.18896324493102,72.92624676140365,73.23760223388672,498600,0.0,0.0
2015-09-24 00:00:00-04:00,72.41598493155857,72.78788143665521,71.24839843054113,71.6375961303711,840600,0.0,0.0
2015-09-25 00:00:00-04:00,72.60623244351918,72.60623244351918,71.50784441706315,71.83649444580078,610400,0.0,0.0
2015-09-28 00:00:00-04:00,71.61165257561981,71.74137854672622,68.44620691117176,68.54134368896484,722400,0.0,0.0
2015-09-29 00:00:00-04:00,68.4289029277754,68.51538909614013,66.18022295946258,66.9672622680664,1189500,0.0,0.0
2015-09-30 00:00:00-04:00,68.12618100095153,71.05811246745041,67.87537313066983,70.82459259033203,1377400,0.0,0.0
2015-10-01 00:00:00-04:00,70.8332497404486,71.2137901778487,70.11540204949893,70.97162628173828,817200,0.0,0.0
2015-10-02 00:00:00-04:00,70.4700156584843,70.4700156584843,68.36836921149398,69.60514068603516,858500,0.0,0.0
2015-10-05 00:00:00-04:00,70.21919128888223,71.4386613980157,69.84729483888266,71.37812042236328,432700,0.0,0.0
2015-10-06 00:00:00-04:00,71.15325223256785,71.39542273745792,69.19863978877765,69.9078369140625,623500,0.0,0.0
2015-10-07 00:00:00-04:00,70.2710933281803,71.91435713801071,70.2710933281803,71.8105697631836,715200,0.0,0.0
2015-10-08 00:00:00-04:00,71.68082266533365,73.83436571680666,71.18784428215322,73.52301025390625,608300,0.0,0.0
2015-10-09 00:00:00-04:00,73.86032292652065,74.78573887006776,73.71329576690857,73.96410369873047,678200,0.0,0.0
2015-10-12 00:00:00-04:00,73.92951940676058,75.78899541579685,73.92951940676058,75.40845489501953,638800,0.0,0.0
2015-10-13 00:00:00-04:00,74.63869645466588,75.39113329328168,74.17166327976419,74.27544403076172,954300,0.0,0.0
2015-10-14 00:00:00-04:00,74.40518713479342,75.67655430283656,73.99005087490497,74.37924194335938,511800,0.0,0.0
2015-10-15 00:00:00-04:00,74.86356908604009,75.7976355598461,74.59545997907556,75.77169036865234,401300,0.0,0.0
2015-10-16 00:00:00-04:00,75.97061244130758,76.35981012789385,74.69060121044234,75.34790802001953,445300,0.0,0.0
2015-10-19 00:00:00-04:00,74.9932933741473,75.89276396105785,74.7251842967358,75.5295181274414,570700,0.0,0.0
2015-10-20 00:00:00-04:00,75.48626950905656,76.43763044441845,75.01923633748527,75.81492614746094,827800,0.0,0.0
2015-10-21 00:00:00-04:00,74.11978062660903,74.43113613670103,71.70678532110432,73.5576171875,1116400,0.0,0.0
2015-10-22 00:00:00-04:00,73.8084236712281,73.88626584646293,72.03543401630954,72.45922088623047,1379200,0.0,0.0
2015-10-23 00:00:00-04:00,72.92624534982744,75.20951437152686,72.63219107510267,74.07653045654297,705800,0.0,0.0
2015-10-26 00:00:00-04:00,74.07653064192007,74.56950903196451,73.64409322614526,74.54356384277344,406500,0.0,0.0
2015-10-27 00:00:00-04:00,74.13706621357326,75.30464583138556,73.8430053610705,75.27005004882812,814400,0.0,0.0
2015-10-28 00:00:00-04:00,75.62466042434812,77.47549211043965,75.3565447288218,77.45819091796875,540900,0.0,0.0
2015-10-29 00:00:00-04:00,77.73493872581113,78.84198392817943,77.3543983297654,78.49603271484375,844800,0.0,0.0
2015-10-30 00:00:00-04:00,78.72091281355776,80.40742287732046,78.72091281355776,79.37821960449219,770800,0.0,0.0
2015-11-02 00:00:00-05:00,79.76740352260038,80.58038132537362,79.47334266744937,80.3209228515625,499100,0.0,0.0
2015-11-03 00:00:00-05:00,79.84525540859394,80.44202123776155,79.26579077363328,80.0268783569336,525700,0.0,0.0
2015-11-04 00:00:00-05:00,80.2863273182016,80.72740870459253,79.75010257977208,80.64092254638672,627500,0.0,0.0
2015-11-05 00:00:00-05:00,80.20849420756703,80.21714480390501,78.29712152211538,78.62577819824219,1156700,0.0,0.0
2015-11-06 00:00:00-05:00,78.73820171206854,79.91443195492363,77.65710822403784,79.3263168334961,865900,0.0,0.0
2015-11-09 00:00:00-05:00,79.05822427739585,79.79336668315383,77.5446930779349,79.65498352050781,854100,0.0,0.0
2015-11-10 00:00:00-05:00,79.29172683104595,80.34687520804779,78.16738688213249,79.07550811767578,746100,0.0,0.0
2015-11-11 00:00:00-05:00,79.31765969160064,79.88848017343471,78.80738677463118,79.0322494506836,571000,0.0,0.0
2015-11-12 00:00:00-05:00,78.03766302251094,78.57388122300559,76.7749398959622,76.84413146972656,548700,0.0,0.0
2015-11-13 00:00:00-05:00,76.77494995415566,77.3976610026722,75.04519997426416,75.2268295288086,937800,0.0,0.0
2015-11-16 00:00:00-05:00,75.29599169203577,76.45492725851211,73.99003560393437,76.3943862915039,572300,0.0,0.0
2015-11-17 00:00:00-05:00,77.00846883930816,78.94578694261618,76.95657845213505,77.48414611816406,750500,0.0,0.0
2015-11-18 00:00:00-05:00,77.96846972844233,79.12739887030216,77.38035456136483,78.68631744384766,1314800,0.0,0.0
2015-11-19 00:00:00-05:00,78.73819823676595,79.04090308035973,78.03765179895309,78.27981567382812,631500,0.0,0.0
2015-11-20 00:00:00-05:00,78.57388579468514,78.89389189311053,77.69171627251292,78.05496215820312,551600,0.0,0.0
2015-11-23 00:00:00-05:00,77.76953894983356,78.5133317915322,77.18142383310605,77.92521667480469,529400,0.0,0.0
2015-11-24 00:00:00-05:00,77.16413578285423,78.44414687583063,76.75764354438486,78.2279281616211,482000,0.0,0.0
2015-11-25 00:00:00-05:00,78.52199496070693,78.84200105729893,77.93387974980423,78.2884750366211,284000,0.0,0.0
2015-11-27 00:00:00-05:00,78.0790579015303,79.25704857065683,78.0790579015303,79.05635070800781,188500,0.8,0.0
2015-11-30 00:00:00-05:00,79.41411368774871,79.49264329153918,78.56770356347616,78.7771224975586,391300,0.0,0.0
2015-12-01 00:00:00-05:00,79.09997890963916,80.25179298866617,79.03889811216455,80.22561645507812,353700,0.0,0.0
2015-12-02 00:00:00-05:00,80.2779726159832,80.69681714145597,78.62878436330469,78.7771224975586,476700,0.0,0.0
2015-12-03 00:00:00-05:00,78.95164015687818,79.22213987822606,76.96213707491809,77.44206237792969,437900,0.0,0.0
2015-12-04 00:00:00-05:00,77.32861547018136,78.7072970350497,77.32861547018136,78.24482727050781,489900,0.0,0.0
2015-12-07 00:00:00-05:00,78.26229699272757,78.39317966141103,76.997042384557,77.73001861572266,702300,0.0,0.0
2015-12-08 00:00:00-05:00,76.78762230509201,77.9394363733761,76.51712258412842,77.26754760742188,556600,0.0,0.0
2015-12-09 00:00:00-05:00,73.48924169907157,75.8452227658036,72.04074480310962,73.23619079589844,1802800,0.0,0.0
2015-12-10 00:00:00-05:00,73.23620110851219,74.8592128834003,73.23620110851219,74.23094940185547,1205200,0.0,0.0
2015-12-11 00:00:00-05:00,73.26238028449517,73.7597544490928,72.12802154176269,72.33744049072266,543400,0.0,0.0
2015-12-14 00:00:00-05:00,72.25018203288187,72.87843887004692,70.60099368854355,71.87496948242188,1042100,0.0,0.0
2015-12-15 00:00:00-05:00,72.42468902003002,75.25186778760917,72.29379969636364,74.55380249023438,1304000,0.0,0.0
2015-12-16 00:00:00-05:00,75.10353974643652,75.96739874694926,74.28330608813262,75.62709045410156,629900,0.0,0.0
2015-12-17 00:00:00-05:00,75.84521562420578,75.84521562420578,73.42815399169922,73.42815399169922,591800,0.0,0.0
2015-12-18 00:00:00-05:00,72.78246093346976,72.96570334433946,71.93605075661331,72.03203582763672,1529400,0.0,0.0
2015-12-21 00:00:00-05:00,72.40723741353492,74.11750631325127,72.40723741353492,73.5852279663086,416300,0.0,0.0
2015-12-22 00:00:00-05:00,73.72484636353192,74.18731623646912,72.84353861436436,73.88191223144531,312100,0.0,0.0
2015-12-23 00:00:00-05:00,74.37928190199857,75.07735386352363,74.2047672402711,74.94646453857422,491000,0.0,0.0
2015-12-24 00:00:00-05:00,74.68469319624494,75.45257376051777,74.68469319624494,74.937744140625,209200,0.0,0.0
2015-12-28 00:00:00-05:00,74.63233818206615,74.65851471747463,73.20129654973245,74.22222137451172,744500,0.0,0.0
2015-12-29 00:00:00-05:00,74.93774439124633,75.15589106913372,74.23095128522982,74.85921478271484,789400,0.0,0.0
2015-12-30 00:00:00-05:00,74.90283186570726,75.40021262746916,74.62360441508916,74.64105987548828,410700,0.0,0.0
2015-12-31 00:00:00-05:00,74.2134911499051,74.69340977360234,73.55032348632812,73.55032348632812,419900,0.0,0.0
2016-01-04 00:00:00-05:00,72.38107071325886,72.79991529673113,70.89767585069102,71.39505004882812,554500,0.0,0.0
2016-01-05 00:00:00-05:00,71.3950415966537,71.84878373916551,70.49627838513226,71.1419906616211,608600,0.0,0.0
2016-01-06 00:00:00-05:00,70.12978813137984,70.88021314737722,68.69001889569617,69.03905487060547,658400,0.0,0.0
2016-01-07 00:00:00-05:00,67.59055186605889,68.55039571832367,66.74414186614942,66.97974395751953,773200,0.0,0.0
2016-01-08 00:00:00-05:00,67.78254287851915,67.78254287851915,65.9152076594282,66.08100128173828,724300,0.0,0.0
2016-01-11 00:00:00-05:00,66.28168632323097,66.85759675281733,65.55743774928753,66.63945007324219,718600,0.0,0.0
2016-01-12 00:00:00-05:00,67.31132808105956,68.88198658407269,66.97974757811558,68.45441436767578,830800,0.0,0.0
2016-01-13 00:00:00-05:00,68.50677943861287,68.89944076637316,64.60631606598835,64.87681579589844,648000,0.0,0.0
2016-01-14 00:00:00-05:00,65.24329534782086,66.447469083184,63.70754776756886,65.57488250732422,639100,0.0,0.0
2016-01-15 00:00:00-05:00,63.78607653198198,65.48762432710109,63.14036433831324,65.32183074951172,736500,0.0,0.0
2016-01-19 00:00:00-05:00,66.01991503430287,66.11589344965668,63.48068446037965,64.34454345703125,518600,0.0,0.0
2016-01-20 00:00:00-05:00,63.21017085665494,64.33580828801311,61.04615331615791,63.49811935424805,582500,0.0,0.0
2016-01-21 00:00:00-05:00,63.83843560903338,63.97804599614244,62.33758566809518,62.37248992919922,664300,0.0,0.0
2016-01-22 00:00:00-05:00,63.63772880761479,64.63247680837883,62.94838472685618,64.51904296875,965400,0.0,0.0
2016-01-25 00:00:00-05:00,64.30963255473316,64.77210906499047,63.166546189343954,63.3759651184082,420900,0.0,0.0
2016-01-26 00:00:00-05:00,63.55047280611674,65.39163074979072,63.42831123559578,64.95533752441406,522000,0.0,0.0
2016-01-27 00:00:00-05:00,64.88553503112955,65.77557036426678,64.01294849941162,64.6237564086914,640500,0.0,0.0
2016-01-28 00:00:00-05:00,65.29567283285662,65.57490034680256,63.17528661037959,63.67266082763672,567500,0.0,0.0
2016-01-29 00:00:00-05:00,64.05658628091476,66.65689065246174,64.05658628091476,66.62198638916016,913600,0.0,0.0
2016-02-01 00:00:00-05:00,65.88901564396872,66.51727905745659,65.28692876315827,66.27294921875,942700,0.0,0.0
2016-02-02 00:00:00-05:00,65.27819286320882,65.5923245306373,62.73896965168619,63.24507141113281,915500,0.0,0.0
2016-02-03 00:00:00-05:00,67.1280846597533,68.05302428759866,61.27302961201475,62.704071044921875,1120200,0.0,0.0
2016-02-04 00:00:00-05:00,62.39867027165119,64.53650480071019,62.11071509293655,63.76863098144531,719400,0.0,0.0
2016-02-05 00:00:00-05:00,63.698838181333734,64.57142500573556,63.22764049727965,64.01296997070312,1112900,0.0,0.0
2016-02-08 00:00:00-05:00,62.677906590395644,63.332346639741054,61.75296012701771,63.00948715209961,776800,0.0,0.0
2016-02-09 00:00:00-05:00,62.276501281829205,65.03387117686351,62.232869293640164,63.96931457519531,954000,0.0,0.0
2016-02-10 00:00:00-05:00,63.89080294236842,64.99898518638459,63.114201266940164,63.30617141723633,768900,0.0,0.0
2016-02-11 00:00:00-05:00,62.259061717514626,62.7389870808856,60.78439467401805,61.36902618408203,897000,0.0,0.0
2016-02-12 00:00:00-05:00,62.40738626022415,64.08275747251406,62.30268013635457,63.47194290161133,510800,0.0,0.0
2016-02-16 00:00:00-05:00,64.51904560528489,65.69703600619009,63.99548839838797,65.50506591796875,741800,0.0,0.0
2016-02-17 00:00:00-05:00,66.18569903581061,66.54346277384431,65.56616328543561,66.11589050292969,519000,0.0,0.0
2016-02-18 00:00:00-05:00,66.4038418526709,67.62546447792725,66.17696746263427,67.39859008789062,728700,0.0,0.0
2016-02-19 00:00:00-05:00,66.77905375895385,67.99194864261817,66.58708363509774,67.1804428100586,621400,0.0,0.0
2016-02-22 00:00:00-05:00,67.7301795117635,69.25720617952287,67.60801791092739,68.23627471923828,613200,0.0,0.0
2016-02-23 00:00:00-05:00,67.69527920350883,68.0443152222907,66.36894366359935,66.63945007324219,668800,0.0,0.0
2016-02-24 00:00:00-05:00,65.74067474449464,67.72145015992183,65.41782194600252,67.61673736572266,695300,0.0,0.0
2016-02-25 00:00:00-05:00,67.86978875408188,68.0355823483656,67.10191489665071,67.57311248779297,608700,0.0,0.0
2016-02-26 00:00:00-05:00,68.2624516650574,68.74237029376789,67.59055626463245,68.41951751708984,337500,0.0,0.0
2016-02-29 00:00:00-05:00,68.4369714095665,68.7772796713957,67.46839969288096,67.57311248779297,560400,0.0,0.0
2016-03-01 00:00:00-05:00,68.03557778943657,69.14375983443986,67.57310795985313,68.89070892333984,727400,0.0,0.0
2016-03-02 00:00:00-05:00,68.70746796947697,69.44916525826558,68.48060024360305,69.16121673583984,381200,0.0,0.0
2016-03-03 00:00:00-05:00,69.06523435292401,70.27812925811365,69.06523435292401,70.06871032714844,475300,0.0,0.0
2016-03-04 00:00:00-05:00,70.31302548910016,70.54862092735422,69.80692369456091,70.08615112304688,648900,0.0,0.0
2016-03-07 00:00:00-05:00,69.83310677864785,70.16469395798838,69.30955613327205,69.79820251464844,486500,0.0,0.0
2016-03-08 00:00:00-05:00,69.44917656268093,69.44917656268093,67.79126705575287,67.8959732055664,468400,0.0,0.0
2016-03-09 00:00:00-05:00,68.06176677981763,68.27991346821449,66.97976106941566,67.60802459716797,525300,0.0,0.0
2016-03-10 00:00:00-05:00,68.0268593648264,68.18392523950081,65.78431177810799,66.45620727539062,602000,0.0,0.0
2016-03-11 00:00:00-05:00,67.18916649274824,68.52422289165575,66.84885825997993,68.45441436767578,371000,0.0,0.0
2016-03-14 00:00:00-04:00,68.11410460438007,68.3235301716142,67.46839241534265,67.78252410888672,319400,0.0,0.0
2016-03-15 00:00:00-04:00,67.50331043797209,67.529486974886,66.75288531233372,67.42477416992188,296200,0.0,0.0
2016-03-16 00:00:00-04:00,67.25898218819546,68.32353899182267,67.11936512534888,68.0443115234375,330000,0.0,0.0
2016-03-17 00:00:00-04:00,67.8087037596141,69.29210497120914,67.72144643123967,68.9866943359375,502700,0.0,0.0
2016-03-18 00:00:00-04:00,68.89071073915346,70.40901624577289,68.7947256787129,69.45789337158203,918300,0.0,0.0
2016-03-21 00:00:00-04:00,69.5887749220077,69.64112798283341,68.53294603241267,69.28337097167969,510200,0.0,0.0
2016-03-22 00:00:00-04:00,69.06523310307414,69.99017280063093,68.32353579895928,69.745849609375,617500,0.0,0.0
2016-03-23 00:00:00-04:00,69.8156563383654,70.11233258944284,69.0390547901833,69.06523132324219,390900,0.0,0.0
2016-03-24 00:00:00-04:00,68.82963047838176,69.71967256261642,68.30607983564187,69.70221710205078,762000,0.0,0.0
2016-03-28 00:00:00-04:00,69.8069217603047,69.8069217603047,68.96923949805786,69.43170928955078,332500,0.0,0.0
2016-03-29 00:00:00-04:00,69.40554149025266,69.87673907028802,69.05650550608117,69.80693054199219,1056200,0.0,0.0
2016-03-30 00:00:00-04:00,70.27813796382,71.1594524493786,70.10361661864034,70.64462280273438,574000,0.0,0.0
2016-03-31 00:00:00-04:00,70.4962780421973,71.25543084360214,70.4962780421973,71.04600524902344,854800,0.0,0.0
2016-04-01 00:00:00-04:00,70.83658258300223,72.37233690919925,70.33920847234793,72.30252838134766,1054200,0.0,0.0
2016-04-04 00:00:00-04:00,72.3723246606144,72.41594999015759,70.5573431874934,70.7754898071289,648400,0.0,0.0
2016-04-05 00:00:00-04:00,70.1821433584865,70.64461321012521,69.69349697295242,69.81565856933594,721900,0.0,0.0
2016-04-06 00:00:00-04:00,69.67604925367132,70.14724688806457,68.93435186256114,69.87674713134766,544500,0.0,0.0
2016-04-07 00:00:00-04:00,70.0250821782969,70.33048618966897,68.11411518851318,69.01287841796875,612900,0.0,0.0
2016-04-08 00:00:00-04:00,69.77201734419383,69.98143624495954,69.23973903437975,69.48406219482422,415700,0.0,0.0
2016-04-11 00:00:00-04:00,69.76331271787892,70.46138482801507,69.39682785584651,69.545166015625,465500,0.0,0.0
2016-04-12 00:00:00-04:00,69.693492087127,71.0198207508698,68.73364152953529,70.83657836914062,465100,0.0,0.0
2016-04-13 00:00:00-04:00,71.2990598325726,72.76500578312432,70.99365581314689,72.44214630126953,403900,0.0,0.0
2016-04-14 00:00:00-04:00,72.39851355088592,72.79117487034894,71.9360437034671,72.47704315185547,489700,0.0,0.0
2016-04-15 00:00:00-04:00,72.55558729966558,72.93079985659324,71.90987498913019,72.39852142333984,495500,0.0,0.0
2016-04-18 00:00:00-04:00,72.13672901328563,73.16638141603644,72.00583969837609,72.98313903808594,613200,0.0,0.0
2016-04-19 00:00:00-04:00,73.44560227155608,73.82954245229807,72.66027310972318,73.384521484375,433200,0.0,0.0
2016-04-20 00:00:00-04:00,73.69866387653381,74.86793338930518,72.86970926451434,74.5014419555664,794900,0.0,0.0
2016-04-21 00:00:00-04:00,70.5748022868218,70.98491905675388,67.48584490313503,69.004150390625,2359200,0.0,0.0
2016-04-22 00:00:00-04:00,69.52771315411559,71.8051651254204,69.23975792617851,70.74060821533203,1134500,0.0,0.0
2016-04-25 00:00:00-04:00,70.76676207829766,71.3601211499985,69.83309481254994,70.7754898071289,753700,0.0,0.0
2016-04-26 00:00:00-04:00,71.13326293081086,71.49975439445242,70.39156558733352,71.1419906616211,607700,0.0,0.0
2016-04-27 00:00:00-04:00,70.8453017198389,71.83132209123573,67.7476169095738,69.25719451904297,1065400,0.0,0.0
2016-04-28 00:00:00-04:00,68.85581090511072,69.92036095111366,68.45441521590573,68.70746612548828,757300,0.0,0.0
2016-04-29 00:00:00-04:00,68.53294719126166,68.75109382479994,66.70051680100153,67.21533966064453,965800,0.0,0.0
2016-05-02 00:00:00-04:00,67.54693533689358,67.7214500028463,66.84013562797723,67.35496520996094,959000,0.0,0.0
2016-05-03 00:00:00-04:00,66.42129002677646,67.69526558023821,66.21186446326799,67.32005310058594,615400,0.0,0.0
2016-05-04 00:00:00-04:00,67.05827388127489,68.10538171762761,66.37765744916443,67.30259704589844,552500,0.0,0.0
2016-05-05 00:00:00-04:00,67.78253728403216,68.25373491593672,66.70925267958707,67.11936950683594,689100,0.0,0.0
2016-05-06 00:00:00-04:00,66.4649373611315,67.14555402456818,66.21188638110596,67.0146713256836,628100,0.0,0.0
2016-05-09 00:00:00-04:00,67.1542735183031,67.63419887969903,66.55218654806247,66.99720764160156,696100,0.0,0.0
2016-05-10 00:00:00-04:00,67.49457844120384,68.53295872189112,67.2328064312991,68.41079711914062,747200,0.0,0.0
2016-05-11 00:00:00-04:00,68.3060815395352,68.5853089997823,67.31133329632316,67.32878875732422,546700,0.0,0.0
2016-05-12 00:00:00-04:00,67.89596475101118,68.27990500534136,66.66562104274693,67.32878875732422,612400,0.0,0.0
2016-05-13 00:00:00-04:00,66.99720135704473,67.85233919605136,66.84013549507648,67.29388427734375,495700,0.0,0.0
2016-05-16 00:00:00-04:00,67.1455417257159,68.6027665270377,67.13682065226047,68.33226013183594,597200,0.0,0.0
2016-05-17 00:00:00-04:00,68.34970736398712,69.65858721397244,67.72144397082502,67.88723754882812,614300,0.0,0.0
2016-05-18 00:00:00-04:00,67.86979746963812,68.75983969741604,67.31134247300865,67.94833374023438,466200,0.0,0.0
2016-05-19 00:00:00-04:00,67.50331005433866,68.10539702917076,66.36022356687101,67.24153137207031,432400,0.0,0.0
2016-05-20 00:00:00-04:00,67.71273245505267,68.873274464354,67.49458576115282,68.37590026855469,649800,0.0,0.0
2016-05-23 00:00:00-04:00,68.32353721121494,68.65511774087214,67.59928869551622,67.67781829833984,380300,0.0,0.0
2016-05-24 00:00:00-04:00,68.2537406997075,69.43173155063674,68.24501296764328,69.32701873779297,518300,0.0,0.0
2016-05-25 00:00:00-04:00,69.61495868284918,69.76329680880009,68.99542298860634,69.21356964111328,435500,0.0,0.0
2016-05-26 00:00:00-04:00,69.16120807877333,69.65858211909719,68.62892977945924,68.96051025390625,536700,0.0,0.0
2016-05-27 00:00:00-04:00,68.96052164174883,70.33673724936597,68.66939846220006,70.12500762939453,474900,0.86,0.0
2016-05-31 00:00:00-04:00,70.21321705306025,70.66313403178017,69.85152410469412,70.3543701171875,564200,0.0,0.0
2016-06-01 00:00:00-04:00,70.35436965422265,70.77782211326934,69.85152364503823,70.6895980834961,368100,0.0,0.0
2016-06-02 00:00:00-04:00,70.34555704425081,71.43947326561292,70.34555704425081,71.41300201416016,337600,0.0,0.0
2016-06-03 00:00:00-04:00,70.77783531966071,71.21892862863626,68.66058609046804,69.50748443603516,525300,0.0,0.0
2016-06-06 00:00:00-04:00,69.36632601810443,70.25733631834578,69.28693245925135,69.74566650390625,577300,0.0,0.0
2016-06-07 00:00:00-04:00,69.74567231452978,70.76018827787415,69.42808459156025,70.55728912353516,390600,0.0,0.0
2016-06-08 00:00:00-04:00,70.61021329172655,71.06894734292491,69.90446134929131,70.73371887207031,541800,0.0,0.0
2016-06-09 00:00:00-04:00,70.32790165332655,70.68077756329187,69.62214983339591,69.86034393310547,608600,0.0,0.0
2016-06-10 00:00:00-04:00,68.95170076002445,68.95170076002445,67.16085649345902,67.57548522949219,717900,0.0,0.0
2016-06-13 00:00:00-04:00,67.47845348908345,67.84015323828825,66.14635652289223,66.17282104492188,492900,0.0,0.0
2016-06-14 00:00:00-04:00,65.81993690861039,65.8375776775991,64.36432780200234,64.84953308105469,1162000,0.0,0.0
2016-06-15 00:00:00-04:00,65.32590997522689,65.81110848930362,64.14377662038918,64.24964141845703,951000,0.0,0.0
2016-06-16 00:00:00-04:00,63.508606494741265,65.22005051899666,62.908719384320236,64.8318862915039,997500,0.0,0.0
2016-06-17 00:00:00-04:00,64.77014196407791,65.8375869985678,64.48784250644876,65.10537719726562,909300,0.0,0.0
2016-06-20 00:00:00-04:00,65.81993493092709,67.28436101275356,65.49352350477687,66.31395721435547,608400,0.0,0.0
2016-06-21 00:00:00-04:00,66.42865124538079,67.24026127239831,66.18163335274342,66.79034423828125,685000,0.0,0.0
2016-06-22 00:00:00-04:00,66.702125915689,67.76957083883205,66.702125915689,67.31083679199219,620300,0.0,0.0
2016-06-23 00:00:00-04:00,68.14891335498521,68.43121279157029,66.75505694223098,67.77839660644531,1036700,0.0,0.0
2016-06-24 00:00:00-04:00,62.697007643422396,63.984999400164135,57.49210483840419,58.69187927246094,4132500,0.0,0.0
2016-06-27 00:00:00-04:00,55.771830520091825,56.10705896056182,50.51399652493988,53.23113250732422,3931500,0.0,0.0
2016-06-28 00:00:00-04:00,54.26328921588883,55.19840810156101,51.36971862174949,52.84297180175781,3029700,0.0,0.0
2016-06-29 00:00:00-04:00,54.280937860346846,55.50717663805366,53.883956601294734,55.21605682373047,1808600,0.0,0.0
2016-06-30 00:00:00-04:00,55.39249865841537,56.76870763136614,55.11019920933445,56.759883880615234,1321300,0.0,0.0
2016-07-01 00:00:00-04:00,55.62186410408077,56.60109512758732,54.8808272301709,55.5160026550293,1280100,0.0,0.0
2016-07-05 00:00:00-04:00,54.545590389980106,55.127833318465825,54.00745611140141,54.08685302734375,1256800,0.0,0.0
2016-07-06 00:00:00-04:00,53.672228403285395,53.892775034895664,52.39305726689094,53.522254943847656,1480700,0.0,0.0
2016-07-07 00:00:00-04:00,53.83102511308292,55.039619776372575,53.151741047727135,53.70751953125,1285000,0.0,0.0
2016-07-08 00:00:00-04:00,54.633816877267144,55.79830293006388,54.13097078016287,55.44542694091797,1013200,0.0,0.0
2016-07-11 00:00:00-04:00,55.912983806391914,57.11275467307967,55.73654582546664,56.39818572998047,841900,0.0,0.0
2016-07-12 00:00:00-04:00,57.15687034398741,58.89477901443227,57.05982928001488,58.7271614074707,1504600,0.0,0.0
2016-07-13 00:00:00-04:00,58.586013242414786,58.61247776258083,57.00689847719677,58.42721939086914,1040400,0.0,0.0
2016-07-14 00:00:00-04:00,59.30940270792975,60.20040624723794,59.221178671480295,59.35350799560547,923000,0.0,0.0
2016-07-15 00:00:00-04:00,59.67109912255586,60.156304428813904,59.344687668295954,59.63581085205078,1109200,0.0,0.0
2016-07-18 00:00:00-04:00,59.80342572484276,60.47388937273998,59.75931370608737,60.226871490478516,690100,0.0,0.0
2016-07-19 00:00:00-04:00,59.84752702029352,60.33273227203577,59.203534664943234,59.512298583984375,617200,0.0,0.0
2016-07-20 00:00:00-04:00,59.61816977528969,60.90616135462492,59.04474716099436,60.75619125366211,1214000,0.0,0.0
2016-07-21 00:00:00-04:00,60.75618575821461,62.73228160374498,58.79773068097569,61.991241455078125,1853100,0.0,0.0
2016-07-22 00:00:00-04:00,62.23826347098794,62.76757405212489,61.74423442878415,62.105934143066406,1299500,0.0,0.0
2016-07-25 00:00:00-04:00,62.21180659283119,62.794053077974006,61.28551454449138,61.73543167114258,1182600,0.0,0.0
2016-07-26 00:00:00-04:00,61.83245106895842,62.45880943231436,61.55015164669973,62.00006866455078,863300,0.0,0.0
2016-07-27 00:00:00-04:00,61.64719865786605,61.64719865786605,60.03280225651289,61.02967071533203,1236800,0.0,0.0
2016-07-28 00:00:00-04:00,61.073776335383045,61.603086906424245,60.69443585886952,61.2943229675293,682200,0.0,0.0
2016-07-29 00:00:00-04:00,61.4266425612748,62.035353390034565,60.870867498417226,61.2237434387207,1194900,0.0,0.0
2016-08-01 00:00:00-04:00,61.33843092065307,61.33843092065307,59.547593266705235,59.86518096923828,1367900,0.0,0.0
2016-08-02 00:00:00-04:00,59.926928034657685,60.147474655316586,58.665401095266844,58.94770050048828,899500,0.0,0.0
2016-08-03 00:00:00-04:00,58.744797636083256,60.18276598347243,58.69186859820849,59.9092903137207,739800,0.0,0.0
2016-08-04 00:00:00-04:00,60.05043687655513,60.3768483159174,59.847531013049064,60.226871490478516,512100,0.0,0.0
2016-08-05 00:00:00-04:00,60.685605012043425,62.070637430724865,60.50916368863122,61.23256301879883,598100,0.0,0.0
2016-08-08 00:00:00-04:00,61.21492519034696,61.90302963397293,60.74736738791134,60.809120178222656,500900,0.0,0.0
2016-08-09 00:00:00-04:00,60.87968897154582,61.51486429423324,60.49152477867051,60.86204147338867,500900,0.0,0.0
2016-08-10 00:00:00-04:00,60.932630955150515,61.65602373072344,60.553290430731174,60.897342681884766,734300,0.0,0.0
2016-08-11 00:00:00-04:00,61.109053249954385,62.09710451020845,60.967906915945846,61.91184616088867,940300,0.0,0.0
2016-08-12 00:00:00-04:00,61.611903455318505,61.611903455318505,61.0296638507832,61.356075286865234,541200,0.0,0.0
2016-08-15 00:00:00-04:00,61.444285879320745,62.432330368283786,61.444285879320745,62.1765022277832,474700,0.0,0.0
2016-08-16 00:00:00-04:00,61.717767225347956,62.344118837685514,61.214921185553074,61.259033203125,719200,0.0,0.0
2016-08-17 00:00:00-04:00,61.50605647660486,61.955973568471826,61.10025141100827,61.85893249511719,929600,0.0,0.0
2016-08-18 00:00:00-04:00,61.74422975025513,62.547022676413235,61.65601244850831,61.83244705200195,1285400,0.0,0.0
2016-08-19 00:00:00-04:00,61.47957954043242,62.19414845400062,61.426643773485566,62.03535461425781,574900,0.0,0.0
2016-08-22 00:00:00-04:00,61.75306903308997,62.158874107641374,61.53252235797179,61.94715118408203,680600,0.0,0.0
2016-08-23 00:00:00-04:00,62.36178063070584,63.34982543751429,62.31766860302312,62.54703903198242,914800,0.0,0.0
2016-08-24 00:00:00-04:00,62.76758462213352,63.12046064583191,62.36177955057298,62.723472595214844,506900,0.0,0.0
2016-08-25 00:00:00-04:00,62.4235222628099,63.32334958381341,62.24708091419698,63.20866775512695,673900,0.0,0.0
2016-08-26 00:00:00-04:00,63.146912741478715,64.20553387367063,63.093976973484814,63.464500427246094,878800,0.0,0.0
2016-08-29 00:00:00-04:00,63.65858525475328,63.826196123996624,63.093979665538484,63.146915435791016,546400,0.0,0.0
2016-08-30 00:00:00-04:00,62.11476009360529,63.16455754306232,62.11476009360529,62.741111755371094,649000,0.0,0.0
2016-08-31 00:00:00-04:00,62.67052942990673,63.13808719549903,61.89420773708826,63.041046142578125,934800,0.0,0.0
2016-09-01 00:00:00-04:00,63.39393419768892,63.7115219350938,62.4147064624489,62.92637634277344,457100,0.0,0.0
2016-09-02 00:00:00-04:00,63.323348352752696,64.1526058487388,63.23513104543588,63.835018157958984,553400,0.0,0.0
2016-09-06 00:00:00-04:00,63.94970792011368,63.94970792011368,62.494098611833714,63.11163330078125,584400,0.0,0.0
2016-09-07 00:00:00-04:00,63.11161803965298,64.13495079905084,62.92635969693134,64.05555725097656,525600,0.0,0.0
2016-09-08 00:00:00-04:00,64.05557261837576,64.17907820982008,63.15573847436722,63.1645622253418,428900,0.0,0.0
2016-09-09 00:00:00-04:00,62.48527418606478,62.48527418606478,60.99437678106021,61.00320053100586,649400,0.0,0.0
2016-09-12 00:00:00-04:00,60.491532760115895,62.09711204628833,60.279809868134194,61.96478271484375,510700,0.0,0.0
2016-09-13 00:00:00-04:00,61.24138954560824,61.62955378683453,60.11219182264014,60.36802673339844,519300,0.0,0.0
2016-09-14 00:00:00-04:00,60.56211936268377,60.791489793258435,59.56524406665762,59.776973724365234,621200,0.0,0.0
2016-09-15 00:00:00-04:00,59.37116367723152,60.52682602405532,59.37116367723152,60.35039138793945,491200,0.0,0.0
2016-09-16 00:00:00-04:00,60.08572496508257,60.226871309687766,59.52112612556366,59.7857780456543,1296000,0.0,0.0
2016-09-19 00:00:00-04:00,60.51798813966287,60.98554587367104,59.81224302946976,59.997501373291016,432900,0.0,0.0
2016-09-20 00:00:00-04:00,60.60621661266479,60.835587012783016,59.66227722167969,59.66227722167969,471100,0.0,0.0
2016-09-21 00:00:00-04:00,60.25335826445083,61.35609171196603,60.17395795634331,61.05614471435547,507200,0.0,0.0
2016-09-22 00:00:00-04:00,61.67366453460379,62.01771674839182,61.3031410708289,61.8853874206543,445700,0.0,0.0
2016-09-23 00:00:00-04:00,61.77070575880961,62.39706419799432,61.46194177998262,61.558982849121094,596500,0.0,0.0
2016-09-26 00:00:00-04:00,61.14434673739949,61.40900539076981,60.01514904671119,61.32960510253906,559200,0.0,0.0
2016-09-27 00:00:00-04:00,60.897341123526374,62.300021345108014,60.87087660189178,62.24708557128906,541000,0.0,0.0
2016-09-28 00:00:00-04:00,62.59995621685952,63.18220256528224,62.22061573455206,63.10280227661133,476700,0.0,0.0
2016-09-29 00:00:00-04:00,63.19985085346847,63.217498355516696,62.01772397713689,62.167694091796875,530800,0.0,0.0
2016-09-30 00:00:00-04:00,62.74110738017177,63.984986866641975,62.264725854327125,63.74679946899414,821400,0.0,0.0
2016-10-03 00:00:00-04:00,63.64976670091969,64.51430582921598,63.376284268844465,64.34669494628906,937100,0.0,0.0
2016-10-04 00:00:00-04:00,64.64663274813708,65.54646684614121,64.4437335999447,64.9289321899414,788000,0.0,0.0
2016-10-05 00:00:00-04:00,65.14948386076271,65.74054731095003,65.0612665403773,65.19359588623047,662600,0.0,0.0
2016-10-06 00:00:00-04:00,65.16713106408935,65.65232968925734,65.16713106408935,65.42296600341797,536600,0.0,0.0
2016-10-07 00:00:00-04:00,65.24652138491423,65.24652138491423,64.05557079808769,64.47019958496094,469300,0.0,0.0
2016-10-10 00:00:00-04:00,64.91128076885977,65.62584964137342,64.91128076885977,65.25533294677734,781500,0.0,0.0
2016-10-11 00:00:00-04:00,65.01714385705436,65.31709077385645,63.358635621807295,63.464500427246094,661000,0.0,0.0
2016-10-12 00:00:00-04:00,63.4733075246154,64.18788307116753,63.40273772923635,63.77325439453125,524600,0.0,0.0
2016-10-13 00:00:00-04:00,63.138092946795496,63.843844899498905,62.317659162261286,63.288063049316406,724400,0.0,0.0
2016-10-14 00:00:00-04:00,63.808558873064285,64.23200467514009,63.47332365499213,63.64976501464844,800800,0.0,0.0
2016-10-17 00:00:00-04:00,63.55272127689397,63.8879497503191,63.04987520148157,63.07633972167969,431800,0.0,0.0
2016-10-18 00:00:00-04:00,63.870322829910016,63.870322829910016,63.235147285227185,63.31454086303711,598600,0.0,0.0
2016-10-19 00:00:00-04:00,63.49978154375465,64.28492691998514,63.49978154375465,63.94969177246094,710000,0.0,0.0
2016-10-20 00:00:00-04:00,63.38510619894336,64.41726291106743,63.34100090704,64.32022857666016,947200,0.0,0.0
2016-10-21 00:00:00-04:00,66.31395495310603,70.57491719402708,65.34355118779787,70.56609344482422,1843800,0.0,0.0
2016-10-24 00:00:00-04:00,72.01288736825644,72.46280440402356,69.00463466101024,69.45455169677734,1285300,0.0,0.0
2016-10-25 00:00:00-04:00,69.21636342947644,70.07208555288533,68.88113492703327,69.0311050415039,738000,0.0,0.0
2016-10-26 00:00:00-04:00,68.40474826254766,69.8779982367135,68.3871007618292,69.1634292602539,629800,0.0,0.0
2016-10-27 00:00:00-04:00,69.16341631251211,69.20752159495257,67.43433174601783,67.78720092773438,784600,0.0,0.0
2016-10-28 00:00:00-04:00,67.73429036398468,68.43121862982065,67.49610292833064,67.75193786621094,805300,0.0,0.0
2016-10-31 00:00:00-04:00,67.91954875406006,68.59001249710668,67.34612608160768,67.75193786621094,666800,0.0,0.0
2016-11-01 00:00:00-04:00,67.99894289905416,68.29006608449018,66.86974515856838,67.16968536376953,745100,0.0,0.0
2016-11-02 00:00:00-04:00,66.85208660356318,67.89306686041948,66.4198171373194,67.5578384399414,587300,0.0,0.0
2016-11-03 00:00:00-04:00,67.57548476285912,67.9989372456101,67.2931853512081,67.63723754882812,715200,0.0,0.0
2016-11-04 00:00:00-04:00,67.71664283821237,69.04873970977836,67.38140763485058,68.17537689208984,704400,0.0,0.0
2016-11-07 00:00:00-05:00,69.69273421466771,70.41612688286382,69.35750576422768,69.90445709228516,734400,0.0,0.0
2016-11-08 00:00:00-05:00,69.64862406506057,70.28379944549805,69.18989002949414,69.6574478149414,588200,0.0,0.0
2016-11-09 00:00:00-05:00,68.97816634329575,70.91015025066423,68.60764288865403,70.61903381347656,912200,0.0,0.0
2016-11-10 00:00:00-05:00,71.74823110179666,73.00975809136345,71.10423198241683,72.0658187866211,903300,0.0,0.0
2016-11-11 00:00:00-05:00,71.80116990093534,73.78608983567675,71.58062324151963,73.68904876708984,918800,0.0,0.0
2016-11-14 00:00:00-05:00,74.35950839739861,75.70925280173374,73.9713441444475,74.41243743896484,725100,0.0,0.0
2016-11-15 00:00:00-05:00,74.29776295795986,75.36520802866117,73.33617598086683,75.35638427734375,620000,0.0,0.0
2016-11-16 00:00:00-05:00,74.81823832477455,75.97390726927468,74.73884476681572,75.80628967285156,1305600,0.0,0.0
2016-11-17 00:00:00-05:00,75.86805437722616,76.63555921078455,75.60339568136459,76.23857116699219,799000,0.0,0.0
2016-11-18 00:00:00-05:00,76.07095585165,76.27385500686945,75.17112172248164,75.36520385742188,704500,0.0,0.0
2016-11-21 00:00:00-05:00,75.88569970369092,76.25622324624439,74.88883111981167,75.7269058227539,740500,0.0,0.0
2016-11-22 00:00:00-05:00,76.08859748523354,76.70612543927054,75.48871030250477,76.6267318725586,647000,0.0,0.0
2016-11-23 00:00:00-05:00,76.70612075164605,77.59713108563412,76.59143891877609,76.97077941894531,419800,0.0,0.0
2016-11-25 00:00:00-05:00,77.13839533303455,77.5530240951266,76.75023109098252,77.38540649414062,485600,0.0,0.0
2016-11-28 00:00:00-05:00,77.0325206467067,77.147202462361,75.78864125044602,76.47674560546875,1183400,0.0,0.0
2016-11-29 00:00:00-05:00,76.47675138675712,76.91335215581344,75.80848199008427,75.84412384033203,838600,0.86,0.0
2016-11-30 00:00:00-05:00,76.67277982404511,76.96681319847603,75.95104423738157,76.10252380371094,701600,0.0,0.0
2016-12-01 00:00:00-05:00,76.45892230201981,76.91334736689973,75.88866632953763,76.25399017333984,720600,0.0,0.0
2016-12-02 00:00:00-05:00,76.16490025378408,76.76188600137294,75.71938728430193,76.49457550048828,776100,0.0,0.0
2016-12-05 00:00:00-05:00,77.13611562392674,77.98258755069477,76.23617751793938,77.02919006347656,502500,0.0,0.0
2016-12-06 00:00:00-05:00,77.1183029745615,78.79342940631598,76.65496564795589,78.7756118774414,571200,0.0,0.0
2016-12-07 00:00:00-05:00,78.51719996877395,80.5041837977717,78.25880165776765,80.48636627197266,890100,0.0,0.0
2016-12-08 00:00:00-05:00,80.94970158056698,82.80303708237079,80.50418863097885,82.71393585205078,695000,0.0,0.0
2016-12-09 00:00:00-05:00,82.58918471756809,82.62482656581864,81.44867276550036,82.17931365966797,473400,0.0,0.0
2016-12-12 00:00:00-05:00,81.91201803785319,82.3664431878975,81.30612010379032,81.85855865478516,481700,0.0,0.0
2016-12-13 00:00:00-05:00,82.44664093159797,82.75849869560051,81.49324331136769,82.0634994506836,728100,0.0,0.0
2016-12-14 00:00:00-05:00,81.71599014524172,82.25951652580756,80.6467617102206,80.68240356445312,469300,0.0,0.0
2016-12-15 00:00:00-05:00,80.42400521975883,81.42194994631491,79.39041184098163,80.68240356445312,773200,0.0,0.0
2016-12-16 00:00:00-05:00,80.6645788362405,81.60906417573396,80.20124832950461,80.57547760009766,1213900,0.0,0.0
2016-12-19 00:00:00-05:00,80.87842350972933,81.35067297949163,80.25470805606379,81.11009216308594,543300,0.0,0.0
2016-12-20 00:00:00-05:00,81.30612982512655,81.56452820416514,80.33491466066137,80.65567779541016,484800,0.0,0.0
2016-12-21 00:00:00-05:00,80.76258437838945,80.79822622897687,80.14777435223525,80.6289291381836,410900,0.0,0.0
2016-12-22 00:00:00-05:00,80.85167418324572,80.87840386791298,79.66661510908006,80.17449951171875,238500,0.0,0.0
2016-12-23 00:00:00-05:00,80.31706897860765,80.58437945081731,79.90719790641049,80.53982543945312,180600,0.0,0.0
2016-12-27 00:00:00-05:00,80.58437821787875,81.26155295393713,80.32597991149296,80.8160400390625,348000,0.0,0.0
2016-12-28 00:00:00-05:00,81.01206845911862,81.01206845911862,79.59534062399929,79.8359146118164,167300,0.0,0.0
2016-12-29 00:00:00-05:00,79.73791901218613,80.05868893282293,79.2567641312309,79.49734497070312,479000,0.0,0.0
2016-12-30 00:00:00-05:00,79.52406562240603,79.8359233436805,78.75778276556673,79.18547821044922,411400,0.0,0.0
2017-01-03 00:00:00-05:00,79.47951039813978,81.19919071845008,79.11419330105217,81.07444763183594,860200,0.0,0.0
2017-01-04 00:00:00-05:00,81.30611108696979,82.58919052221893,80.86951031169282,81.97438049316406,669200,0.0,0.0
2017-01-05 00:00:00-05:00,81.83181019246459,81.83181019246459,79.96065728097602,80.11213684082031,658000,0.0,0.0
2017-01-06 00:00:00-05:00,80.73585179377842,80.84277734170504,79.70225855778408,80.21905517578125,513200,0.0,0.0
2017-01-09 00:00:00-05:00,80.32598548016057,80.88732934454272,79.29239218296266,80.02303314208984,705100,0.0,0.0
2017-01-10 00:00:00-05:00,80.04975049945295,81.51994435357511,79.99629112955336,80.43289184570312,837400,0.0,0.0
2017-01-11 00:00:00-05:00,80.24579662682453,81.76054485356029,80.10323600667816,81.75163269042969,638700,0.0,0.0
2017-01-12 00:00:00-05:00,81.69817227809126,81.95657062171327,80.70022075768784,81.76054382324219,369300,0.0,0.0
2017-01-13 00:00:00-05:00,81.94764935213799,83.23072876464558,81.90309533998621,83.1148910522461,519100,0.0,0.0
2017-01-17 00:00:00-05:00,82.67830386575258,83.48913399579989,81.7605481677697,82.85650634765625,565000,0.0,0.0
2017-01-18 00:00:00-05:00,82.85649416725803,84.64745807845998,82.16149507281823,83.42675018310547,818000,0.0,0.0
2017-01-19 00:00:00-05:00,83.47130318228749,83.5871340972914,81.66252176667724,82.19713592529297,401200,0.0,0.0
2017-01-20 00:00:00-05:00,82.66047708416538,83.49804367981673,82.19714656618108,82.76740264892578,464600,0.0,0.0
2017-01-23 00:00:00-05:00,82.87431996375263,83.28419105754944,81.6179701953421,82.50008392333984,572600,0.0,0.0
2017-01-24 00:00:00-05:00,82.84758573969337,84.35341478930414,82.64264680501917,84.09501647949219,466200,0.0,0.0
2017-01-25 00:00:00-05:00,84.647463785751,86.08201608427491,84.02374835073556,85.05733489990234,987400,0.0,0.0
2017-01-26 00:00:00-05:00,85.07516421397604,85.31573823930601,84.13958420860536,84.80785369873047,443600,0.0,0.0
2017-01-27 00:00:00-05:00,84.09502893887056,84.39798130484067,83.08817203600508,83.4713134765625,635800,0.0,0.0
2017-01-30 00:00:00-05:00,83.25745274871306,84.5048834276466,81.54667804991342,84.3445053100586,769500,0.0,0.0
2017-01-31 00:00:00-05:00,83.98810649759348,86.73246120964981,81.19919097162406,85.05733489990234,1365200,0.0,0.0
2017-02-01 00:00:00-05:00,86.1087521700277,87.33836560380651,85.76125257356873,86.73246765136719,1135100,0.0,0.0
2017-02-02 00:00:00-05:00,86.331492870659,86.99976224893203,85.6454059667466,86.63444519042969,1022000,0.0,0.0
2017-02-03 00:00:00-05:00,87.54330253358664,88.20265985533915,86.9106749035555,87.93535614013672,1045400,0.0,0.0
2017-02-06 00:00:00-05:00,87.70367369018601,88.03335569821296,86.97303277341327,87.22251892089844,1097100,0.0,0.0
2017-02-07 00:00:00-05:00,87.810613008064,87.94426146661192,86.6700940438747,86.75028991699219,985300,0.0,0.0
2017-02-08 00:00:00-05:00,86.50079429441574,87.1155975306364,85.73451149171707,86.1176528930664,1114500,0.0,0.0
2017-02-09 00:00:00-05:00,86.55425531711614,87.16906536301032,86.17111390848454,86.37605285644531,669400,0.0,0.0
2017-02-10 00:00:00-05:00,86.63444933370307,86.777009939599,85.77905850637559,85.95726776123047,1130700,0.0,0.0
2017-02-13 00:00:00-05:00,86.5364355282992,86.97303630412226,85.66322717866511,85.850341796875,706900,0.0,0.0
2017-02-14 00:00:00-05:00,85.42266322263129,86.60772261056918,84.05938776175964,85.939453125,603400,0.0,0.0
2017-02-15 00:00:00-05:00,85.41374710894279,86.86611694313073,85.41374710894279,86.56317138671875,720200,0.0,0.0
2017-02-16 00:00:00-05:00,86.54535069310651,86.79484367696081,85.00387955987043,85.61868286132812,790000,0.0,0.0
2017-02-17 00:00:00-05:00,85.03952267789488,86.74137878417969,84.92368494845897,86.74137878417969,849200,0.0,0.0
2017-02-21 00:00:00-05:00,86.48296584229047,87.32944446895823,86.26020938232331,87.22251892089844,904600,0.0,0.0
2017-02-22 00:00:00-05:00,87.26708948712161,87.48093382582094,85.53849685449717,86.94631958007812,556800,0.0,0.0
2017-02-23 00:00:00-05:00,87.3205476559487,87.47202044383455,86.66119032198353,86.79484558105469,492200,0.0,0.0
2017-02-24 00:00:00-05:00,85.86817610063218,86.8661208470633,85.43156847607983,86.75028991699219,1033800,0.0,0.0
2017-02-27 00:00:00-05:00,86.75028226064627,87.46310570060412,86.50970146051554,87.17797088623047,440900,0.0,0.0
2017-02-28 00:00:00-05:00,86.86611550212572,87.57002679845048,86.44733222980697,86.46515655517578,769700,0.0,0.0
2017-03-01 00:00:00-05:00,88.16701053413527,89.03130674920833,87.79278128574946,88.30957794189453,858700,0.0,0.0
2017-03-02 00:00:00-05:00,87.99771530776584,88.11354622159355,87.06213544119785,87.106689453125,528900,0.0,0.0
2017-03-03 00:00:00-05:00,86.97303666515216,87.7214951410986,86.61662495365901,87.62348175048828,506400,0.0,0.0
2017-03-06 00:00:00-05:00,86.99085810206397,87.81951247939051,86.80374347466613,87.3829116821289,403600,0.0,0.0
2017-03-07 00:00:00-05:00,87.39183258431923,88.41651385415074,86.89285339670337,88.13138580322266,572500,0.0,0.0
2017-03-08 00:00:00-05:00,88.4966921028762,89.3788058403079,88.45213808868759,89.22733306884766,637200,0.0,0.0
2017-03-09 00:00:00-05:00,89.27188648569759,89.82431818920631,88.36303626704117,88.74617767333984,544000,0.0,0.0
2017-03-10 00:00:00-05:00,88.9154781848128,90.47477355905716,88.58579614412533,89.8510513305664,571200,0.0,0.0
2017-03-13 00:00:00-04:00,89.87779456431137,90.7688205593251,89.87779456431137,90.23419952392578,474300,0.0,0.0
2017-03-14 00:00:00-04:00,90.10943790321902,90.99155835148292,89.48572255413212,90.31437683105469,380600,0.0,0.0
2017-03-15 00:00:00-04:00,90.68861304635472,91.59746325150577,90.42130936094816,91.28559875488281,493500,0.0,0.0
2017-03-16 00:00:00-04:00,91.43708589969518,92.14099721952135,91.1430457031877,91.88259887695312,418600,0.0,0.0
2017-03-17 00:00:00-04:00,91.77566465420308,92.5775892971869,91.44598263486866,92.3191909790039,622000,0.0,0.0
2017-03-20 00:00:00-04:00,92.32809317605404,92.49738345053208,91.15193942595086,91.57962799072266,479600,0.0,0.0
2017-03-21 00:00:00-04:00,92.08752555299083,92.23009296025363,90.07380511232677,90.19855499267578,769100,0.0,0.0
2017-03-22 00:00:00-04:00,89.92233423634822,90.28765812666981,88.96893677364017,89.59265899658203,773600,0.0,0.0
2017-03-23 00:00:00-04:00,89.60155859383535,90.55495599517593,88.93328919669042,88.98675537109375,784700,0.0,0.0
2017-03-24 00:00:00-04:00,89.37881826998573,90.18074305098528,88.66600152975542,89.03131866455078,450600,0.0,0.0
2017-03-27 00:00:00-04:00,87.41855224679227,88.63926018619976,86.77701250631499,88.25611877441406,382400,0.0,0.0
2017-03-28 00:00:00-04:00,87.9888198482459,89.58375724657026,87.68587426319556,89.03131866455078,624000,0.0,0.0
2017-03-29 00:00:00-04:00,89.04914011702904,90.40349663833483,88.73727558038316,90.23419952392578,467200,0.0,0.0
2017-03-30 00:00:00-04:00,90.27873890096845,91.74893291389472,90.27873890096845,91.74002075195312,350700,0.0,0.0
2017-03-31 00:00:00-04:00,91.61528119040715,92.30136813049249,91.1964979369316,91.39252471923828,664100,0.0,0.0
2017-04-03 00:00:00-04:00,91.60637103986795,92.36374849686504,88.23829420950747,88.73726654052734,822800,0.0,0.0
2017-04-04 00:00:00-04:00,88.4343225212344,88.74618023350004,87.07996611454294,87.59675598144531,893000,0.0,0.0
2017-04-05 00:00:00-04:00,87.84622786343391,90.2965487438253,87.08885731454674,87.37398529052734,858400,0.0,0.0
2017-04-06 00:00:00-04:00,87.36508796733185,88.35412721209318,86.88393318896246,87.69476318359375,443700,0.0,0.0
2017-04-07 00:00:00-04:00,87.38291006048163,87.6947677670239,86.56316786100247,86.9106674194336,555700,0.0,0.0
2017-04-10 00:00:00-04:00,87.29380793684523,90.14508807890685,87.29380793684523,88.31848907470703,622800,0.0,0.0
2017-04-11 00:00:00-04:00,88.04226821566263,89.22733431049379,87.59675525952956,89.16496276855469,488600,0.0,0.0
2017-04-12 00:00:00-04:00,89.33424526834571,89.37879247788624,87.40071418823244,87.75712585449219,560500,0.0,0.0
2017-04-13 00:00:00-04:00,87.73040544756087,89.10258608909142,87.10669006413237,87.80168914794922,475800,0.0,0.0
2017-04-17 00:00:00-04:00,88.05119006568633,88.56798678317628,87.38292055796315,88.505615234375,371100,0.0,0.0
2017-04-18 00:00:00-04:00,88.02444600496091,89.48572787948702,88.02444600496091,89.3609848022461,611600,0.0,0.0
2017-04-19 00:00:00-04:00,89.51246629226185,90.93810645538794,89.32535165816297,90.75099182128906,782300,0.0,0.0
2017-04-20 00:00:00-04:00,91.33014906594741,92.1944452228349,89.35207060337764,92.0697021484375,1214300,0.0,0.0
2017-04-21 00:00:00-04:00,89.10258730311766,92.22117785872678,87.21361000501592,89.40553283691406,2089900,0.0,0.0
2017-04-24 00:00:00-04:00,91.7756723231106,95.33086393976325,91.57964552755783,93.50426483154297,1476300,0.0,0.0
2017-04-25 00:00:00-04:00,94.17252789035813,94.17252789035813,92.40829364826692,92.41720581054688,813000,0.0,0.0
2017-04-26 00:00:00-04:00,92.44393803091617,93.30823425006406,91.36579749710937,91.48162841796875,715800,0.0,0.0
2017-04-27 00:00:00-04:00,91.49944468764009,91.89149143033528,90.36783807630115,90.94700622558594,647400,0.0,0.0
2017-04-28 00:00:00-04:00,90.89355516198061,91.7756689111854,89.84214431418538,89.97579956054688,489700,0.0,0.0
2017-05-01 00:00:00-04:00,90.25201618007452,91.27669734684923,89.25406470320023,90.83118438720703,452100,0.0,0.0
2017-05-02 00:00:00-04:00,91.11631776785978,92.7023429097794,91.11631776785978,92.51522827148438,583900,0.0,0.0
2017-05-03 00:00:00-04:00,91.9360483533304,93.00527666435134,91.54399480022842,92.16771697998047,364300,0.0,0.0
2017-05-04 00:00:00-04:00,92.3815610763677,92.88944554266709,90.98265075354394,92.00733184814453,509100,0.0,0.0
2017-05-05 00:00:00-04:00,92.36376146400912,92.6845245804201,91.16978304974447,92.4706802368164,319900,0.0,0.0
2017-05-08 00:00:00-04:00,92.48848329692967,92.559760196415,90.87572193204669,91.70437622070312,391800,0.0,0.0
2017-05-09 00:00:00-04:00,91.70438198412202,92.41720540767507,91.4370782987806,92.096435546875,322600,0.0,0.0
2017-05-10 00:00:00-04:00,91.8469578988057,93.20131437146911,91.81131604452658,93.11221313476562,424300,0.0,0.0
2017-05-11 00:00:00-04:00,92.63105034800377,92.88053650855437,91.40143707186668,91.76675415039062,359100,0.0,0.0
2017-05-12 00:00:00-04:00,91.6687318839432,91.6687318839432,90.82226009288681,91.40142822265625,309600,0.0,0.0
2017-05-15 00:00:00-04:00,91.29451950761344,92.27464670897326,91.21433043384236,91.87368774414062,326000,0.0,0.0
2017-05-16 00:00:00-04:00,92.02514587919055,92.51521280086212,90.87572175216887,92.35482788085938,437100,0.0,0.0
2017-05-17 00:00:00-04:00,92.3548420043709,92.3548420043709,89.5659264021566,89.77977752685547,403900,0.0,0.0
2017-05-18 00:00:00-04:00,89.51246754881522,91.24997225781861,88.71945498450708,90.47477722167969,523100,0.0,0.0
2017-05-19 00:00:00-04:00,90.4302118662332,91.39252141844436,89.20059863706635,90.87572479248047,644400,0.0,0.0
2017-05-22 00:00:00-04:00,91.28560562466318,92.83599566824675,91.10740315431468,92.63996887207031,469800,0.0,0.0
2017-05-23 00:00:00-04:00,92.66668659455561,92.8894430527156,92.0429712309027,92.55976104736328,551800,0.0,0.0
2017-05-24 00:00:00-04:00,92.2657377072782,92.2657377072782,90.26983473089842,90.82227325439453,909100,0.0,0.0
2017-05-25 00:00:00-04:00,91.16085320613264,91.96277783660636,90.77771181590563,91.19649505615234,361600,0.0,0.0
2017-05-26 00:00:00-04:00,91.08958334517993,91.44598827695093,90.08271969876073,90.71534729003906,296100,0.0,0.0
2017-05-30 00:00:00-04:00,90.77830166417323,91.04807648691647,90.02294313754611,90.44558715820312,575100,0.93,0.0
2017-05-31 00:00:00-04:00,90.96713117702775,91.67752481371296,89.67222324661506,91.6055908203125,942900,0.0,0.0
2017-06-01 00:00:00-04:00,92.10017527398533,93.93462601835301,91.87536523463622,93.7098159790039,865000,0.0,0.0
2017-06-02 00:00:00-04:00,93.74578740535893,94.6450275723168,92.96344599026868,93.86268615722656,526800,0.0,0.0
2017-06-05 00:00:00-04:00,93.55695100589486,93.55695100589486,91.85738758084187,92.064208984375,465700,0.0,0.0
2017-06-06 00:00:00-04:00,91.31784001073453,92.35196069509293,90.08587853493938,91.70451354980469,480800,0.0,0.0
2017-06-07 00:00:00-04:00,91.92032866044612,91.92032866044612,90.8412363707459,91.43473815917969,436300,0.0,0.0
2017-06-08 00:00:00-04:00,91.8034212699254,94.22237940690292,91.1829502475588,93.5209732055664,520000,0.0,0.0
2017-06-09 00:00:00-04:00,93.73679225049379,94.80689023508373,92.99042813264519,94.10548400878906,446900,0.0,0.0
2017-06-12 00:00:00-04:00,94.29431945811876,95.08564829326154,93.77275854236987,94.42920684814453,508400,0.0,0.0
2017-06-13 00:00:00-04:00,94.9058046296581,96.70428489887128,94.11447578104111,94.85185241699219,519400,0.0,0.0
2017-06-14 00:00:00-04:00,94.69897336353726,96.01186309496413,94.5461041920814,95.06766510009766,429700,0.0,0.0
2017-06-15 00:00:00-04:00,93.41305863890284,96.0388449315308,92.65770025189384,95.8499984741211,457300,0.0,0.0
2017-06-16 00:00:00-04:00,95.67015783485628,96.78521368617963,95.16658555245047,96.7222671508789,663100,0.0,0.0
2017-06-19 00:00:00-04:00,96.96507497723256,98.64664980488804,96.51545486534036,98.46680450439453,465200,0.0,0.0
2017-06-20 00:00:00-04:00,98.38586589274746,98.38586589274746,97.10893969435477,97.23483276367188,268000,0.0,0.0
2017-06-21 00:00:00-04:00,97.5315959993143,97.5315959993143,96.46149791400049,96.77623748779297,312700,0.0,0.0
2017-06-22 00:00:00-04:00,96.70427218183508,96.82117091412445,95.2295191038694,96.09278869628906,348400,0.0,0.0
2017-06-23 00:00:00-04:00,96.10179149839817,96.53342290237093,95.21153886397157,95.84101104736328,497000,0.0,0.0
2017-06-26 00:00:00-04:00,96.13777029739609,97.36073062225535,95.95791814619763,96.51544952392578,238800,0.0,0.0
2017-06-27 00:00:00-04:00,96.91110486885451,96.95606961918955,95.54426290295572,96.15574645996094,343100,0.0,0.0
2017-06-28 00:00:00-04:00,96.71327630780324,97.99918993598001,96.3535788926646,97.72042083740234,294900,0.0,0.0
2017-06-29 00:00:00-04:00,98.25996822436262,99.39301273495282,97.62150854080011,99.24913787841797,544000,0.0,0.0
2017-06-30 00:00:00-04:00,99.76170207505533,100.79582273455142,99.63580900588784,100.40016174316406,478000,0.0,0.0
2017-07-03 00:00:00-04:00,101.0566135478179,102.07275938818503,100.4990890017204,101.38034057617188,296400,0.0,0.0
2017-07-05 00:00:00-04:00,101.13753704258859,102.44143246779367,100.71489308995231,102.36050415039062,640800,0.0,0.0
2017-07-06 00:00:00-04:00,101.77600867570722,102.48640927489198,100.39117790952335,100.4541244506836,748100,0.0,0.0
2017-07-07 00:00:00-04:00,100.86776636422294,103.68239243529491,100.21132489418397,103.3676528930664,503600,0.0,0.0
2017-07-10 00:00:00-04:00,103.52052995900343,104.69853237626494,103.04392691000783,104.17697143554688,552800,0.0,0.0
2017-07-11 00:00:00-04:00,103.93417946160727,104.38379954213613,102.2436035679977,102.45043182373047,754000,0.0,0.0
2017-07-12 00:00:00-04:00,103.02594585082771,105.0312544456656,103.02594585082771,104.18596649169922,646200,0.0,0.0
2017-07-13 00:00:00-04:00,104.29387188502012,104.51868191447849,103.31369658903962,104.34782409667969,407600,0.0,0.0
2017-07-14 00:00:00-04:00,104.59062895561401,105.93948930061046,104.36581889811461,105.63375091552734,388900,0.0,0.0
2017-07-17 00:00:00-04:00,105.8405574651386,105.84955178716005,104.860389045185,105.50784301757812,308200,0.0,0.0
2017-07-18 00:00:00-04:00,104.9233431524185,106.65887695233783,104.75248532496458,106.17328643798828,543900,0.0,0.0
2017-07-19 00:00:00-04:00,106.2721908977057,107.10848443054839,106.17327394194365,106.48800659179688,505200,0.0,0.0
2017-07-20 00:00:00-04:00,106.48800926748147,107.54011852085131,106.48800926748147,107.05453491210938,633600,0.0,0.0
2017-07-21 00:00:00-04:00,106.92864556780647,107.37826562614762,106.11033376850993,106.85670471191406,734400,0.0,0.0
2017-07-24 00:00:00-04:00,103.86223808689935,103.90720283899236,96.29962507680672,97.27980041503906,1997800,0.0,0.0
2017-07-25 00:00:00-04:00,97.99018851800905,98.45779032136782,95.17556279447722,97.32475280761719,1576500,0.0,0.0
2017-07-26 00:00:00-04:00,97.36071935466818,97.73840539814621,94.22237343153088,94.60904693603516,1085900,0.0,0.0
2017-07-27 00:00:00-04:00,94.725952882222,95.06766852562158,93.449033532302,94.73494720458984,827700,0.0,0.0
2017-07-28 00:00:00-04:00,94.63602928987295,96.11977687540164,94.63602928987295,95.238525390625,661000,0.0,0.0
2017-07-31 00:00:00-04:00,95.50829634572798,96.55141822199084,95.22053976963097,96.35358428955078,662300,0.0,0.0
2017-08-01 00:00:00-04:00,97.05497093288766,97.10892313606467,94.78888921091757,95.76006317138672,605800,0.0,0.0
2017-08-02 00:00:00-04:00,95.76907447658918,96.37156372110469,93.64686720694078,95.25650787353516,433200,0.0,0.0
2017-08-03 00:00:00-04:00,95.22952750785396,96.2007084577789,95.22952750785396,95.84101104736328,424400,0.0,0.0
2017-08-04 00:00:00-04:00,96.19172561779611,97.54958024538357,96.15575518639518,97.3697280883789,478400,0.0,0.0
2017-08-07 00:00:00-04:00,97.70244596322871,98.24198869376308,96.99204540477288,97.0459976196289,454600,0.0,0.0
2017-08-08 00:00:00-04:00,96.96506097517533,97.70243757777274,96.09279698635673,97.02800750732422,389600,0.0,0.0
2017-08-09 00:00:00-04:00,96.80320748790048,98.56571743087237,96.69529619564001,97.87329864501953,772300,0.0,0.0
2017-08-10 00:00:00-04:00,97.63049405570172,97.65747016007728,96.02085350827318,96.4524917602539,504600,0.0,0.0
2017-08-11 00:00:00-04:00,96.50645286820237,97.09096033931559,95.6971353590193,96.08380889892578,411700,0.0,0.0
2017-08-14 00:00:00-04:00,96.59637796864962,98.34990042659776,96.42552700061756,98.24198913574219,390600,0.0,0.0
2017-08-15 00:00:00-04:00,98.76355373955427,99.5189122215281,97.61252737045604,97.6395034790039,326100,0.0,0.0
2017-08-16 00:00:00-04:00,98.43982523720574,98.55672399271027,97.50461461119467,97.62151336669922,254100,0.0,0.0
2017-08-17 00:00:00-04:00,97.43266693027277,97.73841214269545,95.89496712782848,96.04783630371094,328300,0.0,0.0
2017-08-18 00:00:00-04:00,95.68814620370175,96.49745683790391,95.51728838238193,95.91295623779297,421600,0.0,0.0
2017-08-21 00:00:00-04:00,95.61620172134877,96.10179219985562,95.08564649346522,95.85899353027344,323800,0.0,0.0
2017-08-22 00:00:00-04:00,96.13776941974436,97.70244538726759,96.08381034454838,97.43267059326172,373900,0.0,0.0
2017-08-23 00:00:00-04:00,96.73125662976909,97.74739546607483,96.08380266443332,97.02800750732422,321700,0.0,0.0
2017-08-24 00:00:00-04:00,97.50459950958408,97.69343909799372,96.46147775190364,97.35173034667969,279600,0.0,0.0
2017-08-25 00:00:00-04:00,97.7923756266678,98.43982969403939,97.54958378173274,98.09811401367188,178900,0.0,0.0
2017-08-28 00:00:00-04:00,98.25098573539104,98.8354932349194,97.95423482415472,98.6826171875,228300,0.0,0.0
2017-08-29 00:00:00-04:00,97.83733924513562,98.78153736519198,96.79421729079702,98.20602416992188,374900,0.0,0.0
2017-08-30 00:00:00-04:00,98.19702096230355,99.60882771369509,98.11609264247434,99.24014282226562,275100,0.0,0.0
2017-08-31 00:00:00-04:00,99.62681511084736,100.68791874170775,99.33905854285088,100.2742691040039,557100,0.0,0.0
2017-09-01 00:00:00-04:00,100.76883914455641,101.89288922196992,100.37317818255376,100.8048095703125,239900,0.0,0.0
2017-09-05 00:00:00-04:00,100.6519504519349,101.2544397070024,99.83363862079058,100.31922912597656,269500,0.0,0.0
2017-09-06 00:00:00-04:00,100.78683886288975,100.78683886288975,99.04231075563335,99.14122772216797,456600,0.0,0.0
2017-09-07 00:00:00-04:00,99.3210738574613,100.28326056324183,98.20601796960771,100.2203140258789,454100,0.0,0.0
2017-09-08 00:00:00-04:00,99.92356417212332,101.30839477421362,99.34805104666471,101.03861999511719,311200,0.0,0.0
2017-09-11 00:00:00-04:00,101.7580223621894,103.133858743944,101.13754444074786,102.62129211425781,483200,0.0,0.0
2017-09-12 00:00:00-04:00,102.86407251081494,103.8892056562365,102.42344679127764,103.74533081054688,519800,0.0,0.0
2017-09-13 00:00:00-04:00,103.5385009850329,103.5385009850329,102.36948615119164,102.39646911621094,376400,0.0,0.0
2017-09-14 00:00:00-04:00,102.33352258581377,102.92701746375023,101.61412778642573,102.39646911621094,397500,0.0,0.0
2017-09-15 00:00:00-04:00,102.36950210319517,103.03494479755356,101.97384107646835,102.41446685791016,639500,0.0,0.0
2017-09-18 00:00:00-04:00,102.62128953659884,104.12301895735159,102.62128953659884,104.03309631347656,225500,0.0,0.0
2017-09-19 00:00:00-04:00,104.01510835562115,105.23807553024507,104.01510835562115,104.71651458740234,537200,0.0,0.0
2017-09-20 00:00:00-04:00,104.76147186027758,105.34597929858231,103.99711914587486,104.44673919677734,520700,0.0,0.0
2017-09-21 00:00:00-04:00,104.8064410519706,104.8064410519706,103.7183544452882,104.26689147949219,519900,0.0,0.0
2017-09-22 00:00:00-04:00,104.37480610384229,104.84240797286448,102.71121316392258,104.18596649169922,571600,0.0,0.0
2017-09-25 00:00:00-04:00,104.13200811067841,105.13915264913548,103.66439940868825,104.87837219238281,504100,0.0,0.0
2017-09-26 00:00:00-04:00,105.46287680024211,105.97544337780958,104.12301098531263,105.48985290527344,718000,0.0,0.0
2017-09-27 00:00:00-04:00,106.14631534516077,107.09950777354877,105.39095000026855,106.91966247558594,489900,0.0,0.0
2017-09-28 00:00:00-04:00,106.48801643039322,107.99874014992405,106.36212335882047,107.84587097167969,437300,0.0,0.0
2017-09-29 00:00:00-04:00,107.80090352821296,108.71813229609059,105.82257800090687,105.94847106933594,638700,0.0,0.0
2017-10-02 00:00:00-04:00,106.11933380327916,107.93579591807185,106.11933380327916,107.62106323242188,408500,0.0,0.0
2017-10-03 00:00:00-04:00,107.61205888775623,108.19656631276064,107.18042749067972,108.10664367675781,606300,0.0,0.0
2017-10-04 00:00:00-04:00,108.12463056916087,109.68031900208804,107.87284443219178,109.5184555053711,439100,0.0,0.0
2017-10-05 00:00:00-04:00,109.41954227102073,110.25583588910938,108.38541472124217,109.32062530517578,450100,0.0,0.0
2017-10-06 00:00:00-04:00,109.31163688550596,110.01304314616783,108.95194629281866,109.81521606445312,402800,0.0,0.0
2017-10-09 00:00:00-04:00,109.73426384968361,110.04000903881114,109.24867339212145,109.66232299804688,260400,0.0,0.0
2017-10-10 00:00:00-04:00,109.93209844952511,110.6065285013627,109.31162060642423,110.5975341796875,400400,0.0,0.0
2017-10-11 00:00:00-04:00,110.62452971644413,111.00221582591732,107.89084546350651,108.54728698730469,568100,0.0,0.0
2017-10-12 00:00:00-04:00,108.57424860092213,110.12094268270619,108.3044806852099,109.2217025756836,516100,0.0,0.0
2017-10-13 00:00:00-04:00,109.97706673967687,110.19288244223243,109.61736932831263,109.99504852294922,432100,0.0,0.0
2017-10-16 00:00:00-04:00,109.87815212754735,110.59754010498787,109.8152055937631,110.42668914794922,293500,0.0,0.0
2017-10-17 00:00:00-04:00,110.4446866152221,110.4446866152221,108.3764313074821,108.58325958251953,412500,0.0,0.0
2017-10-18 00:00:00-04:00,109.11379039714652,110.57955615037977,109.11379039714652,110.39071655273438,619300,0.0,0.0
2017-10-19 00:00:00-04:00,109.70730374752569,110.97523571510074,108.42138999474722,110.3277816772461,579500,0.0,0.0
2017-10-20 00:00:00-04:00,107.9088254393382,111.72160201721047,106.38910728565685,110.37274169921875,1208700,0.0,0.0
2017-10-23 00:00:00-04:00,110.58854155532039,112.47694424016514,108.7900615010574,108.92494201660156,866700,0.0,0.0
2017-10-24 00:00:00-04:00,109.29364488304961,112.20718094753245,108.86200660725403,111.48779296875,888300,0.0,0.0
2017-10-25 00:00:00-04:00,111.37987322017393,112.42298811136574,110.56156148098309,110.82234191894531,666800,0.0,0.0
2017-10-26 00:00:00-04:00,111.69461580499716,112.75571943359274,111.42484788219622,112.18020629882812,449200,0.0,0.0
2017-10-27 00:00:00-04:00,112.117269254302,112.99852767562463,110.71445672715406,112.73774719238281,623400,0.0,0.0
2017-10-30 00:00:00-04:00,111.98238225004047,112.67480105368716,109.5004773495349,109.57241821289062,333700,0.0,0.0
2017-10-31 00:00:00-04:00,109.97707065800489,111.71260438356384,109.78822419330078,110.85832214355469,372300,0.0,0.0
2017-11-01 00:00:00-04:00,111.58670272925157,111.58670272925157,110.19288466549732,111.36189270019531,360500,0.0,0.0
2017-11-02 00:00:00-04:00,111.35291927531327,113.16038719709275,110.80438218641746,112.79170227050781,321800,0.0,0.0
2017-11-03 00:00:00-04:00,112.69277667017313,113.3492250062067,112.03632833413957,113.30426025390625,348000,0.0,0.0
2017-11-06 00:00:00-05:00,112.94456396149437,113.53806576671367,112.37804512432342,112.53091430664062,512400,0.0,0.0
2017-11-07 00:00:00-05:00,112.71975174956239,113.66395665399929,111.64066631076984,112.49494171142578,411500,0.0,0.0
2017-11-08 00:00:00-05:00,112.65680538021826,113.26828895928209,112.17121487384482,112.89060974121094,301700,0.0,0.0
2017-11-09 00:00:00-05:00,112.44999150351074,113.1334091264679,110.93926766958393,111.17306518554688,363800,0.0,0.0
2017-11-10 00:00:00-05:00,111.37988699987348,112.48594855702301,110.85832605942252,112.37804412841797,461100,0.0,0.0
2017-11-13 00:00:00-05:00,111.81151829395324,114.2394708443603,111.54175036212443,113.30426025390625,263100,0.0,0.0
2017-11-14 00:00:00-05:00,112.48594772106132,113.78085573996226,112.41401372274521,113.2862777709961,344600,0.0,0.0
2017-11-15 00:00:00-05:00,112.50393446343291,113.18735889081212,111.60469432343947,112.06330871582031,493400,0.0,0.0
2017-11-16 00:00:00-05:00,112.47696803855725,114.48226988138354,112.47696803855725,114.09559631347656,625700,0.0,0.0
2017-11-17 00:00:00-05:00,113.92473989824211,114.11357951160056,112.73774314237608,113.46612548828125,274800,0.0,0.0
2017-11-20 00:00:00-05:00,113.91574684493129,114.49126001414876,113.64597204532267,114.41931915283203,235900,0.0,0.0
2017-11-21 00:00:00-05:00,115.26459134366478,115.50739001666028,114.82397246899782,115.45343780517578,233100,0.0,0.0
2017-11-22 00:00:00-05:00,115.41747682251999,116.0559296344706,114.37435497274332,114.69808197021484,217600,0.0,0.0
2017-11-24 00:00:00-05:00,115.2286376953125,115.65128168340924,114.53622576591403,115.2286376953125,118800,0.0,0.0
2017-11-27 00:00:00-05:00,115.32754556020672,115.96601208372775,115.10273552987493,115.21063995361328,254700,0.0,0.0
2017-11-28 00:00:00-05:00,115.58832287600059,117.4227804664513,115.50739455559369,117.24293518066406,266000,0.0,0.0
2017-11-29 00:00:00-05:00,117.3508398387818,118.69071260496725,116.6044688660462,116.73036193847656,354800,0.0,0.0
2017-11-30 00:00:00-05:00,117.41871094952067,117.86252314973966,116.68507264614121,116.74846649169922,600000,0.93,0.0
2017-12-01 00:00:00-05:00,116.74846435510322,117.0654750380764,112.87195219168287,115.0366439819336,378400,0.0,0.0
2017-12-04 00:00:00-05:00,116.18692514263824,117.05643113937917,114.93702150134045,115.05476379394531,358200,0.0,0.0
2017-12-05 00:00:00-05:00,114.83739353235491,115.5529203512858,113.01687610469942,113.2251968383789,440700,0.0,0.0
2017-12-06 00:00:00-05:00,113.22518310094928,114.63811811567174,113.08026314550912,113.32481384277344,383200,0.0,0.0
2017-12-07 00:00:00-05:00,113.11650294311676,114.0675212302086,112.72703916680426,113.7323989868164,422400,0.0,0.0
2017-12-08 00:00:00-05:00,114.60190183805237,116.09634932388629,113.7052319645191,115.8970947265625,393600,0.0,0.0
2017-12-11 00:00:00-05:00,116.2593793962431,116.38618090823272,115.18155963416726,115.58914184570312,541700,0.0,0.0
2017-12-12 00:00:00-05:00,115.52574508764026,116.03295115315129,113.71428695634155,113.7957992553711,338900,0.0,0.0
2017-12-13 00:00:00-05:00,113.89543027766148,114.23960483577176,111.92999985894366,112.28323364257812,326900,0.0,0.0
2017-12-14 00:00:00-05:00,112.58212483350853,112.72703788970908,110.58951675697732,111.0423812866211,492200,0.0,0.0
2017-12-15 00:00:00-05:00,111.41373320448986,114.0946903832219,111.31410245543526,113.0531005859375,731200,0.0,0.0
2017-12-18 00:00:00-05:00,113.9226023656607,115.5619697861701,113.8048600731381,114.47509765625,327200,0.0,0.0
2017-12-19 00:00:00-05:00,114.42981142276795,115.42611896303845,113.65089075244731,114.38452911376953,355100,0.0,0.0
2017-12-20 00:00:00-05:00,114.68341403497034,115.7068853669958,114.34829180104283,115.33553314208984,227000,0.0,0.0
2017-12-21 00:00:00-05:00,115.45327671059177,116.12352114576443,115.30835675374452,115.37175750732422,253600,0.0,0.0
2017-12-22 00:00:00-05:00,115.83368819936108,115.89708895675427,114.33018156253775,115.0638198852539,166300,0.0,0.0
2017-12-26 00:00:00-05:00,114.7830496282782,115.29931492872834,114.12186435779637,114.41169738769531,99300,0.0,0.0
2017-12-27 00:00:00-05:00,114.27583913387693,114.87362365803922,113.6599430681482,114.38452911376953,164700,0.0,0.0
2017-12-28 00:00:00-05:00,114.95513391125307,115.22685540105878,113.74146025316051,115.13628387451172,170300,0.0,0.0
2017-12-29 00:00:00-05:00,115.38082871657143,115.3989471681412,114.19432581484118,114.22149658203125,173600,0.0,0.0
2018-01-02 00:00:00-05:00,115.1724996571769,115.1724996571769,113.88635926230037,114.8011474609375,256000,0.0,0.0
2018-01-03 00:00:00-05:00,115.18156795761146,115.70689249390982,114.53850112600401,115.1091079711914,211700,0.0,0.0
2018-01-04 00:00:00-05:00,115.96952971870141,116.69411564927509,115.55290213734236,116.56731414794922,306400,0.0,0.0
2018-01-05 00:00:00-05:00,116.71224900447234,116.92962895750607,115.90615068159113,116.90245819091797,163600,0.0,0.0
2018-01-08 00:00:00-05:00,116.70319416252892,118.20669388906056,115.94237125354645,118.02555084228516,259100,0.0,0.0
2018-01-09 00:00:00-05:00,118.51466167100156,119.52907386966545,117.86253559462344,118.1885986328125,392200,0.0,0.0
2018-01-10 00:00:00-05:00,118.09801216063886,118.88599202420394,116.66695858037065,116.96585083007812,603100,0.0,0.0
2018-01-11 00:00:00-05:00,117.43683918187153,118.75014362129355,117.1922884535988,117.65420532226562,479500,0.0,0.0
2018-01-12 00:00:00-05:00,118.10706707054071,118.7048515830878,117.18323335514506,117.51834869384766,279400,0.0,0.0
2018-01-16 00:00:00-05:00,118.3878533191596,119.06715012452003,116.56732903578317,116.90245819091797,293100,0.0,0.0
2018-01-17 00:00:00-05:00,117.53646061462784,119.76454629893624,117.40059296732768,119.54718017578125,387200,0.0,0.0
2018-01-18 00:00:00-05:00,120.02721739690352,120.02721739690352,118.20669316410506,118.81352996826172,273900,0.0,0.0
2018-01-19 00:00:00-05:00,119.26639972052328,120.5525471878737,119.15771665242627,120.4981918334961,220600,0.0,0.0
2018-01-22 00:00:00-05:00,120.3623367260032,121.6303519081609,120.06344447156697,121.53978729248047,376600,0.0,0.0
2018-01-23 00:00:00-05:00,121.63034494418912,122.02886792728658,119.61963921912786,120.2717514038086,349700,0.0,0.0
2018-01-24 00:00:00-05:00,120.79709016268104,121.71188543290798,119.64682411329461,120.2989501953125,253600,0.0,0.0
2018-01-25 00:00:00-05:00,121.12315376542483,121.38582295485206,120.21742462734724,121.10504913330078,213300,0.0,0.0
2018-01-26 00:00:00-05:00,121.50355047802802,123.34217940365406,121.00541054060213,123.19727325439453,209600,0.0,0.0
2018-01-29 00:00:00-05:00,122.69007409151814,124.02148319857427,121.68471420390695,121.82962036132812,324400,0.0,0.0
2018-01-30 00:00:00-05:00,120.58875819875608,120.77896736921379,118.86787863128869,119.18487548828125,422500,0.0,0.0
2018-01-31 00:00:00-05:00,119.69208750066105,121.4039148390656,118.94034455688303,119.00373840332031,460200,0.0,0.0
2018-02-01 00:00:00-05:00,118.76824801962344,120.33515531765084,118.6142757482869,119.76454162597656,607800,0.0,0.0
2018-02-02 00:00:00-05:00,117.62703166795629,118.06179157873349,109.230926103219,110.95181274414062,818900,0.0,0.0
2018-02-05 00:00:00-05:00,109.91021763170235,110.49894288978733,106.29636069662823,106.305419921875,1267900,0.0,0.0
2018-02-06 00:00:00-05:00,102.35643376232721,111.26880359103235,102.1118830685189,110.34496307373047,1173700,0.0,0.0
2018-02-07 00:00:00-05:00,110.14571372554892,111.37750582441026,109.05884159604277,109.56604766845703,695100,0.0,0.0
2018-02-08 00:00:00-05:00,109.50264343463978,109.67472725508289,102.95421936819275,103.0085678100586,774100,0.0,0.0
2018-02-09 00:00:00-05:00,104.7113373626689,105.52649490012837,100.69895734344024,104.70227813720703,665300,0.0,0.0
2018-02-12 00:00:00-05:00,105.94312643791808,107.528152250789,104.76567592714832,106.36882019042969,586200,0.0,0.0
2018-02-13 00:00:00-05:00,105.75292400827558,108.39765113070646,105.36346024701483,108.17121887207031,558500,0.0,0.0
2018-02-14 00:00:00-05:00,107.23831361132481,112.00245002527605,107.05716366754193,111.37749481201172,768600,0.0,0.0
2018-02-15 00:00:00-05:00,112.35569448350599,112.64552751101091,110.69820861832267,111.28693389892578,531000,0.0,0.0
2018-02-16 00:00:00-05:00,110.67104915793682,111.884722925177,109.5026577029602,110.42649841308594,326700,0.0,0.0
2018-02-20 00:00:00-05:00,109.73812679790008,111.06954259716825,109.26714385747438,110.28156280517578,362200,0.0,0.0
2018-02-21 00:00:00-05:00,110.55328407236591,112.24699985963477,109.75624500726748,109.91021728515625,411000,0.0,0.0
2018-02-22 00:00:00-05:00,110.30874341831966,111.5767654886253,109.65661738729594,109.90116119384766,369800,0.0,0.0
2018-02-23 00:00:00-05:00,110.72538446658285,111.07861826912318,109.48453308960477,111.02427673339844,274900,0.0,0.0
2018-02-26 00:00:00-05:00,111.39562251890594,111.6039432569503,109.45736275518095,110.38121032714844,319700,0.0,0.0
2018-02-27 00:00:00-05:00,109.9826899594513,111.44091443048654,108.7327862314918,108.77806854248047,634500,0.0,0.0
2018-02-28 00:00:00-05:00,108.9773201779385,109.61132775561181,107.26549280805624,107.29266357421875,585100,0.0,0.0
2018-03-01 00:00:00-05:00,106.96660692038549,108.14405753198012,105.1551486934182,106.17862701416016,704100,0.0,0.0
2018-03-02 00:00:00-05:00,105.10080879398511,108.27991996664862,104.58454346766922,108.01725769042969,435700,0.0,0.0
2018-03-05 00:00:00-05:00,106.8307457961095,107.79082335194212,105.53555289197038,107.40135955810547,691800,0.0,0.0
2018-03-06 00:00:00-05:00,107.9719684208864,108.37955067421245,106.86697778011087,107.43759155273438,638800,0.0,0.0
2018-03-07 00:00:00-05:00,106.28730875167216,109.18564602455285,106.28730875167216,108.89581298828125,526900,0.0,0.0
2018-03-08 00:00:00-05:00,109.85588179497458,109.88305256195912,108.48822893871463,109.23092651367188,484900,0.0,0.0
2018-03-09 00:00:00-05:00,110.3993184283297,111.02427371282045,109.16752631087338,110.82501220703125,357100,0.0,0.0
2018-03-12 00:00:00-04:00,111.06955949597311,111.31411022806105,108.7056059400018,109.01355743408203,419300,0.0,0.0
2018-03-13 00:00:00-04:00,109.73814720044122,111.15108246408406,109.38490647436548,109.81060028076172,684000,0.0,0.0
2018-03-14 00:00:00-04:00,110.27251318175418,110.64386541365991,108.27085278607306,109.23998260498047,378700,0.0,0.0
2018-03-15 00:00:00-04:00,109.44828732049284,110.31779322775172,108.82333901924046,109.43017578125,269700,0.0,0.0
2018-03-16 00:00:00-04:00,109.6294481016644,111.6582792954558,109.52981735056994,110.78878021240234,713400,0.0,0.0
2018-03-19 00:00:00-04:00,110.46272471396644,110.96087850335836,109.00450025065365,109.62945556640625,415800,0.0,0.0
2018-03-20 00:00:00-04:00,109.67472608074242,110.47177205804067,108.7871154916874,109.47547149658203,437600,0.0,0.0
2018-03-21 00:00:00-04:00,109.51170715430379,111.13295613802686,109.51170715430379,109.72908020019531,403300,0.0,0.0
2018-03-22 00:00:00-04:00,108.68749377447718,109.0226160346078,104.80191504281984,104.89248657226562,511900,0.0,0.0
2018-03-23 00:00:00-04:00,104.89248669918524,105.71670351151808,100.90728411743079,101.0612564086914,496700,0.0,0.0
2018-03-26 00:00:00-04:00,102.96327409974757,103.40707937965745,100.98878458218265,102.99950408935547,943000,0.0,0.0
2018-03-27 00:00:00-04:00,103.08102055022516,104.78379557980855,101.5322247102407,102.36549377441406,558500,0.0,0.0
2018-03-28 00:00:00-04:00,102.39267537708325,103.15348448828863,101.26051402576726,101.85829162597656,574700,0.0,0.0
2018-03-29 00:00:00-04:00,102.59192671248978,105.10985928239577,102.57381517191624,104.2494125366211,526600,0.0,0.0
2018-04-02 00:00:00-04:00,104.12262067726708,104.75663521876044,101.20617175282644,102.91799926757812,440600,0.0,0.0
2018-04-03 00:00:00-04:00,101.96697864704919,104.54830507117673,101.08842035827357,103.81466674804688,645700,0.0,0.0
2018-04-04 00:00:00-04:00,101.66808761419738,103.69691878630728,100.3094940157894,103.5610580444336,592300,0.0,0.0
2018-04-05 00:00:00-04:00,104.48489787530826,105.17325384938002,103.39802584059612,104.8471908569336,681600,0.0,0.0
2018-04-06 00:00:00-04:00,103.66973756477557,104.39432350825042,99.37658416162091,100.33665466308594,888700,0.0,0.0
2018-04-09 00:00:00-04:00,101.74958688723316,104.07731692160047,101.45070158557165,102.29302978515625,525200,0.0,0.0
2018-04-10 00:00:00-04:00,103.73314772845545,105.51743507526868,102.77307713988155,104.9739990234375,521300,0.0,0.0
2018-04-11 00:00:00-04:00,104.30375577424184,104.96493407973131,103.59728134416798,103.93240356445312,434000,0.0,0.0
2018-04-12 00:00:00-04:00,104.44868313328513,106.20579985906097,104.17696162985995,105.42687225341797,281700,0.0,0.0
2018-04-13 00:00:00-04:00,106.30542921772943,106.51374304547188,104.4305702172233,105.1189193725586,382200,0.0,0.0
2018-04-16 00:00:00-04:00,105.97029578921918,106.67676332218772,105.29099902133957,106.06086730957031,377800,0.0,0.0
2018-04-17 00:00:00-04:00,107.07529129191896,107.31983509927525,105.31817469256444,105.7166976928711,465800,0.0,0.0
2018-04-18 00:00:00-04:00,106.10616419090567,107.45569859908325,106.10616419090567,107.42852783203125,472500,0.0,0.0
2018-04-19 00:00:00-04:00,107.37416229941927,108.39763345389429,107.02998089991424,107.47379302978516,822800,0.0,0.0
2018-04-20 00:00:00-04:00,107.31982380413099,107.31982380413099,91.19785227165895,91.9043197631836,2783200,0.0,0.0
2018-04-23 00:00:00-04:00,91.94055459473616,93.36254887725016,89.7849151083898,90.48233032226562,1461900,0.0,0.0
2018-04-24 00:00:00-04:00,91.37900492253469,91.37900492253469,86.59675655933518,87.11302185058594,1759200,0.0,0.0
2018-04-25 00:00:00-04:00,87.26699310620643,89.17808196592341,86.91375932741175,86.94998931884766,1047900,0.0,0.0
2018-04-26 00:00:00-04:00,87.56587947110472,88.84295376015842,85.90839375260855,88.20894622802734,872700,0.0,0.0
2018-04-27 00:00:00-04:00,88.13649731866164,88.20895730576619,86.6511021338419,87.76515197753906,569000,0.0,0.0
2018-04-30 00:00:00-04:00,87.76514110707488,88.27234713365551,86.69638061523438,86.69638061523438,509200,0.0,0.0
2018-05-01 00:00:00-04:00,86.32502950203582,87.33944847819429,85.31061743604128,87.14924621582031,536400,0.0,0.0
2018-05-02 00:00:00-04:00,87.23981789193031,88.91541517695964,86.85035414155797,87.23075866699219,1151000,0.0,0.0
2018-05-03 00:00:00-04:00,86.82317729024535,87.02243876393155,84.65848566276986,86.02613830566406,650200,0.0,0.0
2018-05-04 00:00:00-04:00,85.54610221792208,88.2904669223584,84.83963469585164,87.52059173583984,717300,0.0,0.0
2018-05-07 00:00:00-04:00,88.07308587636862,88.16365739418285,86.40654783606264,87.0677261352539,459500,0.0,0.0
2018-05-08 00:00:00-04:00,86.70544487405148,87.3032224529186,86.31598110669704,86.93187713623047,601200,0.0,0.0
2018-05-09 00:00:00-04:00,87.28511466615724,87.28511466615724,85.29250652719045,86.6511001586914,802600,0.0,0.0
2018-05-10 00:00:00-04:00,87.23076306693287,87.23076306693287,86.25258093935714,86.66015625,836000,0.0,0.0
2018-05-11 00:00:00-04:00,86.73261628039654,87.61117456976535,86.49712479114532,86.94998931884766,688700,0.0,0.0
2018-05-14 00:00:00-04:00,87.37567168982653,87.37567168982653,86.00801905961288,86.23445129394531,651400,0.0,0.0
2018-05-15 00:00:00-04:00,85.41930453000694,86.3522043462712,85.15664227617727,86.22540283203125,459400,0.0,0.0
2018-05-16 00:00:00-04:00,86.47901153046176,86.88658683322157,85.60045325856728,85.69102478027344,645700,0.0,0.0
2018-05-17 00:00:00-04:00,85.53704940441466,86.40654841959817,85.0479549127182,85.2019271850586,776300,0.0,0.0
2018-05-18 00:00:00-04:00,85.42836010836368,86.37937833472792,84.96643637754414,86.00802612304688,903300,0.0,0.0
2018-05-21 00:00:00-04:00,86.76885297094529,87.946296687779,86.12577921101398,86.28881072998047,747900,0.0,0.0
2018-05-22 00:00:00-04:00,86.57863110955552,86.86847102102446,84.68566083137978,84.74906158447266,655000,0.0,0.0
2018-05-23 00:00:00-04:00,84.23279710579702,84.43205859167351,82.91043359335579,83.75276184082031,878100,0.0,0.0
2018-05-24 00:00:00-04:00,83.65313716315544,84.14223168845122,83.06441188769766,83.3633041381836,1227400,0.0,0.0
2018-05-25 00:00:00-04:00,83.2546130806817,84.67660742068526,83.2546130806817,83.69842529296875,791100,0.0,0.0
2018-05-29 00:00:00-04:00,82.9104358906731,83.87050644722855,82.46663060266441,82.85609436035156,940100,0.0,0.0
2018-05-30 00:00:00-04:00,83.32707063909501,84.88492567406088,83.16403913752501,84.01542663574219,694100,0.0,0.0
2018-05-31 00:00:00-04:00,84.0429080347634,84.56485652647292,82.40380491505688,82.4129638671875,956000,1.01,0.0
2018-06-01 00:00:00-04:00,83.26456308378903,84.10700502064182,82.8799709369084,83.55758666992188,514000,0.0,0.0
2018-06-04 00:00:00-04:00,84.19856197375869,85.02269287934041,83.75903014827003,84.3267593383789,746000,0.0,0.0
2018-06-05 00:00:00-04:00,84.35424483672183,85.11427015166352,83.9696457172074,84.95860290527344,885400,0.0,0.0
2018-06-06 00:00:00-04:00,85.13258256332114,85.17836334600636,83.35612332004338,84.50074768066406,945200,0.0,0.0
2018-06-07 00:00:00-04:00,84.62895265384367,85.4164548436043,84.38171684367849,85.27909851074219,947100,0.0,0.0
2018-06-08 00:00:00-04:00,85.14174179058074,85.64537231914818,83.83229123833306,84.5190658569336,881300,0.0,0.0
2018-06-11 00:00:00-04:00,84.54654072603576,85.44392236847665,84.05206213303985,84.2535171508789,1026700,0.0,0.0
2018-06-12 00:00:00-04:00,84.68389845774675,85.02270282405757,84.15279103578038,84.73883819580078,474600,0.0,0.0
2018-06-13 00:00:00-04:00,84.90365591188375,85.73693879611163,84.4366472263924,84.9402847290039,818400,0.0,0.0
2018-06-14 00:00:00-04:00,85.18751516711153,85.6178950084807,84.47327074366144,85.2241439819336,449300,0.0,0.0
2018-06-15 00:00:00-04:00,84.00627025339331,85.24246318231721,83.63083709087888,85.09595489501953,772400,0.0,0.0
2018-06-18 00:00:00-04:00,84.37254788139411,84.70220024665808,82.58693672474134,83.47516632080078,627900,0.0,0.0
2018-06-19 00:00:00-04:00,82.66018704238805,83.51178781821694,81.79027535133196,82.67850494384766,753000,0.0,0.0
2018-06-20 00:00:00-04:00,82.79754892699728,83.44769474789089,82.44042667307309,83.0997314453125,601200,0.0,0.0
2018-06-21 00:00:00-04:00,83.00816012183986,83.1821382742096,81.8452178578647,82.09246063232422,645600,0.0,0.0
2018-06-22 00:00:00-04:00,82.93490460884375,84.55568967283084,82.55947144137347,84.00627136230469,964200,0.0,0.0
2018-06-25 00:00:00-04:00,83.61250700321902,83.74986330557786,81.58881223957606,81.95509338378906,565600,0.0,0.0
2018-06-26 00:00:00-04:00,81.9734159510396,82.15656004229886,81.08519330680494,81.1492919921875,478600,0.0,0.0
2018-06-27 00:00:00-04:00,81.37822390127069,81.48810337929197,78.78679242235772,78.85089111328125,1016400,0.0,0.0
2018-06-28 00:00:00-04:00,78.39303258798279,78.75015482421726,77.34913574572316,78.25567626953125,1024500,0.0,0.0
2018-06-29 00:00:00-04:00,78.72268988281759,80.23359550784463,78.34724972131062,78.80509948730469,578500,0.0,0.0
2018-07-02 00:00:00-04:00,77.98097033767336,78.6494270395039,77.71541665261994,78.36556243896484,552600,0.0,0.0
2018-07-03 00:00:00-04:00,78.640265513417,79.03401655267345,77.97180883347636,78.0633773803711,292000,0.0,0.0
2018-07-05 00:00:00-04:00,78.71353083502639,78.98824348877986,77.57806537289588,78.84172821044922,826200,0.0,0.0
2018-07-06 00:00:00-04:00,78.71351956423163,80.7280624354226,78.10000264309427,79.66584777832031,716600,0.0,0.0
2018-07-09 00:00:00-04:00,80.38009015635625,81.89099552492128,80.38009015635625,81.7536392211914,917200,0.0,0.0
2018-07-10 00:00:00-04:00,81.90931877734226,82.04667510176351,78.61280192239646,79.13475036621094,1070000,0.0,0.0
2018-07-11 00:00:00-04:00,78.26484211479243,79.47356524842411,77.58722639996806,77.64216613769531,1057400,0.0,0.0
2018-07-12 00:00:00-04:00,78.0542298345399,78.8142621586581,77.03780274716092,78.0176010131836,731300,0.0,0.0
2018-07-13 00:00:00-04:00,77.8619342825768,78.9149901983514,76.7905674491183,78.70437622070312,702500,0.0,0.0
2018-07-16 00:00:00-04:00,78.64027044135557,78.98824072208612,77.59637357162941,77.83445739746094,748400,0.0,0.0
2018-07-17 00:00:00-04:00,77.40408354910186,79.26295255875993,77.40408354910186,78.94245910644531,701300,0.0,0.0
2018-07-18 00:00:00-04:00,78.65858493313058,79.42776912537514,78.27399283700831,79.32704162597656,718200,0.0,0.0
2018-07-19 00:00:00-04:00,79.17138060046017,79.43693430275972,78.08169592313322,78.84172821044922,1058700,0.0,0.0
2018-07-20 00:00:00-04:00,76.87296760151796,80.30684060908247,74.95000011452832,79.25379180908203,2089500,0.0,0.0
2018-07-23 00:00:00-04:00,78.98824872709525,83.61252747290789,78.98824872709525,83.28287506103516,2052400,0.0,0.0
2018-07-24 00:00:00-04:00,84.1161528142005,84.8944959566558,81.97341244853352,82.67850494384766,1820500,0.0,0.0
2018-07-25 00:00:00-04:00,82.77008126204481,85.13258776336775,82.61441401618781,85.06848907470703,1337900,0.0,0.0
2018-07-26 00:00:00-04:00,85.09596119560203,86.15816906241355,84.72967997088888,85.35235595703125,2022500,0.0,0.0
2018-07-27 00:00:00-04:00,85.62705802342019,85.99333920279597,84.83955593294363,85.1966781616211,920500,0.0,0.0
2018-07-30 00:00:00-04:00,85.39814536048799,86.23142835104305,84.87619687583187,84.98607635498047,774300,0.0,0.0
2018-07-31 00:00:00-04:00,85.68200457175254,86.31383948178687,85.32488231466348,85.39813995361328,649200,0.0,0.0
2018-08-01 00:00:00-04:00,85.51717639012276,86.03912482960419,84.10699831115491,85.00438690185547,922600,0.0,0.0
2018-08-02 00:00:00-04:00,84.60147317932952,84.63810199634966,82.76091529490388,84.10699462890625,598900,0.0,0.0
2018-08-03 00:00:00-04:00,84.6014795262942,84.94029086947448,83.38359746737827,84.36339569091797,750800,0.0,0.0
2018-08-06 00:00:00-04:00,84.18941630202093,85.82851928501651,83.97880233798406,85.48970794677734,961000,0.0,0.0
2018-08-07 00:00:00-04:00,85.31572222320506,85.508018283204,83.08142015495581,84.02458953857422,1414400,0.0,0.0
2018-08-08 00:00:00-04:00,84.23519858764055,84.85787455324896,83.96049291783962,84.3817138671875,914100,0.0,0.0
2018-08-09 00:00:00-04:00,84.35424259558899,84.61979629567551,82.97153435935667,82.9898452758789,841500,0.0,0.0
2018-08-10 00:00:00-04:00,82.51368137870728,82.81586388628246,81.82690676307243,82.03751373291016,892200,0.0,0.0
2018-08-13 00:00:00-04:00,82.19319278218818,82.41295871595212,80.77385569869799,81.06687927246094,1326500,0.0,0.0
2018-08-14 00:00:00-04:00,80.88373420316708,81.73533497225317,80.31599802836556,80.3984146118164,880800,0.0,0.0
2018-08-15 00:00:00-04:00,80.05045448029665,80.80132784587974,79.07065622293538,80.57240295410156,1287800,0.0,0.0
2018-08-16 00:00:00-04:00,80.96614506759549,82.27559558278712,80.84710665211716,80.95699310302734,1041500,0.0,0.0
2018-08-17 00:00:00-04:00,80.92036097988083,81.06686925554267,80.49914008128374,80.81963348388672,650800,0.0,0.0
2018-08-20 00:00:00-04:00,81.03023587536374,81.9825640653306,80.95698523477537,81.7536392211914,821200,0.0,0.0
2018-08-21 00:00:00-04:00,81.84522866402263,83.42023311173716,81.84522866402263,83.00817108154297,873800,0.0,0.0
2018-08-22 00:00:00-04:00,82.93490013805773,83.55757605274944,82.58693685693655,82.62356567382812,629700,0.0,0.0
2018-08-23 00:00:00-04:00,82.77007240740579,83.20045226504325,81.86353191154686,82.04666900634766,602700,0.0,0.0
2018-08-24 00:00:00-04:00,82.4037930017022,82.62356590366295,81.57051012035663,81.73533630371094,753300,0.0,0.0
2018-08-27 00:00:00-04:00,82.00088946921746,86.73505400255323,82.00088946921746,85.01353454589844,1371300,0.0,0.0
2018-08-28 00:00:00-04:00,84.9952245579051,86.60685758185612,84.95859574074343,86.4969711303711,984000,0.0,0.0
2018-08-29 00:00:00-04:00,86.48781632217185,86.68927133309421,85.61790457817021,86.43287658691406,655900,0.0,0.0
2018-08-30 00:00:00-04:00,86.10322741970991,86.47866758795216,85.3706719727174,85.7003173828125,510100,0.0,0.0
2018-08-31 00:00:00-04:00,85.60874119699653,86.0757498812206,85.05016396333681,85.8285140991211,625600,0.0,0.0
2018-09-04 00:00:00-04:00,86.09406126845494,86.29551627005694,85.11426311303542,85.64537048339844,524600,0.0,0.0
2018-09-05 00:00:00-04:00,85.22415205147301,85.22415205147301,83.85060280363393,84.390869140625,554500,0.0,0.0
2018-09-06 00:00:00-04:00,84.1436234459264,84.59231422851636,83.61251607848298,84.10699462890625,410400,0.0,0.0
2018-09-07 00:00:00-04:00,83.99711543931916,83.99711543931916,80.65481097727788,80.81047821044922,736500,0.0,0.0
2018-09-10 00:00:00-04:00,81.33242976658269,82.1016209837366,80.70975382364203,80.89289093017578,651000,0.0,0.0
2018-09-11 00:00:00-04:00,80.48082546480516,80.48082546480516,79.02486666803532,79.2354736328125,534700,0.0,0.0
2018-09-12 00:00:00-04:00,79.19884593018654,79.53765725223619,78.3930329042432,79.05233764648438,428000,0.0,0.0
2018-09-13 00:00:00-04:00,79.46440127022161,81.33242908335127,79.46440127022161,80.24274444580078,611800,0.0,0.0
2018-09-14 00:00:00-04:00,80.36178751990514,80.98446343954765,80.29768883639336,80.77384948730469,415700,0.0,0.0
2018-09-17 00:00:00-04:00,80.71891774901371,81.28664700599343,80.36179547890285,80.75554656982422,517900,0.0,0.0
2018-09-18 00:00:00-04:00,81.40569391664602,81.4697926076844,80.46252446869552,81.20423889160156,744800,0.0,0.0
2018-09-19 00:00:00-04:00,79.93141064420277,80.2885328923185,76.51584841599481,76.96454620361328,1821700,0.0,0.0
2018-09-20 00:00:00-04:00,77.83445891224233,78.60364315280681,77.44070784064873,78.28314971923828,713300,0.0,0.0
2018-09-21 00:00:00-04:00,78.38387995365277,79.37283714271987,78.16411401816,78.51207733154297,1001300,0.0,0.0
2018-09-24 00:00:00-04:00,78.24652090022575,78.4296649952884,77.7520493091388,78.28314971923828,925700,0.0,0.0
2018-09-25 00:00:00-04:00,78.8234113716602,78.95160873745137,77.724567825437,77.75204467773438,815100,0.0,0.0
2018-09-26 00:00:00-04:00,77.7886665083326,79.1805336029688,77.30334691123282,77.75204467773438,972000,0.0,0.0
2018-09-27 00:00:00-04:00,78.1274879933776,78.49376922312698,76.42428621334135,77.18431854248047,1574500,0.0,0.0
2018-09-28 00:00:00-04:00,76.69900273798976,79.21717671303837,76.49754770218847,78.71353912353516,1650100,0.0,0.0
2018-10-01 00:00:00-04:00,79.36368000817447,79.62007476982521,77.79783458275035,78.20074462890625,858200,0.0,0.0
2018-10-02 00:00:00-04:00,77.4407066926584,78.0725415853506,75.92980111539555,76.90959930419922,1022900,0.0,0.0
2018-10-03 00:00:00-04:00,77.42239175970172,78.36556108110223,77.23924767685592,77.84361267089844,574200,0.0,0.0
2018-10-04 00:00:00-04:00,77.83445601724436,78.02675207023317,76.25945178945115,76.53416442871094,537100,0.0,0.0
2018-10-05 00:00:00-04:00,76.61658240404658,77.15684879065438,75.37123041273713,75.49942779541016,886200,0.0,0.0
2018-10-08 00:00:00-04:00,75.18808577687562,75.93895908016583,74.66613734637185,75.59099578857422,508100,0.0,0.0
2018-10-09 00:00:00-04:00,73.41163362636185,73.96105197692401,71.55276459740594,71.66265106201172,1086000,0.0,0.0
2018-10-10 00:00:00-04:00,71.85493553419681,72.54171010807599,70.7469400600196,70.83850860595703,918000,0.0,0.0
2018-10-11 00:00:00-04:00,70.408134829277,71.77252514427735,69.14447201936721,69.4832763671875,712800,0.0,0.0
2018-10-12 00:00:00-04:00,70.77441804753644,71.14985122483587,68.34781287742983,69.09868621826172,864200,0.0,0.0
2018-10-15 00:00:00-04:00,68.93384725067445,70.74693507182116,68.93384725067445,70.2890853881836,908300,0.0,0.0
2018-10-16 00:00:00-04:00,70.96671239757366,72.80727037848173,70.4081351346425,72.74317169189453,847400,0.0,0.0
2018-10-17 00:00:00-04:00,72.23954164193196,73.14608229928412,72.01977569177492,72.7798080444336,1229100,0.0,0.0
2018-10-18 00:00:00-04:00,72.73402104737251,73.6955084422225,71.47951005376797,71.74506378173828,1883300,0.0,0.0
2018-10-19 00:00:00-04:00,68.21961205758063,69.34592550509112,65.73806727611588,69.03458404541016,1661700,0.0,0.0
2018-10-22 00:00:00-04:00,68.9613260659336,71.55275728841784,68.8056588299849,69.95944213867188,1182100,0.0,0.0
2018-10-23 00:00:00-04:00,68.76903620557928,70.59127639097356,68.17383008873426,70.2158432006836,1253100,0.0,0.0
2018-10-24 00:00:00-04:00,70.50885975227052,70.50885975227052,67.44126790055462,67.58777618408203,1163700,0.0,0.0
2018-10-25 00:00:00-04:00,68.16467521171917,69.04374592169309,67.2581276474245,68.41191101074219,1038400,0.0,0.0
2018-10-26 00:00:00-04:00,67.09330405707686,68.22877654782351,66.75449968919862,67.89912414550781,1148900,0.0,0.0
2018-10-29 00:00:00-04:00,69.05290563735808,70.00522701069464,67.6152506533455,68.24708557128906,940000,0.0,0.0
2018-10-30 00:00:00-04:00,68.64083169023738,70.39897300253413,68.10057235430315,69.29097747802734,924300,0.0,0.0
2018-10-31 00:00:00-04:00,70.34402314656185,70.89344135430913,69.5656801034006,69.85870361328125,1243800,0.0,0.0
2018-11-01 00:00:00-04:00,70.40812462882789,72.63327439723768,70.02353256669083,72.56917572021484,628600,0.0,0.0
2018-11-02 00:00:00-04:00,73.28342744967155,73.77790600170724,71.65348351123866,72.58749389648438,553600,0.0,0.0
2018-11-05 00:00:00-05:00,72.541714514628,73.5764524204176,71.59854516033818,72.29447174072266,685100,0.0,0.0
2018-11-06 00:00:00-05:00,72.11133250813594,73.62223801507672,71.71758146070572,72.7523193359375,670500,0.0,0.0
2018-11-07 00:00:00-05:00,73.56729809772808,75.16062033624196,71.9831417970433,74.638671875,808200,0.0,0.0
2018-11-08 00:00:00-05:00,74.82180663392448,75.04157256167775,73.58561368424206,74.26322937011719,769500,0.0,0.0
2018-11-09 00:00:00-05:00,73.68635174295544,74.44638412698201,72.02893761678146,72.89884948730469,1073500,0.0,0.0
2018-11-12 00:00:00-05:00,72.64244948538095,73.26512548032134,72.22122851619089,72.36773681640625,766400,0.0,0.0
2018-11-13 00:00:00-05:00,72.4409949060862,73.13692854854003,71.44287872314453,71.44287872314453,881100,0.0,0.0
2018-11-14 00:00:00-05:00,72.3585852460584,72.67908572130233,71.04913443133186,71.60771179199219,559400,0.0,0.0
2018-11-15 00:00:00-05:00,71.1040672421858,72.54171517106302,70.6645284102837,72.16627502441406,899200,0.0,0.0
2018-11-16 00:00:00-05:00,71.63516932995697,72.88051412476548,71.63516932995697,72.57833862304688,481100,0.0,0.0
2018-11-19 00:00:00-05:00,72.01977781503932,72.68823463745899,71.0216615783148,71.4886703491211,709600,0.0,0.0
2018-11-20 00:00:00-05:00,70.5638033889911,72.34026270882775,70.1334234930527,71.69011688232422,599900,0.0,0.0
2018-11-21 00:00:00-05:00,72.30362888220938,74.71191595892184,72.01976428379449,73.54898071289062,662600,0.0,0.0
2018-11-23 00:00:00-05:00,72.88051748822963,74.54709723096902,72.8072668401419,73.4940414428711,300000,0.0,0.0
2018-11-26 00:00:00-05:00,74.52878770067224,75.15146368987102,73.25596585287715,74.14419555664062,908200,0.0,0.0
2018-11-27 00:00:00-05:00,73.49404158437154,74.00683105313556,72.23953079259384,72.64244079589844,534900,0.0,0.0
2018-11-28 00:00:00-05:00,73.39331179661092,74.80348977800335,71.58022382446855,74.76686096191406,423400,0.0,0.0
2018-11-29 00:00:00-05:00,74.16250242230853,75.10567181333714,72.9171505119505,73.39331817626953,501000,0.0,0.0
2018-11-30 00:00:00-05:00,73.8013782389751,75.49849628627553,73.55098006129809,75.28519439697266,773000,1.01,0.0
2018-12-03 00:00:00-05:00,76.26821173223514,76.73190466580364,73.41186863875167,75.22026824951172,391500,0.0,0.0
2018-12-04 00:00:00-05:00,75.09043869724428,75.56340749517838,69.89707898641187,70.15674591064453,726900,0.0,0.0
2018-12-06 00:00:00-05:00,69.09952178063718,69.54466302716482,67.5878783143477,69.1273422241211,1025200,0.0,0.0
2018-12-07 00:00:00-05:00,68.92331330176924,70.13818645201493,67.49513830147663,67.84754943847656,731300,0.0,0.0
2018-12-10 00:00:00-05:00,67.75480548597211,68.15358167006283,66.68831745736432,67.90319061279297,445800,0.0,0.0
2018-12-11 00:00:00-05:00,68.89549735879147,69.14588843134531,66.21535275167494,66.25244903564453,585600,0.0,0.0
2018-12-12 00:00:00-05:00,67.07781877732603,68.55235885073506,66.53065745846007,66.80887603759766,423800,0.0,0.0
2018-12-13 00:00:00-05:00,66.88307025488554,66.90161485876988,64.26784243285634,64.304931640625,1139000,0.0,0.0
2018-12-14 00:00:00-05:00,63.600127576414735,65.13958451193787,63.08078665415508,63.41464614868164,831800,0.0,0.0
2018-12-17 00:00:00-05:00,63.29407945712406,64.11017639602352,62.0235583919425,62.48725128173828,763000,0.0,0.0
2018-12-18 00:00:00-05:00,62.88602537662913,64.18436684032946,62.450152942529066,63.70212936401367,806800,0.0,0.0
2018-12-19 00:00:00-05:00,63.804145991385106,64.37912066022658,61.38366848275481,61.7360725402832,694300,0.0,0.0
2018-12-20 00:00:00-05:00,61.32802539733514,62.19049454453296,60.150248448667845,60.82723617553711,517100,0.0,0.0
2018-12-21 00:00:00-05:00,60.80868824411024,61.53204805533187,59.21358349352289,59.46398162841797,1248600,0.0,0.0
2018-12-24 00:00:00-05:00,59.10230142438261,59.1579458504864,57.794687481362644,58.045082092285156,319800,0.0,0.0
2018-12-26 00:00:00-05:00,58.46239882053678,60.46554837132064,57.09914062917698,60.42845916748047,402300,0.0,0.0
2018-12-27 00:00:00-05:00,59.380517352536785,60.131697658651994,57.90597364722269,60.12242889404297,632700,0.0,0.0
2018-12-28 00:00:00-05:00,60.19661537016866,60.57683986704444,59.34341859887572,59.899845123291016,652400,0.0,0.0
2018-12-31 00:00:00-05:00,60.32644711980248,60.678851164976,59.43615055497858,60.094600677490234,562500,0.0,0.0
2019-01-02 00:00:00-05:00,59.20430800787593,61.23528158122496,58.888996702919385,60.335716247558594,548900,0.0,0.0
2019-01-03 00:00:00-05:00,59.59381824321438,60.55830040120313,58.518047233206374,59.0930290222168,583300,0.0,0.0
2019-01-04 00:00:00-05:00,60.159525691177485,62.27396440447307,60.03896099630472,62.01429748535156,600000,0.0,0.0
2019-01-07 00:00:00-05:00,61.8380861458634,62.98804257012147,61.01271334030008,62.26468276977539,570900,0.0,0.0
2019-01-08 00:00:00-05:00,63.09005758978203,64.2029248434875,62.78401856435859,64.13800811767578,674500,0.0,0.0
2019-01-09 00:00:00-05:00,64.31420649102523,66.12261312150804,64.2771102084346,65.81657409667969,582400,0.0,0.0
2019-01-10 00:00:00-05:00,65.5940061057528,65.94641019140062,64.79645368656686,65.51981353759766,465500,0.0,0.0
2019-01-11 00:00:00-05:00,65.4919929099659,65.89076911844202,64.1936512724581,65.83512115478516,434300,0.0,0.0
2019-01-14 00:00:00-05:00,65.0839382661251,66.61412631090052,64.731534195518,66.13188171386719,821500,0.0,0.0
2019-01-15 00:00:00-05:00,66.01132313821624,66.53993277410284,65.31578377123957,65.70528411865234,407100,0.0,0.0
2019-01-16 00:00:00-05:00,65.89077060555081,66.97581040354676,65.74238546630717,66.79032897949219,486300,0.0,0.0
2019-01-17 00:00:00-05:00,66.63267485584927,68.1721388311574,66.57703396651284,67.94029235839844,475500,0.0,0.0
2019-01-18 00:00:00-05:00,68.57090641704129,69.48901635250425,68.1257581321972,69.03459930419922,375300,0.0,0.0
2019-01-22 00:00:00-05:00,68.73785759281341,68.89551152555751,67.1891174890396,67.81974029541016,342000,0.0,0.0
2019-01-23 00:00:00-05:00,67.81972808244007,68.44108201056349,65.76093733497738,66.47502136230469,489100,0.0,0.0
2019-01-24 00:00:00-05:00,66.30808983714819,67.68989280509209,66.30808983714819,67.35603332519531,515700,0.0,0.0
2019-01-25 00:00:00-05:00,67.96810622350345,69.63739642053888,67.96810622350345,69.31281280517578,433500,0.0,0.0
2019-01-28 00:00:00-05:00,68.58945944729687,68.98823566226807,67.83827914192503,68.67292785644531,480900,0.0,0.0
2019-01-29 00:00:00-05:00,68.99750188498625,69.42409848508113,68.46889228536956,68.92330932617188,353300,0.0,0.0
2019-01-30 00:00:00-05:00,69.73013786402396,70.88937006910274,68.82129670206977,70.49986267089844,615500,0.0,0.0
2019-01-31 00:00:00-05:00,72.44738806374498,73.59734458289853,70.10109582552245,73.29130554199219,1020400,0.0,0.0
2019-02-01 00:00:00-05:00,71.87239890930078,73.94974110311789,70.8615517917969,72.55866241455078,975400,0.0,0.0
2019-02-04 00:00:00-05:00,72.61430781415683,73.48604561700226,71.98368521454958,73.27275085449219,931400,0.0,0.0
2019-02-05 00:00:00-05:00,73.14292286789045,73.71789755352121,72.87398012847925,73.30985260009766,630900,0.0,0.0
2019-02-06 00:00:00-05:00,73.28202190297024,75.2109860413779,72.8368806866559,74.59891510009766,718100,0.0,0.0
2019-02-07 00:00:00-05:00,73.80136377502289,74.71019789819397,73.6715303288556,74.45053100585938,957600,0.0,0.0
2019-02-08 00:00:00-05:00,73.86627743869435,74.41343164268119,72.72558983702166,73.90337371826172,614300,0.0,0.0
2019-02-11 00:00:00-05:00,74.36707709383363,75.35010387721371,73.96830087645235,75.18317413330078,627300,0.0,0.0
2019-02-12 00:00:00-05:00,75.75815348793236,77.50163636496481,75.59122374941066,77.05648803710938,859300,0.0,0.0
2019-02-13 00:00:00-05:00,77.3996156542513,78.13225126291499,77.18632088898747,77.63146209716797,677400,0.0,0.0
2019-02-14 00:00:00-05:00,76.82464483189324,78.03024933632017,76.62062587650072,77.54801177978516,924100,0.0,0.0
2019-02-15 00:00:00-05:00,77.81694918320926,78.79070006938092,77.81694918320926,78.29918670654297,498800,0.0,0.0
2019-02-19 00:00:00-05:00,78.0395030421533,78.88342029557792,78.02095136712936,78.44754791259766,587200,0.0,0.0
2019-02-20 00:00:00-05:00,78.2528142110303,79.01327031272308,78.23426960750275,78.40119934082031,628200,0.0,0.0
2019-02-21 00:00:00-05:00,78.54031042547673,79.48624088562526,77.73348218344373,78.46611785888672,614100,0.0,0.0
2019-02-22 00:00:00-05:00,78.62377307988294,79.26367159555663,78.41974705602217,78.79070281982422,360600,0.0,0.0
2019-02-25 00:00:00-05:00,79.18020185498592,79.79227991626459,78.3733806883455,78.46611785888672,386600,0.0,0.0
2019-02-26 00:00:00-05:00,78.33628505439715,79.10601701951563,77.45526423847119,77.47381591796875,605000,0.0,0.0
2019-02-27 00:00:00-05:00,77.3718044955804,78.32701082293194,76.92665615860281,78.27136993408203,462400,0.0,0.0
2019-02-28 00:00:00-05:00,78.31773753606822,78.47539851860384,77.58510889101895,78.13226318359375,616100,0.0,0.0
2019-03-01 00:00:00-05:00,78.68869803093033,79.22658359088315,77.83550463780108,78.3733901977539,431200,0.0,0.0
2019-03-04 00:00:00-05:00,78.62378156579734,79.04110949838937,77.3996323659023,77.64075469970703,505300,0.0,0.0
2019-03-05 00:00:00-05:00,77.77058372361401,78.18790455695444,77.42744838648557,77.87259674072266,527600,0.0,0.0
2019-03-06 00:00:00-05:00,78.07661459723829,78.07661459723829,76.41659312725913,76.76899719238281,413300,0.0,0.0
2019-03-07 00:00:00-05:00,76.67626809957876,76.67626809957876,74.78439997494151,75.3037338256836,760600,0.0,0.0
2019-03-08 00:00:00-05:00,74.37634211088417,74.5061755634531,73.25420608488564,74.42271423339844,341700,0.0,0.0
2019-03-11 00:00:00-04:00,74.32070310910544,75.51703173131112,74.06103619738192,75.27590942382812,412400,0.0,0.0
2019-03-12 00:00:00-04:00,75.47066138481061,76.04564318530434,74.90495542435193,75.7581558227539,526600,0.0,0.0
2019-03-13 00:00:00-04:00,76.4073140552326,78.36409862236685,76.0456341660838,78.21571350097656,966400,0.0,0.0
2019-03-14 00:00:00-04:00,78.02095830803411,78.24353597577665,77.53872084537505,77.9189453125,742200,0.0,0.0
2019-03-15 00:00:00-04:00,78.01171023598404,79.48625053006218,77.78913250920763,78.3733901977539,1164800,0.0,0.0
2019-03-18 00:00:00-04:00,78.4568472521705,79.26367554801776,77.9931542931442,79.23585510253906,617800,0.0,0.0
2019-03-19 00:00:00-04:00,79.56044030396733,80.0055815910578,78.62377852743272,78.82780456542969,596000,0.0,0.0
2019-03-20 00:00:00-04:00,78.53103420770333,78.97618252970754,76.91738480679912,78.15080261230469,540000,0.0,0.0
2019-03-21 00:00:00-04:00,77.65002013956438,79.8571959099056,77.62219262080421,79.61607360839844,331700,0.0,0.0
2019-03-22 00:00:00-04:00,78.97618086072372,79.08746263232867,74.76584833378806,74.88640594482422,782900,0.0,0.0
2019-03-25 00:00:00-04:00,74.75657311800163,74.91422701268544,73.38403896182044,73.89410400390625,834400,0.0,0.0
2019-03-26 00:00:00-04:00,74.68237911619293,75.09043114201266,73.31912082574277,73.7271728515625,558600,0.0,0.0
2019-03-27 00:00:00-04:00,73.89410175730619,74.40416678388452,73.2171070016106,74.08885192871094,475700,0.0,0.0
2019-03-28 00:00:00-04:00,74.18159998485741,76.03637188049355,74.18159998485741,75.89726257324219,458400,0.0,0.0
2019-03-29 00:00:00-04:00,76.5649669378117,77.05648026404631,76.24038333325979,76.68553161621094,407300,0.0,0.0
2019-04-01 00:00:00-04:00,77.39961872368524,78.67013982839465,77.39961872368524,78.595947265625,321300,0.0,0.0
2019-04-02 00:00:00-04:00,78.64232476137263,78.82779910558163,77.2697905578909,77.42744445800781,371900,0.0,0.0
2019-04-03 00:00:00-04:00,78.13225216751259,79.44913828043178,77.57582211314877,79.20802307128906,596500,0.0,0.0
2019-04-04 00:00:00-04:00,79.36568961756345,79.54188813306287,78.71651522108161,79.08747100830078,276700,0.0,0.0
2019-04-05 00:00:00-04:00,79.31003316630454,79.89429076817669,79.15237927310415,79.44914245605469,290000,0.0,0.0
2019-04-08 00:00:00-04:00,79.50478788059114,79.69026221074553,79.0039986987037,79.58824920654297,377100,0.0,0.0
2019-04-09 00:00:00-04:00,79.06891766524377,79.59752730411357,77.436716627084,77.45526123046875,405900,0.0,0.0
2019-04-10 00:00:00-04:00,77.70566699230788,78.1786357920486,77.25124987316495,77.87259674072266,582000,0.0,0.0
2019-04-11 00:00:00-04:00,78.17863977878075,78.92982014725729,77.77058768953748,78.6886978149414,786300,0.0,0.0
2019-04-12 00:00:00-04:00,79.49551975673737,80.87732275405439,78.81852494272442,79.43060302734375,553300,0.0,0.0
2019-04-15 00:00:00-04:00,79.5975337985445,80.09832303550081,79.0411036715018,79.69954681396484,788000,0.0,0.0
2019-04-16 00:00:00-04:00,80.042660686285,80.69183494733842,79.99629564467584,80.28378295898438,632300,0.0,0.0
2019-04-17 00:00:00-04:00,80.90513505229721,81.23899450567414,79.99630093229834,80.63619232177734,603000,0.0,0.0
2019-04-18 00:00:00-04:00,81.60995381244473,90.19754866063687,81.60995381244473,89.99352264404297,1573900,0.0,0.0
2019-04-22 00:00:00-04:00,89.84514033122487,89.86369201080198,88.25931134622981,88.96412658691406,933700,0.0,0.0
2019-04-23 00:00:00-04:00,88.82501562025263,90.1233572259058,88.62098960109952,90.10481262207031,893000,0.0,0.0
2019-04-24 00:00:00-04:00,88.8713764678348,89.52054365060539,88.12946505147558,88.61170959472656,1174500,0.0,0.0
2019-04-25 00:00:00-04:00,88.33350201481858,88.52825219383564,87.17426970491283,87.693603515625,461200,0.0,0.0
2019-04-26 00:00:00-04:00,87.7492602684595,88.88066517294156,87.2299193303274,88.59317779541016,333600,0.0,0.0
2019-04-29 00:00:00-04:00,88.7044690449173,88.84357835486766,87.96255744211099,88.24077606201172,470600,0.0,0.0
2019-04-30 00:00:00-04:00,88.66735542144902,89.12177247474102,87.46175107145073,89.06613159179688,423800,0.0,0.0
2019-05-01 00:00:00-04:00,89.28871374524026,89.65966952208578,88.25931482530555,88.3056869506836,436900,0.0,0.0
2019-05-02 00:00:00-04:00,88.1016578158718,89.77095521517172,87.31338123996623,87.91618347167969,529000,0.0,0.0
2019-05-03 00:00:00-04:00,88.4540572227786,89.11250030785443,87.61941564265497,89.03831481933594,389000,0.0,0.0
2019-05-06 00:00:00-04:00,87.04443498094783,89.02904010048985,86.62711418563374,88.7322769165039,441300,0.0,0.0
2019-05-07 00:00:00-04:00,87.61941626965013,88.85283404538023,85.91302266445203,86.52510070800781,536600,0.0,0.0
2019-05-08 00:00:00-04:00,86.18196471394371,86.9795170868254,85.63480339980754,85.73681640625,435100,0.0,0.0
2019-05-09 00:00:00-04:00,84.77234873590432,86.77549860591546,84.07680930909339,85.52352905273438,384300,0.0,0.0
2019-05-10 00:00:00-04:00,84.84652635418404,86.65493294124717,84.1417182280618,86.57146453857422,550200,0.0,0.0
2019-05-13 00:00:00-04:00,84.42921013656891,84.96709563724183,82.74136814252739,83.14014434814453,542300,0.0,0.0
2019-05-14 00:00:00-04:00,83.31634248852717,84.7259729617084,83.31634248852717,84.1880874633789,298500,0.0,0.0
2019-05-15 00:00:00-04:00,83.64093247655394,85.5977171954651,83.28852132361347,85.33804321289062,519100,0.0,0.0
2019-05-16 00:00:00-04:00,85.38440876329263,86.15414066132628,84.5683118213412,85.60697937011719,362700,0.0,0.0
2019-05-17 00:00:00-04:00,84.70742568693063,86.51583245802676,84.13245095054964,85.31950378417969,547800,0.0,0.0
2019-05-20 00:00:00-04:00,84.80942693507865,85.8110052777485,84.39210616332888,84.66104888916016,378400,0.0,0.0
2019-05-21 00:00:00-04:00,85.35660741871312,86.11706364794343,85.15258136873048,86.0521469116211,867700,0.0,0.0
2019-05-22 00:00:00-04:00,85.50497691750404,85.89448437174427,84.52195013030091,84.83726501464844,504200,0.0,0.0
2019-05-23 00:00:00-04:00,84.74451208985059,84.86507677243303,83.30706834113384,84.56831359863281,566000,0.0,0.0
2019-05-24 00:00:00-04:00,85.02273663649011,85.59771842162398,84.28082511214915,84.87435150146484,551000,0.0,0.0
2019-05-28 00:00:00-04:00,84.65178420641247,84.86508607755918,83.52964811133654,83.58528900146484,607600,0.0,0.0
2019-05-29 00:00:00-04:00,83.31634370176543,83.44618423376382,81.97163701175297,82.7784652709961,700600,0.0,0.0
2019-05-30 00:00:00-04:00,83.70585297322746,84.14172547651009,81.4801254072395,82.42605590820312,515100,0.0,0.0
2019-05-31 00:00:00-04:00,81.27120352059113,81.27120352059113,79.71263282716176,80.29474639892578,560200,1.09,0.0
2019-06-03 00:00:00-04:00,80.22902316382438,82.90489459579756,79.8159119265445,82.17254638671875,937300,0.0,0.0
2019-06-04 00:00:00-04:00,82.9236763610877,84.8859817638888,82.66078541638501,84.49163818359375,873800,0.0,0.0
2019-06-05 00:00:00-04:00,85.21459672775192,85.61832415983555,84.01280544059354,84.39775085449219,522800,0.0,0.0
2019-06-06 00:00:00-04:00,84.22873977266853,84.65124917912368,82.03171664676705,83.71234893798828,632600,0.0,0.0
2019-06-07 00:00:00-04:00,83.83440142016629,84.12545819584048,83.0738945349581,83.35556030273438,569000,0.0,0.0
2019-06-10 00:00:00-04:00,83.7780674802648,85.52441525129542,83.7780674802648,84.76390838623047,313800,0.0,0.0
2019-06-11 00:00:00-04:00,85.3554205872357,87.16749109582213,84.96107705932627,86.87643432617188,650100,0.0,0.0
2019-06-12 00:00:00-04:00,84.97047747372206,85.28970013858265,83.54335216411093,85.13008880615234,689000,0.0,0.0
2019-06-13 00:00:00-04:00,85.26153463510649,86.8482784470794,84.94231196889987,86.80133056640625,423700,0.0,0.0
2019-06-14 00:00:00-04:00,86.60416307220227,86.63232893554098,84.82964204945442,85.25215148925781,452500,0.0,0.0
2019-06-17 00:00:00-04:00,85.14886634629896,86.8013256361707,84.73574794221078,85.7309799194336,820900,0.0,0.0
2019-06-18 00:00:00-04:00,86.5102696928421,88.15334515372042,85.87181722722835,87.74022674560547,659800,0.0,0.0
2019-06-19 00:00:00-04:00,87.99373977415365,88.45379892857994,87.59001234709845,88.26602172851562,458800,0.0,0.0
2019-06-20 00:00:00-04:00,89.23307680877431,89.23307680877431,87.7026720453988,88.88568115234375,478800,0.0,0.0
2019-06-21 00:00:00-04:00,88.3035746902105,88.86691342869419,87.2050559124405,87.65573120117188,762900,0.0,0.0
2019-06-24 00:00:00-04:00,87.84350654448238,88.48195901152685,87.39283842847485,88.29418182373047,440700,0.0,0.0
2019-06-25 00:00:00-04:00,88.435014754802,88.57584405838946,87.79656231332447,88.02189636230469,494600,0.0,0.0
2019-06-26 00:00:00-04:00,88.00312018335703,88.61339959167981,87.90922443139337,88.55706787109375,481500,0.0,0.0
2019-06-27 00:00:00-04:00,88.8293499683494,89.45841139360516,88.33173400021454,89.44902038574219,597900,0.0,0.0
2019-06-28 00:00:00-04:00,89.8715319051761,91.18599367069797,89.54291825460571,90.69776153564453,923300,0.0,0.0
2019-07-01 00:00:00-04:00,91.9746682332934,91.9746682332934,90.15319944411696,91.1672134399414,375300,0.0,0.0
2019-07-02 00:00:00-04:00,91.03576420163404,91.55216218639868,89.95602751918808,90.44425964355469,510800,0.0,0.0
2019-07-03 00:00:00-04:00,91.05454579836776,91.07332065079999,89.57108174281626,90.10625457763672,221700,0.0,0.0
2019-07-05 00:00:00-04:00,89.70252469698471,90.30342024341404,88.77301551785808,90.29402923583984,360100,0.0,0.0
2019-07-08 00:00:00-04:00,90.10625429051376,90.32219732737698,88.6040153873169,88.88568115234375,530300,0.0,0.0
2019-07-09 00:00:00-04:00,87.8247303781372,88.18150989491318,85.86242512776825,87.0548324584961,680700,0.0,0.0
2019-07-10 00:00:00-04:00,87.6087829301344,88.21906954544829,87.05483520268562,87.3177261352539,553000,0.0,0.0
2019-07-11 00:00:00-04:00,83.8344088237185,85.26153413090785,81.36510360826792,81.90966033935547,1099100,0.0,0.0
2019-07-12 00:00:00-04:00,82.01293134246484,84.43529558665438,82.01293134246484,84.33201599121094,642800,0.0,0.0
2019-07-15 00:00:00-04:00,84.55735592542524,84.74514027715077,83.47762634677596,84.52919006347656,515000,0.0,0.0
2019-07-16 00:00:00-04:00,84.32263261588955,86.31310380622762,84.32263261588955,85.6652603149414,628100,0.0,0.0
2019-07-17 00:00:00-04:00,85.45869673520772,85.50564461252706,83.83440333061961,84.05034637451172,558400,0.0,0.0
2019-07-18 00:00:00-04:00,83.76867771689763,85.22396874157974,83.5715095327758,84.6700210571289,784300,0.0,0.0
2019-07-19 00:00:00-04:00,84.49162958528072,87.50549846018541,81.59043131660025,84.69818878173828,1370800,0.0,0.0
2019-07-22 00:00:00-04:00,84.56674840647935,85.54320556273449,83.79685045909903,84.21935272216797,882200,0.0,0.0
2019-07-23 00:00:00-04:00,84.82024656158147,85.77792884397178,84.61369452025782,85.1864242553711,638600,0.0,0.0
2019-07-24 00:00:00-04:00,85.14886634629896,86.25676893279321,84.85780239649117,85.7309799194336,579100,0.0,0.0
2019-07-25 00:00:00-04:00,85.51504076024018,87.43039822549187,85.05497445722898,87.00788879394531,687900,0.0,0.0
2019-07-26 00:00:00-04:00,87.20505959152007,88.66974896926003,86.75439144701623,88.3786849975586,584000,0.0,0.0
2019-07-29 00:00:00-04:00,88.09700928951406,88.09700928951406,86.22859269571373,86.23798370361328,496200,0.0,0.0
2019-07-30 00:00:00-04:00,85.66524964949096,86.43514750365911,84.54796331631073,86.39759063720703,357200,0.0,0.0
2019-07-31 00:00:00-04:00,86.4351577701244,87.35528319939017,85.0643642163845,85.76853942871094,503700,0.0,0.0
2019-08-01 00:00:00-04:00,85.8248766153028,87.22383600368418,83.72173486531405,84.1911849975586,544400,0.0,0.0
2019-08-02 00:00:00-04:00,83.8719607986388,83.90012665993534,81.86271484275986,82.50116729736328,245000,0.0,0.0
2019-08-05 00:00:00-04:00,81.40264731225925,81.99415904335196,80.30413575914464,80.8205337524414,585200,0.0,0.0
2019-08-06 00:00:00-04:00,81.30875895640875,81.90965453403078,80.22902225300533,81.27120208740234,380600,0.0,0.0
2019-08-07 00:00:00-04:00,80.05064127570891,81.55288031728081,79.28074331920077,81.34632110595703,394900,0.0,0.0
2019-08-08 00:00:00-04:00,81.9847726220253,84.35079818904455,81.87210200902794,84.21935272216797,471500,0.0,0.0
2019-08-09 00:00:00-04:00,83.80623984924333,83.80623984924333,81.99416204716336,82.30400085449219,219500,0.0,0.0
2019-08-12 00:00:00-04:00,81.7218729894565,81.7218729894565,80.72664108525878,81.09281158447266,192200,0.0,0.0
2019-08-13 00:00:00-04:00,80.80175556323583,83.73112700685344,80.79237171799713,82.53872680664062,374500,0.0,0.0
2019-08-14 00:00:00-04:00,80.75481874098168,81.21487789328239,78.37940207126204,78.71739959716797,415500,0.0,0.0
2019-08-15 00:00:00-04:00,79.1305088504819,79.15867471076947,77.83482913457217,78.36061096191406,409100,0.0,0.0
2019-08-16 00:00:00-04:00,79.01784998217227,80.16330229184982,78.56717470176952,79.75957489013672,244000,0.0,0.0
2019-08-19 00:00:00-04:00,80.88625450955536,81.10219754640192,80.435579257011,80.4637451171875,209400,0.0,0.0
2019-08-20 00:00:00-04:00,80.20085883083973,80.30413843293786,78.91457005364751,79.08357238769531,319500,0.0,0.0
2019-08-21 00:00:00-04:00,79.96613565140447,80.482533674078,79.25257659147104,79.77835845947266,300900,0.0,0.0
2019-08-22 00:00:00-04:00,80.16331143451147,80.70787537116072,79.25258408793219,79.55303192138672,200400,0.0,0.0
2019-08-23 00:00:00-04:00,78.72678643326314,79.22440243167574,75.37491274625307,75.65658569335938,385300,0.0,0.0
2019-08-26 00:00:00-04:00,76.39832074430556,76.71754341110274,75.35614082795334,75.70352935791016,358600,0.0,0.0
2019-08-27 00:00:00-04:00,76.24808775125014,76.38892422012067,74.013507755287,74.06983947753906,504100,0.0,0.0
2019-08-28 00:00:00-04:00,73.7412193258304,75.91007640024786,73.36565782969255,75.6377944946289,416700,0.0,0.0
2019-08-29 00:00:00-04:00,76.49220295149769,77.2527098462297,76.08847556571298,76.27625274658203,309600,0.0,0.0
2019-08-30 00:00:00-04:00,76.84898425173634,77.90055511353907,76.18236593190048,76.7457046508789,328900,0.0,0.0
2019-09-03 00:00:00-04:00,75.89130162135325,76.33258584249354,74.48295138192157,74.85851287841797,424600,0.0,0.0
2019-09-04 00:00:00-04:00,75.81619381257254,76.55792585621006,75.53452087738451,76.16358947753906,545600,0.0,0.0
2019-09-05 00:00:00-04:00,77.30904652247366,78.72678796758905,77.29966267709702,78.01322174072266,826100,0.0,0.0
2019-09-06 00:00:00-04:00,78.01322664524787,78.87702041133447,77.4686698862965,77.75033569335938,521800,0.0,0.0
2019-09-09 00:00:00-04:00,78.33245050159438,80.31353066177802,77.67522317211005,79.99430084228516,428900,0.0,0.0
2019-09-10 00:00:00-04:00,80.0412497836506,82.07866169532939,79.19623808935687,81.44960021972656,774800,0.0,0.0
2019-09-11 00:00:00-04:00,81.8908783605292,81.8908783605292,79.88163246215022,80.69847106933594,453700,0.0,0.0
2019-09-12 00:00:00-04:00,80.86747789298772,81.00831436651315,79.75019143969796,80.09757995605469,412800,0.0,0.0
2019-09-13 00:00:00-04:00,80.68908601050167,82.32277036353054,80.2290197519454,81.56226348876953,538700,0.0,0.0
2019-09-16 00:00:00-04:00,80.96137045376996,81.44020441631106,80.67030650978032,81.27120208740234,453600,0.0,0.0
2019-09-17 00:00:00-04:00,80.97075740100358,81.19609862367608,79.74080033768873,80.53886413574219,337800,0.0,0.0
2019-09-18 00:00:00-04:00,80.39802111773592,80.9425849500044,79.8159075813193,80.66091918945312,325300,0.0,0.0
2019-09-19 00:00:00-04:00,80.73602576098946,82.05048746661542,80.59518929909382,80.66091918945312,388600,0.0,0.0
2019-09-20 00:00:00-04:00,80.99891588910893,81.90965021558789,80.43557721019367,80.65152740478516,688500,0.0,0.0
2019-09-23 00:00:00-04:00,79.66568587822582,79.7783564885458,77.42171482284677,78.75495147705078,400300,0.0,0.0
2019-09-24 00:00:00-04:00,78.79250286881896,79.59995761186956,77.64704348154999,77.78787994384766,476400,0.0,0.0
2019-09-25 00:00:00-04:00,78.15405483215447,79.69385066964416,77.94749563096236,79.40279388427734,523400,0.0,0.0
2019-09-26 00:00:00-04:00,79.34646242375054,80.05063761382901,78.61412137218738,78.84884643554688,381200,0.0,0.0
2019-09-27 00:00:00-04:00,79.21501445212662,79.37462577097754,77.24331825176964,77.92871856689453,337800,0.0,0.0
2019-09-30 00:00:00-04:00,78.34183306983455,79.7032354613401,78.34183306983455,79.09294891357422,404400,0.0,0.0
2019-10-01 00:00:00-04:00,79.85347139356094,80.51069872191295,77.36538422781578,77.76911163330078,358600,0.0,0.0
2019-10-02 00:00:00-04:00,77.0461466585185,77.0461466585185,75.78802385273508,76.77386474609375,472100,0.0,0.0
2019-10-03 00:00:00-04:00,76.31381654184389,76.6424302198107,75.0650774023291,76.59548950195312,422400,0.0,0.0
2019-10-04 00:00:00-04:00,76.94287058436443,78.1728347502922,76.83959098654056,78.154052734375,336100,0.0,0.0
2019-10-07 00:00:00-04:00,77.70338375708279,78.08832912013972,76.78325839505474,76.8114242553711,377200,0.0,0.0
2019-10-08 00:00:00-04:00,75.99458082669211,76.50158776990585,74.73645089429363,75.62841033935547,394900,0.0,0.0
2019-10-09 00:00:00-04:00,76.63305179179005,77.3747839534899,76.04153996639168,76.22932434082031,338400,0.0,0.0
2019-10-10 00:00:00-04:00,76.05091950681494,77.36538127661782,76.05091950681494,76.95226287841797,507900,0.0,0.0
2019-10-11 00:00:00-04:00,78.45449900033763,80.78297466539432,78.12588536055387,80.01307678222656,519700,0.0,0.0
2019-10-14 00:00:00-04:00,79.59056510989387,79.78774045135272,79.1023401681003,79.64690399169922,254500,0.0,0.0
2019-10-15 00:00:00-04:00,79.9097989294502,81.18670381181141,79.41218295503185,79.81591033935547,686600,0.0,0.0
2019-10-16 00:00:00-04:00,79.4121812267367,80.16329709438791,78.76433779167397,78.9051742553711,598600,0.0,0.0
2019-10-17 00:00:00-04:00,79.66567488831821,81.29935911476767,79.41217500411932,80.58580017089844,493600,0.0,0.0
2019-10-18 00:00:00-04:00,80.74543383166676,84.9141538705622,79.3464742512211,81.35572052001953,1556700,0.0,0.0
2019-10-21 00:00:00-04:00,81.82515965631724,85.06436271037452,81.68432318369724,84.07852172851562,953900,0.0,0.0
2019-10-22 00:00:00-04:00,84.50102084224189,84.54796871911702,82.81099756010093,84.14424133300781,654500,0.0,0.0
2019-10-23 00:00:00-04:00,83.74989956192977,84.61369323730469,82.40727191586053,84.61369323730469,710800,0.0,0.0
2019-10-24 00:00:00-04:00,85.41176244207628,85.41176244207628,83.79685276095667,84.91414642333984,694600,0.0,0.0
2019-10-25 00:00:00-04:00,84.56674859371,85.9938738786329,83.95646197429429,85.43992614746094,322600,0.0,0.0
2019-10-28 00:00:00-04:00,85.71220672609921,86.7825524635649,85.66525884718345,85.97509765625,297700,0.0,0.0
2019-10-29 00:00:00-04:00,85.6370965663268,87.32711999259946,85.5619828222167,87.13933563232422,716600,0.0,0.0
2019-10-30 00:00:00-04:00,85.88121217785412,86.73560773184587,84.84842327339823,86.57599639892578,405100,0.0,0.0
2019-10-31 00:00:00-04:00,86.0220492754956,86.0220492754956,84.11607562254744,85.36481475830078,560300,0.0,0.0
2019-11-01 00:00:00-04:00,86.21921549627169,86.85766798108536,85.71220847922193,86.44454956054688,335700,0.0,0.0
2019-11-04 00:00:00-05:00,86.82949074863589,87.97494293726822,86.33186764212961,87.49610900878906,429900,0.0,0.0
2019-11-05 00:00:00-05:00,87.85289540959475,89.08285243510842,87.65572721824647,88.1533432006836,525100,0.0,0.0
2019-11-06 00:00:00-05:00,87.9280063920397,88.57584266809438,87.34588568113419,87.89044952392578,442900,0.0,0.0
2019-11-07 00:00:00-05:00,88.62278940119332,88.89507131907784,87.98433697797029,88.20967102050781,272500,0.0,0.0
2019-11-08 00:00:00-05:00,87.82473256973597,88.63218737917245,87.1393322172643,88.5289077758789,317200,0.0,0.0
2019-11-11 00:00:00-05:00,88.18151718932246,88.64158350811202,87.58062155176164,88.0500717163086,329400,0.0,0.0
2019-11-12 00:00:00-05:00,88.17212222348856,88.17212222348856,87.18627413697656,87.33649444580078,434600,0.0,0.0
2019-11-13 00:00:00-05:00,87.34588244944271,88.11578030919239,86.81070963429039,87.7308349609375,507400,0.0,0.0
2019-11-14 00:00:00-05:00,87.67450203665688,87.91861810533281,87.0360495854401,87.48672485351562,253900,0.0,0.0
2019-11-15 00:00:00-05:00,87.89984089385325,88.42562272313369,87.27077230440396,87.56183624267578,193700,0.0,0.0
2019-11-18 00:00:00-05:00,87.17689015044344,87.35528349707774,86.12532641425985,87.21444702148438,287500,0.0,0.0
2019-11-19 00:00:00-05:00,87.67451104937413,88.06885463569287,86.7919496019967,87.61817932128906,370500,0.0,0.0
2019-11-20 00:00:00-05:00,87.2707727372478,87.64633425855659,86.22859291815497,86.79193878173828,309600,0.0,0.0
2019-11-21 00:00:00-05:00,86.86705388191892,87.08300410592135,85.51504230103568,86.36005401611328,343800,0.0,0.0
2019-11-22 00:00:00-05:00,86.43515855165064,87.57122704488712,86.43515855165064,87.11116790771484,314400,0.0,0.0
2019-11-25 00:00:00-05:00,87.29894104997999,88.5758386923385,87.26138418355183,88.3880615234375,303700,0.0,0.0
2019-11-26 00:00:00-05:00,88.47256634851051,89.14856845514596,88.13456171357288,89.05467987060547,287600,0.0,0.0
2019-11-27 00:00:00-05:00,89.42085918508684,89.42085918508684,88.45379305877233,88.73546600341797,249500,0.0,0.0
2019-11-29 00:00:00-05:00,88.73545362213444,89.2388756197996,87.99456787109375,87.99456787109375,159200,1.09,0.0
2019-12-02 00:00:00-05:00,88.07056702714847,89.33387606366709,87.81410208903027,87.91858673095703,347600,0.0,0.0
2019-12-03 00:00:00-05:00,86.57929205580977,87.10170800210715,86.05686886269325,86.89274597167969,340400,0.0,0.0
2019-12-04 00:00:00-05:00,87.35818130287302,88.90644262392668,87.35818130287302,87.92809295654297,387500,0.0,0.0
2019-12-05 00:00:00-05:00,88.22253516400431,88.78295341648011,87.78560270701283,88.6689682006836,203600,0.0,0.0
2019-12-06 00:00:00-05:00,89.50484717677905,90.53068515330172,89.19139326184366,89.66632080078125,314400,0.0,0.0
2019-12-09 00:00:00-05:00,89.23887908249272,90.34071441938215,89.07740546316825,89.98926544189453,218500,0.0,0.0
2019-12-10 00:00:00-05:00,89.68531645129525,90.04626602584509,89.15339991636196,89.97027587890625,300700,0.0,0.0
2019-12-11 00:00:00-05:00,90.18873163031249,91.17658172489337,89.51433543288894,91.11009216308594,343200,0.0,0.0
2019-12-12 00:00:00-05:00,90.61617870195902,92.49688775652987,90.44520449274172,92.28792572021484,375400,0.0,0.0
2019-12-13 00:00:00-05:00,91.91747093404292,92.68685846019896,91.15759123441174,91.8224868774414,357600,0.0,0.0
2019-12-16 00:00:00-05:00,92.54438023323674,92.80083791484785,91.16709327342105,91.26207733154297,375100,0.0,0.0
2019-12-17 00:00:00-05:00,91.26207769836525,91.83198929620663,90.96761769613887,91.64202117919922,247800,0.0,0.0
2019-12-18 00:00:00-05:00,91.7654939809134,91.7654939809134,90.81563896175216,90.83463287353516,352800,0.0,0.0
2019-12-19 00:00:00-05:00,90.77763743291686,91.41403851124112,90.02725115154809,91.07209014892578,229900,0.0,0.0
2019-12-20 00:00:00-05:00,91.6135223550864,92.73435167346618,91.34756408408431,92.45889282226562,841000,0.0,0.0
2019-12-23 00:00:00-05:00,92.60137026771032,92.60137026771032,91.46154706369738,91.98396301269531,308800,0.0,0.0
2019-12-24 00:00:00-05:00,92.38290942445735,92.38290942445735,91.70851317037943,91.9079818725586,64400,0.0,0.0
2019-12-26 00:00:00-05:00,92.0599594116211,92.61087713793476,91.7275115584386,92.0599594116211,113400,0.0,0.0
2019-12-27 00:00:00-05:00,92.3924008269168,92.66785967087971,91.83198980586133,92.19293212890625,230300,0.0,0.0
2019-12-30 00:00:00-05:00,92.306915812509,92.74384827423887,91.68950856884891,92.47789001464844,141600,0.0,0.0
2019-12-31 00:00:00-05:00,92.34491173174987,93.06680361927228,92.21193260073511,92.23092651367188,351800,0.0,0.0
2020-01-02 00:00:00-05:00,93.19978608233703,93.19978608233703,91.86998747782766,93.04780578613281,188500,0.0,0.0
2020-01-03 00:00:00-05:00,91.6610052269935,92.62036078231262,91.14808267009471,92.44938659667969,191100,0.0,0.0
2020-01-06 00:00:00-05:00,91.84148727244016,92.1074455274384,91.11959540400281,91.9649658203125,250100,0.0,0.0
2020-01-07 00:00:00-05:00,91.6610191461777,92.27842642398736,91.24308057409372,91.51853942871094,254200,0.0,0.0
2020-01-08 00:00:00-05:00,91.67051436521422,92.45888856169317,91.52803465608028,91.99346160888672,321200,0.0,0.0
2020-01-09 00:00:00-05:00,92.55388262131628,93.77919656143963,91.6135208611258,93.54173278808594,463300,0.0,0.0
2020-01-10 00:00:00-05:00,93.57022647171068,93.66521053086639,92.20243283004713,92.8863296508789,268600,0.0,0.0
2020-01-13 00:00:00-05:00,93.00981568762919,93.00981568762919,91.84149789704264,92.29742431640625,343800,0.0,0.0
2020-01-14 00:00:00-05:00,94.03566099384676,95.9258707362297,93.0573113369373,94.16864013671875,695400,0.0,0.0
2020-01-15 00:00:00-05:00,94.07364402744528,95.7928793307943,93.82667968794591,94.29210662841797,594000,0.0,0.0
2020-01-16 00:00:00-05:00,95.03300280496714,95.46043468842649,93.9501686031723,94.14013671875,511500,0.0,0.0
2020-01-17 00:00:00-05:00,94.5675655365471,94.83352378846173,93.43724296590982,93.80768585205078,266100,0.0,0.0
2020-01-21 00:00:00-05:00,93.4657482224181,93.80769665621143,91.7275115584386,92.0599594116211,480300,0.0,0.0
2020-01-22 00:00:00-05:00,92.62985953593916,93.21877226465871,91.52803146711854,91.86997985839844,744100,0.0,0.0
2020-01-23 00:00:00-05:00,91.37605574999473,91.86048386965346,90.25522646630189,91.53753662109375,489700,0.0,0.0
2020-01-24 00:00:00-05:00,91.77500561896156,92.11695404680937,89.59033591291387,90.47370147705078,531000,0.0,0.0
2020-01-27 00:00:00-05:00,88.7449638256397,89.81829749844387,88.279536847658,88.88744354248047,322900,0.0,0.0
2020-01-28 00:00:00-05:00,89.2293788380849,90.35020800056293,88.72595685988023,89.57132720947266,412800,0.0,0.0
2020-01-29 00:00:00-05:00,89.63782441790649,89.9037826746127,88.59297805681925,88.6689682006836,515000,0.0,0.0
2020-01-30 00:00:00-05:00,88.137060119384,89.4668587769565,87.70962095436802,89.21989440917969,585100,0.0,0.0
2020-01-31 00:00:00-05:00,92.59187393469577,94.71954722843478,86.54129462649105,86.90223693847656,925100,0.0,0.0
2020-02-03 00:00:00-05:00,87.30118413346291,89.2768771979876,87.18719891467873,87.8615951538086,708800,0.0,0.0
2020-02-04 00:00:00-05:00,89.31486869840585,90.16023910848834,88.70696204951098,89.4383544921875,444700,0.0,0.0
2020-02-05 00:00:00-05:00,90.3217142040469,92.99081185128524,90.24573130680653,92.62036895751953,388800,0.0,0.0
2020-02-06 00:00:00-05:00,92.7438370423419,92.80082602054694,89.31486008185355,89.3718490600586,520000,0.0,0.0
2020-02-07 00:00:00-05:00,88.70696604652538,89.33387388278143,88.10855995022395,88.13705444335938,265900,0.0,0.0
2020-02-10 00:00:00-05:00,87.71911393457748,88.08955683073599,86.65528089815062,87.24418640136719,403300,0.0,0.0
2020-02-11 00:00:00-05:00,87.58613812262844,88.81145207434196,87.3201798534477,88.06106567382812,365400,0.0,0.0
2020-02-12 00:00:00-05:00,88.63096855210516,89.03940649576172,87.9470717862785,88.62147521972656,362800,0.0,0.0
2020-02-13 00:00:00-05:00,88.11805510013777,88.8304464304876,87.60513971948693,88.3365249633789,367700,0.0,0.0
2020-02-14 00:00:00-05:00,88.45999740595957,88.61197769107248,87.22519020010202,88.05155944824219,310300,0.0,0.0
2020-02-18 00:00:00-05:00,87.58613689838161,88.12755400930875,86.4558070233435,86.7502670288086,289400,0.0,0.0
2020-02-19 00:00:00-05:00,86.97823650545836,88.41251982277308,86.97823650545836,87.89959716796875,299800,0.0,0.0
2020-02-20 00:00:00-05:00,87.33916642056748,88.98241879810061,87.33916642056748,87.74760437011719,271600,0.0,0.0
2020-02-21 00:00:00-05:00,87.18719413813788,87.62412658264446,86.68377213135462,87.22518920898438,371900,0.0,0.0
2020-02-24 00:00:00-05:00,84.21416262706772,85.01203748927567,82.55191608398133,82.83686828613281,611400,0.0,0.0
2020-02-25 00:00:00-05:00,82.96984553625234,83.43527252858475,77.55567410392109,77.8216323852539,579100,0.0,0.0
2020-02-26 00:00:00-05:00,78.35354641077414,78.59101018953486,74.83908538384341,74.8865737915039,581000,0.0,0.0
2020-02-27 00:00:00-05:00,72.99635525955858,75.79843185607287,71.5050832002705,72.39794921875,683500,0.0,0.0
2020-02-28 00:00:00-05:00,69.95682718029475,72.17948456007521,69.78585297824863,72.13199615478516,975100,0.0,0.0
2020-03-02 00:00:00-05:00,72.48344205955256,72.78739540879825,69.33942392390301,72.70191192626953,875100,0.0,0.0
2020-03-03 00:00:00-05:00,72.40745204727645,74.06969834798068,68.49404671904945,69.4059066772461,475700,0.0,0.0
2020-03-04 00:00:00-05:00,70.69771677984147,72.22698410080494,69.74786166107258,72.21748352050781,594800,0.0,0.0
2020-03-05 00:00:00-05:00,70.08980501252276,70.08980501252276,66.97428160786245,67.8386459350586,679200,0.0,0.0
2020-03-06 00:00:00-05:00,65.22654381689216,69.61487670781064,65.03657570773815,69.263427734375,1168800,0.0,0.0
2020-03-09 00:00:00-04:00,64.44766495726381,65.9199432123698,62.889903224454144,64.12471771240234,1236700,0.0,0.0
2020-03-10 00:00:00-04:00,66.48035335512613,69.51989388309397,65.11256700201862,69.01647186279297,1483500,0.0,0.0
2020-03-11 00:00:00-04:00,67.11677051283081,67.28773748832332,64.10572408394972,65.30254364013672,1283500,0.0,0.0
2020-03-12 00:00:00-04:00,60.85721432141377,64.24819664684135,59.90735924709995,60.74323272705078,1275400,0.0,0.0
2020-03-13 00:00:00-04:00,63.93473929371426,71.47659049703451,63.260343096848864,71.31511688232422,1314600,0.0,0.0
2020-03-16 00:00:00-04:00,62.965891858114446,69.6338710912858,62.965891858114446,66.97428131103516,1191400,0.0,0.0
2020-03-17 00:00:00-04:00,68.14260606376959,73.08185716517852,67.91464285811061,72.2079849243164,1273700,0.0,0.0
2020-03-18 00:00:00-04:00,67.43020521973403,72.05600173339036,64.61863525604369,67.0882568359375,1131500,0.0,0.0
2020-03-19 00:00:00-04:00,65.53999705853184,68.19959404079397,58.0076463820771,59.0049934387207,1154100,0.0,0.0
2020-03-20 00:00:00-04:00,59.02399601494624,59.72689039135259,49.905388399150134,51.65312194824219,980200,0.0,0.0
2020-03-23 00:00:00-04:00,51.02621581318564,52.07105494682747,47.0843158006641,49.079010009765625,811400,0.0,0.0
2020-03-24 00:00:00-04:00,50.978717051900354,53.828282104507224,50.028862034364735,52.906925201416016,782900,0.0,0.0
2020-03-25 00:00:00-04:00,52.96391880502302,57.71319430711442,51.197191361909134,54.740150451660156,777100,0.0,0.0
2020-03-26 00:00:00-04:00,55.06310096798301,55.48103590498623,52.40350380560553,54.360206604003906,665300,0.0,0.0
2020-03-27 00:00:00-04:00,52.24202965790371,52.954420971420575,49.791401800169076,50.34231948852539,576900,0.0,0.0
2020-03-30 00:00:00-04:00,50.275828148998016,52.84043751187448,49.50644425311224,52.413002014160156,559100,0.0,0.0
2020-03-31 00:00:00-04:00,52.38450766349032,53.33436271723695,50.1808442286709,50.332820892333984,850900,0.0,0.0
2020-04-01 00:00:00-04:00,48.36661874342196,52.98291499374331,48.07216598876653,52.14704513549805,826800,0.0,0.0
2020-04-02 00:00:00-04:00,51.30167101224474,53.97076507772368,50.893236663485396,52.84043884277344,588700,0.0,0.0
2020-04-03 00:00:00-04:00,52.88793007518855,56.53537365359498,51.55813154070546,52.58397674560547,534800,0.0,0.0
2020-04-06 00:00:00-04:00,54.27471834686684,56.098441973061085,53.94227052034137,55.803985595703125,597400,0.0,0.0
2020-04-07 00:00:00-04:00,57.91266252831852,59.08098378423693,55.90846782870708,56.12693405151367,549600,0.0,0.0
2020-04-08 00:00:00-04:00,57.418735977862525,58.625052273243014,55.718494643344485,57.88416290283203,514500,0.0,0.0
2020-04-09 00:00:00-04:00,58.739037247435505,60.040337669336594,57.80817972040038,58.70104217529297,659600,0.0,0.0
2020-04-13 00:00:00-04:00,58.10263083484189,58.13112894985106,55.272063261301284,56.3169059753418,396300,0.0,0.0
2020-04-14 00:00:00-04:00,57.34274951788061,57.941159226081695,56.40239502840272,57.399742126464844,601100,0.0,0.0
2020-04-15 00:00:00-04:00,56.06044644770655,56.40239485131929,53.81878791149817,55.528526306152344,552400,0.0,0.0
2020-04-16 00:00:00-04:00,55.92746720749941,57.057793429729664,53.970764470370455,56.915313720703125,803200,0.0,0.0
2020-04-17 00:00:00-04:00,58.52056625792041,61.05667733090159,58.52056625792041,60.543758392333984,647700,0.0,0.0
2020-04-20 00:00:00-04:00,59.23296388743316,60.45827782098535,58.55856764434367,58.815025329589844,796200,0.0,0.0
2020-04-21 00:00:00-04:00,57.171779155829284,64.16271713847442,56.582869987872655,63.30784606933594,886600,0.0,0.0
2020-04-22 00:00:00-04:00,64.74212676141737,64.87510589498773,62.73793193098209,63.52630615234375,894000,0.0,0.0
2020-04-23 00:00:00-04:00,63.94425044254908,66.33788230810315,63.94425044254908,65.30254364013672,698400,0.0,0.0
2020-04-24 00:00:00-04:00,65.79646514525044,66.57534610315818,64.2292098953431,65.30254364013672,638700,0.0,0.0
2020-04-27 00:00:00-04:00,65.84395104187095,69.624377287314,65.84395104187095,69.263427734375,592100,0.0,0.0
2020-04-28 00:00:00-04:00,70.30827762980672,71.9040346310403,68.44656233617089,68.52255249023438,724900,0.0,0.0
2020-04-29 00:00:00-04:00,70.41275885633544,73.02486048899799,69.36791965263436,72.73040771484375,686600,0.0,0.0
2020-04-30 00:00:00-04:00,71.41960914823599,71.81854656139042,70.11830501848621,70.51724243164062,560500,0.0,0.0
2020-05-01 00:00:00-04:00,69.15894364767469,69.25393494982237,66.1858999596522,66.86979675292969,428100,0.0,0.0
2020-05-04 00:00:00-04:00,66.3188797035426,67.1642501234267,65.61598899138684,66.03392028808594,462600,0.0,0.0
2020-05-05 00:00:00-04:00,67.00278161810523,67.8196576081669,65.95794242636713,65.97693634033203,421600,0.0,0.0
2020-05-06 00:00:00-04:00,66.39488093495997,67.2022564178242,63.53581471054783,63.71628952026367,565000,0.0,0.0
2020-05-07 00:00:00-04:00,64.69462829228591,66.1289114525938,64.69462829228591,64.96058654785156,436100,0.0,0.0
2020-05-08 00:00:00-04:00,66.10040560747377,68.30407615228269,65.60648419879425,68.23757934570312,417100,0.0,0.0
2020-05-11 00:00:00-04:00,67.23073759246537,67.23073759246537,65.81545563258882,66.14790344238281,593100,0.0,0.0
2020-05-12 00:00:00-04:00,66.69882803963284,66.88879616591257,63.326839447021484,63.326839447021484,584000,0.0,0.0
2020-05-13 00:00:00-04:00,62.69043218538123,63.478813602100566,59.64139839871049,60.47726821899414,995300,0.0,0.0
2020-05-14 00:00:00-04:00,59.49892106120201,61.70258453580879,58.055140918630414,61.64559555053711,358500,0.0,0.0
2020-05-15 00:00:00-04:00,61.03768586040147,61.693080899007185,60.15432039836716,61.50311279296875,550900,0.0,0.0
2020-05-18 00:00:00-04:00,64.06771545189805,68.01911564406402,63.934736334548084,67.51569366455078,591100,0.0,0.0
2020-05-19 00:00:00-04:00,66.83180832256046,67.7246744743774,65.35003662109375,65.35003662109375,447200,0.0,0.0
2020-05-20 00:00:00-04:00,66.7558119921212,67.87664124498345,66.38536910104814,67.14525604248047,490600,0.0,0.0
2020-05-21 00:00:00-04:00,67.62018128128409,69.71936000861328,67.62018128128409,67.95262908935547,716900,0.0,0.0
2020-05-22 00:00:00-04:00,67.87664764961407,68.54155059781027,66.74631771045425,67.11676788330078,600700,0.0,0.0
2020-05-26 00:00:00-04:00,69.24443630382571,71.71405804543035,68.89298731779455,70.3272705078125,708900,0.0,0.0
2020-05-27 00:00:00-04:00,72.3409647557617,73.45229343530701,70.33677000197366,71.26762390136719,633700,0.0,0.0
2020-05-28 00:00:00-04:00,71.78054481544925,72.92036796047435,69.83333909197763,71.76155090332031,981400,0.0,0.0
2020-05-29 00:00:00-04:00,70.42192197676424,71.10619049105368,66.31630353812449,66.63434600830078,5424100,1.09,0.0
2020-06-01 00:00:00-04:00,67.0487651512107,70.80742962648843,66.52833400667348,70.0653305053711,1103500,0.0,0.0
2020-06-02 00:00:00-04:00,70.66286431190814,71.78082914712536,69.91113288618092,70.1424331665039,1102600,0.0,0.0
2020-06-03 00:00:00-04:00,71.51097530170965,72.20488354468192,71.04837470833071,71.84829711914062,1066400,0.0,0.0
2020-06-04 00:00:00-04:00,71.77119098532356,73.48668219317173,71.47242781064764,72.41690826416016,1075600,0.0,0.0
2020-06-05 00:00:00-04:00,75.7611503109129,77.38026689473902,75.20216792238773,75.5973129272461,852500,0.0,0.0
2020-06-08 00:00:00-04:00,76.08882938962776,76.8887517475425,75.60694951419528,76.32013702392578,741400,0.0,0.0
2020-06-09 00:00:00-04:00,75.09615660048989,75.20217075930955,73.77581047266847,74.46971130371094,586100,0.0,0.0
2020-06-10 00:00:00-04:00,74.22877668301264,74.22877668301264,70.47011933914334,70.51830291748047,1013600,0.0,0.0
2020-06-11 00:00:00-04:00,68.13781126522991,68.13781126522991,64.38878643248819,64.46588897705078,1007400,0.0,0.0
2020-06-12 00:00:00-04:00,66.77891533722737,67.3186184554302,64.5333533087137,66.54761505126953,805200,0.0,0.0
2020-06-15 00:00:00-04:00,63.646692925107864,67.93542074697325,63.646692925107864,67.46318054199219,847000,0.0,0.0
2020-06-16 00:00:00-04:00,70.16171914208864,70.39301944437747,67.76195185156493,68.38839721679688,481600,0.0,0.0
2020-06-17 00:00:00-04:00,68.34020592549004,69.12084895319616,67.27043203786889,68.06071472167969,620800,0.0,0.0
2020-06-18 00:00:00-04:00,67.22224805014116,68.26311042980804,66.72109617450745,67.15478515625,422800,0.0,0.0
2020-06-19 00:00:00-04:00,67.84869301834868,68.09927263117343,65.74769630982722,66.5958023071289,964500,0.0,0.0
2020-06-22 00:00:00-04:00,66.23920490233444,66.94274533900764,65.23689397002627,66.89456176757812,536800,0.0,0.0
2020-06-23 00:00:00-04:00,68.12818139658918,68.37875364601749,67.2222448478609,67.99325561523438,846800,0.0,0.0
2020-06-24 00:00:00-04:00,67.01021829373151,67.08732084309138,64.36951847783816,64.64900970458984,980600,0.0,0.0
2020-06-25 00:00:00-04:00,64.11893190923871,65.63203434989718,63.000974476481694,65.57421112060547,815800,0.0,0.0
2020-06-26 00:00:00-04:00,65.07304792794935,66.34521036392002,64.10928828394422,65.29471588134766,843000,0.0,0.0
2020-06-29 00:00:00-04:00,66.10427897779746,67.02949482591347,65.51639228381019,66.56688690185547,524000,0.0,0.0
2020-06-30 00:00:00-04:00,65.98862473048608,66.96202404049733,65.29471660267222,66.25847625732422,943200,0.0,0.0
2020-07-01 00:00:00-04:00,66.79818996398257,67.31862114284138,64.82248676860223,64.9381332397461,564400,0.0,0.0
2020-07-02 00:00:00-04:00,66.42232078561669,67.94506296861728,65.40073779462048,65.46820068359375,494600,0.0,0.0
2020-07-06 00:00:00-04:00,66.81746674096308,68.0703500325117,66.15247014551811,66.9138412475586,459800,0.0,0.0
2020-07-07 00:00:00-04:00,66.25848664582105,66.25848664582105,64.24423218118191,64.43698120117188,677400,0.0,0.0
2020-07-08 00:00:00-04:00,64.51407967362364,64.94776861764774,63.319012295911186,63.993648529052734,408400,0.0,0.0
2020-07-09 00:00:00-04:00,63.61778177474835,63.752707548585946,61.94083455207559,62.316707611083984,640600,0.0,0.0
2020-07-10 00:00:00-04:00,62.72148665009859,65.15979765495037,62.68293537753174,64.96704864501953,740300,0.0,0.0
2020-07-13 00:00:00-04:00,65.95972545475662,68.35948538489076,65.28508915857121,67.7523193359375,805400,0.0,0.0
2020-07-14 00:00:00-04:00,65.45855397926644,66.35485075220889,63.791253894343974,66.25847625732422,1228600,0.0,0.0
2020-07-15 00:00:00-04:00,67.5981007573384,70.4219168048409,67.51136591888016,70.02677917480469,605800,0.0,0.0
2020-07-16 00:00:00-04:00,70.25808715820312,71.39532395590491,69.6991047392015,70.25808715820312,478400,0.0,0.0
2020-07-17 00:00:00-04:00,70.59540551626858,70.94235963331803,68.96664909750328,70.26773071289062,580200,0.0,0.0
2020-07-20 00:00:00-04:00,69.4292549640909,69.76656941422938,65.84406743026818,67.08731842041016,922200,0.0,0.0
2020-07-21 00:00:00-04:00,67.53064478208712,70.209895686568,67.53064478208712,69.71837615966797,759600,0.0,0.0
2020-07-22 00:00:00-04:00,69.32323504621326,70.27735508394674,69.04374385275538,70.07496643066406,374500,0.0,0.0
2020-07-23 00:00:00-04:00,69.69910762667382,70.24845041213248,68.78353876854393,68.93773651123047,601000,0.0,0.0
2020-07-24 00:00:00-04:00,69.05339073444114,71.12547576283485,68.99556014680672,69.40034484863281,511800,0.0,0.0
2020-07-27 00:00:00-04:00,69.17867314964002,69.70874394924878,68.66788166250974,69.50635528564453,318500,0.0,0.0
2020-07-28 00:00:00-04:00,69.38106086387005,69.97859454317057,68.19564051427957,68.25346374511719,449500,0.0,0.0
2020-07-29 00:00:00-04:00,68.70644026105113,69.63164883028848,68.39803740463869,69.35215759277344,261700,0.0,0.0
2020-07-30 00:00:00-04:00,68.3691170233812,68.3691170233812,66.6343465828287,67.36680603027344,274900,0.0,0.0
2020-07-31 00:00:00-04:00,67.05840631513874,67.26079498374739,65.05378423620046,66.29703521728516,560900,0.0,0.0
2020-08-03 00:00:00-04:00,66.29703900467281,67.4631875063629,66.12356194268314,66.5186996459961,293200,0.0,0.0
2020-08-04 00:00:00-04:00,66.30667488503806,66.83673834494033,65.6320386366577,66.48978424072266,396800,0.0,0.0
2020-08-05 00:00:00-04:00,67.4246226846545,68.8702621264856,67.0487570180106,68.77388763427734,332300,0.0,0.0
2020-08-06 00:00:00-04:00,68.63897367581593,69.60273346940413,68.63897367581593,69.45816802978516,419300,0.0,0.0
2020-08-07 00:00:00-04:00,68.9859175875296,71.18328841548066,68.04142989421423,70.91343688964844,567400,0.0,0.0
2020-08-10 00:00:00-04:00,70.83634288072615,72.51328281664057,70.65322617205094,72.26271057128906,360500,0.0,0.0
2020-08-11 00:00:00-04:00,73.24574339234984,75.16362329867862,73.06262668093981,74.20950317382812,918800,0.0,0.0
2020-08-12 00:00:00-04:00,75.18290704674098,75.64550765151192,74.57573364273607,75.33710479736328,520700,0.0,0.0
2020-08-13 00:00:00-04:00,74.402248575229,75.06724514507914,74.19985991329706,74.39261627197266,487400,0.0,0.0
2020-08-14 00:00:00-04:00,73.69870784384919,74.44079960182255,73.40957698323956,74.14203643798828,349000,0.0,0.0
2020-08-17 00:00:00-04:00,74.78776127880846,75.26000153632525,73.92037596190742,73.96856689453125,452300,0.0,0.0
2020-08-18 00:00:00-04:00,73.90109956442707,74.05529730433989,72.97589106623951,73.13008880615234,514500,0.0,0.0
2020-08-19 00:00:00-04:00,72.92770784605337,74.45045021052555,72.78314239448119,73.30357360839844,495100,0.0,0.0
2020-08-20 00:00:00-04:00,72.22416319581112,73.04335757145998,71.95431162292951,72.75422668457031,356600,0.0,0.0
2020-08-21 00:00:00-04:00,72.27234171993544,72.69639836360527,70.61467377057521,70.8556137084961,553000,0.0,0.0
2020-08-24 00:00:00-04:00,71.47243543689447,72.686767578125,70.40266139373594,72.686767578125,266800,0.0,0.0
2020-08-25 00:00:00-04:00,73.18792290213204,73.46741413158702,71.61698969357141,72.484375,326400,0.0,0.0
2020-08-26 00:00:00-04:00,72.22416235129809,72.46510230325423,71.39532832833672,71.40496063232422,432700,0.0,0.0
2020-08-27 00:00:00-04:00,71.96393194890842,72.63856812172574,71.17364932290727,71.60734558105469,377200,0.0,0.0
2020-08-28 00:00:00-04:00,71.73263947784424,72.29162190526529,71.19293636331551,72.16632843017578,208500,0.0,0.0
2020-08-31 00:00:00-04:00,71.95431037530564,71.95431037530564,70.56649390694497,70.65322875976562,314700,0.0,0.0
2020-09-01 00:00:00-04:00,70.35446153807416,70.36410119435807,69.67019299998377,70.08460998535156,280100,0.0,0.0
2020-09-02 00:00:00-04:00,70.35445482340229,71.62661727403811,69.96894949077573,71.35676574707031,261200,0.0,0.0
2020-09-03 00:00:00-04:00,71.46278323469724,72.22415428014273,70.26772326535762,70.82669830322266,326700,0.0,0.0
2020-09-04 00:00:00-04:00,71.68444003767749,72.40725977434785,69.92076546840777,70.64358520507812,420400,0.0,0.0
2020-09-08 00:00:00-04:00,70.0075102770201,70.0075102770201,67.90651364911747,68.43658447265625,535500,0.0,0.0
2020-09-09 00:00:00-04:00,68.74499105568403,69.29433386959901,68.03180348099126,68.61969757080078,411900,0.0,0.0
2020-09-10 00:00:00-04:00,69.1304870692029,69.2172219135032,65.87297455129047,66.01753997802734,502700,0.0,0.0
2020-09-11 00:00:00-04:00,66.52833494727517,67.0584057555676,65.38145848182616,65.46820068359375,824500,0.0,0.0
2020-09-14 00:00:00-04:00,66.09464263916016,66.49941995243476,65.53566024297919,66.09464263916016,730700,0.0,0.0
2020-09-15 00:00:00-04:00,66.4994198434773,66.85601358243669,65.68986521825451,66.1139144897461,1282300,0.0,0.0
2020-09-16 00:00:00-04:00,66.18137778812873,67.71375955672342,64.6297240605336,66.82709503173828,823800,0.0,0.0
2020-09-17 00:00:00-04:00,66.24884155223474,68.54259440755878,65.60312430006502,67.94506072998047,499000,0.0,0.0
2020-09-18 00:00:00-04:00,68.30165086386702,68.6293256242115,66.78854846713494,68.128173828125,2321500,0.0,0.0
2020-09-21 00:00:00-04:00,67.90651008982131,69.30396611822017,66.75000134823206,68.81244659423828,954200,0.0,0.0
2020-09-22 00:00:00-04:00,68.83172258131752,70.5857651086764,68.83172258131752,69.38106536865234,800200,0.0,0.0
2020-09-23 00:00:00-04:00,69.30396135580034,70.19061848694979,67.72338873331715,67.7619400024414,597900,0.0,0.0
2020-09-24 00:00:00-04:00,67.20297260105932,68.52331879196169,66.58615957804727,67.7041244506836,389400,0.0,0.0
2020-09-25 00:00:00-04:00,67.08731608705969,69.63164121232987,67.08731608705969,69.19795227050781,505400,0.0,0.0
2020-09-28 00:00:00-04:00,69.94004816404335,70.87489634346254,69.67983625416868,69.99787139892578,652400,0.0,0.0
2020-09-29 00:00:00-04:00,70.09424945058677,70.41228457805538,69.15940132198625,69.77620697021484,434100,0.0,0.0
2020-09-30 00:00:00-04:00,69.96895279362971,71.56879742603401,69.91112956452213,70.67250061035156,504100,0.0,0.0
2020-10-01 00:00:00-04:00,71.09654927818086,71.3567685127732,69.37142589921544,69.9400405883789,367000,0.0,0.0
2020-10-02 00:00:00-04:00,69.11120819334978,72.64820457825299,68.64860764835753,72.36871337890625,427600,0.0,0.0
2020-10-05 00:00:00-04:00,73.07226182481736,74.07457281800312,72.22415591653855,72.94697570800781,336300,0.0,0.0
2020-10-06 00:00:00-04:00,73.40958308389467,73.95892588238318,71.3953286070714,71.59771728515625,386900,0.0,0.0
2020-10-07 00:00:00-04:00,72.26271413605693,72.99516630108315,71.9735832505071,72.13742065429688,414500,0.0,0.0
2020-10-08 00:00:00-04:00,72.71567540867612,73.22647428922956,71.43388043750225,72.56147766113281,306200,0.0,0.0
2020-10-09 00:00:00-04:00,73.27465379234162,73.46741015717804,71.99285153956755,72.0892333984375,181700,0.0,0.0
2020-10-12 00:00:00-04:00,72.25307492370533,73.76617754786538,72.1181491370595,72.73495483398438,226300,0.0,0.0
2020-10-13 00:00:00-04:00,72.33980140784257,73.09153280443167,71.4820558550265,71.69408416748047,231400,0.0,0.0
2020-10-14 00:00:00-04:00,71.48205904770644,72.86987544364294,70.43156444732361,70.5086669921875,308700,0.0,0.0
2020-10-15 00:00:00-04:00,69.40996997451317,70.63394890436368,68.976281053075,70.30626678466797,228200,0.0,0.0
2020-10-16 00:00:00-04:00,70.35446893203267,70.59540889412868,69.55454649317696,69.60273742675781,579900,0.0,0.0
2020-10-19 00:00:00-04:00,69.81476565845541,70.605048438753,69.53527442052157,69.62200927734375,432300,0.0,0.0
2020-10-20 00:00:00-04:00,71.56879936105899,72.32053077139426,66.67289818489697,67.94506072998047,1219700,0.0,0.0
2020-10-21 00:00:00-04:00,69.57381742942272,71.27002926422321,68.54259480995181,68.65824127197266,797200,0.0,0.0
2020-10-22 00:00:00-04:00,68.89918370600141,72.65784826908141,68.82208851282346,72.55183410644531,1268100,0.0,0.0
2020-10-23 00:00:00-04:00,73.0433537568388,73.62160814751545,71.36641381800548,72.53256225585938,685500,0.0,0.0
2020-10-26 00:00:00-04:00,71.78082432624748,71.95430136306466,68.12817425036025,68.74497985839844,665300,0.0,0.0
2020-10-27 00:00:00-04:00,68.25346263241349,68.74498214522988,66.71144856102224,66.73072052001953,573400,0.0,0.0
2020-10-28 00:00:00-04:00,64.8128430746791,65.6416770464686,62.68293491323507,64.46588897705078,764700,0.0,0.0
2020-10-29 00:00:00-04:00,63.65633438989512,66.14282895517431,63.65633438989512,64.69718933105469,798300,0.0,0.0
2020-10-30 00:00:00-04:00,64.26350103609074,65.82479449300399,64.26350103609074,65.4103775024414,572200,0.0,0.0
2020-11-02 00:00:00-05:00,66.37413765373775,67.12586909387288,65.93080904424532,66.3163070678711,769400,0.0,0.0
2020-11-03 00:00:00-05:00,67.41499095024662,69.9689557347977,67.41499095024662,69.52562713623047,617900,0.0,0.0
2020-11-04 00:00:00-05:00,69.23649684634367,70.91344410387761,67.6077478703297,70.54721069335938,766100,0.0,0.0
2020-11-05 00:00:00-05:00,70.89416635458029,73.23610289066553,70.83634312128795,72.70603942871094,719900,0.0,0.0
2020-11-06 00:00:00-05:00,73.01444141574052,73.93001024581834,71.28931056442563,71.6844482421875,419200,0.0,0.0
2020-11-09 00:00:00-05:00,77.80432744301282,82.58457489548876,75.85752864063997,81.76537322998047,733200,0.0,0.0
2020-11-10 00:00:00-05:00,82.50746931961733,84.09767431089395,81.83284046411964,82.7773208618164,749200,0.0,0.0
2020-11-11 00:00:00-05:00,82.89297796382186,83.33630656544398,80.99437008426621,82.01595306396484,739500,0.0,0.0
2020-11-12 00:00:00-05:00,80.83053269924925,82.48819328911294,80.83053269924925,82.1123275756836,959300,0.0,0.0
2020-11-13 00:00:00-05:00,82.53638176709444,84.11694711840839,82.19906733594266,83.85673522949219,401900,0.0,0.0
2020-11-16 00:00:00-05:00,86.28540814595662,86.7672880148409,85.22527390499184,86.4588851928711,616000,0.0,0.0
2020-11-17 00:00:00-05:00,85.26382471663749,86.34323091125408,84.81085646586664,85.61077880859375,804400,0.0,0.0
2020-11-18 00:00:00-05:00,85.91917681749811,86.025190970376,84.34824383552728,84.42534637451172,586700,0.0,0.0
2020-11-19 00:00:00-05:00,83.74108521773896,84.47354469642231,82.31472488614361,84.17477416992188,419900,0.0,0.0
2020-11-20 00:00:00-05:00,83.70252982614512,84.23260061086653,83.08572419641648,83.47122955322266,737300,0.0,0.0
2020-11-23 00:00:00-05:00,85.96736832848318,87.63467596170338,84.15550261244624,84.44463348388672,602800,0.0,0.0
2020-11-24 00:00:00-05:00,85.67824362724465,89.24415177696807,85.00360738749738,88.6369857788086,369900,0.0,0.0
2020-11-25 00:00:00-05:00,87.88525347376213,87.90452543337904,86.14084333584832,87.3262710571289,225400,0.0,0.0
2020-11-27 00:00:00-05:00,87.02751148685203,88.29967410835395,86.96004859604903,87.04678344726562,108800,0.0,0.0
2020-11-30 00:00:00-05:00,86.52929151216674,86.75386121130893,84.1859105008134,84.60576629638672,1043700,1.17,0.0
2020-12-01 00:00:00-05:00,86.29494041206706,87.3494628894615,85.33806469878124,86.74408721923828,362200,0.0,0.0
2020-12-02 00:00:00-05:00,86.3242415894917,87.02724914683272,85.21112952921297,86.19730377197266,369000,0.0,0.0
2020-12-03 00:00:00-05:00,86.40234488646453,87.62285492958094,86.2363573084572,86.50975036621094,392800,0.0,0.0
2020-12-04 00:00:00-05:00,86.76362370733591,90.24940030006023,86.49998935065952,90.07364654541016,375300,0.0,0.0
2020-12-07 00:00:00-05:00,89.24370498748243,89.71237672039942,87.30065488556659,87.49593353271484,388400,0.0,0.0
2020-12-08 00:00:00-05:00,86.61715618581967,89.17534792801409,86.61715618581967,88.14035034179688,342700,0.0,0.0
2020-12-09 00:00:00-05:00,88.24776305493057,88.79455666680195,87.13465839596073,88.023193359375,343800,0.0,0.0
2020-12-10 00:00:00-05:00,87.23230024605219,87.87673319855503,86.92961610439946,87.47640228271484,360900,0.0,0.0
2020-12-11 00:00:00-05:00,86.96866603979466,89.2632235023534,86.94914115623433,88.22823333740234,376400,0.0,0.0
2020-12-14 00:00:00-05:00,88.87265594830968,88.87265594830968,86.66597915575016,86.76361846923828,320600,0.0,0.0
2020-12-15 00:00:00-05:00,87.57404943458684,88.3161142656715,85.79698689799483,88.10131072998047,547600,0.0,0.0
2020-12-16 00:00:00-05:00,88.67738669061352,88.67738669061352,87.44711035235147,88.12083435058594,291800,0.0,0.0
2020-12-17 00:00:00-05:00,88.25752522463262,89.3413387828688,87.92555005514168,88.97030639648438,429500,0.0,0.0
2020-12-18 00:00:00-05:00,89.14605747958439,89.41945054025342,87.59356481449635,88.25752258300781,875600,0.0,0.0
2020-12-21 00:00:00-05:00,88.80431257625303,89.03865588081726,85.73839177752811,88.82384490966797,432000,0.0,0.0
2020-12-22 00:00:00-05:00,88.87265878652583,88.97030555253448,87.68144720488515,88.22823333740234,290500,0.0,0.0
2020-12-23 00:00:00-05:00,88.78478554993578,90.82547482780888,88.72620344990952,89.3608627319336,231900,0.0,0.0
2020-12-24 00:00:00-05:00,89.57567509618285,89.6147323132775,88.32587394676416,89.21440887451172,52000,0.0,0.0
2020-12-28 00:00:00-05:00,89.8393080023022,90.69854441633841,87.7400291760408,88.35516357421875,325100,0.0,0.0
2020-12-29 00:00:00-05:00,88.73596474808623,89.09723842402886,87.34946704485111,88.06224822998047,186000,0.0,0.0
2020-12-30 00:00:00-05:00,88.16965177850074,89.05817924929491,87.92554976078551,88.21846771240234,108700,0.0,0.0
2020-12-31 00:00:00-05:00,88.19894530960983,88.66761702514067,87.58380344004702,88.05248260498047,204800,0.0,0.0
2021-01-04 00:00:00-05:00,89.18511533442845,90.0931751965214,86.80268455438252,87.74980163574219,314400,0.0,0.0
2021-01-05 00:00:00-05:00,88.03296170153858,90.6399696540984,87.93531492776842,90.24940490722656,479200,0.0,0.0
2021-01-06 00:00:00-05:00,91.40155456894381,95.37553487848912,91.40155456894381,93.59847259521484,478300,0.0,0.0
2021-01-07 00:00:00-05:00,93.91093414061532,94.77993677943071,92.8857026254542,93.53990173339844,418300,0.0,0.0
2021-01-08 00:00:00-05:00,93.53989078259636,95.09237595016639,92.85640070270482,94.22337341308594,310000,0.0,0.0
2021-01-11 00:00:00-05:00,92.96381400369965,94.09645097171673,92.13386861128856,92.58301544189453,262700,0.0,0.0
2021-01-12 00:00:00-05:00,92.25103631080879,94.18432008797376,92.11433232966363,93.5301284790039,372300,0.0,0.0
2021-01-13 00:00:00-05:00,93.10051107793265,93.55942407798466,90.27869225782844,90.56185150146484,230300,0.0,0.0
2021-01-14 00:00:00-05:00,91.68472057681463,93.69611884603121,91.05005383233873,92.72947692871094,258300,0.0,0.0
2021-01-15 00:00:00-05:00,91.96787801973912,92.32914423614639,89.93694745682431,90.49349975585938,193000,0.0,0.0
2021-01-19 00:00:00-05:00,91.28438588224326,91.61636849065424,90.29821912208027,90.9035873413086,326400,0.0,0.0
2021-01-20 00:00:00-05:00,91.11840449689738,92.73924553467121,90.72783976314683,92.43655395507812,344300,0.0,0.0
2021-01-21 00:00:00-05:00,92.09480439788639,93.23719999652438,91.73353074772307,92.70018005371094,332000,0.0,0.0
2021-01-22 00:00:00-05:00,91.89953543361688,93.23720979763964,91.42109008865717,93.04193115234375,261000,0.0,0.0
2021-01-25 00:00:00-05:00,92.29985202899492,92.5634863748868,89.86859806362646,90.38609313964844,396300,0.0,0.0
2021-01-26 00:00:00-05:00,91.26486383051785,91.63589621669782,88.7066719959228,88.84336853027344,364000,0.0,0.0
2021-01-27 00:00:00-05:00,87.35923698983048,88.95077956735716,85.6016993678846,87.49593353271484,481300,0.0,0.0
2021-01-28 00:00:00-05:00,88.4137584083202,89.67331832996162,88.32587780366919,88.39422607421875,537900,0.0,0.0
2021-01-29 00:00:00-05:00,89.12653406238452,90.20058152933694,85.7872200026331,86.3535385131836,526900,0.0,0.0
2021-02-01 00:00:00-05:00,86.83197377603422,87.69121023358008,85.30877950375661,87.65215301513672,393300,0.0,0.0
2021-02-02 00:00:00-05:00,87.33969664894369,87.77908473885239,83.94180082387452,84.85962677001953,676700,0.0,0.0
2021-02-03 00:00:00-05:00,87.43734153045409,88.00365252283821,85.07442845078818,87.28111267089844,528100,0.0,0.0
2021-02-04 00:00:00-05:00,87.03701023692284,90.18104525070127,86.73432613477466,89.55614471435547,422300,0.0,0.0
2021-02-05 00:00:00-05:00,90.2786884385106,90.30797948844024,88.27705638282752,88.7359619140625,362600,0.0,0.0
2021-02-08 00:00:00-05:00,89.03865733667865,91.37227210795265,89.03865733667865,91.31368255615234,247700,0.0,0.0
2021-02-09 00:00:00-05:00,91.02076091832586,91.99716898232953,90.26892253737772,91.62612915039062,222900,0.0,0.0
2021-02-10 00:00:00-05:00,92.86617241250057,93.37390133268808,91.66518720505734,92.36820220947266,266900,0.0,0.0
2021-02-11 00:00:00-05:00,92.12410602785266,93.66683266868253,91.31368548811767,91.39179992675781,618100,0.0,0.0
2021-02-12 00:00:00-05:00,90.83524466820651,91.92882442580921,90.29822468097332,90.3079833984375,378100,0.0,0.0
2021-02-16 00:00:00-05:00,90.71808037763505,91.97764027436693,90.44467985144091,91.56755065917969,588300,0.0,0.0
2021-02-17 00:00:00-05:00,90.77665597270652,93.01263126104197,90.77665597270652,91.92881774902344,357500,0.0,0.0
2021-02-18 00:00:00-05:00,91.07934750897945,92.43655418890876,89.9760090240406,91.05005645751953,233500,0.0,0.0
2021-02-19 00:00:00-05:00,91.21604480898874,91.95811706623665,90.50327105284764,91.66519165039062,389600,0.0,0.0
2021-02-22 00:00:00-05:00,91.58708157772872,93.7644674409617,91.27463128773735,93.10050964355469,615700,0.0,0.0
2021-02-23 00:00:00-05:00,93.35437990643375,96.25431318234749,93.35437990643375,95.83445739746094,346100,0.0,0.0
2021-02-24 00:00:00-05:00,95.68798754175717,97.02566923305426,95.21930840667285,96.07855224609375,500100,0.0,0.0
2021-02-25 00:00:00-05:00,96.1469034467966,96.61557514679116,93.76446538205012,93.89140319824219,270800,0.0,0.0
2021-02-26 00:00:00-05:00,93.63753764952583,94.71158506241497,92.1729255093854,92.21198272705078,576600,0.0,0.0
2021-03-01 00:00:00-05:00,95.1997886936889,95.88327137634411,94.42842540931943,94.98497772216797,657100,0.0,0.0
2021-03-02 00:00:00-05:00,94.2331500392568,94.4186625170382,92.16316213665262,92.41703033447266,471100,0.0,0.0
2021-03-03 00:00:00-05:00,93.14933093259066,95.60011726267072,92.66112689987204,93.76446533203125,501400,0.0,0.0
2021-03-04 00:00:00-05:00,93.73517538302191,94.55535459191017,92.57324738769442,92.86617279052734,614300,0.0,0.0
2021-03-05 00:00:00-05:00,94.3014953190173,95.9028039940436,92.91499761614863,95.73681640625,730800,0.0,0.0
2021-03-08 00:00:00-05:00,96.65463728868063,99.8572547163176,96.09808496069985,98.71485900878906,340600,0.0,0.0
2021-03-09 00:00:00-05:00,99.46669456618743,100.1404110810417,96.28360211475982,96.4984130859375,424700,0.0,0.0
2021-03-10 00:00:00-05:00,96.67416842642437,98.41217365898468,95.76610859207064,97.85562133789062,306500,0.0,0.0
2021-03-11 00:00:00-05:00,98.49029156692342,100.19900580851153,97.67010485727162,100.06230926513672,437500,0.0,0.0
2021-03-12 00:00:00-05:00,100.40404267695276,101.78077416895086,100.29663719431574,101.57572937011719,246700,0.0,0.0
2021-03-15 00:00:00-04:00,100.67743804414201,101.06800276726153,99.74985334496031,100.53097534179688,423500,0.0,0.0
2021-03-16 00:00:00-04:00,99.82796546360936,100.42357502087967,97.58223122664197,99.69126892089844,721400,0.0,0.0
2021-03-17 00:00:00-04:00,99.97442183451295,101.48785732494117,97.85561810743536,98.41217041015625,435000,0.0,0.0
2021-03-18 00:00:00-04:00,98.61721621264859,102.33732861864367,98.21688532359693,98.6465072631836,450600,0.0,0.0
2021-03-19 00:00:00-04:00,99.01754671988583,100.53097477044422,97.46505400289476,99.53504180908203,1703400,0.0,0.0
2021-03-22 00:00:00-04:00,98.753912695213,98.97848983153193,96.03949942251941,96.6351089477539,404600,0.0,0.0
2021-03-23 00:00:00-04:00,95.67822742127277,95.67822742127277,93.02239620325011,93.33484649658203,602500,0.0,0.0
2021-03-24 00:00:00-04:00,94.62370716287897,97.53339896365986,93.93045089584908,95.43412017822266,380100,0.0,0.0
2021-03-25 00:00:00-04:00,95.28765909062433,98.8222589529824,94.36007441250001,98.05089569091797,386600,0.0,0.0
2021-03-26 00:00:00-04:00,98.99801033278996,99.8181969580339,97.67986097195728,99.34951782226562,276100,0.0,0.0
2021-03-29 00:00:00-04:00,98.60744663401158,100.52120551323803,97.21118282807058,97.44552612304688,280500,0.0,0.0
2021-03-30 00:00:00-04:00,97.71892123482297,99.25188160363082,97.0159062339476,98.9198989868164,346500,0.0,0.0
2021-03-31 00:00:00-04:00,98.87108859722547,98.87108859722547,96.48865039386493,96.56676483154297,444400,0.0,0.0
2021-04-01 00:00:00-04:00,96.98661642238946,98.9784898005063,96.01020834190489,98.90037536621094,267000,0.0,0.0
2021-04-05 00:00:00-04:00,99.73032243985857,100.67743948593115,99.45692936458042,100.00371551513672,211800,0.0,0.0
2021-04-06 00:00:00-04:00,99.61315017636602,101.95653108488844,99.61315017636602,101.2730484008789,249000,0.0,0.0
2021-04-07 00:00:00-04:00,100.97036517307288,101.18516869752439,100.05253917547893,100.75555419921875,214400,0.0,0.0
2021-04-08 00:00:00-04:00,100.65790752452016,101.69290517684638,100.28687512804252,101.50738525390625,224700,0.0,0.0
2021-04-09 00:00:00-04:00,101.38045358221164,102.20063280055852,100.86295848738767,101.90771484375,211700,0.0,0.0
2021-04-12 00:00:00-04:00,102.5033237211962,103.46996563649728,102.05416944802349,103.05010986328125,214800,0.0,0.0
2021-04-13 00:00:00-04:00,103.34303084378011,105.15915052533568,102.52285160664029,104.88575744628906,445800,0.0,0.0
2021-04-14 00:00:00-04:00,105.39349428695701,106.73116863650911,104.78811857404406,105.1298599243164,472100,0.0,0.0
2021-04-15 00:00:00-04:00,105.168911569267,105.87192656651443,104.26085177272279,105.7254638671875,271200,0.0,0.0
2021-04-16 00:00:00-04:00,107.28771796867159,108.04932253439101,106.0965063594646,107.4439468383789,326700,0.0,0.0
2021-04-19 00:00:00-04:00,107.12173258844977,107.21937190932704,105.06151088550806,106.526123046875,409500,0.0,0.0
2021-04-20 00:00:00-04:00,110.51963733951189,112.3064585351876,108.4887066647583,110.5293960571289,752100,0.0,0.0
2021-04-21 00:00:00-04:00,110.5489289580504,112.2478770074684,109.73850842751662,111.65226745605469,453400,0.0,0.0
2021-04-22 00:00:00-04:00,112.7165490142367,115.77270356524154,112.1697554341504,114.28856658935547,446000,0.0,0.0
2021-04-23 00:00:00-04:00,114.27880539458319,117.54000488647235,113.76131029132915,116.97369384765625,417700,0.0,0.0
2021-04-26 00:00:00-04:00,117.85245495164611,118.57500231081868,116.11444972169548,116.34879302978516,347100,0.0,0.0
2021-04-27 00:00:00-04:00,117.00297999134915,118.31136322021484,116.10468636113667,118.31136322021484,328000,0.0,0.0
2021-04-28 00:00:00-04:00,118.6531073468655,121.3675280837612,118.33089833999371,119.90291595458984,378500,0.0,0.0
2021-04-29 00:00:00-04:00,120.95743075909319,121.48469201835951,117.62788306648127,120.15677642822266,425900,0.0,0.0
2021-04-30 00:00:00-04:00,119.17060843839114,119.79550900994016,117.72552121080751,118.03797149658203,362400,0.0,0.0
2021-05-03 00:00:00-04:00,119.21942328362904,120.89884634785476,118.00867936848584,120.32276916503906,248300,0.0,0.0
2021-05-04 00:00:00-04:00,119.20965756627835,120.09819248476497,118.51640873122955,119.18036651611328,612500,0.0,0.0
2021-05-05 00:00:00-04:00,119.12178266400825,119.50258120935905,117.03227002306718,119.33659362792969,317700,0.0,0.0
2021-05-06 00:00:00-04:00,119.59046419261672,120.59616331702786,118.24301628275117,120.30323791503906,312300,0.0,0.0
2021-05-07 00:00:00-04:00,119.50258213560478,120.27394539866395,118.55546512337514,119.82479858398438,255700,0.0,0.0
2021-05-10 00:00:00-04:00,120.91837218837067,122.11935739593511,120.07866809901475,120.43016815185547,384100,0.0,0.0
2021-05-11 00:00:00-04:00,119.17060866560351,120.97696211647525,118.77027777869661,120.92813873291016,629800,0.0,0.0
2021-05-12 00:00:00-04:00,120.86955958870831,121.01602229358373,117.22755409809832,117.60835266113281,421700,0.0,0.0
2021-05-13 00:00:00-04:00,117.51070838852367,120.9867261434992,117.51070838852367,120.58639526367188,286300,0.0,0.0
2021-05-14 00:00:00-04:00,120.7035709353525,121.1331854299559,120.08842907017988,120.64498138427734,214400,0.0,0.0
2021-05-17 00:00:00-04:00,119.87361702178609,120.71332856876533,118.61405715071972,120.66451263427734,156700,0.0,0.0
2021-05-18 00:00:00-04:00,121.26988019359297,121.37728567802398,117.36424788527239,117.53024291992188,659400,0.0,0.0
2021-05-19 00:00:00-04:00,116.2901973239129,116.87604066432864,113.05828906058765,116.82722473144531,445700,0.0,0.0
2021-05-20 00:00:00-04:00,117.09085292125037,117.20802457038923,115.49931046314325,116.42689514160156,407400,0.0,0.0
2021-05-21 00:00:00-04:00,117.46189641004688,119.23895883894626,116.99321724829863,117.37401580810547,327900,0.0,0.0
2021-05-24 00:00:00-04:00,117.52047615179407,120.05913564932793,116.97369001523668,119.67833709716797,302600,0.0,0.0
2021-05-25 00:00:00-04:00,119.34636151043566,120.61568753005635,118.02820465821848,118.17466735839844,256300,0.0,0.0
2021-05-26 00:00:00-04:00,118.79957233103164,120.3520650914559,118.4383060998494,119.73692321777344,363400,0.0,0.0
2021-05-27 00:00:00-04:00,120.84026592814493,121.09412666508422,119.77597724847537,120.42041015625,416700,0.0,0.0
2021-05-28 00:00:00-04:00,121.28850830282333,121.70283833961561,118.94067321704125,119.35499572753906,302200,1.26,0.0
2021-06-01 00:00:00-04:00,120.85445950381298,121.52527060422469,119.72986553051898,120.7952651977539,453000,0.0,0.0
2021-06-02 00:00:00-04:00,120.56837927270257,120.90378106462452,119.49310509152276,120.34148406982422,200900,0.0,0.0
2021-06-03 00:00:00-04:00,119.96662037854752,120.82486631805634,118.98013390723393,120.65715789794922,183100,0.0,0.0
2021-06-04 00:00:00-04:00,121.51540767285871,121.51540767285871,120.05540433766284,121.0517578125,164100,0.0,0.0
2021-06-07 00:00:00-04:00,120.75581338684394,120.78540677697737,119.41419117463546,120.10472869873047,197500,0.0,0.0
2021-06-08 00:00:00-04:00,119.79892406061498,122.11716585149134,119.08865256993232,122.00865173339844,165800,0.0,0.0
2021-06-09 00:00:00-04:00,121.82121658988184,122.15662591579144,120.74594991033395,121.49568176269531,210900,0.0,0.0
2021-06-10 00:00:00-04:00,121.87054485372215,122.43284186570115,121.28851389673628,121.59432983398438,273700,0.0,0.0
2021-06-11 00:00:00-04:00,121.61405439999234,122.18621837575826,120.30202554993092,121.32797241210938,261300,0.0,0.0
2021-06-14 00:00:00-04:00,121.79162102867058,122.88662163356312,120.83472793013433,121.43648529052734,264200,0.0,0.0
2021-06-15 00:00:00-04:00,121.27865270693019,122.27499865290366,120.26257281623356,121.25891876220703,302000,0.0,0.0
2021-06-16 00:00:00-04:00,121.33784085199595,121.99878500804972,119.15770656585936,120.36122131347656,317300,0.0,0.0
2021-06-17 00:00:00-04:00,119.85810832214725,119.85810832214725,114.59027408752367,115.46824645996094,519900,0.0,0.0
2021-06-18 00:00:00-04:00,113.89972956028417,114.10689082062547,111.85770282115477,112.03527069091797,732000,0.0,0.0
2021-06-21 00:00:00-04:00,112.98229367794754,115.80364557109242,112.41999669372186,115.75431823730469,212500,0.0,0.0
2021-06-22 00:00:00-04:00,115.77405527402013,116.12919101315411,114.29432553639337,115.91216278076172,238000,0.0,0.0
2021-06-23 00:00:00-04:00,116.30675589413158,116.78026518327997,115.40904959708384,116.47445678710938,365900,0.0,0.0
2021-06-24 00:00:00-04:00,117.39188964876381,119.13796738491115,116.43499657094912,118.70391845703125,390100,0.0,0.0
2021-06-25 00:00:00-04:00,118.96039956286367,121.1504007260191,118.40796954920086,121.00243377685547,807900,0.0,0.0
2021-06-28 00:00:00-04:00,121.01229782052347,121.01229782052347,117.59905541472925,117.8259506225586,374800,0.0,0.0
2021-06-29 00:00:00-04:00,118.27973185810961,118.69405437830598,117.18473125023738,117.4214859008789,228700,0.0,0.0
2021-06-30 00:00:00-04:00,116.74081130241764,117.41162243786378,116.01081338411578,117.30311584472656,312900,0.0,0.0
2021-07-01 00:00:00-04:00,118.44743587038126,118.44743587038126,117.35243523371207,117.57933044433594,233300,0.0,0.0
2021-07-02 00:00:00-04:00,117.5497373965914,117.5497373965914,115.93189257876375,116.58297729492188,227000,0.0,0.0
2021-07-06 00:00:00-04:00,116.57310398457598,116.74080487763445,112.61729867133015,114.10688781738281,351200,0.0,0.0
2021-07-07 00:00:00-04:00,113.93919000648786,115.85297621241372,112.78500261533027,114.98486328125,540000,0.0,0.0
2021-07-08 00:00:00-04:00,112.70608211352625,114.04770434954138,111.31513254221709,112.5482406616211,304100,0.0,0.0
2021-07-09 00:00:00-04:00,114.59027543058978,115.63594871197442,113.36702675189278,114.5014877319336,312800,0.0,0.0
2021-07-12 00:00:00-04:00,113.9983766850425,115.28081213603711,112.88364965778646,115.05391693115234,304800,0.0,0.0
2021-07-13 00:00:00-04:00,115.87270659811234,116.68162524947873,114.48176450823736,114.5212173461914,386100,0.0,0.0
2021-07-14 00:00:00-04:00,114.94540661046348,116.07986761975901,114.65933214128074,115.44851684570312,343800,0.0,0.0
2021-07-15 00:00:00-04:00,114.09703187802533,115.23148532876215,113.36702645116995,113.98851776123047,345700,0.0,0.0
2021-07-16 00:00:00-04:00,114.86649291099663,115.34986919891287,111.87743995664296,112.05500030517578,293600,0.0,0.0
2021-07-19 00:00:00-04:00,109.50000164456146,110.24973349291378,107.44810791554184,109.83540344238281,645300,0.0,0.0
2021-07-20 00:00:00-04:00,110.49635121072824,110.60486532413765,103.59094594580938,106.42215728759766,911000,0.0,0.0
2021-07-21 00:00:00-04:00,108.16824423380051,109.95378235743057,107.14229738958102,108.33594512939453,577900,0.0,0.0
2021-07-22 00:00:00-04:00,108.15838099823274,108.1781149432753,106.45176354049723,107.29027557373047,366000,0.0,0.0
2021-07-23 00:00:00-04:00,109.03635450242182,111.00932755420195,108.70095269624075,110.9896011352539,660200,0.0,0.0
2021-07-26 00:00:00-04:00,110.98959772522569,112.10432475576658,110.51608089577695,111.82810974121094,416700,0.0,0.0
2021-07-27 00:00:00-04:00,111.24608011563616,112.45946183117378,110.75283686199066,112.43973541259766,349300,0.0,0.0
2021-07-28 00:00:00-04:00,112.95270709495405,114.59027833882122,111.66041215581916,114.00824737548828,357200,0.0,0.0
2021-07-29 00:00:00-04:00,114.96513431283417,117.1058081500708,114.6494589429481,116.78026580810547,456000,0.0,0.0
2021-07-30 00:00:00-04:00,116.02067648229234,117.84567498025041,116.00094253780286,116.97756958007812,493900,0.0,0.0
2021-08-02 00:00:00-04:00,117.92459959263883,118.92095308595067,115.53730401875426,115.79378509521484,422300,0.0,0.0
2021-08-03 00:00:00-04:00,115.74446404567738,116.38568178255305,114.78757092659605,115.90229797363281,296700,0.0,0.0
2021-08-04 00:00:00-04:00,114.78756536013779,115.78391879446495,113.19932155366473,113.73202514648438,377100,0.0,0.0
2021-08-05 00:00:00-04:00,114.44229734833338,115.4189168450444,114.12662197938162,114.75797271728516,273100,0.0,0.0
2021-08-06 00:00:00-04:00,116.27716270763128,117.12554167232432,115.65567141588262,116.33634948730469,254400,0.0,0.0
2021-08-09 00:00:00-04:00,117.45107638409313,117.45107638409313,115.9022929315397,116.40540313720703,324500,0.0,0.0
2021-08-10 00:00:00-04:00,116.06013856654884,118.50662087891261,116.01081123088804,118.03311157226562,193100,0.0,0.0
2021-08-11 00:00:00-04:00,118.0035141965561,120.10472766722302,117.58918415936299,120.07513427734375,252000,0.0,0.0
2021-08-12 00:00:00-04:00,120.93337466270748,121.0221623600888,119.34513834500864,120.99256896972656,212600,0.0,0.0
2021-08-13 00:00:00-04:00,121.36743184752957,121.93959581892203,120.2132444587616,121.22932434082031,246200,0.0,0.0
2021-08-16 00:00:00-04:00,120.92351377735201,121.53513057434344,119.97648766556038,121.23918914794922,276600,0.0,0.0
2021-08-17 00:00:00-04:00,120.62756410218901,121.08134697431124,119.01959386882359,121.00243377685547,294400,0.0,0.0
2021-08-18 00:00:00-04:00,120.35135187587974,121.55486659884569,118.25999780594756,118.27973175048828,262900,0.0,0.0
2021-08-19 00:00:00-04:00,116.77040966097853,117.70756882503137,115.48797420104808,116.80000305175781,419800,0.0,0.0
2021-08-20 00:00:00-04:00,117.08608143958656,117.87526609918217,116.20810908408843,117.77661895751953,234600,0.0,0.0
2021-08-23 00:00:00-04:00,118.90121397835131,120.29216352482656,118.02324161511449,118.59540557861328,280900,0.0,0.0
2021-08-24 00:00:00-04:00,120.35135239018442,121.07149084310518,118.77297550344093,119.44378662109375,373400,0.0,0.0
2021-08-25 00:00:00-04:00,120.42040417348026,121.34770387202362,119.26621679952387,120.03567504882812,296100,0.0,0.0
2021-08-26 00:00:00-04:00,121.21945716984159,121.21945716984159,118.8321616705865,119.06891632080078,257600,0.0,0.0
2021-08-27 00:00:00-04:00,118.92095172181037,120.6275691683921,118.85189796720235,119.71013641357422,427300,0.0,0.0
2021-08-30 00:00:00-04:00,120.11459856556162,120.25270607370894,118.58554147726606,119.61148834228516,256500,0.0,0.0
2021-08-31 00:00:00-04:00,119.63121558193308,122.16648560788963,119.26622039059322,119.77919006347656,483000,0.0,0.0
2021-09-01 00:00:00-04:00,120.27243424649706,120.69662374950676,117.54973688076932,119.87783813476562,322200,0.0,0.0
2021-09-02 00:00:00-04:00,120.08500392036682,122.01851654052734,119.87783513401511,122.01851654052734,198100,0.0,0.0
2021-09-03 00:00:00-04:00,121.60418306977695,122.06783291192706,120.44999571354867,120.55850982666016,246500,0.0,0.0
2021-09-07 00:00:00-04:00,119.78905246538145,120.19350800478725,117.43135040197609,117.63851165771484,328800,0.0,0.0
2021-09-08 00:00:00-04:00,117.76675415039062,118.53621993261119,116.99729589446468,117.76675415039062,218500,0.0,0.0
2021-09-09 00:00:00-04:00,117.9541872422551,119.75945929364607,117.76675240402378,118.22053527832031,209400,0.0,0.0
2021-09-10 00:00:00-04:00,118.97027076503812,118.97027076503812,116.18837912743122,116.52378845214844,262100,0.0,0.0
2021-09-13 00:00:00-04:00,117.81608377063044,117.96405825186224,115.9121645120614,116.96770477294922,220200,0.0,0.0
2021-09-14 00:00:00-04:00,117.8654071445498,117.8654071445498,115.35973059914663,115.92202758789062,341900,0.0,0.0
2021-09-15 00:00:00-04:00,116.4349984888337,117.60891981307208,114.65932733361602,117.32283782958984,309100,0.0,0.0
2021-09-16 00:00:00-04:00,117.40175896888293,118.2304040056496,115.34986526884931,115.53730010986328,290500,0.0,0.0
2021-09-17 00:00:00-04:00,111.65054020907722,113.37689155064857,108.26689127854561,109.1941909790039,988600,0.0,0.0
2021-09-20 00:00:00-04:00,106.88581106051822,108.08932579799948,105.11013987146443,106.7477035522461,336700,0.0,0.0
2021-09-21 00:00:00-04:00,107.23108006917661,107.70459690308535,104.72541096993858,105.10027313232422,769300,0.0,0.0
2021-09-22 00:00:00-04:00,106.66877952967596,108.66148641824779,105.70202700164346,106.79702758789062,574500,0.0,0.0
2021-09-23 00:00:00-04:00,106.7970286298877,110.35824543138456,106.7970286298877,109.12513732910156,388500,0.0,0.0
2021-09-24 00:00:00-04:00,108.42473189645264,109.86500124436084,108.14850936183252,108.23729705810547,319600,0.0,0.0
2021-09-27 00:00:00-04:00,108.88837934421599,111.37432958879506,108.67135863195135,109.96365356445312,285500,0.0,0.0
2021-09-28 00:00:00-04:00,110.10175756796414,111.10797047452172,107.87229599690804,108.57270050048828,247900,0.0,0.0
2021-09-29 00:00:00-04:00,108.78972904304011,109.65784197210641,108.0005443658735,108.36553955078125,441000,0.0,0.0
2021-09-30 00:00:00-04:00,109.03635183102081,109.53946205426107,106.42216109620108,106.81675720214844,425200,0.0,0.0
2021-10-01 00:00:00-04:00,107.37905103661042,110.52594529259987,106.94500210654927,109.815673828125,341000,0.0,0.0
2021-10-04 00:00:00-04:00,110.21027396987166,111.09811333307098,108.72067723418695,109.28297424316406,253600,0.0,0.0
2021-10-05 00:00:00-04:00,110.0327081059442,111.35459643927689,109.03635460648178,110.92054748535156,383200,0.0,0.0
2021-10-06 00:00:00-04:00,108.94757244278586,110.48648898813484,106.40243544371272,109.28297424316406,349500,0.0,0.0
2021-10-07 00:00:00-04:00,110.496353153582,112.26216486267194,110.39770601046469,112.00567626953125,348600,0.0,0.0
2021-10-08 00:00:00-04:00,112.00567978028619,113.70243778974847,111.45324974047794,111.81824493408203,367100,0.0,0.0
2021-10-11 00:00:00-04:00,112.39040349892477,113.10067495945128,110.12148161405337,110.22999572753906,230900,0.0,0.0
2021-10-12 00:00:00-04:00,110.97972796067707,111.18688921638166,109.29283699883011,109.95378112792969,307400,0.0,0.0
2021-10-13 00:00:00-04:00,109.8847336836555,110.06230155963715,108.04986814061006,109.41122436523438,452700,0.0,0.0
2021-10-14 00:00:00-04:00,110.67391856261038,112.10432092176535,110.4174299751687,111.43350982666016,315200,0.0,0.0
2021-10-15 00:00:00-04:00,112.78500494432149,112.98229923659025,111.10797335485773,111.16716766357422,288900,0.0,0.0
2021-10-18 00:00:00-04:00,110.30891668165175,111.64067190977373,109.58877824758734,111.60121154785156,361100,0.0,0.0
2021-10-19 00:00:00-04:00,103.58107842501998,105.6526984882615,102.10134873323399,104.53797149658203,1077800,0.0,0.0
2021-10-20 00:00:00-04:00,104.43933028423109,104.51824348562211,101.73635180820185,102.69324493408203,437600,0.0,0.0
2021-10-21 00:00:00-04:00,102.2789208694104,102.73270375735693,100.73013736170135,102.28878784179688,390400,0.0,0.0
2021-10-22 00:00:00-04:00,101.6672926961252,102.95959508343049,99.99026871578603,100.3848648071289,411300,0.0,0.0
2021-10-25 00:00:00-04:00,100.59202999569948,100.62162338660603,99.43784259257562,99.92121887207031,337700,0.0,0.0
2021-10-26 00:00:00-04:00,100.07904988674593,100.81891474305888,98.06662410071392,98.1159439086914,424900,0.0,0.0
2021-10-27 00:00:00-04:00,98.39215888140706,98.39215888140706,95.02824391627827,95.09729766845703,468300,0.0,0.0
2021-10-28 00:00:00-04:00,95.37351422000363,97.07027218818054,95.3143274389771,97.01107788085938,313900,0.0,0.0
2021-10-29 00:00:00-04:00,96.72500039568392,97.37607754549079,95.09729623172515,95.34391784667969,344500,0.0,0.0
2021-11-01 00:00:00-04:00,95.6004070068726,98.32310423336557,95.20581091532024,98.01729583740234,384800,0.0,0.0
2021-11-02 00:00:00-04:00,98.02716425637212,99.1122978794376,97.67202852136238,98.55986785888672,359300,0.0,0.0
2021-11-03 00:00:00-04:00,98.19486333348817,99.86202786273083,97.69175313049112,99.8028335571289,256000,0.0,0.0
2021-11-04 00:00:00-04:00,100.57229233553657,101.34175810215478,100.39472447036228,100.96688842773438,575900,0.0,0.0
2021-11-05 00:00:00-04:00,101.47986675145131,102.43675231349654,100.74986133843866,101.71662139892578,288700,0.0,0.0
2021-11-08 00:00:00-05:00,102.06189140297802,102.36769980661575,101.00635115920511,101.60810852050781,251900,0.0,0.0
2021-11-09 00:00:00-05:00,101.24310467418961,101.89418936323322,100.67094823610546,100.8583755493164,417800,0.0,0.0
2021-11-10 00:00:00-05:00,100.89783889762333,102.02243291534852,100.266488134209,101.08527374267578,285600,0.0,0.0
2021-11-11 00:00:00-05:00,100.98662886659848,102.15068327398431,100.19743663144725,101.00635528564453,292700,0.0,0.0
2021-11-12 00:00:00-05:00,101.28256340738284,102.31837720463848,100.79918714760093,102.03229522705078,480700,0.0,0.0
2021-11-15 00:00:00-05:00,102.30851062543022,102.30851062543022,100.78932056256008,100.96688842773438,350900,0.0,0.0
2021-11-16 00:00:00-05:00,100.79918990255999,102.45648750768825,100.21715895947897,100.81891632080078,254300,0.0,0.0
2021-11-17 00:00:00-05:00,100.2862245093422,100.2862245093422,96.90257540172192,97.19851684570312,430200,0.0,0.0
2021-11-18 00:00:00-05:00,97.5437826173834,97.88905891415135,95.57080961319956,97.76081085205078,375000,0.0,0.0
2021-11-19 00:00:00-05:00,97.39581648077973,98.6979783734214,96.86311286202248,97.92851257324219,369600,0.0,0.0
2021-11-22 00:00:00-05:00,98.60918632831029,99.92121513559985,97.95810917382848,98.66837310791016,225500,0.0,0.0
2021-11-23 00:00:00-05:00,98.35270281398962,98.38230373161124,96.87297303729191,97.44513702392578,249000,0.0,0.0
2021-11-24 00:00:00-05:00,97.33662332675826,98.26392306592244,96.70527255473431,97.1689224243164,286400,0.0,0.0
2021-11-26 00:00:00-05:00,94.52513219319498,94.84080755899937,91.4867520933936,92.25621032714844,235900,0.0,0.0
2021-11-29 00:00:00-05:00,93.4893188121286,93.5189197281139,90.27337836081415,91.97999572753906,536600,0.0,0.0
2021-11-30 00:00:00-05:00,91.25,91.80000305175781,89.4000015258789,89.62999725341797,465400,1.26,0.0
2021-12-01 00:00:00-05:00,92.0999984741211,92.94999694824219,88.93000030517578,89.0,522500,0.0,0.0
2021-12-02 00:00:00-05:00,89.5199966430664,93.88999938964844,88.91999816894531,93.62999725341797,663700,0.0,0.0
2021-12-03 00:00:00-05:00,94.30000305175781,94.91999816894531,91.72000122070312,92.62000274658203,475100,0.0,0.0
2021-12-06 00:00:00-05:00,94.30999755859375,96.19000244140625,93.5,94.5,572500,0.0,0.0
2021-12-07 00:00:00-05:00,95.18000030517578,95.88999938964844,94.12000274658203,94.66999816894531,456600,0.0,0.0
2021-12-08 00:00:00-05:00,95.33000183105469,96.0,94.41999816894531,94.75,325200,0.0,0.0
2021-12-09 00:00:00-05:00,94.08000183105469,95.56999969482422,93.55999755859375,93.66000366210938,434300,0.0,0.0
2021-12-10 00:00:00-05:00,94.29000091552734,95.5999984741211,94.02999877929688,94.52999877929688,406900,0.0,0.0
2021-12-13 00:00:00-05:00,94.33999633789062,95.04000091552734,92.76000213623047,93.37000274658203,555500,0.0,0.0
2021-12-14 00:00:00-05:00,93.08000183105469,95.01000213623047,92.69999694824219,93.0999984741211,512800,0.0,0.0
2021-12-15 00:00:00-05:00,93.06999969482422,95.51000213623047,93.06999969482422,94.76000213623047,559200,0.0,0.0
2021-12-16 00:00:00-05:00,95.4000015258789,96.33000183105469,93.97000122070312,94.58000183105469,413700,0.0,0.0
2021-12-17 00:00:00-05:00,94.55999755859375,94.55999755859375,92.3499984741211,93.61000061035156,729600,0.0,0.0
2021-12-20 00:00:00-05:00,92.0,92.0,89.75,91.54000091552734,263600,0.0,0.0
2021-12-21 00:00:00-05:00,92.55999755859375,94.37999725341797,92.55999755859375,93.6500015258789,284500,0.0,0.0
2021-12-22 00:00:00-05:00,93.6500015258789,94.73999786376953,93.33999633789062,94.48999786376953,340200,0.0,0.0
2021-12-23 00:00:00-05:00,95.31999969482422,96.05999755859375,95.08000183105469,95.4800033569336,251600,0.0,0.0
2021-12-27 00:00:00-05:00,95.48999786376953,96.97000122070312,94.91000366210938,96.5999984741211,359900,0.0,0.0
2021-12-28 00:00:00-05:00,96.5999984741211,98.37000274658203,96.54000091552734,97.80000305175781,170900,0.0,0.0
2021-12-29 00:00:00-05:00,97.86000061035156,98.91000366210938,97.5999984741211,98.44000244140625,160100,0.0,0.0
2021-12-30 00:00:00-05:00,98.88999938964844,98.98999786376953,97.27999877929688,97.5199966430664,144200,0.0,0.0
2021-12-31 00:00:00-05:00,97.30000305175781,98.05999755859375,97.16999816894531,97.33000183105469,216100,0.0,0.0
2022-01-03 00:00:00-05:00,97.54000091552734,99.27999877929688,97.54000091552734,99.16000366210938,257600,0.0,0.0
2022-01-04 00:00:00-05:00,100.0,101.91999816894531,99.5,101.08000183105469,294800,0.0,0.0
2022-01-05 00:00:00-05:00,101.01000213623047,102.5,100.37999725341797,100.55000305175781,486000,0.0,0.0
2022-01-06 00:00:00-05:00,101.30000305175781,103.0,101.12999725341797,101.47000122070312,335700,0.0,0.0
2022-01-07 00:00:00-05:00,101.52999877929688,102.13999938964844,100.16999816894531,100.2699966430664,405800,0.0,0.0
2022-01-10 00:00:00-05:00,100.4800033569336,102.30999755859375,99.16999816894531,102.08000183105469,471300,0.0,0.0
2022-01-11 00:00:00-05:00,103.12999725341797,104.62000274658203,101.22000122070312,103.72000122070312,401200,0.0,0.0
2022-01-12 00:00:00-05:00,104.0,104.94999694824219,103.38999938964844,103.88999938964844,360600,0.0,0.0
2022-01-13 00:00:00-05:00,104.73999786376953,107.13999938964844,104.30999755859375,106.97000122070312,370700,0.0,0.0
2022-01-14 00:00:00-05:00,106.2699966430664,109.31999969482422,105.87000274658203,109.18000030517578,491100,0.0,0.0
2022-01-18 00:00:00-05:00,108.12000274658203,108.4800033569336,105.61000061035156,106.83999633789062,422500,0.0,0.0
2022-01-19 00:00:00-05:00,107.31999969482422,107.48999786376953,106.0199966430664,106.7300033569336,344700,0.0,0.0
2022-01-20 00:00:00-05:00,106.62999725341797,106.62999725341797,103.12999725341797,103.43000030517578,301100,0.0,0.0
2022-01-21 00:00:00-05:00,103.29000091552734,104.68000030517578,101.66999816894531,102.0199966430664,369000,0.0,0.0
2022-01-24 00:00:00-05:00,100.22000122070312,104.73999786376953,100.08999633789062,104.36000061035156,532700,0.0,0.0
2022-01-25 00:00:00-05:00,103.73999786376953,103.73999786376953,100.73999786376953,102.27999877929688,366800,0.0,0.0
2022-01-26 00:00:00-05:00,103.51000213623047,105.26000213623047,101.97000122070312,102.77999877929688,464400,0.0,0.0
2022-01-27 00:00:00-05:00,103.66999816894531,105.62000274658203,100.80999755859375,101.87999725341797,301300,0.0,0.0
2022-01-28 00:00:00-05:00,101.5199966430664,103.75,100.33999633789062,103.70999908447266,328800,0.0,0.0
2022-01-31 00:00:00-05:00,103.05000305175781,105.25,101.97000122070312,104.87000274658203,759100,0.0,0.0
2022-02-01 00:00:00-05:00,107.19999694824219,109.75,106.5,109.0999984741211,505300,0.0,0.0
2022-02-02 00:00:00-05:00,109.69000244140625,109.69000244140625,106.41000366210938,107.16000366210938,384800,0.0,0.0
2022-02-03 00:00:00-05:00,107.19000244140625,107.2300033569336,105.29000091552734,106.0,269300,0.0,0.0
2022-02-04 00:00:00-05:00,104.95999908447266,108.47000122070312,103.91000366210938,107.30000305175781,332200,0.0,0.0
2022-02-07 00:00:00-05:00,107.33000183105469,107.3499984741211,105.11000061035156,106.5,259300,0.0,0.0
2022-02-08 00:00:00-05:00,106.91000366210938,110.69999694824219,106.9000015258789,110.5,320800,0.0,0.0
2022-02-09 00:00:00-05:00,111.80000305175781,113.18000030517578,111.04000091552734,111.2699966430664,354800,0.0,0.0
2022-02-10 00:00:00-05:00,110.02999877929688,112.77999877929688,109.70999908447266,110.19999694824219,283400,0.0,0.0
2022-02-11 00:00:00-05:00,110.36000061035156,111.2300033569336,109.26000213623047,109.63999938964844,387400,0.0,0.0
2022-02-14 00:00:00-05:00,109.69000244140625,110.97000122070312,109.27999877929688,109.76000213623047,361100,0.0,0.0
2022-02-15 00:00:00-05:00,110.02999877929688,115.02999877929688,110.02999877929688,114.75,501400,0.0,0.0
2022-02-16 00:00:00-05:00,114.11000061035156,115.54000091552734,113.83000183105469,115.52999877929688,346500,0.0,0.0
2022-02-17 00:00:00-05:00,114.05999755859375,114.75,111.11000061035156,111.20999908447266,350100,0.0,0.0
2022-02-18 00:00:00-05:00,110.76000213623047,111.69999694824219,109.23999786376953,110.31999969482422,575500,0.0,0.0
2022-02-22 00:00:00-05:00,110.80000305175781,110.80000305175781,106.62999725341797,107.83999633789062,649400,0.0,0.0
2022-02-23 00:00:00-05:00,108.51000213623047,109.19999694824219,106.58000183105469,106.95999908447266,491600,0.0,0.0
2022-02-24 00:00:00-05:00,104.16999816894531,106.08000183105469,102.7300033569336,105.68000030517578,427000,0.0,0.0
2022-02-25 00:00:00-05:00,106.33999633789062,109.2300033569336,106.18000030517578,109.08999633789062,592400,0.0,0.0
2022-02-28 00:00:00-05:00,106.81999969482422,108.4800033569336,104.48999786376953,106.27999877929688,445400,0.0,0.0
2022-03-01 00:00:00-05:00,105.80999755859375,106.56999969482422,97.72000122070312,98.33000183105469,596900,0.0,0.0
2022-03-02 00:00:00-05:00,99.27999877929688,102.62000274658203,99.04000091552734,101.41000366210938,616200,0.0,0.0
2022-03-03 00:00:00-05:00,102.08000183105469,102.55999755859375,100.2699966430664,101.31999969482422,320700,0.0,0.0
2022-03-04 00:00:00-05:00,99.68000030517578,99.70999908447266,94.79000091552734,95.26000213623047,539100,0.0,0.0
2022-03-07 00:00:00-05:00,93.61000061035156,95.02999877929688,87.0199966430664,87.0199966430664,526100,0.0,0.0
2022-03-08 00:00:00-05:00,88.18000030517578,90.4800033569336,84.31999969482422,88.27999877929688,634800,0.0,0.0
2022-03-09 00:00:00-05:00,92.31999969482422,93.44999694824219,89.9800033569336,90.44000244140625,484100,0.0,0.0
2022-03-10 00:00:00-05:00,88.25,89.18000030517578,86.5999984741211,89.1500015258789,713300,0.0,0.0
2022-03-11 00:00:00-05:00,89.05000305175781,89.55999755859375,86.79000091552734,87.70999908447266,701900,0.0,0.0
2022-03-14 00:00:00-04:00,89.0199966430664,92.26000213623047,88.45999908447266,92.19999694824219,543100,0.0,0.0
2022-03-15 00:00:00-04:00,92.44000244140625,94.7300033569336,92.22000122070312,94.66000366210938,568400,0.0,0.0
2022-03-16 00:00:00-04:00,96.06999969482422,97.76000213623047,94.3499984741211,96.81999969482422,423000,0.0,0.0
2022-03-17 00:00:00-04:00,95.98999786376953,97.62000274658203,95.63999938964844,97.52999877929688,288500,0.0,0.0
2022-03-18 00:00:00-04:00,97.9000015258789,98.2300033569336,96.12000274658203,97.30000305175781,847000,0.0,0.0
2022-03-21 00:00:00-04:00,97.44000244140625,97.87000274658203,94.1500015258789,94.81999969482422,377500,0.0,0.0
2022-03-22 00:00:00-04:00,96.27999877929688,96.27999877929688,94.37000274658203,94.52999877929688,342900,0.0,0.0
2022-03-23 00:00:00-04:00,93.69999694824219,93.95999908447266,92.41000366210938,92.63999938964844,380800,0.0,0.0
2022-03-24 00:00:00-04:00,93.12000274658203,94.2300033569336,91.88999938964844,94.22000122070312,353700,0.0,0.0
2022-03-25 00:00:00-04:00,94.63999938964844,95.25,93.58000183105469,94.29000091552734,332700,0.0,0.0
2022-03-28 00:00:00-04:00,93.4800033569336,94.12999725341797,92.58000183105469,94.06999969482422,214800,0.0,0.0
2022-03-29 00:00:00-04:00,96.38999938964844,101.52999877929688,96.38999938964844,99.9800033569336,620400,0.0,0.0
2022-03-30 00:00:00-04:00,99.12999725341797,100.5,96.47000122070312,97.0999984741211,339500,0.0,0.0
2022-03-31 00:00:00-04:00,96.4800033569336,96.9000015258789,93.79000091552734,93.91999816894531,357400,0.0,0.0
2022-04-01 00:00:00-04:00,94.6500015258789,95.63999938964844,93.41000366210938,94.0199966430664,383000,0.0,0.0
2022-04-04 00:00:00-04:00,94.26000213623047,95.94000244140625,93.66999816894531,94.37999725341797,322200,0.0,0.0
2022-04-05 00:00:00-04:00,93.72000122070312,94.38999938964844,91.5999984741211,91.9000015258789,604000,0.0,0.0
2022-04-06 00:00:00-04:00,91.31999969482422,91.9800033569336,89.98999786376953,90.2699966430664,632000,0.0,0.0
2022-04-07 00:00:00-04:00,89.93000030517578,90.37999725341797,88.30000305175781,88.61000061035156,514300,0.0,0.0
2022-04-08 00:00:00-04:00,89.12999725341797,90.87999725341797,87.33999633789062,87.87000274658203,861700,0.0,0.0
2022-04-11 00:00:00-04:00,87.81999969482422,90.44000244140625,87.19999694824219,87.93000030517578,547900,0.0,0.0
2022-04-12 00:00:00-04:00,89.0199966430664,89.33999633789062,86.70999908447266,87.19999694824219,452900,0.0,0.0
2022-04-13 00:00:00-04:00,86.79000091552734,88.86000061035156,86.51000213623047,88.5999984741211,596300,0.0,0.0
2022-04-14 00:00:00-04:00,88.72000122070312,89.11000061035156,86.6500015258789,87.47000122070312,551700,0.0,0.0
2022-04-18 00:00:00-04:00,87.1500015258789,89.05000305175781,86.55000305175781,88.76000213623047,436700,0.0,0.0
2022-04-19 00:00:00-04:00,91.02999877929688,95.2699966430664,90.36000061035156,95.08000183105469,848400,0.0,0.0
2022-04-20 00:00:00-04:00,96.16999816894531,98.62000274658203,95.69000244140625,95.95999908447266,534300,0.0,0.0
2022-04-21 00:00:00-04:00,96.70999908447266,97.72000122070312,94.13999938964844,94.5199966430664,493600,0.0,0.0
2022-04-22 00:00:00-04:00,93.76000213623047,94.31999969482422,92.27999877929688,92.38999938964844,331800,0.0,0.0
2022-04-25 00:00:00-04:00,91.63999938964844,93.02999877929688,89.51000213623047,92.7300033569336,328300,0.0,0.0
2022-04-26 00:00:00-04:00,91.63999938964844,92.41000366210938,90.08000183105469,90.44999694824219,353100,0.0,0.0
2022-04-27 00:00:00-04:00,91.0199966430664,91.31999969482422,88.56999969482422,89.83000183105469,419100,0.0,0.0
2022-04-28 00:00:00-04:00,91.27999877929688,93.45999908447266,90.05000305175781,93.06999969482422,410600,0.0,0.0
2022-04-29 00:00:00-04:00,92.12999725341797,93.8499984741211,89.87000274658203,90.19999694824219,330100,0.0,0.0
2022-05-02 00:00:00-04:00,90.45999908447266,91.81999969482422,89.19999694824219,91.22000122070312,377900,0.0,0.0
2022-05-03 00:00:00-04:00,91.08999633789062,92.9800033569336,90.91000366210938,92.66000366210938,406700,0.0,0.0
2022-05-04 00:00:00-04:00,92.43000030517578,95.76000213623047,92.0199966430664,95.58999633789062,410800,0.0,0.0
2022-05-05 00:00:00-04:00,93.87000274658203,94.5199966430664,90.37999725341797,91.19000244140625,309200,0.0,0.0
2022-05-06 00:00:00-04:00,90.9800033569336,91.58999633789062,89.31999969482422,90.41999816894531,271400,0.0,0.0
2022-05-09 00:00:00-04:00,89.36000061035156,94.25,89.36000061035156,93.19000244140625,557000,0.0,0.0
2022-05-10 00:00:00-04:00,93.7699966430664,94.45999908447266,88.8499984741211,90.69000244140625,462300,0.0,0.0
2022-05-11 00:00:00-04:00,90.91999816894531,92.80000305175781,89.37999725341797,89.5999984741211,358500,0.0,0.0
2022-05-12 00:00:00-04:00,89.37000274658203,91.47000122070312,87.30000305175781,88.70999908447266,415600,0.0,0.0
2022-05-13 00:00:00-04:00,89.76000213623047,91.0999984741211,89.41000366210938,89.79000091552734,258100,0.0,0.0
2022-05-16 00:00:00-04:00,88.81999969482422,89.87999725341797,86.83000183105469,89.11000061035156,271900,0.0,0.0
2022-05-17 00:00:00-04:00,90.87000274658203,93.9800033569336,90.75,93.93000030517578,437300,0.0,0.0
2022-05-18 00:00:00-04:00,92.83000183105469,93.47000122070312,88.87999725341797,89.30999755859375,386800,0.0,0.0
2022-05-19 00:00:00-04:00,88.18000030517578,90.26000213623047,87.47000122070312,89.47000122070312,339000,0.0,0.0
2022-05-20 00:00:00-04:00,90.1500015258789,91.1500015258789,88.52999877929688,91.11000061035156,716700,0.0,0.0
2022-05-23 00:00:00-04:00,92.7699966430664,92.7699966430664,89.36000061035156,89.58999633789062,314600,0.0,0.0
2022-05-24 00:00:00-04:00,89.38999938964844,89.38999938964844,86.62000274658203,88.54000091552734,280400,0.0,0.0
2022-05-25 00:00:00-04:00,87.66000366210938,90.69999694824219,87.66000366210938,89.80999755859375,253200,0.0,0.0
2022-05-26 00:00:00-04:00,87.36000061035156,89.02999877929688,87.31999969482422,87.91999816894531,487300,0.0,0.0
2022-05-27 00:00:00-04:00,88.41000366210938,89.94000244140625,87.9000015258789,88.0,440900,0.0,0.0
2022-05-31 00:00:00-04:00,87.5,89.9000015258789,85.29000091552734,89.61000061035156,600500,0.0,0.0
2022-06-01 00:00:00-04:00,89.91999816894531,91.30999755859375,85.2300033569336,85.44999694824219,494400,0.0,0.0
2022-06-02 00:00:00-04:00,85.52999877929688,88.95999908447266,85.52999877929688,88.88999938964844,439100,0.0,0.0
2022-06-03 00:00:00-04:00,87.51000213623047,88.18000030517578,85.80999755859375,86.01000213623047,346200,0.0,0.0
2022-06-06 00:00:00-04:00,86.87000274658203,89.62999725341797,86.0199966430664,88.94000244140625,1124200,0.0,0.0
2022-06-07 00:00:00-04:00,88.43000030517578,90.80000305175781,87.41000366210938,90.7699966430664,364500,0.0,0.0
2022-06-08 00:00:00-04:00,90.04000091552734,91.3499984741211,88.80000305175781,88.93000030517578,323300,0.0,0.0
2022-06-09 00:00:00-04:00,88.80999755859375,89.04000091552734,86.5199966430664,86.86000061035156,332700,0.0,0.0
2022-06-10 00:00:00-04:00,85.13999938964844,85.83000183105469,82.6500015258789,82.8499984741211,322900,0.0,0.0
2022-06-13 00:00:00-04:00,80.77999877929688,80.77999877929688,77.86000061035156,78.37000274658203,265900,0.0,0.0
2022-06-14 00:00:00-04:00,78.37000274658203,79.0999984741211,77.12999725341797,78.05999755859375,426300,0.0,0.0
2022-06-15 00:00:00-04:00,78.7300033569336,80.9000015258789,78.70999908447266,79.51000213623047,466100,0.0,0.0
2022-06-16 00:00:00-04:00,76.95999908447266,77.52999877929688,74.12999725341797,74.79000091552734,565200,0.0,0.0
2022-06-17 00:00:00-04:00,75.51000213623047,76.87000274658203,74.37999725341797,75.94999694824219,886400,0.0,0.0
2022-06-21 00:00:00-04:00,77.51000213623047,78.27999877929688,76.12999725341797,77.83000183105469,371600,0.0,0.0
2022-06-22 00:00:00-04:00,76.76000213623047,78.8499984741211,76.76000213623047,78.58999633789062,344000,0.0,0.0
2022-06-23 00:00:00-04:00,77.93000030517578,78.0,74.81999969482422,75.62000274658203,385900,0.0,0.0
2022-06-24 00:00:00-04:00,76.4000015258789,79.13999938964844,75.94999694824219,78.70999908447266,469700,0.0,0.0
2022-06-27 00:00:00-04:00,78.7300033569336,79.22000122070312,77.36000061035156,78.29000091552734,273300,0.0,0.0
2022-06-28 00:00:00-04:00,79.29000091552734,79.91000366210938,77.19999694824219,77.31999969482422,322200,0.0,0.0
2022-06-29 00:00:00-04:00,76.97000122070312,77.12999725341797,74.91000366210938,76.61000061035156,476600,0.0,0.0
2022-06-30 00:00:00-04:00,75.37999725341797,77.0199966430664,73.9000015258789,76.41000366210938,364500,0.0,0.0
2022-07-01 00:00:00-04:00,76.41000366210938,78.26000213623047,75.94000244140625,77.94000244140625,399400,0.0,0.0
2022-07-05 00:00:00-04:00,75.9800033569336,77.79000091552734,74.7300033569336,77.7699966430664,525000,0.0,0.0
2022-07-06 00:00:00-04:00,77.62999725341797,78.47000122070312,76.6500015258789,78.41999816894531,641700,0.0,0.0
2022-07-07 00:00:00-04:00,78.95999908447266,80.80999755859375,78.95999908447266,80.66999816894531,425400,0.0,0.0
2022-07-08 00:00:00-04:00,80.5,80.61000061035156,78.19000244140625,78.61000061035156,351500,0.0,0.0
2022-07-11 00:00:00-04:00,76.11000061035156,76.94000244140625,74.4000015258789,75.7699966430664,415200,0.0,0.0
2022-07-12 00:00:00-04:00,75.47000122070312,79.38999938964844,75.47000122070312,77.7699966430664,404200,0.0,0.0
2022-07-13 00:00:00-04:00,76.37000274658203,77.37999725341797,75.75,76.66999816894531,338600,0.0,0.0
2022-07-14 00:00:00-04:00,75.0999984741211,75.47000122070312,73.76000213623047,75.38999938964844,488100,0.0,0.0
2022-07-15 00:00:00-04:00,74.95999908447266,76.51000213623047,74.33999633789062,76.4800033569336,343300,0.0,0.0
2022-07-18 00:00:00-04:00,78.08999633789062,80.8499984741211,77.83000183105469,79.55000305175781,702700,0.0,0.0
2022-07-19 00:00:00-04:00,79.5199966430664,80.45999908447266,76.81999969482422,79.18000030517578,731900,0.0,0.0
2022-07-20 00:00:00-04:00,78.37000274658203,79.1500015258789,76.30999755859375,78.37000274658203,834700,0.0,0.0
2022-07-21 00:00:00-04:00,78.44999694824219,79.54000091552734,77.19000244140625,79.19000244140625,715200,0.0,0.0
2022-07-22 00:00:00-04:00,78.3499984741211,78.83999633789062,75.1500015258789,75.69999694824219,718200,0.0,0.0
2022-07-25 00:00:00-04:00,76.08999633789062,76.86000061035156,75.22000122070312,76.22000122070312,355100,0.0,0.0
2022-07-26 00:00:00-04:00,75.19000244140625,75.51000213623047,73.66000366210938,74.20999908447266,506900,0.0,0.0
2022-07-27 00:00:00-04:00,74.58999633789062,77.18000030517578,74.47000122070312,76.77999877929688,346100,0.0,0.0
2022-07-28 00:00:00-04:00,76.72000122070312,78.29000091552734,76.13999938964844,78.19999694824219,323000,0.0,0.0
2022-07-29 00:00:00-04:00,78.36000061035156,79.13999938964844,77.73999786376953,78.41000366210938,307300,0.0,0.0
2022-08-01 00:00:00-04:00,77.79000091552734,78.70999908447266,77.30999755859375,78.58999633789062,275900,0.0,0.0
2022-08-02 00:00:00-04:00,77.88999938964844,78.26000213623047,75.66000366210938,76.87999725341797,286400,0.0,0.0
2022-08-03 00:00:00-04:00,77.58000183105469,78.23999786376953,77.23999786376953,77.87000274658203,234900,0.0,0.0
2022-08-04 00:00:00-04:00,77.5,77.87000274658203,77.11000061035156,77.63999938964844,269700,0.0,0.0
2022-08-05 00:00:00-04:00,77.05000305175781,78.51000213623047,76.80000305175781,77.66000366210938,441400,0.0,0.0
2022-08-08 00:00:00-04:00,77.83000183105469,78.58999633789062,77.0999984741211,77.58000183105469,588800,0.0,0.0
2022-08-09 00:00:00-04:00,77.41000366210938,77.51000213623047,76.27999877929688,77.41999816894531,337500,0.0,0.0
2022-08-10 00:00:00-04:00,78.80999755859375,80.94000244140625,78.80999755859375,80.01000213623047,280500,0.0,0.0
2022-08-11 00:00:00-04:00,80.63999938964844,82.02999877929688,80.63999938964844,81.12000274658203,373900,0.0,0.0
2022-08-12 00:00:00-04:00,81.66999816894531,81.69000244140625,80.4800033569336,81.30000305175781,266600,0.0,0.0
2022-08-15 00:00:00-04:00,80.4800033569336,81.97000122070312,80.2300033569336,81.4800033569336,370800,0.0,0.0
2022-08-16 00:00:00-04:00,80.88999938964844,82.66000366210938,80.54000091552734,82.51000213623047,364000,0.0,0.0
2022-08-17 00:00:00-04:00,81.52999877929688,81.52999877929688,79.88999938964844,80.81999969482422,316500,0.0,0.0
2022-08-18 00:00:00-04:00,81.22000122070312,81.22000122070312,80.11000061035156,80.38999938964844,256900,0.0,0.0
2022-08-19 00:00:00-04:00,80.06999969482422,80.06999969482422,78.51000213623047,79.01000213623047,307000,0.0,0.0
2022-08-22 00:00:00-04:00,77.88999938964844,77.88999938964844,76.0199966430664,76.33999633789062,291400,0.0,0.0
2022-08-23 00:00:00-04:00,76.08999633789062,78.08999633789062,76.08999633789062,76.70999908447266,208900,0.0,0.0
2022-08-24 00:00:00-04:00,76.37000274658203,76.97000122070312,76.02999877929688,76.23999786376953,265900,0.0,0.0
2022-08-25 00:00:00-04:00,76.5,78.26000213623047,76.5,78.16000366210938,216100,0.0,0.0
2022-08-26 00:00:00-04:00,78.01000213623047,78.16999816894531,73.86000061035156,73.91000366210938,431500,0.0,0.0
2022-08-29 00:00:00-04:00,73.62999725341797,75.18000030517578,72.83000183105469,74.6500015258789,376200,0.0,0.0
2022-08-30 00:00:00-04:00,75.05000305175781,75.05000305175781,73.37000274658203,73.56999969482422,307300,0.0,0.0
2022-08-31 00:00:00-04:00,74.29000091552734,74.33000183105469,73.27999877929688,73.31999969482422,399300,0.0,0.0
2022-09-01 00:00:00-04:00,73.13999938964844,73.72000122070312,71.48999786376953,73.33999633789062,425000,0.0,0.0
2022-09-02 00:00:00-04:00,74.2699966430664,75.25,72.3499984741211,72.4000015258789,418200,0.0,0.0
2022-09-06 00:00:00-04:00,73.26000213623047,73.26000213623047,71.30999755859375,72.26000213623047,475100,0.0,0.0
2022-09-07 00:00:00-04:00,72.06999969482422,72.87999725341797,71.5,72.25,410400,0.0,0.0
2022-09-08 00:00:00-04:00,71.66999816894531,72.38999938964844,70.19999694824219,72.38999938964844,346700,0.0,0.0
2022-09-09 00:00:00-04:00,72.9800033569336,74.48999786376953,72.9800033569336,74.45999908447266,425900,0.0,0.0
2022-09-12 00:00:00-04:00,75.41000366210938,76.69000244140625,75.31999969482422,75.97000122070312,374000,0.0,0.0
2022-09-13 00:00:00-04:00,74.05000305175781,74.75,72.7300033569336,72.91999816894531,263000,0.0,0.0
2022-09-14 00:00:00-04:00,72.7300033569336,73.04000091552734,71.23999786376953,71.9800033569336,395300,0.0,0.0
2022-09-15 00:00:00-04:00,71.95999908447266,73.7300033569336,71.75,72.47000122070312,429700,0.0,0.0
2022-09-16 00:00:00-04:00,71.44000244140625,71.44000244140625,69.30999755859375,69.98999786376953,1214100,0.0,0.0
2022-09-19 00:00:00-04:00,69.5199966430664,71.97000122070312,69.5199966430664,71.55999755859375,400000,0.0,0.0
2022-09-20 00:00:00-04:00,70.66000366210938,70.94000244140625,68.83000183105469,69.4000015258789,284000,0.0,0.0
2022-09-21 00:00:00-04:00,69.56999969482422,70.9800033569336,68.81999969482422,68.83000183105469,304600,0.0,0.0
2022-09-22 00:00:00-04:00,68.5,68.5,67.45999908447266,67.45999908447266,322200,0.0,0.0
2022-09-23 00:00:00-04:00,66.19000244140625,66.66000366210938,64.63999938964844,65.33999633789062,574600,0.0,0.0
2022-09-26 00:00:00-04:00,65.33000183105469,66.63999938964844,65.0199966430664,65.72000122070312,346500,0.0,0.0
2022-09-27 00:00:00-04:00,66.5999984741211,67.02999877929688,64.19000244140625,65.0999984741211,369800,0.0,0.0
2022-09-28 00:00:00-04:00,65.19000244140625,66.58999633789062,65.0199966430664,65.97000122070312,722700,0.0,0.0
2022-09-29 00:00:00-04:00,65.29000091552734,65.4000015258789,64.0,64.58999633789062,745800,0.0,0.0
2022-09-30 00:00:00-04:00,64.70999908447266,66.19999694824219,64.41999816894531,64.69000244140625,783500,0.0,0.0
2022-10-03 00:00:00-04:00,65.87000274658203,68.3499984741211,65.13999938964844,67.5999984741211,889400,0.0,0.0
2022-10-04 00:00:00-04:00,68.83999633789062,70.68000030517578,68.83999633789062,70.08999633789062,703600,0.0,0.0
2022-10-05 00:00:00-04:00,68.87000274658203,69.83999633789062,68.27999877929688,69.54000091552734,475000,0.0,0.0
2022-10-06 00:00:00-04:00,68.87000274658203,69.54000091552734,68.01000213623047,68.88999938964844,294600,0.0,0.0
2022-10-07 00:00:00-04:00,68.0199966430664,68.0199966430664,66.56999969482422,67.0,336500,0.0,0.0
2022-10-10 00:00:00-04:00,67.13999938964844,67.73999786376953,66.37000274658203,67.47000122070312,313100,0.0,0.0
2022-10-11 00:00:00-04:00,67.3499984741211,68.30999755859375,66.83000183105469,67.4000015258789,315900,0.0,0.0
2022-10-12 00:00:00-04:00,67.3499984741211,68.91000366210938,67.0199966430664,67.81999969482422,389200,0.0,0.0
2022-10-13 00:00:00-04:00,66.68000030517578,72.11000061035156,65.38999938964844,71.45999908447266,545800,0.0,0.0
2022-10-14 00:00:00-04:00,71.94000244140625,72.18000030517578,70.52999877929688,71.08999633789062,468500,0.0,0.0
2022-10-17 00:00:00-04:00,72.66999816894531,73.51000213623047,71.41999816894531,72.87000274658203,518500,0.0,0.0
2022-10-18 00:00:00-04:00,74.41000366210938,75.43000030517578,73.43000030517578,74.30000305175781,431900,0.0,0.0
2022-10-19 00:00:00-04:00,73.30999755859375,73.94000244140625,71.5199966430664,72.2699966430664,428500,0.0,0.0
2022-10-20 00:00:00-04:00,75.75,76.91000366210938,74.16000366210938,75.94000244140625,534800,0.0,0.0
2022-10-21 00:00:00-04:00,74.20999908447266,76.44999694824219,72.61000061035156,76.04000091552734,884500,0.0,0.0
2022-10-24 00:00:00-04:00,75.86000061035156,77.0,74.4800033569336,74.91000366210938,530600,0.0,0.0
2022-10-25 00:00:00-04:00,74.45999908447266,76.63999938964844,74.3499984741211,76.54000091552734,272100,0.0,0.0
2022-10-26 00:00:00-04:00,76.56999969482422,77.22000122070312,75.27999877929688,75.87000274658203,374500,0.0,0.0
2022-10-27 00:00:00-04:00,76.54000091552734,77.61000061035156,75.80000305175781,76.01000213623047,260200,0.0,0.0
2022-10-28 00:00:00-04:00,76.58000183105469,79.12999725341797,76.44999694824219,78.5999984741211,350800,0.0,0.0
2022-10-31 00:00:00-04:00,77.69999694824219,79.41999816894531,77.2300033569336,78.33999633789062,475100,0.0,0.0
2022-11-01 00:00:00-04:00,79.02999877929688,80.87000274658203,78.58000183105469,80.31999969482422,741400,0.0,0.0
2022-11-02 00:00:00-04:00,79.69000244140625,80.66999816894531,77.9800033569336,78.30000305175781,347000,0.0,0.0
2022-11-03 00:00:00-04:00,77.3499984741211,78.83999633789062,76.38999938964844,77.47000122070312,282800,0.0,0.0
2022-11-04 00:00:00-04:00,78.5199966430664,79.54000091552734,77.55000305175781,78.6500015258789,175100,0.0,0.0
2022-11-07 00:00:00-05:00,78.81999969482422,79.31999969482422,78.05000305175781,78.9800033569336,200300,0.0,0.0
2022-11-08 00:00:00-05:00,79.44000244140625,80.6500015258789,78.2300033569336,79.23999786376953,224000,0.0,0.0
2022-11-09 00:00:00-05:00,78.2300033569336,78.97000122070312,77.9000015258789,78.38999938964844,186400,0.0,0.0
2022-11-10 00:00:00-05:00,80.87000274658203,83.31999969482422,80.4800033569336,83.31999969482422,318300,0.0,0.0
2022-11-11 00:00:00-05:00,83.94000244140625,85.22000122070312,83.08000183105469,84.9800033569336,309800,0.0,0.0
2022-11-14 00:00:00-05:00,84.05000305175781,85.05999755859375,83.56999969482422,83.69999694824219,221700,0.0,0.0
2022-11-15 00:00:00-05:00,84.87000274658203,85.91000366210938,83.66999816894531,84.33999633789062,171200,0.0,0.0
2022-11-16 00:00:00-05:00,83.69000244140625,84.70999908447266,83.69000244140625,84.33000183105469,422900,0.0,0.0
2022-11-17 00:00:00-05:00,82.94999694824219,83.66999816894531,81.77999877929688,83.61000061035156,387400,0.0,0.0
2022-11-18 00:00:00-05:00,84.95999908447266,85.62999725341797,84.02999877929688,85.62000274658203,301100,0.0,0.0
2022-11-21 00:00:00-05:00,85.4000015258789,87.16000366210938,85.19999694824219,86.97000122070312,430800,0.0,0.0
2022-11-22 00:00:00-05:00,87.36000061035156,88.87999725341797,87.16999816894531,88.80000305175781,405400,0.0,0.0
2022-11-23 00:00:00-05:00,88.08999633789062,89.20999908447266,87.62999725341797,88.22000122070312,313500,0.0,0.0
2022-11-25 00:00:00-05:00,88.41000366210938,88.94000244140625,88.0199966430664,88.2699966430664,107300,0.0,0.0
2022-11-28 00:00:00-05:00,87.72000122070312,88.19000244140625,86.51000213623047,86.68000030517578,248900,0.0,0.0
2022-11-29 00:00:00-05:00,86.56999969482422,87.69999694824219,86.56999969482422,87.41000366210938,558600,0.0,0.0
2022-11-30 00:00:00-05:00,85.93000030517578,87.55000305175781,84.19999694824219,87.5199966430664,379700,0.0,0.0
2022-12-01 00:00:00-05:00,88.30000305175781,89.5,87.62000274658203,88.0,332400,0.0,0.0
2022-12-02 00:00:00-05:00,87.26000213623047,88.19000244140625,86.44000244140625,87.94999694824219,568800,0.0,0.0
2022-12-05 00:00:00-05:00,87.20999908447266,87.86000061035156,86.33000183105469,87.5199966430664,384800,0.0,0.0
2022-12-06 00:00:00-05:00,87.44999694824219,87.7699966430664,85.86000061035156,86.86000061035156,331300,0.0,0.0
2022-12-07 00:00:00-05:00,86.5999984741211,87.5,86.26000213623047,86.61000061035156,383400,0.0,0.0
2022-12-08 00:00:00-05:00,87.0,87.44999694824219,86.12999725341797,86.48999786376953,236500,0.0,0.0
2022-12-09 00:00:00-05:00,85.87000274658203,86.47000122070312,85.37000274658203,85.38999938964844,109100,0.0,0.0
2022-12-12 00:00:00-05:00,85.37000274658203,86.29000091552734,84.61000061035156,86.1500015258789,223300,0.0,0.0
2022-12-13 00:00:00-05:00,88.61000061035156,88.72000122070312,86.26000213623047,86.97000122070312,303000,0.0,0.0
2022-12-14 00:00:00-05:00,86.83000183105469,88.29000091552734,85.61000061035156,86.69000244140625,380300,0.0,0.0
2022-12-15 00:00:00-05:00,85.61000061035156,85.81999969482422,83.38999938964844,83.75,403800,0.0,0.0
2022-12-16 00:00:00-05:00,82.88999938964844,83.54000091552734,82.5,83.19999694824219,790900,0.0,0.0
2022-12-19 00:00:00-05:00,83.76000213623047,84.31999969482422,80.5999984741211,81.33999633789062,458200,0.0,0.0
2022-12-20 00:00:00-05:00,81.31999969482422,82.01000213623047,80.41000366210938,81.88999938964844,459100,0.0,0.0
2022-12-21 00:00:00-05:00,82.87000274658203,83.51000213623047,82.76000213623047,82.93000030517578,285100,0.0,0.0
2022-12-22 00:00:00-05:00,82.0199966430664,82.4800033569336,81.23999786376953,82.2300033569336,263300,0.0,0.0
2022-12-23 00:00:00-05:00,82.04000091552734,83.97000122070312,81.83000183105469,83.77999877929688,146400,0.0,0.0
2022-12-27 00:00:00-05:00,83.72000122070312,84.48999786376953,83.30000305175781,83.6500015258789,133300,0.0,0.0
2022-12-28 00:00:00-05:00,83.69000244140625,84.04000091552734,81.73999786376953,81.73999786376953,183700,0.0,0.0
2022-12-29 00:00:00-05:00,82.30999755859375,83.97000122070312,82.30999755859375,83.47000122070312,114200,0.0,0.0
2022-12-30 00:00:00-05:00,82.55999755859375,83.33000183105469,82.12999725341797,83.20999908447266,258500,0.0,0.0
2023-01-03 00:00:00-05:00,84.30000305175781,84.6500015258789,83.27999877929688,84.23999786376953,335800,0.0,0.0
2023-01-04 00:00:00-05:00,85.19000244140625,85.76000213623047,84.6500015258789,85.4800033569336,187100,0.0,0.0
2023-01-05 00:00:00-05:00,84.86000061035156,86.68000030517578,83.7699966430664,86.55000305175781,332300,0.0,0.0
2023-01-06 00:00:00-05:00,87.69000244140625,90.11000061035156,86.97000122070312,89.25,285700,0.0,0.0
2023-01-09 00:00:00-05:00,89.41999816894531,89.9000015258789,87.22000122070312,87.26000213623047,420600,0.0,0.0
2023-01-10 00:00:00-05:00,86.63999938964844,87.4800033569336,85.37000274658203,86.31999969482422,410100,0.0,0.0
2023-01-11 00:00:00-05:00,86.83000183105469,87.69000244140625,86.3499984741211,86.3499984741211,176000,0.0,0.0
2023-01-12 00:00:00-05:00,86.47000122070312,87.44000244140625,85.93000030517578,86.91000366210938,224700,0.0,0.0
2023-01-13 00:00:00-05:00,86.29000091552734,87.88999938964844,85.77999877929688,87.4800033569336,209300,0.0,0.0
2023-01-17 00:00:00-05:00,87.0,87.81999969482422,86.05999755859375,86.0999984741211,264700,0.0,0.0
2023-01-18 00:00:00-05:00,86.45999908447266,87.58000183105469,86.01000213623047,86.37999725341797,379400,0.0,0.0
2023-01-19 00:00:00-05:00,85.93000030517578,87.18000030517578,85.4800033569336,86.69999694824219,257600,0.0,0.0
2023-01-20 00:00:00-05:00,87.20999908447266,88.81999969482422,86.58999633789062,88.72000122070312,313600,0.0,0.0
2023-01-23 00:00:00-05:00,88.66999816894531,89.83999633789062,88.16999816894531,88.44000244140625,262700,0.0,0.0
2023-01-24 00:00:00-05:00,87.98999786376953,88.83000183105469,87.75,88.52999877929688,211800,0.0,0.0
2023-01-25 00:00:00-05:00,87.75,88.83999633789062,87.29000091552734,88.61000061035156,210700,0.0,0.0
2023-01-26 00:00:00-05:00,87.29000091552734,88.30000305175781,87.0,88.26000213623047,199100,0.0,0.0
2023-01-27 00:00:00-05:00,86.80000305175781,88.4000015258789,86.2300033569336,87.19999694824219,369600,0.0,0.0
2023-01-30 00:00:00-05:00,86.5199966430664,87.5,86.5199966430664,86.9000015258789,371900,0.0,0.0
2023-01-31 00:00:00-05:00,88.33999633789062,89.25,84.9800033569336,87.16000366210938,486200,0.0,0.0
2023-02-01 00:00:00-05:00,87.56999969482422,89.6500015258789,86.02999877929688,88.9800033569336,402100,0.0,0.0
2023-02-02 00:00:00-05:00,89.3499984741211,91.18000030517578,89.33999633789062,90.97000122070312,347600,0.0,0.0
2023-02-03 00:00:00-05:00,90.5999984741211,91.93000030517578,90.13999938964844,90.81999969482422,350400,0.0,0.0
2023-02-06 00:00:00-05:00,89.94999694824219,90.36000061035156,88.33999633789062,89.80000305175781,344700,0.0,0.0
2023-02-07 00:00:00-05:00,89.02999877929688,91.55000305175781,89.02999877929688,91.5,398700,0.0,0.0
2023-02-08 00:00:00-05:00,90.98999786376953,92.43000030517578,89.44000244140625,89.62999725341797,291400,0.0,0.0
2023-02-09 00:00:00-05:00,90.22000122070312,90.98999786376953,88.58999633789062,88.80000305175781,492000,0.0,0.0
2023-02-10 00:00:00-05:00,88.83999633789062,89.27999877929688,88.30999755859375,88.66000366210938,288400,0.0,0.0
2023-02-13 00:00:00-05:00,88.61000061035156,89.44000244140625,88.33000183105469,89.1500015258789,246700,0.0,0.0
2023-02-14 00:00:00-05:00,88.75,89.0999984741211,87.76000213623047,88.12999725341797,239800,0.0,0.0
2023-02-15 00:00:00-05:00,87.5,88.48999786376953,87.25,88.44999694824219,218500,0.0,0.0
2023-02-16 00:00:00-05:00,86.4800033569336,87.86000061035156,85.76000213623047,87.5,370100,0.0,0.0
2023-02-17 00:00:00-05:00,87.43000030517578,88.47000122070312,87.12000274658203,88.19999694824219,160000,0.0,0.0
2023-02-21 00:00:00-05:00,87.3499984741211,87.54000091552734,85.87000274658203,85.98999786376953,149600,0.0,0.0
2023-02-22 00:00:00-05:00,85.8499984741211,86.52999877929688,85.47000122070312,85.77999877929688,211700,0.0,0.0
2023-02-23 00:00:00-05:00,86.4800033569336,87.04000091552734,84.62999725341797,85.30999755859375,287800,0.0,0.0
2023-02-24 00:00:00-05:00,84.36000061035156,84.36000061035156,83.0,84.16000366210938,217500,0.0,0.0
2023-02-27 00:00:00-05:00,85.37999725341797,85.55000305175781,84.48999786376953,84.6500015258789,248000,0.0,0.0
2023-02-28 00:00:00-05:00,84.30000305175781,85.61000061035156,84.1500015258789,84.87999725341797,381500,0.0,0.0
2023-03-01 00:00:00-05:00,84.7699966430664,86.27999877929688,84.6500015258789,85.3499984741211,260000,0.0,0.0
2023-03-02 00:00:00-05:00,84.87999725341797,85.0999984741211,84.08999633789062,84.55000305175781,205900,0.0,0.0
2023-03-03 00:00:00-05:00,85.0,85.97000122070312,84.37999725341797,85.62999725341797,247100,0.0,0.0
2023-03-06 00:00:00-05:00,85.9000015258789,86.44999694824219,84.30000305175781,84.5999984741211,379100,0.0,0.0
2023-03-07 00:00:00-05:00,84.5999984741211,85.29000091552734,83.9800033569336,84.30000305175781,306100,0.0,0.0
2023-03-08 00:00:00-05:00,84.43000030517578,85.1500015258789,83.63999938964844,83.97000122070312,193500,0.0,0.0
2023-03-09 00:00:00-05:00,84.2300033569336,84.69000244140625,82.48999786376953,82.5199966430664,327700,0.0,0.0
2023-03-10 00:00:00-05:00,82.38999938964844,82.58000183105469,80.2699966430664,80.88999938964844,359100,0.0,0.0
2023-03-13 00:00:00-04:00,79.75,80.16000366210938,78.4000015258789,79.0,375100,0.0,0.0
2023-03-14 00:00:00-04:00,81.0199966430664,82.56999969482422,80.4000015258789,81.04000091552734,591800,0.0,0.0
2023-03-15 00:00:00-04:00,79.27999877929688,79.7300033569336,77.86000061035156,78.75,376700,0.0,0.0
2023-03-16 00:00:00-04:00,77.9000015258789,80.91999816894531,77.5999984741211,80.06999969482422,359300,0.0,0.0
2023-03-17 00:00:00-04:00,79.95999908447266,79.95999908447266,78.13999938964844,78.75,735900,0.0,0.0
2023-03-20 00:00:00-04:00,79.55000305175781,80.81999969482422,78.86000061035156,79.80999755859375,400200,0.0,0.0
2023-03-21 00:00:00-04:00,81.18000030517578,81.5199966430664,80.30000305175781,81.05000305175781,265700,0.0,0.0
2023-03-22 00:00:00-04:00,81.2300033569336,81.2300033569336,77.3499984741211,77.41000366210938,347700,0.0,0.0
2023-03-23 00:00:00-04:00,77.5199966430664,79.7300033569336,77.38999938964844,77.91999816894531,399300,0.0,0.0
2023-03-24 00:00:00-04:00,77.08000183105469,78.41999816894531,76.62000274658203,78.04000091552734,287700,0.0,0.0
2023-03-27 00:00:00-04:00,79.12000274658203,79.43000030517578,78.3499984741211,78.9000015258789,190000,0.0,0.0
2023-03-28 00:00:00-04:00,78.55999755859375,79.72000122070312,78.16000366210938,79.36000061035156,160800,0.0,0.0
2023-03-29 00:00:00-04:00,80.19999694824219,81.43000030517578,80.19999694824219,81.20999908447266,313700,0.0,0.0
2023-03-30 00:00:00-04:00,82.13999938964844,82.43000030517578,81.0,81.20999908447266,193200,0.0,0.0
2023-03-31 00:00:00-04:00,81.83000183105469,82.54000091552734,81.52999877929688,82.52999877929688,242500,0.0,0.0
2023-04-03 00:00:00-04:00,82.44000244140625,82.62999725341797,81.3499984741211,81.6500015258789,298000,0.0,0.0
2023-04-04 00:00:00-04:00,81.91999816894531,81.91999816894531,79.79000091552734,80.20999908447266,289900,0.0,0.0
2023-04-05 00:00:00-04:00,79.75,79.91000366210938,78.44000244140625,78.95999908447266,440400,0.0,0.0
2023-04-06 00:00:00-04:00,79.06999969482422,79.06999969482422,77.94999694824219,78.05000305175781,383100,0.0,0.0
2023-04-10 00:00:00-04:00,77.55000305175781,78.69000244140625,77.55000305175781,78.62000274658203,302400,0.0,0.0
2023-04-11 00:00:00-04:00,78.80999755859375,79.5,78.63999938964844,78.88999938964844,197000,0.0,0.0
2023-04-12 00:00:00-04:00,79.38999938964844,79.56999969482422,78.0999984741211,78.23999786376953,236500,0.0,0.0
2023-04-13 00:00:00-04:00,78.45999908447266,80.45999908447266,77.66000366210938,80.33999633789062,287100,0.0,0.0
2023-04-14 00:00:00-04:00,80.33999633789062,80.98999786376953,79.19999694824219,80.01000213623047,226100,0.0,0.0
2023-04-17 00:00:00-04:00,80.30000305175781,80.62000274658203,79.47000122070312,80.56999969482422,210100,0.0,0.0
2023-04-18 00:00:00-04:00,80.94999694824219,81.41000366210938,79.36000061035156,79.54000091552734,270700,0.0,0.0
2023-04-19 00:00:00-04:00,78.94999694824219,79.98999786376953,78.93000030517578,79.5,316100,0.0,0.0
2023-04-20 00:00:00-04:00,73.01000213623047,76.13999938964844,72.36000061035156,73.80999755859375,895400,0.0,0.0
2023-04-21 00:00:00-04:00,73.8499984741211,74.63999938964844,72.93000030517578,74.58999633789062,373600,0.0,0.0
2023-04-24 00:00:00-04:00,74.56999969482422,74.80000305175781,74.04000091552734,74.48999786376953,258100,0.0,0.0
2023-04-25 00:00:00-04:00,73.62000274658203,75.19999694824219,73.43000030517578,74.9000015258789,585400,0.0,0.0
2023-04-26 00:00:00-04:00,74.48999786376953,75.37999725341797,73.80000305175781,74.79000091552734,471800,0.0,0.0
2023-04-27 00:00:00-04:00,74.72000122070312,75.61000061035156,74.18000030517578,74.33000183105469,456100,0.0,0.0
2023-04-28 00:00:00-04:00,74.37000274658203,76.01000213623047,74.37000274658203,75.70999908447266,403300,0.0,0.0
2023-05-01 00:00:00-04:00,75.5,76.44000244140625,75.37000274658203,75.77999877929688,231100,0.0,0.0
2023-05-02 00:00:00-04:00,75.33999633789062,75.68000030517578,74.05000305175781,74.75,296800,0.0,0.0
2023-05-03 00:00:00-04:00,74.93000030517578,76.13999938964844,72.7699966430664,73.05000305175781,646500,0.0,0.0
2023-05-04 00:00:00-04:00,72.44999694824219,72.47000122070312,69.58999633789062,69.5999984741211,1160500,0.0,0.0
2023-05-05 00:00:00-04:00,70.58999633789062,70.91000366210938,70.06999969482422,70.37999725341797,787200,0.0,0.0
2023-05-08 00:00:00-04:00,71.01000213623047,71.62000274658203,70.0199966430664,70.63999938964844,687800,0.0,0.0
2023-05-09 00:00:00-04:00,70.23999786376953,70.58999633789062,69.47000122070312,70.37000274658203,649200,0.0,0.0
2023-05-10 00:00:00-04:00,71.41999816894531,72.0199966430664,70.55000305175781,71.5999984741211,527100,0.0,0.0
2023-05-11 00:00:00-04:00,70.62999725341797,71.52999877929688,70.20999908447266,70.93000030517578,277500,0.0,0.0
2023-05-12 00:00:00-04:00,71.19000244140625,71.5,70.73999786376953,71.0,227700,0.0,0.0
2023-05-15 00:00:00-04:00,71.25,71.87000274658203,70.87999725341797,71.38999938964844,289300,0.0,0.0
2023-05-16 00:00:00-04:00,71.30999755859375,71.36000061035156,70.37999725341797,70.61000061035156,236200,0.0,0.0
2023-05-17 00:00:00-04:00,71.0199966430664,73.0,70.55000305175781,72.7300033569336,332700,0.0,0.0
2023-05-18 00:00:00-04:00,72.29000091552734,74.01000213623047,72.16000366210938,73.81999969482422,361000,0.0,0.0
2023-05-19 00:00:00-04:00,74.51000213623047,74.51000213623047,72.68000030517578,72.93000030517578,263300,0.0,0.0
2023-05-22 00:00:00-04:00,73.0199966430664,74.38999938964844,72.51000213623047,74.05999755859375,224700,0.0,0.0
2023-05-23 00:00:00-04:00,73.9000015258789,75.05999755859375,73.5,74.69000244140625,316600,0.0,0.0
2023-05-24 00:00:00-04:00,74.54000091552734,74.54000091552734,73.0999984741211,73.77999877929688,247900,0.0,0.0
2023-05-25 00:00:00-04:00,73.26000213623047,73.47000122070312,71.77999877929688,71.97000122070312,300800,0.0,0.0
2023-05-26 00:00:00-04:00,72.2300033569336,73.55999755859375,72.18000030517578,72.3499984741211,391300,0.0,0.0
2023-05-30 00:00:00-04:00,72.55000305175781,72.62000274658203,71.3499984741211,72.0199966430664,462400,0.0,0.0
2023-05-31 00:00:00-04:00,69.62999725341797,70.75,68.86000061035156,70.16999816894531,369600,0.0,0.0
2023-06-01 00:00:00-04:00,70.0,72.36000061035156,70.0,72.06999969482422,349600,0.0,0.0
2023-06-02 00:00:00-04:00,72.97000122070312,75.20999908447266,72.9000015258789,74.9000015258789,312400,0.0,0.0
2023-06-05 00:00:00-04:00,74.16999816894531,74.33000183105469,72.63999938964844,73.25,170600,0.0,0.0
2023-06-06 00:00:00-04:00,73.29000091552734,75.79000091552734,73.29000091552734,75.43000030517578,241300,0.0,0.0
2023-06-07 00:00:00-04:00,75.68000030517578,77.26000213623047,75.45999908447266,77.18000030517578,339800,0.0,0.0
2023-06-08 00:00:00-04:00,76.8499984741211,77.31999969482422,75.87000274658203,76.62000274658203,198800,0.0,0.0
2023-06-09 00:00:00-04:00,76.56999969482422,76.8499984741211,75.66000366210938,76.47000122070312,269400,0.0,0.0
2023-06-12 00:00:00-04:00,76.44000244140625,77.19000244140625,76.25,76.58999633789062,259900,0.0,0.0
2023-06-13 00:00:00-04:00,76.98999786376953,77.54000091552734,76.5999984741211,77.1500015258789,240300,0.0,0.0
2023-06-14 00:00:00-04:00,76.3499984741211,77.7699966430664,74.5999984741211,75.26000213623047,532700,0.0,0.0
2023-06-15 00:00:00-04:00,75.01000213623047,76.41000366210938,74.88999938964844,76.33999633789062,326700,0.0,0.0
2023-06-16 00:00:00-04:00,76.80999755859375,76.88999938964844,75.81999969482422,76.55999755859375,496000,0.0,0.0
2023-06-20 00:00:00-04:00,77.37999725341797,77.37999725341797,75.58000183105469,76.91999816894531,365400,0.0,0.0
2023-06-21 00:00:00-04:00,76.69999694824219,78.43000030517578,76.4000015258789,77.70999908447266,489300,0.0,0.0
2023-06-22 00:00:00-04:00,77.5199966430664,78.63999938964844,77.05000305175781,78.2699966430664,400000,0.0,0.0
2023-06-23 00:00:00-04:00,77.61000061035156,78.4800033569336,76.3499984741211,76.58999633789062,732900,0.0,0.0
2023-06-26 00:00:00-04:00,76.44999694824219,78.31999969482422,76.44999694824219,78.2699966430664,259300,0.0,0.0
2023-06-27 00:00:00-04:00,78.3499984741211,79.83999633789062,77.83000183105469,79.41999816894531,501100,0.0,0.0
2023-06-28 00:00:00-04:00,79.05000305175781,79.54000091552734,78.38999938964844,79.20999908447266,325000,0.0,0.0
2023-06-29 00:00:00-04:00,79.27999877929688,80.73999786376953,78.81999969482422,79.83000183105469,199800,0.0,0.0
2023-06-30 00:00:00-04:00,80.31999969482422,80.63999938964844,79.37999725341797,79.4000015258789,433600,0.0,0.0
2023-07-03 00:00:00-04:00,79.08000183105469,80.58999633789062,79.08000183105469,79.7300033569336,219200,0.0,0.0
2023-07-05 00:00:00-04:00,79.70999908447266,80.19000244140625,78.38999938964844,79.41999816894531,449500,0.0,0.0
2023-07-06 00:00:00-04:00,78.44999694824219,78.87000274658203,77.62999725341797,78.27999877929688,374000,0.0,0.0
2023-07-07 00:00:00-04:00,78.62000274658203,80.33000183105469,78.62000274658203,79.36000061035156,452800,0.0,0.0
2023-07-10 00:00:00-04:00,79.05000305175781,80.61000061035156,79.05000305175781,79.62999725341797,304600,0.0,0.0
2023-07-11 00:00:00-04:00,80.12999725341797,81.51000213623047,79.58999633789062,81.44999694824219,365600,0.0,0.0
2023-07-12 00:00:00-04:00,82.68000030517578,83.33999633789062,82.41999816894531,82.88999938964844,365400,0.0,0.0
2023-07-13 00:00:00-04:00,83.2300033569336,83.91000366210938,81.88999938964844,83.68000030517578,331200,0.0,0.0
2023-07-14 00:00:00-04:00,83.33999633789062,84.2300033569336,82.6500015258789,84.05000305175781,334900,0.0,0.0
2023-07-17 00:00:00-04:00,83.7300033569336,85.62000274658203,83.7300033569336,85.27999877929688,288500,0.0,0.0
2023-07-18 00:00:00-04:00,85.3499984741211,87.47000122070312,85.30000305175781,87.2699966430664,320200,0.0,0.0
2023-07-19 00:00:00-04:00,87.37000274658203,88.91000366210938,87.19000244140625,88.8499984741211,553800,0.0,0.0
2023-07-20 00:00:00-04:00,85.69999694824219,86.02999877929688,81.29000091552734,82.3499984741211,1472400,0.0,0.0
2023-07-21 00:00:00-04:00,82.41999816894531,82.5199966430664,77.62999725341797,77.88999938964844,962000,0.0,0.0
2023-07-24 00:00:00-04:00,77.29000091552734,80.2699966430664,77.29000091552734,80.22000122070312,535300,0.0,0.0
2023-07-25 00:00:00-04:00,79.83999633789062,82.0,79.44999694824219,81.0199966430664,428700,0.0,0.0
2023-07-26 00:00:00-04:00,79.94000244140625,82.37999725341797,79.43000030517578,81.19000244140625,514200,0.0,0.0
2023-07-27 00:00:00-04:00,81.79000091552734,81.79000091552734,79.20999908447266,79.48999786376953,378600,0.0,0.0
2023-07-28 00:00:00-04:00,80.37000274658203,81.08999633789062,79.44999694824219,79.68000030517578,201900,0.0,0.0
2023-07-31 00:00:00-04:00,79.68000030517578,80.1500015258789,78.4800033569336,78.87999725341797,245000,0.0,0.0
2023-08-01 00:00:00-04:00,78.62000274658203,79.0999984741211,76.87999725341797,78.44000244140625,361900,0.0,0.0
2023-08-02 00:00:00-04:00,77.61000061035156,77.91000366210938,76.9000015258789,77.5199966430664,260900,0.0,0.0
2023-08-03 00:00:00-04:00,77.4000015258789,78.86000061035156,76.8499984741211,78.75,572900,0.0,0.0
2023-08-04 00:00:00-04:00,78.73999786376953,79.08999633789062,76.94000244140625,77.08999633789062,275900,0.0,0.0
2023-08-07 00:00:00-04:00,78.87999725341797,80.31999969482422,78.18000030517578,79.05999755859375,334800,0.0,0.0
2023-08-08 00:00:00-04:00,78.0,78.0,76.87999725341797,77.9000015258789,330900,0.0,0.0
2023-08-09 00:00:00-04:00,77.7300033569336,78.08000183105469,76.95999908447266,77.2699966430664,198300,0.0,0.0
2023-08-10 00:00:00-04:00,77.51000213623047,78.2699966430664,76.41999816894531,76.91000366210938,254600,0.0,0.0
2023-08-11 00:00:00-04:00,76.5999984741211,76.80000305175781,75.95999908447266,76.52999877929688,291100,0.0,0.0
2023-08-14 00:00:00-04:00,76.20999908447266,76.66999816894531,76.0,76.55000305175781,211300,0.0,0.0
2023-08-15 00:00:00-04:00,75.86000061035156,76.68000030517578,75.62000274658203,76.41999816894531,261100,0.0,0.0
2023-08-16 00:00:00-04:00,76.30000305175781,78.26000213623047,76.30000305175781,77.06999969482422,254600,0.0,0.0
2023-08-17 00:00:00-04:00,77.22000122070312,77.9800033569336,77.13999938964844,77.31999969482422,275800,0.0,0.0
2023-08-18 00:00:00-04:00,77.11000061035156,78.06999969482422,76.69999694824219,77.12999725341797,366500,0.0,0.0
2023-08-21 00:00:00-04:00,77.0,77.48999786376953,76.75,76.9000015258789,291900,0.0,0.0
2023-08-22 00:00:00-04:00,77.4000015258789,78.38999938964844,76.69000244140625,76.69000244140625,303600,0.0,0.0
2023-08-23 00:00:00-04:00,76.9800033569336,77.22000122070312,76.30000305175781,77.11000061035156,543100,0.0,0.0
2023-08-24 00:00:00-04:00,77.06999969482422,78.01000213623047,77.06999969482422,77.52999877929688,287100,0.0,0.0
2023-08-25 00:00:00-04:00,77.83999633789062,78.62000274658203,77.23999786376953,77.93000030517578,269900,0.0,0.0
2023-08-28 00:00:00-04:00,78.0,78.73999786376953,77.51000213623047,78.05000305175781,244700,0.0,0.0
2023-08-29 00:00:00-04:00,78.38999938964844,78.91000366210938,78.12000274658203,78.61000061035156,179200,0.0,0.0
2023-08-30 00:00:00-04:00,78.3499984741211,80.56999969482422,78.3499984741211,79.91999816894531,302200,0.0,0.0
2023-08-31 00:00:00-04:00,79.77999877929688,79.93000030517578,78.72000122070312,78.87000274658203,205600,0.0,0.0
2023-09-01 00:00:00-04:00,79.66000366210938,80.13999938964844,79.20999908447266,79.37999725341797,210800,0.0,0.0
2023-09-05 00:00:00-04:00,78.62000274658203,79.05000305175781,77.1500015258789,77.4000015258789,365400,0.0,0.0
2023-09-06 00:00:00-04:00,77.4000015258789,77.4000015258789,75.12000274658203,75.44999694824219,331100,0.0,0.0
2023-09-07 00:00:00-04:00,74.95999908447266,75.51000213623047,73.6500015258789,74.0999984741211,620400,0.0,0.0
2023-09-08 00:00:00-04:00,74.30000305175781,74.66000366210938,73.73999786376953,73.87000274658203,315100,0.0,0.0
2023-09-11 00:00:00-04:00,74.0,74.0,72.83000183105469,73.70999908447266,326800,0.0,0.0
2023-09-12 00:00:00-04:00,73.66000366210938,74.47000122070312,73.06999969482422,74.26000213623047,387600,0.0,0.0
2023-09-13 00:00:00-04:00,74.5199966430664,74.5199966430664,73.44999694824219,73.83999633789062,329200,0.0,0.0
2023-09-14 00:00:00-04:00,74.3499984741211,75.02999877929688,73.93000030517578,74.19999694824219,531500,0.0,0.0
2023-09-15 00:00:00-04:00,74.0999984741211,75.12999725341797,73.27999877929688,75.0199966430664,1548100,0.0,0.0
2023-09-18 00:00:00-04:00,75.0,75.13999938964844,74.26000213623047,74.4000015258789,370100,0.0,0.0
2023-09-19 00:00:00-04:00,74.43000030517578,74.83000183105469,74.2300033569336,74.5,371900,0.0,0.0
2023-09-20 00:00:00-04:00,74.6500015258789,75.91999816894531,74.19999694824219,74.30999755859375,401700,0.0,0.0
2023-09-21 00:00:00-04:00,74.0199966430664,74.37000274658203,73.54000091552734,74.19000244140625,244500,0.0,0.0
2023-09-22 00:00:00-04:00,74.2699966430664,74.76000213623047,73.33000183105469,73.36000061035156,255600,0.0,0.0
2023-09-25 00:00:00-04:00,73.1500015258789,73.83000183105469,73.1500015258789,73.58999633789062,292300,0.0,0.0
2023-09-26 00:00:00-04:00,73.25,73.6500015258789,71.63999938964844,71.81999969482422,255800,0.0,0.0
2023-09-27 00:00:00-04:00,72.33000183105469,72.88999938964844,72.0,72.87000274658203,352600,0.0,0.0
2023-09-28 00:00:00-04:00,73.02999877929688,73.58999633789062,72.80999755859375,73.08999633789062,264900,0.0,0.0
2023-09-29 00:00:00-04:00,73.61000061035156,73.95999908447266,72.9000015258789,73.31999969482422,279400,0.0,0.0
2023-10-02 00:00:00-04:00,73.13999938964844,73.2699966430664,71.7300033569336,72.36000061035156,247300,0.0,0.0
2023-10-03 00:00:00-04:00,72.5,72.73999786376953,71.97000122070312,72.63999938964844,333600,0.0,0.0
2023-10-04 00:00:00-04:00,72.56999969482422,73.05999755859375,71.87999725341797,72.93000030517578,253500,0.0,0.0
2023-10-05 00:00:00-04:00,72.58999633789062,73.23999786376953,72.47000122070312,73.0199966430664,216700,0.0,0.0
2023-10-06 00:00:00-04:00,72.54000091552734,73.69999694824219,72.0199966430664,73.06999969482422,211500,0.0,0.0
2023-10-09 00:00:00-04:00,72.66000366210938,73.95999908447266,72.36000061035156,73.63999938964844,177500,0.0,0.0
2023-10-10 00:00:00-04:00,73.47000122070312,74.30000305175781,73.22000122070312,73.63999938964844,254000,0.0,0.0
2023-10-11 00:00:00-04:00,73.91999816894531,74.69000244140625,73.45999908447266,73.51000213623047,366600,0.0,0.0
2023-10-12 00:00:00-04:00,73.37000274658203,73.37000274658203,71.83999633789062,72.33999633789062,223900,0.0,0.0
2023-10-13 00:00:00-04:00,72.41999816894531,72.9000015258789,71.18000030517578,71.5199966430664,301800,0.0,0.0
2023-10-16 00:00:00-04:00,72.0999984741211,72.66999816894531,71.69999694824219,72.41000366210938,249700,0.0,0.0
2023-10-17 00:00:00-04:00,72.08999633789062,73.70999908447266,72.08999633789062,73.29000091552734,361300,0.0,0.0
2023-10-18 00:00:00-04:00,72.48999786376953,72.48999786376953,71.06999969482422,71.20999908447266,348600,0.0,0.0
2023-10-19 00:00:00-04:00,69.0,69.80999755859375,67.3499984741211,69.5,870700,0.0,0.0
2023-10-20 00:00:00-04:00,69.44000244140625,70.80000305175781,69.22000122070312,70.04000091552734,656900,0.0,0.0
2023-10-23 00:00:00-04:00,69.61000061035156,71.19999694824219,69.08999633789062,69.48999786376953,626800,0.0,0.0
2023-10-24 00:00:00-04:00,69.66999816894531,70.02999877929688,68.38999938964844,69.0999984741211,386700,0.0,0.0
2023-10-25 00:00:00-04:00,68.05000305175781,68.98999786376953,68.05000305175781,68.43000030517578,375900,0.0,0.0
2023-10-26 00:00:00-04:00,68.69999694824219,70.12000274658203,68.69999694824219,69.54000091552734,560300,0.0,0.0
2023-10-27 00:00:00-04:00,69.63999938964844,70.18000030517578,69.04000091552734,69.27999877929688,323100,0.0,0.0
2023-10-30 00:00:00-04:00,69.94999694824219,70.43000030517578,69.22000122070312,69.52999877929688,208000,0.0,0.0
2023-10-31 00:00:00-04:00,69.75,70.4000015258789,69.31999969482422,69.97000122070312,228700,0.0,0.0
2023-11-01 00:00:00-04:00,69.75,70.12000274658203,68.87000274658203,69.5999984741211,209300,0.0,0.0
2023-11-02 00:00:00-04:00,70.23999786376953,72.44000244140625,70.23999786376953,72.41999816894531,242900,0.0,0.0
2023-11-03 00:00:00-04:00,73.43000030517578,74.0,73.0199966430664,73.23999786376953,181500,0.0,0.0
2023-11-06 00:00:00-05:00,73.25,73.56999969482422,72.69999694824219,73.55999755859375,173600,0.0,0.0
2023-11-07 00:00:00-05:00,73.04000091552734,73.43000030517578,72.55000305175781,72.56999969482422,286100,0.0,0.0
2023-11-08 00:00:00-05:00,72.52999877929688,73.19000244140625,72.18000030517578,72.44999694824219,317100,0.0,0.0
2023-11-09 00:00:00-05:00,72.97000122070312,73.5199966430664,72.48999786376953,73.0,209900,0.0,0.0
2023-11-10 00:00:00-05:00,73.05000305175781,73.83999633789062,72.5199966430664,73.83999633789062,196400,0.0,0.0
2023-11-13 00:00:00-05:00,73.86000061035156,74.16999816894531,71.72000122070312,71.73999786376953,283900,0.0,0.0
2023-11-14 00:00:00-05:00,73.29000091552734,74.91999816894531,73.29000091552734,74.13999938964844,277500,0.0,0.0
2023-11-15 00:00:00-05:00,74.30000305175781,75.80000305175781,74.04000091552734,75.25,210000,0.0,0.0
2023-11-16 00:00:00-05:00,75.19999694824219,75.48999786376953,73.94000244140625,74.79000091552734,183700,0.0,0.0
2023-11-17 00:00:00-05:00,75.56999969482422,75.62999725341797,74.62000274658203,75.31999969482422,224700,0.0,0.0
2023-11-20 00:00:00-05:00,75.13999938964844,76.3499984741211,74.77999877929688,76.30999755859375,166100,0.0,0.0
2023-11-21 00:00:00-05:00,75.9000015258789,76.06999969482422,75.02999877929688,75.31999969482422,204300,0.0,0.0
2023-11-22 00:00:00-05:00,75.91999816894531,76.51000213623047,74.83000183105469,76.08999633789062,173800,0.0,0.0
2023-11-24 00:00:00-05:00,76.20999908447266,76.4000015258789,75.79000091552734,76.2699966430664,120700,0.0,0.0
2023-11-27 00:00:00-05:00,75.79000091552734,76.0,75.55999755859375,75.81999969482422,172400,0.0,0.0
2023-11-28 00:00:00-05:00,75.86000061035156,75.86000061035156,74.41000366210938,74.79000091552734,225400,0.0,0.0
2023-11-29 00:00:00-05:00,75.48999786376953,76.05000305175781,74.87000274658203,75.0999984741211,333600,0.0,0.0
2023-11-30 00:00:00-05:00,74.0,74.63999938964844,73.47000122070312,74.20999908447266,445300,0.0,0.0
2023-12-01 00:00:00-05:00,73.98999786376953,75.91000366210938,73.98999786376953,75.87000274658203,273400,0.0,0.0
2023-12-04 00:00:00-05:00,75.5,77.41999816894531,75.33000183105469,77.26000213623047,277000,0.0,0.0
2023-12-05 00:00:00-05:00,76.8499984741211,77.12999725341797,75.4000015258789,75.77999877929688,184500,0.0,0.0
2023-12-06 00:00:00-05:00,76.29000091552734,76.61000061035156,75.30999755859375,75.5199966430664,188700,0.0,0.0
2023-12-07 00:00:00-05:00,75.55000305175781,76.48999786376953,75.26000213623047,76.05000305175781,266200,0.0,0.0
2023-12-08 00:00:00-05:00,76.2300033569336,76.61000061035156,75.79000091552734,76.19999694824219,175500,0.0,0.0
2023-12-11 00:00:00-05:00,76.05000305175781,77.08000183105469,76.05000305175781,76.4800033569336,231600,0.0,0.0
2023-12-12 00:00:00-05:00,76.5,76.5,75.58999633789062,75.66999816894531,203200,0.0,0.0
2023-12-13 00:00:00-05:00,75.36000061035156,76.27999877929688,73.88999938964844,76.08999633789062,495000,0.0,0.0
2023-12-14 00:00:00-05:00,77.16000366210938,80.01000213623047,77.02999877929688,79.62000274658203,430100,0.0,0.0
2023-12-15 00:00:00-05:00,79.75,79.98999786376953,78.83000183105469,79.2300033569336,589600,0.0,0.0
2023-12-18 00:00:00-05:00,79.83000183105469,79.91000366210938,78.66000366210938,78.9800033569336,172000,0.0,0.0
2023-12-19 00:00:00-05:00,79.44999694824219,79.63999938964844,78.70999908447266,79.58000183105469,238900,0.0,0.0
2023-12-20 00:00:00-05:00,79.37999725341797,80.12000274658203,77.94000244140625,78.04000091552734,209100,0.0,0.0
2023-12-21 00:00:00-05:00,78.44000244140625,78.8499984741211,77.95999908447266,78.77999877929688,193400,0.0,0.0
2023-12-22 00:00:00-05:00,79.2300033569336,79.91000366210938,79.2300033569336,79.2699966430664,167100,0.0,0.0
2023-12-26 00:00:00-05:00,79.5,79.58000183105469,78.79000091552734,79.38999938964844,146000,0.0,0.0
2023-12-27 00:00:00-05:00,79.6500015258789,80.19000244140625,79.37999725341797,79.69999694824219,213200,0.0,0.0
2023-12-28 00:00:00-05:00,79.5,80.25,79.5,79.73999786376953,166900,0.0,0.0
2023-12-29 00:00:00-05:00,79.69999694824219,80.0999984741211,79.22000122070312,79.47000122070312,305600,0.0,0.0
2024-01-02 00:00:00-05:00,79.23999786376953,80.02999877929688,78.70999908447266,79.12000274658203,193600,0.0,0.0
2024-01-03 00:00:00-05:00,78.55000305175781,78.55000305175781,77.18000030517578,77.27999877929688,198700,0.0,0.0
2024-01-04 00:00:00-05:00,76.88999938964844,77.87999725341797,76.7699966430664,77.68000030517578,279800,0.0,0.0
2024-01-05 00:00:00-05:00,76.19000244140625,77.22000122070312,75.44999694824219,76.66999816894531,567600,0.0,0.0
2024-01-08 00:00:00-05:00,76.36000061035156,77.97000122070312,76.36000061035156,77.8499984741211,239900,0.0,0.0
2024-01-09 00:00:00-05:00,76.73999786376953,76.81999969482422,75.77999877929688,76.23999786376953,400800,0.0,0.0
2024-01-10 00:00:00-05:00,75.69000244140625,76.69000244140625,75.37000274658203,76.4000015258789,291100,0.0,0.0
2024-01-11 00:00:00-05:00,76.33000183105469,76.7699966430664,75.44999694824219,76.33999633789062,259500,0.0,0.0
2024-01-12 00:00:00-05:00,77.19999694824219,77.4000015258789,76.38999938964844,76.91000366210938,210000,0.0,0.0
2024-01-16 00:00:00-05:00,76.31999969482422,76.5999984741211,75.80999755859375,76.54000091552734,194000,0.0,0.0
2024-01-17 00:00:00-05:00,75.91999816894531,76.54000091552734,75.30000305175781,75.87999725341797,278700,0.0,0.0
2024-01-18 00:00:00-05:00,76.2699966430664,76.55000305175781,75.76000213623047,76.08999633789062,333600,0.0,0.0
2024-01-19 00:00:00-05:00,76.27999877929688,76.56999969482422,75.45999908447266,76.05000305175781,292700,0.0,0.0
2024-01-22 00:00:00-05:00,76.1500015258789,76.62999725341797,75.48999786376953,76.1500015258789,771800,0.0,0.0
2024-01-23 00:00:00-05:00,76.83000183105469,77.23999786376953,75.91999816894531,76.0,543600,0.0,0.0
2024-01-24 00:00:00-05:00,76.62999725341797,76.62999725341797,75.52999877929688,75.9000015258789,550700,0.0,0.0
2024-01-25 00:00:00-05:00,76.05999755859375,76.68000030517578,75.31999969482422,75.48999786376953,644500,0.0,0.0
2024-01-26 00:00:00-05:00,76.04000091552734,76.91000366210938,75.75,76.9000015258789,358900,0.0,0.0
2024-01-29 00:00:00-05:00,76.66999816894531,76.7300033569336,75.80000305175781,76.5,440800,0.0,0.0
2024-01-30 00:00:00-05:00,70.83000183105469,77.94999694824219,70.83000183105469,77.05999755859375,532900,0.0,0.0
2024-01-31 00:00:00-05:00,76.52999877929688,76.94000244140625,72.5199966430664,74.13999938964844,856700,0.0,0.0
2024-02-01 00:00:00-05:00,74.47000122070312,74.47000122070312,72.22000122070312,74.13999938964844,511100,0.0,0.0
2024-02-02 00:00:00-05:00,73.55999755859375,74.38999938964844,73.36000061035156,74.0199966430664,320900,0.0,0.0
2024-02-05 00:00:00-05:00,73.45999908447266,73.45999908447266,72.38999938964844,73.05999755859375,280800,0.0,0.0
2024-02-06 00:00:00-05:00,73.11000061035156,73.86000061035156,73.0,73.7300033569336,238400,0.0,0.0
2024-02-07 00:00:00-05:00,73.79000091552734,73.9800033569336,72.33000183105469,72.38999938964844,329200,0.0,0.0
2024-02-08 00:00:00-05:00,72.38999938964844,72.98999786376953,71.75,72.93000030517578,242000,0.0,0.0
2024-02-09 00:00:00-05:00,72.95999908447266,73.0199966430664,71.88999938964844,72.93000030517578,215500,0.0,0.0
2024-02-12 00:00:00-05:00,73.13999938964844,74.30999755859375,72.95999908447266,73.98999786376953,217000,0.0,0.0
2024-02-13 00:00:00-05:00,72.5999984741211,72.5999984741211,70.19000244140625,70.55000305175781,282000,0.0,0.0
2024-02-14 00:00:00-05:00,71.01000213623047,71.12000274658203,69.94999694824219,70.51000213623047,656600,0.0,0.0
2024-02-15 00:00:00-05:00,70.70999908447266,72.38999938964844,70.70999908447266,72.11000061035156,249800,0.0,0.0
2024-02-16 00:00:00-05:00,71.87999725341797,72.0,70.33000183105469,70.3499984741211,350300,0.0,0.0
2024-02-20 00:00:00-05:00,69.79000091552734,71.69000244140625,69.79000091552734,71.4000015258789,354800,0.0,0.0
2024-02-21 00:00:00-05:00,71.08999633789062,71.72000122070312,70.77999877929688,71.70999908447266,349300,0.0,0.0
2024-02-22 00:00:00-05:00,71.83000183105469,72.08000183105469,71.05999755859375,71.73999786376953,357700,0.0,0.0
2024-02-23 00:00:00-05:00,71.73999786376953,72.66000366210938,71.29000091552734,72.3499984741211,408600,0.0,0.0
2024-02-26 00:00:00-05:00,72.11000061035156,72.55999755859375,71.97000122070312,72.3499984741211,365900,0.0,0.0
2024-02-27 00:00:00-05:00,72.5,73.0199966430664,72.05999755859375,72.75,515600,0.0,0.0
2024-02-28 00:00:00-05:00,72.33999633789062,73.6500015258789,72.33999633789062,72.83999633789062,489700,0.0,0.0
2024-02-29 00:00:00-05:00,73.37000274658203,73.63999938964844,71.68000030517578,72.16000366210938,811400,0.0,0.0
2024-03-01 00:00:00-05:00,72.47000122070312,73.55000305175781,72.18000030517578,73.30999755859375,468600,0.0,0.0
2024-03-04 00:00:00-05:00,73.4000015258789,74.29000091552734,73.22000122070312,73.7699966430664,378600,0.0,0.0
2024-03-05 00:00:00-05:00,73.45999908447266,74.23999786376953,72.36000061035156,72.48999786376953,298000,0.0,0.0
2024-03-06 00:00:00-05:00,73.02999877929688,73.62000274658203,72.38999938964844,73.58999633789062,359800,0.0,0.0
2024-03-07 00:00:00-05:00,73.9000015258789,75.05999755859375,73.77999877929688,75.04000091552734,271700,0.0,0.0
2024-03-08 00:00:00-05:00,75.5999984741211,75.94000244140625,75.0199966430664,75.02999877929688,216500,0.0,0.0
2024-03-11 00:00:00-04:00,75.01000213623047,75.3499984741211,73.83000183105469,74.0,351000,0.0,0.0
2024-03-12 00:00:00-04:00,73.76000213623047,75.02999877929688,73.61000061035156,74.27999877929688,286000,0.0,0.0
2024-03-13 00:00:00-04:00,74.27999877929688,75.20999908447266,74.22000122070312,74.41999816894531,293700,0.0,0.0
2024-03-14 00:00:00-04:00,74.0,74.45999908447266,72.05000305175781,72.31999969482422,392700,0.0,0.0
2024-03-15 00:00:00-04:00,71.95999908447266,73.51000213623047,71.95999908447266,72.80999755859375,971500,0.0,0.0
2024-03-18 00:00:00-04:00,72.83999633789062,73.66000366210938,72.58000183105469,73.62999725341797,515100,0.0,0.0
2024-03-19 00:00:00-04:00,73.36000061035156,74.18000030517578,72.80999755859375,72.83999633789062,429700,0.0,0.0
2024-03-20 00:00:00-04:00,72.62000274658203,74.70999908447266,72.54000091552734,74.68000030517578,398500,0.0,0.0
2024-03-21 00:00:00-04:00,75.0,75.44000244140625,74.9000015258789,75.12999725341797,238400,0.0,0.0
2024-03-22 00:00:00-04:00,75.4000015258789,75.4000015258789,73.95999908447266,74.02999877929688,200600,0.0,0.0
2024-03-25 00:00:00-04:00,74.02999877929688,74.55999755859375,73.75,74.26000213623047,167400,0.0,0.0
2024-03-26 00:00:00-04:00,74.44999694824219,75.02999877929688,73.93000030517578,74.83000183105469,378100,0.0,0.0
2024-03-27 00:00:00-04:00,75.33000183105469,76.4000015258789,75.0199966430664,76.37000274658203,275000,0.0,0.0
2024-03-28 00:00:00-04:00,76.56999969482422,77.87999725341797,76.3499984741211,77.63999938964844,497800,0.0,0.0
2024-04-01 00:00:00-04:00,77.66999816894531,77.66999816894531,75.48999786376953,75.51000213623047,330200,0.0,0.0
2024-04-02 00:00:00-04:00,74.87000274658203,75.38999938964844,74.11000061035156,74.18000030517578,376900,0.0,0.0
2024-04-03 00:00:00-04:00,72.80999755859375,74.0199966430664,72.26000213623047,73.94000244140625,533600,0.0,0.0
2024-04-04 00:00:00-04:00,74.58000183105469,75.45999908447266,73.54000091552734,73.62000274658203,255200,0.0,0.0
2024-04-05 00:00:00-04:00,73.41999816894531,74.43000030517578,73.19999694824219,74.2300033569336,307500,0.0,0.0
2024-04-08 00:00:00-04:00,74.66999816894531,75.68000030517578,74.66999816894531,75.38999938964844,302300,0.0,0.0
2024-04-09 00:00:00-04:00,75.87999725341797,76.83000183105469,75.87999725341797,76.11000061035156,443200,0.0,0.0
2024-04-10 00:00:00-04:00,74.73999786376953,74.73999786376953,72.51000213623047,72.86000061035156,302700,0.0,0.0
2024-04-11 00:00:00-04:00,73.16999816894531,73.45999908447266,72.22000122070312,72.38999938964844,290800,0.0,0.0
2024-04-12 00:00:00-04:00,71.63999938964844,72.11000061035156,71.06999969482422,71.12999725341797,349800,0.0,0.0
2024-04-15 00:00:00-04:00,71.5,71.94999694824219,70.38999938964844,70.55999755859375,326300,0.0,0.0
2024-04-16 00:00:00-04:00,69.97000122070312,70.25,69.26000213623047,69.97000122070312,421400,0.0,0.0
2024-04-17 00:00:00-04:00,70.48999786376953,71.43000030517578,69.94999694824219,70.06999969482422,659400,0.0,0.0
2024-04-18 00:00:00-04:00,75.91999816894531,75.91999816894531,72.97000122070312,74.02999877929688,1350800,0.0,0.0
2024-04-19 00:00:00-04:00,74.12000274658203,74.95999908447266,73.58999633789062,74.83999633789062,534300,0.0,0.0
2024-04-22 00:00:00-04:00,75.48999786376953,76.4000015258789,74.70999908447266,75.6500015258789,414700,0.0,0.0
2024-04-23 00:00:00-04:00,75.55999755859375,76.7699966430664,75.41000366210938,76.44000244140625,331200,0.0,0.0
2024-04-24 00:00:00-04:00,76.27999877929688,77.13999938964844,73.16999816894531,77.0999984741211,422900,0.0,0.0
2024-04-25 00:00:00-04:00,76.52999877929688,76.52999877929688,75.55000305175781,76.19000244140625,244100,0.0,0.0
2024-04-26 00:00:00-04:00,76.0199966430664,76.55000305175781,75.61000061035156,75.8499984741211,298100,0.0,0.0
2024-04-29 00:00:00-04:00,75.8499984741211,76.97000122070312,75.8499984741211,76.16000366210938,335200,0.0,0.0
2024-04-30 00:00:00-04:00,75.7300033569336,76.2300033569336,75.33000183105469,75.44999694824219,300000,0.0,0.0
2024-05-01 00:00:00-04:00,75.62999725341797,76.12999725341797,74.4800033569336,75.16999816894531,393500,0.0,0.0
2024-05-02 00:00:00-04:00,75.45999908447266,76.2699966430664,75.05000305175781,76.16999816894531,217600,0.0,0.0
2024-05-03 00:00:00-04:00,76.91000366210938,76.9800033569336,74.97000122070312,75.55999755859375,319400,0.0,0.0
2024-05-06 00:00:00-04:00,76.5,77.47000122070312,76.18000030517578,76.94999694824219,264400,0.0,0.0
2024-05-07 00:00:00-04:00,77.41000366210938,77.98999786376953,77.01000213623047,77.04000091552734,254700,0.0,0.0
2024-05-08 00:00:00-04:00,76.4800033569336,76.93000030517578,76.30000305175781,76.91999816894531,193400,0.0,0.0
2024-05-09 00:00:00-04:00,76.83999633789062,76.83999633789062,75.54000091552734,76.25,329800,0.0,0.0
2024-05-10 00:00:00-04:00,76.29000091552734,77.04000091552734,75.61000061035156,76.69999694824219,328200,0.0,0.0
2024-05-13 00:00:00-04:00,77.23999786376953,77.88999938964844,76.95999908447266,77.88999938964844,282200,0.0,0.0
2024-05-14 00:00:00-04:00,78.2699966430664,78.87000274658203,78.16999816894531,78.4000015258789,380900,0.0,0.0
2024-05-15 00:00:00-04:00,78.77999877929688,78.80000305175781,77.41999816894531,77.76000213623047,335400,0.0,0.0
2024-05-16 00:00:00-04:00,77.38999938964844,77.63999938964844,76.52999877929688,77.19000244140625,343400,0.0,0.0
2024-05-17 00:00:00-04:00,77.16000366210938,77.16000366210938,76.26000213623047,76.86000061035156,369400,0.0,0.0
2024-05-20 00:00:00-04:00,76.86000061035156,76.86000061035156,75.87000274658203,75.94999694824219,363200,0.0,0.0
2024-05-21 00:00:00-04:00,75.66999816894531,75.87999725341797,73.62000274658203,74.25,382900,0.0,0.0
2024-05-22 00:00:00-04:00,74.12000274658203,74.73999786376953,73.76000213623047,74.0999984741211,412300,0.0,0.0
2024-05-23 00:00:00-04:00,74.91000366210938,75.26000213623047,74.51000213623047,74.6500015258789,446300,0.0,0.0
2024-05-24 00:00:00-04:00,75.19000244140625,75.19000244140625,74.26000213623047,74.66000366210938,307900,0.0,0.0
2024-05-28 00:00:00-04:00,74.86000061035156,75.16999816894531,74.16000366210938,74.3499984741211,434500,0.0,0.0
2024-05-29 00:00:00-04:00,73.58999633789062,73.83000183105469,72.22000122070312,72.30000305175781,318300,0.0,0.0
2024-05-30 00:00:00-04:00,72.51000213623047,73.23999786376953,72.18000030517578,73.22000122070312,287300,0.0,0.0
2024-05-31 00:00:00-04:00,73.54000091552734,74.77999877929688,73.5199966430664,74.62000274658203,507800,0.0,0.0
2024-06-03 00:00:00-04:00,74.62000274658203,74.62000274658203,73.08000183105469,73.70999908447266,452900,0.0,0.0
2024-06-04 00:00:00-04:00,73.12000274658203,73.75,72.62000274658203,72.8499984741211,418900,0.0,0.0
2024-06-05 00:00:00-04:00,72.8499984741211,72.8499984741211,71.7699966430664,72.37999725341797,255200,0.0,0.0
2024-06-06 00:00:00-04:00,72.16000366210938,72.36000061035156,71.81999969482422,72.0,450500,0.0,0.0
2024-06-07 00:00:00-04:00,71.43000030517578,71.86000061035156,71.0,71.56999969482422,242800,0.0,0.0
2024-06-10 00:00:00-04:00,70.7699966430664,71.37999725341797,70.27999877929688,70.37000274658203,424700,0.0,0.0
2024-06-11 00:00:00-04:00,71.43000030517578,71.63999938964844,70.37000274658203,70.86000061035156,603800,0.0,0.0
2024-06-12 00:00:00-04:00,71.81999969482422,73.7300033569336,71.81999969482422,73.4800033569336,435700,0.0,0.0
2024-06-13 00:00:00-04:00,73.69000244140625,73.80000305175781,73.0,73.5,352900,0.0,0.0
2024-06-14 00:00:00-04:00,72.70999908447266,72.72000122070312,71.27999877929688,71.94000244140625,385100,0.0,0.0
2024-06-17 00:00:00-04:00,71.75,72.38999938964844,71.0,71.70999908447266,445600,0.0,0.0
2024-06-18 00:00:00-04:00,71.83999633789062,72.16999816894531,71.2699966430664,71.80000305175781,331600,0.0,0.0
2024-06-20 00:00:00-04:00,71.44000244140625,72.5999984741211,71.3499984741211,71.98999786376953,321800,0.0,0.0
2024-06-21 00:00:00-04:00,72.23999786376953,72.4000015258789,71.66000366210938,72.4000015258789,847800,0.0,0.0
2024-06-24 00:00:00-04:00,72.41999816894531,74.30000305175781,72.3499984741211,72.88999938964844,417100,0.0,0.0
2024-06-25 00:00:00-04:00,72.56999969482422,72.68000030517578,71.30000305175781,71.72000122070312,381400,0.0,0.0
2024-06-26 00:00:00-04:00,71.0,71.0,69.30999755859375,69.62999725341797,562900,0.0,0.0
2024-06-27 00:00:00-04:00,69.87000274658203,70.25,69.06999969482422,69.56999969482422,503300,0.0,0.0
2024-06-28 00:00:00-04:00,70.0,70.12000274658203,69.05000305175781,69.80000305175781,636200,0.0,0.0
2024-07-01 00:00:00-04:00,69.81999969482422,70.06999969482422,68.6500015258789,69.44000244140625,407600,0.0,0.0
2024-07-02 00:00:00-04:00,69.25,69.72000122070312,69.0,69.20999908447266,359900,0.0,0.0
2024-07-03 00:00:00-04:00,69.30999755859375,69.93000030517578,69.11000061035156,69.70999908447266,325400,0.0,0.0
2024-07-05 00:00:00-04:00,69.36000061035156,69.63999938964844,68.18000030517578,68.66999816894531,648400,0.0,0.0
2024-07-08 00:00:00-04:00,69.27999877929688,70.83000183105469,69.27999877929688,70.54000091552734,426100,0.0,0.0
2024-07-09 00:00:00-04:00,70.2300033569336,70.2300033569336,66.02999877929688,66.26000213623047,740800,0.0,0.0
2024-07-10 00:00:00-04:00,66.5,67.4000015258789,66.38999938964844,66.88999938964844,433100,0.0,0.0
2024-07-11 00:00:00-04:00,67.9800033569336,69.19000244140625,67.86000061035156,68.88999938964844,408700,0.0,0.0
2024-07-12 00:00:00-04:00,69.66000366210938,70.23999786376953,69.06999969482422,69.5999984741211,393900,0.0,0.0
2024-07-15 00:00:00-04:00,69.5999984741211,71.0999984741211,69.5999984741211,70.2300033569336,536700,0.0,0.0
2024-07-16 00:00:00-04:00,70.51000213623047,72.87000274658203,70.51000213623047,72.70999908447266,576100,0.0,0.0
2024-07-17 00:00:00-04:00,72.61000061035156,74.27999877929688,71.77999877929688,74.19000244140625,842100,0.0,0.0
2024-07-18 00:00:00-04:00,72.16000366210938,78.22000122070312,72.16000366210938,73.33999633789062,821300,0.0,0.0
2024-07-19 00:00:00-04:00,73.31999969482422,73.5,70.79000091552734,71.44000244140625,644300,0.0,0.0
2024-07-22 00:00:00-04:00,71.69999694824219,72.81999969482422,70.80999755859375,72.5199966430664,451300,0.0,0.0
2024-07-23 00:00:00-04:00,72.12000274658203,72.91000366210938,71.63999938964844,71.9000015258789,496600,0.0,0.0
2024-07-24 00:00:00-04:00,71.87999725341797,73.31999969482422,71.51000213623047,72.66999816894531,546000,0.0,0.0
2024-07-25 00:00:00-04:00,72.66000366210938,74.72000122070312,72.23999786376953,74.08999633789062,551200,0.0,0.0
2024-07-26 00:00:00-04:00,74.8499984741211,75.43000030517578,74.0,74.80999755859375,324700,0.0,0.0
2024-07-29 00:00:00-04:00,74.81999969482422,75.80999755859375,74.5999984741211,75.36000061035156,331200,0.0,0.0
2024-07-30 00:00:00-04:00,75.80999755859375,77.55999755859375,75.12999725341797,77.12999725341797,453100,0.0,0.0
2024-07-31 00:00:00-04:00,77.33000183105469,77.8499984741211,76.55999755859375,76.58000183105469,343200,0.0,0.0
2024-08-01 00:00:00-04:00,76.69000244140625,76.87999725341797,73.06999969482422,74.33999633789062,491800,0.0,0.0
2024-08-02 00:00:00-04:00,72.91000366210938,73.11000061035156,71.9800033569336,72.83000183105469,365200,0.0,0.0
2024-08-05 00:00:00-04:00,71.23999786376953,71.44999694824219,69.31999969482422,69.97000122070312,358200,0.0,0.0
2024-08-06 00:00:00-04:00,69.87000274658203,71.91999816894531,69.76000213623047,71.1500015258789,425900,0.0,0.0
2024-08-07 00:00:00-04:00,71.9000015258789,72.38999938964844,69.2300033569336,69.27999877929688,305400,0.0,0.0
2024-08-08 00:00:00-04:00,69.69999694824219,71.44999694824219,69.69999694824219,71.13999938964844,293700,0.0,0.0
2024-08-09 00:00:00-04:00,71.04000091552734,71.08000183105469,69.73999786376953,70.11000061035156,248100,0.0,0.0
2024-08-12 00:00:00-04:00,70.18000030517578,70.4800033569336,68.75,69.29000091552734,318700,0.0,0.0
2024-08-13 00:00:00-04:00,69.7699966430664,71.51000213623047,69.62999725341797,71.0199966430664,205800,0.0,0.0
2024-08-14 00:00:00-04:00,71.5,72.43000030517578,70.0,70.29000091552734,352300,0.0,0.0
2024-08-15 00:00:00-04:00,71.08999633789062,71.95999908447266,70.23999786376953,70.4800033569336,452800,0.0,0.0
2024-08-16 00:00:00-04:00,70.22000122070312,71.44000244140625,70.22000122070312,70.86000061035156,337300,0.0,0.0
2024-08-19 00:00:00-04:00,70.9800033569336,71.75,70.44999694824219,71.56999969482422,294500,0.0,0.0
2024-08-20 00:00:00-04:00,71.5,71.5,70.22000122070312,70.41000366210938,207400,0.0,0.0
2024-08-21 00:00:00-04:00,71.12999725341797,71.58000183105469,70.37000274658203,71.5199966430664,241900,0.0,0.0
2024-08-22 00:00:00-04:00,71.94000244140625,71.94000244140625,71.18000030517578,71.4000015258789,184600,0.0,0.0
2024-08-23 00:00:00-04:00,71.63999938964844,73.69000244140625,71.52999877929688,73.30999755859375,210100,0.0,0.0
2024-08-26 00:00:00-04:00,73.9800033569336,74.45999908447266,73.55000305175781,73.61000061035156,209400,0.0,0.0
2024-08-27 00:00:00-04:00,73.2300033569336,73.5999984741211,72.56999969482422,73.25,174500,0.0,0.0
2024-08-28 00:00:00-04:00,73.04000091552734,74.0,72.56999969482422,73.05000305175781,229600,0.0,0.0
2024-08-29 00:00:00-04:00,73.69999694824219,74.16999816894531,72.9800033569336,73.01000213623047,171800,0.0,0.0
2024-08-30 00:00:00-04:00,73.1500015258789,73.9800033569336,72.81999969482422,73.91999816894531,258400,0.0,0.0
2024-09-03 00:00:00-04:00,73.29000091552734,74.2300033569336,71.61000061035156,71.94000244140625,318400,0.0,0.0
2024-09-04 00:00:00-04:00,71.6500015258789,72.54000091552734,71.6500015258789,72.51000213623047,249100,0.0,0.0
2024-09-05 00:00:00-04:00,72.45999908447266,72.45999908447266,71.25,71.5999984741211,242600,0.0,0.0
2024-09-06 00:00:00-04:00,71.58000183105469,71.83000183105469,69.37999725341797,69.56999969482422,228100,0.0,0.0
2024-09-09 00:00:00-04:00,69.56999969482422,71.0199966430664,68.97000122070312,70.0,400400,0.0,0.0
2024-09-10 00:00:00-04:00,69.79000091552734,70.47000122070312,69.4000015258789,70.3499984741211,239900,0.0,0.0
2024-09-11 00:00:00-04:00,69.73999786376953,69.81999969482422,68.44999694824219,69.48999786376953,298500,0.0,0.0
2024-09-12 00:00:00-04:00,69.9000015258789,70.47000122070312,68.93000030517578,69.7300033569336,354300,0.0,0.0
2024-09-13 00:00:00-04:00,70.87999725341797,71.75,70.83999633789062,71.45999908447266,177800,0.0,0.0
2024-09-16 00:00:00-04:00,71.97000122070312,72.43000030517578,71.44000244140625,71.91000366210938,258300,0.0,0.0
2024-09-17 00:00:00-04:00,72.36000061035156,73.61000061035156,72.36000061035156,73.0999984741211,257600,0.0,0.0
2024-09-18 00:00:00-04:00,73.0999984741211,75.41000366210938,72.73999786376953,73.5,388800,0.0,0.0
2024-09-19 00:00:00-04:00,75.0199966430664,75.56999969482422,74.43000030517578,75.18000030517578,354100,0.0,0.0
2024-09-20 00:00:00-04:00,75.38999938964844,75.38999938964844,73.70999908447266,73.70999908447266,2068800,0.0,0.0
2024-09-23 00:00:00-04:00,74.37999725341797,75.02999877929688,73.66999816894531,73.81999969482422,671000,0.0,0.0
2024-09-24 00:00:00-04:00,74.18000030517578,74.5,73.79000091552734,73.87000274658203,569400,0.0,0.0
2024-09-25 00:00:00-04:00,73.91999816894531,73.91999816894531,71.91999816894531,72.06999969482422,344200,0.0,0.0
2024-09-26 00:00:00-04:00,72.72000122070312,73.7699966430664,72.72000122070312,73.13999938964844,432200,0.0,0.0
2024-09-27 00:00:00-04:00,73.87000274658203,74.56999969482422,73.19000244140625,73.27999877929688,319000,0.0,0.0
2024-09-30 00:00:00-04:00,73.0,73.95999908447266,73.0,73.5199966430664,374700,0.0,0.0
2024-10-01 00:00:00-04:00,73.33999633789062,73.33999633789062,71.83999633789062,72.62000274658203,359200,0.0,0.0
2024-10-02 00:00:00-04:00,72.27999877929688,72.58999633789062,71.08999633789062,71.4000015258789,527100,0.0,0.0
2024-10-03 00:00:00-04:00,70.88999938964844,71.16999816894531,70.11000061035156,70.41999816894531,440500,0.0,0.0
2024-10-04 00:00:00-04:00,71.3499984741211,71.66999816894531,70.44999694824219,71.41000366210938,415200,0.0,0.0
2024-10-07 00:00:00-04:00,71.02999877929688,71.08999633789062,70.55999755859375,70.80000305175781,363900,0.0,0.0
2024-10-08 00:00:00-04:00,70.95999908447266,71.52999877929688,70.63999938964844,71.31999969482422,496400,0.0,0.0
2024-10-09 00:00:00-04:00,70.93000030517578,71.54000091552734,70.54000091552734,70.72000122070312,432200,0.0,0.0
2024-10-10 00:00:00-04:00,70.22000122070312,70.9000015258789,69.70999908447266,70.12999725341797,508400,0.0,0.0
2024-10-11 00:00:00-04:00,70.33999633789062,71.75,70.33999633789062,71.55000305175781,421900,0.0,0.0
2024-10-14 00:00:00-04:00,71.4800033569336,72.31999969482422,71.12000274658203,72.2699966430664,395100,0.0,0.0
2024-10-15 00:00:00-04:00,72.4800033569336,73.5199966430664,71.9800033569336,72.0,383200,0.0,0.0
2024-10-16 00:00:00-04:00,72.54000091552734,75.16999816894531,72.54000091552734,74.30000305175781,941300,0.0,0.0
2024-10-17 00:00:00-04:00,70.58000183105469,70.58000183105469,65.80999755859375,67.05000305175781,2026400,0.0,0.0
2024-10-18 00:00:00-04:00,66.70999908447266,67.22000122070312,64.3499984741211,65.25,1252700,0.0,0.0
2024-10-21 00:00:00-04:00,64.94999694824219,64.94999694824219,62.119998931884766,62.59000015258789,1058900,0.0,0.0
2024-10-22 00:00:00-04:00,62.5,63.06999969482422,61.529998779296875,62.84000015258789,893900,0.0,0.0
2024-10-23 00:00:00-04:00,61.880001068115234,62.75,61.72999954223633,62.279998779296875,667200,0.0,0.0
2024-10-24 00:00:00-04:00,63.54999923706055,64.23999786376953,62.5099983215332,63.619998931884766,1110600,0.0,0.0
2024-10-25 00:00:00-04:00,63.560001373291016,64.12000274658203,62.790000915527344,62.90999984741211,782600,0.0,0.0
2024-10-28 00:00:00-04:00,63.540000915527344,64.23999786376953,63.279998779296875,63.869998931884766,833700,0.0,0.0
2024-10-29 00:00:00-04:00,63.52000045776367,63.849998474121094,62.970001220703125,63.20000076293945,656800,0.0,0.0
2024-10-30 00:00:00-04:00,62.93000030517578,64.26000213623047,62.93000030517578,63.65999984741211,719800,0.0,0.0
2024-10-31 00:00:00-04:00,63.52000045776367,63.90999984741211,62.84000015258789,62.849998474121094,668300,0.0,0.0
2024-11-01 00:00:00-04:00,63.130001068115234,63.7400016784668,62.790000915527344,63.29999923706055,633400,0.0,0.0
2024-11-04 00:00:00-05:00,63.369998931884766,63.91999816894531,63.11000061035156,63.56999969482422,584600,0.0,0.0
2024-11-05 00:00:00-05:00,63.29999923706055,63.66999816894531,62.90999984741211,63.40999984741211,482100,0.0,0.0
2024-11-06 00:00:00-05:00,66.08000183105469,66.08000183105469,63.91999816894531,65.80000305175781,710300,0.0,0.0
2024-11-07 00:00:00-05:00,65.66000366210938,66.5,64.95999908447266,65.2699966430664,496800,0.0,0.0
2024-11-08 00:00:00-05:00,65.11000061035156,65.19999694824219,63.93000030517578,64.37000274658203,570600,0.0,0.0
2024-11-11 00:00:00-05:00,64.7699966430664,65.44999694824219,64.16000366210938,64.48999786376953,494000,0.0,0.0
2024-11-12 00:00:00-05:00,64.0199966430664,64.43000030517578,63.33000183105469,63.40999984741211,536600,0.0,0.0
2024-11-13 00:00:00-05:00,63.66999816894531,64.0999984741211,63.459999084472656,63.790000915527344,394200,0.0,0.0
2024-11-14 00:00:00-05:00,63.720001220703125,63.77000045776367,62.81999969482422,63.150001525878906,334300,0.0,0.0
2024-11-15 00:00:00-05:00,63.5,63.5,61.349998474121094,61.70000076293945,654500,0.0,0.0
2024-11-18 00:00:00-05:00,61.709999084472656,62.40999984741211,61.52000045776367,62.22999954223633,453700,0.0,0.0
2024-11-19 00:00:00-05:00,61.41999816894531,61.56999969482422,60.150001525878906,60.38999938964844,530900,0.0,0.0
2024-11-20 00:00:00-05:00,60.119998931884766,60.400001525878906,59.349998474121094,60.38999938964844,524100,0.0,0.0
2024-11-21 00:00:00-05:00,60.47999954223633,60.880001068115234,60.2400016784668,60.79999923706055,378900,0.0,0.0
2024-11-22 00:00:00-05:00,61.099998474121094,62.790000915527344,61.099998474121094,62.47999954223633,536400,0.0,0.0
2024-11-25 00:00:00-05:00,63.470001220703125,65.16999816894531,63.29999923706055,64.7699966430664,651000,0.0,0.0
2024-11-26 00:00:00-05:00,64.44000244140625,64.61000061035156,63.689998626708984,64.13999938964844,545200,0.0,0.0
2024-11-27 00:00:00-05:00,64.72000122070312,65.0999984741211,64.13999938964844,64.55999755859375,403400,0.0,0.0
2024-11-29 00:00:00-05:00,64.4000015258789,64.81999969482422,63.869998931884766,64.37000274658203,299300,0.0,0.0
