Date,Open,High,Low,Close,Volume,Dividends,Stock Splits
1973-02-22 00:00:00-05:00,0.14556849002838135,0.14556849002838135,0.14556849002838135,0.14556849002838135,7200,0.0,0.0
1973-02-23 00:00:00-05:00,0.14556849002838135,0.14556849002838135,0.14556849002838135,0.14556849002838135,14400,0.0,0.0
1973-02-26 00:00:00-05:00,0.14556849002838135,0.14556849002838135,0.14556849002838135,0.14556849002838135,21600,0.0,0.0
1973-02-27 00:00:00-05:00,0.14426881074905396,0.14426881074905396,0.14426881074905396,0.14426881074905396,7200,0.0,0.0
1973-02-28 00:00:00-05:00,0.14556849002838135,0.14556849002838135,0.14556849002838135,0.14556849002838135,36000,0.0,0.0
1973-03-01 00:00:00-05:00,0.14556849002838135,0.14556849002838135,0.14556849002838135,0.14556849002838135,36000,0.0,0.0
1973-03-02 00:00:00-05:00,0.14556849002838135,0.14556849002838135,0.14556849002838135,0.14556849002838135,36000,0.0,0.0
1973-03-05 00:00:00-05:00,0.14556849002838135,0.14556849002838135,0.14556849002838135,0.14556849002838135,0,0.0,0.0
1973-03-06 00:00:00-05:00,0.14556849002838135,0.14556849002838135,0.14556849002838135,0.14556849002838135,0,0.0,0.0
1973-03-07 00:00:00-05:00,0.14556849002838135,0.14556849002838135,0.14556849002838135,0.14556849002838135,0,0.0,0.0
1973-03-08 00:00:00-05:00,0.14556849002838135,0.14556849002838135,0.14556849002838135,0.14556849002838135,7200,0.0,0.0
1973-03-09 00:00:00-05:00,0.14556849002838135,0.14556849002838135,0.14556849002838135,0.14556849002838135,7200,0.0,0.0
1973-03-12 00:00:00-05:00,0.14556849002838135,0.14556849002838135,0.14556849002838135,0.14556849002838135,7200,0.0,0.0
1973-03-13 00:00:00-05:00,0.14556849002838135,0.14556849002838135,0.14556849002838135,0.14556849002838135,0,0.0,0.0
1973-03-14 00:00:00-05:00,0.14556849002838135,0.14556849002838135,0.14556849002838135,0.14556849002838135,0,0.0,0.0
1973-03-15 00:00:00-05:00,0.14556849002838135,0.14556849002838135,0.14556849002838135,0.14556849002838135,14400,0.0,0.0
1973-03-16 00:00:00-05:00,0.14556849002838135,0.14556849002838135,0.14556849002838135,0.14556849002838135,230400,0.0,0.0
1973-03-19 00:00:00-05:00,0.14426881074905396,0.14426881074905396,0.14426881074905396,0.14426881074905396,129600,0.0,0.0
1973-03-20 00:00:00-05:00,0.14556849002838135,0.14556849002838135,0.14556849002838135,0.14556849002838135,14400,0.0,0.0
1973-03-21 00:00:00-05:00,0.14426881074905396,0.14426881074905396,0.14426881074905396,0.14426881074905396,7200,0.0,0.0
1973-03-22 00:00:00-05:00,0.14426881074905396,0.14426881074905396,0.14426881074905396,0.14426881074905396,28800,0.0,0.0
1973-03-23 00:00:00-05:00,0.13517072796821594,0.13517072796821594,0.13517072796821594,0.13517072796821594,57600,0.0,0.0
1973-03-26 00:00:00-05:00,0.13517072796821594,0.13517072796821594,0.13517072796821594,0.13517072796821594,7200,0.0,0.0
1973-03-27 00:00:00-05:00,0.13517072796821594,0.13517072796821594,0.13517072796821594,0.13517072796821594,0,0.0,0.0
1973-03-28 00:00:00-05:00,0.1338711827993393,0.1338711827993393,0.1338711827993393,0.1338711827993393,36000,0.0,0.0
1973-03-29 00:00:00-05:00,0.1338711827993393,0.1338711827993393,0.1338711827993393,0.1338711827993393,0,0.0,0.0
1973-03-30 00:00:00-05:00,0.1338711827993393,0.1338711827993393,0.1338711827993393,0.1338711827993393,0,0.0,0.0
1973-04-02 00:00:00-05:00,0.13777020573616028,0.13777020573616028,0.13777020573616028,0.13777020573616028,43200,0.0,0.0
1973-04-03 00:00:00-05:00,0.13777020573616028,0.13777020573616028,0.13777020573616028,0.13777020573616028,0,0.0,0.0
1973-04-04 00:00:00-05:00,0.13777020573616028,0.13777020573616028,0.13777020573616028,0.13777020573616028,0,0.0,0.0
1973-04-05 00:00:00-05:00,0.13777020573616028,0.13777020573616028,0.13777020573616028,0.13777020573616028,0,0.0,0.0
1973-04-06 00:00:00-05:00,0.13777020573616028,0.13777020573616028,0.13777020573616028,0.13777020573616028,7200,0.0,0.0
1973-04-09 00:00:00-05:00,0.13777020573616028,0.13777020573616028,0.13777020573616028,0.13777020573616028,0,0.0,0.0
1973-04-10 00:00:00-05:00,0.13777020573616028,0.13777020573616028,0.13777020573616028,0.13777020573616028,0,0.0,0.0
1973-04-11 00:00:00-05:00,0.13777020573616028,0.13777020573616028,0.13777020573616028,0.13777020573616028,7200,0.0,0.0
1973-04-12 00:00:00-05:00,0.13777020573616028,0.13777020573616028,0.13777020573616028,0.13777020573616028,0,0.0,0.0
1973-04-13 00:00:00-05:00,0.14816808700561523,0.14816808700561523,0.14816808700561523,0.14816808700561523,86400,0.0,0.0
1973-04-16 00:00:00-05:00,0.14816808700561523,0.14816808700561523,0.14816808700561523,0.14816808700561523,14400,0.0,0.0
1973-04-17 00:00:00-05:00,0.14686821401119232,0.14686821401119232,0.14686821401119232,0.14686821401119232,43200,0.0,0.0
1973-04-18 00:00:00-05:00,0.15726615488529205,0.15726615488529205,0.15726615488529205,0.15726615488529205,136800,0.0,0.0
1973-04-19 00:00:00-05:00,0.1533668041229248,0.1533668041229248,0.1533668041229248,0.1533668041229248,352800,0.0,0.0
1973-04-23 00:00:00-05:00,0.15466658771038055,0.15466658771038055,0.15466658771038055,0.15466658771038055,50400,0.0,0.0
1973-04-24 00:00:00-05:00,0.1533668041229248,0.1533668041229248,0.1533668041229248,0.1533668041229248,43200,0.0,0.0
1973-04-25 00:00:00-05:00,0.15206710994243622,0.15206710994243622,0.15206710994243622,0.15206710994243622,79200,0.0,0.0
1973-04-26 00:00:00-05:00,0.14816808700561523,0.14816808700561523,0.14816808700561523,0.14816808700561523,36000,0.0,0.0
1973-04-27 00:00:00-05:00,0.14816808700561523,0.14816808700561523,0.14816808700561523,0.14816808700561523,0,0.0,0.0
1973-04-30 00:00:00-04:00,0.12867212295532227,0.12867212295532227,0.12867212295532227,0.12867212295532227,201600,0.0,0.0
1973-05-01 00:00:00-04:00,0.1247730478644371,0.1247730478644371,0.1247730478644371,0.1247730478644371,28800,0.0,0.0
1973-05-02 00:00:00-04:00,0.1325307935476303,0.1325307935476303,0.1325307935476303,0.1325307935476303,72000,0.0,0.0
1973-05-03 00:00:00-04:00,0.0,0.13907008223956338,0.13127170503139496,0.13127170503139496,7200,0.0,0.0
1973-05-04 00:00:00-04:00,0.0,0.13253062319798586,0.1247730478644371,0.1247730478644371,100800,0.0,0.0
1973-05-07 00:00:00-04:00,0.0,0.1338710885373682,0.1260727047920227,0.1260727047920227,7200,0.0,0.0
1973-05-08 00:00:00-04:00,0.0,0.1312716572529656,0.12347327172756194,0.12347327172756195,28800,0.0,0.0
1973-05-09 00:00:00-04:00,0.12347327172756194,0.12347327172756194,0.12347327172756194,0.12347327172756195,0,0.0,0.0
1973-05-10 00:00:00-04:00,0.0,0.12997180540956035,0.12217362225055696,0.12217362225055695,7200,0.0,0.0
1973-05-11 00:00:00-04:00,0.12217362225055696,0.12217362225055696,0.12217362225055696,0.12217362225055695,0,0.0,0.0
1973-05-14 00:00:00-04:00,0.0,0.12737257176914743,0.11957419663667679,0.11957419663667679,43200,0.0,0.0
1973-05-15 00:00:00-04:00,0.0,0.12217365243961806,0.11441588401794434,0.11441588401794434,72000,0.0,0.0
1973-05-16 00:00:00-04:00,0.11441588401794434,0.11441588401794434,0.11441588401794434,0.11441588401794434,0,0.0,0.0
1973-05-17 00:00:00-04:00,0.0,0.11957414634069247,0.11177576333284378,0.11177576333284378,28800,0.0,0.0
1973-05-18 00:00:00-04:00,0.0,0.10917637806221411,0.1013781800866127,0.1013781800866127,93600,0.0,0.0
1973-05-21 00:00:00-04:00,0.0,0.1052772079729205,0.09747883677482605,0.09747883677482605,136800,0.0,0.0
1973-05-22 00:00:00-04:00,0.0,0.10657687097827817,0.09877868741750717,0.09877868741750717,93600,0.0,0.0
1973-05-23 00:00:00-04:00,0.0,0.10787675530716251,0.10007836669683456,0.10007836669683456,7200,0.0,0.0
1973-05-24 00:00:00-04:00,0.0,0.1130756218697747,0.10527724772691727,0.10527724772691727,36000,0.0,0.0
1973-05-25 00:00:00-04:00,0.0,0.11567509280530337,0.107876718044281,0.107876718044281,43200,0.0,0.0
1973-05-29 00:00:00-04:00,0.107876718044281,0.107876718044281,0.107876718044281,0.107876718044281,0,0.0,0.0
1973-05-30 00:00:00-04:00,0.107876718044281,0.107876718044281,0.107876718044281,0.107876718044281,0,0.0,0.0
1973-05-31 00:00:00-04:00,0.0,0.1117757256761745,0.10397754609584808,0.10397754609584808,7200,0.0,0.0
1973-06-01 00:00:00-04:00,0.0,0.1117757256761745,0.10397754609584808,0.10397754609584808,28800,0.0,0.0
1973-06-04 00:00:00-04:00,0.0,0.10917637806221411,0.1013781800866127,0.1013781800866127,14400,0.0,0.0
1973-06-05 00:00:00-04:00,0.1013781800866127,0.1013781800866127,0.1013781800866127,0.1013781800866127,0,0.0,0.0
1973-06-06 00:00:00-04:00,0.1013781800866127,0.1013781800866127,0.1013781800866127,0.1013781800866127,0,0.0,0.0
1973-06-07 00:00:00-04:00,0.0,0.1117757256761745,0.10397754609584808,0.10397754609584808,28800,0.0,0.0
1973-06-08 00:00:00-04:00,0.0,0.1117757256761745,0.10397754609584808,0.10397754609584808,7200,0.0,0.0
1973-06-11 00:00:00-04:00,0.10397754609584808,0.10397754609584808,0.10397754609584808,0.10397754609584808,0,0.0,0.0
1973-06-12 00:00:00-04:00,0.0,0.11441592978815633,0.10657693445682526,0.10657693445682526,28800,0.0,0.0
1973-06-13 00:00:00-04:00,0.0,0.1169747831471147,0.109176404774189,0.109176404774189,28800,0.0,0.0
1973-06-14 00:00:00-04:00,0.0,0.1169747831471147,0.109176404774189,0.109176404774189,28800,0.0,0.0
1973-06-15 00:00:00-04:00,0.109176404774189,0.109176404774189,0.109176404774189,0.109176404774189,0,0.0,0.0
1973-06-18 00:00:00-04:00,0.109176404774189,0.109176404774189,0.109176404774189,0.109176404774189,0,0.0,0.0
1973-06-19 00:00:00-04:00,0.109176404774189,0.109176404774189,0.109176404774189,0.109176404774189,0,0.0,0.0
1973-06-20 00:00:00-04:00,0.0,0.1169747831471147,0.109176404774189,0.109176404774189,7200,0.0,0.0
1973-06-21 00:00:00-04:00,0.0,0.1169747831471147,0.109176404774189,0.109176404774189,28800,0.0,0.0
1973-06-22 00:00:00-04:00,0.109176404774189,0.109176404774189,0.109176404774189,0.109176404774189,0,0.0,0.0
1973-06-25 00:00:00-04:00,0.0,0.11831498355555566,0.11047618091106415,0.11047618091106415,28800,0.0,0.0
1973-06-26 00:00:00-04:00,0.0,0.1234732608823412,0.11567507684230804,0.11567507684230804,79200,0.0,0.0
1973-06-27 00:00:00-04:00,0.0,0.1234732608823412,0.11567507684230804,0.11567507684230804,43200,0.0,0.0
1973-06-28 00:00:00-04:00,0.11567507684230804,0.11567507684230804,0.11567507684230804,0.11567507684230804,0,0.0,0.0
1973-06-29 00:00:00-04:00,0.0,0.1234732608823412,0.11567507684230804,0.11567507684230804,7200,0.0,0.0
1973-07-02 00:00:00-04:00,0.0,0.1234732608823412,0.11567507684230804,0.11567507684230804,14400,0.0,0.0
1973-07-03 00:00:00-04:00,0.0,0.1234732608823412,0.11567507684230804,0.11567507684230804,14400,0.0,0.0
1973-07-05 00:00:00-04:00,0.0,0.1234732608823412,0.11567507684230804,0.11567507684230804,14400,0.0,0.0
1973-07-06 00:00:00-04:00,0.11567507684230804,0.11567507684230804,0.11567507684230804,0.11567507684230804,0,0.0,0.0
1973-07-09 00:00:00-04:00,0.11567507684230804,0.11567507684230804,0.11567507684230804,0.11567507684230804,0,0.0,0.0
1973-07-10 00:00:00-04:00,0.0,0.1234732608823412,0.11567507684230804,0.11567507684230804,36000,0.0,0.0
1973-07-11 00:00:00-04:00,0.0,0.12737257176914743,0.11957419663667679,0.11957419663667679,28800,0.0,0.0
1973-07-12 00:00:00-04:00,0.0,0.12867218244475453,0.12087380886077881,0.12087380886077881,7200,0.0,0.0
1973-07-13 00:00:00-04:00,0.12087380886077881,0.12087380886077881,0.12087380886077881,0.12087380886077881,0,0.0,0.0
1973-07-16 00:00:00-04:00,0.12087380886077881,0.12087380886077881,0.12087380886077881,0.12087380886077881,0,0.0,0.0
1973-07-17 00:00:00-04:00,0.12087380886077881,0.12087380886077881,0.12087380886077881,0.12087380886077881,0,0.0,0.0
1973-07-18 00:00:00-04:00,0.12087380886077881,0.12087380886077881,0.12087380886077881,0.12087380886077881,0,0.0,0.0
1973-07-19 00:00:00-04:00,0.0,0.12867218244475453,0.12087380886077881,0.12087380886077881,21600,0.0,0.0
1973-07-20 00:00:00-04:00,0.12087380886077881,0.12087380886077881,0.12087380886077881,0.12087380886077881,0,0.0,0.0
1973-07-23 00:00:00-04:00,0.0,0.12737257176914743,0.11957419663667679,0.11957419663667679,21600,0.0,0.0
1973-07-24 00:00:00-04:00,0.0,0.12477306116724093,0.11697468906641006,0.11697468906641006,7200,0.0,0.0
1973-07-25 00:00:00-04:00,0.0,0.1234732608823412,0.11567507684230804,0.11567507684230804,50400,0.0,0.0
1973-07-26 00:00:00-04:00,0.11567507684230804,0.11567507684230804,0.11567507684230804,0.11567507684230804,0,0.0,0.0
1973-07-27 00:00:00-04:00,0.11567507684230804,0.11567507684230804,0.11567507684230804,0.11567507684230804,0,0.0,0.0
1973-07-30 00:00:00-04:00,0.0,0.11957414634069247,0.11177576333284378,0.11177576333284378,14400,0.0,0.0
1973-07-31 00:00:00-04:00,0.0,0.11047618610788208,0.10267779976129532,0.10267779976129532,93600,0.0,0.0
1973-08-01 00:00:00-04:00,0.0,0.10787675530716251,0.10007836669683456,0.10007836669683456,28800,0.0,0.0
1973-08-02 00:00:00-04:00,0.0,0.10917637806221411,0.1013781800866127,0.1013781800866127,28800,0.0,0.0
1973-08-03 00:00:00-04:00,0.1013781800866127,0.1013781800866127,0.1013781800866127,0.1013781800866127,0,0.0,0.0
1973-08-06 00:00:00-04:00,0.1013781800866127,0.1013781800866127,0.1013781800866127,0.1013781800866127,0,0.0,0.0
1973-08-07 00:00:00-04:00,0.0,0.10787675530716251,0.10007836669683456,0.10007836669683456,7200,0.0,0.0
1973-08-08 00:00:00-04:00,0.0,0.10787675530716251,0.10007836669683456,0.10007836669683456,7200,0.0,0.0
1973-08-09 00:00:00-04:00,0.10007836669683456,0.10007836669683456,0.10007836669683456,0.10007836669683456,0,0.0,0.0
1973-08-10 00:00:00-04:00,0.0,0.10787675530716251,0.10007836669683456,0.10007836669683456,7200,0.0,0.0
1973-08-13 00:00:00-04:00,0.0,0.10787675530716251,0.10007836669683456,0.10007836669683456,21600,0.0,0.0
1973-08-14 00:00:00-04:00,0.10007836669683456,0.10007836669683456,0.10007836669683456,0.10007836669683456,0,0.0,0.0
1973-08-15 00:00:00-04:00,0.0,0.10787675530716251,0.10007836669683456,0.10007836669683456,21600,0.0,0.0
1973-08-16 00:00:00-04:00,0.0,0.10787675530716251,0.10007836669683456,0.10007836669683456,14400,0.0,0.0
1973-08-17 00:00:00-04:00,0.10007836669683456,0.10007836669683456,0.10007836669683456,0.10007836669683456,0,0.0,0.0
1973-08-20 00:00:00-04:00,0.10007836669683456,0.10007836669683456,0.10007836669683456,0.10007836669683456,0,0.0,0.0
1973-08-21 00:00:00-04:00,0.10007836669683456,0.10007836669683456,0.10007836669683456,0.10007836669683456,0,0.0,0.0
1973-08-22 00:00:00-04:00,0.10007836669683456,0.10007836669683456,0.10007836669683456,0.10007836669683456,0,0.0,0.0
1973-08-23 00:00:00-04:00,0.10007836669683456,0.10007836669683456,0.10007836669683456,0.10007836669683456,0,0.0,0.0
1973-08-24 00:00:00-04:00,0.10007836669683456,0.10007836669683456,0.10007836669683456,0.10007836669683456,0,0.0,0.0
1973-08-27 00:00:00-04:00,0.10007836669683456,0.10007836669683456,0.10007836669683456,0.10007836669683456,0,0.0,0.0
1973-08-28 00:00:00-04:00,0.10007836669683456,0.10007836669683456,0.10007836669683456,0.10007836669683456,0,0.0,0.0
1973-08-29 00:00:00-04:00,0.10007836669683456,0.10007836669683456,0.10007836669683456,0.10007836669683456,0,0.0,0.0
1973-08-30 00:00:00-04:00,0.10007836669683456,0.10007836669683456,0.10007836669683456,0.10007836669683456,0,0.0,0.0
1973-08-31 00:00:00-04:00,0.10007836669683456,0.10007836669683456,0.10007836669683456,0.10007836669683456,0,0.0,0.0
1973-09-04 00:00:00-04:00,0.10007836669683456,0.10007836669683456,0.10007836669683456,0.10007836669683456,0,0.0,0.0
1973-09-05 00:00:00-04:00,0.10007836669683456,0.10007836669683456,0.10007836669683456,0.10007836669683456,0,0.0,0.0
1973-09-06 00:00:00-04:00,0.0,0.10657687097827817,0.09877868741750717,0.09877868741750717,7200,0.0,0.0
1973-09-07 00:00:00-04:00,0.09877868741750717,0.09877868741750717,0.09877868741750717,0.09877868741750717,0,0.0,0.0
1973-09-10 00:00:00-04:00,0.09877868741750717,0.09877868741750717,0.09877868741750717,0.09877868741750717,0,0.0,0.0
1973-09-11 00:00:00-04:00,0.09877868741750717,0.09877868741750717,0.09877868741750717,0.09877868741750717,0,0.0,0.0
1973-09-12 00:00:00-04:00,0.0,0.10787675530716251,0.10007836669683456,0.10007836669683456,7200,0.0,0.0
1973-09-13 00:00:00-04:00,0.0,0.10787675530716251,0.10007836669683456,0.10007836669683456,21600,0.0,0.0
1973-09-14 00:00:00-04:00,0.0,0.10787675530716251,0.10007836669683456,0.10007836669683456,28800,0.0,0.0
1973-09-17 00:00:00-04:00,0.0,0.10787675530716251,0.10007836669683456,0.10007836669683456,28800,0.0,0.0
1973-09-18 00:00:00-04:00,0.10007836669683456,0.10007836669683456,0.10007836669683456,0.10007836669683456,0,0.0,0.0
1973-09-19 00:00:00-04:00,0.10007836669683456,0.10007836669683456,0.10007836669683456,0.10007836669683456,0,0.0,0.0
1973-09-20 00:00:00-04:00,0.0,0.1169747831471147,0.109176404774189,0.109176404774189,50400,0.0,0.0
1973-09-21 00:00:00-04:00,0.0,0.11957414634069247,0.11177576333284378,0.11177576333284378,230400,0.0,0.0
1973-09-24 00:00:00-04:00,0.0,0.11957414634069247,0.11177576333284378,0.11177576333284378,7200,0.0,0.0
1973-09-25 00:00:00-04:00,0.0,0.11957414634069247,0.11177576333284378,0.11177576333284378,14400,0.0,0.0
1973-09-26 00:00:00-04:00,0.0,0.11957414634069247,0.11177576333284378,0.11177576333284378,36000,0.0,0.0
1973-09-27 00:00:00-04:00,0.0,0.11957414634069247,0.11177576333284378,0.11177576333284378,7200,0.0,0.0
1973-09-28 00:00:00-04:00,0.11177576333284378,0.11177576333284378,0.11177576333284378,0.11177576333284378,0,0.0,0.0
1973-10-01 00:00:00-04:00,0.11177576333284378,0.11177576333284378,0.11177576333284378,0.11177576333284378,0,0.0,0.0
1973-10-02 00:00:00-04:00,0.11177576333284378,0.11177576333284378,0.11177576333284378,0.11177576333284378,0,0.0,0.0
1973-10-03 00:00:00-04:00,0.0,0.12477306116724093,0.11697468906641006,0.11697468906641006,28800,0.0,0.0
1973-10-04 00:00:00-04:00,0.0,0.12477306116724093,0.11697468906641006,0.11697468906641006,21600,0.0,0.0
1973-10-05 00:00:00-04:00,0.0,0.12477306116724093,0.11697468906641006,0.11697468906641006,21600,0.0,0.0
1973-10-08 00:00:00-04:00,0.0,0.12477306116724093,0.11697468906641006,0.11697468906641006,36000,0.0,0.0
1973-10-09 00:00:00-04:00,0.11697468906641006,0.11697468906641006,0.11697468906641006,0.11697468906641006,0,0.0,0.0
1973-10-10 00:00:00-04:00,0.0,0.12477306116724093,0.11697468906641006,0.11697468906641006,50400,0.0,0.0
1973-10-11 00:00:00-04:00,0.11697468906641006,0.11697468906641006,0.11697468906641006,0.11697468906641006,0,0.0,0.0
1973-10-12 00:00:00-04:00,0.0,0.12997180540956035,0.12217362225055696,0.12217362225055695,266400,0.0,0.0
1973-10-15 00:00:00-04:00,0.0,0.12997180540956035,0.12217362225055696,0.12217362225055695,7200,0.0,0.0
1973-10-16 00:00:00-04:00,0.0,0.12997180540956035,0.12217362225055696,0.12217362225055695,43200,0.0,0.0
1973-10-17 00:00:00-04:00,0.0,0.12997180540956035,0.12217362225055696,0.12217362225055695,7200,0.0,0.0
1973-10-18 00:00:00-04:00,0.12217362225055696,0.12217362225055696,0.12217362225055696,0.12217362225055695,0,0.0,0.0
1973-10-19 00:00:00-04:00,0.12217362225055696,0.12217362225055696,0.12217362225055696,0.12217362225055695,0,0.0,0.0
1973-10-22 00:00:00-04:00,0.0,0.11047618610788208,0.10267779976129532,0.10267779976129532,86400,0.0,0.0
1973-10-23 00:00:00-04:00,0.0,0.11047618610788208,0.10267779976129532,0.10267779976129532,7200,0.0,0.0
1973-10-24 00:00:00-04:00,0.0,0.1117757256761745,0.10397754609584808,0.10397754609584808,7200,0.0,0.0
1973-10-25 00:00:00-04:00,0.0,0.1169747831471147,0.109176404774189,0.109176404774189,237600,0.0,0.0
1973-10-26 00:00:00-04:00,0.109176404774189,0.109176404774189,0.109176404774189,0.109176404774189,0,0.0,0.0
1973-10-29 00:00:00-05:00,0.0,0.1169747831471147,0.109176404774189,0.109176404774189,43200,0.0,0.0
1973-10-30 00:00:00-05:00,0.0,0.1169747831471147,0.109176404774189,0.109176404774189,14400,0.0,0.0
1973-10-31 00:00:00-05:00,0.0,0.1117757256761745,0.10397754609584808,0.10397754609584808,43200,0.0,0.0
1973-11-01 00:00:00-05:00,0.0,0.11047618610788208,0.10267779976129532,0.10267779976129532,14400,0.0,0.0
1973-11-02 00:00:00-05:00,0.0,0.1052772079729205,0.09747883677482605,0.09747883677482605,7200,0.0,0.0
1973-11-05 00:00:00-05:00,0.0,0.10137819115428215,0.09357981383800507,0.09357981383800507,14400,0.0,0.0
1973-11-06 00:00:00-05:00,0.0,0.10137819115428215,0.09357981383800507,0.09357981383800507,7200,0.0,0.0
1973-11-07 00:00:00-05:00,0.0,0.10137819115428215,0.09357981383800507,0.09357981383800507,50400,0.0,0.0
1973-11-08 00:00:00-05:00,0.0,0.10397762986047944,0.09617925435304642,0.09617925435304642,28800,0.0,0.0
1973-11-09 00:00:00-05:00,0.0,0.10657687097827817,0.09877868741750717,0.09877868741750717,14400,0.0,0.0
1973-11-12 00:00:00-05:00,0.0,0.10657687097827817,0.09877868741750717,0.09877868741750717,93600,0.0,0.0
1973-11-13 00:00:00-05:00,0.0,0.1221736073433087,0.11177576333284378,0.11177576333284378,691200,0.0,0.0
1973-11-14 00:00:00-05:00,0.0,0.11441580323905733,0.10397754609584808,0.10397754609584808,151200,0.0,0.0
1973-11-15 00:00:00-05:00,0.0,0.1117758294467968,0.1013781800866127,0.1013781800866127,180000,0.0,0.0
1973-11-16 00:00:00-05:00,0.0,0.1117758294467968,0.1013781800866127,0.1013781800866127,72000,0.0,0.0
1973-11-19 00:00:00-05:00,0.0,0.10917633243199865,0.09877868741750717,0.09877868741750717,28800,0.0,0.0
1973-11-20 00:00:00-05:00,0.0,0.10397765397823555,0.09357981383800507,0.09357981383800507,57600,0.0,0.0
1973-11-21 00:00:00-05:00,0.0,0.09877869984765698,0.0883808583021164,0.0883808583021164,180000,0.0,0.0
1973-11-23 00:00:00-05:00,0.0,0.09877869984765698,0.0883808583021164,0.0883808583021164,144000,0.0,0.0
1973-11-26 00:00:00-05:00,0.0,0.09877869984765698,0.0883808583021164,0.0883808583021164,21600,0.0,0.0
1973-11-27 00:00:00-05:00,0.0883808583021164,0.0883808583021164,0.0883808583021164,0.0883808583021164,0,0.0,0.0
1973-11-28 00:00:00-05:00,0.0,0.10137814959614483,0.09098031371831894,0.09098031371831894,72000,0.0,0.0
1973-11-29 00:00:00-05:00,0.09098031371831894,0.09098031371831894,0.09098031371831894,0.09098031371831894,0,0.0,0.0
1973-11-30 00:00:00-05:00,0.0,0.10137814959614483,0.09098031371831894,0.09098031371831894,14400,0.0,0.0
1973-12-03 00:00:00-05:00,0.0,0.09357977594949288,0.0831819400191307,0.0831819400191307,72000,0.0,0.0
1973-12-04 00:00:00-05:00,0.0,0.10137814959614483,0.09098031371831894,0.09098031371831894,100800,0.0,0.0
1973-12-05 00:00:00-05:00,0.0,0.09487941491347299,0.08448176831007004,0.08448176831007004,43200,0.0,0.0
1973-12-06 00:00:00-05:00,0.08448176831007004,0.08448176831007004,0.08448176831007004,0.08448176831007004,0,0.0,0.0
1973-12-07 00:00:00-05:00,0.0,0.09877869984765698,0.0883808583021164,0.0883808583021164,50400,0.0,0.0
1973-12-10 00:00:00-05:00,0.0,0.09357977594949288,0.0831819400191307,0.0831819400191307,72000,0.0,0.0
1973-12-11 00:00:00-05:00,0.0,0.0883808284611668,0.07798318564891815,0.07798318564891815,36000,0.0,0.0
1973-12-12 00:00:00-05:00,0.0,0.08578144162766257,0.07538378983736038,0.07538378983736038,93600,0.0,0.0
1973-12-13 00:00:00-05:00,0.0,0.08578144162766257,0.07538378983736038,0.07538378983736038,36000,0.0,0.0
1973-12-14 00:00:00-05:00,0.0,0.0883808284611668,0.07798318564891815,0.07798318564891815,201600,0.0,0.0
1973-12-17 00:00:00-05:00,0.0,0.0883808284611668,0.07798318564891815,0.07798318564891815,14400,0.0,0.0
1973-12-18 00:00:00-05:00,0.0,0.09098035118457053,0.08058270066976547,0.08058270066976547,14400,0.0,0.0
1973-12-19 00:00:00-05:00,0.0,0.09357977594949288,0.0831819400191307,0.0831819400191307,14400,0.0,0.0
1973-12-20 00:00:00-05:00,0.0,0.09098035118457053,0.08058270066976547,0.08058270066976547,144000,0.0,0.0
1973-12-21 00:00:00-05:00,0.08058270066976547,0.08058270066976547,0.08058270066976547,0.08058270066976547,0,0.0,0.0
1973-12-24 00:00:00-05:00,0.08058270066976547,0.08058270066976547,0.08058270066976547,0.08058270066976547,0,0.0,0.0
1973-12-26 00:00:00-05:00,0.0,0.09877869984765698,0.0883808583021164,0.0883808583021164,36000,0.0,0.0
1973-12-27 00:00:00-05:00,0.0,0.09877869984765698,0.0883808583021164,0.0883808583021164,28800,0.0,0.0
1973-12-28 00:00:00-05:00,0.0883808583021164,0.0883808583021164,0.0883808583021164,0.0883808583021164,0,0.0,0.0
1973-12-31 00:00:00-05:00,0.0,0.09877869984765698,0.0883808583021164,0.0883808583021164,43200,0.0,0.0
1974-01-02 00:00:00-05:00,0.0,0.09877869984765698,0.0883808583021164,0.0883808583021164,14400,0.0,0.0
1974-01-03 00:00:00-05:00,0.0,0.09877869984765698,0.0883808583021164,0.0883808583021164,14400,0.0,0.0
1974-01-04 00:00:00-05:00,0.0,0.09877869984765698,0.0883808583021164,0.0883808583021164,57600,0.0,0.0
1974-01-07 00:00:00-04:00,0.0883808583021164,0.0883808583021164,0.0883808583021164,0.0883808583021164,0,0.0,0.0
1974-01-08 00:00:00-04:00,0.0,0.09877869984765698,0.0883808583021164,0.0883808583021164,72000,0.0,0.0
1974-01-09 00:00:00-04:00,0.0883808583021164,0.0883808583021164,0.0883808583021164,0.0883808583021164,0,0.0,0.0
1974-01-10 00:00:00-04:00,0.0883808583021164,0.0883808583021164,0.0883808583021164,0.0883808583021164,0,0.0,0.0
1974-01-11 00:00:00-04:00,0.0883808583021164,0.0883808583021164,0.0883808583021164,0.0883808583021164,0,0.0,0.0
1974-01-14 00:00:00-04:00,0.0883808583021164,0.0883808583021164,0.0883808583021164,0.0883808583021164,0,0.0,0.0
1974-01-15 00:00:00-04:00,0.0,0.09357977594949288,0.0831819400191307,0.0831819400191307,64800,0.0,0.0
1974-01-16 00:00:00-04:00,0.0,0.09098035118457053,0.08058270066976547,0.08058270066976547,36000,0.0,0.0
1974-01-17 00:00:00-04:00,0.0,0.09357977594949288,0.0831819400191307,0.0831819400191307,115200,0.0,0.0
1974-01-18 00:00:00-04:00,0.0,0.09357977594949288,0.0831819400191307,0.0831819400191307,21600,0.0,0.0
1974-01-21 00:00:00-04:00,0.0831819400191307,0.0831819400191307,0.0831819400191307,0.0831819400191307,0,0.0,0.0
1974-01-22 00:00:00-04:00,0.0831819400191307,0.0831819400191307,0.0831819400191307,0.0831819400191307,0,0.0,0.0
1974-01-23 00:00:00-04:00,0.0831819400191307,0.0831819400191307,0.0831819400191307,0.0831819400191307,0,0.0,0.0
1974-01-24 00:00:00-04:00,0.0,0.09357977594949288,0.0831819400191307,0.0831819400191307,7200,0.0,0.0
1974-01-25 00:00:00-04:00,0.0,0.09357977594949288,0.0831819400191307,0.0831819400191307,14400,0.0,0.0
1974-01-28 00:00:00-04:00,0.0831819400191307,0.0831819400191307,0.0831819400191307,0.0831819400191307,0,0.0,0.0
1974-01-29 00:00:00-04:00,0.0,0.0883808284611668,0.07798318564891815,0.07798318564891815,151200,0.0,0.0
1974-01-30 00:00:00-04:00,0.07798318564891815,0.07798318564891815,0.07798318564891815,0.07798318564891815,0,0.0,0.0
1974-01-31 00:00:00-04:00,0.0,0.09098035118457053,0.08058270066976547,0.08058270066976547,57600,0.0,0.0
1974-02-01 00:00:00-04:00,0.0,0.09098035118457053,0.08058270066976547,0.08058270066976547,14400,0.0,0.0
1974-02-04 00:00:00-04:00,0.08058270066976547,0.08058270066976547,0.08058270066976547,0.08058270066976547,0,0.0,0.0
1974-02-05 00:00:00-04:00,0.08058270066976547,0.08058270066976547,0.08058270066976547,0.08058270066976547,0,0.0,0.0
1974-02-06 00:00:00-04:00,0.0,0.09098035118457053,0.08058270066976547,0.08058270066976547,72000,0.0,0.0
1974-02-07 00:00:00-04:00,0.0,0.09098035118457053,0.08058270066976547,0.08058270066976547,7200,0.0,0.0
1974-02-08 00:00:00-04:00,0.0,0.09098035118457053,0.08058270066976547,0.08058270066976547,144000,0.0,0.0
1974-02-11 00:00:00-04:00,0.0,0.0883808284611668,0.07798318564891815,0.07798318564891815,36000,0.0,0.0
1974-02-12 00:00:00-04:00,0.0,0.0883808284611668,0.07798318564891815,0.07798318564891815,115200,0.0,0.0
1974-02-13 00:00:00-04:00,0.07798318564891815,0.07798318564891815,0.07798318564891815,0.07798318564891815,0,0.0,0.0
1974-02-14 00:00:00-04:00,0.0,0.09098035118457053,0.08058270066976547,0.08058270066976547,36000,0.0,0.0
1974-02-15 00:00:00-04:00,0.0,0.0961793036787595,0.08578145503997803,0.08578145503997803,21600,0.0,0.0
1974-02-19 00:00:00-04:00,0.08578145503997803,0.08578145503997803,0.08578145503997803,0.08578145503997803,0,0.0,0.0
1974-02-20 00:00:00-04:00,0.0,0.0961793036787595,0.08578145503997803,0.08578145503997803,72000,0.0,0.0
1974-02-21 00:00:00-04:00,0.0,0.0961793036787595,0.08578145503997803,0.08578145503997803,36000,0.0,0.0
1974-02-22 00:00:00-04:00,0.0,0.09877869984765698,0.0883808583021164,0.0883808583021164,50400,0.0,0.0
1974-02-25 00:00:00-04:00,0.0,0.10137814959614483,0.09098031371831894,0.09098031371831894,7200,0.0,0.0
1974-02-26 00:00:00-04:00,0.09098031371831894,0.09098031371831894,0.09098031371831894,0.09098031371831894,0,0.0,0.0
1974-02-27 00:00:00-04:00,0.09098031371831894,0.09098031371831894,0.09098031371831894,0.09098031371831894,0,0.0,0.0
1974-02-28 00:00:00-04:00,0.09098031371831894,0.09098031371831894,0.09098031371831894,0.09098031371831894,0,0.0,0.0
1974-03-01 00:00:00-04:00,0.09098031371831894,0.09098031371831894,0.09098031371831894,0.09098031371831894,0,0.0,0.0
1974-03-04 00:00:00-04:00,0.09098031371831894,0.09098031371831894,0.09098031371831894,0.09098031371831894,0,0.0,0.0
1974-03-05 00:00:00-04:00,0.0,0.10657690243661484,0.09617925435304642,0.09617925435304642,93600,0.0,0.0
1974-03-06 00:00:00-04:00,0.09617925435304642,0.09617925435304642,0.09617925435304642,0.09617925435304642,0,0.0,0.0
1974-03-07 00:00:00-04:00,0.0,0.10917633243199865,0.09877868741750717,0.09877868741750717,115200,0.0,0.0
1974-03-08 00:00:00-04:00,0.0,0.1117758294467968,0.1013781800866127,0.1013781800866127,28800,0.0,0.0
1974-03-11 00:00:00-04:00,0.0,0.10917633243199865,0.09877868741750717,0.09877868741750717,43200,0.0,0.0
1974-03-12 00:00:00-04:00,0.0,0.10917633243199865,0.09877868741750717,0.09877868741750717,72000,0.0,0.0
1974-03-13 00:00:00-04:00,0.0,0.10917633243199865,0.09877868741750717,0.09877868741750717,93600,0.0,0.0
1974-03-14 00:00:00-04:00,0.0,0.1117758294467968,0.1013781800866127,0.1013781800866127,504000,0.0,0.0
1974-03-15 00:00:00-04:00,0.0,0.1117758294467968,0.1013781800866127,0.1013781800866127,57600,0.0,0.0
1974-03-18 00:00:00-04:00,0.0,0.10917633243199865,0.09877868741750717,0.09877868741750717,43200,0.0,0.0
1974-03-19 00:00:00-04:00,0.09877868741750717,0.09877868741750717,0.09877868741750717,0.09877868741750717,0,0.0,0.0
1974-03-20 00:00:00-04:00,0.0,0.10917633243199865,0.09877868741750717,0.09877868741750717,7200,0.0,0.0
1974-03-21 00:00:00-04:00,0.0,0.10917633243199865,0.09877868741750717,0.09877868741750717,244800,0.0,0.0
1974-03-22 00:00:00-04:00,0.0,0.10917633243199865,0.09877868741750717,0.09877868741750717,57600,0.0,0.0
1974-03-25 00:00:00-04:00,0.0,0.10657690243661484,0.09617925435304642,0.09617925435304642,36000,0.0,0.0
1974-03-26 00:00:00-04:00,0.0,0.10657690243661484,0.09617925435304642,0.09617925435304642,14400,0.0,0.0
1974-03-27 00:00:00-04:00,0.09617925435304642,0.09617925435304642,0.09617925435304642,0.09617925435304642,0,0.0,0.0
1974-03-28 00:00:00-04:00,0.09617925435304642,0.09617925435304642,0.09617925435304642,0.09617925435304642,0,0.0,0.0
1974-03-29 00:00:00-04:00,0.09617925435304642,0.09617925435304642,0.09617925435304642,0.09617925435304642,0,0.0,0.0
1974-04-01 00:00:00-04:00,0.0,0.10397765397823555,0.09357981383800507,0.09357981383800507,21600,0.0,0.0
1974-04-02 00:00:00-04:00,0.09357981383800507,0.09357981383800507,0.09357981383800507,0.09357981383800507,0,0.0,0.0
1974-04-03 00:00:00-04:00,0.0,0.10397765397823555,0.09357981383800507,0.09357981383800507,57600,0.0,0.0
1974-04-04 00:00:00-04:00,0.09357981383800507,0.09357981383800507,0.09357981383800507,0.09357981383800507,0,0.0,0.0
1974-04-05 00:00:00-04:00,0.0,0.10397765397823555,0.09357981383800507,0.09357981383800507,7200,0.0,0.0
1974-04-08 00:00:00-04:00,0.09357981383800507,0.09357981383800507,0.09357981383800507,0.09357981383800507,0,0.0,0.0
1974-04-09 00:00:00-04:00,0.09357981383800507,0.09357981383800507,0.09357981383800507,0.09357981383800507,0,0.0,0.0
1974-04-10 00:00:00-04:00,0.09357981383800507,0.09357981383800507,0.09357981383800507,0.09357981383800507,0,0.0,0.0
1974-04-11 00:00:00-04:00,0.09357981383800507,0.09357981383800507,0.09357981383800507,0.09357981383800507,0,0.0,0.0
1974-04-15 00:00:00-04:00,0.09357981383800507,0.09357981383800507,0.09357981383800507,0.09357981383800507,0,0.0,0.0
1974-04-16 00:00:00-04:00,0.09357981383800507,0.09357981383800507,0.09357981383800507,0.09357981383800507,0,0.0,0.0
1974-04-17 00:00:00-04:00,0.09357981383800507,0.09357981383800507,0.09357981383800507,0.09357981383800507,0,0.0,0.0
1974-04-18 00:00:00-04:00,0.0,0.0961793036787595,0.08578145503997803,0.08578145503997803,21600,0.0,0.0
1974-04-19 00:00:00-04:00,0.08578145503997803,0.08578145503997803,0.08578145503997803,0.08578145503997803,0,0.0,0.0
1974-04-22 00:00:00-04:00,0.0,0.0961793036787595,0.08578145503997803,0.08578145503997803,7200,0.0,0.0
1974-04-23 00:00:00-04:00,0.08578145503997803,0.08578145503997803,0.08578145503997803,0.08578145503997803,0,0.0,0.0
1974-04-24 00:00:00-04:00,0.08578145503997803,0.08578145503997803,0.08578145503997803,0.08578145503997803,0,0.0,0.0
1974-04-25 00:00:00-04:00,0.08578145503997803,0.08578145503997803,0.08578145503997803,0.08578145503997803,0,0.0,0.0
1974-04-26 00:00:00-04:00,0.08578145503997803,0.08578145503997803,0.08578145503997803,0.08578145503997803,0,0.0,0.0
1974-04-29 00:00:00-04:00,0.08578145503997803,0.08578145503997803,0.08578145503997803,0.08578145503997803,0,0.0,0.0
1974-04-30 00:00:00-04:00,0.0,0.09357977594949288,0.0831819400191307,0.0831819400191307,72000,0.0,0.0
1974-05-01 00:00:00-04:00,0.0,0.09747890082572126,0.08708124607801437,0.08708124607801437,7200,0.0,0.0
1974-05-02 00:00:00-04:00,0.0,0.09877869984765698,0.0883808583021164,0.0883808583021164,7200,0.0,0.0
1974-05-03 00:00:00-04:00,0.0883808583021164,0.0883808583021164,0.0883808583021164,0.0883808583021164,0,0.0,0.0
1974-05-06 00:00:00-04:00,0.0883808583021164,0.0883808583021164,0.0883808583021164,0.0883808583021164,0,0.0,0.0
1974-05-07 00:00:00-04:00,0.0883808583021164,0.0883808583021164,0.0883808583021164,0.0883808583021164,0,0.0,0.0
1974-05-08 00:00:00-04:00,0.0883808583021164,0.0883808583021164,0.0883808583021164,0.0883808583021164,0,0.0,0.0
1974-05-09 00:00:00-04:00,0.0883808583021164,0.0883808583021164,0.0883808583021164,0.0883808583021164,0,0.0,0.0
1974-05-10 00:00:00-04:00,0.0,0.09357977594949288,0.0831819400191307,0.0831819400191307,7200,0.0,0.0
1974-05-13 00:00:00-04:00,0.0,0.09357977594949288,0.0831819400191307,0.0831819400191307,21600,0.0,0.0
1974-05-14 00:00:00-04:00,0.0831819400191307,0.0831819400191307,0.0831819400191307,0.0831819400191307,0,0.0,0.0
1974-05-15 00:00:00-04:00,0.0,0.09357977594949288,0.0831819400191307,0.0831819400191307,28800,0.0,0.0
1974-05-16 00:00:00-04:00,0.0,0.09357977594949288,0.0831819400191307,0.0831819400191307,21600,0.0,0.0
1974-05-17 00:00:00-04:00,0.0831819400191307,0.0831819400191307,0.0831819400191307,0.0831819400191307,0,0.0,0.0
1974-05-20 00:00:00-04:00,0.0,0.08578144162766257,0.07538378983736038,0.07538378983736038,36000,0.0,0.0
1974-05-21 00:00:00-04:00,0.07538378983736038,0.07538378983736038,0.07538378983736038,0.07538378983736038,0,0.0,0.0
1974-05-22 00:00:00-04:00,0.0,0.08578144162766257,0.07538378983736038,0.07538378983736038,7200,0.0,0.0
1974-05-23 00:00:00-04:00,0.07538378983736038,0.07538378983736038,0.07538378983736038,0.07538378983736038,0,0.0,0.0
1974-05-24 00:00:00-04:00,0.0,0.08578144162766257,0.07538378983736038,0.07538378983736038,7200,0.0,0.0
1974-05-28 00:00:00-04:00,0.0,0.08578144162766257,0.07538378983736038,0.07538378983736038,7200,0.0,0.0
1974-05-29 00:00:00-04:00,0.07538378983736038,0.07538378983736038,0.07538378983736038,0.07538378983736038,0,0.0,0.0
1974-05-30 00:00:00-04:00,0.07538378983736038,0.07538378983736038,0.07538378983736038,0.07538378983736038,0,0.0,0.0
1974-05-31 00:00:00-04:00,0.07538378983736038,0.07538378983736038,0.07538378983736038,0.07538378983736038,0,0.0,0.0
1974-06-03 00:00:00-04:00,0.07538378983736038,0.07538378983736038,0.07538378983736038,0.07538378983736038,0,0.0,0.0
1974-06-04 00:00:00-04:00,0.0,0.08578144162766257,0.07538378983736038,0.07538378983736038,7200,0.0,0.0
1974-06-05 00:00:00-04:00,0.07538378983736038,0.07538378983736038,0.07538378983736038,0.07538378983736038,0,0.0,0.0
1974-06-06 00:00:00-04:00,0.07538378983736038,0.07538378983736038,0.07538378983736038,0.07538378983736038,0,0.0,0.0
1974-06-07 00:00:00-04:00,0.07538378983736038,0.07538378983736038,0.07538378983736038,0.07538378983736038,0,0.0,0.0
1974-06-10 00:00:00-04:00,0.07538378983736038,0.07538378983736038,0.07538378983736038,0.07538378983736038,0,0.0,0.0
1974-06-11 00:00:00-04:00,0.0,0.08578144162766257,0.07538378983736038,0.07538378983736038,7200,0.0,0.0
1974-06-12 00:00:00-04:00,0.07538378983736038,0.07538378983736038,0.07538378983736038,0.07538378983736038,0,0.0,0.0
1974-06-13 00:00:00-04:00,0.07538378983736038,0.07538378983736038,0.07538378983736038,0.07538378983736038,0,0.0,0.0
1974-06-14 00:00:00-04:00,0.0,0.08578144162766257,0.07538378983736038,0.07538378983736038,7200,0.0,0.0
1974-06-17 00:00:00-04:00,0.07538378983736038,0.07538378983736038,0.07538378983736038,0.07538378983736038,0,0.0,0.0
1974-06-18 00:00:00-04:00,0.0,0.0883808284611668,0.07798318564891815,0.07798318564891815,21600,0.0,0.0
1974-06-19 00:00:00-04:00,0.07798318564891815,0.07798318564891815,0.07798318564891815,0.07798318564891815,0,0.0,0.0
1974-06-20 00:00:00-04:00,0.07798318564891815,0.07798318564891815,0.07798318564891815,0.07798318564891815,0,0.0,0.0
1974-06-21 00:00:00-04:00,0.07798318564891815,0.07798318564891815,0.07798318564891815,0.07798318564891815,0,0.0,0.0
1974-06-24 00:00:00-04:00,0.07798318564891815,0.07798318564891815,0.07798318564891815,0.07798318564891815,0,0.0,0.0
1974-06-25 00:00:00-04:00,0.07798318564891815,0.07798318564891815,0.07798318564891815,0.07798318564891815,0,0.0,0.0
1974-06-26 00:00:00-04:00,0.0,0.08578144162766257,0.07538378983736038,0.07538378983736038,14400,0.0,0.0
1974-06-27 00:00:00-04:00,0.0,0.08318188433987382,0.07278424501419067,0.07278424501419067,36000,0.0,0.0
1974-06-28 00:00:00-04:00,0.0,0.08318188433987382,0.07278424501419067,0.07278424501419067,14400,0.0,0.0
1974-07-01 00:00:00-04:00,0.0,0.08058265346964906,0.07018481940031052,0.07018481940031052,36000,0.0,0.0
1974-07-02 00:00:00-04:00,0.0,0.08058265346964906,0.07018481940031052,0.07018481940031052,64800,0.0,0.0
1974-07-03 00:00:00-04:00,0.07018481940031052,0.07018481940031052,0.07018481940031052,0.07018481940031052,0,0.0,0.0
1974-07-05 00:00:00-04:00,0.07018481940031052,0.07018481940031052,0.07018481940031052,0.07018481940031052,0,0.0,0.0
1974-07-08 00:00:00-04:00,0.0,0.08058265346964906,0.07018481940031052,0.07018481940031052,14400,0.0,0.0
1974-07-09 00:00:00-04:00,0.0,0.07798320453740075,0.06758536398410797,0.06758536398410797,14400,0.0,0.0
1974-07-10 00:00:00-04:00,0.0,0.07798320453740075,0.06758536398410797,0.06758536398410797,36000,0.0,0.0
1974-07-11 00:00:00-04:00,0.0,0.07798320453740075,0.06758536398410797,0.06758536398410797,7200,0.0,0.0
1974-07-12 00:00:00-04:00,0.0,0.07798320453740075,0.06758536398410797,0.06758536398410797,14400,0.0,0.0
1974-07-15 00:00:00-04:00,0.0,0.08058265346964906,0.07018481940031052,0.07018481940031052,28800,0.0,0.0
1974-07-16 00:00:00-04:00,0.07018481940031052,0.07018481940031052,0.07018481940031052,0.07018481940031052,0,0.0,0.0
1974-07-17 00:00:00-04:00,0.07018481940031052,0.07018481940031052,0.07018481940031052,0.07018481940031052,0,0.0,0.0
1974-07-18 00:00:00-04:00,0.0,0.08058265346964906,0.07018481940031052,0.07018481940031052,14400,0.0,0.0
1974-07-19 00:00:00-04:00,0.07018481940031052,0.07018481940031052,0.07018481940031052,0.07018481940031052,0,0.0,0.0
1974-07-22 00:00:00-04:00,0.0,0.08058265346964906,0.07018481940031052,0.07018481940031052,14400,0.0,0.0
1974-07-23 00:00:00-04:00,0.0,0.08318188433987382,0.07278424501419067,0.07278424501419067,7200,0.0,0.0
1974-07-24 00:00:00-04:00,0.07278424501419067,0.07278424501419067,0.07278424501419067,0.07278424501419067,0,0.0,0.0
1974-07-25 00:00:00-04:00,0.07278424501419067,0.07278424501419067,0.07278424501419067,0.07278424501419067,0,0.0,0.0
1974-07-26 00:00:00-04:00,0.07278424501419067,0.07278424501419067,0.07278424501419067,0.07278424501419067,0,0.0,0.0
1974-07-29 00:00:00-04:00,0.07278424501419067,0.07278424501419067,0.07278424501419067,0.07278424501419067,0,0.0,0.0
1974-07-30 00:00:00-04:00,0.07278424501419067,0.07278424501419067,0.07278424501419067,0.07278424501419067,0,0.0,0.0
1974-07-31 00:00:00-04:00,0.07278424501419067,0.07278424501419067,0.07278424501419067,0.07278424501419067,0,0.0,0.0
1974-08-01 00:00:00-04:00,0.0,0.07798320453740075,0.06758536398410797,0.06758536398410797,43200,0.0,0.0
1974-08-02 00:00:00-04:00,0.06758536398410797,0.06758536398410797,0.06758536398410797,0.06758536398410797,0,0.0,0.0
1974-08-05 00:00:00-04:00,0.06758536398410797,0.06758536398410797,0.06758536398410797,0.06758536398410797,0,0.0,0.0
1974-08-06 00:00:00-04:00,0.06758536398410797,0.06758536398410797,0.06758536398410797,0.06758536398410797,0,0.0,0.0
1974-08-07 00:00:00-04:00,0.0,0.08058265346964906,0.07018481940031052,0.07018481940031052,7200,0.0,0.0
1974-08-08 00:00:00-04:00,0.0,0.08058265346964906,0.07018481940031052,0.07018481940031052,36000,0.0,0.0
1974-08-09 00:00:00-04:00,0.0,0.08058265346964906,0.07018481940031052,0.07018481940031052,14400,0.0,0.0
1974-08-12 00:00:00-04:00,0.0,0.07798320453740075,0.06758536398410797,0.06758536398410797,14400,0.0,0.0
1974-08-13 00:00:00-04:00,0.06758536398410797,0.06758536398410797,0.06758536398410797,0.06758536398410797,0,0.0,0.0
1974-08-14 00:00:00-04:00,0.0,0.07278427308334098,0.06238643452525139,0.06238643452525139,7200,0.0,0.0
1974-08-15 00:00:00-04:00,0.0,0.07278427308334098,0.06238643452525139,0.06238643452525139,21600,0.0,0.0
1974-08-16 00:00:00-04:00,0.06238643452525139,0.06238643452525139,0.06238643452525139,0.06238643452525139,0,0.0,0.0
1974-08-19 00:00:00-04:00,0.06238643452525139,0.06238643452525139,0.06238643452525139,0.06238643452525139,0,0.0,0.0
1974-08-20 00:00:00-04:00,0.06238643452525139,0.06238643452525139,0.06238643452525139,0.06238643452525139,0,0.0,0.0
1974-08-21 00:00:00-04:00,0.06238643452525139,0.06238643452525139,0.06238643452525139,0.06238643452525139,0,0.0,0.0
1974-08-22 00:00:00-04:00,0.06238643452525139,0.06238643452525139,0.06238643452525139,0.06238643452525139,0,0.0,0.0
1974-08-23 00:00:00-04:00,0.0,0.07278427308334098,0.06238643452525139,0.06238643452525139,21600,0.0,0.0
1974-08-26 00:00:00-04:00,0.06238643452525139,0.06238643452525139,0.06238643452525139,0.06238643452525139,0,0.0,0.0
1974-08-27 00:00:00-04:00,0.06238643452525139,0.06238643452525139,0.06238643452525139,0.06238643452525139,0,0.0,0.0
1974-08-28 00:00:00-04:00,0.06238643452525139,0.06238643452525139,0.06238643452525139,0.06238643452525139,0,0.0,0.0
1974-08-29 00:00:00-04:00,0.0,0.07278427308334098,0.06238643452525139,0.06238643452525139,21600,0.0,0.0
1974-08-30 00:00:00-04:00,0.0,0.07408396296901898,0.0636863112449646,0.0636863112449646,14400,0.0,0.0
1974-09-03 00:00:00-04:00,0.0,0.07278427308334098,0.06238643452525139,0.06238643452525139,36000,0.0,0.0
1974-09-04 00:00:00-04:00,0.0,0.07018486020120607,0.059787020087242126,0.059787020087242126,14400,0.0,0.0
1974-09-05 00:00:00-04:00,0.059787020087242126,0.059787020087242126,0.059787020087242126,0.059787020087242126,0,0.0,0.0
1974-09-06 00:00:00-04:00,0.0,0.06758538892782572,0.05718773975968361,0.05718773975968361,93600,0.0,0.0
1974-09-09 00:00:00-04:00,0.05718773975968361,0.05718773975968361,0.05718773975968361,0.05718773975968361,0,0.0,0.0
1974-09-10 00:00:00-04:00,0.05718773975968361,0.05718773975968361,0.05718773975968361,0.05718773975968361,0,0.0,0.0
1974-09-11 00:00:00-04:00,0.05718773975968361,0.05718773975968361,0.05718773975968361,0.05718773975968361,0,0.0,0.0
1974-09-12 00:00:00-04:00,0.0,0.06628572009909917,0.05588788166642189,0.05588788166642189,7200,0.0,0.0
1974-09-13 00:00:00-04:00,0.05588788166642189,0.05588788166642189,0.05588788166642189,0.05588788166642189,0,0.0,0.0
1974-09-16 00:00:00-04:00,0.05588788166642189,0.05588788166642189,0.05588788166642189,0.05588788166642189,0,0.0,0.0
1974-09-17 00:00:00-04:00,0.05588788166642189,0.05588788166642189,0.05588788166642189,0.05588788166642189,0,0.0,0.0
1974-09-18 00:00:00-04:00,0.05588788166642189,0.05588788166642189,0.05588788166642189,0.05588788166642189,0,0.0,0.0
1974-09-19 00:00:00-04:00,0.0,0.06498592195185288,0.054628886282444,0.054628886282444,36000,0.0,0.0
1974-09-20 00:00:00-04:00,0.054628886282444,0.054628886282444,0.054628886282444,0.054628886282444,0,0.0,0.0
1974-09-23 00:00:00-04:00,0.0,0.06238641275512189,0.05198877304792404,0.05198877304792404,28800,0.0,0.0
1974-09-24 00:00:00-04:00,0.05198877304792404,0.05198877304792404,0.05198877304792404,0.05198877304792404,0,0.0,0.0
1974-09-25 00:00:00-04:00,0.05198877304792404,0.05198877304792404,0.05198877304792404,0.05198877304792404,0,0.0,0.0
1974-09-26 00:00:00-04:00,0.05198877304792404,0.05198877304792404,0.05198877304792404,0.05198877304792404,0,0.0,0.0
1974-09-27 00:00:00-04:00,0.05198877304792404,0.05198877304792404,0.05198877304792404,0.05198877304792404,0,0.0,0.0
1974-09-30 00:00:00-04:00,0.0,0.05978698872324506,0.049389343708753586,0.049389343708753586,7200,0.0,0.0
1974-10-01 00:00:00-04:00,0.049389343708753586,0.049389343708753586,0.049389343708753586,0.049389343708753586,0,0.0,0.0
1974-10-02 00:00:00-04:00,0.049389343708753586,0.049389343708753586,0.049389343708753586,0.049389343708753586,0,0.0,0.0
1974-10-03 00:00:00-04:00,0.049389343708753586,0.049389343708753586,0.049389343708753586,0.049389343708753586,0,0.0,0.0
1974-10-04 00:00:00-04:00,0.049389343708753586,0.049389343708753586,0.049389343708753586,0.049389343708753586,0,0.0,0.0
1974-10-07 00:00:00-04:00,0.0,0.06238641275512189,0.05198877304792404,0.05198877304792404,7200,0.0,0.0
1974-10-08 00:00:00-04:00,0.05198877304792404,0.05198877304792404,0.05198877304792404,0.05198877304792404,0,0.0,0.0
1974-10-09 00:00:00-04:00,0.0,0.06498592195185288,0.054628886282444,0.054628886282444,14400,0.0,0.0
1974-10-10 00:00:00-04:00,0.054628886282444,0.054628886282444,0.054628886282444,0.054628886282444,0,0.0,0.0
1974-10-11 00:00:00-04:00,0.054628886282444,0.054628886282444,0.054628886282444,0.054628886282444,0,0.0,0.0
1974-10-14 00:00:00-04:00,0.0,0.06498592195185288,0.054628886282444,0.054628886282444,21600,0.0,0.0
1974-10-15 00:00:00-04:00,0.054628886282444,0.054628886282444,0.054628886282444,0.054628886282444,0,0.0,0.0
1974-10-16 00:00:00-04:00,0.054628886282444,0.054628886282444,0.054628886282444,0.054628886282444,0,0.0,0.0
1974-10-17 00:00:00-04:00,0.054628886282444,0.054628886282444,0.054628886282444,0.054628886282444,0,0.0,0.0
1974-10-18 00:00:00-04:00,0.0,0.07278427308334098,0.06238643452525139,0.06238643452525139,14400,0.0,0.0
1974-10-21 00:00:00-04:00,0.06238643452525139,0.06238643452525139,0.06238643452525139,0.06238643452525139,0,0.0,0.0
1974-10-22 00:00:00-04:00,0.0,0.07278427308334098,0.06238643452525139,0.06238643452525139,72000,0.0,0.0
1974-10-23 00:00:00-04:00,0.0,0.07278427308334098,0.06238643452525139,0.06238643452525139,144000,0.0,0.0
1974-10-24 00:00:00-04:00,0.0,0.06758538892782572,0.05718773975968361,0.05718773975968361,14400,0.0,0.0
1974-10-25 00:00:00-04:00,0.0,0.06758538892782572,0.05718773975968361,0.05718773975968361,7200,0.0,0.0
1974-10-28 00:00:00-05:00,0.0,0.06498592195185288,0.054628886282444,0.054628886282444,43200,0.0,0.0
1974-10-29 00:00:00-05:00,0.0,0.06758538892782572,0.05718773975968361,0.05718773975968361,7200,0.0,0.0
1974-10-30 00:00:00-05:00,0.0,0.07018486020120607,0.059787020087242126,0.059787020087242126,7200,0.0,0.0
1974-10-31 00:00:00-05:00,0.059787020087242126,0.059787020087242126,0.059787020087242126,0.059787020087242126,0,0.0,0.0
1974-11-01 00:00:00-05:00,0.0,0.06758538892782572,0.05718773975968361,0.05718773975968361,43200,0.0,0.0
1974-11-04 00:00:00-05:00,0.05718773975968361,0.05718773975968361,0.05718773975968361,0.05718773975968361,0,0.0,0.0
1974-11-05 00:00:00-05:00,0.0,0.06758538892782572,0.05718773975968361,0.05718773975968361,14400,0.0,0.0
1974-11-06 00:00:00-05:00,0.0,0.06758538892782572,0.05718773975968361,0.05718773975968361,7200,0.0,0.0
1974-11-07 00:00:00-05:00,0.05718773975968361,0.05718773975968361,0.05718773975968361,0.05718773975968361,0,0.0,0.0
1974-11-08 00:00:00-05:00,0.05718773975968361,0.05718773975968361,0.05718773975968361,0.05718773975968361,0,0.0,0.0
1974-11-11 00:00:00-05:00,0.0,0.06758538892782572,0.05718773975968361,0.05718773975968361,14400,0.0,0.0
1974-11-12 00:00:00-05:00,0.0,0.07018486020120607,0.059787020087242126,0.059787020087242126,72000,0.0,0.0
1974-11-13 00:00:00-05:00,0.059787020087242126,0.059787020087242126,0.059787020087242126,0.059787020087242126,0,0.0,0.0
1974-11-14 00:00:00-05:00,0.0,0.07018486020120607,0.059787020087242126,0.059787020087242126,86400,0.0,0.0
1974-11-15 00:00:00-05:00,0.0,0.06758538892782572,0.05718773975968361,0.05718773975968361,64800,0.0,0.0
1974-11-18 00:00:00-05:00,0.0,0.06498592195185288,0.054628886282444,0.054628886282444,14400,0.0,0.0
1974-11-19 00:00:00-05:00,0.054628886282444,0.054628886282444,0.054628886282444,0.054628886282444,0,0.0,0.0
1974-11-20 00:00:00-05:00,0.054628886282444,0.054628886282444,0.054628886282444,0.054628886282444,0,0.0,0.0
1974-11-21 00:00:00-05:00,0.0,0.06498592195185288,0.054628886282444,0.054628886282444,64800,0.0,0.0
1974-11-22 00:00:00-05:00,0.054628886282444,0.054628886282444,0.054628886282444,0.054628886282444,0,0.0,0.0
1974-11-25 00:00:00-05:00,0.0,0.06758538892782572,0.05718773975968361,0.05718773975968361,7200,0.0,0.0
1974-11-26 00:00:00-05:00,0.0,0.06758538892782572,0.05718773975968361,0.05718773975968361,21600,0.0,0.0
1974-11-27 00:00:00-05:00,0.0,0.06758538892782572,0.05718773975968361,0.05718773975968361,36000,0.0,0.0
1974-11-29 00:00:00-05:00,0.05718773975968361,0.05718773975968361,0.05718773975968361,0.05718773975968361,0,0.0,0.0
1974-12-02 00:00:00-05:00,0.0,0.06758538892782572,0.05718773975968361,0.05718773975968361,28800,0.0,0.0
1974-12-03 00:00:00-05:00,0.0,0.06498592195185288,0.054628886282444,0.054628886282444,36000,0.0,0.0
1974-12-04 00:00:00-05:00,0.0,0.06238641275512189,0.05198877304792404,0.05198877304792404,7200,0.0,0.0
1974-12-05 00:00:00-05:00,0.0,0.06238641275512189,0.05198877304792404,0.05198877304792404,28800,0.0,0.0
1974-12-06 00:00:00-05:00,0.0,0.05978698872324506,0.049389343708753586,0.049389343708753586,79200,0.0,0.0
1974-12-09 00:00:00-05:00,0.049389343708753586,0.049389343708753586,0.049389343708753586,0.049389343708753586,0,0.0,0.0
1974-12-10 00:00:00-05:00,0.0,0.05718774705923302,0.04678990691900253,0.04678990691900253,14400,0.0,0.0
1974-12-11 00:00:00-05:00,0.04678990691900253,0.04678990691900253,0.04678990691900253,0.04678990691900253,0,0.0,0.0
1974-12-12 00:00:00-05:00,0.04678990691900253,0.04678990691900253,0.04678990691900253,0.04678990691900253,0,0.0,0.0
1974-12-13 00:00:00-05:00,0.0,0.05978698872324506,0.049389343708753586,0.049389343708753586,14400,0.0,0.0
1974-12-16 00:00:00-05:00,0.0,0.05718774705923302,0.04678990691900253,0.04678990691900253,7200,0.0,0.0
1974-12-17 00:00:00-05:00,0.0,0.05718774705923302,0.04678990691900253,0.04678990691900253,21600,0.0,0.0
1974-12-18 00:00:00-05:00,0.04678990691900253,0.04678990691900253,0.04678990691900253,0.04678990691900253,0,0.0,0.0
1974-12-19 00:00:00-05:00,0.0,0.05718774705923302,0.04678990691900253,0.04678990691900253,14400,0.0,0.0
1974-12-20 00:00:00-05:00,0.0,0.05718774705923302,0.04678990691900253,0.04678990691900253,7200,0.0,0.0
1974-12-23 00:00:00-05:00,0.0,0.05718774705923302,0.04678990691900253,0.04678990691900253,14400,0.0,0.0
1974-12-24 00:00:00-05:00,0.0,0.05718774705923302,0.04678990691900253,0.04678990691900253,7200,0.0,0.0
1974-12-26 00:00:00-05:00,0.0,0.05718774705923302,0.04678990691900253,0.04678990691900253,7200,0.0,0.0
1974-12-27 00:00:00-05:00,0.0,0.05978698872324506,0.049389343708753586,0.049389343708753586,21600,0.0,0.0
1974-12-30 00:00:00-05:00,0.0,0.05978698872324506,0.049389343708753586,0.049389343708753586,7200,0.0,0.0
1974-12-31 00:00:00-05:00,0.0,0.06238641275512189,0.05198877304792404,0.05198877304792404,7200,0.0,0.0
1975-01-02 00:00:00-05:00,0.0,0.06498592195185288,0.054628886282444,0.054628886282444,21600,0.0,0.0
1975-01-03 00:00:00-05:00,0.0,0.06498592195185288,0.054628886282444,0.054628886282444,28800,0.0,0.0
1975-01-06 00:00:00-05:00,0.054628886282444,0.054628886282444,0.054628886282444,0.054628886282444,0,0.0,0.0
1975-01-07 00:00:00-05:00,0.0,0.06498592195185288,0.054628886282444,0.054628886282444,43200,0.0,0.0
1975-01-08 00:00:00-05:00,0.0,0.06498592195185288,0.054628886282444,0.054628886282444,50400,0.0,0.0
1975-01-09 00:00:00-05:00,0.0,0.06498592195185288,0.054628886282444,0.054628886282444,28800,0.0,0.0
1975-01-10 00:00:00-05:00,0.0,0.06498592195185288,0.054628886282444,0.054628886282444,57600,0.0,0.0
1975-01-13 00:00:00-05:00,0.0,0.06498592195185288,0.054628886282444,0.054628886282444,28800,0.0,0.0
1975-01-14 00:00:00-05:00,0.0,0.06498592195185288,0.054628886282444,0.054628886282444,14400,0.0,0.0
1975-01-15 00:00:00-05:00,0.0,0.06498592195185288,0.054628886282444,0.054628886282444,21600,0.0,0.0
1975-01-16 00:00:00-05:00,0.0,0.06498592195185288,0.054628886282444,0.054628886282444,50400,0.0,0.0
1975-01-17 00:00:00-05:00,0.0,0.06498592195185288,0.054628886282444,0.054628886282444,14400,0.0,0.0
1975-01-20 00:00:00-05:00,0.0,0.06758538892782572,0.05718773975968361,0.05718773975968361,43200,0.0,0.0
1975-01-21 00:00:00-05:00,0.0,0.07018481204937166,0.06238643452525139,0.06238643452525139,158400,0.0,0.0
1975-01-22 00:00:00-05:00,0.06238643452525139,0.06238643452525139,0.06238643452525139,0.06238643452525139,0,0.0,0.0
1975-01-23 00:00:00-05:00,0.0,0.07018481204937166,0.06238643452525139,0.06238643452525139,14400,0.0,0.0
1975-01-24 00:00:00-05:00,0.0,0.07018481204937166,0.06238643452525139,0.06238643452525139,7200,0.0,0.0
1975-01-27 00:00:00-05:00,0.0,0.07018481204937166,0.06238643452525139,0.06238643452525139,93600,0.0,0.0
1975-01-28 00:00:00-05:00,0.0,0.07018481204937166,0.06238643452525139,0.06238643452525139,72000,0.0,0.0
1975-01-29 00:00:00-05:00,0.06238643452525139,0.06238643452525139,0.06238643452525139,0.06238643452525139,0,0.0,0.0
1975-01-30 00:00:00-05:00,0.06238643452525139,0.06238643452525139,0.06238643452525139,0.06238643452525139,0,0.0,0.0
1975-01-31 00:00:00-05:00,0.0,0.06758539738381932,0.059787020087242126,0.059787020087242126,21600,0.0,0.0
1975-02-03 00:00:00-05:00,0.0,0.07018481204937166,0.06238643452525139,0.06238643452525139,144000,0.0,0.0
1975-02-04 00:00:00-05:00,0.06238643452525139,0.06238643452525139,0.06238643452525139,0.06238643452525139,0,0.0,0.0
1975-02-05 00:00:00-05:00,0.0,0.06758539738381932,0.059787020087242126,0.059787020087242126,21600,0.0,0.0
1975-02-06 00:00:00-05:00,0.0,0.06758539738381932,0.059787020087242126,0.059787020087242126,36000,0.0,0.0
1975-02-07 00:00:00-05:00,0.0,0.06758539738381932,0.059787020087242126,0.059787020087242126,21600,0.0,0.0
1975-02-10 00:00:00-05:00,0.0,0.06758539738381932,0.059787020087242126,0.059787020087242126,14400,0.0,0.0
1975-02-11 00:00:00-05:00,0.059787020087242126,0.059787020087242126,0.059787020087242126,0.059787020087242126,0,0.0,0.0
1975-02-12 00:00:00-05:00,0.0,0.0649859320134634,0.05718773975968361,0.05718773975968361,21600,0.0,0.0
1975-02-13 00:00:00-05:00,0.0,0.0649859320134634,0.05718773975968361,0.05718773975968361,21600,0.0,0.0
1975-02-14 00:00:00-05:00,0.0,0.06758539738381932,0.059787020087242126,0.059787020087242126,28800,0.0,0.0
1975-02-18 00:00:00-05:00,0.0,0.07538374300463035,0.06758536398410797,0.06758536398410797,144000,0.0,0.0
1975-02-19 00:00:00-05:00,0.06758536398410797,0.06758536398410797,0.06758536398410797,0.06758536398410797,0,0.0,0.0
1975-02-20 00:00:00-05:00,0.0,0.07538374300463035,0.06758536398410797,0.06758536398410797,158400,0.0,0.0
1975-02-21 00:00:00-05:00,0.0,0.07538374300463035,0.06758536398410797,0.06758536398410797,36000,0.0,0.0
1975-02-24 00:00:00-04:00,0.0,0.07538374300463035,0.06758536398410797,0.06758536398410797,43200,0.0,0.0
1975-02-25 00:00:00-04:00,0.0,0.07538374300463035,0.06758536398410797,0.06758536398410797,7200,0.0,0.0
1975-02-26 00:00:00-04:00,0.06758536398410797,0.06758536398410797,0.06758536398410797,0.06758536398410797,0,0.0,0.0
1975-02-27 00:00:00-04:00,0.0,0.07538374300463035,0.06758536398410797,0.06758536398410797,108000,0.0,0.0
1975-02-28 00:00:00-04:00,0.0,0.07538374300463035,0.06758536398410797,0.06758536398410797,14400,0.0,0.0
1975-03-03 00:00:00-04:00,0.0,0.07538374300463035,0.06758536398410797,0.06758536398410797,122400,0.0,0.0
1975-03-04 00:00:00-04:00,0.0,0.07538374300463035,0.06758536398410797,0.06758536398410797,122400,0.0,0.0
1975-03-05 00:00:00-04:00,0.06758536398410797,0.06758536398410797,0.06758536398410797,0.06758536398410797,0,0.0,0.0
1975-03-06 00:00:00-04:00,0.0,0.07538374300463035,0.06758536398410797,0.06758536398410797,79200,0.0,0.0
1975-03-07 00:00:00-04:00,0.0,0.07538374300463035,0.06758536398410797,0.06758536398410797,36000,0.0,0.0
1975-03-10 00:00:00-04:00,0.0,0.07538374300463035,0.06758536398410797,0.06758536398410797,151200,0.0,0.0
1975-03-11 00:00:00-04:00,0.0,0.07668338888212099,0.06884458661079407,0.06884458661079407,36000,0.0,0.0
1975-03-12 00:00:00-04:00,0.06884458661079407,0.06884458661079407,0.06884458661079407,0.06884458661079407,0,0.0,0.0
1975-03-13 00:00:00-04:00,0.0,0.07408393769224586,0.06628575176000595,0.06628575176000595,28800,0.0,0.0
1975-03-14 00:00:00-04:00,0.0,0.07928285965588146,0.07148448377847672,0.07148448377847672,144000,0.0,0.0
1975-03-17 00:00:00-04:00,0.0,0.08058261395309228,0.07278424501419067,0.07278424501419067,108000,0.0,0.0
1975-03-18 00:00:00-04:00,0.0,0.08058261395309228,0.07278424501419067,0.07278424501419067,72000,0.0,0.0
1975-03-19 00:00:00-04:00,0.0,0.07798319774120857,0.07018481940031052,0.07018481940031052,79200,0.0,0.0
1975-03-20 00:00:00-04:00,0.0,0.07668338888212099,0.06884458661079407,0.06884458661079407,50400,0.0,0.0
1975-03-21 00:00:00-04:00,0.0,0.07798319774120857,0.07018481940031052,0.07018481940031052,7200,0.0,0.0
1975-03-24 00:00:00-04:00,0.0,0.07538374300463035,0.06758536398410797,0.06758536398410797,7200,0.0,0.0
1975-03-25 00:00:00-04:00,0.0,0.07798319774120857,0.07018481940031052,0.07018481940031052,14400,0.0,0.0
1975-03-26 00:00:00-04:00,0.0,0.07798319774120857,0.07018481940031052,0.07018481940031052,7200,0.0,0.0
1975-03-27 00:00:00-04:00,0.07018481940031052,0.07018481940031052,0.07018481940031052,0.07018481940031052,0,0.0,0.0
1975-03-31 00:00:00-04:00,0.0,0.07798319774120857,0.07018481940031052,0.07018481940031052,36000,0.0,0.0
1975-04-01 00:00:00-04:00,0.0,0.07798319774120857,0.07018481940031052,0.07018481940031052,72000,0.0,0.0
1975-04-02 00:00:00-04:00,0.0,0.07798319774120857,0.07018481940031052,0.07018481940031052,7200,0.0,0.0
1975-04-03 00:00:00-04:00,0.0,0.07798319774120857,0.07018481940031052,0.07018481940031052,21600,0.0,0.0
1975-04-04 00:00:00-04:00,0.0,0.07798319774120857,0.07018481940031052,0.07018481940031052,165600,0.0,0.0
1975-04-07 00:00:00-04:00,0.0,0.08318198405774897,0.07538378983736038,0.07538378983736038,187200,0.0,0.0
1975-04-08 00:00:00-04:00,0.0,0.08318198405774897,0.07538378983736038,0.07538378983736038,43200,0.0,0.0
1975-04-09 00:00:00-04:00,0.0,0.08708127145233126,0.07928288727998734,0.07928288727998734,108000,0.0,0.0
1975-04-10 00:00:00-04:00,0.0,0.09877869899337227,0.09098031371831894,0.09098031371831894,201600,0.0,0.0
1975-04-11 00:00:00-04:00,0.09098031371831894,0.09098031371831894,0.09098031371831894,0.09098031371831894,0,0.0,0.0
1975-04-14 00:00:00-04:00,0.0,0.10137819115428215,0.09357981383800507,0.09357981383800507,122400,0.0,0.0
1975-04-15 00:00:00-04:00,0.0,0.09877869899337227,0.09098031371831894,0.09098031371831894,108000,0.0,0.0
1975-04-16 00:00:00-04:00,0.0,0.0961792380668245,0.0883808583021164,0.0883808583021164,36000,0.0,0.0
1975-04-17 00:00:00-04:00,0.0,0.09747884454332069,0.08968065679073334,0.08968065679073334,28800,0.0,0.0
1975-04-18 00:00:00-04:00,0.0,0.10137819115428215,0.09357981383800507,0.09357981383800507,86400,0.0,0.0
1975-04-21 00:00:00-04:00,0.0,0.10397762986047944,0.09617925435304642,0.09617925435304642,43200,0.0,0.0
1975-04-22 00:00:00-04:00,0.0,0.10397762986047944,0.09617925435304642,0.09617925435304642,28800,0.0,0.0
1975-04-23 00:00:00-04:00,0.0,0.10397762986047944,0.09617925435304642,0.09617925435304642,21600,0.0,0.0
1975-04-24 00:00:00-04:00,0.0,0.11441592978815633,0.10657693445682526,0.10657693445682526,122400,0.0,0.0
1975-04-25 00:00:00-04:00,0.0,0.11957414634069247,0.11177576333284378,0.11177576333284378,50400,0.0,0.0
1975-04-28 00:00:00-04:00,0.0,0.11441592978815633,0.10657693445682526,0.10657693445682526,136800,0.0,0.0
1975-04-29 00:00:00-04:00,0.0,0.1130756218697747,0.10527724772691727,0.10527724772691727,21600,0.0,0.0
1975-04-30 00:00:00-04:00,0.0,0.11441592978815633,0.10657693445682526,0.10657693445682526,108000,0.0,0.0
1975-05-01 00:00:00-04:00,0.0,0.1169747831471147,0.109176404774189,0.109176404774189,86400,0.0,0.0
1975-05-02 00:00:00-04:00,0.0,0.1169747831471147,0.109176404774189,0.109176404774189,14400,0.0,0.0
1975-05-05 00:00:00-04:00,0.0,0.1169747831471147,0.109176404774189,0.109176404774189,7200,0.0,0.0
1975-05-06 00:00:00-04:00,0.0,0.11441592978815633,0.10657693445682526,0.10657693445682526,21600,0.0,0.0
1975-05-07 00:00:00-04:00,0.0,0.11441592978815633,0.10657693445682526,0.10657693445682526,21600,0.0,0.0
1975-05-08 00:00:00-04:00,0.0,0.1169747831471147,0.109176404774189,0.109176404774189,352800,0.0,0.0
1975-05-09 00:00:00-04:00,0.0,0.12217365243961806,0.11441588401794434,0.11441588401794434,57600,0.0,0.0
1975-05-12 00:00:00-04:00,0.0,0.11831498355555566,0.11047618091106415,0.11047618091106415,187200,0.0,0.0
1975-05-13 00:00:00-04:00,0.0,0.12217365243961806,0.11441588401794434,0.11441588401794434,50400,0.0,0.0
1975-05-14 00:00:00-04:00,0.0,0.11957414634069247,0.11177576333284378,0.11177576333284378,72000,0.0,0.0
1975-05-15 00:00:00-04:00,0.11177576333284378,0.11177576333284378,0.11177576333284378,0.11177576333284378,0,0.0,0.0
1975-05-16 00:00:00-04:00,0.11177576333284378,0.11177576333284378,0.11177576333284378,0.11177576333284378,0,0.0,0.0
1975-05-19 00:00:00-04:00,0.0,0.11567509280530337,0.107876718044281,0.107876718044281,21600,0.0,0.0
1975-05-20 00:00:00-04:00,0.0,0.11567509280530337,0.107876718044281,0.107876718044281,28800,0.0,0.0
1975-05-21 00:00:00-04:00,0.0,0.1130756218697747,0.10527724772691727,0.10527724772691727,7200,0.0,0.0
1975-05-22 00:00:00-04:00,0.0,0.11567509280530337,0.107876718044281,0.107876718044281,14400,0.0,0.0
1975-05-23 00:00:00-04:00,0.0,0.11567509280530337,0.107876718044281,0.107876718044281,36000,0.0,0.0
1975-05-27 00:00:00-04:00,0.0,0.11567509280530337,0.107876718044281,0.107876718044281,57600,0.0,0.0
1975-05-28 00:00:00-04:00,0.0,0.1169747831471147,0.109176404774189,0.109176404774189,21600,0.0,0.0
1975-05-29 00:00:00-04:00,0.0,0.11957414634069247,0.11177576333284378,0.11177576333284378,43200,0.0,0.0
1975-05-30 00:00:00-04:00,0.0,0.11957414634069247,0.11177576333284378,0.11177576333284378,86400,0.0,0.0
1975-06-02 00:00:00-04:00,0.0,0.12477306116724093,0.11697468906641006,0.11697468906641006,64800,0.0,0.0
1975-06-03 00:00:00-04:00,0.0,0.12477306116724093,0.11697468906641006,0.11697468906641006,43200,0.0,0.0
1975-06-04 00:00:00-04:00,0.0,0.1234732608823412,0.11567507684230804,0.11567507684230804,21600,0.0,0.0
1975-06-05 00:00:00-04:00,0.0,0.12477306116724093,0.11697468906641006,0.11697468906641006,201600,0.0,0.0
1975-06-06 00:00:00-04:00,0.0,0.12477306116724093,0.11697468906641006,0.11697468906641006,86400,0.0,0.0
1975-06-09 00:00:00-04:00,0.0,0.12477306116724093,0.11697468906641006,0.11697468906641006,144000,0.0,0.0
1975-06-10 00:00:00-04:00,0.0,0.11957414634069247,0.11177576333284378,0.11177576333284378,72000,0.0,0.0
1975-06-11 00:00:00-04:00,0.0,0.11957414634069247,0.11177576333284378,0.11177576333284378,7200,0.0,0.0
1975-06-12 00:00:00-04:00,0.0,0.11441592978815633,0.10657693445682526,0.10657693445682526,57600,0.0,0.0
1975-06-13 00:00:00-04:00,0.0,0.11441592978815633,0.10657693445682526,0.10657693445682526,14400,0.0,0.0
1975-06-16 00:00:00-04:00,0.10657693445682526,0.10657693445682526,0.10657693445682526,0.10657693445682526,0,0.0,0.0
1975-06-17 00:00:00-04:00,0.0,0.11441592978815633,0.10657693445682526,0.10657693445682526,7200,0.0,0.0
1975-06-18 00:00:00-04:00,0.10657693445682526,0.10657693445682526,0.10657693445682526,0.10657693445682526,0,0.0,0.0
1975-06-19 00:00:00-04:00,0.0,0.1169747831471147,0.109176404774189,0.109176404774189,14400,0.0,0.0
1975-06-20 00:00:00-04:00,0.0,0.11957414634069247,0.11177576333284378,0.11177576333284378,36000,0.0,0.0
1975-06-23 00:00:00-04:00,0.0,0.12217365243961806,0.11441588401794434,0.11441588401794434,7200,0.0,0.0
1975-06-24 00:00:00-04:00,0.0,0.12217365243961806,0.11441588401794434,0.11441588401794434,43200,0.0,0.0
1975-06-25 00:00:00-04:00,0.0,0.11957414634069247,0.11177576333284378,0.11177576333284378,28800,0.0,0.0
1975-06-26 00:00:00-04:00,0.0,0.11441592978815633,0.10657693445682526,0.10657693445682526,144000,0.0,0.0
1975-06-27 00:00:00-04:00,0.0,0.1169747831471147,0.109176404774189,0.109176404774189,36000,0.0,0.0
1975-06-30 00:00:00-04:00,0.0,0.1169747831471147,0.109176404774189,0.109176404774189,7200,0.0,0.0
1975-07-01 00:00:00-04:00,0.0,0.1169747831471147,0.109176404774189,0.109176404774189,7200,0.0,0.0
1975-07-02 00:00:00-04:00,0.0,0.11441592978815633,0.10657693445682526,0.10657693445682526,64800,0.0,0.0
1975-07-03 00:00:00-04:00,0.0,0.1117757256761745,0.10397754609584808,0.10397754609584808,72000,0.0,0.0
1975-07-07 00:00:00-04:00,0.10397754609584808,0.10397754609584808,0.10397754609584808,0.10397754609584808,0,0.0,0.0
1975-07-08 00:00:00-04:00,0.10397754609584808,0.10397754609584808,0.10397754609584808,0.10397754609584808,0,0.0,0.0
1975-07-09 00:00:00-04:00,0.0,0.1117757256761745,0.10397754609584808,0.10397754609584808,21600,0.0,0.0
1975-07-10 00:00:00-04:00,0.10397754609584808,0.10397754609584808,0.10397754609584808,0.10397754609584808,0,0.0,0.0
1975-07-11 00:00:00-04:00,0.0,0.1117757256761745,0.10397754609584808,0.10397754609584808,14400,0.0,0.0
1975-07-14 00:00:00-04:00,0.0,0.1130756218697747,0.10527724772691727,0.10527724772691727,7200,0.0,0.0
1975-07-15 00:00:00-04:00,0.10527724772691727,0.10527724772691727,0.10527724772691727,0.10527724772691727,0,0.0,0.0
1975-07-16 00:00:00-04:00,0.0,0.1130756218697747,0.10527724772691727,0.10527724772691727,28800,0.0,0.0
1975-07-17 00:00:00-04:00,0.10527724772691727,0.10527724772691727,0.10527724772691727,0.10527724772691727,0,0.0,0.0
1975-07-18 00:00:00-04:00,0.0,0.1117757256761745,0.10397754609584808,0.10397754609584808,14400,0.0,0.0
1975-07-21 00:00:00-04:00,0.0,0.11047618610788208,0.10267779976129532,0.10267779976129532,7200,0.0,0.0
1975-07-22 00:00:00-04:00,0.0,0.10787675530716251,0.10007836669683456,0.10007836669683456,50400,0.0,0.0
1975-07-23 00:00:00-04:00,0.0,0.10657687097827817,0.09877868741750717,0.09877868741750717,36000,0.0,0.0
1975-07-24 00:00:00-04:00,0.0,0.10657687097827817,0.09877868741750717,0.09877868741750717,108000,0.0,0.0
1975-07-25 00:00:00-04:00,0.09877868741750717,0.09877868741750717,0.09877868741750717,0.09877868741750717,0,0.0,0.0
1975-07-28 00:00:00-04:00,0.0,0.10787675530716251,0.10007836669683456,0.10007836669683456,7200,0.0,0.0
1975-07-29 00:00:00-04:00,0.0,0.10657687097827817,0.09877868741750717,0.09877868741750717,21600,0.0,0.0
1975-07-30 00:00:00-04:00,0.0,0.1052772079729205,0.09747883677482605,0.09747883677482605,7200,0.0,0.0
1975-07-31 00:00:00-04:00,0.0,0.10657687097827817,0.09877868741750717,0.09877868741750717,14400,0.0,0.0
1975-08-01 00:00:00-04:00,0.0,0.10657687097827817,0.09877868741750717,0.09877868741750717,21600,0.0,0.0
1975-08-04 00:00:00-04:00,0.09877868741750717,0.09877868741750717,0.09877868741750717,0.09877868741750717,0,0.0,0.0
1975-08-05 00:00:00-04:00,0.0,0.11567509280530337,0.107876718044281,0.107876718044281,180000,0.0,0.0
1975-08-06 00:00:00-04:00,0.0,0.11441592978815633,0.10657693445682526,0.10657693445682526,129600,0.0,0.0
1975-08-07 00:00:00-04:00,0.0,0.11441592978815633,0.10657693445682526,0.10657693445682526,36000,0.0,0.0
1975-08-08 00:00:00-04:00,0.0,0.11567509280530337,0.107876718044281,0.107876718044281,28800,0.0,0.0
1975-08-11 00:00:00-04:00,0.0,0.11567509280530337,0.107876718044281,0.107876718044281,14400,0.0,0.0
1975-08-12 00:00:00-04:00,0.0,0.11831498355555566,0.11047618091106415,0.11047618091106415,36000,0.0,0.0
1975-08-13 00:00:00-04:00,0.11047618091106415,0.11047618091106415,0.11047618091106415,0.11047618091106415,0,0.0,0.0
1975-08-14 00:00:00-04:00,0.0,0.1169747831471147,0.109176404774189,0.109176404774189,64800,0.0,0.0
1975-08-15 00:00:00-04:00,0.0,0.1169747831471147,0.109176404774189,0.109176404774189,36000,0.0,0.0
1975-08-18 00:00:00-04:00,0.109176404774189,0.109176404774189,0.109176404774189,0.109176404774189,0,0.0,0.0
1975-08-19 00:00:00-04:00,0.0,0.11441592978815633,0.10657693445682526,0.10657693445682526,14400,0.0,0.0
1975-08-20 00:00:00-04:00,0.0,0.1117757256761745,0.10397754609584808,0.10397754609584808,21600,0.0,0.0
1975-08-21 00:00:00-04:00,0.0,0.1117757256761745,0.10397754609584808,0.10397754609584808,28800,0.0,0.0
1975-08-22 00:00:00-04:00,0.0,0.1117757256761745,0.10397754609584808,0.10397754609584808,28800,0.0,0.0
1975-08-25 00:00:00-04:00,0.0,0.10917637806221411,0.1013781800866127,0.1013781800866127,21600,0.0,0.0
1975-08-26 00:00:00-04:00,0.1013781800866127,0.1013781800866127,0.1013781800866127,0.1013781800866127,0,0.0,0.0
1975-08-27 00:00:00-04:00,0.1013781800866127,0.1013781800866127,0.1013781800866127,0.1013781800866127,0,0.0,0.0
1975-08-28 00:00:00-04:00,0.1013781800866127,0.1013781800866127,0.1013781800866127,0.1013781800866127,0,0.0,0.0
1975-08-29 00:00:00-04:00,0.0,0.10917637806221411,0.1013781800866127,0.1013781800866127,21600,0.0,0.0
1975-09-02 00:00:00-04:00,0.0,0.1169747831471147,0.109176404774189,0.109176404774189,100800,0.0,0.0
1975-09-03 00:00:00-04:00,0.0,0.11567509280530337,0.107876718044281,0.107876718044281,50400,0.0,0.0
1975-09-04 00:00:00-04:00,0.0,0.1117757256761745,0.10397754609584808,0.10397754609584808,14400,0.0,0.0
1975-09-05 00:00:00-04:00,0.0,0.1117757256761745,0.10397754609584808,0.10397754609584808,14400,0.0,0.0
1975-09-08 00:00:00-04:00,0.0,0.1117757256761745,0.10397754609584808,0.10397754609584808,7200,0.0,0.0
1975-09-09 00:00:00-04:00,0.0,0.10917637806221411,0.1013781800866127,0.1013781800866127,28800,0.0,0.0
1975-09-10 00:00:00-04:00,0.0,0.10657687097827817,0.09877868741750717,0.09877868741750717,21600,0.0,0.0
1975-09-11 00:00:00-04:00,0.09877868741750717,0.09877868741750717,0.09877868741750717,0.09877868741750717,0,0.0,0.0
1975-09-12 00:00:00-04:00,0.0,0.1052772079729205,0.09747883677482605,0.09747883677482605,14400,0.0,0.0
1975-09-15 00:00:00-04:00,0.09747883677482605,0.09747883677482605,0.09747883677482605,0.09747883677482605,0,0.0,0.0
1975-09-16 00:00:00-04:00,0.0,0.1052772079729205,0.09747883677482605,0.09747883677482605,21600,0.0,0.0
1975-09-17 00:00:00-04:00,0.09747883677482605,0.09747883677482605,0.09747883677482605,0.09747883677482605,0,0.0,0.0
1975-09-18 00:00:00-04:00,0.0,0.10787675530716251,0.10007836669683456,0.10007836669683456,7200,0.0,0.0
1975-09-19 00:00:00-04:00,0.0,0.10787675530716251,0.10007836669683456,0.10007836669683456,14400,0.0,0.0
1975-09-22 00:00:00-04:00,0.0,0.10397762986047944,0.09617925435304642,0.09617925435304642,21600,0.0,0.0
1975-09-23 00:00:00-04:00,0.0,0.10397762986047944,0.09617925435304642,0.09617925435304642,7200,0.0,0.0
1975-09-24 00:00:00-04:00,0.09617925435304642,0.09617925435304642,0.09617925435304642,0.09617925435304642,0,0.0,0.0
1975-09-25 00:00:00-04:00,0.0,0.10397762986047944,0.09617925435304642,0.09617925435304642,7200,0.0,0.0
1975-09-26 00:00:00-04:00,0.0,0.10787675530716251,0.10007836669683456,0.10007836669683456,57600,0.0,0.0
1975-09-29 00:00:00-04:00,0.10007836669683456,0.10007836669683456,0.10007836669683456,0.10007836669683456,0,0.0,0.0
1975-09-30 00:00:00-04:00,0.10007836669683456,0.10007836669683456,0.10007836669683456,0.10007836669683456,0,0.0,0.0
1975-10-01 00:00:00-04:00,0.0,0.10657687097827817,0.09877868741750717,0.09877868741750717,7200,0.0,0.0
1975-10-02 00:00:00-04:00,0.0,0.10657687097827817,0.09877868741750717,0.09877868741750717,7200,0.0,0.0
1975-10-03 00:00:00-04:00,0.09877868741750717,0.09877868741750717,0.09877868741750717,0.09877868741750717,0,0.0,0.0
1975-10-06 00:00:00-04:00,0.09877868741750717,0.09877868741750717,0.09877868741750717,0.09877868741750717,0,0.0,0.0
1975-10-07 00:00:00-04:00,0.0,0.10787675530716251,0.10007836669683456,0.10007836669683456,7200,0.0,0.0
1975-10-08 00:00:00-04:00,0.0,0.10787675530716251,0.10007836669683456,0.10007836669683456,21600,0.0,0.0
1975-10-09 00:00:00-04:00,0.10007836669683456,0.10007836669683456,0.10007836669683456,0.10007836669683456,0,0.0,0.0
1975-10-10 00:00:00-04:00,0.0,0.10917637806221411,0.1013781800866127,0.1013781800866127,21600,0.0,0.0
1975-10-13 00:00:00-04:00,0.0,0.10917637806221411,0.1013781800866127,0.1013781800866127,14400,0.0,0.0
1975-10-14 00:00:00-04:00,0.0,0.11047618610788208,0.10267779976129532,0.10267779976129532,28800,0.0,0.0
1975-10-15 00:00:00-04:00,0.10267779976129532,0.10267779976129532,0.10267779976129532,0.10267779976129532,0,0.0,0.0
1975-10-16 00:00:00-04:00,0.0,0.11047618610788208,0.10267779976129532,0.10267779976129532,7200,0.0,0.0
1975-10-17 00:00:00-04:00,0.0,0.10787675530716251,0.10007836669683456,0.10007836669683456,57600,0.0,0.0
1975-10-20 00:00:00-04:00,0.10007836669683456,0.10007836669683456,0.10007836669683456,0.10007836669683456,0,0.0,0.0
1975-10-21 00:00:00-04:00,0.10007836669683456,0.10007836669683456,0.10007836669683456,0.10007836669683456,0,0.0,0.0
1975-10-22 00:00:00-04:00,0.0,0.10397762986047944,0.09617925435304642,0.09617925435304642,21600,0.0,0.0
1975-10-23 00:00:00-04:00,0.09617925435304642,0.09617925435304642,0.09617925435304642,0.09617925435304642,0,0.0,0.0
1975-10-24 00:00:00-04:00,0.09617925435304642,0.09617925435304642,0.09617925435304642,0.09617925435304642,0,0.0,0.0
1975-10-27 00:00:00-05:00,0.0,0.1130756218697747,0.10527724772691727,0.10527724772691727,93600,0.0,0.0
1975-10-28 00:00:00-05:00,0.0,0.1169747831471147,0.109176404774189,0.109176404774189,64800,0.0,0.0
1975-10-29 00:00:00-05:00,0.0,0.11441592978815633,0.10657693445682526,0.10657693445682526,28800,0.0,0.0
1975-10-30 00:00:00-05:00,0.0,0.11567509280530337,0.107876718044281,0.107876718044281,36000,0.0,0.0
1975-10-31 00:00:00-05:00,0.0,0.11441592978815633,0.10657693445682526,0.10657693445682526,21600,0.0,0.0
1975-11-03 00:00:00-05:00,0.0,0.11567509280530337,0.107876718044281,0.107876718044281,14400,0.0,0.0
1975-11-04 00:00:00-05:00,0.0,0.1169747831471147,0.109176404774189,0.109176404774189,7200,0.0,0.0
1975-11-05 00:00:00-05:00,0.0,0.1169747831471147,0.109176404774189,0.109176404774189,21600,0.0,0.0
1975-11-06 00:00:00-05:00,0.0,0.1169747831471147,0.109176404774189,0.109176404774189,28800,0.0,0.0
1975-11-07 00:00:00-05:00,0.0,0.11957414634069247,0.11177576333284378,0.11177576333284378,43200,0.0,0.0
1975-11-10 00:00:00-05:00,0.0,0.11957414634069247,0.11177576333284378,0.11177576333284378,43200,0.0,0.0
1975-11-11 00:00:00-05:00,0.11177576333284378,0.11177576333284378,0.11177576333284378,0.11177576333284378,0,0.0,0.0
1975-11-12 00:00:00-05:00,0.0,0.12087380112029693,0.1130756065249443,0.1130756065249443,21600,0.0,0.0
1975-11-13 00:00:00-05:00,0.0,0.12087380112029693,0.1130756065249443,0.1130756065249443,57600,0.0,0.0
1975-11-14 00:00:00-05:00,0.0,0.11831498355555566,0.11047618091106415,0.11047618091106415,79200,0.0,0.0
1975-11-17 00:00:00-05:00,0.11047618091106415,0.11047618091106415,0.11047618091106415,0.11047618091106415,0,0.0,0.0
1975-11-18 00:00:00-05:00,0.0,0.11957414634069247,0.11177576333284378,0.11177576333284378,28800,0.0,0.0
1975-11-19 00:00:00-05:00,0.0,0.11441592978815633,0.10657693445682526,0.10657693445682526,50400,0.0,0.0
1975-11-20 00:00:00-05:00,0.10657693445682526,0.10657693445682526,0.10657693445682526,0.10657693445682526,0,0.0,0.0
1975-11-21 00:00:00-05:00,0.0,0.11441592978815633,0.10657693445682526,0.10657693445682526,43200,0.0,0.0
1975-11-24 00:00:00-05:00,0.10657693445682526,0.10657693445682526,0.10657693445682526,0.10657693445682526,0,0.0,0.0
1975-11-25 00:00:00-05:00,0.0,0.1169747831471147,0.109176404774189,0.109176404774189,21600,0.0,0.0
1975-11-26 00:00:00-05:00,0.0,0.1169747831471147,0.109176404774189,0.109176404774189,21600,0.0,0.0
1975-11-28 00:00:00-05:00,0.109176404774189,0.109176404774189,0.109176404774189,0.109176404774189,0,0.0,0.0
1975-12-01 00:00:00-05:00,0.109176404774189,0.109176404774189,0.109176404774189,0.109176404774189,0,0.0,0.0
1975-12-02 00:00:00-05:00,0.0,0.11441592978815633,0.10657693445682526,0.10657693445682526,36000,0.0,0.0
1975-12-03 00:00:00-05:00,0.0,0.10917637806221411,0.1013781800866127,0.1013781800866127,36000,0.0,0.0
1975-12-04 00:00:00-05:00,0.0,0.10917637806221411,0.1013781800866127,0.1013781800866127,21600,0.0,0.0
1975-12-05 00:00:00-05:00,0.0,0.10917637806221411,0.1013781800866127,0.1013781800866127,72000,0.0,0.0
1975-12-08 00:00:00-05:00,0.0,0.10917637806221411,0.1013781800866127,0.1013781800866127,28800,0.0,0.0
1975-12-09 00:00:00-05:00,0.0,0.10917637806221411,0.1013781800866127,0.1013781800866127,43200,0.0,0.0
1975-12-10 00:00:00-05:00,0.0,0.10917637806221411,0.1013781800866127,0.1013781800866127,36000,0.0,0.0
1975-12-11 00:00:00-05:00,0.0,0.10917637806221411,0.1013781800866127,0.1013781800866127,36000,0.0,0.0
1975-12-12 00:00:00-05:00,0.1013781800866127,0.1013781800866127,0.1013781800866127,0.1013781800866127,0,0.0,0.0
1975-12-15 00:00:00-05:00,0.0,0.10657687097827817,0.09877868741750717,0.09877868741750717,36000,0.0,0.0
1975-12-16 00:00:00-05:00,0.0,0.10657687097827817,0.09877868741750717,0.09877868741750717,14400,0.0,0.0
1975-12-17 00:00:00-05:00,0.0,0.11047618610788208,0.10267779976129532,0.10267779976129532,36000,0.0,0.0
1975-12-18 00:00:00-05:00,0.0,0.1117757256761745,0.10397754609584808,0.10397754609584808,14400,0.0,0.0
1975-12-19 00:00:00-05:00,0.0,0.1117757256761745,0.10397754609584808,0.10397754609584808,21600,0.0,0.0
1975-12-22 00:00:00-05:00,0.0,0.10917637806221411,0.1013781800866127,0.1013781800866127,43200,0.0,0.0
1975-12-23 00:00:00-05:00,0.0,0.10917637806221411,0.1013781800866127,0.1013781800866127,28800,0.0,0.0
1975-12-24 00:00:00-05:00,0.0,0.10917637806221411,0.1013781800866127,0.1013781800866127,7200,0.0,0.0
1975-12-26 00:00:00-05:00,0.1013781800866127,0.1013781800866127,0.1013781800866127,0.1013781800866127,0,0.0,0.0
1975-12-29 00:00:00-05:00,0.0,0.1117757256761745,0.10397754609584808,0.10397754609584808,43200,0.0,0.0
1975-12-30 00:00:00-05:00,0.10397754609584808,0.10397754609584808,0.10397754609584808,0.10397754609584808,0,0.0,0.0
1975-12-31 00:00:00-05:00,0.10397754609584808,0.10397754609584808,0.10397754609584808,0.10397754609584808,0,0.0,0.0
1976-01-02 00:00:00-05:00,0.0,0.1117757256761745,0.10397754609584808,0.10397754609584808,14400,0.0,0.0
1976-01-05 00:00:00-05:00,0.0,0.1117757256761745,0.10397754609584808,0.10397754609584808,7200,0.0,0.0
1976-01-06 00:00:00-05:00,0.0,0.11441592978815633,0.10657693445682526,0.10657693445682526,7200,0.0,0.0
1976-01-07 00:00:00-05:00,0.0,0.11441592978815633,0.10657693445682526,0.10657693445682526,50400,0.0,0.0
1976-01-08 00:00:00-05:00,0.0,0.11441592978815633,0.10657693445682526,0.10657693445682526,21600,0.0,0.0
1976-01-09 00:00:00-05:00,0.0,0.11441592978815633,0.10657693445682526,0.10657693445682526,64800,0.0,0.0
1976-01-12 00:00:00-05:00,0.0,0.11567509280530337,0.107876718044281,0.107876718044281,36000,0.0,0.0
1976-01-13 00:00:00-05:00,0.0,0.11441592978815633,0.10657693445682526,0.10657693445682526,36000,0.0,0.0
1976-01-14 00:00:00-05:00,0.0,0.1117757256761745,0.10397754609584808,0.10397754609584808,14400,0.0,0.0
1976-01-15 00:00:00-05:00,0.0,0.1117757256761745,0.10397754609584808,0.10397754609584808,36000,0.0,0.0
1976-01-16 00:00:00-05:00,0.0,0.1117757256761745,0.10397754609584808,0.10397754609584808,7200,0.0,0.0
1976-01-19 00:00:00-05:00,0.0,0.1117757256761745,0.10397754609584808,0.10397754609584808,14400,0.0,0.0
1976-01-20 00:00:00-05:00,0.0,0.11441592978815633,0.10657693445682526,0.10657693445682526,72000,0.0,0.0
1976-01-21 00:00:00-05:00,0.10657693445682526,0.10657693445682526,0.10657693445682526,0.10657693445682526,0,0.0,0.0
1976-01-22 00:00:00-05:00,0.10657693445682526,0.10657693445682526,0.10657693445682526,0.10657693445682526,0,0.0,0.0
1976-01-23 00:00:00-05:00,0.0,0.11957414634069247,0.11177576333284378,0.11177576333284378,50400,0.0,0.0
1976-01-26 00:00:00-05:00,0.0,0.12087380112029693,0.1130756065249443,0.1130756065249443,50400,0.0,0.0
1976-01-27 00:00:00-05:00,0.0,0.12217365243961806,0.11441588401794434,0.11441588401794434,28800,0.0,0.0
1976-01-28 00:00:00-05:00,0.0,0.11957414634069247,0.11177576333284378,0.11177576333284378,64800,0.0,0.0
1976-01-29 00:00:00-05:00,0.0,0.11957414634069247,0.11177576333284378,0.11177576333284378,64800,0.0,0.0
1976-01-30 00:00:00-05:00,0.0,0.11957414634069247,0.11177576333284378,0.11177576333284378,93600,0.0,0.0
1976-02-02 00:00:00-05:00,0.0,0.12217365243961806,0.11441588401794434,0.11441588401794434,36000,0.0,0.0
1976-02-03 00:00:00-05:00,0.0,0.12217365243961806,0.11441588401794434,0.11441588401794434,50400,0.0,0.0
1976-02-04 00:00:00-05:00,0.0,0.12737257176914743,0.11957419663667679,0.11957419663667679,86400,0.0,0.0
1976-02-05 00:00:00-05:00,0.0,0.13253062319798586,0.1247730478644371,0.1247730478644371,57600,0.0,0.0
1976-02-06 00:00:00-05:00,0.0,0.1312716572529656,0.12347327172756194,0.12347327172756195,43200,0.0,0.0
1976-02-09 00:00:00-05:00,0.0,0.13253062319798586,0.1247730478644371,0.1247730478644371,14400,0.0,0.0
1976-02-10 00:00:00-05:00,0.1247730478644371,0.1247730478644371,0.1247730478644371,0.1247730478644371,0,0.0,0.0
1976-02-11 00:00:00-05:00,0.1247730478644371,0.1247730478644371,0.1247730478644371,0.1247730478644371,0,0.0,0.0
1976-02-12 00:00:00-05:00,0.0,0.13253062319798586,0.1247730478644371,0.1247730478644371,14400,0.0,0.0
1976-02-13 00:00:00-05:00,0.1247730478644371,0.1247730478644371,0.1247730478644371,0.1247730478644371,0,0.0,0.0
1976-02-17 00:00:00-05:00,0.0,0.1312716572529656,0.12347327172756194,0.12347327172756195,21600,0.0,0.0
1976-02-18 00:00:00-05:00,0.0,0.13253062319798586,0.1247730478644371,0.1247730478644371,36000,0.0,0.0
1976-02-19 00:00:00-05:00,0.0,0.13253062319798586,0.1247730478644371,0.1247730478644371,36000,0.0,0.0
1976-02-20 00:00:00-05:00,0.0,0.13253062319798586,0.1247730478644371,0.1247730478644371,21600,0.0,0.0
1976-02-23 00:00:00-05:00,0.0,0.13253062319798586,0.1247730478644371,0.1247730478644371,57600,0.0,0.0
1976-02-24 00:00:00-05:00,0.0,0.13253062319798586,0.1247730478644371,0.1247730478644371,21600,0.0,0.0
1976-02-25 00:00:00-05:00,0.0,0.13253062319798586,0.1247730478644371,0.1247730478644371,36000,0.0,0.0
1976-02-26 00:00:00-05:00,0.0,0.13253062319798586,0.1247730478644371,0.1247730478644371,36000,0.0,0.0
1976-02-27 00:00:00-05:00,0.0,0.13253062319798586,0.1247730478644371,0.1247730478644371,36000,0.0,0.0
1976-03-01 00:00:00-05:00,0.0,0.13253062319798586,0.1247730478644371,0.1247730478644371,36000,0.0,0.0
1976-03-02 00:00:00-05:00,0.0,0.13517081108284,0.1273726224899292,0.1273726224899292,28800,0.0,0.0
1976-03-03 00:00:00-05:00,0.0,0.13647049293385036,0.12867212295532227,0.12867212295532227,7200,0.0,0.0
1976-03-04 00:00:00-05:00,0.0,0.13647049293385036,0.12867212295532227,0.12867212295532227,14400,0.0,0.0
1976-03-05 00:00:00-05:00,0.12867212295532227,0.12867212295532227,0.12867212295532227,0.12867212295532227,0,0.0,0.0
1976-03-08 00:00:00-05:00,0.0,0.13777020643843674,0.12997183203697205,0.12997183203697205,21600,0.0,0.0
1976-03-09 00:00:00-05:00,0.0,0.14036979233961674,0.1325307935476303,0.1325307935476303,7200,0.0,0.0
1976-03-10 00:00:00-05:00,0.0,0.14036979233961674,0.1325307935476303,0.1325307935476303,64800,0.0,0.0
1976-03-11 00:00:00-05:00,0.0,0.13777020643843674,0.12997183203697205,0.12997183203697205,14400,0.0,0.0
1976-03-12 00:00:00-05:00,0.0,0.13777020643843674,0.12997183203697205,0.12997183203697205,21600,0.0,0.0
1976-03-15 00:00:00-05:00,0.0,0.13517081108284,0.1273726224899292,0.1273726224899292,36000,0.0,0.0
1976-03-16 00:00:00-05:00,0.0,0.1312716572529656,0.12347327172756194,0.12347327172756195,100800,0.0,0.0
1976-03-17 00:00:00-05:00,0.0,0.13253062319798586,0.1247730478644371,0.1247730478644371,14400,0.0,0.0
1976-03-18 00:00:00-05:00,0.0,0.1312716572529656,0.12347327172756194,0.12347327172756195,57600,0.0,0.0
1976-03-19 00:00:00-05:00,0.0,0.1312716572529656,0.12347327172756194,0.12347327172756195,28800,0.0,0.0
1976-03-22 00:00:00-05:00,0.12347327172756194,0.12347327172756194,0.12347327172756194,0.12347327172756195,0,0.0,0.0
1976-03-23 00:00:00-05:00,0.0,0.13253062319798586,0.1247730478644371,0.1247730478644371,64800,0.0,0.0
1976-03-24 00:00:00-05:00,0.0,0.1338710885373682,0.1260727047920227,0.1260727047920227,79200,0.0,0.0
1976-03-25 00:00:00-05:00,0.1260727047920227,0.1260727047920227,0.1260727047920227,0.1260727047920227,0,0.0,0.0
1976-03-26 00:00:00-05:00,0.0,0.13647049293385036,0.12867212295532227,0.12867212295532227,21600,0.0,0.0
1976-03-29 00:00:00-05:00,0.0,0.13647049293385036,0.12867212295532227,0.12867212295532227,7200,0.0,0.0
1976-03-30 00:00:00-05:00,0.12867212295532227,0.12867212295532227,0.12867212295532227,0.12867212295532227,0,0.0,0.0
1976-03-31 00:00:00-05:00,0.0,0.13517081108284,0.1273726224899292,0.1273726224899292,7200,0.0,0.0
1976-04-01 00:00:00-05:00,0.0,0.13517081108284,0.1273726224899292,0.1273726224899292,21600,0.0,0.0
1976-04-02 00:00:00-05:00,0.0,0.13517081108284,0.1273726224899292,0.1273726224899292,7200,0.0,0.0
1976-04-05 00:00:00-05:00,0.0,0.1338710885373682,0.1260727047920227,0.1260727047920227,201600,0.0,0.0
1976-04-06 00:00:00-05:00,0.1260727047920227,0.1260727047920227,0.1260727047920227,0.1260727047920227,0,0.0,0.0
1976-04-07 00:00:00-05:00,0.1260727047920227,0.1260727047920227,0.1260727047920227,0.1260727047920227,0,0.0,0.0
1976-04-08 00:00:00-05:00,0.0,0.1312716572529656,0.12347327172756194,0.12347327172756195,57600,0.0,0.0
1976-04-09 00:00:00-05:00,0.0,0.12997180540956035,0.12217362225055696,0.12217362225055695,28800,0.0,0.0
1976-04-12 00:00:00-05:00,0.12217362225055696,0.12217362225055696,0.12217362225055696,0.12217362225055695,0,0.0,0.0
1976-04-13 00:00:00-05:00,0.0,0.12867218244475453,0.12087380886077881,0.12087380886077881,208800,0.0,0.0
1976-04-14 00:00:00-05:00,0.0,0.12607281807325493,0.11831505596637726,0.11831505596637726,28800,0.0,0.0
1976-04-15 00:00:00-05:00,0.0,0.12607281807325493,0.11831505596637726,0.11831505596637726,36000,0.0,0.0
1976-04-19 00:00:00-05:00,0.0,0.1234732608823412,0.11567507684230804,0.11567507684230804,14400,0.0,0.0
1976-04-20 00:00:00-05:00,0.0,0.12217365243961806,0.11441588401794434,0.11441588401794434,28800,0.0,0.0
1976-04-21 00:00:00-05:00,0.0,0.12217365243961806,0.11441588401794434,0.11441588401794434,43200,0.0,0.0
1976-04-22 00:00:00-05:00,0.0,0.12217365243961806,0.11441588401794434,0.11441588401794434,36000,0.0,0.0
1976-04-23 00:00:00-05:00,0.0,0.12477306116724093,0.11697468906641006,0.11697468906641006,14400,0.0,0.0
1976-04-26 00:00:00-04:00,0.0,0.12607281807325493,0.11831505596637726,0.11831505596637726,28800,0.0,0.0
1976-04-27 00:00:00-04:00,0.0,0.12477306116724093,0.11697468906641006,0.11697468906641006,14400,0.0,0.0
1976-04-28 00:00:00-04:00,0.11697468906641006,0.11697468906641006,0.11697468906641006,0.11697468906641006,0,0.0,0.0
1976-04-29 00:00:00-04:00,0.0,0.12477306116724093,0.11697468906641006,0.11697468906641006,14400,0.0,0.0
1976-04-30 00:00:00-04:00,0.0,0.12477306116724093,0.11697468906641006,0.11697468906641006,14400,0.0,0.0
1976-05-03 00:00:00-04:00,0.0,0.12477306116724093,0.11697468906641006,0.11697468906641006,36000,0.0,0.0
1976-05-04 00:00:00-04:00,0.11697468906641006,0.11697468906641006,0.11697468906641006,0.11697468906641006,0,0.0,0.0
1976-05-05 00:00:00-04:00,0.0,0.12477306116724093,0.11697468906641006,0.11697468906641006,57600,0.0,0.0
1976-05-06 00:00:00-04:00,0.0,0.1234732608823412,0.11567507684230804,0.11567507684230804,21600,0.0,0.0
1976-05-07 00:00:00-04:00,0.0,0.12477306116724093,0.11697468906641006,0.11697468906641006,7200,0.0,0.0
1976-05-10 00:00:00-04:00,0.0,0.1234732608823412,0.11567507684230804,0.11567507684230804,21600,0.0,0.0
1976-05-11 00:00:00-04:00,0.11567507684230804,0.11567507684230804,0.11567507684230804,0.11567507684230804,0,0.0,0.0
1976-05-12 00:00:00-04:00,0.0,0.12087380112029693,0.1130756065249443,0.1130756065249443,7200,0.0,0.0
1976-05-13 00:00:00-04:00,0.1130756065249443,0.1130756065249443,0.1130756065249443,0.1130756065249443,0,0.0,0.0
1976-05-14 00:00:00-04:00,0.0,0.12087380112029693,0.1130756065249443,0.1130756065249443,21600,0.0,0.0
1976-05-17 00:00:00-04:00,0.0,0.12087380112029693,0.1130756065249443,0.1130756065249443,14400,0.0,0.0
1976-05-18 00:00:00-04:00,0.0,0.12087380112029693,0.1130756065249443,0.1130756065249443,43200,0.0,0.0
1976-05-19 00:00:00-04:00,0.0,0.12087380112029693,0.1130756065249443,0.1130756065249443,14400,0.0,0.0
1976-05-20 00:00:00-04:00,0.0,0.12087380112029693,0.1130756065249443,0.1130756065249443,43200,0.0,0.0
1976-05-21 00:00:00-04:00,0.1130756065249443,0.1130756065249443,0.1130756065249443,0.1130756065249443,0,0.0,0.0
1976-05-24 00:00:00-04:00,0.1130756065249443,0.1130756065249443,0.1130756065249443,0.1130756065249443,0,0.0,0.0
1976-05-25 00:00:00-04:00,0.0,0.11831498355555566,0.11047618091106415,0.11047618091106415,57600,0.0,0.0
1976-05-26 00:00:00-04:00,0.0,0.11831498355555566,0.11047618091106415,0.11047618091106415,14400,0.0,0.0
1976-05-27 00:00:00-04:00,0.0,0.1169747831471147,0.109176404774189,0.109176404774189,7200,0.0,0.0
1976-05-28 00:00:00-04:00,0.109176404774189,0.109176404774189,0.109176404774189,0.109176404774189,0,0.0,0.0
1976-06-01 00:00:00-04:00,0.0,0.1169747831471147,0.109176404774189,0.109176404774189,36000,0.0,0.0
1976-06-02 00:00:00-04:00,0.0,0.1169747831471147,0.109176404774189,0.109176404774189,14400,0.0,0.0
1976-06-03 00:00:00-04:00,0.109176404774189,0.109176404774189,0.109176404774189,0.109176404774189,0,0.0,0.0
1976-06-04 00:00:00-04:00,0.0,0.1169747831471147,0.109176404774189,0.109176404774189,14400,0.0,0.0
1976-06-07 00:00:00-04:00,0.0,0.1130756218697747,0.10527724772691727,0.10527724772691727,14400,0.0,0.0
1976-06-08 00:00:00-04:00,0.0,0.11441592978815633,0.10657693445682526,0.10657693445682526,7200,0.0,0.0
1976-06-09 00:00:00-04:00,0.0,0.1130756218697747,0.10527724772691727,0.10527724772691727,21600,0.0,0.0
1976-06-10 00:00:00-04:00,0.0,0.11441592978815633,0.10657693445682526,0.10657693445682526,21600,0.0,0.0
1976-06-11 00:00:00-04:00,0.0,0.11441592978815633,0.10657693445682526,0.10657693445682526,28800,0.0,0.0
1976-06-14 00:00:00-04:00,0.0,0.11957414634069247,0.11177576333284378,0.11177576333284378,43200,0.0,0.0
1976-06-15 00:00:00-04:00,0.0,0.11957414634069247,0.11177576333284378,0.11177576333284378,28800,0.0,0.0
1976-06-16 00:00:00-04:00,0.11177576333284378,0.11177576333284378,0.11177576333284378,0.11177576333284378,0,0.0,0.0
1976-06-17 00:00:00-04:00,0.11177576333284378,0.11177576333284378,0.11177576333284378,0.11177576333284378,0,0.0,0.0
1976-06-18 00:00:00-04:00,0.0,0.11957414634069247,0.11177576333284378,0.11177576333284378,7200,0.0,0.0
1976-06-21 00:00:00-04:00,0.11177576333284378,0.11177576333284378,0.11177576333284378,0.11177576333284378,0,0.0,0.0
1976-06-22 00:00:00-04:00,0.0,0.11831498355555566,0.11047618091106415,0.11047618091106415,14400,0.0,0.0
1976-06-23 00:00:00-04:00,0.0,0.1169747831471147,0.109176404774189,0.109176404774189,14400,0.0,0.0
1976-06-24 00:00:00-04:00,0.0,0.1169747831471147,0.109176404774189,0.109176404774189,14400,0.0,0.0
1976-06-25 00:00:00-04:00,0.0,0.1169747831471147,0.109176404774189,0.109176404774189,14400,0.0,0.0
1976-06-28 00:00:00-04:00,0.109176404774189,0.109176404774189,0.109176404774189,0.109176404774189,0,0.0,0.0
1976-06-29 00:00:00-04:00,0.0,0.11831498355555566,0.11047618091106415,0.11047618091106415,28800,0.0,0.0
1976-06-30 00:00:00-04:00,0.0,0.11957414634069247,0.11177576333284378,0.11177576333284378,57600,0.0,0.0
1976-07-01 00:00:00-04:00,0.11177576333284378,0.11177576333284378,0.11177576333284378,0.11177576333284378,0,0.0,0.0
1976-07-02 00:00:00-04:00,0.11177576333284378,0.11177576333284378,0.11177576333284378,0.11177576333284378,0,0.0,0.0
1976-07-06 00:00:00-04:00,0.11177576333284378,0.11177576333284378,0.11177576333284378,0.11177576333284378,0,0.0,0.0
1976-07-07 00:00:00-04:00,0.11177576333284378,0.11177576333284378,0.11177576333284378,0.11177576333284378,0,0.0,0.0
1976-07-08 00:00:00-04:00,0.0,0.11957414634069247,0.11177576333284378,0.11177576333284378,7200,0.0,0.0
1976-07-09 00:00:00-04:00,0.11177576333284378,0.11177576333284378,0.11177576333284378,0.11177576333284378,0,0.0,0.0
1976-07-12 00:00:00-04:00,0.11177576333284378,0.11177576333284378,0.11177576333284378,0.11177576333284378,0,0.0,0.0
1976-07-13 00:00:00-04:00,0.11177576333284378,0.11177576333284378,0.11177576333284378,0.11177576333284378,0,0.0,0.0
1976-07-14 00:00:00-04:00,0.11177576333284378,0.11177576333284378,0.11177576333284378,0.11177576333284378,0,0.0,0.0
1976-07-15 00:00:00-04:00,0.0,0.11957414634069247,0.11177576333284378,0.11177576333284378,43200,0.0,0.0
1976-07-16 00:00:00-04:00,0.11177576333284378,0.11177576333284378,0.11177576333284378,0.11177576333284378,0,0.0,0.0
1976-07-19 00:00:00-04:00,0.11177576333284378,0.11177576333284378,0.11177576333284378,0.11177576333284378,0,0.0,0.0
1976-07-20 00:00:00-04:00,0.11177576333284378,0.11177576333284378,0.11177576333284378,0.11177576333284378,0,0.0,0.0
1976-07-21 00:00:00-04:00,0.11177576333284378,0.11177576333284378,0.11177576333284378,0.11177576333284378,0,0.0,0.0
1976-07-22 00:00:00-04:00,0.11177576333284378,0.11177576333284378,0.11177576333284378,0.11177576333284378,0,0.0,0.0
1976-07-23 00:00:00-04:00,0.0,0.11957414634069247,0.11177576333284378,0.11177576333284378,86400,0.0,0.0
1976-07-26 00:00:00-04:00,0.0,0.12087380112029693,0.1130756065249443,0.1130756065249443,14400,0.0,0.0
1976-07-27 00:00:00-04:00,0.0,0.11957414634069247,0.11177576333284378,0.11177576333284378,43200,0.0,0.0
1976-07-28 00:00:00-04:00,0.0,0.11831498355555566,0.11047618091106415,0.11047618091106415,7200,0.0,0.0
1976-07-29 00:00:00-04:00,0.0,0.11957414634069247,0.11177576333284378,0.11177576333284378,50400,0.0,0.0
1976-07-30 00:00:00-04:00,0.11177576333284378,0.11177576333284378,0.11177576333284378,0.11177576333284378,0,0.0,0.0
1976-08-02 00:00:00-04:00,0.11177576333284378,0.11177576333284378,0.11177576333284378,0.11177576333284378,0,0.0,0.0
1976-08-03 00:00:00-04:00,0.0,0.11957414634069247,0.11177576333284378,0.11177576333284378,28800,0.0,0.0
1976-08-04 00:00:00-04:00,0.0,0.12217365243961806,0.11441588401794434,0.11441588401794434,7200,0.0,0.0
1976-08-05 00:00:00-04:00,0.0,0.12217365243961806,0.11441588401794434,0.11441588401794434,7200,0.0,0.0
1976-08-06 00:00:00-04:00,0.0,0.12217365243961806,0.11441588401794434,0.11441588401794434,21600,0.0,0.0
1976-08-09 00:00:00-04:00,0.11441588401794434,0.11441588401794434,0.11441588401794434,0.11441588401794434,0,0.0,0.0
1976-08-10 00:00:00-04:00,0.0,0.12217365243961806,0.11441588401794434,0.11441588401794434,43200,0.0,0.0
1976-08-11 00:00:00-04:00,0.0,0.12217365243961806,0.11441588401794434,0.11441588401794434,36000,0.0,0.0
1976-08-12 00:00:00-04:00,0.11441588401794434,0.11441588401794434,0.11441588401794434,0.11441588401794434,0,0.0,0.0
1976-08-13 00:00:00-04:00,0.0,0.12217365243961806,0.11441588401794434,0.11441588401794434,7200,0.0,0.0
1976-08-16 00:00:00-04:00,0.11441588401794434,0.11441588401794434,0.11441588401794434,0.11441588401794434,0,0.0,0.0
1976-08-17 00:00:00-04:00,0.0,0.12217365243961806,0.11441588401794434,0.11441588401794434,36000,0.0,0.0
1976-08-18 00:00:00-04:00,0.11441588401794434,0.11441588401794434,0.11441588401794434,0.11441588401794434,0,0.0,0.0
1976-08-19 00:00:00-04:00,0.0,0.12217365243961806,0.11441588401794434,0.11441588401794434,180000,0.0,0.0
1976-08-20 00:00:00-04:00,0.0,0.12217365243961806,0.11441588401794434,0.11441588401794434,21600,0.0,0.0
1976-08-23 00:00:00-04:00,0.0,0.12217365243961806,0.11441588401794434,0.11441588401794434,14400,0.0,0.0
1976-08-24 00:00:00-04:00,0.0,0.12217365243961806,0.11441588401794434,0.11441588401794434,7200,0.0,0.0
1976-08-25 00:00:00-04:00,0.0,0.12217365243961806,0.11441588401794434,0.11441588401794434,43200,0.0,0.0
1976-08-26 00:00:00-04:00,0.11441588401794434,0.11441588401794434,0.11441588401794434,0.11441588401794434,0,0.0,0.0
1976-08-27 00:00:00-04:00,0.0,0.12217365243961806,0.11441588401794434,0.11441588401794434,14400,0.0,0.0
1976-08-30 00:00:00-04:00,0.11441588401794434,0.11441588401794434,0.11441588401794434,0.11441588401794434,0,0.0,0.0
1976-08-31 00:00:00-04:00,0.0,0.12087380112029693,0.1130756065249443,0.1130756065249443,21600,0.0,0.0
1976-09-01 00:00:00-04:00,0.0,0.12087380112029693,0.1130756065249443,0.1130756065249443,648000,0.0,0.0
1976-09-02 00:00:00-04:00,0.0,0.12087380112029693,0.1130756065249443,0.1130756065249443,360000,0.0,0.0
1976-09-03 00:00:00-04:00,0.0,0.12087380112029693,0.1130756065249443,0.1130756065249443,360000,0.0,0.0
1976-09-07 00:00:00-04:00,0.1130756065249443,0.1130756065249443,0.1130756065249443,0.1130756065249443,0,0.0,0.0
1976-09-08 00:00:00-04:00,0.1130756065249443,0.1130756065249443,0.1130756065249443,0.1130756065249443,0,0.0,0.0
1976-09-09 00:00:00-04:00,0.0,0.12087380112029693,0.1130756065249443,0.1130756065249443,36000,0.0,0.0
1976-09-10 00:00:00-04:00,0.1130756065249443,0.1130756065249443,0.1130756065249443,0.1130756065249443,0,0.0,0.0
1976-09-13 00:00:00-04:00,0.0,0.12087380112029693,0.1130756065249443,0.1130756065249443,540000,0.0,0.0
1976-09-14 00:00:00-04:00,0.1130756065249443,0.1130756065249443,0.1130756065249443,0.1130756065249443,0,0.0,0.0
1976-09-15 00:00:00-04:00,0.0,0.1234732608823412,0.11567507684230804,0.11567507684230804,14400,0.0,0.0
1976-09-16 00:00:00-04:00,0.0,0.1234732608823412,0.11567507684230804,0.11567507684230804,14400,0.0,0.0
1976-09-17 00:00:00-04:00,0.11567507684230804,0.11567507684230804,0.11567507684230804,0.11567507684230804,0,0.0,0.0
1976-09-20 00:00:00-04:00,0.0,0.12087380112029693,0.1130756065249443,0.1130756065249443,7200,0.0,0.0
1976-09-21 00:00:00-04:00,0.0,0.12087380112029693,0.1130756065249443,0.1130756065249443,14400,0.0,0.0
1976-09-22 00:00:00-04:00,0.0,0.11957414634069247,0.11177576333284378,0.11177576333284378,7200,0.0,0.0
1976-09-23 00:00:00-04:00,0.0,0.12217365243961806,0.11441588401794434,0.11441588401794434,540000,0.0,0.0
1976-09-24 00:00:00-04:00,0.11441588401794434,0.11441588401794434,0.11441588401794434,0.11441588401794434,0,0.0,0.0
1976-09-27 00:00:00-04:00,0.11441588401794434,0.11441588401794434,0.11441588401794434,0.11441588401794434,0,0.0,0.0
1976-09-28 00:00:00-04:00,0.0,0.12217365243961806,0.11441588401794434,0.11441588401794434,360000,0.0,0.0
1976-09-29 00:00:00-04:00,0.0,0.1169747831471147,0.109176404774189,0.109176404774189,43200,0.0,0.0
1976-09-30 00:00:00-04:00,0.0,0.1169747831471147,0.109176404774189,0.109176404774189,21600,0.0,0.0
1976-10-01 00:00:00-04:00,0.0,0.1169747831471147,0.109176404774189,0.109176404774189,14400,0.0,0.0
1976-10-04 00:00:00-04:00,0.109176404774189,0.109176404774189,0.109176404774189,0.109176404774189,0,0.0,0.0
1976-10-05 00:00:00-04:00,0.109176404774189,0.109176404774189,0.109176404774189,0.109176404774189,0,0.0,0.0
1976-10-06 00:00:00-04:00,0.0,0.1117757256761745,0.10397754609584808,0.10397754609584808,14400,0.0,0.0
1976-10-07 00:00:00-04:00,0.10397754609584808,0.10397754609584808,0.10397754609584808,0.10397754609584808,0,0.0,0.0
1976-10-08 00:00:00-04:00,0.0,0.1117757256761745,0.10397754609584808,0.10397754609584808,43200,0.0,0.0
1976-10-11 00:00:00-04:00,0.0,0.1117757256761745,0.10397754609584808,0.10397754609584808,14400,0.0,0.0
1976-10-12 00:00:00-04:00,0.0,0.1117757256761745,0.10397754609584808,0.10397754609584808,7200,0.0,0.0
1976-10-13 00:00:00-04:00,0.0,0.1117757256761745,0.10397754609584808,0.10397754609584808,7200,0.0,0.0
1976-10-14 00:00:00-04:00,0.10397754609584808,0.10397754609584808,0.10397754609584808,0.10397754609584808,0,0.0,0.0
1976-10-15 00:00:00-04:00,0.10397754609584808,0.10397754609584808,0.10397754609584808,0.10397754609584808,0,0.0,0.0
1976-10-18 00:00:00-04:00,0.0,0.1117757256761745,0.10397754609584808,0.10397754609584808,21600,0.0,0.0
1976-10-19 00:00:00-04:00,0.10397754609584808,0.10397754609584808,0.10397754609584808,0.10397754609584808,0,0.0,0.0
1976-10-20 00:00:00-04:00,0.0,0.1117757256761745,0.10397754609584808,0.10397754609584808,72000,0.0,0.0
1976-10-21 00:00:00-04:00,0.0,0.1117757256761745,0.10397754609584808,0.10397754609584808,14400,0.0,0.0
1976-10-22 00:00:00-04:00,0.0,0.1117757256761745,0.10397754609584808,0.10397754609584808,7200,0.0,0.0
1976-10-25 00:00:00-04:00,0.0,0.1117757256761745,0.10397754609584808,0.10397754609584808,7200,0.0,0.0
1976-10-26 00:00:00-04:00,0.0,0.1130756218697747,0.10527724772691727,0.10527724772691727,14400,0.0,0.0
1976-10-27 00:00:00-04:00,0.10527724772691727,0.10527724772691727,0.10527724772691727,0.10527724772691727,0,0.0,0.0
1976-10-28 00:00:00-04:00,0.10527724772691727,0.10527724772691727,0.10527724772691727,0.10527724772691727,0,0.0,0.0
1976-10-29 00:00:00-04:00,0.0,0.11441592978815633,0.10657693445682526,0.10657693445682526,79200,0.0,0.0
1976-11-01 00:00:00-05:00,0.0,0.1169747831471147,0.109176404774189,0.109176404774189,79200,0.0,0.0
1976-11-03 00:00:00-05:00,0.0,0.1130756218697747,0.10527724772691727,0.10527724772691727,50400,0.0,0.0
1976-11-04 00:00:00-05:00,0.0,0.1169747831471147,0.109176404774189,0.109176404774189,7200,0.0,0.0
1976-11-05 00:00:00-05:00,0.109176404774189,0.109176404774189,0.109176404774189,0.109176404774189,0,0.0,0.0
1976-11-08 00:00:00-05:00,0.0,0.11831498355555566,0.11047618091106415,0.11047618091106415,14400,0.0,0.0
1976-11-09 00:00:00-05:00,0.0,0.11957414634069247,0.11177576333284378,0.11177576333284378,14400,0.0,0.0
1976-11-10 00:00:00-05:00,0.0,0.11831498355555566,0.11047618091106415,0.11047618091106415,86400,0.0,0.0
1976-11-11 00:00:00-05:00,0.0,0.11957414634069247,0.11177576333284378,0.11177576333284378,7200,0.0,0.0
1976-11-12 00:00:00-05:00,0.0,0.12087380112029693,0.1130756065249443,0.1130756065249443,7200,0.0,0.0
1976-11-15 00:00:00-05:00,0.0,0.11957414634069247,0.11177576333284378,0.11177576333284378,14400,0.0,0.0
1976-11-16 00:00:00-05:00,0.0,0.12607281807325493,0.11831505596637726,0.11831505596637726,28800,0.0,0.0
1976-11-17 00:00:00-05:00,0.0,0.13517081108284,0.1273726224899292,0.1273726224899292,86400,0.0,0.0
1976-11-18 00:00:00-05:00,0.0,0.1338710885373682,0.1260727047920227,0.1260727047920227,136800,0.0,0.0
1976-11-19 00:00:00-05:00,0.0,0.13517081108284,0.1273726224899292,0.1273726224899292,108000,0.0,0.0
1976-11-22 00:00:00-05:00,0.0,0.1338710885373682,0.1260727047920227,0.1260727047920227,144000,0.0,0.0
1976-11-23 00:00:00-05:00,0.0,0.1338710885373682,0.1260727047920227,0.1260727047920227,122400,0.0,0.0
1976-11-24 00:00:00-05:00,0.0,0.1338710885373682,0.1260727047920227,0.1260727047920227,14400,0.0,0.0
1976-11-26 00:00:00-05:00,0.0,0.1338710885373682,0.1260727047920227,0.1260727047920227,7200,0.0,0.0
1976-11-29 00:00:00-05:00,0.1260727047920227,0.1260727047920227,0.1260727047920227,0.1260727047920227,0,0.0,0.0
1976-11-30 00:00:00-05:00,0.0,0.13517081108284,0.1273726224899292,0.1273726224899292,57600,0.0,0.0
1976-12-01 00:00:00-05:00,0.0,0.13907008223956338,0.13127170503139496,0.13127170503139496,165600,0.0,0.0
1976-12-02 00:00:00-05:00,0.0,0.14036979233961674,0.1325307935476303,0.1325307935476303,43200,0.0,0.0
1976-12-03 00:00:00-05:00,0.0,0.14036979233961674,0.1325307935476303,0.1325307935476303,21600,0.0,0.0
1976-12-06 00:00:00-05:00,0.0,0.14166937123520532,0.1338711827993393,0.1338711827993393,28800,0.0,0.0
1976-12-07 00:00:00-05:00,0.0,0.14036979233961674,0.1325307935476303,0.1325307935476303,36000,0.0,0.0
1976-12-08 00:00:00-05:00,0.0,0.14036979233961674,0.1325307935476303,0.1325307935476303,28800,0.0,0.0
1976-12-09 00:00:00-05:00,0.1325307935476303,0.1325307935476303,0.1325307935476303,0.1325307935476303,0,0.0,0.0
1976-12-10 00:00:00-05:00,0.0,0.14036979233961674,0.1325307935476303,0.1325307935476303,7200,0.0,0.0
1976-12-13 00:00:00-05:00,0.0,0.14036979233961674,0.1325307935476303,0.1325307935476303,72000,0.0,0.0
1976-12-14 00:00:00-05:00,0.0,0.14036979233961674,0.1325307935476303,0.1325307935476303,7200,0.0,0.0
1976-12-15 00:00:00-05:00,0.0,0.14036979233961674,0.1325307935476303,0.1325307935476303,43200,0.0,0.0
1976-12-16 00:00:00-05:00,0.0,0.14166937123520532,0.1338711827993393,0.1338711827993393,21600,0.0,0.0
1976-12-17 00:00:00-05:00,0.0,0.14166937123520532,0.1338711827993393,0.1338711827993393,7200,0.0,0.0
1976-12-20 00:00:00-05:00,0.0,0.14166937123520532,0.1338711827993393,0.1338711827993393,36000,0.0,0.0
1976-12-21 00:00:00-05:00,0.0,0.1429691125665271,0.13517072796821594,0.13517072796821594,28800,0.0,0.0
1976-12-22 00:00:00-05:00,0.0,0.14036979233961674,0.1325307935476303,0.1325307935476303,14400,0.0,0.0
1976-12-23 00:00:00-05:00,0.0,0.14556859125345203,0.13777020573616028,0.13777020573616028,36000,0.0,0.0
1976-12-27 00:00:00-05:00,0.0,0.14556859125345203,0.13777020573616028,0.13777020573616028,28800,0.0,0.0
1976-12-28 00:00:00-05:00,0.0,0.1468682031501758,0.13907001912593842,0.13907001912593842,100800,0.0,0.0
1976-12-29 00:00:00-05:00,0.0,0.1468682031501758,0.13907001912593842,0.13907001912593842,7200,0.0,0.0
1976-12-30 00:00:00-05:00,0.0,0.14816801156373077,0.14036963880062103,0.14036963880062103,14400,0.0,0.0
1976-12-31 00:00:00-05:00,0.0,0.1507675373714672,0.14296916127204895,0.14296916127204895,72000,0.0,0.0
1977-01-03 00:00:00-05:00,0.0,0.1520671875560606,0.14426881074905396,0.14426881074905396,64800,0.0,0.0
1977-01-04 00:00:00-05:00,0.0,0.1507675373714672,0.14296916127204895,0.14296916127204895,7200,0.0,0.0
1977-01-05 00:00:00-05:00,0.0,0.15600689156960046,0.14816808700561523,0.14816808700561523,136800,0.0,0.0
1977-01-06 00:00:00-05:00,0.0,0.15856576831731709,0.15076757967472076,0.15076757967472076,187200,0.0,0.0
1977-01-07 00:00:00-05:00,0.0,0.15600689156960046,0.14816808700561523,0.14816808700561523,93600,0.0,0.0
1977-01-10 00:00:00-05:00,0.0,0.15600689156960046,0.14816808700561523,0.14816808700561523,36000,0.0,0.0
1977-01-11 00:00:00-05:00,0.0,0.15600689156960046,0.14816808700561523,0.14816808700561523,43200,0.0,0.0
1977-01-12 00:00:00-05:00,0.0,0.15600689156960046,0.14816808700561523,0.14816808700561523,28800,0.0,0.0
1977-01-13 00:00:00-05:00,0.14816808700561523,0.14816808700561523,0.14816808700561523,0.14816808700561523,0,0.0,0.0
1977-01-14 00:00:00-05:00,0.0,0.15600689156960046,0.14816808700561523,0.14816808700561523,50400,0.0,0.0
1977-01-17 00:00:00-05:00,0.0,0.1533666693225736,0.14556849002838135,0.14556849002838135,136800,0.0,0.0
1977-01-18 00:00:00-05:00,0.0,0.1533666693225736,0.14556849002838135,0.14556849002838135,28800,0.0,0.0
1977-01-19 00:00:00-05:00,0.0,0.1533666693225736,0.14556849002838135,0.14556849002838135,50400,0.0,0.0
1977-01-20 00:00:00-05:00,0.0,0.1533666693225736,0.14556849002838135,0.14556849002838135,100800,0.0,0.0
1977-01-21 00:00:00-05:00,0.0,0.1533666693225736,0.14556849002838135,0.14556849002838135,43200,0.0,0.0
1977-01-24 00:00:00-05:00,0.0,0.1533666693225736,0.14556849002838135,0.14556849002838135,28800,0.0,0.0
1977-01-25 00:00:00-05:00,0.0,0.15466659941252855,0.14686821401119232,0.14686821401119232,50400,0.0,0.0
1977-01-26 00:00:00-05:00,0.0,0.1533666693225736,0.14556849002838135,0.14556849002838135,72000,0.0,0.0
1977-01-27 00:00:00-05:00,0.0,0.1533666693225736,0.14556849002838135,0.14556849002838135,7200,0.0,0.0
1977-01-28 00:00:00-05:00,0.0,0.1533666693225736,0.14556849002838135,0.14556849002838135,14400,0.0,0.0
1977-01-31 00:00:00-05:00,0.14556849002838135,0.14556849002838135,0.14556849002838135,0.14556849002838135,0,0.0,0.0
1977-02-01 00:00:00-05:00,0.0,0.15466659941252855,0.14686821401119232,0.14686821401119232,36000,0.0,0.0
1977-02-02 00:00:00-05:00,0.0,0.15466659941252855,0.14686821401119232,0.14686821401119232,14400,0.0,0.0
1977-02-03 00:00:00-05:00,0.0,0.15466659941252855,0.14686821401119232,0.14686821401119232,144000,0.0,0.0
1977-02-04 00:00:00-05:00,0.0,0.15466659941252855,0.14686821401119232,0.14686821401119232,122400,0.0,0.0
1977-02-07 00:00:00-05:00,0.0,0.15466659941252855,0.14686821401119232,0.14686821401119232,57600,0.0,0.0
1977-02-08 00:00:00-05:00,0.0,0.15466659941252855,0.14686821401119232,0.14686821401119232,21600,0.0,0.0
1977-02-09 00:00:00-05:00,0.0,0.15466659941252855,0.14686821401119232,0.14686821401119232,79200,0.0,0.0
1977-02-10 00:00:00-05:00,0.0,0.1572661564066687,0.14946776628494263,0.14946776628494263,79200,0.0,0.0
1977-02-11 00:00:00-05:00,0.14946776628494263,0.14946776628494263,0.14946776628494263,0.14946776628494263,0,0.0,0.0
1977-02-14 00:00:00-05:00,0.0,0.15856576831731709,0.15076757967472076,0.15076757967472076,28800,0.0,0.0
1977-02-15 00:00:00-05:00,0.0,0.16116517991613757,0.1533668041229248,0.1533668041229248,21600,0.0,0.0
1977-02-16 00:00:00-05:00,0.0,0.1702631298061549,0.1624649465084076,0.1624649465084076,100800,0.0,0.0
1977-02-17 00:00:00-05:00,0.0,0.17546209820245193,0.16766372323036194,0.16766372323036194,100800,0.0,0.0
1977-02-18 00:00:00-05:00,0.0,0.17676172137258703,0.16896353662014008,0.16896353662014008,79200,0.0,0.0
1977-02-22 00:00:00-05:00,0.0,0.18326053409882662,0.17546215653419495,0.17546215653419495,72000,0.0,0.0
1977-02-23 00:00:00-05:00,0.0,0.18585991852439948,0.17810215055942535,0.17810215055942535,57600,0.0,0.0
1977-02-24 00:00:00-05:00,0.0,0.17936132057599527,0.17156311869621277,0.17156311869621277,144000,0.0,0.0
1977-02-25 00:00:00-05:00,0.0,0.17936132057599527,0.17156311869621277,0.17156311869621277,14400,0.0,0.0
1977-02-28 00:00:00-05:00,0.0,0.18066095780222777,0.17286257445812225,0.17286257445812225,36000,0.0,0.0
1977-03-01 00:00:00-05:00,0.0,0.18196067883334813,0.17416249215602875,0.17416249215602875,7200,0.0,0.0
1977-03-02 00:00:00-05:00,0.0,0.18196067883334813,0.17416249215602875,0.17416249215602875,115200,0.0,0.0
1977-03-03 00:00:00-05:00,0.0,0.18196067883334813,0.17416249215602875,0.17416249215602875,14400,0.0,0.0
1977-03-04 00:00:00-05:00,0.0,0.18196067883334813,0.17416249215602875,0.17416249215602875,93600,0.0,0.0
1977-03-07 00:00:00-05:00,0.0,0.18196067883334813,0.17416249215602875,0.17416249215602875,21600,0.0,0.0
1977-03-08 00:00:00-05:00,0.0,0.18456009079115157,0.1767617166042328,0.1767617166042328,7200,0.0,0.0
1977-03-09 00:00:00-05:00,0.0,0.18326053409882662,0.17546215653419495,0.17546215653419495,36000,0.0,0.0
1977-03-10 00:00:00-05:00,0.0,0.18326053409882662,0.17546215653419495,0.17546215653419495,108000,0.0,0.0
1977-03-11 00:00:00-05:00,0.0,0.18066095780222777,0.17286257445812225,0.17286257445812225,79200,0.0,0.0
1977-03-14 00:00:00-05:00,0.0,0.17936132057599527,0.17156311869621277,0.17156311869621277,7200,0.0,0.0
1977-03-15 00:00:00-05:00,0.0,0.18066095780222777,0.17286257445812225,0.17286257445812225,57600,0.0,0.0
1977-03-16 00:00:00-05:00,0.0,0.18066095780222777,0.17286257445812225,0.17286257445812225,7200,0.0,0.0
1977-03-17 00:00:00-05:00,0.0,0.18196067883334813,0.17416249215602875,0.17416249215602875,93600,0.0,0.0
1977-03-18 00:00:00-05:00,0.0,0.18585991852439948,0.17810215055942535,0.17810215055942535,72000,0.0,0.0
1977-03-21 00:00:00-05:00,0.0,0.18715944486184985,0.17936107516288757,0.17936107516288757,93600,0.0,0.0
1977-03-22 00:00:00-05:00,0.0,0.18715944486184985,0.17936107516288757,0.17936107516288757,86400,0.0,0.0
1977-03-23 00:00:00-05:00,0.0,0.18845918130661615,0.18066100776195526,0.18066100776195526,216000,0.0,0.0
1977-03-24 00:00:00-05:00,0.0,0.18715944486184985,0.17936107516288757,0.17936107516288757,50400,0.0,0.0
1977-03-25 00:00:00-05:00,0.0,0.18715944486184985,0.17936107516288757,0.17936107516288757,14400,0.0,0.0
1977-03-28 00:00:00-05:00,0.0,0.18715944486184985,0.17936107516288757,0.17936107516288757,36000,0.0,0.0
1977-03-29 00:00:00-05:00,0.0,0.19235853774848397,0.1845601499080658,0.1845601499080658,72000,0.0,0.0
1977-03-30 00:00:00-05:00,0.0,0.19365810322414864,0.18585991859436035,0.18585991859436035,93600,0.0,0.0
1977-03-31 00:00:00-05:00,0.0,0.19755735100855357,0.18975895643234253,0.18975895643234253,172800,0.0,0.0
1977-04-01 00:00:00-05:00,0.0,0.19625761570428402,0.18845921754837036,0.18845921754837036,43200,0.0,0.0
1977-04-04 00:00:00-05:00,0.0,0.19495800499228721,0.18715962767601013,0.18715962767601013,28800,0.0,0.0
1977-04-05 00:00:00-05:00,0.0,0.19625761570428402,0.18845921754837036,0.18845921754837036,50400,0.0,0.0
1977-04-06 00:00:00-05:00,0.0,0.19885714888260086,0.19105876982212067,0.19105876982212067,100800,0.0,0.0
1977-04-07 00:00:00-05:00,0.0,0.19885714888260086,0.19105876982212067,0.19105876982212067,14400,0.0,0.0
1977-04-11 00:00:00-05:00,0.0,0.20145639515994063,0.1936580240726471,0.1936580240726471,57600,0.0,0.0
1977-04-12 00:00:00-05:00,0.0,0.20925497700722018,0.20145657658576965,0.20145657658576965,158400,0.0,0.0
1977-04-13 00:00:00-05:00,0.0,0.21055457328600466,0.20275619626045227,0.20275619626045227,100800,0.0,0.0
1977-04-14 00:00:00-05:00,0.0,0.21055457328600466,0.20275619626045227,0.20275619626045227,50400,0.0,0.0
1977-04-15 00:00:00-05:00,0.0,0.21315397471359732,0.20535559952259064,0.20535559952259064,14400,0.0,0.0
1977-04-18 00:00:00-05:00,0.0,0.21445359367930455,0.20665539801120758,0.20665539801120758,79200,0.0,0.0
1977-04-19 00:00:00-05:00,0.0,0.21315397471359732,0.20535559952259064,0.20535559952259064,36000,0.0,0.0
1977-04-20 00:00:00-05:00,0.0,0.21445359367930455,0.20665539801120758,0.20665539801120758,14400,0.0,0.0
1977-04-21 00:00:00-05:00,0.0,0.21315397471359732,0.20535559952259064,0.20535559952259064,108000,0.0,0.0
1977-04-22 00:00:00-05:00,0.0,0.21315397471359732,0.20535559952259064,0.20535559952259064,14400,0.0,0.0
1977-04-25 00:00:00-04:00,0.0,0.2079551331595804,0.20015673339366913,0.20015673339366913,86400,0.0,0.0
1977-04-26 00:00:00-04:00,0.0,0.19235855332391694,0.18715962767601013,0.18715962767601013,72000,0.0,2.0
1977-04-27 00:00:00-04:00,0.0,0.20535552247324662,0.18975895643234253,0.18975895643234253,72000,0.0,0.0
1977-04-28 00:00:00-04:00,0.0,0.20795508123167028,0.19235850870609283,0.19235850870609283,32400,0.0,0.0
1977-04-29 00:00:00-04:00,0.0,0.20795508123167028,0.19235850870609283,0.19235850870609283,10800,0.0,0.0
1977-05-02 00:00:00-04:00,0.0,0.21055443238981403,0.19495786726474762,0.19495786726474762,7200,0.0,0.0
1977-05-03 00:00:00-04:00,0.0,0.21055443238981403,0.19495786726474762,0.19495786726474762,14400,0.0,0.0
1977-05-04 00:00:00-04:00,0.0,0.21055443238981403,0.19495786726474762,0.19495786726474762,3600,0.0,0.0
1977-05-05 00:00:00-04:00,0.0,0.21055443238981403,0.19495786726474762,0.19495786726474762,14400,0.0,0.0
1977-05-06 00:00:00-04:00,0.0,0.20795508123167028,0.19235850870609283,0.19235850870609283,39600,0.0,0.0
1977-05-09 00:00:00-04:00,0.0,0.20795508123167028,0.19235850870609283,0.19235850870609283,14400,0.0,0.0
1977-05-10 00:00:00-04:00,0.19235850870609283,0.19235850870609283,0.19235850870609283,0.19235850870609283,0,0.0,0.0
1977-05-11 00:00:00-04:00,0.0,0.21055443238981403,0.19495786726474762,0.19495786726474762,28800,0.0,0.0
1977-05-12 00:00:00-04:00,0.19495786726474762,0.19495786726474762,0.19495786726474762,0.19495786726474762,0,0.0,0.0
1977-05-13 00:00:00-04:00,0.19495786726474762,0.19495786726474762,0.19495786726474762,0.19495786726474762,0,0.0,0.0
1977-05-16 00:00:00-04:00,0.0,0.21055443238981403,0.19495786726474762,0.19495786726474762,57600,0.0,0.0
1977-05-17 00:00:00-04:00,0.0,0.21055443238981403,0.19495786726474762,0.19495786726474762,10800,0.0,0.0
1977-05-18 00:00:00-04:00,0.0,0.21315392044579226,0.19755737483501434,0.19755737483501434,7200,0.0,0.0
1977-05-19 00:00:00-04:00,0.0,0.21835295031155705,0.20275619626045227,0.20275619626045227,39600,0.0,0.0
1977-05-20 00:00:00-04:00,0.0,0.21835295031155705,0.20275619626045227,0.20275619626045227,18000,0.0,0.0
1977-05-23 00:00:00-04:00,0.0,0.21835295031155705,0.20275619626045227,0.20275619626045227,3600,0.0,0.0
1977-05-24 00:00:00-04:00,0.0,0.21315392044579226,0.19755737483501434,0.19755737483501434,36000,0.0,0.0
1977-05-25 00:00:00-04:00,0.0,0.21315392044579226,0.19755737483501434,0.19755737483501434,14400,0.0,0.0
1977-05-26 00:00:00-04:00,0.0,0.20535552247324662,0.18975895643234253,0.18975895643234253,18000,0.0,0.0
1977-05-27 00:00:00-04:00,0.0,0.20275620381923432,0.18715962767601013,0.18715962767601013,25200,0.0,0.0
1977-05-31 00:00:00-04:00,0.0,0.20015671363283993,0.1845601499080658,0.1845601499080658,7200,0.0,0.0
1977-06-01 00:00:00-04:00,0.0,0.20275620381923432,0.18715962767601013,0.18715962767601013,14400,0.0,0.0
1977-06-02 00:00:00-04:00,0.0,0.20015671363283993,0.1845601499080658,0.1845601499080658,3600,0.0,0.0
1977-06-03 00:00:00-04:00,0.0,0.20275620381923432,0.18715962767601013,0.18715962767601013,18000,0.0,0.0
1977-06-06 00:00:00-04:00,0.0,0.20275620381923432,0.18715962767601013,0.18715962767601013,10800,0.0,0.0
1977-06-07 00:00:00-04:00,0.18715962767601013,0.18715962767601013,0.18715962767601013,0.18715962767601013,0,0.0,0.0
1977-06-08 00:00:00-04:00,0.18715962767601013,0.18715962767601013,0.18715962767601013,0.18715962767601013,0,0.0,0.0
1977-06-09 00:00:00-04:00,0.0,0.20275620381923432,0.18715962767601013,0.18715962767601013,7200,0.0,0.0
1977-06-10 00:00:00-04:00,0.0,0.20275620381923432,0.18715962767601013,0.18715962767601013,28800,0.0,0.0
1977-06-13 00:00:00-04:00,0.18715962767601013,0.18715962767601013,0.18715962767601013,0.18715962767601013,0,0.0,0.0
1977-06-14 00:00:00-04:00,0.0,0.20535552247324662,0.18975895643234253,0.18975895643234253,7200,0.0,0.0
1977-06-15 00:00:00-04:00,0.0,0.20535552247324662,0.18975895643234253,0.18975895643234253,3600,0.0,0.0
1977-06-16 00:00:00-04:00,0.0,0.20795508123167028,0.19235850870609283,0.19235850870609283,28800,0.0,0.0
1977-06-17 00:00:00-04:00,0.19235850870609283,0.19235850870609283,0.19235850870609283,0.19235850870609283,0,0.0,0.0
1977-06-20 00:00:00-04:00,0.0,0.20795508123167028,0.19235850870609283,0.19235850870609283,36000,0.0,0.0
1977-06-21 00:00:00-04:00,0.19235850870609283,0.19235850870609283,0.19235850870609283,0.19235850870609283,0,0.0,0.0
1977-06-22 00:00:00-04:00,0.0,0.20795508123167028,0.19235850870609283,0.19235850870609283,7200,0.0,0.0
1977-06-23 00:00:00-04:00,0.0,0.20795508123167028,0.19235850870609283,0.19235850870609283,25200,0.0,0.0
1977-06-24 00:00:00-04:00,0.0,0.20795508123167028,0.19235850870609283,0.19235850870609283,10800,0.0,0.0
1977-06-27 00:00:00-04:00,0.0,0.21055443238981403,0.19495786726474762,0.19495786726474762,7200,0.0,0.0
1977-06-28 00:00:00-04:00,0.0,0.21055443238981403,0.19495786726474762,0.19495786726474762,14400,0.0,0.0
1977-06-29 00:00:00-04:00,0.0,0.21055443238981403,0.19495786726474762,0.19495786726474762,3600,0.0,0.0
1977-06-30 00:00:00-04:00,0.0,0.21055443238981403,0.19495786726474762,0.19495786726474762,10800,0.0,0.0
1977-07-01 00:00:00-04:00,0.19495786726474762,0.19495786726474762,0.19495786726474762,0.19495786726474762,0,0.0,0.0
1977-07-05 00:00:00-04:00,0.0,0.21055443238981403,0.19495786726474762,0.19495786726474762,14400,0.0,0.0
1977-07-06 00:00:00-04:00,0.0,0.21055443238981403,0.19495786726474762,0.19495786726474762,3600,0.0,0.0
1977-07-07 00:00:00-04:00,0.0,0.21055443238981403,0.19495786726474762,0.19495786726474762,7200,0.0,0.0
1977-07-08 00:00:00-04:00,0.0,0.21315392044579226,0.19755737483501434,0.19755737483501434,21600,0.0,0.0
1977-07-11 00:00:00-04:00,0.19755737483501434,0.19755737483501434,0.19755737483501434,0.19755737483501434,0,0.0,0.0
1977-07-12 00:00:00-04:00,0.19755737483501434,0.19755737483501434,0.19755737483501434,0.19755737483501434,0,0.0,0.0
1977-07-13 00:00:00-04:00,0.0,0.21315392044579226,0.19755737483501434,0.19755737483501434,3600,0.0,0.0
1977-07-15 00:00:00-04:00,0.0,0.21575351061432502,0.20015673339366913,0.20015673339366913,7200,0.0,0.0
1977-07-18 00:00:00-04:00,0.0,0.21315392044579226,0.19755737483501434,0.19755737483501434,7200,0.0,0.0
1977-07-19 00:00:00-04:00,0.0,0.21315392044579226,0.19755737483501434,0.19755737483501434,7200,0.0,0.0
1977-07-20 00:00:00-04:00,0.0,0.21315392044579226,0.19755737483501434,0.19755737483501434,10800,0.0,0.0
1977-07-21 00:00:00-04:00,0.19755737483501434,0.19755737483501434,0.19755737483501434,0.19755737483501434,0,0.0,0.0
1977-07-22 00:00:00-04:00,0.19755737483501434,0.19755737483501434,0.19755737483501434,0.19755737483501434,0,0.0,0.0
1977-07-25 00:00:00-04:00,0.0,0.21315392044579226,0.19755737483501434,0.19755737483501434,54000,0.0,0.0
1977-07-26 00:00:00-04:00,0.0,0.21575351061432502,0.20015673339366913,0.20015673339366913,3600,0.0,0.0
1977-07-27 00:00:00-04:00,0.0,0.21575351061432502,0.20015673339366913,0.20015673339366913,18000,0.0,0.0
1977-07-28 00:00:00-04:00,0.0,0.21575351061432502,0.20015673339366913,0.20015673339366913,50400,0.0,0.0
1977-07-29 00:00:00-04:00,0.0,0.21575351061432502,0.20015673339366913,0.20015673339366913,10800,0.0,0.0
1977-08-01 00:00:00-04:00,0.0,0.21575351061432502,0.20015673339366913,0.20015673339366913,14400,0.0,0.0
1977-08-02 00:00:00-04:00,0.0,0.20795508123167028,0.19235850870609283,0.19235850870609283,32400,0.0,0.0
1977-08-03 00:00:00-04:00,0.19235850870609283,0.19235850870609283,0.19235850870609283,0.19235850870609283,0,0.0,0.0
1977-08-04 00:00:00-04:00,0.19235850870609283,0.19235850870609283,0.19235850870609283,0.19235850870609283,0,0.0,0.0
1977-08-05 00:00:00-04:00,0.0,0.20535552247324662,0.18975895643234253,0.18975895643234253,21600,0.0,0.0
1977-08-08 00:00:00-04:00,0.18975895643234253,0.18975895643234253,0.18975895643234253,0.18975895643234253,0,0.0,0.0
1977-08-09 00:00:00-04:00,0.0,0.20275620381923432,0.18715962767601013,0.18715962767601013,21600,0.0,0.0
1977-08-10 00:00:00-04:00,0.0,0.20275620381923432,0.18715962767601013,0.18715962767601013,25200,0.0,0.0
1977-08-11 00:00:00-04:00,0.0,0.20275620381923432,0.18715962767601013,0.18715962767601013,14400,0.0,0.0
1977-08-12 00:00:00-04:00,0.0,0.19755739798674454,0.18196062743663788,0.18196062743663788,7200,0.0,0.0
1977-08-15 00:00:00-04:00,0.0,0.19755739798674454,0.18196062743663788,0.18196062743663788,3600,0.0,0.0
1977-08-16 00:00:00-04:00,0.0,0.19495781456081213,0.17936107516288757,0.17936107516288757,68400,0.0,0.0
1977-08-17 00:00:00-04:00,0.0,0.19495781456081213,0.17936107516288757,0.17936107516288757,21600,0.0,0.0
1977-08-18 00:00:00-04:00,0.17936107516288757,0.17936107516288757,0.17936107516288757,0.17936107516288757,0,0.0,0.0
1977-08-19 00:00:00-04:00,0.17936107516288757,0.17936107516288757,0.17936107516288757,0.17936107516288757,0,0.0,0.0
1977-08-22 00:00:00-04:00,0.17936107516288757,0.17936107516288757,0.17936107516288757,0.17936107516288757,0,0.0,0.0
1977-08-23 00:00:00-04:00,0.17936107516288757,0.17936107516288757,0.17936107516288757,0.17936107516288757,0,0.0,0.0
1977-08-24 00:00:00-04:00,0.17936107516288757,0.17936107516288757,0.17936107516288757,0.17936107516288757,0,0.0,0.0
1977-08-25 00:00:00-04:00,0.0,0.192358476133649,0.1767617166042328,0.1767617166042328,43200,0.0,0.0
1977-08-26 00:00:00-04:00,0.1767617166042328,0.1767617166042328,0.1767617166042328,0.1767617166042328,0,0.0,0.0
1977-08-29 00:00:00-04:00,0.1767617166042328,0.1767617166042328,0.1767617166042328,0.1767617166042328,0,0.0,0.0
1977-08-30 00:00:00-04:00,0.0,0.192358476133649,0.1767617166042328,0.1767617166042328,7200,0.0,0.0
1977-08-31 00:00:00-04:00,0.0,0.18975905515555644,0.17416249215602875,0.17416249215602875,39600,0.0,0.0
1977-09-01 00:00:00-04:00,0.0,0.18975905515555644,0.17416249215602875,0.17416249215602875,3600,0.0,0.0
1977-09-02 00:00:00-04:00,0.0,0.19495781456081213,0.17936107516288757,0.17936107516288757,90000,0.0,0.0
1977-09-06 00:00:00-04:00,0.0,0.20275620381923432,0.18715962767601013,0.18715962767601013,7200,0.0,0.0
1977-09-07 00:00:00-04:00,0.0,0.20275620381923432,0.18715962767601013,0.18715962767601013,18000,0.0,0.0
1977-09-08 00:00:00-04:00,0.0,0.20275620381923432,0.18715962767601013,0.18715962767601013,3600,0.0,0.0
1977-09-09 00:00:00-04:00,0.0,0.20275620381923432,0.18715962767601013,0.18715962767601013,14400,0.0,0.0
1977-09-12 00:00:00-04:00,0.0,0.20275620381923432,0.18715962767601013,0.18715962767601013,3600,0.0,0.0
1977-09-13 00:00:00-04:00,0.0,0.20275620381923432,0.18715962767601013,0.18715962767601013,7200,0.0,0.0
1977-09-14 00:00:00-04:00,0.0,0.20275620381923432,0.18715962767601013,0.18715962767601013,3600,0.0,0.0
1977-09-15 00:00:00-04:00,0.0,0.20275620381923432,0.18715962767601013,0.18715962767601013,3600,0.0,0.0
1977-09-16 00:00:00-04:00,0.0,0.20015671363283993,0.1845601499080658,0.1845601499080658,61200,0.0,0.0
1977-09-19 00:00:00-04:00,0.1845601499080658,0.1845601499080658,0.1845601499080658,0.1845601499080658,0,0.0,0.0
1977-09-20 00:00:00-04:00,0.1845601499080658,0.1845601499080658,0.1845601499080658,0.1845601499080658,0,0.0,0.0
1977-09-21 00:00:00-04:00,0.0,0.20015671363283993,0.1845601499080658,0.1845601499080658,10800,0.0,0.0
1977-09-22 00:00:00-04:00,0.1845601499080658,0.1845601499080658,0.1845601499080658,0.1845601499080658,0,0.0,0.0
1977-09-23 00:00:00-04:00,0.1845601499080658,0.1845601499080658,0.1845601499080658,0.1845601499080658,0,0.0,0.0
1977-09-26 00:00:00-04:00,0.1845601499080658,0.1845601499080658,0.1845601499080658,0.1845601499080658,0,0.0,0.0
1977-09-27 00:00:00-04:00,0.1845601499080658,0.1845601499080658,0.1845601499080658,0.1845601499080658,0,0.0,0.0
1977-09-28 00:00:00-04:00,0.1845601499080658,0.1845601499080658,0.1845601499080658,0.1845601499080658,0,0.0,0.0
1977-09-29 00:00:00-04:00,0.0,0.20015671363283993,0.1845601499080658,0.1845601499080658,39600,0.0,0.0
1977-09-30 00:00:00-04:00,0.0,0.20795508123167028,0.19235850870609283,0.19235850870609283,21600,0.0,0.0
1977-10-03 00:00:00-04:00,0.19235850870609283,0.19235850870609283,0.19235850870609283,0.19235850870609283,0,0.0,0.0
1977-10-04 00:00:00-04:00,0.0,0.20795508123167028,0.19235850870609283,0.19235850870609283,57600,0.0,0.0
1977-10-05 00:00:00-04:00,0.0,0.20795508123167028,0.19235850870609283,0.19235850870609283,3600,0.0,0.0
1977-10-06 00:00:00-04:00,0.0,0.20795508123167028,0.19235850870609283,0.19235850870609283,10800,0.0,0.0
1977-10-07 00:00:00-04:00,0.0,0.20795508123167028,0.19235850870609283,0.19235850870609283,32400,0.0,0.0
1977-10-10 00:00:00-04:00,0.0,0.21055443238981403,0.19495786726474762,0.19495786726474762,3600,0.0,0.0
1977-10-11 00:00:00-04:00,0.0,0.20795508123167028,0.19235850870609283,0.19235850870609283,90000,0.0,0.0
1977-10-12 00:00:00-04:00,0.0,0.20795508123167028,0.19235850870609283,0.19235850870609283,32400,0.0,0.0
1977-10-13 00:00:00-04:00,0.19235850870609283,0.19235850870609283,0.19235850870609283,0.19235850870609283,0,0.0,0.0
1977-10-14 00:00:00-04:00,0.0,0.20795508123167028,0.19235850870609283,0.19235850870609283,10800,0.0,0.0
1977-10-17 00:00:00-04:00,0.0,0.20795508123167028,0.19235850870609283,0.19235850870609283,3600,0.0,0.0
1977-10-18 00:00:00-04:00,0.19235850870609283,0.19235850870609283,0.19235850870609283,0.19235850870609283,0,0.0,0.0
1977-10-19 00:00:00-04:00,0.0,0.20795508123167028,0.19235850870609283,0.19235850870609283,10800,0.0,0.0
1977-10-20 00:00:00-04:00,0.19235850870609283,0.19235850870609283,0.19235850870609283,0.19235850870609283,0,0.0,0.0
1977-10-21 00:00:00-04:00,0.0,0.20275620381923432,0.18715962767601013,0.18715962767601013,25200,0.0,0.0
1977-10-24 00:00:00-04:00,0.0,0.21055443238981403,0.19495786726474762,0.19495786726474762,54000,0.0,0.0
1977-10-25 00:00:00-04:00,0.19495786726474762,0.19495786726474762,0.19495786726474762,0.19495786726474762,0,0.0,0.0
1977-10-26 00:00:00-04:00,0.0,0.20795508123167028,0.19235850870609283,0.19235850870609283,46800,0.0,0.0
1977-10-27 00:00:00-04:00,0.0,0.20795508123167028,0.19235850870609283,0.19235850870609283,10800,0.0,0.0
1977-10-28 00:00:00-04:00,0.0,0.21315392044579226,0.19755737483501434,0.19755737483501434,14400,0.0,0.0
1977-10-31 00:00:00-05:00,0.0,0.20795508123167028,0.19235850870609283,0.19235850870609283,54000,0.0,0.0
1977-11-01 00:00:00-05:00,0.0,0.21315392044579226,0.19755737483501434,0.19755737483501434,50400,0.0,0.0
1977-11-02 00:00:00-05:00,0.0,0.21315392044579226,0.19755737483501434,0.19755737483501434,7200,0.0,0.0
1977-11-03 00:00:00-05:00,0.0,0.21315392044579226,0.19755737483501434,0.19755737483501434,122400,0.0,0.0
1977-11-04 00:00:00-05:00,0.19755737483501434,0.19755737483501434,0.19755737483501434,0.19755737483501434,0,0.0,0.0
1977-11-07 00:00:00-05:00,0.0,0.21315392044579226,0.19755737483501434,0.19755737483501434,3600,0.0,0.0
1977-11-08 00:00:00-05:00,0.0,0.21315392044579226,0.19755737483501434,0.19755737483501434,21600,0.0,0.0
1977-11-09 00:00:00-05:00,0.0,0.21315392044579226,0.19755737483501434,0.19755737483501434,10800,0.0,0.0
1977-11-10 00:00:00-05:00,0.0,0.21575351061432502,0.20015673339366913,0.20015673339366913,25200,0.0,0.0
1977-11-11 00:00:00-05:00,0.0,0.22615106525029202,0.21055449545383453,0.21055449545383453,39600,0.0,0.0
1977-11-14 00:00:00-05:00,0.21055449545383453,0.21055449545383453,0.21055449545383453,0.21055449545383453,0,0.0,0.0
1977-11-15 00:00:00-05:00,0.0,0.22615106525029202,0.21055449545383453,0.21055449545383453,18000,0.0,0.0
1977-11-16 00:00:00-05:00,0.0,0.23394966243514675,0.21835307776927948,0.21835307776927948,28800,0.0,0.0
1977-11-17 00:00:00-05:00,0.0,0.23394966243514675,0.21835307776927948,0.21835307776927948,10800,0.0,0.0
1977-11-18 00:00:00-05:00,0.0,0.23394966243514675,0.21835307776927948,0.21835307776927948,7200,0.0,0.0
1977-11-21 00:00:00-05:00,0.0,0.23394966243514675,0.21835307776927948,0.21835307776927948,39600,0.0,0.0
1977-11-22 00:00:00-05:00,0.0,0.23394966243514675,0.21835307776927948,0.21835307776927948,3600,0.0,0.0
1977-11-23 00:00:00-05:00,0.0,0.2365489106700359,0.2209523618221283,0.2209523618221283,21600,0.0,0.0
1977-11-25 00:00:00-05:00,0.2209523618221283,0.2209523618221283,0.2209523618221283,0.2209523618221283,0,0.0,0.0
1977-11-28 00:00:00-05:00,0.2209523618221283,0.2209523618221283,0.2209523618221283,0.2209523618221283,0,0.0,0.0
1977-11-29 00:00:00-05:00,0.0,0.2365489106700359,0.2209523618221283,0.2209523618221283,3600,0.0,0.0
1977-11-30 00:00:00-05:00,0.0,0.2365489106700359,0.2209523618221283,0.2209523618221283,3600,0.0,0.0
1977-12-01 00:00:00-05:00,0.0,0.23394966243514675,0.21835307776927948,0.21835307776927948,25200,0.0,0.0
1977-12-02 00:00:00-05:00,0.0,0.23394966243514675,0.21835307776927948,0.21835307776927948,39600,0.0,0.0
1977-12-05 00:00:00-05:00,0.0,0.23394966243514675,0.21835307776927948,0.21835307776927948,36000,0.0,0.0
1977-12-06 00:00:00-05:00,0.0,0.23394966243514675,0.21835307776927948,0.21835307776927948,7200,0.0,0.0
1977-12-07 00:00:00-05:00,0.0,0.23394966243514675,0.21835307776927948,0.21835307776927948,3600,0.0,0.0
1977-12-08 00:00:00-05:00,0.0,0.23394966243514675,0.21835307776927948,0.21835307776927948,68400,0.0,0.0
1977-12-09 00:00:00-05:00,0.0,0.23394966243514675,0.21835307776927948,0.21835307776927948,7200,0.0,0.0
1977-12-12 00:00:00-05:00,0.0,0.23394966243514675,0.21835307776927948,0.21835307776927948,93600,0.0,0.0
1977-12-13 00:00:00-05:00,0.0,0.23394966243514675,0.21835307776927948,0.21835307776927948,108000,0.0,0.0
1977-12-14 00:00:00-05:00,0.0,0.23394966243514675,0.21835307776927948,0.21835307776927948,3600,0.0,0.0
1977-12-15 00:00:00-05:00,0.0,0.23394966243514675,0.21835307776927948,0.21835307776927948,36000,0.0,0.0
1977-12-16 00:00:00-05:00,0.0,0.23394966243514675,0.21835307776927948,0.21835307776927948,3600,0.0,0.0
1977-12-19 00:00:00-05:00,0.0,0.23135000712133527,0.215753436088562,0.215753436088562,61200,0.0,0.0
1977-12-20 00:00:00-05:00,0.0,0.22875052901386803,0.21315395832061768,0.21315395832061768,7200,0.0,0.0
1977-12-21 00:00:00-05:00,0.21315395832061768,0.21315395832061768,0.21315395832061768,0.21315395832061768,0,0.0,0.0
1977-12-22 00:00:00-05:00,0.0,0.23135000712133527,0.215753436088562,0.215753436088562,10800,0.0,0.0
1977-12-23 00:00:00-05:00,0.215753436088562,0.215753436088562,0.215753436088562,0.215753436088562,0,0.0,0.0
1977-12-27 00:00:00-05:00,0.215753436088562,0.215753436088562,0.215753436088562,0.215753436088562,0,0.0,0.0
1977-12-28 00:00:00-05:00,0.0,0.23135000712133527,0.215753436088562,0.215753436088562,10800,0.0,0.0
1977-12-29 00:00:00-05:00,0.0,0.23135000712133527,0.215753436088562,0.215753436088562,10800,0.0,0.0
1977-12-30 00:00:00-05:00,0.0,0.23135000712133527,0.215753436088562,0.215753436088562,3600,0.0,0.0
1978-01-03 00:00:00-05:00,0.0,0.23394966243514675,0.21835307776927948,0.21835307776927948,86400,0.0,0.0
1978-01-04 00:00:00-05:00,0.0,0.2365489106700359,0.2209523618221283,0.2209523618221283,68400,0.0,0.0
1978-01-05 00:00:00-05:00,0.0,0.2365489106700359,0.2209523618221283,0.2209523618221283,36000,0.0,0.0
1978-01-06 00:00:00-05:00,0.0,0.23394966243514675,0.21835307776927948,0.21835307776927948,21600,0.0,0.0
1978-01-09 00:00:00-05:00,0.0,0.2365489106700359,0.2209523618221283,0.2209523618221283,21600,0.0,0.0
1978-01-10 00:00:00-05:00,0.0,0.2365489106700359,0.2209523618221283,0.2209523618221283,3600,0.0,0.0
1978-01-11 00:00:00-05:00,0.2209523618221283,0.2209523618221283,0.2209523618221283,0.2209523618221283,0,0.0,0.0
1978-01-12 00:00:00-05:00,0.0,0.2365489106700359,0.2209523618221283,0.2209523618221283,10800,0.0,0.0
1978-01-13 00:00:00-05:00,0.2209523618221283,0.2209523618221283,0.2209523618221283,0.2209523618221283,0,0.0,0.0
1978-01-16 00:00:00-05:00,0.0,0.2365489106700359,0.2209523618221283,0.2209523618221283,25200,0.0,0.0
1978-01-17 00:00:00-05:00,0.2209523618221283,0.2209523618221283,0.2209523618221283,0.2209523618221283,0,0.0,0.0
1978-01-18 00:00:00-05:00,0.0,0.2365489106700359,0.2209523618221283,0.2209523618221283,104400,0.0,0.0
1978-01-19 00:00:00-05:00,0.2209523618221283,0.2209523618221283,0.2209523618221283,0.2209523618221283,0,0.0,0.0
1978-01-20 00:00:00-05:00,0.0,0.2365489106700359,0.2209523618221283,0.2209523618221283,7200,0.0,0.0
1978-01-23 00:00:00-05:00,0.0,0.2365489106700359,0.2209523618221283,0.2209523618221283,3600,0.0,0.0
1978-01-24 00:00:00-05:00,0.0,0.2365489106700359,0.2209523618221283,0.2209523618221283,43200,0.0,0.0
1978-01-25 00:00:00-05:00,0.0,0.23914829268138493,0.22355152666568756,0.22355152666568756,32400,0.0,0.0
1978-01-26 00:00:00-05:00,0.0,0.24434733008927026,0.22875055670738217,0.2287505567073822,86400,0.0,0.0
1978-01-27 00:00:00-05:00,0.0,0.24434733008927026,0.22875055670738217,0.2287505567073822,79200,0.0,0.0
1978-01-30 00:00:00-05:00,0.0,0.23914829268138493,0.22355152666568756,0.22355152666568756,7200,0.0,0.0
1978-01-31 00:00:00-05:00,0.0,0.23914829268138493,0.22355152666568756,0.22355152666568756,3600,0.0,0.0
1978-02-01 00:00:00-05:00,0.0,0.23914829268138493,0.22355152666568756,0.22355152666568756,7200,0.0,0.0
1978-02-02 00:00:00-05:00,0.0,0.23914829268138493,0.22355152666568756,0.22355152666568756,7200,0.0,0.0
1978-02-03 00:00:00-05:00,0.0,0.23914829268138493,0.22355152666568756,0.22355152666568756,126000,0.0,0.0
1978-02-06 00:00:00-05:00,0.0,0.23914829268138493,0.22355152666568756,0.22355152666568756,18000,0.0,0.0
1978-02-07 00:00:00-05:00,0.0,0.24434733008927026,0.22875055670738217,0.2287505567073822,10800,0.0,0.0
1978-02-08 00:00:00-05:00,0.0,0.24434733008927026,0.22875055670738217,0.2287505567073822,3600,0.0,0.0
1978-02-09 00:00:00-05:00,0.0,0.24434733008927026,0.22875055670738217,0.2287505567073822,3600,0.0,0.0
1978-02-10 00:00:00-05:00,0.0,0.24434733008927026,0.22875055670738217,0.2287505567073822,10800,0.0,0.0
1978-02-13 00:00:00-05:00,0.0,0.24434733008927026,0.22875055670738217,0.2287505567073822,36000,0.0,0.0
1978-02-14 00:00:00-05:00,0.0,0.24434733008927026,0.22875055670738217,0.2287505567073822,72000,0.0,0.0
1978-02-15 00:00:00-05:00,0.0,0.2469464737009201,0.23134993016719818,0.23134993016719818,115200,0.0,0.0
1978-02-16 00:00:00-05:00,0.0,0.24954594384527126,0.23394937813282013,0.23394937813282013,43200,0.0,0.0
1978-02-17 00:00:00-05:00,0.0,0.24954594384527126,0.23394937813282013,0.23394937813282013,198000,0.0,0.0
1978-02-21 00:00:00-05:00,0.0,0.2469464737009201,0.23134993016719818,0.23134993016719818,14400,0.0,0.0
1978-02-22 00:00:00-05:00,0.23134993016719818,0.23134993016719818,0.23134993016719818,0.23134993016719818,0,0.0,0.0
1978-02-23 00:00:00-05:00,0.0,0.24434733008927026,0.22875055670738217,0.2287505567073822,18000,0.0,0.0
1978-02-24 00:00:00-05:00,0.0,0.24434733008927026,0.22875055670738217,0.2287505567073822,187200,0.0,0.0
1978-02-27 00:00:00-05:00,0.0,0.24434733008927026,0.22875055670738217,0.2287505567073822,7200,0.0,0.0
1978-02-28 00:00:00-05:00,0.0,0.24434733008927026,0.22875055670738217,0.2287505567073822,129600,0.0,0.0
1978-03-01 00:00:00-05:00,0.0,0.24434733008927026,0.22875055670738217,0.2287505567073822,3600,0.0,0.0
1978-03-02 00:00:00-05:00,0.0,0.24434733008927026,0.22875055670738217,0.2287505567073822,3600,0.0,0.0
1978-03-03 00:00:00-05:00,0.0,0.24434733008927026,0.22875055670738217,0.2287505567073822,32400,0.0,0.0
1978-03-06 00:00:00-05:00,0.0,0.24434733008927026,0.22875055670738217,0.2287505567073822,10800,0.0,0.0
1978-03-07 00:00:00-05:00,0.22875055670738217,0.22875055670738217,0.22875055670738217,0.2287505567073822,0,0.0,0.0
1978-03-08 00:00:00-05:00,0.0,0.24434733008927026,0.22875055670738217,0.2287505567073822,7200,0.0,0.0
1978-03-09 00:00:00-05:00,0.0,0.24434733008927026,0.22875055670738217,0.2287505567073822,3600,0.0,0.0
1978-03-10 00:00:00-05:00,0.0,0.24434733008927026,0.22875055670738217,0.2287505567073822,21600,0.0,0.0
1978-03-13 00:00:00-05:00,0.0,0.24434733008927026,0.22875055670738217,0.2287505567073822,43200,0.0,0.0
1978-03-14 00:00:00-05:00,0.0,0.2469464737009201,0.23134993016719818,0.23134993016719818,10800,0.0,0.0
1978-03-15 00:00:00-05:00,0.23134993016719818,0.23134993016719818,0.23134993016719818,0.23134993016719818,0,0.0,0.0
1978-03-16 00:00:00-05:00,0.0,0.2469464737009201,0.23134993016719818,0.23134993016719818,3600,0.0,0.0
1978-03-17 00:00:00-05:00,0.0,0.24954594384527126,0.23394937813282013,0.23394937813282013,10800,0.0,0.0
1978-03-20 00:00:00-05:00,0.0,0.24954594384527126,0.23394937813282013,0.23394937813282013,7200,0.0,0.0
1978-03-21 00:00:00-05:00,0.0,0.2469464737009201,0.23134993016719818,0.23134993016719818,25200,0.0,0.0
1978-03-22 00:00:00-05:00,0.0,0.24954594384527126,0.23394937813282013,0.23394937813282013,3600,0.0,0.0
1978-03-23 00:00:00-05:00,0.0,0.24954594384527126,0.23394937813282013,0.23394937813282013,7200,0.0,0.0
1978-03-27 00:00:00-05:00,0.0,0.2703415269403897,0.2547449767589569,0.2547449767589569,165600,0.0,0.0
1978-03-28 00:00:00-05:00,0.0,0.27554035004011507,0.25994378328323364,0.25994378328323364,90000,0.0,0.0
1978-03-29 00:00:00-05:00,0.0,0.293736437430929,0.2781398892402649,0.2781398892402649,190800,0.0,0.0
1978-03-30 00:00:00-05:00,0.0,0.28853790141738755,0.27294114232063293,0.27294114232063293,50400,0.0,0.0
1978-03-31 00:00:00-05:00,0.0,0.2859382251330542,0.2703414559364319,0.2703414559364319,18000,0.0,0.0
1978-04-03 00:00:00-05:00,0.0,0.2859382251330542,0.2703414559364319,0.2703414559364319,36000,0.0,0.0
1978-04-04 00:00:00-05:00,0.0,0.28853790141738755,0.27294114232063293,0.27294114232063293,514800,0.0,0.0
1978-04-05 00:00:00-05:00,0.0,0.2963358446382358,0.28073927760124207,0.28073927760124207,39600,0.0,0.0
1978-04-06 00:00:00-05:00,0.0,0.2963358446382358,0.28073927760124207,0.28073927760124207,75600,0.0,0.0
1978-04-07 00:00:00-05:00,0.0,0.29113718250690407,0.27554041147232056,0.27554041147232056,25200,0.0,0.0
1978-04-10 00:00:00-05:00,0.0,0.29113718250690407,0.27554041147232056,0.27554041147232056,10800,0.0,0.0
1978-04-11 00:00:00-05:00,0.0,0.29113718250690407,0.27554041147232056,0.27554041147232056,54000,0.0,0.0
1978-04-12 00:00:00-05:00,0.0,0.2963358446382358,0.28073927760124207,0.28073927760124207,39600,0.0,0.0
1978-04-13 00:00:00-05:00,0.0,0.2963358446382358,0.28073927760124207,0.28073927760124207,7200,0.0,0.0
1978-04-14 00:00:00-05:00,0.0,0.2963358446382358,0.28073927760124207,0.28073927760124207,147600,0.0,0.0
1978-04-17 00:00:00-05:00,0.0,0.29113718250690407,0.27554041147232056,0.27554041147232056,75600,0.0,0.0
1978-04-18 00:00:00-05:00,0.0,0.29113718250690407,0.27554041147232056,0.27554041147232056,7200,0.0,0.0
1978-04-19 00:00:00-05:00,0.0,0.29113718250690407,0.27554041147232056,0.27554041147232056,3600,0.0,0.0
1978-04-20 00:00:00-05:00,0.27554041147232056,0.27554041147232056,0.27554041147232056,0.27554041147232056,0,0.0,0.0
1978-04-21 00:00:00-05:00,0.0,0.29113718250690407,0.27554041147232056,0.27554041147232056,25200,0.0,0.0
1978-04-24 00:00:00-05:00,0.0,0.29113718250690407,0.27554041147232056,0.27554041147232056,36000,0.0,0.0
1978-04-25 00:00:00-05:00,0.0,0.29113718250690407,0.27554041147232056,0.27554041147232056,50400,0.0,0.0
1978-04-26 00:00:00-05:00,0.0,0.29113718250690407,0.27554041147232056,0.27554041147232056,14400,0.0,0.0
1978-04-27 00:00:00-05:00,0.0,0.29113718250690407,0.27554041147232056,0.27554041147232056,10800,0.0,0.0
1978-04-28 00:00:00-05:00,0.0,0.29113718250690407,0.27554041147232056,0.27554041147232056,7200,0.0,0.0
1978-05-01 00:00:00-04:00,0.0,0.29113718250690407,0.27554041147232056,0.27554041147232056,3600,0.0,0.0
1978-05-02 00:00:00-04:00,0.0,0.29113718250690407,0.27554041147232056,0.27554041147232056,3600,0.0,0.0
1978-05-03 00:00:00-04:00,0.0,0.29113718250690407,0.27554041147232056,0.27554041147232056,7200,0.0,0.0
1978-05-04 00:00:00-04:00,0.0,0.293736437430929,0.2781398892402649,0.2781398892402649,14400,0.0,0.0
1978-05-05 00:00:00-04:00,0.0,0.2963358446382358,0.28073927760124207,0.28073927760124207,32400,0.0,0.0
1978-05-08 00:00:00-04:00,0.28073927760124207,0.28073927760124207,0.28073927760124207,0.28073927760124207,0,0.0,0.0
1978-05-09 00:00:00-04:00,0.28073927760124207,0.28073927760124207,0.28073927760124207,0.28073927760124207,0,0.0,0.0
1978-05-10 00:00:00-04:00,0.0,0.2963358446382358,0.28073927760124207,0.28073927760124207,10800,0.0,0.0
1978-05-11 00:00:00-04:00,0.0,0.29893541825482484,0.28333884477615356,0.28333884477615356,18000,0.0,0.0
1978-05-12 00:00:00-04:00,0.28333884477615356,0.28333884477615356,0.28333884477615356,0.28333884477615356,0,0.0,0.0
1978-05-15 00:00:00-04:00,0.0,0.29893541825482484,0.28333884477615356,0.28333884477615356,7200,0.0,0.0
1978-05-16 00:00:00-04:00,0.0,0.3067335171342854,0.2911369800567627,0.2911369800567627,111600,0.0,0.0
1978-05-17 00:00:00-04:00,0.0,0.3093331988250571,0.29373642802238464,0.29373642802238464,108000,0.0,0.0
1978-05-18 00:00:00-04:00,0.0,0.31193284276037264,0.2963360846042633,0.2963360846042633,68400,0.0,0.0
1978-05-19 00:00:00-04:00,0.0,0.31193284276037264,0.2963360846042633,0.2963360846042633,108000,0.0,0.0
1978-05-22 00:00:00-04:00,0.2963360846042633,0.2963360846042633,0.2963360846042633,0.2963360846042633,0,0.0,0.0
1978-05-23 00:00:00-04:00,0.0,0.31193284276037264,0.2963360846042633,0.2963360846042633,18000,0.0,0.0
1978-05-24 00:00:00-04:00,0.0,0.31193284276037264,0.2963360846042633,0.2963360846042633,32400,0.0,0.0
1978-05-25 00:00:00-04:00,0.0,0.31193284276037264,0.2963360846042633,0.2963360846042633,14400,0.0,0.0
1978-05-26 00:00:00-04:00,0.0,0.31193284276037264,0.2963360846042633,0.2963360846042633,28800,0.0,0.0
1978-05-30 00:00:00-04:00,0.0,0.3093331988250571,0.29373642802238464,0.29373642802238464,3600,0.0,0.0
1978-05-31 00:00:00-04:00,0.29373642802238464,0.29373642802238464,0.29373642802238464,0.29373642802238464,0,0.0,0.0
1978-06-01 00:00:00-04:00,0.0,0.3093331988250571,0.29373642802238464,0.29373642802238464,3600,0.0,0.0
1978-06-02 00:00:00-04:00,0.0,0.3093331988250571,0.29373642802238464,0.29373642802238464,3600,0.0,0.0
1978-06-05 00:00:00-04:00,0.29373642802238464,0.29373642802238464,0.29373642802238464,0.29373642802238464,0,0.0,0.0
1978-06-06 00:00:00-04:00,0.0,0.31193284276037264,0.2963360846042633,0.2963360846042633,46800,0.0,0.0
1978-06-07 00:00:00-04:00,0.0,0.3145323128133374,0.29893553256988525,0.29893553256988525,46800,0.0,0.0
1978-06-08 00:00:00-04:00,0.0,0.31713150494944964,0.3015349507331848,0.3015349507331848,14400,0.0,0.0
1978-06-09 00:00:00-04:00,0.0,0.31713150494944964,0.3015349507331848,0.3015349507331848,21600,0.0,0.0
1978-06-12 00:00:00-04:00,0.0,0.322330454126488,0.3067338764667511,0.3067338764667511,86400,0.0,0.0
1978-06-13 00:00:00-04:00,0.0,0.322330454126488,0.3067338764667511,0.3067338764667511,7200,0.0,0.0
1978-06-14 00:00:00-04:00,0.0,0.322330454126488,0.3067338764667511,0.3067338764667511,36000,0.0,0.0
1978-06-15 00:00:00-04:00,0.0,0.322330454126488,0.3067338764667511,0.3067338764667511,18000,0.0,0.0
1978-06-16 00:00:00-04:00,0.0,0.322330454126488,0.3067338764667511,0.3067338764667511,7200,0.0,0.0
1978-06-19 00:00:00-04:00,0.0,0.322330454126488,0.3067338764667511,0.3067338764667511,28800,0.0,0.0
1978-06-20 00:00:00-04:00,0.0,0.31713150494944964,0.3015349507331848,0.3015349507331848,10800,0.0,0.0
1978-06-21 00:00:00-04:00,0.3015349507331848,0.3015349507331848,0.3015349507331848,0.3015349507331848,0,0.0,0.0
1978-06-22 00:00:00-04:00,0.0,0.31713150494944964,0.3015349507331848,0.3015349507331848,3600,0.0,0.0
1978-06-23 00:00:00-04:00,0.0,0.31713150494944964,0.3015349507331848,0.3015349507331848,18000,0.0,0.0
1978-06-26 00:00:00-04:00,0.0,0.31713150494944964,0.3015349507331848,0.3015349507331848,10800,0.0,0.0
1978-06-27 00:00:00-04:00,0.0,0.31713150494944964,0.3015349507331848,0.3015349507331848,54000,0.0,0.0
1978-06-28 00:00:00-04:00,0.0,0.31713150494944964,0.3015349507331848,0.3015349507331848,3600,0.0,0.0
1978-06-29 00:00:00-04:00,0.0,0.31713150494944964,0.3015349507331848,0.3015349507331848,28800,0.0,0.0
1978-06-30 00:00:00-04:00,0.0,0.31713150494944964,0.3015349507331848,0.3015349507331848,3600,0.0,0.0
1978-07-03 00:00:00-04:00,0.0,0.31713150494944964,0.3015349507331848,0.3015349507331848,7200,0.0,0.0
1978-07-05 00:00:00-04:00,0.0,0.31713150494944964,0.3015349507331848,0.3015349507331848,3600,0.0,0.0
1978-07-06 00:00:00-04:00,0.3015349507331848,0.3015349507331848,0.3015349507331848,0.3015349507331848,0,0.0,0.0
1978-07-07 00:00:00-04:00,0.0,0.31713150494944964,0.3015349507331848,0.3015349507331848,21600,0.0,0.0
1978-07-10 00:00:00-04:00,0.0,0.31713150494944964,0.3015349507331848,0.3015349507331848,104400,0.0,0.0
1978-07-11 00:00:00-04:00,0.0,0.31713150494944964,0.3015349507331848,0.3015349507331848,32400,0.0,0.0
1978-07-12 00:00:00-04:00,0.0,0.31713150494944964,0.3015349507331848,0.3015349507331848,43200,0.0,0.0
1978-07-13 00:00:00-04:00,0.0,0.31713150494944964,0.3015349507331848,0.3015349507331848,3600,0.0,0.0
1978-07-14 00:00:00-04:00,0.0,0.31713150494944964,0.3015349507331848,0.3015349507331848,18000,0.0,0.0
1978-07-17 00:00:00-04:00,0.0,0.31713150494944964,0.3015349507331848,0.3015349507331848,79200,0.0,0.0
1978-07-18 00:00:00-04:00,0.0,0.31713150494944964,0.3015349507331848,0.3015349507331848,43200,0.0,0.0
1978-07-19 00:00:00-04:00,0.3015349507331848,0.3015349507331848,0.3015349507331848,0.3015349507331848,0,0.0,0.0
1978-07-20 00:00:00-04:00,0.3015349507331848,0.3015349507331848,0.3015349507331848,0.3015349507331848,0,0.0,0.0
1978-07-21 00:00:00-04:00,0.0,0.31713150494944964,0.3015349507331848,0.3015349507331848,7200,0.0,0.0
1978-07-24 00:00:00-04:00,0.0,0.31713150494944964,0.3015349507331848,0.3015349507331848,3600,0.0,0.0
1978-07-25 00:00:00-04:00,0.0,0.3145323128133374,0.29893553256988525,0.29893553256988525,10800,0.0,0.0
1978-07-26 00:00:00-04:00,0.0,0.3145323128133374,0.29893553256988525,0.29893553256988525,7200,0.0,0.0
1978-07-27 00:00:00-04:00,0.0,0.3145323128133374,0.29893553256988525,0.29893553256988525,43200,0.0,0.0
1978-07-28 00:00:00-04:00,0.0,0.31193284276037264,0.2963360846042633,0.2963360846042633,72000,0.0,0.0
1978-07-31 00:00:00-04:00,0.0,0.29113718250690407,0.27554041147232056,0.27554041147232056,108000,0.0,0.0
1978-08-01 00:00:00-04:00,0.0,0.28853790141738755,0.27294114232063293,0.27294114232063293,39600,0.0,0.0
1978-08-02 00:00:00-04:00,0.0,0.2859382251330542,0.2703414559364319,0.2703414559364319,14400,0.0,0.0
1978-08-03 00:00:00-04:00,0.0,0.29113718250690407,0.27554041147232056,0.27554041147232056,14400,0.0,0.0
1978-08-04 00:00:00-04:00,0.27554041147232056,0.27554041147232056,0.27554041147232056,0.27554041147232056,0,0.0,0.0
1978-08-07 00:00:00-04:00,0.0,0.29113718250690407,0.27554041147232056,0.27554041147232056,14400,0.0,0.0
1978-08-08 00:00:00-04:00,0.27554041147232056,0.27554041147232056,0.27554041147232056,0.27554041147232056,0,0.0,0.0
1978-08-09 00:00:00-04:00,0.0,0.2859382251330542,0.2703414559364319,0.2703414559364319,126000,0.0,0.0
1978-08-10 00:00:00-04:00,0.0,0.28333892095975816,0.2677423655986786,0.2677423655986786,7200,0.0,0.0
1978-08-11 00:00:00-04:00,0.0,0.29113718250690407,0.27554041147232056,0.27554041147232056,57600,0.0,0.0
1978-08-14 00:00:00-04:00,0.0,0.29113718250690407,0.27554041147232056,0.27554041147232056,14400,0.0,0.0
1978-08-15 00:00:00-04:00,0.0,0.28853790141738755,0.27294114232063293,0.27294114232063293,25200,0.0,0.0
1978-08-16 00:00:00-04:00,0.0,0.29113718250690407,0.27554041147232056,0.27554041147232056,3600,0.0,0.0
1978-08-17 00:00:00-04:00,0.0,0.29113718250690407,0.27554041147232056,0.27554041147232056,28800,0.0,0.0
1978-08-18 00:00:00-04:00,0.0,0.2963358446382358,0.28073927760124207,0.28073927760124207,7200,0.0,0.0
1978-08-21 00:00:00-04:00,0.0,0.2963358446382358,0.28073927760124207,0.28073927760124207,21600,0.0,0.0
1978-08-22 00:00:00-04:00,0.0,0.2963358446382358,0.28073927760124207,0.28073927760124207,3600,0.0,0.0
1978-08-23 00:00:00-04:00,0.0,0.2963358446382358,0.28073927760124207,0.28073927760124207,3600,0.0,0.0
1978-08-24 00:00:00-04:00,0.0,0.2963358446382358,0.28073927760124207,0.28073927760124207,21600,0.0,0.0
1978-08-25 00:00:00-04:00,0.0,0.2963358446382358,0.28073927760124207,0.28073927760124207,14400,0.0,0.0
1978-08-28 00:00:00-04:00,0.28073927760124207,0.28073927760124207,0.28073927760124207,0.28073927760124207,0,0.0,0.0
1978-08-29 00:00:00-04:00,0.0,0.2963358446382358,0.28073927760124207,0.28073927760124207,36000,0.0,0.0
1978-08-30 00:00:00-04:00,0.0,0.29893541825482484,0.28333884477615356,0.28333884477615356,3600,0.0,0.0
1978-08-31 00:00:00-04:00,0.0,0.3015348962536323,0.2859383225440979,0.2859383225440979,36000,0.0,0.0
1978-09-01 00:00:00-04:00,0.2859383225440979,0.2859383225440979,0.2859383225440979,0.2859383225440979,0,0.0,0.0
1978-09-05 00:00:00-04:00,0.2859383225440979,0.2859383225440979,0.2859383225440979,0.2859383225440979,0,0.0,0.0
1978-09-06 00:00:00-04:00,0.2859383225440979,0.2859383225440979,0.2859383225440979,0.2859383225440979,0,0.0,0.0
1978-09-07 00:00:00-04:00,0.0,0.3015348962536323,0.2859383225440979,0.2859383225440979,7200,0.0,0.0
1978-09-08 00:00:00-04:00,0.0,0.3015348962536323,0.2859383225440979,0.2859383225440979,7200,0.0,0.0
1978-09-11 00:00:00-04:00,0.0,0.3015348962536323,0.2859383225440979,0.2859383225440979,7200,0.0,0.0
1978-09-12 00:00:00-04:00,0.2859383225440979,0.2859383225440979,0.2859383225440979,0.2859383225440979,0,0.0,0.0
1978-09-13 00:00:00-04:00,0.0,0.3015348962536323,0.2859383225440979,0.2859383225440979,28800,0.0,0.0
1978-09-14 00:00:00-04:00,0.0,0.3015348962536323,0.2859383225440979,0.2859383225440979,7200,0.0,0.0
1978-09-15 00:00:00-04:00,0.0,0.3015348962536323,0.2859383225440979,0.2859383225440979,36000,0.0,0.0
1978-09-18 00:00:00-04:00,0.2859383225440979,0.2859383225440979,0.2859383225440979,0.2859383225440979,0,0.0,0.0
1978-09-19 00:00:00-04:00,0.0,0.29893541825482484,0.28333884477615356,0.28333884477615356,54000,0.0,0.0
1978-09-20 00:00:00-04:00,0.0,0.2963358446382358,0.28073927760124207,0.28073927760124207,28800,0.0,0.0
1978-09-21 00:00:00-04:00,0.28073927760124207,0.28073927760124207,0.28073927760124207,0.28073927760124207,0,0.0,0.0
1978-09-22 00:00:00-04:00,0.28073927760124207,0.28073927760124207,0.28073927760124207,0.28073927760124207,0,0.0,0.0
1978-09-25 00:00:00-04:00,0.0,0.2963358446382358,0.28073927760124207,0.28073927760124207,7200,0.0,0.0
1978-09-26 00:00:00-04:00,0.28073927760124207,0.28073927760124207,0.28073927760124207,0.28073927760124207,0,0.0,0.0
1978-09-27 00:00:00-04:00,0.28073927760124207,0.28073927760124207,0.28073927760124207,0.28073927760124207,0,0.0,0.0
1978-09-28 00:00:00-04:00,0.28073927760124207,0.28073927760124207,0.28073927760124207,0.28073927760124207,0,0.0,0.0
1978-09-29 00:00:00-04:00,0.0,0.2963358446382358,0.28073927760124207,0.28073927760124207,3600,0.0,0.0
1978-10-02 00:00:00-04:00,0.0,0.2963358446382358,0.28073927760124207,0.28073927760124207,3600,0.0,0.0
1978-10-03 00:00:00-04:00,0.0,0.2963358446382358,0.28073927760124207,0.28073927760124207,7200,0.0,0.0
1978-10-04 00:00:00-04:00,0.28073927760124207,0.28073927760124207,0.28073927760124207,0.28073927760124207,0,0.0,0.0
1978-10-05 00:00:00-04:00,0.0,0.2963358446382358,0.28073927760124207,0.28073927760124207,162000,0.0,0.0
1978-10-06 00:00:00-04:00,0.0,0.2963358446382358,0.28073927760124207,0.28073927760124207,14400,0.0,0.0
1978-10-09 00:00:00-04:00,0.0,0.2963358446382358,0.28073927760124207,0.28073927760124207,7200,0.0,0.0
1978-10-10 00:00:00-04:00,0.28073927760124207,0.28073927760124207,0.28073927760124207,0.28073927760124207,0,0.0,0.0
1978-10-11 00:00:00-04:00,0.0,0.2963358446382358,0.28073927760124207,0.28073927760124207,75600,0.0,0.0
1978-10-12 00:00:00-04:00,0.0,0.2963358446382358,0.28073927760124207,0.28073927760124207,97200,0.0,0.0
1978-10-13 00:00:00-04:00,0.0,0.293736437430929,0.2781398892402649,0.2781398892402649,14400,0.0,0.0
1978-10-16 00:00:00-04:00,0.0,0.293736437430929,0.2781398892402649,0.2781398892402649,21600,0.0,0.0
1978-10-17 00:00:00-04:00,0.0,0.29113718250690407,0.27554041147232056,0.27554041147232056,7200,0.0,0.0
1978-10-18 00:00:00-04:00,0.0,0.28853790141738755,0.27294114232063293,0.27294114232063293,75600,0.0,0.0
1978-10-19 00:00:00-04:00,0.0,0.28853790141738755,0.27294114232063293,0.27294114232063293,648000,0.0,0.0
1978-10-20 00:00:00-04:00,0.0,0.28073940218434007,0.2651428282260895,0.2651428282260895,28800,0.0,0.0
1978-10-23 00:00:00-04:00,0.0,0.28073940218434007,0.2651428282260895,0.2651428282260895,3600,0.0,0.0
1978-10-24 00:00:00-04:00,0.0,0.28073940218434007,0.2651428282260895,0.2651428282260895,43200,0.0,0.0
1978-10-25 00:00:00-04:00,0.0,0.27554035004011507,0.25994378328323364,0.25994378328323364,90000,0.0,0.0
1978-10-26 00:00:00-04:00,0.0,0.2703415269403897,0.2547449767589569,0.2547449767589569,39600,0.0,0.0
1978-10-27 00:00:00-04:00,0.0,0.23394966243514675,0.21835307776927948,0.21835307776927948,151200,0.0,0.0
1978-10-30 00:00:00-05:00,0.0,0.22875052901386803,0.21315395832061768,0.21315395832061768,57600,0.0,0.0
1978-10-31 00:00:00-05:00,0.0,0.23914829268138493,0.22355152666568756,0.22355152666568756,72000,0.0,0.0
1978-11-01 00:00:00-05:00,0.0,0.24434733008927026,0.22875055670738217,0.2287505567073822,21600,0.0,0.0
1978-11-02 00:00:00-05:00,0.0,0.2469464737009201,0.23134993016719818,0.23134993016719818,3600,0.0,0.0
1978-11-03 00:00:00-05:00,0.0,0.24434733008927026,0.22875055670738217,0.2287505567073822,18000,0.0,0.0
1978-11-06 00:00:00-05:00,0.0,0.24954594384527126,0.23394937813282013,0.23394937813282013,32400,0.0,0.0
1978-11-07 00:00:00-05:00,0.0,0.24954594384527126,0.23394937813282013,0.23394937813282013,39600,0.0,0.0
1978-11-08 00:00:00-05:00,0.0,0.24954594384527126,0.23394937813282013,0.23394937813282013,7200,0.0,0.0
1978-11-09 00:00:00-05:00,0.0,0.2521455346342452,0.23654896020889282,0.23654896020889282,3600,0.0,0.0
1978-11-10 00:00:00-05:00,0.0,0.2521455346342452,0.23654896020889282,0.23654896020889282,3600,0.0,0.0
1978-11-13 00:00:00-05:00,0.0,0.24954594384527126,0.23394937813282013,0.23394937813282013,25200,0.0,0.0
1978-11-14 00:00:00-05:00,0.0,0.2469464737009201,0.23134993016719818,0.23134993016719818,90000,0.0,0.0
1978-11-15 00:00:00-05:00,0.0,0.24434733008927026,0.22875055670738217,0.2287505567073822,7200,0.0,0.0
1978-11-16 00:00:00-05:00,0.0,0.24434733008927026,0.22875055670738217,0.2287505567073822,7200,0.0,0.0
1978-11-17 00:00:00-05:00,0.0,0.24434733008927026,0.22875055670738217,0.2287505567073822,7200,0.0,0.0
1978-11-20 00:00:00-05:00,0.22875055670738217,0.22875055670738217,0.22875055670738217,0.2287505567073822,0,0.0,0.0
1978-11-21 00:00:00-05:00,0.22875055670738217,0.22875055670738217,0.22875055670738217,0.2287505567073822,0,0.0,0.0
1978-11-22 00:00:00-05:00,0.0,0.24434733008927026,0.22875055670738217,0.2287505567073822,7200,0.0,0.0
1978-11-24 00:00:00-05:00,0.22875055670738217,0.22875055670738217,0.22875055670738217,0.2287505567073822,0,0.0,0.0
1978-11-27 00:00:00-05:00,0.22875055670738217,0.22875055670738217,0.22875055670738217,0.2287505567073822,0,0.0,0.0
1978-11-28 00:00:00-05:00,0.22875055670738217,0.22875055670738217,0.22875055670738217,0.2287505567073822,0,0.0,0.0
1978-11-29 00:00:00-05:00,0.0,0.24174778038273242,0.2261510342359543,0.22615103423595428,14400,0.0,0.0
1978-11-30 00:00:00-05:00,0.0,0.24174778038273242,0.2261510342359543,0.22615103423595428,7200,0.0,0.0
1978-12-01 00:00:00-05:00,0.0,0.24434733008927026,0.22875055670738217,0.2287505567073822,3600,0.0,0.0
1978-12-04 00:00:00-05:00,0.22875055670738217,0.22875055670738217,0.22875055670738217,0.2287505567073822,0,0.0,0.0
1978-12-05 00:00:00-05:00,0.0,0.24434733008927026,0.22875055670738217,0.2287505567073822,3600,0.0,0.0
1978-12-06 00:00:00-05:00,0.22875055670738217,0.22875055670738217,0.22875055670738217,0.2287505567073822,0,0.0,0.0
1978-12-07 00:00:00-05:00,0.22875055670738217,0.22875055670738217,0.22875055670738217,0.2287505567073822,0,0.0,0.0
1978-12-08 00:00:00-05:00,0.22875055670738217,0.22875055670738217,0.22875055670738217,0.2287505567073822,0,0.0,0.0
1978-12-11 00:00:00-05:00,0.0,0.24434733008927026,0.22875055670738217,0.2287505567073822,10800,0.0,0.0
1978-12-12 00:00:00-05:00,0.0,0.24434733008927026,0.22875055670738217,0.2287505567073822,3600,0.0,0.0
1978-12-13 00:00:00-05:00,0.22875055670738217,0.22875055670738217,0.22875055670738217,0.2287505567073822,0,0.0,0.0
1978-12-14 00:00:00-05:00,0.0,0.24434733008927026,0.22875055670738217,0.2287505567073822,3600,0.0,0.0
1978-12-15 00:00:00-05:00,0.0,0.24434733008927026,0.22875055670738217,0.2287505567073822,10800,0.0,0.0
1978-12-18 00:00:00-05:00,0.0,0.24174778038273242,0.2261510342359543,0.22615103423595428,3600,0.0,0.0
1978-12-19 00:00:00-05:00,0.0,0.24174778038273242,0.2261510342359543,0.22615103423595428,3600,0.0,0.0
1978-12-20 00:00:00-05:00,0.2261510342359543,0.2261510342359543,0.2261510342359543,0.22615103423595428,0,0.0,0.0
1978-12-21 00:00:00-05:00,0.0,0.24174778038273242,0.2261510342359543,0.22615103423595428,3600,0.0,0.0
1978-12-22 00:00:00-05:00,0.0,0.24174778038273242,0.2261510342359543,0.22615103423595428,3600,0.0,0.0
1978-12-26 00:00:00-05:00,0.0,0.24174778038273242,0.2261510342359543,0.22615103423595428,10800,0.0,0.0
1978-12-27 00:00:00-05:00,0.0,0.24174778038273242,0.2261510342359543,0.22615103423595428,43200,0.0,0.0
1978-12-28 00:00:00-05:00,0.0,0.24174778038273242,0.2261510342359543,0.22615103423595428,25200,0.0,0.0
1978-12-29 00:00:00-05:00,0.0,0.24174778038273242,0.2261510342359543,0.22615103423595428,10800,0.0,0.0
1979-01-02 00:00:00-05:00,0.2261510342359543,0.2261510342359543,0.2261510342359543,0.22615103423595428,0,0.0,0.0
1979-01-03 00:00:00-05:00,0.0,0.24434733008927026,0.22875055670738217,0.2287505567073822,111600,0.0,0.0
1979-01-04 00:00:00-05:00,0.0,0.24434733008927026,0.22875055670738217,0.2287505567073822,7200,0.0,0.0
1979-01-05 00:00:00-05:00,0.0,0.24434733008927026,0.22875055670738217,0.2287505567073822,21600,0.0,0.0
1979-01-08 00:00:00-05:00,0.0,0.2469464737009201,0.23134993016719818,0.23134993016719818,10800,0.0,0.0
1979-01-09 00:00:00-05:00,0.23134993016719818,0.23134993016719818,0.23134993016719818,0.23134993016719818,0,0.0,0.0
1979-01-10 00:00:00-05:00,0.0,0.24434733008927026,0.22875055670738217,0.2287505567073822,18000,0.0,0.0
1979-01-11 00:00:00-05:00,0.0,0.24434733008927026,0.22875055670738217,0.2287505567073822,7200,0.0,0.0
1979-01-12 00:00:00-05:00,0.22875055670738217,0.22875055670738217,0.22875055670738217,0.2287505567073822,0,0.0,0.0
1979-01-15 00:00:00-05:00,0.0,0.2469464737009201,0.23134993016719818,0.23134993016719818,25200,0.0,0.0
1979-01-16 00:00:00-05:00,0.0,0.2469464737009201,0.23134993016719818,0.23134993016719818,32400,0.0,0.0
1979-01-17 00:00:00-05:00,0.0,0.24174778038273242,0.2261510342359543,0.22615103423595428,50400,0.0,0.0
1979-01-18 00:00:00-05:00,0.2261510342359543,0.2261510342359543,0.2261510342359543,0.22615103423595428,0,0.0,0.0
1979-01-19 00:00:00-05:00,0.0,0.24174778038273242,0.2261510342359543,0.22615103423595428,75600,0.0,0.0
1979-01-22 00:00:00-05:00,0.0,0.24434733008927026,0.22875055670738217,0.2287505567073822,18000,0.0,0.0
1979-01-23 00:00:00-05:00,0.22875055670738217,0.22875055670738217,0.22875055670738217,0.2287505567073822,0,0.0,0.0
1979-01-24 00:00:00-05:00,0.0,0.23914829268138493,0.22355152666568756,0.22355152666568756,14400,0.0,0.0
1979-01-25 00:00:00-05:00,0.0,0.24434733008927026,0.22875055670738217,0.2287505567073822,39600,0.0,0.0
1979-01-26 00:00:00-05:00,0.22875055670738217,0.22875055670738217,0.22875055670738217,0.2287505567073822,0,0.0,0.0
1979-01-29 00:00:00-05:00,0.0,0.2469464737009201,0.23134993016719818,0.23134993016719818,14400,0.0,0.0
1979-01-30 00:00:00-05:00,0.0,0.24954594384527126,0.23394937813282013,0.23394937813282013,36000,0.0,0.0
1979-01-31 00:00:00-05:00,0.0,0.24954594384527126,0.23394937813282013,0.23394937813282013,14400,0.0,0.0
1979-02-01 00:00:00-05:00,0.23394937813282013,0.23394937813282013,0.23394937813282013,0.23394937813282013,0,0.0,0.0
1979-02-02 00:00:00-05:00,0.0,0.24954594384527126,0.23394937813282013,0.23394937813282013,90000,0.0,0.0
1979-02-05 00:00:00-05:00,0.0,0.24954594384527126,0.23394937813282013,0.23394937813282013,28800,0.0,0.0
1979-02-06 00:00:00-05:00,0.0,0.24954594384527126,0.23394937813282013,0.23394937813282013,14400,0.0,0.0
1979-02-07 00:00:00-05:00,0.0,0.24954594384527126,0.23394937813282013,0.23394937813282013,25200,0.0,0.0
1979-02-08 00:00:00-05:00,0.0,0.24954594384527126,0.23394937813282013,0.23394937813282013,3600,0.0,0.0
1979-02-09 00:00:00-05:00,0.0,0.24954594384527126,0.23394937813282013,0.23394937813282013,36000,0.0,0.0
1979-02-12 00:00:00-05:00,0.0,0.24954594384527126,0.23394937813282013,0.23394937813282013,64800,0.0,0.0
1979-02-13 00:00:00-05:00,0.0,0.24954594384527126,0.23394937813282013,0.23394937813282013,7200,0.0,0.0
1979-02-14 00:00:00-05:00,0.0,0.24954594384527126,0.23394937813282013,0.23394937813282013,10800,0.0,0.0
1979-02-15 00:00:00-05:00,0.0,0.24954594384527126,0.23394937813282013,0.23394937813282013,39600,0.0,0.0
1979-02-16 00:00:00-05:00,0.0,0.24954594384527126,0.23394937813282013,0.23394937813282013,10800,0.0,0.0
1979-02-20 00:00:00-05:00,0.0,0.24954594384527126,0.23394937813282013,0.23394937813282013,7200,0.0,0.0
1979-02-21 00:00:00-05:00,0.0,0.2521455346342452,0.23654896020889282,0.23654896020889282,3600,0.0,0.0
1979-02-22 00:00:00-05:00,0.0,0.2521455346342452,0.23654896020889282,0.23654896020889282,7200,0.0,0.0
1979-02-23 00:00:00-05:00,0.23654896020889282,0.23654896020889282,0.23654896020889282,0.23654896020889282,0,0.0,0.0
1979-02-26 00:00:00-05:00,0.0,0.2521455346342452,0.23654896020889282,0.23654896020889282,10800,0.0,0.0
1979-02-27 00:00:00-05:00,0.0,0.24954594384527126,0.23394937813282013,0.23394937813282013,18000,0.0,0.0
1979-02-28 00:00:00-05:00,0.0,0.24954594384527126,0.23394937813282013,0.23394937813282013,14400,0.0,0.0
1979-03-01 00:00:00-05:00,0.0,0.24954594384527126,0.23394937813282013,0.23394937813282013,3600,0.0,0.0
1979-03-02 00:00:00-05:00,0.0,0.24954594384527126,0.23394937813282013,0.23394937813282013,7200,0.0,0.0
1979-03-05 00:00:00-05:00,0.23394937813282013,0.23394937813282013,0.23394937813282013,0.23394937813282013,0,0.0,0.0
1979-03-06 00:00:00-05:00,0.23394937813282013,0.23394937813282013,0.23394937813282013,0.23394937813282013,0,0.0,0.0
1979-03-07 00:00:00-05:00,0.0,0.24954594384527126,0.23394937813282013,0.23394937813282013,3600,0.0,0.0
1979-03-08 00:00:00-05:00,0.23394937813282013,0.23394937813282013,0.23394937813282013,0.23394937813282013,0,0.0,0.0
1979-03-09 00:00:00-05:00,0.0,0.24954594384527126,0.23394937813282013,0.23394937813282013,21600,0.0,0.0
1979-03-12 00:00:00-05:00,0.0,0.24954594384527126,0.23394937813282013,0.23394937813282013,25200,0.0,0.0
1979-03-13 00:00:00-05:00,0.0,0.2521455346342452,0.23654896020889282,0.23654896020889282,21600,0.0,0.0
1979-03-14 00:00:00-05:00,0.0,0.2547449650490149,0.23914839327335358,0.23914839327335358,10800,0.0,0.0
1979-03-15 00:00:00-05:00,0.23914839327335358,0.23914839327335358,0.23914839327335358,0.23914839327335358,0,0.0,0.0
1979-03-16 00:00:00-05:00,0.0,0.2547449650490149,0.23914839327335358,0.23914839327335358,3600,0.0,0.0
1979-03-19 00:00:00-05:00,0.23914839327335358,0.23914839327335358,0.23914839327335358,0.23914839327335358,0,0.0,0.0
1979-03-20 00:00:00-05:00,0.0,0.2625433145059312,0.24694654345512387,0.2469465434551239,32400,0.0,0.0
1979-03-21 00:00:00-05:00,0.0,0.2625433145059312,0.24694654345512387,0.2469465434551239,64800,0.0,0.0
1979-03-22 00:00:00-05:00,0.24694654345512387,0.24694654345512387,0.24694654345512387,0.2469465434551239,0,0.0,0.0
1979-03-23 00:00:00-05:00,0.0,0.2625433145059312,0.24694654345512387,0.2469465434551239,3600,0.0,0.0
1979-03-26 00:00:00-05:00,0.0,0.2625433145059312,0.24694654345512387,0.2469465434551239,7200,0.0,0.0
1979-03-27 00:00:00-05:00,0.0,0.2625433145059312,0.24694654345512387,0.2469465434551239,25200,0.0,0.0
1979-03-28 00:00:00-05:00,0.0,0.2625433145059312,0.24694654345512387,0.2469465434551239,14400,0.0,0.0
1979-03-29 00:00:00-05:00,0.0,0.2625433145059312,0.24694654345512387,0.2469465434551239,3600,0.0,0.0
1979-03-30 00:00:00-05:00,0.0,0.27554035004011507,0.25994378328323364,0.25994378328323364,43200,0.0,0.0
1979-04-02 00:00:00-05:00,0.0,0.3015347672506934,0.28073927760124207,0.28073927760124207,118800,0.0,0.0
1979-04-03 00:00:00-05:00,0.0,0.31193243719726726,0.2911369800567627,0.2911369800567627,18000,0.0,0.0
1979-04-04 00:00:00-05:00,0.0,0.3067337987791359,0.2859383225440979,0.2859383225440979,32400,0.0,0.0
1979-04-05 00:00:00-05:00,0.0,0.29633590538467847,0.27554041147232056,0.27554041147232056,54000,0.0,0.0
1979-04-06 00:00:00-05:00,0.0,0.2859383271039129,0.2651428282260895,0.2651428282260895,25200,0.0,0.0
1979-04-09 00:00:00-05:00,0.0,0.2859383271039129,0.2651428282260895,0.2651428282260895,50400,0.0,0.0
1979-04-10 00:00:00-05:00,0.0,0.2807392725592006,0.25994378328323364,0.25994378328323364,28800,0.0,0.0
1979-04-11 00:00:00-05:00,0.0,0.2807392725592006,0.25994378328323364,0.25994378328323364,3600,0.0,0.0
1979-04-12 00:00:00-05:00,0.25994378328323364,0.25994378328323364,0.25994378328323364,0.25994378328323364,0,0.0,0.0
1979-04-16 00:00:00-05:00,0.0,0.2807392725592006,0.25994378328323364,0.25994378328323364,3600,0.0,0.0
1979-04-17 00:00:00-05:00,0.0,0.2807392725592006,0.25994378328323364,0.25994378328323364,50400,0.0,0.0
1979-04-18 00:00:00-05:00,0.0,0.2807392725592006,0.25994378328323364,0.25994378328323364,7200,0.0,0.0
1979-04-19 00:00:00-05:00,0.0,0.2807392725592006,0.25994378328323364,0.25994378328323364,36000,0.0,0.0
1979-04-20 00:00:00-05:00,0.0,0.2807392725592006,0.25994378328323364,0.25994378328323364,10800,0.0,0.0
1979-04-23 00:00:00-05:00,0.0,0.2807392725592006,0.25994378328323364,0.25994378328323364,18000,0.0,0.0
1979-04-24 00:00:00-05:00,0.0,0.2859383271039129,0.2651428282260895,0.2651428282260895,14400,0.0,0.0
1979-04-25 00:00:00-05:00,0.0,0.2859383271039129,0.2651428282260895,0.2651428282260895,3600,0.0,0.0
1979-04-26 00:00:00-05:00,0.0,0.2859383271039129,0.2651428282260895,0.2651428282260895,18000,0.0,0.0
1979-04-27 00:00:00-05:00,0.0,0.29633590538467847,0.27554041147232056,0.27554041147232056,10800,0.0,0.0
1979-04-30 00:00:00-04:00,0.0,0.291137148198595,0.2703414559364319,0.2703414559364319,10800,0.0,0.0
1979-05-01 00:00:00-04:00,0.0,0.291137148198595,0.2703414559364319,0.2703414559364319,3600,0.0,0.0
1979-05-02 00:00:00-04:00,0.2703414559364319,0.2703414559364319,0.2703414559364319,0.2703414559364319,0,0.0,0.0
1979-05-03 00:00:00-04:00,0.2703414559364319,0.2703414559364319,0.2703414559364319,0.2703414559364319,0,0.0,0.0
1979-05-04 00:00:00-04:00,0.2703414559364319,0.2703414559364319,0.2703414559364319,0.2703414559364319,0,0.0,0.0
1979-05-07 00:00:00-04:00,0.0,0.291137148198595,0.2703414559364319,0.2703414559364319,50400,0.0,0.0
1979-05-08 00:00:00-04:00,0.0,0.2859383271039129,0.2651428282260895,0.2651428282260895,79200,0.0,0.0
1979-05-09 00:00:00-04:00,0.0,0.2859383271039129,0.2651428282260895,0.2651428282260895,3600,0.0,0.0
1979-05-10 00:00:00-04:00,0.2651428282260895,0.2651428282260895,0.2651428282260895,0.2651428282260895,0,0.0,0.0
1979-05-11 00:00:00-04:00,0.2651428282260895,0.2651428282260895,0.2651428282260895,0.2651428282260895,0,0.0,0.0
1979-05-14 00:00:00-04:00,0.0,0.2859383271039129,0.2651428282260895,0.2651428282260895,3600,0.0,0.0
1979-05-15 00:00:00-04:00,0.2651428282260895,0.2651428282260895,0.2651428282260895,0.2651428282260895,0,0.0,0.0
1979-05-16 00:00:00-04:00,0.2651428282260895,0.2651428282260895,0.2651428282260895,0.2651428282260895,0,0.0,0.0
1979-05-17 00:00:00-04:00,0.2651428282260895,0.2651428282260895,0.2651428282260895,0.2651428282260895,0,0.0,0.0
1979-05-18 00:00:00-04:00,0.2651428282260895,0.2651428282260895,0.2651428282260895,0.2651428282260895,0,0.0,0.0
1979-05-21 00:00:00-04:00,0.2651428282260895,0.2651428282260895,0.2651428282260895,0.2651428282260895,0,0.0,0.0
1979-05-22 00:00:00-04:00,0.0,0.2859383271039129,0.2651428282260895,0.2651428282260895,14400,0.0,0.0
1979-05-23 00:00:00-04:00,0.0,0.2859383271039129,0.2651428282260895,0.2651428282260895,7200,0.0,0.0
1979-05-24 00:00:00-04:00,0.2651428282260895,0.2651428282260895,0.2651428282260895,0.2651428282260895,0,0.0,0.0
1979-05-25 00:00:00-04:00,0.2651428282260895,0.2651428282260895,0.2651428282260895,0.2651428282260895,0,0.0,0.0
1979-05-29 00:00:00-04:00,0.0,0.2859383271039129,0.2651428282260895,0.2651428282260895,3600,0.0,0.0
1979-05-30 00:00:00-04:00,0.2651428282260895,0.2651428282260895,0.2651428282260895,0.2651428282260895,0,0.0,0.0
1979-05-31 00:00:00-04:00,0.0,0.2859383271039129,0.2651428282260895,0.2651428282260895,10800,0.0,0.0
1979-06-01 00:00:00-04:00,0.0,0.2859383271039129,0.2651428282260895,0.2651428282260895,7200,0.0,0.0
1979-06-04 00:00:00-04:00,0.0,0.2859383271039129,0.2651428282260895,0.2651428282260895,14400,0.0,0.0
1979-06-05 00:00:00-04:00,0.0,0.2859383271039129,0.2651428282260895,0.2651428282260895,3600,0.0,0.0
1979-06-06 00:00:00-04:00,0.0,0.2859383271039129,0.2651428282260895,0.2651428282260895,28800,0.0,0.0
1979-06-07 00:00:00-04:00,0.0,0.291137148198595,0.2703414559364319,0.2703414559364319,28800,0.0,0.0
1979-06-08 00:00:00-04:00,0.0,0.291137148198595,0.2703414559364319,0.2703414559364319,25200,0.0,0.0
1979-06-11 00:00:00-04:00,0.0,0.291137148198595,0.2703414559364319,0.2703414559364319,7200,0.0,0.0
1979-06-12 00:00:00-04:00,0.0,0.291137148198595,0.2703414559364319,0.2703414559364319,3600,0.0,0.0
1979-06-13 00:00:00-04:00,0.0,0.29633590538467847,0.27554041147232056,0.27554041147232056,39600,0.0,0.0
1979-06-14 00:00:00-04:00,0.0,0.3015347672506934,0.28073927760124207,0.28073927760124207,25200,0.0,0.0
1979-06-15 00:00:00-04:00,0.0,0.3067337987791359,0.2859383225440979,0.2859383225440979,25200,0.0,0.0
1979-06-18 00:00:00-04:00,0.2859383225440979,0.2859383225440979,0.2859383225440979,0.2859383225440979,0,0.0,0.0
1979-06-19 00:00:00-04:00,0.0,0.3067337987791359,0.2859383225440979,0.2859383225440979,18000,0.0,0.0
1979-06-20 00:00:00-04:00,0.0,0.31193243719726726,0.2911369800567627,0.2911369800567627,21600,0.0,0.0
1979-06-21 00:00:00-04:00,0.0,0.31193243719726726,0.2911369800567627,0.2911369800567627,57600,0.0,0.0
1979-06-22 00:00:00-04:00,0.2911369800567627,0.2911369800567627,0.2911369800567627,0.2911369800567627,0,0.0,0.0
1979-06-25 00:00:00-04:00,0.2911369800567627,0.2911369800567627,0.2911369800567627,0.2911369800567627,0,0.0,0.0
1979-06-26 00:00:00-04:00,0.0,0.31193243719726726,0.2911369800567627,0.2911369800567627,3600,0.0,0.0
1979-06-27 00:00:00-04:00,0.0,0.3275293802799055,0.3067338764667511,0.3067338764667511,39600,0.0,0.0
1979-06-28 00:00:00-04:00,0.0,0.33272808346148547,0.31193259358406067,0.31193259358406067,21600,0.0,0.0
1979-06-29 00:00:00-04:00,0.0,0.33272808346148547,0.31193259358406067,0.31193259358406067,10800,0.0,0.0
1979-07-02 00:00:00-04:00,0.0,0.3275293802799055,0.3067338764667511,0.3067338764667511,14400,0.0,0.0
1979-07-03 00:00:00-04:00,0.0,0.3275293802799055,0.3067338764667511,0.3067338764667511,3600,0.0,0.0
1979-07-05 00:00:00-04:00,0.0,0.33272808346148547,0.31193259358406067,0.31193259358406067,7200,0.0,0.0
1979-07-06 00:00:00-04:00,0.0,0.33272808346148547,0.31193259358406067,0.31193259358406067,32400,0.0,0.0
1979-07-09 00:00:00-04:00,0.0,0.3275293802799055,0.3067338764667511,0.3067338764667511,7200,0.0,0.0
1979-07-10 00:00:00-04:00,0.0,0.3275293802799055,0.3067338764667511,0.3067338764667511,14400,0.0,0.0
1979-07-11 00:00:00-04:00,0.0,0.33272808346148547,0.31193259358406067,0.31193259358406067,28800,0.0,0.0
1979-07-12 00:00:00-04:00,0.0,0.33272808346148547,0.31193259358406067,0.31193259358406067,32400,0.0,0.0
1979-07-13 00:00:00-04:00,0.0,0.33272808346148547,0.31193259358406067,0.31193259358406067,104400,0.0,0.0
1979-07-16 00:00:00-04:00,0.0,0.33272808346148547,0.31193259358406067,0.31193259358406067,25200,0.0,0.0
1979-07-17 00:00:00-04:00,0.0,0.3275293802799055,0.3067338764667511,0.3067338764667511,61200,0.0,0.0
1979-07-18 00:00:00-04:00,0.0,0.3223304307254272,0.3015349507331848,0.3015349507331848,39600,0.0,0.0
1979-07-19 00:00:00-04:00,0.0,0.3223304307254272,0.3015349507331848,0.3015349507331848,7200,0.0,0.0
1979-07-20 00:00:00-04:00,0.0,0.3223304307254272,0.3015349507331848,0.3015349507331848,7200,0.0,0.0
1979-07-23 00:00:00-04:00,0.0,0.3171315687822579,0.2963360846042633,0.2963360846042633,111600,0.0,0.0
1979-07-24 00:00:00-04:00,0.0,0.3197310387606161,0.29893553256988525,0.29893553256988525,18000,0.0,0.0
1979-07-25 00:00:00-04:00,0.0,0.3223304307254272,0.3015349507331848,0.3015349507331848,36000,0.0,0.0
1979-07-26 00:00:00-04:00,0.0,0.3223304307254272,0.3015349507331848,0.3015349507331848,10800,0.0,0.0
1979-07-27 00:00:00-04:00,0.0,0.3223304307254272,0.3015349507331848,0.3015349507331848,18000,0.0,0.0
1979-07-30 00:00:00-04:00,0.0,0.3223304307254272,0.3015349507331848,0.3015349507331848,10800,0.0,0.0
1979-07-31 00:00:00-04:00,0.0,0.3249297097041375,0.30413421988487244,0.30413421988487244,18000,0.0,0.0
1979-08-01 00:00:00-04:00,0.0,0.3275293802799055,0.3067338764667511,0.3067338764667511,14400,0.0,0.0
1979-08-02 00:00:00-04:00,0.0,0.3301286451393546,0.3093331754207611,0.3093331754207611,10800,0.0,0.0
1979-08-03 00:00:00-04:00,0.3093331754207611,0.3093331754207611,0.3093331754207611,0.3093331754207611,0,0.0,0.0
1979-08-06 00:00:00-04:00,0.0,0.3301286451393546,0.3093331754207611,0.3093331754207611,3600,0.0,0.0
1979-08-07 00:00:00-04:00,0.3093331754207611,0.3093331754207611,0.3093331754207611,0.3093331754207611,0,0.0,0.0
1979-08-08 00:00:00-04:00,0.3093331754207611,0.3093331754207611,0.3093331754207611,0.3093331754207611,0,0.0,0.0
1979-08-09 00:00:00-04:00,0.3093331754207611,0.3093331754207611,0.3093331754207611,0.3093331754207611,0,0.0,0.0
1979-08-10 00:00:00-04:00,0.3093331754207611,0.3093331754207611,0.3093331754207611,0.3093331754207611,0,0.0,0.0
1979-08-13 00:00:00-04:00,0.3093331754207611,0.3093331754207611,0.3093331754207611,0.3093331754207611,0,0.0,0.0
1979-08-14 00:00:00-04:00,0.0,0.3379272551203131,0.31713154911994934,0.31713154911994934,43200,0.0,0.0
1979-08-15 00:00:00-04:00,0.0,0.34832477891145125,0.32752928137779236,0.32752928137779236,14400,0.0,0.0
1979-08-16 00:00:00-04:00,0.0,0.34832477891145125,0.32752928137779236,0.32752928137779236,28800,0.0,0.0
1979-08-17 00:00:00-04:00,0.32752928137779236,0.32752928137779236,0.32752928137779236,0.32752928137779236,0,0.0,0.0
1979-08-20 00:00:00-04:00,0.0,0.34572518199891156,0.32492971420288086,0.32492971420288086,28800,0.0,0.0
1979-08-21 00:00:00-04:00,0.32492971420288086,0.32492971420288086,0.32492971420288086,0.32492971420288086,0,0.0,0.0
1979-08-22 00:00:00-04:00,0.0,0.34572518199891156,0.32492971420288086,0.32492971420288086,3600,0.0,0.0
1979-08-23 00:00:00-04:00,0.0,0.34572518199891156,0.32492971420288086,0.32492971420288086,3600,0.0,0.0
1979-08-24 00:00:00-04:00,0.0,0.34572518199891156,0.32492971420288086,0.32492971420288086,3600,0.0,0.0
1979-08-27 00:00:00-04:00,0.0,0.34832477891145125,0.32752928137779236,0.32752928137779236,7200,0.0,0.0
1979-08-28 00:00:00-04:00,0.0,0.34832477891145125,0.32752928137779236,0.32752928137779236,10800,0.0,0.0
1979-08-29 00:00:00-04:00,0.0,0.34832477891145125,0.32752928137779236,0.32752928137779236,7200,0.0,0.0
1979-08-30 00:00:00-04:00,0.32752928137779236,0.32752928137779236,0.32752928137779236,0.32752928137779236,0,0.0,0.0
1979-08-31 00:00:00-04:00,0.32752928137779236,0.32752928137779236,0.32752928137779236,0.32752928137779236,0,0.0,0.0
1979-09-04 00:00:00-04:00,0.0,0.3509240365995559,0.33012855052948,0.33012855052948,7200,0.0,0.0
1979-09-05 00:00:00-04:00,0.0,0.34312591655379304,0.32233041524887085,0.32233041524887085,36000,0.0,0.0
1979-09-06 00:00:00-04:00,0.0,0.34572518199891156,0.32492971420288086,0.32492971420288086,10800,0.0,0.0
1979-09-07 00:00:00-04:00,0.0,0.34572518199891156,0.32492971420288086,0.32492971420288086,10800,0.0,0.0
1979-09-10 00:00:00-04:00,0.32492971420288086,0.32492971420288086,0.32492971420288086,0.32492971420288086,0,0.0,0.0
1979-09-11 00:00:00-04:00,0.32492971420288086,0.32492971420288086,0.32492971420288086,0.32492971420288086,0,0.0,0.0
1979-09-12 00:00:00-04:00,0.32492971420288086,0.32492971420288086,0.32492971420288086,0.32492971420288086,0,0.0,0.0
1979-09-13 00:00:00-04:00,0.0,0.34572518199891156,0.32492971420288086,0.32492971420288086,3600,0.0,0.0
1979-09-14 00:00:00-04:00,0.32492971420288086,0.32492971420288086,0.32492971420288086,0.32492971420288086,0,0.0,0.0
1979-09-17 00:00:00-04:00,0.32492971420288086,0.32492971420288086,0.32492971420288086,0.32492971420288086,0,0.0,0.0
1979-09-18 00:00:00-04:00,0.0,0.34312591655379304,0.32233041524887085,0.32233041524887085,10800,0.0,0.0
1979-09-19 00:00:00-04:00,0.0,0.34312591655379304,0.32233041524887085,0.32233041524887085,10800,0.0,0.0
1979-09-20 00:00:00-04:00,0.0,0.34312591655379304,0.32233041524887085,0.32233041524887085,3600,0.0,0.0
1979-09-21 00:00:00-04:00,0.0,0.34572518199891156,0.32492971420288086,0.32492971420288086,25200,0.0,0.0
1979-09-24 00:00:00-04:00,0.0,0.34832477891145125,0.32752928137779236,0.32752928137779236,25200,0.0,0.0
1979-09-25 00:00:00-04:00,0.0,0.34832477891145125,0.32752928137779236,0.32752928137779236,21600,0.0,0.0
1979-09-26 00:00:00-04:00,0.32752928137779236,0.32752928137779236,0.32752928137779236,0.32752928137779236,0,0.0,0.0
1979-09-27 00:00:00-04:00,0.0,0.34832477891145125,0.32752928137779236,0.32752928137779236,3600,0.0,0.0
1979-09-28 00:00:00-04:00,0.0,0.34832477891145125,0.32752928137779236,0.32752928137779236,18000,0.0,0.0
1979-10-01 00:00:00-04:00,0.0,0.34832477891145125,0.32752928137779236,0.32752928137779236,10800,0.0,0.0
1979-10-02 00:00:00-04:00,0.0,0.3535235240809123,0.3327280580997467,0.3327280580997467,7200,0.0,0.0
1979-10-03 00:00:00-04:00,0.3327280580997467,0.3327280580997467,0.3327280580997467,0.3327280580997467,0,0.0,0.0
1979-10-04 00:00:00-04:00,0.3327280580997467,0.3327280580997467,0.3327280580997467,0.3327280580997467,0,0.0,0.0
1979-10-05 00:00:00-04:00,0.3327280580997467,0.3327280580997467,0.3327280580997467,0.3327280580997467,0,0.0,0.0
1979-10-08 00:00:00-04:00,0.0,0.3535235240809123,0.3327280580997467,0.3327280580997467,7200,0.0,0.0
1979-10-09 00:00:00-04:00,0.0,0.34832477891145125,0.32752928137779236,0.32752928137779236,14400,0.0,0.0
1979-10-10 00:00:00-04:00,0.0,0.33272808346148547,0.31193259358406067,0.31193259358406067,54000,0.0,0.0
1979-10-11 00:00:00-04:00,0.0,0.33272808346148547,0.31193259358406067,0.31193259358406067,7200,0.0,0.0
1979-10-12 00:00:00-04:00,0.31193259358406067,0.31193259358406067,0.31193259358406067,0.31193259358406067,0,0.0,0.0
1979-10-15 00:00:00-04:00,0.0,0.3249297097041375,0.30413421988487244,0.30413421988487244,43200,0.0,0.0
1979-10-16 00:00:00-04:00,0.30413421988487244,0.30413421988487244,0.30413421988487244,0.30413421988487244,0,0.0,0.0
1979-10-17 00:00:00-04:00,0.0,0.3223304307254272,0.3015349507331848,0.3015349507331848,18000,0.0,0.0
1979-10-18 00:00:00-04:00,0.0,0.3223304307254272,0.3015349507331848,0.3015349507331848,36000,0.0,0.0
1979-10-19 00:00:00-04:00,0.0,0.3223304307254272,0.3015349507331848,0.3015349507331848,18000,0.0,0.0
1979-10-22 00:00:00-04:00,0.0,0.3171315687822579,0.2963360846042633,0.2963360846042633,10800,0.0,0.0
1979-10-23 00:00:00-04:00,0.0,0.3145321224259479,0.29373642802238464,0.29373642802238464,21600,0.0,0.0
1979-10-24 00:00:00-04:00,0.0,0.3145321224259479,0.29373642802238464,0.29373642802238464,18000,0.0,0.0
1979-10-25 00:00:00-04:00,0.0,0.3145321224259479,0.29373642802238464,0.29373642802238464,93600,0.0,0.0
1979-10-26 00:00:00-04:00,0.29373642802238464,0.29373642802238464,0.29373642802238464,0.29373642802238464,0,0.0,0.0
1979-10-29 00:00:00-05:00,0.0,0.3223304307254272,0.3015349507331848,0.3015349507331848,10800,0.0,0.0
1979-10-30 00:00:00-05:00,0.0,0.3223304307254272,0.3015349507331848,0.3015349507331848,7200,0.0,0.0
1979-10-31 00:00:00-05:00,0.0,0.3223304307254272,0.3015349507331848,0.3015349507331848,7200,0.0,0.0
1979-11-01 00:00:00-05:00,0.0,0.3223304307254272,0.3015349507331848,0.3015349507331848,3600,0.0,0.0
1979-11-02 00:00:00-05:00,0.3015349507331848,0.3015349507331848,0.3015349507331848,0.3015349507331848,0,0.0,0.0
1979-11-05 00:00:00-05:00,0.3015349507331848,0.3015349507331848,0.3015349507331848,0.3015349507331848,0,0.0,0.0
1979-11-06 00:00:00-05:00,0.0,0.3223304307254272,0.3015349507331848,0.3015349507331848,32400,0.0,0.0
1979-11-07 00:00:00-05:00,0.0,0.3223304307254272,0.3015349507331848,0.3015349507331848,10800,0.0,0.0
1979-11-08 00:00:00-05:00,0.0,0.3197310387606161,0.29893553256988525,0.29893553256988525,54000,0.0,0.0
1979-11-09 00:00:00-05:00,0.0,0.3197310387606161,0.29893553256988525,0.29893553256988525,36000,0.0,0.0
1979-11-12 00:00:00-05:00,0.29893553256988525,0.29893553256988525,0.29893553256988525,0.29893553256988525,0,0.0,0.0
1979-11-13 00:00:00-05:00,0.29893553256988525,0.29893553256988525,0.29893553256988525,0.29893553256988525,0,0.0,0.0
1979-11-14 00:00:00-05:00,0.29893553256988525,0.29893553256988525,0.29893553256988525,0.29893553256988525,0,0.0,0.0
1979-11-15 00:00:00-05:00,0.0,0.3223304307254272,0.3015349507331848,0.3015349507331848,3600,0.0,0.0
1979-11-16 00:00:00-05:00,0.0,0.3223304307254272,0.3015349507331848,0.3015349507331848,3600,0.0,0.0
1979-11-19 00:00:00-05:00,0.0,0.3223304307254272,0.3015349507331848,0.3015349507331848,3600,0.0,0.0
1979-11-20 00:00:00-05:00,0.0,0.3223304307254272,0.3015349507331848,0.3015349507331848,7200,0.0,0.0
1979-11-21 00:00:00-05:00,0.3015349507331848,0.3015349507331848,0.3015349507331848,0.3015349507331848,0,0.0,0.0
1979-11-23 00:00:00-05:00,0.3015349507331848,0.3015349507331848,0.3015349507331848,0.3015349507331848,0,0.0,0.0
1979-11-26 00:00:00-05:00,0.0,0.3249297097041375,0.30413421988487244,0.30413421988487244,3600,0.0,0.0
1979-11-27 00:00:00-05:00,0.0,0.3275293802799055,0.3067338764667511,0.3067338764667511,3600,0.0,0.0
1979-11-28 00:00:00-05:00,0.3067338764667511,0.3067338764667511,0.3067338764667511,0.3067338764667511,0,0.0,0.0
1979-11-29 00:00:00-05:00,0.0,0.33272808346148547,0.31193259358406067,0.31193259358406067,14400,0.0,0.0
1979-11-30 00:00:00-05:00,0.0,0.33272808346148547,0.31193259358406067,0.31193259358406067,3600,0.0,0.0
1979-12-03 00:00:00-05:00,0.31193259358406067,0.31193259358406067,0.31193259358406067,0.31193259358406067,0,0.0,0.0
1979-12-04 00:00:00-05:00,0.0,0.3353277934489706,0.3145323097705841,0.3145323097705841,7200,0.0,0.0
1979-12-05 00:00:00-05:00,0.0,0.3379272551203131,0.31713154911994934,0.31713154911994934,10800,0.0,0.0
1979-12-06 00:00:00-05:00,0.31713154911994934,0.31713154911994934,0.31713154911994934,0.31713154911994934,0,0.0,0.0
1979-12-07 00:00:00-05:00,0.31713154911994934,0.31713154911994934,0.31713154911994934,0.31713154911994934,0,0.0,0.0
1979-12-10 00:00:00-05:00,0.0,0.34832477891145125,0.32752928137779236,0.32752928137779236,28800,0.0,0.0
1979-12-11 00:00:00-05:00,0.0,0.3535235240809123,0.3327280580997467,0.3327280580997467,10800,0.0,0.0
1979-12-12 00:00:00-05:00,0.0,0.3535235240809123,0.3327280580997467,0.3327280580997467,10800,0.0,0.0
1979-12-13 00:00:00-05:00,0.0,0.37431910548774266,0.3535236120223999,0.3535236120223999,32400,0.0,0.0
1979-12-14 00:00:00-05:00,0.0,0.37431910548774266,0.3535236120223999,0.3535236120223999,7200,0.0,0.0
1979-12-17 00:00:00-05:00,0.0,0.37431910548774266,0.3535236120223999,0.3535236120223999,21600,0.0,0.0
1979-12-18 00:00:00-05:00,0.0,0.3795178829158216,0.35872241854667664,0.35872241854667664,43200,0.0,0.0
1979-12-19 00:00:00-05:00,0.0,0.3847169489400847,0.36392125487327576,0.36392125487327576,10800,0.0,0.0
1979-12-20 00:00:00-05:00,0.36392125487327576,0.36392125487327576,0.36392125487327576,0.36392125487327576,0,0.0,0.0
1979-12-21 00:00:00-05:00,0.36392125487327576,0.36392125487327576,0.36392125487327576,0.36392125487327576,0,0.0,0.0
1979-12-24 00:00:00-05:00,0.36392125487327576,0.36392125487327576,0.36392125487327576,0.36392125487327576,0,0.0,0.0
1979-12-26 00:00:00-05:00,0.36392125487327576,0.36392125487327576,0.36392125487327576,0.36392125487327576,0,0.0,0.0
1979-12-27 00:00:00-05:00,0.36392125487327576,0.36392125487327576,0.36392125487327576,0.36392125487327576,0,0.0,0.0
1979-12-28 00:00:00-05:00,0.0,0.3847169489400847,0.36392125487327576,0.36392125487327576,14400,0.0,0.0
1979-12-31 00:00:00-05:00,0.0,0.3847169489400847,0.36392125487327576,0.36392125487327576,10800,0.0,0.0
1980-01-02 00:00:00-05:00,0.0,0.3847169489400847,0.36392125487327576,0.36392125487327576,3600,0.0,0.0
1980-01-03 00:00:00-05:00,0.0,0.3795178829158216,0.35872241854667664,0.35872241854667664,7200,0.0,0.0
1980-01-04 00:00:00-05:00,0.0,0.3795178829158216,0.35872241854667664,0.35872241854667664,3600,0.0,0.0
1980-01-07 00:00:00-05:00,0.0,0.3795178829158216,0.35872241854667664,0.35872241854667664,7200,0.0,0.0
1980-01-08 00:00:00-05:00,0.35872241854667664,0.35872241854667664,0.35872241854667664,0.35872241854667664,0,0.0,0.0
1980-01-09 00:00:00-05:00,0.0,0.3795178829158216,0.35872241854667664,0.35872241854667664,14400,0.0,0.0
1980-01-10 00:00:00-05:00,0.0,0.3795178829158216,0.35872241854667664,0.35872241854667664,3600,0.0,0.0
1980-01-11 00:00:00-05:00,0.0,0.3795178829158216,0.35872241854667664,0.35872241854667664,10800,0.0,0.0
1980-01-14 00:00:00-05:00,0.0,0.3795178829158216,0.35872241854667664,0.35872241854667664,14400,0.0,0.0
1980-01-15 00:00:00-05:00,0.0,0.3795178829158216,0.35872241854667664,0.35872241854667664,28800,0.0,0.0
1980-01-16 00:00:00-05:00,0.0,0.3795178829158216,0.35872241854667664,0.35872241854667664,7200,0.0,0.0
1980-01-17 00:00:00-05:00,0.0,0.3899157999234334,0.3691202998161316,0.3691202998161316,64800,0.0,0.0
1980-01-18 00:00:00-05:00,0.0,0.395114734831985,0.37431925535202026,0.37431925535202026,28800,0.0,0.0
1980-01-21 00:00:00-05:00,0.0,0.395114734831985,0.37431925535202026,0.37431925535202026,10800,0.0,0.0
1980-01-22 00:00:00-05:00,0.0,0.395114734831985,0.37431925535202026,0.37431925535202026,7200,0.0,0.0
1980-01-23 00:00:00-05:00,0.0,0.395114734831985,0.37431925535202026,0.37431925535202026,61200,0.0,0.0
1980-01-24 00:00:00-05:00,0.0,0.40031342349716437,0.37951791286468506,0.37951791286468506,3600,0.0,0.0
1980-01-25 00:00:00-05:00,0.37951791286468506,0.37951791286468506,0.37951791286468506,0.37951791286468506,0,0.0,0.0
1980-01-28 00:00:00-05:00,0.0,0.40031342349716437,0.37951791286468506,0.37951791286468506,3600,0.0,0.0
1980-01-29 00:00:00-05:00,0.37951791286468506,0.37951791286468506,0.37951791286468506,0.37951791286468506,0,0.0,0.0
1980-01-30 00:00:00-05:00,0.0,0.40031342349716437,0.37951791286468506,0.37951791286468506,18000,0.0,0.0
1980-01-31 00:00:00-05:00,0.0,0.4055124920686111,0.38471701741218567,0.38471701741218567,3600,0.0,0.0
1980-02-01 00:00:00-05:00,0.0,0.4081117341262749,0.3873160481452942,0.3873160481452942,3600,0.0,0.0
1980-02-04 00:00:00-05:00,0.0,0.41331068684086436,0.3925152122974396,0.3925152122974396,43200,0.0,0.0
1980-02-05 00:00:00-05:00,0.0,0.41590996084461046,0.3951144516468048,0.3951144516468048,7200,0.0,0.0
1980-02-06 00:00:00-05:00,0.0,0.41331068684086436,0.3925152122974396,0.3925152122974396,10800,0.0,0.0
1980-02-07 00:00:00-05:00,0.0,0.41331068684086436,0.3925152122974396,0.3925152122974396,7200,0.0,0.0
1980-02-08 00:00:00-05:00,0.0,0.41331068684086436,0.3925152122974396,0.3925152122974396,3600,0.0,0.0
1980-02-11 00:00:00-05:00,0.0,0.41331068684086436,0.3925152122974396,0.3925152122974396,21600,0.0,0.0
1980-02-12 00:00:00-05:00,0.0,0.4185096765312571,0.39771419763565063,0.39771419763565063,54000,0.0,0.0
1980-02-13 00:00:00-05:00,0.0,0.41590996084461046,0.3951144516468048,0.3951144516468048,64800,0.0,0.0
1980-02-14 00:00:00-05:00,0.3951144516468048,0.3951144516468048,0.3951144516468048,0.3951144516468048,0,0.0,0.0
1980-02-15 00:00:00-05:00,0.0,0.41590996084461046,0.3951144516468048,0.3951144516468048,14400,0.0,0.0
1980-02-19 00:00:00-05:00,0.0,0.41590996084461046,0.3951144516468048,0.3951144516468048,3600,0.0,0.0
1980-02-20 00:00:00-05:00,0.0,0.41590996084461046,0.3951144516468048,0.3951144516468048,7200,0.0,0.0
1980-02-21 00:00:00-05:00,0.0,0.41590996084461046,0.3951144516468048,0.3951144516468048,3600,0.0,0.0
1980-02-22 00:00:00-05:00,0.0,0.41590996084461046,0.3951144516468048,0.3951144516468048,7200,0.0,0.0
1980-02-25 00:00:00-05:00,0.0,0.41590996084461046,0.3951144516468048,0.3951144516468048,21600,0.0,0.0
1980-02-26 00:00:00-05:00,0.0,0.41590996084461046,0.3951144516468048,0.3951144516468048,14400,0.0,0.0
1980-02-27 00:00:00-05:00,0.0,0.41590996084461046,0.3951144516468048,0.3951144516468048,28800,0.0,0.0
1980-02-28 00:00:00-05:00,0.0,0.41071095770374383,0.38991549611091614,0.38991549611091614,50400,0.0,0.0
1980-02-29 00:00:00-05:00,0.0,0.41071095770374383,0.38991549611091614,0.38991549611091614,21600,0.0,0.0
1980-03-03 00:00:00-05:00,0.0,0.41071095770374383,0.38991549611091614,0.38991549611091614,3600,0.0,0.0
1980-03-04 00:00:00-05:00,0.0,0.4055124920686111,0.38471701741218567,0.38471701741218567,21600,0.0,0.0
1980-03-05 00:00:00-05:00,0.0,0.4055124920686111,0.38471701741218567,0.38471701741218567,7200,0.0,0.0
1980-03-06 00:00:00-05:00,0.0,0.40031342349716437,0.37951791286468506,0.37951791286468506,3600,0.0,0.0
1980-03-07 00:00:00-05:00,0.0,0.40031342349716437,0.37951791286468506,0.37951791286468506,7200,0.0,0.0
1980-03-10 00:00:00-05:00,0.0,0.40031342349716437,0.37951791286468506,0.37951791286468506,3600,0.0,0.0
1980-03-11 00:00:00-05:00,0.0,0.40031342349716437,0.37951791286468506,0.37951791286468506,82800,0.0,0.0
1980-03-12 00:00:00-05:00,0.0,0.40031342349716437,0.37951791286468506,0.37951791286468506,3600,0.0,0.0
1980-03-13 00:00:00-05:00,0.0,0.40031342349716437,0.37951791286468506,0.37951791286468506,18000,0.0,0.0
1980-03-14 00:00:00-05:00,0.0,0.40031342349716437,0.37951791286468506,0.37951791286468506,21600,0.0,0.0
1980-03-17 00:00:00-05:00,0.0,0.3899157999234334,0.3691202998161316,0.3691202998161316,39600,0.0,0.0
1980-03-18 00:00:00-05:00,0.0,0.37431910548774266,0.3535236120223999,0.3535236120223999,10800,0.0,0.0
1980-03-19 00:00:00-05:00,0.3535236120223999,0.3535236120223999,0.3535236120223999,0.3535236120223999,0,0.0,0.0
1980-03-20 00:00:00-05:00,0.0,0.37431910548774266,0.3535236120223999,0.3535236120223999,18000,0.0,0.0
1980-03-21 00:00:00-05:00,0.0,0.37431910548774266,0.3535236120223999,0.3535236120223999,3600,0.0,0.0
1980-03-24 00:00:00-05:00,0.0,0.3691202507263192,0.3483247756958008,0.3483247756958008,14400,0.0,0.0
1980-03-25 00:00:00-05:00,0.0,0.3691202507263192,0.3483247756958008,0.3483247756958008,50400,0.0,0.0
1980-03-26 00:00:00-05:00,0.0,0.3691202507263192,0.3483247756958008,0.3483247756958008,18000,0.0,0.0
1980-03-27 00:00:00-05:00,0.0,0.3587225449363492,0.33792707324028015,0.33792707324028015,14400,0.0,0.0
1980-03-28 00:00:00-05:00,0.0,0.3587225449363492,0.33792707324028015,0.33792707324028015,18000,0.0,0.0
1980-03-31 00:00:00-05:00,0.33792707324028015,0.33792707324028015,0.33792707324028015,0.33792707324028015,0,0.0,0.0
1980-04-01 00:00:00-05:00,0.33792707324028015,0.33792707324028015,0.33792707324028015,0.33792707324028015,0,0.0,0.0
1980-04-02 00:00:00-05:00,0.0,0.3691202507263192,0.3483247756958008,0.3483247756958008,7200,0.0,0.0
1980-04-03 00:00:00-05:00,0.3483247756958008,0.3483247756958008,0.3483247756958008,0.3483247756958008,0,0.0,0.0
1980-04-07 00:00:00-05:00,0.0,0.3691202507263192,0.3483247756958008,0.3483247756958008,7200,0.0,0.0
1980-04-08 00:00:00-05:00,0.0,0.3691202507263192,0.3483247756958008,0.3483247756958008,3600,0.0,0.0
1980-04-09 00:00:00-05:00,0.3483247756958008,0.3483247756958008,0.3483247756958008,0.3483247756958008,0,0.0,0.0
1980-04-10 00:00:00-05:00,0.0,0.37431910548774266,0.3535236120223999,0.3535236120223999,7200,0.0,0.0
1980-04-11 00:00:00-05:00,0.0,0.37431910548774266,0.3535236120223999,0.3535236120223999,10800,0.0,0.0
1980-04-14 00:00:00-05:00,0.0,0.37431910548774266,0.3535236120223999,0.3535236120223999,25200,0.0,0.0
1980-04-15 00:00:00-05:00,0.0,0.37431910548774266,0.3535236120223999,0.3535236120223999,14400,0.0,0.0
1980-04-16 00:00:00-05:00,0.0,0.37171981552179434,0.3509243130683899,0.3509243130683899,10800,0.0,0.0
1980-04-17 00:00:00-05:00,0.3509243130683899,0.3509243130683899,0.3509243130683899,0.3509243130683899,0,0.0,0.0
1980-04-18 00:00:00-05:00,0.0,0.37431910548774266,0.3535236120223999,0.3535236120223999,39600,0.0,0.0
1980-04-21 00:00:00-05:00,0.3535236120223999,0.3535236120223999,0.3535236120223999,0.3535236120223999,0,0.0,0.0
1980-04-22 00:00:00-05:00,0.0,0.37431910548774266,0.3535236120223999,0.3535236120223999,14400,0.0,0.0
1980-04-23 00:00:00-05:00,0.0,0.3769185835376807,0.35612308979034424,0.35612308979034424,3600,0.0,0.0
1980-04-24 00:00:00-05:00,0.0,0.3795178829158216,0.35872241854667664,0.35872241854667664,3600,0.0,0.0
1980-04-25 00:00:00-05:00,0.35872241854667664,0.35872241854667664,0.35872241854667664,0.35872241854667664,0,0.0,0.0
1980-04-28 00:00:00-04:00,0.0,0.3977141184691879,0.37691864371299744,0.37691864371299744,32400,0.0,0.0
1980-04-29 00:00:00-04:00,0.37691864371299744,0.37691864371299744,0.37691864371299744,0.37691864371299744,0,0.0,0.0
1980-04-30 00:00:00-04:00,0.37691864371299744,0.37691864371299744,0.37691864371299744,0.37691864371299744,0,0.0,0.0
1980-05-01 00:00:00-04:00,0.0,0.40031342349716437,0.37951791286468506,0.37951791286468506,39600,0.0,0.0
1980-05-02 00:00:00-04:00,0.0,0.40031342349716437,0.37951791286468506,0.37951791286468506,7200,0.0,0.0
1980-05-05 00:00:00-04:00,0.0,0.40031342349716437,0.37951791286468506,0.37951791286468506,64800,0.0,0.0
1980-05-06 00:00:00-04:00,0.0,0.40031342349716437,0.37951791286468506,0.37951791286468506,14400,0.0,0.0
1980-05-07 00:00:00-04:00,0.37951791286468506,0.37951791286468506,0.37951791286468506,0.37951791286468506,0,0.0,0.0
1980-05-08 00:00:00-04:00,0.0,0.40031342349716437,0.37951791286468506,0.37951791286468506,3600,0.0,0.0
1980-05-09 00:00:00-04:00,0.37951791286468506,0.37951791286468506,0.37951791286468506,0.37951791286468506,0,0.0,0.0
1980-05-12 00:00:00-04:00,0.0,0.4263079667250365,0.38471701741218567,0.38471701741218567,7200,0.0,0.0
1980-05-13 00:00:00-04:00,0.0,0.4263079667250365,0.38471701741218567,0.38471701741218567,14400,0.0,0.0
1980-05-14 00:00:00-04:00,0.0,0.4263079667250365,0.38471701741218567,0.38471701741218567,3600,0.0,0.0
1980-05-15 00:00:00-04:00,0.0,0.4263079667250365,0.38471701741218567,0.38471701741218567,18000,0.0,0.0
1980-05-16 00:00:00-04:00,0.0,0.40031342349716437,0.37951791286468506,0.37951791286468506,1800,0.0,2.0
1980-05-19 00:00:00-04:00,0.0,0.40031342349716437,0.37951791286468506,0.37951791286468506,10800,0.0,0.0
1980-05-20 00:00:00-04:00,0.0,0.41590996084461046,0.3951144516468048,0.3951144516468048,7200,0.0,0.0
1980-05-21 00:00:00-04:00,0.0,0.41590996084461046,0.3951144516468048,0.3951144516468048,7200,0.0,0.0
1980-05-22 00:00:00-04:00,0.0,0.46789916486728733,0.4367058277130127,0.4367058277130127,23400,0.0,0.0
1980-05-23 00:00:00-04:00,0.0,0.488694437066929,0.45750111341476435,0.4575011134147644,48600,0.0,0.0
1980-05-27 00:00:00-04:00,0.0,0.49389317051335535,0.46269986033439636,0.46269986033439636,14400,0.0,0.0
1980-05-28 00:00:00-04:00,0.0,0.49909206617975316,0.46789875626564026,0.46789875626564026,16200,0.0,0.0
1980-05-29 00:00:00-04:00,0.0,0.49389317051335535,0.46269986033439636,0.46269986033439636,45000,0.0,0.0
1980-05-30 00:00:00-04:00,0.0,0.5042910692684904,0.47309792041778564,0.47309792041778564,14400,0.0,0.0
1980-06-02 00:00:00-04:00,0.0,0.5042910692684904,0.47309792041778564,0.47309792041778564,1800,0.0,0.0
1980-06-03 00:00:00-04:00,0.0,0.5146888597104723,0.4938933849334717,0.4938933849334717,14400,0.0,0.0
1980-06-04 00:00:00-04:00,0.0,0.5458817932462394,0.5146884918212891,0.5146884918212891,30600,0.0,0.0
1980-06-05 00:00:00-04:00,0.0,0.5458817932462394,0.5146884918212891,0.5146884918212891,25200,0.0,0.0
1980-06-06 00:00:00-04:00,0.0,0.5406832769923897,0.5094899535179138,0.5094899535179138,36000,0.0,0.0
1980-06-09 00:00:00-04:00,0.0,0.5354839517341051,0.5146884918212891,0.5146884918212891,12600,0.0,0.0
1980-06-10 00:00:00-04:00,0.5146884918212891,0.5146884918212891,0.5146884918212891,0.5146884918212891,0,0.0,0.0
1980-06-11 00:00:00-04:00,0.0,0.5406832769923897,0.5094899535179138,0.5094899535179138,1800,0.0,0.0
1980-06-12 00:00:00-04:00,0.5094899535179138,0.5094899535179138,0.5094899535179138,0.5094899535179138,0,0.0,0.0
1980-06-13 00:00:00-04:00,0.0,0.5406832769923897,0.5094899535179138,0.5094899535179138,12600,0.0,0.0
1980-06-16 00:00:00-04:00,0.0,0.5354839517341051,0.5146884918212891,0.5146884918212891,28800,0.0,0.0
1980-06-17 00:00:00-04:00,0.0,0.5354839517341051,0.5146884918212891,0.5146884918212891,3600,0.0,0.0
1980-06-18 00:00:00-04:00,0.0,0.5354839517341051,0.5146884918212891,0.5146884918212891,3600,0.0,0.0
1980-06-19 00:00:00-04:00,0.0,0.5250865091556789,0.5042908191680908,0.5042908191680908,21600,0.0,0.0
1980-06-20 00:00:00-04:00,0.0,0.5146888597104723,0.4938933849334717,0.4938933849334717,1800,0.0,0.0
1980-06-23 00:00:00-04:00,0.0,0.4990922602032422,0.47829678654670715,0.47829678654670715,21600,0.0,0.0
1980-06-24 00:00:00-04:00,0.0,0.4990922602032422,0.47829678654670715,0.47829678654670715,39600,0.0,0.0
1980-06-25 00:00:00-04:00,0.0,0.504290821629987,0.4834953546524048,0.4834953546524048,39600,0.0,0.0
1980-06-26 00:00:00-04:00,0.0,0.504290821629987,0.4834953546524048,0.4834953546524048,21600,0.0,0.0
1980-06-27 00:00:00-04:00,0.4834953546524048,0.4834953546524048,0.4834953546524048,0.4834953546524048,0,0.0,0.0
1980-06-30 00:00:00-04:00,0.0,0.4938934422295773,0.47309792041778564,0.47309792041778564,9000,0.0,0.0
1980-07-01 00:00:00-04:00,0.0,0.4990922602032422,0.47829678654670715,0.47829678654670715,9000,0.0,0.0
1980-07-02 00:00:00-04:00,0.0,0.4990922602032422,0.47829678654670715,0.47829678654670715,5400,0.0,0.0
1980-07-03 00:00:00-04:00,0.0,0.4990922602032422,0.47829678654670715,0.47829678654670715,1800,0.0,0.0
1980-07-07 00:00:00-04:00,0.0,0.504290821629987,0.4834953546524048,0.4834953546524048,1800,0.0,0.0
1980-07-08 00:00:00-04:00,0.4834953546524048,0.4834953546524048,0.4834953546524048,0.4834953546524048,0,0.0,0.0
1980-07-09 00:00:00-04:00,0.4834953546524048,0.4834953546524048,0.4834953546524048,0.4834953546524048,0,0.0,0.0
1980-07-10 00:00:00-04:00,0.0,0.5042906941996875,0.48869413137435913,0.48869413137435913,7200,0.0,0.0
1980-07-11 00:00:00-04:00,0.0,0.5042906941996875,0.48869413137435913,0.48869413137435913,73800,0.0,0.0
1980-07-14 00:00:00-04:00,0.0,0.5458822914339884,0.5302855372428894,0.5302855372428894,59400,0.0,0.0
1980-07-15 00:00:00-04:00,0.0,0.5302850532891832,0.5146884918212891,0.5146884918212891,25200,0.0,0.0
1980-07-16 00:00:00-04:00,0.0,0.5250867044997959,0.5094899535179138,0.5094899535179138,5400,0.0,0.0
1980-07-17 00:00:00-04:00,0.0,0.5354841333233487,0.5198875665664673,0.5198875665664673,12600,0.0,0.0
1980-07-18 00:00:00-04:00,0.0,0.5406833960525892,0.5250868201255798,0.5250868201255798,5400,0.0,0.0
1980-07-21 00:00:00-04:00,0.0,0.5406833882443991,0.5302855372428894,0.5302855372428894,18000,0.0,0.0
1980-07-22 00:00:00-04:00,0.0,0.5302850532891832,0.5146884918212891,0.5146884918212891,21600,0.0,0.0
1980-07-23 00:00:00-04:00,0.0,0.5302850532891832,0.5146884918212891,0.5146884918212891,12600,0.0,0.0
1980-07-24 00:00:00-04:00,0.0,0.5406833960525892,0.5250868201255798,0.5250868201255798,16200,0.0,0.0
1980-07-25 00:00:00-04:00,0.0,0.5406830781535871,0.5198875665664673,0.5198875665664673,5400,0.0,0.0
1980-07-28 00:00:00-04:00,0.0,0.5510810161342526,0.5302855372428894,0.5302855372428894,14400,0.0,0.0
1980-07-29 00:00:00-04:00,0.0,0.561478558133658,0.5406830906867981,0.5406830906867981,16200,0.0,0.0
1980-07-30 00:00:00-04:00,0.0,0.5874732187977302,0.5718766450881958,0.5718766450881958,25200,0.0,0.0
1980-07-31 00:00:00-04:00,0.0,0.5770753605824298,0.5666776895523071,0.5666776895523071,63000,0.0,0.0
1980-08-01 00:00:00-04:00,0.0,0.5822742630309784,0.5666776895523071,0.5666776895523071,1800,0.0,0.0
1980-08-04 00:00:00-04:00,0.5666776895523071,0.5666776895523071,0.5666776895523071,0.5666776895523071,0,0.0,0.0
1980-08-05 00:00:00-04:00,0.0,0.5926719917861561,0.5770752429962158,0.5770752429962158,19800,0.0,0.0
1980-08-06 00:00:00-04:00,0.0,0.6186662850795678,0.6082684397697449,0.6082684397697449,18000,0.0,0.0
1980-08-07 00:00:00-04:00,0.0,0.6446607767877941,0.6290642023086548,0.6290642023086548,52200,0.0,0.0
1980-08-08 00:00:00-04:00,0.0,0.6706552573290173,0.6446608304977417,0.6446608304977417,19800,0.0,0.0
1980-08-11 00:00:00-04:00,0.0,0.6706552573290173,0.6446608304977417,0.6446608304977417,5400,0.0,0.0
1980-08-12 00:00:00-04:00,0.0,0.6706552573290173,0.6446608304977417,0.6446608304977417,1800,0.0,0.0
1980-08-13 00:00:00-04:00,0.0,0.6654564784933981,0.6394620537757874,0.6394620537757874,10800,0.0,0.0
1980-08-14 00:00:00-04:00,0.0,0.675854160544205,0.6446608304977417,0.6446608304977417,19800,0.0,0.0
1980-08-15 00:00:00-04:00,0.0,0.6810526094401853,0.66025710105896,0.66025710105896,18000,0.0,0.0
1980-08-18 00:00:00-04:00,0.0,0.6810526094401853,0.66025710105896,0.66025710105896,3600,0.0,0.0
1980-08-19 00:00:00-04:00,0.0,0.6810526094401853,0.66025710105896,0.66025710105896,7200,0.0,0.0
1980-08-20 00:00:00-04:00,0.0,0.6758537966175306,0.6498594284057617,0.6498594284057617,16200,0.0,0.0
1980-08-21 00:00:00-04:00,0.6498594284057617,0.6498594284057617,0.6498594284057617,0.6498594284057617,0,0.0,0.0
1980-08-22 00:00:00-04:00,0.0,0.6966493675432844,0.6706549525260925,0.6706549525260925,9000,0.0,0.0
1980-08-25 00:00:00-04:00,0.0,0.7174447081791432,0.691450297832489,0.691450297832489,21600,0.0,0.0
1980-08-26 00:00:00-04:00,0.0,0.7174447081791432,0.691450297832489,0.691450297832489,3600,0.0,0.0
1980-08-27 00:00:00-04:00,0.0,0.7174447081791432,0.691450297832489,0.691450297832489,3600,0.0,0.0
1980-08-28 00:00:00-04:00,0.691450297832489,0.691450297832489,0.691450297832489,0.691450297832489,0,0.0,0.0
1980-08-29 00:00:00-04:00,0.0,0.7070477835820521,0.6862522959709167,0.6862522959709167,7200,0.0,0.0
1980-09-02 00:00:00-04:00,0.0,0.7122459867501036,0.691450297832489,0.691450297832489,7200,0.0,0.0
1980-09-03 00:00:00-04:00,0.0,0.7382401226391513,0.717444658279419,0.717444658279419,23400,0.0,0.0
1980-09-04 00:00:00-04:00,0.0,0.7382401909372456,0.7278425693511963,0.7278425693511963,25200,0.0,0.0
1980-09-05 00:00:00-04:00,0.0,0.7382401226391513,0.717444658279419,0.717444658279419,5400,0.0,0.0
1980-09-08 00:00:00-04:00,0.0,0.7850301024642102,0.7590358257293701,0.7590358257293701,32400,0.0,0.0
1980-09-09 00:00:00-04:00,0.0,0.7798313363618494,0.7590358257293701,0.7590358257293701,21600,0.0,0.0
1980-09-10 00:00:00-04:00,0.0,0.7798313363618494,0.7590358257293701,0.7590358257293701,21600,0.0,0.0
1980-09-11 00:00:00-04:00,0.0,0.7746323917702742,0.7590358257293701,0.7590358257293701,3600,0.0,0.0
1980-09-12 00:00:00-04:00,0.0,0.7746323917702742,0.7590358257293701,0.7590358257293701,12600,0.0,0.0
1980-09-15 00:00:00-04:00,0.0,0.7746323917702742,0.7590358257293701,0.7590358257293701,18000,0.0,0.0
1980-09-16 00:00:00-04:00,0.7590358257293701,0.7590358257293701,0.7590358257293701,0.7590358257293701,0,0.0,0.0
1980-09-17 00:00:00-04:00,0.0,0.7850306031850987,0.7642350792884827,0.7642350792884827,75600,0.0,0.0
1980-09-18 00:00:00-04:00,0.0,0.7850305501551186,0.7694339752197266,0.7694339752197266,1800,0.0,0.0
1980-09-19 00:00:00-04:00,0.0,0.7850305501551186,0.7694339752197266,0.7694339752197266,1800,0.0,0.0
1980-09-22 00:00:00-04:00,0.0,0.7798313363618494,0.7590358257293701,0.7590358257293701,23400,0.0,0.0
1980-09-23 00:00:00-04:00,0.0,0.7590361423730855,0.7434394359588623,0.7434394359588623,10800,0.0,0.0
1980-09-24 00:00:00-04:00,0.0,0.7382403738533876,0.7122461795806885,0.7122461795806885,27000,0.0,0.0
1980-09-25 00:00:00-04:00,0.0,0.7330416510168674,0.7122461795806885,0.7122461795806885,5400,0.0,0.0
1980-09-26 00:00:00-04:00,0.0,0.7226436080973953,0.691450297832489,0.691450297832489,3600,0.0,0.0
1980-09-29 00:00:00-04:00,0.0,0.7122461824328381,0.6810528635978699,0.6810528635978699,7200,0.0,0.0
1980-09-30 00:00:00-04:00,0.0,0.7382401226391513,0.717444658279419,0.717444658279419,34200,0.0,0.0
1980-10-01 00:00:00-04:00,0.0,0.7330416510168674,0.7122461795806885,0.7122461795806885,1800,0.0,0.0
1980-10-02 00:00:00-04:00,0.0,0.7330416410765822,0.7070472240447998,0.7070472240447998,73800,0.0,0.0
1980-10-03 00:00:00-04:00,0.0,0.7590358357100816,0.7278425693511963,0.7278425693511963,63000,0.0,0.0
1980-10-06 00:00:00-04:00,0.0,0.7590361400494945,0.7330417633056641,0.7330417633056641,1800,0.0,0.0
1980-10-07 00:00:00-04:00,0.0,0.7538372825496572,0.7330417633056641,0.7330417633056641,12600,0.0,0.0
1980-10-08 00:00:00-04:00,0.0,0.748638450086154,0.7382405996322632,0.7382405996322632,50400,0.0,0.0
1980-10-09 00:00:00-04:00,0.0,0.748638450086154,0.7382405996322632,0.7382405996322632,1800,0.0,0.0
1980-10-10 00:00:00-04:00,0.0,0.7590362559177161,0.7382405996322632,0.7382405996322632,61200,0.0,0.0
1980-10-13 00:00:00-04:00,0.0,0.7590362559177161,0.7382405996322632,0.7382405996322632,16200,0.0,0.0
1980-10-14 00:00:00-04:00,0.0,0.7590362559177161,0.7382405996322632,0.7382405996322632,5400,0.0,0.0
1980-10-15 00:00:00-04:00,0.0,0.7486380356348157,0.7278425693511963,0.7278425693511963,23400,0.0,0.0
1980-10-16 00:00:00-04:00,0.0,0.7486380356348157,0.7278425693511963,0.7278425693511963,18000,0.0,0.0
1980-10-17 00:00:00-04:00,0.0,0.7278427496910862,0.7122461795806885,0.7122461795806885,14400,0.0,0.0
1980-10-20 00:00:00-04:00,0.7122461795806885,0.7122461795806885,0.7122461795806885,0.7122461795806885,0,0.0,0.0
1980-10-21 00:00:00-04:00,0.0,0.7174447081791432,0.691450297832489,0.691450297832489,145800,0.0,0.0
1980-10-22 00:00:00-04:00,0.0,0.7174447081791432,0.691450297832489,0.691450297832489,27000,0.0,0.0
1980-10-23 00:00:00-04:00,0.0,0.6966493675432844,0.6706549525260925,0.6706549525260925,75600,0.0,0.0
1980-10-24 00:00:00-04:00,0.0,0.6862516997054922,0.6706549525260925,0.6706549525260925,16200,0.0,0.0
1980-10-27 00:00:00-05:00,0.0,0.6914504220686104,0.6706549525260925,0.6706549525260925,10800,0.0,0.0
1980-10-28 00:00:00-05:00,0.0,0.6914503036534639,0.6654561161994934,0.6654561161994934,12600,0.0,0.0
1980-10-29 00:00:00-05:00,0.0,0.6914503036534639,0.6654561161994934,0.6654561161994934,37800,0.0,0.0
1980-10-30 00:00:00-05:00,0.0,0.6914503036534639,0.6654561161994934,0.6654561161994934,1800,0.0,0.0
1980-10-31 00:00:00-05:00,0.6654561161994934,0.6654561161994934,0.6654561161994934,0.6654561161994934,0,0.0,0.0
1980-11-03 00:00:00-05:00,0.0,0.6966493675432844,0.6706549525260925,0.6706549525260925,7200,0.0,0.0
1980-11-05 00:00:00-05:00,0.0,0.7226439286464919,0.6966495513916016,0.6966495513916016,27000,0.0,0.0
1980-11-06 00:00:00-05:00,0.0,0.7382401226391513,0.717444658279419,0.717444658279419,16200,0.0,0.0
1980-11-07 00:00:00-05:00,0.0,0.7382401909372456,0.7278425693511963,0.7278425693511963,19800,0.0,0.0
1980-11-10 00:00:00-05:00,0.0,0.7382401226391513,0.717444658279419,0.717444658279419,12600,0.0,0.0
1980-11-11 00:00:00-05:00,0.0,0.7278427398212999,0.7070472240447998,0.7070472240447998,57600,0.0,0.0
1980-11-12 00:00:00-05:00,0.7070472240447998,0.7070472240447998,0.7070472240447998,0.7070472240447998,0,0.0,0.0
1980-11-13 00:00:00-05:00,0.0,0.7278427398212999,0.7070472240447998,0.7070472240447998,165600,0.0,0.0
1980-11-14 00:00:00-05:00,0.0,0.7226439286464919,0.6966495513916016,0.6966495513916016,12600,0.0,0.0
1980-11-17 00:00:00-05:00,0.0,0.7226439286464919,0.6966495513916016,0.6966495513916016,9000,0.0,0.0
1980-11-18 00:00:00-05:00,0.0,0.7226441062790173,0.7018486261367798,0.7018486261367798,1800,0.0,0.0
1980-11-19 00:00:00-05:00,0.0,0.7226439286464919,0.6966495513916016,0.6966495513916016,5400,0.0,0.0
1980-11-20 00:00:00-05:00,0.0,0.7174447081791432,0.691450297832489,0.691450297832489,12600,0.0,0.0
1980-11-21 00:00:00-05:00,0.0,0.7174447081791432,0.691450297832489,0.691450297832489,66600,0.0,0.0
1980-11-24 00:00:00-05:00,0.0,0.6810529848727721,0.6550585627555847,0.6550585627555847,32400,0.0,0.0
1980-11-25 00:00:00-05:00,0.6550585627555847,0.6550585627555847,0.6550585627555847,0.6550585627555847,0,0.0,0.0
1980-11-26 00:00:00-05:00,0.0,0.686251508846641,0.66025710105896,0.66025710105896,9000,0.0,0.0
1980-11-28 00:00:00-05:00,0.0,0.686251508846641,0.66025710105896,0.66025710105896,1800,0.0,0.0
1980-12-01 00:00:00-05:00,0.0,0.6810526094401853,0.66025710105896,0.66025710105896,3600,0.0,0.0
1980-12-02 00:00:00-05:00,0.0,0.6810529848727721,0.6550585627555847,0.6550585627555847,3600,0.0,0.0
1980-12-03 00:00:00-05:00,0.0,0.6810529848727721,0.6550585627555847,0.6550585627555847,7200,0.0,0.0
1980-12-04 00:00:00-05:00,0.0,0.686251887145139,0.6550585627555847,0.6550585627555847,10800,0.0,0.0
1980-12-05 00:00:00-05:00,0.6550585627555847,0.6550585627555847,0.6550585627555847,0.6550585627555847,0,0.0,0.0
1980-12-08 00:00:00-05:00,0.0,0.6550587584901144,0.634263277053833,0.634263277053833,10800,0.0,0.0
1980-12-09 00:00:00-05:00,0.634263277053833,0.634263277053833,0.634263277053833,0.634263277053833,0,0.0,0.0
1980-12-10 00:00:00-05:00,0.0,0.6446606606840243,0.6238651871681213,0.6238651871681213,41400,0.0,0.0
1980-12-11 00:00:00-05:00,0.6238651871681213,0.6238651871681213,0.6238651871681213,0.6238651871681213,0,0.0,0.0
1980-12-12 00:00:00-05:00,0.6238651871681213,0.6238651871681213,0.6238651871681213,0.6238651871681213,0,0.0,0.0
1980-12-15 00:00:00-05:00,0.0,0.623865381458612,0.6030699014663696,0.6030699014663696,3600,0.0,0.0
1980-12-16 00:00:00-05:00,0.0,0.623865381458612,0.6030699014663696,0.6030699014663696,1800,0.0,0.0
1980-12-17 00:00:00-05:00,0.0,0.623865381458612,0.6030699014663696,0.6030699014663696,25200,0.0,0.0
1980-12-18 00:00:00-05:00,0.6030699014663696,0.6030699014663696,0.6030699014663696,0.6030699014663696,0,0.0,0.0
1980-12-19 00:00:00-05:00,0.0,0.6290642849234228,0.6030699014663696,0.6030699014663696,1800,0.0,0.0
1980-12-22 00:00:00-05:00,0.0,0.6290642849234228,0.6030699014663696,0.6030699014663696,5400,0.0,0.0
1980-12-23 00:00:00-05:00,0.0,0.6290642849234228,0.6030699014663696,0.6030699014663696,12600,0.0,0.0
1980-12-24 00:00:00-05:00,0.0,0.6238653818895831,0.5926722288131714,0.5926722288131714,36000,0.0,0.0
1980-12-26 00:00:00-05:00,0.0,0.6238653818895831,0.5926722288131714,0.5926722288131714,1800,0.0,0.0
1980-12-29 00:00:00-05:00,0.0,0.6238653818895831,0.5926722288131714,0.5926722288131714,5400,0.0,0.0
1980-12-30 00:00:00-05:00,0.0,0.6238653818895831,0.5926722288131714,0.5926722288131714,19800,0.0,0.0
1980-12-31 00:00:00-05:00,0.0,0.6238653818895831,0.5926722288131714,0.5926722288131714,5400,0.0,0.0
1981-01-02 00:00:00-05:00,0.0,0.6238653818895831,0.5926722288131714,0.5926722288131714,3600,0.0,0.0
1981-01-05 00:00:00-05:00,0.0,0.623865381458612,0.6030699014663696,0.6030699014663696,59400,0.0,0.0
1981-01-06 00:00:00-05:00,0.0,0.6186666564831356,0.6030699014663696,0.6030699014663696,43200,0.0,0.0
1981-01-07 00:00:00-05:00,0.0,0.5926721125504005,0.5666776895523071,0.5666776895523071,16200,0.0,0.0
1981-01-08 00:00:00-05:00,0.0,0.5822742630309784,0.5666776895523071,0.5666776895523071,3600,0.0,0.0
1981-01-09 00:00:00-05:00,0.0,0.5822742630309784,0.5666776895523071,0.5666776895523071,7200,0.0,0.0
1981-01-12 00:00:00-05:00,0.0,0.5822742630309784,0.5666776895523071,0.5666776895523071,28800,0.0,0.0
1981-01-13 00:00:00-05:00,0.0,0.5822742630309784,0.5666776895523071,0.5666776895523071,5400,0.0,0.0
1981-01-14 00:00:00-05:00,0.0,0.6030697925072646,0.5718766450881958,0.5718766450881958,41400,0.0,0.0
1981-01-15 00:00:00-05:00,0.0,0.6238654980783187,0.5978710651397705,0.5978710651397705,41400,0.0,0.0
1981-01-16 00:00:00-05:00,0.5978710651397705,0.5978710651397705,0.5978710651397705,0.5978710651397705,0,0.0,0.0
1981-01-19 00:00:00-05:00,0.0,0.6290644025149651,0.5978710651397705,0.5978710651397705,10800,0.0,0.0
1981-01-20 00:00:00-05:00,0.5978710651397705,0.5978710651397705,0.5978710651397705,0.5978710651397705,0,0.0,0.0
1981-01-21 00:00:00-05:00,0.0,0.6290639072778565,0.6082684397697449,0.6082684397697449,5400,0.0,0.0
1981-01-22 00:00:00-05:00,0.0,0.6342628522439213,0.6082684397697449,0.6082684397697449,203400,0.0,0.0
1981-01-23 00:00:00-05:00,0.0,0.6342632790578251,0.6134677529335022,0.6134677529335022,7200,0.0,0.0
1981-01-26 00:00:00-05:00,0.6134677529335022,0.6134677529335022,0.6134677529335022,0.6134677529335022,0,0.0,0.0
1981-01-27 00:00:00-05:00,0.0,0.644660908252976,0.6134677529335022,0.6134677529335022,9000,0.0,0.0
1981-01-28 00:00:00-05:00,0.0,0.6550586269742035,0.6290642023086548,0.6290642023086548,3600,0.0,0.0
1981-01-29 00:00:00-05:00,0.0,0.6654566107640969,0.634263277053833,0.634263277053833,16200,0.0,0.0
1981-01-30 00:00:00-05:00,0.634263277053833,0.634263277053833,0.634263277053833,0.634263277053833,0,0.0,0.0
1981-02-02 00:00:00-05:00,0.0,0.6550587584901144,0.634263277053833,0.634263277053833,7200,0.0,0.0
1981-02-03 00:00:00-05:00,0.0,0.6498597241921626,0.6290642023086548,0.6290642023086548,18000,0.0,0.0
1981-02-04 00:00:00-05:00,0.0,0.6498596071520595,0.6238651871681213,0.6238651871681213,1800,0.0,0.0
1981-02-05 00:00:00-05:00,0.0,0.6498596071520595,0.6238651871681213,0.6238651871681213,19800,0.0,0.0
1981-02-06 00:00:00-05:00,0.0,0.6498596071520595,0.6238651871681213,0.6238651871681213,3600,0.0,0.0
1981-02-09 00:00:00-05:00,0.6238651871681213,0.6238651871681213,0.6238651871681213,0.6238651871681213,0,0.0,0.0
1981-02-10 00:00:00-05:00,0.6238651871681213,0.6238651871681213,0.6238651871681213,0.6238651871681213,0,0.0,0.0
1981-02-11 00:00:00-05:00,0.0,0.6498596071520595,0.6238651871681213,0.6238651871681213,1800,0.0,0.0
1981-02-12 00:00:00-05:00,0.0,0.6498596071520595,0.6238651871681213,0.6238651871681213,1800,0.0,0.0
1981-02-13 00:00:00-05:00,0.6238651871681213,0.6238651871681213,0.6238651871681213,0.6238651871681213,0,0.0,0.0
1981-02-17 00:00:00-05:00,0.0,0.6290639072778565,0.6082684397697449,0.6082684397697449,187200,0.0,0.0
1981-02-18 00:00:00-05:00,0.0,0.623865381458612,0.6030699014663696,0.6030699014663696,5400,0.0,0.0
1981-02-19 00:00:00-05:00,0.0,0.623865381458612,0.6030699014663696,0.6030699014663696,9000,0.0,0.0
1981-02-20 00:00:00-05:00,0.0,0.623865381458612,0.6030699014663696,0.6030699014663696,1800,0.0,0.0
1981-02-23 00:00:00-05:00,0.6030699014663696,0.6030699014663696,0.6030699014663696,0.6030699014663696,0,0.0,0.0
1981-02-24 00:00:00-05:00,0.6030699014663696,0.6030699014663696,0.6030699014663696,0.6030699014663696,0,0.0,0.0
1981-02-25 00:00:00-05:00,0.0,0.6186666569105154,0.5926722288131714,0.5926722288131714,1800,0.0,0.0
1981-02-26 00:00:00-05:00,0.0,0.608268628011717,0.5874731540679932,0.5874731540679932,5400,0.0,0.0
1981-02-27 00:00:00-05:00,0.5874731540679932,0.5874731540679932,0.5874731540679932,0.5874731540679932,0,0.0,0.0
1981-03-02 00:00:00-05:00,0.0,0.6134675299643885,0.5874731540679932,0.5874731540679932,1800,0.0,0.0
1981-03-03 00:00:00-05:00,0.5874731540679932,0.5874731540679932,0.5874731540679932,0.5874731540679932,0,0.0,0.0
1981-03-04 00:00:00-05:00,0.5874731540679932,0.5874731540679932,0.5874731540679932,0.5874731540679932,0,0.0,0.0
1981-03-05 00:00:00-05:00,0.5874731540679932,0.5874731540679932,0.5874731540679932,0.5874731540679932,0,0.0,0.0
1981-03-06 00:00:00-05:00,0.0,0.6134675299643885,0.5874731540679932,0.5874731540679932,18000,0.0,0.0
1981-03-09 00:00:00-05:00,0.0,0.6134675299643885,0.5874731540679932,0.5874731540679932,7200,0.0,0.0
1981-03-10 00:00:00-05:00,0.5874731540679932,0.5874731540679932,0.5874731540679932,0.5874731540679932,0,0.0,0.0
1981-03-11 00:00:00-05:00,0.5874731540679932,0.5874731540679932,0.5874731540679932,0.5874731540679932,0,0.0,0.0
1981-03-12 00:00:00-05:00,0.5874731540679932,0.5874731540679932,0.5874731540679932,0.5874731540679932,0,0.0,0.0
1981-03-13 00:00:00-05:00,0.0,0.608268182791789,0.5822737812995911,0.5822737812995911,1800,0.0,0.0
1981-03-16 00:00:00-05:00,0.5822737812995911,0.5822737812995911,0.5822737812995911,0.5822737812995911,0,0.0,0.0
1981-03-17 00:00:00-05:00,0.5822737812995911,0.5822737812995911,0.5822737812995911,0.5822737812995911,0,0.0,0.0
1981-03-18 00:00:00-05:00,0.5822737812995911,0.5822737812995911,0.5822737812995911,0.5822737812995911,0,0.0,0.0
1981-03-19 00:00:00-05:00,0.0,0.6134675299643885,0.5874731540679932,0.5874731540679932,3600,0.0,0.0
1981-03-20 00:00:00-05:00,0.0,0.6134675299643885,0.5874731540679932,0.5874731540679932,1800,0.0,0.0
1981-03-23 00:00:00-05:00,0.0,0.6030696606976252,0.5770752429962158,0.5770752429962158,37800,0.0,0.0
1981-03-24 00:00:00-05:00,0.0,0.6030696606976252,0.5770752429962158,0.5770752429962158,1800,0.0,0.0
1981-03-25 00:00:00-05:00,0.0,0.5926721213232338,0.5718766450881958,0.5718766450881958,5400,0.0,0.0
1981-03-26 00:00:00-05:00,0.0,0.5926721213232338,0.5718766450881958,0.5718766450881958,12600,0.0,0.0
1981-03-27 00:00:00-05:00,0.0,0.5926721213232338,0.5718766450881958,0.5718766450881958,45000,0.0,0.0
1981-03-30 00:00:00-05:00,0.0,0.5926721213232338,0.5718766450881958,0.5718766450881958,7200,0.0,0.0
1981-03-31 00:00:00-05:00,0.0,0.5926721125504005,0.5666776895523071,0.5666776895523071,3600,0.0,0.0
1981-04-01 00:00:00-05:00,0.5666776895523071,0.5666776895523071,0.5666776895523071,0.5666776895523071,0,0.0,0.0
1981-04-02 00:00:00-05:00,0.5666776895523071,0.5666776895523071,0.5666776895523071,0.5666776895523071,0,0.0,0.0
1981-04-03 00:00:00-05:00,0.0,0.5926721125504005,0.5666776895523071,0.5666776895523071,5400,0.0,0.0
1981-04-06 00:00:00-05:00,0.0,0.5926718677656974,0.5614785552024841,0.5614785552024841,12600,0.0,0.0
1981-04-07 00:00:00-05:00,0.0,0.5926718677656974,0.5614785552024841,0.5614785552024841,18000,0.0,0.0
1981-04-08 00:00:00-05:00,0.0,0.5926718677656974,0.5614785552024841,0.5614785552024841,3600,0.0,0.0
1981-04-09 00:00:00-05:00,0.0,0.5926718677656974,0.5614785552024841,0.5614785552024841,3600,0.0,0.0
1981-04-10 00:00:00-05:00,0.5614785552024841,0.5614785552024841,0.5614785552024841,0.5614785552024841,0,0.0,0.0
1981-04-13 00:00:00-05:00,0.5614785552024841,0.5614785552024841,0.5614785552024841,0.5614785552024841,0,0.0,0.0
1981-04-14 00:00:00-05:00,0.0,0.5926718677656974,0.5614785552024841,0.5614785552024841,1800,0.0,0.0
1981-04-15 00:00:00-05:00,0.0,0.6030697925072646,0.5718766450881958,0.5718766450881958,54000,0.0,0.0
1981-04-16 00:00:00-05:00,0.5718766450881958,0.5718766450881958,0.5718766450881958,0.5718766450881958,0,0.0,0.0
1981-04-20 00:00:00-05:00,0.0,0.6030697925072646,0.5718766450881958,0.5718766450881958,3600,0.0,0.0
1981-04-21 00:00:00-05:00,0.0,0.5926721213232338,0.5718766450881958,0.5718766450881958,7200,0.0,0.0
1981-04-22 00:00:00-05:00,0.0,0.587472967464393,0.5614785552024841,0.5614785552024841,9000,0.0,0.0
1981-04-23 00:00:00-05:00,0.0,0.5926721125504005,0.5666776895523071,0.5666776895523071,12600,0.0,0.0
1981-04-24 00:00:00-05:00,0.0,0.5926721125504005,0.5666776895523071,0.5666776895523071,1800,0.0,0.0
1981-04-27 00:00:00-04:00,0.0,0.5926718677656974,0.5614785552024841,0.5614785552024841,5400,0.0,0.0
1981-04-28 00:00:00-04:00,0.0,0.5874732101018519,0.5666776895523071,0.5666776895523071,7200,0.0,0.0
1981-04-29 00:00:00-04:00,0.0,0.5874732101018519,0.5666776895523071,0.5666776895523071,12600,0.0,0.0
1981-04-30 00:00:00-04:00,0.5666776895523071,0.5666776895523071,0.5666776895523071,0.5666776895523071,0,0.0,0.0
1981-05-01 00:00:00-04:00,0.0,0.5874732101018519,0.5666776895523071,0.5666776895523071,36000,0.0,0.0
1981-05-04 00:00:00-04:00,0.0,0.5874732101018519,0.5666776895523071,0.5666776895523071,19800,0.0,0.0
1981-05-05 00:00:00-04:00,0.0,0.587472967464393,0.5614785552024841,0.5614785552024841,19800,0.0,0.0
1981-05-06 00:00:00-04:00,0.0,0.587472967464393,0.5614785552024841,0.5614785552024841,48600,0.0,0.0
1981-05-07 00:00:00-04:00,0.0,0.587472967464393,0.5614785552024841,0.5614785552024841,16200,0.0,0.0
1981-05-08 00:00:00-04:00,0.0,0.587472967464393,0.5614785552024841,0.5614785552024841,12600,0.0,0.0
1981-05-11 00:00:00-04:00,0.0,0.5874732101018519,0.5666776895523071,0.5666776895523071,5400,0.0,0.0
1981-05-12 00:00:00-04:00,0.0,0.5874732101018519,0.5666776895523071,0.5666776895523071,21600,0.0,0.0
1981-05-13 00:00:00-04:00,0.5666776895523071,0.5666776895523071,0.5666776895523071,0.5666776895523071,0,0.0,0.0
1981-05-14 00:00:00-04:00,0.0,0.5874732101018519,0.5666776895523071,0.5666776895523071,23400,0.0,0.0
1981-05-15 00:00:00-04:00,0.0,0.5874732101018519,0.5666776895523071,0.5666776895523071,1800,0.0,0.0
1981-05-18 00:00:00-04:00,0.0,0.5874732101018519,0.5666776895523071,0.5666776895523071,28800,0.0,0.0
1981-05-19 00:00:00-04:00,0.0,0.5874732101018519,0.5666776895523071,0.5666776895523071,9000,0.0,0.0
1981-05-20 00:00:00-04:00,0.5666776895523071,0.5666776895523071,0.5666776895523071,0.5666776895523071,0,0.0,0.0
1981-05-21 00:00:00-04:00,0.0,0.5874732101018519,0.5666776895523071,0.5666776895523071,3600,0.0,0.0
1981-05-22 00:00:00-04:00,0.0,0.5874732101018519,0.5666776895523071,0.5666776895523071,7200,0.0,0.0
1981-05-26 00:00:00-04:00,0.0,0.5874732101018519,0.5666776895523071,0.5666776895523071,7200,0.0,0.0
1981-05-27 00:00:00-04:00,0.0,0.5770752504386092,0.5562797784805298,0.5562797784805298,3600,0.0,0.0
1981-05-28 00:00:00-04:00,0.0,0.5770752504386092,0.5562797784805298,0.5562797784805298,7200,0.0,0.0
1981-05-29 00:00:00-04:00,0.5562797784805298,0.5562797784805298,0.5562797784805298,0.5562797784805298,0,0.0,0.0
1981-06-01 00:00:00-04:00,0.5562797784805298,0.5562797784805298,0.5562797784805298,0.5562797784805298,0,0.0,0.0
1981-06-02 00:00:00-04:00,0.0,0.5770752504386092,0.5562797784805298,0.5562797784805298,7200,0.0,0.0
1981-06-03 00:00:00-04:00,0.0,0.5770752504386092,0.5562797784805298,0.5562797784805298,9000,0.0,0.0
1981-06-04 00:00:00-04:00,0.5562797784805298,0.5562797784805298,0.5562797784805298,0.5562797784805298,0,0.0,0.0
1981-06-05 00:00:00-04:00,0.0,0.5718765176574192,0.5510808229446411,0.5510808229446411,19800,0.0,0.0
1981-06-08 00:00:00-04:00,0.0,0.5718765176574192,0.5510808229446411,0.5510808229446411,3600,0.0,0.0
1981-06-09 00:00:00-04:00,0.0,0.5718765176574192,0.5510808229446411,0.5510808229446411,7200,0.0,0.0
1981-06-10 00:00:00-04:00,0.0,0.5718764034128546,0.5406830906867981,0.5406830906867981,12600,0.0,0.0
1981-06-11 00:00:00-04:00,0.0,0.5718768983499802,0.5458824634552002,0.5458824634552002,12600,0.0,0.0
1981-06-12 00:00:00-04:00,0.5458824634552002,0.5458824634552002,0.5458824634552002,0.5458824634552002,0,0.0,0.0
1981-06-15 00:00:00-04:00,0.0,0.561478558133658,0.5406830906867981,0.5406830906867981,16200,0.0,0.0
1981-06-16 00:00:00-04:00,0.0,0.5562799639461731,0.5302855372428894,0.5302855372428894,9000,0.0,0.0
1981-06-17 00:00:00-04:00,0.0,0.5562799639461731,0.5302855372428894,0.5302855372428894,18000,0.0,0.0
1981-06-18 00:00:00-04:00,0.0,0.5562799639461731,0.5302855372428894,0.5302855372428894,9000,0.0,0.0
1981-06-19 00:00:00-04:00,0.5302855372428894,0.5302855372428894,0.5302855372428894,0.5302855372428894,0,0.0,0.0
1981-06-22 00:00:00-04:00,0.0,0.5562799639461731,0.5302855372428894,0.5302855372428894,1800,0.0,0.0
1981-06-23 00:00:00-04:00,0.5302855372428894,0.5302855372428894,0.5302855372428894,0.5302855372428894,0,0.0,0.0
1981-06-24 00:00:00-04:00,0.0,0.5562799639461731,0.5302855372428894,0.5302855372428894,1800,0.0,0.0
1981-06-25 00:00:00-04:00,0.0,0.5614788671357623,0.5302855372428894,0.5302855372428894,7200,0.0,0.0
1981-06-26 00:00:00-04:00,0.0,0.5562799639461731,0.5302855372428894,0.5302855372428894,3600,0.0,0.0
1981-06-29 00:00:00-04:00,0.0,0.5614789220231478,0.5354844927787781,0.5354844927787781,7200,0.0,0.0
1981-06-30 00:00:00-04:00,0.5354844927787781,0.5354844927787781,0.5354844927787781,0.5354844927787781,0,0.0,0.0
1981-07-01 00:00:00-04:00,0.5354844927787781,0.5354844927787781,0.5354844927787781,0.5354844927787781,0,0.0,0.0
1981-07-02 00:00:00-04:00,0.5354844927787781,0.5354844927787781,0.5354844927787781,0.5354844927787781,0,0.0,0.0
1981-07-06 00:00:00-04:00,0.5354844927787781,0.5354844927787781,0.5354844927787781,0.5354844927787781,0,0.0,0.0
1981-07-07 00:00:00-04:00,0.0,0.5770756246884932,0.5458824634552002,0.5458824634552002,7200,0.0,0.0
1981-07-08 00:00:00-04:00,0.0,0.5770756246884932,0.5458824634552002,0.5458824634552002,5400,0.0,0.0
1981-07-09 00:00:00-04:00,0.0,0.5770752405351935,0.5510808229446411,0.5510808229446411,9000,0.0,0.0
1981-07-10 00:00:00-04:00,0.5510808229446411,0.5510808229446411,0.5510808229446411,0.5510808229446411,0,0.0,0.0
1981-07-13 00:00:00-04:00,0.0,0.5770752405351935,0.5510808229446411,0.5510808229446411,9000,0.0,0.0
1981-07-14 00:00:00-04:00,0.5510808229446411,0.5510808229446411,0.5510808229446411,0.5510808229446411,0,0.0,0.0
1981-07-15 00:00:00-04:00,0.5510808229446411,0.5510808229446411,0.5510808229446411,0.5510808229446411,0,0.0,0.0
1981-07-16 00:00:00-04:00,0.5510808229446411,0.5510808229446411,0.5510808229446411,0.5510808229446411,0,0.0,0.0
1981-07-17 00:00:00-04:00,0.0,0.5770752504386092,0.5562797784805298,0.5562797784805298,12600,0.0,0.0
1981-07-20 00:00:00-04:00,0.0,0.5770756246884932,0.5458824634552002,0.5458824634552002,7200,0.0,0.0
1981-07-21 00:00:00-04:00,0.5458824634552002,0.5458824634552002,0.5458824634552002,0.5458824634552002,0,0.0,0.0
1981-07-22 00:00:00-04:00,0.0,0.5770756246884932,0.5458824634552002,0.5458824634552002,14400,0.0,0.0
1981-07-23 00:00:00-04:00,0.5458824634552002,0.5458824634552002,0.5458824634552002,0.5458824634552002,0,0.0,0.0
1981-07-24 00:00:00-04:00,0.0,0.5718764034128546,0.5406830906867981,0.5406830906867981,3600,0.0,0.0
1981-07-27 00:00:00-04:00,0.0,0.5718764034128546,0.5406830906867981,0.5406830906867981,1800,0.0,0.0
1981-07-28 00:00:00-04:00,0.0,0.5614789220231478,0.5354844927787781,0.5354844927787781,3600,0.0,0.0
1981-07-29 00:00:00-04:00,0.0,0.5614788671357623,0.5302855372428894,0.5302855372428894,21600,0.0,0.0
1981-07-30 00:00:00-04:00,0.5302855372428894,0.5302855372428894,0.5302855372428894,0.5302855372428894,0,0.0,0.0
1981-07-31 00:00:00-04:00,0.0,0.5614788671357623,0.5302855372428894,0.5302855372428894,108000,0.0,0.0
1981-08-03 00:00:00-04:00,0.0,0.5354843302502144,0.5094899535179138,0.5094899535179138,10800,0.0,0.0
1981-08-04 00:00:00-04:00,0.0,0.5302854281303611,0.5094899535179138,0.5094899535179138,3600,0.0,0.0
1981-08-05 00:00:00-04:00,0.0,0.5302854281303611,0.5094899535179138,0.5094899535179138,5400,0.0,0.0
1981-08-06 00:00:00-04:00,0.0,0.5354843302502144,0.5094899535179138,0.5094899535179138,54000,0.0,0.0
1981-08-07 00:00:00-04:00,0.5094899535179138,0.5094899535179138,0.5094899535179138,0.5094899535179138,0,0.0,0.0
1981-08-10 00:00:00-04:00,0.5094899535179138,0.5094899535179138,0.5094899535179138,0.5094899535179138,0,0.0,0.0
1981-08-11 00:00:00-04:00,0.5094899535179138,0.5094899535179138,0.5094899535179138,0.5094899535179138,0,0.0,0.0
1981-08-12 00:00:00-04:00,0.0,0.5302849507329721,0.49909183382987976,0.49909183382987976,1800,0.0,0.0
1981-08-13 00:00:00-04:00,0.0,0.5302849507329721,0.49909183382987976,0.49909183382987976,52200,0.0,0.0
1981-08-14 00:00:00-04:00,0.0,0.5146888597104723,0.4938933849334717,0.4938933849334717,54000,0.0,0.0
1981-08-17 00:00:00-04:00,0.0,0.5146886666745422,0.4834953546524048,0.4834953546524048,7200,0.0,0.0
1981-08-18 00:00:00-04:00,0.0,0.5146886666745422,0.4834953546524048,0.4834953546524048,9000,0.0,0.0
1981-08-19 00:00:00-04:00,0.0,0.504290983594836,0.47829678654670715,0.47829678654670715,14400,0.0,0.0
1981-08-20 00:00:00-04:00,0.47829678654670715,0.47829678654670715,0.47829678654670715,0.47829678654670715,0,0.0,0.0
1981-08-21 00:00:00-04:00,0.0,0.5094899300980298,0.47829678654670715,0.47829678654670715,9000,0.0,0.0
1981-08-24 00:00:00-04:00,0.0,0.5094899300980298,0.47829678654670715,0.47829678654670715,32400,0.0,0.0
1981-08-25 00:00:00-04:00,0.0,0.4990922602032422,0.47829678654670715,0.47829678654670715,45000,0.0,0.0
1981-08-26 00:00:00-04:00,0.0,0.48869449484313804,0.47309792041778564,0.47309792041778564,10800,0.0,0.0
1981-08-27 00:00:00-04:00,0.0,0.48869449484313804,0.47309792041778564,0.47309792041778564,3600,0.0,0.0
1981-08-28 00:00:00-04:00,0.0,0.488694437066929,0.45750111341476435,0.4575011134147644,5400,0.0,0.0
1981-08-31 00:00:00-04:00,0.0,0.488694437066929,0.45750111341476435,0.4575011134147644,3600,0.0,0.0
1981-09-01 00:00:00-04:00,0.0,0.47829660466848195,0.46269986033439636,0.46269986033439636,25200,0.0,0.0
1981-09-02 00:00:00-04:00,0.0,0.47829660466848195,0.46269986033439636,0.46269986033439636,1800,0.0,0.0
1981-09-03 00:00:00-04:00,0.0,0.47829660466848195,0.46269986033439636,0.46269986033439636,226800,0.0,0.0
1981-09-04 00:00:00-04:00,0.0,0.4782966006075156,0.46789875626564026,0.46789875626564026,14400,0.0,0.0
1981-09-08 00:00:00-04:00,0.0,0.4782966006075156,0.46789875626564026,0.46789875626564026,7200,0.0,0.0
1981-09-09 00:00:00-04:00,0.0,0.49909206617975316,0.46789875626564026,0.46789875626564026,1800,0.0,0.0
1981-09-10 00:00:00-04:00,0.0,0.499092344993689,0.47309792041778564,0.47309792041778564,19800,0.0,0.0
1981-09-11 00:00:00-04:00,0.47309792041778564,0.47309792041778564,0.47309792041778564,0.47309792041778564,0,0.0,0.0
1981-09-14 00:00:00-04:00,0.0,0.499092344993689,0.47309792041778564,0.47309792041778564,25200,0.0,0.0
1981-09-15 00:00:00-04:00,0.0,0.4990922602032422,0.47829678654670715,0.47829678654670715,18000,0.0,0.0
1981-09-16 00:00:00-04:00,0.0,0.499092344993689,0.47309792041778564,0.47309792041778564,12600,0.0,0.0
1981-09-17 00:00:00-04:00,0.0,0.48869422183787775,0.46789875626564026,0.46789875626564026,9000,0.0,0.0
1981-09-18 00:00:00-04:00,0.46789875626564026,0.46789875626564026,0.46789875626564026,0.46789875626564026,0,0.0,0.0
1981-09-21 00:00:00-04:00,0.0,0.49389316631996677,0.46789875626564026,0.46789875626564026,1800,0.0,0.0
1981-09-22 00:00:00-04:00,0.46789875626564026,0.46789875626564026,0.46789875626564026,0.46789875626564026,0,0.0,0.0
1981-09-23 00:00:00-04:00,0.0,0.48869422183787775,0.46789875626564026,0.46789875626564026,25200,0.0,0.0
1981-09-24 00:00:00-04:00,0.46789875626564026,0.46789875626564026,0.46789875626564026,0.46789875626564026,0,0.0,0.0
1981-09-25 00:00:00-04:00,0.0,0.499092344993689,0.47309792041778564,0.47309792041778564,16200,0.0,0.0
1981-09-28 00:00:00-04:00,0.0,0.48869422183787775,0.46789875626564026,0.46789875626564026,9000,0.0,0.0
1981-09-29 00:00:00-04:00,0.0,0.4990922602032422,0.47829678654670715,0.47829678654670715,1800,0.0,0.0
1981-09-30 00:00:00-04:00,0.47829678654670715,0.47829678654670715,0.47829678654670715,0.47829678654670715,0,0.0,0.0
1981-10-01 00:00:00-04:00,0.47829678654670715,0.47829678654670715,0.47829678654670715,0.47829678654670715,0,0.0,0.0
1981-10-02 00:00:00-04:00,0.47829678654670715,0.47829678654670715,0.47829678654670715,0.47829678654670715,0,0.0,0.0
1981-10-05 00:00:00-04:00,0.0,0.4990922602032422,0.47829678654670715,0.47829678654670715,1800,0.0,0.0
1981-10-06 00:00:00-04:00,0.47829678654670715,0.47829678654670715,0.47829678654670715,0.47829678654670715,0,0.0,0.0
1981-10-07 00:00:00-04:00,0.47829678654670715,0.47829678654670715,0.47829678654670715,0.47829678654670715,0,0.0,0.0
1981-10-08 00:00:00-04:00,0.0,0.5094899300980298,0.47829678654670715,0.47829678654670715,9000,0.0,0.0
1981-10-09 00:00:00-04:00,0.0,0.5094897664634174,0.4834953546524048,0.4834953546524048,1800,0.0,0.0
1981-10-12 00:00:00-04:00,0.4834953546524048,0.4834953546524048,0.4834953546524048,0.4834953546524048,0,0.0,0.0
1981-10-13 00:00:00-04:00,0.4834953546524048,0.4834953546524048,0.4834953546524048,0.4834953546524048,0,0.0,0.0
1981-10-14 00:00:00-04:00,0.4834953546524048,0.4834953546524048,0.4834953546524048,0.4834953546524048,0,0.0,0.0
1981-10-15 00:00:00-04:00,0.4834953546524048,0.4834953546524048,0.4834953546524048,0.4834953546524048,0,0.0,0.0
1981-10-16 00:00:00-04:00,0.4834953546524048,0.4834953546524048,0.4834953546524048,0.4834953546524048,0,0.0,0.0
1981-10-19 00:00:00-04:00,0.0,0.5094897664634174,0.4834953546524048,0.4834953546524048,1800,0.0,0.0
1981-10-20 00:00:00-04:00,0.4834953546524048,0.4834953546524048,0.4834953546524048,0.4834953546524048,0,0.0,0.0
1981-10-21 00:00:00-04:00,0.4834953546524048,0.4834953546524048,0.4834953546524048,0.4834953546524048,0,0.0,0.0
1981-10-22 00:00:00-04:00,0.0,0.5146888597104723,0.4938933849334717,0.4938933849334717,1800,0.0,0.0
1981-10-23 00:00:00-04:00,0.0,0.5146888597104723,0.4938933849334717,0.4938933849334717,7200,0.0,0.0
1981-10-26 00:00:00-05:00,0.0,0.5198877618714642,0.4938933849334717,0.4938933849334717,3600,0.0,0.0
1981-10-27 00:00:00-05:00,0.0,0.5198877618714642,0.4938933849334717,0.4938933849334717,9000,0.0,0.0
1981-10-28 00:00:00-05:00,0.0,0.5250862317826357,0.49909183382987976,0.49909183382987976,25200,0.0,0.0
1981-10-29 00:00:00-05:00,0.49909183382987976,0.49909183382987976,0.49909183382987976,0.49909183382987976,0,0.0,0.0
1981-10-30 00:00:00-05:00,0.0,0.5250862317826357,0.49909183382987976,0.49909183382987976,75600,0.0,0.0
1981-11-02 00:00:00-05:00,0.49909183382987976,0.49909183382987976,0.49909183382987976,0.49909183382987976,0,0.0,0.0
1981-11-03 00:00:00-05:00,0.0,0.5250865091556789,0.5042908191680908,0.5042908191680908,3600,0.0,0.0
1981-11-04 00:00:00-05:00,0.5042908191680908,0.5042908191680908,0.5042908191680908,0.5042908191680908,0,0.0,0.0
1981-11-05 00:00:00-05:00,0.0,0.5250865091556789,0.5042908191680908,0.5042908191680908,3600,0.0,0.0
1981-11-06 00:00:00-05:00,0.0,0.5250865091556789,0.5042908191680908,0.5042908191680908,79200,0.0,0.0
1981-11-09 00:00:00-05:00,0.0,0.5250865091556789,0.5042908191680908,0.5042908191680908,73800,0.0,0.0
1981-11-10 00:00:00-05:00,0.0,0.5250865091556789,0.5042908191680908,0.5042908191680908,3600,0.0,0.0
1981-11-11 00:00:00-05:00,0.0,0.5250865091556789,0.5042908191680908,0.5042908191680908,3600,0.0,0.0
1981-11-12 00:00:00-05:00,0.0,0.5250862317826357,0.49909183382987976,0.49909183382987976,1800,0.0,0.0
1981-11-13 00:00:00-05:00,0.49909183382987976,0.49909183382987976,0.49909183382987976,0.49909183382987976,0,0.0,0.0
1981-11-16 00:00:00-05:00,0.0,0.5250862317826357,0.49909183382987976,0.49909183382987976,1800,0.0,0.0
1981-11-17 00:00:00-05:00,0.0,0.5250862317826357,0.49909183382987976,0.49909183382987976,1800,0.0,0.0
1981-11-18 00:00:00-05:00,0.49909183382987976,0.49909183382987976,0.49909183382987976,0.49909183382987976,0,0.0,0.0
1981-11-19 00:00:00-05:00,0.0,0.5198872897208898,0.49909183382987976,0.49909183382987976,7200,0.0,0.0
1981-11-20 00:00:00-05:00,0.0,0.5198872897208898,0.49909183382987976,0.49909183382987976,1800,0.0,0.0
1981-11-23 00:00:00-05:00,0.0,0.5198872897208898,0.49909183382987976,0.49909183382987976,1800,0.0,0.0
1981-11-24 00:00:00-05:00,0.0,0.5198872897208898,0.49909183382987976,0.49909183382987976,37800,0.0,0.0
1981-11-25 00:00:00-05:00,0.0,0.5198872897208898,0.49909183382987976,0.49909183382987976,9000,0.0,0.0
1981-11-27 00:00:00-05:00,0.49909183382987976,0.49909183382987976,0.49909183382987976,0.49909183382987976,0,0.0,0.0
1981-11-30 00:00:00-05:00,0.49909183382987976,0.49909183382987976,0.49909183382987976,0.49909183382987976,0,0.0,0.0
1981-12-01 00:00:00-05:00,0.0,0.509489494841962,0.49909183382987976,0.49909183382987976,1800,0.0,0.0
1981-12-02 00:00:00-05:00,0.0,0.509489494841962,0.49909183382987976,0.49909183382987976,1800,0.0,0.0
1981-12-03 00:00:00-05:00,0.49909183382987976,0.49909183382987976,0.49909183382987976,0.49909183382987976,0,0.0,0.0
1981-12-04 00:00:00-05:00,0.0,0.509489494841962,0.49909183382987976,0.49909183382987976,5400,0.0,0.0
1981-12-07 00:00:00-05:00,0.0,0.4990922602032422,0.47829678654670715,0.47829678654670715,7200,0.0,0.0
1981-12-08 00:00:00-05:00,0.0,0.5042906941996875,0.48869413137435913,0.48869413137435913,1800,0.0,0.0
1981-12-09 00:00:00-05:00,0.0,0.5042906941996875,0.48869413137435913,0.48869413137435913,16200,0.0,0.0
1981-12-10 00:00:00-05:00,0.48869413137435913,0.48869413137435913,0.48869413137435913,0.48869413137435913,0,0.0,0.0
1981-12-11 00:00:00-05:00,0.0,0.5146888597104723,0.4938933849334717,0.4938933849334717,3600,0.0,0.0
1981-12-14 00:00:00-05:00,0.4938933849334717,0.4938933849334717,0.4938933849334717,0.4938933849334717,0,0.0,0.0
1981-12-15 00:00:00-05:00,0.0,0.5146885366167896,0.48869413137435913,0.48869413137435913,16200,0.0,0.0
1981-12-16 00:00:00-05:00,0.0,0.5146885366167896,0.48869413137435913,0.48869413137435913,12600,0.0,0.0
1981-12-17 00:00:00-05:00,0.48869413137435913,0.48869413137435913,0.48869413137435913,0.48869413137435913,0,0.0,0.0
1981-12-18 00:00:00-05:00,0.0,0.5146885366167896,0.48869413137435913,0.48869413137435913,9000,0.0,0.0
1981-12-21 00:00:00-05:00,0.0,0.5198877618714642,0.4938933849334717,0.4938933849334717,21600,0.0,0.0
1981-12-22 00:00:00-05:00,0.0,0.5198877618714642,0.4938933849334717,0.4938933849334717,3600,0.0,0.0
1981-12-23 00:00:00-05:00,0.4938933849334717,0.4938933849334717,0.4938933849334717,0.4938933849334717,0,0.0,0.0
1981-12-24 00:00:00-05:00,0.0,0.5198877618714642,0.4938933849334717,0.4938933849334717,7200,0.0,0.0
1981-12-28 00:00:00-05:00,0.0,0.5198877618714642,0.4938933849334717,0.4938933849334717,12600,0.0,0.0
1981-12-29 00:00:00-05:00,0.4938933849334717,0.4938933849334717,0.4938933849334717,0.4938933849334717,0,0.0,0.0
1981-12-30 00:00:00-05:00,0.4938933849334717,0.4938933849334717,0.4938933849334717,0.4938933849334717,0,0.0,0.0
1981-12-31 00:00:00-05:00,0.4938933849334717,0.4938933849334717,0.4938933849334717,0.4938933849334717,0,0.0,0.0
1982-01-04 00:00:00-05:00,0.4938933849334717,0.4938933849334717,0.4938933849334717,0.4938933849334717,0,0.0,0.0
1982-01-05 00:00:00-05:00,0.4938933849334717,0.4938933849334717,0.4938933849334717,0.4938933849334717,0,0.0,0.0
1982-01-06 00:00:00-05:00,0.0,0.5198877618714642,0.4938933849334717,0.4938933849334717,5400,0.0,0.0
1982-01-07 00:00:00-05:00,0.0,0.5198877618714642,0.4938933849334717,0.4938933849334717,18000,0.0,0.0
1982-01-08 00:00:00-05:00,0.0,0.5198877618714642,0.4938933849334717,0.4938933849334717,3600,0.0,0.0
1982-01-11 00:00:00-05:00,0.0,0.5198877618714642,0.4938933849334717,0.4938933849334717,3600,0.0,0.0
1982-01-12 00:00:00-05:00,0.4938933849334717,0.4938933849334717,0.4938933849334717,0.4938933849334717,0,0.0,0.0
1982-01-13 00:00:00-05:00,0.0,0.5198874355141935,0.48869413137435913,0.48869413137435913,7200,0.0,0.0
1982-01-14 00:00:00-05:00,0.0,0.5198874355141935,0.48869413137435913,0.48869413137435913,3600,0.0,0.0
1982-01-15 00:00:00-05:00,0.48869413137435913,0.48869413137435913,0.48869413137435913,0.48869413137435913,0,0.0,0.0
1982-01-18 00:00:00-05:00,0.48869413137435913,0.48869413137435913,0.48869413137435913,0.48869413137435913,0,0.0,0.0
1982-01-19 00:00:00-05:00,0.48869413137435913,0.48869413137435913,0.48869413137435913,0.48869413137435913,0,0.0,0.0
1982-01-20 00:00:00-05:00,0.0,0.5146888597104723,0.4938933849334717,0.4938933849334717,9000,0.0,0.0
1982-01-21 00:00:00-05:00,0.0,0.5146888597104723,0.4938933849334717,0.4938933849334717,1800,0.0,0.0
1982-01-22 00:00:00-05:00,0.0,0.5146888597104723,0.4938933849334717,0.4938933849334717,3600,0.0,0.0
1982-01-25 00:00:00-05:00,0.0,0.5146888597104723,0.4938933849334717,0.4938933849334717,27000,0.0,0.0
1982-01-26 00:00:00-05:00,0.0,0.5198877618714642,0.4938933849334717,0.4938933849334717,3600,0.0,0.0
1982-01-27 00:00:00-05:00,0.0,0.5198877618714642,0.4938933849334717,0.4938933849334717,10800,0.0,0.0
1982-01-28 00:00:00-05:00,0.4938933849334717,0.4938933849334717,0.4938933849334717,0.4938933849334717,0,0.0,0.0
1982-01-29 00:00:00-05:00,0.0,0.5198872897208898,0.49909183382987976,0.49909183382987976,36000,0.0,0.0
1982-02-01 00:00:00-05:00,0.0,0.5198872897208898,0.49909183382987976,0.49909183382987976,109800,0.0,0.0
1982-02-02 00:00:00-05:00,0.0,0.5198872897208898,0.49909183382987976,0.49909183382987976,48600,0.0,0.0
1982-02-03 00:00:00-05:00,0.49909183382987976,0.49909183382987976,0.49909183382987976,0.49909183382987976,0,0.0,0.0
1982-02-04 00:00:00-05:00,0.49909183382987976,0.49909183382987976,0.49909183382987976,0.49909183382987976,0,0.0,0.0
1982-02-05 00:00:00-05:00,0.0,0.5198872897208898,0.49909183382987976,0.49909183382987976,46800,0.0,0.0
1982-02-08 00:00:00-05:00,0.0,0.5198872897208898,0.49909183382987976,0.49909183382987976,7200,0.0,0.0
1982-02-09 00:00:00-05:00,0.0,0.5198872897208898,0.49909183382987976,0.49909183382987976,14400,0.0,0.0
1982-02-10 00:00:00-05:00,0.49909183382987976,0.49909183382987976,0.49909183382987976,0.49909183382987976,0,0.0,0.0
1982-02-11 00:00:00-05:00,0.0,0.5198879452501676,0.5016919374465942,0.5016919374465942,18000,0.0,0.0
1982-02-12 00:00:00-05:00,0.5016919374465942,0.5016919374465942,0.5016919374465942,0.5016919374465942,0,0.0,0.0
1982-02-16 00:00:00-05:00,0.5016919374465942,0.5016919374465942,0.5016919374465942,0.5016919374465942,0,0.0,0.0
1982-02-17 00:00:00-05:00,0.5016919374465942,0.5016919374465942,0.5016919374465942,0.5016919374465942,0,0.0,0.0
1982-02-18 00:00:00-05:00,0.0,0.5198875643476291,0.5042908191680908,0.5042908191680908,1800,0.0,0.0
1982-02-19 00:00:00-05:00,0.5042908191680908,0.5042908191680908,0.5042908191680908,0.5042908191680908,0,0.0,0.0
1982-02-22 00:00:00-05:00,0.0,0.5198875643476291,0.5042908191680908,0.5042908191680908,10800,0.0,0.0
1982-02-23 00:00:00-05:00,0.0,0.5198875643476291,0.5042908191680908,0.5042908191680908,5400,0.0,0.0
1982-02-24 00:00:00-05:00,0.0,0.5198875643476291,0.5042908191680908,0.5042908191680908,7200,0.0,0.0
1982-02-25 00:00:00-05:00,0.0,0.5198875643476291,0.5042908191680908,0.5042908191680908,32400,0.0,0.0
1982-02-26 00:00:00-05:00,0.0,0.5198872897208898,0.49909183382987976,0.49909183382987976,1800,0.0,0.0
1982-03-01 00:00:00-05:00,0.0,0.5198877618714642,0.4938933849334717,0.4938933849334717,39600,0.0,0.0
1982-03-02 00:00:00-05:00,0.0,0.5146888597104723,0.4938933849334717,0.4938933849334717,7200,0.0,0.0
1982-03-03 00:00:00-05:00,0.0,0.5146888597104723,0.4938933849334717,0.4938933849334717,23400,0.0,0.0
1982-03-04 00:00:00-05:00,0.4938933849334717,0.4938933849334717,0.4938933849334717,0.4938933849334717,0,0.0,0.0
1982-03-05 00:00:00-05:00,0.0,0.5146888597104723,0.4938933849334717,0.4938933849334717,10800,0.0,0.0
1982-03-08 00:00:00-05:00,0.4938933849334717,0.4938933849334717,0.4938933849334717,0.4938933849334717,0,0.0,0.0
1982-03-09 00:00:00-05:00,0.0,0.5146888597104723,0.4938933849334717,0.4938933849334717,1800,0.0,0.0
1982-03-10 00:00:00-05:00,0.4938933849334717,0.4938933849334717,0.4938933849334717,0.4938933849334717,0,0.0,0.0
1982-03-11 00:00:00-05:00,0.0,0.509489494841962,0.49909183382987976,0.49909183382987976,9000,0.0,0.0
1982-03-12 00:00:00-05:00,0.49909183382987976,0.49909183382987976,0.49909183382987976,0.49909183382987976,0,0.0,0.0
1982-03-15 00:00:00-05:00,0.49909183382987976,0.49909183382987976,0.49909183382987976,0.49909183382987976,0,0.0,0.0
1982-03-16 00:00:00-05:00,0.49909183382987976,0.49909183382987976,0.49909183382987976,0.49909183382987976,0,0.0,0.0
1982-03-17 00:00:00-05:00,0.0,0.5146885366167896,0.48869413137435913,0.48869413137435913,7200,0.0,0.0
1982-03-18 00:00:00-05:00,0.0,0.5094896377193857,0.48869413137435913,0.48869413137435913,18000,0.0,0.0
1982-03-19 00:00:00-05:00,0.0,0.5094896377193857,0.48869413137435913,0.48869413137435913,16200,0.0,0.0
1982-03-22 00:00:00-05:00,0.0,0.5094896377193857,0.48869413137435913,0.48869413137435913,10800,0.0,0.0
1982-03-23 00:00:00-05:00,0.48869413137435913,0.48869413137435913,0.48869413137435913,0.48869413137435913,0,0.0,0.0
1982-03-24 00:00:00-05:00,0.48869413137435913,0.48869413137435913,0.48869413137435913,0.48869413137435913,0,0.0,0.0
1982-03-25 00:00:00-05:00,0.0,0.5198877618714642,0.4938933849334717,0.4938933849334717,41400,0.0,0.0
1982-03-26 00:00:00-05:00,0.4938933849334717,0.4938933849334717,0.4938933849334717,0.4938933849334717,0,0.0,0.0
1982-03-29 00:00:00-05:00,0.4938933849334717,0.4938933849334717,0.4938933849334717,0.4938933849334717,0,0.0,0.0
1982-03-30 00:00:00-05:00,0.4938933849334717,0.4938933849334717,0.4938933849334717,0.4938933849334717,0,0.0,0.0
1982-03-31 00:00:00-05:00,0.0,0.5094896377193857,0.48869413137435913,0.48869413137435913,18000,0.0,0.0
1982-04-01 00:00:00-05:00,0.0,0.5094896377193857,0.48869413137435913,0.48869413137435913,36000,0.0,0.0
1982-04-02 00:00:00-05:00,0.48869413137435913,0.48869413137435913,0.48869413137435913,0.48869413137435913,0,0.0,0.0
1982-04-05 00:00:00-05:00,0.0,0.5094896377193857,0.48869413137435913,0.48869413137435913,3600,0.0,0.0
1982-04-06 00:00:00-05:00,0.0,0.5094896377193857,0.48869413137435913,0.48869413137435913,1800,0.0,0.0
1982-04-07 00:00:00-05:00,0.0,0.5094896377193857,0.48869413137435913,0.48869413137435913,7200,0.0,0.0
1982-04-08 00:00:00-05:00,0.48869413137435913,0.48869413137435913,0.48869413137435913,0.48869413137435913,0,0.0,0.0
1982-04-12 00:00:00-05:00,0.0,0.5094899575494803,0.4938933849334717,0.4938933849334717,9000,0.0,0.0
1982-04-13 00:00:00-05:00,0.0,0.5094899575494803,0.4938933849334717,0.4938933849334717,39600,0.0,0.0
1982-04-14 00:00:00-05:00,0.4938933849334717,0.4938933849334717,0.4938933849334717,0.4938933849334717,0,0.0,0.0
1982-04-15 00:00:00-05:00,0.4938933849334717,0.4938933849334717,0.4938933849334717,0.4938933849334717,0,0.0,0.0
1982-04-16 00:00:00-05:00,0.0,0.5094899575494803,0.4938933849334717,0.4938933849334717,54000,0.0,0.0
1982-04-19 00:00:00-05:00,0.0,0.504291010766166,0.4938933849334717,0.4938933849334717,3600,0.0,0.0
1982-04-20 00:00:00-05:00,0.0,0.4990922870944636,0.4938933849334717,0.4938933849334717,28800,0.0,0.0
1982-04-21 00:00:00-05:00,0.0,0.4990922870944636,0.4938933849334717,0.4938933849334717,64800,0.0,0.0
1982-04-22 00:00:00-05:00,0.0,0.4990922870944636,0.4938933849334717,0.4938933849334717,3600,0.0,0.0
1982-04-23 00:00:00-05:00,0.0,0.4990922602032422,0.47829678654670715,0.47829678654670715,16200,0.0,0.0
1982-04-26 00:00:00-04:00,0.0,0.49389335832236847,0.47829678654670715,0.47829678654670715,1800,0.0,0.0
1982-04-27 00:00:00-04:00,0.0,0.48869441181917467,0.47829678654670715,0.47829678654670715,21600,0.0,0.0
1982-04-28 00:00:00-04:00,0.0,0.4990922602032422,0.47829678654670715,0.47829678654670715,18000,0.0,0.0
1982-04-29 00:00:00-04:00,0.0,0.4990922602032422,0.47829678654670715,0.47829678654670715,36000,0.0,0.0
1982-04-30 00:00:00-04:00,0.0,0.4990922602032422,0.47829678654670715,0.47829678654670715,73800,0.0,0.0
1982-05-03 00:00:00-04:00,0.47829678654670715,0.47829678654670715,0.47829678654670715,0.47829678654670715,0,0.0,0.0
1982-05-04 00:00:00-04:00,0.0,0.4990922602032422,0.47829678654670715,0.47829678654670715,5400,0.0,0.0
1982-05-05 00:00:00-04:00,0.0,0.4990922602032422,0.47829678654670715,0.47829678654670715,7200,0.0,0.0
1982-05-06 00:00:00-04:00,0.0,0.4990922602032422,0.47829678654670715,0.47829678654670715,1800,0.0,0.0
1982-05-07 00:00:00-04:00,0.0,0.4990922602032422,0.47829678654670715,0.47829678654670715,1800,0.0,0.0
1982-05-10 00:00:00-04:00,0.47829678654670715,0.47829678654670715,0.47829678654670715,0.47829678654670715,0,0.0,0.0
1982-05-11 00:00:00-04:00,0.47829678654670715,0.47829678654670715,0.47829678654670715,0.47829678654670715,0,0.0,0.0
1982-05-12 00:00:00-04:00,0.0,0.4990922602032422,0.47829678654670715,0.47829678654670715,82800,0.0,0.0
1982-05-13 00:00:00-04:00,0.0,0.4990922602032422,0.47829678654670715,0.47829678654670715,10800,0.0,0.0
1982-05-14 00:00:00-04:00,0.0,0.4990922602032422,0.47829678654670715,0.47829678654670715,84600,0.0,0.0
1982-05-17 00:00:00-04:00,0.0,0.4990922602032422,0.47829678654670715,0.47829678654670715,1800,0.0,0.0
1982-05-18 00:00:00-04:00,0.47829678654670715,0.47829678654670715,0.47829678654670715,0.47829678654670715,0,0.0,0.0
1982-05-19 00:00:00-04:00,0.47829678654670715,0.47829678654670715,0.47829678654670715,0.47829678654670715,0,0.0,0.0
1982-05-20 00:00:00-04:00,0.47829678654670715,0.47829678654670715,0.47829678654670715,0.47829678654670715,0,0.0,0.0
1982-05-21 00:00:00-04:00,0.47829678654670715,0.47829678654670715,0.47829678654670715,0.47829678654670715,0,0.0,0.0
1982-05-24 00:00:00-04:00,0.0,0.4990922602032422,0.47829678654670715,0.47829678654670715,10800,0.0,0.0
1982-05-25 00:00:00-04:00,0.47829678654670715,0.47829678654670715,0.47829678654670715,0.47829678654670715,0,0.0,0.0
1982-05-26 00:00:00-04:00,0.0,0.499092344993689,0.47309792041778564,0.47309792041778564,7200,0.0,0.0
1982-05-27 00:00:00-04:00,0.47309792041778564,0.47309792041778564,0.47309792041778564,0.47309792041778564,0,0.0,0.0
1982-05-28 00:00:00-04:00,0.0,0.499092344993689,0.47309792041778564,0.47309792041778564,99000,0.0,0.0
1982-06-01 00:00:00-04:00,0.47309792041778564,0.47309792041778564,0.47309792041778564,0.47309792041778564,0,0.0,0.0
1982-06-02 00:00:00-04:00,0.0,0.48349532197809136,0.46789875626564026,0.46789875626564026,57600,0.0,0.0
1982-06-03 00:00:00-04:00,0.46789875626564026,0.46789875626564026,0.46789875626564026,0.46789875626564026,0,0.0,0.0
1982-06-04 00:00:00-04:00,0.0,0.4834953260831973,0.46269986033439636,0.46269986033439636,3600,0.0,0.0
1982-06-07 00:00:00-04:00,0.46269986033439636,0.46269986033439636,0.46269986033439636,0.46269986033439636,0,0.0,0.0
1982-06-08 00:00:00-04:00,0.46269986033439636,0.46269986033439636,0.46269986033439636,0.46269986033439636,0,0.0,0.0
1982-06-09 00:00:00-04:00,0.46269986033439636,0.46269986033439636,0.46269986033439636,0.46269986033439636,0,0.0,0.0
1982-06-10 00:00:00-04:00,0.46269986033439636,0.46269986033439636,0.46269986033439636,0.46269986033439636,0,0.0,0.0
1982-06-11 00:00:00-04:00,0.0,0.47829678666107706,0.45230236649513245,0.45230236649513245,3600,0.0,0.0
1982-06-14 00:00:00-04:00,0.0,0.4678990296789417,0.44190460443496704,0.44190460443496704,45000,0.0,0.0
1982-06-15 00:00:00-04:00,0.0,0.4678990296789417,0.44190460443496704,0.44190460443496704,1800,0.0,0.0
1982-06-16 00:00:00-04:00,0.0,0.4678990296789417,0.44190460443496704,0.44190460443496704,9000,0.0,0.0
1982-06-17 00:00:00-04:00,0.44190460443496704,0.44190460443496704,0.44190460443496704,0.44190460443496704,0,0.0,0.0
1982-06-18 00:00:00-04:00,0.0,0.4678990296789417,0.44190460443496704,0.44190460443496704,14400,0.0,0.0
1982-06-21 00:00:00-04:00,0.0,0.46270012678121525,0.44190460443496704,0.44190460443496704,18000,0.0,0.0
1982-06-22 00:00:00-04:00,0.0,0.46270012678121525,0.44190460443496704,0.44190460443496704,1800,0.0,0.0
1982-06-23 00:00:00-04:00,0.44190460443496704,0.44190460443496704,0.44190460443496704,0.44190460443496704,0,0.0,0.0
1982-06-24 00:00:00-04:00,0.44190460443496704,0.44190460443496704,0.44190460443496704,0.44190460443496704,0,0.0,0.0
1982-06-25 00:00:00-04:00,0.44190460443496704,0.44190460443496704,0.44190460443496704,0.44190460443496704,0,0.0,0.0
1982-06-28 00:00:00-04:00,0.44190460443496704,0.44190460443496704,0.44190460443496704,0.44190460443496704,0,0.0,0.0
1982-06-29 00:00:00-04:00,0.0,0.4626999500250644,0.44710338115692144,0.4471033811569214,5400,0.0,0.0
1982-06-30 00:00:00-04:00,0.0,0.4678988509367571,0.44710338115692144,0.4471033811569214,18000,0.0,0.0
1982-07-01 00:00:00-04:00,0.44710338115692144,0.44710338115692144,0.44710338115692144,0.4471033811569214,0,0.0,0.0
1982-07-02 00:00:00-04:00,0.0,0.4626999500250644,0.44710338115692144,0.4471033811569214,27000,0.0,0.0
1982-07-06 00:00:00-04:00,0.0,0.4523023448431395,0.431506872177124,0.431506872177124,19800,0.0,0.0
1982-07-07 00:00:00-04:00,0.0,0.4523023349969367,0.42630791664123535,0.42630791664123535,9000,0.0,0.0
1982-07-08 00:00:00-04:00,0.0,0.44710343347686965,0.42630791664123535,0.42630791664123535,3600,0.0,0.0
1982-07-09 00:00:00-04:00,0.0,0.44710343347686965,0.42630791664123535,0.42630791664123535,10800,0.0,0.0
1982-07-12 00:00:00-04:00,0.42630791664123535,0.42630791664123535,0.42630791664123535,0.42630791664123535,0,0.0,0.0
1982-07-13 00:00:00-04:00,0.42630791664123535,0.42630791664123535,0.42630791664123535,0.42630791664123535,0,0.0,0.0
1982-07-14 00:00:00-04:00,0.42630791664123535,0.42630791664123535,0.42630791664123535,0.42630791664123535,0,0.0,0.0
1982-07-15 00:00:00-04:00,0.42630791664123535,0.42630791664123535,0.42630791664123535,0.42630791664123535,0,0.0,0.0
1982-07-16 00:00:00-04:00,0.42630791664123535,0.42630791664123535,0.42630791664123535,0.42630791664123535,0,0.0,0.0
1982-07-19 00:00:00-04:00,0.42630791664123535,0.42630791664123535,0.42630791664123535,0.42630791664123535,0,0.0,0.0
1982-07-20 00:00:00-04:00,0.42630791664123535,0.42630791664123535,0.42630791664123535,0.42630791664123535,0,0.0,0.0
1982-07-21 00:00:00-04:00,0.42630791664123535,0.42630791664123535,0.42630791664123535,0.42630791664123535,0,0.0,0.0
1982-07-22 00:00:00-04:00,0.0,0.4419045213199267,0.4107111990451813,0.4107111990451813,1800,0.0,0.0
1982-07-23 00:00:00-04:00,0.0,0.4419045213199267,0.4107111990451813,0.4107111990451813,32400,0.0,0.0
1982-07-26 00:00:00-04:00,0.0,0.4419045213199267,0.4107111990451813,0.4107111990451813,1800,0.0,0.0
1982-07-27 00:00:00-04:00,0.0,0.4419045213199267,0.4107111990451813,0.4107111990451813,102600,0.0,0.0
1982-07-28 00:00:00-04:00,0.4107111990451813,0.4107111990451813,0.4107111990451813,0.4107111990451813,0,0.0,0.0
1982-07-29 00:00:00-04:00,0.0,0.4263080894781323,0.40031370520591736,0.40031370520591736,32400,0.0,0.0
1982-07-30 00:00:00-04:00,0.40031370520591736,0.40031370520591736,0.40031370520591736,0.40031370520591736,0,0.0,0.0
1982-08-02 00:00:00-04:00,0.0,0.4211088604552121,0.3951144516468048,0.3951144516468048,9000,0.0,0.0
1982-08-03 00:00:00-04:00,0.3951144516468048,0.3951144516468048,0.3951144516468048,0.3951144516468048,0,0.0,0.0
1982-08-04 00:00:00-04:00,0.0,0.4211088604552121,0.3951144516468048,0.3951144516468048,32400,0.0,0.0
1982-08-05 00:00:00-04:00,0.3951144516468048,0.3951144516468048,0.3951144516468048,0.3951144516468048,0,0.0,0.0
1982-08-06 00:00:00-04:00,0.0,0.41590990119096544,0.38991549611091614,0.38991549611091614,70200,0.0,0.0
1982-08-09 00:00:00-04:00,0.38991549611091614,0.38991549611091614,0.38991549611091614,0.38991549611091614,0,0.0,0.0
1982-08-10 00:00:00-04:00,0.0,0.4055124920686111,0.38471701741218567,0.38471701741218567,5400,0.0,0.0
1982-08-11 00:00:00-04:00,0.38471701741218567,0.38471701741218567,0.38471701741218567,0.38471701741218567,0,0.0,0.0
1982-08-12 00:00:00-04:00,0.0,0.405512323466436,0.37951791286468506,0.37951791286468506,3600,0.0,0.0
1982-08-13 00:00:00-04:00,0.37951791286468506,0.37951791286468506,0.37951791286468506,0.37951791286468506,0,0.0,0.0
1982-08-16 00:00:00-04:00,0.0,0.405512323466436,0.37951791286468506,0.37951791286468506,32400,0.0,0.0
1982-08-17 00:00:00-04:00,0.0,0.405512323466436,0.37951791286468506,0.37951791286468506,37800,0.0,0.0
1982-08-18 00:00:00-04:00,0.0,0.405512323466436,0.37951791286468506,0.37951791286468506,3600,0.0,0.0
1982-08-19 00:00:00-04:00,0.0,0.405512323466436,0.37951791286468506,0.37951791286468506,18000,0.0,0.0
1982-08-20 00:00:00-04:00,0.37951791286468506,0.37951791286468506,0.37951791286468506,0.37951791286468506,0,0.0,0.0
1982-08-23 00:00:00-04:00,0.37951791286468506,0.37951791286468506,0.37951791286468506,0.37951791286468506,0,0.0,0.0
1982-08-24 00:00:00-04:00,0.37951791286468506,0.37951791286468506,0.37951791286468506,0.37951791286468506,0,0.0,0.0
1982-08-25 00:00:00-04:00,0.0,0.405512323466436,0.37951791286468506,0.37951791286468506,68400,0.0,0.0
1982-08-26 00:00:00-04:00,0.0,0.405512323466436,0.37951791286468506,0.37951791286468506,3600,0.0,0.0
1982-08-27 00:00:00-04:00,0.37951791286468506,0.37951791286468506,0.37951791286468506,0.37951791286468506,0,0.0,0.0
1982-08-30 00:00:00-04:00,0.37951791286468506,0.37951791286468506,0.37951791286468506,0.37951791286468506,0,0.0,0.0
1982-08-31 00:00:00-04:00,0.0,0.405512323466436,0.37951791286468506,0.37951791286468506,3600,0.0,0.0
1982-09-01 00:00:00-04:00,0.37951791286468506,0.37951791286468506,0.37951791286468506,0.37951791286468506,0,0.0,0.0
1982-09-02 00:00:00-04:00,0.0,0.4055124920686111,0.38471701741218567,0.38471701741218567,3600,0.0,0.0
1982-09-03 00:00:00-04:00,0.0,0.4107112157101705,0.38471701741218567,0.38471701741218567,1800,0.0,0.0
1982-09-07 00:00:00-04:00,0.0,0.4107112157101705,0.38471701741218567,0.38471701741218567,5400,0.0,0.0
1982-09-08 00:00:00-04:00,0.0,0.4107112157101705,0.38471701741218567,0.38471701741218567,1800,0.0,0.0
1982-09-09 00:00:00-04:00,0.38471701741218567,0.38471701741218567,0.38471701741218567,0.38471701741218567,0,0.0,0.0
1982-09-10 00:00:00-04:00,0.38471701741218567,0.38471701741218567,0.38471701741218567,0.38471701741218567,0,0.0,0.0
1982-09-13 00:00:00-04:00,0.0,0.4107112157101705,0.38471701741218567,0.38471701741218567,12600,0.0,0.0
1982-09-14 00:00:00-04:00,0.0,0.4055124920686111,0.38471701741218567,0.38471701741218567,3600,0.0,0.0
1982-09-15 00:00:00-04:00,0.0,0.4055124920686111,0.38471701741218567,0.38471701741218567,9000,0.0,0.0
1982-09-16 00:00:00-04:00,0.38471701741218567,0.38471701741218567,0.38471701741218567,0.38471701741218567,0,0.0,0.0
1982-09-17 00:00:00-04:00,0.0,0.4055122373279928,0.38991549611091614,0.38991549611091614,1800,0.0,0.0
1982-09-20 00:00:00-04:00,0.38991549611091614,0.38991549611091614,0.38991549611091614,0.38991549611091614,0,0.0,0.0
1982-09-21 00:00:00-04:00,0.38991549611091614,0.38991549611091614,0.38991549611091614,0.38991549611091614,0,0.0,0.0
1982-09-22 00:00:00-04:00,0.38991549611091614,0.38991549611091614,0.38991549611091614,0.38991549611091614,0,0.0,0.0
1982-09-23 00:00:00-04:00,0.38991549611091614,0.38991549611091614,0.38991549611091614,0.38991549611091614,0,0.0,0.0
1982-09-24 00:00:00-04:00,0.38991549611091614,0.38991549611091614,0.38991549611091614,0.38991549611091614,0,0.0,0.0
1982-09-27 00:00:00-04:00,0.38991549611091614,0.38991549611091614,0.38991549611091614,0.38991549611091614,0,0.0,0.0
1982-09-28 00:00:00-04:00,0.0,0.4055124920686111,0.38471701741218567,0.38471701741218567,3600,0.0,0.0
1982-09-29 00:00:00-04:00,0.0,0.4055124920686111,0.38471701741218567,0.38471701741218567,10800,0.0,0.0
1982-09-30 00:00:00-04:00,0.0,0.4055124920686111,0.38471701741218567,0.38471701741218567,9000,0.0,0.0
1982-10-01 00:00:00-04:00,0.0,0.4055122373279928,0.38991549611091614,0.38991549611091614,14400,0.0,0.0
1982-10-04 00:00:00-04:00,0.0,0.41071095770374383,0.38991549611091614,0.38991549611091614,10800,0.0,0.0
1982-10-05 00:00:00-04:00,0.38991549611091614,0.38991549611091614,0.38991549611091614,0.38991549611091614,0,0.0,0.0
1982-10-06 00:00:00-04:00,0.0,0.41071095770374383,0.38991549611091614,0.38991549611091614,9000,0.0,0.0
1982-10-07 00:00:00-04:00,0.0,0.41071095770374383,0.38991549611091614,0.38991549611091614,14400,0.0,0.0
1982-10-08 00:00:00-04:00,0.0,0.41071095770374383,0.38991549611091614,0.38991549611091614,25200,0.0,0.0
1982-10-11 00:00:00-04:00,0.0,0.41071095770374383,0.38991549611091614,0.38991549611091614,12600,0.0,0.0
1982-10-12 00:00:00-04:00,0.0,0.41071095770374383,0.38991549611091614,0.38991549611091614,23400,0.0,0.0
1982-10-13 00:00:00-04:00,0.0,0.41071095770374383,0.38991549611091614,0.38991549611091614,7200,0.0,0.0
1982-10-14 00:00:00-04:00,0.0,0.41071121347840456,0.3925152122974396,0.3925152122974396,3600,0.0,0.0
1982-10-15 00:00:00-04:00,0.0,0.41071121347840456,0.3925152122974396,0.3925152122974396,9000,0.0,0.0
1982-10-18 00:00:00-04:00,0.3925152122974396,0.3925152122974396,0.3925152122974396,0.3925152122974396,0,0.0,0.0
1982-10-19 00:00:00-04:00,0.3925152122974396,0.3925152122974396,0.3925152122974396,0.3925152122974396,0,0.0,0.0
1982-10-20 00:00:00-04:00,0.0,0.41071121347840456,0.3925152122974396,0.3925152122974396,1800,0.0,0.0
1982-10-21 00:00:00-04:00,0.0,0.41071121347840456,0.3925152122974396,0.3925152122974396,12600,0.0,0.0
1982-10-22 00:00:00-04:00,0.3925152122974396,0.3925152122974396,0.3925152122974396,0.3925152122974396,0,0.0,0.0
1982-10-25 00:00:00-04:00,0.0,0.4107110166117083,0.3951144516468048,0.3951144516468048,1800,0.0,0.0
1982-10-26 00:00:00-04:00,0.3951144516468048,0.3951144516468048,0.3951144516468048,0.3951144516468048,0,0.0,0.0
1982-10-27 00:00:00-04:00,0.0,0.4107110166117083,0.3951144516468048,0.3951144516468048,90000,0.0,0.0
1982-10-28 00:00:00-04:00,0.0,0.4107110166117083,0.3951144516468048,0.3951144516468048,5400,0.0,0.0
1982-10-29 00:00:00-04:00,0.3951144516468048,0.3951144516468048,0.3951144516468048,0.3951144516468048,0,0.0,0.0
1982-11-01 00:00:00-05:00,0.3951144516468048,0.3951144516468048,0.3951144516468048,0.3951144516468048,0,0.0,0.0
1982-11-02 00:00:00-05:00,0.0,0.4107110166117083,0.3951144516468048,0.3951144516468048,1800,0.0,0.0
1982-11-03 00:00:00-05:00,0.3951144516468048,0.3951144516468048,0.3951144516468048,0.3951144516468048,0,0.0,0.0
1982-11-04 00:00:00-05:00,0.0,0.4107110166117083,0.3951144516468048,0.3951144516468048,0,0.0,0.0
1982-11-05 00:00:00-05:00,0.0,0.4107110166117083,0.3951144516468048,0.3951144516468048,7200,0.0,0.0
1982-11-08 00:00:00-05:00,0.0,0.41591028222244436,0.40031370520591736,0.40031370520591736,7200,0.0,0.0
1982-11-09 00:00:00-05:00,0.0,0.4263080894781323,0.40031370520591736,0.40031370520591736,25200,0.0,0.0
1982-11-10 00:00:00-05:00,0.0,0.4263081090130372,0.4029131531715393,0.4029131531715393,7200,0.0,0.0
1982-11-11 00:00:00-05:00,0.0,0.4237086793911679,0.4029131531715393,0.4029131531715393,5400,0.0,0.0
1982-11-12 00:00:00-05:00,0.0,0.43410628050241973,0.40551260113716125,0.40551260113716125,9000,0.0,0.0
1982-11-15 00:00:00-05:00,0.0,0.43410628050241973,0.40551260113716125,0.40551260113716125,9000,0.0,0.0
1982-11-16 00:00:00-05:00,0.40551260113716125,0.40551260113716125,0.40551260113716125,0.40551260113716125,0,0.0,0.0
1982-11-17 00:00:00-05:00,0.0,0.4367055352964509,0.4081118702888489,0.4081118702888489,16200,0.0,0.0
1982-11-18 00:00:00-05:00,0.0,0.4367055352964509,0.4081118702888489,0.4081118702888489,7200,0.0,0.0
1982-11-19 00:00:00-05:00,0.4081118702888489,0.4081118702888489,0.4081118702888489,0.4081118702888489,0,0.0,0.0
1982-11-22 00:00:00-05:00,0.0,0.4678990296789417,0.44190460443496704,0.44190460443496704,21600,0.0,0.0
1982-11-23 00:00:00-05:00,0.44190460443496704,0.44190460443496704,0.44190460443496704,0.44190460443496704,0,0.0,0.0
1982-11-24 00:00:00-05:00,0.0,0.46270012678121525,0.44190460443496704,0.44190460443496704,3600,0.0,0.0
1982-11-26 00:00:00-05:00,0.0,0.4678990296789417,0.44190460443496704,0.44190460443496704,23400,0.0,0.0
1982-11-29 00:00:00-05:00,0.0,0.46270012678121525,0.44190460443496704,0.44190460443496704,77400,0.0,0.0
1982-11-30 00:00:00-05:00,0.44190460443496704,0.44190460443496704,0.44190460443496704,0.44190460443496704,0,0.0,0.0
1982-12-01 00:00:00-05:00,0.0,0.46270012678121525,0.44190460443496704,0.44190460443496704,39600,0.0,0.0
1982-12-02 00:00:00-05:00,0.0,0.46270012678121525,0.44190460443496704,0.44190460443496704,16200,0.0,0.0
1982-12-03 00:00:00-05:00,0.0,0.4523024548527486,0.44190460443496704,0.44190460443496704,39600,0.0,0.0
1982-12-06 00:00:00-05:00,0.0,0.4523024548527486,0.44190460443496704,0.44190460443496704,10800,0.0,0.0
1982-12-07 00:00:00-05:00,0.0,0.4523024548527486,0.44190460443496704,0.44190460443496704,0,0.0,0.0
1982-12-08 00:00:00-05:00,0.0,0.4523020979431923,0.43930482864379883,0.43930482864379883,19800,0.0,0.0
1982-12-09 00:00:00-05:00,0.0,0.4523020979431923,0.43930482864379883,0.43930482864379883,1800,0.0,0.0
1982-12-10 00:00:00-05:00,0.43930482864379883,0.43930482864379883,0.43930482864379883,0.43930482864379883,0,0.0,0.0
1982-12-13 00:00:00-05:00,0.0,0.4523020979431923,0.43930482864379883,0.43930482864379883,36000,0.0,0.0
1982-12-14 00:00:00-05:00,0.43930482864379883,0.43930482864379883,0.43930482864379883,0.43930482864379883,0,0.0,0.0
1982-12-15 00:00:00-05:00,0.0,0.4523020979431923,0.43930482864379883,0.43930482864379883,5400,0.0,0.0
1982-12-16 00:00:00-05:00,0.43930482864379883,0.43930482864379883,0.43930482864379883,0.43930482864379883,0,0.0,0.0
1982-12-17 00:00:00-05:00,0.0,0.4523020979431923,0.43930482864379883,0.43930482864379883,9000,0.0,0.0
1982-12-20 00:00:00-05:00,0.0,0.4523020979431923,0.43930482864379883,0.43930482864379883,9000,0.0,0.0
1982-12-21 00:00:00-05:00,0.0,0.4523020979431923,0.43930482864379883,0.43930482864379883,1800,0.0,0.0
1982-12-22 00:00:00-05:00,0.0,0.44710319914789365,0.43930482864379883,0.43930482864379883,1800,0.0,0.0
1982-12-23 00:00:00-05:00,0.43930482864379883,0.43930482864379883,0.43930482864379883,0.43930482864379883,0,0.0,0.0
1982-12-27 00:00:00-05:00,0.0,0.44710319914789365,0.43930482864379883,0.43930482864379883,3600,0.0,0.0
1982-12-28 00:00:00-05:00,0.0,0.4523020979431923,0.43930482864379883,0.43930482864379883,3600,0.0,0.0
1982-12-29 00:00:00-05:00,0.0,0.44710319914789365,0.43930482864379883,0.43930482864379883,12600,0.0,0.0
1982-12-30 00:00:00-05:00,0.0,0.44710319914789365,0.43930482864379883,0.43930482864379883,10800,0.0,0.0
1982-12-31 00:00:00-05:00,0.0,0.4445037274390975,0.43930482864379883,0.43930482864379883,3600,0.0,0.0
1983-01-03 00:00:00-05:00,0.0,0.4445037274390975,0.43930482864379883,0.43930482864379883,12600,0.0,0.0
1983-01-04 00:00:00-05:00,0.0,0.4445037274390975,0.43930482864379883,0.43930482864379883,34200,0.0,0.0
1983-01-05 00:00:00-05:00,0.0,0.4445037274390975,0.43930482864379883,0.43930482864379883,16200,0.0,0.0
1983-01-06 00:00:00-05:00,0.0,0.4445037274390975,0.43930482864379883,0.43930482864379883,27000,0.0,0.0
1983-01-07 00:00:00-05:00,0.0,0.4445037274390975,0.43930482864379883,0.43930482864379883,3600,0.0,0.0
1983-01-10 00:00:00-05:00,0.0,0.4419042557303014,0.43930482864379883,0.43930482864379883,23400,0.0,0.0
1983-01-11 00:00:00-05:00,0.0,0.4445037274390975,0.43930482864379883,0.43930482864379883,12600,0.0,0.0
1983-01-12 00:00:00-05:00,0.0,0.4445037274390975,0.43930482864379883,0.43930482864379883,1800,0.0,0.0
1983-01-13 00:00:00-05:00,0.0,0.4445037274390975,0.43930482864379883,0.43930482864379883,25200,0.0,0.0
1983-01-14 00:00:00-05:00,0.43930482864379883,0.43930482864379883,0.43930482864379883,0.43930482864379883,0,0.0,0.0
1983-01-17 00:00:00-05:00,0.0,0.4419042557303014,0.43930482864379883,0.43930482864379883,21600,0.0,0.0
1983-01-18 00:00:00-05:00,0.0,0.4445037274390975,0.43930482864379883,0.43930482864379883,32400,0.0,0.0
1983-01-19 00:00:00-05:00,0.43930482864379883,0.43930482864379883,0.43930482864379883,0.43930482864379883,0,0.0,0.0
1983-01-20 00:00:00-05:00,0.0,0.4445037274390975,0.43930482864379883,0.43930482864379883,18000,0.0,0.0
1983-01-21 00:00:00-05:00,0.0,0.4575009033792307,0.44970270991325373,0.4497027099132538,43200,0.0,0.0
1983-01-24 00:00:00-05:00,0.0,0.4549017548356163,0.44710338115692144,0.4471033811569214,9000,0.0,0.0
1983-01-25 00:00:00-05:00,0.44710338115692144,0.44710338115692144,0.44710338115692144,0.4471033811569214,0,0.0,0.0
1983-01-26 00:00:00-05:00,0.44710338115692144,0.44710338115692144,0.44710338115692144,0.4471033811569214,0,0.0,0.0
1983-01-27 00:00:00-05:00,0.0,0.45750100449106007,0.44710338115692144,0.4471033811569214,7200,0.0,0.0
1983-01-28 00:00:00-05:00,0.0,0.45750100449106007,0.44710338115692144,0.4471033811569214,7200,0.0,0.0
1983-01-31 00:00:00-05:00,0.0,0.45750100449106007,0.44710338115692144,0.4471033811569214,9000,0.0,0.0
1983-02-01 00:00:00-05:00,0.0,0.45750100449106007,0.44710338115692144,0.4471033811569214,180000,0.0,0.0
1983-02-02 00:00:00-05:00,0.0,0.4626999500250644,0.44710338115692144,0.4471033811569214,1800,0.0,0.0
1983-02-03 00:00:00-05:00,0.0,0.4626999500250644,0.44710338115692144,0.4471033811569214,9000,0.0,0.0
1983-02-04 00:00:00-05:00,0.0,0.4626999500250644,0.44710338115692144,0.4471033811569214,1800,0.0,0.0
1983-02-07 00:00:00-05:00,0.44710338115692144,0.44710338115692144,0.44710338115692144,0.4471033811569214,0,0.0,0.0
1983-02-08 00:00:00-05:00,0.0,0.4626999500250644,0.44710338115692144,0.4471033811569214,3600,0.0,0.0
1983-02-09 00:00:00-05:00,0.0,0.45750100449106007,0.44710338115692144,0.4471033811569214,14400,0.0,0.0
1983-02-10 00:00:00-05:00,0.0,0.45750100449106007,0.44710338115692144,0.4471033811569214,1800,0.0,0.0
1983-02-11 00:00:00-05:00,0.44710338115692144,0.44710338115692144,0.44710338115692144,0.4471033811569214,0,0.0,0.0
1983-02-14 00:00:00-05:00,0.0,0.4626999500250644,0.44710338115692144,0.4471033811569214,10800,0.0,0.0
1983-02-15 00:00:00-05:00,0.44710338115692144,0.44710338115692144,0.44710338115692144,0.4471033811569214,0,0.0,0.0
1983-02-16 00:00:00-05:00,0.0,0.4834953260831973,0.46269986033439636,0.46269986033439636,34200,0.0,0.0
1983-02-17 00:00:00-05:00,0.0,0.48349551005391395,0.45230236649513245,0.45230236649513245,18000,0.0,0.0
1983-02-18 00:00:00-05:00,0.45230236649513245,0.45230236649513245,0.45230236649513245,0.45230236649513245,0,0.0,0.0
1983-02-22 00:00:00-05:00,0.45230236649513245,0.45230236649513245,0.45230236649513245,0.45230236649513245,0,0.0,0.0
1983-02-23 00:00:00-05:00,0.45230236649513245,0.45230236649513245,0.45230236649513245,0.45230236649513245,0,0.0,0.0
1983-02-24 00:00:00-05:00,0.45230236649513245,0.45230236649513245,0.45230236649513245,0.45230236649513245,0,0.0,0.0
1983-02-25 00:00:00-05:00,0.45230236649513245,0.45230236649513245,0.45230236649513245,0.45230236649513245,0,0.0,0.0
1983-02-28 00:00:00-05:00,0.0,0.48349551005391395,0.45230236649513245,0.45230236649513245,39600,0.0,0.0
1983-03-01 00:00:00-05:00,0.0,0.48349551005391395,0.45230236649513245,0.45230236649513245,1800,0.0,0.0
1983-03-02 00:00:00-05:00,0.45230236649513245,0.45230236649513245,0.45230236649513245,0.45230236649513245,0,0.0,0.0
1983-03-03 00:00:00-05:00,0.0,0.48349551005391395,0.45230236649513245,0.45230236649513245,3600,0.0,0.0
1983-03-04 00:00:00-05:00,0.0,0.48349551005391395,0.45230236649513245,0.45230236649513245,19800,0.0,0.0
1983-03-07 00:00:00-05:00,0.45230236649513245,0.45230236649513245,0.45230236649513245,0.45230236649513245,0,0.0,0.0
1983-03-08 00:00:00-05:00,0.0,0.48349551005391395,0.45230236649513245,0.45230236649513245,12600,0.0,0.0
1983-03-09 00:00:00-05:00,0.0,0.48349551005391395,0.45230236649513245,0.45230236649513245,5400,0.0,0.0
1983-03-10 00:00:00-05:00,0.0,0.48349551005391395,0.45230236649513245,0.45230236649513245,19800,0.0,0.0
1983-03-11 00:00:00-05:00,0.0,0.48349551005391395,0.45230236649513245,0.45230236649513245,5400,0.0,0.0
1983-03-14 00:00:00-05:00,0.0,0.48349551005391395,0.45230236649513245,0.45230236649513245,12600,0.0,0.0
1983-03-15 00:00:00-05:00,0.45230236649513245,0.45230236649513245,0.45230236649513245,0.45230236649513245,0,0.0,0.0
1983-03-16 00:00:00-05:00,0.45230236649513245,0.45230236649513245,0.45230236649513245,0.45230236649513245,0,0.0,0.0
1983-03-17 00:00:00-05:00,0.0,0.48349551005391395,0.45230236649513245,0.45230236649513245,1800,0.0,0.0
1983-03-18 00:00:00-05:00,0.0,0.5146885366167896,0.48869413137435913,0.48869413137435913,39600,0.0,0.0
1983-03-21 00:00:00-05:00,0.0,0.561478751604837,0.5094899535179138,0.5094899535179138,46800,0.0,0.0
1983-03-22 00:00:00-05:00,0.0,0.5510809027428082,0.5094899535179138,0.5094899535179138,7200,0.0,0.0
1983-03-23 00:00:00-05:00,0.0,0.5510809027428082,0.5094899535179138,0.5094899535179138,28800,0.0,0.0
1983-03-24 00:00:00-05:00,0.0,0.5510809027428082,0.5094899535179138,0.5094899535179138,10800,0.0,0.0
1983-03-25 00:00:00-05:00,0.0,0.5510809027428082,0.5094899535179138,0.5094899535179138,7200,0.0,0.0
1983-03-28 00:00:00-05:00,0.0,0.5510809027428082,0.5094899535179138,0.5094899535179138,3600,0.0,0.0
1983-03-29 00:00:00-05:00,0.0,0.5510809027428082,0.5094899535179138,0.5094899535179138,7200,0.0,0.0
1983-03-30 00:00:00-05:00,0.0,0.5510809027428082,0.5094899535179138,0.5094899535179138,1800,0.0,0.0
1983-03-31 00:00:00-05:00,0.0,0.5510809027428082,0.5094899535179138,0.5094899535179138,1800,0.0,0.0
1983-04-04 00:00:00-05:00,0.5094899535179138,0.5094899535179138,0.5094899535179138,0.5094899535179138,0,0.0,0.0
1983-04-05 00:00:00-05:00,0.0,0.5510809027428082,0.5094899535179138,0.5094899535179138,5400,0.0,0.0
1983-04-06 00:00:00-05:00,0.0,0.530285099442118,0.48869413137435913,0.48869413137435913,27000,0.0,0.0
1983-04-07 00:00:00-05:00,0.48869413137435913,0.48869413137435913,0.48869413137435913,0.48869413137435913,0,0.0,0.0
1983-04-08 00:00:00-05:00,0.48869413137435913,0.48869413137435913,0.48869413137435913,0.48869413137435913,0,0.0,0.0
1983-04-11 00:00:00-05:00,0.0,0.530285099442118,0.48869413137435913,0.48869413137435913,1800,0.0,0.0
1983-04-12 00:00:00-05:00,0.0,0.530285099442118,0.48869413137435913,0.48869413137435913,1800,0.0,0.0
1983-04-13 00:00:00-05:00,0.48869413137435913,0.48869413137435913,0.48869413137435913,0.48869413137435913,0,0.0,0.0
1983-04-14 00:00:00-05:00,0.0,0.530285099442118,0.48869413137435913,0.48869413137435913,9000,0.0,0.0
1983-04-15 00:00:00-05:00,0.0,0.5406829418592201,0.48869413137435913,0.48869413137435913,5400,0.0,0.0
1983-04-18 00:00:00-05:00,0.0,0.561478751604837,0.5094899535179138,0.5094899535179138,9000,0.0,0.0
1983-04-19 00:00:00-05:00,0.0,0.5406832769923897,0.5094899535179138,0.5094899535179138,14400,0.0,0.0
1983-04-20 00:00:00-05:00,0.0,0.5406832769923897,0.5094899535179138,0.5094899535179138,39600,0.0,0.0
1983-04-21 00:00:00-05:00,0.0,0.5302854281303611,0.5094899535179138,0.5094899535179138,3600,0.0,0.0
1983-04-22 00:00:00-05:00,0.0,0.5406832769923897,0.5094899535179138,0.5094899535179138,12600,0.0,0.0
1983-04-25 00:00:00-04:00,0.0,0.5406832769923897,0.5094899535179138,0.5094899535179138,10800,0.0,0.0
1983-04-26 00:00:00-04:00,0.5094899535179138,0.5094899535179138,0.5094899535179138,0.5094899535179138,0,0.0,0.0
1983-04-27 00:00:00-04:00,0.0,0.5406832769923897,0.5094899535179138,0.5094899535179138,5400,0.0,0.0
1983-04-28 00:00:00-04:00,0.0,0.5406832769923897,0.5094899535179138,0.5094899535179138,48600,0.0,0.0
1983-04-29 00:00:00-04:00,0.5094899535179138,0.5094899535179138,0.5094899535179138,0.5094899535179138,0,0.0,0.0
1983-05-02 00:00:00-04:00,0.5094899535179138,0.5094899535179138,0.5094899535179138,0.5094899535179138,0,0.0,0.0
1983-05-03 00:00:00-04:00,0.0,0.5406832769923897,0.5094899535179138,0.5094899535179138,3600,0.0,0.0
1983-05-04 00:00:00-04:00,0.5094899535179138,0.5094899535179138,0.5094899535179138,0.5094899535179138,0,0.0,0.0
1983-05-05 00:00:00-04:00,0.5094899535179138,0.5094899535179138,0.5094899535179138,0.5094899535179138,0,0.0,0.0
1983-05-06 00:00:00-04:00,0.5094899535179138,0.5094899535179138,0.5094899535179138,0.5094899535179138,0,0.0,0.0
1983-05-09 00:00:00-04:00,0.0,0.5406827902341819,0.49909183382987976,0.49909183382987976,3600,0.0,0.0
1983-05-10 00:00:00-04:00,0.0,0.5406827902341819,0.49909183382987976,0.49909183382987976,5400,0.0,0.0
1983-05-11 00:00:00-04:00,0.0,0.5406827902341819,0.49909183382987976,0.49909183382987976,19800,0.0,0.0
1983-05-12 00:00:00-04:00,0.0,0.5406827902341819,0.49909183382987976,0.49909183382987976,1800,0.0,0.0
1983-05-13 00:00:00-04:00,0.49909183382987976,0.49909183382987976,0.49909183382987976,0.49909183382987976,0,0.0,0.0
1983-05-16 00:00:00-04:00,0.0,0.5406827902341819,0.49909183382987976,0.49909183382987976,36000,0.0,0.0
1983-05-17 00:00:00-04:00,0.0,0.5406827902341819,0.49909183382987976,0.49909183382987976,12600,0.0,0.0
1983-05-18 00:00:00-04:00,0.0,0.5406827902341819,0.49909183382987976,0.49909183382987976,1800,0.0,0.0
1983-05-19 00:00:00-04:00,0.0,0.5406827902341819,0.49909183382987976,0.49909183382987976,1800,0.0,0.0
1983-05-20 00:00:00-04:00,0.0,0.5406827902341819,0.49909183382987976,0.49909183382987976,5400,0.0,0.0
1983-05-23 00:00:00-04:00,0.0,0.5510809027428082,0.5094899535179138,0.5094899535179138,27000,0.0,0.0
1983-05-24 00:00:00-04:00,0.0,0.5510809027428082,0.5094899535179138,0.5094899535179138,1800,0.0,0.0
1983-05-25 00:00:00-04:00,0.0,0.5406827902341819,0.49909183382987976,0.49909183382987976,7200,0.0,0.0
1983-05-26 00:00:00-04:00,0.0,0.5406827902341819,0.49909183382987976,0.49909183382987976,1800,0.0,0.0
1983-05-27 00:00:00-04:00,0.0,0.5406827902341819,0.49909183382987976,0.49909183382987976,0,0.0,0.0
1983-05-31 00:00:00-04:00,0.49909183382987976,0.49909183382987976,0.49909183382987976,0.49909183382987976,0,0.0,0.0
1983-06-01 00:00:00-04:00,0.0,0.5406827902341819,0.49909183382987976,0.49909183382987976,3600,0.0,0.0
1983-06-02 00:00:00-04:00,0.0,0.5406827902341819,0.49909183382987976,0.49909183382987976,5400,0.0,0.0
1983-06-03 00:00:00-04:00,0.49909183382987976,0.49909183382987976,0.49909183382987976,0.49909183382987976,0,0.0,0.0
1983-06-06 00:00:00-04:00,0.0,0.5406827902341819,0.49909183382987976,0.49909183382987976,1800,0.0,0.0
1983-06-07 00:00:00-04:00,0.0,0.5406827902341819,0.49909183382987976,0.49909183382987976,1800,0.0,0.0
1983-06-08 00:00:00-04:00,0.0,0.5406827902341819,0.49909183382987976,0.49909183382987976,1800,0.0,0.0
1983-06-09 00:00:00-04:00,0.0,0.5406827902341819,0.49909183382987976,0.49909183382987976,7200,0.0,0.0
1983-06-10 00:00:00-04:00,0.0,0.5406827902341819,0.49909183382987976,0.49909183382987976,5400,0.0,0.0
1983-06-13 00:00:00-04:00,0.0,0.5406827902341819,0.49909183382987976,0.49909183382987976,5400,0.0,0.0
1983-06-14 00:00:00-04:00,0.49909183382987976,0.49909183382987976,0.49909183382987976,0.49909183382987976,0,0.0,0.0
1983-06-15 00:00:00-04:00,0.0,0.5406827902341819,0.49909183382987976,0.49909183382987976,9000,0.0,0.0
1983-06-16 00:00:00-04:00,0.49909183382987976,0.49909183382987976,0.49909183382987976,0.49909183382987976,0,0.0,0.0
1983-06-17 00:00:00-04:00,0.49909183382987976,0.49909183382987976,0.49909183382987976,0.49909183382987976,0,0.0,0.0
1983-06-20 00:00:00-04:00,0.0,0.5406827902341819,0.49909183382987976,0.49909183382987976,1800,0.0,0.0
1983-06-21 00:00:00-04:00,0.0,0.5302849507329721,0.49909183382987976,0.49909183382987976,3600,0.0,0.0
1983-06-22 00:00:00-04:00,0.0,0.5302849507329721,0.49909183382987976,0.49909183382987976,3600,0.0,0.0
1983-06-23 00:00:00-04:00,0.0,0.5302849507329721,0.49909183382987976,0.49909183382987976,7200,0.0,0.0
1983-06-24 00:00:00-04:00,0.0,0.5302849507329721,0.49909183382987976,0.49909183382987976,3600,0.0,0.0
1983-06-27 00:00:00-04:00,0.0,0.5302849507329721,0.49909183382987976,0.49909183382987976,3600,0.0,0.0
1983-06-28 00:00:00-04:00,0.0,0.5250863790338917,0.48869413137435913,0.48869413137435913,21600,0.0,0.0
1983-06-29 00:00:00-04:00,0.0,0.5250863790338917,0.48869413137435913,0.48869413137435913,12600,0.0,0.0
1983-06-30 00:00:00-04:00,0.0,0.5250866803629711,0.47829678654670715,0.47829678654670715,1800,0.0,0.0
1983-07-01 00:00:00-04:00,0.0,0.5146889194190414,0.47309792041778564,0.47309792041778564,1800,0.0,0.0
1983-07-05 00:00:00-04:00,0.0,0.5146889194190414,0.47309792041778564,0.47309792041778564,3600,0.0,0.0
1983-07-06 00:00:00-04:00,0.0,0.5146889194190414,0.47309792041778564,0.47309792041778564,7200,0.0,0.0
1983-07-07 00:00:00-04:00,0.47309792041778564,0.47309792041778564,0.47309792041778564,0.47309792041778564,0,0.0,0.0
1983-07-08 00:00:00-04:00,0.47309792041778564,0.47309792041778564,0.47309792041778564,0.47309792041778564,0,0.0,0.0
1983-07-11 00:00:00-04:00,0.47309792041778564,0.47309792041778564,0.47309792041778564,0.47309792041778564,0,0.0,0.0
1983-07-12 00:00:00-04:00,0.47309792041778564,0.47309792041778564,0.47309792041778564,0.47309792041778564,0,0.0,0.0
1983-07-13 00:00:00-04:00,0.0,0.5146889194190414,0.47309792041778564,0.47309792041778564,36000,0.0,0.0
1983-07-14 00:00:00-04:00,0.0,0.499092192928759,0.4756972491741181,0.47569724917411804,66600,0.0,0.0
1983-07-15 00:00:00-04:00,0.0,0.5198877338597773,0.47829678654670715,0.47829678654670715,18000,0.0,0.0
1983-07-18 00:00:00-04:00,0.47829678654670715,0.47829678654670715,0.47829678654670715,0.47829678654670715,0,0.0,0.0
1983-07-19 00:00:00-04:00,0.0,0.5250863790338917,0.48869413137435913,0.48869413137435913,3600,0.0,0.0
1983-07-20 00:00:00-04:00,0.48869413137435913,0.48869413137435913,0.48869413137435913,0.48869413137435913,0,0.0,0.0
1983-07-21 00:00:00-04:00,0.0,0.5250863790338917,0.48869413137435913,0.48869413137435913,1800,0.0,0.0
1983-07-22 00:00:00-04:00,0.48869413137435913,0.48869413137435913,0.48869413137435913,0.48869413137435913,0,0.0,0.0
1983-07-25 00:00:00-04:00,0.0,0.5250863790338917,0.48869413137435913,0.48869413137435913,3600,0.0,0.0
1983-07-26 00:00:00-04:00,0.0,0.5250863790338917,0.48869413137435913,0.48869413137435913,9000,0.0,0.0
1983-07-27 00:00:00-04:00,0.48869413137435913,0.48869413137435913,0.48869413137435913,0.48869413137435913,0,0.0,0.0
1983-07-28 00:00:00-04:00,0.48869413137435913,0.48869413137435913,0.48869413137435913,0.48869413137435913,0,0.0,0.0
1983-07-29 00:00:00-04:00,0.0,0.5250863790338917,0.48869413137435913,0.48869413137435913,46800,0.0,0.0
1983-08-01 00:00:00-04:00,0.48869413137435913,0.48869413137435913,0.48869413137435913,0.48869413137435913,0,0.0,0.0
1983-08-02 00:00:00-04:00,0.0,0.519887566885667,0.4834953546524048,0.4834953546524048,45000,0.0,0.0
1983-08-03 00:00:00-04:00,0.0,0.5198877338597773,0.47829678654670715,0.47829678654670715,230400,0.0,0.0
1983-08-04 00:00:00-04:00,0.47829678654670715,0.47829678654670715,0.47829678654670715,0.47829678654670715,0,0.0,0.0
1983-08-05 00:00:00-04:00,0.0,0.5198877338597773,0.47829678654670715,0.47829678654670715,28800,0.0,0.0
1983-08-08 00:00:00-04:00,0.0,0.5146889194190414,0.47309792041778564,0.47309792041778564,1800,0.0,0.0
1983-08-09 00:00:00-04:00,0.47309792041778564,0.47309792041778564,0.47309792041778564,0.47309792041778564,0,0.0,0.0
1983-08-10 00:00:00-04:00,0.0,0.5146889194190414,0.47309792041778564,0.47309792041778564,0,0.0,0.0
1983-08-11 00:00:00-04:00,0.0,0.5146889194190414,0.47309792041778564,0.47309792041778564,1800,0.0,0.0
1983-08-12 00:00:00-04:00,0.0,0.5250867695695923,0.47309792041778564,0.47309792041778564,5400,0.0,0.0
1983-08-15 00:00:00-04:00,0.0,0.5302854037545649,0.47829678654670715,0.47829678654670715,18000,0.0,0.0
1983-08-16 00:00:00-04:00,0.0,0.5302854037545649,0.47829678654670715,0.47829678654670715,12600,0.0,0.0
1983-08-17 00:00:00-04:00,0.47829678654670715,0.47829678654670715,0.47829678654670715,0.47829678654670715,0,0.0,0.0
1983-08-18 00:00:00-04:00,0.47829678654670715,0.47829678654670715,0.47829678654670715,0.47829678654670715,0,0.0,0.0
1983-08-19 00:00:00-04:00,0.0,0.5302854037545649,0.47829678654670715,0.47829678654670715,1800,0.0,0.0
1983-08-22 00:00:00-04:00,0.0,0.5302854037545649,0.47829678654670715,0.47829678654670715,3600,0.0,0.0
1983-08-23 00:00:00-04:00,0.0,0.5302854037545649,0.47829678654670715,0.47829678654670715,1800,0.0,0.0
1983-08-24 00:00:00-04:00,0.47829678654670715,0.47829678654670715,0.47829678654670715,0.47829678654670715,0,0.0,0.0
1983-08-25 00:00:00-04:00,0.47829678654670715,0.47829678654670715,0.47829678654670715,0.47829678654670715,0,0.0,0.0
1983-08-26 00:00:00-04:00,0.47829678654670715,0.47829678654670715,0.47829678654670715,0.47829678654670715,0,0.0,0.0
1983-08-29 00:00:00-04:00,0.0,0.5302854037545649,0.47829678654670715,0.47829678654670715,3600,0.0,0.0
1983-08-30 00:00:00-04:00,0.47829678654670715,0.47829678654670715,0.47829678654670715,0.47829678654670715,0,0.0,0.0
1983-08-31 00:00:00-04:00,0.0,0.5302854037545649,0.47829678654670715,0.47829678654670715,1800,0.0,0.0
1983-09-01 00:00:00-04:00,0.0,0.5302854037545649,0.47829678654670715,0.47829678654670715,3600,0.0,0.0
1983-09-02 00:00:00-04:00,0.47829678654670715,0.47829678654670715,0.47829678654670715,0.47829678654670715,0,0.0,0.0
1983-09-06 00:00:00-04:00,0.47829678654670715,0.47829678654670715,0.47829678654670715,0.47829678654670715,0,0.0,0.0
1983-09-07 00:00:00-04:00,0.0,0.530285099442118,0.48869413137435913,0.48869413137435913,1800,0.0,0.0
1983-09-08 00:00:00-04:00,0.48869413137435913,0.48869413137435913,0.48869413137435913,0.48869413137435913,0,0.0,0.0
1983-09-09 00:00:00-04:00,0.0,0.530285099442118,0.48869413137435913,0.48869413137435913,10800,0.0,0.0
1983-09-12 00:00:00-04:00,0.48869413137435913,0.48869413137435913,0.48869413137435913,0.48869413137435913,0,0.0,0.0
1983-09-13 00:00:00-04:00,0.0,0.530285099442118,0.48869413137435913,0.48869413137435913,39600,0.0,0.0
1983-09-14 00:00:00-04:00,0.48869413137435913,0.48869413137435913,0.48869413137435913,0.48869413137435913,0,0.0,0.0
1983-09-15 00:00:00-04:00,0.0,0.530285099442118,0.48869413137435913,0.48869413137435913,1800,0.0,0.0
1983-09-16 00:00:00-04:00,0.0,0.530285099442118,0.48869413137435913,0.48869413137435913,5400,0.0,0.0
1983-09-19 00:00:00-04:00,0.0,0.5406829418592201,0.48869413137435913,0.48869413137435913,39600,0.0,0.0
1983-09-20 00:00:00-04:00,0.48869413137435913,0.48869413137435913,0.48869413137435913,0.48869413137435913,0,0.0,0.0
1983-09-21 00:00:00-04:00,0.48869413137435913,0.48869413137435913,0.48869413137435913,0.48869413137435913,0,0.0,0.0
1983-09-22 00:00:00-04:00,0.48869413137435913,0.48869413137435913,0.48869413137435913,0.48869413137435913,0,0.0,0.0
1983-09-23 00:00:00-04:00,0.48869413137435913,0.48869413137435913,0.48869413137435913,0.48869413137435913,0,0.0,0.0
1983-09-26 00:00:00-04:00,0.0,0.5406829418592201,0.48869413137435913,0.48869413137435913,5400,0.0,0.0
1983-09-27 00:00:00-04:00,0.48869413137435913,0.48869413137435913,0.48869413137435913,0.48869413137435913,0,0.0,0.0
1983-09-28 00:00:00-04:00,0.48869413137435913,0.48869413137435913,0.48869413137435913,0.48869413137435913,0,0.0,0.0
1983-09-29 00:00:00-04:00,0.48869413137435913,0.48869413137435913,0.48869413137435913,0.48869413137435913,0,0.0,0.0
1983-09-30 00:00:00-04:00,0.0,0.5406829418592201,0.48869413137435913,0.48869413137435913,3600,0.0,0.0
1983-10-03 00:00:00-04:00,0.48869413137435913,0.48869413137435913,0.48869413137435913,0.48869413137435913,0,0.0,0.0
1983-10-04 00:00:00-04:00,0.48869413137435913,0.48869413137435913,0.48869413137435913,0.48869413137435913,0,0.0,0.0
1983-10-05 00:00:00-04:00,0.48869413137435913,0.48869413137435913,0.48869413137435913,0.48869413137435913,0,0.0,0.0
1983-10-06 00:00:00-04:00,0.48869413137435913,0.48869413137435913,0.48869413137435913,0.48869413137435913,0,0.0,0.0
1983-10-07 00:00:00-04:00,0.0,0.5406829418592201,0.48869413137435913,0.48869413137435913,199800,0.0,0.0
1983-10-10 00:00:00-04:00,0.48869413137435913,0.48869413137435913,0.48869413137435913,0.48869413137435913,0,0.0,0.0
1983-10-11 00:00:00-04:00,0.0,0.530285099442118,0.48869413137435913,0.48869413137435913,3600,0.0,0.0
1983-10-12 00:00:00-04:00,0.0,0.530285099442118,0.48869413137435913,0.48869413137435913,1800,0.0,0.0
1983-10-13 00:00:00-04:00,0.48869413137435913,0.48869413137435913,0.48869413137435913,0.48869413137435913,0,0.0,0.0
1983-10-14 00:00:00-04:00,0.0,0.530285099442118,0.48869413137435913,0.48869413137435913,18000,0.0,0.0
1983-10-17 00:00:00-04:00,0.48869413137435913,0.48869413137435913,0.48869413137435913,0.48869413137435913,0,0.0,0.0
1983-10-18 00:00:00-04:00,0.0,0.530285099442118,0.48869413137435913,0.48869413137435913,43200,0.0,0.0
1983-10-19 00:00:00-04:00,0.0,0.530285099442118,0.48869413137435913,0.48869413137435913,9000,0.0,0.0
1983-10-20 00:00:00-04:00,0.48869413137435913,0.48869413137435913,0.48869413137435913,0.48869413137435913,0,0.0,0.0
1983-10-21 00:00:00-04:00,0.0,0.530285099442118,0.48869413137435913,0.48869413137435913,1800,0.0,0.0
1983-10-24 00:00:00-04:00,0.0,0.530285099442118,0.48869413137435913,0.48869413137435913,5400,0.0,0.0
1983-10-25 00:00:00-04:00,0.0,0.530285099442118,0.48869413137435913,0.48869413137435913,0,0.0,0.0
1983-10-26 00:00:00-04:00,0.0,0.530285099442118,0.48869413137435913,0.48869413137435913,1800,0.0,0.0
1983-10-27 00:00:00-04:00,0.0,0.530285099442118,0.48869413137435913,0.48869413137435913,3600,0.0,0.0
1983-10-28 00:00:00-04:00,0.0,0.530285099442118,0.48869413137435913,0.48869413137435913,3600,0.0,0.0
1983-10-31 00:00:00-05:00,0.0,0.5198874355141935,0.48869413137435913,0.48869413137435913,1800,0.0,0.0
1983-11-01 00:00:00-05:00,0.0,0.5198874355141935,0.48869413137435913,0.48869413137435913,28800,0.0,0.0
1983-11-02 00:00:00-05:00,0.48869413137435913,0.48869413137435913,0.48869413137435913,0.48869413137435913,0,0.0,0.0
1983-11-03 00:00:00-05:00,0.48869413137435913,0.48869413137435913,0.48869413137435913,0.48869413137435913,0,0.0,0.0
1983-11-04 00:00:00-05:00,0.48869413137435913,0.48869413137435913,0.48869413137435913,0.48869413137435913,0,0.0,0.0
1983-11-07 00:00:00-05:00,0.0,0.5198874355141935,0.48869413137435913,0.48869413137435913,43200,0.0,0.0
1983-11-08 00:00:00-05:00,0.0,0.5094899961943407,0.4704984724521637,0.4704984724521637,21600,0.0,0.0
1983-11-09 00:00:00-05:00,0.0,0.5146886318922043,0.46789875626564026,0.46789875626564026,9000,0.0,0.0
1983-11-10 00:00:00-05:00,0.0,0.5146886318922043,0.46789875626564026,0.46789875626564026,3600,0.0,0.0
1983-11-11 00:00:00-05:00,0.46789875626564026,0.46789875626564026,0.46789875626564026,0.46789875626564026,0,0.0,0.0
1983-11-14 00:00:00-05:00,0.46789875626564026,0.46789875626564026,0.46789875626564026,0.46789875626564026,0,0.0,0.0
1983-11-15 00:00:00-05:00,0.46789875626564026,0.46789875626564026,0.46789875626564026,0.46789875626564026,0,0.0,0.0
1983-11-16 00:00:00-05:00,0.46789875626564026,0.46789875626564026,0.46789875626564026,0.46789875626564026,0,0.0,0.0
1983-11-17 00:00:00-05:00,0.46789875626564026,0.46789875626564026,0.46789875626564026,0.46789875626564026,0,0.0,0.0
1983-11-18 00:00:00-05:00,0.0,0.5146886318922043,0.46789875626564026,0.46789875626564026,3600,0.0,0.0
1983-11-21 00:00:00-05:00,0.0,0.5146886318922043,0.46789875626564026,0.46789875626564026,7200,0.0,0.0
1983-11-22 00:00:00-05:00,0.46789875626564026,0.46789875626564026,0.46789875626564026,0.46789875626564026,0,0.0,0.0
1983-11-23 00:00:00-05:00,0.46789875626564026,0.46789875626564026,0.46789875626564026,0.46789875626564026,0,0.0,0.0
1983-11-25 00:00:00-05:00,0.0,0.5146886318922043,0.46789875626564026,0.46789875626564026,1800,0.0,0.0
1983-11-28 00:00:00-05:00,0.0,0.5146886318922043,0.46789875626564026,0.46789875626564026,1800,0.0,0.0
1983-11-29 00:00:00-05:00,0.0,0.5146886318922043,0.46789875626564026,0.46789875626564026,3600,0.0,0.0
1983-11-30 00:00:00-05:00,0.0,0.5146886318922043,0.46789875626564026,0.46789875626564026,5400,0.0,0.0
1983-12-01 00:00:00-05:00,0.0,0.5146886318922043,0.46789875626564026,0.46789875626564026,1800,0.0,0.0
1983-12-02 00:00:00-05:00,0.46789875626564026,0.46789875626564026,0.46789875626564026,0.46789875626564026,0,0.0,0.0
1983-12-05 00:00:00-05:00,0.0,0.4990920704172829,0.46269986033439636,0.46269986033439636,7200,0.0,0.0
1983-12-06 00:00:00-05:00,0.46269986033439636,0.46269986033439636,0.46269986033439636,0.46269986033439636,0,0.0,0.0
1983-12-07 00:00:00-05:00,0.46269986033439636,0.46269986033439636,0.46269986033439636,0.46269986033439636,0,0.0,0.0
1983-12-08 00:00:00-05:00,0.46269986033439636,0.46269986033439636,0.46269986033439636,0.46269986033439636,0,0.0,0.0
1983-12-09 00:00:00-05:00,0.46269986033439636,0.46269986033439636,0.46269986033439636,0.46269986033439636,0,0.0,0.0
1983-12-12 00:00:00-05:00,0.0,0.48089585382008204,0.46269986033439636,0.46269986033439636,3600,0.0,0.0
1983-12-13 00:00:00-05:00,0.0,0.4730976601422514,0.46269986033439636,0.46269986033439636,12600,0.0,0.0
1983-12-14 00:00:00-05:00,0.0,0.4730976601422514,0.46269986033439636,0.46269986033439636,39600,0.0,0.0
1983-12-15 00:00:00-05:00,0.0,0.46789896233602307,0.45750111341476435,0.4575011134147644,5400,0.0,0.0
1983-12-16 00:00:00-05:00,0.0,0.46789896233602307,0.45750111341476435,0.4575011134147644,3600,0.0,0.0
1983-12-19 00:00:00-05:00,0.0,0.46789896233602307,0.45750111341476435,0.4575011134147644,3600,0.0,0.0
1983-12-20 00:00:00-05:00,0.45750111341476435,0.45750111341476435,0.45750111341476435,0.4575011134147644,0,0.0,0.0
1983-12-21 00:00:00-05:00,0.45750111341476435,0.45750111341476435,0.45750111341476435,0.4575011134147644,0,0.0,0.0
1983-12-22 00:00:00-05:00,0.0,0.46789896233602307,0.45750111341476435,0.4575011134147644,7200,0.0,0.0
1983-12-23 00:00:00-05:00,0.45750111341476435,0.45750111341476435,0.45750111341476435,0.4575011134147644,0,0.0,0.0
1983-12-27 00:00:00-05:00,0.45750111341476435,0.45750111341476435,0.45750111341476435,0.4575011134147644,0,0.0,0.0
1983-12-28 00:00:00-05:00,0.0,0.46789896233602307,0.45750111341476435,0.4575011134147644,5400,0.0,0.0
1983-12-29 00:00:00-05:00,0.0,0.46789896233602307,0.45750111341476435,0.4575011134147644,63000,0.0,0.0
1983-12-30 00:00:00-05:00,0.0,0.46789896233602307,0.45750111341476435,0.4575011134147644,18000,0.0,0.0
1984-01-03 00:00:00-05:00,0.0,0.488694437066929,0.45750111341476435,0.4575011134147644,30600,0.0,0.0
1984-01-04 00:00:00-05:00,0.0,0.5094897320324179,0.46789875626564026,0.46789875626564026,55800,0.0,0.0
1984-01-05 00:00:00-05:00,0.0,0.4990922602032422,0.47829678654670715,0.47829678654670715,72000,0.0,0.0
1984-01-06 00:00:00-05:00,0.0,0.4990922602032422,0.47829678654670715,0.47829678654670715,3600,0.0,0.0
1984-01-09 00:00:00-05:00,0.0,0.4990922602032422,0.47829678654670715,0.47829678654670715,1800,0.0,0.0
1984-01-10 00:00:00-05:00,0.0,0.49909209990808484,0.4834953546524048,0.4834953546524048,14400,0.0,0.0
1984-01-11 00:00:00-05:00,0.0,0.49909197379146125,0.48869413137435913,0.48869413137435913,23400,0.0,0.0
1984-01-12 00:00:00-05:00,0.0,0.4990922870944636,0.4938933849334717,0.4938933849334717,12600,0.0,0.0
1984-01-13 00:00:00-05:00,0.0,0.4990922870944636,0.4938933849334717,0.4938933849334717,12600,0.0,0.0
1984-01-16 00:00:00-05:00,0.0,0.49909197379146125,0.48869413137435913,0.48869413137435913,7200,0.0,0.0
1984-01-17 00:00:00-05:00,0.48869413137435913,0.48869413137435913,0.48869413137435913,0.48869413137435913,0,0.0,0.0
1984-01-18 00:00:00-05:00,0.48869413137435913,0.48869413137435913,0.48869413137435913,0.48869413137435913,0,0.0,0.0
1984-01-19 00:00:00-05:00,0.0,0.49909197379146125,0.48869413137435913,0.48869413137435913,9000,0.0,0.0
1984-01-20 00:00:00-05:00,0.48869413137435913,0.48869413137435913,0.48869413137435913,0.48869413137435913,0,0.0,0.0
1984-01-23 00:00:00-05:00,0.48869413137435913,0.48869413137435913,0.48869413137435913,0.48869413137435913,0,0.0,0.0
1984-01-24 00:00:00-05:00,0.48869413137435913,0.48869413137435913,0.48869413137435913,0.48869413137435913,0,0.0,0.0
1984-01-25 00:00:00-05:00,0.48869413137435913,0.48869413137435913,0.48869413137435913,0.48869413137435913,0,0.0,0.0
1984-01-26 00:00:00-05:00,0.0,0.49909209990808484,0.4834953546524048,0.4834953546524048,0,0.0,0.0
1984-01-27 00:00:00-05:00,0.4834953546524048,0.4834953546524048,0.4834953546524048,0.4834953546524048,0,0.0,0.0
1984-01-30 00:00:00-05:00,0.0,0.4990922602032422,0.47829678654670715,0.47829678654670715,3600,0.0,0.0
1984-01-31 00:00:00-05:00,0.47829678654670715,0.47829678654670715,0.47829678654670715,0.47829678654670715,0,0.0,0.0
1984-02-01 00:00:00-05:00,0.47829678654670715,0.47829678654670715,0.47829678654670715,0.47829678654670715,0,0.0,0.0
1984-02-02 00:00:00-05:00,0.0,0.499092344993689,0.47309792041778564,0.47309792041778564,3600,0.0,0.0
1984-02-03 00:00:00-05:00,0.0,0.49649259393870865,0.46789875626564026,0.46789875626564026,3600,0.0,0.0
1984-02-06 00:00:00-05:00,0.0,0.4886942259871248,0.46269986033439636,0.46269986033439636,9000,0.0,0.0
1984-02-07 00:00:00-05:00,0.0,0.4782968112572818,0.45750111341476435,0.4575011134147644,7200,0.0,0.0
1984-02-08 00:00:00-05:00,0.0,0.4678988509367571,0.44710338115692144,0.4471033811569214,32400,0.0,0.0
1984-02-09 00:00:00-05:00,0.44710338115692144,0.44710338115692144,0.44710338115692144,0.4471033811569214,0,0.0,0.0
1984-02-10 00:00:00-05:00,0.0,0.4678988509367571,0.44710338115692144,0.4471033811569214,1800,0.0,0.0
1984-02-13 00:00:00-05:00,0.0,0.4678990296789417,0.44190460443496704,0.44190460443496704,12600,0.0,0.0
1984-02-14 00:00:00-05:00,0.0,0.4678988509367571,0.44710338115692144,0.4471033811569214,131400,0.0,0.0
1984-02-15 00:00:00-05:00,0.0,0.46789916486728733,0.4367058277130127,0.4367058277130127,16200,0.0,0.0
1984-02-16 00:00:00-05:00,0.4367058277130127,0.4367058277130127,0.4367058277130127,0.4367058277130127,0,0.0,0.0
1984-02-17 00:00:00-05:00,0.0,0.46789916486728733,0.4367058277130127,0.4367058277130127,1800,0.0,0.0
1984-02-21 00:00:00-05:00,0.0,0.467898905690187,0.42630791664123535,0.42630791664123535,1800,0.0,0.0
1984-02-22 00:00:00-05:00,0.0,0.46789916486728733,0.4367058277130127,0.4367058277130127,7200,0.0,0.0
1984-02-23 00:00:00-05:00,0.0,0.467898905690187,0.42630791664123535,0.42630791664123535,7200,0.0,0.0
1984-02-24 00:00:00-05:00,0.0,0.4782966973824541,0.44710338115692144,0.4471033811569214,21600,0.0,0.0
1984-02-27 00:00:00-05:00,0.0,0.4782970182892816,0.4367058277130127,0.4367058277130127,5400,0.0,0.0
1984-02-28 00:00:00-05:00,0.0,0.4782970182892816,0.4367058277130127,0.4367058277130127,28800,0.0,0.0
1984-02-29 00:00:00-05:00,0.0,0.46789916486728733,0.4367058277130127,0.4367058277130127,14400,0.0,0.0
1984-03-01 00:00:00-05:00,0.4367058277130127,0.4367058277130127,0.4367058277130127,0.4367058277130127,0,0.0,0.0
1984-03-02 00:00:00-05:00,0.0,0.4782970182892816,0.4367058277130127,0.4367058277130127,12600,0.0,0.0
1984-03-05 00:00:00-05:00,0.0,0.4782970182892816,0.4367058277130127,0.4367058277130127,5400,0.0,0.0
1984-03-06 00:00:00-05:00,0.0,0.4782970182892816,0.4367058277130127,0.4367058277130127,18000,0.0,0.0
1984-03-07 00:00:00-05:00,0.0,0.4782970182892816,0.4367058277130127,0.4367058277130127,3600,0.0,0.0
1984-03-08 00:00:00-05:00,0.0,0.4782970182892816,0.4367058277130127,0.4367058277130127,1800,0.0,0.0
1984-03-09 00:00:00-05:00,0.0,0.4782970182892816,0.4367058277130127,0.4367058277130127,1800,0.0,0.0
1984-03-12 00:00:00-05:00,0.0,0.4782970182892816,0.4367058277130127,0.4367058277130127,10800,0.0,0.0
1984-03-13 00:00:00-05:00,0.0,0.4782970182892816,0.4367058277130127,0.4367058277130127,14400,0.0,0.0
1984-03-14 00:00:00-05:00,0.0,0.4782970182892816,0.4367058277130127,0.4367058277130127,5400,0.0,0.0
1984-03-15 00:00:00-05:00,0.0,0.4782970182892816,0.4367058277130127,0.4367058277130127,7200,0.0,0.0
1984-03-16 00:00:00-05:00,0.0,0.4782970182892816,0.4367058277130127,0.4367058277130127,3600,0.0,0.0
1984-03-19 00:00:00-05:00,0.0,0.46789916486728733,0.4367058277130127,0.4367058277130127,32400,0.0,0.0
1984-03-20 00:00:00-05:00,0.0,0.46789916486728733,0.4367058277130127,0.4367058277130127,12600,0.0,0.0
1984-03-21 00:00:00-05:00,0.0,0.46789916486728733,0.4367058277130127,0.4367058277130127,7200,0.0,0.0
1984-03-22 00:00:00-05:00,0.0,0.4782970182892816,0.4367058277130127,0.4367058277130127,9000,0.0,0.0
1984-03-23 00:00:00-05:00,0.0,0.4782970182892816,0.4367058277130127,0.4367058277130127,73800,0.0,0.0
1984-03-26 00:00:00-05:00,0.4367058277130127,0.4367058277130127,0.4367058277130127,0.4367058277130127,0,0.0,0.0
1984-03-27 00:00:00-05:00,0.0,0.4782970182892816,0.4367058277130127,0.4367058277130127,1800,0.0,0.0
1984-03-28 00:00:00-05:00,0.0,0.4782970182892816,0.4367058277130127,0.4367058277130127,3600,0.0,0.0
1984-03-29 00:00:00-05:00,0.4367058277130127,0.4367058277130127,0.4367058277130127,0.4367058277130127,0,0.0,0.0
1984-03-30 00:00:00-05:00,0.0,0.4782970182892816,0.4367058277130127,0.4367058277130127,9000,0.0,0.0
1984-04-02 00:00:00-05:00,0.4367058277130127,0.4367058277130127,0.4367058277130127,0.4367058277130127,0,0.0,0.0
1984-04-03 00:00:00-05:00,0.0,0.4782970182892816,0.4367058277130127,0.4367058277130127,1800,0.0,0.0
1984-04-04 00:00:00-05:00,0.0,0.4782970182892816,0.4367058277130127,0.4367058277130127,21600,0.0,0.0
1984-04-05 00:00:00-05:00,0.0,0.4782970182892816,0.4367058277130127,0.4367058277130127,57600,0.0,0.0
1984-04-06 00:00:00-05:00,0.0,0.4782970182892816,0.4367058277130127,0.4367058277130127,7200,0.0,0.0
1984-04-09 00:00:00-05:00,0.0,0.4782970182892816,0.4367058277130127,0.4367058277130127,1800,0.0,0.0
1984-04-10 00:00:00-05:00,0.4367058277130127,0.4367058277130127,0.4367058277130127,0.4367058277130127,0,0.0,0.0
1984-04-11 00:00:00-05:00,0.4367058277130127,0.4367058277130127,0.4367058277130127,0.4367058277130127,0,0.0,0.0
1984-04-12 00:00:00-05:00,0.4367058277130127,0.4367058277130127,0.4367058277130127,0.4367058277130127,0,0.0,0.0
1984-04-13 00:00:00-05:00,0.0,0.4782970182892816,0.4367058277130127,0.4367058277130127,37800,0.0,0.0
1984-04-16 00:00:00-05:00,0.4367058277130127,0.4367058277130127,0.4367058277130127,0.4367058277130127,0,0.0,0.0
1984-04-17 00:00:00-05:00,0.0,0.4782970182892816,0.4367058277130127,0.4367058277130127,3600,0.0,0.0
1984-04-18 00:00:00-05:00,0.4367058277130127,0.4367058277130127,0.4367058277130127,0.4367058277130127,0,0.0,0.0
1984-04-19 00:00:00-05:00,0.4367058277130127,0.4367058277130127,0.4367058277130127,0.4367058277130127,0,0.0,0.0
1984-04-23 00:00:00-05:00,0.4367058277130127,0.4367058277130127,0.4367058277130127,0.4367058277130127,0,0.0,0.0
1984-04-24 00:00:00-05:00,0.0,0.4782970182892816,0.4367058277130127,0.4367058277130127,25200,0.0,0.0
1984-04-25 00:00:00-05:00,0.0,0.4782970182892816,0.4367058277130127,0.4367058277130127,7200,0.0,0.0
1984-04-26 00:00:00-05:00,0.0,0.4782970182892816,0.4367058277130127,0.4367058277130127,1800,0.0,0.0
1984-04-27 00:00:00-05:00,0.0,0.4782970182892816,0.4367058277130127,0.4367058277130127,1800,0.0,0.0
1984-04-30 00:00:00-04:00,0.4367058277130127,0.4367058277130127,0.4367058277130127,0.4367058277130127,0,0.0,0.0
1984-05-01 00:00:00-04:00,0.0,0.4782970182892816,0.4367058277130127,0.4367058277130127,34200,0.0,0.0
1984-05-02 00:00:00-04:00,0.0,0.4782970182892816,0.4367058277130127,0.4367058277130127,27000,0.0,0.0
1984-05-03 00:00:00-04:00,0.0,0.4782970182892816,0.4367058277130127,0.4367058277130127,1800,0.0,0.0
1984-05-04 00:00:00-04:00,0.0,0.4782970182892816,0.4367058277130127,0.4367058277130127,5400,0.0,0.0
1984-05-07 00:00:00-04:00,0.0,0.4782970182892816,0.4367058277130127,0.4367058277130127,18000,0.0,0.0
1984-05-08 00:00:00-04:00,0.0,0.4782970182892816,0.4367058277130127,0.4367058277130127,3600,0.0,0.0
1984-05-09 00:00:00-04:00,0.0,0.4782970182892816,0.4367058277130127,0.4367058277130127,5400,0.0,0.0
1984-05-10 00:00:00-04:00,0.4367058277130127,0.4367058277130127,0.4367058277130127,0.4367058277130127,0,0.0,0.0
1984-05-11 00:00:00-04:00,0.4367058277130127,0.4367058277130127,0.4367058277130127,0.4367058277130127,0,0.0,0.0
1984-05-14 00:00:00-04:00,0.4367058277130127,0.4367058277130127,0.4367058277130127,0.4367058277130127,0,0.0,0.0
1984-05-15 00:00:00-04:00,0.0,0.4782970182892816,0.4367058277130127,0.4367058277130127,10800,0.0,0.0
1984-05-16 00:00:00-04:00,0.0,0.4782970182892816,0.4367058277130127,0.4367058277130127,1800,0.0,0.0
1984-05-17 00:00:00-04:00,0.4367058277130127,0.4367058277130127,0.4367058277130127,0.4367058277130127,0,0.0,0.0
1984-05-18 00:00:00-04:00,0.0,0.4782970182892816,0.4367058277130127,0.4367058277130127,3600,0.0,0.0
1984-05-21 00:00:00-04:00,0.0,0.4782970182892816,0.4367058277130127,0.4367058277130127,1800,0.0,0.0
1984-05-22 00:00:00-04:00,0.4367058277130127,0.4367058277130127,0.4367058277130127,0.4367058277130127,0,0.0,0.0
1984-05-23 00:00:00-04:00,0.4367058277130127,0.4367058277130127,0.4367058277130127,0.4367058277130127,0,0.0,0.0
1984-05-24 00:00:00-04:00,0.0,0.4782970182892816,0.4367058277130127,0.4367058277130127,3600,0.0,0.0
1984-05-25 00:00:00-04:00,0.0,0.4782970182892816,0.4367058277130127,0.4367058277130127,1800,0.0,0.0
1984-05-29 00:00:00-04:00,0.4367058277130127,0.4367058277130127,0.4367058277130127,0.4367058277130127,0,0.0,0.0
1984-05-30 00:00:00-04:00,0.0,0.4782970182892816,0.4367058277130127,0.4367058277130127,5400,0.0,0.0
1984-05-31 00:00:00-04:00,0.0,0.4782970182892816,0.4367058277130127,0.4367058277130127,9000,0.0,0.0
1984-06-01 00:00:00-04:00,0.4367058277130127,0.4367058277130127,0.4367058277130127,0.4367058277130127,0,0.0,0.0
1984-06-04 00:00:00-04:00,0.4367058277130127,0.4367058277130127,0.4367058277130127,0.4367058277130127,0,0.0,0.0
1984-06-05 00:00:00-04:00,0.4367058277130127,0.4367058277130127,0.4367058277130127,0.4367058277130127,0,0.0,0.0
1984-06-06 00:00:00-04:00,0.4367058277130127,0.4367058277130127,0.4367058277130127,0.4367058277130127,0,0.0,0.0
1984-06-07 00:00:00-04:00,0.0,0.46789916486728733,0.4367058277130127,0.4367058277130127,0,0.0,0.0
1984-06-08 00:00:00-04:00,0.4367058277130127,0.4367058277130127,0.4367058277130127,0.4367058277130127,0,0.0,0.0
1984-06-11 00:00:00-04:00,0.4367058277130127,0.4367058277130127,0.4367058277130127,0.4367058277130127,0,0.0,0.0
1984-06-12 00:00:00-04:00,0.4367058277130127,0.4367058277130127,0.4367058277130127,0.4367058277130127,0,0.0,0.0
1984-06-13 00:00:00-04:00,0.0,0.46789916486728733,0.4367058277130127,0.4367058277130127,1800,0.0,0.0
1984-06-14 00:00:00-04:00,0.0,0.46789916486728733,0.4367058277130127,0.4367058277130127,23400,0.0,0.0
1984-06-15 00:00:00-04:00,0.0,0.46789916486728733,0.4367058277130127,0.4367058277130127,25200,0.0,0.0
1984-06-18 00:00:00-04:00,0.4367058277130127,0.4367058277130127,0.4367058277130127,0.4367058277130127,0,0.0,0.0
1984-06-19 00:00:00-04:00,0.4367058277130127,0.4367058277130127,0.4367058277130127,0.4367058277130127,0,0.0,0.0
1984-06-20 00:00:00-04:00,0.0,0.46789916486728733,0.4367058277130127,0.4367058277130127,5400,0.0,0.0
1984-06-21 00:00:00-04:00,0.0,0.46789916486728733,0.4367058277130127,0.4367058277130127,5400,0.0,0.0
1984-06-22 00:00:00-04:00,0.0,0.46789916486728733,0.4367058277130127,0.4367058277130127,7200,0.0,0.0
1984-06-25 00:00:00-04:00,0.0,0.46789916486728733,0.4367058277130127,0.4367058277130127,36000,0.0,0.0
1984-06-26 00:00:00-04:00,0.0,0.46789916486728733,0.4367058277130127,0.4367058277130127,36000,0.0,0.0
1984-06-27 00:00:00-04:00,0.0,0.46789916486728733,0.4367058277130127,0.4367058277130127,18000,0.0,0.0
1984-06-28 00:00:00-04:00,0.0,0.46789916486728733,0.4367058277130127,0.4367058277130127,7200,0.0,0.0
1984-06-29 00:00:00-04:00,0.4367058277130127,0.4367058277130127,0.4367058277130127,0.4367058277130127,0,0.0,0.0
1984-07-02 00:00:00-04:00,0.4367058277130127,0.4367058277130127,0.4367058277130127,0.4367058277130127,0,0.0,0.0
1984-07-03 00:00:00-04:00,0.0,0.46789916486728733,0.4367058277130127,0.4367058277130127,1800,0.0,0.0
1984-07-05 00:00:00-04:00,0.0,0.46789916486728733,0.4367058277130127,0.4367058277130127,3600,0.0,0.0
1984-07-06 00:00:00-04:00,0.0,0.46789916486728733,0.4367058277130127,0.4367058277130127,7200,0.0,0.0
1984-07-09 00:00:00-04:00,0.0,0.46789916486728733,0.4367058277130127,0.4367058277130127,1800,0.0,0.0
1984-07-10 00:00:00-04:00,0.0,0.46789916486728733,0.4367058277130127,0.4367058277130127,9000,0.0,0.0
1984-07-11 00:00:00-04:00,0.0,0.46789916486728733,0.4367058277130127,0.4367058277130127,14400,0.0,0.0
1984-07-12 00:00:00-04:00,0.0,0.46789916486728733,0.4367058277130127,0.4367058277130127,0,0.0,0.0
1984-07-13 00:00:00-04:00,0.0,0.46789916486728733,0.4367058277130127,0.4367058277130127,9000,0.0,0.0
1984-07-16 00:00:00-04:00,0.0,0.46789916486728733,0.4367058277130127,0.4367058277130127,18000,0.0,0.0
1984-07-17 00:00:00-04:00,0.0,0.46789916486728733,0.4367058277130127,0.4367058277130127,7200,0.0,0.0
1984-07-18 00:00:00-04:00,0.4367058277130127,0.4367058277130127,0.4367058277130127,0.4367058277130127,0,0.0,0.0
1984-07-19 00:00:00-04:00,0.0,0.46789916486728733,0.4367058277130127,0.4367058277130127,1800,0.0,0.0
1984-07-20 00:00:00-04:00,0.0,0.46789916486728733,0.4367058277130127,0.4367058277130127,9000,0.0,0.0
1984-07-23 00:00:00-04:00,0.0,0.4782968800967233,0.44190460443496704,0.44190460443496704,18000,0.0,0.0
1984-07-24 00:00:00-04:00,0.0,0.4782968800967233,0.44190460443496704,0.44190460443496704,84600,0.0,0.0
1984-07-25 00:00:00-04:00,0.0,0.4678990296789417,0.44190460443496704,0.44190460443496704,3600,0.0,0.0
1984-07-26 00:00:00-04:00,0.0,0.4678990296789417,0.44190460443496704,0.44190460443496704,18000,0.0,0.0
1984-07-27 00:00:00-04:00,0.0,0.4678990296789417,0.44190460443496704,0.44190460443496704,18000,0.0,0.0
1984-07-30 00:00:00-04:00,0.0,0.4678990296789417,0.44190460443496704,0.44190460443496704,3600,0.0,0.0
1984-07-31 00:00:00-04:00,0.0,0.4678990296789417,0.44190460443496704,0.44190460443496704,90000,0.0,0.0
1984-08-01 00:00:00-04:00,0.0,0.4678990296789417,0.44190460443496704,0.44190460443496704,41400,0.0,0.0
1984-08-02 00:00:00-04:00,0.0,0.48869432071659274,0.44710338115692144,0.4471033811569214,142200,0.0,0.0
1984-08-03 00:00:00-04:00,0.44710338115692144,0.44710338115692144,0.44710338115692144,0.4471033811569214,0,0.0,0.0
1984-08-06 00:00:00-04:00,0.0,0.4990921671622898,0.44710338115692144,0.4471033811569214,14400,0.0,0.0
1984-08-07 00:00:00-04:00,0.44710338115692144,0.44710338115692144,0.44710338115692144,0.4471033811569214,0,0.0,0.0
1984-08-08 00:00:00-04:00,0.0,0.5094898952697073,0.46010053157806396,0.46010053157806396,7200,0.0,0.0
1984-08-09 00:00:00-04:00,0.0,0.5094902659837185,0.48089635372161865,0.48089635372161865,36000,0.0,0.0
1984-08-10 00:00:00-04:00,0.0,0.519888076600309,0.48089635372161865,0.48089635372161865,5400,0.0,0.0
1984-08-13 00:00:00-04:00,0.0,0.519888076600309,0.48089635372161865,0.48089635372161865,1800,0.0,0.0
1984-08-14 00:00:00-04:00,0.0,0.5510810275645235,0.506890594959259,0.506890594959259,18000,0.0,0.0
1984-08-15 00:00:00-04:00,0.0,0.571876718137272,0.5302855372428894,0.5302855372428894,12600,0.0,0.0
1984-08-16 00:00:00-04:00,0.0,0.571876718137272,0.5302855372428894,0.5302855372428894,18000,0.0,0.0
1984-08-17 00:00:00-04:00,0.0,0.5926718602890563,0.5432825088500977,0.5432825088500977,5400,0.0,0.0
1984-08-20 00:00:00-04:00,0.0,0.5926718708597145,0.5406830906867981,0.5406830906867981,3600,0.0,0.0
1984-08-21 00:00:00-04:00,0.0,0.5926723837945208,0.5458824634552002,0.5458824634552002,10800,0.0,0.0
1984-08-22 00:00:00-04:00,0.0,0.5926723837945208,0.5458824634552002,0.5458824634552002,5400,0.0,0.0
1984-08-23 00:00:00-04:00,0.5458824634552002,0.5458824634552002,0.5458824634552002,0.5458824634552002,0,0.0,0.0
1984-08-24 00:00:00-04:00,0.0,0.5926723837945208,0.5458824634552002,0.5458824634552002,3600,0.0,0.0
1984-08-27 00:00:00-04:00,0.0,0.5978711101330337,0.5458824634552002,0.5458824634552002,14400,0.0,0.0
1984-08-28 00:00:00-04:00,0.5458824634552002,0.5458824634552002,0.5458824634552002,0.5458824634552002,0,0.0,0.0
1984-08-29 00:00:00-04:00,0.0,0.5978707121363936,0.5510808229446411,0.5510808229446411,5400,0.0,0.0
1984-08-30 00:00:00-04:00,0.0,0.5926719892586193,0.5510808229446411,0.5510808229446411,3600,0.0,0.0
1984-08-31 00:00:00-04:00,0.0,0.5926719892586193,0.5510808229446411,0.5510808229446411,5400,0.0,0.0
1984-09-04 00:00:00-04:00,0.0,0.5926719892586193,0.5510808229446411,0.5510808229446411,1800,0.0,0.0
1984-09-05 00:00:00-04:00,0.5510808229446411,0.5510808229446411,0.5510808229446411,0.5510808229446411,0,0.0,0.0
1984-09-06 00:00:00-04:00,0.0,0.5926719892586193,0.5510808229446411,0.5510808229446411,5400,0.0,0.0
1984-09-07 00:00:00-04:00,0.0,0.5926719892586193,0.5510808229446411,0.5510808229446411,9000,0.0,0.0
1984-09-10 00:00:00-04:00,0.0,0.5926719892586193,0.5510808229446411,0.5510808229446411,25200,0.0,0.0
1984-09-11 00:00:00-04:00,0.0,0.5926719892586193,0.5510808229446411,0.5510808229446411,7200,0.0,0.0
1984-09-12 00:00:00-04:00,0.0,0.5926719892586193,0.5510808229446411,0.5510808229446411,1800,0.0,0.0
1984-09-13 00:00:00-04:00,0.0,0.5926719892586193,0.5510808229446411,0.5510808229446411,1800,0.0,0.0
1984-09-14 00:00:00-04:00,0.5510808229446411,0.5510808229446411,0.5510808229446411,0.5510808229446411,0,0.0,0.0
1984-09-17 00:00:00-04:00,0.0,0.5926719892586193,0.5510808229446411,0.5510808229446411,18000,0.0,0.0
1984-09-18 00:00:00-04:00,0.0,0.5926719892586193,0.5510808229446411,0.5510808229446411,18000,0.0,0.0
1984-09-19 00:00:00-04:00,0.0,0.6134675884776204,0.5666776895523071,0.5666776895523071,25200,0.0,0.0
1984-09-20 00:00:00-04:00,0.0,0.6030695345013868,0.5614785552024841,0.5614785552024841,25200,0.0,0.0
1984-09-21 00:00:00-04:00,0.0,0.6030695345013868,0.5614785552024841,0.5614785552024841,18000,0.0,0.0
1984-09-24 00:00:00-04:00,0.0,0.6030695345013868,0.5614785552024841,0.5614785552024841,1800,0.0,0.0
1984-09-25 00:00:00-04:00,0.0,0.6030695345013868,0.5614785552024841,0.5614785552024841,3600,0.0,0.0
1984-09-26 00:00:00-04:00,0.0,0.6030695345013868,0.5614785552024841,0.5614785552024841,3600,0.0,0.0
1984-09-27 00:00:00-04:00,0.0,0.6030695345013868,0.5614785552024841,0.5614785552024841,1800,0.0,0.0
1984-09-28 00:00:00-04:00,0.0,0.6134675884776204,0.5666776895523071,0.5666776895523071,41400,0.0,0.0
1984-10-01 00:00:00-04:00,0.0,0.6134675884776204,0.5666776895523071,0.5666776895523071,1800,0.0,0.0
1984-10-02 00:00:00-04:00,0.0,0.6446608618961912,0.5926722288131714,0.5926722288131714,75600,0.0,0.0
1984-10-03 00:00:00-04:00,0.0,0.6342632334487213,0.5926722288131714,0.5926722288131714,0,0.0,0.0
1984-10-04 00:00:00-04:00,0.5926722288131714,0.5926722288131714,0.5926722288131714,0.5926722288131714,0,0.0,0.0
1984-10-05 00:00:00-04:00,0.0,0.6342630485304329,0.5874731540679932,0.5874731540679932,25200,0.0,0.0
1984-10-08 00:00:00-04:00,0.5874731540679932,0.5874731540679932,0.5874731540679932,0.5874731540679932,0,0.0,0.0
1984-10-09 00:00:00-04:00,0.0,0.6342630485304329,0.5874731540679932,0.5874731540679932,5400,0.0,0.0
1984-10-10 00:00:00-04:00,0.0,0.6342630485304329,0.5874731540679932,0.5874731540679932,5400,0.0,0.0
1984-10-11 00:00:00-04:00,0.0,0.6342632334487213,0.5926722288131714,0.5926722288131714,43200,0.0,0.0
1984-10-12 00:00:00-04:00,0.5926722288131714,0.5926722288131714,0.5926722288131714,0.5926722288131714,0,0.0,0.0
1984-10-15 00:00:00-04:00,0.0,0.6342630485304329,0.5874731540679932,0.5874731540679932,1800,0.0,0.0
1984-10-16 00:00:00-04:00,0.0,0.6342632334487213,0.5926722288131714,0.5926722288131714,19800,0.0,0.0
1984-10-17 00:00:00-04:00,0.5926722288131714,0.5926722288131714,0.5926722288131714,0.5926722288131714,0,0.0,0.0
1984-10-18 00:00:00-04:00,0.0,0.6342632334487213,0.5926722288131714,0.5926722288131714,1800,0.0,0.0
1984-10-19 00:00:00-04:00,0.5926722288131714,0.5926722288131714,0.5926722288131714,0.5926722288131714,0,0.0,0.0
1984-10-22 00:00:00-04:00,0.5926722288131714,0.5926722288131714,0.5926722288131714,0.5926722288131714,0,0.0,0.0
1984-10-23 00:00:00-04:00,0.0,0.6342630485304329,0.5874731540679932,0.5874731540679932,1800,0.0,0.0
1984-10-24 00:00:00-04:00,0.5874731540679932,0.5874731540679932,0.5874731540679932,0.5874731540679932,0,0.0,0.0
1984-10-25 00:00:00-04:00,0.5874731540679932,0.5874731540679932,0.5874731540679932,0.5874731540679932,0,0.0,0.0
1984-10-26 00:00:00-04:00,0.0,0.6342630485304329,0.5874731540679932,0.5874731540679932,3600,0.0,0.0
1984-10-29 00:00:00-05:00,0.0,0.6342632334487213,0.5926722288131714,0.5926722288131714,3600,0.0,0.0
1984-10-30 00:00:00-05:00,0.5926722288131714,0.5926722288131714,0.5926722288131714,0.5926722288131714,0,0.0,0.0
1984-10-31 00:00:00-05:00,0.0,0.6342632334487213,0.5926722288131714,0.5926722288131714,14400,0.0,0.0
1984-11-01 00:00:00-05:00,0.5926722288131714,0.5926722288131714,0.5926722288131714,0.5926722288131714,0,0.0,0.0
1984-11-02 00:00:00-05:00,0.0,0.6342632334487213,0.5926722288131714,0.5926722288131714,1800,0.0,0.0
1984-11-05 00:00:00-05:00,0.5926722288131714,0.5926722288131714,0.5926722288131714,0.5926722288131714,0,0.0,0.0
1984-11-06 00:00:00-05:00,0.5926722288131714,0.5926722288131714,0.5926722288131714,0.5926722288131714,0,0.0,0.0
1984-11-07 00:00:00-05:00,0.5926722288131714,0.5926722288131714,0.5926722288131714,0.5926722288131714,0,0.0,0.0
1984-11-08 00:00:00-05:00,0.5926722288131714,0.5926722288131714,0.5926722288131714,0.5926722288131714,0,0.0,0.0
1984-11-09 00:00:00-05:00,0.0,0.6394621369171235,0.5926722288131714,0.5926722288131714,3600,0.0,0.0
1984-11-12 00:00:00-05:00,0.5926722288131714,0.5926722288131714,0.5926722288131714,0.5926722288131714,0,0.0,0.0
1984-11-13 00:00:00-05:00,0.0,0.6394621369171235,0.5926722288131714,0.5926722288131714,1800,0.0,0.0
1984-11-14 00:00:00-05:00,0.5926722288131714,0.5926722288131714,0.5926722288131714,0.5926722288131714,0,0.0,0.0
1984-11-15 00:00:00-05:00,0.5926722288131714,0.5926722288131714,0.5926722288131714,0.5926722288131714,0,0.0,0.0
1984-11-16 00:00:00-05:00,0.5926722288131714,0.5926722288131714,0.5926722288131714,0.5926722288131714,0,0.0,0.0
1984-11-19 00:00:00-05:00,0.0,0.6342632334487213,0.5926722288131714,0.5926722288131714,3600,0.0,0.0
1984-11-20 00:00:00-05:00,0.5926722288131714,0.5926722288131714,0.5926722288131714,0.5926722288131714,0,0.0,0.0
1984-11-21 00:00:00-05:00,0.0,0.6342632334487213,0.5926722288131714,0.5926722288131714,1800,0.0,0.0
1984-11-23 00:00:00-05:00,0.5926722288131714,0.5926722288131714,0.5926722288131714,0.5926722288131714,0,0.0,0.0
1984-11-26 00:00:00-05:00,0.5926722288131714,0.5926722288131714,0.5926722288131714,0.5926722288131714,0,0.0,0.0
1984-11-27 00:00:00-05:00,0.5926722288131714,0.5926722288131714,0.5926722288131714,0.5926722288131714,0,0.0,0.0
1984-11-28 00:00:00-05:00,0.5926722288131714,0.5926722288131714,0.5926722288131714,0.5926722288131714,0,0.0,0.0
1984-11-29 00:00:00-05:00,0.5926722288131714,0.5926722288131714,0.5926722288131714,0.5926722288131714,0,0.0,0.0
1984-11-30 00:00:00-05:00,0.5926722288131714,0.5926722288131714,0.5926722288131714,0.5926722288131714,0,0.0,0.0
1984-12-03 00:00:00-05:00,0.0,0.6238647433669894,0.5822737812995911,0.5822737812995911,7200,0.0,0.0
1984-12-04 00:00:00-05:00,0.0,0.6238647433669894,0.5822737812995911,0.5822737812995911,0,0.0,0.0
1984-12-05 00:00:00-05:00,0.0,0.6030697925072646,0.5718766450881958,0.5718766450881958,34200,0.0,0.0
1984-12-06 00:00:00-05:00,0.0,0.6030697925072646,0.5718766450881958,0.5718766450881958,36000,0.0,0.0
1984-12-07 00:00:00-05:00,0.5718766450881958,0.5718766450881958,0.5718766450881958,0.5718766450881958,0,0.0,0.0
1984-12-10 00:00:00-05:00,0.5718766450881958,0.5718766450881958,0.5718766450881958,0.5718766450881958,0,0.0,0.0
1984-12-11 00:00:00-05:00,0.0,0.6030695345013868,0.5614785552024841,0.5614785552024841,5400,0.0,0.0
1984-12-12 00:00:00-05:00,0.0,0.5718764034128546,0.5406830906867981,0.5406830906867981,3600,0.0,0.0
1984-12-13 00:00:00-05:00,0.0,0.571876718137272,0.5302855372428894,0.5302855372428894,5400,0.0,0.0
1984-12-14 00:00:00-05:00,0.0,0.571876718137272,0.5302855372428894,0.5302855372428894,1800,0.0,0.0
1984-12-17 00:00:00-05:00,0.5302855372428894,0.5302855372428894,0.5302855372428894,0.5302855372428894,0,0.0,0.0
1984-12-18 00:00:00-05:00,0.0,0.5822740255805179,0.5406830906867981,0.5406830906867981,39600,0.0,0.0
1984-12-19 00:00:00-05:00,0.0,0.5822740255805179,0.5406830906867981,0.5406830906867981,336600,0.0,0.0
1984-12-20 00:00:00-05:00,0.0,0.5822740255805179,0.5406830906867981,0.5406830906867981,9000,0.0,0.0
1984-12-21 00:00:00-05:00,0.0,0.5822740255805179,0.5406830906867981,0.5406830906867981,1800,0.0,0.0
1984-12-24 00:00:00-05:00,0.5406830906867981,0.5406830906867981,0.5406830906867981,0.5406830906867981,0,0.0,0.0
1984-12-26 00:00:00-05:00,0.0,0.5822740255805179,0.5406830906867981,0.5406830906867981,3600,0.0,0.0
1984-12-27 00:00:00-05:00,0.0,0.571876718137272,0.5302855372428894,0.5302855372428894,9000,0.0,0.0
1984-12-28 00:00:00-05:00,0.0,0.571876718137272,0.5302855372428894,0.5302855372428894,5400,0.0,0.0
1984-12-31 00:00:00-05:00,0.0,0.571876718137272,0.5302855372428894,0.5302855372428894,0,0.0,0.0
1985-01-02 00:00:00-05:00,0.0,0.571876718137272,0.5302855372428894,0.5302855372428894,5400,0.0,0.0
1985-01-03 00:00:00-05:00,0.0,0.571876718137272,0.5302855372428894,0.5302855372428894,5400,0.0,0.0
1985-01-04 00:00:00-05:00,0.0,0.571876718137272,0.5302855372428894,0.5302855372428894,0,0.0,0.0
1985-01-07 00:00:00-05:00,0.0,0.571876718137272,0.5302855372428894,0.5302855372428894,36000,0.0,0.0
1985-01-08 00:00:00-05:00,0.0,0.571876718137272,0.5302855372428894,0.5302855372428894,3600,0.0,0.0
1985-01-09 00:00:00-05:00,0.5302855372428894,0.5302855372428894,0.5302855372428894,0.5302855372428894,0,0.0,0.0
1985-01-10 00:00:00-05:00,0.0,0.571876718137272,0.5302855372428894,0.5302855372428894,72000,0.0,0.0
1985-01-11 00:00:00-05:00,0.0,0.571876718137272,0.5302855372428894,0.5302855372428894,1800,0.0,0.0
1985-01-14 00:00:00-05:00,0.0,0.571876718137272,0.5302855372428894,0.5302855372428894,1800,0.0,0.0
1985-01-15 00:00:00-05:00,0.0,0.571876718137272,0.5302855372428894,0.5302855372428894,14400,0.0,0.0
1985-01-16 00:00:00-05:00,0.0,0.571876718137272,0.5302855372428894,0.5302855372428894,7200,0.0,0.0
1985-01-17 00:00:00-05:00,0.0,0.571876718137272,0.5302855372428894,0.5302855372428894,16200,0.0,0.0
1985-01-18 00:00:00-05:00,0.5302855372428894,0.5302855372428894,0.5302855372428894,0.5302855372428894,0,0.0,0.0
1985-01-21 00:00:00-05:00,0.5302855372428894,0.5302855372428894,0.5302855372428894,0.5302855372428894,0,0.0,0.0
1985-01-22 00:00:00-05:00,0.0,0.5822743460271255,0.5302855372428894,0.5302855372428894,5400,0.0,0.0
1985-01-23 00:00:00-05:00,0.0,0.603069658125746,0.5510808229446411,0.5510808229446411,36000,0.0,0.0
1985-01-24 00:00:00-05:00,0.0,0.603069658125746,0.5510808229446411,0.5510808229446411,9000,0.0,0.0
1985-01-25 00:00:00-05:00,0.0,0.6030695345013868,0.5614785552024841,0.5614785552024841,1800,0.0,0.0
1985-01-28 00:00:00-05:00,0.0,0.6030695345013868,0.5614785552024841,0.5614785552024841,3600,0.0,0.0
1985-01-29 00:00:00-05:00,0.0,0.6030695345013868,0.5614785552024841,0.5614785552024841,9000,0.0,0.0
1985-01-30 00:00:00-05:00,0.0,0.6134675975582718,0.5718766450881958,0.5718766450881958,12600,0.0,0.0
1985-01-31 00:00:00-05:00,0.5718766450881958,0.5718766450881958,0.5718766450881958,0.5718766450881958,0,0.0,0.0
1985-02-01 00:00:00-05:00,0.5718766450881958,0.5718766450881958,0.5718766450881958,0.5718766450881958,0,0.0,0.0
1985-02-04 00:00:00-05:00,0.0,0.6134675975582718,0.5718766450881958,0.5718766450881958,1800,0.0,0.0
1985-02-05 00:00:00-05:00,0.5718766450881958,0.5718766450881958,0.5718766450881958,0.5718766450881958,0,0.0,0.0
1985-02-06 00:00:00-05:00,0.5718766450881958,0.5718766450881958,0.5718766450881958,0.5718766450881958,0,0.0,0.0
1985-02-07 00:00:00-05:00,0.0,0.6134675975582718,0.5718766450881958,0.5718766450881958,3600,0.0,0.0
1985-02-08 00:00:00-05:00,0.6161593794822693,0.6161593794822693,0.6161593794822693,0.6161593794822693,0,0.2196,0.0
1985-02-11 00:00:00-05:00,0.0,0.660970888548331,0.6161593794822693,0.6161593794822693,36000,0.0,0.0
1985-02-12 00:00:00-05:00,0.0,0.660970888548331,0.6161593794822693,0.6161593794822693,10800,0.0,0.0
1985-02-13 00:00:00-05:00,0.6161593794822693,0.6161593794822693,0.6161593794822693,0.6161593794822693,0,0.0,0.0
1985-02-14 00:00:00-05:00,0.0,0.677774712787279,0.6273617148399353,0.6273617148399353,14400,0.0,0.0
1985-02-15 00:00:00-05:00,0.6273617148399353,0.6273617148399353,0.6273617148399353,0.6273617148399353,0,0.0,0.0
1985-02-19 00:00:00-05:00,0.0,0.7393912971664948,0.694579541683197,0.694579541683197,57600,0.0,0.0
1985-02-20 00:00:00-05:00,0.0,0.7505940319703696,0.7057824730873108,0.7057824730873108,7200,0.0,0.0
1985-02-21 00:00:00-05:00,0.0,0.7393912971664948,0.694579541683197,0.694579541683197,7200,0.0,0.0
1985-02-22 00:00:00-05:00,0.0,0.7281882981986452,0.694579541683197,0.694579541683197,1800,0.0,0.0
1985-02-25 00:00:00-05:00,0.0,0.7281882487379934,0.6721737384796143,0.6721737384796143,3600,0.0,0.0
1985-02-26 00:00:00-05:00,0.0,0.728188430793158,0.6777753829956055,0.6777753829956055,34200,0.0,0.0
1985-02-27 00:00:00-05:00,0.0,0.7169856701735187,0.6777753829956055,0.6777753829956055,12600,0.0,0.0
1985-02-28 00:00:00-05:00,0.0,0.7169856701735187,0.6777753829956055,0.6777753829956055,55800,0.0,0.0
1985-03-01 00:00:00-05:00,0.0,0.7393911101761924,0.6833766102790833,0.6833766102790833,9000,0.0,0.0
1985-03-04 00:00:00-05:00,0.0,0.7393911101761924,0.6833766102790833,0.6833766102790833,9000,0.0,0.0
1985-03-05 00:00:00-05:00,0.0,0.7505940319703696,0.7057824730873108,0.7057824730873108,10800,0.0,0.0
1985-03-06 00:00:00-05:00,0.0,0.7505940319703696,0.7057824730873108,0.7057824730873108,9000,0.0,0.0
1985-03-07 00:00:00-05:00,0.0,0.7393911101761924,0.6833766102790833,0.6833766102790833,36000,0.0,0.0
1985-03-08 00:00:00-05:00,0.0,0.7505941038238638,0.694579541683197,0.694579541683197,54000,0.0,0.0
1985-03-11 00:00:00-05:00,0.0,0.7617969817881536,0.7057824730873108,0.7057824730873108,1800,0.0,0.0
1985-03-12 00:00:00-05:00,0.7057824730873108,0.7057824730873108,0.7057824730873108,0.7057824730873108,0,0.0,0.0
1985-03-13 00:00:00-05:00,0.0,0.7617969817881536,0.7057824730873108,0.7057824730873108,28800,0.0,0.0
1985-03-14 00:00:00-05:00,0.0,0.7617969817881536,0.7057824730873108,0.7057824730873108,23400,0.0,0.0
1985-03-15 00:00:00-05:00,0.7057824730873108,0.7057824730873108,0.7057824730873108,0.7057824730873108,0,0.0,0.0
1985-03-18 00:00:00-05:00,0.7057824730873108,0.7057824730873108,0.7057824730873108,0.7057824730873108,0,0.0,0.0
1985-03-19 00:00:00-05:00,0.7057824730873108,0.7057824730873108,0.7057824730873108,0.7057824730873108,0,0.0,0.0
1985-03-20 00:00:00-05:00,0.7057824730873108,0.7057824730873108,0.7057824730873108,0.7057824730873108,0,0.0,0.0
1985-03-21 00:00:00-05:00,0.0,0.7617969817881536,0.7057824730873108,0.7057824730873108,10800,0.0,0.0
1985-03-22 00:00:00-05:00,0.0,0.7617969817881536,0.7057824730873108,0.7057824730873108,1800,0.0,0.0
1985-03-25 00:00:00-05:00,0.7057824730873108,0.7057824730873108,0.7057824730873108,0.7057824730873108,0,0.0,0.0
1985-03-26 00:00:00-05:00,0.0,0.7673983060170159,0.716985285282135,0.716985285282135,25200,0.0,0.0
1985-03-27 00:00:00-05:00,0.0,0.7673983060170159,0.716985285282135,0.716985285282135,1800,0.0,0.0
1985-03-28 00:00:00-05:00,0.716985285282135,0.716985285282135,0.716985285282135,0.716985285282135,0,0.0,0.0
1985-03-29 00:00:00-05:00,0.716985285282135,0.716985285282135,0.716985285282135,0.716985285282135,0,0.0,0.0
1985-04-01 00:00:00-05:00,0.716985285282135,0.716985285282135,0.716985285282135,0.716985285282135,0,0.0,0.0
1985-04-02 00:00:00-05:00,0.0,0.7673983060170159,0.716985285282135,0.716985285282135,1800,0.0,0.0
1985-04-03 00:00:00-05:00,0.0,0.7842025840344965,0.7337895631790161,0.7337895631790161,9000,0.0,0.0
1985-04-04 00:00:00-05:00,0.7337895631790161,0.7337895631790161,0.7337895631790161,0.7337895631790161,0,0.0,0.0
1985-04-08 00:00:00-05:00,0.7337895631790161,0.7337895631790161,0.7337895631790161,0.7337895631790161,0,0.0,0.0
1985-04-09 00:00:00-05:00,0.0,0.817810892274453,0.7786006927490234,0.7786006927490234,90000,0.0,0.0
1985-04-10 00:00:00-05:00,0.0,0.8178112719218857,0.7842025756835938,0.7842025756835938,156600,0.0,0.0
1985-04-11 00:00:00-05:00,0.0,0.8066083190508337,0.761796772480011,0.761796772480011,12600,0.0,0.0
1985-04-12 00:00:00-05:00,0.0,0.8066083190508337,0.761796772480011,0.761796772480011,19800,0.0,0.0
1985-04-15 00:00:00-05:00,0.761796772480011,0.761796772480011,0.761796772480011,0.761796772480011,0,0.0,0.0
1985-04-16 00:00:00-05:00,0.761796772480011,0.761796772480011,0.761796772480011,0.761796772480011,0,0.0,0.0
1985-04-17 00:00:00-05:00,0.761796772480011,0.761796772480011,0.761796772480011,0.761796772480011,0,0.0,0.0
1985-04-18 00:00:00-05:00,0.761796772480011,0.761796772480011,0.761796772480011,0.761796772480011,0,0.0,0.0
1985-04-19 00:00:00-05:00,0.761796772480011,0.761796772480011,0.761796772480011,0.761796772480011,0,0.0,0.0
1985-04-22 00:00:00-05:00,0.0,0.8066083190508337,0.761796772480011,0.761796772480011,9000,0.0,0.0
1985-04-23 00:00:00-05:00,0.0,0.8178112760400852,0.7729995846748352,0.7729995846748352,32400,0.0,0.0
1985-04-24 00:00:00-05:00,0.0,0.8178112760400852,0.7729995846748352,0.7729995846748352,1800,0.0,0.0
1985-04-25 00:00:00-05:00,0.7729995846748352,0.7729995846748352,0.7729995846748352,0.7729995846748352,0,0.0,0.0
1985-04-26 00:00:00-05:00,0.0,0.8178112760400852,0.7729995846748352,0.7729995846748352,12600,0.0,0.0
1985-04-29 00:00:00-04:00,0.0,0.8178112760400852,0.7729995846748352,0.7729995846748352,5400,0.0,0.0
1985-04-30 00:00:00-04:00,0.7729995846748352,0.7729995846748352,0.7729995846748352,0.7729995846748352,0,0.0,0.0
1985-05-01 00:00:00-04:00,0.0,0.8290141267649933,0.7729995846748352,0.7729995846748352,18000,0.0,0.0
1985-05-02 00:00:00-04:00,0.0,0.8178112760400852,0.7729995846748352,0.7729995846748352,12600,0.0,0.0
1985-05-03 00:00:00-04:00,0.0,0.8290141267649933,0.7729995846748352,0.7729995846748352,10800,0.0,0.0
1985-05-06 00:00:00-04:00,0.0,0.8290141267649933,0.7729995846748352,0.7729995846748352,1800,0.0,0.0
1985-05-07 00:00:00-04:00,0.0,0.8290141267649933,0.7729995846748352,0.7729995846748352,84600,0.0,0.0
1985-05-08 00:00:00-04:00,0.0,0.8290141267649933,0.7729995846748352,0.7729995846748352,9000,0.0,0.0
1985-05-09 00:00:00-04:00,0.0,0.8290141267649933,0.7729995846748352,0.7729995846748352,10800,0.0,0.0
1985-05-10 00:00:00-04:00,0.0,0.8290141267649933,0.7729995846748352,0.7729995846748352,3600,0.0,0.0
1985-05-13 00:00:00-04:00,0.8199737071990967,0.8199737071990967,0.8199737071990967,0.8199737071990967,0,0.2196,0.0
1985-05-14 00:00:00-04:00,0.8199737071990967,0.8199737071990967,0.8199737071990967,0.8199737071990967,0,0.0,0.0
1985-05-15 00:00:00-04:00,0.8199737071990967,0.8199737071990967,0.8199737071990967,0.8199737071990967,0,0.0,0.0
1985-05-16 00:00:00-04:00,0.8199737071990967,0.8199737071990967,0.8199737071990967,0.8199737071990967,0,0.0,0.0
1985-05-17 00:00:00-04:00,0.0,0.8793921760383103,0.8199737071990967,0.8199737071990967,0,0.0,0.0
1985-05-20 00:00:00-04:00,0.8199737071990967,0.8199737071990967,0.8199737071990967,0.8199737071990967,0,0.0,0.0
1985-05-21 00:00:00-04:00,0.8199737071990967,0.8199737071990967,0.8199737071990967,0.8199737071990967,0,0.0,0.0
1985-05-22 00:00:00-04:00,0.0,0.8793921760383103,0.8199737071990967,0.8199737071990967,7200,0.0,0.0
1985-05-23 00:00:00-04:00,0.0,0.8793921760383103,0.8199737071990967,0.8199737071990967,7200,0.0,0.0
1985-05-24 00:00:00-04:00,0.8199737071990967,0.8199737071990967,0.8199737071990967,0.8199737071990967,0,0.0,0.0
1985-05-28 00:00:00-04:00,0.0,0.8793921760383103,0.8199737071990967,0.8199737071990967,14400,0.0,0.0
1985-05-29 00:00:00-04:00,0.0,0.8793921760383103,0.8199737071990967,0.8199737071990967,1800,0.0,0.0
1985-05-30 00:00:00-04:00,0.0,0.8793921760383103,0.8199737071990967,0.8199737071990967,9000,0.0,0.0
1985-05-31 00:00:00-04:00,0.8199737071990967,0.8199737071990967,0.8199737071990967,0.8199737071990967,0,0.0,0.0
1985-06-03 00:00:00-04:00,0.0,0.8675085434695229,0.8199737071990967,0.8199737071990967,16200,0.0,0.0
1985-06-04 00:00:00-04:00,0.8199737071990967,0.8199737071990967,0.8199737071990967,0.8199737071990967,0,0.0,0.0
1985-06-05 00:00:00-04:00,0.0,0.8675085434695229,0.8199737071990967,0.8199737071990967,14400,0.0,0.0
1985-06-06 00:00:00-04:00,0.0,0.8675085434695229,0.8199737071990967,0.8199737071990967,5400,0.0,0.0
1985-06-07 00:00:00-04:00,0.8199737071990967,0.8199737071990967,0.8199737071990967,0.8199737071990967,0,0.0,0.0
1985-06-10 00:00:00-04:00,0.0,0.8675085434695229,0.8199737071990967,0.8199737071990967,3600,0.0,0.0
1985-06-11 00:00:00-04:00,0.0,0.8675085434695229,0.8199737071990967,0.8199737071990967,30600,0.0,0.0
1985-06-12 00:00:00-04:00,0.8199737071990967,0.8199737071990967,0.8199737071990967,0.8199737071990967,0,0.0,0.0
1985-06-13 00:00:00-04:00,0.0,0.8675085434695229,0.8199737071990967,0.8199737071990967,1800,0.0,0.0
1985-06-14 00:00:00-04:00,0.0,0.8675085434695229,0.8199737071990967,0.8199737071990967,1800,0.0,0.0
1985-06-17 00:00:00-04:00,0.0,0.8675085434695229,0.8199737071990967,0.8199737071990967,10800,0.0,0.0
1985-06-18 00:00:00-04:00,0.0,0.8675085434695229,0.8199737071990967,0.8199737071990967,3600,0.0,0.0
1985-06-19 00:00:00-04:00,0.0,0.8675085434695229,0.8199737071990967,0.8199737071990967,10800,0.0,0.0
1985-06-20 00:00:00-04:00,0.0,0.8675085434695229,0.8199737071990967,0.8199737071990967,3600,0.0,0.0
1985-06-21 00:00:00-04:00,0.0,0.8675085434695229,0.8199737071990967,0.8199737071990967,1800,0.0,0.0
1985-06-24 00:00:00-04:00,0.0,0.8675085434695229,0.8199737071990967,0.8199737071990967,5400,0.0,0.0
1985-06-25 00:00:00-04:00,0.0,0.8675085434695229,0.8199737071990967,0.8199737071990967,10800,0.0,0.0
1985-06-26 00:00:00-04:00,0.8199737071990967,0.8199737071990967,0.8199737071990967,0.8199737071990967,0,0.0,0.0
1985-06-27 00:00:00-04:00,0.0,0.85562480890231,0.8199737071990967,0.8199737071990967,12600,0.0,0.0
1985-06-28 00:00:00-04:00,0.0,0.8675085434695229,0.8199737071990967,0.8199737071990967,3600,0.0,0.0
1985-07-01 00:00:00-04:00,0.0,0.8675085434695229,0.8199737071990967,0.8199737071990967,3600,0.0,0.0
1985-07-02 00:00:00-04:00,0.0,0.85562480890231,0.8199737071990967,0.8199737071990967,5400,0.0,0.0
1985-07-03 00:00:00-04:00,0.0,0.8675085434695229,0.8199737071990967,0.8199737071990967,10800,0.0,0.0
1985-07-05 00:00:00-04:00,0.0,0.8675085434695229,0.8199737071990967,0.8199737071990967,18000,0.0,0.0
1985-07-08 00:00:00-04:00,0.8199737071990967,0.8199737071990967,0.8199737071990967,0.8199737071990967,0,0.0,0.0
1985-07-09 00:00:00-04:00,0.0,0.8675085434695229,0.8199737071990967,0.8199737071990967,18000,0.0,0.0
1985-07-10 00:00:00-04:00,0.8199737071990967,0.8199737071990967,0.8199737071990967,0.8199737071990967,0,0.0,0.0
1985-07-11 00:00:00-04:00,0.0,0.8675085434695229,0.8199737071990967,0.8199737071990967,9000,0.0,0.0
1985-07-12 00:00:00-04:00,0.8199737071990967,0.8199737071990967,0.8199737071990967,0.8199737071990967,0,0.0,0.0
1985-07-15 00:00:00-04:00,0.0,0.897217231958966,0.8496825695037842,0.8496825695037842,48600,0.0,0.0
1985-07-16 00:00:00-04:00,0.0,0.9269271473769028,0.8734505772590637,0.8734505772590637,1800,0.0,0.0
1985-07-17 00:00:00-04:00,0.0,0.9091009712153284,0.8675081729888916,0.8675081729888916,5400,0.0,0.0
1985-07-18 00:00:00-04:00,0.8675081729888916,0.8675081729888916,0.8675081729888916,0.8675081729888916,0,0.0,0.0
1985-07-19 00:00:00-04:00,0.8675081729888916,0.8675081729888916,0.8675081729888916,0.8675081729888916,0,0.0,0.0
1985-07-22 00:00:00-04:00,0.8675081729888916,0.8675081729888916,0.8675081729888916,0.8675081729888916,0,0.0,0.0
1985-07-23 00:00:00-04:00,0.0,0.9150434336559559,0.8793923258781433,0.8793923258781433,39600,0.0,0.0
1985-07-24 00:00:00-04:00,0.0,0.9150434336559559,0.8793923258781433,0.8793923258781433,14400,0.0,0.0
1985-07-25 00:00:00-04:00,0.0,0.9150434336559559,0.8793923258781433,0.8793923258781433,23400,0.0,0.0
1985-07-26 00:00:00-04:00,0.8793923258781433,0.8793923258781433,0.8793923258781433,0.8793923258781433,0,0.0,0.0
1985-07-29 00:00:00-04:00,0.0,0.9150428869605755,0.8675081729888916,0.8675081729888916,0,0.0,0.0
1985-07-30 00:00:00-04:00,0.0,0.9150428869605755,0.8675081729888916,0.8675081729888916,3600,0.0,0.0
1985-07-31 00:00:00-04:00,0.0,0.9150428869605755,0.8675081729888916,0.8675081729888916,5400,0.0,0.0
1985-08-01 00:00:00-04:00,0.8675081729888916,0.8675081729888916,0.8675081729888916,0.8675081729888916,0,0.0,0.0
1985-08-02 00:00:00-04:00,0.0,0.9209847007074403,0.8675081729888916,0.8675081729888916,0,0.0,0.0
1985-08-05 00:00:00-04:00,0.0,0.9091012179851532,0.8556246757507324,0.8556246757507324,9000,0.0,0.0
1985-08-06 00:00:00-04:00,0.0,0.9031590456411672,0.8496825695037842,0.8496825695037842,3600,0.0,0.0
1985-08-07 00:00:00-04:00,0.0,0.8853337488954356,0.8318572640419006,0.8318572640419006,14400,0.0,0.0
1985-08-08 00:00:00-04:00,0.0,0.8853337488954356,0.8318572640419006,0.8318572640419006,7200,0.0,0.0
1985-08-09 00:00:00-04:00,0.0,0.8853337488954356,0.8318572640419006,0.8318572640419006,5400,0.0,0.0
1985-08-12 00:00:00-04:00,0.0,0.9485564633102582,0.8912611603736877,0.8912611603736877,1800,0.2592,0.0
1985-08-13 00:00:00-04:00,0.0,0.9549230924731817,0.8976277112960815,0.8976277112960815,5400,0.0,0.0
1985-08-14 00:00:00-04:00,0.0,0.923092114331134,0.878528892993927,0.878528892993927,21600,0.0,0.0
1985-08-15 00:00:00-04:00,0.0,0.9039931746507668,0.8530640602111816,0.8530640602111816,68400,0.0,0.0
1985-08-16 00:00:00-04:00,0.0,0.9039931746507668,0.8530640602111816,0.8530640602111816,12600,0.0,0.0
1985-08-19 00:00:00-04:00,0.8530640602111816,0.8530640602111816,0.8530640602111816,0.8530640602111816,0,0.0,0.0
1985-08-20 00:00:00-04:00,0.8530640602111816,0.8530640602111816,0.8530640602111816,0.8530640602111816,0,0.0,0.0
1985-08-21 00:00:00-04:00,0.8530640602111816,0.8530640602111816,0.8530640602111816,0.8530640602111816,0,0.0,0.0
1985-08-22 00:00:00-04:00,0.0,0.9039931746507668,0.8530640602111816,0.8530640602111816,21600,0.0,0.0
1985-08-23 00:00:00-04:00,0.8530640602111816,0.8530640602111816,0.8530640602111816,0.8530640602111816,0,0.0,0.0
1985-08-26 00:00:00-04:00,0.0,0.9039931746507668,0.8530640602111816,0.8530640602111816,14400,0.0,0.0
1985-08-27 00:00:00-04:00,0.8530640602111816,0.8530640602111816,0.8530640602111816,0.8530640602111816,0,0.0,0.0
1985-08-28 00:00:00-04:00,0.8530640602111816,0.8530640602111816,0.8530640602111816,0.8530640602111816,0,0.0,0.0
1985-08-29 00:00:00-04:00,0.0,0.9039931746507668,0.8530640602111816,0.8530640602111816,36000,0.0,0.0
1985-08-30 00:00:00-04:00,0.8530640602111816,0.8530640602111816,0.8530640602111816,0.8530640602111816,0,0.0,0.0
1985-09-03 00:00:00-04:00,0.8530640602111816,0.8530640602111816,0.8530640602111816,0.8530640602111816,0,0.0,0.0
1985-09-04 00:00:00-04:00,0.0,0.9039931746507668,0.8530640602111816,0.8530640602111816,3600,0.0,0.0
1985-09-05 00:00:00-04:00,0.8530640602111816,0.8530640602111816,0.8530640602111816,0.8530640602111816,0,0.0,0.0
1985-09-06 00:00:00-04:00,0.0,0.9039931746507668,0.8530640602111816,0.8530640602111816,1800,0.0,0.0
1985-09-09 00:00:00-04:00,0.0,0.9039931746507668,0.8530640602111816,0.8530640602111816,1800,0.0,0.0
1985-09-10 00:00:00-04:00,0.8530640602111816,0.8530640602111816,0.8530640602111816,0.8530640602111816,0,0.0,0.0
1985-09-11 00:00:00-04:00,0.0,0.9039931395818411,0.8657963871955872,0.8657963871955872,3600,0.0,2.0
1985-09-12 00:00:00-04:00,0.0,0.9039931395818411,0.8657963871955872,0.8657963871955872,900,0.0,0.0
1985-09-13 00:00:00-04:00,0.0,0.9039931395818411,0.8657963871955872,0.8657963871955872,1800,0.0,0.0
1985-09-16 00:00:00-04:00,0.0,0.9039931395818411,0.8657963871955872,0.8657963871955872,900,0.0,0.0
1985-09-17 00:00:00-04:00,0.8657963871955872,0.8657963871955872,0.8657963871955872,0.8657963871955872,0,0.0,0.0
1985-09-18 00:00:00-04:00,0.8657963871955872,0.8657963871955872,0.8657963871955872,0.8657963871955872,0,0.0,0.0
1985-09-19 00:00:00-04:00,0.0,0.8912610326436283,0.8530640602111816,0.8530640602111816,22500,0.0,0.0
1985-09-20 00:00:00-04:00,0.8530640602111816,0.8530640602111816,0.8530640602111816,0.8530640602111816,0,0.0,0.0
1985-09-23 00:00:00-04:00,0.0,0.8912610326436283,0.8530640602111816,0.8530640602111816,3600,0.0,0.0
1985-09-24 00:00:00-04:00,0.0,0.8912610326436283,0.8530640602111816,0.8530640602111816,8100,0.0,0.0
1985-09-25 00:00:00-04:00,0.0,0.8912610326436283,0.8530640602111816,0.8530640602111816,900,0.0,0.0
1985-09-26 00:00:00-04:00,0.0,0.8912610326436283,0.8530640602111816,0.8530640602111816,2700,0.0,0.0
1985-09-30 00:00:00-04:00,0.8530640602111816,0.8530640602111816,0.8530640602111816,0.8530640602111816,0,0.0,0.0
1985-10-01 00:00:00-04:00,0.0,0.8912610326436283,0.8530640602111816,0.8530640602111816,9900,0.0,0.0
1985-10-02 00:00:00-04:00,0.0,0.8912610326436283,0.8530640602111816,0.8530640602111816,32400,0.0,0.0
1985-10-03 00:00:00-04:00,0.0,0.8912610326436283,0.8530640602111816,0.8530640602111816,900,0.0,0.0
1985-10-04 00:00:00-04:00,0.0,0.8912610326436283,0.8530640602111816,0.8530640602111816,3600,0.0,0.0
1985-10-07 00:00:00-04:00,0.0,0.8912610326436283,0.8530640602111816,0.8530640602111816,23400,0.0,0.0
1985-10-08 00:00:00-04:00,0.0,0.8912610326436283,0.8530640602111816,0.8530640602111816,1800,0.0,0.0
1985-10-09 00:00:00-04:00,0.8530640602111816,0.8530640602111816,0.8530640602111816,0.8530640602111816,0,0.0,0.0
1985-10-10 00:00:00-04:00,0.8530640602111816,0.8530640602111816,0.8530640602111816,0.8530640602111816,0,0.0,0.0
1985-10-11 00:00:00-04:00,0.0,0.8785286174309742,0.8530640602111816,0.8530640602111816,26100,0.0,0.0
1985-10-14 00:00:00-04:00,0.0,0.8785286174309742,0.8530640602111816,0.8530640602111816,2700,0.0,0.0
1985-10-15 00:00:00-04:00,0.0,0.8785286174309742,0.8530640602111816,0.8530640602111816,10800,0.0,0.0
1985-10-16 00:00:00-04:00,0.8530640602111816,0.8530640602111816,0.8530640602111816,0.8530640602111816,0,0.0,0.0
1985-10-17 00:00:00-04:00,0.0,0.8785286174309742,0.8530640602111816,0.8530640602111816,27000,0.0,0.0
1985-10-18 00:00:00-04:00,0.8530640602111816,0.8530640602111816,0.8530640602111816,0.8530640602111816,0,0.0,0.0
1985-10-21 00:00:00-04:00,0.8530640602111816,0.8530640602111816,0.8530640602111816,0.8530640602111816,0,0.0,0.0
1985-10-22 00:00:00-04:00,0.0,0.8785286174309742,0.8530640602111816,0.8530640602111816,3600,0.0,0.0
1985-10-23 00:00:00-04:00,0.0,0.8785286174309742,0.8530640602111816,0.8530640602111816,2700,0.0,0.0
1985-10-24 00:00:00-04:00,0.0,0.8785286174309742,0.8530640602111816,0.8530640602111816,8100,0.0,0.0
1985-10-25 00:00:00-04:00,0.0,0.8785286174309742,0.8530640602111816,0.8530640602111816,900,0.0,0.0
1985-10-28 00:00:00-05:00,0.0,0.8785286174309742,0.8530640602111816,0.8530640602111816,1800,0.0,0.0
1985-10-29 00:00:00-05:00,0.0,0.8785286174309742,0.8530640602111816,0.8530640602111816,900,0.0,0.0
1985-10-30 00:00:00-05:00,0.0,0.8785286174309742,0.8530640602111816,0.8530640602111816,1800,0.0,0.0
1985-10-31 00:00:00-05:00,0.8530640602111816,0.8530640602111816,0.8530640602111816,0.8530640602111816,0,0.0,0.0
1985-11-01 00:00:00-05:00,0.0,0.8912609980686252,0.8657963871955872,0.8657963871955872,9900,0.0,0.0
1985-11-04 00:00:00-05:00,0.0,0.8912613122002836,0.878528892993927,0.878528892993927,900,0.0,0.0
1985-11-05 00:00:00-05:00,0.878528892993927,0.878528892993927,0.878528892993927,0.878528892993927,0,0.0,0.0
1985-11-06 00:00:00-05:00,0.0,0.8912613122002836,0.878528892993927,0.878528892993927,37800,0.0,0.0
1985-11-07 00:00:00-05:00,0.0,1.0822456233426392,1.0122181177139282,1.0122181177139282,74700,0.0,0.0
1985-11-08 00:00:00-05:00,0.0,1.1149625050567935,1.0100250244140625,1.0100250244140625,9000,0.1296,0.0
1985-11-11 00:00:00-05:00,0.0,1.154314061667847,1.049376368522644,1.049376368522644,12600,0.0,0.0
1985-11-12 00:00:00-05:00,0.0,1.154314061667847,1.049376368522644,1.049376368522644,91800,0.0,0.0
1985-11-13 00:00:00-05:00,0.0,1.154314061667847,1.049376368522644,1.049376368522644,1800,0.0,0.0
1985-11-14 00:00:00-05:00,1.049376368522644,1.049376368522644,1.049376368522644,1.049376368522644,0,0.0,0.0
1985-11-15 00:00:00-05:00,0.0,1.154314061667847,1.049376368522644,1.049376368522644,3600,0.0,0.0
1985-11-18 00:00:00-05:00,0.0,1.1149626683306142,1.0231422185897827,1.0231422185897827,2700,0.0,0.0
1985-11-19 00:00:00-05:00,0.0,1.075611141081322,0.9837906956672668,0.9837906956672668,28800,0.0,0.0
1985-11-20 00:00:00-05:00,0.0,1.0624938236701318,0.9706733822822571,0.9706733822822571,35100,0.0,0.0
1985-11-21 00:00:00-05:00,0.0,1.0624938236701318,0.9706733822822571,0.9706733822822571,1800,0.0,0.0
1985-11-22 00:00:00-05:00,0.0,1.0887282993179437,0.9837906956672668,0.9837906956672668,11700,0.0,0.0
1985-11-25 00:00:00-05:00,0.9837906956672668,0.9837906956672668,0.9837906956672668,0.9837906956672668,0,0.0,0.0
1985-11-26 00:00:00-05:00,0.0,1.0887282993179437,0.9837906956672668,0.9837906956672668,900,0.0,0.0
1985-11-27 00:00:00-05:00,0.0,1.1018454607088153,1.0100250244140625,1.0100250244140625,2700,0.0,0.0
1985-11-29 00:00:00-05:00,0.0,1.1149625050567935,1.0100250244140625,1.0100250244140625,4500,0.0,0.0
1985-12-02 00:00:00-05:00,1.0100250244140625,1.0100250244140625,1.0100250244140625,1.0100250244140625,0,0.0,0.0
1985-12-03 00:00:00-05:00,0.0,1.1149625050567935,1.0100250244140625,1.0100250244140625,900,0.0,0.0
1985-12-04 00:00:00-05:00,1.0100250244140625,1.0100250244140625,1.0100250244140625,1.0100250244140625,0,0.0,0.0
1985-12-05 00:00:00-05:00,0.0,1.1411966196934458,1.0362590551376343,1.0362590551376343,1800,0.0,0.0
1985-12-06 00:00:00-05:00,0.0,1.1411966196934458,1.0362590551376343,1.0362590551376343,4500,0.0,0.0
1985-12-09 00:00:00-05:00,1.0362590551376343,1.0362590551376343,1.0362590551376343,1.0362590551376343,0,0.0,0.0
1985-12-10 00:00:00-05:00,0.0,1.1280795789295264,1.0362590551376343,1.0362590551376343,4500,0.0,0.0
1985-12-11 00:00:00-05:00,0.0,1.1280795789295264,1.0362590551376343,1.0362590551376343,7200,0.0,0.0
1985-12-12 00:00:00-05:00,0.0,1.1411967937317582,1.049376368522644,1.049376368522644,7200,0.0,0.0
1985-12-13 00:00:00-05:00,1.049376368522644,1.049376368522644,1.049376368522644,1.049376368522644,0,0.0,0.0
1985-12-16 00:00:00-05:00,1.049376368522644,1.049376368522644,1.049376368522644,1.049376368522644,0,0.0,0.0
1985-12-17 00:00:00-05:00,0.0,1.1411966196934458,1.0362590551376343,1.0362590551376343,1800,0.0,0.0
1985-12-18 00:00:00-05:00,1.0362590551376343,1.0362590551376343,1.0362590551376343,1.0362590551376343,0,0.0,0.0
1985-12-19 00:00:00-05:00,0.0,1.1280797509674232,1.049376368522644,1.049376368522644,5400,0.0,0.0
1985-12-20 00:00:00-05:00,0.0,1.1411967937317582,1.049376368522644,1.049376368522644,900,0.0,0.0
1985-12-23 00:00:00-05:00,0.0,1.154314061667847,1.049376368522644,1.049376368522644,2700,0.0,0.0
1985-12-24 00:00:00-05:00,0.0,1.1411967937317582,1.049376368522644,1.049376368522644,20700,0.0,0.0
1985-12-26 00:00:00-05:00,0.0,1.1411967937317582,1.049376368522644,1.049376368522644,2700,0.0,0.0
1985-12-27 00:00:00-05:00,0.0,1.1411967937317582,1.049376368522644,1.049376368522644,5400,0.0,0.0
1985-12-30 00:00:00-05:00,0.0,1.1411967937317582,1.049376368522644,1.049376368522644,4500,0.0,0.0
1985-12-31 00:00:00-05:00,0.0,1.1411967937317582,1.049376368522644,1.049376368522644,900,0.0,0.0
1986-01-02 00:00:00-05:00,0.0,1.1411967937317582,1.049376368522644,1.049376368522644,2700,0.0,0.0
1986-01-03 00:00:00-05:00,0.0,1.1411967937317582,1.049376368522644,1.049376368522644,487800,0.0,0.0
1986-01-06 00:00:00-05:00,0.0,1.1411967937317582,1.049376368522644,1.049376368522644,6300,0.0,0.0
1986-01-07 00:00:00-05:00,0.0,1.1411967937317582,1.049376368522644,1.049376368522644,72000,0.0,0.0
1986-01-08 00:00:00-05:00,0.0,1.1411967937317582,1.049376368522644,1.049376368522644,27900,0.0,0.0
1986-01-09 00:00:00-05:00,0.0,1.1280797509674232,1.049376368522644,1.049376368522644,10800,0.0,0.0
1986-01-10 00:00:00-05:00,0.0,1.1280797509674232,1.049376368522644,1.049376368522644,4500,0.0,0.0
1986-01-13 00:00:00-05:00,0.0,1.1280797509674232,1.049376368522644,1.049376368522644,0,0.0,0.0
1986-01-14 00:00:00-05:00,0.0,1.1543142871486554,1.0756111145019531,1.0756111145019531,17100,0.0,0.0
1986-01-15 00:00:00-05:00,0.0,1.1805487548811033,1.0887283086776733,1.0887283086776733,7200,0.0,0.0
1986-01-16 00:00:00-05:00,0.0,1.193666025816395,1.0887283086776733,1.0887283086776733,1800,0.0,0.0
1986-01-17 00:00:00-05:00,0.0,1.193665426086614,1.1018450260162354,1.1018450260162354,3600,0.0,0.0
1986-01-20 00:00:00-05:00,0.0,1.193665426086614,1.1018450260162354,1.1018450260162354,3600,0.0,0.0
1986-01-21 00:00:00-05:00,0.0,1.1805487548811033,1.0887283086776733,1.0887283086776733,9000,0.0,0.0
1986-01-22 00:00:00-05:00,0.0,1.193665426086614,1.1018450260162354,1.1018450260162354,9900,0.0,0.0
1986-01-23 00:00:00-05:00,0.0,1.2067826165865776,1.114962100982666,1.114962100982666,4500,0.0,0.0
1986-01-24 00:00:00-05:00,1.114962100982666,1.114962100982666,1.114962100982666,1.114962100982666,0,0.0,0.0
1986-01-27 00:00:00-05:00,1.114962100982666,1.114962100982666,1.114962100982666,1.114962100982666,0,0.0,0.0
1986-01-28 00:00:00-05:00,1.114962100982666,1.114962100982666,1.114962100982666,1.114962100982666,0,0.0,0.0
1986-01-29 00:00:00-05:00,0.0,1.20678267568323,1.1280795335769653,1.1280795335769653,4500,0.0,0.0
1986-01-30 00:00:00-05:00,1.1280795335769653,1.1280795335769653,1.1280795335769653,1.1280795335769653,0,0.0,0.0
1986-01-31 00:00:00-05:00,0.0,1.20678267568323,1.1280795335769653,1.1280795335769653,19800,0.0,0.0
1986-02-03 00:00:00-05:00,0.0,1.20678267568323,1.1280795335769653,1.1280795335769653,12600,0.0,0.0
1986-02-04 00:00:00-05:00,1.1280795335769653,1.1280795335769653,1.1280795335769653,1.1280795335769653,0,0.0,0.0
1986-02-05 00:00:00-05:00,1.1280795335769653,1.1280795335769653,1.1280795335769653,1.1280795335769653,0,0.0,0.0
1986-02-06 00:00:00-05:00,0.0,1.20678267568323,1.1280795335769653,1.1280795335769653,1800,0.0,0.0
1986-02-07 00:00:00-05:00,0.0,1.20678267568323,1.1280795335769653,1.1280795335769653,72000,0.0,0.0
1986-02-10 00:00:00-05:00,0.0,1.2404300831253803,1.1595325469970703,1.1595325469970703,91800,0.1296,0.0
1986-02-11 00:00:00-05:00,1.1595325469970703,1.1595325469970703,1.1595325469970703,1.1595325469970703,0,0.0,0.0
1986-02-12 00:00:00-05:00,0.0,1.2404300831253803,1.1595325469970703,1.1595325469970703,1800,0.0,0.0
1986-02-13 00:00:00-05:00,0.0,1.2404300831253803,1.1595325469970703,1.1595325469970703,7200,0.0,0.0
1986-02-14 00:00:00-05:00,0.0,1.2404301131337712,1.1325666904449463,1.1325666904449463,19800,0.0,0.0
1986-02-18 00:00:00-05:00,0.0,1.2404300277828844,1.1460493803024292,1.1460493803024292,13500,0.0,0.0
1986-02-19 00:00:00-05:00,0.0,1.2404300831253803,1.1595325469970703,1.1595325469970703,108000,0.0,0.0
1986-02-20 00:00:00-05:00,0.0,1.253913082963408,1.1595325469970703,1.1595325469970703,7200,0.0,0.0
1986-02-21 00:00:00-05:00,0.0,1.267395508900654,1.1730149984359741,1.1730149984359741,9000,0.0,0.0
1986-02-24 00:00:00-05:00,0.0,1.253913082963408,1.1595325469970703,1.1595325469970703,25200,0.0,0.0
1986-02-25 00:00:00-05:00,0.0,1.253913082963408,1.1595325469970703,1.1595325469970703,900,0.0,0.0
1986-02-26 00:00:00-05:00,0.0,1.253913082963408,1.1595325469970703,1.1595325469970703,5400,0.0,0.0
1986-02-27 00:00:00-05:00,0.0,1.2539130270193601,1.1460493803024292,1.1460493803024292,95400,0.0,0.0
1986-02-28 00:00:00-05:00,0.0,1.2404300277828844,1.1460493803024292,1.1460493803024292,12600,0.0,0.0
1986-03-03 00:00:00-05:00,0.0,1.2404300277828844,1.1460493803024292,1.1460493803024292,15300,0.0,0.0
1986-03-04 00:00:00-05:00,0.0,1.2404300831253803,1.1595325469970703,1.1595325469970703,181800,0.0,0.0
1986-03-05 00:00:00-05:00,0.0,1.2404300831253803,1.1595325469970703,1.1595325469970703,2700,0.0,0.0
1986-03-06 00:00:00-05:00,0.0,1.2808793196501496,1.1864986419677734,1.1864986419677734,9900,0.0,0.0
1986-03-07 00:00:00-05:00,0.0,1.2404300277828844,1.1460493803024292,1.1460493803024292,19800,0.0,0.0
1986-03-10 00:00:00-05:00,0.0,1.2404300277828844,1.1460493803024292,1.1460493803024292,20700,0.0,0.0
1986-03-11 00:00:00-05:00,0.0,1.2134642285303232,1.1325666904449463,1.1325666904449463,0,0.0,0.0
1986-03-12 00:00:00-05:00,0.0,1.2269472286945307,1.1325666904449463,1.1325666904449463,22500,0.0,0.0
1986-03-13 00:00:00-05:00,0.0,1.2269472286945307,1.1325666904449463,1.1325666904449463,8100,0.0,0.0
1986-03-14 00:00:00-05:00,0.0,1.2269472286945307,1.1325666904449463,1.1325666904449463,3600,0.0,0.0
1986-03-17 00:00:00-05:00,1.1325666904449463,1.1325666904449463,1.1325666904449463,1.1325666904449463,0,0.0,0.0
1986-03-18 00:00:00-05:00,0.0,1.2134646942705742,1.119084119796753,1.119084119796753,11700,0.0,0.0
1986-03-19 00:00:00-05:00,0.0,1.2134646942705742,1.119084119796753,1.119084119796753,27900,0.0,0.0
1986-03-20 00:00:00-05:00,0.0,1.2134646942705742,1.119084119796753,1.119084119796753,10800,0.0,0.0
1986-03-21 00:00:00-05:00,1.119084119796753,1.119084119796753,1.119084119796753,1.119084119796753,0,0.0,0.0
1986-03-24 00:00:00-05:00,0.0,1.2134646942705742,1.119084119796753,1.119084119796753,17100,0.0,0.0
1986-03-25 00:00:00-05:00,1.119084119796753,1.119084119796753,1.119084119796753,1.119084119796753,0,0.0,0.0
1986-03-26 00:00:00-05:00,0.0,1.2134642285303232,1.1325666904449463,1.1325666904449463,4500,0.0,0.0
1986-03-27 00:00:00-05:00,1.1325666904449463,1.1325666904449463,1.1325666904449463,1.1325666904449463,0,0.0,0.0
1986-03-31 00:00:00-05:00,0.0,1.2269471990123166,1.1595325469970703,1.1595325469970703,13500,0.0,0.0
1986-04-01 00:00:00-05:00,0.0,1.2134646942705742,1.119084119796753,1.119084119796753,12600,0.0,0.0
1986-04-02 00:00:00-05:00,0.0,1.2134646942705742,1.119084119796753,1.119084119796753,1800,0.0,0.0
1986-04-03 00:00:00-05:00,0.0,1.2134646942705742,1.119084119796753,1.119084119796753,69300,0.0,0.0
1986-04-04 00:00:00-05:00,1.119084119796753,1.119084119796753,1.119084119796753,1.119084119796753,0,0.0,0.0
1986-04-07 00:00:00-05:00,0.0,1.2134646942705742,1.119084119796753,1.119084119796753,1800,0.0,0.0
1986-04-08 00:00:00-05:00,0.0,1.2134646942705742,1.119084119796753,1.119084119796753,6300,0.0,0.0
1986-04-09 00:00:00-05:00,1.119084119796753,1.119084119796753,1.119084119796753,1.119084119796753,0,0.0,0.0
1986-04-10 00:00:00-05:00,0.0,1.2134646942705742,1.119084119796753,1.119084119796753,93600,0.0,0.0
1986-04-11 00:00:00-05:00,0.0,1.1864989705483897,1.0921183824539185,1.0921183824539185,27900,0.0,0.0
1986-04-14 00:00:00-05:00,0.0,1.1325668106102509,1.0247031450271606,1.0247031450271606,15300,0.0,0.0
1986-04-15 00:00:00-05:00,0.0,1.1325668106102509,1.0247031450271606,1.0247031450271606,900,0.0,0.0
1986-04-16 00:00:00-05:00,0.0,1.1325668106102509,1.0247031450271606,1.0247031450271606,4500,0.0,0.0
1986-04-17 00:00:00-05:00,0.0,1.1325668106102509,1.0247031450271606,1.0247031450271606,10800,0.0,0.0
1986-04-18 00:00:00-05:00,0.0,1.1325668106102509,1.0247031450271606,1.0247031450271606,11700,0.0,0.0
1986-04-21 00:00:00-05:00,0.0,1.1325668106102509,1.0247031450271606,1.0247031450271606,900,0.0,0.0
1986-04-22 00:00:00-05:00,0.0,1.1325668106102509,1.0247031450271606,1.0247031450271606,2700,0.0,0.0
1986-04-23 00:00:00-05:00,0.0,1.0651518441468966,0.970771312713623,0.970771312713623,7200,0.0,0.0
1986-04-24 00:00:00-05:00,0.0,1.0651518441468966,0.970771312713623,0.970771312713623,12600,0.0,0.0
1986-04-25 00:00:00-05:00,0.0,1.0651518441468966,0.970771312713623,0.970771312713623,900,0.0,0.0
1986-04-28 00:00:00-04:00,0.0,1.0651518441468966,0.970771312713623,0.970771312713623,3600,0.0,0.0
1986-04-29 00:00:00-04:00,0.0,1.0651518441468966,0.970771312713623,0.970771312713623,1800,0.0,0.0
1986-04-30 00:00:00-04:00,0.0,1.0516688449564526,0.970771312713623,0.970771312713623,16200,0.0,0.0
1986-05-01 00:00:00-04:00,0.0,1.0516688449564526,0.970771312713623,0.970771312713623,1800,0.0,0.0
1986-05-02 00:00:00-04:00,0.0,1.0516688449564526,0.970771312713623,0.970771312713623,5400,0.0,0.0
1986-05-05 00:00:00-04:00,0.0,1.0516688449564526,0.970771312713623,0.970771312713623,4500,0.0,0.0
1986-05-06 00:00:00-04:00,0.0,1.0516688449564526,0.970771312713623,0.970771312713623,1800,0.0,0.0
1986-05-07 00:00:00-04:00,0.0,1.0516688449564526,0.970771312713623,0.970771312713623,1800,0.0,0.0
1986-05-08 00:00:00-04:00,0.0,1.0516688449564526,0.970771312713623,0.970771312713623,19800,0.0,0.0
1986-05-09 00:00:00-04:00,0.0,1.0516688449564526,0.970771312713623,0.970771312713623,0,0.0,0.0
1986-05-12 00:00:00-04:00,0.0,1.078634727612382,0.970771312713623,0.970771312713623,15300,0.0,0.0
1986-05-13 00:00:00-04:00,0.970771312713623,0.970771312713623,0.970771312713623,0.970771312713623,0,0.0,0.0
1986-05-14 00:00:00-04:00,0.0,1.078634727612382,0.970771312713623,0.970771312713623,10800,0.0,0.0
1986-05-15 00:00:00-04:00,0.0,1.078634727612382,0.970771312713623,0.970771312713623,900,0.0,0.0
1986-05-16 00:00:00-04:00,0.0,1.078634727612382,0.970771312713623,0.970771312713623,11700,0.0,0.0
1986-05-19 00:00:00-04:00,0.0,1.1147527560076753,1.0032775402069092,1.0032775402069092,900,0.1296,0.0
1986-05-20 00:00:00-04:00,0.0,1.1147527560076753,1.0032775402069092,1.0032775402069092,4500,0.0,0.0
1986-05-21 00:00:00-04:00,0.0,1.1147527560076753,1.0032775402069092,1.0032775402069092,10800,0.0,0.0
1986-05-22 00:00:00-04:00,0.0,1.086883922157483,1.0032775402069092,1.0032775402069092,3600,0.0,0.0
1986-05-23 00:00:00-04:00,1.0032775402069092,1.0032775402069092,1.0032775402069092,1.0032775402069092,0,0.0,0.0
1986-05-27 00:00:00-04:00,0.0,1.086883922157483,1.0032775402069092,1.0032775402069092,10800,0.0,0.0
1986-05-28 00:00:00-04:00,0.0,1.086883922157483,1.0032775402069092,1.0032775402069092,3600,0.0,0.0
1986-05-29 00:00:00-04:00,1.0032775402069092,1.0032775402069092,1.0032775402069092,1.0032775402069092,0,0.0,0.0
1986-05-30 00:00:00-04:00,0.0,1.086883922157483,1.0032775402069092,1.0032775402069092,80100,0.0,0.0
1986-06-02 00:00:00-04:00,0.0,1.086883922157483,1.0032775402069092,1.0032775402069092,1800,0.0,0.0
1986-06-03 00:00:00-04:00,0.0,1.086883922157483,1.0032775402069092,1.0032775402069092,62100,0.0,0.0
1986-06-04 00:00:00-04:00,0.0,1.086883922157483,1.0032775402069092,1.0032775402069092,45000,0.0,0.0
1986-06-05 00:00:00-04:00,0.0,1.086883922157483,1.0032775402069092,1.0032775402069092,36000,0.0,0.0
1986-06-06 00:00:00-04:00,0.0,1.086883922157483,1.0032775402069092,1.0032775402069092,26100,0.0,0.0
1986-06-09 00:00:00-04:00,0.0,1.086883922157483,1.0032775402069092,1.0032775402069092,66600,0.0,0.0
1986-06-10 00:00:00-04:00,0.0,1.086883922157483,1.0032775402069092,1.0032775402069092,900,0.0,0.0
1986-06-11 00:00:00-04:00,0.0,1.086883922157483,1.0032775402069092,1.0032775402069092,90900,0.0,0.0
1986-06-12 00:00:00-04:00,0.0,1.1147526432739834,1.0172119140625,1.0172119140625,4500,0.0,0.0
1986-06-13 00:00:00-04:00,0.0,1.086883812242135,1.0172119140625,1.0172119140625,11700,0.0,0.0
1986-06-16 00:00:00-04:00,0.0,1.086883812242135,1.0172119140625,1.0172119140625,18900,0.0,0.0
1986-06-17 00:00:00-04:00,0.0,1.086883812242135,1.0172119140625,1.0172119140625,120600,0.0,0.0
1986-06-18 00:00:00-04:00,0.0,1.086883812242135,1.0172119140625,1.0172119140625,900,0.0,0.0
1986-06-19 00:00:00-04:00,0.0,1.086883812242135,1.0172119140625,1.0172119140625,9000,0.0,0.0
1986-06-20 00:00:00-04:00,0.0,1.086883812242135,1.0172119140625,1.0172119140625,9000,0.0,0.0
1986-06-23 00:00:00-04:00,0.0,1.086883812242135,1.0172119140625,1.0172119140625,14400,0.0,0.0
1986-06-24 00:00:00-04:00,0.0,1.0868847109334863,1.0311471223831177,1.0311471223831177,3600,0.0,0.0
1986-06-25 00:00:00-04:00,0.0,1.1147535650087155,1.0311471223831177,1.0311471223831177,93600,0.0,0.0
1986-06-26 00:00:00-04:00,0.0,1.1147535650087155,1.0311471223831177,1.0311471223831177,900,0.0,0.0
1986-06-27 00:00:00-04:00,0.0,1.1147535650087155,1.0311471223831177,1.0311471223831177,6300,0.0,0.0
1986-06-30 00:00:00-04:00,1.0311471223831177,1.0311471223831177,1.0311471223831177,1.0311471223831177,0,0.0,0.0
1986-07-01 00:00:00-04:00,0.0,1.0868847109334863,1.0311471223831177,1.0311471223831177,15300,0.0,0.0
1986-07-02 00:00:00-04:00,0.0,1.0868847109334863,1.0311471223831177,1.0311471223831177,6300,0.0,0.0
1986-07-03 00:00:00-04:00,0.0,1.0868847109334863,1.0311471223831177,1.0311471223831177,27900,0.0,0.0
1986-07-07 00:00:00-04:00,0.0,1.0729496846323912,1.0032775402069092,1.0032775402069092,13500,0.0,0.0
1986-07-08 00:00:00-04:00,0.0,1.0311462827436402,0.9336053729057312,0.9336053729057312,20700,0.0,0.0
1986-07-09 00:00:00-04:00,0.0,1.0311462827436402,0.9336053729057312,0.9336053729057312,180000,0.0,0.0
1986-07-10 00:00:00-04:00,0.9336053729057312,0.9336053729057312,0.9336053729057312,0.9336053729057312,0,0.0,0.0
1986-07-11 00:00:00-04:00,0.0,1.0311462827436402,0.9336053729057312,0.9336053729057312,32400,0.0,0.0
1986-07-14 00:00:00-04:00,0.0,1.0311462827436402,0.9336053729057312,0.9336053729057312,2700,0.0,0.0
1986-07-15 00:00:00-04:00,0.0,1.0311462827436402,0.9336053729057312,0.9336053729057312,1800,0.0,0.0
1986-07-16 00:00:00-04:00,0.0,1.045081315376943,0.9614746570587158,0.9614746570587158,8100,0.0,0.0
1986-07-17 00:00:00-04:00,0.0,1.045081315376943,0.9614746570587158,0.9614746570587158,13500,0.0,0.0
1986-07-18 00:00:00-04:00,0.0,1.045081315376943,0.9614746570587158,0.9614746570587158,0,0.0,0.0
1986-07-21 00:00:00-04:00,0.0,1.045081315376943,0.9614746570587158,0.9614746570587158,18000,0.0,0.0
1986-07-22 00:00:00-04:00,0.0,1.045081315376943,0.9614746570587158,0.9614746570587158,19800,0.0,0.0
1986-07-23 00:00:00-04:00,0.9614746570587158,0.9614746570587158,0.9614746570587158,0.9614746570587158,0,0.0,0.0
1986-07-24 00:00:00-04:00,0.0,1.05901505219032,0.9754087328910828,0.9754087328910828,2700,0.0,0.0
1986-07-25 00:00:00-04:00,0.0,1.05901505219032,0.9754087328910828,0.9754087328910828,243900,0.0,0.0
1986-07-28 00:00:00-04:00,0.0,1.0729496480401906,0.9754087328910828,0.9754087328910828,61200,0.0,0.0
1986-07-29 00:00:00-04:00,0.0,1.05901505219032,0.9754087328910828,0.9754087328910828,41400,0.0,0.0
1986-07-30 00:00:00-04:00,0.0,1.05901505219032,0.9754087328910828,0.9754087328910828,2700,0.0,0.0
1986-07-31 00:00:00-04:00,0.0,1.05901505219032,0.9754087328910828,0.9754087328910828,8100,0.0,0.0
1986-08-01 00:00:00-04:00,0.0,1.0311468324572197,0.9614746570587158,0.9614746570587158,18000,0.0,0.0
1986-08-04 00:00:00-04:00,0.0,1.031146431595773,0.9475399851799011,0.9475399851799011,1800,0.0,0.0
1986-08-05 00:00:00-04:00,0.0,1.045081315376943,0.9614746570587158,0.9614746570587158,3600,0.0,0.0
1986-08-06 00:00:00-04:00,0.0,1.031146431595773,0.9475399851799011,0.9475399851799011,7200,0.0,0.0
1986-08-07 00:00:00-04:00,0.0,1.031146431595773,0.9475399851799011,0.9475399851799011,900,0.0,0.0
1986-08-08 00:00:00-04:00,0.0,1.031146431595773,0.9475399851799011,0.9475399851799011,3600,0.0,0.0
1986-08-11 00:00:00-04:00,0.0,1.067777138412108,0.9812006354331971,0.981200635433197,900,0.1296,0.0
1986-08-12 00:00:00-04:00,0.9812006354331971,0.9812006354331971,0.9812006354331971,0.981200635433197,0,0.0,0.0
1986-08-13 00:00:00-04:00,0.0,1.0677771818988593,0.9667711853981018,0.9667711853981018,36000,0.0,0.0
1986-08-14 00:00:00-04:00,0.0,1.0677771818988593,0.9667711853981018,0.9667711853981018,94500,0.0,0.0
1986-08-15 00:00:00-04:00,0.9667711853981018,0.9667711853981018,0.9667711853981018,0.9667711853981018,0,0.0,0.0
1986-08-18 00:00:00-04:00,0.9667711853981018,0.9667711853981018,0.9667711853981018,0.9667711853981018,0,0.0,0.0
1986-08-19 00:00:00-04:00,0.0,1.0677771818988593,0.9667711853981018,0.9667711853981018,7200,0.0,0.0
1986-08-20 00:00:00-04:00,0.0,1.0677771818988593,0.9667711853981018,0.9667711853981018,1800,0.0,0.0
1986-08-21 00:00:00-04:00,0.0,1.067777138412108,0.9812006354331971,0.981200635433197,24300,0.0,0.0
1986-08-22 00:00:00-04:00,0.0,1.067777138412108,0.9812006354331971,0.981200635433197,0,0.0,0.0
1986-08-25 00:00:00-04:00,0.9812006354331971,0.9812006354331971,0.9812006354331971,0.981200635433197,0,0.0,0.0
1986-08-26 00:00:00-04:00,0.0,1.067777138412108,0.9812006354331971,0.981200635433197,2700,0.0,0.0
1986-08-27 00:00:00-04:00,0.0,1.067777138412108,0.9812006354331971,0.981200635433197,900,0.0,0.0
1986-08-28 00:00:00-04:00,0.0,1.0677779985828502,0.9956307411193849,0.9956307411193848,2700,0.0,0.0
1986-08-29 00:00:00-04:00,0.0,1.0533486213994432,0.9956307411193849,0.9956307411193848,900,0.0,0.0
1986-09-02 00:00:00-04:00,0.0,1.0533486213994432,0.9956307411193849,0.9956307411193848,261000,0.0,0.0
1986-09-03 00:00:00-04:00,0.0,1.0677779985828502,0.9956307411193849,0.9956307411193848,47700,0.0,0.0
1986-09-04 00:00:00-04:00,0.9956307411193849,0.9956307411193849,0.9956307411193849,0.9956307411193848,0,0.0,0.0
1986-09-05 00:00:00-04:00,0.0,1.067777781041475,1.002845287322998,1.002845287322998,900,0.0,0.0
1986-09-08 00:00:00-04:00,1.002845287322998,1.002845287322998,1.002845287322998,1.002845287322998,0,0.0,0.0
1986-09-09 00:00:00-04:00,0.0,1.0677776271661792,1.0100599527359009,1.0100599527359009,30600,0.0,0.0
1986-09-10 00:00:00-04:00,0.0,1.0822071231792283,1.0100599527359009,1.0100599527359009,41400,0.0,0.0
1986-09-11 00:00:00-04:00,1.0100599527359009,1.0100599527359009,1.0100599527359009,1.0100599527359009,0,0.0,0.0
1986-09-12 00:00:00-04:00,0.0,1.082207256331439,0.9884160161018372,0.9884160161018372,2700,0.0,0.0
1986-09-15 00:00:00-04:00,0.0,1.0822074996150675,0.9956307411193849,0.9956307411193848,43200,0.0,0.0
1986-09-16 00:00:00-04:00,0.0,1.0822071231792283,1.0100599527359009,1.0100599527359009,6300,0.0,0.0
1986-09-17 00:00:00-04:00,1.0100599527359009,1.0100599527359009,1.0100599527359009,1.0100599527359009,0,0.0,0.0
1986-09-18 00:00:00-04:00,1.0100599527359009,1.0100599527359009,1.0100599527359009,1.0100599527359009,0,0.0,0.0
1986-09-19 00:00:00-04:00,0.0,1.0822071231792283,1.0100599527359009,1.0100599527359009,56700,0.0,0.0
1986-09-22 00:00:00-04:00,0.0,1.0966363446920298,1.0389187335968018,1.0389187335968018,65700,0.0,0.0
1986-09-23 00:00:00-04:00,0.0,1.1254952121640258,1.0389187335968018,1.0389187335968018,5400,0.0,0.0
1986-09-24 00:00:00-04:00,0.0,1.1254952121640258,1.0389187335968018,1.0389187335968018,5400,0.0,0.0
1986-09-25 00:00:00-04:00,0.0,1.1254952121640258,1.0389187335968018,1.0389187335968018,5400,0.0,0.0
1986-09-26 00:00:00-04:00,0.0,1.0966363446920298,1.0389187335968018,1.0389187335968018,47700,0.0,0.0
1986-09-29 00:00:00-04:00,0.0,1.0966363446920298,1.0389187335968018,1.0389187335968018,18900,0.0,0.0
1986-09-30 00:00:00-04:00,0.0,1.0966365874199364,1.024489402770996,1.024489402770996,14400,0.0,0.0
1986-10-01 00:00:00-04:00,0.0,1.0966365874199364,1.024489402770996,1.024489402770996,37800,0.0,0.0
1986-10-02 00:00:00-04:00,0.0,1.0966366932389622,1.0461338758468628,1.0461338758468628,58500,0.0,0.0
1986-10-03 00:00:00-04:00,0.0,1.0966366932389622,1.0461338758468628,1.0461338758468628,5400,0.0,0.0
1986-10-06 00:00:00-04:00,0.0,1.1254947812908531,1.0533478260040283,1.0533478260040283,81000,0.0,0.0
1986-10-07 00:00:00-04:00,0.0,1.111066317334312,1.0461338758468628,1.0461338758468628,15300,0.0,0.0
1986-10-08 00:00:00-04:00,1.0461338758468628,1.0461338758468628,1.0461338758468628,1.0461338758468628,0,0.0,0.0
1986-10-09 00:00:00-04:00,0.0,1.111066317334312,1.0461338758468628,1.0461338758468628,9000,0.0,0.0
1986-10-10 00:00:00-04:00,1.0461338758468628,1.0461338758468628,1.0461338758468628,1.0461338758468628,0,0.0,0.0
1986-10-13 00:00:00-04:00,0.0,1.111066317334312,1.0461338758468628,1.0461338758468628,900,0.0,0.0
1986-10-14 00:00:00-04:00,0.0,1.0966367529496641,0.9956307411193849,0.9956307411193848,21600,0.0,0.0
1986-10-15 00:00:00-04:00,0.0,1.0822074996150675,0.9956307411193849,0.9956307411193848,10800,0.0,0.0
1986-10-16 00:00:00-04:00,0.0,1.0822074996150675,0.9956307411193849,0.9956307411193848,10800,0.0,0.0
1986-10-17 00:00:00-04:00,0.9956307411193849,0.9956307411193849,0.9956307411193849,0.9956307411193848,0,0.0,0.0
1986-10-20 00:00:00-04:00,0.9956307411193849,0.9956307411193849,0.9956307411193849,0.9956307411193848,0,0.0,0.0
1986-10-21 00:00:00-04:00,0.0,1.067777138412108,0.9812006354331971,0.981200635433197,27000,0.0,0.0
1986-10-22 00:00:00-04:00,0.0,1.067777138412108,0.9812006354331971,0.981200635433197,112500,0.0,0.0
1986-10-23 00:00:00-04:00,0.9812006354331971,0.9812006354331971,0.9812006354331971,0.981200635433197,0,0.0,0.0
1986-10-24 00:00:00-04:00,0.0,1.067777138412108,0.9812006354331971,0.981200635433197,30600,0.0,0.0
1986-10-27 00:00:00-05:00,0.9812006354331971,0.9812006354331971,0.9812006354331971,0.981200635433197,0,0.0,0.0
1986-10-28 00:00:00-05:00,0.0,1.067777138412108,0.9812006354331971,0.981200635433197,6300,0.0,0.0
1986-10-29 00:00:00-05:00,0.9812006354331971,0.9812006354331971,0.9812006354331971,0.981200635433197,0,0.0,0.0
1986-10-30 00:00:00-05:00,0.9812006354331971,0.9812006354331971,0.9812006354331971,0.981200635433197,0,0.0,0.0
1986-10-31 00:00:00-05:00,0.9812006354331971,0.9812006354331971,0.9812006354331971,0.981200635433197,0,0.0,0.0
1986-11-03 00:00:00-05:00,0.0,1.0389182834443527,0.9812006354331971,0.981200635433197,47700,0.0,0.0
1986-11-04 00:00:00-05:00,0.0,1.067777138412108,0.9812006354331971,0.981200635433197,270000,0.0,0.0
1986-11-05 00:00:00-05:00,0.0,1.067777138412108,0.9812006354331971,0.981200635433197,45900,0.0,0.0
1986-11-06 00:00:00-05:00,0.0,1.067777138412108,0.9812006354331971,0.981200635433197,13500,0.0,0.0
1986-11-07 00:00:00-05:00,0.0,1.1057101424571154,1.0309998989105225,1.0309998989105225,5400,0.1296,0.0
1986-11-10 00:00:00-05:00,0.0,1.1057101424571154,1.0309998989105225,1.0309998989105225,9900,0.0,0.0
1986-11-11 00:00:00-05:00,1.0309998989105225,1.0309998989105225,1.0309998989105225,1.0309998989105225,0,0.0,0.0
1986-11-12 00:00:00-05:00,0.0,1.1057094686421745,1.0160573720932007,1.0160573720932007,63000,0.0,0.0
1986-11-13 00:00:00-05:00,0.0,1.1057094686421745,1.0160573720932007,1.0160573720932007,2700,0.0,0.0
1986-11-14 00:00:00-05:00,0.0,1.090768043001653,0.9861738681793213,0.9861738681793213,52200,0.0,0.0
1986-11-17 00:00:00-05:00,0.0,1.090768043001653,0.9861738681793213,0.9861738681793213,49500,0.0,0.0
1986-11-18 00:00:00-05:00,0.0,1.090768043001653,0.9861738681793213,0.9861738681793213,93600,0.0,0.0
1986-11-19 00:00:00-05:00,0.0,1.0758259447422076,0.9861738681793213,0.9861738681793213,2700,0.0,0.0
1986-11-20 00:00:00-05:00,0.0,1.0608837823585389,0.9861738681793213,0.9861738681793213,13500,0.0,0.0
1986-11-21 00:00:00-05:00,0.0,1.0608837823585389,0.9861738681793213,0.9861738681793213,9000,0.0,0.0
1986-11-24 00:00:00-05:00,0.0,1.0608837823585389,0.9861738681793213,0.9861738681793213,22500,0.0,0.0
1986-11-25 00:00:00-05:00,0.0,1.0608837749245288,0.9712316989898683,0.9712316989898682,22500,0.0,0.0
1986-11-26 00:00:00-05:00,0.0,1.0608837749245288,0.9712316989898683,0.9712316989898682,7200,0.0,0.0
1986-11-28 00:00:00-05:00,0.9712316989898683,0.9712316989898683,0.9712316989898683,0.9712316989898682,0,0.0,0.0
1986-12-01 00:00:00-05:00,0.0,1.0608837749245288,0.9712316989898683,0.9712316989898682,4500,0.0,0.0
1986-12-02 00:00:00-05:00,0.0,1.0758254150844526,1.0160573720932007,1.0160573720932007,81000,0.0,0.0
1986-12-03 00:00:00-05:00,0.0,1.0758254150844526,1.0160573720932007,1.0160573720932007,213300,0.0,0.0
1986-12-04 00:00:00-05:00,0.0,1.0758254150844526,1.0160573720932007,1.0160573720932007,1800,0.0,0.0
1986-12-05 00:00:00-05:00,0.0,1.0758254150844526,1.0160573720932007,1.0160573720932007,21600,0.0,0.0
1986-12-08 00:00:00-05:00,0.0,1.0758254150844526,1.0160573720932007,1.0160573720932007,37800,0.0,0.0
1986-12-09 00:00:00-05:00,0.0,1.0758254150844526,1.0160573720932007,1.0160573720932007,48600,0.0,0.0
1986-12-10 00:00:00-05:00,0.0,1.0608834297495013,1.0011154413223267,1.0011154413223267,52200,0.0,0.0
1986-12-11 00:00:00-05:00,0.0,1.0608834297495013,1.0011154413223267,1.0011154413223267,3600,0.0,0.0
1986-12-12 00:00:00-05:00,0.0,1.0608837823585389,0.9861738681793213,0.9861738681793213,9000,0.0,0.0
1986-12-15 00:00:00-05:00,0.0,1.0459419405959867,0.9861738681793213,0.9861738681793213,22500,0.0,0.0
1986-12-16 00:00:00-05:00,0.0,1.0459419332666795,0.9712316989898683,0.9712316989898682,27000,0.0,0.0
1986-12-17 00:00:00-05:00,0.0,1.0608837823585389,0.9861738681793213,0.9861738681793213,30600,0.0,0.0
1986-12-18 00:00:00-05:00,0.0,1.0608837823585389,0.9861738681793213,0.9861738681793213,32400,0.0,0.0
1986-12-19 00:00:00-05:00,0.0,1.0608834297495013,1.0011154413223267,1.0011154413223267,30600,0.0,0.0
1986-12-22 00:00:00-05:00,0.0,1.0608834297495013,1.0011154413223267,1.0011154413223267,22500,0.0,0.0
1986-12-23 00:00:00-05:00,0.0,1.0758254150844526,1.0160573720932007,1.0160573720932007,122400,0.0,0.0
1986-12-24 00:00:00-05:00,0.0,1.0758254150844526,1.0160573720932007,1.0160573720932007,28800,0.0,0.0
1986-12-26 00:00:00-05:00,1.0160573720932007,1.0160573720932007,1.0160573720932007,1.0160573720932007,0,0.0,0.0
1986-12-29 00:00:00-05:00,1.0160573720932007,1.0160573720932007,1.0160573720932007,1.0160573720932007,0,0.0,0.0
1986-12-30 00:00:00-05:00,0.0,1.0758254150844526,1.0160573720932007,1.0160573720932007,6300,0.0,0.0
1986-12-31 00:00:00-05:00,0.0,1.0758254150844526,1.0160573720932007,1.0160573720932007,5400,0.0,0.0
1987-01-02 00:00:00-05:00,0.0,1.1057094686421745,1.0160573720932007,1.0160573720932007,7200,0.0,0.0
1987-01-05 00:00:00-05:00,0.0,1.1057094686421745,1.0160573720932007,1.0160573720932007,26100,0.0,0.0
1987-01-06 00:00:00-05:00,0.0,1.1355940859775988,1.0309998989105225,1.0309998989105225,18000,0.0,0.0
1987-01-07 00:00:00-05:00,0.0,1.1355940859775988,1.0309998989105225,1.0309998989105225,1800,0.0,0.0
1987-01-08 00:00:00-05:00,0.0,1.1355940859775988,1.0309998989105225,1.0309998989105225,6300,0.0,0.0
1987-01-09 00:00:00-05:00,0.0,1.1057101424571154,1.0309998989105225,1.0309998989105225,9900,0.0,0.0
1987-01-12 00:00:00-05:00,0.0,1.1953623652598186,1.1057102680206299,1.1057102680206299,106200,0.0,0.0
1987-01-13 00:00:00-05:00,0.0,1.2850141679358935,1.195361852645874,1.195361852645874,6300,0.0,0.0
1987-01-14 00:00:00-05:00,0.0,1.3148981326994462,1.2252460718154907,1.2252460718154907,13500,0.0,0.0
1987-01-15 00:00:00-05:00,0.0,1.2850141979037437,1.2252460718154907,1.2252460718154907,11700,0.0,0.0
1987-01-16 00:00:00-05:00,0.0,1.2850145207727128,1.1654781103134155,1.1654781103134155,36900,0.0,0.0
1987-01-19 00:00:00-05:00,1.1654781103134155,1.1654781103134155,1.1654781103134155,1.1654781103134155,0,0.0,0.0
1987-01-20 00:00:00-05:00,0.0,1.2252460906968805,1.1355937719345093,1.1355937719345093,16200,0.0,0.0
1987-01-21 00:00:00-05:00,1.1355937719345093,1.1355937719345093,1.1355937719345093,1.1355937719345093,0,0.0,0.0
1987-01-22 00:00:00-05:00,0.0,1.2252460906968805,1.1355937719345093,1.1355937719345093,1800,0.0,0.0
1987-01-23 00:00:00-05:00,0.0,1.2252460906968805,1.1355937719345093,1.1355937719345093,19800,0.0,0.0
1987-01-26 00:00:00-05:00,0.0,1.2252460906968805,1.1355937719345093,1.1355937719345093,10800,0.0,0.0
1987-01-27 00:00:00-05:00,0.0,1.2252461211113368,1.1206519603729248,1.1206519603729248,900,0.0,0.0
1987-01-28 00:00:00-05:00,1.1206519603729248,1.1206519603729248,1.1206519603729248,1.1206519603729248,0,0.0,0.0
1987-01-29 00:00:00-05:00,0.0,1.2252461211113368,1.1206519603729248,1.1206519603729248,2700,0.0,0.0
1987-01-30 00:00:00-05:00,0.0,1.1953619286164427,1.1206519603729248,1.1206519603729248,9900,0.0,0.0
1987-02-02 00:00:00-05:00,0.0,1.1953619286164427,1.1206519603729248,1.1206519603729248,9000,0.0,0.0
1987-02-03 00:00:00-05:00,0.0,1.1953619286164427,1.1206519603729248,1.1206519603729248,9900,0.0,0.0
1987-02-04 00:00:00-05:00,1.1206519603729248,1.1206519603729248,1.1206519603729248,1.1206519603729248,0,0.0,0.0
1987-02-05 00:00:00-05:00,0.0,1.1953619286164427,1.1206519603729248,1.1206519603729248,1800,0.0,0.0
1987-02-06 00:00:00-05:00,0.0,1.1953619286164427,1.1206519603729248,1.1206519603729248,900,0.0,0.0
1987-02-09 00:00:00-05:00,0.0,1.1953619286164427,1.1206519603729248,1.1206519603729248,36000,0.0,0.0
1987-02-10 00:00:00-05:00,0.0,1.1953619286164427,1.1206519603729248,1.1206519603729248,20700,0.0,0.0
1987-02-11 00:00:00-05:00,1.1206519603729248,1.1206519603729248,1.1206519603729248,1.1206519603729248,0,0.0,0.0
1987-02-12 00:00:00-05:00,1.1206519603729248,1.1206519603729248,1.1206519603729248,1.1206519603729248,0,0.0,0.0
1987-02-13 00:00:00-05:00,0.0,1.2367695717115328,1.1594716310501099,1.1594716310501099,900,0.1395,0.0
1987-02-17 00:00:00-05:00,0.0,1.2367695717115328,1.1594716310501099,1.1594716310501099,46800,0.0,0.0
1987-02-18 00:00:00-05:00,0.0,1.2058496932150833,1.174930453300476,1.174930453300476,198900,0.0,0.0
1987-02-19 00:00:00-05:00,0.0,1.2367689331296905,1.174930453300476,1.174930453300476,48600,0.0,0.0
1987-02-20 00:00:00-05:00,0.0,1.2676882576988633,1.2058496475219727,1.2058496475219727,146700,0.0,0.0
1987-02-23 00:00:00-05:00,1.2058496475219727,1.2058496475219727,1.2058496475219727,1.2058496475219727,0,0.0,0.0
1987-02-24 00:00:00-05:00,0.0,1.2676882576988633,1.2058496475219727,1.2058496475219727,65700,0.0,0.0
1987-02-25 00:00:00-05:00,0.0,1.2676882576988633,1.2058496475219727,1.2058496475219727,8100,0.0,0.0
1987-02-26 00:00:00-05:00,0.0,1.2676882576988633,1.2058496475219727,1.2058496475219727,1800,0.0,0.0
1987-02-27 00:00:00-05:00,0.0,1.2676882576988633,1.2058496475219727,1.2058496475219727,3600,0.0,0.0
1987-03-02 00:00:00-05:00,0.0,1.2676882576988633,1.2058496475219727,1.2058496475219727,37800,0.0,0.0
1987-03-03 00:00:00-05:00,0.0,1.2676882576988633,1.2058496475219727,1.2058496475219727,49500,0.0,0.0
1987-03-04 00:00:00-05:00,0.0,1.2676882576988633,1.2058496475219727,1.2058496475219727,157500,0.0,0.0
1987-03-05 00:00:00-05:00,0.0,1.329526431024222,1.2367686033248901,1.2367686033248901,15300,0.0,0.0
1987-03-06 00:00:00-05:00,0.0,1.3604456032786016,1.2676880359649658,1.2676880359649658,507600,0.0,0.0
1987-03-09 00:00:00-05:00,0.0,1.3604466862759315,1.2986083030700684,1.2986083030700684,9000,0.0,0.0
1987-03-10 00:00:00-05:00,0.0,1.2986071993547394,1.2367686033248901,1.2367686033248901,43200,0.0,0.0
1987-03-11 00:00:00-05:00,0.0,1.2986071993547394,1.2367686033248901,1.2367686033248901,11700,0.0,0.0
1987-03-12 00:00:00-05:00,0.0,1.2986071993547394,1.2367686033248901,1.2367686033248901,8100,0.0,0.0
1987-03-13 00:00:00-05:00,0.0,1.2676879676852566,1.2367686033248901,1.2367686033248901,40500,0.0,0.0
1987-03-16 00:00:00-05:00,0.0,1.2676879676852566,1.2367686033248901,1.2367686033248901,45000,0.0,0.0
1987-03-17 00:00:00-05:00,1.2367686033248901,1.2367686033248901,1.2367686033248901,1.2367686033248901,0,0.0,0.0
1987-03-18 00:00:00-05:00,0.0,1.2986071993547394,1.2367686033248901,1.2367686033248901,3600,0.0,0.0
1987-03-19 00:00:00-05:00,0.0,1.2986080383180048,1.25222909450531,1.25222909450531,76500,0.0,0.0
1987-03-20 00:00:00-05:00,1.25222909450531,1.25222909450531,1.25222909450531,1.25222909450531,0,0.0,0.0
1987-03-23 00:00:00-05:00,0.0,1.3295265026346503,1.2676880359649658,1.2676880359649658,108900,0.0,0.0
1987-03-24 00:00:00-05:00,0.0,1.3295265026346503,1.2676880359649658,1.2676880359649658,63900,0.0,0.0
1987-03-25 00:00:00-05:00,1.2676880359649658,1.2676880359649658,1.2676880359649658,1.2676880359649658,0,0.0,0.0
1987-03-26 00:00:00-05:00,0.0,1.3604466862759315,1.2986083030700684,1.2986083030700684,33300,0.0,0.0
1987-03-27 00:00:00-05:00,1.2986083030700684,1.2986083030700684,1.2986083030700684,1.2986083030700684,0,0.0,0.0
1987-03-30 00:00:00-05:00,0.0,1.3295265026346503,1.2676880359649658,1.2676880359649658,88200,0.0,0.0
1987-03-31 00:00:00-05:00,0.0,1.3295265026346503,1.2676880359649658,1.2676880359649658,50400,0.0,0.0
1987-04-01 00:00:00-05:00,0.0,1.3295265026346503,1.2676880359649658,1.2676880359649658,83700,0.0,0.0
1987-04-02 00:00:00-05:00,1.2676880359649658,1.2676880359649658,1.2676880359649658,1.2676880359649658,0,0.0,0.0
1987-04-03 00:00:00-05:00,0.0,1.3295265026346503,1.2676880359649658,1.2676880359649658,111600,0.0,0.0
1987-04-06 00:00:00-04:00,0.0,1.3295265026346503,1.2676880359649658,1.2676880359649658,108900,0.0,0.0
1987-04-07 00:00:00-04:00,0.0,1.298607269299808,1.2676880359649658,1.2676880359649658,62100,0.0,0.0
1987-04-08 00:00:00-04:00,0.0,1.3604456032786016,1.2676880359649658,1.2676880359649658,27000,0.0,0.0
1987-04-09 00:00:00-04:00,0.0,1.3604456032786016,1.2676880359649658,1.2676880359649658,7200,0.0,0.0
1987-04-10 00:00:00-04:00,1.2676880359649658,1.2676880359649658,1.2676880359649658,1.2676880359649658,0,0.0,0.0
1987-04-13 00:00:00-04:00,0.0,1.3604456032786016,1.2676880359649658,1.2676880359649658,216000,0.0,0.0
1987-04-14 00:00:00-04:00,0.0,1.3604456032786016,1.2676880359649658,1.2676880359649658,5400,0.0,0.0
1987-04-15 00:00:00-04:00,1.2676880359649658,1.2676880359649658,1.2676880359649658,1.2676880359649658,0,0.0,0.0
1987-04-16 00:00:00-04:00,1.2676880359649658,1.2676880359649658,1.2676880359649658,1.2676880359649658,0,0.0,0.0
1987-04-20 00:00:00-04:00,1.2676880359649658,1.2676880359649658,1.2676880359649658,1.2676880359649658,0,0.0,0.0
1987-04-21 00:00:00-04:00,1.2676880359649658,1.2676880359649658,1.2676880359649658,1.2676880359649658,0,0.0,0.0
1987-04-22 00:00:00-04:00,0.0,1.3604456032786016,1.2676880359649658,1.2676880359649658,19800,0.0,0.0
1987-04-23 00:00:00-04:00,0.0,1.3295265026346503,1.2676880359649658,1.2676880359649658,18900,0.0,0.0
1987-04-24 00:00:00-04:00,0.0,1.3295265026346503,1.2676880359649658,1.2676880359649658,82800,0.0,0.0
1987-04-27 00:00:00-04:00,0.0,1.2986072120963665,1.2213090658187866,1.2213090658187866,22500,0.0,0.0
1987-04-28 00:00:00-04:00,0.0,1.2986072120963665,1.2213090658187866,1.2213090658187866,17100,0.0,0.0
1987-04-29 00:00:00-04:00,0.0,1.2986072120963665,1.2213090658187866,1.2213090658187866,7200,0.0,0.0
1987-04-30 00:00:00-04:00,1.2213090658187866,1.2213090658187866,1.2213090658187866,1.2213090658187866,0,0.0,0.0
1987-05-01 00:00:00-04:00,1.2213090658187866,1.2213090658187866,1.2213090658187866,1.2213090658187866,0,0.0,0.0
1987-05-04 00:00:00-04:00,0.0,1.2986072120963665,1.2213090658187866,1.2213090658187866,4500,0.0,0.0
1987-05-05 00:00:00-04:00,0.0,1.2986072120963665,1.2213090658187866,1.2213090658187866,7200,0.0,0.0
1987-05-06 00:00:00-04:00,0.0,1.2986072120963665,1.2213090658187866,1.2213090658187866,900,0.0,0.0
1987-05-07 00:00:00-04:00,1.2213090658187866,1.2213090658187866,1.2213090658187866,1.2213090658187866,0,0.0,0.0
1987-05-08 00:00:00-04:00,0.0,1.2986072120963665,1.2213090658187866,1.2213090658187866,900,0.0,0.0
1987-05-11 00:00:00-04:00,0.0,1.2986072120963665,1.2213090658187866,1.2213090658187866,0,0.0,0.0
1987-05-12 00:00:00-04:00,1.2213090658187866,1.2213090658187866,1.2213090658187866,1.2213090658187866,0,0.0,0.0
1987-05-13 00:00:00-04:00,1.2213090658187866,1.2213090658187866,1.2213090658187866,1.2213090658187866,0,0.0,0.0
1987-05-14 00:00:00-04:00,0.0,1.2986072120963665,1.2213090658187866,1.2213090658187866,3600,0.0,0.0
1987-05-15 00:00:00-04:00,0.0,1.2986074964418517,1.2058496475219727,1.2058496475219727,14400,0.0,0.0
1987-05-18 00:00:00-04:00,1.2459598779678345,1.2459598779678345,1.2459598779678345,1.2459598779678345,0,0.1395,0.0
1987-05-19 00:00:00-04:00,0.0,1.3258294462507463,1.2140123844146729,1.2140123844146729,9900,0.0,0.0
1987-05-20 00:00:00-04:00,1.2140123844146729,1.2140123844146729,1.2140123844146729,1.2140123844146729,0,0.0,0.0
1987-05-21 00:00:00-04:00,0.0,1.3098556586196741,1.2140123844146729,1.2140123844146729,28800,0.0,0.0
1987-05-22 00:00:00-04:00,0.0,1.3098556586196741,1.2140123844146729,1.2140123844146729,900,0.0,0.0
1987-05-26 00:00:00-04:00,1.2140123844146729,1.2140123844146729,1.2140123844146729,1.2140123844146729,0,0.0,0.0
1987-05-27 00:00:00-04:00,0.0,1.3098556586196741,1.2140123844146729,1.2140123844146729,102600,0.0,0.0
1987-05-28 00:00:00-04:00,0.0,1.2938817338839599,1.2140123844146729,1.2140123844146729,94500,0.0,0.0
1987-05-29 00:00:00-04:00,0.0,1.309855513522445,1.2299863100051882,1.229986310005188,357300,0.0,0.0
1987-06-01 00:00:00-04:00,0.0,1.309855513522445,1.2299863100051882,1.229986310005188,900,0.0,0.0
1987-06-02 00:00:00-04:00,0.0,1.309855513522445,1.2299863100051882,1.229986310005188,9000,0.0,0.0
1987-06-03 00:00:00-04:00,0.0,1.309855513522445,1.2299863100051882,1.229986310005188,9000,0.0,0.0
1987-06-04 00:00:00-04:00,1.2299863100051882,1.2299863100051882,1.2299863100051882,1.229986310005188,0,0.0,0.0
1987-06-05 00:00:00-04:00,0.0,1.3098554285848074,1.2459598779678345,1.2459598779678345,2700,0.0,0.0
1987-06-08 00:00:00-04:00,0.0,1.3098554285848074,1.2459598779678345,1.2459598779678345,2700,0.0,0.0
1987-06-09 00:00:00-04:00,1.2459598779678345,1.2459598779678345,1.2459598779678345,1.2459598779678345,0,0.0,0.0
1987-06-10 00:00:00-04:00,0.0,1.3098554285848074,1.2459598779678345,1.2459598779678345,27000,0.0,0.0
1987-06-11 00:00:00-04:00,0.0,1.3098554285848074,1.2459598779678345,1.2459598779678345,3600,0.0,0.0
1987-06-12 00:00:00-04:00,1.2459598779678345,1.2459598779678345,1.2459598779678345,1.2459598779678345,0,0.0,0.0
1987-06-15 00:00:00-04:00,0.0,1.3098554285848074,1.2459598779678345,1.2459598779678345,54900,0.0,0.0
1987-06-16 00:00:00-04:00,1.2459598779678345,1.2459598779678345,1.2459598779678345,1.2459598779678345,0,0.0,0.0
1987-06-17 00:00:00-04:00,0.0,1.2459608025359943,1.1980394124984741,1.1980394124984741,900,0.0,0.0
1987-06-18 00:00:00-04:00,0.0,1.2459608025359943,1.1980394124984741,1.1980394124984741,9000,0.0,0.0
1987-06-19 00:00:00-04:00,0.0,1.2619340215171735,1.2140123844146729,1.2140123844146729,186300,0.0,0.0
1987-06-22 00:00:00-04:00,0.0,1.3098556586196741,1.2140123844146729,1.2140123844146729,900,0.0,0.0
1987-06-23 00:00:00-04:00,1.2140123844146729,1.2140123844146729,1.2140123844146729,1.2140123844146729,0,0.0,0.0
1987-06-24 00:00:00-04:00,1.2140123844146729,1.2140123844146729,1.2140123844146729,1.2140123844146729,0,0.0,0.0
1987-06-25 00:00:00-04:00,0.0,1.2619340215171735,1.2140123844146729,1.2140123844146729,5400,0.0,0.0
1987-06-26 00:00:00-04:00,0.0,1.27790766758999,1.2299863100051882,1.229986310005188,315900,0.0,0.0
1987-06-29 00:00:00-04:00,1.2299863100051882,1.2299863100051882,1.2299863100051882,1.229986310005188,0,0.0,0.0
1987-06-30 00:00:00-04:00,0.0,1.2779078091482456,1.2140123844146729,1.2140123844146729,61200,0.0,0.0
1987-07-01 00:00:00-04:00,1.2140123844146729,1.2140123844146729,1.2140123844146729,1.2140123844146729,0,0.0,0.0
1987-07-02 00:00:00-04:00,0.0,1.2779078091482456,1.2140123844146729,1.2140123844146729,900,0.0,0.0
1987-07-06 00:00:00-04:00,0.0,1.277908532999061,1.1980394124984741,1.1980394124984741,2700,0.0,0.0
1987-07-07 00:00:00-04:00,0.0,1.27790766758999,1.2299863100051882,1.229986310005188,25200,0.0,0.0
1987-07-08 00:00:00-04:00,1.2299863100051882,1.2299863100051882,1.2299863100051882,1.229986310005188,0,0.0,0.0
1987-07-09 00:00:00-04:00,0.0,1.27790766758999,1.2299863100051882,1.229986310005188,1800,0.0,0.0
1987-07-10 00:00:00-04:00,0.0,1.27790766758999,1.2299863100051882,1.229986310005188,36000,0.0,0.0
1987-07-13 00:00:00-04:00,0.0,1.2619338817283894,1.2299863100051882,1.229986310005188,900,0.0,0.0
1987-07-14 00:00:00-04:00,0.0,1.261934135823474,1.2219995260238647,1.2219995260238647,6300,0.0,0.0
1987-07-15 00:00:00-04:00,0.0,1.261934135823474,1.2219995260238647,1.2219995260238647,0,0.0,0.0
1987-07-16 00:00:00-04:00,0.0,1.261934135823474,1.2219995260238647,1.2219995260238647,86400,0.0,0.0
1987-07-17 00:00:00-04:00,0.0,1.2539471277016374,1.2140123844146729,1.2140123844146729,12600,0.0,0.0
1987-07-20 00:00:00-04:00,0.0,1.245959318476601,1.1900509595870972,1.1900509595870972,3600,0.0,0.0
1987-07-21 00:00:00-04:00,0.0,1.2459604342131845,1.1820651292800903,1.1820651292800903,1800,0.0,0.0
1987-07-22 00:00:00-04:00,0.0,1.2459604342131845,1.1820651292800903,1.1820651292800903,21600,0.0,0.0
1987-07-23 00:00:00-04:00,1.1820651292800903,1.1820651292800903,1.1820651292800903,1.1820651292800903,0,0.0,0.0
1987-07-24 00:00:00-04:00,0.0,1.2459604342131845,1.1820651292800903,1.1820651292800903,30600,0.0,0.0
1987-07-27 00:00:00-04:00,0.0,1.2459604342131845,1.1820651292800903,1.1820651292800903,13500,0.0,0.0
1987-07-28 00:00:00-04:00,0.0,1.2459604342131845,1.1820651292800903,1.1820651292800903,0,0.0,0.0
1987-07-29 00:00:00-04:00,1.1820651292800903,1.1820651292800903,1.1820651292800903,1.1820651292800903,0,0.0,0.0
1987-07-30 00:00:00-04:00,1.1820651292800903,1.1820651292800903,1.1820651292800903,1.1820651292800903,0,0.0,0.0
1987-07-31 00:00:00-04:00,1.1820651292800903,1.1820651292800903,1.1820651292800903,1.1820651292800903,0,0.0,0.0
1987-08-03 00:00:00-04:00,0.0,1.2459604342131845,1.1820651292800903,1.1820651292800903,88200,0.0,0.0
1987-08-04 00:00:00-04:00,1.1820651292800903,1.1820651292800903,1.1820651292800903,1.1820651292800903,0,0.0,0.0
1987-08-05 00:00:00-04:00,0.0,1.245959318476601,1.1900509595870972,1.1900509595870972,67500,0.0,0.0
1987-08-06 00:00:00-04:00,0.0,1.245959318476601,1.1900509595870972,1.1900509595870972,10800,0.0,0.0
1987-08-07 00:00:00-04:00,0.0,1.245959318476601,1.1900509595870972,1.1900509595870972,1800,0.0,0.0
1987-08-10 00:00:00-04:00,1.2315605878829956,1.2315605878829956,1.2315605878829956,1.2315605878829956,0,0.1395,0.0
1987-08-11 00:00:00-04:00,0.0,1.2894190609062186,1.2315605878829956,1.2315605878829956,1800,0.0,0.0
1987-08-12 00:00:00-04:00,0.0,1.2894196774103948,1.2398267984390259,1.2398267984390259,19800,0.0,0.0
1987-08-13 00:00:00-04:00,0.0,1.2894196774103948,1.2398267984390259,1.2398267984390259,900,0.0,0.0
1987-08-14 00:00:00-04:00,0.0,1.2894190609062186,1.2315605878829956,1.2315605878829956,10800,0.0,0.0
1987-08-17 00:00:00-04:00,0.0,1.2894190609062186,1.2315605878829956,1.2315605878829956,18000,0.0,0.0
1987-08-18 00:00:00-04:00,0.0,1.2894190609062186,1.2315605878829956,1.2315605878829956,5400,0.0,0.0
1987-08-19 00:00:00-04:00,0.0,1.2894190609062186,1.2315605878829956,1.2315605878829956,1800,0.0,0.0
1987-08-20 00:00:00-04:00,0.0,1.2894190609062186,1.2315605878829956,1.2315605878829956,3600,0.0,0.0
1987-08-21 00:00:00-04:00,0.0,1.2894190609062186,1.2315605878829956,1.2315605878829956,54000,0.0,0.0
1987-08-24 00:00:00-04:00,0.0,1.2894190609062186,1.2315605878829956,1.2315605878829956,9000,0.0,0.0
1987-08-25 00:00:00-04:00,0.0,1.2894190609062186,1.2315605878829956,1.2315605878829956,4500,0.0,0.0
1987-08-26 00:00:00-04:00,0.0,1.2894190609062186,1.2315605878829956,1.2315605878829956,19800,0.0,0.0
1987-08-27 00:00:00-04:00,0.0,1.2894190609062186,1.2315605878829956,1.2315605878829956,1509300,0.0,0.0
1987-08-28 00:00:00-04:00,1.2315605878829956,1.2315605878829956,1.2315605878829956,1.2315605878829956,0,0.0,0.0
1987-08-31 00:00:00-04:00,0.0,1.2894196774103948,1.2398267984390259,1.2398267984390259,18000,0.0,0.0
1987-09-01 00:00:00-04:00,0.0,1.3390127559997596,1.2728887796401975,1.2728887796401978,152100,0.0,0.0
1987-09-02 00:00:00-04:00,0.0,1.3390134317334565,1.289420247077942,1.289420247077942,37800,0.0,0.0
1987-09-03 00:00:00-04:00,0.0,1.3390134317334565,1.289420247077942,1.289420247077942,10800,0.0,0.0
1987-09-04 00:00:00-04:00,0.0,1.3390134317334565,1.289420247077942,1.289420247077942,7200,0.0,0.0
1987-09-08 00:00:00-04:00,0.0,1.3390134317334565,1.289420247077942,1.289420247077942,2700,0.0,0.0
1987-09-09 00:00:00-04:00,1.289420247077942,1.289420247077942,1.289420247077942,1.289420247077942,0,0.0,0.0
1987-09-10 00:00:00-04:00,0.0,1.3472790571006883,1.289420247077942,1.289420247077942,6300,0.0,0.0
1987-09-11 00:00:00-04:00,0.0,1.3390125771294674,1.3059505224227905,1.3059505224227905,135000,0.0,0.0
1987-09-14 00:00:00-04:00,0.0,1.3390125771294674,1.3059505224227905,1.3059505224227905,4500,0.0,0.0
1987-09-15 00:00:00-04:00,0.0,1.3224814788326897,1.3059505224227905,1.3059505224227905,28800,0.0,0.0
1987-09-16 00:00:00-04:00,0.0,1.3390125771294674,1.3059505224227905,1.3059505224227905,177300,0.0,0.0
1987-09-17 00:00:00-04:00,0.0,1.3390125771294674,1.3059505224227905,1.3059505224227905,135000,0.0,0.0
1987-09-18 00:00:00-04:00,0.0,1.3390125771294674,1.3059505224227905,1.3059505224227905,198000,0.0,0.0
1987-09-21 00:00:00-04:00,0.0,1.3390125771294674,1.3059505224227905,1.3059505224227905,18900,0.0,0.0
1987-09-22 00:00:00-04:00,0.0,1.3390125771294674,1.3059505224227905,1.3059505224227905,81000,0.0,0.0
1987-09-23 00:00:00-04:00,0.0,1.3390125771294674,1.3059505224227905,1.3059505224227905,26100,0.0,0.0
1987-09-24 00:00:00-04:00,0.0,1.3390125771294674,1.3059505224227905,1.3059505224227905,8100,0.0,0.0
1987-09-25 00:00:00-04:00,0.0,1.3390125771294674,1.3059505224227905,1.3059505224227905,43200,0.0,0.0
1987-09-28 00:00:00-04:00,1.3059505224227905,1.3059505224227905,1.3059505224227905,1.3059505224227905,0,0.0,0.0
1987-09-29 00:00:00-04:00,0.0,1.3390134205300226,1.2976858615875244,1.2976858615875244,11700,0.0,0.0
1987-09-30 00:00:00-04:00,0.0,1.3390125771294674,1.3059505224227905,1.3059505224227905,128700,0.0,0.0
1987-10-01 00:00:00-04:00,1.3059505224227905,1.3059505224227905,1.3059505224227905,1.3059505224227905,0,0.0,0.0
1987-10-02 00:00:00-04:00,0.0,1.3390134205300226,1.2976858615875244,1.2976858615875244,9900,0.0,0.0
1987-10-05 00:00:00-04:00,0.0,1.3390134205300226,1.2976858615875244,1.2976858615875244,18900,0.0,0.0
1987-10-06 00:00:00-04:00,0.0,1.3555445292392025,1.2976858615875244,1.2976858615875244,1800,0.0,0.0
1987-10-07 00:00:00-04:00,0.0,1.3720754960614145,1.2976858615875244,1.2976858615875244,5400,0.0,0.0
1987-10-08 00:00:00-04:00,0.0,1.3886066047705945,1.2976858615875244,1.2976858615875244,900,0.0,0.0
1987-10-09 00:00:00-04:00,0.0,1.3886066047705945,1.2976858615875244,1.2976858615875244,41400,0.0,0.0
1987-10-12 00:00:00-04:00,1.2976858615875244,1.2976858615875244,1.2976858615875244,1.2976858615875244,0,0.0,0.0
1987-10-13 00:00:00-04:00,0.0,1.3886066047705945,1.2976858615875244,1.2976858615875244,254700,0.0,0.0
1987-10-14 00:00:00-04:00,0.0,1.3886066047705945,1.2976858615875244,1.2976858615875244,900,0.0,0.0
1987-10-15 00:00:00-04:00,0.0,1.3886066047705945,1.2976858615875244,1.2976858615875244,45000,0.0,0.0
1987-10-16 00:00:00-04:00,0.0,1.3886066047705945,1.2976858615875244,1.2976858615875244,60300,0.0,0.0
1987-10-19 00:00:00-04:00,0.0,1.2894193654034223,1.2563573122024536,1.2563573122024536,90900,0.0,0.0
1987-10-20 00:00:00-04:00,0.0,1.2894190609062186,1.2315605878829956,1.2315605878829956,31500,0.0,0.0
1987-10-21 00:00:00-04:00,0.0,1.289420131592073,1.1984996795654297,1.1984996795654297,14400,0.0,0.0
1987-10-22 00:00:00-04:00,0.0,1.289420131592073,1.1984996795654297,1.1984996795654297,6300,0.0,0.0
1987-10-23 00:00:00-04:00,0.0,1.2398262463792382,1.1571711301803589,1.1571711301803589,17100,0.0,0.0
1987-10-26 00:00:00-05:00,0.0,0.9918612588029289,0.9092063903808594,0.9092063903808594,62100,0.0,0.0
1987-10-27 00:00:00-05:00,0.0,1.0249231744048801,0.9422683119773865,0.9422683119773865,0,0.0,0.0
1987-10-28 00:00:00-05:00,0.9422683119773865,0.9422683119773865,0.9422683119773865,0.9422683119773865,0,0.0,0.0
1987-10-29 00:00:00-05:00,0.0,1.0249231744048801,0.9422683119773865,0.9422683119773865,9000,0.0,0.0
1987-10-30 00:00:00-05:00,0.0,1.024922583904255,0.9587986469268799,0.9587986469268799,63000,0.0,0.0
1987-11-02 00:00:00-05:00,0.0,1.02492271436505,0.9257367253303528,0.9257367253303528,33300,0.0,0.0
1987-11-03 00:00:00-05:00,0.0,0.9918605997642278,0.8926746249198914,0.8926746249198914,54900,0.0,0.0
1987-11-04 00:00:00-05:00,0.0,0.9753295805047477,0.8761433362960815,0.8761433362960815,72900,0.0,0.0
1987-11-05 00:00:00-05:00,0.0,0.9587984925077068,0.8761433362960815,0.8761433362960815,27000,0.0,0.0
1987-11-06 00:00:00-05:00,0.0,0.9587984925077068,0.8761433362960815,0.8761433362960815,48600,0.0,0.0
1987-11-09 00:00:00-05:00,0.0,0.9587984925077068,0.8761433362960815,0.8761433362960815,66600,0.0,0.0
1987-11-10 00:00:00-05:00,0.0,0.9587984925077068,0.8761433362960815,0.8761433362960815,30600,0.0,0.0
1987-11-11 00:00:00-05:00,0.0,0.9753295805047477,0.8761433362960815,0.8761433362960815,64800,0.0,0.0
1987-11-12 00:00:00-05:00,0.8761433362960815,0.8761433362960815,0.8761433362960815,0.8761433362960815,0,0.0,0.0
1987-11-13 00:00:00-05:00,0.0,0.9753297221958471,0.8926746249198914,0.8926746249198914,26100,0.0,0.0
1987-11-16 00:00:00-05:00,0.0,1.0228947593639837,0.9362087249755859,0.9362087249755859,0,0.1395,0.0
1987-11-17 00:00:00-05:00,0.0,1.0228947593639837,0.9362087249755859,0.9362087249755859,28800,0.0,0.0
1987-11-18 00:00:00-05:00,0.0,1.0402320410384767,0.9535462856292725,0.9535462856292725,50400,0.0,0.0
1987-11-19 00:00:00-05:00,0.0,1.0402318250368827,0.9708830714225769,0.9708830714225769,17100,0.0,0.0
1987-11-20 00:00:00-05:00,0.0,1.0402318250368827,0.9708830714225769,0.9708830714225769,16200,0.0,0.0
1987-11-23 00:00:00-05:00,0.0,1.0228947668388804,0.9708830714225769,0.9708830714225769,229500,0.0,0.0
1987-11-24 00:00:00-05:00,0.0,1.0228947668388804,0.9708830714225769,0.9708830714225769,7200,0.0,0.0
1987-11-25 00:00:00-05:00,0.0,1.0228947668388804,0.9708830714225769,0.9708830714225769,3600,0.0,0.0
1987-11-27 00:00:00-05:00,0.9708830714225769,0.9708830714225769,0.9708830714225769,0.9708830714225769,0,0.0,0.0
1987-11-30 00:00:00-05:00,0.0,1.0055576942328748,0.9535462856292725,0.9535462856292725,12600,0.0,0.0
1987-12-01 00:00:00-05:00,0.0,1.0055574780831193,0.9362087249755859,0.9362087249755859,8100,0.0,0.0
1987-12-02 00:00:00-05:00,0.0,0.9362088543792317,0.8668600916862489,0.8668600916862488,124200,0.0,0.0
1987-12-03 00:00:00-05:00,0.8668600916862489,0.8668600916862489,0.8668600916862489,0.8668600916862488,0,0.0,0.0
1987-12-04 00:00:00-05:00,0.0,0.9708830278173836,0.8841969966888428,0.8841969966888428,14400,0.0,0.0
1987-12-07 00:00:00-05:00,0.8841969966888428,0.8841969966888428,0.8841969966888428,0.8841969966888428,0,0.0,0.0
1987-12-08 00:00:00-05:00,0.8841969966888428,0.8841969966888428,0.8841969966888428,0.8841969966888428,0,0.0,0.0
1987-12-09 00:00:00-05:00,0.0,0.9708836985832845,0.9015349745750427,0.9015349745750427,900,0.0,0.0
1987-12-10 00:00:00-05:00,0.0,0.9708836985832845,0.9015349745750427,0.9015349745750427,3600,0.0,0.0
1987-12-11 00:00:00-05:00,0.0,0.9708836985832845,0.9015349745750427,0.9015349745750427,62100,0.0,0.0
1987-12-14 00:00:00-05:00,0.0,0.9708836985832845,0.9015349745750427,0.9015349745750427,7200,0.0,0.0
1987-12-15 00:00:00-05:00,0.0,0.9708836985832845,0.9015349745750427,0.9015349745750427,90000,0.0,0.0
1987-12-16 00:00:00-05:00,0.0,0.9708836985832845,0.9015349745750427,0.9015349745750427,28800,0.0,0.0
1987-12-17 00:00:00-05:00,0.0,0.9708836985832845,0.9015349745750427,0.9015349745750427,9900,0.0,0.0
1987-12-18 00:00:00-05:00,0.0,0.9708836985832845,0.9015349745750427,0.9015349745750427,3600,0.0,0.0
1987-12-21 00:00:00-05:00,0.0,0.9708836985832845,0.9015349745750427,0.9015349745750427,9000,0.0,0.0
1987-12-22 00:00:00-05:00,0.0,0.9708830278173836,0.8841969966888428,0.8841969966888428,76500,0.0,0.0
1987-12-23 00:00:00-05:00,0.0,0.9708830278173836,0.8841969966888428,0.8841969966888428,2700,0.0,0.0
1987-12-24 00:00:00-05:00,0.0,0.9708830278173836,0.8841969966888428,0.8841969966888428,900,0.0,0.0
1987-12-28 00:00:00-05:00,0.8841969966888428,0.8841969966888428,0.8841969966888428,0.8841969966888428,0,0.0,0.0
1987-12-29 00:00:00-05:00,0.0,0.9708830278173836,0.8841969966888428,0.8841969966888428,9900,0.0,0.0
1987-12-30 00:00:00-05:00,0.0,0.9708830278173836,0.8841969966888428,0.8841969966888428,2700,0.0,0.0
1987-12-31 00:00:00-05:00,0.0,0.9708830278173836,0.8841969966888428,0.8841969966888428,15300,0.0,0.0
1988-01-04 00:00:00-05:00,0.0,0.9708830278173836,0.8841969966888428,0.8841969966888428,32400,0.0,0.0
1988-01-05 00:00:00-05:00,0.0,0.9708836985832845,0.9015349745750427,0.9015349745750427,18900,0.0,0.0
1988-01-06 00:00:00-05:00,0.0,0.9708836985832845,0.9015349745750427,0.9015349745750427,8100,0.0,0.0
1988-01-07 00:00:00-05:00,0.0,0.9708836985832845,0.9015349745750427,0.9015349745750427,4500,0.0,0.0
1988-01-08 00:00:00-05:00,0.0,0.9708836985832845,0.9015349745750427,0.9015349745750427,28800,0.0,0.0
1988-01-11 00:00:00-05:00,0.0,0.9708836985832845,0.9015349745750427,0.9015349745750427,11700,0.0,0.0
1988-01-12 00:00:00-05:00,0.9015349745750427,0.9015349745750427,0.9015349745750427,0.9015349745750427,0,0.0,0.0
1988-01-13 00:00:00-05:00,0.0,1.02289426578077,0.9188709259033203,0.9188709259033203,419400,0.0,0.0
1988-01-14 00:00:00-05:00,0.0,1.0228947593639837,0.9362087249755859,0.9362087249755859,3600,0.0,0.0
1988-01-15 00:00:00-05:00,0.0,1.0228947593639837,0.9362087249755859,0.9362087249755859,2700,0.0,0.0
1988-01-18 00:00:00-05:00,0.0,1.0228947593639837,0.9362087249755859,0.9362087249755859,12600,0.0,0.0
1988-01-19 00:00:00-05:00,0.0,1.0402318250368827,0.9708830714225769,0.9708830714225769,2700,0.0,0.0
1988-01-20 00:00:00-05:00,0.0,1.0402318250368827,0.9708830714225769,0.9708830714225769,36900,0.0,0.0
1988-01-21 00:00:00-05:00,0.0,1.0402318250368827,0.9708830714225769,0.9708830714225769,9000,0.0,0.0
1988-01-22 00:00:00-05:00,0.0,1.0402319151775532,0.9882205128669738,0.9882205128669739,23400,0.0,0.0
1988-01-25 00:00:00-05:00,0.0,1.0402316318254683,1.0055572986602783,1.0055572986602783,136800,0.0,0.0
1988-01-26 00:00:00-05:00,0.0,1.0402316318254683,1.0055572986602783,1.0055572986602783,126000,0.0,0.0
1988-01-27 00:00:00-05:00,1.0055572986602783,1.0055572986602783,1.0055572986602783,1.0055572986602783,0,0.0,0.0
1988-01-28 00:00:00-05:00,0.0,1.1442555392152485,1.0749064683914185,1.0749064683914185,9900,0.0,0.0
1988-01-29 00:00:00-05:00,1.0749064683914185,1.0749064683914185,1.0749064683914185,1.0749064683914185,0,0.0,0.0
1988-02-01 00:00:00-05:00,0.0,1.1442551242504513,1.0922434329986572,1.0922434329986572,900,0.0,0.0
1988-02-02 00:00:00-05:00,0.0,1.1442551242504513,1.0922434329986572,1.0922434329986572,225900,0.0,0.0
1988-02-03 00:00:00-05:00,0.0,1.1442551242504513,1.0922434329986572,1.0922434329986572,900,0.0,0.0
1988-02-04 00:00:00-05:00,0.0,1.1442551242504513,1.0922434329986572,1.0922434329986572,294300,0.0,0.0
1988-02-05 00:00:00-05:00,1.0922434329986572,1.0922434329986572,1.0922434329986572,1.0922434329986572,0,0.0,0.0
1988-02-08 00:00:00-05:00,0.0,1.1442551242504513,1.0922434329986572,1.0922434329986572,6300,0.0,0.0
1988-02-09 00:00:00-05:00,0.0,1.1442551242504513,1.0922434329986572,1.0922434329986572,16200,0.0,0.0
1988-02-10 00:00:00-05:00,0.0,1.1442551242504513,1.0922434329986572,1.0922434329986572,900,0.0,0.0
1988-02-11 00:00:00-05:00,0.0,1.1442551242504513,1.0922434329986572,1.0922434329986572,1800,0.0,0.0
1988-02-12 00:00:00-05:00,0.0,1.191755239176473,1.1375844478607178,1.1375844478607178,3600,0.1395,0.0
1988-02-16 00:00:00-05:00,0.0,1.1917555332183838,1.1917555332183838,1.1917555332183838,900,0.0,0.0
1988-02-17 00:00:00-05:00,0.0,1.155641210416615,1.1375841554662691,1.1466126441955566,81900,0.0,0.0
1988-02-18 00:00:00-05:00,1.1466126441955566,1.1466126441955566,1.1466126441955566,1.1466126441955566,0,0.0,0.0
1988-02-19 00:00:00-05:00,1.1466126441955566,1.1466126441955566,1.1466126441955566,1.1466126441955566,0,0.0,0.0
1988-02-22 00:00:00-05:00,0.0,1.1375844478607178,1.1375844478607178,1.1375844478607178,4500,0.0,0.0
1988-02-23 00:00:00-05:00,1.1375844478607178,1.1375844478607178,1.1375844478607178,1.1375844478607178,0,0.0,0.0
1988-02-24 00:00:00-05:00,0.0,1.1556419134140015,1.1375848474792234,1.1556419134140015,44100,0.0,0.0
1988-02-25 00:00:00-05:00,1.1556419134140015,1.1556419134140015,1.1556419134140015,1.1556419134140015,0,0.0,0.0
1988-02-26 00:00:00-05:00,0.0,1.1917555332183838,1.1917555332183838,1.1917555332183838,1800,0.0,0.0
1988-02-29 00:00:00-05:00,0.0,1.1917554720699182,1.1827269792556763,1.1827269792556763,62100,0.0,0.0
1988-03-01 00:00:00-05:00,0.0,1.227868914604187,1.227868914604187,1.227868914604187,900,0.0,0.0
1988-03-02 00:00:00-05:00,0.0,1.227868914604187,1.1736981257721044,1.227868914604187,1800,0.0,0.0
1988-03-03 00:00:00-05:00,1.227868914604187,1.227868914604187,1.227868914604187,1.227868914604187,0,0.0,0.0
1988-03-04 00:00:00-05:00,0.0,1.2098122872979342,1.1917555332183838,1.1917555332183838,52200,0.0,0.0
1988-03-07 00:00:00-05:00,0.0,1.1736985445022583,1.1736985445022583,1.1736985445022583,6300,0.0,0.0
1988-03-08 00:00:00-05:00,0.0,1.2098122835159302,1.2098122835159302,1.2098122835159302,900,0.0,0.0
1988-03-09 00:00:00-05:00,0.0,1.2820398807525635,1.2820398807525635,1.2820398807525635,13500,0.0,0.0
1988-03-10 00:00:00-05:00,1.2820398807525635,1.2820398807525635,1.2820398807525635,1.2820398807525635,0,0.0,0.0
1988-03-11 00:00:00-05:00,0.0,1.227868914604187,1.2098119333323014,1.227868914604187,36000,0.0,0.0
1988-03-14 00:00:00-05:00,0.0,1.2820396283217828,1.2730114459991455,1.2730114459991455,15300,0.0,0.0
1988-03-15 00:00:00-05:00,0.0,1.2820398807525635,1.2639832025847637,1.2820398807525635,18900,0.0,0.0
1988-03-16 00:00:00-05:00,1.2820398807525635,1.2820398807525635,1.2820398807525635,1.2820398807525635,0,0.0,0.0
1988-03-17 00:00:00-05:00,1.2820398807525635,1.2820398807525635,1.2820398807525635,1.2820398807525635,0,0.0,0.0
1988-03-18 00:00:00-05:00,0.0,1.2820398807525635,1.2820398807525635,1.2820398807525635,1800,0.0,0.0
1988-03-21 00:00:00-05:00,0.0,1.3136397262266546,1.2639832025847637,1.2820398807525635,270900,0.0,0.0
1988-03-22 00:00:00-05:00,1.2820398807525635,1.2820398807525635,1.2820398807525635,1.2820398807525635,0,0.0,0.0
1988-03-23 00:00:00-05:00,1.2820398807525635,1.2820398807525635,1.2820398807525635,1.2820398807525635,0,0.0,0.0
1988-03-24 00:00:00-05:00,0.0,1.3362107276916504,1.3000969074855377,1.3362107276916504,11700,0.0,0.0
1988-03-25 00:00:00-05:00,0.0,1.3903816938400269,1.3903816938400269,1.3903816938400269,1800,0.0,0.0
1988-03-28 00:00:00-05:00,0.0,1.3181527853012085,1.3181527853012085,1.3181527853012085,9000,0.0,0.0
1988-03-29 00:00:00-05:00,0.0,1.3181527853012085,1.3181527853012085,1.3181527853012085,3600,0.0,0.0
1988-03-30 00:00:00-05:00,0.0,1.372323751449585,1.372323751449585,1.372323751449585,900,0.0,0.0
1988-03-31 00:00:00-05:00,0.0,1.363296389579773,1.363296389579773,1.363296389579773,15300,0.0,0.0
1988-04-04 00:00:00-04:00,1.363296389579773,1.363296389579773,1.363296389579773,1.363296389579773,0,0.0,0.0
1988-04-05 00:00:00-04:00,0.0,1.3181527853012085,1.3181527853012085,1.3181527853012085,4500,0.0,0.0
1988-04-06 00:00:00-04:00,1.3181527853012085,1.3181527853012085,1.3181527853012085,1.3181527853012085,0,0.0,0.0
1988-04-07 00:00:00-04:00,0.0,1.3181527853012085,1.3181527853012085,1.3181527853012085,2700,0.0,0.0
1988-04-08 00:00:00-04:00,0.0,1.3271821737289429,1.3271821737289429,1.3271821737289429,7200,0.0,0.0
1988-04-11 00:00:00-04:00,0.0,1.3362107451360616,1.3271821737289429,1.3271821737289429,135000,0.0,0.0
1988-04-12 00:00:00-04:00,0.0,1.3452391439972713,1.3362107276916504,1.3362107276916504,202500,0.0,0.0
1988-04-13 00:00:00-04:00,0.0,1.4084382142863519,1.3542677164077759,1.3542677164077759,10800,0.0,0.0
1988-04-14 00:00:00-04:00,0.0,1.4264944791793823,1.318153228344804,1.4264944791793823,9000,0.0,0.0
1988-04-15 00:00:00-04:00,0.0,1.4264945339295485,1.3181532789367338,1.372323751449585,110700,0.0,0.0
1988-04-18 00:00:00-04:00,0.0,1.3271810390221335,1.3181527853012085,1.3181527853012085,103500,0.0,0.0
1988-04-19 00:00:00-04:00,0.0,1.4264944791793823,1.4264944791793823,1.4264944791793823,1800,0.0,0.0
1988-04-20 00:00:00-04:00,0.0,1.3994099529568846,1.3181538961717632,1.3542677164077759,333000,0.0,0.0
1988-04-21 00:00:00-04:00,0.0,1.3723243940503391,1.3542677164077759,1.3542677164077759,139500,0.0,0.0
1988-04-22 00:00:00-04:00,0.0,1.3903808855876478,1.372323751449585,1.372323751449585,19800,0.0,0.0
1988-04-25 00:00:00-04:00,0.0,1.3542677164077759,1.3542677164077759,1.3542677164077759,9000,0.0,0.0
1988-04-26 00:00:00-04:00,1.3542677164077759,1.3542677164077759,1.3542677164077759,1.3542677164077759,0,0.0,0.0
1988-04-27 00:00:00-04:00,0.0,1.3271821737289429,1.3271821737289429,1.3271821737289429,4500,0.0,0.0
1988-04-28 00:00:00-04:00,1.3271821737289429,1.3271821737289429,1.3271821737289429,1.3271821737289429,0,0.0,0.0
1988-04-29 00:00:00-04:00,0.0,1.3903816938400269,1.3903816938400269,1.3903816938400269,2700,0.0,0.0
1988-05-02 00:00:00-04:00,0.0,1.3903816938400269,1.3903816938400269,1.3903816938400269,20700,0.0,0.0
1988-05-03 00:00:00-04:00,0.0,1.3452391439972713,1.3362107276916504,1.3362107276916504,8100,0.0,0.0
1988-05-04 00:00:00-04:00,1.3362107276916504,1.3362107276916504,1.3362107276916504,1.3362107276916504,0,0.0,0.0
1988-05-05 00:00:00-04:00,0.0,1.3813526630401611,1.3362104363703593,1.3813526630401611,117900,0.0,0.0
1988-05-06 00:00:00-04:00,1.3813526630401611,1.3813526630401611,1.3813526630401611,1.3813526630401611,0,0.0,0.0
1988-05-09 00:00:00-04:00,0.0,1.3632952704474819,1.3362100355602555,1.345238447189331,1323000,0.0,0.0
1988-05-10 00:00:00-04:00,1.345238447189331,1.345238447189331,1.345238447189331,1.345238447189331,0,0.0,0.0
1988-05-11 00:00:00-04:00,1.345238447189331,1.345238447189331,1.345238447189331,1.345238447189331,0,0.0,0.0
1988-05-12 00:00:00-04:00,0.0,1.3542677164077759,1.3362107287979552,1.3542677164077759,30600,0.0,0.0
1988-05-13 00:00:00-04:00,1.3542677164077759,1.3542677164077759,1.3542677164077759,1.3542677164077759,0,0.0,0.0
1988-05-16 00:00:00-04:00,0.0,1.4245319366455078,1.4011790434541869,1.4245319366455078,25200,0.1395,0.0
1988-05-17 00:00:00-04:00,0.0,1.4385432288373998,1.4011784550693511,1.419860601425171,25200,0.0,0.0
1988-05-18 00:00:00-04:00,0.0,1.4292026692998758,1.4011791944503784,1.4011791944503784,174600,0.0,0.0
1988-05-19 00:00:00-04:00,0.0,1.4011791944503784,1.4011791944503784,1.4011791944503784,7200,0.0,0.0
1988-05-20 00:00:00-04:00,0.0,1.4385432288373998,1.419860601425171,1.419860601425171,45000,0.0,0.0
1988-05-23 00:00:00-04:00,0.0,1.4385439879352626,1.4011791944503784,1.4011791944503784,47700,0.0,0.0
1988-05-24 00:00:00-04:00,0.0,1.391837239265442,1.391837239265442,1.391837239265442,9000,0.0,0.0
1988-05-25 00:00:00-04:00,0.0,1.4011791944503784,1.382496717531826,1.4011791944503784,135000,0.0,0.0
1988-05-26 00:00:00-04:00,0.0,1.4011790706505711,1.3824965953826904,1.3824965953826904,27000,0.0,0.0
1988-05-27 00:00:00-04:00,0.0,1.419860601425171,1.419860601425171,1.419860601425171,900,0.0,0.0
1988-05-31 00:00:00-04:00,1.419860601425171,1.419860601425171,1.419860601425171,1.419860601425171,0,0.0,0.0
1988-06-01 00:00:00-04:00,0.0,1.3824965953826904,1.3824965953826904,1.3824965953826904,900,0.0,0.0
1988-06-02 00:00:00-04:00,1.3824965953826904,1.3824965953826904,1.3824965953826904,1.3824965953826904,0,0.0,0.0
1988-06-03 00:00:00-04:00,0.0,1.4198612252140381,1.3824965953826904,1.3824965953826904,21600,0.0,0.0
1988-06-06 00:00:00-04:00,0.0,1.4011790706505711,1.3824965953826904,1.3824965953826904,41400,0.0,0.0
1988-06-07 00:00:00-04:00,0.0,1.345131754875183,1.345131754875183,1.345131754875183,12600,0.0,0.0
1988-06-08 00:00:00-04:00,0.0,1.401179018229783,1.345131754875183,1.345131754875183,9000,0.0,0.0
1988-06-09 00:00:00-04:00,0.0,1.345131754875183,1.345131754875183,1.345131754875183,900,0.0,0.0
1988-06-10 00:00:00-04:00,0.0,1.3824965953826904,1.3824965953826904,1.3824965953826904,2700,0.0,0.0
1988-06-13 00:00:00-04:00,0.0,1.4011790706505711,1.3824965953826904,1.3824965953826904,20700,0.0,0.0
1988-06-14 00:00:00-04:00,0.0,1.4011791944503784,1.345131924046942,1.4011791944503784,27000,0.0,0.0
1988-06-15 00:00:00-04:00,0.0,1.391837239265442,1.3824960852544046,1.391837239265442,39600,0.0,0.0
1988-06-16 00:00:00-04:00,0.0,1.3544734716415405,1.3544734716415405,1.3544734716415405,9900,0.0,0.0
1988-06-17 00:00:00-04:00,0.0,1.3824965953826904,1.3824965953826904,1.3824965953826904,9000,0.0,0.0
1988-06-20 00:00:00-04:00,0.0,1.4385441541671753,1.4385441541671753,1.4385441541671753,1800,0.0,0.0
1988-06-21 00:00:00-04:00,0.0,1.3731553554534912,1.354473199830434,1.3731553554534912,125100,0.0,0.0
1988-06-22 00:00:00-04:00,1.3731553554534912,1.3731553554534912,1.3731553554534912,1.3731553554534912,0,0.0,0.0
1988-06-23 00:00:00-04:00,0.0,1.345131754875183,1.345131754875183,1.345131754875183,9900,0.0,0.0
1988-06-24 00:00:00-04:00,0.0,1.3824954614421878,1.3638131618499756,1.3638131618499756,10800,0.0,0.0
1988-06-27 00:00:00-04:00,1.3638131618499756,1.3638131618499756,1.3638131618499756,1.3638131618499756,0,0.0,0.0
1988-06-28 00:00:00-04:00,1.3638131618499756,1.3638131618499756,1.3638131618499756,1.3638131618499756,0,0.0,0.0
1988-06-29 00:00:00-04:00,0.0,1.419860601425171,1.419860601425171,1.419860601425171,900,0.0,0.0
1988-06-30 00:00:00-04:00,0.0,1.419860601425171,1.326448667005049,1.419860601425171,16200,0.0,0.0
1988-07-01 00:00:00-04:00,0.0,1.419860601425171,1.419860601425171,1.419860601425171,1800,0.0,0.0
1988-07-05 00:00:00-04:00,0.0,1.4011790706505711,1.3824965953826904,1.3824965953826904,13500,0.0,0.0
1988-07-06 00:00:00-04:00,0.0,1.3871666193008423,1.3824960424399664,1.3871666193008423,2700,0.0,0.0
1988-07-07 00:00:00-04:00,0.0,1.4385441541671753,1.3824968772871589,1.4385441541671753,237600,0.0,0.0
1988-07-08 00:00:00-04:00,0.0,1.4385439879352626,1.345131924046942,1.4011791944503784,47700,0.0,0.0
1988-07-11 00:00:00-04:00,0.0,1.419860601425171,1.4011784550693511,1.419860601425171,17100,0.0,0.0
1988-07-12 00:00:00-04:00,0.0,1.4572259187698364,1.4011789777392532,1.4572259187698364,1800,0.0,0.0
1988-07-13 00:00:00-04:00,0.0,1.4572259187698364,1.419861131063918,1.4572259187698364,17100,0.0,0.0
1988-07-14 00:00:00-04:00,0.0,1.419860601425171,1.4011784550693511,1.419860601425171,9900,0.0,0.0
1988-07-15 00:00:00-04:00,1.419860601425171,1.419860601425171,1.419860601425171,1.419860601425171,0,0.0,0.0
1988-07-18 00:00:00-04:00,0.0,1.4385441541671753,1.4385441541671753,1.4385441541671753,2700,0.0,0.0
1988-07-19 00:00:00-04:00,0.0,1.4292023181915283,1.419861001850998,1.4292023181915283,81000,0.0,0.0
1988-07-20 00:00:00-04:00,0.0,1.4572259187698364,1.4058495561584685,1.4572259187698364,106200,0.0,0.0
1988-07-21 00:00:00-04:00,0.0,1.5319558382034302,1.4572260934798835,1.5319558382034302,1605600,0.0,0.0
1988-07-22 00:00:00-04:00,0.0,1.5506389141082764,1.5132741036096355,1.5506389141082764,90000,0.0,0.0
1988-07-25 00:00:00-04:00,0.0,1.569320797920227,1.4759087273078513,1.569320797920227,43200,0.0,0.0
1988-07-26 00:00:00-04:00,0.0,1.569321399533744,1.494591618184168,1.5506389141082764,22500,0.0,0.0
1988-07-27 00:00:00-04:00,0.0,1.5506389141082764,1.494591618184168,1.5506389141082764,19800,0.0,0.0
1988-07-28 00:00:00-04:00,0.0,1.5319556357890747,1.5132731619886135,1.5226144790649414,278100,0.0,0.0
1988-07-29 00:00:00-04:00,1.5226144790649414,1.5226144790649414,1.5226144790649414,1.5226144790649414,0,0.0,0.0
1988-08-01 00:00:00-04:00,0.0,1.5086022944015487,1.494590401649475,1.494590401649475,15300,0.0,0.0
1988-08-02 00:00:00-04:00,0.0,1.6066855940947307,1.5319560017457232,1.569320797920227,18000,0.0,0.0
1988-08-03 00:00:00-04:00,0.0,1.6066851189976588,1.5506378611329708,1.5973438024520874,44100,0.0,0.0
1988-08-04 00:00:00-04:00,0.0,1.644050229917002,1.5506383196568587,1.569320797920227,21600,0.0,0.0
1988-08-05 00:00:00-04:00,0.0,1.6066856384277344,1.588002999296627,1.6066856384277344,9000,0.0,0.0
1988-08-08 00:00:00-04:00,0.0,1.5880022048950195,1.5880022048950195,1.5880022048950195,2700,0.0,0.0
1988-08-09 00:00:00-04:00,0.0,1.681414246559143,1.5880022192541787,1.681414246559143,423000,0.0,0.0
1988-08-10 00:00:00-04:00,0.0,1.6440502752810018,1.5693208412222301,1.6066856384277344,21600,0.0,0.0
1988-08-11 00:00:00-04:00,0.0,1.58800295547913,1.569320797920227,1.569320797920227,3600,0.0,0.0
1988-08-12 00:00:00-04:00,1.569320797920227,1.569320797920227,1.569320797920227,1.569320797920227,0,0.0,0.0
1988-08-15 00:00:00-04:00,0.0,1.6054407358169556,1.6054407358169556,1.6054407358169556,1800,0.1593,0.0
1988-08-16 00:00:00-04:00,0.0,1.6054407358169556,1.6054407358169556,1.6054407358169556,1800,0.0,0.0
1988-08-17 00:00:00-04:00,0.0,1.5860987901687622,1.5860987901687622,1.5860987901687622,2700,0.0,0.0
1988-08-18 00:00:00-04:00,0.0,1.5667556524276733,1.5667556524276733,1.5667556524276733,3600,0.0,0.0
1988-08-19 00:00:00-04:00,0.0,1.6247841427113605,1.5860987901687622,1.5860987901687622,39600,0.0,0.0
1988-08-22 00:00:00-04:00,0.0,1.653796672821045,1.644125218122865,1.653796672821045,21600,0.0,0.0
1988-08-23 00:00:00-04:00,0.0,1.653796672821045,1.653796672821045,1.653796672821045,7200,0.0,0.0
1988-08-24 00:00:00-04:00,0.0,1.5860987901687622,1.5860987901687622,1.5860987901687622,1800,0.0,0.0
1988-08-25 00:00:00-04:00,1.5860987901687622,1.5860987901687622,1.5860987901687622,1.5860987901687622,0,0.0,0.0
1988-08-26 00:00:00-04:00,0.0,1.5860987901687622,1.5860987901687622,1.5860987901687622,900,0.0,0.0
1988-08-29 00:00:00-04:00,1.5860987901687622,1.5860987901687622,1.5860987901687622,1.5860987901687622,0,0.0,0.0
1988-08-30 00:00:00-04:00,1.5860987901687622,1.5860987901687622,1.5860987901687622,1.5860987901687622,0,0.0,0.0
1988-08-31 00:00:00-04:00,0.0,1.6828111410140993,1.6828111410140993,1.6828111410140991,1800,0.0,0.0
1988-09-01 00:00:00-04:00,0.0,1.6634681224822996,1.6054400585461517,1.6634681224822998,4500,0.0,0.0
1988-09-02 00:00:00-04:00,0.0,1.6441259384155273,1.6054407667520334,1.6441259384155273,18900,0.0,0.0
1988-09-06 00:00:00-04:00,0.0,1.5860987901687622,1.5860987901687622,1.5860987901687622,1800,0.0,0.0
1988-09-07 00:00:00-04:00,0.0,1.663469495253959,1.5860987901687622,1.5860987901687622,4500,0.0,0.0
1988-09-08 00:00:00-04:00,0.0,1.6634681224822996,1.6634681224822996,1.6634681224822998,5400,0.0,0.0
1988-09-09 00:00:00-04:00,0.0,1.6634681224822996,1.6634681224822996,1.6634681224822998,11700,0.0,0.0
1988-09-12 00:00:00-04:00,1.6634681224822996,1.6634681224822996,1.6634681224822996,1.6634681224822998,0,0.0,0.0
1988-09-13 00:00:00-04:00,1.6634681224822996,1.6634681224822996,1.6634681224822996,1.6634681224822998,0,0.0,0.0
1988-09-14 00:00:00-04:00,0.0,1.6054407358169556,1.6054407358169556,1.6054407358169556,1800,0.0,0.0
1988-09-15 00:00:00-04:00,0.0,1.6441259384155273,1.6441259384155273,1.6441259384155273,3600,0.0,0.0
1988-09-16 00:00:00-04:00,0.0,1.673139411131889,1.6537966678134044,1.6634681224822998,203400,0.0,0.0
1988-09-19 00:00:00-04:00,0.0,1.6731403919637367,1.6054409996911203,1.6247837543487549,66600,0.0,0.0
1988-09-20 00:00:00-04:00,0.0,1.6634681224822996,1.6247828018646364,1.6634681224822998,20700,0.0,0.0
1988-09-21 00:00:00-04:00,0.0,1.6634681224822996,1.6247828018646364,1.6634681224822998,51300,0.0,0.0
1988-09-22 00:00:00-04:00,1.6634681224822996,1.6634681224822996,1.6634681224822996,1.6634681224822998,0,0.0,0.0
1988-09-23 00:00:00-04:00,0.0,1.6054407358169556,1.6054407358169556,1.6054407358169556,1800,0.0,0.0
1988-09-26 00:00:00-04:00,0.0,1.6634688242328177,1.6054407358169556,1.6054407358169556,21600,0.0,0.0
1988-09-27 00:00:00-04:00,1.6054407358169556,1.6054407358169556,1.6054407358169556,1.6054407358169556,0,0.0,0.0
1988-09-28 00:00:00-04:00,1.6054407358169556,1.6054407358169556,1.6054407358169556,1.6054407358169556,0,0.0,0.0
1988-09-29 00:00:00-04:00,1.6054407358169556,1.6054407358169556,1.6054407358169556,1.6054407358169556,0,0.0,0.0
1988-09-30 00:00:00-04:00,0.0,1.6634681224822996,1.6634681224822996,1.6634681224822998,900,0.0,0.0
1988-10-03 00:00:00-04:00,0.0,1.6344538927078247,1.6344538927078247,1.6344538927078247,5400,0.0,0.0
1988-10-04 00:00:00-04:00,1.6344538927078247,1.6344538927078247,1.6344538927078247,1.6344538927078247,0,0.0,0.0
1988-10-05 00:00:00-04:00,1.6344538927078247,1.6344538927078247,1.6344538927078247,1.6344538927078247,0,0.0,0.0
1988-10-06 00:00:00-04:00,0.0,1.6441259384155273,1.6344546454996538,1.6441259384155273,230400,0.0,0.0
1988-10-07 00:00:00-04:00,0.0,1.644125906735029,1.6054407358169556,1.6054407358169556,119700,0.0,0.0
1988-10-10 00:00:00-04:00,0.0,1.6634681224822996,1.6634681224822996,1.6634681224822998,1800,0.0,0.0
1988-10-11 00:00:00-04:00,1.6634681224822996,1.6634681224822996,1.6634681224822996,1.6634681224822998,0,0.0,0.0
1988-10-12 00:00:00-04:00,0.0,1.653796672821045,1.653796672821045,1.653796672821045,2700,0.0,0.0
1988-10-13 00:00:00-04:00,1.653796672821045,1.653796672821045,1.653796672821045,1.653796672821045,0,0.0,0.0
1988-10-14 00:00:00-04:00,0.0,1.6054407358169556,1.6054407358169556,1.6054407358169556,2700,0.0,0.0
1988-10-17 00:00:00-04:00,0.0,1.6634681275192251,1.653796672821045,1.653796672821045,130500,0.0,0.0
1988-10-18 00:00:00-04:00,0.0,1.653796672821045,1.6054400634073702,1.653796672821045,14400,0.0,0.0
1988-10-19 00:00:00-04:00,0.0,1.615112066268921,1.615112066268921,1.615112066268921,3600,0.0,0.0
1988-10-20 00:00:00-04:00,0.0,1.6634681224822996,1.6634681224822996,1.6634681224822998,1800,0.0,0.0
1988-10-21 00:00:00-04:00,0.0,1.663469097644621,1.624783754348755,1.6247837543487549,315900,0.0,0.0
1988-10-24 00:00:00-04:00,0.0,1.6731394529342651,1.624782842458852,1.6731394529342651,486900,0.0,0.0
1988-10-25 00:00:00-04:00,0.0,1.6731394529342651,1.6731394529342651,1.6731394529342651,900,0.0,0.0
1988-10-26 00:00:00-04:00,1.6731394529342651,1.6731394529342651,1.6731394529342651,1.6731394529342651,0,0.0,0.0
1988-10-27 00:00:00-04:00,1.6731394529342651,1.6731394529342651,1.6731394529342651,1.6731394529342651,0,0.0,0.0
1988-10-28 00:00:00-04:00,0.0,1.692482599172995,1.6731400148939353,1.6828111410140991,18900,0.0,0.0
1988-10-31 00:00:00-05:00,0.0,1.7021539211273193,1.7021539211273193,1.7021539211273193,2700,0.0,0.0
1988-11-01 00:00:00-05:00,0.0,1.6441259384155273,1.6441259384155273,1.6441259384155273,2700,0.0,0.0
1988-11-02 00:00:00-05:00,0.0,1.6441259384155273,1.6441259384155273,1.6441259384155273,900,0.0,0.0
1988-11-03 00:00:00-05:00,0.0,1.7021539211273193,1.6828111704900877,1.7021539211273193,1800,0.0,0.0
1988-11-04 00:00:00-05:00,0.0,1.65379739735078,1.6441259384155273,1.6441259384155273,5400,0.0,0.0
1988-11-07 00:00:00-05:00,0.0,1.6441259384155273,1.6441259384155273,1.6441259384155273,2700,0.0,0.0
1988-11-08 00:00:00-05:00,0.0,1.6828111410140993,1.644125806436614,1.6828111410140991,59400,0.0,0.0
1988-11-09 00:00:00-05:00,0.0,1.6828112760984006,1.6441259384155273,1.6441259384155273,78300,0.0,0.0
1988-11-10 00:00:00-05:00,0.0,1.6828111410140993,1.6828111410140993,1.6828111410140991,3600,0.0,0.0
1988-11-11 00:00:00-05:00,0.0,1.6441259384155273,1.6054407667520334,1.6441259384155273,57600,0.0,0.0
1988-11-14 00:00:00-05:00,0.0,1.7015248537063599,1.7015248537063599,1.7015248537063599,10800,0.1593,0.0
1988-11-15 00:00:00-05:00,0.0,1.7215444446492292,1.6214545254908233,1.641472578048706,34200,0.0,0.0
1988-11-16 00:00:00-05:00,0.0,1.7215444446492292,1.641472578048706,1.641472578048706,11700,0.0,0.0
1988-11-17 00:00:00-05:00,0.0,1.7015248537063599,1.6414712597109076,1.7015248537063599,108000,0.0,0.0
1988-11-18 00:00:00-05:00,0.0,1.7015249802964467,1.6214533438633065,1.6264578104019165,565200,0.0,0.0
1988-11-21 00:00:00-05:00,0.0,1.7015246683038554,1.6014350122533958,1.6514798402786255,128700,0.0,0.0
1988-11-22 00:00:00-05:00,0.0,1.7015248537063599,1.6414712597109076,1.7015248537063599,7200,0.0,0.0
1988-11-23 00:00:00-05:00,0.0,1.6815081834793093,1.6815081834793093,1.681508183479309,11700,0.0,0.0
1988-11-25 00:00:00-05:00,1.6815081834793093,1.6815081834793093,1.6815081834793093,1.681508183479309,0,0.0,0.0
1988-11-28 00:00:00-05:00,0.0,1.6815081834793093,1.6114450990957547,1.681508183479309,88200,0.0,0.0
1988-11-29 00:00:00-05:00,0.0,1.7015255910005398,1.6614898443222046,1.6614898443222046,24300,0.0,0.0
1988-11-30 00:00:00-05:00,0.0,1.7215427160263062,1.7215427160263062,1.7215427160263062,1800,0.0,0.0
1988-12-01 00:00:00-05:00,0.0,1.7215427160263062,1.7215427160263062,1.7215427160263062,1800,0.0,0.0
1988-12-02 00:00:00-05:00,0.0,1.641472578048706,1.641472578048706,1.641472578048706,1800,0.0,0.0
1988-12-05 00:00:00-05:00,0.0,1.7215427160263062,1.6414709298268813,1.7215427160263062,3600,0.0,0.0
1988-12-06 00:00:00-05:00,1.7215427160263062,1.7215427160263062,1.7215427160263062,1.7215427160263062,0,0.0,0.0
1988-12-07 00:00:00-05:00,1.7215427160263062,1.7215427160263062,1.7215427160263062,1.7215427160263062,0,0.0,0.0
1988-12-08 00:00:00-05:00,1.7215427160263062,1.7215427160263062,1.7215427160263062,1.7215427160263062,0,0.0,0.0
1988-12-09 00:00:00-05:00,0.0,1.7015258885030224,1.6414722579854713,1.681508183479309,18900,0.0,0.0
1988-12-12 00:00:00-05:00,0.0,1.6414719876132724,1.6264584106413493,1.6314630508422852,360900,0.0,0.0
1988-12-13 00:00:00-05:00,0.0,1.6614898443222046,1.641471970983037,1.6614898443222046,3600,0.0,0.0
1988-12-14 00:00:00-05:00,0.0,1.6815081834793093,1.661490134824655,1.681508183479309,7200,0.0,0.0
1988-12-15 00:00:00-05:00,0.0,1.7015248537063599,1.7015248537063599,1.7015248537063599,4500,0.0,0.0
1988-12-16 00:00:00-05:00,1.7015248537063599,1.7015248537063599,1.7015248537063599,1.7015248537063599,0,0.0,0.0
1988-12-19 00:00:00-05:00,1.7015248537063599,1.7015248537063599,1.7015248537063599,1.7015248537063599,0,0.0,0.0
1988-12-20 00:00:00-05:00,0.0,1.7215430620022427,1.6815071608565753,1.7015248537063599,15300,0.0,0.0
1988-12-21 00:00:00-05:00,0.0,1.7615793943405151,1.7015254361572012,1.7615793943405151,27000,0.0,0.0
1988-12-22 00:00:00-05:00,0.0,1.7615793943405151,1.681507736455138,1.7615793943405151,5400,0.0,0.0
1988-12-23 00:00:00-05:00,1.7615793943405151,1.7615793943405151,1.7615793943405151,1.7615793943405151,0,0.0,0.0
1988-12-27 00:00:00-05:00,0.0,1.7015248537063599,1.6815071608565753,1.7015248537063599,19800,0.0,0.0
1988-12-28 00:00:00-05:00,0.0,1.7215427160263062,1.7015245117534525,1.7215427160263062,28800,0.0,0.0
1988-12-29 00:00:00-05:00,0.0,1.801614761352539,1.7015249187543304,1.801614761352539,4500,0.0,0.0
1988-12-30 00:00:00-05:00,0.0,1.801614692478212,1.7015248537063599,1.7015248537063599,14400,0.0,0.0
1989-01-03 00:00:00-05:00,0.0,1.7815966559976952,1.7015248537063599,1.7015248537063599,7200,0.0,0.0
1989-01-04 00:00:00-05:00,0.0,1.801614761352539,1.7015249187543304,1.801614761352539,11700,0.0,0.0
1989-01-05 00:00:00-05:00,0.0,1.801615309190916,1.721543651305539,1.7615793943405151,9900,0.0,0.0
1989-01-06 00:00:00-05:00,0.0,1.7615784373106869,1.7215427160263062,1.7215427160263062,4500,0.0,0.0
1989-01-09 00:00:00-05:00,0.0,1.801614761352539,1.7815967241067483,1.801614761352539,22500,0.0,0.0
1989-01-10 00:00:00-05:00,1.801614761352539,1.801614761352539,1.801614761352539,1.801614761352539,0,0.0,0.0
1989-01-11 00:00:00-05:00,0.0,1.7215427160263062,1.7215427160263062,1.7215427160263062,900,0.0,0.0
1989-01-12 00:00:00-05:00,0.0,1.7215427160263062,1.7215427160263062,1.7215427160263062,900,0.0,0.0
1989-01-13 00:00:00-05:00,1.7215427160263062,1.7215427160263062,1.7215427160263062,1.7215427160263062,0,0.0,0.0
1989-01-16 00:00:00-05:00,0.0,1.801614761352539,1.751569925961121,1.801614761352539,2700,0.0,0.0
1989-01-17 00:00:00-05:00,0.0,1.761579336275065,1.7415612936019897,1.7415612936019897,36900,0.0,0.0
1989-01-18 00:00:00-05:00,0.0,1.801614761352539,1.801614761352539,1.801614761352539,1800,0.0,0.0
1989-01-19 00:00:00-05:00,0.0,1.801614761352539,1.7415608214305394,1.801614761352539,29700,0.0,0.0
1989-01-20 00:00:00-05:00,0.0,1.801614761352539,1.7415608214305394,1.801614761352539,30600,0.0,0.0
1989-01-23 00:00:00-05:00,0.0,1.7615793943405151,1.7615793943405151,1.7615793943405151,3600,0.0,0.0
1989-01-24 00:00:00-05:00,0.0,1.7415612936019897,1.7415612936019897,1.7415612936019897,1800,0.0,0.0
1989-01-25 00:00:00-05:00,1.7415612936019897,1.7415612936019897,1.7415612936019897,1.7415612936019897,0,0.0,0.0
1989-01-26 00:00:00-05:00,0.0,1.8216323852539062,1.7315516676263871,1.8216323852539062,69300,0.0,0.0
1989-01-27 00:00:00-05:00,0.0,1.8066188097000122,1.801614344500326,1.8066188097000122,176400,0.0,0.0
1989-01-30 00:00:00-05:00,1.8066188097000122,1.8066188097000122,1.8066188097000122,1.8066188097000122,0,0.0,0.0
1989-01-31 00:00:00-05:00,0.0,1.7415612936019897,1.7415612936019897,1.7415612936019897,900,0.0,0.0
1989-02-01 00:00:00-05:00,1.7415612936019897,1.7415612936019897,1.7415612936019897,1.7415612936019897,0,0.0,0.0
1989-02-02 00:00:00-05:00,1.7415612936019897,1.7415612936019897,1.7415612936019897,1.7415612936019897,0,0.0,0.0
1989-02-03 00:00:00-05:00,0.0,1.8216323852539062,1.7615784589586712,1.8216323852539062,7200,0.0,0.0
1989-02-06 00:00:00-05:00,1.8216323852539062,1.8216323852539062,1.8216323852539062,1.8216323852539062,0,0.0,0.0
1989-02-07 00:00:00-05:00,0.0,1.8216327389519826,1.7866011319650577,1.7966102361679077,97200,0.0,0.0
1989-02-08 00:00:00-05:00,0.0,1.8816869670762928,1.7615793943405151,1.7615793943405151,3600,0.0,0.0
1989-02-09 00:00:00-05:00,0.0,1.9017057130295871,1.8116249224266505,1.8316426277160645,130500,0.0,0.0
1989-02-10 00:00:00-05:00,0.0,1.8616687012745388,1.801614761352539,1.801614761352539,36000,0.0,0.0
1989-02-13 00:00:00-05:00,0.0,1.9436101913452146,1.8609035068504307,1.9436101913452148,7200,0.1593,0.0
1989-02-14 00:00:00-05:00,0.0,1.943610950558966,1.871242728643428,1.9022576808929443,46800,0.0,0.0
1989-02-15 00:00:00-05:00,0.0,1.8609026670455933,1.8609026670455933,1.8609026670455933,900,0.0,0.0
1989-02-16 00:00:00-05:00,1.8609026670455933,1.8609026670455933,1.8609026670455933,1.8609026670455933,0,0.0,0.0
1989-02-17 00:00:00-05:00,0.0,1.9022576808929443,1.9022576808929443,1.9022576808929443,900,0.0,0.0
1989-02-21 00:00:00-05:00,1.9022576808929443,1.9022576808929443,1.9022576808929443,1.9022576808929443,0,0.0,0.0
1989-02-22 00:00:00-05:00,0.0,1.9436101913452146,1.9022569378326166,1.9436101913452148,169200,0.0,0.0
1989-02-23 00:00:00-05:00,0.0,1.9022576808929443,1.9022576808929443,1.9022576808929443,900,0.0,0.0
1989-02-24 00:00:00-05:00,0.0,1.943610950558966,1.9022576808929443,1.9022576808929443,19800,0.0,0.0
1989-02-27 00:00:00-05:00,0.0,1.8660718214018857,1.8609026670455933,1.8609026670455933,308700,0.0,0.0
1989-02-28 00:00:00-05:00,1.8609026670455933,1.8609026670455933,1.8609026670455933,1.8609026670455933,0,0.0,0.0
1989-03-01 00:00:00-05:00,0.0,1.8609026670455933,1.8609026670455933,1.8609026670455933,18000,0.0,0.0
1989-03-02 00:00:00-05:00,1.8609026670455933,1.8609026670455933,1.8609026670455933,1.8609026670455933,0,0.0,0.0
1989-03-03 00:00:00-05:00,0.0,1.9022576808929443,1.8609042337572654,1.9022576808929443,14400,0.0,0.0
1989-03-06 00:00:00-05:00,0.0,1.8609026670455933,1.8609026670455933,1.8609026670455933,900,0.0,0.0
1989-03-07 00:00:00-05:00,0.0,1.8609026670455933,1.8609026670455933,1.8609026670455933,2700,0.0,0.0
1989-03-08 00:00:00-05:00,1.8609026670455933,1.8609026670455933,1.8609026670455933,1.8609026670455933,0,0.0,0.0
1989-03-09 00:00:00-05:00,0.0,1.8609026670455933,1.8609026670455933,1.8609026670455933,2700,0.0,0.0
1989-03-10 00:00:00-05:00,0.0,1.9022578703819504,1.8919193744659424,1.8919193744659424,27900,0.0,0.0
1989-03-13 00:00:00-05:00,0.0,1.9229344931956125,1.8815810460599336,1.9022576808929443,177300,0.0,0.0
1989-03-14 00:00:00-05:00,0.0,1.9125952936051251,1.8609035480989966,1.8815803527832031,50400,0.0,0.0
1989-03-15 00:00:00-05:00,1.8815803527832031,1.8815803527832031,1.8815803527832031,1.8815803527832031,0,0.0,0.0
1989-03-16 00:00:00-05:00,0.0,1.8815803527832031,1.8815803527832031,1.8815803527832031,900,0.0,0.0
1989-03-17 00:00:00-05:00,1.8815803527832031,1.8815803527832031,1.8815803527832031,1.8815803527832031,0,0.0,0.0
1989-03-20 00:00:00-05:00,0.0,1.9332717657089233,1.9022568273754008,1.9332717657089233,45000,0.0,0.0
1989-03-21 00:00:00-05:00,0.0,1.9022576808929443,1.9022576808929443,1.9022576808929443,1800,0.0,0.0
1989-03-22 00:00:00-05:00,0.0,1.9436101913452146,1.9436101913452146,1.9436101913452148,9000,0.0,0.0
1989-03-23 00:00:00-05:00,0.0,1.9436101913452146,1.917764585369429,1.9436101913452148,38700,0.0,0.0
1989-03-27 00:00:00-05:00,0.0,1.9436105759640374,1.9022573142680907,1.9125956296920776,6300,0.0,0.0
1989-03-28 00:00:00-05:00,0.0,1.9436101913452146,1.9332718779670652,1.9436101913452148,8100,0.0,0.0
1989-03-29 00:00:00-05:00,1.9436101913452146,1.9436101913452146,1.9436101913452146,1.9436101913452148,0,0.0,0.0
1989-03-30 00:00:00-05:00,0.0,1.9849642826898162,1.9436108379500725,1.9539493322372437,540900,0.0,0.0
1989-03-31 00:00:00-05:00,0.0,1.9849636554718018,1.9022569695960032,1.9849636554718018,46800,0.0,0.0
1989-04-03 00:00:00-04:00,0.0,2.0056404600429447,1.9642872058398408,1.9849636554718018,14400,0.0,0.0
1989-04-04 00:00:00-04:00,0.0,1.9642879403312914,1.9022576808929443,1.9022576808929443,23400,0.0,0.0
1989-04-05 00:00:00-04:00,0.0,1.9849636554718018,1.9849636554718018,1.9849636554718018,4500,0.0,0.0
1989-04-06 00:00:00-04:00,1.9849636554718018,1.9849636554718018,1.9849636554718018,1.9849636554718018,0,0.0,0.0
1989-04-07 00:00:00-04:00,1.9849636554718018,1.9849636554718018,1.9849636554718018,1.9849636554718018,0,0.0,0.0
1989-04-10 00:00:00-04:00,0.0,1.9849636554718018,1.9022569695960032,1.9849636554718018,2700,0.0,0.0
1989-04-11 00:00:00-04:00,0.0,1.9849636554718018,1.9849636554718018,1.9849636554718018,900,0.0,0.0
1989-04-12 00:00:00-04:00,0.0,2.026317834854126,2.026317834854126,2.026317834854126,1800,0.0,0.0
1989-04-13 00:00:00-04:00,0.0,1.9436101913452146,1.9436101913452146,1.9436101913452148,1800,0.0,0.0
1989-04-14 00:00:00-04:00,0.0,2.0159794773005983,1.9642877185838699,2.005640983581543,351000,0.0,0.0
1989-04-17 00:00:00-04:00,0.0,2.015979051589966,1.9642873037888897,2.015979051589966,314100,0.0,0.0
1989-04-18 00:00:00-04:00,0.0,2.026317279329201,1.964287392141362,1.9746257066726685,133200,0.0,0.0
1989-04-19 00:00:00-04:00,0.0,2.046994647054996,2.0056412001229127,2.026317834854126,62100,0.0,0.0
1989-04-20 00:00:00-04:00,0.0,2.1297007374541486,2.026317239246884,2.1090242862701416,11700,0.0,0.0
1989-04-21 00:00:00-04:00,0.0,2.1503771946125645,2.0676703453063965,2.0676703453063965,150300,0.0,0.0
1989-04-24 00:00:00-04:00,0.0,2.150376796722412,2.150376796722412,2.150376796722412,1800,0.0,0.0
1989-04-25 00:00:00-04:00,0.0,2.0676703453063965,2.0676703453063965,2.0676703453063965,4500,0.0,0.0
1989-04-26 00:00:00-04:00,0.0,2.0986859798431396,2.067671034123284,2.0986859798431396,27000,0.0,0.0
1989-04-27 00:00:00-04:00,0.0,2.1090242862701416,2.0676708514933146,2.1090242862701416,10800,0.0,0.0
1989-04-28 00:00:00-04:00,0.0,2.119361162185669,2.072838597924648,2.119361162185669,42300,0.0,0.0
1989-05-01 00:00:00-04:00,2.119361162185669,2.119361162185669,2.119361162185669,2.119361162185669,0,0.0,0.0
1989-05-02 00:00:00-04:00,0.0,2.150377721046968,2.1090242862701416,2.1090242862701416,180900,0.0,0.0
1989-05-03 00:00:00-04:00,0.0,2.150376796722412,2.109023379721065,2.150376796722412,31500,0.0,0.0
1989-05-04 00:00:00-04:00,0.0,2.150376796722412,2.150376796722412,2.150376796722412,9000,0.0,0.0
1989-05-05 00:00:00-04:00,2.150376796722412,2.150376796722412,2.150376796722412,2.150376796722412,0,0.0,0.0
1989-05-08 00:00:00-04:00,0.0,2.1297008991241455,2.1297008991241455,2.1297008991241455,14400,0.0,0.0
1989-05-09 00:00:00-04:00,2.1297008991241455,2.1297008991241455,2.1297008991241455,2.1297008991241455,0,0.0,0.0
1989-05-10 00:00:00-04:00,0.0,2.171055793762207,2.171055793762207,2.171055793762207,900,0.0,0.0
1989-05-11 00:00:00-04:00,0.0,2.171055793762207,2.109025861472084,2.171055793762207,11700,0.0,0.0
1989-05-12 00:00:00-04:00,2.171055793762207,2.171055793762207,2.171055793762207,2.171055793762207,0,0.0,0.0
1989-05-15 00:00:00-04:00,0.0,2.2441101046672696,2.179992914199829,2.179992914199829,93600,0.1899,0.0
1989-05-16 00:00:00-04:00,2.179992914199829,2.179992914199829,2.179992914199829,2.179992914199829,0,0.0,0.0
1989-05-17 00:00:00-04:00,2.179992914199829,2.179992914199829,2.179992914199829,2.179992914199829,0,0.0,0.0
1989-05-18 00:00:00-04:00,0.0,2.179992914199829,2.179992914199829,2.179992914199829,900,0.0,0.0
1989-05-19 00:00:00-04:00,0.0,2.2227377891540527,2.2227377891540527,2.2227377891540527,900,0.0,0.0
1989-05-22 00:00:00-04:00,2.2227377891540527,2.2227377891540527,2.2227377891540527,2.2227377891540527,0,0.0,0.0
1989-05-23 00:00:00-04:00,0.0,2.179992914199829,2.179992914199829,2.179992914199829,900,0.0,0.0
1989-05-24 00:00:00-04:00,2.179992914199829,2.179992914199829,2.179992914199829,2.179992914199829,0,0.0,0.0
1989-05-25 00:00:00-04:00,0.0,2.2227378912862426,2.179992914199829,2.179992914199829,106200,0.0,0.0
1989-05-26 00:00:00-04:00,0.0,2.201364755630493,2.201364755630493,2.201364755630493,3600,0.0,0.0
1989-05-30 00:00:00-04:00,0.0,2.201364755630493,2.201364755630493,2.201364755630493,3600,0.0,0.0
1989-05-31 00:00:00-04:00,0.0,2.201364755630493,2.201364755630493,2.201364755630493,2700,0.0,0.0
1989-06-01 00:00:00-04:00,0.0,2.244110001553052,2.20136502643072,2.2227377891540527,36900,0.0,0.0
1989-06-02 00:00:00-04:00,0.0,2.3082265853881836,2.2013641007954448,2.3082265853881836,4500,0.0,0.0
1989-06-05 00:00:00-04:00,0.0,2.3082265853881836,2.3082265853881836,2.3082265853881836,2700,0.0,0.0
1989-06-06 00:00:00-04:00,0.0,2.201364755630493,2.201364755630493,2.201364755630493,9900,0.0,0.0
1989-06-07 00:00:00-04:00,2.201364755630493,2.201364755630493,2.201364755630493,2.201364755630493,0,0.0,0.0
1989-06-08 00:00:00-04:00,0.0,2.222737515724663,2.201364755630493,2.201364755630493,5400,0.0,0.0
1989-06-09 00:00:00-04:00,2.201364755630493,2.201364755630493,2.201364755630493,2.201364755630493,0,0.0,0.0
1989-06-12 00:00:00-04:00,0.0,2.2227377891540527,2.20136502643072,2.2227377891540527,42300,0.0,0.0
1989-06-13 00:00:00-04:00,2.2227377891540527,2.2227377891540527,2.2227377891540527,2.2227377891540527,0,0.0,0.0
1989-06-14 00:00:00-04:00,0.0,2.2227377891540527,2.20136502643072,2.2227377891540527,33300,0.0,0.0
1989-06-15 00:00:00-04:00,0.0,2.2227377891540527,2.20136502643072,2.2227377891540527,17100,0.0,0.0
1989-06-16 00:00:00-04:00,2.2227377891540527,2.2227377891540527,2.2227377891540527,2.2227377891540527,0,0.0,0.0
1989-06-19 00:00:00-04:00,2.2227377891540527,2.2227377891540527,2.2227377891540527,2.2227377891540527,0,0.0,0.0
1989-06-20 00:00:00-04:00,0.0,2.233423489282715,2.2120509147644043,2.2120509147644043,84600,0.0,0.0
1989-06-21 00:00:00-04:00,0.0,2.201364755630493,2.201364755630493,2.201364755630493,3600,0.0,0.0
1989-06-22 00:00:00-04:00,2.201364755630493,2.201364755630493,2.201364755630493,2.201364755630493,0,0.0,0.0
1989-06-23 00:00:00-04:00,0.0,2.222737515724663,2.201364755630493,2.201364755630493,21600,0.0,0.0
1989-06-26 00:00:00-04:00,0.0,2.26548171043396,2.26548171043396,2.26548171043396,1800,0.0,0.0
1989-06-27 00:00:00-04:00,0.0,2.26548171043396,2.26548171043396,2.26548171043396,900,0.0,0.0
1989-06-28 00:00:00-04:00,2.26548171043396,2.26548171043396,2.26548171043396,2.26548171043396,0,0.0,0.0
1989-06-29 00:00:00-04:00,0.0,2.26548258083494,2.2227377891540527,2.2227377891540527,75600,0.0,0.0
1989-06-30 00:00:00-04:00,0.0,2.3082265853881836,2.222736854531907,2.3082265853881836,14400,0.0,0.0
1989-07-03 00:00:00-04:00,0.0,2.244109869003296,2.244109869003296,2.244109869003296,900,0.0,0.0
1989-07-05 00:00:00-04:00,2.244109869003296,2.244109869003296,2.244109869003296,2.244109869003296,0,0.0,0.0
1989-07-06 00:00:00-04:00,0.0,2.350972890853882,2.350972890853882,2.350972890853882,900,0.0,0.0
1989-07-07 00:00:00-04:00,0.0,2.3082265853881836,2.222736854531907,2.3082265853881836,22500,0.0,0.0
1989-07-10 00:00:00-04:00,0.0,2.3296000957489014,2.313570615698848,2.3296000957489014,15300,0.0,0.0
1989-07-11 00:00:00-04:00,2.3296000957489014,2.3296000957489014,2.3296000957489014,2.3296000957489014,0,0.0,0.0
1989-07-12 00:00:00-04:00,2.3296000957489014,2.3296000957489014,2.3296000957489014,2.3296000957489014,0,0.0,0.0
1989-07-13 00:00:00-04:00,2.3296000957489014,2.3296000957489014,2.3296000957489014,2.3296000957489014,0,0.0,0.0
1989-07-14 00:00:00-04:00,0.0,2.3723441128321,2.3082265853881836,2.3082265853881836,121500,0.0,0.0
1989-07-17 00:00:00-04:00,2.3082265853881836,2.3082265853881836,2.3082265853881836,2.3082265853881836,0,0.0,0.0
1989-07-18 00:00:00-04:00,0.0,2.3082265853881836,2.3082265853881836,2.3082265853881836,7200,0.0,0.0
1989-07-19 00:00:00-04:00,0.0,2.350972890853882,2.350972890853882,2.350972890853882,4500,0.0,0.0
1989-07-20 00:00:00-04:00,2.350972890853882,2.350972890853882,2.350972890853882,2.350972890853882,0,0.0,0.0
1989-07-21 00:00:00-04:00,0.0,2.372344493865967,2.372344493865967,2.372344493865967,1800,0.0,0.0
1989-07-24 00:00:00-04:00,0.0,2.3082265853881836,2.3082265853881836,2.3082265853881836,1800,0.0,0.0
1989-07-25 00:00:00-04:00,2.3082265853881836,2.3082265853881836,2.3082265853881836,2.3082265853881836,0,0.0,0.0
1989-07-26 00:00:00-04:00,2.3082265853881836,2.3082265853881836,2.3082265853881836,2.3082265853881836,0,0.0,0.0
1989-07-27 00:00:00-04:00,0.0,2.3402857780456543,2.3402857780456543,2.3402857780456543,193500,0.0,0.0
1989-07-28 00:00:00-04:00,0.0,2.372344493865967,2.3082269561238182,2.372344493865967,2700,0.0,0.0
1989-07-31 00:00:00-04:00,0.0,2.372344493865967,2.372344493865967,2.372344493865967,900,0.0,0.0
1989-08-01 00:00:00-04:00,0.0,2.372344493865967,2.372344493865967,2.372344493865967,4500,0.0,0.0
1989-08-02 00:00:00-04:00,2.372344493865967,2.372344493865967,2.372344493865967,2.372344493865967,0,0.0,0.0
1989-08-03 00:00:00-04:00,0.0,2.318913221359253,2.297540465234714,2.318913221359253,279000,0.0,0.0
1989-08-04 00:00:00-04:00,2.318913221359253,2.318913221359253,2.318913221359253,2.318913221359253,0,0.0,0.0
1989-08-07 00:00:00-04:00,2.318913221359253,2.318913221359253,2.318913221359253,2.318913221359253,0,0.0,0.0
1989-08-08 00:00:00-04:00,2.318913221359253,2.318913221359253,2.318913221359253,2.318913221359253,0,0.0,0.0
1989-08-09 00:00:00-04:00,2.318913221359253,2.318913221359253,2.318913221359253,2.318913221359253,0,0.0,0.0
1989-08-10 00:00:00-04:00,0.0,2.393716700711021,2.3402855415534956,2.372344493865967,788400,0.0,0.0
1989-08-11 00:00:00-04:00,0.0,2.436460256576538,2.3509705613979843,2.436460256576538,1091700,0.0,0.0
1989-08-14 00:00:00-04:00,0.0,2.511776410826931,2.4456772804260254,2.4456772804260254,14400,0.1899,0.0
1989-08-15 00:00:00-04:00,2.4456772804260254,2.4456772804260254,2.4456772804260254,2.4456772804260254,0,0.0,0.0
1989-08-16 00:00:00-04:00,0.0,2.4677101347811434,2.4456772804260254,2.4456772804260254,25200,0.0,0.0
1989-08-17 00:00:00-04:00,0.0,2.511776410826931,2.4456772804260254,2.4456772804260254,2700,0.0,0.0
1989-08-18 00:00:00-04:00,0.0,2.511775255203247,2.511775255203247,2.511775255203247,900,0.0,0.0
1989-08-21 00:00:00-04:00,0.0,2.4456772804260254,2.4456772804260254,2.4456772804260254,4500,0.0,0.0
1989-08-22 00:00:00-04:00,2.4456772804260254,2.4456772804260254,2.4456772804260254,2.4456772804260254,0,0.0,0.0
1989-08-23 00:00:00-04:00,0.0,2.478727102279663,2.478727102279663,2.478727102279663,20700,0.0,0.0
1989-08-24 00:00:00-04:00,2.478727102279663,2.478727102279663,2.478727102279663,2.478727102279663,0,0.0,0.0
1989-08-25 00:00:00-04:00,0.0,2.4677101347811434,2.4456772804260254,2.4456772804260254,30600,0.0,0.0
1989-08-28 00:00:00-04:00,0.0,2.489742626699627,2.4456763671099915,2.456692695617676,23400,0.0,0.0
1989-08-29 00:00:00-04:00,0.0,2.489742626699627,2.456692695617676,2.456692695617676,39600,0.0,0.0
1989-08-30 00:00:00-04:00,0.0,2.4677101347811434,2.4456772804260254,2.4456772804260254,31500,0.0,0.0
1989-08-31 00:00:00-04:00,0.0,2.4677092132371397,2.456692695617676,2.456692695617676,37800,0.0,0.0
1989-09-01 00:00:00-04:00,0.0,2.4677083492279053,2.4566918354656107,2.4677083492279053,49500,0.0,0.0
1989-09-05 00:00:00-04:00,0.0,2.489741325378418,2.489741325378418,2.489741325378418,7200,0.0,0.0
1989-09-06 00:00:00-04:00,0.0,2.4456772804260254,2.4456772804260254,2.4456772804260254,2700,0.0,0.0
1989-09-07 00:00:00-04:00,0.0,2.4456772804260254,2.4456772804260254,2.4456772804260254,4500,0.0,0.0
1989-09-08 00:00:00-04:00,0.0,2.511775255203247,2.4456761552133766,2.511775255203247,5400,0.0,0.0
1989-09-11 00:00:00-04:00,0.0,2.3795766830444336,2.3795766830444336,2.3795766830444336,900,0.0,0.0
1989-09-12 00:00:00-04:00,2.3795766830444336,2.3795766830444336,2.3795766830444336,2.3795766830444336,0,0.0,0.0
1989-09-13 00:00:00-04:00,2.3795766830444336,2.3795766830444336,2.3795766830444336,2.3795766830444336,0,0.0,0.0
1989-09-14 00:00:00-04:00,0.0,2.3795766830444336,2.3795766830444336,2.3795766830444336,900,0.0,0.0
1989-09-15 00:00:00-04:00,0.0,2.3795760206868155,2.335509777069092,2.335509777069092,51300,0.0,0.0
1989-09-18 00:00:00-04:00,0.0,2.357543592002783,2.335510557388303,2.3520355224609375,120600,0.0,0.0
1989-09-19 00:00:00-04:00,0.0,2.3795759238887344,2.3465263843536377,2.3465263843536377,5400,0.0,0.0
1989-09-20 00:00:00-04:00,0.0,2.3795766830444336,2.3355104271608225,2.3795766830444336,42300,0.0,0.0
1989-09-21 00:00:00-04:00,0.0,2.4016099055421214,2.3575434605467462,2.3795766830444336,10800,0.0,0.0
1989-09-22 00:00:00-04:00,0.0,2.3905930519104004,2.357543128266162,2.3905930519104004,32400,0.0,0.0
1989-09-25 00:00:00-04:00,2.3905930519104004,2.3905930519104004,2.3905930519104004,2.3905930519104004,0,0.0,0.0
1989-09-26 00:00:00-04:00,2.3905930519104004,2.3905930519104004,2.3905930519104004,2.3905930519104004,0,0.0,0.0
1989-09-27 00:00:00-04:00,0.0,2.3685598373413086,2.3685598373413086,2.3685598373413086,1800,0.0,0.0
1989-09-28 00:00:00-04:00,0.0,2.3685598373413086,2.3685598373413086,2.3685598373413086,2700,0.0,0.0
1989-09-29 00:00:00-04:00,0.0,2.3795771723407304,2.3575439453125,2.3575439453125,8100,0.0,0.0
1989-10-02 00:00:00-04:00,0.0,2.423643112182617,2.3575436290761846,2.423643112182617,13500,0.0,0.0
1989-10-03 00:00:00-04:00,2.423643112182617,2.423643112182617,2.423643112182617,2.423643112182617,0,0.0,0.0
1989-10-04 00:00:00-04:00,0.0,2.412626729215372,2.3575439453125,2.3575439453125,25200,0.0,0.0
1989-10-05 00:00:00-04:00,0.0,2.423643112182617,2.3575436290761846,2.423643112182617,2700,0.0,0.0
1989-10-06 00:00:00-04:00,0.0,2.401610851287842,2.401610851287842,2.401610851287842,900,0.0,0.0
1989-10-09 00:00:00-04:00,2.401610851287842,2.401610851287842,2.401610851287842,2.401610851287842,0,0.0,0.0
1989-10-10 00:00:00-04:00,2.401610851287842,2.401610851287842,2.401610851287842,2.401610851287842,0,0.0,0.0
1989-10-11 00:00:00-04:00,2.401610851287842,2.401610851287842,2.401610851287842,2.401610851287842,0,0.0,0.0
1989-10-12 00:00:00-04:00,0.0,2.511775599567658,2.3795770032399637,2.4511847496032715,4500,0.0,0.0
1989-10-13 00:00:00-04:00,0.0,2.3795766830444336,2.3795766830444336,2.3795766830444336,2700,0.0,0.0
1989-10-16 00:00:00-04:00,0.0,2.3795760206868155,2.335509777069092,2.335509777069092,11700,0.0,0.0
1989-10-17 00:00:00-04:00,0.0,2.3685598373413086,2.3685598373413086,2.3685598373413086,4500,0.0,0.0
1989-10-18 00:00:00-04:00,0.0,2.335509777069092,2.335509777069092,2.335509777069092,1800,0.0,0.0
1989-10-19 00:00:00-04:00,0.0,2.39059272342503,2.335509777069092,2.335509777069092,11700,0.0,0.0
1989-10-20 00:00:00-04:00,0.0,2.3905930519104004,2.3355100979856522,2.3905930519104004,16200,0.0,0.0
1989-10-23 00:00:00-04:00,2.3905930519104004,2.3905930519104004,2.3905930519104004,2.3905930519104004,0,0.0,0.0
1989-10-24 00:00:00-04:00,0.0,2.390593880410747,2.3355109073960723,2.3575439453125,22500,0.0,0.0
1989-10-25 00:00:00-04:00,2.3575439453125,2.3575439453125,2.3575439453125,2.3575439453125,0,0.0,0.0
1989-10-26 00:00:00-04:00,0.0,2.335509777069092,2.335509777069092,2.335509777069092,2700,0.0,0.0
1989-10-27 00:00:00-04:00,0.0,2.3575439453125,2.346527615466089,2.3575439453125,225000,0.0,0.0
1989-10-30 00:00:00-05:00,2.3575439453125,2.3575439453125,2.3575439453125,2.3575439453125,0,0.0,0.0
1989-10-31 00:00:00-05:00,2.3575439453125,2.3575439453125,2.3575439453125,2.3575439453125,0,0.0,0.0
1989-11-01 00:00:00-05:00,0.0,2.31347918510437,2.31347918510437,2.31347918510437,900,0.0,0.0
1989-11-02 00:00:00-05:00,2.31347918510437,2.31347918510437,2.31347918510437,2.31347918510437,0,0.0,0.0
1989-11-03 00:00:00-05:00,0.0,2.335509777069092,2.335509777069092,2.335509777069092,2700,0.0,0.0
1989-11-06 00:00:00-05:00,0.0,2.335509777069092,2.335509777069092,2.335509777069092,2700,0.0,0.0
1989-11-07 00:00:00-05:00,2.335509777069092,2.335509777069092,2.335509777069092,2.335509777069092,0,0.0,0.0
1989-11-08 00:00:00-05:00,2.335509777069092,2.335509777069092,2.335509777069092,2.335509777069092,0,0.0,0.0
1989-11-09 00:00:00-05:00,2.335509777069092,2.335509777069092,2.335509777069092,2.335509777069092,0,0.0,0.0
1989-11-10 00:00:00-05:00,0.0,2.3905930519104004,2.3355100979856522,2.3905930519104004,6300,0.0,0.0
1989-11-13 00:00:00-05:00,2.4683573246002197,2.4683573246002197,2.4683573246002197,2.4683573246002197,0,0.1899,0.0
1989-11-14 00:00:00-05:00,2.4683573246002197,2.4683573246002197,2.4683573246002197,2.4683573246002197,0,0.0,0.0
1989-11-15 00:00:00-05:00,2.4683573246002197,2.4683573246002197,2.4683573246002197,2.4683573246002197,0,0.0,0.0
1989-11-16 00:00:00-05:00,0.0,2.417168378829956,2.417168378829956,2.417168378829956,1800,0.0,0.0
1989-11-17 00:00:00-05:00,2.417168378829956,2.417168378829956,2.417168378829956,2.417168378829956,0,0.0,0.0
1989-11-20 00:00:00-05:00,0.0,2.47404408454895,2.4683566488785025,2.47404408454895,14400,0.0,0.0
1989-11-21 00:00:00-05:00,0.0,2.479731559753418,2.4342316831377344,2.479731559753418,11700,0.0,0.0
1989-11-22 00:00:00-05:00,0.0,2.547981075014244,2.434231956491563,2.456981897354126,4500,0.0,0.0
1989-11-24 00:00:00-05:00,2.456981897354126,2.456981897354126,2.456981897354126,2.456981897354126,0,0.0,0.0
1989-11-27 00:00:00-05:00,2.456981897354126,2.456981897354126,2.456981897354126,2.456981897354126,0,0.0,0.0
1989-11-28 00:00:00-05:00,0.0,2.4342312812805176,2.4342312812805176,2.4342312812805176,1800,0.0,0.0
1989-11-29 00:00:00-05:00,0.0,2.547979458801086,2.4342304124307543,2.4456052780151367,18900,0.0,0.0
1989-11-30 00:00:00-05:00,0.0,2.4683573246002197,2.4456071851637917,2.4683573246002197,45000,0.0,0.0
1989-12-01 00:00:00-05:00,2.4683573246002197,2.4683573246002197,2.4683573246002197,2.4683573246002197,0,0.0,0.0
1989-12-04 00:00:00-05:00,0.0,2.4342312812805176,2.4342312812805176,2.4342312812805176,900,0.0,0.0
1989-12-05 00:00:00-05:00,0.0,2.456981897354126,2.456981897354126,2.456981897354126,1800,0.0,0.0
1989-12-06 00:00:00-05:00,0.0,2.4911065157529038,2.456981897354126,2.456981897354126,14400,0.0,0.0
1989-12-07 00:00:00-05:00,0.0,2.4911069869995117,2.4911069869995117,2.4911069869995117,6300,0.0,0.0
1989-12-08 00:00:00-05:00,2.4911069869995117,2.4911069869995117,2.4911069869995117,2.4911069869995117,0,0.0,0.0
1989-12-11 00:00:00-05:00,0.0,2.456981897354126,2.456981897354126,2.456981897354126,1800,0.0,0.0
1989-12-12 00:00:00-05:00,0.0,2.5024831295013428,2.5024831295013428,2.5024831295013428,18900,0.0,0.0
1989-12-13 00:00:00-05:00,2.5024831295013428,2.5024831295013428,2.5024831295013428,2.5024831295013428,0,0.0,0.0
1989-12-14 00:00:00-05:00,0.0,2.4911069869995117,2.4569823621453253,2.4911069869995117,11700,0.0,0.0
1989-12-15 00:00:00-05:00,0.0,2.5479822158813477,2.502482704310427,2.5479822158813477,3600,0.0,0.0
1989-12-18 00:00:00-05:00,0.0,2.593480348587036,2.4797314434368602,2.593480348587036,8100,0.0,0.0
1989-12-19 00:00:00-05:00,0.0,2.479731559753418,2.479731559753418,2.479731559753418,9900,0.0,0.0
1989-12-20 00:00:00-05:00,2.479731559753418,2.479731559753418,2.479731559753418,2.479731559753418,0,0.0,0.0
1989-12-21 00:00:00-05:00,0.0,2.5479822158813477,2.4911076311542315,2.5479822158813477,911700,0.0,0.0
1989-12-22 00:00:00-05:00,2.5479822158813477,2.5479822158813477,2.5479822158813477,2.5479822158813477,0,0.0,0.0
1989-12-26 00:00:00-05:00,0.0,2.593480873516463,2.5366063117980957,2.5366063117980957,5400,0.0,0.0
1989-12-27 00:00:00-05:00,0.0,2.479731559753418,2.479731559753418,2.479731559753418,3600,0.0,0.0
1989-12-28 00:00:00-05:00,0.0,2.5422933101654053,2.4797315178502544,2.5422933101654053,9000,0.0,0.0
1989-12-29 00:00:00-05:00,0.0,2.5707309246063232,2.479731561825623,2.5707309246063232,1800,0.0,0.0
1990-01-02 00:00:00-05:00,0.0,2.525231241105746,2.479731559753418,2.479731559753418,12600,0.0,0.0
1990-01-03 00:00:00-05:00,0.0,2.5252320766448975,2.4797323802378037,2.5252320766448975,180900,0.0,0.0
1990-01-04 00:00:00-05:00,0.0,2.5479822158813477,2.502482704310427,2.5479822158813477,8100,0.0,0.0
1990-01-05 00:00:00-05:00,2.5479822158813477,2.5479822158813477,2.5479822158813477,2.5479822158813477,0,0.0,0.0
1990-01-08 00:00:00-05:00,0.0,2.5707309246063232,2.50248130488912,2.5707309246063232,2700,0.0,0.0
1990-01-09 00:00:00-05:00,0.0,2.593481944246735,2.51385760307312,2.51385760307312,4500,0.0,0.0
1990-01-10 00:00:00-05:00,0.0,2.5934809206920195,2.502481737445383,2.508169174194336,30600,0.0,0.0
1990-01-11 00:00:00-05:00,0.0,2.5479822158813477,2.5479822158813477,2.5479822158813477,2700,0.0,0.0
1990-01-12 00:00:00-05:00,2.5479822158813477,2.5479822158813477,2.5479822158813477,2.5479822158813477,0,0.0,0.0
1990-01-15 00:00:00-05:00,0.0,2.5138561743201473,2.456981621445576,2.479731559753418,132300,0.0,0.0
1990-01-16 00:00:00-05:00,0.0,2.51385760307312,2.456983017873833,2.51385760307312,40500,0.0,0.0
1990-01-17 00:00:00-05:00,0.0,2.502481583815874,2.456981897354126,2.456981897354126,69300,0.0,0.0
1990-01-18 00:00:00-05:00,0.0,2.468356965417096,2.456981897354126,2.456981897354126,34200,0.0,0.0
1990-01-19 00:00:00-05:00,0.0,2.4683573246002197,2.4569822548820057,2.4683573246002197,9900,0.0,0.0
1990-01-22 00:00:00-05:00,2.4683573246002197,2.4683573246002197,2.4683573246002197,2.4683573246002197,0,0.0,0.0
1990-01-23 00:00:00-05:00,0.0,2.479731559753418,2.4114819400932483,2.479731559753418,36900,0.0,0.0
1990-01-24 00:00:00-05:00,0.0,2.502481380579329,2.3432323932647705,2.3432323932647705,1800,0.0,0.0
1990-01-25 00:00:00-05:00,2.3432323932647705,2.3432323932647705,2.3432323932647705,2.3432323932647705,0,0.0,0.0
1990-01-26 00:00:00-05:00,2.3432323932647705,2.3432323932647705,2.3432323932647705,2.3432323932647705,0,0.0,0.0
1990-01-29 00:00:00-05:00,0.0,2.456981324757894,2.3204824924468994,2.3204824924468994,7200,0.0,0.0
1990-01-30 00:00:00-05:00,0.0,2.2863571643829346,2.274982491124858,2.2863571643829346,20700,0.0,0.0
1990-01-31 00:00:00-05:00,0.0,2.274982452392578,2.2294825885550953,2.274982452392578,8100,0.0,0.0
1990-02-01 00:00:00-05:00,2.274982452392578,2.274982452392578,2.274982452392578,2.274982452392578,0,0.0,0.0
1990-02-02 00:00:00-05:00,0.0,2.365983247756958,2.365983247756958,2.365983247756958,1800,0.0,0.0
1990-02-05 00:00:00-05:00,2.365983247756958,2.365983247756958,2.365983247756958,2.365983247756958,0,0.0,0.0
1990-02-06 00:00:00-05:00,0.0,2.3091077032773373,2.26360821723938,2.26360821723938,78300,0.0,0.0
1990-02-07 00:00:00-05:00,0.0,2.365981789540941,2.274982452392578,2.274982452392578,9900,0.0,0.0
1990-02-08 00:00:00-05:00,2.274982452392578,2.274982452392578,2.274982452392578,2.274982452392578,0,0.0,0.0
1990-02-09 00:00:00-05:00,0.0,2.2522337436676025,2.2522337436676025,2.2522337436676025,1800,0.0,0.0
1990-02-12 00:00:00-05:00,0.0,2.4977214494233286,2.3563411235809326,2.3563411235809326,44100,0.1899,0.0
1990-02-13 00:00:00-05:00,0.0,2.450594902038574,2.450594902038574,2.450594902038574,900,0.0,0.0
1990-02-14 00:00:00-05:00,0.0,2.450594902038574,2.450594902038574,2.450594902038574,900,0.0,0.0
1990-02-15 00:00:00-05:00,0.0,2.4977219104766846,2.3563415585369536,2.4977219104766846,3600,0.0,0.0
1990-02-16 00:00:00-05:00,2.4977219104766846,2.4977219104766846,2.4977219104766846,2.4977219104766846,0,0.0,0.0
1990-02-20 00:00:00-05:00,0.0,2.3563411235809326,2.3563411235809326,2.3563411235809326,900,0.0,0.0
1990-02-21 00:00:00-05:00,0.0,2.3563411235809326,2.3563411235809326,2.3563411235809326,9900,0.0,0.0
1990-02-22 00:00:00-05:00,0.0,2.450594902038574,2.450594902038574,2.450594902038574,900,0.0,0.0
1990-02-23 00:00:00-05:00,2.450594902038574,2.450594902038574,2.450594902038574,2.450594902038574,0,0.0,0.0
1990-02-26 00:00:00-05:00,2.450594902038574,2.450594902038574,2.450594902038574,2.450594902038574,0,0.0,0.0
1990-02-27 00:00:00-05:00,0.0,2.332777261734009,2.332777261734009,2.332777261734009,1800,0.0,0.0
1990-02-28 00:00:00-05:00,0.0,2.450594902038574,2.450594902038574,2.450594902038574,5400,0.0,0.0
1990-03-01 00:00:00-05:00,0.0,2.3209965229034424,2.3092148588105155,2.3209965229034424,9000,0.0,0.0
1990-03-02 00:00:00-05:00,0.0,2.4977219104766846,2.4034684099323336,2.4977219104766846,34200,0.0,0.0
1990-03-05 00:00:00-05:00,2.4977219104766846,2.4977219104766846,2.4977219104766846,2.4977219104766846,0,0.0,0.0
1990-03-06 00:00:00-05:00,0.0,2.533066511154175,2.5212848506631307,2.533066511154175,135000,0.0,0.0
1990-03-07 00:00:00-05:00,0.0,2.521284580230713,2.5095031232497234,2.521284580230713,18000,0.0,0.0
1990-03-08 00:00:00-05:00,0.0,2.521284580230713,2.4977212617760216,2.521284580230713,2700,0.0,0.0
1990-03-09 00:00:00-05:00,2.521284580230713,2.521284580230713,2.521284580230713,2.521284580230713,0,0.0,0.0
1990-03-12 00:00:00-05:00,2.521284580230713,2.521284580230713,2.521284580230713,2.521284580230713,0,0.0,0.0
1990-03-13 00:00:00-05:00,0.0,2.474158763885498,2.474158763885498,2.474158763885498,900,0.0,0.0
1990-03-14 00:00:00-05:00,2.474158763885498,2.474158763885498,2.474158763885498,2.474158763885498,0,0.0,0.0
1990-03-15 00:00:00-05:00,2.474158763885498,2.474158763885498,2.474158763885498,2.474158763885498,0,0.0,0.0
1990-03-16 00:00:00-05:00,0.0,2.474158763885498,2.474158763885498,2.474158763885498,1800,0.0,0.0
1990-03-19 00:00:00-05:00,0.0,2.474158763885498,2.474158763885498,2.474158763885498,3600,0.0,0.0
1990-03-20 00:00:00-05:00,0.0,2.521284580230713,2.5095031232497234,2.521284580230713,7200,0.0,0.0
1990-03-21 00:00:00-05:00,0.0,2.591976501719595,2.5448496341705322,2.5448496341705322,14400,0.0,0.0
1990-03-22 00:00:00-05:00,0.0,2.591974973678589,2.568411654918525,2.591974973678589,5400,0.0,0.0
1990-03-23 00:00:00-05:00,0.0,2.7097917947645564,2.5919748041761728,2.6862282752990723,17100,0.0,0.0
1990-03-26 00:00:00-05:00,2.591974973678589,2.591974973678589,2.591974973678589,2.591974973678589,900,0.0,0.0
1990-03-27 00:00:00-05:00,2.6391016111987162,2.6391016111987162,2.591974973678589,2.591974973678589,9000,0.0,0.0
1990-03-28 00:00:00-05:00,2.615537643432617,2.615537643432617,2.615537643432617,2.615537643432617,900,0.0,0.0
1990-03-29 00:00:00-05:00,2.780482769012451,2.780482769012451,2.780482769012451,2.780482769012451,900,0.0,0.0
1990-03-30 00:00:00-05:00,2.615537643432617,2.615537643432617,2.615537643432617,2.615537643432617,900,0.0,0.0
1990-04-02 00:00:00-04:00,2.615537643432617,2.615537643432617,2.615537643432617,2.615537643432617,900,0.0,0.0
1990-04-03 00:00:00-04:00,2.615537643432617,2.639100752277477,2.615537643432617,2.615537643432617,6300,0.0,0.0
1990-04-04 00:00:00-04:00,2.615537643432617,2.615537643432617,2.615537643432617,2.615537643432617,0,0.0,0.0
1990-04-05 00:00:00-04:00,2.615537643432617,2.615537643432617,2.615537643432617,2.615537643432617,900,0.0,0.0
1990-04-06 00:00:00-04:00,2.615537643432617,2.615537643432617,2.615537643432617,2.615537643432617,0,0.0,0.0
1990-04-09 00:00:00-04:00,2.615537643432617,2.615537643432617,2.615537643432617,2.615537643432617,900,0.0,0.0
1990-04-10 00:00:00-04:00,2.615537643432617,2.615537643432617,2.615537643432617,2.615537643432617,0,0.0,0.0
1990-04-11 00:00:00-04:00,2.615537643432617,2.615537643432617,2.615537643432617,2.615537643432617,0,0.0,0.0
1990-04-12 00:00:00-04:00,2.615537643432617,2.615537643432617,2.615537643432617,2.615537643432617,900,0.0,0.0
1990-04-16 00:00:00-04:00,2.615537643432617,2.615537643432617,2.615537643432617,2.615537643432617,0,0.0,0.0
1990-04-17 00:00:00-04:00,2.615537643432617,2.615537643432617,2.615537643432617,2.615537643432617,0,0.0,0.0
1990-04-18 00:00:00-04:00,2.8040460914696865,2.8040460914696865,2.780482769012451,2.780482769012451,1800,0.0,0.0
1990-04-19 00:00:00-04:00,2.780482769012451,2.780482769012451,2.780482769012451,2.780482769012451,0,0.0,0.0
1990-04-20 00:00:00-04:00,2.780482769012451,2.780482769012451,2.780482769012451,2.780482769012451,0,0.0,0.0
1990-04-23 00:00:00-04:00,2.780482769012451,2.780482769012451,2.780482769012451,2.780482769012451,0,0.0,0.0
1990-04-24 00:00:00-04:00,2.780482769012451,2.780482769012451,2.780482769012451,2.780482769012451,0,0.0,0.0
1990-04-25 00:00:00-04:00,2.780482769012451,2.780482769012451,2.780482769012451,2.780482769012451,0,0.0,0.0
1990-04-26 00:00:00-04:00,2.780482769012451,2.780482769012451,2.780482769012451,2.780482769012451,0,0.0,0.0
1990-04-27 00:00:00-04:00,2.780482769012451,2.780482769012451,2.780482769012451,2.780482769012451,0,0.0,0.0
1990-04-30 00:00:00-04:00,2.780482769012451,2.780482769012451,2.780482769012451,2.780482769012451,0,0.0,0.0
1990-05-01 00:00:00-04:00,2.780482769012451,2.780482769012451,2.780482769012451,2.780482769012451,0,0.0,0.0
1990-05-02 00:00:00-04:00,2.780482769012451,2.780482769012451,2.780482769012451,2.780482769012451,0,0.0,0.0
1990-05-03 00:00:00-04:00,2.709793332044145,2.709793332044145,2.6391029357910156,2.6391029357910156,25200,0.0,0.0
1990-05-04 00:00:00-04:00,2.6391029357910156,2.6391029357910156,2.6391029357910156,2.6391029357910156,0,0.0,0.0
1990-05-07 00:00:00-04:00,2.6391029357910156,2.6391029357910156,2.6391029357910156,2.6391029357910156,900,0.0,0.0
1990-05-08 00:00:00-04:00,2.6626651603262794,2.6862282752990723,2.6626651603262794,2.6862282752990723,34200,0.0,0.0
1990-05-09 00:00:00-04:00,2.6862282752990723,2.6862282752990723,2.6862282752990723,2.6862282752990723,0,0.0,0.0
1990-05-10 00:00:00-04:00,2.6862282752990723,2.6862282752990723,2.6862282752990723,2.6862282752990723,0,0.0,0.0
1990-05-11 00:00:00-04:00,2.6862282752990723,2.6862282752990723,2.6862282752990723,2.6862282752990723,0,0.0,0.0
1990-05-14 00:00:00-04:00,2.647927677598595,2.6952121257781982,2.647927677598595,2.6952121257781982,5400,0.02111,0.0
1990-05-15 00:00:00-04:00,2.6952121257781982,2.6952121257781982,2.6952121257781982,2.6952121257781982,18000,0.0,0.0
1990-05-16 00:00:00-04:00,2.7188549041748047,2.7188549041748047,2.7188549041748047,2.7188549041748047,180000,0.0,0.0
1990-05-17 00:00:00-04:00,2.730678081512451,2.730678081512451,2.730678081512451,2.730678081512451,76500,0.0,0.0
1990-05-18 00:00:00-04:00,2.7188549041748047,2.7188549041748047,2.7188549041748047,2.7188549041748047,900,0.0,0.0
1990-05-21 00:00:00-04:00,2.7897818088531494,2.7897818088531494,2.7897818088531494,2.7897818088531494,1800,0.0,0.0
1990-05-22 00:00:00-04:00,2.6952121257781982,2.754317635272017,2.6952121257781982,2.6952121257781982,57600,0.0,0.0
1990-05-23 00:00:00-04:00,2.813423816285164,2.813423816285164,2.7188549041748047,2.7188549041748047,2700,0.0,0.0
1990-05-24 00:00:00-04:00,2.7897818088531494,2.7897818088531494,2.7897818088531494,2.7897818088531494,900,0.0,0.0
1990-05-25 00:00:00-04:00,2.7424962520599365,2.7424962520599365,2.7188541322064763,2.7424962520599365,28800,0.0,0.0
1990-05-29 00:00:00-04:00,2.7424962520599365,2.7424962520599365,2.7424962520599365,2.7424962520599365,0,0.0,0.0
1990-05-30 00:00:00-04:00,2.7188549041748047,2.7188549041748047,2.7188549041748047,2.7188549041748047,900,0.0,0.0
1990-05-31 00:00:00-04:00,2.7188549041748047,2.7188549041748047,2.7188549041748047,2.7188549041748047,900,0.0,0.0
1990-06-01 00:00:00-04:00,2.813423816285164,2.813423816285164,2.7188549041748047,2.7188549041748047,2700,0.0,0.0
1990-06-04 00:00:00-04:00,2.7188549041748047,2.7188549041748047,2.7188549041748047,2.7188549041748047,0,0.0,0.0
1990-06-05 00:00:00-04:00,2.7188549041748047,2.7188549041748047,2.7188549041748047,2.7188549041748047,0,0.0,0.0
1990-06-06 00:00:00-04:00,2.7188549041748047,2.7188549041748047,2.7188549041748047,2.7188549041748047,0,0.0,0.0
1990-06-07 00:00:00-04:00,2.7188549041748047,2.7188549041748047,2.7188549041748047,2.7188549041748047,0,0.0,0.0
1990-06-08 00:00:00-04:00,2.7897816897189616,2.7897816897189616,2.7188549041748047,2.7188549041748047,7200,0.0,0.0
1990-06-11 00:00:00-04:00,2.7188549041748047,2.7188549041748047,2.7188549041748047,2.7188549041748047,900,0.0,0.0
1990-06-12 00:00:00-04:00,2.7188549041748047,2.7188549041748047,2.7188549041748047,2.7188549041748047,0,0.0,0.0
1990-06-13 00:00:00-04:00,2.7188549041748047,2.7188549041748047,2.7188549041748047,2.7188549041748047,0,0.0,0.0
1990-06-14 00:00:00-04:00,2.7188549041748047,2.7188549041748047,2.7188549041748047,2.7188549041748047,1800,0.0,0.0
1990-06-15 00:00:00-04:00,2.7188549041748047,2.7188549041748047,2.7188549041748047,2.7188549041748047,0,0.0,0.0
1990-06-18 00:00:00-04:00,2.7188549041748047,2.7188549041748047,2.7188549041748047,2.7188549041748047,1800,0.0,0.0
1990-06-19 00:00:00-04:00,2.7188549041748047,2.7188549041748047,2.7188549041748047,2.7188549041748047,0,0.0,0.0
1990-06-20 00:00:00-04:00,2.7188549041748047,2.7188549041748047,2.7188549041748047,2.7188549041748047,1800,0.0,0.0
1990-06-21 00:00:00-04:00,2.7188549041748047,2.7188549041748047,2.7188549041748047,2.7188549041748047,0,0.0,0.0
1990-06-22 00:00:00-04:00,2.7661393602299844,2.7661393602299844,2.7188549041748047,2.7188549041748047,3600,0.0,0.0
1990-06-25 00:00:00-04:00,2.7543182373046875,2.7543182373046875,2.7543182373046875,2.7543182373046875,11700,0.0,0.0
1990-06-26 00:00:00-04:00,2.7897816897189616,2.7897816897189616,2.7188549041748047,2.7188549041748047,30600,0.0,0.0
1990-06-27 00:00:00-04:00,2.7188549041748047,2.7188549041748047,2.7188549041748047,2.7188549041748047,0,0.0,0.0
1990-06-28 00:00:00-04:00,2.7188549041748047,2.7188549041748047,2.7188549041748047,2.7188549041748047,0,0.0,0.0
1990-06-29 00:00:00-04:00,2.7247656387391297,2.73067617038068,2.7188549041748047,2.7188549041748047,153900,0.0,0.0
1990-07-02 00:00:00-04:00,2.718856807033168,2.730678081512451,2.718856807033168,2.730678081512451,32400,0.0,0.0
1990-07-03 00:00:00-04:00,2.7897818088531494,2.7897818088531494,2.7897818088531494,2.7897818088531494,1800,0.0,0.0
1990-07-05 00:00:00-04:00,2.7897818088531494,2.7897818088531494,2.7897818088531494,2.7897818088531494,0,0.0,0.0
1990-07-06 00:00:00-04:00,2.7188549041748047,2.7188549041748047,2.7188549041748047,2.7188549041748047,4500,0.0,0.0
1990-07-09 00:00:00-04:00,2.748409030291124,2.760230302810669,2.748409030291124,2.760230302810669,180000,0.0,0.0
1990-07-10 00:00:00-04:00,2.760230302810669,2.760230302810669,2.760230302810669,2.760230302810669,0,0.0,0.0
1990-07-11 00:00:00-04:00,2.760230302810669,2.760230302810669,2.760230302810669,2.760230302810669,0,0.0,0.0
1990-07-12 00:00:00-04:00,2.766139030456543,2.766139030456543,2.766139030456543,2.766139030456543,1800,0.0,0.0
1990-07-13 00:00:00-04:00,2.7188545800385184,2.766139030456543,2.7188545800385184,2.766139030456543,21600,0.0,0.0
1990-07-16 00:00:00-04:00,2.7188545800385184,2.766139030456543,2.7188545800385184,2.766139030456543,43200,0.0,0.0
1990-07-17 00:00:00-04:00,2.766139030456543,2.766139030456543,2.766139030456543,2.766139030456543,3600,0.0,0.0
1990-07-18 00:00:00-04:00,2.766139030456543,2.766139030456543,2.766139030456543,2.766139030456543,4500,0.0,0.0
1990-07-19 00:00:00-04:00,2.766139030456543,2.766139030456543,2.766139030456543,2.766139030456543,0,0.0,0.0
1990-07-20 00:00:00-04:00,2.766139030456543,2.766139030456543,2.766139030456543,2.766139030456543,0,0.0,0.0
1990-07-23 00:00:00-04:00,2.7188549041748047,2.7188549041748047,2.7188549041748047,2.7188549041748047,9000,0.0,0.0
1990-07-24 00:00:00-04:00,2.70703387260437,2.70703387260437,2.70703387260437,2.70703387260437,19800,0.0,0.0
1990-07-25 00:00:00-04:00,2.707032786167314,2.7424959621993206,2.707032786167314,2.7129433155059814,61200,0.0,0.0
1990-07-26 00:00:00-04:00,2.736588617290635,2.736588617290635,2.6952144609975175,2.730678081512451,20700,0.0,0.0
1990-07-27 00:00:00-04:00,2.730678081512451,2.730678081512451,2.730678081512451,2.730678081512451,0,0.0,0.0
1990-07-30 00:00:00-04:00,2.6952122403632846,2.7247653007507324,2.6952122403632846,2.7247653007507324,20700,0.0,0.0
1990-07-31 00:00:00-04:00,2.7247653007507324,2.7247653007507324,2.7247653007507324,2.7247653007507324,0,0.0,0.0
1990-08-01 00:00:00-04:00,2.7247653007507324,2.7247653007507324,2.7247653007507324,2.7247653007507324,0,0.0,0.0
1990-08-02 00:00:00-04:00,2.6952121257781982,2.6952121257781982,2.6952121257781982,2.6952121257781982,9000,0.0,0.0
1990-08-03 00:00:00-04:00,2.6952125539264817,2.6952125539264817,2.577001719083189,2.62428617477417,51300,0.0,0.0
1990-08-06 00:00:00-04:00,2.624285757892904,2.6952121257781982,2.6006434323417325,2.6952121257781982,33300,0.0,0.0
1990-08-07 00:00:00-04:00,2.6952121257781982,2.6952121257781982,2.6952121257781982,2.6952121257781982,0,0.0,0.0
1990-08-08 00:00:00-04:00,2.6006446851359244,2.6479289531707764,2.6006446851359244,2.6479289531707764,9900,0.0,0.0
1990-08-09 00:00:00-04:00,2.6952121257781982,2.6952121257781982,2.6006434323417325,2.6952121257781982,6300,0.0,0.0
1990-08-10 00:00:00-04:00,2.6952106059762575,2.7424950274926547,2.600641965866089,2.600641965866089,5400,0.0,0.0
1990-08-13 00:00:00-04:00,2.611084461212158,2.611084461212158,2.611084461212158,2.611084461212158,0,0.02444,0.0
1990-08-14 00:00:00-04:00,2.753507614135742,2.753507614135742,2.753507614135742,2.753507614135742,900,0.0,0.0
1990-08-15 00:00:00-04:00,2.753507614135742,2.753507614135742,2.753507614135742,2.753507614135742,0,0.0,0.0
1990-08-16 00:00:00-04:00,2.753507614135742,2.753507614135742,2.753507614135742,2.753507614135742,0,0.0,0.0
1990-08-17 00:00:00-04:00,2.753507614135742,2.753507614135742,2.753507614135742,2.753507614135742,0,0.0,0.0
1990-08-20 00:00:00-04:00,2.753507614135742,2.753507614135742,2.753507614135742,2.753507614135742,2700,0.0,0.0
1990-08-21 00:00:00-04:00,2.611084461212158,2.67042726672409,2.611084461212158,2.611084461212158,7200,0.0,0.0
1990-08-22 00:00:00-04:00,2.8009843826293945,2.9434071757589737,2.753509846602689,2.8009843826293945,1129500,0.0,0.0
1990-08-23 00:00:00-04:00,2.753510548688919,2.753510548688919,2.516139030456543,2.516139030456543,39600,0.0,0.0
1990-08-24 00:00:00-04:00,2.516137197603901,2.6110858172276417,2.516137197603901,2.5636115074157715,11700,0.0,0.0
1990-08-27 00:00:00-04:00,2.611087719244568,2.611087719244568,2.4924017563906937,2.516139030456543,180900,0.0,0.0
1990-08-28 00:00:00-04:00,2.492399940829197,2.5636115074157715,2.492399940829197,2.5636115074157715,111600,0.0,0.0
1990-08-29 00:00:00-04:00,2.3974533271501843,2.539876159909968,2.3974533271501843,2.504270553588867,15300,0.0,0.0
1990-08-30 00:00:00-04:00,2.5161382682358626,2.5398753313732922,2.468664141961004,2.4745984077453613,52200,0.0,0.0
1990-08-31 00:00:00-04:00,2.4745984077453613,2.4745984077453613,2.4745984077453613,2.4745984077453613,0,0.0,0.0
1990-09-04 00:00:00-04:00,2.504270553588867,2.504270553588867,2.504270553588867,2.504270553588867,9900,0.0,0.0
1990-09-05 00:00:00-04:00,2.504270553588867,2.504270553588867,2.504270553588867,2.504270553588867,0,0.0,0.0
1990-09-06 00:00:00-04:00,2.433056093743919,2.438990354537964,2.433056093743919,2.438990354537964,180000,0.0,0.0
1990-09-07 00:00:00-04:00,2.373715227611541,2.5161379986519115,2.373715227611541,2.48053240776062,384300,0.0,0.0
1990-09-10 00:00:00-04:00,2.48053240776062,2.48053240776062,2.48053240776062,2.48053240776062,0,0.0,0.0
1990-09-11 00:00:00-04:00,2.3737151622772217,2.3737151622772217,2.3737151622772217,2.3737151622772217,1800,0.0,0.0
1990-09-12 00:00:00-04:00,2.3737151622772217,2.3737151622772217,2.3737151622772217,2.3737151622772217,1800,0.0,0.0
1990-09-13 00:00:00-04:00,2.4449262619018555,2.4449262619018555,2.4449262619018555,2.4449262619018555,4500,0.0,0.0
1990-09-14 00:00:00-04:00,2.4449262619018555,2.4449262619018555,2.4449262619018555,2.4449262619018555,0,0.0,0.0
1990-09-17 00:00:00-04:00,2.3737136848557303,2.4686622729974537,2.3737136848557303,2.4567935466766357,387000,0.0,0.0
1990-09-18 00:00:00-04:00,2.3737147956841604,2.46866342825904,2.3737147956841604,2.403386116027832,108000,0.0,0.0
1990-09-19 00:00:00-04:00,2.4567935466766357,2.4567935466766357,2.409319252605774,2.4567935466766357,362700,0.0,0.0
1990-09-20 00:00:00-04:00,2.4567935466766357,2.4567935466766357,2.4567935466766357,2.4567935466766357,0,0.0,0.0
1990-09-21 00:00:00-04:00,2.4567935466766357,2.4567935466766357,2.4567935466766357,2.4567935466766357,0,0.0,0.0
1990-09-24 00:00:00-04:00,2.468663215637207,2.468663215637207,2.468663215637207,2.468663215637207,4500,0.0,0.0
1990-09-25 00:00:00-04:00,2.468663215637207,2.468663215637207,2.468663215637207,2.468663215637207,0,0.0,0.0
1990-09-26 00:00:00-04:00,2.326241970062256,2.326241970062256,2.326241970062256,2.326241970062256,1800,0.0,0.0
1990-09-27 00:00:00-04:00,2.3381099700927734,2.3381099700927734,2.3381099700927734,2.3381099700927734,49500,0.0,0.0
1990-09-28 00:00:00-04:00,2.3737151622772217,2.4211894858965257,2.302503574979467,2.3737151622772217,55800,0.0,0.0
1990-10-01 00:00:00-04:00,2.326241970062256,2.326241970062256,2.326241970062256,2.326241970062256,6300,0.0,0.0
1990-10-02 00:00:00-04:00,2.326241970062256,2.326241970062256,2.326241970062256,2.326241970062256,0,0.0,0.0
1990-10-03 00:00:00-04:00,2.2787656784057617,2.2787656784057617,2.2787656784057617,2.2787656784057617,2700,0.0,0.0
1990-10-04 00:00:00-04:00,2.2787656784057617,2.2787656784057617,2.2787656784057617,2.2787656784057617,1800,0.0,0.0
1990-10-05 00:00:00-04:00,2.2787656784057617,2.2787656784057617,2.2787656784057617,2.2787656784057617,0,0.0,0.0
1990-10-08 00:00:00-04:00,2.2787656784057617,2.326239988839741,2.2787656784057617,2.2787656784057617,8100,0.0,0.0
1990-10-09 00:00:00-04:00,2.2787656784057617,2.2787656784057617,2.2787656784057617,2.2787656784057617,1800,0.0,0.0
1990-10-10 00:00:00-04:00,2.3499779434586334,2.355912208557129,2.3499779434586334,2.355912208557129,23400,0.0,0.0
1990-10-11 00:00:00-04:00,2.355912208557129,2.355912208557129,2.355912208557129,2.355912208557129,0,0.0,0.0
1990-10-12 00:00:00-04:00,2.2787656784057617,2.2787656784057617,2.2787656784057617,2.2787656784057617,900,0.0,0.0
1990-10-15 00:00:00-04:00,2.2787665579859118,2.302503824234009,2.2787665579859118,2.302503824234009,108900,0.0,0.0
1990-10-16 00:00:00-04:00,2.421189785003662,2.421189785003662,2.421189785003662,2.421189785003662,900,0.0,0.0
1990-10-17 00:00:00-04:00,2.2550294399261475,2.2550294399261475,2.2550294399261475,2.2550294399261475,4500,0.0,0.0
1990-10-18 00:00:00-04:00,2.2550297336779397,2.421189785003662,2.2550297336779397,2.421189785003662,3600,0.0,0.0
1990-10-19 00:00:00-04:00,2.3381091648907475,2.3737151622772217,2.3381091648907475,2.3737151622772217,5400,0.0,0.0
1990-10-22 00:00:00-04:00,2.3737151622772217,2.3737151622772217,2.3737151622772217,2.3737151622772217,5400,0.0,0.0
1990-10-23 00:00:00-04:00,2.3737151622772217,2.3737151622772217,2.3737151622772217,2.3737151622772217,0,0.0,0.0
1990-10-24 00:00:00-04:00,2.3737151622772217,2.3737151622772217,2.3737151622772217,2.3737151622772217,0,0.0,0.0
1990-10-25 00:00:00-04:00,2.3737151622772217,2.3737151622772217,2.3737151622772217,2.3737151622772217,0,0.0,0.0
1990-10-26 00:00:00-04:00,2.3737151622772217,2.3737151622772217,2.3737151622772217,2.3737151622772217,10800,0.0,0.0
1990-10-29 00:00:00-05:00,2.2550294399261475,2.2550294399261475,2.2550294399261475,2.2550294399261475,900,0.0,0.0
1990-10-30 00:00:00-05:00,2.2550294399261475,2.2550294399261475,2.2550294399261475,2.2550294399261475,900,0.0,0.0
1990-10-31 00:00:00-05:00,2.2550294399261475,2.2550294399261475,2.2550294399261475,2.2550294399261475,0,0.0,0.0
1990-11-01 00:00:00-05:00,2.302503824234009,2.302503824234009,2.302503824234009,2.302503824234009,4500,0.0,0.0
1990-11-02 00:00:00-05:00,2.302503824234009,2.302503824234009,2.302503824234009,2.302503824234009,0,0.0,0.0
1990-11-05 00:00:00-05:00,2.302503824234009,2.302503824234009,2.302503824234009,2.302503824234009,0,0.0,0.0
1990-11-06 00:00:00-05:00,2.302503824234009,2.302503824234009,2.302503824234009,2.302503824234009,0,0.0,0.0
1990-11-07 00:00:00-05:00,2.302503824234009,2.302503824234009,2.302503824234009,2.302503824234009,0,0.0,0.0
1990-11-08 00:00:00-05:00,2.302503824234009,2.302503824234009,2.302503824234009,2.302503824234009,0,0.0,0.0
1990-11-09 00:00:00-05:00,2.3606841564178467,2.3606841564178467,2.3606841564178467,2.3606841564178467,900,0.02444,0.0
1990-11-12 00:00:00-05:00,2.3606841564178467,2.3606841564178467,2.3606841564178467,2.3606841564178467,0,0.0,0.0
1990-11-13 00:00:00-05:00,2.32491557979959,2.32491557979959,2.28914737701416,2.28914737701416,15300,0.0,0.0
1990-11-14 00:00:00-05:00,2.265303373336792,2.265303373336792,2.265303373336792,2.265303373336792,1800,0.0,0.0
1990-11-15 00:00:00-05:00,2.265303373336792,2.265303373336792,2.265303373336792,2.265303373336792,0,0.0,0.0
1990-11-16 00:00:00-05:00,2.2891478824732294,2.336838488941311,2.2891478824732294,2.312993288040161,60300,0.0,0.0
1990-11-19 00:00:00-05:00,2.3845291137695312,2.3845291137695312,2.3845291137695312,2.3845291137695312,3600,0.0,0.0
1990-11-20 00:00:00-05:00,2.3845291137695312,2.3845291137695312,2.3845291137695312,2.3845291137695312,0,0.0,0.0
1990-11-21 00:00:00-05:00,2.3845291137695312,2.3845291137695312,2.3845291137695312,2.3845291137695312,900,0.0,0.0
1990-11-23 00:00:00-05:00,2.3487625122070312,2.3487625122070312,2.3487625122070312,2.3487625122070312,4500,0.0,0.0
1990-11-26 00:00:00-05:00,2.3487625122070312,2.3487625122070312,2.3487625122070312,2.3487625122070312,0,0.0,0.0
1990-11-27 00:00:00-05:00,2.3487625122070312,2.3487625122070312,2.3487625122070312,2.3487625122070312,0,0.0,0.0
1990-11-28 00:00:00-05:00,2.2891492787644028,2.3368399143218994,2.2891492787644028,2.3368399143218994,2700,0.0,0.0
1990-11-29 00:00:00-05:00,2.28914737701416,2.28914737701416,2.28914737701416,2.28914737701416,900,0.0,0.0
1990-11-30 00:00:00-05:00,2.28914737701416,2.28914737701416,2.28914737701416,2.28914737701416,0,0.0,0.0
1990-12-03 00:00:00-05:00,2.28914737701416,2.28914737701416,2.28914737701416,2.28914737701416,0,0.0,0.0
1990-12-04 00:00:00-05:00,2.3845291137695312,2.3845291137695312,2.3845291137695312,2.3845291137695312,1800,0.0,0.0
1990-12-05 00:00:00-05:00,2.324915911508514,2.3845291137695312,2.289147703619831,2.3845291137695312,418500,0.0,0.0
1990-12-06 00:00:00-05:00,2.3845291137695312,2.3845291137695312,2.3845291137695312,2.3845291137695312,4500,0.0,0.0
1990-12-07 00:00:00-05:00,2.2891478824732294,2.312993288040161,2.2891478824732294,2.312993288040161,8100,0.0,0.0
1990-12-10 00:00:00-05:00,2.3845291137695312,2.3845291137695312,2.3845291137695312,2.3845291137695312,1800,0.0,0.0
1990-12-11 00:00:00-05:00,2.3726081368847627,2.3726081368847627,2.3487625122070312,2.3487625122070312,89100,0.0,0.0
1990-12-12 00:00:00-05:00,2.3487625122070312,2.3487625122070312,2.3487625122070312,2.3487625122070312,0,0.0,0.0
1990-12-13 00:00:00-05:00,2.3368383063617983,2.3845291137695312,2.324915911508514,2.3845291137695312,23400,0.0,0.0
1990-12-14 00:00:00-05:00,2.3845291137695312,2.3845291137695312,2.3845291137695312,2.3845291137695312,0,0.0,0.0
1990-12-17 00:00:00-05:00,2.3845291137695312,2.3845291137695312,2.3845291137695312,2.3845291137695312,0,0.0,0.0
1990-12-18 00:00:00-05:00,2.312993288040161,2.312993288040161,2.312993288040161,2.312993288040161,5400,0.0,0.0
1990-12-19 00:00:00-05:00,2.3845291137695312,2.3845291137695312,2.3129931073236976,2.3845291137695312,13500,0.0,0.0
1990-12-20 00:00:00-05:00,2.3129931073236976,2.3845291137695312,2.3129931073236976,2.3845291137695312,22500,0.0,0.0
1990-12-21 00:00:00-05:00,2.3845291137695312,2.3845291137695312,2.3845291137695312,2.3845291137695312,0,0.0,0.0
1990-12-24 00:00:00-05:00,2.3845291137695312,2.3845291137695312,2.3845291137695312,2.3845291137695312,0,0.0,0.0
1990-12-26 00:00:00-05:00,2.312993288040161,2.312993288040161,2.312993288040161,2.312993288040161,3600,0.0,0.0
1990-12-27 00:00:00-05:00,2.3129931073236976,2.3845291137695312,2.3129931073236976,2.3845291137695312,10800,0.0,0.0
1990-12-28 00:00:00-05:00,2.3368399143218994,2.3368399143218994,2.3368399143218994,2.3368399143218994,54000,0.0,0.0
1990-12-31 00:00:00-05:00,2.372606514250481,2.3845291137695312,2.372606514250481,2.3845291137695312,3600,0.0,0.0
1991-01-02 00:00:00-05:00,2.3845293000751746,2.3845293000751746,2.312993288040161,2.312993288040161,1800,0.0,0.0
1991-01-03 00:00:00-05:00,2.312993288040161,2.312993288040161,2.312993288040161,2.312993288040161,0,0.0,0.0
1991-01-04 00:00:00-05:00,2.312993288040161,2.312993288040161,2.312993288040161,2.312993288040161,900,0.0,0.0
1991-01-07 00:00:00-05:00,2.3368387482053508,2.3606841564178467,2.2891481364461637,2.3606841564178467,10800,0.0,0.0
1991-01-08 00:00:00-05:00,2.2891478824732294,2.312993288040161,2.2891478824732294,2.312993288040161,1800,0.0,0.0
1991-01-09 00:00:00-05:00,2.312993288040161,2.312993288040161,2.312993288040161,2.312993288040161,0,0.0,0.0
1991-01-10 00:00:00-05:00,2.312993288040161,2.312993288040161,2.312993288040161,2.312993288040161,0,0.0,0.0
1991-01-11 00:00:00-05:00,2.312993288040161,2.312993288040161,2.312993288040161,2.312993288040161,0,0.0,0.0
1991-01-14 00:00:00-05:00,2.312993288040161,2.312993288040161,2.312993288040161,2.312993288040161,0,0.0,0.0
1991-01-15 00:00:00-05:00,2.2414577579766535,2.2891483746994536,2.2414577579766535,2.265303373336792,10800,0.0,0.0
1991-01-16 00:00:00-05:00,2.265303373336792,2.265303373336792,2.265303373336792,2.265303373336792,0,0.0,0.0
1991-01-17 00:00:00-05:00,2.265303373336792,2.265303373336792,2.265303373336792,2.265303373336792,0,0.0,0.0
1991-01-18 00:00:00-05:00,2.265303373336792,2.265303373336792,2.265303373336792,2.265303373336792,0,0.0,0.0
1991-01-21 00:00:00-05:00,2.3368383063617983,2.3845291137695312,2.3368383063617983,2.3845291137695312,5400,0.0,0.0
1991-01-22 00:00:00-05:00,2.289147703619831,2.3845291137695312,2.289147703619831,2.3845291137695312,3600,0.0,0.0
1991-01-23 00:00:00-05:00,2.384529346592057,2.408374547958374,2.34876113521101,2.408374547958374,40500,0.0,0.0
1991-01-24 00:00:00-05:00,2.408375959903642,2.408375959903642,2.3368399045340715,2.3487625122070312,200700,0.0,0.0
1991-01-25 00:00:00-05:00,2.408374547958374,2.408374547958374,2.408374547958374,2.408374547958374,1800,0.0,0.0
1991-01-28 00:00:00-05:00,2.4083759699910976,2.4083759699910976,2.3368399143218994,2.3368399143218994,58500,0.0,0.0
1991-01-29 00:00:00-05:00,2.432219986334267,2.5514461994171143,2.432219986334267,2.5514461994171143,56700,0.0,0.0
1991-01-30 00:00:00-05:00,2.4799114162726417,2.4918340210658023,2.4322207924341432,2.473949909210205,199800,0.0,0.0
1991-01-31 00:00:00-05:00,2.4799120036892535,2.527602434158325,2.44414377150564,2.527602434158325,90900,0.0,0.0
1991-02-01 00:00:00-05:00,2.5037550926208496,2.5037550926208496,2.5037550926208496,2.5037550926208496,1800,0.0,0.0
1991-02-04 00:00:00-05:00,2.5156798265410574,2.527602434158325,2.456066379122908,2.527602434158325,21600,0.0,0.0
1991-02-05 00:00:00-05:00,2.5037563340282585,2.599137783050537,2.5037563340282585,2.599137783050537,136800,0.0,0.0
1991-02-06 00:00:00-05:00,2.5991384891937424,2.5991384891937424,2.4799120036892535,2.527602434158325,35100,0.0,0.0
1991-02-07 00:00:00-05:00,2.62298299180672,2.62298299180672,2.599137783050537,2.599137783050537,18900,0.0,0.0
1991-02-08 00:00:00-05:00,2.599137783050537,2.599137783050537,2.599137783050537,2.599137783050537,0,0.0,0.0
1991-02-11 00:00:00-05:00,2.537842437913781,2.5557990074157715,2.537842437913781,2.5557990074157715,11700,0.02444,0.0
1991-02-12 00:00:00-05:00,2.6575546264648438,2.6575546264648438,2.6575546264648438,2.6575546264648438,900,0.0,0.0
1991-02-13 00:00:00-05:00,2.6575546264648438,2.6575546264648438,2.6336125799632644,2.6575546264648438,22500,0.0,0.0
1991-02-14 00:00:00-05:00,2.5857276916503906,2.6814952241041587,2.5857276916503906,2.5857276916503906,6300,0.0,0.0
1991-02-15 00:00:00-05:00,2.6096699974297044,2.681495500039754,2.6096699974297044,2.6515684127807617,4500,0.0,0.0
1991-02-19 00:00:00-05:00,2.681495960138095,2.753321886062622,2.681495960138095,2.753321886062622,15300,0.0,0.0
1991-02-20 00:00:00-05:00,2.753321886062622,2.753321886062622,2.753321886062622,2.753321886062622,0,0.0,0.0
1991-02-21 00:00:00-05:00,2.753321707517364,2.8251476287841797,2.753321707517364,2.8251476287841797,1800,0.0,0.0
1991-02-22 00:00:00-05:00,2.7772629261016846,2.7772629261016846,2.7772629261016846,2.7772629261016846,900,0.0,0.0
1991-02-25 00:00:00-05:00,2.7772629261016846,2.8251469999514747,2.7772629261016846,2.7772629261016846,31500,0.0,0.0
1991-02-26 00:00:00-05:00,2.777263356021107,2.8251474372833365,2.753321520885195,2.8012053966522217,11700,0.0,0.0
1991-02-27 00:00:00-05:00,2.8012053966522217,2.8012053966522217,2.8012053966522217,2.8012053966522217,0,0.0,0.0
1991-02-28 00:00:00-05:00,2.8012053966522217,2.8012053966522217,2.8012053966522217,2.8012053966522217,0,0.0,0.0
1991-03-01 00:00:00-05:00,2.8251469999514747,2.8251469999514747,2.7772629261016846,2.7772629261016846,1800,0.0,0.0
1991-03-04 00:00:00-05:00,2.7772629261016846,2.7772629261016846,2.7772629261016846,2.7772629261016846,0,0.0,0.0
1991-03-05 00:00:00-05:00,2.861060189987204,2.8969729426910713,2.8012053966522217,2.8012053966522217,5400,0.0,0.0
1991-03-06 00:00:00-05:00,2.8012053966522217,2.8012053966522217,2.8012053966522217,2.8012053966522217,1800,0.0,0.0
1991-03-07 00:00:00-05:00,2.8012053966522217,2.8012053966522217,2.8012053966522217,2.8012053966522217,0,0.0,0.0
1991-03-08 00:00:00-05:00,2.8251476287841797,2.8251476287841797,2.8251476287841797,2.8251476287841797,900,0.0,0.0
1991-03-11 00:00:00-05:00,2.89697265625,2.89697265625,2.89697265625,2.89697265625,900,0.0,0.0
1991-03-12 00:00:00-05:00,2.8012053966522217,2.849089272419248,2.8012053966522217,2.8012053966522217,42300,0.0,0.0
1991-03-13 00:00:00-05:00,2.8012053966522217,2.8012053966522217,2.8012053966522217,2.8012053966522217,0,0.0,0.0
1991-03-14 00:00:00-05:00,2.801205270982808,2.813176393508911,2.777263231425796,2.813176393508911,12600,0.0,0.0
1991-03-15 00:00:00-05:00,2.813176393508911,2.813176393508911,2.813176393508911,2.813176393508911,0,0.0,0.0
1991-03-18 00:00:00-05:00,2.8012053966522217,2.8012053966522217,2.8012053966522217,2.8012053966522217,1800,0.0,0.0
1991-03-19 00:00:00-05:00,2.8012053966522217,2.8012053966522217,2.8012053966522217,2.8012053966522217,0,0.0,0.0
1991-03-20 00:00:00-05:00,2.7533231831403344,2.765294313430786,2.7533231831403344,2.765294313430786,2700,0.0,0.0
1991-03-21 00:00:00-05:00,2.765294313430786,2.765294313430786,2.765294313430786,2.765294313430786,0,0.0,0.0
1991-03-22 00:00:00-05:00,2.753321886062622,2.753321886062622,2.753321886062622,2.753321886062622,11700,0.0,0.0
1991-03-25 00:00:00-05:00,2.753321707517364,2.8251476287841797,2.753321707517364,2.8251476287841797,13500,0.0,0.0
1991-03-26 00:00:00-05:00,2.70543707745764,2.7652918536874145,2.70543707745764,2.7293787002563477,16200,0.0,0.0
1991-03-27 00:00:00-05:00,2.7054378986358643,2.7054378986358643,2.7054378986358643,2.7054378986358643,900,0.0,0.0
1991-03-28 00:00:00-05:00,2.7054378986358643,2.7054378986358643,2.7054378986358643,2.7054378986358643,900,0.0,0.0
1991-04-01 00:00:00-05:00,2.7054378986358643,2.7054378986358643,2.7054378986358643,2.7054378986358643,0,0.0,0.0
1991-04-02 00:00:00-05:00,2.7054378986358643,2.7054378986358643,2.7054378986358643,2.7054378986358643,0,0.0,0.0
1991-04-03 00:00:00-05:00,2.8251476287841797,2.8251476287841797,2.8251476287841797,2.8251476287841797,1800,0.0,0.0
1991-04-04 00:00:00-05:00,2.7174091285955893,2.753321886062622,2.7174091285955893,2.753321886062622,2700,0.0,0.0
1991-04-05 00:00:00-05:00,2.753321886062622,2.753321886062622,2.753321886062622,2.753321886062622,0,0.0,0.0
1991-04-08 00:00:00-04:00,2.8012053966522217,2.8012053966522217,2.8012053966522217,2.8012053966522217,900,0.0,0.0
1991-04-09 00:00:00-04:00,2.8012053966522217,2.8012053966522217,2.8012053966522217,2.8012053966522217,0,0.0,0.0
1991-04-10 00:00:00-04:00,2.8012053966522217,2.8012053966522217,2.8012053966522217,2.8012053966522217,0,0.0,0.0
1991-04-11 00:00:00-04:00,2.8012053966522217,2.8012053966522217,2.8012053966522217,2.8012053966522217,0,0.0,0.0
1991-04-12 00:00:00-04:00,2.6934667753602133,2.729379528701545,2.6934667753602133,2.7054378986358643,99000,0.0,0.0
1991-04-15 00:00:00-04:00,2.693466381103819,2.8012050363479717,2.693466381103819,2.7174084186553955,360900,0.0,0.0
1991-04-16 00:00:00-04:00,2.7174084186553955,2.7174084186553955,2.7174084186553955,2.7174084186553955,0,0.0,0.0
1991-04-17 00:00:00-04:00,2.7174084186553955,2.7174084186553955,2.7174084186553955,2.7174084186553955,0,0.0,0.0
1991-04-18 00:00:00-04:00,2.7174084186553955,2.7174084186553955,2.7174084186553955,2.7174084186553955,0,0.0,0.0
1991-04-19 00:00:00-04:00,2.717407991604566,2.8012045961281924,2.717407991604566,2.7293787002563477,16200,0.0,0.0
1991-04-22 00:00:00-04:00,2.825146629917189,2.825146629917189,2.7293787002563477,2.7293787002563477,18000,0.0,0.0
1991-04-23 00:00:00-04:00,2.7293787002563477,2.7293787002563477,2.7293787002563477,2.7293787002563477,0,0.0,0.0
1991-04-24 00:00:00-04:00,2.681495960138095,2.753321886062622,2.6336122835153843,2.753321886062622,40500,0.0,0.0
1991-04-25 00:00:00-04:00,2.633610486984253,2.633610486984253,2.633610486984253,2.633610486984253,900,0.0,0.0
1991-04-26 00:00:00-04:00,2.633610486984253,2.633610486984253,2.633610486984253,2.633610486984253,0,0.0,0.0
1991-04-29 00:00:00-04:00,2.633610486984253,2.633610486984253,2.633610486984253,2.633610486984253,900,0.0,0.0
1991-04-30 00:00:00-04:00,2.6336115268024027,2.729379058026265,2.6336115268024027,2.681495189666748,6300,0.0,0.0
1991-05-01 00:00:00-04:00,2.633610486984253,2.7293779803966096,2.633610486984253,2.633610486984253,8100,0.0,0.0
1991-05-02 00:00:00-04:00,2.6814952241041587,2.6814952241041587,2.5857276916503906,2.5857276916503906,10800,0.0,0.0
1991-05-03 00:00:00-04:00,2.5378451347351074,2.5378451347351074,2.5378451347351074,2.5378451347351074,2700,0.0,0.0
1991-05-06 00:00:00-04:00,2.681495189666748,2.681495189666748,2.681495189666748,2.681495189666748,2700,0.0,0.0
1991-05-07 00:00:00-04:00,2.681495189666748,2.681495189666748,2.681495189666748,2.681495189666748,1800,0.0,0.0
1991-05-08 00:00:00-04:00,2.6575546264648438,2.6575546264648438,2.6575546264648438,2.6575546264648438,1800,0.0,0.0
1991-05-09 00:00:00-04:00,2.6575528251599803,2.6575528251599803,2.6096689701080322,2.6096689701080322,40500,0.0,0.0
1991-05-10 00:00:00-04:00,2.633610486984253,2.633610486984253,2.633610486984253,2.633610486984253,3600,0.0,0.0
1991-05-13 00:00:00-04:00,2.6922619342803955,2.6922619342803955,2.6922619342803955,2.6922619342803955,8100,0.02444,0.0
1991-05-14 00:00:00-04:00,2.6441853046417236,2.6441853046417236,2.6441853046417236,2.6441853046417236,900,0.0,0.0
1991-05-15 00:00:00-04:00,2.6441853046417236,2.6441853046417236,2.6441853046417236,2.6441853046417236,0,0.0,0.0
1991-05-16 00:00:00-04:00,2.6321668211613054,2.6922619342803955,2.6321668211613054,2.6922619342803955,2700,0.0,0.0
1991-05-17 00:00:00-04:00,2.5720710230480752,2.6441853046417236,2.5720710230480752,2.6441853046417236,24300,0.0,0.0
1991-05-20 00:00:00-04:00,2.5720722675323486,2.5720722675323486,2.5720722675323486,2.5720722675323486,900,0.0,0.0
1991-05-21 00:00:00-04:00,2.5720713732562337,2.620147705078125,2.5720713732562337,2.620147705078125,3600,0.0,0.0
1991-05-22 00:00:00-04:00,2.5720717282321712,2.5840907096862793,2.5720717282321712,2.5840907096862793,8100,0.0,0.0
1991-05-23 00:00:00-04:00,2.5840907096862793,2.5840907096862793,2.5840907096862793,2.5840907096862793,0,0.0,0.0
1991-05-24 00:00:00-04:00,2.5720722675323486,2.5720722675323486,2.5720722675323486,2.5720722675323486,2700,0.0,0.0
1991-05-28 00:00:00-04:00,2.6321665085791537,2.6321665085791537,2.5720714025966402,2.578080892562866,11700,0.0,0.0
1991-05-29 00:00:00-04:00,2.578080892562866,2.578080892562866,2.578080892562866,2.578080892562866,0,0.0,0.0
1991-05-30 00:00:00-04:00,2.5720722675323486,2.5720722675323486,2.5720722675323486,2.5720722675323486,1800,0.0,0.0
1991-05-31 00:00:00-04:00,2.5720722675323486,2.5720722675323486,2.5720722675323486,2.5720722675323486,3600,0.0,0.0
1991-06-03 00:00:00-04:00,2.5720722675323486,2.5720722675323486,2.5720722675323486,2.5720722675323486,0,0.0,0.0
1991-06-04 00:00:00-04:00,2.6922619342803955,2.6922619342803955,2.6922619342803955,2.6922619342803955,900,0.0,0.0
1991-06-05 00:00:00-04:00,2.6922619342803955,2.6922619342803955,2.6922619342803955,2.6922619342803955,0,0.0,0.0
1991-06-06 00:00:00-04:00,2.6922619342803955,2.6922619342803955,2.6922619342803955,2.6922619342803955,0,0.0,0.0
1991-06-07 00:00:00-04:00,2.6922619342803955,2.6922619342803955,2.6922619342803955,2.6922619342803955,0,0.0,0.0
1991-06-10 00:00:00-04:00,2.5961098670959473,2.5961098670959473,2.5961098670959473,2.5961098670959473,4500,0.0,0.0
1991-06-11 00:00:00-04:00,2.620148616069762,2.620148616069762,2.5720722675323486,2.5720722675323486,10800,0.0,0.0
1991-06-12 00:00:00-04:00,2.596110388147557,2.632167339324951,2.596110388147557,2.632167339324951,12600,0.0,0.0
1991-06-13 00:00:00-04:00,2.548033735521547,2.5961098670959473,2.548033735521547,2.5961098670959473,10800,0.0,0.0
1991-06-14 00:00:00-04:00,2.5961098670959473,2.6201480360432847,2.548033735521547,2.5961098670959473,963000,0.0,0.0
1991-06-17 00:00:00-04:00,2.548034299583963,2.596110441801055,2.548034299583963,2.5720722675323486,614700,0.0,0.0
1991-06-18 00:00:00-04:00,2.5961110600535466,2.5961110600535466,2.548034906387329,2.548034906387329,8100,0.0,0.0
1991-06-19 00:00:00-04:00,2.572072880060253,2.5961110600535466,2.548034906387329,2.548034906387329,18000,0.0,0.0
1991-06-20 00:00:00-04:00,2.475920572727817,2.548034906387329,2.4518828053752633,2.548034906387329,18900,0.0,0.0
1991-06-21 00:00:00-04:00,2.548034906387329,2.548034906387329,2.548034906387329,2.548034906387329,0,0.0,0.0
1991-06-24 00:00:00-04:00,2.3797671794891357,2.3797671794891357,2.3797671794891357,2.3797671794891357,2700,0.0,0.0
1991-06-25 00:00:00-04:00,2.3797671794891357,2.4578909641452356,2.3797671794891357,2.3797671794891357,7200,0.0,0.0
1991-06-26 00:00:00-04:00,2.3797671794891357,2.3797671794891357,2.3797671794891357,2.3797671794891357,0,0.0,0.0
1991-06-27 00:00:00-04:00,2.3797684717157512,2.548034906387329,2.3797684717157512,2.548034906387329,63000,0.0,0.0
1991-06-28 00:00:00-04:00,2.548034299583963,2.5720722675323486,2.5119773476613845,2.5720722675323486,259200,0.0,0.0
1991-07-01 00:00:00-04:00,2.5720722675323486,2.5720722675323486,2.5720722675323486,2.5720722675323486,0,0.0,0.0
1991-07-02 00:00:00-04:00,2.5239948339856006,2.5239948339856006,2.4999570846557617,2.4999570846557617,17100,0.0,0.0
1991-07-03 00:00:00-04:00,2.4518812560913203,2.4999573793794085,2.415823905724954,2.475919008255005,66600,0.0,0.0
1991-07-05 00:00:00-04:00,2.3557302951812744,2.3557302951812744,2.3557302951812744,2.3557302951812744,900,0.0,0.0
1991-07-08 00:00:00-04:00,2.3557302951812744,2.3557302951812744,2.3557302951812744,2.3557302951812744,0,0.0,0.0
1991-07-09 00:00:00-04:00,2.331691265106201,2.331691265106201,2.331691265106201,2.331691265106201,900,0.0,0.0
1991-07-10 00:00:00-04:00,2.331691265106201,2.331691265106201,2.331691265106201,2.331691265106201,0,0.0,0.0
1991-07-11 00:00:00-04:00,2.3557302951812744,2.3557302951812744,2.3557302951812744,2.3557302951812744,3600,0.0,0.0
1991-07-12 00:00:00-04:00,2.403806655238451,2.403806655238451,2.3557302951812744,2.3557302951812744,8100,0.0,0.0
1991-07-15 00:00:00-04:00,2.3557302951812744,2.3557302951812744,2.3557302951812744,2.3557302951812744,0,0.0,0.0
1991-07-16 00:00:00-04:00,2.403806655238451,2.403806655238451,2.3557302951812744,2.3557302951812744,9000,0.0,0.0
1991-07-17 00:00:00-04:00,2.355730464871072,2.4038068283913225,2.355730464871072,2.3677494525909424,14400,0.0,0.0
1991-07-18 00:00:00-04:00,2.4518821565135704,2.4518821565135704,2.4398629665374756,2.4398629665374756,5400,0.0,0.0
1991-07-19 00:00:00-04:00,2.3557282792956284,2.3917856216430664,2.3557282792956284,2.3917856216430664,16200,0.0,0.0
1991-07-22 00:00:00-04:00,2.3557290125486983,2.3797671794891357,2.3557290125486983,2.3797671794891357,11700,0.0,0.0
1991-07-23 00:00:00-04:00,2.3797671794891357,2.3797671794891357,2.3797671794891357,2.3797671794891357,0,0.0,0.0
1991-07-24 00:00:00-04:00,2.391788173844426,2.4038071632385254,2.391788173844426,2.4038071632385254,7200,0.0,0.0
1991-07-25 00:00:00-04:00,2.3557302951812744,2.3557302951812744,2.3557302951812744,2.3557302951812744,2700,0.0,0.0
1991-07-26 00:00:00-04:00,2.3557302951812744,2.3557302951812744,2.3557302951812744,2.3557302951812744,0,0.0,0.0
1991-07-29 00:00:00-04:00,2.3557302951812744,2.3557302951812744,2.3557302951812744,2.3557302951812744,0,0.0,0.0
1991-07-30 00:00:00-04:00,2.3557302951812744,2.3557302951812744,2.3557302951812744,2.3557302951812744,0,0.0,0.0
1991-07-31 00:00:00-04:00,2.3557302951812744,2.3557302951812744,2.3557302951812744,2.3557302951812744,0,0.0,0.0
1991-08-01 00:00:00-04:00,2.3557302951812744,2.3557302951812744,2.3557302951812744,2.3557302951812744,0,0.0,0.0
1991-08-02 00:00:00-04:00,2.3557302951812744,2.427844628946669,2.3557302951812744,2.3557302951812744,29700,0.0,0.0
1991-08-05 00:00:00-04:00,2.4278423724045974,2.4278423724045974,2.307651996612549,2.307651996612549,40500,0.0,0.0
1991-08-06 00:00:00-04:00,2.307651996612549,2.307651996612549,2.307651996612549,2.307651996612549,0,0.0,0.0
1991-08-07 00:00:00-04:00,2.307651996612549,2.307651996612549,2.307651996612549,2.307651996612549,0,0.0,0.0
1991-08-08 00:00:00-04:00,2.307651996612549,2.307651996612549,2.307651996612549,2.307651996612549,0,0.0,0.0
1991-08-09 00:00:00-04:00,2.259578465227676,2.4038071632385254,2.259578465227676,2.4038071632385254,8100,0.0,0.0
1991-08-12 00:00:00-04:00,2.3902828693389893,2.3902828693389893,2.3902828693389893,2.3902828693389893,18900,0.02444,0.0
1991-08-13 00:00:00-04:00,2.2695610523223877,2.2695610523223877,2.2695610523223877,2.2695610523223877,9000,0.0,0.0
1991-08-14 00:00:00-04:00,2.36613892907945,2.36613892907945,2.311814308166504,2.311814308166504,1800,0.0,0.0
1991-08-15 00:00:00-04:00,2.311814308166504,2.311814308166504,2.311814308166504,2.311814308166504,0,0.0,0.0
1991-08-16 00:00:00-04:00,2.311814308166504,2.311814308166504,2.311814308166504,2.311814308166504,0,0.0,0.0
1991-08-19 00:00:00-04:00,2.257491057811985,2.366140365600586,2.19713056152066,2.366140365600586,34200,0.0,0.0
1991-08-20 00:00:00-04:00,2.366140365600586,2.366140365600586,2.366140365600586,2.366140365600586,0,0.0,0.0
1991-08-21 00:00:00-04:00,2.2937077700509967,2.366140365600586,2.2937077700509967,2.366140365600586,5400,0.0,0.0
1991-08-22 00:00:00-04:00,2.366140365600586,2.366140365600586,2.366140365600586,2.366140365600586,0,0.0,0.0
1991-08-23 00:00:00-04:00,2.366140365600586,2.366140365600586,2.366140365600586,2.366140365600586,0,0.0,0.0
1991-08-26 00:00:00-04:00,2.366140365600586,2.366140365600586,2.366140365600586,2.366140365600586,0,0.0,0.0
1991-08-27 00:00:00-04:00,2.2816329337310095,2.341993570327759,2.2816329337310095,2.341993570327759,4500,0.0,0.0
1991-08-28 00:00:00-04:00,2.2816329337310095,2.341993570327759,2.2816329337310095,2.341993570327759,2700,0.0,0.0
1991-08-29 00:00:00-04:00,2.341993570327759,2.341993570327759,2.341993570327759,2.341993570327759,900,0.0,0.0
1991-08-30 00:00:00-04:00,2.2816340923309326,2.3299226675753526,2.2816340923309326,2.2816340923309326,4500,0.0,0.0
1991-09-03 00:00:00-04:00,2.3178503941265785,2.3178503941265785,2.2574897262075306,2.2937064170837402,1478700,0.0,0.0
1991-09-04 00:00:00-04:00,2.257488964259548,2.2695610523223877,2.22127270007103,2.2695610523223877,95400,0.0,0.0
1991-09-05 00:00:00-04:00,2.269561059387145,2.269561059387145,2.2212727069854736,2.2212727069854736,4500,0.0,0.0
1991-09-06 00:00:00-04:00,2.2333447950858916,2.269561059387145,2.2212727069854736,2.2212727069854736,18900,0.0,0.0
1991-09-09 00:00:00-04:00,2.233344822591494,2.2695610873387824,2.233344822591494,2.2454171180725098,34200,0.0,0.0
1991-09-10 00:00:00-04:00,2.233344822591494,2.2454171180725098,2.233344822591494,2.2454171180725098,19800,0.0,0.0
1991-09-11 00:00:00-04:00,2.2454171180725098,2.2454171180725098,2.2454171180725098,2.2454171180725098,0,0.0,0.0
1991-09-12 00:00:00-04:00,2.2454171180725098,2.2454171180725098,2.2454171180725098,2.2454171180725098,0,0.0,0.0
1991-09-13 00:00:00-04:00,2.2333447881338695,2.317849611805662,2.2333447881338695,2.2695610523223877,36000,0.0,0.0
1991-09-16 00:00:00-04:00,2.2937061631112665,2.2937061631112665,2.245417592676422,2.2514536380767822,10800,0.0,0.0
1991-09-17 00:00:00-04:00,2.2937064170837402,2.2937064170837402,2.245417841302105,2.2937064170837402,2700,0.0,0.0
1991-09-18 00:00:00-04:00,2.233345541932706,2.2937064170837402,2.233345541932706,2.2937064170837402,490500,0.0,0.0
1991-09-19 00:00:00-04:00,2.2937066277717775,2.2937066277717775,2.2695620268151817,2.287670373916626,23400,0.0,0.0
1991-09-20 00:00:00-04:00,2.2816341177143418,2.2937064170837402,2.2816341177143418,2.2937064170837402,1800,0.0,0.0
1991-09-23 00:00:00-04:00,2.2695610540602424,2.2695610540602424,2.2514531291840343,2.257488965988159,31500,0.0,0.0
1991-09-24 00:00:00-04:00,2.251453887370811,2.2937064170837402,2.251453887370811,2.2937064170837402,45000,0.0,0.0
1991-09-25 00:00:00-04:00,2.2514531621970577,2.2635250432142344,2.2454171180725098,2.2454171180725098,139500,0.0,0.0
1991-09-26 00:00:00-04:00,2.251452654025661,2.2635245323181152,2.2454166112634977,2.2635245323181152,146700,0.0,0.0
1991-09-27 00:00:00-04:00,2.2454166112634977,2.2695605750802788,2.2454166112634977,2.2635245323181152,106200,0.0,0.0
1991-09-30 00:00:00-04:00,2.251452654025661,2.2695605750802788,2.251452654025661,2.2635245323181152,63000,0.0,0.0
1991-10-01 00:00:00-04:00,2.2514531274600453,2.2695610523223877,2.2514531274600453,2.2695610523223877,62100,0.0,0.0
1991-10-02 00:00:00-04:00,2.3178499169619666,2.3902828693389893,2.3178499169619666,2.3902828693389893,49500,0.0,0.0
1991-10-03 00:00:00-04:00,2.2695610523223877,2.2695610523223877,2.2695610523223877,2.2695610523223877,1800,0.0,0.0
1991-10-04 00:00:00-04:00,2.2695610523223877,2.2695610523223877,2.2695610523223877,2.2695610523223877,3600,0.0,0.0
1991-10-07 00:00:00-04:00,2.2695601422828444,2.3178486824035645,2.2695601422828444,2.3178486824035645,32400,0.0,0.0
1991-10-08 00:00:00-04:00,2.2695610523223877,2.2695610523223877,2.2695610523223877,2.2695610523223877,18900,0.0,0.0
1991-10-09 00:00:00-04:00,2.366140365600586,2.366140365600586,2.366140365600586,2.366140365600586,2700,0.0,0.0
1991-10-10 00:00:00-04:00,2.3359582702253494,2.3480305671691895,2.3359582702253494,2.3480305671691895,90000,0.0,0.0
1991-10-11 00:00:00-04:00,2.3480305671691895,2.3480305671691895,2.3480305671691895,2.3480305671691895,0,0.0,0.0
1991-10-14 00:00:00-04:00,2.366140365600586,2.366140365600586,2.366140365600586,2.366140365600586,1800,0.0,0.0
1991-10-15 00:00:00-04:00,2.3178491908910672,2.3299214839935303,2.3178491908910672,2.3299214839935303,2700,0.0,0.0
1991-10-16 00:00:00-04:00,2.2695610523223877,2.317849611805662,2.2695610523223877,2.2695610523223877,33300,0.0,0.0
1991-10-17 00:00:00-04:00,2.3661372225242845,2.3661372225242845,2.3178486824035645,2.3178486824035645,28800,0.0,0.0
1991-10-18 00:00:00-04:00,2.2695610523223877,2.2695610523223877,2.2695610523223877,2.2695610523223877,4500,0.0,0.0
1991-10-21 00:00:00-04:00,2.317851761335418,2.366140365600586,2.317851761335418,2.366140365600586,3600,0.0,0.0
1991-10-22 00:00:00-04:00,2.3178486824035645,2.3178486824035645,2.3178486824035645,2.3178486824035645,900,0.0,0.0
1991-10-23 00:00:00-04:00,2.3299240678257913,2.366140365600586,2.3299240678257913,2.366140365600586,18000,0.0,0.0
1991-10-24 00:00:00-04:00,2.2695631570702495,2.366140365600586,2.2695631570702495,2.366140365600586,7200,0.0,0.0
1991-10-25 00:00:00-04:00,2.366140365600586,2.366140365600586,2.366140365600586,2.366140365600586,1800,0.0,0.0
1991-10-28 00:00:00-05:00,2.2695610523223877,2.2695610523223877,2.2695610523223877,2.2695610523223877,900,0.0,0.0
1991-10-29 00:00:00-05:00,2.2695610523223877,2.2695610523223877,2.2695610523223877,2.2695610523223877,0,0.0,0.0
1991-10-30 00:00:00-05:00,2.3419954604119746,2.3419954604119746,2.3178510619486503,2.3238871097564697,230400,0.0,0.0
1991-10-31 00:00:00-05:00,2.3299214839935303,2.3299214839935303,2.3299214839935303,2.3299214839935303,4500,0.0,0.0
1991-11-01 00:00:00-05:00,2.317849611805662,2.317849611805662,2.2695610523223877,2.2695610523223877,3600,0.0,0.0
1991-11-04 00:00:00-05:00,2.341993570327759,2.341993570327759,2.341993570327759,2.341993570327759,900,0.0,0.0
1991-11-05 00:00:00-05:00,2.2937064170837402,2.2937064170837402,2.2937064170837402,2.2937064170837402,900,0.0,0.0
1991-11-06 00:00:00-05:00,2.329921907100418,2.329921907100418,2.2695610523223877,2.2695610523223877,2700,0.0,0.0
1991-11-07 00:00:00-05:00,2.2695610523223877,2.2695610523223877,2.2695610523223877,2.2695610523223877,900,0.0,0.0
1991-11-08 00:00:00-05:00,2.2802324295043945,2.2802324295043945,2.2802324295043945,2.2802324295043945,0,0.02444,0.0
1991-11-11 00:00:00-05:00,2.316619873046875,2.316619873046875,2.316619873046875,2.316619873046875,2700,0.0,0.0
1991-11-12 00:00:00-05:00,2.3166193974017886,2.3166193974017886,2.268103579009471,2.2802324295043945,590400,0.0,0.0
1991-11-13 00:00:00-05:00,2.2802324295043945,2.2802324295043945,2.2802324295043945,2.2802324295043945,2700,0.0,0.0
1991-11-14 00:00:00-05:00,2.2802324295043945,2.2802324295043945,2.2802324295043945,2.2802324295043945,0,0.0,0.0
1991-11-15 00:00:00-05:00,2.280232137593462,2.3530056476593018,2.280232137593462,2.3530056476593018,5400,0.0,0.0
1991-11-18 00:00:00-05:00,2.183201303419108,2.2559748190039453,2.183201303419108,2.2074592113494873,26100,0.0,0.0
1991-11-19 00:00:00-05:00,2.183201551437378,2.2317171646033556,2.183201551437378,2.183201551437378,14400,0.0,0.0
1991-11-20 00:00:00-05:00,2.1832006119111176,2.1953296661376953,2.1832006119111176,2.1953296661376953,20700,0.0,0.0
1991-11-21 00:00:00-05:00,2.231717348098755,2.231717348098755,2.231717348098755,2.231717348098755,9900,0.0,0.0
1991-11-22 00:00:00-05:00,2.3287481827289866,2.3287481827289866,2.183201551437378,2.183201551437378,3600,0.0,0.0
1991-11-25 00:00:00-05:00,2.183201551437378,2.183201551437378,2.183201551437378,2.183201551437378,1800,0.0,0.0
1991-11-26 00:00:00-05:00,2.171072244644165,2.171072244644165,2.171072244644165,2.171072244644165,900,0.0,0.0
1991-11-27 00:00:00-05:00,2.171072244644165,2.171072244644165,2.171072244644165,2.171072244644165,0,0.0,0.0
1991-11-29 00:00:00-05:00,2.280232309779593,2.280232309779593,2.171072244644165,2.171072244644165,6300,0.0,0.0
1991-12-02 00:00:00-05:00,2.171072797676734,2.183201858830736,2.146815299987793,2.146815299987793,28800,0.0,0.0
1991-12-03 00:00:00-05:00,2.1468160393691216,2.255976169906317,2.122558116912842,2.122558116912842,94500,0.0,0.0
1991-12-04 00:00:00-05:00,2.2559753373343225,2.2559753373343225,2.134686186227767,2.1589438915252686,20700,0.0,0.0
1991-12-05 00:00:00-05:00,2.255975075289507,2.255975075289507,2.061912414419271,2.183201551437378,45000,0.0,0.0
1991-12-06 00:00:00-05:00,2.0376550876850565,2.231717348098755,2.0376550876850565,2.231717348098755,18900,0.0,0.0
1991-12-09 00:00:00-05:00,2.1953303607729504,2.1953303607729504,2.110427787147405,2.171072244644165,20700,0.0,0.0
1991-12-10 00:00:00-05:00,2.1832018050291193,2.1832018050291193,2.1468152470828668,2.1589438915252686,13500,0.0,0.0
1991-12-11 00:00:00-05:00,2.146815299987793,2.146815299987793,2.146815299987793,2.146815299987793,14400,0.0,0.0
1991-12-12 00:00:00-05:00,2.146815299987793,2.146815299987793,2.146815299987793,2.146815299987793,0,0.0,0.0
1991-12-13 00:00:00-05:00,2.1589438915252686,2.1589438915252686,2.1468152470828668,2.1589438915252686,24300,0.0,0.0
1991-12-16 00:00:00-05:00,2.255975260779431,2.255975260779431,2.231717348098755,2.231717348098755,1800,0.0,0.0
1991-12-17 00:00:00-05:00,2.1468152470828668,2.1589438915252686,2.1468152470828668,2.1589438915252686,21600,0.0,0.0
1991-12-18 00:00:00-05:00,2.152879476547241,2.152879476547241,2.152879476547241,2.152879476547241,8100,0.0,0.0
1991-12-19 00:00:00-05:00,2.122557333579016,2.1589438915252686,2.122557333579016,2.1589438915252686,13500,0.0,0.0
1991-12-20 00:00:00-05:00,2.1225573858861435,2.2317174788276803,2.0982996799908484,2.146815299987793,9000,0.0,0.0
1991-12-23 00:00:00-05:00,2.231717348098755,2.231717348098755,2.231717348098755,2.231717348098755,900,0.0,0.0
1991-12-24 00:00:00-05:00,2.098299264907837,2.098299264907837,2.098299264907837,2.098299264907837,900,0.0,0.0
1991-12-26 00:00:00-05:00,2.098299264907837,2.207459336255461,2.098299264907837,2.098299264907837,5400,0.0,0.0
1991-12-27 00:00:00-05:00,2.122558116912842,2.2317182474500368,2.122558116912842,2.122558116912842,43200,0.0,0.0
1991-12-30 00:00:00-05:00,2.1104280948638916,2.2195881759156904,2.1104280948638916,2.1104280948638916,17100,0.0,0.0
1991-12-31 00:00:00-05:00,2.1104283175935628,2.2317174712788375,2.1104283175935628,2.134686231613159,35100,0.0,0.0
1992-01-02 00:00:00-05:00,2.231717423830472,2.231717423830472,2.1589438915252686,2.1589438915252686,5400,0.0,0.0
1992-01-03 00:00:00-05:00,2.231717423830472,2.231717423830472,2.1589438915252686,2.1589438915252686,4500,0.0,0.0
1992-01-06 00:00:00-05:00,2.231716911073566,2.231716911073566,2.1710722453507674,2.2074592113494873,94500,0.0,0.0
1992-01-07 00:00:00-05:00,2.1710724398019536,2.2256524772758692,2.1710724398019536,2.2135236263275146,49500,0.0,0.0
1992-01-08 00:00:00-05:00,2.1104290515814887,2.122558116912842,2.1104290515814887,2.122558116912842,4500,0.0,0.0
1992-01-09 00:00:00-05:00,2.231717348098755,2.231717348098755,2.231717348098755,2.231717348098755,4500,0.0,0.0
1992-01-10 00:00:00-05:00,2.280232310521723,2.280232310521723,2.1346856957646496,2.2074592113494873,136800,0.0,0.0
1992-01-13 00:00:00-05:00,2.207458512158038,2.207458512158038,2.1953296661376953,2.1953296661376953,27900,0.0,0.0
1992-01-14 00:00:00-05:00,2.2074593962917395,2.2559750080108643,2.195330545413538,2.2559750080108643,40500,0.0,0.0
1992-01-15 00:00:00-05:00,2.2074593962917395,2.2559750080108643,2.2074593962917395,2.2559750080108643,13500,0.0,0.0
1992-01-16 00:00:00-05:00,2.2074612225672134,2.377265691757202,2.2074612225672134,2.377265691757202,26100,0.0,0.0
1992-01-17 00:00:00-05:00,2.3772643955542465,2.4742958545684814,2.328748770150318,2.4742958545684814,16200,0.0,0.0
1992-01-20 00:00:00-05:00,2.340877850307428,2.450037956237793,2.340877850307428,2.450037956237793,5400,0.0,0.0
1992-01-21 00:00:00-05:00,2.377263596468643,2.4257794137710014,2.3530058960237716,2.3651349544525146,108000,0.0,0.0
1992-01-22 00:00:00-05:00,2.3530056476593018,2.3530056476593018,2.3530056476593018,2.3530056476593018,900,0.0,0.0
1992-01-23 00:00:00-05:00,2.340876579284668,2.3651344831014542,2.340876579284668,2.340876579284668,2700,0.0,0.0
1992-01-24 00:00:00-05:00,2.3651349544525146,2.3651349544525146,2.3651349544525146,2.3651349544525146,2700,0.0,0.0
1992-01-27 00:00:00-05:00,2.340876579284668,2.340876579284668,2.340876579284668,2.340876579284668,900,0.0,0.0
1992-01-28 00:00:00-05:00,2.340876579284668,2.340876579284668,2.340876579284668,2.340876579284668,0,0.0,0.0
1992-01-29 00:00:00-05:00,2.340877997198203,2.34694242477417,2.3348133614158435,2.34694242477417,18000,0.0,0.0
1992-01-30 00:00:00-05:00,2.3408767987170904,2.3530056476593018,2.3408767987170904,2.3530056476593018,36000,0.0,0.0
1992-01-31 00:00:00-05:00,2.3651349544525146,2.3651349544525146,2.3651349544525146,2.3651349544525146,18000,0.0,0.0
1992-02-03 00:00:00-05:00,2.38333029416712,2.425781726837158,2.340879277910093,2.425781726837158,31500,0.0,0.0
1992-02-04 00:00:00-05:00,2.3408767987170904,2.3530056476593018,2.3408767987170904,2.3530056476593018,18000,0.0,0.0
1992-02-05 00:00:00-05:00,2.425778643812232,2.474294237509101,2.3530051491638084,2.413649797439575,32400,0.0,0.0
1992-02-06 00:00:00-05:00,2.3651370390510498,2.377265691757202,2.2317189443925005,2.377265691757202,39600,0.0,0.0
1992-02-07 00:00:00-05:00,2.3772636714037763,2.3772636714037763,2.26810359954834,2.26810359954834,10800,0.0,0.0
1992-02-10 00:00:00-05:00,2.26810359954834,2.26810359954834,2.26810359954834,2.26810359954834,900,0.0,0.0
1992-02-11 00:00:00-05:00,2.316619873046875,2.316619873046875,2.316619873046875,2.316619873046875,1800,0.0,0.0
1992-02-12 00:00:00-05:00,2.316619873046875,2.316619873046875,2.316619873046875,2.316619873046875,0,0.0,0.0
1992-02-13 00:00:00-05:00,2.26810359954834,2.3287480607784365,2.26810359954834,2.26810359954834,5400,0.0,0.0
1992-02-14 00:00:00-05:00,2.278825622890557,2.303198206905481,2.278825622890557,2.2910118103027344,10800,0.02444,0.0
1992-02-18 00:00:00-05:00,2.2910118103027344,2.2910118103027344,2.2910118103027344,2.2910118103027344,6300,0.0,0.0
1992-02-19 00:00:00-05:00,2.266639644668948,2.2910118103027344,2.266639644668948,2.2910118103027344,18900,0.0,0.0
1992-02-20 00:00:00-05:00,2.327571153640747,2.327571153640747,2.327571153640747,2.327571153640747,1800,0.0,0.0
1992-02-21 00:00:00-05:00,2.327571153640747,2.327571153640747,2.327571153640747,2.327571153640747,0,0.0,0.0
1992-02-24 00:00:00-05:00,2.339756769142014,2.339756769142014,2.2910118103027344,2.2910118103027344,3600,0.0,0.0
1992-02-25 00:00:00-05:00,2.3397562503814697,2.3397562503814697,2.3397562503814697,2.3397562503814697,900,0.0,0.0
1992-02-26 00:00:00-05:00,2.205708607335076,2.2361738681793213,2.205708607335076,2.2361738681793213,13500,0.0,0.0
1992-02-27 00:00:00-05:00,2.205707311630249,2.205707311630249,2.205707311630249,2.205707311630249,900,0.0,0.0
1992-02-28 00:00:00-05:00,2.205707311630249,2.205707311630249,2.205707311630249,2.205707311630249,0,0.0,0.0
1992-03-02 00:00:00-05:00,2.205707311630249,2.205707311630249,2.205707311630249,2.205707311630249,0,0.0,0.0
1992-03-03 00:00:00-05:00,2.2300801696076347,2.3397562503814697,2.2300801696076347,2.3397562503814697,5400,0.0,0.0
1992-03-04 00:00:00-05:00,2.3397562503814697,2.3397562503814697,2.3397562503814697,2.3397562503814697,0,0.0,0.0
1992-03-05 00:00:00-05:00,2.205709618634399,2.2422681994379907,2.205709618634399,2.230081796646118,74700,0.0,0.0
1992-03-06 00:00:00-05:00,2.230081796646118,2.230081796646118,2.230081796646118,2.230081796646118,0,0.0,0.0
1992-03-09 00:00:00-05:00,2.2422667548881168,2.2422667548881168,2.2057081976368784,2.211801290512085,84600,0.0,0.0
1992-03-10 00:00:00-05:00,2.2178934924856164,2.2178934924856164,2.205707311630249,2.205707311630249,7200,0.0,0.0
1992-03-11 00:00:00-05:00,2.2178945203806,2.242266893386841,2.2178945203806,2.242266893386841,7200,0.0,0.0
1992-03-12 00:00:00-05:00,2.205707311630249,2.205707311630249,2.205707311630249,2.205707311630249,2700,0.0,0.0
1992-03-13 00:00:00-05:00,2.2057081976368784,2.211801290512085,2.2057081976368784,2.211801290512085,53100,0.0,0.0
1992-03-16 00:00:00-05:00,2.2057084984174904,2.2910118103027344,2.2057084984174904,2.2910118103027344,2700,0.0,0.0
1992-03-17 00:00:00-05:00,2.205707311630249,2.205707311630249,2.205707311630249,2.205707311630249,8100,0.0,0.0
1992-03-18 00:00:00-05:00,2.242266893386841,2.242266893386841,2.242266893386841,2.242266893386841,900,0.0,0.0
1992-03-19 00:00:00-05:00,2.20570833387748,2.242266893386841,2.20570833387748,2.242266893386841,18000,0.0,0.0
1992-03-20 00:00:00-05:00,2.205707311630249,2.205707311630249,2.205707311630249,2.205707311630249,4500,0.0,0.0
1992-03-23 00:00:00-05:00,2.242266893386841,2.242266893386841,2.242266893386841,2.242266893386841,6300,0.0,0.0
1992-03-24 00:00:00-05:00,2.1935229301452637,2.1935229301452637,2.1935229301452637,2.1935229301452637,10800,0.0,0.0
1992-03-25 00:00:00-05:00,2.2422674911750002,2.2422674911750002,2.156963953720694,2.187429428100586,47700,0.0,0.0
1992-03-26 00:00:00-05:00,2.230081796646118,2.230081796646118,2.230081796646118,2.230081796646118,3600,0.0,0.0
1992-03-27 00:00:00-05:00,2.217895269393921,2.217895269393921,2.1569641071104853,2.217895269393921,2700,0.0,0.0
1992-03-30 00:00:00-05:00,2.217895269393921,2.217895269393921,2.217895269393921,2.217895269393921,0,0.0,0.0
1992-03-31 00:00:00-05:00,2.14477795289863,2.205709331349908,2.14477795289863,2.1935229301452637,10800,0.0,0.0
1992-04-01 00:00:00-05:00,2.156963822012212,2.1935223890357434,2.047287702560425,2.047287702560425,57600,0.0,0.0
1992-04-02 00:00:00-05:00,2.1935229301452637,2.1935229301452637,2.1935229301452637,2.1935229301452637,900,0.0,0.0
1992-04-03 00:00:00-05:00,2.1508712768554688,2.1508712768554688,2.1508712768554688,2.1508712768554688,4500,0.0,0.0
1992-04-06 00:00:00-04:00,2.217895269393921,2.217895269393921,2.217895269393921,2.217895269393921,4500,0.0,0.0
1992-04-07 00:00:00-04:00,2.217895269393921,2.217895269393921,2.217895269393921,2.217895269393921,0,0.0,0.0
1992-04-08 00:00:00-04:00,2.217895269393921,2.217895269393921,2.217895269393921,2.217895269393921,900,0.0,0.0
1992-04-09 00:00:00-04:00,2.217895269393921,2.217895269393921,2.217895269393921,2.217895269393921,0,0.0,0.0
1992-04-10 00:00:00-04:00,2.2178934924856164,2.2178934924856164,2.205707311630249,2.205707311630249,43200,0.0,0.0
1992-04-13 00:00:00-04:00,2.2178945203806,2.242266893386841,2.2178945203806,2.242266893386841,2700,0.0,0.0
1992-04-14 00:00:00-04:00,2.156963953720694,2.187429428100586,2.156963953720694,2.187429428100586,40500,0.0,0.0
1992-04-15 00:00:00-04:00,2.156962379018322,2.205707311630249,2.156962379018322,2.205707311630249,6300,0.0,0.0
1992-04-16 00:00:00-04:00,2.156963953720694,2.187429428100586,2.156963953720694,2.187429428100586,13500,0.0,0.0
1992-04-20 00:00:00-04:00,2.187429428100586,2.187429428100586,2.187429428100586,2.187429428100586,0,0.0,0.0
1992-04-21 00:00:00-04:00,2.187429428100586,2.187429428100586,2.187429428100586,2.187429428100586,0,0.0,0.0
1992-04-22 00:00:00-04:00,2.0838452833239027,2.1143107414245605,2.0838452833239027,2.1143107414245605,27000,0.0,0.0
1992-04-23 00:00:00-04:00,2.1143107414245605,2.1143107414245605,2.1143107414245605,2.1143107414245605,0,0.0,0.0
1992-04-24 00:00:00-04:00,2.1935229301452637,2.1935229301452637,2.1935229301452637,2.1935229301452637,1800,0.0,0.0
1992-04-27 00:00:00-04:00,2.13259134674472,2.144777536392212,2.13259134674472,2.144777536392212,5400,0.0,0.0
1992-04-28 00:00:00-04:00,2.15696382522583,2.16305691973883,2.15696382522583,2.15696382522583,22500,0.0,0.0
1992-04-29 00:00:00-04:00,2.1935229301452637,2.1935229301452637,2.1935229301452637,2.1935229301452637,1800,0.0,0.0
1992-04-30 00:00:00-04:00,2.1935229301452637,2.1935229301452637,2.1935229301452637,2.1935229301452637,0,0.0,0.0
1992-05-01 00:00:00-04:00,2.156963286445188,2.18133544921875,2.156963286445188,2.18133544921875,18900,0.0,0.0
1992-05-04 00:00:00-04:00,2.1752431392669678,2.1752431392669678,2.1752431392669678,2.1752431392669678,8100,0.0,0.0
1992-05-05 00:00:00-04:00,2.1691500885384234,2.217895269393921,2.1691500885384234,2.217895269393921,12600,0.0,0.0
1992-05-06 00:00:00-04:00,2.2178938328305,2.2178938328305,2.1691486835479736,2.1691486835479736,1800,0.0,0.0
1992-05-07 00:00:00-04:00,2.1691486835479736,2.2178938328305,2.1691486835479736,2.1691486835479736,61200,0.0,0.0
1992-05-08 00:00:00-04:00,2.1691486835479736,2.1691486835479736,2.1691486835479736,2.1691486835479736,1800,0.0,0.0
1992-05-11 00:00:00-04:00,2.228912830352783,2.228912830352783,2.1799255041584424,2.228912830352783,36900,0.02444,0.0
1992-05-12 00:00:00-04:00,2.1676766872406006,2.198293470828987,2.1676766872406006,2.1676766872406006,8100,0.0,0.0
1992-05-13 00:00:00-04:00,2.228912830352783,2.228912830352783,2.228912830352783,2.228912830352783,4500,0.0,0.0
1992-05-14 00:00:00-04:00,2.1554320512910667,2.228912830352783,2.1554320512910667,2.228912830352783,45000,0.0,0.0
1992-05-15 00:00:00-04:00,2.228912830352783,2.228912830352783,2.228912830352783,2.228912830352783,0,0.0,0.0
1992-05-18 00:00:00-04:00,2.1309375762939453,2.2044183273590567,2.1309375762939453,2.1309375762939453,130500,0.0,0.0
1992-05-19 00:00:00-04:00,2.130938388193896,2.228912830352783,2.130938388193896,2.228912830352783,11700,0.0,0.0
1992-05-20 00:00:00-04:00,2.1431849002838135,2.1738019205324726,2.1431849002838135,2.1431849002838135,19800,0.0,0.0
1992-05-21 00:00:00-04:00,2.228912388796257,2.228912388796257,2.1431849002838135,2.1431849002838135,6300,0.0,0.0
1992-05-22 00:00:00-04:00,2.1431849002838135,2.1431849002838135,2.1431849002838135,2.1431849002838135,0,0.0,0.0
1992-05-26 00:00:00-04:00,2.1554317474365234,2.1554317474365234,2.1554317474365234,2.1554317474365234,6300,0.0,0.0
1992-05-27 00:00:00-04:00,2.2289122205217575,2.2289122205217575,2.155431461564398,2.1860482692718506,62100,0.0,0.0
1992-05-28 00:00:00-04:00,2.167678394877116,2.1860482692718506,2.155431461564398,2.1860482692718506,9900,0.0,0.0
1992-05-29 00:00:00-04:00,2.155431461564398,2.1860482692718506,2.155431461564398,2.1860482692718506,28800,0.0,0.0
1992-06-01 00:00:00-04:00,2.1860482692718506,2.1860482692718506,2.1860482692718506,2.1860482692718506,0,0.0,0.0
1992-06-02 00:00:00-04:00,2.1860482692718506,2.1860482692718506,2.1860482692718506,2.1860482692718506,0,0.0,0.0
1992-06-03 00:00:00-04:00,2.1431851140720912,2.173802137374878,2.1431851140720912,2.173802137374878,36900,0.0,0.0
1992-06-04 00:00:00-04:00,2.1431849002838135,2.1431849002838135,2.1431849002838135,2.1431849002838135,2700,0.0,0.0
1992-06-05 00:00:00-04:00,2.1431850227292752,2.1554317474365234,2.1431850227292752,2.1554317474365234,14400,0.0,0.0
1992-06-08 00:00:00-04:00,2.1431849002838135,2.1431849002838135,2.1431849002838135,2.1431849002838135,11700,0.0,0.0
1992-06-09 00:00:00-04:00,2.1431830501403204,2.1676766872406006,2.1309361264753948,2.1676766872406006,110700,0.0,0.0
1992-06-10 00:00:00-04:00,2.1309378335062026,2.1309378335062026,2.1064445972442627,2.1064445972442627,18900,0.0,0.0
1992-06-11 00:00:00-04:00,2.1799243855973014,2.1799243855973014,2.10644406469934,2.11256742477417,42300,0.0,0.0
1992-06-12 00:00:00-04:00,2.1064439766240186,2.2044179439544678,2.1064439766240186,2.2044179439544678,12600,0.0,0.0
1992-06-15 00:00:00-04:00,2.2044179439544678,2.2044179439544678,2.2044179439544678,2.2044179439544678,0,0.0,0.0
1992-06-16 00:00:00-04:00,2.1615549452518588,2.2044184742955957,2.1186912059783936,2.1186912059783936,126900,0.0,0.0
1992-06-17 00:00:00-04:00,2.228912830352783,2.228912830352783,2.228912830352783,2.228912830352783,900,0.0,0.0
1992-06-18 00:00:00-04:00,2.1186910647560455,2.1309375762939453,2.1186910647560455,2.1309375762939453,29700,0.0,0.0
1992-06-19 00:00:00-04:00,2.1186912059783936,2.1186912059783936,2.1186912059783936,2.1186912059783936,900,0.0,0.0
1992-06-22 00:00:00-04:00,2.228912830352783,2.228912830352783,2.228912830352783,2.228912830352783,1800,0.0,0.0
1992-06-23 00:00:00-04:00,2.1186912059783936,2.1186912059783936,2.1186912059783936,2.1186912059783936,900,0.0,0.0
1992-06-24 00:00:00-04:00,2.118692570564585,2.1493093967437744,2.118692570564585,2.1493093967437744,41400,0.0,0.0
1992-06-25 00:00:00-04:00,2.1309380877922623,2.1554317474365234,2.1309380877922623,2.1554317474365234,109800,0.0,0.0
1992-06-26 00:00:00-04:00,2.1309375762939453,2.1309375762939453,2.1309375762939453,2.1309375762939453,900,0.0,0.0
1992-06-29 00:00:00-04:00,2.1186912059783936,2.1186912059783936,2.1186912059783936,2.1186912059783936,1800,0.0,0.0
1992-06-30 00:00:00-04:00,2.1921715414819425,2.1921715414819425,2.1186912059783936,2.1186912059783936,31500,0.0,0.0
1992-07-01 00:00:00-04:00,2.1186899335607334,2.2166640758514404,2.1186899335607334,2.2166640758514404,28800,0.0,0.0
1992-07-02 00:00:00-04:00,2.1186914522686884,2.1431849002838135,2.1186914522686884,2.1431849002838135,5400,0.0,0.0
1992-07-06 00:00:00-04:00,2.1431849002838135,2.1431849002838135,2.1431849002838135,2.1431849002838135,0,0.0,0.0
1992-07-07 00:00:00-04:00,2.1431849002838135,2.1431849002838135,2.1431849002838135,2.1431849002838135,0,0.0,0.0
1992-07-08 00:00:00-04:00,2.1186912059783936,2.1186912059783936,2.1186912059783936,2.1186912059783936,4500,0.0,0.0
1992-07-09 00:00:00-04:00,2.1431854659694585,2.161555767059326,2.1431854659694585,2.161555767059326,16200,0.0,0.0
1992-07-10 00:00:00-04:00,2.161555767059326,2.161555767059326,2.161555767059326,2.161555767059326,0,0.0,0.0
1992-07-13 00:00:00-04:00,2.1431849002838135,2.1431849002838135,2.1431849002838135,2.1431849002838135,900,0.0,0.0
1992-07-14 00:00:00-04:00,2.1431849002838135,2.1431849002838135,2.1431849002838135,2.1431849002838135,0,0.0,0.0
1992-07-15 00:00:00-04:00,2.1431849002838135,2.1431849002838135,2.1431849002838135,2.1431849002838135,900,0.0,0.0
1992-07-16 00:00:00-04:00,2.1431849002838135,2.1431849002838135,2.1431849002838135,2.1431849002838135,0,0.0,0.0
1992-07-17 00:00:00-04:00,2.1431849002838135,2.1431849002838135,2.1431849002838135,2.1431849002838135,0,0.0,0.0
1992-07-20 00:00:00-04:00,2.161555767059326,2.161555767059326,2.161555767059326,2.161555767059326,5400,0.0,0.0
1992-07-21 00:00:00-04:00,2.2044186219428963,2.2289122789810074,2.167678451730343,2.179924964904785,2350800,0.0,0.0
1992-07-22 00:00:00-04:00,2.179924964904785,2.179924964904785,2.179924964904785,2.179924964904785,0,0.0,0.0
1992-07-23 00:00:00-04:00,2.1676766872406006,2.1676766872406006,2.1676766872406006,2.1676766872406006,23400,0.0,0.0
1992-07-24 00:00:00-04:00,2.155431461564398,2.2166654974387767,2.1431847384814167,2.1860482692718506,72000,0.0,0.0
1992-07-27 00:00:00-04:00,2.2411590306170264,2.2411590306170264,2.1554317474365234,2.1554317474365234,1800,0.0,0.0
1992-07-28 00:00:00-04:00,2.1554317474365234,2.1554317474365234,2.1554317474365234,2.1554317474365234,0,0.0,0.0
1992-07-29 00:00:00-04:00,2.1676766872406006,2.1676766872406006,2.1676766872406006,2.1676766872406006,900,0.0,0.0
1992-07-30 00:00:00-04:00,2.1676766872406006,2.1676766872406006,2.1676766872406006,2.1676766872406006,0,0.0,0.0
1992-07-31 00:00:00-04:00,2.1676766872406006,2.1676766872406006,2.1676766872406006,2.1676766872406006,2700,0.0,0.0
1992-08-03 00:00:00-04:00,2.167678545015102,2.1982953548431396,2.167678545015102,2.1982953548431396,9900,0.0,0.0
1992-08-04 00:00:00-04:00,2.241156967852728,2.241156967852728,2.1676766872406006,2.1676766872406006,148500,0.0,0.0
1992-08-05 00:00:00-04:00,2.1676766872406006,2.1676766872406006,2.1676766872406006,2.1676766872406006,2700,0.0,0.0
1992-08-06 00:00:00-04:00,2.216665555576823,2.216665555576823,2.167678451730343,2.179924964904785,55800,0.0,0.0
1992-08-07 00:00:00-04:00,2.2044179439544678,2.2044179439544678,2.2044179439544678,2.2044179439544678,4500,0.0,0.0
1992-08-10 00:00:00-04:00,2.1906330851888325,2.221400499343872,2.1906330851888325,2.221400499343872,23400,0.02444,0.0
1992-08-11 00:00:00-04:00,2.1783256631838603,2.209092855453491,2.1783256631838603,2.209092855453491,32400,0.0,0.0
1992-08-12 00:00:00-04:00,2.1783266067504883,2.1783266067504883,2.1783266067504883,2.1783266067504883,1800,0.0,0.0
1992-08-13 00:00:00-04:00,2.166018486022949,2.166018486022949,2.166018486022949,2.166018486022949,2700,0.0,0.0
1992-08-14 00:00:00-04:00,2.166018486022949,2.166018486022949,2.166018486022949,2.166018486022949,0,0.0,0.0
1992-08-17 00:00:00-04:00,2.1660195516779055,2.2521679401397705,2.1660195516779055,2.2521679401397705,2700,0.0,0.0
1992-08-18 00:00:00-04:00,2.2521679401397705,2.2521679401397705,2.2521679401397705,2.2521679401397705,0,0.0,0.0
1992-08-19 00:00:00-04:00,2.166018486022949,2.166018486022949,2.166018486022949,2.166018486022949,900,0.0,0.0
1992-08-20 00:00:00-04:00,2.166018486022949,2.166018486022949,2.166018486022949,2.166018486022949,1800,0.0,0.0
1992-08-21 00:00:00-04:00,2.1660183528889814,2.1660183528889814,2.141404390335083,2.141404390335083,18000,0.0,0.0
1992-08-24 00:00:00-04:00,2.141404390335083,2.141404390335083,2.141404390335083,2.141404390335083,14400,0.0,0.0
1992-08-25 00:00:00-04:00,2.141404390335083,2.141404390335083,2.141404390335083,2.141404390335083,0,0.0,0.0
1992-08-26 00:00:00-04:00,2.153711477243196,2.153711477243196,2.141404390335083,2.141404390335083,184500,0.0,0.0
1992-08-27 00:00:00-04:00,2.141404390335083,2.141404390335083,2.141404390335083,2.141404390335083,0,0.0,0.0
1992-08-28 00:00:00-04:00,2.141404390335083,2.141404390335083,2.141404390335083,2.141404390335083,0,0.0,0.0
1992-08-31 00:00:00-04:00,2.141406240123929,2.1660202239398707,2.116792678833008,2.116792678833008,76500,0.0,0.0
1992-09-01 00:00:00-04:00,2.116791332051663,2.116791332051663,2.092177152633667,2.092177152633667,33300,0.0,0.0
1992-09-02 00:00:00-04:00,2.092177152633667,2.092177152633667,2.092177152633667,2.092177152633667,0,0.0,0.0
1992-09-03 00:00:00-04:00,2.1906322388274,2.1906322388274,2.116790980414048,2.166018486022949,913500,0.0,0.0
1992-09-04 00:00:00-04:00,2.116792678833008,2.1660202239398707,2.116792678833008,2.116792678833008,4500,0.0,0.0
1992-09-08 00:00:00-04:00,2.116792678833008,2.116792678833008,2.116792678833008,2.116792678833008,0,0.0,0.0
1992-09-09 00:00:00-04:00,2.190633535385132,2.190633535385132,2.190633535385132,2.190633535385132,900,0.0,0.0
1992-09-10 00:00:00-04:00,2.116792678833008,2.147559683262287,2.116792678833008,2.116792678833008,20700,0.0,0.0
1992-09-11 00:00:00-04:00,2.116792678833008,2.116792678833008,2.116792678833008,2.116792678833008,0,0.0,0.0
1992-09-14 00:00:00-04:00,2.1044845581054688,2.1044845581054688,2.1044845581054688,2.1044845581054688,900,0.0,0.0
1992-09-15 00:00:00-04:00,2.1044845581054688,2.1044845581054688,2.1044845581054688,2.1044845581054688,0,0.0,0.0
1992-09-16 00:00:00-04:00,2.190633996493302,2.190633996493302,2.104485581293782,2.116792678833008,18000,0.0,0.0
1992-09-17 00:00:00-04:00,2.116792678833008,2.116792678833008,2.116792678833008,2.116792678833008,900,0.0,0.0
1992-09-18 00:00:00-04:00,2.116792678833008,2.116792678833008,2.116792678833008,2.116792678833008,0,0.0,0.0
1992-09-21 00:00:00-04:00,2.1044845581054688,2.1044845581054688,2.1044845581054688,2.1044845581054688,4500,0.0,0.0
1992-09-22 00:00:00-04:00,2.104484701067473,2.11063814163208,2.104484701067473,2.11063814163208,25200,0.0,0.0
1992-09-23 00:00:00-04:00,2.122944288128733,2.1660183528889814,2.1044837633977274,2.141404390335083,41400,0.0,0.0
1992-09-24 00:00:00-04:00,2.116792678833008,2.116792678833008,2.116792678833008,2.116792678833008,2700,0.0,0.0
1992-09-25 00:00:00-04:00,2.116792678833008,2.116792678833008,2.116792678833008,2.116792678833008,0,0.0,0.0
1992-09-28 00:00:00-04:00,2.0798702741870447,2.092177152633667,2.067563607002799,2.092177152633667,19800,0.0,0.0
1992-09-29 00:00:00-04:00,2.067563772201538,2.067563772201538,2.067563772201538,2.067563772201538,900,0.0,0.0
1992-09-30 00:00:00-04:00,2.0675649224636348,2.116792678833008,2.0675649224636348,2.116792678833008,14400,0.0,0.0
1992-10-01 00:00:00-04:00,2.0552568256703365,2.1044845581054688,2.0552568256703365,2.1044845581054688,16200,0.0,0.0
1992-10-02 00:00:00-04:00,2.0429494380950928,2.0429494380950928,2.0429494380950928,2.0429494380950928,6300,0.0,0.0
1992-10-05 00:00:00-04:00,1.9691078662872314,1.9691078662872314,1.9691078662872314,1.9691078662872314,4500,0.0,0.0
1992-10-06 00:00:00-04:00,1.9937220811843872,1.9937220811843872,1.9937220811843872,1.9937220811843872,900,0.0,0.0
1992-10-07 00:00:00-04:00,1.956801649249428,1.956801649249428,1.9321876764297485,1.9321876764297485,10800,0.0,0.0
1992-10-08 00:00:00-04:00,1.9321876764297485,1.9321876764297485,1.9321876764297485,1.9321876764297485,0,0.0,0.0
1992-10-09 00:00:00-04:00,1.9691078662872314,1.9691078662872314,1.9691078662872314,1.9691078662872314,4500,0.0,0.0
1992-10-12 00:00:00-04:00,1.9444941103859268,1.9691078662872314,1.9444941103859268,1.9691078662872314,126900,0.0,0.0
1992-10-13 00:00:00-04:00,2.0183353424072266,2.0183353424072266,2.0183353424072266,2.0183353424072266,4500,0.0,0.0
1992-10-14 00:00:00-04:00,2.0183353424072266,2.0183353424072266,2.0183353424072266,2.0183353424072266,0,0.0,0.0
1992-10-15 00:00:00-04:00,2.0183353424072266,2.0183353424072266,2.0183353424072266,2.0183353424072266,0,0.0,0.0
1992-10-16 00:00:00-04:00,2.0183353424072266,2.0183353424072266,2.0183353424072266,2.0183353424072266,1800,0.0,0.0
1992-10-19 00:00:00-04:00,2.0183353424072266,2.0183353424072266,2.0183353424072266,2.0183353424072266,0,0.0,0.0
1992-10-20 00:00:00-04:00,1.8706528259693633,1.8952670097351074,1.8706528259693633,1.8952670097351074,39600,0.0,0.0
1992-10-21 00:00:00-04:00,1.9198800325393677,1.9198800325393677,1.9198800325393677,1.9198800325393677,900,0.0,0.0
1992-10-22 00:00:00-04:00,1.9321876515964835,1.9998757062714199,1.8952670097351074,1.8952670097351074,1041300,0.0,0.0
1992-10-23 00:00:00-04:00,2.01833654122946,2.01833654122946,1.8829602003097534,1.8829602003097534,39600,0.0,0.0
1992-10-26 00:00:00-05:00,1.8829602003097534,1.8829602003097534,1.8829602003097534,1.8829602003097534,0,0.0,0.0
1992-10-27 00:00:00-05:00,1.8706519954773582,2.0183353424072266,1.8706519954773582,2.0183353424072266,24300,0.0,0.0
1992-10-28 00:00:00-05:00,2.0183353424072266,2.0183353424072266,2.0183353424072266,2.0183353424072266,0,0.0,0.0
1992-10-29 00:00:00-05:00,1.956801086787526,1.956801086787526,1.9198800325393677,1.9198800325393677,3600,0.0,0.0
1992-10-30 00:00:00-05:00,1.870652420157278,2.0183358006145755,1.870652420157278,1.9691078662872314,11700,0.0,0.0
1992-11-02 00:00:00-05:00,1.9444937705993652,1.9444937705993652,1.9444937705993652,1.9444937705993652,2700,0.0,0.0
1992-11-03 00:00:00-05:00,1.870652420157278,1.9691078662872314,1.870652420157278,1.9691078662872314,19800,0.0,0.0
1992-11-04 00:00:00-05:00,2.0183358006145755,2.0183358006145755,1.9691078662872314,1.9691078662872314,1800,0.0,0.0
1992-11-05 00:00:00-05:00,2.0183353424072266,2.0183353424072266,1.969107419255724,2.0183353424072266,33300,0.0,0.0
1992-11-06 00:00:00-05:00,2.0183353424072266,2.0183353424072266,2.0183353424072266,2.0183353424072266,4500,0.0,0.0
1992-11-09 00:00:00-05:00,1.8952661683154288,2.0183353424072266,1.8952661683154288,2.0183353424072266,18900,0.0,0.0
1992-11-10 00:00:00-05:00,2.0183353424072266,2.0183353424072266,2.0183353424072266,2.0183353424072266,0,0.0,0.0
1992-11-11 00:00:00-05:00,1.9075733423233032,1.9075733423233032,1.9075733423233032,1.9075733423233032,9000,0.0,0.0
1992-11-12 00:00:00-05:00,2.0183358006145755,2.0183358006145755,1.9321872324352745,1.9691078662872314,27000,0.0,0.0
1992-11-13 00:00:00-05:00,1.9691078662872314,1.9691078662872314,1.9691078662872314,1.9691078662872314,0,0.0,0.0
1992-11-16 00:00:00-05:00,1.9928760769953928,2.03001070022583,1.943363812646536,2.03001070022583,18000,0.02556,0.0
1992-11-17 00:00:00-05:00,1.9804980109081787,2.03001070022583,1.9804980109081787,2.03001070022583,11700,0.0,0.0
1992-11-18 00:00:00-05:00,1.943363812646536,2.03001070022583,1.943363812646536,2.03001070022583,10800,0.0,0.0
1992-11-19 00:00:00-05:00,2.0300107966478764,2.0300107966478764,1.943363904953003,1.943363904953003,10800,0.0,0.0
1992-11-20 00:00:00-05:00,1.9557416439056396,2.0300104564801793,1.9433635793046737,1.9557416439056396,113400,0.0,0.0
1992-11-23 00:00:00-05:00,1.9557416439056396,1.9557416439056396,1.9557416439056396,1.9557416439056396,0,0.0,0.0
1992-11-24 00:00:00-05:00,1.943363904953003,1.9557419716281543,1.943363904953003,1.943363904953003,3600,0.0,0.0
1992-11-25 00:00:00-05:00,1.943363904953003,1.943363904953003,1.943363904953003,1.943363904953003,0,0.0,0.0
1992-11-27 00:00:00-05:00,1.943363904953003,1.943363904953003,1.943363904953003,1.943363904953003,0,0.0,0.0
1992-11-30 00:00:00-05:00,1.9681202173233032,1.9681202173233032,1.9681202173233032,1.9681202173233032,1800,0.0,0.0
1992-12-01 00:00:00-05:00,1.9928761716536079,2.0176327299727252,1.93717465913102,1.943363904953003,107100,0.0,0.0
1992-12-02 00:00:00-05:00,1.943363812646536,2.03001070022583,1.943363812646536,2.03001070022583,2700,0.0,0.0
1992-12-03 00:00:00-05:00,1.986686989148822,2.030010644227779,1.955741824784412,1.98049795627594,468000,0.0,0.0
1992-12-04 00:00:00-05:00,2.0300107966478764,2.0300107966478764,1.943363904953003,1.943363904953003,2700,0.0,0.0
1992-12-07 00:00:00-05:00,1.9433648353355237,2.0300117685124652,1.9433648353355237,1.9928771257400513,234900,0.0,0.0
1992-12-08 00:00:00-05:00,2.0052548557834653,2.030011206617832,1.9681206482585902,1.9743096828460693,24300,0.0,0.0
1992-12-09 00:00:00-05:00,2.0300107966478764,2.0300107966478764,1.943363904953003,1.943363904953003,1800,0.0,0.0
1992-12-10 00:00:00-05:00,2.03001070022583,2.03001070022583,2.03001070022583,2.03001070022583,5400,0.0,0.0
1992-12-11 00:00:00-05:00,1.9681206482585902,1.9743096828460693,1.9433642974242231,1.9743096828460693,15300,0.0,0.0
1992-12-14 00:00:00-05:00,1.9557421333427725,1.9866873025894165,1.9557421333427725,1.9866873025894165,18900,0.0,0.0
1992-12-15 00:00:00-05:00,2.0300107966478764,2.0300107966478764,1.943363904953003,1.943363904953003,19800,0.0,0.0
1992-12-16 00:00:00-05:00,1.9433635793046737,1.9743089532914606,1.9433635793046737,1.9557416439056396,180000,0.0,0.0
1992-12-17 00:00:00-05:00,1.943363812646536,2.03001070022583,1.943363812646536,2.03001070022583,261000,0.0,0.0
1992-12-18 00:00:00-05:00,1.94955279191153,2.017632578482015,1.94955279191153,1.98049795627594,160200,0.0,0.0
1992-12-21 00:00:00-05:00,1.9928758377085376,2.0300104564801793,1.9557416439056396,1.9557416439056396,144000,0.0,0.0
1992-12-22 00:00:00-05:00,1.9804981049784567,1.9866871383160323,1.943363904953003,1.943363904953003,652500,0.0,0.0
1992-12-23 00:00:00-05:00,1.943363904953003,2.0176327299727252,1.943363904953003,1.943363904953003,12600,0.0,0.0
1992-12-24 00:00:00-05:00,1.943363904953003,1.9804981049784567,1.943363904953003,1.943363904953003,2700,0.0,0.0
1992-12-28 00:00:00-05:00,2.030010644227779,2.030010644227779,1.98049795627594,1.98049795627594,8100,0.0,0.0
1992-12-29 00:00:00-05:00,1.9804974963324402,1.9990648031234741,1.9804974963324402,1.9990648031234741,436500,0.0,0.0
1992-12-30 00:00:00-05:00,1.9804980109081787,2.03001070022583,1.9557418787337502,2.03001070022583,32400,0.0,0.0
1992-12-31 00:00:00-05:00,2.030010964503568,2.030010964503568,1.9804982687400876,1.9866873025894165,23400,0.0,0.0
1993-01-04 00:00:00-05:00,1.9681204135258552,2.030010964503568,1.9681204135258552,1.9866873025894165,42300,0.0,0.0
1993-01-05 00:00:00-05:00,1.9681202173233032,1.9681202173233032,1.9681202173233032,1.9681202173233032,3600,0.0,0.0
1993-01-06 00:00:00-05:00,2.03001070022583,2.03001070022583,2.03001070022583,2.03001070022583,900,0.0,0.0
1993-01-07 00:00:00-05:00,1.9804980109081787,2.03001070022583,1.9804980109081787,2.03001070022583,48600,0.0,0.0
1993-01-08 00:00:00-05:00,2.079524271401502,2.079524271401502,1.9928771257400513,1.9928771257400513,13500,0.0,0.0
1993-01-11 00:00:00-05:00,1.9928771257400513,1.9928771257400513,1.9928771257400513,1.9928771257400513,6300,0.0,0.0
1993-01-12 00:00:00-05:00,1.9928764001159955,2.07952351422846,1.9928764001159955,2.0176329612731934,8100,0.0,0.0
1993-01-13 00:00:00-05:00,2.0176329612731934,2.0176329612731934,2.0176329612731934,2.0176329612731934,0,0.0,0.0
1993-01-14 00:00:00-05:00,2.079522592421199,2.079522592421199,2.005253791809082,2.005253791809082,4500,0.0,0.0
1993-01-15 00:00:00-05:00,2.054766254722381,2.054766254722381,2.005253791809082,2.005253791809082,2700,0.0,0.0
1993-01-18 00:00:00-05:00,2.0052546341831468,2.1290359497070312,2.0052546341831468,2.1290359497070312,10800,0.0,0.0
1993-01-19 00:00:00-05:00,2.0547664165496826,2.0547664165496826,2.0547664165496826,2.0547664165496826,8100,0.0,0.0
1993-01-20 00:00:00-05:00,2.1290359497070312,2.1290359497070312,2.1042793891240565,2.1290359497070312,63000,0.0,0.0
1993-01-21 00:00:00-05:00,2.1290359497070312,2.1290359497070312,2.1290359497070312,2.1290359497070312,0,0.0,0.0
1993-01-22 00:00:00-05:00,2.0547667429665455,2.0795230865478516,2.0547667429665455,2.0795230865478516,13500,0.0,0.0
1993-01-25 00:00:00-05:00,2.104279041290283,2.104279041290283,2.104279041290283,2.104279041290283,900,0.0,0.0
1993-01-26 00:00:00-05:00,2.1290359497070312,2.1290359497070312,2.1290359497070312,2.1290359497070312,6300,0.0,0.0
1993-01-27 00:00:00-05:00,2.129035745278239,2.1599806993401467,2.0919011204538496,2.153791666030884,41400,0.0,0.0
1993-01-28 00:00:00-05:00,2.2033035275720176,2.2033035275720176,2.1414132118225098,2.1414132118225098,1800,0.0,0.0
1993-01-29 00:00:00-05:00,2.1785474012722146,2.1847366453315122,2.1414132118225098,2.1414132118225098,38700,0.0,0.0
1993-02-01 00:00:00-05:00,2.1537918899497526,2.228060722351074,2.1414140345287707,2.228060722351074,32400,0.0,0.0
1993-02-02 00:00:00-05:00,2.1414132118225098,2.1414132118225098,2.1414132118225098,2.1414132118225098,6300,0.0,0.0
1993-02-03 00:00:00-05:00,2.166169534223637,2.2280600680603846,2.1476022253335563,2.215681791305542,16200,0.0,0.0
1993-02-04 00:00:00-05:00,2.252816677093506,2.252816677093506,2.252816677093506,2.252816677093506,4500,0.0,0.0
1993-02-05 00:00:00-05:00,2.2528170185419745,2.2528170185419745,2.166170120239258,2.166170120239258,2700,0.0,0.0
1993-02-08 00:00:00-05:00,2.2775728702545166,2.2775728702545166,2.2775728702545166,2.2775728702545166,900,0.0,0.0
1993-02-09 00:00:00-05:00,2.215681791305542,2.215681791305542,2.215681791305542,2.215681791305542,2700,0.0,0.0
1993-02-10 00:00:00-05:00,2.215681791305542,2.215681791305542,2.215681791305542,2.215681791305542,0,0.0,0.0
1993-02-11 00:00:00-05:00,2.215681791305542,2.215681791305542,2.215681791305542,2.215681791305542,0,0.0,0.0
1993-02-12 00:00:00-05:00,2.1773631280218066,2.2395734786987305,2.1773631280218066,2.2395734786987305,22500,0.02556,0.0
1993-02-16 00:00:00-05:00,2.177363004111897,2.189805030822754,2.177363004111897,2.189805030822754,2700,0.0,0.0
1993-02-17 00:00:00-05:00,2.2146874691697294,2.2146874691697294,2.189803433894855,2.1960246562957764,58500,0.0,0.0
1993-02-18 00:00:00-05:00,2.2146892102785385,2.2395734786987305,2.2146892102785385,2.2395734786987305,28800,0.0,0.0
1993-02-19 00:00:00-05:00,2.189805030822754,2.239573351248539,2.189805030822754,2.189805030822754,4500,0.0,0.0
1993-02-22 00:00:00-05:00,2.1586998733110705,2.2395734786987305,2.1586998733110705,2.2395734786987305,720900,0.0,0.0
1993-02-23 00:00:00-05:00,2.1898054351628513,2.2146894931793213,2.152479348138147,2.2146894931793213,43200,0.0,0.0
1993-02-24 00:00:00-05:00,2.140036795092781,2.189804898938858,2.1027102900435324,2.108931303024292,40500,0.0,0.0
1993-02-25 00:00:00-05:00,2.102710247039795,2.108931259893325,2.102710247039795,2.102710247039795,3600,0.0,0.0
1993-02-26 00:00:00-05:00,2.1027104166820405,2.189805030822754,2.1027104166820405,2.189805030822754,3600,0.0,0.0
1993-03-01 00:00:00-05:00,2.140036195602489,2.1524782180786133,2.1027097010095455,2.1524782180786133,208800,0.0,0.0
1993-03-02 00:00:00-05:00,2.1400365829467773,2.1524786076748943,2.1400365829467773,2.1400365829467773,183600,0.0,0.0
1993-03-03 00:00:00-05:00,2.140036923979327,2.189805030822754,2.140036923979327,2.189805030822754,5400,0.0,0.0
1993-03-04 00:00:00-05:00,2.164920418820687,2.177362657131128,2.1400365829467773,2.1400365829467773,94500,0.0,0.0
1993-03-05 00:00:00-05:00,2.189805030822754,2.189805030822754,2.177363004111897,2.189805030822754,16200,0.0,0.0
1993-03-08 00:00:00-05:00,2.177363004111897,2.189805030822754,2.177363004111897,2.189805030822754,40500,0.0,0.0
1993-03-09 00:00:00-05:00,2.189805030822754,2.2084682844713974,2.189805030822754,2.189805030822754,20700,0.0,0.0
1993-03-10 00:00:00-05:00,2.189805030822754,2.189805030822754,2.189805030822754,2.189805030822754,4500,0.0,0.0
1993-03-11 00:00:00-05:00,2.202247271115969,2.202247271115969,2.189805030822754,2.189805030822754,69300,0.0,0.0
1993-03-12 00:00:00-05:00,2.189804429080411,2.20224666595459,2.189804429080411,2.20224666595459,79200,0.0,0.0
1993-03-15 00:00:00-05:00,2.239573351248539,2.239573351248539,2.189805030822754,2.189805030822754,1800,0.0,0.0
1993-03-16 00:00:00-05:00,2.189805030822754,2.189805030822754,2.189805030822754,2.189805030822754,2700,0.0,0.0
1993-03-17 00:00:00-05:00,2.2271299362182617,2.2271299362182617,2.2271299362182617,2.2271299362182617,2700,0.0,0.0
1993-03-18 00:00:00-05:00,2.1898054351628513,2.2146894931793213,2.1898054351628513,2.2146894931793213,2700,0.0,0.0
1993-03-19 00:00:00-05:00,2.2146894931793213,2.2146894931793213,2.2146894931793213,2.2146894931793213,0,0.0,0.0
1993-03-22 00:00:00-05:00,2.189805030822754,2.189805030822754,2.189805030822754,2.189805030822754,900,0.0,0.0
1993-03-23 00:00:00-05:00,2.1898039063252117,2.2893404960632324,2.1898039063252117,2.2893404960632324,3600,0.0,0.0
1993-03-24 00:00:00-05:00,2.2893404960632324,2.2893404960632324,2.2893404960632324,2.2893404960632324,0,0.0,0.0
1993-03-25 00:00:00-05:00,2.2893404960632324,2.2893404960632324,2.2893404960632324,2.2893404960632324,0,0.0,0.0
1993-03-26 00:00:00-05:00,2.2893404960632324,2.2893404960632324,2.2893404960632324,2.2893404960632324,0,0.0,0.0
1993-03-29 00:00:00-05:00,2.2893404960632324,2.2893404960632324,2.2893404960632324,2.2893404960632324,0,0.0,0.0
1993-03-30 00:00:00-05:00,2.2768995609554623,2.2768995609554623,2.2271312376974493,2.2395734786987305,5400,0.0,0.0
1993-03-31 00:00:00-05:00,2.2395734786987305,2.2395734786987305,2.2395734786987305,2.2395734786987305,0,0.0,0.0
1993-04-01 00:00:00-05:00,2.2271312376974493,2.2395734786987305,2.2271312376974493,2.2395734786987305,8100,0.0,0.0
1993-04-02 00:00:00-05:00,2.2395734786987305,2.2395734786987305,2.2395734786987305,2.2395734786987305,4500,0.0,0.0
1993-04-05 00:00:00-04:00,2.2395734786987305,2.2395734786987305,2.2395734786987305,2.2395734786987305,4500,0.0,0.0
1993-04-06 00:00:00-04:00,2.2395734786987305,2.2395734786987305,2.2395734786987305,2.2395734786987305,0,0.0,0.0
1993-04-07 00:00:00-04:00,2.2395734786987305,2.2395734786987305,2.2395734786987305,2.2395734786987305,16200,0.0,0.0
1993-04-08 00:00:00-04:00,2.264456258922853,2.3266663551330566,2.2395720068565415,2.3266663551330566,9900,0.0,0.0
1993-04-12 00:00:00-04:00,2.2395734786987305,2.2395734786987305,2.2395734786987305,2.2395734786987305,900,0.0,0.0
1993-04-13 00:00:00-04:00,2.3391082286834717,2.3391082286834717,2.3391082286834717,2.3391082286834717,1800,0.0,0.0
1993-04-14 00:00:00-04:00,2.2520144350981615,2.2893404960632324,2.2520144350981615,2.2893404960632324,2700,0.0,0.0
1993-04-15 00:00:00-04:00,2.2893404960632324,2.2893404960632324,2.2893404960632324,2.2893404960632324,0,0.0,0.0
1993-04-16 00:00:00-04:00,2.2520151138305664,2.2520151138305664,2.2520151138305664,2.2520151138305664,4500,0.0,0.0
1993-04-19 00:00:00-04:00,2.2520151138305664,2.2520151138305664,2.2520151138305664,2.2520151138305664,900,0.0,0.0
1993-04-20 00:00:00-04:00,2.2644564554198516,2.2893404960632324,2.2644564554198516,2.2893404960632324,7200,0.0,0.0
1993-04-21 00:00:00-04:00,2.2893404960632324,2.2893404960632324,2.2893404960632324,2.2893404960632324,0,0.0,0.0
1993-04-22 00:00:00-04:00,2.276899576187134,2.2893418172716493,2.276899576187134,2.276899576187134,4500,0.0,0.0
1993-04-23 00:00:00-04:00,2.314225036842023,2.3453300914977553,2.2893407795351624,2.2955617904663086,128700,0.0,0.0
1993-04-26 00:00:00-04:00,2.2893404960632324,2.2893404960632324,2.2893404960632324,2.2893404960632324,1800,0.0,0.0
1993-04-27 00:00:00-04:00,2.2893404960632324,2.2893404960632324,2.2893404960632324,2.2893404960632324,4500,0.0,0.0
1993-04-28 00:00:00-04:00,2.3888783176111734,2.3888783176111734,2.3142261505126953,2.3142261505126953,6300,0.0,0.0
1993-04-29 00:00:00-04:00,2.3017830848693848,2.314225321846254,2.3017830848693848,2.3017830848693848,338400,0.0,0.0
1993-04-30 00:00:00-04:00,2.3017830848693848,2.3017830848693848,2.3017830848693848,2.3017830848693848,0,0.0,0.0
1993-05-03 00:00:00-04:00,2.339109769338133,2.3515520095825195,2.339109769338133,2.3515520095825195,253800,0.0,0.0
1993-05-04 00:00:00-04:00,2.33911003502771,2.33911003502771,2.3017839508019113,2.3204472064971924,9000,0.0,0.0
1993-05-05 00:00:00-04:00,2.33910999262981,2.351552234061934,2.3142261505126953,2.3142261505126953,188100,0.0,0.0
1993-05-06 00:00:00-04:00,2.3142261505126953,2.3142261505126953,2.3142261505126953,2.3142261505126953,8100,0.0,0.0
1993-05-07 00:00:00-04:00,2.3142245494732463,2.3266663551330566,2.3142245494732463,2.3266663551330566,3600,0.0,0.0
1993-05-10 00:00:00-04:00,2.3381732219211973,2.4507056287152262,2.3381732219211973,2.3506767749786377,48600,0.02556,0.0
1993-05-11 00:00:00-04:00,2.350675882909446,2.3569278717041016,2.350675882909446,2.3569278717041016,24300,0.0,0.0
1993-05-12 00:00:00-04:00,2.350675882909446,2.3569278717041016,2.350675882909446,2.3569278717041016,21600,0.0,0.0
1993-05-13 00:00:00-04:00,2.35067696235526,2.3756844997406006,2.35067696235526,2.3756844997406006,15300,0.0,0.0
1993-05-14 00:00:00-04:00,2.3756844997406006,2.3756844997406006,2.3756844997406006,2.3756844997406006,0,0.0,0.0
1993-05-17 00:00:00-04:00,2.3631795830205733,2.3819351196289062,2.3631795830205733,2.3819351196289062,46800,0.0,0.0
1993-05-18 00:00:00-04:00,2.35067696235526,2.3756844997406006,2.35067696235526,2.3756844997406006,9000,0.0,0.0
1993-05-19 00:00:00-04:00,2.3506767749786377,2.3506767749786377,2.3506767749786377,2.3506767749786377,900,0.0,0.0
1993-05-20 00:00:00-04:00,2.3506767749786377,2.3506767749786377,2.3506767749786377,2.3506767749786377,0,0.0,0.0
1993-05-21 00:00:00-04:00,2.3506767749786377,2.3506767749786377,2.3506767749786377,2.3506767749786377,0,0.0,0.0
1993-05-24 00:00:00-04:00,2.3381714820861816,2.3381714820861816,2.3381714820861816,2.3381714820861816,3600,0.0,0.0
1993-05-25 00:00:00-04:00,2.3381714820861816,2.3381714820861816,2.3381714820861816,2.3381714820861816,0,0.0,0.0
1993-05-26 00:00:00-04:00,2.3381714820861816,2.3381714820861816,2.3381714820861816,2.3381714820861816,25200,0.0,0.0
1993-05-27 00:00:00-04:00,2.3381714820861816,2.3381714820861816,2.3381714820861816,2.3381714820861816,9900,0.0,0.0
1993-05-28 00:00:00-04:00,2.3381722724222773,2.3819351196289062,2.3381722724222773,2.3819351196289062,9900,0.0,0.0
1993-06-01 00:00:00-04:00,2.3819351196289062,2.3819351196289062,2.3819351196289062,2.3819351196289062,0,0.0,0.0
1993-06-02 00:00:00-04:00,2.3819351196289062,2.3819351196289062,2.3819351196289062,2.3819351196289062,0,0.0,0.0
1993-06-03 00:00:00-04:00,2.3506767749786377,2.3506767749786377,2.3506767749786377,2.3506767749786377,900,0.0,0.0
1993-06-04 00:00:00-04:00,2.350675882909446,2.381935182967371,2.350675882909446,2.3569278717041016,142200,0.0,0.0
1993-06-07 00:00:00-04:00,2.3569278717041016,2.3569278717041016,2.3569278717041016,2.3569278717041016,0,0.0,0.0
1993-06-08 00:00:00-04:00,2.338173729894902,2.338173729894902,2.313166618347168,2.313166618347168,19800,0.0,0.0
1993-06-09 00:00:00-04:00,2.3131652494099044,2.3194172382354736,2.3131652494099044,2.3194172382354736,5400,0.0,0.0
1993-06-10 00:00:00-04:00,2.313166182272691,2.400691270828247,2.313166182272691,2.400691270828247,20700,0.0,0.0
1993-06-11 00:00:00-04:00,2.338172346158373,2.338172346158373,2.3131652494099044,2.3194172382354736,14400,0.0,0.0
1993-06-14 00:00:00-04:00,2.3131652494099044,2.3756834205579804,2.3131652494099044,2.3194172382354736,13500,0.0,0.0
1993-06-15 00:00:00-04:00,2.313166618347168,2.313166618347168,2.313166618347168,2.313166618347168,2700,0.0,0.0
1993-06-16 00:00:00-04:00,2.313166618347168,2.313166618347168,2.313166618347168,2.313166618347168,1800,0.0,0.0
1993-06-17 00:00:00-04:00,2.325670388759614,2.325670388759614,2.313166618347168,2.313166618347168,3600,0.0,0.0
1993-06-18 00:00:00-04:00,2.313166618347168,2.338173729894902,2.313166618347168,2.313166618347168,31500,0.0,0.0
1993-06-21 00:00:00-04:00,2.313166618347168,2.313166618347168,2.313166618347168,2.313166618347168,1800,0.0,0.0
1993-06-22 00:00:00-04:00,2.313165121127948,2.3194171096067984,2.263150930404663,2.263150930404663,74700,0.0,0.0
1993-06-23 00:00:00-04:00,2.25064754486084,2.25064754486084,2.25064754486084,2.25064754486084,25200,0.0,0.0
1993-06-24 00:00:00-04:00,2.3506767749786377,2.3506767749786377,2.3506767749786377,2.3506767749786377,10800,0.0,0.0
1993-06-25 00:00:00-04:00,2.3506767749786377,2.3506767749786377,2.3506767749786377,2.3506767749786377,0,0.0,0.0
1993-06-28 00:00:00-04:00,2.3506767749786377,2.3506767749786377,2.3506767749786377,2.3506767749786377,0,0.0,0.0
1993-06-29 00:00:00-04:00,2.200634241104126,2.200634241104126,2.200634241104126,2.200634241104126,900,0.0,0.0
1993-06-30 00:00:00-04:00,2.313166675107397,2.313166675107397,2.200634241104126,2.200634241104126,266400,0.0,0.0
1993-07-01 00:00:00-04:00,2.200634241104126,2.200634241104126,2.200634241104126,2.200634241104126,0,0.0,0.0
1993-07-02 00:00:00-04:00,2.200634241104126,2.200634241104126,2.200634241104126,2.200634241104126,0,0.0,0.0
1993-07-06 00:00:00-04:00,2.2756550312042236,2.2756550312042236,2.2756550312042236,2.2756550312042236,900,0.0,0.0
1993-07-07 00:00:00-04:00,2.2756550312042236,2.2756550312042236,2.2756550312042236,2.2756550312042236,0,0.0,0.0
1993-07-08 00:00:00-04:00,2.2756550312042236,2.2756550312042236,2.2756550312042236,2.2756550312042236,0,0.0,0.0
1993-07-09 00:00:00-04:00,2.2506479982875134,2.288158655166626,2.2506479982875134,2.288158655166626,10800,0.0,0.0
1993-07-12 00:00:00-04:00,2.288158655166626,2.288158655166626,2.288158655166626,2.288158655166626,0,0.0,0.0
1993-07-13 00:00:00-04:00,2.2256401624975823,2.2256401624975823,2.1631224155426025,2.1631224155426025,29700,0.0,0.0
1993-07-14 00:00:00-04:00,2.1631224155426025,2.1631224155426025,2.1631224155426025,2.1631224155426025,1800,0.0,0.0
1993-07-15 00:00:00-04:00,2.1506192684173584,2.1506192684173584,2.1506192684173584,2.1506192684173584,1800,0.0,0.0
1993-07-16 00:00:00-04:00,2.2256401624975823,2.2256401624975823,2.1506188661516066,2.1631224155426025,21600,0.0,0.0
1993-07-19 00:00:00-04:00,2.1506192684173584,2.1506192684173584,2.1506192684173584,2.1506192684173584,11700,0.0,0.0
1993-07-20 00:00:00-04:00,2.1506192684173584,2.1506192684173584,2.1506192684173584,2.1506192684173584,0,0.0,0.0
1993-07-21 00:00:00-04:00,2.150618643183084,2.1756255247339817,2.150618643183084,2.1693737506866455,74700,0.0,0.0
1993-07-22 00:00:00-04:00,2.1506192684173584,2.1756261572383315,2.1506192684173584,2.1506192684173584,25200,0.0,0.0
1993-07-23 00:00:00-04:00,2.138115167617798,2.138115167617798,2.138115167617798,2.138115167617798,900,0.0,0.0
1993-07-26 00:00:00-04:00,2.163122481804294,2.163122481804294,2.138115167617798,2.138115167617798,9000,0.0,0.0
1993-07-27 00:00:00-04:00,2.138114829251949,2.1443666031495843,2.1256110668182373,2.1256110668182373,21600,0.0,0.0
1993-07-28 00:00:00-04:00,2.1256110668182373,2.1256110668182373,2.1256110668182373,2.1256110668182373,0,0.0,0.0
1993-07-29 00:00:00-04:00,2.1256110668182373,2.1256110668182373,2.1256110668182373,2.1256110668182373,0,0.0,0.0
1993-07-30 00:00:00-04:00,2.1381153695325725,2.1381153695325725,2.131863594055176,2.131863594055176,563400,0.0,0.0
1993-08-02 00:00:00-04:00,2.131863594055176,2.131863594055176,2.131863594055176,2.131863594055176,0,0.0,0.0
1993-08-03 00:00:00-04:00,2.100604675535215,2.100604675535215,2.075597359476812,2.0881009101867676,15300,0.0,0.0
1993-08-04 00:00:00-04:00,2.075597047805786,2.075597047805786,2.075597047805786,2.075597047805786,5400,0.0,0.0
1993-08-05 00:00:00-04:00,2.075597047805786,2.075597047805786,2.075597047805786,2.075597047805786,900,0.0,0.0
1993-08-06 00:00:00-04:00,2.075597047805786,2.075597047805786,2.075597047805786,2.075597047805786,0,0.0,0.0
1993-08-09 00:00:00-04:00,2.0871667861938477,2.0871667861938477,2.0871667861938477,2.0871667861938477,0,0.02556,0.0
1993-08-10 00:00:00-04:00,2.1123130321502686,2.1123130321502686,2.1123130321502686,2.1123130321502686,900,0.0,0.0
1993-08-11 00:00:00-04:00,2.0871667861938477,2.0871667861938477,2.0871667861938477,2.0871667861938477,1800,0.0,0.0
1993-08-12 00:00:00-04:00,2.0871667861938477,2.0871667861938477,2.0871667861938477,2.0871667861938477,1800,0.0,0.0
1993-08-13 00:00:00-04:00,2.0871667861938477,2.0871667861938477,2.0871667861938477,2.0871667861938477,3600,0.0,0.0
1993-08-16 00:00:00-04:00,2.187752968308395,2.187752968308395,2.0871667861938477,2.0871667861938477,3600,0.0,0.0
1993-08-17 00:00:00-04:00,2.0871667861938477,2.0871667861938477,2.0871667861938477,2.0871667861938477,0,0.0,0.0
1993-08-18 00:00:00-04:00,2.11231371742769,2.1311733722686768,2.0871670073582407,2.1311733722686768,165600,0.0,0.0
1993-08-19 00:00:00-04:00,2.1311733722686768,2.1311733722686768,2.1311733722686768,2.1311733722686768,0,0.0,0.0
1993-08-20 00:00:00-04:00,2.0997395737012785,2.1060264110565186,2.087166330660488,2.1060264110565186,351900,0.0,0.0
1993-08-23 00:00:00-04:00,2.1123130321502686,2.1123130321502686,2.1123130321502686,2.1123130321502686,900,0.0,0.0
1993-08-24 00:00:00-04:00,2.0871667861938477,2.0871667861938477,2.0871667861938477,2.0871667861938477,5400,0.0,0.0
1993-08-25 00:00:00-04:00,2.1374599933624268,2.1374599933624268,2.1374599933624268,2.1374599933624268,6300,0.0,0.0
1993-08-26 00:00:00-04:00,2.0871667861938477,2.0871667861938477,2.0871667861938477,2.0871667861938477,9000,0.0,0.0
1993-08-27 00:00:00-04:00,2.0871667861938477,2.0871667861938477,2.0871667861938477,2.0871667861938477,1800,0.0,0.0
1993-08-30 00:00:00-04:00,2.0871662873654286,2.0934529087554177,2.0745928287506104,2.0745928287506104,28800,0.0,0.0
1993-08-31 00:00:00-04:00,2.0745928287506104,2.0745928287506104,2.0745928287506104,2.0745928287506104,0,0.0,0.0
1993-09-01 00:00:00-04:00,2.0745928287506104,2.0745928287506104,2.0745928287506104,2.0745928287506104,0,0.0,0.0
1993-09-02 00:00:00-04:00,2.074592871365826,2.1123130321502686,2.074592871365826,2.1123130321502686,24300,0.0,0.0
1993-09-03 00:00:00-04:00,2.0745928287506104,2.0997395301454067,2.0745928287506104,2.0745928287506104,58500,0.0,0.0
1993-09-07 00:00:00-04:00,2.0745928287506104,2.0745928287506104,2.0745928287506104,2.0745928287506104,0,0.0,0.0
1993-09-08 00:00:00-04:00,2.0745926404387633,2.1877522468566895,2.0745926404387633,2.1877522468566895,11700,0.0,0.0
1993-09-09 00:00:00-04:00,2.1877522468566895,2.1877522468566895,2.0745926404387633,2.1877522468566895,8100,0.0,0.0
1993-09-10 00:00:00-04:00,2.1877522468566895,2.1877522468566895,2.1877522468566895,2.1877522468566895,900,0.0,0.0
1993-09-13 00:00:00-04:00,2.0745928287506104,2.0871662873654286,2.0745928287506104,2.0745928287506104,28800,0.0,0.0
1993-09-14 00:00:00-04:00,2.0745928287506104,2.0745928287506104,2.0745928287506104,2.0745928287506104,0,0.0,0.0
1993-09-15 00:00:00-04:00,2.131172880972917,2.131172880972917,2.0808796882629395,2.0808796882629395,18900,0.0,0.0
1993-09-16 00:00:00-04:00,2.0745928287506104,2.0745928287506104,2.0745928287506104,2.0745928287506104,16200,0.0,0.0
1993-09-17 00:00:00-04:00,2.1877522468566895,2.1877522468566895,2.1877522468566895,2.1877522468566895,2700,0.0,0.0
1993-09-20 00:00:00-04:00,2.1248865235487187,2.1248865235487187,2.0871667861938477,2.0871667861938477,9000,0.0,0.0
1993-09-21 00:00:00-04:00,2.0871667861938477,2.1060268707061747,2.0871667861938477,2.0871667861938477,15300,0.0,0.0
1993-09-22 00:00:00-04:00,2.0871667861938477,2.0871667861938477,2.0871667861938477,2.0871667861938477,9000,0.0,0.0
1993-09-23 00:00:00-04:00,2.0997400283813477,2.0997400283813477,2.0997400283813477,2.0997400283813477,13500,0.0,0.0
1993-09-24 00:00:00-04:00,2.1248858228283773,2.1877522468566895,2.1248858228283773,2.1877522468566895,15300,0.0,0.0
1993-09-27 00:00:00-04:00,2.1123130321502686,2.1123130321502686,2.1123130321502686,2.1123130321502686,1800,0.0,0.0
1993-09-28 00:00:00-04:00,2.1123130321502686,2.1123130321502686,2.1123130321502686,2.1123130321502686,0,0.0,0.0
1993-09-29 00:00:00-04:00,2.0871667861938477,2.0871667861938477,2.0871667861938477,2.0871667861938477,900,0.0,0.0
1993-09-30 00:00:00-04:00,2.175180196762085,2.175180196762085,2.175180196762085,2.175180196762085,1800,0.0,0.0
1993-10-01 00:00:00-04:00,2.175180196762085,2.175180196762085,2.175180196762085,2.175180196762085,0,0.0,0.0
1993-10-04 00:00:00-04:00,2.175180196762085,2.175180196762085,2.175180196762085,2.175180196762085,0,0.0,0.0
1993-10-05 00:00:00-04:00,2.175180196762085,2.175180196762085,2.175180196762085,2.175180196762085,0,0.0,0.0
1993-10-06 00:00:00-04:00,2.1123130321502686,2.1123130321502686,2.1123130321502686,2.1123130321502686,2700,0.0,0.0
1993-10-07 00:00:00-04:00,2.1123130321502686,2.1123130321502686,2.1123130321502686,2.1123130321502686,0,0.0,0.0
1993-10-08 00:00:00-04:00,2.1123130321502686,2.1123130321502686,2.1123130321502686,2.1123130321502686,2700,0.0,0.0
1993-10-11 00:00:00-04:00,2.0997400283813477,2.0997400283813477,2.0997400283813477,2.0997400283813477,1800,0.0,0.0
1993-10-12 00:00:00-04:00,2.099739573277173,2.1123130321502686,2.099739573277173,2.1123130321502686,19800,0.0,0.0
1993-10-13 00:00:00-04:00,2.1123130321502686,2.1123130321502686,2.1123130321502686,2.1123130321502686,0,0.0,0.0
1993-10-14 00:00:00-04:00,2.1123130321502686,2.1123130321502686,2.1123130321502686,2.1123130321502686,0,0.0,0.0
1993-10-15 00:00:00-04:00,2.1123130321502686,2.1123130321502686,2.1123130321502686,2.1123130321502686,0,0.0,0.0
1993-10-18 00:00:00-04:00,2.0997400283813477,2.0997400283813477,2.0997400283813477,2.0997400283813477,8100,0.0,0.0
1993-10-19 00:00:00-04:00,2.0997400283813477,2.0997400283813477,2.0997400283813477,2.0997400283813477,1800,0.0,0.0
1993-10-20 00:00:00-04:00,2.099740036467689,2.1500332355499268,2.099740036467689,2.1500332355499268,24300,0.0,0.0
1993-10-21 00:00:00-04:00,2.1500332355499268,2.1500332355499268,2.1500332355499268,2.1500332355499268,0,0.0,0.0
1993-10-22 00:00:00-04:00,2.1123130321502686,2.1123130321502686,2.1123130321502686,2.1123130321502686,1800,0.0,0.0
1993-10-25 00:00:00-04:00,2.1123130321502686,2.1123130321502686,2.1123130321502686,2.1123130321502686,900,0.0,0.0
1993-10-26 00:00:00-04:00,2.1123130321502686,2.1123130321502686,2.1123130321502686,2.1123130321502686,1800,0.0,0.0
1993-10-27 00:00:00-04:00,2.124886528091362,2.1500332355499268,2.1123134981144176,2.1500332355499268,24300,0.0,0.0
1993-10-28 00:00:00-04:00,2.1626067015572517,2.212899684906006,2.1626067015572517,2.212899684906006,1800,0.0,0.0
1993-10-29 00:00:00-04:00,2.175179496775331,2.2631924152374268,2.175179496775331,2.2631924152374268,6300,0.0,0.0
1993-11-01 00:00:00-05:00,2.2631931488752137,2.2631931488752137,2.162606954574585,2.162606954574585,2700,0.0,0.0
1993-11-02 00:00:00-05:00,2.162608307178116,2.2380478382110596,2.1500348361709056,2.2380478382110596,9000,0.0,0.0
1993-11-03 00:00:00-05:00,2.1500322828491063,2.2380451803674575,2.1500322828491063,2.1563189029693604,34200,0.0,0.0
1993-11-04 00:00:00-05:00,2.2380478382110596,2.2380478382110596,2.2380478382110596,2.2380478382110596,900,0.0,0.0
1993-11-05 00:00:00-05:00,2.15003323988517,2.212899684906006,2.15003323988517,2.212899684906006,7200,0.0,0.0
1993-11-08 00:00:00-05:00,2.1500322828491063,2.1563189029693604,2.1500322828491063,2.1563189029693604,4500,0.0,0.0
1993-11-09 00:00:00-05:00,2.1500322828491063,2.1563189029693604,2.1500322828491063,2.1563189029693604,32400,0.0,0.0
1993-11-10 00:00:00-05:00,2.1500322828491063,2.1563189029693604,2.1500322828491063,2.1563189029693604,1800,0.0,0.0
1993-11-11 00:00:00-05:00,2.1563189029693604,2.1563189029693604,2.1563189029693604,2.1563189029693604,0,0.0,0.0
1993-11-12 00:00:00-05:00,2.1500332355499268,2.1500332355499268,2.1500332355499268,2.1500332355499268,900,0.0,0.0
1993-11-15 00:00:00-05:00,2.2988231468743834,2.2988231468743834,2.259188413619995,2.259188413619995,4500,0.2295,0.0
1993-11-16 00:00:00-05:00,2.2591872994802413,2.2657930850982666,2.2591872994802413,2.2657930850982666,10800,0.0,0.0
1993-11-17 00:00:00-05:00,2.2591872994802413,2.2657930850982666,2.2591872994802413,2.2657930850982666,1800,0.0,0.0
1993-11-18 00:00:00-05:00,2.259186835140888,2.2856101989746094,2.259186835140888,2.2856101989746094,96300,0.0,0.0
1993-11-19 00:00:00-05:00,2.2856101989746094,2.2856101989746094,2.2856101989746094,2.2856101989746094,0,0.0,0.0
1993-11-22 00:00:00-05:00,2.245974857855478,2.2856100137909943,2.2327632904052734,2.2327632904052734,159300,0.0,0.0
1993-11-23 00:00:00-05:00,2.259186203376599,2.272397994995117,2.259186203376599,2.272397994995117,150300,0.0,0.0
1993-11-24 00:00:00-05:00,2.2327632904052734,2.2327632904052734,2.2327632904052734,2.2327632904052734,1800,0.0,0.0
1993-11-26 00:00:00-05:00,2.2327632904052734,2.2327632904052734,2.2327632904052734,2.2327632904052734,0,0.0,0.0
1993-11-29 00:00:00-05:00,2.2327632904052734,2.2327632904052734,2.2327632904052734,2.2327632904052734,0,0.0,0.0
1993-11-30 00:00:00-05:00,2.2327632904052734,2.2393690741303756,2.2327632904052734,2.2327632904052734,13500,0.0,0.0
1993-12-01 00:00:00-05:00,2.272397994995117,2.272397994995117,2.272397994995117,2.272397994995117,4500,0.0,0.0
1993-12-02 00:00:00-05:00,2.2327632904052734,2.2327632904052734,2.2327632904052734,2.2327632904052734,900,0.0,0.0
1993-12-03 00:00:00-05:00,2.2327645585922156,2.239370346069336,2.2327645585922156,2.239370346069336,5400,0.0,0.0
1993-12-06 00:00:00-05:00,2.239370346069336,2.239370346069336,2.239370346069336,2.239370346069336,0,0.0,0.0
1993-12-07 00:00:00-05:00,2.2459755837219912,2.2525815963745117,2.2459755837219912,2.2525815963745117,117000,0.0,0.0
1993-12-08 00:00:00-05:00,2.2327632904052734,2.2327632904052734,2.2327632904052734,2.2327632904052734,1800,0.0,0.0
1993-12-09 00:00:00-05:00,2.245974411758081,2.272397994995117,2.245974411758081,2.272397994995117,62100,0.0,0.0
1993-12-10 00:00:00-05:00,2.2327645585922156,2.239370346069336,2.2327645585922156,2.239370346069336,17100,0.0,0.0
1993-12-13 00:00:00-05:00,2.244951009750366,2.2648767635733114,2.244951009750366,2.244951009750366,9000,0.02556,0.0
1993-12-14 00:00:00-05:00,2.2449519833898717,2.251593828201294,2.2449519833898717,2.251593828201294,99900,0.0,0.0
1993-12-15 00:00:00-05:00,2.3113694598274144,2.3113694598274144,2.2582345008850098,2.2582345008850098,19800,0.0,0.0
1993-12-16 00:00:00-05:00,2.2449519833898717,2.2715195906660766,2.2449519833898717,2.251593828201294,63000,0.0,0.0
1993-12-17 00:00:00-05:00,2.298087197942282,2.298087197942282,2.2449519833898717,2.251593828201294,18000,0.0,0.0
1993-12-20 00:00:00-05:00,2.284801721572876,2.284801721572876,2.284801721572876,2.284801721572876,900,0.0,0.0
1993-12-21 00:00:00-05:00,2.2449510879814696,2.2648768424987793,2.2449510879814696,2.2648768424987793,378000,0.0,0.0
1993-12-22 00:00:00-05:00,2.244951009750366,2.244951009750366,2.244951009750366,2.244951009750366,4500,0.0,0.0
1993-12-23 00:00:00-05:00,2.244951009750366,2.244951009750366,2.244951009750366,2.244951009750366,0,0.0,0.0
1993-12-27 00:00:00-05:00,2.244951009750366,2.244951009750366,2.244951009750366,2.244951009750366,0,0.0,0.0
1993-12-28 00:00:00-05:00,2.244951009750366,2.3113696570892133,2.244951009750366,2.244951009750366,7200,0.0,0.0
1993-12-29 00:00:00-05:00,2.3113696570892133,2.3113696570892133,2.244951009750366,2.244951009750366,2700,0.0,0.0
1993-12-30 00:00:00-05:00,2.244951009750366,2.244951009750366,2.244951009750366,2.244951009750366,0,0.0,0.0
1993-12-31 00:00:00-05:00,2.244951009750366,2.244951009750366,2.244951009750366,2.244951009750366,4500,0.0,0.0
1994-01-03 00:00:00-05:00,2.244951009750366,2.244951009750366,2.244951009750366,2.244951009750366,0,0.0,0.0
1994-01-04 00:00:00-05:00,2.244951009750366,2.244951009750366,2.244951009750366,2.244951009750366,0,0.0,0.0
1994-01-05 00:00:00-05:00,2.2582345008850098,2.2582345008850098,2.2582345008850098,2.2582345008850098,1800,0.0,0.0
1994-01-06 00:00:00-05:00,2.271519184112549,2.271519184112549,2.271519184112549,2.271519184112549,900,0.0,0.0
1994-01-07 00:00:00-05:00,2.364504814147949,2.364504814147949,2.364504814147949,2.364504814147949,4500,0.0,0.0
1994-01-10 00:00:00-05:00,2.364504814147949,2.364504814147949,2.364504814147949,2.364504814147949,0,0.0,0.0
1994-01-11 00:00:00-05:00,2.364504814147949,2.364504814147949,2.364504814147949,2.364504814147949,0,0.0,0.0
1994-01-12 00:00:00-05:00,2.2582345008850098,2.2582345008850098,2.2582345008850098,2.2582345008850098,900,0.0,0.0
1994-01-13 00:00:00-05:00,2.2582345008850098,2.2582345008850098,2.2582345008850098,2.2582345008850098,0,0.0,0.0
1994-01-14 00:00:00-05:00,2.2582345008850098,2.2582345008850098,2.2582345008850098,2.2582345008850098,1800,0.0,0.0
1994-01-17 00:00:00-05:00,2.3645037969818206,2.3645037969818206,2.284801721572876,2.284801721572876,2700,0.0,0.0
1994-01-18 00:00:00-05:00,2.2582345008850098,2.2582345008850098,2.2582345008850098,2.2582345008850098,6300,0.0,0.0
1994-01-19 00:00:00-05:00,2.2582345008850098,2.2582345008850098,2.2582345008850098,2.2582345008850098,0,0.0,0.0
1994-01-20 00:00:00-05:00,2.2582345008850098,2.2582345008850098,2.2582345008850098,2.2582345008850098,3600,0.0,0.0
1994-01-21 00:00:00-05:00,2.2582345008850098,2.2582345008850098,2.2582345008850098,2.2582345008850098,1800,0.0,0.0
1994-01-24 00:00:00-05:00,2.2582345008850098,2.2582345008850098,2.2582345008850098,2.2582345008850098,900,0.0,0.0
1994-01-25 00:00:00-05:00,2.258235159904875,2.3113701343536377,2.258235159904875,2.3113701343536377,24300,0.0,0.0
1994-01-26 00:00:00-05:00,2.3113701343536377,2.3113701343536377,2.3113701343536377,2.3113701343536377,0,0.0,0.0
1994-01-27 00:00:00-05:00,2.258235159904875,2.3113701343536377,2.258235159904875,2.3113701343536377,4500,0.0,0.0
1994-01-28 00:00:00-05:00,2.3113701343536377,2.3113701343536377,2.3113701343536377,2.3113701343536377,0,0.0,0.0
1994-01-31 00:00:00-05:00,2.3113701343536377,2.3113701343536377,2.3113701343536377,2.3113701343536377,0,0.0,0.0
1994-02-01 00:00:00-05:00,2.284801721572876,2.284801721572876,2.284801721572876,2.284801721572876,9900,0.0,0.0
1994-02-02 00:00:00-05:00,2.284801721572876,2.284801721572876,2.284801721572876,2.284801721572876,0,0.0,0.0
1994-02-03 00:00:00-05:00,2.284801721572876,2.284801721572876,2.284801721572876,2.284801721572876,900,0.0,0.0
1994-02-04 00:00:00-05:00,2.2848020086408605,2.2980856895446777,2.2848020086408605,2.2980856895446777,61200,0.0,0.0
1994-02-07 00:00:00-05:00,2.284801984386664,2.2914438247680664,2.284801984386664,2.2914438247680664,12600,0.0,0.0
1994-02-08 00:00:00-05:00,2.284801984386664,2.2914438247680664,2.284801984386664,2.2914438247680664,9000,0.0,0.0
1994-02-09 00:00:00-05:00,2.2980856895446777,2.2980856895446777,2.2980856895446777,2.2980856895446777,135000,0.0,0.0
1994-02-10 00:00:00-05:00,2.2980856895446777,2.2980856895446777,2.2980856895446777,2.2980856895446777,0,0.0,0.0
1994-02-11 00:00:00-05:00,2.2980856895446777,2.2980856895446777,2.2980856895446777,2.2980856895446777,0,0.0,0.0
1994-02-14 00:00:00-05:00,2.3103742599487305,2.3103742599487305,2.3103742599487305,2.3103742599487305,0,0.02556,0.0
1994-02-15 00:00:00-05:00,2.3103742599487305,2.3103742599487305,2.3103742599487305,2.3103742599487305,0,0.0,0.0
1994-02-16 00:00:00-05:00,2.297021081789024,2.337085247039795,2.297021081789024,2.337085247039795,18000,0.0,0.0
1994-02-17 00:00:00-05:00,2.256955210709705,2.2703099250793457,2.256955210709705,2.2703099250793457,135000,0.0,0.0
1994-02-18 00:00:00-05:00,2.377148389816284,2.377148389816284,2.377148389816284,2.377148389816284,900,0.0,0.0
1994-02-22 00:00:00-05:00,2.377148389816284,2.377148389816284,2.377148389816284,2.377148389816284,0,0.0,0.0
1994-02-23 00:00:00-05:00,2.377148389816284,2.377148389816284,2.377148389816284,2.377148389816284,0,0.0,0.0
1994-02-24 00:00:00-05:00,2.3504385948181152,2.3504385948181152,2.3504385948181152,2.3504385948181152,3600,0.0,0.0
1994-02-25 00:00:00-05:00,2.3504385948181152,2.3504385948181152,2.3504385948181152,2.3504385948181152,0,0.0,0.0
1994-02-28 00:00:00-05:00,2.3504385948181152,2.3504385948181152,2.3504385948181152,2.3504385948181152,0,0.0,0.0
1994-03-01 00:00:00-05:00,2.3504385948181152,2.3504385948181152,2.3504385948181152,2.3504385948181152,0,0.0,0.0
1994-03-02 00:00:00-05:00,2.3504385948181152,2.3504385948181152,2.3504385948181152,2.3504385948181152,0,0.0,0.0
1994-03-03 00:00:00-05:00,2.25695538520813,2.25695538520813,2.25695538520813,2.25695538520813,22500,0.0,0.0
1994-03-04 00:00:00-05:00,2.25695538520813,2.270310100610302,2.25695538520813,2.25695538520813,186300,0.0,0.0
1994-03-07 00:00:00-05:00,2.2569563674203152,2.2636337280273438,2.2569563674203152,2.2636337280273438,27000,0.0,0.0
1994-03-08 00:00:00-05:00,2.2636326246123852,2.330406427383423,2.256955267260256,2.330406427383423,14400,0.0,0.0
1994-03-09 00:00:00-05:00,2.2970207811578622,2.323729991912842,2.2569561626509635,2.323729991912842,181800,0.0,0.0
1994-03-10 00:00:00-05:00,2.2569544509090624,2.303696393966675,2.2569544509090624,2.303696393966675,45000,0.0,0.0
1994-03-11 00:00:00-05:00,2.303696393966675,2.303696393966675,2.303696393966675,2.303696393966675,0,0.0,0.0
1994-03-14 00:00:00-05:00,2.25695538520813,2.2970199899141623,2.25695538520813,2.25695538520813,453600,0.0,0.0
1994-03-15 00:00:00-05:00,2.25695538520813,2.25695538520813,2.25695538520813,2.25695538520813,0,0.0,0.0
1994-03-16 00:00:00-05:00,2.3504385948181152,2.3504385948181152,2.3504385948181152,2.3504385948181152,900,0.0,0.0
1994-03-17 00:00:00-05:00,2.3504385948181152,2.3504385948181152,2.3504385948181152,2.3504385948181152,0,0.0,0.0
1994-03-18 00:00:00-05:00,2.2168915271759033,2.2168915271759033,2.2168915271759033,2.2168915271759033,2700,0.0,0.0
1994-03-21 00:00:00-05:00,2.2168925359250804,2.2302472591400146,2.2168925359250804,2.2302472591400146,4500,0.0,0.0
1994-03-22 00:00:00-05:00,2.2302472591400146,2.2302472591400146,2.2302472591400146,2.2302472591400146,9000,0.0,0.0
1994-03-23 00:00:00-05:00,2.2302472591400146,2.2302472591400146,2.2302472591400146,2.2302472591400146,900,0.0,0.0
1994-03-24 00:00:00-05:00,2.2436001300811768,2.2436001300811768,2.2436001300811768,2.2436001300811768,1800,0.0,0.0
1994-03-25 00:00:00-05:00,2.230246107202257,2.2436010527691606,2.230246107202257,2.2369236946105957,18900,0.0,0.0
1994-03-28 00:00:00-05:00,2.2369236946105957,2.2369236946105957,2.2369236946105957,2.2369236946105957,0,0.0,0.0
1994-03-29 00:00:00-05:00,2.2369236946105957,2.2369236946105957,2.2369236946105957,2.2369236946105957,0,0.0,0.0
1994-03-30 00:00:00-05:00,2.2369236946105957,2.2369236946105957,2.2369236946105957,2.2369236946105957,0,0.0,0.0
1994-03-31 00:00:00-05:00,2.2369236946105957,2.2369236946105957,2.2369236946105957,2.2369236946105957,0,0.0,0.0
1994-04-04 00:00:00-04:00,2.216890920728903,2.243600576948376,2.1768267802742813,2.1901814937591553,49500,0.0,0.0
1994-04-05 00:00:00-04:00,2.1901814937591553,2.1901814937591553,2.1901814937591553,2.1901814937591553,0,0.0,0.0
1994-04-06 00:00:00-04:00,2.1634724140167236,2.1634724140167236,2.1634724140167236,2.1634724140167236,1800,0.0,0.0
1994-04-07 00:00:00-04:00,2.176826238632202,2.176826238632202,2.176826238632202,2.176826238632202,3600,0.0,0.0
1994-04-08 00:00:00-04:00,2.2168915271759033,2.2168915271759033,2.2168915271759033,2.2168915271759033,97200,0.0,0.0
1994-04-11 00:00:00-04:00,2.2703099250793457,2.2703099250793457,2.2703099250793457,2.2703099250793457,900,0.0,0.0
1994-04-12 00:00:00-04:00,2.2703099250793457,2.2703099250793457,2.2703099250793457,2.2703099250793457,0,0.0,0.0
1994-04-13 00:00:00-04:00,2.176827375761438,2.2168915271759033,2.176827375761438,2.2168915271759033,37800,0.0,0.0
1994-04-14 00:00:00-04:00,2.2168915271759033,2.2168915271759033,2.2168915271759033,2.2168915271759033,0,0.0,0.0
1994-04-15 00:00:00-04:00,2.2836653421164668,2.29702028850441,2.163472429373495,2.2168915271759033,164700,0.0,0.0
1994-04-18 00:00:00-04:00,2.2168915271759033,2.2168915271759033,2.2168915271759033,2.2168915271759033,0,0.0,0.0
1994-04-19 00:00:00-04:00,2.1634718375396824,2.1901814937591553,2.1634718375396824,2.1901814937591553,3600,0.0,0.0
1994-04-20 00:00:00-04:00,2.1901814937591553,2.1901814937591553,2.1901814937591553,2.1901814937591553,0,0.0,0.0
1994-04-21 00:00:00-04:00,2.1634718375396824,2.243600576948376,2.1634718375396824,2.1901814937591553,13500,0.0,0.0
1994-04-22 00:00:00-04:00,2.110052229323219,2.176826238632202,2.110052229323219,2.176826238632202,8100,0.0,0.0
1994-04-25 00:00:00-04:00,2.170149564743042,2.170149564743042,2.170149564743042,2.170149564743042,2700,0.0,0.0
1994-04-26 00:00:00-04:00,2.170149564743042,2.170149564743042,2.170149564743042,2.170149564743042,900,0.0,0.0
1994-04-28 00:00:00-04:00,2.110053777694702,2.113392343060212,2.110053777694702,2.110053777694702,7200,0.0,0.0
1994-04-29 00:00:00-04:00,2.110053777694702,2.110053777694702,2.110053777694702,2.110053777694702,0,0.0,0.0
1994-05-02 00:00:00-04:00,2.110053777694702,2.110053777694702,2.110053777694702,2.110053777694702,0,0.0,0.0
1994-05-03 00:00:00-04:00,2.123408328190455,2.243601243776715,2.123408328190455,2.126746892929077,10800,0.0,0.0
1994-05-04 00:00:00-04:00,2.126746892929077,2.126746892929077,2.126746892929077,2.126746892929077,0,0.0,0.0
1994-05-05 00:00:00-04:00,2.126746892929077,2.126746892929077,2.126746892929077,2.126746892929077,0,0.0,0.0
1994-05-06 00:00:00-04:00,2.110053777694702,2.110053777694702,2.110053777694702,2.110053777694702,900,0.0,0.0
1994-05-09 00:00:00-04:00,2.1224138736724854,2.1224138736724854,2.1224138736724854,2.1224138736724854,0,0.02556,0.0
1994-05-10 00:00:00-04:00,2.1224138736724854,2.1224138736724854,2.1224138736724854,2.1224138736724854,3600,0.0,0.0
1994-05-11 00:00:00-04:00,2.1224128463016236,2.2567429542541504,2.1224128463016236,2.2567429542541504,9900,0.0,0.0
1994-05-12 00:00:00-04:00,2.2567429542541504,2.2567429542541504,2.2567429542541504,2.2567429542541504,0,0.0,0.0
1994-05-13 00:00:00-04:00,2.2567429542541504,2.2567429542541504,2.2567429542541504,2.2567429542541504,0,0.0,0.0
1994-05-16 00:00:00-04:00,2.1224138776192962,2.125771999359131,2.1224138776192962,2.125771999359131,1800,0.0,0.0
1994-05-17 00:00:00-04:00,2.1224138736724854,2.1224138736724854,2.1224138736724854,2.1224138736724854,900,0.0,0.0
1994-05-18 00:00:00-04:00,2.1224138736724854,2.1224138736724854,2.1224138736724854,2.1224138736724854,0,0.0,0.0
1994-05-19 00:00:00-04:00,2.122413675796114,2.1358468532562256,2.122413675796114,2.1358468532562256,10800,0.0,0.0
1994-05-20 00:00:00-04:00,2.2567429542541504,2.2567429542541504,2.2567429542541504,2.2567429542541504,9000,0.0,0.0
1994-05-23 00:00:00-04:00,2.1224138736724854,2.1224138736724854,2.1224138736724854,2.1224138736724854,900,0.0,0.0
1994-05-24 00:00:00-04:00,2.124092851802715,2.1358468532562256,2.124092851802715,2.1358468532562256,7200,0.0,0.0
1994-05-25 00:00:00-04:00,2.1358468532562256,2.1358468532562256,2.1358468532562256,2.1358468532562256,0,0.0,0.0
1994-05-26 00:00:00-04:00,2.1358468532562256,2.1358468532562256,2.1358468532562256,2.1358468532562256,0,0.0,0.0
1994-05-27 00:00:00-04:00,2.1358468532562256,2.1358468532562256,2.1358468532562256,2.1358468532562256,0,0.0,0.0
1994-05-31 00:00:00-04:00,2.1240930557250977,2.1240930557250977,2.1240930557250977,2.1240930557250977,2700,0.0,0.0
1994-06-01 00:00:00-04:00,2.1240930557250977,2.1240930557250977,2.1240930557250977,2.1240930557250977,0,0.0,0.0
1994-06-02 00:00:00-04:00,2.216444969177246,2.216444969177246,2.216444969177246,2.216444969177246,4500,0.0,0.0
1994-06-03 00:00:00-04:00,2.216444969177246,2.216444969177246,2.216444969177246,2.216444969177246,0,0.0,0.0
1994-06-06 00:00:00-04:00,2.216444969177246,2.216444969177246,2.216444969177246,2.216444969177246,0,0.0,0.0
1994-06-07 00:00:00-04:00,2.216444969177246,2.216444969177246,2.216444969177246,2.216444969177246,0,0.0,0.0
1994-06-08 00:00:00-04:00,2.1224138736724854,2.1224138736724854,2.1224138736724854,2.1224138736724854,2700,0.0,0.0
1994-06-09 00:00:00-04:00,2.1224138736724854,2.1224138736724854,2.1224138736724854,2.1224138736724854,5400,0.0,0.0
1994-06-10 00:00:00-04:00,2.122413611236668,2.2030117511749268,2.122413611236668,2.2030117511749268,11700,0.0,0.0
1994-06-13 00:00:00-04:00,2.2567429542541504,2.2567429542541504,2.2567429542541504,2.2567429542541504,900,0.0,0.0
1994-06-14 00:00:00-04:00,2.1224138736724854,2.1224138736724854,2.1224138736724854,2.1224138736724854,13500,0.0,0.0
1994-06-15 00:00:00-04:00,2.1224138736724854,2.1224138736724854,2.1224138736724854,2.1224138736724854,0,0.0,0.0
1994-06-16 00:00:00-04:00,2.1224138736724854,2.1224138736724854,2.1224138736724854,2.1224138736724854,0,0.0,0.0
1994-06-17 00:00:00-04:00,2.2567440466485724,2.2567440466485724,2.1224138736724854,2.1224138736724854,26100,0.0,0.0
1994-06-20 00:00:00-04:00,2.1224138776192962,2.125771999359131,2.1224138776192962,2.125771999359131,24300,0.0,0.0
1994-06-21 00:00:00-04:00,2.122413611236668,2.2030117511749268,2.122413611236668,2.2030117511749268,5400,0.0,0.0
1994-06-22 00:00:00-04:00,2.206370145310271,2.206370145310271,2.1224138736724854,2.1224138736724854,52200,0.0,0.0
1994-06-23 00:00:00-04:00,2.1224138736724854,2.1224138736724854,2.1224138736724854,2.1224138736724854,0,0.0,0.0
1994-06-24 00:00:00-04:00,2.1224138736724854,2.1224138736724854,2.1224138736724854,2.1224138736724854,0,0.0,0.0
1994-06-27 00:00:00-04:00,2.1224138736724854,2.1224138736724854,2.1224138736724854,2.1224138736724854,0,0.0,0.0
1994-06-28 00:00:00-04:00,2.176144843364113,2.2567429542541504,2.176144843364113,2.2567429542541504,5400,0.0,0.0
1994-06-29 00:00:00-04:00,2.1895782947540283,2.1895782947540283,2.1895782947540283,2.1895782947540283,900,0.0,0.0
1994-06-30 00:00:00-04:00,2.256743836248363,2.256743836248363,2.122413675796114,2.1358468532562256,134100,0.0,0.0
1994-07-01 00:00:00-04:00,2.1895788697686838,2.2298777103424072,2.1895788697686838,2.2298777103424072,20700,0.0,0.0
1994-07-05 00:00:00-04:00,2.2298777103424072,2.2298777103424072,2.2298777103424072,2.2298777103424072,0,0.0,0.0
1994-07-06 00:00:00-04:00,2.3239080905914307,2.3239080905914307,2.3239080905914307,2.3239080905914307,3600,0.0,0.0
1994-07-07 00:00:00-04:00,2.3239080905914307,2.3239080905914307,2.3239080905914307,2.3239080905914307,0,0.0,0.0
1994-07-08 00:00:00-04:00,2.2030117511749268,2.2030117511749268,2.2030117511749268,2.2030117511749268,5400,0.0,0.0
1994-07-11 00:00:00-04:00,2.3239091440960378,2.3239091440960378,2.1895791944146485,2.270176887512207,41400,0.0,0.0
1994-07-12 00:00:00-04:00,2.1895791944146485,2.270176887512207,2.1895791944146485,2.270176887512207,6300,0.0,0.0
1994-07-13 00:00:00-04:00,2.270176887512207,2.270176887512207,2.270176887512207,2.270176887512207,0,0.0,0.0
1994-07-14 00:00:00-04:00,2.2298777103424072,2.2298777103424072,2.2298777103424072,2.2298777103424072,18000,0.0,0.0
1994-07-15 00:00:00-04:00,2.2298777103424072,2.2298777103424072,2.2298777103424072,2.2298777103424072,0,0.0,0.0
1994-07-18 00:00:00-04:00,2.310474940817754,2.3642067070434796,2.310474940817754,2.3373405933380127,160200,0.0,0.0
1994-07-19 00:00:00-04:00,2.3373405933380127,2.3373405933380127,2.3373405933380127,2.3373405933380127,0,0.0,0.0
1994-07-20 00:00:00-04:00,2.3642075061798096,2.3642075061798096,2.3239086678889254,2.3642075061798096,10800,0.0,0.0
1994-07-21 00:00:00-04:00,2.3642075061798096,2.3642075061798096,2.3642075061798096,2.3642075061798096,0,0.0,0.0
1994-07-22 00:00:00-04:00,2.337341362507364,2.44480562210083,2.337341362507364,2.44480562210083,18000,0.0,0.0
1994-07-25 00:00:00-04:00,2.44480562210083,2.44480562210083,2.44480562210083,2.44480562210083,0,0.0,0.0
1994-07-26 00:00:00-04:00,2.3373415045918273,2.4112231731414795,2.3373415045918273,2.4112231731414795,17100,0.0,0.0
1994-07-27 00:00:00-04:00,2.4112239919613594,2.4112239919613594,2.3507754802703857,2.3507754802703857,9900,0.0,0.0
1994-07-28 00:00:00-04:00,2.337342148044304,2.3910741806030273,2.337342148044304,2.3910741806030273,45900,0.0,0.0
1994-07-29 00:00:00-04:00,2.3910741806030273,2.3910741806030273,2.3910741806030273,2.3910741806030273,17100,0.0,0.0
1994-08-01 00:00:00-04:00,2.3910725901563423,2.3910725901563423,2.3373405933380127,2.3373405933380127,18900,0.0,0.0
1994-08-02 00:00:00-04:00,2.3373405933380127,2.3373405933380127,2.3373405933380127,2.3373405933380127,0,0.0,0.0
1994-08-03 00:00:00-04:00,2.3390207290649414,2.3390207290649414,2.3390207290649414,2.3390207290649414,1800,0.0,0.0
1994-08-04 00:00:00-04:00,2.3390207290649414,2.3390207290649414,2.3390207290649414,2.3390207290649414,0,0.0,0.0
1994-08-05 00:00:00-04:00,2.3390207290649414,2.3390207290649414,2.3390207290649414,2.3390207290649414,0,0.0,0.0
1994-08-08 00:00:00-04:00,2.403776168823242,2.403776168823242,2.403776168823242,2.403776168823242,12600,0.02556,0.0
1994-08-09 00:00:00-04:00,2.349759578704834,2.349759578704834,2.349759578704834,2.349759578704834,1800,0.0,0.0
1994-08-10 00:00:00-04:00,2.390272617340088,2.390272617340088,2.390272617340088,2.390272617340088,4500,0.0,0.0
1994-08-11 00:00:00-04:00,2.363263127832229,2.444289445877075,2.363263127832229,2.444289445877075,5400,0.0,0.0
1994-08-12 00:00:00-04:00,2.444289445877075,2.444289445877075,2.444289445877075,2.444289445877075,0,0.0,0.0
1994-08-15 00:00:00-04:00,2.4375359638495615,2.498305559158325,2.4375359638495615,2.498305559158325,9000,0.0,0.0
1994-08-16 00:00:00-04:00,2.4037767976768465,2.430785655975342,2.4037767976768465,2.430785655975342,3600,0.0,0.0
1994-08-17 00:00:00-04:00,2.4307855553846487,2.4307855553846487,2.390272617340088,2.390272617340088,23400,0.0,0.0
1994-08-18 00:00:00-04:00,2.3902711737834963,2.4375362396240234,2.3902711737834963,2.4375362396240234,37800,0.0,0.0
1994-08-19 00:00:00-04:00,2.4240319350981583,2.4375362396240234,2.4240319350981583,2.4375362396240234,9000,0.0,0.0
1994-08-22 00:00:00-04:00,2.4375362396240234,2.4375362396240234,2.4375362396240234,2.4375362396240234,0,0.0,0.0
1994-08-23 00:00:00-04:00,2.4375362396240234,2.4375362396240234,2.4375362396240234,2.4375362396240234,0,0.0,0.0
1994-08-24 00:00:00-04:00,2.4375362396240234,2.4375362396240234,2.4375362396240234,2.4375362396240234,0,0.0,0.0
1994-08-25 00:00:00-04:00,2.3902720484449818,2.417280435562134,2.3902720484449818,2.417280435562134,9000,0.0,0.0
1994-08-26 00:00:00-04:00,2.390272617340088,2.390272617340088,2.390272617340088,2.390272617340088,1800,0.0,0.0
1994-08-29 00:00:00-04:00,2.417281010885353,2.417281010885353,2.390272617340088,2.390272617340088,3600,0.0,0.0
1994-08-30 00:00:00-04:00,2.390272617340088,2.390272617340088,2.390272617340088,2.390272617340088,0,0.0,0.0
1994-08-31 00:00:00-04:00,2.498305559158325,2.498305559158325,2.498305559158325,2.498305559158325,900,0.0,0.0
1994-09-01 00:00:00-04:00,2.417280435562134,2.417280435562134,2.417280435562134,2.417280435562134,900,0.0,0.0
1994-09-02 00:00:00-04:00,2.417280435562134,2.417280435562134,2.417280435562134,2.417280435562134,0,0.0,0.0
1994-09-06 00:00:00-04:00,2.4375362396240234,2.4375362396240234,2.4375362396240234,2.4375362396240234,4500,0.0,0.0
1994-09-07 00:00:00-04:00,2.403776168823242,2.403776168823242,2.403776168823242,2.403776168823242,2700,0.0,0.0
1994-09-08 00:00:00-04:00,2.403776168823242,2.403776168823242,2.403776168823242,2.403776168823242,0,0.0,0.0
1994-09-09 00:00:00-04:00,2.390272617340088,2.390272617340088,2.390272617340088,2.390272617340088,3600,0.0,0.0
1994-09-12 00:00:00-04:00,2.4037767947128907,2.430785652978083,2.390272713306971,2.3970248699188232,25200,0.0,0.0
1994-09-13 00:00:00-04:00,2.3902724240131445,2.393648386001587,2.3902724240131445,2.393648386001587,33300,0.0,0.0
1994-09-14 00:00:00-04:00,2.393648386001587,2.393648386001587,2.393648386001587,2.393648386001587,0,0.0,0.0
1994-09-15 00:00:00-04:00,2.4375377117254087,2.4375377117254087,2.3767680728407923,2.390272617340088,5400,0.0,0.0
1994-09-16 00:00:00-04:00,2.49830675600219,2.49830675600219,2.3767675071598258,2.417280435562134,18900,0.0,0.0
1994-09-19 00:00:00-04:00,2.498307450914387,2.498307450914387,2.376768168265483,2.3970248699188232,63000,0.0,0.0
1994-09-20 00:00:00-04:00,2.376768452361758,2.3835208415985107,2.376768452361758,2.3835208415985107,3600,0.0,0.0
1994-09-21 00:00:00-04:00,2.3835208415985107,2.3835208415985107,2.3835208415985107,2.3835208415985107,0,0.0,0.0
1994-09-22 00:00:00-04:00,2.3835208415985107,2.3835208415985107,2.3835208415985107,2.3835208415985107,0,0.0,0.0
1994-09-23 00:00:00-04:00,2.3767669200897217,2.3767669200897217,2.3767669200897217,2.3767669200897217,900,0.0,0.0
1994-09-26 00:00:00-04:00,2.3767669200897217,2.3767669200897217,2.3767669200897217,2.3767669200897217,99000,0.0,0.0
1994-09-27 00:00:00-04:00,2.3767669200897217,2.3767669200897217,2.3767669200897217,2.3767669200897217,9900,0.0,0.0
1994-09-28 00:00:00-04:00,2.498305559158325,2.498305559158325,2.498305559158325,2.498305559158325,900,0.0,0.0
1994-09-29 00:00:00-04:00,2.3767669200897217,2.3767669200897217,2.3767669200897217,2.3767669200897217,900,0.0,0.0
1994-09-30 00:00:00-04:00,2.3767669200897217,2.3767669200897217,2.3767669200897217,2.3767669200897217,0,0.0,0.0
1994-10-03 00:00:00-04:00,2.403776168823242,2.403776168823242,2.403776168823242,2.403776168823242,9900,0.0,0.0
1994-10-04 00:00:00-04:00,2.403776168823242,2.403776168823242,2.403776168823242,2.403776168823242,0,0.0,0.0
1994-10-05 00:00:00-04:00,2.376766728399373,2.4037753384847287,2.376766728399373,2.3801426887512207,25200,0.0,0.0
1994-10-06 00:00:00-04:00,2.3801426887512207,2.3801426887512207,2.3801426887512207,2.3801426887512207,0,0.0,0.0
1994-10-07 00:00:00-04:00,2.3767669200897217,2.3767669200897217,2.3767669200897217,2.3767669200897217,4500,0.0,0.0
1994-10-10 00:00:00-04:00,2.3767669200897217,2.3767669200897217,2.3767669200897217,2.3767669200897217,4500,0.0,0.0
1994-10-11 00:00:00-04:00,2.3767669200897217,2.3767669200897217,2.3767669200897217,2.3767669200897217,0,0.0,0.0
1994-10-12 00:00:00-04:00,2.3767669200897217,2.3767669200897217,2.3767669200897217,2.3767669200897217,0,0.0,0.0
1994-10-13 00:00:00-04:00,2.4172813419872834,2.4172813419872834,2.3632640838623047,2.3632640838623047,4500,0.0,0.0
1994-10-14 00:00:00-04:00,2.3632640838623047,2.3632640838623047,2.3632640838623047,2.3632640838623047,1800,0.0,0.0
1994-10-17 00:00:00-04:00,2.403776893888462,2.4712986946105957,2.403776893888462,2.4712986946105957,2700,0.0,0.0
1994-10-18 00:00:00-04:00,2.4712986946105957,2.4712986946105957,2.4712986946105957,2.4712986946105957,0,0.0,0.0
1994-10-19 00:00:00-04:00,2.3632640838623047,2.3632640838623047,2.3632640838623047,2.3632640838623047,5400,0.0,0.0
1994-10-20 00:00:00-04:00,2.3632640838623047,2.3632640838623047,2.3632640838623047,2.3632640838623047,0,0.0,0.0
1994-10-21 00:00:00-04:00,2.3632640838623047,2.3632640838623047,2.3632640838623047,2.3632640838623047,0,0.0,0.0
1994-10-24 00:00:00-04:00,2.4712985956964078,2.4712985956964078,2.430785655975342,2.430785655975342,1800,0.0,0.0
1994-10-25 00:00:00-04:00,2.376766368540798,2.498305559158325,2.376766368540798,2.498305559158325,41400,0.0,0.0
1994-10-26 00:00:00-04:00,2.498305559158325,2.498305559158325,2.498305559158325,2.498305559158325,0,0.0,0.0
1994-10-27 00:00:00-04:00,2.498305559158325,2.498305559158325,2.498305559158325,2.498305559158325,0,0.0,0.0
1994-10-28 00:00:00-04:00,2.4307855553846487,2.4307855553846487,2.390272617340088,2.390272617340088,20700,0.0,0.0
1994-10-31 00:00:00-05:00,2.390272617340088,2.390272617340088,2.390272617340088,2.390272617340088,0,0.0,0.0
1994-11-01 00:00:00-05:00,2.4577937549453117,2.4577937549453117,2.430784904991125,2.444289445877075,450900,0.0,0.0
1994-11-02 00:00:00-05:00,2.444289445877075,2.444289445877075,2.444289445877075,2.444289445877075,0,0.0,0.0
1994-11-03 00:00:00-05:00,2.444289445877075,2.444289445877075,2.444289445877075,2.444289445877075,0,0.0,0.0
1994-11-04 00:00:00-05:00,2.3970249688158223,2.4712986946105957,2.3970249688158223,2.4712986946105957,9000,0.0,0.0
1994-11-07 00:00:00-05:00,2.4997046729562955,2.556516170501709,2.4997046729562955,2.556516170501709,5400,0.25,0.0
1994-11-08 00:00:00-05:00,2.556516170501709,2.556516170501709,2.556516170501709,2.556516170501709,0,0.0,0.0
1994-11-09 00:00:00-05:00,2.49970359526254,2.5032541751861572,2.49970359526254,2.5032541751861572,1800,0.0,0.0
1994-11-10 00:00:00-05:00,2.5032541751861572,2.5032541751861572,2.5032541751861572,2.5032541751861572,0,0.0,0.0
1994-11-11 00:00:00-05:00,2.5636162757873535,2.5636162757873535,2.5636162757873535,2.5636162757873535,9000,0.0,0.0
1994-11-14 00:00:00-05:00,2.5136306285858154,2.5136306285858154,2.5136306285858154,2.5136306285858154,5400,0.02778,0.0
1994-11-15 00:00:00-05:00,2.5136306285858154,2.5136306285858154,2.5136306285858154,2.5136306285858154,900,0.0,0.0
1994-11-16 00:00:00-05:00,2.5136303469024157,2.5172007083892822,2.5136303469024157,2.5172007083892822,3600,0.0,0.0
1994-11-17 00:00:00-05:00,2.5136303469024157,2.5172007083892822,2.5136303469024157,2.5172007083892822,9000,0.0,0.0
1994-11-18 00:00:00-05:00,2.6421685145085805,2.6421685145085805,2.570758581161499,2.570758581161499,3600,0.0,0.0
1994-11-21 00:00:00-05:00,2.5136303469024157,2.5172007083892822,2.5136303469024157,2.5172007083892822,3600,0.0,0.0
1994-11-22 00:00:00-05:00,2.5136306285858154,2.517200990472785,2.5136306285858154,2.5136306285858154,17100,0.0,0.0
1994-11-23 00:00:00-05:00,2.4993485391165016,2.5136304761314605,2.48506635693491,2.4886372089385986,80100,0.0,0.0
1994-11-25 00:00:00-05:00,2.4886372089385986,2.4886372089385986,2.4886372089385986,2.4886372089385986,0,0.0,0.0
1994-11-28 00:00:00-05:00,2.456501960754394,2.456501960754394,2.456501960754394,2.4565019607543945,1800,0.0,0.0
1994-11-29 00:00:00-05:00,2.456501960754394,2.456501960754394,2.456501960754394,2.4565019607543945,900,0.0,0.0
1994-11-30 00:00:00-05:00,2.456501960754394,2.456501960754394,2.456501960754394,2.4565019607543945,0,0.0,0.0
1994-12-01 00:00:00-05:00,2.570758581161499,2.570758581161499,2.570758581161499,2.570758581161499,1800,0.0,0.0
1994-12-02 00:00:00-05:00,2.570758581161499,2.570758581161499,2.570758581161499,2.570758581161499,0,0.0,0.0
1994-12-05 00:00:00-05:00,2.456502877511201,2.5421945048139434,2.4422206944607634,2.4600729942321777,51300,0.0,0.0
1994-12-06 00:00:00-05:00,2.4600729942321773,2.4600729942321773,2.4600729942321773,2.4600729942321777,0,0.0,0.0
1994-12-07 00:00:00-05:00,2.456501960754394,2.456501960754394,2.456501960754394,2.4565019607543945,3600,0.0,0.0
1994-12-08 00:00:00-05:00,2.456501960754394,2.456501960754394,2.456501960754394,2.4565019607543945,0,0.0,0.0
1994-12-09 00:00:00-05:00,2.4422197830340084,2.456501960754394,2.4422197830340084,2.4565019607543945,3600,0.0,0.0
1994-12-12 00:00:00-05:00,2.4422212486707093,2.542195081710816,2.4422212486707093,2.5421950817108154,1800,0.0,0.0
1994-12-13 00:00:00-05:00,2.4422204062034667,2.4457907676696777,2.4422204062034667,2.4457907676696777,10800,0.0,0.0
1994-12-14 00:00:00-05:00,2.442221657399216,2.527913808822632,2.442221657399216,2.527913808822632,22500,0.0,0.0
1994-12-15 00:00:00-05:00,2.442221657399216,2.527913808822632,2.442221657399216,2.527913808822632,64800,0.0,0.0
1994-12-16 00:00:00-05:00,2.542194204756657,2.542194204756657,2.4422204062034667,2.4457907676696777,423000,0.0,0.0
1994-12-19 00:00:00-05:00,2.4422204062034667,2.4850662147977114,2.4422204062034667,2.4457907676696777,2700,0.0,0.0
1994-12-20 00:00:00-05:00,2.4422197830340084,2.456501960754394,2.4422197830340084,2.4565019607543945,5400,0.0,0.0
1994-12-21 00:00:00-05:00,2.4850662147977114,2.4922071828967525,2.4422204062034667,2.4457907676696777,16200,0.0,0.0
1994-12-22 00:00:00-05:00,2.4422204062034667,2.5136303323604934,2.4422204062034667,2.4457907676696777,19800,0.0,0.0
1994-12-23 00:00:00-05:00,2.4422204062034667,2.4457907676696777,2.4422204062034667,2.4457907676696777,2700,0.0,0.0
1994-12-27 00:00:00-05:00,2.4422204062034667,2.5386238432904458,2.4422204062034667,2.4457907676696777,62100,0.0,0.0
1994-12-28 00:00:00-05:00,2.442220459326294,2.477925300598145,2.442220459326294,2.4779253005981445,18000,0.0,0.0
1994-12-29 00:00:00-05:00,2.4279393510946137,2.485067367553711,2.4279393510946137,2.485067367553711,15300,0.0,0.0
1994-12-30 00:00:00-05:00,2.427938469300693,2.570758581161499,2.427938469300693,2.570758581161499,9000,0.0,0.0
1995-01-03 00:00:00-05:00,2.456501960754394,2.456501960754394,2.456501960754394,2.4565019607543945,900,0.0,0.0
1995-01-04 00:00:00-05:00,2.5136306285858154,2.5421945043481626,2.4922074765974074,2.5136306285858154,49500,0.0,0.0
1995-01-05 00:00:00-05:00,2.492208042607411,2.542195081710816,2.492208042607411,2.5421950817108154,18900,0.0,0.0
1995-01-06 00:00:00-05:00,2.485067072045025,2.542195081710816,2.485067072045025,2.5421950817108154,3600,0.0,0.0
1995-01-09 00:00:00-05:00,2.48506635693491,2.5136304761314605,2.48506635693491,2.4886372089385986,26100,0.0,0.0
1995-01-10 00:00:00-05:00,2.5136306285858154,2.5136306285858154,2.5136306285858154,2.5136306285858154,19800,0.0,0.0
1995-01-11 00:00:00-05:00,2.5564768314361572,2.5564768314361572,2.5564768314361572,2.5564768314361572,14400,0.0,0.0
1995-01-12 00:00:00-05:00,2.5136303469024157,2.5172007083892822,2.5136303469024157,2.5172007083892822,15300,0.0,0.0
1995-01-13 00:00:00-05:00,2.5136304460517676,2.599322557449341,2.5136304460517676,2.599322557449341,9000,0.0,0.0
1995-01-16 00:00:00-05:00,2.515415932112624,2.515415932112624,2.5136306285858154,2.5136306285858154,11700,0.0,0.0
1995-01-17 00:00:00-05:00,2.5172005939543234,2.5172005939543234,2.4707844257354736,2.4707844257354736,99900,0.0,0.0
1995-01-18 00:00:00-05:00,2.5993233365433093,2.5993233365433093,2.4707853760869565,2.5421950817108154,27000,0.0,0.0
1995-01-19 00:00:00-05:00,2.542195081710816,2.542195081710816,2.542195081710816,2.5421950817108154,0,0.0,0.0
1995-01-20 00:00:00-05:00,2.4707844257354736,2.4707844257354736,2.4707844257354736,2.4707844257354736,900,0.0,0.0
1995-01-23 00:00:00-05:00,2.4850669255252904,2.5350542068481445,2.4707852304092714,2.5350542068481445,54900,0.0,0.0
1995-01-24 00:00:00-05:00,2.4707858111424836,2.535054802687133,2.4707858111424836,2.474356174468994,63000,0.0,0.0
1995-01-25 00:00:00-05:00,2.527913808822632,2.527913808822632,2.527913808822632,2.527913808822632,5400,0.0,0.0
1995-01-26 00:00:00-05:00,2.527913808822632,2.527913808822632,2.527913808822632,2.527913808822632,0,0.0,0.0
1995-01-27 00:00:00-05:00,2.527913808822632,2.527913808822632,2.527913808822632,2.527913808822632,0,0.0,0.0
1995-01-30 00:00:00-05:00,2.527913808822632,2.527913808822632,2.527913808822632,2.527913808822632,0,0.0,0.0
1995-01-31 00:00:00-05:00,2.527913808822632,2.527913808822632,2.527913808822632,2.527913808822632,0,0.0,0.0
1995-02-01 00:00:00-05:00,2.599322557449341,2.599322557449341,2.599322557449341,2.599322557449341,2700,0.0,0.0
1995-02-02 00:00:00-05:00,2.485067367553711,2.485067367553711,2.485067367553711,2.485067367553711,3600,0.0,0.0
1995-02-03 00:00:00-05:00,2.485067367553711,2.485067367553711,2.485067367553711,2.485067367553711,900,0.0,0.0
1995-02-06 00:00:00-05:00,2.485067367553711,2.485067367553711,2.485067367553711,2.485067367553711,4500,0.0,0.0
1995-02-07 00:00:00-05:00,2.485067367553711,2.485067367553711,2.485067367553711,2.485067367553711,900,0.0,0.0
1995-02-08 00:00:00-05:00,2.485067367553711,2.485067367553711,2.485067367553711,2.485067367553711,0,0.0,0.0
1995-02-09 00:00:00-05:00,2.5921823659809236,2.5921823659809236,2.542195081710816,2.5421950817108154,29700,0.0,0.0
1995-02-10 00:00:00-05:00,2.4707853760869565,2.542195081710816,2.4707853760869565,2.5421950817108154,32400,0.0,0.0
1995-02-13 00:00:00-05:00,2.549377679824829,2.549377679824829,2.549377679824829,2.549377679824829,1800,0.02778,0.0
1995-02-14 00:00:00-05:00,2.4416574474230592,2.513471126556396,2.4416574474230592,2.5134711265563965,10800,0.0,0.0
1995-02-15 00:00:00-05:00,2.484745435034508,2.556558609008789,2.484745435034508,2.556558609008789,9000,0.0,0.0
1995-02-16 00:00:00-05:00,2.549377901998936,2.549377901998936,2.513471063335427,2.5278337001800537,67500,0.0,0.0
1995-02-17 00:00:00-05:00,2.49910831451416,2.49910831451416,2.49910831451416,2.49910831451416,1800,0.0,0.0
1995-02-21 00:00:00-05:00,2.556558609008789,2.556558609008789,2.556558609008789,2.556558609008789,44100,0.0,0.0
1995-02-22 00:00:00-05:00,2.49910831451416,2.49910831451416,2.49910831451416,2.49910831451416,1800,0.0,0.0
1995-02-23 00:00:00-05:00,2.499108179938858,2.5278337001800537,2.499108179938858,2.5278337001800537,5400,0.0,0.0
1995-02-24 00:00:00-05:00,2.499108179938858,2.5278337001800537,2.499108179938858,2.5278337001800537,16200,0.0,0.0
1995-02-27 00:00:00-05:00,2.5278337001800537,2.5278337001800537,2.5278337001800537,2.5278337001800537,0,0.0,0.0
1995-02-28 00:00:00-05:00,2.6140096412920286,2.6140096412920286,2.556558609008789,2.556558609008789,18000,0.0,0.0
1995-03-01 00:00:00-05:00,2.556558609008789,2.556558609008789,2.556558609008789,2.556558609008789,0,0.0,0.0
1995-03-02 00:00:00-05:00,2.5287318229675293,2.5287318229675293,2.5287318229675293,2.5287318229675293,1800,0.0,0.0
1995-03-03 00:00:00-05:00,2.5287318229675293,2.5287318229675293,2.5287318229675293,2.5287318229675293,0,0.0,0.0
1995-03-06 00:00:00-05:00,2.513471126556396,2.513471126556396,2.513471126556396,2.5134711265563965,9900,0.0,0.0
1995-03-07 00:00:00-05:00,2.513471126556396,2.513471126556396,2.513471126556396,2.5134711265563965,0,0.0,0.0
1995-03-08 00:00:00-05:00,2.513471126556396,2.513471126556396,2.513471126556396,2.5134711265563965,0,0.0,0.0
1995-03-09 00:00:00-05:00,2.513471126556396,2.513471126556396,2.513471126556396,2.5134711265563965,900,0.0,0.0
1995-03-10 00:00:00-05:00,2.513471126556396,2.513471126556396,2.513471126556396,2.5134711265563965,0,0.0,0.0
1995-03-13 00:00:00-05:00,2.5134703459769754,2.5852837562561035,2.5134703459769754,2.5852837562561035,24300,0.0,0.0
1995-03-14 00:00:00-05:00,2.5852837562561035,2.5852837562561035,2.5852837562561035,2.5852837562561035,0,0.0,0.0
1995-03-15 00:00:00-05:00,2.5637388229370117,2.5637388229370117,2.5637388229370117,2.5637388229370117,6300,0.0,0.0
1995-03-16 00:00:00-05:00,2.614008665084839,2.614008665084839,2.614008665084839,2.614008665084839,900,0.0,0.0
1995-03-17 00:00:00-05:00,2.614008665084839,2.614008665084839,2.5134697659635004,2.614008665084839,58500,0.0,0.0
1995-03-20 00:00:00-05:00,2.5637388229370117,2.5637388229370117,2.5637388229370117,2.5637388229370117,900,0.0,0.0
1995-03-21 00:00:00-05:00,2.5278337001800537,2.5278337001800537,2.5278337001800537,2.5278337001800537,31500,0.0,0.0
1995-03-22 00:00:00-05:00,2.527832795656607,2.531423330307007,2.527832795656607,2.531423330307007,36900,0.0,0.0
1995-03-23 00:00:00-05:00,2.5134719767294404,2.6068296432495117,2.5134719767294404,2.6068296432495117,2700,0.0,0.0
1995-03-24 00:00:00-05:00,2.513471126556396,2.52065244515934,2.513471126556396,2.5134711265563965,35100,0.0,0.0
1995-03-27 00:00:00-05:00,2.6140085161860407,2.6140085161860407,2.5134696227915847,2.5637388229370117,28800,0.0,0.0
1995-03-28 00:00:00-05:00,2.5278337001800537,2.585284494110503,2.5278337001800537,2.5278337001800537,6300,0.0,0.0
1995-03-29 00:00:00-05:00,2.5278341033719856,2.556559381642948,2.5278341033719856,2.5421969890594482,9900,0.0,0.0
1995-03-30 00:00:00-05:00,2.5421969890594482,2.5421969890594482,2.5421969890594482,2.5421969890594482,0,0.0,0.0
1995-03-31 00:00:00-05:00,2.5565583035984067,2.6283717155456547,2.54219591707121,2.6283717155456543,18900,0.0,0.0
1995-04-03 00:00:00-04:00,2.6283717155456547,2.6283717155456547,2.6283717155456547,2.6283717155456543,0,0.0,0.0
1995-04-04 00:00:00-04:00,2.6283717155456547,2.6283717155456547,2.6283717155456547,2.6283717155456543,0,0.0,0.0
1995-04-05 00:00:00-04:00,2.513471642299159,2.5170624256134033,2.513471642299159,2.5170624256134033,12600,0.0,0.0
1995-04-06 00:00:00-04:00,2.5170624256134033,2.5170624256134033,2.5170624256134033,2.5170624256134033,0,0.0,0.0
1995-04-07 00:00:00-04:00,2.513471126556396,2.5170619091338424,2.513471126556396,2.5134711265563965,44100,0.0,0.0
1995-04-10 00:00:00-04:00,2.570921675379948,2.570921675379948,2.513471126556396,2.5134711265563965,11700,0.0,0.0
1995-04-11 00:00:00-04:00,2.513471126556396,2.513471126556396,2.513471126556396,2.5134711265563965,0,0.0,0.0
1995-04-12 00:00:00-04:00,2.513471642299159,2.5170624256134033,2.513471642299159,2.5170624256134033,6300,0.0,0.0
1995-04-13 00:00:00-04:00,2.513471126556396,2.513471126556396,2.513471126556396,2.5134711265563965,1800,0.0,0.0
1995-04-17 00:00:00-04:00,2.513471063335427,2.628372404644383,2.499108179938858,2.5278337001800537,11700,0.0,0.0
1995-04-18 00:00:00-04:00,2.49910831451416,2.5026993437466047,2.49910831451416,2.49910831451416,9000,0.0,0.0
1995-04-19 00:00:00-04:00,2.49910831451416,2.49910831451416,2.49910831451416,2.49910831451416,2700,0.0,0.0
1995-04-20 00:00:00-04:00,2.49910831451416,2.49910831451416,2.49910831451416,2.49910831451416,0,0.0,0.0
1995-04-21 00:00:00-04:00,2.49910831451416,2.49910831451416,2.49910831451416,2.49910831451416,900,0.0,0.0
1995-04-24 00:00:00-04:00,2.49910831451416,2.49910831451416,2.49910831451416,2.49910831451416,0,0.0,0.0
1995-04-25 00:00:00-04:00,2.49910831451416,2.49910831451416,2.49910831451416,2.49910831451416,1800,0.0,0.0
1995-04-26 00:00:00-04:00,2.499107869722118,2.5709212915829225,2.499107869722118,2.5026988983154297,66600,0.0,0.0
1995-04-27 00:00:00-04:00,2.628370936955848,2.6427338123321538,2.527832288632537,2.6427338123321533,34200,0.0,0.0
1995-04-28 00:00:00-04:00,2.642735434900984,2.642735434900984,2.5565591159404164,2.5996475219726562,42300,0.0,0.0
1995-05-01 00:00:00-04:00,2.5278337001800537,2.5278337001800537,2.5278337001800537,2.5278337001800537,900,0.0,0.0
1995-05-02 00:00:00-04:00,2.5421969890594482,2.5421969890594482,2.5421969890594482,2.5421969890594482,1800,0.0,0.0
1995-05-03 00:00:00-04:00,2.6427345337897807,2.6427345337897807,2.5852837562561035,2.5852837562561035,69300,0.0,0.0
1995-05-04 00:00:00-04:00,2.6427338123321538,2.6427338123321538,2.542195164008843,2.6427338123321533,27900,0.0,0.0
1995-05-05 00:00:00-04:00,2.6714603634599827,2.6714603634599827,2.5709211826324463,2.5709211826324463,6300,0.0,0.0
1995-05-08 00:00:00-04:00,2.5865275859832764,2.5865275859832764,2.5865275859832764,2.5865275859832764,0,0.03,0.0
1995-05-09 00:00:00-04:00,2.6009771823883057,2.6298770666640165,2.6009771823883057,2.6009771823883057,27900,0.0,0.0
1995-05-10 00:00:00-04:00,2.6009771823883057,2.6009771823883057,2.6009771823883057,2.6009771823883057,0,0.0,0.0
1995-05-11 00:00:00-04:00,2.6009771823883057,2.6009771823883057,2.6009771823883057,2.6009771823883057,0,0.0,0.0
1995-05-12 00:00:00-04:00,2.6154274940490723,2.6154274940490723,2.6154274940490723,2.6154274940490723,3600,0.0,0.0
1995-05-15 00:00:00-04:00,2.6154274194259868,2.7743756771087646,2.6154274194259868,2.7743756771087646,7200,0.0,0.0
1995-05-16 00:00:00-04:00,2.6154260866668286,2.774374263353382,2.6154260866668286,2.629875898361206,17100,0.0,0.0
1995-05-17 00:00:00-04:00,2.629875898361206,2.629875898361206,2.629875898361206,2.629875898361206,0,0.0,0.0
1995-05-18 00:00:00-04:00,2.629875898361206,2.629875898361206,2.629875898361206,2.629875898361206,0,0.0,0.0
1995-05-19 00:00:00-04:00,2.629875898361206,2.629875898361206,2.629875898361206,2.629875898361206,0,0.0,0.0
1995-05-22 00:00:00-04:00,2.7599246997074083,2.7599246997074083,2.629875898361206,2.629875898361206,3600,0.0,0.0
1995-05-23 00:00:00-04:00,2.658776044845581,2.658776044845581,2.658776044845581,2.658776044845581,1800,0.0,0.0
1995-05-24 00:00:00-04:00,2.6443259822598515,2.658776044845581,2.6443259822598515,2.658776044845581,18000,0.0,0.0
1995-05-25 00:00:00-04:00,2.6443267417731886,2.7021262645721436,2.6443267417731886,2.7021262645721436,3600,0.0,0.0
1995-05-26 00:00:00-04:00,2.7021262645721436,2.7021262645721436,2.7021262645721436,2.7021262645721436,0,0.0,0.0
1995-05-30 00:00:00-04:00,2.7021262645721436,2.7021262645721436,2.7021262645721436,2.7021262645721436,0,0.0,0.0
1995-05-31 00:00:00-04:00,2.7021262645721436,2.7021262645721436,2.7021262645721436,2.7021262645721436,0,0.0,0.0
1995-06-01 00:00:00-04:00,2.774375572888,2.918874502182007,2.716576050780102,2.918874502182007,93600,0.0,0.0
1995-06-02 00:00:00-04:00,2.774376674936692,2.918875661629148,2.774376674936692,2.8610761165618896,37800,0.0,0.0
1995-06-05 00:00:00-04:00,2.861076116561889,2.861076116561889,2.861076116561889,2.8610761165618896,0,0.0,0.0
1995-06-06 00:00:00-04:00,2.788825511932373,2.788825511932373,2.788825511932373,2.788825511932373,3600,0.0,0.0
1995-06-07 00:00:00-04:00,2.788825511932373,2.788825511932373,2.788825511932373,2.788825511932373,6300,0.0,0.0
1995-06-08 00:00:00-04:00,2.918874339699157,3.0055737420590325,2.875524886567726,2.991123676300049,50400,0.0,0.0
1995-06-09 00:00:00-04:00,2.9622249603271484,2.9622249603271484,2.9622249603271484,2.9622249603271484,4500,0.0,0.0
1995-06-12 00:00:00-04:00,2.9333250522613525,2.9333250522613525,2.9333250522613525,2.9333250522613525,1800,0.0,0.0
1995-06-13 00:00:00-04:00,2.9333250522613525,2.9333250522613525,2.9333250522613525,2.9333250522613525,1800,0.0,0.0
1995-06-14 00:00:00-04:00,2.9333250522613525,2.9333250522613525,2.9333250522613525,2.9333250522613525,900,0.0,0.0
1995-06-15 00:00:00-04:00,2.9333250522613525,2.9333250522613525,2.9333250522613525,2.9333250522613525,0,0.0,0.0
1995-06-16 00:00:00-04:00,3.0633733870267243,3.0633733870267243,2.9333245156527195,2.9983489513397217,12600,0.0,0.0
1995-06-19 00:00:00-04:00,2.9983489513397217,2.9983489513397217,2.9983489513397217,2.9983489513397217,0,0.0,0.0
1995-06-20 00:00:00-04:00,2.9622249603271484,2.9622249603271484,2.9622249603271484,2.9622249603271484,4500,0.0,0.0
1995-06-21 00:00:00-04:00,2.9333233338341174,3.0633721528122235,2.9333233338341174,2.9369356632232666,5400,0.0,0.0
1995-06-22 00:00:00-04:00,3.063373565673828,3.063373565673828,3.063373565673828,3.063373565673828,1800,0.0,0.0
1995-06-23 00:00:00-04:00,3.063373565673828,3.063373565673828,3.063373565673828,3.063373565673828,0,0.0,0.0
1995-06-26 00:00:00-04:00,2.9333250522613525,2.9333250522613525,2.9333250522613525,2.9333250522613525,1800,0.0,0.0
1995-06-27 00:00:00-04:00,2.9983489513397217,3.005574109125866,2.9983489513397217,2.9983489513397217,73800,0.0,0.0
1995-06-28 00:00:00-04:00,2.947774583176471,3.0200239286010806,2.947774583176471,2.9983489513397217,37800,0.0,0.0
1995-06-29 00:00:00-04:00,3.0200239286010806,3.0200239286010806,2.9983489513397217,2.9983489513397217,14400,0.0,0.0
1995-06-30 00:00:00-04:00,3.0055742844022824,3.063373565673828,2.9333246867157476,3.063373565673828,18000,0.0,0.0
1995-07-03 00:00:00-04:00,3.063373506535119,3.063373506535119,3.005574226379394,3.0055742263793945,7200,0.0,0.0
1995-07-05 00:00:00-04:00,3.063373565673828,3.063373565673828,3.063373565673828,3.063373565673828,9900,0.0,0.0
1995-07-06 00:00:00-04:00,3.063373506535119,3.063373506535119,3.005574226379394,3.0055742263793945,23400,0.0,0.0
1995-07-07 00:00:00-04:00,3.0633742470545426,3.0633742470545426,3.0200247764587402,3.0200247764587402,37800,0.0,0.0
1995-07-10 00:00:00-04:00,3.012799864692773,3.0200247764587402,3.012799864692773,3.0200247764587402,21600,0.0,0.0
1995-07-11 00:00:00-04:00,3.092273591663082,3.092273591663082,2.9333250522613525,2.9333250522613525,12600,0.0,0.0
1995-07-12 00:00:00-04:00,2.9333250522613525,2.9333250522613525,2.9333250522613525,2.9333250522613525,0,0.0,0.0
1995-07-13 00:00:00-04:00,3.034473003572214,3.092272520065308,2.9477741009053173,3.0922725200653076,14400,0.0,0.0
1995-07-14 00:00:00-04:00,2.933324898451628,3.0344738960266113,2.933324898451628,3.0344738960266113,1800,0.0,0.0
1995-07-17 00:00:00-04:00,2.9333250522613525,2.9333250522613525,2.9333250522613525,2.9333250522613525,900,0.0,0.0
1995-07-18 00:00:00-04:00,2.9333250522613525,2.9333250522613525,2.9333250522613525,2.9333250522613525,0,0.0,0.0
1995-07-19 00:00:00-04:00,2.9622249603271484,2.9622249603271484,2.9622249603271484,2.9622249603271484,4500,0.0,0.0
1995-07-20 00:00:00-04:00,3.0127994120338064,3.121173320289248,3.0127994120338064,3.0344738960266113,30600,0.0,0.0
1995-07-21 00:00:00-04:00,3.0344738960266113,3.0344738960266113,3.0344738960266113,3.0344738960266113,0,0.0,0.0
1995-07-24 00:00:00-04:00,2.9911236763000484,2.9911236763000484,2.9911236763000484,2.991123676300049,18900,0.0,0.0
1995-07-25 00:00:00-04:00,2.991123031184638,3.018216371536255,2.991123031184638,3.018216371536255,29700,0.0,0.0
1995-07-26 00:00:00-04:00,3.0344738960266113,3.0344738960266113,2.976674362534377,3.0344738960266113,90000,0.0,0.0
1995-07-27 00:00:00-04:00,3.0200223060083053,3.121171236038208,3.0200223060083053,3.121171236038208,1800,0.0,0.0
1995-07-28 00:00:00-04:00,2.976672887802124,3.1211717739679505,2.976672887802124,2.976672887802124,16200,0.0,0.0
1995-07-31 00:00:00-04:00,2.976672887802124,2.976672887802124,2.976672887802124,2.976672887802124,4500,0.0,0.0
1995-08-01 00:00:00-04:00,3.0200247764587402,3.0200247764587402,3.0200247764587402,3.0200247764587402,10800,0.0,0.0
1995-08-02 00:00:00-04:00,3.032668113708496,3.032668113708496,3.032668113708496,3.032668113708496,4500,0.0,0.0
1995-08-03 00:00:00-04:00,2.976672887802124,3.04892245490926,2.976672887802124,2.976672887802124,72000,0.0,0.0
1995-08-04 00:00:00-04:00,2.9766730571211424,2.980285882949829,2.9766730571211424,2.980285882949829,9000,0.0,0.0
1995-08-07 00:00:00-04:00,3.0127999782562256,3.0127999782562256,3.0127999782562256,3.0127999782562256,9000,0.0,0.0
1995-08-08 00:00:00-04:00,3.0127999782562256,3.0127999782562256,3.0127999782562256,3.0127999782562256,0,0.0,0.0
1995-08-09 00:00:00-04:00,3.064798231587796,3.1374237537384033,3.064798231587796,3.1374237537384033,6300,0.03,0.0
1995-08-10 00:00:00-04:00,3.06479976189634,3.122900009155273,3.0357496382668736,3.1229000091552734,30600,0.0,0.0
1995-08-11 00:00:00-04:00,3.122900009155273,3.122900009155273,3.122900009155273,3.1229000091552734,0,0.0,0.0
1995-08-14 00:00:00-04:00,3.122900009155273,3.122900009155273,3.122900009155273,3.1229000091552734,0,0.0,0.0
1995-08-15 00:00:00-04:00,3.0357490810603047,3.0357490810603047,2.9921734049340216,3.021224021911621,5400,0.0,0.0
1995-08-16 00:00:00-04:00,3.064799308776856,3.064799308776856,3.064799308776856,3.0647993087768555,9000,0.0,0.0
1995-08-17 00:00:00-04:00,3.064799308776856,3.064799308776856,3.064799308776856,3.0647993087768555,0,0.0,0.0
1995-08-18 00:00:00-04:00,3.0212230679014547,3.1374237537384033,3.0212230679014547,3.1374237537384033,22500,0.0,0.0
1995-08-21 00:00:00-04:00,3.0212230600059877,3.1664741039276123,3.0212230600059877,3.1664741039276123,6300,0.0,0.0
1995-08-22 00:00:00-04:00,3.064798231587796,3.1374237537384033,3.0212230679014547,3.1374237537384033,29700,0.0,0.0
1995-08-23 00:00:00-04:00,3.1374237537384033,3.1374237537384033,3.1374237537384033,3.1374237537384033,0,0.0,0.0
1995-08-24 00:00:00-04:00,3.086587765638704,3.086587765638704,3.0502746105194087,3.050274610519409,75600,0.0,0.0
1995-08-25 00:00:00-04:00,3.0502746105194087,3.0502746105194087,3.0502746105194087,3.050274610519409,0,0.0,0.0
1995-08-28 00:00:00-04:00,3.0502746105194087,3.0502746105194087,3.0502746105194087,3.050274610519409,900,0.0,0.0
1995-08-29 00:00:00-04:00,3.1955251693725586,3.1955251693725586,3.1955251693725586,3.1955251693725586,900,0.0,0.0
1995-08-30 00:00:00-04:00,3.0502726576385824,3.053904294967651,3.0502726576385824,3.0539042949676514,35100,0.0,0.0
1995-08-31 00:00:00-04:00,3.1519488193602854,3.1519488193602854,3.079323053359986,3.0793230533599854,22500,0.0,0.0
1995-09-01 00:00:00-04:00,3.079323053359986,3.079323053359986,3.079323053359986,3.0793230533599854,0,0.0,0.0
1995-09-05 00:00:00-04:00,3.0502726576385824,3.053904294967651,3.0502726576385824,3.0539042949676514,11700,0.0,0.0
1995-09-06 00:00:00-04:00,3.122899947090167,3.122899947090167,3.1011126041412354,3.1011126041412354,2700,0.0,0.0
1995-09-07 00:00:00-04:00,3.0502729276856444,3.1374237537384033,3.0502729276856444,3.1374237537384033,27000,0.0,0.0
1995-09-08 00:00:00-04:00,3.064798989620014,3.130162000656128,3.064798989620014,3.130162000656128,4500,0.0,0.0
1995-09-11 00:00:00-04:00,3.130162000656128,3.130162000656128,3.130162000656128,3.130162000656128,0,0.0,0.0
1995-09-12 00:00:00-04:00,3.050272697091862,3.079323053359986,3.021222839503776,3.0793230533599854,19800,0.0,0.0
1995-09-13 00:00:00-04:00,3.137424744441205,3.137424744441205,3.021224021911621,3.021224021911621,21600,0.0,0.0
1995-09-14 00:00:00-04:00,2.963123062756428,3.1083738803863525,2.963123062756428,3.1083738803863525,13500,0.0,0.0
1995-09-15 00:00:00-04:00,2.948597341544293,3.0212231141466037,2.948597341544293,3.0175914764404297,4500,0.0,0.0
1995-09-18 00:00:00-04:00,3.01759147644043,3.01759147644043,3.01759147644043,3.0175914764404297,0,0.0,0.0
1995-09-19 00:00:00-04:00,3.0066981886176185,3.0575358867645264,3.0066981886176185,3.0575358867645264,9000,0.0,0.0
1995-09-20 00:00:00-04:00,2.948598020498155,3.0647989842106167,2.948598020498155,2.992173194885254,32400,0.0,0.0
1995-09-21 00:00:00-04:00,2.9340734281603797,3.0502741609798902,2.9340734281603797,2.9631237983703613,18000,0.0,0.0
1995-09-22 00:00:00-04:00,3.013961791992188,3.013961791992188,3.013961791992188,3.0139617919921875,3600,0.0,0.0
1995-09-25 00:00:00-04:00,2.9485960006713867,2.9485960006713867,2.9485960006713867,2.9485960006713867,6300,0.0,0.0
1995-09-26 00:00:00-04:00,2.9485960006713867,2.9485960006713867,2.9485960006713867,2.9485960006713867,0,0.0,0.0
1995-09-27 00:00:00-04:00,2.9485960006713867,2.9485960006713867,2.9485960006713867,2.9485960006713867,0,0.0,0.0
1995-09-28 00:00:00-04:00,2.9485960006713867,2.9485960006713867,2.9485960006713867,2.9485960006713867,0,0.0,0.0
1995-09-29 00:00:00-04:00,2.9340736865997314,2.9340736865997314,2.9340736865997314,2.9340736865997314,3600,0.0,0.0
1995-10-02 00:00:00-04:00,2.934073049968589,3.0357489585876465,2.934073049968589,3.0357489585876465,5400,0.0,0.0
1995-10-03 00:00:00-04:00,2.9340736865997314,2.9377050766983914,2.9340736865997314,2.9340736865997314,23400,0.0,0.0
1995-10-04 00:00:00-04:00,2.9340736865997314,2.9340736865997314,2.9340736865997314,2.9340736865997314,0,0.0,0.0
1995-10-05 00:00:00-04:00,2.9340736865997314,2.9340736865997314,2.9340736865997314,2.9340736865997314,0,0.0,0.0
1995-10-06 00:00:00-04:00,2.977648258209229,2.977648258209229,2.977648258209229,2.9776482582092285,1800,0.0,0.0
1995-10-09 00:00:00-04:00,2.919548511505127,2.919548511505127,2.919548511505127,2.919548511505127,900,0.0,0.0
1995-10-10 00:00:00-04:00,2.905022144317627,2.905022144317627,2.905022144317627,2.905022144317627,900,0.0,0.0
1995-10-11 00:00:00-04:00,2.9050229675006247,2.9050229675006247,2.894128799438477,2.8941287994384766,22500,0.0,0.0
1995-10-12 00:00:00-04:00,2.9050225172541992,2.9613070487976074,2.9050225172541992,2.9613070487976074,27900,0.0,0.0
1995-10-13 00:00:00-04:00,2.9340736865997314,2.9340736865997314,2.9340736865997314,2.9340736865997314,9000,0.0,0.0
1995-10-16 00:00:00-04:00,2.9340736865997314,2.9340736865997314,2.9340736865997314,2.9340736865997314,0,0.0,0.0
1995-10-17 00:00:00-04:00,2.9340736865997314,2.9340736865997314,2.9340736865997314,2.9340736865997314,0,0.0,0.0
1995-10-18 00:00:00-04:00,2.9340736865997314,2.9340736865997314,2.9340736865997314,2.9340736865997314,0,0.0,0.0
1995-10-19 00:00:00-04:00,2.9340736865997314,2.9340736865997314,2.9340736865997314,2.9340736865997314,0,0.0,0.0
1995-10-20 00:00:00-04:00,2.9340738620648454,2.9413363933563232,2.9340738620648454,2.9413363933563232,6300,0.0,0.0
1995-10-23 00:00:00-04:00,2.9413363933563232,2.9413363933563232,2.9413363933563232,2.9413363933563232,0,0.0,0.0
1995-10-24 00:00:00-04:00,2.9340736499247586,2.948598711457519,2.9340736499247586,2.9377050399780273,95400,0.0,0.0
1995-10-25 00:00:00-04:00,3.021224021911621,3.021224021911621,3.021224021911621,3.021224021911621,1800,0.0,0.0
1995-10-26 00:00:00-04:00,2.905022144317627,2.9086532833026273,2.905022144317627,2.905022144317627,19800,0.0,0.0
1995-10-27 00:00:00-04:00,2.905022144317627,2.905022144317627,2.905022144317627,2.905022144317627,0,0.0,0.0
1995-10-30 00:00:00-05:00,2.894128813588922,2.894128813588922,2.8904979228973384,2.890497922897339,96300,0.0,0.0
1995-10-31 00:00:00-05:00,2.8904979228973384,2.8904979228973384,2.8904979228973384,2.890497922897339,0,0.0,0.0
1995-11-01 00:00:00-05:00,2.8759710788726807,2.948596583463003,2.8759710788726807,2.8759710788726807,124200,0.0,0.0
1995-11-02 00:00:00-05:00,2.875970510435532,2.9485960006713867,2.875970510435532,2.9485960006713867,3600,0.0,0.0
1995-11-03 00:00:00-05:00,2.9485960006713867,2.9485960006713867,2.9485960006713867,2.9485960006713867,0,0.0,0.0
1995-11-06 00:00:00-05:00,2.8759710788726807,2.8759710788726807,2.8759710788726807,2.8759710788726807,2700,0.0,0.0
1995-11-07 00:00:00-05:00,2.8759710788726807,2.8759710788726807,2.8759710788726807,2.8759710788726807,0,0.0,0.0
1995-11-08 00:00:00-05:00,2.8759710788726807,2.8759710788726807,2.8759710788726807,2.8759710788726807,0,0.0,0.0
1995-11-09 00:00:00-05:00,2.875971785737429,2.905022144317627,2.875971785737429,2.905022144317627,17100,0.0,0.0
1995-11-10 00:00:00-05:00,2.875970510435532,2.9485960006713867,2.875970510435532,2.9485960006713867,8100,0.0,0.0
1995-11-13 00:00:00-05:00,2.903207540512085,2.903207540512085,2.903207540512085,2.903207540512085,51300,0.0,0.0
1995-11-14 00:00:00-05:00,2.903207540512085,2.903207540512085,2.903207540512085,2.903207540512085,0,0.0,0.0
1995-11-15 00:00:00-05:00,2.918980598449707,2.918980598449707,2.918980598449707,2.918980598449707,0,0.03,0.0
1995-11-16 00:00:00-05:00,2.8477835655212402,2.858736411462261,2.8477835655212402,2.8477835655212402,29700,0.0,0.0
1995-11-17 00:00:00-05:00,2.920805479533451,2.9354091998300698,2.8039729595184326,2.8039729595184326,31500,0.0,0.0
1995-11-20 00:00:00-05:00,2.8039727195966537,2.862388849258423,2.7601608103713606,2.862388849258423,477000,0.0,0.0
1995-11-21 00:00:00-05:00,2.730953571785128,2.7455575466156006,2.6871416472937106,2.7455575466156006,75600,0.0,0.0
1995-11-22 00:00:00-05:00,2.6287232509652734,2.6506294451863743,2.557528495788574,2.557528495788574,472500,0.0,0.0
1995-11-24 00:00:00-05:00,2.557528495788574,2.557528495788574,2.557528495788574,2.557528495788574,0,0.0,0.0
1995-11-27 00:00:00-05:00,2.599516500945143,2.701744794845581,2.599516500945143,2.701744794845581,4500,0.0,0.0
1995-11-28 00:00:00-05:00,2.5557049636219342,2.628725076788874,2.5264970186330618,2.5411007404327393,56700,0.0,0.0
1995-11-29 00:00:00-05:00,2.570308208465576,2.599516145185721,2.570308208465576,2.570308208465576,9900,0.0,0.0
1995-11-30 00:00:00-05:00,2.570307190256524,2.570307190256524,2.563005208969116,2.563005208969116,649800,0.0,0.0
1995-12-01 00:00:00-05:00,2.599516145185721,2.599516145185721,2.570308208465576,2.570308208465576,9900,0.0,0.0
1995-12-04 00:00:00-05:00,2.570308208465576,2.570308208465576,2.570308208465576,2.570308208465576,900,0.0,0.0
1995-12-05 00:00:00-05:00,2.5703081032740918,2.6141200065612793,2.5410999170546225,2.6141200065612793,18900,0.0,0.0
1995-12-06 00:00:00-05:00,2.471730947494507,2.471730947494507,2.471730947494507,2.471730947494507,16200,0.0,0.0
1995-12-07 00:00:00-05:00,2.614119730549216,2.614119730549216,2.468079566955566,2.4680795669555664,22500,0.0,0.0
1995-12-08 00:00:00-05:00,2.4826834201812744,2.4826834201812744,2.4826834201812744,2.4826834201812744,2700,0.0,0.0
1995-12-11 00:00:00-05:00,2.6141205928259814,2.6141205928259814,2.453476660717589,2.511892795562744,69300,0.0,0.0
1995-12-12 00:00:00-05:00,2.4023612418556803,2.526495695114136,2.4023612418556803,2.5264956951141357,35100,0.0,0.0
1995-12-13 00:00:00-05:00,2.453476210890309,2.570308208465576,2.3950600867553313,2.570308208465576,116100,0.0,0.0
1995-12-14 00:00:00-05:00,2.570307589646338,2.570307589646338,2.48998553230934,2.5264956951141357,559800,0.0,0.0
1995-12-15 00:00:00-05:00,2.570308208465576,2.570308208465576,2.570308208465576,2.570308208465576,7200,0.0,0.0
1995-12-18 00:00:00-05:00,2.570308208465576,2.570308208465576,2.570308208465576,2.570308208465576,0,0.0,0.0
1995-12-19 00:00:00-05:00,2.511892795562744,2.511892795562744,2.511892795562744,2.511892795562744,9000,0.0,0.0
1995-12-20 00:00:00-05:00,2.468079928555693,2.570308208465576,2.468079928555693,2.570308208465576,9900,0.0,0.0
1995-12-21 00:00:00-05:00,2.7017453505186477,2.7017453505186477,2.5411008914485853,2.5922152996063232,8100,0.0,0.0
1995-12-22 00:00:00-05:00,2.541099931760804,2.8185765743255615,2.541099931760804,2.8185765743255615,26100,0.0,0.0
1995-12-26 00:00:00-05:00,2.6433284587732384,2.8185765743255615,2.6433284587732384,2.8185765743255615,2700,0.0,0.0
1995-12-27 00:00:00-05:00,2.7455553944012037,2.8185757127032414,2.672535326793769,2.774763822555542,26100,0.0,0.0
1995-12-28 00:00:00-05:00,2.833179034208094,2.8915951251983643,2.687138932079692,2.8915951251983643,15300,0.0,0.0
1995-12-29 00:00:00-05:00,2.7893692392218137,2.8039729595184326,2.7893692392218137,2.8039729595184326,1800,0.0,0.0
1996-01-02 00:00:00-05:00,2.7893696689199667,2.9500138759613037,2.7893696689199667,2.9500138759613037,9900,0.0,0.0
1996-01-03 00:00:00-05:00,2.7893674679556923,2.8477835655212402,2.7893674679556923,2.8477835655212402,3600,0.0,0.0
1996-01-04 00:00:00-05:00,2.7893686294555664,2.7893686294555664,2.7893686294555664,2.7893686294555664,2700,0.0,0.0
1996-01-05 00:00:00-05:00,2.862388134804123,2.920804500579834,2.7747643382245046,2.920804500579834,46800,0.0,0.0
1996-01-08 00:00:00-05:00,2.8477835655212402,2.8477835655212402,2.8477835655212402,2.8477835655212402,8100,0.0,0.0
1996-01-09 00:00:00-05:00,2.8477848230925935,2.9354086320934076,2.774764731563897,2.825878620147705,16200,0.0,0.0
1996-01-10 00:00:00-05:00,2.847784717500127,2.950012741571935,2.847784717500127,2.869690418243408,9900,0.0,0.0
1996-01-11 00:00:00-05:00,2.9500138759613037,2.9500138759613037,2.9500138759613037,2.9500138759613037,1800,0.0,0.0
1996-01-12 00:00:00-05:00,2.876992819000187,2.876992819000187,2.8039727195966537,2.862388849258423,16200,0.0,0.0
1996-01-15 00:00:00-05:00,2.9354102611541752,2.9354102611541752,2.9354102611541752,2.935410261154175,3600,0.0,0.0
1996-01-16 00:00:00-05:00,2.8915951251983643,2.8915951251983643,2.8915951251983643,2.8915951251983643,1800,0.0,0.0
1996-01-17 00:00:00-05:00,2.8915951251983643,2.8915951251983643,2.77476319391237,2.8915951251983643,7200,0.0,0.0
1996-01-18 00:00:00-05:00,2.8915976148278593,2.993825674057007,2.8623894188375587,2.993825674057007,12600,0.0,0.0
1996-01-19 00:00:00-05:00,2.993823433393249,2.993823433393249,2.8477835655212402,2.8477835655212402,3600,0.0,0.0
1996-01-22 00:00:00-05:00,2.8477835655212402,2.8477835655212402,2.8477835655212402,2.8477835655212402,0,0.0,0.0
1996-01-23 00:00:00-05:00,2.8477835655212402,2.8477835655212402,2.8477835655212402,2.8477835655212402,0,0.0,0.0
1996-01-24 00:00:00-05:00,2.8477852282868454,3.052241563796997,2.8477852282868454,3.052241563796997,57600,0.0,0.0
1996-01-25 00:00:00-05:00,2.89889907836914,2.89889907836914,2.89889907836914,2.8988990783691406,900,0.0,0.0
1996-01-26 00:00:00-05:00,2.89889907836914,2.89889907836914,2.89889907836914,2.8988990783691406,0,0.0,0.0
1996-01-29 00:00:00-05:00,2.89889907836914,2.89889907836914,2.89889907836914,2.8988990783691406,0,0.0,0.0
1996-01-30 00:00:00-05:00,2.8915952897808963,2.9646153450012203,2.8915952897808963,2.9646153450012207,10800,0.0,0.0
1996-01-31 00:00:00-05:00,2.8915951251983643,2.8915951251983643,2.8915951251983643,2.8915951251983643,900,0.0,0.0
1996-02-01 00:00:00-05:00,2.8915952897808963,2.9646153450012203,2.8915952897808963,2.9646153450012207,81000,0.0,0.0
1996-02-02 00:00:00-05:00,2.9646153450012203,2.9646153450012203,2.9646153450012203,2.9646153450012207,0,0.0,0.0
1996-02-05 00:00:00-05:00,2.95731586258184,2.95731586258184,2.8915977323022437,2.9500138759613037,6300,0.0,0.0
1996-02-06 00:00:00-05:00,2.957315683364868,2.957315683364868,2.957315683364868,2.957315683364868,1800,0.0,0.0
1996-02-07 00:00:00-05:00,2.8915951251983643,2.8915951251983643,2.8915951251983643,2.8915951251983643,7200,0.0,0.0
1996-02-08 00:00:00-05:00,2.9135033477388768,2.9792214645947204,2.9062013626098633,2.9062013626098633,21600,0.0,0.0
1996-02-09 00:00:00-05:00,2.9062013626098633,2.9062013626098633,2.9062013626098633,2.9062013626098633,0,0.0,0.0
1996-02-12 00:00:00-05:00,2.9062007110582266,2.928106410839429,2.8769922757010753,2.8842945098876953,56700,0.0,0.0
1996-02-13 00:00:00-05:00,2.8842945098876953,2.8842945098876953,2.8842945098876953,2.8842945098876953,0,0.0,0.0
1996-02-14 00:00:00-05:00,2.8652766388956312,2.907494068145752,2.8193880192442187,2.907494068145752,32400,0.03,0.0
1996-02-15 00:00:00-05:00,2.7606513534001524,2.848757421963404,2.7019143104553223,2.7019143104553223,46800,0.0,0.0
1996-02-16 00:00:00-05:00,2.6578616015405987,2.775335942742766,2.6578616015405987,2.687229871749878,11700,0.0,0.0
1996-02-20 00:00:00-05:00,2.7900207042694096,2.7900207042694096,2.7900207042694096,2.790020704269409,900,0.0,0.0
1996-02-21 00:00:00-05:00,2.6578618380909176,2.7900207042694096,2.6578618380909176,2.790020704269409,1800,0.0,0.0
1996-02-22 00:00:00-05:00,2.7900207042694096,2.7900207042694096,2.7900207042694096,2.790020704269409,0,0.0,0.0
1996-02-23 00:00:00-05:00,2.7239418135986857,2.8047055252184565,2.72027036914603,2.775336742401123,458100,0.0,0.0
1996-02-26 00:00:00-05:00,2.6578621864318848,2.6578621864318848,2.6578621864318848,2.6578621864318848,900,0.0,0.0
1996-02-27 00:00:00-05:00,2.6578621864318848,2.6578621864318848,2.6578621864318848,2.6578621864318848,17100,0.0,0.0
1996-02-28 00:00:00-05:00,2.7459683418273926,2.7459683418273926,2.7459683418273926,2.7459683418273926,900,0.0,0.0
1996-02-29 00:00:00-05:00,2.6578621864318848,2.6578621864318848,2.6578621864318848,2.6578621864318848,4500,0.0,0.0
1996-03-01 00:00:00-05:00,2.790021531181218,2.790021531181218,2.7202706336975098,2.7202706336975098,76500,0.0,0.0
1996-03-04 00:00:00-05:00,2.7900207042694096,2.7900207042694096,2.7900207042694096,2.790020704269409,2700,0.0,0.0
1996-03-05 00:00:00-05:00,2.723940953632637,2.723940953632637,2.7019143104553223,2.7019143104553223,28800,0.0,0.0
1996-03-06 00:00:00-05:00,2.723942395445039,2.753310680389404,2.723942395445039,2.7533106803894043,32400,0.0,0.0
1996-03-07 00:00:00-05:00,2.7753367424011235,2.7753367424011235,2.7753367424011235,2.775336742401123,2700,0.0,0.0
1996-03-08 00:00:00-05:00,2.7019143104553223,2.7019143104553223,2.7019143104553223,2.7019143104553223,7200,0.0,0.0
1996-03-11 00:00:00-05:00,2.70191617391532,2.848759386698362,2.70191617391532,2.760653257369995,553500,0.0,0.0
1996-03-12 00:00:00-05:00,2.7753367424011235,2.7753367424011235,2.7312839462847482,2.775336742401123,423000,0.0,0.0
1996-03-13 00:00:00-05:00,2.7753367424011235,2.7753367424011235,2.7753367424011235,2.775336742401123,0,0.0,0.0
1996-03-14 00:00:00-05:00,2.7019143104553223,2.7019143104553223,2.7019143104553223,2.7019143104553223,17100,0.0,0.0
1996-03-15 00:00:00-05:00,2.7019143104553223,2.7753358662093635,2.7019143104553223,2.7019143104553223,12600,0.0,0.0
1996-03-18 00:00:00-05:00,2.8487583213348318,2.8487583213348318,2.760652224955915,2.775336742401123,398700,0.0,0.0
1996-03-19 00:00:00-05:00,2.7753367424011235,2.7753367424011235,2.7753367424011235,2.775336742401123,0,0.0,0.0
1996-03-20 00:00:00-05:00,2.709256440823426,2.709256440823426,2.7019143104553223,2.7019143104553223,8100,0.0,0.0
1996-03-21 00:00:00-05:00,2.7312839031219482,2.7312839031219482,2.7312839031219482,2.7312839031219482,5400,0.0,0.0
1996-03-22 00:00:00-05:00,2.7459683418273926,2.7459683418273926,2.7459683418273926,2.7459683418273926,5400,0.0,0.0
1996-03-25 00:00:00-05:00,2.7019151207687337,2.8634427935287174,2.7019151207687337,2.7312839031219482,61200,0.0,0.0
1996-03-26 00:00:00-05:00,2.7312839031219482,2.7312839031219482,2.7312839031219482,2.7312839031219482,0,0.0,0.0
1996-03-27 00:00:00-05:00,2.7753358662093635,2.841415291595301,2.7019143104553223,2.7019143104553223,20700,0.0,0.0
1996-03-28 00:00:00-05:00,2.7753367424011235,2.7753367424011235,2.7753367424011235,2.775336742401123,8100,0.0,0.0
1996-03-29 00:00:00-05:00,2.701916384501246,2.8781281527454774,2.701916384501246,2.7166006565093994,43200,0.0,0.0
1996-04-01 00:00:00-05:00,2.797362509386678,2.797362509386678,2.7019143104553223,2.7019143104553223,7200,0.0,0.0
1996-04-02 00:00:00-05:00,2.7019143104553223,2.7753358662093635,2.7019143104553223,2.7019143104553223,34200,0.0,0.0
1996-04-03 00:00:00-05:00,2.71659857119153,2.7606513534001524,2.6725457889829074,2.7019143104553223,55800,0.0,0.0
1996-04-04 00:00:00-05:00,2.709256440823426,2.709256440823426,2.7019143104553223,2.7019143104553223,12600,0.0,0.0
1996-04-08 00:00:00-04:00,2.7019143104553223,2.7019143104553223,2.7019143104553223,2.7019143104553223,0,0.0,0.0
1996-04-09 00:00:00-04:00,2.760652951556078,2.760652951556078,2.617480948385554,2.6284940242767334,76500,0.0,0.0
1996-04-10 00:00:00-04:00,2.6284940242767334,2.6284940242767334,2.6284940242767334,2.6284940242767334,0,0.0,0.0
1996-04-11 00:00:00-04:00,2.5844410229322876,2.745968476583561,2.5844410229322876,2.6652050018310547,92700,0.0,0.0
1996-04-12 00:00:00-04:00,2.6652050018310547,2.6652050018310547,2.6652050018310547,2.6652050018310547,10800,0.0,0.0
1996-04-15 00:00:00-04:00,2.7312835943334903,2.7459676057403613,2.613808730274968,2.6431775093078613,54900,0.0,0.0
1996-04-16 00:00:00-04:00,2.6431764276118628,2.745966481978465,2.6138076605978715,2.6725451946258545,8100,0.0,0.0
1996-04-17 00:00:00-04:00,2.716599111345185,2.731283627074184,2.6358354091644287,2.6358354091644287,76500,0.0,0.0
1996-04-18 00:00:00-04:00,2.7166006565093994,2.7166006565093994,2.7166006565093994,2.7166006565093994,3600,0.0,0.0
1996-04-19 00:00:00-04:00,2.745967092663945,2.745967092663945,2.599124233228866,2.7019143104553223,208800,0.0,0.0
1996-04-22 00:00:00-04:00,2.5991260257964615,2.760653257369995,2.5991260257964615,2.760653257369995,9900,0.0,0.0
1996-04-23 00:00:00-04:00,2.6798899173736572,2.716600852110503,2.5991264155136693,2.6798899173736572,72000,0.0,0.0
1996-04-24 00:00:00-04:00,2.6138093899857973,2.7019154972489137,2.5550720691680913,2.555072069168091,265500,0.0,0.0
1996-04-25 00:00:00-04:00,2.5550714242822323,2.657862024860833,2.52570314939544,2.6431775093078613,123300,0.0,0.0
1996-04-26 00:00:00-04:00,2.6431775093078613,2.6431775093078613,2.5844402033151255,2.6431775093078613,6300,0.0,0.0
1996-04-29 00:00:00-04:00,2.525704457637681,2.606468200683594,2.525704457637681,2.6064682006835938,15300,0.0,0.0
1996-04-30 00:00:00-04:00,2.6872298717498775,2.6872298717498775,2.6872298717498775,2.687229871749878,1800,0.0,0.0
1996-05-01 00:00:00-04:00,2.569755939835204,2.6431775093078613,2.5403874128753614,2.6431775093078613,73800,0.0,0.0
1996-05-02 00:00:00-04:00,2.6138093899857973,2.6578626956904694,2.525703786868909,2.555072069168091,11700,0.0,0.0
1996-05-03 00:00:00-04:00,2.613809823989868,2.613809823989868,2.59912580643866,2.613809823989868,45000,0.0,0.0
1996-05-06 00:00:00-04:00,2.613809823989868,2.613809823989868,2.613809823989868,2.613809823989868,10800,0.0,0.0
1996-05-07 00:00:00-04:00,2.613809823989868,2.613809823989868,2.540388475868048,2.613809823989868,17100,0.0,0.0
1996-05-08 00:00:00-04:00,2.613809823989868,2.613809823989868,2.613809823989868,2.613809823989868,0,0.0,0.0
1996-05-09 00:00:00-04:00,2.67254624766784,2.67254624766784,2.547729253768921,2.547729253768921,8100,0.0,0.0
1996-05-10 00:00:00-04:00,2.562413556022193,2.7165990787805185,2.562413556022193,2.6431775093078613,36900,0.0,0.0
1996-05-13 00:00:00-04:00,2.5844405453197585,2.6578623765815363,2.5844405453197585,2.6211512088775635,287100,0.0,0.0
1996-05-14 00:00:00-04:00,2.5862757992683783,2.7312835943334903,2.5862757992683783,2.6431775093078613,30600,0.0,0.0
1996-05-15 00:00:00-04:00,2.747769179197454,2.747769179197454,2.607426166534424,2.607426166534424,19800,0.03,0.0
1996-05-16 00:00:00-04:00,2.659132751281017,2.659132751281017,2.6369731426239014,2.6369731426239014,563400,0.0,0.0
1996-05-17 00:00:00-04:00,2.600040086806223,2.7403833866119385,2.600040086806223,2.7403833866119385,4500,0.0,0.0
1996-05-20 00:00:00-04:00,2.6591327803691165,2.6591327803691165,2.600040912628174,2.600040912628174,15300,0.0,0.0
1996-05-21 00:00:00-04:00,2.673905611038208,2.673905611038208,2.673905611038208,2.673905611038208,900,0.0,0.0
1996-05-22 00:00:00-04:00,2.600040912628174,2.600040912628174,2.600040912628174,2.600040912628174,1800,0.0,0.0
1996-05-23 00:00:00-04:00,2.6591334803256284,2.747771432066303,2.600041597030089,2.629587411880493,96300,0.0,0.0
1996-05-24 00:00:00-04:00,2.600040912628174,2.600040912628174,2.600040912628174,2.600040912628174,900,0.0,0.0
1996-05-28 00:00:00-04:00,2.747771432066303,2.747771432066303,2.629587411880493,2.629587411880493,4500,0.0,0.0
1996-05-29 00:00:00-04:00,2.6443588509673646,2.6591320037841797,2.6443588509673646,2.6591320037841797,11700,0.0,0.0
1996-05-30 00:00:00-04:00,2.6886792906708465,2.6886792906708465,2.644360065460205,2.644360065460205,18900,0.0,0.0
1996-05-31 00:00:00-04:00,2.7182253414964768,2.836408853530884,2.703452180596788,2.836408853530884,61200,0.0,0.0
1996-06-03 00:00:00-04:00,2.6886796008510028,2.7773170471191406,2.6886796008510028,2.7773170471191406,18000,0.0,0.0
1996-06-04 00:00:00-04:00,2.6886775405763452,2.7256097815543696,2.6886775405763452,2.7182233333587646,27000,0.0,0.0
1996-06-05 00:00:00-04:00,2.6886775405763452,2.7256097815543696,2.6886775405763452,2.7182233333587646,32400,0.0,0.0
1996-06-06 00:00:00-04:00,2.7182233333587646,2.7182233333587646,2.7182233333587646,2.7182233333587646,0,0.0,0.0
1996-06-07 00:00:00-04:00,2.703450183373014,2.7182233333587646,2.703450183373014,2.7182233333587646,6300,0.0,0.0
1996-06-10 00:00:00-04:00,2.732996972605501,2.732996972605501,2.703450918197632,2.703450918197632,96300,0.0,0.0
1996-06-11 00:00:00-04:00,2.7182254162737154,2.7773170471191406,2.7034522549676234,2.7773170471191406,52200,0.0,0.0
1996-06-12 00:00:00-04:00,2.7773170471191406,2.7773170471191406,2.7773170471191406,2.7773170471191406,0,0.0,0.0
1996-06-13 00:00:00-04:00,2.703450918197632,2.703450918197632,2.703450918197632,2.703450918197632,900,0.0,0.0
1996-06-14 00:00:00-04:00,2.703451797242534,2.8364084513231402,2.703451797242534,2.769930124282837,15300,0.0,0.0
1996-06-17 00:00:00-04:00,2.806862115859985,2.806862115859985,2.806862115859985,2.8068621158599854,900,0.0,0.0
1996-06-18 00:00:00-04:00,2.77731567382539,2.77731567382539,2.703450918197632,2.703450918197632,35100,0.0,0.0
1996-06-19 00:00:00-04:00,2.7625434398651123,2.7625434398651123,2.7625434398651123,2.7625434398651123,3600,0.0,0.0
1996-06-20 00:00:00-04:00,2.703450918197632,2.836407529046519,2.703450918197632,2.703450918197632,6300,0.0,0.0
1996-06-21 00:00:00-04:00,2.8364077836949453,2.8364077836949453,2.673905611038208,2.673905611038208,29700,0.0,0.0
1996-06-24 00:00:00-04:00,2.644360065460205,2.7034519430832167,2.644360065460205,2.644360065460205,9900,0.0,0.0
1996-06-25 00:00:00-04:00,2.7625440858967747,2.7625440858967747,2.570495528584954,2.629587411880493,54000,0.0,0.0
1996-06-26 00:00:00-04:00,2.540948387838762,2.548334836959839,2.540948387838762,2.548334836959839,9000,0.0,0.0
1996-06-27 00:00:00-04:00,2.659134754081347,2.659134754081347,2.496631933779236,2.5852699279785156,87300,0.0,0.0
1996-06-28 00:00:00-04:00,2.481857359436153,2.600040837927915,2.422765493392944,2.4227654933929443,44100,0.0,0.0
1996-07-01 00:00:00-04:00,2.585268162727854,2.585268162727854,2.4523115158081055,2.4523115158081055,48600,0.0,0.0
1996-07-02 00:00:00-04:00,2.4375376153760695,2.5261755220551056,2.4375376153760695,2.5114023685455322,26100,0.0,0.0
1996-07-03 00:00:00-04:00,2.5261764593356353,2.5261764593356353,2.5187900066375737,2.5187900066375732,19800,0.0,0.0
1996-07-05 00:00:00-04:00,2.644359449941715,2.644359449941715,2.5261759757995605,2.5261759757995605,16200,0.0,0.0
1996-07-08 00:00:00-04:00,2.5261759757995605,2.5261759757995605,2.5261759757995605,2.5261759757995605,0,0.0,0.0
1996-07-09 00:00:00-04:00,2.600041360207868,2.6886793038750425,2.4966305104610673,2.614814519882202,92700,0.0,0.0
1996-07-10 00:00:00-04:00,2.5557240989753236,2.6369751287341012,2.5557240989753236,2.5852699279785156,8100,0.0,0.0
1996-07-11 00:00:00-04:00,2.6517467850812686,2.6517467850812686,2.5704952944539077,2.614814519882202,26100,0.0,0.0
1996-07-12 00:00:00-04:00,2.607429553325761,2.607429553325761,2.585269927978515,2.5852699279785156,7200,0.0,0.0
1996-07-15 00:00:00-04:00,2.570495128631592,2.570495128631592,2.570495128631592,2.570495128631592,7200,0.0,0.0
1996-07-16 00:00:00-04:00,2.5704952944539077,2.644360078446748,2.5704952944539077,2.614814519882202,39600,0.0,0.0
1996-07-17 00:00:00-04:00,2.6074276945801858,2.7625434398651123,2.6074276945801858,2.7625434398651123,18900,0.0,0.0
1996-07-18 00:00:00-04:00,2.696065748888634,2.7034522026012353,2.629587411880493,2.629587411880493,30600,0.0,0.0
1996-07-19 00:00:00-04:00,2.777314435442079,2.777314435442079,2.6295849900579946,2.6886770725250244,25200,0.0,0.0
1996-07-22 00:00:00-04:00,2.6221987967427367,2.76254154162257,2.6221987967427367,2.6886770725250244,9000,0.0,0.0
1996-07-23 00:00:00-04:00,2.6295873776901475,2.64066743850708,2.6222011776683134,2.64066743850708,25200,0.0,0.0
1996-07-24 00:00:00-04:00,2.64066743850708,2.64066743850708,2.64066743850708,2.64066743850708,0,0.0,0.0
1996-07-25 00:00:00-04:00,2.644360065460205,2.644360065460205,2.644360065460205,2.644360065460205,1800,0.0,0.0
1996-07-26 00:00:00-04:00,2.570495281830117,2.644360065460205,2.570495281830117,2.644360065460205,17100,0.0,0.0
1996-07-29 00:00:00-04:00,2.7625434398651123,2.7625434398651123,2.7625434398651123,2.7625434398651123,4500,0.0,0.0
1996-07-30 00:00:00-04:00,2.732995753983552,2.732995753983552,2.6886770725250244,2.6886770725250244,14400,0.0,0.0
1996-07-31 00:00:00-04:00,2.6591320037841797,2.7920886039733888,2.6591320037841797,2.6591320037841797,2700,0.0,0.0
1996-08-01 00:00:00-04:00,2.7920892238616943,2.7920892238616943,2.7920892238616943,2.7920892238616943,2700,0.0,0.0
1996-08-02 00:00:00-04:00,2.659133809673555,2.7477717723925146,2.659133809673555,2.7329986095428467,21600,0.0,0.0
1996-08-05 00:00:00-04:00,2.673905156600995,2.673905156600995,2.6591320037841797,2.6591320037841797,115200,0.0,0.0
1996-08-06 00:00:00-04:00,2.806861925055585,2.806861925055585,2.659132163193477,2.747770071029663,12600,0.0,0.0
1996-08-07 00:00:00-04:00,2.6591334803256284,2.6591334803256284,2.629587411880493,2.629587411880493,59400,0.0,0.0
1996-08-08 00:00:00-04:00,2.629587411880493,2.629587411880493,2.629587411880493,2.629587411880493,0,0.0,0.0
1996-08-09 00:00:00-04:00,2.7773170471191406,2.7773170471191406,2.7773170471191406,2.7773170471191406,900,0.0,0.0
1996-08-12 00:00:00-04:00,2.6295861625698733,2.703450918197632,2.6295861625698733,2.703450918197632,8100,0.0,0.0
1996-08-13 00:00:00-04:00,2.659133809673555,2.732998609542847,2.659133809673555,2.7329986095428467,13500,0.0,0.0
1996-08-14 00:00:00-04:00,2.8239581584930415,2.8239581584930415,2.8239581584930415,2.823958158493042,9000,0.03111,0.0
1996-08-15 00:00:00-04:00,2.8685469217057724,2.8685469217057724,2.749643366837929,2.8090951442718506,6300,0.0,0.0
1996-08-16 00:00:00-04:00,2.8090951442718506,2.8090951442718506,2.8090951442718506,2.8090951442718506,0,0.0,0.0
1996-08-19 00:00:00-04:00,2.8276736736297603,2.8276736736297603,2.8276736736297603,2.8276736736297607,135000,0.0,0.0
1996-08-20 00:00:00-04:00,2.7347798347473145,2.8982722475259903,2.7347798347473145,2.7347798347473145,5400,0.0,0.0
1996-08-21 00:00:00-04:00,2.7347798347473145,2.7347798347473145,2.7347798347473145,2.7347798347473145,0,0.0,0.0
1996-08-22 00:00:00-04:00,2.7347798347473145,2.7347798347473145,2.7347798347473145,2.7347798347473145,0,0.0,0.0
1996-08-23 00:00:00-04:00,2.749643863241252,2.8982734612283183,2.749643863241252,2.8685474395751953,29700,0.0,0.0
1996-08-26 00:00:00-04:00,2.7942330837249756,2.7942330837249756,2.7942330837249756,2.7942330837249756,1800,0.0,0.0
1996-08-27 00:00:00-04:00,2.764507210920197,2.8388218879699707,2.764507210920197,2.8388218879699707,4500,0.0,0.0
1996-08-28 00:00:00-04:00,2.7793684243537258,2.9131348259306207,2.7793684243537258,2.861114501953125,26100,0.0,0.0
1996-08-29 00:00:00-04:00,2.9131366398588363,2.9131366398588363,2.853684840456902,2.905705451965332,29700,0.0,0.0
1996-08-30 00:00:00-04:00,2.905705451965332,2.905705451965332,2.905705451965332,2.905705451965332,0,0.0,0.0
1996-09-03 00:00:00-04:00,2.9428606033325195,2.9428606033325195,2.9428606033325195,2.9428606033325195,15300,0.0,0.0
1996-09-04 00:00:00-04:00,2.957725286483764,2.957725286483764,2.8834103589887206,2.9577252864837646,18900,0.0,0.0
1996-09-05 00:00:00-04:00,2.809095773643003,2.9577253780975266,2.809095773643003,2.853684425354004,30600,0.0,0.0
1996-09-06 00:00:00-04:00,2.9428606033325195,2.9428606033325195,2.9428606033325195,2.9428606033325195,5400,0.0,0.0
1996-09-09 00:00:00-04:00,2.816526463386702,2.8834096782300254,2.816526463386702,2.823958158493042,13500,0.0,0.0
1996-09-10 00:00:00-04:00,2.913136216107956,2.913136216107956,2.853684425354004,2.853684425354004,9000,0.0,0.0
1996-09-11 00:00:00-04:00,2.9428621479011894,2.9948822399527324,2.8536843369628473,2.9577252864837646,30600,0.0,0.0
1996-09-12 00:00:00-04:00,2.883411407470703,2.883411407470703,2.883411407470703,2.883411407470703,5400,0.0,0.0
1996-09-13 00:00:00-04:00,2.9428633614647346,3.0320412091777995,2.9428633614647346,2.9874520301818848,17100,0.0,0.0
1996-09-16 00:00:00-04:00,3.0023120849072598,3.0171749591827393,3.0023120849072598,3.0171749591827393,36000,0.0,0.0
1996-09-17 00:00:00-04:00,2.994882482784868,3.069197416305542,2.994882482784868,3.069197416305542,104400,0.0,0.0
1996-09-18 00:00:00-04:00,3.069197416305542,3.069197416305542,3.069197416305542,3.069197416305542,0,0.0,0.0
1996-09-19 00:00:00-04:00,3.002314329147339,3.002314329147339,3.002314329147339,3.002314329147339,4500,0.0,0.0
1996-09-20 00:00:00-04:00,3.002313899326905,3.0617654323577876,3.002313899326905,3.061765432357788,80100,0.0,0.0
1996-09-23 00:00:00-04:00,3.002314329147339,3.002314329147339,3.002314329147339,3.002314329147339,9000,0.0,0.0
1996-09-24 00:00:00-04:00,3.002314329147339,3.002314329147339,3.002314329147339,3.002314329147339,900,0.0,0.0
1996-09-25 00:00:00-04:00,3.002314329147339,3.002314329147339,3.002314329147339,3.002314329147339,0,0.0,0.0
1996-09-26 00:00:00-04:00,3.0097456225725816,3.0914919984174634,3.0097456225725816,3.069197416305542,198900,0.0,0.0
1996-09-27 00:00:00-04:00,3.009746551513672,3.009746551513672,3.009746551513672,3.009746551513672,1800,0.0,0.0
1996-09-30 00:00:00-04:00,3.009746551513672,3.009746551513672,3.009746551513672,3.009746551513672,8100,0.0,0.0
1996-10-01 00:00:00-04:00,3.046902549100067,3.0617654323577876,3.046902549100067,3.061765432357788,18900,0.0,0.0
1996-10-02 00:00:00-04:00,3.009745563399618,3.165806614557645,3.009745563399618,3.091491937637329,6300,0.0,0.0
1996-10-03 00:00:00-04:00,3.009745537688001,3.0320401191711426,3.009745537688001,3.0320401191711426,28800,0.0,0.0
1996-10-04 00:00:00-04:00,3.0320401191711426,3.0320401191711426,3.0320401191711426,3.0320401191711426,0,0.0,0.0
1996-10-07 00:00:00-04:00,3.0320401191711426,3.0320401191711426,3.0320401191711426,3.0320401191711426,0,0.0,0.0
1996-10-08 00:00:00-04:00,3.0320401191711426,3.0320401191711426,3.0320401191711426,3.0320401191711426,0,0.0,0.0
1996-10-09 00:00:00-04:00,3.0320401191711426,3.0320401191711426,3.0320401191711426,3.0320401191711426,0,0.0,0.0
1996-10-10 00:00:00-04:00,3.0320401191711426,3.0320401191711426,3.0320401191711426,3.0320401191711426,0,0.0,0.0
1996-10-11 00:00:00-04:00,3.0617656324903204,3.0617656324903204,3.009745537688001,3.0320401191711426,18900,0.0,0.0
1996-10-14 00:00:00-04:00,3.009746551513672,3.009746551513672,3.009746551513672,3.009746551513672,900,0.0,0.0
1996-10-15 00:00:00-04:00,3.009746551513672,3.009746551513672,3.009746551513672,3.009746551513672,0,0.0,0.0
1996-10-16 00:00:00-04:00,3.0320411405066907,3.0320411405066907,3.009746551513672,3.009746551513672,5400,0.0,0.0
1996-10-17 00:00:00-04:00,3.0097457718401075,3.0097457718401075,3.002314329147339,3.002314329147339,187200,0.0,0.0
1996-10-18 00:00:00-04:00,3.0320403550577226,3.0320403550577226,3.002314329147339,3.002314329147339,2700,0.0,0.0
1996-10-21 00:00:00-04:00,3.002314329147339,3.002314329147339,3.002314329147339,3.002314329147339,4500,0.0,0.0
1996-10-22 00:00:00-04:00,3.002314329147339,3.002314329147339,3.002314329147339,3.002314329147339,1800,0.0,0.0
1996-10-23 00:00:00-04:00,3.1212176673709413,3.1212176673709413,3.002314329147339,3.002314329147339,148500,0.0,0.0
1996-10-24 00:00:00-04:00,3.0246074199676514,3.0246074199676514,3.0246074199676514,3.0246074199676514,31500,0.0,0.0
1996-10-25 00:00:00-04:00,3.0246074199676514,3.0246074199676514,3.0246074199676514,3.0246074199676514,0,0.0,0.0
1996-10-28 00:00:00-05:00,2.9874520301818848,2.9874520301818848,2.9874520301818848,2.9874520301818848,7200,0.0,0.0
1996-10-29 00:00:00-05:00,2.9874520301818848,2.9874520301818848,2.9874520301818848,2.9874520301818848,16200,0.0,0.0
1996-10-30 00:00:00-05:00,2.987451930930736,3.12121844291687,2.987451930930736,3.12121844291687,5400,0.0,0.0
1996-10-31 00:00:00-05:00,2.9874520301818848,2.9874520301818848,2.9874520301818848,2.9874520301818848,2700,0.0,0.0
1996-11-01 00:00:00-05:00,2.9874520301818848,2.9874520301818848,2.9874520301818848,2.9874520301818848,0,0.0,0.0
1996-11-04 00:00:00-05:00,2.9874520301818848,2.9874520301818848,2.9874520301818848,2.9874520301818848,0,0.0,0.0
1996-11-05 00:00:00-05:00,2.9874520301818848,2.9874520301818848,2.9874520301818848,2.9874520301818848,0,0.0,0.0
1996-11-06 00:00:00-05:00,2.994882345199585,2.994882345199585,2.994882345199585,2.994882345199585,900,0.0,0.0
1996-11-07 00:00:00-05:00,2.994882345199585,2.994882345199585,2.994882345199585,2.994882345199585,2700,0.0,0.0
1996-11-08 00:00:00-05:00,3.002314329147339,3.002314329147339,3.002314329147339,3.002314329147339,12600,0.0,0.0
1996-11-11 00:00:00-05:00,2.994882398319476,3.0320401191711426,2.994882398319476,3.0320401191711426,39600,0.0,0.0
1996-11-12 00:00:00-05:00,3.03203885899361,3.03203885899361,3.0246074199676514,3.0246074199676514,42300,0.0,0.0
1996-11-13 00:00:00-05:00,3.0488200187683105,3.0488200187683105,3.0488200187683105,3.0488200187683105,57600,0.03111,0.0
1996-11-14 00:00:00-05:00,3.0488200187683105,3.0488200187683105,3.0488200187683105,3.0488200187683105,0,0.0,0.0
1996-11-15 00:00:00-05:00,3.0114566598641628,3.0488200187683105,3.0114566598641628,3.0488200187683105,11700,0.0,0.0
1996-11-18 00:00:00-05:00,3.011454418603755,3.0488177497004236,3.011454418603755,3.033872365951538,11700,0.0,0.0
1996-11-19 00:00:00-05:00,3.0488200187683105,3.0488200187683105,3.0488200187683105,3.0488200187683105,52200,0.0,0.0
1996-11-20 00:00:00-05:00,3.0488200187683105,3.0488200187683105,3.0488200187683105,3.0488200187683105,0,0.0,0.0
1996-11-21 00:00:00-05:00,3.078710108496935,3.078710108496935,3.0114567279815674,3.0114567279815674,10800,0.0,0.0
1996-11-22 00:00:00-05:00,3.011455704491158,3.0189285278320312,3.011455704491158,3.0189285278320312,19800,0.0,0.0
1996-11-25 00:00:00-05:00,3.1086001471284903,3.1086001471284903,3.011455999686662,3.078709363937378,72000,0.0,0.0
1996-11-26 00:00:00-05:00,3.0488186405183204,3.1085994233276177,3.011455298504658,3.0600273609161377,16200,0.0,0.0
1996-11-27 00:00:00-05:00,3.0488200187683105,3.0488200187683105,3.0488200187683105,3.0488200187683105,900,0.0,0.0
1996-11-29 00:00:00-05:00,3.0114567279815674,3.0114567279815674,3.0114567279815674,3.0114567279815674,3600,0.0,0.0
1996-12-02 00:00:00-05:00,3.048819051541924,3.108599842410511,3.0189285278320312,3.0189285278320312,3600,0.0,0.0
1996-12-03 00:00:00-05:00,3.108600253494557,3.108600253494557,3.0637643337249756,3.0637643337249756,1800,0.0,0.0
1996-12-04 00:00:00-05:00,3.0637639285700713,3.0637639285700713,3.0189285278320312,3.0189285278320312,4500,0.0,0.0
1996-12-05 00:00:00-05:00,3.0637643337249756,3.0637643337249756,3.0637643337249756,3.0637643337249756,1800,0.0,0.0
1996-12-06 00:00:00-05:00,3.0189289879718384,3.0861823558807373,3.0189289879718384,3.0861823558807373,9000,0.0,0.0
1996-12-09 00:00:00-05:00,3.0189285278320312,3.0189285278320312,3.0189285278320312,3.0189285278320312,900,0.0,0.0
1996-12-10 00:00:00-05:00,3.0338728651954843,3.198269804526024,3.026400300366926,3.168379545211792,87300,0.0,0.0
1996-12-11 00:00:00-05:00,3.228161484034366,3.228161484034366,3.078709363937378,3.078709363937378,12600,0.0,0.0
1996-12-12 00:00:00-05:00,3.0787093564990258,3.213216084675481,3.0787093564990258,3.10860013961792,19800,0.0,0.0
1996-12-13 00:00:00-05:00,3.228161476234928,3.228161476234928,3.10860013961792,3.10860013961792,15300,0.0,0.0
1996-12-16 00:00:00-05:00,3.1609081121467004,3.1609081121467004,3.10860013961792,3.10860013961792,14400,0.0,0.0
1996-12-17 00:00:00-05:00,3.10860013961792,3.10860013961792,3.10860013961792,3.10860013961792,0,0.0,0.0
1996-12-18 00:00:00-05:00,3.213215706771147,3.228161096572876,3.1683803070195418,3.228161096572876,9900,0.0,0.0
1996-12-19 00:00:00-05:00,3.228161274389217,3.302887201309204,3.1683804815429863,3.302887201309204,63000,0.0,0.0
1996-12-20 00:00:00-05:00,3.302888110039317,3.302888110039317,3.1683813532659904,3.243107557296753,36000,0.0,0.0
1996-12-23 00:00:00-05:00,3.3178329467773438,3.3178329467773438,3.3178329467773438,3.3178329467773438,1800,0.0,0.0
1996-12-24 00:00:00-05:00,3.1982700824737544,3.1982700824737544,3.1982700824737544,3.198270082473755,3600,0.0,0.0
1996-12-26 00:00:00-05:00,3.3178329467773438,3.3178329467773438,3.3178329467773438,3.3178329467773438,1800,0.0,0.0
1996-12-27 00:00:00-05:00,3.2431074751740687,3.2431074751740687,3.1907992362976074,3.1907992362976074,9000,0.0,0.0
1996-12-30 00:00:00-05:00,3.243107557296753,3.243107557296753,3.243107557296753,3.243107557296753,13500,0.0,0.0
1996-12-31 00:00:00-05:00,3.183326244354248,3.183326244354248,3.183326244354248,3.183326244354248,2700,0.0,0.0
1997-01-02 00:00:00-05:00,3.2580506801605225,3.2580506801605225,3.1982696512939586,3.2580506801605225,9000,0.0,0.0
1997-01-03 00:00:00-05:00,3.1982696512939586,3.2580506801605225,3.1982696512939586,3.2580506801605225,22500,0.0,0.0
1997-01-06 00:00:00-05:00,3.2580506801605225,3.2580506801605225,3.2580506801605225,3.2580506801605225,0,0.0,0.0
1997-01-07 00:00:00-05:00,3.2132152134296867,3.2132152134296867,3.1982700824737544,3.198270082473755,7200,0.0,0.0
1997-01-08 00:00:00-05:00,3.1982700824737544,3.1982700824737544,3.1982700824737544,3.198270082473755,0,0.0,0.0
1997-01-09 00:00:00-05:00,3.1982722944193838,3.310361623764038,3.1982722944193838,3.310361623764038,19800,0.0,0.0
1997-01-10 00:00:00-05:00,3.2580506801605225,3.2580506801605225,3.2580506801605225,3.2580506801605225,900,0.0,0.0
1997-01-13 00:00:00-05:00,3.2729962384717375,3.355194977976298,3.2729962384717375,3.3327770233154297,8100,0.0,0.0
1997-01-14 00:00:00-05:00,3.31783275571181,3.3477227687835693,3.3028873643490995,3.3477227687835693,27900,0.0,0.0
1997-01-15 00:00:00-05:00,3.3477227687835693,3.3477227687835693,3.3477227687835693,3.3477227687835693,0,0.0,0.0
1997-01-16 00:00:00-05:00,3.2879414558410645,3.2879414558410645,3.2879414558410645,3.2879414558410645,900,0.0,0.0
1997-01-17 00:00:00-05:00,3.287943689127961,3.3626696529091267,3.287943689127961,3.3402516841888428,14400,0.0,0.0
1997-01-20 00:00:00-05:00,3.3402516841888428,3.3402516841888428,3.3402516841888428,3.3402516841888428,0,0.0,0.0
1997-01-21 00:00:00-05:00,3.3402516841888428,3.3402516841888428,3.3402516841888428,3.3402516841888428,8100,0.0,0.0
1997-01-22 00:00:00-05:00,3.3028873643490995,3.3477227687835693,3.3028873643490995,3.3477227687835693,14400,0.0,0.0
1997-01-23 00:00:00-05:00,3.3925586863204806,3.3925586863204806,3.3028873643490995,3.3477227687835693,15300,0.0,0.0
1997-01-24 00:00:00-05:00,3.340250036493593,3.340250036493593,3.302887201309204,3.302887201309204,23400,0.0,0.0
1997-01-27 00:00:00-05:00,3.3402516841888428,3.3402516841888428,3.3402516841888428,3.3402516841888428,10800,0.0,0.0
1997-01-28 00:00:00-05:00,3.3925602436065674,3.3925602436065674,3.3477243054886263,3.3925602436065674,17100,0.0,0.0
1997-01-29 00:00:00-05:00,3.3701407909393306,3.3701407909393306,3.3701407909393306,3.370140790939331,6300,0.0,0.0
1997-01-30 00:00:00-05:00,3.3701407909393306,3.3701407909393306,3.3701407909393306,3.370140790939331,0,0.0,0.0
1997-01-31 00:00:00-05:00,3.295414447784424,3.295414447784424,3.295414447784424,3.295414447784424,3600,0.0,0.0
1997-02-03 00:00:00-05:00,3.3439873350226716,3.3776140213012695,3.3439873350226716,3.3776140213012695,1800,0.0,0.0
1997-02-04 00:00:00-05:00,3.392557186598799,3.4224474430084233,3.3178312890236317,3.422447443008423,136800,0.0,0.0
1997-02-05 00:00:00-05:00,3.3327770233154297,3.3327770233154297,3.3327770233154297,3.3327770233154297,1800,0.0,0.0
1997-02-06 00:00:00-05:00,3.4037674091534877,3.4037674091534877,3.3477227687835693,3.3477227687835693,5400,0.0,0.0
1997-02-07 00:00:00-05:00,3.467283725413788,3.467283725413788,3.4000303745269775,3.4000303745269775,19800,0.0,0.0
1997-02-10 00:00:00-05:00,3.4672837250759443,3.4672837250759443,3.3327770233154297,3.3327770233154297,4500,0.0,0.0
1997-02-11 00:00:00-05:00,3.467282827622859,3.467282827622859,3.3327761606773363,3.422447443008423,10800,0.0,0.0
1997-02-12 00:00:00-05:00,3.3327766982745253,3.482228517532349,3.3327766982745253,3.4822285175323486,3600,0.0,0.0
1997-02-13 00:00:00-05:00,3.4075022464368137,3.429920196533203,3.4075022464368137,3.429920196533203,1800,0.0,0.0
1997-02-14 00:00:00-05:00,3.4075040385304307,3.4075040385304307,3.3327780975281303,3.3776140213012695,6300,0.0,0.0
1997-02-18 00:00:00-05:00,3.4672839161905307,3.4672839161905307,3.332777207016088,3.407503128051758,7200,0.0,0.0
1997-02-19 00:00:00-05:00,3.501268148422241,3.501268148422241,3.501268148422241,3.501268148422241,1800,0.03444,0.0
1997-02-20 00:00:00-05:00,3.5012700935051764,3.5012700935051764,3.3510010394919805,3.41110897064209,30600,0.0,0.0
1997-02-21 00:00:00-05:00,3.433645009994507,3.433645009994507,3.433645009994507,3.433645009994507,32400,0.0,0.0
1997-02-24 00:00:00-05:00,3.4862432869420528,3.4862432869420528,3.396082162857055,3.3960821628570557,15300,0.0,0.0
1997-02-25 00:00:00-05:00,3.396082162857055,3.396082162857055,3.38105505088886,3.3960821628570557,3600,0.0,0.0
1997-02-26 00:00:00-05:00,3.3960804991400946,3.486241579055786,3.3960804991400946,3.486241579055786,1800,0.0,0.0
1997-02-27 00:00:00-05:00,3.471217393875122,3.471217393875122,3.4111097076913803,3.471217393875122,18000,0.0,0.0
1997-02-28 00:00:00-05:00,3.5313223552551065,3.5313223552551065,3.501268148422241,3.501268148422241,1800,0.0,0.0
1997-03-03 00:00:00-05:00,3.486241579055786,3.591430021531899,3.4411610390979406,3.486241579055786,14400,0.0,0.0
1997-03-04 00:00:00-05:00,3.5839178225441373,3.591431248437183,3.501269621812657,3.5613772869110107,35100,0.0,0.0
1997-03-05 00:00:00-05:00,3.591431248437183,3.666566023275618,3.5613772869110107,3.5613772869110107,23400,0.0,0.0
1997-03-06 00:00:00-05:00,3.561375432379215,3.5914293782552544,3.5313220024108887,3.5313220024108887,9900,0.0,0.0
1997-03-07 00:00:00-05:00,3.5313233077306005,3.5764038562774663,3.5313233077306005,3.576403856277466,22500,0.0,0.0
1997-03-10 00:00:00-05:00,3.5313238412928203,3.5839178225441373,3.5313238412928203,3.5613772869110107,15300,0.0,0.0
1997-03-11 00:00:00-05:00,3.6365107307939866,3.66656494140625,3.598943870367359,3.66656494140625,13500,0.0,0.0
1997-03-12 00:00:00-05:00,3.5989439487457275,3.5989439487457275,3.5989439487457275,3.5989439487457275,4500,0.0,0.0
1997-03-13 00:00:00-05:00,3.6515370120534767,3.666564113968425,3.5313220024108887,3.5313220024108887,13500,0.0,0.0
1997-03-14 00:00:00-05:00,3.5313220024108887,3.5313220024108887,3.5313220024108887,3.5313220024108887,0,0.0,0.0
1997-03-17 00:00:00-05:00,3.5313220024108887,3.598943058189657,3.5313220024108887,3.5313220024108887,16200,0.0,0.0
1997-03-18 00:00:00-05:00,3.598944824521714,3.598944824521714,3.53132373555508,3.591431140899658,7200,0.0,0.0
1997-03-19 00:00:00-05:00,3.666564551117098,3.726671934127808,3.5313224234352263,3.7266719341278076,93600,0.0,0.0
1997-03-20 00:00:00-05:00,3.8168344497680664,3.8168344497680664,3.696618880744235,3.8168344497680664,8100,0.0,0.0
1997-03-21 00:00:00-05:00,3.831860034896445,3.831860034896445,3.696617909948244,3.756725549697876,25200,0.0,0.0
1997-03-24 00:00:00-05:00,3.6815919876098633,3.6815919876098633,3.6815919876098633,3.6815919876098633,900,0.0,0.0
1997-03-25 00:00:00-05:00,3.6815913968697753,3.786779575092405,3.6815913968697753,3.7266719341278076,17100,0.0,0.0
1997-03-26 00:00:00-05:00,3.7717524713858404,3.7717524713858404,3.726671934127808,3.7266719341278076,6300,0.0,0.0
1997-03-27 00:00:00-05:00,3.7266722347109664,3.7867798805236816,3.7266722347109664,3.7867798805236816,15300,0.0,0.0
1997-03-31 00:00:00-05:00,3.7867804930236213,3.8168344497680664,3.7867804930236213,3.8168344497680664,4500,0.0,0.0
1997-04-01 00:00:00-05:00,3.756723985889925,3.801805019378662,3.756723985889925,3.801805019378662,11700,0.0,0.0
1997-04-02 00:00:00-05:00,3.794293165206909,3.794293165206909,3.794293165206909,3.794293165206909,4500,0.0,0.0
1997-04-03 00:00:00-05:00,3.7980497478337107,3.7980497478337107,3.7567257912154997,3.794293165206909,19800,0.0,0.0
1997-04-04 00:00:00-05:00,3.7567260666116598,3.816833972585834,3.7567260666116598,3.779266595840454,21600,0.0,0.0
1997-04-07 00:00:00-04:00,3.756725549697876,3.756725549697876,3.756725549697876,3.756725549697876,3600,0.0,0.0
1997-04-08 00:00:00-04:00,3.75672592864037,3.7867798805236816,3.75672592864037,3.7867798805236816,16200,0.0,0.0
1997-04-09 00:00:00-04:00,3.8018069854422913,3.8018069854422913,3.7867798805236816,3.7867798805236816,14400,0.0,0.0
1997-04-10 00:00:00-04:00,3.8168344497680664,3.8168344497680664,3.8168344497680664,3.8168344497680664,2700,0.0,0.0
1997-04-11 00:00:00-04:00,3.756725549697876,3.756725549697876,3.756725549697876,3.756725549697876,4500,0.0,0.0
1997-04-14 00:00:00-04:00,3.8168344497680664,3.8168344497680664,3.8168344497680664,3.8168344497680664,900,0.0,0.0
1997-04-15 00:00:00-04:00,3.8168344497680664,3.8168344497680664,3.8168344497680664,3.8168344497680664,0,0.0,0.0
1997-04-16 00:00:00-04:00,3.741699496683092,3.741699496683092,3.6515378952026363,3.6515378952026367,18900,0.0,0.0
1997-04-17 00:00:00-04:00,3.6515378952026363,3.6515378952026363,3.6515378952026363,3.6515378952026367,1800,0.0,0.0
1997-04-18 00:00:00-04:00,3.6515378952026363,3.6515378952026363,3.6515378952026363,3.6515378952026367,0,0.0,0.0
1997-04-21 00:00:00-04:00,3.606456782214659,3.666564421046958,3.5463491433823604,3.644023895263672,65700,0.0,0.0
1997-04-22 00:00:00-04:00,3.6064581871032715,3.6064581871032715,3.6064581871032715,3.6064581871032715,22500,0.0,0.0
1997-04-23 00:00:00-04:00,3.576403502029682,3.576403502029682,3.3960808097955306,3.456188201904297,36900,0.0,0.0
1997-04-24 00:00:00-04:00,3.4787304401397705,3.4787304401397705,3.4787304401397705,3.4787304401397705,101700,0.0,0.0
1997-04-25 00:00:00-04:00,3.4787281072184646,3.4787281072184646,3.4261336326599117,3.426133632659912,113400,0.0,0.0
1997-04-28 00:00:00-04:00,3.4261336326599117,3.4261336326599117,3.4261336326599117,3.426133632659912,18900,0.0,0.0
1997-04-29 00:00:00-04:00,3.4261336326599117,3.4261336326599117,3.4261336326599117,3.426133632659912,35100,0.0,0.0
1997-04-30 00:00:00-04:00,3.396082162857055,3.396082162857055,3.396082162857055,3.3960821628570557,3600,0.0,0.0
1997-05-01 00:00:00-04:00,3.456187581271388,3.6064568084210062,3.4261336326599117,3.426133632659912,432000,0.0,0.0
1997-05-02 00:00:00-04:00,3.5764031748792835,3.5764031748792835,3.486241579055786,3.486241579055786,5400,0.0,0.0
1997-05-05 00:00:00-04:00,3.5087809562683105,3.5087809562683105,3.5087809562683105,3.5087809562683105,4500,0.0,0.0
1997-05-06 00:00:00-04:00,3.5087817978760603,3.5087817978760603,3.4261336326599117,3.426133632659912,6300,0.0,0.0
1997-05-07 00:00:00-04:00,3.426134898227939,3.5764041808850044,3.426134898227939,3.5463504791259766,27900,0.0,0.0
1997-05-08 00:00:00-04:00,3.4862409546199014,3.561375432379215,3.4862409546199014,3.5313220024108887,26100,0.0,0.0
1997-05-09 00:00:00-04:00,3.5463504791259766,3.5463504791259766,3.5463504791259766,3.5463504791259766,5400,0.0,0.0
1997-05-12 00:00:00-04:00,3.5313220024108887,3.5313220024108887,3.5313220024108887,3.5313220024108887,5400,0.0,0.0
1997-05-13 00:00:00-04:00,3.5764033413851184,3.66656494140625,3.5463496466806848,3.66656494140625,27000,0.0,0.0
1997-05-14 00:00:00-04:00,3.6852915287017822,3.6852915287017822,3.6852915287017822,3.6852915287017822,0,0.03444,0.0
1997-05-15 00:00:00-04:00,3.594669337772795,3.77591299562932,3.594669337772795,3.7608096599578857,36900,0.0,0.0
1997-05-16 00:00:00-04:00,3.8212235333538733,3.8212235333538733,3.692842483520508,3.692842483520508,12600,0.0,0.0
1997-05-19 00:00:00-04:00,3.8514306545257573,3.8514306545257573,3.8514306545257573,3.851430654525757,900,0.0,0.0
1997-05-20 00:00:00-04:00,3.655083417892456,3.655083417892456,3.655083417892456,3.655083417892456,2700,0.0,0.0
1997-05-21 00:00:00-04:00,3.655083417892456,3.655083417892456,3.655083417892456,3.655083417892456,0,0.0,0.0
1997-05-22 00:00:00-04:00,3.655083270566248,3.662635326385498,3.655083270566248,3.662635326385498,6300,0.0,0.0
1997-05-23 00:00:00-04:00,3.8061182498931885,3.8061182498931885,3.8061182498931885,3.8061182498931885,3600,0.0,0.0
1997-05-27 00:00:00-04:00,3.8061182498931885,3.8061182498931885,3.8061182498931885,3.8061182498931885,4500,0.0,0.0
1997-05-28 00:00:00-04:00,3.6248771230646812,3.768361806869507,3.6248771230646812,3.768361806869507,9000,0.0,0.0
1997-05-29 00:00:00-04:00,3.8061182498931885,3.8061182498931885,3.8061182498931885,3.8061182498931885,18000,0.0,0.0
1997-05-30 00:00:00-04:00,3.670187950134277,3.670187950134277,3.670187950134277,3.6701879501342773,900,0.0,0.0
1997-06-02 00:00:00-04:00,3.8061208371762874,3.8061208371762874,3.670187950134277,3.6701879501342773,5400,0.0,0.0
1997-06-03 00:00:00-04:00,3.6852909177767303,3.723049640655518,3.6852909177767303,3.7230496406555176,4500,0.0,0.0
1997-06-04 00:00:00-04:00,3.8061182498931885,3.8061182498931885,3.8061182498931885,3.8061182498931885,4500,0.0,0.0
1997-06-05 00:00:00-04:00,3.745705498662705,3.745705498662705,3.655083417892456,3.655083417892456,9900,0.0,0.0
1997-06-06 00:00:00-04:00,3.624876489754637,3.745705498662705,3.624876489754637,3.655083417892456,17100,0.0,0.0
1997-06-09 00:00:00-04:00,3.655083417892456,3.655083417892456,3.655083417892456,3.655083417892456,0,0.0,0.0
1997-06-10 00:00:00-04:00,3.6852915287017822,3.6852915287017822,3.6852915287017822,3.6852915287017822,5400,0.0,0.0
1997-06-11 00:00:00-04:00,3.6852915287017822,3.6852915287017822,3.6852915287017822,3.6852915287017822,900,0.0,0.0
1997-06-12 00:00:00-04:00,3.6852887416276876,3.7305994934520177,3.5644595515537585,3.5946667194366455,13500,0.0,0.0
1997-06-13 00:00:00-04:00,3.655083417892456,3.745705498662705,3.564461855664924,3.655083417892456,27900,0.0,0.0
1997-06-16 00:00:00-04:00,3.5795658525919993,3.670187950134277,3.5795658525919993,3.6701879501342773,6300,0.0,0.0
1997-06-17 00:00:00-04:00,3.6852924617557927,3.7003960609436035,3.6852924617557927,3.7003960609436035,32400,0.0,0.0
1997-06-18 00:00:00-04:00,3.6097722094368048,3.692842483520508,3.6097722094368048,3.692842483520508,12600,0.0,0.0
1997-06-19 00:00:00-04:00,3.6097731590270996,3.6852916570184924,3.6097731590270996,3.6097731590270996,7200,0.0,0.0
1997-06-20 00:00:00-04:00,3.7608097647923393,3.7608097647923393,3.6097730333398386,3.6852915287017822,18000,0.0,0.0
1997-06-23 00:00:00-04:00,3.609772171310512,3.624876022338867,3.609772171310512,3.624876022338867,16200,0.0,0.0
1997-06-24 00:00:00-04:00,3.6890670386356605,3.7457059101571186,3.6248768879750592,3.6852915287017822,31500,0.0,0.0
1997-06-25 00:00:00-04:00,3.60977263677869,3.655083417892456,3.60977263677869,3.655083417892456,4500,0.0,0.0
1997-06-26 00:00:00-04:00,3.655083417892456,3.655083417892456,3.655083417892456,3.655083417892456,0,0.0,0.0
1997-06-27 00:00:00-04:00,3.723049923392183,3.7759127616882324,3.6248765623463393,3.7759127616882324,23400,0.0,0.0
1997-06-30 00:00:00-04:00,3.7910162797764713,3.7910162797764713,3.6399798241878676,3.655083417892456,26100,0.0,0.0
1997-07-01 00:00:00-04:00,3.6701878590511376,3.7306025028228755,3.6701878590511376,3.730602502822876,18900,0.0,0.0
1997-07-02 00:00:00-04:00,3.8061205508838416,3.8061205508838416,3.6852915287017822,3.6852915287017822,9000,0.0,0.0
1997-07-03 00:00:00-04:00,3.6852915287017822,3.6852915287017822,3.6852915287017822,3.6852915287017822,1800,0.0,0.0
1997-07-07 00:00:00-04:00,3.7759108181560515,3.836325681630326,3.6701854552541464,3.8061182498931885,126900,0.0,0.0
1997-07-08 00:00:00-04:00,3.7003960609436035,3.7154994008599624,3.7003960609436035,3.7003960609436035,21600,0.0,0.0
1997-07-09 00:00:00-04:00,3.866532854096233,3.866532854096233,3.8061182498931885,3.8061182498931885,17100,0.0,0.0
1997-07-10 00:00:00-04:00,3.8967424286388384,3.8967424286388384,3.7457057054410297,3.8363277912139893,39600,0.0,0.0
1997-07-11 00:00:00-04:00,3.7608094269525427,3.791016355695285,3.7608094269525427,3.7759127616882324,14400,0.0,0.0
1997-07-14 00:00:00-04:00,3.843878019950539,3.9118444314945693,3.8061190464656804,3.8589816093444824,18000,0.0,0.0
1997-07-15 00:00:00-04:00,3.8061190957304887,3.964707564233451,3.791015246869763,3.8967411518096924,27900,0.0,0.0
1997-07-16 00:00:00-04:00,3.8061190957304887,3.942051920578006,3.8061190957304887,3.8967411518096924,32400,0.0,0.0
1997-07-17 00:00:00-04:00,3.94205161837686,3.9571554660797115,3.8967408530821093,3.957155466079712,82800,0.0,0.0
1997-07-18 00:00:00-04:00,3.8967419511311525,3.9571565811527782,3.8514306545257573,3.851430654525757,148500,0.0,0.0
1997-07-21 00:00:00-04:00,4.002467849678794,4.002467849678794,3.8363277912139893,3.8363277912139893,34200,0.0,0.0
1997-07-22 00:00:00-04:00,3.8816385748290965,3.8816385748290965,3.8363277912139893,3.8363277912139893,14400,0.0,0.0
1997-07-23 00:00:00-04:00,3.987365223326372,3.987365223326372,3.7003960609436035,3.7003960609436035,29700,0.0,0.0
1997-07-24 00:00:00-04:00,3.8363274953846416,3.8363274953846416,3.7154979705810547,3.7154979705810547,2700,0.0,0.0
1997-07-25 00:00:00-04:00,3.7154979705810547,3.7154979705810547,3.7154979705810547,3.7154979705810547,7200,0.0,0.0
1997-07-28 00:00:00-04:00,3.7154979705810547,3.7154979705810547,3.685291043105025,3.7154979705810547,58500,0.0,0.0
1997-07-29 00:00:00-04:00,3.6097731590270996,3.6097731590270996,3.6097731590270996,3.6097731590270996,2700,0.0,0.0
1997-07-30 00:00:00-04:00,3.791014697829271,3.8363259785778725,3.700393173417067,3.745703935623169,22500,0.0,0.0
1997-07-31 00:00:00-04:00,3.7683614574292923,3.7683614574292923,3.7608096599578853,3.7608096599578857,34200,0.0,0.0
1997-08-01 00:00:00-04:00,3.7608096599578853,3.7608096599578853,3.7608096599578853,3.7608096599578857,0,0.0,0.0
1997-08-04 00:00:00-04:00,3.85143162667602,3.85143162667602,3.670187950134277,3.6701879501342773,2700,0.0,0.0
1997-08-05 00:00:00-04:00,3.791016355695285,3.791016355695285,3.7759127616882324,3.7759127616882324,10800,0.0,0.0
1997-08-06 00:00:00-04:00,3.7154982570929187,3.8363277912139893,3.7154982570929187,3.8363277912139893,42300,0.0,0.0
1997-08-07 00:00:00-04:00,3.7985667794874556,3.83632600754894,3.7985667794874556,3.8287742137908936,18000,0.0,0.0
1997-08-08 00:00:00-04:00,3.745703935623169,3.745703935623169,3.745703935623169,3.745703935623169,1800,0.0,0.0
1997-08-11 00:00:00-04:00,3.926949358444204,3.926949358444204,3.8363277912139893,3.8363277912139893,6300,0.0,0.0
1997-08-12 00:00:00-04:00,3.745703963909879,3.828774213790893,3.745703963909879,3.8287742137908936,5400,0.0,0.0
1997-08-13 00:00:00-04:00,3.8551812171936035,3.8551812171936035,3.8551812171936035,3.8551812171936035,22500,0.03444,0.0
1997-08-14 00:00:00-04:00,3.8551812171936035,3.8551812171936035,3.8551812171936035,3.8551812171936035,8100,0.0,0.0
1997-08-15 00:00:00-04:00,3.8551837911587783,3.8551837911587783,3.7641162872314453,3.7641162872314453,32400,0.0,0.0
1997-08-18 00:00:00-04:00,3.8248277231780774,3.9158952236175537,3.8248277231780774,3.9158952236175537,14400,0.0,0.0
1997-08-19 00:00:00-04:00,3.7641162872314453,3.8551837911587783,3.7641162872314453,3.7641162872314453,12600,0.0,0.0
1997-08-20 00:00:00-04:00,3.946250773994667,3.946250773994667,3.7641162872314453,3.7641162872314453,4500,0.0,0.0
1997-08-21 00:00:00-04:00,3.8551819087901196,3.8551819087901196,3.824826002120972,3.8248260021209717,2700,0.0,0.0
1997-08-22 00:00:00-04:00,3.7641153436757175,3.9007163047790527,3.7641153436757175,3.9007163047790527,8100,0.0,0.0
1997-08-25 00:00:00-04:00,3.9007145334688005,3.9007145334688005,3.733757734298706,3.733757734298706,46800,0.0,0.0
1997-08-26 00:00:00-04:00,3.7337605793524418,3.802061080932617,3.7337605793524418,3.802061080932617,29700,0.0,0.0
1997-08-27 00:00:00-04:00,3.8855394521040747,3.9158953735950925,3.7641162872314453,3.7641162872314453,8100,0.0,0.0
1997-08-28 00:00:00-04:00,3.824827884805613,3.961428880691528,3.7717054779410977,3.9614288806915283,46800,0.0,0.0
1997-08-29 00:00:00-04:00,3.809647918513601,4.0069603999534795,3.809647918513601,3.8248260021209717,29700,0.0,0.0
1997-09-02 00:00:00-04:00,3.8248277231780774,3.9158952236175537,3.8248277231780774,3.9158952236175537,5400,0.0,0.0
1997-09-03 00:00:00-04:00,3.923480059681381,3.923480059681381,3.8400018215179443,3.8400018215179443,2700,0.0,0.0
1997-09-04 00:00:00-04:00,4.006961345672607,4.006961345672607,4.006961345672607,4.006961345672607,2700,0.0,0.0
1997-09-05 00:00:00-04:00,4.006961345672607,4.006961345672607,4.006961345672607,4.006961345672607,0,0.0,0.0
1997-09-08 00:00:00-04:00,3.9766081688528163,3.9766081688528163,3.8551849669474567,3.9310741424560547,18900,0.0,0.0
1997-09-09 00:00:00-04:00,3.8551812171936035,3.8551812171936035,3.8551812171936035,3.8551812171936035,2700,0.0,0.0
1997-09-10 00:00:00-04:00,4.006961345672607,4.006961345672607,4.006961345672607,4.006961345672607,2700,0.0,0.0
1997-09-11 00:00:00-04:00,4.006959681128812,4.006959681128812,3.8551812171936035,3.8551812171936035,4500,0.0,0.0
1997-09-12 00:00:00-04:00,3.8551812171936035,3.8551812171936035,3.8551812171936035,3.8551812171936035,0,0.0,0.0
1997-09-15 00:00:00-04:00,4.006961345672607,4.006961345672607,4.006961345672607,4.006961345672607,5400,0.0,0.0
1997-09-16 00:00:00-04:00,3.9462481392274,3.9462481392274,3.8551812171936035,3.8551812171936035,25200,0.0,0.0
1997-09-17 00:00:00-04:00,3.8551812171936035,3.8551812171936035,3.8551812171936035,3.8551812171936035,0,0.0,0.0
1997-09-18 00:00:00-04:00,4.006961345672607,4.006961345672607,4.006961345672607,4.006961345672607,49500,0.0,0.0
1997-09-19 00:00:00-04:00,3.9007163047790527,3.9007163047790527,3.9007163047790527,3.9007163047790527,3600,0.0,0.0
1997-09-22 00:00:00-04:00,4.067671298980713,4.067671298980713,4.067671298980713,4.067671298980713,900,0.0,0.0
1997-09-23 00:00:00-04:00,4.067671298980713,4.067671298980713,4.067671298980713,4.067671298980713,0,0.0,0.0
1997-09-24 00:00:00-04:00,4.067672919218393,4.067672919218393,3.9007163047790527,3.9007163047790527,2700,0.0,0.0
1997-09-25 00:00:00-04:00,4.0676734098354475,4.0676734098354475,4.037317752838135,4.037317752838135,16200,0.0,0.0
1997-09-26 00:00:00-04:00,3.931070199005318,4.431940078735352,3.931070199005318,4.431940078735352,108900,0.0,0.0
1997-09-29 00:00:00-04:00,4.340872764587402,4.340872764587402,4.340872764587402,4.340872764587402,80100,0.0,0.0
1997-09-30 00:00:00-04:00,4.3712297262559066,4.3712297262559066,4.249806880950928,4.249806880950928,3600,0.0,0.0
1997-10-01 00:00:00-04:00,4.333286209646588,4.333286209646588,4.1739182472229,4.1739182472229,14400,0.0,0.0
1997-10-02 00:00:00-04:00,4.181506416478179,4.249806880950928,4.181506416478179,4.249806880950928,8100,0.0,0.0
1997-10-03 00:00:00-04:00,4.340874031644275,4.340874031644275,4.227040092324079,4.3256964683532715,9000,0.0,0.0
1997-10-06 00:00:00-04:00,4.113206450732526,4.158739925538238,4.098028365251662,4.143561840057373,81000,0.0,0.0
1997-10-07 00:00:00-04:00,4.143561840057373,4.143561840057373,4.143561840057373,4.143561840057373,0,0.0,0.0
1997-10-08 00:00:00-04:00,4.143561840057373,4.143561840057373,4.143561840057373,4.143561840057373,0,0.0,0.0
1997-10-09 00:00:00-04:00,4.257396221160889,4.257396221160889,4.257396221160889,4.257396221160889,3600,0.0,0.0
1997-10-10 00:00:00-04:00,4.257396871836207,4.401587009429932,4.234629870876324,4.401587009429932,26100,0.0,0.0
1997-10-13 00:00:00-04:00,4.249806852229101,4.363640785217285,4.249806852229101,4.363640785217285,3600,0.0,0.0
1997-10-14 00:00:00-04:00,4.363640785217285,4.363640785217285,4.363640785217285,4.363640785217285,0,0.0,0.0
1997-10-15 00:00:00-04:00,4.462297521891193,4.462297521891193,4.2042732071224025,4.34846305847168,2700,0.0,0.0
1997-10-16 00:00:00-04:00,4.34846305847168,4.34846305847168,4.34846305847168,4.34846305847168,0,0.0,0.0
1997-10-17 00:00:00-04:00,4.173918353581109,4.295341491699219,4.173918353581109,4.295341491699219,1800,0.0,0.0
1997-10-20 00:00:00-04:00,4.29533941458053,4.29533941458053,4.173916335179585,4.287750244140625,22500,0.0,0.0
1997-10-21 00:00:00-04:00,4.287750244140625,4.287750244140625,4.287750244140625,4.287750244140625,0,0.0,0.0
1997-10-22 00:00:00-04:00,4.173918755207901,4.2725749015808105,4.173918755207901,4.2725749015808105,40500,0.0,0.0
1997-10-23 00:00:00-04:00,4.143561840057373,4.143561840057373,4.143561840057373,4.143561840057373,1800,0.0,0.0
1997-10-24 00:00:00-04:00,4.143561840057373,4.143561840057373,4.143561840057373,4.143561840057373,0,0.0,0.0
1997-10-27 00:00:00-05:00,4.340875177900222,4.340875177900222,4.128385066986084,4.128385066986084,2700,0.0,0.0
1997-10-28 00:00:00-05:00,4.249808010314176,4.295341491699219,4.006961473532293,4.295341491699219,18900,0.0,0.0
1997-10-29 00:00:00-05:00,4.2194504737854,4.2194504737854,4.2194504737854,4.2194504737854,2700,0.0,0.0
1997-10-30 00:00:00-05:00,4.067673046179814,4.219451838688516,3.9766060833293895,4.05249547958374,26100,0.0,0.0
1997-10-31 00:00:00-05:00,4.006960025819745,4.2801618576049805,4.006960025819745,4.2801618576049805,8100,0.0,0.0
1997-11-03 00:00:00-05:00,4.2801618576049805,4.2801618576049805,4.2801618576049805,4.2801618576049805,0,0.0,0.0
1997-11-04 00:00:00-05:00,4.075260115589629,4.082849025726318,4.075260115589629,4.082849025726318,8100,0.0,0.0
1997-11-05 00:00:00-05:00,4.082849025726318,4.082849025726318,4.082849025726318,4.082849025726318,9000,0.0,0.0
1997-11-06 00:00:00-05:00,4.067671298980713,4.067671298980713,4.067671298980713,4.067671298980713,1800,0.0,0.0
1997-11-07 00:00:00-05:00,4.249806880950928,4.249806880950928,4.249806880950928,4.249806880950928,13500,0.0,0.0
1997-11-10 00:00:00-05:00,4.067671298980713,4.067671298980713,4.067671298980713,4.067671298980713,9000,0.0,0.0
1997-11-11 00:00:00-05:00,4.082849025726318,4.082849025726318,4.082849025726318,4.082849025726318,8100,0.0,0.0
1997-11-12 00:00:00-05:00,4.063635426127934,4.147500259983276,4.056011112366493,4.086507320404053,49500,0.03444,0.0
1997-11-13 00:00:00-05:00,4.086507320404053,4.086507320404053,4.086507320404053,4.086507320404053,0,0.0,0.0
1997-11-14 00:00:00-05:00,4.025515556335449,4.025515556335449,4.025515556335449,4.025515556335449,7200,0.0,0.0
1997-11-17 00:00:00-05:00,4.117005463312462,4.1475019454956055,4.117005463312462,4.1475019454956055,6300,0.0,0.0
1997-11-18 00:00:00-05:00,4.086506027044985,4.147498947320249,4.086506027044985,4.117002487182617,3600,0.0,0.0
1997-11-19 00:00:00-05:00,4.086508248007455,4.086508248007455,4.025515556335449,4.025515556335449,16200,0.0,0.0
1997-11-20 00:00:00-05:00,4.254238605499268,4.254238605499268,4.254238605499268,4.254238605499268,1800,0.0,0.0
1997-11-21 00:00:00-05:00,4.117002487182617,4.117002487182617,4.117002487182617,4.117002487182617,5400,0.0,0.0
1997-11-24 00:00:00-05:00,4.177995681762695,4.177995681762695,4.177995681762695,4.177995681762695,9900,0.0,0.0
1997-11-25 00:00:00-05:00,4.177995681762695,4.177995681762695,4.177995681762695,4.177995681762695,0,0.0,0.0
1997-11-26 00:00:00-05:00,4.086508849914419,4.177998031774038,4.0560126304626465,4.0560126304626465,16200,0.0,0.0
1997-11-28 00:00:00-05:00,4.0560126304626465,4.0560126304626465,4.0560126304626465,4.0560126304626465,0,0.0,0.0
1997-12-01 00:00:00-05:00,4.2694854736328125,4.2694854736328125,4.2694854736328125,4.2694854736328125,31500,0.0,0.0
1997-12-02 00:00:00-05:00,4.2694854736328125,4.2694854736328125,4.2694854736328125,4.2694854736328125,2700,0.0,0.0
1997-12-03 00:00:00-05:00,4.056010349064806,4.177995681762695,4.025513885014332,4.177995681762695,15300,0.0,0.0
1997-12-04 00:00:00-05:00,4.177995681762695,4.177995681762695,4.177995681762695,4.177995681762695,900,0.0,0.0
1997-12-05 00:00:00-05:00,4.17037310089942,4.17037310089942,4.025515556335449,4.025515556335449,9000,0.0,0.0
1997-12-08 00:00:00-05:00,4.177995681762695,4.177995681762695,4.177995681762695,4.177995681762695,3600,0.0,0.0
1997-12-09 00:00:00-05:00,4.117003782663595,4.269485607828657,4.025514635214148,4.238988876342773,54900,0.0,0.0
1997-12-10 00:00:00-05:00,4.185620512374655,4.238988876342773,4.185620512374655,4.238988876342773,37800,0.0,0.0
1997-12-11 00:00:00-05:00,4.238988876342773,4.238988876342773,4.238988876342773,4.238988876342773,0,0.0,0.0
1997-12-12 00:00:00-05:00,4.162748102250004,4.162748102250004,4.086507320404053,4.086507320404053,2700,0.0,0.0
1997-12-15 00:00:00-05:00,4.147500259983276,4.238988884095955,4.086507320404053,4.086507320404053,16200,0.0,0.0
1997-12-16 00:00:00-05:00,4.086507320404053,4.086507320404053,4.086507320404053,4.086507320404053,0,0.0,0.0
1997-12-17 00:00:00-05:00,4.223740050408104,4.223740050408104,4.101754715827247,4.162747383117676,12600,0.0,0.0
1997-12-18 00:00:00-05:00,4.086507320404053,4.223740780077175,4.086507320404053,4.086507320404053,11700,0.0,0.0
1997-12-19 00:00:00-05:00,4.025515556335449,4.025515556335449,4.025515556335449,4.025515556335449,15300,0.0,0.0
1997-12-22 00:00:00-05:00,4.033139610075436,4.033139610075436,4.025515556335449,4.025515556335449,9000,0.0,0.0
1997-12-23 00:00:00-05:00,4.025515556335449,4.025515556335449,4.025515556335449,4.025515556335449,0,0.0,0.0
1997-12-24 00:00:00-05:00,4.010267710607587,4.025515556335449,4.010267710607587,4.025515556335449,8100,0.0,0.0
1997-12-26 00:00:00-05:00,4.208492755889893,4.208492755889893,4.208492755889893,4.208492755889893,1800,0.0,0.0
1997-12-29 00:00:00-05:00,3.99501857974379,4.002642631530762,3.99501857974379,4.002642631530762,4500,0.0,0.0
1997-12-30 00:00:00-05:00,4.086507851668787,4.1322526931762695,4.086507851668787,4.1322526931762695,1800,0.0,0.0
1997-12-31 00:00:00-05:00,4.117006026558896,4.117006026558896,3.995020866394043,3.995020866394043,9900,0.0,0.0
1998-01-02 00:00:00-05:00,3.9950174318879967,4.117002487182617,3.9950174318879967,4.117002487182617,14400,0.0,0.0
1998-01-05 00:00:00-05:00,4.086507320404053,4.086507320404053,4.086507320404053,4.086507320404053,900,0.0,0.0
1998-01-06 00:00:00-05:00,4.086507320404053,4.086507320404053,4.086507320404053,4.086507320404053,5400,0.0,0.0
1998-01-07 00:00:00-05:00,3.979771614074707,3.979771614074707,3.979771614074707,3.979771614074707,6300,0.0,0.0
1998-01-08 00:00:00-05:00,3.979769608028876,3.979769608028876,3.9645212450262486,3.9721455574035645,4500,0.0,0.0
1998-01-09 00:00:00-05:00,3.9492757093078374,4.208494907722671,3.827290296554565,3.8272902965545654,8100,0.0,0.0
1998-01-12 00:00:00-05:00,3.827290296554565,3.827290296554565,3.827290296554565,3.8272902965545654,7200,0.0,0.0
1998-01-13 00:00:00-05:00,3.8120410164663285,3.8120410164663285,3.5375740528106694,3.537574052810669,67500,0.0,0.0
1998-01-14 00:00:00-05:00,3.6595596899101883,3.6595596899101883,3.5375740528106694,3.537574052810669,7200,0.0,0.0
1998-01-15 00:00:00-05:00,3.7815456390380855,3.7815456390380855,3.7815456390380855,3.781545639038086,20700,0.0,0.0
1998-01-16 00:00:00-05:00,3.7357993125915527,3.7357993125915527,3.4918286384010795,3.7357993125915527,55800,0.0,0.0
1998-01-20 00:00:00-05:00,3.7891685622369833,3.7891685622369833,3.65193510055542,3.65193510055542,10800,0.0,0.0
1998-01-21 00:00:00-05:00,3.5375740528106694,3.5375740528106694,3.5375740528106694,3.537574052810669,900,0.0,0.0
1998-01-22 00:00:00-05:00,3.5375740528106694,3.5375740528106694,3.5375740528106694,3.537574052810669,0,0.0,0.0
1998-01-23 00:00:00-05:00,3.5375733989991134,3.6900549591258245,3.5375733989991134,3.5833182334899902,27000,0.0,0.0
1998-01-26 00:00:00-05:00,3.5985668902067536,3.6138147344603717,3.5985668902067536,3.6061906814575195,25200,0.0,0.0
1998-01-27 00:00:00-05:00,3.5375740528106694,3.5375740528106694,3.5375740528106694,3.537574052810669,3600,0.0,0.0
1998-01-28 00:00:00-05:00,3.8730332500811513,3.8730332500811513,3.568069868075683,3.5833182334899902,29700,0.0,0.0
1998-01-29 00:00:00-05:00,3.9035275999241086,3.9035275999241086,3.5985646247863765,3.598564624786377,3600,0.0,0.0
1998-01-30 00:00:00-05:00,3.5985646247863765,3.5985646247863765,3.5985646247863765,3.598564624786377,0,0.0,0.0
1998-02-02 00:00:00-05:00,3.613813400268555,3.613813400268555,3.613813400268555,3.6138134002685547,20700,0.0,0.0
1998-02-03 00:00:00-05:00,3.6214396614993225,3.7205531597137456,3.6214396614993225,3.720553159713745,16200,0.0,0.0
1998-02-04 00:00:00-05:00,3.7205531597137456,3.7205531597137456,3.7205531597137456,3.720553159713745,23400,0.0,0.0
1998-02-05 00:00:00-05:00,3.659559726715088,3.659559726715088,3.659559726715088,3.659559726715088,5400,0.0,0.0
1998-02-06 00:00:00-05:00,3.659559726715088,3.659559726715088,3.659559726715088,3.659559726715088,3600,0.0,0.0
1998-02-09 00:00:00-05:00,3.659559726715088,3.659559726715088,3.659559726715088,3.659559726715088,0,0.0,0.0
1998-02-10 00:00:00-05:00,3.7815459239514446,3.7815459239514446,3.667184829711914,3.667184829711914,13500,0.0,0.0
1998-02-11 00:00:00-05:00,3.667184829711914,3.667184829711914,3.667184829711914,3.667184829711914,0,0.0,0.0
1998-02-12 00:00:00-05:00,3.667184829711914,3.667184829711914,3.667184829711914,3.667184829711914,0,0.0,0.0
1998-02-13 00:00:00-05:00,3.6671831091019618,3.785356044769287,3.6671831091019618,3.785356044769287,3600,0.0,0.0
1998-02-17 00:00:00-05:00,3.720550483460371,3.751046419143677,3.720550483460371,3.7510464191436768,3600,0.0,0.0
1998-02-18 00:00:00-05:00,3.7205531597137456,3.7205531597137456,3.7205531597137456,3.720553159713745,3600,0.0,0.0
1998-02-19 00:00:00-05:00,3.7510468827749994,3.7510468827749994,3.6748061180114746,3.6748061180114746,3600,0.0,0.0
1998-02-20 00:00:00-05:00,3.67480830715192,3.7205531597137456,3.67480830715192,3.720553159713745,19800,0.0,0.0
1998-02-23 00:00:00-05:00,3.7891685962677,3.7891685962677,3.7891685962677,3.7891685962677,900,0.0,0.0
1998-02-24 00:00:00-05:00,3.7891685962677,3.7891685962677,3.7891685962677,3.7891685962677,0,0.0,0.0
1998-02-25 00:00:00-05:00,3.6740777492523193,3.6740777492523193,3.6740777492523193,3.6740777492523193,1800,0.03444,0.0
1998-02-26 00:00:00-05:00,3.674078425128131,3.8311558806871324,3.674078425128131,3.754533052444458,39600,0.0,0.0
1998-02-27 00:00:00-05:00,3.9997249697464126,3.9997249697464126,3.70855704703656,3.8005049228668213,9900,0.0,0.0
1998-03-02 00:00:00-05:00,3.677909817748512,3.677909817748512,3.6319355964660645,3.6319355964660645,19800,0.0,0.0
1998-03-03 00:00:00-05:00,3.739207687485686,3.8311550617218013,3.739207687485686,3.8311550617218018,18000,0.0,0.0
1998-03-04 00:00:00-05:00,3.6932349205017085,3.6932349205017085,3.6932349205017085,3.693234920501709,4500,0.0,0.0
1998-03-05 00:00:00-05:00,3.6779089840716366,3.7085578441619873,3.5859610884778963,3.7085578441619873,33300,0.0,0.0
1998-03-06 00:00:00-05:00,3.792844439237539,3.792844439237539,3.7392084598541255,3.739208459854126,50400,0.0,0.0
1998-03-09 00:00:00-05:00,3.677909150977207,3.6855714321136475,3.677909150977207,3.6855714321136475,67500,0.0,0.0
1998-03-10 00:00:00-05:00,3.662585783754198,3.7621957412482616,3.662585783754198,3.693234920501709,18900,0.0,0.0
1998-03-11 00:00:00-05:00,3.8005049228668213,3.8005049228668213,3.69323248875301,3.8005049228668213,9000,0.0,0.0
1998-03-12 00:00:00-05:00,3.716219589242816,3.8005049228668213,3.716219589242816,3.8005049228668213,5400,0.0,0.0
1998-03-13 00:00:00-05:00,3.877129554748535,3.877129554748535,3.877129554748535,3.877129554748535,4500,0.0,0.0
1998-03-16 00:00:00-05:00,3.8618052835628,3.9231038093566895,3.8618052835628,3.9231038093566895,25200,0.0,0.0
1998-03-17 00:00:00-05:00,3.953752279281616,3.953752279281616,3.953752279281616,3.953752279281616,13500,0.0,0.0
1998-03-18 00:00:00-05:00,3.8158316895942312,3.9844021797180176,3.8158316895942312,3.9844021797180176,21600,0.0,0.0
1998-03-19 00:00:00-05:00,3.9843998999155223,3.9843998999155223,3.877127998620572,3.9154391288757324,12600,0.0,0.0
1998-03-20 00:00:00-05:00,4.076347674448557,4.076347674448557,3.861803087694892,3.9997246265411377,6300,0.0,0.0
1998-03-23 00:00:00-05:00,4.007388725866777,4.007388725866777,3.9384279251098637,3.9384279251098633,7200,0.0,0.0
1998-03-24 00:00:00-05:00,3.8618053878830962,3.9844021797180176,3.8618053878830962,3.9844021797180176,23400,0.0,0.0
1998-03-25 00:00:00-05:00,3.9154398327361104,4.045699119567871,3.8311544892168863,4.045699119567871,18000,0.0,0.0
1998-03-26 00:00:00-05:00,4.015051838039825,4.244920855613379,3.9844021797180176,3.9844021797180176,22500,0.0,0.0
1998-03-27 00:00:00-05:00,4.145309633244687,4.198945861088534,4.076348844035321,4.106997966766357,26100,0.0,0.0
1998-03-30 00:00:00-05:00,4.2602434158325195,4.2602434158325195,4.2602434158325195,4.2602434158325195,1800,0.0,0.0
1998-03-31 00:00:00-05:00,4.290893691946141,4.321542551159331,4.229595184326172,4.229595184326172,48600,0.0,0.0
1998-04-01 00:00:00-05:00,4.2295964591039565,4.390504662623388,4.2295964591039565,4.290894985198975,33300,0.0,0.0
1998-04-02 00:00:00-05:00,4.290894985198975,4.290894985198975,4.290894985198975,4.290894985198975,0,0.0,0.0
1998-04-03 00:00:00-05:00,4.405830383300781,4.405830383300781,4.405830383300781,4.405830383300781,7200,0.0,0.0
1998-04-06 00:00:00-04:00,4.405830383300781,4.405830383300781,4.405830383300781,4.405830383300781,0,0.0,0.0
1998-04-07 00:00:00-04:00,4.405830226238967,4.405830226238967,4.275570869445801,4.275570869445801,7200,0.0,0.0
1998-04-08 00:00:00-04:00,4.3023878632633865,4.409660339355469,4.3023878632633865,4.409660339355469,11700,0.0,0.0
1998-04-09 00:00:00-04:00,4.4134907722473145,4.5054386720455,4.4134907722473145,4.4134907722473145,206100,0.0,0.0
1998-04-13 00:00:00-04:00,4.352191295247082,4.43647689522118,4.2602434158325195,4.2602434158325195,26100,0.0,0.0
1998-04-14 00:00:00-04:00,4.260243467115483,4.444139491222761,4.260243467115483,4.306217670440674,39600,0.0,0.0
1998-04-15 00:00:00-04:00,4.352192606767779,4.474789377823893,4.321543216705322,4.321543216705322,54000,0.0,0.0
1998-04-16 00:00:00-04:00,4.38284158706665,4.38284158706665,4.38284158706665,4.38284158706665,13500,0.0,0.0
1998-04-17 00:00:00-04:00,4.352191925048828,4.352191925048828,4.329204820336498,4.352191925048828,27000,0.0,0.0
1998-04-20 00:00:00-04:00,4.336867363950295,4.3905033277951615,4.336867363950295,4.352191925048828,13500,0.0,0.0
1998-04-21 00:00:00-04:00,4.352191925048828,4.352191925048828,4.352191925048828,4.352191925048828,1800,0.0,0.0
1998-04-22 00:00:00-04:00,4.321543072058043,4.38284158706665,4.321543072058043,4.38284158706665,27900,0.0,0.0
1998-04-23 00:00:00-04:00,4.321541327252465,4.3751778021771095,4.275567656856122,4.3292036056518555,32400,0.0,0.0
1998-04-24 00:00:00-04:00,4.290894985198975,4.352193248229383,4.290894985198975,4.290894985198975,93600,0.0,0.0
1998-04-27 00:00:00-04:00,4.321542049810454,4.352191431597021,4.321542049810454,4.344529151916504,42300,0.0,0.0
1998-04-28 00:00:00-04:00,4.3521922207168995,4.359854764851254,4.336867658577286,4.354107856750488,110700,0.0,0.0
1998-04-29 00:00:00-04:00,4.382840550319088,4.413489932105655,4.344529151916504,4.344529151916504,21600,0.0,0.0
1998-04-30 00:00:00-04:00,4.382841384626403,4.4134907722473145,4.33686769779186,4.4134907722473145,4500,0.0,0.0
1998-05-01 00:00:00-04:00,4.33686956036749,4.405830383300781,4.33686956036749,4.405830383300781,6300,0.0,0.0
1998-05-04 00:00:00-04:00,4.367516749211891,4.367516749211891,4.336867363950295,4.352191925048828,24300,0.0,0.0
1998-05-05 00:00:00-04:00,4.348360653241929,4.352191925048828,4.336867363950295,4.352191925048828,4500,0.0,0.0
1998-05-06 00:00:00-04:00,4.336867363950295,4.398165608344428,4.336867363950295,4.352191925048828,27900,0.0,0.0
1998-05-07 00:00:00-04:00,4.336868661349561,4.428816318511963,4.336868661349561,4.428816318511963,65700,0.0,0.0
1998-05-08 00:00:00-04:00,4.428816318511963,4.428816318511963,4.352193227032527,4.428816318511963,9000,0.0,0.0
1998-05-11 00:00:00-04:00,4.352192184687812,4.375179290771484,4.352192184687812,4.375179290771484,10800,0.0,0.0
1998-05-12 00:00:00-04:00,4.352192475767625,4.413490990982894,4.352192475767625,4.390503883361816,7200,0.0,0.0
1998-05-13 00:00:00-04:00,4.352192461094628,4.38284158706665,4.352192461094628,4.38284158706665,29700,0.0,0.0
1998-05-14 00:00:00-04:00,4.375179290771484,4.375179290771484,4.352192184687812,4.375179290771484,19800,0.0,0.0
1998-05-15 00:00:00-04:00,4.375179290771484,4.375179290771484,4.375179290771484,4.375179290771484,2700,0.0,0.0
1998-05-18 00:00:00-04:00,4.3368682861328125,4.356023860046916,4.3368682861328125,4.3368682861328125,27000,0.0,0.0
1998-05-19 00:00:00-04:00,4.3521923025403355,4.382841427395783,4.3521923025403355,4.35602331161499,13500,0.0,0.0
1998-05-20 00:00:00-04:00,4.373117271829244,4.450108744240993,4.373117271829244,4.434710502624512,156600,0.03778,0.0
1998-05-21 00:00:00-04:00,4.419311996678687,4.450108744240993,4.419311996678687,4.434710502624512,239400,0.0,0.0
1998-05-22 00:00:00-04:00,4.407763233583562,4.450108528137207,4.407763233583562,4.450108528137207,101700,0.0,0.0
1998-05-26 00:00:00-04:00,4.3731160163879395,4.3731160163879395,4.3731160163879395,4.3731160163879395,5400,0.0,0.0
1998-05-27 00:00:00-04:00,4.373117059464277,4.450108528137207,4.373117059464277,4.450108528137207,34200,0.0,0.0
1998-05-28 00:00:00-04:00,4.350019645075179,4.465507514516162,4.350019645075179,4.434710502624512,26100,0.0,0.0
1998-05-29 00:00:00-04:00,4.434710502624512,4.434710502624512,4.434710502624512,4.434710502624512,0,0.0,0.0
1998-06-01 00:00:00-04:00,4.434710502624512,4.434710502624512,4.434710502624512,4.434710502624512,0,0.0,0.0
1998-06-02 00:00:00-04:00,4.403912544250488,4.427010164654094,4.403912544250488,4.403912544250488,3600,0.0,0.0
1998-06-03 00:00:00-04:00,4.4655080988315845,4.4655080988315845,4.41161345313371,4.442410469055176,31500,0.0,0.0
1998-06-04 00:00:00-04:00,4.403913388201052,4.427011013031006,4.403913388201052,4.427011013031006,21600,0.0,0.0
1998-06-05 00:00:00-04:00,4.438558578491211,4.438558578491211,4.438558578491211,4.438558578491211,900,0.0,0.0
1998-06-08 00:00:00-04:00,4.430860996246338,4.430860996246338,4.430860996246338,4.430860996246338,4500,0.0,0.0
1998-06-09 00:00:00-04:00,4.434710502624512,4.434710502624512,4.434710502624512,4.434710502624512,18000,0.0,0.0
1998-06-10 00:00:00-04:00,4.434710502624512,4.434710502624512,4.434710502624512,4.434710502624512,0,0.0,0.0
1998-06-11 00:00:00-04:00,4.413536773026384,4.423160737473007,4.403912544250488,4.403912544250488,3600,0.0,0.0
1998-06-12 00:00:00-04:00,4.403913755062206,4.434710502624512,4.403913755062206,4.434710502624512,27000,0.0,0.0
1998-06-15 00:00:00-04:00,4.403912544250488,4.403912544250488,4.403912544250488,4.403912544250488,20700,0.0,0.0
1998-06-16 00:00:00-04:00,4.403912544250488,4.403912544250488,4.403912544250488,4.403912544250488,0,0.0,0.0
1998-06-17 00:00:00-04:00,4.428935963771323,4.436635348908908,4.428935963771323,4.434710502624512,63900,0.0,0.0
1998-06-18 00:00:00-04:00,4.419311630852067,4.4347101355232175,4.403913390510239,4.411612510681152,20700,0.0,0.0
1998-06-19 00:00:00-04:00,4.373117844055326,4.442410469055176,4.373117844055326,4.442410469055176,37800,0.0,0.0
1998-06-22 00:00:00-04:00,4.403912544250488,4.403912544250488,4.403912544250488,4.403912544250488,247500,0.0,0.0
1998-06-23 00:00:00-04:00,4.357718362075992,4.400063652193495,4.342319858491105,4.3500189781188965,425700,0.0,0.0
1998-06-24 00:00:00-04:00,4.400063991546631,4.400063991546631,4.400063991546631,4.400063991546631,900,0.0,0.0
1998-06-25 00:00:00-04:00,4.350018347459505,4.588692078635676,4.350018347459505,4.496302127838135,32400,0.0,0.0
1998-06-26 00:00:00-04:00,4.5617463304915,4.636812686920166,4.5617463304915,4.636812686920166,1800,0.0,0.0
1998-06-29 00:00:00-04:00,4.411612510681152,4.711879518993419,4.411612510681152,4.411612510681152,21600,0.0,0.0
1998-06-30 00:00:00-04:00,4.4347093366512045,4.619488716125488,4.419310834753952,4.619488716125488,39600,0.0,0.0
1998-07-01 00:00:00-04:00,4.619491508932538,4.619491508932538,4.434712017746074,4.55789852142334,18000,0.0,0.0
1998-07-02 00:00:00-04:00,4.419312933369733,4.511703195639137,4.419312933369733,4.465508460998535,3600,0.0,0.0
1998-07-06 00:00:00-04:00,4.55789852142334,4.604093790714107,4.55789852142334,4.55789852142334,7200,0.0,0.0
1998-07-07 00:00:00-04:00,4.619489915729541,4.619489915729541,4.519401081217018,4.592543125152588,15300,0.0,0.0
1998-07-08 00:00:00-04:00,4.592543125152587,4.592543125152587,4.592543125152587,4.592543125152588,0,0.0,0.0
1998-07-09 00:00:00-04:00,4.61949049801534,4.673385143280029,4.557897523984987,4.673385143280029,27900,0.0,0.0
1998-07-10 00:00:00-04:00,4.55789852142334,4.55789852142334,4.55789852142334,4.55789852142334,4500,0.0,0.0
1998-07-13 00:00:00-04:00,4.55789852142334,4.55789852142334,4.55789852142334,4.55789852142334,4500,0.0,0.0
1998-07-14 00:00:00-04:00,4.49630268574443,4.788870811462402,4.49630268574443,4.788870811462402,9000,0.0,0.0
1998-07-15 00:00:00-04:00,4.788870811462402,4.788870811462402,4.788870811462402,4.788870811462402,3600,0.0,0.0
1998-07-16 00:00:00-04:00,4.819668786869959,4.927457562038366,4.819668786869959,4.91783332824707,89100,0.0,0.0
1998-07-17 00:00:00-04:00,4.71572864526384,4.927455902099609,4.71572864526384,4.927455902099609,2700,0.0,0.0
1998-07-20 00:00:00-04:00,4.989049900694428,5.01984691619873,4.989049900694428,5.0198469161987305,43200,0.0,0.0
1998-07-21 00:00:00-04:00,4.858164967995925,4.858164967995925,4.742677868469807,4.811970233917236,10800,0.0,0.0
1998-07-22 00:00:00-04:00,4.742678797543001,4.742678797543001,4.708032608032227,4.708032608032227,19800,0.0,0.0
1998-07-23 00:00:00-04:00,4.773472144710523,4.819666862487793,4.623338915440441,4.819666862487793,31500,0.0,0.0
1998-07-24 00:00:00-04:00,4.865862963186645,4.865862963186645,4.642587661743164,4.642587661743164,2700,0.0,0.0
1998-07-27 00:00:00-04:00,4.55789852142334,4.55789852142334,4.55789852142334,4.55789852142334,2700,0.0,0.0
1998-07-28 00:00:00-04:00,4.448185683305332,4.619491235767824,4.448185683305332,4.615642070770264,11700,0.0,0.0
1998-07-29 00:00:00-04:00,4.80427098655041,4.80427098655041,4.527101516723633,4.527101516723633,5400,0.0,0.0
1998-07-30 00:00:00-04:00,4.419311689172855,4.419311689172855,4.373116967537747,4.388515472412109,42300,0.0,0.0
1998-07-31 00:00:00-04:00,4.249929906092323,4.496302232877096,4.249929906092323,4.403912544250488,30600,0.0,0.0
1998-08-03 00:00:00-04:00,4.2191337594161284,4.2191337594161284,3.9573626298339994,4.126743793487549,24300,0.0,0.0
1998-08-04 00:00:00-04:00,4.13444273945547,4.13444273945547,3.9419642245758824,3.988158941268921,80100,0.0,0.0
1998-08-05 00:00:00-04:00,3.9419636889291105,4.280725955963135,3.9419636889291105,4.280725955963135,27000,0.0,0.0
1998-08-06 00:00:00-04:00,4.126745197635257,4.634889125823975,4.126745197635257,4.634889125823975,51300,0.0,0.0
1998-08-07 00:00:00-04:00,4.619488552682013,4.6810815007746855,4.40391244136986,4.496302127838135,15300,0.0,0.0
1998-08-10 00:00:00-04:00,4.373114884166517,4.681080341339111,4.3124841096170465,4.681080341339111,24300,0.0,0.0
1998-08-11 00:00:00-04:00,4.480906488849306,4.480906488849306,4.34617170461258,4.380817890167236,8100,0.0,0.0
1998-08-12 00:00:00-04:00,4.618471757289439,4.618471757289439,4.506297588348389,4.506297588348389,5400,0.03778,0.0
1998-08-13 00:00:00-04:00,4.403793752587141,4.618471622467041,4.403793752587141,4.618471622467041,15300,0.0,0.0
1998-08-14 00:00:00-04:00,4.67262586815602,4.7345147132873535,4.641680914392108,4.7345147132873535,252900,0.0,0.0
1998-08-17 00:00:00-04:00,4.517900985304117,4.719040718352833,4.517900985304117,4.703567981719971,20700,0.0,0.0
1998-08-18 00:00:00-04:00,4.6416788112557805,4.927915918290292,4.6416788112557805,4.827346324920654,210600,0.0,0.0
1998-08-19 00:00:00-04:00,4.951124862271183,4.951124862271183,4.703567981719971,4.703567981719971,7200,0.0,0.0
1998-08-20 00:00:00-04:00,4.819610218126745,4.842818260192871,4.8157420340497135,4.842818260192871,18900,0.0,0.0
1998-08-21 00:00:00-04:00,4.672623242322015,4.804137229919434,4.672623242322015,4.804137229919434,45000,0.0,0.0
1998-08-24 00:00:00-04:00,4.680358896374508,4.815741062164307,4.680358896374508,4.815741062164307,9000,0.0,0.0
1998-08-25 00:00:00-04:00,4.951124757783296,4.951124757783296,4.680359840393066,4.680359840393066,2700,0.0,0.0
1998-08-26 00:00:00-04:00,4.672623726130761,4.775127410888672,4.672623726130761,4.775127410888672,5400,0.0,0.0
1998-08-27 00:00:00-04:00,4.6726237509985955,4.827346324920654,4.548845585621348,4.827346324920654,245700,0.0,0.0
1998-08-28 00:00:00-04:00,4.57979154586792,4.57979154586792,4.57979154586792,4.57979154586792,2700,0.0,0.0
1998-08-31 00:00:00-04:00,4.827348163487428,4.827348163487428,4.568187713623047,4.568187713623047,27000,0.0,0.0
1998-09-01 00:00:00-04:00,4.332234958302642,4.703568745862255,4.332234958302642,4.60686731338501,19800,0.0,0.0
1998-09-02 00:00:00-04:00,4.517900952659673,4.517900952659673,4.48695707321167,4.48695707321167,7200,0.0,0.0
1998-09-03 00:00:00-04:00,4.5179025222983,4.525638893246651,4.4560136795043945,4.4560136795043945,9900,0.0,0.0
1998-09-04 00:00:00-04:00,4.48695707321167,4.48695707321167,4.48695707321167,4.48695707321167,900,0.0,0.0
1998-09-08 00:00:00-04:00,4.577857933083089,4.577857933083089,4.494694067828111,4.502430438995361,60300,0.0,0.0
1998-09-09 00:00:00-04:00,4.641679126441888,4.641679126441888,4.48695707321167,4.48695707321167,11700,0.0,0.0
1998-09-10 00:00:00-04:00,4.456012592891149,4.5256377896550735,4.456012592891149,4.517901420593262,26100,0.0,0.0
1998-09-11 00:00:00-04:00,4.57979154586792,4.610735964897161,4.57979154586792,4.57979154586792,45900,0.0,0.0
1998-09-14 00:00:00-04:00,4.575922594962563,4.575922594962563,4.463748961952961,4.517901420593262,8100,0.0,0.0
1998-09-15 00:00:00-04:00,4.57979154586792,4.57979154586792,4.57979154586792,4.57979154586792,900,0.0,0.0
1998-09-16 00:00:00-04:00,4.425067358865515,4.62620735168457,4.394122948892595,4.62620735168457,9900,0.0,0.0
1998-09-17 00:00:00-04:00,4.4560113514230935,4.4560113514230935,4.4405388832092285,4.4405388832092285,9900,0.0,0.0
1998-09-18 00:00:00-04:00,4.463749917259727,4.777063369750977,4.4482774414238175,4.777063369750977,27900,0.0,0.0
1998-09-21 00:00:00-04:00,4.703569609258599,4.951126575469971,4.703569609258599,4.951126575469971,21600,0.0,0.0
1998-09-22 00:00:00-04:00,4.827348357963399,5.101981029056936,4.827348357963399,4.951126575469971,14400,0.0,0.0
1998-09-23 00:00:00-04:00,4.951125531752141,5.322460105992986,4.951125531752141,5.30311918258667,31500,0.0,0.0
1998-09-24 00:00:00-04:00,5.38434925035276,5.38434925035276,5.07490348815918,5.07490348815918,18000,0.0,0.0
1998-09-25 00:00:00-04:00,5.028486523945958,5.028486523945958,5.013014316558838,5.013014316558838,9900,0.0,0.0
1998-09-28 00:00:00-04:00,5.013014316558838,5.013014316558838,5.013014316558838,5.013014316558838,0,0.0,0.0
1998-09-29 00:00:00-04:00,5.013014316558838,5.013014316558838,5.013014316558838,5.013014316558838,0,0.0,0.0
1998-09-30 00:00:00-04:00,4.982069015502931,4.982069015502931,4.982069015502931,4.98206901550293,1800,0.0,0.0
1998-10-01 00:00:00-04:00,5.067165119397792,5.067165119397792,4.8312128634611975,4.866025447845459,18000,0.0,0.0
1998-10-02 00:00:00-04:00,5.0284894545625765,5.0284894545625765,4.904711723327637,4.904711723327637,5400,0.0,0.0
1998-10-05 00:00:00-04:00,4.765459122439741,4.765459122439741,4.533374917324056,4.57979154586792,13500,0.0,0.0
1998-10-06 00:00:00-04:00,4.517902295329354,4.889236927032471,4.517902295329354,4.889236927032471,23400,0.0,0.0
1998-10-07 00:00:00-04:00,4.502427656144431,4.765456676483154,4.502427656144431,4.765456676483154,41400,0.0,0.0
1998-10-08 00:00:00-04:00,4.394122238901076,4.394122238901076,4.332233428955078,4.332233428955078,3600,0.0,0.0
1998-10-09 00:00:00-04:00,4.394122293618873,4.641678333282471,4.394122293618873,4.641678333282471,19800,0.0,0.0
1998-10-12 00:00:00-04:00,4.703567981719971,4.703567981719971,4.703567981719971,4.703567981719971,900,0.0,0.0
1998-10-13 00:00:00-04:00,4.517900952659673,4.889235474006319,4.48695707321167,4.48695707321167,8100,0.0,0.0
1998-10-14 00:00:00-04:00,4.301290322365965,4.533374786376953,4.301290322365965,4.533374786376953,6300,0.0,0.0
1998-10-15 00:00:00-04:00,4.533374786376953,4.533374786376953,4.533374786376953,4.533374786376953,0,0.0,0.0
1998-10-16 00:00:00-04:00,4.347706333933215,4.951124718796291,4.347706333933215,4.62620735168457,5400,0.0,0.0
1998-10-19 00:00:00-04:00,4.506297838807984,4.506297838807984,4.386387825012207,4.386387825012207,6300,0.0,0.0
1998-10-20 00:00:00-04:00,4.506295921708205,4.630074067754545,4.494691371917725,4.494691371917725,29700,0.0,0.0
1998-10-21 00:00:00-04:00,4.572054631628106,4.62620815528455,4.572054631628106,4.6107354164123535,50400,0.0,0.0
1998-10-22 00:00:00-04:00,4.622338274434944,4.639744570081265,4.347705993435986,4.595262050628662,34200,0.0,0.0
1998-10-23 00:00:00-04:00,4.560449816494578,4.62620735168457,4.560449816494578,4.62620735168457,10800,0.0,0.0
1998-10-26 00:00:00-05:00,4.2703438390981745,4.2703438390981745,4.084676369225724,4.1465654373168945,53100,0.0,0.0
1998-10-27 00:00:00-05:00,4.378650245159767,4.378650245159767,4.030524344622321,4.36317777633667,34200,0.0,0.0
1998-10-28 00:00:00-05:00,4.278080463409424,4.278080463409424,4.278080463409424,4.278080463409424,6300,0.0,0.0
1998-10-29 00:00:00-05:00,4.36317777633667,4.36317777633667,4.2161913145096355,4.36317777633667,36000,0.0,0.0
1998-10-30 00:00:00-05:00,4.33610271693488,4.347707271575928,4.154303605138964,4.347707271575928,3600,0.0,0.0
1998-11-02 00:00:00-05:00,4.339969981404689,4.401859063383977,4.301288939969011,4.336101531982422,69300,0.0,0.0
1998-11-03 00:00:00-05:00,4.177511692047119,4.223928311559393,4.177511692047119,4.177511692047119,32400,0.0,0.0
1998-11-04 00:00:00-05:00,4.254872990166617,4.258740908993119,4.177511692047119,4.177511692047119,3600,0.0,0.0
1998-11-05 00:00:00-05:00,4.270346486168735,4.316763116810303,4.270346486168735,4.305159091949463,10800,0.0,0.0
1998-11-06 00:00:00-05:00,4.305159091949463,4.305159091949463,4.305159091949463,4.305159091949463,0,0.0,0.0
1998-11-09 00:00:00-05:00,4.316762447357178,4.316762447357178,4.316762447357178,4.316762447357178,3600,0.0,0.0
1998-11-10 00:00:00-05:00,4.316762447357178,4.316762447357178,4.316762447357178,4.316762447357178,0,0.0,0.0
1998-11-11 00:00:00-05:00,4.216194398240014,4.293555736541748,4.216194398240014,4.293555736541748,12600,0.0,0.0
1998-11-12 00:00:00-05:00,4.316762447357178,4.316762447357178,4.316762447357178,4.316762447357178,7200,0.0,0.0
1998-11-13 00:00:00-05:00,4.312893248657797,4.36317777633667,4.278080658604053,4.36317777633667,14400,0.0,0.0
1998-11-16 00:00:00-05:00,4.394123786229569,4.425068202099206,4.3322349544902945,4.355443000793457,96300,0.0,0.0
1998-11-17 00:00:00-05:00,4.0846762253099325,4.318694114685059,4.0846762253099325,4.318694114685059,5400,0.0,0.0
1998-11-18 00:00:00-05:00,4.104677594557456,4.400090217590332,4.104677594557456,4.400090217590332,13500,0.03778,0.0
1998-11-19 00:00:00-05:00,4.135774713500357,4.17075777053833,4.135774713500357,4.17075777053833,7200,0.0,0.0
1998-11-20 00:00:00-05:00,4.104680061340332,4.104680061340332,4.104680061340332,4.104680061340332,2700,0.0,0.0
1998-11-23 00:00:00-05:00,4.104680061340332,4.104680061340332,4.104680061340332,4.104680061340332,900,0.0,0.0
1998-11-24 00:00:00-05:00,4.1046765848570494,4.2290610553944195,4.1046765848570494,4.166868686676025,4500,0.0,0.0
1998-11-25 00:00:00-05:00,4.104679457373016,4.104679457373016,4.011391639709473,4.011391639709473,70200,0.0,0.0
1998-11-27 00:00:00-05:00,4.011391639709473,4.011391639709473,4.011391639709473,4.011391639709473,0,0.0,0.0
1998-11-30 00:00:00-05:00,4.104679287234322,4.104679287234322,4.026939175504086,4.042487144470215,22500,0.0,0.0
1998-12-01 00:00:00-05:00,4.1046785531034775,4.260159015655518,4.073582887632344,4.260159015655518,7200,0.0,0.0
1998-12-02 00:00:00-05:00,4.260159410960285,4.384543418884277,4.260159410960285,4.384543418884277,15300,0.0,0.0
1998-12-03 00:00:00-05:00,4.384542726400599,4.4156389236450195,4.384542726400599,4.4156389236450195,18900,0.0,0.0
1998-12-04 00:00:00-05:00,4.4156389236450195,4.4156389236450195,4.4156389236450195,4.4156389236450195,0,0.0,0.0
1998-12-07 00:00:00-05:00,4.353447914123535,4.411752661469949,4.353447914123535,4.353447914123535,20700,0.0,0.0
1998-12-08 00:00:00-05:00,4.353447914123535,4.353447914123535,4.314577459793569,4.353447914123535,10800,0.0,0.0
1998-12-09 00:00:00-05:00,4.353446052137138,4.400089936824324,4.275705710526227,4.299027919769287,61200,0.0,0.0
1998-12-10 00:00:00-05:00,4.299027919769287,4.299027919769287,4.299027919769287,4.299027919769287,0,0.0,0.0
1998-12-11 00:00:00-05:00,4.322351455688477,4.322351455688477,4.322351455688477,4.322351455688477,900,0.0,0.0
1998-12-14 00:00:00-05:00,4.322348807773755,4.322348807773755,4.166868686676025,4.166868686676025,2700,0.0,0.0
1998-12-15 00:00:00-05:00,4.260159015655518,4.260159015655518,4.260159015655518,4.260159015655518,4500,0.0,0.0
1998-12-16 00:00:00-05:00,4.197966884014611,4.260159015655518,4.197966884014611,4.260159015655518,12600,0.0,0.0
1998-12-17 00:00:00-05:00,4.260159015655518,4.260159015655518,4.260159015655518,4.260159015655518,0,0.0,0.0
1998-12-18 00:00:00-05:00,4.477831051234333,4.477831051234333,4.197966610532188,4.4156389236450195,13500,0.0,0.0
1998-12-21 00:00:00-05:00,4.353447914123535,4.353447914123535,4.353447914123535,4.353447914123535,900,0.0,0.0
1998-12-22 00:00:00-05:00,4.4389623768225,4.4389623768225,4.19796778181133,4.229063987731934,49500,0.0,0.0
1998-12-23 00:00:00-05:00,4.205741513584508,4.205741513584508,4.197967529296875,4.197967529296875,55800,0.0,0.0
1998-12-24 00:00:00-05:00,4.197967529296875,4.197967529296875,4.197967529296875,4.197967529296875,0,0.0,0.0
1998-12-28 00:00:00-05:00,4.197967529296875,4.197967529296875,4.197967529296875,4.197967529296875,0,0.0,0.0
1998-12-29 00:00:00-05:00,4.166869059642594,4.174643039703369,4.166869059642594,4.174643039703369,8100,0.0,0.0
1998-12-30 00:00:00-05:00,4.182418078886168,4.267932415008545,4.182418078886168,4.267932415008545,9000,0.0,0.0
1998-12-31 00:00:00-05:00,4.104678285698453,4.4156389236450195,4.104678285698453,4.4156389236450195,78300,0.0,0.0
1999-01-04 00:00:00-05:00,4.384541633624759,4.64885857707681,4.353445977929484,4.5089263916015625,29700,0.0,0.0
1999-01-05 00:00:00-05:00,4.353446751130922,4.353446751130922,4.213514540802772,4.267932415008545,9900,0.0,0.0
1999-01-06 00:00:00-05:00,4.205740079466655,4.21351432800293,4.205740079466655,4.21351432800293,5400,0.0,0.0
1999-01-07 00:00:00-05:00,4.197967529296875,4.197967529296875,4.197967529296875,4.197967529296875,8100,0.0,0.0
1999-01-08 00:00:00-05:00,4.058033894568881,4.32235007091782,4.058033894568881,4.21351432800293,29700,0.0,0.0
1999-01-11 00:00:00-05:00,4.2484985375439415,4.283481597900391,4.240724286887336,4.283481597900391,10800,0.0,0.0
1999-01-12 00:00:00-05:00,4.219343185424805,4.219343185424805,4.219343185424805,4.219343185424805,900,0.0,0.0
1999-01-13 00:00:00-05:00,4.19796778181133,4.229063987731934,4.19796778181133,4.229063987731934,29700,0.0,0.0
1999-01-14 00:00:00-05:00,4.205740079466655,4.21351432800293,4.09690380275277,4.21351432800293,76500,0.0,0.0
1999-01-15 00:00:00-05:00,4.1979652716609595,4.291253566741943,4.1979652716609595,4.291253566741943,9000,0.0,0.0
1999-01-19 00:00:00-05:00,4.073583352935741,4.073583352935741,4.0113912141909625,4.0269389152526855,14400,0.0,0.0
1999-01-20 00:00:00-05:00,4.0269389152526855,4.0269389152526855,4.0269389152526855,4.0269389152526855,0,0.0,0.0
1999-01-21 00:00:00-05:00,4.229063987731934,4.229063987731934,4.229063987731934,4.229063987731934,5400,0.0,0.0
1999-01-22 00:00:00-05:00,4.283481597900391,4.283481597900391,4.283481597900391,4.283481597900391,1800,0.0,0.0
1999-01-25 00:00:00-05:00,4.182419564850969,4.3223518248954145,4.042487304806523,4.318465232849121,10800,0.0,0.0
1999-01-26 00:00:00-05:00,4.291255581657427,4.291255581657427,4.205741226530887,4.283481597900391,5400,0.0,0.0
1999-01-27 00:00:00-05:00,4.225178251040288,4.225178251040288,4.135776996612549,4.135776996612549,218700,0.0,0.0
1999-01-28 00:00:00-05:00,4.019165457920616,4.124114648791373,4.019165457920616,4.042487144470215,225900,0.0,0.0
1999-01-29 00:00:00-05:00,4.019163195404721,4.291253566741943,4.011389215297879,4.291253566741943,21600,0.0,0.0
1999-02-01 00:00:00-05:00,4.015279089475072,4.104680061340332,4.015279089475072,4.104680061340332,16200,0.0,0.0
1999-02-02 00:00:00-05:00,4.0910761269821725,4.0910761269821725,4.015279293060303,4.015279293060303,7200,0.0,0.0
1999-02-03 00:00:00-05:00,4.353447914123535,4.353447914123535,4.353447914123535,4.353447914123535,900,0.0,0.0
1999-02-04 00:00:00-05:00,4.019165624514768,4.019165624514768,4.011391639709473,4.011391639709473,8100,0.0,0.0
1999-02-05 00:00:00-05:00,4.166871160703543,4.166871160703543,4.0269389152526855,4.0269389152526855,36000,0.0,0.0
1999-02-08 00:00:00-05:00,4.019164085388184,4.019164085388184,4.019164085388184,4.019164085388184,7200,0.0,0.0
1999-02-09 00:00:00-05:00,4.019164085388184,4.019164085388184,4.019164085388184,4.019164085388184,2700,0.0,0.0
1999-02-10 00:00:00-05:00,4.019164085388184,4.019164085388184,4.019164085388184,4.019164085388184,0,0.0,0.0
1999-02-11 00:00:00-05:00,4.166871610319787,4.166871610319787,3.995843410491943,3.9958434104919434,20700,0.0,0.0
1999-02-12 00:00:00-05:00,3.9802950569599354,4.089131367734827,3.8559107780456543,3.8559107780456543,10800,0.0,0.0
1999-02-16 00:00:00-05:00,3.7315267660309535,4.089131367734827,3.7315267660309535,3.8559107780456543,6300,0.0,0.0
1999-02-17 00:00:00-05:00,3.5954817498392777,3.7082049308706084,3.5954817498392777,3.70626163482666,51300,0.0,0.0
1999-02-18 00:00:00-05:00,3.70626163482666,3.70626163482666,3.70626163482666,3.70626163482666,0,0.0,0.0
1999-02-19 00:00:00-05:00,3.70626163482666,3.70626163482666,3.70626163482666,3.70626163482666,0,0.0,0.0
1999-02-22 00:00:00-05:00,3.715977911585079,3.918102264404297,3.715977911585079,3.918102264404297,14400,0.0,0.0
1999-02-23 00:00:00-05:00,4.034710938232431,4.034710938232431,3.9258749485015865,3.925874948501587,3600,0.0,0.0
1999-02-24 00:00:00-05:00,3.9002432823181152,3.9002432823181152,3.9002432823181152,3.9002432823181152,900,0.03778,0.0
1999-02-25 00:00:00-05:00,3.939323725754895,3.939323725754895,3.9002432823181152,3.9002432823181152,81900,0.0,0.0
1999-02-26 00:00:00-05:00,3.9119661030057404,4.048748016357422,3.9119661030057404,4.048748016357422,9900,0.0,0.0
1999-03-01 00:00:00-05:00,4.001850215868582,4.126907825469971,4.001850215868582,4.126907825469971,40500,0.0,0.0
1999-03-02 00:00:00-05:00,4.087826172023954,4.087826172023954,3.9393200874328613,3.9393200874328613,27000,0.0,0.0
1999-03-03 00:00:00-05:00,3.970587491989136,3.970587491989136,3.8767939112914305,3.9705874919891357,6300,0.0,0.0
1999-03-04 00:00:00-05:00,4.033114077744435,4.033114077744435,3.8494354706944054,3.935412645339966,16200,0.0,0.0
1999-03-05 00:00:00-05:00,4.025299343507733,4.025299343507733,3.8494367599487305,3.8494367599487305,3600,0.0,0.0
1999-03-08 00:00:00-05:00,3.8494367599487305,3.8494367599487305,3.8494367599487305,3.8494367599487305,0,0.0,0.0
1999-03-09 00:00:00-05:00,3.8533441927932324,4.001850605010986,3.8533441927932324,4.001850605010986,9000,0.0,0.0
1999-03-10 00:00:00-05:00,3.876793622723586,3.8885176181793213,3.876793622723586,3.8885176181793213,4500,0.0,0.0
1999-03-11 00:00:00-05:00,3.8455283641815186,3.8455283641815186,3.8455283641815186,3.8455283641815186,9000,0.0,0.0
1999-03-12 00:00:00-05:00,3.908058404922486,3.908058404922486,3.908058404922486,3.9080584049224854,900,0.0,0.0
1999-03-15 00:00:00-05:00,3.845527353923654,3.845527353923654,3.6970212391796258,3.7048373222351074,36000,0.0,0.0
1999-03-16 00:00:00-05:00,3.6970229116355573,3.814265015540478,3.501619941817479,3.5641489028930664,45000,0.0,0.0
1999-03-17 00:00:00-05:00,3.595411539077759,3.595411539077759,3.595411539077759,3.595411539077759,900,0.0,0.0
1999-03-18 00:00:00-05:00,3.595411772310957,3.595411772310957,3.5836877822875977,3.5836877822875977,2700,0.0,0.0
1999-03-19 00:00:00-05:00,3.579781344420759,3.5954135176033906,3.501619941817479,3.5641489028930664,500400,0.0,0.0
1999-03-22 00:00:00-05:00,3.5016198158264165,3.5016198158264165,3.5016198158264165,3.501619815826416,900,0.0,0.0
1999-03-23 00:00:00-05:00,3.5055267652314965,3.5152969360351562,3.5055267652314965,3.5152969360351562,24300,0.0,0.0
1999-03-24 00:00:00-05:00,3.4938038110442506,3.4938038110442506,3.439091205596924,3.439091205596924,9900,0.0,0.0
1999-03-25 00:00:00-05:00,3.6892070467363616,3.6892070467363616,3.439091205596924,3.439091205596924,6300,0.0,0.0
1999-03-26 00:00:00-05:00,3.439091205596924,3.439091205596924,3.439091205596924,3.439091205596924,0,0.0,0.0
1999-03-29 00:00:00-05:00,3.376560926437378,3.376560926437378,3.376560926437378,3.376560926437378,900,0.0,0.0
1999-03-30 00:00:00-05:00,3.3140323527392432,3.814263894295339,3.3140323527392432,3.6266767978668213,51300,0.0,0.0
1999-03-31 00:00:00-05:00,3.72047034608108,3.7986314573629745,3.564147855172309,3.6266767978668213,56700,0.0,0.0
1999-04-01 00:00:00-05:00,3.5016183700507133,3.5016183700507133,3.3140318393707275,3.3140318393707275,13500,0.0,0.0
1999-04-05 00:00:00-04:00,3.1577096410224255,3.3140318393707275,3.1577096410224255,3.3140318393707275,2700,0.0,0.0
1999-04-06 00:00:00-04:00,3.439091205596924,3.439091205596924,3.439091205596924,3.439091205596924,10800,0.0,0.0
1999-04-07 00:00:00-04:00,3.439091205596924,3.439091205596924,3.439091205596924,3.439091205596924,0,0.0,0.0
1999-04-08 00:00:00-04:00,3.235869763123494,3.8142621517181396,3.235869763123494,3.8142621517181396,12600,0.0,0.0
1999-04-09 00:00:00-04:00,3.579781344420759,3.579781344420759,3.4390912490869523,3.5641489028930664,18000,0.0,0.0
1999-04-12 00:00:00-04:00,3.3140318277363328,4.03311442063497,3.263227153703233,3.7048373222351074,21600,0.0,0.0
1999-04-13 00:00:00-04:00,4.017482000283026,4.017482000283026,3.3140318393707275,3.3140318393707275,3600,0.0,0.0
1999-04-14 00:00:00-04:00,3.548517316115407,4.126909654130539,3.548517316115407,3.9080584049224854,39600,0.0,0.0
1999-04-15 00:00:00-04:00,3.908058404922486,3.908058404922486,3.908058404922486,3.9080584049224854,0,0.0,0.0
1999-04-16 00:00:00-04:00,4.017483400182516,4.017483400182516,3.642309671402686,3.759551763534546,20700,0.0,0.0
1999-04-19 00:00:00-04:00,3.7751832008361816,3.7751832008361816,3.7751832008361816,3.7751832008361816,3600,0.0,0.0
1999-04-20 00:00:00-04:00,3.611044406890869,3.9940335586142255,3.611044406890869,3.611044406890869,342900,0.0,0.0
1999-04-21 00:00:00-04:00,3.6892070770263667,3.6892070770263667,3.6892070770263667,3.689207077026367,4500,0.0,0.0
1999-04-22 00:00:00-04:00,3.6852977275848393,3.6852977275848393,3.6852977275848393,3.685297727584839,6300,0.0,0.0
1999-04-23 00:00:00-04:00,3.837713711984776,3.837713711984776,3.751736743685719,3.8220818042755127,13500,0.0,0.0
1999-04-26 00:00:00-04:00,3.626676797866821,3.626676797866821,3.626676797866821,3.6266767978668213,4500,0.0,0.0
1999-04-27 00:00:00-04:00,3.93932130269018,4.2519659996032715,3.7204701490234995,4.2519659996032715,164700,0.0,0.0
1999-04-28 00:00:00-04:00,3.689206104687486,4.0018505579321095,3.689206104687486,3.8767926692962646,19800,0.0,0.0
1999-04-29 00:00:00-04:00,3.6892070770263667,3.6892070770263667,3.6892070770263667,3.689207077026367,6300,0.0,0.0
1999-04-30 00:00:00-04:00,3.6892070770263667,3.6892070770263667,3.6892070770263667,3.689207077026367,0,0.0,0.0
1999-05-03 00:00:00-04:00,3.8455283641815186,3.8455283641815186,3.8455283641815186,3.8455283641815186,1800,0.0,0.0
1999-05-04 00:00:00-04:00,3.6266763071149555,3.8533435259949624,3.6266763071149555,3.642308473587036,3600,0.0,0.0
1999-05-05 00:00:00-04:00,3.6423073024359987,3.8533422869875307,3.6423073024359987,3.8142621517181396,4500,0.0,0.0
1999-05-06 00:00:00-04:00,3.8767926692962646,3.9393216136141866,3.8767926692962646,3.8767926692962646,12600,0.0,0.0
1999-05-07 00:00:00-04:00,3.8807017079351804,4.189438343048096,3.8142651045314873,4.189438343048096,18900,0.0,0.0
1999-05-10 00:00:00-04:00,3.9236892224353297,4.064379281719525,3.9236892224353297,4.001850605010986,18900,0.0,0.0
1999-05-11 00:00:00-04:00,3.939323467482104,4.377026283692983,3.939323467482104,4.283232688903809,102600,0.0,0.0
1999-05-12 00:00:00-04:00,4.001849204227437,4.564608976034132,3.8767913578948825,4.377022743225098,72900,0.0,0.0
1999-05-13 00:00:00-04:00,4.408287916676785,4.892886724115218,4.126907825469971,4.126907825469971,131400,0.0,0.0
1999-05-14 00:00:00-04:00,4.251967129261582,4.564611372547744,4.158173561096191,4.158173561096191,15300,0.0,0.0
1999-05-17 00:00:00-04:00,3.9393218034786255,3.9393218034786255,3.6266770668204003,3.923689365386963,213300,0.0,0.0
1999-05-18 00:00:00-04:00,3.8455280629648088,3.908057007282731,3.837711978468192,3.8767926692962646,16200,0.0,0.0
1999-05-19 00:00:00-04:00,3.7986335926922203,3.9002432823181152,3.751737060568084,3.9002432823181152,22500,0.0,0.0
1999-05-20 00:00:00-04:00,3.798630952835083,3.798630952835083,3.798630952835083,3.798630952835083,900,0.0,0.0
1999-05-21 00:00:00-04:00,3.9393200874328613,3.9393200874328613,3.7673654900914113,3.9393200874328613,13500,0.0,0.0
1999-05-24 00:00:00-04:00,3.814263993323331,3.8767926692962646,3.814263993323331,3.8767926692962646,11700,0.0,0.0
1999-05-25 00:00:00-04:00,3.8181728562690953,3.970587491989136,3.8181728562690953,3.9705874919891357,3600,0.0,0.0
1999-05-26 00:00:00-04:00,3.8033631520933513,4.023392677307129,3.8033631520933513,4.023392677307129,20700,0.03778,0.0
1999-05-27 00:00:00-04:00,4.023392677307129,4.023392677307129,4.023392677307129,4.023392677307129,0,0.0,0.0
1999-05-28 00:00:00-04:00,3.9290966987609863,3.9290966987609863,3.9290966987609863,3.9290966987609863,1800,0.0,0.0
1999-06-01 00:00:00-04:00,3.834796867197772,3.944811105728149,3.834796867197772,3.9448111057281494,17100,0.0,0.0
1999-06-02 00:00:00-04:00,3.83479790823801,4.0391106605529785,3.83479790823801,4.0391106605529785,3600,0.0,0.0
1999-06-03 00:00:00-04:00,4.0076775550842285,4.0076775550842285,4.0076775550842285,4.0076775550842285,9000,0.0,0.0
1999-06-04 00:00:00-04:00,4.0076775550842285,4.0076775550842285,4.0076775550842285,4.0076775550842285,900,0.0,0.0
1999-06-07 00:00:00-04:00,4.007678006861878,4.054827521719286,3.9526708690373713,3.9801743030548096,38700,0.0,0.0
1999-06-08 00:00:00-04:00,4.054827683080839,4.054827683080839,3.8829293251037598,3.8829293251037598,4500,0.0,0.0
1999-06-09 00:00:00-04:00,3.9605288257530047,4.019465446472168,3.9605288257530047,4.019465446472168,6300,0.0,0.0
1999-06-10 00:00:00-04:00,3.999818086624146,3.999818086624146,3.999818086624146,3.9998180866241455,900,0.0,0.0
1999-06-11 00:00:00-04:00,3.9880329074494787,3.9880329074494787,3.968387365341186,3.9683873653411865,3600,0.0,0.0
1999-06-14 00:00:00-04:00,3.972315838352778,4.0548272132873535,3.972315838352778,4.0548272132873535,20700,0.0,0.0
1999-06-15 00:00:00-04:00,3.960527137215978,4.023392677307129,3.8347963268231777,4.023392677307129,35100,0.0,0.0
1999-06-16 00:00:00-04:00,4.0391106605529785,4.0391106605529785,4.0391106605529785,4.0391106605529785,1800,0.0,0.0
1999-06-17 00:00:00-04:00,4.00767857707717,4.0548280986430445,4.003749630139793,4.031253337860107,37800,0.0,0.0
1999-06-18 00:00:00-04:00,4.141265869140625,4.149124028953429,4.141265869140625,4.141265869140625,47700,0.0,0.0
1999-06-21 00:00:00-04:00,4.259141099735314,4.282715320587158,4.15698416425312,4.282715320587158,30600,0.0,0.0
1999-06-22 00:00:00-04:00,4.2434240567870685,4.369154930114746,4.2434240567870685,4.369154930114746,9000,0.0,0.0
1999-06-23 00:00:00-04:00,4.369154930114746,4.369154930114746,4.369154930114746,4.369154930114746,0,0.0,0.0
1999-06-24 00:00:00-04:00,4.117693315750205,4.315130233764648,4.117693315750205,4.315130233764648,10800,0.0,0.0
1999-06-25 00:00:00-04:00,4.0548272132873535,4.0548272132873535,4.0548272132873535,4.0548272132873535,900,0.0,0.0
1999-06-28 00:00:00-04:00,4.0548272132873535,4.0548272132873535,4.0548272132873535,4.0548272132873535,0,0.0,0.0
1999-06-29 00:00:00-04:00,4.0548272132873535,4.0548272132873535,4.0548272132873535,4.0548272132873535,0,0.0,0.0
1999-06-30 00:00:00-04:00,3.9290942322756526,5.092106319277686,3.9290942322756526,4.023392677307129,174600,0.0,0.0
1999-07-01 00:00:00-04:00,4.0548285551051695,4.1491265296936035,4.0548285551051695,4.1491265296936035,9900,0.0,0.0
1999-07-02 00:00:00-04:00,4.015536028500893,4.117692947387695,4.015536028500893,4.117692947387695,19800,0.0,0.0
1999-07-06 00:00:00-04:00,4.145195007324219,4.145195007324219,4.145195007324219,4.145195007324219,1800,0.0,0.0
1999-07-07 00:00:00-04:00,4.145195007324219,4.149123952263232,4.076435907890941,4.145195007324219,18000,0.0,0.0
1999-07-08 00:00:00-04:00,4.145196751650282,4.416304588317871,4.0076782251254945,4.416304588317871,8100,0.0,0.0
1999-07-09 00:00:00-04:00,4.400587558746338,4.400587558746338,4.117692657744982,4.400587558746338,6300,0.0,0.0
1999-07-12 00:00:00-04:00,4.1805592856070914,4.318077564239502,4.039111789967041,4.318077564239502,34200,0.0,0.0
1999-07-13 00:00:00-04:00,4.164841522125099,4.380941908133629,4.086259367365928,4.263068675994873,54900,0.0,0.0
1999-07-14 00:00:00-04:00,4.298430321552843,4.652049190816854,4.196274226956291,4.526318073272705,63000,0.0,0.0
1999-07-15 00:00:00-04:00,4.707056048886955,4.707056048886955,4.361295880324917,4.526318073272705,47700,0.0,0.0
1999-07-16 00:00:00-04:00,4.526318073272705,4.526318073272705,4.526318073272705,4.526318073272705,0,0.0,0.0
1999-07-19 00:00:00-04:00,4.400587191501213,4.400587191501213,4.227706568977415,4.306288719177246,10800,0.0,0.0
1999-07-20 00:00:00-04:00,4.2119910139078796,4.46345329284668,4.149125444173179,4.46345329284668,33300,0.0,0.0
1999-07-21 00:00:00-04:00,4.180558204650879,4.180558204650879,4.180558204650879,4.180558204650879,900,0.0,0.0
1999-07-22 00:00:00-04:00,4.180558204650879,4.196274798827953,4.137338177690565,4.180558204650879,22500,0.0,0.0
1999-07-23 00:00:00-04:00,4.141268365144567,4.1491265296936035,4.141268365144567,4.1491265296936035,27900,0.0,0.0
1999-07-26 00:00:00-04:00,4.337721633215095,4.337721633215095,4.117692314108471,4.306288719177246,7200,0.0,0.0
1999-07-27 00:00:00-04:00,4.08625806105218,4.135372161865234,4.08625806105218,4.135372161865234,1800,0.0,0.0
1999-07-28 00:00:00-04:00,4.086259591292241,4.086259591292241,4.0469690513387295,4.0548272132873535,24300,0.0,0.0
1999-07-29 00:00:00-04:00,4.046968936920166,4.046968936920166,4.046968936920166,4.046968936920166,900,0.0,0.0
1999-07-30 00:00:00-04:00,4.046968936920166,4.046968936920166,4.046968936920166,4.046968936920166,0,0.0,0.0
1999-08-02 00:00:00-04:00,4.164844669111619,4.463456111586876,4.164844669111619,4.3377251625061035,20700,0.0,0.0
1999-08-03 00:00:00-04:00,4.3377208634427395,4.3377208634427395,4.117691583382532,4.145195007324219,5400,0.0,0.0
1999-08-04 00:00:00-04:00,4.046968936920166,4.046968936920166,4.046968936920166,4.046968936920166,2700,0.0,0.0
1999-08-05 00:00:00-04:00,4.039111270676388,4.3220062255859375,3.936954609298132,4.3220062255859375,41400,0.0,0.0
1999-08-06 00:00:00-04:00,3.929095697357943,4.400587558746338,3.929095697357943,4.400587558746338,1800,0.0,0.0
1999-08-09 00:00:00-04:00,4.259140491485596,4.259140491485596,4.086259838978375,4.259140491485596,66600,0.0,0.0
1999-08-10 00:00:00-04:00,4.086260290319792,4.086260290319792,3.866230908749549,3.8976638317108154,33300,0.0,0.0
1999-08-11 00:00:00-04:00,3.8954532258954195,4.2352190017700195,3.8954532258954195,4.2352190017700195,130500,0.03778,0.0
1999-08-12 00:00:00-04:00,4.2352190017700195,4.2352190017700195,4.2352190017700195,4.2352190017700195,0,0.0,0.0
1999-08-13 00:00:00-04:00,4.1087938691145345,4.1087938691145345,4.029778628485159,4.092990875244141,45000,0.0,0.0
1999-08-16 00:00:00-04:00,4.092990875244141,4.092990875244141,4.092990875244141,4.092990875244141,0,0.0,0.0
1999-08-17 00:00:00-04:00,4.089038848876953,4.089038848876953,4.089038848876953,4.089038848876953,7200,0.0,0.0
1999-08-18 00:00:00-04:00,4.092989460340164,4.092989460340164,4.089038848876953,4.089038848876953,7200,0.0,0.0
1999-08-19 00:00:00-04:00,4.089038848876953,4.089038848876953,4.089038848876953,4.089038848876953,0,0.0,0.0
1999-08-20 00:00:00-04:00,4.10089141599825,4.10089141599825,4.006073474884033,4.006073474884033,5400,0.0,0.0
1999-08-23 00:00:00-04:00,3.919158182329857,4.108794689178467,3.919158182329857,4.108794689178467,19800,0.0,0.0
1999-08-24 00:00:00-04:00,4.089038859809468,4.140398979187012,4.089038859809468,4.140398979187012,9900,0.0,0.0
1999-08-25 00:00:00-04:00,4.140398979187012,4.140398979187012,4.140398979187012,4.140398979187012,0,0.0,0.0
1999-08-26 00:00:00-04:00,4.108794689178467,4.108794689178467,4.10089319066623,4.108794689178467,122400,0.0,0.0
1999-08-27 00:00:00-04:00,4.1087924487476295,4.1087924487476295,4.089038848876953,4.089038848876953,2700,0.0,0.0
1999-08-30 00:00:00-04:00,4.108794932713863,4.108794932713863,4.0139769449469895,4.0534844398498535,129600,0.0,0.0
1999-08-31 00:00:00-04:00,4.053482358876747,4.061383853800858,4.045580863952637,4.045580863952637,23400,0.0,0.0
1999-09-01 00:00:00-04:00,4.069287709088473,4.069287709088473,4.0534844398498535,4.0534844398498535,52200,0.0,0.0
1999-09-02 00:00:00-04:00,4.0534844398498535,4.0534844398498535,4.0534844398498535,4.0534844398498535,0,0.0,0.0
1999-09-03 00:00:00-04:00,4.053482358876747,4.053482358876747,3.982368633282418,4.045580863952637,6300,0.0,0.0
1999-09-07 00:00:00-04:00,4.203612804412842,4.203612804412842,4.203612804412842,4.203612804412842,900,0.0,0.0
1999-09-08 00:00:00-04:00,4.203610932985877,4.23521690988531,4.140398979187012,4.140398979187012,13500,0.0,0.0
1999-09-09 00:00:00-04:00,4.172005054015739,4.29842978663351,3.982368633282418,4.045580863952637,75600,0.0,0.0
1999-09-10 00:00:00-04:00,4.077187114926413,4.077187114926413,3.982368633282418,4.045580863952637,31500,0.0,0.0
1999-09-13 00:00:00-04:00,4.330035766329952,4.330035766329952,4.045580863952637,4.045580863952637,8100,0.0,0.0
1999-09-14 00:00:00-04:00,3.9823681529419517,3.9823681529419517,3.9665648937225346,3.966564893722534,8100,0.0,0.0
1999-09-15 00:00:00-04:00,4.108794689178467,4.108794689178467,4.108794689178467,4.108794689178467,6300,0.0,0.0
1999-09-16 00:00:00-04:00,4.108792708500882,4.129534572922586,3.9507622718811035,3.9507622718811035,28800,0.0,0.0
1999-09-17 00:00:00-04:00,4.013975497009297,4.326085814904841,4.013975497009297,4.298430442810059,10800,0.0,0.0
1999-09-20 00:00:00-04:00,4.298430442810059,4.298430442810059,4.298430442810059,4.298430442810059,0,0.0,0.0
1999-09-21 00:00:00-04:00,3.954712867736817,4.108792410179255,3.954712867736817,3.9547128677368164,3600,0.0,0.0
1999-09-22 00:00:00-04:00,3.954713265409364,4.045580863952637,3.954713265409364,4.045580863952637,10800,0.0,0.0
1999-09-23 00:00:00-04:00,4.108794689178467,4.108794689178467,3.9547150612736535,4.108794689178467,61200,0.0,0.0
1999-09-24 00:00:00-04:00,4.108794689178467,4.108794689178467,4.108794689178467,4.108794689178467,0,0.0,0.0
1999-09-27 00:00:00-04:00,4.108794689178467,4.108794689178467,4.108794689178467,4.108794689178467,0,0.0,0.0
1999-09-28 00:00:00-04:00,4.077187538146973,4.077187538146973,4.077187538146973,4.077187538146973,4500,0.0,0.0
1999-09-29 00:00:00-04:00,3.954712788404599,4.06928512917819,3.8875496827346563,3.966564893722534,160200,0.0,0.0
1999-09-30 00:00:00-04:00,3.942861681632149,3.9823691614928647,3.7927327156066895,3.7927327156066895,88200,0.0,0.0
1999-10-01 00:00:00-04:00,3.7927327156066895,3.7927327156066895,3.7927327156066895,3.7927327156066895,4500,0.0,0.0
1999-10-04 00:00:00-04:00,3.7927327156066895,3.7927327156066895,3.7927327156066895,3.7927327156066895,0,0.0,0.0
1999-10-05 00:00:00-04:00,3.8263146715964114,3.9586652315910302,3.8263146715964114,3.9191577434539795,25200,0.0,0.0
1999-10-06 00:00:00-04:00,3.9152057891195753,3.9191566724923628,3.8559447087465895,3.8796489238739014,311400,0.0,0.0
1999-10-07 00:00:00-04:00,3.9665648937225346,3.9665648937225346,3.9665648937225346,3.966564893722534,3600,0.0,0.0
1999-10-08 00:00:00-04:00,3.9665648937225346,3.9665648937225346,3.9665648937225346,3.966564893722534,0,0.0,0.0
1999-10-11 00:00:00-04:00,3.867796897888184,3.867796897888184,3.867796897888184,3.8677968978881836,900,0.0,0.0
1999-10-12 00:00:00-04:00,3.863845109939575,3.863845109939575,3.863845109939575,3.863845109939575,1800,0.0,0.0
1999-10-13 00:00:00-04:00,3.863847044462155,3.8875512647442796,3.863847044462155,3.8737239837646484,19800,0.0,0.0
1999-10-14 00:00:00-04:00,3.863845889890742,3.863845889890742,3.855944395065307,3.8559443950653076,9900,0.0,0.0
1999-10-15 00:00:00-04:00,3.855944395065307,3.855944395065307,3.855944395065307,3.8559443950653076,0,0.0,0.0
1999-10-18 00:00:00-04:00,3.8480431212239306,3.859895229339599,3.8480431212239306,3.8598952293395996,24300,0.0,0.0
1999-10-19 00:00:00-04:00,3.863845109939575,3.863845109939575,3.863845109939575,3.863845109939575,16200,0.0,0.0
1999-10-20 00:00:00-04:00,3.8875514095209147,3.8875514095209147,3.871748685836792,3.871748685836792,69300,0.0,0.0
1999-10-21 00:00:00-04:00,3.871748685836792,3.871748685836792,3.871748685836792,3.871748685836792,0,0.0,0.0
1999-10-22 00:00:00-04:00,3.8401424959024495,3.9665667292184406,3.8401424959024495,3.9191577434539795,40500,0.0,0.0
1999-10-25 00:00:00-04:00,3.982368285425644,4.08508825302124,3.9191560602769644,4.08508825302124,171900,0.0,0.0
1999-10-26 00:00:00-04:00,4.140401024238658,4.2352190017700195,4.140401024238658,4.2352190017700195,4500,0.0,0.0
1999-10-27 00:00:00-04:00,4.085088609850524,4.085088609850524,4.045580863952637,4.045580863952637,7200,0.0,0.0
1999-10-28 00:00:00-04:00,4.130523166506219,4.203612075775357,4.013975620269775,4.013975620269775,84600,0.0,0.0
1999-10-29 00:00:00-04:00,4.053481627925069,4.187807559967041,4.053481627925069,4.187807559967041,7200,0.0,0.0
1999-11-01 00:00:00-05:00,4.1720054293016915,4.1720054293016915,3.840141527527436,3.8677968978881836,62100,0.0,0.0
1999-11-02 00:00:00-05:00,3.855944106405596,4.08508825302124,3.855944106405596,4.08508825302124,8100,0.0,0.0
1999-11-03 00:00:00-05:00,3.8559454246334184,4.092990875244141,3.832240662550423,4.092990875244141,27900,0.0,0.0
1999-11-04 00:00:00-05:00,4.124597072601318,4.124597072601318,4.124597072601318,4.124597072601318,3600,0.0,0.0
1999-11-05 00:00:00-05:00,3.7927321651844994,3.855944395065307,3.650504715772014,3.8559443950653076,114300,0.0,0.0
1999-11-08 00:00:00-05:00,3.855944395065307,3.855944395065307,3.855944395065307,3.8559443950653076,0,0.0,0.0
1999-11-09 00:00:00-05:00,3.9823712026947202,4.116697245625971,3.9823712026947202,4.100893974304199,18900,0.0,0.0
1999-11-10 00:00:00-05:00,4.100893974304199,4.100893974304199,4.100893974304199,4.100893974304199,0,0.0,0.0
1999-11-11 00:00:00-05:00,4.100893974304199,4.100893974304199,4.100893974304199,4.100893974304199,0,0.0,0.0
1999-11-12 00:00:00-05:00,4.045580863952637,4.045580863952637,4.045580863952637,4.045580863952637,3600,0.0,0.0
1999-11-15 00:00:00-05:00,4.045580863952637,4.045580863952637,4.045580863952637,4.045580863952637,0,0.0,0.0
1999-11-16 00:00:00-05:00,4.045580863952637,4.045580863952637,4.045580863952637,4.045580863952637,5400,0.0,0.0
1999-11-17 00:00:00-05:00,4.0671892166137695,4.0671892166137695,4.0671892166137695,4.0671892166137695,900,0.03778,0.0
1999-11-18 00:00:00-05:00,4.067190665891201,4.1942901611328125,4.067190665891201,4.1942901611328125,24300,0.0,0.0
1999-11-19 00:00:00-05:00,4.210176956833417,4.210176956833417,3.9718648735141393,4.142655372619629,71100,0.0,0.0
1999-11-22 00:00:00-05:00,4.1307388052265095,4.1307388052265095,4.003639355274742,4.0671892166137695,9000,0.0,0.0
1999-11-23 00:00:00-05:00,4.0671892166137695,4.0671892166137695,4.0671892166137695,4.0671892166137695,0,0.0,0.0
1999-11-24 00:00:00-05:00,4.0671892166137695,4.0671892166137695,4.0671892166137695,4.0671892166137695,0,0.0,0.0
1999-11-26 00:00:00-05:00,4.0671892166137695,4.0671892166137695,4.0671892166137695,4.0671892166137695,0,0.0,0.0
1999-11-29 00:00:00-05:00,4.067190896748274,4.067190896748274,3.812991619110107,3.8129916191101074,7200,0.0,0.0
1999-11-30 00:00:00-05:00,3.940090226482284,4.035415172576904,3.8129907529000207,4.035415172576904,18000,0.0,0.0
1999-12-01 00:00:00-05:00,3.797103264501117,3.9400904178619385,3.749441061865077,3.9400904178619385,4500,0.0,0.0
1999-12-02 00:00:00-05:00,4.035415172576904,4.035415172576904,4.035415172576904,4.035415172576904,2700,0.0,0.0
1999-12-03 00:00:00-05:00,4.027472101672069,4.027472101672069,3.7176663875579834,3.7176663875579834,8100,0.0,0.0
1999-12-06 00:00:00-05:00,4.0155558586120605,4.0155558586120605,4.0155558586120605,4.0155558586120605,37800,0.0,0.0
1999-12-07 00:00:00-05:00,4.015556089323863,4.130740165710449,4.0076123881309655,4.130740165710449,65700,0.0,0.0
1999-12-08 00:00:00-05:00,3.6223416836102817,3.8169633336759534,3.6064545526204963,3.8129916191101074,21600,0.0,0.0
1999-12-09 00:00:00-05:00,4.098965976907045,4.130740511613016,3.6858915712014233,3.8129916191101074,75600,0.0,0.0
1999-12-10 00:00:00-05:00,3.749439239501953,3.749439239501953,3.749439239501953,3.749439239501953,1800,0.0,0.0
1999-12-13 00:00:00-05:00,3.7494417315189654,3.812991619110107,3.6858915712014233,3.8129916191101074,37800,0.0,0.0
1999-12-14 00:00:00-05:00,3.8129904231514624,3.844764947891235,3.8129904231514624,3.8447649478912354,9000,0.0,0.0
1999-12-15 00:00:00-05:00,3.701777258925465,4.011582851409912,3.701777258925465,4.011582851409912,39600,0.0,0.0
1999-12-16 00:00:00-05:00,3.918244587542631,4.01158353426659,3.918244587542631,3.9996681213378906,15300,0.0,0.0
1999-12-17 00:00:00-05:00,4.023497517331658,4.023497517331658,3.876538991928101,3.8765389919281006,29700,0.0,0.0
1999-12-20 00:00:00-05:00,3.916259326224852,4.019528257562202,3.805047512054444,3.8050475120544434,15300,0.0,0.0
1999-12-21 00:00:00-05:00,3.789159059524536,3.789159059524536,3.789159059524536,3.789159059524536,2700,0.0,0.0
1999-12-22 00:00:00-05:00,3.812989145562766,3.892426385337879,3.7891577827218756,3.8765389919281006,21600,0.0,0.0
1999-12-23 00:00:00-05:00,3.876538991928101,3.876538991928101,3.876538991928101,3.8765389919281006,0,0.0,0.0
1999-12-27 00:00:00-05:00,3.781216538951336,3.812991619110107,3.781216538951336,3.8129916191101074,9900,0.0,0.0
1999-12-28 00:00:00-05:00,3.812991619110107,3.812991619110107,3.812991619110107,3.8129916191101074,0,0.0,0.0
1999-12-29 00:00:00-05:00,3.9718640203354294,4.00761079788208,3.9639205950209173,4.00761079788208,34200,0.0,0.0
1999-12-30 00:00:00-05:00,4.00761079788208,4.00761079788208,4.00761079788208,4.00761079788208,0,0.0,0.0
1999-12-31 00:00:00-05:00,4.035414422307399,4.083076613766955,4.035414422307399,4.0671892166137695,6300,0.0,0.0
2000-01-03 00:00:00-05:00,4.0671892166137695,4.0671892166137695,4.0671892166137695,4.0671892166137695,0,0.0,0.0
2000-01-04 00:00:00-05:00,3.805046080147046,3.805046080147046,3.7573833465576167,3.757383346557617,5400,0.0,0.0
2000-01-05 00:00:00-05:00,3.876538991928101,3.940088565567213,3.876538991928101,3.8765389919281006,7200,0.0,0.0
2000-01-06 00:00:00-05:00,3.8129890848555,3.860651264325996,3.749439239501953,3.749439239501953,16200,0.0,0.0
2000-01-07 00:00:00-05:00,3.749439239501953,3.749439239501953,3.749439239501953,3.749439239501953,0,0.0,0.0
2000-01-10 00:00:00-05:00,3.7414977128044433,3.7414977128044433,3.67000412940979,3.67000412940979,10800,0.0,0.0
2000-01-11 00:00:00-05:00,3.622341376844852,3.67000412940979,3.622341376844852,3.67000412940979,2700,0.0,0.0
2000-01-12 00:00:00-05:00,3.590566766546685,3.805047512054444,3.590566766546685,3.8050475120544434,20700,0.0,0.0
2000-01-13 00:00:00-05:00,3.6223404381360917,3.812990308084516,3.6223404381360917,3.646171808242798,57600,0.0,0.0
2000-01-14 00:00:00-05:00,3.781216538951336,3.812991619110107,3.781216538951336,3.8129916191101074,16200,0.0,0.0
2000-01-18 00:00:00-05:00,3.6223410366565836,3.9400904178619385,3.6183693228000897,3.9400904178619385,29700,0.0,0.0
2000-01-19 00:00:00-05:00,3.9718641550599205,4.035414286994311,3.9718641550599205,4.027470588684082,21600,0.0,0.0
2000-01-20 00:00:00-05:00,4.035414422307399,4.0671892166137695,4.035414422307399,4.0671892166137695,37800,0.0,0.0
2000-01-21 00:00:00-05:00,4.067190596608356,4.067190596608356,4.019528388977051,4.019528388977051,12600,0.0,0.0
2000-01-24 00:00:00-05:00,4.003639704549026,4.003639704549026,3.9480338096618652,3.9480338096618652,9000,0.0,0.0
2000-01-25 00:00:00-05:00,3.9559773053196574,3.9559773053196574,3.936117649078369,3.936117649078369,5400,0.0,0.0
2000-01-26 00:00:00-05:00,3.92817347078046,3.92817347078046,3.9003701210021973,3.9003701210021973,4500,0.0,0.0
2000-01-27 00:00:00-05:00,3.8844839427787985,3.963921208201054,3.8844839427787985,3.9480338096618652,45000,0.0,0.0
2000-01-28 00:00:00-05:00,3.9480338096618652,3.9480338096618652,3.9480338096618652,3.9480338096618652,0,0.0,0.0
2000-01-31 00:00:00-05:00,3.955978910442334,3.955978910442334,3.9440629482269283,3.9440629482269287,4500,0.0,0.0
2000-02-01 00:00:00-05:00,3.9400880916891294,3.9400880916891294,3.908313035964966,3.908313035964966,25200,0.0,0.0
2000-02-02 00:00:00-05:00,3.9003701210021973,3.9003701210021973,3.9003701210021973,3.9003701210021973,900,0.0,0.0
2000-02-03 00:00:00-05:00,3.900370460060812,3.900370460060812,3.860651969909668,3.860651969909668,13500,0.0,0.0
2000-02-04 00:00:00-05:00,3.860651969909668,3.860651969909668,3.860651969909668,3.860651969909668,0,0.0,0.0
2000-02-07 00:00:00-05:00,3.860651969909668,3.860651969909668,3.860651969909668,3.860651969909668,3600,0.0,0.0
2000-02-08 00:00:00-05:00,3.8765396733774815,3.8765396733774815,3.8725674152374268,3.8725674152374268,3600,0.0,0.0
2000-02-09 00:00:00-05:00,3.8725674152374268,3.8725674152374268,3.8725674152374268,3.8725674152374268,0,0.0,0.0
2000-02-10 00:00:00-05:00,3.8566806316375737,3.8566806316375737,3.8566806316375737,3.8566806316375732,1800,0.0,0.0
2000-02-11 00:00:00-05:00,3.8129897781698614,3.8129897781698614,3.7573833465576167,3.757383346557617,24300,0.0,0.0
2000-02-14 00:00:00-05:00,3.7732722759246826,3.7732722759246826,3.7732722759246826,3.7732722759246826,3600,0.0,0.0
2000-02-15 00:00:00-05:00,3.781216538951336,3.812991619110107,3.781216538951336,3.8129916191101074,32400,0.0,0.0
2000-02-16 00:00:00-05:00,3.8129904231514624,3.844764947891235,3.8129904231514624,3.8447649478912354,60300,0.0,0.0
2000-02-17 00:00:00-05:00,3.8447654671371563,3.9400904178619385,3.8447654671371563,3.9400904178619385,90900,0.0,0.0
2000-02-18 00:00:00-05:00,3.9400904178619385,3.9400904178619385,3.9400904178619385,3.9400904178619385,1800,0.0,0.0
2000-02-22 00:00:00-05:00,3.9718656358929856,4.019528388977051,3.9718656358929856,4.019528388977051,9000,0.0,0.0
2000-02-23 00:00:00-05:00,4.041252677187871,4.057225946151374,4.009305590860104,4.017292499542236,14400,0.03778,0.0
2000-02-24 00:00:00-05:00,4.017292499542236,4.017292499542236,4.017292499542236,4.017292499542236,0,0.0,0.0
2000-02-25 00:00:00-05:00,4.017292499542236,4.017292499542236,4.017292499542236,4.017292499542236,2700,0.0,0.0
2000-02-28 00:00:00-05:00,4.033263768277266,4.049237303519346,4.009303602514268,4.025277137756348,18000,0.0,0.0
2000-02-29 00:00:00-05:00,4.041252436182201,4.057225704193115,4.041252436182201,4.057225704193115,6300,0.0,0.0
2000-03-01 00:00:00-05:00,4.073198318481445,4.073198318481445,4.073198318481445,4.073198318481445,3600,0.0,0.0
2000-03-02 00:00:00-05:00,4.073198318481445,4.073198318481445,4.073198318481445,4.073198318481445,0,0.0,0.0
2000-03-03 00:00:00-05:00,4.057225704193115,4.057225704193115,4.057225704193115,4.057225704193115,3600,0.0,0.0
2000-03-06 00:00:00-05:00,4.089171886444092,4.089171886444092,4.089171886444092,4.089171886444092,4500,0.0,0.0
2000-03-07 00:00:00-05:00,4.083181678608154,4.083181678608154,4.073198318481445,4.073198318481445,5400,0.0,0.0
2000-03-08 00:00:00-05:00,4.0572248079171365,4.0572248079171365,4.033264636993408,4.033264636993408,11700,0.0,0.0
2000-03-09 00:00:00-05:00,4.02527804841869,4.02527804841869,3.985344886779785,3.985344886779785,9900,0.0,0.0
2000-03-10 00:00:00-05:00,3.9693735910929435,3.9693735910929435,3.961386680603028,3.9613866806030273,7200,0.0,0.0
2000-03-13 00:00:00-05:00,3.9454126358032227,3.9454126358032227,3.9454126358032227,3.9454126358032227,900,0.0,0.0
2000-03-14 00:00:00-05:00,3.961385905255781,3.961385905255781,3.937425726876555,3.9454126358032227,9000,0.0,0.0
2000-03-15 00:00:00-05:00,3.945412065870805,3.945412065870805,3.9414188861846924,3.9414188861846924,6300,0.0,0.0
2000-03-16 00:00:00-05:00,3.9134655315805085,3.9414188861846924,3.9134655315805085,3.9414188861846924,20700,0.0,0.0
2000-03-17 00:00:00-05:00,3.921451463818361,4.0093046977478295,3.91346510531603,3.9933314323425293,48600,0.0,0.0
2000-03-20 00:00:00-05:00,3.9773578805375416,4.033264301576201,3.9773578805375416,4.001317501068115,26100,0.0,0.0
2000-03-21 00:00:00-05:00,4.001318238924944,4.145078182220459,4.001318238924944,4.145078182220459,33300,0.0,0.0
2000-03-22 00:00:00-05:00,4.1530661178334585,4.216959476470947,4.1530661178334585,4.216959476470947,31500,0.0,0.0
2000-03-23 00:00:00-05:00,4.248903804680858,4.248903804680858,4.2169570069703335,4.2249436378479,12600,0.0,0.0
2000-03-24 00:00:00-05:00,4.216957928868146,4.2808512640570955,4.216957928868146,4.264878273010254,11700,0.0,0.0
2000-03-27 00:00:00-05:00,4.280849798951445,4.312796592712402,4.280849798951445,4.312796592712402,11700,0.0,0.0
2000-03-28 00:00:00-05:00,4.312799299015743,4.344746112823486,4.312799299015743,4.344746112823486,8100,0.0,0.0
2000-03-29 00:00:00-05:00,4.34474497359579,4.34474497359579,4.2888379955414075,4.308804988861084,24300,0.0,0.0
2000-03-30 00:00:00-05:00,4.336758948709323,4.392665386199951,4.304812138800031,4.392665386199951,18000,0.0,0.0
2000-03-31 00:00:00-05:00,4.424612998962402,4.440586270705133,4.424612998962402,4.424612998962402,10800,0.0,0.0
2000-04-03 00:00:00-04:00,4.440584659576416,4.4565581997240695,4.440584659576416,4.440584659576416,8100,0.0,0.0
2000-04-04 00:00:00-04:00,4.424611019286242,4.424611019286242,4.352731054404332,4.368704319000244,14400,0.0,0.0
2000-04-05 00:00:00-04:00,4.352732084599644,4.352732084599644,4.336759090423584,4.336759090423584,5400,0.0,0.0
2000-04-06 00:00:00-04:00,4.332764496182146,4.332764496182146,4.328771591186523,4.328771591186523,2700,0.0,0.0
2000-04-07 00:00:00-04:00,4.328772974753057,4.328772974753057,4.296825885772705,4.296825885772705,13500,0.0,0.0
2000-04-10 00:00:00-04:00,4.312799211983462,4.312799211983462,4.300819396972656,4.300819396972656,3600,0.0,0.0
2000-04-11 00:00:00-04:00,4.304812495779029,4.304812495779029,4.280852317810059,4.280852317810059,9900,0.0,0.0
2000-04-12 00:00:00-04:00,4.27286583601008,4.27286583601008,4.248905658721924,4.248905658721924,7200,0.0,0.0
2000-04-13 00:00:00-04:00,4.24890783231772,4.24890783231772,4.11313470449637,4.185014724731445,28800,0.0,0.0
2000-04-14 00:00:00-04:00,4.169039703759985,4.1770263393924285,4.153066158294678,4.153066158294678,7200,0.0,0.0
2000-04-17 00:00:00-04:00,4.1450795226622335,4.169039703759985,4.1450795226622335,4.153066158294678,14400,0.0,0.0
2000-04-18 00:00:00-04:00,4.137092524857212,4.161052703857422,4.137092524857212,4.161052703857422,5400,0.0,0.0
2000-04-19 00:00:00-04:00,4.161052703857422,4.161052703857422,4.161052703857422,4.161052703857422,0,0.0,0.0
2000-04-20 00:00:00-04:00,4.161052703857422,4.161052703857422,4.153065794723755,4.161052703857422,4500,0.0,0.0
2000-04-24 00:00:00-04:00,4.153066158294678,4.153066158294678,4.153066158294678,4.153066158294678,900,0.0,0.0
2000-04-25 00:00:00-04:00,4.133099883316935,4.133099883316935,4.113133430480957,4.113133430480957,163800,0.0,0.0
2000-04-26 00:00:00-04:00,4.121118458237183,4.137091449752433,4.121118458237183,4.129105091094971,6300,0.0,0.0
2000-04-27 00:00:00-04:00,4.137092079208742,4.137092079208742,4.097158908843994,4.097158908843994,9000,0.0,0.0
2000-04-28 00:00:00-04:00,4.105146344500016,4.153066158294678,4.105146344500016,4.153066158294678,22500,0.0,0.0
2000-05-01 00:00:00-04:00,4.153066158294678,4.153066158294678,4.153066158294678,4.153066158294678,2700,0.0,0.0
2000-05-02 00:00:00-04:00,4.153067622537274,4.200988001628014,4.153067622537274,4.185014724731445,37800,0.0,0.0
2000-05-03 00:00:00-04:00,4.189007632654812,4.208974365875782,4.16904117363436,4.185014724731445,18900,0.0,0.0
2000-05-04 00:00:00-04:00,4.248906292889901,4.248906292889901,4.200986479562097,4.216959476470947,18000,0.0,0.0
2000-05-05 00:00:00-04:00,4.228939330078314,4.280852317810059,4.228939330078314,4.280852317810059,6300,0.0,0.0
2000-05-08 00:00:00-04:00,4.280852317810059,4.280852317810059,4.280852317810059,4.280852317810059,0,0.0,0.0
2000-05-09 00:00:00-04:00,4.248904733562779,4.264878273010254,4.248904733562779,4.264878273010254,7200,0.0,0.0
2000-05-10 00:00:00-04:00,4.280852980181869,4.408639975987827,4.280852980181869,4.384679794311523,36900,0.0,0.0
2000-05-11 00:00:00-04:00,4.368705143914242,4.368705143914242,4.352731876302203,4.364712238311768,26100,0.0,0.0
2000-05-12 00:00:00-04:00,4.372699591451889,4.376692771911621,4.360719227471485,4.376692771911621,10800,0.0,0.0
2000-05-15 00:00:00-04:00,4.376692118345486,4.392665386199951,4.376692118345486,4.392665386199951,6300,0.0,0.0
2000-05-16 00:00:00-04:00,4.380684467662524,4.544411107382149,4.380684467662524,4.488504409790039,27000,0.0,0.0
2000-05-17 00:00:00-04:00,4.480517777876923,4.488504409790039,4.480517777876923,4.488504409790039,6300,0.0,0.0
2000-05-18 00:00:00-04:00,4.480518853401166,4.52045202255249,4.480518853401166,4.52045202255249,15300,0.0,0.0
2000-05-19 00:00:00-04:00,4.5124650265657005,4.528438568115234,4.5124650265657005,4.528438568115234,8100,0.0,0.0
2000-05-22 00:00:00-04:00,4.528438656382756,4.528438656382756,4.504478480691603,4.52045202255249,14400,0.0,0.0
2000-05-23 00:00:00-04:00,4.5124636553259965,4.5204505607738925,4.504477024078369,4.504477024078369,19800,0.0,0.0
2000-05-24 00:00:00-04:00,4.496157521836668,4.512157746164453,4.4641562491776465,4.488157272338867,25200,0.01333,0.0
2000-05-25 00:00:00-04:00,4.512157065329655,4.728164593180578,4.488156595125474,4.536158084869385,24900,0.0,3.0
2000-05-26 00:00:00-04:00,4.51215557010441,4.51215557010441,4.46415409626709,4.476154327392578,9000,0.0,0.0
2000-05-30 00:00:00-04:00,4.512155055999756,4.512155055999756,4.464153587631614,4.512155055999756,12900,0.0,0.0
2000-05-31 00:00:00-04:00,4.56016017910359,4.56016017910359,4.464156627655029,4.464156627655029,7200,0.0,0.0
2000-06-01 00:00:00-04:00,4.512155055999756,4.512155055999756,4.512155055999756,4.512155055999756,300,0.0,0.0
2000-06-02 00:00:00-04:00,4.560159379422622,4.584159851074219,4.536158358435441,4.584159851074219,6600,0.0,0.0
2000-06-05 00:00:00-04:00,4.608160594153026,4.608160594153026,4.536158084869385,4.536158084869385,5400,0.0,0.0
2000-06-06 00:00:00-04:00,4.560158965871546,4.7401652336120605,4.560158965871546,4.7401652336120605,24900,0.0,0.0
2000-06-07 00:00:00-04:00,4.740164990891707,4.848168746005679,4.740164990891707,4.824167728424072,69900,0.0,0.0
2000-06-08 00:00:00-04:00,4.848168746005679,4.860168980128729,4.824167728424072,4.824167728424072,15900,0.0,0.0
2000-06-09 00:00:00-04:00,4.800166575775839,4.93217134475708,4.800166575775839,4.93217134475708,20700,0.0,0.0
2000-06-12 00:00:00-04:00,4.920172010621647,4.9921745251705705,4.920172010621647,4.968173503875732,21900,0.0,0.0
2000-06-13 00:00:00-04:00,4.9921722412109375,5.088175183796977,4.944170220582579,4.9921722412109375,21900,0.0,0.0
2000-06-14 00:00:00-04:00,4.9921745251705705,4.9921745251705705,4.968173503875732,4.968173503875732,18600,0.0,0.0
2000-06-15 00:00:00-04:00,4.968174576759338,4.992175603237229,4.896172046661377,4.896172046661377,13200,0.0,0.0
2000-06-16 00:00:00-04:00,4.94417142868042,4.94417142868042,4.94417142868042,4.94417142868042,22200,0.0,0.0
2000-06-19 00:00:00-04:00,4.9201716316352355,4.944172101745797,4.800167083740234,4.800167083740234,6900,0.0,0.0
2000-06-20 00:00:00-04:00,4.80016695663521,4.812167740708267,4.7401652336120605,4.7401652336120605,10500,0.0,0.0
2000-06-21 00:00:00-04:00,4.716163769364357,4.716163769364357,4.584159002377191,4.608160018920898,22500,0.0,0.0
2000-06-22 00:00:00-04:00,4.584159851074219,4.584159851074219,4.584159851074219,4.584159851074219,2400,0.0,0.0
2000-06-23 00:00:00-04:00,4.560158535168966,4.608160018920898,4.536157518625259,4.608160018920898,17700,0.0,0.0
2000-06-26 00:00:00-04:00,4.608160697207774,4.656162188025167,4.560159206390381,4.560159206390381,23700,0.0,0.0
2000-06-27 00:00:00-04:00,4.584159574613295,4.656162083896937,4.536158084869385,4.536158084869385,12900,0.0,0.0
2000-06-28 00:00:00-04:00,4.560160679820125,4.656163692474365,4.560160679820125,4.656163692474365,17700,0.0,0.0
2000-06-29 00:00:00-04:00,4.6561615026728305,4.6561615026728305,4.608160018920898,4.608160018920898,6300,0.0,0.0
2000-06-30 00:00:00-04:00,4.608160018920898,4.6561615026728305,4.608160018920898,4.608160018920898,18300,0.0,0.0
2000-07-03 00:00:00-04:00,4.632163213978676,4.656163692474365,4.632163213978676,4.656163692474365,2100,0.0,0.0
2000-07-05 00:00:00-04:00,4.608162186147245,4.656163692474365,4.608162186147245,4.656163692474365,5400,0.0,0.0
2000-07-06 00:00:00-04:00,4.6081608720614,4.656162364700178,4.560159379422622,4.584159851074219,3300,0.0,0.0
2000-07-07 00:00:00-04:00,4.608160018920898,4.608160018920898,4.596159785316786,4.608160018920898,9600,0.0,0.0
2000-07-10 00:00:00-04:00,4.608160018920898,4.608160018920898,4.608160018920898,4.608160018920898,5700,0.0,0.0
2000-07-11 00:00:00-04:00,4.608160168992477,4.608160168992477,4.572158917672223,4.596159934997559,6000,0.0,0.0
2000-07-12 00:00:00-04:00,4.6081608720614,4.620161107887198,4.584159851074219,4.584159851074219,5100,0.0,0.0
2000-07-13 00:00:00-04:00,4.584159574613295,4.596160359050936,4.536158084869385,4.536158084869385,6300,0.0,0.0
2000-07-14 00:00:00-04:00,4.584159677131296,4.584159677131296,4.536158186313902,4.560159206390381,6300,0.0,0.0
2000-07-17 00:00:00-04:00,4.512157746164453,4.512157746164453,4.488157272338867,4.488157272338867,6000,0.0,0.0
2000-07-18 00:00:00-04:00,4.440154146386126,4.596159934997559,4.440154146386126,4.596159934997559,9000,0.0,0.0
2000-07-19 00:00:00-04:00,4.584159574613295,4.584159574613295,4.536158084869385,4.536158084869385,6000,0.0,0.0
2000-07-20 00:00:00-04:00,4.560157073703203,4.560157073703203,4.488154596483338,4.512155055999756,7200,0.0,0.0
2000-07-21 00:00:00-04:00,4.52415853241288,4.548159006238467,4.488157272338867,4.488157272338867,4500,0.0,0.0
2000-07-24 00:00:00-04:00,4.452155752964276,4.452155752964276,4.224147419551334,4.248148441314697,21300,0.0,0.0
2000-07-25 00:00:00-04:00,4.2361481050597725,4.2361481050597725,4.224147319793701,4.224147319793701,2700,0.0,0.0
2000-07-26 00:00:00-04:00,4.224148008142822,4.224148008142822,4.176146507263184,4.176146507263184,15900,0.0,0.0
2000-07-27 00:00:00-04:00,4.176145654900877,4.200146675109863,4.176145654900877,4.200146675109863,3000,0.0,0.0
2000-07-28 00:00:00-04:00,4.188146745149174,4.188146745149174,4.152145482155525,4.176146507263184,8100,0.0,0.0
2000-07-31 00:00:00-04:00,4.17614530863782,4.260148048400879,4.164145074196103,4.260148048400879,12000,0.0,0.0
2000-08-01 00:00:00-04:00,4.260148048400879,4.260148048400879,4.260148048400879,4.260148048400879,9600,0.0,0.0
2000-08-02 00:00:00-04:00,4.248146931330362,4.3201494216918945,4.164144209020378,4.3201494216918945,22800,0.0,0.0
2000-08-03 00:00:00-04:00,4.296150534130118,4.296150534130118,4.164146269377194,4.176146507263184,15000,0.0,0.0
2000-08-04 00:00:00-04:00,4.1521453857421875,4.1521453857421875,4.1521453857421875,4.1521453857421875,900,0.0,0.0
2000-08-07 00:00:00-04:00,4.188145160675049,4.200145943356537,4.056140945862433,4.188145160675049,15300,0.0,0.0
2000-08-08 00:00:00-04:00,4.200146033007954,4.200146033007954,4.104142516184215,4.116142749786377,13800,0.0,0.0
2000-08-09 00:00:00-04:00,4.12814474105835,4.12814474105835,4.068142456813526,4.12814474105835,19200,0.0,0.0
2000-08-10 00:00:00-04:00,4.128143444609485,4.200145943356537,4.116142661927996,4.188145160675049,6000,0.0,0.0
2000-08-11 00:00:00-04:00,4.188144317032476,4.188144317032476,4.080140590667725,4.080140590667725,9600,0.0,0.0
2000-08-14 00:00:00-04:00,4.080142172837972,4.080142172837972,4.068141937255859,4.068141937255859,8400,0.0,0.0
2000-08-15 00:00:00-04:00,4.056140771367004,4.056140771367004,3.9361362457275386,3.936136245727539,11700,0.0,0.0
2000-08-16 00:00:00-04:00,3.9241368400461845,3.9241368400461845,3.8761353492736816,3.8761353492736816,3300,0.0,0.0
2000-08-17 00:00:00-04:00,3.840133890290311,3.840133890290311,3.816132871508601,3.8281331062316895,21600,0.0,0.0
2000-08-18 00:00:00-04:00,3.8401344983532697,3.8401344983532697,3.648127416367453,3.672128438949585,22800,0.0,0.0
2000-08-21 00:00:00-04:00,3.672129721597958,3.6961307525634766,3.672129721597958,3.6961307525634766,2100,0.0,0.0
2000-08-22 00:00:00-04:00,3.696128884664212,3.744130373001099,3.576124339818692,3.7441303730010986,31500,0.0,0.0
2000-08-23 00:00:00-04:00,3.743164106237265,3.743164106237265,3.7069399356842045,3.706939935684204,5100,0.04,0.0
2000-08-24 00:00:00-04:00,3.719015336871463,3.719015336871463,3.682791163306926,3.6948657035827637,21600,0.0,0.0
2000-08-25 00:00:00-04:00,3.694865703582764,3.694865703582764,3.62241735645369,3.6948657035827637,20100,0.0,0.0
2000-08-28 00:00:00-04:00,3.6948637605272476,3.6948637605272476,3.670714139938355,3.6707141399383545,2700,0.0,0.0
2000-08-29 00:00:00-04:00,3.6948656348882967,3.7914636135101323,3.682791094836947,3.791463613510132,18300,0.0,0.0
2000-08-30 00:00:00-04:00,3.7793885909876757,3.803538224276375,3.694865703582764,3.6948657035827637,167700,0.0,0.0
2000-08-31 00:00:00-04:00,3.7914628474640932,3.9605085849761963,3.7914628474640932,3.9605085849761963,59700,0.0,0.0
2000-09-01 00:00:00-04:00,3.9846582129365973,3.9846582129365973,3.9605085849761963,3.9605085849761963,7200,0.0,0.0
2000-09-05 00:00:00-04:00,3.9846580779110945,3.9846580779110945,3.9122097492218018,3.9122097492218018,21600,0.0,0.0
2000-09-06 00:00:00-04:00,3.9122079951422557,4.057104587554932,3.9122079951422557,4.057104587554932,18900,0.0,0.0
2000-09-07 00:00:00-04:00,4.032956061197244,4.105404376983643,4.032956061197244,4.105404376983643,14400,0.0,0.0
2000-09-08 00:00:00-04:00,4.153705365181322,4.250302791595459,4.153705365181322,4.250302791595459,7500,0.0,0.0
2000-09-11 00:00:00-04:00,4.250302791595459,4.250302791595459,4.250302791595459,4.250302791595459,0,0.0,0.0
2000-09-12 00:00:00-04:00,4.2744515226363475,4.298601150512695,4.2744515226363475,4.298601150512695,6300,0.0,0.0
2000-09-13 00:00:00-04:00,4.298601965509042,4.322751045227051,4.250302700599017,4.322751045227051,11700,0.0,0.0
2000-09-14 00:00:00-04:00,4.346899776694798,4.371049404144287,4.322750149245308,4.371049404144287,15900,0.0,0.0
2000-09-15 00:00:00-04:00,4.298602250225633,4.298602250225633,4.286527156829834,4.286527156829834,7800,0.0,0.0
2000-09-18 00:00:00-04:00,4.2744524245675,4.2744524245675,4.250302791595459,4.250302791595459,900,0.0,0.0
2000-09-19 00:00:00-04:00,4.226152215073812,4.226152215073812,4.177852966230276,4.18992805480957,900,0.0,0.0
2000-09-20 00:00:00-04:00,4.165780729260939,4.202004909515381,4.165780729260939,4.202004909515381,3600,0.0,0.0
2000-09-21 00:00:00-04:00,4.202002398173014,4.371048655908331,4.202002398173014,4.346899032592773,21000,0.0,0.0
2000-09-22 00:00:00-04:00,4.322749949375036,4.334825038909912,4.322749949375036,4.334825038909912,600,0.0,0.0
2000-09-25 00:00:00-04:00,4.322751045227051,4.322751045227051,4.310676505368047,4.322751045227051,2400,0.0,0.0
2000-09-26 00:00:00-04:00,4.298600254238561,4.298600254238561,4.105404376983643,4.105404376983643,19800,0.0,0.0
2000-09-27 00:00:00-04:00,4.129555157455362,4.141629695892334,4.105405527844479,4.141629695892334,9900,0.0,0.0
2000-09-28 00:00:00-04:00,4.165778430387802,4.214077126494518,4.153703894545329,4.18992805480957,12900,0.0,0.0
2000-09-29 00:00:00-04:00,4.189928926514291,4.274451800470031,4.189928926514291,4.2623772621154785,14100,0.0,0.0
2000-10-02 00:00:00-04:00,4.250302452023933,4.250302452023933,4.153705033327303,4.226153373718262,13800,0.0,0.0
2000-10-03 00:00:00-04:00,4.226153711360433,4.250302791595459,4.2020040783883905,4.250302791595459,13800,0.0,0.0
2000-10-04 00:00:00-04:00,4.2020040783883905,4.250302791595459,4.153705365181322,4.250302791595459,25500,0.0,0.0
2000-10-05 00:00:00-04:00,4.286526622219413,4.286526622219413,4.202003742675618,4.226153373718262,12300,0.0,0.0
2000-10-06 00:00:00-04:00,4.250302269938721,4.250302269938721,4.1295552253723145,4.1295552253723145,17100,0.0,0.0
2000-10-09 00:00:00-04:00,4.105407014446186,4.105407014446186,4.008809566497803,4.008809566497803,9300,0.0,0.0
2000-10-10 00:00:00-04:00,4.032958550748939,4.250303632275597,4.032958550748939,4.202004909515381,21300,0.0,0.0
2000-10-11 00:00:00-04:00,4.202002315611102,4.202002315611102,4.105404376983643,4.105404376983643,10800,0.0,0.0
2000-10-12 00:00:00-04:00,4.081259557867514,4.081259557867514,4.0329602618774585,4.045035362243652,5100,0.0,0.0
2000-10-13 00:00:00-04:00,4.008808761625931,4.177854537963867,4.008808761625931,4.177854537963867,14400,0.0,0.0
2000-10-16 00:00:00-04:00,4.14162976400787,4.14162976400787,4.1295552253723145,4.1295552253723145,1500,0.0,0.0
2000-10-17 00:00:00-04:00,4.12955288376127,4.12955288376127,3.9242825269311004,4.057104587554932,29100,0.0,0.0
2000-10-18 00:00:00-04:00,4.008808588994758,4.008808588994758,3.98465895652771,3.98465895652771,2100,0.0,0.0
2000-10-19 00:00:00-04:00,3.984658677117411,3.984658677117411,3.8518365369678422,3.8639116287231445,10500,0.0,0.0
2000-10-20 00:00:00-04:00,3.888059681402895,3.888059681402895,3.863910609734801,3.8759851455688477,4200,0.0,0.0
2000-10-23 00:00:00-04:00,3.863910883286255,3.863910883286255,3.791462557679243,3.839761257171631,29400,0.0,0.0
2000-10-24 00:00:00-04:00,3.863909315250242,4.057104587554932,3.863909315250242,4.057104587554932,15900,0.0,0.0
2000-10-25 00:00:00-04:00,4.032957705849185,4.032957705849185,3.6948656118833103,3.7673139572143555,56100,0.0,0.0
2000-10-26 00:00:00-04:00,3.7673139572143555,3.7673139572143555,3.7673139572143555,3.7673139572143555,300,0.0,0.0
2000-10-27 00:00:00-04:00,3.7673132195036922,3.9605085849761963,3.7673132195036922,3.9605085849761963,21000,0.0,0.0
2000-10-30 00:00:00-05:00,3.960508333386111,4.081255912780762,3.960508333386111,4.081255912780762,16200,0.0,0.0
2000-10-31 00:00:00-05:00,4.081254203869256,4.081254203869256,3.984656291348594,4.057104587554932,11700,0.0,0.0
2000-11-01 00:00:00-05:00,4.069181067529647,4.298601150512695,4.069181067529647,4.298601150512695,22500,0.0,0.0
2000-11-02 00:00:00-05:00,4.37105029986127,4.612544412895659,4.37105029986127,4.564245700836182,13200,0.0,0.0
2000-11-03 00:00:00-05:00,4.612543373835365,4.636693000793457,4.612543373835365,4.636693000793457,600,0.0,0.0
2000-11-06 00:00:00-05:00,4.6849933553672605,4.82989006277797,4.6849933553672605,4.793665885925293,10500,0.0,0.0
2000-11-07 00:00:00-05:00,4.902336995210061,4.974785327911377,4.878187919467565,4.974785327911377,24600,0.0,0.0
2000-11-08 00:00:00-05:00,4.962711442478616,4.962711442478616,4.829889297485352,4.829889297485352,10500,0.0,0.0
2000-11-09 00:00:00-05:00,4.829890149780861,4.926488140707087,4.829890149780861,4.90233850479126,13200,0.0,0.0
2000-11-10 00:00:00-05:00,4.8902634848577975,4.8902634848577975,4.721217155456543,4.721217155456543,15900,0.0,0.0
2000-11-13 00:00:00-05:00,4.709141328930855,4.709141328930855,4.636693000793457,4.636693000793457,25500,0.0,0.0
2000-11-14 00:00:00-05:00,4.636694857074422,4.636694857074422,4.467648506164551,4.467648506164551,9600,0.0,0.0
2000-11-15 00:00:00-05:00,4.466679096221924,4.466679096221924,4.466679096221924,4.466679096221924,7800,0.04,0.0
2000-11-16 00:00:00-05:00,4.478813543915749,4.660879135131836,4.478813543915749,4.660879135131836,45600,0.0,0.0
2000-11-17 00:00:00-05:00,4.660879135131836,4.685154732500678,4.660879135131836,4.660879135131836,31800,0.0,0.0
2000-11-20 00:00:00-05:00,4.648743762107715,4.648743762107715,4.515228748321533,4.515228748321533,13800,0.0,0.0
2000-11-21 00:00:00-05:00,4.515228392585875,4.588054656982422,4.515228392585875,4.588054656982422,6300,0.0,0.0
2000-11-22 00:00:00-05:00,4.5637788148287095,4.5637788148287095,4.527365684509277,4.527365684509277,1500,0.0,0.0
2000-11-24 00:00:00-05:00,4.575915813446045,4.575915813446045,4.575915813446045,4.575915813446045,1200,0.0,0.0
2000-11-27 00:00:00-05:00,4.575916703161428,4.575916703161428,4.539503574371338,4.539503574371338,3300,0.0,0.0
2000-11-28 00:00:00-05:00,4.5637790503101385,4.612330263654705,4.5637790503101385,4.588054656982422,6900,0.0,0.0
2000-11-29 00:00:00-05:00,4.563779221540364,4.648743570271014,4.563779221540364,4.612330436706543,15300,0.0,0.0
2000-11-30 00:00:00-05:00,4.6244683265686035,4.636605853505039,4.6123307996321685,4.6244683265686035,17400,0.0,0.0
2000-12-01 00:00:00-05:00,4.660879135131836,4.721567850743895,4.636603537762994,4.660879135131836,72900,0.0,0.0
2000-12-04 00:00:00-05:00,4.624466164293336,4.624466164293336,4.563777446746826,4.563777446746826,4200,0.0,0.0
2000-12-05 00:00:00-05:00,4.563777301276559,4.660879135131836,4.563777301276559,4.660879135131836,6300,0.0,0.0
2000-12-06 00:00:00-05:00,4.673018515521448,4.757982862311866,4.673018515521448,4.7094316482543945,27900,0.0,0.0
2000-12-07 00:00:00-05:00,4.70943098167282,4.721569061279297,4.70943098167282,4.721569061279297,3300,0.0,0.0
2000-12-08 00:00:00-05:00,4.685157876027411,4.770121690395056,4.685157876027411,4.757984161376953,5700,0.0,0.0
2000-12-11 00:00:00-05:00,4.806533034951175,4.830808639526367,4.782257430375983,4.830808639526367,7200,0.0,0.0
2000-12-12 00:00:00-05:00,4.855082548255846,4.855082548255846,4.757981264000012,4.80653190612793,20700,0.0,0.0
2000-12-13 00:00:00-05:00,4.73370534270557,4.879357814788818,4.73370534270557,4.879357814788818,44400,0.0,0.0
2000-12-14 00:00:00-05:00,4.879357814788818,4.879357814788818,4.879357814788818,4.879357814788818,900,0.0,0.0
2000-12-15 00:00:00-05:00,4.830806572449938,4.97645902633667,4.830806572449938,4.97645902633667,44400,0.0,0.0
2000-12-18 00:00:00-05:00,4.952186584472656,4.98859972112319,4.915773447822122,4.952186584472656,18000,0.0,0.0
2000-12-19 00:00:00-05:00,4.952184815337693,5.025011062622071,4.952184815337693,5.02501106262207,16200,0.0,0.0
2000-12-20 00:00:00-05:00,4.952187403768914,4.952187403768914,4.757984161376953,4.757984161376953,20100,0.0,0.0
2000-12-21 00:00:00-05:00,4.733707185775515,4.733707185775515,4.5637790503101385,4.588054656982422,17400,0.0,0.0
2000-12-22 00:00:00-05:00,4.588052898645401,4.660879135131836,4.588052898645401,4.660879135131836,4800,0.0,0.0
2000-12-26 00:00:00-05:00,4.636605488669308,4.660881096252397,4.588054829123453,4.612330436706543,11400,0.0,0.0
2000-12-27 00:00:00-05:00,4.6123293323497965,4.6123293323497965,4.418125629425049,4.418125629425049,10200,0.0,0.0
2000-12-28 00:00:00-05:00,4.418126869602459,4.563779409870896,4.405989343120206,4.515228748321533,42000,0.0,0.0
2000-12-29 00:00:00-05:00,4.539502231801268,4.879357814788818,4.442400398539073,4.879357814788818,48900,0.0,0.0
2001-01-02 00:00:00-05:00,4.855083867245916,4.855083867245916,4.709431345672336,4.733706951141357,17400,0.0,0.0
2001-01-03 00:00:00-05:00,4.733706951141357,4.733706951141357,4.660880690354567,4.733706951141357,21300,0.0,0.0
2001-01-04 00:00:00-05:00,4.733706159090617,4.733706159090617,4.636604309082031,4.636604309082031,10500,0.0,0.0
2001-01-05 00:00:00-05:00,4.612330627040606,4.612330627040606,4.515228748321533,4.515228748321533,3000,0.0,0.0
2001-01-08 00:00:00-05:00,4.515228748321533,4.515228748321533,4.515228748321533,4.515228748321533,600,0.0,0.0
2001-01-09 00:00:00-05:00,4.515228748321533,4.515228748321533,4.515228748321533,4.515228748321533,600,0.0,0.0
2001-01-10 00:00:00-05:00,4.515227413286435,4.636604309082031,4.515227413286435,4.636604309082031,12900,0.0,0.0
2001-01-11 00:00:00-05:00,4.636606727857763,4.636606727857763,4.466679096221924,4.466679096221924,24300,0.0,0.0
2001-01-12 00:00:00-05:00,4.4666773167911575,4.575916703161428,4.4666773167911575,4.539503574371338,12600,0.0,0.0
2001-01-16 00:00:00-05:00,4.539502512172039,4.588053153991699,4.272472593113605,4.551640033721924,109500,0.0,0.0
2001-01-17 00:00:00-05:00,4.5637790503101385,4.588054656982422,4.5637790503101385,4.588054656982422,1800,0.0,0.0
2001-01-18 00:00:00-05:00,4.551639925485567,4.588053044889452,4.527364327342942,4.563777446746826,17700,0.0,0.0
2001-01-19 00:00:00-05:00,4.527365918111865,4.660880921378968,4.515228392585875,4.588054656982422,29700,0.0,0.0
2001-01-22 00:00:00-05:00,4.600190566150711,4.612328643032077,4.539502404224308,4.563777446746826,6300,0.0,0.0
2001-01-23 00:00:00-05:00,4.588054829123453,4.660881096252397,4.588054829123453,4.612330436706543,13500,0.0,0.0
2001-01-24 00:00:00-05:00,4.636605084885545,4.733706951141357,4.612330035036798,4.733706951141357,26400,0.0,0.0
2001-01-25 00:00:00-05:00,4.757980968987113,4.757980968987113,4.660879135131836,4.660879135131836,9900,0.0,0.0
2001-01-26 00:00:00-05:00,4.636603645330868,4.648741722106934,4.636603645330868,4.648741722106934,3300,0.0,0.0
2001-01-29 00:00:00-05:00,4.631748075947274,4.631748075947274,4.505515926542064,4.544356822967529,29700,0.0,0.0
2001-01-30 00:00:00-05:00,4.573487758636475,4.573487758636475,4.573487758636475,4.573487758636475,300,0.0,0.0
2001-01-31 00:00:00-05:00,4.575431386681013,4.592909812927246,4.575431386681013,4.592909812927246,3000,0.0,0.0
2001-02-01 00:00:00-05:00,4.505517148318097,4.505517148318097,4.489981174468994,4.489981174468994,12900,0.0,0.0
2001-02-02 00:00:00-05:00,4.466676832966331,4.466676832966331,4.418125629425049,4.418125629425049,18900,0.0,0.0
2001-02-05 00:00:00-05:00,4.418127868079851,4.466679096221924,4.418127868079851,4.466679096221924,9600,0.0,0.0
2001-02-06 00:00:00-05:00,4.447256490745546,4.631749629974365,4.447256490745546,4.631749629974365,16800,0.0,0.0
2001-02-07 00:00:00-05:00,4.602619824455634,4.670591354370117,4.602619824455634,4.670591354370117,17700,0.0,0.0
2001-02-08 00:00:00-05:00,4.699720889609797,4.748271540422179,4.699720889609797,4.719141483306885,19800,0.0,0.0
2001-02-09 00:00:00-05:00,4.719140786053348,4.806532055727611,4.719140786053348,4.777401447296143,15900,0.0,0.0
2001-02-12 00:00:00-05:00,4.777400196794321,4.777400196794321,4.748269595987893,4.767690181732178,22500,0.0,0.0
2001-02-13 00:00:00-05:00,4.792938793444588,4.8356632090878815,4.792938793444588,4.8162431716918945,12000,0.0,0.0
2001-02-14 00:00:00-05:00,4.787110805511475,4.787110805511475,4.787110805511475,4.787110805511475,600,0.0,0.0
2001-02-15 00:00:00-05:00,4.794880573083582,4.798764914293489,4.773518085479736,4.773518085479736,3000,0.0,0.0
2001-02-16 00:00:00-05:00,4.787113319519883,4.787113319519883,4.738562107086182,4.738562107086182,10800,0.0,0.0
2001-02-20 00:00:00-05:00,4.709430908648229,4.777402153157698,4.690010870571365,4.719141483306885,19500,0.0,0.0
2001-02-21 00:00:00-05:00,4.767934110001411,4.767934110001411,4.713287353515625,4.713287353515625,5400,0.04,0.0
2001-02-22 00:00:00-05:00,4.705478048235818,4.705478048235818,4.684009552001953,4.684009552001953,1200,0.0,0.0
2001-02-23 00:00:00-05:00,4.664494565120142,4.758174695374409,4.664494565120142,4.742561340332031,8100,0.0,0.0
2001-02-26 00:00:00-05:00,4.742561868429915,4.76598190360137,4.723044893264861,4.762078285217285,6900,0.0,0.0
2001-02-27 00:00:00-05:00,4.762078020626157,4.762078020626157,4.752319812774658,4.752319812774658,900,0.0,0.0
2001-02-28 00:00:00-05:00,4.7523200768236,4.762078285217285,4.734755190039429,4.762078285217285,2400,0.0,0.0
2001-03-01 00:00:00-05:00,4.771834861043978,4.830385208129883,4.762076655988825,4.830385208129883,16800,0.0,0.0
2001-03-02 00:00:00-05:00,4.830385208129883,4.830385208129883,4.830385208129883,4.830385208129883,600,0.0,0.0
2001-03-05 00:00:00-05:00,4.830387793545322,4.830387793545322,4.7815961837768555,4.7815961837768555,9300,0.0,0.0
2001-03-06 00:00:00-05:00,4.82843367879435,4.830385208129883,4.82843367879435,4.830385208129883,9600,0.0,0.0
2001-03-07 00:00:00-05:00,4.840144484166374,4.927969455718994,4.8206269552340455,4.927969455718994,22500,0.0,0.0
2001-03-08 00:00:00-05:00,4.879178472803524,4.898695448015495,4.859662055969238,4.859662055969238,12300,0.0,0.0
2001-03-09 00:00:00-05:00,4.865516304436901,4.888936335332848,4.859661157118518,4.879177570343018,3300,0.0,0.0
2001-03-12 00:00:00-05:00,4.89284060203614,4.972858921082403,4.89284060203614,4.9474873542785645,15000,0.0,0.0
2001-03-13 00:00:00-05:00,4.941630720892031,4.941630720892031,4.908452485164217,4.927969455718994,2100,0.0,0.0
2001-03-14 00:00:00-05:00,4.918210488195712,4.937727457944695,4.912355899810791,4.912355899810791,1500,0.0,0.0
2001-03-15 00:00:00-05:00,4.888936335332848,4.888936335332848,4.832337508551123,4.879177570343018,27000,0.0,0.0
2001-03-16 00:00:00-05:00,4.879177308520826,4.97676104453961,4.83038571970021,4.927969455718994,45900,0.0,0.0
2001-03-19 00:00:00-05:00,4.879176928407512,4.879176928407512,4.810868932731219,4.877225399017334,21900,0.0,0.0
2001-03-20 00:00:00-05:00,4.849904254028959,4.927971612030112,4.8303878333120185,4.898696422576904,20100,0.0,0.0
2001-03-21 00:00:00-05:00,4.879177809501582,4.879177809501582,4.849902629852295,4.849902629852295,56100,0.0,0.0
2001-03-22 00:00:00-05:00,4.830384692793148,4.8499011008213175,4.7815931143452906,4.791351318359375,27900,0.0,0.0
2001-03-23 00:00:00-05:00,4.810868284764978,4.810868284764978,4.783544643472621,4.791351318359375,4800,0.0,0.0
2001-03-26 00:00:00-05:00,4.791350471343735,4.851852330614913,4.791350471343735,4.824528694152832,2400,0.0,0.0
2001-03-27 00:00:00-05:00,4.812819722973343,4.918209552764893,4.812819722973343,4.918209552764893,10200,0.0,0.0
2001-03-28 00:00:00-05:00,4.898693222046632,5.006035140992033,4.8889350180636235,4.996276378631592,18600,0.0,0.0
2001-03-29 00:00:00-05:00,4.967002280073446,4.986519809005775,4.927969455718994,4.927969455718994,52800,0.0,0.0
2001-03-30 00:00:00-05:00,4.97676057315859,5.006035747029141,4.97676057315859,4.9865193367004395,41700,0.0,0.0
2001-04-02 00:00:00-04:00,5.006035747029141,5.035310920899691,4.97676057315859,4.9865193367004395,11700,0.0,0.0
2001-04-03 00:00:00-04:00,4.978711495575072,5.074343681335449,4.9767599664556075,5.074343681335449,75900,0.0,0.0
2001-04-04 00:00:00-04:00,5.045069484267322,5.054827690124512,5.035311278410132,5.054827690124512,4200,0.0,0.0
2001-04-05 00:00:00-04:00,5.074344921832616,5.148508071899414,5.074344921832616,5.148508071899414,15600,0.0,0.0
2001-04-06 00:00:00-04:00,5.113377726413837,5.113377726413837,5.074344901131911,5.084103107452393,27600,0.0,0.0
2001-04-09 00:00:00-04:00,5.088005063149911,5.113376617431641,5.088005063149911,5.113376617431641,5100,0.0,0.0
2001-04-10 00:00:00-04:00,5.121186650530127,5.132896948678904,5.113379412845777,5.119234561920166,5400,0.0,0.0
2001-04-11 00:00:00-04:00,5.119232873557152,5.119232873557152,5.0841031074523935,5.084103107452393,12300,0.0,0.0
2001-04-12 00:00:00-04:00,5.035310655840788,5.08605432510376,5.035310655840788,5.08605432510376,5700,0.0,0.0
2001-04-16 00:00:00-04:00,5.123135259586655,5.123135259586655,5.074343681335449,5.074343681335449,3000,0.0,0.0
2001-04-17 00:00:00-04:00,5.091908865418268,5.123135566711426,5.091908865418268,5.123135566711426,5100,0.0,0.0
2001-04-18 00:00:00-04:00,5.123137656422066,5.171929257500188,5.123137656422066,5.132896423339844,12000,0.0,0.0
2001-04-19 00:00:00-04:00,5.132893685075723,5.171926498413086,5.132893685075723,5.171926498413086,3000,0.0,0.0
2001-04-20 00:00:00-04:00,5.142652988433838,5.16216995977374,5.113377810612771,5.142652988433838,7200,0.0,0.0
2001-04-23 00:00:00-04:00,5.152412829964372,5.152412829964372,5.035312652587891,5.035312652587891,18600,0.0,0.0
2001-04-24 00:00:00-04:00,5.035310920899691,5.054827331228392,4.9865193367004395,4.9865193367004395,17100,0.0,0.0
2001-04-25 00:00:00-04:00,4.996278048764778,5.045070201744709,4.967002868652344,4.967002868652344,28200,0.0,0.0
2001-04-26 00:00:00-04:00,4.968953408402617,5.128990525886679,4.968953408402617,5.113376617431641,33600,0.0,0.0
2001-04-27 00:00:00-04:00,5.11337560023513,5.123134360875412,5.064584030543045,5.0938591957092285,12900,0.0,0.0
2001-04-30 00:00:00-04:00,5.1231366494342865,5.169976711273193,5.1231366494342865,5.169976711273193,13200,0.0,0.0
2001-05-01 00:00:00-04:00,5.1699749694216965,5.171926498413086,5.123134923363989,5.171926498413086,5700,0.0,0.0
2001-05-02 00:00:00-04:00,5.171926498413086,5.171926498413086,5.171926498413086,5.171926498413086,1500,0.0,0.0
2001-05-03 00:00:00-04:00,5.152411753292576,5.152411753292576,5.142652988433838,5.142652988433838,1800,0.0,0.0
2001-05-04 00:00:00-04:00,5.152412648968508,5.181687831878661,5.152412648968508,5.181687831878662,2400,0.0,0.0
2001-05-07 00:00:00-04:00,5.189493951718521,5.191446040056156,5.171929065323496,5.181687831878662,2100,0.0,0.0
2001-05-08 00:00:00-04:00,5.191444292637724,5.318302631378174,5.191444292637724,5.318302631378174,17400,0.0,0.0
2001-05-09 00:00:00-04:00,5.328061735142152,5.464678287506104,5.328061735142152,5.4646782875061035,7500,0.0,0.0
2001-05-10 00:00:00-04:00,5.492141335513319,5.580407671224082,5.492141335513319,5.570600986480713,9300,0.04667,0.0
2001-05-11 00:00:00-04:00,5.570602665046235,5.570602665046235,5.427414362156883,5.531372547149658,75000,0.0,0.0
2001-05-14 00:00:00-04:00,5.533333561739364,5.6098313331603995,5.533333561739364,5.6098313331604,31500,0.0,0.0
2001-05-15 00:00:00-04:00,5.609828371338517,5.845206134788615,5.609828371338517,5.825591087341309,30900,0.0,0.0
2001-05-16 00:00:00-04:00,5.86482417384468,6.021741827548229,5.86482417384468,5.962897777557373,20700,0.0,0.0
2001-05-17 00:00:00-04:00,5.982513137499599,5.982513137499599,5.884438967644251,5.913861274719238,28800,0.0,0.0
2001-05-18 00:00:00-04:00,5.894246044781152,5.906014629437968,5.7863640785217285,5.7863640785217285,12300,0.0,0.0
2001-05-21 00:00:00-04:00,5.766749858856201,5.776557106735455,5.73732755403465,5.766749858856201,10800,0.0,0.0
2001-05-22 00:00:00-04:00,5.766749964999706,5.784403123744047,5.75694215575614,5.764788627624512,22200,0.0,0.0
2001-05-23 00:00:00-04:00,5.7647889156391425,5.774595603005064,5.739289283752442,5.739289283752441,12600,0.0,0.0
2001-05-24 00:00:00-04:00,5.7569392630510094,5.825591087341309,5.7471325811026315,5.825591087341309,21600,0.0,0.0
2001-05-25 00:00:00-04:00,5.825591087341309,5.864821182235922,5.825591087341309,5.825591087341309,14100,0.0,0.0
2001-05-29 00:00:00-04:00,5.825593629350719,5.845208685357094,5.7863640785217285,5.7863640785217285,11100,0.0,0.0
2001-05-30 00:00:00-04:00,5.772634432057268,5.776557106735455,5.766749858856201,5.766749858856201,1500,0.0,0.0
2001-05-31 00:00:00-04:00,5.768710259071668,5.786363414623338,5.688289829395217,5.737326622009277,17700,0.0,0.0
2001-06-01 00:00:00-04:00,5.7373276596366045,5.764788627624512,5.7373276596366045,5.764788627624512,3000,0.0,0.0
2001-06-04 00:00:00-04:00,5.739288891373743,5.766749858856201,5.739288891373743,5.766749858856201,6300,0.0,0.0
2001-06-05 00:00:00-04:00,5.7667489220511925,5.7667489220511925,5.737326622009277,5.737326622009277,10800,0.0,0.0
2001-06-06 00:00:00-04:00,5.7471353630976925,5.776557106735455,5.73732755403465,5.766749858856201,6300,0.0,0.0
2001-06-07 00:00:00-04:00,5.766747816933682,5.786362305746982,5.766747816933682,5.776555061340332,9000,0.0,0.0
2001-06-08 00:00:00-04:00,5.776555061340332,5.776555061340332,5.776555061340332,5.776555061340332,1200,0.0,0.0
2001-06-11 00:00:00-04:00,5.796171887116797,5.796171887116797,5.7863640785217285,5.7863640785217285,600,0.0,0.0
2001-06-12 00:00:00-04:00,5.786363064467938,5.805978117036798,5.766748573082742,5.8020548820495605,13800,0.0,0.0
2001-06-13 00:00:00-04:00,5.776556831110422,5.7863640785217285,5.776556831110422,5.7863640785217285,3000,0.0,0.0
2001-06-14 00:00:00-04:00,5.786364333002399,5.805979389871433,5.786364333002399,5.796172142028809,1800,0.0,0.0
2001-06-15 00:00:00-04:00,5.825593179908109,5.884437782203634,5.825593179908109,5.874629974365234,20100,0.0,0.0
2001-06-18 00:00:00-04:00,5.864823999294747,5.864823999294747,5.796172142028809,5.796172142028809,3900,0.0,0.0
2001-06-19 00:00:00-04:00,5.798133501016845,5.798133501016845,5.760865285655133,5.766749858856201,8700,0.0,0.0
2001-06-20 00:00:00-04:00,5.756940011343443,5.784400969102371,5.756940011343443,5.776555061340332,14400,0.0,0.0
2001-06-21 00:00:00-04:00,5.766748263243634,5.7844014167785645,5.766748263243634,5.7844014167785645,12600,0.0,0.0
2001-06-22 00:00:00-04:00,5.7667489220511925,5.7667489220511925,5.737326622009277,5.737326622009277,8400,0.0,0.0
2001-06-25 00:00:00-04:00,5.766750052735085,5.904053211212158,5.766750052735085,5.904053211212158,9600,0.0,0.0
2001-06-26 00:00:00-04:00,5.8844370987559005,5.8844370987559005,5.815785257779261,5.855014801025391,36900,0.0,0.0
2001-06-27 00:00:00-04:00,5.884435912471555,5.904050399548573,5.864821425394537,5.8942437171936035,31500,0.0,0.0
2001-06-28 00:00:00-04:00,5.894245636069169,6.011934280395508,5.894245636069169,6.011934280395508,15600,0.0,0.0
2001-06-29 00:00:00-04:00,6.031546619678508,6.718064308166504,6.031546619678508,6.718064308166504,91200,0.0,0.0
2001-07-02 00:00:00-04:00,6.708260494539614,6.900486167750686,6.698453245476634,6.855371475219727,31200,0.0,0.0
2001-07-03 00:00:00-04:00,6.865176973417562,6.865176973417562,6.845561920713689,6.86125373840332,65700,0.0,0.0
2001-07-05 00:00:00-04:00,6.902446167444471,7.188822746276856,6.902446167444471,7.1888227462768555,25800,0.0,0.0
2001-07-06 00:00:00-04:00,7.169207193835742,7.237859047175926,7.149592138088367,7.218244552612305,28800,0.0,0.0
2001-07-09 00:00:00-04:00,7.218244616840525,7.294741819739829,7.210398145524754,7.247666358947754,22800,0.0,0.0
2001-07-10 00:00:00-04:00,7.237857988091947,7.237857988091947,6.845561981201173,6.845561981201172,34200,0.0,0.0
2001-07-11 00:00:00-04:00,6.825949063773993,6.825949063773993,6.600378990173341,6.60037899017334,38100,0.0,0.0
2001-07-12 00:00:00-04:00,6.590570947963445,6.590570947963445,6.547418721100359,6.561148643493652,7800,0.0,0.0
2001-07-13 00:00:00-04:00,6.5591871990785835,6.5591871990785835,6.433652633986581,6.44542121887207,27600,0.0,0.0
2001-07-16 00:00:00-04:00,6.453266824566526,6.51211086346666,6.453266824566526,6.472881317138672,6300,0.0,0.0
2001-07-17 00:00:00-04:00,6.482687368039783,6.4905327139958855,6.472879563227567,6.484648704528809,12900,0.0,0.0
2001-07-18 00:00:00-04:00,6.4826891246084415,6.4826891246084415,6.447382252321404,6.472881317138672,15300,0.0,0.0
2001-07-19 00:00:00-04:00,6.453268751713384,6.453268751713384,6.443460941314697,6.443460941314697,9000,0.0,0.0
2001-07-20 00:00:00-04:00,6.4434582864464565,6.482688389509677,6.4434582864464565,6.463072776794434,5700,0.0,0.0
2001-07-23 00:00:00-04:00,6.463071240566206,6.463071240566206,6.427764941858461,6.441495418548584,18000,0.0,0.0
2001-07-24 00:00:00-04:00,6.453268998979347,6.453268998979347,6.296350199610302,6.315964698791504,27000,0.0,0.0
2001-07-25 00:00:00-04:00,6.306156176674904,6.306156176674904,6.257118820613254,6.276733875274658,6900,0.0,0.0
2001-07-26 00:00:00-04:00,6.2473093413175915,6.2473093413175915,6.159043029843688,6.237502098083496,15600,0.0,0.0
2001-07-27 00:00:00-04:00,6.247310503202436,6.257117748260498,6.247310503202436,6.257117748260498,1800,0.0,0.0
2001-07-30 00:00:00-04:00,6.2610417499543205,6.276733568442876,6.2080817222595215,6.2080817222595215,6600,0.0,0.0
2001-07-31 00:00:00-04:00,6.217888369819683,6.374806539596123,6.217888369819683,6.364999294281006,31800,0.0,0.0
2001-08-01 00:00:00-04:00,6.37284532407178,6.38461446762085,6.37284532407178,6.38461446762085,29400,0.0,0.0
2001-08-02 00:00:00-04:00,6.404223569493909,6.4238386051751615,6.3748012965636205,6.394416332244873,21300,0.0,0.0
2001-08-03 00:00:00-04:00,6.37480727882473,6.423844633454015,6.37480727882473,6.419921398162842,9900,0.0,0.0
2001-08-06 00:00:00-04:00,6.421880750418546,6.423842648049626,6.414034843444823,6.414034843444824,18300,0.0,0.0
2001-08-07 00:00:00-04:00,6.4238438885389915,6.4238438885389915,6.335577558335654,6.364999294281006,11700,0.0,0.0
2001-08-08 00:00:00-04:00,6.365002069112281,6.370886643340196,6.315964698791504,6.315964698791504,8100,0.0,0.0
2001-08-09 00:00:00-04:00,6.315961888816665,6.325769695227653,6.29634739836196,6.306155204772949,4500,0.0,0.0
2001-08-10 00:00:00-04:00,6.296348372801383,6.321847438812255,6.296348372801383,6.321847438812256,7200,0.0,0.0
2001-08-13 00:00:00-04:00,6.296351097118939,6.315965599096076,6.286543846130371,6.286543846130371,8100,0.0,0.0
2001-08-14 00:00:00-04:00,6.3061577614329964,6.3748090670409026,6.3061577614329964,6.355194568634033,30300,0.0,0.0
2001-08-15 00:00:00-04:00,6.345383149489915,6.4042277336120605,6.345383149489915,6.4042277336120605,21000,0.0,0.0
2001-08-16 00:00:00-04:00,6.394420356602285,6.414034843444823,6.394420356602285,6.414034843444824,9000,0.0,0.0
2001-08-17 00:00:00-04:00,6.414037345293371,6.433652400970458,6.414037345293371,6.433652400970459,18300,0.0,0.0
2001-08-20 00:00:00-04:00,6.335577678928247,6.38461446762085,6.335577678928247,6.38461446762085,28500,0.0,0.0
2001-08-21 00:00:00-04:00,6.39442171312264,6.41403620412622,6.374806660935408,6.38461446762085,12900,0.0,0.0
2001-08-22 00:00:00-04:00,6.392500435763563,6.441749095916748,6.362951577836655,6.441749095916748,27600,0.04667,0.0
2001-08-23 00:00:00-04:00,6.451594152082171,6.451594152082171,6.42204475402832,6.42204475402832,5100,0.0,0.0
2001-08-24 00:00:00-04:00,6.431896524708546,6.500844955444336,6.431896524708546,6.500844955444336,26400,0.0,0.0
2001-08-27 00:00:00-04:00,6.500843300292274,6.658439914823967,6.500843300292274,6.628890514373779,11400,0.0,0.0
2001-08-28 00:00:00-04:00,6.609191068654347,6.648590083426715,6.599341455863246,6.646620273590088,14100,0.0,0.0
2001-08-29 00:00:00-04:00,6.638739563046594,6.638739563046594,6.5993411139235905,6.628890514373779,4800,0.0,0.0
2001-08-30 00:00:00-04:00,6.6288892326694455,6.6288892326694455,6.59933983793267,6.619039058685303,6900,0.0,0.0
2001-08-31 00:00:00-04:00,6.619039040676857,6.619039040676857,6.559940814971924,6.559940814971924,35400,0.0,0.0
2001-09-04 00:00:00-04:00,6.550091677124151,6.550091677124151,6.392495632171632,6.392495632171631,18300,0.0,0.0
2001-09-05 00:00:00-04:00,6.353097542833417,6.353097542833417,6.242779731750489,6.242779731750488,9000,0.0,0.0
2001-09-06 00:00:00-04:00,6.219139781962417,6.2250497748949245,6.195500373840333,6.195500373840332,3000,0.0,0.0
2001-09-07 00:00:00-04:00,6.197471307039947,6.197471307039947,6.016235828399658,6.016235828399658,14400,0.0,0.0
2001-09-10 00:00:00-04:00,5.988653123068931,5.998502731323242,5.978803514814621,5.998502731323242,4500,0.0,0.0
2001-09-17 00:00:00-04:00,6.3235470153183275,7.178506376707421,6.303847792145841,7.070158958435059,127800,0.0,0.0
2001-09-18 00:00:00-04:00,7.042583183022692,7.08198164754781,7.013033771020697,7.0760722160339355,95100,0.0,0.0
2001-09-19 00:00:00-04:00,7.091831124073541,7.308526039123534,7.091831124073541,7.308526039123535,46500,0.0,0.0
2001-09-20 00:00:00-04:00,7.308523798205062,7.318373410339611,7.19032676176669,7.239575386047363,37200,0.0,0.0
2001-09-21 00:00:00-04:00,7.288823849526935,7.633565902709962,7.2592744501672595,7.633565902709961,139500,0.0,0.0
2001-09-24 00:00:00-04:00,7.68281417690279,8.470794930254291,7.68281417690279,8.431396484375,196500,0.0,0.0
2001-09-25 00:00:00-04:00,8.480647143424271,9.440013959504633,8.480647143424271,9.434103965759277,573000,0.0,0.0
2001-09-26 00:00:00-04:00,9.416375557521198,9.416375557521198,8.78993024356225,8.84705924987793,444900,0.0,0.0
2001-09-27 00:00:00-04:00,8.894334868895971,9.1602783203125,8.746588444374801,9.1602783203125,290100,0.0,0.0
2001-09-28 00:00:00-04:00,9.357277099507883,9.357277099507883,8.82538998440547,8.864789009094238,177600,0.0,0.0
2001-10-01 00:00:00-04:00,8.914037525479339,8.963286728363645,8.76629104404262,8.825389862060547,79800,0.0,0.0
2001-10-02 00:00:00-04:00,8.776137115741394,9.702015158821428,8.766286941609343,9.692164421081543,370800,0.0,0.0
2001-10-03 00:00:00-04:00,9.69216836816997,9.747327562227698,9.45577423767141,9.672469139099121,281700,0.0,0.0
2001-10-04 00:00:00-04:00,9.67246686163856,10.086157338016367,9.55427038782766,10.036908149719238,159900,0.0,0.0
2001-10-05 00:00:00-04:00,10.08615445371163,10.08615445371163,9.573966874424045,9.700043678283691,55800,0.0,0.0
2001-10-08 00:00:00-04:00,9.780815646367447,10.224055046545116,9.455773870456925,9.495173454284668,134100,0.0,0.0
2001-10-09 00:00:00-04:00,9.475473089276505,9.652768398283643,9.43607463270429,9.613369941711426,52500,0.0,0.0
2001-10-10 00:00:00-04:00,9.642921436094145,9.751268336015618,9.12088334984707,9.239080429077148,72600,0.0,0.0
2001-10-11 00:00:00-04:00,9.258777986521407,9.31787679365813,9.006623714827121,9.111031532287598,56700,0.0,0.0
2001-10-12 00:00:00-04:00,8.992832399671043,9.140578819699742,8.884484423801608,9.081480026245117,94500,0.0,0.0
2001-10-15 00:00:00-04:00,9.150427613341622,9.554268981675648,9.150427613341622,9.278474807739258,94800,0.0,0.0
2001-10-16 00:00:00-04:00,9.298176070122276,9.317876423195258,9.120880782977059,9.258777618408203,30600,0.0,0.0
2001-10-17 00:00:00-04:00,9.239080824779743,9.239080824779743,8.805690952099576,8.835240364074707,49200,0.0,0.0
2001-10-18 00:00:00-04:00,8.805688170450502,8.805688170450502,7.899510246855495,8.34274959564209,100500,0.0,0.0
2001-10-19 00:00:00-04:00,8.362449275668428,8.490496506193937,8.362449275668428,8.45109748840332,11700,0.0,0.0
2001-10-22 00:00:00-04:00,8.451097162048793,8.451097162048793,8.175303484556746,8.382148742675781,30900,0.0,0.0
2001-10-23 00:00:00-04:00,8.372301184022788,8.68749339152227,8.372301184022788,8.677643775939941,53100,0.0,0.0
2001-10-24 00:00:00-04:00,8.657940457593075,8.677640244348513,8.303349368466225,8.32304859161377,25500,0.0,0.0
2001-10-25 00:00:00-04:00,8.323049899627852,8.657941818237305,8.155604222127117,8.657941818237305,37200,0.0,0.0
2001-10-26 00:00:00-04:00,8.60869426307217,8.904187202453613,8.60869426307217,8.904187202453613,52800,0.0,0.0
2001-10-29 00:00:00-05:00,8.884484621745388,9.101179451096428,8.766287595810605,8.787957191467285,39900,0.0,0.0
2001-10-30 00:00:00-05:00,8.805688836947802,8.805688836947802,8.273801803588867,8.273801803588867,27900,0.0,0.0
2001-10-31 00:00:00-05:00,8.273800177705045,8.411696434020996,8.224551554992772,8.411696434020996,30600,0.0,0.0
2001-11-01 00:00:00-05:00,8.441246546007703,8.6283925680574,8.441246546007703,8.590963363647461,4500,0.0,0.0
2001-11-02 00:00:00-05:00,8.618547317162356,8.795843264273238,8.618547317162356,8.776144027709961,30900,0.0,0.0
2001-11-05 00:00:00-05:00,8.764321442132355,8.785991046828054,8.648094177246094,8.648094177246094,13200,0.0,0.0
2001-11-06 00:00:00-05:00,8.667794809019647,8.667794809019647,8.510198129867895,8.608695983886719,8700,0.0,0.0
2001-11-07 00:00:00-05:00,8.707190735709576,8.707190735709576,8.195003509521484,8.195003509521484,34500,0.0,0.0
2001-11-08 00:00:00-05:00,8.244251013787558,8.244251013787558,7.397171973657002,7.56461763381958,61800,0.0,0.0
2001-11-09 00:00:00-05:00,7.525218032875793,7.525218032875793,6.9440824667051455,7.0327301025390625,36900,0.0,0.0
2001-11-12 00:00:00-05:00,6.97363146031139,7.5055183715488125,6.599340587424627,6.697837829589844,118200,0.0,0.0
2001-11-13 00:00:00-05:00,6.7372360556945505,6.816034065706345,6.500842025659165,6.559940814971924,46200,0.0,0.0
2001-11-14 00:00:00-05:00,6.599342276524942,6.776638146852221,6.599342276524942,6.668290138244629,74100,0.0,0.0
2001-11-15 00:00:00-05:00,6.668287415692009,6.776635380062901,6.628888975713946,6.7569355964660645,29100,0.0,0.0
2001-11-16 00:00:00-05:00,6.756936550411421,6.756936550411421,6.323546886173052,6.540241718292236,120000,0.0,0.0
2001-11-19 00:00:00-05:00,6.559942433603949,6.875134551423161,6.559942433603949,6.816035747528076,26700,0.0,0.0
2001-11-20 00:00:00-05:00,6.86350932597753,6.89317878799157,6.675603487752507,6.843729496002197,29100,0.04667,0.0
2001-11-21 00:00:00-05:00,6.932739441680629,6.942629075944175,6.863510870039712,6.903069972991943,20700,0.0,0.0
2001-11-23 00:00:00-05:00,6.922850355297078,7.235367010403506,6.922850355297078,7.219543933868408,13800,0.0,0.0
2001-11-26 00:00:00-05:00,7.17998487748561,7.259102524301117,7.140425205230714,7.140425205230713,26700,0.0,0.0
2001-11-27 00:00:00-05:00,7.120645773276861,7.120645773276861,6.903070410306991,7.071197032928467,15900,0.0,0.0
2001-11-28 00:00:00-05:00,7.0711913814076635,7.308545824456448,7.0711913814076635,7.249207496643066,16200,0.0,0.0
2001-11-29 00:00:00-05:00,7.239323139190674,7.239323139190674,7.199764033461638,7.239323139190674,18000,0.0,0.0
2001-11-30 00:00:00-05:00,7.2393221236976775,7.318440324057476,7.219542856556731,7.259101390838623,11400,0.0,0.0
2001-12-03 00:00:00-05:00,7.259102359431984,7.259102359431984,7.071197032928466,7.071197032928467,45600,0.0,0.0
2001-12-04 00:00:00-05:00,7.031634303617344,7.041523933410645,6.9821855887530475,7.0415239334106445,8100,0.0,0.0
2001-12-05 00:00:00-05:00,7.011854833452256,7.447005357181848,6.932736659301026,7.350085735321045,24300,0.0,0.0
2001-12-06 00:00:00-05:00,7.350087326050216,7.3718444042271765,7.249211490701074,7.318439483642578,14100,0.0,0.0
2001-12-07 00:00:00-05:00,7.318439483642578,7.357998579279698,7.2788809539034,7.318439483642578,25200,0.0,0.0
2001-12-10 00:00:00-05:00,7.28877067565918,7.298660874880988,7.268991409011547,7.28877067565918,13800,0.0,0.0
2001-12-11 00:00:00-05:00,7.24327999873079,7.24327999873079,7.0810873673791175,7.1206464767456055,30300,0.0,0.0
2001-12-12 00:00:00-05:00,7.1285561218220534,7.160203399651338,7.001967010504913,7.081085205078125,135000,0.0,0.0
2001-12-13 00:00:00-05:00,7.021748486052254,7.120646543342503,7.021748486052254,7.10086727142334,21600,0.0,0.0
2001-12-14 00:00:00-05:00,7.061305889939127,7.29866105691653,7.061305889939127,7.259101390838623,202800,0.0,0.0
2001-12-17 00:00:00-05:00,7.2591000613251575,7.397557735443115,7.2591000613251575,7.397557735443115,32700,0.0,0.0
2001-12-18 00:00:00-05:00,7.417339157611355,7.417339157611355,7.318441113543848,7.391625881195068,22500,0.0,0.0
2001-12-19 00:00:00-05:00,7.397558240814761,7.41733750568435,7.318439483642578,7.318439483642578,35700,0.0,0.0
2001-12-20 00:00:00-05:00,7.357995325885698,7.536011460490513,7.357995325885698,7.476673126220703,12300,0.0,0.0
2001-12-21 00:00:00-05:00,7.634915906053183,8.333134651184082,7.615136067276696,8.333134651184082,116400,0.0,0.0
2001-12-24 00:00:00-05:00,8.297525766320113,8.307415962219238,8.198628334511277,8.307415962219238,27000,0.0,0.0
2001-12-26 00:00:00-05:00,8.307416040458104,8.455762755466283,8.165003329865725,8.453784942626953,39600,0.0,0.0
2001-12-27 00:00:00-05:00,8.36675876274458,8.465656806417284,8.218411980184555,8.343023300170898,32100,0.0,0.0
2001-12-28 00:00:00-05:00,8.307419293500026,8.307419293500026,8.062152862548828,8.062152862548828,25200,0.0,0.0
2001-12-31 00:00:00-05:00,8.06215204479546,8.139292426889858,7.9414963722228995,7.9414963722229,32100,0.0,0.0
2002-01-02 00:00:00-05:00,7.941497389035359,7.941497389035359,7.812930446348573,7.921718120574951,11700,0.0,0.0
2002-01-03 00:00:00-05:00,7.921720316828275,8.208523750305176,7.921720316828275,8.208523750305176,23100,0.0,0.0
2002-01-04 00:00:00-05:00,8.246098396496986,8.305437302247991,8.168958611277523,8.188737869262695,24300,0.0,0.0
2002-01-07 00:00:00-05:00,8.149184041526873,8.544775708631379,8.149184041526873,8.505216598510742,53400,0.0,0.0
2002-01-08 00:00:00-05:00,8.534882194801387,8.534882194801387,8.418183297390593,8.483455657958984,16500,0.0,0.0
2002-01-09 00:00:00-05:00,8.505211105326174,8.505211105326174,8.26785659790039,8.26785659790039,25500,0.0,0.0
2002-01-10 00:00:00-05:00,8.285661835793231,8.285661835793231,8.198631809914362,8.277750015258789,4500,0.0,0.0
2002-01-11 00:00:00-05:00,8.257969558814677,8.307418288566348,8.228300094604492,8.228300094604492,12000,0.0,0.0
2002-01-14 00:00:00-05:00,8.149180856173466,8.168961252349243,8.060173034667969,8.060173034667969,18000,0.0,0.0
2002-01-15 00:00:00-05:00,8.079950533690095,8.149178504943848,8.079950533690095,8.149178504943848,9300,0.0,0.0
2002-01-16 00:00:00-05:00,8.168962952498381,8.168962952498381,8.010725975036621,8.010725975036621,38700,0.0,0.0
2002-01-17 00:00:00-05:00,8.048302701197096,8.149178504943848,7.9118240054795885,8.149178504943848,14100,0.0,0.0
2002-01-18 00:00:00-05:00,8.16896282405335,8.16896282405335,7.862379074096681,7.86237907409668,22800,0.0,0.0
2002-01-22 00:00:00-05:00,7.852488046096255,7.866334437802883,7.7535905838012695,7.7535905838012695,8700,0.0,0.0
2002-01-23 00:00:00-05:00,7.773373416873102,7.773373416873102,7.579532912511749,7.654695510864258,26400,0.0,0.0
2002-01-24 00:00:00-05:00,7.67447268007036,7.7832603454589835,7.67447268007036,7.783260345458984,13200,0.0,0.0
2002-01-25 00:00:00-05:00,7.773367998148471,7.812927083942507,7.694249826560398,7.763477802276611,14400,0.0,0.0
2002-01-28 00:00:00-05:00,7.725896843597253,7.725896843597253,7.603262832782687,7.714028835296631,15900,0.0,0.0
2002-01-29 00:00:00-05:00,7.674471243526452,7.674471243526452,7.466785585051575,7.516234874725342,21000,0.0,0.0
2002-01-30 00:00:00-05:00,7.545905460263418,7.7535905838012695,7.466786698170262,7.7535905838012695,12000,0.0,0.0
2002-01-31 00:00:00-05:00,7.7140289513166405,7.7140289513166405,7.573594057734546,7.595351696014404,16200,0.0,0.0
2002-02-01 00:00:00-05:00,7.615133137692755,7.615133137692755,7.4667863845825195,7.4667863845825195,15900,0.0,0.0
2002-02-04 00:00:00-05:00,7.498430878384578,7.684358265639517,7.259097461524682,7.268987655639648,27000,0.0,0.0
2002-02-05 00:00:00-05:00,7.308549351916836,7.486565553071491,7.308549351916836,7.397557735443115,34800,0.0,0.0
2002-02-06 00:00:00-05:00,7.3975583902426365,7.565684408621994,7.3975583902426365,7.4667863845825195,80400,0.0,0.0
2002-02-07 00:00:00-05:00,7.496459484100342,7.585467352775326,7.486569846669394,7.496459484100342,12900,0.0,0.0
2002-02-08 00:00:00-05:00,7.516233412767773,7.71402883529663,7.516233412767773,7.714028835296631,15600,0.0,0.0
2002-02-11 00:00:00-05:00,7.7140290333363,7.719963037638953,7.585461580968537,7.674469947814941,13200,0.0,0.0
2002-02-12 00:00:00-05:00,7.634910862293583,7.674469947814941,7.506343409925819,7.674469947814941,12300,0.0,0.0
2002-02-13 00:00:00-05:00,7.646779196554829,7.803037166595458,7.575572839583895,7.803037166595459,15600,0.0,0.0
2002-02-14 00:00:00-05:00,7.822818480425873,7.832708112633159,7.615132808685304,7.615132808685303,18900,0.0,0.0
2002-02-15 00:00:00-05:00,7.615133906217585,7.704141740707279,7.575575371687063,7.664583206176758,14400,0.0,0.0
2002-02-19 00:00:00-05:00,7.704141842598819,7.704141842598819,7.565685272216797,7.565685272216797,10800,0.0,0.0
2002-02-20 00:00:00-05:00,7.593479891486913,7.67288875579834,7.496204174699666,7.67288875579834,14700,0.04667,0.0
2002-02-21 00:00:00-05:00,7.6331870567711535,7.6331870567711535,7.494221210479736,7.494221210479736,11100,0.0,0.0
2002-02-22 00:00:00-05:00,7.51406862197425,7.583550930023194,7.486275244373219,7.583550930023193,14400,0.0,0.0
2002-02-25 00:00:00-05:00,7.583555115385856,7.583555115385856,7.494220264321314,7.523998737335205,9900,0.0,0.0
2002-02-26 00:00:00-05:00,7.52399695369395,7.533922919686484,7.494218487739352,7.514070987701416,6000,0.0,0.0
2002-02-27 00:00:00-05:00,7.482306879134686,7.5140709926904785,7.474366560716984,7.478337287902832,15600,0.0,0.0
2002-02-28 00:00:00-05:00,7.4723836064317695,7.593482016399873,7.40488576889038,7.404885768890381,51000,0.0,0.0
2002-03-01 00:00:00-05:00,7.406868038936878,7.424734888263797,7.325473541380105,7.345325469970703,37800,0.0,0.0
2002-03-04 00:00:00-05:00,7.325476020921163,7.325476020921163,7.136879227612477,7.146805763244629,55200,0.0,0.0
2002-03-05 00:00:00-05:00,7.126952370126405,7.146804301375839,7.017764476346612,7.087247371673584,65100,0.0,0.0
2002-03-06 00:00:00-05:00,7.107096783406128,7.43465805053711,7.107096783406128,7.434658050537109,36300,0.0,0.0
2002-03-07 00:00:00-05:00,7.442600556909506,7.442600556909506,7.345324304721229,7.355250835418701,24600,0.0,0.0
2002-03-08 00:00:00-05:00,7.394957255402282,7.660976649758838,7.335400327008195,7.6431097984313965,34800,0.0,0.0
2002-03-11 00:00:00-05:00,7.643109878491426,7.942879035110865,7.643109878491426,7.861484527587891,48600,0.0,0.0
2002-03-12 00:00:00-05:00,7.83170759253179,7.83170759253179,7.7264909744262695,7.7264909744262695,13200,0.0,0.0
2002-03-13 00:00:00-05:00,7.734431230829207,7.734431230829207,7.5438499450683585,7.543849945068359,11700,0.0,0.0
2002-03-14 00:00:00-05:00,7.573627139157909,7.668917766011448,7.504144248416304,7.662961959838867,133200,0.0,0.0
2002-03-15 00:00:00-05:00,7.613331968978795,7.891263567353839,7.613331968978795,7.792002201080322,53700,0.0,0.0
2002-03-18 00:00:00-05:00,7.81185245513916,7.81185245513916,7.662960732532891,7.81185245513916,24000,0.0,0.0
2002-03-19 00:00:00-05:00,7.772150982231324,7.772150982231324,7.6927421091121895,7.742372512817383,74400,0.0,0.0
2002-03-20 00:00:00-05:00,7.692743892756505,7.692743892756505,7.593482494354248,7.593482494354248,14100,0.0,0.0
2002-03-21 00:00:00-05:00,7.633181975252374,7.732442741115039,7.523994678421983,7.702664852142334,42900,0.0,0.0
2002-03-22 00:00:00-05:00,7.692736560482402,7.700677442066703,7.633179664611816,7.633179664611816,8100,0.0,0.0
2002-03-25 00:00:00-05:00,7.62127626367299,7.62127626367299,7.44459104537964,7.444591045379639,12600,0.0,0.0
2002-03-26 00:00:00-05:00,7.474369523156603,7.523999940800059,7.375108119892467,7.444591045379639,30300,0.0,0.0
2002-03-27 00:00:00-05:00,7.446571513988645,7.496202468872071,7.446571513988645,7.49620246887207,5700,0.0,0.0
2002-03-28 00:00:00-05:00,7.5140675019228915,7.5140675019228915,7.424732713478533,7.4545111656188965,17100,0.0,0.0
2002-04-01 00:00:00-05:00,7.2976818150960305,7.424736572398355,7.29569673538208,7.29569673538208,6300,0.0,0.0
2002-04-02 00:00:00-05:00,7.3056233567278985,7.3056233567278985,7.186509484842824,7.196435451507568,9900,0.0,0.0
2002-04-03 00:00:00-05:00,7.216285897720311,7.216285897720311,7.10312843322754,7.103128433227539,19800,0.0,0.0
2002-04-04 00:00:00-05:00,7.0971753569922384,7.246067143726501,6.948283570257975,7.146805763244629,96600,0.0,0.0
2002-04-05 00:00:00-05:00,7.146804594683545,7.186509026788875,7.047543230431718,7.156731128692627,10800,0.0,0.0
2002-04-08 00:00:00-04:00,7.206364116275347,7.498191939105562,7.206364116275347,7.494221210479736,32400,0.0,0.0
2002-04-09 00:00:00-04:00,7.504145061130808,7.690755608274161,7.474366595019774,7.67288875579834,267000,0.0,0.0
2002-04-10 00:00:00-04:00,7.662959562435386,7.831703186035157,7.6431070707300695,7.831703186035156,56100,0.0,0.0
2002-04-11 00:00:00-04:00,7.821777623224586,7.8753787287891415,7.821777623224586,7.865452766418457,57900,0.0,0.0
2002-04-12 00:00:00-04:00,7.871412498034934,7.958761692047119,7.871412498034934,7.958761692047119,70500,0.0,0.0
2002-04-15 00:00:00-04:00,7.960746462636348,8.139416694641113,7.9428796098289745,8.139416694641113,67200,0.0,0.0
2002-04-16 00:00:00-04:00,8.139416476613093,8.218825340270996,8.139416476613093,8.218825340270996,19500,0.0,0.0
2002-04-17 00:00:00-04:00,8.189049262969803,8.250591292249378,8.14140393087797,8.246621131896973,11100,0.0,0.0
2002-04-18 00:00:00-04:00,8.268455355190984,8.466978073120117,8.268455355190984,8.466978073120117,29100,0.0,0.0
2002-04-19 00:00:00-04:00,8.466975851641049,8.566236616585616,8.466975851641049,8.556310653686523,22500,0.0,0.0
2002-04-22 00:00:00-04:00,8.56227055454857,8.897772918442035,8.536462243497464,8.854098320007324,39600,0.0,0.0
2002-04-23 00:00:00-04:00,8.844167563628542,8.844167563628542,8.784610654037573,8.824315071105957,24600,0.0,0.0
2002-04-24 00:00:00-04:00,8.804462578583374,8.828285228824404,8.774684123787889,8.824315071105957,18300,0.0,0.0
2002-04-25 00:00:00-04:00,8.824320305786907,8.92358112335205,8.824320305786907,8.92358112335205,14700,0.0,0.0
2002-04-26 00:00:00-04:00,8.90372666783666,8.935490211346764,8.834243774414062,8.834243774414062,15600,0.0,0.0
2002-04-29 00:00:00-04:00,8.854093525901442,8.875930529306466,8.824315071105957,8.824315071105957,3000,0.0,0.0
2002-04-30 00:00:00-04:00,8.804464398942407,8.893799781799316,8.744908045014704,8.893799781799316,28500,0.0,0.0
2002-05-01 00:00:00-04:00,8.933503237150038,9.628332024008605,8.933503237150038,9.479439735412598,85200,0.0,0.0
2002-05-02 00:00:00-04:00,9.499291916307929,10.025375366210938,9.499291916307929,10.025375366210938,49200,0.0,0.0
2002-05-03 00:00:00-04:00,10.005528236794547,10.005528236794547,9.866563545021897,9.886415481567383,28200,0.0,0.0
2002-05-06 00:00:00-04:00,9.906260680193638,9.936038564757908,9.6978120803833,9.6978120803833,19500,0.0,0.0
2002-05-07 00:00:00-04:00,9.6680364414452,9.86655912584562,9.6680364414452,9.86457347869873,40800,0.0,0.0
2002-05-08 00:00:00-04:00,9.87648351088477,9.926115599701692,9.56877523818458,9.578700065612793,58200,0.0,0.0
2002-05-09 00:00:00-04:00,9.529072728650323,9.568777728464894,8.635722160339355,8.635722160339355,34800,0.0,0.0
2002-05-10 00:00:00-04:00,8.635719988476891,8.79453824386179,8.62579345703125,8.62579345703125,25200,0.0,0.0
2002-05-13 00:00:00-04:00,8.734982673013373,8.953356742858887,8.691307518258109,8.953356742858887,33300,0.0,0.0
2002-05-14 00:00:00-04:00,8.95534093198098,9.590611676052559,8.798507757067249,9.578700065612793,95100,0.0,0.0
2002-05-15 00:00:00-04:00,9.602613642667254,9.752031896464155,9.572729307925389,9.662381172180176,36000,0.05667,0.0
2002-05-16 00:00:00-04:00,9.632496498456396,9.652418627602676,9.3635437650839,9.403388023376465,21300,0.0,0.0
2002-05-17 00:00:00-04:00,9.403384709327186,9.542842414128787,9.36354046507699,9.532880783081055,9900,0.0,0.0
2002-05-20 00:00:00-04:00,9.51296125163261,9.51296125163261,9.44323266523513,9.463154792785645,11400,0.0,0.0
2002-05-21 00:00:00-04:00,9.443229885486922,9.443229885486922,9.194199374513756,9.200176239013672,15600,0.0,0.0
2002-05-22 00:00:00-04:00,9.214124073837233,9.253968325891156,9.034822089668111,9.064705848693848,36600,0.0,0.0
2002-05-23 00:00:00-04:00,9.1145118646184,9.1145118646184,8.935209877874748,9.084628105163574,36600,0.0,0.0
2002-05-24 00:00:00-04:00,9.114512939056022,9.114512939056022,8.985016822814941,8.985016822814941,22800,0.0,0.0
2002-05-28 00:00:00-04:00,8.965098261160794,8.985020397748832,8.865485868263807,8.945176124572754,22500,0.0,0.0
2002-05-29 00:00:00-04:00,8.925246874768096,9.074665069580078,8.925246874768096,9.074665069580078,24600,0.0,0.0
2002-05-30 00:00:00-04:00,9.074665039848046,9.200176345878297,8.96509165934592,9.008920669555664,47400,0.0,0.0
2002-05-31 00:00:00-04:00,9.008920836995177,9.124471654199446,8.949153900146484,8.949153900146484,25200,0.0,0.0
2002-06-03 00:00:00-04:00,8.925249359759473,8.925249359759473,8.526801109313965,8.526801109313965,27600,0.0,0.0
2002-06-04 00:00:00-04:00,8.506877291843626,8.506877291843626,8.257847293911318,8.339529037475586,17100,0.0,0.0
2002-06-05 00:00:00-04:00,8.367424080396725,8.367424080396725,8.309648636974867,8.341525077819824,5700,0.0,0.0
2002-06-06 00:00:00-04:00,8.317618091627846,8.317618091627846,8.068587425535885,8.088509559631348,21300,0.0,0.0
2002-06-07 00:00:00-04:00,8.028741886994492,8.15823745727539,7.929130085235486,8.15823745727539,38700,0.0,0.0
2002-06-10 00:00:00-04:00,8.160227584220335,8.166204450477224,8.118390660392786,8.148274421691895,18000,0.0,0.0
2002-06-11 00:00:00-04:00,8.12835118240691,8.158234369633455,8.002839858105537,8.02674674987793,25800,0.0,0.0
2002-06-12 00:00:00-04:00,8.068581035031123,8.078542664174538,7.829512195320527,7.903224945068359,23400,0.0,0.0
2002-06-13 00:00:00-04:00,7.9191650828860665,7.9191650828860665,7.670134544372559,7.670134544372559,25500,0.0,0.0
2002-06-14 00:00:00-04:00,7.570523704996242,7.570523704996242,7.421105477726483,7.568531036376953,39000,0.0,0.0
2002-06-17 00:00:00-04:00,7.570526663337487,8.088509559631348,7.570526663337487,8.088509559631348,24000,0.0,0.0
2002-06-18 00:00:00-04:00,8.1084312445091,8.237926809809014,8.1084312445091,8.126361846923828,24600,0.0,0.0
2002-06-19 00:00:00-04:00,8.098467268255614,8.188117968168436,7.516732343082207,7.51872444152832,48300,0.0,0.0
2002-06-20 00:00:00-04:00,7.540634163952862,7.570517900491268,7.3812549957278515,7.45098352432251,36900,0.0,0.0
2002-06-21 00:00:00-04:00,7.530678145564896,7.5705229642726035,7.42110475162239,7.435050010681152,40200,0.0,0.0
2002-06-24 00:00:00-04:00,7.470913719397811,7.57251819158046,7.470913719397811,7.55060338973999,27000,0.0,0.0
2002-06-25 00:00:00-04:00,7.550600344711927,7.8255298815108025,7.550600344711927,7.785685062408447,35400,0.0,0.0
2002-06-26 00:00:00-04:00,7.769746020944326,8.367418791786196,7.650211580772986,8.357457160949707,64200,0.0,0.0
2002-06-27 00:00:00-04:00,8.367422868671632,8.367422868671632,8.094485336473992,8.307655334472656,45600,0.0,0.0
2002-06-28 00:00:00-04:00,8.30964658809803,8.387344146656682,7.891275601231387,7.968973159790039,142500,0.0,0.0
2002-07-01 00:00:00-04:00,7.9988553930490385,8.008816455833845,7.815569215876323,7.839476108551025,28500,0.0,0.0
2002-07-02 00:00:00-04:00,7.839477254092988,7.839477254092988,7.530679702758789,7.530679702758789,18000,0.0,0.0
2002-07-03 00:00:00-04:00,7.550601042476189,7.570523738861084,7.431066574122735,7.570523738861084,52200,0.0,0.0
2002-07-05 00:00:00-04:00,7.590446384538082,7.644237041473388,7.590446384538082,7.644237041473389,13200,0.0,0.0
2002-07-08 00:00:00-04:00,7.694043179893028,8.11839101280183,7.694043179893028,7.879322052001953,48000,0.0,0.0
2002-07-09 00:00:00-04:00,7.879320195870548,8.060614257599353,7.869359134013421,8.034714698791504,15000,0.0,0.0
2002-07-10 00:00:00-04:00,7.998856532401891,7.998856532401891,7.8693609877982995,7.879322052001953,11100,0.0,0.0
2002-07-11 00:00:00-04:00,7.849438596235316,7.849438596235316,7.7099814119914125,7.719943046569824,28200,0.0,0.0
2002-07-12 00:00:00-04:00,7.739865519556504,7.739865519556504,7.431067943572997,7.431067943572998,21600,0.0,0.0
2002-07-15 00:00:00-04:00,7.450990190665378,7.450990190665378,7.221881718879278,7.331455707550049,32400,0.0,0.0
2002-07-16 00:00:00-04:00,7.311530038529605,7.331453300819922,7.172073472334462,7.2019572257995605,35700,0.0,0.0
2002-07-17 00:00:00-04:00,7.23184503681576,7.2517671703133555,7.084418854994419,7.168092727661133,34500,0.0,0.0
2002-07-18 00:00:00-04:00,7.1919948282198245,7.241801268682291,7.132227897644043,7.132227897644043,18000,0.0,0.0
2002-07-19 00:00:00-04:00,7.1302372208262055,7.1302372208262055,6.823431834763431,6.903121471405029,44700,0.0,0.0
2002-07-22 00:00:00-04:00,6.903120588649647,6.911088981309585,6.674012770106529,6.703896522521973,37200,0.0,0.0
2002-07-23 00:00:00-04:00,6.713855836752059,6.833390825465476,6.65408891238042,6.707879543304443,51300,0.0,0.0
2002-07-24 00:00:00-04:00,6.375179553853468,6.823434352874756,6.3552568523482,6.823434352874756,64800,0.0,0.0
2002-07-25 00:00:00-04:00,6.853314908289164,7.118282781230689,6.833392216120796,7.082422733306885,19800,0.0,0.0
2002-07-26 00:00:00-04:00,7.084417474153773,7.152153968811035,7.084417474153773,7.152153968811035,12600,0.0,0.0
2002-07-29 00:00:00-04:00,7.17207473681396,7.610367774963379,7.17207473681396,7.610367774963379,33900,0.0,0.0
2002-07-30 00:00:00-04:00,7.590449963122975,7.622325838559417,7.490837567391286,7.508767604827881,21000,0.0,0.0
2002-07-31 00:00:00-04:00,7.5047801394612765,7.5047801394612765,7.371299266815186,7.3712992668151855,52500,0.0,0.0
2002-08-01 00:00:00-04:00,7.3912216937929145,7.448996543884277,7.351376871318647,7.448996543884277,12000,0.0,0.0
2002-08-02 00:00:00-04:00,7.441027851188462,7.450989484659874,7.371299266815186,7.3712992668151855,6900,0.0,0.0
2002-08-05 00:00:00-04:00,7.371297417367859,7.371297417367859,7.281646728515624,7.281646728515625,9300,0.0,0.0
2002-08-06 00:00:00-04:00,7.291608539427304,7.4390346511332375,7.291608539427304,7.333446025848389,31500,0.0,0.0
2002-08-07 00:00:00-04:00,7.351376803642284,7.4310664478572015,7.31153141154953,7.42110538482666,68700,0.0,0.0
2002-08-08 00:00:00-04:00,7.401183192882797,7.411144256591797,7.201959068776136,7.411144256591797,35100,0.0,0.0
2002-08-09 00:00:00-04:00,7.470911648373342,7.470911648373342,7.391222000122069,7.39122200012207,29100,0.0,0.0
2002-08-12 00:00:00-04:00,7.371299824986142,7.540640766999153,7.371299824986142,7.530679702758789,13500,0.0,0.0
2002-08-13 00:00:00-04:00,7.530675342651855,7.530675342651855,7.291605949401855,7.2916059494018555,39600,0.0,0.0
2002-08-14 00:00:00-04:00,7.271686054730027,7.3812594413757315,7.132228913547273,7.381259441375732,79800,0.0,0.0
2002-08-15 00:00:00-04:00,7.401180409163421,7.401180409163421,7.291607039620973,7.311529159545898,12000,0.0,0.0
2002-08-16 00:00:00-04:00,7.311532120390189,7.590446472167969,7.291609992397691,7.590446472167969,34500,0.0,0.0
2002-08-19 00:00:00-04:00,7.620329176252206,7.692049853042229,7.620329176252206,7.690057754516602,12000,0.0,0.0
2002-08-20 00:00:00-04:00,7.670134539034788,7.690057232895507,7.652204513549805,7.652204513549805,3600,0.0,0.0
2002-08-21 00:00:00-04:00,7.650212415159302,7.652204513549805,7.570522779686893,7.652204513549805,13500,0.0,0.0
2002-08-22 00:00:00-04:00,7.652202973476663,7.664209842681885,7.634193242187864,7.664209842681885,4200,0.05667,0.0
2002-08-23 00:00:00-04:00,7.684226875627913,7.704237577474603,7.574166297912597,7.574166297912598,12600,0.0,0.0
2002-08-26 00:00:00-04:00,7.544145583410103,7.7742719650268555,7.514129546909898,7.7742719650268555,15000,0.0,0.0
2002-08-27 00:00:00-04:00,7.754260746560065,7.772270481738953,7.674216270446777,7.674216270446777,8400,0.0,0.0
2002-08-28 00:00:00-04:00,7.664216277229752,7.804292909605801,7.664216277229752,7.784282207489014,26100,0.0,0.0
2002-08-29 00:00:00-04:00,7.804288091048094,7.924353947175771,7.804288091048094,7.914348602294922,24900,0.0,0.0
2002-08-30 00:00:00-04:00,7.91035370549625,7.91035370549625,7.744261741638184,7.744261741638184,16500,0.0,0.0
2002-09-03 00:00:00-04:00,7.724246890010395,7.724246890010395,7.474109172821045,7.474109172821045,24000,0.0,0.0
2002-09-04 00:00:00-04:00,7.4941186899795,7.4941186899795,7.3880612122954705,7.404069423675537,36900,0.0,0.0
2002-09-05 00:00:00-04:00,7.424077780651698,7.424077780651698,7.077887535095216,7.077887535095215,39900,0.0,0.0
2002-09-06 00:00:00-04:00,7.055877582503796,7.123915195465088,7.021859062282766,7.123915195465088,52500,0.0,0.0
2002-09-09 00:00:00-04:00,7.223969111313102,7.982386409969569,7.223969111313102,7.974381446838379,150600,0.0,0.0
2002-09-10 00:00:00-04:00,7.994399343930133,7.994399343930133,7.7042395140606725,7.724250793457031,132600,0.0,0.0
2002-09-11 00:00:00-04:00,7.7442576034818496,7.836308411850454,7.7442576034818496,7.8202996253967285,35700,0.0,0.0
2002-09-12 00:00:00-04:00,7.844314554224885,8.002401498835944,7.824303280435875,8.00040054321289,42300,0.0,0.0
2002-09-13 00:00:00-04:00,7.98438923902086,8.044421896445492,7.828303299182059,8.02441120147705,87000,0.0,0.0
2002-09-16 00:00:00-04:00,8.044425343657876,8.084447895783919,7.882336469381498,7.884337425231934,33900,0.0,0.0
2002-09-17 00:00:00-04:00,7.934364971590602,7.934364971590602,7.730252598535477,7.754265785217285,57000,0.0,0.0
2002-09-18 00:00:00-04:00,7.734250668627104,7.774272626552107,7.584168183278534,7.6542067527771,24000,0.0,0.0
2002-09-19 00:00:00-04:00,7.664217891567338,7.6942339510648905,7.604184627532959,7.604184627532959,14700,0.0,0.0
2002-09-20 00:00:00-04:00,7.654209131385074,7.678222313602368,7.528139781614426,7.554153919219971,37200,0.0,0.0
2002-09-23 00:00:00-04:00,7.57416327890208,7.57416327890208,7.44409147866631,7.464102745056152,34800,0.0,0.0
2002-09-24 00:00:00-04:00,7.444092169037835,7.534142017364501,7.40407020506576,7.534142017364502,22200,0.0,0.0
2002-09-25 00:00:00-04:00,7.534144605699585,7.564161232120605,7.428085935347918,7.5041279792785645,36000,0.0,0.0
2002-09-26 00:00:00-04:00,7.484114102224609,7.734251213756348,7.484114102224609,7.704234600067139,34800,0.0,0.0
2002-09-27 00:00:00-04:00,7.71424217938198,7.724247528591297,7.6742196375058915,7.684225559234619,25200,0.0,0.0
2002-09-30 00:00:00-04:00,7.704232929762662,7.874326655445077,7.610181771789998,7.842308521270752,91500,0.0,0.0
2002-10-01 00:00:00-04:00,7.84231486073328,7.84231486073328,7.718246995286839,7.778280258178711,20400,0.0,0.0
2002-10-02 00:00:00-04:00,7.754265695036255,7.804293023578326,7.728250980377197,7.728250980377197,16500,0.0,0.0
2002-10-03 00:00:00-04:00,7.728249367592981,7.804291394925137,7.724247456954132,7.802290439605713,7500,0.0,0.0
2002-10-04 00:00:00-04:00,7.822298851535029,7.854316417365327,7.72424519930955,7.734250545501709,15900,0.0,0.0
2002-10-07 00:00:00-04:00,7.73425449430717,7.73425449430717,7.496123583734261,7.5041279792785645,33000,0.0,0.0
2002-10-08 00:00:00-04:00,7.506128617444641,7.506128617444641,7.404072435442966,7.424083709716797,15900,0.0,0.0
2002-10-09 00:00:00-04:00,7.424081910998062,7.43008534907764,7.123916877251615,7.143927574157715,33000,0.0,0.0
2002-10-10 00:00:00-04:00,7.163939177682118,7.223971843719483,7.161938222402064,7.223971843719482,16200,0.0,0.0
2002-10-11 00:00:00-04:00,7.253989418435373,7.324028015136719,7.253989418435373,7.324028015136719,15000,0.0,0.0
2002-10-14 00:00:00-04:00,7.2739993264399,7.374053955078125,7.2739993264399,7.374053955078125,22500,0.0,0.0
2002-10-15 00:00:00-04:00,7.364049917631858,7.594175815582275,7.364049917631858,7.594175815582275,27900,0.0,0.0
2002-10-16 00:00:00-04:00,7.56415863347339,7.56415863347339,7.524136096981983,7.534142017364502,21300,0.0,0.0
2002-10-17 00:00:00-04:00,7.554155308300579,7.554155308300579,7.444094726436524,7.5041279792785645,54600,0.0,0.0
2002-10-18 00:00:00-04:00,7.5041258436612,7.5041258436612,7.143927574157716,7.143927574157715,43200,0.0,0.0
2002-10-21 00:00:00-04:00,7.193954888942335,7.217968068741276,7.103905607826147,7.143927574157715,24000,0.0,0.0
2002-10-22 00:00:00-04:00,7.143929770307684,7.153935694356071,6.933814525604248,6.933814525604248,27300,0.0,0.0
2002-10-23 00:00:00-04:00,6.943817727067919,7.043872356414795,6.903795760825295,7.043872356414795,18600,0.0,0.0
2002-10-24 00:00:00-04:00,7.063884243026897,7.0838949400151865,6.963829040527344,6.963829040527344,11400,0.0,0.0
2002-10-25 00:00:00-04:00,6.963829273369395,7.083895176871753,6.945818958454501,7.073889255523682,34200,0.0,0.0
2002-10-28 00:00:00-05:00,7.093901434557887,7.111911751780231,6.983840865783457,7.023862838745117,29100,0.0,0.0
2002-10-29 00:00:00-05:00,7.003852569828961,7.003852569828961,6.909800784447382,6.9738359451293945,20400,0.0,0.0
2002-10-30 00:00:00-05:00,6.963830165562358,7.093901434557887,6.963830165562358,7.023862838745117,29100,0.0,0.0
2002-10-31 00:00:00-05:00,7.003850586250017,7.0438719778222145,6.983839317944584,7.013855934143066,11100,0.0,0.0
2002-11-01 00:00:00-05:00,7.013856874327985,7.203961372375488,6.99584655868307,7.203961372375488,17700,0.0,0.0
2002-11-04 00:00:00-05:00,7.223971202914566,7.324026400793935,7.223971202914566,7.263993740081787,27300,0.0,0.0
2002-11-05 00:00:00-05:00,7.243987152132296,7.243987152132296,7.145932845998618,7.153937816619873,21000,0.0,0.0
2002-11-06 00:00:00-05:00,7.083893231574784,7.213965020706399,7.033865928649902,7.033865928649902,63000,0.0,0.0
2002-11-07 00:00:00-05:00,7.013855074373399,7.033866340225819,6.913800462669093,6.923805236816406,20700,0.0,0.0
2002-11-08 00:00:00-05:00,6.923805000974588,6.923805000974588,6.563607380573629,6.673667907714844,160500,0.0,0.0
2002-11-11 00:00:00-05:00,6.3234762880881155,6.427533971136116,6.153383077469209,6.283454895019531,204300,0.0,0.0
2002-11-12 00:00:00-05:00,6.263441209064772,6.293457242283794,6.043320197010469,6.065332412719727,60000,0.0,0.0
2002-11-13 00:00:00-05:00,6.063332118994663,6.063332118994663,5.763167173945803,5.873227119445801,174900,0.0,0.0
2002-11-14 00:00:00-05:00,5.873227355423683,5.905245492833512,5.643100964642634,5.747158050537109,172500,0.0,0.0
2002-11-15 00:00:00-05:00,5.745158272723708,5.745158272723708,5.483014263353366,5.503025531768799,114600,0.0,0.0
2002-11-18 00:00:00-05:00,5.533043964841317,6.091350693430326,5.5030273386222355,6.023313045501709,149100,0.0,0.0
2002-11-19 00:00:00-05:00,6.043322056816713,6.27344848409777,6.043322056816713,6.205411434173584,45600,0.0,0.0
2002-11-20 00:00:00-05:00,6.229558988295185,6.408638954162597,6.229558988295185,6.408638954162598,45600,0.05667,0.0
2002-11-21 00:00:00-05:00,6.388517370357366,6.408638954162597,6.338214274357455,6.408638954162598,33300,0.0,0.0
2002-11-22 00:00:00-05:00,6.398578992047878,6.555524826049806,6.378457406538379,6.555524826049805,28200,0.0,0.0
2002-11-25 00:00:00-05:00,6.541439921076324,6.607840055126087,6.541439921076324,6.579669952392578,15600,0.0,0.0
2002-11-26 00:00:00-05:00,6.559548943876177,6.589731032326235,6.519306351167918,6.579669952392578,18300,0.0,0.0
2002-11-27 00:00:00-05:00,6.579670833592795,6.7104597091674805,6.579670833592795,6.7104597091674805,32400,0.0,0.0
2002-11-29 00:00:00-05:00,6.700398465667215,6.700398465667215,6.640034287330387,6.660155296325684,20400,0.0,0.0
2002-12-02 00:00:00-05:00,6.650096981681102,6.67424254374159,6.545465637076713,6.547478199005127,21300,0.0,0.0
2002-12-03 00:00:00-05:00,6.529364989537748,6.555522523404247,6.358333587646484,6.358333587646484,47400,0.0,0.0
2002-12-04 00:00:00-05:00,6.358336179193308,6.4187003634466215,6.32815408706665,6.32815408706665,40800,0.0,0.0
2002-12-05 00:00:00-05:00,6.30802994348769,6.30802994348769,6.116877555847168,6.116877555847168,23400,0.0,0.0
2002-12-06 00:00:00-05:00,6.116878301000161,6.237606048583984,6.096757297573845,6.237606048583984,10200,0.0,0.0
2002-12-09 00:00:00-05:00,6.257727748690266,6.589729492722126,6.187303083985752,6.195351600646973,90600,0.0,0.0
2002-12-10 00:00:00-05:00,6.175230281844735,6.2376064325212495,6.0887091558405935,6.217485427856445,28800,0.0,0.0
2002-12-11 00:00:00-05:00,6.237608386362205,6.32815408706665,6.217487375394784,6.32815408706665,16500,0.0,0.0
2002-12-12 00:00:00-05:00,6.358335282487242,6.458942050162508,6.3180932662276685,6.408638954162598,28500,0.0,0.0
2002-12-13 00:00:00-05:00,6.42876127298078,6.477052393148339,6.418700766864762,6.4589433670043945,5700,0.0,0.0
2002-12-16 00:00:00-05:00,6.479063876947757,6.499186038970947,6.418700269255771,6.499186038970947,78600,0.0,0.0
2002-12-17 00:00:00-05:00,6.499182872485475,6.758747352881345,6.499182872485475,6.642043590545654,34800,0.0,0.0
2002-12-18 00:00:00-05:00,6.64003429460716,6.64003429460716,6.418699741363525,6.418699741363525,23400,0.0,0.0
2002-12-19 00:00:00-05:00,6.21748529674614,6.408637715407607,6.21748529674614,6.3985772132873535,67800,0.0,0.0
2002-12-20 00:00:00-05:00,6.418700499544577,6.59979248046875,6.398579488150523,6.59979248046875,36000,0.0,0.0
2002-12-23 00:00:00-05:00,6.6199103390125345,6.754722536178948,6.6199103390125345,6.750698566436768,26700,0.0,0.0
2002-12-24 00:00:00-05:00,6.740642957476275,6.801007152811462,6.660157171804149,6.700400352478027,21900,0.0,0.0
2002-12-26 00:00:00-05:00,6.720521990117782,6.760764598846436,6.720521990117782,6.7607645988464355,3000,0.0,0.0
2002-12-27 00:00:00-05:00,6.730582223102891,6.730582223102891,6.619915485382081,6.61991548538208,10500,0.0,0.0
2002-12-30 00:00:00-05:00,6.595768271818539,6.595768271818539,6.384494205707795,6.499186038970947,23700,0.0,0.0
2002-12-31 00:00:00-05:00,6.47906178981366,6.68027528577037,6.400589182660423,6.4891228675842285,49800,0.0,0.0
2003-01-02 00:00:00-05:00,6.458943388592239,6.674242019653321,6.438822376292952,6.67424201965332,26400,0.0,0.0
2003-01-03 00:00:00-05:00,6.65009520922635,6.65009520922635,6.579669952392579,6.579669952392578,26400,0.0,0.0
2003-01-06 00:00:00-05:00,6.599790080876665,6.7003968282943305,6.579668501123001,6.690335750579834,14700,0.0,0.0
2003-01-07 00:00:00-05:00,6.670217245536027,6.670217245536027,6.599792553526186,6.640035152435303,21900,0.0,0.0
2003-01-08 00:00:00-05:00,6.64003449204336,6.670216582142291,6.61991348242773,6.629973411560059,23700,0.0,0.0
2003-01-09 00:00:00-05:00,6.660153668787002,6.690335750579834,6.650093742423162,6.690335750579834,14100,0.0,0.0
2003-01-10 00:00:00-05:00,6.650097717937521,6.676255269146811,6.6400366342083785,6.6722307205200195,9300,0.0,0.0
2003-01-13 00:00:00-05:00,6.682290735098567,6.740642943985967,6.682290735098567,6.692351818084717,16200,0.0,0.0
2003-01-14 00:00:00-05:00,6.680276763224032,6.982096498236188,6.670216258903749,6.8935627937316895,44100,0.0,0.0
2003-01-15 00:00:00-05:00,6.901612269095685,6.931793786240608,6.861369670560252,6.921733856201172,19500,0.0,0.0
2003-01-16 00:00:00-05:00,6.961978411604419,7.404648307874314,6.961978411604419,7.193374156951904,98100,0.0,0.0
2003-01-17 00:00:00-05:00,7.173246041198425,7.193367617330608,7.04245781120252,7.118918418884277,49500,0.0,0.0
2003-01-21 00:00:00-05:00,7.102824259624022,7.102824259624022,6.845271110534669,6.845271110534668,16800,0.0,0.0
2003-01-22 00:00:00-05:00,6.811062142295948,6.821123218001822,6.740638066406107,6.750698566436768,21000,0.0,0.0
2003-01-23 00:00:00-05:00,6.760764598846436,6.764789147557144,6.650097856599401,6.7607645988464355,30000,0.0,0.0
2003-01-24 00:00:00-05:00,6.740641937545868,6.740641937545868,6.640035152435303,6.640035152435303,13500,0.0,0.0
2003-01-27 00:00:00-05:00,6.599792243682763,6.599792243682763,6.469003947287195,6.499186038970947,24000,0.0,0.0
2003-01-28 00:00:00-05:00,6.460957111437415,6.7406439781188965,6.398581496002176,6.7406439781188965,29100,0.0,0.0
2003-01-29 00:00:00-05:00,6.720522426132546,6.8191172556711575,6.720522426132546,6.801008224487305,17400,0.0,0.0
2003-01-30 00:00:00-05:00,6.770822769591508,6.77887071219887,6.519306141497444,6.5233306884765625,47700,0.0,0.0
2003-01-31 00:00:00-05:00,6.523331080525808,6.660155323881039,6.523331080525808,6.589731216430664,40200,0.0,0.0
2003-02-03 00:00:00-05:00,6.569609358949506,6.609851951111457,6.539427270909181,6.559548854827881,27600,0.0,0.0
2003-02-04 00:00:00-05:00,6.557536827208622,6.567597907824609,6.48912470280268,6.563573360443115,12900,0.0,0.0
2003-02-05 00:00:00-05:00,6.5635713056351195,6.5635713056351195,6.434795040550252,6.5193047523498535,35700,0.0,0.0
2003-02-06 00:00:00-05:00,6.499186542819589,6.499186542819589,6.448882860888377,6.4589433670043945,7800,0.0,0.0
2003-02-07 00:00:00-05:00,6.440833027710611,6.446869560419725,6.408638954162597,6.408638954162598,13200,0.0,0.0
2003-02-10 00:00:00-05:00,6.458940328504598,6.458940328504598,6.334188038921572,6.358333587646484,26400,0.0,0.0
2003-02-11 00:00:00-05:00,6.33821564137196,6.33821564137196,6.147063144534352,6.177244663238525,48600,0.0,0.0
2003-02-12 00:00:00-05:00,6.147060381814944,6.263764158983628,6.1369998801017855,6.237606048583984,41100,0.0,0.0
2003-02-13 00:00:00-05:00,6.2376075418568275,6.629972959354708,6.2376075418568275,6.559548854827881,58800,0.0,0.0
2003-02-14 00:00:00-05:00,6.58973245394588,6.919721785343033,6.5877198921197,6.901612758636475,51300,0.0,0.0
2003-02-18 00:00:00-05:00,6.9519159490216325,6.955939345361868,6.8372241114389904,6.921733856201172,21300,0.0,0.0
2003-02-19 00:00:00-05:00,6.935888481522728,6.9662198923522975,6.9055564921585795,6.956110000610352,19800,0.05667,0.0
2003-02-20 00:00:00-05:00,6.925781149934648,6.954090595245361,6.885338671965887,6.954090595245361,22800,0.0,0.0
2003-02-21 00:00:00-05:00,6.976330291167214,7.026883216374309,6.956109352498186,7.016772747039795,23700,0.0,0.0
2003-02-24 00:00:00-05:00,7.016774841354384,7.0531733517709245,6.996553318115263,7.036996364593506,15600,0.0,0.0
2003-02-25 00:00:00-05:00,7.057216832618927,7.0774383544921875,6.9965528455338015,7.0774383544921875,30900,0.0,0.0
2003-02-26 00:00:00-05:00,7.127992153167724,7.148213098951097,7.0976601559579375,7.127992153167725,36600,0.0,0.0
2003-02-27 00:00:00-05:00,7.127990358352713,7.2594287869875895,7.127990358352713,7.2392072677612305,29100,0.0,0.0
2003-02-28 00:00:00-05:00,7.218987556207704,7.309983547710324,7.218987556207704,7.249319553375244,48300,0.0,0.0
2003-03-03 00:00:00-05:00,7.208876914420702,7.257407877337759,6.935890103378579,6.946000576019287,65400,0.0,0.0
2003-03-04 00:00:00-05:00,6.925778676639536,6.935889147887421,6.834783278339298,6.905557155609131,34500,0.0,0.0
2003-03-05 00:00:00-05:00,6.915671545996084,6.915671545996084,6.857030085284434,6.895450592041016,15000,0.0,0.0
2003-03-06 00:00:00-05:00,6.8651147899001215,6.986442760742015,6.764008340376757,6.97633171081543,39600,0.0,0.0
2003-03-07 00:00:00-05:00,6.976330864124151,7.127990230735546,6.937910961790716,7.047105312347412,57000,0.0,0.0
2003-03-10 00:00:00-05:00,7.04710520720578,7.09765813581048,6.976330760038462,6.998574256896973,38100,0.0,0.0
2003-03-11 00:00:00-05:00,7.026886655199299,7.047108182298882,6.982400221235905,7.0066657066345215,33000,0.0,0.0
2003-03-12 00:00:00-05:00,6.996551881716445,7.006662930527546,6.925778011246204,6.956110000610352,29700,0.0,0.0
2003-03-13 00:00:00-05:00,6.976332944714524,6.994531912145789,6.976332944714524,6.986443996429443,20400,0.0,0.0
2003-03-14 00:00:00-05:00,6.980377012139863,7.02284145947148,6.925779534979381,6.996553421020508,50700,0.0,0.0
2003-03-17 00:00:00-05:00,7.014754508701701,7.014754508701701,6.885339148774514,6.935892105102539,41100,0.0,0.0
2003-03-18 00:00:00-05:00,6.93588830144779,6.998574256896973,6.905556312871145,6.998574256896973,26700,0.0,0.0
2003-03-19 00:00:00-05:00,6.994531794098634,7.257408142089844,6.994531794098634,7.257408142089844,62700,0.0,0.0
2003-03-20 00:00:00-05:00,7.251336459178422,7.546566573231116,7.218982505777268,7.540500640869141,32400,0.0,0.0
2003-03-21 00:00:00-05:00,7.520283190849133,7.520283190849133,7.057216548889494,7.138102054595947,90300,0.0,0.0
2003-03-24 00:00:00-05:00,7.119905877190572,7.119905877190572,6.935892436270025,7.067330360412598,52800,0.0,0.0
2003-03-25 00:00:00-05:00,7.077434451965953,7.093610850596309,7.0005935211664845,7.087544918060303,30300,0.0,0.0
2003-03-26 00:00:00-05:00,7.087547189450442,7.097657658784956,6.980374826021734,7.016772747039795,52800,0.0,0.0
2003-03-27 00:00:00-05:00,6.980377281931028,7.152257635228608,6.980377281931028,7.127992153167725,24900,0.0,0.0
2003-03-28 00:00:00-05:00,7.117878428155984,7.127989475784531,7.006662111052547,7.103724002838135,27000,0.0,0.0
2003-03-31 00:00:00-05:00,7.07743554618355,7.223028363175399,7.07743554618355,7.198762893676758,44700,0.0,0.0
2003-04-01 00:00:00-05:00,7.148213066294299,7.441421985626221,7.132036656862339,7.441421985626221,48600,0.0,0.0
2003-04-02 00:00:00-05:00,7.522306716413432,7.59105920791626,7.502085769729205,7.59105920791626,43500,0.0,0.0
2003-04-03 00:00:00-05:00,7.591059213872412,7.625435170383422,7.532417774200439,7.5324177742004395,21300,0.0,0.0
2003-04-04 00:00:00-05:00,7.552637951119392,7.613301942106172,7.522305955626002,7.593080997467041,61200,0.0,0.0
2003-04-07 00:00:00-04:00,7.643636253313165,7.6719457000915074,7.562751293182373,7.562751293182373,54000,0.0,0.0
2003-04-08 00:00:00-04:00,7.582969003097818,7.64363298653645,7.582969003097818,7.603189945220947,30300,0.0,0.0
2003-04-09 00:00:00-04:00,7.603190802947537,7.680031780167059,7.522305868261034,7.536460876464844,23100,0.0,0.0
2003-04-10 00:00:00-04:00,7.536463655518434,7.536463655518434,7.269542694091797,7.269542694091797,39900,0.0,0.0
2003-04-11 00:00:00-04:00,7.309981051612932,7.370644446698904,7.178542634946691,7.289760112762451,46500,0.0,0.0
2003-04-14 00:00:00-04:00,7.299872470777906,7.603191284323463,7.25943057940887,7.572859287261963,48900,0.0,0.0
2003-04-15 00:00:00-04:00,7.522307007832186,7.5587055232225495,7.441422639427016,7.552639007568359,84300,0.0,0.0
2003-04-16 00:00:00-04:00,7.542529070437266,7.724519924732239,7.50208659409007,7.686100006103516,98100,0.0,0.0
2003-04-17 00:00:00-04:00,7.686098863097015,7.734629827496568,7.643634413881089,7.6881208419799805,90600,0.0,0.0
2003-04-21 00:00:00-04:00,7.637567704708678,7.815514569653982,7.607235708095686,7.7346296310424805,66900,0.0,0.0
2003-04-22 00:00:00-04:00,7.684080501295104,7.732611488539357,7.653748489633695,7.694190979003906,75000,0.0,0.0
2003-04-23 00:00:00-04:00,7.684075372957204,7.88628768485213,7.673964323461495,7.8458452224731445,57000,0.0,0.0
2003-04-24 00:00:00-04:00,7.845845884519508,7.845845884519508,7.68407602135314,7.744740009307861,32100,0.0,0.0
2003-04-25 00:00:00-04:00,7.744740203187316,7.8357356088626835,7.6860981924204825,7.756872653961182,39900,0.0,0.0
2003-04-28 00:00:00-04:00,7.734628205415347,7.831690113858943,7.734628205415347,7.775070667266846,30600,0.0,0.0
2003-04-29 00:00:00-04:00,7.736654199913144,7.775074703249514,7.706322193145752,7.706322193145752,65100,0.0,0.0
2003-04-30 00:00:00-04:00,7.673966298882823,7.76496229656056,7.643634878191675,7.732608318328857,17400,0.0,0.0
2003-05-01 00:00:00-04:00,7.68407842667948,7.68407842667948,7.582971941284076,7.6335248947143555,14400,0.0,0.0
2003-05-02 00:00:00-04:00,7.663858967342497,7.694190979003905,7.6234164779722855,7.694190979003906,18300,0.0,0.0
2003-05-05 00:00:00-04:00,7.6436350608393475,7.785183429718017,7.621390977105063,7.785183429718018,33600,0.0,0.0
2003-05-06 00:00:00-04:00,7.734627109000155,7.734627109000155,7.522303780476537,7.560724258422852,72900,0.0,0.0
2003-05-07 00:00:00-04:00,7.53241634593408,7.6315002387531035,7.380756960301412,7.595102310180664,174600,0.0,0.0
2003-05-08 00:00:00-04:00,7.659810733631542,7.805403614126001,7.659810733631542,7.756872653961182,54900,0.0,0.0
2003-05-09 00:00:00-04:00,7.7568728421168025,7.80540380345882,7.7042973447289365,7.79529333114624,27000,0.0,0.0
2003-05-12 00:00:00-04:00,7.708341049544558,8.126920690615526,7.6921640641749995,8.050080299377441,73800,0.0,0.0
2003-05-13 00:00:00-04:00,8.078394511930483,8.126925496739545,8.058172978992552,8.068284034729004,30300,0.0,0.0
2003-05-14 00:00:00-04:00,8.017729367152976,8.128945749815882,8.017729367152976,8.04806137084961,57900,0.0,0.0
2003-05-15 00:00:00-04:00,8.098612023018719,8.173430442810059,8.017727088505191,8.173430442810059,21000,0.0,0.0
2003-05-16 00:00:00-04:00,8.12894245912604,8.12894245912604,7.8458452224731445,7.8458452224731445,37200,0.0,0.0
2003-05-19 00:00:00-04:00,7.896665202178568,8.07959965018744,7.896665202178568,8.02878475189209,25200,0.06667,0.0
2003-05-20 00:00:00-04:00,8.002358714699279,8.002358714699279,7.825522256612594,7.845848560333252,23100,0.0,0.0
2003-05-21 00:00:00-04:00,7.872272750425836,7.927153134401506,7.520632266998291,7.520632266998291,32400,0.0,0.0
2003-05-22 00:00:00-04:00,7.581610600645144,7.601936905704925,7.368187014413647,7.520632266998291,72600,0.0,0.0
2003-05-23 00:00:00-04:00,7.571444238800313,7.571444238800313,7.439324770818345,7.484041690826416,46200,0.0,0.0
2003-05-27 00:00:00-04:00,7.520632872753202,7.571448348729379,7.439328809030361,7.479981422424316,73200,0.0,0.0
2003-05-28 00:00:00-04:00,7.500306787981497,7.56128454208374,7.490143344354034,7.56128454208374,129600,0.0,0.0
2003-05-29 00:00:00-04:00,7.601935176670242,7.825520992279053,7.47997911864752,7.825520992279053,30600,0.0,0.0
2003-05-30 00:00:00-04:00,7.876336570338321,8.012520982549105,7.860075762358895,7.98203182220459,39300,0.0,0.0
2003-06-02 00:00:00-04:00,7.998295580301848,8.130414548482792,7.994230086041279,8.02878475189209,40500,0.0,0.0
2003-06-03 00:00:00-04:00,8.079597649036867,8.089761091404723,8.00845646012404,8.07756519317627,11400,0.0,0.0
2003-06-04 00:00:00-04:00,8.087725968674382,8.21577995939357,8.006421939889545,8.079595565795898,46200,0.0,0.0
2003-06-05 00:00:00-04:00,8.103990511435303,8.486120204468294,8.05317561539551,8.482054710388184,45000,0.0,0.0
2003-06-06 00:00:00-04:00,8.482052751026814,8.862149318450845,8.45562908097392,8.813366889953613,73800,0.0,0.0
2003-06-09 00:00:00-04:00,8.813367685781968,8.872313561688124,8.801172368322659,8.851987838745117,29400,0.0,0.0
2003-06-10 00:00:00-04:00,8.851985991002383,8.912963728635525,8.845888042779364,8.890604972839355,52500,0.0,0.0
2003-06-11 00:00:00-04:00,8.882477138799976,9.140617679088246,8.862150832686854,9.065411567687988,75600,0.0,0.0
2003-06-12 00:00:00-04:00,9.0654113221954,9.10606335178826,8.963780957446998,9.024759292602539,91500,0.0,0.0
2003-06-13 00:00:00-04:00,9.024759229420226,9.075574120672423,9.024759229420226,9.045084953308105,59100,0.0,0.0
2003-06-16 00:00:00-04:00,9.034919738769531,9.112158283576893,9.024756879471889,9.034919738769531,80100,0.0,0.0
2003-06-17 00:00:00-04:00,9.032888047381826,9.032888047381826,8.994269059990955,9.006464958190918,32400,0.0,0.0
2003-06-18 00:00:00-04:00,9.00646520808931,9.026790930276638,8.984105866924839,9.014595031738281,29100,0.0,0.0
2003-06-19 00:00:00-04:00,9.014595849054947,9.075574184210488,9.014595849054947,9.024759292602539,40800,0.0,0.0
2003-06-20 00:00:00-04:00,9.026789005421476,9.055245708254622,9.006463287568364,9.043049812316895,69300,0.0,0.0
2003-06-23 00:00:00-04:00,9.085734498192929,9.085734498192929,9.014593320973358,9.016626358032227,51000,0.0,0.0
2003-06-24 00:00:00-04:00,9.004431160876607,9.055246038897161,8.994267720046619,9.034919738769531,41400,0.0,0.0
2003-06-25 00:00:00-04:00,8.98410618826028,8.98410618826028,8.892639272080897,8.94345474243164,55800,0.0,0.0
2003-06-26 00:00:00-04:00,8.943452711619566,9.00443102958097,8.892637252807617,8.892637252807617,31200,0.0,0.0
2003-06-27 00:00:00-04:00,8.841821685942605,8.967843223083674,8.841821685942605,8.93328857421875,38700,0.0,0.0
2003-06-30 00:00:00-04:00,8.935325784662513,8.935325784662513,8.585718269960184,8.866217613220215,176400,0.0,0.0
2003-07-01 00:00:00-04:00,8.740191718105615,8.900767910731616,8.662953177264141,8.780843734741211,108900,0.0,0.0
2003-07-02 00:00:00-04:00,8.831661256899975,9.15078070080739,8.831661256899975,9.122323989868164,44100,0.0,0.0
2003-07-03 00:00:00-04:00,9.146712945315736,9.492255395592174,9.126387226698952,9.370299339294434,18300,0.0,0.0
2003-07-07 00:00:00-04:00,9.329650491395741,9.57356268688963,9.309324765870855,9.553236961364746,53700,0.0,0.0
2003-07-08 00:00:00-04:00,9.50241863551712,9.50241863551712,9.390625434049927,9.461767196655273,18000,0.0,0.0
2003-07-09 00:00:00-04:00,9.435342913028306,9.577625274658203,9.402821296830885,9.577625274658203,24300,0.0,0.0
2003-07-10 00:00:00-04:00,9.526810787439281,9.555267495288271,9.370300638867112,9.45770263671875,32100,0.0,0.0
2003-07-11 00:00:00-04:00,9.406888839151947,9.543072700500488,9.406888839151947,9.543072700500488,29400,0.0,0.0
2003-07-14 00:00:00-04:00,9.553237263349269,9.553237263349269,9.412987891890037,9.44144344329834,21300,0.0,0.0
2003-07-15 00:00:00-04:00,9.390626834692286,9.396724784044041,9.291029515254282,9.347942352294922,17700,0.0,0.0
2003-07-16 00:00:00-04:00,9.327613151427055,9.349971321491699,9.228015287598115,9.339808464050293,30600,0.0,0.0
2003-07-17 00:00:00-04:00,9.339815123195013,9.339815123195013,9.19753269144119,9.205663681030273,24900,0.0,0.0
2003-07-18 00:00:00-04:00,9.211759008885124,9.27883529663086,9.13655231488529,9.27883529663086,6600,0.0,0.0
2003-07-21 00:00:00-04:00,9.27883529663086,9.349975915204853,9.230052859106248,9.27883529663086,43200,0.0,0.0
2003-07-22 00:00:00-04:00,9.228016794806152,9.423146480906334,9.197527635969916,9.400788307189941,18600,0.0,0.0
2003-07-23 00:00:00-04:00,9.39062657130872,9.39062657130872,9.207692748146588,9.21175765991211,17400,0.0,0.0
2003-07-24 00:00:00-04:00,9.248342811140587,9.323548896637378,9.14468002319336,9.14468002319336,19200,0.0,0.0
2003-07-25 00:00:00-04:00,9.146714625054052,9.1711058407929,9.012562647724172,9.089801788330078,19500,0.0,0.0
2003-07-28 00:00:00-04:00,9.140614530758018,9.14671247864487,8.996299726118968,9.14468002319336,29700,0.0,0.0
2003-07-29 00:00:00-04:00,9.195494898675058,9.195494898675058,9.034919287359278,9.14468002319336,36900,0.0,0.0
2003-07-30 00:00:00-04:00,9.095900426092799,9.146715317344993,9.045084953308105,9.045084953308105,11400,0.0,0.0
2003-07-31 00:00:00-04:00,8.963781176131185,9.045085237300436,8.811335916055715,8.902803421020508,30600,0.0,0.0
2003-08-01 00:00:00-04:00,8.943452587111898,9.049147832778853,8.841822252435199,8.994267463684082,42900,0.0,0.0
2003-08-04 00:00:00-04:00,8.943456492678713,8.998336885739501,8.896706506681278,8.949554443359375,11700,0.0,0.0
2003-08-05 00:00:00-04:00,9.000367954834777,9.045084896024411,8.815401077270508,8.815401077270508,25800,0.0,0.0
2003-08-06 00:00:00-04:00,8.851986007075874,9.045082661208406,8.841822566174939,8.86214828491211,44100,0.0,0.0
2003-08-07 00:00:00-04:00,8.841826203298584,9.018662704103253,8.66295724609061,8.96378231048584,88800,0.0,0.0
2003-08-08 00:00:00-04:00,9.014595849054947,9.024759292602539,8.978009313187624,9.024759292602539,82200,0.0,0.0
2003-08-11 00:00:00-04:00,9.073540506506689,9.16703987121582,9.065410101682746,9.16703987121582,13500,0.0,0.0
2003-08-12 00:00:00-04:00,9.158910184090107,9.553235114679994,9.146714285906665,9.500387191772461,37200,0.0,0.0
2003-08-13 00:00:00-04:00,9.424859713942377,9.526926829820479,9.424859713942377,9.451396942138672,24600,0.06667,0.0
2003-08-14 00:00:00-04:00,9.477935791015625,9.477935791015625,9.3881163921612,9.477935791015625,13800,0.0,0.0
2003-08-15 00:00:00-04:00,9.471811294555664,9.471811294555664,9.471811294555664,9.471811294555664,6600,0.0,0.0
2003-08-18 00:00:00-04:00,9.471809957021634,9.471809957021634,9.34932977668737,9.441189765930176,13500,0.0,0.0
2003-08-19 00:00:00-04:00,9.471811150833243,9.794342041015625,9.471811150833243,9.794342041015625,29100,0.0,0.0
2003-08-20 00:00:00-04:00,9.78821737754806,10.272014563776699,9.78821737754806,10.23935317993164,63000,0.0,0.0
2003-08-21 00:00:00-04:00,10.214858178095128,10.472066879272461,10.208734022345277,10.472066879272461,48300,0.0,0.0
2003-08-22 00:00:00-04:00,10.71703184939346,11.07426546566406,10.614964100690054,10.996695518493652,69000,0.0,0.0
2003-08-25 00:00:00-04:00,10.972195136463824,10.982400505084625,10.614959344142505,10.768059730529785,110100,0.0,0.0
2003-08-26 00:00:00-04:00,10.717026955800545,10.919119417387398,10.717026955800545,10.81909465789795,41100,0.0,0.0
2003-08-27 00:00:00-04:00,10.870124701925732,11.278393075072895,10.768057024607463,10.96402645111084,187500,0.0,0.0
2003-08-28 00:00:00-04:00,10.941573298539957,11.125294445247283,10.88033291630418,11.05384635925293,79500,0.0,0.0
2003-08-29 00:00:00-04:00,11.176328459048563,11.278396164324068,11.076302528381348,11.076302528381348,63000,0.0,0.0
2003-09-02 00:00:00-04:00,11.227358663515654,11.329426346244555,11.178366596308468,11.260021209716797,55800,0.0,0.0
2003-09-03 00:00:00-04:00,11.227362937483141,11.227362937483141,11.094676768326197,11.155917167663574,67200,0.0,0.0
2003-09-04 00:00:00-04:00,11.206948076459469,11.278396171032789,11.178369072242797,11.237568855285645,35400,0.0,0.0
2003-09-05 00:00:00-04:00,11.237569459727638,11.30901639008064,11.149791835810047,11.200825691223145,39000,0.0,0.0
2003-09-08 00:00:00-04:00,11.251860640737604,11.380464440390545,11.23757171901958,11.26819133758545,31200,0.0,0.0
2003-09-09 00:00:00-04:00,11.26818769948614,11.278395403775965,11.098756628385098,11.1763277053833,28800,0.0,0.0
2003-09-10 00:00:00-04:00,11.227360843073138,11.864259008470036,11.127336083146803,11.584596633911133,95700,0.0,0.0
2003-09-11 00:00:00-04:00,11.441701616737987,11.584596633911133,11.329428545616349,11.584596633911133,69600,0.0,0.0
2003-09-12 00:00:00-04:00,11.584594675308683,11.584594675308683,11.32942663015505,11.437617301940918,25500,0.0,0.0
2003-09-15 00:00:00-04:00,11.411082097803027,11.635629409900051,11.411082097803027,11.533561706542969,55500,0.0,0.0
2003-09-16 00:00:00-04:00,11.513146987287513,11.860175026579926,11.513146987287513,11.635627746582031,74700,0.0,0.0
2003-09-17 00:00:00-04:00,11.686661989072809,11.686661989072809,11.329428534705343,11.423330307006836,36000,0.0,0.0
2003-09-18 00:00:00-04:00,11.474364097175581,11.68462132041192,11.43149617632464,11.611132621765137,41100,0.0,0.0
2003-09-19 00:00:00-04:00,11.560102996781714,11.99082526183078,11.482531896597283,11.890800476074219,44400,0.0,0.0
2003-09-22 00:00:00-04:00,11.941830355449301,11.990822433261947,11.737697281928247,11.79281234741211,36600,0.0,0.0
2003-09-23 00:00:00-04:00,11.741782208657032,11.784651312356976,11.596847703978884,11.727493286132812,26100,0.0,0.0
2003-09-24 00:00:00-04:00,11.788729835200954,11.809142908713438,11.329428672790527,11.329428672790527,31200,0.0,0.0
2003-09-25 00:00:00-04:00,11.380459020058213,11.380459020058213,10.941572189331055,10.941572189331055,32400,0.0,0.0
2003-09-26 00:00:00-04:00,10.941571635822502,10.94361340987657,10.574130566308549,10.647619247436523,50700,0.0,0.0
2003-09-29 00:00:00-04:00,10.717025870378224,11.451908111572266,10.717025870378224,11.451908111572266,102000,0.0,0.0
2003-09-30 00:00:00-04:00,11.431495099038766,11.482527777117202,10.747645532156449,11.149789810180664,150900,0.0,0.0
2003-10-01 00:00:00-04:00,11.200826974712749,11.48457178585607,10.843592282012642,11.42945671081543,63300,0.0,0.0
2003-10-02 00:00:00-04:00,11.421285813441918,11.635626535873229,11.176325488404549,11.633585929870605,16800,0.0,0.0
2003-10-03 00:00:00-04:00,11.635629229311261,11.803018531485323,11.507025466920807,11.756068229675293,18600,0.0,0.0
2003-10-06 00:00:00-04:00,11.778522178203747,11.83976139291681,11.764232093653515,11.788728713989258,27900,0.0,0.0
2003-10-07 00:00:00-04:00,11.83976008689185,12.02756359520575,11.63154467732168,11.73769474029541,24600,0.0,0.0
2003-10-08 00:00:00-04:00,11.788729000830692,11.788729000830692,11.431495567393092,11.44170093536377,16500,0.0,0.0
2003-10-09 00:00:00-04:00,11.492739677154013,11.533565838673029,11.33351507748977,11.431500434875488,21600,0.0,0.0
2003-10-10 00:00:00-04:00,11.478442530013911,11.533557574962316,11.074256578577193,11.227356910705566,28200,0.0,0.0
2003-10-13 00:00:00-04:00,11.32942701640882,11.686660422902175,11.32942701640882,11.635627746582031,12900,0.0,0.0
2003-10-14 00:00:00-04:00,11.649917060441652,11.956117801078397,11.649917060441652,11.8642578125,27300,0.0,0.0
2003-10-15 00:00:00-04:00,11.915296808997825,12.00919861251296,11.692790031433104,11.692790031433105,26100,0.0,0.0
2003-10-16 00:00:00-04:00,11.743818567179758,11.743818567179758,11.635627890368392,11.717281341552734,10500,0.0,0.0
2003-10-17 00:00:00-04:00,11.768315928762984,11.870382457164702,11.439660328994906,11.44170093536377,20400,0.0,0.0
2003-10-20 00:00:00-04:00,11.439660328994906,11.492734783596218,11.431495567393092,11.44170093536377,18300,0.0,0.0
2003-10-21 00:00:00-04:00,11.492734011391837,11.521313011204292,11.278394432956164,11.480486869812012,18600,0.0,0.0
2003-10-22 00:00:00-04:00,11.480491676677108,11.53356498187093,11.24777836827723,11.349844932556152,27600,0.0,0.0
2003-10-23 00:00:00-04:00,11.288598847911622,11.431493834918983,11.131416114298023,11.335550308227539,9000,0.0,0.0
2003-10-24 00:00:00-04:00,11.411080476193895,11.58255330573801,11.311054561621237,11.47640323638916,24600,0.0,0.0
2003-10-27 00:00:00-05:00,11.478446714844711,11.856094416315639,11.433537018527067,11.507025718688965,21600,0.0,0.0
2003-10-28 00:00:00-05:00,11.558057959996699,11.73769673838776,11.521314195354535,11.686661720275879,29400,0.0,0.0
2003-10-29 00:00:00-05:00,11.73769448230706,11.89079483496269,11.73769448230706,11.839759826660156,30600,0.0,0.0
2003-10-30 00:00:00-05:00,11.890799220347747,12.094932320465215,11.739739418029787,11.739739418029785,23100,0.0,0.0
2003-10-31 00:00:00-05:00,11.790769543340195,11.941829312787348,11.553975105285645,11.553975105285645,29100,0.0,0.0
2003-11-03 00:00:00-05:00,11.635628807315026,12.35009802156071,11.635628807315026,12.19699764251709,71400,0.0,0.0
2003-11-04 00:00:00-05:00,12.196998113789089,12.825729177717315,12.196998113789089,12.329684257507324,66600,0.0,0.0
2003-11-05 00:00:00-05:00,12.407260599700294,13.064570945708239,12.407260599700294,12.91555404663086,113400,0.0,0.0
2003-11-06 00:00:00-05:00,13.013532545592046,13.0584422404264,12.248030631145454,12.452163696289062,61200,0.0,0.0
2003-11-07 00:00:00-05:00,12.452162359471643,12.554230049149067,12.452162359471643,12.544023513793945,15000,0.0,0.0
2003-11-10 00:00:00-05:00,12.80939897491469,12.80939897491469,12.248030147766602,12.288857460021973,47400,0.0,0.0
2003-11-11 00:00:00-05:00,12.248028738682386,12.452161772285063,12.248028738682386,12.421542167663574,32700,0.0,0.0
2003-11-12 00:00:00-05:00,12.417150192434558,14.077901281773087,12.417150192434558,13.96791934967041,79800,1.46,0.0
2003-11-13 00:00:00-05:00,13.9127550646157,13.9127550646157,13.347860228299927,13.460396766662598,62100,0.06667,0.0
2003-11-14 00:00:00-05:00,13.460395753219881,13.95688579155929,13.327999167246382,13.36330509185791,84000,0.0,0.0
2003-11-17 00:00:00-05:00,13.032311056206021,13.478049278259277,13.032311056206021,13.478049278259277,67200,0.0,0.0
2003-11-18 00:00:00-05:00,13.478047950903107,13.592791557312012,13.420674885059384,13.592791557312012,45000,0.0,0.0
2003-11-19 00:00:00-05:00,13.597207493801275,14.131209276282185,13.173535145033627,14.122382164001465,43200,0.0,0.0
2003-11-20 00:00:00-05:00,14.122382501695197,14.74023744637906,13.639132499694824,13.639132499694824,52800,0.0,0.0
2003-11-21 00:00:00-05:00,13.780355501325165,13.780355501325165,13.407434988710836,13.5155611038208,30600,0.0,0.0
2003-11-24 00:00:00-05:00,13.736225760480435,14.175344030667663,13.727399909769325,14.133418083190918,58500,0.0,0.0
2003-11-25 00:00:00-05:00,14.508540676699013,14.78436674669597,14.453373442476817,14.707136154174805,84600,0.0,0.0
2003-11-26 00:00:00-05:00,14.762298819794157,14.982961412943652,14.762298819794157,14.784364700317383,63600,0.0,0.0
2003-11-28 00:00:00-05:00,14.813054084777832,14.87704590548888,14.813054084777832,14.813054084777832,18900,0.0,0.0
2003-12-01 00:00:00-05:00,15.1153593900005,15.746454238891602,15.1153593900005,15.746454238891602,92700,0.0,0.0
2003-12-02 00:00:00-05:00,15.777337958551598,16.328994844877737,15.72217328002983,15.969314575195312,100500,0.0,0.0
2003-12-03 00:00:00-05:00,16.21867245202808,16.3069372519448,15.37794912801197,15.501521110534668,84000,0.0,0.0
2003-12-04 00:00:00-05:00,15.55668181311192,15.55668181311192,14.508537426328232,15.13521671295166,73500,0.0,0.0
2003-12-05 00:00:00-05:00,15.049165611684678,15.12639748332643,15.011652591486264,15.038132667541504,80400,0.0,0.0
2003-12-08 00:00:00-05:00,15.040334332238908,15.225691025358593,14.941036599818752,15.005029678344727,98400,0.0,0.0
2003-12-09 00:00:00-05:00,15.060198299681588,15.060198299681588,14.740237874413342,14.861602783203125,33000,0.0,0.0
2003-12-10 00:00:00-05:00,14.75126760540194,14.839533663099957,14.453373132929006,14.61886978149414,43200,0.0,0.0
2003-12-11 00:00:00-05:00,14.894691120181651,15.501512711281459,14.894691120181651,15.404420852661133,133200,0.0,0.0
2003-12-12 00:00:00-05:00,15.380153258954438,16.10833740234375,15.380153258954438,16.10833740234375,141600,0.0,0.0
2003-12-15 00:00:00-05:00,16.549661575178774,16.836521786583685,16.10833642474802,16.163503646850586,237600,0.0,0.0
2003-12-16 00:00:00-05:00,16.2186747726992,17.9839735489023,15.843548372398208,17.92880630493164,203100,0.0,0.0
2003-12-17 00:00:00-05:00,17.652976888805416,17.652976888805416,17.12559394320169,17.28667640686035,174000,0.0,0.0
2003-12-18 00:00:00-05:00,17.397001117872243,17.472025847678886,16.62688998754141,17.182958602905273,189300,0.0,0.0
2003-12-19 00:00:00-05:00,17.19179155606545,17.61104965209961,16.65999695010856,17.61104965209961,121800,0.0,0.0
2003-12-22 00:00:00-05:00,17.763304487882635,18.001620044175766,17.432311220870673,17.65297508239746,81000,0.0,0.0
2003-12-23 00:00:00-05:00,17.81847174071101,18.094297780086183,17.542643176057613,17.714759826660156,72600,0.0,0.0
2003-12-24 00:00:00-05:00,18.02810763140053,18.06120646685211,17.798619089406532,17.935428619384766,40800,0.0,0.0
2003-12-26 00:00:00-05:00,17.935423672120262,18.370128914452827,17.873638943791942,18.067821502685547,26400,0.0,0.0
2003-12-29 00:00:00-05:00,18.08326623670871,19.08727772452211,18.03913321148572,18.672433853149414,149700,0.0,0.0
2003-12-30 00:00:00-05:00,18.75628393399195,18.811451160968822,17.93983498509939,17.946455001831055,69900,0.0,0.0
2003-12-31 00:00:00-05:00,17.983972683525614,17.983972683525614,17.489688494412,17.54485321044922,110100,0.0,0.0
2004-01-02 00:00:00-05:00,17.432301489660258,17.796394637709653,17.218260289752557,17.794187545776367,68700,0.0,0.0
2004-01-05 00:00:00-05:00,18.09429739702054,18.31496125418298,17.68165936799953,17.82729721069336,149700,0.0,0.0
2004-01-06 00:00:00-05:00,18.094301441633434,18.094301441633434,17.763308107181125,17.873640060424805,61500,0.0,0.0
2004-01-07 00:00:00-05:00,17.983972013668488,17.983972013668488,17.767722294411215,17.873640060424805,62100,0.0,0.0
2004-01-08 00:00:00-05:00,17.873632633191022,18.08988226258763,17.833913803100586,17.833913803100586,68400,0.0,0.0
2004-01-09 00:00:00-05:00,17.76330576287929,18.089887392279827,17.54485024147688,17.772132873535156,62100,0.0,0.0
2004-01-12 00:00:00-05:00,18.31496305715316,18.979155473951483,18.20463111771059,18.705533981323242,115200,0.0,0.0
2004-01-13 00:00:00-05:00,18.965920943324093,18.976955150581972,18.425297818550263,18.64596176147461,105000,0.0,0.0
2004-01-14 00:00:00-05:00,18.64596123762746,19.20644187927246,18.31496785781916,19.20644187927246,107400,0.0,0.0
2004-01-15 00:00:00-05:00,19.219677928558244,19.859598666746095,18.976950678872456,19.817672729492188,113400,0.0,0.0
2004-01-16 00:00:00-05:00,19.848554386557453,19.969919204711914,19.528594200235684,19.969919204711914,105300,0.0,0.0
2004-01-20 00:00:00-05:00,20.7400369134309,21.12840321751121,20.190588171084013,21.029104232788086,118200,0.0,0.0
2004-01-21 00:00:00-05:00,20.962912417084734,20.962912417084734,20.080261825130805,20.16632080078125,143400,0.0,0.0
2004-01-22 00:00:00-05:00,20.190587911381755,20.243546779988016,18.8114502346041,18.92177963256836,189300,0.0,0.0
2004-01-23 00:00:00-05:00,18.811459288475586,19.195411586325257,18.811459288475586,19.18658447265625,80700,0.0,0.0
2004-01-26 00:00:00-05:00,19.40724182825604,19.616870252939076,18.974743680706265,19.168926239013672,146100,0.0,0.0
2004-01-27 00:00:00-05:00,19.168920227512057,19.307938031852952,18.756281000046044,18.765108108520508,96300,0.0,0.0
2004-01-28 00:00:00-05:00,18.976950618728722,19.416067517814433,18.921783383532453,19.184371948242188,91500,0.0,0.0
2004-01-29 00:00:00-05:00,19.177756028513645,19.177756028513645,18.535629324328227,19.0585994720459,82800,0.0,3.0
2004-01-30 00:00:00-05:00,19.065214988876978,19.19099280574402,18.568725002055814,18.873239517211914,49700,0.0,0.0
2004-02-02 00:00:00-05:00,19.363113403320312,20.117777931917875,18.932822246885557,19.363113403320312,146100,0.0,0.0
2004-02-03 00:00:00-05:00,19.85298713573687,20.025103882608303,19.36973699796699,19.80664825439453,105700,0.0,0.0
2004-02-04 00:00:00-05:00,19.85959542622637,19.85959542622637,17.344047177293323,17.78095817565918,167800,0.0,0.0
2004-02-05 00:00:00-05:00,17.774342117077623,18.337031031984164,15.722183213521662,17.013057708740234,238200,0.0,0.0
2004-02-06 00:00:00-05:00,17.04615305766696,18.22448952940722,16.74825861568122,17.959693908691406,94400,0.0,0.0
2004-02-09 00:00:00-05:00,18.4032251609555,18.50914290550415,17.708139804525114,18.039133071899414,54600,0.0,0.0
2004-02-10 00:00:00-05:00,18.191385997442197,18.720975875854492,17.708136227719077,18.720975875854492,94300,0.0,0.0
2004-02-11 00:00:00-05:00,18.720980807149825,18.866617399189956,18.05237421446885,18.469425201416016,75000,0.0,0.0
2004-02-12 00:00:00-05:00,18.53562338664457,18.58196224308892,17.708140199740797,17.72138023376465,82400,0.0,0.0
2004-02-13 00:00:00-05:00,17.542644742691085,17.97293577630472,16.09289374815235,16.82107925415039,146300,0.0,0.0
2004-02-17 00:00:00-05:00,16.88727021214263,17.01304795931214,15.556677633269732,16.139225006103516,230900,0.0,0.0
2004-02-18 00:00:00-05:00,16.19234315921684,16.730097178240374,15.933425401648023,16.50437355041504,94800,0.07,0.0
2004-02-19 00:00:00-05:00,16.33840274871948,16.597320543997824,15.94006680240852,16.13259506225586,60300,0.0,0.0
2004-02-20 00:00:00-05:00,16.590682789576864,16.590682789576864,15.933428995466876,16.471181869506836,79600,0.0,0.0
2004-02-23 00:00:00-05:00,16.6969072979485,16.789853171229165,16.145876204762576,16.351682662963867,76400,0.0,0.0
2004-02-24 00:00:00-05:00,16.331756740972768,16.39150717088833,15.966615084124928,16.218894958496094,56100,0.0,0.0
2004-02-25 00:00:00-05:00,16.106042919273847,16.444628471529175,16.03965337184187,16.424711227416992,38300,0.0,0.0
2004-02-26 00:00:00-05:00,16.26536984936714,16.26536984936714,15.867034007964426,16.1989803314209,54000,0.0,0.0
2004-02-27 00:00:00-05:00,15.999817695070503,16.09276228744978,15.26953531791519,15.548370361328125,120500,0.0,0.0
2004-03-01 00:00:00-05:00,15.3492008440262,15.601479530334473,14.18738853857576,15.601479530334473,196300,0.0,0.0
2004-03-02 00:00:00-05:00,15.269537372867548,17.174910636990834,15.236343232914901,16.84296417236328,195000,0.0,0.0
2004-03-03 00:00:00-05:00,16.530932329541848,16.90935106558016,16.331764973608582,16.471181869506836,86800,0.0,0.0
2004-03-04 00:00:00-05:00,16.59068192951502,16.92262834971246,16.278652750388463,16.763294219970703,97000,0.0,0.0
2004-03-05 00:00:00-05:00,16.76328943302559,17.254569842674165,16.597316270322366,16.862873077392578,52100,0.0,0.0
2004-03-08 00:00:00-05:00,16.99565800262372,17.075324439209787,16.43134880065918,16.43134880065918,31900,0.0,0.0
2004-03-09 00:00:00-05:00,16.43134552862668,17.08196011837945,16.19898281335071,16.398151397705078,61200,0.0,0.0
2004-03-10 00:00:00-05:00,16.398146268729313,16.610591679239164,16.106033196141006,16.14586639404297,38400,0.0,0.0
2004-03-11 00:00:00-05:00,15.999815431172465,16.019731403135665,15.601479530334473,15.601479530334473,59500,0.0,0.0
2004-03-12 00:00:00-05:00,15.601480464140574,16.026371441785763,15.568286331365167,15.933426856994629,54300,0.0,0.0
2004-03-15 00:00:00-05:00,16.696903452186984,17.22801844512708,16.033010660718116,16.457902908325195,75000,0.0,0.0
2004-03-16 00:00:00-05:00,16.62387149190079,17.141706915094808,16.139228926281852,16.17242431640625,51200,0.0,0.0
2004-03-17 00:00:00-05:00,16.338404202550375,16.86287891994671,16.338404202550375,16.43134880065918,41900,0.0,0.0
2004-03-18 00:00:00-05:00,16.198981798672246,16.544206310242235,15.933424969108739,16.265371322631836,38500,0.0,0.0
2004-03-19 00:00:00-05:00,16.5973200312304,16.603959111195895,16.238817310743812,16.27201271057129,50600,0.0,0.0
2004-03-22 00:00:00-05:00,16.09939923299729,16.27865057990984,15.535090140647553,15.893592834472656,36200,0.0,0.0
2004-03-23 00:00:00-05:00,16.59731923840583,16.76329243078989,16.272011933286073,16.49109649658203,60000,0.0,0.0
2004-03-24 00:00:00-05:00,16.657073138467048,16.76329590228844,16.331765765979625,16.484460830688477,60700,0.0,0.0
2004-03-25 00:00:00-05:00,16.650426519873044,17.154985052750973,16.603954240023374,17.0753173828125,55700,0.0,0.0
2004-03-26 00:00:00-05:00,17.26121316617997,17.725938642548684,17.221379951891954,17.533409118652344,69800,0.0,0.0
2004-03-29 00:00:00-05:00,17.92511030928381,17.945027554375475,17.473662884075566,17.699386596679688,100600,0.0,0.0
2004-03-30 00:00:00-05:00,17.792319222700428,18.3831844329834,17.792319222700428,18.3831844329834,53000,0.0,0.0
2004-03-31 00:00:00-05:00,18.58899919885979,18.854556077017055,18.423025991727112,18.828001022338867,106600,0.0,0.0
2004-04-01 00:00:00-05:00,18.954137856407147,19.631308777832416,18.920943724803436,19.41886329650879,131200,0.0,0.0
2004-04-02 00:00:00-05:00,19.485252481613315,20.580675266749854,19.485252481613315,20.540842056274414,136200,0.0,0.0
2004-04-05 00:00:00-04:00,20.54084197707951,22.73832661833861,20.481091528459253,21.709293365478516,349000,0.0,0.0
2004-04-06 00:00:00-04:00,21.709293367550902,21.709293367550902,20.31511834340338,21.045400619506836,180500,0.0,0.0
2004-04-07 00:00:00-04:00,21.17817885776483,21.277762518824982,20.945816137774514,20.97901153564453,62400,0.0,0.0
2004-04-08 00:00:00-04:00,21.144980386122146,21.709289371337434,21.144980386122146,21.4437313079834,119500,0.0,0.0
2004-04-12 00:00:00-04:00,21.80887460493322,22.00804444483558,20.447895050048828,20.447895050048828,180700,0.0,0.0
2004-04-13 00:00:00-04:00,18.920945668774777,19.31928162031979,17.925106423049787,18.987335205078125,326100,0.0,0.0
2004-04-14 00:00:00-04:00,18.58899509047146,19.37238865760244,18.58899509047146,19.053720474243164,131800,0.0,0.0
2004-04-15 00:00:00-04:00,18.887753117025415,19.545006922345156,18.821363575156965,19.299365997314453,63300,0.0,0.0
2004-04-16 00:00:00-04:00,19.385666815144443,19.730890047312922,18.7748854972351,19.053720474243164,76500,0.0,0.0
2004-04-19 00:00:00-04:00,19.05371598140564,19.45205048354066,17.978209533327394,19.199771881103516,78000,0.0,0.0
2004-04-20 00:00:00-04:00,19.319281091234465,19.73089392574749,18.655388278932765,18.66202735900879,57200,0.0,0.0
2004-04-21 00:00:00-04:00,18.496054662473473,19.106836117169138,18.39646972488091,18.987335205078125,50800,0.0,0.0
2004-04-22 00:00:00-04:00,19.053721779901895,19.518445929244084,19.053721779901895,19.286083221435547,43000,0.0,0.0
2004-04-23 00:00:00-04:00,19.41886473342955,19.48525426782449,18.82136145642519,19.02052879333496,33700,0.0,0.0
2004-04-26 00:00:00-04:00,18.854549381997266,19.651220999855802,18.635464877027363,18.92757797241211,63100,0.0,0.0
2004-04-27 00:00:00-04:00,18.927575809840004,19.578190172532842,18.821353108431968,19.00724220275879,42500,0.0,0.0
2004-04-28 00:00:00-04:00,19.007249794920675,19.35247434552882,18.635470191490743,18.721776962280273,37600,0.0,0.0
2004-04-29 00:00:00-04:00,18.7217841879318,19.086924852513164,18.09772437732728,18.555810928344727,56500,0.0,0.0
2004-04-30 00:00:00-04:00,18.582359319211722,18.688582065904946,16.730099065757994,17.99149513244629,116200,0.0,0.0
2004-05-03 00:00:00-04:00,17.858712302226557,18.429660395081843,17.393988199952858,18.42302131652832,70700,0.0,0.0
2004-05-04 00:00:00-04:00,18.489415686407725,19.452059536268216,17.805605611297445,19.073640823364258,101200,0.0,0.0
2004-05-05 00:00:00-04:00,19.140027847977876,19.910143333301253,18.927582371512795,19.485252380371094,57100,0.0,0.0
2004-05-06 00:00:00-04:00,19.41886473342955,19.41886473342955,18.588998719180424,19.02052879333496,50200,0.0,0.0
2004-05-07 00:00:00-04:00,18.85455513102513,19.352474727440978,18.257051868581115,18.263690948486328,68700,0.0,0.0
2004-05-10 00:00:00-04:00,18.104358425691196,18.177385778536703,17.42718741095932,17.825523376464844,62800,0.0,0.0
2004-05-11 00:00:00-04:00,17.593156329067565,18.29024314880371,17.593156329067565,18.29024314880371,81000,0.0,0.0
2004-05-12 00:00:00-04:00,18.22385859516362,18.92758463674404,17.865355861017413,18.66866683959961,68700,0.0,0.0
2004-05-13 00:00:00-04:00,18.681943101127846,18.681943101127846,18.03132845705201,18.077800750732422,57300,0.0,0.0
2004-05-14 00:00:00-04:00,17.925108083690837,18.057887168598626,17.433827495572334,17.49357795715332,73200,0.0,0.0
2004-05-17 00:00:00-04:00,17.261214305926174,17.30104752284435,16.663710987052987,17.161630630493164,106900,0.0,0.0
2004-05-18 00:00:00-04:00,16.9956553637219,17.161628558160054,16.829682169283746,16.969099044799805,87900,0.0,0.0
2004-05-19 00:00:00-04:00,17.135727894239565,17.662263919394558,16.862462780582806,17.19571304321289,57900,0.1,0.0
2004-05-20 00:00:00-04:00,17.2956871899967,18.262112079970816,17.2956871899967,18.00884246826172,102200,0.0,0.0
2004-05-21 00:00:00-04:00,18.06216034489526,18.875290341511,18.035499719802004,18.048830032348633,97900,0.0,0.0
2004-05-24 00:00:00-04:00,18.21545244100248,18.988592657288297,18.21545244100248,18.522043228149414,84500,0.0,0.0
2004-05-25 00:00:00-04:00,18.655337694503228,20.15496292336601,18.655337694503228,20.021663665771484,122300,0.0,0.0
2004-05-26 00:00:00-04:00,19.908365665409537,20.32826031921111,19.695084489293656,20.26161003112793,144200,0.0,0.0
2004-05-27 00:00:00-04:00,20.428233204592612,21.12805925712254,19.99500827945412,20.034997940063477,105400,0.0,0.0
2004-05-28 00:00:00-04:00,20.201624477077605,20.821469982183572,19.90836524963379,19.90836524963379,63700,0.0,0.0
2004-06-01 00:00:00-04:00,19.921694706027367,20.394910607294293,19.88837019761003,20.26161003112793,81500,0.0,0.0
2004-06-02 00:00:00-04:00,20.648177184834616,20.648177184834616,20.001672407970254,20.028331756591797,82000,0.0,0.0
2004-06-03 00:00:00-04:00,20.194958849805264,20.22161947235872,19.44847921578687,19.695083618164062,76700,0.0,0.0
2004-06-04 00:00:00-04:00,19.828386502576013,20.161636695896618,19.78839683532715,19.78839683532715,44000,0.0,0.0
2004-06-07 00:00:00-04:00,20.454894796253544,22.427736367804524,20.29493487497889,22.321096420288086,261200,0.0,0.0
2004-06-08 00:00:00-04:00,22.327769906957734,23.66077109543282,22.327769906957734,23.367511749267578,299100,0.0,0.0
2004-06-09 00:00:00-04:00,23.594114936071033,24.493889449884218,23.494138860093024,23.854049682617188,187100,0.0,0.0
2004-06-10 00:00:00-04:00,23.99400935453527,24.327259484459372,22.081154320670013,22.661008834838867,207200,0.0,0.0
2004-06-14 00:00:00-04:00,22.7343289930184,23.0609127643899,21.767902906975202,22.047834396362305,135300,0.0,0.0
2004-06-15 00:00:00-04:00,22.067820562051924,23.127555911316005,22.067820562051924,22.461055755615234,150500,0.0,0.0
2004-06-16 00:00:00-04:00,22.467722710094016,22.467722710094016,21.827883083346272,21.941186904907227,142100,0.0,0.0
2004-06-17 00:00:00-04:00,21.89454089713301,21.89454089713301,21.3280164764757,21.581287384033203,153000,0.0,0.0
2004-06-18 00:00:00-04:00,21.581283487081613,21.581283487081613,19.32851144163957,20.474891662597656,303600,0.0,0.0
2004-06-21 00:00:00-04:00,20.261612333394293,20.508218045948578,19.655097058293,20.18163299560547,226700,0.0,0.0
2004-06-22 00:00:00-04:00,20.01500983965725,20.49488972683105,19.921698908159094,20.128314971923828,116400,0.0,0.0
2004-06-23 00:00:00-04:00,20.261606100960613,20.588191050846778,20.10164620333769,20.194955825805664,170000,0.0,0.0
2004-06-24 00:00:00-04:00,19.98834539626446,19.995010552331728,19.261859911163192,19.608440399169922,447300,0.0,0.0
2004-06-25 00:00:00-04:00,19.928366966916425,21.50130746172975,19.928366966916425,20.994768142700195,1674700,0.0,0.0
2004-06-28 00:00:00-04:00,21.06140899658203,21.328008852994788,20.66817373165507,21.06140899658203,424100,0.0,0.0
2004-06-29 00:00:00-04:00,20.894787929634177,22.094489420156627,20.8281376349526,21.92119789123535,385300,0.0,0.0
2004-06-30 00:00:00-04:00,21.987841255266805,22.461055755615234,21.694579559560818,22.461055755615234,243000,0.0,0.0
2004-07-01 00:00:00-04:00,22.794316586277862,22.794316586277862,21.661265278590545,21.827890396118164,172100,0.0,0.0
2004-07-02 00:00:00-04:00,21.761243197224776,21.92120189971254,21.33468072476268,21.467981338500977,91400,0.0,0.0
2004-07-06 00:00:00-04:00,21.63460340158451,21.681258228401138,21.334677698836646,21.654600143432617,179700,0.0,0.0
2004-07-07 00:00:00-04:00,21.82122200961362,22.021171600908797,21.328010644754983,21.7945613861084,166500,0.0,0.0
2004-07-08 00:00:00-04:00,21.69458566035694,21.69458566035694,21.021421432495117,21.021421432495117,218400,0.0,0.0
2004-07-09 00:00:00-04:00,21.32801415970315,21.64793406699901,20.99476393845779,21.54129409790039,162600,0.0,0.0
2004-07-12 00:00:00-04:00,21.54128549538501,22.69433049532559,21.54128549538501,22.494380950927734,194700,0.0,0.0
2004-07-13 00:00:00-04:00,22.5943601519104,22.954268365124737,21.827883825025314,22.00783920288086,174600,0.0,0.0
2004-07-14 00:00:00-04:00,22.007841373854415,22.607690150048498,21.567951254313286,22.261112213134766,129400,0.0,0.0
2004-07-15 00:00:00-04:00,22.394410037993627,22.494386104345065,21.99451085758184,22.127811431884766,218300,0.0,0.0
2004-07-16 00:00:00-04:00,22.12780601219823,22.24110981998157,21.86120492889006,22.15446662902832,132500,0.0,0.0
2004-07-19 00:00:00-04:00,22.327767527772576,22.327767527772576,21.061416787909874,21.694591522216797,174600,0.0,0.0
2004-07-20 00:00:00-04:00,21.861207715964575,22.227782345375456,21.22803324050502,22.094484329223633,142500,0.0,0.0
2004-07-21 00:00:00-04:00,22.261114992439307,22.654350341010755,21.994513808069836,22.4277400970459,150800,0.0,0.0
2004-07-22 00:00:00-04:00,22.434401449242863,22.994261839201563,21.921195879905966,22.60102653503418,231100,0.0,0.0
2004-07-23 00:00:00-04:00,22.56102995483543,24.32725643934832,22.527705454513686,24.06732177734375,363300,0.0,0.0
2004-07-26 00:00:00-04:00,24.067329613746498,25.453649109993265,23.047584825389677,23.160888671875,472500,0.0,0.0
2004-07-27 00:00:00-04:00,22.56102627948013,24.31392216980555,22.521037902606995,23.94734764099121,341000,0.0,0.0
2004-07-28 00:00:00-04:00,24.22728131465194,24.26060835873394,23.600772040356414,24.00733757019043,218600,0.0,0.0
2004-07-29 00:00:00-04:00,24.127311287143005,24.69383552323396,23.88070688887367,24.660511016845703,228900,0.0,0.0
2004-07-30 00:00:00-04:00,24.660512442689697,24.887122658727804,24.233952634264316,24.760488510131836,205300,0.0,0.0
2004-08-02 00:00:00-04:00,24.993762892096207,25.260364046610714,23.994012376412357,24.527212142944336,193900,0.0,0.0
2004-08-03 00:00:00-04:00,24.96044455463399,25.367010271664377,24.720503964747355,24.793819427490234,182900,0.0,0.0
2004-08-04 00:00:00-04:00,24.793804310188964,24.793804310188964,23.527453099018192,24.66716766357422,302200,0.0,0.0
2004-08-05 00:00:00-04:00,25.160387642148887,25.293688217626563,24.6271878827352,24.727161407470703,152200,0.0,0.0
2004-08-06 00:00:00-04:00,24.660508188260657,24.860457746152644,24.307263884568258,24.49388313293457,222100,0.0,0.0
2004-08-09 00:00:00-04:00,24.493891170871862,24.993766500889652,24.493891170871862,24.880462646484375,196800,0.0,0.0
2004-08-10 00:00:00-04:00,24.893795754750943,25.826897587826434,24.887131867620926,25.5269718170166,157100,0.0,0.0
2004-08-11 00:00:00-04:00,25.160378456115723,26.046824798278976,25.02707792930596,25.99350357055664,178100,0.0,0.0
2004-08-12 00:00:00-04:00,26.32677171831255,26.35343235050526,25.060419656635098,25.113740921020508,185400,0.0,0.0
2004-08-13 00:00:00-04:00,25.11373185230972,25.11373185230972,24.160636206820232,24.927112579345703,218900,0.0,0.0
2004-08-16 00:00:00-04:00,25.66026988653536,25.733585350153664,24.827144240868627,25.0270938873291,220100,0.0,0.0
2004-08-17 00:00:00-04:00,24.993755794790015,25.61360114190051,24.96043129556289,25.03374671936035,148300,0.0,0.0
2004-08-18 00:00:00-04:00,25.05379777779433,26.49059707006015,25.05379777779433,26.463865280151367,229900,0.1,0.0
2004-08-19 00:00:00-04:00,26.630937345413457,28.20139571709299,26.263384126265997,27.800426483154297,352900,0.0,0.0
2004-08-20 00:00:00-04:00,27.633354114702772,28.635773285237825,27.265800928696674,28.054370880126953,235600,0.0,0.0
2004-08-23 00:00:00-04:00,28.23481038769627,28.629095415791678,26.597525015120965,27.058639526367188,355300,0.0,0.0
2004-08-24 00:00:00-04:00,27.058645945829596,27.83385028930171,27.058645945829596,27.39946746826172,116300,0.0,0.0
2004-08-25 00:00:00-04:00,27.466286646697757,27.466286646697757,26.12972763616679,26.530696868896484,316700,0.0,0.0
2004-08-26 00:00:00-04:00,26.664362531923675,26.664362531923675,24.225140471619106,24.63279151916504,507700,0.0,0.0
2004-08-27 00:00:00-04:00,24.726338709711943,26.564107127325666,24.726338709711943,26.203235626220703,276500,0.0,0.0
2004-08-30 00:00:00-04:00,26.062904947617746,26.376997181988255,25.227555430065895,25.829008102416992,152600,0.0,0.0
2004-08-31 00:00:00-04:00,25.94260972650685,26.671034476190467,25.555008946012382,26.41708755493164,179600,0.0,0.0
2004-09-01 00:00:00-04:00,26.41041277839176,26.864843156456107,26.1297339922769,26.744552612304688,160000,0.0,0.0
2004-09-02 00:00:00-04:00,26.998494905264987,27.2390734024504,26.74454796184885,26.931665420532227,98200,0.0,0.0
2004-09-03 00:00:00-04:00,27.098727396956576,27.813786104488383,26.697760802759028,27.633350372314453,167700,0.0,0.0
2004-09-07 00:00:00-04:00,28.067750282358524,29.110267639160156,27.733610398044732,29.110267639160156,381200,0.0,0.0
2004-09-08 00:00:00-04:00,29.070155568205553,29.40429528738033,28.575627662142036,28.903085708618164,253800,0.0,0.0
2004-09-09 00:00:00-04:00,29.20382118225098,29.390938668271005,28.802851863127927,29.203821182250977,162800,0.0,0.0
2004-09-10 00:00:00-04:00,29.13699880634282,29.357532368132706,28.736031938542347,28.769445419311523,217700,0.0,0.0
2004-09-13 00:00:00-04:00,28.73602107769246,28.969917903959992,28.555585290592845,28.66250991821289,160100,0.0,0.0
2004-09-14 00:00:00-04:00,29.00334091847256,29.00334091847256,28.401888149706032,28.448667526245117,115200,0.0,0.0
2004-09-15 00:00:00-04:00,28.462022238075036,28.468703910974824,27.867253927924942,28.167980194091797,95600,0.0,0.0
2004-09-16 00:00:00-04:00,28.167986748502425,28.341738326449192,28.07442546114787,28.234813690185547,69900,0.0,0.0
2004-09-17 00:00:00-04:00,28.268216270863437,28.54889492622847,27.54647589145116,27.633350372314453,153600,0.0,0.0
2004-09-20 00:00:00-04:00,26.463876769089758,28.06774916994334,26.463876769089758,27.79375457763672,198500,0.0,0.0
2004-09-21 00:00:00-04:00,27.793749246937455,28.38851769548426,27.793749246937455,28.234813690185547,97600,0.0,0.0
2004-09-22 00:00:00-04:00,28.234833722651274,28.234833722651274,27.2658270850344,27.339338302612305,109300,0.0,0.0
2004-09-23 00:00:00-04:00,25.728760666901977,27.325948258857988,24.893411294599964,27.011856079101562,882300,0.0,0.0
2004-09-24 00:00:00-04:00,26.86483848508364,27.285855316405424,26.49728524154807,26.931665420532227,104600,0.0,0.0
2004-09-27 00:00:00-04:00,26.397037826460675,26.410403721147617,25.394618668493813,26.096311569213867,213900,0.0,0.0
2004-09-28 00:00:00-04:00,25.82900457147985,26.196557799099658,25.394621862021125,26.129728317260742,124700,0.0,0.0
2004-09-29 00:00:00-04:00,26.096323268140505,26.377002083826497,25.902521532224572,26.143102645874023,118800,0.0,0.0
2004-09-30 00:00:00-04:00,26.22997517027489,27.733604320163263,26.22997517027489,27.21234703063965,164700,0.0,0.0
2004-10-01 00:00:00-04:00,27.533118328159684,27.793746948165914,26.965079173696992,27.66677474975586,144200,0.0,0.0
2004-10-04 00:00:00-04:00,27.740285966054966,28.401883913007833,27.740285966054966,28.08111000061035,86700,0.0,0.0
2004-10-05 00:00:00-04:00,28.161309287053356,28.401890413737682,27.39947075207635,27.77370834350586,60500,0.0,0.0
2004-10-06 00:00:00-04:00,27.76702185945716,27.9340917894771,27.165571640956266,27.459613800048828,94600,0.0,0.0
2004-10-07 00:00:00-04:00,27.132148057538362,27.332633957142388,26.44382095336914,26.44382095336914,87500,0.0,0.0
2004-10-08 00:00:00-04:00,26.403726686085477,26.63094185904248,25.96934646230127,26.00275993347168,170700,0.0,0.0
2004-10-11 00:00:00-04:00,26.002758776345004,26.34358024597168,25.996077102122033,26.34358024597168,102400,0.0,0.0
2004-10-12 00:00:00-04:00,26.34358680381137,26.630947303335375,25.982717672398515,26.22998046875,139800,0.0,0.0
2004-10-13 00:00:00-04:00,26.397046899113285,26.490605644794226,25.528283840138634,25.53496551513672,106000,0.0,0.0
2004-10-14 00:00:00-04:00,25.401294120299543,25.755483869551387,25.401294120299543,25.528268814086914,151400,0.0,0.0
2004-10-15 00:00:00-04:00,25.534962045538112,25.601791532861533,25.06048415732106,25.30774688720703,105900,0.0,0.0
2004-10-18 00:00:00-04:00,25.24091232441018,25.461443192748966,23.38977814793131,25.381250381469727,345800,0.0,0.0
2004-10-19 00:00:00-04:00,25.39462117560884,25.42135296762185,24.98028859654316,25.11394500732422,135300,0.0,0.0
2004-10-20 00:00:00-04:00,25.047114442478442,25.38125418031719,24.92682393291378,25.254281997680664,123800,0.0,0.0
2004-10-21 00:00:00-04:00,25.29436926407703,25.394612173950602,25.167397120949193,25.260955810546875,72700,0.0,0.0
2004-10-22 00:00:00-04:00,25.32779114457966,25.528274461568827,23.389779798689087,23.670455932617188,252200,0.0,0.0
2004-10-25 00:00:00-04:00,23.723929025106933,24.712982661647928,23.723929025106933,24.15831184387207,184000,0.0,0.0
2004-10-26 00:00:00-04:00,24.559263089281174,25.260955810546875,24.051371967486723,25.260955810546875,154300,0.0,0.0
2004-10-27 00:00:00-04:00,25.39462934201765,25.561699271899347,24.539232116794516,24.8132266998291,186000,0.0,0.0
2004-10-28 00:00:00-04:00,24.92683141539353,25.461454646560735,24.76644572068569,25.327800750732422,95800,0.0,0.0
2004-10-29 00:00:00-04:00,25.16072300626461,25.33447454637263,24.960237126307238,25.207502365112305,91500,0.0,0.0
2004-11-01 00:00:00-05:00,25.394625145871355,25.996077813776804,25.16072830239946,25.762178421020508,150700,0.0,0.0
2004-11-02 00:00:00-05:00,25.52828715397783,26.270078090004105,25.52828715397783,25.96266746520996,171800,0.0,0.0
2004-11-03 00:00:00-05:00,26.731179659124493,28.234808514950245,26.330212983951203,28.000911712646484,346800,0.0,0.0
2004-11-04 00:00:00-05:00,28.00092599230454,28.802859751614015,27.466300087051223,27.86726951599121,282500,0.0,0.0
2004-11-05 00:00:00-05:00,28.56895081639823,28.90309059202862,28.401880928583036,28.83626365661621,213100,0.0,0.0
2004-11-08 00:00:00-05:00,29.317429882587327,29.938930210866555,28.675881978971592,28.776124954223633,168900,0.0,0.0
2004-11-09 00:00:00-05:00,28.836260280229524,29.805263476671442,28.802844267151766,29.751802444458008,213600,0.0,0.0
2004-11-10 00:00:00-05:00,30.005757268409038,30.807690808011113,30.005757268409038,30.540380477905273,391800,0.0,0.0
2004-11-11 00:00:00-05:00,31.041592957296633,31.97718301925247,30.640623602785748,31.148517608642578,267700,0.0,0.0
2004-11-12 00:00:00-05:00,31.64974141786221,31.790079606964653,30.97477718578414,31.509403228759766,166800,0.0,0.0
2004-11-15 00:00:00-05:00,31.509381551399727,32.612041270552076,31.509381551399727,32.29126739501953,259000,0.0,0.0
2004-11-16 00:00:00-05:00,32.14424210769884,32.2778985141353,31.62298492680895,31.903663635253906,291900,0.0,0.0
2004-11-17 00:00:00-05:00,32.0108068458317,32.24519713540888,31.84338630526288,32.03089904785156,176300,0.1,0.0
2004-11-18 00:00:00-05:00,32.14475506587496,32.14475506587496,30.81208597139589,32.097877502441406,121500,0.0,0.0
2004-11-19 00:00:00-05:00,32.104570310846455,32.104570310846455,30.36339725678614,30.805387496948242,179900,0.0,0.0
2004-11-22 00:00:00-05:00,30.805372468717806,30.812068164780683,30.10220686894564,30.470531463623047,197600,0.0,0.0
2004-11-23 00:00:00-05:00,30.77191378372887,31.622410931557425,30.33661910295554,31.595623016357422,173300,0.0,0.0
2004-11-24 00:00:00-05:00,31.59560075645259,31.870170307220874,31.30763725752069,31.408090591430664,137000,0.0,0.0
2004-11-26 00:00:00-05:00,31.461674091386907,31.64248861862097,31.30764746921757,31.468372344970703,45300,0.0,0.0
2004-11-29 00:00:00-05:00,31.542042412981814,31.7563405928816,31.30765457704012,31.69607162475586,145400,0.0,0.0
2004-11-30 00:00:00-05:00,31.52865604007541,32.09788519221779,31.37462680373756,31.74295425415039,123200,0.0,0.0
2004-12-01 00:00:00-05:00,31.809910534338275,34.14710297974289,31.789820882010424,33.40375518798828,355600,0.0,0.0
2004-12-02 00:00:00-05:00,33.75199457114368,34.32122359922783,33.08231215945143,33.31669998168945,288000,0.0,0.0
2004-12-03 00:00:00-05:00,33.65154978914263,34.301142712008705,33.4841291434255,34.09354019165039,282300,0.0,0.0
2004-12-06 00:00:00-05:00,34.48863916861058,34.82348032558738,34.25425138058094,34.28773498535156,223400,0.0,0.0
2004-12-07 00:00:00-05:00,34.38818960935858,34.48864298943446,31.649188539662727,32.68050003051758,339100,0.0,0.0
2004-12-08 00:00:00-05:00,32.680500956246284,33.06891797859764,32.54656396389632,33.02873611450195,179600,0.0,0.0
2004-12-09 00:00:00-05:00,32.8613181414445,33.00195084507576,31.80991688253984,32.84122848510742,166000,0.0,0.0
2004-12-10 00:00:00-05:00,32.81444132505841,33.19616013201985,32.492994043124355,33.11579895019531,100400,0.0,0.0
2004-12-13 00:00:00-05:00,33.41715049091127,34.30782669343963,33.35018072272107,34.16049575805664,109400,0.0,0.0
2004-12-14 00:00:00-05:00,34.16049304636879,34.16049304636879,33.77877433920985,34.086830139160156,149900,0.0,0.0
2004-12-15 00:00:00-05:00,34.019877152564966,34.14711848745484,33.55109879981789,33.972999572753906,83600,0.0,0.0
2004-12-16 00:00:00-05:00,34.12032513400946,34.15380874930705,33.22964615020417,33.350189208984375,248700,0.0,0.0
2004-12-17 00:00:00-05:00,33.81894005710284,35.158304019760386,33.70509534650129,34.535499572753906,271400,0.0,0.0
2004-12-20 00:00:00-05:00,34.76989885348591,34.776597106130694,34.01985549926758,34.01985549926758,100200,0.0,0.0
2004-12-21 00:00:00-05:00,34.15381418972649,34.15381418972649,33.6180685957169,33.972999572753906,96300,0.0,0.0
2004-12-22 00:00:00-05:00,33.805559641336394,34.10021891138792,33.68501663208008,33.68501663208008,74400,0.0,0.0
2004-12-23 00:00:00-05:00,33.618052017582535,34.086830139160156,33.551082254708454,34.086830139160156,101700,0.0,0.0
2004-12-27 00:00:00-05:00,33.698408581176544,34.32121324044716,33.48411047848503,33.71849822998047,113900,0.0,0.0
2004-12-28 00:00:00-05:00,33.88593044156808,34.77660931297807,33.58457538728184,34.455162048339844,129400,0.0,0.0
2004-12-29 00:00:00-05:00,34.28773431851193,34.28773431851193,33.68501922582138,34.086830139160156,164900,0.0,0.0
2004-12-30 00:00:00-05:00,34.46186828613281,34.562321704701134,34.15381488265692,34.46186828613281,183000,0.0,0.0
2004-12-31 00:00:00-05:00,34.32122090475137,34.32122090475137,33.825654834965114,33.95289611816406,116000,0.0,0.0
2005-01-03 00:00:00-05:00,34.254266890995204,34.522138405088334,33.222955047413706,33.484130859375,182300,0.0,0.0
2005-01-04 00:00:00-05:00,33.65154021728735,33.91941419609511,32.479596030615646,32.61353302001953,286600,0.0,0.0
2005-01-05 00:00:00-05:00,32.01081473995686,32.01081473995686,29.399055195783102,31.280860900878906,812500,0.0,0.0
2005-01-06 00:00:00-05:00,31.40810294611462,32.47289797494341,31.00629200705286,32.144752502441406,298100,0.0,0.0
2005-01-07 00:00:00-05:00,32.37914238671683,32.89479813121725,32.32556912417209,32.82113265991211,393200,0.0,0.0
2005-01-10 00:00:00-05:00,32.82112433854457,33.25641880154687,32.35234883024662,32.62022018432617,224000,0.0,0.0
2005-01-11 00:00:00-05:00,32.31216697754897,32.86800444400929,31.94384226904275,32.62022018432617,200600,0.0,0.0
2005-01-12 00:00:00-05:00,32.51307843010487,32.94167473654878,32.432717261305505,32.92158508300781,192100,0.0,0.0
2005-01-13 00:00:00-05:00,32.75416223078277,32.881400952154,32.479592581250394,32.6671028137207,146400,0.0,0.0
2005-01-14 00:00:00-05:00,32.687198921886164,33.11579524990782,32.61353344901327,32.881404876708984,109000,0.0,0.0
2005-01-18 00:00:00-05:00,32.81443177810823,33.35687534553745,32.47959063751529,33.14927291870117,92200,0.0,0.0
2005-01-19 00:00:00-05:00,33.15598347395339,33.310012715722266,32.53318102365055,32.713993072509766,175500,0.0,0.0
2005-01-20 00:00:00-05:00,32.54656587924543,32.99525444682758,31.856793776808455,32.78095626831055,168700,0.0,0.0
2005-01-21 00:00:00-05:00,32.78095361811549,32.91489060751937,32.34565904121176,32.61353302001953,256700,0.0,0.0
2005-01-24 00:00:00-05:00,32.44609778182413,32.44609778182413,31.56881332397461,31.56881332397461,307000,0.0,0.0
2005-01-25 00:00:00-05:00,31.401402307923505,32.225111221702065,31.140226622412644,31.816604614257812,236700,0.0,0.0
2005-01-26 00:00:00-05:00,31.823300993816066,32.077780965451396,31.675970080558496,32.01750946044922,92400,0.0,0.0
2005-01-27 00:00:00-05:00,32.04429513316892,32.32556301090225,31.83669526744453,32.21171569824219,129700,0.0,0.0
2005-01-28 00:00:00-05:00,32.37914428774118,32.61353466971306,31.87688246804735,32.218421936035156,116300,0.0,0.0
2005-01-31 00:00:00-05:00,32.74747937134345,32.98186725383086,32.42602948302311,32.78765869140625,108000,0.0,0.0
2005-02-01 00:00:00-05:00,32.981844037810475,33.149264565921186,32.76754596619952,32.948360443115234,133600,0.0,0.0
2005-02-02 00:00:00-05:00,32.961772287266655,33.11579895019531,32.707292231080395,33.11579895019531,103200,0.0,0.0
2005-02-03 00:00:00-05:00,33.115791121382564,33.249728095850394,33.01533775187286,33.18275833129883,103200,0.0,0.0
2005-02-04 00:00:00-05:00,33.450635872339184,34.267646650520774,33.44393761784708,34.1471061706543,171500,0.0,0.0
2005-02-07 00:00:00-05:00,34.488642150280526,35.493165708055685,33.87253559440347,34.15380096435547,174900,0.0,0.0
2005-02-08 00:00:00-05:00,34.287732728076385,34.48863689810922,33.1760602622839,33.89262008666992,125700,0.0,0.0
2005-02-09 00:00:00-05:00,33.80556686399188,34.04665293401324,33.323394723949164,33.417152404785156,71000,0.0,0.0
2005-02-10 00:00:00-05:00,33.35018138945173,33.35018138945173,32.841223914208456,32.92158508300781,109100,0.0,0.0
2005-02-11 00:00:00-05:00,32.955059377690574,33.484108911606306,32.6804897868008,33.24302291870117,91600,0.0,0.0
2005-02-14 00:00:00-05:00,33.28321921430197,33.484123444039035,32.85462284296002,33.109100341796875,64900,0.0,0.0
2005-02-15 00:00:00-05:00,33.0086348926497,33.0086348926497,31.84338678856588,32.53316116333008,315300,0.0,0.0
2005-02-16 00:00:00-05:00,32.21105347417089,32.71435118470481,32.10368339831983,32.405662536621094,179100,0.1,0.0
2005-02-17 00:00:00-05:00,32.29829778379767,32.680803902051274,31.84868375713689,32.13724136352539,147500,0.0,0.0
2005-02-18 00:00:00-05:00,32.20434922152142,32.49961633833596,30.969591867716588,31.59368133544922,158000,0.0,0.0
2005-02-22 00:00:00-05:00,30.264978899992443,31.479605401655036,30.264978899992443,30.895780563354492,266200,0.0,0.0
2005-02-23 00:00:00-05:00,30.9695823254177,31.278270928780024,30.030092377901575,30.278385162353516,241100,0.0,0.0
2005-02-24 00:00:00-05:00,30.16431242913174,31.050116267290175,29.42614085739655,30.96287727355957,201900,0.0,0.0
2005-02-25 00:00:00-05:00,31.070257143428073,31.795007362848867,30.97630860977846,31.73461151123047,116100,0.0,0.0
2005-02-28 00:00:00-05:00,30.969585640241025,31.472883331729854,30.868925077981483,31.211166381835938,105800,0.0,0.0
2005-03-01 00:00:00-05:00,26.84255115016923,27.62098503112793,24.326061979840865,27.62098503112793,4022800,0.0,0.0
2005-03-02 00:00:00-05:00,28.184672842878694,28.332307662653733,26.842545564646375,27.325712203979492,1183500,0.0,0.0
2005-03-03 00:00:00-05:00,27.332426314314585,27.45992750564063,26.862681175889865,27.399534225463867,335500,0.0,0.0
2005-03-04 00:00:00-05:00,27.48005441915759,27.782033545503054,26.85596507801177,27.211627960205078,247400,0.0,0.0
2005-03-07 00:00:00-05:00,26.849253008590523,27.47334234973634,26.849253008590523,27.211627960205078,258100,0.0,0.0
2005-03-08 00:00:00-05:00,27.151234975652272,27.27873870895187,26.493592898307252,26.64122772216797,302800,0.0,0.0
2005-03-09 00:00:00-05:00,26.540567149552988,26.688201973413705,25.802398150058803,26.64122772216797,240400,0.0,0.0
2005-03-10 00:00:00-05:00,26.62110057122242,26.75531384750889,26.231884885887517,26.507020950317383,351400,0.0,0.0
2005-03-11 00:00:00-05:00,26.674780783159967,26.909652042823378,26.352670529948114,26.446619033813477,125500,0.0,0.0
2005-03-14 00:00:00-05:00,26.473455332962935,26.574113321054643,26.07081570088388,26.265424728393555,212300,0.0,0.0
2005-03-15 00:00:00-05:00,26.211740947830883,26.399637906627643,25.829234961763728,25.92318344116211,297700,0.0,0.0
2005-03-16 00:00:00-05:00,25.500426470695864,25.943328512264365,25.500426470695864,25.882932662963867,202400,0.0,0.0
2005-03-17 00:00:00-05:00,25.903049089632383,25.976866481406024,25.768838442666496,25.842653274536133,327400,0.0,0.0
2005-03-18 00:00:00-05:00,25.849368382131477,25.95002637919101,25.587654005910668,25.936607360839844,273600,0.0,0.0
2005-03-21 00:00:00-05:00,25.896350000092053,26.070825447286598,25.63463554934772,25.8695068359375,179400,0.0,0.0
2005-03-22 00:00:00-05:00,25.735293575069758,26.439912554649148,25.735293575069758,25.8695068359375,229700,0.0,0.0
2005-03-23 00:00:00-05:00,25.97015697301933,25.97015697301933,25.80239110440797,25.842653274536133,147100,0.0,0.0
2005-03-24 00:00:00-05:00,25.88963569519718,26.11779486854911,25.835949376828804,25.8493709564209,141400,0.0,0.0
2005-03-28 00:00:00-05:00,25.815822637951573,26.07753708434091,25.768848381415282,25.8560848236084,141600,0.0,0.0
2005-03-29 00:00:00-05:00,25.856081033899123,26.305695000438984,25.567523466095604,25.768844604492188,213100,0.0,0.0
2005-03-30 00:00:00-05:00,25.936620370313484,26.198334877806907,25.708458545336164,25.876224517822266,120300,0.0,0.0
2005-03-31 00:00:00-05:00,25.936611538070604,26.16477328535158,25.802398293804494,25.997007369995117,123600,0.0,0.0
2005-04-01 00:00:00-05:00,25.835941083300103,26.003706934490364,25.366196187986628,25.63462257385254,187400,0.0,0.0
2005-04-04 00:00:00-04:00,25.533975742440628,25.567528418704576,24.97028207752894,25.231996536254883,263200,0.0,0.0
2005-04-05 00:00:00-04:00,25.097793191431265,25.601091162704037,24.97028940036908,25.53398323059082,219300,0.0,0.0
2005-04-06 00:00:00-04:00,25.26555181451145,25.688320143970635,25.1380480606289,25.144760131835938,126700,0.0,0.0
2005-04-07 00:00:00-04:00,25.14476110206762,25.460159343530155,24.98370466565073,25.164892196655273,201300,0.0,0.0
2005-04-08 00:00:00-04:00,25.299105658580828,25.319236753320915,24.735411966711307,25.1112060546875,303700,0.0,0.0
2005-04-11 00:00:00-04:00,25.164884629858527,25.17159413940187,24.822643325250407,24.862905502319336,224300,0.0,0.0
2005-04-12 00:00:00-04:00,24.762252400610276,24.762252400610276,23.896579583634814,24.285795211791992,419000,0.0,0.0
2005-04-13 00:00:00-04:00,24.205267528058265,24.6951437233643,23.95697467507408,24.124740600585938,456000,0.0,0.0
2005-04-14 00:00:00-04:00,24.138163453174197,24.14487296418992,23.856315352318788,23.95697593688965,220700,0.0,0.0
2005-04-15 00:00:00-04:00,23.956974949656942,23.956974949656942,22.983932058554668,23.265777587890625,314400,0.0,0.0
2005-04-18 00:00:00-04:00,22.796038588624544,23.73552639260591,22.742352254731454,23.319467544555664,510200,0.0,0.0
2005-04-19 00:00:00-04:00,23.6214435574609,23.6214435574609,23.285911696019426,23.48723030090332,322600,0.0,0.0
2005-04-20 00:00:00-04:00,23.420128898713557,23.48052474634552,23.01748906119867,23.14499282836914,318400,0.0,0.0
2005-04-21 00:00:00-04:00,23.312753860931046,23.822761142122584,23.312753860931046,23.55433464050293,137300,0.0,0.0
2005-04-22 00:00:00-04:00,23.56104109717803,23.654989582388655,23.017478712868257,23.118139266967773,165100,0.0,0.0
2005-04-25 00:00:00-04:00,23.151698439461846,23.581178812522143,23.151698439461846,23.48723030090332,107900,0.0,0.0
2005-04-26 00:00:00-04:00,23.500651378617896,23.889866998393366,23.42012445037209,23.520782470703125,143100,0.0,0.0
2005-04-27 00:00:00-04:00,23.38656796970257,23.883156213860136,23.17182779923031,23.688547134399414,226300,0.0,0.0
2005-04-28 00:00:00-04:00,23.769069667903054,23.77578173693693,23.26577200634199,23.426828384399414,132700,0.0,0.0
2005-04-29 00:00:00-04:00,23.45367813384535,24.04421493952406,23.38657022416311,23.95697593688965,195700,0.0,0.0
2005-05-02 00:00:00-04:00,23.956978622053764,24.124744575205533,23.65499939439952,24.03079605102539,129800,0.0,0.0
2005-05-03 00:00:00-04:00,23.923422001952684,24.352902361678257,23.86302616637222,24.124740600585938,207000,0.0,0.0
2005-05-04 00:00:00-04:00,24.091191640357074,25.325949144819212,24.091191640357074,25.13134002685547,442100,0.0,0.0
2005-05-05 00:00:00-04:00,27.849148457998687,29.439568990513315,27.278745236435537,28.929561614990234,1301500,0.0,0.0
2005-05-06 00:00:00-04:00,28.520212721550603,30.39919093004816,28.493369554023623,29.19127655029297,481800,0.0,0.0
2005-05-09 00:00:00-04:00,29.526812642977383,30.821966220518622,29.493259958773326,30.365642547607422,455800,0.0,0.0
2005-05-10 00:00:00-04:00,30.298518517790303,30.493124990274463,29.741534575417763,29.869035720825195,216100,0.0,0.0
2005-05-11 00:00:00-04:00,29.795214154906997,29.99653265056781,29.459682475504458,29.546918869018555,156900,0.0,0.0
2005-05-12 00:00:00-04:00,29.56035134528688,30.157597545304164,29.50666758793367,29.795225143432617,184600,0.0,0.0
2005-05-13 00:00:00-04:00,29.6945666110223,30.19786435019217,29.338903694511757,29.533510208129883,124200,0.0,0.0
2005-05-16 00:00:00-04:00,29.426144205723016,29.728123403071372,29.191272918843758,29.640884399414062,144600,0.0,0.0
2005-05-17 00:00:00-04:00,29.573783791731298,29.714706586459275,29.11075065480846,29.620758056640625,119800,0.0,0.0
2005-05-18 00:00:00-04:00,29.7890573644729,31.263362329877438,29.7890573644729,31.08159828186035,222800,0.14,0.0
2005-05-19 00:00:00-04:00,30.940210905180088,30.940210905180088,30.320869348466168,30.54975700378418,161200,0.0,0.0
2005-05-20 00:00:00-04:00,30.630558204650878,30.630558204650878,30.112194603790705,30.29395866394043,95000,0.0,0.0
2005-05-23 00:00:00-04:00,30.46223641361239,30.48916497373515,30.2939367649184,30.33432960510254,132700,0.0,0.0
2005-05-24 00:00:00-04:00,30.26028673048987,30.374729294419364,30.051594176910072,30.145841598510742,118300,0.0,0.0
2005-05-25 00:00:00-04:00,30.09872477325523,30.199705644099524,29.58709469550137,29.72173500061035,158400,0.0,0.0
2005-05-26 00:00:00-04:00,29.789046132481108,30.058326672762906,29.762117564843017,29.977540969848633,119300,0.0,0.0
2005-05-27 00:00:00-04:00,29.957360383692137,30.56324060968376,29.789060606255664,30.32088851928711,123000,0.0,0.0
2005-05-31 00:00:00-04:00,30.442044179585224,30.839231491088867,30.361258491515642,30.839231491088867,319600,0.0,0.0
2005-06-01 00:00:00-04:00,30.798856685128918,31.18257994002418,30.65075207164282,31.034475326538086,153500,0.0,0.0
2005-06-02 00:00:00-04:00,30.967144504003336,30.967144504003336,30.42858598276102,30.596885681152344,80900,0.0,0.0
2005-06-03 00:00:00-04:00,30.59689658857149,30.59689658857149,29.640952625540663,29.75539779663086,165700,0.0,0.0
2005-06-06 00:00:00-04:00,29.661145665119502,30.341075451837185,29.661145665119502,30.139116287231445,129900,0.0,0.0
2005-06-07 00:00:00-04:00,30.139117749343395,30.293953201987527,29.553435373159033,29.62075424194336,113800,0.0,0.0
2005-06-08 00:00:00-04:00,29.95735397814079,30.02467284750078,29.486114188470097,29.49957847595215,80400,0.0,0.0
2005-06-09 00:00:00-04:00,29.62074704886755,30.1929649987281,29.45917820775008,30.159305572509766,113800,0.0,0.0
2005-06-10 00:00:00-04:00,30.327621691504635,30.415138301494874,29.21684461660961,29.432268142700195,140100,0.0,0.0
2005-06-13 00:00:00-04:00,29.506295641693963,30.35452474117019,29.391850545196654,30.33432960510254,131400,0.0,0.0
2005-06-14 00:00:00-04:00,30.260295071810184,30.59689456633966,29.97755016101924,30.54303741455078,70600,0.0,0.0
2005-06-15 00:00:00-04:00,30.664217094598264,30.664217094598264,29.997751454064996,30.53631019592285,80900,0.0,0.0
2005-06-16 00:00:00-04:00,30.630534280313025,31.202752025363132,30.630534280313025,31.135433197021484,95500,0.0,0.0
2005-06-17 00:00:00-04:00,31.303755047197402,31.707673439941036,31.09506242238457,31.49898338317871,170200,0.0,0.0
2005-06-20 00:00:00-04:00,31.404734983411846,31.404734983411846,30.96715459774527,31.14218521118164,102700,0.0,0.0
2005-06-21 00:00:00-04:00,31.175846413933918,31.263360434374636,30.946958652684412,31.162382125854492,59600,0.0,0.0
2005-06-22 00:00:00-04:00,31.33068658230227,31.83558590491674,31.209510539430735,31.781728744506836,102700,0.0,0.0
2005-06-23 00:00:00-04:00,31.74805297026915,31.74805297026915,31.263349048142324,31.270082473754883,92300,0.0,0.0
2005-06-24 00:00:00-04:00,31.236413495949147,31.236413495949147,30.435305584342228,30.83249282836914,290500,0.0,0.0
2005-06-27 00:00:00-04:00,30.697875008923774,30.76519645334212,30.125656855645683,30.314151763916016,138000,0.0,0.0
2005-06-28 00:00:00-04:00,30.381452434025444,31.303733763487443,30.381452434025444,30.967134475708008,88400,0.0,0.0
2005-06-29 00:00:00-04:00,30.933493972933114,31.10179371971942,30.677677638763836,30.987348556518555,104200,0.0,0.0
2005-06-30 00:00:00-04:00,31.10179138183594,31.633619158035906,31.068131948618884,31.101791381835938,82500,0.0,0.0
2005-07-01 00:00:00-04:00,31.27008730022776,31.337406158447266,30.967147302140337,31.337406158447266,84700,0.0,0.0
2005-07-05 00:00:00-04:00,31.26335513716497,31.90289458829821,31.155643418830422,31.80864715576172,92600,0.0,0.0
2005-07-06 00:00:00-04:00,31.808644013054995,31.808644013054995,31.30374490173666,31.65380859375,135300,0.0,0.0
2005-07-07 00:00:00-04:00,31.64707145049381,32.515498436295175,31.64707145049381,32.30680847167969,161000,0.0,0.0
2005-07-08 00:00:00-04:00,32.252960057651876,33.25602757538262,32.185641193074005,32.79825210571289,190300,0.0,0.0
2005-07-11 00:00:00-04:00,32.899220261906564,33.78111149712782,32.67033259762277,32.85209655761719,148300,0.0,0.0
2005-07-12 00:00:00-04:00,32.751137111617936,32.751137111617936,32.21257577932495,32.31355667114258,107800,0.0,0.0
2005-07-13 00:00:00-04:00,32.34720101386009,32.4481818585434,31.896159061853638,31.95674705505371,67300,0.0,0.0
2005-07-14 00:00:00-04:00,32.0779345497084,32.199110579581564,31.606694718873925,31.64035415649414,114800,0.0,0.0
2005-07-15 00:00:00-04:00,31.640353700682066,31.808653454409097,31.53937282122567,31.674013137817383,58700,0.0,0.0
2005-07-18 00:00:00-04:00,31.606683241528046,31.67400209232296,31.357600411927397,31.40472412109375,87500,0.0,0.0
2005-07-19 00:00:00-04:00,31.51917927158096,32.28662577662214,31.451860393895114,32.111595153808594,62100,0.0,0.0
2005-07-20 00:00:00-04:00,32.27989314301927,32.95309215510289,32.091395673361575,32.75113296508789,124300,0.0,0.0
2005-07-21 00:00:00-04:00,32.81844947363054,33.28295583398999,32.683809167308155,32.7847900390625,95200,0.0,0.0
2005-07-22 00:00:00-04:00,32.61648386824066,33.28968269908959,32.43471987574548,33.27621841430664,71500,0.0,0.0
2005-07-25 00:00:00-04:00,33.20891887194166,33.32336150707916,31.882715582105753,32.08467483520508,75000,0.0,0.0
2005-07-26 00:00:00-04:00,32.178898288836095,32.85209700855254,32.13850800920467,32.48183822631836,54900,0.0,0.0
2005-07-27 00:00:00-04:00,32.48185059057758,33.00021411024092,31.828846762110082,32.99348068237305,56700,0.0,0.0
2005-07-28 00:00:00-04:00,33.074265013277184,33.49837850125155,32.811717834612054,33.06753158569336,94500,0.0,0.0
2005-07-29 00:00:00-04:00,33.06753563407355,33.094464211605285,32.20584169746201,32.91943359375,91700,0.0,0.0
2005-08-01 00:00:00-04:00,32.75111066873415,32.885748325051686,31.970200449068493,32.03078842163086,131000,0.0,0.0
2005-08-02 00:00:00-04:00,31.761523439493477,31.889430302500152,31.438388284489825,31.80864715576172,170400,0.0,0.0
2005-08-03 00:00:00-04:00,27.271289338257354,29.270691115119902,26.645216654321395,27.27802276611328,2228900,0.0,0.0
2005-08-04 00:00:00-04:00,27.702134172740845,27.87043388808423,27.02893531136731,27.53383445739746,602600,0.0,0.0
2005-08-05 00:00:00-04:00,27.49343545859598,27.55402344530494,26.665401352273033,26.894289016723633,269500,0.0,0.0
2005-08-08 00:00:00-04:00,26.79331429155853,27.07605915001408,26.456714859332795,26.779850006103516,312200,0.0,0.0
2005-08-09 00:00:00-04:00,26.69233899733567,27.069328760171082,26.598088988576663,27.035669326782227,161100,0.0,0.0
2005-08-10 00:00:00-04:00,27.12990475059578,27.385720953530353,26.598077207248572,26.833698272705078,139500,0.0,0.0
2005-08-11 00:00:00-04:00,26.995278367190352,27.39246587247352,26.954888071499063,27.352075576782227,216700,0.0,0.0
2005-08-12 00:00:00-04:00,28.610949145765098,28.846567699745663,27.83676949460101,28.34840202331543,386900,0.0,0.0
2005-08-15 00:00:00-04:00,28.644607509535874,29.297611146410468,28.543629233597752,29.189899444580078,265600,0.0,0.0
2005-08-16 00:00:00-04:00,29.263969518814157,29.263969518814157,28.644624930580225,28.94756507873535,251500,0.0,0.0
2005-08-17 00:00:00-04:00,28.825975418090817,29.190690811845162,28.630109457396312,28.82597541809082,157200,0.14,0.0
2005-08-18 00:00:00-04:00,28.717919428741183,28.717919428741183,28.34645109370522,28.542314529418945,103100,0.0,0.0
2005-08-19 00:00:00-04:00,28.60985272039497,29.38655868525886,28.50854201450746,29.25823402404785,208100,0.0,0.0
2005-08-22 00:00:00-04:00,29.33927955360987,29.616192549016024,28.83273120276167,29.24472427368164,178100,0.0,0.0
2005-08-23 00:00:00-04:00,29.34603862307866,29.656721031881503,29.31226924411113,29.3933162689209,163200,0.0,0.0
2005-08-24 00:00:00-04:00,29.346035726033318,29.852584089855167,29.292002663868647,29.548654556274414,180500,0.0,0.0
2005-08-25 00:00:00-04:00,29.589188482484147,29.636466138246398,27.12398465401705,27.286081314086914,893900,0.0,0.0
2005-08-26 00:00:00-04:00,27.623768032387417,27.623768032387417,26.009565302548044,26.340511322021484,579900,0.0,0.0
2005-08-29 00:00:00-04:00,26.171671388882363,26.583664563621426,25.752925368063107,26.421567916870117,300800,0.0,0.0
2005-08-30 00:00:00-04:00,26.44183391208754,26.516125531198465,25.96229935256672,26.245967864990234,265900,0.0,0.0
2005-08-31 00:00:00-04:00,26.17842466092282,26.718745107926434,26.00282231915383,26.610681533813477,313000,0.0,0.0
2005-09-01 00:00:00-04:00,26.678222453217494,27.117232207706817,26.617436526848802,27.00916862487793,251900,0.0,0.0
2005-09-02 00:00:00-04:00,27.022669081739828,27.117226952775304,26.313501795824305,26.401304244995117,155400,0.0,0.0
2005-09-06 00:00:00-04:00,26.81330100174755,27.752103805541992,26.81330100174755,27.752103805541992,242800,0.0,0.0
2005-09-07 00:00:00-04:00,27.860149071959874,28.3194196142914,27.157734998224928,27.725069046020508,181000,0.0,0.0
2005-09-08 00:00:00-04:00,27.691300732891694,27.691300732891694,27.15098318509834,27.421140670776367,123000,0.0,0.0
2005-09-09 00:00:00-04:00,27.758849453391115,28.36670852376129,27.738588343191516,28.33293914794922,277600,0.0,0.0
2005-09-12 00:00:00-04:00,28.359957623687027,28.495035136196957,28.21136926820002,28.41398811340332,213800,0.0,0.0
2005-09-13 00:00:00-04:00,28.38696367225089,28.434241303746386,28.170836620717857,28.278900146484375,130300,0.0,0.0
2005-09-14 00:00:00-04:00,28.32618682673401,28.366711628006165,27.995243300546168,28.02901268005371,154400,0.0,0.0
2005-09-15 00:00:00-04:00,28.164089857089188,28.468019394050955,28.06953457368736,28.184350967407227,163000,0.0,0.0
2005-09-16 00:00:00-04:00,28.40723973817458,28.636875152587894,28.23163482197915,28.63687515258789,186100,0.0,0.0
2005-09-19 00:00:00-04:00,28.636877653013194,28.77195519857158,27.556239253472885,27.846660614013672,169400,0.0,0.0
2005-09-20 00:00:00-04:00,27.84665104922841,27.981731124828435,27.015912062479735,27.252300262451172,209900,0.0,0.0
2005-09-21 00:00:00-04:00,27.35362008619327,27.48194478377095,27.198278849197447,27.286081314086914,215400,0.0,0.0
2005-09-22 00:00:00-04:00,27.28607416728113,27.644034203277645,27.076699906288606,27.454923629760742,134000,0.0,0.0
2005-09-23 00:00:00-04:00,27.454916568691342,27.454916568691342,26.92810462926648,26.98213768005371,183200,0.0,0.0
2005-09-26 00:00:00-04:00,27.15100096714436,27.184770352916086,26.7187466458127,26.867332458496094,204300,0.0,0.0
2005-09-27 00:00:00-04:00,26.90109384561992,26.982140854899473,26.475592538135796,26.54988670349121,228600,0.0,0.0
2005-09-28 00:00:00-04:00,26.509373769877868,26.576912545085346,25.928531027912705,26.252721786499023,190800,0.0,0.0
2005-09-29 00:00:00-04:00,26.117635709706498,26.36077936736472,25.92177227564941,26.13789939880371,235500,0.0,0.0
2005-09-30 00:00:00-04:00,26.205438158624975,26.23920753853561,25.948786233714795,26.13789939880371,267600,0.0,0.0
2005-10-03 00:00:00-04:00,26.239205045234513,26.333762907013163,26.083863851255593,26.27972984313965,205300,0.0,0.0
2005-10-04 00:00:00-04:00,26.610685994631645,27.06995690571019,26.509375249725775,26.63094711303711,266600,0.0,0.0
2005-10-05 00:00:00-04:00,26.630943485071864,26.664712869960287,26.06360905905403,26.299997329711914,268500,0.0,0.0
2005-10-06 00:00:00-04:00,26.374293014536303,26.691730918613125,26.17167411730306,26.495864868164062,237800,0.0,0.0
2005-10-07 00:00:00-04:00,26.495862670507936,26.61068166782804,26.009575296331217,26.01633071899414,172600,0.0,0.0
2005-10-10 00:00:00-04:00,26.65795185748022,26.65795185748022,25.057257224429634,25.327417373657227,281900,0.0,0.0
2005-10-11 00:00:00-04:00,25.226107363503278,25.530036895587045,24.814116860498835,24.955949783325195,190000,0.0,0.0
2005-10-12 00:00:00-04:00,24.787106235395385,25.138313492100902,24.145477642884128,24.98972511291504,185700,0.0,0.0
2005-10-13 00:00:00-04:00,25.15856626511743,25.212599321974345,24.577723786095383,24.96945571899414,190500,0.0,0.0
2005-10-14 00:00:00-04:00,24.98972131660959,25.178831896707422,24.841132959996482,25.091032028198242,153700,0.0,0.0
2005-10-17 00:00:00-04:00,25.091023507936583,25.091023507936583,24.65876685152147,25.0167293548584,164800,0.0,0.0
2005-10-18 00:00:00-04:00,24.915424986901293,25.361187441811417,24.915424986901293,24.955949783325195,284200,0.0,0.0
2005-10-19 00:00:00-04:00,24.854640743507858,25.49626922607422,24.604744256602057,25.49626922607422,199300,0.0,0.0
2005-10-20 00:00:00-04:00,25.59757489024948,25.59757489024948,24.746572311212358,25.205842971801758,196300,0.0,0.0
2005-10-21 00:00:00-04:00,25.21261132785003,26.18518362645754,25.21261132785003,25.66512680053711,245500,0.0,0.0
2005-10-24 00:00:00-04:00,25.158566116912567,26.036582674161526,25.158566116912567,25.90150260925293,106200,0.0,0.0
2005-10-25 00:00:00-04:00,27.18476715216187,28.18435579665878,27.150997770366175,27.927703857421875,799400,0.0,0.0
2005-10-26 00:00:00-04:00,27.974978625479487,28.569329474325738,27.772359779138704,28.285663604736328,534900,0.0,0.0
2005-10-27 00:00:00-04:00,27.644036085502997,28.373464473332273,27.63728066373838,28.02901268005371,2791000,0.0,0.0
2005-10-28 00:00:00-04:00,27.89393003661909,28.238384374859688,27.887177191910062,28.00874900817871,384200,0.0,0.0
2005-10-31 00:00:00-05:00,28.43424854952566,28.771947475655125,28.130321577159812,28.292415618896484,332300,0.0,0.0
2005-11-01 00:00:00-05:00,26.961877170251107,26.961877170251107,26.104124287796694,26.54988670349121,796500,0.0,0.0
2005-11-02 00:00:00-05:00,26.408051216704525,26.738997250622834,26.245957198145412,26.54988670349121,427500,0.0,0.0
2005-11-03 00:00:00-05:00,26.07036636639626,26.36754318771817,24.719570128211185,25.003238677978516,1187100,0.0,0.0
2005-11-04 00:00:00-05:00,24.07793887585718,25.327424100927406,23.760501002665137,24.98972511291504,510300,0.0,0.0
2005-11-07 00:00:00-05:00,24.969468456008503,25.30041208053977,24.746585847437455,25.273395538330078,295200,0.0,0.0
2005-11-08 00:00:00-05:00,24.98972574221644,25.212608316607948,24.753337475230484,25.030250549316406,256000,0.0,0.0
2005-11-09 00:00:00-05:00,24.989720510811566,25.34768054772238,24.76683798307879,25.199094772338867,155900,0.0,0.0
2005-11-10 00:00:00-05:00,25.118058256974045,25.45575735867467,24.348104717326976,25.408479690551758,449000,0.0,0.0
2005-11-11 00:00:00-05:00,25.124804653448518,25.482764748160836,25.118049231035783,25.415225982666016,122200,0.0,0.0
2005-11-14 00:00:00-05:00,25.273390278341353,25.57056702791992,25.151821016577717,25.543550491333008,284700,0.0,0.0
2005-11-15 00:00:00-05:00,25.530040151735374,25.928525016526873,25.435484857791376,25.671873092651367,204200,0.0,0.0
2005-11-16 00:00:00-05:00,25.861680614233887,26.010815671180712,25.597299541995277,25.834564208984375,177200,0.14,0.0
2005-11-17 00:00:00-05:00,25.888794052166368,26.322648771879415,25.861680233278996,26.315868377685547,162700,0.0,0.0
2005-11-18 00:00:00-05:00,26.573474117442387,26.824294445211788,26.288756984167424,26.6887149810791,155600,0.0,0.0
2005-11-21 00:00:00-05:00,26.722613259155988,27.11579350625927,26.627708395638255,27.05478286743164,439100,0.0,0.0
2005-11-22 00:00:00-05:00,27.05478541745998,27.115796062038115,26.77684861126264,27.020891189575195,172000,0.0,0.0
2005-11-23 00:00:00-05:00,26.946305956159794,27.075104978211378,26.776832333794008,26.83784294128418,157000,0.0,0.0
2005-11-25 00:00:00-05:00,26.74295254708476,26.95309829711914,26.60737305889131,26.95309829711914,53800,0.0,0.0
2005-11-28 00:00:00-05:00,26.885301243514355,26.93953405582432,26.519237518310543,26.519237518310547,277500,0.0,0.0
2005-11-29 00:00:00-05:00,26.539574179922056,26.600584796338808,26.139616269181715,26.248079299926758,126000,0.0,0.0
2005-11-30 00:00:00-05:00,26.18029372906974,26.770064005624832,26.132841304882067,26.30909538269043,144800,0.0,0.0
2005-12-01 00:00:00-05:00,26.2345231073469,26.925975951046354,26.180290294838944,26.776838302612305,372300,0.0,0.0
2005-12-02 00:00:00-05:00,26.471785991775135,26.532796614696547,25.705764300864715,26.424333572387695,376400,0.0,0.0
2005-12-05 00:00:00-05:00,26.322659590748373,26.363331628777384,25.83457444669014,25.990489959716797,159300,0.0,0.0
2005-12-06 00:00:00-05:00,25.895586439464076,26.098954398100652,25.49562833356112,25.59731101989746,127700,0.0,0.0
2005-12-07 00:00:00-05:00,25.522742423271552,25.65831932602193,25.14989818281703,25.380382537841797,122900,0.0,0.0
2005-12-08 00:00:00-05:00,25.238028172549306,25.33293304989368,24.763501199863484,25.014324188232422,199200,0.0,0.0
2005-12-09 00:00:00-05:00,25.082098646407776,25.387151714705237,24.81093978881836,24.81093978881836,235600,0.0,0.0
2005-12-12 00:00:00-05:00,24.878735496626902,25.115997602372545,24.763492055291156,24.885513305664062,262600,0.0,0.0
2005-12-13 00:00:00-05:00,24.675365225038057,25.00753214100386,24.27540729543237,24.49911117553711,542800,0.0,0.0
2005-12-14 00:00:00-05:00,24.63469421874546,25.115998849128836,24.607577809324756,24.987199783325195,421000,0.0,0.0
2005-12-15 00:00:00-05:00,24.96007893646455,25.048205958432916,24.83805770172764,25.021089553833008,250400,0.0,0.0
2005-12-16 00:00:00-05:00,25.35327027602576,25.665101309168627,25.136344115059952,25.251585006713867,355200,0.0,0.0
2005-12-19 00:00:00-05:00,25.116003809805235,25.339710352765742,24.91263587090891,25.102445602416992,227900,0.0,0.0
2005-12-20 00:00:00-05:00,25.061769621696865,25.22446291282186,24.980420390171126,25.08210563659668,140900,0.0,0.0
2005-12-21 00:00:00-05:00,25.251579691429033,25.482064012185308,25.082106002224812,25.210905075073242,114000,0.0,0.0
2005-12-22 00:00:00-05:00,25.353266581119104,25.44817143946503,25.082107626447804,25.27191734313965,107600,0.0,0.0
2005-12-23 00:00:00-05:00,25.271908946002245,25.51595140692535,25.217678724665213,25.28546714782715,85300,0.0,0.0
2005-12-27 00:00:00-05:00,25.285468817596698,25.495617080816338,24.78382824676147,24.838058471679688,198300,0.0,0.0
2005-12-28 00:00:00-05:00,24.871952882443487,25.624416330617343,24.871952882443487,25.522733688354492,118000,0.0,0.0
2005-12-29 00:00:00-05:00,25.434625195815006,25.434625195815006,24.797404714385703,24.851634979248047,141100,0.0,0.0
2005-12-30 00:00:00-05:00,24.810944523846928,24.810944523846928,24.546566009521484,24.546566009521484,153500,0.0,0.0
2006-01-03 00:00:00-05:00,24.546566164325203,25.36681812060093,24.526230151083613,25.061767578125,193300,0.0,0.0
2006-01-04 00:00:00-05:00,25.116006528503785,25.76000722635546,24.89908035873791,25.536300659179688,217200,0.0,0.0
2006-01-05 00:00:00-05:00,25.556631096250584,25.956589078777814,25.556631096250584,25.658313751220703,182300,0.0,0.0
2006-01-06 00:00:00-05:00,25.92947121995562,25.92947121995562,25.556629667318784,25.773555755615234,102500,0.0,0.0
2006-01-09 00:00:00-05:00,25.77356358882801,26.031164366707294,25.49562679210375,25.624425888061523,109400,0.0,0.0
2006-01-10 00:00:00-05:00,27.115783554712863,27.983487800955633,27.047995130211135,27.94281578063965,1624700,0.0,0.0
2006-01-11 00:00:00-05:00,28.064858912132223,28.13264738952836,27.285278492253408,27.393741607666016,434500,0.0,0.0
2006-01-12 00:00:00-05:00,27.325939267738757,27.441180138043077,26.864970614594796,27.088674545288086,211400,0.0,0.0
2006-01-13 00:00:00-05:00,27.048000837971795,27.176799906089748,26.980209813201938,27.0954532623291,203100,0.0,0.0
2006-01-17 00:00:00-05:00,26.878523647259392,27.244584789391748,26.837849037705645,27.13612174987793,185300,0.0,0.0
2006-01-18 00:00:00-05:00,26.980213934896923,28.10551925835458,26.959877917340876,28.0106143951416,457400,0.0,0.0
2006-01-19 00:00:00-05:00,27.52251868907458,28.620709761608143,27.52251868907458,28.247865676879883,346200,0.0,0.0
2006-01-20 00:00:00-05:00,28.33599642168621,28.586816723152122,27.54963871533766,27.617429733276367,214000,0.0,0.0
2006-01-23 00:00:00-05:00,29.386734104137556,29.93582974009471,28.39700846635477,28.60715675354004,626400,0.0,0.0
2006-01-24 00:00:00-05:00,27.197131587713844,27.414057660492126,26.614141797386182,26.878522872924805,726300,0.0,0.0
2006-01-25 00:00:00-05:00,26.885311049644205,27.02089054390747,26.451458736772764,26.797183990478516,287400,0.0,0.0
2006-01-26 00:00:00-05:00,26.851414280057686,27.115792846557454,26.519244679863405,26.729393005371094,200400,0.0,0.0
2006-01-27 00:00:00-05:00,26.68871607422766,27.04122166102572,26.587033411435694,26.770065307617188,151900,0.0,0.0
2006-01-30 00:00:00-05:00,26.729389596107865,26.844630459744575,26.539579897900015,26.6887149810791,116000,0.0,0.0
2006-01-31 00:00:00-05:00,26.648039968811652,27.047997920948728,26.60736535833634,27.000545501708984,130300,0.0,0.0
2006-02-01 00:00:00-05:00,27.353064150902018,27.38018057345197,26.627716656459267,26.851423263549805,159700,0.0,0.0
2006-02-02 00:00:00-05:00,27.454730239069566,27.454730239069566,27.014097731711814,27.23102378845215,468100,0.0,0.0
2006-02-03 00:00:00-05:00,27.217470853369537,27.380164118967745,26.437890982326074,26.776838302612305,172600,0.0,0.0
2006-02-06 00:00:00-05:00,26.844632012922066,27.149685178379592,26.742949348411784,27.088674545288086,136200,0.0,0.0
2006-02-07 00:00:00-05:00,27.048004825350137,27.264930964666252,26.444676252790906,26.5870361328125,143300,0.0,0.0
2006-02-08 00:00:00-05:00,26.75650768989393,27.115791094386275,26.661602834817714,27.007328033447266,107300,0.0,0.0
2006-02-09 00:00:00-05:00,27.115786808927208,27.346271100241605,26.72260665893555,26.722606658935547,144800,0.0,0.0
2006-02-10 00:00:00-05:00,26.776843798620057,26.810738020412977,26.437896408764107,26.668380737304688,109600,0.0,0.0
2006-02-13 00:00:00-05:00,26.634492109633193,26.715838776214362,26.1803011671302,26.39044952392578,83900,0.0,0.0
2006-02-14 00:00:00-05:00,26.220969619072715,27.258147778137864,26.01760170752549,26.770065307617188,156400,0.0,0.0
2006-02-15 00:00:00-05:00,26.599989154919303,26.91973411301122,26.40950412209719,26.885719299316406,138900,0.14,0.0
2006-02-16 00:00:00-05:00,26.899318977095444,27.144229726351217,26.78366552542987,27.110212326049805,125600,0.0,0.0
2006-02-17 00:00:00-05:00,27.110224009289684,27.110224009289684,26.824496408798225,26.87891960144043,79800,0.0,0.0
2006-02-21 00:00:00-05:00,26.804069937182696,26.85849309307704,26.06253594758842,26.463916778564453,209000,0.0,0.0
2006-02-22 00:00:00-05:00,26.39588961305054,27.069394137158465,25.851644974720628,26.87210464477539,76400,0.0,0.0
2006-02-23 00:00:00-05:00,26.87211595854053,26.87211595854053,26.29385627344776,26.39590072631836,123700,0.0,0.0
2006-02-24 00:00:00-05:00,26.327861427219734,27.19185097257725,26.24622537585557,27.110212326049805,121500,0.0,0.0
2006-02-27 00:00:00-05:00,27.178249982454187,27.416356261339793,27.11021776336987,27.28029441833496,170000,0.0,0.0
2006-02-28 00:00:00-05:00,27.280288946903728,27.280288946903728,26.640801786751762,27.110212326049805,120000,0.0,0.0
2006-03-01 00:00:00-05:00,26.872105474376884,27.450364933861476,26.259828615376424,27.198652267456055,440200,0.0,0.0
2006-03-02 00:00:00-05:00,26.110168400570043,26.429910742339775,25.171344552766936,26.137378692626953,645400,0.0,0.0
2006-03-03 00:00:00-05:00,25.967301585753937,27.069400142427977,25.967301585753937,26.538759231567383,234000,0.0,0.0
2006-03-06 00:00:00-05:00,25.892468128893487,26.844895738177097,25.892468128893487,26.450319290161133,197300,0.0,0.0
2006-03-07 00:00:00-05:00,26.19860142099072,26.49793793330159,26.19179949805787,26.3754825592041,166900,0.0,0.0
2006-03-08 00:00:00-05:00,26.280245086723124,26.94014073410793,26.191804500724174,26.844898223876953,163700,0.0,0.0
2006-03-09 00:00:00-05:00,27.048999275822467,27.212274062067333,26.708845850046625,27.008182525634766,206600,0.0,0.0
2006-03-10 00:00:00-05:00,27.07620281083055,27.32111360793492,26.817685569979965,27.13062858581543,124500,0.0,0.0
2006-03-13 00:00:00-05:00,27.273488671871096,27.30750347906448,26.627196954543038,26.899320602416992,220500,0.0,0.0
2006-03-14 00:00:00-05:00,26.87211666467256,26.878918590310313,26.565978107687737,26.722448348999023,151100,0.0,0.0
2006-03-15 00:00:00-05:00,26.661212183882224,27.21226141172858,26.49113555005892,27.14423179626465,163700,0.0,0.0
2006-03-16 00:00:00-05:00,27.117023791476015,27.436768751051343,27.05579608847572,27.389144897460938,195400,0.0,0.0
2006-03-17 00:00:00-05:00,27.552421432843094,27.878968338405244,27.382344757331715,27.681678771972656,417900,0.0,0.0
2006-03-20 00:00:00-05:00,27.75651944806552,28.08987095228796,27.518413084452874,28.04224967956543,201200,0.0,0.0
2006-03-21 00:00:00-05:00,27.953797310802795,27.981010196681243,27.34152035435582,27.50479507446289,168400,0.0,0.0
2006-03-22 00:00:00-05:00,27.586449243084658,27.82455825805664,27.307523467668872,27.82455825805664,155700,0.0,0.0
2006-03-23 00:00:00-05:00,27.790527435892347,27.851755142211914,27.355131566581683,27.851755142211914,101200,0.0,0.0
2006-03-24 00:00:00-05:00,27.851755416827853,28.035438537597656,27.5864362185484,28.035438537597656,114100,0.0,0.0
2006-03-27 00:00:00-05:00,27.99461095311398,28.09665536168458,27.790516945646566,28.049034118652344,117400,0.0,0.0
2006-03-28 00:00:00-05:00,28.08305899711909,28.232727297582866,27.742905656184355,27.810937881469727,73300,0.0,0.0
2006-03-29 00:00:00-05:00,27.65446677657785,28.40280306476967,27.586434553456076,28.3211669921875,94400,0.0,0.0
2006-03-30 00:00:00-05:00,28.31436486838391,28.31436486838391,27.94700121309417,28.273548126220703,74100,0.0,0.0
2006-03-31 00:00:00-05:00,28.409603154131005,28.59328625194723,28.198709763987914,28.572877883911133,209000,0.0,0.0
2006-04-03 00:00:00-04:00,28.61369752481935,28.62730396871193,28.055846301042546,28.212316513061523,136600,0.0,0.0
2006-04-04 00:00:00-04:00,28.130675676134373,28.74295262817273,28.130675676134373,28.38239097595215,101400,0.0,0.0
2006-04-05 00:00:00-04:00,28.314363219136023,28.572880483489715,27.99462084510375,28.293954849243164,103700,0.0,0.0
2006-04-06 00:00:00-04:00,28.50484579206161,28.50484579206161,27.6680664427469,27.91297721862793,108500,0.0,0.0
2006-04-07 00:00:00-04:00,27.885773935815145,28.23272922538741,27.33472455161473,27.64766502380371,126400,0.0,0.0
2006-04-10 00:00:00-04:00,27.640859319140585,28.164695739746094,27.4843891044398,28.164695739746094,137100,0.0,0.0
2006-04-11 00:00:00-04:00,27.99459764151945,28.16467417009451,27.42314040170078,27.817716598510742,130000,0.0,0.0
2006-04-12 00:00:00-04:00,27.736101771744014,27.92658679875763,27.43676778712778,27.838146209716797,100200,0.0,0.0
2006-04-13 00:00:00-04:00,27.73610017369601,28.389193881682946,27.429961687088472,28.021827697753906,100900,0.0,0.0
2006-04-17 00:00:00-04:00,27.953784474056885,28.191890628242763,27.756495034781477,28.103452682495117,126700,0.0,0.0
2006-04-18 00:00:00-04:00,28.21911826374907,28.865410071268094,28.164695083677508,28.797380447387695,140300,0.0,0.0
2006-04-19 00:00:00-04:00,28.804176928088904,29.246377185232724,28.634100305366406,29.008268356323242,135000,0.0,0.0
2006-04-20 00:00:00-04:00,29.049092664885755,29.083107476234563,28.436815679952154,29.035486221313477,97400,0.0,0.0
2006-04-21 00:00:00-04:00,29.117115767736184,29.18514797036392,28.008215518954206,28.314353942871094,111400,0.0,0.0
2006-04-24 00:00:00-04:00,28.232732028965465,28.300761670487546,27.892578631026122,28.096670150756836,70900,0.0,0.0
2006-04-25 00:00:00-04:00,28.028625755970847,28.076246999003082,27.443561804245554,28.049034118652344,80900,0.0,0.0
2006-04-26 00:00:00-04:00,28.151091387812393,28.56607888141736,28.117076572551863,28.287153244018555,79400,0.0,0.0
2006-04-27 00:00:00-04:00,28.198707366474107,28.67492247641657,27.960598513921095,28.26673698425293,92800,0.0,0.0
2006-04-28 00:00:00-04:00,28.219111679971977,28.57287135097506,28.09665630942617,28.436809539794922,97600,0.0,0.0
2006-05-01 00:00:00-04:00,28.470825589576663,28.606887406710364,27.96740023989428,28.06944465637207,130100,0.0,0.0
2006-05-02 00:00:00-04:00,28.021839115752535,28.225933253428497,27.7565198509715,28.18511390686035,105200,0.0,0.0
2006-05-03 00:00:00-04:00,28.219118964323076,28.64090835221337,28.185104151538418,28.60689353942871,142500,0.0,0.0
2006-05-04 00:00:00-04:00,28.491240323130828,28.831393613442252,28.45042099403454,28.817787170410156,137000,0.0,0.0
2006-05-05 00:00:00-04:00,28.885807766514116,29.47087165830267,28.77695885142528,29.253173828125,109900,0.0,0.0
2006-05-08 00:00:00-04:00,29.185156959212378,29.933493252458245,29.15113954983977,29.593339920043945,163200,0.0,0.0
2006-05-09 00:00:00-04:00,29.423257775521776,29.586532486552677,29.314408833222338,29.525304794311523,98200,0.0,0.0
2006-05-10 00:00:00-04:00,28.436816191130333,28.436816191130333,27.042188139449355,27.28029441833496,818700,0.0,0.0
2006-05-11 00:00:00-04:00,27.212260592470376,28.266735171395922,27.212260592470376,27.946992874145508,405800,0.0,0.0
2006-05-12 00:00:00-04:00,27.926583342749737,28.171494115838062,27.82453891740529,27.99461555480957,383300,0.0,0.0
2006-05-15 00:00:00-04:00,27.82454075764123,28.334770703599222,27.73610017369601,28.021827697753906,335200,0.0,0.0
2006-05-16 00:00:00-04:00,28.096664071072535,28.334772955205672,27.804132004530963,28.01502799987793,178000,0.0,0.0
2006-05-17 00:00:00-04:00,27.91299379209392,27.967419594677967,27.35514229143298,27.58644676208496,183900,0.0,0.0
2006-05-18 00:00:00-04:00,27.470256422782974,27.9827611970635,27.33358796162802,27.572755813598633,163900,0.18,0.0
2006-05-19 00:00:00-04:00,27.504423449089533,27.866592662835664,27.272087842393073,27.825593948364258,312200,0.0,0.0
2006-05-22 00:00:00-04:00,27.764092701909203,27.90076116306416,27.272087284444993,27.572755813598633,135900,0.0,0.0
2006-05-23 00:00:00-04:00,27.57275934377321,27.71626268006257,27.285757884663326,27.33359146118164,319100,0.0,0.0
2006-05-24 00:00:00-04:00,27.333589334830073,27.928094172977048,27.149087294011863,27.791425704956055,256800,0.0,0.0
2006-05-25 00:00:00-04:00,27.81193869617181,28.303941726684567,27.668437920886227,28.30394172668457,307100,0.0,0.0
2006-05-26 00:00:00-04:00,28.358610321518036,28.52944532345489,28.064773909647823,28.269775390625,158900,0.0,0.0
2006-05-30 00:00:00-04:00,28.09893297752265,28.187767884985256,27.299426630562937,27.401926040649414,162400,0.0,0.0
2006-05-31 00:00:00-04:00,27.518094335517112,28.174099924497323,27.319925165908145,28.160432815551758,233300,0.0,0.0
2006-06-01 00:00:00-04:00,28.085274683585578,28.48161315917969,27.716273042023428,28.481613159179688,180600,0.0,0.0
2006-06-02 00:00:00-04:00,28.50894307714561,28.64560897949966,28.13310402546699,28.256105422973633,126400,0.0,0.0
2006-06-05 00:00:00-04:00,28.119427337378074,28.119427337378074,27.401918627217743,27.75725555419922,262900,0.0,0.0
2006-06-06 00:00:00-04:00,27.846098347543737,28.119435324937395,27.470261958678414,28.05109977722168,187900,0.0,0.0
2006-06-07 00:00:00-04:00,28.119439288513824,28.63877649068344,27.709433764630997,28.016937255859375,290000,0.0,0.0
2006-06-08 00:00:00-04:00,27.98277270867888,28.071607635984826,27.258431391290323,27.962270736694336,304900,0.0,0.0
2006-06-09 00:00:00-04:00,28.119432993549598,28.48843449368206,27.811929571160555,27.84609603881836,133700,0.0,0.0
2006-06-12 00:00:00-04:00,27.81193890264513,27.948607425865884,27.374601713726932,27.57960319519043,150400,0.0,0.0
2006-06-13 00:00:00-04:00,27.470263736407414,28.098935175668643,27.449761767398616,27.695764541625977,188000,0.0,0.0
2006-06-14 00:00:00-04:00,27.58642209257384,27.92125968201897,27.292585822265057,27.524921417236328,116200,0.0,0.0
2006-06-15 00:00:00-04:00,27.606930706621736,28.016933569827803,27.51126093892133,28.010101318359375,138300,0.0,0.0
2006-06-16 00:00:00-04:00,27.969103895584592,27.996438118745136,27.299431068561255,27.565933227539062,600300,0.0,0.0
2006-06-19 00:00:00-04:00,27.49759415691187,27.56592709287106,27.094423578590067,27.33359146118164,408500,0.0,0.0
2006-06-20 00:00:00-04:00,27.231098093334342,27.367766615364093,26.527258723973702,26.575092315673828,252300,0.0,0.0
2006-06-21 00:00:00-04:00,26.57508212059799,26.978252672211884,26.57508212059799,26.882585525512695,158800,0.0,0.0
2006-06-22 00:00:00-04:00,26.718582153320312,26.841583512122025,26.390579398760465,26.718582153320312,157600,0.0,0.0
2006-06-23 00:00:00-04:00,26.739095889094912,27.03976456145609,26.506760176490946,26.97826385498047,173200,0.0,0.0
2006-06-26 00:00:00-04:00,27.06026215690332,27.17643130896953,26.561424284466437,26.944095611572266,206700,0.0,0.0
2006-06-27 00:00:00-04:00,27.026094227076534,27.183262101174464,26.513589269773938,26.732257843017578,211300,0.0,0.0
2006-06-28 00:00:00-04:00,26.698087276934075,26.991923615975875,26.465751627615784,26.855255126953125,191400,0.0,0.0
2006-06-29 00:00:00-04:00,26.875760881669983,27.668435101613834,26.814260183280588,27.654767990112305,216800,0.0,0.0
2006-06-30 00:00:00-04:00,27.60693485266838,27.661600692829484,27.3404300841523,27.470266342163086,355600,0.0,0.0
2006-07-03 00:00:00-04:00,27.436104474481436,27.914440431490352,27.299435941020832,27.873441696166992,83700,0.0,0.0
2006-07-05 00:00:00-04:00,27.74358990582882,27.811925437722724,27.35408649760257,27.524921417236328,173800,0.0,0.0
2006-07-06 00:00:00-04:00,27.606939489623322,27.982776001588384,27.552271033544898,27.873441696166992,116600,0.0,0.0
2006-07-07 00:00:00-04:00,27.805087332749792,28.146757132100664,27.606920830243897,27.723087310791016,129700,0.0,0.0
2006-07-10 00:00:00-04:00,27.72309286521865,27.76409418777966,27.19692095598971,27.367755889892578,100400,0.0,0.0
2006-07-11 00:00:00-04:00,27.3745987211684,27.654767990112305,27.06026037010318,27.654767990112305,100600,0.0,0.0
2006-07-12 00:00:00-04:00,27.40193214679723,27.43610123117474,26.855260684314008,26.944095611572266,203600,0.0,0.0
2006-07-13 00:00:00-04:00,26.77326823856558,26.85526832959845,26.301764456706728,26.616100311279297,207200,0.0,0.0
2006-07-14 00:00:00-04:00,26.54775485598575,27.33359680687745,26.5409226037474,27.12859535217285,178700,0.0,0.0
2006-07-17 00:00:00-04:00,27.032912856632322,27.354080664477188,26.99191154623931,27.16274642944336,115100,0.0,0.0
2006-07-18 00:00:00-04:00,27.2652728217368,27.463439482620675,26.786934199002935,27.292604446411133,157800,0.0,0.0
2006-07-19 00:00:00-04:00,27.29258438866451,28.01692534828835,27.20375211196954,27.75725555419922,281000,0.0,0.0
2006-07-20 00:00:00-04:00,27.846106634326897,27.948608683036976,27.108098139779237,27.14226722717285,121600,0.0,0.0
2006-07-21 00:00:00-04:00,26.855254172382775,26.971423296279994,26.1855814673829,26.506752014160156,224800,0.0,0.0
2006-07-24 00:00:00-04:00,26.57508587192932,27.313094147901644,26.57508587192932,27.272092819213867,131500,0.0,0.0
2006-07-25 00:00:00-04:00,27.237915629565855,27.340415000846157,26.807410971334548,26.98508071899414,174400,0.0,0.0
2006-07-26 00:00:00-04:00,26.81425301976391,27.183254504785314,26.5750825424848,27.087587356567383,226800,0.0,0.0
2006-07-27 00:00:00-04:00,27.16274451383887,27.55224781153639,27.039743198067733,27.13541030883789,274400,0.0,0.0
2006-07-28 00:00:00-04:00,27.190097068657995,27.921270602116042,27.094429893324797,27.470266342163086,185600,0.0,0.0
2006-07-31 00:00:00-04:00,27.19693402300058,27.34043481080902,26.677596721378656,27.155935287475586,217600,0.0,0.0
2006-08-01 00:00:00-04:00,24.238070083133056,25.42708019633067,23.957900793771763,24.736907958984375,775500,0.0,0.0
2006-08-02 00:00:00-04:00,24.6002303469835,24.812066602284617,23.99205840270499,24.552396774291992,339600,0.0,0.0
2006-08-03 00:00:00-04:00,23.985220148770626,24.87356375976748,23.985220148770626,24.791561126708984,231400,0.0,0.0
2006-08-04 00:00:00-04:00,24.941914584901596,25.133248985918016,24.26540671358028,24.600244522094727,173000,0.0,0.0
2006-08-07 00:00:00-04:00,24.429404123050325,24.53190616206487,24.033065686044896,24.44990348815918,347700,0.0,0.0
2006-08-08 00:00:00-04:00,25.11273960473817,25.11273960473817,24.42939975154802,24.668567657470703,356800,0.0,0.0
2006-08-09 00:00:00-04:00,24.771068315979438,24.921403909569396,24.060394282125397,24.08772850036621,219500,0.0,0.0
2006-08-10 00:00:00-04:00,24.08773051133279,24.620734777853972,23.916895543167307,24.415733337402344,177700,0.0,0.0
2006-08-11 00:00:00-04:00,24.299565312456036,24.54556546179368,24.053562556383806,24.313232421875,142700,0.0,0.0
2006-08-14 00:00:00-04:00,24.463562008163102,25.00340102479364,24.456729757771548,24.518230438232422,121700,0.0,0.0
2006-08-15 00:00:00-04:00,24.79157161246454,24.989740816072096,24.552403681720897,24.805238723754883,138100,0.0,0.0
2006-08-16 00:00:00-04:00,24.894510455313675,25.27221974517349,24.688487444456023,25.22414779663086,345400,0.18,0.0
2006-08-17 00:00:00-04:00,25.03872568002328,25.285954334811493,24.91511135262917,25.155473709106445,153100,0.0,0.0
2006-08-18 00:00:00-04:00,25.224147746193733,25.224147746193733,24.76402977685583,25.045595169067383,101400,0.0,0.0
2006-08-21 00:00:00-04:00,24.908250832957616,24.935721272023734,24.269577533159325,24.40692710876465,168800,0.0,0.0
2006-08-22 00:00:00-04:00,24.475607577023784,24.516813247391443,24.16657159858136,24.44127082824707,118300,0.0,0.0
2006-08-23 00:00:00-04:00,24.49619973585824,24.516803873026777,23.76138259015564,24.02234649658203,157000,0.0,0.0
2006-08-24 00:00:00-04:00,24.05668218656781,24.1390934922098,23.630900919650426,24.070417404174805,123600,0.0,0.0
2006-08-25 00:00:00-04:00,23.967410184062178,24.3039138882689,23.775119733361688,23.91933822631836,86400,0.0,0.0
2006-08-28 00:00:00-04:00,23.988018933106854,24.64042763876841,23.898741290506596,24.44127082824707,114100,0.0,0.0
2006-08-29 00:00:00-04:00,24.48246778136059,24.66788668267958,24.10475582012727,24.310781478881836,180700,0.0,0.0
2006-08-30 00:00:00-04:00,24.276443079843297,24.544275922840058,24.20776960403398,24.290178298950195,131800,0.0,0.0
2006-08-31 00:00:00-04:00,24.345121383666996,24.5374092291552,24.24897746092289,24.345121383666992,191800,0.0,0.0
2006-09-01 00:00:00-04:00,24.37945661721306,24.468734234123108,24.269577480910407,24.331384658813477,77300,0.0,0.0
2006-09-05 00:00:00-04:00,24.393191132389347,24.52367178431712,24.139096128224665,24.290178298950195,115000,0.0,0.0
2006-09-06 00:00:00-04:00,24.070421260227025,24.145963659304872,23.86439820256719,23.967411041259766,128900,0.0,0.0
2006-09-07 00:00:00-04:00,23.823192182116976,23.974276977983052,23.582832388443915,23.658374786376953,216300,0.0,0.0
2006-09-08 00:00:00-04:00,23.727044903090157,23.933067928439257,23.383672320933353,23.720178604125977,191900,0.0,0.0
2006-09-11 00:00:00-04:00,23.624042017222887,24.516810483397872,23.589702652591544,24.39319610595703,238500,0.0,0.0
2006-09-12 00:00:00-04:00,24.393189940373702,24.94258557917659,24.393189940373702,24.832706451416016,228600,0.0,0.0
2006-09-13 00:00:00-04:00,24.72283184120584,24.894518173436435,24.31765199235261,24.475603103637695,161400,0.0,0.0
2006-09-14 00:00:00-04:00,24.345119081523954,24.37945581929624,23.7407825417761,23.85753059387207,172500,0.0,0.0
2006-09-15 00:00:00-04:00,23.933066055925025,24.08415081856517,23.672104800105295,23.89872932434082,534900,0.0,0.0
2006-09-18 00:00:00-04:00,23.761379951769918,23.926199932192098,23.500418694044814,23.80258560180664,219400,0.0,0.0
2006-09-19 00:00:00-04:00,23.802584037435317,24.49619540592347,23.740776876304725,24.386316299438477,281800,0.0,0.0
2006-09-20 00:00:00-04:00,24.558006807266256,24.812104413411756,24.40005572815486,24.695356369018555,162900,0.0,0.0
2006-09-21 00:00:00-04:00,24.784635355256654,24.825841011991066,24.111625346945413,24.37945556640625,99700,0.0,0.0
2006-09-22 00:00:00-04:00,24.310778395535756,24.379451859927343,23.919333885109268,24.207765579223633,108000,0.0,0.0
2006-09-25 00:00:00-04:00,24.276449744808417,24.688498571965575,24.07729556239465,24.564884185791016,147400,0.0,0.0
2006-09-26 00:00:00-04:00,24.44813009500525,24.626685328825346,24.22837182239994,24.331384658813477,109900,0.0,0.0
2006-09-27 00:00:00-04:00,24.10475999728548,24.53741028802973,24.036086512283454,24.475603103637695,133200,0.0,0.0
2006-09-28 00:00:00-04:00,24.551143696430948,24.71596371588334,24.30391497711503,24.626686096191406,95600,0.0,0.0
2006-09-29 00:00:00-04:00,24.599217472421767,24.709096620260325,24.413795919245658,24.475603103637695,158900,0.0,0.0
2006-10-02 00:00:00-04:00,24.39318961940143,24.722826998345706,24.104755275497055,24.27644157409668,131800,0.0,0.0
2006-10-03 00:00:00-04:00,24.262715427425345,24.606088115933087,24.1391010499845,24.39319610595703,112900,0.0,0.0
2006-10-04 00:00:00-04:00,24.214642551721138,24.619822457576433,24.070426641092787,24.564884185791016,127900,0.0,0.0
2006-10-05 00:00:00-04:00,24.482464250530807,25.011255680545684,24.461860115791808,24.89451026916504,325600,0.0,0.0
2006-10-06 00:00:00-04:00,24.777760590810647,25.148600895829237,24.551133485781946,25.079927444458008,301000,0.0,0.0
2006-10-09 00:00:00-04:00,24.96319965630028,25.15549019141912,24.846454170448098,25.11428451538086,125900,0.0,0.0
2006-10-10 00:00:00-04:00,25.079942667491565,25.306567290352724,24.88765479115775,25.0044002532959,112500,0.0,0.0
2006-10-11 00:00:00-04:00,24.832702439276222,25.0661958755083,24.38631708127458,24.50306510925293,99100,0.0,0.0
2006-10-12 00:00:00-04:00,24.516806767367367,25.15548008076564,24.468734807840644,25.121143341064453,151400,0.0,0.0
2006-10-13 00:00:00-04:00,25.086808721232615,25.581266249467465,24.99753370508806,25.574399948120117,161800,0.0,0.0
2006-10-16 00:00:00-04:00,25.574399042779646,25.876566066156478,25.457650966201193,25.629337310791016,90400,0.0,0.0
2006-10-17 00:00:00-04:00,25.51258347426364,25.51258347426364,25.073064375905282,25.23101806640625,66100,0.0,0.0
2006-10-18 00:00:00-04:00,25.340894885228025,25.677398512499195,25.024990152633638,25.10053253173828,124500,0.0,0.0
2006-10-19 00:00:00-04:00,24.825834915439735,25.90402444782729,24.770894053285836,25.814746856689453,110200,0.0,0.0
2006-10-20 00:00:00-04:00,25.924627633517705,25.979568499215517,25.416435104711617,25.835350036621094,125400,0.0,0.0
2006-10-23 00:00:00-04:00,25.40956591294089,26.013902268176903,25.40956591294089,25.883419036865234,152900,0.0,0.0
2006-10-24 00:00:00-04:00,25.78728679560622,26.0551170569994,25.512590233544866,26.0413818359375,134700,0.0,0.0
2006-10-25 00:00:00-04:00,26.05510876091736,26.43282067054031,26.05510876091736,26.219928741455078,134700,0.0,0.0
2006-10-26 00:00:00-04:00,26.391625965859983,26.68005777676626,26.089458932568764,26.659456253051758,143700,0.0,0.0
2006-10-27 00:00:00-04:00,26.577039164811517,26.84486936761774,26.240532871718454,26.261137008666992,114700,0.0,0.0
2006-10-30 00:00:00-05:00,26.09631765084213,26.693785242483138,26.007040041145185,26.508363723754883,115600,0.0,0.0
2006-10-31 00:00:00-05:00,26.336676126845564,26.425953732147306,25.581257490453677,25.972702026367188,159300,0.0,0.0
2006-11-01 00:00:00-05:00,26.11005828742518,26.40535899485738,25.285963350863813,25.340904235839844,206200,0.0,0.0
2006-11-02 00:00:00-05:00,24.022347069784697,25.27222313919915,24.022347069784697,25.05933380126953,323500,0.0,0.0
2006-11-03 00:00:00-05:00,24.963189973516222,25.169215654067397,24.935722153204704,25.0318660736084,203400,0.0,0.0
2006-11-06 00:00:00-05:00,25.06620065767975,25.210416525880316,24.750298483604666,25.052465438842773,199700,0.0,0.0
2006-11-07 00:00:00-05:00,25.08680314102818,25.4095742467996,24.935720967460366,25.251623153686523,158200,0.0,0.0
2006-11-08 00:00:00-05:00,25.079931504432775,25.68426792928257,25.03185955674611,25.58812141418457,223900,0.0,0.0
2006-11-09 00:00:00-05:00,25.608724142915005,25.643060872274177,24.9151101591269,25.2996883392334,197100,0.0,0.0
2006-11-10 00:00:00-05:00,25.28596015283059,25.44391124757149,25.06620188017149,25.409574508666992,127000,0.0,0.0
2006-11-13 00:00:00-05:00,25.285961403549884,25.540056427681783,25.10053986062378,25.443912506103516,100700,0.0,0.0
2006-11-14 00:00:00-05:00,25.478236561923943,26.027634616944468,25.327154454544967,26.007030487060547,186200,0.0,0.0
2006-11-15 00:00:00-05:00,26.041545958279837,26.45555992605444,25.786234800323438,26.44175910949707,302200,0.18,0.0
2006-11-16 00:00:00-05:00,26.44175955916515,26.565964278057073,26.200251845895654,26.358957290649414,227000,0.0,0.0
2006-11-17 00:00:00-05:00,26.379654901453147,26.38655662536621,26.10364648636841,26.38655662536621,218800,0.0,0.0
2006-11-20 00:00:00-05:00,26.25544596188902,26.393451463307766,25.848331180433526,26.048439025878906,260700,0.0,0.0
2006-11-21 00:00:00-05:00,25.944931662152506,26.082937149849904,25.634422605128037,25.786226272583008,144400,0.0,0.0
2006-11-22 00:00:00-05:00,25.855242431548138,25.862141524655364,25.45502659316767,25.524030685424805,181500,0.0,0.0
2006-11-24 00:00:00-05:00,25.25491476569742,25.75173362411657,25.185913316355457,25.703432083129883,63800,0.0,0.0
2006-11-27 00:00:00-05:00,25.530918764714812,25.648221722593,24.861593835864927,24.89609718322754,206100,0.0,0.0
2006-11-28 00:00:00-05:00,24.771901114414533,24.923704840190876,24.564891487219672,24.764999389648438,177800,0.0,0.0
2006-11-29 00:00:00-05:00,24.75810174652812,25.034110211884993,24.599396286694617,24.847803115844727,220900,0.0,0.0
2006-11-30 00:00:00-05:00,24.896097734851907,25.213508532628435,24.323375848561486,24.916797637939453,311900,0.0,0.0
2006-12-01 00:00:00-05:00,24.84090329595511,25.185915841732264,24.682197840766037,25.075511932373047,209500,0.0,0.0
2006-12-04 00:00:00-05:00,25.116916743126538,25.65513552274421,25.116916743126538,25.461929321289062,127700,0.0,0.0
2006-12-05 00:00:00-05:00,25.496416057000815,25.786225200099636,25.34460976362393,25.620620727539062,165200,0.0,0.0
2006-12-06 00:00:00-05:00,25.47572487112396,25.62063213945344,25.351522777499383,25.379121780395508,114400,0.0,0.0
2006-12-07 00:00:00-05:00,25.344618602488477,25.358419418720796,24.85470147130575,25.061708450317383,101300,0.0,0.0
2006-12-08 00:00:00-05:00,24.923697063182722,25.185907245504445,24.861594720849574,25.01340103149414,97800,0.0,0.0
2006-12-11 00:00:00-05:00,24.94440074188551,25.17210758605131,24.86159586015608,24.999601364135742,130900,0.0,0.0
2006-12-12 00:00:00-05:00,25.020312144646244,25.047913783887672,24.585598171661125,24.806406021118164,121200,0.0,0.0
2006-12-13 00:00:00-05:00,24.909902646721708,25.123811354628298,24.840901196293313,25.082408905029297,140700,0.0,0.0
2006-12-14 00:00:00-05:00,25.15140735454728,25.496419793890215,25.13070481826621,25.32391357421875,130700,0.0,0.0
2006-12-15 00:00:00-05:00,25.323924090403345,25.48952865600586,25.241121807602084,25.48952865600586,267700,0.0,0.0
2006-12-18 00:00:00-05:00,25.49641757371847,25.503316663720724,25.013399674251286,25.103103637695312,169100,0.0,0.0
2006-12-19 00:00:00-05:00,24.94440460205078,25.103110034904564,24.751195813685626,24.94440460205078,108400,0.0,0.0
2006-12-20 00:00:00-05:00,24.90300277987076,25.268715193790264,24.7925988832779,25.137611389160156,110700,0.0,0.0
2006-12-21 00:00:00-05:00,25.22041318760218,25.455021792557215,25.034106121999372,25.289417266845703,186700,0.0,0.0
2006-12-22 00:00:00-05:00,25.22041365354567,25.234214469649345,24.958203412048928,25.137611389160156,145400,0.0,0.0
2006-12-26 00:00:00-05:00,25.172110543770575,25.57232628911329,25.11000819129451,25.53092384338379,100400,0.0,0.0
2006-12-27 00:00:00-05:00,25.565424085356984,26.220948319799227,25.461921921331143,26.03464126586914,170500,0.0,0.0
2006-12-28 00:00:00-05:00,25.972543990248692,26.034646353695088,25.58613162412607,25.599929809570312,91300,0.0,0.0
2006-12-29 00:00:00-05:00,25.49642424010333,25.510225055952034,25.213514095796064,25.289417266845703,150300,0.0,0.0
2007-01-03 00:00:00-05:00,25.28941842801967,25.882837743342225,25.28941842801967,25.80003547668457,224700,0.0,0.0
2007-01-04 00:00:00-05:00,25.73793583273301,26.082948384464654,25.482627281477924,25.986345291137695,171800,0.0,0.0
2007-01-05 00:00:00-05:00,24.827097552327942,26.04154294655886,24.827097552327942,25.806934356689453,238500,0.0,0.0
2007-01-08 00:00:00-05:00,25.565424332586886,26.310652555513954,25.427418813648206,26.255449295043945,328900,0.0,0.0
2007-01-09 00:00:00-05:00,26.200260225225655,26.47626875262964,26.055352918683255,26.303762435913086,200500,0.0,0.0
2007-01-10 00:00:00-05:00,26.103649661669444,26.469362106455026,26.08294711964838,26.42106056213379,104200,0.0,0.0
2007-01-11 00:00:00-05:00,26.3934675905971,27.04899214870651,26.37276767401855,26.87648582458496,204900,0.0,0.0
2007-01-12 00:00:00-05:00,26.841989751915527,27.124900067361178,26.724684062359096,27.111099243164062,128600,0.0,0.0
2007-01-16 00:00:00-05:00,27.15247685193424,27.407787942183145,26.662559839136463,26.828166961669922,189100,0.0,0.0
2007-01-17 00:00:00-05:00,26.69016908028744,26.92477770201178,26.61426590381241,26.759170532226562,113200,0.0,0.0
2007-01-18 00:00:00-05:00,26.724658681823254,26.724658681823254,26.317543967480436,26.37964630126953,163200,0.0,0.0
2007-01-19 00:00:00-05:00,26.241654305878,26.648769229401356,26.089850570355967,26.600467681884766,114300,0.0,0.0
2007-01-22 00:00:00-05:00,26.565965680550217,26.593567315591514,26.138150866357268,26.269254684448242,110500,0.0,0.0
2007-01-23 00:00:00-05:00,26.20714573737991,26.703964514354208,26.117441762151522,26.503856658935547,75600,0.0,0.0
2007-01-24 00:00:00-05:00,26.565961678919425,26.717768016543186,26.365853803367454,26.51766014099121,150600,0.0,0.0
2007-01-25 00:00:00-05:00,26.44174852338063,26.565953190434232,25.951831576800064,26.082935333251953,106000,0.0,0.0
2007-01-26 00:00:00-05:00,26.179546128015854,26.393454813982625,25.765532203436152,26.255449295043945,75400,0.0,0.0
2007-01-29 00:00:00-05:00,26.1864421429828,26.421050684362406,26.103639902565224,26.324447631835938,73100,0.0,0.0
2007-01-30 00:00:00-05:00,26.338258248328447,26.545267895473582,26.26925678743807,26.49006462097168,147400,0.0,0.0
2007-01-31 00:00:00-05:00,26.37276770750612,26.71087862916062,26.158858917718245,26.46246910095215,170800,0.0,0.0
2007-02-01 00:00:00-05:00,26.517662818202975,26.869574434671154,26.26925337964348,26.759170532226562,193100,0.0,0.0
2007-02-02 00:00:00-05:00,26.869574326008497,27.05588140417468,26.869574326008497,26.95237922668457,119100,0.0,0.0
2007-02-05 00:00:00-05:00,26.862665900195612,27.0558720035029,26.607357459077303,26.93166732788086,141900,0.0,0.0
2007-02-06 00:00:00-05:00,26.938571118728458,27.06277580388875,26.724662464899968,27.048974990844727,150600,0.0,0.0
2007-02-07 00:00:00-05:00,27.083469931826272,27.297378540039062,26.883362133714503,27.297378540039062,92600,0.0,0.0
2007-02-08 00:00:00-05:00,27.21459302120385,27.366399407970533,27.06278926667442,27.324996948242188,67800,0.0,0.0
2007-02-09 00:00:00-05:00,27.28359270865324,27.428497345913684,26.841977071914663,27.131786346435547,104300,0.0,0.0
2007-02-12 00:00:00-05:00,27.21458602608093,27.21458602608093,26.855772697374896,26.993778228759766,84600,0.0,0.0
2007-02-13 00:00:00-05:00,27.0834877498262,27.297396498767768,26.9247822776065,27.2421932220459,75600,0.0,0.0
2007-02-14 00:00:00-05:00,27.29071828417436,27.484812064180627,27.138219239382856,27.394697189331055,98800,0.18,0.0
2007-02-15 00:00:00-05:00,27.380820932774366,27.706618888780888,27.311503456484232,27.609573364257812,110300,0.0,0.0
2007-02-16 00:00:00-05:00,27.609577098486685,27.838326916616598,27.484803508854885,27.824462890625,106800,0.0,0.0
2007-02-20 00:00:00-05:00,27.706620124757567,27.838324393300965,27.588777236656764,27.817529678344727,158200,0.0,0.0
2007-02-21 00:00:00-05:00,27.692762579403094,27.935376458298943,27.651170495466825,27.872989654541016,161900,0.0,0.0
2007-02-22 00:00:00-05:00,27.796737149329825,27.990830885054244,27.775942430760093,27.976966857910156,159900,0.0,0.0
2007-02-23 00:00:00-05:00,27.90071518692633,27.98389670298229,27.74821353724648,27.866056442260742,154800,0.0,0.0
2007-02-26 00:00:00-05:00,27.85911369323731,27.85911369323731,27.692750717338967,27.859113693237305,199100,0.0,0.0
2007-02-27 00:00:00-05:00,27.96311319929241,30.02187571844005,27.159017836832035,28.59391212463379,525400,0.0,0.0
2007-02-28 00:00:00-05:00,28.455262556678704,28.580036150814,27.928442771446207,28.177989959716797,417500,0.0,0.0
2007-03-01 00:00:00-05:00,27.762068481329685,28.78105163574219,27.415475859479645,28.781051635742188,533500,0.0,0.0
2007-03-02 00:00:00-05:00,28.628554245160448,28.767191843142474,28.27503088238391,28.4691219329834,334600,0.0,0.0
2007-03-05 00:00:00-05:00,28.38594977068289,28.82958811474538,28.247312127090083,28.420608520507812,363000,0.0,0.0
2007-03-06 00:00:00-05:00,28.476061044034882,28.801856424448996,28.21264981886138,28.52458381652832,179600,0.0,0.0
2007-03-07 00:00:00-05:00,28.420618563924904,28.420618563924904,27.789819574741262,28.302778244018555,218300,0.0,0.0
2007-03-08 00:00:00-05:00,28.476062268468556,28.684017394424057,28.323560608764506,28.5384464263916,163300,0.0,0.0
2007-03-09 00:00:00-05:00,28.697886843279115,28.697886843279115,28.19185899399513,28.44140625,172600,0.0,0.0
2007-03-12 00:00:00-04:00,28.44140574445892,28.947430940455,28.302770732958997,28.808795928955078,164400,0.0,0.0
2007-03-13 00:00:00-04:00,28.635502276942745,28.7048197893657,28.254248025735695,28.27504539489746,215700,0.0,0.0
2007-03-14 00:00:00-04:00,28.23344782946822,28.607768670316656,28.004697967367342,28.510723114013672,140500,0.0,0.0
2007-03-15 00:00:00-04:00,28.580028192213387,28.753324508666992,28.496846700717402,28.753324508666992,104300,0.0,0.0
2007-03-16 00:00:00-04:00,28.746405918257192,28.871179530161744,28.150265915667248,28.35822105407715,334000,0.0,0.0
2007-03-19 00:00:00-04:00,28.510732036551598,28.94743717658349,28.323571557554825,28.82266616821289,145400,0.0,0.0
2007-03-20 00:00:00-04:00,28.73254085572502,29.072200285902014,28.531516416636535,29.05833625793457,101700,0.0,0.0
2007-03-21 00:00:00-04:00,29.037536324197195,30.14663456380812,29.009808273241116,30.132770538330078,274900,0.0,0.0
2007-03-22 00:00:00-04:00,30.271400742491654,30.299128789085803,29.46730590130588,29.55742073059082,279600,0.0,0.0
2007-03-23 00:00:00-04:00,29.495036528073555,29.758447705176554,29.273217424500174,29.619810104370117,115800,0.0,0.0
2007-03-26 00:00:00-04:00,29.52970553548856,29.543569564819336,28.91277077388174,29.543569564819336,130500,0.0,0.0
2007-03-27 00:00:00-04:00,29.52277276496182,29.543567485347708,29.328681656578812,29.495044708251953,160500,0.0,0.0
2007-03-28 00:00:00-04:00,29.321745150266736,29.501974855103118,29.086061982298745,29.425724029541016,308800,0.0,0.0
2007-03-29 00:00:00-04:00,29.599022459627015,29.668339954440917,29.051405260001232,29.342544555664062,116800,0.0,0.0
2007-03-30 00:00:00-04:00,29.328668932442053,29.328668932442053,28.697870459573874,29.155372619628906,288800,0.0,0.0
2007-04-02 00:00:00-04:00,29.21776572738733,29.73765477844908,29.1623096260137,29.702993392944336,144000,0.0,0.0
2007-04-03 00:00:00-04:00,29.702994055463524,30.098109531540025,29.69606336478346,29.959474563598633,120400,0.0,0.0
2007-04-04 00:00:00-04:00,30.014918926025462,30.132761786214896,29.391053826471264,29.564350128173828,151200,0.0,0.0
2007-04-05 00:00:00-04:00,29.439593355216317,29.765388789949526,29.349478486578388,29.59902572631836,202100,0.0,0.0
2007-04-09 00:00:00-04:00,29.585161571157304,29.585161571157304,29.086067093799738,29.22470474243164,77400,0.0,0.0
2007-04-10 00:00:00-04:00,29.134595585770793,29.328689389623204,28.940504426212105,29.093006134033203,150000,0.0,0.0
2007-04-11 00:00:00-04:00,29.030618342887294,29.148458644601096,28.61470532934141,29.065277099609375,109300,0.0,0.0
2007-04-12 00:00:00-04:00,28.968217053499654,29.32174042635043,28.718669898879188,29.259353637695312,72800,0.0,0.0
2007-04-13 00:00:00-04:00,29.224699904754377,29.467313766479492,29.120721024419172,29.467313766479492,249200,0.0,0.0
2007-04-16 00:00:00-04:00,29.571278880076132,30.271394729614258,29.515825442194753,30.271394729614258,97700,0.0,0.0
2007-04-17 00:00:00-04:00,30.209022140170656,30.45163598160046,29.95947496367569,30.3823184967041,150600,0.0,0.0
2007-04-18 00:00:00-04:00,30.23674921352999,30.458568350571127,30.22288518692833,30.27834129333496,123600,0.0,0.0
2007-04-19 00:00:00-04:00,30.07731015841695,30.07731015841695,29.557421176252216,29.709922790527344,123600,0.0,0.0
2007-04-20 00:00:00-04:00,30.361526442123044,30.58334560571006,30.09118450176968,30.555620193481445,157400,0.0,0.0
2007-04-23 00:00:00-04:00,30.465499331903523,30.500158073583187,30.13277065205226,30.319931030273438,66400,0.0,0.0
2007-04-24 00:00:00-04:00,30.423899633424096,30.423899633424096,29.772306462491045,30.181285858154297,80800,0.0,0.0
2007-04-25 00:00:00-04:00,30.22288492069897,30.728912632177522,30.13970340611445,30.444704055786133,77800,0.0,0.0
2007-04-26 00:00:00-04:00,30.416991208423948,30.54176485397483,30.18130794952714,30.520967483520508,96400,0.0,0.0
2007-04-27 00:00:00-04:00,30.437772729587977,30.48629549910754,29.952542390099715,30.03572654724121,133700,0.0,0.0
2007-04-30 00:00:00-04:00,30.098110908175897,30.139702987036173,29.169244945596763,29.2177677154541,155900,0.0,0.0
2007-05-01 00:00:00-04:00,29.294021469848147,29.85550274202565,28.787996313374016,29.75845718383789,165000,0.0,0.0
2007-05-02 00:00:00-04:00,29.702995814301598,30.29913573120257,29.640609017316784,30.04265785217285,100300,0.0,0.0
2007-05-03 00:00:00-04:00,30.08425091352278,30.35459282784986,29.90402120777622,30.07038688659668,82600,0.0,0.0
2007-05-04 00:00:00-04:00,30.111966470909408,30.27833209529759,29.88321671220404,30.10503578186035,118900,0.0,0.0
2007-05-07 00:00:00-04:00,30.07731308545298,30.222881379995282,29.945608815766,30.00799560546875,84300,0.0,0.0
2007-05-08 00:00:00-04:00,29.70992916241966,30.451637391172234,29.599019594876076,30.444704055786133,137700,0.0,0.0
2007-05-09 00:00:00-04:00,27.554118620476256,28.905830628829786,27.498662521287923,28.815715789794922,618700,0.0,0.0
2007-05-10 00:00:00-04:00,28.59388820370208,28.94048078798938,28.385933181988015,28.843435287475586,372200,0.0,0.0
2007-05-11 00:00:00-04:00,28.891973339541916,29.425726519346487,28.663220843500113,29.300952911376953,204000,0.0,0.0
2007-05-14 00:00:00-04:00,29.217768561889045,29.543563934041906,29.169245790626007,29.328678131103516,221000,0.0,0.0
2007-05-15 00:00:00-04:00,29.224716209093547,30.056539782967537,29.120737270748954,29.28017234802246,329000,0.0,0.0
2007-05-16 00:00:00-04:00,29.321752375804383,29.917892456054688,29.27322959199735,29.917892456054688,154000,0.0,0.0
2007-05-17 00:00:00-04:00,29.938788162817293,29.945754363000272,29.151474650111144,29.367464065551758,127700,0.22,0.0
2007-05-18 00:00:00-04:00,29.367466338833914,29.64615955101625,29.262954723115044,29.458040237426758,137700,0.0,0.0
2007-05-21 00:00:00-04:00,29.367462235126233,29.980588810955652,29.26295063401145,29.757633209228516,152300,0.0,0.0
2007-05-22 00:00:00-04:00,29.75066582183085,30.384696287276938,29.534676428474814,30.1687068939209,165900,0.0,0.0
2007-05-23 00:00:00-04:00,30.16869966075601,30.18263471419669,29.876071512020765,29.938777923583984,120100,0.0,0.0
2007-05-24 00:00:00-04:00,29.85517805172221,30.405600894988744,29.52074462561916,29.841245651245117,153000,0.0,0.0
2007-05-25 00:00:00-04:00,29.952715773643927,30.203538785475928,29.820334082517117,29.994518280029297,138900,0.0,0.0
2007-05-29 00:00:00-04:00,30.11296958423413,30.11993578376488,29.72279596450355,29.855175018310547,150500,0.0,0.0
2007-05-30 00:00:00-04:00,29.61829204899037,29.91092300415039,29.51378308187974,29.91092300415039,186500,0.0,0.0
2007-05-31 00:00:00-04:00,30.13386666497519,30.16870297348231,29.701890592238946,29.95968246459961,153300,0.0,0.0
2007-06-01 00:00:00-04:00,29.994529839740437,30.50314757355342,29.959693518380277,30.2453556060791,342700,0.0,0.0
2007-06-04 00:00:00-04:00,30.11297893906624,30.858487438950657,30.11297893906624,30.41954231262207,214100,0.0,0.0
2007-06-05 00:00:00-04:00,30.321998988564193,30.377736574629502,29.49984899583223,29.827316284179688,189600,0.0,0.0
2007-06-06 00:00:00-04:00,29.590413280938172,29.611314534806876,29.17933845520019,29.179338455200195,214400,0.0,0.0
2007-06-07 00:00:00-04:00,28.96336118875027,29.012132573382935,28.47564468458247,28.77524185180664,275600,0.0,0.0
2007-06-08 00:00:00-04:00,28.670733985689235,29.053938875929106,28.503515904904642,28.956396102905273,104100,0.0,0.0
2007-06-11 00:00:00-04:00,28.87277566379066,29.046959885681424,28.53137607727533,28.96335220336914,109500,0.0,0.0
2007-06-12 00:00:00-04:00,28.789171712375783,29.311724445767656,28.740400336553126,28.93548583984375,232300,0.0,0.0
2007-06-13 00:00:00-04:00,28.33628575523565,29.20024059860805,28.33628575523565,29.067861557006836,122400,0.0,0.0
2007-06-14 00:00:00-04:00,29.026059733222638,29.318690619202798,29.01212467600069,29.116636276245117,87600,0.0,0.0
2007-06-15 00:00:00-04:00,30.58675228922454,30.9978271842259,29.513776779174805,29.513776779174805,332200,0.0,0.0
2007-06-18 00:00:00-04:00,29.43714238924611,29.499848834377083,29.040002456030315,29.144514083862305,148400,0.0,0.0
2007-06-19 00:00:00-04:00,29.074835973166117,29.848214502524147,28.984259414976577,29.646160125732422,240700,0.0,0.0
2007-06-20 00:00:00-04:00,29.68099516051067,29.862148269045804,29.360496778137104,29.667062759399414,215600,0.0,0.0
2007-06-21 00:00:00-04:00,29.492865163708796,29.86910095380251,29.269906979206503,29.639179229736328,182600,0.0,0.0
2007-06-22 00:00:00-04:00,29.576486983034556,29.708866059799114,29.33262743172199,29.68099594116211,391900,0.0,0.0
2007-06-25 00:00:00-04:00,29.62525536705251,29.952722583333177,29.095733797839497,29.346559524536133,229600,0.0,0.0
2007-06-26 00:00:00-04:00,29.471980160459406,29.625263180052432,29.053938944276357,29.402307510375977,177300,0.0,0.0
2007-06-27 00:00:00-04:00,29.207217060350253,30.14781371120358,29.186315798500523,30.106008529663086,250200,0.0,0.0
2007-06-28 00:00:00-04:00,29.49983890598797,30.865442520523935,29.49983890598797,30.551910400390625,235700,0.0,0.0
2007-06-29 00:00:00-04:00,30.544952275709214,30.726102738650702,30.37773421482092,30.489212036132812,224400,0.0,0.0
2007-07-02 00:00:00-04:00,30.649464375432064,30.649464375432064,30.154779043896507,30.440441131591797,166500,0.0,0.0
2007-07-03 00:00:00-04:00,30.4613475358035,30.656433077606366,30.34290084410807,30.642498016357422,47900,0.0,0.0
2007-07-05 00:00:00-04:00,30.6215934753418,30.65642979581432,30.356832655637046,30.621593475341797,50000,0.0,0.0
2007-07-06 00:00:00-04:00,30.517080381085222,30.9560254397777,30.217483255388533,30.740036010742188,81300,0.0,0.0
2007-07-09 00:00:00-04:00,30.830601193867267,31.01872043534689,30.48223281879532,30.781829833984375,105600,0.0,0.0
2007-07-10 00:00:00-04:00,30.510117368941195,30.663397719198535,30.015434680057748,30.133878707885742,142200,0.0,0.0
2007-07-11 00:00:00-04:00,30.022392862133255,30.551911732006396,30.022392862133255,30.377727508544922,180200,0.0,0.0
2007-07-12 00:00:00-04:00,30.42649766390084,31.548244443468516,30.42649766390084,31.53430938720703,185500,0.0,0.0
2007-07-13 00:00:00-04:00,31.457669355403947,31.736362496401036,31.12323333366326,31.58308219909668,95900,0.0,0.0
2007-07-16 00:00:00-04:00,31.44374497605618,31.44374497605618,30.844550665594436,30.921192169189453,105000,0.0,0.0
2007-07-17 00:00:00-04:00,30.914207694601004,31.54823800702315,30.907241496811608,31.1650333404541,81800,0.0,0.0
2007-07-18 00:00:00-04:00,31.02570201984611,31.28349665889101,30.788811301003367,31.185951232910156,129100,0.0,0.0
2007-07-19 00:00:00-04:00,31.394960974135557,31.833903241824736,31.088395082980004,31.72242546081543,141300,0.0,0.0
2007-07-20 00:00:00-04:00,31.65275073406107,31.70848829192968,30.893307570992846,31.318317413330078,216100,0.0,0.0
2007-07-23 00:00:00-04:00,31.353165025085147,31.86875157494758,31.144144456486057,31.248653411865234,100100,0.0,0.0
2007-07-24 00:00:00-04:00,30.788796105676347,31.004785455559873,30.064191903751833,30.25927734375,208500,0.0,0.0
2007-07-25 00:00:00-04:00,30.412572894665786,30.865450376490333,30.043300455702585,30.621593475341797,220400,0.0,0.0
2007-07-26 00:00:00-04:00,30.133874578115197,30.391666518171892,29.144509335938288,29.618288040161133,313400,0.0,0.0
2007-07-27 00:00:00-04:00,29.722799771178398,29.75763608897441,28.656793031144453,28.663759231567383,379800,0.0,0.0
2007-07-30 00:00:00-04:00,29.674033600146775,31.86178769873901,29.11664444411072,31.6109619140625,440200,0.0,0.0
2007-07-31 00:00:00-04:00,31.68062695846323,32.586384375880016,31.422832397799464,31.806039810180664,316400,0.0,0.0
2007-08-01 00:00:00-04:00,31.645800828525875,33.0950154106949,31.645800828525875,32.71877670288086,376300,0.0,0.0
2007-08-02 00:00:00-04:00,32.746632954575915,33.58271773179271,32.704827785471,33.51304244995117,223700,0.0,0.0
2007-08-03 00:00:00-04:00,33.61059021610367,33.97985993347878,32.25195268949049,32.314659118652344,299700,0.0,0.0
2007-08-06 00:00:00-04:00,32.307687185130966,34.03559426461001,32.09866666043853,33.65238952636719,478100,0.0,0.0
2007-08-07 00:00:00-04:00,33.763884997349166,33.83356031395924,31.49252283269187,33.36674499511719,621200,0.0,0.0
2007-08-08 00:00:00-04:00,33.958960928148095,39.14268300383912,33.958960928148095,38.94759750366211,1217100,0.0,0.0
2007-08-09 00:00:00-04:00,38.5504616194963,42.25013359325169,36.24426106502755,38.383243560791016,1675600,0.0,0.0
2007-08-10 00:00:00-04:00,37.797984421631185,38.529557782094585,35.449981340925305,35.944664001464844,944600,0.0,0.0
2007-08-13 00:00:00-04:00,35.9446663828367,35.9446663828367,33.86142132567964,34.216758728027344,576000,0.0,0.0
2007-08-14 00:00:00-04:00,34.23764916198569,34.56511633943805,33.624519975853694,33.645423889160156,250000,0.0,0.0
2007-08-15 00:00:00-04:00,33.73642919235597,35.29726364183356,33.589445392944526,33.74342727661133,312100,0.22,0.0
2007-08-16 00:00:00-04:00,33.56141887025681,35.37422551492771,33.44943092838538,34.583309173583984,508600,0.0,0.0
2007-08-17 00:00:00-04:00,36.67611808045661,36.67611808045661,34.996294859212256,35.09428405761719,450700,0.0,0.0
2007-08-20 00:00:00-04:00,35.38824913941157,36.00418191631225,34.75131677306757,35.79420471191406,203600,0.0,0.0
2007-08-21 00:00:00-04:00,35.34624606459888,35.815194978309215,34.793304148727835,35.1712646484375,168000,0.0,0.0
2007-08-22 00:00:00-04:00,35.269257019375736,35.6262206359865,34.56233320864415,34.989288330078125,252700,0.0,0.0
2007-08-23 00:00:00-04:00,35.05227502078356,35.17825917126968,34.40834208605453,34.79330062866211,202000,0.0,0.0
2007-08-24 00:00:00-04:00,34.758321009837964,35.003294013338454,34.68832948598225,34.99629592895508,196300,0.0,0.0
2007-08-27 00:00:00-04:00,34.81431292409327,34.989294386443945,34.25437010856692,34.506343841552734,116300,0.0,0.0
2007-08-28 00:00:00-04:00,34.19136376779576,34.19136376779576,33.03648815425958,33.10647964477539,186900,0.0,0.0
2007-08-29 00:00:00-04:00,33.246452351384896,33.771396335880446,32.98748073330131,33.73640060424805,169200,0.0,0.0
2007-08-30 00:00:00-04:00,33.73641798313821,33.99538973462783,32.98049697445992,33.25346755981445,183600,0.0,0.0
2007-08-31 00:00:00-04:00,33.253458817842755,33.701413373744124,33.14147084636837,33.540428161621094,123900,0.0,0.0
2007-09-04 00:00:00-04:00,33.5054475665282,34.06538767700815,33.344464951640525,33.827415466308594,123800,0.0,0.0
2007-09-05 00:00:00-04:00,33.54042665721299,34.03037501168891,33.23246041697279,33.37944412231445,158300,0.0,0.0
2007-09-06 00:00:00-04:00,33.512435711148484,33.792404326051205,33.155472189392135,33.58942794799805,75100,0.0,0.0
2007-09-07 00:00:00-04:00,33.022491295807775,33.33045761048944,32.21757575674756,32.38555908203125,153100,0.0,0.0
2007-09-10 00:00:00-04:00,32.546552679785755,33.393462334523,31.986612522521682,32.539554595947266,153300,0.0,0.0
2007-09-11 00:00:00-04:00,32.7145193486275,33.40044602459736,32.7145193486275,33.21846389770508,109300,0.0,0.0
2007-09-12 00:00:00-04:00,33.25347523203096,33.904406471906995,33.15548604237309,33.239479064941406,121400,0.0,0.0
2007-09-13 00:00:00-04:00,33.38646419386013,33.89040899953743,33.14848929367727,33.17648696899414,107000,0.0,0.0
2007-09-14 00:00:00-04:00,32.826514727596155,33.28146480744283,32.65853139334208,32.9944953918457,78000,0.0,0.0
2007-09-17 00:00:00-04:00,32.8475067643161,33.02248815442219,32.224573442739064,32.25257110595703,307900,0.0,0.0
2007-09-18 00:00:00-04:00,32.40656689964509,34.00239968174357,32.18959159107416,33.92540740966797,180500,0.0,0.0
2007-09-19 00:00:00-04:00,34.366343994032,34.80729784528043,33.7714083348905,34.10737228393555,221000,0.0,0.0
2007-09-20 00:00:00-04:00,33.827413609873076,34.35935601813497,33.16948167991176,33.42145538330078,114800,0.0,0.0
2007-09-21 00:00:00-04:00,33.73642161917471,34.49234003931966,33.673428194995566,33.85540771484375,272800,0.0,0.0
2007-09-24 00:00:00-04:00,33.596443358120446,33.81342134934359,33.04350125371674,33.295475006103516,114400,0.0,0.0
2007-09-25 00:00:00-04:00,32.9525093878344,33.72942481703341,32.82652252471993,33.554443359375,195900,0.0,0.0
2007-09-26 00:00:00-04:00,33.610415300652974,33.75739898192326,33.393437483061156,33.59641647338867,105200,0.0,0.0
2007-09-27 00:00:00-04:00,33.72242178239674,33.9533958841915,33.351462001026945,33.93939971923828,93900,0.0,0.0
2007-09-28 00:00:00-04:00,33.93239280896623,33.93239280896623,32.77051641834996,32.97349548339844,113500,0.0,0.0
2007-10-01 00:00:00-04:00,32.93851098062809,34.093387014240214,32.93851098062809,33.911407470703125,148500,0.0,0.0
2007-10-02 00:00:00-04:00,33.95339402023162,34.29635878286227,33.84840676881746,34.05838394165039,96500,0.0,0.0
2007-10-03 00:00:00-04:00,33.77841637027295,33.813414794657604,32.64453737433885,32.89651107788086,186600,0.0,0.0
2007-10-04 00:00:00-04:00,33.07148482045224,33.68041934891016,32.67252743939316,33.61042785644531,119900,0.0,0.0
2007-10-05 00:00:00-04:00,33.77140150665348,34.429330440089586,33.43543762553694,34.27534866333008,176900,0.0,0.0
2007-10-08 00:00:00-04:00,34.08636082248961,34.58330711813298,34.01636669422808,34.47831726074219,144700,0.0,0.0
2007-10-09 00:00:00-04:00,34.52033205140613,34.562328550643,34.002388577506714,34.48533630371094,200700,0.0,0.0
2007-10-10 00:00:00-04:00,34.57632841689467,34.99628274179441,34.31035592045578,34.8003044128418,154300,0.0,0.0
2007-10-11 00:00:00-04:00,34.78630689865126,35.2062612394782,32.95950044304535,33.38645553588867,242000,0.0,0.0
2007-10-12 00:00:00-04:00,33.38646201940655,33.77142068492279,32.97350568039693,33.260475158691406,130700,0.0,0.0
2007-10-15 00:00:00-04:00,33.3864493647282,33.3864493647282,32.42755210607994,32.8335075378418,157100,0.0,0.0
2007-10-16 00:00:00-04:00,33.008494157147155,33.07148757361136,32.59553790921617,32.88250732421875,109900,0.0,0.0
2007-10-17 00:00:00-04:00,33.13448784258563,33.51244841953649,32.119594887442055,32.77752685546875,209000,0.0,0.0
2007-10-18 00:00:00-04:00,32.567547541150134,32.896513530860375,32.126596197076324,32.21058654785156,132000,0.0,0.0
2007-10-19 00:00:00-04:00,32.21058782730522,32.26658050671112,31.209693651625845,31.293684005737305,211700,0.0,0.0
2007-10-22 00:00:00-04:00,30.649741377404574,32.084588263135124,30.649741377404574,31.50364875793457,245600,0.0,0.0
2007-10-23 00:00:00-04:00,31.692629906326008,31.839616309640377,31.146688799743107,31.587642669677734,171400,0.0,0.0
2007-10-24 00:00:00-04:00,31.44766692865761,31.573653788345492,30.467769724419654,31.321680068969727,215000,0.0,0.0
2007-10-25 00:00:00-04:00,31.48965915882666,31.95860810725988,31.076702879308655,31.47566032409668,213500,0.0,0.0
2007-10-26 00:00:00-04:00,31.846617850218664,32.18958260186916,31.44065968173458,31.86061668395996,135800,0.0,0.0
2007-10-29 00:00:00-04:00,31.930615403996327,32.35057250119797,31.22369149521433,31.496662139892578,132700,0.0,0.0
2007-10-30 00:00:00-04:00,31.34968376214011,32.13360007405851,31.265690726216086,31.468669891357422,213200,0.0,0.0
2007-10-31 00:00:00-04:00,31.286683291986247,32.77052521657565,31.19569219184485,32.04960250854492,282300,0.0,0.0
2007-11-01 00:00:00-04:00,31.49665637501153,31.622643214111946,29.984816975811164,31.377670288085938,548300,0.0,0.0
2007-11-02 00:00:00-04:00,30.79673193952563,31.643641427061443,30.62175050805105,31.32867431640625,255600,0.0,0.0
2007-11-05 00:00:00-05:00,30.978710917536283,32.08459482692649,30.978710917536283,31.783626556396484,306700,0.0,0.0
2007-11-06 00:00:00-05:00,31.930612720706872,32.889512943232766,31.783628950540386,32.784523010253906,259600,0.0,0.0
2007-11-07 00:00:00-05:00,32.51854426864681,32.58853843395002,31.888612800944255,32.007598876953125,224700,0.0,0.0
2007-11-08 00:00:00-05:00,32.12658563323596,32.742518229730656,31.853612410466365,32.602535247802734,241400,0.0,0.0
2007-11-09 00:00:00-05:00,32.322563501969384,32.46954723298642,31.69262941189035,32.05659103393555,329800,0.0,0.0
2007-11-12 00:00:00-05:00,31.98659857492048,33.14147414507376,31.895607504664635,32.567535400390625,196100,0.0,0.0
2007-11-13 00:00:00-05:00,32.72152410211666,33.59643116367058,32.49754810795921,33.52643966674805,245300,0.0,0.0
2007-11-14 00:00:00-05:00,33.74440683543073,34.67257114397209,33.52642783784783,34.264739990234375,360600,0.22,0.0
2007-11-15 00:00:00-05:00,34.152255295684625,34.440548883248766,33.80771067466458,34.2296028137207,279100,0.0,0.0
2007-11-16 00:00:00-05:00,34.24364189306697,35.07336483456842,34.117073804883844,34.51787185668945,225400,0.0,0.0
2007-11-19 00:00:00-05:00,34.20146701366942,34.405382656572435,33.3295561056327,33.56159591674805,307200,0.0,0.0
2007-11-20 00:00:00-05:00,33.57565490692131,34.489755970016716,32.992034905840576,33.16079330444336,468200,0.0,0.0
2007-11-21 00:00:00-05:00,33.11860361349136,33.188920731774004,32.66858478577762,32.907657623291016,228200,0.0,0.0
2007-11-23 00:00:00-05:00,33.16080240997077,33.46315939051142,32.9076660837205,33.1818962097168,49700,0.0,0.0
2007-11-26 00:00:00-05:00,33.118598707955755,33.280326714888744,32.48576083109084,32.62639236450195,180100,0.0,0.0
2007-11-27 00:00:00-05:00,32.6545375411218,33.42097707503769,32.535002404302176,33.39988327026367,146700,0.0,0.0
2007-11-28 00:00:00-05:00,33.92723287859096,34.131148497163,33.68816004220535,34.03270721435547,197400,0.0,0.0
2007-11-29 00:00:00-05:00,33.83582757342304,34.018649428067484,33.463156174660156,33.758480072021484,89400,0.0,0.0
2007-11-30 00:00:00-05:00,34.53193742992288,35.18587169889069,34.046758834178526,34.46162033081055,242900,0.0,0.0
2007-12-03 00:00:00-05:00,34.35617133201407,34.69368558306518,34.06787774159594,34.10303497314453,143600,0.0,0.0
2007-12-04 00:00:00-05:00,33.878032319885556,34.2155466391552,33.568644864469725,34.004600524902344,207100,0.0,0.0
2007-12-05 00:00:00-05:00,34.70070690776406,35.57965087890625,34.48273051960824,35.57965087890625,166000,0.0,0.0
2007-12-06 00:00:00-05:00,35.46011520170677,36.84533173573218,35.340577428793736,36.831268310546875,191600,0.0,0.0
2007-12-07 00:00:00-05:00,36.613285163591314,37.175808696697175,36.39530612099614,36.95783233642578,254200,0.0,0.0
2007-12-10 00:00:00-05:00,36.98596277268586,37.26722592809172,36.50781701789044,36.94377517700195,136700,0.0,0.0
2007-12-11 00:00:00-05:00,37.10549353186586,37.72427074728619,36.212486267089844,36.212486267089844,257100,0.0,0.0
2007-12-12 00:00:00-05:00,36.97892343261492,37.246123097216056,35.762465542803184,36.282798767089844,172000,0.0,0.0
2007-12-13 00:00:00-05:00,35.98748119232978,36.88048856465288,35.7132511099479,36.782047271728516,134700,0.0,0.0
2007-12-14 00:00:00-05:00,36.71877825077876,36.99300844556402,36.28281994295716,36.39532470703125,173600,0.0,0.0
2007-12-17 00:00:00-05:00,36.149193083837666,37.08439038271635,36.064815247396666,36.33201217651367,157300,0.0,0.0
2007-12-18 00:00:00-05:00,36.62032446312935,36.978932438428245,36.33202825326701,36.77501678466797,232300,0.0,0.0
2007-12-19 00:00:00-05:00,36.571112019069226,38.53994933043625,36.571112019069226,38.43447494506836,242900,0.0,0.0
2007-12-20 00:00:00-05:00,38.645415370777165,40.03766256907251,38.17430259843604,39.3766975402832,250100,0.0,0.0
2007-12-21 00:00:00-05:00,39.8829666880964,39.988438366333334,38.490719613238554,38.58916091918945,437600,0.0,0.0
2007-12-24 00:00:00-05:00,39.074331833042855,39.074331833042855,38.455554544257495,38.57509231567383,92100,0.0,0.0
2007-12-26 00:00:00-05:00,38.511797629673545,38.87743853216314,38.24459799279205,38.67352294921875,104200,0.0,0.0
2007-12-27 00:00:00-05:00,38.81417145710576,38.849328684155935,36.56407405567617,36.71876907348633,231300,0.0,0.0
2007-12-28 00:00:00-05:00,36.82422692968749,37.056269369286845,36.31795714912036,36.57109069824219,207100,0.0,0.0
2007-12-31 00:00:00-05:00,36.550003744336976,36.77501317386781,36.40234180914311,36.47265625,173300,0.0,0.0
2008-01-02 00:00:00-05:00,36.4656281859514,36.824236148728346,35.47417948612792,35.62184143066406,175900,0.0,0.0
2008-01-03 00:00:00-05:00,35.65700437782937,35.980455169881566,34.87650157094176,35.03119659423828,217700,0.0,0.0
2008-01-04 00:00:00-05:00,34.63742032434416,35.30541823046665,34.27178201929238,34.44757080078125,353800,0.0,0.0
2008-01-07 00:00:00-05:00,34.567108628926654,35.19994936545675,34.44757353553994,34.792118072509766,382500,0.0,0.0
2008-01-08 00:00:00-05:00,34.96789841413621,35.192907803321184,33.9975437468238,34.21552276611328,242100,0.0,0.0
2008-01-09 00:00:00-05:00,33.976451806286576,34.328029331337,32.788120737252676,33.491275787353516,471400,0.0,0.0
2008-01-10 00:00:00-05:00,33.491287041537525,34.98900587026252,33.343622392830156,34.80618667602539,522500,0.0,0.0
2008-01-11 00:00:00-05:00,34.63039236144635,34.64445578682227,33.76551181825764,34.08896255493164,173500,0.0,0.0
2008-01-14 00:00:00-05:00,34.468668174556846,34.468668174556846,33.95536520120003,34.23662567138672,130100,0.0,0.0
2008-01-15 00:00:00-05:00,33.72332339443797,34.19443878227393,33.533471164921174,33.84286117553711,152300,0.0,0.0
2008-01-16 00:00:00-05:00,33.94832705174824,34.01864417048406,33.224078163874076,33.25923538208008,204400,0.0,0.0
2008-01-17 00:00:00-05:00,33.15376067777746,33.399863864905235,32.190436357137756,32.394351959228516,217000,0.0,0.0
2008-01-18 00:00:00-05:00,31.958396113411446,32.38028805139882,31.0583558661423,31.452123641967773,317700,0.0,0.0
2008-01-22 00:00:00-05:00,30.692723257349552,31.930275136567516,30.530995213000256,31.213056564331055,213600,0.0,0.0
2008-01-23 00:00:00-05:00,30.509899357565793,31.859958544274075,30.411458072744907,31.68416976928711,393000,0.0,0.0
2008-01-24 00:00:00-05:00,31.866998243208627,31.923251955186572,30.53803514446283,31.05133819580078,212000,0.0,0.0
2008-01-25 00:00:00-05:00,31.332586986924067,31.529469523687414,30.34816893846054,30.46770668029785,171100,0.0,0.0
2008-01-28 00:00:00-05:00,30.284900338304226,31.177907943725582,29.912228865721012,31.177907943725586,212300,0.0,0.0
2008-01-29 00:00:00-05:00,31.311485954757764,31.45211746725246,30.62942754499143,31.23413848876953,197600,0.0,0.0
2008-01-30 00:00:00-05:00,31.100553158988962,31.83886555842536,30.910700939306892,30.98101806640625,233900,0.0,0.0
2008-01-31 00:00:00-05:00,30.64350631384718,31.606828231132166,30.376306574498845,31.381818771362305,271200,0.0,0.0
2008-02-01 00:00:00-05:00,31.38183564160826,32.28187396453026,31.22011017310357,31.69122314453125,151900,0.0,0.0
2008-02-04 00:00:00-05:00,31.536510549984484,31.64901527791261,31.12164886281371,31.29743766784668,153000,0.0,0.0
2008-02-05 00:00:00-05:00,30.7419468613493,31.20602919600472,30.622409079978212,30.868515014648438,257300,0.0,0.0
2008-02-06 00:00:00-05:00,31.09353249404031,31.114626297592995,29.8981677834305,30.04582977294922,146800,0.0,0.0
2008-02-07 00:00:00-05:00,30.06691804883535,31.009146214288712,29.848941632665017,30.91773796081543,173300,0.0,0.0
2008-02-08 00:00:00-05:00,30.91071453741241,31.45917764076835,30.397411354235615,30.573200225830078,221700,0.0,0.0
2008-02-11 00:00:00-05:00,30.594293314404773,31.030251637006675,30.0950535745456,30.826335906982422,133800,0.0,0.0
2008-02-12 00:00:00-05:00,30.92477072006438,31.670116326548467,30.678667430450364,31.318538665771484,163900,0.0,0.0
2008-02-13 00:00:00-05:00,31.445725347299017,32.31489900533199,31.353860675775262,32.2866325378418,260800,0.22,0.0
2008-02-14 00:00:00-05:00,32.37849915266735,32.37849915266735,30.830946355820668,31.000539779663086,129500,0.0,0.0
2008-02-15 00:00:00-05:00,30.8733414502573,30.951072887883036,30.173763902903087,30.322158813476562,153500,0.0,0.0
2008-02-19 00:00:00-05:00,30.767357586983874,31.09241399543719,30.279770278664206,30.541231155395508,116700,0.0,0.0
2008-02-20 00:00:00-05:00,30.449361724343017,31.021745681762695,30.31510001881265,31.021745681762695,133400,0.0,0.0
2008-02-21 00:00:00-05:00,31.233723039040584,31.742505825914886,30.279750259330175,30.36454963684082,193400,0.0,0.0
2008-02-22 00:00:00-05:00,30.392825009678255,30.901610686533978,30.244430085808318,30.82387924194336,185500,0.0,0.0
2008-02-25 00:00:00-05:00,30.85920724464712,31.43865902625164,30.53415096630305,31.32559585571289,166500,0.0,0.0
2008-02-26 00:00:00-05:00,31.156001654700415,32.25836965650086,31.050003746505432,31.968645095825195,177100,0.0,0.0
2008-02-27 00:00:00-05:00,31.80611693039487,32.78128860276404,31.678923203740556,32.2371711730957,196700,0.0,0.0
2008-02-28 00:00:00-05:00,32.29370714863988,32.420903582884286,31.431598582236525,31.806119918823242,202600,0.0,0.0
2008-02-29 00:00:00-05:00,30.520014281701627,30.703743597824353,27.62276917950456,28.343547821044922,1255300,0.0,0.0
2008-03-03 00:00:00-05:00,28.06797280955118,28.44249423123347,27.481455485534134,27.983173370361328,361800,0.0,0.0
2008-03-04 00:00:00-05:00,27.764099391429852,28.343548424200034,27.537973071111654,28.117422103881836,307700,0.0,0.0
2008-03-05 00:00:00-05:00,29.80631087193542,31.671854777584123,29.290459920421878,29.820444107055664,440800,0.0,0.0
2008-03-06 00:00:00-05:00,29.714438242779536,29.714438242779536,28.265815725952137,28.33647918701172,272700,0.0,0.0
2008-03-07 00:00:00-05:00,28.202224098488614,28.937136125411044,28.11035942121359,28.39301872253418,190200,0.0,0.0
2008-03-10 00:00:00-04:00,28.484887135522804,28.484887135522804,27.361320443661082,27.467315673828125,232600,0.0,0.0
2008-03-11 00:00:00-04:00,27.728771246142305,28.675676345825195,27.318915552775078,28.675676345825195,394400,0.0,0.0
2008-03-12 00:00:00-04:00,28.831140719946315,29.700314507956417,28.576747865769875,28.880605697631836,197300,0.0,0.0
2008-03-13 00:00:00-04:00,28.414219222267192,29.827510436851654,28.08209761987441,29.460054397583008,175200,0.0,0.0
2008-03-14 00:00:00-04:00,29.70031449807427,29.86991063268184,29.007802115068326,29.382326126098633,247500,0.0,0.0
2008-03-17 00:00:00-04:00,28.746347901653117,29.827514982991037,28.562618506196277,29.269264221191406,171200,0.0,0.0
2008-03-18 00:00:00-04:00,29.601383757423548,30.88747853397775,29.212729216489308,30.661352157592773,208800,0.0,0.0
2008-03-19 00:00:00-04:00,30.922811000489578,31.39626496540752,29.827510833740234,29.827510833740234,167300,0.0,0.0
2008-03-20 00:00:00-04:00,29.820441552207654,30.38575743038948,29.55191549920676,29.74271011352539,543100,0.0,0.0
2008-03-24 00:00:00-04:00,29.636705215814363,31.000530966502396,29.39644568730875,30.414016723632812,294200,0.0,0.0
2008-03-25 00:00:00-04:00,30.364549302880715,30.428147487495266,29.460041488847324,30.011226654052734,517700,0.0,0.0
2008-03-26 00:00:00-04:00,29.898176178590404,30.202034000942284,29.544853380101156,29.933507919311523,178300,0.0,0.0
2008-03-27 00:00:00-04:00,29.961768198764997,30.286824459251257,29.431784110548435,29.49538230895996,257100,0.0,0.0
2008-03-28 00:00:00-04:00,29.615515185540694,29.707379862728015,28.640343562118396,28.767539978027344,392000,0.0,0.0
2008-03-31 00:00:00-04:00,28.901817602147077,29.60846348292681,28.612092898852993,29.10674285888672,256900,0.0,0.0
2008-04-01 00:00:00-04:00,29.156202446505507,29.5943247521795,28.880611035425176,29.474193572998047,227000,0.0,0.0
2008-04-02 00:00:00-04:00,29.57311484514236,29.919372346694526,29.198593570604586,29.566049575805664,281300,0.0,0.0
2008-04-03 00:00:00-04:00,29.403520183148405,29.86990611320362,29.07846389460904,29.608448028564453,369600,0.0,0.0
2008-04-04 00:00:00-04:00,29.530720621457167,29.650849080976247,28.908871731297435,29.35405921936035,166600,0.0,0.0
2008-04-07 00:00:00-04:00,29.69323810047831,30.03242754694369,29.318716925438263,29.58724021911621,145200,0.0,0.0
2008-04-08 00:00:00-04:00,29.325792063356705,29.820444516806187,28.958336032098206,29.650848388671875,100300,0.0,0.0
2008-04-09 00:00:00-04:00,29.650847810275295,29.650847810275295,28.79580730772324,28.859405517578125,136800,0.0,0.0
2008-04-10 00:00:00-04:00,28.91592731437057,29.31164969292922,28.619137552180206,29.0007266998291,176000,0.0,0.0
2008-04-11 00:00:00-04:00,28.746348417964366,28.85941162656873,28.07503443753367,28.230497360229492,212200,0.0,0.0
2008-04-14 00:00:00-04:00,28.075026812561642,28.089160046753644,27.636907335164725,27.693437576293945,217800,0.0,0.0
2008-04-15 00:00:00-04:00,27.742895715047357,27.79942863789126,27.198781158684493,27.44610595703125,260100,0.0,0.0
2008-04-16 00:00:00-04:00,27.64397532534351,28.350620930663613,27.64397532534351,28.124494552612305,223800,0.0,0.0
2008-04-17 00:00:00-04:00,28.075025960117284,28.237554104932272,27.69343673543581,27.870098114013672,171200,0.0,0.0
2008-04-18 00:00:00-04:00,28.230485264040933,28.4848780483085,27.961959247798685,28.117422103881836,235700,0.0,0.0
2008-04-21 00:00:00-04:00,28.089161124881617,28.30115425462087,27.771170082453292,28.138626098632812,220400,0.0,0.0
2008-04-22 00:00:00-04:00,27.983160219426168,27.983160219426168,27.078654858267075,27.24825096130371,206200,0.0,0.0
2008-04-23 00:00:00-04:00,27.283585189331607,27.834767857192414,27.198788477885063,27.502643585205078,215100,0.0,0.0
2008-04-24 00:00:00-04:00,27.424919721387624,27.799441067956124,26.93026720788021,27.573314666748047,223100,0.0,0.0
2008-04-25 00:00:00-04:00,27.573313421968184,27.672243381075667,26.65467462157683,27.149324417114258,187000,0.0,0.0
2008-04-28 00:00:00-04:00,27.149325914777638,27.26239181215388,25.085921809169726,25.255517959594727,675500,0.0,0.0
2008-04-29 00:00:00-04:00,25.39684061498773,26.025757431662242,25.37564211065944,25.94095802307129,443200,0.0,0.0
2008-04-30 00:00:00-04:00,25.976289528142736,26.534540165962138,25.976289528142736,26.266014099121094,501400,0.0,0.0
2008-05-01 00:00:00-04:00,25.085913529855585,28.40714769124585,24.87392043351971,28.40007972717285,796000,0.0,0.0
2008-05-02 00:00:00-04:00,28.541422317021887,28.541422317021887,27.594516874144194,27.912508010864258,436800,0.0,0.0
2008-05-05 00:00:00-04:00,27.912508010864258,28.173966191883114,27.735846567757523,27.912508010864258,190500,0.0,0.0
2008-05-06 00:00:00-04:00,27.87716212305918,28.34354798850094,27.61570407464261,28.018491744995117,175700,0.0,0.0
2008-05-07 00:00:00-04:00,28.110373270290076,28.336499744496237,27.749985044411577,27.919578552246094,223700,0.0,0.0
2008-05-08 00:00:00-04:00,27.912504016426638,28.0326324866411,27.573314417678425,27.827707290649414,159300,0.0,0.0
2008-05-09 00:00:00-04:00,27.552112106521793,27.912500163052222,27.17758811940079,27.898366928100586,162000,0.0,0.0
2008-05-12 00:00:00-04:00,27.940765769368017,28.470749933298492,27.92663253485321,28.414216995239258,237200,0.0,0.0
2008-05-13 00:00:00-04:00,28.590875634607077,28.774604969997753,28.265819358932617,28.555543899536133,131000,0.0,0.0
2008-05-14 00:00:00-04:00,28.668598193885295,29.32577850618085,28.548469792705863,29.191516876220703,232300,0.0,0.0
2008-05-15 00:00:00-04:00,29.106733066299185,29.72151671660235,28.958338128214645,29.39645767211914,486600,0.0,0.0
2008-05-16 00:00:00-04:00,29.396449592382,29.608445383536793,28.58380894362967,28.887666702270508,284600,0.0,0.0
2008-05-19 00:00:00-04:00,28.958349319718657,29.10674431515326,28.619159603450882,28.852354049682617,337700,0.0,0.0
2008-05-20 00:00:00-04:00,28.703946026539786,29.205666495086202,28.46368639371056,28.760478973388672,349200,0.0,0.0
2008-05-21 00:00:00-04:00,28.916866568961808,29.286502354117836,28.362414247042548,28.646747589111328,276600,0.24,0.0
2008-05-22 00:00:00-04:00,28.582756995879983,29.158535979870223,28.440589044220005,29.11588478088379,488700,0.0,0.0
2008-05-23 00:00:00-04:00,29.080357169197782,29.15143982269723,27.822174678525705,28.37662696838379,332100,0.0,0.0
2008-05-27 00:00:00-04:00,28.66806768316963,28.66806768316963,27.8363866880381,28.262887954711914,187500,0.0,0.0
2008-05-28 00:00:00-04:00,28.284213437053673,28.355296073905713,27.871926550751265,28.092287063598633,266800,0.0,0.0
2008-05-29 00:00:00-04:00,28.006986574774643,28.93107438618393,27.985659615011702,28.803123474121094,223600,0.0,0.0
2008-05-30 00:00:00-04:00,28.582775034843756,29.42867338968267,28.476151037528076,29.314939498901367,316400,0.0,0.0
2008-06-02 00:00:00-04:00,29.19409035479773,29.457099420512034,28.55433564183931,29.02349090576172,307600,0.0,0.0
2008-06-03 00:00:00-04:00,29.07324097403555,29.30781582715487,28.58987148755071,28.852880477905273,194500,0.0,0.0
2008-06-04 00:00:00-04:00,28.71070747124535,29.243835248636522,28.568539521615417,28.79600715637207,190000,0.0,0.0
2008-06-05 00:00:00-04:00,28.810228723602457,29.92624282836914,28.810228723602457,29.92624282836914,230700,0.0,0.0
2008-06-06 00:00:00-04:00,29.769860062321683,30.082627426473273,29.64901633896252,29.855159759521484,359600,0.0,0.0
2008-06-09 00:00:00-04:00,29.862268049683976,29.904919255686217,28.817339263100656,29.464200973510742,318000,0.0,0.0
2008-06-10 00:00:00-04:00,29.314920067127545,29.983105893598346,29.208293428860863,29.812503814697266,202800,0.0,0.0
2008-06-11 00:00:00-04:00,29.663242907090787,29.67745997978201,28.959515434465878,29.02349090576172,209800,0.0,0.0
2008-06-12 00:00:00-04:00,29.144329946474738,29.50685578439942,28.781804108550055,29.04481315612793,185200,0.0,0.0
2008-06-13 00:00:00-04:00,29.364692940055434,29.720111627587134,29.20120066918638,29.62059211730957,132700,0.0,0.0
2008-06-16 00:00:00-04:00,29.407347325991054,29.961802433290586,29.051928567406968,29.940475463867188,193600,0.0,0.0
2008-06-17 00:00:00-04:00,29.855171238601894,29.9120395330195,29.279391959956516,29.4073429107666,265300,0.0,0.0
2008-06-18 00:00:00-04:00,29.051912405798593,29.378899542631427,28.596977081752733,28.867095947265625,266200,0.0,0.0
2008-06-19 00:00:00-04:00,28.83866709028179,29.037700653076172,28.39083886236551,29.037700653076172,166700,0.0,0.0
2008-06-20 00:00:00-04:00,28.92396735471858,28.945294316589592,28.27710555162995,28.61830711364746,440500,0.0,0.0
2008-06-23 00:00:00-04:00,28.732040803764725,28.909750119111997,28.48324884693013,28.724933624267578,221300,0.0,0.0
2008-06-24 00:00:00-04:00,28.57565771835914,29.130109900322125,28.34819001747028,28.639633178710938,328600,0.0,0.0
2008-06-25 00:00:00-04:00,28.618298511993427,30.061299571036514,28.554323068867102,30.054189682006836,312100,0.0,0.0
2008-06-26 00:00:00-04:00,29.677447247200252,29.904914889410215,29.101668252565428,29.32913589477539,260600,0.0,0.0
2008-06-27 00:00:00-04:00,29.357580598879206,29.855167262242414,29.01637901270622,29.04481315612793,546300,0.0,0.0
2008-06-30 00:00:00-04:00,28.41216308840717,29.336250884507553,28.41216308840717,28.426380157470703,311200,0.0,0.0
2008-07-01 00:00:00-04:00,28.09939793517722,28.262890190724466,27.40988758989172,27.665786743164062,347100,0.0,0.0
2008-07-02 00:00:00-04:00,27.559168596927247,27.658685407276305,26.613753475351764,26.691946029663086,380700,0.0,0.0
2008-07-03 00:00:00-04:00,26.592418985816757,26.592418985816757,25.88868897945932,25.97399139404297,213800,0.0,0.0
2008-07-07 00:00:00-04:00,25.995317693964893,26.08772729457773,25.18496367285093,25.56170654296875,291000,0.0,0.0
2008-07-08 00:00:00-04:00,25.447978804621375,26.3862839714332,25.341354819810206,26.364959716796875,232300,0.0,0.0
2008-07-09 00:00:00-04:00,26.44315285606943,26.83411289902735,26.073517068223698,26.2512264251709,272100,0.0,0.0
2008-07-10 00:00:00-04:00,26.20147132795848,26.663514087338726,26.009544872844863,26.343639373779297,262700,0.0,0.0
2008-07-11 00:00:00-04:00,26.087726255152738,26.60663709516229,25.94555827025027,26.237001419067383,211800,0.0,0.0
2008-07-14 00:00:00-04:00,26.471576891483853,26.720368811516334,25.59013762463003,25.874473571777344,185800,0.0,0.0
2008-07-15 00:00:00-04:00,25.554598408866568,25.981099653002943,25.37688910520495,25.44086456298828,187300,0.0,0.0
2008-07-16 00:00:00-04:00,25.55460230322542,26.443148956942373,25.405327116191977,26.414714813232422,205800,0.0,0.0
2008-07-17 00:00:00-04:00,26.41471367982341,26.890976075827293,26.08772917607691,26.642181396484375,175300,0.0,0.0
2008-07-18 00:00:00-04:00,26.61373857464636,26.947832860874094,26.037962290959815,26.869640350341797,303500,0.0,0.0
2008-07-21 00:00:00-04:00,26.97627360637956,27.111331704822167,26.663503487585746,26.770130157470703,186600,0.0,0.0
2008-07-22 00:00:00-04:00,26.563991209946366,27.765308075920363,26.542666957007427,27.75109100341797,188600,0.0,0.0
2008-07-23 00:00:00-04:00,27.77242305424879,28.817355127719928,27.573389406589556,28.433502197265625,264300,0.0,0.0
2008-07-24 00:00:00-04:00,28.490355790096455,29.094566315106597,28.02831053335081,28.156261444091797,207500,0.0,0.0
2008-07-25 00:00:00-04:00,28.383732097838056,28.575658484036065,27.914579613230362,28.255781173706055,312200,0.0,0.0
2008-07-28 00:00:00-04:00,28.142050757714536,28.142050757714536,21.73029754380603,22.391376495361328,2706200,0.0,0.0
2008-07-29 00:00:00-04:00,21.858247973273404,23.10932048529349,21.65921303209017,23.09510612487793,1035400,0.0,0.0
2008-07-30 00:00:00-04:00,23.080883987804608,24.097381367091515,23.03823278102991,23.834369659423828,634000,0.0,0.0
2008-07-31 00:00:00-04:00,23.571366541429448,24.01208494148973,23.39365720299538,23.486066818237305,450200,0.0,0.0
2008-08-01 00:00:00-04:00,23.59979753931639,23.805940995201535,23.336788512762663,23.429195404052734,461600,0.0,0.0
2008-08-04 00:00:00-04:00,23.45762332893199,24.474120556782637,23.18750448285808,24.09737777709961,539100,0.0,0.0
2008-08-05 00:00:00-04:00,24.16135827890579,24.850868537770065,23.805939669229577,24.395933151245117,561100,0.0,0.0
2008-08-06 00:00:00-04:00,24.395936174142882,24.92195697475953,24.090275915016704,24.779788970947266,1241900,0.0,0.0
2008-08-07 00:00:00-04:00,24.71581626503933,24.87930853861182,24.381721825513697,24.53810691833496,301900,0.0,0.0
2008-08-08 00:00:00-04:00,24.658947315883132,25.575928171251,24.630515882005888,25.263160705566406,221100,0.0,0.0
2008-08-11 00:00:00-04:00,25.170740706562636,26.99048459397363,25.170740706562636,26.59241485595703,373800,0.0,0.0
2008-08-12 00:00:00-04:00,26.52844909832328,26.93362616193138,26.42182241352989,26.485797882080078,212800,0.0,0.0
2008-08-13 00:00:00-04:00,26.585962796343463,26.91506717191826,26.378482882921116,26.75051498413086,244500,0.24,0.0
2008-08-14 00:00:00-04:00,26.600267507575914,27.30855712005696,26.48579632125532,27.03668975830078,197600,0.0,0.0
2008-08-15 00:00:00-04:00,27.480257187119324,28.023994480024275,26.8148927593178,27.115381240844727,180400,0.0,0.0
2008-08-18 00:00:00-04:00,26.88645583203143,27.179788515679036,26.557348673209574,26.786291122436523,247700,0.0,0.0
2008-08-19 00:00:00-04:00,26.757675750173807,26.857837732008033,26.2640163694061,26.421415328979492,143700,0.0,0.0
2008-08-20 00:00:00-04:00,26.47864849756443,26.60742896301586,25.891983145711983,26.135234832763672,133900,0.0,0.0
2008-08-21 00:00:00-04:00,25.88481874502473,26.092298597733375,25.455552531124393,25.83473777770996,141600,0.0,0.0
2008-08-22 00:00:00-04:00,26.11376989209974,26.578810721587836,26.07084216455641,26.471492767333984,150600,0.0,0.0
2008-08-25 00:00:00-04:00,26.414247866096698,26.478638073473324,25.419779008219564,25.727420806884766,136800,0.0,0.0
2008-08-26 00:00:00-04:00,25.727429090101598,25.88482803196696,25.376862193122022,25.784666061401367,282700,0.0,0.0
2008-08-27 00:00:00-04:00,25.741723021544605,25.99928378077637,25.376847098771194,25.698795318603516,219900,0.0,0.0
2008-08-28 00:00:00-04:00,25.634421347207066,26.43571978597722,25.634421347207066,26.378482818603516,199900,0.0,0.0
2008-08-29 00:00:00-04:00,26.271167017737024,26.636043124446143,25.88482568413295,25.992143630981445,137400,0.0,0.0
2008-09-02 00:00:00-04:00,26.29978145400454,27.15116354235418,25.963523847195496,26.52872657775879,198200,0.0,0.0
2008-09-03 00:00:00-04:00,26.535873890248524,26.793434708727922,25.934899556865933,26.28546905517578,205300,0.0,0.0
2008-09-04 00:00:00-04:00,25.977826224288158,25.977826224288158,25.25522476494327,25.484167098999023,179400,0.0,0.0
2008-09-05 00:00:00-04:00,25.398324130841196,25.455561100874654,25.076372997425363,25.1622257232666,299500,0.0,0.0
2008-09-08 00:00:00-04:00,25.934905807177223,26.264010163789255,25.219460129737854,25.756044387817383,255700,0.0,0.0
2008-09-09 00:00:00-04:00,25.856209684570366,26.63604568284099,25.469868313858164,25.591495513916016,205300,0.0,0.0
2008-09-10 00:00:00-04:00,25.6988099757187,25.784665430567863,25.08352892455333,25.376861572265625,231500,0.0,0.0
2008-09-11 00:00:00-04:00,25.13360605798431,25.984985385734802,24.783036494082037,25.920595169067383,142900,0.0,0.0
2008-09-12 00:00:00-04:00,25.741732481137902,25.96352160069237,25.326775450381493,25.89197540283203,163000,0.0,0.0
2008-09-15 00:00:00-04:00,24.940432696127306,25.977829305543484,24.940432696127306,25.20514678955078,143700,0.0,0.0
2008-09-16 00:00:00-04:00,24.754415421162125,26.843517887099214,24.754415421162125,26.185306549072266,511300,0.0,0.0
2008-09-17 00:00:00-04:00,25.97067465343536,26.271163223689726,25.54140838645297,25.863359451293945,372700,0.0,0.0
2008-09-18 00:00:00-04:00,26.271161432252764,27.816523708902444,26.24254295528321,27.537500381469727,905000,0.0,0.0
2008-09-19 00:00:00-04:00,29.33326576329485,29.769687958885445,26.886443441352053,28.26009750366211,831600,0.0,0.0
2008-09-22 00:00:00-04:00,28.01684958890699,28.560587044095584,26.45717796245479,26.779129028320312,251200,0.0,0.0
2008-09-23 00:00:00-04:00,26.721888339196262,27.737822368607947,26.46433025167431,27.194082260131836,162800,0.0,0.0
2008-09-24 00:00:00-04:00,27.186922832101814,27.208385318886062,26.571639405017912,26.600257873535156,235800,0.0,0.0
2008-09-25 00:00:00-04:00,26.793433628802596,28.102697431024865,26.557335311643225,27.909526824951172,321000,0.0,0.0
2008-09-26 00:00:00-04:00,27.573272281834132,28.460423239654553,27.46595435714557,28.388879776000977,272500,0.0,0.0
2008-09-29 00:00:00-04:00,27.41587243490625,28.39603204481313,26.886444272151103,26.979450225830078,310000,0.0,0.0
2008-09-30 00:00:00-04:00,27.31571863582972,27.415880602992047,26.32840274812738,27.272790908813477,240800,0.0,0.0
2008-10-01 00:00:00-04:00,27.058149029475423,27.787903778788117,26.85782515958066,27.072458267211914,214700,0.0,0.0
2008-10-02 00:00:00-04:00,26.678970611303402,27.18693639954802,26.15669558165924,26.228239059448242,166800,0.0,0.0
2008-10-03 00:00:00-04:00,26.61458532625283,26.864990274169774,25.24808390502913,25.398326873779297,334400,0.0,0.0
2008-10-06 00:00:00-04:00,24.346614282803476,24.604175150161943,22.693935234663254,23.681249618530273,408400,0.0,0.0
2008-10-07 00:00:00-04:00,23.988889130875176,24.453929843875038,23.094582166804873,23.194744110107422,325200,0.0,0.0
2008-10-08 00:00:00-04:00,22.536538602705036,23.044504373343234,21.620767653940735,22.30759620666504,482000,0.0,0.0
2008-10-09 00:00:00-04:00,22.636697770654916,22.736861080034096,19.660444259643555,19.660444259643555,348500,0.0,0.0
2008-10-10 00:00:00-04:00,18.773296016385686,19.796383640880848,18.093623383504635,18.60158920288086,730400,0.0,0.0
2008-10-13 00:00:00-04:00,18.959305225967825,19.574588775634766,18.61589172296468,19.574588775634766,205100,0.0,0.0
2008-10-14 00:00:00-04:00,19.946619033813477,21.320274386020994,19.11670240066768,19.946619033813477,494200,0.0,0.0
2008-10-15 00:00:00-04:00,19.42435344221524,19.49589829603905,18.107933044433594,18.107933044433594,597200,0.0,0.0
2008-10-16 00:00:00-04:00,18.165167132623804,19.266954241226614,17.235088204653604,19.088092803955078,458200,0.0,0.0
2008-10-17 00:00:00-04:00,18.487116684414836,19.90369881894493,18.372645483519737,19.388578414916992,420300,0.0,0.0
2008-10-20 00:00:00-04:00,19.646140321039898,20.311505109942043,19.5030519848423,20.239961624145508,341700,0.0,0.0
2008-10-21 00:00:00-04:00,20.18987576403506,20.36158255638709,19.47443011359946,19.975242614746094,390600,0.0,0.0
2008-10-22 00:00:00-04:00,19.674748479721316,19.87507368277221,18.56580865670582,18.823368072509766,466700,0.0,0.0
2008-10-23 00:00:00-04:00,18.809070338102835,19.381426420122338,17.53557634985376,18.322566986083984,362200,0.0,0.0
2008-10-24 00:00:00-04:00,16.79866626210975,17.707282712647665,16.79866626210975,17.28516960144043,275800,0.0,0.0
2008-10-27 00:00:00-04:00,17.528416694478786,18.780446458370125,16.612645861632195,16.812971115112305,418300,0.0,0.0
2008-10-28 00:00:00-04:00,17.070534337940853,17.106306076049805,16.469559858400977,17.106306076049805,469500,0.0,0.0
2008-10-29 00:00:00-04:00,17.313787516635834,19.49589648570818,17.041917370271317,18.222402572631836,481800,0.0,0.0
2008-10-30 00:00:00-04:00,18.336860965646537,18.58011245727539,18.09361083862119,18.58011245727539,185400,0.0,0.0
2008-10-31 00:00:00-04:00,18.501416977878694,19.53881190485306,18.293937173721606,19.31702423095703,276700,0.0,0.0
2008-11-03 00:00:00-05:00,19.24548429993668,20.26141699740031,19.145322363368336,20.089710235595703,213700,0.0,0.0
2008-11-04 00:00:00-05:00,20.476051222328675,20.740765298475512,19.946620340826954,20.35442543029785,240500,0.0,0.0
2008-11-05 00:00:00-05:00,20.039629750498623,20.247108247621977,19.009387790226178,19.0809326171875,248800,0.0,0.0
2008-11-06 00:00:00-05:00,18.952151059015623,19.10239532303708,18.429876173511115,18.437030792236328,210300,0.0,0.0
2008-11-07 00:00:00-05:00,18.615892778812746,19.13816768149435,18.32971484341214,18.85198974609375,114900,0.0,0.0
2008-11-10 00:00:00-05:00,19.460123781710738,19.603212104388316,18.143703571292427,18.451345443725586,118200,0.0,0.0
2008-11-11 00:00:00-05:00,18.286789711633322,18.558659812103336,17.8360595703125,17.8360595703125,285300,0.0,0.0
2008-11-12 00:00:00-05:00,17.471178360987583,17.707275310544013,16.64841634675178,16.719961166381836,193300,0.0,0.0
2008-11-13 00:00:00-05:00,16.879000112833424,18.418711268617635,16.242874293332445,18.38979721069336,318200,0.24,0.0
2008-11-14 00:00:00-05:00,18.939172080721125,18.939172080721125,16.9151376549209,16.994653701782227,170600,0.0,0.0
2008-11-17 00:00:00-05:00,16.82116357924063,17.666920445760084,16.6910469261202,17.182598114013672,158500,0.0,0.0
2008-11-18 00:00:00-05:00,17.291030292459467,17.78981039689716,16.517560514988027,17.370546340942383,225000,0.0,0.0
2008-11-19 00:00:00-05:00,17.428378597943393,17.71029717296166,16.08384131013865,16.098299026489258,206200,0.0,0.0
2008-11-20 00:00:00-05:00,15.722405192213905,15.939265401980386,14.457384084794395,14.486299514770508,268000,0.0,0.0
2008-11-21 00:00:00-05:00,14.76821432305831,15.332051277160645,13.633310180427133,15.332051277160645,286700,0.0,0.0
2008-11-24 00:00:00-05:00,15.266999930574316,16.698280786288358,15.209170442831237,16.445276260375977,281600,0.0,0.0
2008-11-25 00:00:00-05:00,16.416360700045466,16.488647903855686,15.433259416023175,16.24287223815918,208100,0.0,0.0
2008-11-26 00:00:00-05:00,16.047697369916172,17.84041271962815,15.903122973199814,17.782583236694336,242200,0.0,0.0
2008-11-28 00:00:00-05:00,17.75366513225125,17.76089398887481,17.29825819507441,17.674150466918945,90000,0.0,0.0
2008-12-01 00:00:00-05:00,17.218739863612587,17.262111618828943,15.252536622391201,15.332051277160645,237300,0.0,0.0
2008-12-02 00:00:00-05:00,15.491083837008244,16.611530303955078,15.491083837008244,16.611530303955078,190100,0.0,0.0
2008-12-03 00:00:00-05:00,15.917576683365285,16.994651393716076,15.866976070876023,16.611530303955078,248800,0.0,0.0
2008-12-04 00:00:00-05:00,16.372989614517365,16.85731210792315,15.411573486265743,15.8742094039917,225900,0.0,0.0
2008-12-05 00:00:00-05:00,15.700723255755921,16.206732399640785,15.201944350263577,16.141674041748047,272700,0.0,0.0
2008-12-08 00:00:00-05:00,16.691051385313383,17.39946293182508,16.307930179744226,17.262117385864258,231200,0.0,0.0
2008-12-09 00:00:00-05:00,17.254893006768505,18.057277094936907,16.821171095487124,17.139232635498047,216500,0.0,0.0
2008-12-10 00:00:00-05:00,17.384999083299565,17.934379694591136,17.16813893249959,17.536802291870117,144400,0.0,0.0
2008-12-11 00:00:00-05:00,17.450057697762958,17.724748697410035,16.423583634437886,16.66213035583496,200400,0.0,0.0
2008-12-12 00:00:00-05:00,16.112754707495903,17.356089202553576,15.751320116968998,17.31271743774414,155600,0.0,0.0
2008-12-15 00:00:00-05:00,17.41391636418049,17.753664337702116,15.960949338193494,16.322383880615234,196600,0.0,0.0
2008-12-16 00:00:00-05:00,16.66935915088849,17.89100817603293,16.575386785306563,17.6886043548584,224600,0.0,0.0
2008-12-17 00:00:00-05:00,17.551256737044707,17.64522908390176,16.915131356543412,17.47896957397461,260500,0.0,0.0
2008-12-18 00:00:00-05:00,17.4211414695751,18.071723230106315,17.14645050437017,17.529571533203125,192500,0.0,0.0
2008-12-19 00:00:00-05:00,17.55849077817593,18.44039056761654,17.334400368583864,17.52234649658203,535400,0.0,0.0
2008-12-22 00:00:00-05:00,17.52235131236779,17.746440404784405,16.532021163493116,17.247661590576172,192800,0.0,0.0
2008-12-23 00:00:00-05:00,17.34886272818995,17.64523902282876,16.756110138912323,17.038028717041016,242900,0.0,0.0
2008-12-24 00:00:00-05:00,16.987423134333028,17.3127147671341,16.676589213826077,17.182598114013672,53000,0.0,0.0
2008-12-26 00:00:00-05:00,17.189826994365312,17.42837373250088,16.893450785735162,17.146453857421875,95700,0.0,0.0
2008-12-29 00:00:00-05:00,17.2693469431512,17.2693469431512,16.474191825032392,16.640451431274414,158000,0.0,0.0
2008-12-30 00:00:00-05:00,16.86453458251064,17.233197956929533,16.44527059609051,17.052480697631836,319300,0.0,0.0
2008-12-31 00:00:00-05:00,17.05248599663907,17.45006353913469,16.878997539253874,17.283803939819336,352100,0.0,0.0
2009-01-02 00:00:00-05:00,17.399460607923015,17.601864470791675,16.94405363992292,17.500661849975586,217300,0.0,0.0
2009-01-05 00:00:00-05:00,17.42837584128839,17.674151465319397,16.951282307290196,17.341630935668945,165400,0.0,0.0
2009-01-06 00:00:00-05:00,17.44283662121339,17.536810407810293,17.081401950101302,17.26934814453125,171900,0.0,0.0
2009-01-07 00:00:00-05:00,16.94405481409431,17.160915027452866,16.517561866227357,16.8211669921875,172700,0.0,0.0
2009-01-08 00:00:00-05:00,16.56815228700272,16.821156632613402,16.11274556791371,16.26454734802246,235200,0.0,0.0
2009-01-09 00:00:00-05:00,16.199501792662243,16.2645601435375,15.505547888344624,15.563377380371094,175800,0.0,0.0
2009-01-12 00:00:00-05:00,15.339281055241276,15.483855419673995,14.91278819680441,15.05013370513916,227100,0.0,0.0
2009-01-13 00:00:00-05:00,15.05736827850342,15.339286879551752,14.645332975813135,15.057368278503418,302300,0.0,0.0
2009-01-14 00:00:00-05:00,14.94170457522082,15.050134666086937,14.406781598686363,14.739300727844238,200400,0.0,0.0
2009-01-15 00:00:00-05:00,14.797133272456707,14.970621729599825,13.944148702860629,14.638102531433105,264800,0.0,0.0
2009-01-16 00:00:00-05:00,14.854968410645268,15.035685794613043,14.392332348892321,14.920026779174805,242300,0.0,0.0
2009-01-20 00:00:00-05:00,14.985074892599568,14.985074892599568,14.052574546444145,14.110404014587402,224600,0.0,0.0
2009-01-21 00:00:00-05:00,14.240533128513032,15.028461183430329,14.023671399066414,14.927258491516113,170500,0.0,0.0
2009-01-22 00:00:00-05:00,14.38510289254603,14.616420913846056,13.821265560318254,14.31281566619873,172100,0.0,0.0
2009-01-23 00:00:00-05:00,13.944153431479416,14.601964571587928,13.734520612948662,14.31281566619873,229500,0.0,0.0
2009-01-26 00:00:00-05:00,14.218836979713846,14.833276065119776,14.038119682757017,14.370638847351074,121000,0.0,0.0
2009-01-27 00:00:00-05:00,14.370638063603051,14.732072637804736,14.211607347309164,14.565813064575195,185300,0.0,0.0
2009-01-28 00:00:00-05:00,14.739298900405245,15.389882122466771,14.616411111656207,15.332051277160645,242500,0.0,0.0
2009-01-29 00:00:00-05:00,15.151339044802704,15.17302561898198,14.544130134183636,14.638102531433105,147600,0.0,0.0
2009-01-30 00:00:00-05:00,14.753763367396086,14.854964635494813,14.030894015230619,14.182697296142578,180500,0.0,0.0
2009-02-02 00:00:00-05:00,13.886321579982207,14.48630455173131,13.756206236138715,14.348958969116211,231300,0.0,0.0
2009-02-03 00:00:00-05:00,14.457382217874999,14.601956591559112,14.023660475586066,14.43569564819336,136300,0.0,0.0
2009-02-04 00:00:00-05:00,14.399552738927591,14.920018002227357,14.283893791527644,14.442924499511719,186100,0.0,0.0
2009-02-05 00:00:00-05:00,14.421238910683444,15.057363103830903,14.327265156786824,14.717615127563477,330900,0.0,0.0
2009-02-06 00:00:00-05:00,14.638099476284536,15.512770437505473,14.594727715741891,15.064592361450195,246700,0.0,0.0
2009-02-09 00:00:00-05:00,15.01398958986227,15.035674777640082,14.450151268664563,14.573039054870605,186400,0.0,0.0
2009-02-10 00:00:00-05:00,14.500753565095648,15.223622655382258,14.103176116943361,14.10317611694336,214000,0.0,0.0
2009-02-11 00:00:00-05:00,14.337371203338932,14.681350507493638,14.271502618042405,14.534976959228516,154100,0.24,0.0
2009-02-12 00:00:00-05:00,14.41788766592363,14.5203493611052,13.942169461869982,14.461799621582031,134900,0.0,0.0
2009-02-13 00:00:00-05:00,14.56425745466579,14.952150248606705,14.381289392682715,14.549619674682617,126500,0.0,0.0
2009-02-17 00:00:00-05:00,14.271509998723081,14.271509998723081,13.890936063732576,13.905573844909668,161300,0.0,0.0
2009-02-18 00:00:00-05:00,13.949486218024918,14.073904569954202,13.510362540866524,13.810431480407715,179700,0.0,0.0
2009-02-19 00:00:00-05:00,13.868981666684782,13.986081131650012,13.261527668701753,13.276164054870605,241400,0.0,0.0
2009-02-20 00:00:00-05:00,13.063917440710926,14.008031736581772,13.063917440710926,13.737239837646484,267700,0.0,0.0
2009-02-23 00:00:00-05:00,13.76651553303883,13.927528308588387,13.020006958522917,13.049281120300293,146900,0.0,0.0
2009-02-24 00:00:00-05:00,13.246885577886333,13.627459413204923,13.078555326242245,13.4884033203125,224400,0.0,0.0
2009-02-25 00:00:00-05:00,13.444495115653549,13.444495115653549,12.200311614848626,12.551609992980957,315400,0.0,0.0
2009-02-26 00:00:00-05:00,12.74189929250523,13.949488560526383,12.602843135600999,13.40058422088623,378900,0.0,0.0
2009-02-27 00:00:00-05:00,13.173701351636076,14.02267310484444,12.902907987418548,13.356669425964355,407300,0.0,0.0
2009-03-02 00:00:00-05:00,12.924865509544935,12.97609635037899,12.090531482394388,12.1929931640625,512400,0.0,0.0
2009-03-03 00:00:00-05:00,12.244221687064213,12.375958907662897,11.636767811142299,11.849011421203613,346000,0.0,0.0
2009-03-04 00:00:00-05:00,11.966112404906438,12.67602803459883,11.578219582697974,12.434510231018066,330300,0.0,0.0
2009-03-05 00:00:00-05:00,12.324727828905381,12.405234216750523,11.834373404270787,11.958791732788086,284200,0.0,0.0
2009-03-06 00:00:00-05:00,12.075890927773601,12.412551459347391,11.746547889551072,12.112483978271484,292100,0.0,0.0
2009-03-09 00:00:00-04:00,11.863646259301959,12.354000629924384,11.592854359726523,11.687997817993164,232500,0.0,0.0
2009-03-10 00:00:00-04:00,11.995384708234473,12.339365529810008,11.892923048668356,12.127121925354004,427500,0.0,0.0
2009-03-11 00:00:00-04:00,12.163716372295772,12.361320802039653,11.84901110827365,12.127121925354004,281500,0.0,0.0
2009-03-12 00:00:00-04:00,12.024661305228527,12.676027161808046,11.731912684065572,12.529653549194336,468800,0.0,0.0
2009-03-13 00:00:00-04:00,12.595516226228735,13.115146062885264,12.441823779007459,13.020003318786621,198600,0.0,0.0
2009-03-16 00:00:00-04:00,13.173697863462039,13.700645275463827,12.983410949033134,13.16637897491455,180000,0.0,0.0
2009-03-17 00:00:00-04:00,13.11515098606746,13.78115463256836,13.049282370836773,13.78115463256836,182900,0.0,0.0
2009-03-18 00:00:00-04:00,13.693326668152912,14.403243516551802,13.539634193304874,14.227594375610352,215300,0.0,0.0
2009-03-19 00:00:00-04:00,14.315419565349824,14.46179456090407,13.905571532107519,14.000714302062988,172200,0.0,0.0
2009-03-20 00:00:00-04:00,14.022669112790147,14.41056182247539,13.832382202148438,13.832382202148438,296700,0.0,0.0
2009-03-23 00:00:00-04:00,14.125129947970427,15.04728889465332,13.927525556201708,15.04728889465332,282600,0.0,0.0
2009-03-24 00:00:00-04:00,14.827735494144532,15.010703600346806,14.205643653869629,14.205643653869629,352900,0.0,0.0
2009-03-25 00:00:00-04:00,14.366650321159156,15.179028890031768,14.198320054291893,14.77649974822998,263300,0.0,0.0
2009-03-26 00:00:00-04:00,15.120477345999305,15.5303253276591,14.754541299104966,15.523006439208984,223600,0.0,0.0
2009-03-27 00:00:00-04:00,15.244896680888898,15.347358334196395,14.827729782782287,14.878960609436035,185100,0.0,0.0
2009-03-30 00:00:00-04:00,14.578892943679971,14.849686247073324,13.97143912919061,14.125131607055664,245600,0.0,0.0
2009-03-31 00:00:00-04:00,14.315417694804191,15.076565338733095,14.059262184022915,14.652079582214355,199600,0.0,0.0
2009-04-01 00:00:00-04:00,14.337378849795403,14.76186473924179,14.037311310493768,14.681358337402344,166200,0.0,0.0
2009-04-02 00:00:00-04:00,14.922874184917148,16.16705752277874,14.8204125203646,15.94749641418457,281500,0.0,0.0
2009-04-03 00:00:00-04:00,15.8743090373595,15.976770702716836,15.442504310588602,15.830395698547363,371200,0.0,0.0
2009-04-06 00:00:00-04:00,15.691340606367504,15.954813653287268,15.530327826429106,15.749890327453613,309400,0.0,0.0
2009-04-07 00:00:00-04:00,15.552287362947737,15.984092159052674,15.427869008206727,15.442506790161133,331400,0.0,0.0
2009-04-08 00:00:00-04:00,15.61815209578782,16.18901288640366,15.515690439498583,15.874307632446289,458900,0.0,0.0
2009-04-09 00:00:00-04:00,16.291477155984005,17.352691126746276,16.064597139549196,17.21363639831543,561000,0.0,0.0
2009-04-13 00:00:00-04:00,16.950156742831904,16.950156742831904,16.2987910582483,16.525671005249023,315800,0.0,0.0
2009-04-14 00:00:00-04:00,16.24756486479907,16.56958765678974,16.057277908112457,16.298795700073242,141700,0.0,0.0
2009-04-15 00:00:00-04:00,16.14510055728347,16.89161054630201,16.14510055728347,16.84037971496582,135200,0.0,0.0
2009-04-16 00:00:00-04:00,16.833058633806665,17.25022551572962,16.672047271150433,17.118488311767578,147800,0.0,0.0
2009-04-17 00:00:00-04:00,17.169719517840417,17.60884307549012,17.1038523103315,17.5429744720459,121300,0.0,0.0
2009-04-20 00:00:00-04:00,17.14044275028074,17.316091867425506,16.628131778323855,16.78914451599121,284900,0.0,0.0
2009-04-21 00:00:00-04:00,16.77451466957325,17.821092375368092,16.77451466957325,17.66739845275879,188300,0.0,0.0
2009-04-22 00:00:00-04:00,17.447833764855876,18.150430423122863,17.447833764855876,17.601526260375977,223400,0.0,0.0
2009-04-23 00:00:00-04:00,17.696668065838146,17.7991297158282,17.059938707914256,17.301456451416016,239300,0.0,0.0
2009-04-24 00:00:00-04:00,17.433194628251794,18.165066788268646,17.228271316845706,17.996736526489258,193300,0.0,0.0
2009-04-27 00:00:00-04:00,17.674712837136184,18.230935860483036,17.579570068112893,17.864999771118164,267400,0.0,0.0
2009-04-28 00:00:00-04:00,17.652756882274645,18.545640403246914,17.652756882274645,18.150428771972656,150900,0.0,0.0
2009-04-29 00:00:00-04:00,18.377309903628426,19.028675662292198,18.07724243755172,18.560277938842773,268400,0.0,0.0
2009-04-30 00:00:00-04:00,18.648109197702823,19.028683196660648,18.0406551361084,18.0406551361084,233400,0.0,0.0
2009-05-01 00:00:00-04:00,17.857687495443738,17.96746808372355,17.067265305518823,17.27219009399414,239200,0.0,0.0
2009-05-04 00:00:00-04:00,17.477107377515704,17.674713204908983,17.103853787020082,17.550294876098633,422600,0.0,0.0
2009-05-05 00:00:00-04:00,17.45515493193647,17.66007828603324,16.825744296500606,17.01603126525879,170000,0.0,0.0
2009-05-06 00:00:00-04:00,17.111165639155324,17.418551915113085,16.72327439763992,16.99406623840332,415500,0.0,0.0
2009-05-07 00:00:00-04:00,17.220954645793675,17.440515763704074,16.6061818405219,16.75987434387207,344000,0.0,0.0
2009-05-08 00:00:00-04:00,17.037985793234192,17.21363495861572,16.72328051511648,17.081897735595703,226300,0.0,0.0
2009-05-11 00:00:00-04:00,16.789152158192422,16.818426326407554,16.41589709088334,16.569589614868164,125000,0.0,0.0
2009-05-12 00:00:00-04:00,16.620817360394344,16.8111043041248,16.298794590329397,16.591543197631836,137100,0.0,0.0
2009-05-13 00:00:00-04:00,16.423211585629993,16.430530474708533,15.764526923850429,15.815757751464844,151100,0.0,0.0
2009-05-14 00:00:00-04:00,15.888945999736823,16.298795467964727,15.866990725466591,16.05727767944336,112100,0.0,0.0
2009-05-15 00:00:00-04:00,16.013355265254813,16.123137158141553,15.764520123599866,15.888936996459961,165600,0.0,0.0
2009-05-18 00:00:00-04:00,16.137777588836194,16.452482782857032,15.85234794585688,16.415889739990234,96000,0.0,0.0
2009-05-19 00:00:00-04:00,16.284163325554044,16.70133043234207,16.284163325554044,16.45249366760254,140600,0.0,0.0
2009-05-20 00:00:00-04:00,16.70400960791817,17.014713121356845,16.385908223802442,16.430294036865234,158600,0.24,0.0
2009-05-21 00:00:00-04:00,16.149176832538107,16.36371078044542,15.816279813716104,16.06040382385254,137500,0.0,0.0
2009-05-22 00:00:00-04:00,16.10479675166632,16.237955606472873,15.816285429252263,15.838479042053223,91700,0.0,0.0
2009-05-26 00:00:00-04:00,15.683129623157749,17.103488537749392,15.601754445389556,17.036909103393555,386100,0.0,0.0
2009-05-27 00:00:00-04:00,17.022103408594756,17.25143165341837,16.63742277076236,16.970319747924805,212400,0.0,0.0
2009-05-28 00:00:00-04:00,17.28842399446174,17.31801405812963,16.622629924444606,17.19225311279297,191900,0.0,0.0
2009-05-29 00:00:00-04:00,17.140470257782525,17.369798553355142,16.985117830395165,17.32541275024414,196300,0.0,0.0
2009-06-01 00:00:00-04:00,17.665707308477486,17.86544555084076,17.64351511110334,17.83585548400879,298500,0.0,0.0
2009-06-02 00:00:00-04:00,17.79146666512245,18.16135163870919,17.591729851745,18.050386428833008,207100,0.0,0.0
2009-06-03 00:00:00-04:00,17.939425093547786,18.057788197779896,17.51035848795652,17.776676177978516,121100,0.0,0.0
2009-06-04 00:00:00-04:00,17.650916510561636,17.946824293056462,17.54734772843874,17.93942642211914,94000,0.0,0.0
2009-06-05 00:00:00-04:00,17.939422907649213,18.07997960592298,17.702696728029817,17.96161651611328,117600,0.0,0.0
2009-06-08 00:00:00-04:00,17.969022392956063,18.2353387582041,17.628727299861403,18.0282039642334,138200,0.0,0.0
2009-06-09 00:00:00-04:00,18.020798798997408,18.168751961818774,17.895037834549584,17.96901512145996,121100,0.0,0.0
2009-06-10 00:00:00-04:00,18.087381174568446,18.21314215958629,17.244042223448943,17.58433723449707,144100,0.0,0.0
2009-06-11 00:00:00-04:00,17.63611774172642,18.16135378913133,17.63611774172642,17.946821212768555,130100,0.0,0.0
2009-06-12 00:00:00-04:00,17.79886620937545,17.969014385601305,17.636117313636948,17.96161651611328,72700,0.0,0.0
2009-06-15 00:00:00-04:00,17.784079125410315,17.784079125410315,17.007319444761418,17.355010986328125,122500,0.0,0.0
2009-06-16 00:00:00-04:00,17.517758160037804,17.813665951052027,17.044305694415044,17.110883712768555,100300,0.0,0.0
2009-06-17 00:00:00-04:00,17.177453486870892,17.717486489300057,17.014704646042247,17.42157745361328,122900,0.0,0.0
2009-06-18 00:00:00-04:00,17.39199185722645,17.42897979067429,17.125674221204516,17.303218841552734,66000,0.0,0.0
2009-06-19 00:00:00-04:00,17.45857822403039,17.754486042539426,17.295827865600586,17.295827865600586,187900,0.0,0.0
2009-06-22 00:00:00-04:00,17.1330728878929,17.170060823063075,16.585643263578447,16.955528259277344,169400,0.0,0.0
2009-06-23 00:00:00-04:00,16.985120836903747,17.01471231821518,16.40070319099783,16.504270553588867,93400,0.0,0.0
2009-06-24 00:00:00-04:00,16.548654552687715,17.066492675792865,16.430290061493082,16.74099349975586,95100,0.0,0.0
2009-06-25 00:00:00-04:00,16.60783665333906,17.15526627046971,16.496870027286157,17.05909538269043,132300,0.0,0.0
2009-06-26 00:00:00-04:00,17.007313680308876,17.073893099255233,16.659622256588566,16.785383224487305,761700,0.0,0.0
2009-06-29 00:00:00-04:00,17.022109375096896,17.769277310511338,16.770587439967304,17.665708541870117,279600,0.0,0.0
2009-06-30 00:00:00-04:00,17.680506100651172,17.858050765301275,17.584336603090534,17.828460693359375,218200,0.0,0.0
2009-07-01 00:00:00-04:00,18.02819472287833,18.509044919395148,17.983807508923494,18.242727279663086,205000,0.0,0.0
2009-07-02 00:00:00-04:00,17.93942960469248,17.969021093691495,17.177465694966212,17.406795501708984,183700,0.0,0.0
2009-07-06 00:00:00-04:00,17.318011167195632,17.569533015881856,17.081285053373055,17.53254508972168,117500,0.0,0.0
2009-07-07 00:00:00-04:00,17.532554299759923,17.599133730622277,17.17746353149414,17.17746353149414,70500,0.0,0.0
2009-07-08 00:00:00-04:00,17.19225589080482,17.303221116738275,16.482077316031187,16.7631893157959,354700,0.0,0.0
2009-07-09 00:00:00-04:00,16.918537616385688,16.918537616385688,16.30452867823434,16.385902404785156,148200,0.0,0.0
2009-07-10 00:00:00-04:00,16.237955485203333,16.430294484043458,16.11959237314806,16.304534912109375,103700,0.0,0.0
2009-07-13 00:00:00-04:00,16.39330428868478,16.8075751239694,16.08999867933362,16.7631893157959,118300,0.0,0.0
2009-07-14 00:00:00-04:00,16.711405013841077,17.133073703244875,16.59304192246455,17.088687896728516,136200,0.0,0.0
2009-07-15 00:00:00-04:00,17.199654986597363,17.865447800652845,16.88155361484876,17.776676177978516,154600,0.0,0.0
2009-07-16 00:00:00-04:00,17.67310594746025,18.227933481961507,17.67310594746025,18.161354064941406,80900,0.0,0.0
2009-07-17 00:00:00-04:00,18.124363356036305,18.213136368823875,17.42158135538217,17.54734230041504,181000,0.0,0.0
2009-07-20 00:00:00-04:00,17.710096755473018,17.850652059873955,17.310620220440025,17.776676177978516,102400,0.0,0.0
2009-07-21 00:00:00-04:00,17.94681874146034,17.954216610109235,17.310616147647085,17.54734230041504,130900,0.0,0.0
2009-07-22 00:00:00-04:00,17.510363591919077,18.21314596277046,17.41419407082358,17.983816146850586,97400,0.0,0.0
2009-07-23 00:00:00-04:00,17.92463109496556,18.878935302965612,17.747086421360823,18.65700340270996,148500,0.0,0.0
2009-07-24 00:00:00-04:00,18.486853706010304,19.130454281693478,18.361092738853795,19.123056411743164,119700,0.0,0.0
2009-07-27 00:00:00-04:00,19.026884673706366,19.152645635312872,18.73097694374969,18.782760620117188,68200,0.0,0.0
2009-07-28 00:00:00-04:00,19.04168373141447,20.602599219086233,18.620014966365602,20.4250545501709,395000,0.0,0.0
2009-07-29 00:00:00-04:00,20.39545746612154,21.164818897828322,20.30668586153951,21.031660079956055,235600,0.0,0.0
2009-07-30 00:00:00-04:00,21.246201851061045,21.64567847798829,20.972487638684814,21.172225952148438,163900,0.0,0.0
2009-07-31 00:00:00-04:00,21.201808607689067,21.6456709007871,20.772742053594147,20.780139923095703,163300,0.0,0.0
2009-08-03 00:00:00-04:00,20.88370673355617,21.275785340993913,20.750547907973566,21.231399536132812,106900,0.0,0.0
2009-08-04 00:00:00-04:00,21.179623348036046,21.860212089469613,21.083453828605165,21.852815628051758,243000,0.0,0.0
2009-08-05 00:00:00-04:00,21.889795591792314,21.889795591792314,21.13522981251405,21.224002838134766,102200,0.0,0.0
2009-08-06 00:00:00-04:00,21.364561225242657,21.490322206676893,20.876313041086114,21.009471893310547,125900,0.0,0.0
2009-08-07 00:00:00-04:00,21.386750109874427,21.897191793563717,21.246193417931146,21.438533782958984,93300,0.0,0.0
2009-08-10 00:00:00-04:00,21.25359721613375,21.475529119692546,20.905905734857857,21.127836227416992,68500,0.0,0.0
2009-08-11 00:00:00-04:00,21.127831896762714,21.31277440632016,20.5804022377926,20.61739158630371,71000,0.0,0.0
2009-08-12 00:00:00-04:00,20.52122148246933,21.505115614813768,20.52122148246933,21.150026321411133,107900,0.0,0.0
2009-08-13 00:00:00-04:00,21.15742446509214,21.371957053506655,20.883708916012175,20.965084075927734,98800,0.0,0.0
2009-08-14 00:00:00-04:00,21.00239059602925,21.01731270728127,19.72657996804949,20.129467010498047,155300,0.24,0.0
2009-08-17 00:00:00-04:00,19.808649555026594,19.928023603889848,19.592284625106043,19.816110610961914,69600,0.0,0.0
2009-08-18 00:00:00-04:00,19.94294580402452,20.315990064135946,19.771345785905485,20.114545822143555,66700,0.0,0.0
2009-08-19 00:00:00-04:00,19.868334757392507,20.353293387357642,19.801188106234296,20.33837127685547,61500,0.0,0.0
2009-08-20 00:00:00-04:00,20.256303185977767,20.51743445455502,20.144390191744925,20.442825317382812,53600,0.0,0.0
2009-08-21 00:00:00-04:00,20.666648729942935,21.181448688411397,20.427899252579255,21.062074661254883,118100,0.0,0.0
2009-08-24 00:00:00-04:00,21.076998625162343,21.196372662823624,20.689032291237787,20.793485641479492,59000,0.0,0.0
2009-08-25 00:00:00-04:00,20.95762905518105,21.039699257212686,20.78602901734316,20.875558853149414,133400,0.0,0.0
2009-08-26 00:00:00-04:00,20.875557186222913,21.136688462066644,20.562199939820633,20.748722076416016,67900,0.0,0.0
2009-08-27 00:00:00-04:00,20.74871429624314,20.78601956340439,20.144383198735206,20.68156623840332,49900,0.0,0.0
2009-08-28 00:00:00-04:00,20.800947625420307,20.800947625420307,19.68181482852848,20.017555236816406,108900,0.0,0.0
2009-08-31 00:00:00-04:00,19.823573328824228,19.995173360570035,19.592286267642884,19.942947387695312,111600,0.0,0.0
2009-09-01 00:00:00-04:00,19.831028901543508,20.547274479758844,19.786263997608373,20.039934158325195,214100,0.0,0.0
2009-09-02 00:00:00-04:00,19.94294265550834,20.025012835152218,19.71165564920823,19.726577758789062,245400,0.0,0.0
2009-09-03 00:00:00-04:00,19.734035501958388,19.92055757126593,19.3609913633433,19.74149513244629,134400,0.0,0.0
2009-09-04 00:00:00-04:00,19.77134591125787,20.21153825482429,19.48783289791809,20.18169403076172,104200,0.0,0.0
2009-09-08 00:00:00-04:00,20.286143913394415,20.33090881876135,19.801186739942356,20.12200355529785,107700,0.0,0.0
2009-09-09 00:00:00-04:00,20.1742317584533,20.69649280376384,19.972787541538167,20.524892807006836,87300,0.0,0.0
2009-09-10 00:00:00-04:00,20.524888568019804,20.577114519459602,20.211531436330553,20.547271728515625,120300,0.0,0.0
2009-09-11 00:00:00-04:00,20.375667749863158,20.532347007284176,20.077232763168674,20.24883270263672,111200,0.0,0.0
2009-09-14 00:00:00-04:00,20.151848387353358,20.427900305740668,20.002630134189435,20.420440673828125,105400,0.0,0.0
2009-09-15 00:00:00-04:00,20.368208053747935,20.85316654035413,20.29360036939347,20.62933921813965,152500,0.0,0.0
2009-09-16 00:00:00-04:00,20.621883232932117,21.01731060321892,20.427900075228255,21.009849548339844,98500,0.0,0.0
2009-09-17 00:00:00-04:00,20.8904788798187,21.270984201610084,20.800947629905636,21.032236099243164,135400,0.0,0.0
2009-09-18 00:00:00-04:00,21.039696749403586,21.039696749403586,20.532356330136555,20.569660186767578,214300,0.0,0.0
2009-09-21 00:00:00-04:00,20.465202358857972,20.77855950273192,20.24137501434772,20.696489334106445,53100,0.0,0.0
2009-09-22 00:00:00-04:00,20.77110448871178,20.8755564260252,20.495051110460864,20.599504470825195,56600,0.0,0.0
2009-09-23 00:00:00-04:00,20.58457374572754,20.957617849241196,20.517425693251056,20.58457374572754,58500,0.0,0.0
2009-09-24 00:00:00-04:00,20.659190340804532,20.733799473166055,20.069779760504424,20.256301879882812,56000,0.0,0.0
2009-09-25 00:00:00-04:00,20.16676973497526,20.271221654411285,19.831029389572798,20.047395706176758,36300,0.0,0.0
2009-09-28 00:00:00-04:00,20.07724219340016,20.957626884951118,20.07724219340016,20.741260528564453,67200,0.0,0.0
2009-09-29 00:00:00-04:00,20.830792271894293,21.069540379048227,20.49505185680222,20.748722076416016,67000,0.0,0.0
2009-09-30 00:00:00-04:00,20.763640876068884,20.763640876068884,20.069778410950597,20.524892807006836,91400,0.0,0.0
2009-10-01 00:00:00-04:00,20.495047838148587,20.50996994768253,19.44306330786705,19.46544647216797,109700,0.0,0.0
2009-10-02 00:00:00-04:00,19.323685033592117,19.56989409462403,19.09985913194506,19.26399803161621,55700,0.0,0.0
2009-10-05 00:00:00-04:00,19.26400574285153,19.562440872192383,19.04017975160863,19.562440872192383,97600,0.0,0.0
2009-10-06 00:00:00-04:00,19.65197678056451,19.898185998510254,19.36100263836989,19.771350860595703,130400,0.0,0.0
2009-10-07 00:00:00-04:00,19.748962100942887,19.84595440294097,19.338613994784218,19.83849334716797,88000,0.0,0.0
2009-10-08 00:00:00-04:00,19.89818010739385,20.44282436416852,19.741500784332818,20.19661521911621,161000,0.0,0.0
2009-10-09 00:00:00-04:00,20.20407640500522,20.315989394741024,20.069780248101907,20.263763427734375,37800,0.0,0.0
2009-10-12 00:00:00-04:00,20.271220088239552,20.539812343809853,19.84594996562028,19.995166778564453,48400,0.0,0.0
2009-10-13 00:00:00-04:00,19.995176904891366,19.995176904891366,19.592289740548914,19.771350860595703,56700,0.0,0.0
2009-10-14 00:00:00-04:00,20.099618692524608,20.107079746102123,19.42067847052588,20.002626419067383,141200,0.0,0.0
2009-10-15 00:00:00-04:00,19.771340897687537,19.88325386344169,19.711653887748614,19.793724060058594,73000,0.0,0.0
2009-10-16 00:00:00-04:00,19.644516153273475,19.644516153273475,19.35354200470093,19.450532913208008,90900,0.0,0.0
2009-10-19 00:00:00-04:00,19.532594603390336,19.823568624963077,19.278924432718977,19.726577758789062,87100,0.0,0.0
2009-10-20 00:00:00-04:00,19.696732608026615,19.704193662464142,18.808887052669494,19.055097579956055,111400,0.0,0.0
2009-10-21 00:00:00-04:00,19.032710587867946,19.845946858303158,18.995405323184936,19.25653648376465,215400,0.0,0.0
2009-10-22 00:00:00-04:00,19.234161083384603,20.09962358639314,18.958107726004776,20.05485725402832,137000,0.0,0.0
2009-10-23 00:00:00-04:00,20.054859755504445,20.054859755504445,19.323693312289137,19.599746704101562,88200,0.0,0.0
2009-10-26 00:00:00-04:00,19.554972118671916,20.36074878529151,19.554972118671916,19.95039939880371,174100,0.0,0.0
2009-10-27 00:00:00-04:00,19.98024987103151,20.48012920615934,19.88325757238162,20.218997955322266,108200,0.0,0.0
2009-10-28 00:00:00-04:00,20.248836018361285,20.345828294325784,19.56989577881177,19.58481788635254,201800,0.0,0.0
2009-10-29 00:00:00-04:00,18.928265987814594,19.801189595117254,18.577603479900578,19.64451026916504,255600,0.0,0.0
2009-10-30 00:00:00-04:00,19.547513252639735,19.547513252639735,18.779041821871264,19.017789840698242,220400,0.0,0.0
2009-11-02 00:00:00-05:00,19.04763740048374,19.219237391277566,18.047878828740405,18.323930740356445,457600,0.0,0.0
2009-11-03 00:00:00-05:00,18.17471445602697,18.644749536798027,18.077722164041194,18.5925235748291,165600,0.0,0.0
2009-11-04 00:00:00-05:00,18.72682030232734,18.72682030232734,17.622609742416444,17.689756393432617,313800,0.0,0.0
2009-11-05 00:00:00-05:00,17.83150476521947,18.54775005950828,17.74943604437966,18.383609771728516,162100,0.0,0.0
2009-11-06 00:00:00-05:00,18.15233019039137,18.570139283860556,18.15233019039137,18.510452270507812,96100,0.0,0.0
2009-11-09 00:00:00-05:00,18.577602364947616,18.808889389038086,18.532837455812544,18.808889389038086,78100,0.0,0.0
2009-11-10 00:00:00-05:00,18.674590769684322,18.84619073814816,18.361233624943598,18.540294647216797,81000,0.0,0.0
2009-11-11 00:00:00-05:00,18.667131287508333,19.08494037465554,18.667131287508333,19.055097579956055,125100,0.0,0.0
2009-11-12 00:00:00-05:00,19.099862409891593,19.31622729554322,18.52537402787246,18.570138931274414,69100,0.0,0.0
2009-11-13 00:00:00-05:00,18.696975460446875,19.368454755765338,18.629827388609957,19.2789249420166,196000,0.0,0.0
2009-11-16 00:00:00-05:00,19.550039272470038,20.536579303210925,19.527447695657123,20.212753295898438,189500,0.24,0.0
2009-11-17 00:00:00-05:00,20.12237424026624,20.363361970875523,20.092251671684842,20.152498245239258,80600,0.0,0.0
2009-11-18 00:00:00-05:00,20.212755431879625,20.212755431879625,19.783498190365894,19.956707000732422,53600,0.0,0.0
2009-11-19 00:00:00-05:00,19.78349404568046,19.858802645486268,19.165966112778563,19.587692260742188,106600,0.0,0.0
2009-11-20 00:00:00-05:00,19.384356430643688,19.62534276309618,19.113246088438707,19.293987274169922,67000,0.0,0.0
2009-11-23 00:00:00-05:00,19.6178108945657,20.43114044888171,19.6178108945657,19.84373664855957,73900,0.0,0.0
2009-11-24 00:00:00-05:00,19.88892004892446,19.941635624155502,19.35423185856198,19.7684268951416,76100,0.0,0.0
2009-11-25 00:00:00-05:00,19.873853932516838,19.873853932516838,19.42953498125177,19.497312545776367,38600,0.0,0.0
2009-11-27 00:00:00-05:00,18.842141781501702,19.083128172772703,18.6689329923247,18.82707977294922,79800,0.0,0.0
2009-11-30 00:00:00-05:00,18.82707502225176,18.82707502225176,17.976091863258382,18.63127326965332,213700,0.0,0.0
2009-12-01 00:00:00-05:00,18.751764251172286,19.3391694405621,18.751764251172286,19.075590133666992,189800,0.0,0.0
2009-12-02 00:00:00-05:00,19.00028541361553,19.88139265843819,19.00028541361553,19.670530319213867,79300,0.0,0.0
2009-12-03 00:00:00-05:00,19.738303518178412,20.175093010065073,19.519910208626822,19.55756378173828,66700,0.0,0.0
2009-12-04 00:00:00-05:00,19.80608651577024,20.596824694899947,19.75337092444002,20.069665908813477,113100,0.0,0.0
2009-12-07 00:00:00-05:00,20.069664622384103,20.544107786729402,20.069664622384103,20.31818199157715,63300,0.0,0.0
2009-12-08 00:00:00-05:00,20.09225750558267,20.212750687677364,19.806085120813748,19.828678131103516,50500,0.0,0.0
2009-12-09 00:00:00-05:00,19.745832927109067,19.79854993616067,19.369291480804527,19.57262420654297,95000,0.0,0.0
2009-12-10 00:00:00-05:00,19.70064473330093,19.92656898498535,19.57262060764206,19.92656898498535,201300,0.0,0.0
2009-12-11 00:00:00-05:00,20.092254821243074,20.11484639212256,19.50484955971518,19.90398406982422,56900,0.0,0.0
2009-12-14 00:00:00-05:00,20.04707006093164,20.099785641027218,19.67805812747894,20.092254638671875,63600,0.0,0.0
2009-12-15 00:00:00-05:00,19.994350575003697,20.385954030764864,19.806079848548325,19.979290008544922,76000,0.0,0.0
2009-12-16 00:00:00-05:00,19.986821009970136,20.190152302884282,19.821141851398753,19.979290008544922,53800,0.0,0.0
2009-12-17 00:00:00-05:00,19.91151681094854,19.941639386882144,19.286457919112625,19.632875442504883,53300,0.0,0.0
2009-12-18 00:00:00-05:00,19.911517021942263,20.303119131580548,19.68559123628235,19.971763610839844,298200,0.0,0.0
2009-12-21 00:00:00-05:00,19.971762350534526,20.58175920417807,19.971762350534526,20.220279693603516,78300,0.0,0.0
2009-12-22 00:00:00-05:00,20.212747623317703,20.393487369058644,20.069661452625866,20.28052520751953,37200,0.0,0.0
2009-12-23 00:00:00-05:00,20.333238402314397,20.92817458577603,20.250398823252233,20.845335006713867,71500,0.0,0.0
2009-12-24 00:00:00-05:00,20.8603979084874,20.973360061645508,20.78508932758476,20.973360061645508,23600,0.0,0.0
2009-12-28 00:00:00-05:00,21.078794743434592,21.078794743434592,20.408551277568638,20.498920440673828,76500,0.0,0.0
2009-12-29 00:00:00-05:00,20.56669621217156,20.754966961112984,20.385956465554813,20.416080474853516,42500,0.0,0.0
2009-12-30 00:00:00-05:00,20.14497592659541,20.51398652821084,20.13744492210625,20.37843132019043,64900,0.0,0.0
2009-12-31 00:00:00-05:00,20.37089202791444,20.732372914366405,19.979290008544922,19.979290008544922,91500,0.0,0.0
2010-01-04 00:00:00-05:00,20.24286566623906,20.529037943584644,19.949163824682028,20.3558292388916,105900,0.0,0.0
2010-01-05 00:00:00-05:00,20.272996353195172,20.318180935319848,19.986825417882933,20.1600341796875,83700,0.0,0.0
2010-01-06 00:00:00-05:00,20.09978689584136,20.227811071090994,19.94916971211523,20.062131881713867,71800,0.0,0.0
2010-01-07 00:00:00-05:00,19.964233514031083,20.2052198805619,19.7458387216175,20.167566299438477,40200,0.0,0.0
2010-01-08 00:00:00-05:00,20.054596396689703,20.2654601194999,20.054596396689703,20.20521354675293,64700,0.0,0.0
2010-01-11 00:00:00-05:00,20.22027683059165,20.333238982102774,19.79101979301437,20.02447509765625,52900,0.0,0.0
2010-01-12 00:00:00-05:00,19.82867604094929,20.001884792403356,19.640405284223075,19.798553466796875,44700,0.0,0.0
2010-01-13 00:00:00-05:00,19.919047001022328,20.160033344223027,19.685590224203736,20.09978675842285,37900,0.0,0.0
2010-01-14 00:00:00-05:00,19.979291364595312,20.129907094147327,19.79102062536148,20.0847225189209,52900,0.0,0.0
2010-01-15 00:00:00-05:00,20.092256575726065,20.137441157822455,19.211149324690666,19.632875442504883,106000,0.0,0.0
2010-01-19 00:00:00-05:00,19.610280405339722,20.265461757366214,19.610280405339722,20.257930755615234,69000,0.0,0.0
2010-01-20 00:00:00-05:00,20.039539659865323,20.084724238961325,19.23374105675922,19.813613891601562,64400,0.0,0.0
2010-01-21 00:00:00-05:00,19.813610600706166,19.86632617362781,19.02287413409822,19.31657600402832,83800,0.0,0.0
2010-01-22 00:00:00-05:00,19.369293940649808,19.595219698959436,18.827074706211956,18.85719871520996,77500,0.0,0.0
2010-01-25 00:00:00-05:00,18.849674103280915,19.098191516198348,18.65387228758956,18.932512283325195,63400,0.0,0.0
2010-01-26 00:00:00-05:00,18.849665708870077,18.872257276824847,18.51077782563199,18.548431396484375,52300,0.0,0.0
2010-01-27 00:00:00-05:00,18.50325380195038,18.99275758958657,18.284860423143176,18.89485740661621,68700,0.0,0.0
2010-01-28 00:00:00-05:00,18.88732537105643,18.88732537105643,18.058933617615196,18.141773223876953,109000,0.0,0.0
2010-01-29 00:00:00-05:00,18.19448881462821,18.465599208654247,17.878193833728545,18.141773223876953,241700,0.0,0.0
2010-02-01 00:00:00-05:00,18.13423830735862,18.239669466113323,17.8179433947027,18.006214141845703,61400,0.0,0.0
2010-02-02 00:00:00-05:00,17.99867886983935,18.21707357418441,17.80287716689285,18.0288028717041,100800,0.0,0.0
2010-02-03 00:00:00-05:00,17.93843447065689,18.164360202774994,17.727572177683296,17.976089477539062,102500,0.0,0.0
2010-02-04 00:00:00-05:00,17.87819204625706,17.983623217218508,17.456465926019284,17.531774520874023,110700,0.0,0.0
2010-02-05 00:00:00-05:00,17.524241383959094,17.689919123352652,17.162761896341255,17.652265548706055,130800,0.0,0.0
2010-02-08 00:00:00-05:00,17.637208521927835,17.704986124533598,17.373629115837897,17.418813705444336,91300,0.0,0.0
2010-02-09 00:00:00-05:00,17.6748540267281,17.727571032959037,17.388683174860745,17.576953887939453,80300,0.0,0.0
2010-02-10 00:00:00-05:00,17.569423405655357,17.674854548446206,17.275721544228514,17.62213897705078,94500,0.0,0.0
2010-02-11 00:00:00-05:00,17.637362002527393,18.017805526477414,17.43192215128793,17.972152709960938,63200,0.24,0.0
2010-02-12 00:00:00-05:00,17.759098200526445,18.223239617441273,17.759098200526445,18.116714477539062,67400,0.0,0.0
2010-02-16 00:00:00-05:00,18.276507700170836,18.291725789819395,17.979760757131555,18.284116744995117,41000,0.0,0.0
2010-02-17 00:00:00-05:00,18.36780560431878,18.588463457515115,18.17758391760868,18.580854415893555,66700,0.0,0.0
2010-02-18 00:00:00-05:00,18.63412394281002,18.816736663228912,18.63412394281002,18.79391098022461,105200,0.0,0.0
2010-02-19 00:00:00-05:00,18.809126957219334,18.946086855537796,18.649341376699024,18.7558650970459,127600,0.0,0.0
2010-02-22 00:00:00-05:00,18.862389224993578,18.94608580723074,18.66455843295497,18.831953048706055,60100,0.0,0.0
2010-02-23 00:00:00-05:00,18.83955673377934,18.877600492040255,18.649335039922047,18.74064064025879,140400,0.0,0.0
2010-02-24 00:00:00-05:00,18.763475632854064,19.06783018037574,18.687386633154404,18.8243465423584,61700,0.0,0.0
2010-02-25 00:00:00-05:00,18.542817671123064,18.83956315019822,18.4058577726955,18.7786922454834,102100,0.0,0.0
2010-02-26 00:00:00-05:00,18.930871336048053,19.600452829537183,18.83195664676834,19.318923950195312,212800,0.0,0.0
2010-03-01 00:00:00-05:00,19.433053111641456,19.745016640416445,19.334136996892315,19.50153160095215,265200,0.0,0.0
2010-03-02 00:00:00-05:00,19.49391976025783,19.554790644038768,19.25043477385772,19.425439834594727,171000,0.0,0.0
2010-03-03 00:00:00-05:00,19.516747963143857,19.56240076907508,19.303700567947125,19.39500617980957,97000,0.0,0.0
2010-03-04 00:00:00-05:00,19.387394877492866,19.448265762065983,19.04499669599771,19.121084213256836,58500,0.0,0.0
2010-03-05 00:00:00-05:00,19.174350382863405,19.425443000795536,18.93847439989945,19.41022491455078,630600,0.0,0.0
2010-03-08 00:00:00-05:00,19.37978925637407,19.95806348753212,19.265656509062648,19.72218894958496,520100,0.0,0.0
2010-03-09 00:00:00-05:00,19.722194451719503,20.003723328153974,19.714585406272406,19.828718185424805,71200,0.0,0.0
2010-03-10 00:00:00-05:00,19.78305446079799,20.148279733306428,19.78305446079799,19.973276138305664,76100,0.0,0.0
2010-03-11 00:00:00-05:00,19.80588120701366,20.04175567626953,19.60805049202363,20.04175567626953,313500,0.0,0.0
2010-03-12 00:00:00-05:00,20.163507048151693,20.239596044249154,19.94284910459675,20.23198699951172,235900,0.0,0.0
2010-03-15 00:00:00-04:00,20.133065821040383,20.277634732248682,20.02654212397981,20.24720001220703,66000,0.0,0.0
2010-03-16 00:00:00-04:00,20.28524822893234,20.28524822893234,20.095026470257974,20.239595413208008,35700,0.0,0.0
2010-03-17 00:00:00-04:00,20.23959332747108,20.49829500871056,20.23959332747108,20.36894416809082,162200,0.0,0.0
2010-03-18 00:00:00-04:00,20.429812287835038,20.536335982818038,20.125457836971833,20.3156795501709,81400,0.0,0.0
2010-03-19 00:00:00-04:00,20.688514709472656,20.749385601927266,20.254809419323994,20.688514709472656,313700,0.0,0.0
2010-03-22 00:00:00-04:00,20.53633788655649,21.06135027001249,20.46785794735455,20.992870330810547,81800,0.0,0.0
2010-03-23 00:00:00-04:00,21.061353228597675,21.07657131750845,20.5135136380246,20.916784286499023,89200,0.0,0.0
2010-03-24 00:00:00-04:00,20.8635219519553,20.8635219519553,20.58199311861799,20.604820251464844,89000,0.0,0.0
2010-03-25 00:00:00-04:00,20.7874336118316,20.985264415540065,20.566777125837785,20.620038986206055,76400,0.0,0.0
2010-03-26 00:00:00-04:00,20.612431632727912,20.78743531723148,20.574387858279998,20.726564407348633,106000,0.0,0.0
2010-03-29 00:00:00-04:00,20.84830032400964,20.89395313067614,20.642860517095546,20.87873649597168,101500,0.0,0.0
2010-03-30 00:00:00-04:00,20.848301808799178,21.16026533724494,20.74177810189867,20.92439079284668,38800,0.0,0.0
2010-03-31 00:00:00-04:00,20.89395906842571,21.46462439339945,20.89395906842571,21.274402618408203,177900,0.0,0.0
2010-04-01 00:00:00-04:00,21.380921668705952,21.647232367589652,21.205918034199385,21.365703582763672,114900,0.0,0.0
2010-04-05 00:00:00-04:00,21.42657072572612,21.601574329608034,21.32765608696391,21.53309440612793,113400,0.0,0.0
2010-04-06 00:00:00-04:00,21.90593519499147,22.24072439596624,21.60918830835373,21.670059204101562,196600,0.0,0.0
2010-04-07 00:00:00-04:00,21.56353595161409,21.95158846437389,21.56353595161409,21.79180145263672,129300,0.0,0.0
2010-04-08 00:00:00-04:00,21.677671666118737,21.951591465820343,21.616800760771362,21.761369705200195,107500,0.0,0.0
2010-04-09 00:00:00-04:00,21.829850288213997,21.867894060930592,21.62441043247982,21.753761291503906,102200,0.0,0.0
2010-04-12 00:00:00-04:00,21.837459326618326,21.837459326618326,21.479841477568687,21.586366653442383,60900,0.0,0.0
2010-04-13 00:00:00-04:00,21.540705827362103,21.677665689452226,21.396138374068272,21.65483856201172,83300,0.0,0.0
2010-04-14 00:00:00-04:00,21.715714417297914,22.111374531382857,21.571145489324106,22.1037654876709,87300,0.0,0.0
2010-04-15 00:00:00-04:00,22.157025070637687,22.377681496101065,21.96680336363154,22.316810607910156,74800,0.0,0.0
2010-04-16 00:00:00-04:00,22.332031897690396,22.53747171904645,22.217899147362584,22.34724998474121,102900,0.0,0.0
2010-04-19 00:00:00-04:00,22.27877089680075,22.461383594568375,21.875500282182635,22.4005126953125,244700,0.0,0.0
2010-04-20 00:00:00-04:00,22.507038161739874,22.773348910985327,22.507038161739874,22.7200870513916,81100,0.0,0.0
2010-04-21 00:00:00-04:00,22.682040372781074,22.841827392578125,22.59834379219856,22.841827392578125,82400,0.0,0.0
2010-04-22 00:00:00-04:00,22.613558974134477,22.96356771562314,22.438555329028468,22.94074058532715,97100,0.0,0.0
2010-04-23 00:00:00-04:00,22.910304670212547,23.184222963121613,22.674428689929776,23.14617919921875,66100,0.0,0.0
2010-04-26 00:00:00-04:00,23.070097182491235,23.534238788818225,22.99400818044594,23.13096809387207,76500,0.0,0.0
2010-04-27 00:00:00-04:00,23.02444072833809,23.382057094856208,22.81900089061891,22.834218978881836,122800,0.0,0.0
2010-04-28 00:00:00-04:00,22.902697626223194,23.19183403044111,22.712475887552365,22.803781509399414,168800,0.0,0.0
2010-04-29 00:00:00-04:00,22.659209968214842,23.092915222380007,22.103761487964654,22.598339080810547,394800,0.0,0.0
2010-04-30 00:00:00-04:00,22.560295667437504,22.621166559693876,22.225505034389183,22.362464904785156,303400,0.0,0.0
2010-05-03 00:00:00-04:00,22.408127872803618,22.796179054731347,22.293993635590283,22.712482452392578,223600,0.0,0.0
2010-05-04 00:00:00-04:00,22.461384471389888,22.643997176286135,22.14942091911587,22.621170043945312,216100,0.0,0.0
2010-05-05 00:00:00-04:00,22.507037761259166,22.605952434276492,21.6320179875454,21.685279846191406,186000,0.0,0.0
2010-05-06 00:00:00-04:00,21.609190978158896,21.768978006286464,20.231985884663242,21.175485610961914,191900,0.0,0.0
2010-05-07 00:00:00-04:00,21.07656709329987,21.555925187700545,20.80264735291289,21.008087158203125,272800,0.0,0.0
2010-05-10 00:00:00-04:00,21.72332385340739,22.096159770552703,21.52549450521335,21.913545608520508,122200,0.0,0.0
2010-05-11 00:00:00-04:00,21.70049655099321,22.332032672753854,21.563536665335796,22.164636611938477,126900,0.0,0.0
2010-05-12 00:00:00-04:00,22.202683641720853,22.735303688934934,21.91354575924516,22.7200870513916,119000,0.0,0.0
2010-05-13 00:00:00-04:00,22.57551935881528,22.689652128725545,22.430950409581268,22.5374755859375,113500,0.0,0.0
2010-05-14 00:00:00-04:00,22.347246777643836,22.400508623401326,22.073327055146517,22.316810607910156,121200,0.0,0.0
2010-05-17 00:00:00-04:00,22.438557117614977,22.857045832072874,21.94398086532542,22.560298919677734,123800,0.0,0.0
2010-05-18 00:00:00-04:00,22.621170415567082,22.87987211457259,22.164637920188138,22.2179012298584,104300,0.0,0.0
2010-05-19 00:00:00-04:00,22.157024577685654,22.42333380054822,21.98962855042756,22.1722412109375,129100,0.0,0.0
2010-05-20 00:00:00-04:00,22.057121922250666,22.057121922250666,21.374073028564453,21.374073028564453,227900,0.25,0.0
2010-05-21 00:00:00-04:00,21.10545781811236,21.40477111510562,20.798469633525023,21.374073028564453,213700,0.0,0.0
2010-05-24 00:00:00-04:00,21.235933889544402,21.466174726102608,21.028716258340694,21.059415817260742,94700,0.0,0.0
2010-05-25 00:00:00-04:00,20.606608102174082,20.66033086783594,20.222872388777304,20.56056022644043,209100,0.0,0.0
2010-05-26 00:00:00-04:00,20.58357648595289,20.92126420965495,20.43008313069565,20.591251373291016,144900,0.0,0.0
2010-05-27 00:00:00-04:00,20.990347531830903,21.189890313785774,20.529864301460876,20.890575408935547,304400,0.0,0.0
2010-05-28 00:00:00-04:00,20.78312007931109,21.212903542302985,20.614276941951633,20.99801254272461,139600,0.0,0.0
2010-06-01 00:00:00-04:00,20.8138210029295,21.013362240318607,20.33031329431486,20.34566307067871,124500,0.0,0.0
2010-06-02 00:00:00-04:00,20.506834001182355,21.08243751525879,20.184495974746135,21.08243751525879,109200,0.0,0.0
2010-06-03 00:00:00-04:00,21.044058820358227,21.31267401344003,20.92126355446398,21.197553634643555,82000,0.0,0.0
2010-06-04 00:00:00-04:00,20.87522228847319,20.87522228847319,20.054026675684284,20.1461238861084,144700,0.0,0.0
2010-06-07 00:00:00-04:00,20.222867649661648,20.430085237656165,19.79308416124857,19.831457138061523,99600,0.0,0.0
2010-06-08 00:00:00-04:00,19.885182482471965,19.885182482471965,19.14073580290731,19.401676177978516,95200,0.0,0.0
2010-06-09 00:00:00-04:00,19.61656802490264,19.693315455520974,19.04096449101835,19.179109573364258,195800,0.0,0.0
2010-06-10 00:00:00-04:00,19.486096742075347,19.60889203866211,19.12538574133115,19.58586883544922,293300,0.0,0.0
2010-06-11 00:00:00-04:00,19.347953351796814,19.747038832363977,19.148412075348762,19.70866584777832,180600,0.0,0.0
2010-06-14 00:00:00-04:00,19.923555549713264,20.568231601025705,19.693314730174002,20.18449592590332,178000,0.0,0.0
2010-06-15 00:00:00-04:00,20.207520852028072,20.60660631058376,20.138448312515145,20.57590675354004,104600,0.0,0.0
2010-06-16 00:00:00-04:00,20.47613553576305,20.706376351670595,20.27659281218665,20.483810424804688,66900,0.0,0.0
2010-06-17 00:00:00-04:00,20.62962463012945,20.767769676447198,20.245889040951308,20.598926544189453,46600,0.0,0.0
2010-06-18 00:00:00-04:00,20.63729890964934,20.82916669858646,20.384033486805745,20.391708374023438,145400,0.0,0.0
2010-06-21 00:00:00-04:00,20.698701681597246,20.93661885289873,20.31496600846825,20.437761306762695,75200,0.0,0.0
2010-06-22 00:00:00-04:00,20.4761382900791,20.821499560396155,20.04635469278348,20.069377899169922,71300,0.0,0.0
2010-06-23 00:00:00-04:00,20.054021806910146,20.054021806910146,19.770058282728662,19.862154006958008,68000,0.0,0.0
2010-06-24 00:00:00-04:00,19.71633383247563,19.931224813033776,19.562839020218373,19.601213455200195,82900,0.0,0.0
2010-06-25 00:00:00-04:00,19.716329377269158,20.130762934580126,19.562834599696394,19.900522232055664,347500,0.0,0.0
2010-06-28 00:00:00-04:00,19.739363180916836,20.245894169844693,19.677965529647867,19.816110610961914,75000,0.0,0.0
2010-06-29 00:00:00-04:00,19.47074720060393,19.53981826972434,19.110034758760655,19.232830047607422,129300,0.0,0.0
2010-06-30 00:00:00-04:00,19.240508380528603,19.30958092584952,18.933520103455393,19.017942428588867,99500,0.0,0.0
2010-07-01 00:00:00-04:00,19.01026526441707,19.01026526441707,18.31954135767721,18.68792724609375,86500,0.0,0.0
2010-07-02 00:00:00-04:00,18.718624963148184,18.74164962965115,18.189070808098286,18.357913970947266,117300,0.0,0.0
2010-07-06 00:00:00-04:00,18.626528444046258,18.687926088311883,17.836032493270427,17.889755249023438,179300,0.0,0.0
2010-07-07 00:00:00-04:00,17.88207590887608,18.104643228829254,17.65951005275785,18.050920486450195,215600,0.0,0.0
2010-07-08 00:00:00-04:00,18.173724424284217,18.48071271580882,18.143024863213935,18.411640167236328,124500,0.0,0.0
2010-07-09 00:00:00-04:00,18.46535286740726,18.59582300314842,18.37325716208105,18.58814811706543,95800,0.0,0.0
2010-07-12 00:00:00-04:00,18.496051784278254,18.649545109226437,18.196737092534935,18.242786407470703,72600,0.0,0.0
2010-07-13 00:00:00-04:00,18.45001526594553,18.933521659082523,18.45001526594553,18.879798889160156,94800,0.0,0.0
2010-07-14 00:00:00-04:00,18.75699795869123,18.887468131127576,18.4730329490938,18.626527786254883,82900,0.0,0.0
2010-07-15 00:00:00-04:00,18.695603015064506,18.764675555373202,18.396288185781653,18.5958309173584,98400,0.0,0.0
2010-07-16 00:00:00-04:00,18.511412026691314,18.511412026691314,17.67486802869566,17.697891235351562,121000,0.0,0.0
2010-07-19 00:00:00-04:00,17.80533219196518,17.85138005348729,17.429270020723408,17.690210342407227,80600,0.0,0.0
2010-07-20 00:00:00-04:00,17.536718663628907,17.759284568848134,17.245078763753042,17.73626136779785,146900,0.0,0.0
2010-07-21 00:00:00-04:00,17.874401152382294,17.874401152382294,17.191350934120592,17.444616317749023,222000,0.0,0.0
2010-07-22 00:00:00-04:00,17.69021223959155,18.05859956278143,17.69021223959155,17.997201919555664,190800,0.0,0.0
2010-07-23 00:00:00-04:00,17.905101741853105,18.818392813642205,17.759281814530635,18.603500366210938,145200,0.0,0.0
2010-07-26 00:00:00-04:00,18.595832454633808,19.363303886988508,18.503736702499175,19.163761138916016,130200,0.0,0.0
2010-07-27 00:00:00-04:00,19.324928750516026,19.62424210740076,19.232831544793957,19.401676177978516,133000,0.0,0.0
2010-07-28 00:00:00-04:00,19.186781717900026,19.44772206637029,18.872118614833287,19.347949981689453,385200,0.0,0.0
2010-07-29 00:00:00-04:00,19.45539970571676,19.716340091084067,19.30957973416786,19.56284523010254,245600,0.0,0.0
2010-07-30 00:00:00-04:00,19.26353122996285,19.516796717595675,18.918168535992898,19.225156784057617,136700,0.0,0.0
2010-08-02 00:00:00-04:00,19.417023172446303,19.71633797281924,19.14073450173286,19.301902770996094,122300,0.0,0.0
2010-08-03 00:00:00-04:00,19.31725378041504,19.5091216163493,18.96421620110158,19.07933807373047,130400,0.0,0.0
2010-08-04 00:00:00-04:00,19.186782650041096,19.440048122468223,19.186782650041096,19.30957794189453,50600,0.0,0.0
2010-08-05 00:00:00-04:00,19.186785306493846,19.378653159558784,19.04096532829054,19.20213508605957,52900,0.0,0.0
2010-08-06 00:00:00-04:00,18.987239172127513,19.133059124284323,18.649551401177376,18.841419219970703,125200,0.0,0.0
2010-08-09 00:00:00-04:00,18.94119514101595,19.317255966341623,18.8951472650549,19.27888298034668,92500,0.0,0.0
2010-08-10 00:00:00-04:00,19.033292308390394,19.133064421533952,18.5958337946389,18.879798889160156,143100,0.0,0.0
2010-08-11 00:00:00-04:00,18.503733155515004,18.64187822107149,17.836032493270427,17.889755249023438,133700,0.0,0.0
2010-08-12 00:00:00-04:00,17.59811369003728,17.997199039047544,17.475318423239514,17.843704223632812,126200,0.0,0.0
2010-08-13 00:00:00-04:00,17.759285348141148,17.95115317243424,17.559742635216093,17.705562591552734,118500,0.0,0.0
2010-08-16 00:00:00-04:00,17.752113912211723,18.09350114510195,17.58918000461739,17.984878540039062,155400,0.25,0.0
2010-08-17 00:00:00-04:00,18.217642780048703,18.65989367559771,18.07022680144709,18.52799415588379,99300,0.0,0.0
2010-08-18 00:00:00-04:00,18.496958104765863,18.80730945285818,18.279711421165256,18.54351043701172,98500,0.0,0.0
2010-08-19 00:00:00-04:00,18.427135967264892,18.496965232478015,17.775397145190773,17.852985382080078,172000,0.0,0.0
2010-08-20 00:00:00-04:00,17.75211466473294,17.907291089862504,17.65125102430917,17.86073875427246,136600,0.0,0.0
2010-08-23 00:00:00-04:00,17.977125969153956,18.15557787808859,17.80643303189551,17.852985382080078,178300,0.0,0.0
2010-08-24 00:00:00-04:00,17.5736608538233,17.884012189633427,17.441761351120007,17.659008026123047,167500,0.0,0.0
2010-08-25 00:00:00-04:00,17.54262649831831,18.093499935594973,17.488315199417446,18.054706573486328,160400,0.0,0.0
2010-08-26 00:00:00-04:00,18.163331155415843,18.21764246024957,17.814184938810353,17.86073875427246,101000,0.0,0.0
2010-08-27 00:00:00-04:00,18.008154796922277,18.32626661760221,17.713321363931602,18.287471771240234,75500,0.0,0.0
2010-08-30 00:00:00-04:00,18.186610616395647,18.310751181978773,17.736600696188734,17.752117156982422,139000,0.0,0.0
2010-08-31 00:00:00-04:00,17.78315630635584,17.89953792299364,17.503839242527082,17.69005012512207,191900,0.0,0.0
2010-09-01 00:00:00-04:00,17.984885121908473,18.186613947902732,17.87626247709331,18.093507766723633,225400,0.0,0.0
2010-09-02 00:00:00-04:00,18.147813336325118,18.287471823886143,17.930568115560924,18.264196395874023,111500,0.0,0.0
2010-09-03 00:00:00-04:00,18.48144275873894,18.690930503026227,18.427131450191606,18.61334228515625,82900,0.0,0.0
2010-09-07 00:00:00-04:00,18.61334381767278,18.644379699324958,18.101263609390205,18.163333892822266,57900,0.0,0.0
2010-09-08 00:00:00-04:00,18.24867904590324,18.47368324321977,18.06246821643959,18.15557289123535,68600,0.0,0.0
2010-09-09 00:00:00-04:00,18.403856499928075,18.403856499928075,18.03919376095527,18.2176456451416,48900,0.0,0.0
2010-09-10 00:00:00-04:00,18.318508910845207,18.512478716407323,18.264197602067362,18.41937255859375,65500,0.0,0.0
2010-09-13 00:00:00-04:00,18.652137468709157,19.09438839466967,18.504720000098256,19.032318115234375,121900,0.0,0.0
2010-09-14 00:00:00-04:00,18.91593423230266,19.078869633728036,18.838347496251856,18.954729080200195,52800,0.0,0.0
2010-09-15 00:00:00-04:00,18.970251393117117,19.12542638086781,18.729727720313964,19.016803741455078,58200,0.0,0.0
2010-09-16 00:00:00-04:00,19.016802103427917,19.078872389156214,18.450410561173143,18.659896850585938,59300,0.0,0.0
2010-09-17 00:00:00-04:00,18.815075594195303,19.09439265389514,18.566794421072125,19.086633682250977,251900,0.0,0.0
2010-09-20 00:00:00-04:00,19.117661676135192,19.67629560814695,18.892657493419808,19.637500762939453,117900,0.0,0.0
2010-09-21 00:00:00-04:00,19.629739520954328,20.048714921449644,19.412494332435443,19.784915924072266,149100,0.0,0.0
2010-09-22 00:00:00-04:00,19.76939931697986,20.01768039476423,19.350425368186727,19.72284698486328,136200,0.0,0.0
2010-09-23 00:00:00-04:00,19.567673430473985,19.955613041164465,19.38922156472568,19.412498474121094,72700,0.0,0.0
2010-09-24 00:00:00-04:00,19.722847767357358,20.219409942626953,19.621984130457726,20.219409942626953,94500,0.0,0.0
2010-09-27 00:00:00-04:00,20.165100222312994,20.31251768461796,20.002166300717086,20.17285919189453,72500,0.0,0.0
2010-09-28 00:00:00-04:00,20.29699712614225,20.94873568816377,20.009922688032738,20.917699813842773,170100,0.0,0.0
2010-09-29 00:00:00-04:00,20.886669199753992,21.336679099753912,20.855633319815688,21.088397979736328,118100,0.0,0.0
2010-09-30 00:00:00-04:00,21.158224740304497,21.546164314656078,20.94097804591368,21.026325225830078,169400,0.0,0.0
2010-10-01 00:00:00-04:00,21.266843440983042,21.266843440983042,20.7780403182337,21.049596786499023,76400,0.0,0.0
2010-10-04 00:00:00-04:00,20.96425780250354,20.995292203136273,20.421141732644433,20.51424789428711,89500,0.0,0.0
2010-10-05 00:00:00-04:00,20.754764521563494,21.173739917570924,20.63062399234763,20.948734283447266,182700,0.0,0.0
2010-10-06 00:00:00-04:00,20.964248062970164,20.995282449184998,20.770278339544912,20.902177810668945,110700,0.0,0.0
2010-10-07 00:00:00-04:00,21.05735826124307,21.05735826124307,20.576314048866813,20.69269561767578,87000,0.0,0.0
2010-10-08 00:00:00-04:00,20.692691458004273,20.964249383884237,20.56855094558,20.84010887145996,106000,0.0,0.0
2010-10-11 00:00:00-04:00,20.778045280079823,20.94873816944728,20.61510988033951,20.75476837158203,65900,0.0,0.0
2010-10-12 00:00:00-04:00,20.677186285109425,20.894433055863676,20.452182022428733,20.809085845947266,53700,0.0,0.0
2010-10-13 00:00:00-04:00,20.92545620973065,21.09615053776614,20.77028129681956,20.82459259033203,199600,0.0,0.0
2010-10-14 00:00:00-04:00,20.824603048646086,20.925466718699404,20.56856290787882,20.708221435546875,111000,0.0,0.0
2010-10-15 00:00:00-04:00,20.855625325609267,20.972008350894708,20.661655589962383,20.84010887145996,114800,0.0,0.0
2010-10-18 00:00:00-04:00,20.878905050779363,20.987527643875286,20.692694256955562,20.948734283447266,96000,0.0,0.0
2010-10-19 00:00:00-04:00,20.630623556144293,20.987527200125758,20.41337689467396,20.52975845336914,99100,0.0,0.0
2010-10-20 00:00:00-04:00,20.661659770182315,20.995288019773323,20.54527820122246,20.917699813842773,202100,0.0,0.0
2010-10-21 00:00:00-04:00,21.034084847638777,21.065119245016515,20.390105193425832,20.723731994628906,113400,0.0,0.0
2010-10-22 00:00:00-04:00,20.801329567363485,20.92547017247521,20.57632527555076,20.886676788330078,57100,0.0,0.0
2010-10-25 00:00:00-04:00,20.98752917722384,21.24356922242183,20.801318369795485,20.925458908081055,76500,0.0,0.0
2010-10-26 00:00:00-04:00,20.77804794413487,21.049604512066125,20.723735150676315,20.855634689331055,128000,0.0,0.0
2010-10-27 00:00:00-04:00,20.669426578744332,21.003054954881687,20.53752702259404,20.909950256347656,138200,0.0,0.0
2010-10-28 00:00:00-04:00,20.94873581396158,21.080635320873995,20.778042943786907,20.925458908081055,399000,0.0,0.0
2010-10-29 00:00:00-04:00,20.7935624856828,21.918587945637857,20.739251177110322,21.848758697509766,302800,0.0,0.0
2010-11-01 00:00:00-04:00,21.91857990872255,22.11254964242806,21.62374656463369,21.82547378540039,265400,0.0,0.0
2010-11-02 00:00:00-04:00,22.03496920525826,22.306527223959147,21.848758372973343,22.027210235595703,186400,0.0,0.0
2010-11-03 00:00:00-04:00,22.073756273439407,22.259967040092345,21.879786539858642,22.21341323852539,140200,0.0,0.0
2010-11-04 00:00:00-04:00,22.415145394000035,22.857396217951194,22.415145394000035,22.72549819946289,146800,0.0,0.0
2010-11-05 00:00:00-04:00,22.741023715502436,23.004822817316136,22.678953425656413,22.89620018005371,88700,0.0,0.0
2010-11-08 00:00:00-05:00,22.79532876604367,22.87291697698468,22.578083551255293,22.834123611450195,51400,0.0,0.0
2010-11-09 00:00:00-05:00,22.919471630950273,22.942747059174668,22.647913622646332,22.741018295288086,140700,0.0,0.0
2010-11-10 00:00:00-05:00,22.81084980798346,23.004819621792624,22.508257372000276,22.989301681518555,94400,0.0,0.0
2010-11-11 00:00:00-05:00,22.756536982235364,23.020336029847304,22.57032615095731,22.787572860717773,67400,0.0,0.0
2010-11-12 00:00:00-05:00,22.585844562017872,22.77205539718588,22.407391216760388,22.446186065673828,86600,0.0,0.0
2010-11-15 00:00:00-05:00,22.562564398307114,22.733257269289467,22.438423859434135,22.50825309753418,88700,0.0,0.0
2010-11-16 00:00:00-05:00,22.45347665413858,22.6413061821096,22.14825236504133,22.343908309936523,155000,0.25,0.0
2010-11-17 00:00:00-05:00,22.422163572539493,22.54738321644955,22.22650769233804,22.414337158203125,73800,0.0,0.0
2010-11-18 00:00:00-05:00,22.680433714959676,22.977831547021076,22.55521404653473,22.774349212646484,73100,0.0,0.0
2010-11-19 00:00:00-05:00,22.602169945136502,22.891741347186862,22.578692191413584,22.836957931518555,61400,0.0,0.0
2010-11-22 00:00:00-05:00,22.727393113001906,22.805654289324227,22.312602011906836,22.688261032104492,86600,0.0,0.0
2010-11-23 00:00:00-05:00,22.437814216065824,22.437814216065824,22.077806655332456,22.29694175720215,56200,0.0,0.0
2010-11-24 00:00:00-05:00,22.531735644301758,22.97783088684082,22.531735644301758,22.97783088684082,78900,0.0,0.0
2010-11-26 00:00:00-05:00,22.813476217051672,23.001305690195867,22.735213563390932,22.84478187561035,16500,0.0,0.0
2010-11-29 00:00:00-05:00,22.64130514636472,22.69608856959144,22.218687608210615,22.625652313232422,49600,0.0,0.0
2010-11-30 00:00:00-05:00,22.37521273452495,22.656957757196658,22.156077551031807,22.55521583557129,132900,0.0,0.0
2010-12-01 00:00:00-05:00,22.946525047264508,23.478709365043272,22.946525047264508,23.369142532348633,118400,0.0,0.0
2010-12-02 00:00:00-05:00,23.400449409755552,23.50219133137616,23.181315719008975,23.47871208190918,67900,0.0,0.0
2010-12-03 00:00:00-05:00,23.392616948709357,23.533489423637747,23.29870296058105,23.510011672973633,66800,0.0,0.0
2010-12-06 00:00:00-05:00,23.423918643942237,23.674357893565386,23.29087260598798,23.580442428588867,32800,0.0,0.0
2010-12-07 00:00:00-05:00,23.79175596125972,24.026543925254668,23.54914307526066,23.619579315185547,138300,0.0,0.0
2010-12-08 00:00:00-05:00,23.690016048424976,24.057848592453265,23.690016048424976,23.807409286499023,55200,0.0,0.0
2010-12-09 00:00:00-05:00,24.003066417260612,24.003066417260612,23.603928193060515,23.64305877685547,95900,0.0,0.0
2010-12-10 00:00:00-05:00,23.721320055659604,24.25350432359883,23.682189474143602,24.151763916015625,65600,0.0,0.0
2010-12-13 00:00:00-05:00,24.12828281241041,24.33959151888215,24.057846576919832,24.245676040649414,64300,0.0,0.0
2010-12-14 00:00:00-05:00,24.36306505268704,24.77785597960062,24.175235621462672,24.668289184570312,51200,0.0,0.0
2010-12-15 00:00:00-05:00,24.652652029833764,25.28657844251411,24.652652029833764,24.903091430664062,96000,0.0,0.0
2010-12-16 00:00:00-05:00,24.957861981919333,25.34917371693963,24.895252164025514,25.333520889282227,59800,0.0,0.0
2010-12-17 00:00:00-05:00,25.380481041384844,25.380481041384844,25.012647030924487,25.263086318969727,183600,0.0,0.0
2010-12-20 00:00:00-05:00,25.302227285707488,25.45092472352654,25.08309060545459,25.098743438720703,68300,0.0,0.0
2010-12-21 00:00:00-05:00,25.208305086428027,25.26308849882298,24.973518606810785,25.043954849243164,70000,0.0,0.0
2010-12-22 00:00:00-05:00,25.043954737959513,25.286569124253436,24.950039250888313,25.14569664001465,51000,0.0,0.0
2010-12-23 00:00:00-05:00,25.184829051462895,25.184829051462895,25.02830372588724,25.067434310913086,21700,0.0,0.0
2010-12-27 00:00:00-05:00,24.98134629376992,25.52918193834888,24.98134629376992,25.294395446777344,22300,0.0,0.0
2010-12-28 00:00:00-05:00,25.2865682078209,25.333523710550704,24.71525187658739,24.95786476135254,61400,0.0,0.0
2010-12-29 00:00:00-05:00,24.879609192541228,25.004828870422244,24.55873208864278,24.6917781829834,52800,0.0,0.0
2010-12-30 00:00:00-05:00,24.629159680330037,24.89525177540899,24.55872344970703,24.55872344970703,44200,0.0,0.0
2010-12-31 00:00:00-05:00,24.51959291588012,24.86394765587804,24.300457809929483,24.363067626953125,61700,0.0,0.0
2011-01-03 00:00:00-05:00,24.472648897079058,25.223967099569958,24.472648897079058,24.903091430664062,63700,0.0,0.0
2011-01-04 00:00:00-05:00,25.036134054826828,25.036134054826828,23.885677658047676,24.222206115722656,73800,0.0,0.0
2011-01-05 00:00:00-05:00,24.16741954152847,24.41003396673521,24.16741954152847,24.386554718017578,52300,0.0,0.0
2011-01-06 00:00:00-05:00,24.33959295575019,24.48046543504764,24.026543831053615,24.10480499267578,55700,0.0,0.0
2011-01-07 00:00:00-05:00,24.19089182750299,24.30828505182992,23.236091712178585,23.893495559692383,73800,0.0,0.0
2011-01-10 00:00:00-05:00,23.74479634412623,24.417853010109148,23.55696688930826,24.214370727539062,97400,0.0,0.0
2011-01-11 00:00:00-05:00,24.300462705831492,24.370898950766104,24.073502633170246,24.25350570678711,53900,0.0,0.0
2011-01-12 00:00:00-05:00,24.51959693547917,24.51959693547917,24.1674157240268,24.29263687133789,50700,0.0,0.0
2011-01-13 00:00:00-05:00,24.245678511602616,24.51177065218845,24.01089203119678,24.237852096557617,80400,0.0,0.0
2011-01-14 00:00:00-05:00,24.2535007788312,24.676118162569228,24.018714338578373,24.55872344970703,97800,0.0,0.0
2011-01-18 00:00:00-05:00,24.51959467622629,24.66046714782715,24.245676147306387,24.66046714782715,163600,0.0,0.0
2011-01-19 00:00:00-05:00,24.60568027089303,24.652637257226516,24.09697535619581,24.143932342529297,64800,0.0,0.0
2011-01-20 00:00:00-05:00,23.99524384024422,24.339598705120103,23.885676993903118,23.963939666748047,52100,0.0,0.0
2011-01-21 00:00:00-05:00,24.081329060349233,24.104806813514966,23.525665515894886,23.596101760864258,71200,0.0,0.0
2011-01-24 00:00:00-05:00,23.627409996072704,23.87002292587777,23.627409996072704,23.760456085205078,39000,0.0,0.0
2011-01-25 00:00:00-05:00,23.619580384258235,23.862193281238476,23.353488241994988,23.846540451049805,57700,0.0,0.0
2011-01-26 00:00:00-05:00,23.8700248244962,24.433513397722162,23.713499474454135,24.222206115722656,66900,0.0,0.0
2011-01-27 00:00:00-05:00,24.183066597269523,24.590031188077102,23.97175788749606,24.488290786743164,61000,0.0,0.0
2011-01-28 00:00:00-05:00,24.613506403789472,24.97351244947285,24.347414329703643,24.511764526367188,190900,0.0,0.0
2011-01-31 00:00:00-05:00,24.652641904167663,25.169173329407535,24.355245611016446,24.402202606201172,241100,0.0,0.0
2011-02-01 00:00:00-05:00,24.660475547107893,25.49005633796615,24.52742944447376,25.27874755859375,87100,0.0,0.0
2011-02-02 00:00:00-05:00,25.21613595326392,25.482228124181585,24.989174369295707,25.223960876464844,65200,0.0,0.0
2011-02-03 00:00:00-05:00,25.161354105631062,25.39614062746135,25.051784275669164,25.34918212890625,53900,0.0,0.0
2011-02-04 00:00:00-05:00,25.28656539178162,25.35700162350414,25.083081617706963,25.333520889282227,64200,0.0,0.0
2011-02-07 00:00:00-05:00,25.349175701631072,25.763965217877256,25.302220200454126,25.701356887817383,58100,0.0,0.0
2011-02-08 00:00:00-05:00,25.630925241437247,26.084848403930664,25.630925241437247,26.084848403930664,61300,0.0,0.0
2011-02-09 00:00:00-05:00,25.95179581940279,26.17092944978372,25.826576175546286,26.022232055664062,74500,0.0,0.0
2011-02-10 00:00:00-05:00,25.93614269438746,26.225712557721003,25.92831777287975,26.147451400756836,65900,0.0,0.0
2011-02-11 00:00:00-05:00,26.139574949450687,26.746735855508174,25.966098686016714,26.644229888916016,68400,0.25,0.0
2011-02-14 00:00:00-05:00,26.70730085715116,26.904431811531037,26.48651515079919,26.81769371032715,72400,0.0,0.0
2011-02-15 00:00:00-05:00,26.76249715545535,26.857122178849462,26.502285861070636,26.636333465576172,72600,0.0,0.0
2011-02-16 00:00:00-05:00,26.78614861149272,26.97539259778535,26.730952198159127,26.864999771118164,77500,0.0,0.0
2011-02-17 00:00:00-05:00,26.801932807726534,27.093685853375497,26.74673335889307,27.05426025390625,63100,0.0,0.0
2011-02-18 00:00:00-05:00,27.196192715043775,27.59045469520516,26.88866584381453,27.511600494384766,123700,0.0,0.0
2011-02-22 00:00:00-05:00,27.267151605107394,27.64564262869046,26.95174091479854,27.07002067565918,135700,0.0,0.0
2011-02-23 00:00:00-05:00,27.070023837979758,27.070023837979758,26.04494047871536,26.454973220825195,137900,0.0,0.0
2011-02-24 00:00:00-05:00,26.462869634218734,26.93598288665242,26.313048131496195,26.794048309326172,138900,0.0,0.0
2011-02-25 00:00:00-05:00,26.943857298717557,27.653529934987933,26.82558053132559,27.62987518310547,113300,0.0,0.0
2011-02-28 00:00:00-05:00,27.992599429453072,29.159614481329,27.961057750434247,28.489370346069336,149000,0.0,0.0
2011-03-01 00:00:00-05:00,28.678619237097116,28.765357365025825,26.49440722863467,26.59691619873047,178900,0.0,0.0
2011-03-02 00:00:00-05:00,26.612685936585102,26.652111536376545,26.09226019858888,26.399784088134766,86400,0.0,0.0
2011-03-03 00:00:00-05:00,26.70730313626862,28.134532450646862,26.675764466940965,28.047794342041016,138700,0.0,0.0
2011-03-04 00:00:00-05:00,28.134534243840307,28.134534243840307,27.196191843983033,27.52737045288086,75600,0.0,0.0
2011-03-07 00:00:00-05:00,27.66930650110903,27.66930650110903,26.636339007326058,26.951749801635742,70100,0.0,0.0
2011-03-08 00:00:00-05:00,26.943865941513533,28.102997283243678,26.87290166310289,27.858556747436523,89700,0.0,0.0
2011-03-09 00:00:00-05:00,27.82701527927556,28.110884427048624,27.70085154781871,27.874324798583984,71700,0.0,0.0
2011-03-10 00:00:00-05:00,27.440637901263358,27.440637901263358,26.52595007148727,26.644229888916016,128500,0.0,0.0
2011-03-11 00:00:00-05:00,26.494401601873747,27.022714174338613,26.289386713202862,26.786157608032227,72400,0.0,0.0
2011-03-14 00:00:00-04:00,26.557486932405794,26.90443638826149,26.470748816446832,26.628454208374023,43500,0.0,0.0
2011-03-15 00:00:00-04:00,25.74530315735292,26.34457991914551,25.62702338469328,26.0685977935791,96000,0.0,0.0
2011-03-16 00:00:00-04:00,25.934555758732614,26.29727610311112,25.745311669483208,25.895130157470703,118400,0.0,0.0
2011-03-17 00:00:00-04:00,26.42344091546623,26.53383681469931,25.871476459204274,25.90301513671875,51900,0.0,0.0
2011-03-18 00:00:00-04:00,26.108029947022676,26.533833626095994,25.86358642578125,25.86358642578125,226900,0.0,0.0
2011-03-21 00:00:00-04:00,26.289387072776165,27.038485382975463,26.226303716642338,26.833467483520508,87000,0.0,0.0
2011-03-22 00:00:00-04:00,27.077915131175473,27.077915131175473,26.53383463695202,26.5574893951416,69000,0.0,0.0
2011-03-23 00:00:00-04:00,26.738848785567814,27.25927450653098,26.249964746597655,27.085798263549805,162100,0.0,0.0
2011-03-24 00:00:00-04:00,27.361776724070097,27.62198801641685,27.1331040979614,27.409086227416992,93600,0.0,0.0
2011-03-25 00:00:00-04:00,27.60622582350668,28.213389706406762,27.39332697582249,27.771818161010742,54300,0.0,0.0
2011-03-28 00:00:00-04:00,27.961056379849072,28.363205247676536,27.827008762559867,28.079336166381836,132200,0.0,0.0
2011-03-29 00:00:00-04:00,28.150308546200186,28.378981237413402,27.992603138191743,28.300127029418945,73700,0.0,0.0
2011-03-30 00:00:00-04:00,28.473603638750216,28.631309048751046,28.244930944648043,28.544570922851562,76500,0.0,0.0
2011-03-31 00:00:00-04:00,28.51302855596932,28.97037393321385,28.473602956409035,28.91517448425293,78600,0.0,0.0
2011-04-01 00:00:00-04:00,29.333093739594915,29.372519338453138,29.128075812763544,29.17538833618164,185700,0.0,0.0
2011-04-04 00:00:00-04:00,29.301542762846605,29.62483738370337,29.191149917868113,29.53809928894043,81800,0.0,0.0
2011-04-05 00:00:00-04:00,29.475031104485133,29.900831823813494,29.009801774569123,29.68793296813965,64000,0.0,0.0
2011-04-06 00:00:00-04:00,29.821965453739786,30.14526004348659,29.609063698348603,30.01909637451172,55100,0.0,0.0
2011-04-07 00:00:00-04:00,30.082186830656298,30.082186830656298,29.55387427383571,29.593299865722656,73800,0.0,0.0
2011-04-08 00:00:00-04:00,29.853519913360127,29.853519913360127,28.599766599775926,28.733814239501953,48900,0.0,0.0
2011-04-11 00:00:00-04:00,28.757466862103175,28.970368670630773,28.410514429844913,28.513023376464844,80800,0.0,0.0
2011-04-12 00:00:00-04:00,28.213380190839253,28.42628197469831,27.929511145693848,27.945281982421875,48900,0.0,0.0
2011-04-13 00:00:00-04:00,28.095102948893803,28.20549579613048,27.503710117572034,27.708724975585938,69500,0.0,0.0
2011-04-14 00:00:00-04:00,27.401206116216702,27.89797702616957,27.04636975196465,27.75604248046875,66400,0.0,0.0
2011-04-15 00:00:00-04:00,27.700849269386875,28.560340559236295,27.700849269386875,28.505144119262695,103400,0.0,0.0
2011-04-18 00:00:00-04:00,27.992592475359462,28.213378157682154,27.298690749229017,27.60621452331543,93700,0.0,0.0
2011-04-19 00:00:00-04:00,27.621997018479966,27.73238990623946,27.259276670704313,27.48794937133789,56700,0.0,0.0
2011-04-20 00:00:00-04:00,27.97683456865811,28.205507278442383,27.80335830496236,28.205507278442383,47800,0.0,0.0
2011-04-21 00:00:00-04:00,28.331670799882446,28.347441642643215,28.03991772875995,28.32378387451172,35400,0.0,0.0
2011-04-25 00:00:00-04:00,28.197607499283965,28.378970605736516,28.095101579263897,28.292232513427734,40300,0.0,0.0
2011-04-26 00:00:00-04:00,28.386856752732037,28.733806141281672,28.371085915800748,28.497249603271484,108000,0.0,0.0
2011-04-27 00:00:00-04:00,28.47359485186434,28.576103787927934,28.29223473912388,28.497249603271484,100700,0.0,0.0
2011-04-28 00:00:00-04:00,28.560338973999023,28.63919016730458,28.024142437176653,28.560338973999023,242200,0.0,0.0
2011-04-29 00:00:00-04:00,29.774656589092075,31.52518034205809,29.435594131263215,31.288623809814453,397000,0.0,0.0
2011-05-02 00:00:00-04:00,31.651342697111513,32.258506342756604,31.328048081428218,31.714426040649414,204000,0.0,0.0
2011-05-03 00:00:00-04:00,31.69866639953211,31.69866639953211,30.862829850345417,30.973222732543945,80000,0.0,0.0
2011-05-04 00:00:00-04:00,30.84705961000079,30.97322333611198,29.711586075000078,29.892946243286133,151000,0.0,0.0
2011-05-05 00:00:00-04:00,29.56964468386388,30.342397703977948,29.317317289866626,29.845626831054688,134000,0.0,0.0
2011-05-06 00:00:00-04:00,30.342400087201497,30.61049834037865,29.86928693829124,29.94025421142578,58500,0.0,0.0
2011-05-09 00:00:00-04:00,29.80620101621481,30.594724868537845,29.72734983417442,30.46856117248535,44000,0.0,0.0
2011-05-10 00:00:00-04:00,30.57896487652026,30.88648880672447,30.50799758432076,30.878604888916016,52700,0.0,0.0
2011-05-11 00:00:00-04:00,30.76032584693573,30.933802122934857,30.239900026919276,30.50011444091797,104600,0.0,0.0
2011-05-12 00:00:00-04:00,30.302977707394675,30.95745106641449,29.806206742754334,30.839174270629883,105000,0.0,0.0
2011-05-13 00:00:00-04:00,30.85494130839342,30.85494130839342,29.719464957749068,30.003334045410156,64600,0.0,0.0
2011-05-16 00:00:00-04:00,29.798314780621983,30.042755230698962,29.388282048388238,29.43559455871582,78600,0.0,0.0
2011-05-17 00:00:00-04:00,29.12018016286753,29.24634383316728,28.7889986483437,28.962474822998047,49300,0.0,0.0
2011-05-18 00:00:00-04:00,29.120190463856126,29.76677987886457,29.120190463856126,29.6011905670166,56000,0.0,0.0
2011-05-19 00:00:00-04:00,29.79969733708202,31.602130824868624,29.490028694631082,30.10142707824707,104300,0.26,0.0
2011-05-20 00:00:00-04:00,29.894980598040874,29.974381722145186,29.323282811821908,29.482088088989258,77600,0.0,0.0
2011-05-23 00:00:00-04:00,28.965973235151385,29.029496560978465,28.34663595313181,28.41015625,74000,0.0,0.0
2011-05-24 00:00:00-04:00,28.44191043055413,28.521311537990634,27.71141054947241,27.98137855529785,114500,0.0,0.0
2011-05-25 00:00:00-04:00,27.82257567028547,28.338688970295394,27.719351798700146,28.195764541625977,68600,0.0,0.0
2011-05-26 00:00:00-04:00,28.163999463938744,28.624531272780114,27.878150672057647,28.592769622802734,51500,0.0,0.0
2011-05-27 00:00:00-04:00,28.807154535370927,29.204166050043437,28.727753444019417,29.053302764892578,56900,0.0,0.0
2011-05-31 00:00:00-04:00,29.46620550561928,29.839397430419922,28.40221414953447,29.839397430419922,204500,0.0,0.0
2011-06-01 00:00:00-04:00,29.767935255904288,29.767935255904288,28.330751972869866,28.465734481811523,116100,0.0,0.0
2011-06-02 00:00:00-04:00,28.624537607743623,28.640418436246936,27.790813799548822,28.2354679107666,56100,0.0,0.0
2011-06-03 00:00:00-04:00,27.72729038898205,27.981380615191917,27.219115994478937,27.258819580078125,94100,0.0,0.0
2011-06-06 00:00:00-04:00,27.27470170141934,27.3064633633482,26.869751113182126,26.933271408081055,69500,0.0,0.0
2011-06-07 00:00:00-04:00,27.09207668876657,27.3064633633482,26.86181221217931,26.933271408081055,42200,0.0,0.0
2011-06-08 00:00:00-04:00,26.806226259901425,26.93326987140964,26.409214595318442,26.56801986694336,91600,0.0,0.0
2011-06-09 00:00:00-04:00,26.647420385278558,27.195295317304407,26.560077346341494,26.92532730102539,92300,0.0,0.0
2011-06-10 00:00:00-04:00,26.726826261566284,26.901512370589455,26.321875679418365,26.44891929626465,63500,0.0,0.0
2011-06-13 00:00:00-04:00,26.536253553685544,26.544195481801413,26.083660577739963,26.178945541381836,64000,0.0,0.0
2011-06-14 00:00:00-04:00,26.536263336596615,27.544673523049916,26.472743033042605,27.47321128845215,143500,0.0,0.0
2011-06-15 00:00:00-04:00,27.068253961477318,27.362041729412304,26.647422588844083,26.806224822998047,87200,0.0,0.0
2011-06-16 00:00:00-04:00,26.885630856970845,27.639953638005363,26.822107535681816,27.369985580444336,81300,0.0,0.0
2011-06-17 00:00:00-04:00,27.72728980978613,28.426031102111043,27.52878400177005,27.639949798583984,219800,0.0,0.0
2011-06-20 00:00:00-04:00,27.520854444864447,28.48956408610337,27.520854444864447,28.322816848754883,102400,0.0,0.0
2011-06-21 00:00:00-04:00,28.56102513330377,28.87863270335154,28.259295367143107,28.735708236694336,93100,0.0,0.0
2011-06-22 00:00:00-04:00,28.54513633372995,29.08507238397424,28.54513633372995,28.688060760498047,62400,0.0,0.0
2011-06-23 00:00:00-04:00,28.243415999833314,28.60072718501701,27.846404244953497,28.49750328063965,88800,0.0,0.0
2011-06-24 00:00:00-04:00,28.592778119065493,28.664240338270563,27.822577566475914,27.925798416137695,182500,0.0,0.0
2011-06-27 00:00:00-04:00,28.013148455052786,28.815113896127226,27.96550898300117,28.49750328063965,131300,0.0,0.0
2011-06-28 00:00:00-04:00,28.521310664513354,29.14065079359127,28.481610112010948,29.100950241088867,58400,0.0,0.0
2011-06-29 00:00:00-04:00,29.27564091769925,29.42650729711987,28.926271723965062,29.370925903320312,81000,0.0,0.0
2011-06-30 00:00:00-04:00,29.458263487336957,29.86321707025049,29.458263487336957,29.64883041381836,88500,0.0,0.0
2011-07-01 00:00:00-04:00,29.720293656278884,30.458735599770698,29.648831435006816,30.315811157226562,91100,0.0,0.0
2011-07-05 00:00:00-04:00,30.31581712785033,30.49050326513241,30.180831559325295,30.299936294555664,53300,0.0,0.0
2011-07-06 00:00:00-04:00,30.355505776762172,30.792217919522233,30.180819708074928,30.601654052734375,71300,0.0,0.0
2011-07-07 00:00:00-04:00,30.96690932052818,31.086014029498255,30.609598222576526,30.776342391967773,93800,0.0,0.0
2011-07-08 00:00:00-04:00,30.26022262191638,30.458728408699923,29.80762967036654,30.03789710998535,133200,0.0,0.0
2011-07-11 00:00:00-04:00,29.569440184891278,29.91880947832578,29.228009794711344,29.323291778564453,53500,0.0,0.0
2011-07-12 00:00:00-04:00,29.196244031711366,29.648837177779036,29.100962061212705,29.148601531982422,95800,0.0,0.0
2011-07-13 00:00:00-04:00,29.378864070939226,29.601189640587652,28.989791295095763,29.12477684020996,75100,0.0,0.0
2011-07-14 00:00:00-04:00,29.204182928377914,29.339168496438337,28.25929606779189,28.378400802612305,83300,0.0,0.0
2011-07-15 00:00:00-04:00,28.473675997892048,28.862745718337212,28.1004840779496,28.394271850585938,151000,0.0,0.0
2011-07-18 00:00:00-04:00,28.24342053135098,28.37046419213768,27.576440554980866,27.759065628051758,59800,0.0,0.0
2011-07-19 00:00:00-04:00,28.029023362794824,28.449857793686462,27.925799480241174,28.346633911132812,87100,0.0,0.0
2011-07-20 00:00:00-04:00,28.3704581431912,28.433981474520458,27.854344706457173,27.96550750732422,126600,0.0,0.0
2011-07-21 00:00:00-04:00,28.203706232972362,28.75158118562037,28.164005676222505,28.481613159179688,85700,0.0,0.0
2011-07-22 00:00:00-04:00,28.354570216956084,28.497494647732655,27.96550051125416,27.99725914001465,81400,0.0,0.0
2011-07-25 00:00:00-04:00,27.552603437225077,28.036958035033393,27.52084178482108,27.608184814453125,68700,0.0,0.0
2011-07-26 00:00:00-04:00,27.55259804175089,27.65582187737117,26.99678134935506,27.060304641723633,90500,0.0,0.0
2011-07-27 00:00:00-04:00,26.87768672924092,26.87768672924092,26.020143164680686,26.11542510986328,163000,0.0,0.0
2011-07-28 00:00:00-04:00,26.10748285627302,27.35409899938274,25.821634028484645,27.100011825561523,162100,0.0,0.0
2011-07-29 00:00:00-04:00,26.544196599504257,27.65583032380255,26.45685356030048,27.092071533203125,119400,0.0,0.0
2011-08-01 00:00:00-04:00,27.53672829381877,27.67171080095546,26.12336778870044,26.361574172973633,116000,0.0,0.0
2011-08-02 00:00:00-04:00,26.083664561970043,26.63948148561525,25.4166848593875,25.432565689086914,144200,0.0,0.0
2011-08-03 00:00:00-04:00,25.56755595131451,26.13131187949852,24.932336276278388,25.93280601501465,127600,0.0,0.0
2011-08-04 00:00:00-04:00,25.384927042682737,25.70253609340456,24.360637664794922,24.360637664794922,149100,0.0,0.0
2011-08-05 00:00:00-04:00,24.83705224417813,24.924393787442288,23.17754323392649,23.908044815063477,184000,0.0,0.0
2011-08-08 00:00:00-04:00,22.844052266633653,23.72541716005867,21.47039222717285,21.47039222717285,235600,0.0,0.0
2011-08-09 00:00:00-04:00,22.327939053828427,23.963626861572266,21.31952895521569,23.963626861572266,322800,0.0,0.0
2011-08-10 00:00:00-04:00,23.407808737569052,23.42368956854821,21.256006117713547,21.263946533203125,221400,0.0,0.0
2011-08-11 00:00:00-04:00,21.51009353632063,23.018737658999065,21.1289626764927,22.5899658203125,189900,0.0,0.0
2011-08-12 00:00:00-04:00,22.64554733827197,22.724949979789162,21.80388145846093,22.5820255279541,147000,0.0,0.0
2011-08-15 00:00:00-04:00,22.86786902101419,23.304582717713604,22.542319609290914,23.296642303466797,114500,0.0,0.0
2011-08-16 00:00:00-04:00,22.97619814969015,23.144433174960582,22.463480135890492,22.848018646240234,116000,0.26,0.0
2011-08-17 00:00:00-04:00,23.072325406473013,23.536976355430518,22.52756343681438,22.831989288330078,92400,0.0,0.0
2011-08-18 00:00:00-04:00,21.838601990782227,21.91871455540099,20.781120416270788,21.037479400634766,189500,0.0,0.0
2011-08-19 00:00:00-04:00,20.500724767878726,21.694397101984073,20.500724767878726,20.709016799926758,117900,0.0,0.0
2011-08-22 00:00:00-04:00,21.35792840393232,21.502130716484224,20.436637719097476,20.668962478637695,112500,0.0,0.0
2011-08-23 00:00:00-04:00,20.82918341559336,22.11899103144836,20.70100394758514,22.102968215942383,148300,0.0,0.0
2011-08-24 00:00:00-04:00,22.030866857160603,22.888067614028778,21.934731493091565,22.831989288330078,92400,0.0,0.0
2011-08-25 00:00:00-04:00,23.120397325510368,23.248576811510176,21.830589528614798,22.062915802001953,121700,0.0,0.0
2011-08-26 00:00:00-04:00,21.870643516709045,22.72784587046082,21.446049572011887,22.703811645507812,91800,0.0,0.0
2011-08-29 00:00:00-04:00,23.024265453607434,24.442252952463004,22.831996195325022,24.39418601989746,106000,0.0,0.0
2011-08-30 00:00:00-04:00,24.161859711126894,24.578443868082243,23.625107458747568,24.39418601989746,84900,0.0,0.0
2011-08-31 00:00:00-04:00,24.778714854446697,25.283421269226917,24.217928590895664,24.754680633544922,212600,0.0,0.0
2011-09-01 00:00:00-04:00,24.810767619189804,25.3234871480187,23.56101672820845,23.809364318847656,202800,0.0,0.0
2011-09-02 00:00:00-04:00,23.088350768329782,23.520957662324776,22.343306580685034,22.463476181030273,163900,0.0,0.0
2011-09-06 00:00:00-04:00,21.622296450286846,22.423418963575074,21.574229527335135,22.359329223632812,127600,0.0,0.0
2011-09-07 00:00:00-04:00,22.78392475719163,23.296642677887046,22.58364412841749,23.240564346313477,173300,0.0,0.0
2011-09-08 00:00:00-04:00,23.00022528265141,23.184484611264608,22.511541617078585,22.687788009643555,191300,0.0,0.0
2011-09-09 00:00:00-04:00,22.431431888032265,22.583645603689522,21.73445458203959,22.078937530517578,230500,0.0,0.0
2011-09-12 00:00:00-04:00,21.670357926851228,22.487503051757812,21.662348048389,22.487503051757812,130400,0.0,0.0
2011-09-13 00:00:00-04:00,22.679776034203275,23.28061786912156,22.58364219630744,23.112382888793945,120800,0.0,0.0
2011-09-14 00:00:00-04:00,23.408795334034092,24.674568630097134,22.9441444159355,24.177873611450195,251400,0.0,0.0
2011-09-15 00:00:00-04:00,24.498322528632045,24.498322528632045,23.809356786978125,24.3541202545166,93400,0.0,0.0
2011-09-16 00:00:00-04:00,24.714627390420663,25.419614459895485,24.618492026027845,24.906896591186523,411000,0.0,0.0
2011-09-19 00:00:00-04:00,24.322077165260616,24.54639046497496,23.87344750979243,24.26599884033203,190700,0.0,0.0
2011-09-20 00:00:00-04:00,24.33810106562211,24.778719360836725,23.56902419313247,23.761293411254883,271000,0.0,0.0
2011-09-21 00:00:00-04:00,23.73726246499333,23.85743207993722,22.038883372958544,22.086950302124023,108300,0.0,0.0
2011-09-22 00:00:00-04:00,21.205712388016902,21.87064401328169,20.829185356656822,21.117589950561523,175500,0.0,0.0
2011-09-23 00:00:00-04:00,21.181677476229574,22.054901047137516,21.157643253243382,21.718429565429688,98900,0.0,0.0
2011-09-26 00:00:00-04:00,21.99081277381813,22.59165463618453,21.269801316562553,22.551597595214844,102100,0.0,0.0
2011-09-27 00:00:00-04:00,23.240564688650387,24.09776554794721,22.815969199307684,23.392778396606445,125900,0.0,0.0
2011-09-28 00:00:00-04:00,23.47288949255681,23.512946535825723,21.846611736337962,21.886667251586914,133600,0.0,0.0
2011-09-29 00:00:00-04:00,22.599670908788926,22.743873241028396,21.66235880527299,22.519559860229492,97200,0.0,0.0
2011-09-30 00:00:00-04:00,22.094959430358532,22.73585684645959,21.52616316457134,21.598262786865234,144400,0.0,0.0
2011-10-03 00:00:00-04:00,21.349914585490556,21.894678136763396,19.875849044876954,19.899883270263672,159300,0.0,0.0
2011-10-04 00:00:00-04:00,19.62749756976996,22.01484180540911,19.62749756976996,21.902685165405273,176900,0.0,0.0
2011-10-05 00:00:00-04:00,22.006835259259617,22.511543306792383,21.558207072134906,22.303251266479492,103900,0.0,0.0
2011-10-06 00:00:00-04:00,22.183084576621997,23.048296898335376,21.982803932447418,22.984207153320312,112000,0.0,0.0
2011-10-07 00:00:00-04:00,23.064318991387953,23.10437450775539,21.926724907124658,22.062915802001953,102700,0.0,0.0
2011-10-10 00:00:00-04:00,22.62370208123914,23.040286200711584,22.231152189897063,23.024263381958008,118800,0.0,0.0
2011-10-11 00:00:00-04:00,22.81596854936891,23.27260813220923,22.655744965365592,22.88005828857422,123900,0.0,0.0
2011-10-12 00:00:00-04:00,23.088351114529154,23.392778532205924,22.968183040401993,23.104373931884766,122600,0.0,0.0
2011-10-13 00:00:00-04:00,22.88806983895737,23.312665318838857,22.64773369745158,23.136417388916016,63400,0.0,0.0
2011-10-14 00:00:00-04:00,23.496923276758807,23.528968910771457,23.08033920271396,23.448856353759766,134800,0.0,0.0
2011-10-17 00:00:00-04:00,23.07232815869329,23.232553275247806,22.127004860685485,22.303251266479492,115800,0.0,0.0
2011-10-18 00:00:00-04:00,22.463479005869438,23.64914011714679,22.2712082323465,23.352724075317383,182100,0.0,0.0
2011-10-19 00:00:00-04:00,23.376751111560985,23.512941976225406,22.559605923574463,22.647729873657227,81700,0.0,0.0
2011-10-20 00:00:00-04:00,22.679780523769963,22.848017065420578,21.878657918626352,22.60767936706543,115300,0.0,0.0
2011-10-21 00:00:00-04:00,23.07233223975224,24.30606188259358,23.024265307491735,24.2900390625,172800,0.0,0.0
2011-10-24 00:00:00-04:00,24.466280005844688,25.60387240164383,24.322077722427952,25.5798397064209,137500,0.0,0.0
2011-10-25 00:00:00-04:00,25.363536812319698,25.363536812319698,24.338099519458133,24.402189254760742,89900,0.0,0.0
2011-10-26 00:00:00-04:00,24.906899553829785,25.267405303159823,24.073731390053677,25.09916877746582,100000,0.0,0.0
2011-10-27 00:00:00-04:00,26.909707416655767,28.632122175332313,25.940349834349476,27.9511661529541,290600,0.0,0.0
2011-10-28 00:00:00-04:00,27.895085397894665,28.463881643367802,27.654749257445154,27.750883102416992,125700,0.0,0.0
2011-10-31 00:00:00-04:00,27.190094195627402,27.710824997956923,26.621298003325002,26.877656936645508,189200,0.0,0.0
2011-11-01 00:00:00-04:00,25.363542715043494,26.25278933633422,25.2834301452661,25.467689514160156,184800,0.0,0.0
2011-11-02 00:00:00-04:00,26.180685564959052,26.813573122251256,25.772111347045332,26.661357879638672,110400,0.0,0.0
2011-11-03 00:00:00-04:00,27.174073850139514,27.871052628490062,26.685391690108204,27.622703552246094,136800,0.0,0.0
2011-11-04 00:00:00-04:00,27.270211354746237,27.358335321043487,26.725447795854066,27.254188537597656,68900,0.0,0.0
2011-11-07 00:00:00-05:00,27.25419071742662,27.46248124493776,26.348921340386383,27.222145080566406,67700,0.0,0.0
2011-11-08 00:00:00-05:00,27.502543749734333,28.047304374015273,26.869656083472492,27.999238967895508,94700,0.0,0.0
2011-11-09 00:00:00-05:00,26.81357750065831,27.51856326983402,26.180689840021458,26.18869972229004,120900,0.0,0.0
2011-11-10 00:00:00-05:00,26.701416261970294,26.701416261970294,26.02847319259819,26.276819229125977,58300,0.0,0.0
2011-11-11 00:00:00-05:00,26.605281017080863,27.734863769523027,26.605281017080863,27.654752731323242,117600,0.0,0.0
2011-11-14 00:00:00-05:00,27.49452565139867,27.75088462272789,26.66937040343525,26.981807708740234,86100,0.0,0.0
2011-11-15 00:00:00-05:00,26.860700786924905,27.86181924610326,26.41665616004024,27.546951293945312,116200,0.26,0.0
2011-11-16 00:00:00-05:00,27.19979361654602,27.74072316301703,26.64271967747778,26.731529235839844,104300,0.0,0.0
2011-11-17 00:00:00-05:00,26.64272235890187,26.771899071388766,25.996838796467404,26.303634643554688,100900,0.0,0.0
2011-11-18 00:00:00-05:00,26.465098531483186,26.89299881807061,26.037201324710974,26.71537971496582,91000,0.0,0.0
2011-11-21 00:00:00-05:00,26.085644016683084,26.513541228022838,26.085644016683084,26.23904037475586,130800,0.0,0.0
2011-11-22 00:00:00-05:00,26.134082673489328,26.465098127982646,25.96453884846437,26.037200927734375,84600,0.0,0.0
2011-11-23 00:00:00-05:00,25.69003690123659,26.004904871306298,24.98763888494146,25.1168155670166,117900,0.0,0.0
2011-11-25 00:00:00-05:00,24.914975055941653,25.480122615283662,24.664693904610033,24.672767639160156,57800,0.0,0.0
2011-11-28 00:00:00-05:00,25.87573347197641,26.755750760718307,25.536644227324413,26.1663818359375,174300,0.0,0.0
2011-11-29 00:00:00-05:00,26.335918866042597,26.69922922687914,26.11793264954067,26.343994140625,108500,0.0,0.0
2011-11-30 00:00:00-05:00,28.184769745075766,28.467342831507963,27.65998763619807,28.43505096435547,252500,0.0,0.0
2011-12-01 00:00:00-05:00,28.362389660187592,28.6772577023205,27.643844009204145,27.659988403320312,101700,0.0,0.0
2011-12-02 00:00:00-05:00,28.176696002250605,28.40275445899305,27.442002938022156,27.490442276000977,89700,0.0,0.0
2011-12-05 00:00:00-05:00,28.144399229518353,28.540001503129496,27.773016623323937,28.05558967590332,95400,0.0,0.0
2011-12-06 00:00:00-05:00,28.112106604530787,28.459269571935383,27.7487961642451,28.14440155029297,60100,0.0,0.0
2011-12-07 00:00:00-05:00,27.99100526227265,28.241286500501065,27.11906318682765,27.94256591796875,70900,0.0,0.0
2011-12-08 00:00:00-05:00,27.595395605065008,27.595395605065008,26.255186357414765,26.327848434448242,89700,0.0,0.0
2011-12-09 00:00:00-05:00,26.675011751479285,27.9264114705375,26.48124518319605,27.676130294799805,114500,0.0,0.0
2011-12-12 00:00:00-05:00,27.175573092534545,27.183645288579108,26.448952255909816,27.062543869018555,98200,0.0,0.0
2011-12-13 00:00:00-05:00,27.36126246416125,27.692277915248432,26.416658523186292,26.513540267944336,120200,0.0,0.0
2011-12-14 00:00:00-05:00,26.230966673033564,26.37628774718217,25.722332134160677,25.778846740722656,93200,0.0,0.0
2011-12-15 00:00:00-05:00,26.25518893238705,26.521614521096062,25.681965995116155,26.06142234802246,122400,0.0,0.0
2011-12-16 00:00:00-05:00,26.311705760457563,27.458148651735385,26.303633563677927,26.779970169067383,346300,0.0,0.0
2011-12-19 00:00:00-05:00,27.08676216053932,27.79723548915649,26.093715787491274,26.190597534179688,96600,0.0,0.0
2011-12-20 00:00:00-05:00,26.93336685336183,27.942560736777274,26.892999713988274,27.619617462158203,121900,0.0,0.0
2011-12-21 00:00:00-05:00,27.417772865373667,27.692273666585685,26.77188953305558,27.56309700012207,53900,0.0,0.0
2011-12-22 00:00:00-05:00,27.676125617100542,27.84567249062296,27.38547735370737,27.458139419555664,68300,0.0,0.0
2011-12-23 00:00:00-05:00,27.530809417588486,27.546956890186586,27.345118102433545,27.490442276000977,50800,0.0,0.0
2011-12-27 00:00:00-05:00,27.29667907490186,27.58732434552676,27.264384129338364,27.44200325012207,70200,0.0,0.0
2011-12-28 00:00:00-05:00,27.256309854272477,27.506591071860115,26.72345555216302,26.779970169067383,67700,0.0,0.0
2011-12-29 00:00:00-05:00,26.812258752152836,27.353188202472502,26.54583320423979,27.0463924407959,96500,0.0,0.0
2011-12-30 00:00:00-05:00,27.046391160360226,27.2643773691409,26.707303555466794,26.739595413208008,97200,0.0,0.0
2012-01-03 00:00:00-05:00,27.78108443340088,27.877966167588372,27.135201072459605,27.240158081054688,106300,0.0,0.0
2012-01-04 00:00:00-05:00,27.078695397570957,27.312829155538335,26.69923745050768,27.17557716369629,63600,0.0,0.0
2012-01-05 00:00:00-05:00,26.868775913013128,27.409705414818447,26.465098375474756,27.28860092163086,79500,0.0,0.0
2012-01-06 00:00:00-05:00,27.337043225658938,27.433924971932854,26.779966254999753,27.151351928710938,66900,0.0,0.0
2012-01-09 00:00:00-05:00,27.256307086630954,27.490440807069433,26.529689337435588,27.030248641967773,130100,0.0,0.0
2012-01-10 00:00:00-05:00,27.482365155241542,27.522732289595954,27.00602557830362,27.159421920776367,101100,0.0,0.0
2012-01-11 00:00:00-05:00,26.98180891936645,27.35319464670891,26.98180891936645,27.24823760986328,194000,0.0,0.0
2012-01-12 00:00:00-05:00,27.288600636401238,27.38548238204955,26.88492310308224,27.256305694580078,292900,0.0,0.0
2012-01-13 00:00:00-05:00,26.812260094092426,27.207865418144852,26.64271627513355,26.90106964111328,86600,0.0,0.0
2012-01-17 00:00:00-05:00,27.240164195422995,27.433927707290426,27.05446980014476,27.369340896606445,351400,0.0,0.0
2012-01-18 00:00:00-05:00,27.3935628565296,27.555034516466485,27.20787152553769,27.498519897460938,304800,0.0,0.0
2012-01-19 00:00:00-05:00,27.676136831218592,28.055594782158643,27.474298019836155,27.81338882446289,143800,0.0,0.0
2012-01-20 00:00:00-05:00,27.813388804643182,27.942565520643257,27.708431760450672,27.853755950927734,87300,0.0,0.0
2012-01-23 00:00:00-05:00,27.853755950927734,28.1201846600743,27.522740423689054,27.853755950927734,66100,0.0,0.0
2012-01-24 00:00:00-05:00,27.65190489709816,28.22512612807231,27.579242834029994,28.047510147094727,109100,0.0,0.0
2012-01-25 00:00:00-05:00,28.01522363690907,28.079810445827988,27.676132880684673,27.837604522705078,113500,0.0,0.0
2012-01-26 00:00:00-05:00,28.184771498250768,28.24128611905258,27.571182866767135,27.81338882446289,121500,0.0,0.0
2012-01-27 00:00:00-05:00,27.716501651106604,27.81338339932447,27.215939279047927,27.296676635742188,125700,0.0,0.0
2012-01-30 00:00:00-05:00,26.9656585623689,27.110982710534927,26.497391178319493,26.545833587646484,343300,0.0,0.0
2012-01-31 00:00:00-05:00,26.755742064770796,27.877964932138717,26.360139871144884,27.56309700012207,691000,0.0,0.0
2012-02-01 00:00:00-05:00,27.764938260085184,28.37045451669006,27.708423655853924,28.25742530822754,410800,0.0,0.0
2012-02-02 00:00:00-05:00,28.24935255146766,28.346234288249583,28.07980566233069,28.11210060119629,180400,0.0,0.0
2012-02-03 00:00:00-05:00,28.48349213572581,28.992126803811157,28.43505279197587,28.596521377563477,247300,0.0,0.0
2012-02-06 00:00:00-05:00,28.273567782682324,28.717612343110293,28.273567782682324,28.49962615966797,80700,0.0,0.0
2012-02-07 00:00:00-05:00,28.499626453880552,28.636878384049027,28.410816924915263,28.491554260253906,166000,0.0,0.0
2012-02-08 00:00:00-05:00,28.60458850951743,29.04056095801797,28.451192164962784,28.959823608398438,123500,0.0,0.0
2012-02-09 00:00:00-05:00,29.064778563464756,29.153588101845703,28.685320746678798,28.943674087524414,95400,0.0,0.0
2012-02-10 00:00:00-05:00,28.707837484367303,28.715971753704604,28.097897581290173,28.122297286987305,102000,0.26,0.0
2012-02-13 00:00:00-05:00,28.512657319998624,28.715970612947608,28.317475193749154,28.545185089111328,83400,0.0,0.0
2012-02-14 00:00:00-05:00,28.390673833029886,28.512663074344662,28.17109506005245,28.447601318359375,95100,0.0,0.0
2012-02-15 00:00:00-05:00,28.17921859056024,28.382531847051112,27.032531948044298,28.203615188598633,316400,0.0,0.0
2012-02-16 00:00:00-05:00,28.309334676597203,30.155419139097905,28.22800752489083,30.041561126708984,253300,0.0,0.0
2012-02-17 00:00:00-05:00,30.366882327920983,30.57019567958025,29.79760432281192,29.838266372680664,166200,0.0,0.0
2012-02-21 00:00:00-05:00,30.033440342320805,30.301812279917723,29.27711463278859,30.17169189453125,195300,0.0,0.0
2012-02-22 00:00:00-05:00,30.122894418729974,30.326207685969273,29.96837435014698,30.212352752685547,156600,0.0,0.0
2012-02-23 00:00:00-05:00,30.285550778025897,30.862959810141543,29.870789905374256,30.838560104370117,183200,0.0,0.0
2012-02-24 00:00:00-05:00,30.8141520399884,31.00119983565382,30.472587309376838,30.643369674682617,123900,0.0,0.0
2012-02-27 00:00:00-05:00,30.34246944658063,30.838551152648385,29.643071395571358,30.594575881958008,112500,0.0,0.0
2012-02-28 00:00:00-05:00,30.578327749271363,30.789775378521615,30.20423191575555,30.586462020874023,141700,0.0,0.0
2012-02-29 00:00:00-05:00,30.67590333732,31.00933693436418,29.976505279541016,29.976505279541016,86200,0.0,0.0
2012-03-01 00:00:00-05:00,30.187949824560466,30.976806209876678,30.000902010969657,30.51325225830078,152000,0.0,0.0
2012-03-02 00:00:00-05:00,30.50511471278517,30.83041711156508,29.512948290902273,29.76505470275879,161900,0.0,0.0
2012-03-05 00:00:00-05:00,29.618675444823364,30.204218650425894,29.325906944336374,30.14729118347168,68000,0.0,0.0
2012-03-06 00:00:00-05:00,29.634938733696664,30.090361538682757,29.512952642901244,29.773193359375,110400,0.0,0.0
2012-03-07 00:00:00-05:00,29.943984875014664,30.285552858445076,29.740671559403584,29.85452651977539,107500,0.0,0.0
2012-03-08 00:00:00-05:00,30.20422335309571,30.773501213586293,29.813862189354534,30.61898422241211,70500,0.0,0.0
2012-03-09 00:00:00-05:00,30.61086088032873,31.562369077240156,30.60272971044423,30.984956741333008,94700,0.0,0.0
2012-03-12 00:00:00-04:00,31.017486912371236,31.188269396862005,30.643391059967897,30.944293975830078,96400,0.0,0.0
2012-03-13 00:00:00-04:00,31.106937121380597,31.912059211893745,30.984947891743307,31.9039249420166,131000,0.0,0.0
2012-03-14 00:00:00-04:00,32.09096218438371,32.310540863575056,31.708735389329693,31.838855743408203,104200,0.0,0.0
2012-03-15 00:00:00-04:00,31.887656771795235,32.757837435175865,31.62741599969905,32.74970626831055,80600,0.0,0.0
2012-03-16 00:00:00-04:00,32.83915797441291,33.11566412663723,32.505724358699545,33.06686782836914,211400,0.0,0.0
2012-03-19 00:00:00-04:00,32.93675943038799,33.82320567248363,32.83916990072399,33.45724105834961,119400,0.0,0.0
2012-03-20 00:00:00-04:00,33.253914770684545,33.46536228859751,32.6683716162351,32.83915710449219,99600,0.0,0.0
2012-03-21 00:00:00-04:00,32.855429814817526,33.392176791189506,32.68464428872873,33.10753631591797,94200,0.0,0.0
2012-03-22 00:00:00-04:00,32.676513315289476,33.01807816485895,32.465065749286246,32.94488525390625,89900,0.0,0.0
2012-03-23 00:00:00-04:00,32.871707796957935,33.30273429845814,32.41628778342497,33.21327590942383,84100,0.0,0.0
2012-03-26 00:00:00-04:00,33.660555353797754,34.33555711726618,33.660555353797754,34.20543670654297,124600,0.0,0.0
2012-03-27 00:00:00-04:00,34.20543245981548,34.53886616479142,34.067177795534526,34.18916702270508,68100,0.0,0.0
2012-03-28 00:00:00-04:00,34.15662822421365,34.27861742308294,33.684939964387496,34.262351989746094,98400,0.0,0.0
2012-03-29 00:00:00-04:00,33.953329895767105,34.24610161998134,33.701220221623615,34.08345031738281,93400,0.0,0.0
2012-03-30 00:00:00-04:00,34.40060633238901,34.40060633238901,33.38403993307306,33.40843963623047,120700,0.0,0.0
2012-04-02 00:00:00-04:00,33.30271378232893,34.05090511639065,32.83915978137454,33.668678283691406,133200,0.0,0.0
2012-04-03 00:00:00-04:00,33.44910662116907,33.741878283863485,33.14006952140108,33.56296157836914,105700,0.0,0.0
2012-04-04 00:00:00-04:00,33.09125736010215,33.12378821866763,32.432524536875015,32.920475006103516,104600,0.0,0.0
2012-04-05 00:00:00-04:00,32.74970375664144,32.95301703814357,32.61958338057265,32.798500061035156,63600,0.0,0.0
2012-04-09 00:00:00-04:00,32.14788501601991,32.74969350591726,32.0584267037893,32.700897216796875,140200,0.0,0.0
2012-04-10 00:00:00-04:00,32.66024647907123,32.668377645577515,31.9527171050711,32.074703216552734,184800,0.0,0.0
2012-04-11 00:00:00-04:00,32.45692443993935,32.70903396606445,32.24548004232527,32.70903396606445,98100,0.0,0.0
2012-04-12 00:00:00-04:00,32.733440448821774,33.77440352501255,32.733440448821774,33.61175537109375,136200,0.0,0.0
2012-04-13 00:00:00-04:00,33.384045832607974,33.400311270149146,32.473203046507344,32.52199935913086,132000,0.0,0.0
2012-04-16 00:00:00-04:00,32.73342430739756,33.416556764861866,32.456918238845034,32.9530029296875,118000,0.0,0.0
2012-04-17 00:00:00-04:00,33.270187925842436,34.2948855816726,33.18072957844561,33.91265869140625,141200,0.0,0.0
2012-04-18 00:00:00-04:00,33.56295354626154,33.717470508009896,32.9123517305919,33.294578552246094,92200,0.0,0.0
2012-04-19 00:00:00-04:00,33.29458277588649,33.41657198906214,32.40813672011182,32.77410125732422,100400,0.0,0.0
2012-04-20 00:00:00-04:00,33.180730593567255,34.09970759632948,33.06687563969341,33.44097137451172,106500,0.0,0.0
2012-04-23 00:00:00-04:00,32.6927703040591,32.91234898018182,32.17228889501884,32.717166900634766,122400,0.0,0.0
2012-04-24 00:00:00-04:00,32.65211786453655,33.44097137451172,32.513863204607716,33.44097137451172,91300,0.0,0.0
2012-04-25 00:00:00-04:00,34.94548214680416,36.05963787999631,33.904516204854545,34.254215240478516,357400,0.0,0.0
2012-04-26 00:00:00-04:00,34.25423038868595,34.945497600709864,34.25423038868595,34.790977478027344,336200,0.0,0.0
2012-04-27 00:00:00-04:00,35.05934567834945,35.28705557985495,34.61205704225734,35.07561111450195,202000,0.0,0.0
2012-04-30 00:00:00-04:00,34.96988482417084,35.01868112913082,34.498196516501295,34.53072738647461,173000,0.0,0.0
2012-05-01 00:00:00-04:00,34.48192669599466,35.49035862766791,34.15662427153073,34.42499923706055,114500,0.0,0.0
2012-05-02 00:00:00-04:00,34.08343053111334,34.67710480398721,34.034634237966564,34.587646484375,127000,0.0,0.0
2012-05-03 00:00:00-04:00,34.53072659806003,34.546992032675305,33.86385929040569,34.050907135009766,92000,0.0,0.0
2012-05-04 00:00:00-04:00,33.74186738532526,33.83132260686371,32.96114216954078,33.16445541381836,119200,0.0,0.0
2012-05-07 00:00:00-04:00,33.075006102695596,33.953321046420676,32.969285420529054,33.8394660949707,162000,0.0,0.0
2012-05-08 00:00:00-04:00,33.49789241954653,34.449400112807325,33.49789241954653,34.38433837890625,118700,0.0,0.0
2012-05-09 00:00:00-04:00,33.8719958528859,35.571695106366164,33.8069341100184,35.295188903808594,230000,0.0,0.0
2012-05-10 00:00:00-04:00,35.74247567090532,35.864461778972064,34.620185483267264,34.94548797607422,102800,0.0,0.0
2012-05-11 00:00:00-04:00,34.48192831044365,35.08373379087054,34.44126317874633,34.59578323364258,80000,0.0,0.0
2012-05-14 00:00:00-04:00,34.14036132455234,34.73403565543535,33.94518233752141,34.37620544433594,119100,0.0,0.0
2012-05-15 00:00:00-04:00,34.4006139255393,34.8885677663043,34.29489012802628,34.39248275756836,77000,0.0,0.0
2012-05-16 00:00:00-04:00,34.64458208441771,34.96175341094602,34.48193394032873,34.94548797607422,268000,0.0,0.0
2012-05-17 00:00:00-04:00,35.060082633641535,35.12556796971698,34.24968013140949,34.26605224609375,299000,0.28,0.0
2012-05-18 00:00:00-04:00,34.20057244180468,34.45433559963302,33.66030501115595,33.79127883911133,122800,0.0,0.0
2012-05-21 00:00:00-04:00,33.98773953954507,34.52800694471529,33.365611544099224,34.511634826660156,140700,0.0,0.0
2012-05-22 00:00:00-04:00,34.45433228681665,34.58530610217877,33.99592237171818,34.33154296875,161000,0.0,0.0
2012-05-23 00:00:00-04:00,33.79129038478136,34.53620487129611,33.684876260038855,34.50346374511719,136000,0.0,0.0
2012-05-24 00:00:00-04:00,34.462518472494786,34.52800694471529,33.58663045385007,34.511634826660156,186900,0.0,0.0
2012-05-25 00:00:00-04:00,34.57712059810486,34.57712059810486,34.0286656154151,34.28242874145508,74300,0.0,0.0
2012-05-29 00:00:00-04:00,34.65079656166072,34.69172529581334,34.06959729510937,34.323360443115234,124900,0.0,0.0
2012-05-30 00:00:00-04:00,33.889522048326754,34.09416891305659,33.54571369179568,33.7421760559082,186000,0.0,0.0
2012-05-31 00:00:00-04:00,33.8322064374433,33.8322064374433,33.28375145510986,33.627559661865234,347500,0.0,0.0
2012-06-01 00:00:00-04:00,32.718934946880786,33.01362687060355,32.26870943971396,32.72711944580078,212400,0.0,0.0
2012-06-04 00:00:00-04:00,32.93994949217066,32.93994949217066,32.28507725014026,32.579769134521484,110100,0.0,0.0
2012-06-05 00:00:00-04:00,32.30964660644531,32.63707970226409,32.014954634344164,32.30964660644531,124300,0.0,0.0
2012-06-06 00:00:00-04:00,32.66163246213307,33.25101315760497,32.563399744002304,33.18552780151367,124600,0.0,0.0
2012-06-07 00:00:00-04:00,33.72578880708368,34.01229304015223,33.17733383178711,33.17733383178711,107800,0.0,0.0
2012-06-08 00:00:00-04:00,33.144602220797225,33.660309988125825,33.062741614557325,33.56208038330078,118400,0.0,0.0
2012-06-11 00:00:00-04:00,33.91408095343689,34.045054830764954,32.79261693364885,32.83354568481445,113300,0.0,0.0
2012-06-12 00:00:00-04:00,33.062744182199424,33.062744182199424,32.620706242163955,32.93177032470703,119500,0.0,0.0
2012-06-13 00:00:00-04:00,32.80078619400914,33.152778911275156,31.998571177789096,32.17866134643555,181600,0.0,0.0
2012-06-14 00:00:00-04:00,32.178677889128636,32.481554409924975,31.84305711671548,32.17049026489258,135800,0.0,0.0
2012-06-15 00:00:00-04:00,32.23597439045026,33.30013744217296,32.02313990650775,32.88265609741211,210700,0.0,0.0
2012-06-18 00:00:00-04:00,32.55521530185984,33.08729514067471,32.3014521302431,32.792606353759766,147900,0.0,0.0
2012-06-19 00:00:00-04:00,32.964513323179645,33.406551246499276,32.465174534540395,32.808982849121094,208600,0.0,0.0
2012-06-20 00:00:00-04:00,32.76805234777759,32.86628508327072,32.424247141540896,32.538848876953125,136400,0.0,0.0
2012-06-21 00:00:00-04:00,32.47335532125503,32.62888890019331,31.597467197043773,31.646583557128906,123700,0.0,0.0
2012-06-22 00:00:00-04:00,31.81030109043816,31.81030109043816,31.270033629396746,31.499237060546875,203800,0.0,0.0
2012-06-25 00:00:00-04:00,30.958972106528872,31.07357383138426,30.598794810888684,30.868927001953125,117200,0.0,0.0
2012-06-26 00:00:00-04:00,30.89348058039336,31.12268398436876,30.672461673990433,30.967153549194336,86800,0.0,0.0
2012-06-27 00:00:00-04:00,31.01625940053506,31.278206977801887,30.713383099819307,31.179977416992188,138800,0.0,0.0
2012-06-28 00:00:00-04:00,30.8525379528584,31.384620666503906,30.67245096517896,31.384620666503906,113900,0.0,0.0
2012-06-29 00:00:00-04:00,32.16230177492344,33.09549097163358,32.096813279810924,32.93996047973633,171400,0.0,0.0
2012-07-02 00:00:00-04:00,33.00543809697134,33.24282915197998,32.784419161893894,32.825347900390625,157200,0.0,0.0
2012-07-03 00:00:00-04:00,32.75985535781709,33.152776781995385,32.60432493657836,33.14459228515625,58200,0.0,0.0
2012-07-05 00:00:00-04:00,33.01362521002352,33.406546714335754,32.88264825259024,33.31650161743164,64900,0.0,0.0
2012-07-06 00:00:00-04:00,32.90721136828086,32.948140110344994,32.514289823672065,32.645263671875,54100,0.0,0.0
2012-07-09 00:00:00-04:00,32.52246911749948,32.82534550749133,32.203220608769925,32.66981506347656,68600,0.0,0.0
2012-07-10 00:00:00-04:00,33.013633342696906,33.25102132986723,32.10500077397486,32.227787017822266,80800,0.0,0.0
2012-07-11 00:00:00-04:00,32.342384074786565,32.39150043880663,31.728443576518565,32.26871109008789,91400,0.0,0.0
2012-07-12 00:00:00-04:00,32.07224891404166,32.57158763942519,31.679327406197878,32.3587532043457,89600,0.0,0.0
2012-07-13 00:00:00-04:00,32.46517275659254,33.39017729599343,32.46517275659254,33.28376007080078,77600,0.0,0.0
2012-07-16 00:00:00-04:00,33.21009797815626,33.24284223090144,32.088633864276396,32.2032356262207,104800,0.0,0.0
2012-07-17 00:00:00-04:00,32.36693869609892,32.48972490272404,31.540163873909602,32.407867431640625,62300,0.0,0.0
2012-07-18 00:00:00-04:00,32.21959228584058,32.7107433505899,30.70520411131593,31.081756591796875,234000,0.0,0.0
2012-07-19 00:00:00-04:00,31.139050559567462,31.163607170576096,30.62333986975478,30.918031692504883,130400,0.0,0.0
2012-07-20 00:00:00-04:00,30.598784796886257,30.615156912602217,30.0094011217589,30.189491271972656,114800,0.0,0.0
2012-07-23 00:00:00-04:00,29.56736265568274,29.79656914754253,28.937050267726306,29.39546012878418,180800,0.0,0.0
2012-07-24 00:00:00-04:00,29.444585691675073,29.444585691675073,28.14303178136538,28.200332641601562,266700,0.0,0.0
2012-07-25 00:00:00-04:00,28.470473192587985,31.032653026694007,28.470473192587985,29.02711296081543,246600,0.0,0.0
2012-07-26 00:00:00-04:00,29.149888435324,29.39546395178314,28.298557063781026,28.347673416137695,189400,0.0,0.0
2012-07-27 00:00:00-04:00,28.53596199845407,29.1744592771445,28.454101371273477,28.969812393188477,204800,0.0,0.0
2012-07-30 00:00:00-04:00,29.03529327368135,29.190823740505017,28.40498066182309,28.585067749023438,194100,0.0,0.0
2012-07-31 00:00:00-04:00,28.560510451400674,28.61781131269605,28.003870836534684,28.093915939331055,149800,0.0,0.0
2012-08-01 00:00:00-04:00,28.306745498166663,28.454088314151214,27.389925630439713,27.398113250732422,161700,0.0,0.0
2012-08-02 00:00:00-04:00,27.136165609285353,27.56182818464019,26.956075434792165,27.398113250732422,226100,0.0,0.0
2012-08-03 00:00:00-04:00,27.913823830205924,29.05166272480217,27.913823830205924,28.6096248626709,140800,0.0,0.0
2012-08-06 00:00:00-04:00,28.626002450281597,28.814277178042342,28.32312286319146,28.53595733642578,193800,0.0,0.0
2012-08-07 00:00:00-04:00,28.797891362128453,29.190812753580502,28.797891362128453,28.98616600036621,124700,0.0,0.0
2012-08-08 00:00:00-04:00,28.87157223644363,29.313610094057594,28.732410782307756,29.182636260986328,181000,0.0,0.0
2012-08-09 00:00:00-04:00,29.19900851494275,29.305425742016038,28.830646715169483,29.16626739501953,124600,0.0,0.0
2012-08-10 00:00:00-04:00,29.10851638982569,29.10851638982569,28.737236798088123,29.026010513305664,99400,0.28,0.0
2012-08-13 00:00:00-04:00,28.968240748582662,28.99299186922432,28.06891331231801,28.588708877563477,111800,0.0,0.0
2012-08-14 00:00:00-04:00,28.836235843099033,28.85273764294033,28.258685438239652,28.431949615478516,92900,0.0,0.0
2012-08-15 00:00:00-04:00,28.431946601804277,28.638214356862168,28.275184241022902,28.57221031188965,143700,0.0,0.0
2012-08-16 00:00:00-04:00,28.53920935258706,29.554046423550258,28.26693438000363,29.43028450012207,190700,0.0,0.0
2012-08-17 00:00:00-04:00,29.356030832487935,30.238856645177933,29.25702003576643,30.23060417175293,165400,0.0,0.0
2012-08-20 00:00:00-04:00,30.24710464477539,30.44512308213824,29.8675727161759,30.24710464477539,75600,0.0,0.0
2012-08-21 00:00:00-04:00,30.50288219072751,30.808157642643263,30.106848406443007,30.271860122680664,57900,0.0,0.0
2012-08-22 00:00:00-04:00,30.30485308344799,30.445116769873003,29.70255171796561,30.032581329345703,101600,0.0,0.0
2012-08-23 00:00:00-04:00,30.05733919626146,30.05733919626146,29.323026450858375,29.380781173706055,69800,0.0,0.0
2012-08-24 00:00:00-04:00,29.281773728644595,29.661305666370158,28.918740442649394,29.141510009765625,76200,0.0,0.0
2012-08-27 00:00:00-04:00,29.339522147936247,29.67780108885983,29.075499713429824,29.49628448486328,65800,0.0,0.0
2012-08-28 00:00:00-04:00,29.57055061183481,29.82632380546239,29.17451683122859,29.306528091430664,70100,0.0,0.0
2012-08-29 00:00:00-04:00,29.413776167794587,29.611791403236904,29.12499949063103,29.479780197143555,53100,0.0,0.0
2012-08-30 00:00:00-04:00,29.29002212371768,29.372527969333028,28.852735476643065,28.860984802246094,38900,0.0,0.0
2012-08-31 00:00:00-04:00,29.191011571503545,29.191011571503545,28.67121598319914,28.77022361755371,44100,0.0,0.0
2012-09-04 00:00:00-04:00,28.720723288430964,28.720723288430964,27.870897999105644,28.398942947387695,185800,0.0,0.0
2012-09-05 00:00:00-04:00,28.299947149319394,28.58872401509256,28.159686528221908,28.45671272277832,133200,0.0,0.0
2012-09-06 00:00:00-04:00,28.74547348159067,29.364276725470436,28.638213371380616,29.042499542236328,159300,0.0,0.0
2012-09-07 00:00:00-04:00,29.257012777056218,29.50453341265688,29.02599393681502,29.232261657714844,87100,0.0,0.0
2012-09-10 00:00:00-04:00,29.28176667180655,29.776807936719017,29.116751867703858,29.72730255126953,116100,0.0,0.0
2012-09-11 00:00:00-04:00,29.743812103021394,30.19760057209621,29.710808504115043,30.049087524414062,90100,0.0,0.0
2012-09-12 00:00:00-04:00,30.115094722974263,30.23060417175293,29.793317502120434,30.23060417175293,81700,0.0,0.0
2012-09-13 00:00:00-04:00,30.26360435518181,31.080422877873275,29.974830765825445,30.857656478881836,106000,0.0,0.0
2012-09-14 00:00:00-04:00,31.02266770204796,31.67447453399734,30.849403550991852,31.542463302612305,167000,0.0,0.0
2012-09-17 00:00:00-04:00,31.459965578319547,31.459965578319547,30.38737365321819,30.54413604736328,121500,0.0,0.0
2012-09-18 00:00:00-04:00,30.519375186244996,30.931910652606053,30.41211508372029,30.79164695739746,96000,0.0,0.0
2012-09-19 00:00:00-04:00,30.882412686695833,31.45171063405208,30.775152558389323,31.21244239807129,168200,0.0,0.0
2012-09-20 00:00:00-04:00,31.03917546760483,31.088680869166623,30.535881567614826,30.742149353027344,49600,0.0,0.0
2012-09-21 00:00:00-04:00,31.171177450404652,31.30318866789716,30.6678837001533,30.816396713256836,179500,0.0,0.0
2012-09-24 00:00:00-04:00,30.667890021515515,31.352700517247747,30.667890021515515,31.00617218017578,54300,0.0,0.0
2012-09-25 00:00:00-04:00,31.162936579164334,31.41870975941951,30.255356458753294,30.263608932495117,142900,0.0,0.0
2012-09-26 00:00:00-04:00,30.387365821654303,30.634886487132235,30.23885279288834,30.610132217407227,124900,0.0,0.0
2012-09-27 00:00:00-04:00,30.71739710068111,31.129932656393827,30.445125270556908,31.063928604125977,82000,0.0,0.0
2012-09-28 00:00:00-04:00,30.841158868588863,31.088679571271022,30.56063456624335,30.75040054321289,101700,0.0,0.0
2012-10-01 00:00:00-04:00,30.849402473053555,31.3526962586842,30.71739124628125,31.12167739868164,147900,0.0,0.0
2012-10-02 00:00:00-04:00,31.245440687918812,31.32794968374821,30.857659423407938,31.096927642822266,55100,0.0,0.0
2012-10-03 00:00:00-04:00,31.17118191532973,31.270192703178076,30.83290292533824,31.014419555664062,55700,0.0,0.0
2012-10-04 00:00:00-04:00,31.22895478755362,31.237207265036115,30.75041495770182,31.113445281982422,75300,0.0,0.0
2012-10-05 00:00:00-04:00,31.270185752147444,31.608464666943117,30.898903248738666,30.981409072875977,95000,0.0,0.0
2012-10-08 00:00:00-04:00,30.816411176548307,31.237199293631782,30.69265237247453,31.03093147277832,37000,0.0,0.0
2012-10-09 00:00:00-04:00,31.07218150353932,31.07218150353932,30.36261976253377,30.43687629699707,86500,0.0,0.0
2012-10-10 00:00:00-04:00,30.519378239945933,30.527627565244398,30.247103294154417,30.453371047973633,118000,0.0,0.0
2012-10-11 00:00:00-04:00,30.527627362458656,30.527627362458656,30.21409949746519,30.511125564575195,104600,0.0,0.0
2012-10-12 00:00:00-04:00,30.527629684433208,30.659640930145713,30.354365514572365,30.395618438720703,103000,0.0,0.0
2012-10-15 00:00:00-04:00,30.494630108484017,30.56888664070422,30.255358710508162,30.519384384155273,41100,0.0,0.0
2012-10-16 00:00:00-04:00,30.684389518200447,30.85765682113209,30.428619521189734,30.568880081176758,117500,0.0,0.0
2012-10-17 00:00:00-04:00,30.70914909889546,30.956669813519262,30.461625236875012,30.86591148376465,121000,0.0,0.0
2012-10-18 00:00:00-04:00,30.8741602301718,30.95666923176027,30.478126464736928,30.849409103393555,56600,0.0,0.0
2012-10-19 00:00:00-04:00,30.667894042076068,30.742150573668855,30.03259200748937,30.58538818359375,131900,0.0,0.0
2012-10-22 00:00:00-04:00,30.577134324581383,30.816402537674623,29.99958395861904,30.24710464477539,71700,0.0,0.0
2012-10-23 00:00:00-04:00,29.89232310603529,30.3626133423949,29.66130422428564,30.280107498168945,99600,0.0,0.0
2012-10-24 00:00:00-04:00,29.702556352662477,30.511125564575195,29.18276073521997,30.511125564575195,259300,0.0,0.0
2012-10-25 00:00:00-04:00,30.841157227937337,31.756986611798965,30.79990430425092,31.575469970703125,108400,0.0,0.0
2012-10-26 00:00:00-04:00,31.484713347000824,31.690981123945903,31.22894017052619,31.451709747314453,101800,0.0,0.0
2012-10-31 00:00:00-04:00,31.418696603566435,31.86423242977403,31.171172853301382,31.84773063659668,112300,0.0,0.0
2012-11-01 00:00:00-04:00,31.798238216617335,33.05234655852616,31.468208546021675,33.04409408569336,207600,0.0,0.0
2012-11-02 00:00:00-04:00,33.07709150071742,33.20085339091097,32.39228116379886,32.408782958984375,150700,0.0,0.0
2012-11-05 00:00:00-05:00,32.32628753008509,32.46654811319152,32.01275961548704,32.169525146484375,64600,0.0,0.0
2012-11-06 00:00:00-05:00,32.16126629335741,32.76356772864739,32.07050798233909,32.54079818725586,134900,0.0,0.0
2012-11-07 00:00:00-05:00,32.1365059577923,32.1365059577923,30.9896581325859,31.055662155151367,120600,0.0,0.0
2012-11-08 00:00:00-05:00,31.06392248577241,31.1051754037392,30.428617477416992,30.428617477416992,102800,0.0,0.0
2012-11-09 00:00:00-05:00,30.212462309623472,30.91913668372339,30.14595013859178,30.561641693115234,74400,0.28,0.0
2012-11-12 00:00:00-05:00,30.694659098784797,31.102038167698776,30.378735839559123,30.944076538085938,96900,0.0,0.0
2012-11-13 00:00:00-05:00,30.744540271595582,30.952386003424763,30.4119890035534,30.42030143737793,71800,0.0,0.0
2012-11-14 00:00:00-05:00,30.461872203587312,30.461872203587312,29.821706921605145,30.021240234375,134400,0.0,0.0
2012-11-15 00:00:00-05:00,29.97135656212328,30.187517918483756,29.76351081180138,30.05449676513672,102100,0.0,0.0
2012-11-16 00:00:00-05:00,29.929785939148193,30.204143832564686,29.705312164027674,30.062807083129883,106600,0.0,0.0
2012-11-19 00:00:00-05:00,30.478496222019164,30.827678680419922,30.27065050223685,30.827678680419922,89500,0.0,0.0
2012-11-20 00:00:00-05:00,30.76116701827956,30.910816192626953,30.503437179909266,30.910816192626953,74400,0.0,0.0
2012-11-21 00:00:00-05:00,30.97732084150715,31.06046102199989,30.61151356175991,31.035520553588867,31300,0.0,0.0
2012-11-23 00:00:00-05:00,31.13529252115981,31.309882181801477,30.86925022737984,31.19348907470703,41800,0.0,0.0
2012-11-26 00:00:00-05:00,31.060474850717988,31.210124070758013,30.919138066691293,31.118671417236328,43500,0.0,0.0
2012-11-27 00:00:00-05:00,31.11866797428069,31.634124579902537,31.11866797428069,31.359769821166992,60900,0.0,0.0
2012-11-28 00:00:00-05:00,31.226743691360795,31.559294957268953,30.71128399627079,31.48447036743164,81500,0.0,0.0
2012-11-29 00:00:00-05:00,31.800405843593456,32.07476380847366,31.43459839522824,32.041507720947266,59400,0.0,0.0
2012-11-30 00:00:00-05:00,32.10801763121774,32.216098332993084,31.77546626098807,32.157901763916016,117600,0.0,0.0
2012-12-03 00:00:00-05:00,32.34911358918383,32.53201887076166,31.575927117117885,31.90848159790039,49600,0.0,0.0
2012-12-04 00:00:00-05:00,31.974993320354315,32.523706040447884,31.708950981610457,32.20778274536133,90400,0.0,0.0
2012-12-05 00:00:00-05:00,32.34911321002151,32.53201848945552,31.99161825738659,32.2826042175293,51700,0.0,0.0
2012-12-06 00:00:00-05:00,32.290926556583585,32.37406361556734,32.01656855328129,32.14127731323242,43600,0.0,0.0
2012-12-07 00:00:00-05:00,32.38237290749605,32.473825557423744,31.85860065793965,32.29092025756836,50800,0.0,0.0
2012-12-10 00:00:00-05:00,32.33248861214989,32.806376730716906,32.091386749307055,32.73155212402344,93600,0.0,0.0
2012-12-11 00:00:00-05:00,32.89782986471627,33.33014946848218,32.89782986471627,33.19712829589844,92100,0.0,0.0
2012-12-12 00:00:00-05:00,33.0142245629366,33.197129873232946,32.88120338403245,32.9809684753418,65900,0.0,0.0
2012-12-13 00:00:00-05:00,32.95601849031851,32.989274568321704,32.49044608417039,32.748172760009766,57000,0.0,0.0
2012-12-14 00:00:00-05:00,32.42394548065381,32.87289317923232,32.1329626231355,32.307552337646484,173800,0.0,0.0
2012-12-17 00:00:00-05:00,32.482129711295165,33.08903884887695,32.39067708468472,33.08903884887695,72800,0.0,0.0
2012-12-18 00:00:00-05:00,33.21376035505401,34.17816476576898,32.93108993269918,34.10334014892578,120500,0.0,0.0
2012-12-19 00:00:00-05:00,35.17581936561145,35.416918049238284,34.61879105111723,34.79338073730469,236300,0.0,0.0
2012-12-20 00:00:00-05:00,34.918092615281196,35.13425084078391,34.602166127415636,35.10099792480469,112500,0.0,0.0
2012-12-21 00:00:00-05:00,35.076056318400916,35.30053016459149,34.1947921498104,34.51071548461914,363500,0.0,0.0
2012-12-24 00:00:00-05:00,34.60218367043283,35.28391795150388,34.50241852896495,34.9763069152832,60400,0.0,0.0
2012-12-26 00:00:00-05:00,35.09267888900891,35.20907201225342,34.502397665997584,34.70193099975586,97600,0.0,0.0
2012-12-27 00:00:00-05:00,34.68530455096989,35.009543458181035,34.36937807945459,34.893150329589844,70000,0.0,0.0
2012-12-28 00:00:00-05:00,34.70193685627879,35.0344882400331,34.535659578663996,34.54397201538086,50300,0.0,0.0
2012-12-31 00:00:00-05:00,34.56890516524986,35.641386778483856,34.452508886252026,35.508365631103516,109400,0.0,0.0
2013-01-02 00:00:00-05:00,36.42289848025411,36.755449851402545,35.92406666631871,36.17348098754883,187200,0.0,0.0
2013-01-03 00:00:00-05:00,36.165172357552244,36.281565508278405,35.782736813316156,36.14854431152344,79100,0.0,0.0
2013-01-04 00:00:00-05:00,36.36469491774784,36.4145758695162,36.123593079285605,36.223358154296875,60600,0.0,0.0
2013-01-07 00:00:00-05:00,35.96563002461846,36.20673187481122,35.924061505630846,35.99888610839844,57000,0.0,0.0
2013-01-08 00:00:00-05:00,36.01551930855568,36.58917256428466,35.93238225867328,36.5559196472168,70800,0.0,0.0
2013-01-09 00:00:00-05:00,36.63073642140638,36.78869805096786,36.314809990808946,36.58916473388672,60300,0.0,0.0
2013-01-10 00:00:00-05:00,36.67231057648753,36.87184075277559,36.25661900916661,36.79701614379883,42900,0.0,0.0
2013-01-11 00:00:00-05:00,36.83026616940303,36.97991536272969,36.58085190435008,36.91340637207031,57800,0.0,0.0
2013-01-14 00:00:00-05:00,36.88847533154388,36.88847533154388,36.54760831280861,36.66400146484375,52800,0.0,0.0
2013-01-15 00:00:00-05:00,36.497714904082144,37.02148390969481,36.165160436080136,36.963287353515625,76200,0.0,0.0
2013-01-16 00:00:00-05:00,36.80533511617206,36.84690364240964,36.639057839746464,36.73882293701172,45500,0.0,0.0
2013-01-17 00:00:00-05:00,36.954979178551625,37.18776543010019,36.846898488272004,36.99654769897461,51800,0.0,0.0
2013-01-18 00:00:00-05:00,36.930046729963856,37.13789256659304,36.73882894084211,36.95499038696289,87800,0.0,0.0
2013-01-22 00:00:00-05:00,36.95498343217814,37.50369621075452,36.921727343421956,37.462127685546875,87500,0.0,0.0
2013-01-23 00:00:00-05:00,37.503687539373004,37.60345261109929,36.888462725532904,36.91340637207031,92000,0.0,0.0
2013-01-24 00:00:00-05:00,36.19010600458502,37.603457935298024,36.19010600458502,37.520320892333984,163400,0.0,0.0
2013-01-25 00:00:00-05:00,37.66996904048761,37.96095185409951,37.47043570295744,37.86949920654297,74100,0.0,0.0
2013-01-28 00:00:00-05:00,37.96925754612543,38.31844003191874,37.55356607395077,37.936004638671875,138400,0.0,0.0
2013-01-29 00:00:00-05:00,37.952641001576175,38.393273043845106,37.73647961261316,38.0357780456543,96200,0.0,0.0
2013-01-30 00:00:00-05:00,38.0357701735921,38.551226717439995,37.78635592150274,37.99420166015625,136100,0.0,0.0
2013-01-31 00:00:00-05:00,37.927697154359045,38.76739588397544,37.87781619676099,38.42652893066406,201800,0.0,0.0
2013-02-01 00:00:00-05:00,38.659314530511836,38.659314530511836,38.21868249804678,38.40158462524414,144300,0.0,0.0
2013-02-04 00:00:00-05:00,38.285194150540704,38.39327485010701,37.74479699565935,37.81130599975586,74000,0.0,0.0
2013-02-05 00:00:00-05:00,38.02746341118607,38.6593131554827,37.911067116141524,38.25193405151367,106000,0.0,0.0
2013-02-06 00:00:00-05:00,38.143856966665,38.426527343452975,38.019148234871125,38.260250091552734,59700,0.0,0.0
2013-02-07 00:00:00-05:00,38.202052161667595,38.28518919890443,37.73647650730714,38.110599517822266,129100,0.0,0.0
2013-02-08 00:00:00-05:00,38.168802825631616,38.60943490953584,37.92770093495845,38.0191535949707,74300,0.0,0.0
2013-02-11 00:00:00-05:00,37.985888264578215,38.28518665308813,37.62008088499635,37.82792663574219,154000,0.0,0.0
2013-02-12 00:00:00-05:00,37.886123192233065,38.31013029978027,37.71153352276043,37.82792663574219,249400,0.0,0.0
2013-02-13 00:00:00-05:00,38.053794412545095,39.191473826789796,38.01196531205305,38.89868927001953,473400,0.28,0.0
2013-02-14 00:00:00-05:00,38.70628895826376,42.32846645451918,38.56407703180497,42.12770080566406,263300,0.0,0.0
2013-02-15 00:00:00-05:00,42.303369513312646,42.721634984625695,41.36645575108287,41.59231948852539,482400,0.0,0.0
2013-02-19 00:00:00-05:00,41.71780615667947,42.24482165700122,41.61742331556061,41.9018440246582,199000,0.0,0.0
2013-02-20 00:00:00-05:00,41.80143901237581,41.86835980725645,40.9314463411485,40.948177337646484,134800,0.0,0.0
2013-02-21 00:00:00-05:00,40.839447707337634,41.25771325386187,40.287337313570156,40.55502700805664,158900,0.0,0.0
2013-02-22 00:00:00-05:00,40.85618103332678,41.06531381847052,40.8310861202657,40.93146896362305,121500,0.0,0.0
2013-02-25 00:00:00-05:00,41.098764152045625,41.583950416338176,39.53444906605776,39.542816162109375,122100,0.0,0.0
2013-02-26 00:00:00-05:00,39.77704869022745,39.88579861450024,39.2500332630267,39.467533111572266,137300,0.0,0.0
2013-02-27 00:00:00-05:00,39.45080107057544,39.668297722286155,39.38388025124616,39.40060806274414,298000,0.0,0.0
2013-02-28 00:00:00-05:00,39.46753550968822,39.58464934704608,39.174750916293554,39.19147872924805,257200,0.0,0.0
2013-03-01 00:00:00-05:00,38.90704823319254,39.308585847345995,38.4804189059334,39.14964294433594,280100,0.0,0.0
2013-03-04 00:00:00-05:00,39.057629328361486,39.843970472162624,39.057629328361486,39.79377746582031,191200,0.0,0.0
2013-03-05 00:00:00-05:00,39.99454289827181,40.37097924492746,39.78541017630218,40.145118713378906,133100,0.0,0.0
2013-03-06 00:00:00-05:00,40.228772255272816,40.30406016606321,39.944351613521576,40.15348434448242,81900,0.0,0.0
2013-03-07 00:00:00-05:00,40.09491621765763,40.37933677983589,39.91924553866523,40.34587478637695,70000,0.0,0.0
2013-03-08 00:00:00-05:00,40.65539390223849,41.02346948114705,40.55501110395052,41.01510238647461,99900,0.0,0.0
2013-03-11 00:00:00-04:00,40.939818901528,41.11549280635154,40.52155347396028,40.73068618774414,83900,0.0,0.0
2013-03-12 00:00:00-04:00,40.70560578544628,41.182428287462244,40.61358684801985,41.15733337402344,78900,0.0,0.0
2013-03-13 00:00:00-04:00,41.3078995129157,41.77635480610129,41.132225586858745,41.67597198486328,75400,0.0,0.0
2013-03-14 00:00:00-04:00,41.80982625908553,42.11097798197108,41.550500455242286,42.018959045410156,144900,0.0,0.0
2013-03-15 00:00:00-04:00,41.826552578244645,41.826552578244645,41.04021453857422,41.04021453857422,327400,0.0,0.0
2013-03-18 00:00:00-04:00,40.688868145292986,41.21588357937192,40.63031122940784,40.8896369934082,66400,0.0,0.0
2013-03-19 00:00:00-04:00,41.08204034899981,41.291173111361964,40.31243012412847,40.70560073852539,80400,0.0,0.0
2013-03-20 00:00:00-04:00,40.86455163185651,41.4584912641631,40.86455163185651,41.39156723022461,69700,0.0,0.0
2013-03-21 00:00:00-04:00,41.07367204090119,41.299535800528865,40.75579254908085,41.09877014160156,65100,0.0,0.0
2013-03-22 00:00:00-04:00,41.215881723312975,41.349726552324874,40.85617314700991,41.056941986083984,67400,0.0,0.0
2013-03-25 00:00:00-04:00,41.24935231144987,41.517042025174156,40.70560578544628,41.15733337402344,70300,0.0,0.0
2013-03-26 00:00:00-04:00,41.32462457218876,41.50865918614085,41.06529886424514,41.31625747680664,91000,0.0,0.0
2013-03-27 00:00:00-04:00,41.04858156695318,41.366464284235995,41.03185056171588,41.32463836669922,89600,0.0,0.0
2013-03-28 00:00:00-04:00,41.49193980254841,41.70943966780823,41.366462056694935,41.508670806884766,90900,0.0,0.0
2013-04-01 00:00:00-04:00,41.50031122635158,41.81819395965349,41.21589050521052,41.542137145996094,143200,0.0,0.0
2013-04-02 00:00:00-04:00,41.82654978938707,42.119334361467786,41.51703421445711,41.84328079223633,267500,0.0,0.0
2013-04-03 00:00:00-04:00,41.99384860272337,41.99384860272337,41.165681671047366,41.31625747680664,166500,0.0,0.0
2013-04-04 00:00:00-04:00,41.23261721311688,41.67597765913552,41.23261721311688,41.508670806884766,87800,0.0,0.0
2013-04-05 00:00:00-04:00,40.84781529643376,41.257713749932805,40.831084291438074,40.95656204223633,107400,0.0,0.0
2013-04-08 00:00:00-04:00,41.174056217272685,41.174056217272685,40.429544149131786,40.61357879638672,144200,0.0,0.0
2013-04-09 00:00:00-04:00,40.71395694755797,40.71395694755797,40.094925875022994,40.337520599365234,149000,0.0,0.0
2013-04-10 00:00:00-04:00,40.48810056804272,41.809817852480876,40.42117655814082,41.742897033691406,84400,0.0,0.0
2013-04-11 00:00:00-04:00,41.751265583092724,41.81818960043814,41.408287971979426,41.508670806884766,53200,0.0,0.0
2013-04-12 00:00:00-04:00,41.28279892834495,41.65923847420984,40.95655238563277,41.61741256713867,109800,0.0,0.0
2013-04-15 00:00:00-04:00,41.21588481931159,41.609055430179396,39.534455637989325,39.986183166503906,296200,0.0,0.0
2013-04-16 00:00:00-04:00,40.337522969990246,41.834910928162856,40.26223505770463,41.76799011230469,231600,0.0,0.0
2013-04-17 00:00:00-04:00,41.41663677073809,41.41663677073809,40.58847310041705,41.01510238647461,190300,0.0,0.0
2013-04-18 00:00:00-04:00,41.006748322102865,41.0987672389091,40.58011574256715,40.688865661621094,110500,0.0,0.0
2013-04-19 00:00:00-04:00,40.74741830727871,41.51702837452587,40.36261486921115,41.16568374633789,101800,0.0,0.0
2013-04-22 00:00:00-04:00,41.27443382061952,41.49193044571897,40.42117193856093,41.35808563232422,65400,0.0,0.0
2013-04-23 00:00:00-04:00,41.74289337899822,41.8098141919286,41.073666103021466,41.79308319091797,106400,0.0,0.0
2013-04-24 00:00:00-04:00,39.316952594957854,39.785411051272625,38.63936141207416,39.7352180480957,414300,0.0,0.0
2013-04-25 00:00:00-04:00,39.743586821989346,40.05310559283073,39.52609016380186,39.659934997558594,192700,0.0,0.0
2013-04-26 00:00:00-04:00,39.41733711666631,39.94435250394711,39.26676129172894,39.88579559326172,258600,0.0,0.0
2013-04-29 00:00:00-04:00,39.96107889528478,40.05309779892023,39.48425656836648,39.83559799194336,166800,0.0,0.0
2013-04-30 00:00:00-04:00,39.718487881150395,40.15348434448242,39.64319997036,40.15348434448242,160400,0.0,0.0
2013-05-01 00:00:00-04:00,40.1116590216698,40.128390023324215,39.33368499585723,39.50099182128906,386500,0.0,0.0
2013-05-02 00:00:00-04:00,39.73522291599129,39.82724183753265,39.34205232071915,39.659934997558594,117400,0.0,0.0
2013-05-03 00:00:00-04:00,40.22878087604513,41.31627067186124,40.22878087604513,40.95656204223633,96800,0.0,0.0
2013-05-06 00:00:00-04:00,40.93146896362305,41.13223465033773,40.66377925392809,40.93146896362305,42100,0.0,0.0
2013-05-07 00:00:00-04:00,40.981648849923985,41.960388439064396,40.94818684915541,41.83490753173828,99500,0.0,0.0
2013-05-08 00:00:00-04:00,41.67597787560193,42.34520209696815,41.67597787560193,42.03568649291992,105700,0.0,0.0
2013-05-09 00:00:00-04:00,41.84327586850203,41.94365868267293,41.33299151053911,41.40827941894531,71100,0.0,0.0
2013-05-10 00:00:00-04:00,41.40828678821735,41.95203324470973,41.24097994074949,41.75962829589844,42700,0.0,0.0
2013-05-13 00:00:00-04:00,41.567227738928935,41.59232584099736,41.073674279753725,41.14059829711914,82900,0.0,0.0
2013-05-14 00:00:00-04:00,41.11549869839243,41.801453842615075,41.11549869839243,41.7763557434082,97500,0.0,0.0
2013-05-15 00:00:00-04:00,41.634140885054435,42.19461502413486,41.54212198076076,42.052406311035156,76300,0.0,0.0
2013-05-16 00:00:00-04:00,42.01034567431747,42.36379978417158,41.33710357253768,41.6821403503418,91000,0.3,0.0
2013-05-17 00:00:00-04:00,42.010337355264255,42.55734826041682,41.83361194046885,42.49843978881836,109700,0.0,0.0
2013-05-20 00:00:00-04:00,42.40585998313832,42.59941680993724,42.001914882392285,42.094486236572266,134500,0.0,0.0
2013-05-21 00:00:00-04:00,42.01875396129567,42.178647922839296,41.892519689891685,41.97667694091797,105200,0.0,0.0
2013-05-22 00:00:00-04:00,41.93459399400737,42.523678616582814,40.7143413138846,40.840572357177734,172600,0.0,0.0
2013-05-23 00:00:00-04:00,40.45345179087592,41.539055913567225,39.9737668455509,41.19401931762695,117500,0.0,0.0
2013-05-24 00:00:00-04:00,41.050962141749785,41.404416138499144,40.78166538721244,41.26976776123047,61900,0.0,0.0
2013-05-28 00:00:00-04:00,41.82518862291616,42.490016325068765,41.56430601301229,42.372196197509766,95300,0.0,0.0
2013-05-29 00:00:00-04:00,42.02716154972293,42.279630053294184,41.42124548785492,42.102901458740234,96800,0.0,0.0
2013-05-30 00:00:00-04:00,42.12815064720457,42.91920943002135,41.92617648442667,42.877132415771484,86300,0.0,0.0
2013-05-31 00:00:00-04:00,42.75932293887296,43.02020239882,41.99350958917537,42.010337829589844,168600,0.0,0.0
2013-06-03 00:00:00-04:00,42.23755561018044,42.23755561018044,39.8559616300406,40.02427291870117,361700,0.0,0.0
2013-06-04 00:00:00-04:00,40.015856409562836,40.293570523090835,38.846097905293504,39.14064025878906,134700,0.0,0.0
2013-06-05 00:00:00-04:00,38.997575103461166,38.997575103461166,38.16443602962788,38.32433319091797,80300,0.0,0.0
2013-06-06 00:00:00-04:00,38.42532313502896,38.71145138235284,38.08028641416231,38.70303726196289,69700,0.0,0.0
2013-06-07 00:00:00-04:00,39.03124159404621,39.40994120791641,38.56838793721416,38.86293029785156,84800,0.0,0.0
2013-06-10 00:00:00-04:00,39.06488887955932,39.34260291162981,38.40847856414899,38.90499496459961,92700,0.0,0.0
2013-06-11 00:00:00-04:00,38.40848788799857,39.22479552680125,38.23176248483635,38.82085037231445,79400,0.0,0.0
2013-06-12 00:00:00-04:00,39.2247940427353,39.2247940427353,37.8614787966394,38.038204193115234,149800,0.0,0.0
2013-06-13 00:00:00-04:00,38.0466067399422,39.20795066833244,37.987698292368094,39.115379333496094,88700,0.0,0.0
2013-06-14 00:00:00-04:00,38.90500747409338,39.20796716639469,38.45056793564141,38.534725189208984,47400,0.0,0.0
2013-06-17 00:00:00-04:00,38.71986008244811,38.846094342523415,38.33274639328069,38.60204315185547,50500,0.0,0.0
2013-06-18 00:00:00-04:00,38.70304349488456,39.51934813555492,38.54314628928556,39.25846862792969,68200,0.0,0.0
2013-06-19 00:00:00-04:00,39.13222051466991,39.292114453548635,38.50105566765911,38.517887115478516,47900,0.0,0.0
2013-06-20 00:00:00-04:00,37.810976423815006,38.02977879058443,37.00308631690801,37.17139434814453,120100,0.0,0.0
2013-06-21 00:00:00-04:00,37.43228786346541,37.93722173542871,37.21348543280425,37.869895935058594,316700,0.0,0.0
2013-06-24 00:00:00-04:00,37.676333480260325,38.39165234649333,37.162985564607524,37.83622741699219,137000,0.0,0.0
2013-06-25 00:00:00-04:00,38.18127414013232,38.64412783511696,38.03821161325048,38.48423385620117,118300,0.0,0.0
2013-06-26 00:00:00-04:00,38.77877843642195,38.77877843642195,38.3075074226194,38.50106430053711,79400,0.0,0.0
2013-06-27 00:00:00-04:00,38.79560125317949,39.55300041762527,38.753524235214876,39.334197998046875,83400,0.0,0.0
2013-06-28 00:00:00-04:00,39.132216507961324,39.55299302955231,38.95549113935794,39.174293518066406,118700,0.0,0.0
2013-07-01 00:00:00-04:00,39.39311232999529,40.579702390769654,39.21638369179991,40.52079391479492,128200,0.0,0.0
2013-07-02 00:00:00-04:00,40.59652366791157,40.59652366791157,39.49408793189574,39.87278747558594,62100,0.0,0.0
2013-07-03 00:00:00-04:00,39.55298994261822,40.06633777253793,39.45200448419347,39.9990119934082,61300,0.0,0.0
2013-07-05 00:00:00-04:00,40.512370750392456,40.756421950158845,40.11683971699663,40.67226791381836,95700,0.0,0.0
2013-07-08 00:00:00-04:00,40.67226989408506,41.12670620682842,40.66385256387876,40.87424087524414,168800,0.0,0.0
2013-07-09 00:00:00-04:00,41.02571858168214,41.25293833136702,40.94156454562287,41.118289947509766,116100,0.0,0.0
2013-07-10 00:00:00-04:00,41.118284336451715,41.45490364502397,41.07620732416396,41.320255279541016,89800,0.0,0.0
2013-07-11 00:00:00-04:00,41.79152099972316,42.00190924543467,41.43807028785736,41.94300079345703,77800,0.0,0.0
2013-07-12 00:00:00-04:00,41.86726643151907,42.52367681763127,41.454904002890714,42.422691345214844,49400,0.0,0.0
2013-07-15 00:00:00-04:00,42.39744678769041,42.683574974898306,42.35536977403903,42.64149475097656,66700,0.0,0.0
2013-07-16 00:00:00-04:00,42.56576096708565,42.66674644881761,42.262801311619185,42.447940826416016,63200,0.0,0.0
2013-07-17 00:00:00-04:00,42.56577415956455,42.91922506030731,42.380631377115535,42.71725082397461,42500,0.0,0.0
2013-07-18 00:00:00-04:00,42.767722087418456,43.53353516902849,42.72564508057018,43.348392486572266,66400,0.0,0.0
2013-07-19 00:00:00-04:00,43.314735427236975,43.81966596049773,43.028607268983876,43.432552337646484,85900,0.0,0.0
2013-07-22 00:00:00-04:00,43.42414012432782,43.43255745335996,42.86871518821213,43.13801193237305,52500,0.0,0.0
2013-07-23 00:00:00-04:00,43.23899552622086,43.541955130285324,42.885541584722304,43.432552337646484,84100,0.0,0.0
2013-07-24 00:00:00-04:00,44.43400843012551,45.09042211076679,44.30777737596924,44.66122817993164,217900,0.0,0.0
2013-07-25 00:00:00-04:00,44.48451585785037,46.10029694009208,44.48451585785037,46.05821990966797,111100,0.0,0.0
2013-07-26 00:00:00-04:00,45.30080614489132,45.48594564893831,44.770626778609035,45.26714324951172,125700,0.0,0.0
2013-07-29 00:00:00-04:00,45.08201108204249,45.258736508724354,43.954329505170236,44.11422348022461,95700,0.0,0.0
2013-07-30 00:00:00-04:00,44.248865227683794,44.593901883441276,43.954319705280305,44.450836181640625,95500,0.0,0.0
2013-07-31 00:00:00-04:00,44.49291389738906,45.023093277854485,44.32460262625887,44.71171951293945,104900,0.0,0.0
2013-08-01 00:00:00-04:00,45.2839812455105,46.605219582649184,45.2839812455105,45.87306594848633,168300,0.0,0.0
2013-08-02 00:00:00-04:00,45.57852911150968,45.85624325674516,45.056766935630264,45.763671875,59900,0.0,0.0
2013-08-05 00:00:00-04:00,45.595358119630966,45.74683797068125,45.157750017738024,45.46912384033203,54600,0.0,0.0
2013-08-06 00:00:00-04:00,45.30080735341143,45.30080735341143,44.753796524846365,44.94735336303711,46900,0.0,0.0
2013-08-07 00:00:00-04:00,44.7706394036891,45.10725882159876,44.24045988789904,44.82954788208008,33400,0.0,0.0
2013-08-08 00:00:00-04:00,45.23348135711277,45.54485512060228,44.88844469749724,45.25031280517578,40800,0.0,0.0
2013-08-09 00:00:00-04:00,45.06517593849593,45.21665578046231,44.7453848043146,44.86320495605469,53500,0.0,0.0
2013-08-12 00:00:00-04:00,44.57707182900519,45.19981936848745,44.56024038060425,45.09041976928711,53200,0.0,0.0
2013-08-13 00:00:00-04:00,45.04833974482526,45.14932843568304,44.59390347704746,45.023094177246094,51900,0.0,0.0
2013-08-14 00:00:00-04:00,44.89686214742681,45.0735907600652,44.60231981014732,44.68647384643555,47600,0.0,0.0
2013-08-15 00:00:00-04:00,44.178674058578586,44.35640357907515,42.91763387586551,43.44236373901367,107600,0.3,0.0
2013-08-16 00:00:00-04:00,43.205387115478516,43.43389787891389,43.06151176174741,43.205387115478516,74000,0.0,0.0
2013-08-19 00:00:00-04:00,43.14614267500605,43.67086928570931,43.02765633341279,43.222312927246094,64900,0.0,0.0
2013-08-20 00:00:00-04:00,43.146142454626386,43.543920795238265,43.02765611363833,43.416969299316406,64500,0.0,0.0
2013-08-21 00:00:00-04:00,43.154610489964796,43.349267095796414,42.638345773906174,42.756832122802734,86300,0.0,0.0
2013-08-22 00:00:00-04:00,42.816071538374,43.61162497434461,42.816071538374,43.52699279785156,43800,0.0,0.0
2013-08-23 00:00:00-04:00,43.55239045371485,43.89938761185984,43.40004992296718,43.75551223754883,95200,0.0,0.0
2013-08-26 00:00:00-04:00,43.73857562039465,43.755502701067506,42.926095119160756,43.154605865478516,66500,0.0,0.0
2013-08-27 00:00:00-04:00,42.76529346931483,42.76529346931483,41.61427770392436,42.139007568359375,107000,0.0,0.0
2013-08-28 00:00:00-04:00,42.139023768165785,42.25751016100464,41.69892914582713,41.79202651977539,58800,0.0,0.0
2013-08-29 00:00:00-04:00,41.79200464901785,42.790679763903405,41.7073692494875,42.452144622802734,104500,0.0,0.0
2013-08-30 00:00:00-04:00,42.38445010164201,42.392912029450116,40.590217926272345,40.73409652709961,105400,0.0,0.0
2013-09-03 00:00:00-04:00,41.41115432903909,41.681981156444806,39.82004429664772,40.60713577270508,231700,0.0,0.0
2013-09-04 00:00:00-04:00,40.581752417286715,41.563500610461986,40.581752417286715,41.258819580078125,65300,0.0,0.0
2013-09-05 00:00:00-04:00,41.25882566655146,41.80894463351002,41.22497149629002,41.52119064331055,91000,0.0,0.0
2013-09-06 00:00:00-04:00,41.715842758073265,42.23210749881378,40.852580881041575,41.385772705078125,62500,0.0,0.0
2013-09-09 00:00:00-04:00,41.59735752495525,42.08823003972987,41.47040601106794,41.85125732421875,73500,0.0,0.0
2013-09-10 00:00:00-04:00,42.07975980791622,42.52831613904549,41.84278391065979,42.435218811035156,92000,0.0,0.0
2013-09-11 00:00:00-04:00,42.37598233588045,42.672198218591426,42.28288499316815,42.494468688964844,58200,0.0,0.0
2013-09-12 00:00:00-04:00,42.44369320984218,42.67220077389647,42.22364434507046,42.46061706542969,201600,0.0,0.0
2013-09-13 00:00:00-04:00,42.68911544560128,42.73143475779871,42.37597255210377,42.57062911987305,50100,0.0,0.0
2013-09-16 00:00:00-04:00,43.05305601655054,43.14615337331797,42.62988856107056,42.799156188964844,58200,0.0,0.0
2013-09-17 00:00:00-04:00,42.72297532445262,43.25616709013293,42.72297532445262,43.222312927246094,103200,0.0,0.0
2013-09-18 00:00:00-04:00,43.33234439570224,43.772438899334524,42.74837129063672,43.37466049194336,78000,0.0,0.0
2013-09-19 00:00:00-04:00,43.39158911009915,43.42544327969332,43.08690804077424,43.16307830810547,74200,0.0,0.0
2013-09-20 00:00:00-04:00,43.349265474936416,43.79782184427609,42.62141709777416,43.45082473754883,274500,0.0,0.0
2013-09-23 00:00:00-04:00,43.45082057240689,43.73010932494644,43.22230983205066,43.408504486083984,69700,0.0,0.0
2013-09-24 00:00:00-04:00,43.40851767647121,44.28024158795035,42.89225287232909,43.95863342285156,204600,0.0,0.0
2013-09-25 00:00:00-04:00,44.06864811792944,44.119429362823844,43.46775124831053,43.60316467285156,54200,0.0,0.0
2013-09-26 00:00:00-04:00,43.59470909419516,43.70473353471333,43.154617789145334,43.67087936401367,35200,0.0,0.0
2013-09-27 00:00:00-04:00,43.264630990006296,43.780895697791294,43.264630990006296,43.44236373901367,34400,0.0,0.0
2013-09-30 00:00:00-04:00,43.02765465135643,43.79781907011563,42.88377607896728,43.6793327331543,92300,0.0,0.0
2013-10-01 00:00:00-04:00,43.586236591580494,44.46642544516564,43.586236591580494,44.19559860229492,191200,0.0,0.0
2013-10-02 00:00:00-04:00,43.78935508942825,44.280227495024036,43.48467410667412,43.94169235229492,67600,0.0,0.0
2013-10-03 00:00:00-04:00,43.71319813640523,43.71319813640523,42.62142535904458,42.86686325073242,113500,0.0,0.0
2013-10-04 00:00:00-04:00,42.765296250704814,43.16307463833853,42.58756671821313,42.7314453125,87900,0.0,0.0
2013-10-07 00:00:00-04:00,42.22364137055701,42.57063849885732,41.868182315059066,42.215179443359375,104800,0.0,0.0
2013-10-08 00:00:00-04:00,42.13053788194504,42.33365961867318,41.68198155016308,41.95280838012695,67100,0.0,0.0
2013-10-09 00:00:00-04:00,42.12207990799998,42.57910143713456,41.6481312968407,42.24056625366211,80300,0.0,0.0
2013-10-10 00:00:00-04:00,42.883787581995165,43.450833640497954,42.82454439762328,43.43390655517578,75700,0.0,0.0
2013-10-11 00:00:00-04:00,43.29002696831785,44.4325776742513,43.24770764486683,44.21253204345703,112300,0.0,0.0
2013-10-14 00:00:00-04:00,43.967088112885996,44.85573889818566,43.848601771980796,44.7711067199707,74900,0.0,0.0
2013-10-15 00:00:00-04:00,44.75417736741883,44.804955380366636,43.90784271417685,44.077110290527344,64600,0.0,0.0
2013-10-16 00:00:00-04:00,44.33101341899592,44.54259709842993,43.941696995169195,44.415645599365234,54300,0.0,0.0
2013-10-17 00:00:00-04:00,44.28870282785736,44.95730488421671,44.161751313029896,44.83035659790039,91000,0.0,0.0
2013-10-18 00:00:00-04:00,45.25351854562599,45.65129366893844,44.83881311196875,45.52434539794922,141200,0.0,0.0
2013-10-21 00:00:00-04:00,45.46509800938407,46.07445675634447,45.19427118217713,45.96443557739258,94800,0.0,0.0
2013-10-22 00:00:00-04:00,46.06600062091963,46.41299773867763,45.00808218525366,45.26198196411133,122300,0.0,0.0
2013-10-23 00:00:00-04:00,44.37333568242693,44.37333568242693,42.30827984612303,42.84993362426758,207300,0.0,0.0
2013-10-24 00:00:00-04:00,42.84145917260565,43.01072674867752,41.3519116058963,41.41961669921875,272800,0.0,0.0
2013-10-25 00:00:00-04:00,41.36884566600012,41.402696604117345,39.82005144212311,40.61560821533203,226200,0.0,0.0
2013-10-28 00:00:00-04:00,40.68330165449364,40.810253128691855,39.89621026288892,40.75947189331055,282700,0.0,0.0
2013-10-29 00:00:00-04:00,40.76793925229115,41.56349590342179,40.32784806769996,40.78486633300781,132100,0.0,0.0
2013-10-30 00:00:00-04:00,40.71717354318648,41.17419517511462,40.43788146972656,40.43788146972656,144300,0.0,0.0
2013-10-31 00:00:00-04:00,40.50557217342421,41.42807696420231,40.31091561389435,40.75947189331055,202300,0.0,0.0
2013-11-01 00:00:00-04:00,40.683311003912635,41.419621329347294,40.45480023494792,41.17418670654297,162600,0.0,0.0
2013-11-04 00:00:00-05:00,41.29267555780663,42.07976717800915,41.208040140923494,41.910499572753906,123400,0.0,0.0
2013-11-05 00:00:00-05:00,41.7073737803973,42.265954563937946,41.504255256479276,42.10515213012695,142400,0.0,0.0
2013-11-06 00:00:00-05:00,42.29134680081075,42.3082738825557,41.88510652446397,42.10515213012695,109700,0.0,0.0
2013-11-07 00:00:00-05:00,42.198240146307676,42.384434775871796,40.97105443315417,41.013370513916016,102900,0.0,0.0
2013-11-08 00:00:00-05:00,40.979317806581726,41.76279774230953,40.979317806581726,41.515830993652344,62400,0.3,0.0
2013-11-11 00:00:00-05:00,41.50731944523453,41.52434872350713,40.64719470446316,40.98783874511719,163300,0.0,0.0
2013-11-12 00:00:00-05:00,40.87712243161174,41.97569587663054,40.79196305932794,41.71169662475586,135500,0.0,0.0
2013-11-13 00:00:00-05:00,41.362545756354656,41.83092888898418,41.234803425354585,41.74576950073242,45200,0.0,0.0
2013-11-14 00:00:00-05:00,41.796866794403115,42.077895372592394,41.447704858562275,41.694671630859375,24900,0.0,0.0
2013-11-15 00:00:00-05:00,41.67763872843489,41.71170378264283,41.20074096401325,41.27738571166992,122700,0.0,0.0
2013-11-18 00:00:00-05:00,41.37106671491829,41.59248308997987,41.00487547073661,41.26035690307617,55000,0.0,0.0
2013-11-19 00:00:00-05:00,41.17520549479363,41.686171747515765,40.817532041649336,41.06449890136719,40600,0.0,0.0
2013-11-20 00:00:00-05:00,41.14963073485654,41.20072830046298,40.57053798580235,40.78343963623047,48200,0.0,0.0
2013-11-21 00:00:00-05:00,41.004861620819305,42.069369936535054,40.78344207192235,42.06085205078125,82100,0.0,0.0
2013-11-22 00:00:00-05:00,41.96717513164964,42.341884140867535,41.243310770677674,42.06937026977539,77200,0.0,0.0
2013-11-25 00:00:00-05:00,42.24820688856306,42.24820688856306,41.90756292538708,42.06937026977539,111100,0.0,0.0
2013-11-26 00:00:00-05:00,42.018280827622,42.895434816814564,42.00976618877547,42.60588836669922,74600,0.0,0.0
2013-11-27 00:00:00-05:00,42.5462724992511,42.69956197431711,42.32485617339017,42.68252944946289,101600,0.0,0.0
2013-11-29 00:00:00-05:00,42.98910805063105,43.585233421201835,42.37595015534432,42.42704772949219,32600,0.0,0.0
2013-12-02 00:00:00-05:00,42.41854320526333,42.71660433730423,41.56693625814911,41.677642822265625,67800,0.0,0.0
2013-12-03 00:00:00-05:00,41.481774686962,42.248222258633824,41.46474215774454,42.128997802734375,98200,0.0,0.0
2013-12-04 00:00:00-05:00,41.83943198393367,42.67400603848816,41.762787262157175,42.01826858520508,57100,0.0,0.0
2013-12-05 00:00:00-05:00,41.882019490896106,42.34188790750605,41.62653812009787,42.15453338623047,78800,0.0,0.0
2013-12-06 00:00:00-05:00,42.580333942675956,43.483038191764486,42.299302179315895,42.716590881347656,148400,0.0,0.0
2013-12-09 00:00:00-05:00,42.725104709151715,42.725104709151715,41.94162813879085,42.14601516723633,57300,0.0,0.0
2013-12-10 00:00:00-05:00,41.96717310433323,42.128980440905075,41.03040712378421,41.107051849365234,73000,0.0,0.0
2013-12-11 00:00:00-05:00,41.0900168665218,41.0900168665218,39.63377041631002,39.84667205810547,104000,0.0,0.0
2013-12-12 00:00:00-05:00,39.82112560553699,40.34060618287221,39.65080687408809,40.11067199707031,96400,0.0,0.0
2013-12-13 00:00:00-05:00,40.306545191898515,40.843055054211725,39.91480365531502,40.39170455932617,100200,0.0,0.0
2013-12-16 00:00:00-05:00,40.51093819336684,41.439189803531406,39.93184526691799,41.31996536254883,88500,0.0,0.0
2013-12-17 00:00:00-05:00,41.21777753675999,41.44770855367603,40.83455376086211,41.37106704711914,45100,0.0,0.0
2013-12-18 00:00:00-05:00,41.49027419220913,42.546264546817106,40.919696086417915,42.529232025146484,107500,0.0,0.0
2013-12-19 00:00:00-05:00,42.35040143773856,42.53775595411367,41.388084942659795,41.430667877197266,78300,0.0,0.0
2013-12-20 00:00:00-05:00,41.51582559410906,42.963557597884375,41.268858877572335,42.716590881347656,230500,0.0,0.0
2013-12-23 00:00:00-05:00,42.78472914161762,43.16794962135236,42.197118341929404,43.10833740234375,117200,0.0,0.0
2013-12-24 00:00:00-05:00,43.176464572462194,43.602267964205176,43.02317509154496,43.50859069824219,84800,0.0,0.0
2013-12-26 00:00:00-05:00,43.78962305613107,44.309103759019095,43.236080547893835,43.65336608886719,88500,0.0,0.0
2013-12-27 00:00:00-05:00,43.857745569086696,44.25800176238296,43.42342757633981,43.568199157714844,80800,0.0,0.0
2013-12-30 00:00:00-05:00,43.40640228621931,43.66188369209614,43.09982329971818,43.25311279296875,99000,0.0,0.0
2013-12-31 00:00:00-05:00,43.41490965526686,43.99400247754713,43.04020387263566,43.61077880859375,129200,0.0,0.0
2014-01-02 00:00:00-05:00,43.5511733497094,43.908849912383396,42.716599034966464,43.10833740234375,77200,0.0,0.0
2014-01-03 00:00:00-05:00,43.116860062586454,43.86627182696775,43.02318277988313,43.687435150146484,102500,0.0,0.0
2014-01-06 00:00:00-05:00,44.079169230349756,44.615682456726724,43.176468046343466,43.25311279296875,135000,0.0,0.0
2014-01-07 00:00:00-05:00,43.508605880202275,43.68744258746859,42.81028833396156,43.389381408691406,176500,0.0,0.0
2014-01-08 00:00:00-05:00,43.26163148889777,43.636340618035824,42.86137843998572,43.4489860534668,107900,0.0,0.0
2014-01-09 00:00:00-05:00,43.67892050779586,43.99401416436219,43.07428036317265,43.585243225097656,132900,0.0,0.0
2014-01-10 00:00:00-05:00,43.602268783149185,43.89181522491759,43.28717517695543,43.84923553466797,133500,0.0,0.0
2014-01-13 00:00:00-05:00,43.6363292189385,44.02806752559227,43.34678280779836,43.61077880859375,125400,0.0,0.0
2014-01-14 00:00:00-05:00,43.764084538255744,44.60717692323373,43.568215312146776,44.147308349609375,142800,0.0,0.0
2014-01-15 00:00:00-05:00,44.12175096369108,44.87116263392616,44.079168023359024,44.76045608520508,99600,0.0,0.0
2014-01-16 00:00:00-05:00,44.54756261319671,45.19478249325031,44.54756261319671,45.1862678527832,76900,0.0,0.0
2014-01-17 00:00:00-05:00,45.220311262280404,45.76534224045405,45.21179662527807,45.63759994506836,135300,0.0,0.0
2014-01-21 00:00:00-05:00,46.14006051066098,46.276317480017,45.773869296399994,46.054901123046875,122400,0.0,0.0
2014-01-22 00:00:00-05:00,45.98676735711801,46.455150448993855,45.94418766669696,46.37850570678711,107700,0.0,0.0
2014-01-23 00:00:00-05:00,46.20819062445846,46.378512660301126,45.63761554030154,45.85051727294922,132100,0.0,0.0
2014-01-24 00:00:00-05:00,45.450254672184485,45.782380809270244,44.18136234082493,44.4623908996582,159700,0.0,0.0
2014-01-27 00:00:00-05:00,44.632697671372455,44.87114645788448,43.60225455980713,44.33463668823242,132800,0.0,0.0
2014-01-28 00:00:00-05:00,44.48793773008883,44.76896626628839,44.198391307222124,44.45387268066406,185000,0.0,0.0
2014-01-29 00:00:00-05:00,44.0110385895254,44.539033882782235,43.125366759878915,43.2701416015625,153200,0.0,0.0
2014-01-30 00:00:00-05:00,43.755555021849815,44.5645820710803,43.27865408000549,44.3857421875,110800,0.0,0.0
2014-01-31 00:00:00-05:00,43.45748445789076,43.90032028685278,42.82729738297584,42.9039421081543,170800,0.0,0.0
2014-02-03 00:00:00-05:00,42.70808378882786,43.116854677057034,39.855198961500584,40.289520263671875,268600,0.0,0.0
2014-02-04 00:00:00-05:00,40.579063120389186,40.843059134964555,40.00848490602644,40.5279655456543,205400,0.0,0.0
2014-02-05 00:00:00-05:00,40.22990410143033,40.55351232583012,39.59971368013771,40.3150634765625,113000,0.0,0.0
2014-02-06 00:00:00-05:00,40.49390067873996,40.74086741814119,39.999970448559466,40.70680236816406,104800,0.0,0.0
2014-02-07 00:00:00-05:00,40.808994708330474,41.14112407624623,40.638675953857174,40.97931671142578,92500,0.0,0.0
2014-02-10 00:00:00-05:00,40.87712107135637,40.919700756081355,40.20435100738775,40.8941535949707,86800,0.0,0.0
2014-02-11 00:00:00-05:00,40.80900394559843,42.1289973319059,40.80900394559843,41.94164276123047,183000,0.0,0.0
2014-02-12 00:00:00-05:00,42.32720186926096,45.36036315013538,42.32720186926096,45.06904220581055,235400,0.3,0.0
2014-02-13 00:00:00-05:00,44.71774141605458,45.90873213257106,44.623493314998946,45.87445831298828,187600,0.0,0.0
2014-02-14 00:00:00-05:00,45.78021429974198,45.78021429974198,44.64063412948256,45.343231201171875,94900,0.0,0.0
2014-02-18 00:00:00-05:00,45.386075496655195,46.02869501408098,45.14616198754789,45.771644592285156,154300,0.0,0.0
2014-02-19 00:00:00-05:00,45.360364427094545,45.737369935381984,44.32360581636728,44.357879638671875,160400,0.0,0.0
2014-02-20 00:00:00-05:00,44.35787230355595,44.77771511750061,43.92088931276172,44.520668029785156,131600,0.0,0.0
2014-02-21 00:00:00-05:00,44.52924071184516,45.03476809682713,44.160805332865195,44.29789733886719,185200,0.0,0.0
2014-02-24 00:00:00-05:00,44.306469991712184,44.837704444865835,44.03228594361492,44.12653732299805,142300,0.0,0.0
2014-02-25 00:00:00-05:00,44.083696170038415,44.72631563820652,43.56103181296329,43.93803405761719,154900,0.0,0.0
2014-02-26 00:00:00-05:00,44.10940827212062,44.68348347224517,43.85236108978777,44.28934097290039,150100,0.0,0.0
2014-02-27 00:00:00-05:00,44.092266700443055,44.64920492711697,43.78380880681023,44.54638671875,104200,0.0,0.0
2014-02-28 00:00:00-05:00,44.56350331509269,44.87196109072379,43.82663595706698,44.083683013916016,170800,0.0,0.0
2014-03-03 00:00:00-05:00,43.68956658110756,44.494981980909266,43.01267314196411,44.2722053527832,166500,0.0,0.0
2014-03-04 00:00:00-05:00,45.03478271121962,45.865901837333624,44.81200608634034,45.14616775512695,214600,0.0,0.0
2014-03-05 00:00:00-05:00,45.077616843582476,45.077616843582476,44.52924872094417,44.914817810058594,86300,0.0,0.0
2014-03-06 00:00:00-05:00,45.06047854974703,45.55743591995315,44.71774684933943,45.54030227661133,237600,0.0,0.0
2014-03-07 00:00:00-05:00,45.82305380715633,46.16578551247016,45.471755280048946,46.13151168823242,109300,0.0,0.0
2014-03-10 00:00:00-04:00,46.122943475578715,46.52564945836713,45.951577628089424,46.38855743408203,80500,0.0,0.0
2014-03-11 00:00:00-04:00,46.35429148526816,46.54279427638129,45.257555104680335,45.59171676635742,203100,0.0,0.0
2014-03-12 00:00:00-04:00,45.30038970062736,45.90016855427833,45.30038970062736,45.60028076171875,94000,0.0,0.0
2014-03-13 00:00:00-04:00,45.677388298961226,45.677388298961226,45.197564635167794,45.446044921875,89000,0.0,0.0
2014-03-14 00:00:00-04:00,45.18899844554744,45.74593330761418,45.129017626770924,45.5317268371582,76300,0.0,0.0
2014-03-17 00:00:00-04:00,45.685967886044665,46.182928598330335,45.685967886044665,45.9344482421875,95400,0.0,0.0
2014-03-18 00:00:00-04:00,45.968713765036576,46.64560378498838,45.7973479204351,46.59419631958008,102000,0.0,0.0
2014-03-19 00:00:00-04:00,46.508509377666044,47.06544752692346,46.48280564628019,47.03117370605469,232300,0.0,0.0
2014-03-20 00:00:00-04:00,46.919782311564816,47.75090443560342,46.74841975564577,47.673789978027344,217300,0.0,0.0
2014-03-21 00:00:00-04:00,47.990818099027656,48.95046547793081,47.673793425415234,48.49634552001953,411300,0.0,0.0
2014-03-24 00:00:00-04:00,48.727693916434596,48.821945299809016,48.076507591760496,48.582035064697266,258200,0.0,0.0
2014-03-25 00:00:00-04:00,48.92475567884332,49.16466914410925,48.43636519632992,49.06184768676758,174600,0.0,0.0
2014-03-26 00:00:00-04:00,49.464560323096464,49.6444929831356,47.819456113827464,47.88800048828125,115300,0.0,0.0
2014-03-27 00:00:00-04:00,47.96511396165301,47.96511396165301,47.613815469938224,47.879432678222656,134600,0.0,0.0
2014-03-28 00:00:00-04:00,47.845159187140005,48.64200754895295,47.44244996147305,47.99081802368164,97700,0.0,0.0
2014-03-31 00:00:00-04:00,48.2221650596414,49.14753868599961,47.77661515826874,48.839080810546875,130000,0.0,0.0
2014-04-01 00:00:00-04:00,48.899052845639574,49.995788929149114,48.64200573463345,49.91867446899414,148600,0.0,0.0
2014-04-02 00:00:00-04:00,49.97008932003083,49.97008932003083,49.73017909910869,49.892974853515625,105000,0.0,0.0
2014-04-03 00:00:00-04:00,49.96151539609377,50.150014856364706,49.70446503189779,50.08147048950195,127200,0.0,0.0
2014-04-04 00:00:00-04:00,50.467054969801964,50.467054969801964,48.290716047791165,48.46208190917969,115000,0.0,0.0
2014-04-07 00:00:00-04:00,48.31642514483664,48.31642514483664,47.3310770524364,47.648101806640625,86100,0.0,0.0
2014-04-08 00:00:00-04:00,47.63951909489609,47.74234055702069,47.46815652841798,47.56240463256836,188200,0.0,0.0
2014-04-09 00:00:00-04:00,47.57097795744422,48.23930116405141,47.40818220080525,47.98225402832031,118400,0.0,0.0
2014-04-10 00:00:00-04:00,47.96512439992669,48.06794261612493,47.365345479794655,47.55384826660156,174900,0.0,0.0
2014-04-11 00:00:00-04:00,47.03117165427322,47.733768608774234,46.945490374370685,47.25394821166992,117300,0.0,0.0
2014-04-14 00:00:00-04:00,47.913714274297426,48.07651332628333,47.39105309525168,47.639530181884766,135300,0.0,0.0
2014-04-15 00:00:00-04:00,47.85372852432399,48.127912569845144,46.79126616506244,48.007957458496094,122800,0.0,0.0
2014-04-16 00:00:00-04:00,48.41066586070213,48.813375100517725,47.80232022459929,48.26500701904297,66700,0.0,0.0
2014-04-17 00:00:00-04:00,48.21359403892313,48.90762419824641,47.793747907560075,48.41066360473633,82400,0.0,0.0
2014-04-21 00:00:00-04:00,48.41067360236357,48.453514252730045,47.545280698245364,47.70807647705078,76300,0.0,0.0
2014-04-22 00:00:00-04:00,47.79374989309186,48.633438922170356,47.65665787341642,48.23929977416992,112600,0.0,0.0
2014-04-23 00:00:00-04:00,45.99442731666539,47.58812445517899,44.56352596758455,47.356781005859375,367800,0.0,0.0
2014-04-24 00:00:00-04:00,47.570977505234666,47.570977505234666,46.30287548162171,46.49137496948242,156000,0.0,0.0
2014-04-25 00:00:00-04:00,46.32000927672373,47.236812727173444,46.32000927672373,46.945491790771484,186300,0.0,0.0
2014-04-28 00:00:00-04:00,47.00546797779471,47.39104027485995,46.31143784307728,47.202537536621094,255700,0.0,0.0
2014-04-29 00:00:00-04:00,47.30536349718358,47.41675179430715,45.36036805117778,45.3946418762207,96800,0.0,0.0
2014-04-30 00:00:00-04:00,45.27468909153531,45.41178113024382,44.55495507118261,45.197574615478516,129900,0.0,0.0
2014-05-01 00:00:00-04:00,45.2746869177071,45.36893830264355,44.14367683553343,44.59779357910156,123800,0.0,0.0
2014-05-02 00:00:00-04:00,44.71773792802936,45.23183537607693,44.03227793249702,44.25505447387695,96200,0.0,0.0
2014-05-05 00:00:00-04:00,43.92947671657346,44.692051460405075,43.783814572717034,44.37502670288086,86100,0.0,0.0
2014-05-06 00:00:00-04:00,44.15224111146911,44.43499524997312,43.17546003033103,43.381099700927734,116000,0.0,0.0
2014-05-07 00:00:00-04:00,43.44964490365366,43.72382895730014,42.712774033779354,43.68098831176758,86500,0.0,0.0
2014-05-08 00:00:00-04:00,43.73240053373986,44.966228817079774,43.68098979623459,43.87805938720703,91000,0.0,0.0
2014-05-09 00:00:00-04:00,43.878062422553874,45.060483318716535,43.38110499975234,45.0433464050293,149000,0.0,0.0
2014-05-12 00:00:00-04:00,45.317531827488345,46.78270367150112,45.317531827488345,46.30288314819336,157400,0.0,0.0
2014-05-13 00:00:00-04:00,46.268603974684474,46.55135812342503,46.062964296642996,46.294307708740234,159900,0.0,0.0
2014-05-14 00:00:00-04:00,46.26859637827397,46.619894849664064,45.27467851274119,45.30895233154297,176700,0.0,0.0
2014-05-15 00:00:00-04:00,45.000500777717946,45.000500777717946,43.72382863175008,44.26362991333008,98200,0.0,0.0
2014-05-16 00:00:00-04:00,44.1688051001183,44.78944179131161,43.625745118093704,44.703243255615234,93500,0.31,0.0
2014-05-19 00:00:00-04:00,44.66015213056414,45.2463114873102,44.58257211898705,45.203208923339844,73700,0.0,0.0
2014-05-20 00:00:00-04:00,45.022190172119714,45.21183093190155,43.08269316321486,43.60851287841797,136200,0.0,0.0
2014-05-21 00:00:00-04:00,43.8326254145382,44.44464689057403,43.013729414011344,43.806766510009766,74600,0.0,0.0
2014-05-22 00:00:00-04:00,43.92744154299283,44.30672297687999,43.78952191837838,44.2119026184082,51800,0.0,0.0
2014-05-23 00:00:00-04:00,44.34121057870461,45.91004790132998,43.97055088605823,45.8928108215332,108600,0.0,0.0
2014-05-27 00:00:00-04:00,46.18589111828106,46.987546870086746,45.91867034216982,46.78928756713867,91400,0.0,0.0
2014-05-28 00:00:00-04:00,46.65999118343779,47.03065089251724,46.28933147435835,46.81515121459961,78200,0.0,0.0
2014-05-29 00:00:00-04:00,46.81514318847254,47.134081736396894,46.41000281120135,46.9616813659668,76200,0.0,0.0
2014-05-30 00:00:00-04:00,47.08236725535899,47.35820657150591,46.685848649430795,47.11684799194336,85200,0.0,0.0
2014-06-02 00:00:00-04:00,46.64274739113325,47.134086357661054,45.979008037272344,46.263465881347656,117200,0.0,0.0
2014-06-03 00:00:00-04:00,46.17727073382007,46.58241118066109,45.65145099343428,46.160030364990234,81700,0.0,0.0
2014-06-04 00:00:00-04:00,45.94453523374126,46.84963331316086,45.86695521046161,46.69447326660156,70000,0.0,0.0
2014-06-05 00:00:00-04:00,46.84101371794874,48.04781332219424,46.461735439485714,47.90127182006836,90400,0.0,0.0
2014-06-06 00:00:00-04:00,48.211572905648644,49.09081170709592,48.073653287084156,48.556373596191406,76300,0.0,0.0
2014-06-09 00:00:00-04:00,48.418458101567474,49.547677412113124,48.418458101567474,49.426998138427734,85800,0.0,0.0
2014-06-10 00:00:00-04:00,49.177025780166936,49.358044720202514,48.496046009636004,48.95290756225586,99400,0.0,0.0
2014-06-11 00:00:00-04:00,48.68569222841709,48.909813759682,48.46157398541666,48.78913116455078,51500,0.0,0.0
2014-06-12 00:00:00-04:00,48.64258396502226,48.763263249608436,47.41854417508278,47.75472640991211,130600,0.0,0.0
2014-06-13 00:00:00-04:00,47.72024783090224,48.039186424327916,47.06512698745789,47.51336669921875,148400,0.0,0.0
2014-06-16 00:00:00-04:00,47.34958844311512,48.00470600259317,47.065127296217184,47.547847747802734,281800,0.0,0.0
2014-06-17 00:00:00-04:00,47.54783641326849,49.47009264476286,47.306477889143196,48.892555236816406,217700,0.0,0.0
2014-06-18 00:00:00-04:00,48.77188511637028,49.34080409291823,48.50466435152809,48.65982437133789,121600,0.0,0.0
2014-06-19 00:00:00-04:00,48.823592879504886,49.22873321318705,48.42707437196157,48.60809326171875,78300,0.0,0.0
2014-06-20 00:00:00-04:00,48.63396128135601,49.33218135765802,48.48742309215525,49.21150207519531,198100,0.0,0.0
2014-06-23 00:00:00-04:00,49.392521710512945,49.392521710512945,48.88394237833286,49.0218620300293,64100,0.0,0.0
2014-06-24 00:00:00-04:00,48.94428165431367,50.23727961239464,48.85808310574715,49.82352066040039,156500,0.0,0.0
2014-06-25 00:00:00-04:00,49.547675940402605,50.52173521634505,49.478717766743614,50.49587631225586,128900,0.0,0.0
2014-06-26 00:00:00-04:00,50.48726951487038,50.7113910445734,49.289091707522914,49.80628967285156,87600,0.0,0.0
2014-06-27 00:00:00-04:00,49.43561896797136,50.15969793189864,49.43561896797136,49.65974044799805,157700,0.0,0.0
2014-06-30 00:00:00-04:00,49.54767990112305,49.75456101516458,49.073581321429884,49.54767990112305,112500,0.0,0.0
2014-07-01 00:00:00-04:00,49.789039215624534,51.74577649220694,49.789039215624534,51.42683792114258,204000,0.0,0.0
2014-07-02 00:00:00-04:00,51.58200248130801,51.935421817748846,51.29754133115938,51.8923225402832,139600,0.0,0.0
2014-07-03 00:00:00-04:00,52.14229721627929,52.650876526252084,52.05609538256813,52.59915542602539,46200,0.0,0.0
2014-07-07 00:00:00-04:00,52.599149293246114,52.599149293246114,51.86644858931701,52.36640930175781,91400,0.0,0.0
2014-07-08 00:00:00-04:00,52.17676857796808,52.62500819621259,51.719910421489196,52.36640930175781,221700,0.0,0.0
2014-07-09 00:00:00-04:00,52.64225266772328,52.64225266772328,51.909555194897614,52.073333740234375,96800,0.0,0.0
2014-07-10 00:00:00-04:00,51.21133728470701,52.504335199609486,51.21133728470701,51.9095573425293,103400,0.0,0.0
2014-07-11 00:00:00-04:00,51.763013239974505,51.763013239974505,50.771716861854024,50.80619430541992,94700,0.0,0.0
2014-07-14 00:00:00-04:00,51.237195390665484,51.36649649544212,50.95273756372604,51.11651611328125,53800,0.0,0.0
2014-07-15 00:00:00-04:00,51.07341405570957,51.36649369405769,50.03901513870073,50.45277404785156,66600,0.0,0.0
2014-07-16 00:00:00-04:00,50.857908869798834,51.573369166164014,49.70283080800508,50.28899002075195,123100,0.0,0.0
2014-07-17 00:00:00-04:00,49.987291689952556,50.340710923824304,48.918412162387945,49.20287322998047,103200,0.0,0.0
2014-07-18 00:00:00-04:00,49.116684784782976,50.13384349838222,49.116684784782976,49.97868347167969,132900,0.0,0.0
2014-07-21 00:00:00-04:00,49.6769778195943,49.84937818885166,48.970139265076305,49.61663818359375,51000,0.0,0.0
2014-07-22 00:00:00-04:00,49.935576702835384,50.642415256978076,49.71145523644075,50.12521743774414,75400,0.0,0.0
2014-07-23 00:00:00-04:00,50.116597742083,50.340719218009,49.29769841991711,49.88385772705078,72300,0.0,0.0
2014-07-24 00:00:00-04:00,50.099360355704476,50.280382570339874,48.61672492146515,49.349422454833984,169300,0.0,0.0
2014-07-25 00:00:00-04:00,48.7804949889128,48.7804949889128,46.97891800189669,47.79781723022461,241300,0.0,0.0
2014-07-28 00:00:00-04:00,47.79782619750209,47.9616047585886,47.1599457443632,47.677146911621094,148100,0.0,0.0
2014-07-29 00:00:00-04:00,47.68575969467858,47.94435860295722,46.418620769370676,46.46172332763672,159200,0.0,0.0
2014-07-30 00:00:00-04:00,46.6427430101628,46.6427430101628,45.68592407418505,46.091064453125,154700,0.0,0.0
2014-07-31 00:00:00-04:00,45.47903151780749,46.14277064217111,44.25499543867185,44.634273529052734,207400,0.0,0.0
2014-08-01 00:00:00-04:00,44.625673343931375,44.91875303510604,43.961933946616256,44.49637222290039,225900,0.0,0.0
2014-08-04 00:00:00-04:00,44.78082730568831,45.08252549619252,43.84124871320764,44.91874694824219,113300,0.0,0.0
2014-08-05 00:00:00-04:00,44.66014963851967,45.43594642273705,44.31534887558054,44.50498962402344,108200,0.0,0.0
2014-08-06 00:00:00-04:00,44.03950461006619,45.12562130069271,44.02226424503866,44.69462203979492,78800,0.0,0.0
2014-08-07 00:00:00-04:00,44.83256027600253,45.45320052148787,44.77222061749866,45.24632263183594,100300,0.0,0.0
2014-08-08 00:00:00-04:00,45.22044538100501,46.323805815610676,45.22044538100501,46.22036361694336,70500,0.0,0.0
2014-08-11 00:00:00-04:00,46.392765836861095,47.53922558900878,46.27208655521687,47.43578338623047,128400,0.0,0.0
2014-08-12 00:00:00-04:00,47.15133622928499,47.4702748727666,46.92721469409772,47.297874450683594,98900,0.0,0.0
2014-08-13 00:00:00-04:00,47.32371564897809,47.875394124195715,47.29785345977139,47.427154541015625,62300,0.0,0.0
2014-08-14 00:00:00-04:00,47.487508005403434,47.65990840120789,47.10822976524486,47.47888946533203,108100,0.0,0.0
2014-08-15 00:00:00-04:00,47.99900928192586,48.05969044621002,47.30550789948153,47.92966079711914,179500,0.31,0.0
2014-08-18 00:00:00-04:00,48.475790980838724,49.030595390295204,48.337090705193454,48.88322448730469,66300,0.0,0.0
2014-08-19 00:00:00-04:00,48.88323010846152,49.07394424948255,48.35443421335833,48.441123962402344,86000,0.0,0.0
2014-08-20 00:00:00-04:00,48.21574163273436,48.25908486075019,47.626264472465294,48.111717224121094,39900,0.0,0.0
2014-08-21 00:00:00-04:00,48.0510238390635,48.35442966498874,47.418203611508346,48.172386169433594,78100,0.0,0.0
2014-08-22 00:00:00-04:00,48.094354096593456,48.363087260625626,47.938315911913435,47.99032974243164,56200,0.0,0.0
2014-08-25 00:00:00-04:00,48.19839546717873,48.345766385572254,47.626256356983376,47.82563781738281,38100,0.0,0.0
2014-08-26 00:00:00-04:00,47.851640437146074,48.35442768622936,47.62625042693174,48.0163459777832,79400,0.0,0.0
2014-08-27 00:00:00-04:00,48.08569228297767,48.73585035794762,48.02501112719714,48.48445510864258,84300,0.0,0.0
2014-08-28 00:00:00-04:00,48.41511202631354,48.41511202631354,47.31418039825641,47.444210052490234,54100,0.0,0.0
2014-08-29 00:00:00-04:00,47.43552877773584,48.13769730192133,47.114781783185464,47.99032974243164,54200,0.0,0.0
2014-09-02 00:00:00-04:00,48.19839514012121,49.78478279805205,48.19839514012121,49.44670104980469,141600,0.0,0.0
2014-09-03 00:00:00-04:00,49.64608006930801,50.105524134670176,48.2417392967973,48.371768951416016,144100,0.0,0.0
2014-09-04 00:00:00-04:00,48.45844984392941,48.787860887631446,47.56556383896078,47.85163497924805,48200,0.0,0.0
2014-09-05 00:00:00-04:00,47.695596776620704,48.88321793430749,47.340177161245464,48.48445510864258,70600,0.0,0.0
2014-09-08 00:00:00-04:00,48.16370889887295,48.57113902282132,47.45286970480367,47.72159957885742,82700,0.0,0.0
2014-09-09 00:00:00-04:00,47.50489577237098,48.31976290059128,46.924089319331806,47.09746551513672,102400,0.0,0.0
2014-09-10 00:00:00-04:00,47.23616631046912,48.189730437177154,46.750713618451336,47.9730110168457,123300,0.0,0.0
2014-09-11 00:00:00-04:00,47.756288817393276,48.54514732921804,47.55690735911622,48.20706558227539,103800,0.0,0.0
2014-09-12 00:00:00-04:00,48.285085060398586,48.285085060398586,46.49064861568512,46.61201095581055,69400,0.0,0.0
2014-09-15 00:00:00-04:00,46.72470097814961,46.72470097814961,45.71045253136073,46.06587219238281,94600,0.0,0.0
2014-09-16 00:00:00-04:00,45.996529926165955,46.96743198146901,45.909840175859344,46.81139373779297,128000,0.0,0.0
2014-09-17 00:00:00-04:00,46.69003544923849,46.9414307866474,46.10055832346126,46.46464538574219,71400,0.0,0.0
2014-09-18 00:00:00-04:00,46.71602984557873,46.82872485108647,46.27392375762586,46.42129135131836,60900,0.0,0.0
2014-09-19 00:00:00-04:00,46.4212883735692,46.7940459543662,45.389705363267716,45.424381256103516,177800,0.0,0.0
2014-09-22 00:00:00-04:00,45.81447480834031,46.23057892071642,45.19899257354999,45.597755432128906,97900,0.0,0.0
2014-09-23 00:00:00-04:00,45.52840348821935,45.857817840928995,45.12964065997213,45.28567886352539,85800,0.0,0.0
2014-09-24 00:00:00-04:00,45.22500442693975,46.28259619507621,45.22500442693975,46.00519561767578,75800,0.0,0.0
2014-09-25 00:00:00-04:00,45.788471530132774,45.79714215740796,44.453479321037555,44.5054931640625,83100,0.0,0.0
2014-09-26 00:00:00-04:00,44.54016709137746,44.678867359773385,43.768646641745455,44.02003860473633,144200,0.0,0.0
2014-09-29 00:00:00-04:00,43.66461120060623,44.098049875676026,43.447891863071334,43.70795440673828,86700,0.0,0.0
2014-09-30 00:00:00-04:00,43.63862097099257,43.74264536291888,42.797748593492436,42.82375717163086,140500,0.0,0.0
2014-10-01 00:00:00-04:00,42.832424383513114,43.07514906634546,41.722822054135776,41.87018966674805,178600,0.0,0.0
2014-10-02 00:00:00-04:00,41.96553501652233,43.48257047428716,41.92219180767545,43.170494079589844,117800,0.0,0.0
2014-10-03 00:00:00-04:00,43.67329215870275,43.73397332301922,42.84975781985369,42.85842514038086,75400,0.0,0.0
2014-10-06 00:00:00-04:00,42.91911644775884,43.17918242129123,42.16493372239308,42.37298583984375,69300,0.0,0.0
2014-10-07 00:00:00-04:00,42.04355542935769,42.476994145124266,41.757484289651764,41.77482223510742,139600,0.0,0.0
2014-10-08 00:00:00-04:00,41.72281894836404,42.71972618355733,41.471423655929215,42.46833419799805,124600,0.0,0.0
2014-10-09 00:00:00-04:00,42.43365566543044,42.75439942492926,40.78658703915212,41.08132553100586,129600,0.0,0.0
2014-10-10 00:00:00-04:00,40.7779209616936,42.39031374233621,40.7779209616936,40.9946403503418,99400,0.0,0.0
2014-10-13 00:00:00-04:00,41.09000060316332,41.52343941413814,40.578542673938,41.037986755371094,142600,0.0,0.0
2014-10-14 00:00:00-04:00,41.410746443398985,41.78350410380475,41.09000263335537,41.506103515625,244300,0.0,0.0
2014-10-15 00:00:00-04:00,41.08133144607795,41.97421437045699,40.45717847772516,41.22003173828125,265500,0.0,0.0
2014-10-16 00:00:00-04:00,40.51785625073606,42.624365556583214,40.09308481603832,42.40764617919922,312900,0.0,0.0
2014-10-17 00:00:00-04:00,42.97979608938146,43.00580136105336,42.16492897031944,42.424991607666016,91500,0.0,0.0
2014-10-20 00:00:00-04:00,42.29494752596788,42.66770505829602,41.878846786668376,42.39030456542969,98700,0.0,0.0
2014-10-21 00:00:00-04:00,42.607032589875246,44.34078767704208,42.607032589875246,44.20208740234375,78300,0.0,0.0
2014-10-22 00:00:00-04:00,44.39280921281062,44.496836924766676,42.80642463455724,42.988468170166016,99400,0.0,0.0
2014-10-23 00:00:00-04:00,43.881346744057666,44.99961973237951,43.13583141850977,43.3438835144043,212300,0.0,0.0
2014-10-24 00:00:00-04:00,43.35254180741884,44.08938965783224,43.04913600875609,43.777313232421875,123600,0.0,0.0
2014-10-27 00:00:00-04:00,43.577935477788884,44.76555681287271,43.430564572540995,44.73955154418945,119400,0.0,0.0
2014-10-28 00:00:00-04:00,45.0949666506205,47.35751738968604,44.89558522817653,47.340179443359375,158500,0.0,0.0
2014-10-29 00:00:00-04:00,47.331520080566406,47.85164867351961,46.551332151450474,47.331520080566406,142600,0.0,0.0
2014-10-30 00:00:00-04:00,47.062784262004925,48.46712500524049,46.86340281691211,48.163719177246094,102200,0.0,0.0
2014-10-31 00:00:00-04:00,49.36000306032026,50.10551823037014,48.90922636896743,49.81945037841797,226700,0.0,0.0
2014-11-03 00:00:00-05:00,49.75009943357174,49.83678916811102,48.2677396951401,48.46712112426758,130100,0.0,0.0
2014-11-04 00:00:00-05:00,48.37176161593364,48.89189007615879,48.0336799355686,48.33708572387695,89300,0.0,0.0
2014-11-05 00:00:00-05:00,48.88322284185285,49.12594748934289,48.2417353286648,48.7185173034668,70000,0.0,0.0
2014-11-06 00:00:00-05:00,48.82254685303689,49.62874329690789,48.82254685303689,49.53338623046875,76600,0.0,0.0
2014-11-07 00:00:00-05:00,49.62874453096787,49.654749801779495,49.099948645293246,49.420692443847656,58000,0.0,0.0
2014-11-10 00:00:00-05:00,49.55072444323254,50.469615907501314,49.42936210598256,50.443607330322266,84400,0.0,0.0
2014-11-11 00:00:00-05:00,50.45227688079415,50.89438300088751,50.27890069976467,50.538963317871094,82300,0.0,0.0
2014-11-12 00:00:00-05:00,50.218216957451155,51.13710835497749,50.19221168903663,50.78168869018555,87900,0.0,0.0
2014-11-13 00:00:00-05:00,50.93855133414027,51.28714506687952,50.1454961872385,50.22393035888672,82800,0.31,0.0
2014-11-14 00:00:00-05:00,50.33722473607744,50.74682580533411,49.83176262831663,50.23264694213867,75900,0.0,0.0
2014-11-17 00:00:00-05:00,50.128066782152736,50.154210398286416,48.7685422272459,48.86440658569336,113700,0.0,0.0
2014-11-18 00:00:00-05:00,49.05613839631962,49.63132125881034,48.41123478711818,48.50709915161133,137900,0.0,0.0
2014-11-19 00:00:00-05:00,48.42867132479879,48.42867132479879,46.77283994242116,47.121437072753906,109800,0.0,0.0
2014-11-20 00:00:00-05:00,46.7989774744202,47.34801668069025,46.4765273546283,47.23472213745117,113200,0.0,0.0
2014-11-21 00:00:00-05:00,47.97548635694013,48.184645256313466,47.37415992350217,47.461307525634766,183000,0.0,0.0
2014-11-24 00:00:00-05:00,47.496177474635054,49.195582654676265,47.496177474635054,48.83827209472656,80000,0.0,0.0
2014-11-25 00:00:00-05:00,48.951548214485456,49.239141254726526,48.472229805217914,48.759822845458984,97000,0.0,0.0
2014-11-26 00:00:00-05:00,48.899274613238255,49.1084302239921,48.515817119408716,48.79469680786133,81500,0.0,0.0
2014-11-28 00:00:00-05:00,48.907993474537214,49.30016444382202,47.79248789476609,47.87092208862305,60400,0.0,0.0
2014-12-01 00:00:00-05:00,47.77504205549015,48.03648817455198,47.0691345420022,47.356727600097656,108300,0.0,0.0
2014-12-02 00:00:00-05:00,47.496169492354134,48.19336030624738,47.287010585952146,47.73147201538086,89300,0.0,0.0
2014-12-03 00:00:00-05:00,47.88833990346461,48.977701578591336,47.670467568439264,48.33279800415039,97500,0.0,0.0
2014-12-04 00:00:00-05:00,48.15850088319542,48.18464782480331,46.938417765962676,47.26958465576172,88300,0.0,0.0
2014-12-05 00:00:00-05:00,47.25215916180953,48.36766459678845,46.38066970961514,47.61818313598633,102600,0.0,0.0
2014-12-08 00:00:00-05:00,47.321863497510066,47.77503828621504,45.77932719493761,46.23250198364258,97500,0.0,0.0
2014-12-09 00:00:00-05:00,45.6050436278207,46.80769665182749,45.6050436278207,46.7466926574707,130900,0.0,0.0
2014-12-10 00:00:00-05:00,46.59853897064128,46.69440333591601,45.221584132091934,45.300018310546875,147700,0.0,0.0
2014-12-11 00:00:00-05:00,45.63991232255224,46.964576997699616,45.23902787893993,45.33489227294922,132500,0.0,0.0
2014-12-12 00:00:00-05:00,44.907846788228554,45.43074241208149,44.50696247040236,44.56796646118164,117000,0.0,0.0
2014-12-15 00:00:00-05:00,44.84683283186206,45.14313928886154,43.30429656964129,43.4175910949707,171100,0.0,0.0
2014-12-16 00:00:00-05:00,43.32173235047578,43.6616126459167,42.56353758953312,42.63325500488281,230200,0.0,0.0
2014-12-17 00:00:00-05:00,42.694277884543126,44.64641276880452,42.6158436858783,44.55926513671875,175400,0.0,0.0
2014-12-18 00:00:00-05:00,45.20414418490964,45.56145462639521,44.76839958190443,45.195430755615234,123800,0.0,0.0
2014-12-19 00:00:00-05:00,45.117009345063835,45.875204237723025,44.846846418038865,45.683475494384766,210100,0.0,0.0
2014-12-22 00:00:00-05:00,45.88391381409241,46.0494955873128,45.31744442894345,45.75318908691406,69600,0.0,0.0
2014-12-23 00:00:00-05:00,46.18893271515302,46.18893271515302,45.50045537303601,45.91876983642578,78400,0.0,0.0
2014-12-24 00:00:00-05:00,46.10179189077966,46.72926201584846,45.883919534631296,46.60725402832031,39500,0.0,0.0
2014-12-26 00:00:00-05:00,46.5898178199776,46.99070210561093,46.58110438962378,46.877410888671875,45200,0.0,0.0
2014-12-29 00:00:00-05:00,46.79897884823584,47.173719535400686,46.607250127044146,46.981990814208984,99000,0.0,0.0
2014-12-30 00:00:00-05:00,46.92969512939453,47.103993645575656,46.71182281528505,46.92969512939453,57600,0.0,0.0
2014-12-31 00:00:00-05:00,47.095299370684316,47.2347375754489,46.19766281082265,46.26738357543945,79300,0.0,0.0
2015-01-02 00:00:00-05:00,46.58110622639846,46.74668800539326,45.31744600932184,46.023353576660156,75500,0.0,0.0
2015-01-05 00:00:00-05:00,45.70961742303466,46.18893590431793,44.86427168322019,45.11700439453125,109200,0.0,0.0
2015-01-06 00:00:00-05:00,45.09956914006088,45.5701741376555,42.60710932813495,43.19972229003906,205100,0.0,0.0
2015-01-07 00:00:00-05:00,43.62675668349909,43.75747808720035,42.73783717556525,43.13872146606445,127700,0.0,0.0
2015-01-08 00:00:00-05:00,43.60060919575134,43.78362447778392,43.26944565095845,43.3740234375,133500,0.0,0.0
2015-01-09 00:00:00-05:00,43.4698926945831,43.66161810411351,42.188802198261556,42.53739929199219,125800,0.0,0.0
2015-01-12 00:00:00-05:00,42.424103343632524,42.83370441663463,41.439319412005496,42.18880081176758,144300,0.0,0.0
2015-01-13 00:00:00-05:00,42.729111018559664,43.66160412254225,41.07328366474846,41.683326721191406,193800,0.0,0.0
2015-01-14 00:00:00-05:00,41.09072392086202,42.136508474634155,41.09072392086202,41.9970703125,152700,0.0,0.0
2015-01-15 00:00:00-05:00,42.24110107216585,42.45025670998874,40.994870704868944,41.03844451904297,74400,0.0,0.0
2015-01-16 00:00:00-05:00,40.78570706665829,41.430610745692576,40.34996232593658,40.75956344604492,168500,0.0,0.0
2015-01-20 00:00:00-05:00,40.724696604618295,40.74212679041667,38.45882564231816,38.50239944458008,327400,0.0,0.0
2015-01-21 00:00:00-05:00,38.44139638138814,39.06015303201106,37.622194251495394,38.1102294921875,376000,0.0,0.0
2015-01-22 00:00:00-05:00,38.49369901750605,40.698570251464844,38.00566690601274,40.698570251464844,186000,0.0,0.0
2015-01-23 00:00:00-05:00,40.628833021768955,40.89899592010711,39.53075789122085,39.6004753112793,173500,0.0,0.0
2015-01-26 00:00:00-05:00,39.41746854481558,39.452328921678735,38.64184344418712,38.91200637817383,234500,0.0,0.0
2015-01-27 00:00:00-05:00,38.336823187844644,39.03401409785576,38.301962811226964,38.763851165771484,154800,0.0,0.0
2015-01-28 00:00:00-05:00,38.973006658718994,39.30417023393145,38.42396741112415,38.537261962890625,152500,0.0,0.0
2015-01-29 00:00:00-05:00,38.55468544602554,39.28673654071171,38.197374990551786,39.19087219238281,156500,0.0,0.0
2015-01-30 00:00:00-05:00,38.807431328611564,39.208319076418974,37.99694572411888,38.04923629760742,93800,0.0,0.0
2015-02-02 00:00:00-05:00,38.467531929863476,39.10371863326309,37.57861256601996,39.016571044921875,136400,0.0,0.0
2015-02-03 00:00:00-05:00,39.36517039081899,41.02971815822882,39.36517039081899,40.99485778808594,131300,0.0,0.0
2015-02-04 00:00:00-05:00,40.67240675803097,41.43060489340467,40.53296859367512,41.24759292602539,180600,0.0,0.0
2015-02-05 00:00:00-05:00,41.35216959792839,41.979639658297216,41.23016162298078,41.85763168334961,75300,0.0,0.0
2015-02-06 00:00:00-05:00,41.9273568926968,42.720412138814126,41.34345724749595,41.91864013671875,115500,0.0,0.0
2015-02-09 00:00:00-05:00,41.59618420424263,42.02321542723388,40.820559253299145,41.0645751953125,82400,0.0,0.0
2015-02-10 00:00:00-05:00,41.50321078053167,41.50321078053167,40.74876593659308,41.30144119262695,58300,0.31,0.0
2015-02-11 00:00:00-05:00,41.169847284004426,41.51197844122307,40.46803935298103,40.58208084106445,90900,0.0,0.0
2015-02-12 00:00:00-05:00,40.959311093495366,41.10844718986151,40.503135014147226,40.61717987060547,114800,0.0,0.0
2015-02-13 00:00:00-05:00,40.71367829412112,41.66112167380633,40.71367829412112,40.8014030456543,240500,0.0,0.0
2015-02-17 00:00:00-05:00,42.86296396580638,44.924525542918026,42.00324876849459,43.82794952392578,537600,0.0,0.0
2015-02-18 00:00:00-05:00,43.60862748921514,43.863033888927056,42.62609646711867,43.64371871948242,262100,0.0,0.0
2015-02-19 00:00:00-05:00,43.39809034983562,44.240259866222615,43.17000068092819,44.038490295410156,100600,0.0,0.0
2015-02-20 00:00:00-05:00,44.03848911397795,44.41571149387224,43.07350030749887,43.94198989868164,143000,0.0,0.0
2015-02-23 00:00:00-05:00,43.93321656148481,44.10866602070012,43.257725434757326,43.784080505371094,109000,0.0,0.0
2015-02-24 00:00:00-05:00,43.67005041017347,44.34554176475302,43.32791916422077,43.36301040649414,93500,0.0,0.0
2015-02-25 00:00:00-05:00,43.45071374254238,43.51212171300136,42.485728481201186,42.669952392578125,154500,0.0,0.0
2015-02-26 00:00:00-05:00,42.63486292673916,44.14375219795076,42.63486292673916,43.68757629394531,91600,0.0,0.0
2015-02-27 00:00:00-05:00,43.5910879516308,44.53853122203817,43.48581759263588,44.37185287475586,181300,0.0,0.0
2015-03-02 00:00:00-05:00,44.485889793333854,44.7402962023465,43.836718742075966,44.02094268798828,83800,0.0,0.0
2015-03-03 00:00:00-05:00,43.766545993970595,43.91568208792098,43.380552400690696,43.608638763427734,75300,0.0,0.0
2015-03-04 00:00:00-05:00,43.47704199004951,43.71390278331515,42.75768847560604,42.84541320800781,161300,0.0,0.0
2015-03-05 00:00:00-05:00,42.83663305989317,43.15244403797863,41.406697466532606,41.678646087646484,119300,0.0,0.0
2015-03-06 00:00:00-05:00,41.52075672838002,41.80147992651931,40.555767806602276,41.11721420288086,140300,0.0,0.0
2015-03-09 00:00:00-04:00,41.38039029644994,43.72267837074044,41.38039029644994,43.161231994628906,171800,0.0,0.0
2015-03-10 00:00:00-04:00,42.74892558052729,43.43318804886907,42.24888710804908,42.98578643798828,167600,0.0,0.0
2015-03-11 00:00:00-04:00,42.98577970801249,43.52968047342477,42.591011674050186,43.477046966552734,124400,0.0,0.0
2015-03-12 00:00:00-04:00,43.854269598981396,44.81048402085669,43.65249666669559,43.722679138183594,223100,0.0,0.0
2015-03-13 00:00:00-04:00,43.80163783882644,44.24903943389294,41.950616769140176,42.0383415222168,198100,0.0,0.0
2015-03-16 00:00:00-04:00,42.380456002840965,42.61731673965988,41.459329799717466,42.01200485229492,253800,0.0,0.0
2015-03-17 00:00:00-04:00,41.81901936747296,43.96830892675879,41.81901936747296,43.670040130615234,196000,0.0,0.0
2015-03-18 00:00:00-04:00,43.59986318442854,44.143763952833055,43.18754953041244,43.82794952392578,121500,0.0,0.0
2015-03-19 00:00:00-04:00,43.76653467893399,44.222710632956904,43.362995570312,43.64371871948242,54900,0.0,0.0
2015-03-20 00:00:00-04:00,43.933230529141575,44.98594100505651,43.87181918311104,44.898216247558594,283000,0.0,0.0
2015-03-23 00:00:00-04:00,44.924527382268316,45.178933832246976,44.57362504971442,45.021026611328125,102500,0.0,0.0
2015-03-24 00:00:00-04:00,44.96838307527159,45.564920633127905,44.62625192960072,44.87188720703125,110900,0.0,0.0
2015-03-25 00:00:00-04:00,44.92451876959157,44.92451876959157,43.30158784476817,43.35422134399414,119100,0.0,0.0
2015-03-26 00:00:00-04:00,43.27528049785286,43.652499594707535,42.933145946126636,43.12614440917969,90800,0.0,0.0
2015-03-27 00:00:00-04:00,43.055955420947754,43.59985610098756,42.61732508461284,43.39808654785156,90300,0.0,0.0
2015-03-30 00:00:00-04:00,43.63495135114931,44.44202963804961,43.520906516179764,44.17885208129883,67900,0.0,0.0
2015-03-31 00:00:00-04:00,43.94199067619413,44.161305861572124,42.77523228367081,43.75776672363281,206700,0.0,0.0
2015-04-01 00:00:00-04:00,43.538457150626485,44.02972108745024,42.90682826444213,43.74022674560547,126000,0.0,0.0
2015-04-02 00:00:00-04:00,43.520918645291474,43.977094765819984,43.012105660149444,43.319149017333984,86500,0.0,0.0
2015-04-06 00:00:00-04:00,43.047187690566034,45.48597167214734,43.047187690566034,45.4333381652832,171600,0.0,0.0
2015-04-07 00:00:00-04:00,45.31929705952777,45.61756589345978,44.65258026123047,44.65258026123047,69000,0.0,0.0
2015-04-08 00:00:00-04:00,44.828028972277544,45.00348181500254,44.371856266271045,44.942073822021484,91100,0.0,0.0
2015-04-09 00:00:00-04:00,45.0210210066689,45.20524495931203,44.11744351338523,45.143836975097656,88100,0.0,0.0
2015-04-10 00:00:00-04:00,45.42456109872311,45.43333558035752,44.70520754297583,44.99470520019531,92500,0.0,0.0
2015-04-13 00:00:00-04:00,44.65257817058748,45.257886946483225,44.65257817058748,45.170162200927734,93800,0.0,0.0
2015-04-14 00:00:00-04:00,45.26666021888076,45.53861229731326,44.30167458628816,44.757850646972656,72800,0.0,0.0
2015-04-15 00:00:00-04:00,45.18770063125526,46.13514386583416,45.18770063125526,45.8105583190918,101100,0.0,0.0
2015-04-16 00:00:00-04:00,45.7666984183124,46.021104876196375,45.450887313145905,45.933380126953125,83500,0.0,0.0
2015-04-17 00:00:00-04:00,45.354385112527986,45.46842995626743,44.22271785034332,44.643802642822266,109900,0.0,0.0
2015-04-20 00:00:00-04:00,44.90697509253498,45.80178142931945,44.50343596412749,44.87188720703125,117600,0.0,0.0
2015-04-21 00:00:00-04:00,45.18770696371181,45.6175662721915,44.722759762966504,45.03857421875,84200,0.0,0.0
2015-04-22 00:00:00-04:00,45.10874674244604,45.17892920966669,43.898129301247884,44.45957565307617,110600,0.0,0.0
2015-04-23 00:00:00-04:00,44.24902981418438,44.68766017717922,43.52090515178469,43.94198989868164,129500,0.0,0.0
2015-04-24 00:00:00-04:00,44.37184456750997,44.415706930005626,43.25772315840481,43.41563034057617,126700,0.0,0.0
2015-04-27 00:00:00-04:00,43.468271935788536,43.941993570564286,42.71382711295702,43.161231994628906,131200,0.0,0.0
2015-04-28 00:00:00-04:00,39.65218194101878,41.8628791745601,39.03809881839889,41.696197509765625,285900,0.0,0.0
2015-04-29 00:00:00-04:00,42.30152124016932,42.42433722948708,41.2049451262826,41.52075958251953,194700,0.0,0.0
2015-04-30 00:00:00-04:00,41.00317643803222,41.3628532775551,39.82764668385028,40.12591552734375,193700,0.0,0.0
2015-05-01 00:00:00-04:00,40.23995177652531,40.77508139753638,39.362690980503054,39.42409896850586,131400,0.0,0.0
2015-05-04 00:00:00-04:00,39.476731925866524,39.80131745135256,39.15214640038048,39.21355438232422,134000,0.0,0.0
2015-05-05 00:00:00-04:00,39.18723845351282,39.582006484057096,38.95915211724523,39.38901138305664,249100,0.0,0.0
2015-05-06 00:00:00-04:00,39.45919044583063,39.827641722594585,38.47665928526738,38.9240608215332,161400,0.0,0.0
2015-05-07 00:00:00-04:00,38.8538760297494,39.63463749367229,38.76614795451521,39.3714599609375,85300,0.0,0.0
2015-05-08 00:00:00-04:00,39.94168169125543,40.213633734036335,39.50305130730935,39.7574577331543,94300,0.0,0.0
2015-05-11 00:00:00-04:00,39.81009746890578,40.16977427594713,39.02933586433929,39.0556526184082,90300,0.0,0.0
2015-05-12 00:00:00-04:00,39.01180068882203,39.327615208124335,38.21349325235692,38.99425506591797,121200,0.0,0.0
2015-05-13 00:00:00-04:00,39.46796832479465,40.26627558892661,39.04688015896963,39.28374099731445,112000,0.0,0.0
2015-05-14 00:00:00-04:00,39.64341934927726,40.1434578006509,39.32760823247664,40.12591552734375,111500,0.0,0.0
2015-05-15 00:00:00-04:00,40.20485929407834,40.362763140554144,39.31005298280091,39.96799850463867,127900,0.0,0.0
2015-05-18 00:00:00-04:00,39.97678371035516,40.95931509845327,39.827650945891804,40.65227508544922,104200,0.0,0.0
2015-05-19 00:00:00-04:00,40.64349487474056,40.64349487474056,39.30128356177535,39.845184326171875,139700,0.0,0.0
2015-05-20 00:00:00-04:00,39.82762961631828,40.29257662886199,39.82762961631828,40.213623046875,71300,0.0,0.0
2015-05-21 00:00:00-04:00,40.301985616396315,40.61118744760908,39.96628539280825,40.222476959228516,98200,0.32,0.0
2015-05-22 00:00:00-04:00,40.240140792572845,40.32848560594347,39.52456633932602,39.674747467041016,95900,0.0,0.0
2015-05-26 00:00:00-04:00,39.45389216098137,39.780759559282664,38.36727618553907,38.959171295166016,103500,0.0,0.0
2015-05-27 00:00:00-04:00,39.00334875767868,39.71892330306532,38.66764516366405,39.453895568847656,74000,0.0,0.0
2015-05-28 00:00:00-04:00,39.23303381898821,39.53339944679218,39.02984580165172,39.524566650390625,112800,0.0,0.0
2015-05-29 00:00:00-04:00,39.39204588266323,40.06344953034511,38.47328015845888,39.48922348022461,173300,0.0,0.0
2015-06-01 00:00:00-04:00,39.78959846305336,40.00161929869434,39.25953963393009,39.542236328125,148300,0.0,0.0
2015-06-02 00:00:00-04:00,39.49805933341346,40.9645494655797,39.18002476041189,40.646514892578125,184600,0.0,0.0
2015-06-03 00:00:00-04:00,40.681838365435894,42.05115040611664,40.61999870598641,41.82146072387695,170600,0.0,0.0
2015-06-04 00:00:00-04:00,41.56527561454249,41.8038015151797,40.72601856489517,41.423927307128906,157700,0.0,0.0
2015-06-05 00:00:00-04:00,41.291418703271326,42.21018109519368,41.05289278219223,42.130672454833984,165900,0.0,0.0
2015-06-08 00:00:00-04:00,41.98048948621653,42.29852403361363,41.5387755859449,41.92748260498047,135600,0.0,0.0
2015-06-09 00:00:00-04:00,41.81263909942779,42.53704962076502,41.81263909942779,42.422203063964844,169900,0.0,0.0
2015-06-10 00:00:00-04:00,42.76674578527507,43.57066506355603,42.76674578527507,43.30563735961914,137500,0.0,0.0
2015-06-11 00:00:00-04:00,43.30562393268928,43.561818760732656,43.16427564308071,43.402801513671875,139700,0.0,0.0
2015-06-12 00:00:00-04:00,43.367472507050074,43.53532258231117,43.19078626624328,43.2879638671875,102400,0.0,0.0
2015-06-15 00:00:00-04:00,42.819742339202584,42.819742339202584,42.07766292527963,42.31618881225586,157300,0.0,0.0
2015-06-16 00:00:00-04:00,42.19252071417858,43.72085415300346,42.06000853330488,43.4293212890625,233600,0.0,0.0
2015-06-17 00:00:00-04:00,43.63249680361585,43.63249680361585,42.66072760946335,42.943424224853516,131800,0.0,0.0
2015-06-18 00:00:00-04:00,43.137775797898605,43.367465514907714,42.616553325060686,42.85507583618164,165900,0.0,0.0
2015-06-19 00:00:00-04:00,42.98760019095043,43.252627879006106,42.643063859477074,42.97876739501953,159700,0.0,0.0
2015-06-22 00:00:00-04:00,43.2614711786183,43.535331707763554,42.466384613334284,43.4293212890625,83800,0.0,0.0
2015-06-23 00:00:00-04:00,43.39397993600698,44.37458549915744,43.376310972615684,44.25973892211914,203400,0.0,0.0
2015-06-24 00:00:00-04:00,44.0742087435086,44.401076058767536,43.73850526377791,44.10954666137695,153400,0.0,0.0
2015-06-25 00:00:00-04:00,44.23323351438967,44.33041112002302,43.63250228866518,43.95936965942383,194000,0.0,0.0
2015-06-26 00:00:00-04:00,44.02121505056433,44.498263568100356,43.65900636667888,44.37458419799805,410100,0.0,0.0
2015-06-29 00:00:00-04:00,44.083048759988735,44.19789194808196,42.99642959564797,43.14661407470703,261000,0.0,0.0
2015-06-30 00:00:00-04:00,43.499981016649755,43.765008650124635,42.74906545679353,42.85507583618164,220400,0.0,0.0
2015-07-01 00:00:00-04:00,43.20845442682681,43.367471703605936,42.68723187960852,43.05827331542969,155200,0.0,0.0
2015-07-02 00:00:00-04:00,43.14661329068551,43.16428225084255,42.25435270781724,42.572383880615234,104600,0.0,0.0
2015-07-06 00:00:00-04:00,42.121847179648555,42.740247451742775,42.09534541813364,42.4752197265625,95000,0.0,0.0
2015-07-07 00:00:00-04:00,42.4133662282561,42.5635507032372,41.85680915335141,42.51054382324219,166100,0.0,0.0
2015-07-08 00:00:00-04:00,42.236682347973606,42.572382469803834,41.786132303923864,42.024658203125,169400,0.0,0.0
2015-07-09 00:00:00-04:00,42.634220798426455,43.00526219770485,42.02465687748044,42.03349304199219,138900,0.0,0.0
2015-07-10 00:00:00-04:00,42.590052122599054,42.68722971681933,42.22784687051135,42.55471420288086,73200,0.0,0.0
2015-07-13 00:00:00-04:00,42.837416403189046,43.26146135168095,42.65189400009098,43.164283752441406,80000,0.0,0.0
2015-07-14 00:00:00-04:00,43.22612304937116,43.332133443057906,42.75790738807921,43.10244369506836,79700,0.0,0.0
2015-07-15 00:00:00-04:00,43.0229370966773,43.173118214018274,42.572387004634756,43.11127853393555,111000,0.0,0.0
2015-07-16 00:00:00-04:00,43.29679407993994,43.29679407993994,42.68723012402905,43.06710433959961,138700,0.0,0.0
2015-07-17 00:00:00-04:00,43.040608169505866,43.181956498058845,41.90981817107208,42.50171661376953,131600,0.0,0.0
2015-07-20 00:00:00-04:00,42.378039659757185,42.51055182968777,41.60945492011705,41.909820556640625,152500,0.0,0.0
2015-07-21 00:00:00-04:00,41.76845820825112,42.554708277449045,41.29140983851905,41.68894958496094,173600,0.0,0.0
2015-07-22 00:00:00-04:00,41.600622074984145,41.750803208065854,40.76136485302767,41.03522872924805,225500,0.0,0.0
2015-07-23 00:00:00-04:00,43.552996687100254,48.182160566906255,43.552996687100254,46.48597717285156,711500,0.0,0.0
2015-07-24 00:00:00-04:00,45.99125168129571,46.74216395023154,43.605995988779604,43.83568572998047,375200,0.0,0.0
2015-07-27 00:00:00-04:00,43.74734652736341,44.127220763702354,43.13778253812661,44.10071563720703,244700,0.0,0.0
2015-07-28 00:00:00-04:00,44.215564351894535,44.45409028190995,43.7561814537178,44.153724670410156,150700,0.0,0.0
2015-07-29 00:00:00-04:00,44.25090112824911,45.311015221938405,43.8533579218644,45.14316177368164,245500,0.0,0.0
2015-07-30 00:00:00-04:00,44.97530039548764,45.805721152397766,44.19788313943859,45.59370040893555,116200,0.0,0.0
2015-07-31 00:00:00-04:00,45.849900511488286,46.14142990983391,45.355179769738655,45.62904357910156,153300,0.0,0.0
2015-08-03 00:00:00-04:00,45.576046908383056,45.86757637201351,44.365751591473995,44.73678970336914,123700,0.0,0.0
2015-08-04 00:00:00-04:00,44.76328078724145,44.93113421021911,43.91519098801818,44.34807205200195,87700,0.0,0.0
2015-08-05 00:00:00-04:00,44.524763243468755,45.13432722288176,44.10955109183414,44.53359603881836,93000,0.0,0.0
2015-08-06 00:00:00-04:00,44.78096079528184,44.886974573849685,43.747351729321345,44.13605880737305,74000,0.0,0.0
2015-08-07 00:00:00-04:00,43.7738411634156,44.0212032070799,42.58121513542505,42.83740997314453,179100,0.0,0.0
2015-08-10 00:00:00-04:00,43.164285251601065,44.047713100811045,43.11127836744494,43.8621940612793,129200,0.0,0.0
2015-08-11 00:00:00-04:00,43.464660518202415,43.8533676450687,43.04061546070905,43.208465576171875,114500,0.0,0.0
2015-08-12 00:00:00-04:00,42.86391559114944,43.19961908567881,42.17484301238711,42.943424224853516,101700,0.0,0.0
2015-08-13 00:00:00-04:00,42.90808989723884,42.96992957640641,42.068832775666415,42.130672454833984,157800,0.0,0.0
2015-08-14 00:00:00-04:00,41.98932129832463,42.66956109321768,41.909812663336886,42.51054382324219,112400,0.0,0.0
2015-08-17 00:00:00-04:00,42.22595078514376,43.017464491723985,41.89689524936129,42.61725997924805,152100,0.32,0.0
2015-08-18 00:00:00-04:00,42.804034547984685,42.91964657380972,41.772397888055785,42.03919982910156,137000,0.0,0.0
2015-08-19 00:00:00-04:00,41.62121092561886,42.21707191571238,41.41666264321989,41.692359924316406,72400,0.0,0.0
2015-08-20 00:00:00-04:00,41.45223748183949,41.55895758818829,40.18047795656532,40.207157135009766,172500,0.0,0.0
2015-08-21 00:00:00-04:00,39.58460671581949,40.71407134276298,38.73973461976275,40.0203857421875,194800,0.0,0.0
2015-08-24 00:00:00-04:00,37.912650514407,39.38006278290889,37.46797951318148,38.65080261230469,460600,0.0,0.0
2015-08-25 00:00:00-04:00,39.66464266537071,39.72689631956082,38.25948439463275,38.49960708618164,306000,0.0,0.0
2015-08-26 00:00:00-04:00,39.13105637438877,39.388966423800696,38.13499407114245,39.095481872558594,116200,0.0,0.0
2015-08-27 00:00:00-04:00,39.48678713824114,39.95813732433123,38.668590713773,39.62908172607422,137400,0.0,0.0
2015-08-28 00:00:00-04:00,39.66465682538339,40.456174154567776,39.59351122058321,40.27830505371094,143500,0.0,0.0
2015-08-31 00:00:00-04:00,40.082643174591276,40.785224160149156,40.082643174591276,40.44727325439453,91700,0.0,0.0
2015-09-01 00:00:00-04:00,39.84252009134838,40.53620914384298,39.32670350623232,39.47789001464844,287500,0.0,0.0
2015-09-02 00:00:00-04:00,39.90476372385393,39.90476372385393,39.264439965164584,39.52234649658203,106400,0.0,0.0
2015-09-03 00:00:00-04:00,39.522359869445445,39.97592621924664,39.37117334789219,39.68244171142578,107500,0.0,0.0
2015-09-04 00:00:00-04:00,39.07767925729871,39.69132729859921,39.07767925729871,39.513458251953125,74800,0.0,0.0
2015-09-08 00:00:00-04:00,40.082636374189335,40.082636374189335,39.806939183036484,39.93144989013672,158900,0.0,0.0
2015-09-09 00:00:00-04:00,40.23384175752526,40.25162561568101,39.50457804800586,39.62019348144531,93100,0.0,0.0
2015-09-10 00:00:00-04:00,39.566826750743424,39.646867665794886,39.1310476815587,39.28223419189453,85700,0.0,0.0
2015-09-11 00:00:00-04:00,38.96207360781466,39.27334194572534,38.83756288007995,39.059898376464844,96800,0.0,0.0
2015-09-14 00:00:00-04:00,39.09546539520429,39.16661436887787,38.126082680605485,38.4195671081543,113600,0.0,0.0
2015-09-15 00:00:00-04:00,38.66858803224898,39.73579906327521,38.357319703127736,39.55792999267578,76800,0.0,0.0
2015-09-16 00:00:00-04:00,39.65575807972196,40.66960736997152,39.65575807972196,40.41169738769531,89400,0.0,0.0
2015-09-17 00:00:00-04:00,40.50063536571305,40.97198553859495,40.118218035520776,40.24272537231445,84700,0.0,0.0
2015-09-18 00:00:00-04:00,39.79805461630474,40.11821828005166,39.25555545190807,39.397850036621094,248600,0.0,0.0
2015-09-21 00:00:00-04:00,39.78025860157281,40.1448886065711,38.89981211288976,39.157718658447266,73600,0.0,0.0
2015-09-22 00:00:00-04:00,38.66858978309197,38.82867161462263,37.91265043952977,38.21502685546875,83100,0.0,0.0
2015-09-23 00:00:00-04:00,38.35732566359731,38.63301954292557,37.814826440624984,38.126094818115234,116900,0.0,0.0
2015-09-24 00:00:00-04:00,37.93043661362422,37.95711578726775,37.423511958974515,37.65473937988281,159000,0.0,0.0
2015-09-25 00:00:00-04:00,37.81482297719272,37.81482297719272,36.685358208277876,36.854331970214844,107600,0.0,0.0
2015-09-28 00:00:00-04:00,36.61421729382442,36.61421729382442,34.80885368641383,34.9333610534668,228800,0.0,0.0
2015-09-29 00:00:00-04:00,35.02229386800168,35.02229386800168,34.07958999321837,34.40864562988281,223400,0.0,0.0
2015-09-30 00:00:00-04:00,34.684338057945986,35.65372097526832,34.604297142109445,35.547000885009766,220500,0.0,0.0
2015-10-01 00:00:00-04:00,35.68039459695326,36.036132699214285,35.4224880350125,35.71596908569336,321800,0.0,0.0
2015-10-02 00:00:00-04:00,35.44028180224715,36.3385192351074,35.137905348497796,36.31184005737305,143700,0.0,0.0
2015-10-05 00:00:00-04:00,36.84544526039854,37.89486926067248,36.56085604600945,37.85040283203125,79700,0.0,0.0
2015-10-06 00:00:00-04:00,37.76146229946465,37.91265221078287,37.28121678243591,37.41461944580078,100100,0.0,0.0
2015-10-07 00:00:00-04:00,37.70810493789971,38.87314087257287,37.70810493789971,38.83756637573242,103900,0.0,0.0
2015-10-08 00:00:00-04:00,38.72196827946718,39.78028449690212,38.72196827946718,39.664669036865234,71800,0.0,0.0
2015-10-09 00:00:00-04:00,39.851417231599065,39.851417231599065,39.13104897237315,39.62908172607422,69000,0.0,0.0
2015-10-12 00:00:00-04:00,39.602386042976185,39.62906860175045,38.98874147227934,39.26443862915039,49000,0.0,0.0
2015-10-13 00:00:00-04:00,38.96206782703546,39.57571248468632,38.37510233936988,38.47292709350586,66700,0.0,0.0
2015-10-14 00:00:00-04:00,38.53519051853008,38.89982060311204,38.09941144545871,38.21502685546875,51300,0.0,0.0
2015-10-15 00:00:00-04:00,38.21503553035078,39.237777027771415,37.76146910719667,39.21998977661133,107100,0.0,0.0
2015-10-16 00:00:00-04:00,39.300015984920606,39.300015984920606,37.29899677889994,38.0638313293457,126600,0.0,0.0
2015-10-19 00:00:00-04:00,37.89486478224102,39.4245341732337,37.86818560672345,38.89982223510742,114000,0.0,0.0
2015-10-20 00:00:00-04:00,38.71305173839467,39.26444615786322,38.48182433762116,38.94428253173828,112500,0.0,0.0
2015-10-21 00:00:00-04:00,39.15772816784705,39.15772816784705,37.84150238156158,38.134986877441406,85800,0.0,0.0
2015-10-22 00:00:00-04:00,38.20612262020469,38.20612262020469,34.83551640988794,36.48969268798828,430400,0.0,0.0
2015-10-23 00:00:00-04:00,36.68535153428329,37.138914387794564,36.09838604543756,36.77428436279297,215900,0.0,0.0
2015-10-26 00:00:00-04:00,36.45412977028926,36.88101351963916,36.08949968901724,36.49859619140625,197800,0.0,0.0
2015-10-27 00:00:00-04:00,36.33850848755402,36.45412387782643,35.64482293105943,36.01834487915039,228000,0.0,0.0
2015-10-28 00:00:00-04:00,36.20510657626869,38.92649390948005,36.062812013310776,38.90870666503906,281000,0.0,0.0
2015-10-29 00:00:00-04:00,38.766415109994625,39.20219415118626,38.23281130564225,38.45514678955078,165500,0.0,0.0
2015-10-30 00:00:00-04:00,38.455142773835604,38.80198554970229,37.699200171944476,38.668582916259766,173000,0.0,0.0
2015-11-02 00:00:00-05:00,38.668586229432094,39.44231274901084,38.481825240666566,39.2911262512207,134500,0.0,0.0
2015-11-03 00:00:00-05:00,39.17551360524577,39.81584091752681,38.908711689318814,39.47789001464844,99700,0.0,0.0
2015-11-04 00:00:00-05:00,39.67354390524245,39.72690224961611,38.846455641748484,39.086578369140625,141200,0.0,0.0
2015-11-05 00:00:00-05:00,39.08658505374316,39.30002525288087,37.91265378077335,39.1666259765625,199600,0.0,0.0
2015-11-06 00:00:00-05:00,38.92649753110837,39.78916030762143,38.330636660892765,39.75358581542969,77800,0.0,0.0
2015-11-09 00:00:00-05:00,39.64687082010897,39.86920633598871,39.086584370172226,39.14883804321289,131900,0.0,0.0
2015-11-10 00:00:00-05:00,38.96207164233281,39.2288735460215,38.53518791791685,38.784202575683594,142300,0.0,0.0
2015-11-11 00:00:00-05:00,38.96207016184934,38.96207016184934,38.295063731687435,38.428462982177734,60200,0.0,0.0
2015-11-12 00:00:00-05:00,38.046045123396524,38.046045123396524,37.30789311582924,37.45018768310547,104000,0.0,0.0
2015-11-13 00:00:00-05:00,37.19227932774992,37.992688423640764,37.023305581981965,37.387935638427734,89000,0.0,0.0
2015-11-16 00:00:00-05:00,37.245641258738495,38.18834154039105,37.14781310289072,38.14387512207031,88200,0.0,0.0
2015-11-17 00:00:00-05:00,38.2416971516399,39.14882618885693,37.654731703154724,38.49960708618164,135000,0.0,0.0
2015-11-18 00:00:00-05:00,38.70416680383103,39.709124280136315,38.2328165983171,39.68244171142578,149000,0.0,0.0
2015-11-19 00:00:00-05:00,39.62868911651713,39.879502501616095,39.440575660616815,39.852630615234375,98800,0.32,0.0
2015-11-20 00:00:00-05:00,40.12136630621668,40.6319527336116,39.96908428525019,40.50654602050781,128800,0.0,0.0
2015-11-23 00:00:00-05:00,40.533415840135,41.05296181596216,40.26468669477592,40.855892181396484,84800,0.0,0.0
2015-11-24 00:00:00-05:00,40.71257462197523,42.36974073119146,40.59612405876877,42.27120590209961,133000,0.0,0.0
2015-11-25 00:00:00-05:00,42.27120683819357,42.36078551075028,41.85915519566358,41.984561920166016,56600,0.0,0.0
2015-11-27 00:00:00-05:00,41.92185928889633,42.20850421192204,41.465020010660666,42.02935028076172,53000,0.0,0.0
2015-11-30 00:00:00-05:00,42.24433033679324,42.51305949099546,41.68895629583178,42.01143264770508,123000,0.0,0.0
2015-12-01 00:00:00-05:00,42.25328871340248,42.49514599000823,41.644170859859614,42.14579772949219,104000,0.0,0.0
2015-12-02 00:00:00-05:00,41.97559784430307,42.28015843939786,41.518755243122726,41.76061248779297,97200,0.0,0.0
2015-12-03 00:00:00-05:00,42.00246839133825,42.00246839133825,40.20198018349495,40.23780822753906,117400,0.0,0.0
2015-12-04 00:00:00-05:00,40.16614957542643,41.026084158120135,40.14823384448578,40.98129653930664,79900,0.0,0.0
2015-12-07 00:00:00-05:00,40.73943549795628,41.05295563456514,40.640900695509956,41.01712417602539,132400,0.0,0.0
2015-12-08 00:00:00-05:00,40.63195040300711,40.81110430448358,39.8347191293671,40.56028747558594,114800,0.0,0.0
2015-12-09 00:00:00-05:00,40.309465732567226,40.92754297698599,40.29155000441477,40.55132293701172,256800,0.0,0.0
2015-12-10 00:00:00-05:00,40.50653896904883,40.69464900595794,39.655560599171764,39.888458251953125,100100,0.0,0.0
2015-12-11 00:00:00-05:00,39.33308870885381,39.41370779329588,38.132762016647646,38.41940689086914,229300,0.0,0.0
2015-12-14 00:00:00-05:00,38.46419829955355,38.67918368492873,37.5773917004383,38.49107360839844,287600,0.0,0.0
2015-12-15 00:00:00-05:00,38.759793067707136,39.207676042720514,38.6075110793231,38.84041213989258,146000,0.0,0.0
2015-12-16 00:00:00-05:00,39.18976899366389,39.27934424167588,38.83146116746258,39.18081283569336,190300,0.0,0.0
2015-12-17 00:00:00-05:00,39.26143671283698,39.26143671283698,38.087981685172494,38.26713562011719,182400,0.0,0.0
2015-12-18 00:00:00-05:00,38.24025020749626,38.508982747465325,37.702791961710524,37.72966384887695,351100,0.0,0.0
2015-12-21 00:00:00-05:00,37.92674678091684,38.93000411987305,37.81925577744088,38.93000411987305,125700,0.0,0.0
2015-12-22 00:00:00-05:00,39.00166087841432,39.27934621142262,38.276089031655815,39.05540466308594,92500,0.0,0.0
2015-12-23 00:00:00-05:00,39.23455976686881,39.83472491136733,38.9031272221297,39.65557098388672,109200,0.0,0.0
2015-12-24 00:00:00-05:00,39.64661330543512,39.94221781248602,39.51225041620234,39.67348861694336,63000,0.0,0.0
2015-12-28 00:00:00-05:00,39.57493865705244,39.60181054121405,38.61646939509609,39.306209564208984,94200,0.0,0.0
2015-12-29 00:00:00-05:00,39.45850206854243,39.798894195488444,39.1539414111859,39.664527893066406,99300,0.0,0.0
2015-12-30 00:00:00-05:00,39.5839016012295,39.88846220323657,39.225597221682385,39.59286117553711,74900,0.0,0.0
2015-12-31 00:00:00-05:00,39.503287451464374,39.92429865251623,38.92999763892889,38.93895721435547,109600,0.0,0.0
2016-01-04 00:00:00-05:00,38.27608491246253,38.40149161930277,37.469897475456825,38.24025344848633,200800,0.0,0.0
2016-01-05 00:00:00-05:00,38.24024497761962,38.76874699442873,38.03421923100938,38.59855270385742,103000,0.0,0.0
2016-01-06 00:00:00-05:00,38.08796550134368,38.61646750547411,37.45197254875088,37.59529495239258,141400,0.0,0.0
2016-01-07 00:00:00-05:00,36.89660467850856,37.04888669341873,36.14416101273419,36.618919372558594,172300,0.0,0.0
2016-01-08 00:00:00-05:00,36.815987234685416,37.04888834621414,36.39497946966707,36.41289520263672,129500,0.0,0.0
2016-01-11 00:00:00-05:00,36.55622219399643,36.81599181165925,36.00980423025974,36.4935188293457,98600,0.0,0.0
2016-01-12 00:00:00-05:00,36.84286959031052,37.165346011296975,35.62462685195162,36.2606201171875,135200,0.0,0.0
2016-01-13 00:00:00-05:00,36.2606098697551,36.68162101340501,35.096114669678634,35.239437103271484,191200,0.0,0.0
2016-01-14 00:00:00-05:00,35.320053288610495,36.529336009291605,35.015492715072696,35.87542724609375,118600,0.0,0.0
2016-01-15 00:00:00-05:00,34.86322021545786,35.6604550347114,34.146607911090015,35.490257263183594,200800,0.0,0.0
2016-01-19 00:00:00-05:00,35.82169192233385,35.938139068301226,33.940580847843606,34.44221115112305,155600,0.0,0.0
2016-01-20 00:00:00-05:00,33.913712666984864,35.624626163415414,33.752474459607974,35.069252014160156,198100,0.0,0.0
2016-01-21 00:00:00-05:00,35.14987359913903,35.24840502875618,34.191400446704016,34.316810607910156,196200,0.0,0.0
2016-01-22 00:00:00-05:00,34.81843779828556,35.382771567408206,34.30785124143853,34.54075241088867,238400,0.0,0.0
2016-01-25 00:00:00-05:00,34.478037196009495,34.908004495297774,34.21826421818647,34.61240005493164,149100,0.0,0.0
2016-01-26 00:00:00-05:00,34.74677743484146,36.162086486816406,34.45117290000997,36.162086486816406,170800,0.0,0.0
2016-01-27 00:00:00-05:00,36.063550938157455,36.73537568558054,35.803781299465996,36.08146667480469,226600,0.0,0.0
2016-01-28 00:00:00-05:00,36.574127534720716,36.78015330531671,36.02770972627754,36.65474319458008,105800,0.0,0.0
2016-01-29 00:00:00-05:00,36.83389980921519,38.35670281029083,36.83389980921519,38.33878707885742,159300,0.0,0.0
2016-02-01 00:00:00-05:00,37.91778139207159,38.28504536354512,37.42510729381003,38.025272369384766,119700,0.0,0.0
2016-02-02 00:00:00-05:00,37.56843444110731,37.577394016966856,36.32331992863494,36.448726654052734,139800,0.0,0.0
2016-02-03 00:00:00-05:00,36.91452526171223,37.237001649003915,36.09042197603521,36.85182189941406,156300,0.0,0.0
2016-02-04 00:00:00-05:00,36.833897641634,37.59530080590337,36.50246517231091,37.24595260620117,165700,0.0,0.0
2016-02-05 00:00:00-05:00,37.102621153209824,37.29073458520942,36.699529240394426,36.78910446166992,112400,0.0,0.0
2016-02-08 00:00:00-05:00,36.44872310671796,36.75328373183883,35.982924302587406,36.672664642333984,136800,0.0,0.0
2016-02-09 00:00:00-05:00,36.18895236224712,37.17429372053923,36.18895236224712,36.73536682128906,90500,0.0,0.0
2016-02-10 00:00:00-05:00,37.02201557724277,37.810287306751654,36.50246958467517,36.592044830322266,101800,0.0,0.0
2016-02-11 00:00:00-05:00,35.96005628883181,36.375361139698036,35.30098120473525,35.56280517578125,141100,0.32,0.0
2016-02-12 00:00:00-05:00,35.86978450868012,36.3392610900873,35.58087637305365,36.23994827270508,110500,0.0,0.0
2016-02-16 00:00:00-05:00,36.63717883244493,37.66641391432867,36.61009134225267,37.440704345703125,81000,0.0,0.0
2016-02-17 00:00:00-05:00,37.81088075883495,38.86720024607887,37.621282039231076,38.704689025878906,118500,0.0,0.0
2016-02-18 00:00:00-05:00,39.038739575400136,39.04776644532092,38.37063754742518,38.63246154785156,155900,0.0,0.0
2016-02-19 00:00:00-05:00,38.5873215669648,38.87622963061923,38.26229913433963,38.71371841430664,113800,0.0,0.0
2016-02-22 00:00:00-05:00,38.966507595346066,39.327644355110095,38.569259914849944,38.68662643432617,104700,0.0,0.0
2016-02-23 00:00:00-05:00,38.506056765677755,39.04775839468727,38.24423281923268,38.78593444824219,158600,0.0,0.0
2016-02-24 00:00:00-05:00,40.537452984945624,41.09721193144609,37.63933857103765,38.98456954956055,236500,0.0,0.0
2016-02-25 00:00:00-05:00,39.11999125752293,39.15610217764012,38.09075254293813,39.05678939819336,120900,0.0,0.0
2016-02-26 00:00:00-05:00,39.219303139912746,39.62558115309995,39.029707881777234,39.37278747558594,106700,0.0,0.0
2016-02-29 00:00:00-05:00,39.46307436201257,40.04089051470864,39.40890625023227,39.42695999145508,110100,0.0,0.0
2016-03-01 00:00:00-05:00,39.85129666375912,40.60968125236955,39.38182016185209,40.17631912231445,99100,0.0,0.0
2016-03-02 00:00:00-05:00,40.013814606698624,40.38397837014826,39.74296366047685,40.0318717956543,130000,0.0,0.0
2016-03-03 00:00:00-05:00,40.02283947734718,41.28681153574723,40.02283947734718,41.259727478027344,138600,0.0,0.0
2016-03-04 00:00:00-05:00,41.30486163739575,42.153528592927046,40.7180152310455,41.95490646362305,113100,0.0,0.0
2016-03-07 00:00:00-05:00,41.77435150147979,42.189656521039076,41.0701383427439,41.666011810302734,157400,0.0,0.0
2016-03-08 00:00:00-05:00,41.29583973473327,41.36806503297037,40.6909360722246,40.79024887084961,122400,0.0,0.0
2016-03-09 00:00:00-05:00,40.853447298328064,41.29583973473327,40.39300112040558,40.79024887084961,122700,0.0,0.0
2016-03-10 00:00:00-05:00,40.97082359282502,40.97082359282502,39.688790772112746,40.19438171386719,87100,0.0,0.0
2016-03-11 00:00:00-05:00,40.51939093046175,42.07227073515598,40.43813533153752,42.0632438659668,173600,0.0,0.0
2016-03-14 00:00:00-04:00,41.837543694456784,43.04734763813122,41.62086090040123,42.261878967285156,153900,0.0,0.0
2016-03-15 00:00:00-04:00,42.09936581073673,42.74038040429935,41.9729689549983,42.3070182800293,141700,0.0,0.0
2016-03-16 00:00:00-04:00,42.15353431944028,42.58689644777841,41.88268341973596,42.00005340576172,238600,0.0,0.0
2016-03-17 00:00:00-04:00,42.02713040318933,42.86677046207705,41.909760436878294,42.69523239135742,187800,0.0,0.0
2016-03-18 00:00:00-04:00,42.92998228519254,43.79670666692693,42.77650134936847,43.49877166748047,323600,0.0,0.0
2016-03-21 00:00:00-04:00,43.49876438519011,43.75155809319403,43.236940362439775,43.282081604003906,75100,0.0,0.0
2016-03-22 00:00:00-04:00,43.00220802261966,43.399455808701966,42.89386489946024,43.128604888916016,82500,0.0,0.0
2016-03-23 00:00:00-04:00,43.06540687528341,43.06540687528341,41.95491568250391,41.97297286987305,80400,0.0,0.0
2016-03-24 00:00:00-04:00,41.81045265110381,42.577864007222814,41.52154460333743,42.55980682373047,69300,0.0,0.0
2016-03-28 00:00:00-04:00,42.668138849061414,43.17372956425107,42.3431199364984,42.803565979003906,69500,0.0,0.0
2016-03-29 00:00:00-04:00,42.794552549467014,44.93427914372354,42.40633166204605,44.853023529052734,239900,0.0,0.0
2016-03-30 00:00:00-04:00,44.75369965155288,44.75369965155288,43.47167076412141,43.724464416503906,153000,0.0,0.0
2016-03-31 00:00:00-04:00,43.60709570555432,44.14880083278708,43.60709570555432,43.65223693847656,108600,0.0,0.0
2016-04-01 00:00:00-04:00,43.32722178749692,43.81475196740871,42.61397853510634,43.80572509765625,91600,0.0,0.0
2016-04-04 00:00:00-04:00,43.75155958946495,43.75155958946495,42.496614433161604,42.54175567626953,96900,0.0,0.0
2016-04-05 00:00:00-04:00,42.33410559292043,42.68621213072082,41.8014306284373,42.099369049072266,87900,0.0,0.0
2016-04-06 00:00:00-04:00,42.22576261090843,42.613983492483314,42.00005295622796,42.550785064697266,86600,0.0,0.0
2016-04-07 00:00:00-04:00,42.27090076417929,42.514667586708185,41.48543218762335,42.02713394165039,148200,0.0,0.0
2016-04-08 00:00:00-04:00,42.70427229610979,42.95706948871892,42.28896729661436,42.71330261230469,236500,0.0,0.0
2016-04-11 00:00:00-04:00,42.794554780872225,42.9299785163475,42.09033826898709,42.49661636352539,74700,0.0,0.0
2016-04-12 00:00:00-04:00,42.58688546771415,43.137617440084256,42.33409181904137,42.7855110168457,84400,0.0,0.0
2016-04-13 00:00:00-04:00,43.074434729470646,44.48286437988281,42.97512191870322,44.48286437988281,96600,0.0,0.0
2016-04-14 00:00:00-04:00,44.473822675599436,44.473822675599436,44.049490925601,44.1488037109375,92600,0.0,0.0
2016-04-15 00:00:00-04:00,43.91406562162403,44.85301852096836,43.507787593633154,44.437713623046875,113300,0.0,0.0
2016-04-18 00:00:00-04:00,44.41965933328739,44.6092546106843,44.16686218603561,44.29326248168945,50000,0.0,0.0
2016-04-19 00:00:00-04:00,42.74038059460212,44.23909257256346,39.869353494980665,44.06755447387695,302000,0.0,0.0
2016-04-20 00:00:00-04:00,43.859895637260074,44.482852957487324,43.715438172105955,44.23908615112305,132000,0.0,0.0
2016-04-21 00:00:00-04:00,44.32937253183159,44.37451721570095,43.652243602461105,43.751556396484375,69100,0.0,0.0
2016-04-22 00:00:00-04:00,43.41749920013065,44.90718395169551,43.41749920013065,44.54604721069336,109800,0.0,0.0
2016-04-25 00:00:00-04:00,44.55507731808278,44.55507731808278,43.56195637422015,43.85086441040039,72900,0.0,0.0
2016-04-26 00:00:00-04:00,44.157830777465854,45.04261209177934,43.91406396984037,44.99747085571289,116200,0.0,0.0
2016-04-27 00:00:00-04:00,44.88010244419656,45.58431883868309,44.63633562811149,45.25929641723633,130800,0.0,0.0
2016-04-28 00:00:00-04:00,44.89816664189792,45.54821158633923,43.89601516723633,43.89601516723633,115800,0.0,0.0
2016-04-29 00:00:00-04:00,45.196092322995135,45.196092322995135,43.191789938345316,43.41749954223633,99400,0.0,0.0
2016-05-02 00:00:00-04:00,43.71545255821964,44.509951657747635,43.71545255821964,44.36549758911133,125100,0.0,0.0
2016-05-03 00:00:00-04:00,43.868932343557226,44.013386397046816,42.55981554652611,43.128604888916016,198600,0.0,0.0
2016-05-04 00:00:00-04:00,42.79455204258879,43.91407000473089,42.76746454198199,43.15568542480469,149400,0.0,0.0
2016-05-05 00:00:00-04:00,43.20081585225245,43.643208181484965,42.50563331840232,42.7855110168457,89400,0.0,0.0
2016-05-06 00:00:00-04:00,42.66814323303433,43.345272064208984,42.66814323303433,43.345272064208984,128400,0.0,0.0
2016-05-09 00:00:00-04:00,43.137619635935394,43.63418353404108,43.137619635935394,43.345272064208984,74600,0.0,0.0
2016-05-10 00:00:00-04:00,43.778644808437,44.11269412288934,43.453622364513265,44.049495697021484,116700,0.0,0.0
2016-05-11 00:00:00-04:00,44.10366360731822,44.29326232811364,43.41750779642737,43.53487777709961,56900,0.0,0.0
2016-05-12 00:00:00-04:00,43.70642243307808,44.13978460673623,43.38139994182037,43.814762115478516,127400,0.0,0.0
2016-05-13 00:00:00-04:00,43.57099392095326,44.09464201738823,42.794555535981885,43.128604888916016,83900,0.0,0.0
2016-05-16 00:00:00-04:00,43.164711889475946,43.67029926829189,43.15568157539382,43.39944839477539,215700,0.0,0.0
2016-05-17 00:00:00-04:00,43.20985743967379,43.634192698429764,42.29798849350321,42.60495376586914,159100,0.0,0.0
2016-05-18 00:00:00-04:00,42.487578069790075,43.23693218132164,42.39729215968937,42.650089263916016,151000,0.0,0.0
2016-05-19 00:00:00-04:00,42.16821878740958,42.97739705647083,42.00456436576984,42.76828384399414,126100,0.33,0.0
2016-05-20 00:00:00-04:00,43.04103813169299,44.26844277079495,43.04103813169299,43.86840057373047,213100,0.0,0.0
2016-05-23 00:00:00-04:00,43.85931143482501,43.98659743436131,43.39562275847609,43.42289733886719,62900,0.0,0.0
2016-05-24 00:00:00-04:00,43.73203013425565,44.11389167246312,43.568375684778744,43.94114685058594,326800,0.0,0.0
2016-05-25 00:00:00-04:00,44.09571378193901,44.45939115920695,43.968427740380584,44.395748138427734,147400,0.0,0.0
2016-05-26 00:00:00-04:00,44.450289663950905,44.723045915797556,44.23208604978715,44.57757568359375,65800,0.0,0.0
2016-05-27 00:00:00-04:00,44.495749986451955,45.19582658676897,44.495749986451955,45.15945816040039,147000,0.0,0.0
2016-05-31 00:00:00-04:00,45.22309994485769,46.114105488664386,45.132178888377204,45.7958869934082,165700,0.0,0.0
2016-06-01 00:00:00-04:00,45.468579913203705,45.877716012732535,45.023078857937506,45.86862564086914,94600,0.0,0.0
2016-06-02 00:00:00-04:00,45.7867942758055,46.55051376969052,45.7867942758055,46.53232955932617,100600,0.0,0.0
2016-06-03 00:00:00-04:00,46.55961343042698,46.55961343042698,45.95954824181099,46.268672943115234,102200,0.0,0.0
2016-06-06 00:00:00-04:00,46.377771033329225,47.050573023870065,46.068646356856505,46.77781677246094,118900,0.0,0.0
2016-06-07 00:00:00-04:00,46.823281142601026,47.46880515703312,46.54143101723797,47.03239440917969,99100,0.0,0.0
2016-06-08 00:00:00-04:00,46.96875161427649,47.614275631765054,46.95056739949429,47.38697814941406,96100,0.0,0.0
2016-06-09 00:00:00-04:00,47.05057884665422,47.58700104373392,46.932383184712094,47.38697814941406,84000,0.0,0.0
2016-06-10 00:00:00-04:00,47.04147503257881,47.696089236278034,46.4414099893559,46.78689956665039,77300,0.0,0.0
2016-06-13 00:00:00-04:00,46.64143660780325,47.00511391949466,45.67769762790362,45.74134063720703,114400,0.0,0.0
2016-06-14 00:00:00-04:00,45.76861913359811,48.82349771440265,45.76861913359811,48.31435012817383,357200,0.0,0.0
2016-06-15 00:00:00-04:00,48.65982783507135,48.73256119960432,48.232507612984726,48.30524444580078,107400,0.0,0.0
2016-06-16 00:00:00-04:00,47.832479409405785,48.66893242142322,47.14149316894572,48.59619903564453,98100,0.0,0.0
2016-06-17 00:00:00-04:00,48.71438850116989,48.914407887865906,48.17796640959285,48.66892623901367,229700,0.0,0.0
2016-06-20 00:00:00-04:00,49.40536965659741,49.632667087209605,48.43253693103991,48.76893615722656,99500,0.0,0.0
2016-06-21 00:00:00-04:00,48.623470755817834,48.978054227763856,48.287071496315704,48.64165496826172,75800,0.0,0.0
2016-06-22 00:00:00-04:00,48.859852543555235,49.07805611386227,48.368889307939575,48.3870735168457,90000,0.0,0.0
2016-06-23 00:00:00-04:00,49.03260942866715,49.732686037081294,48.868954976399735,49.09625244140625,157400,0.0,0.0
2016-06-24 00:00:00-04:00,46.996019777704866,47.196042644680546,46.077739600585716,46.24139404296875,412300,0.0,0.0
2016-06-27 00:00:00-04:00,45.52312705910744,45.659506898597456,44.47755753843967,44.61393737792969,167500,0.0,0.0
2016-06-28 00:00:00-04:00,45.0503609073813,45.77771216691979,45.03217669235729,45.3594856262207,119600,0.0,0.0
2016-06-29 00:00:00-04:00,46.07773938012771,46.932376544262674,45.73224628471832,45.89590072631836,106100,0.0,0.0
2016-06-30 00:00:00-04:00,45.88679916487051,47.77791168580245,45.695866717373406,47.759727478027344,140700,0.0,0.0
2016-07-01 00:00:00-04:00,47.59608007935513,48.49617942110192,47.59608007935513,47.896114349365234,82400,0.0,0.0
2016-07-05 00:00:00-04:00,47.477882034186365,47.8324654233532,46.8323547821235,47.12329864501953,81600,0.0,0.0
2016-07-06 00:00:00-04:00,46.768722253119805,47.33242242857064,46.5959774390013,47.08694076538086,92600,0.0,0.0
2016-07-07 00:00:00-04:00,47.059660461805855,47.64154482169091,46.70507701025401,46.99601745605469,67800,0.0,0.0
2016-07-08 00:00:00-04:00,47.63245123549609,48.377986565365816,47.58699244090086,48.19614791870117,100500,0.0,0.0
2016-07-11 00:00:00-04:00,48.59619671477531,49.22353644382774,48.34162120599775,49.16898727416992,104200,0.0,0.0
2016-07-12 00:00:00-04:00,49.45082738063182,50.7873373536057,49.287172956664264,50.75096893310547,205700,0.0,0.0
2016-07-13 00:00:00-04:00,51.13283802836044,51.13283802836044,50.47822023498063,50.92372131347656,143100,0.0,0.0
2016-07-14 00:00:00-04:00,50.92370998416412,51.66015483787497,50.86916082570768,51.59651184082031,221300,0.0,0.0
2016-07-15 00:00:00-04:00,51.87837391594785,52.232957401335625,51.31467371367002,52.12385559082031,153500,0.0,0.0
2016-07-18 00:00:00-04:00,52.132937343269234,52.46933655990151,51.814722336763495,52.43296813964844,91300,0.0,0.0
2016-07-19 00:00:00-04:00,52.18749787531436,52.54208135576035,51.56924851053734,51.93292236328125,165500,0.0,0.0
2016-07-20 00:00:00-04:00,52.10566800563937,52.71482349890238,51.069188733826174,52.32387161254883,101600,0.0,0.0
2016-07-21 00:00:00-04:00,52.91485105691928,53.178516951255,51.07828710578034,51.851097106933594,166200,0.0,0.0
2016-07-22 00:00:00-04:00,51.12374846656184,51.214669538965374,49.74177938058667,50.94190979003906,198300,0.0,0.0
2016-07-25 00:00:00-04:00,50.74188304810991,51.051007713124,50.25091973280217,50.44184875488281,88400,0.0,0.0
2016-07-26 00:00:00-04:00,50.51458802172353,50.82371270154323,50.34183973494303,50.37820816040039,121500,0.0,0.0
2016-07-27 00:00:00-04:00,50.34184462610688,50.496408715175995,50.105456774234696,50.26001739501953,109500,0.0,0.0
2016-07-28 00:00:00-04:00,50.432771672342476,50.432771672342476,49.69632650532447,50.01454162597656,170000,0.0,0.0
2016-07-29 00:00:00-04:00,50.069081750609996,50.987365386118476,49.73268249746241,50.80552673339844,174500,0.0,0.0
2016-08-01 00:00:00-04:00,50.705516300821635,50.98736639150953,50.187278384735166,50.860076904296875,104900,0.0,0.0
2016-08-02 00:00:00-04:00,50.65095784832637,50.9418982776996,50.03270856883738,50.08726119995117,77700,0.0,0.0
2016-08-03 00:00:00-04:00,49.8872406503508,50.20545914406957,49.69631163508973,50.18727493286133,77900,0.0,0.0
2016-08-04 00:00:00-04:00,50.18727639320489,50.44184842096049,49.97816316065082,50.07817459106445,82400,0.0,0.0
2016-08-05 00:00:00-04:00,50.50549797918036,51.36922907318275,50.50549797918036,51.06010437011719,252000,0.0,0.0
2016-08-08 00:00:00-04:00,50.950994092794055,51.2328406937693,50.705512445688,50.850982666015625,63300,0.0,0.0
2016-08-09 00:00:00-04:00,50.741895990805254,51.041926892277225,50.39640281395101,51.02374267578125,76200,0.0,0.0
2016-08-10 00:00:00-04:00,51.11464537419185,51.123735745028036,50.35092589746609,50.369110107421875,92300,0.0,0.0
2016-08-11 00:00:00-04:00,50.49639570858631,50.95099054902742,50.12362807815594,50.360015869140625,136200,0.0,0.0
2016-08-12 00:00:00-04:00,50.32365864478528,50.60550875714266,49.850882957639726,50.00544357299805,99300,0.0,0.0
2016-08-15 00:00:00-04:00,50.19636666088001,51.351038091681026,50.005437640459085,51.096466064453125,92400,0.0,0.0
2016-08-16 00:00:00-04:00,50.913544793578936,51.0324385500438,50.39224596208467,50.428829193115234,63200,0.33,0.0
2016-08-17 00:00:00-04:00,50.43798708007485,50.80380899903113,50.09959735685898,50.547733306884766,82700,0.0,0.0
2016-08-18 00:00:00-04:00,50.4196994982043,51.64521017681926,50.41055194345535,51.63606262207031,154100,0.0,0.0
2016-08-19 00:00:00-04:00,51.40741135474394,52.23051666366281,50.95013140284883,52.02016830444336,106700,0.0,0.0
2016-08-22 00:00:00-04:00,51.71837309282276,52.093342595254924,51.306820348989916,52.03847122192383,64500,0.0,0.0
2016-08-23 00:00:00-04:00,52.42258230399031,52.77926016880539,52.31283607376331,52.660369873046875,83900,0.0,0.0
2016-08-24 00:00:00-04:00,52.742666560344055,52.90728761770623,52.30367823696795,52.541465759277344,53800,0.0,0.0
2016-08-25 00:00:00-04:00,52.34027323886843,52.99875761638634,52.27625431202861,52.88901138305664,71300,0.0,0.0
2016-08-26 00:00:00-04:00,52.870710752518306,53.611502062210995,52.440866469473434,52.64207077026367,62700,0.0,0.0
2016-08-29 00:00:00-04:00,52.69694686059545,53.43774172551355,52.69694686059545,53.282264709472656,59200,0.0,0.0
2016-08-30 00:00:00-04:00,53.41030589580342,53.48346888232858,52.8524237323746,53.30055618286133,65800,0.0,0.0
2016-08-31 00:00:00-04:00,53.209098148057755,53.59321165228934,52.63292440294104,53.27311706542969,92800,0.0,0.0
2016-09-01 00:00:00-04:00,53.218252882064135,53.318855054894975,52.46831385212333,52.605499267578125,99300,0.0,0.0
2016-09-02 00:00:00-04:00,53.044485879156454,53.37372807385096,52.71524368446195,53.16337966918945,117300,0.0,0.0
2016-09-06 00:00:00-04:00,53.09935873162816,53.501763905042296,52.12077973930418,52.230525970458984,89700,0.0,0.0
2016-09-07 00:00:00-04:00,52.093335688066674,52.943876749622504,51.08732110432747,52.72438430786133,100800,0.0,0.0
2016-09-08 00:00:00-04:00,52.568895399348534,52.861554247974254,52.248800873904365,52.37683868408203,59600,0.0,0.0
2016-09-09 00:00:00-04:00,51.8646976395169,51.94700818045922,50.21849030944012,50.25507354736328,105200,0.0,0.0
2016-09-12 00:00:00-04:00,49.761202014684315,51.18791665716214,49.41366828983029,51.07816696166992,103700,0.0,0.0
2016-09-13 00:00:00-04:00,50.483707293637146,50.65747241907912,49.249049332541546,49.33135986328125,111600,0.0,0.0
2016-09-14 00:00:00-04:00,49.06614699644643,50.0904532530122,48.800923750487996,49.047855377197266,81100,0.0,0.0
2016-09-15 00:00:00-04:00,49.15760148967818,50.30994558954036,48.56313607615561,50.19105529785156,72400,0.0,0.0
2016-09-16 00:00:00-04:00,50.9318417069996,50.9318417069996,49.37709260293466,49.907535552978516,269300,0.0,0.0
2016-09-19 00:00:00-04:00,50.300792473496216,51.18791665716214,50.209337882688374,51.07816696166992,97300,0.0,0.0
2016-09-20 00:00:00-04:00,51.572034753415146,51.572034753415146,49.861808632687186,49.88010025024414,105300,0.0,0.0
2016-09-21 00:00:00-04:00,50.255067138893544,50.95013112695188,49.852658550592636,50.886112213134766,52200,0.0,0.0
2016-09-22 00:00:00-04:00,51.919575925893604,52.66951490900688,51.19707262865013,52.55976867675781,120200,0.0,0.0
2016-09-23 00:00:00-04:00,52.43172968341111,52.43172968341111,51.1239085242714,51.14219665527344,66600,0.0,0.0
2016-09-26 00:00:00-04:00,50.95928428082707,51.36168942458908,50.64833374149339,50.70320510864258,93600,0.0,0.0
2016-09-27 00:00:00-04:00,50.82210159746702,51.90128273340414,50.66662806388831,51.57204055786133,86500,0.0,0.0
2016-09-28 00:00:00-04:00,51.709226866426654,52.30368881488621,51.3708371307633,52.248817443847656,72500,0.0,0.0
2016-09-29 00:00:00-04:00,52.24881378553253,52.24881378553253,51.22450407344836,51.45314407348633,76100,0.0,0.0
2016-09-30 00:00:00-04:00,51.645203420893466,53.29141069459481,51.32510533318216,53.08106231689453,115200,0.0,0.0
2016-10-03 00:00:00-04:00,52.7152369537294,52.834130728581925,52.18479397682567,52.678653717041016,78700,0.0,0.0
2016-10-04 00:00:00-04:00,52.86157558380731,53.19081779359118,52.33113251486557,52.53233337402344,107500,0.0,0.0
2016-10-05 00:00:00-04:00,52.96216246641664,53.22738566869671,52.25795094076047,52.541465759277344,83500,0.0,0.0
2016-10-06 00:00:00-04:00,52.239666943504744,53.30055641858312,51.864697477884874,53.291412353515625,59100,0.0,0.0
2016-10-07 00:00:00-04:00,53.1816667760937,53.1816667760937,52.084194049849614,52.477455139160156,80900,0.0,0.0
2016-10-10 00:00:00-04:00,52.81584627083007,53.66638745091646,52.81584627083007,53.48347473144531,60100,0.0,0.0
2016-10-11 00:00:00-04:00,53.373719582420286,53.49261335353801,51.361686981765835,51.72751235961914,69800,0.0,0.0
2016-10-12 00:00:00-04:00,51.910428526574314,52.568912899576425,51.58118982884309,52.166507720947266,51100,0.0,0.0
2016-10-13 00:00:00-04:00,51.49887466430664,51.947007108928005,51.27023466515752,51.49887466430664,58100,0.0,0.0
2016-10-14 00:00:00-04:00,51.75495093144816,52.34941633145736,51.21536038781151,51.42570877075195,58800,0.0,0.0
2016-10-17 00:00:00-04:00,51.08733869135759,51.773258913338715,51.08733869135759,51.32512283325195,70000,0.0,0.0
2016-10-18 00:00:00-04:00,51.992735561439886,52.41343582064789,51.11475878258505,52.129920959472656,51300,0.0,0.0
2016-10-19 00:00:00-04:00,52.34941803606065,53.22739483399286,51.800679920775764,53.13593673706055,81900,0.0,0.0
2016-10-20 00:00:00-04:00,52.8798617125372,53.4194522805741,52.45916492763242,52.69694900512695,72700,0.0,0.0
2016-10-21 00:00:00-04:00,52.0110252931895,52.75182013590115,51.90127907200723,52.706092834472656,52700,0.0,0.0
2016-10-24 00:00:00-04:00,53.52920304532571,53.91332011231248,52.77011995509114,53.007904052734375,55200,0.0,0.0
2016-10-25 00:00:00-04:00,53.02618695403054,53.04447857219053,51.489725916286226,51.608619689941406,80200,0.0,0.0
2016-10-26 00:00:00-04:00,51.29766206534233,51.645195784786345,50.64832540991534,50.794654846191406,72300,0.0,0.0
2016-10-27 00:00:00-04:00,51.14219234479458,51.43485474770656,50.30079883882717,50.44712829589844,153300,0.0,0.0
2016-10-28 00:00:00-04:00,53.044485929325155,53.35543650363407,50.392260237350925,50.52944564819336,208700,0.0,0.0
2016-10-31 00:00:00-04:00,51.48058726228232,53.922460978589314,51.48058726228232,53.318851470947266,261100,0.0,0.0
2016-11-01 00:00:00-04:00,53.30970375353799,53.30970375353799,51.7366594218989,51.8098258972168,123100,0.0,0.0
2016-11-02 00:00:00-04:00,51.74544280366252,52.41686740514942,50.972848044551625,51.72705078125,98500,0.32,0.0
2016-11-03 00:00:00-04:00,51.92019725646321,52.11334506411843,51.37754138596378,51.46031951904297,81500,0.0,0.0
2016-11-04 00:00:00-04:00,51.58908203516424,52.012168689476994,50.834882865793325,51.5982780456543,123400,0.0,0.0
2016-11-07 00:00:00-05:00,52.959530836532004,53.989656159279804,52.01218015220255,52.527244567871094,173900,0.0,0.0
2016-11-08 00:00:00-05:00,52.34328593454652,52.64680693697374,52.07655599458118,52.223716735839844,101300,0.0,0.0
2016-11-09 00:00:00-05:00,51.85366442922948,54.296013123387645,51.24307725568995,54.1202392578125,285600,0.33,0.0
2016-11-10 00:00:00-05:00,54.120239706600415,55.748471006507955,53.861203791162765,55.045372009277344,389000,0.0,0.0
2016-11-11 00:00:00-05:00,55.0453690091565,57.62648883993108,55.0453690091565,57.459964752197266,254600,0.0,0.0
2016-11-14 00:00:00-05:00,57.950277205862506,59.04193342320339,57.210172193029464,57.9317741394043,131800,0.0,0.0
2016-11-15 00:00:00-05:00,57.820763712745034,58.44985390426765,56.877128425461116,57.22867965698242,134800,0.0,0.0
2016-11-16 00:00:00-05:00,57.12692339942614,58.43135988973082,57.12692339942614,58.375850677490234,188400,0.0,0.0
2016-11-17 00:00:00-05:00,58.19082415537701,58.995688283080455,58.005796986142954,58.949432373046875,140800,0.0,0.0
2016-11-18 00:00:00-05:00,59.078957362743914,59.134463049749094,58.33885212684032,58.58863830566406,123100,0.0,0.0
2016-11-21 00:00:00-05:00,58.74589740085795,59.93006554198862,58.22782207456356,58.33884048461914,166300,0.0,0.0
2016-11-22 00:00:00-05:00,58.77364951675312,58.77364951675312,58.21857158969244,58.44060134887695,167300,0.0,0.0
2016-11-23 00:00:00-05:00,58.283333736273136,58.89392090091773,58.190821919760154,58.6811408996582,100100,0.0,0.0
2016-11-25 00:00:00-05:00,58.96792184829547,58.96792184829547,58.20931027641774,58.5423583984375,54000,0.0,0.0
2016-11-28 00:00:00-05:00,58.32033983613164,58.514616768140776,57.24718653142932,58.079803466796875,130700,0.0,0.0
2016-11-29 00:00:00-05:00,58.08904933021955,58.496106211242896,57.65423608453388,57.69124221801758,137400,0.0,0.0
2016-11-30 00:00:00-05:00,58.190825064064036,58.59788201945563,57.44146660505928,57.5062255859375,114800,0.0,0.0
2016-12-01 00:00:00-05:00,57.681996545037904,57.96878882379877,57.12691858580354,57.904029846191406,178500,0.0,0.0
2016-12-02 00:00:00-05:00,57.58948539642699,58.56087360090824,57.58948539642699,58.05205154418945,86900,0.0,0.0
2016-12-05 00:00:00-05:00,58.653382480605565,59.291718894557185,58.02429230668619,58.912418365478516,101500,0.0,0.0
2016-12-06 00:00:00-05:00,59.208475790136596,59.939331260155136,58.07056331953693,59.62478256225586,200900,0.0,0.0
2016-12-07 00:00:00-05:00,59.53226011584863,60.688675452435426,58.847664212884986,60.51290512084961,147100,0.0,0.0
2016-12-08 00:00:00-05:00,60.94771286328875,62.8349835861781,60.47590047621585,62.797977447509766,211100,0.0,0.0
2016-12-09 00:00:00-05:00,63.121770760676576,63.427059011075414,62.483427307827746,63.31604766845703,148900,0.0,0.0
2016-12-12 00:00:00-05:00,63.19579023090957,63.72311540194176,62.35392344054585,62.99225997924805,137700,0.0,0.0
2016-12-13 00:00:00-05:00,63.21427643635082,63.67684247427255,62.1318736015814,63.047752380371094,120600,0.0,0.0
2016-12-14 00:00:00-05:00,62.705460696797374,63.11252113192565,62.36316629289286,62.538936614990234,117100,0.0,0.0
2016-12-15 00:00:00-05:00,62.79796343051568,64.3706922109778,62.03010916368643,63.97288513183594,161000,0.0,0.0
2016-12-16 00:00:00-05:00,64.09315436239302,64.59272657146572,63.3808057109475,63.59358215332031,681000,0.0,0.0
2016-12-19 00:00:00-05:00,63.64909673096112,63.96363828384874,62.07636779192786,63.28829574584961,146000,0.0,0.0
2016-12-20 00:00:00-05:00,63.76935264468009,64.74074412283314,63.380798876697845,64.4447021484375,137000,0.0,0.0
2016-12-21 00:00:00-05:00,64.23192707583225,65.94342018483182,64.12090867408263,65.65663146972656,207200,0.0,0.0
2016-12-22 00:00:00-05:00,65.45312755763675,65.53638609874876,64.17644718651088,64.98130798339844,143200,0.0,0.0
2016-12-23 00:00:00-05:00,65.21258338713612,65.68440290542895,64.7685237707902,65.4068603515625,101100,0.0,0.0
2016-12-27 00:00:00-05:00,65.28658274586398,65.92492625841216,64.81476332101539,64.99979400634766,108200,0.0,0.0
2016-12-28 00:00:00-05:00,65.26810602511887,65.39762402103338,63.713883015943345,63.89890670776367,80500,0.0,0.0
2016-12-29 00:00:00-05:00,64.07466328156866,64.31519259093545,63.27904896117299,64.30594635009766,117400,0.0,0.0
2016-12-30 00:00:00-05:00,64.64823036014876,64.68523649213601,63.78785720148966,64.13941192626953,114100,0.0,0.0
2017-01-03 00:00:00-05:00,64.73150245372494,65.22182140018761,63.519581506189006,64.13016510009766,138300,0.0,0.0
2017-01-04 00:00:00-05:00,64.296664532779,65.51783831064208,64.296664532779,64.67597198486328,211100,0.0,0.0
2017-01-05 00:00:00-05:00,64.57424100174092,64.70375896638271,63.48258454390313,63.61210250854492,109500,0.0,0.0
2017-01-06 00:00:00-05:00,63.85262299697635,63.85262299697635,63.15877382895349,63.17728042602539,67300,0.0,0.0
2017-01-09 00:00:00-05:00,63.01075879647726,63.602842878251614,62.59445210273558,62.88124084472656,176400,0.0,0.0
2017-01-10 00:00:00-05:00,63.195783386239015,65.25883146312526,62.83498236398971,64.30594635009766,186200,0.0,0.0
2017-01-11 00:00:00-05:00,64.13942216802302,64.50947648878763,63.362307388597415,64.37995147705078,115700,0.0,0.0
2017-01-12 00:00:00-05:00,64.01914303236774,64.1301614331844,62.34465607135648,63.31604766845703,70600,0.0,0.0
2017-01-13 00:00:00-05:00,63.76011463810569,64.83327146401581,63.76011463810569,64.30594635009766,92900,0.0,0.0
2017-01-17 00:00:00-05:00,63.93590270805013,64.28745048998168,62.927504690567055,63.057029724121094,70700,0.0,0.0
2017-01-18 00:00:00-05:00,63.343814448832056,63.37156729059626,62.751730297196346,63.02001953125,118400,0.0,0.0
2017-01-19 00:00:00-05:00,63.32529553972192,63.56583188525606,61.669315131947926,62.05786895751953,124900,0.0,0.0
2017-01-20 00:00:00-05:00,62.10413478395323,62.631459963791116,62.094888541959584,62.28916549682617,138700,0.0,0.0
2017-01-23 00:00:00-05:00,62.13187625116211,62.49267721147142,61.493532832985075,61.798828125,99200,0.0,0.0
2017-01-24 00:00:00-05:00,62.270655932093526,63.31606000001001,61.94686102272988,63.11252975463867,275600,0.0,0.0
2017-01-25 00:00:00-05:00,63.98214828314948,66.35973782703176,63.98214828314948,66.25797271728516,667900,0.0,0.0
2017-01-26 00:00:00-05:00,66.22096484605848,68.00647028183062,66.07294030550602,67.59015655517578,368500,0.0,0.0
2017-01-27 00:00:00-05:00,67.88619105684937,68.93159484863281,67.25710094559662,68.93159484863281,288800,0.0,0.0
2017-01-30 00:00:00-05:00,68.41352324523088,68.4690359767073,66.60951828171387,67.442138671875,301900,0.0,0.0
2017-01-31 00:00:00-05:00,66.99806984740646,67.74743170233221,65.73064329572651,66.0081787109375,1595700,0.0,0.0
2017-02-01 00:00:00-05:00,66.68354718321213,67.98798023797342,65.15707726356356,65.68440246582031,199100,0.0,0.0
2017-02-02 00:00:00-05:00,65.9064291073725,66.13771220353922,65.11081469190299,65.44386291503906,194200,0.0,0.0
2017-02-03 00:00:00-05:00,66.10995193579048,66.71128932992126,65.66589239361946,66.08219909667969,201300,0.0,0.0
2017-02-06 00:00:00-05:00,65.96192052754522,66.08218515772384,63.85261344345963,63.97288513183594,177300,0.0,0.0
2017-02-07 00:00:00-05:00,64.09317276089932,64.57424557063506,63.436329591398795,63.54734802246094,161600,0.0,0.0
2017-02-08 00:00:00-05:00,63.55659523058304,63.55659523058304,62.27066171525552,62.74248123168945,190800,0.0,0.0
2017-02-09 00:00:00-05:00,62.77020445480631,64.4724509960232,62.77020445480631,63.528812408447266,205900,0.0,0.0
2017-02-10 00:00:00-05:00,63.88208059732988,64.42125002485999,63.55672218150363,64.08659362792969,180900,0.33,0.0
2017-02-13 00:00:00-05:00,64.16094828914409,64.81167213284664,63.53811838531447,63.98432922363281,198100,0.0,0.0
2017-02-14 00:00:00-05:00,63.58460286315851,64.09587829776933,63.08261831646873,64.05870056152344,188900,0.0,0.0
2017-02-15 00:00:00-05:00,63.965741150421685,64.46772574581713,63.36150713200788,64.08659362792969,110100,0.0,0.0
2017-02-16 00:00:00-05:00,64.3003878910639,64.47701404410833,63.46374702438039,64.44912719726562,135300,0.0,0.0
2017-02-17 00:00:00-05:00,64.26322121367973,65.06267747959458,63.956458719493895,64.96971893310547,125600,0.0,0.0
2017-02-21 00:00:00-05:00,65.09054450496859,65.75985718344113,64.63504280133935,65.01618194580078,183300,0.0,0.0
2017-02-22 00:00:00-05:00,64.75589413964721,65.17421101032785,64.2446116601218,64.87673950195312,82900,0.0,0.0
2017-02-23 00:00:00-05:00,64.94183935930351,65.02549993283853,63.55673771216313,64.4956283569336,174200,0.0,0.0
2017-02-24 00:00:00-05:00,62.180903703686006,67.36807009162439,61.967099811970336,65.70408630371094,352400,0.0,0.0
2017-02-27 00:00:00-05:00,65.72268323060247,67.87935383342656,65.41592077912,67.83287811279297,218900,0.0,0.0
2017-02-28 00:00:00-05:00,67.23794389235107,67.87936282338362,66.49426134090523,67.16357421875,186700,0.0,0.0
2017-03-01 00:00:00-05:00,68.32555671515516,69.18078647121109,68.0280851872974,68.26978302001953,296200,0.0,0.0
2017-03-02 00:00:00-05:00,68.23261302686197,69.38531456138294,67.61907387785878,68.70671081542969,211500,0.0,0.0
2017-03-03 00:00:00-05:00,68.32556076522998,68.65091915994152,67.28440680987195,67.74920654296875,171700,0.0,0.0
2017-03-06 00:00:00-05:00,67.40527309645388,67.90725776217035,67.12639036251723,67.57260131835938,174100,0.0,0.0
2017-03-07 00:00:00-05:00,67.498210829839,67.498210829839,65.65760095645139,65.86211395263672,238600,0.0,0.0
2017-03-08 00:00:00-05:00,65.6947883703232,66.05733157155916,64.85814748582456,65.1649169921875,214000,0.0,0.0
2017-03-09 00:00:00-05:00,65.20210215856964,65.93648654476597,64.08658570162473,64.25391387939453,133800,0.0,0.0
2017-03-10 00:00:00-05:00,65.07197718546662,65.07197718546662,63.566023160238345,64.1330795288086,218300,0.0,0.0
2017-03-13 00:00:00-04:00,64.13306061907953,64.4398301232217,63.519528703075785,63.67755889892578,193300,0.0,0.0
2017-03-14 00:00:00-04:00,63.166289475698626,63.87278715186262,62.589942267388736,63.482357025146484,206500,0.0,0.0
2017-03-15 00:00:00-04:00,63.724060912701376,65.51818857912458,63.724060912701376,65.24860382080078,221100,0.0,0.0
2017-03-16 00:00:00-04:00,65.30436000653576,65.8528202663528,65.12773384517327,65.23928833007812,155900,0.0,0.0
2017-03-17 00:00:00-04:00,65.30436048312072,66.48494864811946,64.58857203686304,66.1874771118164,471900,0.0,0.0
2017-03-20 00:00:00-04:00,66.18748378313852,66.19678176428917,65.0440803314642,65.30436706542969,97600,0.0,0.0
2017-03-21 00:00:00-04:00,65.89931292341939,65.89931292341939,63.445170626988755,63.49165344238281,209900,0.0,0.0
2017-03-22 00:00:00-04:00,63.47304646326914,64.31898532910765,63.212759763712874,63.61248779296875,94900,0.0,0.0
2017-03-23 00:00:00-04:00,63.86350024074146,64.9790242005246,63.75195280936144,64.4956283569336,104600,0.0,0.0
2017-03-24 00:00:00-04:00,64.70014684148641,65.13705989697272,63.612516740988944,63.90998840332031,74400,0.0,0.0
2017-03-27 00:00:00-04:00,62.93388573566082,64.02152258266207,62.329651711226546,63.75193786621094,82800,0.0,0.0
2017-03-28 00:00:00-04:00,63.53811334784758,64.40264101606932,63.03612885414333,64.30038452148438,168700,0.0,0.0
2017-03-29 00:00:00-04:00,64.15165824918647,64.3933489930337,63.57530405296763,64.22602081298828,132800,0.0,0.0
2017-03-30 00:00:00-04:00,64.2725111362426,64.89534112112754,63.844896202189574,64.76519775390625,165400,0.0,0.0
2017-03-31 00:00:00-04:00,64.84887383273748,66.4477863719847,64.84887383273748,65.7134017944336,200100,0.0,0.0
2017-04-03 00:00:00-04:00,65.98296932703703,66.90327075827888,64.24461587488628,64.52349853515625,162800,0.0,0.0
2017-04-04 00:00:00-04:00,64.45844156108814,64.70943745864858,63.34292472741496,63.742652893066406,132100,0.0,0.0
2017-04-05 00:00:00-04:00,64.17024203066784,64.7651850476093,62.989653976128444,63.054725646972656,119400,0.0,0.0
2017-04-06 00:00:00-04:00,63.11052130577922,64.15167549396845,62.78516283830842,64.1330795288086,120900,0.0,0.0
2017-04-07 00:00:00-04:00,63.95644684976808,64.6815333070093,63.24994926146176,63.38009262084961,170800,0.0,0.0
2017-04-10 00:00:00-04:00,63.538144070569295,64.75592461520395,63.22208354704873,63.65899658203125,141300,0.0,0.0
2017-04-11 00:00:00-04:00,63.40796500853814,64.6815185546875,63.38007816535553,64.6815185546875,118600,0.0,0.0
2017-04-12 00:00:00-04:00,64.43983359543665,64.43983359543665,63.194173736632386,63.287132263183594,97900,0.0,0.0
2017-04-13 00:00:00-04:00,63.24995103897573,63.24995103897573,62.078653679286916,62.08795166015625,115400,0.0,0.0
2017-04-17 00:00:00-04:00,62.162329826100446,63.026857765897276,62.07866217139374,62.97107696533203,107200,0.0,0.0
2017-04-18 00:00:00-04:00,62.46909401808607,63.835606646554375,62.301765796390306,63.68687438964844,142200,0.0,0.0
2017-04-19 00:00:00-04:00,63.99362173773615,63.99362173773615,63.06402230220403,63.43586349487305,153100,0.0,0.0
2017-04-20 00:00:00-04:00,63.863486786242866,64.67224095477938,63.138400265897886,64.56998443603516,148700,0.0,0.0
2017-04-21 00:00:00-04:00,64.63507618254529,64.88607211274113,63.54744606445393,64.62577819824219,177400,0.0,0.0
2017-04-24 00:00:00-04:00,65.6111425629185,67.45174582989625,64.74661463682828,67.25653076171875,262900,0.0,0.0
2017-04-25 00:00:00-04:00,68.05598533123337,69.29235449168551,67.67485318620889,68.09317016601562,398400,0.0,0.0
2017-04-26 00:00:00-04:00,69.79432473815595,75.63220784241788,69.79432473815595,75.18599700927734,845700,0.0,0.0
2017-04-27 00:00:00-04:00,75.06516072301206,76.3387146098622,74.23781772329265,74.88853454589844,339100,0.0,0.0
2017-04-28 00:00:00-04:00,75.18600131292682,75.18600131292682,72.29494644258044,72.36931610107422,1348700,0.0,0.0
2017-05-01 00:00:00-04:00,72.95498240974115,73.00145813607989,71.76508892049492,72.76905822753906,296100,0.0,0.0
2017-05-02 00:00:00-04:00,73.02932847611889,73.5220150360484,72.13691388019892,73.4383544921875,272800,0.0,0.0
2017-05-03 00:00:00-04:00,73.15021275560548,73.52204701308389,72.3321603676717,73.4104995727539,147500,0.0,0.0
2017-05-04 00:00:00-04:00,73.43834601758839,73.5870853125513,72.20197722425901,73.40116119384766,216000,0.0,0.0
2017-05-05 00:00:00-04:00,73.61499107002628,73.968236347897,72.917791403397,73.65217590332031,361500,0.0,0.0
2017-05-08 00:00:00-04:00,73.41048331775328,73.97753965481577,72.63891392899188,73.00145721435547,103700,0.0,0.0
2017-05-09 00:00:00-04:00,72.72256843277916,73.08511165258508,72.09044052014404,72.36931610107422,130200,0.0,0.0
2017-05-10 00:00:00-04:00,71.91380537341132,72.91777436085471,71.03068883899803,72.3971939086914,276700,0.0,0.0
2017-05-11 00:00:00-04:00,72.21127298657656,73.53130227359134,71.35604334363288,73.39186096191406,171400,0.0,0.0
2017-05-12 00:00:00-04:00,73.15947133365525,73.15947133365525,72.26705674376649,72.49016571044922,121300,0.0,0.0
2017-05-15 00:00:00-04:00,72.88990879843102,73.58710850568266,72.50876955417134,72.5924301147461,86800,0.0,0.0
2017-05-16 00:00:00-04:00,72.67607625595086,73.42904944737711,71.98817473424936,73.37327575683594,185800,0.0,0.0
2017-05-17 00:00:00-04:00,73.37329512237659,73.37329512237659,71.33746977294366,71.73719787597656,167400,0.0,0.0
2017-05-18 00:00:00-04:00,71.73718119725706,72.52733923797547,71.39323397173462,72.03465270996094,134900,0.0,0.0
2017-05-19 00:00:00-04:00,72.38952877984505,73.37003999534632,72.14674136175653,72.26813507080078,137800,0.35,0.0
2017-05-22 00:00:00-04:00,73.13657419141246,74.54664037751984,72.42687101420823,74.42523956298828,152900,0.0,0.0
2017-05-23 00:00:00-04:00,74.6867255068304,75.71392331436203,73.93032850013854,75.293701171875,210300,0.0,0.0
2017-05-24 00:00:00-04:00,75.54582800303251,75.99405635891526,74.47193658351898,74.70539093017578,133300,0.0,0.0
2017-05-25 00:00:00-04:00,75.17229350546346,75.65787537222673,73.84627463424385,74.07038879394531,213200,0.0,0.0
2017-05-26 00:00:00-04:00,74.07037705866011,74.21045105795376,73.56611493587872,74.12640380859375,128400,0.0,0.0
2017-05-30 00:00:00-04:00,73.8929620890119,74.78942586275936,73.49142035576934,74.54663848876953,88100,0.0,0.0
2017-05-31 00:00:00-04:00,75.01354590142236,75.92868287161137,73.8089207217379,75.73258209228516,158400,0.0,0.0
2017-06-01 00:00:00-04:00,76.29286807288938,77.8616813707208,75.46177127294193,77.85234832763672,162900,0.0,0.0
2017-06-02 00:00:00-04:00,77.78699497068938,79.24374788544283,76.22751444395077,77.74964141845703,145100,0.0,0.0
2017-06-05 00:00:00-04:00,77.67493333351082,78.5340436506255,76.61972221299789,76.64773559570312,108100,0.0,0.0
2017-06-06 00:00:00-04:00,75.8166187459903,77.72160663862681,74.98552202989109,77.0772705078125,110300,0.0,0.0
2017-06-07 00:00:00-04:00,77.21735546312685,77.50683654872238,76.08743737560485,76.47029876708984,134400,0.0,0.0
2017-06-08 00:00:00-04:00,76.31157518979117,77.95509615585692,75.57385843300293,77.53487396240234,161500,0.0,0.0
2017-06-09 00:00:00-04:00,77.58154049453259,78.49667742935294,77.20801216167392,77.81499481201172,223200,0.0,0.0
2017-06-12 00:00:00-04:00,77.92706621443595,78.74883016026915,76.16215173907982,77.50685119628906,152800,0.0,0.0
2017-06-13 00:00:00-04:00,77.81499460339175,77.92704811582668,76.89051037904147,77.11463165283203,131100,0.0,0.0
2017-06-14 00:00:00-04:00,77.30138047071739,77.67490874562438,76.33954997184192,77.20800018310547,129400,0.0,0.0
2017-06-15 00:00:00-04:00,75.95668501308381,76.55433455500989,75.38706309519884,75.75125122070312,162900,0.0,0.0
2017-06-16 00:00:00-04:00,75.45244916251096,77.83367927022833,75.45244916251096,77.75897216796875,337800,0.0,0.0
2017-06-19 00:00:00-04:00,78.00177332305024,78.47802223488885,77.13332277767961,77.50685119628906,159200,0.0,0.0
2017-06-20 00:00:00-04:00,77.17065051989742,77.32939772925842,76.13411288907741,76.37690734863281,117900,0.0,0.0
2017-06-21 00:00:00-04:00,76.3582491309295,77.00258544601867,75.62053962095355,75.86332702636719,104900,0.0,0.0
2017-06-22 00:00:00-04:00,75.39640289190488,76.48897449075899,74.81744075562449,75.20030212402344,241600,0.0,0.0
2017-06-23 00:00:00-04:00,75.31236697402102,75.69522836384759,74.11708196510787,75.03221893310547,620600,0.0,0.0
2017-06-26 00:00:00-04:00,75.08825932227451,75.40575381332607,73.08988356454394,74.0423812866211,379500,0.0,0.0
2017-06-27 00:00:00-04:00,74.05172057349016,75.39641274679019,73.45407802436544,74.45326232910156,176900,0.0,0.0
2017-06-28 00:00:00-04:00,75.64853900152923,78.0484490993081,75.64853900152923,77.85234832763672,200800,0.0,0.0
2017-06-29 00:00:00-04:00,77.92704872700264,77.92704872700264,75.21898432983423,76.04074096679688,163200,0.0,0.0
2017-06-30 00:00:00-04:00,76.17148676742083,77.03059708511175,75.44311031874976,75.79795837402344,211900,0.0,0.0
2017-07-03 00:00:00-04:00,76.1808148692506,76.1808148692506,74.49994092744775,75.22831726074219,168400,0.0,0.0
2017-07-05 00:00:00-04:00,74.8361231376442,75.76060033509013,74.29450735551987,74.56531524658203,383400,0.0,0.0
2017-07-06 00:00:00-04:00,73.81824889893117,74.27581730970026,72.66965066435304,72.83773803710938,246400,0.0,0.0
2017-07-07 00:00:00-04:00,73.07118404434603,75.02285825595004,72.95912343372208,74.87345123291016,176700,0.0,0.0
2017-07-10 00:00:00-04:00,74.34119063365625,74.81743941826123,73.73420800613385,74.28516387939453,188000,0.0,0.0
2017-07-11 00:00:00-04:00,74.49061215663951,75.56450361017808,74.16377748585687,74.62135314941406,174800,0.0,0.0
2017-07-12 00:00:00-04:00,75.25634311845165,76.46096845575792,74.70539425555847,74.94818878173828,227100,0.0,0.0
2017-07-13 00:00:00-04:00,75.0228855618605,75.0228855618605,73.89296737686882,74.55597686767578,107300,0.0,0.0
2017-07-14 00:00:00-04:00,74.54664031124136,75.20030960251873,74.41590645298588,74.49994659423828,153400,0.0,0.0
2017-07-17 00:00:00-04:00,74.49058938204404,74.86411765922026,74.14508160333497,74.50926971435547,111400,0.0,0.0
2017-07-18 00:00:00-04:00,73.72487487763568,74.50928513448997,73.69686149783033,74.32251739501953,156900,0.0,0.0
2017-07-19 00:00:00-04:00,74.28518183702151,74.8921574868135,74.28518183702151,74.64002990722656,171000,0.0,0.0
2017-07-20 00:00:00-04:00,74.70538475427281,74.7520784695285,74.07972886682634,74.18244934082031,118700,0.0,0.0
2017-07-21 00:00:00-04:00,74.4159112859589,74.62135225497737,73.86495531227652,74.21981048583984,121300,0.0,0.0
2017-07-24 00:00:00-04:00,73.78091883675292,75.23767178124321,73.47275736789175,74.08907318115234,135800,0.0,0.0
2017-07-25 00:00:00-04:00,74.35052419433867,74.78007922925012,73.4633936254146,74.64934539794922,214500,0.0,0.0
2017-07-26 00:00:00-04:00,74.67737423589153,74.79876792596214,74.02369781957205,74.42523956298828,206700,0.0,0.0
2017-07-27 00:00:00-04:00,74.6680424940845,74.6680424940845,72.94048163538898,73.38871002197266,173200,0.0,0.0
2017-07-28 00:00:00-04:00,73.38869984127403,73.98634948124746,72.74437073438553,73.69686126708984,153100,0.0,0.0
2017-07-31 00:00:00-04:00,73.90230727038775,75.06023883280456,73.41672536500691,74.85480499267578,489000,0.0,0.0
2017-08-01 00:00:00-04:00,75.40575376055934,75.6672214881744,73.09922368208726,73.2673110961914,168900,0.0,0.0
2017-08-02 00:00:00-04:00,72.98716318237435,73.24863088500847,71.71717109147096,73.1178970336914,209000,0.0,0.0
2017-08-03 00:00:00-04:00,73.1085723166371,73.78092205091077,71.98798705136025,72.19342803955078,138900,0.0,0.0
2017-08-04 00:00:00-04:00,67.89785840311845,70.02696081303776,66.50647255180468,67.63639068603516,467200,0.0,0.0
2017-08-07 00:00:00-04:00,67.62706581601508,68.51419677047156,67.23486415166802,67.59905242919922,319000,0.0,0.0
2017-08-08 00:00:00-04:00,67.42160331208169,67.86983873157685,66.03021758973972,66.226318359375,299800,0.0,0.0
2017-08-09 00:00:00-04:00,65.82478195406865,66.11427017257301,63.75170633030476,64.17192840576172,395400,0.0,0.0
2017-08-10 00:00:00-04:00,63.78906680299316,63.929140843350616,62.201580010839656,62.23893356323242,331000,0.0,0.0
2017-08-11 00:00:00-04:00,61.82803958488965,62.976637943047194,61.585245103794676,61.78135299682617,290900,0.0,0.0
2017-08-14 00:00:00-04:00,62.21319948488758,64.59771120443108,62.13810222402122,63.89362335205078,512700,0.35,0.0
2017-08-15 00:00:00-04:00,63.89361458548673,65.07648402064783,63.846679699178985,64.20341491699219,298200,0.0,0.0
2017-08-16 00:00:00-04:00,64.50383023585881,65.87445364357497,64.50383023585881,65.0577163696289,357200,0.0,0.0
2017-08-17 00:00:00-04:00,64.85117094853467,65.55525862835775,64.4005516820138,64.71974182128906,325300,0.0,0.0
2017-08-18 00:00:00-04:00,64.30666824199224,65.53647230620112,64.30666824199224,64.4099349975586,208000,0.0,0.0
2017-08-21 00:00:00-04:00,64.4005771815102,64.95446343337184,63.949964898919035,64.81364440917969,198200,0.0,0.0
2017-08-22 00:00:00-04:00,64.96383761482264,66.56916425324738,64.96383761482264,66.19364929199219,189200,0.0,0.0
2017-08-23 00:00:00-04:00,65.52711425859783,66.28752686963742,65.34874303878273,65.36751556396484,176500,0.0,0.0
2017-08-24 00:00:00-04:00,65.7617934238914,66.61608276740132,65.6209744527512,65.71485137939453,145600,0.0,0.0
2017-08-25 00:00:00-04:00,66.09036987663924,66.78506776675894,65.80873191889708,66.48465728759766,103200,0.0,0.0
2017-08-28 00:00:00-04:00,66.72873816769813,67.02914862492379,66.01526064590581,66.57852935791016,295600,0.0,0.0
2017-08-29 00:00:00-04:00,66.19365477639857,67.21692578919007,66.06222560342265,66.38140869140625,136900,0.0,0.0
2017-08-30 00:00:00-04:00,66.36262203625706,67.12303454120503,66.36262203625706,67.01976776123047,116600,0.0,0.0
2017-08-31 00:00:00-04:00,67.3764872956973,68.4748694121099,67.08546670847107,68.39976501464844,167700,0.0,0.0
2017-09-01 00:00:00-04:00,68.66263179482804,68.66263179482804,67.36711300784371,67.57364654541016,134800,0.0,0.0
2017-09-05 00:00:00-04:00,67.46098396857964,67.97731776682843,66.62546721312236,66.83200073242188,118800,0.0,0.0
2017-09-06 00:00:00-04:00,67.01037255768222,67.33895255623247,66.65363735871561,66.9916000366211,122000,0.0,0.0
2017-09-07 00:00:00-04:00,67.16058625896785,67.51732148387346,66.6536422052486,67.25446319580078,163200,0.0,0.0
2017-09-08 00:00:00-04:00,66.99159427417521,67.23568000107814,66.27811677526286,66.4095458984375,407700,0.0,0.0
2017-09-11 00:00:00-04:00,67.16996705944355,68.28711463337048,66.96343352880237,67.601806640625,360600,0.0,0.0
2017-09-12 00:00:00-04:00,67.8083533721805,68.29651777044519,65.97772076339677,67.4328384399414,882900,0.0,0.0
2017-09-13 00:00:00-04:00,66.93527841269416,68.35283659489133,66.93527841269416,67.99610137939453,184600,0.0,0.0
2017-09-14 00:00:00-04:00,68.01486976020819,69.02875777917453,67.62058236250479,68.96304321289062,137100,0.0,0.0
2017-09-15 00:00:00-04:00,69.22592295506337,70.29613603077321,68.93490223728257,69.82674407958984,747500,0.0,0.0
2017-09-18 00:00:00-04:00,69.76101473892518,70.23979643333182,69.04754428091475,69.23529815673828,186600,0.0,0.0
2017-09-19 00:00:00-04:00,69.2822356824047,69.93938136722353,69.12263701979089,69.883056640625,160400,0.0,0.0
2017-09-20 00:00:00-04:00,69.99571422196767,70.36183931207543,69.60142676529034,70.0051040649414,274800,0.0,0.0
2017-09-21 00:00:00-04:00,70.08020182804432,70.64347059299335,69.70468693062799,70.48387908935547,117900,0.0,0.0
2017-09-22 00:00:00-04:00,70.3806114103019,72.42716005448874,70.3806114103019,72.2581787109375,155200,0.0,0.0
2017-09-25 00:00:00-04:00,72.22062926756152,73.12186074685262,71.51654150289494,72.35205841064453,104100,0.0,0.0
2017-09-26 00:00:00-04:00,72.39899351684494,73.3941018368573,72.27694706543558,72.8683853149414,204200,0.0,0.0
2017-09-27 00:00:00-04:00,73.225116420621,75.2059502711412,72.99042053465749,74.98064422607422,293500,0.0,0.0
2017-09-28 00:00:00-04:00,74.83982411456118,75.87248456449767,74.17328866812628,75.84432220458984,145400,0.0,0.0
2017-09-29 00:00:00-04:00,75.85371662207861,76.13534740049936,74.01369449044802,74.64268493652344,283400,0.0,0.0
2017-10-02 00:00:00-04:00,74.71778585528993,76.12596130371094,74.01369813107944,76.12596130371094,158100,0.0,0.0
2017-10-03 00:00:00-04:00,73.1218708588759,73.69452955965245,71.28185543890696,72.8402328491211,334100,0.0,0.0
2017-10-04 00:00:00-04:00,72.6806212022289,72.69940088426902,71.15040658406497,71.43203735351562,313200,0.0,0.0
2017-10-05 00:00:00-04:00,71.88268537180416,72.65248790939003,71.61043717209839,72.56800079345703,116900,0.0,0.0
2017-10-06 00:00:00-04:00,72.38961607599586,73.14064594654418,72.32390149949926,73.13125610351562,265900,0.0,0.0
2017-10-09 00:00:00-04:00,73.13124552962275,73.28144718460408,72.19246190834993,72.64307403564453,109900,0.0,0.0
2017-10-10 00:00:00-04:00,73.13124617773101,73.2532854711318,72.46471066020237,72.80267333984375,130600,0.0,0.0
2017-10-11 00:00:00-04:00,73.11247139103659,73.46921377807955,72.76512600872782,73.42227172851562,128400,0.0,0.0
2017-10-12 00:00:00-04:00,73.1969728933464,74.0043275217756,72.849620314303,73.81656646728516,120800,0.0,0.0
2017-10-13 00:00:00-04:00,74.23902751439088,74.42678141676264,73.45983521107878,73.99494171142578,166700,0.0,0.0
2017-10-16 00:00:00-04:00,74.05124779721817,74.70840061469646,73.97615055259675,74.3328857421875,184300,0.0,0.0
2017-10-17 00:00:00-04:00,74.0606324411595,75.66595142518356,74.0606324411595,75.25289154052734,150500,0.0,0.0
2017-10-18 00:00:00-04:00,75.33740064467108,76.28557429687255,75.09331484896185,75.88189697265625,140100,0.0,0.0
2017-10-19 00:00:00-04:00,75.3279993993899,77.27128130267697,75.27167467134855,77.16801452636719,218700,0.0,0.0
2017-10-20 00:00:00-04:00,80.35988245366399,80.54764348912639,76.51087075607404,77.53414154052734,311000,0.0,0.0
2017-10-23 00:00:00-04:00,77.4496418362689,77.81576684287053,75.60962696242864,75.76921844482422,297200,0.0,0.0
2017-10-24 00:00:00-04:00,75.97575770721276,76.69861793417904,74.78350567609031,76.35127258300781,170700,0.0,0.0
2017-10-25 00:00:00-04:00,76.2198395267478,76.22922220545549,73.75083418009567,74.83043670654297,193900,0.0,0.0
2017-10-26 00:00:00-04:00,75.48760315186823,77.47782007515832,74.47371500471019,77.03659057617188,151000,0.0,0.0
2017-10-27 00:00:00-04:00,76.91452971206839,77.39331128553603,76.02268828365658,76.33248138427734,173100,0.0,0.0
2017-10-30 00:00:00-04:00,76.03207972792794,76.52025119780645,73.68512079060895,73.96675872802734,123200,0.0,0.0
2017-10-31 00:00:00-04:00,74.48309957214087,75.26229180658746,74.12636432422211,74.63330841064453,336300,0.0,0.0
2017-11-01 00:00:00-04:00,75.52516013452174,75.52516013452174,73.61943000779573,74.60515594482422,178800,0.0,0.0
2017-11-02 00:00:00-04:00,74.36103983283503,74.76471702246873,73.96675248361599,74.4079818725586,105000,0.0,0.0
2017-11-03 00:00:00-04:00,74.64269240727435,75.16840897615734,74.24839781826104,74.83983612060547,328500,0.0,0.0
2017-11-06 00:00:00-05:00,74.9431009274654,75.00881549684753,73.82594608561813,73.88227081298828,108500,0.0,0.0
2017-11-07 00:00:00-05:00,74.11694530474493,74.47368757458206,73.3095910214856,74.12633514404297,133600,0.0,0.0
2017-11-08 00:00:00-05:00,73.66636478604468,73.83534615391014,72.49288505429898,73.81656646728516,88600,0.0,0.0
2017-11-09 00:00:00-05:00,72.9904346656305,74.0700373825442,72.10797567161126,73.71329498291016,115700,0.0,0.0
2017-11-10 00:00:00-05:00,73.30023128017257,74.03248140286625,73.16880213827119,73.37533569335938,75100,0.0,0.0
2017-11-13 00:00:00-05:00,72.6114981497722,74.03543993316246,72.36631445322888,73.99771881103516,90700,0.35,0.0
2017-11-14 00:00:00-05:00,73.73365187684485,74.78981414178855,72.75292463470724,74.74266815185547,124200,0.0,0.0
2017-11-15 00:00:00-05:00,74.42207144289289,74.5069457692848,73.469640055556,73.73368072509766,105000,0.0,0.0
2017-11-16 00:00:00-05:00,73.9411249244486,75.47822255118582,73.9411249244486,74.8558349609375,236500,0.0,0.0
2017-11-17 00:00:00-05:00,74.3183216759807,75.16702875606167,73.48847875021646,74.8558349609375,84900,0.0,0.0
2017-11-20 00:00:00-05:00,74.94073846961749,75.44053083527001,74.50695628066305,75.24250030517578,241300,0.0,0.0
2017-11-21 00:00:00-05:00,75.44051716299893,75.65741181545263,74.63896310705574,75.64797973632812,138400,0.0,0.0
2017-11-22 00:00:00-05:00,75.89317718589227,75.91203415299044,75.02560561341373,75.24250030517578,77000,0.0,0.0
2017-11-24 00:00:00-05:00,75.52538277408411,75.59140013206105,74.95015546127564,75.33678436279297,38100,0.0,0.0
2017-11-27 00:00:00-05:00,75.28963012337361,75.96859590595831,75.28963012337361,75.91201782226562,255100,0.0,0.0
2017-11-28 00:00:00-05:00,76.25150504018755,78.8259087182341,75.99688925998693,78.68446350097656,148400,0.0,0.0
2017-11-29 00:00:00-05:00,78.66560029344889,80.82508603603631,78.26953929120194,80.29700469970703,173700,0.0,0.0
2017-11-30 00:00:00-05:00,80.57990008159703,81.43803942373272,80.3913016651952,81.09855651855469,194700,0.0,0.0
2017-12-01 00:00:00-05:00,80.825082418436,80.89109258252265,77.82632160287268,78.94850158691406,157300,0.0,0.0
2017-12-04 00:00:00-05:00,80.04239553174659,80.35358942833236,78.0998042886401,78.24125671386719,243800,0.0,0.0
2017-12-05 00:00:00-05:00,78.7881756936887,78.81646473028363,77.17562866210938,77.17562866210938,115500,0.0,0.0
2017-12-06 00:00:00-05:00,77.23222351074219,77.84517909308293,76.86445160025127,77.23222351074219,76300,0.0,0.0
2017-12-07 00:00:00-05:00,77.16623648948662,78.11866803321912,76.7796003066205,77.51514434814453,195400,0.0,0.0
2017-12-08 00:00:00-05:00,77.75087617715724,78.18466546004831,76.01574782386496,76.04403686523438,132600,0.0,0.0
2017-12-11 00:00:00-05:00,75.91202255442172,75.91202255442172,73.89398923847835,74.49751281738281,245000,0.0,0.0
2017-12-12 00:00:00-05:00,74.49749903730347,75.0067233117926,73.68651302918009,73.76195526123047,201200,0.0,0.0
2017-12-13 00:00:00-05:00,73.5922354405226,75.16705472540824,73.5922354405226,74.24291229248047,136100,0.0,0.0
2017-12-14 00:00:00-05:00,74.49751468643613,75.1293273248018,72.84725328515432,73.06414794921875,189000,0.0,0.0
2017-12-15 00:00:00-05:00,73.59222957094772,75.69513007835448,73.526219402432,74.48808288574219,571100,0.0,0.0
2017-12-18 00:00:00-05:00,75.33677311822943,76.32693261613996,75.2990520026877,76.08174896240234,125000,0.0,0.0
2017-12-19 00:00:00-05:00,76.176055917929,77.26994679642816,75.00672999522511,75.12931823730469,112900,0.0,0.0
2017-12-20 00:00:00-05:00,75.56310561344519,76.44953399471967,74.80870475655846,74.95015716552734,105100,0.0,0.0
2017-12-21 00:00:00-05:00,74.95015622159205,76.0911931689854,74.95015622159205,75.61968994140625,94400,0.0,0.0
2017-12-22 00:00:00-05:00,75.46879047402747,75.58195381622721,74.63894754826323,74.8558349609375,134600,0.0,0.0
2017-12-26 00:00:00-05:00,74.78039291593655,75.28018503996609,73.93168591543063,74.09199523925781,66500,0.0,0.0
2017-12-27 00:00:00-05:00,74.07314376394326,75.00671793631697,73.49790937627697,74.10143280029297,80600,0.0,0.0
2017-12-28 00:00:00-05:00,74.18629990934207,74.1957319863142,73.43189922660542,74.10143280029297,76100,0.0,0.0
2017-12-29 00:00:00-05:00,74.07315504518252,74.54465824166472,73.08299545474274,73.10185241699219,113100,0.0,0.0
2018-01-02 00:00:00-05:00,73.50735981653348,74.64840410619156,73.25275120629432,74.37493133544922,145200,0.0,0.0
2018-01-03 00:00:00-05:00,74.43150578531736,74.92186601586464,73.46964228923395,74.07316589355469,85000,0.0,0.0
2018-01-04 00:00:00-05:00,74.40321058875202,74.98786998515227,74.00714960514507,74.1297378540039,123900,0.0,0.0
2018-01-05 00:00:00-05:00,74.23344760510317,74.56349832903152,73.45075074938292,74.09199523925781,127500,0.0,0.0
2018-01-08 00:00:00-05:00,73.94115137533913,75.1481986789981,73.3942058175657,74.71441650390625,231300,0.0,0.0
2018-01-09 00:00:00-05:00,74.66723772132575,75.16702989982092,73.49791194573638,73.67707824707031,226200,0.0,0.0
2018-01-10 00:00:00-05:00,73.55449463267004,74.62952128635138,72.9698281109302,74.35604858398438,256000,0.0,0.0
2018-01-11 00:00:00-05:00,74.58236979511628,76.77957634756828,74.49750267584004,75.80828094482422,304400,0.0,0.0
2018-01-12 00:00:00-05:00,75.9308778964702,76.67585387207677,75.07274574884183,75.4876708984375,89800,0.0,0.0
2018-01-16 00:00:00-05:00,75.98747011852161,77.1945173608075,75.19534086916585,75.20477294921875,96900,0.0,0.0
2018-01-17 00:00:00-05:00,75.5819645799188,76.77957954517701,74.62009402065729,76.27035522460938,133900,0.0,0.0
2018-01-18 00:00:00-05:00,76.10063317333102,76.58156857549444,75.04447033823608,75.08219146728516,320100,0.0,0.0
2018-01-19 00:00:00-05:00,74.86528350107861,76.05347367447668,74.667253004607,76.02518463134766,115400,0.0,0.0
2018-01-22 00:00:00-05:00,75.53479899247122,75.6951083278643,74.71438816159686,75.65739440917969,119700,0.0,0.0
2018-01-23 00:00:00-05:00,75.34621338445744,76.14776739177306,74.9124313004345,76.0157470703125,94300,0.0,0.0
2018-01-24 00:00:00-05:00,76.46836929560625,76.61925374098033,74.9124148214425,75.10101318359375,110600,0.0,0.0
2018-01-25 00:00:00-05:00,75.36506477334845,75.46879604604854,74.4220584357603,75.11988830566406,251600,0.0,0.0
2018-01-26 00:00:00-05:00,75.18591487635109,76.07233613490456,74.82756778530894,75.7800064086914,288500,0.0,0.0
2018-01-29 00:00:00-05:00,75.77058322209488,76.21379750067689,75.25193387905388,75.29907989501953,175700,0.0,0.0
2018-01-30 00:00:00-05:00,74.40320584294605,75.34621223589957,73.57335561262356,74.14859008789062,125600,0.0,0.0
2018-01-31 00:00:00-05:00,74.6483935078809,75.94030773072775,73.45077129588581,73.84683227539062,343200,0.0,0.0
2018-02-01 00:00:00-05:00,73.62049905216607,74.86526703809587,73.39417956233343,74.8558349609375,120100,0.0,0.0
2018-02-02 00:00:00-05:00,74.39378830138318,74.95016592311944,73.97886310514387,74.37493133544922,127200,0.0,0.0
2018-02-05 00:00:00-05:00,73.53565124452871,74.29948421982408,71.52704276198347,71.66849517822266,247900,0.0,0.0
2018-02-06 00:00:00-05:00,70.86692086939817,72.06453563694538,68.84888807728237,69.49955749511719,227400,0.0,0.0
2018-02-07 00:00:00-05:00,68.97149263399736,70.73491732278251,68.85832926756297,70.41429138183594,297800,0.0,0.0
2018-02-08 00:00:00-05:00,70.48972972525266,70.48972972525266,68.62257385253906,68.62257385253906,207100,0.0,0.0
2018-02-09 00:00:00-05:00,69.22610967658349,69.67874876146698,67.39667478921068,69.1412353515625,122900,0.0,0.0
2018-02-12 00:00:00-05:00,69.40527783063804,70.70663142146611,68.97149569855159,69.98994445800781,118500,0.0,0.0
2018-02-13 00:00:00-05:00,69.63936526730066,71.70485965553146,69.63936526730066,71.12689971923828,285600,0.35,0.0
2018-02-14 00:00:00-05:00,70.82370866090314,72.95552597845541,70.7384394379558,72.72813415527344,215000,0.0,0.0
2018-02-15 00:00:00-05:00,73.30612172879457,73.77985908905356,72.44391626336713,73.6756362915039,170200,0.0,0.0
2018-02-16 00:00:00-05:00,73.37241756421184,74.18724610112899,73.37241756421184,73.52400970458984,92600,0.0,0.0
2018-02-20 00:00:00-05:00,73.26819106579855,74.62307963560191,72.33018628225017,72.44388580322266,131500,0.0,0.0
2018-02-21 00:00:00-05:00,74.91680047613194,78.16663795542495,73.68508086537193,76.03482055664062,300500,0.0,0.0
2018-02-22 00:00:00-05:00,78.38455782176638,78.58352657205576,76.23378695351573,78.2140121459961,218000,0.0,0.0
2018-02-23 00:00:00-05:00,78.8583013857207,79.23728538150574,77.42761294706615,79.2088623046875,131900,0.0,0.0
2018-02-26 00:00:00-05:00,79.51204230277416,80.75323856346144,78.65931397866028,80.28897094726562,179400,0.0,0.0
2018-02-27 00:00:00-05:00,80.06156345974591,80.76269228732296,77.63603201602818,77.75920104980469,287900,0.0,0.0
2018-02-28 00:00:00-05:00,78.23295417529876,78.5835222753965,76.34748230584708,76.39485168457031,203900,0.0,0.0
2018-03-01 00:00:00-05:00,76.33802056097312,78.18559295383128,75.60846837290156,77.20022583007812,270400,0.0,0.0
2018-03-02 00:00:00-05:00,76.50854824550035,77.7118374026232,76.46117163995442,77.53182220458984,174400,0.0,0.0
2018-03-05 00:00:00-05:00,77.21916810376942,78.2613885588252,76.30959349415765,77.91082763671875,199600,0.0,0.0
2018-03-06 00:00:00-05:00,78.185583617261,79.6446950478204,77.09599384980342,79.61627197265625,180600,0.0,0.0
2018-03-07 00:00:00-05:00,78.83934228144683,80.50689921403962,78.69721967873534,80.36477661132812,187100,0.0,0.0
2018-03-08 00:00:00-05:00,80.72481893634534,81.01854092655721,79.71102158047101,80.3268814086914,175500,0.0,0.0
2018-03-09 00:00:00-05:00,80.64904384638261,82.72400838959481,80.41217518671371,82.27869415283203,217500,0.0,0.0
2018-03-12 00:00:00-04:00,82.23129903062667,82.23129903062667,78.79196977060401,78.84881591796875,297600,0.0,0.0
2018-03-13 00:00:00-04:00,79.42676708111956,79.84365083022153,78.74458447339208,79.35096740722656,298600,0.0,0.0
2018-03-14 00:00:00-04:00,80.09949495552353,80.22266403798886,78.28981519397455,79.36046600341797,214100,0.0,0.0
2018-03-15 00:00:00-04:00,79.4078365005837,79.51205927514773,77.77817918411725,78.24244689941406,165200,0.0,0.0
2018-03-16 00:00:00-04:00,78.45088931721853,80.12791595513123,78.35613608691918,79.4362564086914,367200,0.0,0.0
2018-03-19 00:00:00-04:00,79.13305918689552,79.70154961326507,77.88239326046339,79.48362731933594,134300,0.0,0.0
2018-03-20 00:00:00-04:00,79.68260193046947,80.02369331988486,79.0951723820981,79.3130874633789,153400,0.0,0.0
2018-03-21 00:00:00-04:00,79.5309951713586,79.84365619703739,78.92461219676514,79.12358093261719,103000,0.0,0.0
2018-03-22 00:00:00-04:00,78.59299739032802,79.08568811886394,76.84964799066158,76.906494140625,170200,0.0,0.0
2018-03-23 00:00:00-04:00,76.91596870130999,77.30442942933915,75.88321789178993,76.18641662597656,385000,0.0,0.0
2018-03-26 00:00:00-04:00,77.3518150023005,78.05294408471516,75.87375714514079,77.90135192871094,232800,0.0,0.0
2018-03-27 00:00:00-04:00,77.98661524285231,78.20453753460036,76.65068010302919,76.96334838867188,230100,0.0,0.0
2018-03-28 00:00:00-04:00,77.17178529097527,78.33718195794846,76.89702408223653,77.71184539794922,180100,0.0,0.0
2018-03-29 00:00:00-04:00,77.98663093777392,79.46469620888573,77.69291612899323,78.86778259277344,188400,0.0,0.0
2018-04-02 00:00:00-04:00,78.64037781060938,78.64037781060938,76.61278310559219,77.12442016601562,188100,0.0,0.0
2018-04-03 00:00:00-04:00,77.56972932392469,78.68774937038738,76.9349160018395,78.58352661132812,163800,0.0,0.0
2018-04-04 00:00:00-04:00,77.63605744263975,79.49310646602063,77.039143922822,79.21833801269531,114200,0.0,0.0
2018-04-05 00:00:00-04:00,79.59731991303313,80.298448888151,78.92461401102533,80.15632629394531,146800,0.0,0.0
2018-04-06 00:00:00-04:00,79.78682423382999,80.2605614687265,77.67396021423926,78.5172119140625,133800,0.0,0.0
2018-04-09 00:00:00-04:00,79.18991204517009,79.60679586546445,78.63089839056339,78.68775177001953,127900,0.0,0.0
2018-04-10 00:00:00-04:00,79.6257527884924,80.74377291660632,79.18991541362172,79.64469909667969,291100,0.0,0.0
2018-04-11 00:00:00-04:00,79.23728298624238,79.4267822070629,78.75407623762639,79.1046371459961,148400,0.0,0.0
2018-04-12 00:00:00-04:00,79.67312741939686,80.02369558752359,78.6688067602457,79.54048156738281,133600,0.0,0.0
2018-04-13 00:00:00-04:00,79.99526080524116,79.99526080524116,78.70669509249544,79.88156127929688,522400,0.0,0.0
2018-04-16 00:00:00-04:00,80.27950517046821,82.00390820507442,79.77733769093109,81.73860931396484,157500,0.0,0.0
2018-04-17 00:00:00-04:00,82.30710075093135,83.56723616353791,81.39752622729522,83.27352142333984,199900,0.0,0.0
2018-04-18 00:00:00-04:00,83.33983688740935,83.8325275615649,82.75240023088699,83.51985931396484,128000,0.0,0.0
2018-04-19 00:00:00-04:00,83.13140252027861,85.82223359745899,82.4397502505993,85.0926742553711,333200,0.0,0.0
2018-04-20 00:00:00-04:00,84.86528490886015,85.13057659424724,83.75674155406848,84.33470153808594,219300,0.0,0.0
2018-04-23 00:00:00-04:00,84.17362930809507,84.34417500358998,82.43027973517528,83.00823974609375,239300,0.0,0.0
2018-04-24 00:00:00-04:00,85.27270730754391,86.79814187211586,82.02286939545456,83.40618133544922,516800,0.0,0.0
2018-04-25 00:00:00-04:00,84.09782867210816,84.33469726902143,83.03665475562063,83.3208999633789,307700,0.0,0.0
2018-04-26 00:00:00-04:00,83.50090211489915,83.69987083773194,82.64818108237428,83.17876434326172,236800,0.0,0.0
2018-04-27 00:00:00-04:00,82.97982243267455,83.33986015766061,81.50175722615595,82.22183990478516,283000,0.0,0.0
2018-04-30 00:00:00-04:00,82.28817092324299,83.6714830282704,82.20290167551794,82.27869415283203,675500,0.0,0.0
2018-05-01 00:00:00-04:00,82.05128896042729,82.97981713639459,80.8385227761361,82.69557189941406,170800,0.0,0.0
2018-05-02 00:00:00-04:00,82.53449639147769,83.03665667193769,81.68176797717953,82.31657409667969,179700,0.0,0.0
2018-05-03 00:00:00-04:00,82.01336894121874,82.53448267128876,81.12274805981029,81.3785629272461,209400,0.0,0.0
2018-05-04 00:00:00-04:00,81.38805586822116,83.3777507471375,81.14171048971721,82.91349029541016,209200,0.0,0.0
2018-05-07 00:00:00-04:00,83.37774711818558,83.4156469615871,82.43974948712967,82.57239532470703,173200,0.0,0.0
2018-05-08 00:00:00-04:00,82.81873465899638,85.50008151924584,82.52501270119667,85.39585876464844,217600,0.0,0.0
2018-05-09 00:00:00-04:00,85.38638110653997,86.13488662353843,84.61892205669585,85.8316879272461,185200,0.0,0.0
2018-05-10 00:00:00-04:00,86.08753131069606,86.92130624573954,85.72749361278886,86.64653778076172,133200,0.0,0.0
2018-05-11 00:00:00-04:00,86.59917154483938,86.6939175499823,85.34850548244492,85.8222427368164,129200,0.0,0.0
2018-05-14 00:00:00-04:00,86.18227973151951,86.58969405603905,85.0832130694141,85.272705078125,92400,0.0,0.0
2018-05-15 00:00:00-04:00,84.86528704787658,85.03583273973204,84.21152735765453,84.68526458740234,144800,0.0,0.0
2018-05-16 00:00:00-04:00,84.80843075653245,85.89802770044685,84.63788508506188,85.38639068603516,190000,0.0,0.0
2018-05-17 00:00:00-04:00,85.64220998523554,85.79380935818948,85.0737267939702,85.59483337402344,159500,0.0,0.0
2018-05-18 00:00:00-04:00,85.79464026948278,87.12670891458203,85.64240779360323,86.69854736328125,159500,0.38,0.0
2018-05-21 00:00:00-04:00,87.28845852535723,88.61101037731794,86.88884010804324,87.5073013305664,196400,0.0,0.0
2018-05-22 00:00:00-04:00,87.97353448488191,87.97353448488191,85.53775646484965,85.61387634277344,163200,0.0,0.0
2018-05-23 00:00:00-04:00,85.4140598708621,86.5843794018766,85.2713441737064,86.47019958496094,151100,0.0,0.0
2018-05-24 00:00:00-04:00,86.47020737585308,86.97449616827328,85.01444906017348,86.51778411865234,152700,0.0,0.0
2018-05-25 00:00:00-04:00,86.43212758423857,86.55582418343292,86.04202596780048,86.22280883789062,101000,0.0,0.0
2018-05-29 00:00:00-04:00,86.13717856733754,87.20283501137924,85.98494608058337,86.86981964111328,120400,0.0,0.0
2018-05-30 00:00:00-04:00,87.34557663798398,89.27707345778386,87.34557663798398,89.19143676757812,115900,0.0,0.0
2018-05-31 00:00:00-04:00,89.20092736521075,89.85744851355952,88.09721107286731,88.48731994628906,244500,0.0,0.0
2018-06-01 00:00:00-04:00,89.0391956345325,91.23710459489187,89.0391956345325,90.78990936279297,317600,0.0,0.0
2018-06-04 00:00:00-04:00,90.9706805572485,91.7318647597555,90.5425189803324,91.68428802490234,183300,0.0,0.0
2018-06-05 00:00:00-04:00,91.72235080682087,92.47401823384115,90.80893409098617,91.43690490722656,236300,0.0,0.0
2018-06-06 00:00:00-04:00,91.47497378139627,91.8841090725515,90.13339534429105,90.78990936279297,185700,0.0,0.0
2018-06-07 00:00:00-04:00,90.81845239416228,91.34176750751735,89.84794930843915,90.21902465820312,111200,0.0,0.0
2018-06-08 00:00:00-04:00,90.304656727989,90.41882928565984,89.50541252833759,90.01921081542969,157500,0.0,0.0
2018-06-11 00:00:00-04:00,90.35223237315073,90.92311697803684,89.24852310492979,89.85746765136719,92100,0.0,0.0
2018-06-12 00:00:00-04:00,89.58152757504735,90.10483537426224,88.79180021752279,89.43880462646484,107600,0.0,0.0
2018-06-13 00:00:00-04:00,89.48638758997302,90.3427108226803,88.80132319645422,89.9430923461914,115000,0.0,0.0
2018-06-14 00:00:00-04:00,90.6091200866312,90.94213544580232,89.93356531049643,90.66620635986328,155700,0.0,0.0
2018-06-15 00:00:00-04:00,90.62816903911506,90.79943516073779,89.37221990027928,90.4759292602539,400000,0.0,0.0
2018-06-18 00:00:00-04:00,89.514940230715,90.99924173475138,88.60152336213937,90.67574310302734,192600,0.0,0.0
2018-06-19 00:00:00-04:00,89.83842205118081,90.60912306106573,89.16287451206017,90.5615463256836,255000,0.0,0.0
2018-06-20 00:00:00-04:00,90.93264196323656,92.5311233563149,90.83749573038986,91.99829864501953,310500,0.0,0.0
2018-06-21 00:00:00-04:00,91.80798800363532,92.12197706796736,91.36079277731841,91.57963562011719,295200,0.0,0.0
2018-06-22 00:00:00-04:00,91.76041074404615,92.63576752265556,91.1800094049443,91.43690490722656,315200,0.0,0.0
2018-06-25 00:00:00-04:00,90.9231139522438,91.51303213786971,89.72425849963666,90.39028930664062,229900,0.0,0.0
2018-06-26 00:00:00-04:00,90.33320770232956,91.94119852225325,90.1143648491609,91.1609878540039,218700,0.0,0.0
2018-06-27 00:00:00-04:00,91.32272228834599,92.31225151036587,89.77181086893124,89.80035400390625,141300,0.0,0.0
2018-06-28 00:00:00-04:00,89.89552643748632,91.27516481982784,88.91549928831812,90.98020935058594,154400,0.0,0.0
2018-06-29 00:00:00-04:00,91.19903877203552,92.21711853424529,91.08486621575956,91.6652603149414,183600,0.0,0.0
2018-07-02 00:00:00-04:00,90.76136242538617,92.25518056378056,90.72330248603451,92.20761108398438,152400,0.0,0.0
2018-07-03 00:00:00-04:00,92.72140365988398,93.46356160080197,91.96974343755453,92.27421569824219,83600,0.0,0.0
2018-07-05 00:00:00-04:00,92.83557912507297,93.85365887954002,91.93167918520453,93.7394790649414,138700,0.0,0.0
2018-07-06 00:00:00-04:00,93.60628666561655,94.14862816106904,92.93073899648746,93.2447280883789,150700,0.0,0.0
2018-07-09 00:00:00-04:00,93.4540363543366,94.11055755615234,93.23519353400113,94.11055755615234,113800,0.0,0.0
2018-07-10 00:00:00-04:00,94.54823379778104,94.54823379778104,92.6167301725932,93.56820678710938,126700,0.0,0.0
2018-07-11 00:00:00-04:00,93.02586964003389,93.53966790635415,92.27420946845196,92.72139739990234,106800,0.0,0.0
2018-07-12 00:00:00-04:00,93.36839622909281,93.76802191843875,92.24565354971028,93.45403289794922,141200,0.0,0.0
2018-07-13 00:00:00-04:00,93.4350100032117,94.44358025189861,93.38744052323412,94.01541137695312,114600,0.0,0.0
2018-07-16 00:00:00-04:00,93.96784763910584,94.11057060614243,92.40742632034024,92.75946807861328,139600,0.0,0.0
2018-07-17 00:00:00-04:00,92.87364515413566,93.38744346473905,92.39790678422786,93.14957427978516,90200,0.0,0.0
2018-07-18 00:00:00-04:00,93.24470688428954,93.77753145783028,92.83557165555209,93.45403289794922,84600,0.0,0.0
2018-07-19 00:00:00-04:00,93.0639202172365,95.07153634402809,93.0639202172365,95.01445007324219,78200,0.0,0.0
2018-07-20 00:00:00-04:00,94.82416354031143,95.52825420733036,94.68144059531274,94.99542236328125,72900,0.0,0.0
2018-07-23 00:00:00-04:00,94.63385946972127,95.36650049909898,93.54917675276354,94.65289306640625,152900,0.0,0.0
2018-07-24 00:00:00-04:00,94.98591242064622,94.98591242064622,93.17810539644472,93.94879913330078,177000,0.0,0.0
2018-07-25 00:00:00-04:00,93.90125289071176,95.12865890146853,92.99734552537389,94.9478759765625,132300,0.0,0.0
2018-07-26 00:00:00-04:00,95.09058172689562,95.09058172689562,86.79370391541023,94.0249252319336,527000,0.0,0.0
2018-07-27 00:00:00-04:00,94.39601577040838,94.82418470095321,93.33987590460016,94.2152328491211,210900,0.0,0.0
2018-07-30 00:00:00-04:00,93.9392962558367,95.41408076131448,93.04490584945503,94.7861099243164,304500,0.0,0.0
2018-07-31 00:00:00-04:00,94.90978891125557,96.68905273021868,94.47211055529898,95.98495483398438,361200,0.0,0.0
2018-08-01 00:00:00-04:00,95.9944847111729,96.28944016839318,93.18763131976435,93.49210357666016,194100,0.0,0.0
2018-08-02 00:00:00-04:00,93.07343961380288,94.5577407691947,93.03537967915305,94.10103607177734,111500,0.0,0.0
2018-08-03 00:00:00-04:00,93.98684928362609,94.15811534722832,92.09341304543852,92.40740203857422,94300,0.0,0.0
2018-08-06 00:00:00-04:00,92.30275610901998,94.17716635749808,92.30275610901998,94.04395294189453,80700,0.0,0.0
2018-08-07 00:00:00-04:00,94.20571617579348,95.480691551617,93.70143465373818,95.11913299560547,92100,0.0,0.0
2018-08-08 00:00:00-04:00,95.1096076287503,96.87935482622954,94.73853230597474,96.38459014892578,100300,0.0,0.0
2018-08-09 00:00:00-04:00,96.38459102375609,96.79372628837481,95.16669477012545,95.30941772460938,87600,0.0,0.0
2018-08-10 00:00:00-04:00,94.81464674152738,95.42359119827735,94.31987483342395,94.99542236328125,109900,0.0,0.0
2018-08-13 00:00:00-04:00,95.23329014325564,95.80418191500603,94.586293019094,94.97639465332031,73300,0.0,0.0
2018-08-14 00:00:00-04:00,95.14767334459789,96.76518088777951,94.79562433991399,96.03254699707031,93700,0.0,0.0
2018-08-15 00:00:00-04:00,95.76612480415912,95.76612480415912,93.9868608826653,94.30084991455078,102200,0.0,0.0
2018-08-16 00:00:00-04:00,94.78610530444871,95.70903154572079,94.13910090014839,94.58629608154297,97700,0.0,0.0
2018-08-17 00:00:00-04:00,94.61494544498291,95.81840835956145,94.1851409047278,95.69424438476562,80300,0.38,0.0
2018-08-20 00:00:00-04:00,95.73245573242055,96.46790087935885,95.0256559644529,95.7611083984375,104600,0.0,0.0
2018-08-21 00:00:00-04:00,96.46789650981972,99.371485556442,95.88526803704427,97.95789337158203,189900,0.0,0.0
2018-08-22 00:00:00-04:00,97.56630564069665,97.56630564069665,95.73246202461567,96.18136596679688,112600,0.0,0.0
2018-08-23 00:00:00-04:00,96.04762835948358,96.2959635738792,95.38859527592113,95.75154113769531,71600,0.0,0.0
2018-08-24 00:00:00-04:00,96.02853548364983,96.13360010885552,95.4363537131311,95.9139175415039,51000,0.0,0.0
2018-08-27 00:00:00-04:00,96.3628398159768,96.78309836525199,95.70379932498551,96.4583511352539,93800,0.0,0.0
2018-08-28 00:00:00-04:00,96.73533199492852,96.76398465991372,95.05430520768451,95.9903335571289,83800,0.0,0.0
2018-08-29 00:00:00-04:00,96.13360477081547,96.76398526557384,95.46501100644292,96.29597473144531,174000,0.0,0.0
2018-08-30 00:00:00-04:00,96.29597916385525,96.54431441845546,95.14027546439725,95.64649200439453,85900,0.0,0.0
2018-08-31 00:00:00-04:00,95.47454912786404,96.86903447794218,94.76775678046441,96.55384063720703,120600,0.0,0.0
2018-09-04 00:00:00-04:00,96.23868531320929,96.71624924370172,94.39528825002658,95.8279800415039,130000,0.0,0.0
2018-09-05 00:00:00-04:00,95.79931802016334,97.29886832404928,94.41437838469761,96.97412109375,156400,0.0,0.0
2018-09-06 00:00:00-04:00,96.8786049980474,97.70001542077888,96.66847573357477,97.57585144042969,80300,0.0,0.0
2018-09-07 00:00:00-04:00,97.51853694326124,99.15180443967904,97.27975501769642,98.464111328125,105100,0.0,0.0
2018-09-10 00:00:00-04:00,98.37815440037897,99.61982334160999,97.71911394681293,97.78597259521484,118800,0.0,0.0
2018-09-11 00:00:00-04:00,97.37525307153594,99.13269159365755,97.06006651086237,98.97032165527344,68500,0.0,0.0
2018-09-12 00:00:00-04:00,98.75065126097003,100.13558349629871,98.56917466806158,99.61026763916016,106200,0.0,0.0
2018-09-13 00:00:00-04:00,99.57205768444186,100.74686790227064,98.11071354334571,98.91301727294922,158700,0.0,0.0
2018-09-14 00:00:00-04:00,98.66468922879469,101.29129026813094,98.55007128737812,100.92833709716797,132300,0.0,0.0
2018-09-17 00:00:00-04:00,101.10981965220626,102.18911133784607,100.50809182009581,101.6637954711914,128200,0.0,0.0
2018-09-18 00:00:00-04:00,101.99808823804892,101.99808823804892,100.74687327946148,101.51097106933594,110400,0.0,0.0
2018-09-19 00:00:00-04:00,101.42501307388156,102.81949864527236,101.06205988317357,101.51097106933594,111900,0.0,0.0
2018-09-20 00:00:00-04:00,102.3228281702255,103.0582805820741,101.2053305069214,102.64757537841797,147900,0.0,0.0
2018-09-21 00:00:00-04:00,102.67623106311586,103.97520535999433,100.14514111903445,100.35527038574219,351600,0.0,0.0
2018-09-24 00:00:00-04:00,100.46988160010925,101.74019585876762,100.42212230195209,101.69244384765625,123600,0.0,0.0
2018-09-25 00:00:00-04:00,102.35150182591259,102.66668847185802,101.50143135258672,102.39925384521484,140000,0.0,0.0
2018-09-26 00:00:00-04:00,102.44700379137208,102.876808361058,100.13558911432612,100.34571838378906,163400,0.0,0.0
2018-09-27 00:00:00-04:00,100.4412299609943,101.07161043823596,99.95411280559446,100.65135192871094,80700,0.0,0.0
2018-09-28 00:00:00-04:00,100.5367444853802,102.1318060072773,100.5367444853802,101.6637954711914,122900,0.0,0.0
2018-10-01 00:00:00-04:00,102.17000093173009,102.18910027750378,98.88435964321147,99.2568588256836,136900,0.0,0.0
2018-10-02 00:00:00-04:00,99.10404376667226,100.24064067784892,98.59782729463751,99.50519561767578,134300,0.0,0.0
2018-10-03 00:00:00-04:00,100.00186990788409,101.2626382135939,99.48610734890637,100.82328033447266,74000,0.0,0.0
2018-10-04 00:00:00-04:00,100.38393358226054,101.10027945552174,97.76688536565278,98.01522064208984,132000,0.0,0.0
2018-10-05 00:00:00-04:00,98.20622329743225,98.58827580945686,96.95500842542107,97.27019500732422,145000,0.0,0.0
2018-10-08 00:00:00-04:00,97.25110459305358,97.42302787490291,96.11450026932492,96.8499526977539,86400,0.0,0.0
2018-10-09 00:00:00-04:00,96.53474806365683,97.36571171468657,96.20045485475248,96.353271484375,218700,0.0,0.0
2018-10-10 00:00:00-04:00,96.10495161489258,97.2224492728801,95.26443457677874,95.36949920654297,188200,0.0,0.0
2018-10-11 00:00:00-04:00,94.9779005232033,95.62738764865655,89.84886216688662,90.0016860961914,220800,0.0,0.0
2018-10-12 00:00:00-04:00,91.27201156424073,91.57765217320622,88.42573475957087,89.66739654541016,184100,0.0,0.0
2018-10-15 00:00:00-04:00,89.33309222981038,90.92815373304039,89.12296297078922,90.25956726074219,215500,0.0,0.0
2018-10-16 00:00:00-04:00,90.70846339132206,93.75532256743259,90.24045293837627,93.66935729980469,96600,0.0,0.0
2018-10-17 00:00:00-04:00,93.37328506953934,94.12783681952742,92.67603864913015,93.7744369506836,119900,0.0,0.0
2018-10-18 00:00:00-04:00,93.37329298152991,93.85085686727642,91.10008422166673,92.53277587890625,114100,0.0,0.0
2018-10-19 00:00:00-04:00,92.55187714894873,93.32552826714708,92.02655399026703,92.46591186523438,139100,0.0,0.0
2018-10-22 00:00:00-04:00,92.76200570438142,94.08963263668392,91.92148865690626,93.55475616455078,153800,0.0,0.0
2018-10-23 00:00:00-04:00,92.28444172319132,94.38571976490032,91.606301925303,93.40193939208984,185800,0.0,0.0
2018-10-24 00:00:00-04:00,93.06765748546023,93.40195076638993,90.71804391329393,90.8995132446289,177700,0.0,0.0
2018-10-25 00:00:00-04:00,92.4659087444737,104.09936422560206,91.25289979224755,102.60936737060547,607500,0.0,0.0
2018-10-26 00:00:00-04:00,101.66380598079829,103.71732493362255,98.44502265192835,98.9607925415039,305800,0.0,0.0
2018-10-29 00:00:00-04:00,100.1451450295736,103.07738698620845,99.14226524527953,100.68956756591797,293000,0.0,0.0
2018-10-30 00:00:00-04:00,100.80417660039183,103.90834157205495,100.80417660039183,101.8357162475586,169800,0.0,0.0
2018-10-31 00:00:00-04:00,102.67624419613767,103.42124275554023,99.57207867392886,99.75355529785156,274200,0.0,0.0
2018-11-01 00:00:00-04:00,100.2884158665993,102.25597674127005,99.70578734383913,100.94745635986328,163900,0.0,0.0
2018-11-02 00:00:00-04:00,101.39636289814104,101.9407854105232,99.96367130902519,101.7020034790039,135000,0.0,0.0
2018-11-05 00:00:00-05:00,101.94077982732362,102.74308357550488,100.41256971966168,102.1509017944336,129000,0.0,0.0
2018-11-06 00:00:00-05:00,102.04584331940697,104.73931051737195,101.45366878968102,103.91790008544922,119200,0.0,0.0
2018-11-07 00:00:00-05:00,104.07073035265773,105.69445208066871,102.9818851793908,103.92745971679688,168700,0.0,0.0
2018-11-08 00:00:00-05:00,103.65045819955297,104.43366264777625,102.30373188761678,103.91790008544922,87400,0.0,0.0
2018-11-09 00:00:00-05:00,103.39256337218394,104.09935576040631,101.21487359595342,102.56159973144531,104400,0.0,0.0
2018-11-12 00:00:00-05:00,102.52339718557376,103.97519527636867,101.47275824097345,102.3323745727539,120800,0.0,0.0
2018-11-13 00:00:00-05:00,102.88832824266967,104.84372502833206,102.28445860960572,103.9810562133789,157700,0.38,0.0
2018-11-14 00:00:00-05:00,104.97791472617575,105.21754656954657,102.86915742970595,103.4346923828125,129700,0.0,0.0
2018-11-15 00:00:00-05:00,102.70620322756284,105.18878546227977,101.75726323369257,105.12168884277344,134300,0.0,0.0
2018-11-16 00:00:00-05:00,104.23026111750252,106.14731580143001,102.4473996764113,106.01312255859375,166400,0.0,0.0
2018-11-19 00:00:00-05:00,105.26546633526925,106.23358094249346,103.58804358350609,103.85643005371094,119500,0.0,0.0
2018-11-20 00:00:00-05:00,102.6966291083898,103.3963573557481,101.07671539823404,101.91063690185547,103300,0.0,0.0
2018-11-21 00:00:00-05:00,102.1981995037968,103.12796498877412,101.66141915816861,101.86270904541016,86400,0.0,0.0
2018-11-23 00:00:00-05:00,101.04796217429421,102.84999846328637,100.27155727879344,101.86270904541016,51000,0.0,0.0
2018-11-26 00:00:00-05:00,102.7253703413867,103.95228413149904,101.6518244315299,102.74454498291016,143400,0.0,0.0
2018-11-27 00:00:00-05:00,102.38030026975858,103.40592420523858,101.68057942443143,101.8914566040039,108100,0.0,0.0
2018-11-28 00:00:00-05:00,102.44741182050822,103.81810637451758,100.29072504543655,103.62640380859375,162300,0.0,0.0
2018-11-29 00:00:00-05:00,103.31006975981593,104.76703533043832,101.73808559513267,103.10877990722656,160800,0.0,0.0
2018-11-30 00:00:00-05:00,102.99377644760824,104.7287161869781,102.63912595464757,104.46990966796875,162800,0.0,0.0
2018-12-03 00:00:00-05:00,105.32299082430723,105.59138464620855,103.64556783058937,104.8437271118164,150200,0.0,0.0
2018-12-04 00:00:00-05:00,104.74786012231985,104.74786012231985,97.81771197432492,98.2490463256836,168100,0.0,0.0
2018-12-06 00:00:00-05:00,97.03172847768647,98.7474860273974,95.67061406010195,98.68038940429688,156600,0.0,0.0
2018-12-07 00:00:00-05:00,98.38323356258313,99.94563030306443,94.52995734466171,95.23926544189453,184700,0.0,0.0
2018-12-10 00:00:00-05:00,95.46931810638424,96.18821358506632,94.35743023544042,94.89420318603516,140600,0.0,0.0
2018-12-11 00:00:00-05:00,95.9102620745445,96.99340286107706,94.37661949293276,95.47892761230469,91600,0.0,0.0
2018-12-12 00:00:00-05:00,96.81126737383424,98.65163822622074,96.69624145319119,97.22343444824219,79000,0.0,0.0
2018-12-13 00:00:00-05:00,97.49181365864669,98.68038549779632,95.44056576165332,96.3703384399414,86800,0.0,0.0
2018-12-14 00:00:00-05:00,95.35431538146537,97.00297647741726,95.00924490922368,96.17864227294922,118000,0.0,0.0
2018-12-17 00:00:00-05:00,96.12111841573079,97.25218094509947,93.99318659666572,94.47245025634766,178400,0.0,0.0
2018-12-18 00:00:00-05:00,94.95171746457038,96.43743779030203,94.59706702346091,95.01881408691406,180100,0.0,0.0
2018-12-19 00:00:00-05:00,94.8750415976895,97.11799211664665,93.00590885224179,93.68646240234375,132200,0.0,0.0
2018-12-20 00:00:00-05:00,93.42766386266358,95.51725382041158,92.86212891198332,94.70250701904297,256700,0.0,0.0
2018-12-21 00:00:00-05:00,93.86858740811246,93.86858740811246,85.85529785864654,86.45916748046875,721800,0.0,0.0
2018-12-24 00:00:00-05:00,85.47188462727483,87.66691320266482,84.07243553154262,85.0405502319336,80100,0.0,0.0
2018-12-26 00:00:00-05:00,84.74341338372506,87.69567230284356,83.12349969093812,87.6189956665039,164700,0.0,0.0
2018-12-27 00:00:00-05:00,85.61565468175641,88.52957843349479,85.06929443536688,88.36663055419922,160300,0.0,0.0
2018-12-28 00:00:00-05:00,88.99926970347823,90.20701630328664,87.71484646774883,88.84590911865234,168700,0.0,0.0
2018-12-31 00:00:00-05:00,89.32517042032728,90.3603744506836,88.54875825633044,90.3603744506836,144900,0.0,0.0
2019-01-02 00:00:00-05:00,88.72128735559852,91.23263159374862,88.17492706982722,91.16553497314453,217600,0.0,0.0
2019-01-03 00:00:00-05:00,90.87797297546979,90.87797297546979,87.04386369097978,88.5199966430664,158200,0.0,0.0
2019-01-04 00:00:00-05:00,89.94820428933639,92.19116212289542,89.50728257964161,91.81733703613281,192000,0.0,0.0
2019-01-07 00:00:00-05:00,91.57770201770765,91.91318512072806,90.31244623418556,91.16553497314453,191000,0.0,0.0
2019-01-08 00:00:00-05:00,92.38287381080822,94.14656813707116,91.36683704502735,94.01237487792969,121700,0.0,0.0
2019-01-09 00:00:00-05:00,94.20406907064361,95.34471898493811,93.43725155985234,94.2232437133789,330000,0.0,0.0
2019-01-10 00:00:00-05:00,93.18802170431317,95.38305001473881,91.92276600932793,94.31908416748047,153100,0.0,0.0
2019-01-11 00:00:00-05:00,93.57143547363495,94.22323431493375,91.90359274523396,93.89733123779297,165100,0.0,0.0
2019-01-14 00:00:00-05:00,93.06341852906812,94.04112053844005,91.95153058637108,93.20719909667969,121600,0.0,0.0
2019-01-15 00:00:00-05:00,93.20718863109211,94.24239982607862,92.64166105843145,93.67687225341797,179100,0.0,0.0
2019-01-16 00:00:00-05:00,93.67690243858758,95.43100233016338,93.12095469402979,94.29035949707031,370900,0.0,0.0
2019-01-17 00:00:00-05:00,93.58102443901153,96.00610482642614,93.4947604860002,94.70250701904297,164600,0.0,0.0
2019-01-18 00:00:00-05:00,95.27762348827518,97.70269660114515,94.73126317159294,96.65789794921875,152900,0.0,0.0
2019-01-22 00:00:00-05:00,95.60350315388278,96.12110873174966,94.07944837987114,95.23926544189453,149900,0.0,0.0
2019-01-23 00:00:00-05:00,95.76645939025062,96.54286410907747,93.57143114841243,94.9229507446289,133400,0.0,0.0
2019-01-24 00:00:00-05:00,94.8367033169705,95.76647606525198,94.27116834809485,94.7408447265625,102900,0.0,0.0
2019-01-25 00:00:00-05:00,95.67059837832363,97.26175705529866,94.367000789206,95.66101837158203,118000,0.0,0.0
2019-01-28 00:00:00-05:00,94.43411455938124,94.75043035090047,92.44996316900793,93.02508544921875,153500,0.0,0.0
2019-01-29 00:00:00-05:00,92.91965400073614,94.12739333093464,92.42121562793767,93.87818145751953,185300,0.0,0.0
2019-01-30 00:00:00-05:00,94.84627798720568,94.84627798720568,92.44995962155639,94.34784698486328,230000,0.0,0.0
2019-01-31 00:00:00-05:00,94.31910605894532,96.52371488834578,93.73440370760807,96.02528381347656,273100,0.0,0.0
2019-02-01 00:00:00-05:00,96.01568801598137,96.638732289312,94.7983614342603,95.35430908203125,132700,0.0,0.0
2019-02-04 00:00:00-05:00,95.24887465692875,96.09237617421267,94.43412047987738,96.0636215209961,165200,0.0,0.0
2019-02-05 00:00:00-05:00,95.9102489426055,97.91357500381164,95.15301142189955,96.95504760742188,163000,0.0,0.0
2019-02-06 00:00:00-05:00,96.79208662861161,97.86563248722334,96.44701622749136,97.07005310058594,123300,0.0,0.0
2019-02-07 00:00:00-05:00,96.36074936135347,96.92628427733993,94.95171304474079,96.04443359375,124500,0.0,0.0
2019-02-08 00:00:00-05:00,95.6802044151074,97.30969806377654,95.6802044151074,96.95504760742188,156000,0.0,0.0
2019-02-11 00:00:00-05:00,97.44390139429899,97.8177265044677,96.5045413014495,97.71228790283203,167700,0.0,0.0
2019-02-12 00:00:00-05:00,98.3161693706364,98.58455591144588,96.85921072924863,97.53976440429688,173400,0.0,0.0
2019-02-13 00:00:00-05:00,98.05735106667946,98.5366147428353,96.763333290672,97.60684204101562,228500,0.0,0.0
2019-02-14 00:00:00-05:00,96.98378915679722,98.53660596183836,96.98378915679722,97.07005310058594,175300,0.0,0.0
2019-02-15 00:00:00-05:00,97.95523499056303,98.47479021936222,97.4453031939253,98.14766693115234,179600,0.38,0.0
2019-02-19 00:00:00-05:00,97.24326427087084,98.224641567958,96.1945376234005,97.36833953857422,198600,0.0,0.0
2019-02-20 00:00:00-05:00,97.3971960400554,98.88850497028241,95.68458488337507,96.35808563232422,321700,0.0,0.0
2019-02-21 00:00:00-05:00,96.06944080678154,101.12066336004301,96.06944080678154,100.9763412475586,328500,0.0,0.0
2019-02-22 00:00:00-05:00,101.10141808830852,101.10141808830852,99.64858829549291,100.27397918701172,252100,0.0,0.0
2019-02-25 00:00:00-05:00,100.6973257097244,100.93786011204207,99.65821532998547,99.66783142089844,359400,0.0,0.0
2019-02-26 00:00:00-05:00,99.8217713545553,101.38043683660891,99.6966961149658,100.17776489257812,361100,0.0,0.0
2019-02-27 00:00:00-05:00,99.71593990509574,100.46640605581422,98.92698736965743,99.95647430419922,247800,0.0,0.0
2019-02-28 00:00:00-05:00,99.97572614717987,100.37982219607747,99.39843768815166,99.47541046142578,175500,0.0,0.0
2019-03-01 00:00:00-05:00,100.21626145267507,100.21626145267507,98.55176008327342,98.8788833618164,145300,0.0,0.0
2019-03-04 00:00:00-05:00,99.0713146288916,99.4465477237628,97.9648548673747,98.90775299072266,173600,0.0,0.0
2019-03-05 00:00:00-05:00,98.84041516938358,99.19640144212217,97.79168119544987,98.37858581542969,122500,0.0,0.0
2019-03-06 00:00:00-05:00,98.42669303267988,98.79230272866893,97.89751434326172,97.89751434326172,157000,0.0,0.0
2019-03-07 00:00:00-05:00,98.1284088211042,98.66721085247845,96.57936674439162,98.34008026123047,265700,0.0,0.0
2019-03-08 00:00:00-05:00,97.7820443955719,98.66721659126853,97.67620866935303,98.39781188964844,124200,0.0,0.0
2019-03-11 00:00:00-04:00,98.49403315389364,100.9282402161348,98.49403315389364,100.61073303222656,137100,0.0,0.0
2019-03-12 00:00:00-04:00,100.55300646804841,100.7165681045627,99.38882080849102,100.22587585449219,127000,0.0,0.0
2019-03-13 00:00:00-04:00,100.21625516665286,100.68770053166973,98.10917148993252,98.51326751708984,186500,0.0,0.0
2019-03-14 00:00:00-04:00,98.30160125535612,98.30160125535612,97.20476492922381,97.46454620361328,190100,0.0,0.0
2019-03-15 00:00:00-04:00,97.6954731932723,99.19640581384569,97.6954731932723,98.15729522705078,333300,0.0,0.0
2019-03-18 00:00:00-04:00,98.33045135975006,99.62934288089498,98.12840336192293,99.00395202636719,186600,0.0,0.0
2019-03-19 00:00:00-04:00,99.26374677170229,99.87951432501828,98.54214348198559,98.98472595214844,213500,0.0,0.0
2019-03-20 00:00:00-04:00,98.75379971042439,99.31184126338869,96.69482589551335,98.34008026123047,105600,0.0,0.0
2019-03-21 00:00:00-04:00,97.91674194323689,99.87950356059483,97.67620753925469,98.1187973022461,156100,0.0,0.0
2019-03-22 00:00:00-04:00,97.68584956542341,97.68584956542341,95.62687526264895,95.83854675292969,190200,0.0,0.0
2019-03-25 00:00:00-04:00,95.86738234456163,97.51263663043251,95.42479996419813,97.1181640625,207400,0.0,0.0
2019-03-26 00:00:00-04:00,97.6954501216268,98.84039618338363,97.19513447257039,97.92636108398438,170200,0.0,0.0
2019-03-27 00:00:00-04:00,97.93599738981035,99.16753247165214,97.18553115809603,98.88851165771484,159400,0.0,0.0
2019-03-28 00:00:00-04:00,99.06170152480449,100.77430553953991,99.06170152480449,100.11043548583984,110800,0.0,0.0
2019-03-29 00:00:00-04:00,100.54338103918403,101.29384720642751,98.65759218955162,99.48503112792969,200400,0.0,0.0
2019-04-01 00:00:00-04:00,100.27398736345822,101.49589895285453,99.69670623980225,100.73580932617188,171000,0.0,0.0
2019-04-02 00:00:00-04:00,100.96672075338566,101.07255647522366,99.83139810682755,99.98533630371094,173400,0.0,0.0
2019-04-03 00:00:00-04:00,100.9474836080465,102.86214287612644,100.9474836080465,102.50614929199219,131000,0.0,0.0
2019-04-04 00:00:00-04:00,102.70819548877085,102.70819548877085,100.36057724291575,101.27461242675781,140200,0.0,0.0
2019-04-05 00:00:00-04:00,101.43816295928804,102.77553357668664,101.06292989918494,102.6793212890625,113400,0.0,0.0
2019-04-08 00:00:00-04:00,102.10204097691566,103.02569215787821,101.89999296925453,102.573486328125,106100,0.0,0.0
2019-04-09 00:00:00-04:00,102.40031458556766,102.40031458556766,100.44717625039648,100.620361328125,84000,0.0,0.0
2019-04-10 00:00:00-04:00,100.92823028564453,101.31308677307324,100.081544545196,100.92823028564453,105000,0.0,0.0
2019-04-11 00:00:00-04:00,101.21687803569147,103.10267429293124,100.36057611281016,103.08342742919922,132300,0.0,0.0
2019-04-12 00:00:00-04:00,103.18925819305828,104.12253284490644,102.93910036027289,103.56449127197266,89900,0.0,0.0
2019-04-15 00:00:00-04:00,103.0449456406601,103.95898085499867,102.46766449190989,102.86214447021484,160300,0.0,0.0
2019-04-16 00:00:00-04:00,103.2951064519051,104.03594926823315,102.66971546431333,103.72806549072266,106900,0.0,0.0
2019-04-17 00:00:00-04:00,104.00707876124933,104.15140087722169,101.4381729909466,101.7941665649414,101800,0.0,0.0
2019-04-18 00:00:00-04:00,101.1880217781594,103.03532443020633,100.76468617489544,101.82303619384766,162100,0.0,0.0
2019-04-22 00:00:00-04:00,101.5151536879277,101.7556881198123,100.41831726577615,100.81278991699219,86600,0.0,0.0
2019-04-23 00:00:00-04:00,101.40931179418214,102.93910716464205,100.32209153012981,102.45803833007812,174300,0.0,0.0
2019-04-24 00:00:00-04:00,102.56387859664254,103.61261251944492,102.52539220731208,102.88138580322266,123000,0.0,0.0
2019-04-25 00:00:00-04:00,94.46268540869906,100.98597823584647,92.37484823480034,100.31248474121094,524400,0.0,0.0
2019-04-26 00:00:00-04:00,99.64860561798147,104.94036319752975,99.64860561798147,103.747314453125,427800,0.0,0.0
2019-04-29 00:00:00-04:00,104.41117505515798,105.04618943069474,103.65109276763164,104.5266342163086,192700,0.0,0.0
2019-04-30 00:00:00-04:00,104.8345152624102,106.36431791087041,103.99745288189216,105.74855041503906,405900,0.0,0.0
2019-05-01 00:00:00-04:00,105.84476838054712,106.70107032970546,104.25723973821574,105.23861694335938,331200,0.0,0.0
2019-05-02 00:00:00-04:00,104.09366849179104,107.11477994529625,104.09366849179104,106.92234802246094,278200,0.0,0.0
2019-05-03 00:00:00-04:00,107.82675783707728,108.77927198186701,107.24947675964493,108.68305969238281,121700,0.0,0.0
2019-05-06 00:00:00-04:00,106.92235097766083,108.57722885714685,106.44128216806733,106.98970031738281,209400,0.0,0.0
2019-05-07 00:00:00-04:00,106.26810247378346,106.67220587306629,104.69982071783758,106.01795196533203,227100,0.0,0.0
2019-05-08 00:00:00-04:00,106.18151237690402,107.16288955687114,105.2386142435391,105.81590270996094,217500,0.0,0.0
2019-05-09 00:00:00-04:00,105.19050834562549,107.02818739304624,105.19050834562549,106.08529663085938,161000,0.0,0.0
2019-05-10 00:00:00-04:00,105.53688402424905,106.24886384910643,103.52601246443285,104.2091293334961,173000,0.0,0.0
2019-05-13 00:00:00-04:00,101.37082262407165,102.18863815227691,100.55300709586639,101.25536346435547,211500,0.0,0.0
2019-05-14 00:00:00-04:00,101.37082138893955,101.95772593108907,100.65884159735052,101.05331420898438,167300,0.0,0.0
2019-05-15 00:00:00-04:00,100.05269577140535,101.13029262080343,99.81216135024286,100.95710754394531,153200,0.0,0.0
2019-05-16 00:00:00-04:00,101.52474284717428,102.67931221824908,101.34194171899539,101.90959930419922,136000,0.0,0.0
2019-05-17 00:00:00-04:00,101.01127604290261,102.74035969139696,100.94365857596712,101.28174591064453,131300,0.42,0.0
2019-05-20 00:00:00-04:00,100.52829257754566,101.71643649702078,100.13224951755475,101.05957794189453,85500,0.0,0.0
2019-05-21 00:00:00-04:00,101.65846191188315,102.71137077772613,101.53288873530111,102.42157745361328,120800,0.0,0.0
2019-05-22 00:00:00-04:00,102.04484822880256,102.4891925778333,101.25275484666078,101.66812133789062,117300,0.0,0.0
2019-05-23 00:00:00-04:00,100.7891033447295,101.00161749603929,99.47539356979435,99.77484130859375,211800,0.0,0.0
2019-05-24 00:00:00-04:00,100.199869250057,100.97263926960109,98.95376957893757,99.08900451660156,115000,0.0,0.0
2019-05-28 00:00:00-04:00,99.17592969888574,100.44135275085964,98.0843885460311,98.3548583984375,205500,0.0,0.0
2019-05-29 00:00:00-04:00,97.97812749801778,98.06506107429377,96.41325679729619,96.674072265625,139400,0.0,0.0
2019-05-30 00:00:00-04:00,96.13313328286164,97.0314838285436,95.56321569343223,96.18143463134766,105000,0.0,0.0
2019-05-31 00:00:00-04:00,95.13816826051979,96.55814213108344,94.17220044323834,95.99787902832031,341600,0.0,0.0
2019-06-03 00:00:00-04:00,95.92062261297669,97.13773695205317,95.3796755369697,96.31666564941406,152100,0.0,0.0
2019-06-04 00:00:00-04:00,97.15706665460598,98.43214416503906,96.87693504030045,98.43214416503906,104500,0.0,0.0
2019-06-05 00:00:00-04:00,98.72192355055918,99.35946594801003,97.3599125456199,98.94409942626953,101000,0.0,0.0
2019-06-06 00:00:00-04:00,98.71228078829037,99.34015414661845,98.16167927561314,98.85717010498047,92000,0.0,0.0
2019-06-07 00:00:00-04:00,99.42708543728824,100.33509770558568,99.29185050836108,99.33049011230469,67100,0.0,0.0
2019-06-10 00:00:00-04:00,99.52366764143666,100.36406233447596,99.44638844373766,99.7651596069336,87500,0.0,0.0
2019-06-11 00:00:00-04:00,100.4606633488659,100.6345378686828,98.60600671731923,99.06001281738281,106600,0.0,0.0
2019-06-12 00:00:00-04:00,98.82818803039542,99.7362003483033,98.403167103296,99.2145767211914,102800,0.0,0.0
2019-06-13 00:00:00-04:00,99.41743352057794,100.4606808209202,98.86683200702258,100.08395385742188,136700,0.0,0.0
2019-06-14 00:00:00-04:00,99.85211979692947,100.08395006497031,97.76562527530788,98.40316772460938,120300,0.0,0.0
2019-06-17 00:00:00-04:00,98.50942151766365,99.35947071866168,97.88154083329245,98.3645248413086,157900,0.0,0.0
2019-06-18 00:00:00-04:00,98.90546959766554,100.44136265347103,98.00711900231744,98.15201568603516,111600,0.0,0.0
2019-06-19 00:00:00-04:00,98.0650570542797,99.56231023327021,98.0650570542797,99.43673706054688,133400,0.0,0.0
2019-06-20 00:00:00-04:00,100.39305863631431,100.54760969035793,98.9827461830666,100.07428741455078,96100,0.0,0.0
2019-06-21 00:00:00-04:00,99.4850240019589,99.78447903844256,98.49974006543913,99.26285552978516,336500,0.0,0.0
2019-06-24 00:00:00-04:00,99.14694355575755,100.12257318735841,98.46110723881043,99.11796569824219,108500,0.0,0.0
2019-06-25 00:00:00-04:00,99.08898568069547,100.02597569193381,98.41280375116008,98.68328094482422,108700,0.0,0.0
2019-06-26 00:00:00-04:00,98.80886884510055,100.4413571439198,98.3452009565879,98.90546417236328,141400,0.0,0.0
2019-06-27 00:00:00-04:00,99.22423644172908,101.0112758092484,99.06002364665864,100.91468048095703,152400,0.0,0.0
2019-06-28 00:00:00-04:00,101.03059026165107,103.23300350704659,101.03059026165107,101.8033676147461,460300,0.0,0.0
2019-07-01 00:00:00-04:00,102.74034476712252,104.17963485124706,100.67317408423223,101.6488037109375,153100,0.0,0.0
2019-07-02 00:00:00-04:00,101.0499244703369,101.20447553550332,98.80887875228542,99.97769927978516,157900,0.0,0.0
2019-07-03 00:00:00-04:00,100.3930520285046,100.90501387656346,99.57198072295262,100.58624267578125,42400,0.0,0.0
2019-07-05 00:00:00-04:00,100.10327172439216,100.87604915363998,99.31117817580143,100.74081420898438,54600,0.0,0.0
2019-07-08 00:00:00-04:00,100.23849008098259,100.9339881782601,99.3401396002909,100.18053436279297,114600,0.0,0.0
2019-07-09 00:00:00-04:00,99.55265355968712,100.3930483207797,98.71226616834504,99.27252197265625,90800,0.0,0.0
2019-07-10 00:00:00-04:00,99.6106199140735,100.22883882650096,98.95376139840046,99.90040588378906,109400,0.0,0.0
2019-07-11 00:00:00-04:00,100.00665646800454,100.45100082190066,99.26286442055348,100.09359741210938,114200,0.0,0.0
2019-07-12 00:00:00-04:00,100.00666368678725,103.37788986996962,100.00666368678725,103.03980255126953,166900,0.0,0.0
2019-07-15 00:00:00-04:00,103.35856939163533,104.21828026708852,102.70171089884239,103.07843780517578,156200,0.0,0.0
2019-07-16 00:00:00-04:00,102.96252225329829,104.70126754497755,102.96252225329829,103.7063217163086,137400,0.0,0.0
2019-07-17 00:00:00-04:00,103.58073872634984,104.55636097621016,102.6534030787548,102.68238830566406,80900,0.0,0.0
2019-07-18 00:00:00-04:00,102.47953863956873,103.1653823852539,102.03519425669928,103.1653823852539,64900,0.0,0.0
2019-07-19 00:00:00-04:00,103.01081875338095,104.73024047773242,102.7403489140111,103.37788391113281,98100,0.0,0.0
2019-07-22 00:00:00-04:00,103.36824851704405,104.35353273704447,102.15112664665975,102.87560272216797,149300,0.0,0.0
2019-07-23 00:00:00-04:00,103.46483967702537,105.51269462091531,103.15573019207513,105.41609191894531,104100,0.0,0.0
2019-07-24 00:00:00-04:00,104.87515060762883,106.89402765889238,104.83651100136406,106.62355041503906,162400,0.0,0.0
2019-07-25 00:00:00-04:00,106.15987975419881,106.15987975419881,101.03058490047428,101.33003997802734,275500,0.0,0.0
2019-07-26 00:00:00-04:00,101.96756966268039,102.77898653490543,101.52322531088463,102.08348846435547,237400,0.0,0.0
2019-07-29 00:00:00-04:00,101.95792105078245,102.450559403799,100.68284363931188,102.01587677001953,172300,0.0,0.0
2019-07-30 00:00:00-04:00,101.4942491341027,102.52783451447131,100.62487653151454,102.42157745361328,184600,0.0,0.0
2019-07-31 00:00:00-04:00,102.69204540451474,103.13638975550268,101.19479957678918,101.76471710205078,294200,0.0,0.0
2019-08-01 00:00:00-04:00,101.75506086690001,102.73069056521682,100.93398957890098,101.33003997802734,229000,0.0,0.0
2019-08-02 00:00:00-04:00,100.57658890175385,101.67779181124652,99.68789275763187,101.0016098022461,157300,0.0,0.0
2019-08-05 00:00:00-04:00,99.77483439368326,100.04530425124116,95.87232283666695,96.60646057128906,169500,0.0,0.0
2019-08-06 00:00:00-04:00,96.88659048745234,98.85715866389307,96.69339247130567,98.67362976074219,134700,0.0,0.0
2019-08-07 00:00:00-04:00,97.35025231991825,98.72192508946631,95.56321302215484,98.37417602539062,144600,0.0,0.0
2019-08-08 00:00:00-04:00,99.04069784194932,100.4993115852014,98.61566956371009,100.47998809814453,170600,0.0,0.0
2019-08-09 00:00:00-04:00,100.37374876105166,100.55727768853374,99.35947930863023,99.46573638916016,90000,0.0,0.0
2019-08-12 00:00:00-04:00,98.73158776617161,98.73158776617161,97.42753244843574,97.61106872558594,73800,0.0,0.0
2019-08-13 00:00:00-04:00,96.71271820979032,100.40271565198108,96.49054232848589,98.83784484863281,156000,0.0,0.0
2019-08-14 00:00:00-04:00,98.52872321432868,98.52872321432868,96.38427335344505,96.4712142944336,142400,0.0,0.0
2019-08-15 00:00:00-04:00,96.5678204587624,97.07978231069349,95.65014645288046,96.23938751220703,101300,0.0,0.0
2019-08-16 00:00:00-04:00,96.81896196636384,98.74123594653446,96.81896196636384,98.58667755126953,86500,0.0,0.0
2019-08-19 00:00:00-04:00,99.72154724492707,100.5072195777814,99.27536670291586,99.55665588378906,134600,0.42,0.0
2019-08-20 00:00:00-04:00,99.18807979264838,100.14833781195986,98.73219755513739,99.03288269042969,72200,0.0,0.0
2019-08-21 00:00:00-04:00,99.72155318106358,100.01254404762106,98.74189922407734,99.03288269042969,104700,0.0,0.0
2019-08-22 00:00:00-04:00,99.45965114702767,99.45965114702767,97.742818633902,98.61578369140625,79700,0.0,0.0
2019-08-23 00:00:00-04:00,98.17931146743818,98.76128574485672,95.83201102173422,96.3848876953125,156900,0.0,0.0
2019-08-26 00:00:00-04:00,97.14146142675149,97.14146142675149,95.74471714831884,96.7437744140625,93100,0.0,0.0
2019-08-27 00:00:00-04:00,97.57791639278004,98.31508762570513,96.11327559320867,96.8698501586914,116000,0.0,0.0
2019-08-28 00:00:00-04:00,96.43337484196047,98.53818524918532,96.14239142264407,98.3053970336914,115700,0.0,0.0
2019-08-29 00:00:00-04:00,99.22687474910197,101.13768903561193,99.01348244294228,100.39082336425781,96700,0.0,0.0
2019-08-30 00:00:00-04:00,100.87580135549419,102.65082925154864,100.36172393646528,102.45683288574219,162000,0.0,0.0
2019-09-03 00:00:00-04:00,101.46747646261858,101.98155387729933,98.99407647099063,99.76034545898438,139800,0.0,0.0
2019-09-04 00:00:00-04:00,100.62360391074387,101.30258005115523,100.26472360529337,100.85639953613281,81800,0.0,0.0
2019-09-05 00:00:00-04:00,102.02035366136013,104.75563950806247,102.02035366136013,103.46559143066406,117800,0.0,0.0
2019-09-06 00:00:00-04:00,103.41708550513215,105.26000265191729,102.9418000176146,103.86326599121094,102700,0.0,0.0
2019-09-09 00:00:00-04:00,104.2706486253146,106.07477392842938,103.349190039405,105.08541107177734,115300,0.0,0.0
2019-09-10 00:00:00-04:00,104.99812529205737,107.7140150957212,104.1348618516494,107.18053436279297,124400,0.0,0.0
2019-09-11 00:00:00-04:00,107.46181066111434,109.60542020362091,107.46181066111434,109.4405288696289,134800,0.0,0.0
2019-09-12 00:00:00-04:00,110.04191121561408,110.57539194384593,108.5675759124527,110.12921142578125,139900,0.0,0.0
2019-09-13 00:00:00-04:00,110.57540352525021,111.19617712846328,109.62483978271484,109.62483978271484,103500,0.0,0.0
2019-09-16 00:00:00-04:00,108.18929180982026,109.27564919715373,107.26782577407545,108.85856628417969,171900,0.0,0.0
2019-09-17 00:00:00-04:00,108.4026831355174,109.27564822469492,107.65581012580834,108.67427062988281,118600,0.0,0.0
2019-09-18 00:00:00-04:00,108.52877753835185,108.6839746242855,105.56070357181248,107.02533721923828,100700,0.0,0.0
2019-09-19 00:00:00-04:00,107.67522854181594,108.14080505444801,106.06509188513407,106.62767028808594,154500,0.0,0.0
2019-09-20 00:00:00-04:00,106.62766044295462,106.71495325593627,104.64894194645404,104.67803955078125,333000,0.0,0.0
2019-09-23 00:00:00-04:00,104.68774320947031,105.82259420103678,104.09606724288513,104.58104705810547,79500,0.0,0.0
2019-09-24 00:00:00-04:00,104.92052689829961,106.00688430135138,103.25219522226469,103.81477355957031,174700,0.0,0.0
2019-09-25 00:00:00-04:00,104.07665860176509,106.2105665681673,103.96026079624716,105.67708587646484,115400,0.0,0.0
2019-09-26 00:00:00-04:00,105.56070703976275,106.70525968540964,104.86233493052671,105.40550994873047,86600,0.0,0.0
2019-09-27 00:00:00-04:00,106.05538202852817,106.56946684683776,104.89143343660024,105.43460845947266,123000,0.0,0.0
2019-09-30 00:00:00-04:00,105.47340293977881,106.41426491893272,105.12421689802675,105.83229064941406,142500,0.0,0.0
2019-10-01 00:00:00-04:00,105.61888833500765,106.58884782556716,103.24249054321834,103.49467468261719,103200,0.0,0.0
2019-10-02 00:00:00-04:00,102.79630761507251,102.95149728175664,101.01157834688246,102.0882339477539,140600,0.0,0.0
2019-10-03 00:00:00-04:00,101.62266001761515,104.12515746271215,101.05038742834172,103.96026611328125,170400,0.0,0.0
2019-10-04 00:00:00-04:00,103.6789690968379,105.03691386029517,103.12609248459788,104.89141845703125,89900,0.0,0.0
2019-10-07 00:00:00-04:00,104.73623472629005,105.22121449786904,103.67897497614173,104.05725860595703,103600,0.0,0.0
2019-10-08 00:00:00-04:00,102.84480551206593,104.53253298496041,102.47622356287401,103.7856674194336,196600,0.0,0.0
2019-10-09 00:00:00-04:00,105.07572568871035,105.16301850098161,103.68868315883246,104.80413818359375,86400,0.0,0.0
2019-10-10 00:00:00-04:00,104.98841664181522,106.10387157271477,103.09699853304929,105.70619201660156,112400,0.0,0.0
2019-10-11 00:00:00-04:00,107.32602536806469,110.70148044790272,107.32602536806469,109.08164978027344,137800,0.0,0.0
2019-10-14 00:00:00-04:00,108.55788944535095,108.55788944535095,106.93805849856483,107.84982299804688,83000,0.0,0.0
2019-10-15 00:00:00-04:00,108.06319898218665,109.04285281734981,107.00593920535954,108.05349731445312,84800,0.0,0.0
2019-10-16 00:00:00-04:00,107.39393009220761,108.17959501474566,106.74405892417727,108.0728988647461,134600,0.0,0.0
2019-10-17 00:00:00-04:00,108.34447477086664,109.36293522080935,107.87889834818708,108.81005859375,112500,0.0,0.0
2019-10-18 00:00:00-04:00,108.16019420662278,109.56663262933293,107.66551275165259,108.85856628417969,118900,0.0,0.0
2019-10-21 00:00:00-04:00,110.05161189801247,110.97307792941595,109.85762294414029,110.48809814453125,77600,0.0,0.0
2019-10-22 00:00:00-04:00,110.23590461477048,110.57538897808342,109.10105371446545,110.04190826416016,100100,0.0,0.0
2019-10-23 00:00:00-04:00,109.93521440227042,110.5753912722605,108.3735862986308,108.9361572265625,132700,0.0,0.0
2019-10-24 00:00:00-04:00,109.07195687422983,109.34355178540936,104.30945896345256,108.41238403320312,202900,0.0,0.0
2019-10-25 00:00:00-04:00,109.1786509542973,113.92175283870554,108.99436366117652,111.64234924316406,154500,0.0,0.0
2019-10-28 00:00:00-04:00,111.70054267778318,114.49402345137887,111.6908410104564,113.8635482788086,163200,0.0,0.0
2019-10-29 00:00:00-04:00,113.64045751606639,116.03625124263179,113.64045751606639,115.91986083984375,164800,0.0,0.0
2019-10-30 00:00:00-04:00,115.55128633880686,117.10322764388289,114.4164353646388,116.85103607177734,182700,0.0,0.0
2019-10-31 00:00:00-04:00,116.58912765303099,116.89951439359685,115.36698402466743,116.4630355834961,317400,0.0,0.0
2019-11-01 00:00:00-04:00,117.56879402410841,118.24777013685262,116.84132437487074,118.11196899414062,153400,0.0,0.0
2019-11-04 00:00:00-05:00,119.0916289010858,120.20708383118266,118.61635080746682,119.32441711425781,197200,0.0,0.0
2019-11-05 00:00:00-05:00,120.11978764956517,120.33317993553877,118.48056103497584,119.2080307006836,215500,0.0,0.0
2019-11-06 00:00:00-05:00,119.01337716645003,120.57063284004559,118.73112341536384,119.8990707397461,120000,0.42,0.0
2019-11-07 00:00:00-05:00,120.81394406158836,121.20325980348292,119.97691781546811,120.97940826416016,148400,0.0,0.0
2019-11-08 00:00:00-05:00,120.63876539761414,122.40041764947634,120.28838193456868,122.10842895507812,117400,0.0,0.0
2019-11-11 00:00:00-05:00,121.07674877784557,123.10118491986343,121.07674877784557,122.12789916992188,232200,0.0,0.0
2019-11-12 00:00:00-05:00,121.71910046875108,123.23743112535895,121.3881869135087,121.68016815185547,153400,0.0,0.0
2019-11-13 00:00:00-05:00,121.34926526324291,121.62178407988644,120.7458254366888,121.28113555908203,139500,0.0,0.0
2019-11-14 00:00:00-05:00,121.07674799649793,122.23495298205904,121.03781567568178,122.05976867675781,103200,0.0,0.0
2019-11-15 00:00:00-05:00,122.73132163973658,122.78972382939683,120.73609046934375,121.30059051513672,120500,0.0,0.0
2019-11-18 00:00:00-05:00,120.86260538485983,121.60230451561468,119.86985734603029,120.48302459716797,107900,0.0,0.0
2019-11-19 00:00:00-05:00,121.232472640233,122.58533926096511,120.88208917041652,122.31282043457031,101600,0.0,0.0
2019-11-20 00:00:00-05:00,121.60231669753244,122.42960805036371,120.26891262669064,120.86261749267578,148100,0.0,0.0
2019-11-21 00:00:00-05:00,121.17407427586056,121.72884684901597,118.93551411017054,119.39295959472656,246600,0.0,0.0
2019-11-22 00:00:00-05:00,120.09373119708536,120.09373119708536,118.43914834962658,119.13018035888672,201800,0.0,0.0
2019-11-25 00:00:00-05:00,119.59733382596757,121.58283737376178,118.76030760212551,120.71661376953125,208000,0.0,0.0
2019-11-26 00:00:00-05:00,120.9696790437243,121.913767349108,120.18132001268783,121.46605682373047,293000,0.0,0.0
2019-11-27 00:00:00-05:00,121.6607150846243,122.83838991557377,120.81395383442624,121.826171875,182300,0.0,0.0
2019-11-29 00:00:00-05:00,121.43684961027854,121.93322738045285,120.40516917769463,120.61929321289062,123400,0.0,0.0
2019-12-02 00:00:00-05:00,120.74582501786018,121.32006745857932,119.78227422647545,119.9477310180664,121900,0.0,0.0
2019-12-03 00:00:00-05:00,118.8381797689974,119.44161956241562,118.10821551067976,119.41242218017578,104500,0.0,0.0
2019-12-04 00:00:00-05:00,120.30785062974813,122.10842775935608,120.22998598859363,120.70689392089844,123900,0.0,0.0
2019-12-05 00:00:00-05:00,121.06700292827205,121.85536193847656,120.52196533362007,121.85536193847656,115800,0.0,0.0
2019-12-06 00:00:00-05:00,123.47102627661718,124.54163907694033,122.4490733066474,123.0525131225586,201300,0.0,0.0
2019-12-09 00:00:00-05:00,122.41987582915594,122.45880814875711,120.54143410548865,121.09620666503906,150100,0.0,0.0
2019-12-10 00:00:00-05:00,121.16434235830332,122.17656044123555,120.86262614845332,121.61205291748047,110200,0.0,0.0
2019-12-11 00:00:00-05:00,122.06949624451615,123.59755456575036,121.99163160284769,123.37370300292969,90500,0.0,0.0
2019-12-12 00:00:00-05:00,122.87732958293944,124.5124499884723,120.97942528436613,123.75328826904297,128800,0.0,0.0
2019-12-13 00:00:00-05:00,123.29583197650928,124.26911767022166,122.52693538740681,123.49048614501953,131500,0.0,0.0
2019-12-16 00:00:00-05:00,124.103665551579,124.75575778316957,122.98438547660103,123.22770690917969,134500,0.0,0.0
2019-12-17 00:00:00-05:00,123.59754611583512,124.09392389055988,122.44906871927574,123.9576644897461,106900,0.0,0.0
2019-12-18 00:00:00-05:00,123.60728919305595,124.19125915294632,122.59507113064153,123.3445053100586,113700,0.0,0.0
2019-12-19 00:00:00-05:00,123.27638202464951,123.42236895303853,122.09869968138186,122.59507751464844,118000,0.0,0.0
2019-12-20 00:00:00-05:00,123.04277818625565,123.48076121292014,122.22522175074438,123.0525131225586,480400,0.0,0.0
2019-12-23 00:00:00-05:00,123.12064378676557,123.79221331087922,121.86510431478736,123.13037872314453,101800,0.0,0.0
2019-12-24 00:00:00-05:00,123.12064059618217,123.87006731516435,122.46854096172513,123.50995635986328,42900,0.0,0.0
2019-12-26 00:00:00-05:00,122.99411152307871,123.95766224728231,122.70212285485688,123.77273559570312,95800,0.0,0.0
2019-12-27 00:00:00-05:00,124.32751833586107,124.32751833586107,123.29583782775133,123.98686981201172,74800,0.0,0.0
2019-12-30 00:00:00-05:00,123.7143463961341,124.23992156722208,122.59506635171972,123.59754943847656,114100,0.0,0.0
2019-12-31 00:00:00-05:00,123.49048793018574,124.23992208350313,122.96491275691372,122.98438262939453,148100,0.0,0.0
2020-01-02 00:00:00-05:00,123.75327539584796,125.25213623046875,122.44906872652113,125.25213623046875,142500,0.0,0.0
2020-01-03 00:00:00-05:00,123.7824809281386,125.69012009082724,123.29583805728188,125.31053924560547,102200,0.0,0.0
2020-01-06 00:00:00-05:00,123.7630213868099,125.17428277520179,123.52942745689506,124.89203643798828,183100,0.0,0.0
2020-01-07 00:00:00-05:00,124.34697847809416,125.2326645707923,123.96739766328349,124.4637680053711,61700,0.0,0.0
2020-01-08 00:00:00-05:00,124.8433520291405,126.62446651575928,124.53189349870743,126.04048919677734,193200,0.0,0.0
2020-01-09 00:00:00-05:00,126.42979785577634,127.8605289251661,126.42979785577634,127.37388610839844,168300,0.0,0.0
2020-01-10 00:00:00-05:00,127.50042848431528,128.27906002544415,126.73153930506592,127.61721801757812,119000,0.0,0.0
2020-01-13 00:00:00-05:00,127.72428499177897,130.03098232127664,127.72428499177897,129.98231506347656,192900,0.0,0.0
2020-01-14 00:00:00-05:00,129.86553827826415,131.66612324145842,128.77546275741778,131.07241821289062,247700,0.0,0.0
2020-01-15 00:00:00-05:00,130.2645825753367,131.64664678481574,129.369161320653,130.50790405273438,193400,0.0,0.0
2020-01-16 00:00:00-05:00,131.63688602609346,134.20635958442327,130.91664928847928,134.1674346923828,162100,0.0,0.0
2020-01-17 00:00:00-05:00,134.80009298951086,134.95582229298384,132.63939717010575,133.3401641845703,186700,0.0,0.0
2020-01-21 00:00:00-05:00,132.97029209749752,133.476404837011,131.73422990935507,133.04815673828125,176400,0.0,0.0
2020-01-22 00:00:00-05:00,133.71000909458607,134.2647742827039,132.10407860021786,132.6004638671875,150100,0.0,0.0
2020-01-23 00:00:00-05:00,132.31818165877675,133.03841838897876,130.57600687305253,132.7853546142578,142500,0.0,0.0
2020-01-24 00:00:00-05:00,133.08709456183763,134.05063791889964,131.33517729741376,132.89242553710938,176000,0.0,0.0
2020-01-27 00:00:00-05:00,130.80957691353706,134.03116468052548,130.42026861931632,133.2914581298828,196500,0.0,0.0
2020-01-28 00:00:00-05:00,134.02144932002216,135.25752642249162,133.42774439847344,134.93634033203125,130600,0.0,0.0
2020-01-29 00:00:00-05:00,135.11152837785212,136.152936357141,134.59567329235094,134.63461303710938,121300,0.0,0.0
2020-01-30 00:00:00-05:00,133.64184197357227,134.68326468332643,132.69775376327235,134.61512756347656,124700,0.0,0.0
2020-01-31 00:00:00-05:00,133.6710620302816,133.77812405738038,131.49091144377866,131.97755432128906,627700,0.0,0.0
2020-02-03 00:00:00-05:00,132.80482551258947,135.85121438479402,132.14299839147037,134.14796447753906,196000,0.0,0.0
2020-02-04 00:00:00-05:00,135.28670915710632,136.60065076204614,133.55426183944633,133.69052124023438,205500,0.0,0.0
2020-02-05 00:00:00-05:00,135.04338903846104,135.04338903846104,133.8851766950265,134.43995666503906,177400,0.0,0.0
2020-02-06 00:00:00-05:00,134.94606860583517,137.26249353433553,134.16745185613382,136.9510498046875,192200,0.0,0.0
2020-02-07 00:00:00-05:00,136.6103773206099,136.8731686099991,135.500832250163,136.20159912109375,133800,0.0,0.0
2020-02-10 00:00:00-05:00,135.77335386558354,136.67850242946346,135.36457565758994,136.45465087890625,105900,0.0,0.0
2020-02-11 00:00:00-05:00,137.06968403646871,138.06540776111956,137.04039892078995,137.4796905517578,143400,0.42,0.0
2020-02-12 00:00:00-05:00,138.2704350979428,138.2704350979428,136.71826419712633,137.1673126220703,124800,0.0,0.0
2020-02-13 00:00:00-05:00,136.60106218683666,138.95373193135015,136.60106218683666,137.90919494628906,120200,0.0,0.0
2020-02-14 00:00:00-05:00,137.91897163044868,138.26065114827387,136.84513448509952,137.35276794433594,116900,0.0,0.0
2020-02-18 00:00:00-05:00,137.2649071819262,138.73897911796453,136.68894677934676,137.0989532470703,380800,0.0,0.0
2020-02-19 00:00:00-05:00,137.38205593375787,138.40707961290647,135.54679090481187,137.37229919433594,205000,0.0,0.0
2020-02-20 00:00:00-05:00,126.53636159126515,132.76458744543007,126.53636159126515,129.3283233642578,429000,0.0,0.0
2020-02-21 00:00:00-05:00,129.26975119980364,130.5485841616929,127.96163312396158,128.83045959472656,559700,0.0,0.0
2020-02-24 00:00:00-05:00,124.35940427542143,126.8096862685153,123.66629599687401,126.28253936767578,302000,0.0,0.0
2020-02-25 00:00:00-05:00,126.40946974957347,126.93661672673521,122.02628039529158,122.1141357421875,184000,0.0,0.0
2020-02-26 00:00:00-05:00,123.01224081989317,124.77917877550436,120.51313781738281,120.51313781738281,126200,0.0,0.0
2020-02-27 00:00:00-05:00,118.31666508952675,122.97319159275253,117.60403586356308,120.94267272949219,303300,0.0,0.0
2020-02-28 00:00:00-05:00,118.49238035236971,119.12691841281521,115.41732446725055,118.77548217773438,442800,0.0,0.0
2020-03-02 00:00:00-05:00,119.35146893382824,124.43752351431841,118.26787494521301,124.38871002197266,254200,0.0,0.0
2020-03-03 00:00:00-05:00,124.48631221062854,126.54612362385534,122.27031849776164,123.24652862548828,283000,0.0,0.0
2020-03-04 00:00:00-05:00,125.26728077604254,127.71756263925748,124.29106327807247,127.52232360839844,233200,0.0,0.0
2020-03-05 00:00:00-05:00,124.4765678173105,126.47779430889467,123.39297387223266,126.12635803222656,289800,0.0,0.0
2020-03-06 00:00:00-05:00,122.69009113134513,126.40945684259688,122.10436653483148,126.32158660888672,349100,0.0,0.0
2020-03-09 00:00:00-04:00,118.54119948695666,122.02626944437223,118.1604781221216,119.4588394165039,302600,0.0,0.0
2020-03-10 00:00:00-04:00,122.24104123057097,122.24104123057097,110.09698407896535,113.79682159423828,516600,0.0,0.0
2020-03-11 00:00:00-04:00,111.02440036875969,112.654669777459,104.2690194522763,104.42521667480469,666600,0.0,0.0
2020-03-12 00:00:00-04:00,98.19698878045423,102.37517504743423,91.89067124676171,94.31167602539062,505500,0.0,0.0
2020-03-13 00:00:00-04:00,92.4763979740063,113.9334945678711,91.5880430934734,113.9334945678711,376200,0.0,0.0
2020-03-16 00:00:00-04:00,104.33734719707829,107.78337558158752,99.56367974552029,100.61798858642578,311900,0.0,0.0
2020-03-17 00:00:00-04:00,103.10731277634737,112.6448821145863,100.28606620142644,112.21534729003906,445600,0.0,0.0
2020-03-18 00:00:00-04:00,106.83645606387573,117.83834270803614,105.92858020014391,113.23062896728516,498000,0.0,0.0
2020-03-19 00:00:00-04:00,113.56252829999013,118.11166371659209,98.88032678088469,106.40690612792969,334600,0.0,0.0
2020-03-20 00:00:00-04:00,106.37762319856691,107.10001663747663,93.49164451223817,94.55571746826172,489800,0.0,0.0
2020-03-23 00:00:00-04:00,93.228081730164,93.69666594158765,81.581892793077,84.95957946777344,333500,0.0,0.0
2020-03-24 00:00:00-04:00,86.54104380781756,93.14998420242496,85.90650562893424,92.86688232421875,340500,0.0,0.0
2020-03-25 00:00:00-04:00,92.7399673701036,97.28911039714134,89.04989407061913,94.56548309326172,290200,0.0,0.0
2020-03-26 00:00:00-04:00,95.4050276294494,101.16466194207567,95.4050276294494,99.36843872070312,211700,0.0,0.0
2020-03-27 00:00:00-04:00,95.53192770944109,97.29886573154808,92.06637863123122,93.6966552734375,180300,0.0,0.0
2020-03-30 00:00:00-04:00,94.57524222203217,100.21774347765233,92.68139948403581,99.41724395751953,268900,0.0,0.0
2020-03-31 00:00:00-04:00,98.0017373637096,102.1799156567249,97.47458298357787,98.79246520996094,245000,0.0,0.0
2020-04-01 00:00:00-04:00,93.80403828047663,95.53193457414172,86.3946061422487,87.02914428710938,276700,0.0,0.0
2020-04-02 00:00:00-04:00,86.50197563705727,91.08040328777177,86.08220500545772,90.9534912109375,181200,0.0,0.0
2020-04-03 00:00:00-04:00,89.73324023483923,91.81257273764783,88.51297747887843,91.19755554199219,196500,0.0,0.0
2020-04-06 00:00:00-04:00,95.60026337171522,97.43553583168436,94.12618391224792,96.60575866699219,269700,0.0,0.0
2020-04-07 00:00:00-04:00,101.13537109001932,101.81872267077911,95.47335663055337,97.50386810302734,308700,0.0,0.0
2020-04-08 00:00:00-04:00,99.58320319524556,106.35809682396606,97.47458561773533,105.2549819946289,259600,0.0,0.0
2020-04-09 00:00:00-04:00,107.29526643466693,111.32701187107153,105.76260927386562,110.84867095947266,199600,0.0,0.0
2020-04-13 00:00:00-04:00,108.72053745111322,110.57533095461751,105.75285741845602,107.28550720214844,167400,0.0,0.0
2020-04-14 00:00:00-04:00,110.46794967227312,111.70773334768839,107.06097071594513,108.05670928955078,147900,0.0,0.0
2020-04-15 00:00:00-04:00,104.454492754507,105.09879506985047,101.89681931609914,102.58992767333984,190400,0.0,0.0
2020-04-16 00:00:00-04:00,102.31658172607422,103.44898905611359,98.85104022029981,102.31658172607422,186400,0.0,0.0
2020-04-17 00:00:00-04:00,105.6649932724684,107.20740722427765,102.9608942108373,105.45022583007812,239100,0.0,0.0
2020-04-20 00:00:00-04:00,102.97064108260369,104.77662821589445,99.22199055466358,100.54963684082031,354000,0.0,0.0
2020-04-21 00:00:00-04:00,98.08960164291386,98.08960164291386,93.15973728091947,93.32569122314453,181000,0.0,0.0
2020-04-22 00:00:00-04:00,96.30313809574558,96.51790553224733,92.70092006034938,94.20428466796875,396100,0.0,0.0
2020-04-23 00:00:00-04:00,93.67712681387968,95.4635932085535,93.14997242948941,94.44833374023438,295900,0.0,0.0
2020-04-24 00:00:00-04:00,95.45383176488265,97.40625215671217,94.14571367734537,96.50814056396484,173300,0.0,0.0
2020-04-27 00:00:00-04:00,96.79124579708689,98.94866951170678,96.79124579708689,97.33792114257812,264900,0.0,0.0
2020-04-28 00:00:00-04:00,100.00296776359227,102.91206977037118,98.079832622309,101.7210922241211,174000,0.0,0.0
2020-04-29 00:00:00-04:00,104.77664040342226,106.63144123493932,103.03898747474265,103.1561279296875,196900,0.0,0.0
2020-04-30 00:00:00-04:00,107.64669111363747,111.49296152906062,106.95358279347866,109.8529281616211,603700,0.0,0.0
2020-05-01 00:00:00-04:00,107.39287747932664,107.39287747932664,101.50633164230727,102.84373474121094,329900,0.0,0.0
2020-05-04 00:00:00-04:00,99.80773166164512,110.39961114972252,99.56367910455627,110.06770324707031,323500,0.0,0.0
2020-05-05 00:00:00-04:00,112.26417063632205,113.04514175903613,110.35079957835447,112.06893157958984,432800,0.0,0.0
2020-05-06 00:00:00-04:00,112.20561424714715,112.67419102025086,110.88772438404584,112.16656494140625,274100,0.0,0.0
2020-05-07 00:00:00-04:00,113.75776604243106,115.00731382579309,113.12322796397281,114.55825805664062,245900,0.0,0.0
2020-05-08 00:00:00-04:00,117.14522412755903,120.3569565828034,116.57902042344823,119.49789428710938,266200,0.0,0.0
2020-05-11 00:00:00-04:00,117.74071083364743,119.86884933169944,116.86212017887502,118.7852554321289,280400,0.0,0.0
2020-05-12 00:00:00-04:00,118.72669026341052,119.36122095144059,114.96827493828681,115.32947540283203,219400,0.0,0.0
2020-05-13 00:00:00-04:00,114.32397674583254,116.08115807927194,111.8346377647755,113.21109771728516,259900,0.0,0.0
2020-05-14 00:00:00-04:00,111.29772119503346,111.33677049474831,107.40263733726634,111.02438354492188,235900,0.0,0.0
2020-05-15 00:00:00-04:00,110.26292708113697,112.41059375556179,108.80837612723872,112.10796356201172,634000,0.0,0.0
2020-05-18 00:00:00-04:00,117.17450098028804,119.96646255430637,116.34472385746828,118.47286224365234,238700,0.0,0.0
2020-05-19 00:00:00-04:00,117.82855979633135,119.65407542198152,114.04086717045661,114.07015228271484,165100,0.0,0.0
2020-05-20 00:00:00-04:00,116.67663726103459,119.3124092118057,115.32946989590219,115.82733917236328,214900,0.0,0.0
2020-05-21 00:00:00-04:00,115.21987419818083,117.36555284670621,114.85736746850884,116.04287719726562,138100,0.43,0.0
2020-05-22 00:00:00-04:00,116.64053800136922,116.64053800136922,113.63267234081434,114.03437042236328,132500,0.0,0.0
2020-05-26 00:00:00-04:00,117.82604893831474,118.82540177590006,115.56279615690082,117.78685760498047,462500,0.0,0.0
2020-05-27 00:00:00-04:00,119.79536529271769,122.47011591325555,116.80709894942385,122.30355834960938,251300,0.0,0.0
2020-05-28 00:00:00-04:00,123.60664202073464,123.60664202073464,119.20751008070167,119.64840698242188,163200,0.0,0.0
2020-05-29 00:00:00-04:00,118.4334993844786,118.75682228771424,114.94555284043169,116.53276824951172,224300,0.0,0.0
2020-06-01 00:00:00-04:00,116.86588782689863,117.74767419882855,114.7887993452226,116.2094497680664,279900,0.0,0.0
2020-06-02 00:00:00-04:00,117.26758992358191,117.26758992358191,115.07292002433508,116.4053955078125,198500,0.0,0.0
2020-06-03 00:00:00-04:00,117.85544268661724,120.9318913962868,116.9932557627231,119.29569244384766,239300,0.0,0.0
2020-06-04 00:00:00-04:00,117.67908798392955,118.43350062439484,115.9645063260711,116.591552734375,196300,0.0,0.0
2020-06-05 00:00:00-04:00,119.67780534386374,121.70591027586855,118.58047035396905,120.66736602783203,225700,0.0,0.0
2020-06-08 00:00:00-04:00,121.80386953057398,121.88225219318589,119.21730146423799,120.1480712890625,212700,0.0,0.0
2020-06-09 00:00:00-04:00,117.44394193394939,119.69738752202906,116.99325281633347,118.10037994384766,182000,0.0,0.0
2020-06-10 00:00:00-04:00,117.62030110717922,118.44329668968683,115.89591979980469,115.89591979980469,224500,0.0,0.0
2020-06-11 00:00:00-04:00,112.66271450116739,114.10296435699094,109.04740151969416,109.23355102539062,327500,0.0,0.0
2020-06-12 00:00:00-04:00,113.24077366669981,113.24077366669981,106.58819584449283,110.3014907836914,378400,0.0,0.0
2020-06-15 00:00:00-04:00,107.53856831360861,109.97817108476536,107.53856831360861,109.91938781738281,305600,0.0,0.0
2020-06-16 00:00:00-04:00,114.42628352694625,114.42628352694625,109.85080163328175,110.65420532226562,207500,0.0,0.0
2020-06-17 00:00:00-04:00,110.52682391520983,113.5934802933972,109.95856827842162,112.06504821777344,268600,0.0,0.0
2020-06-18 00:00:00-04:00,110.44844562309854,111.7221302628705,105.60842455701139,105.93174743652344,231500,0.0,0.0
2020-06-19 00:00:00-04:00,107.90106479733338,108.32236228165893,103.30599127757691,103.61951446533203,470500,0.0,0.0
2020-06-22 00:00:00-04:00,102.8944881466122,105.62802200024063,100.99375705187161,105.48106384277344,286900,0.0,0.0
2020-06-23 00:00:00-04:00,106.30405919622801,106.70576475906253,103.77627424346475,106.3530502319336,309400,0.0,0.0
2020-06-24 00:00:00-04:00,104.61887536080233,105.62802796564327,102.2968466418919,103.2863998413086,402800,0.0,0.0
2020-06-25 00:00:00-04:00,102.50259153741045,105.69660679812333,100.08258083605432,105.39288330078125,572000,0.0,0.0
2020-06-26 00:00:00-04:00,104.75604353031953,109.75282309736939,103.81547387446172,108.34197235107422,3871800,0.0,0.0
2020-06-29 00:00:00-04:00,109.15516528288946,109.95856892060873,107.47976756857715,109.80180358886719,243400,0.0,0.0
2020-06-30 00:00:00-04:00,109.40989843987273,112.82926937945125,109.40989843987273,112.12384033203125,220300,0.0,0.0
2020-07-01 00:00:00-04:00,111.88870091754762,112.1336411625291,108.55751956578591,108.98860931396484,196100,0.0,0.0
2020-07-02 00:00:00-04:00,110.33086651694337,111.71232538588669,109.59604590208494,110.0957260131836,197800,0.0,0.0
2020-07-06 00:00:00-04:00,112.05526091045283,112.28060173968044,110.0467480022129,110.70318603515625,137400,0.0,0.0
2020-07-07 00:00:00-04:00,109.36091051447433,110.26228871687354,108.3125666872317,108.40074157714844,160500,0.0,0.0
2020-07-08 00:00:00-04:00,109.42949369132502,110.05654004857375,107.46997195617719,107.8814697265625,167200,0.0,0.0
2020-07-09 00:00:00-04:00,108.7534717047133,109.39031785383666,106.15710354289241,107.52877044677734,159800,0.0,0.0
2020-07-10 00:00:00-04:00,108.29296710230513,109.97815698438824,107.77369504038045,109.2727279663086,122400,0.0,0.0
2020-07-13 00:00:00-04:00,110.57581445468222,111.80051556509206,109.44908793810869,109.57645416259766,202700,0.0,0.0
2020-07-14 00:00:00-04:00,109.0473870621832,111.33022419241152,108.87102980781111,111.2028579711914,142600,0.0,0.0
2020-07-15 00:00:00-04:00,113.13299514204252,116.08207761762705,112.93703847216328,115.22968292236328,145600,0.0,0.0
2020-07-16 00:00:00-04:00,115.16110436114919,117.14021821523637,114.2597260701781,116.31722259521484,221300,0.0,0.0
2020-07-17 00:00:00-04:00,116.24863239878367,116.7679044803171,113.76983851524794,113.86781311035156,137100,0.0,0.0
2020-07-20 00:00:00-04:00,113.2309626589795,114.21072352216179,110.3210716993309,111.2028579711914,138000,0.0,0.0
2020-07-21 00:00:00-04:00,113.28975160092378,114.69081000454509,111.96707586428414,112.16303253173828,139500,0.0,0.0
2020-07-22 00:00:00-04:00,112.23160926517481,113.45631033757968,111.02650012093628,111.34982299804688,135200,0.0,0.0
2020-07-23 00:00:00-04:00,111.65354778301187,114.2499155819924,111.65354778301187,112.46675109863281,256500,0.0,0.0
2020-07-24 00:00:00-04:00,112.41776042171088,112.85865729934113,111.73193080092904,112.48634338378906,120200,0.0,0.0
2020-07-27 00:00:00-04:00,112.26100970659944,115.59219838001151,111.35963144055344,115.28846740722656,147500,0.0,0.0
2020-07-28 00:00:00-04:00,115.28845602144165,118.1689552773552,115.21987306177618,115.8175277709961,190100,0.0,0.0
2020-07-29 00:00:00-04:00,115.58239156700431,118.39430049298252,115.32765164662553,117.77705383300781,147500,0.0,0.0
2020-07-30 00:00:00-04:00,115.44523277249822,117.84564407341007,110.24269712432412,117.7574691772461,393700,0.0,0.0
2020-07-31 00:00:00-04:00,117.09121901329677,118.04158821542468,114.19112785034903,116.13105010986328,282400,0.0,0.0
2020-08-03 00:00:00-04:00,117.00304154368979,118.80580543521364,116.5621521412697,118.462890625,121000,0.0,0.0
2020-08-04 00:00:00-04:00,118.10038252446974,119.01156048162026,117.34596242796717,117.51252746582031,208400,0.0,0.0
2020-08-05 00:00:00-04:00,118.40411671023728,119.02137093129153,117.08144084009479,118.5412826538086,167500,0.0,0.0
2020-08-06 00:00:00-04:00,118.08077319291472,119.29568201696584,117.2969690056045,117.41453552246094,124500,0.0,0.0
2020-08-07 00:00:00-04:00,117.41454155217686,118.26693621806993,116.02328288139427,116.98345184326172,171000,0.0,0.0
2020-08-10 00:00:00-04:00,116.80709671729834,122.39173090623014,116.80709671729834,122.37213897705078,406100,0.0,0.0
2020-08-11 00:00:00-04:00,122.47011689413118,125.55635785987711,122.47011689413118,123.58704376220703,195900,0.0,0.0
2020-08-12 00:00:00-04:00,124.4296330354422,125.56615925588345,122.38193636324418,122.7934341430664,191100,0.0,0.0
2020-08-13 00:00:00-04:00,121.88225389909225,124.33165607763115,121.81367093709245,122.86201477050781,144900,0.0,0.0
2020-08-14 00:00:00-04:00,121.98703596107183,124.6808158853824,121.98703596107183,122.50809478759766,142800,0.43,0.0
2020-08-17 00:00:00-04:00,122.54741780371535,123.87464463899259,122.40977990972823,123.46173095703125,180900,0.0,0.0
2020-08-18 00:00:00-04:00,123.34375213345838,124.36621041561575,123.30442594944817,123.6386947631836,202000,0.0,0.0
2020-08-19 00:00:00-04:00,124.04178218874488,124.70047893238666,123.3830854451031,123.90414428710938,146300,0.0,0.0
2020-08-20 00:00:00-04:00,122.90135766103677,123.62887338433411,121.6921017622165,121.97721099853516,146900,0.0,0.0
2020-08-21 00:00:00-04:00,121.40698534941879,122.82269802519191,121.04323125962364,122.79320526123047,104000,0.0,0.0
2020-08-24 00:00:00-04:00,123.08814054164347,123.87464925145771,122.36062486052221,123.78617095947266,82200,0.0,0.0
2020-08-25 00:00:00-04:00,124.36621314086062,124.36621314086062,122.65556535279576,122.95050048828125,154500,0.0,0.0
2020-08-26 00:00:00-04:00,122.52775868229375,122.87186093964749,121.32834374492637,121.75108337402344,76900,0.0,0.0
2020-08-27 00:00:00-04:00,122.76371096380002,123.59937176864877,121.8395643674693,122.68505859375,119900,0.0,0.0
2020-08-28 00:00:00-04:00,122.98981686514225,123.88447062305251,122.25246783417532,123.82547760009766,70700,0.0,0.0
2020-08-31 00:00:00-04:00,123.34374500006255,124.54316729054777,122.63588873022195,123.82547760009766,136700,0.0,0.0
2020-09-01 00:00:00-04:00,124.14008371401658,125.29035394141164,123.28476360987709,125.04457092285156,140700,0.0,0.0
2020-09-02 00:00:00-04:00,124.97575073900929,127.88582074983374,124.81844600835275,127.55155944824219,114100,0.0,0.0
2020-09-03 00:00:00-04:00,127.47290952415227,127.47290952415227,121.45613847395529,122.08534240722656,85700,0.0,0.0
2020-09-04 00:00:00-04:00,123.74683145190131,123.79598355303388,119.97160055220093,120.74827575683594,65500,0.0,0.0
2020-09-08 00:00:00-04:00,120.0895853629861,120.27637535816078,118.46741592691686,118.84100341796875,113100,0.0,0.0
2020-09-09 00:00:00-04:00,119.46038798239084,123.02915493691816,119.46038798239084,121.71176147460938,120300,0.0,0.0
2020-09-10 00:00:00-04:00,121.86906482063813,123.35359652101488,120.55167129233932,121.06289672851562,148500,0.0,0.0
2020-09-11 00:00:00-04:00,121.4758029433501,122.79320389098324,121.17103438487877,122.05585479736328,97900,0.0,0.0
2020-09-14 00:00:00-04:00,123.42241285524948,123.81566722126605,122.89152058623257,123.64852905273438,83100,0.0,0.0
2020-09-15 00:00:00-04:00,124.79879521858894,126.95185698758823,124.79879521858894,126.84371185302734,95300,0.0,0.0
2020-09-16 00:00:00-04:00,128.03330266174288,130.97287335072198,128.03330266174288,129.93075561523438,208000,0.0,0.0
2020-09-17 00:00:00-04:00,128.30854723643054,132.0247848606813,126.93216848722777,131.17929077148438,192700,0.0,0.0
2020-09-18 00:00:00-04:00,132.30009878299535,132.89979498479065,130.6091103084414,131.80853271484375,375500,0.0,0.0
2020-09-21 00:00:00-04:00,129.80292643104818,129.80292643104818,124.55300476023186,127.38442993164062,179800,0.0,0.0
2020-09-22 00:00:00-04:00,128.05295894901514,130.22568754024647,127.62037841491255,130.16668701171875,189800,0.0,0.0
2020-09-23 00:00:00-04:00,130.17651186924874,131.37593411073308,128.4658567867865,128.53468322753906,153300,0.0,0.0
2020-09-24 00:00:00-04:00,128.32822151021043,130.6090949997678,126.16533406413632,128.38720703125,114900,0.0,0.0
2020-09-25 00:00:00-04:00,128.18077921981623,131.36611790177184,127.43358915750534,130.8057403564453,79300,0.0,0.0
2020-09-28 00:00:00-04:00,132.05432161296557,133.1849176193575,131.63156697485115,132.24110412597656,101200,0.0,0.0
2020-09-29 00:00:00-04:00,132.28043670943677,132.91946662051262,130.14704169690492,130.4223175048828,113200,0.0,0.0
2020-09-30 00:00:00-04:00,130.92369775055175,132.60486021383974,130.5894364425219,131.90682983398438,162000,0.0,0.0
2020-10-01 00:00:00-04:00,132.15262930793486,132.41807920390377,130.66810507763316,131.19898986816406,98600,0.0,0.0
2020-10-02 00:00:00-04:00,129.89141367141636,134.71859608417327,129.28187654443244,134.52197265625,132600,0.0,0.0
2020-10-05 00:00:00-04:00,135.06269728204393,138.23820987241714,134.6891022709156,137.7564697265625,105800,0.0,0.0
2020-10-06 00:00:00-04:00,138.50365402502973,139.4671192755171,136.90114391342118,137.68765258789062,138700,0.0,0.0
2020-10-07 00:00:00-04:00,138.2676847057859,139.6440635134452,137.44185742119035,137.9039306640625,136700,0.0,0.0
2020-10-08 00:00:00-04:00,138.64129562102528,140.0078486663717,137.21575704876412,139.5359344482422,83200,0.0,0.0
2020-10-09 00:00:00-04:00,139.6047811368683,142.18058286161917,139.6047811368683,141.58087158203125,68200,0.0,0.0
2020-10-12 00:00:00-04:00,142.17074033909736,143.34066999393445,141.8463049305068,142.46568298339844,167600,0.0,0.0
2020-10-13 00:00:00-04:00,141.96427900391348,142.72129497337545,140.8926685415441,141.60052490234375,95300,0.0,0.0
2020-10-14 00:00:00-04:00,141.18759605112606,142.76061335119155,140.90249435370913,142.1412353515625,113300,0.0,0.0
2020-10-15 00:00:00-04:00,141.12862434223777,142.13142334422537,140.10615849668795,141.40390014648438,80900,0.0,0.0
2020-10-16 00:00:00-04:00,141.78730206376187,144.24513213004343,141.78730206376187,143.3406524658203,71800,0.0,0.0
2020-10-19 00:00:00-04:00,143.28169588800895,144.5204370911407,140.4600962009869,140.79437255859375,88500,0.0,0.0
2020-10-20 00:00:00-04:00,141.21708657633093,142.8294225327303,140.51905622261327,140.85333251953125,114700,0.0,0.0
2020-10-21 00:00:00-04:00,140.8533386698275,143.22267560456842,140.6665411725887,141.28591918945312,83500,0.0,0.0
2020-10-22 00:00:00-04:00,142.07241683682358,143.34066566862694,140.96148774549383,141.33506774902344,106300,0.0,0.0
2020-10-23 00:00:00-04:00,141.993772756089,142.89826755782676,139.65392838183874,141.06964111328125,61600,0.0,0.0
2020-10-26 00:00:00-04:00,139.98818400726583,141.0991281195092,138.32668830002234,139.91937255859375,79200,0.0,0.0
2020-10-27 00:00:00-04:00,139.66373391504783,141.9544333473055,137.08793279443557,137.22557067871094,110600,0.0,0.0
2020-10-28 00:00:00-04:00,134.54162278854847,136.40956762391795,133.59780944977598,133.78460693359375,111000,0.0,0.0
2020-10-29 00:00:00-04:00,127.0993313725675,129.37036438573108,122.47861296898446,129.04592895507812,319600,0.0,0.0
2020-10-30 00:00:00-04:00,128.6821687690347,129.999562272789,127.18780367444717,129.69479370117188,435700,0.0,0.0
2020-11-02 00:00:00-05:00,131.110504399312,134.1680459922873,129.89141513024643,133.096435546875,132900,0.0,0.0
2020-11-03 00:00:00-05:00,132.7228206917565,138.09072804035193,132.2410806087403,137.3632049560547,137300,0.0,0.0
2020-11-04 00:00:00-05:00,136.74384253767883,138.8870783532266,133.1554163115982,133.4011993408203,123300,0.0,0.0
2020-11-05 00:00:00-05:00,135.07251790385018,137.91376905775198,135.07251790385018,136.4292449951172,124800,0.0,0.0
2020-11-06 00:00:00-05:00,136.92081178484074,138.00224809413535,134.03040101024757,136.43907165527344,151600,0.0,0.0
2020-11-09 00:00:00-05:00,145.60185933133616,146.2212223079531,137.72696218702418,138.12022399902344,196300,0.0,0.0
2020-11-10 00:00:00-05:00,139.41209484713394,142.38041755654808,138.34705047487333,141.48301696777344,109000,0.43,0.0
2020-11-11 00:00:00-05:00,142.676236100769,143.9779618830409,141.10826053822794,141.87745666503906,198700,0.0,0.0
2020-11-12 00:00:00-05:00,141.47315906864816,141.98594650070143,137.93286729459052,139.27403259277344,159200,0.0,0.0
2020-11-13 00:00:00-05:00,139.8558572089165,140.7631137728957,138.06105625482252,139.7868194580078,136200,0.0,0.0
2020-11-16 00:00:00-05:00,141.30548963950275,141.91691314333383,138.11037185077245,139.18527221679688,208400,0.0,0.0
2020-11-17 00:00:00-05:00,138.38650898324073,139.08666744967104,137.2721540425581,137.90328979492188,221900,0.0,0.0
2020-11-18 00:00:00-05:00,137.99202073658486,139.19512545006825,136.42404518371205,136.7100372314453,210600,0.0,0.0
2020-11-19 00:00:00-05:00,136.4240329645363,138.51468189524016,136.03943493794972,137.2523956298828,161900,0.0,0.0
2020-11-20 00:00:00-05:00,137.7553630073329,140.8617310014426,136.80865192531598,140.65464782714844,125400,0.0,0.0
2020-11-23 00:00:00-05:00,141.27589993527386,145.16133489269515,139.64875780521874,145.06272888183594,105700,0.0,0.0
2020-11-24 00:00:00-05:00,146.0685969538922,149.01719215824235,143.63280418670328,148.5931396484375,129700,0.0,0.0
2020-11-25 00:00:00-05:00,148.98759377423096,149.43135841357298,147.01529311274652,148.46493530273438,161500,0.0,0.0
2020-11-27 00:00:00-05:00,149.09607438291698,150.08222473661314,145.48676047699854,146.6898651123047,73900,0.0,0.0
2020-11-30 00:00:00-05:00,146.9364069759131,148.6424429241565,145.81219614188842,147.3703155517578,191600,0.0,0.0
2020-12-01 00:00:00-05:00,148.3367614071867,149.26374531604463,145.16135548629433,147.04490661621094,113300,0.0,0.0
2020-12-02 00:00:00-05:00,146.85751451863814,147.29142309855735,144.89506982217122,146.86737060546875,117100,0.0,0.0
2020-12-03 00:00:00-05:00,147.52811004240343,148.553699866603,145.5656652736689,145.8812255859375,99400,0.0,0.0
2020-12-04 00:00:00-05:00,146.49264306430052,151.63047815630583,146.49264306430052,151.37408447265625,81000,0.0,0.0
2020-12-07 00:00:00-05:00,151.66007760128187,152.80401578382643,148.73122448259707,148.8002471923828,117900,0.0,0.0
2020-12-08 00:00:00-05:00,148.09020296824224,150.87115430411197,148.09020296824224,149.70748901367188,62800,0.0,0.0
2020-12-09 00:00:00-05:00,149.89488463919125,150.62464146833727,147.7154852876981,148.36634826660156,159200,0.0,0.0
2020-12-10 00:00:00-05:00,147.33086108712448,149.50040396601295,146.85751311694003,149.1749725341797,69800,0.0,0.0
2020-12-11 00:00:00-05:00,148.21843710911168,151.29522214349615,148.21843710911168,150.34852600097656,63300,0.0,0.0
2020-12-14 00:00:00-05:00,151.84743747859466,153.316807021677,146.87724598201368,147.54782104492188,148000,0.0,0.0
2020-12-15 00:00:00-05:00,149.05661868018313,151.28532809104135,148.1197788615957,150.54571533203125,103000,0.0,0.0
2020-12-16 00:00:00-05:00,151.44313448562232,152.7645725004098,148.52412248153917,149.15525817871094,96800,0.0,0.0
2020-12-17 00:00:00-05:00,149.0467730205363,150.24987772982064,147.86339553282778,148.82981872558594,101200,0.0,0.0
2020-12-18 00:00:00-05:00,148.44520935659654,150.56542656690135,145.190910227731,146.4137420654297,489300,0.0,0.0
2020-12-21 00:00:00-05:00,144.1949119880398,146.94626496972873,142.8241635406283,146.22637939453125,141800,0.0,0.0
2020-12-22 00:00:00-05:00,145.66429442146028,147.88313300754993,144.56966678375758,144.78662109375,100600,0.0,0.0
2020-12-23 00:00:00-05:00,145.51636162625144,147.0350417837337,145.01343030128533,146.19680786132812,110300,0.0,0.0
2020-12-24 00:00:00-05:00,147.11392718552958,147.82395676292884,146.40391265559305,146.89698791503906,50700,0.0,0.0
2020-12-28 00:00:00-05:00,147.78450124286016,147.78450124286016,145.83192764172847,146.24610900878906,69900,0.0,0.0
2020-12-29 00:00:00-05:00,146.4235989427818,146.80819697525078,143.41583738246803,145.0035400390625,59500,0.0,0.0
2020-12-30 00:00:00-05:00,145.11203709754056,147.0350425713052,145.00355994285363,146.5912628173828,61200,0.0,0.0
2020-12-31 00:00:00-05:00,147.03505262524527,147.95216541147585,145.95028100420174,147.32102966308594,62700,0.0,0.0
2021-01-04 00:00:00-05:00,146.8969746944009,148.53397297236114,143.5440542034512,144.0765838623047,83900,0.0,0.0
2021-01-05 00:00:00-05:00,144.86550052227642,147.21254349653992,144.57952350192792,146.7293243408203,109400,0.0,0.0
2021-01-06 00:00:00-05:00,146.50249605499312,154.0662675611452,146.50249605499312,152.6363525390625,178000,0.0,0.0
2021-01-07 00:00:00-05:00,153.34639608073243,155.22007593025828,151.96579145976202,154.43116760253906,88900,0.0,0.0
2021-01-08 00:00:00-05:00,154.6875560142735,154.9045103112154,151.86716520149022,153.4844512939453,78900,0.0,0.0
2021-01-11 00:00:00-05:00,151.7488279988608,154.7269913654603,151.56145701572183,154.09585571289062,79300,0.0,0.0
2021-01-12 00:00:00-05:00,153.63236888638272,159.16467340121372,153.63236888638272,158.523681640625,94000,0.0,0.0
2021-01-13 00:00:00-05:00,158.01088554210526,159.05620263236267,155.2398051299235,156.3837432861328,77500,0.0,0.0
2021-01-14 00:00:00-05:00,157.6262699467316,157.65585325373775,154.67769000041213,155.8511962890625,90300,0.0,0.0
2021-01-15 00:00:00-05:00,155.44690159453302,156.16678721597643,151.61077691271865,155.46661376953125,92200,0.0,0.0
2021-01-19 00:00:00-05:00,156.4527566534128,157.78406572696855,155.01298548023243,156.1766357421875,118300,0.0,0.0
2021-01-20 00:00:00-05:00,156.32458615671516,159.4802648417656,155.60468543597423,159.04635620117188,113400,0.0,0.0
2021-01-21 00:00:00-05:00,158.4053400862191,161.9258891121751,156.96555391297568,160.5157012939453,224300,0.0,0.0
2021-01-22 00:00:00-05:00,159.06607496333345,161.93577646304226,158.21798495114172,160.78196716308594,99800,0.0,0.0
2021-01-25 00:00:00-05:00,160.82141565228488,163.3361022852062,159.74651528346482,161.1172637939453,120200,0.0,0.0
2021-01-26 00:00:00-05:00,161.38352529446038,161.38352529446038,156.86696919057778,158.11936950683594,128900,0.0,0.0
2021-01-27 00:00:00-05:00,155.56523555383922,160.50584395687804,155.0031225670912,159.2139892578125,123900,0.0,0.0
2021-01-28 00:00:00-05:00,159.7563818330443,160.05222999407945,155.2989773365118,156.56124877929688,158600,0.0,0.0
2021-01-29 00:00:00-05:00,155.7920499587365,156.15693587175303,153.55349918403164,153.9578094482422,189000,0.0,0.0
2021-02-01 00:00:00-05:00,154.78617801439813,155.81176784005726,150.7823946312987,155.5553741455078,129800,0.0,0.0
2021-02-02 00:00:00-05:00,157.0641706922081,158.29685863154788,155.35811974999046,156.35414123535156,153000,0.0,0.0
2021-02-03 00:00:00-05:00,156.06814794049444,158.58283432583525,154.87491445147324,158.27713012695312,88900,0.0,0.0
2021-02-04 00:00:00-05:00,158.94771591919155,164.91392891136735,157.65586128921254,164.68711853027344,184500,0.0,0.0
2021-02-05 00:00:00-05:00,165.7423004796336,166.39314829000568,161.44268424972375,163.47415161132812,211700,0.0,0.0
2021-02-08 00:00:00-05:00,164.2335039528527,167.2314100144996,162.9022097552314,167.19195556640625,91500,0.0,0.0
2021-02-09 00:00:00-05:00,167.45819169331932,169.10506100327407,165.3083911124375,168.2372589111328,167800,0.0,0.0
2021-02-10 00:00:00-05:00,169.3713228550254,169.57842104970442,166.31425074666387,167.18206787109375,97100,0.0,0.0
2021-02-11 00:00:00-05:00,167.16234732564354,168.70075457514224,165.52534911300316,167.75404357910156,172300,0.0,0.0
2021-02-12 00:00:00-05:00,167.1031762119351,169.80523362705395,167.1031762119351,169.1346435546875,68200,0.0,0.0
2021-02-16 00:00:00-05:00,169.80524004545742,170.4166484792128,167.9907269180498,170.09121704101562,74700,0.0,0.0
2021-02-17 00:00:00-05:00,169.79537245941842,170.44623534941437,167.4582007741599,168.44435119628906,56800,0.0,0.0
2021-02-18 00:00:00-05:00,168.01923590844467,168.1576447986993,164.2821807861328,164.2821807861328,145600,0.43,0.0
2021-02-19 00:00:00-05:00,165.06321135844397,168.2960507570943,163.25399976956692,168.0291290283203,104900,0.0,0.0
2021-02-22 00:00:00-05:00,167.09980024182525,170.27332359623753,166.75377049089352,170.08547973632812,84000,0.0,0.0
2021-02-23 00:00:00-05:00,168.70138972956954,170.4413892623968,167.030587095185,169.28468322753906,120200,0.0,0.0
2021-02-24 00:00:00-05:00,169.64059698742162,169.64059698742162,166.47695455928866,166.7142333984375,132800,0.0,0.0
2021-02-25 00:00:00-05:00,165.9332092652509,167.10969239468628,159.83330686014887,160.268310546875,102600,0.0,0.0
2021-02-26 00:00:00-05:00,160.60444614386859,163.0958213243047,158.9435394138699,159.16104125976562,157200,0.0,0.0
2021-03-01 00:00:00-05:00,160.82195044550232,165.97276775041234,160.82195044550232,165.73548889160156,167100,0.0,0.0
2021-03-02 00:00:00-05:00,165.14229076205405,165.14229076205405,157.33204685934442,157.510009765625,177600,0.0,0.0
2021-03-03 00:00:00-05:00,157.2232962566072,160.81206150520293,156.34340794131464,158.9534149169922,151100,0.0,0.0
2021-03-04 00:00:00-05:00,157.8560439981631,158.38002164946323,152.5075014672579,154.38592529296875,122300,0.0,0.0
2021-03-05 00:00:00-05:00,155.33499861347948,158.1031916104188,152.6063596355263,157.96478271484375,172000,0.0,0.0
2021-03-08 00:00:00-05:00,158.182271817376,163.9658171648736,156.9662498267023,161.91932678222656,114300,0.0,0.0
2021-03-09 00:00:00-05:00,163.05626238335523,164.1141136096807,159.79376496428395,160.5747833251953,148300,0.0,0.0
2021-03-10 00:00:00-05:00,161.29648829795846,164.18332819557605,159.65535860082352,163.4418487548828,57600,0.0,0.0
2021-03-11 00:00:00-05:00,163.38250893209548,163.79773558627724,160.4956842753291,161.00978088378906,77100,0.0,0.0
2021-03-12 00:00:00-05:00,160.4561481788645,163.02660109568976,160.0112635476291,162.96728515625,62300,0.0,0.0
2021-03-15 00:00:00-04:00,163.12545878625426,165.18183001635757,161.63261910933102,163.74830627441406,97900,0.0,0.0
2021-03-16 00:00:00-04:00,163.95593432652782,165.53776320630882,161.03945147202992,161.49423217773438,96300,0.0,0.0
2021-03-17 00:00:00-04:00,161.1086520845524,163.12546943267313,160.42648861689128,162.987060546875,64700,0.0,0.0
2021-03-18 00:00:00-04:00,162.61137525088301,164.35138993885366,161.55353912620757,162.32467651367188,113700,0.0,0.0
2021-03-19 00:00:00-04:00,161.84025518840974,161.84025518840974,157.31228524998858,157.68797302246094,348400,0.0,0.0
2021-03-22 00:00:00-04:00,157.34191382687774,158.25147511508177,153.84213789263097,157.312255859375,122400,0.0,0.0
2021-03-23 00:00:00-04:00,155.81943173667491,158.06364704284155,152.08237660391399,152.873291015625,125100,0.0,0.0
2021-03-24 00:00:00-04:00,152.8040734875717,153.0611293361847,147.80156151161768,148.04872131347656,177300,0.0,0.0
2021-03-25 00:00:00-04:00,146.83270855084575,152.09226162090238,145.60679042573452,151.0146484375,205800,0.0,0.0
2021-03-26 00:00:00-04:00,151.60782492894663,152.64588400399148,147.60383321590996,149.0867919921875,123100,0.0,0.0
2021-03-29 00:00:00-04:00,148.16735556412863,149.057139916334,145.59690263488915,146.20985412597656,118400,0.0,0.0
2021-03-30 00:00:00-04:00,145.73531465319402,148.99782717715271,144.74667540868762,148.34532165527344,197200,0.0,0.0
2021-03-31 00:00:00-04:00,148.29588156120536,149.3734946800452,146.69429086768426,148.31565856933594,220400,0.0,0.0
2021-04-01 00:00:00-04:00,149.08680138946988,150.7674850914344,147.89054126361083,149.78872680664062,94000,0.0,0.0
2021-04-05 00:00:00-04:00,150.4214507189549,151.51884085241494,149.02748088896828,150.11497497558594,100900,0.0,0.0
2021-04-06 00:00:00-04:00,149.20541559186273,152.26030688106215,149.20541559186273,151.36065673828125,110500,0.0,0.0
2021-04-07 00:00:00-04:00,152.43828070974007,152.43828070974007,149.52179808590776,150.77735900878906,126600,0.0,0.0
2021-04-08 00:00:00-04:00,151.33100547361593,151.33100547361593,148.81985352599472,150.2830352783203,113100,0.0,0.0
2021-04-09 00:00:00-04:00,151.1233973079193,151.50896601442432,149.10657986284036,150.76748657226562,138300,0.0,0.0
2021-04-12 00:00:00-04:00,149.83816455466052,153.12045415470257,149.83816455466052,152.92271423339844,105300,0.0,0.0
2021-04-13 00:00:00-04:00,153.22919590195525,153.73339646603827,150.89600677339405,151.22225952148438,74500,0.0,0.0
2021-04-14 00:00:00-04:00,151.2618147541648,152.04283317314554,150.36214935963147,150.7576141357422,75700,0.0,0.0
2021-04-15 00:00:00-04:00,151.14315962049318,153.22918885168113,151.14315962049318,152.2108917236328,72100,0.0,0.0
2021-04-16 00:00:00-04:00,153.42691955696742,154.15850290883483,152.07248868299712,153.86192321777344,56200,0.0,0.0
2021-04-19 00:00:00-04:00,153.92124791654382,154.30681662230558,152.41851202607637,152.94248962402344,92000,0.0,0.0
2021-04-20 00:00:00-04:00,152.2899848058578,155.1570477079775,151.91431214556744,154.65283203125,96900,0.0,0.0
2021-04-21 00:00:00-04:00,154.69238492690656,158.72603488426648,154.69238492690656,157.29251098632812,97100,0.0,0.0
2021-04-22 00:00:00-04:00,158.1031883471699,160.1496788524739,156.82785034179688,156.82785034179688,62900,0.0,0.0
2021-04-23 00:00:00-04:00,157.35183538321687,160.29797628779923,157.35183538321687,159.81353759765625,93300,0.0,0.0
2021-04-26 00:00:00-04:00,160.47590642220055,161.01964586044193,157.07498549458742,157.39134216308594,62600,0.0,0.0
2021-04-27 00:00:00-04:00,156.99591729176538,160.35728473702287,156.16546393499888,156.9168243408203,65000,0.0,0.0
2021-04-28 00:00:00-04:00,157.44081529514168,158.18229480202618,156.73887472436445,158.02410888671875,77000,0.0,0.0
2021-04-29 00:00:00-04:00,155.1273802967942,161.80069488837506,151.8352099546952,158.47886657714844,139800,0.0,0.0
2021-04-30 00:00:00-04:00,157.92522319644542,160.82192866392145,157.92522319644542,158.93362426757812,260600,0.0,0.0
2021-05-03 00:00:00-04:00,160.04092927259842,162.13683969003182,158.25149461407975,160.15956115722656,111400,0.0,0.0
2021-05-04 00:00:00-04:00,160.18920818422401,163.26387669609173,159.3785318855872,161.91932678222656,76800,0.0,0.0
2021-05-05 00:00:00-04:00,161.81058092218743,161.90945087933696,159.0918230403874,160.7725067138672,73900,0.0,0.0
2021-05-06 00:00:00-04:00,161.28658153357932,164.1338669576733,158.86441876523278,159.85305786132812,87400,0.0,0.0
2021-05-07 00:00:00-04:00,159.56636320490404,163.6593289499982,158.16249733040127,163.6099090576172,62300,0.0,0.0
2021-05-10 00:00:00-04:00,163.362753967311,165.2312815334292,162.60149752617016,164.5491180419922,95400,0.0,0.0
2021-05-11 00:00:00-04:00,162.33455984296336,164.39093126800822,162.018203131269,164.01524353027344,113700,0.0,0.0
2021-05-12 00:00:00-04:00,163.79773815159365,164.06467496397576,160.42648988820162,160.43637084960938,129500,0.0,0.0
2021-05-13 00:00:00-04:00,160.6538721914494,165.61684526707074,160.6538721914494,164.69740295410156,149500,0.0,0.0
2021-05-14 00:00:00-04:00,164.79652449402403,168.0875059576388,163.9143061107707,167.21519470214844,108700,0.44,0.0
2021-05-17 00:00:00-04:00,166.44202496893763,167.90908160918812,165.351635835746,167.63153076171875,89200,0.0,0.0
2021-05-18 00:00:00-04:00,168.1866314693445,168.4344458049436,164.52888945584004,164.62802124023438,104200,0.0,0.0
2021-05-19 00:00:00-04:00,163.50789340758064,163.50789340758064,160.15745392053435,161.29739379882812,89600,0.0,0.0
2021-05-20 00:00:00-04:00,161.2577390818172,163.40878085024804,159.53296096617663,161.6542510986328,61300,0.0,0.0
2021-05-21 00:00:00-04:00,162.41751630733273,163.84491412852853,161.08922001652735,162.0011749267578,356300,0.0,0.0
2021-05-24 00:00:00-04:00,163.26008775531554,163.6367704005187,161.3767047800743,163.32948303222656,51700,0.0,0.0
2021-05-25 00:00:00-04:00,162.63559675230093,166.1049973936272,162.24899187475359,165.4408416748047,105900,0.0,0.0
2021-05-26 00:00:00-04:00,166.04551671002324,166.40236996846753,164.96504980612337,165.56971740722656,97800,0.0,0.0
2021-05-27 00:00:00-04:00,166.74931019677766,167.38371428651618,165.59944805744325,165.8769989013672,74800,0.0,0.0
2021-05-28 00:00:00-04:00,166.48165933494164,167.3341412119405,165.58953382139242,166.5906982421875,51600,0.0,0.0
2021-06-01 00:00:00-04:00,166.9475525907947,168.37496552234208,166.05542707127057,167.65135192871094,73700,0.0,0.0
2021-06-02 00:00:00-04:00,168.43444458282445,169.71317501545414,167.4729237576456,168.18663024902344,76800,0.0,0.0
2021-06-03 00:00:00-04:00,167.5224897561159,169.63387272156817,166.62044195041327,167.45309448242188,67500,0.0,0.0
2021-06-04 00:00:00-04:00,168.10733293365647,170.80355417702313,167.72074316624514,169.60414123535156,75500,0.0,0.0
2021-06-07 00:00:00-04:00,169.95107423290364,170.62513711435128,165.86709868047646,166.2635955810547,83000,0.0,0.0
2021-06-08 00:00:00-04:00,165.93647208802685,167.3143191808135,164.62802026898416,167.08633422851562,49300,0.0,0.0
2021-06-09 00:00:00-04:00,167.52249986136263,167.52249986136263,165.29217072119658,165.559814453125,52700,0.0,0.0
2021-06-10 00:00:00-04:00,166.77906432003238,167.19539062988574,163.80529199931857,165.32191467285156,67500,0.0,0.0
2021-06-11 00:00:00-04:00,165.52014916540796,166.76914311493724,163.9044099594575,165.28225708007812,66900,0.0,0.0
2021-06-14 00:00:00-04:00,165.31198711155747,166.42219046728215,163.63675982454598,166.21401977539062,99600,0.0,0.0
2021-06-15 00:00:00-04:00,165.59945053739227,166.89799524635148,164.85600752459393,166.1644744873047,58300,0.0,0.0
2021-06-16 00:00:00-04:00,165.89683216363534,165.89683216363534,160.41518017983762,161.50555419921875,127900,0.0,0.0
2021-06-17 00:00:00-04:00,160.94054335773646,161.30730373576068,157.2034989269041,158.17494201660156,113300,0.0,0.0
2021-06-18 00:00:00-04:00,155.76618292219288,157.92713185961844,155.09213516902437,156.22216796875,240200,0.0,0.0
2021-06-21 00:00:00-04:00,157.80815628520372,161.36676629784924,157.00524030676462,160.32595825195312,111800,0.0,0.0
2021-06-22 00:00:00-04:00,160.02859080014852,161.17845296914686,158.65074367319966,160.4052734375,92400,0.0,0.0
2021-06-23 00:00:00-04:00,161.47581807717492,162.1102221832797,159.40409382251568,160.4052734375,71400,0.0,0.0
2021-06-24 00:00:00-04:00,161.7930364575912,162.2390992691844,159.58253665764244,161.33705139160156,72000,0.0,0.0
2021-06-25 00:00:00-04:00,161.7038183027075,163.63676713352442,161.34696504737306,163.19070434570312,229300,0.0,0.0
2021-06-28 00:00:00-04:00,162.53646642555108,163.53763088873464,160.83150259936664,162.7248077392578,89900,0.0,0.0
2021-06-29 00:00:00-04:00,162.3679604753632,165.37146910095106,161.89216117215574,163.62686157226562,66800,0.0,0.0
2021-06-30 00:00:00-04:00,163.95396631722704,166.0851787817574,163.59711305167795,164.1324005126953,105200,0.0,0.0
2021-07-01 00:00:00-04:00,164.85600371596215,166.0058658459514,164.46941396325377,164.7073211669922,110700,0.0,0.0
2021-07-02 00:00:00-04:00,164.97494828030972,164.97494828030972,162.21925414453412,163.90440368652344,96200,0.0,0.0
2021-07-06 00:00:00-04:00,163.22045291306085,164.856021631015,160.69274342817775,164.2612762451172,78300,0.0,0.0
2021-07-07 00:00:00-04:00,164.66767309669217,165.6291939768334,164.06300548263826,164.6082000732422,79300,0.0,0.0
2021-07-08 00:00:00-04:00,162.72479301186087,163.68631374979321,161.1883412566319,161.73353576660156,79300,0.0,0.0
2021-07-09 00:00:00-04:00,163.68633420332938,163.9737921852046,161.61459480656907,163.517822265625,87700,0.0,0.0
2021-07-12 00:00:00-04:00,163.8548400319574,164.99477991379257,162.15978333878513,164.55862426757812,49300,0.0,0.0
2021-07-13 00:00:00-04:00,163.99362104415803,165.55980949741817,162.00118405833467,162.19944763183594,55700,0.0,0.0
2021-07-14 00:00:00-04:00,162.29855179487186,163.65658456691781,162.11021048978174,162.59593200683594,40000,0.0,0.0
2021-07-15 00:00:00-04:00,161.49564055683697,162.60584391372112,160.84140709636466,161.5947723388672,39700,0.0,0.0
2021-07-16 00:00:00-04:00,162.0904092448237,163.83501676945622,159.93938256873093,159.9988555908203,88300,0.0,0.0
2021-07-19 00:00:00-04:00,158.06590348809263,159.1364481144107,156.24197847108428,157.91720581054688,81700,0.0,0.0
2021-07-20 00:00:00-04:00,157.88745887864823,162.4868920682804,157.88745887864823,161.16851806640625,151400,0.0,0.0
2021-07-21 00:00:00-04:00,161.95163732543594,163.3592210051204,160.30614642685464,162.1895294189453,78900,0.0,0.0
2021-07-22 00:00:00-04:00,161.6641519890809,162.17961002835835,159.37435000985218,159.54286193847656,52100,0.0,0.0
2021-07-23 00:00:00-04:00,160.11780499575968,162.08049039284006,159.25541590658855,161.3469696044922,53400,0.0,0.0
2021-07-26 00:00:00-04:00,161.71372160060616,161.87232640486164,159.61226088307438,160.15745544433594,49300,0.0,0.0
2021-07-27 00:00:00-04:00,160.29623958480457,162.04084715033946,158.2443295222913,161.0892333984375,60400,0.0,0.0
2021-07-28 00:00:00-04:00,160.54404860482603,162.2489973478635,158.39300682430303,161.1387939453125,62100,0.0,0.0
2021-07-29 00:00:00-04:00,163.54755629317566,163.54755629317566,161.96153847650865,163.2303466796875,66400,0.0,0.0
2021-07-30 00:00:00-04:00,161.90208267679714,164.49917238058876,161.90208267679714,163.04202270507812,144200,0.0,0.0
2021-08-02 00:00:00-04:00,162.78427539579522,165.9166521011955,160.15744959482146,160.46473693847656,70500,0.0,0.0
2021-08-03 00:00:00-04:00,161.0991352014529,161.0991352014529,159.28513258854537,160.03848266601562,66700,0.0,0.0
2021-08-04 00:00:00-04:00,158.66064919393472,159.41401446100372,156.13293992360127,156.4501495361328,70900,0.0,0.0
2021-08-05 00:00:00-04:00,157.3720150144244,158.4524970457537,155.2309105850987,157.7982635498047,65900,0.0,0.0
2021-08-06 00:00:00-04:00,159.12654283494655,160.20700972755364,156.8763843920135,159.19593811035156,46200,0.0,0.0
2021-08-09 00:00:00-04:00,158.6408216704112,160.84141422562334,157.74869609414122,158.93820190429688,42500,0.0,0.0
2021-08-10 00:00:00-04:00,158.65073235701414,161.66414786472524,158.6011664674159,159.18600463867188,43900,0.0,0.0
2021-08-11 00:00:00-04:00,159.59242368453832,160.43499843116385,159.40408237938303,159.91954040527344,36500,0.0,0.0
2021-08-12 00:00:00-04:00,159.93938217586154,161.35687295013352,159.06707085299445,159.52304077148438,42200,0.0,0.0
2021-08-13 00:00:00-04:00,159.82123865052625,160.97425332717688,159.1055905813126,159.88088989257812,61400,0.44,0.0
2021-08-16 00:00:00-04:00,159.75165396060936,162.79321485774682,159.16521238462093,160.8350830078125,60800,0.0,0.0
2021-08-17 00:00:00-04:00,159.65226320009054,161.78931859776927,158.90678193349788,160.8649139404297,68900,0.0,0.0
2021-08-18 00:00:00-04:00,159.79140771074077,161.96821528078198,157.90286137001453,158.11160278320312,50500,0.0,0.0
2021-08-19 00:00:00-04:00,156.70015342666508,158.8173250401028,156.49142716911356,157.03811645507812,52800,0.0,0.0
2021-08-20 00:00:00-04:00,156.47154592701088,159.5628088478337,156.47154592701088,158.9365997314453,53800,0.0,0.0
2021-08-23 00:00:00-04:00,159.06581443582036,159.62243799652308,157.217020370998,158.63841247558594,66900,0.0,0.0
2021-08-24 00:00:00-04:00,159.31431996000413,160.70587896465375,158.3998647331121,158.48931884765625,41800,0.0,0.0
2021-08-25 00:00:00-04:00,158.33027078803184,161.0140154166247,157.45558310308724,157.82334899902344,54900,0.0,0.0
2021-08-26 00:00:00-04:00,158.43960528157717,158.43960528157717,156.91882477997618,157.28660583496094,30400,0.0,0.0
2021-08-27 00:00:00-04:00,157.49534060718426,159.99022764144274,157.33630096220057,158.91673278808594,103600,0.0,0.0
2021-08-30 00:00:00-04:00,157.8929347775763,159.37394782042182,157.04804996104394,158.3998565673828,70800,0.0,0.0
2021-08-31 00:00:00-04:00,158.6881040154347,161.998042613244,157.65437668017276,161.85888671875,100700,0.0,0.0
2021-09-01 00:00:00-04:00,162.45528158426376,163.08149070753794,158.95648522646596,159.88088989257812,56200,0.0,0.0
2021-09-02 00:00:00-04:00,159.95045025419435,161.25255503739837,159.86099614699432,160.5865936279297,46800,0.0,0.0
2021-09-03 00:00:00-04:00,159.65225346427437,161.48117892026124,159.29442187145676,161.1829833984375,77800,0.0,0.0
2021-09-07 00:00:00-04:00,161.73962497780212,166.48089031938684,160.4375200597877,161.342041015625,145200,0.0,0.0
2021-09-08 00:00:00-04:00,161.3420331027012,162.68389028438037,158.20106838823844,158.73780822753906,67500,0.0,0.0
2021-09-09 00:00:00-04:00,158.0519578707073,159.2447399934806,156.24293127371595,156.29263305664062,40700,0.0,0.0
2021-09-10 00:00:00-04:00,156.9486339274229,157.22694569189832,154.19533431694424,154.69232177734375,45100,0.0,0.0
2021-09-13 00:00:00-04:00,155.646553462426,155.95468330919329,151.7402386950508,152.8435516357422,66500,0.0,0.0
2021-09-14 00:00:00-04:00,153.57908348496576,153.57908348496576,151.29295294436102,152.8435516357422,55700,0.0,0.0
2021-09-15 00:00:00-04:00,152.38631436205642,155.2091998987122,152.38631436205642,154.41403198242188,78300,0.0,0.0
2021-09-16 00:00:00-04:00,153.9468417025103,155.17936090644773,151.61099455496156,152.74412536621094,83700,0.0,0.0
2021-09-17 00:00:00-04:00,151.9688455032763,152.57517089330503,150.39836309685998,150.5673370361328,338400,0.0,0.0
2021-09-20 00:00:00-04:00,148.28118333959702,150.88540815516035,144.7426347634376,146.03480529785156,166300,0.0,0.0
2021-09-21 00:00:00-04:00,146.84986613730612,148.9769719462898,145.04082442894634,148.04263305664062,113800,0.0,0.0
2021-09-22 00:00:00-04:00,148.93721265956975,149.2851099816833,146.71071833197942,146.78028869628906,66100,0.0,0.0
2021-09-23 00:00:00-04:00,146.69082422644667,147.635097390976,145.17004377370318,145.94534301757812,215400,0.0,0.0
2021-09-24 00:00:00-04:00,144.45438387651677,145.76642294712244,140.3989641882599,141.6513671875,153600,0.0,0.0
2021-09-27 00:00:00-04:00,141.12455268152684,145.27937566872777,140.68720129688955,144.47425842285156,180300,0.0,0.0
2021-09-28 00:00:00-04:00,143.58962072131882,146.10437600486378,142.85407383528286,145.83599853515625,135000,0.0,0.0
2021-09-29 00:00:00-04:00,146.2236640149026,146.61131366129896,144.1263761416159,145.24957275390625,85800,0.0,0.0
2021-09-30 00:00:00-04:00,146.39262575637866,146.39262575637866,144.5438317890059,144.8221435546875,147400,0.0,0.0
2021-10-01 00:00:00-04:00,145.8559056601511,147.81403774029909,143.73873393047145,147.27728271484375,122400,0.0,0.0
2021-10-04 00:00:00-04:00,147.48601032227347,148.0724519122233,144.93148737932438,147.64503479003906,107600,0.0,0.0
2021-10-05 00:00:00-04:00,147.5555914334509,148.58933396694044,145.468252952693,148.28118896484375,101000,0.0,0.0
2021-10-06 00:00:00-04:00,147.1679297863833,148.42034793966792,145.71673484181616,148.24142456054688,64700,0.0,0.0
2021-10-07 00:00:00-04:00,149.1161329528126,150.85558919355157,147.80407867970774,148.17185974121094,77200,0.0,0.0
2021-10-08 00:00:00-04:00,148.4501732938855,148.75830311921695,147.36672900994427,147.37667846679688,33400,0.0,0.0
2021-10-11 00:00:00-04:00,146.8896247622116,148.43028905057054,146.05468939955364,146.22366333007812,36800,0.0,0.0
2021-10-12 00:00:00-04:00,146.63118998056854,147.54564512146754,144.0170309888887,144.76251220703125,92200,0.0,0.0
2021-10-13 00:00:00-04:00,145.1700461282719,145.84594182185205,143.20197995165728,144.1760711669922,51700,0.0,0.0
2021-10-14 00:00:00-04:00,145.34894584269267,147.76431274414062,144.78238803465396,147.76431274414062,44900,0.0,0.0
2021-10-15 00:00:00-04:00,148.29113968301988,149.8914401153036,147.85378823565952,149.4242706298828,130300,0.0,0.0
2021-10-18 00:00:00-04:00,148.85769974856285,151.30288507324298,148.54956990619812,151.1339111328125,55500,0.0,0.0
2021-10-19 00:00:00-04:00,151.5215451368527,152.72424634348837,150.16973858629365,152.6844940185547,45800,0.0,0.0
2021-10-20 00:00:00-04:00,153.2709338805651,154.0661168719849,152.21732286284688,153.47967529296875,50300,0.0,0.0
2021-10-21 00:00:00-04:00,153.97666404056517,153.9865983300555,151.33268701813435,152.88328552246094,76700,0.0,0.0
2021-10-22 00:00:00-04:00,153.43991821811014,154.8712446664625,152.21733319633213,153.92697143554688,118600,0.0,0.0
2021-10-25 00:00:00-04:00,154.62276148845302,154.68239756673748,153.36040888629336,153.9866180419922,74000,0.0,0.0
2021-10-26 00:00:00-04:00,153.87726620678313,154.38420315989194,152.82365514112482,153.7778778076172,66500,0.0,0.0
2021-10-27 00:00:00-04:00,153.19141137108022,154.73207554608044,150.52756583854617,151.1935272216797,110200,0.0,0.0
2021-10-28 00:00:00-04:00,151.77004710824585,154.32455500399206,148.50981028010182,152.3863067626953,131400,0.0,0.0
2021-10-29 00:00:00-04:00,151.54142861149248,155.33840506031436,151.54142861149248,152.1079864501953,272100,0.0,0.0
2021-11-01 00:00:00-04:00,151.91913990617672,151.91913990617672,146.8697449350496,147.52577209472656,134700,0.0,0.0
2021-11-02 00:00:00-04:00,147.1679223549876,152.26701848306692,147.1679223549876,151.04443359375,91900,0.0,0.0
2021-11-03 00:00:00-04:00,151.51160494018632,152.26703566178313,150.60709919926384,151.60107421875,80200,0.0,0.0
2021-11-04 00:00:00-04:00,152.76401835741416,156.01432081542532,151.50166587572826,153.40016174316406,111200,0.0,0.0
2021-11-05 00:00:00-04:00,154.3444454556316,156.34232985777794,152.4260808779742,152.4956512451172,75400,0.0,0.0
2021-11-08 00:00:00-05:00,153.72818004616184,154.50347934746992,152.58509967443985,153.3405303955078,61600,0.0,0.0
2021-11-09 00:00:00-05:00,153.32063411048756,154.97063614679448,152.7441268267109,153.1118927001953,40400,0.0,0.0
2021-11-10 00:00:00-05:00,152.69444545611802,154.91102078316882,152.43601739789116,152.85348510742188,69000,0.0,0.0
2021-11-11 00:00:00-05:00,153.6088843555371,155.93479729950536,153.6088843555371,154.0263671875,75900,0.0,0.0
2021-11-12 00:00:00-05:00,154.32541215367516,154.85371777430885,151.1256602760241,152.1125030517578,89900,0.44,0.0
2021-11-15 00:00:00-05:00,153.0694343743281,155.4418360870934,152.5710316756828,154.3951873779297,56300,0.0,0.0
2021-11-16 00:00:00-05:00,154.20578752615612,156.3389504071912,153.91672066159524,155.00323486328125,62800,0.0,0.0
2021-11-17 00:00:00-05:00,154.64438063593866,155.42188758834106,152.7006132549327,154.12603759765625,39900,0.0,0.0
2021-11-18 00:00:00-05:00,153.91672147192904,154.55467630297926,152.74048322121723,153.1990203857422,46400,0.0,0.0
2021-11-19 00:00:00-05:00,153.50803334715596,156.03991239955354,152.9996680629856,155.2624053955078,129600,0.0,0.0
2021-11-22 00:00:00-05:00,155.59134472050368,155.8206209041344,153.15913721274072,153.6077117919922,69900,0.0,0.0
2021-11-23 00:00:00-05:00,153.97652479855404,155.7308967522381,152.27198094471368,154.24566650390625,43100,0.0,0.0
2021-11-24 00:00:00-05:00,153.67747731205662,154.1858425594095,152.2719781334403,153.90673828125,43100,0.0,0.0
2021-11-26 00:00:00-05:00,151.91313353871385,152.81026750503136,149.41115751529352,150.00924682617188,49300,0.0,0.0
2021-11-29 00:00:00-05:00,151.51441561483054,151.51441561483054,149.12208882071877,149.57064819335938,98300,0.0,0.0
2021-11-30 00:00:00-05:00,148.20501425014183,150.2484682887839,142.48336119399534,142.86215209960938,139400,0.0,0.0
2021-12-01 00:00:00-05:00,144.70623029660618,146.8692960728637,140.9283447265625,140.9283447265625,71200,0.0,0.0
2021-12-02 00:00:00-05:00,141.91517578142012,143.5898167136789,140.78879605518307,142.76246643066406,69600,0.0,0.0
2021-12-03 00:00:00-05:00,142.74253002405493,142.74253002405493,139.76209161694962,142.04476928710938,83700,0.0,0.0
2021-12-06 00:00:00-05:00,143.46022451438446,145.2345368251274,142.12450899237217,144.12808227539062,90800,0.0,0.0
2021-12-07 00:00:00-05:00,147.1184934276221,149.27159656775746,146.32104613015989,148.24488830566406,108700,0.0,0.0
2021-12-08 00:00:00-05:00,149.03236397117348,150.6671241539746,148.613707544973,148.71339416503906,72300,0.0,0.0
2021-12-09 00:00:00-05:00,148.6037450777749,149.45102050879706,147.25805175609366,148.075439453125,47300,0.0,0.0
2021-12-10 00:00:00-05:00,148.33459761729355,149.4211117684793,147.23812088849735,148.03555297851562,58100,0.0,0.0
2021-12-13 00:00:00-05:00,147.68668700185955,148.9924996005853,147.2680305724237,147.6567840576172,69500,0.0,0.0
2021-12-14 00:00:00-05:00,147.06865452485115,148.93269087063723,143.3804777749124,144.33741760253906,130900,0.0,0.0
2021-12-15 00:00:00-05:00,143.5698717723987,145.0850201466281,142.62290974227122,144.3274383544922,77300,0.0,0.0
2021-12-16 00:00:00-05:00,144.75607785868897,146.16157708866862,143.70942917232026,144.25767517089844,73900,0.0,0.0
2021-12-17 00:00:00-05:00,144.5467467505191,144.67633632078383,141.46662168995266,142.37371826171875,440700,0.0,0.0
2021-12-20 00:00:00-05:00,140.9383051707265,140.9383051707265,136.47262154573824,139.10418701171875,77200,0.0,0.0
2021-12-21 00:00:00-05:00,139.56271348891153,143.31071139065995,139.56271348891153,143.18112182617188,89500,0.0,0.0
2021-12-22 00:00:00-05:00,143.87888375647853,147.49729212436432,142.55313078639904,147.12847900390625,120600,0.0,0.0
2021-12-23 00:00:00-05:00,147.04873520113534,148.0555031681157,145.28438540430867,146.71978759765625,38800,0.0,0.0
2021-12-27 00:00:00-05:00,147.61690959301552,149.52081157751294,146.90918626917298,149.51084899902344,51900,0.0,0.0
2021-12-28 00:00:00-05:00,149.40119892472987,151.77358544510352,149.40119892472987,151.3150634765625,46700,0.0,0.0
2021-12-29 00:00:00-05:00,152.08259679515115,152.72055159919208,151.4645671465186,151.66392517089844,59500,0.0,0.0
2021-12-30 00:00:00-05:00,152.212176712778,152.49128099912676,149.77000660220483,149.999267578125,42500,0.0,0.0
2021-12-31 00:00:00-05:00,150.48771526411727,151.5443265742352,150.03915586775219,150.47775268554688,47200,0.0,0.0
2022-01-03 00:00:00-05:00,150.65716274026218,151.49447559913386,146.65997868942435,147.6567840576172,74000,0.0,0.0
2022-01-04 00:00:00-05:00,147.80629755766603,150.82661658153324,147.05869353769805,149.03236389160156,65800,0.0,0.0
2022-01-05 00:00:00-05:00,149.04234955011108,150.26841594879153,145.6532020212598,145.89244079589844,56100,0.0,0.0
2022-01-06 00:00:00-05:00,145.60336080191598,145.98213648175056,143.74930229311013,144.4171600341797,77400,0.0,0.0
2022-01-07 00:00:00-05:00,144.8657233984841,146.57025203004014,144.8657233984841,146.0419464111328,60900,0.0,0.0
2022-01-10 00:00:00-05:00,145.7329482559927,146.08183623436238,142.82227827688763,143.86892700195312,55300,0.0,0.0
2022-01-11 00:00:00-05:00,143.13127716911993,145.8625293154332,142.43351646313994,145.51364135742188,59100,0.0,0.0
2022-01-12 00:00:00-05:00,145.06509092973837,147.08860470680202,143.12132341113585,146.00209045410156,90500,0.0,0.0
2022-01-13 00:00:00-05:00,145.5933956595579,149.17192342880008,144.8856723365267,148.1252899169922,79700,0.0,0.0
2022-01-14 00:00:00-05:00,147.56705499576128,147.56705499576128,144.5666764151659,146.1316680908203,58600,0.0,0.0
2022-01-18 00:00:00-05:00,144.7062401122455,145.57345595513408,143.42036782071955,144.9355010986328,53600,0.0,0.0
2022-01-19 00:00:00-05:00,144.9853411055058,145.16477398514112,142.2640666463893,142.4634246826172,53200,0.0,0.0
2022-01-20 00:00:00-05:00,142.39365026856802,144.43708906713061,140.6492409068392,141.03799438476562,57000,0.0,0.0
2022-01-21 00:00:00-05:00,140.85856501064725,141.71581824095867,137.28003736727175,137.54917907714844,76500,0.0,0.0
2022-01-24 00:00:00-05:00,135.3960774078257,138.99454545974694,132.92400430931684,138.9447021484375,109100,0.0,0.0
2022-01-25 00:00:00-05:00,137.1305156163481,137.1305156163481,132.4255932739411,136.54238891601562,113800,0.0,0.0
2022-01-26 00:00:00-05:00,136.9510850180882,140.08105317646124,131.92719279823154,134.1101837158203,116100,0.0,0.0
2022-01-27 00:00:00-05:00,135.53563403609334,136.11378300430945,130.81077087449225,131.30917358398438,68400,0.0,0.0
2022-01-28 00:00:00-05:00,131.2493564208723,133.66162350244556,129.0464251517273,133.57191467285156,91200,0.0,0.0
2022-01-31 00:00:00-05:00,133.0635470862459,137.13051460005215,133.0635470862459,136.96104431152344,255200,0.0,0.0
2022-02-01 00:00:00-05:00,137.8482154358108,138.69550613049424,135.83467942993022,138.5559539794922,70400,0.0,0.0
2022-02-02 00:00:00-05:00,138.45625444181348,139.24373917121116,137.52923278446949,138.7852020263672,57900,0.0,0.0
2022-02-03 00:00:00-05:00,137.64884305033448,138.29677563465134,135.46583696494534,135.79478454589844,55600,0.0,0.0
2022-02-04 00:00:00-05:00,135.02726536650306,137.1305253562891,132.98381126675136,135.8645782470703,62100,0.0,0.0
2022-02-07 00:00:00-05:00,135.82470093567176,136.9112304021617,134.73818667922546,135.356201171875,62600,0.0,0.0
2022-02-08 00:00:00-05:00,135.69512623172886,137.84821437199548,135.4359470889797,136.9510955810547,48700,0.0,0.0
2022-02-09 00:00:00-05:00,138.39644947818877,140.42994088534246,138.34660616928002,139.00450134277344,46100,0.0,0.0
2022-02-10 00:00:00-05:00,137.36973953741494,140.47976728720738,136.57229223463577,137.2899932861328,61800,0.0,0.0
2022-02-11 00:00:00-05:00,138.44000244140625,139.60000610351562,136.05999755859375,136.94000244140625,75900,0.44,0.0
2022-02-14 00:00:00-05:00,136.27000427246094,137.91000366210938,135.82000732421875,136.60000610351562,80000,0.0,0.0
2022-02-15 00:00:00-05:00,138.1999969482422,139.97000122070312,137.41000366210938,139.50999450683594,74200,0.0,0.0
2022-02-16 00:00:00-05:00,139.85000610351562,139.85000610351562,137.74000549316406,138.94000244140625,88900,0.0,0.0
2022-02-17 00:00:00-05:00,137.50999450683594,138.05999755859375,135.77999877929688,136.13999938964844,66700,0.0,0.0
2022-02-18 00:00:00-05:00,138.0,141.82000732421875,135.99000549316406,140.22000122070312,132600,0.0,0.0
2022-02-22 00:00:00-05:00,140.75999450683594,140.75999450683594,136.9600067138672,138.2100067138672,97000,0.0,0.0
2022-02-23 00:00:00-05:00,138.6300048828125,138.6300048828125,134.75,135.07000732421875,150000,0.0,0.0
2022-02-24 00:00:00-05:00,132.17999267578125,134.25,130.1300048828125,133.64999389648438,95900,0.0,0.0
2022-02-25 00:00:00-05:00,134.0399932861328,138.02000427246094,133.36000061035156,138.00999450683594,87500,0.0,0.0
2022-02-28 00:00:00-05:00,136.16000366210938,139.75999450683594,136.16000366210938,139.10000610351562,104400,0.0,0.0
2022-03-01 00:00:00-05:00,139.47999572753906,139.94000244140625,135.0800018310547,136.88999938964844,130300,0.0,0.0
2022-03-02 00:00:00-05:00,138.1699981689453,140.99000549316406,137.10000610351562,139.75,77500,0.0,0.0
2022-03-03 00:00:00-05:00,140.77999877929688,141.1699981689453,138.14999389648438,139.57000732421875,66200,0.0,0.0
2022-03-04 00:00:00-05:00,137.6699981689453,141.07000732421875,137.6699981689453,139.97999572753906,63300,0.0,0.0
2022-03-07 00:00:00-05:00,139.92999267578125,139.92999267578125,134.22000122070312,134.5399932861328,64400,0.0,0.0
2022-03-08 00:00:00-05:00,133.6699981689453,134.0500030517578,128.4499969482422,128.63999938964844,114100,0.0,0.0
2022-03-09 00:00:00-05:00,131.0,136.44000244140625,130.72000122070312,135.5800018310547,117100,0.0,0.0
2022-03-10 00:00:00-05:00,133.33999633789062,134.44000244140625,131.1199951171875,132.3000030517578,70300,0.0,0.0
2022-03-11 00:00:00-05:00,132.66000366210938,132.66000366210938,127.58999633789062,128.0399932861328,82400,0.0,0.0
2022-03-14 00:00:00-04:00,129.0500030517578,130.47000122070312,127.19999694824219,129.61000061035156,90800,0.0,0.0
2022-03-15 00:00:00-04:00,130.77000427246094,133.25,129.6300048828125,131.22999572753906,80900,0.0,0.0
2022-03-16 00:00:00-04:00,132.10000610351562,135.19000244140625,131.97000122070312,135.13999938964844,85300,0.0,0.0
2022-03-17 00:00:00-04:00,134.66000366210938,137.6699981689453,133.50999450683594,137.07000732421875,62900,0.0,0.0
2022-03-18 00:00:00-04:00,137.02000427246094,138.0399932861328,134.72999572753906,136.6199951171875,178600,0.0,0.0
2022-03-21 00:00:00-04:00,136.75,137.60000610351562,136.05999755859375,137.52000427246094,59100,0.0,0.0
2022-03-22 00:00:00-04:00,138.5,140.4600067138672,136.3300018310547,136.5399932861328,72200,0.0,0.0
2022-03-23 00:00:00-04:00,136.11000061035156,136.11000061035156,133.63999938964844,134.17999267578125,57100,0.0,0.0
2022-03-24 00:00:00-04:00,135.32000732421875,135.32000732421875,132.14999389648438,133.5500030517578,56100,0.0,0.0
2022-03-25 00:00:00-04:00,134.27999877929688,134.27999877929688,132.3000030517578,134.05999755859375,69800,0.0,0.0
2022-03-28 00:00:00-04:00,133.49000549316406,134.8000030517578,131.99000549316406,133.6999969482422,74700,0.0,0.0
2022-03-29 00:00:00-04:00,134.77999877929688,138.1300048828125,134.77999877929688,137.2899932861328,102900,0.0,0.0
2022-03-30 00:00:00-04:00,137.85000610351562,137.85000610351562,135.38999938964844,136.1999969482422,70300,0.0,0.0
2022-03-31 00:00:00-04:00,134.88999938964844,136.83999633789062,132.64999389648438,132.6999969482422,75700,0.0,0.0
2022-04-01 00:00:00-04:00,132.99000549316406,137.57000732421875,132.99000549316406,137.3800048828125,149500,0.0,0.0
2022-04-04 00:00:00-04:00,136.7100067138672,136.7100067138672,133.89999389648438,136.47000122070312,68200,0.0,0.0
2022-04-05 00:00:00-04:00,137.10000610351562,138.64999389648438,135.41000366210938,136.97000122070312,84400,0.0,0.0
2022-04-06 00:00:00-04:00,135.8000030517578,136.7100067138672,134.0,136.5500030517578,79900,0.0,0.0
2022-04-07 00:00:00-04:00,136.07000732421875,136.07000732421875,133.07000732421875,133.72000122070312,125200,0.0,0.0
2022-04-08 00:00:00-04:00,133.1699981689453,135.5500030517578,132.08999633789062,132.1699981689453,90000,0.0,0.0
2022-04-11 00:00:00-04:00,131.16000366210938,131.9499969482422,128.86000061035156,129.07000732421875,101500,0.0,0.0
2022-04-12 00:00:00-04:00,130.19000244140625,131.0,127.0199966430664,127.48999786376953,132700,0.0,0.0
2022-04-13 00:00:00-04:00,127.62000274658203,130.82000732421875,127.62000274658203,129.02000427246094,113500,0.0,0.0
2022-04-14 00:00:00-04:00,129.25999450683594,130.6300048828125,126.2300033569336,126.4000015258789,75900,0.0,0.0
2022-04-18 00:00:00-04:00,126.4000015258789,127.37000274658203,125.33999633789062,127.08999633789062,85300,0.0,0.0
2022-04-19 00:00:00-04:00,127.3499984741211,130.50999450683594,127.3499984741211,129.94000244140625,89600,0.0,0.0
2022-04-20 00:00:00-04:00,130.7899932861328,133.25,130.7899932861328,131.10000610351562,89700,0.0,0.0
2022-04-21 00:00:00-04:00,132.66000366210938,133.6199951171875,128.75999450683594,129.91000366210938,117200,0.0,0.0
2022-04-22 00:00:00-04:00,128.89999389648438,130.9199981689453,126.63999938964844,127.1500015258789,192600,0.0,0.0
2022-04-25 00:00:00-04:00,125.62000274658203,127.12000274658203,122.27999877929688,126.45999908447266,198700,0.0,0.0
2022-04-26 00:00:00-04:00,125.08000183105469,125.51000213623047,120.98999786376953,121.63999938964844,201500,0.0,0.0
2022-04-27 00:00:00-04:00,121.0999984741211,123.56999969482422,121.0999984741211,121.44999694824219,164700,0.0,0.0
2022-04-28 00:00:00-04:00,122.31999969482422,124.5199966430664,115.0999984741211,121.69999694824219,261700,0.0,0.0
2022-04-29 00:00:00-04:00,122.08000183105469,122.08000183105469,118.91999816894531,120.69000244140625,526800,0.0,0.0
2022-05-02 00:00:00-04:00,120.41000366210938,122.05999755859375,116.83999633789062,118.7300033569336,210600,0.0,0.0
2022-05-03 00:00:00-04:00,119.9800033569336,121.55000305175781,118.12999725341797,120.93000030517578,185000,0.0,0.0
2022-05-04 00:00:00-04:00,120.81999969482422,127.30000305175781,120.79000091552734,127.22000122070312,224500,0.0,0.0
2022-05-05 00:00:00-04:00,126.13999938964844,126.75,123.12000274658203,124.12999725341797,116600,0.0,0.0
2022-05-06 00:00:00-04:00,123.8499984741211,124.1500015258789,121.05000305175781,122.30999755859375,146400,0.0,0.0
2022-05-09 00:00:00-04:00,120.81999969482422,123.23999786376953,120.77999877929688,122.08999633789062,122800,0.0,0.0
2022-05-10 00:00:00-04:00,123.20999908447266,123.20999908447266,117.72000122070312,119.33999633789062,176200,0.0,0.0
2022-05-11 00:00:00-04:00,119.66000366210938,122.37000274658203,118.5,119.08000183105469,261300,0.0,0.0
2022-05-12 00:00:00-04:00,119.06999969482422,119.91999816894531,116.66999816894531,119.37999725341797,166800,0.0,0.0
2022-05-13 00:00:00-04:00,120.0,121.8499984741211,119.19999694824219,121.0,151700,0.0,0.0
2022-05-16 00:00:00-04:00,120.66000366210938,121.76000213623047,118.7699966430664,120.5999984741211,117200,0.0,0.0
2022-05-17 00:00:00-04:00,122.0,124.19999694824219,120.95999908447266,123.4800033569336,167900,0.0,0.0
2022-05-18 00:00:00-04:00,122.73999786376953,124.1500015258789,119.33999633789062,119.58999633789062,144200,0.0,0.0
2022-05-19 00:00:00-04:00,119.12000274658203,121.5,118.26000213623047,120.16999816894531,206400,0.0,0.0
2022-05-20 00:00:00-04:00,120.83000183105469,120.83000183105469,118.31999969482422,120.45999908447266,169000,0.0,0.0
2022-05-23 00:00:00-04:00,120.45999908447266,121.51000213623047,119.33000183105469,120.6500015258789,233900,0.0,0.0
2022-05-24 00:00:00-04:00,121.12999725341797,125.94000244140625,120.54000091552734,124.55000305175781,487700,0.0,0.0
2022-05-25 00:00:00-04:00,123.23999786376953,125.25,121.48999786376953,123.8499984741211,439600,0.0,0.0
2022-05-26 00:00:00-04:00,125.20999908447266,126.83999633789062,124.62999725341797,125.95999908447266,123200,0.0,0.0
2022-05-27 00:00:00-04:00,126.83999633789062,129.77999877929688,126.68000030517578,129.4600067138672,113300,0.0,0.0
2022-05-31 00:00:00-04:00,128.2100067138672,129.57000732421875,127.08999633789062,127.48999786376953,244600,0.0,0.0
2022-06-01 00:00:00-04:00,128.52999877929688,128.52999877929688,124.7699966430664,126.02999877929688,114800,0.0,0.0
2022-06-02 00:00:00-04:00,126.91000366210938,128.05999755859375,126.27999877929688,127.5,153600,0.0,0.0
2022-06-03 00:00:00-04:00,126.58000183105469,127.91999816894531,126.05000305175781,126.5999984741211,123100,0.0,0.0
2022-06-06 00:00:00-04:00,128.14999389648438,129.00999450683594,127.75,128.52000427246094,82000,0.0,0.0
2022-06-07 00:00:00-04:00,127.12999725341797,129.57000732421875,126.66999816894531,129.57000732421875,80300,0.0,0.0
2022-06-08 00:00:00-04:00,128.6699981689453,129.63999938964844,127.55000305175781,127.80000305175781,50100,0.0,0.0
2022-06-09 00:00:00-04:00,126.73999786376953,127.29000091552734,125.55999755859375,125.83999633789062,81700,0.0,0.0
2022-06-10 00:00:00-04:00,123.91000366210938,124.70999908447266,122.13999938964844,123.73999786376953,109200,0.0,0.0
2022-06-13 00:00:00-04:00,120.95999908447266,122.0199966430664,119.4000015258789,120.04000091552734,154400,0.0,0.0
2022-06-14 00:00:00-04:00,120.88999938964844,121.5199966430664,117.80999755859375,118.5199966430664,119000,0.0,0.0
2022-06-15 00:00:00-04:00,118.5999984741211,120.05999755859375,116.6500015258789,118.5,134600,0.0,0.0
2022-06-16 00:00:00-04:00,115.94000244140625,115.94000244140625,113.37000274658203,113.76000213623047,119400,0.0,0.0
2022-06-17 00:00:00-04:00,115.3499984741211,116.77999877929688,114.4800033569336,114.76000213623047,215600,0.0,0.0
2022-06-21 00:00:00-04:00,115.22000122070312,117.11000061035156,112.88999938964844,116.0999984741211,99100,0.0,0.0
2022-06-22 00:00:00-04:00,114.81999969482422,117.13999938964844,114.80999755859375,116.2300033569336,106600,0.0,0.0
2022-06-23 00:00:00-04:00,116.5,117.36000061035156,115.43000030517578,117.27999877929688,77800,0.0,0.0
2022-06-24 00:00:00-04:00,117.73999786376953,121.25,116.5199966430664,120.25,274500,0.0,0.0
2022-06-27 00:00:00-04:00,120.86000061035156,121.80999755859375,120.33999633789062,121.47000122070312,72600,0.0,0.0
2022-06-28 00:00:00-04:00,122.38999938964844,123.41999816894531,120.7300033569336,120.83000183105469,80800,0.0,0.0
2022-06-29 00:00:00-04:00,121.26000213623047,121.26000213623047,118.27999877929688,119.47000122070312,77400,0.0,0.0
2022-06-30 00:00:00-04:00,117.79000091552734,121.30000305175781,117.79000091552734,121.06999969482422,145200,0.0,0.0
2022-07-01 00:00:00-04:00,121.06999969482422,122.95999908447266,120.22000122070312,122.04000091552734,96100,0.0,0.0
2022-07-05 00:00:00-04:00,119.93000030517578,123.68000030517578,119.86000061035156,123.30999755859375,108800,0.0,0.0
2022-07-06 00:00:00-04:00,122.58999633789062,123.43000030517578,122.2300033569336,122.87999725341797,119200,0.0,0.0
2022-07-07 00:00:00-04:00,122.83000183105469,124.4000015258789,122.83000183105469,123.9800033569336,54000,0.0,0.0
2022-07-08 00:00:00-04:00,123.5199966430664,124.08000183105469,122.33000183105469,123.4800033569336,69900,0.0,0.0
2022-07-11 00:00:00-04:00,122.7300033569336,123.81999969482422,122.61000061035156,123.72000122070312,129400,0.0,0.0
2022-07-12 00:00:00-04:00,123.62000274658203,124.7300033569336,121.77999877929688,123.16999816894531,89500,0.0,0.0
2022-07-13 00:00:00-04:00,121.45999908447266,121.91000366210938,117.9800033569336,121.0,73800,0.0,0.0
2022-07-14 00:00:00-04:00,119.48999786376953,120.88999938964844,118.30999755859375,120.56999969482422,69600,0.0,0.0
2022-07-15 00:00:00-04:00,122.5,123.0199966430664,121.2300033569336,122.66999816894531,63000,0.0,0.0
2022-07-18 00:00:00-04:00,124.12000274658203,124.16999816894531,122.19999694824219,122.51000213623047,84800,0.0,0.0
2022-07-19 00:00:00-04:00,123.29000091552734,126.94999694824219,122.8499984741211,126.87000274658203,74100,0.0,0.0
2022-07-20 00:00:00-04:00,127.41999816894531,127.83999633789062,126.73999786376953,127.7300033569336,100200,0.0,0.0
2022-07-21 00:00:00-04:00,126.83000183105469,129.10000610351562,126.73999786376953,129.0500030517578,56900,0.0,0.0
2022-07-22 00:00:00-04:00,128.77000427246094,129.67999267578125,128.0,129.0500030517578,41000,0.0,0.0
2022-07-25 00:00:00-04:00,129.72999572753906,129.77000427246094,128.1699981689453,129.17999267578125,102600,0.0,0.0
2022-07-26 00:00:00-04:00,128.6999969482422,129.5,127.69000244140625,129.32000732421875,113200,0.0,0.0
2022-07-27 00:00:00-04:00,130.0,132.0800018310547,128.8800048828125,131.24000549316406,128600,0.0,0.0
2022-07-28 00:00:00-04:00,131.64999389648438,131.64999389648438,122.4800033569336,123.5199966430664,149500,0.0,0.0
2022-07-29 00:00:00-04:00,124.4000015258789,129.25999450683594,122.77999877929688,128.33999633789062,242400,0.0,0.0
2022-08-01 00:00:00-04:00,128.64999389648438,129.61000061035156,127.11000061035156,128.52000427246094,93600,0.0,0.0
2022-08-02 00:00:00-04:00,127.3499984741211,129.10000610351562,124.87000274658203,125.5,116900,0.0,0.0
2022-08-03 00:00:00-04:00,125.80000305175781,128.30999755859375,125.80000305175781,126.81999969482422,61100,0.0,0.0
2022-08-04 00:00:00-04:00,127.16999816894531,127.3499984741211,126.13999938964844,126.5,66100,0.0,0.0
2022-08-05 00:00:00-04:00,125.11000061035156,126.86000061035156,125.11000061035156,126.36000061035156,52400,0.0,0.0
2022-08-08 00:00:00-04:00,127.58000183105469,128.61000061035156,126.83000183105469,127.62999725341797,63200,0.0,0.0
2022-08-09 00:00:00-04:00,128.27000427246094,128.27000427246094,125.30999755859375,125.93000030517578,130300,0.0,0.0
2022-08-10 00:00:00-04:00,127.16999816894531,128.61000061035156,125.31999969482422,126.98999786376953,116200,0.0,0.0
2022-08-11 00:00:00-04:00,127.37000274658203,130.0500030517578,127.37000274658203,128.82000732421875,65600,0.0,0.0
2022-08-12 00:00:00-04:00,129.88999938964844,131.55999755859375,128.38999938964844,131.47000122070312,76400,0.0,0.0
2022-08-15 00:00:00-04:00,130.22000122070312,132.38999938964844,130.0800018310547,131.9199981689453,68500,0.0,0.0
2022-08-16 00:00:00-04:00,131.5399932861328,132.88999938964844,130.85000610351562,132.61000061035156,91000,0.0,0.0
2022-08-17 00:00:00-04:00,132.38999938964844,132.4600067138672,131.13999938964844,131.75,59300,0.0,0.0
2022-08-18 00:00:00-04:00,131.35000610351562,132.17999267578125,130.64999389648438,131.86000061035156,102300,0.0,0.0
2022-08-19 00:00:00-04:00,132.0500030517578,132.0500030517578,129.75999450683594,131.0399932861328,104000,0.0,0.0
2022-08-22 00:00:00-04:00,130.07000732421875,131.7100067138672,127.80999755859375,128.11000061035156,70900,0.0,0.0
2022-08-23 00:00:00-04:00,127.43000030517578,129.0,125.0,125.87999725341797,86300,0.0,0.0
2022-08-24 00:00:00-04:00,125.5,126.8499984741211,125.22000122070312,126.0999984741211,43000,0.0,0.0
2022-08-25 00:00:00-04:00,126.93000030517578,127.72000122070312,126.37999725341797,127.72000122070312,40600,0.0,0.0
2022-08-26 00:00:00-04:00,127.56999969482422,127.56999969482422,121.7699966430664,121.81999969482422,50300,0.0,0.0
2022-08-29 00:00:00-04:00,120.62999725341797,121.31999969482422,119.27999877929688,120.80000305175781,48100,0.0,0.0
2022-08-30 00:00:00-04:00,121.5999984741211,121.5999984741211,118.69999694824219,119.68000030517578,55400,0.0,0.0
2022-08-31 00:00:00-04:00,120.45999908447266,120.45999908447266,118.41999816894531,118.86000061035156,66000,0.0,0.0
2022-09-01 00:00:00-04:00,118.0,118.0,115.87999725341797,117.5999984741211,57600,0.0,0.0
2022-09-02 00:00:00-04:00,118.81999969482422,118.81999969482422,115.08000183105469,115.66000366210938,77100,0.0,0.0
2022-09-06 00:00:00-04:00,116.55000305175781,117.1500015258789,114.7300033569336,116.51000213623047,66000,0.0,0.0
2022-09-07 00:00:00-04:00,117.01000213623047,119.83999633789062,117.01000213623047,119.52999877929688,67700,0.0,0.0
2022-09-08 00:00:00-04:00,118.2300033569336,120.36000061035156,117.62999725341797,119.61000061035156,59500,0.0,0.0
2022-09-09 00:00:00-04:00,119.44999694824219,122.9000015258789,119.41000366210938,122.62999725341797,82100,0.0,0.0
2022-09-12 00:00:00-04:00,122.93000030517578,123.94000244140625,122.33999633789062,123.44000244140625,48900,0.0,0.0
2022-09-13 00:00:00-04:00,122.44000244140625,123.76000213623047,120.41000366210938,121.01000213623047,76600,0.0,0.0
2022-09-14 00:00:00-04:00,120.41999816894531,121.55000305175781,119.05000305175781,120.08999633789062,86200,0.0,0.0
2022-09-15 00:00:00-04:00,119.61000061035156,120.69999694824219,118.30999755859375,119.56999969482422,72700,0.0,0.0
2022-09-16 00:00:00-04:00,118.36000061035156,118.6500015258789,116.72000122070312,117.58000183105469,196100,0.0,0.0
2022-09-19 00:00:00-04:00,116.44999694824219,119.55000305175781,116.23999786376953,118.95999908447266,70300,0.0,0.0
2022-09-20 00:00:00-04:00,117.80999755859375,118.19999694824219,116.38999938964844,117.61000061035156,62500,0.0,0.0
2022-09-21 00:00:00-04:00,118.80000305175781,119.27999877929688,115.79000091552734,116.06999969482422,64600,0.0,0.0
2022-09-22 00:00:00-04:00,116.20999908447266,116.20999908447266,113.4800033569336,113.58999633789062,97700,0.0,0.0
2022-09-23 00:00:00-04:00,112.2699966430664,112.37000274658203,110.79000091552734,111.38999938964844,73800,0.0,0.0
2022-09-26 00:00:00-04:00,111.76000213623047,113.47000122070312,111.1500015258789,112.72000122070312,139700,0.0,0.0
2022-09-27 00:00:00-04:00,113.33999633789062,113.66999816894531,108.75,110.13999938964844,108800,0.0,0.0
2022-09-28 00:00:00-04:00,111.12000274658203,113.41999816894531,110.02999877929688,112.51000213623047,66400,0.0,0.0
2022-09-29 00:00:00-04:00,111.63999938964844,111.63999938964844,109.25,110.55999755859375,97400,0.0,0.0
2022-09-30 00:00:00-04:00,110.7300033569336,113.22000122070312,109.01000213623047,109.27999877929688,109900,0.0,0.0
2022-10-03 00:00:00-04:00,110.19000244140625,114.04000091552734,110.19000244140625,113.44999694824219,75000,0.0,0.0
2022-10-04 00:00:00-04:00,114.44999694824219,117.97000122070312,114.44999694824219,117.87999725341797,64000,0.0,0.0
2022-10-05 00:00:00-04:00,116.18000030517578,118.52999877929688,116.0999984741211,117.47000122070312,61800,0.0,0.0
2022-10-06 00:00:00-04:00,117.72000122070312,118.0,116.33999633789062,116.5999984741211,54700,0.0,0.0
2022-10-07 00:00:00-04:00,116.62999725341797,116.70999908447266,114.12999725341797,115.41000366210938,128500,0.0,0.0
2022-10-10 00:00:00-04:00,115.13999938964844,116.25,113.5199966430664,114.95999908447266,95600,0.0,0.0
2022-10-11 00:00:00-04:00,114.61000061035156,116.58000183105469,113.75,115.86000061035156,122100,0.0,0.0
2022-10-12 00:00:00-04:00,116.22000122070312,116.37000274658203,114.1500015258789,114.1500015258789,111000,0.0,0.0
2022-10-13 00:00:00-04:00,112.55999755859375,117.83999633789062,112.48999786376953,116.9800033569336,75100,0.0,0.0
2022-10-14 00:00:00-04:00,117.38999938964844,117.4000015258789,113.20999908447266,113.56999969482422,80200,0.0,0.0
2022-10-17 00:00:00-04:00,115.2699966430664,117.58999633789062,114.95999908447266,116.5199966430664,81100,0.0,0.0
2022-10-18 00:00:00-04:00,119.37000274658203,120.0199966430664,117.77999877929688,118.87999725341797,93200,0.0,0.0
2022-10-19 00:00:00-04:00,117.97000122070312,118.56999969482422,115.70999908447266,116.91000366210938,103400,0.0,0.0
2022-10-20 00:00:00-04:00,117.27999877929688,117.61000061035156,114.37000274658203,115.38999938964844,91600,0.0,0.0
2022-10-21 00:00:00-04:00,115.43000030517578,117.33999633789062,113.55999755859375,116.8499984741211,89600,0.0,0.0
2022-10-24 00:00:00-04:00,117.79000091552734,118.5999984741211,116.81999969482422,117.44000244140625,66700,0.0,0.0
2022-10-25 00:00:00-04:00,116.73999786376953,118.87000274658203,116.37999725341797,118.38999938964844,106800,0.0,0.0
2022-10-26 00:00:00-04:00,118.9800033569336,118.98999786376953,116.4000015258789,117.0999984741211,114700,0.0,0.0
2022-10-27 00:00:00-04:00,122.41999816894531,139.22000122070312,119.1500015258789,131.4199981689453,323200,0.0,0.0
2022-10-28 00:00:00-04:00,132.0,134.47000122070312,127.55999755859375,132.05999755859375,152700,0.0,0.0
2022-10-31 00:00:00-04:00,132.0,134.32000732421875,130.5,134.24000549316406,294700,0.0,0.0
2022-11-01 00:00:00-04:00,134.8000030517578,136.4499969482422,134.02000427246094,134.6300048828125,107900,0.0,0.0
2022-11-02 00:00:00-04:00,134.0800018310547,134.85000610351562,130.5399932861328,131.55999755859375,101700,0.0,0.0
2022-11-03 00:00:00-04:00,129.85000610351562,131.3000030517578,127.19000244140625,130.08999633789062,86600,0.0,0.0
2022-11-04 00:00:00-04:00,131.3000030517578,132.5,129.6699981689453,131.7100067138672,61200,0.0,0.0
2022-11-07 00:00:00-05:00,133.11000061035156,134.5800018310547,131.5,134.4499969482422,88500,0.0,0.0
2022-11-08 00:00:00-05:00,134.72000122070312,136.1699981689453,132.3000030517578,134.5,86000,0.0,0.0
2022-11-09 00:00:00-05:00,133.0399932861328,134.4199981689453,132.58999633789062,133.8000030517578,96600,0.0,0.0
2022-11-10 00:00:00-05:00,138.16000366210938,139.36000061035156,135.7899932861328,137.3000030517578,153500,0.0,0.0
2022-11-11 00:00:00-05:00,137.1699981689453,139.8699951171875,137.0,138.6999969482422,149800,0.0,0.0
2022-11-14 00:00:00-05:00,138.8699951171875,139.83999633789062,136.89999389648438,137.52999877929688,109000,0.0,0.0
2022-11-15 00:00:00-05:00,140.0,140.14999389648438,135.86000061035156,135.97000122070312,186600,0.0,0.0
2022-11-16 00:00:00-05:00,136.4199981689453,137.35000610351562,134.99000549316406,137.17999267578125,123000,0.0,0.0
2022-11-17 00:00:00-05:00,135.75,137.1300048828125,134.9499969482422,136.58999633789062,140900,0.0,0.0
2022-11-18 00:00:00-05:00,138.55999755859375,138.63999938964844,136.6699981689453,137.97000122070312,237300,0.0,0.0
2022-11-21 00:00:00-05:00,138.6999969482422,139.9199981689453,138.33999633789062,139.67999267578125,98900,0.0,0.0
2022-11-22 00:00:00-05:00,140.0,140.41000366210938,138.00999450683594,140.05999755859375,83000,0.0,0.0
2022-11-23 00:00:00-05:00,140.0500030517578,142.75999450683594,139.0500030517578,141.27999877929688,112000,0.0,0.0
2022-11-25 00:00:00-05:00,140.92999267578125,143.0,140.92999267578125,142.1199951171875,31500,0.0,0.0
2022-11-28 00:00:00-05:00,141.05999755859375,141.9499969482422,137.9600067138672,137.9600067138672,63800,0.0,0.0
2022-11-29 00:00:00-05:00,137.25999450683594,137.99000549316406,135.88999938964844,136.5399932861328,98100,0.0,0.0
2022-11-30 00:00:00-05:00,137.5,141.02999877929688,135.8300018310547,141.00999450683594,151300,0.0,0.0
2022-12-01 00:00:00-05:00,142.2100067138672,143.27999877929688,139.6999969482422,141.3300018310547,62300,0.0,0.0
2022-12-02 00:00:00-05:00,139.97000122070312,143.2100067138672,139.97000122070312,141.57000732421875,54700,0.0,0.0
2022-12-05 00:00:00-05:00,140.16000366210938,140.16000366210938,138.22999572753906,139.00999450683594,44800,0.0,0.0
2022-12-06 00:00:00-05:00,138.91000366210938,139.2899932861328,136.89999389648438,137.85000610351562,72200,0.0,0.0
2022-12-07 00:00:00-05:00,136.8800048828125,137.8000030517578,133.75,134.33999633789062,131400,0.0,0.0
2022-12-08 00:00:00-05:00,133.9600067138672,135.33999633789062,133.05999755859375,134.47999572753906,96800,0.0,0.0
2022-12-09 00:00:00-05:00,134.7100067138672,134.92999267578125,133.49000549316406,134.47000122070312,86300,0.0,0.0
2022-12-12 00:00:00-05:00,134.75,135.22999572753906,133.49000549316406,134.3699951171875,56100,0.0,0.0
2022-12-13 00:00:00-05:00,136.85000610351562,138.50999450683594,133.61000061035156,135.8300018310547,100100,0.0,0.0
2022-12-14 00:00:00-05:00,136.75999450683594,136.94000244140625,133.8000030517578,135.63999938964844,100000,0.0,0.0
2022-12-15 00:00:00-05:00,133.3699951171875,133.8699951171875,131.47999572753906,132.0399932861328,92400,0.0,0.0
2022-12-16 00:00:00-05:00,130.92999267578125,132.57000732421875,129.5,129.9199981689453,246200,0.0,0.0
2022-12-19 00:00:00-05:00,131.32000732421875,132.83999633789062,130.47000122070312,131.47999572753906,100500,0.0,0.0
2022-12-20 00:00:00-05:00,131.9199981689453,135.72000122070312,131.07000732421875,135.25,166800,0.0,0.0
2022-12-21 00:00:00-05:00,136.88999938964844,139.00999450683594,136.22999572753906,138.75999450683594,118100,0.0,0.0
2022-12-22 00:00:00-05:00,138.1999969482422,139.8300018310547,136.47999572753906,139.64999389648438,117200,0.0,0.0
2022-12-23 00:00:00-05:00,140.17999267578125,141.22999572753906,139.14999389648438,140.6699981689453,75400,0.0,0.0
2022-12-27 00:00:00-05:00,141.47999572753906,141.86000061035156,140.14999389648438,141.25,72300,0.0,0.0
2022-12-28 00:00:00-05:00,142.25,142.6999969482422,140.60000610351562,140.8800048828125,74500,0.0,0.0
2022-12-29 00:00:00-05:00,141.55999755859375,144.94000244140625,141.39999389648438,144.6999969482422,71000,0.0,0.0
2022-12-30 00:00:00-05:00,143.16000366210938,144.57000732421875,142.27999877929688,144.19000244140625,125900,0.0,0.0
2023-01-03 00:00:00-05:00,144.86000061035156,146.3300018310547,141.97000122070312,143.27000427246094,109100,0.0,0.0
2023-01-04 00:00:00-05:00,143.7100067138672,144.89999389648438,142.52999877929688,143.7100067138672,126600,0.0,0.0
2023-01-05 00:00:00-05:00,142.4199981689453,143.16000366210938,140.1199951171875,141.16000366210938,201100,0.0,0.0
2023-01-06 00:00:00-05:00,143.00999450683594,143.00999450683594,140.16000366210938,140.25,134500,0.0,0.0
2023-01-09 00:00:00-05:00,140.50999450683594,142.0,133.07000732421875,133.16000366210938,183200,0.0,0.0
2023-01-10 00:00:00-05:00,133.9499969482422,135.27999877929688,132.25,133.19000244140625,152600,0.0,0.0
2023-01-11 00:00:00-05:00,133.25,133.7100067138672,132.32000732421875,132.4499969482422,125400,0.0,0.0
2023-01-12 00:00:00-05:00,133.0,134.11000061035156,131.66000366210938,133.63999938964844,159600,0.0,0.0
2023-01-13 00:00:00-05:00,133.38999938964844,135.5,132.42999267578125,134.94000244140625,75400,0.0,0.0
2023-01-17 00:00:00-05:00,134.5,135.63999938964844,134.19000244140625,134.8800048828125,103600,0.0,0.0
2023-01-18 00:00:00-05:00,134.74000549316406,136.6300048828125,131.49000549316406,132.36000061035156,100900,0.0,0.0
2023-01-19 00:00:00-05:00,132.0,132.38999938964844,129.50999450683594,129.50999450683594,81500,0.0,0.0
2023-01-20 00:00:00-05:00,130.42999267578125,132.3000030517578,129.1699981689453,132.27999877929688,115200,0.0,0.0
2023-01-23 00:00:00-05:00,132.1999969482422,132.4199981689453,130.57000732421875,130.9499969482422,86400,0.0,0.0
2023-01-24 00:00:00-05:00,130.89999389648438,132.33999633789062,130.22000122070312,130.75,147800,0.0,0.0
2023-01-25 00:00:00-05:00,130.1699981689453,132.94000244140625,128.72000122070312,132.1300048828125,114100,0.0,0.0
2023-01-26 00:00:00-05:00,133.3699951171875,134.1300048828125,131.47999572753906,134.0,93100,0.0,0.0
2023-01-27 00:00:00-05:00,134.0,134.5500030517578,132.8000030517578,134.50999450683594,59400,0.0,0.0
2023-01-30 00:00:00-05:00,134.00999450683594,135.55999755859375,133.13999938964844,133.72000122070312,90100,0.0,0.0
2023-01-31 00:00:00-05:00,133.6699981689453,137.5,133.4199981689453,136.38999938964844,537800,0.0,0.0
2023-02-01 00:00:00-05:00,135.6699981689453,139.83999633789062,135.6699981689453,139.05999755859375,111600,0.0,0.0
2023-02-02 00:00:00-05:00,139.1699981689453,140.82000732421875,138.41000366210938,140.75,131700,0.0,0.0
2023-02-03 00:00:00-05:00,140.4499969482422,141.42999267578125,139.07000732421875,140.35000610351562,86400,0.0,0.0
2023-02-06 00:00:00-05:00,139.17999267578125,139.69000244140625,137.5399932861328,137.6300048828125,83000,0.0,0.0
2023-02-07 00:00:00-05:00,136.47000122070312,137.49000549316406,134.85000610351562,137.39999389648438,126500,0.0,0.0
2023-02-08 00:00:00-05:00,137.0399932861328,137.58999633789062,135.9600067138672,136.30999755859375,54400,0.0,0.0
2023-02-09 00:00:00-05:00,137.05999755859375,137.6999969482422,135.82000732421875,135.88999938964844,85800,0.0,0.0
2023-02-10 00:00:00-05:00,135.5,136.97999572753906,135.35000610351562,136.6300048828125,81700,0.0,0.0
2023-02-13 00:00:00-05:00,136.0500030517578,137.75999450683594,135.69000244140625,137.6999969482422,52500,0.0,0.0
2023-02-14 00:00:00-05:00,137.86000061035156,137.86000061035156,135.3000030517578,136.47999572753906,74200,0.0,0.0
2023-02-15 00:00:00-05:00,135.82000732421875,138.63999938964844,135.7899932861328,137.55999755859375,119400,0.0,0.0
2023-02-16 00:00:00-05:00,137.24000549316406,142.6699981689453,132.19000244140625,139.33999633789062,141500,0.0,0.0
2023-02-17 00:00:00-05:00,140.35000610351562,141.63999938964844,139.24000549316406,140.1999969482422,202900,0.0,0.0
2023-02-21 00:00:00-05:00,139.7100067138672,139.7100067138672,133.42999267578125,133.72000122070312,88800,0.0,0.0
2023-02-22 00:00:00-05:00,133.97999572753906,136.0399932861328,132.82000732421875,133.6300048828125,69500,0.0,0.0
2023-02-23 00:00:00-05:00,134.24000549316406,134.8699951171875,130.97999572753906,134.02999877929688,147200,0.0,0.0
2023-02-24 00:00:00-05:00,132.60000610351562,134.8000030517578,131.47999572753906,134.4499969482422,112200,0.0,0.0
2023-02-27 00:00:00-05:00,135.2899932861328,136.10000610351562,133.91000366210938,134.0800018310547,75600,0.0,0.0
2023-02-28 00:00:00-05:00,133.9499969482422,138.0500030517578,133.9499969482422,134.35000610351562,144100,0.0,0.0
2023-03-01 00:00:00-05:00,133.85000610351562,135.0,132.5500030517578,133.47999572753906,82000,0.0,0.0
2023-03-02 00:00:00-05:00,132.94000244140625,135.83999633789062,132.0,135.08999633789062,66600,0.0,0.0
2023-03-03 00:00:00-05:00,135.50999450683594,136.1999969482422,134.10000610351562,135.66000366210938,63000,0.0,0.0
2023-03-06 00:00:00-05:00,135.3699951171875,136.60000610351562,133.85000610351562,136.47000122070312,109600,0.0,0.0
2023-03-07 00:00:00-05:00,136.3300018310547,136.67999267578125,135.6300048828125,136.02000427246094,107400,0.0,0.0
2023-03-08 00:00:00-05:00,136.1999969482422,137.89999389648438,135.39999389648438,137.8300018310547,225000,0.0,0.0
2023-03-09 00:00:00-05:00,138.42999267578125,138.6999969482422,135.92999267578125,135.94000244140625,135800,0.0,0.0
2023-03-10 00:00:00-05:00,135.9600067138672,135.9600067138672,132.6999969482422,133.14999389648438,148100,0.0,0.0
2023-03-13 00:00:00-04:00,131.6999969482422,133.11000061035156,130.99000549316406,131.33999633789062,105800,0.0,0.0
2023-03-14 00:00:00-04:00,133.25999450683594,135.38999938964844,131.75,133.7100067138672,149400,0.0,0.0
2023-03-15 00:00:00-04:00,131.47999572753906,132.5800018310547,129.27000427246094,131.14999389648438,128400,0.0,0.0
2023-03-16 00:00:00-04:00,130.4499969482422,133.8699951171875,130.02999877929688,133.33999633789062,117300,0.0,0.0
2023-03-17 00:00:00-04:00,133.0,133.3000030517578,128.17999267578125,129.1699981689453,276600,0.0,0.0
2023-03-20 00:00:00-04:00,129.80999755859375,132.92999267578125,129.66000366210938,131.99000549316406,100600,0.0,0.0
2023-03-21 00:00:00-04:00,133.5399932861328,134.69000244140625,131.30999755859375,132.55999755859375,132500,0.0,0.0
2023-03-22 00:00:00-04:00,133.0800018310547,133.39999389648438,129.75,129.80999755859375,117600,0.0,0.0
2023-03-23 00:00:00-04:00,129.99000549316406,132.10000610351562,127.94000244140625,129.08999633789062,128000,0.0,0.0
2023-03-24 00:00:00-04:00,128.10000610351562,129.80999755859375,128.07000732421875,129.61000061035156,94700,0.0,0.0
2023-03-27 00:00:00-04:00,131.22999572753906,131.83999633789062,130.69000244140625,130.8800048828125,71000,0.0,0.0
2023-03-28 00:00:00-04:00,130.92999267578125,132.1300048828125,130.92999267578125,131.97999572753906,86100,0.0,0.0
2023-03-29 00:00:00-04:00,132.85000610351562,132.97000122070312,131.3300018310547,132.32000732421875,85300,0.0,0.0
2023-03-30 00:00:00-04:00,133.10000610351562,133.42999267578125,132.05999755859375,132.19000244140625,68600,0.0,0.0
2023-03-31 00:00:00-04:00,133.0800018310547,133.50999450683594,132.5399932861328,133.5,98100,0.0,0.0
2023-04-03 00:00:00-04:00,133.91000366210938,134.94000244140625,132.8300018310547,133.52000427246094,95100,0.0,0.0
2023-04-04 00:00:00-04:00,133.35000610351562,133.35000610351562,130.47999572753906,131.08999633789062,120400,0.0,0.0
2023-04-05 00:00:00-04:00,130.72000122070312,131.60000610351562,129.85000610351562,130.4600067138672,361700,0.0,0.0
2023-04-06 00:00:00-04:00,130.88999938964844,131.41000366210938,129.91000366210938,130.97999572753906,107200,0.0,0.0
2023-04-10 00:00:00-04:00,130.52999877929688,131.8699951171875,129.8800048828125,131.0800018310547,89200,0.0,0.0
2023-04-11 00:00:00-04:00,131.89999389648438,132.52999877929688,130.8699951171875,131.2100067138672,68300,0.0,0.0
2023-04-12 00:00:00-04:00,132.0500030517578,132.30999755859375,130.99000549316406,131.58999633789062,63800,0.0,0.0
2023-04-13 00:00:00-04:00,132.08999633789062,132.77000427246094,130.3800048828125,131.5800018310547,94000,0.0,0.0
2023-04-14 00:00:00-04:00,131.47999572753906,133.0800018310547,130.22999572753906,130.75,48200,0.0,0.0
2023-04-17 00:00:00-04:00,131.05999755859375,132.1999969482422,130.83999633789062,131.60000610351562,45600,0.0,0.0
2023-04-18 00:00:00-04:00,132.10000610351562,132.3800048828125,131.32000732421875,131.39999389648438,55300,0.0,0.0
2023-04-19 00:00:00-04:00,132.1699981689453,132.1699981689453,130.72000122070312,131.55999755859375,52300,0.0,0.0
2023-04-20 00:00:00-04:00,131.4199981689453,132.75,130.35000610351562,130.67999267578125,61100,0.0,0.0
2023-04-21 00:00:00-04:00,131.27999877929688,132.1999969482422,129.9199981689453,130.92999267578125,65300,0.0,0.0
2023-04-24 00:00:00-04:00,130.3800048828125,131.4499969482422,129.60000610351562,130.5,51200,0.0,0.0
2023-04-25 00:00:00-04:00,130.2100067138672,131.82000732421875,129.0,129.0,68500,0.0,0.0
2023-04-26 00:00:00-04:00,127.94999694824219,130.4499969482422,127.5,127.72000122070312,77600,0.0,0.0
2023-04-27 00:00:00-04:00,127.81999969482422,129.8699951171875,127.81999969482422,129.63999938964844,44500,0.0,0.0
2023-04-28 00:00:00-04:00,128.9600067138672,130.88999938964844,128.9600067138672,129.75,93600,0.0,0.0
2023-05-01 00:00:00-04:00,129.74000549316406,130.89999389648438,129.27000427246094,130.4199981689453,85500,0.0,0.0
2023-05-02 00:00:00-04:00,126.83000183105469,133.02999877929688,122.56999969482422,132.42999267578125,290000,0.0,0.0
2023-05-03 00:00:00-04:00,132.8699951171875,140.58999633789062,132.8699951171875,139.0500030517578,241500,0.0,0.0
2023-05-04 00:00:00-04:00,138.36000061035156,138.63999938964844,126.75,127.8499984741211,199300,0.0,0.0
2023-05-05 00:00:00-04:00,129.0399932861328,134.66000366210938,129.0399932861328,134.19000244140625,167600,0.0,0.0
2023-05-08 00:00:00-04:00,134.36000061035156,135.30999755859375,133.19000244140625,135.27000427246094,79000,0.0,0.0
2023-05-09 00:00:00-04:00,134.97999572753906,138.49000549316406,134.25999450683594,137.77999877929688,132500,0.0,0.0
2023-05-10 00:00:00-04:00,138.0,141.67999267578125,136.77999877929688,141.4600067138672,151300,0.0,0.0
2023-05-11 00:00:00-04:00,140.4199981689453,142.7899932861328,139.7899932861328,141.7899932861328,138600,0.0,0.0
2023-05-12 00:00:00-04:00,142.3699951171875,143.8300018310547,140.4499969482422,143.47000122070312,177100,0.0,0.0
2023-05-15 00:00:00-04:00,142.77999877929688,143.2100067138672,141.30999755859375,143.07000732421875,115400,0.0,0.0
2023-05-16 00:00:00-04:00,142.25999450683594,144.14999389648438,141.42999267578125,142.50999450683594,114600,0.0,0.0
2023-05-17 00:00:00-04:00,142.5500030517578,144.1300048828125,140.5500030517578,143.74000549316406,107700,0.0,0.0
2023-05-18 00:00:00-04:00,143.2100067138672,145.49000549316406,143.1999969482422,145.11000061035156,82500,0.0,0.0
2023-05-19 00:00:00-04:00,146.19000244140625,147.75,142.67999267578125,143.6300048828125,103000,0.0,0.0
2023-05-22 00:00:00-04:00,144.0,145.35000610351562,143.39999389648438,144.7100067138672,99500,0.0,0.0
2023-05-23 00:00:00-04:00,143.8699951171875,145.38999938964844,142.17999267578125,143.30999755859375,94000,0.0,0.0
2023-05-24 00:00:00-04:00,143.4600067138672,143.52000427246094,142.27000427246094,142.82000732421875,107600,0.0,0.0
2023-05-25 00:00:00-04:00,142.7899932861328,143.19000244140625,137.89999389648438,138.32000732421875,88800,0.0,0.0
2023-05-26 00:00:00-04:00,138.07000732421875,141.27999877929688,138.07000732421875,141.14999389648438,89300,0.0,0.0
2023-05-30 00:00:00-04:00,141.6999969482422,142.52999877929688,140.32000732421875,141.25,70600,0.0,0.0
2023-05-31 00:00:00-04:00,140.8699951171875,140.8699951171875,137.27000427246094,137.55999755859375,122200,0.0,0.0
2023-06-01 00:00:00-04:00,138.5800018310547,139.27999877929688,136.44000244140625,139.16000366210938,81400,0.0,0.0
2023-06-02 00:00:00-04:00,139.97000122070312,143.41000366210938,139.97000122070312,142.85000610351562,113300,0.0,0.0
2023-06-05 00:00:00-04:00,141.85000610351562,142.64999389648438,139.00999450683594,141.61000061035156,123600,0.0,0.0
2023-06-06 00:00:00-04:00,142.60000610351562,145.50999450683594,142.60000610351562,143.97999572753906,89200,0.0,0.0
2023-06-07 00:00:00-04:00,144.7100067138672,147.75999450683594,144.2899932861328,147.1699981689453,133500,0.0,0.0
2023-06-08 00:00:00-04:00,147.16000366210938,148.9499969482422,146.64999389648438,147.97999572753906,108100,0.0,0.0
2023-06-09 00:00:00-04:00,147.50999450683594,154.72999572753906,147.0500030517578,154.14999389648438,320100,0.0,0.0
2023-06-12 00:00:00-04:00,154.83999633789062,155.89999389648438,152.92999267578125,155.0399932861328,275800,0.0,0.0
2023-06-13 00:00:00-04:00,155.00999450683594,157.82000732421875,154.7100067138672,157.5500030517578,129100,0.0,0.0
2023-06-14 00:00:00-04:00,157.6199951171875,159.57000732421875,157.17999267578125,159.5399932861328,195500,0.0,0.0
2023-06-15 00:00:00-04:00,158.92999267578125,161.6999969482422,158.5399932861328,161.27999877929688,237600,0.0,0.0
2023-06-16 00:00:00-04:00,162.5,163.02999877929688,158.2899932861328,161.75,497600,0.0,0.0
2023-06-20 00:00:00-04:00,160.94000244140625,164.4600067138672,160.3300018310547,162.9600067138672,240500,0.0,0.0
2023-06-21 00:00:00-04:00,162.75,166.49000549316406,161.8699951171875,165.88999938964844,224800,0.0,0.0
2023-06-22 00:00:00-04:00,165.08999633789062,168.1199951171875,163.6999969482422,164.8699951171875,190000,0.0,0.0
2023-06-23 00:00:00-04:00,163.16000366210938,163.85000610351562,161.69000244140625,162.32000732421875,317800,0.0,0.0
2023-06-26 00:00:00-04:00,162.1199951171875,164.69000244140625,161.88999938964844,163.55999755859375,129800,0.0,0.0
2023-06-27 00:00:00-04:00,164.67999267578125,168.16000366210938,164.02999877929688,167.85000610351562,197400,0.0,0.0
2023-06-28 00:00:00-04:00,168.36000061035156,170.55999755859375,167.49000549316406,170.3300018310547,110700,0.0,0.0
2023-06-29 00:00:00-04:00,169.5800018310547,173.50999450683594,169.5800018310547,173.00999450683594,135700,0.0,0.0
2023-06-30 00:00:00-04:00,174.77999877929688,176.0,173.91000366210938,173.9600067138672,189500,0.0,0.0
2023-07-03 00:00:00-04:00,173.3699951171875,174.14999389648438,168.8699951171875,169.6300048828125,147100,0.0,0.0
2023-07-05 00:00:00-04:00,168.69000244140625,169.39999389648438,166.80999755859375,167.77000427246094,192300,0.0,0.0
2023-07-06 00:00:00-04:00,166.75999450683594,166.94000244140625,163.5800018310547,164.47999572753906,292200,0.0,0.0
2023-07-07 00:00:00-04:00,164.00999450683594,169.0500030517578,163.1999969482422,164.6699981689453,351200,0.0,0.0
2023-07-10 00:00:00-04:00,165.27999877929688,168.6699981689453,165.27999877929688,167.1699981689453,185800,0.0,0.0
2023-07-11 00:00:00-04:00,167.77000427246094,169.30999755859375,166.85000610351562,168.97999572753906,93900,0.0,0.0
2023-07-12 00:00:00-04:00,170.97999572753906,171.52999877929688,168.10000610351562,168.61000061035156,140700,0.0,0.0
2023-07-13 00:00:00-04:00,169.41000366210938,169.83999633789062,168.36000061035156,169.4199981689453,90200,0.0,0.0
2023-07-14 00:00:00-04:00,169.10000610351562,169.33999633789062,166.02000427246094,166.27999877929688,136600,0.0,0.0
2023-07-17 00:00:00-04:00,165.74000549316406,168.2100067138672,164.97000122070312,167.9600067138672,98800,0.0,0.0
2023-07-18 00:00:00-04:00,168.22000122070312,171.22000122070312,168.22000122070312,169.5399932861328,131000,0.0,0.0
2023-07-19 00:00:00-04:00,169.3300018310547,169.4199981689453,165.85000610351562,168.99000549316406,166500,0.0,0.0
2023-07-20 00:00:00-04:00,170.19000244140625,171.55999755859375,166.33999633789062,167.5,132600,0.0,0.0
2023-07-21 00:00:00-04:00,167.9499969482422,168.27999877929688,167.08999633789062,167.13999938964844,84900,0.0,0.0
2023-07-24 00:00:00-04:00,166.80999755859375,168.83999633789062,166.42999267578125,167.3699951171875,87400,0.0,0.0
2023-07-25 00:00:00-04:00,165.92999267578125,167.88999938964844,165.4199981689453,167.75999450683594,108000,0.0,0.0
2023-07-26 00:00:00-04:00,167.0800018310547,168.77000427246094,165.9199981689453,166.5,126600,0.0,0.0
2023-07-27 00:00:00-04:00,167.69000244140625,169.5399932861328,165.0,165.92999267578125,91200,0.0,0.0
2023-07-28 00:00:00-04:00,166.1999969482422,167.3699951171875,162.72999572753906,166.8800048828125,90500,0.0,0.0
2023-07-31 00:00:00-04:00,166.1999969482422,167.0,165.63999938964844,166.0,490700,0.0,0.0
2023-08-01 00:00:00-04:00,169.05999755859375,180.3000030517578,167.92999267578125,179.82000732421875,327600,0.0,0.0
2023-08-02 00:00:00-04:00,179.4499969482422,185.55999755859375,178.52999877929688,182.1999969482422,285800,0.0,0.0
2023-08-03 00:00:00-04:00,180.72000122070312,180.72000122070312,176.83999633789062,178.5399932861328,157300,0.0,0.0
2023-08-04 00:00:00-04:00,178.0,179.0,175.7100067138672,176.17999267578125,119000,0.0,0.0
2023-08-07 00:00:00-04:00,176.00999450683594,177.50999450683594,175.52000427246094,175.8300018310547,169300,0.0,0.0
2023-08-08 00:00:00-04:00,175.80999755859375,177.50999450683594,174.36000061035156,176.6699981689453,148700,0.0,0.0
2023-08-09 00:00:00-04:00,175.97999572753906,177.82000732421875,174.8000030517578,175.30999755859375,82400,0.0,0.0
2023-08-10 00:00:00-04:00,175.30999755859375,176.39999389648438,173.30999755859375,175.39999389648438,130000,0.0,0.0
2023-08-11 00:00:00-04:00,175.0399932861328,178.30999755859375,174.0,178.22000122070312,165000,0.0,0.0
2023-08-14 00:00:00-04:00,177.9600067138672,179.80999755859375,176.6999969482422,179.0500030517578,86200,0.0,0.0
2023-08-15 00:00:00-04:00,178.14999389648438,178.16000366210938,176.2899932861328,176.8000030517578,112700,0.0,0.0
2023-08-16 00:00:00-04:00,176.8000030517578,179.2100067138672,176.8000030517578,177.32000732421875,98600,0.0,0.0
2023-08-17 00:00:00-04:00,177.1300048828125,178.05999755859375,173.4199981689453,173.67999267578125,139000,0.0,0.0
2023-08-18 00:00:00-04:00,173.86000061035156,176.07000732421875,172.77999877929688,174.6199951171875,318000,0.0,0.0
2023-08-21 00:00:00-04:00,174.0800018310547,175.82000732421875,173.9600067138672,175.22999572753906,89600,0.0,0.0
2023-08-22 00:00:00-04:00,176.41000366210938,176.69000244140625,175.27000427246094,175.42999267578125,66900,0.0,0.0
2023-08-23 00:00:00-04:00,177.11000061035156,179.1999969482422,176.0,179.1699981689453,63200,0.0,0.0
2023-08-24 00:00:00-04:00,179.39999389648438,180.88999938964844,177.60000610351562,177.8699951171875,103000,0.0,0.0
2023-08-25 00:00:00-04:00,179.30999755859375,181.64999389648438,178.97000122070312,180.4499969482422,149600,0.0,0.0
2023-08-28 00:00:00-04:00,180.47999572753906,183.52999877929688,179.77999877929688,180.0500030517578,61800,0.0,0.0
2023-08-29 00:00:00-04:00,179.6699981689453,181.63999938964844,179.47999572753906,180.86000061035156,82700,0.0,0.0
2023-08-30 00:00:00-04:00,180.92999267578125,183.0800018310547,180.92999267578125,181.80999755859375,65500,0.0,0.0
2023-08-31 00:00:00-04:00,182.7100067138672,184.11000061035156,181.97999572753906,182.67999267578125,70700,0.0,0.0
2023-09-01 00:00:00-04:00,183.47999572753906,185.57000732421875,183.47999572753906,185.02000427246094,64400,0.0,0.0
2023-09-05 00:00:00-04:00,184.0399932861328,184.0399932861328,174.88999938964844,175.72000122070312,112300,0.0,0.0
2023-09-06 00:00:00-04:00,175.6300048828125,178.4199981689453,175.5500030517578,175.85000610351562,74800,0.0,0.0
2023-09-07 00:00:00-04:00,176.66000366210938,176.66000366210938,171.38999938964844,172.63999938964844,155400,0.0,0.0
2023-09-08 00:00:00-04:00,172.8800048828125,173.99000549316406,171.44000244140625,171.5800018310547,94900,0.0,0.0
2023-09-11 00:00:00-04:00,170.8300018310547,173.5399932861328,170.74000549316406,173.05999755859375,85300,0.0,0.0
2023-09-12 00:00:00-04:00,172.5500030517578,175.33999633789062,172.5500030517578,172.8699951171875,66300,0.0,0.0
2023-09-13 00:00:00-04:00,173.27999877929688,173.49000549316406,170.16000366210938,172.92999267578125,139900,0.0,0.0
2023-09-14 00:00:00-04:00,173.27000427246094,175.57000732421875,172.00999450683594,174.4600067138672,142200,0.0,0.0
2023-09-15 00:00:00-04:00,173.44000244140625,175.41000366210938,171.41000366210938,172.3800048828125,313400,0.0,0.0
2023-09-18 00:00:00-04:00,172.8800048828125,174.3699951171875,171.35000610351562,171.44000244140625,70600,0.0,0.0
2023-09-19 00:00:00-04:00,170.97000122070312,171.08999633789062,168.55999755859375,168.6699981689453,92100,0.0,0.0
2023-09-20 00:00:00-04:00,169.3800048828125,169.8699951171875,166.4499969482422,166.94000244140625,81100,0.0,0.0
2023-09-21 00:00:00-04:00,166.72000122070312,166.72000122070312,164.27999877929688,165.4600067138672,69000,0.0,0.0
2023-09-22 00:00:00-04:00,165.05999755859375,166.1699981689453,164.00999450683594,164.07000732421875,87400,0.0,0.0
2023-09-25 00:00:00-04:00,163.30999755859375,165.4499969482422,161.82000732421875,162.3800048828125,93700,0.0,0.0
2023-09-26 00:00:00-04:00,162.72999572753906,163.2899932861328,158.77999877929688,159.0,140600,0.0,0.0
2023-09-27 00:00:00-04:00,158.8699951171875,160.41000366210938,157.69000244140625,158.0800018310547,151300,0.0,0.0
2023-09-28 00:00:00-04:00,158.72999572753906,160.64999389648438,158.4499969482422,159.36000061035156,133700,0.0,0.0
2023-09-29 00:00:00-04:00,160.33999633789062,160.33999633789062,157.39999389648438,157.64999389648438,131700,0.0,0.0
2023-10-02 00:00:00-04:00,157.16000366210938,157.42999267578125,155.1300048828125,155.3000030517578,94000,0.0,0.0
2023-10-03 00:00:00-04:00,154.25,156.05999755859375,154.07000732421875,155.0500030517578,65700,0.0,0.0
2023-10-04 00:00:00-04:00,154.5399932861328,157.82000732421875,154.35000610351562,157.75,139300,0.0,0.0
2023-10-05 00:00:00-04:00,157.61000061035156,158.6300048828125,157.3800048828125,157.88999938964844,85200,0.0,0.0
2023-10-06 00:00:00-04:00,156.92999267578125,158.02999877929688,156.19000244140625,156.7100067138672,167600,0.0,0.0
2023-10-09 00:00:00-04:00,156.1199951171875,156.6999969482422,155.08999633789062,156.0500030517578,102000,0.0,0.0
2023-10-10 00:00:00-04:00,156.6300048828125,158.11000061035156,155.57000732421875,155.77999877929688,156200,0.0,0.0
2023-10-11 00:00:00-04:00,156.6300048828125,158.66000366210938,155.5,156.1699981689453,136300,0.0,0.0
2023-10-12 00:00:00-04:00,156.8300018310547,156.8300018310547,152.39999389648438,154.5800018310547,88200,0.0,0.0
2023-10-13 00:00:00-04:00,155.0,155.0,152.7899932861328,153.02999877929688,67200,0.0,0.0
2023-10-16 00:00:00-04:00,154.6300048828125,156.0500030517578,153.74000549316406,154.39999389648438,80400,0.0,0.0
2023-10-17 00:00:00-04:00,153.5800018310547,156.69000244140625,151.19000244140625,155.77000427246094,209700,0.0,0.0
2023-10-18 00:00:00-04:00,154.24000549316406,154.75,151.39999389648438,151.61000061035156,107100,0.0,0.0
2023-10-19 00:00:00-04:00,150.4499969482422,152.75999450683594,149.8699951171875,150.9499969482422,135900,0.0,0.0
2023-10-20 00:00:00-04:00,151.57000732421875,151.57000732421875,149.2100067138672,149.50999450683594,90200,0.0,0.0
2023-10-23 00:00:00-04:00,149.24000549316406,150.4600067138672,147.8800048828125,147.97000122070312,104500,0.0,0.0
2023-10-24 00:00:00-04:00,147.8300018310547,149.77999877929688,147.35000610351562,148.61000061035156,109900,0.0,0.0
2023-10-25 00:00:00-04:00,153.3800048828125,162.32000732421875,153.0,159.17999267578125,248900,0.0,0.0
2023-10-26 00:00:00-04:00,158.97999572753906,161.52999877929688,157.4499969482422,160.0,179400,0.0,0.0
2023-10-27 00:00:00-04:00,160.25999450683594,160.92999267578125,157.4199981689453,157.60000610351562,143300,0.0,0.0
2023-10-30 00:00:00-04:00,157.24000549316406,159.27999877929688,155.33999633789062,158.16000366210938,85200,0.0,0.0
2023-10-31 00:00:00-04:00,157.50999450683594,159.07000732421875,156.77999877929688,157.8800048828125,167100,0.0,0.0
2023-11-01 00:00:00-04:00,157.07000732421875,157.75,155.60000610351562,157.66000366210938,95800,0.0,0.0
2023-11-02 00:00:00-04:00,159.1199951171875,160.27000427246094,157.11000061035156,159.08999633789062,80300,0.0,0.0
2023-11-03 00:00:00-04:00,159.99000549316406,161.75999450683594,159.9199981689453,160.50999450683594,67200,0.0,0.0
2023-11-06 00:00:00-05:00,160.6699981689453,161.47999572753906,158.72000122070312,159.72999572753906,91400,0.0,0.0
2023-11-07 00:00:00-05:00,159.6999969482422,160.8300018310547,159.5399932861328,159.85000610351562,53500,0.0,0.0
2023-11-08 00:00:00-05:00,159.82000732421875,160.17999267578125,157.57000732421875,157.75,111100,0.0,0.0
2023-11-09 00:00:00-05:00,158.1699981689453,159.77999877929688,157.33999633789062,159.35000610351562,69100,0.0,0.0
2023-11-10 00:00:00-05:00,159.92999267578125,161.1699981689453,158.6300048828125,160.27999877929688,61300,0.0,0.0
2023-11-13 00:00:00-05:00,159.4600067138672,162.86000061035156,158.86000061035156,162.8000030517578,103400,0.0,0.0
2023-11-14 00:00:00-05:00,164.10000610351562,165.83999633789062,162.85000610351562,165.64999389648438,140900,0.0,0.0
2023-11-15 00:00:00-05:00,165.63999938964844,166.9199981689453,164.89999389648438,165.97999572753906,153300,0.0,0.0
2023-11-16 00:00:00-05:00,165.49000549316406,166.61000061035156,164.82000732421875,165.8300018310547,116000,0.0,0.0
2023-11-17 00:00:00-05:00,166.8300018310547,168.6699981689453,165.58999633789062,166.72999572753906,102000,0.0,0.0
2023-11-20 00:00:00-05:00,166.05999755859375,168.64999389648438,166.05999755859375,167.74000549316406,86100,0.0,0.0
2023-11-21 00:00:00-05:00,166.80999755859375,167.41000366210938,164.6199951171875,165.22999572753906,81100,0.0,0.0
2023-11-22 00:00:00-05:00,165.4499969482422,167.32000732421875,163.5800018310547,166.19000244140625,66100,0.0,0.0
2023-11-24 00:00:00-05:00,166.0,168.19000244140625,166.0,166.75,19100,0.0,0.0
2023-11-27 00:00:00-05:00,166.44000244140625,168.4199981689453,165.3699951171875,168.07000732421875,111400,0.0,0.0
2023-11-28 00:00:00-05:00,167.85000610351562,168.57000732421875,166.02999877929688,166.97999572753906,89700,0.0,0.0
2023-11-29 00:00:00-05:00,168.13999938964844,170.52000427246094,166.52999877929688,170.1999969482422,141400,0.0,0.0
2023-11-30 00:00:00-05:00,171.25,174.66000366210938,170.72000122070312,174.13999938964844,263700,0.0,0.0
2023-12-01 00:00:00-05:00,173.5800018310547,176.82000732421875,172.75999450683594,176.3699951171875,117200,0.0,0.0
2023-12-04 00:00:00-05:00,176.25999450683594,179.42999267578125,176.25999450683594,176.77999877929688,141800,0.0,0.0
2023-12-05 00:00:00-05:00,176.0500030517578,176.0500030517578,172.1999969482422,173.88999938964844,75400,0.0,0.0
2023-12-06 00:00:00-05:00,174.6999969482422,175.02000427246094,170.88999938964844,170.99000549316406,90900,0.0,0.0
2023-12-07 00:00:00-05:00,170.67999267578125,171.3800048828125,169.2100067138672,171.32000732421875,128200,0.0,0.0
2023-12-08 00:00:00-05:00,171.82000732421875,172.44000244140625,169.49000549316406,170.9499969482422,73300,0.0,0.0
2023-12-11 00:00:00-05:00,170.89999389648438,171.02000427246094,168.7899932861328,169.35000610351562,98300,0.0,0.0
2023-12-12 00:00:00-05:00,169.55999755859375,170.9499969482422,168.5,169.30999755859375,119200,0.0,0.0
2023-12-13 00:00:00-05:00,169.35000610351562,170.2100067138672,167.83999633789062,170.1699981689453,185100,0.0,0.0
2023-12-14 00:00:00-05:00,171.8699951171875,174.1199951171875,169.02000427246094,169.1300048828125,150000,0.0,0.0
2023-12-15 00:00:00-05:00,169.5500030517578,169.86000061035156,164.77000427246094,165.2899932861328,443000,0.0,0.0
2023-12-18 00:00:00-05:00,166.88999938964844,168.69000244140625,166.1300048828125,166.5,152800,0.0,0.0
2023-12-19 00:00:00-05:00,166.83999633789062,169.88999938964844,165.3699951171875,166.24000549316406,234000,0.0,0.0
2023-12-20 00:00:00-05:00,166.2100067138672,166.69000244140625,163.47000122070312,163.5399932861328,172300,0.0,0.0
2023-12-21 00:00:00-05:00,163.7100067138672,166.2899932861328,162.0399932861328,166.27999877929688,195800,0.0,0.0
2023-12-22 00:00:00-05:00,167.5500030517578,168.3300018310547,165.5399932861328,167.10000610351562,95100,0.0,0.0
2023-12-26 00:00:00-05:00,167.10000610351562,168.97999572753906,165.50999450683594,168.25,131200,0.0,0.0
2023-12-27 00:00:00-05:00,168.74000549316406,169.77000427246094,167.41000366210938,168.88999938964844,109600,0.0,0.0
2023-12-28 00:00:00-05:00,168.50999450683594,169.10000610351562,167.16000366210938,168.80999755859375,84500,0.0,0.0
2023-12-29 00:00:00-05:00,168.9199981689453,169.61000061035156,168.11000061035156,168.8300018310547,96300,0.0,0.0
2024-01-02 00:00:00-05:00,167.6199951171875,169.30999755859375,166.9199981689453,167.94000244140625,145800,0.0,0.0
2024-01-03 00:00:00-05:00,166.32000732421875,167.42999267578125,164.66000366210938,165.07000732421875,196800,0.0,0.0
2024-01-04 00:00:00-05:00,165.50999450683594,166.50999450683594,163.02999877929688,163.72999572753906,317000,0.0,0.0
2024-01-05 00:00:00-05:00,162.55999755859375,163.52000427246094,160.9600067138672,161.08999633789062,257400,0.0,0.0
2024-01-08 00:00:00-05:00,161.61000061035156,164.82000732421875,160.75,164.77000427246094,121200,0.0,0.0
2024-01-09 00:00:00-05:00,163.1999969482422,165.35000610351562,163.0,164.47999572753906,84800,0.0,0.0
2024-01-10 00:00:00-05:00,164.47999572753906,165.8699951171875,164.4600067138672,165.52000427246094,71500,0.0,0.0
2024-01-11 00:00:00-05:00,164.99000549316406,169.9600067138672,164.17999267578125,165.75,127600,0.0,0.0
2024-01-12 00:00:00-05:00,166.85000610351562,167.4600067138672,164.24000549316406,165.11000061035156,110900,0.0,0.0
2024-01-16 00:00:00-05:00,163.75999450683594,164.63999938964844,162.4199981689453,163.0,93200,0.0,0.0
2024-01-17 00:00:00-05:00,161.63999938964844,162.5800018310547,160.02000427246094,161.6300048828125,74500,0.0,0.0
2024-01-18 00:00:00-05:00,162.0,163.9199981689453,161.1199951171875,163.61000061035156,101100,0.0,0.0
2024-01-19 00:00:00-05:00,164.5,164.5,161.75999450683594,162.89999389648438,67800,0.0,0.0
2024-01-22 00:00:00-05:00,163.1300048828125,167.22000122070312,163.1300048828125,167.07000732421875,194600,0.0,0.0
2024-01-23 00:00:00-05:00,168.00999450683594,168.11000061035156,166.27000427246094,167.74000549316406,134000,0.0,0.0
2024-01-24 00:00:00-05:00,168.52000427246094,168.72000122070312,166.2899932861328,167.44000244140625,133000,0.0,0.0
2024-01-25 00:00:00-05:00,168.16000366210938,168.25999450683594,164.77999877929688,166.02000427246094,98800,0.0,0.0
2024-01-26 00:00:00-05:00,166.8000030517578,167.0500030517578,165.86000061035156,166.0800018310547,79000,0.0,0.0
2024-01-29 00:00:00-05:00,165.3300018310547,168.13999938964844,164.64999389648438,167.82000732421875,98700,0.0,0.0
2024-01-30 00:00:00-05:00,167.72000122070312,168.6699981689453,166.83999633789062,167.5399932861328,125400,0.0,0.0
2024-01-31 00:00:00-05:00,167.85000610351562,168.14999389648438,164.8000030517578,165.02999877929688,347100,0.0,0.0
2024-02-01 00:00:00-05:00,165.74000549316406,168.08999633789062,164.0500030517578,167.5500030517578,150100,0.0,0.0
2024-02-02 00:00:00-05:00,166.16000366210938,168.77999877929688,166.02999877929688,168.66000366210938,91600,0.0,0.0
2024-02-05 00:00:00-05:00,168.0,168.0,166.10000610351562,166.85000610351562,99500,0.0,0.0
2024-02-06 00:00:00-05:00,167.22000122070312,171.10000610351562,167.17999267578125,169.6199951171875,266900,0.0,0.0
2024-02-07 00:00:00-05:00,170.33999633789062,172.0500030517578,169.64999389648438,171.05999755859375,121700,0.0,0.0
2024-02-08 00:00:00-05:00,171.5800018310547,174.0399932861328,171.1199951171875,173.97000122070312,131800,0.0,0.0
2024-02-09 00:00:00-05:00,174.35000610351562,178.1300048828125,173.6699981689453,178.08999633789062,169400,0.0,0.0
2024-02-12 00:00:00-05:00,178.3699951171875,178.52999877929688,176.72999572753906,177.47999572753906,181900,0.0,0.0
2024-02-13 00:00:00-05:00,174.7899932861328,177.5500030517578,173.75,175.0500030517578,169700,0.0,0.0
2024-02-14 00:00:00-05:00,175.32000732421875,176.60000610351562,174.4499969482422,176.47999572753906,266500,0.0,0.0
2024-02-15 00:00:00-05:00,179.0,184.88999938964844,174.57000732421875,177.94000244140625,339300,0.0,0.0
2024-02-16 00:00:00-05:00,178.22000122070312,180.57000732421875,176.6699981689453,178.4499969482422,172300,0.0,0.0
2024-02-20 00:00:00-05:00,177.4600067138672,178.85000610351562,176.6999969482422,177.3000030517578,143400,0.0,0.0
2024-02-21 00:00:00-05:00,177.47000122070312,177.47000122070312,174.19000244140625,175.39999389648438,139900,0.0,0.0
2024-02-22 00:00:00-05:00,177.02000427246094,179.9199981689453,176.88999938964844,179.6999969482422,164800,0.0,0.0
2024-02-23 00:00:00-05:00,180.00999450683594,180.75,177.05999755859375,180.0399932861328,169200,0.0,0.0
2024-02-26 00:00:00-05:00,180.13999938964844,182.92999267578125,179.94000244140625,182.74000549316406,124500,0.0,0.0
2024-02-27 00:00:00-05:00,182.6300048828125,183.4199981689453,181.77000427246094,182.0,89700,0.0,0.0
2024-02-28 00:00:00-05:00,180.75,183.6999969482422,179.9199981689453,182.9199981689453,104000,0.0,0.0
2024-02-29 00:00:00-05:00,183.57000732421875,185.36000061035156,183.4499969482422,184.14999389648438,184500,0.0,0.0
2024-03-01 00:00:00-05:00,184.27999877929688,185.75,182.17999267578125,183.02999877929688,141600,0.0,0.0
2024-03-04 00:00:00-05:00,184.08999633789062,187.5800018310547,184.08999633789062,186.3800048828125,116400,0.0,0.0
2024-03-05 00:00:00-05:00,184.92999267578125,186.8800048828125,183.8300018310547,183.97000122070312,102500,0.0,0.0
2024-03-06 00:00:00-05:00,184.24000549316406,187.3300018310547,184.24000549316406,186.1199951171875,95600,0.0,0.0
2024-03-07 00:00:00-05:00,186.9600067138672,187.3300018310547,184.89999389648438,185.91000366210938,86200,0.0,0.0
2024-03-08 00:00:00-05:00,186.99000549316406,188.27000427246094,185.13999938964844,185.9199981689453,77800,0.0,0.0
2024-03-11 00:00:00-04:00,185.82000732421875,185.88999938964844,184.02999877929688,185.10000610351562,90900,0.0,0.0
2024-03-12 00:00:00-04:00,184.5399932861328,187.27000427246094,184.35000610351562,186.9199981689453,101700,0.0,0.0
2024-03-13 00:00:00-04:00,187.35000610351562,187.7899932861328,185.89999389648438,186.80999755859375,101000,0.0,0.0
2024-03-14 00:00:00-04:00,186.88999938964844,187.0,183.22000122070312,183.64999389648438,100800,0.0,0.0
2024-03-15 00:00:00-04:00,182.77000427246094,185.27000427246094,182.1199951171875,183.0800018310547,377200,0.0,0.0
2024-03-18 00:00:00-04:00,184.0,184.66000366210938,182.7899932861328,183.1300048828125,97700,0.0,0.0
2024-03-19 00:00:00-04:00,183.0,184.6199951171875,182.11000061035156,184.05999755859375,125400,0.0,0.0
2024-03-20 00:00:00-04:00,183.5500030517578,184.72000122070312,182.02999877929688,182.91000366210938,141600,0.0,0.0
2024-03-21 00:00:00-04:00,182.5500030517578,187.6699981689453,182.07000732421875,187.27999877929688,196900,0.0,0.0
2024-03-22 00:00:00-04:00,187.7100067138672,187.82000732421875,186.25999450683594,187.47000122070312,114800,0.0,0.0
2024-03-25 00:00:00-04:00,187.19000244140625,190.2899932861328,186.89999389648438,188.97000122070312,95800,0.0,0.0
2024-03-26 00:00:00-04:00,189.9499969482422,193.9199981689453,188.97000122070312,193.85000610351562,165200,0.0,0.0
2024-03-27 00:00:00-04:00,194.27000427246094,194.55999755859375,192.3800048828125,193.2100067138672,138100,0.0,0.0
2024-03-28 00:00:00-04:00,192.9199981689453,195.47999572753906,192.32000732421875,193.58999633789062,99500,0.0,0.0
2024-04-01 00:00:00-04:00,193.52000427246094,194.0500030517578,188.6199951171875,190.9199981689453,139800,0.0,0.0
2024-04-02 00:00:00-04:00,190.25,191.05999755859375,187.77000427246094,190.75,136100,0.0,0.0
2024-04-03 00:00:00-04:00,189.91000366210938,192.77000427246094,189.91000366210938,191.86000061035156,202000,0.0,0.0
2024-04-04 00:00:00-04:00,192.61000061035156,194.91000366210938,190.1999969482422,190.72999572753906,99300,0.0,0.0
2024-04-05 00:00:00-04:00,191.5,196.02000427246094,191.5,194.80999755859375,224100,0.0,0.0
2024-04-08 00:00:00-04:00,195.27999877929688,195.3800048828125,193.66000366210938,193.77000427246094,103000,0.0,0.0
2024-04-09 00:00:00-04:00,194.41000366210938,194.9199981689453,191.5800018310547,193.57000732421875,105100,0.0,0.0
2024-04-10 00:00:00-04:00,190.83999633789062,192.5800018310547,190.3800048828125,192.22999572753906,64000,0.0,0.0
2024-04-11 00:00:00-04:00,192.32000732421875,193.50999450683594,190.75999450683594,193.35000610351562,87500,0.0,0.0
2024-04-12 00:00:00-04:00,192.50999450683594,192.50999450683594,189.86000061035156,190.3000030517578,103200,0.0,0.0
2024-04-15 00:00:00-04:00,190.69000244140625,192.0500030517578,187.1999969482422,187.75999450683594,95700,0.0,0.0
2024-04-16 00:00:00-04:00,187.42999267578125,187.99000549316406,186.35000610351562,187.0,69400,0.0,0.0
2024-04-17 00:00:00-04:00,188.25,189.19000244140625,185.8800048828125,185.91000366210938,115400,0.0,0.0
2024-04-18 00:00:00-04:00,186.58999633789062,187.75999450683594,185.38999938964844,185.5500030517578,84100,0.0,0.0
2024-04-19 00:00:00-04:00,186.5,187.32000732421875,183.9199981689453,185.3800048828125,91200,0.0,0.0
2024-04-22 00:00:00-04:00,186.38999938964844,189.67999267578125,185.30999755859375,187.72000122070312,82500,0.0,0.0
2024-04-23 00:00:00-04:00,188.60000610351562,190.64999389648438,188.60000610351562,190.0399932861328,75500,0.0,0.0
2024-04-24 00:00:00-04:00,189.63999938964844,191.1699981689453,188.1699981689453,190.72000122070312,157800,0.0,0.0
2024-04-25 00:00:00-04:00,189.52000427246094,189.52000427246094,187.35000610351562,188.7100067138672,81100,0.0,0.0
2024-04-26 00:00:00-04:00,189.07000732421875,190.72000122070312,188.49000549316406,188.77999877929688,99800,0.0,0.0
2024-04-29 00:00:00-04:00,188.5500030517578,189.6699981689453,187.10000610351562,188.0399932861328,212500,0.0,0.0
2024-04-30 00:00:00-04:00,186.44000244140625,194.07000732421875,178.4199981689453,180.39999389648438,395600,0.0,0.0
2024-05-01 00:00:00-04:00,180.1300048828125,185.1999969482422,180.1300048828125,182.82000732421875,202600,0.0,0.0
2024-05-02 00:00:00-04:00,184.75,187.00999450683594,183.02999877929688,185.32000732421875,166000,0.0,0.0
2024-05-03 00:00:00-04:00,186.66000366210938,186.66000366210938,182.9600067138672,183.92999267578125,134800,0.0,0.0
2024-05-06 00:00:00-04:00,184.92999267578125,186.75,184.0399932861328,185.22000122070312,163600,0.0,0.0
2024-05-07 00:00:00-04:00,185.2100067138672,189.58999633789062,185.2100067138672,187.97999572753906,246600,0.0,0.0
2024-05-08 00:00:00-04:00,187.97999572753906,189.0399932861328,186.5,187.58999633789062,218800,0.0,0.0
2024-05-09 00:00:00-04:00,188.14999389648438,190.0500030517578,187.22000122070312,189.67999267578125,93800,0.0,0.0
2024-05-10 00:00:00-04:00,190.44000244140625,190.72000122070312,188.5399932861328,189.77999877929688,99000,0.0,0.0
2024-05-13 00:00:00-04:00,192.1699981689453,192.1699981689453,189.02000427246094,189.02999877929688,99400,0.0,0.0
2024-05-14 00:00:00-04:00,189.00999450683594,189.36000061035156,188.27000427246094,189.02999877929688,152000,0.0,0.0
2024-05-15 00:00:00-04:00,189.94000244140625,193.38999938964844,189.94000244140625,192.11000061035156,153100,0.0,0.0
2024-05-16 00:00:00-04:00,191.7899932861328,191.7899932861328,188.02000427246094,189.25999450683594,145200,0.0,0.0
2024-05-17 00:00:00-04:00,189.50999450683594,190.1199951171875,187.8000030517578,189.14999389648438,177200,0.0,0.0
2024-05-20 00:00:00-04:00,189.52000427246094,192.25999450683594,189.4499969482422,191.5500030517578,155800,0.0,0.0
2024-05-21 00:00:00-04:00,191.0,192.72000122070312,189.3300018310547,189.92999267578125,118900,0.0,0.0
2024-05-22 00:00:00-04:00,188.97999572753906,192.6199951171875,188.63999938964844,189.75,143300,0.0,0.0
2024-05-23 00:00:00-04:00,190.49000549316406,191.38999938964844,188.42999267578125,189.13999938964844,123800,0.0,0.0
2024-05-24 00:00:00-04:00,189.75999450683594,189.83999633789062,187.25,187.6300048828125,96400,0.0,0.0
2024-05-28 00:00:00-04:00,186.77000427246094,187.88999938964844,181.92999267578125,181.94000244140625,108600,0.0,0.0
2024-05-29 00:00:00-04:00,180.1999969482422,181.5399932861328,178.38999938964844,178.61000061035156,176500,0.0,0.0
2024-05-30 00:00:00-04:00,179.27000427246094,179.74000549316406,178.02000427246094,178.5500030517578,159400,0.0,0.0
2024-05-31 00:00:00-04:00,178.63999938964844,180.47000122070312,177.92999267578125,180.0,247200,0.0,0.0
2024-06-03 00:00:00-04:00,179.5800018310547,180.32000732421875,175.44000244140625,176.39999389648438,186800,0.0,0.0
2024-06-04 00:00:00-04:00,175.80999755859375,177.88999938964844,175.32000732421875,176.64999389648438,142600,0.0,0.0
2024-06-05 00:00:00-04:00,177.82000732421875,177.82000732421875,174.6699981689453,176.02999877929688,206300,0.0,0.0
2024-06-06 00:00:00-04:00,176.2899932861328,176.7100067138672,172.8300018310547,174.42999267578125,131700,0.0,0.0
2024-06-07 00:00:00-04:00,173.69000244140625,174.6300048828125,171.16000366210938,171.22999572753906,93400,0.0,0.0
2024-06-10 00:00:00-04:00,169.99000549316406,172.30999755859375,169.0500030517578,172.30999755859375,163600,0.0,0.0
2024-06-11 00:00:00-04:00,171.4499969482422,172.82000732421875,170.1199951171875,172.7100067138672,132400,0.0,0.0
2024-06-12 00:00:00-04:00,174.38999938964844,177.10000610351562,174.38999938964844,176.82000732421875,133700,0.0,0.0
2024-06-13 00:00:00-04:00,176.57000732421875,178.64999389648438,174.99000549316406,178.3300018310547,141900,0.0,0.0
2024-06-14 00:00:00-04:00,176.5800018310547,178.58999633789062,175.39999389648438,178.00999450683594,168700,0.0,0.0
2024-06-17 00:00:00-04:00,177.27999877929688,182.5,177.27999877929688,181.8000030517578,186500,0.0,0.0
2024-06-18 00:00:00-04:00,182.4199981689453,185.6199951171875,180.5800018310547,184.80999755859375,194600,0.0,0.0
2024-06-20 00:00:00-04:00,185.0,187.0800018310547,183.55999755859375,186.6999969482422,228500,0.0,0.0
2024-06-21 00:00:00-04:00,187.3699951171875,189.67999267578125,186.5500030517578,188.67999267578125,562500,0.0,0.0
2024-06-24 00:00:00-04:00,187.60000610351562,191.3000030517578,187.60000610351562,190.77000427246094,229400,0.0,0.0
2024-06-25 00:00:00-04:00,190.88999938964844,190.99000549316406,184.0,188.0,263200,0.0,0.0
2024-06-26 00:00:00-04:00,187.39999389648438,188.6300048828125,186.47999572753906,187.72999572753906,241200,0.0,0.0
2024-06-27 00:00:00-04:00,187.1999969482422,189.1699981689453,187.07000732421875,187.74000549316406,200900,0.0,0.0
2024-06-28 00:00:00-04:00,188.57000732421875,189.25999450683594,186.69000244140625,187.69000244140625,315300,0.0,0.0
2024-07-01 00:00:00-04:00,187.8300018310547,187.97000122070312,184.6300048828125,185.11000061035156,216200,0.0,0.0
2024-07-02 00:00:00-04:00,185.35000610351562,185.75999450683594,183.22000122070312,184.69000244140625,139000,0.0,0.0
2024-07-03 00:00:00-04:00,184.67999267578125,186.08999633789062,184.3000030517578,185.0,125300,0.0,0.0
2024-07-05 00:00:00-04:00,183.86000061035156,184.7899932861328,183.14999389648438,184.22999572753906,179900,0.0,0.0
2024-07-08 00:00:00-04:00,185.1699981689453,186.6999969482422,184.4600067138672,185.5,138600,0.0,0.0
2024-07-09 00:00:00-04:00,185.5800018310547,186.80999755859375,185.32000732421875,185.8699951171875,106900,0.0,0.0
2024-07-10 00:00:00-04:00,186.5500030517578,187.94000244140625,186.0800018310547,187.4600067138672,116000,0.0,0.0
2024-07-11 00:00:00-04:00,189.05999755859375,192.8800048828125,188.07000732421875,191.77000427246094,184400,0.0,0.0
2024-07-12 00:00:00-04:00,193.5,195.77999877929688,192.36000061035156,193.05999755859375,121400,0.0,0.0
2024-07-15 00:00:00-04:00,194.4600067138672,196.33999633789062,193.36000061035156,193.38999938964844,141400,0.0,0.0
2024-07-16 00:00:00-04:00,194.94000244140625,200.61000061035156,194.94000244140625,199.89999389648438,146300,0.0,0.0
2024-07-17 00:00:00-04:00,199.27999877929688,200.60000610351562,194.9199981689453,194.9199981689453,162200,0.0,0.0
2024-07-18 00:00:00-04:00,195.3800048828125,196.72999572753906,190.66000366210938,190.80999755859375,167100,0.0,0.0
2024-07-19 00:00:00-04:00,190.27999877929688,191.61000061035156,188.7899932861328,190.33999633789062,152600,0.0,0.0
2024-07-22 00:00:00-04:00,191.1199951171875,195.10000610351562,190.67999267578125,194.99000549316406,151000,0.0,0.0
2024-07-23 00:00:00-04:00,194.1300048828125,197.02000427246094,194.05999755859375,195.1300048828125,88300,0.0,0.0
2024-07-24 00:00:00-04:00,194.2899932861328,196.36000061035156,191.9499969482422,192.02000427246094,164600,0.0,0.0
2024-07-25 00:00:00-04:00,188.8300018310547,194.22000122070312,188.05999755859375,191.77999877929688,309500,0.0,0.0
2024-07-26 00:00:00-04:00,193.1699981689453,193.22000122070312,188.4499969482422,189.5800018310547,175500,0.0,0.0
2024-07-29 00:00:00-04:00,190.35000610351562,192.00999450683594,188.2100067138672,188.5,108800,0.0,0.0
2024-07-30 00:00:00-04:00,189.35000610351562,190.13999938964844,186.0399932861328,187.4600067138672,94600,0.0,0.0
2024-07-31 00:00:00-04:00,189.30999755859375,191.0800018310547,187.4199981689453,188.64999389648438,176900,0.0,0.0
2024-08-01 00:00:00-04:00,187.6699981689453,192.1199951171875,182.88999938964844,184.88999938964844,118100,0.0,0.0
2024-08-02 00:00:00-04:00,182.32000732421875,183.27000427246094,180.33999633789062,181.69000244140625,109100,0.0,0.0
2024-08-05 00:00:00-04:00,176.4199981689453,177.6199951171875,174.85000610351562,175.8300018310547,89800,0.0,0.0
2024-08-06 00:00:00-04:00,176.3300018310547,177.99000549316406,175.25,175.36000061035156,125900,0.0,0.0
2024-08-07 00:00:00-04:00,177.25,177.25,171.58999633789062,173.0399932861328,83900,0.0,0.0
2024-08-08 00:00:00-04:00,174.27999877929688,177.33999633789062,174.27999877929688,177.25,78200,0.0,0.0
2024-08-09 00:00:00-04:00,177.13999938964844,178.0800018310547,175.42999267578125,177.0,87900,0.0,0.0
2024-08-12 00:00:00-04:00,177.3800048828125,177.80999755859375,176.25,176.82000732421875,92100,0.0,0.0
2024-08-13 00:00:00-04:00,177.92999267578125,179.69000244140625,176.6999969482422,178.75999450683594,105500,0.0,0.0
2024-08-14 00:00:00-04:00,178.97999572753906,180.36000061035156,178.5,179.0399932861328,52500,0.0,0.0
2024-08-15 00:00:00-04:00,181.44000244140625,182.02000427246094,178.69000244140625,179.86000061035156,116700,0.0,0.0
2024-08-16 00:00:00-04:00,178.47000122070312,180.27999877929688,176.32000732421875,176.75,214800,0.0,0.0
2024-08-19 00:00:00-04:00,177.44000244140625,177.69000244140625,175.1699981689453,176.3000030517578,113000,0.0,0.0
2024-08-20 00:00:00-04:00,175.99000549316406,177.11000061035156,174.6699981689453,176.32000732421875,95300,0.0,0.0
2024-08-21 00:00:00-04:00,176.64999389648438,179.49000549316406,176.4499969482422,178.27000427246094,101200,0.0,0.0
2024-08-22 00:00:00-04:00,178.75999450683594,178.80999755859375,176.4199981689453,177.24000549316406,83900,0.0,0.0
2024-08-23 00:00:00-04:00,177.35000610351562,180.63999938964844,176.6300048828125,176.9199981689453,100000,0.0,0.0
2024-08-26 00:00:00-04:00,177.72999572753906,179.17999267578125,177.2899932861328,177.99000549316406,91500,0.0,0.0
2024-08-27 00:00:00-04:00,177.60000610351562,179.5399932861328,177.57000732421875,177.80999755859375,113700,0.0,0.0
2024-08-28 00:00:00-04:00,178.0500030517578,179.85000610351562,177.75999450683594,178.75999450683594,112500,0.0,0.0
2024-08-29 00:00:00-04:00,180.0,183.36000061035156,179.17999267578125,179.5,95600,0.0,0.0
2024-08-30 00:00:00-04:00,180.5500030517578,182.6699981689453,179.66000366210938,182.6300048828125,102000,0.0,0.0
2024-09-03 00:00:00-04:00,181.77999877929688,181.77999877929688,175.47999572753906,175.8699951171875,133800,0.0,0.0
2024-09-04 00:00:00-04:00,175.8000030517578,176.9199981689453,173.36000061035156,174.00999450683594,106600,0.0,0.0
2024-09-05 00:00:00-04:00,173.94000244140625,174.36000061035156,172.00999450683594,172.41000366210938,60000,0.0,0.0
2024-09-06 00:00:00-04:00,172.13999938964844,173.3000030517578,167.75999450683594,167.77000427246094,108500,0.0,0.0
2024-09-09 00:00:00-04:00,169.41000366210938,174.1999969482422,169.22000122070312,170.75,706800,0.0,0.0
2024-09-10 00:00:00-04:00,170.3000030517578,172.4199981689453,169.5399932861328,171.86000061035156,133800,0.0,0.0
2024-09-11 00:00:00-04:00,170.86000061035156,171.47999572753906,168.63999938964844,171.35000610351562,197900,0.0,0.0
2024-09-12 00:00:00-04:00,171.63999938964844,173.49000549316406,170.88999938964844,172.9499969482422,139400,0.0,0.0
2024-09-13 00:00:00-04:00,173.7100067138672,178.5800018310547,172.7899932861328,176.42999267578125,198400,0.0,0.0
2024-09-16 00:00:00-04:00,177.05999755859375,179.8699951171875,176.60000610351562,178.4199981689453,185100,0.0,0.0
2024-09-17 00:00:00-04:00,179.67999267578125,181.08999633789062,177.3000030517578,179.41000366210938,170900,0.0,0.0
2024-09-18 00:00:00-04:00,180.07000732421875,186.6199951171875,179.52999877929688,184.32000732421875,214600,0.0,0.0
2024-09-19 00:00:00-04:00,186.8699951171875,187.41000366210938,184.63999938964844,184.67999267578125,226800,0.0,0.0
2024-09-20 00:00:00-04:00,184.19000244140625,185.1199951171875,180.9499969482422,181.00999450683594,652200,0.0,0.0
2024-09-23 00:00:00-04:00,181.52000427246094,182.9199981689453,181.25999450683594,182.2899932861328,128500,0.0,0.0
2024-09-24 00:00:00-04:00,182.25999450683594,182.3000030517578,179.10000610351562,180.85000610351562,130000,0.0,0.0
2024-09-25 00:00:00-04:00,181.58999633789062,183.17999267578125,178.14999389648438,178.4499969482422,124300,0.0,0.0
2024-09-26 00:00:00-04:00,179.17999267578125,179.8699951171875,177.72000122070312,179.55999755859375,260700,0.0,0.0
2024-09-27 00:00:00-04:00,180.05999755859375,182.22999572753906,176.8699951171875,176.97999572753906,104700,0.0,0.0
2024-09-30 00:00:00-04:00,176.57000732421875,177.91000366210938,175.92999267578125,177.33999633789062,110600,0.0,0.0
2024-10-01 00:00:00-04:00,177.30999755859375,177.30999755859375,171.52999877929688,171.63999938964844,161300,0.0,0.0
2024-10-02 00:00:00-04:00,171.80999755859375,176.33999633789062,170.4600067138672,173.5399932861328,159900,0.0,0.0
2024-10-03 00:00:00-04:00,172.8000030517578,173.07000732421875,170.97000122070312,171.5399932861328,95400,0.0,0.0
2024-10-04 00:00:00-04:00,173.47999572753906,174.3800048828125,171.00999450683594,171.99000549316406,129100,0.0,0.0
2024-10-07 00:00:00-04:00,172.05999755859375,172.05999755859375,169.9600067138672,171.1999969482422,156100,0.0,0.0
2024-10-08 00:00:00-04:00,172.19000244140625,173.4499969482422,170.47000122070312,171.67999267578125,104800,0.0,0.0
2024-10-09 00:00:00-04:00,171.22999572753906,175.41000366210938,170.97000122070312,173.00999450683594,118100,0.0,0.0
2024-10-10 00:00:00-04:00,171.91000366210938,172.92999267578125,170.5399932861328,171.36000061035156,109200,0.0,0.0
2024-10-11 00:00:00-04:00,172.17999267578125,173.55999755859375,171.6999969482422,172.5,103800,0.0,0.0
2024-10-14 00:00:00-04:00,173.1300048828125,173.9499969482422,172.2100067138672,173.4499969482422,82500,0.0,0.0
2024-10-15 00:00:00-04:00,173.6199951171875,176.58999633789062,173.6199951171875,175.02999877929688,292600,0.0,0.0
2024-10-16 00:00:00-04:00,175.1699981689453,176.30999755859375,172.8000030517578,172.82000732421875,171700,0.0,0.0
2024-10-17 00:00:00-04:00,173.77999877929688,175.07000732421875,173.25999450683594,173.3699951171875,83700,0.0,0.0
2024-10-18 00:00:00-04:00,174.41000366210938,174.4499969482422,171.3800048828125,172.30999755859375,129000,0.0,0.0
2024-10-21 00:00:00-04:00,172.52999877929688,173.16000366210938,170.25999450683594,170.86000061035156,79700,0.0,0.0
2024-10-22 00:00:00-04:00,170.0,170.11000061035156,167.77000427246094,169.38999938964844,115500,0.0,0.0
2024-10-23 00:00:00-04:00,169.24000549316406,169.50999450683594,166.72999572753906,167.41000366210938,215900,0.0,0.0
2024-10-24 00:00:00-04:00,164.38999938964844,173.02000427246094,161.67999267578125,166.9199981689453,264300,0.0,0.0
2024-10-25 00:00:00-04:00,168.00999450683594,169.94000244140625,165.5399932861328,166.1199951171875,189800,0.0,0.0
2024-10-28 00:00:00-04:00,167.3300018310547,168.3699951171875,165.8300018310547,167.05999755859375,177500,0.0,0.0
2024-10-29 00:00:00-04:00,165.92999267578125,168.16000366210938,165.92999267578125,168.0,156900,0.0,0.0
2024-10-30 00:00:00-04:00,167.55999755859375,170.00999450683594,166.42999267578125,167.2899932861328,126100,0.0,0.0
2024-10-31 00:00:00-04:00,167.4600067138672,167.4600067138672,165.74000549316406,165.9499969482422,277300,0.0,0.0
2024-11-01 00:00:00-04:00,166.2899932861328,167.47999572753906,162.39999389648438,163.6300048828125,261700,0.0,0.0
2024-11-04 00:00:00-05:00,163.6699981689453,165.91000366210938,163.4199981689453,164.00999450683594,148600,0.0,0.0
2024-11-05 00:00:00-05:00,163.8000030517578,168.10000610351562,163.8000030517578,167.82000732421875,139900,0.0,0.0
2024-11-06 00:00:00-05:00,174.39999389648438,174.85000610351562,170.8699951171875,173.69000244140625,191600,0.0,0.0
2024-11-07 00:00:00-05:00,173.5,174.86000061035156,170.30999755859375,172.88999938964844,276000,0.0,0.0
2024-11-08 00:00:00-05:00,173.27000427246094,175.5500030517578,173.02000427246094,173.55999755859375,115700,0.0,0.0
2024-11-11 00:00:00-05:00,175.05999755859375,175.30999755859375,173.49000549316406,174.25999450683594,87800,0.0,0.0
2024-11-12 00:00:00-05:00,173.75999450683594,175.6300048828125,172.82000732421875,175.61000061035156,135200,0.0,0.0
2024-11-13 00:00:00-05:00,175.8800048828125,179.91000366210938,175.8800048828125,176.91000366210938,215200,0.0,0.0
2024-11-14 00:00:00-05:00,176.92999267578125,177.63999938964844,170.99000549316406,172.74000549316406,157900,0.0,0.0
2024-11-15 00:00:00-05:00,173.13999938964844,173.13999938964844,170.3300018310547,172.02999877929688,201200,0.0,0.0
2024-11-18 00:00:00-05:00,171.69000244140625,173.16000366210938,169.27999877929688,169.38999938964844,118600,0.0,0.0
2024-11-19 00:00:00-05:00,167.49000549316406,169.55999755859375,167.35000610351562,168.0399932861328,143200,0.0,0.0
2024-11-20 00:00:00-05:00,167.52999877929688,172.25999450683594,166.5500030517578,171.82000732421875,199700,0.0,0.0
2024-11-21 00:00:00-05:00,171.7899932861328,173.69000244140625,170.8000030517578,171.77999877929688,223500,0.0,0.0
2024-11-22 00:00:00-05:00,172.60000610351562,175.16000366210938,172.60000610351562,174.97999572753906,253200,0.0,0.0
2024-11-25 00:00:00-05:00,175.75999450683594,178.77000427246094,175.17999267578125,176.2100067138672,305700,0.0,0.0
2024-11-26 00:00:00-05:00,176.36000061035156,176.94000244140625,173.36000061035156,174.77999877929688,176500,0.0,0.0
2024-11-27 00:00:00-05:00,174.8300018310547,176.02999877929688,174.22000122070312,174.32000732421875,81600,0.0,0.0
2024-11-29 00:00:00-05:00,174.17999267578125,176.11000061035156,173.16000366210938,173.80999755859375,100800,0.0,0.0
