Date,Open,High,Low,Close,Volume,Dividends,Stock Splits,Capital Gains
2020-12-29 00:00:00-05:00,25.100000381469727,25.229999542236328,24.915000915527344,24.92799949645996,13100,0.0,0.0,0.0
2020-12-30 00:00:00-05:00,25.149999618530273,25.299999237060547,24.770000457763672,25.006000518798828,99800,0.0,0.0,0.0
2020-12-31 00:00:00-05:00,25.040000915527344,25.040000915527344,24.900999069213867,25.023000717163086,32500,0.0,0.0,0.0
2021-01-04 00:00:00-05:00,25.200000762939453,25.219999313354492,24.469999313354492,24.677000045776367,34300,0.0,0.0,0.0
2021-01-05 00:00:00-05:00,24.860000610351562,25.100000381469727,24.829999923706055,24.927000045776367,14800,0.0,0.0,0.0
2021-01-06 00:00:00-05:00,24.68000030517578,24.969999313354492,24.64699935913086,24.64699935913086,7700,0.0,0.0,0.0
2021-01-07 00:00:00-05:00,25.149999618530273,25.34000015258789,25.136999130249023,25.264999389648438,16100,0.0,0.0,0.0
2021-01-08 00:00:00-05:00,25.420000076293945,25.450000762939453,25.290000915527344,25.43899917602539,12100,0.0,0.0,0.0
2021-01-11 00:00:00-05:00,25.09000015258789,25.302000045776367,25.09000015258789,25.142000198364258,7400,0.0,0.0,0.0
2021-01-12 00:00:00-05:00,25.170000076293945,25.25,25.020000457763672,25.235000610351562,16800,0.0,0.0,0.0
2021-01-13 00:00:00-05:00,25.3700008392334,25.43000030517578,25.31999969482422,25.329999923706055,20800,0.0,0.0,0.0
2021-01-14 00:00:00-05:00,25.43000030517578,25.459999084472656,25.239999771118164,25.239999771118164,19300,0.0,0.0,0.0
2021-01-15 00:00:00-05:00,25.270000457763672,26.06999969482422,24.850000381469727,25.124000549316406,6200,0.0,0.0,0.0
2021-01-19 00:00:00-05:00,25.299999237060547,25.40999984741211,25.299999237060547,25.381999969482422,1000,0.0,0.0,0.0
2021-01-20 00:00:00-05:00,25.860000610351562,25.940000534057617,25.83099937438965,25.91900062561035,12200,0.0,0.0,0.0
2021-01-21 00:00:00-05:00,25.899999618530273,26.229999542236328,25.8700008392334,26.049999237060547,45500,0.0,0.0,0.0
2021-01-22 00:00:00-05:00,26.0049991607666,26.05500030517578,26.0,26.034000396728516,10200,0.0,0.0,0.0
2021-01-25 00:00:00-05:00,26.299999237060547,26.670000076293945,25.950000762939453,26.145000457763672,14900,0.0,0.0,0.0
2021-01-26 00:00:00-05:00,26.260000228881836,26.260000228881836,26.079999923706055,26.08099937438965,14600,0.0,0.0,0.0
2021-01-27 00:00:00-05:00,26.040000915527344,26.040000915527344,25.3799991607666,25.3799991607666,37900,0.0,0.0,0.0
2021-01-28 00:00:00-05:00,25.690000534057617,26.219999313354492,25.639999389648438,25.70400047302246,90100,0.0,0.0,0.0
2021-01-29 00:00:00-05:00,25.459999084472656,25.459999084472656,24.979999542236328,25.06999969482422,83200,0.0,0.0,0.0
2021-02-01 00:00:00-05:00,25.499000549316406,25.780000686645508,25.440000534057617,25.729999542236328,12800,0.0,0.0,0.0
2021-02-02 00:00:00-05:00,26.030000686645508,26.389999389648438,26.030000686645508,26.138999938964844,18600,0.0,0.0,0.0
2021-02-03 00:00:00-05:00,26.31999969482422,26.489999771118164,26.06999969482422,26.100000381469727,54100,0.0,0.0,0.0
2021-02-04 00:00:00-05:00,26.229999542236328,26.6299991607666,26.1299991607666,26.3799991607666,49200,0.0,0.0,0.0
2021-02-05 00:00:00-05:00,26.530000686645508,26.540000915527344,26.420000076293945,26.530000686645508,128400,0.0,0.0,0.0
2021-02-08 00:00:00-05:00,26.709999084472656,26.90999984741211,26.679000854492188,26.84000015258789,65400,0.0,0.0,0.0
2021-02-09 00:00:00-05:00,26.77899932861328,27.200000762939453,26.761999130249023,26.89699935913086,277000,0.0,0.0,0.0
2021-02-10 00:00:00-05:00,27.450000762939453,27.450000762939453,26.75,26.84000015258789,182200,0.0,0.0,0.0
2021-02-11 00:00:00-05:00,27.010000228881836,27.079999923706055,26.849000930786133,26.988000869750977,63700,0.0,0.0,0.0
2021-02-12 00:00:00-05:00,26.975000381469727,27.1299991607666,26.969999313354492,27.12700080871582,11500,0.0,0.0,0.0
2021-02-16 00:00:00-05:00,27.260000228881836,27.280000686645508,27.038999557495117,27.09600067138672,42300,0.0,0.0,0.0
2021-02-17 00:00:00-05:00,26.809999465942383,26.899999618530273,26.6200008392334,26.89699935913086,20200,0.0,0.0,0.0
2021-02-18 00:00:00-05:00,26.600000381469727,26.799999237060547,26.510000228881836,26.739999771118164,73100,0.0,0.0,0.0
2021-02-19 00:00:00-05:00,26.858999252319336,26.93899917602539,26.690000534057617,26.73699951171875,11000,0.0,0.0,0.0
2021-02-22 00:00:00-05:00,26.315000534057617,26.459999084472656,26.135000228881836,26.15999984741211,90500,0.0,0.0,0.0
2021-02-23 00:00:00-05:00,26.040000915527344,26.1299991607666,25.299999237060547,26.05900001525879,25000,0.0,0.0,0.0
2021-02-24 00:00:00-05:00,25.847999572753906,26.299999237060547,25.847999572753906,26.29400062561035,32300,0.0,0.0,0.0
2021-02-25 00:00:00-05:00,26.0,26.030000686645508,25.309999465942383,25.43000030517578,26900,0.0,0.0,0.0
2021-02-26 00:00:00-05:00,25.579999923706055,25.809999465942383,25.31999969482422,25.549999237060547,32200,0.0,0.0,0.0
2021-03-01 00:00:00-05:00,26.110000610351562,26.260000228881836,26.100000381469727,26.222000122070312,13100,0.0,0.0,0.0
2021-03-02 00:00:00-05:00,26.229999542236328,26.229999542236328,25.836000442504883,25.836000442504883,12100,0.0,0.0,0.0
2021-03-03 00:00:00-05:00,25.40999984741211,25.40999984741211,25.18000030517578,25.18000030517578,8600,0.0,0.0,0.0
2021-03-04 00:00:00-05:00,24.989999771118164,25.21299934387207,24.31999969482422,24.648000717163086,74500,0.0,0.0,0.0
2021-03-05 00:00:00-05:00,24.700000762939453,25.059999465942383,24.399999618530273,25.051000595092773,16300,0.0,0.0,0.0
2021-03-08 00:00:00-05:00,25.260000228881836,25.260000228881836,24.445999145507812,24.445999145507812,6000,0.0,0.0,0.0
2021-03-09 00:00:00-05:00,25.045000076293945,25.420000076293945,25.045000076293945,25.30500030517578,22500,0.0,0.0,0.0
2021-03-10 00:00:00-05:00,25.850000381469727,25.850000381469727,25.229999542236328,25.239999771118164,11700,0.0,0.0,0.0
2021-03-11 00:00:00-05:00,25.719999313354492,25.93000030517578,25.62299919128418,25.847999572753906,31200,0.0,0.0,0.0
2021-03-12 00:00:00-05:00,25.5,25.635000228881836,25.360000610351562,25.635000228881836,4400,0.0,0.0,0.0
2021-03-15 00:00:00-04:00,25.920000076293945,25.920000076293945,25.59000015258789,25.8700008392334,30300,0.0,0.0,0.0
2021-03-16 00:00:00-04:00,26.139999389648438,26.15999984741211,25.8799991607666,25.961000442504883,9200,0.0,0.0,0.0
2021-03-17 00:00:00-04:00,25.579999923706055,26.139999389648438,25.579999923706055,25.988000869750977,8900,0.0,0.0,0.0
2021-03-18 00:00:00-04:00,25.700000762939453,25.709999084472656,25.274999618530273,25.274999618530273,6900,0.0,0.0,0.0
2021-03-19 00:00:00-04:00,25.280000686645508,25.440000534057617,25.280000686645508,25.3700008392334,39600,0.0,0.0,0.0
2021-03-22 00:00:00-04:00,27.0,27.0,25.520000457763672,25.690000534057617,17500,0.0,0.0,0.0
2021-03-23 00:00:00-04:00,25.67300033569336,25.709999084472656,25.459999084472656,25.4689998626709,3600,0.0,0.0,0.0
2021-03-24 00:00:00-04:00,25.391000747680664,25.469999313354492,25.024999618530273,25.024999618530273,5700,0.0,0.0,0.0
2021-03-25 00:00:00-04:00,25.010000228881836,25.040000915527344,24.700000762939453,25.0310001373291,114200,0.0,0.0,0.0
2021-03-26 00:00:00-04:00,25.06999969482422,25.420000076293945,24.969999313354492,25.420000076293945,20800,0.0,0.0,0.0
2021-03-29 00:00:00-04:00,25.479999542236328,25.479999542236328,25.149999618530273,25.28499984741211,17200,0.0,0.0,0.0
2021-03-30 00:00:00-04:00,25.09000015258789,25.280000686645508,25.09000015258789,25.235000610351562,5000,0.0,0.0,0.0
2021-03-31 00:00:00-04:00,25.459999084472656,25.770000457763672,25.459999084472656,25.614999771118164,9300,0.0,0.0,0.0
2021-04-01 00:00:00-04:00,26.030000686645508,26.099000930786133,25.985000610351562,26.09000015258789,14100,0.0,0.0,0.0
2021-04-05 00:00:00-04:00,26.489999771118164,26.496000289916992,26.469999313354492,26.496000289916992,1400,0.0,0.0,0.0
2021-04-06 00:00:00-04:00,26.5,26.610000610351562,26.474000930786133,26.474000930786133,5600,0.0,0.0,0.0
2021-04-07 00:00:00-04:00,26.489999771118164,26.55900001525879,26.450000762939453,26.486000061035156,7400,0.0,0.0,0.0
2021-04-08 00:00:00-04:00,26.760000228881836,26.84000015258789,26.719999313354492,26.829999923706055,54500,0.0,0.0,0.0
2021-04-09 00:00:00-04:00,26.795000076293945,26.969999313354492,26.795000076293945,26.968000411987305,9400,0.0,0.0,0.0
2021-04-12 00:00:00-04:00,26.860000610351562,26.920000076293945,26.850000381469727,26.920000076293945,5000,0.0,0.0,0.0
2021-04-13 00:00:00-04:00,27.09000015258789,27.170000076293945,27.040000915527344,27.156999588012695,7300,0.0,0.0,0.0
2021-04-14 00:00:00-04:00,27.290000915527344,27.31999969482422,26.878999710083008,26.878999710083008,12700,0.0,0.0,0.0
2021-04-15 00:00:00-04:00,27.208999633789062,27.298999786376953,27.190000534057617,27.275999069213867,16300,0.0,0.0,0.0
2021-04-16 00:00:00-04:00,27.3799991607666,27.3799991607666,27.219999313354492,27.260000228881836,13200,0.0,0.0,0.0
2021-04-19 00:00:00-04:00,27.239999771118164,27.239999771118164,26.895000457763672,26.988000869750977,13700,0.0,0.0,0.0
2021-04-20 00:00:00-04:00,26.959999084472656,27.02899932861328,26.6299991607666,26.75200080871582,3000,0.0,0.0,0.0
2021-04-21 00:00:00-04:00,26.68000030517578,26.982999801635742,26.6299991607666,26.982999801635742,8100,0.0,0.0,0.0
2021-04-22 00:00:00-04:00,27.049999237060547,27.059999465942383,26.729999542236328,26.73200035095215,32600,0.0,0.0,0.0
2021-04-23 00:00:00-04:00,26.8799991607666,27.170000076293945,26.8799991607666,27.13800048828125,14600,0.0,0.0,0.0
2021-04-26 00:00:00-04:00,27.15999984741211,27.350000381469727,27.15999984741211,27.292999267578125,8200,0.0,0.0,0.0
2021-04-27 00:00:00-04:00,27.350000381469727,27.350000381469727,27.204999923706055,27.28700065612793,24100,0.0,0.0,0.0
2021-04-28 00:00:00-04:00,27.1299991607666,27.290000915527344,27.1299991607666,27.167999267578125,19100,0.0,0.0,0.0
2021-04-29 00:00:00-04:00,27.299999237060547,27.299999237060547,27.084999084472656,27.17099952697754,6500,0.0,0.0,0.0
2021-04-30 00:00:00-04:00,27.030000686645508,27.030000686645508,26.844999313354492,26.863000869750977,4200,0.0,0.0,0.0
2021-05-03 00:00:00-04:00,26.954999923706055,26.954999923706055,26.7549991607666,26.7549991607666,4000,0.0,0.0,0.0
2021-05-04 00:00:00-04:00,26.139999389648438,26.267000198364258,26.135000228881836,26.267000198364258,4700,0.0,0.0,0.0
2021-05-05 00:00:00-04:00,26.486000061035156,26.486000061035156,26.179000854492188,26.18400001525879,17400,0.0,0.0,0.0
2021-05-06 00:00:00-04:00,26.18000030517578,26.30699920654297,26.020000457763672,26.30699920654297,6000,0.0,0.0,0.0
2021-05-07 00:00:00-04:00,26.65999984741211,26.690000534057617,26.479999542236328,26.559999465942383,5100,0.0,0.0,0.0
2021-05-10 00:00:00-04:00,26.100000381469727,26.19499969482422,25.88800048828125,25.88800048828125,13600,0.0,0.0,0.0
2021-05-11 00:00:00-04:00,25.440000534057617,25.860000610351562,25.440000534057617,25.854999542236328,4700,0.0,0.0,0.0
2021-05-12 00:00:00-04:00,25.479999542236328,25.59000015258789,25.143999099731445,25.143999099731445,9600,0.0,0.0,0.0
2021-05-13 00:00:00-04:00,25.299999237060547,25.378999710083008,25.299999237060547,25.378999710083008,2200,0.0,0.0,0.0
2021-05-14 00:00:00-04:00,25.75,25.96299934387207,25.75,25.96299934387207,43700,0.0,0.0,0.0
2021-05-17 00:00:00-04:00,25.829999923706055,25.850000381469727,25.610000610351562,25.798999786376953,2800,0.0,0.0,0.0
2021-05-18 00:00:00-04:00,25.89900016784668,25.93000030517578,25.677000045776367,25.677000045776367,15000,0.0,0.0,0.0
2021-05-19 00:00:00-04:00,25.290000915527344,25.709999084472656,25.290000915527344,25.65999984741211,6100,0.0,0.0,0.0
2021-05-20 00:00:00-04:00,26.0,26.209999084472656,26.0,26.160999298095703,1700,0.0,0.0,0.0
2021-05-21 00:00:00-04:00,26.141000747680664,26.141000747680664,26.017000198364258,26.017000198364258,8200,0.0,0.0,0.0
2021-05-24 00:00:00-04:00,26.360000610351562,26.52899932861328,26.360000610351562,26.44700050354004,4400,0.0,0.0,0.0
2021-05-25 00:00:00-04:00,26.559999465942383,26.559999465942383,26.3799991607666,26.44499969482422,9300,0.0,0.0,0.0
2021-05-26 00:00:00-04:00,26.510000228881836,26.56999969482422,26.5,26.538000106811523,44600,0.0,0.0,0.0
2021-05-27 00:00:00-04:00,26.510000228881836,26.579999923706055,26.479999542236328,26.48699951171875,4900,0.0,0.0,0.0
2021-05-28 00:00:00-04:00,26.639999389648438,26.700000762939453,26.541000366210938,26.541000366210938,5200,0.0,0.0,0.0
2021-06-01 00:00:00-04:00,26.68000030517578,26.68000030517578,26.481000900268555,26.481000900268555,17700,0.0,0.0,0.0
2021-06-02 00:00:00-04:00,26.56999969482422,26.584999084472656,26.469999313354492,26.541000366210938,20000,0.0,0.0,0.0
2021-06-03 00:00:00-04:00,26.395000457763672,26.395000457763672,26.30299949645996,26.30299949645996,9000,0.0,0.0,0.0
2021-06-04 00:00:00-04:00,26.670000076293945,26.74799919128418,26.670000076293945,26.738000869750977,5700,0.0,0.0,0.0
2021-06-07 00:00:00-04:00,26.709999084472656,26.832000732421875,26.709999084472656,26.832000732421875,5300,0.0,0.0,0.0
2021-06-08 00:00:00-04:00,27.06999969482422,27.06999969482422,26.770000457763672,26.885000228881836,16800,0.0,0.0,0.0
2021-06-09 00:00:00-04:00,26.959999084472656,26.959999084472656,26.854999542236328,26.854999542236328,12000,0.0,0.0,0.0
2021-06-10 00:00:00-04:00,27.040000915527344,27.04800033569336,26.85099983215332,27.04800033569336,123000,0.0,0.0,0.0
2021-06-11 00:00:00-04:00,27.100000381469727,27.15999984741211,27.059999465942383,27.158000946044922,2300,0.0,0.0,0.0
2021-06-14 00:00:00-04:00,27.219999313354492,27.36199951171875,27.219999313354492,27.36199951171875,7300,0.0,0.0,0.0
2021-06-15 00:00:00-04:00,27.30500030517578,27.30500030517578,27.198999404907227,27.198999404907227,5300,0.0,0.0,0.0
2021-06-16 00:00:00-04:00,27.2450008392334,27.270000457763672,27.040000915527344,27.114999771118164,1600,0.0,0.0,0.0
2021-06-17 00:00:00-04:00,27.1299991607666,27.459999084472656,27.1299991607666,27.420000076293945,15900,0.0,0.0,0.0
2021-06-18 00:00:00-04:00,27.229999542236328,27.274999618530273,27.20199966430664,27.20199966430664,103900,0.0,0.0,0.0
2021-06-21 00:00:00-04:00,27.257999420166016,27.3799991607666,27.257999420166016,27.3799991607666,2000,0.0,0.0,0.0
2021-06-22 00:00:00-04:00,27.559999465942383,27.649999618530273,27.524999618530273,27.636999130249023,3000,0.0,0.0,0.0
2021-06-23 00:00:00-04:00,27.780000686645508,27.780000686645508,27.645000457763672,27.665000915527344,9200,0.0,0.0,0.0
2021-06-24 00:00:00-04:00,27.899999618530273,27.910999298095703,27.829999923706055,27.840999603271484,104200,0.0,0.0,0.0
2021-06-25 00:00:00-04:00,27.84000015258789,27.889999389648438,27.790000915527344,27.84000015258789,7000,0.0,0.0,0.0
2021-06-28 00:00:00-04:00,28.06999969482422,28.110000610351562,28.010000228881836,28.104999542236328,22200,0.0,0.0,0.0
2021-06-29 00:00:00-04:00,28.170000076293945,28.200000762939453,28.155000686645508,28.18400001525879,10000,0.0,0.0,0.0
2021-06-30 00:00:00-04:00,28.16200065612793,28.16200065612793,28.114999771118164,28.15399932861328,53900,0.0,0.0,0.0
2021-07-01 00:00:00-04:00,28.309999465942383,28.309999465942383,28.049999237060547,28.165000915527344,8100,0.0,0.0,0.0
2021-07-02 00:00:00-04:00,28.368999481201172,28.440000534057617,28.364999771118164,28.42300033569336,4300,0.0,0.0,0.0
2021-07-06 00:00:00-04:00,28.46500015258789,28.50200080871582,28.291000366210938,28.50200080871582,104200,0.0,0.0,0.0
2021-07-07 00:00:00-04:00,28.569000244140625,28.579999923706055,28.489999771118164,28.524999618530273,17000,0.0,0.0,0.0
2021-07-08 00:00:00-04:00,28.139999389648438,28.415000915527344,28.139999389648438,28.2810001373291,18100,0.0,0.0,0.0
2021-07-09 00:00:00-04:00,28.309999465942383,28.600000381469727,28.309999465942383,28.57900047302246,8300,0.0,0.0,0.0
2021-07-12 00:00:00-04:00,28.610000610351562,28.6200008392334,28.59000015258789,28.59600067138672,6200,0.0,0.0,0.0
2021-07-13 00:00:00-04:00,28.700000762939453,28.790000915527344,28.533000946044922,28.533000946044922,13000,0.0,0.0,0.0
2021-07-14 00:00:00-04:00,28.670000076293945,28.670000076293945,28.559999465942383,28.56599998474121,3400,0.0,0.0,0.0
2021-07-15 00:00:00-04:00,28.3700008392334,28.420000076293945,28.25,28.341999053955078,5100,0.0,0.0,0.0
2021-07-16 00:00:00-04:00,28.469999313354492,28.510000228881836,28.14299964904785,28.14299964904785,16400,0.0,0.0,0.0
2021-07-19 00:00:00-04:00,27.899999618530273,27.899999618530273,27.684999465942383,27.860000610351562,17400,0.0,0.0,0.0
2021-07-20 00:00:00-04:00,28.030000686645508,28.40999984741211,28.030000686645508,28.283000946044922,13600,0.0,0.0,0.0
2021-07-21 00:00:00-04:00,28.290000915527344,28.475000381469727,28.290000915527344,28.475000381469727,15400,0.0,0.0,0.0
2021-07-22 00:00:00-04:00,28.579999923706055,28.65999984741211,28.549999237060547,28.65999984741211,10700,0.0,0.0,0.0
2021-07-23 00:00:00-04:00,28.829999923706055,29.018999099731445,28.829999923706055,28.98699951171875,8400,0.0,0.0,0.0
2021-07-26 00:00:00-04:00,29.040000915527344,29.040000915527344,28.90999984741211,28.979999542236328,6200,0.0,0.0,0.0
2021-07-27 00:00:00-04:00,28.770999908447266,28.770999908447266,28.3700008392334,28.667999267578125,127400,0.0,0.0,0.0
2021-07-28 00:00:00-04:00,28.85099983215332,28.860000610351562,28.761999130249023,28.792999267578125,15400,0.0,0.0,0.0
2021-07-29 00:00:00-04:00,28.940000534057617,28.940000534057617,28.815000534057617,28.83300018310547,7300,0.0,0.0,0.0
2021-07-30 00:00:00-04:00,28.618000030517578,28.639999389648438,28.59600067138672,28.59600067138672,6800,0.0,0.0,0.0
2021-08-02 00:00:00-04:00,28.790000915527344,28.798999786376953,28.558000564575195,28.558000564575195,10800,0.0,0.0,0.0
2021-08-03 00:00:00-04:00,28.530000686645508,28.697999954223633,28.46299934387207,28.697999954223633,1500,0.0,0.0,0.0
2021-08-04 00:00:00-04:00,28.6299991607666,28.81999969482422,28.6299991607666,28.775999069213867,10600,0.0,0.0,0.0
2021-08-05 00:00:00-04:00,28.799999237060547,28.950000762939453,28.799999237060547,28.940000534057617,4000,0.0,0.0,0.0
2021-08-06 00:00:00-04:00,28.90999984741211,28.90999984741211,28.809999465942383,28.834999084472656,11900,0.0,0.0,0.0
2021-08-09 00:00:00-04:00,28.8799991607666,28.8799991607666,28.790000915527344,28.829999923706055,50600,0.0,0.0,0.0
2021-08-10 00:00:00-04:00,28.850000381469727,28.8799991607666,28.6200008392334,28.624000549316406,8600,0.0,0.0,0.0
2021-08-11 00:00:00-04:00,28.719999313354492,28.719999313354492,28.510000228881836,28.635000228881836,28900,0.0,0.0,0.0
2021-08-12 00:00:00-04:00,28.549999237060547,28.780000686645508,28.549999237060547,28.76099967956543,12000,0.0,0.0,0.0
2021-08-13 00:00:00-04:00,28.829999923706055,28.84000015258789,28.799999237060547,28.80900001525879,4400,0.0,0.0,0.0
2021-08-16 00:00:00-04:00,28.75,28.84000015258789,28.489999771118164,28.832000732421875,29600,0.0,0.0,0.0
2021-08-17 00:00:00-04:00,28.520000457763672,28.59000015258789,28.38599967956543,28.56800079345703,15600,0.0,0.0,0.0
2021-08-18 00:00:00-04:00,28.579999923706055,28.589000701904297,28.333999633789062,28.333999633789062,23500,0.0,0.0,0.0
2021-08-19 00:00:00-04:00,28.200000762939453,28.510000228881836,28.200000762939453,28.395000457763672,14700,0.0,0.0,0.0
2021-08-20 00:00:00-04:00,28.459999084472656,28.75,28.459999084472656,28.75,43000,0.0,0.0,0.0
2021-08-23 00:00:00-04:00,28.805999755859375,29.170000076293945,28.805999755859375,29.11199951171875,17400,0.0,0.0,0.0
2021-08-24 00:00:00-04:00,29.209999084472656,29.259000778198242,29.139999389648438,29.204999923706055,19300,0.0,0.0,0.0
2021-08-25 00:00:00-04:00,29.239999771118164,29.270000457763672,29.197999954223633,29.23699951171875,30800,0.0,0.0,0.0
2021-08-26 00:00:00-04:00,29.219999313354492,29.219999313354492,29.049999237060547,29.05699920654297,90100,0.0,0.0,0.0
2021-08-27 00:00:00-04:00,29.229999542236328,29.40999984741211,29.1200008392334,29.385000228881836,12200,0.0,0.0,0.0
2021-08-30 00:00:00-04:00,29.520000457763672,29.690000534057617,29.520000457763672,29.6299991607666,108300,0.0,0.0,0.0
2021-08-31 00:00:00-04:00,29.541000366210938,29.6299991607666,29.5310001373291,29.549999237060547,12800,0.0,0.0,0.0
2021-09-01 00:00:00-04:00,29.709999084472656,29.757999420166016,29.610000610351562,29.610000610351562,5000,0.0,0.0,0.0
2021-09-02 00:00:00-04:00,29.716999053955078,29.716999053955078,29.579999923706055,29.610000610351562,19700,0.0,0.0,0.0
2021-09-03 00:00:00-04:00,29.56999969482422,29.739999771118164,29.56999969482422,29.690000534057617,2900,0.0,0.0,0.0
2021-09-07 00:00:00-04:00,29.68000030517578,29.75,29.639999389648438,29.670000076293945,3500,0.0,0.0,0.0
2021-09-08 00:00:00-04:00,29.610000610351562,29.6299991607666,29.420000076293945,29.559999465942383,26400,0.0,0.0,0.0
2021-09-09 00:00:00-04:00,29.6299991607666,29.65999984741211,29.48900032043457,29.48900032043457,58300,0.0,0.0,0.0
2021-09-10 00:00:00-04:00,29.635000228881836,29.635000228881836,29.209999084472656,29.209999084472656,11900,0.0,0.0,0.0
2021-09-13 00:00:00-04:00,29.399999618530273,29.420000076293945,29.09000015258789,29.25,49400,0.0,0.0,0.0
2021-09-14 00:00:00-04:00,29.288000106811523,29.288000106811523,29.11199951171875,29.149999618530273,10100,0.0,0.0,0.0
2021-09-15 00:00:00-04:00,29.09000015258789,29.3799991607666,29.06999969482422,29.3799991607666,41000,0.0,0.0,0.0
2021-09-16 00:00:00-04:00,29.270000457763672,29.420000076293945,29.167999267578125,29.420000076293945,78800,0.0,0.0,0.0
2021-09-17 00:00:00-04:00,29.440000534057617,29.440000534057617,29.020000457763672,29.093000411987305,82500,0.0,0.0,0.0
2021-09-20 00:00:00-04:00,28.65999984741211,28.670000076293945,28.15999984741211,28.496000289916992,53800,0.0,0.0,0.0
2021-09-21 00:00:00-04:00,28.709999084472656,28.709999084472656,28.479999542236328,28.540000915527344,9800,0.0,0.0,0.0
2021-09-22 00:00:00-04:00,28.67300033569336,28.940000534057617,28.670000076293945,28.829999923706055,13000,0.0,0.0,0.0
2021-09-23 00:00:00-04:00,29.170000076293945,29.260000228881836,29.149999618530273,29.18899917602539,8800,0.0,0.0,0.0
2021-09-24 00:00:00-04:00,29.049999237060547,29.239999771118164,29.049999237060547,29.214000701904297,4200,0.0,0.0,0.0
2021-09-27 00:00:00-04:00,28.989999771118164,29.06999969482422,28.954999923706055,28.979999542236328,4400,0.0,0.0,0.0
2021-09-28 00:00:00-04:00,28.649999618530273,28.649999618530273,28.170000076293945,28.170000076293945,13200,0.0,0.0,0.0
2021-09-29 00:00:00-04:00,28.309999465942383,28.329999923706055,28.101999282836914,28.101999282836914,6900,0.0,0.0,0.0
2021-09-30 00:00:00-04:00,28.34000015258789,28.39900016784668,27.969999313354492,27.969999313354492,15000,0.0,0.0,0.0
2021-10-01 00:00:00-04:00,27.959999084472656,28.290000915527344,27.959999084472656,28.290000915527344,22000,0.0,0.0,0.0
2021-10-04 00:00:00-04:00,27.59000015258789,27.729999542236328,27.530000686645508,27.690000534057617,12600,0.0,0.0,0.0
2021-10-05 00:00:00-04:00,27.709999084472656,28.18000030517578,27.709999084472656,28.040000915527344,7200,0.0,0.0,0.0
2021-10-06 00:00:00-04:00,27.982999801635742,28.229999542236328,27.905000686645508,28.229999542236328,26400,0.0,0.0,0.0
2021-10-07 00:00:00-04:00,28.3799991607666,28.670000076293945,28.3799991607666,28.451000213623047,8100,0.0,0.0,0.0
2021-10-08 00:00:00-04:00,28.489999771118164,28.489999771118164,28.290000915527344,28.290000915527344,12500,0.0,0.0,0.0
2021-10-11 00:00:00-04:00,28.427000045776367,28.427000045776367,28.141000747680664,28.141000747680664,8900,0.0,0.0,0.0
2021-10-12 00:00:00-04:00,28.229999542236328,28.229999542236328,28.049999237060547,28.06599998474121,15100,0.0,0.0,0.0
2021-10-13 00:00:00-04:00,28.270000457763672,28.290000915527344,28.139999389648438,28.26099967956543,8700,0.0,0.0,0.0
2021-10-14 00:00:00-04:00,28.559999465942383,28.81999969482422,28.5,28.77899932861328,7300,0.0,0.0,0.0
2021-10-15 00:00:00-04:00,28.864999771118164,28.950000762939453,28.860000610351562,28.947999954223633,8200,0.0,0.0,0.0
2021-10-18 00:00:00-04:00,28.829999923706055,29.200000762939453,28.829999923706055,29.19499969482422,21900,0.0,0.0,0.0
2021-10-19 00:00:00-04:00,29.3799991607666,29.420000076293945,29.350000381469727,29.39699935913086,8400,0.0,0.0,0.0
2021-10-20 00:00:00-04:00,29.40999984741211,29.420000076293945,29.347000122070312,29.347000122070312,5200,0.0,0.0,0.0
2021-10-21 00:00:00-04:00,29.43000030517578,29.540000915527344,29.420000076293945,29.53700065612793,3700,0.0,0.0,0.0
2021-10-22 00:00:00-04:00,29.40999984741211,29.43000030517578,29.18000030517578,29.268999099731445,16200,0.0,0.0,0.0
2021-10-25 00:00:00-04:00,29.325000762939453,29.530000686645508,29.323999404907227,29.413999557495117,4800,0.0,0.0,0.0
2021-10-26 00:00:00-04:00,29.649999618530273,29.700000762939453,29.440000534057617,29.49799919128418,14900,0.0,0.0,0.0
2021-10-27 00:00:00-04:00,29.549999237060547,29.690000534057617,29.42099952697754,29.422000885009766,5200,0.0,0.0,0.0
2021-10-28 00:00:00-04:00,29.510000228881836,29.719999313354492,29.510000228881836,29.70800018310547,6900,0.0,0.0,0.0
2021-10-29 00:00:00-04:00,29.530000686645508,29.8799991607666,29.530000686645508,29.8799991607666,4800,0.0,0.0,0.0
2021-11-01 00:00:00-04:00,29.78499984741211,29.950000762939453,29.780000686645508,29.898000717163086,92900,0.0,0.0,0.0
2021-11-02 00:00:00-04:00,30.0,30.059999465942383,29.979999542236328,30.02400016784668,9700,0.0,0.0,0.0
2021-11-03 00:00:00-04:00,30.0,30.29400062561035,30.0,30.29400062561035,1900,0.0,0.0,0.0
2021-11-04 00:00:00-04:00,30.3700008392334,30.690000534057617,30.3700008392334,30.608999252319336,12600,0.0,0.0,0.0
2021-11-05 00:00:00-04:00,31.149999618530273,31.149999618530273,30.65999984741211,30.718000411987305,16300,0.0,0.0,0.0
2021-11-08 00:00:00-05:00,30.799999237060547,30.850000381469727,30.764999389648438,30.774999618530273,3200,0.0,0.0,0.0
2021-11-09 00:00:00-05:00,30.780000686645508,30.780000686645508,30.56100082397461,30.66699981689453,15100,0.0,0.0,0.0
2021-11-10 00:00:00-05:00,30.56999969482422,30.56999969482422,30.170000076293945,30.191999435424805,8400,0.0,0.0,0.0
2021-11-11 00:00:00-05:00,30.34000015258789,30.34000015258789,30.239999771118164,30.249000549316406,30600,0.0,0.0,0.0
2021-11-12 00:00:00-05:00,30.360000610351562,30.6299991607666,30.290000915527344,30.60099983215332,24700,0.0,0.0,0.0
2021-11-15 00:00:00-05:00,30.649999618530273,30.719999313354492,30.475000381469727,30.549999237060547,9400,0.0,0.0,0.0
2021-11-16 00:00:00-05:00,30.708999633789062,30.8799991607666,30.610000610351562,30.812000274658203,32400,0.0,0.0,0.0
2021-11-17 00:00:00-05:00,30.809999465942383,30.8700008392334,30.71500015258789,30.775999069213867,12400,0.0,0.0,0.0
2021-11-18 00:00:00-05:00,31.079999923706055,31.079999923706055,30.785999298095703,30.93400001525879,32800,0.0,0.0,0.0
2021-11-19 00:00:00-05:00,31.100000381469727,31.110000610351562,31.0,31.0,6500,0.0,0.0,0.0
2021-11-22 00:00:00-05:00,31.149999618530273,31.229999542236328,30.549999237060547,30.549999237060547,18100,0.0,0.0,0.0
2021-11-23 00:00:00-05:00,30.510000228881836,30.579999923706055,30.149999618530273,30.437000274658203,36900,0.0,0.0,0.0
2021-11-24 00:00:00-05:00,30.270000457763672,30.639999389648438,30.2450008392334,30.6299991607666,6900,0.0,0.0,0.0
2021-11-26 00:00:00-05:00,30.489999771118164,30.489999771118164,29.996000289916992,30.009000778198242,3900,0.0,0.0,0.0
2021-11-29 00:00:00-05:00,30.40999984741211,30.6299991607666,30.31999969482422,30.540000915527344,22100,0.0,0.0,0.0
2021-11-30 00:00:00-05:00,30.469999313354492,30.6299991607666,29.979999542236328,30.07900047302246,43700,0.0,0.0,0.0
2021-12-01 00:00:00-05:00,30.489999771118164,30.518999099731445,29.5,29.5,2700,0.0,0.0,0.0
2021-12-02 00:00:00-05:00,29.424999237060547,29.90999984741211,29.424999237060547,29.8799991607666,98300,0.0,0.0,0.0
2021-12-03 00:00:00-05:00,29.969999313354492,30.010000228881836,29.030000686645508,29.309999465942383,22700,0.0,0.0,0.0
2021-12-06 00:00:00-05:00,29.15999984741211,29.719999313354492,29.1299991607666,29.56999969482422,15800,0.0,0.0,0.0
2021-12-07 00:00:00-05:00,30.079999923706055,30.559999465942383,30.079999923706055,30.43000030517578,9000,0.0,0.0,0.0
2021-12-08 00:00:00-05:00,30.829999923706055,30.829999923706055,30.454999923706055,30.6299991607666,63300,0.0,0.0,0.0
2021-12-09 00:00:00-05:00,30.690000534057617,30.690000534057617,30.280000686645508,30.280000686645508,9600,0.0,0.0,0.0
2021-12-10 00:00:00-05:00,30.549999237060547,30.6200008392334,30.388999938964844,30.6200008392334,8900,0.0,0.0,0.0
2021-12-13 00:00:00-05:00,30.579999923706055,30.59000015258789,30.18000030517578,30.18000030517578,9100,0.0,0.0,0.0
2021-12-14 00:00:00-05:00,29.989999771118164,29.989999771118164,29.531999588012695,29.81999969482422,167600,0.0,0.0,0.0
2021-12-15 00:00:00-05:00,29.760000228881836,30.5,29.520000457763672,30.5,9200,0.0,0.0,0.0
2021-12-16 00:00:00-05:00,30.649999618530273,30.649999618530273,29.59000015258789,29.739999771118164,33200,0.0,0.0,0.0
2021-12-17 00:00:00-05:00,29.799999237060547,29.809999465942383,29.329999923706055,29.690000534057617,12400,0.0,0.0,0.0
2021-12-20 00:00:00-05:00,29.219999313354492,29.350000381469727,29.121000289916992,29.31999969482422,8700,0.0,0.0,0.0
2021-12-21 00:00:00-05:00,29.56999969482422,30.059999465942383,29.3799991607666,30.059999465942383,7200,0.0,0.0,0.0
2021-12-22 00:00:00-05:00,30.040000915527344,30.31599998474121,30.040000915527344,30.31599998474121,9700,0.0,0.0,0.0
2021-12-23 00:00:00-05:00,30.549999237060547,30.639999389648438,30.40999984741211,30.530000686645508,19800,0.0,0.0,0.0
2021-12-27 00:00:00-05:00,30.670000076293945,31.020000457763672,30.670000076293945,31.020000457763672,14800,0.0,0.0,0.0
2021-12-28 00:00:00-05:00,31.030000686645508,31.040000915527344,30.829999923706055,30.829999923706055,25900,0.0,0.0,0.0
2021-12-29 00:00:00-05:00,30.8700008392334,30.90999984741211,30.670000076293945,30.84600067138672,9200,0.0,0.0,0.0
2021-12-30 00:00:00-05:00,30.8799991607666,30.989999771118164,30.743999481201172,30.743999481201172,12200,0.0,0.0,0.0
2021-12-31 00:00:00-05:00,30.84000015258789,30.84000015258789,30.540000915527344,30.600000381469727,53300,0.0,0.0,0.0
2022-01-03 00:00:00-05:00,30.69499969482422,30.850000381469727,30.63800048828125,30.780000686645508,13700,0.0,0.0,0.0
2022-01-04 00:00:00-05:00,30.829999923706055,30.829999923706055,30.235000610351562,30.350000381469727,24500,0.0,0.0,0.0
2022-01-05 00:00:00-05:00,30.309999465942383,30.309999465942383,29.43000030517578,29.43000030517578,199500,0.0,0.0,0.0
2022-01-06 00:00:00-05:00,29.31999969482422,29.649999618530273,29.219999313354492,29.329999923706055,10700,0.0,0.0,0.0
2022-01-07 00:00:00-05:00,29.270000457763672,29.34000015258789,28.940000534057617,29.1200008392334,42300,0.0,0.0,0.0
2022-01-10 00:00:00-05:00,28.760000228881836,29.09000015258789,28.339000701904297,29.09000015258789,220800,0.0,0.0,0.0
2022-01-11 00:00:00-05:00,29.0049991607666,29.530000686645508,28.989999771118164,29.469999313354492,63100,0.0,0.0,0.0
2022-01-12 00:00:00-05:00,29.729999542236328,29.790000915527344,29.540000915527344,29.540000915527344,14600,0.0,0.0,0.0
2022-01-13 00:00:00-05:00,29.68000030517578,29.690000534057617,28.8700008392334,28.8700008392334,29600,0.0,0.0,0.0
2022-01-14 00:00:00-05:00,28.709999084472656,29.110000610351562,28.709999084472656,29.079999923706055,10200,0.0,0.0,0.0
2022-01-18 00:00:00-05:00,28.700000762939453,28.791000366210938,28.290000915527344,28.290000915527344,31100,0.0,0.0,0.0
2022-01-19 00:00:00-05:00,28.479999542236328,28.600000381469727,28.0,28.010000228881836,9600,0.0,0.0,0.0
2022-01-20 00:00:00-05:00,28.219999313354492,28.549999237060547,27.59000015258789,27.59000015258789,59500,0.0,0.0,0.0
2022-01-21 00:00:00-05:00,27.459999084472656,27.670000076293945,27.010000228881836,27.020000457763672,30600,0.0,0.0,0.0
2022-01-24 00:00:00-05:00,26.549999237060547,27.149999618530273,25.719999313354492,27.139999389648438,44100,0.0,0.0,0.0
2022-01-25 00:00:00-05:00,26.56999969482422,26.979999542236328,26.31999969482422,26.489999771118164,167700,0.0,0.0,0.0
2022-01-26 00:00:00-05:00,27.15999984741211,27.454999923706055,26.375,26.6299991607666,23500,0.0,0.0,0.0
2022-01-27 00:00:00-05:00,26.90999984741211,27.06999969482422,26.274999618530273,26.360000610351562,23100,0.0,0.0,0.0
2022-01-28 00:00:00-05:00,26.360000610351562,27.25,26.149999618530273,27.25,35400,0.0,0.0,0.0
2022-01-31 00:00:00-05:00,27.260000228881836,28.059999465942383,27.260000228881836,28.020000457763672,12700,0.0,0.0,0.0
2022-02-01 00:00:00-05:00,28.110000610351562,28.219999313354492,27.799999237060547,28.214000701904297,8300,0.0,0.0,0.0
2022-02-02 00:00:00-05:00,28.40999984741211,28.40999984741211,28.104999542236328,28.40999984741211,9300,0.0,0.0,0.0
2022-02-03 00:00:00-05:00,27.770000457763672,27.979999542236328,27.40999984741211,27.40999984741211,19400,0.0,0.0,0.0
2022-02-04 00:00:00-05:00,27.5,27.861000061035156,27.299999237060547,27.6560001373291,7800,0.0,0.0,0.0
2022-02-07 00:00:00-05:00,27.700000762939453,27.729999542236328,27.468000411987305,27.489999771118164,30600,0.0,0.0,0.0
2022-02-08 00:00:00-05:00,27.350000381469727,27.839000701904297,27.329999923706055,27.822999954223633,40300,0.0,0.0,0.0
2022-02-09 00:00:00-05:00,28.059999465942383,28.309999465942383,28.059999465942383,28.290000915527344,29000,0.0,0.0,0.0
2022-02-10 00:00:00-05:00,27.850000381469727,28.298999786376953,27.638999938964844,27.709999084472656,5600,0.0,0.0,0.0
2022-02-11 00:00:00-05:00,27.670000076293945,27.799999237060547,26.920000076293945,26.940000534057617,23500,0.0,0.0,0.0
2022-02-14 00:00:00-05:00,26.959999084472656,27.049999237060547,26.684999465942383,26.889999389648438,7000,0.0,0.0,0.0
2022-02-15 00:00:00-05:00,27.309999465942383,27.450000762939453,27.290000915527344,27.447999954223633,5000,0.0,0.0,0.0
2022-02-16 00:00:00-05:00,27.260000228881836,27.5,27.197999954223633,27.5,5700,0.0,0.0,0.0
2022-02-17 00:00:00-05:00,27.25,27.309999465942383,26.71500015258789,26.764999389648438,5900,0.0,0.0,0.0
2022-02-18 00:00:00-05:00,26.649999618530273,26.809999465942383,26.299999237060547,26.40999984741211,9000,0.0,0.0,0.0
2022-02-22 00:00:00-05:00,26.229999542236328,26.43899917602539,25.93000030517578,26.15999984741211,110400,0.0,0.0,0.0
2022-02-23 00:00:00-05:00,26.450000762939453,26.479999542236328,25.639999389648438,25.649999618530273,9500,0.0,0.0,0.0
2022-02-24 00:00:00-05:00,24.81999969482422,26.420000076293945,24.81999969482422,26.40999984741211,17100,0.0,0.0,0.0
2022-02-25 00:00:00-05:00,26.43000030517578,26.7810001373291,26.190000534057617,26.7810001373291,5800,0.0,0.0,0.0
2022-02-28 00:00:00-05:00,26.579999923706055,26.77400016784668,26.530000686645508,26.77400016784668,4200,0.0,0.0,0.0
2022-03-01 00:00:00-05:00,26.809999465942383,26.84000015258789,26.260000228881836,26.440000534057617,11500,0.0,0.0,0.0
2022-03-02 00:00:00-05:00,26.450000762939453,26.979999542236328,26.389999389648438,26.889999389648438,8400,0.0,0.0,0.0
2022-03-03 00:00:00-05:00,26.950000762939453,27.030000686645508,26.461000442504883,26.549999237060547,64200,0.0,0.0,0.0
2022-03-04 00:00:00-05:00,26.489999771118164,26.489999771118164,26.030000686645508,26.149999618530273,10700,0.0,0.0,0.0
2022-03-07 00:00:00-05:00,26.200000762939453,26.200000762939453,25.336999893188477,25.336999893188477,10500,0.0,0.0,0.0
2022-03-08 00:00:00-05:00,25.71500015258789,25.915000915527344,25.27899932861328,25.27899932861328,4400,0.0,0.0,0.0
2022-03-09 00:00:00-05:00,25.860000610351562,26.149999618530273,25.860000610351562,26.058000564575195,17000,0.0,0.0,0.0
2022-03-10 00:00:00-05:00,25.709999084472656,25.797000885009766,25.540000915527344,25.797000885009766,3800,0.0,0.0,0.0
2022-03-11 00:00:00-05:00,25.719999313354492,25.719999313354492,25.312000274658203,25.312000274658203,1800,0.0,0.0,0.0
2022-03-14 00:00:00-04:00,25.170000076293945,25.25,24.790000915527344,24.790000915527344,5200,0.0,0.0,0.0
2022-03-15 00:00:00-04:00,24.940000534057617,25.51099967956543,24.920000076293945,25.51099967956543,5900,0.0,0.0,0.0
2022-03-16 00:00:00-04:00,25.84000015258789,26.273000717163086,25.84000015258789,26.273000717163086,4100,0.0,0.0,0.0
2022-03-17 00:00:00-04:00,26.200000762939453,26.552000045776367,26.200000762939453,26.552000045776367,4700,0.0,0.0,0.0
2022-03-18 00:00:00-04:00,26.420000076293945,27.110000610351562,26.400999069213867,27.0939998626709,5700,0.0,0.0,0.0
2022-03-21 00:00:00-04:00,27.030000686645508,27.030000686645508,26.81999969482422,27.016000747680664,4500,0.0,0.0,0.0
2022-03-22 00:00:00-04:00,27.040000915527344,27.437999725341797,27.040000915527344,27.437999725341797,1500,0.0,0.0,0.0
2022-03-23 00:00:00-04:00,27.326000213623047,27.450000762939453,27.118999481201172,27.118999481201172,6300,0.0,0.0,0.0
2022-03-24 00:00:00-04:00,27.474000930786133,27.656999588012695,27.391000747680664,27.656999588012695,3200,0.0,0.0,0.0
2022-03-25 00:00:00-04:00,27.579999923706055,27.61400032043457,27.40999984741211,27.608999252319336,6600,0.0,0.0,0.0
2022-03-28 00:00:00-04:00,27.729999542236328,27.952999114990234,27.56100082397461,27.952999114990234,8200,0.0,0.0,0.0
2022-03-29 00:00:00-04:00,28.309999465942383,28.510000228881836,28.239999771118164,28.461999893188477,12400,0.0,0.0,0.0
2022-03-30 00:00:00-04:00,28.364999771118164,28.429000854492188,28.049999237060547,28.107999801635742,21000,0.0,0.0,0.0
2022-03-31 00:00:00-04:00,28.200000762939453,28.200000762939453,27.80900001525879,27.80900001525879,9200,0.0,0.0,0.0
2022-04-01 00:00:00-04:00,27.68000030517578,27.760000228881836,27.575000762939453,27.709999084472656,12500,0.0,0.0,0.0
2022-04-04 00:00:00-04:00,28.1200008392334,28.190000534057617,28.1200008392334,28.190000534057617,1100,0.0,0.0,0.0
2022-04-05 00:00:00-04:00,28.09000015258789,28.09000015258789,27.549999237060547,27.589000701904297,8400,0.0,0.0,0.0
2022-04-06 00:00:00-04:00,26.969999313354492,27.218000411987305,26.83099937438965,27.052000045776367,5700,0.0,0.0,0.0
2022-04-07 00:00:00-04:00,27.110000610351562,27.190000534057617,26.847999572753906,27.11199951171875,6500,0.0,0.0,0.0
2022-04-08 00:00:00-04:00,26.875,26.961999893188477,26.719999313354492,26.719999313354492,9100,0.0,0.0,0.0
2022-04-11 00:00:00-04:00,26.40999984741211,26.40999984741211,26.13800048828125,26.13800048828125,12000,0.0,0.0,0.0
2022-04-12 00:00:00-04:00,26.65999984741211,26.676000595092773,26.052000045776367,26.052000045776367,15700,0.0,0.0,0.0
2022-04-13 00:00:00-04:00,26.389999389648438,26.56999969482422,26.381000518798828,26.54800033569336,10400,0.0,0.0,0.0
2022-04-14 00:00:00-04:00,26.559999465942383,26.559999465942383,25.93400001525879,25.93400001525879,9000,0.0,0.0,0.0
2022-04-18 00:00:00-04:00,25.950000762939453,26.030000686645508,25.76099967956543,25.913000106811523,2400,0.0,0.0,0.0
2022-04-19 00:00:00-04:00,25.940000534057617,26.525999069213867,25.940000534057617,26.44300079345703,4300,0.0,0.0,0.0
2022-04-20 00:00:00-04:00,26.461000442504883,26.461000442504883,26.28700065612793,26.28700065612793,4200,0.0,0.0,0.0
2022-04-21 00:00:00-04:00,26.700000762939453,26.700000762939453,25.700000762939453,25.78499984741211,5600,0.0,0.0,0.0
2022-04-22 00:00:00-04:00,25.510000228881836,25.510000228881836,25.106000900268555,25.106000900268555,4800,0.0,0.0,0.0
2022-04-25 00:00:00-04:00,25.079999923706055,25.211000442504883,24.969999313354492,25.159000396728516,15600,0.0,0.0,0.0
2022-04-26 00:00:00-04:00,25.1200008392334,25.1200008392334,24.534000396728516,24.534000396728516,18100,0.0,0.0,0.0
2022-04-27 00:00:00-04:00,24.549999237060547,24.881999969482422,24.549999237060547,24.61400032043457,13700,0.0,0.0,0.0
2022-04-28 00:00:00-04:00,24.940000534057617,25.56599998474121,24.719999313354492,25.43000030517578,9200,0.0,0.0,0.0
2022-04-29 00:00:00-04:00,25.013999938964844,25.187999725341797,24.417999267578125,24.417999267578125,296700,0.0,0.0,0.0
2022-05-02 00:00:00-04:00,24.420000076293945,24.834999084472656,24.209999084472656,24.834999084472656,104700,0.0,0.0,0.0
2022-05-03 00:00:00-04:00,24.790000915527344,25.014999389648438,24.75,24.868000030517578,128700,0.0,0.0,0.0
2022-05-04 00:00:00-04:00,24.770000457763672,25.687000274658203,24.559999465942383,25.687000274658203,14600,0.0,0.0,0.0
2022-05-05 00:00:00-04:00,24.829999923706055,24.850000381469727,24.275999069213867,24.43400001525879,14600,0.0,0.0,0.0
2022-05-06 00:00:00-04:00,24.06999969482422,24.420000076293945,24.06999969482422,24.208999633789062,6200,0.0,0.0,0.0
2022-05-09 00:00:00-04:00,23.8799991607666,23.889999389648438,23.29800033569336,23.29800033569336,5800,0.0,0.0,0.0
2022-05-10 00:00:00-04:00,23.47800064086914,23.920000076293945,23.420000076293945,23.530000686645508,379900,0.0,0.0,0.0
2022-05-11 00:00:00-04:00,23.34000015258789,23.59000015258789,22.854000091552734,22.854000091552734,8000,0.0,0.0,0.0
2022-05-12 00:00:00-04:00,22.479999542236328,22.969999313354492,22.270000457763672,22.739999771118164,73900,0.0,0.0,0.0
2022-05-13 00:00:00-04:00,23.0,23.559999465942383,23.0,23.503000259399414,253700,0.0,0.0,0.0
2022-05-16 00:00:00-04:00,23.239999771118164,23.485000610351562,23.219999313354492,23.26799964904785,3200,0.0,0.0,0.0
2022-05-17 00:00:00-04:00,23.799999237060547,23.885000228881836,23.649999618530273,23.885000228881836,3900,0.0,0.0,0.0
2022-05-18 00:00:00-04:00,23.579999923706055,23.59000015258789,22.770999908447266,22.770999908447266,2900,0.0,0.0,0.0
2022-05-19 00:00:00-04:00,22.809999465942383,22.940000534057617,22.6200008392334,22.638999938964844,9600,0.0,0.0,0.0
2022-05-20 00:00:00-04:00,22.899999618530273,22.924999237060547,22.0049991607666,22.5939998626709,9400,0.0,0.0,0.0
2022-05-23 00:00:00-04:00,22.6299991607666,23.020000457763672,22.6200008392334,23.011999130249023,92000,0.0,0.0,0.0
2022-05-24 00:00:00-04:00,22.56999969482422,22.579999923706055,22.34000015258789,22.56599998474121,96000,0.0,0.0,0.0
2022-05-25 00:00:00-04:00,22.510000228881836,22.940000534057617,22.510000228881836,22.8799991607666,4400,0.0,0.0,0.0
2022-05-26 00:00:00-04:00,22.770000457763672,23.520000457763672,22.770000457763672,23.479000091552734,16400,0.0,0.0,0.0
2022-05-27 00:00:00-04:00,23.941999435424805,24.211999893188477,23.941999435424805,24.211999893188477,1100,0.0,0.0,0.0
2022-05-31 00:00:00-04:00,24.219999313354492,24.325000762939453,24.131000518798828,24.131000518798828,10400,0.0,0.0,0.0
2022-06-01 00:00:00-04:00,24.399999618530273,24.420000076293945,23.850000381469727,24.02199935913086,43400,0.0,0.0,0.0
2022-06-02 00:00:00-04:00,23.860000610351562,24.594999313354492,23.84000015258789,24.594999313354492,47600,0.0,0.0,0.0
2022-06-03 00:00:00-04:00,24.15999984741211,24.190000534057617,23.940000534057617,24.016000747680664,31600,0.0,0.0,0.0
2022-06-06 00:00:00-04:00,24.360000610351562,24.360000610351562,23.981000900268555,24.06599998474121,22400,0.0,0.0,0.0
2022-06-07 00:00:00-04:00,23.889999389648438,24.322999954223633,23.8799991607666,24.322999954223633,14000,0.0,0.0,0.0
2022-06-08 00:00:00-04:00,24.219999313354492,24.360000610351562,24.03499984741211,24.075000762939453,12800,0.0,0.0,0.0
2022-06-09 00:00:00-04:00,23.899999618530273,24.1200008392334,23.482999801635742,23.482999801635742,5100,0.0,0.0,0.0
2022-06-10 00:00:00-04:00,22.940000534057617,22.979999542236328,22.665000915527344,22.684999465942383,35100,0.0,0.0,0.0
2022-06-13 00:00:00-04:00,22.09000015258789,22.170000076293945,21.698999404907227,21.698999404907227,11200,0.0,0.0,0.0
2022-06-14 00:00:00-04:00,21.850000381469727,21.850000381469727,21.729999542236328,21.756000518798828,5900,0.0,0.0,0.0
2022-06-15 00:00:00-04:00,21.989999771118164,22.239999771118164,21.799999237060547,22.202999114990234,17600,0.0,0.0,0.0
2022-06-16 00:00:00-04:00,21.6200008392334,21.6200008392334,21.339000701904297,21.339000701904297,1400,0.0,0.0,0.0
2022-06-17 00:00:00-04:00,21.510000228881836,21.69499969482422,21.510000228881836,21.614999771118164,4700,0.0,0.0,0.0
2022-06-21 00:00:00-04:00,22.020000457763672,22.18000030517578,22.020000457763672,22.062000274658203,12700,0.0,0.0,0.0
2022-06-22 00:00:00-04:00,21.8700008392334,22.200000762939453,21.8700008392334,22.06599998474121,5200,0.0,0.0,0.0
2022-06-23 00:00:00-04:00,22.06999969482422,22.301000595092773,22.010000228881836,22.301000595092773,9900,0.0,0.0,0.0
2022-06-24 00:00:00-04:00,22.649999618530273,23.007999420166016,22.649999618530273,23.007999420166016,51000,0.0,0.0,0.0
2022-06-27 00:00:00-04:00,22.979999542236328,23.06999969482422,22.861000061035156,22.861000061035156,20400,0.0,0.0,0.0
2022-06-28 00:00:00-04:00,23.079999923706055,23.079999923706055,22.273000717163086,22.273000717163086,3800,0.0,0.0,0.0
2022-06-29 00:00:00-04:00,22.110000610351562,22.309999465942383,22.110000610351562,22.2549991607666,41800,0.0,0.0,0.0
2022-06-30 00:00:00-04:00,22.200000762939453,22.200000762939453,21.895000457763672,21.948999404907227,7000,0.0,0.0,0.0
2022-07-01 00:00:00-04:00,21.827999114990234,22.110000610351562,21.80500030517578,22.077999114990234,3200,0.0,0.0,0.0
2022-07-05 00:00:00-04:00,21.700000762939453,22.367000579833984,21.700000762939453,22.367000579833984,4100,0.0,0.0,0.0
2022-07-06 00:00:00-04:00,22.43000030517578,22.48699951171875,22.399999618530273,22.48699951171875,500,0.0,0.0,0.0
2022-07-07 00:00:00-04:00,22.799999237060547,23.010000228881836,22.799999237060547,22.968000411987305,9900,0.0,0.0,0.0
2022-07-08 00:00:00-04:00,22.729999542236328,22.98900032043457,22.729999542236328,22.98900032043457,6300,0.0,0.0,0.0
2022-07-11 00:00:00-04:00,22.559999465942383,22.790000915527344,22.54599952697754,22.54599952697754,21000,0.0,0.0,0.0
2022-07-12 00:00:00-04:00,22.75,22.75,22.25,22.312000274658203,2200,0.0,0.0,0.0
2022-07-13 00:00:00-04:00,21.940000534057617,22.350000381469727,21.920000076293945,22.290000915527344,7700,0.0,0.0,0.0
2022-07-14 00:00:00-04:00,21.90999984741211,22.34600067138672,21.90999984741211,22.34600067138672,2500,0.0,0.0,0.0
2022-07-15 00:00:00-04:00,22.510000228881836,22.700000762939453,22.510000228881836,22.700000762939453,6100,0.0,0.0,0.0
2022-07-18 00:00:00-04:00,22.940000534057617,22.989999771118164,22.551000595092773,22.551000595092773,1900,0.0,0.0,0.0
2022-07-19 00:00:00-04:00,22.770000457763672,23.222000122070312,22.770000457763672,23.222000122070312,20300,0.0,0.0,0.0
2022-07-20 00:00:00-04:00,23.280000686645508,23.584999084472656,23.280000686645508,23.584999084472656,4200,0.0,0.0,0.0
2022-07-21 00:00:00-04:00,23.510000228881836,23.865999221801758,23.510000228881836,23.865999221801758,23900,0.0,0.0,0.0
2022-07-22 00:00:00-04:00,23.780000686645508,23.780000686645508,23.3799991607666,23.447999954223633,45100,0.0,0.0,0.0
2022-07-25 00:00:00-04:00,23.420000076293945,23.420000076293945,23.28499984741211,23.347999572753906,1400,0.0,0.0,0.0
2022-07-26 00:00:00-04:00,23.18000030517578,23.18000030517578,22.969999313354492,22.98200035095215,2400,0.0,0.0,0.0
2022-07-27 00:00:00-04:00,23.399999618530273,23.93000030517578,23.399999618530273,23.920000076293945,22900,0.0,0.0,0.0
2022-07-28 00:00:00-04:00,23.719999313354492,24.170000076293945,23.719999313354492,24.160999298095703,4800,0.0,0.0,0.0
2022-07-29 00:00:00-04:00,24.190000534057617,24.549999237060547,24.190000534057617,24.53499984741211,8000,0.0,0.0,0.0
2022-08-01 00:00:00-04:00,24.389999389648438,24.545000076293945,24.389999389648438,24.51300048828125,1600,0.0,0.0,0.0
2022-08-02 00:00:00-04:00,24.329999923706055,24.69499969482422,24.31999969482422,24.42300033569336,2900,0.0,0.0,0.0
2022-08-03 00:00:00-04:00,24.639999389648438,25.04599952697754,24.639999389648438,25.04599952697754,1600,0.0,0.0,0.0
2022-08-04 00:00:00-04:00,25.049999237060547,25.100000381469727,24.90999984741211,25.086999893188477,6600,0.0,0.0,0.0
2022-08-05 00:00:00-04:00,24.760000228881836,25.024999618530273,24.760000228881836,25.024999618530273,1900,0.0,0.0,0.0
2022-08-08 00:00:00-04:00,25.1200008392334,25.1200008392334,24.850000381469727,24.917999267578125,900,0.0,0.0,0.0
2022-08-09 00:00:00-04:00,24.690000534057617,24.690000534057617,24.594999313354492,24.617000579833984,4300,0.0,0.0,0.0
2022-08-10 00:00:00-04:00,25.06999969482422,25.350000381469727,25.059999465942383,25.315000534057617,8000,0.0,0.0,0.0
2022-08-11 00:00:00-04:00,25.5,25.5,25.20599937438965,25.20599937438965,600,0.0,0.0,0.0
2022-08-12 00:00:00-04:00,25.360000610351562,25.690000534057617,25.360000610351562,25.690000534057617,7400,0.0,0.0,0.0
2022-08-15 00:00:00-04:00,25.6299991607666,25.892000198364258,25.6299991607666,25.865999221801758,2200,0.0,0.0,0.0
2022-08-16 00:00:00-04:00,25.7189998626709,25.84000015258789,25.639999389648438,25.815000534057617,8800,0.0,0.0,0.0
2022-08-17 00:00:00-04:00,25.610000610351562,25.709999084472656,25.440000534057617,25.547000885009766,3800,0.0,0.0,0.0
2022-08-18 00:00:00-04:00,25.479999542236328,25.674999237060547,25.469999313354492,25.63599967956543,9000,0.0,0.0,0.0
2022-08-19 00:00:00-04:00,25.25,25.25,25.17099952697754,25.17099952697754,400,0.0,0.0,0.0
2022-08-22 00:00:00-04:00,24.75,24.75,24.479999542236328,24.492000579833984,10000,0.0,0.0,0.0
2022-08-23 00:00:00-04:00,24.520000457763672,24.545000076293945,24.4689998626709,24.4689998626709,1100,0.0,0.0,0.0
2022-08-24 00:00:00-04:00,24.40999984741211,24.584999084472656,24.40999984741211,24.531999588012695,6900,0.0,0.0,0.0
2022-08-25 00:00:00-04:00,24.579999923706055,24.92099952697754,24.565000534057617,24.92099952697754,600,0.0,0.0,0.0
2022-08-26 00:00:00-04:00,24.200000762939453,24.200000762939453,23.964000701904297,23.964000701904297,800,0.0,0.0,0.0
2022-08-29 00:00:00-04:00,23.639999389648438,23.75,23.639999389648438,23.694000244140625,109500,0.0,0.0,0.0
2022-08-30 00:00:00-04:00,23.690000534057617,23.690000534057617,23.31999969482422,23.38599967956543,2000,0.0,0.0,0.0
2022-08-31 00:00:00-04:00,23.420000076293945,23.420000076293945,23.260000228881836,23.283000946044922,2200,0.0,0.0,0.0
2022-09-01 00:00:00-04:00,23.0,23.115999221801758,22.719999313354492,23.115999221801758,28500,0.0,0.0,0.0
2022-09-02 00:00:00-04:00,23.209999084472656,23.424999237060547,22.729999542236328,22.823999404907227,21300,0.0,0.0,0.0
2022-09-06 00:00:00-04:00,22.84000015258789,22.84000015258789,22.649999618530273,22.65999984741211,7700,0.0,0.0,0.0
2022-09-07 00:00:00-04:00,22.809999465942383,23.125,22.790000915527344,23.099000930786133,4900,0.0,0.0,0.0
2022-09-08 00:00:00-04:00,22.8700008392334,23.17300033569336,22.860000610351562,23.17300033569336,1500,0.0,0.0,0.0
2022-09-09 00:00:00-04:00,23.420000076293945,23.69099998474121,23.420000076293945,23.69099998474121,2000,0.0,0.0,0.0
2022-09-12 00:00:00-04:00,23.760000228881836,23.965999603271484,23.75,23.965999603271484,1700,0.0,0.0,0.0
2022-09-13 00:00:00-04:00,23.280000686645508,23.280000686645508,22.709999084472656,22.767000198364258,5700,0.0,0.0,0.0
2022-09-14 00:00:00-04:00,22.740999221801758,22.902999877929688,22.740999221801758,22.84000015258789,2200,0.0,0.0,0.0
2022-09-15 00:00:00-04:00,22.674999237060547,22.674999237060547,22.445999145507812,22.445999145507812,300,0.0,0.0,0.0
2022-09-16 00:00:00-04:00,22.06999969482422,22.297000885009766,22.06999969482422,22.297000885009766,2600,0.0,0.0,0.0
2022-09-19 00:00:00-04:00,22.190000534057617,22.440000534057617,22.190000534057617,22.440000534057617,1300,0.0,0.0,0.0
2022-09-20 00:00:00-04:00,22.239999771118164,22.3700008392334,22.229999542236328,22.26799964904785,1300,0.0,0.0,0.0
2022-09-21 00:00:00-04:00,22.329999923706055,22.479999542236328,21.940000534057617,21.940000534057617,8200,0.0,0.0,0.0
2022-09-22 00:00:00-04:00,21.84000015258789,21.84000015258789,21.635000228881836,21.68000030517578,6600,0.0,0.0,0.0
2022-09-23 00:00:00-04:00,21.450000762939453,21.450000762939453,21.1200008392334,21.291000366210938,19200,0.0,0.0,0.0
2022-09-26 00:00:00-04:00,21.450000762939453,21.450000762939453,21.170000076293945,21.208999633789062,9700,0.0,0.0,0.0
2022-09-27 00:00:00-04:00,21.40999984741211,21.540000915527344,21.049999237060547,21.209999084472656,9300,0.0,0.0,0.0
2022-09-28 00:00:00-04:00,21.329999923706055,21.58799934387207,21.329999923706055,21.58799934387207,4200,0.0,0.0,0.0
2022-09-29 00:00:00-04:00,21.190000534057617,21.190000534057617,20.90999984741211,20.985000610351562,2500,0.0,0.0,0.0
2022-09-30 00:00:00-04:00,20.989999771118164,20.989999771118164,20.67300033569336,20.67300033569336,100,0.0,0.0,0.0
2022-10-03 00:00:00-04:00,21.084999084472656,21.170000076293945,21.084999084472656,21.170000076293945,1000,0.0,0.0,0.0
2022-10-04 00:00:00-04:00,21.860000610351562,21.860000610351562,21.790000915527344,21.85700035095215,2800,0.0,0.0,0.0
2022-10-05 00:00:00-04:00,21.639999389648438,21.93199920654297,21.639999389648438,21.864999771118164,500,0.0,0.0,0.0
2022-10-06 00:00:00-04:00,21.760000228881836,21.979999542236328,21.719999313354492,21.725000381469727,5800,0.0,0.0,0.0
2022-10-07 00:00:00-04:00,21.059999465942383,21.059999465942383,20.84000015258789,20.881000518798828,700,0.0,0.0,0.0
2022-10-10 00:00:00-04:00,20.540000915527344,20.645999908447266,20.530000686645508,20.645999908447266,3200,0.0,0.0,0.0
2022-10-11 00:00:00-04:00,20.54800033569336,20.56999969482422,20.270000457763672,20.3799991607666,2100,0.0,0.0,0.0
2022-10-12 00:00:00-04:00,20.3700008392334,20.3700008392334,20.347000122070312,20.347000122070312,800,0.0,0.0,0.0
2022-10-13 00:00:00-04:00,20.510000228881836,20.857999801635742,20.510000228881836,20.857999801635742,2700,0.0,0.0,0.0
2022-10-14 00:00:00-04:00,20.3799991607666,20.459999084472656,20.242000579833984,20.242000579833984,1000,0.0,0.0,0.0
2022-10-17 00:00:00-04:00,20.809999465942383,20.899999618530273,20.809999465942383,20.87700080871582,2800,0.0,0.0,0.0
2022-10-18 00:00:00-04:00,21.360000610351562,21.360000610351562,21.02199935913086,21.02199935913086,400,0.0,0.0,0.0
2022-10-19 00:00:00-04:00,21.020000457763672,21.020000457763672,20.90999984741211,20.929000854492188,1100,0.0,0.0,0.0
2022-10-20 00:00:00-04:00,20.940000534057617,20.940000534057617,20.889999389648438,20.910999298095703,22700,0.0,0.0,0.0
2022-10-21 00:00:00-04:00,20.8799991607666,21.3700008392334,20.8799991607666,21.3700008392334,2900,0.0,0.0,0.0
2022-10-24 00:00:00-04:00,21.3799991607666,21.57900047302246,21.34000015258789,21.57900047302246,24100,0.0,0.0,0.0
2022-10-25 00:00:00-04:00,21.600000381469727,22.051000595092773,21.600000381469727,22.051000595092773,1200,0.0,0.0,0.0
2022-10-26 00:00:00-04:00,21.90999984741211,21.90999984741211,21.610000610351562,21.610000610351562,5900,0.0,0.0,0.0
2022-10-27 00:00:00-04:00,21.440000534057617,21.549999237060547,21.288000106811523,21.288000106811523,1800,0.0,0.0,0.0
2022-10-28 00:00:00-04:00,22.045000076293945,22.045000076293945,22.045000076293945,22.045000076293945,0,0.0,0.0,0.0
2022-10-31 00:00:00-04:00,21.809999465942383,21.820999145507812,21.784000396728516,21.784000396728516,500,0.0,0.0,0.0
2022-11-01 00:00:00-04:00,21.700000762939453,21.700000762939453,21.600000381469727,21.625,44800,0.0,0.0,0.0
2022-11-02 00:00:00-04:00,20.959999084472656,20.959999084472656,20.91900062561035,20.91900062561035,2200,0.0,0.0,0.0
2022-11-03 00:00:00-04:00,20.715999603271484,20.715999603271484,20.46299934387207,20.46299934387207,1100,0.0,0.0,0.0
2022-11-04 00:00:00-04:00,20.770000457763672,20.780000686645508,20.389999389648438,20.716999053955078,2200,0.0,0.0,0.0
2022-11-07 00:00:00-05:00,20.85099983215332,21.02199935913086,20.729999542236328,21.02199935913086,1400,0.0,0.0,0.0
2022-11-08 00:00:00-05:00,21.040000915527344,21.29400062561035,21.020000457763672,21.197999954223633,10000,0.0,0.0,0.0
2022-11-09 00:00:00-05:00,21.041000366210938,21.041000366210938,20.691999435424805,20.691999435424805,11700,0.0,0.0,0.0
2022-11-10 00:00:00-05:00,21.59000015258789,22.239999771118164,21.59000015258789,22.239999771118164,2500,0.0,0.0,0.0
2022-11-11 00:00:00-05:00,22.6299991607666,22.652999877929688,22.6299991607666,22.652999877929688,2100,0.0,0.0,0.0
2022-11-14 00:00:00-05:00,22.440000534057617,22.614999771118164,22.440000534057617,22.447999954223633,1800,0.0,0.0,0.0
2022-11-15 00:00:00-05:00,22.959999084472656,22.959999084472656,22.690000534057617,22.731000900268555,3400,0.0,0.0,0.0
2022-11-16 00:00:00-05:00,22.489999771118164,22.489999771118164,22.40999984741211,22.44099998474121,900,0.0,0.0,0.0
2022-11-17 00:00:00-05:00,22.1200008392334,22.450000762939453,22.110000610351562,22.344999313354492,8100,0.0,0.0,0.0
2022-11-18 00:00:00-05:00,22.459999084472656,22.459999084472656,22.22100067138672,22.371000289916992,1000,0.0,0.0,0.0
2022-11-21 00:00:00-05:00,22.25,22.270000457763672,22.15999984741211,22.18000030517578,400,0.0,0.0,0.0
2022-11-22 00:00:00-05:00,22.15999984741211,22.517000198364258,22.15999984741211,22.517000198364258,3600,0.0,0.0,0.0
2022-11-23 00:00:00-05:00,22.600000381469727,22.709999084472656,22.579999923706055,22.707000732421875,900,0.0,0.0,0.0
2022-11-25 00:00:00-05:00,22.59600067138672,22.59600067138672,22.59600067138672,22.59600067138672,100,0.0,0.0,0.0
2022-11-28 00:00:00-05:00,22.344999313354492,22.350000381469727,22.15999984741211,22.163000106811523,5000,0.0,0.0,0.0
2022-11-29 00:00:00-05:00,22.010000228881836,22.052000045776367,22.007999420166016,22.007999420166016,900,0.0,0.0,0.0
2022-11-30 00:00:00-05:00,22.709999084472656,22.979000091552734,22.709999084472656,22.979000091552734,800,0.0,0.0,0.0
2022-12-01 00:00:00-05:00,22.93000030517578,23.083999633789062,22.93000030517578,23.083999633789062,2000,0.0,0.0,0.0
2022-12-02 00:00:00-05:00,22.770000457763672,22.93400001525879,22.770000457763672,22.93400001525879,7800,0.0,0.0,0.0
2022-12-05 00:00:00-05:00,22.611000061035156,22.611000061035156,22.459999084472656,22.54599952697754,34500,0.0,0.0,0.0
2022-12-06 00:00:00-05:00,22.229999542236328,22.233999252319336,22.1200008392334,22.124000549316406,6500,0.0,0.0,0.0
2022-12-07 00:00:00-05:00,22.1299991607666,22.1299991607666,21.959999084472656,22.009000778198242,3600,0.0,0.0,0.0
2022-12-08 00:00:00-05:00,22.239999771118164,22.364999771118164,22.219999313354492,22.288999557495117,2600,0.0,0.0,0.0
2022-12-09 00:00:00-05:00,22.219999313354492,22.391000747680664,22.166000366210938,22.166000366210938,4700,0.0,0.0,0.0
2022-12-12 00:00:00-05:00,22.26099967956543,22.469999313354492,22.260000228881836,22.469999313354492,1100,0.0,0.0,0.0
2022-12-13 00:00:00-05:00,23.229999542236328,23.229999542236328,22.674999237060547,22.767000198364258,1900,0.0,0.0,0.0
2022-12-14 00:00:00-05:00,22.829999923706055,22.920000076293945,22.614999771118164,22.614999771118164,4400,0.0,0.0,0.0
2022-12-15 00:00:00-05:00,22.0,22.0,21.82699966430664,21.82699966430664,1100,0.0,0.0,0.0
2022-12-16 00:00:00-05:00,21.770000457763672,21.770000457763672,21.459999084472656,21.634000778198242,13000,0.0,0.0,0.0
2022-12-19 00:00:00-05:00,21.540000915527344,21.549999237060547,21.25,21.299999237060547,4100,0.0,0.0,0.0
2022-12-20 00:00:00-05:00,21.22100067138672,21.3700008392334,21.190000534057617,21.368999481201172,3300,0.0,0.0,0.0
2022-12-21 00:00:00-05:00,21.450000762939453,21.709999084472656,21.43000030517578,21.63599967956543,11700,0.0,0.0,0.0
2022-12-22 00:00:00-05:00,21.049999237060547,21.165000915527344,20.8700008392334,21.165000915527344,5000,0.0,0.0,0.0
2022-12-23 00:00:00-05:00,20.940000534057617,21.180999755859375,20.940000534057617,21.180999755859375,2300,0.0,0.0,0.0
2022-12-27 00:00:00-05:00,20.959999084472656,21.010000228881836,20.950000762939453,20.975000381469727,6500,0.0,0.0,0.0
2022-12-28 00:00:00-05:00,21.049999237060547,21.049999237060547,20.65999984741211,20.65999984741211,7200,0.0,0.0,0.0
2022-12-29 00:00:00-05:00,20.969999313354492,21.208999633789062,20.969999313354492,21.208999633789062,5600,0.0,0.0,0.0
2022-12-30 00:00:00-05:00,20.940000534057617,21.145000457763672,20.920000076293945,21.145000457763672,8800,0.0,0.0,0.0
2023-01-03 00:00:00-05:00,21.3799991607666,21.3799991607666,20.90999984741211,21.02899932861328,1900,0.0,0.0,0.0
2023-01-04 00:00:00-05:00,21.170000076293945,21.209999084472656,20.969999313354492,21.073999404907227,11700,0.0,0.0,0.0
2023-01-05 00:00:00-05:00,20.809999465942383,20.8700008392334,20.759000778198242,20.759000778198242,1500,0.0,0.0,0.0
2023-01-06 00:00:00-05:00,20.68000030517578,21.360000610351562,20.68000030517578,21.29599952697754,14400,0.0,0.0,0.0
2023-01-09 00:00:00-05:00,21.5,21.677000045776367,21.479000091552734,21.479000091552734,2900,0.0,0.0,0.0
2023-01-10 00:00:00-05:00,21.510000228881836,21.63599967956543,21.43000030517578,21.63599967956543,500,0.0,0.0,0.0
2023-01-11 00:00:00-05:00,21.75,21.988000869750977,21.709999084472656,21.988000869750977,3500,0.0,0.0,0.0
2023-01-12 00:00:00-05:00,21.969999313354492,22.142000198364258,21.770000457763672,22.142000198364258,800,0.0,0.0,0.0
2023-01-13 00:00:00-05:00,21.860000610351562,22.268999099731445,21.860000610351562,22.268999099731445,800,0.0,0.0,0.0
2023-01-17 00:00:00-05:00,22.200000762939453,22.323999404907227,22.200000762939453,22.312000274658203,3100,0.0,0.0,0.0
2023-01-18 00:00:00-05:00,22.40999984741211,22.40999984741211,22.0310001373291,22.0310001373291,500,0.0,0.0,0.0
2023-01-19 00:00:00-05:00,21.910999298095703,21.910999298095703,21.809999465942383,21.822999954223633,9400,0.0,0.0,0.0
2023-01-20 00:00:00-05:00,22.079999923706055,22.386999130249023,22.06999969482422,22.386999130249023,59200,0.0,0.0,0.0
2023-01-23 00:00:00-05:00,22.469999313354492,22.875,22.469999313354492,22.865999221801758,5900,0.0,0.0,0.0
2023-01-24 00:00:00-05:00,22.690000534057617,22.850000381469727,22.690000534057617,22.81999969482422,4000,0.0,0.0,0.0
2023-01-25 00:00:00-05:00,22.40999984741211,22.749000549316406,22.40999984741211,22.749000549316406,800,0.0,0.0,0.0
2023-01-26 00:00:00-05:00,23.079999923706055,23.132999420166016,22.92799949645996,23.132999420166016,1800,0.0,0.0,0.0
2023-01-27 00:00:00-05:00,23.100000381469727,23.389999389648438,23.100000381469727,23.315000534057617,2100,0.0,0.0,0.0
2023-01-30 00:00:00-05:00,23.059999465942383,23.09000015258789,22.857999801635742,22.857999801635742,4200,0.0,0.0,0.0
2023-01-31 00:00:00-05:00,22.969999313354492,23.170000076293945,22.969999313354492,23.170000076293945,800,0.0,0.0,0.0
2023-02-01 00:00:00-05:00,23.149999618530273,23.70800018310547,23.110000610351562,23.70800018310547,1800,0.0,0.0,0.0
2023-02-02 00:00:00-05:00,24.440000534057617,24.440000534057617,24.229999542236328,24.42799949645996,1300,0.0,0.0,0.0
2023-02-03 00:00:00-05:00,24.079999923706055,24.25,24.079999923706055,24.176000595092773,10600,0.0,0.0,0.0
2023-02-06 00:00:00-05:00,23.959999084472656,24.009000778198242,23.81999969482422,23.893999099731445,12000,0.0,0.0,0.0
2023-02-07 00:00:00-05:00,23.799999237060547,24.43600082397461,23.799999237060547,24.43600082397461,6000,0.0,0.0,0.0
2023-02-08 00:00:00-05:00,24.350000381469727,24.420000076293945,23.979999542236328,24.0310001373291,11800,0.0,0.0,0.0
2023-02-09 00:00:00-05:00,24.309999465942383,24.360000610351562,23.857999801635742,23.857999801635742,17600,0.0,0.0,0.0
2023-02-10 00:00:00-05:00,23.65999984741211,23.729999542236328,23.6200008392334,23.700000762939453,9000,0.0,0.0,0.0
2023-02-13 00:00:00-05:00,23.799999237060547,24.086999893188477,23.799999237060547,24.05699920654297,6300,0.0,0.0,0.0
2023-02-14 00:00:00-05:00,23.920000076293945,24.242000579833984,23.920000076293945,24.242000579833984,1100,0.0,0.0,0.0
2023-02-15 00:00:00-05:00,24.139999389648438,24.308000564575195,24.139999389648438,24.308000564575195,800,0.0,0.0,0.0
2023-02-16 00:00:00-05:00,23.979999542236328,24.209999084472656,23.952999114990234,23.952999114990234,3000,0.0,0.0,0.0
2023-02-17 00:00:00-05:00,23.56999969482422,23.722999572753906,23.56999969482422,23.722999572753906,300,0.0,0.0,0.0
2023-02-21 00:00:00-05:00,23.475000381469727,23.489999771118164,23.170000076293945,23.170000076293945,1900,0.0,0.0,0.0
2023-02-22 00:00:00-05:00,23.260000228881836,23.260000228881836,23.136999130249023,23.136999130249023,800,0.0,0.0,0.0
2023-02-23 00:00:00-05:00,23.302000045776367,23.441999435424805,23.302000045776367,23.441999435424805,400,0.0,0.0,0.0
2023-02-24 00:00:00-05:00,22.959999084472656,23.023000717163086,22.959999084472656,23.023000717163086,2400,0.0,0.0,0.0
2023-02-27 00:00:00-05:00,23.219999313354492,23.229999542236328,23.139999389648438,23.167999267578125,700,0.0,0.0,0.0
2023-02-28 00:00:00-05:00,23.049999237060547,23.174999237060547,23.049999237060547,23.174999237060547,6900,0.0,0.0,0.0
2023-03-01 00:00:00-05:00,22.989999771118164,22.989999771118164,22.96500015258789,22.96500015258789,1600,0.0,0.0,0.0
2023-03-02 00:00:00-05:00,23.110000610351562,23.229999542236328,23.110000610351562,23.2189998626709,2800,0.0,0.0,0.0
2023-03-03 00:00:00-05:00,23.459999084472656,23.677000045776367,23.459999084472656,23.677000045776367,6200,0.0,0.0,0.0
2023-03-06 00:00:00-05:00,23.71500015258789,23.71500015258789,23.711999893188477,23.711999893188477,200,0.0,0.0,0.0
2023-03-07 00:00:00-05:00,23.6200008392334,23.6200008392334,23.389999389648438,23.41699981689453,2400,0.0,0.0,0.0
2023-03-08 00:00:00-05:00,23.479999542236328,23.554000854492188,23.479999542236328,23.554000854492188,2100,0.0,0.0,0.0
2023-03-09 00:00:00-05:00,23.691999435424805,23.71500015258789,23.219999313354492,23.219999313354492,3700,0.0,0.0,0.0
2023-03-10 00:00:00-05:00,23.049999237060547,23.049999237060547,22.801000595092773,22.801000595092773,200,0.0,0.0,0.0
2023-03-13 00:00:00-04:00,21.940000534057617,23.075000762939453,21.940000534057617,22.854000091552734,3100,0.0,0.0,0.0
2023-03-14 00:00:00-04:00,23.260000228881836,23.40999984741211,23.260000228881836,23.371999740600586,2000,0.0,0.0,0.0
2023-03-15 00:00:00-04:00,23.190000534057617,23.360000610351562,23.149999618530273,23.360000610351562,600,0.0,0.0,0.0
2023-03-16 00:00:00-04:00,23.31999969482422,24.048999786376953,23.31999969482422,24.048999786376953,1500,0.0,0.0,0.0
2023-03-17 00:00:00-04:00,24.059999465942383,24.059999465942383,23.90999984741211,23.93899917602539,2700,0.0,0.0,0.0
2023-03-20 00:00:00-04:00,23.84000015258789,24.01799964904785,23.84000015258789,24.01799964904785,1700,0.0,0.0,0.0
2023-03-21 00:00:00-04:00,24.11199951171875,24.312999725341797,24.09000015258789,24.312999725341797,2600,0.0,0.0,0.0
2023-03-22 00:00:00-04:00,24.350000381469727,24.5,24.066999435424805,24.066999435424805,735600,0.0,0.0,0.0
2023-03-23 00:00:00-04:00,24.309999465942383,24.600000381469727,24.25,24.31999969482422,2400,0.0,0.0,0.0
2023-03-24 00:00:00-04:00,24.1200008392334,24.336999893188477,24.1200008392334,24.336999893188477,5100,0.0,0.0,0.0
2023-03-27 00:00:00-04:00,24.389999389648438,24.389999389648438,24.22800064086914,24.22800064086914,200,0.0,0.0,0.0
2023-03-28 00:00:00-04:00,24.049999237060547,24.101999282836914,23.979999542236328,24.101999282836914,2200,0.0,0.0,0.0
2023-03-29 00:00:00-04:00,24.440000534057617,24.600000381469727,24.440000534057617,24.54599952697754,700,0.0,0.0,0.0
2023-03-30 00:00:00-04:00,24.729999542236328,24.799999237060547,24.68000030517578,24.77199935913086,4700,0.0,0.0,0.0
2023-03-31 00:00:00-04:00,24.860000610351562,25.17099952697754,24.860000610351562,25.17099952697754,2200,0.0,0.0,0.0
2023-04-03 00:00:00-04:00,24.951000213623047,25.110000610351562,24.951000213623047,25.110000610351562,19600,0.0,0.0,0.0
2023-04-04 00:00:00-04:00,24.934999465942383,24.961999893188477,24.899999618530273,24.961999893188477,600,0.0,0.0,0.0
2023-04-05 00:00:00-04:00,24.75200080871582,24.75200080871582,24.75200080871582,24.75200080871582,100,0.0,0.0,0.0
2023-04-06 00:00:00-04:00,24.864999771118164,24.864999771118164,24.860000610351562,24.860000610351562,1400,0.0,0.0,0.0
2023-04-10 00:00:00-04:00,24.700000762939453,24.832000732421875,24.700000762939453,24.832000732421875,4500,0.0,0.0,0.0
2023-04-11 00:00:00-04:00,24.829999923706055,24.829999923706055,24.68000030517578,24.68000030517578,5700,0.0,0.0,0.0
2023-04-12 00:00:00-04:00,24.799999237060547,24.81999969482422,24.545000076293945,24.545000076293945,15200,0.0,0.0,0.0
2023-04-13 00:00:00-04:00,24.93000030517578,24.990999221801758,24.8700008392334,24.990999221801758,2000,0.0,0.0,0.0
2023-04-14 00:00:00-04:00,24.799999237060547,24.90999984741211,24.799999237060547,24.90999984741211,4000,0.0,0.0,0.0
2023-04-17 00:00:00-04:00,24.81999969482422,24.950000762939453,24.799999237060547,24.950000762939453,5800,0.0,0.0,0.0
2023-04-18 00:00:00-04:00,25.079999923706055,25.079999923706055,24.93000030517578,25.0,7800,0.0,0.0,0.0
2023-04-19 00:00:00-04:00,24.8700008392334,25.0,24.850000381469727,24.93899917602539,6400,0.0,0.0,0.0
2023-04-20 00:00:00-04:00,24.829999923706055,24.90999984741211,24.68000030517578,24.799999237060547,1700,0.0,0.0,0.0
2023-04-21 00:00:00-04:00,24.600000381469727,24.729999542236328,24.600000381469727,24.729999542236328,2500,0.0,0.0,0.0
2023-04-24 00:00:00-04:00,24.579999923706055,24.665000915527344,24.579999923706055,24.665000915527344,1100,0.0,0.0,0.0
2023-04-25 00:00:00-04:00,24.459999084472656,24.479999542236328,24.218000411987305,24.218000411987305,4500,0.0,0.0,0.0
2023-04-26 00:00:00-04:00,24.44499969482422,24.44499969482422,24.31999969482422,24.40999984741211,1200,0.0,0.0,0.0
2023-04-27 00:00:00-04:00,24.96500015258789,24.96500015258789,24.96500015258789,24.96500015258789,200,0.0,0.0,0.0
2023-04-28 00:00:00-04:00,24.989999771118164,25.18000030517578,24.989999771118164,25.18000030517578,800,0.0,0.0,0.0
2023-05-01 00:00:00-04:00,25.149999618530273,25.239999771118164,25.149999618530273,25.200000762939453,800,0.0,0.0,0.0
2023-05-02 00:00:00-04:00,24.969999313354492,24.969999313354492,24.969999313354492,24.969999313354492,100,0.0,0.0,0.0
2023-05-03 00:00:00-04:00,24.93000030517578,25.030000686645508,24.760000228881836,24.799999237060547,8400,0.0,0.0,0.0
2023-05-04 00:00:00-04:00,24.69499969482422,24.69499969482422,24.670000076293945,24.67300033569336,800,0.0,0.0,0.0
2023-05-05 00:00:00-04:00,25.010000228881836,25.170000076293945,25.010000228881836,25.170000076293945,1500,0.0,0.0,0.0
2023-05-08 00:00:00-04:00,25.079999923706055,25.19300079345703,25.079999923706055,25.19300079345703,2300,0.0,0.0,0.0
2023-05-09 00:00:00-04:00,25.110000610351562,25.1200008392334,25.04800033569336,25.04800033569336,12900,0.0,0.0,0.0
2023-05-10 00:00:00-04:00,25.209999084472656,25.34000015258789,25.1200008392334,25.315000534057617,10200,0.0,0.0,0.0
2023-05-11 00:00:00-04:00,25.18000030517578,25.290000915527344,25.170000076293945,25.290000915527344,3900,0.0,0.0,0.0
2023-05-12 00:00:00-04:00,25.15999984741211,25.239999771118164,25.149999618530273,25.239999771118164,800,0.0,0.0,0.0
2023-05-15 00:00:00-04:00,25.39299964904785,25.39299964904785,25.39299964904785,25.39299964904785,0,0.0,0.0,0.0
2023-05-16 00:00:00-04:00,25.47100067138672,25.47100067138672,25.40999984741211,25.40999984741211,700,0.0,0.0,0.0
2023-05-17 00:00:00-04:00,25.450000762939453,25.71500015258789,25.450000762939453,25.71500015258789,45600,0.0,0.0,0.0
2023-05-18 00:00:00-04:00,25.895000457763672,26.18000030517578,25.895000457763672,26.135000228881836,16200,0.0,0.0,0.0
2023-05-19 00:00:00-04:00,26.094999313354492,26.139999389648438,26.059999465942383,26.125,4700,0.0,0.0,0.0
2023-05-22 00:00:00-04:00,26.15999984741211,26.219999313354492,26.15999984741211,26.18000030517578,10000,0.0,0.0,0.0
2023-05-23 00:00:00-04:00,25.874000549316406,25.874000549316406,25.874000549316406,25.874000549316406,100,0.0,0.0,0.0
2023-05-24 00:00:00-04:00,25.719999313354492,25.719999313354492,25.59000015258789,25.694000244140625,3500,0.0,0.0,0.0
2023-05-25 00:00:00-04:00,26.375,26.459999084472656,26.3700008392334,26.402000427246094,1700,0.0,0.0,0.0
2023-05-26 00:00:00-04:00,26.540000915527344,27.100000381469727,26.540000915527344,27.059999465942383,4800,0.0,0.0,0.0
2023-05-30 00:00:00-04:00,27.43000030517578,27.43000030517578,27.14299964904785,27.14299964904785,2000,0.0,0.0,0.0
2023-05-31 00:00:00-04:00,26.989999771118164,27.110000610351562,26.969999313354492,26.993999481201172,5200,0.0,0.0,0.0
2023-06-01 00:00:00-04:00,27.174999237060547,27.270000457763672,27.174999237060547,27.270000457763672,500,0.0,0.0,0.0
2023-06-02 00:00:00-04:00,27.42099952697754,27.479999542236328,27.42099952697754,27.43899917602539,1600,0.0,0.0,0.0
2023-06-05 00:00:00-04:00,27.469999313354492,27.469999313354492,27.350000381469727,27.39299964904785,3700,0.0,0.0,0.0
2023-06-06 00:00:00-04:00,27.270000457763672,27.459999084472656,27.270000457763672,27.423999786376953,42700,0.0,0.0,0.0
2023-06-07 00:00:00-04:00,27.530000686645508,27.530000686645508,26.959999084472656,27.010000228881836,10700,0.0,0.0,0.0
2023-06-08 00:00:00-04:00,27.290000915527344,27.290000915527344,27.239999771118164,27.268999099731445,1800,0.0,0.0,0.0
2023-06-09 00:00:00-04:00,27.459999084472656,27.459999084472656,27.399999618530273,27.399999618530273,700,0.0,0.0,0.0
2023-06-12 00:00:00-04:00,27.5,27.84000015258789,27.5,27.832000732421875,4900,0.0,0.0,0.0
2023-06-13 00:00:00-04:00,28.09000015258789,28.09000015258789,27.860000610351562,28.059999465942383,6500,0.0,0.0,0.0
2023-06-14 00:00:00-04:00,28.2189998626709,28.2189998626709,28.020000457763672,28.183000564575195,1400,0.0,0.0,0.0
2023-06-15 00:00:00-04:00,28.049999237060547,28.6299991607666,28.049999237060547,28.562999725341797,5000,0.0,0.0,0.0
2023-06-16 00:00:00-04:00,28.56999969482422,28.639999389648438,28.364999771118164,28.364999771118164,25100,0.0,0.0,0.0
2023-06-20 00:00:00-04:00,28.110000610351562,28.2549991607666,28.100000381469727,28.2549991607666,800,0.0,0.0,0.0
2023-06-21 00:00:00-04:00,27.868999481201172,27.882999420166016,27.868999481201172,27.882999420166016,200,0.0,0.0,0.0
2023-06-22 00:00:00-04:00,28.010000228881836,28.139999389648438,27.979999542236328,28.125,1600,0.0,0.0,0.0
2023-06-23 00:00:00-04:00,27.920000076293945,27.93199920654297,27.851999282836914,27.863000869750977,3600,0.0,0.0,0.0
2023-06-26 00:00:00-04:00,27.709999084472656,27.709999084472656,27.615999221801758,27.615999221801758,400,0.0,0.0,0.0
2023-06-27 00:00:00-04:00,27.850000381469727,28.04199981689453,27.850000381469727,28.04199981689453,800,0.0,0.0,0.0
2023-06-28 00:00:00-04:00,27.950000762939453,28.0310001373291,27.940000534057617,28.0310001373291,1400,0.0,0.0,0.0
2023-06-29 00:00:00-04:00,28.049999237060547,28.09000015258789,28.049999237060547,28.06800079345703,2500,0.0,0.0,0.0
2023-06-30 00:00:00-04:00,28.450000762939453,28.559999465942383,28.434999465942383,28.540000915527344,15900,0.0,0.0,0.0
2023-07-03 00:00:00-04:00,28.510000228881836,28.530000686645508,28.40999984741211,28.530000686645508,21200,0.0,0.0,0.0
2023-07-05 00:00:00-04:00,28.43000030517578,28.459999084472656,28.40999984741211,28.440000534057617,2500,0.0,0.0,0.0
2023-07-06 00:00:00-04:00,28.09000015258789,28.229000091552734,28.09000015258789,28.229000091552734,300,0.0,0.0,0.0
2023-07-07 00:00:00-04:00,28.110000610351562,28.329999923706055,28.110000610351562,28.18000030517578,600,0.0,0.0,0.0
2023-07-10 00:00:00-04:00,28.200000762939453,28.280000686645508,28.059999465942383,28.280000686645508,9800,0.0,0.0,0.0
2023-07-11 00:00:00-04:00,28.389999389648438,28.40999984741211,28.25,28.40999984741211,2800,0.0,0.0,0.0
2023-07-12 00:00:00-04:00,28.819000244140625,28.819000244140625,28.600000381469727,28.729999542236328,6700,0.0,0.0,0.0
2023-07-13 00:00:00-04:00,28.94499969482422,29.094999313354492,28.94499969482422,29.094999313354492,900,0.0,0.0,0.0
2023-07-14 00:00:00-04:00,29.176000595092773,29.176000595092773,28.985000610351562,29.007999420166016,3600,0.0,0.0,0.0
2023-07-17 00:00:00-04:00,29.34000015258789,29.34000015258789,29.302000045776367,29.302000045776367,100,0.0,0.0,0.0
2023-07-18 00:00:00-04:00,29.270000457763672,29.655000686645508,29.26099967956543,29.597999572753906,3100,0.0,0.0,0.0
2023-07-19 00:00:00-04:00,29.6299991607666,29.704999923706055,29.530000686645508,29.573999404907227,8500,0.0,0.0,0.0
2023-07-20 00:00:00-04:00,29.15999984741211,29.170000076293945,28.979999542236328,29.025999069213867,1900,0.0,0.0,0.0
2023-07-21 00:00:00-04:00,29.110000610351562,29.110000610351562,28.93000030517578,28.958999633789062,9000,0.0,0.0,0.0
2023-07-24 00:00:00-04:00,29.040000915527344,29.040000915527344,28.979999542236328,28.993999481201172,3600,0.0,0.0,0.0
2023-07-25 00:00:00-04:00,28.989999771118164,29.281999588012695,28.989999771118164,29.229000091552734,700,0.0,0.0,0.0
2023-07-26 00:00:00-04:00,29.059999465942383,29.170000076293945,28.940000534057617,29.054000854492188,27600,0.0,0.0,0.0
2023-07-27 00:00:00-04:00,29.290000915527344,29.34000015258789,28.961000442504883,28.961000442504883,1800,0.0,0.0,0.0
2023-07-28 00:00:00-04:00,29.25,29.39299964904785,29.25,29.39299964904785,600,0.0,0.0,0.0
2023-07-31 00:00:00-04:00,29.459999084472656,29.459999084472656,29.3700008392334,29.43600082397461,2100,0.0,0.0,0.0
2023-08-01 00:00:00-04:00,29.280000686645508,29.423999786376953,29.25,29.423999786376953,1900,0.0,0.0,0.0
2023-08-02 00:00:00-04:00,28.780000686645508,28.860000610351562,28.780000686645508,28.836000442504883,2200,0.0,0.0,0.0
2023-08-03 00:00:00-04:00,28.610000610351562,28.775999069213867,28.610000610351562,28.775999069213867,1500,0.0,0.0,0.0
2023-08-04 00:00:00-04:00,28.8799991607666,29.030000686645508,28.683000564575195,28.683000564575195,17100,0.0,0.0,0.0
2023-08-07 00:00:00-04:00,28.889999389648438,29.0,28.889999389648438,29.0,200,0.0,0.0,0.0
2023-08-08 00:00:00-04:00,28.864999771118164,28.889999389648438,28.864999771118164,28.8799991607666,1300,0.0,0.0,0.0
2023-08-09 00:00:00-04:00,28.75,28.790000915527344,28.610000610351562,28.615999221801758,3200,0.0,0.0,0.0
2023-08-10 00:00:00-04:00,28.90999984741211,28.90999984741211,28.649999618530273,28.649999618530273,1200,0.0,0.0,0.0
2023-08-11 00:00:00-04:00,28.524999618530273,28.649999618530273,28.489999771118164,28.577999114990234,7300,0.0,0.0,0.0
2023-08-14 00:00:00-04:00,28.420000076293945,28.670000076293945,28.420000076293945,28.670000076293945,2600,0.0,0.0,0.0
2023-08-15 00:00:00-04:00,28.540000915527344,28.549999237060547,28.3799991607666,28.43000030517578,17000,0.0,0.0,0.0
2023-08-16 00:00:00-04:00,28.43000030517578,28.43000030517578,28.195999145507812,28.195999145507812,2300,0.0,0.0,0.0
2023-08-17 00:00:00-04:00,28.170000076293945,28.170000076293945,27.908000946044922,27.908000946044922,1600,0.0,0.0,0.0
2023-08-18 00:00:00-04:00,27.860000610351562,27.8700008392334,27.856000900268555,27.856000900268555,400,0.0,0.0,0.0
2023-08-21 00:00:00-04:00,27.920000076293945,28.1200008392334,27.920000076293945,28.111000061035156,2900,0.0,0.0,0.0
2023-08-22 00:00:00-04:00,28.170000076293945,28.170000076293945,28.010000228881836,28.045000076293945,2600,0.0,0.0,0.0
2023-08-23 00:00:00-04:00,28.15999984741211,28.35099983215332,28.15999984741211,28.35099983215332,200,0.0,0.0,0.0
2023-08-24 00:00:00-04:00,28.389999389648438,28.389999389648438,27.929000854492188,27.929000854492188,600,0.0,0.0,0.0
2023-08-25 00:00:00-04:00,28.131000518798828,28.131000518798828,28.131000518798828,28.131000518798828,100,0.0,0.0,0.0
2023-08-28 00:00:00-04:00,28.329999923706055,28.329999923706055,28.28700065612793,28.28700065612793,300,0.0,0.0,0.0
2023-08-29 00:00:00-04:00,28.674999237060547,28.749000549316406,28.649999618530273,28.749000549316406,307600,0.0,0.0,0.0
2023-08-30 00:00:00-04:00,28.85099983215332,28.90999984741211,28.799999237060547,28.874000549316406,2900,0.0,0.0,0.0
2023-08-31 00:00:00-04:00,28.959999084472656,28.959999084472656,28.881999969482422,28.881999969482422,600,0.0,0.0,0.0
2023-09-01 00:00:00-04:00,29.0,29.0,28.884000778198242,28.884000778198242,100,0.0,0.0,0.0
2023-09-05 00:00:00-04:00,28.760000228881836,28.76799964904785,28.738000869750977,28.738000869750977,1100,0.0,0.0,0.0
2023-09-06 00:00:00-04:00,28.52400016784668,28.52400016784668,28.52400016784668,28.52400016784668,100,0.0,0.0,0.0
2023-09-07 00:00:00-04:00,28.350000381469727,28.378999710083008,28.350000381469727,28.375,400,0.0,0.0,0.0
2023-09-08 00:00:00-04:00,28.399999618530273,28.399999618530273,28.3700008392334,28.3700008392334,400,0.0,0.0,0.0
2023-09-11 00:00:00-04:00,28.510000228881836,28.600000381469727,28.479999542236328,28.54800033569336,700,0.0,0.0,0.0
2023-09-12 00:00:00-04:00,28.31999969482422,28.31999969482422,28.31999969482422,28.31999969482422,100,0.0,0.0,0.0
2023-09-13 00:00:00-04:00,28.375,28.375,28.32900047302246,28.32900047302246,700,0.0,0.0,0.0
2023-09-14 00:00:00-04:00,28.459999084472656,28.57900047302246,28.459999084472656,28.57900047302246,100,0.0,0.0,0.0
2023-09-15 00:00:00-04:00,28.270000457763672,28.270000457763672,28.219999313354492,28.23699951171875,1300,0.0,0.0,0.0
2023-09-18 00:00:00-04:00,28.270000457763672,28.270000457763672,28.243999481201172,28.243999481201172,300,0.0,0.0,0.0
2023-09-19 00:00:00-04:00,28.174999237060547,28.20599937438965,28.174999237060547,28.20599937438965,300,0.0,0.0,0.0
2023-09-20 00:00:00-04:00,28.29800033569336,28.309999465942383,27.996999740600586,27.996999740600586,400,0.0,0.0,0.0
2023-09-21 00:00:00-04:00,27.739999771118164,27.739999771118164,27.559999465942383,27.586999893188477,1300,0.0,0.0,0.0
2023-09-22 00:00:00-04:00,27.709999084472656,27.709999084472656,27.53499984741211,27.53499984741211,1300,0.0,0.0,0.0
2023-09-25 00:00:00-04:00,27.459999084472656,27.58099937438965,27.459999084472656,27.58099937438965,800,0.0,0.0,0.0
2023-09-26 00:00:00-04:00,27.309999465942383,27.34000015258789,27.242000579833984,27.242000579833984,600,0.0,0.0,0.0
2023-09-27 00:00:00-04:00,27.25,27.25,27.25,27.25,100,0.0,0.0,0.0
2023-09-28 00:00:00-04:00,27.489999771118164,27.489999771118164,27.43899917602539,27.43899917602539,1400,0.0,0.0,0.0
2023-09-29 00:00:00-04:00,27.3700008392334,27.3700008392334,27.3700008392334,27.3700008392334,100,0.0,0.0,0.0
2023-10-02 00:00:00-04:00,27.375999450683594,27.375999450683594,27.375999450683594,27.375999450683594,100,0.0,0.0,0.0
2023-10-03 00:00:00-04:00,26.99799919128418,27.06999969482422,26.99799919128418,27.06999969482422,1600,0.0,0.0,0.0
2023-10-04 00:00:00-04:00,26.940000534057617,27.204999923706055,26.940000534057617,27.204999923706055,600,0.0,0.0,0.0
2023-10-05 00:00:00-04:00,27.110000610351562,27.15999984741211,27.079999923706055,27.0939998626709,10500,0.0,0.0,0.0
2023-10-06 00:00:00-04:00,27.25,27.440000534057617,27.25,27.399999618530273,2300,0.0,0.0,0.0
2023-10-09 00:00:00-04:00,27.280000686645508,27.6200008392334,27.280000686645508,27.6200008392334,3600,0.0,0.0,0.0
2023-10-10 00:00:00-04:00,27.68000030517578,27.736000061035156,27.665000915527344,27.736000061035156,500,0.0,0.0,0.0
2023-10-11 00:00:00-04:00,27.739999771118164,27.80699920654297,27.709999084472656,27.80699920654297,10200,0.0,0.0,0.0
2023-10-12 00:00:00-04:00,27.81999969482422,27.81999969482422,27.649999618530273,27.665000915527344,2300,0.0,0.0,0.0
2023-10-13 00:00:00-04:00,27.770000457763672,27.770000457763672,27.56999969482422,27.615999221801758,2400,0.0,0.0,0.0
2023-10-16 00:00:00-04:00,27.905000686645508,27.979999542236328,27.889999389648438,27.979999542236328,26100,0.0,0.0,0.0
2023-10-17 00:00:00-04:00,28.059999465942383,28.059999465942383,27.948999404907227,27.948999404907227,1800,0.0,0.0,0.0
2023-10-18 00:00:00-04:00,27.795000076293945,27.799999237060547,27.760000228881836,27.799999237060547,600,0.0,0.0,0.0
2023-10-19 00:00:00-04:00,27.780000686645508,27.780000686645508,27.604999542236328,27.604999542236328,2200,0.0,0.0,0.0
2023-10-20 00:00:00-04:00,27.610000610351562,27.610000610351562,27.386999130249023,27.386999130249023,800,0.0,0.0,0.0
2023-10-23 00:00:00-04:00,27.149999618530273,27.440000534057617,27.149999618530273,27.334999084472656,3700,0.0,0.0,0.0
2023-10-24 00:00:00-04:00,27.28499984741211,27.44300079345703,27.28499984741211,27.44300079345703,500,0.0,0.0,0.0
2023-10-25 00:00:00-04:00,27.25,27.25,27.110000610351562,27.135000228881836,500,0.0,0.0,0.0
2023-10-26 00:00:00-04:00,27.079999923706055,27.079999923706055,26.8799991607666,26.8799991607666,1000,0.0,0.0,0.0
2023-10-27 00:00:00-04:00,26.89299964904785,26.902000427246094,26.75,26.812999725341797,1000,0.0,0.0,0.0
2023-10-30 00:00:00-04:00,27.010000228881836,27.070999145507812,26.94499969482422,27.070999145507812,2000,0.0,0.0,0.0
2023-10-31 00:00:00-04:00,27.09000015258789,27.15999984741211,27.079999923706055,27.158000946044922,1000,0.0,0.0,0.0
2023-11-01 00:00:00-04:00,27.270000457763672,27.393999099731445,27.25,27.393999099731445,500,0.0,0.0,0.0
2023-11-02 00:00:00-04:00,27.674999237060547,27.770000457763672,27.674999237060547,27.709999084472656,40800,0.0,0.0,0.0
2023-11-03 00:00:00-04:00,28.0,28.15999984741211,27.976999282836914,28.094999313354492,2000,0.0,0.0,0.0
2023-11-06 00:00:00-05:00,28.0,28.06800079345703,28.0,28.06800079345703,500,0.0,0.0,0.0
2023-11-07 00:00:00-05:00,28.173999786376953,28.173999786376953,28.173999786376953,28.173999786376953,100,0.0,0.0,0.0
2023-11-08 00:00:00-05:00,28.065000534057617,28.11400032043457,28.065000534057617,28.11400032043457,3600,0.0,0.0,0.0
2023-11-09 00:00:00-05:00,28.113000869750977,28.113000869750977,27.95199966430664,27.95199966430664,600,0.0,0.0,0.0
2023-11-10 00:00:00-05:00,28.010000228881836,28.30500030517578,28.010000228881836,28.30500030517578,400,0.0,0.0,0.0
2023-11-13 00:00:00-05:00,28.29599952697754,28.29599952697754,28.29599952697754,28.29599952697754,100,0.0,0.0,0.0
2023-11-14 00:00:00-05:00,28.780000686645508,28.93000030517578,28.780000686645508,28.88599967956543,3800,0.0,0.0,0.0
2023-11-15 00:00:00-05:00,29.010000228881836,29.010000228881836,28.952999114990234,28.952999114990234,1800,0.0,0.0,0.0
2023-11-16 00:00:00-05:00,28.860000610351562,28.905000686645508,28.860000610351562,28.905000686645508,500,0.0,0.0,0.0
2023-11-17 00:00:00-05:00,28.8799991607666,28.93000030517578,28.860000610351562,28.93000030517578,600,0.0,0.0,0.0
2023-11-20 00:00:00-05:00,29.1200008392334,29.1200008392334,29.1200008392334,29.1200008392334,100,0.0,0.0,0.0
2023-11-21 00:00:00-05:00,29.010000228881836,29.045000076293945,29.010000228881836,29.045000076293945,1700,0.0,0.0,0.0
2023-11-22 00:00:00-05:00,29.264999389648438,29.264999389648438,29.155000686645508,29.155000686645508,300,0.0,0.0,0.0
2023-11-24 00:00:00-05:00,29.150999069213867,29.150999069213867,29.149999618530273,29.149999618530273,500,0.0,0.0,0.0
2023-11-27 00:00:00-05:00,29.209999084472656,29.219999313354492,29.174999237060547,29.174999237060547,900,0.0,0.0,0.0
2023-11-28 00:00:00-05:00,29.270000457763672,29.270000457763672,29.2549991607666,29.260000228881836,1100,0.0,0.0,0.0
2023-11-29 00:00:00-05:00,29.260000228881836,29.270000457763672,29.242000579833984,29.242000579833984,600,0.0,0.0,0.0
2023-11-30 00:00:00-05:00,29.24799919128418,29.24799919128418,29.24799919128418,29.24799919128418,100,0.0,0.0,0.0
2023-12-01 00:00:00-05:00,29.25,29.520999908447266,29.239999771118164,29.520999908447266,800,0.0,0.0,0.0
2023-12-04 00:00:00-05:00,29.280000686645508,29.333999633789062,29.280000686645508,29.333999633789062,300,0.0,0.0,0.0
2023-12-05 00:00:00-05:00,29.219999313354492,29.253000259399414,29.2189998626709,29.253000259399414,1300,0.0,0.0,0.0
2023-12-06 00:00:00-05:00,29.200000762939453,29.200000762939453,29.14299964904785,29.14299964904785,200,0.0,0.0,0.0
2023-12-07 00:00:00-05:00,29.260000228881836,29.479999542236328,29.260000228881836,29.46500015258789,1000,0.0,0.0,0.0
2023-12-08 00:00:00-05:00,29.549999237060547,29.549999237060547,29.549999237060547,29.549999237060547,100,0.0,0.0,0.0
2023-12-11 00:00:00-05:00,29.559999465942383,29.648000717163086,29.559999465942383,29.648000717163086,700,0.0,0.0,0.0
2023-12-12 00:00:00-05:00,29.6200008392334,29.785999298095703,29.6200008392334,29.785999298095703,1300,0.0,0.0,0.0
2023-12-13 00:00:00-05:00,29.90999984741211,30.110000610351562,29.841999053955078,30.110000610351562,3400,0.0,0.0,0.0
2023-12-14 00:00:00-05:00,30.270000457763672,30.299999237060547,30.09000015258789,30.229000091552734,1300,0.0,0.0,0.0
2023-12-15 00:00:00-05:00,30.402000427246094,30.402000427246094,30.35099983215332,30.35099983215332,400,0.0,0.0,0.0
2023-12-18 00:00:00-05:00,30.40999984741211,30.461000442504883,30.40999984741211,30.461000442504883,800,0.0,0.0,0.0
2023-12-19 00:00:00-05:00,30.559999465942383,30.61400032043457,30.559999465942383,30.61400032043457,700,0.0,0.0,0.0
2023-12-20 00:00:00-05:00,30.275999069213867,30.275999069213867,30.275999069213867,30.275999069213867,0,0.0,0.0,0.0
2023-12-21 00:00:00-05:00,30.434999465942383,30.55699920654297,30.399999618530273,30.55699920654297,1700,0.0,0.0,0.0
2023-12-22 00:00:00-05:00,30.55500030517578,30.55500030517578,30.55500030517578,30.55500030517578,100,0.0,0.0,0.0
2023-12-26 00:00:00-05:00,30.6299991607666,30.69700050354004,30.6299991607666,30.69700050354004,1100,0.0,0.0,0.0
2023-12-27 00:00:00-05:00,30.68400001525879,30.760000228881836,30.68400001525879,30.743000030517578,4400,0.0,0.0,0.0
2023-12-28 00:00:00-05:00,30.780000686645508,30.780000686645508,30.71299934387207,30.71299934387207,100,0.0,0.0,0.0
2023-12-29 00:00:00-05:00,30.780000686645508,30.780000686645508,30.530000686645508,30.58099937438965,20900,0.0,0.0,0.0
2024-01-02 00:00:00-05:00,30.114999771118164,30.114999771118164,30.097000122070312,30.097000122070312,400,0.0,0.0,0.0
2024-01-03 00:00:00-05:00,29.979999542236328,29.979999542236328,29.781999588012695,29.781999588012695,500,0.0,0.0,0.0
2024-01-04 00:00:00-05:00,29.84000015258789,29.84000015258789,29.68199920654297,29.68199920654297,1000,0.0,0.0,0.0
2024-01-05 00:00:00-05:00,29.760000228881836,29.760000228881836,29.70599937438965,29.70599937438965,1300,0.0,0.0,0.0
2024-01-08 00:00:00-05:00,29.8700008392334,30.200000762939453,29.850000381469727,30.200000762939453,54300,0.0,0.0,0.0
2024-01-09 00:00:00-05:00,30.219999313354492,30.239999771118164,30.195999145507812,30.195999145507812,1300,0.0,0.0,0.0
2024-01-10 00:00:00-05:00,30.399999618530273,30.489999771118164,30.399999618530273,30.405000686645508,3600,0.0,0.0,0.0
2024-01-11 00:00:00-05:00,30.350000381469727,30.420000076293945,30.170000076293945,30.402999877929688,43000,0.0,0.0,0.0
2024-01-12 00:00:00-05:00,30.361000061035156,30.361000061035156,30.361000061035156,30.361000061035156,200,0.0,0.0,0.0
2024-01-16 00:00:00-05:00,30.280000686645508,30.299999237060547,30.18000030517578,30.26300048828125,16600,0.0,0.0,0.0
2024-01-17 00:00:00-05:00,30.079999923706055,30.156999588012695,30.079999923706055,30.156999588012695,1300,0.0,0.0,0.0
2024-01-18 00:00:00-05:00,30.405000686645508,30.43000030517578,30.405000686645508,30.43000030517578,300,0.0,0.0,0.0
2024-01-19 00:00:00-05:00,30.59000015258789,30.784000396728516,30.59000015258789,30.784000396728516,300,0.0,0.0,0.0
2024-01-22 00:00:00-05:00,30.915000915527344,30.920000076293945,30.84000015258789,30.843000411987305,1500,0.0,0.0,0.0
2024-01-23 00:00:00-05:00,30.777999877929688,30.922000885009766,30.777999877929688,30.922000885009766,3900,0.0,0.0,0.0
2024-01-24 00:00:00-05:00,31.040000915527344,31.06999969482422,30.899999618530273,30.905000686645508,9200,0.0,0.0,0.0
2024-01-25 00:00:00-05:00,30.959999084472656,30.959999084472656,30.770000457763672,30.86199951171875,2500,0.0,0.0,0.0
2024-01-26 00:00:00-05:00,30.90999984741211,30.90999984741211,30.790000915527344,30.823999404907227,4300,0.0,0.0,0.0
2024-01-29 00:00:00-05:00,31.040000915527344,31.15999984741211,30.989999771118164,31.145999908447266,1300,0.0,0.0,0.0
2024-01-30 00:00:00-05:00,31.155000686645508,31.155000686645508,31.010000228881836,31.013999938964844,800,0.0,0.0,0.0
2024-01-31 00:00:00-05:00,30.844999313354492,30.889999389648438,30.573999404907227,30.582000732421875,4000,0.0,0.0,0.0
2024-02-01 00:00:00-05:00,30.790000915527344,30.979999542236328,30.790000915527344,30.90999984741211,1300,0.0,0.0,0.0
2024-02-02 00:00:00-05:00,31.479000091552734,31.479000091552734,31.417999267578125,31.417999267578125,400,0.0,0.0,0.0
2024-02-05 00:00:00-05:00,31.299999237060547,31.299999237060547,31.229999542236328,31.283000946044922,1300,0.0,0.0,0.0
2024-02-06 00:00:00-05:00,31.260000228881836,31.30299949645996,31.229999542236328,31.30299949645996,4800,0.0,0.0,0.0
2024-02-07 00:00:00-05:00,31.420000076293945,31.6299991607666,31.40999984741211,31.594999313354492,10000,0.0,0.0,0.0
2024-02-08 00:00:00-05:00,31.670000076293945,31.709999084472656,31.670000076293945,31.67099952697754,900,0.0,0.0,0.0
2024-02-09 00:00:00-05:00,31.81399917602539,31.89900016784668,31.81399917602539,31.89900016784668,1000,0.0,0.0,0.0
2024-02-12 00:00:00-05:00,31.920000076293945,31.969999313354492,31.790000915527344,31.836000442504883,1700,0.0,0.0,0.0
2024-02-13 00:00:00-05:00,31.299999237060547,31.33099937438965,31.19099998474121,31.33099937438965,2100,0.0,0.0,0.0
2024-02-14 00:00:00-05:00,31.469999313354492,31.719999313354492,31.469999313354492,31.698999404907227,900,0.0,0.0,0.0
2024-02-15 00:00:00-05:00,31.770000457763672,31.829999923706055,31.6200008392334,31.820999145507812,5600,0.0,0.0,0.0
2024-02-16 00:00:00-05:00,31.690000534057617,31.850000381469727,31.631000518798828,31.631000518798828,4600,0.0,0.0,0.0
2024-02-20 00:00:00-05:00,31.540000915527344,31.540000915527344,31.239999771118164,31.371999740600586,1900,0.0,0.0,0.0
2024-02-21 00:00:00-05:00,31.270999908447266,31.374000549316406,31.18000030517578,31.374000549316406,1100,0.0,0.0,0.0
2024-02-22 00:00:00-05:00,32.09000015258789,32.119998931884766,32.09000015258789,32.09400177001953,2800,0.0,0.0,0.0
2024-02-23 00:00:00-05:00,32.08300018310547,32.08300018310547,32.08300018310547,32.08300018310547,100,0.0,0.0,0.0
2024-02-26 00:00:00-05:00,32.08000183105469,32.08000183105469,32.005001068115234,32.005001068115234,3600,0.0,0.0,0.0
2024-02-27 00:00:00-05:00,32.040000915527344,32.040000915527344,32.03799819946289,32.03799819946289,400,0.0,0.0,0.0
2024-02-28 00:00:00-05:00,31.927000045776367,31.934999465942383,31.90999984741211,31.934999465942383,600,0.0,0.0,0.0
2024-02-29 00:00:00-05:00,32.05099868774414,32.15999984741211,32.05099868774414,32.15999984741211,700,0.0,0.0,0.0
2024-03-01 00:00:00-05:00,32.41999816894531,32.46799850463867,32.41999816894531,32.46799850463867,200,0.0,0.0,0.0
2024-03-04 00:00:00-05:00,32.36000061035156,32.45000076293945,32.347999572753906,32.347999572753906,1300,0.0,0.0,0.0
2024-03-05 00:00:00-05:00,32.2400016784668,32.2400016784668,31.75200080871582,31.889999389648438,4700,0.0,0.0,0.0
2024-03-06 00:00:00-05:00,32.15399932861328,32.15399932861328,31.979999542236328,32.03499984741211,5000,0.0,0.0,0.0
2024-03-07 00:00:00-05:00,32.20000076293945,32.40800094604492,32.20000076293945,32.40800094604492,1600,0.0,0.0,0.0
2024-03-08 00:00:00-05:00,32.439998626708984,32.439998626708984,32.130001068115234,32.16600036621094,3900,0.0,0.0,0.0
2024-03-11 00:00:00-04:00,32.130001068115234,32.13999938964844,32.09700012207031,32.09700012207031,500,0.0,0.0,0.0
2024-03-12 00:00:00-04:00,32.38999938964844,32.49300003051758,32.380001068115234,32.49300003051758,2000,0.0,0.0,0.0
2024-03-13 00:00:00-04:00,32.41999816894531,32.41999816894531,32.361000061035156,32.361000061035156,2100,0.0,0.0,0.0
2024-03-14 00:00:00-04:00,32.40999984741211,32.40999984741211,32.24800109863281,32.24800109863281,500,0.0,0.0,0.0
2024-03-15 00:00:00-04:00,32.02000045776367,32.02000045776367,31.95599937438965,31.95599937438965,2300,0.0,0.0,0.0
2024-03-18 00:00:00-04:00,32.209999084472656,32.209999084472656,32.16999816894531,32.16999816894531,1600,0.0,0.0,0.0
2024-03-19 00:00:00-04:00,32.30400085449219,32.35499954223633,32.27000045776367,32.35499954223633,2900,0.0,0.0,0.0
2024-03-20 00:00:00-04:00,32.340999603271484,32.619998931884766,32.34000015258789,32.60499954223633,3700,0.0,0.0,0.0
2024-03-21 00:00:00-04:00,32.77000045776367,32.77000045776367,32.72999954223633,32.7400016784668,800,0.0,0.0,0.0
2024-03-22 00:00:00-04:00,32.7400016784668,32.7400016784668,32.6879997253418,32.6879997253418,300,0.0,0.0,0.0
2024-03-25 00:00:00-04:00,32.58000183105469,32.63999938964844,32.54600143432617,32.54600143432617,2600,0.0,0.0,0.0
2024-03-26 00:00:00-04:00,32.66999816894531,32.66999816894531,32.529998779296875,32.529998779296875,2400,0.0,0.0,0.0
2024-03-27 00:00:00-04:00,32.54399871826172,32.72999954223633,32.54399871826172,32.72100067138672,13200,0.0,0.0,0.0
2024-03-28 00:00:00-04:00,32.73400115966797,32.755001068115234,32.73400115966797,32.755001068115234,600,0.0,0.0,0.0
2024-04-01 00:00:00-04:00,32.709999084472656,32.709999084472656,32.560001373291016,32.66999816894531,3600,0.0,0.0,0.0
2024-04-02 00:00:00-04:00,32.21699905395508,32.36600112915039,32.21699905395508,32.36399841308594,1400,0.0,0.0,0.0
2024-04-03 00:00:00-04:00,32.470001220703125,32.470001220703125,32.33000183105469,32.38999938964844,1400,0.0,0.0,0.0
2024-04-04 00:00:00-04:00,32.11000061035156,32.11000061035156,31.965999603271484,31.965999603271484,1300,0.0,0.0,0.0
2024-04-05 00:00:00-04:00,32.220001220703125,32.29999923706055,32.18000030517578,32.26300048828125,2900,0.0,0.0,0.0
2024-04-08 00:00:00-04:00,32.33000183105469,32.33000183105469,32.263999938964844,32.263999938964844,600,0.0,0.0,0.0
2024-04-09 00:00:00-04:00,32.33000183105469,32.36800003051758,32.19200134277344,32.34299850463867,1600,0.0,0.0,0.0
2024-04-10 00:00:00-04:00,32.060001373291016,32.060001373291016,31.950000762939453,32.047000885009766,2400,0.0,0.0,0.0
2024-04-11 00:00:00-04:00,31.940000534057617,32.34000015258789,31.940000534057617,32.34000015258789,500,0.0,0.0,0.0
2024-04-12 00:00:00-04:00,31.902999877929688,31.902999877929688,31.700000762939453,31.78499984741211,4200,0.0,0.0,0.0
2024-04-15 00:00:00-04:00,31.950000762939453,31.950000762939453,31.31999969482422,31.367000579833984,1500,0.0,0.0,0.0
2024-04-16 00:00:00-04:00,31.292999267578125,31.34000015258789,31.292999267578125,31.34000015258789,1900,0.0,0.0,0.0
2024-04-17 00:00:00-04:00,31.106000900268555,31.106000900268555,31.106000900268555,31.106000900268555,400,0.0,0.0,0.0
2024-04-18 00:00:00-04:00,31.020000457763672,31.06999969482422,30.913000106811523,30.913000106811523,2400,0.0,0.0,0.0
2024-04-19 00:00:00-04:00,30.90999984741211,30.90999984741211,30.530000686645508,30.562999725341797,900,0.0,0.0,0.0
2024-04-22 00:00:00-04:00,30.8700008392334,30.889999389648438,30.740999221801758,30.740999221801758,2200,0.0,0.0,0.0
2024-04-23 00:00:00-04:00,31.239999771118164,31.239999771118164,31.172000885009766,31.172000885009766,800,0.0,0.0,0.0
2024-04-24 00:00:00-04:00,31.270000457763672,31.285999298095703,31.270000457763672,31.285999298095703,500,0.0,0.0,0.0
2024-04-25 00:00:00-04:00,30.809999465942383,31.049999237060547,30.790000915527344,31.049999237060547,8500,0.0,0.0,0.0
2024-04-26 00:00:00-04:00,31.31999969482422,31.479999542236328,31.31999969482422,31.44499969482422,2300,0.0,0.0,0.0
2024-04-29 00:00:00-04:00,31.520000457763672,31.670000076293945,31.459999084472656,31.670000076293945,1700,0.0,0.0,0.0
2024-04-30 00:00:00-04:00,31.489999771118164,31.489999771118164,31.15999984741211,31.15999984741211,1500,0.0,0.0,0.0
2024-05-01 00:00:00-04:00,31.030000686645508,31.229999542236328,30.979999542236328,31.040000915527344,2400,0.0,0.0,0.0
2024-05-02 00:00:00-04:00,31.138999938964844,31.290000915527344,31.1299991607666,31.26799964904785,600,0.0,0.0,0.0
2024-05-03 00:00:00-04:00,31.761999130249023,31.809999465942383,31.760000228881836,31.770000457763672,5300,0.0,0.0,0.0
2024-05-06 00:00:00-04:00,31.8700008392334,32.04399871826172,31.8700008392334,32.04399871826172,1200,0.0,0.0,0.0
2024-05-07 00:00:00-04:00,32.0629997253418,32.0629997253418,31.930999755859375,31.958999633789062,3100,0.0,0.0,0.0
2024-05-08 00:00:00-04:00,31.8799991607666,31.940000534057617,31.8799991607666,31.899999618530273,400,0.0,0.0,0.0
2024-05-09 00:00:00-04:00,32.02000045776367,32.047000885009766,32.02000045776367,32.047000885009766,1500,0.0,0.0,0.0
2024-05-10 00:00:00-04:00,32.119998931884766,32.15999984741211,32.119998931884766,32.13399887084961,1200,0.0,0.0,0.0
2024-05-13 00:00:00-04:00,32.119998931884766,32.119998931884766,32.090999603271484,32.090999603271484,1900,0.0,0.0,0.0
2024-05-14 00:00:00-04:00,32.224998474121094,32.32899856567383,32.224998474121094,32.32899856567383,1800,0.0,0.0,0.0
2024-05-15 00:00:00-04:00,32.66999816894531,32.75199890136719,32.66999816894531,32.75199890136719,500,0.0,0.0,0.0
2024-05-16 00:00:00-04:00,32.70600128173828,32.70600128173828,32.65800094604492,32.65800094604492,800,0.0,0.0,0.0
2024-05-17 00:00:00-04:00,32.72700119018555,32.72700119018555,32.72700119018555,32.72700119018555,200,0.0,0.0,0.0
2024-05-20 00:00:00-04:00,32.900001525878906,32.900001525878906,32.86000061035156,32.86000061035156,1900,0.0,0.0,0.0
2024-05-21 00:00:00-04:00,32.849998474121094,32.939998626708984,32.849998474121094,32.939998626708984,800,0.0,0.0,0.0
2024-05-22 00:00:00-04:00,32.720001220703125,32.75,32.720001220703125,32.749000549316406,1300,0.0,0.0,0.0
2024-05-23 00:00:00-04:00,32.779998779296875,32.79999923706055,32.42900085449219,32.42900085449219,5700,0.0,0.0,0.0
2024-05-24 00:00:00-04:00,32.650001525878906,32.650001525878906,32.64899826049805,32.64899826049805,400,0.0,0.0,0.0
2024-05-28 00:00:00-04:00,32.689998626708984,32.75199890136719,32.689998626708984,32.75199890136719,400,0.0,0.0,0.0
2024-05-29 00:00:00-04:00,32.61000061035156,32.61000061035156,32.55799865722656,32.55799865722656,400,0.0,0.0,0.0
2024-05-30 00:00:00-04:00,32.38399887084961,32.38399887084961,32.22999954223633,32.262001037597656,1200,0.0,0.0,0.0
2024-05-31 00:00:00-04:00,32.30699920654297,32.30699920654297,32.30699920654297,32.30699920654297,200,0.0,0.0,0.0
2024-06-03 00:00:00-04:00,32.52000045776367,32.52000045776367,32.380001068115234,32.45000076293945,1200,0.0,0.0,0.0
2024-06-04 00:00:00-04:00,32.3650016784668,32.53900146484375,32.3650016784668,32.53900146484375,600,0.0,0.0,0.0
2024-06-05 00:00:00-04:00,32.880001068115234,33.0,32.880001068115234,33.0,800,0.0,0.0,0.0
2024-06-06 00:00:00-04:00,32.9900016784668,33.029998779296875,32.98899841308594,32.98899841308594,1500,0.0,0.0,0.0
2024-06-07 00:00:00-04:00,33.04999923706055,33.08000183105469,32.95000076293945,32.96900177001953,2300,0.0,0.0,0.0
2024-06-10 00:00:00-04:00,33.04999923706055,33.06399917602539,33.04999923706055,33.06399917602539,600,0.0,0.0,0.0
2024-06-11 00:00:00-04:00,33.012001037597656,33.242000579833984,33.012001037597656,33.242000579833984,700,0.0,0.0,0.0
2024-06-12 00:00:00-04:00,33.709999084472656,33.790000915527344,33.630001068115234,33.66400146484375,1300,0.0,0.0,0.0
2024-06-13 00:00:00-04:00,33.61000061035156,33.7599983215332,33.61000061035156,33.73500061035156,1700,0.0,0.0,0.0
2024-06-14 00:00:00-04:00,33.599998474121094,33.709999084472656,33.599998474121094,33.683998107910156,4600,0.0,0.0,0.0
2024-06-17 00:00:00-04:00,33.689998626708984,34.09700012207031,33.689998626708984,34.040000915527344,700,0.0,0.0,0.0
2024-06-18 00:00:00-04:00,33.9900016784668,34.040000915527344,33.9900016784668,34.034000396728516,1400,0.0,0.0,0.0
2024-06-20 00:00:00-04:00,34.040000915527344,34.04999923706055,33.880001068115234,33.90999984741211,1900,0.0,0.0,0.0
2024-06-21 00:00:00-04:00,33.94499969482422,33.94499969482422,33.92599868774414,33.92599868774414,600,0.0,0.0,0.0
2024-06-24 00:00:00-04:00,33.84000015258789,33.8650016784668,33.70000076293945,33.70000076293945,3600,0.0,0.0,0.0
2024-06-25 00:00:00-04:00,33.779998779296875,33.85100173950195,33.72999954223633,33.85100173950195,4300,0.0,0.0,0.0
2024-06-26 00:00:00-04:00,33.81999969482422,33.96900177001953,33.79999923706055,33.96900177001953,1400,0.0,0.0,0.0
2024-06-27 00:00:00-04:00,33.880001068115234,34.0,33.880001068115234,33.97999954223633,1500,0.0,0.0,0.0
2024-06-28 00:00:00-04:00,33.97999954223633,33.97999954223633,33.88100051879883,33.88100051879883,3300,0.0,0.0,0.0
2024-07-01 00:00:00-04:00,33.91999816894531,33.95199966430664,33.893001556396484,33.95199966430664,1300,0.0,0.0,0.0
2024-07-02 00:00:00-04:00,34.152000427246094,34.152000427246094,34.152000427246094,34.152000427246094,100,0.0,0.0,0.0
2024-07-03 00:00:00-04:00,34.3129997253418,34.3129997253418,34.3129997253418,34.3129997253418,100,0.0,0.0,0.0
2024-07-05 00:00:00-04:00,34.441001892089844,34.61000061035156,34.441001892089844,34.61000061035156,800,0.0,0.0,0.0
2024-07-08 00:00:00-04:00,34.58000183105469,34.65999984741211,34.58000183105469,34.65999984741211,2700,0.0,0.0,0.0
2024-07-09 00:00:00-04:00,34.7400016784668,34.7400016784668,34.6870002746582,34.6870002746582,3900,0.0,0.0,0.0
2024-07-10 00:00:00-04:00,35.0099983215332,35.05699920654297,35.0099983215332,35.05699920654297,1000,0.0,0.0,0.0
2024-07-11 00:00:00-04:00,35.082000732421875,35.082000732421875,34.59000015258789,34.62699890136719,12900,0.0,0.0,0.0
2024-07-12 00:00:00-04:00,34.95000076293945,35.106998443603516,34.849998474121094,34.87799835205078,1600,0.0,0.0,0.0
2024-07-15 00:00:00-04:00,34.8849983215332,34.93000030517578,34.779998779296875,34.869998931884766,1300,0.0,0.0,0.0
2024-07-16 00:00:00-04:00,34.97999954223633,35.14400100708008,34.97999954223633,35.14400100708008,3100,0.0,0.0,0.0
2024-07-17 00:00:00-04:00,34.66999816894531,34.66999816894531,34.41999816894531,34.45000076293945,4300,0.0,0.0,0.0
2024-07-18 00:00:00-04:00,34.45000076293945,34.45000076293945,34.060001373291016,34.060001373291016,2400,0.0,0.0,0.0
2024-07-19 00:00:00-04:00,34.09000015258789,34.1150016784668,33.849998474121094,33.849998474121094,1400,0.0,0.0,0.0
2024-07-22 00:00:00-04:00,34.17399978637695,34.31800079345703,34.17399978637695,34.31800079345703,1600,0.0,0.0,0.0
2024-07-23 00:00:00-04:00,34.33000183105469,34.41999816894531,34.20000076293945,34.20000076293945,4200,0.0,0.0,0.0
2024-07-24 00:00:00-04:00,33.48500061035156,33.48500061035156,33.23099899291992,33.23099899291992,3300,0.0,0.0,0.0
2024-07-25 00:00:00-04:00,33.402000427246094,33.402000427246094,32.97999954223633,32.98500061035156,2600,0.0,0.0,0.0
2024-07-26 00:00:00-04:00,33.279998779296875,33.43000030517578,33.27000045776367,33.3120002746582,7300,0.0,0.0,0.0
2024-07-29 00:00:00-04:00,33.525001525878906,33.54999923706055,33.4900016784668,33.529998779296875,1200,0.0,0.0,0.0
2024-07-30 00:00:00-04:00,33.20500183105469,33.24800109863281,33.11000061035156,33.24800109863281,7100,0.0,0.0,0.0
2024-07-31 00:00:00-04:00,33.970001220703125,33.970001220703125,33.82899856567383,33.82899856567383,500,0.0,0.0,0.0
2024-08-01 00:00:00-04:00,33.73500061035156,33.73500061035156,33.029998779296875,33.1879997253418,2200,0.0,0.0,0.0
2024-08-02 00:00:00-04:00,32.380001068115234,32.47999954223633,32.31999969482422,32.47999954223633,800,0.0,0.0,0.0
2024-08-05 00:00:00-04:00,31.440000534057617,31.569000244140625,31.440000534057617,31.569000244140625,900,0.0,0.0,0.0
2024-08-06 00:00:00-04:00,32.06999969482422,32.20000076293945,31.770000457763672,31.770000457763672,1600,0.0,0.0,0.0
2024-08-07 00:00:00-04:00,31.90999984741211,31.90999984741211,31.399999618530273,31.399999618530273,16800,0.0,0.0,0.0
2024-08-08 00:00:00-04:00,32.220001220703125,32.22999954223633,32.13999938964844,32.22999954223633,21100,0.0,0.0,0.0
2024-08-09 00:00:00-04:00,32.36000061035156,32.41600036621094,32.36000061035156,32.41600036621094,1800,0.0,0.0,0.0
2024-08-12 00:00:00-04:00,32.40999984741211,32.41999816894531,32.36000061035156,32.362998962402344,4300,0.0,0.0,0.0
2024-08-13 00:00:00-04:00,32.986000061035156,33.099998474121094,32.986000061035156,33.099998474121094,3000,0.0,0.0,0.0
2024-08-14 00:00:00-04:00,33.119998931884766,33.18899917602539,33.08000183105469,33.18899917602539,700,0.0,0.0,0.0
2024-08-15 00:00:00-04:00,33.7400016784668,33.84000015258789,33.7400016784668,33.83399963378906,1100,0.0,0.0,0.0
2024-08-16 00:00:00-04:00,33.95399856567383,33.95399856567383,33.90999984741211,33.91999816894531,1200,0.0,0.0,0.0
2024-08-19 00:00:00-04:00,34.040000915527344,34.470001220703125,34.040000915527344,34.303001403808594,13100,0.0,0.0,0.0
2024-08-20 00:00:00-04:00,34.22999954223633,34.34000015258789,34.22999954223633,34.32400131225586,4100,0.0,0.0,0.0
2024-08-21 00:00:00-04:00,34.481998443603516,34.51599884033203,34.459999084472656,34.51599884033203,4700,0.0,0.0,0.0
2024-08-22 00:00:00-04:00,34.369998931884766,34.369998931884766,33.99399948120117,33.99399948120117,700,0.0,0.0,0.0
2024-08-23 00:00:00-04:00,34.349998474121094,34.47600173950195,34.349998474121094,34.47600173950195,400,0.0,0.0,0.0
2024-08-26 00:00:00-04:00,34.487998962402344,34.487998962402344,34.22600173950195,34.22600173950195,600,0.0,0.0,0.0
2024-08-27 00:00:00-04:00,34.27000045776367,34.29800033569336,34.27000045776367,34.29800033569336,600,0.0,0.0,0.0
2024-08-28 00:00:00-04:00,34.084999084472656,34.0989990234375,33.83000183105469,34.05400085449219,1300,0.0,0.0,0.0
2024-08-29 00:00:00-04:00,34.08700180053711,34.08700180053711,33.97600173950195,34.01900100708008,3000,0.0,0.0,0.0
2024-08-30 00:00:00-04:00,34.03499984741211,34.332000732421875,34.03499984741211,34.332000732421875,1100,0.0,0.0,0.0
2024-09-03 00:00:00-04:00,33.84000015258789,33.84000015258789,33.44200134277344,33.516998291015625,22500,0.0,0.0,0.0
2024-09-04 00:00:00-04:00,33.310001373291016,33.52000045776367,33.310001373291016,33.50400161743164,3600,0.0,0.0,0.0
2024-09-05 00:00:00-04:00,33.57500076293945,33.57500076293945,33.48699951171875,33.48699951171875,2400,0.0,0.0,0.0
2024-09-06 00:00:00-04:00,32.9900016784668,32.9900016784668,32.86000061035156,32.90999984741211,1100,0.0,0.0,0.0
2024-09-09 00:00:00-04:00,33.18000030517578,33.23500061035156,33.18000030517578,33.23500061035156,200,0.0,0.0,0.0
2024-09-10 00:00:00-04:00,33.52000045776367,33.54100036621094,33.5099983215332,33.54100036621094,700,0.0,0.0,0.0
2024-09-11 00:00:00-04:00,33.84000015258789,34.02000045776367,33.810001373291016,34.02000045776367,800,0.0,0.0,0.0
2024-09-12 00:00:00-04:00,34.18000030517578,34.36800003051758,34.18000030517578,34.36000061035156,800,0.0,0.0,0.0
2024-09-13 00:00:00-04:00,34.5,34.584999084472656,34.5,34.584999084472656,4000,0.0,0.0,0.0
2024-09-16 00:00:00-04:00,34.400001525878906,34.56399917602539,34.38999938964844,34.56399917602539,2400,0.0,0.0,0.0
2024-09-17 00:00:00-04:00,34.56999969482422,34.56999969482422,34.40999984741211,34.481998443603516,1400,0.0,0.0,0.0
2024-09-18 00:00:00-04:00,34.47999954223633,34.4900016784668,34.340999603271484,34.340999603271484,600,0.0,0.0,0.0
2024-09-19 00:00:00-04:00,35.09299850463867,35.09299850463867,35.0099983215332,35.01300048828125,1200,0.0,0.0,0.0
2024-09-20 00:00:00-04:00,34.970001220703125,35.04399871826172,34.970001220703125,35.04399871826172,1400,0.0,0.0,0.0
2024-09-23 00:00:00-04:00,35.0,35.07600021362305,35.0,35.07600021362305,1500,0.0,0.0,0.0
2024-09-24 00:00:00-04:00,35.2599983215332,35.290000915527344,35.2599983215332,35.290000915527344,900,0.0,0.0,0.0
2024-09-25 00:00:00-04:00,35.270999908447266,35.270999908447266,35.26499938964844,35.26499938964844,200,0.0,0.0,0.0
2024-09-26 00:00:00-04:00,35.369998931884766,35.516998291015625,35.36000061035156,35.516998291015625,4300,0.0,0.0,0.0
2024-09-27 00:00:00-04:00,35.38999938964844,35.38999938964844,35.31999969482422,35.374000549316406,3800,0.0,0.0,0.0
2024-09-30 00:00:00-04:00,35.189998626708984,35.439998626708984,35.189998626708984,35.439998626708984,2200,0.0,0.0,0.0
2024-10-01 00:00:00-04:00,34.84000015258789,35.09000015258789,34.84000015258789,35.0,6200,0.0,0.0,0.0
2024-10-02 00:00:00-04:00,34.9900016784668,35.0099983215332,34.9900016784668,34.992000579833984,4300,0.0,0.0,0.0
2024-10-03 00:00:00-04:00,34.90999984741211,34.90999984741211,34.7400016784668,34.819000244140625,1900,0.0,0.0,0.0
2024-10-04 00:00:00-04:00,35.0,35.138999938964844,34.90999984741211,35.138999938964844,3500,0.0,0.0,0.0
2024-10-07 00:00:00-04:00,34.970001220703125,34.970001220703125,34.7599983215332,34.86000061035156,17900,0.0,0.0,0.0
2024-10-08 00:00:00-04:00,35.125,35.25299835205078,35.125,35.25299835205078,5300,0.0,0.0,0.0
2024-10-09 00:00:00-04:00,35.4900016784668,35.5369987487793,35.380001068115234,35.5369987487793,1700,0.0,0.0,0.0
2024-10-10 00:00:00-04:00,35.400001525878906,35.439998626708984,35.33000183105469,35.409000396728516,3400,0.0,0.0,0.0
2024-10-11 00:00:00-04:00,35.34000015258789,35.5099983215332,35.34000015258789,35.47999954223633,2200,0.0,0.0,0.0
2024-10-14 00:00:00-04:00,35.61000061035156,35.779998779296875,35.61000061035156,35.76100158691406,1200,0.0,0.0,0.0
2024-10-15 00:00:00-04:00,35.880001068115234,35.880001068115234,35.47700119018555,35.47700119018555,1300,0.0,0.0,0.0
2024-10-16 00:00:00-04:00,35.5,35.54999923706055,35.5,35.54499816894531,800,0.0,0.0,0.0
2024-10-17 00:00:00-04:00,35.58000183105469,35.58000183105469,35.529998779296875,35.529998779296875,2300,0.0,0.0,0.0
2024-10-18 00:00:00-04:00,35.630001068115234,35.64799880981445,35.630001068115234,35.64799880981445,1700,0.0,0.0,0.0
2024-10-21 00:00:00-04:00,35.599998474121094,35.599998474121094,35.529998779296875,35.551998138427734,800,0.0,0.0,0.0
2024-10-22 00:00:00-04:00,35.53300094604492,35.66899871826172,35.53300094604492,35.61199951171875,1400,0.0,0.0,0.0
2024-10-23 00:00:00-04:00,35.36000061035156,35.41999816894531,35.130001068115234,35.18600082397461,1600,0.0,0.0,0.0
2024-10-24 00:00:00-04:00,35.36000061035156,35.45399856567383,35.36000061035156,35.45399856567383,2300,0.0,0.0,0.0
2024-10-25 00:00:00-04:00,35.619998931884766,35.79499816894531,35.48699951171875,35.48699951171875,1400,0.0,0.0,0.0
2024-10-28 00:00:00-04:00,35.6349983215332,35.6349983215332,35.53799819946289,35.53799819946289,1600,0.0,0.0,0.0
2024-10-29 00:00:00-04:00,35.38999938964844,35.7599983215332,35.38999938964844,35.71099853515625,1600,0.0,0.0,0.0
2024-10-30 00:00:00-04:00,35.529998779296875,35.630001068115234,35.483001708984375,35.483001708984375,1200,0.0,0.0,0.0
2024-10-31 00:00:00-04:00,34.89899826049805,35.0099983215332,34.88800048828125,34.88800048828125,1300,0.0,0.0,0.0
2024-11-01 00:00:00-04:00,35.0099983215332,35.15399932861328,35.0099983215332,35.03300094604492,1200,0.0,0.0,0.0
2024-11-04 00:00:00-05:00,34.959999084472656,35.02000045776367,34.90999984741211,34.94300079345703,3600,0.0,0.0,0.0
2024-11-05 00:00:00-05:00,35.27799987792969,35.34000015258789,35.27799987792969,35.34000015258789,700,0.0,0.0,0.0
2024-11-06 00:00:00-05:00,35.95000076293945,35.959999084472656,35.95000076293945,35.95199966430664,1100,0.0,0.0,0.0
2024-11-07 00:00:00-05:00,36.266998291015625,36.52000045776367,36.266998291015625,36.457000732421875,3100,0.0,0.0,0.0
2024-11-08 00:00:00-05:00,36.52000045776367,36.58000183105469,36.5099983215332,36.54800033569336,1500,0.0,0.0,0.0
2024-11-11 00:00:00-05:00,36.47999954223633,36.54999923706055,36.43000030517578,36.54199981689453,1900,0.0,0.0,0.0
2024-11-12 00:00:00-05:00,36.380001068115234,36.380001068115234,36.32400131225586,36.32400131225586,600,0.0,0.0,0.0
2024-11-13 00:00:00-05:00,36.31999969482422,36.33000183105469,36.263999938964844,36.263999938964844,1500,0.0,0.0,0.0
2024-11-14 00:00:00-05:00,36.099998474121094,36.099998474121094,35.99300003051758,35.99300003051758,1300,0.0,0.0,0.0
2024-11-15 00:00:00-05:00,35.66999816894531,35.66999816894531,35.29399871826172,35.36399841308594,4500,0.0,0.0,0.0
2024-11-18 00:00:00-05:00,35.5,35.58000183105469,35.5,35.564998626708984,2900,0.0,0.0,0.0
2024-11-19 00:00:00-05:00,35.369998931884766,35.731998443603516,35.369998931884766,35.731998443603516,7000,0.0,0.0,0.0
2024-11-20 00:00:00-05:00,35.619998931884766,35.81999969482422,35.619998931884766,35.81999969482422,800,0.0,0.0,0.0
2024-11-21 00:00:00-05:00,36.119998931884766,36.130001068115234,36.05099868774414,36.05099868774414,2000,0.0,0.0,0.0
2024-11-22 00:00:00-05:00,36.21500015258789,36.21500015258789,36.130001068115234,36.19499969482422,2800,0.0,0.0,0.0
2024-11-25 00:00:00-05:00,36.23500061035156,36.23500061035156,36.16999816894531,36.233001708984375,1800,0.0,0.0,0.0
2024-11-26 00:00:00-05:00,36.32500076293945,36.387001037597656,36.32500076293945,36.387001037597656,1800,0.0,0.0,0.0
2024-11-27 00:00:00-05:00,36.19300079345703,36.22999954223633,36.19300079345703,36.20399856567383,1300,0.0,0.0,0.0
2024-11-29 00:00:00-05:00,36.349998474121094,36.529998779296875,36.349998474121094,36.48500061035156,1000,0.0,0.0,0.0
