Date,Open,High,Low,Close,Volume,Dividends,Stock Splits
2021-05-10 00:00:00-04:00,9.90999984741211,9.90999984741211,9.800000190734863,9.800000190734863,17700,0.0,0.0
2021-05-11 00:00:00-04:00,9.996999740600586,10.0,9.800000190734863,9.996999740600586,6000,0.0,0.0
2021-05-12 00:00:00-04:00,9.800000190734863,9.819999694824219,9.755000114440918,9.755000114440918,12700,0.0,0.0
2021-05-13 00:00:00-04:00,9.760000228881836,9.770000457763672,9.75,9.770000457763672,14500,0.0,0.0
2021-05-14 00:00:00-04:00,9.789999961853027,9.789999961853027,9.75,9.75,18100,0.0,0.0
2021-05-17 00:00:00-04:00,9.630000114440918,9.630000114440918,9.630000114440918,9.630000114440918,300,0.0,0.0
2021-05-18 00:00:00-04:00,9.75,9.75,9.75,9.75,300,0.0,0.0
2021-05-19 00:00:00-04:00,9.75,9.75,9.75,9.75,200,0.0,0.0
2021-05-20 00:00:00-04:00,9.75,9.75,9.600000381469727,9.675000190734863,1900,0.0,0.0
2021-05-21 00:00:00-04:00,9.675000190734863,9.675000190734863,9.675000190734863,9.675000190734863,0,0.0,0.0
2021-05-24 00:00:00-04:00,9.675000190734863,9.675000190734863,9.675000190734863,9.675000190734863,0,0.0,0.0
2021-05-25 00:00:00-04:00,9.675000190734863,9.675000190734863,9.675000190734863,9.675000190734863,0,0.0,0.0
2021-05-26 00:00:00-04:00,10.003000259399414,10.109999656677246,9.789999961853027,9.960000038146973,10900,0.0,0.0
2021-05-27 00:00:00-04:00,9.960000038146973,9.960000038146973,9.960000038146973,9.960000038146973,0,0.0,0.0
2021-05-28 00:00:00-04:00,9.960000038146973,9.960000038146973,9.960000038146973,9.960000038146973,0,0.0,0.0
2021-06-01 00:00:00-04:00,9.800000190734863,9.800000190734863,9.630000114440918,9.630000114440918,500,0.0,0.0
2021-06-02 00:00:00-04:00,9.630000114440918,9.630000114440918,9.630000114440918,9.630000114440918,0,0.0,0.0
2021-06-03 00:00:00-04:00,9.635000228881836,9.729999542236328,9.619999885559082,9.630000114440918,8800,0.0,0.0
2021-06-04 00:00:00-04:00,9.630000114440918,9.630000114440918,9.630000114440918,9.630000114440918,1600,0.0,0.0
2021-06-07 00:00:00-04:00,9.640000343322754,9.640000343322754,9.640000343322754,9.640000343322754,1300,0.0,0.0
2021-06-08 00:00:00-04:00,9.699999809265137,9.699999809265137,9.625,9.640000343322754,37300,0.0,0.0
2021-06-09 00:00:00-04:00,9.6899995803833,9.6899995803833,9.630000114440918,9.640000343322754,6800,0.0,0.0
2021-06-10 00:00:00-04:00,9.649999618530273,9.680000305175781,9.619999885559082,9.640000343322754,134400,0.0,0.0
2021-06-11 00:00:00-04:00,9.600000381469727,9.65999984741211,9.600000381469727,9.630000114440918,34400,0.0,0.0
2021-06-14 00:00:00-04:00,9.649999618530273,9.649999618530273,9.609999656677246,9.630000114440918,256800,0.0,0.0
2021-06-15 00:00:00-04:00,9.649999618530273,9.65999984741211,9.649999618530273,9.65999984741211,104400,0.0,0.0
2021-06-16 00:00:00-04:00,9.675000190734863,9.680000305175781,9.649999618530273,9.680000305175781,4800,0.0,0.0
2021-06-17 00:00:00-04:00,9.680000305175781,9.680000305175781,9.680000305175781,9.680000305175781,1700,0.0,0.0
2021-06-18 00:00:00-04:00,9.649999618530273,9.680000305175781,9.649999618530273,9.680000305175781,1600,0.0,0.0
2021-06-21 00:00:00-04:00,9.680000305175781,9.680000305175781,9.630000114440918,9.670000076293945,35200,0.0,0.0
2021-06-22 00:00:00-04:00,9.670000076293945,9.6899995803833,9.65999984741211,9.6899995803833,3100,0.0,0.0
2021-06-23 00:00:00-04:00,9.680000305175781,9.6899995803833,9.649999618530273,9.6899995803833,16700,0.0,0.0
2021-06-24 00:00:00-04:00,9.6899995803833,9.6899995803833,9.640000343322754,9.649999618530273,3700,0.0,0.0
2021-06-25 00:00:00-04:00,9.65999984741211,9.720000267028809,9.65999984741211,9.720000267028809,4700,0.0,0.0
2021-06-28 00:00:00-04:00,9.670000076293945,9.670000076293945,9.630000114440918,9.649999618530273,14000,0.0,0.0
2021-06-29 00:00:00-04:00,9.640000343322754,9.680000305175781,9.619999885559082,9.65999984741211,276700,0.0,0.0
2021-06-30 00:00:00-04:00,9.649999618530273,9.649999618530273,9.649999618530273,9.649999618530273,2100,0.0,0.0
2021-07-01 00:00:00-04:00,9.649999618530273,9.649999618530273,9.649999618530273,9.649999618530273,0,0.0,0.0
2021-07-02 00:00:00-04:00,9.649999618530273,9.649999618530273,9.649999618530273,9.649999618530273,0,0.0,0.0
2021-07-06 00:00:00-04:00,9.649999618530273,9.65999984741211,9.649999618530273,9.65999984741211,43200,0.0,0.0
2021-07-07 00:00:00-04:00,9.640000343322754,9.65999984741211,9.630000114440918,9.640000343322754,49600,0.0,0.0
2021-07-08 00:00:00-04:00,9.654999732971191,9.65999984741211,9.640000343322754,9.65999984741211,4600,0.0,0.0
2021-07-09 00:00:00-04:00,9.699999809265137,9.699999809265137,9.699999809265137,9.699999809265137,6000,0.0,0.0
2021-07-12 00:00:00-04:00,9.630000114440918,9.720000267028809,9.630000114440918,9.720000267028809,6200,0.0,0.0
2021-07-13 00:00:00-04:00,9.701000213623047,9.753999710083008,9.66100025177002,9.692000389099121,1200,0.0,0.0
2021-07-14 00:00:00-04:00,9.744999885559082,9.755000114440918,9.65999984741211,9.65999984741211,2900,0.0,0.0
2021-07-15 00:00:00-04:00,9.680000305175781,9.680000305175781,9.680000305175781,9.680000305175781,400,0.0,0.0
2021-07-16 00:00:00-04:00,9.680000305175781,9.680000305175781,9.680000305175781,9.680000305175781,100,0.0,0.0
2021-07-19 00:00:00-04:00,9.65999984741211,9.65999984741211,9.65999984741211,9.65999984741211,600,0.0,0.0
2021-07-20 00:00:00-04:00,9.649999618530273,9.649999618530273,9.619999885559082,9.619999885559082,3300,0.0,0.0
2021-07-21 00:00:00-04:00,9.625,9.630000114440918,9.619999885559082,9.630000114440918,4200,0.0,0.0
2021-07-22 00:00:00-04:00,9.630000114440918,9.630000114440918,9.630000114440918,9.630000114440918,100,0.0,0.0
2021-07-23 00:00:00-04:00,9.640000343322754,9.789999961853027,9.637999534606934,9.789999961853027,2800,0.0,0.0
2021-07-26 00:00:00-04:00,9.649999618530273,9.65999984741211,9.638999938964844,9.640000343322754,8000,0.0,0.0
2021-07-27 00:00:00-04:00,9.640000343322754,9.640000343322754,9.640000343322754,9.640000343322754,2500,0.0,0.0
2021-07-28 00:00:00-04:00,9.640000343322754,9.640000343322754,9.640000343322754,9.640000343322754,0,0.0,0.0
2021-07-29 00:00:00-04:00,9.640000343322754,9.640000343322754,9.630000114440918,9.630000114440918,19100,0.0,0.0
2021-07-30 00:00:00-04:00,9.65999984741211,9.65999984741211,9.630000114440918,9.630000114440918,8100,0.0,0.0
2021-08-02 00:00:00-04:00,9.645000457763672,9.680000305175781,9.645000457763672,9.680000305175781,29000,0.0,0.0
2021-08-03 00:00:00-04:00,9.680000305175781,9.680000305175781,9.630000114440918,9.630000114440918,18100,0.0,0.0
2021-08-04 00:00:00-04:00,9.654999732971191,9.65999984741211,9.630000114440918,9.65999984741211,238800,0.0,0.0
2021-08-05 00:00:00-04:00,9.630000114440918,9.670000076293945,9.630000114440918,9.670000076293945,4700,0.0,0.0
2021-08-06 00:00:00-04:00,9.670000076293945,9.670000076293945,9.670000076293945,9.670000076293945,0,0.0,0.0
2021-08-09 00:00:00-04:00,9.649999618530273,9.649999618530273,9.649999618530273,9.649999618530273,400,0.0,0.0
2021-08-10 00:00:00-04:00,9.649999618530273,9.649999618530273,9.649999618530273,9.649999618530273,0,0.0,0.0
2021-08-11 00:00:00-04:00,9.670000076293945,9.670000076293945,9.670000076293945,9.670000076293945,200,0.0,0.0
2021-08-12 00:00:00-04:00,9.640000343322754,9.694999694824219,9.640000343322754,9.694999694824219,1387700,0.0,0.0
2021-08-13 00:00:00-04:00,9.664999961853027,9.680000305175781,9.664999961853027,9.680000305175781,300,0.0,0.0
2021-08-16 00:00:00-04:00,9.640000343322754,9.699999809265137,9.640000343322754,9.680000305175781,7100,0.0,0.0
2021-08-17 00:00:00-04:00,9.630000114440918,9.649999618530273,9.630000114440918,9.649999618530273,6600,0.0,0.0
2021-08-18 00:00:00-04:00,9.649999618530273,9.649999618530273,9.649999618530273,9.649999618530273,0,0.0,0.0
2021-08-19 00:00:00-04:00,9.649999618530273,9.649999618530273,9.649999618530273,9.649999618530273,0,0.0,0.0
2021-08-20 00:00:00-04:00,9.649999618530273,9.649999618530273,9.630000114440918,9.640000343322754,125600,0.0,0.0
2021-08-23 00:00:00-04:00,9.619999885559082,9.630000114440918,9.619999885559082,9.630000114440918,1400,0.0,0.0
2021-08-24 00:00:00-04:00,9.630000114440918,9.630000114440918,9.630000114440918,9.630000114440918,0,0.0,0.0
2021-08-25 00:00:00-04:00,9.630000114440918,9.630000114440918,9.630000114440918,9.630000114440918,0,0.0,0.0
2021-08-26 00:00:00-04:00,9.640000343322754,9.640000343322754,9.640000343322754,9.640000343322754,200,0.0,0.0
2021-08-27 00:00:00-04:00,9.630000114440918,9.630000114440918,9.630000114440918,9.630000114440918,100,0.0,0.0
2021-08-30 00:00:00-04:00,9.630000114440918,9.630000114440918,9.630000114440918,9.630000114440918,0,0.0,0.0
2021-08-31 00:00:00-04:00,9.630000114440918,9.630000114440918,9.630000114440918,9.630000114440918,0,0.0,0.0
2021-09-01 00:00:00-04:00,9.630000114440918,9.630000114440918,9.630000114440918,9.630000114440918,0,0.0,0.0
2021-09-02 00:00:00-04:00,9.630000114440918,9.630000114440918,9.630000114440918,9.630000114440918,4700,0.0,0.0
2021-09-03 00:00:00-04:00,9.630000114440918,9.670000076293945,9.630000114440918,9.670000076293945,400,0.0,0.0
2021-09-07 00:00:00-04:00,9.651000022888184,9.651000022888184,9.651000022888184,9.651000022888184,200,0.0,0.0
2021-09-08 00:00:00-04:00,9.651000022888184,9.651000022888184,9.651000022888184,9.651000022888184,0,0.0,0.0
2021-09-09 00:00:00-04:00,9.651000022888184,9.651000022888184,9.651000022888184,9.651000022888184,0,0.0,0.0
2021-09-10 00:00:00-04:00,9.65999984741211,9.66100025177002,9.65999984741211,9.65999984741211,1000,0.0,0.0
2021-09-13 00:00:00-04:00,9.666000366210938,9.680000305175781,9.65999984741211,9.664999961853027,31200,0.0,0.0
2021-09-14 00:00:00-04:00,9.65999984741211,9.670000076293945,9.65999984741211,9.670000076293945,1200,0.0,0.0
2021-09-15 00:00:00-04:00,9.656999588012695,9.670000076293945,9.656999588012695,9.670000076293945,2700,0.0,0.0
2021-09-16 00:00:00-04:00,9.65999984741211,9.680000305175781,9.649999618530273,9.670000076293945,5100,0.0,0.0
2021-09-17 00:00:00-04:00,9.6899995803833,9.720000267028809,9.65999984741211,9.720000267028809,30900,0.0,0.0
2021-09-20 00:00:00-04:00,9.670000076293945,9.711999893188477,9.65999984741211,9.699999809265137,8200,0.0,0.0
2021-09-21 00:00:00-04:00,9.670000076293945,9.699999809265137,9.670000076293945,9.699999809265137,1200,0.0,0.0
2021-09-22 00:00:00-04:00,9.649999618530273,9.699999809265137,9.649999618530273,9.699999809265137,7100,0.0,0.0
2021-09-23 00:00:00-04:00,9.699999809265137,9.699999809265137,9.699999809265137,9.699999809265137,0,0.0,0.0
2021-09-24 00:00:00-04:00,9.670000076293945,9.699999809265137,9.670000076293945,9.6899995803833,31300,0.0,0.0
2021-09-27 00:00:00-04:00,9.6899995803833,9.6899995803833,9.6899995803833,9.6899995803833,0,0.0,0.0
2021-09-28 00:00:00-04:00,9.6899995803833,9.6899995803833,9.6899995803833,9.6899995803833,0,0.0,0.0
2021-09-29 00:00:00-04:00,9.699999809265137,9.706999778747559,9.699999809265137,9.704999923706055,1500,0.0,0.0
2021-09-30 00:00:00-04:00,9.699999809265137,9.720000267028809,9.680000305175781,9.710000038146973,53800,0.0,0.0
2021-10-01 00:00:00-04:00,9.699999809265137,9.720000267028809,9.699999809265137,9.699999809265137,17300,0.0,0.0
2021-10-04 00:00:00-04:00,9.770000457763672,9.829999923706055,9.699999809265137,9.710000038146973,36100,0.0,0.0
2021-10-05 00:00:00-04:00,9.710000038146973,9.710000038146973,9.710000038146973,9.710000038146973,0,0.0,0.0
2021-10-06 00:00:00-04:00,9.710000038146973,9.739999771118164,9.710000038146973,9.739999771118164,25200,0.0,0.0
2021-10-07 00:00:00-04:00,9.755000114440918,9.755000114440918,9.704999923706055,9.720000267028809,2300,0.0,0.0
2021-10-08 00:00:00-04:00,9.720000267028809,9.829999923706055,9.720000267028809,9.829999923706055,1100,0.0,0.0
2021-10-11 00:00:00-04:00,9.829999923706055,9.829999923706055,9.829999923706055,9.829999923706055,0,0.0,0.0
2021-10-12 00:00:00-04:00,9.829999923706055,9.829999923706055,9.829999923706055,9.829999923706055,0,0.0,0.0
2021-10-13 00:00:00-04:00,9.829999923706055,9.829999923706055,9.829999923706055,9.829999923706055,0,0.0,0.0
2021-10-14 00:00:00-04:00,9.739999771118164,9.739999771118164,9.710000038146973,9.710000038146973,3500,0.0,0.0
2021-10-15 00:00:00-04:00,9.710000038146973,9.710000038146973,9.710000038146973,9.710000038146973,0,0.0,0.0
2021-10-18 00:00:00-04:00,9.710000038146973,9.710000038146973,9.710000038146973,9.710000038146973,900,0.0,0.0
2021-10-19 00:00:00-04:00,9.710000038146973,9.739999771118164,9.710000038146973,9.720000267028809,24800,0.0,0.0
2021-10-20 00:00:00-04:00,9.720000267028809,9.720000267028809,9.720000267028809,9.720000267028809,0,0.0,0.0
2021-10-21 00:00:00-04:00,9.720000267028809,9.720000267028809,9.710000038146973,9.710000038146973,8500,0.0,0.0
2021-10-22 00:00:00-04:00,9.710000038146973,9.710000038146973,9.710000038146973,9.710000038146973,600,0.0,0.0
2021-10-25 00:00:00-04:00,9.720000267028809,9.770000457763672,9.699999809265137,9.770000457763672,40800,0.0,0.0
2021-10-26 00:00:00-04:00,9.75,9.770000457763672,9.75,9.770000457763672,900,0.0,0.0
2021-10-27 00:00:00-04:00,9.720000267028809,9.76200008392334,9.720000267028809,9.760000228881836,2000,0.0,0.0
2021-10-28 00:00:00-04:00,9.760000228881836,9.779999732971191,9.760000228881836,9.779999732971191,7200,0.0,0.0
2021-10-29 00:00:00-04:00,9.800000190734863,9.800000190734863,9.75,9.75,20100,0.0,0.0
2021-11-01 00:00:00-04:00,9.755000114440918,9.800000190734863,9.755000114440918,9.789999961853027,24600,0.0,0.0
2021-11-02 00:00:00-04:00,9.789999961853027,9.789999961853027,9.789999961853027,9.789999961853027,0,0.0,0.0
2021-11-03 00:00:00-04:00,9.75,9.75,9.75,9.75,2100,0.0,0.0
2021-11-04 00:00:00-04:00,9.75,9.75,9.75,9.75,0,0.0,0.0
2021-11-05 00:00:00-04:00,9.729999542236328,9.75,9.729999542236328,9.75,600,0.0,0.0
2021-11-08 00:00:00-05:00,9.739999771118164,9.75,9.739999771118164,9.75,12900,0.0,0.0
2021-11-09 00:00:00-05:00,9.760000228881836,9.779999732971191,9.729999542236328,9.729999542236328,5100,0.0,0.0
2021-11-10 00:00:00-05:00,9.720000267028809,9.720000267028809,9.720000267028809,9.720000267028809,300,0.0,0.0
2021-11-11 00:00:00-05:00,9.729999542236328,9.75,9.710000038146973,9.729999542236328,19100,0.0,0.0
2021-11-12 00:00:00-05:00,9.720000267028809,9.739999771118164,9.720000267028809,9.729999542236328,28700,0.0,0.0
2021-11-15 00:00:00-05:00,9.720000267028809,9.739999771118164,9.720000267028809,9.739999771118164,4700,0.0,0.0
2021-11-16 00:00:00-05:00,9.770000457763672,9.770000457763672,9.770000457763672,9.770000457763672,2600,0.0,0.0
2021-11-17 00:00:00-05:00,9.729999542236328,9.739999771118164,9.670000076293945,9.739999771118164,109400,0.0,0.0
2021-11-18 00:00:00-05:00,9.739999771118164,9.739999771118164,9.739999771118164,9.739999771118164,0,0.0,0.0
2021-11-19 00:00:00-05:00,9.699999809265137,9.729999542236328,9.699999809265137,9.729999542236328,1200,0.0,0.0
2021-11-22 00:00:00-05:00,9.720000267028809,9.729999542236328,9.720000267028809,9.729999542236328,108600,0.0,0.0
2021-11-23 00:00:00-05:00,9.720000267028809,9.739999771118164,9.720000267028809,9.739999771118164,10900,0.0,0.0
2021-11-24 00:00:00-05:00,9.739999771118164,9.739999771118164,9.739999771118164,9.739999771118164,0,0.0,0.0
2021-11-26 00:00:00-05:00,9.720000267028809,9.739999771118164,9.720000267028809,9.739999771118164,14800,0.0,0.0
2021-11-29 00:00:00-05:00,9.739999771118164,9.739999771118164,9.739999771118164,9.739999771118164,0,0.0,0.0
2021-11-30 00:00:00-05:00,9.739999771118164,9.739999771118164,9.739999771118164,9.739999771118164,100,0.0,0.0
2021-12-01 00:00:00-05:00,9.729999542236328,9.739999771118164,9.729999542236328,9.739999771118164,8500,0.0,0.0
2021-12-02 00:00:00-05:00,9.739999771118164,9.739999771118164,9.739999771118164,9.739999771118164,0,0.0,0.0
2021-12-03 00:00:00-05:00,9.739999771118164,9.739999771118164,9.739999771118164,9.739999771118164,0,0.0,0.0
2021-12-06 00:00:00-05:00,9.729999542236328,9.765000343322754,9.729999542236328,9.75,15000,0.0,0.0
2021-12-07 00:00:00-05:00,9.75,9.75,9.75,9.75,0,0.0,0.0
2021-12-08 00:00:00-05:00,9.760000228881836,9.760000228881836,9.760000228881836,9.760000228881836,500,0.0,0.0
2021-12-09 00:00:00-05:00,9.75,9.75,9.736000061035156,9.75,1400,0.0,0.0
2021-12-10 00:00:00-05:00,9.729999542236328,9.75,9.729999542236328,9.75,28100,0.0,0.0
2021-12-13 00:00:00-05:00,9.789999961853027,9.789999961853027,9.789999961853027,9.789999961853027,700,0.0,0.0
2021-12-14 00:00:00-05:00,9.789999961853027,9.8100004196167,9.789999961853027,9.8100004196167,12900,0.0,0.0
2021-12-15 00:00:00-05:00,9.8100004196167,9.8100004196167,9.8100004196167,9.8100004196167,700,0.0,0.0
2021-12-16 00:00:00-05:00,9.770000457763672,9.789999961853027,9.770000457763672,9.789999961853027,700,0.0,0.0
2021-12-17 00:00:00-05:00,9.75,9.8100004196167,9.699999809265137,9.779999732971191,1300,0.0,0.0
2021-12-20 00:00:00-05:00,9.779999732971191,9.779999732971191,9.779999732971191,9.779999732971191,0,0.0,0.0
2021-12-21 00:00:00-05:00,9.779999732971191,9.779999732971191,9.779999732971191,9.779999732971191,0,0.0,0.0
2021-12-22 00:00:00-05:00,9.779999732971191,9.779999732971191,9.779999732971191,9.779999732971191,75000,0.0,0.0
2021-12-23 00:00:00-05:00,9.779999732971191,9.779999732971191,9.779999732971191,9.779999732971191,0,0.0,0.0
2021-12-27 00:00:00-05:00,9.739999771118164,9.819999694824219,9.739999771118164,9.800000190734863,10100,0.0,0.0
2021-12-28 00:00:00-05:00,9.800000190734863,9.800000190734863,9.800000190734863,9.800000190734863,0,0.0,0.0
2021-12-29 00:00:00-05:00,9.800000190734863,9.800000190734863,9.800000190734863,9.800000190734863,0,0.0,0.0
2021-12-30 00:00:00-05:00,9.800000190734863,9.800000190734863,9.800000190734863,9.800000190734863,0,0.0,0.0
2021-12-31 00:00:00-05:00,9.710000038146973,9.789999961853027,9.699999809265137,9.789999961853027,6300,0.0,0.0
2022-01-03 00:00:00-05:00,9.739999771118164,9.8100004196167,9.729999542236328,9.729999542236328,355500,0.0,0.0
2022-01-04 00:00:00-05:00,9.770000457763672,9.789999961853027,9.720000267028809,9.770000457763672,217900,0.0,0.0
2022-01-05 00:00:00-05:00,9.770000457763672,9.779999732971191,9.760000228881836,9.779999732971191,11600,0.0,0.0
2022-01-06 00:00:00-05:00,9.770000457763672,9.78499984741211,9.770000457763672,9.78499984741211,1700,0.0,0.0
2022-01-07 00:00:00-05:00,9.770000457763672,9.819999694824219,9.75,9.819999694824219,5900,0.0,0.0
2022-01-10 00:00:00-05:00,9.789999961853027,9.800000190734863,9.789999961853027,9.800000190734863,3900,0.0,0.0
2022-01-11 00:00:00-05:00,9.800000190734863,9.800000190734863,9.800000190734863,9.800000190734863,0,0.0,0.0
2022-01-12 00:00:00-05:00,9.760000228881836,9.760000228881836,9.760000228881836,9.760000228881836,100,0.0,0.0
2022-01-13 00:00:00-05:00,9.75,9.75,9.729999542236328,9.729999542236328,8800,0.0,0.0
2022-01-14 00:00:00-05:00,9.729999542236328,9.729999542236328,9.729999542236328,9.729999542236328,0,0.0,0.0
2022-01-18 00:00:00-05:00,9.710000038146973,9.720000267028809,9.699999809265137,9.699999809265137,5400,0.0,0.0
2022-01-19 00:00:00-05:00,9.699999809265137,9.699999809265137,9.699999809265137,9.699999809265137,0,0.0,0.0
2022-01-20 00:00:00-05:00,9.699999809265137,9.699999809265137,9.699999809265137,9.699999809265137,0,0.0,0.0
2022-01-21 00:00:00-05:00,9.699999809265137,9.699999809265137,9.699999809265137,9.699999809265137,0,0.0,0.0
2022-01-24 00:00:00-05:00,9.699999809265137,9.699999809265137,9.699999809265137,9.699999809265137,0,0.0,0.0
2022-01-25 00:00:00-05:00,9.65999984741211,9.699999809265137,9.65999984741211,9.699999809265137,4200,0.0,0.0
2022-01-26 00:00:00-05:00,9.699999809265137,9.699999809265137,9.699999809265137,9.699999809265137,0,0.0,0.0
2022-01-27 00:00:00-05:00,9.670000076293945,9.670000076293945,9.670000076293945,9.670000076293945,200,0.0,0.0
2022-01-28 00:00:00-05:00,9.670000076293945,9.6899995803833,9.65999984741211,9.65999984741211,2400,0.0,0.0
2022-01-31 00:00:00-05:00,9.65999984741211,9.65999984741211,9.65999984741211,9.65999984741211,0,0.0,0.0
2022-02-01 00:00:00-05:00,9.6899995803833,9.729999542236328,9.6899995803833,9.720000267028809,7500,0.0,0.0
2022-02-02 00:00:00-05:00,9.720000267028809,9.720000267028809,9.720000267028809,9.720000267028809,0,0.0,0.0
2022-02-03 00:00:00-05:00,9.670000076293945,9.760000228881836,9.670000076293945,9.760000228881836,200,0.0,0.0
2022-02-04 00:00:00-05:00,9.760000228881836,9.760000228881836,9.760000228881836,9.760000228881836,0,0.0,0.0
2022-02-07 00:00:00-05:00,9.699999809265137,9.699999809265137,9.680000305175781,9.680000305175781,5000,0.0,0.0
2022-02-08 00:00:00-05:00,9.680000305175781,9.680000305175781,9.680000305175781,9.680000305175781,0,0.0,0.0
2022-02-09 00:00:00-05:00,9.680000305175781,9.680000305175781,9.680000305175781,9.680000305175781,0,0.0,0.0
2022-02-10 00:00:00-05:00,9.680000305175781,9.680000305175781,9.680000305175781,9.680000305175781,280100,0.0,0.0
2022-02-11 00:00:00-05:00,9.710000038146973,9.710000038146973,9.710000038146973,9.710000038146973,600,0.0,0.0
2022-02-14 00:00:00-05:00,9.710000038146973,9.710000038146973,9.710000038146973,9.710000038146973,0,0.0,0.0
2022-02-15 00:00:00-05:00,9.710000038146973,9.710000038146973,9.710000038146973,9.710000038146973,0,0.0,0.0
2022-02-16 00:00:00-05:00,9.670000076293945,9.670000076293945,9.670000076293945,9.670000076293945,100,0.0,0.0
2022-02-17 00:00:00-05:00,9.670000076293945,9.670000076293945,9.670000076293945,9.670000076293945,0,0.0,0.0
2022-02-18 00:00:00-05:00,9.670000076293945,9.670000076293945,9.670000076293945,9.670000076293945,0,0.0,0.0
2022-02-22 00:00:00-05:00,9.670000076293945,9.670000076293945,9.670000076293945,9.670000076293945,0,0.0,0.0
2022-02-23 00:00:00-05:00,9.710000038146973,9.710000038146973,9.710000038146973,9.710000038146973,300,0.0,0.0
2022-02-24 00:00:00-05:00,9.720000267028809,9.720000267028809,9.720000267028809,9.720000267028809,700,0.0,0.0
2022-02-25 00:00:00-05:00,9.720000267028809,9.734999656677246,9.710000038146973,9.710000038146973,57400,0.0,0.0
2022-02-28 00:00:00-05:00,9.720000267028809,9.720000267028809,9.720000267028809,9.720000267028809,2000,0.0,0.0
2022-03-01 00:00:00-05:00,9.720000267028809,9.720000267028809,9.720000267028809,9.720000267028809,0,0.0,0.0
2022-03-02 00:00:00-05:00,9.720000267028809,9.720000267028809,9.720000267028809,9.720000267028809,0,0.0,0.0
2022-03-03 00:00:00-05:00,9.720000267028809,9.720000267028809,9.720000267028809,9.720000267028809,0,0.0,0.0
2022-03-04 00:00:00-05:00,9.739999771118164,9.739999771118164,9.729999542236328,9.729999542236328,4800,0.0,0.0
2022-03-07 00:00:00-05:00,9.729999542236328,9.729999542236328,9.729999542236328,9.729999542236328,0,0.0,0.0
2022-03-08 00:00:00-05:00,9.729999542236328,9.729999542236328,9.729999542236328,9.729999542236328,4000,0.0,0.0
2022-03-09 00:00:00-05:00,9.729999542236328,9.729999542236328,9.729999542236328,9.729999542236328,0,0.0,0.0
2022-03-10 00:00:00-05:00,9.729999542236328,9.729999542236328,9.729999542236328,9.729999542236328,2400,0.0,0.0
2022-03-11 00:00:00-05:00,9.729999542236328,9.729999542236328,9.729999542236328,9.729999542236328,0,0.0,0.0
2022-03-14 00:00:00-04:00,9.729999542236328,9.729999542236328,9.729999542236328,9.729999542236328,0,0.0,0.0
2022-03-15 00:00:00-04:00,9.729999542236328,9.729999542236328,9.729999542236328,9.729999542236328,0,0.0,0.0
2022-03-16 00:00:00-04:00,9.729999542236328,9.729999542236328,9.729999542236328,9.729999542236328,0,0.0,0.0
2022-03-17 00:00:00-04:00,9.739999771118164,9.739999771118164,9.729999542236328,9.739999771118164,19200,0.0,0.0
2022-03-18 00:00:00-04:00,9.739999771118164,9.739999771118164,9.739999771118164,9.739999771118164,0,0.0,0.0
2022-03-21 00:00:00-04:00,9.739999771118164,9.739999771118164,9.739999771118164,9.739999771118164,0,0.0,0.0
2022-03-22 00:00:00-04:00,9.739999771118164,9.739999771118164,9.739999771118164,9.739999771118164,0,0.0,0.0
2022-03-23 00:00:00-04:00,9.739999771118164,9.739999771118164,9.739999771118164,9.739999771118164,0,0.0,0.0
2022-03-24 00:00:00-04:00,9.739999771118164,9.739999771118164,9.739999771118164,9.739999771118164,0,0.0,0.0
2022-03-25 00:00:00-04:00,9.739999771118164,9.739999771118164,9.739999771118164,9.739999771118164,0,0.0,0.0
2022-03-28 00:00:00-04:00,9.760000228881836,9.760000228881836,9.739999771118164,9.760000228881836,3400,0.0,0.0
2022-03-29 00:00:00-04:00,9.760000228881836,9.760000228881836,9.760000228881836,9.760000228881836,100,0.0,0.0
2022-03-30 00:00:00-04:00,9.770000457763672,9.770000457763672,9.770000457763672,9.770000457763672,100,0.0,0.0
2022-03-31 00:00:00-04:00,9.779999732971191,9.779999732971191,9.770000457763672,9.770000457763672,2800,0.0,0.0
2022-04-01 00:00:00-04:00,9.779999732971191,9.779999732971191,9.779999732971191,9.779999732971191,131400,0.0,0.0
2022-04-04 00:00:00-04:00,9.779999732971191,9.779999732971191,9.779999732971191,9.779999732971191,0,0.0,0.0
2022-04-05 00:00:00-04:00,9.779999732971191,9.779999732971191,9.779999732971191,9.779999732971191,1900,0.0,0.0
2022-04-06 00:00:00-04:00,9.770000457763672,9.770000457763672,9.770000457763672,9.770000457763672,200,0.0,0.0
2022-04-07 00:00:00-04:00,9.770000457763672,9.770000457763672,9.770000457763672,9.770000457763672,0,0.0,0.0
2022-04-08 00:00:00-04:00,9.789999961853027,9.789999961853027,9.779999732971191,9.779999732971191,33700,0.0,0.0
2022-04-11 00:00:00-04:00,9.779999732971191,9.779999732971191,9.779999732971191,9.779999732971191,0,0.0,0.0
2022-04-12 00:00:00-04:00,9.779999732971191,9.779999732971191,9.779999732971191,9.779999732971191,0,0.0,0.0
2022-04-13 00:00:00-04:00,9.819999694824219,9.819999694824219,9.819999694824219,9.819999694824219,100,0.0,0.0
2022-04-14 00:00:00-04:00,9.819999694824219,9.819999694824219,9.819999694824219,9.819999694824219,100,0.0,0.0
2022-04-18 00:00:00-04:00,9.8100004196167,9.8100004196167,9.8100004196167,9.8100004196167,100100,0.0,0.0
2022-04-19 00:00:00-04:00,9.8100004196167,9.8100004196167,9.8100004196167,9.8100004196167,0,0.0,0.0
2022-04-20 00:00:00-04:00,9.8100004196167,9.8100004196167,9.8100004196167,9.8100004196167,0,0.0,0.0
2022-04-21 00:00:00-04:00,9.8100004196167,9.8100004196167,9.8100004196167,9.8100004196167,0,0.0,0.0
2022-04-22 00:00:00-04:00,9.8100004196167,9.8100004196167,9.8100004196167,9.8100004196167,0,0.0,0.0
2022-04-25 00:00:00-04:00,9.8100004196167,9.8100004196167,9.8100004196167,9.8100004196167,400,0.0,0.0
2022-04-26 00:00:00-04:00,9.8100004196167,9.8100004196167,9.8100004196167,9.8100004196167,0,0.0,0.0
2022-04-27 00:00:00-04:00,9.8100004196167,9.8100004196167,9.8100004196167,9.8100004196167,100,0.0,0.0
2022-04-28 00:00:00-04:00,9.8100004196167,9.8100004196167,9.8100004196167,9.8100004196167,200,0.0,0.0
2022-04-29 00:00:00-04:00,9.800000190734863,9.800000190734863,9.779999732971191,9.789999961853027,39000,0.0,0.0
2022-05-02 00:00:00-04:00,9.800000190734863,9.800000190734863,9.800000190734863,9.800000190734863,8600,0.0,0.0
2022-05-03 00:00:00-04:00,9.800000190734863,9.800000190734863,9.800000190734863,9.800000190734863,600,0.0,0.0
2022-05-04 00:00:00-04:00,9.8100004196167,9.819999694824219,9.8100004196167,9.8100004196167,85000,0.0,0.0
2022-05-05 00:00:00-04:00,9.84000015258789,9.84000015258789,9.84000015258789,9.84000015258789,300,0.0,0.0
2022-05-06 00:00:00-04:00,9.84000015258789,9.84000015258789,9.8100004196167,9.8100004196167,10500,0.0,0.0
2022-05-09 00:00:00-04:00,9.800000190734863,9.800000190734863,9.800000190734863,9.800000190734863,10200,0.0,0.0
2022-05-10 00:00:00-04:00,9.800000190734863,9.800000190734863,9.800000190734863,9.800000190734863,0,0.0,0.0
2022-05-11 00:00:00-04:00,9.800000190734863,9.800000190734863,9.800000190734863,9.800000190734863,0,0.0,0.0
2022-05-12 00:00:00-04:00,9.789999961853027,9.789999961853027,9.789999961853027,9.789999961853027,1200,0.0,0.0
2022-05-13 00:00:00-04:00,9.789999961853027,9.789999961853027,9.789999961853027,9.789999961853027,25400,0.0,0.0
2022-05-16 00:00:00-04:00,9.789999961853027,9.789999961853027,9.789999961853027,9.789999961853027,1000000,0.0,0.0
2022-05-17 00:00:00-04:00,9.789999961853027,9.789999961853027,9.789999961853027,9.789999961853027,0,0.0,0.0
2022-05-18 00:00:00-04:00,9.779999732971191,9.779999732971191,9.75,9.75,800,0.0,0.0
2022-05-19 00:00:00-04:00,9.75,9.75,9.75,9.75,1800,0.0,0.0
2022-05-20 00:00:00-04:00,9.75,9.75,9.75,9.75,5000,0.0,0.0
2022-05-23 00:00:00-04:00,9.779999732971191,9.789999961853027,9.779999732971191,9.789999961853027,400,0.0,0.0
2022-05-24 00:00:00-04:00,9.789999961853027,9.789999961853027,9.789999961853027,9.789999961853027,0,0.0,0.0
2022-05-25 00:00:00-04:00,9.8100004196167,9.8100004196167,9.8100004196167,9.8100004196167,300,0.0,0.0
2022-05-26 00:00:00-04:00,9.8100004196167,9.8100004196167,9.8100004196167,9.8100004196167,0,0.0,0.0
2022-05-27 00:00:00-04:00,9.8100004196167,9.8100004196167,9.8100004196167,9.8100004196167,0,0.0,0.0
2022-05-31 00:00:00-04:00,9.8100004196167,9.8100004196167,9.8100004196167,9.8100004196167,4700,0.0,0.0
2022-06-01 00:00:00-04:00,9.8100004196167,9.8100004196167,9.8100004196167,9.8100004196167,0,0.0,0.0
2022-06-02 00:00:00-04:00,9.8100004196167,9.8100004196167,9.8100004196167,9.8100004196167,0,0.0,0.0
2022-06-03 00:00:00-04:00,9.8100004196167,9.8100004196167,9.8100004196167,9.8100004196167,0,0.0,0.0
2022-06-06 00:00:00-04:00,9.78499984741211,9.78499984741211,9.78499984741211,9.78499984741211,234500,0.0,0.0
2022-06-07 00:00:00-04:00,9.78499984741211,9.78499984741211,9.78499984741211,9.78499984741211,0,0.0,0.0
2022-06-08 00:00:00-04:00,9.78499984741211,9.78499984741211,9.78499984741211,9.78499984741211,0,0.0,0.0
2022-06-09 00:00:00-04:00,9.789999961853027,9.8100004196167,9.760000228881836,9.8100004196167,1450200,0.0,0.0
2022-06-10 00:00:00-04:00,9.819999694824219,9.819999694824219,9.819999694824219,9.819999694824219,100,0.0,0.0
2022-06-13 00:00:00-04:00,9.819999694824219,9.819999694824219,9.819999694824219,9.819999694824219,0,0.0,0.0
2022-06-14 00:00:00-04:00,9.800000190734863,9.800000190734863,9.800000190734863,9.800000190734863,200,0.0,0.0
2022-06-15 00:00:00-04:00,9.8100004196167,9.8100004196167,9.800000190734863,9.800000190734863,5500,0.0,0.0
2022-06-16 00:00:00-04:00,9.800000190734863,9.800000190734863,9.800000190734863,9.800000190734863,0,0.0,0.0
2022-06-17 00:00:00-04:00,9.800000190734863,9.890000343322754,9.800000190734863,9.890000343322754,26900,0.0,0.0
2022-06-21 00:00:00-04:00,9.890000343322754,9.890000343322754,9.789999961853027,9.789999961853027,28700,0.0,0.0
2022-06-22 00:00:00-04:00,9.789999961853027,9.789999961853027,9.789999961853027,9.789999961853027,600,0.0,0.0
2022-06-23 00:00:00-04:00,9.800000190734863,9.800000190734863,9.800000190734863,9.800000190734863,400,0.0,0.0
2022-06-24 00:00:00-04:00,9.800000190734863,9.800000190734863,9.800000190734863,9.800000190734863,0,0.0,0.0
2022-06-27 00:00:00-04:00,9.829999923706055,9.829999923706055,9.829999923706055,9.829999923706055,200,0.0,0.0
2022-06-28 00:00:00-04:00,9.829999923706055,9.829999923706055,9.829999923706055,9.829999923706055,0,0.0,0.0
2022-06-29 00:00:00-04:00,9.829999923706055,9.829999923706055,9.829999923706055,9.829999923706055,0,0.0,0.0
2022-06-30 00:00:00-04:00,9.829999923706055,9.829999923706055,9.829999923706055,9.829999923706055,0,0.0,0.0
2022-07-01 00:00:00-04:00,9.829999923706055,9.829999923706055,9.829999923706055,9.829999923706055,0,0.0,0.0
2022-07-05 00:00:00-04:00,9.789999961853027,9.789999961853027,9.779999732971191,9.779999732971191,15100,0.0,0.0
2022-07-06 00:00:00-04:00,9.779999732971191,9.779999732971191,9.779999732971191,9.779999732971191,0,0.0,0.0
2022-07-07 00:00:00-04:00,9.789999961853027,9.789999961853027,9.789999961853027,9.789999961853027,2100,0.0,0.0
2022-07-08 00:00:00-04:00,9.789999961853027,9.789999961853027,9.789999961853027,9.789999961853027,6300,0.0,0.0
2022-07-11 00:00:00-04:00,9.800000190734863,9.800000190734863,9.789999961853027,9.789999961853027,15800,0.0,0.0
2022-07-12 00:00:00-04:00,9.800000190734863,9.800000190734863,9.800000190734863,9.800000190734863,2500,0.0,0.0
2022-07-13 00:00:00-04:00,9.800000190734863,9.800000190734863,9.800000190734863,9.800000190734863,200,0.0,0.0
2022-07-14 00:00:00-04:00,9.8100004196167,9.8100004196167,9.8100004196167,9.8100004196167,2600,0.0,0.0
2022-07-15 00:00:00-04:00,9.8100004196167,9.8100004196167,9.8100004196167,9.8100004196167,2500,0.0,0.0
2022-07-18 00:00:00-04:00,9.8100004196167,9.8100004196167,9.8100004196167,9.8100004196167,100,0.0,0.0
2022-07-19 00:00:00-04:00,9.8100004196167,9.8100004196167,9.8100004196167,9.8100004196167,0,0.0,0.0
2022-07-20 00:00:00-04:00,9.8100004196167,9.8100004196167,9.8100004196167,9.8100004196167,0,0.0,0.0
2022-07-21 00:00:00-04:00,9.800000190734863,9.800000190734863,9.800000190734863,9.800000190734863,2300,0.0,0.0
2022-07-22 00:00:00-04:00,9.819999694824219,9.819999694824219,9.8100004196167,9.819999694824219,27900,0.0,0.0
2022-07-25 00:00:00-04:00,9.819999694824219,9.854999542236328,9.819999694824219,9.854999542236328,20100,0.0,0.0
2022-07-26 00:00:00-04:00,9.850000381469727,9.850000381469727,9.829999923706055,9.829999923706055,173300,0.0,0.0
2022-07-27 00:00:00-04:00,9.829999923706055,9.829999923706055,9.829999923706055,9.829999923706055,0,0.0,0.0
2022-07-28 00:00:00-04:00,9.829999923706055,9.829999923706055,9.829999923706055,9.829999923706055,0,0.0,0.0
2022-07-29 00:00:00-04:00,9.829999923706055,9.829999923706055,9.829999923706055,9.829999923706055,1500,0.0,0.0
2022-08-01 00:00:00-04:00,9.829999923706055,9.829999923706055,9.829999923706055,9.829999923706055,800,0.0,0.0
2022-08-02 00:00:00-04:00,9.84000015258789,9.84000015258789,9.829999923706055,9.829999923706055,11600,0.0,0.0
2022-08-03 00:00:00-04:00,9.819999694824219,9.84000015258789,9.819999694824219,9.829999923706055,9800,0.0,0.0
2022-08-04 00:00:00-04:00,9.819999694824219,9.850000381469727,9.819999694824219,9.845000267028809,5200,0.0,0.0
2022-08-05 00:00:00-04:00,9.84000015258789,9.859999656677246,9.829999923706055,9.829999923706055,93500,0.0,0.0
2022-08-08 00:00:00-04:00,9.850000381469727,9.850000381469727,9.845000267028809,9.845000267028809,6000,0.0,0.0
2022-08-09 00:00:00-04:00,9.850000381469727,9.850000381469727,9.850000381469727,9.850000381469727,72400,0.0,0.0
2022-08-10 00:00:00-04:00,9.850000381469727,9.850000381469727,9.84000015258789,9.84000015258789,26400,0.0,0.0
2022-08-11 00:00:00-04:00,9.850000381469727,9.859999656677246,9.850000381469727,9.859999656677246,900,0.0,0.0
2022-08-12 00:00:00-04:00,9.859999656677246,9.859999656677246,9.850000381469727,9.850000381469727,872600,0.0,0.0
2022-08-15 00:00:00-04:00,9.850000381469727,9.850000381469727,9.850000381469727,9.850000381469727,0,0.0,0.0
2022-08-16 00:00:00-04:00,9.850000381469727,9.859999656677246,9.850000381469727,9.850000381469727,1100,0.0,0.0
2022-08-17 00:00:00-04:00,9.850000381469727,9.850000381469727,9.850000381469727,9.850000381469727,0,0.0,0.0
2022-08-18 00:00:00-04:00,9.890000343322754,9.890000343322754,9.890000343322754,9.890000343322754,200,0.0,0.0
2022-08-19 00:00:00-04:00,9.890000343322754,9.920000076293945,9.880000114440918,9.880000114440918,10300,0.0,0.0
2022-08-22 00:00:00-04:00,9.880000114440918,9.880000114440918,9.880000114440918,9.880000114440918,0,0.0,0.0
2022-08-23 00:00:00-04:00,9.880000114440918,9.880000114440918,9.880000114440918,9.880000114440918,0,0.0,0.0
2022-08-24 00:00:00-04:00,9.850000381469727,9.850000381469727,9.829999923706055,9.84000015258789,1000,0.0,0.0
2022-08-25 00:00:00-04:00,9.84000015258789,9.84000015258789,9.84000015258789,9.84000015258789,0,0.0,0.0
2022-08-26 00:00:00-04:00,9.880000114440918,9.880000114440918,9.84000015258789,9.84000015258789,12100,0.0,0.0
2022-08-29 00:00:00-04:00,9.84000015258789,9.84000015258789,9.84000015258789,9.84000015258789,5500,0.0,0.0
2022-08-30 00:00:00-04:00,9.84000015258789,9.84000015258789,9.84000015258789,9.84000015258789,300,0.0,0.0
2022-08-31 00:00:00-04:00,9.850000381469727,9.854999542236328,9.850000381469727,9.850000381469727,17900,0.0,0.0
2022-09-01 00:00:00-04:00,9.854999542236328,9.859999656677246,9.854999542236328,9.859999656677246,29000,0.0,0.0
2022-09-02 00:00:00-04:00,9.90999984741211,9.90999984741211,9.859999656677246,9.859999656677246,13300,0.0,0.0
2022-09-06 00:00:00-04:00,9.859999656677246,9.859999656677246,9.859999656677246,9.859999656677246,0,0.0,0.0
2022-09-07 00:00:00-04:00,9.880000114440918,9.880000114440918,9.880000114440918,9.880000114440918,14500,0.0,0.0
2022-09-08 00:00:00-04:00,9.895000457763672,9.895000457763672,9.880000114440918,9.880000114440918,9500,0.0,0.0
2022-09-09 00:00:00-04:00,9.880000114440918,9.880000114440918,9.880000114440918,9.880000114440918,0,0.0,0.0
2022-09-12 00:00:00-04:00,9.885000228881836,9.885000228881836,9.880000114440918,9.885000228881836,10800,0.0,0.0
2022-09-13 00:00:00-04:00,9.890000343322754,9.899999618530273,9.890000343322754,9.899999618530273,27200,0.0,0.0
2022-09-14 00:00:00-04:00,9.899999618530273,9.90999984741211,9.899999618530273,9.90999984741211,800,0.0,0.0
2022-09-15 00:00:00-04:00,9.899999618530273,9.899999618530273,9.899999618530273,9.899999618530273,28800,0.0,0.0
2022-09-16 00:00:00-04:00,9.899999618530273,9.899999618530273,9.899999618530273,9.899999618530273,200,0.0,0.0
2022-09-19 00:00:00-04:00,9.899999618530273,9.899999618530273,9.899999618530273,9.899999618530273,0,0.0,0.0
2022-09-20 00:00:00-04:00,9.899999618530273,9.899999618530273,9.899999618530273,9.899999618530273,22700,0.0,0.0
2022-09-21 00:00:00-04:00,9.920000076293945,9.920000076293945,9.899999618530273,9.899999618530273,81000,0.0,0.0
2022-09-22 00:00:00-04:00,9.899999618530273,9.899999618530273,9.899999618530273,9.899999618530273,150000,0.0,0.0
2022-09-23 00:00:00-04:00,9.899999618530273,9.899999618530273,9.899999618530273,9.899999618530273,0,0.0,0.0
2022-09-26 00:00:00-04:00,9.890000343322754,9.890000343322754,9.890000343322754,9.890000343322754,687600,0.0,0.0
2022-09-27 00:00:00-04:00,9.920000076293945,9.920000076293945,9.920000076293945,9.920000076293945,100,0.0,0.0
2022-09-28 00:00:00-04:00,9.920000076293945,9.920000076293945,9.920000076293945,9.920000076293945,0,0.0,0.0
2022-09-29 00:00:00-04:00,9.920000076293945,9.920000076293945,9.920000076293945,9.920000076293945,0,0.0,0.0
2022-09-30 00:00:00-04:00,9.899999618530273,9.899999618530273,9.899999618530273,9.899999618530273,2000,0.0,0.0
2022-10-03 00:00:00-04:00,9.90999984741211,9.914999961853027,9.899999618530273,9.90999984741211,206900,0.0,0.0
2022-10-04 00:00:00-04:00,9.90999984741211,9.90999984741211,9.90999984741211,9.90999984741211,0,0.0,0.0
2022-10-05 00:00:00-04:00,9.899999618530273,9.899999618530273,9.899999618530273,9.899999618530273,200,0.0,0.0
2022-10-06 00:00:00-04:00,9.90999984741211,9.90999984741211,9.90999984741211,9.90999984741211,600,0.0,0.0
2022-10-07 00:00:00-04:00,9.930000305175781,9.930000305175781,9.920000076293945,9.920000076293945,1400,0.0,0.0
2022-10-10 00:00:00-04:00,9.920000076293945,9.920000076293945,9.920000076293945,9.920000076293945,0,0.0,0.0
2022-10-11 00:00:00-04:00,9.90999984741211,9.920000076293945,9.90999984741211,9.90999984741211,105400,0.0,0.0
2022-10-12 00:00:00-04:00,9.90999984741211,9.90999984741211,9.90999984741211,9.90999984741211,0,0.0,0.0
2022-10-13 00:00:00-04:00,9.90999984741211,9.90999984741211,9.90999984741211,9.90999984741211,100,0.0,0.0
2022-10-14 00:00:00-04:00,9.90999984741211,9.90999984741211,9.90999984741211,9.90999984741211,100,0.0,0.0
2022-10-17 00:00:00-04:00,9.930000305175781,9.930000305175781,9.930000305175781,9.930000305175781,200,0.0,0.0
2022-10-18 00:00:00-04:00,9.930000305175781,9.930000305175781,9.930000305175781,9.930000305175781,0,0.0,0.0
2022-10-19 00:00:00-04:00,9.930000305175781,9.930000305175781,9.930000305175781,9.930000305175781,262500,0.0,0.0
2022-10-20 00:00:00-04:00,9.949999809265137,9.949999809265137,9.949999809265137,9.949999809265137,300,0.0,0.0
2022-10-21 00:00:00-04:00,9.954999923706055,9.954999923706055,9.949999809265137,9.949999809265137,3000,0.0,0.0
2022-10-24 00:00:00-04:00,9.949999809265137,9.949999809265137,9.9399995803833,9.949999809265137,350800,0.0,0.0
2022-10-25 00:00:00-04:00,9.949999809265137,9.960000038146973,9.949999809265137,9.960000038146973,20500,0.0,0.0
2022-10-26 00:00:00-04:00,9.949999809265137,9.949999809265137,9.949999809265137,9.949999809265137,200100,0.0,0.0
2022-10-27 00:00:00-04:00,9.949999809265137,9.949999809265137,9.949999809265137,9.949999809265137,0,0.0,0.0
2022-10-28 00:00:00-04:00,9.954999923706055,9.96500015258789,9.949999809265137,9.96500015258789,8000,0.0,0.0
2022-10-31 00:00:00-04:00,9.96500015258789,9.96500015258789,9.96500015258789,9.96500015258789,0,0.0,0.0
2022-11-01 00:00:00-04:00,9.960000038146973,9.975000381469727,9.960000038146973,9.975000381469727,43900,0.0,0.0
2022-11-02 00:00:00-04:00,9.970000267028809,9.970000267028809,9.970000267028809,9.970000267028809,210000,0.0,0.0
2022-11-03 00:00:00-04:00,9.970000267028809,9.970000267028809,9.970000267028809,9.970000267028809,100,0.0,0.0
2022-11-04 00:00:00-04:00,9.970000267028809,9.970000267028809,9.970000267028809,9.970000267028809,0,0.0,0.0
2022-11-07 00:00:00-05:00,9.979999542236328,9.979999542236328,9.979999542236328,9.979999542236328,300400,0.0,0.0
2022-11-08 00:00:00-05:00,9.979999542236328,9.979999542236328,9.979999542236328,9.979999542236328,100100,0.0,0.0
2022-11-09 00:00:00-05:00,9.979999542236328,9.979999542236328,9.979999542236328,9.979999542236328,100100,0.0,0.0
2022-11-10 00:00:00-05:00,9.989999771118164,9.989999771118164,9.989999771118164,9.989999771118164,500,0.0,0.0
2022-11-11 00:00:00-05:00,9.989999771118164,9.989999771118164,9.989999771118164,9.989999771118164,0,0.0,0.0
2022-11-14 00:00:00-05:00,10.0,10.0,10.0,10.0,200,0.0,0.0
2022-11-15 00:00:00-05:00,10.0,10.0,10.0,10.0,1000,0.0,0.0
2022-11-16 00:00:00-05:00,10.0,10.0,10.0,10.0,100,0.0,0.0
2022-11-17 00:00:00-05:00,10.0,10.0,10.0,10.0,100,0.0,0.0
2022-11-18 00:00:00-05:00,10.024999618530273,10.024999618530273,10.010000228881836,10.010000228881836,200,0.0,0.0
2022-11-21 00:00:00-05:00,10.020000457763672,10.020000457763672,10.020000457763672,10.020000457763672,1000,0.0,0.0
2022-11-22 00:00:00-05:00,10.010000228881836,10.015000343322754,10.010000228881836,10.015000343322754,100100,0.0,0.0
2022-11-23 00:00:00-05:00,10.010000228881836,10.010000228881836,10.010000228881836,10.010000228881836,100,0.0,0.0
2022-11-25 00:00:00-05:00,10.010000228881836,10.015000343322754,10.010000228881836,10.015000343322754,1300,0.0,0.0
2022-11-28 00:00:00-05:00,10.020000457763672,10.020000457763672,10.020000457763672,10.020000457763672,2000,0.0,0.0
2022-11-29 00:00:00-05:00,10.020000457763672,10.03499984741211,10.020000457763672,10.029999732971191,2063500,0.0,0.0
2022-11-30 00:00:00-05:00,10.029999732971191,10.039999961853027,10.020000457763672,10.029999732971191,133600,0.0,0.0
2022-12-01 00:00:00-05:00,10.020000457763672,10.029999732971191,10.020000457763672,10.029999732971191,19000,0.0,0.0
2022-12-02 00:00:00-05:00,10.039999961853027,10.039999961853027,10.039999961853027,10.039999961853027,81200,0.0,0.0
2022-12-05 00:00:00-05:00,10.050000190734863,10.055000305175781,10.039999961853027,10.050000190734863,19800,0.0,0.0
2022-12-06 00:00:00-05:00,10.050000190734863,10.050000190734863,10.050000190734863,10.050000190734863,0,0.0,0.0
2022-12-07 00:00:00-05:00,10.050000190734863,10.050000190734863,10.050000190734863,10.050000190734863,0,0.0,0.0
2022-12-08 00:00:00-05:00,10.050000190734863,10.0600004196167,10.039999961853027,10.050000190734863,4919600,0.0,0.0
2022-12-09 00:00:00-05:00,10.050000190734863,10.050000190734863,10.050000190734863,10.050000190734863,68600,0.0,0.0
2022-12-12 00:00:00-05:00,10.0600004196167,10.069999694824219,10.0600004196167,10.0600004196167,114900,0.0,0.0
2022-12-13 00:00:00-05:00,10.050000190734863,10.079999923706055,10.050000190734863,10.074999809265137,23700,0.0,0.0
2022-12-14 00:00:00-05:00,10.0600004196167,10.0600004196167,10.0600004196167,10.0600004196167,200,0.0,0.0
2022-12-15 00:00:00-05:00,10.050000190734863,10.069999694824219,10.050000190734863,10.069999694824219,500,0.0,0.0
2022-12-16 00:00:00-05:00,10.0600004196167,10.0600004196167,10.0600004196167,10.0600004196167,100,0.0,0.0
2022-12-19 00:00:00-05:00,10.0600004196167,10.0600004196167,10.0600004196167,10.0600004196167,1100,0.0,0.0
2022-12-20 00:00:00-05:00,10.0600004196167,10.0600004196167,10.0600004196167,10.0600004196167,0,0.0,0.0
2022-12-21 00:00:00-05:00,10.062000274658203,10.069999694824219,10.0600004196167,10.0600004196167,21400,0.0,0.0
2022-12-22 00:00:00-05:00,10.079999923706055,10.079999923706055,10.069999694824219,10.069999694824219,150600,0.0,0.0
2022-12-23 00:00:00-05:00,10.069999694824219,10.069999694824219,10.069999694824219,10.069999694824219,100800,0.0,0.0
2022-12-27 00:00:00-05:00,10.069999694824219,10.069999694824219,10.0600004196167,10.069999694824219,900,0.0,0.0
2022-12-28 00:00:00-05:00,10.069999694824219,10.069999694824219,10.069999694824219,10.069999694824219,97400,0.0,0.0
2022-12-29 00:00:00-05:00,10.074999809265137,10.079999923706055,10.074999809265137,10.079999923706055,70900,0.0,0.0
2022-12-30 00:00:00-05:00,10.079999923706055,10.09000015258789,10.079999923706055,10.079999923706055,75400,0.0,0.0
2023-01-03 00:00:00-05:00,10.079999923706055,10.079999923706055,10.079999923706055,10.079999923706055,500,0.0,0.0
2023-01-04 00:00:00-05:00,10.085000038146973,10.085000038146973,10.079999923706055,10.079999923706055,200,0.0,0.0
2023-01-05 00:00:00-05:00,10.079999923706055,10.09000015258789,10.079999923706055,10.079999923706055,8700,0.0,0.0
2023-01-06 00:00:00-05:00,10.085000038146973,10.09000015258789,10.079999923706055,10.079999923706055,3200,0.0,0.0
2023-01-09 00:00:00-05:00,10.109999656677246,10.109999656677246,10.109999656677246,10.109999656677246,453000,0.0,0.0
2023-01-10 00:00:00-05:00,10.600000381469727,10.600000381469727,10.109999656677246,10.140000343322754,20400,0.0,0.0
2023-01-11 00:00:00-05:00,10.130000114440918,10.130000114440918,10.119999885559082,10.130000114440918,159900,0.0,0.0
2023-01-12 00:00:00-05:00,10.600000381469727,10.600000381469727,10.114999771118164,10.121000289916992,27400,0.0,0.0
2023-01-13 00:00:00-05:00,10.15999984741211,10.390000343322754,10.119999885559082,10.130000114440918,8700,0.0,0.0
2023-01-17 00:00:00-05:00,10.34000015258789,10.744999885559082,10.130000114440918,10.140000343322754,13700,0.0,0.0
2023-01-18 00:00:00-05:00,10.149999618530273,10.149999618530273,10.119999885559082,10.125,7600,0.0,0.0
2023-01-19 00:00:00-05:00,10.140000343322754,10.140000343322754,10.140000343322754,10.140000343322754,402300,0.0,0.0
2023-01-20 00:00:00-05:00,10.140000343322754,10.140000343322754,10.130000114440918,10.130000114440918,2000,0.0,0.0
2023-01-23 00:00:00-05:00,10.140000343322754,10.149999618530273,10.140000343322754,10.140000343322754,2676800,0.0,0.0
2023-01-24 00:00:00-05:00,10.140000343322754,10.140000343322754,10.140000343322754,10.140000343322754,0,0.0,0.0
2023-01-25 00:00:00-05:00,10.140000343322754,10.140000343322754,10.140000343322754,10.140000343322754,0,0.0,0.0
2023-01-26 00:00:00-05:00,10.140000343322754,10.140000343322754,10.140000343322754,10.140000343322754,0,0.0,0.0
2023-01-27 00:00:00-05:00,10.149999618530273,10.149999618530273,10.140000343322754,10.140000343322754,1900,0.0,0.0
2023-01-30 00:00:00-05:00,10.149999618530273,10.149999618530273,10.149999618530273,10.149999618530273,1300,0.0,0.0
2023-01-31 00:00:00-05:00,10.149999618530273,10.149999618530273,10.145000457763672,10.145000457763672,445600,0.0,0.0
2023-02-01 00:00:00-05:00,10.600000381469727,10.600000381469727,10.149999618530273,10.149999618530273,91800,0.0,0.0
2023-02-02 00:00:00-05:00,10.140000343322754,10.15999984741211,10.140000343322754,10.149999618530273,22500,0.0,0.0
2023-02-03 00:00:00-05:00,10.15999984741211,10.550000190734863,10.15999984741211,10.15999984741211,57900,0.0,0.0
2023-02-06 00:00:00-05:00,10.149999618530273,10.149999618530273,10.149999618530273,10.149999618530273,100,0.0,0.0
2023-02-07 00:00:00-05:00,10.149999618530273,10.50100040435791,10.149999618530273,10.170000076293945,30200,0.0,0.0
2023-02-08 00:00:00-05:00,10.220000267028809,10.649999618530273,10.170000076293945,10.180000305175781,35900,0.0,0.0
2023-02-09 00:00:00-05:00,10.180000305175781,10.180000305175781,10.15999984741211,10.170000076293945,2500,0.0,0.0
2023-02-10 00:00:00-05:00,10.220000267028809,10.229999542236328,10.170000076293945,10.170000076293945,21700,0.0,0.0
2023-02-13 00:00:00-05:00,10.180000305175781,10.180000305175781,10.180000305175781,10.180000305175781,400,0.0,0.0
2023-02-14 00:00:00-05:00,10.229999542236328,10.229999542236328,10.204000473022461,10.204000473022461,400,0.0,0.0
2023-02-15 00:00:00-05:00,10.199999809265137,10.319999694824219,10.170000076293945,10.180000305175781,39000,0.0,0.0
2023-02-16 00:00:00-05:00,10.180000305175781,10.180000305175781,10.180000305175781,10.180000305175781,0,0.0,0.0
2023-02-17 00:00:00-05:00,10.170000076293945,10.180000305175781,10.15999984741211,10.180000305175781,90300,0.0,0.0
2023-02-21 00:00:00-05:00,10.180000305175781,10.180000305175781,10.180000305175781,10.180000305175781,0,0.0,0.0
2023-02-22 00:00:00-05:00,10.229999542236328,10.229999542236328,10.180000305175781,10.180000305175781,53500,0.0,0.0
2023-02-23 00:00:00-05:00,10.180000305175781,10.180000305175781,10.180000305175781,10.180000305175781,0,0.0,0.0
2023-02-24 00:00:00-05:00,10.180000305175781,10.180000305175781,10.180000305175781,10.180000305175781,0,0.0,0.0
2023-02-27 00:00:00-05:00,10.229999542236328,10.229999542236328,10.1899995803833,10.220000267028809,2900,0.0,0.0
2023-02-28 00:00:00-05:00,10.210000038146973,10.210000038146973,10.1899995803833,10.1899995803833,5800,0.0,0.0
2023-03-01 00:00:00-05:00,10.649999618530273,10.649999618530273,10.1899995803833,10.199999809265137,700,0.0,0.0
2023-03-02 00:00:00-05:00,10.199999809265137,10.199999809265137,10.199999809265137,10.199999809265137,7800,0.0,0.0
2023-03-03 00:00:00-05:00,10.1899995803833,10.1899995803833,10.1899995803833,10.1899995803833,100,0.0,0.0
2023-03-06 00:00:00-05:00,10.1899995803833,10.1899995803833,10.1899995803833,10.1899995803833,0,0.0,0.0
2023-03-07 00:00:00-05:00,10.199999809265137,10.199999809265137,10.199999809265137,10.199999809265137,200,0.0,0.0
2023-03-08 00:00:00-05:00,10.180000305175781,10.180000305175781,10.180000305175781,10.180000305175781,1500,0.0,0.0
2023-03-09 00:00:00-05:00,10.1899995803833,10.1899995803833,10.1899995803833,10.1899995803833,1400,0.0,0.0
2023-03-10 00:00:00-05:00,10.210000038146973,10.90999984741211,10.180000305175781,10.210000038146973,59000,0.0,0.0
2023-03-13 00:00:00-04:00,10.210000038146973,10.210000038146973,10.210000038146973,10.210000038146973,0,0.0,0.0
2023-03-14 00:00:00-04:00,10.210000038146973,10.210000038146973,10.210000038146973,10.210000038146973,0,0.0,0.0
2023-03-15 00:00:00-04:00,10.460000038146973,10.5,9.989999771118164,10.015000343322754,40900,0.0,0.0
2023-03-16 00:00:00-04:00,10.020000457763672,10.020000457763672,10.0,10.0,1500,0.0,0.0
2023-03-17 00:00:00-04:00,10.0,10.050000190734863,10.0,10.043999671936035,1500,0.0,0.0
2023-03-20 00:00:00-04:00,10.0600004196167,10.180000305175781,10.010000228881836,10.010000228881836,1100,0.0,0.0
2023-03-21 00:00:00-04:00,10.020000457763672,10.1899995803833,10.0,10.180000305175781,1000,0.0,0.0
2023-03-22 00:00:00-04:00,10.180000305175781,10.260000228881836,10.145000457763672,10.260000228881836,18400,0.0,0.0
2023-03-23 00:00:00-04:00,10.260000228881836,10.260000228881836,10.260000228881836,10.260000228881836,0,0.0,0.0
2023-03-24 00:00:00-04:00,10.260000228881836,10.260000228881836,10.260000228881836,10.260000228881836,0,0.0,0.0
2023-03-27 00:00:00-04:00,10.199999809265137,10.260000228881836,10.199999809265137,10.260000228881836,5500,0.0,0.0
2023-03-28 00:00:00-04:00,10.40999984741211,10.4399995803833,10.260000228881836,10.260000228881836,1800,0.0,0.0
2023-03-29 00:00:00-04:00,10.09000015258789,10.770000457763672,10.09000015258789,10.5,6700,0.0,0.0
2023-03-30 00:00:00-04:00,10.600000381469727,10.600000381469727,10.25,10.25,800,0.0,0.0
2023-03-31 00:00:00-04:00,10.149999618530273,10.149999618530273,10.149999618530273,10.149999618530273,300,0.0,0.0
2023-04-03 00:00:00-04:00,10.600000381469727,10.600000381469727,10.199999809265137,10.380000114440918,5100,0.0,0.0
2023-04-04 00:00:00-04:00,10.300000190734863,10.399999618530273,10.300000190734863,10.329999923706055,2000,0.0,0.0
2023-04-05 00:00:00-04:00,10.289999961853027,10.319999694824219,10.25,10.25,1900,0.0,0.0
2023-04-06 00:00:00-04:00,10.5,10.520000457763672,10.300000190734863,10.479999542236328,6300,0.0,0.0
2023-04-10 00:00:00-04:00,10.149999618530273,10.324999809265137,10.100000381469727,10.1899995803833,122200,0.0,0.0
2023-04-11 00:00:00-04:00,10.1899995803833,10.199999809265137,10.149999618530273,10.199999809265137,14000,0.0,0.0
2023-04-12 00:00:00-04:00,10.1899995803833,10.1899995803833,10.170000076293945,10.180000305175781,10200,0.0,0.0
2023-04-13 00:00:00-04:00,10.152999877929688,10.152999877929688,10.152999877929688,10.152999877929688,200,0.0,0.0
2023-04-14 00:00:00-04:00,10.187999725341797,10.199999809265137,10.170000076293945,10.199999809265137,19900,0.0,0.0
2023-04-17 00:00:00-04:00,10.050000190734863,10.050000190734863,10.050000190734863,10.050000190734863,2000,0.0,0.0
2023-04-18 00:00:00-04:00,10.119999885559082,10.119999885559082,10.079999923706055,10.079999923706055,800,0.0,0.0
2023-04-19 00:00:00-04:00,10.079999923706055,10.079999923706055,10.079999923706055,10.079999923706055,0,0.0,0.0
2023-04-20 00:00:00-04:00,10.140000343322754,10.149999618530273,10.140000343322754,10.149999618530273,11800,0.0,0.0
2023-04-21 00:00:00-04:00,10.149999618530273,10.149999618530273,10.149999618530273,10.149999618530273,0,0.0,0.0
2023-04-24 00:00:00-04:00,10.180000305175781,10.180000305175781,10.180000305175781,10.180000305175781,100,0.0,0.0
2023-04-25 00:00:00-04:00,10.180000305175781,10.180000305175781,10.180000305175781,10.180000305175781,0,0.0,0.0
2023-04-26 00:00:00-04:00,10.020000457763672,10.029999732971191,10.020000457763672,10.029999732971191,300,0.0,0.0
2023-04-27 00:00:00-04:00,10.029999732971191,10.029999732971191,10.029999732971191,10.029999732971191,0,0.0,0.0
2023-04-28 00:00:00-04:00,10.029999732971191,10.029999732971191,10.029999732971191,10.029999732971191,0,0.0,0.0
2023-05-01 00:00:00-04:00,10.180000305175781,10.180000305175781,10.180000305175781,10.180000305175781,100,0.0,0.0
2023-05-02 00:00:00-04:00,10.180000305175781,10.180000305175781,10.180000305175781,10.180000305175781,0,0.0,0.0
2023-05-03 00:00:00-04:00,10.180000305175781,10.180000305175781,10.180000305175781,10.180000305175781,0,0.0,0.0
2023-05-04 00:00:00-04:00,10.050000190734863,10.050000190734863,10.050000190734863,10.050000190734863,100,0.0,0.0
2023-05-05 00:00:00-04:00,10.050000190734863,10.180000305175781,10.050000190734863,10.0600004196167,600,0.0,0.0
2023-05-08 00:00:00-04:00,10.079999923706055,10.079999923706055,10.079999923706055,10.079999923706055,500,0.0,0.0
2023-05-09 00:00:00-04:00,10.137999534606934,10.180000305175781,10.137999534606934,10.180000305175781,1700,0.0,0.0
2023-05-10 00:00:00-04:00,10.180000305175781,10.244999885559082,10.170000076293945,10.244999885559082,11200,0.0,0.0
2023-05-11 00:00:00-04:00,10.25,10.5,10.244999885559082,10.350000381469727,15100,0.0,0.0
2023-05-12 00:00:00-04:00,10.5,11.029999732971191,10.489999771118164,10.539999961853027,1800,0.0,0.0
2023-05-15 00:00:00-04:00,10.600000381469727,10.640000343322754,10.460000038146973,10.460000038146973,20100,0.0,0.0
2023-05-16 00:00:00-04:00,10.520000457763672,10.520000457763672,10.520000457763672,10.520000457763672,6300,0.0,0.0
2023-05-17 00:00:00-04:00,10.449999809265137,11.460000038146973,10.4399995803833,10.5,16200,0.0,0.0
2023-05-18 00:00:00-04:00,10.460000038146973,10.699999809265137,10.460000038146973,10.699999809265137,800,0.0,0.0
2023-05-19 00:00:00-04:00,10.699999809265137,10.899999618530273,10.6899995803833,10.899999618530273,5100,0.0,0.0
2023-05-22 00:00:00-04:00,11.005000114440918,11.010000228881836,11.005000114440918,11.010000228881836,1700,0.0,0.0
2023-05-23 00:00:00-04:00,10.869999885559082,10.869999885559082,10.529999732971191,10.529999732971191,6400,0.0,0.0
2023-05-24 00:00:00-04:00,10.600000381469727,10.600000381469727,10.475000381469727,10.569999694824219,66100,0.0,0.0
2023-05-25 00:00:00-04:00,10.5,11.5,10.46500015258789,10.520000457763672,48100,0.0,0.0
2023-05-26 00:00:00-04:00,10.859999656677246,10.859999656677246,10.430000305175781,10.479999542236328,9800,0.0,0.0
2023-05-30 00:00:00-04:00,10.65999984741211,10.949999809265137,10.430000305175781,10.774999618530273,32500,0.0,0.0
2023-05-31 00:00:00-04:00,10.869999885559082,10.875,10.829999923706055,10.829999923706055,2400,0.0,0.0
2023-06-01 00:00:00-04:00,10.670000076293945,10.850000381469727,10.670000076293945,10.829999923706055,2300,0.0,0.0
2023-06-02 00:00:00-04:00,10.895000457763672,11.09000015258789,10.78499984741211,10.949999809265137,33900,0.0,0.0
2023-06-05 00:00:00-04:00,10.989999771118164,10.989999771118164,10.899999618530273,10.899999618530273,1500,0.0,0.0
2023-06-06 00:00:00-04:00,11.25,11.25,11.25,11.25,200,0.0,0.0
2023-06-07 00:00:00-04:00,11.25,11.25,11.25,11.25,0,0.0,0.0
2023-06-08 00:00:00-04:00,11.25,11.25,11.25,11.25,0,0.0,0.0
2023-06-09 00:00:00-04:00,11.25,11.25,11.25,11.25,0,0.0,0.0
2023-06-12 00:00:00-04:00,10.899999618530273,11.225000381469727,10.899999618530273,10.949999809265137,2400,0.0,0.0
2023-06-13 00:00:00-04:00,11.0,11.0,11.0,11.0,100,0.0,0.0
2023-06-14 00:00:00-04:00,10.949999809265137,10.949999809265137,10.949999809265137,10.949999809265137,600,0.0,0.0
2023-06-15 00:00:00-04:00,11.0,11.0,10.949999809265137,10.949999809265137,300,0.0,0.0
2023-06-16 00:00:00-04:00,11.5,13.354999542236328,11.0,11.25,4000,0.0,0.0
2023-06-20 00:00:00-04:00,11.199999809265137,11.800000190734863,11.050000190734863,11.15999984741211,6400,0.0,0.0
2023-06-21 00:00:00-04:00,11.15999984741211,11.15999984741211,11.15999984741211,11.15999984741211,0,0.0,0.0
2023-06-22 00:00:00-04:00,11.017999649047852,11.399999618530273,10.949999809265137,10.949999809265137,2800,0.0,0.0
2023-06-23 00:00:00-04:00,11.199999809265137,11.199999809265137,11.199999809265137,11.199999809265137,200,0.0,0.0
2023-06-26 00:00:00-04:00,11.90999984741211,11.90999984741211,10.949999809265137,10.949999809265137,2700,0.0,0.0
2023-06-27 00:00:00-04:00,11.90999984741211,11.90999984741211,11.039999961853027,11.039999961853027,10500,0.0,0.0
2023-06-28 00:00:00-04:00,11.050000190734863,11.050000190734863,10.920000076293945,10.920000076293945,3800,0.0,0.0
2023-06-29 00:00:00-04:00,11.0,11.0,10.90999984741211,10.920000076293945,8700,0.0,0.0
2023-06-30 00:00:00-04:00,10.9399995803833,10.9399995803833,10.760000228881836,10.760000228881836,11700,0.0,0.0
2023-07-03 00:00:00-04:00,10.760000228881836,10.760000228881836,10.760000228881836,10.760000228881836,0,0.0,0.0
2023-07-05 00:00:00-04:00,10.729999542236328,10.755000114440918,10.720000267028809,10.720000267028809,11800,0.0,0.0
2023-07-06 00:00:00-04:00,10.720000267028809,10.720000267028809,10.680000305175781,10.699999809265137,9500,0.0,0.0
2023-07-07 00:00:00-04:00,10.699999809265137,10.699999809265137,10.699999809265137,10.699999809265137,0,0.0,0.0
2023-07-10 00:00:00-04:00,10.75,10.75,10.630000114440918,10.640000343322754,1100,0.0,0.0
2023-07-11 00:00:00-04:00,10.640000343322754,10.699999809265137,10.600000381469727,10.680000305175781,14300,0.0,0.0
2023-07-12 00:00:00-04:00,10.680000305175781,10.680000305175781,10.680000305175781,10.680000305175781,0,0.0,0.0
2023-07-13 00:00:00-04:00,10.75,10.75,10.609999656677246,10.609999656677246,8100,0.0,0.0
2023-07-14 00:00:00-04:00,10.609999656677246,10.609999656677246,10.609999656677246,10.609999656677246,500,0.0,0.0
2023-07-17 00:00:00-04:00,10.609999656677246,10.609999656677246,10.609999656677246,10.609999656677246,500,0.0,0.0
2023-07-18 00:00:00-04:00,10.609999656677246,10.609999656677246,10.609999656677246,10.609999656677246,100,0.0,0.0
2023-07-19 00:00:00-04:00,10.609999656677246,10.609999656677246,10.609999656677246,10.609999656677246,100,0.0,0.0
2023-07-20 00:00:00-04:00,10.699999809265137,10.710000038146973,10.699999809265137,10.710000038146973,10600,0.0,0.0
2023-07-21 00:00:00-04:00,10.710000038146973,10.710000038146973,10.710000038146973,10.710000038146973,0,0.0,0.0
2023-07-24 00:00:00-04:00,10.710000038146973,10.710000038146973,10.710000038146973,10.710000038146973,0,0.0,0.0
2023-07-25 00:00:00-04:00,10.739999771118164,10.739999771118164,10.739999771118164,10.739999771118164,200,0.0,0.0
2023-07-26 00:00:00-04:00,10.739999771118164,10.779999732971191,10.739999771118164,10.770000457763672,3300,0.0,0.0
2023-07-27 00:00:00-04:00,10.75,10.760000228881836,10.75,10.760000228881836,600,0.0,0.0
2023-07-28 00:00:00-04:00,10.760000228881836,10.760000228881836,10.760000228881836,10.760000228881836,100,0.0,0.0
2023-07-31 00:00:00-04:00,10.760000228881836,10.760000228881836,10.760000228881836,10.760000228881836,100,0.0,0.0
2023-08-01 00:00:00-04:00,10.760000228881836,10.760000228881836,10.760000228881836,10.760000228881836,0,0.0,0.0
2023-08-02 00:00:00-04:00,10.779999732971191,10.779999732971191,10.779999732971191,10.779999732971191,400,0.0,0.0
2023-08-03 00:00:00-04:00,10.779999732971191,10.779999732971191,10.779999732971191,10.779999732971191,0,0.0,0.0
2023-08-04 00:00:00-04:00,10.710000038146973,10.710000038146973,10.710000038146973,10.710000038146973,3000,0.0,0.0
2023-08-07 00:00:00-04:00,10.710000038146973,10.710000038146973,10.710000038146973,10.710000038146973,0,0.0,0.0
2023-08-08 00:00:00-04:00,10.710000038146973,10.710000038146973,10.710000038146973,10.710000038146973,0,0.0,0.0
2023-08-09 00:00:00-04:00,10.710000038146973,10.710000038146973,10.710000038146973,10.710000038146973,0,0.0,0.0
2023-08-10 00:00:00-04:00,10.710000038146973,10.710000038146973,10.710000038146973,10.710000038146973,100,0.0,0.0
2023-08-11 00:00:00-04:00,10.710000038146973,10.710000038146973,10.710000038146973,10.710000038146973,0,0.0,0.0
2023-08-14 00:00:00-04:00,10.710000038146973,10.710000038146973,10.710000038146973,10.710000038146973,200,0.0,0.0
2023-08-15 00:00:00-04:00,10.75,10.75,10.75,10.75,100,0.0,0.0
2023-08-16 00:00:00-04:00,10.710000038146973,10.710000038146973,10.710000038146973,10.710000038146973,400,0.0,0.0
2023-08-17 00:00:00-04:00,10.710000038146973,10.710000038146973,10.710000038146973,10.710000038146973,0,0.0,0.0
2023-08-18 00:00:00-04:00,10.725000381469727,10.725000381469727,10.725000381469727,10.725000381469727,200,0.0,0.0
2023-08-21 00:00:00-04:00,10.725000381469727,10.725000381469727,10.725000381469727,10.725000381469727,0,0.0,0.0
2023-08-22 00:00:00-04:00,10.710000038146973,10.710000038146973,10.699999809265137,10.699999809265137,800,0.0,0.0
2023-08-23 00:00:00-04:00,10.720000267028809,10.729999542236328,10.708000183105469,10.729999542236328,10600,0.0,0.0
2023-08-24 00:00:00-04:00,10.699999809265137,10.699999809265137,10.699999809265137,10.699999809265137,1000,0.0,0.0
2023-08-25 00:00:00-04:00,10.729999542236328,10.729999542236328,10.699999809265137,10.699999809265137,3300,0.0,0.0
2023-08-28 00:00:00-04:00,10.729999542236328,10.729999542236328,10.729999542236328,10.729999542236328,1200,0.0,0.0
2023-08-29 00:00:00-04:00,10.699999809265137,10.739999771118164,10.699999809265137,10.739999771118164,5500,0.0,0.0
2023-08-30 00:00:00-04:00,10.680000305175781,10.680000305175781,10.680000305175781,10.680000305175781,200,0.0,0.0
2023-08-31 00:00:00-04:00,10.680000305175781,10.699999809265137,10.680000305175781,10.699999809265137,1000,0.0,0.0
2023-09-01 00:00:00-04:00,10.699999809265137,10.699999809265137,10.699999809265137,10.699999809265137,0,0.0,0.0
2023-09-05 00:00:00-04:00,10.699999809265137,10.699999809265137,10.699999809265137,10.699999809265137,0,0.0,0.0
2023-09-06 00:00:00-04:00,10.699999809265137,10.699999809265137,10.699999809265137,10.699999809265137,0,0.0,0.0
2023-09-07 00:00:00-04:00,10.699999809265137,10.699999809265137,10.699999809265137,10.699999809265137,1400,0.0,0.0
2023-09-08 00:00:00-04:00,10.699999809265137,10.699999809265137,10.699999809265137,10.699999809265137,0,0.0,0.0
2023-09-11 00:00:00-04:00,10.680000305175781,10.6899995803833,10.675000190734863,10.6899995803833,15200,0.0,0.0
2023-09-12 00:00:00-04:00,10.75,10.75,10.75,10.75,300,0.0,0.0
2023-09-13 00:00:00-04:00,10.680000305175781,10.680000305175781,10.670000076293945,10.670000076293945,400,0.0,0.0
2023-09-14 00:00:00-04:00,10.699999809265137,10.699999809265137,10.6899995803833,10.699999809265137,6600,0.0,0.0
2023-09-15 00:00:00-04:00,10.880000114440918,10.880000114440918,10.699999809265137,10.699999809265137,2200,0.0,0.0
2023-09-18 00:00:00-04:00,10.739999771118164,10.805000305175781,10.739999771118164,10.75,1900,0.0,0.0
2023-09-19 00:00:00-04:00,11.0,11.0,10.770000457763672,10.770000457763672,9600,0.0,0.0
2023-09-20 00:00:00-04:00,10.6899995803833,10.75,10.6899995803833,10.75,700,0.0,0.0
2023-09-21 00:00:00-04:00,11.020000457763672,11.65999984741211,11.020000457763672,11.100000381469727,4500,0.0,0.0
2023-09-22 00:00:00-04:00,11.100000381469727,11.100000381469727,11.100000381469727,11.100000381469727,0,0.0,0.0
2023-09-25 00:00:00-04:00,11.100000381469727,11.100000381469727,11.100000381469727,11.100000381469727,0,0.0,0.0
2023-09-26 00:00:00-04:00,11.100000381469727,11.100000381469727,11.100000381469727,11.100000381469727,0,0.0,0.0
2023-09-27 00:00:00-04:00,11.050000190734863,11.050000190734863,10.970000267028809,10.970000267028809,300,0.0,0.0
2023-09-28 00:00:00-04:00,10.789999961853027,10.789999961853027,10.614999771118164,10.666000366210938,3300,0.0,0.0
2023-09-29 00:00:00-04:00,10.666000366210938,10.666000366210938,10.666000366210938,10.666000366210938,0,0.0,0.0
2023-10-02 00:00:00-04:00,10.649999618530273,10.649999618530273,10.619999885559082,10.619999885559082,1000,0.0,0.0
2023-10-03 00:00:00-04:00,10.609999656677246,10.609999656677246,10.609999656677246,10.609999656677246,1100,0.0,0.0
2023-10-04 00:00:00-04:00,10.609999656677246,10.609999656677246,10.609999656677246,10.609999656677246,0,0.0,0.0
2023-10-05 00:00:00-04:00,10.619999885559082,10.619999885559082,10.619999885559082,10.619999885559082,500,0.0,0.0
2023-10-06 00:00:00-04:00,10.619999885559082,10.619999885559082,10.619999885559082,10.619999885559082,0,0.0,0.0
2023-10-09 00:00:00-04:00,10.850000381469727,10.850000381469727,10.609999656677246,10.609999656677246,500,0.0,0.0
2023-10-10 00:00:00-04:00,10.609999656677246,10.609999656677246,10.609999656677246,10.609999656677246,0,0.0,0.0
2023-10-11 00:00:00-04:00,10.609999656677246,10.609999656677246,10.609999656677246,10.609999656677246,0,0.0,0.0
2023-10-12 00:00:00-04:00,10.819999694824219,10.819999694824219,10.819999694824219,10.819999694824219,500,0.0,0.0
2023-10-13 00:00:00-04:00,10.819999694824219,10.819999694824219,10.819999694824219,10.819999694824219,0,0.0,0.0
2023-10-16 00:00:00-04:00,10.819999694824219,10.819999694824219,10.819999694824219,10.819999694824219,0,0.0,0.0
2023-10-17 00:00:00-04:00,10.819999694824219,10.819999694824219,10.819999694824219,10.819999694824219,0,0.0,0.0
2023-10-18 00:00:00-04:00,10.800000190734863,10.8100004196167,10.800000190734863,10.8100004196167,1500,0.0,0.0
2023-10-19 00:00:00-04:00,10.8100004196167,10.8100004196167,10.8100004196167,10.8100004196167,0,0.0,0.0
2023-10-20 00:00:00-04:00,10.8100004196167,10.8100004196167,10.8100004196167,10.8100004196167,0,0.0,0.0
2023-10-23 00:00:00-04:00,10.8100004196167,10.8100004196167,10.8100004196167,10.8100004196167,0,0.0,0.0
2023-10-24 00:00:00-04:00,10.8100004196167,10.8100004196167,10.8100004196167,10.8100004196167,0,0.0,0.0
2023-10-25 00:00:00-04:00,10.6899995803833,10.75,10.609999656677246,10.619999885559082,39600,0.0,0.0
2023-10-26 00:00:00-04:00,10.699999809265137,10.699999809265137,10.630000114440918,10.640000343322754,3400,0.0,0.0
2023-10-27 00:00:00-04:00,10.640000343322754,10.640000343322754,10.640000343322754,10.640000343322754,0,0.0,0.0
2023-10-30 00:00:00-04:00,10.640000343322754,10.640000343322754,10.640000343322754,10.640000343322754,0,0.0,0.0
2023-10-31 00:00:00-04:00,10.640000343322754,10.640000343322754,10.640000343322754,10.640000343322754,0,0.0,0.0
2023-11-01 00:00:00-04:00,10.640000343322754,10.640000343322754,10.640000343322754,10.640000343322754,0,0.0,0.0
2023-11-02 00:00:00-04:00,10.640000343322754,10.640000343322754,10.640000343322754,10.640000343322754,0,0.0,0.0
2023-11-03 00:00:00-04:00,10.640000343322754,10.640000343322754,10.640000343322754,10.640000343322754,0,0.0,0.0
2023-11-06 00:00:00-05:00,10.619999885559082,10.619999885559082,10.619999885559082,10.619999885559082,900,0.0,0.0
2023-11-07 00:00:00-05:00,10.619999885559082,10.619999885559082,10.619999885559082,10.619999885559082,300,0.0,0.0
2023-11-08 00:00:00-05:00,10.619999885559082,10.619999885559082,10.619999885559082,10.619999885559082,0,0.0,0.0
2023-11-09 00:00:00-05:00,10.619999885559082,10.619999885559082,10.619999885559082,10.619999885559082,0,0.0,0.0
2023-11-10 00:00:00-05:00,10.619999885559082,10.619999885559082,10.619999885559082,10.619999885559082,0,0.0,0.0
2023-11-13 00:00:00-05:00,10.638999938964844,10.638999938964844,10.638999938964844,10.638999938964844,800,0.0,0.0
2023-11-14 00:00:00-05:00,10.638999938964844,10.638999938964844,10.638999938964844,10.638999938964844,0,0.0,0.0
2023-11-15 00:00:00-05:00,10.638999938964844,10.638999938964844,10.638999938964844,10.638999938964844,0,0.0,0.0
2023-11-16 00:00:00-05:00,10.649999618530273,10.649999618530273,10.649999618530273,10.649999618530273,800,0.0,0.0
2023-11-17 00:00:00-05:00,10.699999809265137,10.699999809265137,10.65999984741211,10.699999809265137,8400,0.0,0.0
2023-11-20 00:00:00-05:00,10.699999809265137,10.699999809265137,10.699999809265137,10.699999809265137,0,0.0,0.0
2023-11-21 00:00:00-05:00,10.699999809265137,10.699999809265137,10.699999809265137,10.699999809265137,0,0.0,0.0
2023-11-22 00:00:00-05:00,10.699999809265137,10.699999809265137,10.699999809265137,10.699999809265137,0,0.0,0.0
2023-11-24 00:00:00-05:00,10.699999809265137,10.699999809265137,10.699999809265137,10.699999809265137,0,0.0,0.0
2023-11-27 00:00:00-05:00,10.640000343322754,10.65999984741211,10.640000343322754,10.65999984741211,900,0.0,0.0
2023-11-28 00:00:00-05:00,10.65999984741211,10.65999984741211,10.65999984741211,10.65999984741211,0,0.0,0.0
2023-11-29 00:00:00-05:00,10.65999984741211,10.65999984741211,10.65999984741211,10.65999984741211,0,0.0,0.0
2023-11-30 00:00:00-05:00,10.699999809265137,10.699999809265137,10.699999809265137,10.699999809265137,600,0.0,0.0
2023-12-01 00:00:00-05:00,10.699999809265137,10.699999809265137,10.699999809265137,10.699999809265137,200,0.0,0.0
2023-12-04 00:00:00-05:00,10.699999809265137,10.699999809265137,10.699999809265137,10.699999809265137,100,0.0,0.0
2023-12-05 00:00:00-05:00,10.699999809265137,10.699999809265137,10.699999809265137,10.699999809265137,0,0.0,0.0
2023-12-06 00:00:00-05:00,10.725000381469727,10.729999542236328,10.725000381469727,10.729999542236328,21400,0.0,0.0
2023-12-07 00:00:00-05:00,10.779999732971191,10.899999618530273,10.779999732971191,10.888999938964844,4700,0.0,0.0
2023-12-08 00:00:00-05:00,10.890000343322754,12.0,10.890000343322754,11.09000015258789,5200,0.0,0.0
2023-12-11 00:00:00-05:00,11.010000228881836,11.489999771118164,10.850000381469727,10.850000381469727,18900,0.0,0.0
2023-12-12 00:00:00-05:00,10.8100004196167,10.819999694824219,10.779999732971191,10.800000190734863,155800,0.0,0.0
2023-12-13 00:00:00-05:00,10.800000190734863,10.899999618530273,10.800000190734863,10.899999618530273,2600,0.0,0.0
2023-12-14 00:00:00-05:00,10.399999618530273,10.619999885559082,10.0,10.0,3700,0.0,0.0
2023-12-15 00:00:00-05:00,10.010000228881836,10.010000228881836,7.75,8.010000228881836,63800,0.0,0.0
2023-12-18 00:00:00-05:00,7.480000019073486,10.5,7.480000019073486,9.960000038146973,78600,0.0,0.0
2023-12-19 00:00:00-05:00,9.479999542236328,10.6899995803833,8.600000381469727,10.380000114440918,9100,0.0,0.0
2023-12-20 00:00:00-05:00,9.949999809265137,10.49899959564209,9.40999984741211,10.49899959564209,3300,0.0,0.0
2023-12-21 00:00:00-05:00,9.420000076293945,9.420000076293945,5.28000020980835,6.489999771118164,334400,0.0,0.0
2023-12-22 00:00:00-05:00,7.5,7.710000038146973,3.890000104904175,4.25,1372100,0.0,0.0
2023-12-26 00:00:00-05:00,3.9000000953674316,3.990000009536743,3.440000057220459,3.4800000190734863,551800,0.0,0.0
2023-12-27 00:00:00-05:00,3.4200000762939453,3.4800000190734863,2.5199999809265137,2.5799999237060547,587800,0.0,0.0
2023-12-28 00:00:00-05:00,2.4200000762939453,2.430000066757202,1.850000023841858,1.940000057220459,1174600,0.0,0.0
2023-12-29 00:00:00-05:00,1.9299999475479126,2.1500000953674316,1.659999966621399,1.7000000476837158,1244200,0.0,0.0
2024-01-02 00:00:00-05:00,1.690000057220459,1.690000057220459,1.4500000476837158,1.600000023841858,1083300,0.0,0.0
2024-01-03 00:00:00-05:00,1.659999966621399,2.990000009536743,1.6299999952316284,2.2200000286102295,18415000,0.0,0.0
2024-01-04 00:00:00-05:00,2.0299999713897705,2.3299999237060547,2.0,2.109999895095825,1580300,0.0,0.0
2024-01-05 00:00:00-05:00,2.0299999713897705,2.0899999141693115,1.75,1.8899999856948853,875000,0.0,0.0
2024-01-08 00:00:00-05:00,1.850000023841858,2.0,1.7899999618530273,1.809999942779541,453700,0.0,0.0
2024-01-09 00:00:00-05:00,1.809999942779541,1.850000023841858,1.6100000143051147,1.649999976158142,551100,0.0,0.0
2024-01-10 00:00:00-05:00,1.6399999856948853,1.6699999570846558,1.5399999618530273,1.600000023841858,346200,0.0,0.0
2024-01-11 00:00:00-05:00,1.5700000524520874,1.6299999952316284,1.4800000190734863,1.5499999523162842,259200,0.0,0.0
2024-01-12 00:00:00-05:00,1.590000033378601,1.774999976158142,1.5609999895095825,1.7300000190734863,310700,0.0,0.0
2024-01-16 00:00:00-05:00,1.7100000381469727,1.850000023841858,1.600000023841858,1.6200000047683716,242100,0.0,0.0
2024-01-17 00:00:00-05:00,1.5700000524520874,1.6349999904632568,1.4910000562667847,1.5399999618530273,170100,0.0,0.0
2024-01-18 00:00:00-05:00,1.5700000524520874,1.5750000476837158,1.440000057220459,1.4500000476837158,153500,0.0,0.0
2024-01-19 00:00:00-05:00,1.5,1.5,1.4149999618530273,1.5,195700,0.0,0.0
2024-01-22 00:00:00-05:00,1.5,1.690000057220459,1.4900000095367432,1.5800000429153442,190800,0.0,0.0
2024-01-23 00:00:00-05:00,1.590000033378601,1.7000000476837158,1.5149999856948853,1.5299999713897705,263600,0.0,0.0
2024-01-24 00:00:00-05:00,1.5199999809265137,1.690000057220459,1.5199999809265137,1.5800000429153442,177300,0.0,0.0
2024-01-25 00:00:00-05:00,1.6399999856948853,1.659999966621399,1.5099999904632568,1.5399999618530273,113900,0.0,0.0
2024-01-26 00:00:00-05:00,1.5399999618530273,1.590000033378601,1.4900000095367432,1.5199999809265137,136800,0.0,0.0
2024-01-29 00:00:00-05:00,1.5099999904632568,1.5499999523162842,1.4800000190734863,1.5,71800,0.0,0.0
2024-01-30 00:00:00-05:00,1.5130000114440918,1.590000033378601,1.4900000095367432,1.5800000429153442,67000,0.0,0.0
2024-01-31 00:00:00-05:00,1.5399999618530273,1.5800000429153442,1.5099999904632568,1.5099999904632568,64100,0.0,0.0
2024-02-01 00:00:00-05:00,1.5399999618530273,1.5800000429153442,1.5099999904632568,1.5299999713897705,60600,0.0,0.0
2024-02-02 00:00:00-05:00,1.5199999809265137,1.5499999523162842,1.4800000190734863,1.5,63100,0.0,0.0
2024-02-05 00:00:00-05:00,1.5099999904632568,1.5199999809265137,1.440000057220459,1.4500000476837158,128900,0.0,0.0
2024-02-06 00:00:00-05:00,1.5099999904632568,1.5399999618530273,1.4500000476837158,1.4700000286102295,70400,0.0,0.0
2024-02-07 00:00:00-05:00,1.5499999523162842,1.5499999523162842,1.4299999475479126,1.4620000123977661,100100,0.0,0.0
2024-02-08 00:00:00-05:00,1.5199999809265137,1.5199999809265137,1.340000033378601,1.399999976158142,213500,0.0,0.0
2024-02-09 00:00:00-05:00,1.4199999570846558,1.440000057220459,1.3899999856948853,1.409999966621399,54500,0.0,0.0
2024-02-12 00:00:00-05:00,1.4700000286102295,1.7999999523162842,1.399999976158142,1.7100000381469727,749600,0.0,0.0
2024-02-13 00:00:00-05:00,1.659999966621399,1.8700000047683716,1.600000023841858,1.6100000143051147,285000,0.0,0.0
2024-02-14 00:00:00-05:00,1.690000057220459,1.7200000286102295,1.6100000143051147,1.621999979019165,134500,0.0,0.0
2024-02-15 00:00:00-05:00,1.600000023841858,1.75,1.5099999904632568,1.6699999570846558,243000,0.0,0.0
2024-02-16 00:00:00-05:00,1.7799999713897705,1.7799999713897705,1.649999976158142,1.7100000381469727,83900,0.0,0.0
2024-02-20 00:00:00-05:00,1.659999966621399,1.690000057220459,1.5499999523162842,1.600000023841858,84300,0.0,0.0
2024-02-21 00:00:00-05:00,1.569000005722046,1.6399999856948853,1.4700000286102295,1.5399999618530273,181200,0.0,0.0
2024-02-22 00:00:00-05:00,1.559999942779541,1.590000033378601,1.5299999713897705,1.559999942779541,54000,0.0,0.0
2024-02-23 00:00:00-05:00,1.5399999618530273,1.600000023841858,1.4270000457763672,1.4900000095367432,100000,0.0,0.0
2024-02-26 00:00:00-05:00,1.5,1.5199999809265137,1.4299999475479126,1.440000057220459,70400,0.0,0.0
2024-02-27 00:00:00-05:00,1.4900000095367432,1.6200000047683716,1.4500000476837158,1.600000023841858,207000,0.0,0.0
2024-02-28 00:00:00-05:00,1.649999976158142,1.659999966621399,1.524999976158142,1.6100000143051147,106900,0.0,0.0
2024-02-29 00:00:00-05:00,1.6100000143051147,1.6100000143051147,1.5,1.5299999713897705,87700,0.0,0.0
2024-03-01 00:00:00-05:00,1.5399999618530273,1.5700000524520874,1.4500000476837158,1.4900000095367432,114500,0.0,0.0
2024-03-04 00:00:00-05:00,1.4900000095367432,1.7000000476837158,1.4900000095367432,1.649999976158142,196500,0.0,0.0
2024-03-05 00:00:00-05:00,3.299999952316284,5.96999979019165,2.630000114440918,4.949999809265137,217603600,0.0,0.0
2024-03-06 00:00:00-05:00,8.930000305175781,9.315999984741211,6.28000020980835,6.920000076293945,67979100,0.0,0.0
2024-03-07 00:00:00-05:00,5.550000190734863,5.989999771118164,4.760000228881836,5.5,6495000,0.0,0.0
2024-03-08 00:00:00-05:00,5.619999885559082,6.960000038146973,5.519999980926514,6.800000190734863,5346600,0.0,0.0
2024-03-11 00:00:00-04:00,6.619999885559082,7.820000171661377,6.25,6.869999885559082,4204900,0.0,0.0
2024-03-12 00:00:00-04:00,7.489999771118164,7.699999809265137,6.900000095367432,7.650000095367432,2485200,0.0,0.0
2024-03-13 00:00:00-04:00,7.5,10.180000305175781,7.159999847412109,10.069999694824219,7385500,0.0,0.0
2024-03-14 00:00:00-04:00,9.069999694824219,10.050000190734863,8.050000190734863,9.930000305175781,3195900,0.0,0.0
2024-03-15 00:00:00-04:00,9.5,10.979999542236328,9.359999656677246,10.75,4738300,0.0,0.0
2024-03-18 00:00:00-04:00,10.859999656677246,13.869999885559082,10.803999900817871,13.470000267028809,5881800,0.0,0.0
2024-03-19 00:00:00-04:00,11.890000343322754,14.319000244140625,10.899999618530273,12.770000457763672,4318400,0.0,0.0
2024-03-20 00:00:00-04:00,12.670000076293945,12.994999885559082,8.600000381469727,10.3100004196167,4086800,0.0,0.0
2024-03-21 00:00:00-04:00,9.800000190734863,10.25,8.5,8.670000076293945,2400500,0.0,0.0
2024-03-22 00:00:00-04:00,8.369999885559082,9.489999771118164,7.400000095367432,9.399999618530273,2126200,0.0,0.0
2024-03-25 00:00:00-04:00,8.899999618530273,9.211999893188477,8.149999618530273,8.3100004196167,1665700,0.0,0.0
2024-03-26 00:00:00-04:00,8.239999771118164,8.729999542236328,8.039999961853027,8.670000076293945,817500,0.0,0.0
2024-03-27 00:00:00-04:00,8.359999656677246,8.359999656677246,7.650000095367432,7.650000095367432,697900,0.0,0.0
2024-03-28 00:00:00-04:00,7.460000038146973,7.89900016784668,6.5,6.590000152587891,932500,0.0,0.0
2024-04-01 00:00:00-04:00,6.570000171661377,8.260000228881836,6.150000095367432,8.100000381469727,2912100,0.0,0.0
2024-04-02 00:00:00-04:00,7.78000020980835,9.779999732971191,7.289999961853027,8.9399995803833,2696200,0.0,0.0
2024-04-03 00:00:00-04:00,9.210000038146973,11.039999961853027,9.100000381469727,10.989999771118164,3896700,0.0,0.0
2024-04-04 00:00:00-04:00,11.050000190734863,11.699999809265137,9.59000015258789,9.640000343322754,2273700,0.0,0.0
2024-04-05 00:00:00-04:00,9.729999542236328,10.319999694824219,9.402999877929688,9.789999961853027,1023100,0.0,0.0
2024-04-08 00:00:00-04:00,9.600000381469727,10.0,9.057000160217285,9.9399995803833,1094700,0.0,0.0
2024-04-09 00:00:00-04:00,9.899999618530273,9.9399995803833,8.199999809265137,8.220000267028809,1101900,0.0,0.0
2024-04-10 00:00:00-04:00,8.279999732971191,9.489999771118164,8.25,8.579999923706055,1183900,0.0,0.0
2024-04-11 00:00:00-04:00,8.619999885559082,9.0,8.399999618530273,8.640000343322754,485500,0.0,0.0
2024-04-12 00:00:00-04:00,8.5,8.789999961853027,7.900000095367432,7.960000038146973,418800,0.0,0.0
2024-04-15 00:00:00-04:00,7.889999866485596,9.260000228881836,7.809999942779541,9.0,1274200,0.0,0.0
2024-04-16 00:00:00-04:00,8.770000457763672,8.829999923706055,8.0,8.079999923706055,661800,0.0,0.0
2024-04-17 00:00:00-04:00,8.180000305175781,8.4399995803833,7.980000019073486,8.149999618530273,312300,0.0,0.0
2024-04-18 00:00:00-04:00,8.199999809265137,8.3100004196167,7.570000171661377,7.610000133514404,446700,0.0,0.0
2024-04-19 00:00:00-04:00,7.659999847412109,7.800000190734863,6.610000133514404,6.670000076293945,555700,0.0,0.0
2024-04-22 00:00:00-04:00,6.730000019073486,7.769999980926514,6.71999979019165,7.429999828338623,780400,0.0,0.0
2024-04-23 00:00:00-04:00,7.369999885559082,8.15999984741211,7.309999942779541,7.929999828338623,521800,0.0,0.0
2024-04-24 00:00:00-04:00,7.889999866485596,7.927000045776367,7.159999847412109,7.179999828338623,395600,0.0,0.0
2024-04-25 00:00:00-04:00,7.179999828338623,7.699999809265137,6.929999828338623,7.300000190734863,465600,0.0,0.0
2024-04-26 00:00:00-04:00,7.199999809265137,7.820000171661377,7.199999809265137,7.429999828338623,411500,0.0,0.0
2024-04-29 00:00:00-04:00,7.349999904632568,7.599999904632568,7.130000114440918,7.130000114440918,281400,0.0,0.0
2024-04-30 00:00:00-04:00,7.130000114440918,7.489999771118164,6.883999824523926,7.360000133514404,381300,0.0,0.0
2024-05-01 00:00:00-04:00,7.260000228881836,7.260000228881836,6.61899995803833,6.820000171661377,479800,0.0,0.0
2024-05-02 00:00:00-04:00,6.900000095367432,7.0329999923706055,6.639999866485596,6.650000095367432,216000,0.0,0.0
2024-05-03 00:00:00-04:00,6.809999942779541,6.875999927520752,5.980000019073486,6.039999961853027,537100,0.0,0.0
2024-05-06 00:00:00-04:00,6.159999847412109,6.960000038146973,6.159999847412109,6.690000057220459,430500,0.0,0.0
2024-05-07 00:00:00-04:00,6.679999828338623,6.710000038146973,6.25,6.360000133514404,278100,0.0,0.0
2024-05-08 00:00:00-04:00,6.260000228881836,6.579999923706055,6.061999797821045,6.309999942779541,253600,0.0,0.0
2024-05-09 00:00:00-04:00,5.699999809265137,5.735000133514404,4.980000019073486,5.329999923706055,1083500,0.0,0.0
2024-05-10 00:00:00-04:00,5.360000133514404,5.47599983215332,5.099999904632568,5.289999961853027,337600,0.0,0.0
2024-05-13 00:00:00-04:00,5.230000019073486,5.489999771118164,5.170000076293945,5.489999771118164,408600,0.0,0.0
2024-05-14 00:00:00-04:00,5.420000076293945,6.300000190734863,5.260000228881836,6.03000020980835,736000,0.0,0.0
2024-05-15 00:00:00-04:00,5.590000152587891,5.900000095367432,5.211999893188477,5.340000152587891,736600,0.0,0.0
2024-05-16 00:00:00-04:00,5.420000076293945,5.519999980926514,5.175000190734863,5.349999904632568,353600,0.0,0.0
2024-05-17 00:00:00-04:00,5.190000057220459,5.260000228881836,4.28000020980835,4.360000133514404,705300,0.0,0.0
2024-05-20 00:00:00-04:00,4.590000152587891,4.800000190734863,4.429999828338623,4.440000057220459,364600,0.0,0.0
2024-05-21 00:00:00-04:00,4.5,4.849999904632568,4.5,4.710000038146973,223100,0.0,0.0
2024-05-22 00:00:00-04:00,4.760000228881836,4.880000114440918,4.550000190734863,4.639999866485596,193000,0.0,0.0
2024-05-23 00:00:00-04:00,4.590000152587891,4.630000114440918,3.809999942779541,3.869999885559082,580600,0.0,0.0
2024-05-24 00:00:00-04:00,4.010000228881836,4.099999904632568,3.881999969482422,3.9800000190734863,170400,0.0,0.0
2024-05-28 00:00:00-04:00,4.0,4.0,3.6500000953674316,3.8499999046325684,348600,0.0,0.0
2024-05-29 00:00:00-04:00,3.8499999046325684,4.190000057220459,3.759999990463257,3.8299999237060547,321400,0.0,0.0
2024-05-30 00:00:00-04:00,3.9000000953674316,4.440000057220459,3.9000000953674316,4.230000019073486,403900,0.0,0.0
2024-05-31 00:00:00-04:00,4.199999809265137,4.380000114440918,4.070000171661377,4.170000076293945,177100,0.0,0.0
2024-06-03 00:00:00-04:00,4.179999828338623,4.21999979019165,3.700000047683716,3.7899999618530273,427800,0.0,0.0
2024-06-04 00:00:00-04:00,3.7200000286102295,3.809999942779541,3.509999990463257,3.569999933242798,240300,0.0,0.0
2024-06-05 00:00:00-04:00,3.5899999141693115,3.640000104904175,3.380000114440918,3.4000000953674316,266800,0.0,0.0
2024-06-06 00:00:00-04:00,3.4000000953674316,3.569999933242798,3.380000114440918,3.509999990463257,173000,0.0,0.0
2024-06-07 00:00:00-04:00,3.390000104904175,3.819999933242798,3.390000104904175,3.4700000286102295,322900,0.0,0.0
2024-06-10 00:00:00-04:00,3.390000104904175,3.4000000953674316,3.009999990463257,3.140000104904175,332700,0.0,0.0
2024-06-11 00:00:00-04:00,3.680000066757202,5.380000114440918,3.640000104904175,4.619999885559082,96582300,0.0,0.0
2024-06-12 00:00:00-04:00,4.489999771118164,4.599999904632568,4.050000190734863,4.380000114440918,3662700,0.0,0.0
2024-06-13 00:00:00-04:00,4.340000152587891,4.679999828338623,3.8299999237060547,4.019999980926514,2111700,0.0,0.0
2024-06-14 00:00:00-04:00,3.9000000953674316,3.924999952316284,3.6500000953674316,3.7699999809265137,715000,0.0,0.0
2024-06-17 00:00:00-04:00,3.6700000762939453,4.139999866485596,3.5899999141693115,4.010000228881836,763600,0.0,0.0
2024-06-18 00:00:00-04:00,4.230000019073486,4.849999904632568,3.9800000190734863,4.670000076293945,2457000,0.0,0.0
2024-06-20 00:00:00-04:00,4.619999885559082,5.5,4.28000020980835,5.269999980926514,2252200,0.0,0.0
2024-06-21 00:00:00-04:00,5.300000190734863,5.349999904632568,4.25,4.340000152587891,1418700,0.0,0.0
2024-06-24 00:00:00-04:00,4.340000152587891,4.340000152587891,3.619999885559082,3.9700000286102295,1437200,0.0,0.0
2024-06-25 00:00:00-04:00,4.150000095367432,4.480000019073486,3.8299999237060547,3.869999885559082,732900,0.0,0.0
2024-06-26 00:00:00-04:00,3.9100000858306885,3.9200000762939453,3.319999933242798,3.4100000858306885,1044400,0.0,0.0
2024-06-27 00:00:00-04:00,3.4200000762939453,3.4800000190734863,3.2699999809265137,3.3399999141693115,544600,0.0,0.0
2024-06-28 00:00:00-04:00,3.3299999237060547,3.5999999046325684,3.2899999618530273,3.5899999141693115,1258000,0.0,0.0
2024-07-01 00:00:00-04:00,3.559999942779541,3.8299999237060547,3.4200000762939453,3.7899999618530273,661100,0.0,0.0
2024-07-02 00:00:00-04:00,3.809999942779541,3.809999942779541,3.6700000762939453,3.7300000190734863,342900,0.0,0.0
2024-07-03 00:00:00-04:00,3.7899999618530273,3.819999933242798,3.619999885559082,3.7799999713897705,353000,0.0,0.0
2024-07-05 00:00:00-04:00,3.809999942779541,3.819999933242798,3.5199999809265137,3.7799999713897705,540900,0.0,0.0
2024-07-08 00:00:00-04:00,3.6500000953674316,3.940000057220459,3.5,3.9100000858306885,550400,0.0,0.0
2024-07-09 00:00:00-04:00,3.8399999141693115,4.309999942779541,3.7200000286102295,3.9600000381469727,960300,0.0,0.0
2024-07-10 00:00:00-04:00,3.9800000190734863,4.119999885559082,3.680000066757202,3.740000009536743,475600,0.0,0.0
2024-07-11 00:00:00-04:00,3.7899999618530273,3.9600000381469727,3.7200000286102295,3.799999952316284,438400,0.0,0.0
2024-07-12 00:00:00-04:00,3.809999942779541,3.9600000381469727,3.7699999809265137,3.7899999618530273,418800,0.0,0.0
2024-07-15 00:00:00-04:00,3.8399999141693115,4.026000022888184,3.8399999141693115,3.950000047683716,350200,0.0,0.0
2024-07-16 00:00:00-04:00,3.950000047683716,4.25,3.8499999046325684,4.230000019073486,340300,0.0,0.0
2024-07-17 00:00:00-04:00,4.150000095367432,4.189000129699707,3.9000000953674316,4.050000190734863,329800,0.0,0.0
2024-07-18 00:00:00-04:00,4.099999904632568,4.400000095367432,4.070000171661377,4.170000076293945,491800,0.0,0.0
2024-07-19 00:00:00-04:00,4.289999961853027,4.289999961853027,4.070000171661377,4.190000057220459,404700,0.0,0.0
2024-07-22 00:00:00-04:00,4.179999828338623,4.215000152587891,3.859999895095825,3.9200000762939453,423200,0.0,0.0
2024-07-23 00:00:00-04:00,3.809999942779541,3.8499999046325684,3.569999933242798,3.680000066757202,418500,0.0,0.0
2024-07-24 00:00:00-04:00,3.6500000953674316,3.7899999618530273,3.4700000286102295,3.619999885559082,316300,0.0,0.0
2024-07-25 00:00:00-04:00,3.5799999237060547,3.8499999046325684,3.4800000190734863,3.740000009536743,313500,0.0,0.0
2024-07-26 00:00:00-04:00,3.75,3.950000047683716,3.75,3.869999885559082,255700,0.0,0.0
2024-07-29 00:00:00-04:00,3.8399999141693115,3.859999895095825,3.5299999713897705,3.569999933242798,868400,0.0,0.0
2024-07-30 00:00:00-04:00,3.8299999237060547,3.869999885559082,3.569999933242798,3.7799999713897705,846200,0.0,0.0
2024-07-31 00:00:00-04:00,3.890000104904175,4.199999809265137,3.799999952316284,3.9800000190734863,758800,0.0,0.0
2024-08-01 00:00:00-04:00,3.940000057220459,4.03000020980835,3.6700000762939453,3.680000066757202,338600,0.0,0.0
2024-08-02 00:00:00-04:00,3.6500000953674316,3.6500000953674316,3.3299999237060547,3.380000114440918,378700,0.0,0.0
2024-08-05 00:00:00-04:00,3.0,3.309999942779541,3.0,3.1600000858306885,299100,0.0,0.0
2024-08-06 00:00:00-04:00,3.2200000286102295,3.2899999618530273,3.119999885559082,3.1700000762939453,194800,0.0,0.0
2024-08-07 00:00:00-04:00,3.190000057220459,3.369999885559082,3.069999933242798,3.0899999141693115,311300,0.0,0.0
2024-08-08 00:00:00-04:00,3.049999952316284,3.119999885559082,2.7799999713897705,3.009999990463257,266100,0.0,0.0
2024-08-09 00:00:00-04:00,3.0199999809265137,3.0899999141693115,3.015000104904175,3.0350000858306885,146900,0.0,0.0
2024-08-12 00:00:00-04:00,3.009999990463257,3.0299999713897705,2.7899999618530273,2.819999933242798,314900,0.0,0.0
2024-08-13 00:00:00-04:00,2.859999895095825,2.999000072479248,2.740000009536743,2.8299999237060547,255600,0.0,0.0
2024-08-14 00:00:00-04:00,2.8299999237060547,2.9000000953674316,2.434999942779541,2.5199999809265137,721600,0.0,0.0
2024-08-15 00:00:00-04:00,3.1649999618530273,3.2300000190734863,2.700000047683716,2.859999895095825,10848500,0.0,0.0
2024-08-16 00:00:00-04:00,2.8499999046325684,3.799999952316284,2.740000009536743,3.569999933242798,3503200,0.0,0.0
2024-08-19 00:00:00-04:00,3.609999895095825,4.119999885559082,3.4700000286102295,3.7100000381469727,1561200,0.0,0.0
2024-08-20 00:00:00-04:00,3.8499999046325684,3.8949999809265137,3.4800000190734863,3.700000047683716,1522200,0.0,0.0
2024-08-21 00:00:00-04:00,3.7100000381469727,3.880000114440918,3.630000114440918,3.825000047683716,751800,0.0,0.0
2024-08-22 00:00:00-04:00,3.8499999046325684,3.880000114440918,3.450000047683716,3.4700000286102295,853300,0.0,0.0
2024-08-23 00:00:00-04:00,3.4700000286102295,3.549999952316284,3.0999999046325684,3.390000104904175,994400,0.0,0.0
2024-08-26 00:00:00-04:00,3.3299999237060547,3.390000104904175,3.1700000762939453,3.25,408700,0.0,0.0
2024-08-27 00:00:00-04:00,3.240000009536743,3.240000009536743,3.009999990463257,3.049999952316284,416500,0.0,0.0
2024-08-28 00:00:00-04:00,3.059999942779541,3.0799999237060547,2.880000114440918,2.950000047683716,440200,0.0,0.0
2024-08-29 00:00:00-04:00,3.0199999809265137,3.069999933242798,2.640000104904175,2.6500000953674316,919200,0.0,0.0
2024-08-30 00:00:00-04:00,2.880000114440918,3.2799999713897705,2.8610000610351562,3.109999895095825,3153000,0.0,0.0
2024-09-03 00:00:00-04:00,3.0399999618530273,3.0399999618530273,2.8010001182556152,3.0,643700,0.0,0.0
2024-09-04 00:00:00-04:00,2.950000047683716,3.130000114440918,2.9000000953674316,2.9600000381469727,306500,0.0,0.0
2024-09-05 00:00:00-04:00,2.9600000381469727,3.0299999713897705,2.8499999046325684,2.880000114440918,239500,0.0,0.0
2024-09-06 00:00:00-04:00,2.859999895095825,2.884999990463257,2.700000047683716,2.755000114440918,342800,0.0,0.0
2024-09-09 00:00:00-04:00,2.759999990463257,2.869999885559082,2.7100000381469727,2.7300000190734863,284300,0.0,0.0
2024-09-10 00:00:00-04:00,2.7699999809265137,2.859999895095825,2.630000114440918,2.740000009536743,279300,0.0,0.0
2024-09-11 00:00:00-04:00,2.740000009536743,2.7899999618530273,2.6500000953674316,2.75,259700,0.0,0.0
2024-09-12 00:00:00-04:00,2.7200000286102295,2.8399999141693115,2.7039999961853027,2.759999990463257,242300,0.0,0.0
2024-09-13 00:00:00-04:00,2.759999990463257,2.8499999046325684,2.680000066757202,2.7200000286102295,347900,0.0,0.0
2024-09-16 00:00:00-04:00,2.7300000190734863,2.740000009536743,2.5899999141693115,2.619999885559082,441700,0.0,0.0
2024-09-17 00:00:00-04:00,2.700000047683716,2.759999990463257,2.549999952316284,2.5999999046325684,401700,0.0,0.0
2024-09-18 00:00:00-04:00,2.5999999046325684,2.690000057220459,2.440000057220459,2.559999942779541,479000,0.0,0.0
2024-09-19 00:00:00-04:00,2.5899999141693115,2.609999895095825,2.440000057220459,2.4800000190734863,391300,0.0,0.0
2024-09-20 00:00:00-04:00,2.4800000190734863,2.5,2.380000114440918,2.4800000190734863,762000,0.0,0.0
2024-09-23 00:00:00-04:00,2.5,2.5399999618530273,2.319999933242798,2.4000000953674316,346300,0.0,0.0
2024-09-24 00:00:00-04:00,2.4200000762939453,2.430000066757202,2.2699999809265137,2.3299999237060547,370500,0.0,0.0
2024-09-25 00:00:00-04:00,2.3299999237060547,2.359999895095825,2.2200000286102295,2.259999990463257,305600,0.0,0.0
2024-09-26 00:00:00-04:00,2.2699999809265137,2.369999885559082,2.2200000286102295,2.359999895095825,376100,0.0,0.0
2024-09-27 00:00:00-04:00,2.390000104904175,2.549999952316284,2.3499999046325684,2.4600000381469727,416200,0.0,0.0
2024-09-30 00:00:00-04:00,2.4600000381469727,2.4600000381469727,2.259999990463257,2.299999952316284,420900,0.0,0.0
2024-10-01 00:00:00-04:00,2.5,2.5299999713897705,2.0999999046325684,2.2100000381469727,1078600,0.0,0.0
2024-10-02 00:00:00-04:00,2.1700000762939453,2.2290000915527344,2.109999895095825,2.1700000762939453,348700,0.0,0.0
2024-10-03 00:00:00-04:00,2.200000047683716,2.25,2.049999952316284,2.125,417900,0.0,0.0
2024-10-04 00:00:00-04:00,2.130000114440918,2.1700000762939453,2.0399999618530273,2.1500000953674316,338700,0.0,0.0
2024-10-07 00:00:00-04:00,2.200000047683716,2.200000047683716,2.0899999141693115,2.140000104904175,409300,0.0,0.0
2024-10-08 00:00:00-04:00,2.1700000762939453,2.2300000190734863,2.0299999713897705,2.0399999618530273,716500,0.0,0.0
2024-10-09 00:00:00-04:00,2.0899999141693115,2.2300000190734863,2.0299999713897705,2.0799999237060547,551900,0.0,0.0
2024-10-10 00:00:00-04:00,2.0799999237060547,2.140000104904175,2.0199999809265137,2.109999895095825,356700,0.0,0.0
2024-10-11 00:00:00-04:00,2.1500000953674316,2.5399999618530273,2.140000104904175,2.299999952316284,1677900,0.0,0.0
2024-10-14 00:00:00-04:00,2.369999885559082,2.5,1.9900000095367432,2.1600000858306885,1365300,0.0,0.0
2024-10-15 00:00:00-04:00,2.180000066757202,2.200000047683716,2.0959999561309814,2.119999885559082,420600,0.0,0.0
2024-10-16 00:00:00-04:00,2.119999885559082,2.180000066757202,2.0999999046325684,2.180000066757202,245200,0.0,0.0
2024-10-17 00:00:00-04:00,2.1600000858306885,2.188999891281128,2.049999952316284,2.049999952316284,490700,0.0,0.0
2024-10-18 00:00:00-04:00,2.059999942779541,2.130000114440918,2.0,2.0799999237060547,630800,0.0,0.0
2024-10-21 00:00:00-04:00,2.109999895095825,2.109999895095825,2.0350000858306885,2.069999933242798,269800,0.0,0.0
2024-10-22 00:00:00-04:00,2.069999933242798,2.0799999237060547,1.9500000476837158,2.0,549800,0.0,0.0
2024-10-23 00:00:00-04:00,1.9900000095367432,2.009999990463257,1.9199999570846558,2.009999990463257,605700,0.0,0.0
2024-10-24 00:00:00-04:00,2.0,2.0199999809265137,1.9500000476837158,2.0199999809265137,168500,0.0,0.0
2024-10-25 00:00:00-04:00,1.9800000190734863,2.009999990463257,1.9600000381469727,1.9700000286102295,276400,0.0,0.0
2024-10-28 00:00:00-04:00,1.9800000190734863,2.0999999046325684,1.9700000286102295,2.0399999618530273,381100,0.0,0.0
2024-10-29 00:00:00-04:00,2.0399999618530273,2.25,2.0399999618530273,2.2200000286102295,698600,0.0,0.0
2024-10-30 00:00:00-04:00,2.190000057220459,2.2200000286102295,2.0399999618530273,2.069999933242798,433200,0.0,0.0
2024-10-31 00:00:00-04:00,2.049999952316284,2.0999999046325684,1.899999976158142,1.899999976158142,476200,0.0,0.0
2024-11-01 00:00:00-04:00,1.9500000476837158,1.9759999513626099,1.899999976158142,1.940000057220459,288400,0.0,0.0
2024-11-04 00:00:00-05:00,1.909999966621399,2.0399999618530273,1.9040000438690186,2.0199999809265137,280900,0.0,0.0
2024-11-05 00:00:00-05:00,2.0199999809265137,2.119999885559082,2.0199999809265137,2.119999885559082,323900,0.0,0.0
2024-11-06 00:00:00-05:00,2.2300000190734863,2.359999895095825,2.180000066757202,2.299999952316284,802600,0.0,0.0
2024-11-07 00:00:00-05:00,2.25,2.390000104904175,2.0799999237060547,2.3499999046325684,533600,0.0,0.0
2024-11-08 00:00:00-05:00,2.3399999141693115,2.759999990463257,2.2200000286102295,2.75,1288200,0.0,0.0
2024-11-11 00:00:00-05:00,3.0999999046325684,3.3499999046325684,2.950000047683716,3.180000066757202,2643600,0.0,0.0
2024-11-12 00:00:00-05:00,3.130000114440918,3.5,3.049999952316284,3.069999933242798,2463000,0.0,0.0
2024-11-13 00:00:00-05:00,3.4000000953674316,4.400000095367432,3.130000114440918,3.740000009536743,6258800,0.0,0.0
2024-11-14 00:00:00-05:00,3.9200000762939453,4.150000095367432,3.3399999141693115,3.694999933242798,2395200,0.0,0.0
2024-11-15 00:00:00-05:00,3.3499999046325684,3.4079999923706055,2.5999999046325684,2.8499999046325684,2426100,0.0,0.0
2024-11-18 00:00:00-05:00,2.9000000953674316,2.9200000762939453,2.5,2.6600000858306885,1476100,0.0,0.0
2024-11-19 00:00:00-05:00,2.5899999141693115,2.805000066757202,2.5399999618530273,2.7200000286102295,1285700,0.0,0.0
2024-11-20 00:00:00-05:00,2.690000057220459,2.7699999809265137,2.549999952316284,2.559999942779541,790500,0.0,0.0
2024-11-21 00:00:00-05:00,2.549999952316284,2.640000104904175,2.25,2.440000057220459,1601200,0.0,0.0
2024-11-22 00:00:00-05:00,2.3499999046325684,2.549999952316284,2.2880001068115234,2.440000057220459,746400,0.0,0.0
2024-11-25 00:00:00-05:00,2.5,2.880000114440918,2.4700000286102295,2.7300000190734863,1818800,0.0,0.0
2024-11-26 00:00:00-05:00,2.6700000762939453,2.6700000762939453,2.5199999809265137,2.5299999713897705,908100,0.0,0.0
2024-11-27 00:00:00-05:00,2.569999933242798,2.6449999809265137,2.4800000190734863,2.5999999046325684,657700,0.0,0.0
2024-11-29 00:00:00-05:00,2.6600000858306885,3.2300000190734863,2.6500000953674316,3.119999885559082,2926300,0.0,0.0
2024-12-02 00:00:00-05:00,3.680000066757202,3.940000057220459,3.1700000762939453,3.2300000190734863,3947700,0.0,0.0
2024-12-03 00:00:00-05:00,3.240000009536743,3.309999942779541,2.9700000286102295,3.0,1196300,0.0,0.0
2024-12-04 00:00:00-05:00,3.059999942779541,3.3299999237060547,2.9049999713897705,2.9800000190734863,1566000,0.0,0.0
2024-12-05 00:00:00-05:00,3.005000114440918,3.0510001182556152,2.8299999237060547,2.9000000953674316,1086600,0.0,0.0
2024-12-06 00:00:00-05:00,3.119999885559082,3.546999931335449,3.0,3.4100000858306885,3090700,0.0,0.0
2024-12-09 00:00:00-05:00,3.8499999046325684,3.950000047683716,3.312000036239624,3.359999895095825,2725000,0.0,0.0
2024-12-10 00:00:00-05:00,3.319999933242798,3.7850000858306885,3.1600000858306885,3.549999952316284,2470600,0.0,0.0
2024-12-11 00:00:00-05:00,3.7200000286102295,3.819999933242798,3.328000068664551,3.5,2195700,0.0,0.0
2024-12-12 00:00:00-05:00,3.430000066757202,3.4549999237060547,2.890000104904175,2.950000047683716,2089500,0.0,0.0
2024-12-13 00:00:00-05:00,2.9200000762939453,3.190000057220459,2.8499999046325684,3.1700000762939453,1174200,0.0,0.0
2024-12-16 00:00:00-05:00,3.190000057220459,3.2049999237060547,2.9100000858306885,3.0,1520600,0.0,0.0
2024-12-17 00:00:00-05:00,3.069999933242798,3.200000047683716,2.9600000381469727,3.1600000858306885,1255100,0.0,0.0
2024-12-18 00:00:00-05:00,3.200000047683716,4.400000095367432,3.1700000762939453,3.609999895095825,8080500,0.0,0.0
2024-12-19 00:00:00-05:00,4.059999942779541,5.449999809265137,3.9100000858306885,4.21999979019165,14237600,0.0,0.0
2024-12-20 00:00:00-05:00,4.210000038146973,4.889999866485596,4.210000038146973,4.369999885559082,6012600,0.0,0.0
2024-12-23 00:00:00-05:00,4.71999979019165,5.880000114440918,4.670000076293945,5.710000038146973,6834400,0.0,0.0
2024-12-24 00:00:00-05:00,5.789999961853027,6.159999847412109,5.0,5.539999961853027,4750400,0.0,0.0
2024-12-26 00:00:00-05:00,5.800000190734863,6.21999979019165,5.420000076293945,5.760000228881836,5798400,0.0,0.0
2024-12-27 00:00:00-05:00,6.159999847412109,6.539999961853027,5.175000190734863,5.610000133514404,5556800,0.0,0.0
2024-12-30 00:00:00-05:00,5.449999809265137,7.199999809265137,5.320000171661377,6.889999866485596,6927500,0.0,0.0
2024-12-31 00:00:00-05:00,7.5,7.659999847412109,5.989999771118164,6.260000228881836,5795200,0.0,0.0
2025-01-02 00:00:00-05:00,6.25,6.349999904632568,5.400000095367432,5.96999979019165,3526300,0.0,0.0
2025-01-03 00:00:00-05:00,5.800000190734863,6.179999828338623,5.429999828338623,5.889999866485596,3144100,0.0,0.0
2025-01-06 00:00:00-05:00,6.0,6.409999847412109,5.25,5.329999923706055,4465000,0.0,0.0
2025-01-07 00:00:00-05:00,5.400000095367432,5.550000190734863,4.760000228881836,4.889999866485596,3306200,0.0,0.0
2025-01-08 00:00:00-05:00,4.639999866485596,4.704999923706055,4.239999771118164,4.550000190734863,2804400,0.0,0.0
2025-01-10 00:00:00-05:00,4.539999961853027,4.809999942779541,4.400000095367432,4.619999885559082,1525200,0.0,0.0
2025-01-13 00:00:00-05:00,4.139999866485596,4.400000095367432,3.859999895095825,4.170000076293945,1789700,0.0,0.0
2025-01-14 00:00:00-05:00,4.440000057220459,4.929999828338623,4.440000057220459,4.690000057220459,1868400,0.0,0.0
2025-01-15 00:00:00-05:00,4.849999904632568,5.170000076293945,4.639999866485596,5.130000114440918,2281700,0.0,0.0
2025-01-16 00:00:00-05:00,5.230000019073486,5.5929999351501465,5.090000152587891,5.340000152587891,1778600,0.0,0.0
2025-01-17 00:00:00-05:00,5.360000133514404,5.440000057220459,4.795000076293945,5.070000171661377,1762100,0.0,0.0
2025-01-21 00:00:00-05:00,5.260000228881836,5.829999923706055,4.940000057220459,5.809999942779541,2228500,0.0,0.0
2025-01-22 00:00:00-05:00,6.0,6.0,5.510000228881836,5.579999923706055,1936600,0.0,0.0
2025-01-23 00:00:00-05:00,5.409999847412109,5.599999904632568,5.119999885559082,5.159999847412109,1490200,0.0,0.0
2025-01-24 00:00:00-05:00,5.130000114440918,5.300000190734863,4.860000133514404,4.929999828338623,1485300,0.0,0.0
2025-01-27 00:00:00-05:00,4.599999904632568,4.760000228881836,4.432000160217285,4.630000114440918,1245200,0.0,0.0
2025-01-28 00:00:00-05:00,4.860000133514404,4.860000133514404,4.28000020980835,4.559999942779541,991200,0.0,0.0
2025-01-29 00:00:00-05:00,4.5,4.590000152587891,4.28000020980835,4.5,868000,0.0,0.0
2025-01-30 00:00:00-05:00,4.630000114440918,4.761000156402588,4.539999961853027,4.599999904632568,601500,0.0,0.0
2025-01-31 00:00:00-05:00,4.659999847412109,4.96999979019165,4.40500020980835,4.46999979019165,2780500,0.0,0.0
2025-02-03 00:00:00-05:00,4.059999942779541,4.375,3.930000066757202,4.329999923706055,1009800,0.0,0.0
2025-02-04 00:00:00-05:00,4.360000133514404,4.5,4.284999847412109,4.369999885559082,830200,0.0,0.0
2025-02-05 00:00:00-05:00,4.380000114440918,4.849999904632568,4.230000019073486,4.769999980926514,1438900,0.0,0.0
2025-02-06 00:00:00-05:00,5.0,5.409999847412109,4.84499979019165,4.929999828338623,2015900,0.0,0.0
2025-02-07 00:00:00-05:00,5.0,5.890999794006348,4.869999885559082,5.789999961853027,4150000,0.0,0.0
2025-02-10 00:00:00-05:00,5.980000019073486,6.119999885559082,5.420000076293945,5.739999771118164,3680800,0.0,0.0
2025-02-11 00:00:00-05:00,5.78000020980835,6.039999961853027,5.28000020980835,5.440000057220459,2177200,0.0,0.0
2025-02-12 00:00:00-05:00,5.275000095367432,5.550000190734863,5.150000095367432,5.480000019073486,1247800,0.0,0.0
2025-02-13 00:00:00-05:00,5.650000095367432,6.489999771118164,5.650000095367432,6.21999979019165,4663600,0.0,0.0
2025-02-14 00:00:00-05:00,6.434999942779541,6.860000133514404,5.940000057220459,6.360000133514404,3866600,0.0,0.0
2025-02-18 00:00:00-05:00,6.46999979019165,6.630000114440918,5.739999771118164,5.929999828338623,2752300,0.0,0.0
2025-02-19 00:00:00-05:00,5.820000171661377,5.849999904632568,5.28000020980835,5.369999885559082,2126700,0.0,0.0
2025-02-20 00:00:00-05:00,5.230000019073486,5.28000020980835,4.800000190734863,5.025000095367432,1884000,0.0,0.0
2025-02-21 00:00:00-05:00,5.090000152587891,5.275000095367432,4.849999904632568,5.0,1219800,0.0,0.0
2025-02-24 00:00:00-05:00,5.070000171661377,5.199999809265137,4.420000076293945,4.820000171661377,1834700,0.0,0.0
2025-02-25 00:00:00-05:00,4.699999809265137,4.739999771118164,4.099999904632568,4.204999923706055,1668600,0.0,0.0
2025-02-26 00:00:00-05:00,4.239999771118164,4.559999942779541,4.239999771118164,4.474999904632568,827000,0.0,0.0
2025-02-27 00:00:00-05:00,4.610000133514404,4.690000057220459,4.119999885559082,4.179999828338623,841100,0.0,0.0
2025-02-28 00:00:00-05:00,4.059999942779541,4.260000228881836,3.9200000762939453,4.239999771118164,704100,0.0,0.0
2025-03-03 00:00:00-05:00,4.199999809265137,4.28000020980835,3.1500000953674316,3.325000047683716,2829600,0.0,0.0
2025-03-04 00:00:00-05:00,3.1600000858306885,3.359999895095825,2.9700000286102295,3.2699999809265137,1306500,0.0,0.0
2025-03-05 00:00:00-05:00,3.319999933242798,3.640000104904175,3.200000047683716,3.5999999046325684,949000,0.0,0.0
2025-03-06 00:00:00-05:00,3.490000009536743,3.509999990463257,3.2209999561309814,3.2899999618530273,611700,0.0,0.0
2025-03-07 00:00:00-05:00,3.259999990463257,3.569999933242798,3.259999990463257,3.494999885559082,828200,0.0,0.0
2025-03-10 00:00:00-04:00,3.359999895095825,3.450000047683716,3.130000114440918,3.299999952316284,664400,0.0,0.0
2025-03-11 00:00:00-04:00,3.299999952316284,3.430000066757202,3.200000047683716,3.3299999237060547,323600,0.0,0.0
2025-03-12 00:00:00-04:00,3.4000000953674316,3.5199999809265137,3.2799999713897705,3.4549999237060547,614100,0.0,0.0
2025-03-13 00:00:00-04:00,3.4800000190734863,3.5999999046325684,3.390000104904175,3.4000000953674316,380300,0.0,0.0
2025-03-14 00:00:00-04:00,3.450000047683716,3.7799999713897705,3.430000066757202,3.759999990463257,547300,0.0,0.0
2025-03-17 00:00:00-04:00,3.890000104904175,4.159999847412109,3.8299999237060547,4.079999923706055,702800,0.0,0.0
2025-03-18 00:00:00-04:00,4.0,4.559999942779541,3.799999952316284,4.380000114440918,1513200,0.0,0.0
2025-03-19 00:00:00-04:00,4.670000076293945,4.809999942779541,4.380000114440918,4.599999904632568,1422600,0.0,0.0
2025-03-20 00:00:00-04:00,4.590000152587891,4.660999774932861,4.199999809265137,4.260000228881836,705600,0.0,0.0
2025-03-21 00:00:00-04:00,4.179999828338623,4.199999809265137,4.050000190734863,4.050000190734863,672100,0.0,0.0
2025-03-24 00:00:00-04:00,4.179999828338623,4.550000190734863,4.050000190734863,4.53000020980835,954900,0.0,0.0
2025-03-25 00:00:00-04:00,4.309999942779541,5.199999809265137,4.309999942779541,4.75,2474900,0.0,0.0
2025-03-26 00:00:00-04:00,4.849999904632568,4.989999771118164,4.599999904632568,4.639999866485596,945000,0.0,0.0
2025-03-27 00:00:00-04:00,4.610000133514404,5.099999904632568,4.5,4.639999866485596,847100,0.0,0.0
2025-03-28 00:00:00-04:00,4.619999885559082,4.650000095367432,4.130000114440918,4.239999771118164,778900,0.0,0.0
2025-03-31 00:00:00-04:00,4.010000228881836,4.090000152587891,3.7300000190734863,3.859999895095825,943400,0.0,0.0
2025-04-01 00:00:00-04:00,3.880000114440918,3.9700000286102295,3.75,3.944999933242798,423300,0.0,0.0
2025-04-02 00:00:00-04:00,3.859999895095825,4.110000133514404,3.8550000190734863,4.050000190734863,502500,0.0,0.0
2025-04-03 00:00:00-04:00,3.6600000858306885,3.930000066757202,3.6500000953674316,3.880000114440918,569500,0.0,0.0
2025-04-04 00:00:00-04:00,3.6600000858306885,3.700000047683716,3.4000000953674316,3.569999933242798,656100,0.0,0.0
2025-04-07 00:00:00-04:00,3.309999942779541,3.874000072479248,3.1500000953674316,3.6700000762939453,637200,0.0,0.0
2025-04-08 00:00:00-04:00,4.0,4.089000225067139,3.359999895095825,3.430000066757202,647300,0.0,0.0
2025-04-09 00:00:00-04:00,3.4000000953674316,3.890000104904175,3.3610000610351562,3.7200000286102295,981300,0.0,0.0
2025-04-10 00:00:00-04:00,3.559999942779541,3.681999921798706,3.4000000953674316,3.609999895095825,345500,0.0,0.0
2025-04-11 00:00:00-04:00,3.549999952316284,3.75,3.5199999809265137,3.7200000286102295,297400,0.0,0.0
2025-04-14 00:00:00-04:00,3.859999895095825,3.950000047683716,3.7200000286102295,3.8399999141693115,488900,0.0,0.0
2025-04-15 00:00:00-04:00,3.8399999141693115,3.9100000858306885,3.6500000953674316,3.759999990463257,289300,0.0,0.0
2025-04-16 00:00:00-04:00,3.6600000858306885,3.700000047683716,3.5299999713897705,3.5899999141693115,446300,0.0,0.0
2025-04-17 00:00:00-04:00,3.5999999046325684,3.6600000858306885,3.4800000190734863,3.640000104904175,230100,0.0,0.0
2025-04-21 00:00:00-04:00,3.640000104904175,3.6500000953674316,3.3450000286102295,3.490000009536743,273700,0.0,0.0
2025-04-22 00:00:00-04:00,3.5,3.6500000953674316,3.5,3.640000104904175,195400,0.0,0.0
2025-04-23 00:00:00-04:00,3.75,3.878999948501587,3.75,3.7799999713897705,550000,0.0,0.0
2025-04-24 00:00:00-04:00,3.740000009536743,3.744999885559082,3.5299999713897705,3.684999942779541,502100,0.0,0.0
2025-04-25 00:00:00-04:00,3.680000066757202,4.03000020980835,3.6700000762939453,4.0,632400,0.0,0.0
2025-04-28 00:00:00-04:00,4.039999961853027,4.21999979019165,3.7899999618530273,3.940000057220459,533700,0.0,0.0
2025-04-29 00:00:00-04:00,3.940000057220459,4.0,3.890000104904175,3.990000009536743,220400,0.0,0.0
2025-04-30 00:00:00-04:00,3.9000000953674316,3.9149999618530273,3.7200000286102295,3.890000104904175,510200,0.0,0.0
2025-05-01 00:00:00-04:00,3.9600000381469727,4.025000095367432,3.8519999980926514,3.9000000953674316,383300,0.0,0.0
2025-05-02 00:00:00-04:00,3.990000009536743,4.190000057220459,3.9000000953674316,3.9200000762939453,1010000,0.0,0.0
2025-05-05 00:00:00-04:00,3.9000000953674316,4.150000095367432,3.8299999237060547,4.074999809265137,380600,0.0,0.0
2025-05-06 00:00:00-04:00,4.0,4.070000171661377,3.75,3.8550000190734863,444000,0.0,0.0
2025-05-07 00:00:00-04:00,3.819999933242798,3.9100000858306885,3.680000066757202,3.7799999713897705,475900,0.0,0.0
2025-05-08 00:00:00-04:00,3.819999933242798,3.950000047683716,3.799999952316284,3.890000104904175,360400,0.0,0.0
2025-05-09 00:00:00-04:00,3.940000057220459,4.000999927520752,3.8499999046325684,3.940000057220459,319300,0.0,0.0
2025-05-12 00:00:00-04:00,4.139999866485596,4.230000019073486,3.950000047683716,4.119999885559082,1029100,0.0,0.0
2025-05-13 00:00:00-04:00,4.170000076293945,4.420000076293945,4.070000171661377,4.380000114440918,821100,0.0,0.0
2025-05-14 00:00:00-04:00,4.409999847412109,4.46999979019165,4.10699987411499,4.150000095367432,815900,0.0,0.0
2025-05-15 00:00:00-04:00,4.110000133514404,4.179999828338623,3.9200000762939453,3.9600000381469727,538000,0.0,0.0
2025-05-16 00:00:00-04:00,4.130000114440918,4.510000228881836,4.010000228881836,4.429999828338623,1212700,0.0,0.0
2025-05-19 00:00:00-04:00,4.429999828338623,5.449999809265137,4.429999828338623,5.369999885559082,4542700,0.0,0.0
2025-05-20 00:00:00-04:00,5.579999923706055,5.78000020980835,5.159999847412109,5.300000190734863,2479000,0.0,0.0
2025-05-21 00:00:00-04:00,5.230000019073486,5.258999824523926,4.789999961853027,4.849999904632568,1650200,0.0,0.0
2025-05-22 00:00:00-04:00,4.909999847412109,5.420000076293945,4.880000114440918,5.300000190734863,1862700,0.0,0.0
2025-05-23 00:00:00-04:00,5.150000095367432,5.230000019073486,5.019999980926514,5.119999885559082,939700,0.0,0.0
2025-05-27 00:00:00-04:00,5.210000038146973,5.590000152587891,5.203000068664551,5.260000228881836,1501800,0.0,0.0
2025-05-28 00:00:00-04:00,5.300000190734863,5.355000019073486,5.061999797821045,5.139999866485596,761800,0.0,0.0
2025-05-29 00:00:00-04:00,5.199999809265137,5.400000095367432,5.051000118255615,5.320000171661377,1060600,0.0,0.0
2025-05-30 00:00:00-04:00,5.300000190734863,5.599999904632568,5.079999923706055,5.150000095367432,1738800,0.0,0.0
2025-06-02 00:00:00-04:00,5.150000095367432,5.230000019073486,4.650000095367432,4.800000190734863,1573300,0.0,0.0
2025-06-03 00:00:00-04:00,4.820000171661377,5.0279998779296875,4.809999942779541,4.880000114440918,653600,0.0,0.0
2025-06-04 00:00:00-04:00,4.849999904632568,5.045000076293945,4.75,4.96999979019165,719000,0.0,0.0
2025-06-05 00:00:00-04:00,4.96999979019165,5.039999961853027,4.619999885559082,4.71999979019165,646500,0.0,0.0
2025-06-06 00:00:00-04:00,4.78000020980835,5.03000020980835,4.699999809265137,4.940000057220459,582400,0.0,0.0
2025-06-09 00:00:00-04:00,5.0,5.300000190734863,5.0,5.079999923706055,1074000,0.0,0.0
2025-06-10 00:00:00-04:00,5.119999885559082,5.159999847412109,4.860000133514404,4.920000076293945,698800,0.0,0.0
2025-06-11 00:00:00-04:00,5.03000020980835,5.420000076293945,4.949999809265137,4.989999771118164,1372300,0.0,0.0
2025-06-12 00:00:00-04:00,4.989999771118164,5.125999927520752,4.860000133514404,4.909999847412109,656000,0.0,0.0
2025-06-13 00:00:00-04:00,4.800000190734863,4.889999866485596,4.650000095367432,4.699999809265137,703900,0.0,0.0
2025-06-16 00:00:00-04:00,4.739999771118164,5.110000133514404,4.710000038146973,5.090000152587891,684000,0.0,0.0
2025-06-17 00:00:00-04:00,5.0,5.150000095367432,4.909999847412109,4.960000038146973,498300,0.0,0.0
2025-06-18 00:00:00-04:00,4.929999828338623,5.03000020980835,4.650000095367432,4.679999828338623,922400,0.0,0.0
2025-06-20 00:00:00-04:00,4.75,5.289999961853027,4.599999904632568,5.239999771118164,2821200,0.0,0.0
2025-06-23 00:00:00-04:00,5.539999961853027,5.800000190734863,4.989999771118164,5.21999979019165,2803100,0.0,0.0
2025-06-24 00:00:00-04:00,5.5,5.909999847412109,5.320000171661377,5.380000114440918,1931000,0.0,0.0
2025-06-25 00:00:00-04:00,5.679999828338623,5.940000057220459,5.409999847412109,5.519999980926514,2420900,0.0,0.0
2025-06-26 00:00:00-04:00,5.760000228881836,5.989999771118164,5.579999923706055,5.739999771118164,1989600,0.0,0.0
2025-06-27 00:00:00-04:00,5.989999771118164,5.989999771118164,5.414999961853027,5.53000020980835,3062000,0.0,0.0
2025-06-30 00:00:00-04:00,5.690000057220459,6.28000020980835,5.650000095367432,5.889999866485596,2807300,0.0,0.0
2025-07-01 00:00:00-04:00,5.974999904632568,5.974999904632568,5.400000095367432,5.539999961853027,1997600,0.0,0.0
2025-07-02 00:00:00-04:00,5.670000076293945,5.929999828338623,5.576000213623047,5.820000171661377,1248800,0.0,0.0
2025-07-03 00:00:00-04:00,5.900000095367432,6.170000076293945,5.699999809265137,5.889999866485596,961700,0.0,0.0
2025-07-07 00:00:00-04:00,5.889999866485596,6.260000228881836,5.730000019073486,6.059999942779541,1602500,0.0,0.0
2025-07-08 00:00:00-04:00,6.130000114440918,6.349999904632568,5.760000228881836,5.829999923706055,1603900,0.0,0.0
2025-07-09 00:00:00-04:00,5.889999866485596,5.949999809265137,5.489999771118164,5.619999885559082,1588300,0.0,0.0
2025-07-10 00:00:00-04:00,5.480000019073486,5.659999847412109,5.409999847412109,5.619999885559082,1160900,0.0,0.0
2025-07-11 00:00:00-04:00,5.610000133514404,5.75,5.170000076293945,5.190000057220459,1655200,0.0,0.0
2025-07-14 00:00:00-04:00,5.190000057220459,5.360000133514404,5.170000076293945,5.21999979019165,990200,0.0,0.0
2025-07-15 00:00:00-04:00,5.300000190734863,5.309999942779541,4.900000095367432,5.050000190734863,1544900,0.0,0.0
2025-07-16 00:00:00-04:00,5.070000171661377,5.650000095367432,5.045000076293945,5.570000171661377,1711100,0.0,0.0
2025-07-17 00:00:00-04:00,5.480000019073486,5.928999900817871,5.449999809265137,5.690000057220459,1481100,0.0,0.0
2025-07-18 00:00:00-04:00,5.760000228881836,6.150000095367432,5.690000057220459,5.78000020980835,2102400,0.0,0.0
2025-07-21 00:00:00-04:00,5.949999809265137,6.300000190734863,5.559999942779541,5.619999885559082,2093800,0.0,0.0
2025-07-22 00:00:00-04:00,5.800000190734863,5.800000190734863,5.340000152587891,5.559999942779541,962900,0.0,0.0
2025-07-23 00:00:00-04:00,5.610000133514404,5.880000114440918,5.539999961853027,5.860000133514404,867000,0.0,0.0
2025-07-24 00:00:00-04:00,5.860000133514404,5.940000057220459,5.710000038146973,5.710000038146973,497200,0.0,0.0
2025-07-25 00:00:00-04:00,5.730000019073486,5.730000019073486,5.519999980926514,5.670000076293945,464100,0.0,0.0
2025-07-28 00:00:00-04:00,5.690000057220459,5.710000038146973,5.25,5.429999828338623,947100,0.0,0.0
2025-07-29 00:00:00-04:00,5.420000076293945,5.440000057220459,5.050000190734863,5.090000152587891,938800,0.0,0.0
2025-07-30 00:00:00-04:00,5.179999828338623,5.289999961853027,5.079999923706055,5.170000076293945,571900,0.0,0.0
2025-07-31 00:00:00-04:00,5.230000019073486,5.340000152587891,5.110000133514404,5.190000057220459,478600,0.0,0.0
2025-08-01 00:00:00-04:00,4.989999771118164,5.070000171661377,4.800000190734863,4.960000038146973,1089700,0.0,0.0
2025-08-04 00:00:00-04:00,5.050000190734863,5.190000057220459,4.999000072479248,5.159999847412109,423200,0.0,0.0
2025-08-05 00:00:00-04:00,5.150000095367432,5.190000057220459,4.994999885559082,5.090000152587891,514400,0.0,0.0
2025-08-06 00:00:00-04:00,4.889999866485596,4.900000095367432,4.420000076293945,4.429999828338623,1752000,0.0,0.0
2025-08-07 00:00:00-04:00,4.550000190734863,4.71999979019165,4.5,4.690000057220459,670000,0.0,0.0
2025-08-08 00:00:00-04:00,4.75,4.800000190734863,4.639999866485596,4.789999961853027,631300,0.0,0.0
2025-08-11 00:00:00-04:00,4.849999904632568,5.059999942779541,4.809999942779541,4.880000114440918,625600,0.0,0.0
2025-08-12 00:00:00-04:00,4.940000057220459,5.070000171661377,4.889999866485596,5.03000020980835,476600,0.0,0.0
2025-08-13 00:00:00-04:00,5.010000228881836,5.170000076293945,4.949999809265137,5.130000114440918,676300,0.0,0.0
2025-08-14 00:00:00-04:00,5.110000133514404,5.159999847412109,4.840000152587891,5.019999980926514,665900,0.0,0.0
2025-08-15 00:00:00-04:00,5.019999980926514,5.050000190734863,4.880000114440918,4.940000057220459,372900,0.0,0.0
2025-08-18 00:00:00-04:00,4.880000114440918,5.130000114440918,4.822999954223633,5.090000152587891,770600,0.0,0.0
2025-08-19 00:00:00-04:00,5.059999942779541,5.059999942779541,4.579999923706055,4.619999885559082,783200,0.0,0.0
2025-08-20 00:00:00-04:00,4.71999979019165,4.730000019073486,4.46999979019165,4.71999979019165,767900,0.0,0.0
2025-08-21 00:00:00-04:00,4.639999866485596,4.71999979019165,4.554999828338623,4.679999828338623,415700,0.0,0.0
2025-08-22 00:00:00-04:00,4.610000133514404,4.840000152587891,4.579999923706055,4.820000171661377,420700,0.0,0.0
2025-08-25 00:00:00-04:00,4.820000171661377,4.820000171661377,4.639999866485596,4.679999828338623,441400,0.0,0.0
2025-08-26 00:00:00-04:00,4.829999923706055,4.860000133514404,4.690000057220459,4.78000020980835,406000,0.0,0.0
2025-08-27 00:00:00-04:00,4.730000019073486,4.78000020980835,4.635000228881836,4.639999866485596,407500,0.0,0.0
2025-08-28 00:00:00-04:00,4.639999866485596,4.849999904632568,4.639999866485596,4.739999771118164,511000,0.0,0.0
2025-08-29 00:00:00-04:00,4.699999809265137,4.730000019073486,4.440000057220459,4.46999979019165,684100,0.0,0.0
2025-09-02 00:00:00-04:00,4.300000190734863,4.380000114440918,4.170000076293945,4.25,674000,0.0,0.0
2025-09-03 00:00:00-04:00,4.260000228881836,4.369999885559082,4.230000019073486,4.340000152587891,523200,0.0,0.0
2025-09-04 00:00:00-04:00,4.329999923706055,4.389999866485596,4.25,4.340000152587891,471400,0.0,0.0
2025-09-05 00:00:00-04:00,4.289999961853027,4.389999866485596,4.269999980926514,4.300000190734863,416800,0.0,0.0
2025-09-08 00:00:00-04:00,4.329999923706055,4.409999847412109,4.239999771118164,4.309999942779541,508800,0.0,0.0
2025-09-09 00:00:00-04:00,4.329999923706055,4.379000186920166,4.170000076293945,4.329999923706055,647400,0.0,0.0
2025-09-10 00:00:00-04:00,4.380000114440918,4.699999809265137,4.349999904632568,4.650000095367432,732200,0.0,0.0
2025-09-11 00:00:00-04:00,4.690000057220459,4.789999961853027,4.460000038146973,4.570000171661377,824200,0.0,0.0
2025-09-12 00:00:00-04:00,4.869999885559082,5.480000019073486,4.840000152587891,5.440000057220459,3379000,0.0,0.0
2025-09-15 00:00:00-04:00,5.510000228881836,5.546999931335449,5.110000133514404,5.480000019073486,1340100,0.0,0.0
2025-09-16 00:00:00-04:00,5.409999847412109,5.449999809265137,5.179999828338623,5.380000114440918,839200,0.0,0.0
2025-09-17 00:00:00-04:00,5.369999885559082,5.550000190734863,5.269999980926514,5.340000152587891,833300,0.0,0.0
2025-09-18 00:00:00-04:00,5.570000171661377,5.760000228881836,5.453999996185303,5.670000076293945,1519100,0.0,0.0
2025-09-19 00:00:00-04:00,5.639999866485596,5.900000095367432,5.599999904632568,5.860000133514404,1305300,0.0,0.0
2025-09-22 00:00:00-04:00,5.840000152587891,5.840000152587891,5.349999904632568,5.630000114440918,1218200,0.0,0.0
2025-09-23 00:00:00-04:00,5.599999904632568,5.885000228881836,5.449999809265137,5.519999980926514,1178900,0.0,0.0
2025-09-24 00:00:00-04:00,5.510000228881836,5.579999923706055,5.110000133514404,5.150000095367432,831200,0.0,0.0
2025-09-25 00:00:00-04:00,5.0,5.46999979019165,4.880000114440918,5.380000114440918,1056400,0.0,0.0
2025-09-26 00:00:00-04:00,5.369999885559082,5.46999979019165,5.25,5.28000020980835,399200,0.0,0.0
2025-09-29 00:00:00-04:00,5.340000152587891,5.440000057220459,5.190000057220459,5.230000019073486,414900,0.0,0.0
2025-09-30 00:00:00-04:00,5.210000038146973,5.248000144958496,5.014999866485596,5.170000076293945,647200,0.0,0.0
2025-10-01 00:00:00-04:00,5.130000114440918,5.289999961853027,5.130000114440918,5.210000038146973,477100,0.0,0.0
2025-10-02 00:00:00-04:00,5.28000020980835,5.690000057220459,5.239999771118164,5.670000076293945,1113400,0.0,0.0
2025-10-03 00:00:00-04:00,5.800000190734863,6.199999809265137,5.730000019073486,5.840000152587891,2299500,0.0,0.0
2025-10-06 00:00:00-04:00,6.199999809265137,7.199999809265137,6.070000171661377,6.980000019073486,5027600,0.0,0.0
2025-10-07 00:00:00-04:00,7.059999942779541,7.090000152587891,6.110000133514404,6.590000152587891,2204500,0.0,0.0
2025-10-08 00:00:00-04:00,6.699999809265137,6.75,5.940000057220459,6.090000152587891,1491500,0.0,0.0
2025-10-09 00:00:00-04:00,6.050000190734863,6.150000095367432,5.679999828338623,5.760000228881836,1604600,0.0,0.0
2025-10-10 00:00:00-04:00,5.820000171661377,5.920000076293945,5.119999885559082,5.135000228881836,2320400,0.0,0.0
2025-10-13 00:00:00-04:00,5.300000190734863,5.46999979019165,5.070000171661377,5.440000057220459,1573600,0.0,0.0
2025-10-14 00:00:00-04:00,5.349999904632568,5.989999771118164,5.210000038146973,5.900000095367432,2400700,0.0,0.0
2025-10-15 00:00:00-04:00,5.945000171661377,6.079999923706055,5.489999771118164,5.71999979019165,2008900,0.0,0.0
2025-10-16 00:00:00-04:00,5.840000152587891,6.0,5.159999847412109,5.260000228881836,1511700,0.0,0.0
2025-10-17 00:00:00-04:00,5.150000095367432,5.329999923706055,4.949999809265137,5.070000171661377,1567800,0.0,0.0
2025-10-20 00:00:00-04:00,5.239999771118164,5.349999904632568,5.099999904632568,5.119999885559082,758600,0.0,0.0
2025-10-21 00:00:00-04:00,5.079999923706055,5.275000095367432,4.980000019073486,5.110000133514404,599000,0.0,0.0
2025-10-22 00:00:00-04:00,5.059999942779541,5.110000133514404,4.670000076293945,4.809999942779541,1185400,0.0,0.0
2025-10-23 00:00:00-04:00,4.849999904632568,5.119999885559082,4.820000171661377,5.010000228881836,600700,0.0,0.0
2025-10-24 00:00:00-04:00,5.150000095367432,5.230000019073486,5.050000190734863,5.090000152587891,778100,0.0,0.0
2025-10-27 00:00:00-04:00,5.150000095367432,5.230000019073486,4.929999828338623,4.960000038146973,756700,0.0,0.0
2025-10-28 00:00:00-04:00,4.980000019073486,5.050000190734863,4.829999923706055,4.860000133514404,508500,0.0,0.0
2025-10-29 00:00:00-04:00,4.800000190734863,4.900000095367432,4.679999828338623,4.730000019073486,670300,0.0,0.0
2025-10-30 00:00:00-04:00,4.690000057220459,4.769999980926514,4.519999980926514,4.610000133514404,729700,0.0,0.0
2025-10-31 00:00:00-04:00,4.619999885559082,4.809999942779541,4.576000213623047,4.75,599700,0.0,0.0
2025-11-03 00:00:00-05:00,4.820000171661377,4.868000030517578,4.389999866485596,4.440000057220459,749600,0.0,0.0
2025-11-04 00:00:00-05:00,4.239999771118164,4.340000152587891,4.010000228881836,4.019999980926514,1011700,0.0,0.0
2025-11-05 00:00:00-05:00,4.150000095367432,4.300000190734863,4.130000114440918,4.190000057220459,715100,0.0,0.0
2025-11-06 00:00:00-05:00,4.179999828338623,4.300000190734863,4.070000171661377,4.090000152587891,935000,0.0,0.0
2025-11-07 00:00:00-05:00,3.9700000286102295,4.320000171661377,3.819999933242798,4.269999980926514,1128400,0.0,0.0
2025-11-10 00:00:00-05:00,4.409999847412109,4.420000076293945,4.085000038146973,4.119999885559082,947300,0.0,0.0
2025-11-11 00:00:00-05:00,4.119999885559082,4.159999847412109,4.0,4.010000228881836,674700,0.0,0.0
2025-11-12 00:00:00-05:00,4.039999961853027,4.199999809265137,3.875,3.9100000858306885,1096400,0.0,0.0
2025-11-13 00:00:00-05:00,3.9200000762939453,3.9200000762939453,3.4800000190734863,3.569999933242798,1529100,0.0,0.0
2025-11-14 00:00:00-05:00,3.380000114440918,3.565000057220459,3.3299999237060547,3.3399999141693115,763700,0.0,0.0
2025-11-17 00:00:00-05:00,3.2899999618530273,3.3499999046325684,2.9200000762939453,2.9700000286102295,1234700,0.0,0.0
2025-11-18 00:00:00-05:00,2.9700000286102295,3.2699999809265137,2.9700000286102295,3.2100000381469727,1027900,0.0,0.0
2025-11-19 00:00:00-05:00,3.200000047683716,3.549999952316284,3.140000104904175,3.190000057220459,1096700,0.0,0.0
2025-11-20 00:00:00-05:00,3.3499999046325684,3.440000057220459,3.059999942779541,3.069999933242798,748600,0.0,0.0
2025-11-21 00:00:00-05:00,3.0999999046325684,3.2149999141693115,2.9800000190734863,3.055000066757202,866100,0.0,0.0
2025-11-24 00:00:00-05:00,3.0999999046325684,3.180000066757202,2.9800000190734863,3.0799999237060547,1131400,0.0,0.0
2025-11-25 00:00:00-05:00,3.240000009536743,3.7300000190734863,3.2200000286102295,3.5999999046325684,2189900,0.0,0.0
2025-11-26 00:00:00-05:00,3.6500000953674316,3.7200000286102295,3.5,3.6500000953674316,981700,0.0,0.0
2025-11-28 00:00:00-05:00,3.7300000190734863,3.759999990463257,3.609999895095825,3.680000066757202,444300,0.0,0.0
2025-12-01 00:00:00-05:00,3.5999999046325684,3.640000104904175,3.4600000381469727,3.569999933242798,604900,0.0,0.0
2025-12-02 00:00:00-05:00,3.5999999046325684,3.7890000343322754,3.5350000858306885,3.5399999618530273,648300,0.0,0.0
2025-12-03 00:00:00-05:00,3.5799999237060547,3.7950000762939453,3.509999990463257,3.7799999713897705,495800,0.0,0.0
2025-12-04 00:00:00-05:00,3.7799999713897705,3.9210000038146973,3.740000009536743,3.9000000953674316,630400,0.0,0.0
2025-12-05 00:00:00-05:00,3.9000000953674316,3.9100000858306885,3.700000047683716,3.7100000381469727,455200,0.0,0.0
2025-12-08 00:00:00-05:00,3.7699999809265137,3.7799999713897705,3.4700000286102295,3.630000114440918,607300,0.0,0.0
2025-12-09 00:00:00-05:00,3.5899999141693115,3.619999885559082,3.490000009536743,3.5199999809265137,539300,0.0,0.0
2025-12-10 00:00:00-05:00,3.509999990463257,3.5199999809265137,3.4000000953674316,3.440000057220459,525300,0.0,0.0
2025-12-11 00:00:00-05:00,3.3299999237060547,3.440000057220459,3.259999990463257,3.2799999713897705,704500,0.0,0.0
2025-12-12 00:00:00-05:00,3.299999952316284,3.375,3.059999942779541,3.059999942779541,635400,0.0,0.0
2025-12-15 00:00:00-05:00,3.119999885559082,3.1640000343322754,2.9000000953674316,2.930000066757202,858800,0.0,0.0
2025-12-16 00:00:00-05:00,2.9100000858306885,3.0850000381469727,2.9000000953674316,3.059999942779541,678800,0.0,0.0
2025-12-17 00:00:00-05:00,3.0899999141693115,3.134000062942505,2.819999933242798,2.8299999237060547,617800,0.0,0.0
2025-12-18 00:00:00-05:00,2.9200000762939453,2.9660000801086426,2.7899999618530273,2.8499999046325684,771700,0.0,0.0
2025-12-19 00:00:00-05:00,2.880000114440918,3.075000047683716,2.880000114440918,3.0,1024600,0.0,0.0
2025-12-22 00:00:00-05:00,3.0299999713897705,3.119999885559082,3.0,3.0,523100,0.0,0.0
2025-12-23 00:00:00-05:00,2.9649999141693115,3.009999990463257,2.880000114440918,2.930000066757202,557100,0.0,0.0
2025-12-24 00:00:00-05:00,2.950000047683716,2.984999895095825,2.859999895095825,2.9700000286102295,386900,0.0,0.0
2025-12-26 00:00:00-05:00,2.990000009536743,3.0,2.799999952316284,2.8299999237060547,680800,0.0,0.0
2025-12-29 00:00:00-05:00,2.7699999809265137,2.880000114440918,2.7100000381469727,2.759999990463257,1100900,0.0,0.0
2025-12-30 00:00:00-05:00,3.0199999809265137,3.2899999618530273,2.930000066757202,2.950000047683716,2786100,0.0,0.0
2025-12-31 00:00:00-05:00,2.9700000286102295,3.0399999618530273,2.799999952316284,2.890000104904175,1160100,0.0,0.0
2026-01-02 00:00:00-05:00,2.9200000762939453,3.1700000762939453,2.9200000762939453,3.109999895095825,865400,0.0,0.0
2026-01-05 00:00:00-05:00,3.1500000953674316,3.319999933242798,3.130000114440918,3.2799999713897705,1008600,0.0,0.0
2026-01-06 00:00:00-05:00,3.3299999237060547,3.3299999237060547,3.0450000762939453,3.119999885559082,765300,0.0,0.0
2026-01-07 00:00:00-05:00,3.200000047683716,3.2699999809265137,3.049999952316284,3.069999933242798,519000,0.0,0.0
2026-01-08 00:00:00-05:00,3.069999933242798,3.3350000381469727,3.069999933242798,3.259999990463257,740400,0.0,0.0
2026-01-09 00:00:00-05:00,3.2699999809265137,3.2699999809265137,3.0799999237060547,3.0999999046325684,639800,0.0,0.0
2026-01-12 00:00:00-05:00,3.140000104904175,3.255000114440918,3.0999999046325684,3.200000047683716,542500,0.0,0.0
2026-01-13 00:00:00-05:00,3.200000047683716,3.240000009536743,3.0889999866485596,3.140000104904175,415200,0.0,0.0
2026-01-14 00:00:00-05:00,3.0999999046325684,3.1500000953674316,3.059999942779541,3.130000114440918,375200,0.0,0.0
2026-01-15 00:00:00-05:00,3.1500000953674316,3.6500000953674316,3.109999895095825,3.5999999046325684,2207700,0.0,0.0
2026-01-16 00:00:00-05:00,3.859999895095825,4.320000171661377,3.7300000190734863,4.320000171661377,4448000,0.0,0.0
2026-01-20 00:00:00-05:00,4.0,4.309999942779541,3.869999885559082,3.9649999141693115,1999300,0.0,0.0
2026-01-21 00:00:00-05:00,4.019999980926514,4.079999923706055,3.5899999141693115,3.859999895095825,1525500,0.0,0.0
2026-01-22 00:00:00-05:00,3.9000000953674316,3.9800000190734863,3.7300000190734863,3.7300000190734863,905400,0.0,0.0
2026-01-23 00:00:00-05:00,3.7300000190734863,3.8399999141693115,3.5199999809265137,3.549999952316284,695300,0.0,0.0
2026-01-26 00:00:00-05:00,3.5199999809265137,3.549999952316284,3.2100000381469727,3.2200000286102295,1334700,0.0,0.0
2026-01-27 00:00:00-05:00,3.25,3.4800000190734863,3.1600000858306885,3.4000000953674316,1131000,0.0,0.0
2026-01-28 00:00:00-05:00,3.4800000190734863,3.5,3.2699999809265137,3.2899999618530273,769900,0.0,0.0
2026-01-29 00:00:00-05:00,3.2899999618530273,3.2899999618530273,3.109999895095825,3.2200000286102295,655000,0.0,0.0
2026-01-30 00:00:00-05:00,3.200000047683716,3.299999952316284,3.065000057220459,3.109999895095825,704100,0.0,0.0
2026-02-02 00:00:00-05:00,3.0799999237060547,3.1549999713897705,2.9800000190734863,2.990000009536743,772600,0.0,0.0
2026-02-03 00:00:00-05:00,3.0199999809265137,3.049999952316284,2.690000057220459,2.890000104904175,1335300,0.0,0.0
2026-02-04 00:00:00-05:00,2.9100000858306885,2.938999891281128,2.700000047683716,2.799999952316284,647500,0.0,0.0
2026-02-05 00:00:00-05:00,2.7100000381469727,2.759999990463257,2.430000066757202,2.4600000381469727,796700,0.0,0.0
2026-02-06 00:00:00-05:00,2.5799999237060547,2.799999952316284,2.565000057220459,2.7300000190734863,595700,0.0,0.0
2026-02-09 00:00:00-05:00,2.7899999618530273,2.809999942779541,2.619999885559082,2.7200000286102295,641200,0.0,0.0
2026-02-10 00:00:00-05:00,2.7300000190734863,2.7750000953674316,2.569999933242798,2.5999999046325684,545300,0.0,0.0
2026-02-11 00:00:00-05:00,2.640000104904175,2.640000104904175,2.4000000953674316,2.5,635700,0.0,0.0
2026-02-12 00:00:00-05:00,2.549999952316284,2.549999952316284,2.380000114440918,2.4200000762939453,400100,0.0,0.0
2026-02-13 00:00:00-05:00,2.4200000762939453,2.569999933242798,2.384999990463257,2.430000066757202,404600,0.0,0.0
2026-02-17 00:00:00-05:00,2.4600000381469727,2.5299999713897705,2.4100000858306885,2.430000066757202,566700,0.0,0.0
2026-02-18 00:00:00-05:00,2.450000047683716,2.5299999713897705,2.359999895095825,2.4200000762939453,486900,0.0,0.0
2026-02-19 00:00:00-05:00,2.4000000953674316,2.48799991607666,2.369999885559082,2.440000057220459,566900,0.0,0.0
2026-02-20 00:00:00-05:00,2.4200000762939453,2.569999933242798,2.4200000762939453,2.4700000286102295,378900,0.0,0.0
2026-02-23 00:00:00-05:00,2.430000066757202,2.5199999809265137,2.384999990463257,2.4800000190734863,470400,0.0,0.0
2026-02-24 00:00:00-05:00,2.509999990463257,2.9700000286102295,2.509999990463257,2.9100000858306885,1194300,0.0,0.0
2026-02-25 00:00:00-05:00,2.9200000762939453,2.9700000286102295,2.799999952316284,2.809999942779541,606200,0.0,0.0
2026-02-26 00:00:00-05:00,2.799999952316284,2.869999885559082,2.7300000190734863,2.8499999046325684,485100,0.0,0.0
2026-02-27 00:00:00-05:00,2.75,2.759999990463257,2.634999990463257,2.7300000190734863,398600,0.0,0.0
2026-03-02 00:00:00-05:00,2.5999999046325684,2.890000104904175,2.5820000171661377,2.8299999237060547,519900,0.0,0.0
2026-03-03 00:00:00-05:00,2.7100000381469727,2.799999952316284,2.6600000858306885,2.740000009536743,524000,0.0,0.0
2026-03-04 00:00:00-05:00,2.7249999046325684,2.8450000286102295,2.6600000858306885,2.7200000286102295,373100,0.0,0.0
2026-03-05 00:00:00-05:00,2.700000047683716,2.7699999809265137,2.619999885559082,2.75,410500,0.0,0.0
2026-03-06 00:00:00-05:00,2.6500000953674316,2.799999952316284,2.609999895095825,2.6500000953674316,420500,0.0,0.0
2026-03-09 00:00:00-04:00,2.5799999237060547,2.7300000190734863,2.5299999713897705,2.680000066757202,327100,0.0,0.0
2026-03-10 00:00:00-04:00,2.75,2.859999895095825,2.7149999141693115,2.7300000190734863,315200,0.0,0.0
2026-03-11 00:00:00-04:00,2.7300000190734863,2.809999942779541,2.6549999713897705,2.7899999618530273,369400,0.0,0.0
2026-03-12 00:00:00-04:00,2.759999990463257,2.7899999618530273,2.700000047683716,2.700000047683716,197800,0.0,0.0
2026-03-13 00:00:00-04:00,2.740000009536743,2.7799999713897705,2.5899999141693115,2.630000114440918,242100,0.0,0.0
2026-03-16 00:00:00-04:00,2.680000066757202,2.7300000190734863,2.609999895095825,2.6600000858306885,343600,0.0,0.0
2026-03-17 00:00:00-04:00,2.6600000858306885,2.700000047683716,2.5250000953674316,2.5299999713897705,450800,0.0,0.0
2026-03-18 00:00:00-04:00,2.5199999809265137,2.5399999618530273,2.369999885559082,2.4000000953674316,467900,0.0,0.0
2026-03-19 00:00:00-04:00,2.3450000286102295,2.359999895095825,2.2100000381469727,2.299999952316284,671600,0.0,0.0
2026-03-20 00:00:00-04:00,2.2799999713897705,2.2850000858306885,2.200000047683716,2.2799999713897705,556600,0.0,0.0
2026-03-23 00:00:00-04:00,2.509999990463257,2.5899999141693115,2.365000009536743,2.380000114440918,639300,0.0,0.0
2026-03-24 00:00:00-04:00,2.390000104904175,2.430000066757202,2.25,2.25,280500,0.0,0.0
2026-03-25 00:00:00-04:00,2.2899999618530273,2.359999895095825,2.259999990463257,2.3399999141693115,311400,0.0,0.0
2026-03-26 00:00:00-04:00,2.2799999713897705,2.450000047683716,2.2799999713897705,2.309999942779541,327200,0.0,0.0
2026-03-27 00:00:00-04:00,2.259999990463257,2.2739999294281006,2.115000009536743,2.119999885559082,434700,0.0,0.0
2026-03-30 00:00:00-04:00,2.1700000762939453,2.180000066757202,2.049999952316284,2.069999933242798,491200,0.0,0.0
2026-03-31 00:00:00-04:00,2.130000114440918,2.2750000953674316,2.0999999046325684,2.259999990463257,344000,0.0,0.0
2026-04-01 00:00:00-04:00,2.309999942779541,2.3399999141693115,2.2249999046325684,2.2699999809265137,437300,0.0,0.0
2026-04-02 00:00:00-04:00,2.140000104904175,2.2699999809265137,2.0899999141693115,2.25,401600,0.0,0.0
2026-04-06 00:00:00-04:00,2.2799999713897705,2.384999990463257,2.25,2.3299999237060547,458400,0.0,0.0
2026-04-07 00:00:00-04:00,2.2799999713897705,2.315000057220459,2.2100000381469727,2.2100000381469727,311400,0.0,0.0
2026-04-08 00:00:00-04:00,2.359999895095825,2.380000114440918,2.130000114440918,2.1500000953674316,516900,0.0,0.0
2026-04-09 00:00:00-04:00,2.119999885559082,2.1600000858306885,2.0299999713897705,2.069999933242798,435400,0.0,0.0
2026-04-10 00:00:00-04:00,2.069999933242798,2.0999999046325684,2.0350000858306885,2.069999933242798,425900,0.0,0.0
2026-04-13 00:00:00-04:00,2.069999933242798,2.25,2.0390000343322754,2.2100000381469727,495500,0.0,0.0
2026-04-14 00:00:00-04:00,2.259999990463257,2.384999990463257,2.259999990463257,2.309999942779541,618700,0.0,0.0
2026-04-15 00:00:00-04:00,2.319999933242798,2.509999990463257,2.319999933242798,2.4700000286102295,535300,0.0,0.0
2026-04-16 00:00:00-04:00,2.5299999713897705,2.555000066757202,2.4000000953674316,2.5299999713897705,589800,0.0,0.0
2026-04-17 00:00:00-04:00,2.5999999046325684,2.619999885559082,2.4700000286102295,2.4700000286102295,559700,0.0,0.0
2026-04-20 00:00:00-04:00,2.4100000858306885,2.5199999809265137,2.369999885559082,2.490000009536743,545200,0.0,0.0
2026-04-21 00:00:00-04:00,2.549999952316284,2.690000057220459,2.513000011444092,2.549999952316284,696300,0.0,0.0
2026-04-22 00:00:00-04:00,2.630000114440918,2.7899999618530273,2.619999885559082,2.6600000858306885,598700,0.0,0.0
2026-04-23 00:00:00-04:00,2.619999885559082,2.6500000953674316,2.484999895095825,2.5399999618530273,500300,0.0,0.0
2026-04-24 00:00:00-04:00,2.5899999141693115,2.61899995803833,2.5,2.5199999809265137,289200,0.0,0.0
2026-04-27 00:00:00-04:00,2.549999952316284,2.549999952316284,2.380000114440918,2.380000114440918,492400,0.0,0.0
2026-04-28 00:00:00-04:00,2.3399999141693115,2.3499999046325684,2.2200000286102295,2.25,481200,0.0,0.0
2026-04-29 00:00:00-04:00,2.25,2.25,2.130000114440918,2.2100000381469727,586800,0.0,0.0
2026-04-30 00:00:00-04:00,2.25,2.2799999713897705,2.200000047683716,2.240000009536743,402600,0.0,0.0
2026-05-01 00:00:00-04:00,2.259999990463257,2.444999933242798,2.2300000190734863,2.440000057220459,484300,0.0,0.0
2026-05-04 00:00:00-04:00,2.4200000762939453,2.5850000381469727,2.4119999408721924,2.5,400200,0.0,0.0
2026-05-05 00:00:00-04:00,2.509999990463257,2.5190000534057617,2.3499999046325684,2.390000104904175,390400,0.0,0.0
2026-05-06 00:00:00-04:00,2.4200000762939453,2.569999933242798,2.369999885559082,2.559999942779541,605400,0.0,0.0
2026-05-07 00:00:00-04:00,2.559999942779541,2.575000047683716,2.4549999237060547,2.5199999809265137,413800,0.0,0.0
2026-05-08 00:00:00-04:00,2.5199999809265137,2.569999933242798,2.4000000953674316,2.549999952316284,482400,0.0,0.0
2026-05-11 00:00:00-04:00,2.509999990463257,2.690000057220459,2.2899999618530273,2.440000057220459,1103300,0.0,0.0
2026-05-12 00:00:00-04:00,2.5,2.5199999809265137,2.319999933242798,2.3499999046325684,531100,0.0,0.0
2026-05-13 00:00:00-04:00,2.3499999046325684,2.490000009536743,2.319999933242798,2.4700000286102295,434600,0.0,0.0
2026-05-14 00:00:00-04:00,2.440000057220459,2.555000066757202,2.359999895095825,2.5199999809265137,545300,0.0,0.0
2026-05-15 00:00:00-04:00,2.5,2.5799999237060547,2.3949999809265137,2.4000000953674316,451100,0.0,0.0
2026-05-18 00:00:00-04:00,2.4000000953674316,2.440000057220459,2.2699999809265137,2.390000104904175,530900,0.0,0.0
2026-05-19 00:00:00-04:00,2.3299999237060547,2.4000000953674316,2.299999952316284,2.309999942779541,350700,0.0,0.0
2026-05-20 00:00:00-04:00,2.299999952316284,2.3299999237060547,2.2149999141693115,2.299999952316284,338200,0.0,0.0
2026-05-21 00:00:00-04:00,2.2899999618530273,2.3499999046325684,2.234999895095825,2.3399999141693115,474000,0.0,0.0
2026-05-22 00:00:00-04:00,2.3299999237060547,2.569999933242798,2.319999933242798,2.559999942779541,664800,0.0,0.0
2026-05-26 00:00:00-04:00,2.569999933242798,2.5799999237060547,2.4149999618530273,2.490000009536743,724900,0.0,0.0
2026-05-27 00:00:00-04:00,2.450000047683716,2.6500000953674316,2.4000000953674316,2.5299999713897705,580700,0.0,0.0
2026-05-28 00:00:00-04:00,2.5399999618530273,2.984999895095825,2.5,2.950000047683716,1399500,0.0,0.0
2026-05-29 00:00:00-04:00,3.0,3.119999885559082,2.9000000953674316,3.0199999809265137,952200,0.0,0.0
2026-06-01 00:00:00-04:00,3.0399999618530273,3.190000057220459,2.9049999713897705,2.9800000190734863,915400,0.0,0.0
2026-06-02 00:00:00-04:00,3.140000104904175,3.315000057220459,3.069999933242798,3.1600000858306885,1519100,0.0,0.0
2026-06-03 00:00:00-04:00,3.119999885559082,3.134999990463257,2.950000047683716,3.009999990463257,664500,0.0,0.0
2026-06-04 00:00:00-04:00,2.950000047683716,3.305000066757202,2.950000047683716,3.140000104904175,855400,0.0,0.0
2026-06-05 00:00:00-04:00,3.0799999237060547,3.0799999237060547,2.684999942779541,2.759999990463257,1015200,0.0,0.0
2026-06-08 00:00:00-04:00,2.75,2.930000066757202,2.6500000953674316,2.799999952316284,534500,0.0,0.0
2026-06-09 00:00:00-04:00,2.809999942779541,2.9149999618530273,2.549999952316284,2.8399999141693115,898800,0.0,0.0
2026-06-10 00:00:00-04:00,2.799999952316284,3.0450000762939453,2.7899999618530273,2.9000000953674316,839900,0.0,0.0
2026-06-11 00:00:00-04:00,2.9110000133514404,3.0850000381469727,2.865000009536743,3.069999933242798,629800,0.0,0.0
2026-06-12 00:00:00-04:00,3.0799999237060547,3.1050000190734863,2.9800000190734863,3.009999990463257,427200,0.0,0.0
2026-06-15 00:00:00-04:00,3.0799999237060547,3.140000104904175,2.805000066757202,2.809999942779541,629600,0.0,0.0
2026-06-16 00:00:00-04:00,2.8299999237060547,3.069999933242798,2.7200000286102295,2.7899999618530273,961700,0.0,0.0
2026-06-17 00:00:00-04:00,2.8399999141693115,2.930000066757202,2.7300000190734863,2.819999933242798,591700,0.0,0.0
2026-06-18 00:00:00-04:00,2.8299999237060547,2.9800000190734863,2.7950000762939453,2.9000000953674316,417700,0.0,0.0
2026-06-22 00:00:00-04:00,2.9000000953674316,3.049999952316284,2.8499999046325684,2.859999895095825,443900,0.0,0.0
2026-06-23 00:00:00-04:00,2.809999942779541,3.0799999237060547,2.7799999713897705,2.799999952316284,431900,0.0,0.0
2026-06-24 00:00:00-04:00,2.799999952316284,2.9149999618530273,2.7899999618530273,2.799999952316284,363800,0.0,0.0
2026-06-25 00:00:00-04:00,2.7799999713897705,2.809999942779541,2.5450000762939453,2.5799999237060547,617700,0.0,0.0
2026-06-26 00:00:00-04:00,2.5,2.5999999046325684,2.299999952316284,2.299999952316284,4061800,0.0,0.0
2026-06-29 00:00:00-04:00,2.4000000953674316,2.4700000286102295,2.299999952316284,2.319999933242798,595400,0.0,0.0
2026-06-30 00:00:00-04:00,2.3299999237060547,2.4549999237060547,2.319999933242798,2.390000104904175,503000,0.0,0.0
2026-07-01 00:00:00-04:00,2.4000000953674316,2.559999942779541,2.390000104904175,2.4100000858306885,499200,0.0,0.0
2026-07-02 00:00:00-04:00,2.430000066757202,2.4800000190734863,2.240000009536743,2.240000009536743,667300,0.0,0.0
2026-07-06 00:00:00-04:00,2.309999942779541,2.3299999237060547,2.1600000858306885,2.1700000762939453,543100,0.0,0.0
2026-07-07 00:00:00-04:00,2.1600000858306885,2.180000066757202,2.055000066757202,2.1500000953674316,454900,0.0,0.0
2026-07-08 00:00:00-04:00,2.109999895095825,2.200000047683716,2.109999895095825,2.180000066757202,295300,0.0,0.0
2026-07-09 00:00:00-04:00,2.2300000190734863,2.25,2.1610000133514404,2.2200000286102295,435800,0.0,0.0
2026-07-10 00:00:00-04:00,2.240000009536743,2.2799999713897705,2.190000057220459,2.2100000381469727,275300,0.0,0.0
2026-07-13 00:00:00-04:00,2.190000057220459,2.190000057220459,2.109999895095825,2.180000066757202,266800,0.0,0.0
2026-07-14 00:00:00-04:00,2.190000057220459,2.2300000190734863,2.140000104904175,2.1600000858306885,219800,0.0,0.0
2026-07-15 00:00:00-04:00,2.1700000762939453,2.2200000286102295,2.109999895095825,2.119999885559082,267800,0.0,0.0
2026-07-16 00:00:00-04:00,2.109999895095825,2.130000114440918,2.0199999809265137,2.0399999618530273,448200,0.0,0.0
2026-07-17 00:00:00-04:00,2.0,2.0299999713897705,1.934999942779541,2.0,390600,0.0,0.0
2026-07-20 00:00:00-04:00,2.0199999809265137,2.0899999141693115,2.0,2.0,307500,0.0,0.0
2026-07-21 00:00:00-04:00,2.049999952316284,2.1700000762939453,2.0250000953674316,2.069999933242798,350400,0.0,0.0
2026-07-22 00:00:00-04:00,2.069999933242798,2.140000104904175,2.0399999618530273,2.049999952316284,210900,0.0,0.0
2026-07-23 00:00:00-04:00,2.0399999618530273,2.069999933242798,1.9800000190734863,2.0299999713897705,198900,0.0,0.0
2026-07-24 00:00:00-04:00,2.0399999618530273,2.0799999237060547,1.9609999656677246,2.009999990463257,267600,0.0,0.0
