Date,Open,High,Low,Close,Volume,Dividends,Stock Splits
2023-06-14 00:00:00-04:00,4.78000020980835,8.59000015258789,4.75,5.840000152587891,313900,0.0,0.0
2023-06-15 00:00:00-04:00,5.690000057220459,5.78000020980835,4.75,5.380000114440918,43500,0.0,0.0
2023-06-16 00:00:00-04:00,5.429999828338623,5.4679999351501465,5.03000020980835,5.03000020980835,23500,0.0,0.0
2023-06-20 00:00:00-04:00,5.320000171661377,5.320000171661377,4.789999961853027,4.789999961853027,13500,0.0,0.0
2023-06-21 00:00:00-04:00,4.75,4.75,3.509999990463257,3.7049999237060547,23100,0.0,0.0
2023-06-22 00:00:00-04:00,3.5,3.690000057220459,3.5,3.549999952316284,4800,0.0,0.0
2023-06-23 00:00:00-04:00,3.559999942779541,3.559999942779541,3.299999952316284,3.309999942779541,4400,0.0,0.0
2023-06-26 00:00:00-04:00,3.309999942779541,3.749000072479248,3.309999942779541,3.3589999675750732,5500,0.0,0.0
2023-06-27 00:00:00-04:00,3.9800000190734863,4.989999771118164,3.5899999141693115,4.300000190734863,270700,0.0,0.0
2023-06-28 00:00:00-04:00,4.090000152587891,4.699999809265137,4.0,4.340000152587891,20100,0.0,0.0
2023-06-29 00:00:00-04:00,4.539999961853027,4.894999980926514,4.090000152587891,4.849999904632568,17900,0.0,0.0
2023-06-30 00:00:00-04:00,4.559999942779541,4.559999942779541,4.010000228881836,4.010000228881836,13600,0.0,0.0
2023-07-03 00:00:00-04:00,4.110000133514404,4.25,3.8499999046325684,3.930000066757202,8300,0.0,0.0
2023-07-05 00:00:00-04:00,3.812999963760376,4.489999771118164,3.7699999809265137,4.443999767303467,17700,0.0,0.0
2023-07-06 00:00:00-04:00,4.309999942779541,4.309999942779541,3.890000104904175,4.0,4300,0.0,0.0
2023-07-07 00:00:00-04:00,3.880000114440918,4.099999904632568,3.5999999046325684,3.859999895095825,8400,0.0,0.0
2023-07-10 00:00:00-04:00,4.039999961853027,4.039999961853027,3.680000066757202,3.690000057220459,25800,0.0,0.0
2023-07-11 00:00:00-04:00,3.815000057220459,3.815000057220459,3.5999999046325684,3.5999999046325684,22000,0.0,0.0
2023-07-12 00:00:00-04:00,3.7799999713897705,4.065000057220459,3.5999999046325684,3.8550000190734863,6500,0.0,0.0
2023-07-13 00:00:00-04:00,3.9549999237060547,4.085000038146973,3.6589999198913574,3.700000047683716,16900,0.0,0.0
2023-07-14 00:00:00-04:00,3.75,3.75,3.5999999046325684,3.680000066757202,7800,0.0,0.0
2023-07-17 00:00:00-04:00,3.799999952316284,3.9000000953674316,3.630000114440918,3.869999885559082,4500,0.0,0.0
2023-07-18 00:00:00-04:00,3.819999933242798,4.01800012588501,3.6549999713897705,3.6549999713897705,16900,0.0,0.0
2023-07-19 00:00:00-04:00,3.6500000953674316,3.7899999618530273,3.5999999046325684,3.6089999675750732,5200,0.0,0.0
2023-07-20 00:00:00-04:00,3.7899999618530273,3.7899999618530273,3.5999999046325684,3.5999999046325684,3500,0.0,0.0
2023-07-21 00:00:00-04:00,3.759999990463257,3.759999990463257,3.619999885559082,3.7100000381469727,4100,0.0,0.0
2023-07-24 00:00:00-04:00,3.700000047683716,3.9100000858306885,3.5999999046325684,3.5999999046325684,10900,0.0,0.0
2023-07-25 00:00:00-04:00,3.5,3.5299999713897705,3.380000114440918,3.380000114440918,9900,0.0,0.0
2023-07-26 00:00:00-04:00,3.505000114440918,3.505000114440918,3.25,3.4800000190734863,7700,0.0,0.0
2023-07-27 00:00:00-04:00,3.609999895095825,3.609999895095825,3.369999885559082,3.5,5000,0.0,0.0
2023-07-28 00:00:00-04:00,3.4119999408721924,3.6440000534057617,3.4119999408721924,3.5350000858306885,3800,0.0,0.0
2023-07-31 00:00:00-04:00,3.450000047683716,3.799999952316284,3.450000047683716,3.5,4900,0.0,0.0
2023-08-01 00:00:00-04:00,3.509999990463257,3.509999990463257,3.2750000953674316,3.2799999713897705,3600,0.0,0.0
2023-08-02 00:00:00-04:00,3.3959999084472656,3.484999895095825,3.2300000190734863,3.259999990463257,10000,0.0,0.0
2023-08-03 00:00:00-04:00,3.25,3.2799999713897705,2.990000009536743,3.128000020980835,223400,0.0,0.0
2023-08-04 00:00:00-04:00,3.0199999809265137,3.1510000228881836,3.009999990463257,3.1510000228881836,2000,0.0,0.0
2023-08-07 00:00:00-04:00,3.2699999809265137,3.2899999618530273,3.244999885559082,3.2780001163482666,4500,0.0,0.0
2023-08-08 00:00:00-04:00,3.3320000171661377,3.6700000762939453,3.200000047683716,3.243000030517578,3000,0.0,0.0
2023-08-09 00:00:00-04:00,3.4100000858306885,3.440000057220459,3.4100000858306885,3.440000057220459,2500,0.0,0.0
2023-08-10 00:00:00-04:00,3.3529999256134033,3.4049999713897705,3.065000057220459,3.2799999713897705,3200,0.0,0.0
2023-08-11 00:00:00-04:00,3.2799999713897705,3.4000000953674316,3.180999994277954,3.2679998874664307,2000,0.0,0.0
2023-08-14 00:00:00-04:00,3.119999885559082,3.200000047683716,3.0,3.200000047683716,7900,0.0,0.0
2023-08-15 00:00:00-04:00,3.374000072479248,3.374000072479248,3.25,3.25,1200,0.0,0.0
2023-08-16 00:00:00-04:00,3.0199999809265137,3.2990000247955322,3.0199999809265137,3.2060000896453857,29100,0.0,0.0
2023-08-17 00:00:00-04:00,3.3299999237060547,3.444999933242798,3.0799999237060547,3.259999990463257,9400,0.0,0.0
2023-08-18 00:00:00-04:00,3.299999952316284,3.299999952316284,3.0799999237060547,3.194000005722046,8600,0.0,0.0
2023-08-21 00:00:00-04:00,3.240000009536743,3.299999952316284,3.177000045776367,3.181999921798706,5200,0.0,0.0
2023-08-22 00:00:00-04:00,3.2920000553131104,3.4000000953674316,3.125,3.2909998893737793,13000,0.0,0.0
2023-08-23 00:00:00-04:00,3.2909998893737793,3.2909998893737793,3.2909998893737793,3.2909998893737793,300,0.0,0.0
2023-08-24 00:00:00-04:00,3.200000047683716,3.200000047683716,3.200000047683716,3.200000047683716,4500,0.0,0.0
2023-08-25 00:00:00-04:00,3.1579999923706055,3.180000066757202,3.1500000953674316,3.1500000953674316,1500,0.0,0.0
2023-08-28 00:00:00-04:00,3.119999885559082,3.119999885559082,3.119999885559082,3.119999885559082,200,0.0,0.0
2023-08-29 00:00:00-04:00,3.0399999618530273,3.140000104904175,3.0199999809265137,3.140000104904175,5000,0.0,0.0
2023-08-30 00:00:00-04:00,3.0999999046325684,3.0999999046325684,3.0199999809265137,3.0199999809265137,2200,0.0,0.0
2023-08-31 00:00:00-04:00,3.0999999046325684,3.0999999046325684,3.049999952316284,3.049999952316284,3300,0.0,0.0
2023-09-01 00:00:00-04:00,3.109999895095825,3.380000114440918,3.109999895095825,3.2139999866485596,43500,0.0,0.0
2023-09-05 00:00:00-04:00,3.369999885559082,3.369999885559082,3.0399999618530273,3.0899999141693115,6100,0.0,0.0
2023-09-06 00:00:00-04:00,3.0899999141693115,3.25,3.049999952316284,3.25,2800,0.0,0.0
2023-09-07 00:00:00-04:00,3.240000009536743,3.3499999046325684,3.240000009536743,3.3499999046325684,1000,0.0,0.0
2023-09-08 00:00:00-04:00,3.130000114440918,3.2090001106262207,3.0399999618530273,3.109999895095825,4800,0.0,0.0
2023-09-11 00:00:00-04:00,3.190000057220459,3.2149999141693115,3.109999895095825,3.2149999141693115,3000,0.0,0.0
2023-09-12 00:00:00-04:00,3.440000057220459,3.440000057220459,3.140000104904175,3.2850000858306885,5200,0.0,0.0
2023-09-13 00:00:00-04:00,3.3499999046325684,3.3499999046325684,3.2799999713897705,3.2799999713897705,2700,0.0,0.0
2023-09-14 00:00:00-04:00,3.3499999046325684,3.359999895095825,3.3499999046325684,3.359999895095825,1200,0.0,0.0
2023-09-15 00:00:00-04:00,3.190000057220459,3.4549999237060547,3.069999933242798,3.200000047683716,23800,0.0,0.0
2023-09-18 00:00:00-04:00,3.0999999046325684,3.1710000038146973,3.0999999046325684,3.1710000038146973,900,0.0,0.0
2023-09-19 00:00:00-04:00,3.049999952316284,3.1700000762939453,3.049999952316284,3.0999999046325684,1200,0.0,0.0
2023-09-20 00:00:00-04:00,3.109999895095825,3.184999942779541,2.559999942779541,2.6700000762939453,27000,0.0,0.0
2023-09-21 00:00:00-04:00,2.5799999237060547,2.8499999046325684,2.5799999237060547,2.75,1600,0.0,0.0
2023-09-22 00:00:00-04:00,2.809999942779541,2.990000009536743,2.5899999141693115,2.640000104904175,9000,0.0,0.0
2023-09-25 00:00:00-04:00,3.069999933242798,3.069999933242798,2.680000066757202,2.690000057220459,1800,0.0,0.0
2023-09-26 00:00:00-04:00,2.690000057220459,2.690000057220459,2.690000057220459,2.690000057220459,0,0.0,0.0
2023-09-27 00:00:00-04:00,2.690000057220459,2.7660000324249268,2.690000057220459,2.7660000324249268,1000,0.0,0.0
2023-09-28 00:00:00-04:00,2.7300000190734863,2.7300000190734863,2.7300000190734863,2.7300000190734863,400,0.0,0.0
2023-09-29 00:00:00-04:00,2.700000047683716,2.700000047683716,2.5399999618530273,2.6600000858306885,1300,0.0,0.0
2023-10-02 00:00:00-04:00,2.5399999618530273,2.700000047683716,2.4100000858306885,2.490000009536743,17600,0.0,0.0
2023-10-03 00:00:00-04:00,2.4800000190734863,2.6500000953674316,2.440000057220459,2.5,3900,0.0,0.0
2023-10-04 00:00:00-04:00,2.5999999046325684,2.5999999046325684,2.4100000858306885,2.505000114440918,6800,0.0,0.0
2023-10-05 00:00:00-04:00,2.4000000953674316,2.4800000190734863,2.4000000953674316,2.4000000953674316,2600,0.0,0.0
2023-10-06 00:00:00-04:00,2.4200000762939453,2.433000087738037,2.25,2.309999942779541,6600,0.0,0.0
2023-10-09 00:00:00-04:00,2.4600000381469727,2.4600000381469727,2.4200000762939453,2.4200000762939453,800,0.0,0.0
2023-10-10 00:00:00-04:00,2.4000000953674316,2.4000000953674316,2.2300000190734863,2.2300000190734863,2400,0.0,0.0
2023-10-11 00:00:00-04:00,2.2699999809265137,2.51200008392334,2.0,2.255000114440918,211800,0.0,0.0
2023-10-12 00:00:00-04:00,2.0999999046325684,2.3499999046325684,2.01200008392334,2.01200008392334,8200,0.0,0.0
2023-10-13 00:00:00-04:00,2.190000057220459,2.190000057220459,1.9500000476837158,2.0999999046325684,14600,0.0,0.0
2023-10-16 00:00:00-04:00,2.234999895095825,2.2699999809265137,2.0399999618530273,2.200000047683716,8300,0.0,0.0
2023-10-17 00:00:00-04:00,2.369999885559082,2.369999885559082,2.1500000953674316,2.200000047683716,17900,0.0,0.0
2023-10-18 00:00:00-04:00,2.109999895095825,2.2890000343322754,1.9700000286102295,2.2890000343322754,8500,0.0,0.0
2023-10-19 00:00:00-04:00,2.069999933242798,2.0799999237060547,1.75,1.850000023841858,149600,0.0,0.0
2023-10-20 00:00:00-04:00,1.850000023841858,2.0450000762939453,1.850000023841858,1.8700000047683716,1500,0.0,0.0
2023-10-23 00:00:00-04:00,1.7619999647140503,1.7799999713897705,1.7619999647140503,1.7799999713897705,1100,0.0,0.0
2023-10-24 00:00:00-04:00,1.9470000267028809,1.9470000267028809,1.7599999904632568,1.7599999904632568,1500,0.0,0.0
2023-10-25 00:00:00-04:00,1.909999966621399,2.0399999618530273,1.75,2.0399999618530273,32500,0.0,0.0
2023-10-26 00:00:00-04:00,1.940000057220459,2.1500000953674316,1.809999942779541,2.140000104904175,17400,0.0,0.0
2023-10-27 00:00:00-04:00,2.0,2.2899999618530273,2.0,2.2300000190734863,13800,0.0,0.0
2023-10-30 00:00:00-04:00,2.309999942779541,2.3399999141693115,2.200000047683716,2.3399999141693115,2100,0.0,0.0
2023-10-31 00:00:00-04:00,2.200000047683716,2.2899999618530273,2.200000047683716,2.200000047683716,5600,0.0,0.0
2023-11-01 00:00:00-04:00,2.1600000858306885,2.1600000858306885,2.1500000953674316,2.1500000953674316,400,0.0,0.0
2023-11-02 00:00:00-04:00,2.309999942779541,2.6600000858306885,2.140000104904175,2.369999885559082,83700,0.0,0.0
2023-11-03 00:00:00-04:00,2.5999999046325684,2.8559999465942383,2.5999999046325684,2.8499999046325684,104500,0.0,0.0
2023-11-06 00:00:00-05:00,2.990000009536743,3.299999952316284,2.9660000801086426,3.200000047683716,25700,0.0,0.0
2023-11-07 00:00:00-05:00,3.1500000953674316,3.4649999141693115,3.1500000953674316,3.25,30200,0.0,0.0
2023-11-08 00:00:00-05:00,3.5999999046325684,3.7899999618530273,3.2799999713897705,3.609999895095825,74800,0.0,0.0
2023-11-09 00:00:00-05:00,3.9600000381469727,3.9600000381469727,3.1500000953674316,3.1500000953674316,24700,0.0,0.0
2023-11-10 00:00:00-05:00,3.25,3.380000114440918,3.0,3.374000072479248,10600,0.0,0.0
2023-11-13 00:00:00-05:00,3.2100000381469727,3.4200000762939453,3.1600000858306885,3.4000000953674316,4600,0.0,0.0
2023-11-14 00:00:00-05:00,3.5,3.569999933242798,3.2699999809265137,3.3980000019073486,10400,0.0,0.0
2023-11-15 00:00:00-05:00,3.3299999237060547,3.505000114440918,3.3299999237060547,3.505000114440918,1100,0.0,0.0
2023-11-16 00:00:00-05:00,3.549999952316284,3.7200000286102295,3.3299999237060547,3.359999895095825,28200,0.0,0.0
2023-11-17 00:00:00-05:00,3.549999952316284,3.5999999046325684,3.190000057220459,3.4800000190734863,10900,0.0,0.0
2023-11-20 00:00:00-05:00,3.305000066757202,3.305000066757202,3.124000072479248,3.124000072479248,6500,0.0,0.0
2023-11-21 00:00:00-05:00,3.0899999141693115,3.0899999141693115,3.0899999141693115,3.0899999141693115,400,0.0,0.0
2023-11-22 00:00:00-05:00,3.490000009536743,3.490000009536743,2.8299999237060547,3.1600000858306885,17100,0.0,0.0
2023-11-24 00:00:00-05:00,3.2960000038146973,3.367000102996826,2.9700000286102295,3.367000102996826,3900,0.0,0.0
2023-11-27 00:00:00-05:00,3.5,3.740000009536743,3.367000102996826,3.5299999713897705,7300,0.0,0.0
2023-11-28 00:00:00-05:00,3.4000000953674316,4.559999942779541,3.3499999046325684,4.139999866485596,38700,0.0,0.0
2023-11-29 00:00:00-05:00,4.239999771118164,4.25,3.7200000286102295,4.010000228881836,14800,0.0,0.0
2023-11-30 00:00:00-05:00,4.019999980926514,4.179999828338623,3.9070000648498535,4.150000095367432,2400,0.0,0.0
2023-12-01 00:00:00-05:00,4.190000057220459,4.190000057220459,3.7699999809265137,3.930000066757202,3400,0.0,0.0
2023-12-04 00:00:00-05:00,3.6449999809265137,3.7200000286102295,3.2750000953674316,3.299999952316284,32100,0.0,0.0
2023-12-05 00:00:00-05:00,3.569999933242798,3.7799999713897705,3.0999999046325684,3.441999912261963,12400,0.0,0.0
2023-12-06 00:00:00-05:00,3.3499999046325684,3.390000104904175,3.194999933242798,3.390000104904175,5000,0.0,0.0
2023-12-07 00:00:00-05:00,3.4000000953674316,3.4000000953674316,3.2820000648498535,3.384999990463257,5100,0.0,0.0
2023-12-08 00:00:00-05:00,3.240000009536743,3.890000104904175,3.061000108718872,3.890000104904175,6200,0.0,0.0
2023-12-11 00:00:00-05:00,3.4600000381469727,3.634999990463257,3.259999990463257,3.3499999046325684,7200,0.0,0.0
2023-12-12 00:00:00-05:00,3.240000009536743,3.380000114440918,2.859999895095825,3.009999990463257,17200,0.0,0.0
2023-12-13 00:00:00-05:00,3.240000009536743,3.503999948501587,3.180000066757202,3.259999990463257,4700,0.0,0.0
2023-12-14 00:00:00-05:00,3.259999990463257,3.4210000038146973,3.059999942779541,3.190000057220459,11500,0.0,0.0
2023-12-15 00:00:00-05:00,3.009999990463257,3.2300000190734863,3.009999990463257,3.0799999237060547,3200,0.0,0.0
2023-12-18 00:00:00-05:00,3.25,3.380000114440918,3.1410000324249268,3.2790000438690186,7300,0.0,0.0
2023-12-19 00:00:00-05:00,3.059999942779541,3.1600000858306885,2.930000066757202,3.140000104904175,6300,0.0,0.0
2023-12-20 00:00:00-05:00,3.3399999141693115,3.3399999141693115,3.0439999103546143,3.068000078201294,2200,0.0,0.0
2023-12-21 00:00:00-05:00,3.059999942779541,3.059999942779541,2.9000000953674316,2.9679999351501465,3100,0.0,0.0
2023-12-22 00:00:00-05:00,3.1649999618530273,3.1649999618530273,2.9800000190734863,3.049999952316284,2700,0.0,0.0
2023-12-26 00:00:00-05:00,3.1600000858306885,3.259999990463257,2.799999952316284,3.0,14900,0.0,0.0
2023-12-27 00:00:00-05:00,3.0,3.009999990463257,2.799999952316284,2.9000000953674316,3000,0.0,0.0
2023-12-28 00:00:00-05:00,2.9000000953674316,3.125,2.680000066757202,2.930000066757202,15700,0.0,0.0
2023-12-29 00:00:00-05:00,2.880000114440918,3.0999999046325684,2.859999895095825,2.859999895095825,3900,0.0,0.0
2024-01-02 00:00:00-05:00,2.940000057220459,3.065000057220459,2.859999895095825,3.065000057220459,14100,0.0,0.0
2024-01-03 00:00:00-05:00,3.380000114440918,3.7300000190734863,3.0299999713897705,3.5,14300,0.0,0.0
2024-01-04 00:00:00-05:00,3.7200000286102295,3.7200000286102295,3.256999969482422,3.6029999256134033,5800,0.0,0.0
2024-01-05 00:00:00-05:00,3.4820001125335693,3.5799999237060547,3.4800000190734863,3.5799999237060547,2300,0.0,0.0
2024-01-08 00:00:00-05:00,3.200000047683716,3.3499999046325684,3.200000047683716,3.3499999046325684,1100,0.0,0.0
2024-01-09 00:00:00-05:00,3.3499999046325684,3.390000104904175,3.3499999046325684,3.359999895095825,1000,0.0,0.0
2024-01-10 00:00:00-05:00,3.359999895095825,3.359999895095825,3.359999895095825,3.359999895095825,0,0.0,0.0
2024-01-11 00:00:00-05:00,3.4000000953674316,3.7200000286102295,3.2660000324249268,3.2660000324249268,2700,0.0,0.0
2024-01-12 00:00:00-05:00,3.690000057220459,3.690000057220459,3.4000000953674316,3.4100000858306885,2800,0.0,0.0
2024-01-16 00:00:00-05:00,3.700000047683716,3.700000047683716,3.3570001125335693,3.4100000858306885,3100,0.0,0.0
2024-01-17 00:00:00-05:00,3.559999942779541,3.559999942779541,3.509999990463257,3.5199999809265137,800,0.0,0.0
2024-01-18 00:00:00-05:00,3.680000066757202,4.5,3.5899999141693115,4.267000198364258,19500,0.0,0.0
2024-01-19 00:00:00-05:00,4.559999942779541,4.835000038146973,4.244999885559082,4.781000137329102,37700,0.0,0.0
2024-01-22 00:00:00-05:00,5.070000171661377,5.789999961853027,4.820000171661377,5.119999885559082,57500,0.0,0.0
2024-01-23 00:00:00-05:00,5.449999809265137,6.25,5.111999988555908,5.60099983215332,27200,0.0,0.0
2024-01-24 00:00:00-05:00,5.829999923706055,5.829999923706055,5.079999923706055,5.460000038146973,17400,0.0,0.0
2024-01-25 00:00:00-05:00,5.389999866485596,5.389999866485596,5.0,5.090000152587891,11000,0.0,0.0
2024-01-26 00:00:00-05:00,5.75,5.949999809265137,5.40500020980835,5.570000171661377,30000,0.0,0.0
2024-01-29 00:00:00-05:00,5.929999828338623,7.0,5.739999771118164,6.940000057220459,62800,0.0,0.0
2024-01-30 00:00:00-05:00,7.179999828338623,8.380000114440918,7.039999961853027,7.300000190734863,92900,0.0,0.0
2024-01-31 00:00:00-05:00,7.110000133514404,7.480000019073486,7.099999904632568,7.440000057220459,12500,0.0,0.0
2024-02-01 00:00:00-05:00,7.110000133514404,7.760000228881836,6.170000076293945,6.199999809265137,28200,0.0,0.0
2024-02-02 00:00:00-05:00,6.25,6.559999942779541,4.849999904632568,5.579999923706055,27200,0.0,0.0
2024-02-05 00:00:00-05:00,5.400000095367432,5.75,4.86299991607666,5.099999904632568,9400,0.0,0.0
2024-02-06 00:00:00-05:00,5.0,5.480000019073486,5.0,5.309999942779541,6800,0.0,0.0
2024-02-07 00:00:00-05:00,5.585000038146973,5.900000095367432,5.429999828338623,5.677000045776367,8700,0.0,0.0
2024-02-08 00:00:00-05:00,5.369999885559082,5.571000099182129,4.909999847412109,5.110000133514404,16900,0.0,0.0
2024-02-09 00:00:00-05:00,5.019999980926514,5.889999866485596,5.019999980926514,5.800000190734863,3900,0.0,0.0
2024-02-12 00:00:00-05:00,5.550000190734863,5.880000114440918,5.309999942779541,5.697999954223633,11600,0.0,0.0
2024-02-13 00:00:00-05:00,5.75,5.75,5.125,5.230000019073486,21600,0.0,0.0
2024-02-14 00:00:00-05:00,5.525000095367432,5.525000095367432,4.829999923706055,4.849999904632568,24200,0.0,0.0
2024-02-15 00:00:00-05:00,4.800000190734863,4.989999771118164,4.300000190734863,4.510000228881836,42700,0.0,0.0
2024-02-16 00:00:00-05:00,4.960000038146973,5.10099983215332,4.429999828338623,4.489999771118164,33200,0.0,0.0
2024-02-20 00:00:00-05:00,4.599999904632568,4.900000095367432,4.349999904632568,4.360000133514404,26100,0.0,0.0
2024-02-21 00:00:00-05:00,4.480000019073486,4.5,4.303999900817871,4.480000019073486,5100,0.0,0.0
2024-02-22 00:00:00-05:00,4.510000228881836,4.510000228881836,4.276000022888184,4.40500020980835,3400,0.0,0.0
2024-02-23 00:00:00-05:00,4.5,4.710000038146973,4.269999980926514,4.489999771118164,14000,0.0,0.0
2024-02-26 00:00:00-05:00,4.545000076293945,4.545000076293945,4.4710001945495605,4.51800012588501,7800,0.0,0.0
2024-02-27 00:00:00-05:00,4.489999771118164,4.53000020980835,4.300000190734863,4.5,6300,0.0,0.0
2024-02-28 00:00:00-05:00,4.489999771118164,4.570000171661377,4.309999942779541,4.366000175476074,3600,0.0,0.0
2024-02-29 00:00:00-05:00,4.360000133514404,4.677000045776367,4.360000133514404,4.380000114440918,8200,0.0,0.0
2024-03-01 00:00:00-05:00,4.519999980926514,4.610000133514404,4.400000095367432,4.46999979019165,35100,0.0,0.0
2024-03-04 00:00:00-05:00,4.679999828338623,4.690000057220459,4.423999786376953,4.5,31800,0.0,0.0
2024-03-05 00:00:00-05:00,4.590000152587891,4.619999885559082,4.360000133514404,4.389999866485596,26900,0.0,0.0
2024-03-06 00:00:00-05:00,4.559999942779541,4.590000152587891,4.421000003814697,4.5,25100,0.0,0.0
2024-03-07 00:00:00-05:00,4.369999885559082,4.684999942779541,4.369999885559082,4.429999828338623,37600,0.0,0.0
2024-03-08 00:00:00-05:00,4.486000061035156,4.769999980926514,4.360000133514404,4.5,27800,0.0,0.0
2024-03-11 00:00:00-04:00,4.550000190734863,4.789999961853027,4.400000095367432,4.429999828338623,34100,0.0,0.0
2024-03-12 00:00:00-04:00,4.5,4.619999885559082,4.429999828338623,4.5,31900,0.0,0.0
2024-03-13 00:00:00-04:00,4.389999866485596,4.5970001220703125,4.340000152587891,4.340000152587891,34200,0.0,0.0
2024-03-14 00:00:00-04:00,4.340000152587891,4.651000022888184,4.340000152587891,4.360000133514404,14300,0.0,0.0
2024-03-15 00:00:00-04:00,4.39900016784668,4.614999771118164,3.940000057220459,3.940000057220459,135200,0.0,0.0
2024-03-18 00:00:00-04:00,3.9000000953674316,4.0970001220703125,3.4200000762939453,3.5999999046325684,37700,0.0,0.0
2024-03-19 00:00:00-04:00,4.019999980926514,4.059999942779541,3.369999885559082,3.390000104904175,16900,0.0,0.0
2024-03-20 00:00:00-04:00,3.430000066757202,3.5799999237060547,3.309999942779541,3.4600000381469727,7100,0.0,0.0
2024-03-21 00:00:00-04:00,3.4600000381469727,3.940000057220459,3.4600000381469727,3.8299999237060547,34300,0.0,0.0
2024-03-22 00:00:00-04:00,3.7300000190734863,4.190000057220459,3.7100000381469727,4.119999885559082,6200,0.0,0.0
2024-03-25 00:00:00-04:00,4.050000190734863,4.170000076293945,4.010000228881836,4.130000114440918,3100,0.0,0.0
2024-03-26 00:00:00-04:00,4.099999904632568,4.190000057220459,4.0,4.190000057220459,1200,0.0,0.0
2024-03-27 00:00:00-04:00,3.869999885559082,4.199999809265137,3.869999885559082,4.190000057220459,11500,0.0,0.0
2024-03-28 00:00:00-04:00,3.9100000858306885,4.400000095367432,3.890000104904175,4.159999847412109,6700,0.0,0.0
2024-04-01 00:00:00-04:00,4.199999809265137,4.199999809265137,3.9000000953674316,3.930000066757202,11100,0.0,0.0
2024-04-02 00:00:00-04:00,3.990000009536743,4.247000217437744,3.880000114440918,4.039999961853027,35400,0.0,0.0
2024-04-03 00:00:00-04:00,4.079999923706055,4.184999942779541,3.994999885559082,4.184999942779541,31300,0.0,0.0
2024-04-04 00:00:00-04:00,4.440000057220459,4.539999961853027,4.190000057220459,4.349999904632568,86400,0.0,0.0
2024-04-05 00:00:00-04:00,4.260000228881836,4.480000019073486,4.258999824523926,4.295000076293945,2400,0.0,0.0
2024-04-08 00:00:00-04:00,4.53000020980835,4.550000190734863,4.300000190734863,4.320000171661377,11500,0.0,0.0
2024-04-09 00:00:00-04:00,4.570000171661377,4.570000171661377,4.329999923706055,4.329999923706055,8800,0.0,0.0
2024-04-10 00:00:00-04:00,4.460000038146973,4.570000171661377,4.409999847412109,4.409999847412109,6700,0.0,0.0
2024-04-11 00:00:00-04:00,4.300000190734863,4.590000152587891,4.300000190734863,4.409999847412109,18900,0.0,0.0
2024-04-12 00:00:00-04:00,4.590000152587891,4.590000152587891,4.320000171661377,4.440000057220459,25600,0.0,0.0
2024-04-15 00:00:00-04:00,4.300000190734863,4.545000076293945,4.289999961853027,4.389999866485596,23600,0.0,0.0
2024-04-16 00:00:00-04:00,4.328999996185303,4.400000095367432,4.25,4.340000152587891,5400,0.0,0.0
2024-04-17 00:00:00-04:00,4.340000152587891,4.340000152587891,4.340000152587891,4.340000152587891,500,0.0,0.0
2024-04-18 00:00:00-04:00,4.170000076293945,4.190000057220459,4.010000228881836,4.010000228881836,2000,0.0,0.0
2024-04-19 00:00:00-04:00,4.010000228881836,4.019999980926514,4.010000228881836,4.019999980926514,1800,0.0,0.0
2024-04-22 00:00:00-04:00,4.159999847412109,4.579999923706055,4.159999847412109,4.514999866485596,5500,0.0,0.0
2024-04-23 00:00:00-04:00,4.5,4.590000152587891,4.070000171661377,4.590000152587891,19600,0.0,0.0
2024-04-24 00:00:00-04:00,4.539999961853027,5.800000190734863,4.099999904632568,5.489999771118164,76700,0.0,0.0
2024-04-25 00:00:00-04:00,4.980000019073486,5.525000095367432,4.809999942779541,5.289999961853027,18100,0.0,0.0
2024-04-26 00:00:00-04:00,5.5,5.579999923706055,5.329999923706055,5.449999809265137,8900,0.0,0.0
2024-04-29 00:00:00-04:00,5.010000228881836,5.550000190734863,4.519999980926514,5.494999885559082,15600,0.0,0.0
2024-04-30 00:00:00-04:00,5.360000133514404,6.017000198364258,4.820000171661377,5.730000019073486,19700,0.0,0.0
2024-05-01 00:00:00-04:00,5.650000095367432,6.264999866485596,5.519999980926514,5.960000038146973,20900,0.0,0.0
2024-05-02 00:00:00-04:00,6.0,6.099999904632568,5.809999942779541,6.0,25800,0.0,0.0
2024-05-03 00:00:00-04:00,5.989999771118164,5.989999771118164,5.739999771118164,5.739999771118164,6700,0.0,0.0
2024-05-06 00:00:00-04:00,5.739999771118164,5.769999980926514,5.510000228881836,5.639999866485596,6700,0.0,0.0
2024-05-07 00:00:00-04:00,5.53000020980835,5.65500020980835,5.510000228881836,5.519999980926514,6700,0.0,0.0
2024-05-08 00:00:00-04:00,5.5,5.650000095367432,5.5,5.5970001220703125,10300,0.0,0.0
2024-05-09 00:00:00-04:00,5.638000011444092,5.650000095367432,5.510000228881836,5.650000095367432,3000,0.0,0.0
2024-05-10 00:00:00-04:00,5.510000228881836,5.663000106811523,5.510000228881836,5.599999904632568,3600,0.0,0.0
2024-05-13 00:00:00-04:00,5.400000095367432,5.438000202178955,4.880000114440918,5.199999809265137,21600,0.0,0.0
2024-05-14 00:00:00-04:00,5.067999839782715,5.769999980926514,5.067999839782715,5.550000190734863,25900,0.0,0.0
2024-05-15 00:00:00-04:00,5.679999828338623,5.769999980926514,5.199999809265137,5.480000019073486,13600,0.0,0.0
2024-05-16 00:00:00-04:00,5.40500020980835,5.800000190734863,5.40500020980835,5.429999828338623,10100,0.0,0.0
2024-05-17 00:00:00-04:00,5.510000228881836,5.900000095367432,5.449999809265137,5.449999809265137,55900,0.0,0.0
2024-05-20 00:00:00-04:00,5.370999813079834,5.489999771118164,5.2829999923706055,5.400000095367432,3500,0.0,0.0
2024-05-21 00:00:00-04:00,5.449999809265137,5.5,5.360000133514404,5.400000095367432,7300,0.0,0.0
2024-05-22 00:00:00-04:00,5.441999912261963,5.513999938964844,5.263999938964844,5.380000114440918,3400,0.0,0.0
2024-05-23 00:00:00-04:00,5.309999942779541,5.349999904632568,5.019999980926514,5.159999847412109,24400,0.0,0.0
2024-05-24 00:00:00-04:00,5.150000095367432,5.291999816894531,5.135000228881836,5.199999809265137,23900,0.0,0.0
2024-05-28 00:00:00-04:00,5.199999809265137,5.324999809265137,5.119999885559082,5.239999771118164,4700,0.0,0.0
2024-05-29 00:00:00-04:00,5.25,6.019999980926514,5.25,5.449999809265137,189600,0.0,0.0
2024-05-30 00:00:00-04:00,5.46999979019165,5.989999771118164,5.46999979019165,5.670000076293945,7800,0.0,0.0
2024-05-31 00:00:00-04:00,5.75,5.900000095367432,5.679999828338623,5.679999828338623,6600,0.0,0.0
2024-06-03 00:00:00-04:00,5.599999904632568,5.75,5.25,5.690000057220459,5600,0.0,0.0
2024-06-04 00:00:00-04:00,5.550000190734863,5.849999904632568,5.5,5.625,4900,0.0,0.0
2024-06-05 00:00:00-04:00,5.460000038146973,5.460000038146973,5.139999866485596,5.394999980926514,3400,0.0,0.0
2024-06-06 00:00:00-04:00,5.210000038146973,5.260000228881836,5.019999980926514,5.230000019073486,2000,0.0,0.0
2024-06-07 00:00:00-04:00,5.039999961853027,5.199999809265137,5.039999961853027,5.110000133514404,1600,0.0,0.0
2024-06-10 00:00:00-04:00,5.050000190734863,5.4679999351501465,5.050000190734863,5.059999942779541,2800,0.0,0.0
2024-06-11 00:00:00-04:00,5.03000020980835,5.230000019073486,5.03000020980835,5.230000019073486,2400,0.0,0.0
2024-06-12 00:00:00-04:00,5.150000095367432,5.239999771118164,5.050000190734863,5.059999942779541,3800,0.0,0.0
2024-06-13 00:00:00-04:00,5.0,5.28000020980835,5.0,5.039999961853027,7000,0.0,0.0
2024-06-14 00:00:00-04:00,5.019999980926514,5.090000152587891,4.869999885559082,4.880000114440918,11400,0.0,0.0
2024-06-17 00:00:00-04:00,4.869999885559082,4.929999828338623,4.710000038146973,4.849999904632568,3300,0.0,0.0
2024-06-18 00:00:00-04:00,4.46999979019165,5.420000076293945,4.46999979019165,5.039999961853027,18100,0.0,0.0
2024-06-20 00:00:00-04:00,4.900000095367432,5.584000110626221,4.900000095367432,5.199999809265137,47200,0.0,0.0
2024-06-21 00:00:00-04:00,5.170000076293945,5.400000095367432,5.170000076293945,5.349999904632568,21900,0.0,0.0
2024-06-24 00:00:00-04:00,5.349999904632568,5.400000095367432,5.158999919891357,5.25,23100,0.0,0.0
2024-06-25 00:00:00-04:00,5.150000095367432,5.25,5.070000171661377,5.179999828338623,18700,0.0,0.0
2024-06-26 00:00:00-04:00,5.050000190734863,5.130000114440918,4.449999809265137,4.659999847412109,92100,0.0,0.0
2024-06-27 00:00:00-04:00,3.869999885559082,3.9200000762939453,3.062000036239624,3.1500000953674316,833900,0.0,0.0
2024-06-28 00:00:00-04:00,3.200000047683716,3.9600000381469727,3.1700000762939453,3.9600000381469727,246700,0.0,0.0
2024-07-01 00:00:00-04:00,3.9200000762939453,4.389999866485596,3.7100000381469727,4.25,44500,0.0,0.0
2024-07-02 00:00:00-04:00,4.289999961853027,4.349999904632568,3.884999990463257,4.010000228881836,33600,0.0,0.0
2024-07-03 00:00:00-04:00,4.289999961853027,4.329999923706055,4.099999904632568,4.260000228881836,31300,0.0,0.0
2024-07-05 00:00:00-04:00,4.239999771118164,4.25,4.11299991607666,4.239999771118164,4800,0.0,0.0
2024-07-08 00:00:00-04:00,4.320000171661377,4.420000076293945,3.9100000858306885,4.25,31800,0.0,0.0
2024-07-09 00:00:00-04:00,4.300000190734863,4.638000011444092,4.105000019073486,4.440000057220459,26700,0.0,0.0
2024-07-10 00:00:00-04:00,4.46999979019165,4.96999979019165,4.308000087738037,4.579999923706055,40800,0.0,0.0
2024-07-11 00:00:00-04:00,4.639999866485596,4.8470001220703125,4.5,4.71999979019165,27300,0.0,0.0
2024-07-12 00:00:00-04:00,4.644000053405762,5.0,4.599999904632568,4.889999866485596,22900,0.0,0.0
2024-07-15 00:00:00-04:00,4.889999866485596,4.889999866485596,4.510000228881836,4.809999942779541,8000,0.0,0.0
2024-07-16 00:00:00-04:00,4.860000133514404,4.96999979019165,4.559999942779541,4.880000114440918,8500,0.0,0.0
2024-07-17 00:00:00-04:00,4.880000114440918,4.880000114440918,4.486000061035156,4.599999904632568,16100,0.0,0.0
2024-07-18 00:00:00-04:00,4.5,4.920000076293945,4.150000095367432,4.170000076293945,35700,0.0,0.0
2024-07-19 00:00:00-04:00,4.139999866485596,4.440000057220459,4.050000190734863,4.130000114440918,14300,0.0,0.0
2024-07-22 00:00:00-04:00,4.070000171661377,4.5,3.950000047683716,4.010000228881836,33100,0.0,0.0
2024-07-23 00:00:00-04:00,3.990000009536743,4.010000228881836,3.7100000381469727,3.990000009536743,23400,0.0,0.0
2024-07-24 00:00:00-04:00,4.03000020980835,4.550000190734863,4.03000020980835,4.210000038146973,8500,0.0,0.0
2024-07-25 00:00:00-04:00,4.019999980926514,4.369999885559082,3.799999952316284,3.880000114440918,41800,0.0,0.0
2024-07-26 00:00:00-04:00,3.9110000133514404,3.98799991607666,3.9110000133514404,3.940000057220459,1900,0.0,0.0
2024-07-29 00:00:00-04:00,4.0,4.5,4.0,4.150000095367432,32200,0.0,0.0
2024-07-30 00:00:00-04:00,4.590000152587891,5.480000019073486,4.249000072479248,5.139999866485596,247300,0.0,0.0
2024-07-31 00:00:00-04:00,5.130000114440918,5.130000114440918,4.39900016784668,4.670000076293945,19700,0.0,0.0
2024-08-01 00:00:00-04:00,4.539999961853027,4.739999771118164,4.400000095367432,4.480000019073486,11000,0.0,0.0
2024-08-02 00:00:00-04:00,4.519999980926514,4.5289998054504395,4.349999904632568,4.510000228881836,7400,0.0,0.0
2024-08-05 00:00:00-04:00,4.349999904632568,4.429999828338623,3.994999885559082,4.28000020980835,23100,0.0,0.0
2024-08-06 00:00:00-04:00,4.170000076293945,4.315000057220459,4.070000171661377,4.199999809265137,7900,0.0,0.0
2024-08-07 00:00:00-04:00,4.489999771118164,4.670000076293945,4.170000076293945,4.599999904632568,8700,0.0,0.0
2024-08-08 00:00:00-04:00,4.610000133514404,4.989999771118164,4.599999904632568,4.650000095367432,21900,0.0,0.0
2024-08-09 00:00:00-04:00,4.650000095367432,5.0,4.380000114440918,4.699999809265137,9100,0.0,0.0
2024-08-12 00:00:00-04:00,4.570000171661377,4.699999809265137,4.414999961853027,4.679999828338623,9300,0.0,0.0
2024-08-13 00:00:00-04:00,4.659999847412109,4.659999847412109,4.380000114440918,4.510000228881836,9700,0.0,0.0
2024-08-14 00:00:00-04:00,4.400000095367432,4.710000038146973,4.380000114440918,4.53000020980835,19400,0.0,0.0
2024-08-15 00:00:00-04:00,4.670000076293945,4.690000057220459,4.0,4.099999904632568,22400,0.0,0.0
2024-08-16 00:00:00-04:00,4.070000171661377,4.298999786376953,4.070000171661377,4.188000202178955,10800,0.0,0.0
2024-08-19 00:00:00-04:00,4.254000186920166,4.340000152587891,3.9000000953674316,4.199999809265137,19300,0.0,0.0
2024-08-20 00:00:00-04:00,4.25,4.25,3.809999942779541,3.8499999046325684,17000,0.0,0.0
2024-08-21 00:00:00-04:00,4.059999942779541,4.260000228881836,3.9000000953674316,3.9000000953674316,7500,0.0,0.0
2024-08-22 00:00:00-04:00,4.13100004196167,4.179999828338623,4.13100004196167,4.179999828338623,2300,0.0,0.0
2024-08-23 00:00:00-04:00,4.1539998054504395,4.236000061035156,3.450000047683716,4.011000156402588,205800,0.0,0.0
2024-08-26 00:00:00-04:00,3.940000057220459,4.179999828338623,3.821000099182129,4.130000114440918,25700,0.0,0.0
2024-08-27 00:00:00-04:00,4.300000190734863,4.300000190734863,4.065999984741211,4.210000038146973,12100,0.0,0.0
2024-08-28 00:00:00-04:00,4.21999979019165,4.300000190734863,4.21999979019165,4.28000020980835,5100,0.0,0.0
2024-08-29 00:00:00-04:00,4.130000114440918,4.349999904632568,4.0,4.300000190734863,6700,0.0,0.0
2024-08-30 00:00:00-04:00,4.170000076293945,4.300000190734863,4.150000095367432,4.170000076293945,8600,0.0,0.0
2024-09-03 00:00:00-04:00,4.079999923706055,4.579999923706055,4.079999923706055,4.489999771118164,12100,0.0,0.0
2024-09-04 00:00:00-04:00,4.510000228881836,5.840000152587891,4.510000228881836,5.03000020980835,453100,0.0,0.0
2024-09-05 00:00:00-04:00,5.03000020980835,5.690000057220459,4.9629998207092285,5.150000095367432,21900,0.0,0.0
2024-09-06 00:00:00-04:00,5.25,5.320000171661377,4.739999771118164,5.300000190734863,31900,0.0,0.0
2024-09-09 00:00:00-04:00,5.2789998054504395,5.96999979019165,4.610000133514404,4.954999923706055,48700,0.0,0.0
2024-09-10 00:00:00-04:00,5.019999980926514,5.070000171661377,4.829999923706055,4.869999885559082,5500,0.0,0.0
2024-09-11 00:00:00-04:00,4.389999866485596,4.730000019073486,2.9100000858306885,4.409999847412109,302300,0.0,0.0
2024-09-12 00:00:00-04:00,4.235000133514404,4.389999866485596,4.130000114440918,4.159999847412109,17500,0.0,0.0
2024-09-13 00:00:00-04:00,4.239999771118164,4.316999912261963,3.7699999809265137,3.9049999713897705,23900,0.0,0.0
2024-09-16 00:00:00-04:00,3.9700000286102295,4.190000057220459,3.7699999809265137,4.070000171661377,31900,0.0,0.0
2024-09-17 00:00:00-04:00,4.150000095367432,4.206999778747559,3.869999885559082,3.9100000858306885,20000,0.0,0.0
2024-09-18 00:00:00-04:00,3.990000009536743,4.059999942779541,3.7799999713897705,3.9100000858306885,12800,0.0,0.0
2024-09-19 00:00:00-04:00,3.940000057220459,4.150000095367432,3.940000057220459,4.139999866485596,9200,0.0,0.0
2024-09-20 00:00:00-04:00,4.039999961853027,4.989999771118164,4.011000156402588,4.989999771118164,108300,0.0,0.0
2024-09-23 00:00:00-04:00,4.929999828338623,5.0,4.650000095367432,4.889999866485596,30700,0.0,0.0
2024-09-24 00:00:00-04:00,4.730000019073486,4.78000020980835,4.510000228881836,4.699999809265137,10800,0.0,0.0
2024-09-25 00:00:00-04:00,4.650000095367432,4.690000057220459,4.320000171661377,4.340000152587891,10400,0.0,0.0
2024-09-26 00:00:00-04:00,4.421000003814697,4.519999980926514,4.309999942779541,4.519999980926514,11200,0.0,0.0
2024-09-27 00:00:00-04:00,4.329999923706055,4.409999847412109,3.9709999561309814,4.239999771118164,27300,0.0,0.0
2024-09-30 00:00:00-04:00,4.260000228881836,4.539999961853027,4.21999979019165,4.429999828338623,26200,0.0,0.0
2024-10-01 00:00:00-04:00,4.388999938964844,4.538000106811523,3.9800000190734863,4.230000019073486,35000,0.0,0.0
2024-10-02 00:00:00-04:00,4.400000095367432,4.579999923706055,4.150000095367432,4.269999980926514,37300,0.0,0.0
2024-10-03 00:00:00-04:00,4.360000133514404,4.46999979019165,4.050000190734863,4.380000114440918,23100,0.0,0.0
2024-10-04 00:00:00-04:00,4.218999862670898,4.359000205993652,4.218999862670898,4.359000205993652,1400,0.0,0.0
2024-10-07 00:00:00-04:00,4.389999866485596,4.389999866485596,3.9600000381469727,3.9600000381469727,26600,0.0,0.0
2024-10-08 00:00:00-04:00,4.177000045776367,4.177000045776367,3.9600000381469727,3.9700000286102295,14500,0.0,0.0
2024-10-09 00:00:00-04:00,3.9700000286102295,4.289999961853027,3.8519999980926514,3.996999979019165,21000,0.0,0.0
2024-10-10 00:00:00-04:00,3.9000000953674316,4.046000003814697,3.8499999046325684,3.947999954223633,8800,0.0,0.0
2024-10-11 00:00:00-04:00,3.9000000953674316,3.940000057220459,3.799999952316284,3.809999942779541,10700,0.0,0.0
2024-10-14 00:00:00-04:00,3.890000104904175,4.179999828338623,3.869999885559082,3.990000009536743,6300,0.0,0.0
2024-10-15 00:00:00-04:00,4.090000152587891,4.179999828338623,3.950000047683716,3.9600000381469727,48400,0.0,0.0
2024-10-16 00:00:00-04:00,3.9000000953674316,4.150000095367432,3.880000114440918,4.139999866485596,14000,0.0,0.0
2024-10-17 00:00:00-04:00,4.110000133514404,4.116000175476074,3.9000000953674316,3.9600000381469727,4100,0.0,0.0
2024-10-18 00:00:00-04:00,4.184999942779541,4.184999942779541,3.8980000019073486,4.079999923706055,2700,0.0,0.0
2024-10-21 00:00:00-04:00,4.146999835968018,4.146999835968018,4.03000020980835,4.119999885559082,4200,0.0,0.0
2024-10-22 00:00:00-04:00,3.9700000286102295,4.139999866485596,3.940000057220459,4.03000020980835,11400,0.0,0.0
2024-10-23 00:00:00-04:00,4.045000076293945,4.045000076293945,4.045000076293945,4.045000076293945,1200,0.0,0.0
2024-10-24 00:00:00-04:00,4.129000186920166,4.139999866485596,4.046999931335449,4.139999866485596,3500,0.0,0.0
2024-10-25 00:00:00-04:00,3.9509999752044678,4.099999904632568,3.9509999752044678,4.025000095367432,4700,0.0,0.0
2024-10-28 00:00:00-04:00,4.010000228881836,4.03000020980835,3.940000057220459,3.940000057220459,5300,0.0,0.0
2024-10-29 00:00:00-04:00,4.079999923706055,4.099999904632568,3.871999979019165,3.930000066757202,4800,0.0,0.0
2024-10-30 00:00:00-04:00,4.25,5.650000095367432,4.25,4.800000190734863,294700,0.0,0.0
2024-10-31 00:00:00-04:00,3.799999952316284,3.8499999046325684,3.509999990463257,3.700000047683716,427600,0.0,0.0
2024-11-01 00:00:00-04:00,3.75,3.75,3.4700000286102295,3.509999990463257,227000,0.0,0.0
2024-11-04 00:00:00-05:00,3.690000057220459,3.700000047683716,3.5,3.5,108200,0.0,0.0
2024-11-05 00:00:00-05:00,3.5399999618530273,3.690000057220459,3.450000047683716,3.5399999618530273,105000,0.0,0.0
2024-11-06 00:00:00-05:00,3.5999999046325684,3.5999999046325684,3.4000000953674316,3.5,130800,0.0,0.0
2024-11-07 00:00:00-05:00,3.5399999618530273,3.549999952316284,3.450000047683716,3.5,75000,0.0,0.0
2024-11-08 00:00:00-05:00,3.5,3.569999933242798,3.4100000858306885,3.4700000286102295,113400,0.0,0.0
2024-11-11 00:00:00-05:00,3.569999933242798,3.5999999046325684,3.450000047683716,3.5,70300,0.0,0.0
2024-11-12 00:00:00-05:00,3.5,3.559999942779541,3.4100000858306885,3.490000009536743,61300,0.0,0.0
2024-11-13 00:00:00-05:00,3.5199999809265137,3.5199999809265137,3.3499999046325684,3.4000000953674316,109200,0.0,0.0
2024-11-14 00:00:00-05:00,3.3499999046325684,3.450000047683716,3.3499999046325684,3.369999885559082,32800,0.0,0.0
2024-11-15 00:00:00-05:00,3.390000104904175,3.440000057220459,3.2699999809265137,3.3299999237060547,69800,0.0,0.0
2024-11-18 00:00:00-05:00,3.3299999237060547,3.430000066757202,3.299999952316284,3.380000114440918,36800,0.0,0.0
2024-11-19 00:00:00-05:00,3.3499999046325684,3.4700000286102295,3.309999942779541,3.3499999046325684,25600,0.0,0.0
2024-11-20 00:00:00-05:00,3.4100000858306885,3.450000047683716,3.359999895095825,3.450000047683716,11800,0.0,0.0
2024-11-21 00:00:00-05:00,3.450000047683716,3.4600000381469727,3.4000000953674316,3.450000047683716,18300,0.0,0.0
2024-11-22 00:00:00-05:00,3.4100000858306885,3.4800000190734863,3.4100000858306885,3.450000047683716,27200,0.0,0.0
2024-11-25 00:00:00-05:00,3.450000047683716,3.549999952316284,3.4000000953674316,3.5299999713897705,50000,0.0,0.0
2024-11-26 00:00:00-05:00,3.5,3.5309998989105225,3.390000104904175,3.390000104904175,30400,0.0,0.0
2024-11-27 00:00:00-05:00,3.380000114440918,3.490000009536743,3.380000114440918,3.440000057220459,22500,0.0,0.0
2024-11-29 00:00:00-05:00,3.4700000286102295,3.490000009536743,3.369999885559082,3.450000047683716,5500,0.0,0.0
2024-12-02 00:00:00-05:00,3.5,3.5,3.4100000858306885,3.430000066757202,15100,0.0,0.0
2024-12-03 00:00:00-05:00,3.450000047683716,3.4600000381469727,3.0399999618530273,3.119999885559082,91200,0.0,0.0
2024-12-04 00:00:00-05:00,3.1600000858306885,3.200000047683716,3.0199999809265137,3.049999952316284,48800,0.0,0.0
2024-12-05 00:00:00-05:00,3.0799999237060547,3.2699999809265137,2.7799999713897705,2.990000009536743,79200,0.0,0.0
2024-12-06 00:00:00-05:00,3.0399999618530273,3.0490000247955322,2.049999952316284,2.859999895095825,499900,0.0,0.0
2024-12-09 00:00:00-05:00,2.9200000762939453,3.0299999713897705,2.9100000858306885,2.950000047683716,106400,0.0,0.0
2024-12-10 00:00:00-05:00,2.950000047683716,2.9600000381469727,2.7300000190734863,2.75,87700,0.0,0.0
2024-12-11 00:00:00-05:00,2.7899999618530273,2.859999895095825,2.549999952316284,2.700000047683716,167600,0.0,0.0
2024-12-12 00:00:00-05:00,2.700000047683716,2.8399999141693115,2.680000066757202,2.7899999618530273,19100,0.0,0.0
2024-12-13 00:00:00-05:00,2.8299999237060547,2.8299999237060547,2.7019999027252197,2.7300000190734863,37500,0.0,0.0
2024-12-16 00:00:00-05:00,2.7300000190734863,2.8299999237060547,2.7300000190734863,2.809999942779541,16800,0.0,0.0
2024-12-17 00:00:00-05:00,2.8399999141693115,2.8399999141693115,2.7100000381469727,2.7799999713897705,14900,0.0,0.0
2024-12-18 00:00:00-05:00,2.819999933242798,2.9000000953674316,2.740000009536743,2.740000009536743,23500,0.0,0.0
2024-12-19 00:00:00-05:00,2.799999952316284,2.799999952316284,2.6700000762939453,2.7699999809265137,21200,0.0,0.0
2024-12-20 00:00:00-05:00,2.809999942779541,2.890000104904175,2.759999990463257,2.759999990463257,68600,0.0,0.0
2024-12-23 00:00:00-05:00,2.7699999809265137,2.8469998836517334,2.7100000381469727,2.759999990463257,19300,0.0,0.0
2024-12-24 00:00:00-05:00,2.8320000171661377,2.859999895095825,2.7699999809265137,2.8550000190734863,6600,0.0,0.0
2024-12-26 00:00:00-05:00,2.890000104904175,3.130000114440918,2.869999885559082,3.009999990463257,36100,0.0,0.0
2024-12-27 00:00:00-05:00,3.0399999618530273,3.11299991607666,2.8499999046325684,2.8499999046325684,45300,0.0,0.0
2024-12-30 00:00:00-05:00,2.8499999046325684,3.2899999618530273,2.6700000762939453,3.2899999618530273,71000,0.0,0.0
2024-12-31 00:00:00-05:00,3.299999952316284,3.6700000762939453,3.0899999141693115,3.5399999618530273,111900,0.0,0.0
2025-01-02 00:00:00-05:00,3.4700000286102295,3.4700000286102295,3.259999990463257,3.2899999618530273,6900,0.0,0.0
2025-01-03 00:00:00-05:00,3.359999895095825,3.359999895095825,3.1500000953674316,3.2200000286102295,12600,0.0,0.0
2025-01-06 00:00:00-05:00,3.2860000133514404,3.440000057220459,3.190000057220459,3.190000057220459,10800,0.0,0.0
2025-01-07 00:00:00-05:00,3.250999927520752,3.3299999237060547,3.187999963760376,3.2100000381469727,4000,0.0,0.0
2025-01-08 00:00:00-05:00,3.2109999656677246,3.2939999103546143,3.0,3.0,9300,0.0,0.0
2025-01-10 00:00:00-05:00,2.940000057220459,3.131999969482422,2.930000066757202,3.0199999809265137,7500,0.0,0.0
2025-01-13 00:00:00-05:00,3.0999999046325684,3.0999999046325684,2.7300000190734863,2.9000000953674316,8600,0.0,0.0
2025-01-14 00:00:00-05:00,3.009999990463257,3.2699999809265137,2.950000047683716,3.009999990463257,24100,0.0,0.0
2025-01-15 00:00:00-05:00,3.2809998989105225,3.2809998989105225,3.009999990463257,3.0199999809265137,17900,0.0,0.0
2025-01-16 00:00:00-05:00,3.0,3.1700000762939453,3.0,3.1700000762939453,7700,0.0,0.0
2025-01-17 00:00:00-05:00,3.1449999809265137,3.2209999561309814,3.0,3.0899999141693115,21900,0.0,0.0
2025-01-21 00:00:00-05:00,3.190000057220459,3.2079999446868896,2.921999931335449,3.069999933242798,14700,0.0,0.0
2025-01-22 00:00:00-05:00,3.140000104904175,3.140000104904175,2.880000114440918,2.940000057220459,23200,0.0,0.0
2025-01-23 00:00:00-05:00,2.880000114440918,3.1700000762939453,2.859999895095825,2.890000104904175,25300,0.0,0.0
2025-01-24 00:00:00-05:00,2.890000104904175,3.0380001068115234,2.609999895095825,2.7300000190734863,59700,0.0,0.0
2025-01-27 00:00:00-05:00,2.7899999618530273,2.9119999408721924,2.700000047683716,2.7100000381469727,16600,0.0,0.0
2025-01-28 00:00:00-05:00,2.7049999237060547,2.7790000438690186,2.5999999046325684,2.6700000762939453,9000,0.0,0.0
2025-01-29 00:00:00-05:00,2.7100000381469727,2.75,2.5199999809265137,2.630000114440918,27200,0.0,0.0
2025-01-30 00:00:00-05:00,2.5299999713897705,2.7200000286102295,2.5299999713897705,2.5399999618530273,95700,0.0,0.0
2025-01-31 00:00:00-05:00,2.5299999713897705,2.7300000190734863,2.5299999713897705,2.559999942779541,63100,0.0,0.0
2025-02-03 00:00:00-05:00,2.5,3.0460000038146973,2.319999933242798,2.640000104904175,132600,0.0,0.0
2025-02-04 00:00:00-05:00,2.680000066757202,2.819999933242798,2.5299999713897705,2.559999942779541,19600,0.0,0.0
2025-02-05 00:00:00-05:00,2.6610000133514404,2.7109999656677246,2.640000104904175,2.6500000953674316,16900,0.0,0.0
2025-02-06 00:00:00-05:00,2.680000066757202,2.7300000190734863,2.5899999141693115,2.7100000381469727,19000,0.0,0.0
2025-02-07 00:00:00-05:00,2.7100000381469727,2.7100000381469727,2.5999999046325684,2.6700000762939453,9600,0.0,0.0
2025-02-10 00:00:00-05:00,2.6700000762939453,2.75,2.5999999046325684,2.75,14200,0.0,0.0
2025-02-11 00:00:00-05:00,2.6600000858306885,2.7109999656677246,2.6500000953674316,2.7100000381469727,19100,0.0,0.0
2025-02-12 00:00:00-05:00,2.559999942779541,2.690000057220459,2.450000047683716,2.5199999809265137,21100,0.0,0.0
2025-02-13 00:00:00-05:00,2.430000066757202,2.6700000762939453,2.368000030517578,2.6700000762939453,23400,0.0,0.0
2025-02-14 00:00:00-05:00,2.5299999713897705,2.6600000858306885,2.490000009536743,2.509999990463257,16600,0.0,0.0
2025-02-18 00:00:00-05:00,2.444999933242798,2.6500000953674316,2.390000104904175,2.430000066757202,23300,0.0,0.0
2025-02-19 00:00:00-05:00,2.359999895095825,2.6500000953674316,2.359999895095825,2.4200000762939453,33600,0.0,0.0
2025-02-20 00:00:00-05:00,2.6570000648498535,2.6570000648498535,2.380000114440918,2.440000057220459,4300,0.0,0.0
2025-02-21 00:00:00-05:00,2.359999895095825,2.5899999141693115,2.3499999046325684,2.3499999046325684,15500,0.0,0.0
2025-02-24 00:00:00-05:00,2.4000000953674316,2.4000000953674316,2.234999895095825,2.234999895095825,9500,0.0,0.0
2025-02-25 00:00:00-05:00,2.2899999618530273,2.3499999046325684,2.1500000953674316,2.1500000953674316,4500,0.0,0.0
2025-02-26 00:00:00-05:00,2.200000047683716,2.390000104904175,2.200000047683716,2.309999942779541,37400,0.0,0.0
2025-02-27 00:00:00-05:00,2.305000066757202,2.437999963760376,2.180000066757202,2.2799999713897705,9100,0.0,0.0
2025-02-28 00:00:00-05:00,2.446000099182129,2.446000099182129,2.1500000953674316,2.2200000286102295,3000,0.0,0.0
2025-03-03 00:00:00-05:00,2.259999990463257,2.265000104904175,2.190000057220459,2.200000047683716,2700,0.0,0.0
2025-03-04 00:00:00-05:00,2.069999933242798,2.2699999809265137,1.8600000143051147,2.2699999809265137,325200,0.0,0.0
2025-03-05 00:00:00-05:00,2.2200000286102295,2.259999990463257,2.049999952316284,2.130000114440918,65900,0.0,0.0
2025-03-06 00:00:00-05:00,2.0899999141693115,2.2290000915527344,2.0169999599456787,2.200000047683716,13700,0.0,0.0
2025-03-07 00:00:00-05:00,2.130000114440918,2.3489999771118164,2.125,2.240000009536743,14400,0.0,0.0
2025-03-10 00:00:00-04:00,2.259999990463257,2.259999990463257,2.0,2.1700000762939453,8500,0.0,0.0
2025-03-11 00:00:00-04:00,2.130000114440918,2.1500000953674316,1.9600000381469727,2.069999933242798,12500,0.0,0.0
2025-03-12 00:00:00-04:00,2.2799999713897705,2.2799999713897705,1.8799999952316284,1.9199999570846558,12600,0.0,0.0
2025-03-13 00:00:00-04:00,1.9299999475479126,2.0280001163482666,1.8329999446868896,1.899999976158142,21100,0.0,0.0
2025-03-14 00:00:00-04:00,1.9600000381469727,2.049999952316284,1.8700000047683716,1.9800000190734863,22600,0.0,0.0
2025-03-17 00:00:00-04:00,1.940000057220459,2.0999999046325684,1.940000057220459,2.049999952316284,8500,0.0,0.0
2025-03-18 00:00:00-04:00,2.0899999141693115,2.109999895095825,2.0480000972747803,2.109999895095825,23100,0.0,0.0
2025-03-19 00:00:00-04:00,2.0999999046325684,2.1500000953674316,2.009999990463257,2.0399999618530273,36000,0.0,0.0
2025-03-20 00:00:00-04:00,2.069999933242798,2.0999999046325684,2.0299999713897705,2.0999999046325684,20500,0.0,0.0
2025-03-21 00:00:00-04:00,2.0399999618530273,2.119999885559082,2.0,2.009999990463257,20500,0.0,0.0
2025-03-24 00:00:00-04:00,2.0899999141693115,2.0999999046325684,2.009999990463257,2.0799999237060547,10000,0.0,0.0
2025-03-25 00:00:00-04:00,2.0199999809265137,2.187000036239624,1.9500000476837158,2.049999952316284,511300,0.0,0.0
2025-03-26 00:00:00-04:00,2.0,2.0399999618530273,1.9199999570846558,1.9900000095367432,319800,0.0,0.0
2025-03-27 00:00:00-04:00,2.2100000381469727,2.2100000381469727,2.0,2.069999933242798,22500,0.0,0.0
2025-03-28 00:00:00-04:00,2.069999933242798,2.1500000953674316,1.9550000429153442,1.9900000095367432,17800,0.0,0.0
2025-03-31 00:00:00-04:00,1.9500000476837158,2.069999933242798,1.812999963760376,1.909999966621399,13700,0.0,0.0
2025-04-01 00:00:00-04:00,2.0,2.0999999046325684,1.809999942779541,1.9500000476837158,87600,0.0,0.0
2025-04-02 00:00:00-04:00,1.9500000476837158,1.9500000476837158,1.8309999704360962,1.850000023841858,8000,0.0,0.0
2025-04-03 00:00:00-04:00,1.850000023841858,1.940000057220459,1.809999942779541,1.8300000429153442,16000,0.0,0.0
2025-04-04 00:00:00-04:00,1.8700000047683716,1.899999976158142,1.7599999904632568,1.8200000524520874,38300,0.0,0.0
2025-04-07 00:00:00-04:00,1.809999942779541,1.8600000143051147,1.5740000009536743,1.809999942779541,15200,0.0,0.0
2025-04-08 00:00:00-04:00,1.7710000276565552,1.8799999952316284,1.6100000143051147,1.7200000286102295,39800,0.0,0.0
2025-04-09 00:00:00-04:00,1.6299999952316284,1.6699999570846558,1.569000005722046,1.5800000429153442,20900,0.0,0.0
2025-04-10 00:00:00-04:00,1.5800000429153442,1.590000033378601,1.4500000476837158,1.4800000190734863,22500,0.0,0.0
2025-04-11 00:00:00-04:00,1.4900000095367432,1.5499999523162842,1.4900000095367432,1.534999966621399,4900,0.0,0.0
2025-04-14 00:00:00-04:00,1.600000023841858,1.6679999828338623,1.5399999618530273,1.628999948501587,12700,0.0,0.0
2025-04-15 00:00:00-04:00,1.649999976158142,1.6699999570846558,1.600000023841858,1.600000023841858,7000,0.0,0.0
2025-04-16 00:00:00-04:00,1.590000033378601,1.6299999952316284,1.5399999618530273,1.5399999618530273,14400,0.0,0.0
2025-04-17 00:00:00-04:00,1.5399999618530273,1.600000023841858,1.5299999713897705,1.5499999523162842,4300,0.0,0.0
2025-04-21 00:00:00-04:00,1.5549999475479126,1.5800000429153442,1.5399999618530273,1.5470000505447388,12600,0.0,0.0
2025-04-22 00:00:00-04:00,1.5399999618530273,1.6699999570846558,1.4700000286102295,1.5199999809265137,21800,0.0,0.0
2025-04-23 00:00:00-04:00,1.593999981880188,1.593999981880188,1.4639999866485596,1.5299999713897705,44600,0.0,0.0
2025-04-24 00:00:00-04:00,1.5299999713897705,1.5399999618530273,1.4299999475479126,1.524999976158142,33000,0.0,0.0
2025-04-25 00:00:00-04:00,1.4850000143051147,1.5299999713897705,1.475000023841858,1.5,20300,0.0,0.0
2025-04-28 00:00:00-04:00,1.4800000190734863,1.534999966621399,1.4800000190734863,1.5099999904632568,7600,0.0,0.0
2025-04-29 00:00:00-04:00,1.5199999809265137,1.5700000524520874,1.5199999809265137,1.5199999809265137,8000,0.0,0.0
2025-04-30 00:00:00-04:00,1.5549999475479126,1.590000033378601,1.5549999475479126,1.5700000524520874,2200,0.0,0.0
2025-05-01 00:00:00-04:00,1.600000023841858,1.600000023841858,1.524999976158142,1.5499999523162842,28400,0.0,0.0
2025-05-02 00:00:00-04:00,1.5410000085830688,1.7999999523162842,1.5240000486373901,1.75,41100,0.0,0.0
2025-05-05 00:00:00-04:00,1.7300000190734863,1.9759999513626099,1.690000057220459,1.9470000267028809,48200,0.0,0.0
2025-05-06 00:00:00-04:00,1.8799999952316284,2.059999942779541,1.8200000524520874,1.9900000095367432,77700,0.0,0.0
2025-05-07 00:00:00-04:00,2.0399999618530273,2.1500000953674316,1.9500000476837158,2.0,97000,0.0,0.0
2025-05-08 00:00:00-04:00,2.0,2.1510000228881836,1.9429999589920044,2.059999942779541,60000,0.0,0.0
2025-05-09 00:00:00-04:00,2.0299999713897705,2.0299999713897705,1.968000054359436,2.0,13700,0.0,0.0
2025-05-12 00:00:00-04:00,2.0,2.0199999809265137,1.9279999732971191,2.009999990463257,21700,0.0,0.0
2025-05-13 00:00:00-04:00,2.0420000553131104,2.0420000553131104,1.8600000143051147,1.9299999475479126,33700,0.0,0.0
2025-05-14 00:00:00-04:00,1.9600000381469727,2.0399999618530273,1.8700000047683716,1.9129999876022339,78800,0.0,0.0
2025-05-15 00:00:00-04:00,1.9900000095367432,2.0,1.899999976158142,1.940000057220459,37600,0.0,0.0
2025-05-16 00:00:00-04:00,1.9299999475479126,2.0399999618530273,1.909999966621399,2.0,21800,0.0,0.0
2025-05-19 00:00:00-04:00,2.0,2.0,1.850000023841858,1.8600000143051147,21500,0.0,0.0
2025-05-20 00:00:00-04:00,1.9129999876022339,1.9129999876022339,1.7949999570846558,1.8600000143051147,18200,0.0,0.0
2025-05-21 00:00:00-04:00,1.8899999856948853,1.899999976158142,1.75,1.75,34500,0.0,0.0
2025-05-22 00:00:00-04:00,1.774999976158142,1.774999976158142,1.659999966621399,1.7100000381469727,15000,0.0,0.0
2025-05-23 00:00:00-04:00,1.7999999523162842,1.7999999523162842,1.7100000381469727,1.7999999523162842,3800,0.0,0.0
2025-05-27 00:00:00-04:00,1.8300000429153442,1.8300000429153442,1.7400000095367432,1.7599999904632568,11800,0.0,0.0
2025-05-28 00:00:00-04:00,1.7649999856948853,1.7899999618530273,1.7200000286102295,1.753999948501587,8800,0.0,0.0
2025-05-29 00:00:00-04:00,1.7200000286102295,1.7599999904632568,1.690000057220459,1.746000051498413,24000,0.0,0.0
2025-05-30 00:00:00-04:00,1.7079999446868896,1.7100000381469727,1.649999976158142,1.7100000381469727,4600,0.0,0.0
2025-06-02 00:00:00-04:00,1.6950000524520874,1.7309999465942383,1.6390000581741333,1.6399999856948853,14000,0.0,0.0
2025-06-03 00:00:00-04:00,1.6699999570846558,1.7100000381469727,1.6100000143051147,1.6299999952316284,30900,0.0,0.0
2025-06-04 00:00:00-04:00,1.7200000286102295,1.7200000286102295,1.6610000133514404,1.715000033378601,12000,0.0,0.0
2025-06-05 00:00:00-04:00,1.6699999570846558,1.7350000143051147,1.6640000343322754,1.6799999475479126,27100,0.0,0.0
2025-06-06 00:00:00-04:00,1.8680000305175781,1.8680000305175781,1.7000000476837158,1.7400000095367432,28100,0.0,0.0
2025-06-09 00:00:00-04:00,1.8899999856948853,1.8899999856948853,1.7799999713897705,1.7899999618530273,15900,0.0,0.0
2025-06-10 00:00:00-04:00,1.899999976158142,1.899999976158142,1.8300000429153442,1.850000023841858,25500,0.0,0.0
2025-06-11 00:00:00-04:00,1.8550000190734863,1.8919999599456787,1.7999999523162842,1.809999942779541,15200,0.0,0.0
2025-06-12 00:00:00-04:00,1.809999942779541,1.809999942779541,1.75,1.75,8000,0.0,0.0
2025-06-13 00:00:00-04:00,1.7400000095367432,1.75,1.7100000381469727,1.7200000286102295,7500,0.0,0.0
2025-06-16 00:00:00-04:00,1.7599999904632568,1.7799999713897705,1.7000000476837158,1.7000000476837158,17500,0.0,0.0
2025-06-17 00:00:00-04:00,1.7300000190734863,1.75,1.6859999895095825,1.690000057220459,27100,0.0,0.0
2025-06-18 00:00:00-04:00,1.7899999618530273,1.7899999618530273,1.6799999475479126,1.690000057220459,14000,0.0,0.0
2025-06-20 00:00:00-04:00,1.659999966621399,1.75,1.6299999952316284,1.6399999856948853,14500,0.0,0.0
2025-06-23 00:00:00-04:00,1.7050000429153442,1.7899999618530273,1.5099999904632568,1.5399999618530273,34200,0.0,0.0
2025-06-24 00:00:00-04:00,1.4900000095367432,1.7619999647140503,1.4800000190734863,1.649999976158142,20100,0.0,0.0
2025-06-25 00:00:00-04:00,1.690000057220459,1.7200000286102295,1.559999942779541,1.5700000524520874,32900,0.0,0.0
2025-06-26 00:00:00-04:00,1.5,1.5700000524520874,1.4299999475479126,1.4299999475479126,119100,0.0,0.0
2025-06-27 00:00:00-04:00,1.4299999475479126,1.559999942779541,1.4299999475479126,1.4299999475479126,59100,0.0,0.0
2025-06-30 00:00:00-04:00,1.4199999570846558,1.6660000085830688,1.4199999570846558,1.600000023841858,55200,0.0,0.0
2025-07-01 00:00:00-04:00,1.6399999856948853,1.850000023841858,1.5470000505447388,1.559999942779541,14700,0.0,0.0
2025-07-02 00:00:00-04:00,1.5499999523162842,1.690000057220459,1.5499999523162842,1.5800000429153442,46800,0.0,0.0
2025-07-03 00:00:00-04:00,1.600000023841858,1.649999976158142,1.5980000495910645,1.6100000143051147,21500,0.0,0.0
2025-07-07 00:00:00-04:00,1.659999966621399,1.690000057220459,1.6100000143051147,1.6100000143051147,14700,0.0,0.0
2025-07-08 00:00:00-04:00,1.6430000066757202,1.649999976158142,1.5850000381469727,1.590000033378601,14600,0.0,0.0
2025-07-09 00:00:00-04:00,1.6100000143051147,1.6449999809265137,1.600000023841858,1.6100000143051147,18600,0.0,0.0
2025-07-10 00:00:00-04:00,1.600000023841858,1.6399999856948853,1.600000023841858,1.6200000047683716,13200,0.0,0.0
2025-07-11 00:00:00-04:00,1.7000000476837158,2.259999990463257,1.690000057220459,2.0,393400,0.0,0.0
2025-07-14 00:00:00-04:00,2.190000057220459,2.5899999141693115,2.1029999256134033,2.319999933242798,354200,0.0,0.0
2025-07-15 00:00:00-04:00,2.25,2.319999933242798,2.0,2.049999952316284,57500,0.0,0.0
2025-07-16 00:00:00-04:00,2.109999895095825,2.2699999809265137,2.0999999046325684,2.184999942779541,72300,0.0,0.0
2025-07-17 00:00:00-04:00,2.2200000286102295,2.693000078201294,2.2200000286102295,2.5199999809265137,124100,0.0,0.0
2025-07-18 00:00:00-04:00,2.690000057220459,3.200000047683716,2.5299999713897705,3.009999990463257,297300,0.0,0.0
2025-07-21 00:00:00-04:00,3.130000114440918,3.5399999618530273,3.0850000381469727,3.490000009536743,354900,0.0,0.0
2025-07-22 00:00:00-04:00,3.5999999046325684,3.8399999141693115,3.2709999084472656,3.7799999713897705,210800,0.0,0.0
2025-07-23 00:00:00-04:00,3.890000104904175,4.260000228881836,3.5299999713897705,4.199999809265137,212000,0.0,0.0
2025-07-24 00:00:00-04:00,4.21999979019165,4.21999979019165,3.369999885559082,3.690000057220459,215600,0.0,0.0
2025-07-25 00:00:00-04:00,3.700000047683716,3.9700000286102295,3.621999979019165,3.799999952316284,113400,0.0,0.0
2025-07-28 00:00:00-04:00,3.869999885559082,3.9600000381469727,3.6700000762939453,3.7100000381469727,48100,0.0,0.0
2025-07-29 00:00:00-04:00,3.740000009536743,3.809999942779541,3.5999999046325684,3.7799999713897705,47100,0.0,0.0
2025-07-30 00:00:00-04:00,3.7799999713897705,3.7799999713897705,3.5999999046325684,3.680000066757202,62200,0.0,0.0
2025-07-31 00:00:00-04:00,3.7699999809265137,3.7799999713897705,3.0869998931884766,3.440000057220459,169200,0.0,0.0
2025-08-01 00:00:00-04:00,3.4000000953674316,3.5,2.75,2.940000057220459,105900,0.0,0.0
2025-08-04 00:00:00-04:00,3.0,3.1619999408721924,2.8499999046325684,3.049999952316284,44900,0.0,0.0
2025-08-05 00:00:00-04:00,3.049999952316284,3.130000114440918,2.9100000858306885,3.0,42200,0.0,0.0
2025-08-06 00:00:00-04:00,3.0,3.0799999237060547,2.9600000381469727,3.0,10200,0.0,0.0
2025-08-07 00:00:00-04:00,3.0,3.0,2.809999942779541,2.9100000858306885,20800,0.0,0.0
2025-08-08 00:00:00-04:00,2.9000000953674316,2.9000000953674316,2.6600000858306885,2.740000009536743,25200,0.0,0.0
2025-08-11 00:00:00-04:00,3.0,3.0,2.736999988555908,2.759999990463257,7900,0.0,0.0
2025-08-12 00:00:00-04:00,2.6619999408721924,2.7750000953674316,2.319999933242798,2.4800000190734863,64700,0.0,0.0
2025-08-13 00:00:00-04:00,2.740000009536743,2.740000009536743,2.309999942779541,2.365000009536743,26400,0.0,0.0
2025-08-14 00:00:00-04:00,2.380000114440918,2.740000009536743,2.380000114440918,2.609999895095825,13800,0.0,0.0
2025-08-15 00:00:00-04:00,2.740000009536743,2.9200000762939453,2.61899995803833,2.9100000858306885,28800,0.0,0.0
2025-08-18 00:00:00-04:00,2.950000047683716,3.0450000762939453,2.861999988555908,2.943000078201294,43700,0.0,0.0
2025-08-19 00:00:00-04:00,2.9600000381469727,3.0,2.7100000381469727,2.7799999713897705,33800,0.0,0.0
2025-08-20 00:00:00-04:00,2.759999990463257,2.7899999618530273,2.700000047683716,2.75,14100,0.0,0.0
2025-08-21 00:00:00-04:00,2.799999952316284,3.0,2.75,2.7899999618530273,92500,0.0,0.0
2025-08-22 00:00:00-04:00,2.799999952316284,2.799999952316284,2.740000009536743,2.7799999713897705,23000,0.0,0.0
2025-08-25 00:00:00-04:00,2.799999952316284,2.9200000762939453,2.75,2.7899999618530273,95200,0.0,0.0
2025-08-26 00:00:00-04:00,2.9700000286102295,2.9700000286102295,2.809999942779541,2.869999885559082,17500,0.0,0.0
2025-08-27 00:00:00-04:00,2.809999942779541,3.052000045776367,2.809999942779541,2.9000000953674316,8600,0.0,0.0
2025-08-28 00:00:00-04:00,2.9000000953674316,3.00600004196167,2.7300000190734863,2.7300000190734863,26000,0.0,0.0
2025-08-29 00:00:00-04:00,2.7300000190734863,3.0299999713897705,2.680000066757202,2.700000047683716,9200,0.0,0.0
2025-09-02 00:00:00-04:00,2.75,3.25,2.7200000286102295,3.0999999046325684,407800,0.0,0.0
2025-09-03 00:00:00-04:00,3.2200000286102295,3.25,3.069999933242798,3.2200000286102295,68500,0.0,0.0
2025-09-04 00:00:00-04:00,3.25,3.380000114440918,3.0399999618530273,3.1700000762939453,19700,0.0,0.0
2025-09-05 00:00:00-04:00,3.1700000762939453,3.259999990463257,3.069999933242798,3.0799999237060547,33100,0.0,0.0
2025-09-08 00:00:00-04:00,3.109999895095825,3.25,3.0,3.0899999141693115,48000,0.0,0.0
2025-09-09 00:00:00-04:00,3.119999885559082,3.6500000953674316,3.119999885559082,3.5799999237060547,59100,0.0,0.0
2025-09-10 00:00:00-04:00,3.6500000953674316,3.7300000190734863,3.4230000972747803,3.490000009536743,69300,0.0,0.0
2025-09-11 00:00:00-04:00,3.5,3.5999999046325684,3.1459999084472656,3.430000066757202,101800,0.0,0.0
2025-09-12 00:00:00-04:00,3.440000057220459,3.440000057220459,3.009999990463257,3.1700000762939453,68500,0.0,0.0
2025-09-15 00:00:00-04:00,3.2899999618530273,3.2899999618530273,2.619999885559082,2.8499999046325684,224900,0.0,0.0
2025-09-16 00:00:00-04:00,3.0,3.119999885559082,2.869999885559082,3.115000009536743,38600,0.0,0.0
2025-09-17 00:00:00-04:00,3.25,3.308000087738037,3.121999979019165,3.200000047683716,83800,0.0,0.0
2025-09-18 00:00:00-04:00,3.2860000133514404,3.2860000133514404,3.0399999618530273,3.2100000381469727,37000,0.0,0.0
2025-09-19 00:00:00-04:00,3.2100000381469727,3.2100000381469727,2.9600000381469727,3.0199999809265137,26600,0.0,0.0
2025-09-22 00:00:00-04:00,3.069999933242798,3.240000009536743,2.99399995803833,3.2300000190734863,26100,0.0,0.0
2025-09-23 00:00:00-04:00,3.2300000190734863,3.2300000190734863,2.9600000381469727,3.130000114440918,86700,0.0,0.0
2025-09-24 00:00:00-04:00,3.1600000858306885,3.2799999713897705,3.0,3.130000114440918,123200,0.0,0.0
2025-09-25 00:00:00-04:00,3.1429998874664307,3.200000047683716,3.009999990463257,3.009999990463257,35700,0.0,0.0
2025-09-26 00:00:00-04:00,3.049999952316284,3.0999999046325684,2.990000009536743,3.0799999237060547,16000,0.0,0.0
2025-09-29 00:00:00-04:00,3.072999954223633,3.2100000381469727,2.9700000286102295,3.0899999141693115,21600,0.0,0.0
2025-09-30 00:00:00-04:00,3.0199999809265137,3.1500000953674316,2.9719998836517334,3.0759999752044678,44600,0.0,0.0
2025-10-01 00:00:00-04:00,3.0299999713897705,3.0799999237060547,3.0299999713897705,3.059999942779541,10200,0.0,0.0
2025-10-02 00:00:00-04:00,3.059999942779541,3.2300000190734863,3.0199999809265137,3.049999952316284,55400,0.0,0.0
2025-10-03 00:00:00-04:00,3.0899999141693115,3.25,3.069999933242798,3.200000047683716,66100,0.0,0.0
2025-10-06 00:00:00-04:00,3.200000047683716,3.440000057220459,3.200000047683716,3.25,48300,0.0,0.0
2025-10-07 00:00:00-04:00,3.2300000190734863,3.4200000762939453,3.2100000381469727,3.390000104904175,17500,0.0,0.0
2025-10-08 00:00:00-04:00,3.309999942779541,3.319999933242798,2.9600000381469727,3.186000108718872,71200,0.0,0.0
2025-10-09 00:00:00-04:00,3.200000047683716,3.380000114440918,3.200000047683716,3.380000114440918,20300,0.0,0.0
2025-10-10 00:00:00-04:00,3.380000114440918,3.6500000953674316,3.059999942779541,3.1649999618530273,241600,0.0,0.0
2025-10-13 00:00:00-04:00,3.1600000858306885,3.4100000858306885,3.1480000019073486,3.259999990463257,40900,0.0,0.0
2025-10-14 00:00:00-04:00,3.299999952316284,3.319999933242798,3.1600000858306885,3.25,29700,0.0,0.0
2025-10-15 00:00:00-04:00,3.240000009536743,3.3310000896453857,3.130000114440918,3.140000104904175,77000,0.0,0.0
2025-10-16 00:00:00-04:00,3.190000057220459,3.25,3.1610000133514404,3.25,35200,0.0,0.0
2025-10-17 00:00:00-04:00,3.2300000190734863,3.2300000190734863,3.072000026702881,3.2100000381469727,23600,0.0,0.0
2025-10-20 00:00:00-04:00,3.0360000133514404,3.259999990463257,3.0360000133514404,3.190000057220459,14000,0.0,0.0
2025-10-21 00:00:00-04:00,3.200000047683716,3.2200000286102295,3.122999906539917,3.130000114440918,15200,0.0,0.0
2025-10-22 00:00:00-04:00,3.1500000953674316,3.2219998836517334,2.9600000381469727,3.0199999809265137,57100,0.0,0.0
2025-10-23 00:00:00-04:00,2.9600000381469727,3.069999933242798,2.9600000381469727,3.069999933242798,36000,0.0,0.0
2025-10-24 00:00:00-04:00,3.0399999618530273,3.1549999713897705,2.9600000381469727,3.00600004196167,34600,0.0,0.0
2025-10-27 00:00:00-04:00,3.0450000762939453,3.119999885559082,3.0,3.0299999713897705,20700,0.0,0.0
2025-10-28 00:00:00-04:00,3.0280001163482666,3.140000104904175,2.9600000381469727,3.109999895095825,25200,0.0,0.0
2025-10-29 00:00:00-04:00,3.0899999141693115,3.0899999141693115,2.9600000381469727,2.9700000286102295,39500,0.0,0.0
2025-10-30 00:00:00-04:00,2.9600000381469727,2.994999885559082,2.9600000381469727,2.990000009536743,19200,0.0,0.0
2025-10-31 00:00:00-04:00,3.0299999713897705,3.0299999713897705,2.9600000381469727,2.9600000381469727,11100,0.0,0.0
2025-11-03 00:00:00-05:00,2.9700000286102295,3.0299999713897705,2.9600000381469727,2.990000009536743,40100,0.0,0.0
2025-11-04 00:00:00-05:00,2.950000047683716,3.130000114440918,2.950000047683716,3.049999952316284,27200,0.0,0.0
2025-11-05 00:00:00-05:00,2.9600000381469727,3.109999895095825,2.9600000381469727,2.9700000286102295,18400,0.0,0.0
2025-11-06 00:00:00-05:00,2.9700000286102295,3.0959999561309814,2.9600000381469727,3.059999942779541,17400,0.0,0.0
2025-11-07 00:00:00-05:00,2.9700000286102295,3.0899999141693115,2.9600000381469727,3.0399999618530273,15100,0.0,0.0
2025-11-10 00:00:00-05:00,3.130000114440918,3.194999933242798,2.9700000286102295,3.059999942779541,13700,0.0,0.0
2025-11-11 00:00:00-05:00,3.059999942779541,3.390000104904175,3.059999942779541,3.2100000381469727,31400,0.0,0.0
2025-11-12 00:00:00-05:00,3.2300000190734863,3.380000114440918,3.1700000762939453,3.3399999141693115,33800,0.0,0.0
2025-11-13 00:00:00-05:00,3.25,3.299999952316284,3.0199999809265137,3.2300000190734863,27400,0.0,0.0
2025-11-14 00:00:00-05:00,3.130000114440918,3.1429998874664307,3.0,3.0,7900,0.0,0.0
2025-11-17 00:00:00-05:00,3.0,3.190000057220459,3.0,3.1440000534057617,7800,0.0,0.0
2025-11-18 00:00:00-05:00,3.009999990463257,3.180000066757202,3.009999990463257,3.069999933242798,7600,0.0,0.0
2025-11-19 00:00:00-05:00,3.0199999809265137,3.3550000190734863,3.0,3.1559998989105225,83800,0.0,0.0
2025-11-20 00:00:00-05:00,3.252000093460083,3.299999952316284,3.1600000858306885,3.1600000858306885,14100,0.0,0.0
2025-11-21 00:00:00-05:00,3.1700000762939453,3.2899999618530273,3.0290000438690186,3.2899999618530273,17300,0.0,0.0
2025-11-24 00:00:00-05:00,3.309999942779541,4.210000038146973,3.200000047683716,4.190000057220459,1257500,0.0,0.0
2025-11-25 00:00:00-05:00,4.090000152587891,4.494999885559082,3.880000114440918,3.950000047683716,124200,0.0,0.0
2025-11-26 00:00:00-05:00,3.6470000743865967,4.151000022888184,3.6470000743865967,4.099999904632568,38500,0.0,0.0
2025-11-28 00:00:00-05:00,4.159999847412109,4.269999980926514,3.9200000762939453,4.269999980926514,36400,0.0,0.0
2025-12-01 00:00:00-05:00,4.260000228881836,4.389999866485596,4.210000038146973,4.289999961853027,35500,0.0,0.0
2025-12-02 00:00:00-05:00,4.260000228881836,4.599999904632568,4.230000019073486,4.599999904632568,47000,0.0,0.0
2025-12-03 00:00:00-05:00,4.510000228881836,4.815000057220459,4.230000019073486,4.690000057220459,39200,0.0,0.0
2025-12-04 00:00:00-05:00,4.639999866485596,4.75,4.4720001220703125,4.570000171661377,40200,0.0,0.0
2025-12-05 00:00:00-05:00,4.570000171661377,4.570000171661377,4.260000228881836,4.369999885559082,61200,0.0,0.0
2025-12-08 00:00:00-05:00,4.369999885559082,4.739999771118164,4.190000057220459,4.409999847412109,202600,0.0,0.0
2025-12-09 00:00:00-05:00,4.309999942779541,4.630000114440918,4.090000152587891,4.630000114440918,67800,0.0,0.0
2025-12-10 00:00:00-05:00,4.570000171661377,4.75,4.389999866485596,4.559999942779541,113800,0.0,0.0
2025-12-11 00:00:00-05:00,4.5,4.699999809265137,4.329999923706055,4.590000152587891,146900,0.0,0.0
2025-12-12 00:00:00-05:00,4.519999980926514,4.590000152587891,4.260000228881836,4.329999923706055,61200,0.0,0.0
2025-12-15 00:00:00-05:00,4.25,4.670000076293945,4.239999771118164,4.630000114440918,66000,0.0,0.0
2025-12-16 00:00:00-05:00,4.525000095367432,5.340000152587891,4.525000095367432,5.21999979019165,189200,0.0,0.0
2025-12-17 00:00:00-05:00,5.190000057220459,5.199999809265137,4.860000133514404,5.019999980926514,72400,0.0,0.0
2025-12-18 00:00:00-05:00,5.019999980926514,5.019999980926514,4.639999866485596,4.900000095367432,53700,0.0,0.0
2025-12-19 00:00:00-05:00,4.909999847412109,6.400000095367432,4.860000133514404,6.349999904632568,223900,0.0,0.0
2025-12-22 00:00:00-05:00,6.349999904632568,6.369999885559082,6.044000148773193,6.230000019073486,105400,0.0,0.0
2025-12-23 00:00:00-05:00,6.230000019073486,6.28000020980835,5.900000095367432,6.130000114440918,53800,0.0,0.0
2025-12-24 00:00:00-05:00,6.059999942779541,6.300000190734863,6.03000020980835,6.210000038146973,17500,0.0,0.0
2025-12-26 00:00:00-05:00,6.300000190734863,7.199999809265137,5.75,6.230000019073486,243600,0.0,0.0
2025-12-29 00:00:00-05:00,6.170000076293945,6.260000228881836,5.77400016784668,5.849999904632568,40200,0.0,0.0
2025-12-30 00:00:00-05:00,5.900000095367432,6.038000106811523,5.550000190734863,5.730000019073486,44800,0.0,0.0
2025-12-31 00:00:00-05:00,5.699999809265137,6.75,5.699999809265137,6.590000152587891,118100,0.0,0.0
2026-01-02 00:00:00-05:00,6.739999771118164,7.199999809265137,6.059999942779541,6.739999771118164,150900,0.0,0.0
2026-01-05 00:00:00-05:00,6.980000019073486,7.039999961853027,5.900000095367432,6.010000228881836,121600,0.0,0.0
2026-01-06 00:00:00-05:00,5.989999771118164,6.400000095367432,5.570000171661377,5.710000038146973,179400,0.0,0.0
2026-01-07 00:00:00-05:00,5.710000038146973,5.98199987411499,5.519999980926514,5.78000020980835,43600,0.0,0.0
2026-01-08 00:00:00-05:00,5.631999969482422,5.675000190734863,5.329999923706055,5.329999923706055,60600,0.0,0.0
2026-01-09 00:00:00-05:00,5.46999979019165,6.177999973297119,5.119999885559082,5.849999904632568,101900,0.0,0.0
2026-01-12 00:00:00-05:00,5.880000114440918,6.090000152587891,5.199999809265137,5.400000095367432,115500,0.0,0.0
2026-01-13 00:00:00-05:00,5.300000190734863,5.739999771118164,5.230000019073486,5.550000190734863,106300,0.0,0.0
2026-01-14 00:00:00-05:00,5.409999847412109,5.659999847412109,5.25,5.46999979019165,46200,0.0,0.0
2026-01-15 00:00:00-05:00,5.489999771118164,5.704999923706055,5.050000190734863,5.28000020980835,80700,0.0,0.0
2026-01-16 00:00:00-05:00,5.230000019073486,5.591000080108643,5.130000114440918,5.130000114440918,27000,0.0,0.0
2026-01-20 00:00:00-05:00,5.199999809265137,5.800000190734863,5.039999961853027,5.599999904632568,54300,0.0,0.0
2026-01-21 00:00:00-05:00,5.630000114440918,5.949999809265137,5.5,5.570000171661377,37100,0.0,0.0
2026-01-22 00:00:00-05:00,5.5,5.664999961853027,5.320000171661377,5.340000152587891,44700,0.0,0.0
2026-01-23 00:00:00-05:00,5.289999961853027,5.59499979019165,5.159999847412109,5.260000228881836,32100,0.0,0.0
2026-01-26 00:00:00-05:00,5.230000019073486,5.389999866485596,5.090000152587891,5.21999979019165,43300,0.0,0.0
2026-01-27 00:00:00-05:00,5.119999885559082,5.329999923706055,4.9629998207092285,5.119999885559082,70900,0.0,0.0
2026-01-28 00:00:00-05:00,0.8500000238418579,1.75,0.8199999928474426,1.25,45558500,0.0,0.0
2026-01-29 00:00:00-05:00,1.1299999952316284,1.2000000476837158,0.949999988079071,1.0199999809265137,5741800,0.0,0.0
2026-01-30 00:00:00-05:00,0.9800000190734863,1.0199999809265137,0.8500000238418579,0.8999999761581421,2063400,0.0,0.0
2026-02-02 00:00:00-05:00,0.8500000238418579,0.8550000190734863,0.5929999947547913,0.6700000166893005,2368500,0.0,0.0
2026-02-03 00:00:00-05:00,0.6499999761581421,0.6700000166893005,0.5989999771118164,0.609000027179718,1303800,0.0,0.0
2026-02-04 00:00:00-05:00,0.6129999756813049,0.7200000286102295,0.5899999737739563,0.6600000262260437,845800,0.0,0.0
2026-02-05 00:00:00-05:00,0.6299999952316284,0.6570000052452087,0.5199999809265137,0.6110000014305115,949200,0.0,0.0
2026-02-06 00:00:00-05:00,0.5889999866485596,0.6600000262260437,0.5799999833106995,0.6000000238418579,569400,0.0,0.0
2026-02-09 00:00:00-05:00,0.6259999871253967,0.6800000071525574,0.6039999723434448,0.652999997138977,328000,0.0,0.0
2026-02-10 00:00:00-05:00,0.675000011920929,0.7900000214576721,0.6520000100135803,0.7369999885559082,846200,0.0,0.0
2026-02-11 00:00:00-05:00,0.7699999809265137,0.7799999713897705,0.6859999895095825,0.6970000267028809,430700,0.0,0.0
2026-02-12 00:00:00-05:00,0.6899999976158142,0.7250000238418579,0.6600000262260437,0.699999988079071,205600,0.0,0.0
2026-02-13 00:00:00-05:00,0.7110000252723694,0.7110000252723694,0.6499999761581421,0.6549999713897705,364300,0.0,0.0
2026-02-17 00:00:00-05:00,0.6499999761581421,0.7059999704360962,0.5839999914169312,0.6129999756813049,446000,0.0,0.0
2026-02-18 00:00:00-05:00,0.6039999723434448,0.6340000033378601,0.550000011920929,0.550000011920929,468600,0.0,0.0
2026-02-19 00:00:00-05:00,0.5879999995231628,0.5879999995231628,0.5210000276565552,0.5210000276565552,525000,0.0,0.0
2026-02-20 00:00:00-05:00,0.550000011920929,0.5559999942779541,0.5040000081062317,0.5410000085830688,500700,0.0,0.0
2026-02-23 00:00:00-05:00,0.5350000262260437,0.5789999961853027,0.5350000262260437,0.5649999976158142,332300,0.0,0.0
2026-02-24 00:00:00-05:00,0.574999988079071,0.6010000109672546,0.5519999861717224,0.5899999737739563,232300,0.0,0.0
2026-02-25 00:00:00-05:00,0.5899999737739563,0.5899999737739563,0.531000018119812,0.5419999957084656,498900,0.0,0.0
2026-02-26 00:00:00-05:00,0.5400000214576721,0.5690000057220459,0.5370000004768372,0.5519999861717224,144100,0.0,0.0
2026-02-27 00:00:00-05:00,0.550000011920929,0.5649999976158142,0.515999972820282,0.515999972820282,246500,0.0,0.0
2026-03-02 00:00:00-05:00,0.5149999856948853,0.5210000276565552,0.460999995470047,0.5070000290870667,446500,0.0,0.0
2026-03-03 00:00:00-05:00,0.5600000023841858,0.6930000185966492,0.5339999794960022,0.5799999833106995,2878200,0.0,0.0
2026-03-04 00:00:00-05:00,0.5899999737739563,0.6570000052452087,0.5550000071525574,0.6240000128746033,592200,0.0,0.0
2026-03-05 00:00:00-05:00,0.6119999885559082,0.6759999990463257,0.6000000238418579,0.6610000133514404,400300,0.0,0.0
2026-03-06 00:00:00-05:00,0.6579999923706055,0.7799999713897705,0.6299999952316284,0.7269999980926514,656300,0.0,0.0
2026-03-09 00:00:00-04:00,0.7300000190734863,0.7730000019073486,0.7049999833106995,0.7310000061988831,313600,0.0,0.0
2026-03-10 00:00:00-04:00,0.7300000190734863,0.7379999756813049,0.6520000100135803,0.675000011920929,239700,0.0,0.0
2026-03-11 00:00:00-04:00,0.675000011920929,0.7400000095367432,0.675000011920929,0.6919999718666077,318200,0.0,0.0
2026-03-12 00:00:00-04:00,0.7089999914169312,0.7379999756813049,0.7049999833106995,0.7260000109672546,279000,0.0,0.0
2026-03-13 00:00:00-04:00,0.7289999723434448,0.8899999856948853,0.7289999723434448,0.8299999833106995,877500,0.0,0.0
2026-03-16 00:00:00-04:00,0.8550000190734863,0.9200000166893005,0.8130000233650208,0.8970000147819519,436000,0.0,0.0
2026-03-17 00:00:00-04:00,0.890999972820282,0.9300000071525574,0.8220000267028809,0.8339999914169312,249500,0.0,0.0
2026-03-18 00:00:00-04:00,0.8389999866485596,0.871999979019165,0.7670000195503235,0.8220000267028809,416100,0.0,0.0
2026-03-19 00:00:00-04:00,0.7770000100135803,0.7770000100135803,0.7049999833106995,0.7379999756813049,308000,0.0,0.0
2026-03-20 00:00:00-04:00,0.7149999737739563,0.7250000238418579,0.578000009059906,0.578000009059906,393800,0.0,0.0
2026-03-23 00:00:00-04:00,0.5989999771118164,0.6819999814033508,0.5989999771118164,0.6470000147819519,328500,0.0,0.0
2026-03-24 00:00:00-04:00,0.6169999837875366,0.671999990940094,0.6000000238418579,0.6209999918937683,157900,0.0,0.0
2026-03-25 00:00:00-04:00,0.6299999952316284,0.6449999809265137,0.5699999928474426,0.5759999752044678,190200,0.0,0.0
2026-03-26 00:00:00-04:00,0.5849999785423279,0.6399999856948853,0.578000009059906,0.5830000042915344,139800,0.0,0.0
2026-03-27 00:00:00-04:00,0.6000000238418579,0.6100000143051147,0.5690000057220459,0.5690000057220459,144000,0.0,0.0
2026-03-30 00:00:00-04:00,0.5600000023841858,0.6079999804496765,0.5199999809265137,0.5199999809265137,94800,0.0,0.0
2026-03-31 00:00:00-04:00,0.5199999809265137,0.5559999942779541,0.5070000290870667,0.5400000214576721,93100,0.0,0.0
2026-04-01 00:00:00-04:00,0.5559999942779541,0.6179999709129333,0.5400000214576721,0.5879999995231628,150600,0.0,0.0
2026-04-02 00:00:00-04:00,0.5699999928474426,0.6200000047683716,0.550000011920929,0.5849999785423279,171800,0.0,0.0
2026-04-06 00:00:00-04:00,0.6010000109672546,0.6299999952316284,0.5699999928474426,0.6240000128746033,193300,0.0,0.0
2026-04-07 00:00:00-04:00,0.6299999952316284,0.7599999904632568,0.6240000128746033,0.640999972820282,689100,0.0,0.0
2026-04-08 00:00:00-04:00,0.625,0.6449999809265137,0.6039999723434448,0.6230000257492065,329500,0.0,0.0
2026-04-09 00:00:00-04:00,0.6230000257492065,0.699999988079071,0.6100000143051147,0.6510000228881836,480400,0.0,0.0
2026-04-10 00:00:00-04:00,0.640999972820282,0.6470000147819519,0.6079999804496765,0.6179999709129333,170300,0.0,0.0
2026-04-13 00:00:00-04:00,0.6299999952316284,0.6980000138282776,0.6200000047683716,0.6259999871253967,136000,0.0,0.0
2026-04-14 00:00:00-04:00,0.625,0.6629999876022339,0.6190000176429749,0.6209999918937683,79700,0.0,0.0
2026-04-15 00:00:00-04:00,0.6200000047683716,0.6430000066757202,0.6060000061988831,0.6349999904632568,137000,0.0,0.0
2026-04-16 00:00:00-04:00,0.6299999952316284,0.6430000066757202,0.5899999737739563,0.6100000143051147,277100,0.0,0.0
2026-04-17 00:00:00-04:00,0.6200000047683716,0.628000020980835,0.6000000238418579,0.6029999852180481,71900,0.0,0.0
2026-04-20 00:00:00-04:00,0.6050000190734863,0.6679999828338623,0.6050000190734863,0.6620000004768372,186900,0.0,0.0
2026-04-21 00:00:00-04:00,0.6489999890327454,0.6600000262260437,0.5950000286102295,0.6050000190734863,284600,0.0,0.0
2026-04-22 00:00:00-04:00,0.6159999966621399,0.6460000276565552,0.6060000061988831,0.6060000061988831,71500,0.0,0.0
2026-04-23 00:00:00-04:00,0.6190000176429749,0.6299999952316284,0.5799999833106995,0.5799999833106995,151600,0.0,0.0
2026-04-24 00:00:00-04:00,0.6000000238418579,0.6050000190734863,0.5839999914169312,0.5849999785423279,95900,0.0,0.0
2026-04-27 00:00:00-04:00,0.5799999833106995,0.6050000190734863,0.5799999833106995,0.5899999737739563,74500,0.0,0.0
2026-04-28 00:00:00-04:00,0.5979999899864197,0.5979999899864197,0.5299999713897705,0.5770000219345093,237900,0.0,0.0
2026-04-29 00:00:00-04:00,0.5899999737739563,0.5899999737739563,0.5569999814033508,0.5569999814033508,80400,0.0,0.0
2026-04-30 00:00:00-04:00,0.5649999976158142,0.6050000190734863,0.5350000262260437,0.5899999737739563,153900,0.0,0.0
2026-05-01 00:00:00-04:00,0.6000000238418579,0.6169999837875366,0.5730000138282776,0.5889999866485596,156000,0.0,0.0
2026-05-04 00:00:00-04:00,0.578000009059906,0.6100000143051147,0.5770000219345093,0.5849999785423279,86600,0.0,0.0
2026-05-05 00:00:00-04:00,0.593999981880188,0.6200000047683716,0.5899999737739563,0.6019999980926514,50600,0.0,0.0
2026-05-06 00:00:00-04:00,0.5899999737739563,0.6420000195503235,0.5899999737739563,0.621999979019165,72400,0.0,0.0
2026-05-07 00:00:00-04:00,0.6340000033378601,0.6779999732971191,0.6119999885559082,0.6349999904632568,266900,0.0,0.0
2026-05-08 00:00:00-04:00,0.6399999856948853,0.6430000066757202,0.6100000143051147,0.6290000081062317,57600,0.0,0.0
2026-05-11 00:00:00-04:00,0.6269999742507935,0.640999972820282,0.5910000205039978,0.5910000205039978,49500,0.0,0.0
2026-05-12 00:00:00-04:00,0.6159999966621399,0.640999972820282,0.5899999737739563,0.6299999952316284,108500,0.0,0.0
2026-05-13 00:00:00-04:00,0.6129999756813049,0.7269999980926514,0.6129999756813049,0.6899999976158142,361300,0.0,0.0
2026-05-14 00:00:00-04:00,0.6700000166893005,0.7210000157356262,0.6510000228881836,0.6800000071525574,81500,0.0,0.0
2026-05-15 00:00:00-04:00,0.6830000281333923,0.7239999771118164,0.6510000228881836,0.6570000052452087,242800,0.0,0.0
2026-05-18 00:00:00-04:00,0.6499999761581421,0.6549999713897705,0.6200000047683716,0.6200000047683716,95800,0.0,0.0
2026-05-19 00:00:00-04:00,0.6240000128746033,0.6420000195503235,0.5809999704360962,0.6169999837875366,72300,0.0,0.0
2026-05-20 00:00:00-04:00,0.628000020980835,0.6899999976158142,0.6150000095367432,0.6449999809265137,70100,0.0,0.0
2026-05-21 00:00:00-04:00,0.6449999809265137,0.6570000052452087,0.6069999933242798,0.6299999952316284,115800,0.0,0.0
2026-05-22 00:00:00-04:00,0.6150000095367432,0.6499999761581421,0.6150000095367432,0.6290000081062317,50100,0.0,0.0
2026-05-26 00:00:00-04:00,0.640999972820282,0.7900000214576721,0.6389999985694885,0.7599999904632568,291500,0.0,0.0
2026-05-27 00:00:00-04:00,0.7599999904632568,0.7599999904632568,0.7070000171661377,0.7450000047683716,129200,0.0,0.0
2026-05-28 00:00:00-04:00,0.7400000095367432,0.890999972820282,0.7400000095367432,0.8700000047683716,232600,0.0,0.0
2026-05-29 00:00:00-04:00,0.9190000295639038,0.9200000166893005,0.7549999952316284,0.8169999718666077,311100,0.0,0.0
2026-06-01 00:00:00-04:00,0.8500000238418579,0.8669999837875366,0.8299999833106995,0.8420000076293945,154800,0.0,0.0
2026-06-02 00:00:00-04:00,0.8420000076293945,0.8550000190734863,0.75,0.8009999990463257,243300,0.0,0.0
2026-06-03 00:00:00-04:00,0.7770000100135803,0.8669999837875366,0.7630000114440918,0.8500000238418579,113800,0.0,0.0
2026-06-04 00:00:00-04:00,0.8199999928474426,0.9100000262260437,0.7900000214576721,0.8510000109672546,160500,0.0,0.0
2026-06-05 00:00:00-04:00,0.8799999952316284,1.1399999856948853,0.8399999737739563,1.059999942779541,2994500,0.0,0.0
2026-06-08 00:00:00-04:00,1.059999942779541,1.059999942779541,0.9110000133514404,0.9580000042915344,564900,0.0,0.0
2026-06-09 00:00:00-04:00,0.9399999976158142,0.9829999804496765,0.8799999952316284,0.9100000262260437,242400,0.0,0.0
2026-06-10 00:00:00-04:00,0.9010000228881836,1.0149999856948853,0.9010000228881836,0.9319999814033508,215500,0.0,0.0
2026-06-11 00:00:00-04:00,0.9599999785423279,0.9700000286102295,0.843999981880188,0.8920000195503235,241900,0.0,0.0
2026-06-12 00:00:00-04:00,0.9100000262260437,0.949999988079071,0.8669999837875366,0.8669999837875366,91900,0.0,0.0
2026-06-15 00:00:00-04:00,0.8999999761581421,0.9309999942779541,0.8610000014305115,0.8700000047683716,52400,0.0,0.0
2026-06-16 00:00:00-04:00,0.8700000047683716,0.8769999742507935,0.8059999942779541,0.8579999804496765,143600,0.0,0.0
2026-06-17 00:00:00-04:00,0.8399999737739563,0.8920000195503235,0.8399999737739563,0.8399999737739563,51800,0.0,0.0
2026-06-18 00:00:00-04:00,0.8600000143051147,0.8600000143051147,0.75,0.7549999952316284,111700,0.0,0.0
2026-06-22 00:00:00-04:00,0.7829999923706055,0.8299999833106995,0.7559999823570251,0.781000018119812,33800,0.0,0.0
2026-06-23 00:00:00-04:00,0.7799999713897705,0.8270000219345093,0.7580000162124634,0.8029999732971191,56800,0.0,0.0
2026-06-24 00:00:00-04:00,0.7950000166893005,0.824999988079071,0.5400000214576721,0.597000002861023,57348200,0.0,0.0
2026-06-25 00:00:00-04:00,0.5789999961853027,0.6389999985694885,0.5580000281333923,0.6259999871253967,1388500,0.0,0.0
2026-06-26 00:00:00-04:00,0.6050000190734863,0.8159999847412109,0.5979999899864197,0.8159999847412109,2931600,0.0,0.0
2026-06-29 00:00:00-04:00,0.8199999928474426,1.0299999713897705,0.7799999713897705,0.9869999885559082,2087000,0.0,0.0
2026-06-30 00:00:00-04:00,0.9490000009536743,1.0299999713897705,0.8500000238418579,1.0299999713897705,920600,0.0,0.0
2026-07-01 00:00:00-04:00,0.9800000190734863,1.149999976158142,0.9789999723434448,1.0399999618530273,941800,0.0,0.0
2026-07-02 00:00:00-04:00,1.0299999713897705,1.0499999523162842,0.9319999814033508,0.9649999737739563,405200,0.0,0.0
2026-07-06 00:00:00-04:00,0.9359999895095825,1.024999976158142,0.8899999856948853,0.9879999756813049,422000,0.0,0.0
2026-07-07 00:00:00-04:00,0.9800000190734863,1.090000033378601,0.9160000085830688,0.9559999704360962,452700,0.0,0.0
2026-07-08 00:00:00-04:00,0.9369999766349792,0.9559999704360962,0.8700000047683716,0.8999999761581421,255800,0.0,0.0
2026-07-09 00:00:00-04:00,0.8999999761581421,0.9629999995231628,0.8899999856948853,0.949999988079071,305200,0.0,0.0
2026-07-10 00:00:00-04:00,0.9399999976158142,0.949999988079071,0.8859999775886536,0.9300000071525574,190100,0.0,0.0
2026-07-13 00:00:00-04:00,0.9100000262260437,0.925000011920929,0.800000011920929,0.8180000185966492,575300,0.0,0.0
2026-07-14 00:00:00-04:00,0.8180000185966492,0.8399999737739563,0.7170000076293945,0.7440000176429749,335000,0.0,0.0
2026-07-15 00:00:00-04:00,0.7599999904632568,0.7900000214576721,0.7310000061988831,0.7820000052452087,207600,0.0,0.0
2026-07-16 00:00:00-04:00,0.7559999823570251,0.765999972820282,0.656000018119812,0.6940000057220459,437900,0.0,0.0
2026-07-17 00:00:00-04:00,0.7099999785423279,0.7699999809265137,0.6980000138282776,0.7360000014305115,196000,0.0,0.0
2026-07-20 00:00:00-04:00,0.75,0.753000020980835,0.6830000281333923,0.7049999833106995,164500,0.0,0.0
2026-07-21 00:00:00-04:00,0.699999988079071,0.7310000061988831,0.6759999990463257,0.7099999785423279,192500,0.0,0.0
2026-07-22 00:00:00-04:00,0.7099999785423279,0.800000011920929,0.7049999833106995,0.7440000176429749,529300,0.0,0.0
2026-07-23 00:00:00-04:00,0.7260000109672546,0.7599999904632568,0.6909999847412109,0.7160000205039978,121200,0.0,0.0
2026-07-24 00:00:00-04:00,0.7329999804496765,0.7599999904632568,0.6800000071525574,0.7599999904632568,269500,0.0,0.0
