Date,Open,High,Low,Close,Volume,Dividends,Stock Splits
1998-04-27 00:00:00-04:00,0.7564285175859435,0.7690356595457093,0.7564285175859435,0.7627320885658264,109300,0.0,0.0
1998-04-28 00:00:00-04:00,0.7658838740557679,0.7753392305255922,0.7627320885658264,0.7627320885658264,51900,0.0,0.0
1998-04-29 00:00:00-04:00,0.769036306765835,0.769036306765835,0.7627327304808692,0.765884518623352,64300,0.0,0.0
1998-04-30 00:00:00-04:00,0.765884518623352,0.769036306765835,0.7627327304808692,0.765884518623352,48900,0.0,0.0
1998-05-01 00:00:00-04:00,0.7627320885658264,0.7658838740557679,0.759580303075885,0.7627320885658264,62200,0.0,0.0
1998-05-04 00:00:00-04:00,0.7627327304808692,0.765884518623352,0.7595809423383862,0.765884518623352,49900,0.0,0.0
1998-05-05 00:00:00-04:00,0.7595805525779724,0.7595805525779724,0.7564287660527527,0.7595805525779724,109400,0.0,0.0
1998-05-06 00:00:00-04:00,0.7564295530319214,0.759581342836221,0.7564295530319214,0.7564295530319214,84500,0.0,0.0
1998-05-07 00:00:00-04:00,0.7564295530319214,0.759581342836221,0.7564295530319214,0.7564295530319214,113600,0.0,0.0
1998-05-08 00:00:00-04:00,0.7564287660527527,0.7595805525779724,0.7564287660527527,0.7595805525779724,120300,0.0,0.0
1998-05-11 00:00:00-04:00,0.7564287660527527,0.7595805525779724,0.7564287660527527,0.7595805525779724,96400,0.0,0.0
1998-05-12 00:00:00-04:00,0.7564287660527527,0.7595805525779724,0.7564287660527527,0.7595805525779724,119400,0.0,0.0
1998-05-13 00:00:00-04:00,0.7564287660527527,0.7595805525779724,0.7564287660527527,0.7595805525779724,94600,0.0,0.0
1998-05-14 00:00:00-04:00,0.759581342836221,0.759581342836221,0.7564295530319214,0.7564295530319214,63200,0.0,0.0
1998-05-15 00:00:00-04:00,0.7564295530319214,0.759581342836221,0.7564295530319214,0.7564295530319214,67700,0.0,0.0
1998-05-18 00:00:00-04:00,0.759581342836221,0.759581342836221,0.7564295530319214,0.7564295530319214,160000,0.0,0.0
1998-05-19 00:00:00-04:00,0.759581342836221,0.759581342836221,0.7564295530319214,0.7564295530319214,55400,0.0,0.0
1998-05-20 00:00:00-04:00,0.7564295530319214,0.759581342836221,0.7564295530319214,0.7564295530319214,98200,0.0,0.0
1998-05-21 00:00:00-04:00,0.7564285175859435,0.7627320885658264,0.7564285175859435,0.7627320885658264,123900,0.0,0.0
1998-05-22 00:00:00-04:00,0.7627320885658264,0.7627320885658264,0.7564285175859435,0.7627320885658264,117200,0.0,0.0
1998-05-26 00:00:00-04:00,0.7627320885658264,0.7658838740557679,0.7564285175859435,0.7627320885658264,270200,0.0,0.0
1998-05-27 00:00:00-04:00,0.7627320885658264,0.7658838740557679,0.759580303075885,0.7627320885658264,56100,0.0,0.0
1998-05-28 00:00:00-04:00,0.7627320885658264,0.7658838740557679,0.759580303075885,0.7627320885658264,255300,0.0,0.0
1998-05-29 00:00:00-04:00,0.7627320885658264,0.7658838740557679,0.7627320885658264,0.7627320885658264,83100,0.0,0.0
1998-06-01 00:00:00-04:00,0.7627320885658264,0.7658838740557679,0.7627320885658264,0.7627320885658264,149500,0.0,0.0
1998-06-02 00:00:00-04:00,0.7658838740557679,0.7658838740557679,0.7627320885658264,0.7627320885658264,178100,0.0,0.0
1998-06-03 00:00:00-04:00,0.765884518623352,0.769036306765835,0.765884518623352,0.765884518623352,284900,0.0,0.0
1998-06-04 00:00:00-04:00,0.7658838740557679,0.7658838740557679,0.7627320885658264,0.7627320885658264,114300,0.0,0.0
1998-06-05 00:00:00-04:00,0.7627320885658264,0.7658838740557679,0.7627320885658264,0.7627320885658264,88200,0.0,0.0
1998-06-08 00:00:00-04:00,0.762732775973492,0.7690363526344299,0.762732775973492,0.7690363526344299,139900,0.0,0.0
1998-06-09 00:00:00-04:00,0.7658845643039609,0.7721881409648989,0.7658845643039609,0.7690363526344299,192700,0.0,0.0
1998-06-10 00:00:00-04:00,0.7658845643039609,0.7721881409648989,0.7658845643039609,0.7690363526344299,222500,0.0,0.0
1998-06-11 00:00:00-04:00,0.7721881409648989,0.7721881409648989,0.7658845643039609,0.7690363526344299,161900,0.0,0.0
1998-06-12 00:00:00-04:00,0.7719585299491882,0.7751353140230531,0.7687817458753232,0.7719585299491882,114300,0.12,0.0
1998-06-15 00:00:00-04:00,0.7719585299491882,0.7783120980969181,0.7719585299491882,0.7719585299491882,276200,0.0,0.0
1998-06-16 00:00:00-04:00,0.7719585299491882,0.7751353140230531,0.7687817458753232,0.7719585299491882,263700,0.0,0.0
1998-06-17 00:00:00-04:00,0.7719585299491882,0.7751353140230531,0.7687817458753232,0.7719585299491882,313900,0.0,0.0
1998-06-18 00:00:00-04:00,0.7751354097334806,0.7751354097334806,0.7656050563351182,0.768781840801239,176100,0.0,0.0
1998-06-19 00:00:00-04:00,0.768781492114067,0.768781492114067,0.7624279260635376,0.7624279260635376,77400,0.0,0.0
1998-06-22 00:00:00-04:00,0.7624279260635376,0.7656047090888023,0.7624279260635376,0.7624279260635376,84400,0.0,0.0
1998-06-23 00:00:00-04:00,0.7656048536300659,0.7656048536300659,0.7624280700050449,0.7656048536300659,75500,0.0,0.0
1998-06-24 00:00:00-04:00,0.7624279260635376,0.7656047090888023,0.7624279260635376,0.7624279260635376,121400,0.0,0.0
1998-06-25 00:00:00-04:00,0.7656048536300659,0.7656048536300659,0.7624280700050449,0.7656048536300659,87800,0.0,0.0
1998-06-26 00:00:00-04:00,0.7624279260635376,0.7656047090888023,0.7624279260635376,0.7624279260635376,30400,0.0,0.0
1998-06-29 00:00:00-04:00,0.7624279260635376,0.7656047090888023,0.7624279260635376,0.7624279260635376,101500,0.0,0.0
1998-06-30 00:00:00-04:00,0.7624279260635376,0.7656047090888023,0.7624279260635376,0.7624279260635376,109200,0.0,0.0
1998-07-01 00:00:00-04:00,0.7624279260635376,0.7656047090888023,0.7624279260635376,0.7624279260635376,85200,0.0,0.0
1998-07-02 00:00:00-04:00,0.7656047090888023,0.7656047090888023,0.7624279260635376,0.7624279260635376,63600,0.0,0.0
1998-07-06 00:00:00-04:00,0.7656048536300659,0.7656048536300659,0.7624280700050449,0.7656048536300659,105400,0.0,0.0
1998-07-07 00:00:00-04:00,0.7624279260635376,0.7656047090888023,0.7592511430382728,0.7624279260635376,65500,0.0,0.0
1998-07-08 00:00:00-04:00,0.7624279260635376,0.7624279260635376,0.7592511430382728,0.7624279260635376,98300,0.0,0.0
1998-07-09 00:00:00-04:00,0.7592512965202332,0.7624280801876818,0.7560745128527845,0.7592512965202332,72100,0.0,0.0
1998-07-10 00:00:00-04:00,0.7592512965202332,0.7624280801876818,0.7560745128527845,0.7592512965202332,80800,0.0,0.0
1998-07-13 00:00:00-04:00,0.7621977194582568,0.765400230884552,0.7621977194582568,0.765400230884552,101600,0.12,0.0
1998-07-14 00:00:00-04:00,0.7621977465062202,0.7654002580461623,0.755792723426336,0.7589952349662781,171100,0.0,0.0
1998-07-15 00:00:00-04:00,0.758995248604629,0.7621977602021168,0.7525902254096531,0.7557927370071411,102800,0.0,0.0
1998-07-16 00:00:00-04:00,0.7589952349662781,0.7621977465062202,0.755792723426336,0.7589952349662781,84900,0.0,0.0
1998-07-17 00:00:00-04:00,0.7589953995051504,0.7621979117393494,0.7557928872709515,0.7621979117393494,44000,0.0,0.0
1998-07-20 00:00:00-04:00,0.7621977465062202,0.7621977465062202,0.755792723426336,0.7589952349662781,71100,0.0,0.0
1998-07-21 00:00:00-04:00,0.7589952022471327,0.7589952022471327,0.7493876680414728,0.7525901794433594,89800,0.0,0.0
1998-07-22 00:00:00-04:00,0.7557930049733218,0.7557930049733218,0.7493879795074463,0.7493879795074463,101200,0.0,0.0
1998-07-23 00:00:00-04:00,0.7493876895529734,0.7525902010467896,0.7333751320838928,0.7333751320838928,146300,0.0,0.0
1998-07-24 00:00:00-04:00,0.7365780913984621,0.7429831182801878,0.7333755779575992,0.739780604839325,133000,0.0,0.0
1998-07-27 00:00:00-04:00,0.7397798421590225,0.7429823522982391,0.7365773320198059,0.7365773320198059,122800,0.0,0.0
1998-07-28 00:00:00-04:00,0.739780604839325,0.739780604839325,0.7205655241941477,0.739780604839325,233500,0.0,0.0
1998-07-29 00:00:00-04:00,0.7397801604905353,0.7493876950423605,0.7365776489732603,0.7461851835250854,161200,0.0,0.0
1998-07-30 00:00:00-04:00,0.742982204376705,0.7589947518848237,0.742982204376705,0.756592869758606,434900,0.0,0.0
1998-07-31 00:00:00-04:00,0.7589952349662781,0.7621977465062202,0.752590211886394,0.7589952349662781,174000,0.0,0.0
1998-08-03 00:00:00-04:00,0.7589952349662781,0.7621977465062202,0.755792723426336,0.7589952349662781,104100,0.0,0.0
1998-08-04 00:00:00-04:00,0.7621977136490193,0.7621977136490193,0.7525901794433594,0.7525901794433594,172300,0.0,0.0
1998-08-05 00:00:00-04:00,0.752590492240384,0.7557930049733218,0.7461854667745085,0.7493879795074463,152000,0.0,0.0
1998-08-06 00:00:00-04:00,0.7461854667745085,0.7493879795074463,0.7429829540415707,0.7493879795074463,116400,0.0,0.0
1998-08-07 00:00:00-04:00,0.7461854667745085,0.7493879795074463,0.7461854667745085,0.7493879795074463,60400,0.0,0.0
1998-08-10 00:00:00-04:00,0.7461851835250854,0.7493876950423605,0.7429826720078104,0.7461851835250854,101100,0.0,0.0
1998-08-11 00:00:00-04:00,0.7461856317210507,0.7493881451619135,0.7365780913984621,0.739780604839325,90800,0.0,0.0
1998-08-12 00:00:00-04:00,0.7427511390830789,0.7427511390830789,0.7233750224113464,0.7233750224113464,155400,0.12,0.0
1998-08-13 00:00:00-04:00,0.7233749255209767,0.7330629825592041,0.7233749255209767,0.7330629825592041,205000,0.0,0.0
1998-08-14 00:00:00-04:00,0.7330629825592041,0.7362923349052799,0.7298336302131283,0.7330629825592041,77400,0.0,0.0
1998-08-17 00:00:00-04:00,0.7330636735511038,0.7362930289411967,0.7266049627709178,0.7298343181610107,113800,0.0,0.0
1998-08-18 00:00:00-04:00,0.7330629825592041,0.7395216872513557,0.7298336302131283,0.7330629825592041,156800,0.0,0.0
1998-08-19 00:00:00-04:00,0.7362923349052799,0.7362923349052799,0.7330629825592041,0.7330629825592041,58800,0.0,0.0
1998-08-20 00:00:00-04:00,0.7362925342891528,0.7492099471714186,0.7362925342891528,0.7427512407302856,132200,0.0,0.0
1998-08-21 00:00:00-04:00,0.7395214752147072,0.7427508266348588,0.7330627723744041,0.7362921237945557,88800,0.0,0.0
1998-08-24 00:00:00-04:00,0.7330633567587678,0.7362927107532997,0.7169165867861077,0.7201459407806396,94700,0.0,0.0
1998-08-25 00:00:00-04:00,0.7266046487697038,0.7298340027642357,0.7169165867861077,0.7201459407806396,120000,0.0,0.0
1998-08-26 00:00:00-04:00,0.713686592911565,0.713686592911565,0.6910811352175336,0.6943104863166809,199500,0.0,0.0
1998-08-27 00:00:00-04:00,0.694311236109689,0.694311236109689,0.6264947897919985,0.6910818815231323,342800,0.0,0.0
1998-08-28 00:00:00-04:00,0.6943115977008947,0.7072290227743997,0.6749354600906372,0.6749354600906372,340500,0.0,0.0
1998-08-31 00:00:00-04:00,0.6781639655431112,0.6781639655431112,0.6071182167719281,0.6103475689888,249100,0.0,0.0
1998-09-01 00:00:00-04:00,0.610347628891468,0.6490998592972755,0.5812834560871124,0.6458705067634583,369500,0.0,0.0
1998-09-02 00:00:00-04:00,0.6491001759256635,0.6620175923619951,0.632953405380249,0.6555588841438293,250400,0.0,0.0
1998-09-03 00:00:00-04:00,0.6555585215731365,0.6717052831882384,0.6523291692501162,0.6620172262191772,189700,0.0,0.0
1998-09-04 00:00:00-04:00,0.6587881445884705,0.6652468518883574,0.6523294372885835,0.6587881445884705,108800,0.0,0.0
1998-09-08 00:00:00-04:00,0.6652465785421976,0.6684759308652181,0.6555585215731365,0.6620172262191772,239500,0.0,0.0
1998-09-09 00:00:00-04:00,0.6620173720480169,0.6684760781167781,0.6555586659792558,0.6652467250823975,141000,0.0,0.0
1998-09-10 00:00:00-04:00,0.6652467250823975,0.6684760781167781,0.6394119008073529,0.6652467250823975,158800,0.0,0.0
1998-09-11 00:00:00-04:00,0.6617261281291258,0.671505331993103,0.6519469242651486,0.671505331993103,197800,0.12,0.0
1998-09-14 00:00:00-04:00,0.6715051086937509,0.6715051086937509,0.6617259080817061,0.6682453751564026,125500,0.0,0.0
1998-09-15 00:00:00-04:00,0.6682453751564026,0.6780245757684475,0.6584661745443577,0.6682453751564026,154600,0.0,0.0
1998-09-16 00:00:00-04:00,0.6682457066521856,0.6747651769609874,0.6584665011889829,0.6617262363433838,205200,0.0,0.0
1998-09-17 00:00:00-04:00,0.6552069783210754,0.6617264507421806,0.6486875058999702,0.6552069783210754,129400,0.0,0.0
1998-09-18 00:00:00-04:00,0.6519470308801811,0.6617262363433838,0.6486872957257802,0.6617262363433838,116500,0.0,0.0
1998-09-21 00:00:00-04:00,0.6552064570784568,0.6584661906957626,0.6486869898438453,0.6519467234611511,113300,0.0,0.0
1998-09-22 00:00:00-04:00,0.6486872793997035,0.6715054249062258,0.6486872793997035,0.6649859547615051,449200,0.0,0.0
1998-09-23 00:00:00-04:00,0.6649867663016686,0.6780257225036621,0.6649867663016686,0.6780257225036621,165600,0.0,0.0
1998-09-24 00:00:00-04:00,0.6780249121153883,0.6780249121153883,0.6552067660345819,0.6617262363433838,185300,0.0,0.0
1998-09-25 00:00:00-04:00,0.6552067660345819,0.6715054418065866,0.6519470308801811,0.6617262363433838,139700,0.0,0.0
1998-09-28 00:00:00-04:00,0.6649858627504516,0.671505331993103,0.6584663935078,0.671505331993103,186400,0.0,0.0
1998-09-29 00:00:00-04:00,0.6715054938182738,0.6780249646320435,0.6649860230045043,0.6747652292251587,141300,0.0,0.0
1998-09-30 00:00:00-04:00,0.6780249646320435,0.6812847000389284,0.6715054938182738,0.6747652292251587,115200,0.0,0.0
1998-10-01 00:00:00-04:00,0.6715062444026654,0.6845452006046588,0.668246505352167,0.6780257225036621,114000,0.0,0.0
1998-10-02 00:00:00-04:00,0.6812845358570803,0.6812845358570803,0.6649858627504516,0.671505331993103,146000,0.0,0.0
1998-10-05 00:00:00-04:00,0.6715054418065866,0.6715054418065866,0.6519470308801811,0.6617262363433838,125800,0.0,0.0
1998-10-06 00:00:00-04:00,0.6552067660345819,0.6617262363433838,0.6552067660345819,0.6617262363433838,157500,0.0,0.0
1998-10-07 00:00:00-04:00,0.6617267302532291,0.6617267302532291,0.6454280423159575,0.6486877799034119,267500,0.0,0.0
1998-10-08 00:00:00-04:00,0.6258694004368138,0.6323888733580306,0.5965317722913381,0.6030512452125549,307600,0.0,0.0
1998-10-09 00:00:00-04:00,0.6093750596046448,0.6192568173279633,0.5961993826402201,0.6093750596046448,155700,0.12,0.0
1998-10-12 00:00:00-04:00,0.6126690151843619,0.6291386123667372,0.6126690151843619,0.619256854057312,130100,0.0,0.0
1998-10-13 00:00:00-04:00,0.6258450645618339,0.6258450645618339,0.6159633003845417,0.6225511431694031,143700,0.0,0.0
1998-10-14 00:00:00-04:00,0.6225514580442019,0.6324332272195067,0.6159636119273321,0.6291393041610718,186100,0.0,0.0
1998-10-15 00:00:00-04:00,0.6258446348763501,0.6489020687928472,0.6258446348763501,0.6357263922691345,138200,0.0,0.0
1998-10-16 00:00:00-04:00,0.6390204187577146,0.6521960974949871,0.6390204187577146,0.648902177810669,174100,0.0,0.0
1998-10-19 00:00:00-04:00,0.648902177810669,0.648902177810669,0.6324325793890784,0.648902177810669,138200,0.0,0.0
1998-10-20 00:00:00-04:00,0.6521960265600859,0.6719595425164522,0.6521960265600859,0.662077784538269,186700,0.0,0.0
1998-10-21 00:00:00-04:00,0.6653720941029343,0.6752538578767403,0.662078172844999,0.6719599366188049,189000,0.0,0.0
1998-10-22 00:00:00-04:00,0.6752538578767403,0.6818417003926109,0.6686660153608697,0.6719599366188049,174400,0.0,0.0
1998-10-23 00:00:00-04:00,0.6785473823547363,0.6818413016865554,0.6620777856956408,0.6785473823547363,207300,0.0,0.0
1998-10-26 00:00:00-05:00,0.6785477791346756,0.6785477791346756,0.662078172844999,0.6719599366188049,215200,0.0,0.0
1998-10-27 00:00:00-05:00,0.6653720246159972,0.6719598664438783,0.658784182788116,0.6686659455299377,295500,0.0,0.0
1998-10-28 00:00:00-05:00,0.6686657303717078,0.6752535700798035,0.66537181051766,0.6752535700798035,151400,0.0,0.0
1998-10-29 00:00:00-05:00,0.6785473823547363,0.6785473823547363,0.668665624359279,0.6785473823547363,150600,0.0,0.0
1998-10-30 00:00:00-05:00,0.6785475723985313,0.6818414926528931,0.6752536521441694,0.6818414926528931,160900,0.0,0.0
1998-11-02 00:00:00-05:00,0.6752538981919106,0.6884295840102893,0.6752538981919106,0.6851356625556946,133200,0.0,0.0
1998-11-03 00:00:00-05:00,0.6851355643499466,0.6917234063148499,0.6818416433674949,0.6917234063148499,175700,0.0,0.0
1998-11-04 00:00:00-05:00,0.6884300112724304,0.6950178582702528,0.6851360877735193,0.6884300112724304,168200,0.0,0.0
1998-11-05 00:00:00-05:00,0.6881640847219804,0.7014619414315839,0.6881640847219804,0.6948130130767822,183900,0.12,0.0
1998-11-06 00:00:00-05:00,0.6948122124648789,0.6948122124648789,0.6848388314247131,0.6848388314247131,185400,0.0,0.0
1998-11-09 00:00:00-05:00,0.6881631226074405,0.6881631226074405,0.6781897440189268,0.6815142035484314,224700,0.0,0.0
1998-11-10 00:00:00-05:00,0.6848389981449514,0.6914879204570383,0.6682166923647342,0.6881634593009949,241200,0.0,0.0
1998-11-11 00:00:00-05:00,0.6881636845377775,0.6948126090260652,0.6881636845377775,0.6914881467819214,146900,0.0,0.0
1998-11-12 00:00:00-05:00,0.6914878845214844,0.6981368064880371,0.6881634235382079,0.6981368064880371,214800,0.0,0.0
1998-11-13 00:00:00-05:00,0.6981368064880371,0.6981368064880371,0.6914878845214844,0.6981368064880371,181300,0.0,0.0
1998-11-16 00:00:00-05:00,0.6948122124648789,0.7014611331583227,0.6781899107312693,0.6848388314247131,336900,0.0,0.0
1998-11-17 00:00:00-05:00,0.6914877521181569,0.6914877521181569,0.6815143710779913,0.6848388314247131,163100,0.0,0.0
1998-11-18 00:00:00-05:00,0.6881636775591794,0.6881636775591794,0.6748658287174562,0.678190290927887,253700,0.0,0.0
1998-11-19 00:00:00-05:00,0.6748657481587349,0.6781902099723247,0.6648923627179654,0.6682168245315552,263400,0.0,0.0
1998-11-20 00:00:00-05:00,0.6682169042965945,0.678190290927887,0.6682169042965945,0.678190290927887,208400,0.0,0.0
1998-11-23 00:00:00-05:00,0.6781900645476844,0.6815145256484083,0.6715411423462365,0.6748656034469604,283000,0.0,0.0
1998-11-24 00:00:00-05:00,0.6748657481587349,0.6748657481587349,0.6682168245315552,0.6682168245315552,284600,0.0,0.0
1998-11-25 00:00:00-05:00,0.6682169304625823,0.674865855143802,0.6648924681219724,0.6715413928031921,224800,0.0,0.0
1998-11-27 00:00:00-05:00,0.6682169304625823,0.6715413928031921,0.6682169304625823,0.6715413928031921,62500,0.0,0.0
1998-11-30 00:00:00-05:00,0.6715412863451451,0.6715412863451451,0.6615679009043756,0.6682168245315552,214900,0.0,0.0
1998-12-01 00:00:00-05:00,0.6682169304625823,0.674865855143802,0.6648924681219724,0.6715413928031921,209600,0.0,0.0
1998-12-02 00:00:00-05:00,0.6682169042965945,0.678190290927887,0.6682169042965945,0.678190290927887,212200,0.0,0.0
1998-12-03 00:00:00-05:00,0.6812772750854492,0.6846333207755253,0.6779212293953731,0.6812772750854492,188300,0.12,0.0
1998-12-04 00:00:00-05:00,0.6846335442538188,0.6846335442538188,0.6544291231837974,0.6611412167549133,180200,0.0,0.0
1998-12-07 00:00:00-05:00,0.6678538525291763,0.6678538525291763,0.6376494069374045,0.6410054564476013,253800,0.0,0.0
1998-12-08 00:00:00-05:00,0.6443610558143029,0.6577852444771008,0.6410050086486033,0.6544291973114014,288300,0.0,0.0
1998-12-09 00:00:00-05:00,0.6510734650755176,0.6577855626536157,0.6443613674974195,0.6477174162864685,323900,0.0,0.0
1998-12-10 00:00:00-05:00,0.6510732335348923,0.6510732335348923,0.6410050907482703,0.644361138343811,208100,0.0,0.0
1998-12-11 00:00:00-05:00,0.6443608534963507,0.6443608534963507,0.6275806229365499,0.6376487612724304,304400,0.0,0.0
1998-12-14 00:00:00-05:00,0.6342933375567675,0.6376493869618298,0.6208691399365185,0.6275812387466431,333300,0.0,0.0
1998-12-15 00:00:00-05:00,0.6342927151604703,0.6376487612724304,0.6275806229365499,0.6376487612724304,276500,0.0,0.0
1998-12-16 00:00:00-05:00,0.6443611223673082,0.6712095024659461,0.6443611223673082,0.6510732173919678,532000,0.0,0.0
1998-12-17 00:00:00-05:00,0.6477174162864685,0.6510734650755176,0.6443613674974195,0.6477174162864685,241700,0.0,0.0
1998-12-18 00:00:00-05:00,0.6443614570461974,0.6577856540679932,0.6443614570461974,0.6577856540679932,264200,0.0,0.0
1998-12-21 00:00:00-05:00,0.6544292649042975,0.6577853124166272,0.647717169879638,0.6510732173919678,226100,0.0,0.0
1998-12-22 00:00:00-05:00,0.6510729457202711,0.6510729457202711,0.6376487612724304,0.6376487612724304,382100,0.0,0.0
1998-12-23 00:00:00-05:00,0.6342933574272076,0.6443615059577982,0.6342933574272076,0.6410054564476013,298400,0.0,0.0
1998-12-24 00:00:00-05:00,0.6441246271133423,0.6475147567297284,0.6373443678805703,0.6441246271133423,194400,0.12,0.0
1998-12-28 00:00:00-05:00,0.6475138757679914,0.6475138757679914,0.627173125743866,0.627173125743866,499700,0.0,0.0
1998-12-29 00:00:00-05:00,0.6271732213732961,0.6305633468942328,0.6170028448104858,0.6170028448104858,439700,0.0,0.0
1998-12-30 00:00:00-05:00,0.6170031490221701,0.6237834034070291,0.6068327674448816,0.6203932762145996,583900,0.0,0.0
1998-12-31 00:00:00-05:00,0.6203932762145996,0.6271735305994586,0.6136130218297406,0.6203932762145996,590900,0.0,0.0
1999-01-04 00:00:00-05:00,0.6271739790314123,0.6441246271133423,0.6237838494150262,0.6441246271133423,275300,0.0,0.0
1999-01-05 00:00:00-05:00,0.6407340416018827,0.6542945504188538,0.6373439143976399,0.6542945504188538,259900,0.0,0.0
1999-01-06 00:00:00-05:00,0.6576848030090332,0.6644650587101573,0.6509045473079091,0.6576848030090332,192500,0.0,0.0
1999-01-07 00:00:00-05:00,0.6576848030090332,0.6610749308595952,0.6509045473079091,0.6576848030090332,183700,0.0,0.0
1999-01-08 00:00:00-05:00,0.6610748767852783,0.6644650043585362,0.6576847492120205,0.6610748767852783,164700,0.0,0.0
1999-01-11 00:00:00-05:00,0.6610748825632796,0.6644650101661682,0.657684754960391,0.6644650101661682,162900,0.0,0.0
1999-01-12 00:00:00-05:00,0.6644650216054435,0.6814156599117048,0.6610748939441913,0.671245276927948,163400,0.0,0.0
1999-01-13 00:00:00-05:00,0.6610749308595952,0.6610749308595952,0.6475144194573471,0.6576848030090332,191200,0.0,0.0
1999-01-14 00:00:00-05:00,0.6576851455788864,0.6610752751952723,0.6407344974969563,0.6441246271133423,147300,0.0,0.0
1999-01-15 00:00:00-05:00,0.6509048342704773,0.6576850929607947,0.6475147049253185,0.6509048342704773,92700,0.0,0.0
1999-01-19 00:00:00-05:00,0.657684754960391,0.6644650101661682,0.6542946273575023,0.6644650101661682,138700,0.0,0.0
1999-01-20 00:00:00-05:00,0.6644650043585362,0.667855131931794,0.6576847492120205,0.6610748767852783,122000,0.0,0.0
1999-01-21 00:00:00-05:00,0.6576847492120205,0.6644650043585362,0.6576847492120205,0.6610748767852783,108900,0.0,0.0
1999-01-22 00:00:00-05:00,0.6576847492120205,0.667855131931794,0.6542946216387626,0.6610748767852783,137500,0.0,0.0
1999-01-25 00:00:00-05:00,0.6678550839424133,0.6712452112720703,0.6644649566127564,0.6678550839424133,134000,0.0,0.0
1999-01-26 00:00:00-05:00,0.6712452653719454,0.6712452653719454,0.6644650101661682,0.6644650101661682,153600,0.0,0.0
1999-01-27 00:00:00-05:00,0.6644650043585362,0.667855131931794,0.6610748767852783,0.6610748767852783,92200,0.0,0.0
1999-01-28 00:00:00-05:00,0.6644650216054435,0.6746354045892002,0.6610748939441913,0.671245276927948,170300,0.0,0.0
1999-01-29 00:00:00-05:00,0.671245276927948,0.6746354045892002,0.671245276927948,0.671245276927948,68900,0.0,0.0
1999-02-01 00:00:00-05:00,0.6746353386017272,0.6780254659313841,0.6644649566127564,0.6678550839424133,157800,0.0,0.0
1999-02-02 00:00:00-05:00,0.6678551492666958,0.6780255322504526,0.6644650216054435,0.671245276927948,133300,0.0,0.0
1999-02-03 00:00:00-05:00,0.6712452993534579,0.6848058104515076,0.6678551715789455,0.6848058104515076,151100,0.0,0.0
1999-02-04 00:00:00-05:00,0.6814156826769951,0.6949761937750448,0.6814156826769951,0.6848058104515076,123800,0.0,0.0
1999-02-05 00:00:00-05:00,0.6848052058053846,0.6915854553678142,0.6814150810241699,0.6814150810241699,134600,0.0,0.0
1999-02-08 00:00:00-05:00,0.6848058104515076,0.68819593822602,0.6814156826769951,0.6848058104515076,121000,0.0,0.0
1999-02-09 00:00:00-05:00,0.6811086360494889,0.6913766054371696,0.6811086360494889,0.6879539489746094,98300,0.12,0.0
1999-02-10 00:00:00-05:00,0.6811086360494889,0.6879539489746094,0.6811086360494889,0.6879539489746094,97300,0.0,0.0
1999-02-11 00:00:00-05:00,0.6845314502716064,0.6879541075229645,0.6811087930202484,0.6845314502716064,85100,0.0,0.0
1999-02-12 00:00:00-05:00,0.6811092315298138,0.6845318909847375,0.6742639126199664,0.6776865720748901,109000,0.0,0.0
1999-02-16 00:00:00-05:00,0.6776863142923655,0.6811089724453573,0.6742636561393738,0.6742636561393738,76200,0.0,0.0
1999-02-17 00:00:00-05:00,0.6776863142923655,0.6776863142923655,0.670840997986382,0.6742636561393738,118800,0.0,0.0
1999-02-18 00:00:00-05:00,0.6776861140922624,0.6811087712341425,0.6708407998085022,0.6708407998085022,111700,0.0,0.0
1999-02-19 00:00:00-05:00,0.6674183011054993,0.6742636170142736,0.663995643151112,0.6674183011054993,113800,0.0,0.0
1999-02-22 00:00:00-05:00,0.663995643151112,0.6708409590598864,0.6605729851967249,0.6674183011054993,183500,0.0,0.0
1999-02-23 00:00:00-05:00,0.663995643151112,0.6708409590598864,0.6605729851967249,0.6674183011054993,158800,0.0,0.0
1999-02-24 00:00:00-05:00,0.6674190003847339,0.6708416619251684,0.6605736773038648,0.6639963388442993,92000,0.0,0.0
1999-02-25 00:00:00-05:00,0.6639961430445854,0.667418803575743,0.65715082198227,0.6605734825134277,67600,0.0,0.0
1999-02-26 00:00:00-05:00,0.6639961430445854,0.667418803575743,0.65715082198227,0.6605734825134277,110800,0.0,0.0
1999-03-01 00:00:00-05:00,0.6639953215084775,0.6639953215084775,0.6537273526191711,0.6537273526191711,111400,0.0,0.0
1999-03-02 00:00:00-05:00,0.6571510157634303,0.6639963388442993,0.6537283542229957,0.6639963388442993,153300,0.0,0.0
1999-03-03 00:00:00-05:00,0.6605736773038648,0.6639963388442993,0.6571510157634303,0.6639963388442993,92000,0.0,0.0
1999-03-04 00:00:00-05:00,0.6605729851967249,0.6708409590598864,0.6605729851967249,0.6674183011054993,99400,0.0,0.0
1999-03-05 00:00:00-05:00,0.667418142666622,0.6708407998085022,0.663995485524742,0.6708407998085022,136900,0.0,0.0
1999-03-08 00:00:00-05:00,0.6708409590598864,0.6742636170142736,0.663995643151112,0.6674183011054993,94500,0.0,0.0
1999-03-09 00:00:00-05:00,0.6639963388442993,0.6708416619251684,0.6639963388442993,0.6639963388442993,137100,0.0,0.0
1999-03-10 00:00:00-05:00,0.6706328172432748,0.6706328172432748,0.6568053364753723,0.6568053364753723,231200,0.12,0.0
1999-03-11 00:00:00-05:00,0.6568049417116255,0.6671755460544406,0.6568049417116255,0.6602618098258972,181900,0.0,0.0
1999-03-12 00:00:00-05:00,0.6637197136878967,0.6671765871966878,0.6602628401791055,0.6637197136878967,125600,0.0,0.0
1999-03-15 00:00:00-05:00,0.6637190768593235,0.6671759470512992,0.6568053364753723,0.6568053364753723,175900,0.0,0.0
1999-03-16 00:00:00-05:00,0.6568059248010112,0.6671765446662903,0.6568059248010112,0.6671765446662903,119300,0.0,0.0
1999-03-17 00:00:00-05:00,0.6637196713778639,0.6671765446662903,0.6637196713778639,0.6671765446662903,118800,0.0,0.0
1999-03-18 00:00:00-05:00,0.6671765871966878,0.6706334607054789,0.6602628401791055,0.6637197136878967,168400,0.0,0.0
1999-03-19 00:00:00-05:00,0.6637197136878967,0.6671765871966878,0.6602628401791055,0.6637197136878967,142200,0.0,0.0
1999-03-22 00:00:00-05:00,0.6602618098258972,0.6637186779401689,0.6568049417116255,0.6602618098258972,148900,0.0,0.0
1999-03-23 00:00:00-05:00,0.6602628401791055,0.6637197136878967,0.6568059666703144,0.6637197136878967,131600,0.0,0.0
1999-03-24 00:00:00-05:00,0.6602618098258972,0.6637186779401689,0.6533480735973538,0.6602618098258972,152000,0.0,0.0
1999-03-25 00:00:00-05:00,0.6568053364753723,0.6602622066673479,0.6533484662833966,0.6568053364753723,170000,0.0,0.0
1999-03-26 00:00:00-05:00,0.6568053364753723,0.6568053364753723,0.649891596091421,0.6568053364753723,117100,0.0,0.0
1999-03-29 00:00:00-05:00,0.6568053364753723,0.6602622066673479,0.6533484662833966,0.6568053364753723,104000,0.0,0.0
1999-03-30 00:00:00-05:00,0.6602622066673479,0.6602622066673479,0.6568053364753723,0.6568053364753723,111600,0.0,0.0
1999-03-31 00:00:00-05:00,0.6568053364753723,0.6602622066673479,0.6533484662833966,0.6568053364753723,130000,0.0,0.0
1999-04-01 00:00:00-05:00,0.6568053364753723,0.6602622066673479,0.6533484662833966,0.6568053364753723,72000,0.0,0.0
1999-04-05 00:00:00-04:00,0.6602622066673479,0.6602622066673479,0.649891596091421,0.6568053364753723,149600,0.0,0.0
1999-04-06 00:00:00-04:00,0.6533486247062683,0.6568054957364602,0.6498917536760764,0.6533486247062683,140400,0.0,0.0
1999-04-07 00:00:00-04:00,0.6533486247062683,0.6568054957364602,0.6498917536760764,0.6533486247062683,108500,0.0,0.0
1999-04-08 00:00:00-04:00,0.6533484662833966,0.6568053364753723,0.649891596091421,0.6568053364753723,140900,0.0,0.0
1999-04-09 00:00:00-04:00,0.6533480735973538,0.6637186779401689,0.6533480735973538,0.6602618098258972,173400,0.0,0.0
1999-04-12 00:00:00-04:00,0.6637186779401689,0.6671755460544406,0.6602618098258972,0.6602618098258972,153700,0.0,0.0
1999-04-13 00:00:00-04:00,0.6599835753440857,0.6634755519332078,0.6564915987549635,0.6599835753440857,193900,0.12,0.0
1999-04-14 00:00:00-04:00,0.6599835753440857,0.6634755519332078,0.6564915987549635,0.6599835753440857,176200,0.0,0.0
1999-04-15 00:00:00-04:00,0.6564907173421931,0.6599826892429494,0.6250629702353859,0.6529987454414368,217700,0.0,0.0
1999-04-16 00:00:00-04:00,0.6564908719831897,0.6564908719831897,0.6460149538132451,0.6495069265365601,162600,0.0,0.0
1999-04-19 00:00:00-04:00,0.6495069265365601,0.6564908719831897,0.6495069265365601,0.6495069265365601,117700,0.0,0.0
1999-04-20 00:00:00-04:00,0.6495069265365601,0.6529988992598749,0.6460149538132451,0.6495069265365601,212700,0.0,0.0
1999-04-21 00:00:00-04:00,0.6495067735406804,0.6564907173421931,0.6495067735406804,0.6529987454414368,192700,0.0,0.0
1999-04-22 00:00:00-04:00,0.6529995418609457,0.6564915180206299,0.6495075657012614,0.6564915180206299,222300,0.0,0.0
1999-04-23 00:00:00-04:00,0.6564915180206299,0.6599834941803141,0.6529995418609457,0.6564915180206299,201200,0.0,0.0
1999-04-26 00:00:00-04:00,0.6599834941803141,0.6634754703399983,0.6564915180206299,0.6564915180206299,191500,0.0,0.0
1999-04-27 00:00:00-04:00,0.6564914273718994,0.6704593300819397,0.6564914273718994,0.6704593300819397,220500,0.0,0.0
1999-04-28 00:00:00-04:00,0.6704593300819397,0.6739513057594498,0.6669673544044297,0.6704593300819397,134900,0.0,0.0
1999-04-29 00:00:00-04:00,0.670458984375,0.6844268798828125,0.670458984375,0.6809349060058594,261100,0.0,0.0
1999-04-30 00:00:00-04:00,0.6809349060058594,0.6844268798828125,0.6774429321289063,0.6809349060058594,126200,0.0,0.0
1999-05-03 00:00:00-04:00,0.6809349060058594,0.6844268798828125,0.6774429321289063,0.6809349060058594,174700,0.0,0.0
1999-05-04 00:00:00-04:00,0.6841794741459382,0.6912328707866179,0.6806527758255982,0.6877061724662781,247100,0.12,0.0
1999-05-05 00:00:00-04:00,0.6877058836602673,0.6877058836602673,0.6806524899817005,0.6841791868209839,108900,0.0,0.0
1999-05-06 00:00:00-04:00,0.6841791868209839,0.6877058836602673,0.6806524899817005,0.6841791868209839,95400,0.0,0.0
1999-05-07 00:00:00-04:00,0.6806529760360718,0.6877063747514714,0.6806529760360718,0.6806529760360718,115100,0.0,0.0
1999-05-10 00:00:00-04:00,0.6806524899817005,0.6877058836602673,0.6806524899817005,0.6841791868209839,174900,0.0,0.0
1999-05-11 00:00:00-04:00,0.6877061618225915,0.6947595583541053,0.6841794635568347,0.6912328600883484,141100,0.0,0.0
1999-05-12 00:00:00-04:00,0.6912328600883484,0.6947595583541053,0.6877061618225915,0.6912328600883484,112000,0.0,0.0
1999-05-13 00:00:00-04:00,0.6912327800134216,0.7018128735850556,0.6912327800134216,0.6982861757278442,144000,0.0,0.0
1999-05-14 00:00:00-04:00,0.6947595583541053,0.6947595583541053,0.6877061618225915,0.6912328600883484,95900,0.0,0.0
1999-05-17 00:00:00-04:00,0.6947595691069578,0.6947595691069578,0.6877061724662781,0.6877061724662781,101200,0.0,0.0
1999-05-18 00:00:00-04:00,0.6912328600883484,0.6947595583541053,0.6877061618225915,0.6912328600883484,101700,0.0,0.0
1999-05-19 00:00:00-04:00,0.6912328707866179,0.6947595691069578,0.6877061724662781,0.6877061724662781,165400,0.0,0.0
1999-05-20 00:00:00-04:00,0.6877060821562102,0.6982861757278442,0.6877060821562102,0.6982861757278442,177300,0.0,0.0
1999-05-21 00:00:00-04:00,0.6982863324880599,0.7053397297859192,0.6947596338391304,0.7053397297859192,138400,0.0,0.0
1999-05-24 00:00:00-04:00,0.7018131017684937,0.7053398007723555,0.6982864027646318,0.7018131017684937,170400,0.0,0.0
1999-05-25 00:00:00-04:00,0.7018131017684937,0.7018131017684937,0.6947597037607701,0.7018131017684937,103300,0.0,0.0
1999-05-26 00:00:00-04:00,0.7018128735850556,0.7088662692994783,0.6982861757278442,0.6982861757278442,179300,0.0,0.0
1999-05-27 00:00:00-04:00,0.7018128735850556,0.7018128735850556,0.6947594778706329,0.6982861757278442,113300,0.0,0.0
1999-05-28 00:00:00-04:00,0.6982864027646318,0.7053398007723555,0.6947597037607701,0.7018131017684937,122400,0.0,0.0
1999-06-01 00:00:00-04:00,0.6982861757278442,0.7018128735850556,0.6947594778706329,0.6982861757278442,90800,0.0,0.0
1999-06-02 00:00:00-04:00,0.6982865454581788,0.7018132451827152,0.6912331460091063,0.6947598457336426,112700,0.0,0.0
1999-06-03 00:00:00-04:00,0.6982865454581788,0.6982865454581788,0.6912331460091063,0.6947598457336426,101400,0.0,0.0
1999-06-04 00:00:00-04:00,0.6947597037607701,0.7018131017684937,0.6877063057530466,0.7018131017684937,219100,0.0,0.0
1999-06-07 00:00:00-04:00,0.7018131017684937,0.7053398007723555,0.6947597037607701,0.7018131017684937,88500,0.0,0.0
1999-06-08 00:00:00-04:00,0.7018128735850556,0.7053395714422669,0.6982861757278442,0.6982861757278442,167400,0.0,0.0
1999-06-09 00:00:00-04:00,0.7018131017684937,0.7053398007723555,0.6982864027646318,0.7018131017684937,104400,0.0,0.0
1999-06-10 00:00:00-04:00,0.7015278198055385,0.7015278198055385,0.6908446550369263,0.6908446550369263,170800,0.12,0.0
1999-06-11 00:00:00-04:00,0.6908446902438149,0.6944057453481645,0.6837225800351158,0.6872836351394653,135800,0.0,0.0
1999-06-14 00:00:00-04:00,0.6872836351394653,0.6872836351394653,0.6801615249307662,0.6872836351394653,142000,0.0,0.0
1999-06-15 00:00:00-04:00,0.6837225800351158,0.6908446902438149,0.6837225800351158,0.6872836351394653,129000,0.0,0.0
1999-06-16 00:00:00-04:00,0.6908446550369263,0.694405709959797,0.6837225451911848,0.6908446550369263,153100,0.0,0.0
1999-06-17 00:00:00-04:00,0.6872833294746203,0.6944054365158081,0.6872833294746203,0.6944054365158081,76000,0.0,0.0
1999-06-18 00:00:00-04:00,0.6908446550369263,0.694405709959797,0.6872836001140555,0.6908446550369263,121500,0.0,0.0
1999-06-21 00:00:00-04:00,0.6908446550369263,0.6908446550369263,0.6837225451911848,0.6908446550369263,139600,0.0,0.0
1999-06-22 00:00:00-04:00,0.6872837062905597,0.6908447617635677,0.6801615953445435,0.6801615953445435,202900,0.0,0.0
1999-06-23 00:00:00-04:00,0.6837228536605835,0.6837228536605835,0.6766007406016191,0.6837228536605835,161200,0.0,0.0
1999-06-24 00:00:00-04:00,0.6801615953445435,0.6872837062905597,0.6801615953445435,0.6801615953445435,176700,0.0,0.0
1999-06-25 00:00:00-04:00,0.6801615953445435,0.6837226508175516,0.6766005398715355,0.6801615953445435,146700,0.0,0.0
1999-06-28 00:00:00-04:00,0.6837225800351158,0.6872836351394653,0.6766004698264166,0.6872836351394653,121300,0.0,0.0
1999-06-29 00:00:00-04:00,0.6872837062905597,0.6872837062905597,0.6801615953445435,0.6801615953445435,94300,0.0,0.0
1999-06-30 00:00:00-04:00,0.6837225800351158,0.6872836351394653,0.6801615249307662,0.6872836351394653,118000,0.0,0.0
1999-07-01 00:00:00-04:00,0.6872836351394653,0.6872836351394653,0.6801615249307662,0.6872836351394653,140400,0.0,0.0
1999-07-02 00:00:00-04:00,0.6872833294746203,0.6944054365158081,0.6837222759540265,0.6944054365158081,123200,0.0,0.0
1999-07-06 00:00:00-04:00,0.6944054365158081,0.6944054365158081,0.6908443829952142,0.6944054365158081,92000,0.0,0.0
1999-07-07 00:00:00-04:00,0.6908447626902132,0.6979668736457825,0.6908447626902132,0.6979668736457825,130500,0.0,0.0
1999-07-08 00:00:00-04:00,0.6979667648826677,0.6979667648826677,0.6908446550369263,0.6908446550369263,125400,0.0,0.0
1999-07-09 00:00:00-04:00,0.6944058181679978,0.6979668736457825,0.6908447626902132,0.6979668736457825,146600,0.0,0.0
1999-07-12 00:00:00-04:00,0.697966490036402,0.697966490036402,0.6908443829952142,0.6944054365158081,116500,0.0,0.0
1999-07-13 00:00:00-04:00,0.6977723240852356,0.6977723240852356,0.6941755595280952,0.6977723240852356,183000,0.121,0.0
1999-07-14 00:00:00-04:00,0.697772964912375,0.697772964912375,0.694176197052002,0.694176197052002,65000,0.0,0.0
1999-07-15 00:00:00-04:00,0.694176197052002,0.697772964912375,0.6905794291916288,0.694176197052002,82100,0.0,0.0
1999-07-16 00:00:00-04:00,0.6905794291916288,0.694176197052002,0.6905794291916288,0.694176197052002,139300,0.0,0.0
1999-07-19 00:00:00-04:00,0.697772964912375,0.697772964912375,0.6905794291916288,0.694176197052002,98200,0.0,0.0
1999-07-20 00:00:00-04:00,0.694176197052002,0.697772964912375,0.6905794291916288,0.694176197052002,84800,0.0,0.0
1999-07-21 00:00:00-04:00,0.6941757627452413,0.6941757627452413,0.6869822315250833,0.6905789971351624,117900,0.0,0.0
1999-07-22 00:00:00-04:00,0.6869827963803944,0.690579564947831,0.6833860278129578,0.6833860278129578,153300,0.0,0.0
1999-07-23 00:00:00-04:00,0.6869827963803944,0.6869827963803944,0.6761924906780845,0.6833860278129578,134700,0.0,0.0
1999-07-26 00:00:00-04:00,0.6833849949811501,0.6833849949811501,0.6761914687181907,0.6797882318496704,146800,0.0,0.0
1999-07-27 00:00:00-04:00,0.6797892592455211,0.6833860278129578,0.6761924906780845,0.6833860278129578,164800,0.0,0.0
1999-07-28 00:00:00-04:00,0.683384914981558,0.683384914981558,0.6761913895606995,0.6761913895606995,129500,0.0,0.0
1999-07-29 00:00:00-04:00,0.6797882318496704,0.6869817581126298,0.6761914687181907,0.6797882318496704,291200,0.0,0.0
1999-07-30 00:00:00-04:00,0.6833856268078868,0.6941759261785377,0.6833856268078868,0.6869823932647705,204700,0.0,0.0
1999-08-02 00:00:00-04:00,0.6905787949709548,0.6977723240852356,0.6869820304138144,0.6977723240852356,121900,0.0,0.0
1999-08-03 00:00:00-04:00,0.6941755595280952,0.7013690886423759,0.6941755595280952,0.6977723240852356,156800,0.0,0.0
1999-08-04 00:00:00-04:00,0.6977721642225216,0.7049656916887332,0.6977721642225216,0.7013689279556274,130200,0.0,0.0
1999-08-05 00:00:00-04:00,0.7049665006331212,0.7049665006331212,0.6869826613312557,0.694176197052002,298400,0.0,0.0
1999-08-06 00:00:00-04:00,0.6905791597216541,0.6941759261785377,0.6797888603510033,0.6869823932647705,173200,0.0,0.0
1999-08-09 00:00:00-04:00,0.6797881522711288,0.6869816776919873,0.6761913895606995,0.6761913895606995,153300,0.0,0.0
1999-08-10 00:00:00-04:00,0.6725947055867109,0.6797882318496704,0.6725947055867109,0.6797882318496704,173000,0.0,0.0
1999-08-11 00:00:00-04:00,0.6836003253334447,0.6908726692199707,0.6799641533901817,0.6908726692199707,93600,0.128,0.0
1999-08-12 00:00:00-04:00,0.6872348604684181,0.6945071870342214,0.6835986971855164,0.6835986971855164,117000,0.0,0.0
1999-08-13 00:00:00-04:00,0.6872364972767078,0.6908726692199707,0.6836003253334447,0.6908726692199707,90200,0.0,0.0
1999-08-16 00:00:00-04:00,0.6908715811986772,0.6908715811986772,0.6799630825481717,0.687235414981842,136000,0.0,0.0
1999-08-17 00:00:00-04:00,0.6908717299006997,0.6981440638996543,0.6908717299006997,0.694507896900177,161800,0.0,0.0
1999-08-18 00:00:00-04:00,0.6908726692199707,0.6981450131064968,0.6908726692199707,0.6908726692199707,91400,0.0,0.0
1999-08-19 00:00:00-04:00,0.6908726692199707,0.6945088411632337,0.6872364972767078,0.6908726692199707,117900,0.0,0.0
1999-08-20 00:00:00-04:00,0.6908715811986772,0.6908715811986772,0.687235414981842,0.687235414981842,73500,0.0,0.0
1999-08-23 00:00:00-04:00,0.6908726692199707,0.6945088411632337,0.6836003253334447,0.6908726692199707,137600,0.0,0.0
1999-08-24 00:00:00-04:00,0.6872348604684181,0.6908710237513198,0.6799625339026147,0.6835986971855164,154100,0.0,0.0
1999-08-25 00:00:00-04:00,0.6835992487650069,0.687235414981842,0.6799630825481717,0.687235414981842,161300,0.0,0.0
1999-08-26 00:00:00-04:00,0.6872348604684181,0.6908710237513198,0.6799625339026147,0.6835986971855164,188900,0.0,0.0
1999-08-27 00:00:00-04:00,0.6835986971855164,0.6872348604684181,0.676326370619713,0.6835986971855164,125800,0.0,0.0
1999-08-30 00:00:00-04:00,0.6835993980978899,0.6872355651090489,0.676327064075572,0.679963231086731,107500,0.0,0.0
1999-08-31 00:00:00-04:00,0.676327109336853,0.6799632765913523,0.6726909420823538,0.676327109336853,212900,0.0,0.0
1999-09-01 00:00:00-04:00,0.676327064075572,0.679963231086731,0.672690897064413,0.679963231086731,178500,0.0,0.0
1999-09-02 00:00:00-04:00,0.676327064075572,0.679963231086731,0.672690897064413,0.679963231086731,157900,0.0,0.0
1999-09-03 00:00:00-04:00,0.6835986971855164,0.6872348604684181,0.6799625339026147,0.6835986971855164,89700,0.0,0.0
1999-09-07 00:00:00-04:00,0.6872355651090489,0.6872355651090489,0.676327064075572,0.679963231086731,113000,0.0,0.0
1999-09-08 00:00:00-04:00,0.679963231086731,0.6835993980978899,0.676327064075572,0.679963231086731,133900,0.0,0.0
1999-09-09 00:00:00-04:00,0.679963231086731,0.6835993980978899,0.672690897064413,0.679963231086731,171200,0.0,0.0
1999-09-10 00:00:00-04:00,0.679963231086731,0.679963231086731,0.672690897064413,0.679963231086731,147500,0.0,0.0
1999-09-13 00:00:00-04:00,0.6801393032073975,0.6838157318733834,0.6764628745414115,0.6801393032073975,165900,0.128,0.0
1999-09-14 00:00:00-04:00,0.6764628745414115,0.6801393032073975,0.6727864458754256,0.6801393032073975,175500,0.0,0.0
1999-09-15 00:00:00-04:00,0.6764628745414115,0.6838157318733834,0.6764628745414115,0.6801393032073975,184200,0.0,0.0
1999-09-16 00:00:00-04:00,0.6801402763180111,0.6801402763180111,0.6727874084659244,0.6764638423919678,129700,0.0,0.0
1999-09-17 00:00:00-04:00,0.6764638423919678,0.6838167102440543,0.6691109745398811,0.6764638423919678,131500,0.0,0.0
1999-09-20 00:00:00-04:00,0.6764638423919678,0.6764638423919678,0.6691109745398811,0.6764638423919678,119700,0.0,0.0
1999-09-21 00:00:00-04:00,0.6764629771200459,0.6764629771200459,0.6544044017791748,0.6544044017791748,255500,0.0,0.0
1999-09-22 00:00:00-04:00,0.6544052567746904,0.6617581248283386,0.6544052567746904,0.6617581248283386,97100,0.0,0.0
1999-09-23 00:00:00-04:00,0.6617581248283386,0.6654345588551627,0.6580816908015145,0.6617581248283386,175800,0.0,0.0
1999-09-24 00:00:00-04:00,0.6580816908015145,0.6654345588551627,0.6544052567746904,0.6617581248283386,137400,0.0,0.0
1999-09-27 00:00:00-04:00,0.6617575556367309,0.6727868482306764,0.6617575556367309,0.6691104173660278,191300,0.0,0.0
1999-09-28 00:00:00-04:00,0.6691104173660278,0.6727868482306764,0.6617575556367309,0.6691104173660278,96900,0.0,0.0
1999-09-29 00:00:00-04:00,0.6691104937653515,0.6727869250497766,0.6654340624809265,0.6654340624809265,195800,0.0,0.0
1999-09-30 00:00:00-04:00,0.6691104937653515,0.6727869250497766,0.6654340624809265,0.6654340624809265,94100,0.0,0.0
1999-10-01 00:00:00-04:00,0.6691104173660278,0.6727868482306764,0.6617575556367309,0.6691104173660278,127400,0.0,0.0
1999-10-04 00:00:00-04:00,0.665433734492526,0.6764630229095292,0.665433734492526,0.6727865934371948,154400,0.0,0.0
1999-10-05 00:00:00-04:00,0.6764632790953249,0.6764632790953249,0.6691104173660278,0.6691104173660278,126100,0.0,0.0
1999-10-06 00:00:00-04:00,0.6727865934371948,0.6764630229095292,0.665433734492526,0.6727865934371948,127800,0.0,0.0
1999-10-07 00:00:00-04:00,0.6691104173660278,0.6764632790953249,0.6691104173660278,0.6691104173660278,99200,0.0,0.0
1999-10-08 00:00:00-04:00,0.6727869250497766,0.6764633563342015,0.6654340624809265,0.6654340624809265,112300,0.0,0.0
1999-10-11 00:00:00-04:00,0.6691101639648604,0.6727865934371948,0.665433734492526,0.6727865934371948,96600,0.0,0.0
1999-10-12 00:00:00-04:00,0.6729651120271576,0.6729651120271576,0.6580929548552867,0.6618109941482544,223100,0.128,0.0
1999-10-13 00:00:00-04:00,0.6655291362919591,0.6655291362919591,0.6506569768217477,0.6543750166893005,194700,0.0,0.0
1999-10-14 00:00:00-04:00,0.6506569812752608,0.6543750211682623,0.6395028615962564,0.6432209014892578,180400,0.0,0.0
1999-10-15 00:00:00-04:00,0.6357851984889008,0.6432212826817535,0.6320671563924745,0.6395032405853271,199500,0.0,0.0
1999-10-18 00:00:00-04:00,0.639502827232406,0.639502827232406,0.6246306684595594,0.628348708152771,175900,0.0,0.0
1999-10-19 00:00:00-04:00,0.6320671205632171,0.643221246220215,0.6320671205632171,0.6357851624488831,201200,0.0,0.0
1999-10-20 00:00:00-04:00,0.6357851984889008,0.6432212826817535,0.6357851984889008,0.6395032405853271,99000,0.0,0.0
1999-10-21 00:00:00-04:00,0.6395034088807947,0.643221451955683,0.6283492796561297,0.6320673227310181,138900,0.0,0.0
1999-10-22 00:00:00-04:00,0.6320667818102533,0.6469389413822593,0.6320667818102533,0.6432209014892578,135500,0.0,0.0
1999-10-25 00:00:00-04:00,0.6469389066188294,0.6469389066188294,0.628348708152771,0.628348708152771,263200,0.0,0.0
1999-10-26 00:00:00-04:00,0.6320667478459827,0.6357847875391943,0.6246306684595594,0.628348708152771,212100,0.0,0.0
1999-10-27 00:00:00-04:00,0.6283492796561297,0.6357853658059064,0.6283492796561297,0.6320673227310181,116300,0.0,0.0
1999-10-28 00:00:00-04:00,0.635784546988351,0.6506567001342773,0.635784546988351,0.6506567001342773,239400,0.0,0.0
1999-10-29 00:00:00-04:00,0.654374915562319,0.6692470727341898,0.6506568762693513,0.6618109941482544,175400,0.0,0.0
1999-11-01 00:00:00-05:00,0.6618110964244063,0.6618110964244063,0.6506569768217477,0.6543750166893005,172100,0.0,0.0
1999-11-02 00:00:00-05:00,0.6543750166893005,0.6618110964244063,0.6506569768217477,0.6543750166893005,253300,0.0,0.0
1999-11-03 00:00:00-05:00,0.6543752918135649,0.6580933332443237,0.650657250382806,0.6580933332443237,165400,0.0,0.0
1999-11-04 00:00:00-05:00,0.6620354407174246,0.6657970057215009,0.6582738757133484,0.6582738757133484,206800,0.128,0.0
1999-11-05 00:00:00-05:00,0.6657973900437355,0.6695589572191238,0.6620358228683472,0.6620358228683472,178400,0.0,0.0
1999-11-08 00:00:00-05:00,0.6582742556929588,0.6657973900437355,0.6582742556929588,0.6620358228683472,165000,0.0,0.0
1999-11-09 00:00:00-05:00,0.6657970057215009,0.6657970057215009,0.6545123107092721,0.6582738757133484,210000,0.0,0.0
1999-11-10 00:00:00-05:00,0.654512055391489,0.654512055391489,0.6432273647812911,0.6469889283180237,193300,0.0,0.0
1999-11-11 00:00:00-05:00,0.6469895993962007,0.6469895993962007,0.6281817622044507,0.6394664645195007,362100,0.0,0.0
1999-11-12 00:00:00-05:00,0.6432280319578507,0.6469895993962007,0.6281817622044507,0.6394664645195007,167000,0.0,0.0
1999-11-15 00:00:00-05:00,0.6394660330104256,0.6394660330104256,0.6244197734101803,0.6281813383102417,245600,0.0,0.0
1999-11-16 00:00:00-05:00,0.6244197734101803,0.631942903210303,0.620658208510119,0.6281813383102417,249800,0.0,0.0
1999-11-17 00:00:00-05:00,0.624419093132019,0.6281806539340192,0.620657532330019,0.624419093132019,317100,0.0,0.0
1999-11-18 00:00:00-05:00,0.6206576864412225,0.62441924817723,0.6131345629692078,0.6131345629692078,279200,0.0,0.0
1999-11-19 00:00:00-05:00,0.6131348275556797,0.6206579542741543,0.6131348275556797,0.616896390914917,260300,0.0,0.0
1999-11-22 00:00:00-05:00,0.6206580570765904,0.6357043130057198,0.616896493094308,0.6319427490234375,480900,0.0,0.0
1999-11-23 00:00:00-05:00,0.631942903210303,0.6357044681103643,0.6244197734101803,0.6281813383102417,245200,0.0,0.0
1999-11-24 00:00:00-05:00,0.6281813383102417,0.631942903210303,0.6244197734101803,0.6281813383102417,247400,0.0,0.0
1999-11-26 00:00:00-05:00,0.6281813383102417,0.6357044681103643,0.6281813383102417,0.6281813383102417,135100,0.0,0.0
1999-11-29 00:00:00-05:00,0.6357043130057198,0.6394658769880022,0.6281811850411552,0.6319427490234375,345000,0.0,0.0
1999-11-30 00:00:00-05:00,0.631942903210303,0.6357044681103643,0.6244197734101803,0.6281813383102417,240800,0.0,0.0
1999-12-01 00:00:00-05:00,0.628363777420478,0.6435968386912774,0.628363777420478,0.6359803080558777,241400,0.128,0.0
1999-12-02 00:00:00-05:00,0.639788462898948,0.639788462898948,0.6283636689186096,0.6283636689186096,222900,0.0,0.0
1999-12-03 00:00:00-05:00,0.6321721796582385,0.635980445800758,0.6245556473731995,0.6245556473731995,175400,0.0,0.0
1999-12-06 00:00:00-05:00,0.6245557805638254,0.628364047518483,0.6169392466545105,0.6169392466545105,388800,0.0,0.0
1999-12-07 00:00:00-05:00,0.6169398534371986,0.6207481241374282,0.6093233120367394,0.613131582736969,384800,0.0,0.0
1999-12-08 00:00:00-05:00,0.6131307538598776,0.6169390194118023,0.6055142227560282,0.6093224883079529,369500,0.0,0.0
1999-12-09 00:00:00-05:00,0.6055145859718323,0.6093228538081331,0.5978980502992306,0.6055145859718323,255000,0.0,0.0
1999-12-10 00:00:00-05:00,0.6055142227560282,0.6169390194118023,0.6017059572041035,0.6093224883079529,439900,0.0,0.0
1999-12-13 00:00:00-05:00,0.6093224883079529,0.6169390194118023,0.6055142227560282,0.6093224883079529,329300,0.0,0.0
1999-12-14 00:00:00-05:00,0.6131309796998531,0.6169392466545105,0.6093227127451956,0.6169392466545105,383100,0.0,0.0
1999-12-15 00:00:00-05:00,0.6169390194118023,0.620747284963727,0.6093224883079529,0.6093224883079529,361400,0.0,0.0
1999-12-16 00:00:00-05:00,0.6131309796998531,0.620747513609168,0.6093227127451956,0.6169392466545105,593800,0.0,0.0
1999-12-17 00:00:00-05:00,0.6169391150881605,0.6245556473731995,0.613130848945641,0.6245556473731995,319600,0.0,0.0
1999-12-20 00:00:00-05:00,0.6207476258277893,0.6397889640433656,0.616939358184674,0.6207476258277893,500000,0.0,0.0
1999-12-21 00:00:00-05:00,0.6170756816864014,0.6247891277074814,0.6132189586758613,0.6170756816864014,416200,0.128,0.0
1999-12-22 00:00:00-05:00,0.6170756907402715,0.6209324138073982,0.6093622446060181,0.6093622446060181,382900,0.0,0.0
1999-12-23 00:00:00-05:00,0.6093626690518325,0.6132193948053251,0.5977924917913546,0.6055059432983398,447500,0.0,0.0
1999-12-27 00:00:00-05:00,0.6055052389506421,0.6055052389506421,0.5900783538818359,0.5900783538818359,588500,0.0,0.0
1999-12-28 00:00:00-05:00,0.5900787656957454,0.6016489375721324,0.5862220417369496,0.593935489654541,545700,0.0,0.0
1999-12-29 00:00:00-05:00,0.5939350751490375,0.6016485176834406,0.5900783538818359,0.5900783538818359,516100,0.0,0.0
1999-12-30 00:00:00-05:00,0.5900786426759536,0.601648812140188,0.5862219195212087,0.5977920889854431,688700,0.0,0.0
1999-12-31 00:00:00-05:00,0.597792070991588,0.6170756861848651,0.5939353479529327,0.6132189631462097,372000,0.0,0.0
2000-01-03 00:00:00-05:00,0.6093622401075542,0.6170756861848651,0.6016487940302435,0.6132189631462097,137700,0.0,0.0
2000-01-04 00:00:00-05:00,0.6132189631462097,0.6247891322621759,0.6093622401075542,0.6132189631462097,182000,0.0,0.0
2000-01-05 00:00:00-05:00,0.6170756907402715,0.6170756907402715,0.6016487984717647,0.6093622446060181,210700,0.0,0.0
2000-01-06 00:00:00-05:00,0.6055055170688989,0.6170756861848651,0.6055055170688989,0.6132189631462097,170500,0.0,0.0
2000-01-07 00:00:00-05:00,0.6132188953968308,0.6209323406219482,0.6132188953968308,0.6209323406219482,187900,0.0,0.0
2000-01-10 00:00:00-05:00,0.6132188953968308,0.6247890632345069,0.6132188953968308,0.6209323406219482,147300,0.0,0.0
2000-01-11 00:00:00-05:00,0.6170756861848651,0.6209324092235206,0.6093622401075542,0.6132189631462097,207100,0.0,0.0
2000-01-12 00:00:00-05:00,0.6132189586758613,0.6170756816864014,0.6093622356653213,0.6170756816864014,146000,0.0,0.0
2000-01-13 00:00:00-05:00,0.6170756180093896,0.6209323406219482,0.6132188953968308,0.6209323406219482,136200,0.0,0.0
2000-01-14 00:00:00-05:00,0.620932391450449,0.6286458373069763,0.620932391450449,0.6286458373069763,204100,0.0,0.0
2000-01-18 00:00:00-05:00,0.6325026015321651,0.6517862174325361,0.6247891551720168,0.6440727710723877,548600,0.0,0.0
2000-01-19 00:00:00-05:00,0.6479295442795613,0.6517862677574158,0.6402160973238522,0.6517862677574158,180500,0.0,0.0
2000-01-20 00:00:00-05:00,0.6517865725216411,0.6517865725216411,0.6440731219592548,0.647929847240448,105700,0.0,0.0
2000-01-21 00:00:00-05:00,0.6479294942524618,0.6517862174325361,0.6440727710723877,0.6440727710723877,84600,0.0,0.0
2000-01-24 00:00:00-05:00,0.6479298791220022,0.6633567810058594,0.6479298791220022,0.6633567810058594,183800,0.0,0.0
2000-01-25 00:00:00-05:00,0.6633567083841083,0.6749268835303427,0.6594999833353634,0.6710701584815979,164800,0.0,0.0
2000-01-26 00:00:00-05:00,0.671069846314899,0.682640016078949,0.671069846314899,0.682640016078949,223100,0.0,0.0
2000-01-27 00:00:00-05:00,0.6826398249079542,0.6826398249079542,0.6247889922886359,0.6325024366378784,440500,0.0,0.0
2000-01-28 00:00:00-05:00,0.6247895720658029,0.6325030235727881,0.5900790402843694,0.6055059432983398,288600,0.0,0.0
2000-01-31 00:00:00-05:00,0.601649284362793,0.6093627367264185,0.601649284362793,0.601649284362793,218200,0.0,0.0
2000-02-01 00:00:00-05:00,0.6016492175448472,0.6132193948053251,0.6016492175448472,0.6055059432983398,146200,0.0,0.0
2000-02-02 00:00:00-05:00,0.6055059432983398,0.6132193948053251,0.6016492175448472,0.6055059432983398,226500,0.0,0.0
2000-02-03 00:00:00-05:00,0.6093626690518325,0.6093626690518325,0.6055059432983398,0.6055059432983398,110800,0.0,0.0
2000-02-04 00:00:00-05:00,0.6055059432983398,0.6093626690518325,0.6016492175448472,0.6055059432983398,214400,0.0,0.0
2000-02-07 00:00:00-05:00,0.6093622446060181,0.6132189676731448,0.6055055215388914,0.6093622446060181,301800,0.0,0.0
2000-02-08 00:00:00-05:00,0.6127657987786539,0.6205717325210571,0.6088628319074523,0.6205717325210571,257400,0.117,0.0
2000-02-09 00:00:00-05:00,0.6205712923636804,0.6205712923636804,0.6088624000549316,0.6088624000549316,182100,0.0,0.0
2000-02-10 00:00:00-05:00,0.6088624000549316,0.6205712923636804,0.6088624000549316,0.6088624000549316,340500,0.0,0.0
2000-02-11 00:00:00-05:00,0.6127657186600469,0.6127657186600469,0.6049597859382629,0.6049597859382629,270400,0.0,0.0
2000-02-14 00:00:00-05:00,0.608862752299155,0.6127657186600469,0.6049597859382629,0.6049597859382629,174000,0.0,0.0
2000-02-15 00:00:00-05:00,0.6088625657093989,0.6088625657093989,0.5971536702149874,0.6010566353797913,203000,0.0,0.0
2000-02-16 00:00:00-05:00,0.5971538969560674,0.601056863602839,0.5932509303092957,0.5932509303092957,208700,0.0,0.0
2000-02-17 00:00:00-05:00,0.5971541333672227,0.5971541333672227,0.5854452287913947,0.5893481969833374,213800,0.0,0.0
2000-02-18 00:00:00-05:00,0.5893478820452819,0.593250848151542,0.5698330515139812,0.5776389837265015,217400,0.0,0.0
2000-02-22 00:00:00-05:00,0.5815421938896179,0.5854451616338435,0.5776392261453923,0.5815421938896179,165300,0.0,0.0
2000-02-23 00:00:00-05:00,0.5854449272155762,0.5893478933970133,0.5776389948527019,0.5854449272155762,114400,0.0,0.0
2000-02-24 00:00:00-05:00,0.5815421938896179,0.5893481293780691,0.5815421938896179,0.5815421938896179,105500,0.0,0.0
2000-02-25 00:00:00-05:00,0.5893481969833374,0.5893481969833374,0.5815422605994521,0.5893481969833374,123600,0.0,0.0
2000-02-28 00:00:00-05:00,0.5932509303092957,0.601056863602839,0.589347963662524,0.5932509303092957,444600,0.0,0.0
2000-02-29 00:00:00-05:00,0.5893481969833374,0.5971541333672227,0.5854452287913947,0.5893481969833374,174700,0.0,0.0
2000-03-01 00:00:00-05:00,0.5893481293780691,0.5893481293780691,0.5776392261453923,0.5815421938896179,149700,0.0,0.0
2000-03-02 00:00:00-05:00,0.5815421857801424,0.5854451534699421,0.5698332827107435,0.5737362504005432,263900,0.0,0.0
2000-03-03 00:00:00-05:00,0.5737362504005432,0.5776392180903428,0.5698332827107435,0.5737362504005432,153900,0.0,0.0
2000-03-06 00:00:00-05:00,0.5737366639077663,0.5776396344105402,0.5620277523994446,0.5620277523994446,294000,0.0,0.0
2000-03-07 00:00:00-05:00,0.5620279916575257,0.5659309638218141,0.5464161030003722,0.554222047328949,322700,0.0,0.0
2000-03-08 00:00:00-05:00,0.5503190751646606,0.554222047328949,0.5464161030003722,0.554222047328949,327900,0.0,0.0
2000-03-09 00:00:00-05:00,0.554222047328949,0.5581250194932373,0.5503190751646606,0.554222047328949,253600,0.0,0.0
2000-03-10 00:00:00-05:00,0.553715211882008,0.5576703205383081,0.5458049945694079,0.549760103225708,228400,0.117,0.0
2000-03-13 00:00:00-05:00,0.5458044796964547,0.5497595846217914,0.5418493747711182,0.5418493747711182,259100,0.0,0.0
2000-03-14 00:00:00-05:00,0.5418495939058416,0.5458047004307017,0.5378944873809814,0.5378944873809814,294200,0.0,0.0
2000-03-15 00:00:00-05:00,0.5378947081389251,0.5418498162870055,0.5339395999908447,0.5339395999908447,284600,0.0,0.0
2000-03-16 00:00:00-05:00,0.5378947772568078,0.549760103225708,0.5339396686005078,0.549760103225708,304700,0.0,0.0
2000-03-17 00:00:00-05:00,0.5458042621612549,0.5497593655102494,0.5458042621612549,0.5458042621612549,230800,0.0,0.0
2000-03-20 00:00:00-05:00,0.5458042621612549,0.553714468859244,0.5418491588122603,0.5458042621612549,155300,0.0,0.0
2000-03-21 00:00:00-05:00,0.5458049945694079,0.5576703205383081,0.5458049945694079,0.549760103225708,210000,0.0,0.0
2000-03-22 00:00:00-05:00,0.5497600018978118,0.5537151098251343,0.5497600018978118,0.5537151098251343,192400,0.0,0.0
2000-03-23 00:00:00-05:00,0.5537147724882086,0.5576698780059814,0.5497596669704355,0.5576698780059814,217800,0.0,0.0
2000-03-24 00:00:00-05:00,0.553715211882008,0.5576703205383081,0.5458049945694079,0.549760103225708,188000,0.0,0.0
2000-03-27 00:00:00-05:00,0.5458049945694079,0.553715211882008,0.5458049945694079,0.549760103225708,208100,0.0,0.0
2000-03-28 00:00:00-05:00,0.5537155564402191,0.5616257786750795,0.5537155564402191,0.5616257786750793,197900,0.0,0.0
2000-03-29 00:00:00-05:00,0.5576698780059814,0.5695351945593001,0.5576698780059814,0.5576698780059814,458500,0.0,0.0
2000-03-30 00:00:00-05:00,0.5576698780059814,0.5616249835237543,0.5537147724882086,0.5576698780059814,146100,0.0,0.0
2000-03-31 00:00:00-05:00,0.5576706675576493,0.5616257786750795,0.5537155564402191,0.5616257786750793,134800,0.0,0.0
2000-04-03 00:00:00-04:00,0.5616253789488251,0.5695355955537382,0.5576702706463686,0.5655804872512817,259700,0.0,0.0
2000-04-04 00:00:00-04:00,0.5655809189710351,0.569536030292511,0.5616258076495594,0.569536030292511,154300,0.0,0.0
2000-04-05 00:00:00-04:00,0.5695353343569,0.5734904408454895,0.5655802278683103,0.5734904408454895,149200,0.0,0.0
2000-04-06 00:00:00-04:00,0.569536030292511,0.5774462529354625,0.569536030292511,0.569536030292511,126800,0.0,0.0
2000-04-07 00:00:00-04:00,0.569536030292511,0.5774462529354625,0.569536030292511,0.569536030292511,99400,0.0,0.0
2000-04-10 00:00:00-04:00,0.5774456262588501,0.5814007332880203,0.57349051922968,0.5774456262588501,207700,0.0,0.0
2000-04-11 00:00:00-04:00,0.576932966709137,0.5849459245800972,0.576932966709137,0.576932966709137,171000,0.117,0.0
2000-04-12 00:00:00-04:00,0.5769331601201272,0.5889526009559631,0.5769331601201272,0.5889526009559631,142500,0.0,0.0
2000-04-13 00:00:00-04:00,0.5889525508058482,0.5929590307433029,0.5809395909309387,0.5809395909309387,133500,0.0,0.0
2000-04-14 00:00:00-04:00,0.5809388148201096,0.5849452894050758,0.5689193910652107,0.572925865650177,217900,0.0,0.0
2000-04-17 00:00:00-04:00,0.5649131873379583,0.5689196638439012,0.5528937578201294,0.5528937578201294,198100,0.0,0.0
2000-04-18 00:00:00-04:00,0.5528937578201294,0.5569002343260724,0.5488872813141864,0.5528937578201294,162000,0.0,0.0
2000-04-19 00:00:00-04:00,0.5528937578201294,0.5569002343260724,0.5488872813141864,0.5528937578201294,200200,0.0,0.0
2000-04-20 00:00:00-04:00,0.5528939636491186,0.5609069196440334,0.5488874856516612,0.5569004416465759,150900,0.0,0.0
2000-04-24 00:00:00-04:00,0.5569002343260724,0.5569002343260724,0.5528937578201294,0.5528937578201294,145500,0.0,0.0
2000-04-25 00:00:00-04:00,0.5528937578201294,0.5569002343260724,0.5528937578201294,0.5528937578201294,97000,0.0,0.0
2000-04-26 00:00:00-04:00,0.5528939092246286,0.5569003868277056,0.5488874316215515,0.5488874316215515,171200,0.0,0.0
2000-04-27 00:00:00-04:00,0.5528939092246286,0.5569003868277056,0.5448809540184745,0.5488874316215515,313500,0.0,0.0
2000-04-28 00:00:00-04:00,0.5528937578201294,0.5528937578201294,0.5448808048082434,0.5528937578201294,178800,0.0,0.0
2000-05-01 00:00:00-04:00,0.5569006960156938,0.5769330951529489,0.5528942161882427,0.5689201354980469,404000,0.0,0.0
2000-05-02 00:00:00-04:00,0.5689193910652107,0.572925865650177,0.5649129164802444,0.572925865650177,124000,0.0,0.0
2000-05-03 00:00:00-04:00,0.5729266153254979,0.5729266153254979,0.5689201354980469,0.5689201354980469,82100,0.0,0.0
2000-05-04 00:00:00-04:00,0.5689193910652107,0.572925865650177,0.5649129164802444,0.572925865650177,112400,0.0,0.0
2000-05-05 00:00:00-04:00,0.5729266153254979,0.5769330951529489,0.5689201354980469,0.5689201354980469,139500,0.0,0.0
2000-05-08 00:00:00-04:00,0.572925865650177,0.5769323402351433,0.5689193910652107,0.572925865650177,196500,0.0,0.0
2000-05-09 00:00:00-04:00,0.5729266153254979,0.5729266153254979,0.5649136556705958,0.5689201354980469,142900,0.0,0.0
2000-05-10 00:00:00-04:00,0.5724601456097195,0.5724601456097195,0.5643401435443334,0.5684001445770264,164100,0.117,0.0
2000-05-11 00:00:00-04:00,0.5684002067731774,0.5684002067731774,0.5602802038192749,0.5602802038192749,177000,0.0,0.0
2000-05-12 00:00:00-04:00,0.5643402052962262,0.5684002067731774,0.5602802038192749,0.5602802038192749,98700,0.0,0.0
2000-05-15 00:00:00-04:00,0.5602802038192749,0.5643402052962262,0.5562202023423236,0.5602802038192749,135700,0.0,0.0
2000-05-16 00:00:00-04:00,0.5602798770657546,0.5643398761749268,0.5562198779565825,0.5643398761749268,113100,0.0,0.0
2000-05-17 00:00:00-04:00,0.5602798770657546,0.572459874393271,0.5602798770657546,0.5643398761749268,141600,0.0,0.0
2000-05-18 00:00:00-04:00,0.5643401435443334,0.5724601456097195,0.5602801425116404,0.5684001445770264,171300,0.0,0.0
2000-05-19 00:00:00-04:00,0.572460412979126,0.5805804188369859,0.572460412979126,0.572460412979126,140700,0.0,0.0
2000-05-22 00:00:00-04:00,0.5724601456097195,0.5765201466424125,0.5684001445770265,0.5684001445770264,199900,0.0,0.0
2000-05-23 00:00:00-04:00,0.5724604990280849,0.5805805061064975,0.5684004954888787,0.5765205025672913,179500,0.0,0.0
2000-05-24 00:00:00-04:00,0.5805795788764954,0.5846395759315758,0.576519581821415,0.5805795788764954,167000,0.0,0.0
2000-05-25 00:00:00-04:00,0.5805804079976574,0.5887004137039183,0.5805804079976574,0.5887004137039185,135800,0.0,0.0
2000-05-26 00:00:00-04:00,0.5886999078809398,0.6008799059750283,0.5886999078809398,0.592759907245636,225400,0.0,0.0
2000-05-30 00:00:00-04:00,0.5968201756477356,0.6090001792323833,0.592760174452853,0.5968201756477356,376100,0.0,0.0
2000-05-31 00:00:00-04:00,0.6008803248405457,0.6090003292302828,0.5968203226456771,0.6008803248405457,166000,0.0,0.0
2000-06-01 00:00:00-04:00,0.6008801156242423,0.6049401164054871,0.5968201148429974,0.6049401164054871,96700,0.0,0.0
2000-06-02 00:00:00-04:00,0.6090002655982971,0.6171202691396078,0.6049402638276419,0.6090002655982971,215900,0.0,0.0
2000-06-05 00:00:00-04:00,0.6171201187492217,0.6171201187492217,0.6049401164054871,0.6049401164054871,141600,0.0,0.0
2000-06-06 00:00:00-04:00,0.6049402638276419,0.6130602673689525,0.6049402638276419,0.6090002655982971,123000,0.0,0.0
2000-06-07 00:00:00-04:00,0.6090003801019569,0.6171203851699829,0.6049403775679438,0.6171203851699829,122500,0.0,0.0
2000-06-08 00:00:00-04:00,0.6130603826359698,0.6171203851699829,0.6090003801019569,0.6171203851699829,138900,0.0,0.0
2000-06-09 00:00:00-04:00,0.6130602673689525,0.6171202691396078,0.6090002655982971,0.6090002655982971,140800,0.0,0.0
2000-06-12 00:00:00-04:00,0.6166967153549194,0.6208080267906189,0.61258540391922,0.6166967153549194,84300,0.117,0.0
2000-06-13 00:00:00-04:00,0.6166967969612788,0.6208081089410206,0.6125854849815369,0.6125854849815369,128400,0.0,0.0
2000-06-14 00:00:00-04:00,0.6125856539920757,0.624919593334198,0.6125856539920757,0.624919593334198,181800,0.0,0.0
2000-06-15 00:00:00-04:00,0.6208082802201572,0.624919593334198,0.6208082802201572,0.624919593334198,92400,0.0,0.0
2000-06-16 00:00:00-04:00,0.624919593334198,0.6290309064482388,0.6208082802201572,0.624919593334198,156900,0.0,0.0
2000-06-19 00:00:00-04:00,0.624919593334198,0.6290309064482388,0.6208082802201572,0.624919593334198,111100,0.0,0.0
2000-06-20 00:00:00-04:00,0.6249194519192565,0.6331420762866151,0.6249194519192565,0.6290307641029358,125000,0.0,0.0
2000-06-21 00:00:00-04:00,0.633141795281441,0.6372531056404114,0.6290304849224706,0.6372531056404114,128400,0.0,0.0
2000-06-22 00:00:00-04:00,0.6372534261121379,0.6372534261121379,0.6331421136856079,0.6331421136856079,125000,0.0,0.0
2000-06-23 00:00:00-04:00,0.6372533884702944,0.6372533884702944,0.6249194519192565,0.6290307641029358,139800,0.0,0.0
2000-06-26 00:00:00-04:00,0.6249194519192565,0.6331420762866151,0.6249194519192565,0.6290307641029358,206700,0.0,0.0
2000-06-27 00:00:00-04:00,0.624919593334198,0.6290309064482388,0.6208082802201572,0.624919593334198,154900,0.0,0.0
2000-06-28 00:00:00-04:00,0.6249194519192565,0.6331420762866151,0.6249194519192565,0.6290307641029358,133800,0.0,0.0
2000-06-29 00:00:00-04:00,0.6290309064482388,0.6331422195622796,0.624919593334198,0.624919593334198,109300,0.0,0.0
2000-06-30 00:00:00-04:00,0.6290307641029358,0.6331420762866151,0.6249194519192565,0.6290307641029358,95000,0.0,0.0
2000-07-03 00:00:00-04:00,0.629030801259078,0.6331421136856079,0.624919488832548,0.6331421136856079,57700,0.0,0.0
2000-07-05 00:00:00-04:00,0.6331420762866151,0.6372533884702944,0.6290307641029358,0.6290307641029358,155000,0.0,0.0
2000-07-06 00:00:00-04:00,0.6331420762866151,0.6331420762866151,0.6249194519192565,0.6290307641029358,125600,0.0,0.0
2000-07-07 00:00:00-04:00,0.6331420762866151,0.6372533884702944,0.6290307641029358,0.6290307641029358,133600,0.0,0.0
2000-07-10 00:00:00-04:00,0.6331420430859316,0.637253355054022,0.6290307311178411,0.6351976990699768,98900,0.0,0.0
2000-07-11 00:00:00-04:00,0.633141795281441,0.6372531056404114,0.633141795281441,0.6372531056404114,131000,0.0,0.0
2000-07-12 00:00:00-04:00,0.6367205381393433,0.6408821102840448,0.6325589659946417,0.6367205381393433,182500,0.117,0.0
2000-07-13 00:00:00-04:00,0.6367205381393433,0.6367205381393433,0.6325589659946417,0.6367205381393433,138400,0.0,0.0
2000-07-14 00:00:00-04:00,0.6325588226318359,0.6408819650348865,0.6283972514303108,0.6325588226318359,145600,0.0,0.0
2000-07-17 00:00:00-04:00,0.6325586173708077,0.6367201872219314,0.6283970475196838,0.6283970475196838,146300,0.0,0.0
2000-07-18 00:00:00-04:00,0.6283974530729087,0.6325590256098154,0.6159127354621887,0.6159127354621887,331700,0.0,0.0
2000-07-19 00:00:00-04:00,0.6117511750900583,0.6159127477097185,0.607589602470398,0.607589602470398,250400,0.0,0.0
2000-07-20 00:00:00-04:00,0.6117516344991224,0.6117516344991224,0.6034284830093384,0.6034284830093384,240500,0.0,0.0
2000-07-21 00:00:00-04:00,0.6075900587542304,0.6117516344991224,0.6034284830093384,0.6034284830093384,172000,0.0,0.0
2000-07-24 00:00:00-04:00,0.6034280298507377,0.6117511750900583,0.6034280298507377,0.607589602470398,138100,0.0,0.0
2000-07-25 00:00:00-04:00,0.6117509603500366,0.6159125315088804,0.6075893891911928,0.6117509603500366,160200,0.0,0.0
2000-07-26 00:00:00-04:00,0.611751162925282,0.6159127354621887,0.6075895903883753,0.6159127354621887,122100,0.0,0.0
2000-07-27 00:00:00-04:00,0.6117511750900583,0.6159127477097185,0.607589602470398,0.607589602470398,86500,0.0,0.0
2000-07-28 00:00:00-04:00,0.6159127354621887,0.6200743079990954,0.611751162925282,0.6159127354621887,80000,0.0,0.0
2000-07-31 00:00:00-04:00,0.607589602470398,0.6117511750900583,0.6034280298507377,0.607589602470398,172100,0.0,0.0
2000-08-01 00:00:00-04:00,0.611751162925282,0.624235880536002,0.6075895903883753,0.6159127354621887,204400,0.0,0.0
2000-08-02 00:00:00-04:00,0.6159124883015951,0.6242356300354004,0.6117509174346923,0.6242356300354004,168700,0.0,0.0
2000-08-03 00:00:00-04:00,0.620074450969696,0.6242360244661369,0.6159128774732551,0.620074450969696,126400,0.0,0.0
2000-08-04 00:00:00-04:00,0.6242356300354004,0.6283972009023031,0.6200740591684977,0.6242356300354004,153500,0.0,0.0
2000-08-07 00:00:00-04:00,0.6242360244661369,0.6242360244661369,0.6034281569839324,0.620074450969696,139600,0.0,0.0
2000-08-08 00:00:00-04:00,0.6200740591684977,0.6242356300354004,0.6159124883015951,0.6242356300354004,144800,0.0,0.0
2000-08-09 00:00:00-04:00,0.6236966240162751,0.6279107903947635,0.6194824576377869,0.6194824576377869,139100,0.117,0.0
2000-08-10 00:00:00-04:00,0.6236966240162751,0.6279107903947635,0.6194824576377869,0.6194824576377869,159600,0.0,0.0
2000-08-11 00:00:00-04:00,0.6194826956536319,0.6321251996465632,0.6194826956536319,0.6236968636512756,188500,0.0,0.0
2000-08-14 00:00:00-04:00,0.6321251996465632,0.6321251996465632,0.6194826956536319,0.6236968636512756,224100,0.0,0.0
2000-08-15 00:00:00-04:00,0.6194824576377869,0.6279107903947635,0.6194824576377869,0.6194824576377869,151100,0.0,0.0
2000-08-16 00:00:00-04:00,0.6236964488189493,0.6279106140136719,0.6194822836242266,0.6279106140136719,183700,0.0,0.0
2000-08-17 00:00:00-04:00,0.6236964488189493,0.6321247792083945,0.6236964488189493,0.6279106140136719,130600,0.0,0.0
2000-08-18 00:00:00-04:00,0.6279106140136719,0.6321247792083945,0.6236964488189493,0.6279106140136719,137600,0.0,0.0
2000-08-21 00:00:00-04:00,0.6279107903947635,0.6279107903947635,0.6194824576377869,0.6194824576377869,220400,0.0,0.0
2000-08-22 00:00:00-04:00,0.6236966240162751,0.6236966240162751,0.6194824576377869,0.6194824576377869,153200,0.0,0.0
2000-08-23 00:00:00-04:00,0.6194824576377869,0.6236966240162751,0.6152682912592985,0.6194824576377869,205000,0.0,0.0
2000-08-24 00:00:00-04:00,0.6152683488253888,0.6194825155981655,0.6110541820526122,0.6110541820526123,175500,0.0,0.0
2000-08-25 00:00:00-04:00,0.6110536501015702,0.615267813205719,0.6110536501015702,0.615267813205719,186900,0.0,0.0
2000-08-28 00:00:00-04:00,0.6152683488253888,0.6152683488253888,0.6110541820526122,0.6110541820526123,173500,0.0,0.0
2000-08-29 00:00:00-04:00,0.6110541820526122,0.6152683488253888,0.6068400152798357,0.6110541820526123,151500,0.0,0.0
2000-08-30 00:00:00-04:00,0.6152678645319409,0.6152678645319409,0.598411210709148,0.6068395376205444,423600,0.0,0.0
2000-08-31 00:00:00-04:00,0.6068395376205444,0.6068395376205444,0.6026253741648463,0.6068395376205444,266000,0.0,0.0
2000-09-01 00:00:00-04:00,0.6026254858769162,0.6068396501138177,0.5984113216400146,0.5984113216400146,189800,0.0,0.0
2000-09-05 00:00:00-04:00,0.602625848507059,0.6110541820526122,0.602625848507059,0.6110541820526123,286400,0.0,0.0
2000-09-06 00:00:00-04:00,0.6110541820526122,0.6110541820526122,0.602625848507059,0.6110541820526123,239100,0.0,0.0
2000-09-07 00:00:00-04:00,0.6110536501015702,0.615267813205719,0.6068394869974214,0.615267813205719,229400,0.0,0.0
2000-09-08 00:00:00-04:00,0.6152678645319409,0.6152678645319409,0.6068395376205444,0.6068395376205444,223200,0.0,0.0
2000-09-11 00:00:00-04:00,0.6152683488253888,0.6152683488253888,0.6068400152798357,0.6110541820526123,262700,0.0,0.0
2000-09-12 00:00:00-04:00,0.6147765517234802,0.6147765517234802,0.6105072701142894,0.6147765517234802,174200,0.117,0.0
2000-09-13 00:00:00-04:00,0.6147767113638924,0.6190459940816972,0.6105074286460876,0.6105074286460876,149600,0.0,0.0
2000-09-14 00:00:00-04:00,0.6147767113638924,0.6147767113638924,0.6105074286460876,0.6105074286460876,135900,0.0,0.0
2000-09-15 00:00:00-04:00,0.6147767113638924,0.6147767113638924,0.6062381459282828,0.6105074286460876,150500,0.0,0.0
2000-09-18 00:00:00-04:00,0.6105074502052146,0.6147767330737824,0.6019688844680787,0.6019688844680786,250400,0.0,0.0
2000-09-19 00:00:00-04:00,0.6019686644883464,0.6062379457967744,0.5848915392546344,0.5934301018714905,327500,0.0,0.0
2000-09-20 00:00:00-04:00,0.5891610383987427,0.5976996041726375,0.5848917555117953,0.5891610383987427,206000,0.0,0.0
2000-09-21 00:00:00-04:00,0.5891607279001281,0.5934300085370855,0.5464679215305536,0.550737202167511,956200,0.0,0.0
2000-09-22 00:00:00-04:00,0.5464680384075831,0.5507373199576423,0.5293909122073461,0.5379294753074646,701300,0.0,0.0
2000-09-25 00:00:00-04:00,0.5336602528889974,0.5379295349121094,0.5208524068196615,0.5251216888427734,670600,0.0,0.0
2000-09-26 00:00:00-04:00,0.5208523066575862,0.5251215878596975,0.4995059006470294,0.5165830254554749,741100,0.0,0.0
2000-09-27 00:00:00-04:00,0.5080447971820831,0.525121933221817,0.49950622916221615,0.5123140811920166,692400,0.0,0.0
2000-09-28 00:00:00-04:00,0.5123137442533634,0.5208523066575862,0.5080444630512521,0.5165830254554749,369300,0.0,0.0
2000-09-29 00:00:00-04:00,0.5208524068196615,0.5293909708658855,0.5165831247965496,0.5251216888427734,587900,0.0,0.0
2000-10-02 00:00:00-04:00,0.5293906331062317,0.5336599124054755,0.5251213538069879,0.5293906331062317,270200,0.0,0.0
2000-10-03 00:00:00-04:00,0.5293909708658855,0.5336602528889974,0.5251216888427734,0.5251216888427734,234300,0.0,0.0
2000-10-04 00:00:00-04:00,0.5251213683456671,0.5293906477631115,0.5165828095107782,0.5208520889282227,305300,0.0,0.0
2000-10-05 00:00:00-04:00,0.5231700524687768,0.5231700524687768,0.5101988941431046,0.518846333026886,225300,0.096,0.0
2000-10-06 00:00:00-04:00,0.5145227909088135,0.5188465118408203,0.5058753490447998,0.5058753490447998,240800,0.0,0.0
2000-10-09 00:00:00-04:00,0.505875228807844,0.5101989487121845,0.5015515089035034,0.5015515089035034,243300,0.0,0.0
2000-10-10 00:00:00-04:00,0.5015515089035034,0.505875228807844,0.4972277889991629,0.5015515089035034,199400,0.0,0.0
2000-10-11 00:00:00-04:00,0.4929042160511017,0.4972279372445324,0.47560933127737887,0.4929042160511017,627700,0.0,0.0
2000-10-12 00:00:00-04:00,0.4929038801708737,0.49722759841798664,0.4799327254295349,0.4799327254295349,244500,0.0,0.0
2000-10-13 00:00:00-04:00,0.4799327828667381,0.4799327828667381,0.46696162657304247,0.47560906410217285,336800,0.0,0.0
2000-10-16 00:00:00-04:00,0.47560906410217285,0.4799327828667381,0.47128534533760763,0.47560906410217285,199000,0.0,0.0
2000-10-17 00:00:00-04:00,0.4712857319800942,0.47560945429183815,0.45831456504486223,0.4669620096683502,302900,0.0,0.0
2000-10-18 00:00:00-04:00,0.4539903880345939,0.4539903880345939,0.4323717981281847,0.43669551610946655,397900,0.0,0.0
2000-10-19 00:00:00-04:00,0.44534307718276983,0.44966679637871904,0.43669563879087137,0.4453430771827698,338700,0.0,0.0
2000-10-20 00:00:00-04:00,0.44966645552733236,0.47128503511999253,0.4453427396088003,0.46263760328292847,403700,0.0,0.0
2000-10-23 00:00:00-04:00,0.4669613192014605,0.47128503511999253,0.45831388736439643,0.46263760328292847,131100,0.0,0.0
2000-10-24 00:00:00-04:00,0.4669620096683502,0.4712857319800942,0.4626382873566062,0.4669620096683502,152900,0.0,0.0
2000-10-25 00:00:00-04:00,0.4669620096683502,0.47560945429183815,0.4626382873566062,0.4669620096683502,436100,0.0,0.0
2000-10-26 00:00:00-04:00,0.4712857319800942,0.4712857319800942,0.4626382873566062,0.4669620096683502,149200,0.0,0.0
2000-10-27 00:00:00-04:00,0.4669620096683502,0.4712857319800942,0.45831456504486223,0.4669620096683502,169800,0.0,0.0
2000-10-30 00:00:00-05:00,0.4669614767809526,0.4756089115361555,0.4669614767809526,0.4712851941585541,205800,0.0,0.0
2000-10-31 00:00:00-05:00,0.46696162657304247,0.47560906410217285,0.46696162657304247,0.47560906410217285,185100,0.0,0.0
2000-11-01 00:00:00-05:00,0.47560933127737887,0.4929042160511017,0.47128561008394815,0.4929042160511017,328600,0.0,0.0
2000-11-02 00:00:00-05:00,0.48858049485767097,0.4972279372445324,0.48858049485767097,0.4929042160511017,199000,0.0,0.0
2000-11-03 00:00:00-05:00,0.4929042453351228,0.4972279667854309,0.4885805238848147,0.4972279667854309,172300,0.0,0.0
2000-11-06 00:00:00-05:00,0.4951944329717138,0.49957668459093246,0.48642992973327637,0.48642992973327637,206100,0.096,0.0
2000-11-07 00:00:00-05:00,0.49081211957064547,0.49081211957064547,0.4820476174354554,0.4820476174354553,251900,0.0,0.0
2000-11-08 00:00:00-05:00,0.4820476781140577,0.49081218135249505,0.47766542649483895,0.48642992973327637,236400,0.0,0.0
2000-11-09 00:00:00-05:00,0.48642992973327637,0.48642992973327637,0.47766542649483895,0.48642992973327637,192700,0.0,0.0
2000-11-10 00:00:00-05:00,0.4864302020933893,0.4864302020933893,0.4689011858017356,0.47328343987464905,197500,0.0,0.0
2000-11-13 00:00:00-05:00,0.4776647626780547,0.4776647626780547,0.45575353503227234,0.45575353503227234,314000,0.0,0.0
2000-11-14 00:00:00-05:00,0.45575353503227234,0.4645180260905853,0.4513712895031159,0.45575353503227234,266900,0.0,0.0
2000-11-15 00:00:00-05:00,0.4601367115974426,0.46451896599360876,0.4557544572012765,0.4601367115974426,144800,0.0,0.0
2000-11-16 00:00:00-05:00,0.46013647142578573,0.46013647142578573,0.4469897150993347,0.4469897150993347,181700,0.0,0.0
2000-11-17 00:00:00-05:00,0.45575421931696875,0.45575421931696875,0.4469897150993347,0.4469897150993347,191100,0.0,0.0
2000-11-20 00:00:00-05:00,0.451371814649884,0.451371814649884,0.42946056151154016,0.4426073133945465,564100,0.0,0.0
2000-11-21 00:00:00-05:00,0.4426073133945465,0.44698956402221524,0.43384281213920894,0.4426073133945465,565900,0.0,0.0
2000-11-22 00:00:00-05:00,0.4382251172649617,0.4382251172649617,0.42507836374701286,0.4294606149196625,305700,0.0,0.0
2000-11-24 00:00:00-05:00,0.4294607943544785,0.4338430473580956,0.4163140353436271,0.42069628834724426,219500,0.0,0.0
2000-11-27 00:00:00-05:00,0.42069594065348304,0.43384268879890436,0.42069594065348304,0.4338426887989044,451200,0.0,0.0
2000-11-28 00:00:00-05:00,0.4294604394170973,0.4382249381807115,0.4294604394170973,0.4338426887989044,271200,0.0,0.0
2000-11-29 00:00:00-05:00,0.4338426820396148,0.4382249313531462,0.4250781834125519,0.4250781834125519,237700,0.0,0.0
2000-11-30 00:00:00-05:00,0.42507854135086137,0.4294607943544785,0.42069628834724426,0.42069628834724426,278000,0.0,0.0
2000-12-01 00:00:00-05:00,0.4186293545522188,0.427536362095883,0.41417585078038666,0.4230828583240509,399100,0.096,0.0
2000-12-04 00:00:00-05:00,0.4230830326993415,0.42753653830670296,0.41862952709198,0.41862952709198,266900,0.0,0.0
2000-12-05 00:00:00-05:00,0.4186293315142393,0.42753633856773376,0.4141758279874921,0.42753633856773376,417500,0.0,0.0
2000-12-06 00:00:00-05:00,0.42753653830670296,0.4319900439140644,0.4141760214846185,0.41862952709198,405100,0.0,0.0
2000-12-07 00:00:00-05:00,0.41862952709198,0.41862952709198,0.40526901026989554,0.41862952709198,411600,0.0,0.0
2000-12-08 00:00:00-05:00,0.40972265889567716,0.41862967321949623,0.4052691517337676,0.41417616605758667,343000,0.0,0.0
2000-12-11 00:00:00-05:00,0.4097225368022918,0.41417604263709934,0.4008155251326768,0.40972253680229187,404300,0.0,0.0
2000-12-12 00:00:00-05:00,0.40972265889567716,0.42308318038140574,0.40972265889567716,0.41417616605758667,419600,0.0,0.0
2000-12-13 00:00:00-05:00,0.4186295399960784,0.4364435629746349,0.4186295399960784,0.4319900572299957,746000,0.0,0.0
2000-12-14 00:00:00-05:00,0.4319901240594459,0.440897136926651,0.4319901240594459,0.440897136926651,366700,0.0,0.0
2000-12-15 00:00:00-05:00,0.44535064336025354,0.44535064336025354,0.4319901240594459,0.440897136926651,318900,0.0,0.0
2000-12-18 00:00:00-05:00,0.4408974383558546,0.4720720047042483,0.4408974383558546,0.46761849522590637,952300,0.0,0.0
2000-12-19 00:00:00-05:00,0.4720715383688609,0.4720715383688609,0.45425751805305487,0.4542575180530548,485500,0.0,0.0
2000-12-20 00:00:00-05:00,0.4498041639628919,0.458711177110672,0.4408971508151119,0.458711177110672,513000,0.0,0.0
2000-12-21 00:00:00-05:00,0.4520924652324003,0.4656552391893723,0.4520924652324003,0.46113431453704834,586200,0.096,0.0
2000-12-22 00:00:00-05:00,0.45661390959112735,0.49730227777251496,0.45661390959112735,0.488260418176651,1154300,0.0,0.0
2000-12-26 00:00:00-05:00,0.4882602555411203,0.4882602555411203,0.47017654237293066,0.474697470664978,402200,0.0,0.0
2000-12-27 00:00:00-05:00,0.4792184829711914,0.4882603411404592,0.47469755388655754,0.4792184829711914,469800,0.0,0.0
2000-12-28 00:00:00-05:00,0.4746974706649781,0.48373932724907287,0.46565561408088324,0.474697470664978,554200,0.0,0.0
2000-12-29 00:00:00-05:00,0.4701761921632637,0.47469711708791046,0.46565526723861694,0.46565526723861694,493000,0.0,0.0
2001-01-02 00:00:00-05:00,0.470176322744527,0.497301879825942,0.470176322744527,0.4927809536457062,251000,0.0,0.0
2001-01-03 00:00:00-05:00,0.4882595581667764,0.5108641673411642,0.4882595581667764,0.5063432455062866,446600,0.0,0.0
2001-01-04 00:00:00-05:00,0.5153858900070191,0.5334696054458619,0.5063440322875977,0.5199068188667297,503700,0.0,0.0
2001-01-05 00:00:00-05:00,0.5199064556350056,0.5334692327385275,0.5153855299338317,0.5289483070373535,324800,0.0,0.0
2001-01-08 00:00:00-05:00,0.5334696054458619,0.5379905343055725,0.5199068188667297,0.5199068188667297,279000,0.0,0.0
2001-01-09 00:00:00-05:00,0.5244273813361796,0.5289483070373535,0.5199064556350056,0.5289483070373535,363500,0.0,0.0
2001-01-10 00:00:00-05:00,0.5334695084341641,0.5334695084341641,0.5244276523590088,0.5244276523590088,351200,0.0,0.0
2001-01-11 00:00:00-05:00,0.5244273813361796,0.5334692327385275,0.5244273813361796,0.5289483070373535,261900,0.0,0.0
2001-01-12 00:00:00-05:00,0.5334695084341641,0.5334695084341641,0.5244276523590088,0.5244276523590088,229200,0.0,0.0
2001-01-16 00:00:00-05:00,0.5289483070373535,0.5334692327385275,0.5244273813361796,0.5289483070373535,323400,0.0,0.0
2001-01-17 00:00:00-05:00,0.5289482747094106,0.5334692001342773,0.5244273492845438,0.5334692001342773,280400,0.0,0.0
2001-01-18 00:00:00-05:00,0.5334692327385275,0.5379901584397014,0.5244273813361796,0.5289483070373535,482100,0.0,0.0
2001-01-19 00:00:00-05:00,0.5334692001342773,0.5334692001342773,0.5244273492845438,0.5334692001342773,202000,0.0,0.0
2001-01-22 00:00:00-05:00,0.5334692001342773,0.5379901255591442,0.5289482747094106,0.5334692001342773,232400,0.0,0.0
2001-01-23 00:00:00-05:00,0.5334691903630241,0.5560738170733217,0.5334691903630241,0.5515528917312622,339600,0.0,0.0
2001-01-24 00:00:00-05:00,0.5515530628542746,0.5651158430883961,0.5425112093648603,0.560594916343689,333400,0.0,0.0
2001-01-25 00:00:00-05:00,0.5560742616653442,0.5651161195786019,0.5560742616653442,0.5560742616653442,370700,0.0,0.0
2001-01-26 00:00:00-05:00,0.5560734872817993,0.5651153326034546,0.5560734872817993,0.5651153326034546,244800,0.0,0.0
2001-01-29 00:00:00-05:00,0.5649352704329463,0.565658635612094,0.5577017911012214,0.5620418787002563,250900,0.0,0.0
2001-01-30 00:00:00-05:00,0.5649351391423828,0.5714452862739563,0.562041748082115,0.5714452862739563,262500,0.0,0.0
2001-01-31 00:00:00-05:00,0.5714448409164625,0.588081843792868,0.5678280876638858,0.575061559677124,332100,0.0,0.0
2001-02-01 00:00:00-05:00,0.5750613184037636,0.577954705995106,0.5728912949562073,0.5728912949562073,94100,0.0,0.0
2001-02-02 00:00:00-05:00,0.5750617066623128,0.5786784608393283,0.5656582078875361,0.5743383765220642,331500,0.0,0.0
2001-02-05 00:00:00-05:00,0.5743383225169147,0.5743383225169147,0.5613180707894194,0.5649347901344299,229700,0.0,0.0
2001-02-06 00:00:00-05:00,0.5649350542449324,0.5685518097727185,0.5613183332090833,0.5671051144599915,145200,0.0,0.0
2001-02-07 00:00:00-05:00,0.5649349400306211,0.5678283300711112,0.5598714902137982,0.563488245010376,211700,0.0,0.0
2001-02-08 00:00:00-05:00,0.5634880046482136,0.5649346990513548,0.5605946158419309,0.5613179802894592,194400,0.0,0.0
2001-02-09 00:00:00-05:00,0.5683492027423905,0.569081593326744,0.5573630645853243,0.5580954551696777,152600,0.096,0.0
2001-02-12 00:00:00-05:00,0.5507713747062903,0.5595602712623552,0.5507713747062903,0.5580954551696777,261800,0.0,0.0
2001-02-13 00:00:00-05:00,0.5580955755094174,0.5602928175842007,0.550039102724494,0.5558983683586121,149600,0.0,0.0
2001-02-14 00:00:00-05:00,0.5544332047462641,0.5544332047462641,0.5427146458925866,0.549306333065033,250700,0.0,0.0
2001-02-15 00:00:00-05:00,0.5478421607858707,0.5558986729085444,0.5478421607858707,0.5529690384864807,169600,0.0,0.0
2001-02-16 00:00:00-05:00,0.5507714511190988,0.5515038767290379,0.5449121859354874,0.5485742092132568,174400,0.0,0.0
2001-02-20 00:00:00-05:00,0.5478415554994494,0.5493063710920698,0.5383202366854367,0.5419822931289673,234700,0.0,0.0
2001-02-21 00:00:00-05:00,0.5427151108294384,0.5427151108294384,0.5361234529339621,0.5383206605911255,189900,0.0,0.0
2001-02-22 00:00:00-05:00,0.5309965516672643,0.5346586108207703,0.5236724682842369,0.5346586108207703,180400,0.0,0.0
2001-02-23 00:00:00-05:00,0.5419824805488319,0.5419824805488319,0.5236722618473442,0.5361232161521912,259300,0.0,0.0
2001-02-26 00:00:00-05:00,0.543447319360077,0.543447319360077,0.530996364534872,0.5427148938179016,152300,0.0,0.0
2001-02-27 00:00:00-05:00,0.5390526619437263,0.5427146834632983,0.5390526619437263,0.5419822931289673,139400,0.0,0.0
2001-02-28 00:00:00-05:00,0.5485743995579948,0.5566309094429016,0.5449123750095735,0.5566309094429016,161800,0.0,0.0
2001-03-01 00:00:00-05:00,0.5566303755202887,0.5566303755202887,0.5485738733632186,0.5515035390853882,153600,0.0,0.0
2001-03-02 00:00:00-05:00,0.5529683955373718,0.5529683955373718,0.5419822617664655,0.5434470772743225,222000,0.0,0.0
2001-03-05 00:00:00-05:00,0.5419825533436817,0.5485742092132568,0.5397853114378398,0.5485742092132568,197100,0.0,0.0
2001-03-06 00:00:00-05:00,0.5522362863873846,0.5537011027336121,0.546377021002475,0.5537011027336121,154500,0.0,0.0
2001-03-07 00:00:00-05:00,0.5515040698648616,0.5712791142467258,0.5507716439984282,0.5683494806289673,153100,0.0,0.0
2001-03-08 00:00:00-05:00,0.5676171123390399,0.5734763801688946,0.5668846863983125,0.5705467462539673,142600,0.0,0.0
2001-03-09 00:00:00-05:00,0.5712788183179489,0.5727436343680372,0.5668843352437146,0.5676167607307434,136300,0.0,0.0
2001-03-12 00:00:00-05:00,0.5710279797627397,0.5710279797627397,0.5435889807501655,0.5502633452415466,202400,0.096,0.0
2001-03-13 00:00:00-05:00,0.5517465794733607,0.5547129560811208,0.5413642613462003,0.5487802028656006,237800,0.0,0.0
2001-03-14 00:00:00-05:00,0.5413640814234779,0.5487800204781859,0.5376560942151306,0.54655522108078,164800,0.0,0.0
2001-03-15 00:00:00-05:00,0.5539712767308992,0.5539712767308992,0.5465553361153439,0.5524880886077881,132000,0.0,0.0
2001-03-16 00:00:00-05:00,0.5547133201405532,0.5591628879724534,0.5524885185435923,0.5539717078208923,117500,0.0,0.0
2001-03-19 00:00:00-05:00,0.5539716093151653,0.5539716093151653,0.5413645203808839,0.5495220422744751,113100,0.0,0.0
2001-03-20 00:00:00-05:00,0.5480385910326613,0.5502633911694806,0.5458138262578405,0.5487802028656006,131400,0.0,0.0
2001-03-21 00:00:00-05:00,0.5487801540376144,0.549521730442573,0.5421057895830097,0.5480385422706604,149400,0.0,0.0
2001-03-22 00:00:00-05:00,0.5480388235034951,0.5480388235034951,0.5376565009722905,0.5413644909858704,122000,0.0,0.0
2001-03-23 00:00:00-05:00,0.5428475146248853,0.5443307031062921,0.5302403948519272,0.5324651598930359,137100,0.0,0.0
2001-03-26 00:00:00-05:00,0.5280160017362795,0.5324655706126941,0.49686898423934767,0.5102177262306213,308900,0.0,0.0
2001-03-27 00:00:00-05:00,0.5087341019027602,0.5154084318332951,0.5050261133264632,0.5146668553352356,110900,0.0,0.0
2001-03-28 00:00:00-05:00,0.5191164204095922,0.5228244089858891,0.5050261133264632,0.5146668553352356,155800,0.0,0.0
2001-03-29 00:00:00-05:00,0.49538586299773346,0.49538586299773346,0.4642388765632518,0.4672052562236786,624200,0.0,0.0
2001-03-30 00:00:00-05:00,0.4701711597060176,0.48055347800254816,0.46720478304986596,0.4805534780025482,245900,0.0,0.0
2001-04-02 00:00:00-04:00,0.4798118661575107,0.4812950544855865,0.4753623011732833,0.4805534780025482,182000,0.0,0.0
2001-04-03 00:00:00-04:00,0.47610407811666644,0.47758726695906684,0.4620137664328573,0.4657217562198639,265200,0.0,0.0
2001-04-04 00:00:00-04:00,0.46646314177830284,0.46646314177830284,0.4508896476349512,0.456080824136734,220700,0.0,0.0
2001-04-05 00:00:00-04:00,0.4538559851959459,0.46275511384010315,0.45237279708858635,0.46275511384010315,244500,0.0,0.0
2001-04-06 00:00:00-04:00,0.46275507181633496,0.46349668348366435,0.45385594398032636,0.4583055078983307,91900,0.0,0.0
2001-04-09 00:00:00-04:00,0.45117405513978015,0.4579303807842599,0.4504233324034878,0.4556782841682434,311900,0.075,0.0
2001-04-10 00:00:00-04:00,0.45342639117707983,0.4609334435217767,0.4504235702392011,0.4601827561855316,219300,0.0,0.0
2001-04-11 00:00:00-04:00,0.4549273972450769,0.46393585205078125,0.4549273972450769,0.46393585205078125,159500,0.0,0.0
2001-04-12 00:00:00-04:00,0.46468652153529677,0.46919074842460334,0.45868088568288795,0.4684400260448456,143600,0.0,0.0
2001-04-16 00:00:00-04:00,0.46618819467177514,0.4699417371047452,0.45943183261100246,0.46543747186660767,115400,0.0,0.0
2001-04-17 00:00:00-04:00,0.4624341827285025,0.4691905379295349,0.4601820881924232,0.4691905379295349,160600,0.0,0.0
2001-04-18 00:00:00-04:00,0.468440270902218,0.4842050911533919,0.4654374514064165,0.47819945216178894,422400,0.0,0.0
2001-04-19 00:00:00-04:00,0.477448707306095,0.4812022133226023,0.4766979846249369,0.47970080375671387,133900,0.0,0.0
2001-04-20 00:00:00-04:00,0.4774487347555673,0.4812022409878712,0.4774487347555673,0.4804515540599823,123200,0.0,0.0
2001-04-23 00:00:00-04:00,0.48195265722776237,0.48195265722776237,0.4729442050431928,0.4759470224380493,82900,0.0,0.0
2001-04-24 00:00:00-04:00,0.47369513776396677,0.48195290779117345,0.470692318807969,0.4812021851539612,104900,0.0,0.0
2001-04-25 00:00:00-04:00,0.4834542058115156,0.4909612514708027,0.47669784681994853,0.48720771074295044,130300,0.0,0.0
2001-04-26 00:00:00-04:00,0.4872080364404509,0.49171230264353255,0.4812023958982637,0.4842052161693573,122100,0.0,0.0
2001-04-27 00:00:00-04:00,0.4879586334213598,0.4909614529171613,0.47219381317018594,0.47819945216178894,88200,0.0,0.0
2001-04-30 00:00:00-04:00,0.4797005886831567,0.48270340646862153,0.4736949531122269,0.4774484932422638,59100,0.0,0.0
2001-05-01 00:00:00-04:00,0.47744844105050543,0.4864568934221508,0.4736949013307826,0.4819526672363281,94400,0.0,0.0
2001-05-02 00:00:00-04:00,0.48570642169342204,0.4909613728523255,0.48270360268731327,0.49096137285232544,113800,0.0,0.0
2001-05-03 00:00:00-04:00,0.49021077326708296,0.4909614602540355,0.4774487723209966,0.48570650815963745,133800,0.0,0.0
2001-05-04 00:00:00-04:00,0.48495614528656006,0.4909617883817009,0.4804519129652044,0.48495614528656006,72100,0.0,0.0
2001-05-07 00:00:00-04:00,0.4849560848301955,0.4902110397815705,0.4842053616386625,0.49021103978157043,118200,0.0,0.0
2001-05-08 00:00:00-04:00,0.49021062065239907,0.4909613074056443,0.4879584887998206,0.4887092113494873,103100,0.0,0.0
2001-05-09 00:00:00-04:00,0.4909612216819037,0.5029724940079834,0.4879584036003838,0.4894598126411438,214800,0.0,0.0
2001-05-10 00:00:00-04:00,0.49439623435742824,0.4981934185971929,0.48983955532894585,0.4966745376586914,72000,0.075,0.0
2001-05-11 00:00:00-04:00,0.5012311257846608,0.5012311257846608,0.493636721920782,0.49515560269355774,41100,0.0,0.0
2001-05-14 00:00:00-04:00,0.500471502355498,0.5012309243301722,0.49211764335632324,0.49211764335632324,89500,0.0,0.0
2001-05-15 00:00:00-04:00,0.4921175791480328,0.5012308589328406,0.49059869918389815,0.49363645911216736,111700,0.0,0.0
2001-05-16 00:00:00-04:00,0.4921182771811164,0.4921182771811164,0.46401893988133347,0.4769294559955597,215900,0.0,0.0
2001-05-17 00:00:00-04:00,0.4754104299901118,0.4921181282375013,0.4754104299901118,0.48376426100730896,151700,0.0,0.0
2001-05-18 00:00:00-04:00,0.48528295874266175,0.49287736415863037,0.4845235363075557,0.49287736415863037,103300,0.0,0.0
2001-05-21 00:00:00-04:00,0.493636721920782,0.4951556026935578,0.4868017403368041,0.49515560269355774,143600,0.0,0.0
2001-05-22 00:00:00-04:00,0.49667490512910567,0.501231551315895,0.4913587998046823,0.5004721283912659,128500,0.0,0.0
2001-05-23 00:00:00-04:00,0.5050284754393839,0.5164201022653668,0.5019907131141863,0.5156606435775757,174700,0.0,0.0
2001-05-24 00:00:00-04:00,0.5126233273077615,0.5240149640460925,0.5057883380221598,0.5209771990776062,181900,0.0,0.0
2001-05-25 00:00:00-04:00,0.5217360721800481,0.5278115957119826,0.5164200071960939,0.5171794295310974,81700,0.0,0.0
2001-05-29 00:00:00-04:00,0.5194575886495891,0.5232547714324938,0.5103442703020971,0.5164198279380798,122600,0.0,0.0
2001-05-30 00:00:00-04:00,0.5194585566023793,0.5194585566023793,0.5057885717151388,0.5095857977867126,130700,0.0,0.0
2001-05-31 00:00:00-04:00,0.5088255131155662,0.5103443938389899,0.49971222877502447,0.4997122287750244,141600,0.0,0.0
2001-06-01 00:00:00-04:00,0.5042690516582471,0.5080662729340881,0.4966746453195508,0.5073068141937256,199900,0.0,0.0
2001-06-04 00:00:00-04:00,0.507307454901162,0.512623564158759,0.5057885717151388,0.5095857977867126,69800,0.0,0.0
2001-06-05 00:00:00-04:00,0.5111041791763473,0.5126230608711494,0.5073069568328441,0.5080664157867432,76000,0.0,0.0
2001-06-06 00:00:00-04:00,0.5103444936148999,0.5141417142723286,0.5080661901908267,0.5126228332519531,98200,0.0,0.0
2001-06-07 00:00:00-04:00,0.5141417142723286,0.5141417142723286,0.5080661901908267,0.5126228332519531,71600,0.0,0.0
2001-06-08 00:00:00-04:00,0.5141419768457969,0.516420317646404,0.5057881088609025,0.5133825540542603,178300,0.0,0.0
2001-06-11 00:00:00-04:00,0.5133830238582865,0.5171802137168287,0.5080669146006894,0.5095857977867126,104000,0.0,0.0
2001-06-12 00:00:00-04:00,0.513809254854486,0.513809254854486,0.5038249108543998,0.5053609609603882,83400,0.075,0.0
2001-06-13 00:00:00-04:00,0.5092016070627631,0.5092016070627631,0.4953771058432749,0.5015213489532471,246400,0.0,0.0
2001-06-14 00:00:00-04:00,0.5015210347914292,0.5015210347914292,0.4953767955303192,0.4953767955303192,66400,0.0,0.0
2001-06-15 00:00:00-04:00,0.49537664372415835,0.49921678750776355,0.49000048637390137,0.49000048637390137,96000,0.0,0.0
2001-06-18 00:00:00-04:00,0.4976810281681535,0.4976810281681535,0.4823205173015595,0.48232051730155945,108600,0.0,0.0
2001-06-19 00:00:00-04:00,0.48232017583519565,0.4907684325195692,0.48001608252525335,0.4800160825252533,138300,0.0,0.0
2001-06-20 00:00:00-04:00,0.4800161160644051,0.48539230974836284,0.47233586553183926,0.4746399223804474,172100,0.0,0.0
2001-06-21 00:00:00-04:00,0.4731043696441504,0.47771252480820053,0.4700322662014504,0.4708003103733063,103700,0.0,0.0
2001-06-22 00:00:00-04:00,0.47079978253012544,0.4830881825236293,0.4700317392193711,0.4800160825252533,210000,0.0,0.0
2001-06-25 00:00:00-04:00,0.4830880186271708,0.4838560616773525,0.47079962280273036,0.47694382071495056,132800,0.0,0.0
2001-06-26 00:00:00-04:00,0.47694382071495056,0.48232001219929743,0.4715676292306037,0.47694382071495056,159000,0.0,0.0
2001-06-27 00:00:00-04:00,0.4792481451224191,0.4838563327606563,0.47771209478378296,0.47771209478378296,68200,0.0,0.0
2001-06-28 00:00:00-04:00,0.48462438864849794,0.4892325401306153,0.4807842807245664,0.48923254013061523,116900,0.0,0.0
2001-06-29 00:00:00-04:00,0.4938405935351813,0.4984487441021124,0.4892324429682502,0.49000048637390137,90800,0.0,0.0
2001-07-02 00:00:00-04:00,0.4969127954330786,0.4976808389956421,0.4915366369844653,0.49384069442749023,82200,0.0,0.0
2001-07-03 00:00:00-04:00,0.498448372249654,0.49921641508232983,0.493072218910115,0.4976803660392761,56700,0.0,0.0
2001-07-05 00:00:00-04:00,0.4976811620879595,0.5061294636490924,0.4938410150268019,0.5030573606491089,61300,0.0,0.0
2001-07-06 00:00:00-04:00,0.5061287279152654,0.509200826449494,0.49998453084680805,0.5068967342376709,104700,0.0,0.0
2001-07-09 00:00:00-04:00,0.5099688397314247,0.510736882686615,0.5068967411552713,0.510736882686615,108600,0.0,0.0
2001-07-10 00:00:00-04:00,0.5173402513438,0.5181170563050246,0.5080188140497007,0.5087956190109253,120200,0.075,0.0
2001-07-11 00:00:00-04:00,0.5126791101517758,0.5126791101517758,0.49325944660784443,0.49558982253074646,94700,0.0,0.0
2001-07-12 00:00:00-04:00,0.5002505373364817,0.5010273046174033,0.4901523034040209,0.49558982253074646,126600,0.0,0.0
2001-07-13 00:00:00-04:00,0.4924830494109612,0.500250913257802,0.49170624450622885,0.49869734048843384,58400,0.0,0.0
2001-07-16 00:00:00-04:00,0.49869732549335755,0.49947409333463716,0.4901526569987097,0.496366947889328,129500,0.0,0.0
2001-07-17 00:00:00-04:00,0.4917060002119865,0.4948131442070008,0.49015242821447935,0.49481314420700073,90600,0.0,0.0
2001-07-18 00:00:00-04:00,0.4948131442070008,0.4948131442070008,0.48937566073576483,0.49481314420700073,55900,0.0,0.0
2001-07-19 00:00:00-04:00,0.49481279787186316,0.49481279787186316,0.4893753182064914,0.49170565605163574,68400,0.0,0.0
2001-07-20 00:00:00-04:00,0.49403647291950176,0.49403647291950176,0.48937575601951694,0.49248290061950684,112200,0.0,0.0
2001-07-23 00:00:00-04:00,0.49403619766235346,0.49481296485952475,0.49015225055630296,0.4940361976623535,70100,0.0,0.0
2001-07-24 00:00:00-04:00,0.49403637672828626,0.4963667162045079,0.49015242821447935,0.49481314420700073,104000,0.0,0.0
2001-07-25 00:00:00-04:00,0.49326007293865715,0.4986975989698339,0.4893761575222016,0.48937615752220154,120700,0.0,0.0
2001-07-26 00:00:00-04:00,0.4924831468510878,0.4924831468510878,0.485492049485661,0.49092957377433777,104400,0.0,0.0
2001-07-27 00:00:00-04:00,0.49248280473077916,0.4955899487257934,0.48937566073576483,0.49481314420700073,102500,0.0,0.0
2001-07-30 00:00:00-04:00,0.49714393000037427,0.5041349912245553,0.4940367834473808,0.5018046498298645,110700,0.0,0.0
2001-07-31 00:00:00-04:00,0.49558967395934206,0.5087950471368256,0.49558967395934206,0.5033575296401978,64800,0.0,0.0
2001-08-01 00:00:00-04:00,0.5072420461285754,0.5087956190109253,0.5041348633237764,0.5087956190109253,51900,0.0,0.0
2001-08-02 00:00:00-04:00,0.5095719928941793,0.5150095122977707,0.5087952255737066,0.5111255645751953,87600,0.0,0.0
2001-08-03 00:00:00-04:00,0.5134558913016022,0.5150094628334045,0.5072416051743925,0.5150094628334045,80400,0.0,0.0
2001-08-06 00:00:00-04:00,0.5150094628334045,0.5157862300792723,0.5103487482379974,0.5150094628334045,81100,0.0,0.0
2001-08-07 00:00:00-04:00,0.5150095118837841,0.5157862792036324,0.5095719924845635,0.5103487968444824,97700,0.0,0.0
2001-08-08 00:00:00-04:00,0.5193847999578338,0.5193847999578338,0.5068126767014292,0.5107414722442627,80800,0.075,0.0
2001-08-09 00:00:00-04:00,0.5123134372514446,0.5170279736027021,0.507598900900187,0.509170413017273,139700,0.0,0.0
2001-08-10 00:00:00-04:00,0.5178135452353103,0.5178135452353103,0.5083844387644223,0.5154562592506409,65600,0.0,0.0
2001-08-13 00:00:00-04:00,0.5162419639713193,0.5217422347459408,0.51231316701706,0.5185992121696472,77500,0.0,0.0
2001-08-14 00:00:00-04:00,0.5201706070762455,0.5225278922149456,0.5162418484687805,0.5162418484687805,89800,0.0,0.0
2001-08-15 00:00:00-04:00,0.5170276352302877,0.5217421684960853,0.5146703873312787,0.5193849205970764,78400,0.0,0.0
2001-08-16 00:00:00-04:00,0.5209559402859596,0.5209559402859596,0.5091695995052229,0.511526882648468,85700,0.0,0.0
2001-08-17 00:00:00-04:00,0.5130990383947646,0.5130990383947646,0.5036699314155565,0.5083844661712646,98500,0.0,0.0
2001-08-20 00:00:00-04:00,0.504455793631656,0.5099560664021993,0.504455793631656,0.5075988173484802,74400,0.0,0.0
2001-08-21 00:00:00-04:00,0.5099553355744749,0.5146699018609652,0.5083838259682264,0.511526882648468,115500,0.0,0.0
2001-08-22 00:00:00-04:00,0.5123134372514446,0.5130992120438898,0.507598900900187,0.509170413017273,66200,0.0,0.0
2001-08-23 00:00:00-04:00,0.5170279736027021,0.5170279736027021,0.5083846382248278,0.509170413017273,184200,0.0,0.0
2001-08-24 00:00:00-04:00,0.5115277905171998,0.5123135279809928,0.5075989907948015,0.5099562406539917,95000,0.0,0.0
2001-08-27 00:00:00-04:00,0.5099558080201779,0.5107415822851505,0.5044555380364857,0.5052412748336792,120800,0.0,0.0
2001-08-28 00:00:00-04:00,0.5052416134605129,0.5060273882521334,0.49345529132863836,0.5013128519058228,174300,0.0,0.0
2001-08-29 00:00:00-04:00,0.5013127283299299,0.504455751786034,0.4989554420039543,0.5036699771881104,77700,0.0,0.0
2001-08-30 00:00:00-04:00,0.5013127793776067,0.5044558031537586,0.4910979333712137,0.4965982437133789,146200,0.0,0.0
2001-08-31 00:00:00-04:00,0.499740868806839,0.5036696266588495,0.4958120734870595,0.499740868806839,64400,0.0,0.0
2001-09-04 00:00:00-04:00,0.49974126851397616,0.5005270057257254,0.49266944626923814,0.4973839819431305,150100,0.0,0.0
2001-09-05 00:00:00-04:00,0.49581264140361964,0.5005271787068459,0.49502690392032117,0.4981699287891388,106900,0.0,0.0
2001-09-06 00:00:00-04:00,0.5013127804052736,0.5013127804052736,0.4942409581605356,0.4973839819431305,105000,0.0,0.0
2001-09-07 00:00:00-04:00,0.4989558289098176,0.4989558289098176,0.49188403938379555,0.4950270652770996,83300,0.0,0.0
2001-09-10 00:00:00-04:00,0.497383967855434,0.497383967855434,0.4910979204682876,0.49188369512557983,84600,0.0,0.0
2001-09-17 00:00:00-04:00,0.4863833700445092,0.4863833700445092,0.41645103880075035,0.448667049407959,266500,0.0,0.0
2001-09-18 00:00:00-04:00,0.4486668013579477,0.476954035563424,0.43295169205922535,0.44316649436950684,185500,0.0,0.0
2001-09-19 00:00:00-04:00,0.4455239710207106,0.4510242429058405,0.385806455078559,0.39052098989486694,363900,0.0,0.0
2001-09-20 00:00:00-04:00,0.3858064475317593,0.3858064475317593,0.3418040859724944,0.3575192391872406,795500,0.0,0.0
2001-09-21 00:00:00-04:00,0.35751922635885575,0.3638052724320839,0.33237500459815317,0.3535904288291931,470200,0.0,0.0
2001-09-24 00:00:00-04:00,0.36537689209414814,0.3968071692307697,0.361448093401645,0.38109201192855835,324600,0.0,0.0
2001-09-25 00:00:00-04:00,0.3889494296440055,0.40466458120068277,0.38502066985567673,0.4030930697917938,204100,0.0,0.0
2001-09-26 00:00:00-04:00,0.40702173592368524,0.41095053227577827,0.40466448808665245,0.4054502248764038,169800,0.0,0.0
2001-09-27 00:00:00-04:00,0.4078077088437903,0.4085934460163117,0.3944498397007537,0.40859344601631165,234700,0.0,0.0
2001-09-28 00:00:00-04:00,0.4093794524669647,0.41173670278711433,0.40545065197629093,0.4093794524669647,184600,0.0,0.0
2001-10-01 00:00:00-04:00,0.4172361688112989,0.4172361688112989,0.40152107369265455,0.4078071117401123,173800,0.0,0.0
2001-10-02 00:00:00-04:00,0.4085932466252079,0.419593861414648,0.4085932466252079,0.414093554019928,113500,0.0,0.0
2001-10-03 00:00:00-04:00,0.41880825436395763,0.4313803477508882,0.41487949391443874,0.4266658127307892,219000,0.0,0.0
2001-10-04 00:00:00-04:00,0.4222834966132636,0.42945432234955655,0.4159093744140028,0.41829967498779297,121000,0.075,0.0
2001-10-05 00:00:00-04:00,0.42308014078897677,0.42467366147397645,0.4071449339389801,0.4071449339389801,107700,0.0,0.0
2001-10-08 00:00:00-04:00,0.3991773960675549,0.4031611794380126,0.39439679523494775,0.39997413754463196,121300,0.0,0.0
2001-10-09 00:00:00-04:00,0.39439705163456434,0.40395822152300975,0.39280352965191695,0.3983808755874634,100300,0.0,0.0
2001-10-10 00:00:00-04:00,0.40316141635190095,0.40316141635190095,0.39200676317014516,0.3936002850532532,153100,0.0,0.0
2001-10-11 00:00:00-04:00,0.39758405281476966,0.4047549199612872,0.3951937890943017,0.40156787633895874,178500,0.0,0.0
2001-10-12 00:00:00-04:00,0.3975840955998592,0.40156791955275817,0.39678735360481593,0.3983808755874634,58500,0.0,0.0
2001-10-15 00:00:00-04:00,0.3983808327166302,0.4047549199612872,0.3951937890943017,0.40156787633895874,101500,0.0,0.0
2001-10-16 00:00:00-04:00,0.4047547003847029,0.4047547003847029,0.39838061659794166,0.39997413754463196,97300,0.0,0.0
2001-10-17 00:00:00-04:00,0.4047550718679223,0.41431620632325017,0.3991777624319333,0.41192594170570374,112900,0.0,0.0
2001-10-18 00:00:00-04:00,0.41670615393611243,0.4182996749877929,0.4111288112589612,0.41829967498779297,100000,0.0,0.0
2001-10-19 00:00:00-04:00,0.42148690368082997,0.42148690368082997,0.4071452078667242,0.4159095585346222,56200,0.0,0.0
2001-10-22 00:00:00-04:00,0.4095355074149918,0.4175031168992214,0.40873876546284826,0.41511285305023193,71200,0.0,0.0
2001-10-23 00:00:00-04:00,0.4230805985702529,0.42387737877114906,0.4087388968872611,0.41192594170570374,200900,0.0,0.0
2001-10-24 00:00:00-04:00,0.4214873674570141,0.4214873674570141,0.40634887511069634,0.4087391793727875,151600,0.0,0.0
2001-10-25 00:00:00-04:00,0.40634815460021523,0.4103319753089794,0.40236437188398105,0.4071449339389801,106200,0.0,0.0
2001-10-26 00:00:00-04:00,0.4039583737903966,0.4111292064189911,0.4039583737903966,0.4111292064189911,169100,0.0,0.0
2001-10-29 00:00:00-05:00,0.41909616900053775,0.41909616900053775,0.40714475025857133,0.41272205114364624,107500,0.0,0.0
2001-10-30 00:00:00-05:00,0.41829961444946145,0.41989313527051997,0.4031611476531389,0.4047546684741974,150600,0.0,0.0
2001-10-31 00:00:00-05:00,0.4055514132539804,0.4103319753089794,0.40156759254521623,0.4071449339389801,121000,0.0,0.0
2001-11-01 00:00:00-05:00,0.4031615106910748,0.4095355997150337,0.40077124630337396,0.4039582908153534,98200,0.0,0.0
2001-11-02 00:00:00-05:00,0.40555181307134314,0.4071453353273328,0.40236476855936365,0.4039582908153534,98600,0.0,0.0
2001-11-05 00:00:00-05:00,0.4055513871417104,0.40953516960144043,0.4015675666894528,0.40953516960144043,99600,0.0,0.0
2001-11-06 00:00:00-05:00,0.40953568383568395,0.41192598670693226,0.4079421612523768,0.4111292064189911,98300,0.0,0.0
2001-11-07 00:00:00-05:00,0.4163843147316005,0.41719280790160146,0.40668216537410146,0.41395875811576843,142500,0.075,0.0
2001-11-08 00:00:00-05:00,0.4163841950834614,0.41800121951172536,0.40587351702329383,0.4091075658798218,111500,0.0,0.0
2001-11-09 00:00:00-05:00,0.4082990729421415,0.4147671706551974,0.4050650240856135,0.4091075658798218,124800,0.0,0.0
2001-11-12 00:00:00-05:00,0.41719280790160146,0.41719280790160146,0.40587363365118595,0.41395875811576843,106100,0.0,0.0
2001-11-13 00:00:00-05:00,0.4155760737405642,0.4155760737405642,0.4082994759082794,0.4082994759082794,183700,0.0,0.0
2001-11-14 00:00:00-05:00,0.41153330443500874,0.4155758480232768,0.4058736971479288,0.4147673547267914,178600,0.0,0.0
2001-11-15 00:00:00-05:00,0.411533048562439,0.42042666205873586,0.411533048562439,0.4180011451244354,146600,0.0,0.0
2001-11-16 00:00:00-05:00,0.42366087436676025,0.42608643079304986,0.41719277530053667,0.42366087436676025,200600,0.0,0.0
2001-11-19 00:00:00-05:00,0.42689495132477917,0.43659709967120564,0.42608641968612176,0.43336305022239685,301700,0.0,0.0
2001-11-20 00:00:00-05:00,0.43336297008423574,0.4479161899126711,0.4301289212334723,0.44629916548728943,173500,0.0,0.0
2001-11-21 00:00:00-05:00,0.44791595523123895,0.46246916743465305,0.44791595523123895,0.45600107312202454,266900,0.0,0.0
2001-11-23 00:00:00-05:00,0.4560014672353246,0.46812917382968827,0.4543844422596039,0.46732068061828613,131100,0.0,0.0
2001-11-26 00:00:00-05:00,0.4592355729912798,0.4729803062315705,0.44953342195798796,0.45115044713020325,271300,0.0,0.0
2001-11-27 00:00:00-05:00,0.4503419318124195,0.45276745017574715,0.4406397427003509,0.443873792886734,201200,0.0,0.0
2001-11-28 00:00:00-05:00,0.4414483092546106,0.4519589924637495,0.44063977736794346,0.44468235969543457,111400,0.0,0.0
2001-11-29 00:00:00-05:00,0.44872435309304026,0.44872435309304026,0.44468177607124393,0.44791582226753235,190000,0.0,0.0
2001-11-30 00:00:00-05:00,0.4487249148038222,0.4519589650484726,0.4446823327215492,0.45034193992614746,260200,0.0,0.0
2001-12-03 00:00:00-05:00,0.45484918310807887,0.4589468999081566,0.4491123326930545,0.45239052176475525,151500,0.075,0.0
2001-12-04 00:00:00-05:00,0.45403000479509453,0.45894729261016315,0.44419542916495736,0.44829314947128296,190700,0.0,0.0
2001-12-05 00:00:00-05:00,0.4499320032359456,0.4499320032359456,0.442556095022954,0.446653813123703,264100,0.0,0.0
2001-12-06 00:00:00-05:00,0.45402989872853144,0.45402989872853144,0.44091713428497314,0.44091713428497314,138400,0.0,0.0
2001-12-07 00:00:00-05:00,0.44091678728494527,0.443375409143625,0.42370627795782767,0.43026265501976013,220200,0.0,0.0
2001-12-10 00:00:00-05:00,0.43436065643318555,0.4376388468223399,0.4286238037126094,0.43354108929634094,234900,0.0,0.0
2001-12-11 00:00:00-05:00,0.43763874226417215,0.44911240588498974,0.4351800805201599,0.44173645973205566,240000,0.0,0.0
2001-12-12 00:00:00-05:00,0.44255613240607145,0.44911251318438017,0.4302628989071866,0.43354108929634094,242600,0.0,0.0
2001-12-13 00:00:00-05:00,0.43436050349249317,0.43436050349249317,0.4196086128564073,0.4294431805610657,261500,0.0,0.0
2001-12-14 00:00:00-05:00,0.42944321052081036,0.43599962852708385,0.42698458796267114,0.43190187215805054,223400,0.0,0.0
2001-12-17 00:00:00-05:00,0.4319020475992863,0.43763890103045744,0.4294433849633224,0.4327216148376465,163300,0.0,0.0
2001-12-18 00:00:00-05:00,0.44091693187012004,0.44255602667309396,0.4359996474611982,0.44173645973205566,263800,0.0,0.0
2001-12-19 00:00:00-05:00,0.43927786969116855,0.44501468238808417,0.43845830268926317,0.4433755874633789,179000,0.0,0.0
2001-12-20 00:00:00-05:00,0.44501468238808417,0.44829287223749464,0.44173649253867364,0.4433755874633789,303100,0.0,0.0
2001-12-21 00:00:00-05:00,0.44129784017237617,0.44877747734379025,0.43880465420088915,0.4404667913913727,333500,0.075,0.0
2001-12-24 00:00:00-05:00,0.43880523592091647,0.4446227039855339,0.4379741464096688,0.4412984251976013,157200,0.0,0.0
2001-12-26 00:00:00-05:00,0.4404673753148827,0.4446227039855339,0.43464986762173624,0.4412984251976013,304100,0.0,0.0
2001-12-27 00:00:00-05:00,0.4396358145164649,0.44794650257728447,0.4396358145164649,0.44545331597328186,253700,0.0,0.0
2001-12-28 00:00:00-05:00,0.44628436496512053,0.4487775911976097,0.44129795212862877,0.44545331597328186,229400,0.0,0.0
2001-12-31 00:00:00-05:00,0.44462219115918755,0.447946466112908,0.43714259232755814,0.44296005368232727,393200,0.0,0.0
2002-01-02 00:00:00-05:00,0.44711544617665755,0.4504397213459015,0.44129794481623763,0.4504397213459015,87600,0.0,0.0
2002-01-03 00:00:00-05:00,0.45127064887792717,0.4545949231525418,0.4496085117406199,0.4521017372608185,120200,0.0,0.0
2002-01-04 00:00:00-05:00,0.4554257928186493,0.4637364745140075,0.4554257928186493,0.46373647451400757,153800,0.0,0.0
2002-01-07 00:00:00-05:00,0.4703852216990502,0.47620272119615065,0.46622989888266986,0.472047358751297,234700,0.0,0.0
2002-01-08 00:00:00-05:00,0.47454084804656,0.4770340351972101,0.4703854832908162,0.4753718972206116,215500,0.0,0.0
2002-01-09 00:00:00-05:00,0.4786961078643798,0.4795271568562521,0.4745407440195589,0.4786961078643799,233200,0.0,0.0
2002-01-10 00:00:00-05:00,0.4786962513673661,0.4786962513673661,0.4720476592968484,0.4762030243873596,238500,0.0,0.0
2002-01-11 00:00:00-05:00,0.47952704940246216,0.47952704940246216,0.4728785004433638,0.4770338237285614,211800,0.0,0.0
2002-01-14 00:00:00-05:00,0.4737097974073532,0.4795273006083693,0.4737097974073532,0.4762030243873596,212900,0.0,0.0
2002-01-15 00:00:00-05:00,0.47869631010017377,0.48368272504348764,0.4770341321572325,0.4820205867290497,170000,0.0,0.0
2002-01-16 00:00:00-05:00,0.483682520701073,0.48451356969294523,0.47620288163179,0.4786961078643799,205200,0.0,0.0
2002-01-17 00:00:00-05:00,0.48202050693356885,0.48783797025680536,0.47952728006039835,0.4878379702568054,151900,0.0,0.0
2002-01-18 00:00:00-05:00,0.4886689249012939,0.4978106617927552,0.4878378362956233,0.4978106617927551,257300,0.0,0.0
2002-01-22 00:00:00-05:00,0.4978108809019587,0.501135197159338,0.4811894977575791,0.4820205867290497,224100,0.0,0.0
2002-01-23 00:00:00-05:00,0.4870069210514131,0.4936554732085387,0.48368264497285024,0.4878379702568054,227300,0.0,0.0
2002-01-24 00:00:00-05:00,0.4886689003090327,0.49614849924122795,0.48285139924756193,0.49448636174201965,101200,0.0,0.0
2002-01-25 00:00:00-05:00,0.4928244702175697,0.49864197418262834,0.49116233188876773,0.4953176975250244,152700,0.0,0.0
2002-01-28 00:00:00-05:00,0.49199299563599985,0.4978104549445026,0.4903308587437891,0.49614831805229187,151500,0.0,0.0
2002-01-29 00:00:00-05:00,0.5027970694762764,0.5052902558146977,0.49697956863915643,0.5011349320411682,149000,0.0,0.0
2002-01-30 00:00:00-05:00,0.506121344346493,0.506121344346493,0.49116206780203636,0.5011349320411682,139000,0.0,0.0
2002-01-31 00:00:00-05:00,0.5027972345528733,0.5127700624377661,0.5019661457482179,0.5094457864761353,116000,0.0,0.0
2002-02-01 00:00:00-05:00,0.5144322160235464,0.5185875412873865,0.5044593878361343,0.5119389891624451,250800,0.0,0.0
2002-02-04 00:00:00-05:00,0.5160941504101964,0.5185873366590196,0.5102766497821406,0.5144320130348206,256600,0.0,0.0
2002-02-05 00:00:00-05:00,0.5144322160235464,0.5185875412873865,0.5086147130999744,0.5119389891624451,219300,0.0,0.0
2002-02-06 00:00:00-05:00,0.5160941504101964,0.5185873366590196,0.5077834635333174,0.5144320130348206,283200,0.0,0.0
2002-02-07 00:00:00-05:00,0.5131702277606968,0.5131702277606968,0.5013925614501908,0.5022338032722473,222300,0.075,0.0
2002-02-08 00:00:00-05:00,0.5072814304120624,0.5072814304120624,0.49045615218872746,0.4955037236213684,193600,0.0,0.0
2002-02-11 00:00:00-05:00,0.4870908031777969,0.5005509853363037,0.4870908031777969,0.5005509853363037,190100,0.0,0.0
2002-02-12 00:00:00-05:00,0.5030750852088345,0.5030750852088345,0.4988687557549599,0.5022338032722473,83800,0.0,0.0
2002-02-13 00:00:00-05:00,0.5022336373681765,0.5081224886354161,0.49802734941830595,0.5055987238883972,124100,0.0,0.0
2002-02-14 00:00:00-05:00,0.5123287593392538,0.5207413744116323,0.5055986672813512,0.5148525238037109,182500,0.0,0.0
2002-02-15 00:00:00-05:00,0.5106464247544152,0.519059042931068,0.5098051428794861,0.5098051428794861,141700,0.0,0.0
2002-02-19 00:00:00-05:00,0.5182176278525261,0.5182176278525261,0.5055987238883972,0.5055987238883972,210200,0.0,0.0
2002-02-20 00:00:00-05:00,0.5140117593368045,0.5140117593368045,0.5039165717674932,0.5072816610336304,138300,0.0,0.0
2002-02-21 00:00:00-05:00,0.5106467101852175,0.5106467101852175,0.5022340471916996,0.5072816610336304,109400,0.0,0.0
2002-02-22 00:00:00-05:00,0.512328959725096,0.512328959725096,0.5022337775752277,0.5047575831413269,133100,0.0,0.0
2002-02-25 00:00:00-05:00,0.5047574011741125,0.5123287750283687,0.5005510734518559,0.5064399242401123,302200,0.0,0.0
2002-02-26 00:00:00-05:00,0.5114879420991781,0.5114879420991781,0.502234037061689,0.5039165616035461,209800,0.0,0.0
2002-02-27 00:00:00-05:00,0.5072816610336304,0.5081229032642521,0.5030753295368715,0.5072816610336304,141800,0.0,0.0
2002-02-28 00:00:00-05:00,0.5072809434947139,0.5098047067313156,0.5047571401436186,0.5089634656906128,159900,0.0,0.0
2002-03-01 00:00:00-05:00,0.5089639123799827,0.5098051541589967,0.5022337775752277,0.5047575831413269,207700,0.0,0.0
2002-03-04 00:00:00-05:00,0.5055991364578368,0.5098054278400457,0.504757854112665,0.5072816610336304,119900,0.0,0.0
2002-03-05 00:00:00-05:00,0.5114877042629764,0.5114877042629764,0.5064401329844704,0.5106464624404907,96100,0.0,0.0
2002-03-06 00:00:00-05:00,0.5123288597125322,0.5165351480155429,0.5098050546391092,0.5140113830566406,200500,0.0,0.0
2002-03-07 00:00:00-05:00,0.5186960489567835,0.5195477454668267,0.5110305773010875,0.516140878200531,136600,0.075,0.0
2002-03-08 00:00:00-05:00,0.5203995500356237,0.5203995500356237,0.5152892484738664,0.5178443789482117,103400,0.0,0.0
2002-03-11 00:00:00-05:00,0.5203990885320053,0.5212507843971252,0.5178439197105843,0.5212507843971252,97200,0.0,0.0
2002-03-12 00:00:00-05:00,0.521251223721834,0.5263615250587463,0.5186960933599103,0.5263615250587463,195700,0.0,0.0
2002-03-13 00:00:00-05:00,0.5263611588817749,0.5280645914757081,0.5238060302973935,0.5246577262878418,127700,0.0,0.0
2002-03-14 00:00:00-05:00,0.5246576718160236,0.5297679690672539,0.5238059759140015,0.5238059759140015,105100,0.0,0.0
2002-03-15 00:00:00-05:00,0.5263611251428134,0.5306197266611945,0.523805996722212,0.5297679901123047,107600,0.0,0.0
2002-03-18 00:00:00-05:00,0.5306199631062485,0.5306199631062485,0.5255096633748543,0.5272130966186523,118600,0.0,0.0
2002-03-19 00:00:00-05:00,0.530619760673126,0.530619760673126,0.5238060302973935,0.5246577262878418,200900,0.0,0.0
2002-03-20 00:00:00-05:00,0.5238065651507051,0.5306203024838724,0.5152893934842461,0.5221031308174133,215500,0.0,0.0
2002-03-21 00:00:00-05:00,0.5238059532185463,0.5255093855618167,0.5186956561887349,0.5212507843971252,147300,0.0,0.0
2002-03-22 00:00:00-05:00,0.5195476568779991,0.5255096938839516,0.5195476568779991,0.522954523563385,135500,0.0,0.0
2002-03-25 00:00:00-05:00,0.5246579569060779,0.5246579569060779,0.5195476568779991,0.522954523563385,123700,0.0,0.0
2002-03-26 00:00:00-05:00,0.5238063106295067,0.5238063106295067,0.5186960101127625,0.5186960101127625,218000,0.0,0.0
2002-03-27 00:00:00-05:00,0.5110305645656279,0.5110305645656279,0.4522620447670135,0.46588951349258423,1067400,0.0,0.0
2002-03-28 00:00:00-05:00,0.4718513145358727,0.4761099166816746,0.4556686832400816,0.46077898144721985,397300,0.0,0.0
2002-04-01 00:00:00-05:00,0.46844441551555555,0.4718512807429893,0.46418581367474476,0.47014784812927246,190400,0.0,0.0
2002-04-02 00:00:00-05:00,0.4718513706797101,0.4769616694949038,0.4701479377413122,0.47440654039382935,188900,0.0,0.0
2002-04-03 00:00:00-05:00,0.4709997655824362,0.476961761713028,0.4675928584338875,0.47696176171302795,192600,0.0,0.0
2002-04-04 00:00:00-05:00,0.476961761713028,0.47951693192117634,0.46844459537428784,0.47696176171302795,148300,0.0,0.0
2002-04-05 00:00:00-05:00,0.47696174776093897,0.4812203511122627,0.47696174776093897,0.48036861419677734,135400,0.0,0.0
2002-04-08 00:00:00-04:00,0.48570809533405274,0.48570809533405274,0.471067950791846,0.4788186252117157,178700,0.062,0.0
2002-04-09 00:00:00-04:00,0.48312408384676603,0.48312408384676603,0.47537341713905334,0.47537341713905334,100300,0.0,0.0
2002-04-10 00:00:00-04:00,0.4745125140319144,0.48226314391005576,0.4745125140319144,0.4796796143054962,198600,0.0,0.0
2002-04-11 00:00:00-04:00,0.48226321158097835,0.48226321158097835,0.4753737435828094,0.4770961105823517,72400,0.0,0.0
2002-04-12 00:00:00-04:00,0.47967976499830345,0.47967976499830345,0.4745126631014614,0.4779573976993561,130500,0.0,0.0
2002-04-15 00:00:00-04:00,0.47451266646385193,0.4779574010861559,0.472790258088224,0.47451266646385193,108600,0.0,0.0
2002-04-16 00:00:00-04:00,0.4753737435828094,0.4770961105823517,0.47192900958372497,0.4770961105823517,127900,0.0,0.0
2002-04-17 00:00:00-04:00,0.47709669115184233,0.47709669115184233,0.47279074788093567,0.47279074788093567,193500,0.0,0.0
2002-04-18 00:00:00-04:00,0.4753737435828094,0.4788184775818939,0.47365137658326717,0.4770961105823517,106100,0.0,0.0
2002-04-19 00:00:00-04:00,0.47365139696649683,0.4814020693302154,0.47365139696649683,0.48140206933021545,180800,0.0,0.0
2002-04-22 00:00:00-04:00,0.4796796182053989,0.4831243517491265,0.47709604751537166,0.48226314783096313,113900,0.0,0.0
2002-04-23 00:00:00-04:00,0.48226314391005576,0.48226314391005576,0.47709604363647395,0.4796796143054962,98000,0.0,0.0
2002-04-24 00:00:00-04:00,0.48226329541448665,0.48312449959619813,0.4745126631014614,0.4779573976993561,78000,0.0,0.0
2002-04-25 00:00:00-04:00,0.4762346205796615,0.4788181487726056,0.472789847881669,0.47537341713905334,145700,0.0,0.0
2002-04-26 00:00:00-04:00,0.47795698639643763,0.4788181487726056,0.47537341713905334,0.47537341713905334,83500,0.0,0.0
2002-04-29 00:00:00-04:00,0.4770961105823517,0.477957314614357,0.4745125806152725,0.4770961105823517,159300,0.0,0.0
2002-04-30 00:00:00-04:00,0.475373708903136,0.4779572797462058,0.4745125459984231,0.47623491287231445,109900,0.0,0.0
2002-05-01 00:00:00-04:00,0.47623496810922644,0.4831244364038784,0.47623496810922644,0.48140206933021545,136800,0.0,0.0
2002-05-02 00:00:00-04:00,0.48140198497726266,0.48570788137469073,0.4796796182053989,0.48226314783096313,123800,0.0,0.0
2002-05-03 00:00:00-04:00,0.48398535732007175,0.48829129338264465,0.4822629911079325,0.48829129338264465,98200,0.0,0.0
2002-05-06 00:00:00-04:00,0.4882916528729426,0.49087518356097476,0.48656928539276123,0.48656928539276123,125100,0.0,0.0
2002-05-07 00:00:00-04:00,0.487430448600612,0.48915281608079336,0.48054097867988643,0.48656928539276123,156800,0.0,0.0
2002-05-08 00:00:00-04:00,0.48656923225636095,0.48915276266225544,0.4814021303800966,0.4857080280780792,188300,0.0,0.0
2002-05-09 00:00:00-04:00,0.4893652336399038,0.4911067453015047,0.48501147524635807,0.486752986907959,90800,0.062,0.0
2002-05-10 00:00:00-04:00,0.4858821459677027,0.48762365739866226,0.48414063453674316,0.48414063453674316,70200,0.0,0.0
2002-05-13 00:00:00-04:00,0.48414019837258376,0.48414019837258376,0.4797864444779559,0.4815279543399811,149400,0.0,0.0
2002-05-14 00:00:00-04:00,0.480657611674824,0.4858821459677027,0.4797868767197981,0.48414063453674316,91000,0.0,0.0
2002-05-15 00:00:00-04:00,0.4832701213197456,0.48588236890430436,0.4815286090897309,0.4823993444442749,71900,0.0,0.0
2002-05-16 00:00:00-04:00,0.47978709685971616,0.48414085667428963,0.47978709685971616,0.4823993444442749,90100,0.0,0.0
2002-05-17 00:00:00-04:00,0.48065783221426017,0.4823993444442749,0.48065783221426017,0.4823993444442749,87100,0.0,0.0
2002-05-20 00:00:00-04:00,0.4806571786485333,0.4850109740640315,0.4806571786485333,0.4815279543399811,116500,0.0,0.0
2002-05-21 00:00:00-04:00,0.48065743432657027,0.48501123205800156,0.48065743432657027,0.48326972126960754,135200,0.0,0.0
2002-05-22 00:00:00-04:00,0.48414019837258376,0.4850109740640315,0.4797864444779559,0.4815279543399811,125600,0.0,0.0
2002-05-23 00:00:00-04:00,0.4806576669216156,0.4823991785527445,0.4806576669216156,0.4806576669216156,77700,0.0,0.0
2002-05-24 00:00:00-04:00,0.48065783221426017,0.4823993444442749,0.47978709685971616,0.4823993444442749,84200,0.0,0.0
2002-05-28 00:00:00-04:00,0.48239894511496434,0.4858819666917524,0.47978669969281945,0.48326972126960754,117300,0.0,0.0
2002-05-29 00:00:00-04:00,0.4841406901838734,0.4858822018150023,0.4806576669216156,0.4806576669216156,209900,0.0,0.0
2002-05-30 00:00:00-04:00,0.48326972126960754,0.4858819666917524,0.48065743432657027,0.48326972126960754,91100,0.0,0.0
2002-05-31 00:00:00-04:00,0.4832700358817484,0.4858822830044842,0.4823992591602235,0.4850115478038788,73400,0.0,0.0
2002-06-03 00:00:00-04:00,0.4876238811343191,0.4876238811343191,0.4823993444442749,0.4823993444442749,74500,0.0,0.0
2002-06-04 00:00:00-04:00,0.48326972126960754,0.48762347748014645,0.48152821048121347,0.48326972126960754,94100,0.0,0.0
2002-06-05 00:00:00-04:00,0.48326972126960754,0.48762347748014645,0.48065743432657027,0.48326972126960754,116100,0.0,0.0
2002-06-06 00:00:00-04:00,0.4823991231057836,0.4867529224436363,0.48152838815075766,0.48414063453674316,105500,0.0,0.0
2002-06-07 00:00:00-04:00,0.4823991231057836,0.48501141101267675,0.48152838815075766,0.48414063453674316,123200,0.0,0.0
2002-06-10 00:00:00-04:00,0.4799138871004577,0.48695853013494317,0.469346985532431,0.4772721827030182,218300,0.062,0.0
2002-06-11 00:00:00-04:00,0.47903318426003816,0.47903318426003816,0.46230224097648054,0.47110798954963684,158700,0.0,0.0
2002-06-12 00:00:00-04:00,0.4631825323518313,0.4631825323518313,0.4438098562365407,0.45085445046424866,286300,0.0,0.0
2002-06-13 00:00:00-04:00,0.44645220041275024,0.4534968041133684,0.44469104948759575,0.44645220041275024,149500,0.0,0.0
2002-06-14 00:00:00-04:00,0.44116864619789314,0.44469094723830765,0.4200347979662656,0.4297211468219757,464700,0.0,0.0
2002-06-17 00:00:00-04:00,0.4209153353375819,0.42884049057526585,0.4112289878369297,0.4138706922531128,389700,0.0,0.0
2002-06-18 00:00:00-04:00,0.4226763180502244,0.4261986172015498,0.40506478030447957,0.4068259298801422,354900,0.0,0.0
2002-06-19 00:00:00-04:00,0.4085871310522849,0.4121094306484071,0.4024231277536327,0.4094677269458771,253800,0.0,0.0
2002-06-20 00:00:00-04:00,0.40946786400908775,0.4173930197586278,0.40594556323392833,0.4112290143966675,133100,0.0,0.0
2002-06-21 00:00:00-04:00,0.40770651805098007,0.41210937091338007,0.39890077033706284,0.4033036231994629,292100,0.0,0.0
2002-06-24 00:00:00-04:00,0.3856923072050333,0.3997815101019393,0.3856923072050333,0.39890095591545105,411200,0.0,0.0
2002-06-25 00:00:00-04:00,0.39449790850157496,0.39890080372157605,0.39097560912122237,0.3980202078819275,262800,0.0,0.0
2002-06-26 00:00:00-04:00,0.3874533702533798,0.3874533702533798,0.364558378716225,0.36896127462387085,395900,0.0,0.0
2002-06-27 00:00:00-04:00,0.36896117417034063,0.3742446226275653,0.3575136815184626,0.37072232365608215,429800,0.0,0.0
2002-06-28 00:00:00-04:00,0.36543911288747566,0.3777671673060699,0.36543911288747566,0.37336426973342896,161600,0.0,0.0
2002-07-01 00:00:00-04:00,0.3724837154123867,0.3768866129850276,0.36808081783974567,0.37336426973342896,114200,0.0,0.0
2002-07-02 00:00:00-04:00,0.37336405164733827,0.37336405164733827,0.3434245084044863,0.35134968161582947,270500,0.0,0.0
2002-07-03 00:00:00-04:00,0.3495885673083978,0.358394337204607,0.33726049785152956,0.3504691421985626,271600,0.0,0.0
2002-07-05 00:00:00-04:00,0.35311082884989,0.3672000247378662,0.35311082884989,0.36455827951431274,114800,0.0,0.0
2002-07-08 00:00:00-04:00,0.3610359947693912,0.3724834878740325,0.3592748452139939,0.3636777400970459,175800,0.0,0.0
2002-07-09 00:00:00-04:00,0.359386682510376,0.3710086501911128,0.3584927079505963,0.359386682510376,278800,0.062,0.0
2002-07-10 00:00:00-04:00,0.3567049420715112,0.3620689423490552,0.34687098063936966,0.35223495960235596,247200,0.0,0.0
2002-07-11 00:00:00-04:00,0.3513407690529823,0.3567047450532914,0.34687078905272467,0.3531287610530853,180300,0.0,0.0
2002-07-12 00:00:00-04:00,0.35044677809689223,0.3558107541744048,0.3424007926660772,0.347764790058136,191100,0.0,0.0
2002-07-15 00:00:00-04:00,0.3441887385249291,0.34776474341149094,0.3316727960228644,0.339718759059906,432500,0.0,0.0
2002-07-16 00:00:00-04:00,0.3334607421480018,0.3459766829362552,0.3334607421480018,0.3424006998538971,187300,0.0,0.0
2002-07-17 00:00:00-04:00,0.34418866564373934,0.35491663540271423,0.34418866564373934,0.3495526611804962,158300,0.0,0.0
2002-07-18 00:00:00-04:00,0.35134053230285645,0.3549165138933944,0.348658546109953,0.35134053230285645,92500,0.0,0.0
2002-07-19 00:00:00-04:00,0.34865853895800436,0.34865853895800436,0.337036577712623,0.3459765315055847,208900,0.0,0.0
2002-07-22 00:00:00-04:00,0.33971870411598604,0.3406126998644015,0.32183876783313625,0.3325667381286621,320200,0.0,0.0
2002-07-23 00:00:00-04:00,0.32362666926386024,0.3272026725768515,0.30932274127003107,0.3182626962661743,331300,0.0,0.0
2002-07-24 00:00:00-04:00,0.29591270496176775,0.31200464078297935,0.28607875720768333,0.31111064553260803,381700,0.0,0.0
2002-07-25 00:00:00-04:00,0.31915693287809854,0.31915693287809854,0.3048529940781256,0.31647494435310364,202000,0.0,0.0
2002-07-26 00:00:00-04:00,0.31200474800935785,0.3388246360521909,0.31111075245174796,0.32452070713043213,330000,0.0,0.0
2002-07-29 00:00:00-04:00,0.32452074679337123,0.3540226251147548,0.32183873847821093,0.34865865111351013,289800,0.0,0.0
2002-07-30 00:00:00-04:00,0.34597664279834983,0.355810616448503,0.3441886514646016,0.34865865111351013,270500,0.0,0.0
2002-07-31 00:00:00-04:00,0.35312877508449736,0.3575987552623676,0.34865879490662716,0.3540227711200714,162800,0.0,0.0
2002-08-01 00:00:00-04:00,0.35312853621063844,0.36385650269513903,0.3495525544873157,0.35759851336479187,276700,0.0,0.0
2002-08-02 00:00:00-04:00,0.36564472636835255,0.36653870105385816,0.34955277705287924,0.3531287610530853,123000,0.0,0.0
2002-08-05 00:00:00-04:00,0.34508299032535417,0.3513409875317495,0.3397190109894946,0.3406130075454712,122500,0.0,0.0
2002-08-06 00:00:00-04:00,0.34061250127413134,0.34865847963329394,0.3307785537751329,0.33524852991104126,131300,0.0,0.0
2002-08-07 00:00:00-04:00,0.3441886913950762,0.3441886913950762,0.33614272945977036,0.3424006998538971,151400,0.0,0.0
2002-08-08 00:00:00-04:00,0.3443999553122398,0.34985219220405966,0.3334954815286001,0.34530866146087646,81600,0.062,0.0
2002-08-09 00:00:00-04:00,0.34167381959614446,0.34985217452049255,0.34076511349343913,0.34985217452049255,57800,0.0,0.0
2002-08-12 00:00:00-04:00,0.3498522079002978,0.3525783481337805,0.3462173831426736,0.3489435017108917,105500,0.0,0.0
2002-08-13 00:00:00-04:00,0.3462173482137006,0.34894346650688773,0.3362215811386811,0.3425825238227844,105700,0.0,0.0
2002-08-14 00:00:00-04:00,0.3389476939863893,0.3407651061526491,0.3334954574876098,0.3362215757369995,141400,0.0,0.0
2002-08-15 00:00:00-04:00,0.33258662251579907,0.3362214454397006,0.32986050532287287,0.33076921105384827,98400,0.0,0.0
2002-08-16 00:00:00-04:00,0.330769401459386,0.3371303452378551,0.330769401459386,0.33531293272972107,97800,0.0,0.0
2002-08-19 00:00:00-04:00,0.33622108180968685,0.3443994245434196,0.33622108180968685,0.34349071979522705,145300,0.0,0.0
2002-08-20 00:00:00-04:00,0.34439995884895325,0.34439995884895325,0.33894772190114325,0.34439995884895325,103000,0.0,0.0
2002-08-21 00:00:00-04:00,0.3444001296693712,0.346217542886734,0.33894789001728276,0.346217542886734,143500,0.0,0.0
2002-08-22 00:00:00-04:00,0.34803497144726697,0.358030766248703,0.3453088515010414,0.358030766248703,160800,0.0,0.0
2002-08-23 00:00:00-04:00,0.35803062213699,0.3671176849667545,0.3553045032880606,0.3662090003490448,227400,0.0,0.0
2002-08-26 00:00:00-04:00,0.36711745832228376,0.3716610085974162,0.36439136282160967,0.36893486976623535,145800,0.0,0.0
2002-08-27 00:00:00-04:00,0.36802643103001015,0.3825657322732875,0.36802643103001015,0.37438735365867615,201100,0.0,0.0
2002-08-28 00:00:00-04:00,0.3762045204639435,0.3789306593307905,0.3707522860607568,0.3762045204639435,140300,0.0,0.0
2002-08-29 00:00:00-04:00,0.37802201826136467,0.3852916657924652,0.3752959221024606,0.3852916657924652,151700,0.0,0.0
2002-08-30 00:00:00-04:00,0.3852916125958218,0.3862003400770013,0.3789306935496101,0.383474200963974,91700,0.0,0.0
2002-09-03 00:00:00-04:00,0.37802200331007063,0.3852916505536465,0.3752959072589874,0.3752959072589874,98400,0.0,0.0
2002-09-04 00:00:00-04:00,0.3798394616628558,0.3798394616628558,0.3752959532441606,0.3789307773113251,115500,0.0,0.0
2002-09-05 00:00:00-04:00,0.3798394569079108,0.3807481845785866,0.3743872208754168,0.37802204489707947,196000,0.0,0.0
2002-09-06 00:00:00-04:00,0.38189634895737506,0.38189634895737506,0.3726718079653768,0.3735942840576172,131500,0.062,0.0
2002-09-09 00:00:00-04:00,0.3726719012486522,0.3763617185690474,0.36990456025140184,0.37543928623199463,121500,0.0,0.0
2002-09-10 00:00:00-04:00,0.3754393845429088,0.3782067262648032,0.37082708969161343,0.37636181712150574,78700,0.0,0.0
2002-09-11 00:00:00-04:00,0.37267199883491087,0.37728429368620625,0.37174956625631395,0.37636181712150574,85900,0.0,0.0
2002-09-12 00:00:00-04:00,0.36990459075657384,0.37820665841906925,0.36990459075657384,0.3726719319820404,74000,0.0,0.0
2002-09-13 00:00:00-04:00,0.37082708969161343,0.3782067262648032,0.37082708969161343,0.37636181712150574,84100,0.0,0.0
2002-09-16 00:00:00-04:00,0.3772840297347596,0.37820646166801447,0.3735942140295944,0.3782064616680145,60400,0.0,0.0
2002-09-17 00:00:00-04:00,0.3699046571130165,0.37636181712150574,0.3699046571130165,0.37636181712150574,121300,0.0,0.0
2002-09-18 00:00:00-04:00,0.37451665620678637,0.3763615641098317,0.3699044084422102,0.3708268404006958,89000,0.0,0.0
2002-09-19 00:00:00-04:00,0.3699044084422102,0.37820647201287694,0.3699044084422102,0.3708268404006958,84900,0.0,0.0
2002-09-20 00:00:00-04:00,0.3699044084422102,0.37451665620678637,0.3689819324976505,0.3708268404006958,126600,0.0,0.0
2002-09-23 00:00:00-04:00,0.3708269898912585,0.3717494662076938,0.36436980962753296,0.36436980962753296,84700,0.0,0.0
2002-09-24 00:00:00-04:00,0.36436918872763846,0.3662140942306233,0.32747103468192507,0.34868746995925903,278900,0.0,0.0
2002-09-25 00:00:00-04:00,0.3468428712916919,0.3597572432303257,0.3468428712916919,0.35698986053466797,143900,0.0,0.0
2002-09-26 00:00:00-04:00,0.3662147182743117,0.3662147182743117,0.3606799923339755,0.36436980962753296,67700,0.0,0.0
2002-09-27 00:00:00-04:00,0.3680596269210904,0.3680596269210904,0.3606799923339755,0.36436980962753296,100900,0.0,0.0
2002-09-30 00:00:00-04:00,0.3680596269210904,0.3680596269210904,0.36252490098075424,0.36436980962753296,64600,0.0,0.0
2002-10-01 00:00:00-04:00,0.36529226395092235,0.36713717259770107,0.36252490098075424,0.36436980962753296,100900,0.0,0.0
2002-10-02 00:00:00-04:00,0.3652921166915599,0.3708268404006958,0.362524754836992,0.3708268404006958,92700,0.0,0.0
2002-10-03 00:00:00-04:00,0.37359422424830074,0.37359422424830074,0.3652921166915599,0.3708268404006958,96100,0.0,0.0
2002-10-04 00:00:00-04:00,0.36713730598844524,0.3699046919571241,0.36068012337865357,0.36344748735427856,213100,0.0,0.0
2002-10-07 00:00:00-04:00,0.3597574829844841,0.36067993716678104,0.34684310243928457,0.3505329191684723,197300,0.0,0.0
2002-10-08 00:00:00-04:00,0.3460319920792927,0.35447178858445344,0.33759217321628515,0.35165852308273315,116900,0.062,0.0
2002-10-09 00:00:00-04:00,0.3422805556473168,0.34415606370364565,0.3216499446698794,0.3225876986980438,180600,0.0,0.0
2002-10-10 00:00:00-04:00,0.31883692331195873,0.32821447067378956,0.31883692331195873,0.32352569699287415,167600,0.0,0.0
2002-10-11 00:00:00-04:00,0.32633860580989477,0.34509370246658766,0.3216498372351746,0.3413426876068115,192000,0.0,0.0
2002-10-14 00:00:00-04:00,0.3319653031274346,0.34415613020710234,0.32915204049931684,0.33290305733680725,97300,0.0,0.0
2002-10-15 00:00:00-04:00,0.3300896824420348,0.34040499759462006,0.3300896824420348,0.3338406980037689,119900,0.0,0.0
2002-10-16 00:00:00-04:00,0.34321844068503354,0.34321844068503354,0.3282143481493863,0.33852964639663696,75400,0.0,0.0
2002-10-17 00:00:00-04:00,0.3422805248848101,0.34696929460422854,0.3385294867514578,0.3450937867164612,115700,0.0,0.0
2002-10-18 00:00:00-04:00,0.3469691428623111,0.3469691428623111,0.3385293387005661,0.3404048681259155,127400,0.0,0.0
2002-10-21 00:00:00-04:00,0.3460314561815317,0.35072022475625186,0.3413426876068115,0.3413426876068115,174400,0.0,0.0
2002-10-22 00:00:00-04:00,0.33852964089124904,0.34696945258684675,0.3291520971826158,0.33759188652038574,210300,0.0,0.0
2002-10-23 00:00:00-04:00,0.3404052212633604,0.3404052212633604,0.3300898993329265,0.3357164263725281,62800,0.0,0.0
2002-10-24 00:00:00-04:00,0.3385293387005661,0.3413426216596863,0.33571607809925375,0.3404048681259155,116000,0.0,0.0
2002-10-25 00:00:00-04:00,0.34040503360874086,0.34509380355697034,0.33290297933375496,0.33946725726127625,175500,0.0,0.0
2002-10-28 00:00:00-05:00,0.34040529178376694,0.3488450840916074,0.34040529178376694,0.3469695746898651,100800,0.0,0.0
2002-10-29 00:00:00-05:00,0.34790713733595446,0.3516581540687696,0.34696938315275067,0.34978264570236206,87400,0.0,0.0
2002-10-30 00:00:00-05:00,0.3497828297160101,0.3507205843925476,0.34696956568639764,0.3507205843925476,71600,0.0,0.0
2002-10-31 00:00:00-05:00,0.3516581108969307,0.3629111597138786,0.3488448486926937,0.35728463530540466,292000,0.0,0.0
2002-11-01 00:00:00-05:00,0.34790712803286256,0.36947549602763136,0.34790712803286256,0.362911194562912,183100,0.0,0.0
2002-11-04 00:00:00-05:00,0.36478669020785714,0.36759995241209414,0.3525958649650097,0.35728463530540466,189100,0.0,0.0
2002-11-05 00:00:00-05:00,0.35822246040851746,0.3629112316786895,0.35822246040851746,0.3591602146625519,126400,0.0,0.0
2002-11-06 00:00:00-05:00,0.35172557830810547,0.35839787278495105,0.3498192084575782,0.35172557830810547,268500,0.062,0.0
2002-11-07 00:00:00-05:00,0.3583974945556742,0.3583974945556742,0.34600610360431033,0.35077202320098877,170300,0.0,0.0
2002-11-08 00:00:00-05:00,0.3469596333240997,0.3555382971481236,0.3460064484547637,0.34791281819343567,130300,0.0,0.0
2002-11-11 00:00:00-05:00,0.3469595569467002,0.3555382188822738,0.346006372287192,0.34886592626571655,116900,0.0,0.0
2002-11-12 00:00:00-05:00,0.3555381487402504,0.3555381487402504,0.34600630402565,0.34600630402565,150700,0.0,0.0
2002-11-13 00:00:00-05:00,0.3440999337312224,0.3507722481716123,0.3383808265472126,0.33933401107788086,153600,0.0,0.0
2002-11-14 00:00:00-05:00,0.34124035394943497,0.34314672286446013,0.33552124720435966,0.33742761611938477,184600,0.0,0.0
2002-11-15 00:00:00-05:00,0.3383808265472126,0.34314674920055405,0.33456808842453933,0.33933401107788086,163500,0.0,0.0
2002-11-18 00:00:00-05:00,0.33933398999971937,0.34695948849711006,0.33933398999971937,0.34600630402565,134600,0.0,0.0
2002-11-19 00:00:00-05:00,0.3469595322852924,0.3469595322852924,0.3412404020090364,0.34314677119255066,111900,0.0,0.0
2002-11-20 00:00:00-05:00,0.3469594083677895,0.35077214537308854,0.3383807273801615,0.3450530171394348,131800,0.0,0.0
2002-11-21 00:00:00-05:00,0.34219346438546056,0.3517253296244133,0.34219346438546056,0.3450530171394348,169200,0.0,0.0
2002-11-22 00:00:00-05:00,0.3498189059906064,0.3583975629005403,0.3498189059906064,0.355538010597229,227300,0.0,0.0
2002-11-25 00:00:00-05:00,0.36125702203317583,0.3755548025879378,0.3574442866120915,0.37364843487739563,242400,0.0,0.0
2002-11-26 00:00:00-05:00,0.37841446541966867,0.3831803860973567,0.3755549130130559,0.3793676495552063,243200,0.0,0.0
2002-11-27 00:00:00-05:00,0.38127419919710803,0.3946187834426074,0.38127419919710803,0.39271241426467896,228300,0.0,0.0
2002-11-29 00:00:00-05:00,0.3946186143840042,0.40415045619010925,0.39366545292909716,0.40415045619010925,122600,0.0,0.0
2002-12-02 00:00:00-05:00,0.400337979608389,0.40510392633407033,0.383180653208522,0.4031975567340851,292400,0.0,0.0
2002-12-03 00:00:00-05:00,0.40224426015432135,0.40224426015432135,0.3898528832234994,0.39271241426467896,160300,0.0,0.0
2002-12-04 00:00:00-05:00,0.3967766592066725,0.39967992342621717,0.38032495937574073,0.38516369462013245,147800,0.062,0.0
2002-12-05 00:00:00-05:00,0.3832282005223758,0.39097017691340247,0.38032495937574073,0.38516369462013245,105600,0.0,0.0
2002-12-06 00:00:00-05:00,0.38129291945512284,0.3890349001716378,0.38129291945512284,0.3841961622238159,97800,0.0,0.0
2002-12-09 00:00:00-05:00,0.38613140568698523,0.38613140568698523,0.3764539361000061,0.3764539361000061,103600,0.0,0.0
2002-12-10 00:00:00-05:00,0.38322817689692085,0.38322817689692085,0.37451843092104925,0.3793571889400482,111200,0.0,0.0
2002-12-11 00:00:00-05:00,0.37645409145711795,0.3832283229636298,0.37258307895190845,0.3754863440990448,150700,0.0,0.0
2002-12-12 00:00:00-05:00,0.3735511605715212,0.38226091766077264,0.3725834123474864,0.3783899247646332,168600,0.0,0.0
2002-12-13 00:00:00-05:00,0.3764542311140851,0.38032522198243757,0.36967997402154273,0.371615469455719,141600,0.0,0.0
2002-12-16 00:00:00-05:00,0.37064769864082336,0.38032519828155326,0.36967995098404277,0.37064769864082336,193700,0.0,0.0
2002-12-17 00:00:00-05:00,0.370647805911811,0.38129305629021526,0.370647805911811,0.3774220645427704,190600,0.0,0.0
2002-12-18 00:00:00-05:00,0.37355070740983887,0.3793572127830002,0.3687119721596291,0.369679719209671,292400,0.0,0.0
2002-12-19 00:00:00-05:00,0.3716151833564216,0.37645394128952214,0.3648409545521517,0.37451842427253723,248200,0.0,0.0
2002-12-20 00:00:00-05:00,0.3812928136683097,0.3851638029525904,0.3745185593479023,0.3822605609893799,251400,0.0,0.0
2002-12-23 00:00:00-05:00,0.38516369462013245,0.3870991887178891,0.3764539711802274,0.38516369462013245,155000,0.0,0.0
2002-12-24 00:00:00-05:00,0.3851638901810617,0.3890348803420096,0.3822606475603507,0.38709938526153564,162400,0.0,0.0
2002-12-26 00:00:00-05:00,0.3863131844433131,0.39122810568331595,0.3784492870231154,0.3853302001953125,147500,0.062,0.0
2002-12-27 00:00:00-05:00,0.384346765975227,0.3853297490724049,0.37451691156728184,0.37844884395599365,250300,0.0,0.0
2002-12-30 00:00:00-05:00,0.37746639341516,0.37844937789920213,0.3715684865109072,0.37255147099494934,356900,0.0,0.0
2002-12-31 00:00:00-05:00,0.37353445547899145,0.37844937789920213,0.3696025175428229,0.37255147099494934,340200,0.0,0.0
2003-01-02 00:00:00-05:00,0.3715680109394976,0.38729576599035276,0.3715680109394976,0.3863127827644348,132700,0.0,0.0
2003-01-03 00:00:00-05:00,0.39221112373319916,0.39319410806591615,0.3833642647387463,0.3912281394004822,128700,0.0,0.0
2003-01-06 00:00:00-05:00,0.395159722973754,0.40302359059554443,0.3941767629572044,0.40204063057899475,231300,0.0,0.0
2003-01-07 00:00:00-05:00,0.40204061080777526,0.4040065776165422,0.3981086771902414,0.4030235707759857,186500,0.0,0.0
2003-01-08 00:00:00-05:00,0.3990916988436754,0.40793857428670827,0.3990916988436754,0.4049896001815796,171500,0.0,0.0
2003-01-09 00:00:00-05:00,0.40400661988540526,0.4177683889865875,0.40400661988540526,0.4177683889865875,282300,0.0,0.0
2003-01-10 00:00:00-05:00,0.4158026259799758,0.4158026259799758,0.40695574663815487,0.41383665800094604,254400,0.0,0.0
2003-01-13 00:00:00-05:00,0.4138365508232907,0.4177684857630362,0.40990461588354515,0.41678547859191895,177800,0.0,0.0
2003-01-14 00:00:00-05:00,0.4177683889865875,0.4187513959299903,0.41285344801427554,0.4177683889865875,218900,0.0,0.0
2003-01-15 00:00:00-05:00,0.41776836209729734,0.41973432898521423,0.4148193883292481,0.41973432898521423,122700,0.0,0.0
2003-01-16 00:00:00-05:00,0.4197344532329089,0.42268342787389895,0.41580251829316345,0.41678547859191895,234300,0.0,0.0
2003-01-17 00:00:00-05:00,0.41580251829316345,0.4217004207027817,0.41580251829316345,0.41678547859191895,274700,0.0,0.0
2003-01-21 00:00:00-05:00,0.4177684413263102,0.4217003758478281,0.41481946699899336,0.41875144839286804,210100,0.0,0.0
2003-01-22 00:00:00-05:00,0.41580242633772624,0.41776839337282196,0.4108874853138113,0.4148194193840027,153700,0.0,0.0
2003-01-23 00:00:00-05:00,0.41776836209729734,0.4217002958731311,0.41580239520938045,0.41973432898521423,191900,0.0,0.0
2003-01-24 00:00:00-05:00,0.4167853186810302,0.4207172989845276,0.4158023587594137,0.4207172989845276,223900,0.0,0.0
2003-01-27 00:00:00-05:00,0.4197346511953498,0.4197346511953498,0.40793884081277126,0.4118707776069641,208400,0.0,0.0
2003-01-28 00:00:00-05:00,0.4089215450576947,0.412853479385376,0.406955577893854,0.412853479385376,181400,0.0,0.0
2003-01-29 00:00:00-05:00,0.41776839092139856,0.4472579431471436,0.4138364568742794,0.44627493619918823,567900,0.0,0.0
2003-01-30 00:00:00-05:00,0.4423428742119674,0.44332588087560487,0.43054707548234256,0.43546196818351746,333600,0.0,0.0
2003-01-31 00:00:00-05:00,0.43546223641466997,0.4511900246143341,0.43349626874875774,0.4511900246143341,261200,0.0,0.0
2003-02-03 00:00:00-05:00,0.4511900246143341,0.45610492034293143,0.4472580892825097,0.4511900246143341,404100,0.0,0.0
2003-02-04 00:00:00-05:00,0.4521730763545338,0.454139044417591,0.44725817963307885,0.45315608382225037,335200,0.0,0.0
2003-02-05 00:00:00-05:00,0.45217329263687134,0.4561052306436999,0.4482413546300428,0.45217329263687134,239400,0.0,0.0
2003-02-06 00:00:00-05:00,0.44824090322274784,0.4531558442178224,0.43349612710987534,0.44627493619918823,287400,0.0,0.0
2003-02-07 00:00:00-05:00,0.44647425374393324,0.44647425374393324,0.42953214283397656,0.43052875995635986,197100,0.062,0.0
2003-02-10 00:00:00-05:00,0.43351860274586573,0.4404947814299832,0.4235526671409332,0.43750497698783875,294900,0.0,0.0
2003-02-11 00:00:00-05:00,0.43750462555862474,0.43850124207924224,0.4255455124389623,0.43551144003868103,215500,0.0,0.0
2003-02-12 00:00:00-05:00,0.42554567849101704,0.43750479627724326,0.42554567849101704,0.4295320510864258,218600,0.0,0.0
2003-02-13 00:00:00-05:00,0.42953230826065913,0.43949824571609497,0.4285357382757847,0.43949824571609497,204900,0.0,0.0
2003-02-14 00:00:00-05:00,0.4355116913545074,0.4524538018112676,0.4355116913545074,0.4514572322368622,255800,0.0,0.0
2003-02-18 00:00:00-05:00,0.4504604677657187,0.4504604677657187,0.43850135165755966,0.44747066497802734,203800,0.0,0.0
2003-02-19 00:00:00-05:00,0.4474710029463078,0.44946423799109864,0.44348462789940424,0.44647443294525146,186400,0.0,0.0
2003-02-20 00:00:00-05:00,0.4514573572556944,0.4534505444777829,0.4434845608460086,0.44846755266189575,202400,0.0,0.0
2003-02-21 00:00:00-05:00,0.4484677034297172,0.4514575090286417,0.4414915220464586,0.4494643211364746,186600,0.0,0.0
2003-02-24 00:00:00-05:00,0.44448117821771876,0.4514573572556944,0.44448117821771876,0.44846755266189575,272000,0.0,0.0
2003-02-25 00:00:00-05:00,0.45145750125492845,0.452454071423178,0.43052900498687136,0.4414915144443512,359200,0.0,0.0
2003-02-26 00:00:00-05:00,0.4514575090286417,0.4534506969208087,0.44547789783079267,0.4494643211364746,296700,0.0,0.0
2003-02-27 00:00:00-05:00,0.45743675582049265,0.4654095018661223,0.449464009774863,0.4614231288433075,267300,0.0,0.0
2003-02-28 00:00:00-05:00,0.4624200761318207,0.46341669396241053,0.45644051171234257,0.4624200761318207,235500,0.0,0.0
2003-03-03 00:00:00-05:00,0.4624198518122774,0.46839941333107443,0.45943009481354424,0.4664062261581421,237600,0.0,0.0
2003-03-04 00:00:00-05:00,0.4713894724845886,0.4713894724845886,0.46042691335108016,0.4713894724845886,300800,0.0,0.0
2003-03-05 00:00:00-05:00,0.47138898452642336,0.47736854308550164,0.4693957983400639,0.47637197375297546,291300,0.0,0.0
2003-03-06 00:00:00-05:00,0.475375616621488,0.4813551784475109,0.47437904674448406,0.478365421295166,374500,0.0,0.0
2003-03-07 00:00:00-05:00,0.4775578081607818,0.4775578081607818,0.4644325292046062,0.47755780816078186,236000,0.062,0.0
2003-03-10 00:00:00-05:00,0.47957722982998846,0.488663971695752,0.47553868858814,0.47856757044792175,289000,0.0,0.0
2003-03-11 00:00:00-05:00,0.4826058345467509,0.4866443730665415,0.4785672478837835,0.4856347143650055,240800,0.0,0.0
2003-03-12 00:00:00-05:00,0.4805867372057431,0.48361561810751047,0.4775578081607818,0.47755780816078186,242300,0.0,0.0
2003-03-13 00:00:00-05:00,0.47755763732542417,0.4856347143650055,0.47452870936399283,0.4856347143650055,249100,0.0,0.0
2003-03-14 00:00:00-05:00,0.47957705099958364,0.48361559073549326,0.475538511263674,0.48159632086753845,170900,0.0,0.0
2003-03-17 00:00:00-05:00,0.48260593039708516,0.499769698443502,0.47755773217313613,0.49674081802368164,343900,0.0,0.0
2003-03-18 00:00:00-05:00,0.4977505182448421,0.49976978826871427,0.48967343814935343,0.4937119781970978,369800,0.0,0.0
2003-03-19 00:00:00-05:00,0.4967407157249983,0.4997695955210518,0.4957310570308629,0.4987599849700928,211800,0.0,0.0
2003-03-20 00:00:00-05:00,0.49876044731885827,0.5088568029036082,0.4947219050849583,0.5048182606697083,248300,0.0,0.0
2003-03-21 00:00:00-05:00,0.5078469557826932,0.5179433066828744,0.4997698269193498,0.5159240365028381,532200,0.0,0.0
2003-03-24 00:00:00-05:00,0.5068369260781757,0.5149140008932599,0.4947213138555491,0.5108754634857178,446400,0.0,0.0
2003-03-25 00:00:00-05:00,0.5048183821211962,0.5128954685322182,0.5007798389156853,0.5017894506454468,330400,0.0,0.0
2003-03-26 00:00:00-05:00,0.5088564810129693,0.5169335603713989,0.5017890125027482,0.5169335603713989,249400,0.0,0.0
2003-03-27 00:00:00-05:00,0.5219816731995333,0.5452032966077023,0.5149142058515922,0.5240009427070618,528700,0.0,0.0
2003-03-28 00:00:00-05:00,0.5240006208560821,0.5290487674526461,0.5209716943836213,0.5280391573905945,262500,0.0,0.0
2003-03-31 00:00:00-05:00,0.5290492730759018,0.5290492730759018,0.5199625812604876,0.5209721922874451,372400,0.0,0.0
2003-04-01 00:00:00-05:00,0.5260201692581177,0.5300587079433747,0.524000899915489,0.5260201692581177,281800,0.0,0.0
2003-04-02 00:00:00-05:00,0.5290494977828173,0.5330880880355835,0.526020615272267,0.5330880880355835,382800,0.0,0.0
2003-04-03 00:00:00-05:00,0.5340972129510367,0.5401550205969463,0.5310683331996698,0.5391454100608826,370500,0.0,0.0
2003-04-04 00:00:00-05:00,0.5492415250260916,0.5502511351373289,0.5330873781010509,0.5472222566604614,355900,0.0,0.0
2003-04-07 00:00:00-04:00,0.5545758045705484,0.5576397808169051,0.5208723093618756,0.543341338634491,441200,0.062,0.0
2003-04-08 00:00:00-04:00,0.5382348411886687,0.5494693581919209,0.5270003241854164,0.5290429592132568,318200,0.0,0.0
2003-04-09 00:00:00-04:00,0.5270001627713651,0.5361920419314107,0.5270001627713651,0.5310854315757751,248700,0.0,0.0
2003-04-10 00:00:00-04:00,0.5351710582645488,0.5402776720351247,0.5300644931942512,0.5372137427330017,264400,0.0,0.0
2003-04-11 00:00:00-04:00,0.541298811843187,0.5484480100081178,0.5372135418345807,0.5464053750038147,198200,0.0,0.0
2003-04-14 00:00:00-04:00,0.5464057177407924,0.5484483540263541,0.5392565150914719,0.5443630814552307,219600,0.0,0.0
2003-04-15 00:00:00-04:00,0.5443626315831097,0.5484479007780851,0.5412987040370032,0.543341338634491,186400,0.0,0.0
2003-04-16 00:00:00-04:00,0.5443625878751003,0.547426563875444,0.5382346845746592,0.5423199534416199,203100,0.0,0.0
2003-04-17 00:00:00-04:00,0.5464051112965312,0.553554354711338,0.5423198432595664,0.5504903793334961,392000,0.0,0.0
2003-04-21 00:00:00-04:00,0.5525335226223786,0.5545761585235596,0.5494695931207481,0.5545761585235596,261800,0.0,0.0
2003-04-22 00:00:00-04:00,0.5545762608319268,0.5617255121550961,0.5545762608319268,0.5555976033210754,425400,0.0,0.0
2003-04-23 00:00:00-04:00,0.5596828758770893,0.5607041696659476,0.5525336245539199,0.5555976033210754,271300,0.0,0.0
2003-04-24 00:00:00-04:00,0.5259793280445062,0.5300646004071585,0.4851265557176953,0.5014676451683044,1388500,0.0,0.0
2003-04-25 00:00:00-04:00,0.4881904581918044,0.49533965936116836,0.4820625019033775,0.4830838441848755,1244900,0.0,0.0
2003-04-28 00:00:00-04:00,0.485126339974893,0.5075953279771919,0.485126339974893,0.5065740346908569,592000,0.0,0.0
2003-04-29 00:00:00-04:00,0.5167871439990215,0.5249576840305854,0.5137232158373151,0.52393639087677,537200,0.0,0.0
2003-04-30 00:00:00-04:00,0.5229150541297357,0.534149571132988,0.5229150541297357,0.5290429592132568,280500,0.0,0.0
2003-05-01 00:00:00-04:00,0.529043122509064,0.5310857581673896,0.5178086507384114,0.5270004868507385,263500,0.0,0.0
2003-05-02 00:00:00-04:00,0.5239364388216962,0.5321069796009386,0.5239364388216962,0.5300643444061279,183800,0.0,0.0
2003-05-05 00:00:00-04:00,0.5351708590700404,0.5351708590700404,0.5188297790069125,0.52393639087677,276400,0.0,0.0
2003-05-06 00:00:00-04:00,0.5217711749677562,0.523833509684232,0.5093971666689014,0.5155841708183289,585800,0.049,0.0
2003-05-07 00:00:00-04:00,0.5155837387754783,0.5207395958311918,0.49599155080162244,0.5021785497665405,369900,0.0,0.0
2003-05-08 00:00:00-04:00,0.5001165092381212,0.5063035118210965,0.48671131239004556,0.49908536672592163,567900,0.0,0.0
2003-05-09 00:00:00-04:00,0.5042411140193122,0.5063034479534843,0.4908359680321533,0.49496063590049744,242100,0.0,0.0
2003-05-12 00:00:00-04:00,0.49496101094658174,0.503210352934032,0.49496101094658174,0.5001168251037598,253800,0.0,0.0
2003-05-13 00:00:00-04:00,0.5011474834409738,0.5063032921043954,0.4990851501416243,0.5052721500396729,195500,0.0,0.0
2003-05-14 00:00:00-04:00,0.5052718634367633,0.5155835240844776,0.5021783406575108,0.5032095313072205,307900,0.0,0.0
2003-05-15 00:00:00-04:00,0.507334629511139,0.5114592972982279,0.5011476278305054,0.5011476278305054,174600,0.0,0.0
2003-05-16 00:00:00-04:00,0.5021787701923184,0.507334629511139,0.4980541024052293,0.5011476278305054,249900,0.0,0.0
2003-05-19 00:00:00-04:00,0.5063035632904246,0.5124905665023523,0.5021788944824728,0.5093970894813538,245300,0.0,0.0
2003-05-20 00:00:00-04:00,0.5104285158535968,0.5155843793147273,0.507335037112885,0.5114597082138062,290400,0.0,0.0
2003-05-21 00:00:00-04:00,0.5124912261962891,0.5155847563693022,0.5083665520789341,0.5124912261962891,129600,0.0,0.0
2003-05-22 00:00:00-04:00,0.5145529929104955,0.5155841848818301,0.5093971805636409,0.5135218501091003,164400,0.0,0.0
2003-05-23 00:00:00-04:00,0.515583963573844,0.5197086313488413,0.5114592957988467,0.5145527720451355,247200,0.0,0.0
2003-05-27 00:00:00-04:00,0.5124912261962891,0.5176470934279797,0.5104288891376116,0.5124912261962891,185500,0.0,0.0
2003-05-28 00:00:00-04:00,0.5155841708183289,0.5186776974780116,0.5124906441586461,0.5155841708183289,254800,0.0,0.0
2003-05-29 00:00:00-04:00,0.5155841708183289,0.5155841708183289,0.5135218361018531,0.5155841708183289,132800,0.0,0.0
2003-05-30 00:00:00-04:00,0.515583963573844,0.5186774889900512,0.5135216296863454,0.5145527720451355,277400,0.0,0.0
2003-06-02 00:00:00-04:00,0.5145527872062662,0.5258956485066816,0.5135216448170938,0.517646312713623,384100,0.0,0.0
2003-06-03 00:00:00-04:00,0.519709018712674,0.5207402110099792,0.5155843478633636,0.5207402110099792,178000,0.0,0.0
2003-06-04 00:00:00-04:00,0.5197086334228516,0.5207398249556753,0.5155839656313939,0.5197086334228516,181000,0.0,0.0
2003-06-05 00:00:00-04:00,0.5176465055348046,0.5197088402512804,0.5145529788751219,0.5155841708183289,260700,0.0,0.0
2003-06-06 00:00:00-04:00,0.5113146113924107,0.5144387552002627,0.5061077712547656,0.5092318654060364,316700,0.049,0.0
2003-06-09 00:00:00-04:00,0.5092318396077147,0.5123559832572937,0.5050663478459951,0.5123559832572937,210200,0.0,0.0
2003-06-10 00:00:00-04:00,0.5123556920735751,0.5196452736854553,0.5102729473763878,0.5196452736854553,233600,0.0,0.0
2003-06-11 00:00:00-04:00,0.5196458475481975,0.5206872458751183,0.5133976065564887,0.5165217518806458,122900,0.0,0.0
2003-06-12 00:00:00-04:00,0.515480654439804,0.5196461508656769,0.515480654439804,0.5175634026527405,140200,0.0,0.0
2003-06-13 00:00:00-04:00,0.5186042974784357,0.5217284415893346,0.5165215512900317,0.5206870436668396,197600,0.0,0.0
2003-06-16 00:00:00-04:00,0.5206875498004624,0.5227702980133988,0.5165220533745893,0.5175634026527405,167700,0.0,0.0
2003-06-17 00:00:00-04:00,0.518603926165137,0.5196452736854553,0.5165211814679497,0.5196452736854553,192500,0.0,0.0
2003-06-18 00:00:00-04:00,0.5175628995559407,0.5227697898552436,0.5165215512900317,0.5206870436668396,138400,0.0,0.0
2003-06-19 00:00:00-04:00,0.5206875498004624,0.5227702980133988,0.5165220533745893,0.5175634026527405,147400,0.0,0.0
2003-06-20 00:00:00-04:00,0.5206867853008148,0.521728182706566,0.5165212949909332,0.518604040145874,338700,0.0,0.0
2003-06-23 00:00:00-04:00,0.5206867038826708,0.5206867038826708,0.5102729797363281,0.5102729797363281,334700,0.0,0.0
2003-06-24 00:00:00-04:00,0.5123559832572937,0.5175628231311538,0.5102732373764339,0.5123559832572937,166400,0.0,0.0
2003-06-25 00:00:00-04:00,0.5175624071877406,0.5196451513947854,0.5102728272913534,0.5133969187736511,274200,0.0,0.0
2003-06-26 00:00:00-04:00,0.515480077250294,0.515480077250294,0.5113145854885744,0.5123559832572937,220000,0.0,0.0
2003-06-27 00:00:00-04:00,0.5123559832572937,0.515480077250294,0.5092318396077147,0.5123559832572937,201500,0.0,0.0
2003-06-30 00:00:00-04:00,0.5154796629806959,0.5206865483265772,0.5113141745666064,0.5133969187736511,365300,0.0,0.0
2003-07-01 00:00:00-04:00,0.5113144268653582,0.5165213147804831,0.5113144268653582,0.5144385695457458,158900,0.0,0.0
2003-07-02 00:00:00-04:00,0.5144393051616529,0.5186048015875259,0.5144393051616529,0.5175634026527405,205400,0.0,0.0
2003-07-03 00:00:00-04:00,0.5175631005509612,0.5196458475481975,0.515480353553725,0.5165217518806458,128800,0.0,0.0
2003-07-07 00:00:00-04:00,0.5175634026527405,0.5196461508656769,0.515480654439804,0.5175634026527405,264500,0.0,0.0
2003-07-08 00:00:00-04:00,0.5164063024760166,0.522716760635376,0.5164063024760166,0.522716760635376,445600,0.049,0.0
2003-07-09 00:00:00-04:00,0.5206129116815036,0.5227163962683591,0.5164059425077926,0.5216646790504456,171400,0.0,0.0
2003-07-10 00:00:00-04:00,0.5216646560256911,0.5216646560256911,0.5121989507271157,0.5195611715316772,442300,0.0,0.0
2003-07-11 00:00:00-04:00,0.5195608246501902,0.5195608246501902,0.51325037538128,0.5153538584709167,164600,0.0,0.0
2003-07-14 00:00:00-04:00,0.5143025517463684,0.5185095216875668,0.5143025517463684,0.5143025517463684,172500,0.0,0.0
2003-07-15 00:00:00-04:00,0.5143022465517592,0.5174574972108041,0.5121987628293985,0.5132505297660828,206400,0.0,0.0
2003-07-16 00:00:00-04:00,0.512198580880217,0.512198580880217,0.49852591646633276,0.5027329325675964,308700,0.0,0.0
2003-07-17 00:00:00-04:00,0.5006296780415095,0.5027331619765152,0.4806465555834479,0.48906049132347107,514600,0.0,0.0
2003-07-18 00:00:00-04:00,0.4890604025354449,0.5079917545135446,0.48590515213025975,0.4995778203010559,181400,0.0,0.0
2003-07-21 00:00:00-04:00,0.4995776465923937,0.5048363787221818,0.49431891446260545,0.49747416377067566,143300,0.0,0.0
2003-07-22 00:00:00-04:00,0.49747416377067566,0.4985258801060415,0.4922154316408875,0.49747416377067566,141900,0.0,0.0
2003-07-23 00:00:00-04:00,0.4953702123324666,0.49852540850475857,0.4901114851773947,0.4932667315006256,130400,0.0,0.0
2003-07-24 00:00:00-04:00,0.49431922624374347,0.49431922624374347,0.4838018055015183,0.4859052896499634,271300,0.0,0.0
2003-07-25 00:00:00-04:00,0.48485344782228995,0.4911638986429547,0.481698197336455,0.48800864815711975,199500,0.0,0.0
2003-07-28 00:00:00-04:00,0.4901122614872327,0.4911640286445617,0.48485357615364244,0.49116402864456177,171300,0.0,0.0
2003-07-29 00:00:00-04:00,0.49011194451550166,0.4911637109926183,0.4848532625828763,0.48695674538612366,118100,0.0,0.0
2003-07-30 00:00:00-04:00,0.4901122082154675,0.4911639752584769,0.48695700738846526,0.48906049132347107,141700,0.0,0.0
2003-07-31 00:00:00-04:00,0.4901114851773947,0.4943184468410766,0.4890597698369437,0.4932667315006256,144700,0.0,0.0
2003-08-01 00:00:00-04:00,0.49221574209529845,0.49221574209529845,0.4816983213530733,0.4859052896499634,196700,0.0,0.0
2003-08-04 00:00:00-04:00,0.4859052884197166,0.4859052884197166,0.46907741527476227,0.470129132270813,366600,0.0,0.0
2003-08-05 00:00:00-04:00,0.4678962230682373,0.4721498209473851,0.4625792003658593,0.4678962230682373,702900,0.049,0.0
2003-08-06 00:00:00-04:00,0.4689591863305287,0.4774663746356964,0.46789581314580375,0.4774663746356964,186100,0.0,0.0
2003-08-07 00:00:00-04:00,0.47321278048311255,0.48384681657141426,0.4721494072983876,0.4774663746356964,181300,0.0,0.0
2003-08-08 00:00:00-04:00,0.47746656825581923,0.47746656825581923,0.47214959876239654,0.47533977031707764,121100,0.0,0.0
2003-08-11 00:00:00-04:00,0.47321278048311255,0.4795932224188304,0.4721494072983876,0.4774663746356964,168700,0.0,0.0
2003-08-12 00:00:00-04:00,0.47427624464035034,0.48065663641091627,0.4710860234016442,0.47427624464035034,141500,0.0,0.0
2003-08-13 00:00:00-04:00,0.4742757245468048,0.47959273721169887,0.4732123017311096,0.4732123017311096,159100,0.0,0.0
2003-08-14 00:00:00-04:00,0.4732128049101432,0.4817200443612929,0.4721494316705275,0.4795932471752167,169600,0.0,0.0
2003-08-15 00:00:00-04:00,0.47959313069429244,0.4838467240333557,0.47746628331792845,0.4838467240333557,79400,0.0,0.0
2003-08-18 00:00:00-04:00,0.4838469479307927,0.4891639167116028,0.48172015027709747,0.4859737455844879,160000,0.0,0.0
2003-08-19 00:00:00-04:00,0.48703709020462005,0.49235410937729257,0.48278349514922314,0.4902273118495941,143400,0.0,0.0
2003-08-20 00:00:00-04:00,0.48597369175177413,0.4966076788422926,0.48597369175177413,0.4955442547798157,126200,0.0,0.0
2003-08-21 00:00:00-04:00,0.49979795188303583,0.49979795188303583,0.4912907604699075,0.49660778045654297,95900,0.0,0.0
2003-08-22 00:00:00-04:00,0.4944810592586213,0.5040516257286072,0.49341763481369594,0.5040516257286072,123200,0.0,0.0
2003-08-25 00:00:00-04:00,0.4955443709288573,0.5029881889903778,0.49235419940739283,0.49448099732398987,198200,0.0,0.0
2003-08-26 00:00:00-04:00,0.49235368707056654,0.5029876655879721,0.49235368707056654,0.500860869884491,153800,0.0,0.0
2003-08-27 00:00:00-04:00,0.500861453807568,0.5040516257286072,0.4966078574416035,0.5040516257286072,82300,0.0,0.0
2003-08-28 00:00:00-04:00,0.5040514601871959,0.5104319033475354,0.5029880867983738,0.5093684792518616,160600,0.0,0.0
2003-08-29 00:00:00-04:00,0.5083049111914536,0.5125585045313961,0.5072414875030518,0.5072414875030518,150600,0.0,0.0
2003-09-02 00:00:00-04:00,0.5104318155875004,0.5146854098251593,0.5083050184686709,0.513621985912323,169400,0.0,0.0
2003-09-03 00:00:00-04:00,0.5114951611655716,0.5200023491813818,0.5114951611655716,0.5178755521774292,242300,0.0,0.0
2003-09-04 00:00:00-04:00,0.5178757157321224,0.5221293110833913,0.5125587468964645,0.515748918056488,222700,0.0,0.0
2003-09-05 00:00:00-04:00,0.5178757611369114,0.5231927811455956,0.5178757611369114,0.5221293568611145,231500,0.0,0.0
2003-09-08 00:00:00-04:00,0.5220218989766144,0.5295406999264197,0.5220218989766144,0.526318371295929,379900,0.049,0.0
2003-09-09 00:00:00-04:00,0.5209474686814992,0.5230957036592759,0.5134286718682616,0.514502763748169,167000,0.0,0.0
2003-09-10 00:00:00-04:00,0.5198739722669703,0.5198739722669703,0.5091327338570744,0.5102068781852722,113700,0.0,0.0
2003-09-11 00:00:00-04:00,0.5102065809982387,0.5155771970748901,0.5102065809982387,0.5155771970748901,102400,0.0,0.0
2003-09-12 00:00:00-04:00,0.5134289543379854,0.526318371295929,0.5123548106491617,0.526318371295929,135700,0.0,0.0
2003-09-15 00:00:00-04:00,0.5263185773054677,0.5263185773054677,0.5155773923029092,0.5187997221946716,93900,0.0,0.0
2003-09-16 00:00:00-04:00,0.5198735695358921,0.5241700410842896,0.5166511902656037,0.5241700410842896,118000,0.0,0.0
2003-09-17 00:00:00-04:00,0.5241707108714146,0.528467187909865,0.5188000889643284,0.5273930430412292,147600,0.0,0.0
2003-09-18 00:00:00-04:00,0.527392369136597,0.5295406049107958,0.5230958975881997,0.5241700410842896,90900,0.0,0.0
2003-09-19 00:00:00-04:00,0.5241702284748222,0.5263184650170141,0.5198737553904383,0.5230960845947266,120300,0.0,0.0
2003-09-22 00:00:00-04:00,0.5220222035053743,0.5263186783310959,0.5198739660925136,0.5252445340156555,108600,0.0,0.0
2003-09-23 00:00:00-04:00,0.526318329621786,0.5295406579971313,0.5209477140388958,0.5295406579971313,91300,0.0,0.0
2003-09-24 00:00:00-04:00,0.5295412815604544,0.5295412815604544,0.5220224723521893,0.5273930430412292,106700,0.0,0.0
2003-09-25 00:00:00-04:00,0.5284666167080048,0.5316889453949123,0.527392473000375,0.5306148529052734,176300,0.0,0.0
2003-09-26 00:00:00-04:00,0.5306148016009038,0.5327630375904626,0.5273924220075724,0.5295406579971313,91700,0.0,0.0
2003-09-29 00:00:00-04:00,0.5306152851318919,0.5359858543908064,0.5295411405492894,0.533837616443634,155000,0.0,0.0
2003-09-30 00:00:00-04:00,0.5349109013426168,0.5370591358372477,0.5338367584863261,0.535984992980957,131200,0.0,0.0
2003-10-01 00:00:00-04:00,0.5338367584863261,0.5381332786935384,0.5338367584863261,0.535984992980957,153400,0.0,0.0
2003-10-02 00:00:00-04:00,0.5370599989734088,0.5402823815031838,0.527392902602117,0.533837616443634,239000,0.0,0.0
2003-10-03 00:00:00-04:00,0.5338371647335531,0.5338371647335531,0.5295406924746988,0.531688928604126,139600,0.0,0.0
2003-10-06 00:00:00-04:00,0.5337499826103178,0.534834813382104,0.5294105560630831,0.5315802693367004,105100,0.049,0.0
2003-10-07 00:00:00-04:00,0.5294112286981335,0.5359203767890807,0.5272415126678178,0.5304960608482361,137000,0.0,0.0
2003-10-08 00:00:00-04:00,0.5283258206670718,0.5370046761780616,0.5283258206670718,0.5359198451042175,89200,0.0,0.0
2003-10-09 00:00:00-04:00,0.532665399467065,0.537004828453064,0.5315805680856023,0.537004828453064,146100,0.0,0.0
2003-10-10 00:00:00-04:00,0.5337502825786018,0.5380897115646006,0.532665399467065,0.537004828453064,125000,0.0,0.0
2003-10-13 00:00:00-04:00,0.5370046761780616,0.538089558981965,0.5315804173487226,0.5359198451042175,107600,0.0,0.0
2003-10-14 00:00:00-04:00,0.5370048146110222,0.5370048146110222,0.5315805543833785,0.5348351001739502,97300,0.0,0.0
2003-10-15 00:00:00-04:00,0.533750204635659,0.5380896329879761,0.5315804904595005,0.5380896329879761,92800,0.0,0.0
2003-10-16 00:00:00-04:00,0.5380893641958098,0.5424287903804501,0.5337499380111694,0.5337499380111694,108800,0.0,0.0
2003-10-17 00:00:00-04:00,0.5380896329879761,0.5402593471641346,0.5348350358587051,0.5380896329879761,109800,0.0,0.0
2003-10-20 00:00:00-04:00,0.538089558981965,0.5402592728597124,0.5348349623003141,0.5359198451042175,113100,0.0,0.0
2003-10-21 00:00:00-04:00,0.5370048369673099,0.543514032279586,0.5370048369673099,0.5424291491508484,137300,0.0,0.0
2003-10-22 00:00:00-04:00,0.5435141383724532,0.5435141383724532,0.5380898251300997,0.5402595400810242,151900,0.0,0.0
2003-10-23 00:00:00-04:00,0.5424287732855468,0.5445984863094875,0.5391741778846164,0.5435136556625366,106400,0.0,0.0
2003-10-24 00:00:00-04:00,0.5445988636782487,0.5467685782056492,0.5402594346234479,0.5424291491508484,170000,0.0,0.0
2003-10-27 00:00:00-05:00,0.5424290441134215,0.5467684723279237,0.5424290441134215,0.5445987582206726,139500,0.0,0.0
2003-10-28 00:00:00-05:00,0.5456836506284944,0.5532776242708962,0.5456836506284944,0.550023078918457,158900,0.0,0.0
2003-10-29 00:00:00-05:00,0.55653224626222,0.5652111032305865,0.5521928177780367,0.5630413889884949,362100,0.0,0.0
2003-10-30 00:00:00-05:00,0.5587016972878788,0.5662956676924821,0.5554471015930176,0.5554471015930176,192800,0.0,0.0
2003-10-31 00:00:00-05:00,0.5576168004973335,0.5662956531540948,0.5532773741689528,0.5619562268257141,255300,0.0,0.0
2003-11-03 00:00:00-05:00,0.5619565060024151,0.5695505317147699,0.5554473632761402,0.5630413889884949,365100,0.0,0.0
2003-11-04 00:00:00-05:00,0.5576168302638881,0.5673805658889709,0.5576168302638881,0.5662956833839417,171000,0.0,0.0
2003-11-05 00:00:00-05:00,0.5652108526089574,0.568465396663955,0.5630411393289441,0.5662956833839417,132200,0.0,0.0
2003-11-06 00:00:00-05:00,0.5662960814883132,0.5684657962936293,0.5662960814883132,0.567380964756012,191800,0.0,0.0
2003-11-07 00:00:00-05:00,0.5650809388273345,0.5694614071733369,0.5628907046543332,0.5672711730003357,123700,0.049,0.0
2003-11-10 00:00:00-05:00,0.5650811571457564,0.5716518622033441,0.5617958307266235,0.5617958307266235,153800,0.0,0.0
2003-11-11 00:00:00-05:00,0.5617956155625445,0.5705565522839462,0.553034678841143,0.5650809407234192,187900,0.0,0.0
2003-11-12 00:00:00-05:00,0.5683665357842111,0.5694616271841482,0.5596055957074276,0.5617958307266235,96300,0.0,0.0
2003-11-13 00:00:00-05:00,0.5672715473351624,0.5672715473351624,0.5563203692436218,0.5563203692436218,219400,0.0,0.0
2003-11-14 00:00:00-05:00,0.5563202170689728,0.5639860657458194,0.5563202170689728,0.5617958307266235,130600,0.0,0.0
2003-11-17 00:00:00-05:00,0.5628907065430688,0.5661760839232454,0.5574151472018438,0.5650809407234192,123600,0.0,0.0
2003-11-18 00:00:00-05:00,0.5672717491178177,0.5705571298235816,0.5574157114392356,0.5639864206314087,232600,0.0,0.0
2003-11-19 00:00:00-05:00,0.5628910289124465,0.5749373499129887,0.5617959373047601,0.5705568790435791,221700,0.0,0.0
2003-11-20 00:00:00-05:00,0.5738418755193394,0.5749370187154909,0.5672711730003357,0.5672711730003357,143600,0.0,0.0
2003-11-21 00:00:00-05:00,0.5672710865049809,0.5727466972122344,0.5617955280170213,0.5683662295341492,185300,0.0,0.0
2003-11-24 00:00:00-05:00,0.5705565465845834,0.577127249059999,0.5683663124261116,0.5716516375541687,154400,0.0,0.0
2003-11-25 00:00:00-05:00,0.5793175141248282,0.5793175141248282,0.5694614337762363,0.5749370455741882,214600,0.0,0.0
2003-11-26 00:00:00-05:00,0.5760325128793921,0.5815080755384203,0.5749373690159862,0.5804129838943481,170100,0.0,0.0
2003-11-28 00:00:00-05:00,0.5716515434738566,0.5847929984812167,0.5716515434738566,0.5836978554725647,173000,0.0,0.0
2003-12-01 00:00:00-05:00,0.5902687611933423,0.5979346082496285,0.5869834354687273,0.5935541391372681,337400,0.0,0.0
2003-12-02 00:00:00-05:00,0.5946492600533895,0.5946492600533895,0.589173699498676,0.5902687907218933,197200,0.0,0.0
2003-12-03 00:00:00-05:00,0.5913638658894946,0.5990296602249146,0.5902687225734018,0.5990296602249146,300900,0.0,0.0
2003-12-04 00:00:00-05:00,0.5924589957495224,0.6001248428058088,0.5913639045810878,0.5935541391372681,224700,0.0,0.0
2003-12-05 00:00:00-05:00,0.5934434966942443,0.6011792783562956,0.5879179835319519,0.5879179835319519,201100,0.049,0.0
2003-12-08 00:00:00-05:00,0.5923384032265784,0.5945486189861824,0.5812873244285583,0.5812873244285583,190800,0.0,0.0
2003-12-09 00:00:00-05:00,0.5812875343056269,0.5868130493518043,0.5801823996789597,0.5846028327941895,240000,0.0,0.0
2003-12-10 00:00:00-05:00,0.5901283955911591,0.5901283955911591,0.5746568271217781,0.58570796251297,247700,0.0,0.0
2003-12-11 00:00:00-05:00,0.5901281993360091,0.5901281993360091,0.5846026334780152,0.5879179835319519,88600,0.0,0.0
2003-12-12 00:00:00-05:00,0.5956541052341812,0.5956541052341812,0.5868132361888535,0.5912336707115173,181700,0.0,0.0
2003-12-15 00:00:00-05:00,0.5934437632715935,0.5934437632715935,0.587918247627217,0.5923386812210083,220800,0.0,0.0
2003-12-16 00:00:00-05:00,0.5912331739716665,0.5945485234260559,0.5879178772129692,0.5945485234260559,205200,0.0,0.0
2003-12-17 00:00:00-05:00,0.5945492153645596,0.5945492153645596,0.5868134260985066,0.5901287794113159,202600,0.0,0.0
2003-12-18 00:00:00-05:00,0.591233546474698,0.5945488980179039,0.5868131128809067,0.5923386812210083,190700,0.0,0.0
2003-12-19 00:00:00-05:00,0.592338379450544,0.6011792421340942,0.5901281637796565,0.6011792421340942,156700,0.0,0.0
2003-12-22 00:00:00-05:00,0.6011789632295598,0.6122300364570809,0.5945483192930471,0.6067044734954834,234900,0.0,0.0
2003-12-23 00:00:00-05:00,0.6122310473062891,0.6188617021906168,0.6078106107167373,0.6089157462120056,306000,0.0,0.0
2003-12-24 00:00:00-05:00,0.6166506232571823,0.6188608384672348,0.6100199776270252,0.611125111579895,140100,0.0,0.0
2003-12-26 00:00:00-05:00,0.6143588562558203,0.6143588562558203,0.6054389011675952,0.6076688766479492,109700,0.049,0.0
2003-12-29 00:00:00-05:00,0.6098991872427572,0.6110142021789935,0.6020942953564566,0.6032092571258545,208300,0.0,0.0
2003-12-30 00:00:00-05:00,0.6032084628935372,0.6121283579714296,0.602093502592185,0.6087834239006042,206400,0.0,0.0
2003-12-31 00:00:00-05:00,0.6054392338314887,0.6076692105371229,0.6032092571258545,0.6032092571258545,130500,0.0,0.0
2004-01-02 00:00:00-05:00,0.6087842254733592,0.6098991872427572,0.6020942953564566,0.6032092571258545,132100,0.0,0.0
2004-01-05 00:00:00-05:00,0.6054384366630103,0.6121283579714296,0.6032084628935372,0.6087834239006042,146700,0.0,0.0
2004-01-06 00:00:00-05:00,0.6087843497247105,0.6188192735315863,0.6087843497247105,0.6143593192100525,195800,0.0,0.0
2004-01-07 00:00:00-05:00,0.6154735191414292,0.6232784561236392,0.6087835959424421,0.6165885329246521,230800,0.0,0.0
2004-01-08 00:00:00-05:00,0.6232783092663523,0.6243932696200839,0.6132434002489124,0.6221632957458496,181600,0.0,0.0
2004-01-09 00:00:00-05:00,0.6154740469861977,0.6299689195985325,0.6154740469861977,0.6266239285469055,189200,0.0,0.0
2004-01-12 00:00:00-05:00,0.6288533910335853,0.6299684048620118,0.6043236716428464,0.6121285557746887,510400,0.0,0.0
2004-01-13 00:00:00-05:00,0.6165885682389671,0.6243934525014083,0.6076686169626555,0.613243579864502,315300,0.0,0.0
2004-01-14 00:00:00-05:00,0.6087832580594028,0.6232781101957586,0.6087832580594028,0.6188181638717651,236200,0.0,0.0
2004-01-15 00:00:00-05:00,0.6232786214319017,0.6299685464052154,0.6188186714496925,0.6243935823440552,182100,0.0,0.0
2004-01-16 00:00:00-05:00,0.6288532614707947,0.6321982491001197,0.6199333653482944,0.6288532614707947,165200,0.0,0.0
2004-01-20 00:00:00-05:00,0.640003415654877,0.6411184297484157,0.6266235655332025,0.6355434656143188,375400,0.0,0.0
2004-01-21 00:00:00-05:00,0.6388884976692959,0.6388884976692959,0.6266236076500105,0.6321985721588135,215000,0.0,0.0
2004-01-22 00:00:00-05:00,0.6333133366859128,0.6444632622444461,0.6321983760301307,0.6388882994651794,240900,0.0,0.0
2004-01-23 00:00:00-05:00,0.6411185264587402,0.6455784771720652,0.6388885511020778,0.6411185264587402,213700,0.0,0.0
2004-01-26 00:00:00-05:00,0.6411188627950211,0.6478087923746012,0.6366589097419677,0.637773871421814,203700,0.0,0.0
2004-01-27 00:00:00-05:00,0.6377738834282883,0.6455788280014816,0.6366589217274522,0.6400038599967957,185500,0.0,0.0
2004-01-28 00:00:00-05:00,0.6444637533452495,0.6455787148506659,0.6299688816070557,0.6299688816070557,315200,0.0,0.0
2004-01-29 00:00:00-05:00,0.62996883130553,0.6321988073051303,0.587599234146303,0.6210489273071289,549100,0.0,0.0
2004-01-30 00:00:00-05:00,0.6277386983730882,0.6277386983730882,0.606553905089611,0.6154738068580627,218600,0.0,0.0
2004-02-02 00:00:00-05:00,0.6221638887235182,0.6243938647231185,0.6165889753079283,0.6210489273071289,166100,0.0,0.0
2004-02-03 00:00:00-05:00,0.6210483604819974,0.6255083084106445,0.6199333469164491,0.6255083084106445,183700,0.0,0.0
2004-02-04 00:00:00-05:00,0.6243934279519664,0.6333133257107855,0.6243934279519664,0.6277384161949158,194600,0.0,0.0
2004-02-05 00:00:00-05:00,0.6299688250822044,0.635543738442721,0.6277388491046336,0.6310837864875793,157600,0.0,0.0
2004-02-06 00:00:00-05:00,0.6366589217274522,0.6400038599967957,0.6333139302912736,0.6400038599967957,148600,0.0,0.0
2004-02-09 00:00:00-05:00,0.6400032601209615,0.6400032601209615,0.6344283505084803,0.6388882994651794,195100,0.0,0.0
2004-02-10 00:00:00-05:00,0.6399012916571258,0.645524293622658,0.6354028686345273,0.6432750821113586,186900,0.049,0.0
2004-02-11 00:00:00-05:00,0.6455238461494446,0.6466484779382226,0.6399008480817406,0.6455238461494446,185300,0.0,0.0
2004-02-12 00:00:00-05:00,0.6466483158910518,0.6466483158910518,0.6320284280529885,0.644399106502533,162400,0.0,0.0
2004-02-13 00:00:00-05:00,0.6387761718554379,0.6443992231573602,0.6354023839745978,0.639900803565979,147900,0.0,0.0
2004-02-17 00:00:00-05:00,0.6376514826917342,0.6399006920956137,0.6320284323693444,0.6342776417732239,190600,0.0,0.0
2004-02-18 00:00:00-05:00,0.6376515396616282,0.6421499588712909,0.6297792792320251,0.6297792792320251,191000,0.0,0.0
2004-02-19 00:00:00-05:00,0.6297795352645388,0.6365271668222356,0.6275303247453065,0.628654956817627,144300,0.0,0.0
2004-02-20 00:00:00-05:00,0.6252804825018534,0.6320281072423889,0.6039129773441471,0.6117852330207825,461200,0.0,0.0
2004-02-23 00:00:00-05:00,0.6140347084255022,0.6162839176509467,0.5735488887421236,0.580296516418457,621800,0.0,0.0
2004-02-24 00:00:00-05:00,0.580296629998771,0.5926673099726933,0.5712997913360596,0.5712997913360596,524800,0.0,0.0
2004-02-25 00:00:00-05:00,0.582545893794654,0.5859197354193626,0.5746736860459897,0.5814213156700134,277900,0.0,0.0
2004-02-26 00:00:00-05:00,0.584794643433498,0.6050375699996948,0.584794643433498,0.6050375699996948,258400,0.0,0.0
2004-02-27 00:00:00-05:00,0.6129102371088272,0.6129102371088272,0.6027888197630279,0.6061626076698303,233900,0.0,0.0
2004-03-01 00:00:00-05:00,0.6140347368872626,0.6140347368872626,0.6005394809090631,0.6072871088981628,149300,0.0,0.0
2004-03-02 00:00:00-05:00,0.6027887355498512,0.6129101514816284,0.5994148944890025,0.6129101514816284,192800,0.0,0.0
2004-03-03 00:00:00-05:00,0.6095357021554139,0.6207817374372742,0.6095357021554139,0.614034116268158,272100,0.0,0.0
2004-03-04 00:00:00-05:00,0.6207822948448136,0.6230315039207762,0.6140346676169256,0.6174084544181824,172400,0.0,0.0
2004-03-05 00:00:00-05:00,0.6174083024224213,0.6252805590629578,0.6162837249739795,0.6252805590629578,270100,0.0,0.0
2004-03-08 00:00:00-05:00,0.6239200438322035,0.6284576398235903,0.6137104258053777,0.6171136498451233,149200,0.048,0.0
2004-03-09 00:00:00-05:00,0.6171134235601555,0.6239198150514481,0.6137102007683137,0.6227853894233704,154500,0.0,0.0
2004-03-10 00:00:00-05:00,0.6171136034935846,0.6227855710105897,0.6125760078430176,0.6125760078430176,101400,0.0,0.0
2004-03-11 00:00:00-05:00,0.6125752776789053,0.6125752776789053,0.6000968774673738,0.6023656725883484,154400,0.0,0.0
2004-03-12 00:00:00-05:00,0.609172278910256,0.6103067039283933,0.5898874863408204,0.5989627242088318,235900,0.0,0.0
2004-03-15 00:00:00-05:00,0.6000971598514444,0.6091723446057973,0.595559567474268,0.5966939926147461,179800,0.0,0.0
2004-03-16 00:00:00-05:00,0.5966940020705903,0.610306779417842,0.5966940020705903,0.6046347618103027,93200,0.0,0.0
2004-03-17 00:00:00-05:00,0.608037833867736,0.6103066295350935,0.6023658176531643,0.6057690382003784,115000,0.0,0.0
2004-03-18 00:00:00-05:00,0.6057690382003784,0.609172204655237,0.6012314468656633,0.6057690382003784,108500,0.0,0.0
2004-03-19 00:00:00-05:00,0.6069037731262544,0.6091725701548757,0.6035006046295166,0.6035006046295166,116400,0.0,0.0
2004-03-22 00:00:00-05:00,0.6035008165418836,0.6295920185788472,0.6035008165418836,0.6125760078430176,462000,0.0,0.0
2004-03-23 00:00:00-05:00,0.6080376393566541,0.6216504090060779,0.6080376393566541,0.614844024181366,179800,0.0,0.0
2004-03-24 00:00:00-05:00,0.6216511991441515,0.6216511991441515,0.6080384121924506,0.6125760078430176,210200,0.0,0.0
2004-03-25 00:00:00-05:00,0.6182472705841064,0.6182472705841064,0.613709680106202,0.6182472705841064,125600,0.0,0.0
2004-03-26 00:00:00-05:00,0.6216504904887075,0.6216504904887075,0.6091720896282975,0.6182472705841064,125800,0.0,0.0
2004-03-29 00:00:00-05:00,0.6227848610620109,0.6227848610620109,0.6148441047718507,0.6182472705841064,138300,0.0,0.0
2004-03-30 00:00:00-05:00,0.6182472705841064,0.6227848610620109,0.617112900010803,0.6182472705841064,184400,0.0,0.0
2004-03-31 00:00:00-05:00,0.6182473562155218,0.6227849473219131,0.6182473562155218,0.6216505765914917,148200,0.0,0.0
2004-04-01 00:00:00-05:00,0.6216504025386238,0.6749671101570129,0.619381607620657,0.6749671101570129,529800,0.0,0.0
2004-04-02 00:00:00-05:00,0.6488763760021377,0.6488763760021377,0.6239196151949828,0.6341292262077332,451700,0.0,0.0
2004-04-05 00:00:00-04:00,0.6386668957632717,0.6386668957632717,0.620516467995555,0.6273229122161865,407600,0.0,0.0
2004-04-06 00:00:00-04:00,0.613709680106202,0.6227848610620109,0.608037719054994,0.6182472705841064,274800,0.0,0.0
2004-04-07 00:00:00-04:00,0.607718394316484,0.6248855916962072,0.607718394316484,0.6134408116340637,250100,0.048,0.0
2004-04-08 00:00:00-04:00,0.6180184952243666,0.6180184952243666,0.6065737193924886,0.6077181696891785,151000,0.0,0.0
2004-04-12 00:00:00-04:00,0.6088627756605927,0.6088627756605927,0.5962734928685771,0.6065738201141357,261800,0.0,0.0
2004-04-13 00:00:00-04:00,0.6008519108791319,0.6054298258342716,0.5916960809688523,0.5951294898986816,255500,0.0,0.0
2004-04-14 00:00:00-04:00,0.5962740780460447,0.5962740780460447,0.5745289517277502,0.579106867313385,434400,0.0,0.0
2004-04-15 00:00:00-04:00,0.5916957082766711,0.5916957082766711,0.5688060933454341,0.5710950493812561,407400,0.0,0.0
2004-04-16 00:00:00-04:00,0.5596500527911866,0.5733838382684209,0.5379049515729775,0.5688058733940125,597100,0.0,0.0
2004-04-19 00:00:00-04:00,0.5699507187557233,0.5791065448284212,0.5676617622375488,0.5676617622375488,166200,0.0,0.0
2004-04-20 00:00:00-04:00,0.5710949796944328,0.572239484859196,0.5516388830505484,0.5573612451553345,277300,0.0,0.0
2004-04-21 00:00:00-04:00,0.5573612586010713,0.5585057637934444,0.5436275237306616,0.5447720289230347,357200,0.0,0.0
2004-04-22 00:00:00-04:00,0.5390494179359658,0.5470607876777649,0.5356159581686258,0.5470607876777649,668700,0.0,0.0
2004-04-23 00:00:00-04:00,0.5424827676684834,0.5436272723315831,0.5184487700462341,0.5184487700462341,735300,0.0,0.0
2004-04-26 00:00:00-04:00,0.5184489131387054,0.5241712743146243,0.4921258989250758,0.5035706758499146,767900,0.0,0.0
2004-04-27 00:00:00-04:00,0.5127263558767073,0.524171129642775,0.5047149869539669,0.5184487700462341,403500,0.0,0.0
2004-04-28 00:00:00-04:00,0.5230265855789185,0.5333268528312067,0.5207376312369681,0.5230265855789185,179600,0.0,0.0
2004-04-29 00:00:00-04:00,0.5230272811695287,0.5367610254861738,0.5207383237834212,0.5321831107139587,334600,0.0,0.0
2004-04-30 00:00:00-04:00,0.5321831107139587,0.5367610254861738,0.5207383237834212,0.5321831107139587,153100,0.0,0.0
2004-05-03 00:00:00-04:00,0.5206384783319431,0.5368001886988197,0.5171752271586431,0.5287193059921265,159800,0.04,0.0
2004-05-04 00:00:00-04:00,0.518329967848127,0.5287196735441677,0.5079403171986345,0.5148667693138123,262600,0.0,0.0
2004-05-05 00:00:00-04:00,0.5056316668683704,0.5148669394062567,0.5044772302778514,0.506786048412323,282300,0.0,0.0
2004-05-06 00:00:00-04:00,0.5044766835881128,0.5125575658249809,0.4987046720302128,0.5033223032951355,255300,0.0,0.0
2004-05-07 00:00:00-04:00,0.4987047756642863,0.5010135917765345,0.48138862729916526,0.48831507563591003,283700,0.0,0.0
2004-05-10 00:00:00-04:00,0.48485185970437844,0.48716067598691276,0.4606092887377684,0.46291813254356384,639200,0.0,0.0
2004-05-11 00:00:00-04:00,0.464072682544095,0.48254321954595597,0.464072682544095,0.4790800213813782,165600,0.0,0.0
2004-05-12 00:00:00-04:00,0.4836977576878693,0.49524184574973473,0.4733080509089135,0.4802345037460327,232200,0.0,0.0
2004-05-13 00:00:00-04:00,0.4721535700056803,0.4836976556318434,0.4721535700056803,0.4790800213813782,122300,0.0,0.0
2004-05-14 00:00:00-04:00,0.47446257787841983,0.4836978500921935,0.4733081413284159,0.47792577743530273,191600,0.0,0.0
2004-05-17 00:00:00-04:00,0.47330783748858657,0.47907990644009935,0.46522700701230363,0.4675358235836029,186900,0.0,0.0
2004-05-18 00:00:00-04:00,0.4663811629240516,0.475616424756765,0.4663811629240516,0.4709987938404083,234200,0.0,0.0
2004-05-19 00:00:00-04:00,0.4756170928279637,0.49408769748445913,0.4709994554254849,0.4894700050354004,303000,0.0,0.0
2004-05-20 00:00:00-04:00,0.49177844084381134,0.510248974005315,0.4906240049979519,0.5044769048690796,271600,0.0,0.0
2004-05-21 00:00:00-04:00,0.5044766085603044,0.5148663048844361,0.5044766085603044,0.5137118697166443,133100,0.0,0.0
2004-05-24 00:00:00-04:00,0.5183296372692774,0.5252561400134375,0.5148664409437105,0.5217928886413574,149000,0.0,0.0
2004-05-25 00:00:00-04:00,0.522947657638127,0.5241020388007159,0.5114035157329493,0.5148667693138123,168400,0.0,0.0
2004-05-26 00:00:00-04:00,0.5125574895953511,0.524101566040776,0.5125574895953511,0.5137118697166443,161000,0.0,0.0
2004-05-27 00:00:00-04:00,0.513712551817117,0.5217934435818607,0.5079405334536471,0.5206390619277954,210800,0.0,0.0
2004-05-28 00:00:00-04:00,0.5206388436418175,0.5206388436418175,0.510249137878418,0.510249137878418,156400,0.0,0.0
2004-06-01 00:00:00-04:00,0.5137120184882327,0.5183296504036741,0.511403202530512,0.5160208344459534,163400,0.0,0.0
2004-06-02 00:00:00-04:00,0.5229473847511883,0.5229473847511883,0.5137120650369558,0.5171753168106079,122200,0.0,0.0
2004-06-03 00:00:00-04:00,0.5206385511018917,0.5217929316233335,0.5148664833551299,0.5183296799659729,135200,0.0,0.0
2004-06-04 00:00:00-04:00,0.518329667186486,0.5206385382654793,0.5137120351215319,0.5194841027259827,123400,0.0,0.0
2004-06-07 00:00:00-04:00,0.5194840859057918,0.5217929018635125,0.5148664539903502,0.5160208344459534,101700,0.0,0.0
2004-06-08 00:00:00-04:00,0.5195155637366956,0.5218452277001241,0.5148562358098385,0.5206803679466248,172800,0.04,0.0
2004-06-09 00:00:00-04:00,0.5160208190213058,0.525339526427627,0.5160208190213058,0.5183504819869995,117500,0.0,0.0
2004-06-10 00:00:00-04:00,0.5183505573550243,0.5241747433878668,0.5148560901701623,0.5160208940505981,111400,0.0,0.0
2004-06-14 00:00:00-04:00,0.5148562788963318,0.520680411520519,0.5136914190453494,0.5148562788963318,256500,0.0,0.0
2004-06-15 00:00:00-04:00,0.5171857534745885,0.5218450800834407,0.5160208940505981,0.5160208940505981,124800,0.0,0.0
2004-06-16 00:00:00-04:00,0.5148563019482746,0.5183507705705318,0.5101969734228803,0.5113617777824402,200300,0.0,0.0
2004-06-17 00:00:00-04:00,0.5090318419881912,0.5136911680281732,0.5067021789682001,0.5078670382499695,164900,0.0,0.0
2004-06-18 00:00:00-04:00,0.506702287906603,0.5113616149483164,0.5055374839179544,0.5090319514274597,148700,0.0,0.0
2004-06-21 00:00:00-04:00,0.5113617611366242,0.5148562851887051,0.5090320969497621,0.5136914253234863,80200,0.0,0.0
2004-06-22 00:00:00-04:00,0.5125270073852568,0.5136918125850224,0.5101973414421082,0.5101973414421082,129300,0.0,0.0
2004-06-23 00:00:00-04:00,0.5101973414421082,0.5125270073852568,0.5067028147555765,0.5101973414421082,160400,0.0,0.0
2004-06-24 00:00:00-04:00,0.5136914190453494,0.5148562788963318,0.510196950579552,0.5148562788963318,147100,0.0,0.0
2004-06-25 00:00:00-04:00,0.5148560153102321,0.5195153412416196,0.5148560153102321,0.5183504819869995,170900,0.0,0.0
2004-06-28 00:00:00-04:00,0.5195155575836339,0.5241748854553065,0.5195155575836339,0.5218452215194702,124100,0.0,0.0
2004-06-29 00:00:00-04:00,0.5206806938741934,0.526504885200286,0.5206806938741934,0.5253400802612305,136300,0.0,0.0
2004-06-30 00:00:00-04:00,0.5265043662236423,0.5311636924743652,0.5253395624327366,0.5311636924743652,137200,0.0,0.0
2004-07-01 00:00:00-04:00,0.5323289945708405,0.5369883246969384,0.5311641342675179,0.5358234643936157,198900,0.0,0.0
2004-07-02 00:00:00-04:00,0.5404823704595217,0.5451416969299316,0.5381527072243169,0.5451416969299316,158300,0.0,0.0
2004-07-06 00:00:00-04:00,0.5451416969299316,0.5451416969299316,0.5393175666136957,0.5451416969299316,292600,0.0,0.0
2004-07-07 00:00:00-04:00,0.5439770168783598,0.5532956719398499,0.5439770168783598,0.5532956719398499,190200,0.0,0.0
2004-07-08 00:00:00-04:00,0.5532956719398499,0.5556253357052224,0.5498011485200084,0.5532956719398499,237100,0.0,0.0
2004-07-09 00:00:00-04:00,0.5462470429171928,0.555644832349836,0.5380239491560084,0.5509459376335144,312700,0.04,0.0
2004-07-12 00:00:00-04:00,0.5509461205803602,0.5521208166418877,0.5462472243037259,0.5497713685035706,139600,0.0,0.0
2004-07-13 00:00:00-04:00,0.553295485580132,0.5556449333654195,0.5497712858945738,0.5544701814651489,98800,0.0,0.0
2004-07-14 00:00:00-04:00,0.5509457485508528,0.5579940882063694,0.5509457485508528,0.5532951951026917,137800,0.0,0.0
2004-07-15 00:00:00-04:00,0.5521209836006165,0.5568198812981748,0.5497715347518373,0.5521209836006165,125000,0.0,0.0
2004-07-16 00:00:00-04:00,0.5568195581436157,0.5579943098938686,0.5521206631730976,0.5568195581436157,107900,0.0,0.0
2004-07-19 00:00:00-04:00,0.5556449333654195,0.5579943811507071,0.5497712858945738,0.5544701814651489,78300,0.0,0.0
2004-07-20 00:00:00-04:00,0.5556446416545305,0.5556446416545305,0.5474215507154823,0.5532951951026917,94800,0.0,0.0
2004-07-21 00:00:00-04:00,0.5556450168569944,0.5556450168569944,0.5474219203652534,0.5497713685035706,114100,0.0,0.0
2004-07-22 00:00:00-04:00,0.5497715347518373,0.5521209836006165,0.5485968383350872,0.5521209836006165,96500,0.0,0.0
2004-07-23 00:00:00-04:00,0.5521209836006165,0.5532957360326456,0.5474220859030581,0.5521209836006165,116500,0.0,0.0
2004-07-26 00:00:00-04:00,0.553295460212721,0.553295460212721,0.5462471171800097,0.5474218130111694,123400,0.0,0.0
2004-07-27 00:00:00-04:00,0.5509461205803602,0.5521208166418877,0.5462472243037259,0.5497713685035706,107800,0.0,0.0
2004-07-28 00:00:00-04:00,0.5532955163919386,0.5532955163919386,0.5450724206778793,0.5485966205596924,91000,0.0,0.0
2004-07-29 00:00:00-04:00,0.55212044381916,0.5532951951026917,0.5485963019990139,0.5532951951026917,104200,0.0,0.0
2004-07-30 00:00:00-04:00,0.553295485580132,0.5556449333654195,0.5509460377948444,0.5544701814651489,117400,0.0,0.0
2004-08-02 00:00:00-04:00,0.5544698903709989,0.5568193369228378,0.5474215507154823,0.5532951951026917,190200,0.0,0.0
2004-08-03 00:00:00-04:00,0.5532955884571636,0.5579944849014282,0.5532955884571636,0.5579944849014282,91200,0.0,0.0
2004-08-04 00:00:00-04:00,0.5579943098938686,0.5579943098938686,0.5544701106583567,0.5568195581436157,106500,0.0,0.0
2004-08-05 00:00:00-04:00,0.5568196024592577,0.562693249647495,0.5556449066307608,0.5603438019752502,161700,0.0,0.0
2004-08-06 00:00:00-04:00,0.5603443113671607,0.5662179638949563,0.5591696144707827,0.5650432109832764,209600,0.0,0.0
2004-08-09 00:00:00-04:00,0.5626733999495508,0.5626733999495508,0.5543813505630752,0.5555659532546997,219400,0.04,0.0
2004-08-10 00:00:00-04:00,0.5567504994613589,0.5567504994613589,0.5508276554581323,0.5555659532546997,131800,0.0,0.0
2004-08-11 00:00:00-04:00,0.5543815729345467,0.556750722783135,0.5520124230859584,0.5531970262527466,130500,0.0,0.0
2004-08-12 00:00:00-04:00,0.5543816089630127,0.5555662122067865,0.5508279122016746,0.5543816089630127,98600,0.0,0.0
2004-08-13 00:00:00-04:00,0.5531971959721811,0.5567508935928345,0.5531971959721811,0.5567508935928345,78100,0.0,0.0
2004-08-16 00:00:00-04:00,0.5567508935928345,0.5579354971230558,0.5543817430173971,0.5567508935928345,80900,0.0,0.0
2004-08-17 00:00:00-04:00,0.5603042510512671,0.5626733999495508,0.5543813505630752,0.5555659532546997,196900,0.0,0.0
2004-08-18 00:00:00-04:00,0.5614889498335945,0.5638581558606375,0.5567506507494699,0.5603044033050537,155600,0.0,0.0
2004-08-19 00:00:00-04:00,0.5626735528471161,0.5626735528471161,0.5591198002915323,0.5603044033050537,59300,0.0,0.0
2004-08-20 00:00:00-04:00,0.561488926410675,0.5638581323388848,0.557935230488317,0.561488926410675,121200,0.0,0.0
2004-08-23 00:00:00-04:00,0.5626736932463995,0.5626736932463995,0.5579353929799662,0.5591199398040771,126100,0.0,0.0
2004-08-24 00:00:00-04:00,0.557935230488317,0.561488926410675,0.557935230488317,0.561488926410675,107100,0.0,0.0
2004-08-25 00:00:00-04:00,0.5626735528471161,0.5626735528471161,0.5579352537629914,0.5603044033050537,137100,0.0,0.0
2004-08-26 00:00:00-04:00,0.5614890899372937,0.5626736932463995,0.5579353929799662,0.5591199398040771,116000,0.0,0.0
2004-08-27 00:00:00-04:00,0.561489420260996,0.5638586282730103,0.5591202687340098,0.5638586282730103,92100,0.0,0.0
2004-08-30 00:00:00-04:00,0.5650426149368286,0.5674117641122147,0.5626734657614425,0.5650426149368286,111800,0.0,0.0
2004-08-31 00:00:00-04:00,0.566227451333555,0.5709657516388571,0.5650428480147319,0.568596601486206,187300,0.0,0.0
2004-09-01 00:00:00-04:00,0.5721502984726851,0.5721502984726851,0.567411998167383,0.568596601486206,164600,0.0,0.0
2004-09-02 00:00:00-04:00,0.5709655324646709,0.5721500788437919,0.5674117803573608,0.5674117803573608,124300,0.0,0.0
2004-09-03 00:00:00-04:00,0.5709656837148047,0.5721502304077148,0.5685965338439959,0.5721502304077148,87700,0.0,0.0
2004-09-07 00:00:00-04:00,0.5733348335856134,0.5745193802785237,0.5709656837148047,0.5721502304077148,147600,0.0,0.0
2004-09-08 00:00:00-04:00,0.5721506659994415,0.5745396018028259,0.5673727943926725,0.5745396018028259,135100,0.04,0.0
2004-09-09 00:00:00-04:00,0.5745394664144313,0.5745394664144313,0.568567156791687,0.568567156791687,225800,0.0,0.0
2004-09-10 00:00:00-04:00,0.5685667394464242,0.5733446064202037,0.5673722442246458,0.5721501111984253,95000,0.0,0.0
2004-09-13 00:00:00-04:00,0.5733446064202037,0.5733446064202037,0.5673722442246458,0.5721501111984253,92200,0.0,0.0
2004-09-14 00:00:00-04:00,0.5721502498185217,0.5733447453297015,0.5673723816871643,0.5673723816871643,98000,0.0,0.0
2004-09-15 00:00:00-04:00,0.5673723816871643,0.5709558112640228,0.5649834476214856,0.5673723816871643,146500,0.0,0.0
2004-09-16 00:00:00-04:00,0.5649834476214856,0.5697613157528431,0.5637889521103058,0.5673723816871643,113000,0.0,0.0
2004-09-17 00:00:00-04:00,0.5685668569739597,0.5685668569739597,0.5637889320558761,0.5649834275245667,165200,0.0,0.0
2004-09-20 00:00:00-04:00,0.5661777696173609,0.5709556937217712,0.5649833313087601,0.5709556937217712,158900,0.0,0.0
2004-09-21 00:00:00-04:00,0.567372361505269,0.5721502294666738,0.5649834275245667,0.5649834275245667,165500,0.0,0.0
2004-09-22 00:00:00-04:00,0.5661781645945386,0.5697615959335524,0.5661781645945386,0.568567156791687,106300,0.0,0.0
2004-09-23 00:00:00-04:00,0.5721505311739918,0.5721505311739918,0.5661781645945386,0.568567156791687,123000,0.0,0.0
2004-09-24 00:00:00-04:00,0.5697611777115356,0.5733446064202037,0.5685667394464242,0.5721501111984253,135800,0.0,0.0
2004-09-27 00:00:00-04:00,0.572150132030372,0.573344627295642,0.5697611984565014,0.5709556937217712,122000,0.0,0.0
2004-09-28 00:00:00-04:00,0.5733448266983032,0.5733448266983032,0.570955892293589,0.5733448266983032,143200,0.0,0.0
2004-09-29 00:00:00-04:00,0.5733446064202037,0.5757335399070934,0.5721501111984253,0.5721501111984253,143300,0.0,0.0
2004-09-30 00:00:00-04:00,0.5721501111984253,0.5757335399070934,0.570955672933314,0.5721501111984253,103700,0.0,0.0
2004-10-01 00:00:00-04:00,0.5733451623794948,0.5757340981828794,0.5709562265761104,0.5745396018028259,127300,0.0,0.0
2004-10-04 00:00:00-04:00,0.5757337596166261,0.5793171327361016,0.5733448252180794,0.5769281983375549,150500,0.0,0.0
2004-10-05 00:00:00-04:00,0.5781227350234985,0.5793171738291533,0.5757338004554962,0.5781227350234985,170000,0.0,0.0
2004-10-06 00:00:00-04:00,0.5793171738291533,0.5817061083971556,0.5781227350234985,0.5781227350234985,176500,0.0,0.0
2004-10-07 00:00:00-04:00,0.5781230709513858,0.582940758423367,0.5781230709513858,0.5793274641036987,110800,0.04,0.0
2004-10-08 00:00:00-04:00,0.576918719429861,0.5817364077290826,0.576918719429861,0.5805320143699646,150100,0.0,0.0
2004-10-11 00:00:00-04:00,0.5817361877303397,0.5841450309689835,0.5817361877303397,0.5829406380653381,114600,0.0,0.0
2004-10-12 00:00:00-04:00,0.5829404196960835,0.5829404196960835,0.5781227350234985,0.5781227350234985,124100,0.0,0.0
2004-10-13 00:00:00-04:00,0.5817364077290826,0.5817364077290826,0.5757143260707429,0.5805320143699646,140300,0.0,0.0
2004-10-14 00:00:00-04:00,0.580531577359791,0.5829404196960835,0.5781227350234985,0.5781227350234985,111700,0.0,0.0
2004-10-15 00:00:00-04:00,0.5805319146873764,0.5817363078396893,0.5781230709513858,0.5793274641036987,110100,0.0,0.0
2004-10-18 00:00:00-04:00,0.5805319146873764,0.582940758423367,0.5781230709513858,0.5793274641036987,130700,0.0,0.0
2004-10-19 00:00:00-04:00,0.5793275635794718,0.5841452518786935,0.5781231702203538,0.5805320143699646,109900,0.0,0.0
2004-10-20 00:00:00-04:00,0.5793274641036987,0.582940758423367,0.5781230709513858,0.5793274641036987,205900,0.0,0.0
2004-10-21 00:00:00-04:00,0.5817364077290826,0.5829408585195754,0.5781231702203538,0.5805320143699646,130500,0.0,0.0
2004-10-22 00:00:00-04:00,0.5805319146873764,0.5817363078396893,0.5781230709513858,0.5793274641036987,121900,0.0,0.0
2004-10-25 00:00:00-04:00,0.5805320143699646,0.5817364077290826,0.5781231702203538,0.5805320143699646,124800,0.0,0.0
2004-10-26 00:00:00-04:00,0.5829408585195754,0.5829408585195754,0.5781231702203538,0.5805320143699646,160000,0.0,0.0
2004-10-27 00:00:00-04:00,0.5829406166582527,0.5841450095176697,0.5793273232173,0.5841450095176697,139700,0.0,0.0
2004-10-28 00:00:00-04:00,0.5841452064831438,0.5877585011424482,0.5817363625207309,0.5865540504455566,104300,0.0,0.0
2004-10-29 00:00:00-04:00,0.5889629125595093,0.5901673632935214,0.5829408311835647,0.5889629125595093,126500,0.0,0.0
2004-11-01 00:00:00-05:00,0.5913717926040907,0.5937806367874146,0.5901673992281165,0.5937806367874146,236100,0.0,0.0
2004-11-02 00:00:00-05:00,0.5961887653410063,0.5985976066328995,0.5925755321188195,0.5973932147026062,139100,0.0,0.0
2004-11-03 00:00:00-05:00,0.5998021753083066,0.6010065674781799,0.5961888839360504,0.6010065674781799,197400,0.0,0.0
2004-11-04 00:00:00-05:00,0.6010068273712941,0.605824570428076,0.5998024346806057,0.6034157276153564,260900,0.0,0.0
2004-11-05 00:00:00-05:00,0.605844122233659,0.605844122233659,0.5827759590508998,0.5900606513023376,306400,0.04,0.0
2004-11-08 00:00:00-05:00,0.5876319784410953,0.5900602073646724,0.5754907759296657,0.5767049193382263,304900,0.0,0.0
2004-11-09 00:00:00-05:00,0.5791335782919429,0.5864182704718531,0.5779194918754181,0.5852041840553284,136300,0.0,0.0
2004-11-10 00:00:00-05:00,0.5864177380293089,0.58763188123703,0.5803471956713067,0.58763188123703,124400,0.0,0.0
2004-11-11 00:00:00-05:00,0.5876323587827912,0.5900605892780266,0.5839899840931473,0.5888464450836182,180300,0.0,0.0
2004-11-12 00:00:00-05:00,0.5900603022930215,0.5961308466318157,0.5888461586891307,0.5949167609214783,176900,0.0,0.0
2004-11-15 00:00:00-05:00,0.5973451634909112,0.5973451634909112,0.5876322434168427,0.5912745594978333,187800,0.0,0.0
2004-11-16 00:00:00-05:00,0.5900606513023376,0.596131199231742,0.5852041898013791,0.5900606513023376,257500,0.0,0.0
2004-11-17 00:00:00-05:00,0.5900606513023376,0.5937029684812627,0.5876324205518584,0.5900606513023376,122800,0.0,0.0
2004-11-18 00:00:00-05:00,0.5912746755788536,0.5924888197732621,0.5876323587827912,0.5888464450836182,153200,0.0,0.0
2004-11-19 00:00:00-05:00,0.5900605892780266,0.5912746755788536,0.5852041282875559,0.5888464450836182,230000,0.0,0.0
2004-11-22 00:00:00-05:00,0.5900606513023376,0.5912747377307834,0.5864182762298249,0.5900606513023376,127400,0.0,0.0
2004-11-23 00:00:00-05:00,0.5912743242204122,0.5937025532726984,0.5864178661158396,0.5924884676933289,149200,0.0,0.0
2004-11-24 00:00:00-05:00,0.5937027895163504,0.594916933472394,0.5888463294793161,0.5912745594978333,134000,0.0,0.0
2004-11-26 00:00:00-05:00,0.5961308466318157,0.5973449902357066,0.5900603022930215,0.5949167609214783,87400,0.0,0.0
2004-11-29 00:00:00-05:00,0.5961310195348675,0.5961310195348675,0.5876322434168427,0.5912745594978333,152500,0.0,0.0
2004-11-30 00:00:00-05:00,0.5912741242472594,0.5937023524783015,0.5803471261543339,0.582775354385376,348500,0.0,0.0
2004-12-01 00:00:00-05:00,0.5864177942276001,0.5888460229822128,0.5839895654729874,0.5864177942276001,198800,0.0,0.0
2004-12-02 00:00:00-05:00,0.5852037087970638,0.5876319375516765,0.5827754800424512,0.5864177942276001,138100,0.0,0.0
2004-12-03 00:00:00-05:00,0.5900606513023376,0.5912747377307834,0.5852041898013791,0.5900606513023376,163300,0.0,0.0
2004-12-06 00:00:00-05:00,0.5925088512279406,0.593733012676239,0.5876120886867192,0.593733012676239,148300,0.04,0.0
2004-12-07 00:00:00-05:00,0.59373319514994,0.59373319514994,0.5876122692792588,0.5900606513023376,129200,0.0,0.0
2004-12-08 00:00:00-05:00,0.5900602333068867,0.5937327745528809,0.587611853018227,0.5912843942642212,197700,0.0,0.0
2004-12-09 00:00:00-05:00,0.5925086135955464,0.5937327745528809,0.587611853018227,0.5912843942642212,140100,0.0,0.0
2004-12-10 00:00:00-05:00,0.5888360139755615,0.5937327745528809,0.5888360139755615,0.5912843942642212,130800,0.0,0.0
2004-12-13 00:00:00-05:00,0.5888363718986511,0.5925089737510202,0.5863879901217471,0.5888363718986511,219100,0.0,0.0
2004-12-14 00:00:00-05:00,0.5925084343584739,0.5925084343584739,0.5851632957144398,0.5876116752624512,190700,0.0,0.0
2004-12-15 00:00:00-05:00,0.5876116752624512,0.5912842153974817,0.5851632957144398,0.5876116752624512,227400,0.0,0.0
2004-12-16 00:00:00-05:00,0.5900605919741162,0.5912847536755551,0.5863879901217471,0.5888363718986511,166300,0.0,0.0
2004-12-17 00:00:00-05:00,0.5900600548104625,0.5912842153974817,0.5851632957144398,0.5876116752624512,102700,0.0,0.0
2004-12-20 00:00:00-05:00,0.5876116146935687,0.5888357751544059,0.5839390165631234,0.5863873958587646,254800,0.0,0.0
2004-12-21 00:00:00-05:00,0.5876122101972122,0.5888363718986511,0.5839396083448433,0.5888363718986511,177700,0.0,0.0
2004-12-22 00:00:00-05:00,0.5900606513023376,0.5912848131268611,0.5863880490807033,0.5900606513023376,263700,0.0,0.0
2004-12-23 00:00:00-05:00,0.5900602337726706,0.5937327750215639,0.588836014440379,0.5925086140632629,330000,0.0,0.0
2004-12-27 00:00:00-05:00,0.5900602333068867,0.5937327745528809,0.587611853018227,0.5912843942642212,179100,0.0,0.0
2004-12-28 00:00:00-05:00,0.5925185685688209,0.5925185685688209,0.5863464768469134,0.5900497436523438,235200,0.04,0.0
2004-12-29 00:00:00-05:00,0.5912843975862463,0.5912843975862463,0.582643476988886,0.5863467454910278,241700,0.0,0.0
2004-12-30 00:00:00-05:00,0.5851126290276082,0.5888158995929994,0.5838782447468036,0.5875815153121948,216900,0.0,0.0
2004-12-31 00:00:00-05:00,0.58634680319171,0.5900500720582798,0.5851123606156995,0.5888156294822693,187500,0.0,0.0
2005-01-03 00:00:00-05:00,0.5912844557728285,0.592518898348839,0.58634680319171,0.5888156294822693,133800,0.0,0.0
2005-01-04 00:00:00-05:00,0.5875815153121948,0.5912847270160974,0.5851126290276082,0.5875815153121948,189900,0.0,0.0
2005-01-05 00:00:00-05:00,0.5851123030364952,0.5888155715386371,0.5838779194434186,0.5863467454910278,240500,0.0,0.0
2005-01-06 00:00:00-05:00,0.5863467454910278,0.5888155715386371,0.5838779194434186,0.5863467454910278,206100,0.0,0.0
2005-01-07 00:00:00-05:00,0.5851123030364952,0.5875811879455605,0.5851123030364952,0.5863467454910278,271300,0.0,0.0
2005-01-10 00:00:00-05:00,0.5863467454910278,0.5875811879455605,0.5838779194434186,0.5863467454910278,181600,0.0,0.0
2005-01-11 00:00:00-05:00,0.5863470721699015,0.5875815153121948,0.5838782447468036,0.5875815153121948,94100,0.0,0.0
2005-01-12 00:00:00-05:00,0.5851124241623308,0.5888156934310972,0.5838780403137207,0.5838780403137207,213500,0.0,0.0
2005-01-13 00:00:00-05:00,0.5863467454910278,0.5875811879455605,0.5838779194434186,0.5863467454910278,179200,0.0,0.0
2005-01-14 00:00:00-05:00,0.586346866872409,0.5875813095824872,0.5838780403137207,0.5838780403137207,324400,0.0,0.0
2005-01-18 00:00:00-05:00,0.5863467454910278,0.5875811879455605,0.5838779194434186,0.5863467454910278,153900,0.0,0.0
2005-01-19 00:00:00-05:00,0.5875811879455605,0.5888155715386371,0.5838779194434186,0.5863467454910278,225300,0.0,0.0
2005-01-20 00:00:00-05:00,0.5863470721699015,0.5875815153121948,0.5838782447468036,0.5875815153121948,183600,0.0,0.0
2005-01-21 00:00:00-05:00,0.5875811879455605,0.5875811879455605,0.5838779194434186,0.5863467454910278,207200,0.0,0.0
2005-01-24 00:00:00-05:00,0.5875815153121948,0.5875815153121948,0.5838782447468036,0.5875815153121948,210500,0.0,0.0
2005-01-25 00:00:00-05:00,0.5888155088747088,0.5925187769827351,0.5875811254129998,0.5912843346595764,227900,0.0,0.0
2005-01-26 00:00:00-05:00,0.5912843346595764,0.5925187769827351,0.5888155088747088,0.5912843346595764,158600,0.0,0.0
2005-01-27 00:00:00-05:00,0.5925187468528748,0.5937531302518148,0.5888154789331613,0.5925187468528748,138400,0.0,0.0
2005-01-28 00:00:00-05:00,0.5925192204440085,0.5962224324621933,0.591284777196951,0.5949880480766296,180800,0.0,0.0
2005-01-31 00:00:00-05:00,0.5937531302518148,0.5949875725122015,0.5875810955342213,0.5925187468528748,346000,0.0,0.0
2005-02-01 00:00:00-05:00,0.5937536048295722,0.5962224324621933,0.591284777196951,0.5949880480766296,141400,0.0,0.0
2005-02-02 00:00:00-05:00,0.5937536048295722,0.5962224324621933,0.5925192204440085,0.5949880480766296,187000,0.0,0.0
2005-02-03 00:00:00-05:00,0.5962220430374146,0.5974564854781911,0.5937532170173169,0.5962220430374146,188000,0.0,0.0
2005-02-04 00:00:00-05:00,0.5974569002203195,0.5986912846565247,0.5937536291887118,0.5986912846565247,374500,0.0,0.0
2005-02-07 00:00:00-05:00,0.59620188169187,0.6024253071696326,0.59620188169187,0.5999359488487244,198600,0.04,0.0
2005-02-08 00:00:00-05:00,0.599935562885851,0.6024249196052551,0.5986908548506761,0.6024249196052551,161200,0.0,0.0
2005-02-09 00:00:00-05:00,0.6036695682894843,0.6036695682894843,0.6011802115700802,0.6024249196052551,102400,0.0,0.0
2005-02-10 00:00:00-05:00,0.5986906610807675,0.6011800169944763,0.5949566568856677,0.6011800169944763,187000,0.0,0.0
2005-02-11 00:00:00-05:00,0.5999359488487244,0.6011805983336864,0.5974465905278161,0.5999359488487244,176200,0.0,0.0
2005-02-14 00:00:00-05:00,0.6011805983336864,0.6011805983336864,0.5974465905278161,0.5999359488487244,152900,0.0,0.0
2005-02-15 00:00:00-05:00,0.5986906610807675,0.6024247246267941,0.5986906610807675,0.6011800169944763,153900,0.0,0.0
2005-02-16 00:00:00-05:00,0.6011805983336864,0.6024253071696326,0.5986912400127783,0.5999359488487244,117100,0.0,0.0
2005-02-17 00:00:00-05:00,0.5986912400127783,0.6011805983336864,0.5974465905278161,0.5999359488487244,183700,0.0,0.0
2005-02-18 00:00:00-05:00,0.601180148639933,0.601180148639933,0.5962014357222849,0.5974461436271667,284100,0.0,0.0
2005-02-22 00:00:00-05:00,0.5962013561050203,0.5974460638436827,0.5899779361135715,0.5912226438522339,345100,0.0,0.0
2005-02-23 00:00:00-05:00,0.5912226438522339,0.5937119999786271,0.5887332877258408,0.5912226438522339,186400,0.0,0.0
2005-02-24 00:00:00-05:00,0.5924674307095186,0.5974461436271667,0.5912227228046368,0.5974461436271667,159600,0.0,0.0
2005-02-25 00:00:00-05:00,0.5974465905278161,0.6011805983336864,0.5974465905278161,0.5999359488487244,94700,0.0,0.0
2005-02-28 00:00:00-05:00,0.6011807628680234,0.6011807628680234,0.5974467540402097,0.5986914038658142,137100,0.0,0.0
2005-03-01 00:00:00-05:00,0.5986912400127783,0.6011805983336864,0.59620188169187,0.5999359488487244,255300,0.0,0.0
2005-03-02 00:00:00-05:00,0.598690792181109,0.601180148639933,0.5924674307095186,0.5974461436271667,297900,0.0,0.0
2005-03-03 00:00:00-05:00,0.5986914038658142,0.5986914038658142,0.5937126858613958,0.5986914038658142,183000,0.0,0.0
2005-03-04 00:00:00-05:00,0.596202044863605,0.5999361130424189,0.5937126858613958,0.5986914038658142,207000,0.0,0.0
2005-03-07 00:00:00-05:00,0.5974465905278161,0.6011805983336864,0.5974465905278161,0.5999359488487244,156500,0.0,0.0
2005-03-08 00:00:00-05:00,0.602445690882916,0.6037007549016304,0.5986803791315728,0.6011905670166016,143500,0.04,0.0
2005-03-09 00:00:00-05:00,0.6011907444463271,0.6011907444463271,0.5936601785687411,0.5986805558204651,165300,0.0,0.0
2005-03-10 00:00:00-05:00,0.5999354987209604,0.6011905627307275,0.5936599991293262,0.59617018699646,254600,0.0,0.0
2005-03-11 00:00:00-05:00,0.5974253043290627,0.5974253043290627,0.5873844931225887,0.5886396169662476,283700,0.0,0.0
2005-03-14 00:00:00-05:00,0.5861299035159194,0.5936604731300085,0.5798543989136882,0.5811095237731934,337200,0.0,0.0
2005-03-15 00:00:00-05:00,0.5848747472697545,0.5848747472697545,0.5660483541686531,0.5673034191131592,388700,0.0,0.0
2005-03-16 00:00:00-05:00,0.5660479878638487,0.5660479878638487,0.5509867993427641,0.5547521114349365,407100,0.0,0.0
2005-03-17 00:00:00-05:00,0.553497345099442,0.5660483536181625,0.553497345099442,0.5622830390930176,208700,0.0,0.0
2005-03-18 00:00:00-05:00,0.5572626601665334,0.5673034191131592,0.5572626601665334,0.5673034191131592,172000,0.0,0.0
2005-03-21 00:00:00-05:00,0.5647928638839228,0.5647928638839228,0.5484766112305175,0.5547521114349365,319200,0.0,0.0
2005-03-22 00:00:00-05:00,0.548477321066231,0.5560078951489899,0.5472222553096127,0.5497324466705322,192300,0.0,0.0
2005-03-23 00:00:00-05:00,0.5409461535607525,0.5459665307751934,0.5309053991318707,0.5371809005737305,317400,0.0,0.0
2005-03-24 00:00:00-05:00,0.5346708932402011,0.5522422194480896,0.5346708932402011,0.5522422194480896,220600,0.0,0.0
2005-03-28 00:00:00-05:00,0.5572621116543223,0.5622824861860886,0.5346704262613741,0.5472213625907898,239200,0.0,0.0
2005-03-29 00:00:00-05:00,0.5472214601574537,0.5585172749441186,0.5447112724440174,0.5560070872306824,107300,0.0,0.0
2005-03-30 00:00:00-05:00,0.5459666855096958,0.5509870641469815,0.5409463068724103,0.5484768748283386,300700,0.0,0.0
2005-03-31 00:00:00-05:00,0.550987094795136,0.5534972842534058,0.5472218405315501,0.5522422194480896,202900,0.0,0.0
2005-04-01 00:00:00-05:00,0.5585172749441186,0.5647927741515071,0.552241835584326,0.5560070872306824,236500,0.0,0.0
2005-04-04 00:00:00-04:00,0.5597728493588023,0.5647932288272328,0.5547524698903717,0.5622830390930176,217700,0.0,0.0
2005-04-05 00:00:00-04:00,0.5622826870081336,0.5698132514953613,0.5585173748407164,0.5698132514953613,98500,0.0,0.0
2005-04-06 00:00:00-04:00,0.5673031558054918,0.5773439100918095,0.5660480914435103,0.5760888457298279,168300,0.0,0.0
2005-04-07 00:00:00-04:00,0.5723238291623958,0.5798543987746796,0.5710687641508388,0.5785993337631226,145300,0.0,0.0
2005-04-08 00:00:00-04:00,0.5735785078755264,0.5785988837120545,0.5685581320389985,0.5748335719108582,128900,0.0,0.0
2005-04-11 00:00:00-04:00,0.5761000555672985,0.5773661780875412,0.5647046510104967,0.5710354447364807,178800,0.04,0.0
2005-04-12 00:00:00-04:00,0.560906166169095,0.5735677536993743,0.5596400436410214,0.5672369599342346,162500,0.0,0.0
2005-04-13 00:00:00-04:00,0.563438652106248,0.5672371416572201,0.5583740396215808,0.5647048354148865,143100,0.0,0.0
2005-04-14 00:00:00-04:00,0.5634384216995136,0.5659707269063123,0.5482445904587215,0.5545753836631775,129700,0.0,0.0
2005-04-15 00:00:00-04:00,0.5507770132420263,0.5558416247367859,0.5444462790610425,0.5558416247367859,149000,0.0,0.0
2005-04-18 00:00:00-04:00,0.5457123993879107,0.5609062338065,0.5457123993879107,0.5583739280700684,186300,0.0,0.0
2005-04-19 00:00:00-04:00,0.5596400436410214,0.5697692653653057,0.5596400436410214,0.5672369599342346,144900,0.0,0.0
2005-04-20 00:00:00-04:00,0.5672367821575021,0.5685029042887624,0.5545752589703735,0.5659705996513367,137600,0.0,0.0
2005-04-21 00:00:00-04:00,0.5659707207064023,0.568503025885461,0.5596399879462147,0.5634384155273438,134700,0.0,0.0
2005-04-22 00:00:00-04:00,0.5609059903764853,0.5672367821575021,0.5596398682452249,0.5659705996513367,110100,0.0,0.0
2005-04-25 00:00:00-04:00,0.5621723490720925,0.5685030824623083,0.5621723490720925,0.5672369599342346,128000,0.0,0.0
2005-04-26 00:00:00-04:00,0.5672367821575021,0.5697690867949278,0.5621721728826506,0.5659705996513367,148900,0.0,0.0
2005-04-27 00:00:00-04:00,0.5685031414031981,0.571035507471742,0.5647047130502426,0.5685031414031982,128400,0.0,0.0
2005-04-28 00:00:00-04:00,0.569769261188293,0.5735677494945146,0.5659707728820714,0.5723015666007996,193600,0.0,0.0
2005-04-29 00:00:00-04:00,0.5723012094719403,0.5723012094719403,0.5659704197037677,0.5697689056396484,150900,0.0,0.0
2005-05-02 00:00:00-04:00,0.5697692618413145,0.5723015672567234,0.5685030789461483,0.5710354447364807,158200,0.0,0.0
2005-05-03 00:00:00-04:00,0.5723015666007996,0.5735677494945146,0.568503078294578,0.5723015666007996,119800,0.0,0.0
2005-05-04 00:00:00-04:00,0.5723014981152009,0.5849630236625671,0.5697691930057276,0.5849630236625671,301100,0.0,0.0
2005-05-05 00:00:00-04:00,0.5849632687893598,0.5862294520621442,0.5723017379362237,0.5786325335502625,135200,0.0,0.0
2005-05-06 00:00:00-04:00,0.576099930281757,0.586229149740572,0.576099930281757,0.5798983573913574,121100,0.0,0.0
2005-05-09 00:00:00-04:00,0.5798984793112408,0.5798984793112408,0.5748338685170319,0.5761000514030457,147600,0.0,0.0
2005-05-10 00:00:00-04:00,0.5799318827179198,0.5812092949672112,0.5697128283650634,0.5722675919532776,138600,0.04,0.0
2005-05-11 00:00:00-04:00,0.5697125899732565,0.5786542892456055,0.5697125899732565,0.5786542892456055,121000,0.0,0.0
2005-05-12 00:00:00-04:00,0.5748226303740824,0.578654808043818,0.5709904527043469,0.5735452175140381,125800,0.0,0.0
2005-05-13 00:00:00-04:00,0.5748226112118244,0.5773773759363501,0.5671583170382476,0.5684356689453125,166600,0.0,0.0
2005-05-16 00:00:00-04:00,0.5684356933697259,0.570990458204024,0.5620488117391795,0.5671583414077759,161200,0.0,0.0
2005-05-17 00:00:00-04:00,0.5646036174630136,0.5658809695174716,0.5607714394788346,0.5620488524436951,182300,0.0,0.0
2005-05-18 00:00:00-04:00,0.5607711290324001,0.5658806562423706,0.5607711290324001,0.5658806562423706,149000,0.0,0.0
2005-05-19 00:00:00-04:00,0.5658807398455026,0.5658807398455026,0.562048624327053,0.5646033883094788,116900,0.0,0.0
2005-05-20 00:00:00-04:00,0.5633259758630769,0.5658807398455026,0.5607712118806512,0.5646033883094788,140800,0.0,0.0
2005-05-23 00:00:00-04:00,0.5658809285354277,0.5671583414077759,0.5620488117391795,0.5671583414077759,225400,0.0,0.0
2005-05-24 00:00:00-04:00,0.5684356689453125,0.5697130817627731,0.564603552313722,0.5684356689453125,208800,0.0,0.0
2005-05-25 00:00:00-04:00,0.5646037355963969,0.5646037355963969,0.5339464880396833,0.5352239012718201,943200,0.0,0.0
2005-05-26 00:00:00-04:00,0.5365008082496308,0.5467199228926949,0.5365008082496308,0.5428877472877502,583200,0.0,0.0
2005-05-27 00:00:00-04:00,0.542887950079307,0.5607713007917168,0.542887950079307,0.5569391846656799,390000,0.0,0.0
2005-05-31 00:00:00-04:00,0.5569397331100105,0.5569397331100105,0.5505527853965759,0.5505527853965759,185800,0.0,0.0
2005-06-01 00:00:00-04:00,0.5518295764923096,0.5569391045321141,0.5518295764923096,0.5518295764923096,189400,0.0,0.0
2005-06-02 00:00:00-04:00,0.5492745631995682,0.5594936146415479,0.5492745631995682,0.5556614398956299,190000,0.0,0.0
2005-06-03 00:00:00-04:00,0.5569395505122307,0.562049082643592,0.5556621370241766,0.5594943165779114,270600,0.0,0.0
2005-06-06 00:00:00-04:00,0.5594941726571101,0.5620489380656187,0.5594941726571101,0.5607715249061584,331600,0.0,0.0
2005-06-07 00:00:00-04:00,0.5598705845356758,0.5624446997672888,0.5560094423741305,0.5585835576057434,277600,0.033,0.0
2005-06-08 00:00:00-04:00,0.5585830979922787,0.5611572111058594,0.5560089848786981,0.5598701238632202,201800,0.0,0.0
2005-06-09 00:00:00-04:00,0.5585830979922787,0.5611572111058594,0.5560089848786981,0.5598701238632202,143900,0.0,0.0
2005-06-10 00:00:00-04:00,0.5572963953018188,0.5611575983223912,0.5534352536529866,0.5572963953018188,155900,0.0,0.0
2005-06-13 00:00:00-04:00,0.5585835576057434,0.5611576728373564,0.5534353271425175,0.5585835576057434,84700,0.0,0.0
2005-06-14 00:00:00-04:00,0.5611574649810791,0.5663056935373686,0.5547221485998546,0.5611574649810791,338700,0.0,0.0
2005-06-15 00:00:00-04:00,0.5611576728373564,0.5637317880689693,0.55472235407245,0.5585835576057434,173900,0.0,0.0
2005-06-16 00:00:00-04:00,0.5547222804120173,0.5572963953018188,0.5547222804120173,0.5572963953018188,169900,0.0,0.0
2005-06-17 00:00:00-04:00,0.5534350000782196,0.5572961399579414,0.5534350000782196,0.5560091137886047,146300,0.0,0.0
2005-06-20 00:00:00-04:00,0.5572962628779994,0.5611574649810791,0.5534351221466449,0.5611574649810791,179000,0.0,0.0
2005-06-21 00:00:00-04:00,0.556009488566504,0.5624447464942932,0.5547224001578942,0.5624447464942932,198000,0.0,0.0
2005-06-22 00:00:00-04:00,0.5637322068214417,0.5637322068214417,0.5611580896777189,0.5637322068214417,133100,0.0,0.0
2005-06-23 00:00:00-04:00,0.5637322068214417,0.5650192347074062,0.5624451175636833,0.5637322068214417,167300,0.0,0.0
2005-06-24 00:00:00-04:00,0.5624447464942932,0.5663059503483693,0.5598706310488268,0.5624447464942932,164800,0.0,0.0
2005-06-27 00:00:00-04:00,0.5598702536683265,0.5650184810890969,0.5508608863678344,0.5560091137886047,302700,0.0,0.0
2005-06-28 00:00:00-04:00,0.5534350000782196,0.5585832274989899,0.5508608863678344,0.5560091137886047,157500,0.0,0.0
2005-06-29 00:00:00-04:00,0.55472235407245,0.5585835576057434,0.5534353271425175,0.5585835576057434,134000,0.0,0.0
2005-06-30 00:00:00-04:00,0.5585836040119704,0.5624447464942932,0.556009488566504,0.5624447464942932,403400,0.0,0.0
2005-07-01 00:00:00-04:00,0.5572962628779994,0.5637315792592239,0.5572962628779994,0.5611574649810791,100700,0.0,0.0
2005-07-05 00:00:00-04:00,0.5572968832762377,0.5637322068214417,0.5560098553902731,0.5637322068214417,273000,0.0,0.0
2005-07-06 00:00:00-04:00,0.5611580896777189,0.5637322068214417,0.5572968832762377,0.5637322068214417,159800,0.0,0.0
2005-07-07 00:00:00-04:00,0.5560092364247897,0.5650186057124336,0.5560092364247897,0.5611574649810791,148200,0.0,0.0
2005-07-08 00:00:00-04:00,0.5598705845356758,0.5650188149989017,0.5585835576057434,0.5585835576057434,184000,0.0,0.0
2005-07-11 00:00:00-04:00,0.5576756743999257,0.5654571876718633,0.5563787246002844,0.5628633499145508,209200,0.033,0.0
2005-07-12 00:00:00-04:00,0.5602693718167743,0.5667539336647689,0.5602693718167743,0.5654570460319519,228700,0.0,0.0
2005-07-13 00:00:00-04:00,0.5576753109021034,0.5654568191019834,0.5576753109021034,0.5641598701477051,274300,0.0,0.0
2005-07-14 00:00:00-04:00,0.5641602378722219,0.5654571876718633,0.5602695121572382,0.5628633499145508,299800,0.0,0.0
2005-07-15 00:00:00-04:00,0.5615662594495913,0.5654570460319519,0.5602693718167743,0.5654570460319519,150900,0.0,0.0
2005-07-18 00:00:00-04:00,0.5615663528442383,0.5641601903832107,0.5589725153052659,0.5615663528442383,141200,0.0,0.0
2005-07-19 00:00:00-04:00,0.5628629830353568,0.5641598701477051,0.5602691469687301,0.5641598701477051,97900,0.0,0.0
2005-07-20 00:00:00-04:00,0.5602691769599915,0.5628630131654664,0.5576753407545164,0.5602691769599915,139200,0.0,0.0
2005-07-21 00:00:00-04:00,0.5589728462961936,0.5615666853710855,0.5563790072213018,0.5576759576797485,121800,0.0,0.0
2005-07-22 00:00:00-04:00,0.5589722279362873,0.5602691769599915,0.5576753407545164,0.5602691769599915,133000,0.0,0.0
2005-07-25 00:00:00-04:00,0.5602691469687301,0.5641598701477051,0.5589721980144517,0.5641598701477051,194000,0.0,0.0
2005-07-26 00:00:00-04:00,0.5602694649957346,0.5641601903832107,0.5602694649957346,0.5615663528442383,125900,0.0,0.0
2005-07-27 00:00:00-04:00,0.5641598701477051,0.5667537062143317,0.5628629830353568,0.5641598701477051,191200,0.0,0.0
2005-07-28 00:00:00-04:00,0.5654572290184834,0.5719417929649353,0.5641602791240081,0.5719417929649353,262600,0.0,0.0
2005-07-29 00:00:00-04:00,0.5693481435938038,0.5706450939178467,0.5667543047877135,0.5706450939178467,91900,0.0,0.0
2005-08-01 00:00:00-04:00,0.5706449275842479,0.571941815688274,0.5667541395882152,0.5693479776382446,121500,0.0,0.0
2005-08-02 00:00:00-04:00,0.5667543047877135,0.5706450939178467,0.5667543047877135,0.5706450939178467,130800,0.0,0.0
2005-08-03 00:00:00-04:00,0.5706449275842479,0.5706449275842479,0.5667541395882152,0.5693479776382446,85700,0.0,0.0
2005-08-04 00:00:00-04:00,0.568051278591156,0.5693481671268082,0.5641604893002039,0.568051278591156,114700,0.0,0.0
2005-08-05 00:00:00-04:00,0.566754328213506,0.568051278591156,0.5641604893002039,0.568051278591156,84700,0.0,0.0
2005-08-08 00:00:00-04:00,0.5697492361068726,0.5710559679679381,0.5671357100733657,0.5697492361068726,107700,0.033,0.0
2005-08-09 00:00:00-04:00,0.5658289159009244,0.5710559679679381,0.5632153898674176,0.5697492361068726,118200,0.0,0.0
2005-08-10 00:00:00-04:00,0.5697492361068726,0.5710559679679381,0.5658289159009244,0.5697492361068726,169100,0.0,0.0
2005-08-11 00:00:00-04:00,0.5684432598490705,0.5697500559018185,0.5632162002610097,0.5671365261077881,135500,0.0,0.0
2005-08-12 00:00:00-04:00,0.5645226836204529,0.5671362119668306,0.5592956269276976,0.5645226836204529,221900,0.0,0.0
2005-08-15 00:00:00-04:00,0.5632162002610097,0.5671365261077881,0.5619094665197272,0.5671365261077881,144300,0.0,0.0
2005-08-16 00:00:00-04:00,0.5671365261077881,0.5684432598490705,0.5632162002610097,0.5671365261077881,146300,0.0,0.0
2005-08-17 00:00:00-04:00,0.5671362119668306,0.5684429449843039,0.5632158882915487,0.5645226836204529,114700,0.0,0.0
2005-08-18 00:00:00-04:00,0.5671359951463304,0.5671359951463304,0.5606021456226122,0.5632156729698181,190600,0.0,0.0
2005-08-19 00:00:00-04:00,0.5619094665197272,0.5671365261077881,0.5619094665197272,0.5671365261077881,161400,0.0,0.0
2005-08-22 00:00:00-04:00,0.5645229963137576,0.5684432598490705,0.5645229963137576,0.5671365261077881,124500,0.0,0.0
2005-08-23 00:00:00-04:00,0.5684432598490705,0.5684432598490705,0.5632162002610097,0.5671365261077881,107700,0.0,0.0
2005-08-24 00:00:00-04:00,0.5671366097257977,0.5671366097257977,0.5645230795464312,0.5658298134803772,104200,0.0,0.0
2005-08-25 00:00:00-04:00,0.5658289159009244,0.5697492361068726,0.5645221840398589,0.5697492361068726,139500,0.0,0.0
2005-08-26 00:00:00-04:00,0.5684426426887512,0.5697494373227073,0.5645223834096786,0.5684426426887512,119800,0.0,0.0
2005-08-29 00:00:00-04:00,0.5684429449843039,0.5723632686595859,0.5645226836204529,0.5645226836204529,170800,0.0,0.0
2005-08-30 00:00:00-04:00,0.5645224677991245,0.5684427276642298,0.5632156729698181,0.5632156729698181,117400,0.0,0.0
2005-08-31 00:00:00-04:00,0.5645223834096786,0.5684426426887512,0.5632155887757225,0.5684426426887512,205000,0.0,0.0
2005-09-01 00:00:00-04:00,0.5658297300550401,0.5697500559018185,0.5645229963137576,0.5671365261077881,107600,0.0,0.0
2005-09-02 00:00:00-04:00,0.5658293102567764,0.5710563659667969,0.5658293102567764,0.5710563659667969,171400,0.0,0.0
2005-09-06 00:00:00-04:00,0.5710563659667969,0.5710563659667969,0.5671361053399911,0.5710563659667969,115300,0.0,0.0
2005-09-07 00:00:00-04:00,0.5684428381117866,0.5723631610500116,0.5658293102567764,0.5710563659667969,156800,0.0,0.0
2005-09-08 00:00:00-04:00,0.5710567594477166,0.5736702891035531,0.56844322979188,0.572363555431366,120000,0.0,0.0
2005-09-09 00:00:00-04:00,0.5740749971149346,0.5753916501998901,0.5727582812455106,0.5753916501998901,178700,0.033,0.0
2005-09-12 00:00:00-04:00,0.5740746744952985,0.5753913268403191,0.5674912244168961,0.5727579593658447,232100,0.0,0.0
2005-09-13 00:00:00-04:00,0.5701250172550502,0.5740751028060913,0.5688083639276896,0.5740751028060913,161800,0.0,0.0
2005-09-14 00:00:00-04:00,0.5740746744952985,0.5740746744952985,0.5688079395463498,0.5727579593658447,160700,0.0,0.0
2005-09-15 00:00:00-04:00,0.5714413070208241,0.5727579593658447,0.5688079395463498,0.5727579593658447,147800,0.0,0.0
2005-09-16 00:00:00-04:00,0.5727575746327427,0.5740742888777322,0.5688075574665559,0.5701242089271545,139800,0.0,0.0
2005-09-19 00:00:00-04:00,0.5688075574665559,0.571440923172144,0.5661741917609677,0.5701242089271545,131200,0.0,0.0
2005-09-20 00:00:00-04:00,0.5701251496314547,0.5727585196820932,0.5674917795808161,0.5688084959983826,137400,0.0,0.0
2005-09-21 00:00:00-04:00,0.5674915177946767,0.5701248866305315,0.562224780122967,0.5661748647689819,164000,0.0,0.0
2005-09-22 00:00:00-04:00,0.5661750335779312,0.5674916869961951,0.5609082943359073,0.5648583173751831,125800,0.0,0.0
2005-09-23 00:00:00-04:00,0.5622245778078826,0.5661746610324703,0.5569578420313944,0.5635412931442261,147500,0.0,0.0
2005-09-26 00:00:00-04:00,0.5622245418454735,0.5622245418454735,0.5556410911537489,0.5595911741256714,162000,0.0,0.0
2005-09-27 00:00:00-04:00,0.5622245418454735,0.563541257097594,0.5556410911537489,0.5595911741256714,158600,0.0,0.0
2005-09-28 00:00:00-04:00,0.5595914112871121,0.5661748647689819,0.5595914112871121,0.5661748647689819,213100,0.0,0.0
2005-09-29 00:00:00-04:00,0.5595911741256714,0.5648579095652756,0.558274458873551,0.5595911741256714,115000,0.0,0.0
2005-09-30 00:00:00-04:00,0.5595915216155695,0.5609082376853319,0.5556414361907599,0.5582748055458069,153300,0.0,0.0
2005-10-03 00:00:00-04:00,0.5569581522605224,0.5595915216155695,0.5543247829054753,0.5582748055458069,143300,0.0,0.0
2005-10-04 00:00:00-04:00,0.5569578064058693,0.5595911741256714,0.5556410911537489,0.5595911741256714,106900,0.0,0.0
2005-10-05 00:00:00-04:00,0.5595913634497398,0.5609080791473389,0.5569579948390018,0.5609080791473389,116900,0.0,0.0
2005-10-06 00:00:00-04:00,0.5609082376853319,0.5622248909706166,0.5530080668357128,0.5582748055458069,108300,0.0,0.0
2005-10-07 00:00:00-04:00,0.5556415282978294,0.5622249841690063,0.5530081585062563,0.5622249841690063,182200,0.0,0.0
2005-10-10 00:00:00-04:00,0.5622248909706166,0.563541607040379,0.5569581522605224,0.5582748055458069,147000,0.0,0.0
2005-10-11 00:00:00-04:00,0.5560185887176541,0.5613266369359241,0.5520375209154885,0.5573455691337585,153400,0.033,0.0
2005-10-12 00:00:00-04:00,0.5560186997854915,0.5573456804666678,0.5162082985576537,0.5414215326309204,352300,0.0,0.0
2005-10-13 00:00:00-04:00,0.5281513499772573,0.536113422998792,0.5188622647854667,0.5228433012962341,319000,0.0,0.0
2005-10-14 00:00:00-04:00,0.522843669113793,0.522843669113793,0.508246493333483,0.520189642906189,450900,0.0,0.0
2005-10-17 00:00:00-04:00,0.5228432755899663,0.5281513240100124,0.5201892513799433,0.5215162634849548,181900,0.0,0.0
2005-10-18 00:00:00-04:00,0.5215162634849548,0.5294783361150239,0.5148812029598973,0.5215162634849548,142100,0.0,0.0
2005-10-19 00:00:00-04:00,0.516208603594783,0.524170682217595,0.513554545748691,0.520189642906189,201600,0.0,0.0
2005-10-20 00:00:00-04:00,0.516208603594783,0.522843669113793,0.514881590490981,0.520189642906189,104200,0.0,0.0
2005-10-21 00:00:00-04:00,0.5162082150649088,0.5215162634849548,0.5135541592164214,0.5215162634849548,185600,0.0,0.0
2005-10-24 00:00:00-04:00,0.5215164925457222,0.5254975306093105,0.5148814291064082,0.5241705179214478,189200,0.0,0.0
2005-10-25 00:00:00-04:00,0.521516147471992,0.5334592537603129,0.5201891356621786,0.530805230140686,158100,0.0,0.0
2005-10-26 00:00:00-04:00,0.5294785339304494,0.5294785339304494,0.5188624331241369,0.5254974961280823,150800,0.0,0.0
2005-10-27 00:00:00-04:00,0.5254974961280823,0.5308055465312385,0.5228434709265042,0.5254974961280823,124600,0.0,0.0
2005-10-28 00:00:00-04:00,0.5268243637939638,0.5334594249725342,0.5241703393225356,0.5334594249725342,192600,0.0,0.0
2005-10-31 00:00:00-05:00,0.5321324951465861,0.5427485940451915,0.5294784387834645,0.5361135005950928,280800,0.0,0.0
2005-11-01 00:00:00-05:00,0.5334593594679378,0.5361133836134727,0.5294783232496354,0.5347864031791687,125900,0.0,0.0
2005-11-02 00:00:00-05:00,0.5347866821779346,0.5414217143648116,0.5321326566477917,0.5400947332382202,153100,0.0,0.0
2005-11-03 00:00:00-05:00,0.5374407077080774,0.5427487587683629,0.536113663304526,0.5400947332382202,176400,0.0,0.0
2005-11-04 00:00:00-05:00,0.5400947332382202,0.5414217143648116,0.5334596377743832,0.5400947332382202,126600,0.0,0.0
2005-11-07 00:00:00-05:00,0.5391579923590812,0.5391579923590812,0.5338065217512357,0.5378201007843018,121900,0.033,0.0
2005-11-08 00:00:00-05:00,0.5338067752988024,0.535144635611948,0.5311310546725111,0.5324689149856567,101100,0.0,0.0
2005-11-09 00:00:00-05:00,0.5364824157329625,0.5364824157329625,0.5244416435332686,0.5297930836677551,217900,0.0,0.0
2005-11-10 00:00:00-05:00,0.5271173972966269,0.5324688377732056,0.5244416770583374,0.5284552574157715,160300,0.0,0.0
2005-11-11 00:00:00-05:00,0.5297931175349162,0.5297931175349162,0.5217659568200481,0.5284552574157715,165900,0.0,0.0
2005-11-14 00:00:00-05:00,0.5244418382644653,0.5284554198556186,0.5217661172036966,0.5244418382644653,163800,0.0,0.0
2005-11-15 00:00:00-05:00,0.5244416514515008,0.5271173715591431,0.5204280712900372,0.5271173715591431,360100,0.0,0.0
2005-11-16 00:00:00-05:00,0.5217659568200481,0.5284552574157715,0.5190902365817587,0.5284552574157715,163900,0.0,0.0
2005-11-17 00:00:00-05:00,0.5284558157711553,0.5284558157711553,0.5204286465749478,0.5231043696403503,189200,0.0,0.0
2005-11-18 00:00:00-05:00,0.5217661172036966,0.5257796987948498,0.5190903961429277,0.5244418382644653,195900,0.0,0.0
2005-11-21 00:00:00-05:00,0.523103977734081,0.5257796987948498,0.5190903961429277,0.5244418382644653,235900,0.0,0.0
2005-11-22 00:00:00-05:00,0.5244422311730516,0.5244422311730516,0.5190907850422465,0.5231043696403503,201600,0.0,0.0
2005-11-23 00:00:00-05:00,0.5231036281643296,0.5244414878006746,0.5177521577218599,0.5217657685279846,389300,0.0,0.0
2005-11-25 00:00:00-05:00,0.5217657282890751,0.5271171664217487,0.5190900092227383,0.5257793068885803,141300,0.0,0.0
2005-11-28 00:00:00-05:00,0.5257793068885803,0.5297928854880856,0.5204278687559066,0.5257793068885803,210400,0.0,0.0
2005-11-29 00:00:00-05:00,0.5257793068885803,0.5271171664217487,0.5231035878222435,0.5257793068885803,174300,0.0,0.0
2005-11-30 00:00:00-05:00,0.5257793068885803,0.5271171664217487,0.5177521177924825,0.5257793068885803,285200,0.0,0.0
2005-12-01 00:00:00-05:00,0.5231036281643296,0.5257793474370196,0.5217657685279846,0.5217657685279846,179000,0.0,0.0
2005-12-02 00:00:00-05:00,0.5204279088916396,0.5244414878006746,0.5190900492552947,0.5217657685279846,202500,0.0,0.0
2005-12-05 00:00:00-05:00,0.5204279088916396,0.5257793474370196,0.5190900492552947,0.5217657685279846,246000,0.0,0.0
2005-12-06 00:00:00-05:00,0.5208213925361633,0.5235199786432703,0.5181228385983568,0.5208213925361633,210100,0.033,0.0
2005-12-07 00:00:00-05:00,0.5194720157146242,0.5208212924241702,0.5167734622955322,0.5167734622955322,305300,0.0,0.0
2005-12-08 00:00:00-05:00,0.5167736868101812,0.5194722414016724,0.5140751322186901,0.5194722414016724,222800,0.0,0.0
2005-12-09 00:00:00-05:00,0.5167735153957688,0.5235199318060102,0.5154242385475799,0.5181227922439575,264500,0.0,0.0
2005-12-12 00:00:00-05:00,0.5167734622955322,0.5181227390050782,0.5113763554573482,0.5167734622955322,351400,0.0,0.0
2005-12-13 00:00:00-05:00,0.5127257637614137,0.5167735949289548,0.5086779325938726,0.5140750408172607,302500,0.0,0.0
2005-12-14 00:00:00-05:00,0.5167736660691503,0.5289171934127808,0.5140751115859673,0.5289171934127808,853200,0.0,0.0
2005-12-15 00:00:00-05:00,0.5248691291274471,0.5302662357024472,0.5167734370956542,0.5221705436706543,282800,0.0,0.0
2005-12-16 00:00:00-05:00,0.5208215186974179,0.5248693827539629,0.5167736868101812,0.5194722414016724,209600,0.0,0.0
2005-12-19 00:00:00-05:00,0.5181228385983568,0.5208213925361633,0.5167735616294535,0.5208213925361633,245500,0.0,0.0
2005-12-20 00:00:00-05:00,0.5154241604519041,0.523519852483697,0.5140748838081541,0.5221705436706543,312000,0.0,0.0
2005-12-21 00:00:00-05:00,0.5194719903831543,0.5221705436706543,0.5167734370956542,0.5221705436706543,381700,0.0,0.0
2005-12-22 00:00:00-05:00,0.5239396813566347,0.5253005623817444,0.5184961572561965,0.5253005623817444,382000,0.033,0.0
2005-12-23 00:00:00-05:00,0.5253005623817444,0.526661443406854,0.5212179193064156,0.5253005623817444,215100,0.0,0.0
2005-12-27 00:00:00-05:00,0.5253006257213524,0.5293833017349243,0.5239397445321508,0.5293833017349243,335300,0.0,0.0
2005-12-28 00:00:00-05:00,0.5293834084831422,0.534826934337616,0.5280225270195238,0.534826934337616,447200,0.0,0.0
2005-12-29 00:00:00-05:00,0.5334658866938138,0.5375485298128833,0.5307441246144342,0.5361876487731934,332000,0.0,0.0
2005-12-30 00:00:00-05:00,0.5334658866938138,0.5361876487731934,0.532105005654124,0.5361876487731934,295300,0.0,0.0
2006-01-03 00:00:00-05:00,0.5334658866938138,0.5402702918922628,0.5334658866938138,0.5361876487731934,166300,0.0,0.0
2006-01-04 00:00:00-05:00,0.5361877323731173,0.5416312573806059,0.5348268511212452,0.5389094948768616,271400,0.0,0.0
2006-01-05 00:00:00-05:00,0.5389095070732606,0.5497965573346293,0.5389095070732606,0.5470747947692871,210300,0.0,0.0
2006-01-06 00:00:00-05:00,0.5511577129364014,0.5566012404559537,0.5497967986105299,0.5511577129364014,190500,0.0,0.0
2006-01-09 00:00:00-05:00,0.5552403330802917,0.5579620968741376,0.5525185692864459,0.5552403330802917,208100,0.0,0.0
2006-01-10 00:00:00-05:00,0.5552403346803095,0.5647665404322051,0.5511577214237597,0.5593230128288269,204100,0.0,0.0
2006-01-11 00:00:00-05:00,0.5593228216653862,0.5647663474082947,0.5579619077836863,0.5647663474082947,222400,0.0,0.0
2006-01-12 00:00:00-05:00,0.562044776630516,0.5661273898870658,0.5593230128288269,0.5593230128288269,191300,0.0,0.0
2006-01-13 00:00:00-05:00,0.5593230128288269,0.5593230128288269,0.5552403346803095,0.5593230128288269,140800,0.0,0.0
2006-01-17 00:00:00-05:00,0.5579620968741376,0.5579620968741376,0.5511577198355068,0.5552403330802917,149600,0.0,0.0
2006-01-18 00:00:00-05:00,0.553879102359504,0.553879102359504,0.5497964270331138,0.5525181889533997,116600,0.0,0.0
2006-01-19 00:00:00-05:00,0.5497964661903921,0.5552399904186591,0.5497964661903921,0.5538791418075562,127100,0.0,0.0
2006-01-20 00:00:00-05:00,0.5511577198355068,0.5566012474231984,0.5511577198355068,0.5552403330802917,142300,0.0,0.0
2006-01-23 00:00:00-05:00,0.5552397769082917,0.5593224509555156,0.5525180158407766,0.5566006898880005,148000,0.0,0.0
2006-01-24 00:00:00-05:00,0.5552403346803095,0.5593230128288269,0.5552403346803095,0.5593230128288269,212400,0.0,0.0
2006-01-25 00:00:00-05:00,0.5606834888458252,0.5634052508347108,0.5566008783084591,0.5606834888458252,260300,0.0,0.0
2006-01-26 00:00:00-05:00,0.5606838622836876,0.5606838622836876,0.5579620984819985,0.5593230128288269,133600,0.0,0.0
2006-01-27 00:00:00-05:00,0.5593229761002442,0.5620447397232056,0.5579620618427819,0.5620447397232056,178100,0.0,0.0
2006-01-30 00:00:00-05:00,0.5606834888458252,0.5606834888458252,0.5566008783084591,0.5606834888458252,180200,0.0,0.0
2006-01-31 00:00:00-05:00,0.5606834888458252,0.5620444022862303,0.5579617268569397,0.5606834888458252,160600,0.0,0.0
2006-02-01 00:00:00-05:00,0.5606838622836876,0.5606838622836876,0.5579620984819985,0.5593230128288269,117900,0.0,0.0
2006-02-02 00:00:00-05:00,0.5579621053027949,0.5647665473361821,0.5579621053027949,0.5634056329727173,178300,0.0,0.0
2006-02-03 00:00:00-05:00,0.560683869137756,0.5647665473361821,0.560683869137756,0.5634056329727173,165500,0.0,0.0
2006-02-06 00:00:00-05:00,0.5638170415705802,0.5665606741037045,0.5624451925973385,0.5651888251304626,136000,0.033,0.0
2006-02-07 00:00:00-05:00,0.5651888674983162,0.566560716574395,0.562445234759523,0.5638170838356018,154900,0.0,0.0
2006-02-08 00:00:00-05:00,0.5638170415705802,0.5693043066368287,0.5638170415705802,0.5651888251304626,295400,0.0,0.0
2006-02-09 00:00:00-05:00,0.5638170415705802,0.5665606741037045,0.5638170415705802,0.5651888251304626,223000,0.0,0.0
2006-02-10 00:00:00-05:00,0.5651888674983162,0.5679325002371094,0.5638170838356018,0.5638170838356018,115200,0.0,0.0
2006-02-13 00:00:00-05:00,0.5624452632161651,0.567932528971377,0.5624452632161651,0.5665607452392578,106900,0.0,0.0
2006-02-14 00:00:00-05:00,0.5665607143104393,0.569304347038269,0.5651888652398424,0.569304347038269,184000,0.0,0.0
2006-02-15 00:00:00-05:00,0.569304347038269,0.5720479797660988,0.5665607143104393,0.569304347038269,126500,0.0,0.0
2006-02-16 00:00:00-05:00,0.5706759809174454,0.5747914616357342,0.5679323489097018,0.5720478296279907,129500,0.0,0.0
2006-02-17 00:00:00-05:00,0.5720479165648392,0.5802788138389587,0.5720479165648392,0.5802788138389587,236800,0.0,0.0
2006-02-21 00:00:00-05:00,0.5830224462636653,0.5871379276074035,0.5761633324952207,0.5802788138389587,237000,0.0,0.0
2006-02-22 00:00:00-05:00,0.5830224039532952,0.5843942527727707,0.577535139502097,0.5816505551338196,127600,0.0,0.0
2006-02-23 00:00:00-05:00,0.5816505973446336,0.5830224462636653,0.5775351814142523,0.5802788138389587,126700,0.0,0.0
2006-02-24 00:00:00-05:00,0.580278771727696,0.5843942527727707,0.577535139502097,0.5816505551338196,255400,0.0,0.0
2006-02-27 00:00:00-05:00,0.5816503883978145,0.5871377166893661,0.5789067569587053,0.5830222368240356,206500,0.0,0.0
2006-02-28 00:00:00-05:00,0.5843937993049622,0.5857655816466337,0.5816501037950165,0.5843937993049622,247400,0.0,0.0
2006-03-01 00:00:00-05:00,0.5843944719349844,0.5871381051895129,0.5830226226010318,0.5857662558555603,216600,0.0,0.0
2006-03-02 00:00:00-05:00,0.5843937993049622,0.5857655816466337,0.5816501037950165,0.5843937993049622,139500,0.0,0.0
2006-03-03 00:00:00-05:00,0.5843942362565252,0.5857660196238791,0.5693042267355306,0.5747914910316467,305600,0.0,0.0
2006-03-06 00:00:00-05:00,0.570676161848983,0.5747916438720757,0.5638171123616519,0.5665607452392578,353500,0.0,0.0
2006-03-07 00:00:00-05:00,0.5638170838356018,0.5706761329759027,0.5597016020207298,0.5638170838356018,192500,0.0,0.0
2006-03-08 00:00:00-05:00,0.5656149030280339,0.5656149030280339,0.539339387152546,0.5545515418052673,437300,0.033,0.0
2006-03-09 00:00:00-05:00,0.5573171377182007,0.5600829768110263,0.5504025070147339,0.5573171377182007,273500,0.0,0.0
2006-03-10 00:00:00-05:00,0.5573174483649979,0.5600832889994933,0.5531686544418335,0.5531686544418335,201100,0.0,0.0
2006-03-13 00:00:00-05:00,0.5573174005355324,0.5587002877626783,0.5476369261741638,0.5476369261741638,251800,0.0,0.0
2006-03-14 00:00:00-05:00,0.547636610270364,0.5586999654769897,0.547636610270364,0.5586999654769897,228700,0.0,0.0
2006-03-15 00:00:00-05:00,0.560083151221439,0.564231878181192,0.5545514713132176,0.5614660382270813,192800,0.0,0.0
2006-03-16 00:00:00-05:00,0.5642319321632385,0.5683807254627472,0.5587002517257819,0.5642319321632385,148800,0.0,0.0
2006-03-17 00:00:00-05:00,0.5656148852440189,0.5683807254627472,0.5628490450252905,0.5642319321632385,107400,0.0,0.0
2006-03-20 00:00:00-05:00,0.5697636542171932,0.5725294946379432,0.5656149265574869,0.5711466073989868,174300,0.0,0.0
2006-03-21 00:00:00-05:00,0.572529310747607,0.5766781030176026,0.5711464239528192,0.5752951502799988,136000,0.0,0.0
2006-03-22 00:00:00-05:00,0.5752951497099826,0.5780609892396338,0.5711464233869137,0.5739122629165649,169200,0.0,0.0
2006-03-23 00:00:00-05:00,0.5739122634852108,0.5766781030176026,0.572529310747607,0.5752951502799988,161700,0.0,0.0
2006-03-24 00:00:00-05:00,0.5752953823711285,0.5766783356666565,0.5725295417229151,0.5766783356666565,165900,0.0,0.0
2006-03-27 00:00:00-05:00,0.5739122629165649,0.5780609892396338,0.5725293101803314,0.5739122629165649,176300,0.0,0.0
2006-03-28 00:00:00-05:00,0.5752953350586932,0.5752953350586932,0.5669978137964433,0.5711466073989868,217600,0.0,0.0
2006-03-29 00:00:00-05:00,0.5739122634852108,0.5752951502799987,0.5669976316828237,0.5752951502799988,195000,0.0,0.0
2006-03-30 00:00:00-05:00,0.5725292061301596,0.5752950451571535,0.5669975280761719,0.5669975280761719,137600,0.0,0.0
2006-03-31 00:00:00-05:00,0.5711462730558431,0.5725291594852719,0.5586999654769897,0.5586999654769897,314700,0.0,0.0
2006-04-03 00:00:00-04:00,0.564231792150432,0.5752951502799987,0.5600830658232525,0.5752951502799988,323900,0.0,0.0
2006-04-04 00:00:00-04:00,0.5725295543670654,0.5766783484024318,0.566997872948473,0.5725295543670654,252400,0.0,0.0
2006-04-05 00:00:00-04:00,0.5725295417229151,0.5766783356666565,0.5697637010747018,0.5766783356666565,154700,0.0,0.0
2006-04-06 00:00:00-04:00,0.5766783356666565,0.5780612230193419,0.5725295417229151,0.5766783356666565,126800,0.0,0.0
2006-04-07 00:00:00-04:00,0.5766780525194793,0.5780609391931715,0.5683805346488953,0.5683805346488953,183100,0.0,0.0
2006-04-10 00:00:00-04:00,0.5632219345880669,0.5771630584191534,0.5632219345880669,0.5715866088867188,184000,0.033,0.0
2006-04-11 00:00:00-04:00,0.5729813994055611,0.5743754801194634,0.5660107964062592,0.5701931715011597,56100,0.0,0.0
2006-04-12 00:00:00-04:00,0.5687983841205015,0.5729807545080885,0.5687983841205015,0.5715866088867188,122600,0.0,0.0
2006-04-13 00:00:00-04:00,0.5729811948791173,0.5729811948791173,0.5660105943679811,0.566010594367981,120200,0.0,0.0
2006-04-17 00:00:00-04:00,0.5646165609359741,0.5715870955481175,0.5604341869874251,0.5646165609359741,139500,0.0,0.0
2006-04-18 00:00:00-04:00,0.5618281160759854,0.5687986479869059,0.5604339698078695,0.567404568195343,85400,0.0,0.0
2006-04-19 00:00:00-04:00,0.567404568195343,0.5701927942550219,0.5646163421356643,0.567404568195343,123800,0.0,0.0
2006-04-20 00:00:00-04:00,0.5687988212771209,0.5715870481862608,0.5646165141516977,0.566010594367981,120800,0.0,0.0
2006-04-21 00:00:00-04:00,0.5687990243106605,0.5729813994055611,0.5660107964062592,0.5701931715011597,155200,0.0,0.0
2006-04-24 00:00:00-04:00,0.571587252215062,0.5729813994055611,0.5674049435967583,0.5701931715011597,90700,0.0,0.0
2006-04-25 00:00:00-04:00,0.5687988212771209,0.5729811948791173,0.5646165141516977,0.566010594367981,203300,0.0,0.0
2006-04-26 00:00:00-04:00,0.5646165141516977,0.5687988212771209,0.5632223674588411,0.566010594367981,107900,0.0,0.0
2006-04-27 00:00:00-04:00,0.5660104219272272,0.5687986479869059,0.5646163421356643,0.567404568195343,148800,0.0,0.0
2006-04-28 00:00:00-04:00,0.5660104606864335,0.572981059551239,0.5646163807994069,0.572981059551239,174800,0.0,0.0
2006-05-01 00:00:00-04:00,0.5715869855887489,0.5743752121925354,0.5687987589849625,0.5743752121925354,146800,0.0,0.0
2006-05-02 00:00:00-04:00,0.5743752121925354,0.5757693587327115,0.5701929055251387,0.5743752121925354,189600,0.0,0.0
2006-05-03 00:00:00-04:00,0.5757689792743057,0.5757689792743057,0.5715866088867188,0.5715866088867188,82200,0.0,0.0
2006-05-04 00:00:00-04:00,0.5715866088867188,0.5757689792743057,0.5701925297418712,0.5715866088867188,106300,0.0,0.0
2006-05-05 00:00:00-04:00,0.5715869131876549,0.5771633656888763,0.5715869131876549,0.572981059551239,262600,0.0,0.0
2006-05-08 00:00:00-04:00,0.5663760041985809,0.5762137573960048,0.5663760041985809,0.5705921649932861,126100,0.033,0.0
2006-05-09 00:00:00-04:00,0.5734024519491259,0.576213245654186,0.5691862948988398,0.57480788230896,182800,0.0,0.0
2006-05-10 00:00:00-04:00,0.5734028877210684,0.5762136835622634,0.5705920918798733,0.5719975233078003,116500,0.0,0.0
2006-05-11 00:00:00-04:00,0.5734028474276732,0.5748082787568397,0.5691866874694824,0.5691866874694824,133300,0.0,0.0
2006-05-12 00:00:00-04:00,0.5705920517839946,0.5734028474276732,0.5691866874694824,0.5691866874694824,81300,0.0,0.0
2006-05-15 00:00:00-04:00,0.5719973221270609,0.5719973221270609,0.566375732421875,0.566375732421875,136000,0.0,0.0
2006-05-16 00:00:00-04:00,0.5691868003999402,0.5705921649932861,0.5649705725905675,0.5705921649932861,107000,0.0,0.0
2006-05-17 00:00:00-04:00,0.5691863001882119,0.5705916635464978,0.5635647127258511,0.564970076084137,148600,0.0,0.0
2006-05-18 00:00:00-04:00,0.5649703014882609,0.5677810963408538,0.5621595066356679,0.566375732421875,115100,0.0,0.0
2006-05-19 00:00:00-04:00,0.5663758110355817,0.5677811751496268,0.5621595846641568,0.5635650157928467,101000,0.0,0.0
2006-05-22 00:00:00-04:00,0.5635652079972215,0.5705921649932861,0.5635652079972215,0.5705921649932861,77900,0.0,0.0
2006-05-23 00:00:00-04:00,0.5663758918258038,0.5691866874694824,0.5663758918258038,0.5691866874694824,120500,0.0,0.0
2006-05-24 00:00:00-04:00,0.5719972199312011,0.5734025835990906,0.5677809948982857,0.5734025835990906,201300,0.0,0.0
2006-05-25 00:00:00-04:00,0.5719970886038999,0.57480788230896,0.5705916582440658,0.57480788230896,192800,0.0,0.0
2006-05-26 00:00:00-04:00,0.5705916582440658,0.57480788230896,0.5691862948988398,0.57480788230896,124900,0.0,0.0
2006-05-30 00:00:00-04:00,0.5748083191489954,0.5748083191489954,0.5705920918798733,0.5719975233078003,97400,0.0,0.0
2006-05-31 00:00:00-04:00,0.5719972199312011,0.5748080142816036,0.5705917892486881,0.5734025835990906,115000,0.0,0.0
2006-06-01 00:00:00-04:00,0.5705916582440658,0.57480788230896,0.5705916582440658,0.57480788230896,106400,0.0,0.0
2006-06-02 00:00:00-04:00,0.5748078649225918,0.5804294521626744,0.5719970713025505,0.5776186585426331,246800,0.0,0.0
2006-06-05 00:00:00-04:00,0.5762132282253095,0.5818348154653921,0.5734024346052682,0.5776186585426331,170000,0.0,0.0
2006-06-06 00:00:00-04:00,0.5748080142816036,0.577618808632006,0.5691864255807986,0.5734025835990906,259600,0.0,0.0
2006-06-07 00:00:00-04:00,0.5752447158783092,0.5752447158783092,0.5695772855789051,0.5724110007286072,108300,0.033,0.0
2006-06-08 00:00:00-04:00,0.5738276739763453,0.5752444972321231,0.5681602458310887,0.570993959903717,110000,0.0,0.0
2006-06-09 00:00:00-04:00,0.5695772855789051,0.5738278920840074,0.5695772855789051,0.5724110007286072,108900,0.0,0.0
2006-06-12 00:00:00-04:00,0.570993959903717,0.5738276739763453,0.570993959903717,0.570993959903717,84300,0.0,0.0
2006-06-13 00:00:00-04:00,0.5738280032445042,0.5738280032445042,0.5695773959159851,0.5695773959159851,105700,0.0,0.0
2006-06-14 00:00:00-04:00,0.5695773959159851,0.570994287545862,0.5653268223680218,0.5695773959159851,144100,0.0,0.0
2006-06-15 00:00:00-04:00,0.5667437612817763,0.5738280853222469,0.5653269032297943,0.5681606531143188,115900,0.0,0.0
2006-06-16 00:00:00-04:00,0.5709940943292311,0.5709940943292311,0.5624929163294315,0.5653266310691833,123700,0.0,0.0
2006-06-19 00:00:00-04:00,0.5667434884390592,0.5667434884390592,0.5653266310691833,0.5653266310691833,77800,0.0,0.0
2006-06-20 00:00:00-04:00,0.5667434930801392,0.5695772078430963,0.5653266356986606,0.5667434930801392,129800,0.0,0.0
2006-06-21 00:00:00-04:00,0.5667434930801392,0.5695772078430963,0.5653266356986606,0.5667434930801392,146100,0.0,0.0
2006-06-22 00:00:00-04:00,0.5667440229121451,0.5681609153987786,0.5639103055000305,0.5639103055000305,124100,0.0,0.0
2006-06-23 00:00:00-04:00,0.5639103055000305,0.5667440229121451,0.5624934467939732,0.5639103055000305,123500,0.0,0.0
2006-06-26 00:00:00-04:00,0.5639095799887143,0.5667432937550468,0.5596590093392153,0.5610758662223816,185200,0.0,0.0
2006-06-27 00:00:00-04:00,0.5610759805926953,0.5639096949366551,0.5596591234207153,0.5596591234207153,88200,0.0,0.0
2006-06-28 00:00:00-04:00,0.5554084386897163,0.5624927231055479,0.5554084386897163,0.5610758662223816,117700,0.0,0.0
2006-06-29 00:00:00-04:00,0.5624928929473412,0.5624928929473412,0.5568254637034253,0.5582423210144043,118400,0.0,0.0
2006-06-30 00:00:00-04:00,0.5582422662487353,0.5639096949366551,0.5582422662487353,0.5596591234207153,105700,0.0,0.0
2006-07-03 00:00:00-04:00,0.5596593909707372,0.5695773959159851,0.5596593909707372,0.5695773959159851,119100,0.0,0.0
2006-07-05 00:00:00-04:00,0.5653269032297943,0.5724111934897044,0.5624931871258302,0.5681606531143188,186800,0.0,0.0
2006-07-06 00:00:00-04:00,0.5653266356986606,0.5695772078430963,0.563909778317182,0.5667434930801392,116400,0.0,0.0
2006-07-07 00:00:00-04:00,0.5667436802173429,0.5695773959159851,0.5639099645187007,0.5695773959159851,73300,0.0,0.0
2006-07-10 00:00:00-04:00,0.5653266356986606,0.5695772078430963,0.5653266356986606,0.5667434930801392,133100,0.0,0.0
2006-07-11 00:00:00-04:00,0.5657436882497052,0.5728869438171387,0.5657436882497052,0.5728869438171387,142700,0.033,0.0
2006-07-12 00:00:00-04:00,0.5728868782623383,0.5743154883384705,0.5686009117876898,0.5743154883384705,125100,0.0,0.0
2006-07-13 00:00:00-04:00,0.5714582654543985,0.5728869438171387,0.5686009768520518,0.5728869438171387,107000,0.0,0.0
2006-07-14 00:00:00-04:00,0.5728869389957625,0.5728869389957625,0.5671723277775961,0.570029616355896,92200,0.0,0.0
2006-07-17 00:00:00-04:00,0.5686005540136961,0.5700291972524625,0.5643146242973969,0.5657432675361633,180500,0.0,0.0
2006-07-18 00:00:00-04:00,0.5671724272947416,0.5700297163743868,0.5643151382150964,0.5686010718345642,103800,0.0,0.0
2006-07-19 00:00:00-04:00,0.5700292790149639,0.5714579224586487,0.5671719921275944,0.5714579224586487,90400,0.0,0.0
2006-07-20 00:00:00-04:00,0.5686006355712792,0.5728865999638799,0.5686006355712792,0.5714579224586487,104100,0.0,0.0
2006-07-21 00:00:00-04:00,0.5686006355712792,0.5714579224586487,0.5686006355712792,0.5714579224586487,90400,0.0,0.0
2006-07-24 00:00:00-04:00,0.5714582000630801,0.5757441665377286,0.570029555925385,0.5743154883384705,150700,0.0,0.0
2006-07-25 00:00:00-04:00,0.5714579490584123,0.5771725230991487,0.5714579490584123,0.5757439136505127,148000,0.0,0.0
2006-07-26 00:00:00-04:00,0.5771728012700448,0.5814587679277851,0.5728869027354334,0.5786014795303345,179300,0.0,0.0
2006-07-27 00:00:00-04:00,0.5828874529332615,0.5843161313770562,0.5757442650837009,0.5771728754043579,143200,0.0,0.0
2006-07-28 00:00:00-04:00,0.5800294745951861,0.5828867599627265,0.5771721892276455,0.5814581513404846,149000,0.0,0.0
2006-07-31 00:00:00-04:00,0.5843154919514773,0.5843154919514773,0.5786009206761183,0.582886815071106,140800,0.0,0.0
2006-08-01 00:00:00-04:00,0.5786015507672713,0.5857447385787964,0.5786015507672713,0.5857447385787964,128400,0.0,0.0
2006-08-02 00:00:00-04:00,0.5828874498295589,0.5871734170149838,0.5814588395165088,0.5857447385787964,168100,0.0,0.0
2006-08-03 00:00:00-04:00,0.5843164625490415,0.5886023640632629,0.5828877832955167,0.5886023640632629,140700,0.0,0.0
2006-08-04 00:00:00-04:00,0.5900310433167876,0.5928883337006606,0.5871737529329145,0.5886023640632629,184200,0.0,0.0
2006-08-07 00:00:00-04:00,0.5914590813395042,0.5943163689547439,0.5886017937242645,0.5928877592086792,276000,0.0,0.0
2006-08-08 00:00:00-04:00,0.5933196801542132,0.5976399994218031,0.5933196801542132,0.5961998701095581,190200,0.033,0.0
2006-08-09 00:00:00-04:00,0.5961999423139317,0.5976400718005874,0.5933197520097736,0.5947598814964294,106400,0.0,0.0
2006-08-10 00:00:00-04:00,0.5933200253557638,0.5976403471369749,0.5889997722437378,0.5918799638748169,97700,0.0,0.0
2006-08-11 00:00:00-04:00,0.5933200253557638,0.5947601555058959,0.5889997722437378,0.5918799638748169,206800,0.0,0.0
2006-08-14 00:00:00-04:00,0.5947598814964293,0.5976400718005874,0.5918796911922714,0.5947598814964294,164100,0.0,0.0
2006-08-15 00:00:00-04:00,0.597640335559845,0.599080397012896,0.5933200138623246,0.597640335559845,252000,0.0,0.0
2006-08-16 00:00:00-04:00,0.5962001922659639,0.5990803837776184,0.5947601308447277,0.5990803837776184,201100,0.0,0.0
2006-08-17 00:00:00-04:00,0.599080397012896,0.6005205271351307,0.5947601439845593,0.597640335559845,212800,0.0,0.0
2006-08-18 00:00:00-04:00,0.597640335559845,0.597640335559845,0.5962002054376103,0.597640335559845,93800,0.0,0.0
2006-08-21 00:00:00-04:00,0.597640335559845,0.597640335559845,0.5962002054376103,0.597640335559845,231500,0.0,0.0
2006-08-22 00:00:00-04:00,0.597640335559845,0.597640335559845,0.5947601439845593,0.597640335559845,337900,0.0,0.0
2006-08-23 00:00:00-04:00,0.597640335559845,0.597640335559845,0.5947601439845593,0.597640335559845,174900,0.0,0.0
2006-08-24 00:00:00-04:00,0.597640335559845,0.6005205271351307,0.5962002054376103,0.597640335559845,232200,0.0,0.0
2006-08-25 00:00:00-04:00,0.5976400629200971,0.6019603139775616,0.5961999334548406,0.6005202531814575,255400,0.0,0.0
2006-08-28 00:00:00-04:00,0.601960517687616,0.6034006476402283,0.5990803264515672,0.6034006476402283,217700,0.0,0.0
2006-08-29 00:00:00-04:00,0.6048407089236649,0.6062808388762772,0.6005204564041795,0.6034006476402283,256500,0.0,0.0
2006-08-30 00:00:00-04:00,0.601960517687616,0.6062808388762772,0.601960517687616,0.6034006476402283,176100,0.0,0.0
2006-08-31 00:00:00-04:00,0.6062801960950674,0.6077202558517456,0.6034000079126081,0.6077202558517456,305500,0.0,0.0
2006-09-01 00:00:00-04:00,0.6077202558517456,0.6077202558517456,0.6048400676692863,0.6077202558517456,153100,0.0,0.0
2006-09-05 00:00:00-04:00,0.607720685641598,0.6091608150858618,0.6048404954222218,0.6062806248664856,282000,0.0,0.0
2006-09-06 00:00:00-04:00,0.6062801960950674,0.6091603842775267,0.6048400676692863,0.6077202558517456,185400,0.0,0.0
2006-09-07 00:00:00-04:00,0.6062801960950674,0.6077202558517456,0.6034000079126081,0.6077202558517456,196400,0.0,0.0
2006-09-08 00:00:00-04:00,0.607720685641598,0.607720685641598,0.6034004346471094,0.6062806248664856,280300,0.0,0.0
2006-09-11 00:00:00-04:00,0.6009105232523415,0.6125223101037168,0.6009105232523415,0.6110708713531494,211900,0.033,0.0
2006-09-12 00:00:00-04:00,0.611070270687783,0.6125217080116272,0.6052643829691242,0.6125217080116272,172400,0.0,0.0
2006-09-13 00:00:00-04:00,0.6139732145471124,0.6139732145471124,0.6096187641522978,0.6125217080116272,203000,0.0,0.0
2006-09-14 00:00:00-04:00,0.6110708713531494,0.6139738180659932,0.609619363390873,0.6110708713531494,163700,0.0,0.0
2006-09-15 00:00:00-04:00,0.6110708713531494,0.6139738180659932,0.6110708713531494,0.6110708713531494,142600,0.0,0.0
2006-09-18 00:00:00-04:00,0.6125221638436127,0.6168766174789618,0.6110707254396246,0.6154251098632812,157300,0.0,0.0
2006-09-19 00:00:00-04:00,0.615425175321367,0.6183281908614998,0.6139737367630006,0.6139737367630005,159700,0.0,0.0
2006-09-20 00:00:00-04:00,0.6139737594324349,0.6183282136917114,0.6139737594324349,0.6183282136917114,207300,0.0,0.0
2006-09-21 00:00:00-04:00,0.6154251098632812,0.6183281250946424,0.6139736714592933,0.6154251098632812,161500,0.0,0.0
2006-09-22 00:00:00-04:00,0.6154251098632812,0.6168766174789618,0.6139736714592933,0.6154251098632812,208200,0.0,0.0
2006-09-25 00:00:00-04:00,0.6139734189286012,0.61832787077294,0.6139734189286012,0.6168763637542725,140800,0.0,0.0
2006-09-26 00:00:00-04:00,0.61832787077294,0.6197793085799436,0.6154248567356048,0.6168763637542725,208400,0.0,0.0
2006-09-27 00:00:00-04:00,0.6183282136917114,0.6197796523036687,0.6168767058680518,0.6183282136917114,207800,0.0,0.0
2006-09-28 00:00:00-04:00,0.6197797060012817,0.6226826526884094,0.618328267263572,0.6197797060012817,253200,0.0,0.0
2006-09-29 00:00:00-04:00,0.6197796523036687,0.6212311601273283,0.6183282136917114,0.6183282136917114,188900,0.0,0.0
2006-10-02 00:00:00-04:00,0.618328267263572,0.6197797060012817,0.6154252513647359,0.6197797060012817,136700,0.0,0.0
2006-10-03 00:00:00-04:00,0.6212312139506998,0.6226826526884094,0.6197797060012817,0.6197797060012817,221400,0.0,0.0
2006-10-04 00:00:00-04:00,0.6183282136917114,0.6226825987392856,0.6183282136917114,0.6183282136917114,136700,0.0,0.0
2006-10-05 00:00:00-04:00,0.6183282136917114,0.6212311601273283,0.6183282136917114,0.6183282136917114,200000,0.0,0.0
2006-10-06 00:00:00-04:00,0.618328267263572,0.6212312139506998,0.618328267263572,0.6197797060012817,252100,0.0,0.0
2006-10-09 00:00:00-04:00,0.6183278957400957,0.6241337856258712,0.6183278957400957,0.6212308406829834,146400,0.0,0.0
2006-10-10 00:00:00-04:00,0.6226823329925537,0.6226823329925537,0.6197793877958482,0.6226823329925537,218400,0.0,0.0
2006-10-11 00:00:00-04:00,0.6245841348781391,0.6245841348781391,0.618733235187102,0.6201959252357483,112100,0.033,0.0
2006-10-12 00:00:00-04:00,0.6231214448294929,0.6245841348781391,0.6158077853415834,0.6201959252357483,221500,0.0,0.0
2006-10-13 00:00:00-04:00,0.6216581390118239,0.623120897523912,0.6158072444598011,0.6172699332237244,177700,0.0,0.0
2006-10-16 00:00:00-04:00,0.6216585040092468,0.6260467123738167,0.6158076060219574,0.6216585040092468,187800,0.0,0.0
2006-10-17 00:00:00-04:00,0.6216581390118239,0.6245835862878353,0.614344485947713,0.6172699332237244,348600,0.0,0.0
2006-10-18 00:00:00-04:00,0.6143450713813744,0.6187332813511723,0.6128823812235958,0.615807831287384,267200,0.0,0.0
2006-10-19 00:00:00-04:00,0.6158077181221289,0.6187331676483154,0.6158077181221289,0.6187331676483154,259700,0.0,0.0
2006-10-20 00:00:00-04:00,0.6187331676483154,0.6187331676483154,0.6143449584849263,0.6187331676483154,244500,0.0,0.0
2006-10-23 00:00:00-04:00,0.6158072444598011,0.6187326917358125,0.6128817971837897,0.6172699332237244,269100,0.0,0.0
2006-10-24 00:00:00-04:00,0.618733235187102,0.6201959252357483,0.6172704753902297,0.6201959252357483,186700,0.0,0.0
2006-10-25 00:00:00-04:00,0.6216585040092468,0.623121263380172,0.618733055015602,0.6216585040092468,271700,0.0,0.0
2006-10-26 00:00:00-04:00,0.6187331716144514,0.6245840707043293,0.6187331716144514,0.6231213808059692,264600,0.0,0.0
2006-10-27 00:00:00-04:00,0.6245839595794678,0.6260467189657952,0.6216585105550195,0.6245839595794678,253200,0.0,0.0
2006-10-30 00:00:00-05:00,0.6260465383529663,0.6289719865334303,0.6231210901725024,0.6260465383529663,300000,0.0,0.0
2006-10-31 00:00:00-05:00,0.6275093029785971,0.6304347515106201,0.624583854446574,0.6304347515106201,249100,0.0,0.0
2006-11-01 00:00:00-05:00,0.631897510650729,0.631897510650729,0.624583854446574,0.6304347515106201,306400,0.0,0.0
2006-11-02 00:00:00-05:00,0.6289721745512746,0.6304348642046534,0.624583966094724,0.6275094151496887,166700,0.0,0.0
2006-11-03 00:00:00-05:00,0.6245839595794678,0.6289721679902435,0.6231212699413469,0.6245839595794678,184400,0.0,0.0
2006-11-06 00:00:00-05:00,0.6275094728057808,0.6304349221295383,0.6231213336942516,0.6289722323417664,310700,0.0,0.0
2006-11-07 00:00:00-05:00,0.6353102977873992,0.6367843693589093,0.6279401507926523,0.6308882236480713,227800,0.033,0.0
2006-11-08 00:00:00-05:00,0.6294142922108711,0.6353104392344413,0.6294142922108711,0.6323623657226562,164100,0.0,0.0
2006-11-09 00:00:00-05:00,0.6338364204910824,0.6367844939231873,0.6308883470589775,0.6367844939231873,151200,0.0,0.0
2006-11-10 00:00:00-05:00,0.6367844939231873,0.6382584954954322,0.6338364204910824,0.6367844939231873,162500,0.0,0.0
2006-11-13 00:00:00-05:00,0.6367844235455473,0.6382584249548852,0.6353103518486023,0.6353103518486023,145500,0.0,0.0
2006-11-14 00:00:00-05:00,0.6367847036692069,0.6412067801301133,0.6367847036692069,0.6397327780723572,146000,0.0,0.0
2006-11-15 00:00:00-05:00,0.6382586077776341,0.641206681728363,0.6382586077776341,0.641206681728363,229000,0.0,0.0
2006-11-16 00:00:00-05:00,0.6397326798968122,0.6456288277982699,0.6382586077776341,0.641206681728363,247100,0.0,0.0
2006-11-17 00:00:00-05:00,0.6397325334794769,0.6441546082496643,0.6397325334794769,0.6441546082496643,141100,0.0,0.0
2006-11-20 00:00:00-05:00,0.6441547588290443,0.6471028327941895,0.6412066848638992,0.6471028327941895,200900,0.0,0.0
2006-11-21 00:00:00-05:00,0.6426804393973717,0.6485765844139685,0.6426804393973717,0.6456285119056702,220000,0.0,0.0
2006-11-22 00:00:00-05:00,0.6471026052375284,0.6485766768455505,0.6441545323090869,0.6485766768455505,137800,0.0,0.0
2006-11-24 00:00:00-05:00,0.6471026052375284,0.6544728227024336,0.6471026052375284,0.6485766768455505,121900,0.0,0.0
2006-11-27 00:00:00-05:00,0.6485770551585145,0.6515251298065586,0.6471029826906705,0.6500510573387146,170800,0.0,0.0
2006-11-28 00:00:00-05:00,0.6485768277755892,0.6544729750045621,0.6485768277755892,0.6515249013900757,263200,0.0,0.0
2006-11-29 00:00:00-05:00,0.6529988157620197,0.6559468889824139,0.6515248142956274,0.6544728875160217,262900,0.0,0.0
2006-11-30 00:00:00-05:00,0.6529987613960266,0.6603689789772034,0.6515247600523537,0.6603689789772034,210800,0.0,0.0
2006-12-01 00:00:00-05:00,0.657420814037323,0.6618428877373531,0.6544727414747715,0.657420814037323,249600,0.0,0.0
2006-12-04 00:00:00-05:00,0.6588951763195862,0.6633173227310181,0.6559471021411758,0.6633173227310181,261000,0.0,0.0
2006-12-05 00:00:00-05:00,0.6633171270109922,0.6677392721176147,0.6588949819043697,0.6677392721176147,320500,0.0,0.0
2006-12-06 00:00:00-05:00,0.667739398678683,0.667739398678683,0.6603691788665895,0.6618431806564331,211500,0.0,0.0
2006-12-07 00:00:00-05:00,0.6647915840148926,0.6662655863794525,0.6618434387104675,0.6647915840148926,225300,0.0,0.0
2006-12-08 00:00:00-05:00,0.6652367738620836,0.6667216405498738,0.6607820321872789,0.6622669696807861,180400,0.033,0.0
2006-12-11 00:00:00-05:00,0.6578121712847422,0.6652367165006473,0.6533575007997677,0.6592971086502075,176900,0.0,0.0
2006-12-12 00:00:00-05:00,0.6563276725344855,0.6622672837135148,0.6503880613554563,0.654842734336853,273700,0.0,0.0
2006-12-13 00:00:00-05:00,0.6563276725344855,0.6578125399263677,0.6518729287473384,0.654842734336853,168500,0.0,0.0
2006-12-14 00:00:00-05:00,0.6221747994422913,0.6444483741384851,0.6117804457025362,0.6221747994422913,968100,0.0,0.0
2006-12-15 00:00:00-05:00,0.620689267766405,0.628113809165905,0.6132647971725794,0.6192044019699097,525100,0.0,0.0
2006-12-18 00:00:00-05:00,0.6221740891528976,0.6281136928503179,0.620689152825712,0.6266287565231323,496200,0.0,0.0
2006-12-19 00:00:00-05:00,0.6281137533065094,0.6281137533065094,0.6206892125672885,0.6236590147018433,207500,0.0,0.0
2006-12-20 00:00:00-05:00,0.6266291095985317,0.6281140467624081,0.6221744397183047,0.6251442432403564,220600,0.0,0.0
2006-12-21 00:00:00-05:00,0.6266294679842428,0.6295992732048035,0.623659662763682,0.6295992732048035,297300,0.0,0.0
2006-12-22 00:00:00-05:00,0.6310839626764926,0.6340537667274475,0.6266292211972033,0.6340537667274475,260000,0.0,0.0
2006-12-26 00:00:00-05:00,0.6339041156506673,0.6353992068270455,0.6279238935248965,0.6324090957641602,358500,0.029,0.0
2006-12-27 00:00:00-05:00,0.6339044570922852,0.6353995490739687,0.6309143444188275,0.6339044570922852,251100,0.0,0.0
2006-12-28 00:00:00-05:00,0.6309136748313904,0.6353988747263978,0.6294186557262772,0.6309136748313904,272100,0.0,0.0
2006-12-29 00:00:00-05:00,0.6339037843314507,0.6353988747263978,0.6294186557262772,0.6309136748313904,349600,0.0,0.0
2007-01-03 00:00:00-05:00,0.632408787601939,0.638389006813649,0.6309136971540933,0.6368939876556396,297600,0.0,0.0
2007-01-04 00:00:00-05:00,0.6368939876556396,0.638389006813649,0.632408787601939,0.6368939876556396,233000,0.0,0.0
2007-01-05 00:00:00-05:00,0.6353995490739687,0.6368946410556522,0.6309143444188275,0.6339044570922852,250500,0.0,0.0
2007-01-08 00:00:00-05:00,0.632408787601939,0.6368939876556396,0.632408787601939,0.6368939876556396,372700,0.0,0.0
2007-01-09 00:00:00-05:00,0.6353998144937199,0.6428751349449158,0.633904721887505,0.6428751349449158,266700,0.0,0.0
2007-01-10 00:00:00-05:00,0.6428744037735156,0.6458645142952123,0.6398842932518188,0.6443694233894348,139500,0.0,0.0
2007-01-11 00:00:00-05:00,0.641379177570343,0.6458643780516748,0.641379177570343,0.641379177570343,169800,0.0,0.0
2007-01-12 00:00:00-05:00,0.6398841738700867,0.6428742838339254,0.6398841738700867,0.6398841738700867,216800,0.0,0.0
2007-01-16 00:00:00-05:00,0.6383899284162103,0.6473602701836819,0.6368949070999348,0.6428751349449158,311700,0.0,0.0
2007-01-17 00:00:00-05:00,0.6428744037735156,0.648854624816909,0.6428744037735156,0.6443694233894348,201600,0.0,0.0
2007-01-18 00:00:00-05:00,0.6428743013667907,0.6518446315029511,0.6428743013667907,0.6473594307899475,264000,0.0,0.0
2007-01-19 00:00:00-05:00,0.6488550901412964,0.6503501108293651,0.6473599981633185,0.6488550901412964,188700,0.0,0.0
2007-01-22 00:00:00-05:00,0.6488545214575644,0.6563297609261081,0.6473594307899475,0.6473594307899475,197400,0.0,0.0
2007-01-23 00:00:00-05:00,0.6458649774752498,0.651845202807343,0.6443698854972719,0.6488550901412964,189200,0.0,0.0
2007-01-24 00:00:00-05:00,0.6473595066088054,0.6548348182427057,0.6473595066088054,0.6503496170043945,251600,0.0,0.0
2007-01-25 00:00:00-05:00,0.6503497084656026,0.6593200409139025,0.6488546887024852,0.6518447995185852,409500,0.0,0.0
2007-01-26 00:00:00-05:00,0.6518447995185852,0.6548349103346852,0.6503497084656026,0.6518447995185852,215100,0.0,0.0
2007-01-29 00:00:00-05:00,0.6503499017403008,0.6578252166470402,0.6473597900355824,0.6548351049423218,406700,0.0,0.0
2007-01-30 00:00:00-05:00,0.6488549830652932,0.6563302278518677,0.6488549830652932,0.6563302278518677,255200,0.0,0.0
2007-01-31 00:00:00-05:00,0.6518450952379025,0.6563302278518677,0.6503500035066491,0.6563302278518677,278600,0.0,0.0
2007-02-01 00:00:00-05:00,0.6533401156792583,0.6578253195831211,0.6518450952379025,0.6563302278518677,166200,0.0,0.0
2007-02-02 00:00:00-05:00,0.6533403071775425,0.6593205332756042,0.6518452862979863,0.6593205332756042,259100,0.0,0.0
2007-02-05 00:00:00-05:00,0.6548351049423218,0.6593202368544563,0.6533400134450194,0.6548351049423218,198400,0.0,0.0
2007-02-06 00:00:00-05:00,0.6561894865519616,0.6576944709462064,0.6516743898391723,0.6516743898391724,261200,0.029,0.0
2007-02-07 00:00:00-05:00,0.6516742373914844,0.6546842772408558,0.6471592134999329,0.6501692533493042,383400,0.0,0.0
2007-02-08 00:00:00-05:00,0.6486645474462231,0.6531796455383301,0.6486645474462231,0.6531796455383301,135500,0.0,0.0
2007-02-09 00:00:00-05:00,0.6501689335076569,0.6546839551781058,0.648663878440857,0.6486638784408569,194400,0.0,0.0
2007-02-12 00:00:00-05:00,0.6486641975421131,0.6531792931986755,0.6471592134999329,0.6501692533493042,237500,0.0,0.0
2007-02-13 00:00:00-05:00,0.6516745889192779,0.6531796455383301,0.6486645474462231,0.6531796455383301,153200,0.0,0.0
2007-02-14 00:00:00-05:00,0.6486641975421131,0.6531792931986755,0.6486641975421131,0.6501692533493042,208600,0.0,0.0
2007-02-15 00:00:00-05:00,0.6486641975421131,0.6501692533493042,0.6471592134999329,0.6501692533493042,223500,0.0,0.0
2007-02-16 00:00:00-05:00,0.6501692533493042,0.6501692533493042,0.6426441178433704,0.6501692533493042,395200,0.0,0.0
2007-02-20 00:00:00-05:00,0.6501689335076569,0.6501689335076569,0.6441488567704081,0.6486638784408569,338700,0.0,0.0
2007-02-21 00:00:00-05:00,0.6486643492856553,0.6516743898391723,0.6471593648914106,0.6516743898391724,315200,0.0,0.0
2007-02-22 00:00:00-05:00,0.6486643492856553,0.6516743898391723,0.6486643492856553,0.6516743898391724,187800,0.0,0.0
2007-02-23 00:00:00-05:00,0.6516747398579678,0.6546847820281982,0.6501697546553856,0.6546847820281982,179600,0.0,0.0
2007-02-26 00:00:00-05:00,0.6516743984806177,0.6591995358467102,0.6516743984806177,0.6591995358467102,349100,0.0,0.0
2007-02-27 00:00:00-05:00,0.6561896870113848,0.6591997284844396,0.6411394796461111,0.6531796455383301,426200,0.0,0.0
2007-02-28 00:00:00-05:00,0.6471595625922205,0.6531796455383301,0.6366243815540041,0.6531796455383301,171300,0.0,0.0
2007-03-01 00:00:00-05:00,0.6456545059731684,0.6531796455383301,0.6456545059731684,0.6531796455383301,209100,0.0,0.0
2007-03-02 00:00:00-05:00,0.6531794958916667,0.6531794958916667,0.6275941133499146,0.6275941133499146,391600,0.0,0.0
2007-03-05 00:00:00-05:00,0.6366239069578816,0.6396339461869852,0.6275937892705707,0.6290987730026245,379200,0.0,0.0
2007-03-06 00:00:00-05:00,0.629099197213111,0.6381293209895621,0.629099197213111,0.6366243362426758,283800,0.0,0.0
2007-03-07 00:00:00-05:00,0.6351190460229805,0.6471592783927917,0.6336140618298904,0.6471592783927917,215500,0.0,0.0
2007-03-08 00:00:00-05:00,0.6515539288520813,0.6530691329086521,0.645492968121096,0.6515539288520813,118700,0.029,0.0
2007-03-09 00:00:00-05:00,0.6439776918121741,0.6515539288520813,0.6439776918121741,0.6515539288520813,194900,0.0,0.0
2007-03-12 00:00:00-04:00,0.6515534528178561,0.6560991339187803,0.6500381776160159,0.6545839309692383,159800,0.0,0.0
2007-03-13 00:00:00-04:00,0.6515536371799766,0.6545841161888563,0.6470078825404979,0.6500383615493774,130400,0.0,0.0
2007-03-14 00:00:00-04:00,0.6454926793830672,0.6485231583929836,0.6379164457321167,0.6379164457321167,177300,0.0,0.0
2007-03-15 00:00:00-04:00,0.6364012956619263,0.6439775308076554,0.6364012956619263,0.6364012956619263,313400,0.0,0.0
2007-03-16 00:00:00-04:00,0.6364011113094128,0.6470078229904175,0.6364011113094128,0.6470078229904175,161400,0.0,0.0
2007-03-19 00:00:00-04:00,0.6470078229904175,0.6515535772115086,0.6424620687693262,0.6470078229904175,140700,0.0,0.0
2007-03-20 00:00:00-04:00,0.6424620030387257,0.6485230321308445,0.6424620030387257,0.6454925537109375,124300,0.0,0.0
2007-03-21 00:00:00-04:00,0.6439775748397554,0.6515538105035112,0.6439775748397554,0.6485233306884766,114700,0.0,0.0
2007-03-22 00:00:00-04:00,0.6560992596310868,0.6591297383631258,0.64700782343497,0.6530687808990479,131900,0.0,0.0
2007-03-23 00:00:00-04:00,0.6470076994646337,0.6545839309692383,0.6470076994646337,0.6545839309692383,174100,0.0,0.0
2007-03-26 00:00:00-04:00,0.6515536371799766,0.6545841161888563,0.6485231581710971,0.6500383615493774,237400,0.0,0.0
2007-03-27 00:00:00-04:00,0.6485232850262094,0.6530689683025327,0.6424622535705566,0.6424622535705566,298700,0.0,0.0
2007-03-28 00:00:00-04:00,0.6424618948981833,0.6470076478890455,0.6394314169883728,0.6394314169883728,274400,0.0,0.0
2007-03-29 00:00:00-04:00,0.6409470950247207,0.6515538105035112,0.6409470950247207,0.6485233306884766,342600,0.0,0.0
2007-03-30 00:00:00-04:00,0.6454926791622175,0.653068840558257,0.6454926791622175,0.6500383615493774,375800,0.0,0.0
2007-04-02 00:00:00-04:00,0.6545840563912235,0.6560992596310868,0.6515535776591845,0.6530687808990479,200700,0.0,0.0
2007-04-03 00:00:00-04:00,0.6545842877482867,0.6591299713268209,0.6530690117205501,0.6576147675514221,445400,0.0,0.0
2007-04-04 00:00:00-04:00,0.6606448292732239,0.6621600320897444,0.6591295542044114,0.6606448292732239,278600,0.0,0.0
2007-04-05 00:00:00-04:00,0.659129798412323,0.6621602774204499,0.6576145950344189,0.659129798412323,228800,0.0,0.0
2007-04-09 00:00:00-04:00,0.6589774044820386,0.6635535955429077,0.6574519589702519,0.6635535955429077,201400,0.029,0.0
2007-04-10 00:00:00-04:00,0.6589773159925165,0.6635535064388806,0.6574518706855714,0.6620281338691711,121700,0.0,0.0
2007-04-11 00:00:00-04:00,0.6589773159925165,0.6635535064388806,0.6589773159925165,0.6620281338691711,135000,0.0,0.0
2007-04-12 00:00:00-04:00,0.6605025231046531,0.6635533402170702,0.6589771509170533,0.6589771509170532,182500,0.0,0.0
2007-04-13 00:00:00-04:00,0.6589771509170533,0.6635533402170702,0.6589771509170533,0.6589771509170532,154200,0.0,0.0
2007-04-16 00:00:00-04:00,0.6605025231046531,0.6635533402170702,0.6589771509170533,0.6589771509170532,114500,0.0,0.0
2007-04-17 00:00:00-04:00,0.6589771509170533,0.6620279680294704,0.6544008888798188,0.6589771509170532,232100,0.0,0.0
2007-04-18 00:00:00-04:00,0.6589771040697565,0.6605024761489162,0.6544008423578529,0.6559262871742249,220200,0.0,0.0
2007-04-19 00:00:00-04:00,0.6559263634790988,0.660502552986145,0.6544009184852696,0.660502552986145,217800,0.0,0.0
2007-04-20 00:00:00-04:00,0.6589773159925165,0.6635535064388806,0.6589773159925165,0.6620281338691711,264200,0.0,0.0
2007-04-23 00:00:00-04:00,0.6635535955429077,0.6650790410546944,0.6589774044820386,0.6635535955429077,116600,0.0,0.0
2007-04-24 00:00:00-04:00,0.6635533702365828,0.665078815230412,0.6589771807295366,0.660502552986145,166400,0.0,0.0
2007-04-25 00:00:00-04:00,0.6635533702365828,0.6635533702365828,0.660502552986145,0.660502552986145,162900,0.0,0.0
2007-04-26 00:00:00-04:00,0.6605027772565798,0.6666044138292356,0.6589774044820386,0.6635535955429077,266100,0.0,0.0
2007-04-27 00:00:00-04:00,0.6650787591934204,0.666604131321507,0.6635533143281194,0.6650787591934204,132600,0.0,0.0
2007-04-30 00:00:00-04:00,0.6696552321155635,0.6696552321155635,0.6635535955429077,0.6635535955429077,255500,0.0,0.0
2007-05-01 00:00:00-04:00,0.6635534199537472,0.6681296825408936,0.6635534199537472,0.6681296825408936,133700,0.0,0.0
2007-05-02 00:00:00-04:00,0.6666042833811383,0.6711805462837219,0.665078910905098,0.6711805462837219,158500,0.0,0.0
2007-05-03 00:00:00-04:00,0.66812972859441,0.6711805462837219,0.66812972859441,0.6711805462837219,170400,0.0,0.0
2007-05-04 00:00:00-04:00,0.6681296825408936,0.6711805000199157,0.6681296825408936,0.6681296825408936,116300,0.0,0.0
2007-05-07 00:00:00-04:00,0.6681296825408936,0.6711805000199157,0.6666042374327693,0.6681296825408936,136700,0.0,0.0
2007-05-08 00:00:00-04:00,0.6710474125429329,0.6710474125429329,0.6664407206174201,0.6679762601852417,140400,0.029,0.0
2007-05-09 00:00:00-04:00,0.6679762601852417,0.6710474125429329,0.6664407206174201,0.6679762601852417,107900,0.0,0.0
2007-05-10 00:00:00-04:00,0.6695115400375296,0.6725826908679856,0.6633692383766174,0.6633692383766174,280800,0.0,0.0
2007-05-11 00:00:00-04:00,0.663369191951614,0.6710470318794252,0.661833580032848,0.671047031879425,242000,0.0,0.0
2007-05-14 00:00:00-04:00,0.6710471772179831,0.6725827894693392,0.666440486907959,0.666440486907959,131200,0.0,0.0
2007-05-15 00:00:00-04:00,0.6664408034485636,0.6710474959466367,0.6633696507091624,0.6649051904678345,187200,0.0,0.0
2007-05-16 00:00:00-04:00,0.6649048746566029,0.667976025937293,0.6633693356272689,0.666440486907959,174900,0.0,0.0
2007-05-17 00:00:00-04:00,0.6633692559802529,0.6664404068922072,0.661833643913269,0.661833643913269,156100,0.0,0.0
2007-05-18 00:00:00-04:00,0.661833643913269,0.6664404068922072,0.661833643913269,0.661833643913269,275000,0.0,0.0
2007-05-21 00:00:00-04:00,0.6618336263503836,0.6664403892070735,0.6618336263503836,0.6633692383766174,158700,0.0,0.0
2007-05-22 00:00:00-04:00,0.6633692383766174,0.6664403892070735,0.6618336263503836,0.6633692383766174,219900,0.0,0.0
2007-05-23 00:00:00-04:00,0.6664408320292978,0.6664408320292978,0.658762913240494,0.6602985262870789,242400,0.0,0.0
2007-05-24 00:00:00-04:00,0.6649049594961294,0.6649049594961294,0.6556915044784547,0.6556915044784546,271000,0.0,0.0
2007-05-25 00:00:00-04:00,0.6572273324901797,0.6618340248989534,0.655691719539218,0.6587628722190857,305600,0.0,0.0
2007-05-29 00:00:00-04:00,0.6633696507091624,0.6649051904678345,0.6587628849890321,0.6649051904678345,200400,0.0,0.0
2007-05-30 00:00:00-04:00,0.6618340661116034,0.6649052189827129,0.6602985262870789,0.6602985262870789,260200,0.0,0.0
2007-05-31 00:00:00-04:00,0.661833643913269,0.6649047948252234,0.661833643913269,0.661833643913269,145100,0.0,0.0
2007-06-01 00:00:00-04:00,0.6633692559802529,0.6664404068922072,0.661833643913269,0.661833643913269,162400,0.0,0.0
2007-06-04 00:00:00-04:00,0.6633693356272689,0.6695116381886491,0.6633693356272689,0.666440486907959,251900,0.0,0.0
2007-06-05 00:00:00-04:00,0.6679763432072356,0.6695119561879647,0.6649051904678345,0.6649051904678345,202000,0.0,0.0
2007-06-06 00:00:00-04:00,0.6649051775788211,0.6679763302586887,0.6587628722190857,0.6587628722190857,187100,0.0,0.0
2007-06-07 00:00:00-04:00,0.6633695267957964,0.664905066267639,0.6495493054389954,0.6495493054389954,221600,0.0,0.0
2007-06-08 00:00:00-04:00,0.6571255964550821,0.6571255964550821,0.6509408908572347,0.6540332436561584,116600,0.029,0.0
2007-06-11 00:00:00-04:00,0.6571255496967656,0.6586717628499585,0.6463022788069185,0.6493946313858032,239800,0.0,0.0
2007-06-12 00:00:00-04:00,0.6509407832959814,0.6509407832959814,0.6354790218562597,0.6447560787200928,295200,0.0,0.0
2007-06-13 00:00:00-04:00,0.6416636132463109,0.6493944557387478,0.6416636132463109,0.6463021039962769,200400,0.0,0.0
2007-06-14 00:00:00-04:00,0.6463022269607918,0.6509407923207654,0.6416637353283133,0.6432098746299744,272000,0.0,0.0
2007-06-15 00:00:00-04:00,0.6416637868023419,0.6493946313858032,0.6416637868023419,0.6493946313858032,205200,0.0,0.0
2007-06-18 00:00:00-04:00,0.6478481292724609,0.6493942678325711,0.6416634275771,0.6478481292724609,133900,0.0,0.0
2007-06-19 00:00:00-04:00,0.6478484919601114,0.6493946313858032,0.6447561393812267,0.6493946313858032,116400,0.0,0.0
2007-06-20 00:00:00-04:00,0.647848439989948,0.6524869316224265,0.6416637353283133,0.6432098746299744,226000,0.0,0.0
2007-06-21 00:00:00-04:00,0.6463020502106959,0.6493944016958197,0.6401173472404481,0.640117347240448,196100,0.0,0.0
2007-06-22 00:00:00-04:00,0.643209695995643,0.6463020474676423,0.6354788541793823,0.6354788541793823,128800,0.0,0.0
2007-06-25 00:00:00-04:00,0.6401175765888517,0.6447561423422317,0.6370252239957656,0.6416637897491455,130600,0.0,0.0
2007-06-26 00:00:00-04:00,0.6416637353283133,0.6447560876591307,0.6354790306666785,0.6432098746299744,257100,0.0,0.0
2007-06-27 00:00:00-04:00,0.6385717391967773,0.641664093252529,0.6339331712493816,0.6385717391967773,241000,0.0,0.0
2007-06-28 00:00:00-04:00,0.6385712083616236,0.6416635598467475,0.6354788568764997,0.640117347240448,272100,0.0,0.0
2007-06-29 00:00:00-04:00,0.6401175765888517,0.6432099291819379,0.6385714371560594,0.6416637897491455,180300,0.0,0.0
2007-07-02 00:00:00-04:00,0.6416637353283133,0.6463022269607918,0.6385713829974959,0.6432098746299744,237400,0.0,0.0
2007-07-03 00:00:00-04:00,0.6447559113318714,0.6463020502106959,0.6354788568764997,0.640117347240448,80600,0.0,0.0
2007-07-05 00:00:00-04:00,0.6432098746299744,0.6447560876591307,0.640117522299157,0.6432098746299744,76700,0.0,0.0
2007-07-06 00:00:00-04:00,0.6432098746299744,0.6447560876591307,0.6385713829974959,0.6432098746299744,158600,0.0,0.0
2007-07-09 00:00:00-04:00,0.641664093252529,0.6432102334166366,0.6385717391967773,0.6385717391967773,101700,0.0,0.0
2007-07-10 00:00:00-04:00,0.6401177142332007,0.6416639277259765,0.6339330077171326,0.6339330077171326,265600,0.0,0.0
2007-07-11 00:00:00-04:00,0.6384487358185835,0.6400059635346843,0.6337772011756897,0.6337772011756897,189200,0.029,0.0
2007-07-12 00:00:00-04:00,0.6337774195527119,0.6400061840579159,0.629105809047444,0.6306630373001099,459700,0.0,0.0
2007-07-13 00:00:00-04:00,0.6306630373001099,0.6337774195527119,0.6275486550475079,0.6306630373001099,145300,0.0,0.0
2007-07-16 00:00:00-04:00,0.6337770784315095,0.6353342315933307,0.6275483172788447,0.6322198510169983,278600,0.0,0.0
2007-07-17 00:00:00-04:00,0.6337772366941807,0.6337772366941807,0.6259912461827385,0.6291056275367737,268400,0.0,0.0
2007-07-18 00:00:00-04:00,0.6259910401376572,0.6275482674284673,0.6104191384929759,0.6166478991508484,413700,0.0,0.0
2007-07-19 00:00:00-04:00,0.615090849096764,0.6213196111734746,0.6135336585775865,0.6197624206542969,183400,0.0,0.0
2007-07-20 00:00:00-04:00,0.6197623175013325,0.621319507761332,0.6135335564613342,0.6135335564613342,231400,0.0,0.0
2007-07-23 00:00:00-04:00,0.6135336585775865,0.6197624206542969,0.6057477059816985,0.6197624206542969,176000,0.0,0.0
2007-07-24 00:00:00-04:00,0.6166480956235529,0.6166480956235529,0.6057477609992771,0.6104193329811096,320000,0.0,0.0
2007-07-25 00:00:00-04:00,0.6088619232177734,0.6104191133180198,0.6026331256904475,0.6088619232177734,232600,0.0,0.0
2007-07-26 00:00:00-04:00,0.6026332162128947,0.6026332162128947,0.5901756935396605,0.5995188355445862,331400,0.0,0.0
2007-07-27 00:00:00-04:00,0.6119760118970369,0.6119760118970369,0.5886181343937724,0.6010756492614746,191200,0.0,0.0
2007-07-30 00:00:00-04:00,0.6010759440119756,0.6010759440119756,0.5932899934016536,0.5964043736457825,268500,0.0,0.0
2007-07-31 00:00:00-04:00,0.5948468918276235,0.6010756492614746,0.5932897024691608,0.6010756492614746,167500,0.0,0.0
2007-08-01 00:00:00-04:00,0.5948472343751448,0.5948472343751448,0.5746037610577632,0.5823897123336792,564700,0.0,0.0
2007-08-02 00:00:00-04:00,0.5901757500604583,0.5948473215103149,0.5792754166774596,0.5948473215103149,243700,0.0,0.0
2007-08-03 00:00:00-04:00,0.5917326807975769,0.5964042501968078,0.5886183011980897,0.5917326807975769,162900,0.0,0.0
2007-08-06 00:00:00-04:00,0.5886189140781496,0.5948476797626212,0.5808329569725601,0.5901761054992676,275200,0.0,0.0
2007-08-07 00:00:00-04:00,0.5886184952540756,0.5917328758803132,0.5855041146278381,0.5855041146278381,225600,0.0,0.0
2007-08-08 00:00:00-04:00,0.5839468526692672,0.6041903613824455,0.5839468526692672,0.5964043736457825,256300,0.0,0.0
2007-08-09 00:00:00-04:00,0.594847183523718,0.5995187538899113,0.5917328032795892,0.5964043736457825,169500,0.0,0.0
2007-08-10 00:00:00-04:00,0.597816495031432,0.5993855657240501,0.5774185760273969,0.5868330001831055,478900,0.029,0.0
2007-08-13 00:00:00-04:00,0.5931098661533514,0.5962480106242977,0.5884026494469319,0.5946789383888245,233800,0.0,0.0
2007-08-14 00:00:00-04:00,0.5899717201273741,0.5915407923587115,0.5742809978139995,0.5805572867393494,266900,0.0,0.0
2007-08-15 00:00:00-04:00,0.5711423540551416,0.5758495666340796,0.5648660332069575,0.5695732831954956,525100,0.0,0.0
2007-08-16 00:00:00-04:00,0.5632969906394203,0.5727114536797464,0.536622784685702,0.5601588487625122,561900,0.0,0.0
2007-08-17 00:00:00-04:00,0.5805568868652519,0.5852641003170449,0.4801362209981784,0.5774187445640564,386000,0.0,0.0
2007-08-20 00:00:00-04:00,0.5884021091031537,0.6009546754596161,0.5711423303630179,0.5852639675140381,374700,0.0,0.0
2007-08-21 00:00:00-04:00,0.5868333804635392,0.593109667301178,0.5805570936259002,0.593109667301178,156300,0.0,0.0
2007-08-22 00:00:00-04:00,0.5899709748057507,0.6040926070476594,0.5899709748057507,0.5962472558021545,194700,0.0,0.0
2007-08-23 00:00:00-04:00,0.599386155095244,0.6025242995661904,0.5915407939178782,0.5946789383888245,447400,0.0,0.0
2007-08-24 00:00:00-04:00,0.5946782389703951,0.5993854501405261,0.5915400981903076,0.5915400981903076,312500,0.0,0.0
2007-08-27 00:00:00-04:00,0.5915400981903076,0.5978163797504824,0.5852638166301328,0.5915400981903076,289900,0.0,0.0
2007-08-28 00:00:00-04:00,0.5915400981903076,0.5962473093604388,0.5884019574102203,0.5915400981903076,213500,0.0,0.0
2007-08-29 00:00:00-04:00,0.5884026494469319,0.6009552273307172,0.5868335772114587,0.5946789383888245,165300,0.0,0.0
2007-08-30 00:00:00-04:00,0.5931091153039526,0.5993853963003565,0.5915400450548516,0.5962472558021545,108300,0.0,0.0
2007-08-31 00:00:00-04:00,0.5962474233256014,0.6040927767753601,0.5962474233256014,0.6040927767753601,800700,0.0,0.0
2007-09-04 00:00:00-04:00,0.602523922920227,0.6072311366841027,0.5993857804109767,0.602523922920227,129000,0.0,0.0
2007-09-05 00:00:00-04:00,0.6025236682615233,0.6072308800358797,0.5978164564871669,0.6056618094444275,117100,0.0,0.0
2007-09-06 00:00:00-04:00,0.6056620094225443,0.6088001890512098,0.6040929383130147,0.607231080532074,156500,0.0,0.0
2007-09-07 00:00:00-04:00,0.602523922920227,0.6088002453483375,0.602523922920227,0.602523922920227,110700,0.0,0.0
2007-09-10 00:00:00-04:00,0.6056620525582619,0.610369303631711,0.6040929813369817,0.6088002324104309,144600,0.0,0.0
2007-09-11 00:00:00-04:00,0.6086423271053033,0.6118041024909411,0.6038996640268467,0.6054805517196655,131600,0.029,0.0
2007-09-12 00:00:00-04:00,0.6086421405370328,0.6118039149534856,0.6023185917041272,0.6038994789123535,90200,0.0,0.0
2007-09-13 00:00:00-04:00,0.6023185849189758,0.6070612464902287,0.6007376977285582,0.6023185849189758,97100,0.0,0.0
2007-09-14 00:00:00-04:00,0.6054802923679362,0.6070611793835972,0.6007376313209534,0.6007376313209534,80300,0.0,0.0
2007-09-17 00:00:00-04:00,0.6007375645629129,0.6038993382428771,0.5975757908829489,0.5991566777229309,97300,0.0,0.0
2007-09-18 00:00:00-04:00,0.5991568895098236,0.6102231013013256,0.5975760021110377,0.6070613265037537,118100,0.0,0.0
2007-09-19 00:00:00-04:00,0.6102226972579956,0.6165462803574697,0.6070609245539105,0.6102226972579956,115300,0.0,0.0
2007-09-20 00:00:00-04:00,0.608641810905953,0.6165462803574697,0.608641810905953,0.6102226972579956,103400,0.0,0.0
2007-09-21 00:00:00-04:00,0.6102228832314689,0.6181273550919776,0.6086419963976302,0.6118037700653076,199700,0.0,0.0
2007-09-24 00:00:00-04:00,0.6133846712783071,0.6212891051470866,0.6118037468132375,0.614965558052063,223900,0.0,0.0
2007-09-25 00:00:00-04:00,0.6165463328361511,0.6228698787825638,0.6133845598629448,0.6165463328361511,173600,0.0,0.0
2007-09-26 00:00:00-04:00,0.6212895204436444,0.6228704082741334,0.6118041557693707,0.6133850812911987,259200,0.0,0.0
2007-09-27 00:00:00-04:00,0.6212895204436444,0.6212895204436444,0.6133850812911987,0.6133850812911987,147300,0.0,0.0
2007-09-28 00:00:00-04:00,0.6133846945904615,0.6197082419258163,0.6118037700653076,0.6118037700653076,224900,0.0,0.0
2007-10-01 00:00:00-04:00,0.6118036356850347,0.6212889922959607,0.6118036356850347,0.6165463328361511,180000,0.0,0.0
2007-10-02 00:00:00-04:00,0.6181272937505958,0.6212890671045068,0.6149655203966847,0.6197081804275513,255000,0.0,0.0
2007-10-03 00:00:00-04:00,0.6181272193227544,0.6212889922959607,0.614965446349548,0.6165463328361511,266300,0.0,0.0
2007-10-04 00:00:00-04:00,0.6165464448258189,0.6181273315995748,0.6133846712783071,0.614965558052063,95200,0.0,0.0
2007-10-05 00:00:00-04:00,0.6165463328361511,0.6197081058093575,0.6165463328361511,0.6165463328361511,75700,0.0,0.0
2007-10-08 00:00:00-04:00,0.6165467100824515,0.6212893724441528,0.6165467100824515,0.6212893724441528,95100,0.0,0.0
2007-10-09 00:00:00-04:00,0.6212893724441528,0.6244511473519537,0.6181275975363519,0.6212893724441528,93200,0.0,0.0
2007-10-10 00:00:00-04:00,0.6197081430581628,0.6244508028030396,0.6197081430581628,0.6244508028030396,127700,0.0,0.0
2007-10-11 00:00:00-04:00,0.6242914863941997,0.625884065166835,0.619513750076294,0.619513750076294,151500,0.029,0.0
2007-10-12 00:00:00-04:00,0.6195140511423475,0.622699210235514,0.6179214715957642,0.6179214715957642,111100,0.0,0.0
2007-10-15 00:00:00-04:00,0.6179214715957642,0.6211066306889307,0.6163288540790894,0.6179214715957642,158900,0.0,0.0
2007-10-16 00:00:00-04:00,0.6163284201764876,0.6195136149973303,0.6147358417510986,0.6147358417510986,122200,0.0,0.0
2007-10-17 00:00:00-04:00,0.6147358417510986,0.6179210365719413,0.6115506849003208,0.6147358417510986,343200,0.0,0.0
2007-10-18 00:00:00-04:00,0.6131434440612793,0.6131434440612793,0.6099582862716162,0.6131434440612793,180900,0.0,0.0
2007-10-19 00:00:00-04:00,0.6083658991501565,0.6083658991501565,0.6019955815627341,0.6051807403564453,269800,0.0,0.0
2007-10-22 00:00:00-04:00,0.6051809259333029,0.6083660857037334,0.5988106063924417,0.6019957661628723,228900,0.0,0.0
2007-10-23 00:00:00-04:00,0.6019958048644374,0.6115512847900391,0.5988106448892369,0.6115512847900391,344900,0.0,0.0
2007-10-24 00:00:00-04:00,0.6131438647776394,0.61632902475284,0.605180964839638,0.6115512847900391,199700,0.0,0.0
2007-10-25 00:00:00-04:00,0.6067733111193178,0.6099584698677063,0.6035881523709293,0.6099584698677063,140400,0.0,0.0
2007-10-26 00:00:00-04:00,0.6067731356364087,0.609958293463628,0.6035879778091895,0.6083657145500183,164600,0.0,0.0
2007-10-29 00:00:00-04:00,0.6115508723772376,0.6115508723772376,0.6035879778091895,0.6083657145500183,241500,0.0,0.0
2007-10-30 00:00:00-04:00,0.6099581064749319,0.6147358417510986,0.6083655280495429,0.6147358417510986,233100,0.0,0.0
2007-10-31 00:00:00-04:00,0.6099582815388883,0.6163285970687866,0.6067731237739392,0.6163285970687866,302200,0.0,0.0
2007-11-01 00:00:00-04:00,0.6147361534196525,0.6147361534196525,0.6067732572555542,0.6067732572555542,517100,0.0,0.0
2007-11-02 00:00:00-04:00,0.6051805495871216,0.6131434440612793,0.6019953917974585,0.6131434440612793,197400,0.0,0.0
2007-11-05 00:00:00-05:00,0.6051807403564453,0.6099584785470121,0.5956252639753117,0.6051807403564453,185300,0.0,0.0
2007-11-06 00:00:00-05:00,0.605180809183769,0.606773388761749,0.5988104908718491,0.6004030704498291,224700,0.0,0.0
2007-11-07 00:00:00-05:00,0.5988105568002879,0.6004031365536093,0.5956253972936452,0.5972179770469666,130900,0.0,0.0
2007-11-08 00:00:00-05:00,0.5954528820450178,0.6002678602772631,0.5826129400923636,0.5922428965568542,190600,0.029,0.0
2007-11-09 00:00:00-05:00,0.589032343860557,0.5954523086547852,0.582612379066329,0.5954523086547852,172300,0.0,0.0
2007-11-12 00:00:00-05:00,0.5890325059205019,0.5922424892007756,0.5842175310000914,0.5858225226402283,142400,0.0,0.0
2007-11-13 00:00:00-05:00,0.5874271660492321,0.5906371474266052,0.5794021743398028,0.5906371474266052,241600,0.0,0.0
2007-11-14 00:00:00-05:00,0.589032249432777,0.5986621950803422,0.5810072564604701,0.5874272584915161,386100,0.0,0.0
2007-11-15 00:00:00-05:00,0.5890322229544764,0.5890322229544764,0.5810072303429108,0.5842172503471375,299000,0.0,0.0
2007-11-16 00:00:00-05:00,0.5890322999980787,0.5890322999980787,0.5729823509416644,0.5826123356819153,208400,0.0,0.0
2007-11-19 00:00:00-05:00,0.5681675821423151,0.5810075153947003,0.5681675821423151,0.577797532081604,174300,0.0,0.0
2007-11-20 00:00:00-05:00,0.5810075402259827,0.5858225536674322,0.5745875733254115,0.5810075402259827,226800,0.0,0.0
2007-11-21 00:00:00-05:00,0.5842176150374488,0.5842176150374488,0.5761926174163818,0.5761926174163818,125300,0.0,0.0
2007-11-23 00:00:00-05:00,0.5826125702171466,0.5874275453925749,0.5810075402259827,0.5810075402259827,94100,0.0,0.0
2007-11-26 00:00:00-05:00,0.5874271660492321,0.5922421381152918,0.5858221753605455,0.5906371474266052,345800,0.0,0.0
2007-11-27 00:00:00-05:00,0.5842173869190571,0.5938473343849182,0.5842173869190571,0.5938473343849182,323200,0.0,0.0
2007-11-28 00:00:00-05:00,0.589032343860557,0.5986622910518992,0.5874273526620001,0.5954523086547852,361800,0.0,0.0
2007-11-29 00:00:00-05:00,0.5890323942565374,0.6018723249435425,0.5794024079752718,0.6018723249435425,329300,0.0,0.0
2007-11-30 00:00:00-05:00,0.5922426586572,0.6082925796508789,0.5922426586572,0.6082925796508789,572700,0.0,0.0
2007-12-03 00:00:00-05:00,0.6098974073319925,0.6179223656654358,0.6002674573318604,0.6179223656654358,196800,0.0,0.0
2007-12-04 00:00:00-05:00,0.6098975717502468,0.6098975717502468,0.6018726112534074,0.6082925796508789,314700,0.0,0.0
2007-12-05 00:00:00-05:00,0.6050825715065002,0.606687563542352,0.6002675953989454,0.6050825715065002,173400,0.0,0.0
2007-12-06 00:00:00-05:00,0.6018725457074098,0.606687521481146,0.5986625618582524,0.6034775376319885,207100,0.0,0.0
2007-12-07 00:00:00-05:00,0.606687677652464,0.606687677652464,0.5970577236260842,0.6002677083015442,206200,0.0,0.0
2007-12-10 00:00:00-05:00,0.6065759493537741,0.6081934836761151,0.5968707434197282,0.6049584150314331,258700,0.029,0.0
2007-12-11 00:00:00-05:00,0.6001054644584656,0.6114281981562562,0.5968703976876684,0.6001054644584656,477700,0.0,0.0
2007-12-12 00:00:00-05:00,0.5952532314621004,0.6130461096763611,0.5952532314621004,0.6130461096763611,350200,0.0,0.0
2007-12-13 00:00:00-05:00,0.6033408807090922,0.609811017998456,0.6001058120644102,0.6049584150314331,238000,0.0,0.0
2007-12-14 00:00:00-05:00,0.601723126270872,0.6130458623852973,0.601723126270872,0.6065757274627686,440200,0.0,0.0
2007-12-17 00:00:00-05:00,0.609811017998456,0.6114285523207971,0.6001058120644102,0.6049584150314331,311200,0.0,0.0
2007-12-18 00:00:00-05:00,0.6081935105110909,0.6081935105110909,0.5968707697551171,0.6017233729362488,208900,0.0,0.0
2007-12-19 00:00:00-05:00,0.6065759761173803,0.6065759761173803,0.5952532353614066,0.6017233729362488,434200,0.0,0.0
2007-12-20 00:00:00-05:00,0.6017229978438643,0.6017229978438643,0.5952528643022696,0.6001054644584656,284600,0.0,0.0
2007-12-21 00:00:00-05:00,0.6033410984292464,0.6033410984292464,0.5920183540869625,0.5968709588050842,351100,0.0,0.0
2007-12-24 00:00:00-05:00,0.6001054363618709,0.6049580362908709,0.5920177698135376,0.5920177698135376,205400,0.0,0.0
2007-12-26 00:00:00-05:00,0.6456598559341326,0.6456598559341326,0.5983766913414001,0.5983766913414001,324300,0.029,0.0
2007-12-27 00:00:00-05:00,0.6081591446096571,0.6081591446096571,0.6000068850719351,0.6032677888870239,362900,0.0,0.0
2007-12-28 00:00:00-05:00,0.6048985719680786,0.6114203831688567,0.6000072135674951,0.6048985719680786,433800,0.0,0.0
2007-12-31 00:00:00-05:00,0.6032680969714646,0.6097899079322815,0.6016376442312603,0.6097899079322815,460800,0.0,0.0
2008-01-02 00:00:00-05:00,0.6114203881058149,0.6114203881058149,0.6032681240390163,0.6081594824790955,174200,0.0,0.0
2008-01-03 00:00:00-05:00,0.6097895968422103,0.6195723082926907,0.6097895968422103,0.6179418563842773,274500,0.0,0.0
2008-01-04 00:00:00-05:00,0.6146812661528943,0.6146812661528943,0.6081594551920773,0.6097899079322815,128400,0.0,0.0
2008-01-07 00:00:00-05:00,0.6097901779465247,0.614681538333025,0.6081597244843578,0.6114206314086914,149200,0.0,0.0
2008-01-08 00:00:00-05:00,0.6114206314086914,0.614681538333025,0.6097901779465247,0.6114206314086914,128100,0.0,0.0
2008-01-09 00:00:00-05:00,0.6146815734222973,0.6163120269775391,0.6081597592013307,0.6163120269775391,172700,0.0,0.0
2008-01-10 00:00:00-05:00,0.611420457111027,0.6146813631057739,0.6065290981189067,0.6146813631057739,175600,0.0,0.0
2008-01-11 00:00:00-05:00,0.6163117239504653,0.6163117239504653,0.6065290074289643,0.6130508184432983,267800,0.0,0.0
2008-01-14 00:00:00-05:00,0.619572639465332,0.619572639465332,0.6130508283456539,0.619572639465332,273400,0.0,0.0
2008-01-15 00:00:00-05:00,0.611420457111027,0.6163118161031473,0.6081595511162802,0.6146813631057739,313700,0.0,0.0
2008-01-16 00:00:00-05:00,0.6081595511162802,0.6195727220978942,0.6081595511162802,0.6146813631057739,263400,0.0,0.0
2008-01-17 00:00:00-05:00,0.6097899079322815,0.6146812661528943,0.6081594551920773,0.6097899079322815,223300,0.0,0.0
2008-01-18 00:00:00-05:00,0.6081591378227519,0.6097895897121008,0.6000068783760071,0.6000068783760071,204500,0.0,0.0
2008-01-22 00:00:00-05:00,0.5918546255342132,0.6032677888870239,0.5771805194932738,0.6032677888870239,239200,0.0,0.0
2008-01-23 00:00:00-05:00,0.5885942918509112,0.6016379594802856,0.5885942918509112,0.6016379594802856,173900,0.0,0.0
2008-01-24 00:00:00-05:00,0.6032681240390163,0.6097899352924552,0.5951158599722177,0.6081594824790955,169400,0.0,0.0
2008-01-25 00:00:00-05:00,0.6097899129361313,0.6146812711968819,0.6097899129361313,0.6130508184432983,280300,0.0,0.0
2008-01-28 00:00:00-05:00,0.6130505006590371,0.6195723082926907,0.6130505006590371,0.6179418563842773,254500,0.0,0.0
2008-01-29 00:00:00-05:00,0.6179421866854126,0.6244639978050907,0.616311733905493,0.619572639465332,212600,0.0,0.0
2008-01-30 00:00:00-05:00,0.6228335450251712,0.6228335450251712,0.616311733905493,0.619572639465332,182600,0.0,0.0
2008-01-31 00:00:00-05:00,0.6146806389426652,0.6228328943252563,0.6114197367896288,0.6228328943252563,325900,0.0,0.0
2008-02-01 00:00:00-05:00,0.6244633454017745,0.6260937964782928,0.6146806389426652,0.6228328943252563,652500,0.0,0.0
2008-02-04 00:00:00-05:00,0.6228328943252563,0.6260937964782928,0.6228328943252563,0.6228328943252563,236100,0.0,0.0
2008-02-05 00:00:00-05:00,0.6177405118942261,0.6226692878862828,0.6160975865635405,0.6177405118942261,166700,0.029,0.0
2008-02-06 00:00:00-05:00,0.6144547462463379,0.6160976718043321,0.6062401184563672,0.6144547462463379,187900,0.0,0.0
2008-02-07 00:00:00-05:00,0.6144547462463379,0.6144547462463379,0.6078830440143613,0.6144547462463379,99600,0.0,0.0
2008-02-08 00:00:00-05:00,0.6095257226103772,0.6111686475027062,0.6029540230410608,0.6078827977180481,165600,0.0,0.0
2008-02-11 00:00:00-05:00,0.602954089641571,0.6078828648629762,0.6013111645677693,0.602954089641571,113400,0.0,0.0
2008-02-12 00:00:00-05:00,0.6062401025717559,0.6078830280867024,0.59966840051197,0.6013113260269165,143300,0.0,0.0
2008-02-13 00:00:00-05:00,0.6062398305079262,0.6062398305079262,0.5930963931163351,0.5947393178939819,122700,0.0,0.0
2008-02-14 00:00:00-05:00,0.5898103583360157,0.5914532825977159,0.5799528127658148,0.5832386612892151,265000,0.0,0.0
2008-02-15 00:00:00-05:00,0.5898103583360157,0.5898103583360157,0.5750240399807143,0.5832386612892151,237900,0.0,0.0
2008-02-19 00:00:00-05:00,0.5914534394478663,0.5930963641452609,0.5832388159608932,0.5865246653556824,79600,0.0,0.0
2008-02-20 00:00:00-05:00,0.5848816871641765,0.586524611711307,0.578309988975655,0.5815958380699158,118200,0.0,0.0
2008-02-21 00:00:00-05:00,0.584882150020346,0.586525075867633,0.5750245949366243,0.5799533724784851,170300,0.0,0.0
2008-02-22 00:00:00-05:00,0.5865250659791952,0.5865250659791952,0.5783104368812538,0.5848821401596069,91300,0.0,0.0
2008-02-25 00:00:00-05:00,0.5815960777107584,0.5963824438979172,0.5799531524866771,0.5930965542793274,219000,0.0,0.0
2008-02-26 00:00:00-05:00,0.5898109349135845,0.5963826775550842,0.5898109349135845,0.5963826775550842,154100,0.0,0.0
2008-02-27 00:00:00-05:00,0.5963825494820771,0.6045971770568095,0.5947395847966966,0.6013113260269165,108900,0.0,0.0
2008-02-28 00:00:00-05:00,0.6029539809526325,0.6045969057302794,0.5930963931163351,0.5947393178939819,94600,0.0,0.0
2008-02-29 00:00:00-05:00,0.5914536118507385,0.5947394622033205,0.5848819111455743,0.5914536118507385,101500,0.0,0.0
2008-03-03 00:00:00-05:00,0.5898105147504716,0.5963822527104646,0.5832388159608932,0.5865246653556824,200200,0.0,0.0
2008-03-04 00:00:00-05:00,0.5799533724784851,0.586525075867633,0.5783104466311981,0.5799533724784851,126200,0.0,0.0
2008-03-05 00:00:00-05:00,0.5832389068872472,0.5848818318407721,0.5766672070731473,0.5783101320266724,69600,0.0,0.0
2008-03-06 00:00:00-05:00,0.5799532621926623,0.583239113262388,0.5750244855880737,0.5750244855880737,132400,0.0,0.0
2008-03-07 00:00:00-05:00,0.5733813397906066,0.5799530394055605,0.571738414886868,0.5766671895980835,178700,0.0,0.0
2008-03-10 00:00:00-04:00,0.5717386603355408,0.575024511553641,0.5700957347264907,0.5717386603355408,152100,0.0,0.0
2008-03-11 00:00:00-04:00,0.5782001270572622,0.5798568593611667,0.5699164655377398,0.5715731978416443,110500,0.029,0.0
2008-03-12 00:00:00-04:00,0.5765429337914976,0.5781996647708003,0.5699160098742867,0.5748862028121948,155700,0.0,0.0
2008-03-13 00:00:00-04:00,0.573229391478864,0.5748861222259298,0.5632890069964688,0.5666024684906006,180000,0.0,0.0
2008-03-14 00:00:00-04:00,0.5649458169937134,0.5715727409115968,0.5616323550347717,0.5649458169937134,187600,0.0,0.0
2008-03-17 00:00:00-04:00,0.5583185472620985,0.5583185472620985,0.5434079766273499,0.5434079766273499,302600,0.0,0.0
2008-03-18 00:00:00-04:00,0.5467215030598428,0.5616321150021034,0.5467215030598428,0.5583186149597168,186500,0.0,0.0
2008-03-19 00:00:00-04:00,0.563289247151127,0.5649459786045294,0.5550055503845215,0.5550055503845215,163300,0.0,0.0
2008-03-20 00:00:00-04:00,0.5533484839688791,0.5666023670726279,0.5500350230678345,0.5599754452705383,203300,0.0,0.0
2008-03-24 00:00:00-04:00,0.5583186149597168,0.5748859571733881,0.5583186149597168,0.5583186149597168,268500,0.0,0.0
2008-03-25 00:00:00-04:00,0.5666024684906006,0.5748861222259298,0.5649457377435346,0.5666024684906006,139600,0.0,0.0
2008-03-26 00:00:00-04:00,0.5715730006848735,0.5781999276146181,0.564946073755129,0.5682595372200012,342500,0.0,0.0
2008-03-27 00:00:00-04:00,0.5748864641497458,0.5748864641497458,0.5682595372200012,0.5682595372200012,184300,0.0,0.0
2008-03-28 00:00:00-04:00,0.5715726607317981,0.5748861222259298,0.5649457377435346,0.5666024684906006,250600,0.0,0.0
2008-03-31 00:00:00-04:00,0.568259278894984,0.5748862028121948,0.568259278894984,0.5748862028121948,297300,0.0,0.0
2008-04-01 00:00:00-04:00,0.5748865338274237,0.5881403892933131,0.5715730699609514,0.5864836573600769,356600,0.0,0.0
2008-04-02 00:00:00-04:00,0.581513282909819,0.5947671343039048,0.5798565514855581,0.5914536714553833,173400,0.0,0.0
2008-04-03 00:00:00-04:00,0.5881402113650226,0.5881402113650226,0.5798565542048717,0.5815132856369019,194700,0.0,0.0
2008-04-04 00:00:00-04:00,0.5815134615603684,0.5864836573600769,0.5798567296271322,0.5864836573600769,134200,0.0,0.0
2008-04-07 00:00:00-04:00,0.5864830105815234,0.606363811355243,0.5864830105815234,0.6030503511428833,590500,0.0,0.0
2008-04-08 00:00:00-04:00,0.6047072616651185,0.6080207228660583,0.6013938004641787,0.6080207228660583,399500,0.0,0.0
2008-04-09 00:00:00-04:00,0.6111933831266114,0.6111933831266114,0.6045136407341474,0.6078535318374634,266300,0.029,0.0
2008-04-10 00:00:00-04:00,0.6061834048147866,0.6111931800842285,0.604513439910818,0.6111931800842285,143100,0.0,0.0
2008-04-11 00:00:00-04:00,0.6061834048147866,0.6111931800842285,0.604513439910818,0.6111931800842285,155700,0.0,0.0
2008-04-14 00:00:00-04:00,0.6045139797374234,0.6095237992947525,0.6045139797374234,0.6061839461326599,217600,0.0,0.0
2008-04-15 00:00:00-04:00,0.6061839094896323,0.6078538359697336,0.5878146783943288,0.604513943195343,467700,0.0,0.0
2008-04-16 00:00:00-04:00,0.6028437150895734,0.6078535318374634,0.6028437150895734,0.6078535318374634,161500,0.0,0.0
2008-04-17 00:00:00-04:00,0.6028437150895734,0.6095234574820374,0.6028437150895734,0.6078535318374634,185100,0.0,0.0
2008-04-18 00:00:00-04:00,0.6061834048147866,0.6111931800842285,0.604513439910818,0.6111931800842285,143600,0.0,0.0
2008-04-21 00:00:00-04:00,0.6078538287580781,0.6195433139801025,0.6078538287580781,0.6195433139801025,355800,0.0,0.0
2008-04-22 00:00:00-04:00,0.6145337871451355,0.6228834228779083,0.612863859998581,0.6212134957313538,199900,0.0,0.0
2008-04-23 00:00:00-04:00,0.6228832834451051,0.6312329173088074,0.6212133566723648,0.6312329173088074,468400,0.0,0.0
2008-04-24 00:00:00-04:00,0.6329028010368347,0.6329028010368347,0.6262230944001703,0.6329028010368347,248000,0.0,0.0
2008-04-25 00:00:00-04:00,0.6295629477185025,0.6329028010368347,0.6262230944001703,0.6329028010368347,110600,0.0,0.0
2008-04-28 00:00:00-04:00,0.6329028010368347,0.6362426543551669,0.6295629477185025,0.6329028010368347,263700,0.0,0.0
2008-04-29 00:00:00-04:00,0.6345723867416382,0.6362423125035568,0.6295626094558823,0.6345723867416382,147500,0.0,0.0
2008-04-30 00:00:00-04:00,0.6345728960397893,0.6379127502441406,0.6295631147332623,0.6379127502441406,99900,0.0,0.0
2008-05-01 00:00:00-04:00,0.6312326709208368,0.6379123754045208,0.6312326709208368,0.6362424492835999,163200,0.0,0.0
2008-05-02 00:00:00-04:00,0.6362429578744943,0.6412527402419063,0.6345730304186903,0.6395828127861023,152400,0.0,0.0
2008-05-05 00:00:00-04:00,0.6412522276463629,0.6412522276463629,0.6345725231626789,0.6362424492835999,153300,0.0,0.0
2008-05-06 00:00:00-04:00,0.6379122382654754,0.639582164027394,0.6345723867416382,0.6345723867416382,150700,0.0,0.0
2008-05-07 00:00:00-04:00,0.6379122382654754,0.6379122382654754,0.6329024609797196,0.6345723867416382,100900,0.0,0.0
2008-05-08 00:00:00-04:00,0.6362429578744943,0.6395828127861023,0.6362429578744943,0.6395828127861023,123700,0.0,0.0
2008-05-09 00:00:00-04:00,0.6410970356275087,0.6410970356275087,0.6343663644059021,0.6360490322113037,90700,0.029,0.0
2008-05-12 00:00:00-04:00,0.6427793983804307,0.6427793983804307,0.6326833963394165,0.6326833963394165,106400,0.0,0.0
2008-05-13 00:00:00-04:00,0.6343660913797976,0.6343660913797976,0.6276354230550169,0.6310007572174072,95500,0.0,0.0
2008-05-14 00:00:00-04:00,0.6276357805355903,0.6410971248522881,0.6276357805355903,0.6343664526939392,262500,0.0,0.0
2008-05-15 00:00:00-04:00,0.6377313973599237,0.6377313973599237,0.6326833963394165,0.6326833963394165,70200,0.0,0.0
2008-05-16 00:00:00-04:00,0.6326833963394165,0.6377313973599237,0.6326833963394165,0.6326833963394165,99600,0.0,0.0
2008-05-19 00:00:00-04:00,0.6310010287950987,0.6377317000167054,0.6310010287950987,0.6360490322113037,116600,0.0,0.0
2008-05-20 00:00:00-04:00,0.6360490322113037,0.6360490322113037,0.6326836966005004,0.6360490322113037,83000,0.0,0.0
2008-05-21 00:00:00-04:00,0.6377317887731137,0.6377317887731137,0.6326837846543519,0.6343664526939392,180300,0.0,0.0
2008-05-22 00:00:00-04:00,0.6326834242986025,0.6343660913797976,0.6293180901362121,0.6310007572174072,159200,0.0,0.0
2008-05-23 00:00:00-04:00,0.6326833325605307,0.6326833325605307,0.6293179988861084,0.6293179988861084,117700,0.0,0.0
2008-05-27 00:00:00-04:00,0.6326837846543519,0.6360491207335264,0.6293184485751775,0.6343664526939392,104900,0.0,0.0
2008-05-28 00:00:00-04:00,0.6377317887731137,0.6394144568127008,0.6326837846543519,0.6343664526939392,161400,0.0,0.0
2008-05-29 00:00:00-04:00,0.6310011166147648,0.6377317887731137,0.6310011166147648,0.6343664526939392,137000,0.0,0.0
2008-05-30 00:00:00-04:00,0.6343664526939392,0.6377317887731137,0.6326837846543519,0.6343664526939392,116400,0.0,0.0
2008-06-02 00:00:00-04:00,0.636048730353088,0.6377313973599237,0.6310007293325808,0.6326833963394165,242300,0.0,0.0
2008-06-03 00:00:00-04:00,0.6343659993977419,0.636048666234953,0.6276353320488972,0.6293179988861084,201100,0.0,0.0
2008-06-04 00:00:00-04:00,0.6326834242986025,0.6343660913797976,0.6276354230550169,0.6310007572174072,235500,0.0,0.0
2008-06-05 00:00:00-04:00,0.6310007572174072,0.6326834242986025,0.6276354230550169,0.6310007572174072,123900,0.0,0.0
2008-06-06 00:00:00-04:00,0.6293180901362121,0.6343660913797976,0.6293180901362121,0.6310007572174072,230700,0.0,0.0
2008-06-09 00:00:00-04:00,0.6310007572174072,0.6343660913797976,0.6293180901362121,0.6310007572174072,221100,0.0,0.0
2008-06-10 00:00:00-04:00,0.6308311836524113,0.6342227458953857,0.6274396214094369,0.6342227458953857,193000,0.029,0.0
2008-06-11 00:00:00-04:00,0.6291359077705908,0.6342232552205445,0.6206569953540014,0.6257443428039551,504000,0.0,0.0
2008-06-12 00:00:00-04:00,0.6020025686910138,0.629135093748658,0.6020025686910138,0.6206561923027039,107700,0.0,0.0
2008-06-13 00:00:00-04:00,0.6189612128706835,0.6274401252872729,0.6189612128706835,0.6257443428039551,143500,0.0,0.0
2008-06-16 00:00:00-04:00,0.6189609473691202,0.6274398561487055,0.6172651656132031,0.6240482926368713,90500,0.0,0.0
2008-06-17 00:00:00-04:00,0.6257443428039551,0.6291359077705908,0.6206569953540014,0.6257443428039551,182200,0.0,0.0
2008-06-18 00:00:00-04:00,0.6257440743927885,0.6274398561487055,0.6223525108809543,0.6240482926368713,120900,0.0,0.0
2008-06-19 00:00:00-04:00,0.6206565208874698,0.6257438644483574,0.6206565208874698,0.6223523020744324,104000,0.0,0.0
2008-06-20 00:00:00-04:00,0.6206562802930902,0.6223520608226917,0.6189604997634888,0.6189604997634888,98900,0.0,0.0
2008-06-23 00:00:00-04:00,0.6240477528810855,0.6240477528810855,0.6172646317243222,0.6206561923027039,159100,0.0,0.0
2008-06-24 00:00:00-04:00,0.6189604997634888,0.6206562802930902,0.6172647192338873,0.6189604997634888,132800,0.0,0.0
2008-06-25 00:00:00-04:00,0.6206562802930902,0.6223520608226917,0.6172647192338873,0.6189604997634888,149900,0.0,0.0
2008-06-26 00:00:00-04:00,0.6240482413531664,0.6240482413531664,0.6121777296066284,0.6121777296066284,64600,0.0,0.0
2008-06-27 00:00:00-04:00,0.6138735703256726,0.6155693925361251,0.6036988796467185,0.6053946614265442,186700,0.0,0.0
2008-06-30 00:00:00-04:00,0.6036989094479749,0.6070904731750488,0.6036989094479749,0.6070904731750488,68500,0.0,0.0
2008-07-01 00:00:00-04:00,0.6020033663450003,0.6036991488811015,0.5969160187366962,0.6003075838088989,134100,0.0,0.0
2008-07-02 00:00:00-04:00,0.6003071374450576,0.603698699995433,0.5986113561698699,0.6020029187202454,128000,0.0,0.0
2008-07-03 00:00:00-04:00,0.6036991488811015,0.6036991488811015,0.5952202362005949,0.6003075838088989,58100,0.0,0.0
2008-07-07 00:00:00-04:00,0.6003071927758569,0.6020029742073462,0.5884367227554321,0.5884367227554321,128200,0.0,0.0
2008-07-08 00:00:00-04:00,0.5867414185108667,0.5918287669427894,0.5850456357002258,0.5850456357002258,149000,0.0,0.0
2008-07-09 00:00:00-04:00,0.5850456357002258,0.5935245497534303,0.5850456357002258,0.5850456357002258,153800,0.0,0.0
2008-07-10 00:00:00-04:00,0.5850451308573035,0.5918282562466215,0.5850451308573035,0.590132474899292,176600,0.0,0.0
2008-07-11 00:00:00-04:00,0.5916714831568444,0.5916714831568444,0.5762811585386578,0.5848313570022583,189000,0.029,0.0
2008-07-14 00:00:00-04:00,0.5814116720502802,0.5831217047010588,0.5711514353752136,0.5711514353752136,194800,0.0,0.0
2008-07-15 00:00:00-04:00,0.5660213374228775,0.5831217047010588,0.5506310435658691,0.5711514353752136,505700,0.0,0.0
2008-07-16 00:00:00-04:00,0.5574707622917432,0.5831212738723992,0.5574707622917432,0.5814112424850464,278200,0.0,0.0
2008-07-17 00:00:00-04:00,0.5814112763179464,0.5831213078048076,0.5728610781132738,0.5797012448310852,237500,0.0,0.0
2008-07-18 00:00:00-04:00,0.5797012420867358,0.5814112735655015,0.5694410124437745,0.5728610754013062,202600,0.0,0.0
2008-07-21 00:00:00-04:00,0.5677309809650087,0.574571106880072,0.5677309809650087,0.5728610754013062,371000,0.0,0.0
2008-07-22 00:00:00-04:00,0.5728616831208917,0.5728616831208917,0.5643115166566295,0.5694416165351868,453400,0.0,0.0
2008-07-23 00:00:00-04:00,0.5728610754013062,0.5762811383588378,0.5711510439225403,0.5728610754013062,213700,0.0,0.0
2008-07-24 00:00:00-04:00,0.5831210287496272,0.5831210287496272,0.5728608039681699,0.5745708346366882,373900,0.0,0.0
2008-07-25 00:00:00-04:00,0.5797009674125905,0.5814109980811089,0.5694407426311331,0.5745708346366882,953100,0.0,0.0
2008-07-28 00:00:00-04:00,0.5728608896513613,0.57970105411887,0.5728608896513613,0.576280951499939,131800,0.0,0.0
2008-07-29 00:00:00-04:00,0.5797012448310852,0.5797012448310852,0.5728610781132738,0.5797012448310852,194800,0.0,0.0
2008-07-30 00:00:00-04:00,0.5779911797103409,0.5865413366471048,0.5779911797103409,0.5814112424850464,168000,0.0,0.0
2008-07-31 00:00:00-04:00,0.5831212401390076,0.5848312714274355,0.5797011775621517,0.5831212401390076,158600,0.0,0.0
2008-08-01 00:00:00-04:00,0.5814110850431587,0.5814110850431587,0.5728608896513613,0.576280951499939,246800,0.0,0.0
2008-08-04 00:00:00-04:00,0.5814112763179464,0.5814112763179464,0.5762811410869962,0.5797012448310852,92300,0.0,0.0
2008-08-05 00:00:00-04:00,0.5814261260892024,0.5831514657141937,0.5727996336360494,0.5797008275985718,362800,0.03,0.0
2008-08-06 00:00:00-04:00,0.5779762112859532,0.5779762112859532,0.5728003097050102,0.5762509107589722,202400,0.0,0.0
2008-08-07 00:00:00-04:00,0.5745255633885873,0.5745255633885873,0.5676243618433463,0.5710749626159668,294000,0.0,0.0
2008-08-08 00:00:00-04:00,0.5728004725078873,0.574525773525238,0.5693498704731861,0.574525773525238,252300,0.0,0.0
2008-08-11 00:00:00-04:00,0.5779763755599393,0.5779763755599393,0.574525773525238,0.574525773525238,229700,0.0,0.0
2008-08-12 00:00:00-04:00,0.5728003097050102,0.5762509107589722,0.5728003097050102,0.5762509107589722,194000,0.0,0.0
2008-08-13 00:00:00-04:00,0.5728003097050102,0.5762509107589722,0.5728003097050102,0.5762509107589722,137000,0.0,0.0
2008-08-14 00:00:00-04:00,0.5727996336360494,0.5797008275985718,0.5727996336360494,0.5797008275985718,181500,0.0,0.0
2008-08-15 00:00:00-04:00,0.5797015118129342,0.5797015118129342,0.5745256102319912,0.5762509107589722,87800,0.0,0.0
2008-08-18 00:00:00-04:00,0.5779762112859532,0.5797015118129342,0.5762509107589722,0.5762509107589722,113000,0.0,0.0
2008-08-19 00:00:00-04:00,0.57970167657729,0.57970167657729,0.5728004725078873,0.574525773525238,116500,0.0,0.0
2008-08-20 00:00:00-04:00,0.5745256102319912,0.5762509107589722,0.5710750091780292,0.5762509107589722,88000,0.0,0.0
2008-08-21 00:00:00-04:00,0.5745258182338249,0.5762511193854354,0.5710752159306037,0.5728005170822144,114200,0.0,0.0
2008-08-22 00:00:00-04:00,0.5762509107589722,0.5762509107589722,0.5745256102319912,0.5762509107589722,132100,0.0,0.0
2008-08-25 00:00:00-04:00,0.5762502306173106,0.5831514657141937,0.57452493212668,0.5797008275985718,142800,0.0,0.0
2008-08-26 00:00:00-04:00,0.5762509107589722,0.5814268123399152,0.5728003097050102,0.5762509107589722,142200,0.0,0.0
2008-08-27 00:00:00-04:00,0.5745256102319912,0.5762509107589722,0.5745256102319912,0.5762509107589722,111100,0.0,0.0
2008-08-28 00:00:00-04:00,0.5762505696730055,0.5814264681903049,0.5762505696730055,0.577975869178772,151300,0.0,0.0
2008-08-29 00:00:00-04:00,0.5779758839249268,0.5900530219078064,0.576250584375142,0.5900530219078064,93200,0.0,0.0
2008-09-02 00:00:00-04:00,0.5866025962555587,0.5866025962555587,0.5779760548215431,0.5831519961357117,139600,0.0,0.0
2008-09-03 00:00:00-04:00,0.5831519961357117,0.5848772961956351,0.5779760548215431,0.5831519961357117,141100,0.0,0.0
2008-09-04 00:00:00-04:00,0.5797015118129342,0.5814268123399152,0.5762509107589722,0.5762509107589722,158400,0.0,0.0
2008-09-05 00:00:00-04:00,0.5762510745425886,0.5779763755599393,0.5728004725078873,0.574525773525238,115600,0.0,0.0
2008-09-08 00:00:00-04:00,0.5814264681903049,0.5831518088304563,0.5762505696730055,0.577975869178772,130300,0.0,0.0
2008-09-09 00:00:00-04:00,0.5814580259802261,0.5831989166580729,0.574494463268839,0.5762353539466858,177800,0.03,0.0
2008-09-10 00:00:00-04:00,0.5744940373037525,0.5744940373037525,0.5657895903685289,0.5710122585296631,235800,0.0,0.0
2008-09-11 00:00:00-04:00,0.5675304797555737,0.5727531479167077,0.5657895903685289,0.5710122585296631,289700,0.0,0.0
2008-09-12 00:00:00-04:00,0.5675306490654879,0.5710124288782874,0.5605670894398888,0.5657897591590881,350200,0.0,0.0
2008-09-15 00:00:00-04:00,0.5570852299135933,0.5588261195708887,0.5414171814918518,0.5414171814918518,499500,0.0,0.0
2008-09-16 00:00:00-04:00,0.5309717890061165,0.5344535679630553,0.5170446731783613,0.5222673416137695,425200,0.0,0.0
2008-09-17 00:00:00-04:00,0.5187860578449979,0.5240087312655171,0.4630774998533411,0.4787455201148987,745300,0.0,0.0
2008-09-18 00:00:00-04:00,0.48570871235314084,0.5048585417217655,0.44566820531629314,0.46133625507354736,754200,0.0,0.0
2008-09-19 00:00:00-04:00,0.49963573688758817,0.5292308995276471,0.49615395793064937,0.5222673416137695,476600,0.0,0.0
2008-09-22 00:00:00-04:00,0.522267572593038,0.5240084628414376,0.506599560357442,0.5170449018478394,198500,0.0,0.0
2008-09-23 00:00:00-04:00,0.5083402257860143,0.5309717890061165,0.506599336307545,0.5222673416137695,256200,0.0,0.0
2008-09-24 00:00:00-04:00,0.5135632924356264,0.5292313098907471,0.5065997291222394,0.5292313098907471,250500,0.0,0.0
2008-09-25 00:00:00-04:00,0.5187858239359269,0.5344538371331233,0.5100813721597067,0.5257493853569031,217100,0.0,0.0
2008-09-26 00:00:00-04:00,0.506599336307545,0.5222673416137695,0.5013766678721367,0.5222673416137695,243600,0.0,0.0
2008-09-29 00:00:00-04:00,0.5031176664021496,0.5031176664021496,0.4526317775714831,0.48744961619377136,639500,0.0,0.0
2008-09-30 00:00:00-04:00,0.47700420422770734,0.5187855958938599,0.4630770875076838,0.5187855958938599,231700,0.0,0.0
2008-10-01 00:00:00-04:00,0.5031176275488463,0.5048585172702159,0.47178157105810775,0.4944131374359131,254100,0.0,0.0
2008-10-02 00:00:00-04:00,0.47874529189295906,0.48396796282378673,0.46481816941075194,0.47178173065185547,240300,0.0,0.0
2008-10-03 00:00:00-04:00,0.46481832780812515,0.48222723684336416,0.46481832780812515,0.47352278232574463,151500,0.0,0.0
2008-10-06 00:00:00-04:00,0.4648179915412436,0.4839677776263283,0.4369637157295827,0.45959532260894775,675300,0.0,0.0
2008-10-07 00:00:00-04:00,0.45263184364565945,0.47526345658098956,0.4195549315567763,0.42129582166671753,578300,0.0,0.0
2008-10-08 00:00:00-04:00,0.40910967126871794,0.4265186190605164,0.3673282546769509,0.42651861906051636,488700,0.0,0.0
2008-10-09 00:00:00-04:00,0.4194685737276718,0.4194685737276718,0.3613069389880711,0.3683568239212036,461200,0.03,0.0
2008-10-10 00:00:00-04:00,0.2872829769036572,0.3436820983433468,0.2855205063283831,0.3313447833061218,718800,0.0,0.0
2008-10-13 00:00:00-04:00,0.35954433404615177,0.4018436699351469,0.33839466610165425,0.3965562582015991,115900,0.0,0.0
2008-10-14 00:00:00-04:00,0.40360620999370433,0.42299343170816456,0.39126891382489715,0.3983187973499298,205300,0.0,0.0
2008-10-15 00:00:00-04:00,0.3665944766239683,0.3877441805941589,0.36483200479483935,0.3859817087650299,174000,0.0,0.0
2008-10-16 00:00:00-04:00,0.39479406119203536,0.3983190047903055,0.38069428679895484,0.39126911759376526,220500,0.0,0.0
2008-10-17 00:00:00-04:00,0.36835677406557144,0.40889364896520647,0.36835677406557144,0.40360623598098755,172300,0.0,0.0
2008-10-20 00:00:00-04:00,0.4247563094510629,0.4388560900068955,0.4088940143050906,0.4300437271595001,215300,0.0,0.0
2008-10-21 00:00:00-04:00,0.42299344274042777,0.43885568108546075,0.41418104608367684,0.4212309718132019,146500,0.0,0.0
2008-10-22 00:00:00-04:00,0.41770590538932917,0.4194684179888614,0.4000811996001389,0.4141809642314911,417800,0.0,0.0
2008-10-23 00:00:00-04:00,0.42651876228161084,0.42651876228161084,0.39303174299059906,0.40713152289390564,122100,0.0,0.0
2008-10-24 00:00:00-04:00,0.38774432552685906,0.40713152289390564,0.3789319630872925,0.40713152289390564,130300,0.0,0.0
2008-10-27 00:00:00-04:00,0.38950644294363895,0.40360620999370433,0.3877439720623808,0.3983187973499298,107900,0.0,0.0
2008-10-28 00:00:00-04:00,0.4194684209720908,0.4194684209720908,0.3842189671224054,0.40889355540275574,142600,0.0,0.0
2008-10-29 00:00:00-04:00,0.42299344274042777,0.42299344274042777,0.39126892402974034,0.4212309718132019,123800,0.0,0.0
2008-10-30 00:00:00-04:00,0.4088936498913652,0.42651840189930545,0.4088936498913652,0.42475593090057373,75200,0.0,0.0
2008-10-31 00:00:00-04:00,0.41418107115030045,0.43885570764541626,0.41418107115030045,0.43885570764541626,182900,0.0,0.0
2008-11-03 00:00:00-05:00,0.44061815201268667,0.44061815201268667,0.4212309718132019,0.4212309718132019,378100,0.0,0.0
2008-11-04 00:00:00-05:00,0.42828085552210543,0.4318057973765572,0.41770598793812863,0.4212309718132019,241600,0.0,0.0
2008-11-05 00:00:00-05:00,0.41770630580596957,0.4282811814372582,0.41770630580596957,0.41946882009506226,141000,0.0,0.0
2008-11-06 00:00:00-05:00,0.4319632789639395,0.44088813130677856,0.40697364984693724,0.4105435907840729,690200,0.03,0.0
2008-11-07 00:00:00-05:00,0.4105435907840729,0.4158985021897763,0.4087586203155051,0.4105435907840729,153400,0.0,0.0
2008-11-10 00:00:00-05:00,0.41589828248530203,0.4230381605878261,0.41054337390840895,0.414113312959671,65200,0.0,0.0
2008-11-11 00:00:00-05:00,0.41054337390840895,0.41589828248530203,0.40340349580588486,0.414113312959671,84100,0.0,0.0
2008-11-12 00:00:00-05:00,0.4158985021897763,0.4158985021897763,0.40518867937836944,0.4105435907840729,103700,0.0,0.0
2008-11-13 00:00:00-05:00,0.4069737493991852,0.4069737493991852,0.38376912763158433,0.4069737493991852,145100,0.0,0.0
2008-11-14 00:00:00-05:00,0.39447876721410163,0.406973557663898,0.38555391689281854,0.3891238570213318,102000,0.0,0.0
2008-11-17 00:00:00-05:00,0.37662917500627274,0.387339042242474,0.36056443798756127,0.37127426266670227,175100,0.0,0.0
2008-11-18 00:00:00-05:00,0.36413440108299255,0.36948931373926447,0.35163960488502477,0.36413440108299255,204500,0.0,0.0
2008-11-19 00:00:00-05:00,0.3552095210406574,0.36056443331077065,0.33735979219508333,0.3480696380138397,238800,0.0,0.0
2008-11-20 00:00:00-05:00,0.33022008013563514,0.337359966859041,0.2963055756423754,0.29809054732322693,284300,0.0,0.0
2008-11-21 00:00:00-05:00,0.29273556488172814,0.29630550742149353,0.2784557734441307,0.29630550742149353,383500,0.0,0.0
2008-11-24 00:00:00-05:00,0.2963054944117577,0.32308008356295553,0.2945205232202468,0.3212951123714447,187800,0.0,0.0
2008-11-25 00:00:00-05:00,0.33379001588083607,0.33379001588083607,0.3070154200004724,0.31951022148132324,198100,0.0,0.0
2008-11-26 00:00:00-05:00,0.3212948376885294,0.3462844555625082,0.3159399286920412,0.3337896466255188,186000,0.0,0.0
2008-11-28 00:00:00-05:00,0.3337900713013719,0.3552097558177691,0.3337900713013719,0.3462848961353302,96500,0.0,0.0
2008-12-01 00:00:00-05:00,0.3444999088018752,0.3444999088018752,0.33022013306617737,0.33022013306617737,93200,0.0,0.0
2008-12-02 00:00:00-05:00,0.32664986534149676,0.3373596865271901,0.3230799036677424,0.3355747163295746,101900,0.0,0.0
2008-12-03 00:00:00-05:00,0.32486489514388117,0.3409296269224213,0.32486489514388117,0.3355747163295746,122400,0.0,0.0
2008-12-04 00:00:00-05:00,0.34449960835346,0.34449960835346,0.32664990425109863,0.32664990425109863,86300,0.0,0.0
2008-12-05 00:00:00-05:00,0.3212951123714447,0.3266500472245123,0.31594019879691215,0.3212951123714447,183000,0.0,0.0
2008-12-08 00:00:00-05:00,0.33200481548180705,0.33557475630227934,0.3248649338408625,0.32664990425109863,229200,0.0,0.0
2008-12-09 00:00:00-05:00,0.3320940982751906,0.3320940982751906,0.3121321558138564,0.31576159596443176,187400,0.03,0.0
2008-12-10 00:00:00-05:00,0.3121321558138564,0.3266499164161578,0.3121321558138564,0.31576159596443176,136200,0.0,0.0
2008-12-11 00:00:00-05:00,0.3121321558138564,0.32483519634087016,0.3121321558138564,0.31576159596443176,153700,0.0,0.0
2008-12-12 00:00:00-05:00,0.3066880702972412,0.3193911139187178,0.3048733281467124,0.3066880702972412,163200,0.0,0.0
2008-12-15 00:00:00-05:00,0.31213243315332584,0.31394715484105074,0.30305880308151245,0.30305880308151245,191600,0.0,0.0
2008-12-16 00:00:00-05:00,0.3048735168323078,0.3212060332298279,0.3012440735513452,0.3212060332298279,211600,0.0,0.0
2008-12-17 00:00:00-05:00,0.31576164651771,0.34479719400405884,0.3139469261518865,0.34479719400405884,436100,0.0,0.0
2008-12-18 00:00:00-05:00,0.34661180426059274,0.3538707050511014,0.3393529251032504,0.3502412438392639,172000,0.0,0.0
2008-12-19 00:00:00-05:00,0.3575004457988565,0.3756476589799683,0.3575004457988565,0.37020349502563477,322900,0.0,0.0
2008-12-22 00:00:00-05:00,0.37927682119195427,0.3956093442456182,0.3665737813573667,0.38472098112106323,663800,0.0,0.0
2008-12-23 00:00:00-05:00,0.38290628498307017,0.3883504885174529,0.36838852426828905,0.38109156489372253,331600,0.0,0.0
2008-12-24 00:00:00-05:00,0.39950233697891235,0.40318438252672717,0.3829330881203005,0.39950233697891235,133400,0.03,0.0
2008-12-26 00:00:00-05:00,0.39950233697891235,0.40134335975281976,0.39029717921593016,0.39950233697891235,211500,0.0,0.0
2008-12-29 00:00:00-05:00,0.4031839534702383,0.4050249742849856,0.38477370142936707,0.38477370142936707,509900,0.0,0.0
2008-12-30 00:00:00-05:00,0.3866147365300422,0.4068660101339721,0.38477371564726676,0.39397886395454407,721200,0.0,0.0
2008-12-31 00:00:00-05:00,0.39766091466318104,0.42343520760168096,0.3939788728148239,0.41054806113243103,887300,0.0,0.0
2009-01-02 00:00:00-05:00,0.41975324947046205,0.4418455488601758,0.4142301855963861,0.44000452756881714,394500,0.0,0.0
2009-01-05 00:00:00-05:00,0.4418456256389618,0.4510507336953115,0.43448149530046454,0.4418456256389618,386500,0.0,0.0
2009-01-06 00:00:00-05:00,0.4510506043576525,0.4768248995247155,0.44552754110756754,0.4694608151912689,698000,0.0,0.0
2009-01-07 00:00:00-05:00,0.4749837822074359,0.4768248029177982,0.4565735751038128,0.4657786786556244,355400,0.0,0.0
2009-01-08 00:00:00-05:00,0.469460672262619,0.47498373383119197,0.46393761069404604,0.47314271330833435,226400,0.0,0.0
2009-01-09 00:00:00-05:00,0.47498366236686707,0.4768246826127315,0.4639375408916806,0.47498366236686707,203600,0.0,0.0
2009-01-12 00:00:00-05:00,0.4768249391282662,0.4915531529118425,0.4768249391282662,0.48787111043930054,375000,0.0,0.0
2009-01-13 00:00:00-05:00,0.4823476926122734,0.5044399771321485,0.48050667256006546,0.495234876871109,423800,0.0,0.0
2009-01-14 00:00:00-05:00,0.4878709710733681,0.4915530124940927,0.46577867865562433,0.4657786786556244,406300,0.0,0.0
2009-01-15 00:00:00-05:00,0.4694606594384143,0.47130167991098104,0.45105045471274724,0.4565735161304474,260300,0.0,0.0
2009-01-16 00:00:00-05:00,0.4749835320798785,0.476824551820755,0.4602553741528661,0.476824551820755,232200,0.0,0.0
2009-01-20 00:00:00-05:00,0.4823477433503247,0.4823477433503247,0.4639375408916806,0.47498366236686707,184100,0.0,0.0
2009-01-21 00:00:00-05:00,0.47682499324105254,0.4860301443604684,0.4676198860150503,0.48418912291526794,172100,0.0,0.0
2009-01-22 00:00:00-05:00,0.478666014686253,0.48418912291526794,0.47682499324105254,0.48418912291526794,195400,0.0,0.0
2009-01-23 00:00:00-05:00,0.4841887496388323,0.49155282974243164,0.47682462564185324,0.49155282974243164,179600,0.0,0.0
2009-01-26 00:00:00-05:00,0.49339417414811343,0.49523519538438443,0.48787111043930054,0.48787111043930054,150300,0.0,0.0
2009-01-27 00:00:00-05:00,0.49339384976833145,0.49523486979423126,0.48787078969063197,0.49155282974243164,189200,0.0,0.0
2009-01-28 00:00:00-05:00,0.50259944451229,0.5044404663499626,0.48971229164858127,0.4989174008369446,181300,0.0,0.0
2009-01-29 00:00:00-05:00,0.49707642508802363,0.50444051312151,0.4915533590629089,0.5007584691047668,175300,0.0,0.0
2009-01-30 00:00:00-05:00,0.50444051312151,0.5062815351298815,0.4915533590629089,0.5007584691047668,177900,0.0,0.0
2009-02-02 00:00:00-05:00,0.4989171380090624,0.5044402006125495,0.49339407540557534,0.5025991797447205,110900,0.0,0.0
2009-02-03 00:00:00-05:00,0.5025995832943799,0.5062816279864428,0.5007585609483484,0.5044406056404114,102500,0.0,0.0
2009-02-04 00:00:00-05:00,0.5062812214803785,0.5118042840838656,0.49707611714123334,0.5025991797447205,429900,0.0,0.0
2009-02-05 00:00:00-05:00,0.50259944451229,0.5044404663499626,0.4952353571615993,0.4989174008369446,240100,0.0,0.0
2009-02-06 00:00:00-05:00,0.498917167359448,0.5063636849583621,0.498917167359448,0.502640426158905,123800,0.03,0.0
2009-02-09 00:00:00-05:00,0.5026407308916419,0.5119488835334778,0.4989174698349074,0.5119488835334778,119100,0.0,0.0
2009-02-10 00:00:00-05:00,0.5156715804248251,0.5156715804248251,0.4989169239997863,0.4989169239997864,217400,0.0,0.0
2009-02-11 00:00:00-05:00,0.4989174698349074,0.5119488835334778,0.49705583930654024,0.5119488835334778,106600,0.0,0.0
2009-02-12 00:00:00-05:00,0.5082257399139578,0.5156722637481167,0.5026408470383387,0.5100873708724976,122200,0.0,0.0
2009-02-13 00:00:00-05:00,0.5082253813743591,0.5119486406647774,0.50636375172915,0.5082253813743591,82600,0.0,0.0
2009-02-17 00:00:00-05:00,0.5026401955540961,0.506363452645371,0.4747157229848086,0.4821622371673584,213300,0.0,0.0
2009-02-18 00:00:00-05:00,0.45237658425487376,0.4747161467441192,0.45051495404743663,0.46354636549949646,268500,0.0,0.0
2009-02-19 00:00:00-05:00,0.4654077373821405,0.4672693665562794,0.44120651373359365,0.45051470398902893,430600,0.0,0.0
2009-02-20 00:00:00-05:00,0.45051481650474756,0.452376446143827,0.41328217933840655,0.44492992758750916,301100,0.0,0.0
2009-02-23 00:00:00-05:00,0.4449300224045823,0.4467916524403855,0.42817530769759216,0.43562182784080505,149700,0.0,0.0
2009-02-24 00:00:00-05:00,0.41886663883650954,0.4579608655628034,0.41886663883650954,0.45423761010169983,216700,0.0,0.0
2009-02-25 00:00:00-05:00,0.4654078627992361,0.4691311221508498,0.43376011392576724,0.45237645506858826,143200,0.0,0.0
2009-02-26 00:00:00-05:00,0.45051459732726534,0.46913088466114816,0.45051459732726534,0.4579611122608185,160000,0.0,0.0
2009-02-27 00:00:00-05:00,0.44865319571697454,0.4542380847443951,0.44865319571697454,0.45237645506858826,84500,0.0,0.0
2009-03-02 00:00:00-05:00,0.448652913654333,0.448652913654333,0.40211215663401845,0.4188668131828308,241200,0.0,0.0
2009-03-03 00:00:00-05:00,0.40769720340367654,0.424451866579334,0.40211231567845745,0.40955883264541626,255300,0.0,0.0
2009-03-04 00:00:00-05:00,0.4151438241526142,0.42445197268826074,0.40583567561696765,0.4207287132740021,116800,0.0,0.0
2009-03-05 00:00:00-05:00,0.4021121572878508,0.4095586713216532,0.39094234185242255,0.39466559886932373,219200,0.0,0.0
2009-03-06 00:00:00-05:00,0.40211245691030717,0.40211245691030717,0.38535774346523743,0.39094263315200806,133400,0.0,0.0
2009-03-09 00:00:00-04:00,0.3760496060773444,0.3816344959436702,0.3686030862555767,0.37418797612190247,264500,0.0,0.0
2009-03-10 00:00:00-04:00,0.37607770056947487,0.3836370440893049,0.37418786468951737,0.3779675364494324,574500,0.03,0.0
2009-03-11 00:00:00-04:00,0.3893067068116813,0.41387462809513914,0.3817473602805433,0.3968660533428192,298000,0.0,0.0
2009-03-12 00:00:00-04:00,0.39686597501633214,0.42710340023040766,0.39686597501633214,0.4271034002304077,167300,0.0,0.0
2009-03-13 00:00:00-04:00,0.42332375258261645,0.4365526071784708,0.42332375258261645,0.4327729344367981,117900,0.0,0.0
2009-03-16 00:00:00-04:00,0.43466281364154774,0.4516713877124404,0.43466281364154774,0.4403323233127594,145700,0.0,0.0
2009-03-17 00:00:00-04:00,0.4497813765633589,0.4497813765633589,0.43655248074167885,0.44411182403564453,76600,0.0,0.0
2009-03-18 00:00:00-04:00,0.42899309824349857,0.4460016191005707,0.42710326259271275,0.4460016191005707,186100,0.0,0.0
2009-03-19 00:00:00-04:00,0.44789175468076453,0.44789175468076453,0.4289933855176688,0.4365527331829071,169900,0.0,0.0
2009-03-20 00:00:00-04:00,0.4384422764974275,0.4554508424117356,0.4365524408466417,0.4460016191005707,390900,0.0,0.0
2009-03-23 00:00:00-04:00,0.451671161621611,0.4630101752881196,0.44978132601052623,0.4554508328437805,213300,0.0,0.0
2009-03-24 00:00:00-04:00,0.44789145475135644,0.45734067806252143,0.4422219477989991,0.4460016191005707,228200,0.0,0.0
2009-03-25 00:00:00-04:00,0.44978157377133,0.46301043033599854,0.44978157377133,0.46301043033599854,176400,0.0,0.0
2009-03-26 00:00:00-04:00,0.464900250856057,0.48568845330775706,0.45923074109650247,0.4800189435482025,169000,0.0,0.0
2009-03-27 00:00:00-04:00,0.47812884200172623,0.4837983486194661,0.47245933538398643,0.47434917092323303,155400,0.0,0.0
2009-03-30 00:00:00-04:00,0.46301031951721944,0.4743493367158658,0.451671302318573,0.451671302318573,115200,0.0,0.0
2009-03-31 00:00:00-04:00,0.4592307570318075,0.46301043033599854,0.4554510837276165,0.46301043033599854,98900,0.0,0.0
2009-04-01 00:00:00-04:00,0.46301011134706943,0.470569452747474,0.45923044064686713,0.46678978204727173,97100,0.0,0.0
2009-04-02 00:00:00-04:00,0.47434933424870357,0.4837985151984289,0.47434933424870357,0.4819086790084839,161400,0.0,0.0
2009-04-03 00:00:00-04:00,0.4819087801347207,0.4819087801347207,0.47434943378864797,0.4800189435482025,88100,0.0,0.0
2009-04-06 00:00:00-04:00,0.4762389957904815,0.4894678442687637,0.4743491602935841,0.47623899579048157,146400,0.0,0.0
2009-04-07 00:00:00-04:00,0.4743493239778531,0.4800188324249293,0.4667899793817516,0.468679815530777,93600,0.0,0.0
2009-04-08 00:00:00-04:00,0.47434917092323303,0.47812884200172623,0.47056949984473984,0.47434917092323303,118300,0.0,0.0
2009-04-09 00:00:00-04:00,0.47817458700106086,0.4877380696206256,0.47817458700106086,0.4839126765727997,101400,0.03,0.0
2009-04-13 00:00:00-04:00,0.4819999701816526,0.49538884557495366,0.4819999701816526,0.48965075612068176,149800,0.0,0.0
2009-04-14 00:00:00-04:00,0.4858256899175255,0.4973018765449524,0.4839129921462877,0.4973018765449524,160100,0.0,0.0
2009-04-15 00:00:00-04:00,0.4877383876887633,0.4973018765449524,0.4877383876887633,0.4973018765449524,68200,0.0,0.0
2009-04-16 00:00:00-04:00,0.49347576881614924,0.5145154595375061,0.49347576881614924,0.5145154595375061,211300,0.0,0.0
2009-04-17 00:00:00-04:00,0.5145159798736282,0.5240794645994351,0.5106905859833054,0.5126032829284668,239400,0.0,0.0
2009-04-20 00:00:00-04:00,0.5106903910636902,0.5126030872788163,0.5030396062031858,0.5106903910636902,333800,0.0,0.0
2009-04-21 00:00:00-04:00,0.508777889038144,0.5145159798736282,0.5049524951478213,0.5126032829284668,115800,0.0,0.0
2009-04-22 00:00:00-04:00,0.5087773745050214,0.5164281545483344,0.5068646794941931,0.5145154595375061,234800,0.0,0.0
2009-04-23 00:00:00-04:00,0.510690558894392,0.5164286494255066,0.5068651652069822,0.5164286494255066,115300,0.0,0.0
2009-04-24 00:00:00-04:00,0.5145159525818017,0.5183413462692115,0.510690558894392,0.5164286494255066,144400,0.0,0.0
2009-04-27 00:00:00-04:00,0.5145158870221037,0.5164285836220925,0.5049524040221599,0.5087777972221375,188600,0.0,0.0
2009-04-28 00:00:00-04:00,0.5145157834939423,0.5164284797090685,0.506864998633438,0.5106903910636902,310900,0.0,0.0
2009-04-29 00:00:00-04:00,0.5087780836543637,0.5221669673919678,0.5087780836543637,0.5221669673919678,192200,0.0,0.0
2009-04-30 00:00:00-04:00,0.5202540374575475,0.5336429152179393,0.5183413406346344,0.529817521572113,102600,0.0,0.0
2009-05-01 00:00:00-04:00,0.5317297577857971,0.5393805384499849,0.5259916722876563,0.5317297577857971,382200,0.0,0.0
2009-05-04 00:00:00-04:00,0.5336427006416312,0.5432061809107468,0.5336427006416312,0.5393807888031006,303900,0.0,0.0
2009-05-05 00:00:00-04:00,0.5393812623060914,0.5432066577719118,0.5240796804428101,0.5240796804428101,1061400,0.0,0.0
2009-05-06 00:00:00-04:00,0.5336427006416312,0.5432061809107468,0.5259919164263388,0.5393807888031006,466900,0.0,0.0
2009-05-07 00:00:00-04:00,0.5489445765502229,0.5546827135280417,0.5451191822998748,0.5470318794250488,361200,0.0,0.0
2009-05-08 00:00:00-04:00,0.5527702577536903,0.5642464455154735,0.5527702577536903,0.5604210495948792,331000,0.0,0.0
2009-05-11 00:00:00-04:00,0.5546234846115112,0.5623534676583486,0.5488260318819272,0.5546234846115112,302100,0.03,0.0
2009-05-12 00:00:00-04:00,0.5526905077698387,0.560420483927152,0.544960577686543,0.5468930602073669,365800,0.0,0.0
2009-05-13 00:00:00-04:00,0.5468934052281598,0.5526908564480923,0.5256360840884067,0.5391634702682495,325900,0.0,0.0
2009-05-14 00:00:00-04:00,0.537230986528272,0.5410959540082271,0.5352985027882945,0.5391634702682495,167800,0.0,0.0
2009-05-15 00:00:00-04:00,0.5372310101118896,0.544960945411132,0.529501074812647,0.5352985262870789,349900,0.0,0.0
2009-05-18 00:00:00-04:00,0.5352985796138248,0.5430285156831278,0.533366095596499,0.541096031665802,249500,0.0,0.0
2009-05-19 00:00:00-04:00,0.5430285156831278,0.5468934837177793,0.5372310636311505,0.541096031665802,165300,0.0,0.0
2009-05-20 00:00:00-04:00,0.5449610876428072,0.5584885240211125,0.5430286033136293,0.5507585406303406,272000,0.0,0.0
2009-05-21 00:00:00-04:00,0.5507580252490148,0.5565555188855043,0.543028095165719,0.5468930602073669,387000,0.0,0.0
2009-05-22 00:00:00-04:00,0.5488255427281908,0.5507580252490148,0.5410956126448951,0.5468930602073669,365500,0.0,0.0
2009-05-26 00:00:00-04:00,0.5468932450560757,0.5584881901741028,0.5468932450560757,0.5584881901741028,158800,0.0,0.0
2009-05-27 00:00:00-04:00,0.5584880872602157,0.5700829841675912,0.5584880872602157,0.5662180185317993,267900,0.0,0.0
2009-05-28 00:00:00-04:00,0.5700829788800675,0.577812910079956,0.5700829788800675,0.577812910079956,323800,0.0,0.0
2009-05-29 00:00:00-04:00,0.5739480443600695,0.5874754263139476,0.5720155612238013,0.5758805274963379,265200,0.0,0.0
2009-06-01 00:00:00-04:00,0.5816777767750352,0.5855427417178048,0.5700828819467262,0.5739478468894958,416400,0.0,0.0
2009-06-02 00:00:00-04:00,0.5739480189473646,0.5855429172515869,0.5739480189473646,0.5855429172515869,342400,0.0,0.0
2009-06-03 00:00:00-04:00,0.5816778730627571,0.5836103558540344,0.5758804246889252,0.5836103558540344,84800,0.0,0.0
2009-06-04 00:00:00-04:00,0.5836104563946091,0.5836104563946091,0.5816779732704163,0.5816779732704163,116100,0.0,0.0
2009-06-05 00:00:00-04:00,0.5874753782545792,0.591340344210936,0.5855428952764008,0.5894078612327576,268900,0.0,0.0
2009-06-08 00:00:00-04:00,0.587475321436589,0.5894078042278663,0.5836103558540344,0.5836103558540344,159100,0.0,0.0
2009-06-09 00:00:00-04:00,0.5914177944054393,0.5992252826690674,0.5894659223395323,0.5992252826690674,342500,0.03,0.0
2009-06-10 00:00:00-04:00,0.5992256402250598,0.5992256402250598,0.5914181473027259,0.5972737669944763,118400,0.0,0.0
2009-06-11 00:00:00-04:00,0.5972735907716118,0.6050810813903809,0.5953217181169195,0.6050810813903809,191800,0.0,0.0
2009-06-12 00:00:00-04:00,0.6011773962004051,0.6109368069861495,0.5953217776507502,0.6089848875999451,101600,0.0,0.0
2009-06-15 00:00:00-04:00,0.6050814421133738,0.6050814421133738,0.58751457774855,0.5933701992034912,202900,0.0,0.0
2009-06-16 00:00:00-04:00,0.595322073021805,0.6011776944767462,0.5855627039302362,0.5933701992034912,152900,0.0,0.0
2009-06-17 00:00:00-04:00,0.5953215881516131,0.5953215881516131,0.5797066103229979,0.5816584825515747,144500,0.0,0.0
2009-06-18 00:00:00-04:00,0.5836104154586792,0.5855622878901942,0.5797066705956494,0.5836104154586792,223500,0.0,0.0
2009-06-19 00:00:00-04:00,0.5855621695518494,0.5855621695518494,0.581658425477741,0.5855621695518494,171500,0.0,0.0
2009-06-22 00:00:00-04:00,0.5855622896262966,0.5875141620635986,0.5816585447516928,0.5875141620635986,193800,0.0,0.0
2009-06-23 00:00:00-04:00,0.58751457774855,0.5933701992034912,0.5816589562936088,0.5933701992034912,166200,0.0,0.0
2009-06-24 00:00:00-04:00,0.5933696002482604,0.5953214720963285,0.5875139847040559,0.589465856552124,139700,0.0,0.0
2009-06-25 00:00:00-04:00,0.5914183253851775,0.5933701992034912,0.58751457774855,0.5933701992034912,98000,0.0,0.0
2009-06-26 00:00:00-04:00,0.5953217148780823,0.6011773328103017,0.5894660969458628,0.5953217148780823,221100,0.0,0.0
2009-06-29 00:00:00-04:00,0.5953218937638929,0.6031293866862266,0.5914181473027259,0.5972737669944763,215100,0.0,0.0
2009-06-30 00:00:00-04:00,0.6070329507425211,0.6070329507425211,0.5933698422340091,0.5953217148780823,160700,0.0,0.0
2009-07-01 00:00:00-04:00,0.5953218939062452,0.6031293868304459,0.5933700206751951,0.6011775135993958,106700,0.0,0.0
2009-07-02 00:00:00-04:00,0.5972737081820522,0.6031293272972107,0.595321835143666,0.6031293272972107,145100,0.0,0.0
2009-07-06 00:00:00-04:00,0.5953215385372533,0.6011771547349745,0.5953215385372533,0.5992252826690674,62000,0.0,0.0
2009-07-07 00:00:00-04:00,0.5953216535545431,0.6011772708835807,0.5855622913394805,0.5914179086685181,150800,0.0,0.0
2009-07-08 00:00:00-04:00,0.5894659097658317,0.591417781790104,0.5738509335716533,0.5797065496444702,329800,0.0,0.0
2009-07-09 00:00:00-04:00,0.5836102410079197,0.5914177284001921,0.5797064973117834,0.589465856552124,244800,0.0,0.0
2009-07-10 00:00:00-04:00,0.5894659109935403,0.5993231910429536,0.5874944549836577,0.5934088230133057,205700,0.03,0.0
2009-07-13 00:00:00-04:00,0.595380268798303,0.6012946367263794,0.5914373568462521,0.6012946367263794,153200,0.0,0.0
2009-07-14 00:00:00-04:00,0.6012948421214532,0.6032662987709045,0.5953804721730994,0.6032662987709045,118800,0.0,0.0
2009-07-15 00:00:00-04:00,0.6052375486784303,0.6091804606304811,0.6012946367263794,0.6012946367263794,157800,0.0,0.0
2009-07-16 00:00:00-04:00,0.6032662987709045,0.6072092120698072,0.6012948421214532,0.6032662987709045,117900,0.0,0.0
2009-07-17 00:00:00-04:00,0.607209410378656,0.611152324965277,0.6032664957920347,0.6091808676719666,69600,0.0,0.0
2009-07-20 00:00:00-04:00,0.6072092902605695,0.6170666217803955,0.6072092902605695,0.6170666217803955,92000,0.0,0.0
2009-07-21 00:00:00-04:00,0.6190380786837127,0.6210095355870299,0.6111522040672038,0.6170666217803955,116200,0.0,0.0
2009-07-22 00:00:00-04:00,0.6170663779696138,0.6210092902183533,0.611151962593283,0.6210092902183533,131100,0.0,0.0
2009-07-23 00:00:00-04:00,0.6210097586888956,0.6308670467467774,0.601295135569875,0.6249526739120483,231700,0.0,0.0
2009-07-24 00:00:00-04:00,0.6249522241128282,0.6308665926907865,0.6249522241128282,0.626923680305481,117800,0.0,0.0
2009-07-27 00:00:00-04:00,0.6348096132278442,0.6387525262848991,0.6308667001707894,0.6348096132278442,269800,0.0,0.0
2009-07-28 00:00:00-04:00,0.6781815993803267,0.6781815993803267,0.6308666029816243,0.6407238841056824,166500,0.0,0.0
2009-07-29 00:00:00-04:00,0.6407243095493949,0.6426957670832627,0.6269241068123192,0.6367813944816589,330400,0.0,0.0
2009-07-30 00:00:00-04:00,0.6407240170886881,0.6545242135266159,0.634809647186719,0.6505813002586365,337300,0.0,0.0
2009-07-31 00:00:00-04:00,0.65058143839728,0.658467266607645,0.6446670672395062,0.6564958095550537,255500,0.0,0.0
2009-08-03 00:00:00-04:00,0.6604384183883667,0.6624098745296995,0.6564955061057011,0.6604384183883667,462500,0.0,0.0
2009-08-04 00:00:00-04:00,0.660438445397002,0.6702957735100035,0.6584669891750465,0.6624099016189575,282600,0.0,0.0
2009-08-05 00:00:00-04:00,0.6663528892512366,0.6722672581672668,0.6624099296373239,0.6722672581672668,267800,0.0,0.0
2009-08-06 00:00:00-04:00,0.6702957735100035,0.6781815983978254,0.6624099016189575,0.6624099016189575,282000,0.0,0.0
2009-08-07 00:00:00-04:00,0.6663529158615692,0.6742387413978577,0.6643814124742692,0.6742387413978577,265500,0.0,0.0
2009-08-10 00:00:00-04:00,0.6762277177683331,0.6821944270674478,0.6722499115689233,0.6802055239677429,241300,0.03,0.0
2009-08-11 00:00:00-04:00,0.6802058108412731,0.6821947147797887,0.6742390990257263,0.6742390990257263,434700,0.0,0.0
2009-08-12 00:00:00-04:00,0.6782165320238881,0.6802054348630532,0.6702608732480434,0.6762276291847229,458600,0.0,0.0
2009-08-13 00:00:00-04:00,0.6742390593046023,0.680205770768635,0.6702612042427063,0.6702612042427063,472800,0.0,0.0
2009-08-14 00:00:00-04:00,0.6682722728034792,0.6762279351792778,0.666283369064331,0.666283369064331,224400,0.0,0.0
2009-08-17 00:00:00-04:00,0.6603165163634099,0.6623054196764036,0.6404274832334741,0.6463941931724548,470200,0.0,0.0
2009-08-18 00:00:00-04:00,0.6503719997984421,0.6563387097374228,0.6444052898594613,0.6463941931724548,266800,0.0,0.0
2009-08-19 00:00:00-04:00,0.6444055438041687,0.6463944479009415,0.640427735610623,0.6444055438041687,212800,0.0,0.0
2009-08-20 00:00:00-04:00,0.6463942341211237,0.6563387513160706,0.6463942341211237,0.6563387513160706,167300,0.0,0.0
2009-08-21 00:00:00-04:00,0.6603165581940493,0.6642943650720281,0.6543498478770813,0.6563387513160706,369900,0.0,0.0
2009-08-24 00:00:00-04:00,0.6563389627154604,0.6662834831134253,0.6503722504766815,0.6523611545562744,379800,0.0,0.0
2009-08-25 00:00:00-04:00,0.6543498759217514,0.6642943935429086,0.65236097239752,0.6603165864944458,199400,0.0,0.0
2009-08-26 00:00:00-04:00,0.6981054860520602,0.6981054860520602,0.6603162887141134,0.6682718992233276,354400,0.0,0.0
2009-08-27 00:00:00-04:00,0.6702606953426049,0.6742385473842891,0.6583272814750671,0.6583272814750671,544000,0.0,0.0
2009-08-28 00:00:00-04:00,0.6623056749542393,0.6642945790338323,0.6523611545562744,0.6523611545562744,338800,0.0,0.0
2009-08-31 00:00:00-04:00,0.6483833463970885,0.6563389627154604,0.6483833463970885,0.6523611545562744,238200,0.0,0.0
2009-09-01 00:00:00-04:00,0.6583274006170572,0.6583274006170572,0.6483828872610494,0.650371789932251,164200,0.0,0.0
2009-09-02 00:00:00-04:00,0.6483830964854485,0.6523609031114356,0.6463941931724548,0.6463941931724548,198000,0.0,0.0
2009-09-03 00:00:00-04:00,0.650372256094487,0.6523611601912599,0.6444055438041687,0.6444055438041687,298900,0.0,0.0
2009-09-04 00:00:00-04:00,0.6503722504766815,0.6543500586358674,0.6444055382379026,0.6523611545562744,535500,0.0,0.0
2009-09-08 00:00:00-04:00,0.6583277699167372,0.6642944812774658,0.6523610585560088,0.6642944812774658,437400,0.0,0.0
2009-09-09 00:00:00-04:00,0.6723222016308269,0.6723222016308269,0.6642944812774658,0.6642944812774658,259800,0.03,0.0
2009-09-10 00:00:00-04:00,0.6663008519837101,0.6743285655975342,0.6642939235802542,0.6743285655975342,198000,0.0,0.0
2009-09-11 00:00:00-04:00,0.6723218936722221,0.6783427290283729,0.6703149645031604,0.6763357520103455,193500,0.0,0.0
2009-09-14 00:00:00-04:00,0.6743287911598076,0.6843634843826294,0.6723218620850359,0.6843634843826294,314100,0.0,0.0
2009-09-15 00:00:00-04:00,0.6843638360702121,0.6903846263885498,0.6843638360702121,0.6903846263885498,284200,0.0,0.0
2009-09-16 00:00:00-04:00,0.6923909579775895,0.7004186714627181,0.6923909579775895,0.6964048147201538,201300,0.0,0.0
2009-09-17 00:00:00-04:00,0.7004194433755231,0.7024263739585876,0.696405582209394,0.7024263739585876,133200,0.0,0.0
2009-09-18 00:00:00-04:00,0.7004189935360683,0.7024259228301958,0.6883774177713031,0.6923912763595581,347200,0.0,0.0
2009-09-21 00:00:00-04:00,0.686370330214371,0.694398045539856,0.686370330214371,0.694398045539856,302500,0.0,0.0
2009-09-22 00:00:00-04:00,0.6923912108849396,0.7064397146153631,0.6923912108849396,0.7044327855110168,455400,0.0,0.0
2009-09-23 00:00:00-04:00,0.7004194433755231,0.7124610268739104,0.6984125127924585,0.7024263739585876,384000,0.0,0.0
2009-09-24 00:00:00-04:00,0.7024261715191394,0.7104538915378062,0.7004192415144728,0.7064400315284729,322400,0.0,0.0
2009-09-25 00:00:00-04:00,0.7024261715191394,0.7104538915378062,0.6984123115098061,0.7064400315284729,249600,0.0,0.0
2009-09-28 00:00:00-04:00,0.7365438195737871,0.7365438195737871,0.7064398302327495,0.7104536890983582,196200,0.0,0.0
2009-09-29 00:00:00-04:00,0.7084467781224102,0.7164744960627704,0.7064398486373202,0.7124606370925903,322500,0.0,0.0
2009-09-30 00:00:00-04:00,0.7104537076075003,0.7144675665776804,0.7084467781224102,0.7124606370925903,105000,0.0,0.0
2009-10-01 00:00:00-04:00,0.7084468603134155,0.7124607197492666,0.7044330008775646,0.7084468603134155,212000,0.0,0.0
2009-10-02 00:00:00-04:00,0.7044333045416522,0.7064402351247168,0.6943986516263294,0.7024263739585876,356500,0.0,0.0
2009-10-05 00:00:00-04:00,0.7064400315284729,0.7084469615331396,0.6984123115098061,0.7064400315284729,142300,0.0,0.0
2009-10-06 00:00:00-04:00,0.7104537076075003,0.7184814255478604,0.7084467781224102,0.7124606370925903,295600,0.0,0.0
2009-10-07 00:00:00-04:00,0.7164744960627704,0.7164744960627704,0.7064398486373202,0.7124606370925903,231300,0.0,0.0
2009-10-08 00:00:00-04:00,0.7144675479639669,0.7164744773967713,0.7084467596655538,0.7104536890983582,386200,0.0,0.0
2009-10-09 00:00:00-04:00,0.7124775693022163,0.7225979797239676,0.7124775693022163,0.7165257334709167,279200,0.03,0.0
2009-10-12 00:00:00-04:00,0.718549815555267,0.7205738976396172,0.7145016513865665,0.7165257334709167,259100,0.0,0.0
2009-10-13 00:00:00-04:00,0.7165258843017083,0.7185499668121338,0.7145018017912826,0.7185499668121338,120100,0.0,0.0
2009-10-14 00:00:00-04:00,0.7205740493225593,0.7225981318329848,0.7145018017912826,0.7185499668121338,267900,0.0,0.0
2009-10-15 00:00:00-04:00,0.716526088614736,0.7185501717023165,0.7124779224395752,0.7124779224395752,155800,0.0,0.0
2009-10-16 00:00:00-04:00,0.7104537770859046,0.7185501087266419,0.7084296941757202,0.7084296941757202,177300,0.0,0.0
2009-10-19 00:00:00-04:00,0.7104538109535116,0.7185501429802041,0.7084297279468385,0.7145019769668579,157300,0.0,0.0
2009-10-20 00:00:00-04:00,0.7185501717023165,0.7185501717023165,0.7124779224395752,0.7124779224395752,121100,0.0,0.0
2009-10-21 00:00:00-04:00,0.7165257334709167,0.7205738976396172,0.7145016513865665,0.7165257334709167,120000,0.0,0.0
2009-10-22 00:00:00-04:00,0.7165257334709167,0.7205738976396172,0.7165257334709167,0.7165257334709167,103000,0.0,0.0
2009-10-23 00:00:00-04:00,0.7185499668121338,0.7225981318329848,0.7165258843017083,0.7185499668121338,200300,0.0,0.0
2009-10-26 00:00:00-04:00,0.722598283087458,0.7246223660215652,0.7185501172192437,0.7205742001533508,200900,0.0,0.0
2009-10-27 00:00:00-04:00,0.7225981318329848,0.7246222143434103,0.7165258843017083,0.7185499668121338,188400,0.0,0.0
2009-10-28 00:00:00-04:00,0.728669931401908,0.728669931401908,0.7023568749427795,0.7023568749427795,327000,0.0,0.0
2009-10-29 00:00:00-04:00,0.7225981318329848,0.7225981318329848,0.7124777192808571,0.7185499668121338,310200,0.0,0.0
2009-10-30 00:00:00-04:00,0.7225976876036476,0.7246217688697344,0.7023568749427795,0.7023568749427795,346100,0.0,0.0
2009-11-02 00:00:00-05:00,0.7104538679122925,0.7145020342501899,0.7084297847433437,0.7104538679122925,212300,0.0,0.0
2009-11-03 00:00:00-05:00,0.66794801955543,0.716526059973531,0.6173458961306558,0.7145019769668579,212200,0.0,0.0
2009-11-04 00:00:00-05:00,0.716526059973531,0.7246223920002236,0.7124778939601847,0.7145019769668579,199900,0.0,0.0
2009-11-05 00:00:00-05:00,0.7145016513865665,0.7225979797239676,0.7145016513865665,0.7165257334709167,234300,0.0,0.0
2009-11-06 00:00:00-05:00,0.7185501172192437,0.722598283087458,0.7165260342851366,0.7205742001533508,143600,0.0,0.0
2009-11-09 00:00:00-05:00,0.7256845445859663,0.7297729043733842,0.7236403646922575,0.7277287244796753,257400,0.035,0.0
2009-11-10 00:00:00-05:00,0.7256847209878342,0.7277289013784493,0.7175079994253737,0.721596360206604,291400,0.0,0.0
2009-11-11 00:00:00-05:00,0.7236401986630474,0.7256843780877477,0.7175076603889465,0.7175076603889465,291700,0.0,0.0
2009-11-12 00:00:00-05:00,0.7154641954900797,0.7175083769562804,0.7113758325576782,0.7113758325576782,219900,0.0,0.0
2009-11-13 00:00:00-05:00,0.7134193778038025,0.7154635574470248,0.7113751981605803,0.7134193778038025,110000,0.0,0.0
2009-11-16 00:00:00-05:00,0.7154634809642463,0.7215960192383472,0.7134193015395459,0.7175076603889465,165500,0.0,0.0
2009-11-17 00:00:00-05:00,0.7195521798159888,0.7256847209878342,0.7175079994253737,0.721596360206604,190400,0.0,0.0
2009-11-18 00:00:00-05:00,0.7297731829537731,0.7297731829537731,0.7215964602575916,0.7256848216056824,227800,0.0,0.0
2009-11-19 00:00:00-05:00,0.7215961847985485,0.7277287244796753,0.7215961847985485,0.7277287244796753,151600,0.0,0.0
2009-11-20 00:00:00-05:00,0.7277289013784493,0.7359056229409098,0.721596360206604,0.721596360206604,293600,0.0,0.0
2009-11-23 00:00:00-05:00,0.7277290022797278,0.7277290022797278,0.7215964602575916,0.7256848216056824,256900,0.0,0.0
2009-11-24 00:00:00-05:00,0.7256845024602868,0.729772862010377,0.7215961429101966,0.7236403226852417,296900,0.0,0.0
2009-11-25 00:00:00-05:00,0.7236402673117337,0.7297728061676025,0.7236402673117337,0.7297728061676025,216900,0.0,0.0
2009-11-27 00:00:00-05:00,0.7236402673117337,0.7297728061676025,0.7175077284558649,0.7297728061676025,97100,0.0,0.0
2009-11-30 00:00:00-05:00,0.7338614463806152,0.7359056267818997,0.7277289051767617,0.7338614463806152,177100,0.0,0.0
2009-12-01 00:00:00-05:00,0.7461263565760656,0.7461263565760656,0.7318170492673641,0.7359054088592529,319100,0.0,0.0
2009-12-02 00:00:00-05:00,0.7399939875844688,0.7420382167228585,0.7338614463806152,0.7338614463806152,303000,0.0,0.0
2009-12-03 00:00:00-05:00,0.7379492455783774,0.7379492455783774,0.7318167090415955,0.7318167090415955,399200,0.0,0.0
2009-12-04 00:00:00-05:00,0.7379495118611782,0.7420379197647015,0.7379495118611782,0.739993691444397,257300,0.0,0.0
2009-12-07 00:00:00-05:00,0.7389619658516612,0.7451543787863321,0.7368978282067709,0.7410261034965515,162700,0.035,0.0
2009-12-08 00:00:00-05:00,0.7430899385849082,0.7451540753893645,0.7368975281715393,0.7368975281715393,129000,0.0,0.0
2009-12-09 00:00:00-05:00,0.7389619658516612,0.7430902411414418,0.7389619658516612,0.7410261034965515,156400,0.0,0.0
2009-12-10 00:00:00-05:00,0.7430902411414418,0.7472185164312224,0.7410261034965515,0.7410261034965515,154200,0.0,0.0
2009-12-11 00:00:00-05:00,0.7430900959544351,0.7472183704376221,0.7410259587128417,0.7472183704376221,184400,0.0,0.0
2009-12-14 00:00:00-05:00,0.745154482751061,0.7513469457626343,0.745154482751061,0.7513469457626343,212700,0.0,0.0
2009-12-15 00:00:00-05:00,0.7534110836955152,0.7534110836955152,0.74309034481818,0.7513469457626343,222700,0.0,0.0
2009-12-16 00:00:00-05:00,0.7534109988088776,0.7616675496101379,0.7534109988088776,0.7616675496101379,269100,0.0,0.0
2009-12-17 00:00:00-05:00,0.7616672830621671,0.7637314200401306,0.7534107351503129,0.7637314200401306,364800,0.0,0.0
2009-12-18 00:00:00-05:00,0.761667701318972,0.7719883918762207,0.761667701318972,0.7719883918762207,428200,0.0,0.0
2009-12-21 00:00:00-05:00,0.7740520554947145,0.7761161923408508,0.7719879186485781,0.7761161923408508,315800,0.0,0.0
2009-12-22 00:00:00-05:00,0.7740520554947145,0.7781803291869872,0.7699237818024417,0.7761161923408508,245500,0.0,0.0
2009-12-23 00:00:00-05:00,0.7946940040590378,0.7946940040590378,0.7761167588829744,0.7781808972358704,303500,0.0,0.0
2009-12-24 00:00:00-05:00,0.7802444732141598,0.7843727469444275,0.778180336349026,0.7843727469444275,198000,0.0,0.0
2009-12-28 00:00:00-05:00,0.7874978299203564,0.7916644811630249,0.783331178677688,0.7916644811630249,288800,0.035,0.0
2009-12-29 00:00:00-05:00,0.7874976396560669,0.7916642898920471,0.7874976396560669,0.7874976396560669,214100,0.0,0.0
2009-12-30 00:00:00-05:00,0.7854148553779418,0.7874981819305189,0.7770815491676331,0.7770815491676331,250900,0.0,0.0
2009-12-31 00:00:00-05:00,0.7791644453685221,0.785414421574238,0.7791644453685221,0.7833310961723328,107000,0.0,0.0
2010-01-04 00:00:00-05:00,0.785414421574238,0.7895810723780486,0.7770811199666168,0.7833310961723328,406200,0.0,0.0
2010-01-05 00:00:00-05:00,0.783331178677688,0.7916644811630249,0.783331178677688,0.7916644811630249,304700,0.0,0.0
2010-01-06 00:00:00-05:00,0.8062479068233118,0.8062479068233118,0.7854146468293283,0.789581298828125,223000,0.0,0.0
2010-01-07 00:00:00-05:00,0.7958315014839172,0.7958315014839172,0.7874981951338905,0.7958315014839172,183000,0.0,0.0
2010-01-08 00:00:00-05:00,0.7958309538178457,0.8020809292793274,0.7937476286640185,0.8020809292793274,197900,0.0,0.0
2010-01-11 00:00:00-05:00,0.8020812973803539,0.8062479496002197,0.799997971270421,0.8062479496002197,210500,0.0,0.0
2010-01-12 00:00:00-05:00,0.8041647620302237,0.8104147911071777,0.8020814355613793,0.8104147911071777,310600,0.0,0.0
2010-01-13 00:00:00-05:00,0.8145813490312275,0.8145813490312275,0.8041646682315976,0.8083313703536987,252400,0.0,0.0
2010-01-14 00:00:00-05:00,0.8041649027375082,0.8062482295708788,0.7958315954040257,0.7979149222373962,385200,0.0,0.0
2010-01-15 00:00:00-05:00,0.8062477949524225,0.8062477949524225,0.7937478406904631,0.804164469242096,238800,0.0,0.0
2010-01-19 00:00:00-05:00,0.8187479559302295,0.8187479559302295,0.8041646234902868,0.8062479496002197,321600,0.0,0.0
2010-01-20 00:00:00-05:00,0.806248088499068,0.8104147911071777,0.8041647620302237,0.8104147911071777,168700,0.0,0.0
2010-01-21 00:00:00-05:00,0.8145813037103637,0.8145813037103637,0.8041646234902868,0.8062479496002197,215200,0.0,0.0
2010-01-22 00:00:00-05:00,0.8062477949524225,0.8083311703331519,0.8020811435317694,0.804164469242096,391100,0.0,0.0
2010-01-25 00:00:00-05:00,0.8062482295708788,0.8062482295708788,0.7979149222373962,0.7979149222373962,322000,0.0,0.0
2010-01-26 00:00:00-05:00,0.8020814812464374,0.8041648078339441,0.7916648483089038,0.7958315014839172,221600,0.0,0.0
2010-01-27 00:00:00-05:00,0.7979142652460172,0.7979142652460172,0.7854143145380769,0.7874976396560669,436900,0.0,0.0
2010-01-28 00:00:00-05:00,0.7895809647740569,0.7958309401280271,0.7833309894200868,0.7874976396560669,165300,0.0,0.0
2010-01-29 00:00:00-05:00,0.8083310506655921,0.8083310506655921,0.7833310961723328,0.7833310961723328,264000,0.0,0.0
2010-02-01 00:00:00-05:00,0.7854143145380769,0.7979142652460172,0.7833309894200868,0.7874976396560669,313000,0.0,0.0
2010-02-02 00:00:00-05:00,0.7958309538178457,0.8020809292793274,0.7916643035101912,0.8020809292793274,173100,0.0,0.0
2010-02-03 00:00:00-05:00,0.8041642544331546,0.810414279565026,0.789580978356364,0.8020809292793274,348600,0.0,0.0
2010-02-04 00:00:00-05:00,0.8020811092696962,0.8062477605123647,0.7916644811630249,0.7916644811630249,306400,0.0,0.0
2010-02-05 00:00:00-05:00,0.7948188569493925,0.7969215503487758,0.7527649388295599,0.75907301902771,568800,0.035,0.0
2010-02-08 00:00:00-05:00,0.7569697626591622,0.7674832719691979,0.7485589953168358,0.7632778882980347,379400,0.0,0.0
2010-02-09 00:00:00-05:00,0.7653814554214478,0.7737922323823123,0.7569706283283981,0.7653814554214478,239900,0.0,0.0
2010-02-10 00:00:00-05:00,0.7695862658703075,0.7885104998183754,0.7695862658703075,0.7758943438529968,213900,0.0,0.0
2010-02-11 00:00:00-05:00,0.7779970357221541,0.7800997283809107,0.7695862650871277,0.7695862650871277,224500,0.0,0.0
2010-02-12 00:00:00-05:00,0.7695859638047795,0.7695859638047795,0.7632778882980347,0.7632778882980347,200300,0.0,0.0
2010-02-16 00:00:00-05:00,0.769585991979098,0.7800994515419006,0.7653806081539769,0.7800994515419006,400100,0.0,0.0
2010-02-17 00:00:00-05:00,0.7822026800395881,0.7864080667495728,0.7779972933296037,0.7864080667495728,273500,0.0,0.0
2010-02-18 00:00:00-05:00,0.7885100882281204,0.7948181629180908,0.786407396664797,0.7948181629180908,182500,0.0,0.0
2010-02-19 00:00:00-05:00,0.7990237284545455,0.805331804584592,0.7969210364111967,0.8011264204978943,218200,0.0,0.0
2010-02-22 00:00:00-05:00,0.8053320254958041,0.809537410736084,0.8011266402555242,0.809537410736084,222100,0.0,0.0
2010-02-23 00:00:00-05:00,0.809537668288577,0.8137430548667908,0.8074349749994701,0.8137430548667908,150100,0.0,0.0
2010-02-24 00:00:00-05:00,0.8242562594750218,0.8242562594750218,0.807434669396741,0.8158454895019531,306700,0.0,0.0
2010-02-25 00:00:00-05:00,0.8116400543832754,0.8200508744884875,0.8095373618900081,0.8158454895019531,350000,0.0,0.0
2010-02-26 00:00:00-05:00,0.7906134367571476,0.8200511932373047,0.7906134367571476,0.8200511932373047,236100,0.0,0.0
2010-03-01 00:00:00-05:00,0.8200511932373047,0.8200511932373047,0.8179484999267337,0.8200511932373047,223300,0.0,0.0
2010-03-02 00:00:00-05:00,0.8200511932373047,0.8221538865478758,0.8158458066161627,0.8200511932373047,347300,0.0,0.0
2010-03-03 00:00:00-05:00,0.8200511130325979,0.8284618854522705,0.8179484199276799,0.8284618854522705,307000,0.0,0.0
2010-03-04 00:00:00-05:00,0.8221540451049805,0.836872901117593,0.8221540451049805,0.8221540451049805,340400,0.0,0.0
2010-03-05 00:00:00-05:00,0.82425618542251,0.8368723392486572,0.82425618542251,0.8368723392486572,300600,0.0,0.0
2010-03-08 00:00:00-05:00,0.8368723795015477,0.8410777643125391,0.8368723795015477,0.8389750719070435,191100,0.0,0.0
2010-03-09 00:00:00-05:00,0.841077723857373,0.8431804662938699,0.8368723392486572,0.8368723392486572,311100,0.0,0.0
2010-03-10 00:00:00-05:00,0.8379333207485276,0.840054668878952,0.8315692763572541,0.835811972618103,305800,0.035,0.0
2010-03-11 00:00:00-05:00,0.8400539669851241,0.8485393524169922,0.8379326206271571,0.8485393524169922,130700,0.0,0.0
2010-03-12 00:00:00-05:00,0.8485400045053304,0.8485400045053304,0.8421759605407715,0.8421759605407715,146300,0.0,0.0
2010-03-15 00:00:00-04:00,0.8485393524169922,0.8485393524169922,0.8379326206271571,0.8485393524169922,182600,0.0,0.0
2010-03-16 00:00:00-04:00,0.8464188283794472,0.85066157579422,0.8464188283794472,0.85066157579422,167900,0.0,0.0
2010-03-17 00:00:00-04:00,0.8506612412169842,0.8570252333937546,0.8506612412169842,0.8549039363861084,249700,0.0,0.0
2010-03-18 00:00:00-04:00,0.8549042064345188,0.8570255041122437,0.8527828076029301,0.8570255041122437,111800,0.0,0.0
2010-03-19 00:00:00-04:00,0.8612684011459351,0.8612684011459351,0.8527830061517002,0.8612684011459351,223600,0.0,0.0
2010-03-22 00:00:00-04:00,0.8591471029743201,0.8633898004714375,0.8506617079800852,0.8612684011459351,235200,0.0,0.0
2010-03-23 00:00:00-04:00,0.8612682930447665,0.8697536869739662,0.8591469951394038,0.8676323890686035,396600,0.0,0.0
2010-03-24 00:00:00-04:00,0.8846032648434748,0.9079381510448536,0.8846032648434748,0.8973313570022583,970800,0.0,0.0
2010-03-25 00:00:00-04:00,0.910059519734829,0.910059519734829,0.8973314265890004,0.9036955237388611,402700,0.0,0.0
2010-03-26 00:00:00-04:00,0.9079376059293752,0.9206656904463607,0.9058162079329657,0.9185442924499512,369800,0.0,0.0
2010-03-29 00:00:00-04:00,0.939757635690974,0.939757635690974,0.9121801736572996,0.9206655621528625,544200,0.0,0.0
2010-03-30 00:00:00-04:00,0.9227869872889463,0.9249083852853558,0.9164229956073655,0.9185442924499512,245600,0.0,0.0
2010-03-31 00:00:00-04:00,0.9227868586998483,0.9227868586998483,0.9164228679050811,0.9206655621528625,335500,0.0,0.0
2010-04-01 00:00:00-04:00,0.9270291328430176,0.9291505295824534,0.920665144932238,0.9270291328430176,410400,0.0,0.0
2010-04-05 00:00:00-04:00,0.9376364946365356,0.9397577915353058,0.9312724016325719,0.9376364946365356,528600,0.0,0.0
2010-04-06 00:00:00-04:00,0.9376368468449843,0.9376368468449843,0.9249087572097778,0.9249087572097778,540900,0.0,0.0
2010-04-07 00:00:00-04:00,0.931978934589161,0.931978934589161,0.9148391080840198,0.9169816374778748,544700,0.043,0.0
2010-04-08 00:00:00-04:00,0.923408567905426,0.9298360507694107,0.9169811872028156,0.923408567905426,318600,0.0,0.0
2010-04-09 00:00:00-04:00,0.9319787596282355,0.9341212886198721,0.9212664211542682,0.9298363327980042,313700,0.0,0.0
2010-04-12 00:00:00-04:00,0.9255516529083252,0.9319790374766032,0.9255516529083252,0.9255516529083252,295600,0.0,0.0
2010-04-13 00:00:00-04:00,0.9255516529083252,0.9298366100076558,0.9255516529083252,0.9255516529083252,225900,0.0,0.0
2010-04-14 00:00:00-04:00,0.9298363327980042,0.9341212886198721,0.9276938038063675,0.9298363327980042,314300,0.0,0.0
2010-04-15 00:00:00-04:00,0.9276935224276244,0.9298360507694107,0.923408567905426,0.923408567905426,229300,0.0,0.0
2010-04-16 00:00:00-04:00,0.9276941605832086,0.9276941605832086,0.9191242456436157,0.9191242456436157,316500,0.0,0.0
2010-04-19 00:00:00-04:00,0.9191236133832277,0.923408567905426,0.9169811872028156,0.923408567905426,190600,0.0,0.0
2010-04-20 00:00:00-04:00,0.9255511790508911,0.9319785603285219,0.9255511790508911,0.9276936054229736,344000,0.0,0.0
2010-04-21 00:00:00-04:00,0.9298360507694107,0.9319784769498227,0.923408567905426,0.923408567905426,280000,0.0,0.0
2010-04-22 00:00:00-04:00,0.9234088479844995,0.9298363327980042,0.9234088479844995,0.9298363327980042,175600,0.0,0.0
2010-04-23 00:00:00-04:00,0.9255508710030792,0.9405481571003131,0.9255508710030792,0.9362632036209106,267500,0.0,0.0
2010-04-26 00:00:00-04:00,0.9469756384000916,0.9469756384000916,0.9362632036209106,0.9362632036209106,235700,0.0,0.0
2010-04-27 00:00:00-04:00,0.9319790195403367,0.9384065061463511,0.9319790195403367,0.9341215491294861,309100,0.0,0.0
2010-04-28 00:00:00-04:00,0.9319787596282355,0.9362637154501035,0.9276938038063675,0.9298363327980042,248700,0.0,0.0
2010-04-29 00:00:00-04:00,0.9448336270938396,0.9448336270938396,0.9298363327980042,0.9298363327980042,223000,0.0,0.0
2010-04-30 00:00:00-04:00,0.9255511790508911,0.9341210888619879,0.9255511790508911,0.9276936054229736,231200,0.0,0.0
2010-05-03 00:00:00-04:00,0.9276931536797417,0.9362630593176947,0.9255507283509203,0.9319781064987183,472800,0.0,0.0
2010-05-04 00:00:00-04:00,0.9276931536797417,0.9341206339888734,0.9276931536797417,0.9319781064987183,440500,0.0,0.0
2010-05-05 00:00:00-04:00,0.9255515463157118,0.9298365029215585,0.8827018780958205,0.8955567479133606,891700,0.0,0.0
2010-05-06 00:00:00-04:00,0.8998410766346359,0.9019836045232736,0.7477251211080194,0.8484216332435608,1508900,0.0,0.0
2010-05-07 00:00:00-04:00,0.846279426288903,0.8762741622454677,0.8355670388332344,0.8655617237091064,815800,0.0,0.0
2010-05-10 00:00:00-04:00,0.9203494169944297,0.9203494169944297,0.8878664757425415,0.8943631052970886,498100,0.043,0.0
2010-05-11 00:00:00-04:00,0.8835355404810556,0.9181839606535088,0.8835355404810556,0.9160184860229492,353100,0.0,0.0
2010-05-12 00:00:00-04:00,0.9203493800208401,0.9203493800208401,0.9073562246941491,0.9095216989517212,290600,0.0,0.0
2010-05-13 00:00:00-04:00,0.9095216989517212,0.9203493800208401,0.9051906471761575,0.9095216989517212,340400,0.0,0.0
2010-05-14 00:00:00-04:00,0.909521496069125,0.913852546878582,0.8921972928312973,0.9030249714851379,407400,0.0,0.0
2010-05-17 00:00:00-04:00,0.9030252308570682,0.9030252308570682,0.8792043929329033,0.8878664970397949,218400,0.0,0.0
2010-05-18 00:00:00-04:00,0.8965286011466864,0.9008596532001322,0.8878664970397949,0.8878664970397949,219800,0.0,0.0
2010-05-19 00:00:00-04:00,0.8943641148113016,0.8943641148113016,0.8488879663795039,0.8618811368942261,593700,0.0,0.0
2010-05-20 00:00:00-04:00,0.8532178244698434,0.8532178244698434,0.8142383160605589,0.8315625190734863,588900,0.0,0.0
2010-05-21 00:00:00-04:00,0.8358940227998853,0.8662114461317975,0.8229008634991625,0.8553838133811951,368000,0.0,0.0
2010-05-24 00:00:00-04:00,0.8640458274086813,0.8943632475064509,0.8553837221322386,0.879204511642456,458900,0.0,0.0
2010-05-25 00:00:00-04:00,0.8683769316771227,0.879204511642456,0.8467216168557959,0.879204511642456,357400,0.0,0.0
2010-05-26 00:00:00-04:00,0.8943632856701806,0.8943632856701806,0.8792045491593414,0.8813701272010803,364900,0.0,0.0
2010-05-27 00:00:00-04:00,0.8921980053347974,0.896529059603006,0.8878669510665889,0.8900325298309326,428100,0.0,0.0
2010-05-28 00:00:00-04:00,0.8965294476297034,0.8965294476297034,0.8792052230587756,0.8835362792015076,234300,0.0,0.0
2010-06-01 00:00:00-04:00,0.8835356019823748,0.8878666548054083,0.8792045491593414,0.8813701272010803,232900,0.0,0.0
2010-06-02 00:00:00-04:00,0.8813698497401543,0.887866375299334,0.8748732209205627,0.8748732209205627,369300,0.0,0.0
2010-06-03 00:00:00-04:00,0.883535542459787,0.885701120355634,0.8770390152931213,0.8770390152931213,261700,0.0,0.0
2010-06-04 00:00:00-04:00,0.8770388358208471,0.8857009391107958,0.8705422067231774,0.8727077841758728,281000,0.0,0.0
2010-06-07 00:00:00-04:00,0.877039074378047,0.8835356019823748,0.874873496336308,0.8813701272010803,145900,0.0,0.0
2010-06-08 00:00:00-04:00,0.8792044899285307,0.885701120355634,0.8662113323347618,0.8770390152931213,325600,0.0,0.0
2010-06-09 00:00:00-04:00,0.8930165892144606,0.8930165892144606,0.877695292673554,0.8798840045928955,167500,0.043,0.0
2010-06-10 00:00:00-04:00,0.893017590045929,0.8952064087868501,0.8864513425604094,0.893017590045929,306500,0.0,0.0
2010-06-11 00:00:00-04:00,0.8864509750269894,0.8952060376234742,0.8864509750269894,0.8886396884918213,182300,0.0,0.0
2010-06-14 00:00:00-04:00,0.8930172197900635,0.8952060376234742,0.8864509750269894,0.8886396884918213,325300,0.0,0.0
2010-06-15 00:00:00-04:00,0.8930172197900635,0.8952060376234742,0.8886396884918213,0.8886396884918213,259800,0.0,0.0
2010-06-16 00:00:00-04:00,0.8908284130593926,0.8995834747392606,0.8908284130593926,0.8973946571350098,262600,0.0,0.0
2010-06-17 00:00:00-04:00,0.8995834720000859,0.9039610028266907,0.8952059411734813,0.9039610028266907,171400,0.0,0.0
2010-06-18 00:00:00-04:00,0.9061499951573851,0.912716345604066,0.9039612812542246,0.9105275273323059,257500,0.0,0.0
2010-06-21 00:00:00-04:00,0.9543024061652616,0.9543024061652616,0.9105270051522997,0.9149045348167419,278400,0.0,0.0
2010-06-22 00:00:00-04:00,0.9149045348167419,0.9214708814976751,0.9127158221687907,0.9149045348167419,265400,0.0,0.0
2010-06-23 00:00:00-04:00,0.9192828715332265,0.9192828715332265,0.8995840229335955,0.9017727375030518,449200,0.0,0.0
2010-06-24 00:00:00-04:00,0.9039607938458843,0.9083383236604764,0.9017719767543166,0.9061495065689087,257400,0.0,0.0
2010-06-25 00:00:00-04:00,0.9170935576968104,0.9236598014831543,0.9039609657555595,0.9236598014831543,459200,0.0,0.0
2010-06-28 00:00:00-04:00,0.9280375080659938,0.9324151439115453,0.9192824451120567,0.9302263259887695,406700,0.0,0.0
2010-06-29 00:00:00-04:00,0.9302264743037489,0.9302264743037489,0.9083388134291454,0.9105275273323059,325600,0.0,0.0
2010-06-30 00:00:00-04:00,0.9192817067159048,0.928036762637504,0.9170929949197546,0.9214705228805542,337400,0.0,0.0
2010-07-01 00:00:00-04:00,0.9214710883438941,0.9258486189909777,0.9127160270497268,0.9236598014831543,383300,0.0,0.0
2010-07-02 00:00:00-04:00,0.9236594289955964,0.9280369578773378,0.9214707167389862,0.9258482456207275,248400,0.0,0.0
2010-07-06 00:00:00-04:00,0.925848810631029,0.9346038737373935,0.925848810631029,0.9280375242233276,279100,0.0,0.0
2010-07-07 00:00:00-04:00,0.932415464575136,0.9389817118644714,0.9302266458996117,0.9389817118644714,346600,0.0,0.0
2010-07-08 00:00:00-04:00,0.9367926916982771,0.9411702232514594,0.9280375242233276,0.9280375242233276,287400,0.0,0.0
2010-07-09 00:00:00-04:00,0.9367923874519934,0.9455474477149377,0.9346035702019819,0.9411699175834656,364500,0.0,0.0
2010-07-12 00:00:00-04:00,0.946255762609859,0.9550992655426068,0.9396230826988626,0.9506775140762329,268400,0.043,0.0
2010-07-13 00:00:00-04:00,0.9550992655426068,0.9683645199417287,0.9506775140762329,0.9506775140762329,485900,0.0,0.0
2010-07-14 00:00:00-04:00,0.9550980785627068,0.9550980785627068,0.9418328406494005,0.9484654068946838,311200,0.0,0.0
2010-07-15 00:00:00-04:00,0.9506775140762329,0.9506775140762329,0.9484665856316106,0.9506775140762329,138200,0.0,0.0
2010-07-16 00:00:00-04:00,0.9528878331184387,0.9573095822461626,0.9484660839907147,0.9528878331184387,215300,0.0,0.0
2010-07-19 00:00:00-04:00,0.9573087943104353,0.9683632107425527,0.9550979742776486,0.9617305397987366,325200,0.0,0.0
2010-07-20 00:00:00-04:00,0.961731335976097,0.9639422632619464,0.9440443393805629,0.9462552666664124,446300,0.0,0.0
2010-07-21 00:00:00-04:00,0.9617313313738866,0.9617313313738866,0.9506770112659841,0.9528878331184387,242400,0.0,0.0
2010-07-22 00:00:00-04:00,0.9573098105717323,0.9705750611187659,0.9573098105717323,0.9683642387390137,258300,0.0,0.0
2010-07-23 00:00:00-04:00,0.9683636063657851,0.974996174596597,0.9661526800070003,0.9727853536605835,238700,0.0,0.0
2010-07-26 00:00:00-04:00,0.977207557796976,0.9926836278524008,0.9705748810426363,0.988261878490448,401300,0.0,0.0
2010-07-27 00:00:00-04:00,0.9926831253277025,0.9948940516008549,0.9838396310806274,0.9838396310806274,288100,0.0,0.0
2010-07-28 00:00:00-04:00,0.9904715600610443,0.9948933038612982,0.9639410972595215,0.9639410972595215,569600,0.0,0.0
2010-07-29 00:00:00-04:00,0.9639417290362611,0.9727852224328799,0.9506764889413329,0.9595199823379517,756800,0.0,0.0
2010-07-30 00:00:00-04:00,0.9550982356396424,0.9705742963723467,0.952887309579109,0.9595199823379517,309000,0.0,0.0
2010-08-02 00:00:00-04:00,0.9705750611187659,0.9838403116657994,0.9683642387390137,0.9683642387390137,488600,0.0,0.0
2010-08-03 00:00:00-04:00,0.9727853536605835,0.9860505955449786,0.9705744273017987,0.9727853536605835,407100,0.0,0.0
2010-08-04 00:00:00-04:00,0.977207557796976,0.9904728058828347,0.9705748810426363,0.988261878490448,374700,0.0,0.0
2010-08-05 00:00:00-04:00,0.9794183373451233,0.9882618356859918,0.9794183373451233,0.9794183373451233,280000,0.0,0.0
2010-08-06 00:00:00-04:00,0.9794183373451233,0.9860510138121826,0.9772075154713141,0.9794183373451233,266800,0.0,0.0
2010-08-09 00:00:00-04:00,0.9838396310806274,0.9971049778740072,0.9816288102302422,0.9838396310806274,617800,0.0,0.0
2010-08-10 00:00:00-04:00,0.9838399341168785,1.005948781967163,0.9816291125855299,1.005948781967163,543700,0.0,0.0
2010-08-11 00:00:00-04:00,0.9976907055187085,1.0043866634368896,0.990994854029168,1.0043866634368896,419900,0.043,0.0
2010-08-12 00:00:00-04:00,0.9932262072566879,1.0021540751453508,0.9909942934988123,0.9976901412010193,245700,0.0,0.0
2010-08-13 00:00:00-04:00,0.9954584777263935,0.9999224127930704,0.9776027374596863,0.984298586845398,474400,0.0,0.0
2010-08-16 00:00:00-04:00,0.9909948962656656,0.9909948962656656,0.977603086287181,0.9865309596061707,280300,0.0,0.0
2010-08-17 00:00:00-04:00,0.9887625219120747,0.9909945426597166,0.9798346517787211,0.984298586845398,495500,0.0,0.0
2010-08-18 00:00:00-04:00,0.9887620760611239,0.9954580288561147,0.9842981430073163,0.9909940958023071,350300,0.0,0.0
2010-08-19 00:00:00-04:00,0.9932262072566879,0.9976901412010193,0.9909942934988123,0.9976901412010193,295400,0.0,0.0
2010-08-20 00:00:00-04:00,0.9909942934988123,0.9976901412010193,0.9842983393680249,0.9976901412010193,382100,0.0,0.0
2010-08-23 00:00:00-04:00,1.0043860953318067,1.0043860953318067,0.9954582274431437,0.9976901412010193,252500,0.0,0.0
2010-08-24 00:00:00-04:00,0.9954580288561147,0.997689942168739,0.9842981430073163,0.9909940958023071,340800,0.0,0.0
2010-08-25 00:00:00-04:00,0.9865295268498178,0.9909934570262585,0.9686738061440548,0.9731377363204956,760200,0.0,0.0
2010-08-26 00:00:00-04:00,0.9731377363204956,0.9842975085473522,0.9731377363204956,0.9731377363204956,325400,0.0,0.0
2010-08-27 00:00:00-04:00,0.9932260091149314,0.9932260091149314,0.9753702768997012,0.9909940958023071,211100,0.0,0.0
2010-08-30 00:00:00-04:00,0.9909944522350888,0.9909944522350888,0.9642108442789343,0.9686747789382935,792900,0.0,0.0
2010-08-31 00:00:00-04:00,0.9686744039825902,0.9776022698454988,0.9619784513711307,0.9709063172340393,354700,0.0,0.0
2010-09-01 00:00:00-04:00,0.9731393590150368,0.9865311718749958,0.9709073369907096,0.9798352122306824,380000,0.0,0.0
2010-09-02 00:00:00-04:00,0.9731388023930094,0.9865306075930399,0.9731388023930094,0.984298586845398,286300,0.0,0.0
2010-09-03 00:00:00-04:00,0.9842981848434853,0.9932260513305664,0.9820662714359968,0.9932260513305664,252700,0.0,0.0
2010-09-07 00:00:00-04:00,0.9865303595544808,0.9999221613874753,0.9865303595544808,0.9976901412010193,316700,0.0,0.0
2010-09-08 00:00:00-04:00,0.9999227269676492,1.0043866634368896,0.9976907055187085,1.0043866634368896,409900,0.0,0.0
2010-09-09 00:00:00-04:00,1.0021540022402242,1.013313889503479,1.0021540022402242,1.013313889503479,527700,0.0,0.0
2010-09-10 00:00:00-04:00,1.0184962120312486,1.0184962120312486,1.0049763636460884,1.009482979774475,305200,0.043,0.0
2010-09-13 00:00:00-04:00,1.0139899041727947,1.0207498841436242,1.0049766691758466,1.0072299242019653,417100,0.0,0.0
2010-09-14 00:00:00-04:00,1.0049773454666138,1.013990586528944,1.0027239814778768,1.0049773454666138,219900,0.0,0.0
2010-09-15 00:00:00-04:00,1.0094833163896046,1.0094833163896046,1.0004700811273417,1.0027233362197876,274200,0.0,0.0
2010-09-16 00:00:00-04:00,1.0027233067034913,1.0072299242019653,1.0027233067034913,1.0072299242019653,134800,0.0,0.0
2010-09-17 00:00:00-04:00,1.0049766691758466,1.0072299242019653,1.0004700516773726,1.0072299242019653,237300,0.0,0.0
2010-09-20 00:00:00-04:00,1.0072296179871798,1.013989595902862,1.002723001858793,1.009482979774475,238700,0.0,0.0
2010-09-21 00:00:00-04:00,1.009483782509657,1.0139904022216797,1.0072304189305012,1.0139904022216797,198500,0.0,0.0
2010-09-22 00:00:00-04:00,1.0072301321737265,1.0139901135403493,1.0072301321737265,1.0117367506027222,222100,0.0,0.0
2010-09-23 00:00:00-04:00,1.0117367506027222,1.0139901135403493,1.0072301321737265,1.0117367506027222,258400,0.0,0.0
2010-09-24 00:00:00-04:00,1.009483782509657,1.0139904022216797,1.0072304189305012,1.0139904022216797,208500,0.0,0.0
2010-09-27 00:00:00-04:00,1.011737222540207,1.011737222540207,0.9982173609467115,1.0049773454666138,458600,0.0,0.0
2010-09-28 00:00:00-04:00,1.0117362341155667,1.0117362341155667,1.0004697475177016,1.009482979774475,233900,0.0,0.0
2010-09-29 00:00:00-04:00,1.0072296179871798,1.0117362341155667,1.0049763636460884,1.009482979774475,237800,0.0,0.0
2010-09-30 00:00:00-04:00,1.0117365417004394,1.0117365417004394,1.0049766691758466,1.0072299242019653,246900,0.0,0.0
2010-10-01 00:00:00-04:00,1.0094840686334379,1.0162440538406372,1.0072307044155981,1.0162440538406372,320700,0.0,0.0
2010-10-04 00:00:00-04:00,1.0207503855128581,1.0207503855128581,1.0139904022216797,1.0139904022216797,216500,0.0,0.0
2010-10-05 00:00:00-04:00,1.023003931601517,1.023003931601517,1.0162440538406372,1.0162440538406372,301000,0.0,0.0
2010-10-06 00:00:00-04:00,1.0230032709958172,1.025256633758545,1.018496652916612,1.025256633758545,310600,0.0,0.0
2010-10-07 00:00:00-04:00,1.0252563155047292,1.0320161868020536,1.0230029534414764,1.0275095701217651,385400,0.0,0.0
2010-10-08 00:00:00-04:00,1.023003103128076,1.0455361898265778,1.023003103128076,1.0410295724868774,441400,0.0,0.0
2010-10-11 00:00:00-04:00,1.0432833123271614,1.0477899312973022,1.0365233301488146,1.0477899312973022,394500,0.0,0.0
2010-10-12 00:00:00-04:00,1.0393750683865266,1.0416493556020359,1.0302777026261802,1.0371006727218628,451100,0.043,0.0
2010-10-13 00:00:00-04:00,1.0348260537284912,1.041649021636647,1.0280029773712158,1.0280029773712158,285000,0.0,0.0
2010-10-14 00:00:00-04:00,1.0302783250808716,1.0393756963375012,1.0280039280421043,1.0302783250808716,477600,0.0,0.0
2010-10-15 00:00:00-04:00,1.032552613670419,1.0348270107091864,1.0302783250808716,1.0302783250808716,193200,0.0,0.0
2010-10-18 00:00:00-04:00,1.0302770249387676,1.0302770249387676,1.023453950881958,1.023453950881958,280900,0.0,0.0
2010-10-19 00:00:00-04:00,1.0257286908848704,1.0325516587930261,1.0234542959494055,1.0280029773712158,276000,0.0,0.0
2010-10-20 00:00:00-04:00,1.0280029773712158,1.0325516587930261,1.0234542959494055,1.0280029773712158,300100,0.0,0.0
2010-10-21 00:00:00-04:00,1.0302777010111168,1.0393750667572021,1.0302777010111168,1.0393750667572021,223700,0.0,0.0
2010-10-22 00:00:00-04:00,1.0348263838841596,1.0393750667572021,1.0348263838841596,1.0393750667572021,184400,0.0,0.0
2010-10-25 00:00:00-04:00,1.0371000653206688,1.0416487455368042,1.0371000653206688,1.0416487455368042,289500,0.0,0.0
2010-10-26 00:00:00-04:00,1.0371008812734754,1.0461982488632202,1.0371008812734754,1.0461982488632202,264300,0.0,0.0
2010-10-27 00:00:00-04:00,1.0439231398694173,1.0461974257529394,1.0371000653206688,1.0416487455368042,230800,0.0,0.0
2010-10-28 00:00:00-04:00,1.0530213287801167,1.0530213287801167,1.041649565068348,1.0461982488632202,251000,0.0,0.0
2010-10-29 00:00:00-04:00,1.0461972738007337,1.0552946329116821,1.0461972738007337,1.0552946329116821,221300,0.0,0.0
2010-11-01 00:00:00-04:00,1.053020336733243,1.0621176957523968,1.0507459427539176,1.0598433017730713,315500,0.0,0.0
2010-11-02 00:00:00-04:00,1.0621186367635622,1.0689416078483762,1.0598442407691775,1.0643929243087769,323300,0.0,0.0
2010-11-03 00:00:00-04:00,1.0712150334298625,1.0734893189148036,1.0643919600768956,1.0689406394958496,306600,0.0,0.0
2010-11-04 00:00:00-04:00,1.0689409844655302,1.078038346239348,1.0689409844655302,1.0757640600204468,463700,0.0,0.0
2010-11-05 00:00:00-04:00,1.0757640480455608,1.080312728881836,1.0689409725665955,1.080312728881836,416600,0.0,0.0
2010-11-08 00:00:00-05:00,1.0718213574794289,1.0832968950271606,1.0695261843059543,1.0832968950271606,446900,0.043,0.0
2010-11-09 00:00:00-05:00,1.0787062644958496,1.0810014368318066,1.0764112015997331,1.0787062644958496,336700,0.0,0.0
2010-11-10 00:00:00-05:00,1.0810023408813452,1.0878876447677612,1.0787071666259185,1.0878876447677612,169500,0.0,0.0
2010-11-11 00:00:00-05:00,1.0832960209714386,1.0832960209714386,1.0580497930723805,1.0649350881576538,639900,0.0,0.0
2010-11-12 00:00:00-05:00,1.0626408437454724,1.0649359073928488,1.0213286036939337,1.0396896600723267,914600,0.0,0.0
2010-11-15 00:00:00-05:00,1.0396897328159322,1.046575033679679,0.9891970157623291,0.9891970157623291,923700,0.0,0.0
2010-11-16 00:00:00-05:00,0.9823117148985822,0.9891970157623291,0.9409994719565643,0.9891970157623291,1436400,0.0,0.0
2010-11-17 00:00:00-05:00,0.9891961860091565,1.0098522901535034,0.9800157195982895,1.0098522901535034,504400,0.0,0.0
2010-11-18 00:00:00-05:00,1.0328044182918155,1.0328044182918155,1.012148294905213,1.0236239433288574,304200,0.0,0.0
2010-11-19 00:00:00-05:00,1.0236235052380118,1.0396893842672532,1.0190332697210638,1.0350991487503052,362500,0.0,0.0
2010-11-22 00:00:00-05:00,1.0373937690192179,1.0488694076335983,1.0305083639626293,1.0328035354614258,436100,0.0,0.0
2010-11-23 00:00:00-05:00,1.035098706960222,1.035098706960222,1.0259181304048373,1.0328035354614258,202000,0.0,0.0
2010-11-24 00:00:00-05:00,1.032804050223212,1.04427969455719,1.032804050223212,1.04427969455719,198600,0.0,0.0
2010-11-26 00:00:00-05:00,1.0580499976177604,1.0580499976177604,1.0419841235799,1.0534597635269165,127200,0.0,0.0
2010-11-29 00:00:00-05:00,1.0626405149413654,1.0626405149413654,1.0373941659927368,1.0373941659927368,310400,0.0,0.0
2010-11-30 00:00:00-05:00,1.0373941659927368,1.0396893383698131,1.0328039306784265,1.0373941659927368,306300,0.0,0.0
2010-12-01 00:00:00-05:00,1.03968945871157,1.04427969455719,1.032804050223212,1.04427969455719,578700,0.0,0.0
2010-12-02 00:00:00-05:00,1.0419845587290049,1.0488699674606323,1.039689495445035,1.0488699674606323,285900,0.0,0.0
2010-12-03 00:00:00-05:00,1.0442797314528338,1.0488699674606323,1.0373943227212064,1.0488699674606323,224400,0.0,0.0
2010-12-06 00:00:00-05:00,1.0488699674606323,1.0488699674606323,1.0350992594372366,1.0488699674606323,290400,0.0,0.0
2010-12-07 00:00:00-05:00,1.0465747577600724,1.04886993040281,1.03968945871157,1.04427969455719,240400,0.0,0.0
2010-12-08 00:00:00-05:00,1.0534603233601998,1.0534603233601998,1.039689613769593,1.0419846773147583,346300,0.0,0.0
2010-12-09 00:00:00-05:00,1.0426793657461768,1.0449964840368056,1.0218257430756432,1.024142861366272,526200,0.043,0.0
2010-12-10 00:00:00-05:00,1.0218265513852847,1.031094810906837,1.0102412822265285,1.0148754119873047,450300,0.0,0.0
2010-12-13 00:00:00-05:00,1.0079234543067237,1.0125575808132674,0.9592650707448696,0.9824357032775879,1322000,0.0,0.0
2010-12-14 00:00:00-05:00,0.9638990759849548,0.9801185719604568,0.9592649500614224,0.9638990759849548,611900,0.0,0.0
2010-12-15 00:00:00-05:00,0.9592651810556457,0.9963383078575134,0.9592651810556457,0.9963383078575134,596500,0.0,0.0
2010-12-16 00:00:00-05:00,1.0079231134342803,1.028776730904327,1.000971981268434,1.0195084810256958,548500,0.0,0.0
2010-12-17 00:00:00-05:00,1.0195089312373826,1.0310941934585571,1.012557685515636,1.0310941934585571,202900,0.0,0.0
2010-12-20 00:00:00-05:00,1.0310939952655958,1.0380452396512005,1.0218257430756432,1.024142861366272,262800,0.0,0.0
2010-12-21 00:00:00-05:00,1.0264605538455989,1.0357288122177124,1.019509415309691,1.0357288122177124,313700,0.0,0.0
2010-12-22 00:00:00-05:00,1.0241419673095233,1.0403613392395916,1.0241419673095233,1.0380443334579468,302500,0.0,0.0
2010-12-23 00:00:00-05:00,1.0403623580932617,1.0403623580932617,1.0334112234547173,1.0403623580932617,194000,0.0,0.0
2010-12-27 00:00:00-05:00,1.0426797385240842,1.0473138662758497,1.035728491653276,1.0449968576431274,317300,0.0,0.0
2010-12-28 00:00:00-05:00,1.0410194226562914,1.0550557383564547,1.0386801110728208,1.0503768920898438,211900,0.043,0.0
2010-12-29 00:00:00-05:00,1.0386801869461522,1.0527163921217948,1.0386801869461522,1.0433589220046997,240800,0.0,0.0
2010-12-30 00:00:00-05:00,1.0433592901456819,1.0456986027254418,1.0363411293066371,1.0386805534362793,214400,0.0,0.0
2010-12-31 00:00:00-05:00,1.0363407135009766,1.0410194483331543,1.0340014018598065,1.0363407135009766,301000,0.0,0.0
2011-01-03 00:00:00-05:00,1.0410194987005046,1.0480376570632473,1.0340014518876046,1.0433589220046997,317100,0.0,0.0
2011-01-04 00:00:00-05:00,1.0433592901456819,1.0456986027254418,1.0363411293066371,1.0386805534362793,208800,0.0,0.0
2011-01-05 00:00:00-05:00,1.0410196365637179,1.0410196365637179,1.0340015888214111,1.0340015888214111,353000,0.0,0.0
2011-01-06 00:00:00-05:00,1.0340012910356664,1.0363406024261095,1.0293225567049549,1.031661868095398,214000,0.0,0.0
2011-01-07 00:00:00-05:00,1.0340016300934138,1.0410196781158447,1.0316622063860288,1.0410196781158447,351700,0.0,0.0
2011-01-10 00:00:00-05:00,1.0410194987005046,1.0480376570632473,1.0386801869461522,1.0433589220046997,240500,0.0,0.0
2011-01-11 00:00:00-05:00,1.0433588457895968,1.0503768920898438,1.0410194226562914,1.0503768920898438,224700,0.0,0.0
2011-01-12 00:00:00-05:00,1.0503764165100973,1.0573945711825634,1.0503764165100973,1.0550552606582642,255900,0.0,0.0
2011-01-13 00:00:00-05:00,1.0550556699524747,1.0573949813842773,1.0527162469708444,1.0573949813842773,233900,0.0,0.0
2011-01-14 00:00:00-05:00,1.064413207790007,1.064413207790007,1.0433588457895968,1.0503768920898438,337100,0.0,0.0
2011-01-18 00:00:00-05:00,1.0433588457895968,1.0573950499399254,1.0433588457895968,1.0503768920898438,321300,0.0,0.0
2011-01-19 00:00:00-05:00,1.0550559972604305,1.0573953094179536,1.0363409422509366,1.0410196781158447,458100,0.0,0.0
2011-01-20 00:00:00-05:00,1.0386803659583217,1.0480378376881376,1.0363409422509366,1.0410196781158447,325700,0.0,0.0
2011-01-21 00:00:00-05:00,1.045697860909033,1.0527160167694092,1.0433585499887765,1.0527160167694092,271400,0.0,0.0
2011-01-24 00:00:00-05:00,1.0503768920898438,1.0573950499399254,1.048037580506373,1.0503768920898438,345500,0.0,0.0
2011-01-25 00:00:00-05:00,1.052716779583034,1.0620742531442258,1.050377355417794,1.0597349405288696,280700,0.0,0.0
2011-01-26 00:00:00-05:00,1.0597341726297853,1.062073483550042,1.0503765942993495,1.0527160167694092,329400,0.0,0.0
2011-01-27 00:00:00-05:00,1.0573945711825634,1.059733993256647,1.0527158385841806,1.0550552606582642,288100,0.0,0.0
2011-01-28 00:00:00-05:00,1.0550554392394689,1.0573947501597256,1.0527160167694092,1.0527160167694092,340800,0.0,0.0
2011-01-31 00:00:00-05:00,1.0573953292557494,1.062074065208435,1.0527165933030638,1.062074065208435,250700,0.0,0.0
2011-02-01 00:00:00-05:00,1.062073995261118,1.0714314665502143,1.0597346832137724,1.0690921545028687,318800,0.0,0.0
2011-02-02 00:00:00-05:00,1.0761101337386367,1.0761101337386367,1.064413351146279,1.0714313983917236,312400,0.0,0.0
2011-02-03 00:00:00-05:00,1.0737711695598091,1.0784499064218391,1.0714317453538513,1.0761104822158813,293000,0.0,0.0
2011-02-04 00:00:00-05:00,1.0784491820715807,1.080788493156433,1.0714310257174016,1.080788493156433,405200,0.0,0.0
2011-02-07 00:00:00-05:00,1.086220495647605,1.090943189048764,1.081497802246446,1.0838592052459717,400300,0.043,0.0
2011-02-08 00:00:00-05:00,1.0838583460140443,1.086219634543759,1.0791356563568115,1.0791356563568115,258000,0.0,0.0
2011-02-09 00:00:00-05:00,1.0814974308013916,1.0838588329898833,1.0767747390222617,1.0814974308013916,224100,0.0,0.0
2011-02-10 00:00:00-05:00,1.081497408057068,1.081497408057068,1.0767747163772583,1.0767747163772583,204800,0.0,0.0
2011-02-11 00:00:00-05:00,1.0791361185160888,1.0838588101958984,1.0744134268362793,1.0767747163772583,236700,0.0,0.0
2011-02-14 00:00:00-05:00,1.079135941810692,1.0885813236236572,1.0767745400585342,1.0885813236236572,227600,0.0,0.0
2011-02-15 00:00:00-05:00,1.0909426127779822,1.0909426127779822,1.0838586327171746,1.0885813236236572,271400,0.0,0.0
2011-02-16 00:00:00-05:00,1.1027493085405171,1.1027493085405171,1.0862198353850134,1.0956652164459229,280600,0.0,0.0
2011-02-17 00:00:00-05:00,1.0933034420013428,1.095664729919135,1.0909420414857764,1.0933034420013428,183300,0.0,0.0
2011-02-18 00:00:00-05:00,1.0933039035342098,1.0980265939612288,1.0909425020217896,1.0909425020217896,316600,0.0,0.0
2011-02-22 00:00:00-05:00,1.0980264149857424,1.0980264149857424,1.0767742552292936,1.0791356563568115,588200,0.0,0.0
2011-02-23 00:00:00-05:00,1.0814971211677515,1.0909425020217896,1.0814971211677515,1.0909425020217896,175100,0.0,0.0
2011-02-24 00:00:00-05:00,1.0933045993010728,1.0933045993010728,1.0862205028533936,1.0862205028533936,345600,0.0,0.0
2011-02-25 00:00:00-05:00,1.0885812131071908,1.0956651924488086,1.0862198115947705,1.0909425020217896,452900,0.0,0.0
2011-02-28 00:00:00-05:00,1.0980269987129139,1.1003882884979248,1.0909429041621552,1.1003882884979248,376000,0.0,0.0
2011-03-01 00:00:00-05:00,1.1003875891767485,1.102748990058899,1.0980263008923898,1.102748990058899,317600,0.0,0.0
2011-03-02 00:00:00-05:00,1.0980268068696508,1.1098334789276123,1.0980268068696508,1.1098334789276123,260200,0.0,0.0
2011-03-03 00:00:00-05:00,1.107473073718115,1.1216411590576172,1.1051116698625647,1.1216411590576172,472600,0.0,0.0
2011-03-04 00:00:00-05:00,1.1192790045067145,1.1192790045067145,1.1121950228871242,1.1145563125610352,336800,0.0,0.0
2011-03-07 00:00:00-05:00,1.119279755202067,1.128725258026335,1.1169184639444498,1.1216411590576172,455600,0.0,0.0
2011-03-08 00:00:00-05:00,1.1287245971189905,1.135808579341858,1.1263631946461232,1.133447289466858,476300,0.0,0.0
2011-03-09 00:00:00-05:00,1.1310853958129883,1.1405307764070067,1.1287241069633929,1.1310853958129883,573600,0.0,0.0
2011-03-10 00:00:00-05:00,1.1373375037906692,1.1397419631951424,1.1012696954723566,1.1132923364639282,888500,0.086,0.0
2011-03-11 00:00:00-05:00,1.1108878612070834,1.1277195371610373,1.108483401588754,1.120505928993225,324000,0.0,0.0
2011-03-14 00:00:00-04:00,1.118100645080455,1.1205051029261521,1.113291614732733,1.1156960725784302,217400,0.0,0.0
2011-03-15 00:00:00-04:00,1.1108878612070834,1.120505928993225,1.0868426917417289,1.120505928993225,424500,0.0,0.0
2011-03-16 00:00:00-04:00,1.1156964576268695,1.1205054896342814,1.1012693616046338,1.1036739349365234,310200,0.0,0.0
2011-03-17 00:00:00-04:00,1.1301239967793668,1.1301239967793668,1.108483401588754,1.120505928993225,359900,0.0,0.0
2011-03-18 00:00:00-04:00,1.1253148627990979,1.1277194368599728,1.1132923364639282,1.1132923364639282,284900,0.0,0.0
2011-03-21 00:00:00-04:00,1.1181008560368373,1.1301233768463135,1.1156962830811326,1.1301233768463135,373000,0.0,0.0
2011-03-22 00:00:00-04:00,1.1301238502999245,1.1325284242630005,1.12531481703017,1.1325284242630005,207400,0.0,0.0
2011-03-23 00:00:00-04:00,1.1325282836082566,1.1445509226176862,1.1301237099438177,1.142146348953247,368800,0.0,0.0
2011-03-24 00:00:00-04:00,1.144551165140201,1.1469556246577455,1.1397420167922974,1.1397420167922974,255200,0.0,0.0
2011-03-25 00:00:00-04:00,1.1421462428816644,1.146955275107543,1.1349326372146606,1.1349326372146606,279600,0.0,0.0
2011-03-28 00:00:00-04:00,1.1397417084235655,1.146955314337299,1.1156965464717472,1.1181011199951172,689700,0.0,0.0
2011-03-29 00:00:00-04:00,1.1181013699292763,1.1253148627990979,1.1084833029985801,1.1132923364639282,534700,0.0,0.0
2011-03-30 00:00:00-04:00,1.1229098941914655,1.1301233837902036,1.1156962899363774,1.1277189254760742,286300,0.0,0.0
2011-03-31 00:00:00-04:00,1.1421462713274861,1.1421462713274861,1.1205055684438725,1.1229101419448853,265800,0.0,0.0
2011-04-01 00:00:00-04:00,1.1445510647655859,1.1445510647655859,1.1229103577234911,1.1325284242630005,270400,0.0,0.0
2011-04-04 00:00:00-04:00,1.134932975972366,1.1493601916126461,1.132528516469924,1.144551157951355,444200,0.0,0.0
2011-04-05 00:00:00-04:00,1.1493599338894973,1.15416896647245,1.1445509013065447,1.1517643928527832,361700,0.0,0.0
2011-04-06 00:00:00-04:00,1.15416896647245,1.1565734254357358,1.1469553602698306,1.1517643928527832,372300,0.0,0.0
2011-04-07 00:00:00-04:00,1.1397416694405391,1.1517643073334214,1.125314572762904,1.1349326372146606,845100,0.0,0.0
2011-04-08 00:00:00-04:00,1.1332342001567222,1.1380874468415474,1.1259542722742202,1.1308075189590454,508600,0.043,0.0
2011-04-11 00:00:00-04:00,1.1332344381930874,1.135661004189937,1.125954508781433,1.125954508781433,326800,0.0,0.0
2011-04-12 00:00:00-04:00,1.1308070341376013,1.1308070341376013,1.1211005449295044,1.1211005449295044,347500,0.0,0.0
2011-04-13 00:00:00-04:00,1.1356607086224522,1.1356607086224522,1.1259542157401636,1.1332341432571411,285700,0.0,0.0
2011-04-14 00:00:00-04:00,1.1308075189590454,1.1332342001567222,1.1259542722742202,1.1308075189590454,201100,0.0,0.0
2011-04-15 00:00:00-04:00,1.1308074021623948,1.1356606483459473,1.1259541559788422,1.1356606483459473,168000,0.0,0.0
2011-04-18 00:00:00-04:00,1.1332346202067378,1.1380878686904907,1.1259546896258228,1.1380878686904907,280500,0.0,0.0
2011-04-19 00:00:00-04:00,1.1405144350770817,1.1453676835608346,1.1356611865933288,1.1380878686904907,241500,0.0,0.0
2011-04-20 00:00:00-04:00,1.1405146731016524,1.1477946052018837,1.1405146731016524,1.1429413557052612,222100,0.0,0.0
2011-04-21 00:00:00-04:00,1.145367741718771,1.147794423939152,1.1405144929885864,1.1405144929885864,309500,0.0,0.0
2011-04-25 00:00:00-04:00,1.1405138945295,1.1429405754765343,1.1332340831094292,1.1356606483459473,318800,0.0,0.0
2011-04-26 00:00:00-04:00,1.1308081741084073,1.1477946052018837,1.1308081741084073,1.1429413557052612,300800,0.0,0.0
2011-04-27 00:00:00-04:00,1.1477943656579965,1.1502209320445875,1.1380878686904907,1.1380878686904907,240300,0.0,0.0
2011-04-28 00:00:00-04:00,1.145367741718771,1.147794423939152,1.1380879264787827,1.1405144929885864,421000,0.0,0.0
2011-04-29 00:00:00-04:00,1.155073753656844,1.155073753656844,1.1405138993343316,1.14536714553833,301000,0.0,0.0
2011-05-02 00:00:00-04:00,1.1526471397517748,1.1575003862380981,1.1477938932654514,1.1575003862380981,378000,0.0,0.0
2011-05-03 00:00:00-04:00,1.1550738208501983,1.1575003862380981,1.1502204586533513,1.1575003862380981,180000,0.0,0.0
2011-05-04 00:00:00-04:00,1.1575006279459341,1.1720603704452515,1.1550740620513216,1.1720603704452515,935900,0.0,0.0
2011-05-05 00:00:00-04:00,1.1769134998321533,1.181766746844863,1.1647804401556474,1.1769134998321533,986300,0.0,0.0
2011-05-06 00:00:00-04:00,1.1817668654447964,1.1817668654447964,1.1696338045506391,1.1720603704452515,489800,0.0,0.0
2011-05-09 00:00:00-04:00,1.1841934282064857,1.1841934282064857,1.1720602528194437,1.1769134998321533,592300,0.0,0.0
2011-05-10 00:00:00-04:00,1.1800958093040557,1.1800958093040557,1.1727507635338865,1.1751991510391235,366500,0.043,0.0
2011-05-11 00:00:00-04:00,1.175199538387839,1.182544469833374,1.1703028785089555,1.182544469833374,243000,0.0,0.0
2011-05-12 00:00:00-04:00,1.175199538387839,1.184992858145606,1.1703028785089555,1.182544469833374,252000,0.0,0.0
2011-05-13 00:00:00-04:00,1.1800965070724487,1.1874414404399938,1.1776481181195264,1.1800965070724487,161000,0.0,0.0
2011-05-16 00:00:00-04:00,1.1874413093454403,1.202131291204355,1.1825446487258022,1.1972346305847168,473800,0.0,0.0
2011-05-17 00:00:00-04:00,1.194785714149475,1.1972339847658349,1.184992398192966,1.194785714149475,339900,0.0,0.0
2011-05-18 00:00:00-04:00,1.1947859165080457,1.2070275051542487,1.1923375287314721,1.20457923412323,354800,0.0,0.0
2011-05-19 00:00:00-04:00,1.2021308955041974,1.209475942388717,1.197234236496371,1.207027554512024,286200,0.0,0.0
2011-05-20 00:00:00-04:00,1.2021308955041974,1.207027554512024,1.199682624373064,1.207027554512024,243600,0.0,0.0
2011-05-23 00:00:00-04:00,1.1972346417024033,1.211924623697731,1.1972346417024033,1.209476351737976,317700,0.0,0.0
2011-05-24 00:00:00-04:00,1.2070281596817376,1.219269871711731,1.2070281596817376,1.219269871711731,275100,0.0,0.0
2011-05-25 00:00:00-04:00,1.2217173752392996,1.236407467129012,1.2143724460399878,1.2168207168579102,448800,0.0,0.0
2011-05-26 00:00:00-04:00,1.229063132827874,1.236408183025611,1.221718082630137,1.2339597940444946,357000,0.0,0.0
2011-05-27 00:00:00-04:00,1.2437530755996704,1.248649736655354,1.2364081423889495,1.2437530755996704,322600,0.0,0.0
2011-05-31 00:00:00-04:00,1.2413048950596617,1.253546490229562,1.2364082336425781,1.2364082336425781,451000,0.0,0.0
2011-06-01 00:00:00-04:00,1.238856414543987,1.2535463977110373,1.2364081423889495,1.2437530755996704,392600,0.0,0.0
2011-06-02 00:00:00-04:00,1.2462010198297306,1.2535459504196267,1.2462010198297306,1.2510976791381836,314800,0.0,0.0
2011-06-03 00:00:00-04:00,1.251098025647221,1.251098025647221,1.2339596549481415,1.238856315612793,358300,0.0,0.0
2011-06-06 00:00:00-04:00,1.2559946863118725,1.2584429582713985,1.236408043653267,1.238856315612793,586900,0.0,0.0
2011-06-07 00:00:00-04:00,1.243753167395395,1.2462015564767452,1.226614910808411,1.2364082336425781,490400,0.0,0.0
2011-06-08 00:00:00-04:00,1.2364082336425781,1.2413048950596617,1.2290631831441443,1.2364082336425781,440400,0.0,0.0
2011-06-09 00:00:00-04:00,1.2339597940444946,1.2413048442422314,1.2315115218089905,1.2339597940444946,394500,0.0,0.0
2011-06-10 00:00:00-04:00,1.2223532216933293,1.2297614751324655,1.1729652579330672,1.1828428506851196,1199000,0.043,0.0
2011-06-13 00:00:00-04:00,1.1853126186058836,1.1853126186058836,1.1112305357866816,1.1161693334579468,2268800,0.0,0.0
2011-06-14 00:00:00-04:00,1.1235772880542965,1.1754347085952759,1.121107831004634,1.1754347085952759,632900,0.0,0.0
2011-06-15 00:00:00-04:00,1.168026711787091,1.168026711787091,1.1433327246166891,1.1507408618927002,317300,0.0,0.0
2011-06-16 00:00:00-04:00,1.1507403594512022,1.1704955405619266,1.126046383062797,1.1285158395767212,455300,0.0,0.0
2011-06-17 00:00:00-04:00,1.12604648057724,1.1458016633987427,1.1235771415996412,1.1458016633987427,390300,0.0,0.0
2011-06-20 00:00:00-04:00,1.1482714850508038,1.1606184193630484,1.1458020275382257,1.1532102823257446,366900,0.0,0.0
2011-06-21 00:00:00-04:00,1.1532100945611692,1.1729652804444122,1.1532100945611692,1.1655570268630981,335700,0.0,0.0
2011-06-22 00:00:00-04:00,1.1655570268630981,1.1828428733860337,1.1630876875027907,1.1655570268630981,300400,0.0,0.0
2011-06-23 00:00:00-04:00,1.165556924392054,1.1803734302520752,1.1556793323188306,1.1803734302520752,283900,0.0,0.0
2011-06-24 00:00:00-04:00,1.1803739920469798,1.1902515888214111,1.1704962775223064,1.1902515888214111,345900,0.0,0.0
2011-06-27 00:00:00-04:00,1.1853124467615286,1.2050676345825195,1.1853124467615286,1.2050676345825195,272200,0.0,0.0
2011-06-28 00:00:00-04:00,1.2198840254482628,1.2198840254482628,1.1951900406720242,1.2050676345825195,287600,0.0,0.0
2011-06-29 00:00:00-04:00,1.2025978943194613,1.2100061468846504,1.1927203027326625,1.2001285552978516,304900,0.0,0.0
2011-06-30 00:00:00-04:00,1.2001291462582844,1.202598486495832,1.1877820918198332,1.192720890045166,542000,0.0,0.0
2011-07-01 00:00:00-04:00,1.1927203027326625,1.2075366901128606,1.1902509637110528,1.2001285552978516,209800,0.0,0.0
2011-07-05 00:00:00-04:00,1.2100067986916978,1.2223537359511605,1.2001292017840304,1.2198843955993652,259600,0.0,0.0
2011-07-06 00:00:00-04:00,1.2223526239395142,1.2223526239395142,1.2124750360177912,1.2223526239395142,267900,0.0,0.0
2011-07-07 00:00:00-04:00,1.2223534647912073,1.232231059507685,1.2174146674329682,1.2297617197036743,324900,0.0,0.0
2011-07-08 00:00:00-04:00,1.2198842003833885,1.2297617957103615,1.2050678073929293,1.224822998046875,276500,0.0,0.0
2011-07-11 00:00:00-04:00,1.2100066050564158,1.224822998046875,1.2075371473495604,1.224822998046875,357200,0.0,0.0
2011-07-12 00:00:00-04:00,1.2081336405637961,1.215606684565059,1.1931876713412757,1.2106246948242188,367400,0.043,0.0
2011-07-13 00:00:00-04:00,1.208133270873069,1.2131152590894128,1.2006603479385376,1.2006603479385376,379000,0.0,0.0
2011-07-14 00:00:00-04:00,1.2081332643937095,1.2106243178785057,1.193187299824835,1.1956783533096313,234700,0.0,0.0
2011-07-15 00:00:00-04:00,1.1956771497626804,1.2006591329375313,1.1857131834129788,1.1906951665878296,306500,0.0,0.0
2011-07-18 00:00:00-04:00,1.188205285171363,1.1931872732500282,1.1732593209353668,1.1757502555847168,360800,0.0,0.0
2011-07-19 00:00:00-04:00,1.1732579715284803,1.1956769514875687,1.1732579715284803,1.1832219362258911,243400,0.0,0.0
2011-07-20 00:00:00-04:00,1.183223001313873,1.193186974980437,1.1782410144805908,1.1782410144805908,328500,0.0,0.0
2011-07-21 00:00:00-04:00,1.1807322009195345,1.1931872300552941,1.1807322009195345,1.1882052421569824,361500,0.0,0.0
2011-07-22 00:00:00-04:00,1.1882057765684844,1.1956788211670344,1.185714840888977,1.185714840888977,301600,0.0,0.0
2011-07-25 00:00:00-04:00,1.1832227530086805,1.1832227530086805,1.1732587814331055,1.1732587814331055,477200,0.0,0.0
2011-07-26 00:00:00-04:00,1.178240767220893,1.1857138052925293,1.165785743361469,1.1732587814331055,466400,0.0,0.0
2011-07-27 00:00:00-04:00,1.168277582880943,1.1732595720258088,1.1259306157595883,1.1334036588668823,840400,0.0,0.0
2011-07-28 00:00:00-04:00,1.158313808306786,1.160804743927311,1.1334038582014814,1.15582275390625,425000,0.0,0.0
2011-07-29 00:00:00-04:00,1.1408759520348883,1.1583129637853506,1.1334030318417794,1.150839924812317,647600,0.0,0.0
2011-08-01 00:00:00-04:00,1.178241266360359,1.1956782833944306,1.1707682251229108,1.1882052421569824,623600,0.0,0.0
2011-08-02 00:00:00-04:00,1.193187766707513,1.193187766707513,1.1807327319699341,1.185714840888977,408000,0.0,0.0
2011-08-03 00:00:00-04:00,1.1782417962904268,1.1882057765684844,1.1707687516918766,1.185714840888977,468600,0.0,0.0
2011-08-04 00:00:00-04:00,1.1782412322750146,1.190696261050463,1.1632952690124512,1.1632952690124512,435600,0.0,0.0
2011-08-05 00:00:00-04:00,1.1558218775142557,1.1657858500012812,1.0561820338640788,1.130911946296692,1508300,0.0,0.0
2011-08-08 00:00:00-04:00,1.0636557014210608,1.0736196797984954,1.0163267447382511,1.0337637662887573,1508500,0.0,0.0
2011-08-09 00:00:00-04:00,1.0798255847372817,1.0974451597881185,1.0471035682243857,1.0949280261993408,975500,0.043,0.0
2011-08-10 00:00:00-04:00,1.0949276839600925,1.0949276839600925,1.0596886648965407,1.072274088859558,585200,0.0,0.0
2011-08-11 00:00:00-04:00,1.0722746592073904,1.120099007648453,1.0722746592073904,1.1150648593902588,538500,0.0,0.0
2011-08-12 00:00:00-04:00,1.1301677592623949,1.1377190447022292,1.1075141429901123,1.1075141429901123,358000,0.0,0.0
2011-08-15 00:00:00-04:00,1.1301670327316242,1.1301670327316242,1.1075134310222674,1.1175817251205444,500000,0.0,0.0
2011-08-16 00:00:00-04:00,1.1150653328224198,1.1251336336135864,1.0999628816356697,1.1251336336135864,434400,0.0,0.0
2011-08-17 00:00:00-04:00,1.1200997143015072,1.1427534557670458,1.1200997143015072,1.1352022886276245,280700,0.0,0.0
2011-08-18 00:00:00-04:00,1.1200991876454456,1.1226163221908205,1.1075138749893148,1.1100308895111084,338400,0.0,0.0
2011-08-19 00:00:00-04:00,1.1075143028438317,1.1200996203619176,1.0848605632781982,1.0848605632781982,459300,0.0,0.0
2011-08-22 00:00:00-04:00,1.1024799373715937,1.1049969523761367,1.084860352245376,1.0924116373062134,224400,0.0,0.0
2011-08-23 00:00:00-04:00,1.0974454004983607,1.125133155906647,1.0949282663574826,1.1150648593902588,230300,0.0,0.0
2011-08-24 00:00:00-04:00,1.1200991876454456,1.1200991876454456,1.0999625913767712,1.1100308895111084,248300,0.0,0.0
2011-08-25 00:00:00-04:00,1.1226165938461707,1.125133608977042,1.1024799927047595,1.1075141429901123,237300,0.0,0.0
2011-08-26 00:00:00-04:00,1.1075138442636232,1.1276504399736489,1.1024796953361167,1.1226162910461426,189400,0.0,0.0
2011-08-29 00:00:00-04:00,1.1326851528987258,1.1452705914959445,1.130168017169827,1.1352022886276245,306500,0.0,0.0
2011-08-30 00:00:00-04:00,1.1427529745078038,1.1553384078047901,1.1352018105484816,1.1452701091766357,176200,0.0,0.0
2011-08-31 00:00:00-04:00,1.1503043461767335,1.1654067952702027,1.147787211316024,1.15785551071167,231800,0.0,0.0
2011-09-01 00:00:00-04:00,1.152821064574869,1.1729576581881926,1.152821064574869,1.1628893613815308,224100,0.0,0.0
2011-09-02 00:00:00-04:00,1.1528213908462472,1.1654068254282854,1.1427530911900563,1.1553385257720947,333500,0.0,0.0
2011-09-06 00:00:00-04:00,1.120098807727143,1.1528208255767822,1.120098807727143,1.1528208255767822,458800,0.0,0.0
2011-09-07 00:00:00-04:00,1.16037267560019,1.16037267560019,1.1477872410181518,1.1553385257720947,235400,0.0,0.0
2011-09-08 00:00:00-04:00,1.152821212068345,1.1654066446986517,1.152821212068345,1.1603724956512451,340400,0.0,0.0
2011-09-09 00:00:00-04:00,1.1603726455723795,1.1654067952702027,1.147787211316024,1.15785551071167,313900,0.0,0.0
2011-09-12 00:00:00-04:00,1.1332092419710607,1.1586174964904785,1.1332092419710607,1.1586174964904785,383800,0.043,0.0
2011-09-13 00:00:00-04:00,1.153535845586595,1.166240033424361,1.1382908928749442,1.1586174964904785,248000,0.0,0.0
2011-09-14 00:00:00-04:00,1.1662400936636172,1.1662400936636172,1.150995140164526,1.1611584424972534,175000,0.0,0.0
2011-09-15 00:00:00-04:00,1.1560770245136038,1.158617790031202,1.143372833457177,1.1459137201309204,281000,0.0,0.0
2011-09-16 00:00:00-04:00,1.145913481195965,1.1484542461837872,1.1382909439202589,1.140831708908081,175500,0.0,0.0
2011-09-19 00:00:00-04:00,1.1433727741241455,1.148454426051785,1.1408318875822565,1.1433727741241455,196300,0.0,0.0
2011-09-20 00:00:00-04:00,1.1509950807127103,1.1586174964904785,1.1484541946827114,1.1586174964904785,230100,0.0,0.0
2011-09-21 00:00:00-04:00,1.1636987663267633,1.1636987663267633,1.1332088708877566,1.1332088708877563,361900,0.0,0.0
2011-09-22 00:00:00-04:00,1.1179639559595862,1.123045605348472,1.1001781225204468,1.1001781225204468,516400,0.0,0.0
2011-09-23 00:00:00-04:00,1.0925557691896877,1.1078007181959888,1.0900148837772616,1.1027190685272217,417900,0.0,0.0
2011-09-26 00:00:00-04:00,1.1103419608367593,1.1179644992020792,1.0925562399112418,1.0976378917694092,519400,0.0,0.0
2011-09-27 00:00:00-04:00,1.1078010886574248,1.135750110604076,1.097637785921165,1.1281276941299438,390100,0.0,0.0
2011-09-28 00:00:00-04:00,1.1357498570382782,1.1408315072718864,1.1052599556366287,1.107800841331482,354000,0.0,0.0
2011-09-29 00:00:00-04:00,1.1154230706871042,1.1332089041262436,1.1001781225204468,1.1001781225204468,270200,0.0,0.0
2011-09-30 00:00:00-04:00,1.1027190525274815,1.1103414663419933,1.0798515687717796,1.0823924541473389,329500,0.0,0.0
2011-10-03 00:00:00-04:00,1.0823926227046246,1.0900150377061488,1.0493618346150801,1.064606785774231,432200,0.0,0.0
2011-10-04 00:00:00-04:00,1.0442801614358448,1.056984226546469,1.0061677237917732,1.029035210609436,907200,0.0,0.0
2011-10-05 00:00:00-04:00,1.034117285492795,1.0620663129056804,1.0315763987337239,1.0468213558197021,315200,0.0,0.0
2011-10-06 00:00:00-04:00,1.0468208963007948,1.0900149829950672,1.0468208963007948,1.0722291469573975,432600,0.0,0.0
2011-10-07 00:00:00-04:00,1.0823928629910997,1.0874745145055877,1.0595253705978394,1.0595253705978394,293000,0.0,0.0
2011-10-10 00:00:00-04:00,1.084933061465584,1.1078005419142287,1.0773105275973474,1.105259656906128,244000,0.0,0.0
2011-10-11 00:00:00-04:00,1.1027189024159079,1.1179638491257415,1.0976372535126298,1.1154229640960693,256500,0.0,0.0
2011-10-12 00:00:00-04:00,1.1187593936920168,1.1238913124649554,1.1059295355823722,1.1187593936920166,289700,0.043,0.0
2011-10-13 00:00:00-04:00,1.111061454355311,1.1187593936920168,1.0930997998273226,1.1187593936920166,194800,0.0,0.0
2011-10-14 00:00:00-04:00,1.1187597906412414,1.131589530948435,1.1161937691670198,1.1238917112350464,203800,0.0,0.0
2011-10-17 00:00:00-04:00,1.1161932528298286,1.131589007489358,1.1059294163901423,1.1110613346099854,204900,0.0,0.0
2011-10-18 00:00:00-04:00,1.1084953546524048,1.1213250880753645,1.100797416714971,1.1084953546524048,311000,0.0,0.0
2011-10-19 00:00:00-04:00,1.113627590980681,1.1161934894572694,1.1033637523651123,1.1033637523651123,266000,0.0,0.0
2011-10-20 00:00:00-04:00,1.1033630883172731,1.1161928176879883,1.1033630883172731,1.1161928176879883,304700,0.0,0.0
2011-10-21 00:00:00-04:00,1.1161930985113946,1.1367207685527299,1.1161930985113946,1.1213250160217285,183500,0.0,0.0
2011-10-24 00:00:00-04:00,1.1187586709594577,1.152116060256958,1.1187586709594577,1.152116060256958,274800,0.0,0.0
2011-10-25 00:00:00-04:00,1.1469857692718506,1.149551791812186,1.1290241009082578,1.1469857692718506,336500,0.0,0.0
2011-10-26 00:00:00-04:00,1.1444187241910735,1.159814476966858,1.1341548890072173,1.159814476966858,304800,0.0,0.0
2011-10-27 00:00:00-04:00,1.1752105920512566,1.1752105920512566,1.162380855293408,1.1675127744674683,350100,0.0,0.0
2011-10-28 00:00:00-04:00,1.1726440147358006,1.1777759309387228,1.1598141630512282,1.1649460792541504,351600,0.0,0.0
2011-10-31 00:00:00-04:00,1.1649462447441858,1.1803419955400434,1.162380347455485,1.1777760982513428,365700,0.0,0.0
2011-11-01 00:00:00-04:00,1.1598141630512282,1.1675120985328784,1.1290226658336948,1.1649460792541504,428000,0.0,0.0
2011-11-02 00:00:00-04:00,1.1675122643874376,1.1803419955400434,1.1675122643874376,1.1777760982513428,228400,0.0,0.0
2011-11-03 00:00:00-04:00,1.1803418081767167,1.190605640411377,1.1752098920593865,1.190605640411377,231200,0.0,0.0
2011-11-04 00:00:00-04:00,1.1854742774700668,1.1957381144941255,1.1752104404460084,1.1931722164154053,308400,0.0,0.0
2011-11-07 00:00:00-05:00,1.1906060002322816,1.1983039379119873,1.1880401025754255,1.1983039379119873,305400,0.0,0.0
2011-11-08 00:00:00-05:00,1.199080842577496,1.2016705857332035,1.1809521465209887,1.183542013168335,368400,0.043,0.0
2011-11-09 00:00:00-05:00,1.1705925950798564,1.175772203414615,1.1602333784103394,1.1602333784103394,311400,0.0,0.0
2011-11-10 00:00:00-05:00,1.1757724042294433,1.1757724042294433,1.157643710215715,1.1628233194351196,226500,0.0,0.0
2011-11-11 00:00:00-05:00,1.1654136180877686,1.178362707685412,1.1602340069470454,1.1654136180877686,190800,0.0,0.0
2011-11-14 00:00:00-05:00,1.1654130714107473,1.1680029375120788,1.1550538539886477,1.1550538539886475,254300,0.0,0.0
2011-11-15 00:00:00-05:00,1.155053770075581,1.165412986745098,1.155053770075581,1.1602333784103394,130100,0.0,0.0
2011-11-16 00:00:00-05:00,1.1602333784103394,1.1705925950798564,1.1602333784103394,1.1602333784103394,160200,0.0,0.0
2011-11-17 00:00:00-05:00,1.165412986745098,1.1705925950798564,1.1576435124971582,1.1602333784103394,157900,0.0,0.0
2011-11-18 00:00:00-05:00,1.1602335765712297,1.1628233194351196,1.147284491776906,1.1628233194351196,206800,0.0,0.0
2011-11-21 00:00:00-05:00,1.1550541558807912,1.1550541558807912,1.136925458908081,1.136925458908081,356400,0.0,0.0
2011-11-22 00:00:00-05:00,1.1395151780113553,1.1550540061920829,1.1187967404370516,1.1239763498306274,592300,0.0,0.0
2011-11-23 00:00:00-05:00,1.1239764803317107,1.1239764803317107,1.1162070035934448,1.1162070035934448,318600,0.0,0.0
2011-11-25 00:00:00-05:00,1.1110275450318257,1.1291562442309635,1.1084378014271832,1.1213867664337158,137800,0.0,0.0
2011-11-28 00:00:00-05:00,1.1602337502964502,1.1602337502964502,1.1162070035934448,1.1162070035934448,336000,0.0,0.0
2011-11-29 00:00:00-05:00,1.1291562972538132,1.139515519142151,1.1213868190917269,1.1395155191421509,135100,0.0,0.0
2011-11-30 00:00:00-05:00,1.1421058775926993,1.1550549736686446,1.1421058775926993,1.1524651050567627,289000,0.0,0.0
2011-12-01 00:00:00-05:00,1.1524651050567627,1.1602345874006763,1.149875359936613,1.1524651050567627,180900,0.0,0.0
2011-12-02 00:00:00-05:00,1.1576439214867427,1.1602337883149103,1.1498745679855344,1.1498745679855347,307500,0.0,0.0
2011-12-05 00:00:00-05:00,1.155054223467728,1.1576439669058545,1.1369255254342336,1.147284746170044,455600,0.0,0.0
2011-12-06 00:00:00-05:00,1.1472847284638963,1.1472847284638963,1.1289909737232495,1.1316043138504028,350400,0.04,0.0
2011-12-07 00:00:00-05:00,1.131604684054574,1.1498985693969181,1.1289913430724667,1.1472851037979126,215300,0.0,0.0
2011-12-08 00:00:00-05:00,1.1446715993046637,1.1472849399134668,1.1289911818012015,1.1420581340789795,258900,0.0,0.0
2011-12-09 00:00:00-05:00,1.1368312885474048,1.1498983649857735,1.1342179480298569,1.1446715593338013,264300,0.0,0.0
2011-12-12 00:00:00-05:00,1.1498982740301278,1.1498982740301278,1.1342178583145142,1.1342178583145142,225200,0.0,0.0
2011-12-13 00:00:00-05:00,1.1368310330027398,1.1472846419568505,1.123764084118526,1.128990888595581,362800,0.0,0.0
2011-12-14 00:00:00-05:00,1.1394444975496918,1.1394444975496918,1.128990888595581,1.128990888595581,186800,0.0,0.0
2011-12-15 00:00:00-05:00,1.1368318043138614,1.149898886680603,1.134218462610673,1.149898886680603,170600,0.0,0.0
2011-12-16 00:00:00-05:00,1.136831227625764,1.1394446926201354,1.1211508115101452,1.1237642765045166,539300,0.0,0.0
2011-12-19 00:00:00-05:00,1.1263777904242802,1.1368314027786255,1.1237644496441384,1.1368314027786255,203700,0.0,0.0
2011-12-20 00:00:00-05:00,1.1394447934701761,1.1472849399134668,1.1342179876356888,1.1420581340789795,246300,0.0,0.0
2011-12-21 00:00:00-05:00,1.13944422987078,1.165578246116638,1.1368307659377848,1.1655782461166382,364800,0.0,0.0
2011-12-22 00:00:00-05:00,1.1734187208816265,1.1786456502273823,1.1577383066949223,1.1760321855545044,325200,0.0,0.0
2011-12-23 00:00:00-05:00,1.18125914997063,1.1838726149968064,1.1681920740734908,1.1734188795089722,175500,0.0,0.0
2011-12-27 00:00:00-05:00,1.1786923810227747,1.1839661676548032,1.1707817639432279,1.1760555505752563,131300,0.04,0.0
2011-12-28 00:00:00-05:00,1.1707819608593597,1.181329535897434,1.1707819608593597,1.1786925792694092,187800,0.0,0.0
2011-12-29 00:00:00-05:00,1.168145148951208,1.1786927252960069,1.160234529561123,1.1628713607788086,150600,0.0,0.0
2011-12-30 00:00:00-05:00,1.1628705607394023,1.1707813004240322,1.1628705607394023,1.1681443452835083,133700,0.0,0.0
2012-01-03 00:00:00-05:00,1.168145013375442,1.1813295451447483,1.168145013375442,1.1707819700241089,146300,0.0,0.0
2012-01-04 00:00:00-05:00,1.168145152878042,1.1866034744120035,1.168145152878042,1.1839665174484253,216200,0.0,0.0
2012-01-05 00:00:00-05:00,1.1786923810227747,1.1786923810227747,1.168144807758718,1.1760555505752563,214400,0.0,0.0
2012-01-06 00:00:00-05:00,1.17605558276859,1.186603156321376,1.173418626511896,1.181329369544983,180200,0.0,0.0
2012-01-09 00:00:00-05:00,1.191876943097769,1.1945138993544628,1.178692413288289,1.181329369544983,211200,0.0,0.0
2012-01-10 00:00:00-05:00,1.1892398595809937,1.1918766895397375,1.1760553325763698,1.1892398595809937,320100,0.0,0.0
2012-01-11 00:00:00-05:00,1.181329369544983,1.1892401125780698,1.178692413288289,1.181329369544983,241500,0.0,0.0
2012-01-12 00:00:00-05:00,1.1839663667884464,1.1866033234164712,1.1786925792694092,1.1786925792694092,168300,0.0,0.0
2012-01-13 00:00:00-05:00,1.1866041421890259,1.1866041421890259,1.178693392583442,1.1866041421890259,198700,0.0,0.0
2012-01-17 00:00:00-05:00,1.1892401125780698,1.191876943097769,1.181329369544983,1.181329369544983,217000,0.0,0.0
2012-01-18 00:00:00-05:00,1.1786925792694092,1.1839663667884464,1.173418791750372,1.1786925792694092,359500,0.0,0.0
2012-01-19 00:00:00-05:00,1.183966936459218,1.183966936459218,1.170782524186395,1.1734193563461304,329600,0.0,0.0
2012-01-20 00:00:00-05:00,1.1734185943907465,1.1839661676548032,1.1707817639432279,1.1760555505752563,248000,0.0,0.0
2012-01-23 00:00:00-05:00,1.1786927127439069,1.1918772459030151,1.1760558815543014,1.1918772459030151,324600,0.0,0.0
2012-01-24 00:00:00-05:00,1.1813303510310031,1.189241100636587,1.178693392583442,1.1866041421890259,291700,0.0,0.0
2012-01-25 00:00:00-05:00,1.1839659812106627,1.1945136785507202,1.181329151178377,1.1945136785507202,190300,0.0,0.0
2012-01-26 00:00:00-05:00,1.1945139721798428,1.2129721641540527,1.1892401850819252,1.2129721641540527,380700,0.0,0.0
2012-01-27 00:00:00-05:00,1.2103354930877686,1.2129723241159607,1.1997879175009616,1.2103354930877686,237300,0.0,0.0
2012-01-30 00:00:00-05:00,1.2024245899582178,1.2129721641540527,1.2024245899582178,1.2129721641540527,242300,0.0,0.0
2012-01-31 00:00:00-05:00,1.2156082485599415,1.2156082485599415,1.20506068193036,1.2076975107192993,197800,0.0,0.0
2012-02-01 00:00:00-05:00,1.205062445249798,1.218246859960543,1.2024254868653912,1.2156100273132324,344600,0.0,0.0
2012-02-02 00:00:00-05:00,1.2182459512519703,1.2208829076694303,1.2129721641540527,1.2129721641540527,215500,0.0,0.0
2012-02-03 00:00:00-05:00,1.2182462048349165,1.2261569499969482,1.2182462048349165,1.2261569499969482,374700,0.0,0.0
2012-02-06 00:00:00-05:00,1.2261564333171509,1.2314302192905526,1.2235194774619622,1.2287932634353638,431300,0.0,0.0
2012-02-07 00:00:00-05:00,1.2341122873355062,1.2341122873355062,1.218153953552246,1.218153953552246,499600,0.04,0.0
2012-02-08 00:00:00-05:00,1.2234744311505679,1.2234744311505679,1.21017587184906,1.21017587184906,291100,0.0,0.0
2012-02-09 00:00:00-05:00,1.2181544912281397,1.220814278112123,1.2075155973434448,1.2075155973434448,344000,0.0,0.0
2012-02-10 00:00:00-05:00,1.2048557697500424,1.2075154294385813,1.1995363235473633,1.1995363235473633,433800,0.0,0.0
2012-02-13 00:00:00-05:00,1.2021965980529785,1.2101758348504708,1.2021965980529785,1.2021965980529785,356000,0.0,0.0
2012-02-14 00:00:00-05:00,1.1995367650760778,1.2181547702256192,1.1995367650760778,1.2154951095581055,319700,0.0,0.0
2012-02-15 00:00:00-05:00,1.2154952837735769,1.2154952837735769,1.2021965980529785,1.2021965980529785,270900,0.0,0.0
2012-02-16 00:00:00-05:00,1.2048558478533262,1.2128349542617798,1.2048558478533262,1.2128349542617798,231200,0.0,0.0
2012-02-17 00:00:00-05:00,1.2154953209347972,1.2154953209347972,1.2075160838933565,1.21017587184906,220500,0.0,0.0
2012-02-21 00:00:00-05:00,1.212834994558685,1.2208142280578613,1.2101753346093687,1.2208142280578613,242700,0.0,0.0
2012-02-22 00:00:00-05:00,1.2128353220649435,1.2208145577187814,1.2128353220649435,1.2154951095581055,204300,0.0,0.0
2012-02-23 00:00:00-05:00,1.2181548157852713,1.2234742641448975,1.2181548157852713,1.2234742641448975,164700,0.0,0.0
2012-02-24 00:00:00-05:00,1.2261330211687569,1.2314524650573733,1.2234732358116756,1.231452465057373,268900,0.0,0.0
2012-02-27 00:00:00-05:00,1.2314528111213214,1.2314528111213214,1.2234735796332932,1.2287930250167847,482000,0.0,0.0
2012-02-28 00:00:00-05:00,1.2261343002319338,1.2314537496696256,1.2234745121002484,1.2261343002319336,274700,0.0,0.0
2012-02-29 00:00:00-05:00,1.2261333657378297,1.2341124704002762,1.2261333657378297,1.2287930250167847,338900,0.0,0.0
2012-03-01 00:00:00-05:00,1.2287934117147707,1.2341128587722778,1.226133751598828,1.2341128587722778,257000,0.0,0.0
2012-03-02 00:00:00-05:00,1.2261343002319338,1.2314537496696256,1.2261343002319338,1.2261343002319336,254300,0.0,0.0
2012-03-05 00:00:00-05:00,1.2234745121002484,1.2341134109756322,1.2234745121002484,1.2261343002319336,348900,0.0,0.0
2012-03-06 00:00:00-05:00,1.2287937125045236,1.2287937125045236,1.2234742641448975,1.2234742641448975,390200,0.0,0.0
2012-03-07 00:00:00-05:00,1.2234742641448975,1.226134051737537,1.2208146033779108,1.2234742641448975,238300,0.0,0.0
2012-03-08 00:00:00-05:00,1.2287938961332248,1.2394327944423347,1.22347444697867,1.236773133277893,368800,0.0,0.0
2012-03-09 00:00:00-05:00,1.2367726457138424,1.2394323058297851,1.2341128587722778,1.2341128587722778,365000,0.0,0.0
2012-03-12 00:00:00-04:00,1.2394785618480004,1.2394785618480004,1.2287471556965552,1.2341128587722778,408400,0.04,0.0
2012-03-13 00:00:00-04:00,1.2367959448858896,1.2502101404614099,1.2367959448858896,1.2448444366455078,266800,0.0,0.0
2012-03-14 00:00:00-04:00,1.244844513719423,1.244844513719423,1.2314303173133698,1.2367960214614868,262900,0.0,0.0
2012-03-15 00:00:00-04:00,1.2367956369817417,1.2367956369817417,1.231429934501648,1.231429934501648,104100,0.0,0.0
2012-03-16 00:00:00-04:00,1.2314302410976212,1.2341130290413975,1.21801591759333,1.2206988334655762,385400,0.0,0.0
2012-03-19 00:00:00-04:00,1.2233817327084116,1.2260646488247404,1.2126503241000601,1.2180160284042358,285000,0.0,0.0
2012-03-20 00:00:00-04:00,1.2233816385269165,1.2341130463091152,1.2206988505456027,1.2233816385269165,297700,0.0,0.0
2012-03-21 00:00:00-04:00,1.2233816971269555,1.2394788095713063,1.2233816971269555,1.2367960214614868,203200,0.0,0.0
2012-03-22 00:00:00-04:00,1.2314300711986428,1.2394785618480004,1.2287471556965552,1.2341128587722778,135100,0.0,0.0
2012-03-23 00:00:00-04:00,1.2341127217774757,1.2421613394618352,1.2287470192973822,1.231429934501648,194700,0.0,0.0
2012-03-26 00:00:00-04:00,1.2367956369817417,1.2394784242575694,1.231429934501648,1.231429934501648,260700,0.0,0.0
2012-03-27 00:00:00-04:00,1.234113122301327,1.2394788265228271,1.228747418079827,1.2394788265228271,190100,0.0,0.0
2012-03-28 00:00:00-04:00,1.2367959448858896,1.2448444366455078,1.2341130290137037,1.2448444366455078,195800,0.0,0.0
2012-03-29 00:00:00-04:00,1.2367959448858896,1.2448444366455078,1.2367959448858896,1.2448444366455078,225100,0.0,0.0
2012-03-30 00:00:00-04:00,1.2502097904809726,1.2502097904809726,1.2367955986605859,1.247527003288269,673000,0.0,0.0
2012-04-02 00:00:00-04:00,1.247527267588204,1.2528929710388184,1.2448443518986665,1.2528929710388184,357100,0.0,0.0
2012-04-03 00:00:00-04:00,1.2502101404614099,1.2528930563335958,1.2448444366455078,1.2448444366455078,302000,0.0,0.0
2012-04-04 00:00:00-04:00,1.2394788265228271,1.2475274468193172,1.236796038376317,1.2394788265228271,233800,0.0,0.0
2012-04-05 00:00:00-04:00,1.2448440881671312,1.2475270032882688,1.2394783858532896,1.247527003288269,277800,0.0,0.0
2012-04-09 00:00:00-04:00,1.2394086924542953,1.2448209524154665,1.2367026269929378,1.2448209524154663,274600,0.04,0.0
2012-04-10 00:00:00-04:00,1.2394088656365336,1.2421150605144828,1.2339966049191087,1.236702799797058,353700,0.0,0.0
2012-04-11 00:00:00-04:00,1.2610575871142011,1.2610575871142011,1.2339962904238957,1.247527003288269,297400,0.0,0.0
2012-04-12 00:00:00-04:00,1.2421152591705322,1.2448213254427987,1.2367029975875046,1.2421152591705322,290100,0.0,0.0
2012-04-13 00:00:00-04:00,1.244821111321929,1.244821111321929,1.2394088506698608,1.2394088506698608,156600,0.0,0.0
2012-04-16 00:00:00-04:00,1.2394090638597712,1.2448213254427987,1.2394090638597712,1.2421152591705322,200900,0.0,0.0
2012-04-17 00:00:00-04:00,1.2421150605144828,1.2448211263539584,1.236702799797058,1.236702799797058,174100,0.0,0.0
2012-04-18 00:00:00-04:00,1.2394088656365336,1.2421150605144828,1.2339966049191087,1.236702799797058,152800,0.0,0.0
2012-04-19 00:00:00-04:00,1.2367024662351351,1.2421147254927718,1.2339962720870972,1.2339962720870972,236000,0.0,0.0
2012-04-20 00:00:00-04:00,1.2367026269929378,1.2448209524154665,1.2367026269929378,1.2448209524154663,160500,0.0,0.0
2012-04-23 00:00:00-04:00,1.244820809100018,1.25293926262633,1.239408549761957,1.247527003288269,224600,0.0,0.0
2012-04-24 00:00:00-04:00,1.2475270837652521,1.2529393434524536,1.2475270837652521,1.2529393434524536,148000,0.0,0.0
2012-04-25 00:00:00-04:00,1.2556454087768298,1.2583516031396553,1.2502331490896281,1.2529393434524536,259700,0.0,0.0
2012-04-26 00:00:00-04:00,1.255645726986579,1.2610579880453732,1.2529396609764232,1.2583519220352173,268000,0.0,0.0
2012-04-27 00:00:00-04:00,1.2556450366973877,1.2610572947808,1.2556450366973877,1.2556450366973877,100000,0.0,0.0
2012-04-30 00:00:00-04:00,1.2529386757102183,1.263763189315796,1.2529386757102183,1.263763189315796,253000,0.0,0.0
2012-05-01 00:00:00-04:00,1.2610583821376407,1.2691768407821655,1.2610583821376407,1.2691768407821655,316600,0.0,0.0
2012-05-02 00:00:00-04:00,1.266470272866756,1.2718825340270998,1.2637642068058268,1.2718825340270996,179000,0.0,0.0
2012-05-03 00:00:00-04:00,1.271882907637992,1.271882907637992,1.2664706448878165,1.2691768407821655,154500,0.0,0.0
2012-05-04 00:00:00-04:00,1.266470272866756,1.2718825340270998,1.266470272866756,1.2718825340270996,254800,0.0,0.0
2012-05-07 00:00:00-04:00,1.2691768407821655,1.271882907637992,1.26376457803199,1.2691768407821655,185000,0.0,0.0
2012-05-08 00:00:00-04:00,1.2691764679661703,1.2718825340270998,1.258351945645483,1.2718825340270996,259700,0.0,0.0
2012-05-09 00:00:00-04:00,1.2746117161824766,1.2773410097385445,1.266423575222102,1.2691529989242554,159800,0.04,0.0
2012-05-10 00:00:00-04:00,1.2691529989242551,1.2746117161824766,1.2691529989242551,1.2691529989242554,231200,0.0,0.0
2012-05-11 00:00:00-04:00,1.2664235830307007,1.2746117240415622,1.2664235830307007,1.2664235830307007,192000,0.0,0.0
2012-05-14 00:00:00-04:00,1.2636945363259007,1.2691532546841635,1.2500476753571879,1.252777099609375,426700,0.0,0.0
2012-05-15 00:00:00-04:00,1.2555052048120472,1.2582346264796027,1.2473172001013577,1.2500464916229248,275000,0.0,0.0
2012-05-16 00:00:00-04:00,1.2500476753571879,1.2582358179676378,1.2473183812511124,1.252777099609375,192300,0.0,0.0
2012-05-17 00:00:00-04:00,1.2473182784836563,1.2527769963921713,1.236400842666626,1.236400842666626,468800,0.0,0.0
2012-05-18 00:00:00-04:00,1.2364007313453416,1.2445887423978435,1.2282125901467507,1.2336713075637817,298100,0.0,0.0
2012-05-21 00:00:00-04:00,1.239130390669819,1.2418598152568798,1.2254835280267697,1.2282129526138306,269600,0.0,0.0
2012-05-22 00:00:00-04:00,1.2336703520555576,1.2527759132904803,1.2309410605339905,1.2500464916229248,261000,0.0,0.0
2012-05-23 00:00:00-04:00,1.2418596628928495,1.252777099609375,1.2336715202823996,1.252777099609375,222000,0.0,0.0
2012-05-24 00:00:00-04:00,1.244588729642656,1.2473181533962434,1.239130012281569,1.2418594360351562,258800,0.0,0.0
2012-05-25 00:00:00-04:00,1.2418599060231679,1.2473186254501343,1.2364011865962015,1.2473186254501343,257500,0.0,0.0
2012-05-29 00:00:00-04:00,1.2473185148919146,1.2473185148919146,1.233671652461043,1.24458909034729,354200,0.0,0.0
2012-05-30 00:00:00-04:00,1.2364010962288856,1.239130390669819,1.2227542335858366,1.2282129526138306,253300,0.0,0.0
2012-05-31 00:00:00-04:00,1.2254828209470596,1.2282122439592966,1.2145653891902168,1.2172948122024536,282600,0.0,0.0
2012-06-01 00:00:00-04:00,1.2145658814602724,1.2172953055787596,1.190001715124414,1.2009191513061523,622600,0.0,0.0
2012-06-04 00:00:00-04:00,1.179084061286615,1.1981895060047854,1.179084061286615,1.187272071838379,308500,0.0,0.0
2012-06-05 00:00:00-04:00,1.1900014954530211,1.1954602125362244,1.187272071838379,1.187272071838379,198100,0.0,0.0
2012-06-06 00:00:00-04:00,1.190001715124414,1.203648445278534,1.190001715124414,1.2009191513061523,281900,0.0,0.0
2012-06-07 00:00:00-04:00,1.2009192644879305,1.211836701698593,1.198189840112206,1.2063779830932617,251700,0.0,0.0
2012-06-08 00:00:00-04:00,1.2063779770929013,1.2145659898871133,1.200919258514721,1.2118366956710815,400500,0.0,0.0
2012-06-11 00:00:00-04:00,1.2228540265151369,1.2228540265151369,1.2063289880752563,1.2063289880752563,297300,0.04,0.0
2012-06-12 00:00:00-04:00,1.2063281950530163,1.2200989857022044,1.2035739581256317,1.217344880104065,168000,0.0,0.0
2012-06-13 00:00:00-04:00,1.209082298074009,1.2118365349955231,1.2008198499679565,1.2008198499679565,266100,0.0,0.0
2012-06-14 00:00:00-04:00,1.2035738614158025,1.2035738614158025,1.1898030718731278,1.1980655193328857,560500,0.0,0.0
2012-06-15 00:00:00-04:00,1.1980651156651312,1.1980651156651312,1.1842943307622893,1.1870484352111816,498300,0.0,0.0
2012-06-18 00:00:00-04:00,1.1815409012801312,1.1842951389377345,1.170524213308278,1.1732784509658813,789800,0.0,0.0
2012-06-19 00:00:00-04:00,1.1732779789550845,1.192557109485176,1.1677695058559416,1.1898030042648315,429400,0.0,0.0
2012-06-20 00:00:00-04:00,1.1898026709892642,1.1925567754381563,1.1787859905353146,1.1870484352111816,565200,0.0,0.0
2012-06-21 00:00:00-04:00,1.1842952414979908,1.192557692527771,1.1815410036018699,1.192557692527771,232100,0.0,0.0
2012-06-22 00:00:00-04:00,1.1953115350987857,1.2145906686782837,1.1953115350987857,1.2145906686782837,344400,0.0,0.0
2012-06-25 00:00:00-04:00,1.2063277011470097,1.2063277011470097,1.189802680336266,1.20357346534729,176800,0.0,0.0
2012-06-26 00:00:00-04:00,1.20632819248174,1.20632819248174,1.2008198499679565,1.2008198499679565,200700,0.0,0.0
2012-06-27 00:00:00-04:00,1.2090824979394559,1.222853422164917,1.2063283918919234,1.222853422164917,241900,0.0,0.0
2012-06-28 00:00:00-04:00,1.220098853111267,1.2228530897393424,1.2090821692574267,1.220098853111267,174100,0.0,0.0
2012-06-29 00:00:00-04:00,1.2256068938096003,1.233869470333827,1.2200985532365154,1.2283611297607422,234300,0.0,0.0
2012-07-02 00:00:00-04:00,1.2283617912309046,1.2393784783095367,1.2228534476915887,1.2366242408752441,178000,0.0,0.0
2012-07-03 00:00:00-04:00,1.2366239134594754,1.250394834326331,1.2311155713785802,1.2476407289505005,226800,0.0,0.0
2012-07-05 00:00:00-04:00,1.2448864791440677,1.2503948211669922,1.2421323737972219,1.2503948211669922,182100,0.0,0.0
2012-07-06 00:00:00-04:00,1.2476407158201466,1.2503948211669922,1.239378137121143,1.2503948211669922,174800,0.0,0.0
2012-07-09 00:00:00-04:00,1.2476412841073048,1.2586579731711374,1.2448870461767003,1.2531496286392212,278700,0.0,0.0
2012-07-10 00:00:00-04:00,1.2559037352405327,1.2586579731711374,1.2476412841073048,1.2531496286392212,195500,0.0,0.0
2012-07-11 00:00:00-04:00,1.24203541371499,1.25592848094096,1.2336996793746948,1.2336996793746948,336700,0.04,0.0
2012-07-12 00:00:00-04:00,1.2309207115768057,1.2309207115768057,1.2198063135147095,1.2198063135147095,194300,0.0,0.0
2012-07-13 00:00:00-04:00,1.2253636739616167,1.2448139393794861,1.2253636739616167,1.239256739616394,180700,0.0,0.0
2012-07-16 00:00:00-04:00,1.2392557541560716,1.2531488087630451,1.2364770902370816,1.2503701448440552,118900,0.0,0.0
2012-07-17 00:00:00-04:00,1.2559282813556902,1.2559282813556902,1.2475924158459768,1.2531497478485107,174100,0.0,0.0
2012-07-18 00:00:00-04:00,1.2531492686874377,1.2587064660710034,1.2531492686874377,1.2559278011322021,141300,0.0,0.0
2012-07-19 00:00:00-04:00,1.2531497478485107,1.2559282813556902,1.2503710818472438,1.2531497478485107,173300,0.0,0.0
2012-07-20 00:00:00-04:00,1.2531492508733568,1.261484980583191,1.2475919210747541,1.261484980583191,192000,0.0,0.0
2012-07-23 00:00:00-04:00,1.2559272786014573,1.2725988638159125,1.2531487473127054,1.2698203325271606,303400,0.0,0.0
2012-07-24 00:00:00-04:00,1.26982084278706,1.26982084278706,1.2587064481779247,1.261484980583191,151800,0.0,0.0
2012-07-25 00:00:00-04:00,1.2614848634002123,1.2725992569768996,1.2559276666118686,1.2587063312530518,182600,0.0,0.0
2012-07-26 00:00:00-04:00,1.2364782947211839,1.2364782947211839,1.1864634879045965,1.2142494916915894,1556000,0.0,0.0
2012-07-27 00:00:00-04:00,1.2170275240026622,1.2309204524081065,1.2114703261416748,1.2253632545471191,504800,0.0,0.0
2012-07-30 00:00:00-04:00,1.2309207949618364,1.2309207949618364,1.2114706632826153,1.228142261505127,366900,0.0,0.0
2012-07-31 00:00:00-04:00,1.2281419197246368,1.2309204524081065,1.2225847218636494,1.2253632545471191,211700,0.0,0.0
2012-08-01 00:00:00-04:00,1.2281414255953917,1.2309199571609497,1.2225842299702812,1.2309199571609497,281500,0.0,0.0
2012-08-02 00:00:00-04:00,1.2309202970800743,1.236477494239807,1.2253630999203415,1.2364774942398071,210800,0.0,0.0
2012-08-03 00:00:00-04:00,1.2392567396163938,1.2392567396163938,1.230920873724709,1.239256739616394,294600,0.0,0.0
2012-08-06 00:00:00-04:00,1.23925626034017,1.2448134579540435,1.2364775952862121,1.2420347929000854,290300,0.0,0.0
2012-08-07 00:00:00-04:00,1.2462353706359863,1.2518364233800274,1.2378338582897404,1.2462353706359863,238600,0.035,0.0
2012-08-08 00:00:00-04:00,1.2462358410842747,1.251836895942688,1.2434353804249085,1.251836895942688,243000,0.0,0.0
2012-08-09 00:00:00-04:00,1.2462358410842747,1.251836895942688,1.2462358410842747,1.251836895942688,197000,0.0,0.0
2012-08-10 00:00:00-04:00,1.2350335185091115,1.237834112225476,1.2182303568299004,1.2210309505462646,1464200,0.0,0.0
2012-08-13 00:00:00-04:00,1.2098287390912774,1.2154297925044,1.204227685678155,1.2126291990280151,700100,0.0,0.0
2012-08-14 00:00:00-04:00,1.2070276764879715,1.212628727724173,1.20142662525177,1.20142662525177,549700,0.0,0.0
2012-08-15 00:00:00-04:00,1.2014265038418355,1.2126286051822122,1.2014265038418355,1.207027554512024,288700,0.0,0.0
2012-08-16 00:00:00-04:00,1.207027554512024,1.215429197287097,1.207027554512024,1.207027554512024,332000,0.0,0.0
2012-08-17 00:00:00-04:00,1.2042272176396682,1.2098282688758697,1.198626166403467,1.20142662525177,531500,0.0,0.0
2012-08-20 00:00:00-04:00,1.1986260414123535,1.204227092064485,1.1930249907602222,1.1986260414123535,416900,0.0,0.0
2012-08-21 00:00:00-04:00,1.2014264999686288,1.204227092064485,1.1958254493164973,1.1986260414123535,322400,0.0,0.0
2012-08-22 00:00:00-04:00,1.1958260586560192,1.1986266521789328,1.1874244116269277,1.1902250051498413,751900,0.0,0.0
2012-08-23 00:00:00-04:00,1.1930246438650018,1.1930246438650018,1.1762213632549083,1.179021954536438,524700,0.0,0.0
2012-08-24 00:00:00-04:00,1.1790221912763892,1.190224291572732,1.173421141128218,1.1846232414245605,359100,0.0,0.0
2012-08-27 00:00:00-04:00,1.1846237274151128,1.195825832307106,1.179022674969116,1.1818231344223022,431800,0.0,0.0
2012-08-28 00:00:00-04:00,1.1818226495806903,1.190224291572732,1.1818226495806903,1.1846232414245605,258900,0.0,0.0
2012-08-29 00:00:00-04:00,1.190224291572732,1.190224291572732,1.1846232414245605,1.1846232414245605,294600,0.0,0.0
2012-08-30 00:00:00-04:00,1.1846237274151128,1.1902247798611094,1.1818231344223022,1.1818231344223022,272300,0.0,0.0
2012-08-31 00:00:00-04:00,1.1874242833392852,1.1930254697799683,1.1818232304382372,1.1930254697799683,232500,0.0,0.0
2012-09-04 00:00:00-04:00,1.1874242833392852,1.1958259294606748,1.1874242833392852,1.1930254697799683,263200,0.0,0.0
2012-09-05 00:00:00-04:00,1.1930261882985045,1.1986272445728758,1.1930261882985045,1.1958266496658325,231900,0.0,0.0
2012-09-06 00:00:00-04:00,1.1986266521789328,1.1986266521789328,1.1902250051498413,1.1902250051498413,314000,0.0,0.0
2012-09-07 00:00:00-04:00,1.1958266496658325,1.1958266496658325,1.1902255933914614,1.1958266496658325,399800,0.0,0.0
2012-09-10 00:00:00-04:00,1.2000617980957031,1.2028855375435394,1.1944144538433379,1.2000617980957031,267800,0.035,0.0
2012-09-11 00:00:00-04:00,1.2000617980957031,1.2028855375435394,1.1944144538433379,1.2000617980957031,309600,0.0,0.0
2012-09-12 00:00:00-04:00,1.2000617980957031,1.2000617980957031,1.1887671095909729,1.2000617980957031,402600,0.0,0.0
2012-09-13 00:00:00-04:00,1.2000617980957031,1.2000617980957031,1.1944144538433379,1.2000617980957031,300800,0.0,0.0
2012-09-14 00:00:00-04:00,1.1972375428815483,1.2085323611638124,1.1972375428815483,1.205708622932434,492300,0.0,0.0
2012-09-17 00:00:00-04:00,1.2057093522519664,1.2085330921913924,1.2028857469558716,1.2028857469558716,202800,0.0,0.0
2012-09-18 00:00:00-04:00,1.208532440043191,1.2113560438156128,1.2000613594394085,1.2113560438156128,395000,0.0,0.0
2012-09-19 00:00:00-04:00,1.2113557661771712,1.2170031070709229,1.208532163051909,1.2170031070709229,371200,0.0,0.0
2012-09-20 00:00:00-04:00,1.2198270559310913,1.2198270559310913,1.2113559758029253,1.2198270559310913,436800,0.0,0.0
2012-09-21 00:00:00-04:00,1.2198265412794396,1.2282974831904168,1.2198265412794396,1.2254738807678223,315900,0.0,0.0
2012-09-24 00:00:00-04:00,1.2254745048765405,1.2282981087371376,1.2198271625120836,1.2226507663726807,309400,0.0,0.0
2012-09-25 00:00:00-04:00,1.2226506595449793,1.2282980014160063,1.2198270559310913,1.2198270559310913,475200,0.0,0.0
2012-09-26 00:00:00-04:00,1.225474821085268,1.2282984256744385,1.2226510818527998,1.2282984256744385,411000,0.0,0.0
2012-09-27 00:00:00-04:00,1.2282981463921652,1.2367692275201736,1.2282981463921652,1.2339454889297485,363500,0.0,0.0
2012-09-28 00:00:00-04:00,1.2282984256744385,1.2367695087285453,1.225474821085268,1.2282984256744385,279700,0.0,0.0
2012-10-01 00:00:00-04:00,1.2339460123702282,1.2424170970916748,1.231122407225295,1.2424170970916748,294500,0.0,0.0
2012-10-02 00:00:00-04:00,1.2424170970916748,1.2452407022366077,1.2339460123702282,1.2424170970916748,324400,0.0,0.0
2012-10-03 00:00:00-04:00,1.2395931482315063,1.2452404922122053,1.2367695435628074,1.2395931482315063,258400,0.0,0.0
2012-10-04 00:00:00-04:00,1.242417202149569,1.2452408075332642,1.2339461167118135,1.2452408075332642,451800,0.0,0.0
2012-10-05 00:00:00-04:00,1.2424166980184728,1.250887645375666,1.2424166980184728,1.2480640411376953,335400,0.0,0.0
2012-10-08 00:00:00-04:00,1.2480648305852315,1.2537121772766113,1.2452410899178588,1.2537121772766113,238200,0.0,0.0
2012-10-09 00:00:00-04:00,1.2480644420248646,1.2508880471697976,1.2424170970916748,1.2424170970916748,434500,0.0,0.0
2012-10-10 00:00:00-04:00,1.240993496399595,1.2466861215137857,1.209683990410101,1.215376615524292,738200,0.035,0.0
2012-10-11 00:00:00-04:00,1.2153759591314917,1.2353002041320396,1.2153759591314917,1.2296075820922852,291100,0.0,0.0
2012-10-12 00:00:00-04:00,1.2409932810552957,1.2409932810552957,1.2296080328025478,1.2381469011306763,105000,0.0,0.0
2012-10-15 00:00:00-04:00,1.2353006799043171,1.238146924159009,1.2239154314398148,1.2324542999267578,281300,0.0,0.0
2012-10-16 00:00:00-04:00,1.2495320320421208,1.2495320320421208,1.2324541612667512,1.2353005409240723,153500,0.0,0.0
2012-10-17 00:00:00-04:00,1.2353005409240723,1.243839408450331,1.2324541612667512,1.2353005409240723,277500,0.0,0.0
2012-10-18 00:00:00-04:00,1.2381477140089592,1.2409940958023071,1.2353014679385652,1.2409940958023071,120800,0.0,0.0
2012-10-19 00:00:00-04:00,1.2381464472905093,1.240992826171794,1.2267612032110005,1.2296075820922852,196200,0.0,0.0
2012-10-22 00:00:00-04:00,1.2353004853004146,1.2353004853004146,1.2210688591003418,1.2210688591003418,358400,0.0,0.0
2012-10-23 00:00:00-04:00,1.2267614824358017,1.2267614824358017,1.2153762357648819,1.2210688591003418,183900,0.0,0.0
2012-10-24 00:00:00-04:00,1.2210684811031547,1.2296074813244122,1.2182222381779384,1.2267611026763916,150400,0.0,0.0
2012-10-25 00:00:00-04:00,1.2267612451747607,1.2296076241534115,1.2182223796844482,1.2182223796844482,124700,0.0,0.0
2012-10-26 00:00:00-04:00,1.218222615294035,1.2267614824358017,1.218222615294035,1.2210688591003418,117500,0.0,0.0
2012-10-31 00:00:00-04:00,1.2239150019189298,1.2324538674092422,1.2182223796844482,1.2182223796844482,182800,0.0,0.0
2012-11-01 00:00:00-04:00,1.2239154314398148,1.2353006799043171,1.2182228072075636,1.2324542999267578,140800,0.0,0.0
2012-11-02 00:00:00-04:00,1.2267611026763916,1.2324537242496285,1.2182222381779384,1.2267611026763916,184800,0.0,0.0
2012-11-05 00:00:00-05:00,1.2324538674092422,1.2324538674092422,1.2096833784713157,1.2182223796844482,222500,0.0,0.0
2012-11-06 00:00:00-05:00,1.221068581171246,1.2296075820922852,1.2182223380127764,1.2296075820922852,154700,0.0,0.0
2012-11-07 00:00:00-05:00,1.2182223796844482,1.2239150019189298,1.2153760007057974,1.2182223796844482,162800,0.0,0.0
2012-11-08 00:00:00-05:00,1.2210688591003418,1.2267614824358017,1.218222615294035,1.2210688591003418,153700,0.0,0.0
2012-11-09 00:00:00-05:00,1.2210692406384829,1.2239156210570226,1.215376615524292,1.215376615524292,216000,0.0,0.0
2012-11-12 00:00:00-05:00,1.2210696045092162,1.2239159857759587,1.2125307321548462,1.2125307321548462,195200,0.0,0.0
2012-11-13 00:00:00-05:00,1.216835791100155,1.216835791100155,1.1996164321899414,1.1996164321899414,392100,0.035,0.0
2012-11-14 00:00:00-05:00,1.2082253413702704,1.2082253413702704,1.1278683204793691,1.133608102798462,1468600,0.0,0.0
2012-11-15 00:00:00-05:00,1.1192591425624239,1.1336086047135048,1.0762106876855488,1.0934300422668457,1116500,0.0,0.0
2012-11-16 00:00:00-05:00,1.0991692600788339,1.1594370384455703,1.0991692600788339,1.1565672159194946,556400,0.0,0.0
2012-11-19 00:00:00-05:00,1.182396361426207,1.1881361442740153,1.1651770128827827,1.1709167957305908,341700,0.0,0.0
2012-11-20 00:00:00-05:00,1.1709173693541437,1.1737873306076287,1.165177583694458,1.165177583694458,249600,0.0,0.0
2012-11-21 00:00:00-05:00,1.1623077592882576,1.168047544947943,1.1508281879688862,1.165177583694458,218200,0.0,0.0
2012-11-23 00:00:00-05:00,1.168046997780425,1.1823963867840759,1.168046997780425,1.1766566038131714,179000,0.0,0.0
2012-11-26 00:00:00-05:00,1.16804737885237,1.1709172028504833,1.1479580634765154,1.1536978483200073,281300,0.0,0.0
2012-11-27 00:00:00-05:00,1.1623072148095206,1.1766566038131714,1.1565674318386163,1.1766566038131714,275000,0.0,0.0
2012-11-28 00:00:00-05:00,1.165177277080873,1.182396629528699,1.165177277080873,1.1795268058776855,224600,0.0,0.0
2012-11-29 00:00:00-05:00,1.1910058480497743,1.1938756704330447,1.1852660664360457,1.1938756704330444,259900,0.0,0.0
2012-11-30 00:00:00-05:00,1.196746607461889,1.1996164321899414,1.1852670348550802,1.1996164321899414,301000,0.0,0.0
2012-12-03 00:00:00-05:00,1.199614945877043,1.2139644622802734,1.1967451247046752,1.2139644622802734,261000,0.0,0.0
2012-12-04 00:00:00-05:00,1.2110950684640183,1.2110950684640183,1.2053552865982056,1.2053552865982056,133600,0.0,0.0
2012-12-05 00:00:00-05:00,1.208225245954709,1.2110950684640183,1.1938757228665802,1.2053552865982056,260300,0.0,0.0
2012-12-06 00:00:00-05:00,1.1967456822230838,1.2053552865982056,1.1967456822230838,1.2053552865982056,156000,0.0,0.0
2012-12-07 00:00:00-05:00,1.2110960047967505,1.2110960047967505,1.1938766458865369,1.1996164321899414,279800,0.0,0.0
2012-12-10 00:00:00-05:00,1.203957004097229,1.2068511978584022,1.1952746988192176,1.1981687545776367,285000,0.035,0.0
2012-12-11 00:00:00-05:00,1.2010632190786326,1.2097455263137817,1.2010632190786326,1.2097455263137817,224100,0.0,0.0
2012-12-12 00:00:00-05:00,1.2126393318176272,1.2126393318176272,1.206851082849635,1.212639331817627,175600,0.0,0.0
2012-12-13 00:00:00-05:00,1.2126393318176272,1.2155333873002525,1.2097451383322606,1.212639331817627,244100,0.0,0.0
2012-12-14 00:00:00-05:00,1.2126393202849495,1.218427569197893,1.2097451268271078,1.2155333757400513,237000,0.0,0.0
2012-12-17 00:00:00-05:00,1.2155330991960431,1.2155330991960431,1.2039566040039062,1.2039566040039062,329600,0.0,0.0
2012-12-18 00:00:00-05:00,1.2126399755037314,1.2155340325225623,1.1894869673418256,1.1923810243606567,528400,0.0,0.0
2012-12-19 00:00:00-05:00,1.1894860267639158,1.2068507691542942,1.180803586567374,1.189486026763916,341000,0.0,0.0
2012-12-20 00:00:00-05:00,1.1923805050580445,1.2097452536168212,1.1894864492996253,1.1981687545776367,242200,0.0,0.0
2012-12-21 00:00:00-05:00,1.1952743016111576,1.2039566040039062,1.1923801088117691,1.2039566040039062,166800,0.0,0.0
2012-12-24 00:00:00-05:00,1.1981692764011331,1.2039575284416095,1.1894869673418256,1.1923810243606567,172700,0.0,0.0
2012-12-26 00:00:00-05:00,1.1967589818859643,1.2113536596298218,1.1967589818859643,1.2113536596298218,151000,0.035,0.0
2012-12-27 00:00:00-05:00,1.211353585203772,1.211353585203772,1.1967589083566175,1.205515742301941,244700,0.0,0.0
2012-12-28 00:00:00-05:00,1.2055158327443756,1.2055158327443756,1.1880023027249498,1.1938401460647583,243000,0.0,0.0
2012-12-31 00:00:00-05:00,1.1967595337320083,1.2025973796844482,1.1880028343959617,1.2025973796844482,240800,0.0,0.0
2013-01-02 00:00:00-05:00,1.2142723657631034,1.2317858934402466,1.2084345232040556,1.2317858934402466,325800,0.0,0.0
2013-01-03 00:00:00-05:00,1.2288669347763062,1.2317857862091615,1.2230290927254621,1.2288669347763062,237200,0.0,0.0
2013-01-04 00:00:00-05:00,1.2259483337402344,1.2347051691918147,1.223029481379826,1.2259483337402344,209400,0.0,0.0
2013-01-07 00:00:00-05:00,1.2259476526059678,1.2376233339309692,1.2259476526059678,1.2376233339309692,218700,0.0,0.0
2013-01-08 00:00:00-05:00,1.2376236595310355,1.2405426502227783,1.2317858173326866,1.2405426502227783,243800,0.0,0.0
2013-01-09 00:00:00-05:00,1.2376233339309692,1.24054232385477,1.234704483192269,1.2376233339309692,291100,0.0,0.0
2013-01-10 00:00:00-05:00,1.2405432129174059,1.2434622049331665,1.2376242209016453,1.2434622049331665,262000,0.0,0.0
2013-01-11 00:00:00-05:00,1.2376233790174787,1.2492991999529297,1.2376233790174787,1.2463802099227905,334900,0.0,0.0
2013-01-14 00:00:00-05:00,1.2492990493774414,1.252217899870672,1.2405422195275726,1.2492990493774414,328200,0.0,0.0
2013-01-15 00:00:00-05:00,1.2463802099227905,1.2522180507979634,1.2434613590777568,1.2463802099227905,230100,0.0,0.0
2013-01-16 00:00:00-05:00,1.2492996330216886,1.25221848487854,1.2463806419796835,1.25221848487854,288200,0.0,0.0
2013-01-17 00:00:00-05:00,1.2551370859146118,1.2551370859146118,1.2492992448297344,1.2551370859146118,288300,0.0,0.0
2013-01-18 00:00:00-05:00,1.25221848487854,1.2580563277773966,1.2492996330216886,1.25221848487854,329300,0.0,0.0
2013-01-22 00:00:00-05:00,1.2522180957796178,1.2580559368644952,1.2492992448297344,1.2551370859146118,355200,0.0,0.0
2013-01-23 00:00:00-05:00,1.2580557639958612,1.2638936042785645,1.2580557639958612,1.2638936042785645,456900,0.0,0.0
2013-01-24 00:00:00-05:00,1.2638936042785645,1.266812594012462,1.2580557639958612,1.2638936042785645,273100,0.0,0.0
2013-01-25 00:00:00-05:00,1.2668125629425049,1.2668125629425049,1.2551368826634568,1.2668125629425049,383900,0.0,0.0
2013-01-28 00:00:00-05:00,1.2638948675815254,1.2697327136993408,1.2609760141152326,1.2697327136993408,624100,0.0,0.0
2013-01-29 00:00:00-05:00,1.2697329176614482,1.2726519107818606,1.266814063726289,1.2726519107818604,337300,0.0,0.0
2013-01-30 00:00:00-05:00,1.2697327136993408,1.2755705598171565,1.2668138602330483,1.2697327136993408,444100,0.0,0.0
2013-01-31 00:00:00-05:00,1.2697310956210919,1.2726500845528095,1.260974407196045,1.260974407196045,308600,0.0,0.0
2013-02-01 00:00:00-05:00,1.2668119162357112,1.2697307652228584,1.2551362419170884,1.2580550909042358,659700,0.0,0.0
2013-02-04 00:00:00-05:00,1.2580554182643273,1.2638932569427097,1.2492987298392806,1.260974407196045,306100,0.0,0.0
2013-02-05 00:00:00-05:00,1.2638935732801988,1.2668125629425049,1.2580557331406748,1.2668125629425049,271900,0.0,0.0
2013-02-06 00:00:00-05:00,1.2653412818908691,1.2712265843050121,1.2623985605254586,1.2653412818908691,152600,0.035,0.0
2013-02-07 00:00:00-05:00,1.2682838629396018,1.2682838629396018,1.259455979476726,1.2653412818908691,219100,0.0,0.0
2013-02-08 00:00:00-05:00,1.2653412818908691,1.2682838629396018,1.2623985605254586,1.2653412818908691,202700,0.0,0.0
2013-02-11 00:00:00-05:00,1.2712265253067017,1.2741691062188676,1.2653412231656986,1.2712265253067017,341800,0.0,0.0
2013-02-12 00:00:00-05:00,1.2771119280799768,1.2771119280799768,1.271226625475231,1.2741692066192627,217000,0.0,0.0
2013-02-13 00:00:00-05:00,1.2712265253067017,1.2741691062188676,1.2682838040778646,1.2712265253067017,192600,0.0,0.0
2013-02-14 00:00:00-05:00,1.2741692066192627,1.2741692066192627,1.2682839040145168,1.2741692066192627,199700,0.0,0.0
2013-02-15 00:00:00-05:00,1.2712265253067017,1.2800544083598706,1.2712265253067017,1.2712265253067017,241400,0.0,0.0
2013-02-19 00:00:00-05:00,1.2800556421279907,1.2800556421279907,1.2712277505661516,1.2800556421279907,258000,0.0,0.0
2013-02-20 00:00:00-05:00,1.2741691062188676,1.2800544083598706,1.2712265253067017,1.2712265253067017,165900,0.0,0.0
2013-02-21 00:00:00-05:00,1.2712277505661516,1.2800556421279907,1.268285026501001,1.2800556421279907,239900,0.0,0.0
2013-02-22 00:00:00-05:00,1.2771130583796466,1.2859409499414856,1.274170334314496,1.2800556421279907,276000,0.0,0.0
2013-02-25 00:00:00-05:00,1.2829983661931414,1.2859409499414856,1.2800556421279907,1.2800556421279907,180200,0.0,0.0
2013-02-26 00:00:00-05:00,1.2829983234405518,1.285940907090842,1.2800555994734597,1.2829983234405518,281400,0.0,0.0
2013-02-27 00:00:00-05:00,1.2859402483502944,1.2888829708099365,1.2829976662073823,1.2888829708099365,253100,0.0,0.0
2013-02-28 00:00:00-05:00,1.288882553899047,1.2947678565979004,1.2829972512001935,1.2947678565979004,370700,0.0,0.0
2013-03-01 00:00:00-05:00,1.2918251350901313,1.2947678565979004,1.285939832391278,1.2947678565979004,250800,0.0,0.0
2013-03-04 00:00:00-05:00,1.2918251350901313,1.2947678565979004,1.288882553899047,1.2947678565979004,315800,0.0,0.0
2013-03-05 00:00:00-05:00,1.2918260097503662,1.294768733250573,1.2859407030667318,1.2918260097503662,444700,0.0,0.0
2013-03-06 00:00:00-05:00,1.2947681535927729,1.3006534576416016,1.29182543141,1.3006534576416016,195500,0.0,0.0
2013-03-07 00:00:00-05:00,1.297711071798564,1.306539100318207,1.297711071798564,1.3035963773727417,460200,0.0,0.0
2013-03-08 00:00:00-05:00,1.3065382849440732,1.312423586845398,1.303595563835078,1.312423586845398,353100,0.0,0.0
2013-03-11 00:00:00-04:00,1.310941699051124,1.3139075569038983,1.3050098419189453,1.3050098419189453,249400,0.035,0.0
2013-03-12 00:00:00-04:00,1.307975462624037,1.307975462624037,1.2931458931956394,1.2990777492523193,322200,0.0,0.0
2013-03-13 00:00:00-04:00,1.3020434379577637,1.3050094363153202,1.2990775810267927,1.3020434379577637,149000,0.0,0.0
2013-03-14 00:00:00-04:00,1.302043971974278,1.3050099715483012,1.2842483988100712,1.2872143983840942,391100,0.0,0.0
2013-03-15 00:00:00-04:00,1.287213393318053,1.2931452464078192,1.2634859809589885,1.272383689880371,587500,0.0,0.0
2013-03-18 00:00:00-04:00,1.2694186558657687,1.302043798267614,1.2694186558657687,1.2961119413375854,354100,0.0,0.0
2013-03-19 00:00:00-04:00,1.299077631313128,1.3079753438770503,1.2872139202768376,1.293145775794983,295300,0.0,0.0
2013-03-20 00:00:00-04:00,1.2990775799933902,1.3079752922058105,1.296111581638193,1.3079752922058105,253700,0.0,0.0
2013-03-21 00:00:00-04:00,1.305009435277199,1.3079752922058105,1.2990775799933902,1.3079752922058105,188600,0.0,0.0
2013-03-22 00:00:00-04:00,1.3079755779545341,1.3109415769577026,1.3050097203779825,1.3109415769577026,227400,0.0,0.0
2013-03-25 00:00:00-04:00,1.310941699051124,1.3139075569038983,1.2990779847867668,1.3050098419189453,303000,0.0,0.0
2013-03-26 00:00:00-04:00,1.3079758845302205,1.3139077425003052,1.305010026258503,1.3139077425003052,157800,0.0,0.0
2013-03-27 00:00:00-04:00,1.310941699051124,1.3139075569038983,1.3050098419189453,1.3050098419189453,200400,0.0,0.0
2013-03-28 00:00:00-04:00,1.3050098419189453,1.319839414036077,1.3050098419189453,1.3050098419189453,489000,0.0,0.0
2013-04-01 00:00:00-04:00,1.3079752922058105,1.3168731458448164,1.3079752922058105,1.3079752922058105,146800,0.0,0.0
2013-04-02 00:00:00-04:00,1.3109418119811551,1.3168736696243286,1.3079758124462473,1.3168736696243286,204600,0.0,0.0
2013-04-03 00:00:00-04:00,1.3168729058951274,1.3198387622833252,1.310941051692172,1.3198387622833252,236900,0.0,0.0
2013-04-04 00:00:00-04:00,1.3168729058951274,1.3198387622833252,1.3168729058951274,1.3198387622833252,196800,0.0,0.0
2013-04-05 00:00:00-04:00,1.3168729058951274,1.3198387622833252,1.310941051692172,1.3198387622833252,212800,0.0,0.0
2013-04-08 00:00:00-04:00,1.3198387623282148,1.325770616531372,1.3168729059399162,1.325770616531372,240400,0.0,0.0
2013-04-09 00:00:00-04:00,1.325770664941524,1.328736662864685,1.3228048084449278,1.328736662864685,350600,0.0,0.0
2013-04-10 00:00:00-04:00,1.3332207202911377,1.336209930270893,1.3242528052715246,1.3332207202911377,255200,0.035,0.0
2013-04-11 00:00:00-04:00,1.3332215183337572,1.3332215183337572,1.321264386177063,1.321264386177063,265500,0.0,0.0
2013-04-12 00:00:00-04:00,1.3212645853115643,1.3332217192703792,1.3212645853115643,1.324253797531128,223000,0.0,0.0
2013-04-15 00:00:00-04:00,1.3212638303110669,1.3212638303110669,1.312295913696289,1.312295913696289,248300,0.0,0.0
2013-04-16 00:00:00-04:00,1.3182752305517205,1.3272431522909718,1.3182752305517205,1.324253797531128,212500,0.0,0.0
2013-04-17 00:00:00-04:00,1.3242524628933523,1.3272418146404008,1.3152846927324804,1.318273901939392,300200,0.0,0.0
2013-04-18 00:00:00-04:00,1.318273901939392,1.3212632536864406,1.318273901939392,1.318273901939392,116400,0.0,0.0
2013-04-19 00:00:00-04:00,1.3182746947444668,1.3272426128387451,1.3182746947444668,1.3272426128387451,83100,0.0,0.0
2013-04-22 00:00:00-04:00,1.3272431522909718,1.3302323645105354,1.324253797531128,1.324253797531128,119600,0.0,0.0
2013-04-23 00:00:00-04:00,1.33023121221677,1.3391991261876943,1.33023121221677,1.336209774017334,355100,0.0,0.0
2013-04-24 00:00:00-04:00,1.3362099520121204,1.3421885146090808,1.3332207419837283,1.3391993045806885,212600,0.0,0.0
2013-04-25 00:00:00-04:00,1.3332207202911377,1.339199282790822,1.3272421577914535,1.3332207202911377,282800,0.0,0.0
2013-04-26 00:00:00-04:00,1.3391991261876943,1.3421883358178976,1.3332205643871304,1.336209774017334,233800,0.0,0.0
2013-04-29 00:00:00-04:00,1.336209499901871,1.345177412033081,1.336209499901871,1.345177412033081,312700,0.0,0.0
2013-04-30 00:00:00-04:00,1.3421880604759686,1.3481667635901937,1.3421880604759686,1.345177412033081,238500,0.0,0.0
2013-05-01 00:00:00-04:00,1.345177198279968,1.3541451089861474,1.345177198279968,1.3511557579040527,255400,0.0,0.0
2013-05-02 00:00:00-04:00,1.3541457869766989,1.3601243495941162,1.3511564343979021,1.3601243495941162,297800,0.0,0.0
2013-05-03 00:00:00-04:00,1.3601245672974989,1.3631137778145763,1.3541460037231445,1.3541460037231445,345200,0.0,0.0
2013-05-06 00:00:00-04:00,1.3571354348206868,1.3690925639128337,1.3571354348206868,1.3631139993667603,318400,0.0,0.0
2013-05-07 00:00:00-04:00,1.3661023619176387,1.37208092212677,1.3631130105430136,1.37208092212677,263900,0.0,0.0
2013-05-08 00:00:00-04:00,1.3720823704080762,1.3780609369277954,1.369093015878082,1.3780609369277954,386900,0.0,0.0
2013-05-09 00:00:00-04:00,1.375070130961276,1.3780594823359014,1.37208092212677,1.37208092212677,289500,0.0,0.0
2013-05-10 00:00:00-04:00,1.3826244307648339,1.3826244307648339,1.3675631055023618,1.3705754280090332,297200,0.035,0.0
2013-05-13 00:00:00-04:00,1.373586809905117,1.376599130663996,1.3615378141403196,1.3615378141403198,254700,0.0,0.0
2013-05-14 00:00:00-04:00,1.3615383336632543,1.3645506555715468,1.3525015115737915,1.3525015115737915,246200,0.0,0.0
2013-05-15 00:00:00-04:00,1.3585261553903762,1.3585261553903762,1.346477011392621,1.3525015115737915,212300,0.0,0.0
2013-05-16 00:00:00-04:00,1.3494897625225322,1.3615387667172054,1.3494897625225322,1.358526587486267,148500,0.0,0.0
2013-05-17 00:00:00-04:00,1.367563268814542,1.367563268814542,1.3555142646198688,1.358526587486267,124900,0.0,0.0
2013-05-20 00:00:00-04:00,1.3555142646198688,1.3615387667172054,1.3525019417534705,1.358526587486267,136700,0.0,0.0
2013-05-21 00:00:00-04:00,1.3645510895836037,1.3645510895836037,1.358526587486267,1.358526587486267,146200,0.0,0.0
2013-05-22 00:00:00-04:00,1.3645510895836037,1.3645510895836037,1.3555142646198688,1.358526587486267,143000,0.0,0.0
2013-05-23 00:00:00-04:00,1.3525009954990421,1.3615378141403196,1.3525009954990421,1.3615378141403198,263900,0.0,0.0
2013-05-24 00:00:00-04:00,1.3585261553903762,1.3585261553903762,1.3525015115737915,1.3525015115737915,130000,0.0,0.0
2013-05-28 00:00:00-04:00,1.3525023965446918,1.358527044303331,1.301294183315834,1.3073186874389648,821300,0.0,0.0
2013-05-29 00:00:00-04:00,1.3012928161660646,1.3133418117535447,1.2862314998640358,1.2922559976577759,979900,0.0,0.0
2013-05-30 00:00:00-04:00,1.2982805753707716,1.3253908889291308,1.2982805753707716,1.301292896270752,417400,0.0,0.0
2013-05-31 00:00:00-04:00,1.3043067196274183,1.3103312253952026,1.2982822138596342,1.3103312253952026,456700,0.0,0.0
2013-06-03 00:00:00-04:00,1.307317228840796,1.3103294057238652,1.2802069187164307,1.2802069187164307,724100,0.0,0.0
2013-06-04 00:00:00-04:00,1.2802070808769874,1.3073173944353467,1.2741825827123927,1.301292896270752,344300,0.0,0.0
2013-06-05 00:00:00-04:00,1.2922559976577759,1.304304993245256,1.2922559976577759,1.2922559976577759,154300,0.0,0.0
2013-06-06 00:00:00-04:00,1.2952683981061572,1.301292896270752,1.2922560772061769,1.301292896270752,115900,0.0,0.0
2013-06-07 00:00:00-04:00,1.3012928161660646,1.3073173139598047,1.2892438205785846,1.2922559976577759,282600,0.0,0.0
2013-06-10 00:00:00-04:00,1.2982809948511818,1.301293316724457,1.2862319946289062,1.2862319946289062,343400,0.0,0.0
2013-06-11 00:00:00-04:00,1.2786396250758723,1.2907882083925877,1.2573795318603516,1.2573795318603516,641900,0.035,0.0
2013-06-12 00:00:00-04:00,1.2604165523554733,1.26952791600227,1.2300450988286276,1.2361193895339966,650600,0.0,0.0
2013-06-13 00:00:00-04:00,1.2391569287247257,1.2513055147065313,1.21789697566785,1.22700834274292,752900,0.0,0.0
2013-06-14 00:00:00-04:00,1.2270078191654155,1.2604164887708247,1.2270078191654155,1.2543421983718872,337900,0.0,0.0
2013-06-17 00:00:00-04:00,1.2513054397622534,1.2634540250164454,1.2421940732328893,1.2482683658599854,372700,0.0,0.0
2013-06-18 00:00:00-04:00,1.2543426584870814,1.2573797323893494,1.2330825618809655,1.2482683658599854,268200,0.0,0.0
2013-06-19 00:00:00-04:00,1.2421941641104923,1.2452312382349495,1.23308265209198,1.23308265209198,210600,0.0,0.0
2013-06-20 00:00:00-04:00,1.2300453208251338,1.2300453208251338,1.1905623517031574,1.2057480812072754,634500,0.0,0.0
2013-06-21 00:00:00-04:00,1.2087853083882754,1.220933892808455,1.2057481622832305,1.217896819114685,286400,0.0,0.0
2013-06-24 00:00:00-04:00,1.2148596048355103,1.2148596048355103,1.1723394868053063,1.2148596048355103,689400,0.0,0.0
2013-06-25 00:00:00-04:00,1.2118221521377563,1.2178965152435377,1.1996735707487072,1.2118221521377563,256100,0.0,0.0
2013-06-26 00:00:00-04:00,1.211822542012509,1.2452311515808105,1.211822542012509,1.2452311515808105,357700,0.0,0.0
2013-06-27 00:00:00-04:00,1.25130484082925,1.2907877964182652,1.25130484082925,1.2847135066986084,536300,0.0,0.0
2013-06-28 00:00:00-04:00,1.2786393197949608,1.2847136100030545,1.2695278120715694,1.275602102279663,267100,0.0,0.0
2013-07-01 00:00:00-04:00,1.2725653030244202,1.2907881775642707,1.2695280848565118,1.2877509593963623,286100,0.0,0.0
2013-07-02 00:00:00-04:00,1.287751279730439,1.2907884986538696,1.2786399126052856,1.2786399126052856,254700,0.0,0.0
2013-07-03 00:00:00-04:00,1.2786393197949608,1.2786393197949608,1.2695278120715694,1.275602102279663,187800,0.0,0.0
2013-07-05 00:00:00-04:00,1.2695283176435415,1.2695283176435415,1.2482683658599854,1.2482683658599854,266600,0.0,0.0
2013-07-08 00:00:00-04:00,1.2513053713806292,1.2695282482660692,1.2178968361685985,1.2239711284637451,479200,0.0,0.0
2013-07-09 00:00:00-04:00,1.220933980985682,1.2513054442295926,1.2148596883369,1.2452311515808105,422500,0.0,0.0
2013-07-10 00:00:00-04:00,1.255952341317618,1.2712688920689543,1.2467625277223788,1.2682055234909058,176800,0.035,0.0
2013-07-11 00:00:00-04:00,1.2712691825047508,1.28658559068584,1.2712691825047508,1.283522367477417,280200,0.0,0.0
2013-07-12 00:00:00-04:00,1.2804580383561266,1.2865846262499117,1.268204862568556,1.2743314504623413,197200,0.0,0.0
2013-07-15 00:00:00-04:00,1.277395347343757,1.2835219377790257,1.2712687569084882,1.2804585695266724,154300,0.0,0.0
2013-07-16 00:00:00-04:00,1.2804576338926712,1.2804576338926712,1.2682044619755608,1.277394413948059,108800,0.0,0.0
2013-07-17 00:00:00-04:00,1.2804589981995071,1.28658559068584,1.277395774991084,1.283522367477417,185700,0.0,0.0
2013-07-18 00:00:00-04:00,1.2896489599637502,1.2927121831721733,1.283522367477417,1.283522367477417,104400,0.0,0.0
2013-07-19 00:00:00-04:00,1.28658559068584,1.2927121831721733,1.283522367477417,1.283522367477417,140900,0.0,0.0
2013-07-22 00:00:00-04:00,1.2835219377790257,1.2927117503972099,1.277395347343757,1.2804585695266724,243000,0.0,0.0
2013-07-23 00:00:00-04:00,1.2835219377790257,1.2865851599619411,1.277395347343757,1.2804585695266724,201000,0.0,0.0
2013-07-24 00:00:00-04:00,1.283522367477417,1.28658559068584,1.277395774991084,1.283522367477417,176700,0.0,0.0
2013-07-25 00:00:00-04:00,1.2712687885405618,1.2743320107996972,1.25595223903656,1.25595223903656,579100,0.0,0.0
2013-07-26 00:00:00-04:00,1.2559522434288908,1.2651422023773193,1.2436990622106143,1.2651422023773193,183000,0.0,0.0
2013-07-29 00:00:00-04:00,1.26514237238138,1.2712689638137817,1.2620790036304483,1.2712689638137817,138000,0.0,0.0
2013-07-30 00:00:00-04:00,1.2743320152563058,1.2743320152563058,1.259015611768181,1.2651422023773193,175700,0.0,0.0
2013-07-31 00:00:00-04:00,1.2651416416563521,1.2743314504623413,1.262078274674771,1.2743314504623413,103200,0.0,0.0
2013-08-01 00:00:00-04:00,1.2804591375602825,1.2804591375602825,1.2620793581008911,1.2620793581008911,138300,0.0,0.0
2013-08-02 00:00:00-04:00,1.259015607365137,1.2682054202119848,1.25595223903656,1.25595223903656,200900,0.0,0.0
2013-08-05 00:00:00-04:00,1.262078662795077,1.2682052525729397,1.2559520730172145,1.259015440940857,220200,0.0,0.0
2013-08-06 00:00:00-04:00,1.262078662795077,1.262078662795077,1.2436988934614892,1.259015440940857,225100,0.0,0.0
2013-08-07 00:00:00-04:00,1.2503713369369507,1.2596332639632142,1.2503713369369507,1.2503713369369507,324800,0.032,0.0
2013-08-08 00:00:00-04:00,1.2503715599754928,1.2565462281663176,1.244196891784668,1.244196891784668,349000,0.0,0.0
2013-08-09 00:00:00-04:00,1.2472834398026058,1.2503708457422902,1.241108775138855,1.241108775138855,153700,0.0,0.0
2013-08-12 00:00:00-04:00,1.244196336941789,1.256545667816319,1.2411089306153384,1.2534582614898682,164300,0.0,0.0
2013-08-13 00:00:00-04:00,1.2565460040263516,1.2565460040263516,1.2472839297844123,1.2503713369369507,197300,0.0,0.0
2013-08-14 00:00:00-04:00,1.2503713369369507,1.2534585968738132,1.2441966698475495,1.2503713369369507,109200,0.0,0.0
2013-08-15 00:00:00-04:00,1.2472832804119078,1.2472832804119078,1.2287592887878418,1.2287592887878418,302500,0.0,0.0
2013-08-16 00:00:00-04:00,1.2287600919323185,1.2380221674060463,1.216410756111145,1.216410756111145,336500,0.0,0.0
2013-08-19 00:00:00-04:00,1.2164112817111548,1.219498617000457,1.1762758493423462,1.1762758493423462,873600,0.0,0.0
2013-08-20 00:00:00-04:00,1.1731873441881724,1.1855366730310257,1.1639253475560323,1.1824493408203125,522000,0.0,0.0
2013-08-21 00:00:00-04:00,1.1855367609021616,1.19171142578125,1.1855367609021616,1.19171142578125,210500,0.0,0.0
2013-08-22 00:00:00-04:00,1.1917119542462453,1.197886695471336,1.1855372866289988,1.188624620437622,178600,0.0,0.0
2013-08-23 00:00:00-04:00,1.19171142578125,1.1947987582207944,1.1886240933417058,1.19171142578125,148000,0.0,0.0
2013-08-26 00:00:00-04:00,1.191711646652465,1.1978863862837883,1.1824496476172184,1.1855369806289673,301500,0.0,0.0
2013-08-27 00:00:00-04:00,1.1824494967004824,1.1978862333968523,1.1793621640827716,1.1947988271713257,381300,0.0,0.0
2013-08-28 00:00:00-04:00,1.194799127972275,1.2040612017650298,1.1917117945773013,1.2009738683700562,207400,0.0,0.0
2013-08-29 00:00:00-04:00,1.1978865349750827,1.2040612017650298,1.194799127972275,1.2009738683700562,168000,0.0,0.0
2013-08-30 00:00:00-04:00,1.2009741375822192,1.2164108080173939,1.1947993958002983,1.2133234739303589,185600,0.0,0.0
2013-09-03 00:00:00-04:00,1.2194972929758088,1.2318466207251861,1.2194972929758088,1.2287592887878418,216600,0.0,0.0
2013-09-04 00:00:00-04:00,1.2287592887878418,1.2318466207251861,1.2194972929758088,1.2287592887878418,210000,0.0,0.0
2013-09-05 00:00:00-04:00,1.228759078847182,1.2318464102570377,1.2194970846176147,1.2194970846176147,165600,0.0,0.0
2013-09-06 00:00:00-04:00,1.2256728628468163,1.2256728628468163,1.207148857530124,1.2102361917495728,284200,0.0,0.0
2013-09-09 00:00:00-04:00,1.216410178656213,1.2256721761252323,1.2071481811871936,1.222584843635559,187500,0.0,0.0
2013-09-10 00:00:00-04:00,1.223207091707132,1.2418819910107637,1.223207091707132,1.2325445413589478,251200,0.032,0.0
2013-09-11 00:00:00-04:00,1.2294324363535603,1.2387698888778687,1.2294324363535603,1.2387698888778687,192300,0.0,0.0
2013-09-12 00:00:00-04:00,1.2387694359188244,1.241881918955507,1.2263195037720944,1.2294319868087769,237900,0.0,0.0
2013-09-13 00:00:00-04:00,1.2325456826932981,1.2418831409915778,1.2294331965938714,1.2356581687927246,131200,0.0,0.0
2013-09-16 00:00:00-04:00,1.2356574047030993,1.2418823730526383,1.2356574047030993,1.2387698888778687,199500,0.0,0.0
2013-09-17 00:00:00-04:00,1.2387698401663712,1.24188232421875,1.2387698401663712,1.24188232421875,157700,0.0,0.0
2013-09-18 00:00:00-04:00,1.2356587275504793,1.2481087517855372,1.2356587275504793,1.244996190071106,312800,0.0,0.0
2013-09-19 00:00:00-04:00,1.248107366530981,1.2574447444806445,1.24188232421875,1.24188232421875,272000,0.0,0.0
2013-09-20 00:00:00-04:00,1.2418823730526383,1.2481074156096534,1.2387698888778687,1.2387698888778687,198400,0.0,0.0
2013-09-23 00:00:00-04:00,1.2449956270910045,1.2481081873979532,1.2356581687927246,1.2356581687927246,172000,0.0,0.0
2013-09-24 00:00:00-04:00,1.2387698401663712,1.24188232421875,1.235657356113992,1.24188232421875,158800,0.0,0.0
2013-09-25 00:00:00-04:00,1.2418829837473644,1.2481080293655396,1.2387704980420333,1.2481080293655396,161300,0.0,0.0
2013-09-26 00:00:00-04:00,1.251219652643273,1.2574446201324463,1.2481072431061524,1.2574446201324463,181800,0.0,0.0
2013-09-27 00:00:00-04:00,1.2574449734837814,1.2605575323104858,1.2512200042453456,1.2605575323104858,183400,0.0,0.0
2013-09-30 00:00:00-04:00,1.251220440863358,1.2574454122740206,1.2481080293655396,1.2481080293655396,279800,0.0,0.0
2013-10-01 00:00:00-04:00,1.2512193890765868,1.2574443552544843,1.2512193890765868,1.2543319463729858,191700,0.0,0.0
2013-10-02 00:00:00-04:00,1.2636699633240889,1.2698949326640114,1.254332583521693,1.266782522201538,143200,0.0,0.0
2013-10-03 00:00:00-04:00,1.2667818787287806,1.269894287610279,1.2543319463729858,1.2543319463729858,157600,0.0,0.0
2013-10-04 00:00:00-04:00,1.2543319463729858,1.2605569125508833,1.2543319463729858,1.2543319463729858,147100,0.0,0.0
2013-10-07 00:00:00-04:00,1.2481087517855372,1.251221165084857,1.244996190071106,1.244996190071106,129900,0.0,0.0
2013-10-08 00:00:00-04:00,1.2481080293655396,1.2543330007762021,1.2449954694526957,1.2481080293655396,184700,0.0,0.0
2013-10-09 00:00:00-04:00,1.2455975479337082,1.2550101148183137,1.2455975479337082,1.2487350702285767,144700,0.032,0.0
2013-10-10 00:00:00-04:00,1.251872952949251,1.2612855225438224,1.251872952949251,1.2581480741500854,149100,0.0,0.0
2013-10-11 00:00:00-04:00,1.2581468993130034,1.267559385313895,1.2550093042401944,1.2644219398498535,146000,0.0,0.0
2013-10-14 00:00:00-04:00,1.2644231205464664,1.2644231205464664,1.2581480741500854,1.2581480741500854,139800,0.0,0.0
2013-10-15 00:00:00-04:00,1.2581480836755077,1.261285532092998,1.2518729624271643,1.2550104856491089,217700,0.0,0.0
2013-10-16 00:00:00-04:00,1.2550104856491089,1.261285532092998,1.2550104856491089,1.2550104856491089,133300,0.0,0.0
2013-10-17 00:00:00-04:00,1.2581476463377304,1.2738351821899414,1.2581476463377304,1.2738351821899414,231300,0.0,0.0
2013-10-18 00:00:00-04:00,1.2738359966963044,1.2738359966963044,1.267560948421306,1.2706985473632812,109000,0.0,0.0
2013-10-21 00:00:00-04:00,1.2706969803867039,1.2738344258507452,1.2644219398498535,1.2644219398498535,155100,0.0,0.0
2013-10-22 00:00:00-04:00,1.2644226906003861,1.280110226452597,1.2644226906003861,1.2738351821899414,165200,0.0,0.0
2013-10-23 00:00:00-04:00,1.27383568117105,1.2863857746124268,1.27383568117105,1.2863857746124268,138100,0.0,0.0
2013-10-24 00:00:00-04:00,1.2895221878585053,1.2957972288131714,1.2863845925767834,1.2957972288131714,168400,0.0,0.0
2013-10-25 00:00:00-04:00,1.2926599751504728,1.2989350177634822,1.2895225286483765,1.2895225286483765,193300,0.0,0.0
2013-10-28 00:00:00-04:00,1.2957972288131714,1.3020722697678375,1.2926596335314495,1.2957972288131714,180900,0.0,0.0
2013-10-29 00:00:00-04:00,1.302073359489441,1.3083484056957724,1.2926607153754925,1.302073359489441,246500,0.0,0.0
2013-10-30 00:00:00-04:00,1.3052098679594264,1.308347463607788,1.3020724219198598,1.308347463607788,189700,0.0,0.0
2013-10-31 00:00:00-04:00,1.3020729101558688,1.3146229982376099,1.3020729101558688,1.3146229982376099,200500,0.0,0.0
2013-11-01 00:00:00-04:00,1.308347463607788,1.3114849096473546,1.3020724219198598,1.308347463607788,242900,0.0,0.0
2013-11-04 00:00:00-05:00,1.3083479761147345,1.3177604675292969,1.3083479761147345,1.3177604675292969,144200,0.0,0.0
2013-11-05 00:00:00-05:00,1.3146229982376099,1.3146229982376099,1.3083479541967393,1.3146229982376099,93400,0.0,0.0
2013-11-06 00:00:00-05:00,1.3146227675924367,1.317760214257994,1.3114851713180542,1.3114851713180542,166200,0.0,0.0
2013-11-07 00:00:00-05:00,1.302073359489441,1.3052108077881552,1.302073359489441,1.302073359489441,132100,0.0,0.0
2013-11-08 00:00:00-05:00,1.302073359489441,1.3052108077881552,1.298935761581824,1.302073359489441,130600,0.0,0.0
2013-11-11 00:00:00-05:00,1.302073359489441,1.3114858539944867,1.302073359489441,1.302073359489441,149500,0.0,0.0
2013-11-12 00:00:00-05:00,1.3058676184450897,1.309029447022761,1.2963818311691284,1.2963818311691284,131100,0.032,0.0
2013-11-13 00:00:00-05:00,1.2932191111567826,1.3058667182922363,1.2932191111567826,1.3058667182922363,156600,0.0,0.0
2013-11-14 00:00:00-05:00,1.2995424138010438,1.2995424138010438,1.2932186126708984,1.2932186126708984,244800,0.0,0.0
2013-11-15 00:00:00-05:00,1.2900572209365406,1.2932191983192047,1.283733416942592,1.2868953943252563,289300,0.0,0.0
2013-11-18 00:00:00-05:00,1.283733416942592,1.2900572209365406,1.283733416942592,1.2868953943252563,105500,0.0,0.0
2013-11-19 00:00:00-05:00,1.2868958231934986,1.2932196292949059,1.28373384475708,1.28373384475708,140500,0.0,0.0
2013-11-20 00:00:00-05:00,1.2837344820514123,1.2868964620575574,1.2774106728106274,1.2805726528167725,122500,0.0,0.0
2013-11-21 00:00:00-05:00,1.2774096625847031,1.2774096625847031,1.2710858583450317,1.2710858583450317,161100,0.0,0.0
2013-11-22 00:00:00-05:00,1.2710861990582414,1.2742481774113348,1.2584385871887207,1.2584385871887207,454000,0.0,0.0
2013-11-25 00:00:00-05:00,1.264762393123481,1.2742481774113348,1.2584385871887207,1.2584385871887207,223400,0.0,0.0
2013-11-26 00:00:00-05:00,1.2647625684041295,1.2679245471954346,1.261600664998548,1.2679245471954346,129700,0.0,0.0
2013-11-27 00:00:00-05:00,1.2647626399993896,1.267924618969687,1.258438832830251,1.2647626399993896,204700,0.0,0.0
2013-11-29 00:00:00-05:00,1.267924136112763,1.267924136112763,1.2616002559661865,1.2616002559661865,170800,0.0,0.0
2013-12-02 00:00:00-05:00,1.2647620541053604,1.2710858583450317,1.2616001519855247,1.2710858583450317,115300,0.0,0.0
2013-12-03 00:00:00-05:00,1.267924031610889,1.2742478358505605,1.267924031610889,1.2710858583450317,117800,0.0,0.0
2013-12-04 00:00:00-05:00,1.2616002559661865,1.267924136112763,1.2616002559661865,1.2616002559661865,186400,0.0,0.0
2013-12-05 00:00:00-05:00,1.2647626399993896,1.267924618969687,1.258438832830251,1.2647626399993896,133500,0.0,0.0
2013-12-06 00:00:00-05:00,1.2647625684041295,1.2679245471954346,1.2647625684041295,1.2679245471954346,152300,0.0,0.0
2013-12-09 00:00:00-05:00,1.2679245471954346,1.277410182026455,1.2679245471954346,1.2679245471954346,200100,0.0,0.0
2013-12-10 00:00:00-05:00,1.274936796556347,1.2876861523631657,1.265374779701233,1.265374779701233,262900,0.032,0.0
2013-12-11 00:00:00-05:00,1.2717494576046422,1.274936796556347,1.2621874407495282,1.265374779701233,138800,0.0,0.0
2013-12-12 00:00:00-05:00,1.2685621186529377,1.274936796556347,1.2621874407495282,1.265374779701233,199900,0.0,0.0
2013-12-13 00:00:00-05:00,1.2717491783090895,1.274936516560806,1.2621871635539401,1.268561840057373,215100,0.0,0.0
2013-12-16 00:00:00-05:00,1.2717490196228027,1.2749363574768096,1.268561681768796,1.2717490196228027,187800,0.0,0.0
2013-12-17 00:00:00-05:00,1.2653743439147889,1.2717490196228027,1.2653743439147889,1.2717490196228027,182800,0.0,0.0
2013-12-18 00:00:00-05:00,1.268561840057373,1.2717491783090895,1.2653745018056566,1.268561840057373,172300,0.0,0.0
2013-12-19 00:00:00-05:00,1.2685612921364604,1.278123378753662,1.2685612921364604,1.278123378753662,186700,0.0,0.0
2013-12-20 00:00:00-05:00,1.278123378753662,1.278123378753662,1.2749359658865247,1.278123378753662,263000,0.0,0.0
2013-12-23 00:00:00-05:00,1.2749366752023652,1.303622799029393,1.2749366752023652,1.2940607070922852,412900,0.0,0.0
2013-12-24 00:00:00-05:00,1.2844981802616504,1.3004347902297824,1.2844981802616504,1.2972475290298462,140300,0.0,0.0
2013-12-26 00:00:00-05:00,1.3043160438537598,1.3075287185228777,1.3011035223734015,1.3043160438537598,180400,0.032,0.0
2013-12-27 00:00:00-05:00,1.310740180206429,1.310740180206429,1.2946772794147499,1.3075276613235474,209100,0.0,0.0
2013-12-30 00:00:00-05:00,1.3075276613235474,1.3075276613235474,1.3011024703691487,1.3075276613235474,325800,0.0,0.0
2013-12-31 00:00:00-05:00,1.3075276613235474,1.3139528522779462,1.3011024703691487,1.3075276613235474,225700,0.0,0.0
2014-01-02 00:00:00-05:00,1.3075280874007713,1.3139532804489136,1.3075280874007713,1.3139532804489136,150000,0.0,0.0
2014-01-03 00:00:00-05:00,1.3139532299359862,1.3235909425433494,1.3107405569410784,1.3203784227371216,288900,0.0,0.0
2014-01-06 00:00:00-05:00,1.323590993426784,1.323590993426784,1.3139532804489136,1.3139532804489136,232200,0.0,0.0
2014-01-07 00:00:00-05:00,1.3203784227371216,1.3203784227371216,1.3139532299359862,1.3203784227371216,117500,0.0,0.0
2014-01-08 00:00:00-05:00,1.3203784734970558,1.3268036665451979,1.3139532804489136,1.3139532804489136,189400,0.0,0.0
2014-01-09 00:00:00-05:00,1.3139533992413144,1.3235911130905151,1.3139533992413144,1.3235911130905151,128500,0.0,0.0
2014-01-10 00:00:00-05:00,1.330016135344485,1.3332288083393926,1.3203784227371216,1.3203784227371216,105600,0.0,0.0
2014-01-13 00:00:00-05:00,1.320378253836803,1.3300159652113284,1.320378253836803,1.32680344581604,171300,0.0,0.0
2014-01-14 00:00:00-05:00,1.3235909425433494,1.3235909425433494,1.317165749742214,1.3203784227371216,175800,0.0,0.0
2014-01-15 00:00:00-05:00,1.32680344581604,1.32680344581604,1.320378253836803,1.32680344581604,145800,0.0,0.0
2014-01-16 00:00:00-05:00,1.3268035149992732,1.3364412268763355,1.3235908422478069,1.3332287073135376,185600,0.0,0.0
2014-01-17 00:00:00-05:00,1.3396538318372473,1.342866351237482,1.3332286398481172,1.336441159248352,148200,0.0,0.0
2014-01-21 00:00:00-05:00,1.3332287073135376,1.3364412268763355,1.3300160345620713,1.3332287073135376,172000,0.0,0.0
2014-01-22 00:00:00-05:00,1.3364412268763355,1.3364412268763355,1.3332287073135376,1.3332287073135376,102800,0.0,0.0
2014-01-23 00:00:00-05:00,1.3332285388898713,1.3428662495494241,1.3332285388898713,1.339653730392456,132000,0.0,0.0
2014-01-24 00:00:00-05:00,1.3396541737574488,1.3396541737574488,1.3235911130905151,1.3235911130905151,197500,0.0,0.0
2014-01-27 00:00:00-05:00,1.3268037864993816,1.3268037864993816,1.3171659194614815,1.3235911130905151,150900,0.0,0.0
2014-01-28 00:00:00-05:00,1.3203784227371216,1.3235909425433494,1.317165749742214,1.3203784227371216,95100,0.0,0.0
2014-01-29 00:00:00-05:00,1.320378592870348,1.3235911130905151,1.320378592870348,1.3235911130905151,88300,0.0,0.0
2014-01-30 00:00:00-05:00,1.3235903501973139,1.3300155401229858,1.3235903501973139,1.3300155401229858,121100,0.0,0.0
2014-01-31 00:00:00-05:00,1.3300159652113284,1.3300159652113284,1.3235907732320913,1.32680344581604,98800,0.0,0.0
2014-02-03 00:00:00-05:00,1.3171653747558594,1.3268032378080807,1.3171653747558594,1.3171653747558594,144000,0.0,0.0
2014-02-04 00:00:00-05:00,1.3268037864993816,1.3268037864993816,1.3171659194614815,1.3235911130905151,151900,0.0,0.0
2014-02-05 00:00:00-05:00,1.3307145833969116,1.3339522513881354,1.3210012706475025,1.3307145833969116,150600,0.032,0.0
2014-02-06 00:00:00-05:00,1.330714282813347,1.3339519500732422,1.330714282813347,1.3339519500732422,71400,0.0,0.0
2014-02-07 00:00:00-05:00,1.330714282813347,1.337189771720971,1.327476461165618,1.3339519500732422,121400,0.0,0.0
2014-02-10 00:00:00-05:00,1.3371900882831387,1.3436655787237501,1.3274767754282866,1.3404277563095093,212700,0.0,0.0
2014-02-11 00:00:00-05:00,1.3404276584358827,1.3436654806137085,1.3404276584358827,1.3436654806137085,96400,0.0,0.0
2014-02-12 00:00:00-05:00,1.3436655787237501,1.3436655787237501,1.3404277563095093,1.3404277563095093,122900,0.0,0.0
2014-02-13 00:00:00-05:00,1.346903148403675,1.346903148403675,1.3436654806137085,1.3436654806137085,117200,0.0,0.0
2014-02-14 00:00:00-05:00,1.3469032049179077,1.3469032049179077,1.343665536992093,1.3469032049179077,100200,0.0,0.0
2014-02-18 00:00:00-05:00,1.350141027231588,1.3533786951574027,1.3469032049179077,1.3469032049179077,109700,0.0,0.0
2014-02-19 00:00:00-05:00,1.3469023936030102,1.3533778799419567,1.3469023936030102,1.3501402139663696,97000,0.0,0.0
2014-02-20 00:00:00-05:00,1.3533782958984375,1.3566161172569309,1.350140628927764,1.3533782958984375,201900,0.0,0.0
2014-02-21 00:00:00-05:00,1.3533778799419567,1.356615700305316,1.3501402139663696,1.3501402139663696,120500,0.0,0.0
2014-02-24 00:00:00-05:00,1.350140628927764,1.3566161172569309,1.3469028075692706,1.3533782958984375,85300,0.0,0.0
2014-02-25 00:00:00-05:00,1.3598537842276044,1.3598537842276044,1.350140628927764,1.3533782958984375,126600,0.0,0.0
2014-02-26 00:00:00-05:00,1.3566161172569309,1.3598537842276044,1.3533782958984375,1.3533782958984375,172900,0.0,0.0
2014-02-27 00:00:00-05:00,1.3566152451524789,1.3598529100418093,1.353377425875428,1.359852910041809,169000,0.0,0.0
2014-02-28 00:00:00-05:00,1.3598529100418093,1.3663283942081903,1.3566152451524789,1.359852910041809,191600,0.0,0.0
2014-03-03 00:00:00-05:00,1.356616748551165,1.3663299083709717,1.356616748551165,1.3663299083709717,167500,0.0,0.0
2014-03-04 00:00:00-05:00,1.3663299083709717,1.3695677312361683,1.3663299083709717,1.3663299083709717,177000,0.0,0.0
2014-03-05 00:00:00-05:00,1.3695672750473022,1.3695672750473022,1.36309178586172,1.3695672750473022,189000,0.0,0.0
2014-03-06 00:00:00-05:00,1.3663293744417153,1.3695671960416478,1.3630917072296143,1.3630917072296143,113000,0.0,0.0
2014-03-07 00:00:00-05:00,1.3663289346819658,1.3695667552397897,1.3566157817840576,1.3566157817840576,175700,0.0,0.0
2014-03-10 00:00:00-04:00,1.354006006330644,1.3637939142096467,1.354006006330644,1.3605313301086426,141900,0.032,0.0
2014-03-11 00:00:00-04:00,1.3605312659978035,1.3637938499450684,1.3572685264745554,1.3637938499450684,118300,0.0,0.0
2014-03-12 00:00:00-04:00,1.360531883096158,1.380107862386801,1.360531883096158,1.376845121383667,223800,0.0,0.0
2014-03-13 00:00:00-04:00,1.3768443956891583,1.3801071349725977,1.3637937497073442,1.3670564889907837,186200,0.0,0.0
2014-03-14 00:00:00-04:00,1.3670558306444873,1.3703184127807617,1.3670558306444873,1.3703184127807617,89800,0.0,0.0
2014-03-17 00:00:00-04:00,1.3735819129388294,1.3735819129388294,1.3637938499450684,1.3637938499450684,162400,0.0,0.0
2014-03-18 00:00:00-04:00,1.3670566538866413,1.3703192379876452,1.357268590431648,1.3605313301086426,183100,0.0,0.0
2014-03-19 00:00:00-04:00,1.3637939142096467,1.3637939142096467,1.3605313301086426,1.3605313301086426,125200,0.0,0.0
2014-03-20 00:00:00-04:00,1.3572685264745554,1.3670565894683164,1.3572685264745554,1.3637938499450684,111200,0.0,0.0
2014-03-21 00:00:00-04:00,1.3670565894683164,1.3703191734155813,1.3605312659978035,1.3637938499450684,91200,0.0,0.0
2014-03-24 00:00:00-04:00,1.3703184127807617,1.3735811504929332,1.363793092932316,1.3703184127807617,156800,0.0,0.0
2014-03-25 00:00:00-04:00,1.3703190726982513,1.3703190726982513,1.3670564889907837,1.3670564889907837,91700,0.0,0.0
2014-03-26 00:00:00-04:00,1.363793092932316,1.3703184127807617,1.363793092932316,1.3703184127807617,97300,0.0,0.0
2014-03-27 00:00:00-04:00,1.3703190726982513,1.3735818119816907,1.3670564889907837,1.3670564889907837,152500,0.0,0.0
2014-03-28 00:00:00-04:00,1.3670564889907837,1.3703190726982513,1.3670564889907837,1.3670564889907837,133200,0.0,0.0
2014-03-31 00:00:00-04:00,1.3735818119816907,1.3768443956891583,1.3670564889907837,1.3670564889907837,124000,0.0,0.0
2014-04-01 00:00:00-04:00,1.3735825359565867,1.376845121383667,1.3703197949534527,1.376845121383667,182100,0.0,0.0
2014-04-02 00:00:00-04:00,1.376845121383667,1.376845121383667,1.3735825359565867,1.376845121383667,123100,0.0,0.0
2014-04-03 00:00:00-04:00,1.3735817226073188,1.383369628668827,1.3735817226073188,1.380107045173645,229600,0.0,0.0
2014-04-04 00:00:00-04:00,1.380107862386801,1.3833704478138813,1.376845121383667,1.376845121383667,205000,0.0,0.0
2014-04-07 00:00:00-04:00,1.3833697032273717,1.3866324424743652,1.3801071195563483,1.3866324424743652,142500,0.0,0.0
2014-04-08 00:00:00-04:00,1.3801071195563483,1.3866324424743652,1.3801071195563483,1.3866324424743652,171500,0.0,0.0
2014-04-09 00:00:00-04:00,1.384002685546875,1.3872900213091635,1.384002685546875,1.384002685546875,149600,0.032,0.0
2014-04-10 00:00:00-04:00,1.3840024273479437,1.3872897624969482,1.3840024273479437,1.3872897624969482,101600,0.0,0.0
2014-04-11 00:00:00-04:00,1.3840024273479437,1.3872897624969482,1.3840024273479437,1.3872897624969482,120900,0.0,0.0
2014-04-14 00:00:00-04:00,1.3872897624969482,1.3872897624969482,1.3840024273479437,1.3872897624969482,116500,0.0,0.0
2014-04-15 00:00:00-04:00,1.3872895671060244,1.393864393234253,1.3872895671060244,1.393864393234253,150500,0.0,0.0
2014-04-16 00:00:00-04:00,1.3938639797174,1.3971514701843262,1.3938639797174,1.3971514701843262,140600,0.0,0.0
2014-04-17 00:00:00-04:00,1.393864393234253,1.3971518846764772,1.393864393234253,1.393864393234253,94400,0.0,0.0
2014-04-21 00:00:00-04:00,1.3938650100527776,1.397152502949796,1.3905776739120483,1.3905776739120483,162900,0.0,0.0
2014-04-22 00:00:00-04:00,1.3938639797174,1.3971514701843262,1.3938639797174,1.3971514701843262,89200,0.0,0.0
2014-04-23 00:00:00-04:00,1.397152108206524,1.4037269353866577,1.397152108206524,1.4037269353866577,142300,0.0,0.0
2014-04-24 00:00:00-04:00,1.4037269552765292,1.4070144472913002,1.4004396200180054,1.4004396200180054,92300,0.0,0.0
2014-04-25 00:00:00-04:00,1.4070149660110474,1.4070149660110474,1.400440136313831,1.4070149660110474,156200,0.0,0.0
2014-04-28 00:00:00-04:00,1.407013784828932,1.407013784828932,1.3971514701843262,1.3971514701843262,242500,0.0,0.0
2014-04-29 00:00:00-04:00,1.400440136313831,1.4070149660110474,1.400440136313831,1.4070149660110474,164200,0.0,0.0
2014-04-30 00:00:00-04:00,1.4070149660110474,1.4070149660110474,1.4037274727842868,1.4070149660110474,161900,0.0,0.0
2014-05-01 00:00:00-04:00,1.407014427354847,1.407014427354847,1.4037269353866577,1.4037269353866577,114300,0.0,0.0
2014-05-02 00:00:00-04:00,1.4037274727842868,1.4070149660110474,1.4037274727842868,1.4070149660110474,78500,0.0,0.0
2014-05-05 00:00:00-04:00,1.407014469232754,1.4103018045425415,1.4037269771667167,1.4103018045425415,96500,0.0,0.0
2014-05-06 00:00:00-04:00,1.4103019850522471,1.4135894775390625,1.4070146493217015,1.4135894775390625,164300,0.0,0.0
2014-05-07 00:00:00-04:00,1.416876616246692,1.4201641082763672,1.4135892809732646,1.4201641082763672,106200,0.0,0.0
2014-05-08 00:00:00-04:00,1.416876616246692,1.4234514435497945,1.416876616246692,1.4201641082763672,274300,0.0,0.0
2014-05-09 00:00:00-04:00,1.4175145337321142,1.4274502943419602,1.4108906406835278,1.4241384267807007,118500,0.032,0.0
2014-05-12 00:00:00-04:00,1.417515248896105,1.4307630416770467,1.417515248896105,1.4274510145187378,154200,0.0,0.0
2014-05-13 00:00:00-04:00,1.4307624148649352,1.4340742826461792,1.4274503891576134,1.4340742826461792,123500,0.0,0.0
2014-05-14 00:00:00-04:00,1.4307622286504473,1.4307622286504473,1.417514443397522,1.417514443397522,188900,0.0,0.0
2014-05-15 00:00:00-04:00,1.4175145337321142,1.4241384267807007,1.4175145337321142,1.4241384267807007,130500,0.0,0.0
2014-05-16 00:00:00-04:00,1.4241389386039103,1.4241389386039103,1.4208269119262695,1.4208269119262695,96500,0.0,0.0
2014-05-19 00:00:00-04:00,1.417515248896105,1.4307630416770467,1.417515248896105,1.4274510145187378,195200,0.0,0.0
2014-05-20 00:00:00-04:00,1.4241389386039103,1.4274508073554266,1.4208269119262695,1.4208269119262695,101700,0.0,0.0
2014-05-21 00:00:00-04:00,1.4274497898007608,1.4307618141174316,1.4241379234101015,1.4307618141174316,104100,0.0,0.0
2014-05-22 00:00:00-04:00,1.4307623198292871,1.4307623198292871,1.4241384267807007,1.4241384267807007,146900,0.0,0.0
2014-05-23 00:00:00-04:00,1.4208267037926394,1.4241387299851092,1.4142028093338013,1.4142028093338013,162500,0.0,0.0
2014-05-27 00:00:00-04:00,1.4175145337321142,1.4241384267807007,1.4175145337321142,1.4241384267807007,122300,0.0,0.0
2014-05-28 00:00:00-04:00,1.4307623198292871,1.4307623198292871,1.4208264012933738,1.4241384267807007,200500,0.0,0.0
2014-05-29 00:00:00-04:00,1.4274502033741872,1.4307622286504473,1.417514443397522,1.417514443397522,210700,0.0,0.0
2014-05-30 00:00:00-04:00,1.4208258990934306,1.4307618141174316,1.4175140327027713,1.4307618141174316,199600,0.0,0.0
2014-06-02 00:00:00-04:00,1.4307624148649352,1.4340742826461792,1.4274503891576134,1.4340742826461792,84800,0.0,0.0
2014-06-03 00:00:00-04:00,1.434073680508091,1.434073680508091,1.4274497898007608,1.4307618141174316,145500,0.0,0.0
2014-06-04 00:00:00-04:00,1.4274497898007608,1.4307618141174316,1.4241379234101015,1.4307618141174316,75600,0.0,0.0
2014-06-05 00:00:00-04:00,1.4274503891576134,1.4373863083535012,1.4274503891576134,1.4340742826461792,172800,0.0,0.0
2014-06-06 00:00:00-04:00,1.437386393547058,1.437386393547058,1.434074367643433,1.437386393547058,89600,0.0,0.0
2014-06-09 00:00:00-04:00,1.437386393547058,1.4406982615245958,1.4307624996658956,1.437386393547058,191700,0.0,0.0
2014-06-10 00:00:00-04:00,1.4347173771988349,1.4413904746188633,1.4313807489392245,1.438053846359253,96900,0.032,0.0
2014-06-11 00:00:00-04:00,1.4347174167760364,1.448063611984253,1.4347174167760364,1.448063611984253,197500,0.0,0.0
2014-06-12 00:00:00-04:00,1.4413904746188633,1.4480635720388917,1.4347173771988349,1.438053846359253,169500,0.0,0.0
2014-06-13 00:00:00-04:00,1.438053609231479,1.4447267055511477,1.438053609231479,1.4447267055511475,145700,0.0,0.0
2014-06-16 00:00:00-04:00,1.4447260277443794,1.4447260277443794,1.4380529345554551,1.441389560699463,121500,0.0,0.0
2014-06-17 00:00:00-04:00,1.4447267055511477,1.4447267055511477,1.438053609231479,1.4447267055511475,125200,0.0,0.0
2014-06-18 00:00:00-04:00,1.4413905143801446,1.448063611984253,1.4413905143801446,1.448063611984253,124000,0.0,0.0
2014-06-19 00:00:00-04:00,1.4480626538883872,1.4513991209333037,1.441389560699463,1.441389560699463,131500,0.0,0.0
2014-06-20 00:00:00-04:00,1.441389560699463,1.4447260277443794,1.441389560699463,1.441389560699463,87700,0.0,0.0
2014-06-23 00:00:00-04:00,1.4447275374644273,1.451400637626648,1.441391066932946,1.451400637626648,223100,0.0,0.0
2014-06-24 00:00:00-04:00,1.4447260277443794,1.4480626538883872,1.441389560699463,1.441389560699463,102300,0.0,0.0
2014-06-25 00:00:00-04:00,1.4413905143801446,1.4514000812367087,1.4413905143801446,1.448063611984253,152000,0.0,0.0
2014-06-26 00:00:00-04:00,1.451400637626648,1.451400637626648,1.441391066932946,1.451400637626648,129900,0.0,0.0
2014-06-27 00:00:00-04:00,1.451400637626648,1.451400637626648,1.4447275374644273,1.451400637626648,112100,0.0,0.0
2014-06-30 00:00:00-04:00,1.4514000812367087,1.4514000812367087,1.4447269836326004,1.448063611984253,112300,0.0,0.0
2014-07-01 00:00:00-04:00,1.4480633332605648,1.451399801870816,1.4447267055511477,1.4447267055511475,79500,0.0,0.0
2014-07-02 00:00:00-04:00,1.444726822508679,1.4480634504882122,1.4247075319290161,1.4247075319290161,482400,0.0,0.0
2014-07-03 00:00:00-04:00,1.4313806694796305,1.4347172975540161,1.4280442005044285,1.4347172975540161,131600,0.0,0.0
2014-07-07 00:00:00-04:00,1.4380537665292183,1.4380537665292183,1.4313806694796305,1.4347172975540161,213600,0.0,0.0
2014-07-08 00:00:00-04:00,1.4380529345554551,1.4447260277443794,1.4347164675105386,1.441389560699463,128900,0.0,0.0
2014-07-09 00:00:00-04:00,1.441390394603604,1.441390394603604,1.4347172975540161,1.4347172975540161,235600,0.0,0.0
2014-07-10 00:00:00-04:00,1.4387511848274839,1.4387511848274839,1.43202805519104,1.43202805519104,186400,0.032,0.0
2014-07-11 00:00:00-04:00,1.432027378985614,1.4387505054473877,1.432027378985614,1.4387505054473877,173200,0.0,0.0
2014-07-14 00:00:00-04:00,1.4387511636525667,1.4421126482752886,1.432028034115071,1.435389518737793,189500,0.0,0.0
2014-07-15 00:00:00-04:00,1.4353895398632348,1.4387511848274839,1.4253047652625417,1.43202805519104,245300,0.0,0.0
2014-07-16 00:00:00-04:00,1.432028034115071,1.435389518737793,1.432028034115071,1.435389518737793,119300,0.0,0.0
2014-07-17 00:00:00-04:00,1.4353895398632348,1.4353895398632348,1.428666410226791,1.43202805519104,82800,0.0,0.0
2014-07-18 00:00:00-04:00,1.4286667739175458,1.4320284197375575,1.4253051280975342,1.4253051280975342,143600,0.0,0.0
2014-07-21 00:00:00-04:00,1.4253049462531635,1.428666591644287,1.4219434611541146,1.428666591644287,106100,0.0,0.0
2014-07-22 00:00:00-04:00,1.4253051280975342,1.4320284197375575,1.4253051280975342,1.4253051280975342,117200,0.0,0.0
2014-07-23 00:00:00-04:00,1.432027378985614,1.4387505054473877,1.4286657356087378,1.4387505054473877,132100,0.0,0.0
2014-07-24 00:00:00-04:00,1.4353894461082446,1.4353894461082446,1.421943187713623,1.421943187713623,325400,0.0,0.0
2014-07-25 00:00:00-04:00,1.4219436938140317,1.4219436938140317,1.4118589162826538,1.4118589162826538,499400,0.0,0.0
2014-07-28 00:00:00-04:00,1.408497277136088,1.4152204079936221,1.3984125007037453,1.4051356315612793,489700,0.0,0.0
2014-07-29 00:00:00-04:00,1.4051352373928883,1.4084968820246888,1.3984121084213257,1.3984121084213257,269600,0.0,0.0
2014-07-30 00:00:00-04:00,1.3950492524474112,1.3984107334821128,1.351348876953125,1.351348876953125,804400,0.0,0.0
2014-07-31 00:00:00-04:00,1.351349430623973,1.3547110733278778,1.3177338050446596,1.3244569301605225,674000,0.0,0.0
2014-08-01 00:00:00-04:00,1.3177344983336932,1.3311807556397897,1.311011369680645,1.3210960626602173,365900,0.0,0.0
2014-08-04 00:00:00-04:00,1.317735058740792,1.3412660190337207,1.317735058740792,1.337904453277588,258900,0.0,0.0
2014-08-05 00:00:00-04:00,1.3379031803922479,1.3379031803922479,1.3177338050446596,1.3244569301605225,151100,0.0,0.0
2014-08-06 00:00:00-04:00,1.3173463597392092,1.3308923244476318,1.3173463597392092,1.3308923244476318,176800,0.029,0.0
2014-08-07 00:00:00-04:00,1.33089185512513,1.3376648350909341,1.33089185512513,1.3342783451080322,223700,0.0,0.0
2014-08-08 00:00:00-04:00,1.330891870040585,1.3410513401031494,1.3275053800197303,1.3410513401031494,163800,0.0,0.0
2014-08-11 00:00:00-04:00,1.3410520666429053,1.3512115422095534,1.3342790829318065,1.347825050354004,230900,0.0,0.0
2014-08-12 00:00:00-04:00,1.3410518231970785,1.347824805678654,1.3410518231970785,1.3444383144378662,164700,0.0,0.0
2014-08-13 00:00:00-04:00,1.347824320144859,1.3512108101657136,1.3376648500822945,1.3410513401031494,175300,0.0,0.0
2014-08-14 00:00:00-04:00,1.3410518231970785,1.347824805678654,1.3376653319562908,1.3444383144378662,191900,0.0,0.0
2014-08-15 00:00:00-04:00,1.3444381820480846,1.347824672955397,1.3342787093261468,1.3376652002334595,186800,0.0,0.0
2014-08-18 00:00:00-04:00,1.3410513623646136,1.3512108325958252,1.3410513623646136,1.3512108325958252,159500,0.0,0.0
2014-08-19 00:00:00-04:00,1.347824468515384,1.3545974493026733,1.347824468515384,1.3545974493026733,224200,0.0,0.0
2014-08-20 00:00:00-04:00,1.3545971075911882,1.364756656949568,1.3545971075911882,1.3613700866699219,172000,0.0,0.0
2014-08-21 00:00:00-04:00,1.3613704300899627,1.3647570012239072,1.3512109589090286,1.3545974493026733,366600,0.0,0.0
2014-08-22 00:00:00-04:00,1.3545974493026733,1.3579840204366178,1.347824468515384,1.3545974493026733,193400,0.0,0.0
2014-08-25 00:00:00-04:00,1.3579840660095215,1.3613704757765117,1.3512110042546337,1.3579840660095215,174900,0.0,0.0
2014-08-26 00:00:00-04:00,1.3613704757765117,1.364757047024107,1.3545974947619264,1.3579840660095215,235700,0.0,0.0
2014-08-27 00:00:00-04:00,1.3579836778708345,1.3681430657486555,1.3545971075911882,1.3613700866699219,255200,0.0,0.0
2014-08-28 00:00:00-04:00,1.3613704757765117,1.3613704757765117,1.3579840660095215,1.3579840660095215,199700,0.0,0.0
2014-08-29 00:00:00-04:00,1.3613704757765117,1.3613704757765117,1.3579840660095215,1.3579840660095215,111500,0.0,0.0
2014-09-02 00:00:00-04:00,1.3579841669653478,1.3749165400203025,1.3512111047069342,1.3681435585021973,457500,0.0,0.0
2014-09-03 00:00:00-04:00,1.368143709816493,1.371530281690403,1.3647572994232178,1.3647572994232178,112900,0.0,0.0
2014-09-04 00:00:00-04:00,1.368143709816493,1.368143709816493,1.3647572994232178,1.3647572994232178,142200,0.0,0.0
2014-09-05 00:00:00-04:00,1.3647568736443996,1.3647568736443996,1.337664872287543,1.3512108325958252,710700,0.0,0.0
2014-09-08 00:00:00-04:00,1.3545974493026733,1.3545974493026733,1.3512109589090286,1.3545974493026733,122600,0.0,0.0
2014-09-09 00:00:00-04:00,1.354256488150632,1.354256488150632,1.3474340438842773,1.3474340438842773,171600,0.029,0.0
2014-09-10 00:00:00-04:00,1.3508449551321415,1.3508449551321415,1.3372000697396849,1.344022512435913,212500,0.0,0.0
2014-09-11 00:00:00-04:00,1.337199734630513,1.344022175617002,1.333788514137268,1.333788514137268,214100,0.0,0.0
2014-09-12 00:00:00-04:00,1.330377793855323,1.337200237406996,1.32355535030365,1.32355535030365,230800,0.0,0.0
2014-09-15 00:00:00-04:00,1.3269665720794865,1.330377793855323,1.320144047197871,1.32355535030365,224500,0.0,0.0
2014-09-16 00:00:00-04:00,1.3235552168398024,1.3235552168398024,1.3133214712142944,1.3133214712142944,378900,0.0,0.0
2014-09-17 00:00:00-04:00,1.3167336991468557,1.3167336991468557,1.3099112510681152,1.3099112510681152,229100,0.0,0.0
2014-09-18 00:00:00-04:00,1.3133214712142944,1.3133214712142944,1.3099102497824366,1.3133214712142944,273100,0.0,0.0
2014-09-19 00:00:00-04:00,1.3133214471024734,1.3133214471024734,1.3064990043640137,1.3064990043640137,229200,0.0,0.0
2014-09-22 00:00:00-04:00,1.3099111123648732,1.3099111123648732,1.2962662176522164,1.303088665008545,270000,0.0,0.0
2014-09-23 00:00:00-04:00,1.3064994594658594,1.3064994594658594,1.2962657917934068,1.2996770143508911,247400,0.0,0.0
2014-09-24 00:00:00-04:00,1.2996770143508911,1.2996770143508911,1.2894433466784385,1.2996770143508911,189800,0.0,0.0
2014-09-25 00:00:00-04:00,1.2996765365092144,1.2996765365092144,1.2757979873860603,1.2826204299926758,307800,0.0,0.0
2014-09-26 00:00:00-04:00,1.2826202130825795,1.2860314338089993,1.2723865509033203,1.2723865509033203,332600,0.0,0.0
2014-09-29 00:00:00-04:00,1.272386642546045,1.272386642546045,1.241685653797051,1.248508095741272,743900,0.0,0.0
2014-09-30 00:00:00-04:00,1.2485081450148827,1.2621530294418335,1.245096923908145,1.2621530294418335,346100,0.0,0.0
2014-10-01 00:00:00-04:00,1.2621538839248432,1.275798777589439,1.2587426605086942,1.2689763307571411,253200,0.0,0.0
2014-10-02 00:00:00-04:00,1.2655644416809082,1.2689756633028269,1.2553307768151523,1.2655644416809082,217600,0.0,0.0
2014-10-03 00:00:00-04:00,1.2655641094504808,1.2792089923561598,1.2621528887240612,1.2723865509033203,200300,0.0,0.0
2014-10-06 00:00:00-04:00,1.3201440932007318,1.3440227277936252,1.3064992056219045,1.3372002840042114,1761500,0.0,0.0
2014-10-07 00:00:00-04:00,1.344022175617002,1.344022175617002,1.3269660731507786,1.333788514137268,863700,0.0,0.0
2014-10-08 00:00:00-04:00,1.336882121221147,1.388432795137026,1.333445409626755,1.3815593719482422,837700,0.029,0.0
2014-10-09 00:00:00-04:00,1.3849965872989247,1.391870012581099,1.3746863674379703,1.3884332180023193,688300,0.0,0.0
2014-10-10 00:00:00-04:00,1.38843210900075,1.38843210900075,1.3506283001443493,1.3609384298324585,437900,0.0,0.0
2014-10-13 00:00:00-04:00,1.3575024604797363,1.3678125957922198,1.3506290369380807,1.3575024604797363,269400,0.0,0.0
2014-10-14 00:00:00-04:00,1.3609384298324585,1.3609384298324585,1.347191590248313,1.3609384298324585,486700,0.0,0.0
2014-10-15 00:00:00-04:00,1.3403188700730986,1.3506290051428709,1.3128250946160362,1.3265719413757324,613600,0.0,0.0
2014-10-16 00:00:00-04:00,1.3265711880024944,1.3437548186310264,1.3265711880024944,1.336881399154663,268400,0.0,0.0
2014-10-17 00:00:00-04:00,1.343755430239446,1.3575022754490305,1.34031871893705,1.3506288528442383,282200,0.0,0.0
2014-10-20 00:00:00-04:00,1.357502734539039,1.3781230912646163,1.3506293096097426,1.3678128719329834,327600,0.0,0.0
2014-10-21 00:00:00-04:00,1.3746859487594583,1.3918695886690857,1.3712492371650664,1.3815593719482422,379100,0.0,0.0
2014-10-22 00:00:00-04:00,1.3781235828499272,1.395307069364937,1.3781235828499272,1.384997010231018,292200,0.0,0.0
2014-10-23 00:00:00-04:00,1.391870012581099,1.405616863145448,1.3849965872989247,1.3884332180023193,252400,0.0,0.0
2014-10-24 00:00:00-04:00,1.3849965872989247,1.391870012581099,1.3849965872989247,1.3884332180023193,178700,0.0,0.0
2014-10-27 00:00:00-04:00,1.384997010231018,1.388433641983846,1.3746867872216642,1.384997010231018,213500,0.0,0.0
2014-10-28 00:00:00-04:00,1.388433641983846,1.388433641983846,1.3746867872216642,1.384997010231018,205500,0.0,0.0
2014-10-29 00:00:00-04:00,1.3918691873550415,1.3953058160208915,1.3815589736069154,1.3918691873550415,211000,0.0,0.0
2014-10-30 00:00:00-04:00,1.391870012581099,1.3953066432844936,1.3849965872989247,1.3884332180023193,158700,0.0,0.0
2014-10-31 00:00:00-04:00,1.3953062183258098,1.3953062183258098,1.3815593719482422,1.3815593719482422,147900,0.0,0.0
2014-11-03 00:00:00-05:00,1.3884326877250381,1.402179533039122,1.3815592650679964,1.39530611038208,287400,0.0,0.0
2014-11-04 00:00:00-05:00,1.3918704376121092,1.395307069364937,1.384997010231018,1.384997010231018,109000,0.0,0.0
2014-11-05 00:00:00-05:00,1.3849957661480534,1.4021792372278798,1.3849957661480534,1.3918691873550415,225300,0.0,0.0
2014-11-06 00:00:00-05:00,1.3915241567668402,1.4019087380739204,1.3915241567668402,1.3984471559524536,117800,0.029,0.0
2014-11-07 00:00:00-05:00,1.394985556602478,1.3984469732143134,1.3915239749333437,1.394985556602478,131600,0.0,0.0
2014-11-10 00:00:00-05:00,1.3915232959883281,1.3949848759685057,1.3880618810653687,1.3880618810653687,145000,0.0,0.0
2014-11-11 00:00:00-05:00,1.3915236359376877,1.3915236359376877,1.3846006393432617,1.3846006393432617,134000,0.0,0.0
2014-11-12 00:00:00-05:00,1.3846006393432617,1.388062220169104,1.3776776427488358,1.3846006393432617,268700,0.0,0.0
2014-11-13 00:00:00-05:00,1.3915228134915358,1.3949843922714453,1.37767682848622,1.3811383247375488,180800,0.0,0.0
2014-11-14 00:00:00-05:00,1.381138476930998,1.3845999735637637,1.3707539870327003,1.3742154836654663,217200,0.0,0.0
2014-11-17 00:00:00-05:00,1.3672920036364888,1.3707534990369434,1.3499845266342163,1.3499845266342163,440200,0.0,0.0
2014-11-18 00:00:00-05:00,1.353446942834466,1.3603699383453436,1.349985445079027,1.3569084405899048,292800,0.0,0.0
2014-11-19 00:00:00-05:00,1.353446942834466,1.3603699383453436,1.349985445079027,1.3569084405899048,192900,0.0,0.0
2014-11-20 00:00:00-05:00,1.3499849870311023,1.360369476773977,1.3499849870311023,1.3534464836120605,153300,0.0,0.0
2014-11-21 00:00:00-05:00,1.3534464836120605,1.360369476773977,1.3534464836120605,1.3534464836120605,90600,0.0,0.0
2014-11-24 00:00:00-05:00,1.356908779737848,1.3603702783584595,1.3534472811172367,1.3603702783584595,166400,0.0,0.0
2014-11-25 00:00:00-05:00,1.3638314361007826,1.3638314361007826,1.349985445079027,1.3569084405899048,335200,0.0,0.0
2014-11-26 00:00:00-05:00,1.3569084405899048,1.3603699383453436,1.353446942834466,1.3569084405899048,174300,0.0,0.0
2014-11-28 00:00:00-05:00,1.3569084405899048,1.3603699383453436,1.349985445079027,1.3569084405899048,84800,0.0,0.0
2014-12-01 00:00:00-05:00,1.353446022034671,1.3569075174351255,1.3430615358333073,1.3499845266342163,223300,0.0,0.0
2014-12-02 00:00:00-05:00,1.3465234161888007,1.3465234161888007,1.3361388444900513,1.3361388444900513,322600,0.0,0.0
2014-12-03 00:00:00-05:00,1.3326778764298297,1.339600871954508,1.322293383142812,1.3257548809051514,441800,0.0,0.0
2014-12-04 00:00:00-05:00,1.3222931623458862,1.3292161567145608,1.3153701679772118,1.3222931623458862,378900,0.0,0.0
2014-12-05 00:00:00-05:00,1.3219434906566243,1.3219434906566243,1.2975276708602905,1.2975276708602905,518900,0.029,0.0
2014-12-08 00:00:00-05:00,1.2975280926836228,1.3010160680741745,1.2521843294465578,1.2591602802276611,979800,0.0,0.0
2014-12-09 00:00:00-05:00,1.2521843294465578,1.2661363141686575,1.248696354056006,1.2591602802276611,552600,0.0,0.0
2014-12-10 00:00:00-05:00,1.255672524002968,1.2591605000023132,1.217304788010171,1.234744668006897,919900,0.0,0.0
2014-12-11 00:00:00-05:00,1.2312566920075518,1.2452085960049324,1.2312566920075518,1.234744668006897,443300,0.0,0.0
2014-12-12 00:00:00-05:00,1.2277703055763076,1.2312582860914671,1.2068424224853516,1.2068424224853516,758600,0.0,0.0
2014-12-15 00:00:00-05:00,1.2033524815542964,1.2173043808854962,1.1684726500664173,1.1998645067214966,614900,0.0,0.0
2014-12-16 00:00:00-05:00,1.1824254228060045,1.2068412629534038,1.1824254228060045,1.2033532857894897,358300,0.0,0.0
2014-12-17 00:00:00-05:00,1.1998656213325356,1.2486973143537679,1.1998656213325356,1.2452093362808228,513700,0.0,0.0
2014-12-18 00:00:00-05:00,1.248697384637164,1.2696253374127298,1.248697384637164,1.2626492977142334,590100,0.0,0.0
2014-12-19 00:00:00-05:00,1.259161288419523,1.283577218862753,1.2556733102361985,1.2696253061294556,509300,0.0,0.0
2014-12-22 00:00:00-05:00,1.2661373279461312,1.2766012624961043,1.2661373279461312,1.2696253061294556,339800,0.0,0.0
2014-12-23 00:00:00-05:00,1.266136315478591,1.2835761924493925,1.266136315478591,1.2766002416610718,222600,0.0,0.0
2014-12-24 00:00:00-05:00,1.280088362308658,1.2870643138885498,1.2731124107287664,1.2870643138885498,148300,0.0,0.0
2014-12-26 00:00:00-05:00,1.2937442017592802,1.29725980758667,1.2867129901045005,1.29725980758667,215600,0.029,0.0
2014-12-29 00:00:00-05:00,1.29374419900853,1.29374419900853,1.2656192686305558,1.2726504802703857,536900,0.0,0.0
2014-12-30 00:00:00-05:00,1.2691348791122437,1.2726504849450722,1.2656192732794151,1.2691348791122437,335300,0.0,0.0
2014-12-31 00:00:00-05:00,1.2656192732794151,1.2761661745965553,1.2621036674465866,1.2691348791122437,366600,0.0,0.0
2015-01-02 00:00:00-05:00,1.2726506297954754,1.276166319847107,1.2656194173295408,1.276166319847107,179800,0.0,0.0
2015-01-05 00:00:00-05:00,1.2656189315021509,1.272650141269047,1.2550721168518066,1.2550721168518066,269000,0.0,0.0
2015-01-06 00:00:00-05:00,1.2550729392589033,1.2621041536331177,1.251557332071796,1.2621041536331177,172000,0.0,0.0
2015-01-07 00:00:00-05:00,1.2621036721082879,1.2691348837999152,1.2585880662624742,1.2656192779541016,147500,0.0,0.0
2015-01-08 00:00:00-05:00,1.269134874450471,1.276166169908955,1.2656192686305558,1.2726504802703857,118400,0.0,0.0
2015-01-09 00:00:00-05:00,1.2761661745965553,1.2761661745965553,1.2656192732794151,1.2691348791122437,197000,0.0,0.0
2015-01-12 00:00:00-05:00,1.2726506297954754,1.276166319847107,1.269135023562508,1.276166319847107,136500,0.0,0.0
2015-01-13 00:00:00-05:00,1.27968177572887,1.2831973815487852,1.2726504802703857,1.2726504802703857,119200,0.0,0.0
2015-01-14 00:00:00-05:00,1.2656192732794151,1.2726504849450722,1.2621036674465866,1.2691348791122437,161000,0.0,0.0
2015-01-15 00:00:00-05:00,1.269135133670321,1.2761664305649423,1.2585883140563965,1.2585883140563965,215800,0.0,0.0
2015-01-16 00:00:00-05:00,1.2410102813665222,1.265619527132346,1.2304634617525976,1.2585883140563965,482500,0.0,0.0
2015-01-20 00:00:00-05:00,1.2585873658444773,1.2656185736231587,1.251556158065796,1.251556158065796,224800,0.0,0.0
2015-01-21 00:00:00-05:00,1.2515571009804467,1.265619527132346,1.2480414944424718,1.2585883140563965,165500,0.0,0.0
2015-01-22 00:00:00-05:00,1.2585880662624742,1.2656192779541016,1.2550724604166603,1.2656192779541016,239300,0.0,0.0
2015-01-23 00:00:00-05:00,1.2621036721082879,1.2691348837999152,1.2621036721082879,1.2656192779541016,180200,0.0,0.0
2015-01-26 00:00:00-05:00,1.2656192732794151,1.2726504849450722,1.2621036674465866,1.2691348791122437,184600,0.0,0.0
2015-01-27 00:00:00-05:00,1.2621036674465866,1.2691348791122437,1.2621036674465866,1.2691348791122437,133200,0.0,0.0
2015-01-28 00:00:00-05:00,1.265619527132346,1.269135133670321,1.2550727075184216,1.2585883140563965,282400,0.0,0.0
2015-01-29 00:00:00-05:00,1.2585885464460105,1.265619760820225,1.2550729392589033,1.2621041536331177,164800,0.0,0.0
2015-01-30 00:00:00-05:00,1.2585885464460105,1.265619760820225,1.2585885464460105,1.2621041536331177,155800,0.0,0.0
2015-02-02 00:00:00-05:00,1.2621039205943714,1.265619527132346,1.2585883140563965,1.2585883140563965,197600,0.0,0.0
2015-02-03 00:00:00-05:00,1.2656192732794151,1.2761661745965553,1.2621036674465866,1.2691348791122437,215400,0.0,0.0
2015-02-04 00:00:00-05:00,1.272650489645729,1.2796817851560114,1.2656192779541016,1.2656192779541016,294300,0.0,0.0
2015-02-05 00:00:00-05:00,1.2726506297954754,1.2796819260800745,1.2656194173295408,1.276166319847107,200400,0.0,0.0
2015-02-06 00:00:00-05:00,1.2722683485756265,1.28290010762017,1.2722683485756265,1.2758122682571411,164600,0.029,0.0
2015-02-09 00:00:00-05:00,1.2687244288941122,1.28290010762017,1.2687244288941122,1.2758122682571411,199200,0.0,0.0
2015-02-10 00:00:00-05:00,1.2758118561971217,1.279355774734026,1.2580922635126,1.2722679376602173,631500,0.0,0.0
2015-02-11 00:00:00-05:00,1.2687240191233131,1.2758118561971217,1.2651801005864087,1.2722679376602173,182200,0.0,0.0
2015-02-12 00:00:00-05:00,1.2758116336586736,1.2864434719085693,1.2758116336586736,1.2864434719085693,226100,0.0,0.0
2015-02-13 00:00:00-05:00,1.2828985452651978,1.2899864604900464,1.279354629899577,1.2828985452651978,274000,0.0,0.0
2015-02-17 00:00:00-05:00,1.2793556451797485,1.2864435660294797,1.2793556451797485,1.2793556451797485,193100,0.0,0.0
2015-02-18 00:00:00-05:00,1.279355551577416,1.2864434719085693,1.2758116336586736,1.2864434719085693,220800,0.0,0.0
2015-02-19 00:00:00-05:00,1.2899873898273118,1.2899873898273118,1.279355551577416,1.2864434719085693,192900,0.0,0.0
2015-02-20 00:00:00-05:00,1.2864437645712286,1.2935316020211785,1.2828997613525663,1.2899876832962036,142800,0.0,0.0
2015-02-23 00:00:00-05:00,1.2935317754745483,1.2970756946747375,1.282899933380282,1.2935317754745483,215300,0.0,0.0
2015-02-24 00:00:00-05:00,1.300618879279316,1.3077067136764526,1.2970749620807478,1.3077067136764526,264800,0.0,0.0
2015-02-25 00:00:00-05:00,1.3077071259575164,1.3147949625892366,1.3041632076416565,1.3112510442733765,204800,0.0,0.0
2015-02-26 00:00:00-05:00,1.314794898033142,1.321882734316851,1.3112509798912875,1.314794898033142,184100,0.0,0.0
2015-02-27 00:00:00-05:00,1.3112509798912875,1.321882734316851,1.3112509798912875,1.314794898033142,112000,0.0,0.0
2015-03-02 00:00:00-05:00,1.3183389902114868,1.321882908821181,1.3147950716017927,1.3183389902114868,203500,0.0,0.0
2015-03-03 00:00:00-05:00,1.3147947064361756,1.325426459312439,1.3147947064361756,1.325426459312439,169000,0.0,0.0
2015-03-04 00:00:00-05:00,1.321882963180542,1.3254268819359716,1.321882963180542,1.321882963180542,137300,0.0,0.0
2015-03-05 00:00:00-05:00,1.3289705706005603,1.3289705706005603,1.3112509798912875,1.314794898033142,180800,0.0,0.0
2015-03-06 00:00:00-05:00,1.3183390221991182,1.3183390221991182,1.2899876726336599,1.2970755100250244,358600,0.0,0.0
2015-03-09 00:00:00-04:00,1.2935317754745483,1.3006196138749266,1.2935317754745483,1.2935317754745483,249200,0.0,0.0
2015-03-10 00:00:00-04:00,1.2935316020211785,1.2935316020211785,1.2864437645712286,1.2899876832962036,215500,0.0,0.0
2015-03-11 00:00:00-04:00,1.2860580329428333,1.2932027931680066,1.2860580329428333,1.28963041305542,157500,0.029,0.0
2015-03-12 00:00:00-04:00,1.2896307238611495,1.2967755709805175,1.278913580940519,1.2824859619140625,296700,0.0,0.0
2015-03-13 00:00:00-04:00,1.286057760704072,1.293202519416809,1.2753406226349662,1.293202519416809,197500,0.0,0.0
2015-03-16 00:00:00-04:00,1.2932023999980602,1.2967748641967773,1.2896300209715774,1.2967748641967773,161500,0.0,0.0
2015-03-17 00:00:00-04:00,1.2967752940799124,1.2967752940799124,1.2789133078539863,1.2860580682754517,158200,0.0,0.0
2015-03-18 00:00:00-04:00,1.2789130019913348,1.29677498394542,1.2753406226349662,1.293202519416809,221800,0.0,0.0
2015-03-19 00:00:00-04:00,1.2896307238611495,1.293203104834693,1.2824859619140625,1.2824859619140625,232300,0.0,0.0
2015-03-20 00:00:00-04:00,1.2860580329428333,1.28963041305542,1.2860580329428333,1.28963041305542,182000,0.0,0.0
2015-03-23 00:00:00-04:00,1.286058342887606,1.293203104834693,1.2753411999669755,1.2824859619140625,302400,0.0,0.0
2015-03-24 00:00:00-04:00,1.2824853813477033,1.293202519416809,1.2824853813477033,1.293202519416809,99800,0.0,0.0
2015-03-25 00:00:00-04:00,1.293202519416809,1.29677498394542,1.286057760704072,1.293202519416809,144200,0.0,0.0
2015-03-26 00:00:00-04:00,1.2932027931680066,1.2932027931680066,1.2860580329428333,1.28963041305542,105200,0.0,0.0
2015-03-27 00:00:00-04:00,1.2932027931680066,1.2932027931680066,1.2824856528302466,1.28963041305542,190700,0.0,0.0
2015-03-30 00:00:00-04:00,1.293202519416809,1.29677498394542,1.293202519416809,1.293202519416809,153800,0.0,0.0
2015-03-31 00:00:00-04:00,1.2967758630838495,1.31106539019679,1.2932033961333145,1.3039206266403198,528600,0.0,0.0
2015-04-01 00:00:00-04:00,1.307493008418555,1.307493008418555,1.3003482448620847,1.3039206266403198,198200,0.0,0.0
2015-04-02 00:00:00-04:00,1.3039204344873883,1.3146375782427562,1.300348053235599,1.3110651969909668,277700,0.0,0.0
2015-04-06 00:00:00-04:00,1.307493008418555,1.307493008418555,1.3039206266403198,1.3039206266403198,142200,0.0,0.0
2015-04-07 00:00:00-04:00,1.3074917124128502,1.3217812253618078,1.3039193341756108,1.314636468887329,188100,0.0,0.0
2015-04-08 00:00:00-04:00,1.3214790433712,1.3214790433712,1.3106767728891375,1.3142775297164917,198300,0.029,0.0
2015-04-09 00:00:00-04:00,1.3178782865438459,1.3214790433712,1.3142775297164917,1.3142775297164917,124600,0.0,0.0
2015-04-10 00:00:00-04:00,1.3214786052703857,1.328680116537626,1.3178778496367656,1.3214786052703857,177900,0.0,0.0
2015-04-13 00:00:00-04:00,1.3214779272098125,1.3214779272098125,1.317877173423767,1.317877173423767,107100,0.0,0.0
2015-04-14 00:00:00-04:00,1.3178772179991474,1.3250787258148193,1.3178772179991474,1.3250787258148193,89800,0.0,0.0
2015-04-15 00:00:00-04:00,1.3250787258148193,1.3286794797226553,1.3214779719069834,1.3250787258148193,124200,0.0,0.0
2015-04-16 00:00:00-04:00,1.3214779272098125,1.325078680995858,1.317877173423767,1.317877173423767,125100,0.0,0.0
2015-04-17 00:00:00-04:00,1.3178772179991474,1.3250787258148193,1.3178772179991474,1.3250787258148193,110900,0.0,0.0
2015-04-20 00:00:00-04:00,1.325079360904006,1.3322808721712462,1.3214786052703857,1.3214786052703857,160700,0.0,0.0
2015-04-21 00:00:00-04:00,1.3286800384521484,1.3286800384521484,1.3250792830301419,1.3286800384521484,123500,0.0,0.0
2015-04-22 00:00:00-04:00,1.3286803563872798,1.3322811126708984,1.3286803563872798,1.3322811126708984,197100,0.0,0.0
2015-04-23 00:00:00-04:00,1.3322811126708984,1.3394826252381355,1.3286803563872798,1.3322811126708984,140800,0.0,0.0
2015-04-24 00:00:00-04:00,1.332280793874155,1.332280793874155,1.3286800384521484,1.3286800384521484,69000,0.0,0.0
2015-04-27 00:00:00-04:00,1.3358815492961615,1.339482304718168,1.3286800384521484,1.3286800384521484,188800,0.0,0.0
2015-04-28 00:00:00-04:00,1.3322804786452944,1.3394819877853694,1.328679724075257,1.335881233215332,254000,0.0,0.0
2015-04-29 00:00:00-04:00,1.335881233215332,1.3394819877853694,1.328679724075257,1.335881233215332,216800,0.0,0.0
2015-04-30 00:00:00-04:00,1.3358815492961615,1.339482304718168,1.3286800384521484,1.3286800384521484,175800,0.0,0.0
2015-05-01 00:00:00-04:00,1.3322811126708984,1.3358818689545169,1.3322811126708984,1.3322811126708984,144100,0.0,0.0
2015-05-04 00:00:00-04:00,1.3322811126708984,1.3394826252381355,1.3322811126708984,1.3322811126708984,188900,0.0,0.0
2015-05-05 00:00:00-04:00,1.3322802336304913,1.3358809875383273,1.3250787258148193,1.3250787258148193,211000,0.0,0.0
2015-05-06 00:00:00-04:00,1.325079360904006,1.3322808721712462,1.3214786052703857,1.3214786052703857,149100,0.0,0.0
2015-05-07 00:00:00-04:00,1.3286794347819035,1.3286794347819035,1.317877173423767,1.317877173423767,178000,0.0,0.0
2015-05-08 00:00:00-04:00,1.3247730854204236,1.3284025971667377,1.3175140619277954,1.3175140619277954,189700,0.029,0.0
2015-05-11 00:00:00-04:00,1.3175140619277954,1.3211435736741095,1.3102549519007816,1.3175140619277954,186700,0.0,0.0
2015-05-12 00:00:00-04:00,1.3175151852096028,1.321144700050354,1.313885583834392,1.321144700050354,123400,0.0,0.0
2015-05-13 00:00:00-04:00,1.3175149318310522,1.3211444459737915,1.3138853311538696,1.3138853311538696,109300,0.0,0.0
2015-05-14 00:00:00-04:00,1.31751523533165,1.3247742652893066,1.31751523533165,1.3247742652893066,124000,0.0,0.0
2015-05-15 00:00:00-04:00,1.3247742148911053,1.3247742148911053,1.3175151852096028,1.321144700050354,139400,0.0,0.0
2015-05-18 00:00:00-04:00,1.3211435736741095,1.3247730854204236,1.3175140619277954,1.3175140619277954,171600,0.0,0.0
2015-05-19 00:00:00-04:00,1.321144700050354,1.321144700050354,1.313885583834392,1.321144700050354,196100,0.0,0.0
2015-05-20 00:00:00-04:00,1.3211444459737915,1.3211444459737915,1.3138853311538696,1.3138853311538696,108900,0.0,0.0
2015-05-21 00:00:00-04:00,1.3175140619277954,1.3247730854204236,1.3138844636470954,1.3175140619277954,195900,0.0,0.0
2015-05-22 00:00:00-04:00,1.3175153095978451,1.3175153095978451,1.3066266775131226,1.3066266775131226,133300,0.0,0.0
2015-05-26 00:00:00-04:00,1.3066259774664615,1.3102554907053074,1.2957374377499233,1.2993669509887695,201100,0.0,0.0
2015-05-27 00:00:00-04:00,1.3066261654514741,1.3102556792125004,1.295737624168396,1.295737624168396,191000,0.0,0.0
2015-05-28 00:00:00-04:00,1.2993677161074124,1.3029972314834595,1.2957382007313656,1.3029972314834595,183000,0.0,0.0
2015-05-29 00:00:00-04:00,1.3029972314834595,1.3066267468595063,1.2993677161074124,1.3029972314834595,133900,0.0,0.0
2015-06-01 00:00:00-04:00,1.3029972314834595,1.3066267468595063,1.2993677161074124,1.3029972314834595,197800,0.0,0.0
2015-06-02 00:00:00-04:00,1.3029967379125196,1.310255765914917,1.2993672239113208,1.310255765914917,120700,0.0,0.0
2015-06-03 00:00:00-04:00,1.3138857776116002,1.3138857776116002,1.2993677161074124,1.3029972314834595,145000,0.0,0.0
2015-06-04 00:00:00-04:00,1.2993669509887695,1.3066259774664615,1.2993669509887695,1.2993669509887695,105300,0.0,0.0
2015-06-05 00:00:00-04:00,1.292108178138733,1.2957376920900154,1.292108178138733,1.292108178138733,112000,0.0,0.0
2015-06-08 00:00:00-04:00,1.292107955101084,1.29936698175063,1.284848928451538,1.284848928451538,184000,0.0,0.0
2015-06-09 00:00:00-04:00,1.2808238396380203,1.2881428260274443,1.2698453600538842,1.2735048532485962,371400,0.029,0.0
2015-06-10 00:00:00-04:00,1.2735047401383597,1.2771642330080426,1.258866768659628,1.2698452472686768,342700,0.0,0.0
2015-06-11 00:00:00-04:00,1.2661857543989938,1.2698452472686768,1.258866768659628,1.2698452472686768,158600,0.0,0.0
2015-06-12 00:00:00-04:00,1.262526386475491,1.2661858797073364,1.2588668932436455,1.2661858797073364,168100,0.0,0.0
2015-06-15 00:00:00-04:00,1.2661857666324567,1.2661857666324567,1.2552072879173375,1.262526273727417,211700,0.0,0.0
2015-06-16 00:00:00-04:00,1.2588669061660767,1.2625263994354874,1.247888426357845,1.2588669061660767,262900,0.0,0.0
2015-06-17 00:00:00-04:00,1.2588665540132897,1.266185538504713,1.2478880772761547,1.2552070617675781,169000,0.0,0.0
2015-06-18 00:00:00-04:00,1.2588669061660767,1.2588669061660767,1.2515479196272554,1.2588669061660767,111800,0.0,0.0
2015-06-19 00:00:00-04:00,1.2588665540132897,1.2588665540132897,1.2515475695218663,1.2552070617675781,194300,0.0,0.0
2015-06-22 00:00:00-04:00,1.2552071926904291,1.2625261779452501,1.247888207435608,1.247888207435608,229800,0.0,0.0
2015-06-23 00:00:00-04:00,1.247888207435608,1.2552071926904291,1.2442287148081974,1.247888207435608,408500,0.0,0.0
2015-06-24 00:00:00-04:00,1.247888207435608,1.247888207435608,1.240569222180787,1.247888207435608,316600,0.0,0.0
2015-06-25 00:00:00-04:00,1.2442285859287479,1.2442285859287479,1.2332500219345093,1.2332500219345093,337600,0.0,0.0
2015-06-26 00:00:00-04:00,1.2332502853910616,1.2369098656703807,1.2112933272103223,1.2186123132705688,443400,0.0,0.0
2015-06-29 00:00:00-04:00,1.2039742469787598,1.214952725210425,1.1856767832593176,1.2039742469787598,560200,0.0,0.0
2015-06-30 00:00:00-04:00,1.2039743349842877,1.2222718000411987,1.2003148419729055,1.2222718000411987,232100,0.0,0.0
2015-07-01 00:00:00-04:00,1.2259311617537234,1.229590654373169,1.2222716691342776,1.229590654373169,263300,0.0,0.0
2015-07-02 00:00:00-04:00,1.229589844988433,1.2369089126586914,1.2259303547778684,1.2369089126586914,106700,0.0,0.0
2015-07-06 00:00:00-04:00,1.2259311617537234,1.2332501469926147,1.2259311617537234,1.229590654373169,205700,0.0,0.0
2015-07-07 00:00:00-04:00,1.229590654373169,1.2332501469926147,1.2149526838953864,1.229590654373169,196400,0.0,0.0
2015-07-08 00:00:00-04:00,1.2222714372587518,1.2295904211091682,1.2222714372587518,1.22593092918396,195000,0.0,0.0
2015-07-09 00:00:00-04:00,1.2332500219345093,1.2405690936803941,1.2259310374378019,1.2332500219345093,178300,0.0,0.0
2015-07-10 00:00:00-04:00,1.2295911340645271,1.2442291975021362,1.2295911340645271,1.2442291975021362,345600,0.0,0.0
2015-07-13 00:00:00-04:00,1.251241997283479,1.251241997283479,1.2290960550308228,1.2290960550308228,151900,0.029,0.0
2015-07-14 00:00:00-04:00,1.2254050793220137,1.2327870307396318,1.2254050793220137,1.2290960550308228,151100,0.0,0.0
2015-07-15 00:00:00-04:00,1.2254042322739438,1.2327861785888672,1.2217132591164819,1.2327861785888672,195500,0.0,0.0
2015-07-16 00:00:00-04:00,1.240168571472168,1.243859545958701,1.2364775969856348,1.240168571472168,211900,0.0,0.0
2015-07-17 00:00:00-04:00,1.2438594425994658,1.2475505047790612,1.2364774942398071,1.2364774942398071,122100,0.0,0.0
2015-07-20 00:00:00-04:00,1.2475506084450072,1.2512415829315404,1.2364775969856348,1.240168571472168,793500,0.0,0.0
2015-07-21 00:00:00-04:00,1.2364775969856348,1.240168571472168,1.2327866224991018,1.240168571472168,362700,0.0,0.0
2015-07-22 00:00:00-04:00,1.2401689821572497,1.2401689821572497,1.2290960550308228,1.2290960550308228,265100,0.0,0.0
2015-07-23 00:00:00-04:00,1.2290959532014774,1.2364779040075082,1.225404977798462,1.225404977798462,232200,0.0,0.0
2015-07-24 00:00:00-04:00,1.2327869815367232,1.236477957098218,1.214332103729248,1.214332103729248,241500,0.0,0.0
2015-07-27 00:00:00-04:00,1.214331299451849,1.214331299451849,1.1995674069843083,1.2069493532180786,206900,0.0,0.0
2015-07-28 00:00:00-04:00,1.2032583801011936,1.2106403263349639,1.1995674069843083,1.2069493532180786,211500,0.0,0.0
2015-07-29 00:00:00-04:00,1.218023026992431,1.2290959532014774,1.218023026992431,1.225404977798462,228000,0.0,0.0
2015-07-30 00:00:00-04:00,1.2217142764017266,1.229096228863383,1.2180233001708984,1.2180233001708984,205800,0.0,0.0
2015-07-31 00:00:00-04:00,1.2254048756614753,1.2327868258522237,1.2180229254707269,1.221713900566101,140400,0.0,0.0
2015-08-03 00:00:00-04:00,1.2217141036132049,1.2290960550308228,1.2217141036132049,1.2290960550308228,142400,0.0,0.0
2015-08-04 00:00:00-04:00,1.2290955458801482,1.2401684684196363,1.2290955458801482,1.2364774942398071,138100,0.0,0.0
2015-08-05 00:00:00-04:00,1.2327870307396318,1.2401689821572497,1.2254050793220137,1.2290960550308228,174700,0.0,0.0
2015-08-06 00:00:00-04:00,1.2254048756614753,1.2290958507568495,1.2180229254707269,1.221713900566101,142800,0.0,0.0
2015-08-07 00:00:00-04:00,1.2180233001708984,1.2254052526325547,1.2143323239400703,1.2180233001708984,220700,0.0,0.0
2015-08-10 00:00:00-04:00,1.2217140023954465,1.2290959532014774,1.218023026992431,1.225404977798462,235100,0.0,0.0
2015-08-11 00:00:00-04:00,1.2213090534898363,1.225032553183165,1.2026915550231934,1.2026915550231934,249000,0.029,0.0
2015-08-12 00:00:00-04:00,1.1989682895442368,1.2026917899649388,1.1952447891235352,1.1952447891235352,249200,0.0,0.0
2015-08-13 00:00:00-04:00,1.1952444399739939,1.2064149379730225,1.1952444399739939,1.2064149379730225,169300,0.0,0.0
2015-08-14 00:00:00-04:00,1.202692030867763,1.2101390332008235,1.198968529701233,1.198968529701233,138100,0.0,0.0
2015-08-17 00:00:00-04:00,1.1952447891235352,1.2026917899649388,1.1915212887028335,1.1952447891235352,197700,0.0,0.0
2015-08-18 00:00:00-04:00,1.1989682895442368,1.1989682895442368,1.1915212887028335,1.1952447891235352,112800,0.0,0.0
2015-08-19 00:00:00-04:00,1.1952445556365363,1.2026915550231934,1.1915210559432077,1.2026915550231934,137800,0.0,0.0
2015-08-20 00:00:00-04:00,1.198968529701233,1.2064155320342933,1.1915215273681725,1.198968529701233,176400,0.0,0.0
2015-08-21 00:00:00-04:00,1.1915210460491283,1.195244545711538,1.1766270473994898,1.1877975463867188,279800,0.0,0.0
2015-08-24 00:00:00-04:00,1.1654566130464048,1.1654566130464048,1.146839024926624,1.1505625247955322,475300,0.0,0.0
2015-08-25 00:00:00-04:00,1.1654564976803647,1.1691799971806918,1.146838911403499,1.15800940990448,169800,0.0,0.0
2015-08-26 00:00:00-04:00,1.1691800355911255,1.1729035352137787,1.1580094479479326,1.1691800355911255,199000,0.0,0.0
2015-08-27 00:00:00-04:00,1.1803498220288668,1.1877968167793496,1.1729028272783841,1.1766263246536255,246400,0.0,0.0
2015-08-28 00:00:00-04:00,1.1915210559432077,1.2026915550231934,1.1840740565565504,1.2026915550231934,298100,0.0,0.0
2015-08-31 00:00:00-04:00,1.1915212887028335,1.1989682895442368,1.1877977882821318,1.1952447891235352,135200,0.0,0.0
2015-09-01 00:00:00-04:00,1.187797556249879,1.206415054716522,1.187797556249879,1.2026915550231934,224600,0.0,0.0
2015-09-02 00:00:00-04:00,1.1989680553298647,1.206415054716522,1.1989680553298647,1.2026915550231934,179100,0.0,0.0
2015-09-03 00:00:00-04:00,1.202691438640013,1.2064149379730225,1.1989679393070034,1.2064149379730225,121600,0.0,0.0
2015-09-04 00:00:00-04:00,1.1989682895442368,1.2026917899649388,1.1952447891235352,1.1952447891235352,171200,0.0,0.0
2015-09-08 00:00:00-04:00,1.1952445556365363,1.2101385544098506,1.1952445556365363,1.2026915550231934,147200,0.0,0.0
2015-09-09 00:00:00-04:00,1.2026917899649388,1.2064152903856404,1.1952447891235352,1.1952447891235352,109600,0.0,0.0
2015-09-10 00:00:00-04:00,1.2023835182189941,1.2061409630740563,1.1986260733639322,1.2023835182189941,186200,0.029,0.0
2015-09-11 00:00:00-04:00,1.2023833339548977,1.2023833339548977,1.1911110011171862,1.1948684453964233,107600,0.0,0.0
2015-09-14 00:00:00-04:00,1.1948685323517536,1.2023834214571165,1.1911110877990723,1.1911110877990723,92200,0.0,0.0
2015-09-15 00:00:00-04:00,1.1911110877990723,1.1948685323517536,1.1798387541410282,1.1911110877990723,164100,0.0,0.0
2015-09-16 00:00:00-04:00,1.1911108162699762,1.1911108162699762,1.1835959288777291,1.1873533725738525,117000,0.0,0.0
2015-09-17 00:00:00-04:00,1.1835963801072558,1.198626160621643,1.1835963801072558,1.198626160621643,117400,0.0,0.0
2015-09-18 00:00:00-04:00,1.1873537387987465,1.2098984079291182,1.1873537387987465,1.2023835182189941,131900,0.0,0.0
2015-09-21 00:00:00-04:00,1.209898559560892,1.2136560048868597,1.2023836689089566,1.2061411142349243,168500,0.0,0.0
2015-09-22 00:00:00-04:00,1.198625976904435,1.198625976904435,1.1835961986937096,1.1911110877990723,210300,0.0,0.0
2015-09-23 00:00:00-04:00,1.1911105430168873,1.1986254286851419,1.1835956573486328,1.1835956573486328,155500,0.0,0.0
2015-09-24 00:00:00-04:00,1.17983877658844,1.1835962212126099,1.17983877658844,1.17983877658844,67300,0.0,0.0
2015-09-25 00:00:00-04:00,1.187353643246391,1.1948685323517536,1.187353643246391,1.1911110877990723,89100,0.0,0.0
2015-09-28 00:00:00-04:00,1.1948691882986324,1.1948691882986324,1.1648095257907956,1.1723244190216064,273100,0.0,0.0
2015-09-29 00:00:00-04:00,1.1760818634754189,1.1798393097977058,1.1572945422793977,1.1610519886016846,316600,0.0,0.0
2015-09-30 00:00:00-04:00,1.1685664248274115,1.1685664248274115,1.1272345314256729,1.149779200553894,535300,0.0,0.0
2015-10-01 00:00:00-04:00,1.1497795853073298,1.1572944775314629,1.1309923547469973,1.1385072469711304,282600,0.0,0.0
2015-10-02 00:00:00-04:00,1.1347492933273315,1.138506737758831,1.1272344044643328,1.1347492933273315,166900,0.0,0.0
2015-10-05 00:00:00-04:00,1.1422644605285694,1.1535367965698242,1.1385070151814847,1.1535367965698242,185200,0.0,0.0
2015-10-06 00:00:00-04:00,1.1535365358681935,1.1648088693618774,1.1497790913702988,1.1648088693618774,152700,0.0,0.0
2015-10-07 00:00:00-04:00,1.1610514569649555,1.1723237907702992,1.1460216785578305,1.168566346168518,285600,0.0,0.0
2015-10-08 00:00:00-04:00,1.1685665713906852,1.217413450212827,1.1610516807387499,1.2061411142349243,314000,0.0,0.0
2015-10-09 00:00:00-04:00,1.2136561300346433,1.2211710214614868,1.2136561300346433,1.2211710214614868,272300,0.0,0.0
2015-10-12 00:00:00-04:00,1.2211708706950821,1.2249283159446078,1.2136559801960312,1.2174134254455566,165900,0.0,0.0
2015-10-13 00:00:00-04:00,1.2208256977206875,1.2208256977206875,1.2094515562057495,1.2094515562057495,163800,0.029,0.0
2015-10-14 00:00:00-04:00,1.213242913806929,1.213242913806929,1.2018687725067139,1.2018687725067139,87100,0.0,0.0
2015-10-15 00:00:00-04:00,1.2018681033285386,1.2018681033285386,1.1829111213227743,1.1980767250061035,135700,0.0,0.0
2015-10-16 00:00:00-04:00,1.1942853466836687,1.2018681033285386,1.1942853466836687,1.1980767250061035,129100,0.0,0.0
2015-10-19 00:00:00-04:00,1.1942860116399039,1.205660152940119,1.1942860116399039,1.2018687725067139,108100,0.0,0.0
2015-10-20 00:00:00-04:00,1.2018682491320463,1.2094510066968112,1.1980768703496638,1.2056596279144287,306500,0.0,0.0
2015-10-21 00:00:00-04:00,1.209451533373524,1.209451533373524,1.198077392073309,1.2018687725067139,200100,0.0,0.0
2015-10-22 00:00:00-04:00,1.2018688176021382,1.2170343399047852,1.2018688176021382,1.2170343399047852,311400,0.0,0.0
2015-10-23 00:00:00-04:00,1.2170343399047852,1.2246171010561087,1.2094515787534617,1.2170343399047852,133700,0.0,0.0
2015-10-26 00:00:00-04:00,1.2170343399047852,1.2246171010561087,1.2132429593291234,1.2170343399047852,145100,0.0,0.0
2015-10-27 00:00:00-04:00,1.220825861798573,1.2246172428131104,1.2170344807840354,1.2246172428131104,114400,0.0,0.0
2015-10-28 00:00:00-04:00,1.220825861798573,1.2322000048421855,1.2170344807840354,1.2246172428131104,232800,0.0,0.0
2015-10-29 00:00:00-04:00,1.2246172643497175,1.2359914075933602,1.2208258832685033,1.232200026512146,156900,0.0,0.0
2015-10-30 00:00:00-04:00,1.2246169565112492,1.235991096895714,1.2246169565112492,1.2284083366394043,260900,0.0,0.0
2015-11-02 00:00:00-05:00,1.2321998813431427,1.2435740232467651,1.2284085007086019,1.2435740232467651,164900,0.0,0.0
2015-11-03 00:00:00-05:00,1.239782380963543,1.2435737607979358,1.2359910011291504,1.2359910011291504,161600,0.0,0.0
2015-11-04 00:00:00-05:00,1.2359908348404287,1.2397822141647339,1.2359908348404287,1.2397822141647339,164900,0.0,0.0
2015-11-05 00:00:00-05:00,1.2435738561572267,1.2473652362823486,1.2359910959069829,1.2473652362823486,247900,0.0,0.0
2015-11-06 00:00:00-05:00,1.246982778987728,1.246982778987728,1.2316823913384007,1.2355074882507324,183800,0.029,0.0
2015-11-09 00:00:00-05:00,1.2355075743661128,1.2355075743661128,1.220207185650342,1.2240322828292847,185000,0.0,0.0
2015-11-10 00:00:00-05:00,1.224031620846412,1.224031620846412,1.2125563355156674,1.2163814306259155,184400,0.0,0.0
2015-11-11 00:00:00-05:00,1.2125569581985474,1.2163820552730928,1.2087318611240019,1.2125569581985474,208200,0.0,0.0
2015-11-12 00:00:00-05:00,1.2049065472613048,1.2125567400339645,1.1896060705184937,1.1896060705184937,227300,0.0,0.0
2015-11-13 00:00:00-05:00,1.185781149732935,1.1896062466857185,1.178130955827368,1.1819560527801514,167500,0.0,0.0
2015-11-16 00:00:00-05:00,1.1819563205442478,1.1819563205442478,1.1781312227249146,1.1781312227249146,210500,0.0,0.0
2015-11-17 00:00:00-05:00,1.1781306541780543,1.181955750151458,1.1743055582046509,1.1743055582046509,325400,0.0,0.0
2015-11-18 00:00:00-05:00,1.178130955827368,1.185781149732935,1.1743058588745845,1.1819560527801514,153100,0.0,0.0
2015-11-19 00:00:00-05:00,1.1819563205442478,1.1857814183635809,1.1743061249055815,1.1781312227249146,218800,0.0,0.0
2015-11-20 00:00:00-05:00,1.1819554302693323,1.1857805252075195,1.174305240392958,1.1857805252075195,184600,0.0,0.0
2015-11-23 00:00:00-05:00,1.185781149732935,1.185781149732935,1.178130955827368,1.1819560527801514,174100,0.0,0.0
2015-11-24 00:00:00-05:00,1.181955750151458,1.1857808461248613,1.1743055582046509,1.1743055582046509,186700,0.0,0.0
2015-11-25 00:00:00-05:00,1.1819558777458339,1.2010814508749748,1.1781307813595039,1.1896060705184937,301000,0.0,0.0
2015-11-27 00:00:00-05:00,1.1934311669048234,1.2010814508749748,1.1857809741321637,1.1896060705184937,129500,0.0,0.0
2015-11-30 00:00:00-05:00,1.1857809741321637,1.197256354488645,1.1857809741321637,1.1896060705184937,97300,0.0,0.0
2015-12-01 00:00:00-05:00,1.1934311115340246,1.2049064913580905,1.189606015325165,1.201081395149231,159400,0.0,0.0
2015-12-02 00:00:00-05:00,1.2049059867858887,1.212556175999978,1.201080892178844,1.2049059867858887,138700,0.0,0.0
2015-12-03 00:00:00-05:00,1.2087310813929333,1.2087310813929333,1.1972557975717995,1.2049059867858887,140300,0.0,0.0
2015-12-04 00:00:00-05:00,1.2010815425630343,1.204906639241364,1.1934312580088764,1.1972564458847046,128000,0.0,0.0
2015-12-07 00:00:00-05:00,1.1896065143136192,1.1934316121269417,1.1628308296203613,1.1628308296203613,321900,0.0,0.0
2015-12-08 00:00:00-05:00,1.1666559274336838,1.1704810252470066,1.1590057318070388,1.1628308296203613,253700,0.0,0.0
2015-12-09 00:00:00-05:00,1.1663062381880034,1.1663062381880034,1.1469965505509543,1.154720425605774,316500,0.029,0.0
2015-12-10 00:00:00-05:00,1.1508584493080125,1.1508584493080125,1.1315487623214722,1.1315487623214722,762100,0.0,0.0
2015-12-11 00:00:00-05:00,1.1276865811334218,1.13541045425824,1.0967909965583185,1.1006529331207275,807300,0.0,0.0
2015-12-14 00:00:00-05:00,1.092929103336672,1.0967910400522285,1.0620336096122198,1.0813432931900024,814700,0.0,0.0
2015-12-15 00:00:00-05:00,1.0813432503086822,1.1006529331207275,1.0813432503086822,1.1006529331207275,665300,0.0,0.0
2015-12-16 00:00:00-05:00,1.100653002699219,1.1276866524208629,1.100653002699219,1.1238247156143188,605300,0.0,0.0
2015-12-17 00:00:00-05:00,1.1276869102956966,1.1354107856750488,1.1161010972266685,1.1354107856750488,516400,0.0,0.0
2015-12-18 00:00:00-05:00,1.1276868629139054,1.1624443006605936,1.1276868629139054,1.154720425605774,601800,0.0,0.0
2015-12-21 00:00:00-05:00,1.166306427645574,1.1856161184193346,1.1624444894908217,1.1740303039550781,1279800,0.0,0.0
2015-12-22 00:00:00-05:00,1.1778917854450868,1.1856156587600708,1.1740298487875946,1.1856156587600708,691100,0.0,0.0
2015-12-23 00:00:00-05:00,1.1856154441087343,1.2010631879419453,1.1817535081504316,1.1972012519836426,558300,0.0,0.0
2015-12-24 00:00:00-05:00,1.1933393160253398,1.208787151934367,1.189477380067037,1.1972012519836426,230800,0.0,0.0
2015-12-28 00:00:00-05:00,1.2046086325401997,1.2046086325401997,1.1695229766995343,1.1734213829040527,536700,0.029,0.0
2015-12-29 00:00:00-05:00,1.1812190472932647,1.1968126833585906,1.1773206382769332,1.1890158653259277,326400,0.0,0.0
2015-12-30 00:00:00-05:00,1.1890157993428463,1.2007110257428273,1.1812189817428589,1.1812189817428589,322800,0.0,0.0
2015-12-31 00:00:00-05:00,1.1773200918084294,1.2202026640289718,1.1773200918084294,1.2007105350494385,836200,0.0,0.0
2016-01-04 00:00:00-05:00,1.1890153134289339,1.208507349463108,1.1851169062220992,1.2007105350494385,349700,0.0,0.0
2016-01-05 00:00:00-05:00,1.2007107477574626,1.216304379347241,1.196812339860018,1.2046091556549072,272100,0.0,0.0
2016-01-06 00:00:00-05:00,1.2046091556549072,1.208507563552352,1.1929139319625732,1.2046091556549072,219600,0.0,0.0
2016-01-07 00:00:00-05:00,1.1968116996505749,1.2007101054626486,1.1890148880264273,1.192913293838501,270300,0.0,0.0
2016-01-08 00:00:00-05:00,1.1929142743422592,1.1968126833585906,1.1890158653259277,1.1890158653259277,127100,0.0,0.0
2016-01-11 00:00:00-05:00,1.18901478974783,1.1929131952376792,1.169522762298584,1.169522762298584,330900,0.0,0.0
2016-01-12 00:00:00-05:00,1.1812181953130896,1.1812181953130896,1.1695229766995343,1.1734213829040527,288000,0.0,0.0
2016-01-13 00:00:00-05:00,1.1695229293163791,1.1734213353629537,1.1422340869903564,1.1422340869903564,742400,0.0,0.0
2016-01-14 00:00:00-05:00,1.13833577564475,1.1578278074992139,1.118843650844947,1.1461325883865356,417200,0.0,0.0
2016-01-15 00:00:00-05:00,1.1149455069518333,1.1344376363404263,1.103250285085894,1.1227424144744873,554000,0.0,0.0
2016-01-19 00:00:00-05:00,1.1344375442040118,1.1344375442040118,1.0915549745663644,1.0954533815383911,525600,0.0,0.0
2016-01-20 00:00:00-05:00,1.0954535771919174,1.0954535771919174,1.064266315845502,1.0837583541870117,609500,0.0,0.0
2016-01-21 00:00:00-05:00,1.0876564273106901,1.0876564273106901,1.0642659884953798,1.0798596143722534,764700,0.0,0.0
2016-01-22 00:00:00-05:00,1.0876565675943377,1.0993517885104178,1.0876565675943377,1.0954533815383911,226600,0.0,0.0
2016-01-25 00:00:00-05:00,1.087656235940329,1.0954530475069366,1.0837578301570252,1.0915546417236328,242000,0.0,0.0
2016-01-26 00:00:00-05:00,1.0954529311807533,1.111046552658081,1.0954529311807533,1.111046552658081,176200,0.0,0.0
2016-01-27 00:00:00-05:00,1.1071487665176392,1.1110471740673524,1.103250358967926,1.1071487665176392,181400,0.0,0.0
2016-01-28 00:00:00-05:00,1.111046861751987,1.118843674659729,1.1071484552981161,1.118843674659729,229100,0.0,0.0
2016-01-29 00:00:00-05:00,1.1227420094557328,1.130538821220398,1.1188435106280723,1.130538821220398,237500,0.0,0.0
2016-02-01 00:00:00-05:00,1.1266404153380654,1.1344372271027308,1.1266404153380654,1.130538821220398,200600,0.0,0.0
2016-02-02 00:00:00-05:00,1.1227423185385539,1.1344375394051613,1.111047004726593,1.114945411682129,240300,0.0,0.0
2016-02-03 00:00:00-05:00,1.1188439142404796,1.1266408217631336,1.1071486923745404,1.1227424144744873,136800,0.0,0.0
2016-02-04 00:00:00-05:00,1.118843674659729,1.1227421740589414,1.114945268205858,1.118843674659729,162500,0.0,0.0
2016-02-05 00:00:00-05:00,1.114945411682129,1.1227423185385539,1.111047004726593,1.114945411682129,110300,0.0,0.0
2016-02-08 00:00:00-05:00,1.1106129655839514,1.1184896459577964,1.0948596048362615,1.114551305770874,104800,0.029,0.0
2016-02-09 00:00:00-05:00,1.1027363268113535,1.1027363268113535,1.079106284798364,1.0869829654693604,238000,0.0,0.0
2016-02-10 00:00:00-05:00,1.0948596928861762,1.0987980333898246,1.079106330871582,1.079106330871582,147400,0.0,0.0
2016-02-11 00:00:00-05:00,1.063353133258012,1.0791064977081744,1.063353133258012,1.0712298154830933,135500,0.0,0.0
2016-02-12 00:00:00-05:00,1.075168156595634,1.075168156595634,1.063353133258012,1.0712298154830933,184500,0.0,0.0
2016-02-16 00:00:00-05:00,1.075168156595634,1.0791064977081744,1.0672914743705526,1.0712298154830933,190700,0.0,0.0
2016-02-17 00:00:00-05:00,1.0751679444628657,1.0869829654693604,1.0712296041273675,1.0869829654693604,98800,0.0,0.0
2016-02-18 00:00:00-05:00,1.086983462170807,1.1027368307113647,1.086983462170807,1.1027368307113647,74300,0.0,0.0
2016-02-19 00:00:00-05:00,1.094860685065055,1.1106140613555908,1.0909223409924211,1.1106140613555908,111300,0.0,0.0
2016-02-22 00:00:00-05:00,1.1145515919882556,1.118489933186546,1.1066749095916748,1.1066749095916748,269200,0.0,0.0
2016-02-23 00:00:00-05:00,1.106674675058562,1.1303047172404848,1.106674675058562,1.126366376876831,111700,0.0,0.0
2016-02-24 00:00:00-05:00,1.1224279932381045,1.138181447982788,1.11061297260267,1.138181447982788,140100,0.0,0.0
2016-02-25 00:00:00-05:00,1.138181447982788,1.1421197881945997,1.126366333449916,1.138181447982788,200400,0.0,0.0
2016-02-26 00:00:00-05:00,1.1460574865341187,1.1539341625462527,1.1381808105219846,1.1460574865341187,235900,0.0,0.0
2016-02-29 00:00:00-05:00,1.1460587910945974,1.1736271885182157,1.1421204486055092,1.165750503540039,252800,0.0,0.0
2016-03-01 00:00:00-05:00,1.1657502865028846,1.1815036535263062,1.1618119447470292,1.1815036535263062,173600,0.0,0.0
2016-03-02 00:00:00-05:00,1.1775653117704508,1.1815036535263062,1.1736269700145954,1.1815036535263062,102700,0.0,0.0
2016-03-03 00:00:00-05:00,1.1815031087658487,1.1933181285858154,1.1736264288858709,1.1933181285858154,180900,0.0,0.0
2016-03-04 00:00:00-05:00,1.1933189125936783,1.209072282703563,1.1933189125936783,1.2011955976486206,229700,0.0,0.0
2016-03-07 00:00:00-05:00,1.2011956407482338,1.2169490114233588,1.2011956407482338,1.2130106687545776,298500,0.0,0.0
2016-03-08 00:00:00-05:00,1.2169489677585053,1.2208873102859765,1.1972572551211493,1.2011955976486206,185300,0.0,0.0
2016-03-09 00:00:00-05:00,1.2127262353897095,1.2246546789746628,1.2047739396664072,1.2127262353897095,248000,0.029,0.0
2016-03-10 00:00:00-05:00,1.2167014693370304,1.2246537590870419,1.2127253244620246,1.2206776142120361,243400,0.0,0.0
2016-03-11 00:00:00-05:00,1.224654788230506,1.2405593810960163,1.224654788230506,1.2365832328796387,325700,0.0,0.0
2016-03-14 00:00:00-04:00,1.2286301461122724,1.2445348235457134,1.2286301461122724,1.232606291770935,345300,0.0,0.0
2016-03-15 00:00:00-04:00,1.2286301461122724,1.2405585830882606,1.2206778547949468,1.232606291770935,223700,0.0,0.0
2016-03-16 00:00:00-04:00,1.2246545118288545,1.2445353432225366,1.2246545118288545,1.2405591011047363,157400,0.0,0.0
2016-03-17 00:00:00-04:00,1.236583251600674,1.2564640877823956,1.2326071033241004,1.248511791229248,292700,0.0,0.0
2016-03-18 00:00:00-04:00,1.2485117084904522,1.264416300542751,1.2485117084904522,1.2564640045166016,181300,0.0,0.0
2016-03-21 00:00:00-04:00,1.2524874985225398,1.2683920860290527,1.2524874985225398,1.2683920860290527,119200,0.0,0.0
2016-03-22 00:00:00-04:00,1.2604398323822292,1.2723682733916697,1.2564636853790825,1.264415979385376,210700,0.0,0.0
2016-03-23 00:00:00-04:00,1.2683920860290527,1.272368232905681,1.2485113516459116,1.2683920860290527,334900,0.0,0.0
2016-03-24 00:00:00-04:00,1.260439795292998,1.260439795292998,1.2405589660634475,1.244535207748413,177900,0.0,0.0
2016-03-28 00:00:00-04:00,1.2485117779437502,1.2524879261780135,1.2206786455050556,1.2246547937393188,183000,0.0,0.0
2016-03-29 00:00:00-04:00,1.2286309364468835,1.244535624111245,1.224654788230506,1.2365832328796387,215400,0.0,0.0
2016-03-30 00:00:00-04:00,1.2405588632153528,1.2485112511271748,1.2286304235458374,1.2286304235458374,214200,0.0,0.0
2016-03-31 00:00:00-04:00,1.228630525405009,1.244535207748413,1.228630525405009,1.244535207748413,113200,0.0,0.0
2016-04-01 00:00:00-04:00,1.2445353432225366,1.2445353432225366,1.236582953785766,1.2405591011047363,134700,0.0,0.0
2016-04-04 00:00:00-04:00,1.2445353432225366,1.2524876378604775,1.236582953785766,1.2405591011047363,243800,0.0,0.0
2016-04-05 00:00:00-04:00,1.2365832328796387,1.2405593810960163,1.232607084663261,1.2365832328796387,94200,0.0,0.0
2016-04-06 00:00:00-04:00,1.232607084663261,1.2405593810960163,1.232607084663261,1.2365832328796387,158100,0.0,0.0
2016-04-07 00:00:00-04:00,1.236582953785766,1.2405591011047363,1.236582953785766,1.2405591011047363,67100,0.0,0.0
2016-04-08 00:00:00-04:00,1.2405591011047363,1.2445353432225366,1.236582953785766,1.2405591011047363,141700,0.0,0.0
2016-04-11 00:00:00-04:00,1.248184885975755,1.2562118867297132,1.2441714334429037,1.252198338508606,162100,0.029,0.0
2016-04-12 00:00:00-04:00,1.248184885975755,1.2562118867297132,1.2441714334429037,1.252198338508606,137400,0.0,0.0
2016-04-13 00:00:00-04:00,1.2602249063896689,1.2642383575439453,1.2562114552353927,1.2642383575439453,83400,0.0,0.0
2016-04-14 00:00:00-04:00,1.264238206810205,1.272265108161719,1.264238206810205,1.268251657485962,176200,0.0,0.0
2016-04-15 00:00:00-04:00,1.268251632613898,1.268251632613898,1.256211280822754,1.256211280822754,168500,0.0,0.0
2016-04-18 00:00:00-04:00,1.2562114552353927,1.2642383575439453,1.252197908392893,1.2642383575439453,172000,0.0,0.0
2016-04-19 00:00:00-04:00,1.26423853085619,1.2722654342651367,1.2562116274472432,1.2722654342651367,124100,0.0,0.0
2016-04-20 00:00:00-04:00,1.2722654880288888,1.2963461992733385,1.2722654880288888,1.2802923917770386,145500,0.0,0.0
2016-04-21 00:00:00-04:00,1.2802921214830065,1.2843055725097656,1.2762786704562477,1.2843055725097656,124400,0.0,0.0
2016-04-22 00:00:00-04:00,1.2843054218956917,1.2923323230078727,1.2843054218956917,1.2883188724517822,197200,0.0,0.0
2016-04-25 00:00:00-04:00,1.2883192955251885,1.2923327473992636,1.2802923917770386,1.2802923917770386,183300,0.0,0.0
2016-04-26 00:00:00-04:00,1.2802923917770386,1.2843058436511137,1.2762789399029637,1.2802923917770386,140100,0.0,0.0
2016-04-27 00:00:00-04:00,1.2843058436511137,1.3003596511474134,1.2802923917770386,1.2802923917770386,226200,0.0,0.0
2016-04-28 00:00:00-04:00,1.2843055725097656,1.296345925590043,1.2802921214830065,1.2843055725097656,241500,0.0,0.0
2016-04-29 00:00:00-04:00,1.2802923917770386,1.2843058436511137,1.2802923917770386,1.2802923917770386,112400,0.0,0.0
2016-05-02 00:00:00-04:00,1.2883188724517822,1.300359224120054,1.2883188724517822,1.2883188724517822,168200,0.0,0.0
2016-05-03 00:00:00-04:00,1.2883191976617523,1.3003595523693665,1.2843057460925476,1.292332649230957,192100,0.0,0.0
2016-05-04 00:00:00-04:00,1.2883192955251885,1.2923327473992636,1.2802923917770386,1.2802923917770386,138300,0.0,0.0
2016-05-05 00:00:00-04:00,1.2802923376740836,1.284305789378557,1.2722654342651367,1.2722654342651367,185900,0.0,0.0
2016-05-06 00:00:00-04:00,1.2762788859696101,1.2762788859696101,1.2722654342651367,1.2722654342651367,115500,0.0,0.0
2016-05-09 00:00:00-04:00,1.2762786704562477,1.2923324745632838,1.2722652194294886,1.2843055725097656,196700,0.0,0.0
2016-05-10 00:00:00-04:00,1.2920007510224036,1.3041512164991995,1.2839004407045396,1.2960509061813354,138800,0.029,0.0
2016-05-11 00:00:00-04:00,1.2960516652742875,1.2960516652742875,1.2879513502120972,1.2879513502120972,260500,0.0,0.0
2016-05-12 00:00:00-04:00,1.2920010089874268,1.2960511649550257,1.2920010089874268,1.2920010089874268,107500,0.0,0.0
2016-05-13 00:00:00-04:00,1.2960516652742875,1.2960516652742875,1.2879513502120972,1.2879513502120972,91200,0.0,0.0
2016-05-16 00:00:00-04:00,1.2960509061813354,1.3001010613402675,1.2920007510224036,1.2960509061813354,135800,0.0,0.0
2016-05-17 00:00:00-04:00,1.2920007510224036,1.2960509061813354,1.2879505958634716,1.2960509061813354,186300,0.0,0.0
2016-05-18 00:00:00-04:00,1.2920008303923793,1.3041512966156006,1.2920008303923793,1.3041512966156006,172100,0.0,0.0
2016-05-19 00:00:00-04:00,1.3001010613402675,1.3001010613402675,1.2920007510224036,1.2960509061813354,153100,0.0,0.0
2016-05-20 00:00:00-04:00,1.300100884592874,1.3122513484178269,1.300100884592874,1.3082011938095093,198100,0.0,0.0
2016-05-23 00:00:00-04:00,1.3163020404315493,1.3325026654790335,1.3122518841696782,1.3203521966934204,257600,0.0,0.0
2016-05-24 00:00:00-04:00,1.3203515262754195,1.3365521430969238,1.3203515262754195,1.3365521430969238,251300,0.0,0.0
2016-05-25 00:00:00-04:00,1.3365528217409046,1.348703290526518,1.3163020404315493,1.3203521966934204,574700,0.0,0.0
2016-05-26 00:00:00-04:00,1.3163017628388218,1.3163017628388218,1.3001011412078602,1.3041512966156006,419700,0.0,0.0
2016-05-27 00:00:00-04:00,1.304151257269481,1.3163017231261238,1.304151257269481,1.3122515678405762,273400,0.0,0.0
2016-05-31 00:00:00-04:00,1.3163015842437744,1.3163015842437744,1.3122514293855567,1.3163015842437744,264100,0.0,0.0
2016-06-01 00:00:00-04:00,1.3163015030261445,1.3163015030261445,1.3082011938095093,1.3082011938095093,189500,0.0,0.0
2016-06-02 00:00:00-04:00,1.3122513484178269,1.3122513484178269,1.3082011938095093,1.3082011938095093,203700,0.0,0.0
2016-06-03 00:00:00-04:00,1.3122514293855567,1.3163015842437744,1.308201274527339,1.3163015842437744,133400,0.0,0.0
2016-06-06 00:00:00-04:00,1.324401957800607,1.3527530431747437,1.324401957800607,1.3527530431747437,902400,0.0,0.0
2016-06-07 00:00:00-04:00,1.3608532984899195,1.3730038597243621,1.356803143599542,1.3689537048339844,695600,0.0,0.0
2016-06-08 00:00:00-04:00,1.3799769878387451,1.3881425240817424,1.3718113542548773,1.3799769878387451,380200,0.027,0.0
2016-06-09 00:00:00-04:00,1.384060662276874,1.3881434330718705,1.3758950233459473,1.3758950233459473,518400,0.0,0.0
2016-06-10 00:00:00-04:00,1.3758944870000738,1.379977353544437,1.3677289485931396,1.3677289485931396,247000,0.0,0.0
2016-06-13 00:00:00-04:00,1.339149534785538,1.3554806112410736,1.339149534785538,1.3473150730133057,300200,0.0,0.0
2016-06-14 00:00:00-04:00,1.3391497744993113,1.3554808538781828,1.3309842348098755,1.3309842348098755,230200,0.0,0.0
2016-06-15 00:00:00-04:00,1.3432325443440292,1.347315314188747,1.3309842348098755,1.3309842348098755,150600,0.0,0.0
2016-06-16 00:00:00-04:00,1.3309838468789288,1.3350666155336757,1.3187355409146886,1.3269010782241821,270200,0.0,0.0
2016-06-17 00:00:00-04:00,1.3350669729783624,1.3473152822219088,1.326901433482665,1.34323251247406,253900,0.0,0.0
2016-06-20 00:00:00-04:00,1.3554808803140534,1.3677291900870852,1.3513981103897095,1.3513981103897095,287100,0.0,0.0
2016-06-21 00:00:00-04:00,1.3554808803140534,1.3758947299357729,1.3513981103897095,1.3513981103897095,213500,0.0,0.0
2016-06-22 00:00:00-04:00,1.3636463588368029,1.3718118983182699,1.3554808193553358,1.3595635890960693,361700,0.0,0.0
2016-06-23 00:00:00-04:00,1.3677285861333788,1.3840597559602437,1.36364581801188,1.3799769878387451,107800,0.0,0.0
2016-06-24 00:00:00-04:00,1.3513980785692647,1.3677291578821038,1.347315308741055,1.363646388053894,281800,0.0,0.0
2016-06-27 00:00:00-04:00,1.359564045916216,1.359564045916216,1.335067419240829,1.3391501903533936,256900,0.0,0.0
2016-06-28 00:00:00-04:00,1.3391497115273236,1.3554807901382446,1.3391497115273236,1.3554807901382446,171900,0.0,0.0
2016-06-29 00:00:00-04:00,1.359563559790975,1.3677290990964357,1.3473152508327841,1.3554807901382446,601700,0.0,0.0
2016-06-30 00:00:00-04:00,1.3513980204855145,1.359563559790975,1.3513980204855145,1.3554807901382446,292300,0.0,0.0
2016-07-01 00:00:00-04:00,1.3595635890960693,1.3677291285775364,1.3554808193553358,1.3595635890960693,232700,0.0,0.0
2016-07-05 00:00:00-04:00,1.3636461494688412,1.3636461494688412,1.3473150730133057,1.3473150730133057,311200,0.0,0.0
2016-07-06 00:00:00-04:00,1.3513980496146025,1.3636463588368029,1.3432325101331355,1.3595635890960693,342500,0.0,0.0
2016-07-07 00:00:00-04:00,1.3636461793896724,1.3840601227479041,1.3595634101862053,1.3677289485931396,421700,0.0,0.0
2016-07-08 00:00:00-04:00,1.3758943972789073,1.3758943972789073,1.3636460904672099,1.3718116283416748,353600,0.0,0.0
2016-07-11 00:00:00-04:00,1.3788085947793158,1.3911562211394641,1.3746927520357435,1.3829244375228882,223400,0.027,0.0
2016-07-12 00:00:00-04:00,1.391156247135171,1.4076196184171013,1.391156247135171,1.4035037755966187,263100,0.0,0.0
2016-07-13 00:00:00-04:00,1.403503821645605,1.4158513505121755,1.395272135734558,1.395272135734558,318400,0.0,0.0
2016-07-14 00:00:00-04:00,1.4117354612375839,1.4158513040580665,1.391156247135171,1.4035037755966187,382600,0.0,0.0
2016-07-15 00:00:00-04:00,1.3993879556655884,1.4076196414411972,1.395272112777784,1.3993879556655884,148500,0.0,0.0
2016-07-18 00:00:00-04:00,1.3993879556655884,1.4076196414411972,1.3911562698899795,1.3993879556655884,326000,0.0,0.0
2016-07-19 00:00:00-04:00,1.3993879786900816,1.403503821645605,1.3911562927790346,1.395272135734558,282500,0.0,0.0
2016-07-20 00:00:00-04:00,1.4035037755966187,1.4035037755966187,1.3952720899556537,1.4035037755966187,283200,0.0,0.0
2016-07-21 00:00:00-04:00,1.4076196184171013,1.4076196184171013,1.3952720899556537,1.4035037755966187,197900,0.0,0.0
2016-07-22 00:00:00-04:00,1.4035037755966187,1.4076196184171013,1.3993879327761363,1.4035037755966187,168500,0.0,0.0
2016-07-25 00:00:00-04:00,1.403503821645605,1.4076196646011285,1.395272135734558,1.395272135734558,184400,0.0,0.0
2016-07-26 00:00:00-04:00,1.3952725175131093,1.4035042056765348,1.3911566734313965,1.3911566734313965,150000,0.0,0.0
2016-07-27 00:00:00-04:00,1.3993879786900816,1.3993879786900816,1.3911562927790346,1.395272135734558,174900,0.0,0.0
2016-07-28 00:00:00-04:00,1.3911562698899795,1.4076196414411972,1.3911562698899795,1.3993879556655884,197000,0.0,0.0
2016-07-29 00:00:00-04:00,1.3993880285326998,1.4076197147369385,1.3952721854305807,1.4076197147369385,193500,0.0,0.0
2016-08-01 00:00:00-04:00,1.3993879556655884,1.4035037985533927,1.3911562698899795,1.3993879556655884,315600,0.0,0.0
2016-08-02 00:00:00-04:00,1.3993879556655884,1.4035037985533927,1.395272112777784,1.3993879556655884,108000,0.0,0.0
2016-08-03 00:00:00-04:00,1.4035038716348192,1.4117355578390576,1.3993880285326998,1.4076197147369385,198800,0.0,0.0
2016-08-04 00:00:00-04:00,1.411735868219849,1.4158517122268677,1.4076200242128305,1.4158517122268677,128600,0.0,0.0
2016-08-05 00:00:00-04:00,1.4158518559298865,1.4158518559298865,1.411736011505127,1.411736011505127,117100,0.0,0.0
2016-08-08 00:00:00-04:00,1.4117357023096906,1.4281990764029546,1.4117357023096906,1.4240832328796387,228600,0.0,0.0
2016-08-09 00:00:00-04:00,1.4228385053317163,1.4311349316915696,1.4145420789718628,1.4145420789718628,278900,0.027,0.0
2016-08-10 00:00:00-04:00,1.4228384494781494,1.4228384494781494,1.4145420234439725,1.4228384494781494,182600,0.0,0.0
2016-08-11 00:00:00-04:00,1.4228393740071834,1.4228393740071834,1.4186911582946777,1.4186911582946777,128600,0.0,0.0
2016-08-12 00:00:00-04:00,1.418691097730131,1.4352839598717977,1.418691097730131,1.4269875288009644,151500,0.0,0.0
2016-08-15 00:00:00-04:00,1.4269876160075567,1.4394322633743286,1.4228394002186329,1.4394322633743286,99200,0.0,0.0
2016-08-16 00:00:00-04:00,1.4394314854974268,1.4394314854974268,1.4311350584030151,1.4311350584030151,83100,0.0,0.0
2016-08-17 00:00:00-04:00,1.4394322633743286,1.4394322633743286,1.4311358317964809,1.4394322633743286,73400,0.0,0.0
2016-08-18 00:00:00-04:00,1.4435794907394812,1.4435794907394812,1.4311348518935958,1.4352830648422241,111100,0.0,0.0
2016-08-19 00:00:00-04:00,1.4269866389449672,1.4352830648422241,1.4269866389449672,1.4352830648422241,114100,0.0,0.0
2016-08-22 00:00:00-04:00,1.4269870555469506,1.4477281263453485,1.4269870555469506,1.443579912185669,180900,0.0,0.0
2016-08-23 00:00:00-04:00,1.4477277437947806,1.4684688091125166,1.4435795307312334,1.456024169921875,412300,0.0,0.0
2016-08-24 00:00:00-04:00,1.4477281263453485,1.4643209829840669,1.443579912185669,1.443579912185669,195400,0.0,0.0
2016-08-25 00:00:00-04:00,1.4518764625997786,1.4643211061253427,1.4435800335827358,1.4601728916168213,213800,0.0,0.0
2016-08-26 00:00:00-04:00,1.4601728916168213,1.4767657496509068,1.4560246771082999,1.4601728916168213,192300,0.0,0.0
2016-08-29 00:00:00-04:00,1.4643211061253427,1.4767657496509068,1.4601728916168213,1.4601728916168213,223600,0.0,0.0
2016-08-30 00:00:00-04:00,1.4684686660766602,1.4726168787361518,1.4643204534171688,1.4684686660766602,132200,0.0,0.0
2016-08-31 00:00:00-04:00,1.4684686660766602,1.4809133040551345,1.4643204534171688,1.4684686660766602,139600,0.0,0.0
2016-09-01 00:00:00-04:00,1.476765513420105,1.476765513420105,1.4684690857302003,1.476765513420105,186600,0.0,0.0
2016-09-02 00:00:00-04:00,1.4767653065953295,1.4850617331232985,1.4726170933313452,1.480913519859314,120400,0.0,0.0
2016-09-06 00:00:00-04:00,1.4726172995751525,1.4850619411100097,1.4726172995751525,1.476765513420105,119600,0.0,0.0
2016-09-07 00:00:00-04:00,1.4767653065953295,1.4933581596512673,1.4767653065953295,1.480913519859314,146300,0.0,0.0
2016-09-08 00:00:00-04:00,1.4850617331232985,1.4892099463872828,1.4767653065953295,1.480913519859314,195000,0.0,0.0
2016-09-09 00:00:00-04:00,1.4767662054746442,1.485062637052492,1.4352840475854047,1.4394322633743286,609200,0.0,0.0
2016-09-12 00:00:00-04:00,1.4214543847186396,1.4298158728906596,1.3838275882677475,1.4172736406326294,1365100,0.027,0.0
2016-09-13 00:00:00-04:00,1.4130929662258087,1.4214544548101313,1.3921891450881958,1.3921891450881958,642000,0.0,0.0
2016-09-14 00:00:00-04:00,1.4005501731059176,1.4130925015347018,1.3921886872712437,1.4047309160232544,396700,0.0,0.0
2016-09-15 00:00:00-04:00,1.4047310808185807,1.4172734107187621,1.400550337410782,1.4089118242263794,442600,0.0,0.0
2016-09-16 00:00:00-04:00,1.4047310808185807,1.4172734107187621,1.4047310808185807,1.4089118242263794,167000,0.0,0.0
2016-09-19 00:00:00-04:00,1.4130929361529467,1.4172736803561352,1.4005506038665771,1.4005506038665771,207500,0.0,0.0
2016-09-20 00:00:00-04:00,1.4047309160232544,1.4172732444520386,1.4005501731059176,1.4047309160232544,221000,0.0,0.0
2016-09-21 00:00:00-04:00,1.4047313086977977,1.4256351288046496,1.4047313086977977,1.4172736406326294,264200,0.0,0.0
2016-09-22 00:00:00-04:00,1.4256353819949223,1.433996871651928,1.417273892337917,1.4298161268234253,289300,0.0,0.0
2016-09-23 00:00:00-04:00,1.4298153651753163,1.43399610777678,1.4214538799723888,1.4256346225738525,195100,0.0,0.0
2016-09-26 00:00:00-04:00,1.4130928965466194,1.4339966169766698,1.4130928965466194,1.4172736406326294,455800,0.0,0.0
2016-09-27 00:00:00-04:00,1.4172736406326294,1.4214543847186396,1.4172736406326294,1.4172736406326294,80500,0.0,0.0
2016-09-28 00:00:00-04:00,1.4256346225738525,1.4298153651753163,1.4214538799723888,1.4256346225738525,113000,0.0,0.0
2016-09-29 00:00:00-04:00,1.4298153651753163,1.43399610777678,1.4256346225738525,1.4256346225738525,143200,0.0,0.0
2016-09-30 00:00:00-04:00,1.4214546371664196,1.4298161268234253,1.4214546371664196,1.4298161268234253,153100,0.0,0.0
2016-10-03 00:00:00-04:00,1.4256353819949223,1.4298161268234253,1.4214546371664196,1.4298161268234253,172100,0.0,0.0
2016-10-04 00:00:00-04:00,1.4256350542846519,1.4298157981521284,1.4172735665496987,1.4214543104171753,211200,0.0,0.0
2016-10-05 00:00:00-04:00,1.4214543104171753,1.4256350542846519,1.4172735665496987,1.4214543104171753,135700,0.0,0.0
2016-10-06 00:00:00-04:00,1.4172736406326294,1.4214543847186396,1.4047313086977977,1.4172736406326294,227200,0.0,0.0
2016-10-07 00:00:00-04:00,1.4172738347158995,1.4172738347158995,1.413093090057373,1.413093090057373,135100,0.0,0.0
2016-10-10 00:00:00-04:00,1.4130923947694614,1.4256346225738525,1.4130923947694614,1.4256346225738525,74000,0.0,0.0
2016-10-11 00:00:00-04:00,1.4214545793744262,1.4256353240329527,1.413093090057373,1.413093090057373,138200,0.0,0.0
2016-10-12 00:00:00-04:00,1.4202573450733207,1.4244718551635742,1.4160429354625181,1.4244718551635742,88100,0.027,0.0
2016-10-13 00:00:00-04:00,1.411828395496335,1.4202572139396998,1.411828395496335,1.4160428047180176,90800,0.0,0.0
2016-10-14 00:00:00-04:00,1.411828395496335,1.4202572139396998,1.411828395496335,1.4160428047180176,46600,0.0,0.0
2016-10-17 00:00:00-04:00,1.4118284051787213,1.4202572236798912,1.3991851774269664,1.4033995866775513,221400,0.0,0.0
2016-10-18 00:00:00-04:00,1.407613754272461,1.4118281627995266,1.4033993457453953,1.407613754272461,98300,0.0,0.0
2016-10-19 00:00:00-04:00,1.4033995770529704,1.4160428047180176,1.4033995770529704,1.4160428047180176,118500,0.0,0.0
2016-10-20 00:00:00-04:00,1.4118282794952393,1.41604268837065,1.4118282794952393,1.4118282794952393,79300,0.0,0.0
2016-10-21 00:00:00-04:00,1.3991851774269664,1.4076139959281364,1.3991851774269664,1.4033995866775513,224700,0.0,0.0
2016-10-24 00:00:00-04:00,1.4118282794952393,1.4202570972460609,1.4076138706198287,1.4118282794952393,138100,0.0,0.0
2016-10-25 00:00:00-04:00,1.411828395496335,1.4160428047180176,1.411828395496335,1.4160428047180176,132500,0.0,0.0
2016-10-26 00:00:00-04:00,1.4076138706198287,1.41604268837065,1.4076138706198287,1.4118282794952393,56100,0.0,0.0
2016-10-27 00:00:00-04:00,1.4076138706198287,1.41604268837065,1.4076138706198287,1.4118282794952393,118100,0.0,0.0
2016-10-28 00:00:00-04:00,1.4118284051787213,1.4160428144293062,1.3991851774269664,1.4033995866775513,227800,0.0,0.0
2016-10-31 00:00:00-04:00,1.4076137644486388,1.4118281730061721,1.3823273131034393,1.3907561302185059,419800,0.0,0.0
2016-11-01 00:00:00-04:00,1.3865417345377515,1.3907561431344238,1.369684100151062,1.369684100151062,272400,0.0,0.0
2016-11-02 00:00:00-04:00,1.3654700705297393,1.3696844802960875,1.3359692021653016,1.344398021697998,443100,0.0,0.0
2016-11-03 00:00:00-04:00,1.3359688573735304,1.3443976747308868,1.3233256313374961,1.3275400400161743,375000,0.0,0.0
2016-11-04 00:00:00-04:00,1.3220138549804688,1.3305156453241134,1.3220138549804688,1.3220138549804688,269000,0.027,0.0
2016-11-07 00:00:00-05:00,1.3305161756577648,1.3517704066183334,1.3305161756577648,1.3390178680419922,367300,0.0,0.0
2016-11-08 00:00:00-05:00,1.3347659160498957,1.3517692867317403,1.3347659160498957,1.3475184440612793,359900,0.0,0.0
2016-11-09 00:00:00-05:00,1.3262641293608897,1.3560201294022016,1.3262641293608897,1.3475184440612793,270100,0.0,0.0
2016-11-10 00:00:00-05:00,1.343268707457584,1.343268707457584,1.3092618367440647,1.3135126829147339,524300,0.0,0.0
2016-11-11 00:00:00-05:00,1.309261519064471,1.326264899621442,1.3050106739252283,1.3177632093429565,227100,0.0,0.0
2016-11-14 00:00:00-05:00,1.3177635290854028,1.326265221426741,1.3092618367440647,1.3135126829147339,214700,0.0,0.0
2016-11-15 00:00:00-05:00,1.3177637337330093,1.339018069235302,1.3177637337330093,1.33476722240448,325500,0.0,0.0
2016-11-16 00:00:00-05:00,1.3390175082236053,1.3602717334727763,1.334766663173771,1.351770043373108,214500,0.0,0.0
2016-11-17 00:00:00-05:00,1.351770395488617,1.3687737801170756,1.351770395488617,1.364522933959961,293700,0.0,0.0
2016-11-18 00:00:00-05:00,1.37302462627419,1.3772754724313048,1.364522933959961,1.364522933959961,237600,0.0,0.0
2016-11-21 00:00:00-05:00,1.360271888528706,1.3772752706662401,1.360271888528706,1.3687735795974731,256900,0.0,0.0
2016-11-22 00:00:00-05:00,1.37727530930721,1.3857770006145014,1.364522772346273,1.3730244636535645,422700,0.0,0.0
2016-11-23 00:00:00-05:00,1.3730244636535645,1.3815261549608557,1.3687736179999186,1.3730244636535645,207100,0.0,0.0
2016-11-25 00:00:00-05:00,1.3730246207788441,1.3815263130590465,1.3730246207788441,1.3772754669189453,215800,0.0,0.0
2016-11-28 00:00:00-05:00,1.3857769580796282,1.3857769580796282,1.3772752670332868,1.3815261125564575,128900,0.0,0.0
2016-11-29 00:00:00-05:00,1.3772754669189453,1.3815263130590465,1.3730246207788441,1.3772754669189453,105800,0.0,0.0
2016-11-30 00:00:00-05:00,1.3730244636535645,1.37727530930721,1.3730244636535645,1.3730244636535645,162000,0.0,0.0
2016-12-01 00:00:00-05:00,1.3730244636535645,1.37727530930721,1.3687736179999186,1.3730244636535645,134600,0.0,0.0
2016-12-02 00:00:00-05:00,1.36745196090337,1.3803119981974545,1.36745196090337,1.3760253190994263,109900,0.027,0.0
2016-12-05 00:00:00-05:00,1.3760257102007496,1.3845990708335718,1.3674523495679272,1.3717390298843384,247200,0.0,0.0
2016-12-06 00:00:00-05:00,1.3674522177403694,1.3931722971593237,1.3674522177403694,1.3888856172561646,206900,0.0,0.0
2016-12-07 00:00:00-05:00,1.3845988921018604,1.4103189706802368,1.3845988921018604,1.4103189706802368,364500,0.0,0.0
2016-12-08 00:00:00-05:00,1.4017456111541113,1.4146056504432996,1.4017456111541113,1.4103189706802368,196400,0.0,0.0
2016-12-09 00:00:00-05:00,1.414604663848877,1.4188913406222623,1.4103179870754914,1.414604663848877,98200,0.0,0.0
2016-12-12 00:00:00-05:00,1.410318312792888,1.4231783460831091,1.410318312792888,1.4188916683197021,129400,0.0,0.0
2016-12-13 00:00:00-05:00,1.4188916683197021,1.4231783460831091,1.4188916683197021,1.4188916683197021,140400,0.0,0.0
2016-12-14 00:00:00-05:00,1.414604990556295,1.427465023846516,1.414604990556295,1.4188916683197021,261000,0.0,0.0
2016-12-15 00:00:00-05:00,1.4146056504432996,1.4188923302063623,1.3845988921018604,1.4103189706802368,364000,0.0,0.0
2016-12-16 00:00:00-05:00,1.4146056504432996,1.4146056504432996,1.406032290917174,1.4103189706802368,127600,0.0,0.0
2016-12-19 00:00:00-05:00,1.406031310302106,1.4231780173956479,1.406031310302106,1.414604663848877,209500,0.0,0.0
2016-12-20 00:00:00-05:00,1.4231780173956479,1.4274646941690334,1.4103179870754914,1.414604663848877,207700,0.0,0.0
2016-12-21 00:00:00-05:00,1.4188913406222623,1.4188913406222623,1.406031310302106,1.414604663848877,293000,0.0,0.0
2016-12-22 00:00:00-05:00,1.4103179870754914,1.4188913406222623,1.406031310302106,1.414604663848877,257300,0.0,0.0
2016-12-23 00:00:00-05:00,1.4146050166874917,1.4317517280578613,1.4146050166874917,1.4317517280578613,442200,0.0,0.0
2016-12-27 00:00:00-05:00,1.4360383793733302,1.4360383793733302,1.414604990556295,1.4188916683197021,583400,0.0,0.0
2016-12-28 00:00:00-05:00,1.4175947950365666,1.434882520103371,1.4175947950365666,1.43056058883667,271500,0.027,0.0
2016-12-29 00:00:00-05:00,1.4305616583101317,1.439205527305603,1.4305616583101317,1.439205527305603,179800,0.0,0.0
2016-12-30 00:00:00-05:00,1.4348828810127503,1.4521706104278564,1.4348828810127503,1.4521706104278564,247300,0.0,0.0
2017-01-03 00:00:00-05:00,1.4478482007980347,1.4521701317271078,1.4435262698689615,1.4478482007980347,176300,0.0,0.0
2017-01-04 00:00:00-05:00,1.456492542781633,1.456492542781633,1.44784867807408,1.4521706104278564,139000,0.0,0.0
2017-01-05 00:00:00-05:00,1.4564926624298096,1.4608146981816286,1.4521707297209943,1.4564926624298096,159800,0.0,0.0
2017-01-06 00:00:00-05:00,1.4521707297209943,1.4608146981816286,1.447848797012179,1.4564926624298096,203700,0.0,0.0
2017-01-09 00:00:00-05:00,1.4651366308904439,1.4651366308904439,1.4521707297209943,1.4564926624298096,258700,0.0,0.0
2017-01-10 00:00:00-05:00,1.4608141201792277,1.469457982176729,1.456492086137514,1.4651360511779785,162200,0.0,0.0
2017-01-11 00:00:00-05:00,1.4651362906839638,1.4694582223892212,1.4651362906839638,1.4694582223892212,79000,0.0,0.0
2017-01-12 00:00:00-05:00,1.469457982176729,1.469457982176729,1.4651360511779785,1.4651360511779785,92800,0.0,0.0
2017-01-13 00:00:00-05:00,1.4737801551818848,1.4737801551818848,1.4651362917649922,1.4737801551818848,69500,0.0,0.0
2017-01-17 00:00:00-05:00,1.4737799131754798,1.4737799131754798,1.4651360511779785,1.4651360511779785,158000,0.0,0.0
2017-01-18 00:00:00-05:00,1.4694582234734386,1.4737801551818848,1.4651362917649922,1.4737801551818848,141900,0.0,0.0
2017-01-19 00:00:00-05:00,1.478102085799736,1.478102085799736,1.4651362906839638,1.4694582223892212,310100,0.0,0.0
2017-01-20 00:00:00-05:00,1.4651362906839638,1.4694582223892212,1.4651362906839638,1.4694582223892212,79800,0.0,0.0
2017-01-23 00:00:00-05:00,1.4651362917649922,1.478102086890331,1.4651362917649922,1.4737801551818848,156100,0.0,0.0
2017-01-24 00:00:00-05:00,1.478102086890331,1.478102086890331,1.4694582234734386,1.4737801551818848,102400,0.0,0.0
2017-01-25 00:00:00-05:00,1.4781018495559692,1.482423780570456,1.4781018495559692,1.4781018495559692,136300,0.0,0.0
2017-01-26 00:00:00-05:00,1.4781018495559692,1.4867457115849427,1.4781018495559692,1.4781018495559692,150800,0.0,0.0
2017-01-27 00:00:00-05:00,1.4781022079141846,1.491068004101135,1.4781022079141846,1.4824241399765015,116200,0.0,0.0
2017-01-30 00:00:00-05:00,1.4824240185987771,1.4867459503072233,1.4694582234734386,1.4737801551818848,387000,0.0,0.0
2017-01-31 00:00:00-05:00,1.4694579875269957,1.482423780570456,1.4694579875269957,1.4781018495559692,430500,0.0,0.0
2017-02-01 00:00:00-05:00,1.478102086890331,1.4824240185987771,1.4737801551818848,1.4737801551818848,208000,0.0,0.0
2017-02-02 00:00:00-05:00,1.4781018495559692,1.4781018495559692,1.4694579875269957,1.4781018495559692,292100,0.0,0.0
2017-02-03 00:00:00-05:00,1.4781018495559692,1.482423780570456,1.4737799185414824,1.4781018495559692,226100,0.0,0.0
2017-02-06 00:00:00-05:00,1.4811514616012573,1.4811514616012573,1.4724388144981984,1.4811514616012573,267500,0.027,0.0
2017-02-07 00:00:00-05:00,1.4811515221489904,1.489864169608212,1.4811515221489904,1.485507845878601,219300,0.0,0.0
2017-02-08 00:00:00-05:00,1.4811515221489904,1.4942204933378227,1.4811515221489904,1.485507845878601,216900,0.0,0.0
2017-02-09 00:00:00-05:00,1.4898649454116821,1.4942212714097218,1.4855086194136422,1.4898649454116821,166900,0.0,0.0
2017-02-10 00:00:00-05:00,1.4942212714097218,1.4985775974077618,1.4898649454116821,1.4898649454116821,252700,0.0,0.0
2017-02-13 00:00:00-05:00,1.4942212714097218,1.4985775974077618,1.4898649454116821,1.4898649454116821,186400,0.0,0.0
2017-02-14 00:00:00-05:00,1.4898649454116821,1.4942212714097218,1.4898649454116821,1.4898649454116821,118800,0.0,0.0
2017-02-15 00:00:00-05:00,1.4942212714097218,1.4985775974077618,1.4898649454116821,1.4898649454116821,97100,0.0,0.0
2017-02-16 00:00:00-05:00,1.489864108704316,1.4942204322558457,1.4767951380497277,1.4811514616012573,312700,0.0,0.0
2017-02-17 00:00:00-05:00,1.4767959674175626,1.4898649454116821,1.4767959674175626,1.4898649454116821,155500,0.0,0.0
2017-02-21 00:00:00-05:00,1.485507845878601,1.489864169608212,1.485507845878601,1.485507845878601,182000,0.0,0.0
2017-02-22 00:00:00-05:00,1.4811515221489904,1.489864169608212,1.4767951984193795,1.485507845878601,281700,0.0,0.0
2017-02-23 00:00:00-05:00,1.4898644687115594,1.4985771179199219,1.4855081441073783,1.4985771179199219,285700,0.0,0.0
2017-02-24 00:00:00-05:00,1.4942207933157408,1.4985771179199219,1.4898644687115594,1.4985771179199219,389700,0.0,0.0
2017-02-27 00:00:00-05:00,1.48986429035063,1.498576938515947,1.48986429035063,1.4942206144332886,139800,0.0,0.0
2017-02-28 00:00:00-05:00,1.4942202600518628,1.5029329061508179,1.4898639370023854,1.5029329061508179,135000,0.0,0.0
2017-03-01 00:00:00-05:00,1.5029329061508179,1.5160018752992503,1.4985765831013405,1.5029329061508179,325800,0.0,0.0
2017-03-02 00:00:00-05:00,1.4985778862850057,1.5160031936361993,1.4985778862850057,1.5116468667984009,256800,0.0,0.0
2017-03-03 00:00:00-05:00,1.5160020567793944,1.5203583803503662,1.4985767624955078,1.5072894096374512,429200,0.0,0.0
2017-03-06 00:00:00-05:00,1.5116460917324654,1.5116460917324654,1.4942207933157408,1.4985771179199219,259500,0.0,0.0
2017-03-07 00:00:00-05:00,1.4942212714097218,1.4985775974077618,1.4855086194136422,1.4898649454116821,419500,0.0,0.0
2017-03-08 00:00:00-05:00,1.4811515792603192,1.4855079031579044,1.4680825037046092,1.472438931465149,271900,0.0,0.0
2017-03-09 00:00:00-05:00,1.4724394596486743,1.4724394596486743,1.4201634502626013,1.4332324266433716,686500,0.0,0.0
2017-03-10 00:00:00-05:00,1.4406992336247746,1.4450916051864624,1.4406992336247746,1.4450916051864624,188600,0.027,0.0
2017-03-13 00:00:00-04:00,1.4494839767481502,1.4582687198715256,1.4363068620630868,1.4450916051864624,494500,0.0,0.0
2017-03-14 00:00:00-04:00,1.4406992612146292,1.4538763761520386,1.4406992612146292,1.4538763761520386,210600,0.0,0.0
2017-03-15 00:00:00-04:00,1.4538766276477975,1.4670537448646224,1.4450918828365809,1.4582690000534058,344300,0.0,0.0
2017-03-16 00:00:00-04:00,1.4626611608303155,1.47144590437049,1.4582687890602282,1.4670535326004028,319200,0.0,0.0
2017-03-17 00:00:00-04:00,1.4670535462721703,1.4802306617052323,1.4670535462721703,1.471445918083191,231700,0.0,0.0
2017-03-20 00:00:00-04:00,1.471445456296267,1.4758378267288208,1.4670530858637136,1.4758378267288208,211100,0.0,0.0
2017-03-21 00:00:00-04:00,1.4758377811713543,1.4758377811713543,1.4626606702804565,1.4626606702804565,150600,0.0,0.0
2017-03-22 00:00:00-04:00,1.4626611744611495,1.471445918083191,1.458268802650129,1.471445918083191,227300,0.0,0.0
2017-03-23 00:00:00-04:00,1.4714454108743884,1.4714454108743884,1.4582682999834906,1.4626606702804565,231400,0.0,0.0
2017-03-24 00:00:00-04:00,1.4670530858637136,1.4758378267288208,1.4670530858637136,1.4758378267288208,146600,0.0,0.0
2017-03-27 00:00:00-04:00,1.471445918083191,1.4758382898942115,1.4626611744611495,1.471445918083191,179600,0.0,0.0
2017-03-28 00:00:00-04:00,1.4714455897589998,1.4846228069742289,1.4670532189280503,1.4802303314208984,166700,0.0,0.0
2017-03-29 00:00:00-04:00,1.4802301971613743,1.4846226723162994,1.471445456296267,1.4758378267288208,158500,0.0,0.0
2017-03-30 00:00:00-04:00,1.475837960589949,1.4846228069742289,1.4714455897589998,1.4802303314208984,247300,0.0,0.0
2017-03-31 00:00:00-04:00,1.48023037495313,1.4890152215957642,1.47144563303288,1.4890152215957642,219800,0.0,0.0
2017-04-03 00:00:00-04:00,1.4890150134505056,1.4977997541427612,1.4802301680358803,1.4977997541427612,296200,0.0,0.0
2017-04-04 00:00:00-04:00,1.4977999027537534,1.5109770150995636,1.4934075319718165,1.506584644317627,431100,0.0,0.0
2017-04-05 00:00:00-04:00,1.5065847054362644,1.5109770763963895,1.4890152215957642,1.4890152215957642,231000,0.0,0.0
2017-04-06 00:00:00-04:00,1.4890152215957642,1.4934075925558892,1.4846228506356391,1.4890152215957642,206600,0.0,0.0
2017-04-07 00:00:00-04:00,1.4934073837966333,1.4977997541427612,1.4934073837966333,1.4977997541427612,141400,0.0,0.0
2017-04-10 00:00:00-04:00,1.4977998287323744,1.5197616815567017,1.4977998287323744,1.5197616815567017,306000,0.0,0.0
2017-04-11 00:00:00-04:00,1.5228607654571533,1.5228607654571533,1.5095800158541337,1.5228607654571533,213500,0.027,0.0
2017-04-12 00:00:00-04:00,1.5228612852407601,1.5228612852407601,1.509580531104748,1.5140074491500854,219600,0.0,0.0
2017-04-13 00:00:00-04:00,1.5095798579286743,1.5228606061423218,1.5095798579286743,1.518433690071106,94700,0.0,0.0
2017-04-17 00:00:00-04:00,1.518433690071106,1.5228606061423218,1.5140067739998901,1.518433690071106,122700,0.0,0.0
2017-04-18 00:00:00-04:00,1.5184338489228135,1.5272876819914933,1.5184338489228135,1.5228607654571533,156100,0.0,0.0
2017-04-19 00:00:00-04:00,1.5228600918021313,1.531713920954216,1.518433177226089,1.5272870063781738,129300,0.0,0.0
2017-04-20 00:00:00-04:00,1.5317143201828003,1.5361412359126814,1.5272874044529192,1.5317143201828003,141400,0.0,0.0
2017-04-21 00:00:00-04:00,1.5317154303048408,1.536142349243164,1.5272885113665176,1.536142349243164,100200,0.0,0.0
2017-04-24 00:00:00-04:00,1.5405681516425624,1.5405681516425624,1.5317143201828003,1.5317143201828003,150400,0.0,0.0
2017-04-25 00:00:00-04:00,1.540568748106376,1.544995665550232,1.5272879957748082,1.544995665550232,276400,0.0,0.0
2017-04-26 00:00:00-04:00,1.544995665550232,1.5538495004379438,1.53614183066252,1.544995665550232,138800,0.0,0.0
2017-04-27 00:00:00-04:00,1.5449955853037767,1.5494225025177002,1.5405686680898532,1.5494225025177002,277900,0.0,0.0
2017-04-28 00:00:00-04:00,1.5494225829940877,1.5627033353256554,1.540568748106376,1.544995665550232,310200,0.0,0.0
2017-05-01 00:00:00-04:00,1.5538494174239859,1.5671301690460333,1.5494225002166369,1.562703251838684,244300,0.0,0.0
2017-05-02 00:00:00-04:00,1.562703251838684,1.5715570862533823,1.5538494174239859,1.562703251838684,202700,0.0,0.0
2017-05-03 00:00:00-04:00,1.5627028551876558,1.5715566873550415,1.558275939103963,1.5715566873550415,248600,0.0,0.0
2017-05-04 00:00:00-04:00,1.5715570862533823,1.5715570862533823,1.5538494174239859,1.562703251838684,275200,0.0,0.0
2017-05-05 00:00:00-04:00,1.5671310424804688,1.5671310424804688,1.5538502834564416,1.5671310424804688,267000,0.0,0.0
2017-05-08 00:00:00-04:00,1.565791975262966,1.5702529168192672,1.561331033706665,1.561331033706665,169600,0.027,0.0
2017-05-09 00:00:00-04:00,1.561331033706665,1.565791975262966,1.5479482090377619,1.561331033706665,212100,0.0,0.0
2017-05-10 00:00:00-04:00,1.5613311640203,1.5657921059489255,1.5568702220916748,1.5568702220916748,100500,0.0,0.0
2017-05-11 00:00:00-04:00,1.5568702220916748,1.5613311640203,1.5524092801630494,1.5568702220916748,117500,0.0,0.0
2017-05-12 00:00:00-04:00,1.556870352779774,1.5613312950828635,1.547948468173595,1.5524094104766846,134600,0.0,0.0
2017-05-15 00:00:00-04:00,1.5524094219885745,1.5524094219885745,1.5390265949800657,1.5479484796524048,179300,0.0,0.0
2017-05-16 00:00:00-04:00,1.5390257744054037,1.5524085942784873,1.5390257744054037,1.5434867143630981,135000,0.0,0.0
2017-05-17 00:00:00-04:00,1.5434871027588009,1.5524089849192497,1.5211823973576786,1.5301042795181274,268000,0.0,0.0
2017-05-18 00:00:00-04:00,1.5256426090682496,1.5479473038060831,1.5256426090682496,1.5390254259109497,171400,0.0,0.0
2017-05-19 00:00:00-04:00,1.5390264543771734,1.5568702220916748,1.5390264543771734,1.5568702220916748,137800,0.0,0.0
2017-05-22 00:00:00-04:00,1.556870352779774,1.556870352779774,1.5434875258705056,1.5524094104766846,150700,0.0,0.0
2017-05-23 00:00:00-04:00,1.5524094104766846,1.565792237385953,1.5524094104766846,1.5524094104766846,101700,0.0,0.0
2017-05-24 00:00:00-04:00,1.5613308835880415,1.5747137069702148,1.5568699424606505,1.5747137069702148,175500,0.0,0.0
2017-05-25 00:00:00-04:00,1.5747137173025962,1.5791746584592576,1.5613308938326125,1.570252776145935,232300,0.0,0.0
2017-05-26 00:00:00-04:00,1.5747134494047066,1.5836353302001953,1.5702525090069621,1.5836353302001953,80800,0.0,0.0
2017-05-30 00:00:00-04:00,1.5836362961690127,1.5836362961690127,1.5747144099314512,1.579175353050232,225000,0.0,0.0
2017-05-31 00:00:00-04:00,1.5747144099314512,1.5836362961690127,1.5702534668126704,1.579175353050232,292200,0.0,0.0
2017-06-01 00:00:00-04:00,1.5747144099314512,1.5836362961690127,1.5702534668126704,1.579175353050232,225100,0.0,0.0
2017-06-02 00:00:00-04:00,1.579175353050232,1.579175353050232,1.5657925236938894,1.579175353050232,192100,0.0,0.0
2017-06-05 00:00:00-04:00,1.579174704688916,1.601479411125183,1.5747137634016626,1.601479411125183,283700,0.0,0.0
2017-06-06 00:00:00-04:00,1.5970187187194824,1.6059406026843877,1.5970187187194824,1.5970187187194824,242100,0.0,0.0
2017-06-07 00:00:00-04:00,1.59566969268294,1.613649052596932,1.59566969268294,1.600164532661438,142800,0.027,0.0
2017-06-08 00:00:00-04:00,1.6001655428894568,1.6001655428894568,1.5911758572570278,1.5956707000732422,120900,0.0,0.0
2017-06-09 00:00:00-04:00,1.5911758572570278,1.6001655428894568,1.5911758572570278,1.5956707000732422,113200,0.0,0.0
2017-06-12 00:00:00-04:00,1.600164532661438,1.600164532661438,1.5911748527044418,1.600164532661438,177900,0.0,0.0
2017-06-13 00:00:00-04:00,1.600164532661438,1.604659372639936,1.59566969268294,1.600164532661438,87400,0.0,0.0
2017-06-14 00:00:00-04:00,1.600164532661438,1.600164532661438,1.5911748527044418,1.600164532661438,97500,0.0,0.0
2017-06-15 00:00:00-04:00,1.5956693082517241,1.6001641471473182,1.5821847915649414,1.5821847915649414,104700,0.0,0.0
2017-06-16 00:00:00-04:00,1.5821847915649414,1.5866796304605355,1.577689952669347,1.5821847915649414,78800,0.0,0.0
2017-06-19 00:00:00-04:00,1.5866796304605355,1.5911744693561298,1.573195113773753,1.5821847915649414,164100,0.0,0.0
2017-06-20 00:00:00-04:00,1.5776908950854818,1.5821857366660197,1.5731960535049438,1.5731960535049438,169500,0.0,0.0
2017-06-21 00:00:00-04:00,1.5731962360838436,1.5821859202882265,1.5731962360838436,1.5776910781860352,132400,0.0,0.0
2017-06-22 00:00:00-04:00,1.5776904054905172,1.5776904054905172,1.5642058849334717,1.5642058849334717,242100,0.0,0.0
2017-06-23 00:00:00-04:00,1.568701211924406,1.5731960535049438,1.564206370343868,1.5731960535049438,158800,0.0,0.0
2017-06-26 00:00:00-04:00,1.5731960535049438,1.5776908950854818,1.568701211924406,1.5731960535049438,151300,0.0,0.0
2017-06-27 00:00:00-04:00,1.5731955653048353,1.5731955653048353,1.5417316840050628,1.5642058849334717,314800,0.0,0.0
2017-06-28 00:00:00-04:00,1.5642056337081198,1.573195312635661,1.5552159547805786,1.5552159547805786,174600,0.0,0.0
2017-06-29 00:00:00-04:00,1.5552163771956269,1.5642060585648712,1.5417318551417607,1.559711217880249,202400,0.0,0.0
2017-06-30 00:00:00-04:00,1.55971152876333,1.5776908950854818,1.5552166871827922,1.5731960535049438,178500,0.0,0.0
2017-07-03 00:00:00-04:00,1.573195652568879,1.5866801738739014,1.573195652568879,1.5866801738739014,95000,0.0,0.0
2017-07-05 00:00:00-04:00,1.59566969268294,1.600164532661438,1.586680012725944,1.600164532661438,220800,0.0,0.0
2017-07-06 00:00:00-04:00,1.595669854743916,1.595669854743916,1.5866801738739014,1.5866801738739014,133900,0.0,0.0
2017-07-07 00:00:00-04:00,1.5866796304605355,1.5911744693561298,1.5821847915649414,1.5821847915649414,145800,0.0,0.0
2017-07-10 00:00:00-04:00,1.5898863077163696,1.5944158940291968,1.5717679624650605,1.5898863077163696,164700,0.027,0.0
2017-07-11 00:00:00-04:00,1.6034741166756599,1.6034741166756599,1.5898853657878413,1.5944149494171143,194400,0.0,0.0
2017-07-12 00:00:00-04:00,1.5944158025265098,1.6034749746322632,1.5853566304207563,1.6034749746322632,174900,0.0,0.0
2017-07-13 00:00:00-04:00,1.5989448591319075,1.5989448591319075,1.5808265209197998,1.5808265209197998,263700,0.0,0.0
2017-07-14 00:00:00-04:00,1.5898856900258536,1.5944152745788804,1.5808265209197998,1.5808265209197998,131100,0.0,0.0
2017-07-17 00:00:00-04:00,1.5853567214035422,1.5898863077163696,1.580827135090715,1.5898863077163696,163400,0.0,0.0
2017-07-18 00:00:00-04:00,1.5944151988728015,1.5989447832107544,1.5898856145348483,1.5989447832107544,168300,0.0,0.0
2017-07-19 00:00:00-04:00,1.5989454803420242,1.6034750666548514,1.5853567214035422,1.5898863077163696,264800,0.0,0.0
2017-07-20 00:00:00-04:00,1.5944158940291968,1.5989454803420242,1.5853567214035422,1.5898863077163696,148200,0.0,0.0
2017-07-21 00:00:00-04:00,1.5853560301968952,1.5989447832107544,1.5808264458589423,1.5989447832107544,186700,0.0,0.0
2017-07-24 00:00:00-04:00,1.5989453885793865,1.60800456068514,1.5944158025265098,1.6034749746322632,172000,0.0,0.0
2017-07-25 00:00:00-04:00,1.6034749746322632,1.60800456068514,1.5989453885793865,1.6034749746322632,99400,0.0,0.0
2017-07-26 00:00:00-04:00,1.6080039518866605,1.6125335362246136,1.5944151988728015,1.5989447832107544,305800,0.0,0.0
2017-07-27 00:00:00-04:00,1.594415884915179,1.5989454712021143,1.5762975397674381,1.5853567123413086,566700,0.0,0.0
2017-07-28 00:00:00-04:00,1.5808271260543734,1.594415884915179,1.5808271260543734,1.5853567123413086,175200,0.0,0.0
2017-07-31 00:00:00-04:00,1.5853568746722164,1.6080048084259033,1.5853568746722164,1.6080048084259033,220800,0.0,0.0
2017-08-01 00:00:00-04:00,1.6080039518866605,1.6080039518866605,1.5989447832107544,1.5989447832107544,135500,0.0,0.0
2017-08-02 00:00:00-04:00,1.6034741633948628,1.6125333309173584,1.598944579633615,1.6125333309173584,144800,0.0,0.0
2017-08-03 00:00:00-04:00,1.6080048084259033,1.617063981927378,1.6034752216751658,1.6080048084259033,173600,0.0,0.0
2017-08-04 00:00:00-04:00,1.6125333309173584,1.6125333309173584,1.6034741633948628,1.6125333309173584,129100,0.0,0.0
2017-08-07 00:00:00-04:00,1.6097975057053604,1.6143578342706013,1.586995862879156,1.591556191444397,300100,0.024,0.0
2017-08-08 00:00:00-04:00,1.5961161139126046,1.6052367687225342,1.59155578650764,1.6052367687225342,213200,0.0,0.0
2017-08-09 00:00:00-04:00,1.6006769909964518,1.6052373199674517,1.5961166620254517,1.5961166620254517,99900,0.0,0.0
2017-08-10 00:00:00-04:00,1.5915559068818854,1.5961162346317617,1.5596336126327515,1.5596336126327515,260500,0.0,0.0
2017-08-11 00:00:00-04:00,1.5505129571329987,1.582435251382133,1.5413923016332463,1.5596336126327515,253700,0.0,0.0
2017-08-14 00:00:00-04:00,1.5687547397568182,1.5824357271194458,1.5687547397568182,1.5824357271194458,237000,0.0,0.0
2017-08-15 00:00:00-04:00,1.5824357271194458,1.5869960562403218,1.573315068877694,1.5824357271194458,115600,0.0,0.0
2017-08-16 00:00:00-04:00,1.5915563330544518,1.5961166620254517,1.5824356751124518,1.5961166620254517,93200,0.0,0.0
2017-08-17 00:00:00-04:00,1.5915551344292078,1.5961154599657548,1.57331383228302,1.57331383228302,119000,0.0,0.0
2017-08-18 00:00:00-04:00,1.5733148771834335,1.5961165200096379,1.5733148771834335,1.591556191444397,161900,0.0,0.0
2017-08-21 00:00:00-04:00,1.5915563330544518,1.5961166620254517,1.5869960040834519,1.5961166620254517,54600,0.0,0.0
2017-08-22 00:00:00-04:00,1.591556191444397,1.5961165200096379,1.586995862879156,1.591556191444397,79700,0.0,0.0
2017-08-23 00:00:00-04:00,1.59155578650764,1.609797096127499,1.5869954591026751,1.6052367687225342,242500,0.0,0.0
2017-08-24 00:00:00-04:00,1.6097977913554005,1.6097977913554005,1.5961168032320594,1.6006771326065063,125200,0.0,0.0
2017-08-25 00:00:00-04:00,1.5961168032320594,1.6006771326065063,1.5961168032320594,1.6006771326065063,54600,0.0,0.0
2017-08-28 00:00:00-04:00,1.6006769909964518,1.6052373199674517,1.5961166620254517,1.5961166620254517,63300,0.0,0.0
2017-08-29 00:00:00-04:00,1.5915564738576125,1.6006771326065063,1.5915564738576125,1.6006771326065063,93900,0.0,0.0
2017-08-30 00:00:00-04:00,1.6052367687225342,1.609797096127499,1.6006764413175694,1.6052367687225342,143100,0.0,0.0
2017-08-31 00:00:00-04:00,1.6052367687225342,1.609797096127499,1.6006764413175694,1.6052367687225342,75800,0.0,0.0
2017-09-01 00:00:00-04:00,1.6052367687225342,1.609797096127499,1.6052367687225342,1.6052367687225342,73100,0.0,0.0
2017-09-05 00:00:00-04:00,1.5961161139126046,1.6052367687225342,1.5961161139126046,1.6052367687225342,73200,0.0,0.0
2017-09-06 00:00:00-04:00,1.6006771326065063,1.6052374619809535,1.6006771326065063,1.6006771326065063,86400,0.0,0.0
2017-09-07 00:00:00-04:00,1.600676820750231,1.6143578062081363,1.600676820750231,1.609797477722168,78400,0.0,0.0
2017-09-08 00:00:00-04:00,1.6052371492361994,1.6143578062081363,1.600676820750231,1.609797477722168,70700,0.0,0.0
2017-09-11 00:00:00-04:00,1.6162259265522263,1.620817473125967,1.5932681936835225,1.5978597402572632,109000,0.024,0.0
2017-09-12 00:00:00-04:00,1.5978591819464323,1.6208169067934364,1.5978591819464323,1.6162253618240356,104600,0.0,0.0
2017-09-13 00:00:00-04:00,1.607042271885234,1.6208169067934364,1.607042271885234,1.6162253618240356,116600,0.0,0.0
2017-09-14 00:00:00-04:00,1.6162257240395754,1.6208172700379966,1.6024510860443115,1.6024510860443115,140100,0.0,0.0
2017-09-15 00:00:00-04:00,1.6024512868310041,1.6116343799784856,1.5932681936835225,1.5978597402572632,99200,0.0,0.0
2017-09-18 00:00:00-04:00,1.5978597402572632,1.6070428334047449,1.5932681936835225,1.5978597402572632,146000,0.0,0.0
2017-09-19 00:00:00-04:00,1.5978595400458901,1.6070426320427327,1.5978595400458901,1.6024510860443115,112700,0.0,0.0
2017-09-20 00:00:00-04:00,1.5978595400458901,1.6024510860443115,1.593267994047469,1.6024510860443115,95300,0.0,0.0
2017-09-21 00:00:00-04:00,1.5978595400458901,1.6024510860443115,1.5978595400458901,1.6024510860443115,107800,0.0,0.0
2017-09-22 00:00:00-04:00,1.60245148074843,1.6162261221365628,1.60245148074843,1.6070430278778076,194600,0.0,0.0
2017-09-25 00:00:00-04:00,1.6116338168546347,1.6162253618240356,1.607042271885234,1.6162253618240356,99800,0.0,0.0
2017-09-26 00:00:00-04:00,1.6162261221365628,1.6208176692659402,1.60245148074843,1.6070430278778076,115100,0.0,0.0
2017-09-27 00:00:00-04:00,1.60245148074843,1.6116345750071852,1.5978599336190524,1.6070430278778076,271000,0.0,0.0
2017-09-28 00:00:00-04:00,1.6116342544555664,1.6116342544555664,1.6070427082394405,1.6116342544555664,101500,0.0,0.0
2017-09-29 00:00:00-04:00,1.6070427835727301,1.6208174228668213,1.6070427835727301,1.6208174228668213,124000,0.0,0.0
2017-10-02 00:00:00-04:00,1.6116343300040938,1.6208174228668213,1.6070427835727301,1.6208174228668213,172000,0.0,0.0
2017-10-03 00:00:00-04:00,1.6208174228668213,1.6208174228668213,1.6116343300040938,1.6208174228668213,204300,0.0,0.0
2017-10-04 00:00:00-04:00,1.6208169067934364,1.6208169067934364,1.6116338168546347,1.6162253618240356,158400,0.0,0.0
2017-10-05 00:00:00-04:00,1.6162258764354576,1.625408969298185,1.6116343300040938,1.6208174228668213,194000,0.0,0.0
2017-10-06 00:00:00-04:00,1.6162261510678904,1.6254092454910278,1.6162261510678904,1.6254092454910278,171800,0.0,0.0
2017-10-09 00:00:00-04:00,1.6162261510678904,1.6254092454910278,1.6116346038563216,1.6254092454910278,176300,0.0,0.0
2017-10-10 00:00:00-04:00,1.6208183277535435,1.6391845237326625,1.6162267787587636,1.630001425743103,287200,0.0,0.0
2017-10-11 00:00:00-04:00,1.636471588541267,1.636471588541267,1.622603198325039,1.6272259950637817,119400,0.024,0.0
2017-10-12 00:00:00-04:00,1.6272268115476158,1.6318496106059126,1.617981213431022,1.6226040124893188,242800,0.0,0.0
2017-10-13 00:00:00-04:00,1.617981213431022,1.6226040124893188,1.617981213431022,1.6226040124893188,87800,0.0,0.0
2017-10-16 00:00:00-04:00,1.6272268115476158,1.6272268115476158,1.6133584143727253,1.6226040124893188,119300,0.0,0.0
2017-10-17 00:00:00-04:00,1.617981213431022,1.6226040124893188,1.6133584143727253,1.6226040124893188,81400,0.0,0.0
2017-10-18 00:00:00-04:00,1.617981177365592,1.622603976320845,1.5994899815445807,1.6133583784103394,270100,0.0,0.0
2017-10-19 00:00:00-04:00,1.6133583602741364,1.6133583602741364,1.6041127624675628,1.6087355613708496,157200,0.0,0.0
2017-10-20 00:00:00-04:00,1.6133583784103394,1.6133583784103394,1.6087355794550864,1.6133583784103394,72700,0.0,0.0
2017-10-23 00:00:00-04:00,1.6087355794550864,1.6133583784103394,1.6087355794550864,1.6133583784103394,112600,0.0,0.0
2017-10-24 00:00:00-04:00,1.6133583784103394,1.622603976320845,1.6133583784103394,1.6133583784103394,156300,0.0,0.0
2017-10-25 00:00:00-04:00,1.6133576022298592,1.6179803989611015,1.5902436185736486,1.5994892120361328,351500,0.0,0.0
2017-10-26 00:00:00-04:00,1.6087339432925387,1.6087339432925387,1.5902427662779755,1.5948655605316162,187600,0.0,0.0
2017-10-27 00:00:00-04:00,1.5902436185736486,1.604112008767375,1.5856208218424064,1.5994892120361328,167900,0.0,0.0
2017-10-30 00:00:00-04:00,1.5948655605316162,1.604111149038898,1.5902427662779755,1.5948655605316162,129700,0.0,0.0
2017-10-31 00:00:00-04:00,1.5994899635642763,1.6087355613708496,1.5948671646609895,1.6087355613708496,81100,0.0,0.0
2017-11-01 00:00:00-04:00,1.6041127804998336,1.6133583784103394,1.6041127804998336,1.6133583784103394,91500,0.0,0.0
2017-11-02 00:00:00-04:00,1.6087355613708496,1.6133583602741364,1.5994899635642763,1.6087355613708496,182100,0.0,0.0
2017-11-03 00:00:00-04:00,1.6087348054986172,1.6087348054986172,1.5994892120361328,1.5994892120361328,60300,0.0,0.0
2017-11-06 00:00:00-05:00,1.5994899635642763,1.6133583602741364,1.5994899635642763,1.6087355613708496,207100,0.0,0.0
2017-11-07 00:00:00-05:00,1.6105980496528103,1.6199078559875488,1.6105980496528103,1.6199078559875488,105500,0.024,0.0
2017-11-08 00:00:00-05:00,1.6199075162123058,1.6199075162123058,1.6105977118302968,1.6152526140213013,124600,0.0,0.0
2017-11-09 00:00:00-05:00,1.6105970785161439,1.6105970785161439,1.5873225767130508,1.5919774770736694,157300,0.0,0.0
2017-11-10 00:00:00-05:00,1.5826678607352846,1.5919776625411257,1.5640481461420104,1.5733580589294434,352700,0.0,0.0
2017-11-13 00:00:00-05:00,1.5687026870181136,1.5733576978342727,1.5314634883413718,1.5361183881759644,357400,0.0,0.0
2017-11-14 00:00:00-05:00,1.5268085463933754,1.536118345805772,1.494224248449987,1.5128438472747803,577100,0.0,0.0
2017-11-15 00:00:00-05:00,1.4988800749497302,1.522154587871912,1.4942251723652937,1.5174996852874756,563700,0.0,0.0
2017-11-16 00:00:00-05:00,1.5268089275375454,1.545428531010434,1.5268089275375454,1.540773630142212,326300,0.0,0.0
2017-11-17 00:00:00-05:00,1.5407740535522905,1.5640485642893178,1.5407740535522905,1.5547387599945068,189500,0.0,0.0
2017-11-20 00:00:00-05:00,1.5593936621419122,1.5640485642893178,1.5500838578471015,1.5547387599945068,169900,0.0,0.0
2017-11-21 00:00:00-05:00,1.5454281414961137,1.5547379408860884,1.5454281414961137,1.550083041191101,200800,0.0,0.0
2017-11-22 00:00:00-05:00,1.5547387599945068,1.5593936621419122,1.5407740535522905,1.5547387599945068,200400,0.0,0.0
2017-11-24 00:00:00-05:00,1.5640478934153932,1.5780127048492432,1.5593929932646344,1.5780127048492432,164000,0.0,0.0
2017-11-27 00:00:00-05:00,1.573357484384671,1.5780123835877564,1.5593926757938625,1.5640475749969482,150900,0.0,0.0
2017-11-28 00:00:00-05:00,1.568703047044931,1.5733580589294434,1.5640481461420104,1.5733580589294434,180000,0.0,0.0
2017-11-29 00:00:00-05:00,1.568702474200034,1.568702474200034,1.554737776590777,1.5640475749969482,130800,0.0,0.0
2017-11-30 00:00:00-05:00,1.5640485642893178,1.5687034664367232,1.5500838578471015,1.5547387599945068,168000,0.0,0.0
2017-12-01 00:00:00-05:00,1.5640480681665785,1.5640480681665785,1.5454284654831743,1.5593931674957275,278100,0.0,0.0
2017-12-04 00:00:00-05:00,1.554737776590777,1.5640475749969482,1.554737776590777,1.5640475749969482,240600,0.0,0.0
2017-12-05 00:00:00-05:00,1.5659236986036325,1.570612088560109,1.5612353086471558,1.5612353086471558,74500,0.024,0.0
2017-12-06 00:00:00-05:00,1.5612351969100537,1.5659235865309837,1.5565468072891235,1.5565468072891235,219500,0.0,0.0
2017-12-07 00:00:00-05:00,1.556547412631076,1.556547412631076,1.547170629742581,1.5518590211868286,206300,0.0,0.0
2017-12-08 00:00:00-05:00,1.5518579543757363,1.5565463425969925,1.5424811779332237,1.54716956615448,362400,0.0,0.0
2017-12-11 00:00:00-05:00,1.537793627694685,1.5471704092468435,1.5331052369186058,1.5424820184707642,380100,0.0,0.0
2017-12-12 00:00:00-05:00,1.5471704092468435,1.5471704092468435,1.537793627694685,1.5424820184707642,255700,0.0,0.0
2017-12-13 00:00:00-05:00,1.5377927897119674,1.5518579543757363,1.5284160132694549,1.54716956615448,446700,0.0,0.0
2017-12-14 00:00:00-05:00,1.5424822382983334,1.556547412631076,1.5424822382983334,1.5518590211868286,323400,0.0,0.0
2017-12-15 00:00:00-05:00,1.5424822382983334,1.556547412631076,1.5424822382983334,1.5518590211868286,178400,0.0,0.0
2017-12-18 00:00:00-05:00,1.5518584176681935,1.5565468072891235,1.5471700280472633,1.5565468072891235,318200,0.0,0.0
2017-12-19 00:00:00-05:00,1.5471700280472633,1.5612351969100537,1.5471700280472633,1.5565468072891235,384600,0.0,0.0
2017-12-20 00:00:00-05:00,1.5612349443056708,1.570611722030389,1.5565465554433118,1.5659233331680298,400200,0.0,0.0
2017-12-21 00:00:00-05:00,1.556546918690679,1.5659236986036325,1.5518585287342026,1.5612353086471558,343600,0.0,0.0
2017-12-22 00:00:00-05:00,1.5518585287342026,1.5659236986036325,1.547170138777726,1.5612353086471558,663700,0.0,0.0
2017-12-26 00:00:00-05:00,1.5612353086471558,1.5659236986036325,1.5518585287342026,1.5612353086471558,218600,0.0,0.0
2017-12-27 00:00:00-05:00,1.5659236986036325,1.570612088560109,1.5518585287342026,1.5612353086471558,305400,0.0,0.0
2017-12-28 00:00:00-05:00,1.5536786846241488,1.5678459541159602,1.5536786846241488,1.558401107788086,225000,0.024,0.0
2017-12-29 00:00:00-05:00,1.5631239766970888,1.5772912502288818,1.5584015521864913,1.5772912502288818,273000,0.0,0.0
2018-01-02 00:00:00-05:00,1.5772908004438344,1.5772908004438344,1.558401107788086,1.558401107788086,239100,0.0,0.0
2018-01-03 00:00:00-05:00,1.5678464687186733,1.577291318146561,1.5631240440047296,1.5725688934326172,314100,0.0,0.0
2018-01-04 00:00:00-05:00,1.572568218919114,1.586735486984253,1.572568218919114,1.586735486984253,251200,0.0,0.0
2018-01-05 00:00:00-05:00,1.5820130642958732,1.586735486984253,1.5820130642958732,1.586735486984253,124200,0.0,0.0
2018-01-08 00:00:00-05:00,1.5867363900290254,1.591458815405036,1.5820139646530151,1.5820139646530151,247400,0.0,0.0
2018-01-09 00:00:00-05:00,1.5867360992500772,1.5914585237606749,1.5772912502288818,1.5772912502288818,209500,0.0,0.0
2018-01-10 00:00:00-05:00,1.586735486984253,1.5914579096726325,1.5772906416074937,1.586735486984253,272000,0.0,0.0
2018-01-11 00:00:00-05:00,1.586735486984253,1.586735486984253,1.5772906416074937,1.586735486984253,140900,0.0,0.0
2018-01-12 00:00:00-05:00,1.5820136747394795,1.5867360992500772,1.5772912502288818,1.5772912502288818,239100,0.0,0.0
2018-01-16 00:00:00-05:00,1.5772915392770048,1.5867363900290254,1.5725691139009943,1.5820139646530151,282300,0.0,0.0
2018-01-17 00:00:00-05:00,1.586735486984253,1.586735486984253,1.5772906416074937,1.586735486984253,208800,0.0,0.0
2018-01-18 00:00:00-05:00,1.5867361675744487,1.5867361675744487,1.5678464687186733,1.5725688934326172,188700,0.0,0.0
2018-01-19 00:00:00-05:00,1.5772912502288818,1.5820136747394795,1.5631239766970888,1.5772912502288818,148300,0.0,0.0
2018-01-22 00:00:00-05:00,1.5772912502288818,1.5820136747394795,1.5678464012076865,1.5772912502288818,295400,0.0,0.0
2018-01-23 00:00:00-05:00,1.5725688257182842,1.5772912502288818,1.5678464012076865,1.5772912502288818,174300,0.0,0.0
2018-01-24 00:00:00-05:00,1.5725688257182842,1.5820136747394795,1.5678464012076865,1.5772912502288818,218300,0.0,0.0
2018-01-25 00:00:00-05:00,1.5772915392770048,1.5820139646530151,1.5631242631489735,1.5820139646530151,229400,0.0,0.0
2018-01-26 00:00:00-05:00,1.5820139646530151,1.5820139646530151,1.5631242631489735,1.5820139646530151,446900,0.0,0.0
2018-01-29 00:00:00-05:00,1.5725689101591456,1.5725689101591456,1.5584016358666246,1.5631240606307983,259100,0.0,0.0
2018-01-30 00:00:00-05:00,1.5584010681118314,1.5584010681118314,1.5395113759370067,1.544233798980713,329300,0.0,0.0
2018-01-31 00:00:00-05:00,1.5395120715062132,1.5584017722156212,1.5395120715062132,1.553679347038269,254600,0.0,0.0
2018-02-01 00:00:00-05:00,1.5536791764823707,1.5584016011413162,1.5442343271644798,1.5489567518234253,165600,0.0,0.0
2018-02-02 00:00:00-05:00,1.539512038230896,1.548956888381457,1.5347896131556156,1.539512038230896,245500,0.0,0.0
2018-02-05 00:00:00-05:00,1.5347902001943594,1.5489574808390152,1.506455638905048,1.5159004926681519,295400,0.0,0.0
2018-02-06 00:00:00-05:00,1.5035289586197331,1.5368349471872391,1.4987709602529466,1.5178029537200928,261900,0.024,0.0
2018-02-07 00:00:00-05:00,1.5130443801941758,1.5511083526590703,1.5130443801941758,1.5415923595428467,185000,0.0,0.0
2018-02-08 00:00:00-05:00,1.5368349471872391,1.5415929455540256,1.5130449553533063,1.5178029537200928,204300,0.0,0.0
2018-02-09 00:00:00-05:00,1.5178029537200928,1.5225609520868795,1.49401296188616,1.5178029537200928,313800,0.0,0.0
2018-02-12 00:00:00-05:00,1.5225616698213993,1.527319670431104,1.5035296673825802,1.5130456686019897,248100,0.0,0.0
2018-02-13 00:00:00-05:00,1.508287667992285,1.5178036692116945,1.4987716667728754,1.5130456686019897,223800,0.0,0.0
2018-02-14 00:00:00-05:00,1.4987713116357082,1.5130453100825672,1.4987713116357082,1.5082873106002808,138700,0.0,0.0
2018-02-15 00:00:00-05:00,1.5130456686019897,1.5178036692116945,1.5035296673825802,1.5130456686019897,331800,0.0,0.0
2018-02-16 00:00:00-05:00,1.5130449553533063,1.5225609520868795,1.5082869569865196,1.5178029537200928,104800,0.0,0.0
2018-02-20 00:00:00-05:00,1.513044957347816,1.522560954093933,1.513044957347816,1.522560954093933,118100,0.0,0.0
2018-02-21 00:00:00-05:00,1.5178029557208745,1.5273189524669917,1.5178029557208745,1.522560954093933,192300,0.0,0.0
2018-02-22 00:00:00-05:00,1.5273190752952026,1.5320770740509033,1.5225610765395021,1.5320770740509033,147000,0.0,0.0
2018-02-23 00:00:00-05:00,1.5273191928863525,1.5320771920083804,1.5273191928863525,1.5273191928863525,167200,0.0,0.0
2018-02-26 00:00:00-05:00,1.5320770740509033,1.5415930715623045,1.5273190752952026,1.5320770740509033,223700,0.0,0.0
2018-02-27 00:00:00-05:00,1.5320770740509033,1.536835072806604,1.5273190752952026,1.5320770740509033,84600,0.0,0.0
2018-02-28 00:00:00-05:00,1.5320771920083804,1.5320771920083804,1.5273191928863525,1.5273191928863525,88000,0.0,0.0
2018-03-01 00:00:00-05:00,1.5273191928863525,1.5320771920083804,1.5225611937643249,1.5273191928863525,117400,0.0,0.0
2018-03-02 00:00:00-05:00,1.517803194642297,1.5320771920083804,1.513045195520269,1.5273191928863525,150300,0.0,0.0
2018-03-05 00:00:00-05:00,1.5225611937643249,1.5273191928863525,1.517803194642297,1.5273191928863525,97600,0.0,0.0
2018-03-06 00:00:00-05:00,1.5273191928863525,1.5320771920083804,1.517803194642297,1.5273191928863525,139400,0.0,0.0
2018-03-07 00:00:00-05:00,1.5273190752952026,1.5320770740509033,1.5225610765395021,1.5320770740509033,83300,0.0,0.0
2018-03-08 00:00:00-05:00,1.5320770740509033,1.536835072806604,1.5273190752952026,1.5320770740509033,95100,0.0,0.0
2018-03-09 00:00:00-05:00,1.532076366426623,1.5463503561009584,1.532076366426623,1.5415923595428467,143300,0.0,0.0
2018-03-12 00:00:00-04:00,1.5415922445043424,1.5463502407073975,1.5320762520982323,1.5463502407073975,214600,0.0,0.0
2018-03-13 00:00:00-04:00,1.5463510703180052,1.5463510703180052,1.5320770740509033,1.5320770740509033,119300,0.0,0.0
2018-03-14 00:00:00-04:00,1.543581772250158,1.543581772250158,1.5339943170547485,1.5339943170547485,143400,0.024,0.0
2018-03-15 00:00:00-04:00,1.533994743145554,1.5435822010040283,1.533994743145554,1.5435822010040283,81600,0.0,0.0
2018-03-16 00:00:00-04:00,1.5435816883432891,1.5435816883432891,1.53399423366904,1.5387879610061646,151900,0.0,0.0
2018-03-19 00:00:00-04:00,1.5435822176742249,1.5435822176742249,1.5244073017501933,1.5292010307312012,69400,0.0,0.0
2018-03-20 00:00:00-04:00,1.5244073017501933,1.5292010307312012,1.5196135727691855,1.5292010307312012,126900,0.0,0.0
2018-03-21 00:00:00-04:00,1.529200602056323,1.529200602056323,1.5196131467819214,1.5196131467819214,161200,0.0,0.0
2018-03-22 00:00:00-04:00,1.5196135894921357,1.529201047559659,1.514819860458374,1.514819860458374,119400,0.0,0.0
2018-03-23 00:00:00-04:00,1.5100261314246124,1.5244073185258973,1.5100261314246124,1.514819860458374,111800,0.0,0.0
2018-03-26 00:00:00-04:00,1.5148194191447206,1.5196131467819214,1.5100256915075199,1.5196131467819214,164100,0.0,0.0
2018-03-27 00:00:00-04:00,1.5148194191447206,1.5244068744191221,1.5148194191447206,1.5196131467819214,73400,0.0,0.0
2018-03-28 00:00:00-04:00,1.5244073017501933,1.5292010307312012,1.5100261148071696,1.5292010307312012,201800,0.0,0.0
2018-03-29 00:00:00-04:00,1.5244073017501933,1.5292010307312012,1.5244073017501933,1.5292010307312012,270800,0.0,0.0
2018-04-02 00:00:00-04:00,1.5196135894921357,1.5244073185258973,1.514819860458374,1.514819860458374,154700,0.0,0.0
2018-04-03 00:00:00-04:00,1.5196133010281352,1.5244070291519165,1.5196133010281352,1.5244070291519165,161700,0.0,0.0
2018-04-04 00:00:00-04:00,1.5100256915075199,1.5244068744191221,1.5100256915075199,1.5196131467819214,96600,0.0,0.0
2018-04-05 00:00:00-04:00,1.5244073017501933,1.5292010307312012,1.5244073017501933,1.5292010307312012,126700,0.0,0.0
2018-04-06 00:00:00-04:00,1.5292010307312012,1.5339947597122092,1.5244073017501933,1.5292010307312012,134700,0.0,0.0
2018-04-09 00:00:00-04:00,1.5244073017501933,1.5339947597122092,1.5244073017501933,1.5292010307312012,155500,0.0,0.0
2018-04-10 00:00:00-04:00,1.5311328718340573,1.5359629392623901,1.5311328718340573,1.5359629392623901,212900,0.024,0.0
2018-04-11 00:00:00-04:00,1.5407932996749878,1.5456233680217657,1.53596323132821,1.5407932996749878,154300,0.0,0.0
2018-04-12 00:00:00-04:00,1.5311328718340573,1.5456230741190555,1.5311328718340573,1.5359629392623901,210200,0.0,0.0
2018-04-13 00:00:00-04:00,1.5359626453538855,1.5407927118579785,1.5311325788497925,1.5311325788497925,203900,0.0,0.0
2018-04-16 00:00:00-04:00,1.5359625738547626,1.545622706413269,1.5359625738547626,1.545622706413269,143400,0.0,0.0
2018-04-17 00:00:00-04:00,1.5456226431165467,1.550452709197998,1.5407925770350956,1.550452709197998,228600,0.0,0.0
2018-04-18 00:00:00-04:00,1.540793006690723,1.5504531415473883,1.5359629392623901,1.5359629392623901,246000,0.0,0.0
2018-04-19 00:00:00-04:00,1.540793006690723,1.5504531415473883,1.5359629392623901,1.5359629392623901,234200,0.0,0.0
2018-04-20 00:00:00-04:00,1.5359626453538855,1.5407927118579785,1.5263025123456995,1.5311325788497925,131700,0.0,0.0
2018-04-23 00:00:00-04:00,1.5311328718340573,1.540793006690723,1.5311328718340573,1.5359629392623901,88100,0.0,0.0
2018-04-24 00:00:00-04:00,1.5456230741190555,1.5456230741190555,1.5311328718340573,1.5359629392623901,257500,0.0,0.0
2018-04-25 00:00:00-04:00,1.540793006690723,1.540793006690723,1.5311328718340573,1.5359629392623901,138200,0.0,0.0
2018-04-26 00:00:00-04:00,1.5359629392623901,1.540793006690723,1.5311328718340573,1.5359629392623901,144100,0.0,0.0
2018-04-27 00:00:00-04:00,1.5311325788497925,1.5359626453538855,1.5263025123456995,1.5311325788497925,181700,0.0,0.0
2018-04-30 00:00:00-04:00,1.531133121116935,1.531133121116935,1.5263030529022217,1.5263030529022217,111300,0.0,0.0
2018-05-01 00:00:00-04:00,1.5263030529022217,1.531133121116935,1.5214729846875084,1.5263030529022217,255200,0.0,0.0
2018-05-02 00:00:00-04:00,1.526302879364457,1.5311329470300008,1.5214728116989136,1.5214728116989136,91900,0.0,0.0
2018-05-03 00:00:00-04:00,1.531133121116935,1.531133121116935,1.5263030529022217,1.5263030529022217,100500,0.0,0.0
2018-05-04 00:00:00-04:00,1.5263028044057247,1.5359629392623901,1.5263028044057247,1.5359629392623901,171700,0.0,0.0
2018-05-07 00:00:00-04:00,1.537908902198346,1.537908902198346,1.523308515548706,1.523308515548706,184700,0.024,0.0
2018-05-08 00:00:00-04:00,1.5281759907910506,1.5379095862200578,1.5281759907910506,1.5330427885055542,135600,0.0,0.0
2018-05-09 00:00:00-04:00,1.5379090309143066,1.5379090309143066,1.5281754389998894,1.5379090309143066,132500,0.0,0.0
2018-05-10 00:00:00-04:00,1.5379090309143066,1.5379090309143066,1.5281754389998894,1.5379090309143066,141400,0.0,0.0
2018-05-11 00:00:00-04:00,1.5379091921114707,1.5427759885787964,1.5379091921114707,1.5427759885787964,113000,0.0,0.0
2018-05-14 00:00:00-04:00,1.5379090309143066,1.5427758268715153,1.5281754389998894,1.5379090309143066,226300,0.0,0.0
2018-05-15 00:00:00-04:00,1.5379095862200578,1.5379095862200578,1.5184422793284331,1.5330427885055542,184600,0.0,0.0
2018-05-16 00:00:00-04:00,1.5281758308410645,1.5330426280461735,1.5233090336359552,1.5281758308410645,139000,0.0,0.0
2018-05-17 00:00:00-04:00,1.5281759907910506,1.5330427885055542,1.523309193076547,1.5330427885055542,92900,0.0,0.0
2018-05-18 00:00:00-04:00,1.5330426280461735,1.5330426280461735,1.5233090336359552,1.5281758308410645,110000,0.0,0.0
2018-05-21 00:00:00-04:00,1.5281759907910506,1.5379095862200578,1.5281759907910506,1.5330427885055542,144000,0.0,0.0
2018-05-22 00:00:00-04:00,1.5379090309143066,1.5379090309143066,1.5281754389998894,1.5379090309143066,136200,0.0,0.0
2018-05-23 00:00:00-04:00,1.5330427885055542,1.5379095862200578,1.5281759907910506,1.5330427885055542,107200,0.0,0.0
2018-05-24 00:00:00-04:00,1.5330427885055542,1.5427763839345612,1.5330427885055542,1.5330427885055542,180400,0.0,0.0
2018-05-25 00:00:00-04:00,1.5427758268715153,1.5427758268715153,1.533042234957098,1.5379090309143066,79200,0.0,0.0
2018-05-29 00:00:00-04:00,1.5379095862200578,1.5379095862200578,1.5184422793284331,1.5330427885055542,210800,0.0,0.0
2018-05-30 00:00:00-04:00,1.5281759907910506,1.5330427885055542,1.5281759907910506,1.5330427885055542,101300,0.0,0.0
2018-05-31 00:00:00-04:00,1.5330427885055542,1.5330427885055542,1.5281759907910506,1.5330427885055542,127700,0.0,0.0
2018-06-01 00:00:00-04:00,1.5281759907910506,1.5379095862200578,1.5281759907910506,1.5330427885055542,115300,0.0,0.0
2018-06-04 00:00:00-04:00,1.5281759907910506,1.5379095862200578,1.5281759907910506,1.5330427885055542,62100,0.0,0.0
2018-06-05 00:00:00-04:00,1.533042234957098,1.5379090309143066,1.5281754389998894,1.5379090309143066,211500,0.0,0.0
2018-06-06 00:00:00-04:00,1.539870271000802,1.539870271000802,1.5300620728625594,1.534966230392456,157700,0.024,0.0
2018-06-07 00:00:00-04:00,1.5202551826221193,1.5398714773445672,1.515351138171918,1.530063271522522,367000,0.0,0.0
2018-06-08 00:00:00-04:00,1.5251580322542133,1.5447743116091481,1.5251580322542133,1.534966230392456,390700,0.0,0.0
2018-06-11 00:00:00-04:00,1.539871096611023,1.5447751398486982,1.5300628932140588,1.539871096611023,191400,0.0,0.0
2018-06-12 00:00:00-04:00,1.5349670533733477,1.5447751398486982,1.5349670533733477,1.539871096611023,149500,0.0,0.0
2018-06-13 00:00:00-04:00,1.5447752475738525,1.5447752475738525,1.5349671604145332,1.5447752475738525,76200,0.0,0.0
2018-06-14 00:00:00-04:00,1.5447751398486982,1.5496791830863736,1.539871096611023,1.539871096611023,115900,0.0,0.0
2018-06-15 00:00:00-04:00,1.539870271000802,1.5447743116091481,1.534966230392456,1.534966230392456,100800,0.0,0.0
2018-06-18 00:00:00-04:00,1.5349670533733477,1.5447751398486982,1.5349670533733477,1.539871096611023,141800,0.0,0.0
2018-06-19 00:00:00-04:00,1.5349671604145332,1.5447752475738525,1.5349671604145332,1.5447752475738525,208800,0.0,0.0
2018-06-20 00:00:00-04:00,1.539871096611023,1.5447751398486982,1.539871096611023,1.539871096611023,126800,0.0,0.0
2018-06-21 00:00:00-04:00,1.549679291153512,1.549679291153512,1.5349671604145332,1.5447752475738525,182500,0.0,0.0
2018-06-22 00:00:00-04:00,1.5447752475738525,1.5447752475738525,1.5398712039941929,1.5447752475738525,197000,0.0,0.0
2018-06-25 00:00:00-04:00,1.549679291153512,1.549679291153512,1.5398712039941929,1.5447752475738525,194000,0.0,0.0
2018-06-26 00:00:00-04:00,1.5447752475738525,1.549679291153512,1.5398712039941929,1.5447752475738525,143900,0.0,0.0
2018-06-27 00:00:00-04:00,1.539871096611023,1.5447751398486982,1.539871096611023,1.539871096611023,129800,0.0,0.0
2018-06-28 00:00:00-04:00,1.539871096611023,1.5447751398486982,1.5300628932140588,1.539871096611023,208400,0.0,0.0
2018-06-29 00:00:00-04:00,1.5398712039941929,1.5447752475738525,1.5349671604145332,1.5447752475738525,118600,0.0,0.0
2018-07-02 00:00:00-04:00,1.5349674328943659,1.5447755217947685,1.530063271522522,1.530063271522522,106600,0.0,0.0
2018-07-03 00:00:00-04:00,1.5447743116091481,1.5447743116091481,1.5300620728625594,1.534966230392456,143800,0.0,0.0
2018-07-05 00:00:00-04:00,1.5349670533733477,1.539871096611023,1.5300628932140588,1.539871096611023,158400,0.0,0.0
2018-07-06 00:00:00-04:00,1.539870271000802,1.539870271000802,1.5300620728625594,1.534966230392456,141200,0.0,0.0
2018-07-09 00:00:00-04:00,1.539871096611023,1.539871096611023,1.5300628932140588,1.539871096611023,231100,0.0,0.0
2018-07-10 00:00:00-04:00,1.539871096611023,1.5447751398486982,1.5300628932140588,1.539871096611023,341900,0.0,0.0
2018-07-11 00:00:00-04:00,1.5369057655334473,1.5418475801690343,1.5369057655334473,1.5369057655334473,167500,0.024,0.0
2018-07-12 00:00:00-04:00,1.5369062472843094,1.541848063468933,1.5369062472843094,1.541848063468933,139400,0.0,0.0
2018-07-13 00:00:00-04:00,1.5369067158005416,1.541848533491647,1.531964898109436,1.531964898109436,196000,0.0,0.0
2018-07-16 00:00:00-04:00,1.531964898109436,1.5369067158005416,1.522081262727225,1.531964898109436,357700,0.0,0.0
2018-07-17 00:00:00-04:00,1.5220806652135328,1.5319642967157885,1.5220806652135328,1.5270224809646606,92400,0.0,0.0
2018-07-18 00:00:00-04:00,1.5319639508978602,1.5369057655334473,1.5270221362622731,1.5369057655334473,109000,0.0,0.0
2018-07-19 00:00:00-04:00,1.5270224809646606,1.5369061124669163,1.5270224809646606,1.5270224809646606,105500,0.0,0.0
2018-07-20 00:00:00-04:00,1.5270230804183305,1.531964898109436,1.5270230804183305,1.531964898109436,87800,0.0,0.0
2018-07-23 00:00:00-04:00,1.5319639508978602,1.5369057655334473,1.5270221362622731,1.5369057655334473,168000,0.0,0.0
2018-07-24 00:00:00-04:00,1.5369051875168052,1.5517307436699588,1.5369051875168052,1.5467889308929443,242700,0.0,0.0
2018-07-25 00:00:00-04:00,1.5369057655334473,1.546789512626776,1.5369057655334473,1.5369057655334473,99700,0.0,0.0
2018-07-26 00:00:00-04:00,1.5467899974757486,1.5467899974757486,1.5319644310996854,1.541848063468933,201800,0.0,0.0
2018-07-27 00:00:00-04:00,1.541848063468933,1.5467899974757486,1.5369062472843094,1.541848063468933,169500,0.0,0.0
2018-07-30 00:00:00-04:00,1.5467889308929443,1.5467889308929443,1.5369051875168052,1.5467889308929443,129800,0.0,0.0
2018-07-31 00:00:00-04:00,1.5467898898248966,1.5517317056655884,1.5418479561620213,1.5517317056655884,188500,0.0,0.0
2018-08-01 00:00:00-04:00,1.551731473244838,1.556673288345337,1.5418477252216742,1.556673288345337,266900,0.0,0.0
2018-08-02 00:00:00-04:00,1.556673288345337,1.5616151034458359,1.546789658144339,1.556673288345337,158100,0.0,0.0
2018-08-03 00:00:00-04:00,1.5566735215062801,1.5616153373469719,1.5517317056655884,1.5517317056655884,169700,0.0,0.0
2018-08-06 00:00:00-04:00,1.5517310053855013,1.5616146326065063,1.5467891917749987,1.5616146326065063,107200,0.0,0.0
2018-08-07 00:00:00-04:00,1.5566728189960037,1.566556446217009,1.5566728189960037,1.5616146326065063,131600,0.0,0.0
2018-08-08 00:00:00-04:00,1.5665568113327026,1.5665568113327026,1.5616149965704167,1.5665568113327026,130600,0.0,0.0
2018-08-09 00:00:00-04:00,1.5635694022961089,1.5735284332446626,1.5635694022961089,1.5685489177703857,94600,0.024,0.0
2018-08-10 00:00:00-04:00,1.5635694022961089,1.5685489177703857,1.5585898868218322,1.5685489177703857,116600,0.0,0.0
2018-08-13 00:00:00-04:00,1.5685487029101626,1.5685487029101626,1.5585896733257993,1.563569188117981,151100,0.0,0.0
2018-08-14 00:00:00-04:00,1.5635694022961089,1.5685489177703857,1.5635694022961089,1.5685489177703857,99600,0.0,0.0
2018-08-15 00:00:00-04:00,1.568548655942554,1.5735281705856323,1.5585896266563977,1.5735281705856323,163900,0.0,0.0
2018-08-16 00:00:00-04:00,1.573528217702344,1.573528217702344,1.5585896733257993,1.563569188117981,145200,0.0,0.0
2018-08-17 00:00:00-04:00,1.5635688529811544,1.5635688529811544,1.5585893392562866,1.5585893392562866,85600,0.0,0.0
2018-08-20 00:00:00-04:00,1.5635694022961089,1.5685489177703857,1.5635694022961089,1.5685489177703857,103400,0.0,0.0
2018-08-21 00:00:00-04:00,1.5685487029101626,1.573528217702344,1.5585896733257993,1.563569188117981,98300,0.0,0.0
2018-08-22 00:00:00-04:00,1.568548655942554,1.5735281705856323,1.5635691412994759,1.5735281705856323,116500,0.0,0.0
2018-08-23 00:00:00-04:00,1.5735281705856323,1.5785076852287105,1.568548655942554,1.5735281705856323,91200,0.0,0.0
2018-08-24 00:00:00-04:00,1.5785081386566162,1.583487654730065,1.5735286225831675,1.5785081386566162,182800,0.0,0.0
2018-08-27 00:00:00-04:00,1.583487654730065,1.583487654730065,1.5785081386566162,1.5785081386566162,138600,0.0,0.0
2018-08-28 00:00:00-04:00,1.5884669067174564,1.59344642196305,1.5834873914718628,1.5834873914718628,271900,0.0,0.0
2018-08-29 00:00:00-04:00,1.588466714514867,1.5934462291579452,1.5735281705856323,1.5735281705856323,169300,0.0,0.0
2018-08-30 00:00:00-04:00,1.5785078762262692,1.5884669067174564,1.5785078762262692,1.5834873914718628,87400,0.0,0.0
2018-08-31 00:00:00-04:00,1.5785078762262692,1.5884669067174564,1.5785078762262692,1.5834873914718628,67800,0.0,0.0
2018-09-04 00:00:00-04:00,1.5834873914718628,1.59344642196305,1.5834873914718628,1.5834873914718628,149600,0.0,0.0
2018-09-05 00:00:00-04:00,1.5834873914718628,1.5884669067174564,1.5834873914718628,1.5834873914718628,104400,0.0,0.0
2018-09-06 00:00:00-04:00,1.5884671708035136,1.5884671708035136,1.5785081386566162,1.5785081386566162,159700,0.0,0.0
2018-09-07 00:00:00-04:00,1.5785078762262692,1.5834873914718628,1.5735283609806756,1.5834873914718628,112900,0.0,0.0
2018-09-10 00:00:00-04:00,1.583486869891545,1.593445897102356,1.5785073562861396,1.593445897102356,169400,0.0,0.0
2018-09-11 00:00:00-04:00,1.5954536199569702,1.5954536199569702,1.5854193302404873,1.5954536199569702,111200,0.024,0.0
2018-09-12 00:00:00-04:00,1.6004707481999585,1.6004707481999585,1.5854193137814905,1.5904364585876465,105400,0.0,0.0
2018-09-13 00:00:00-04:00,1.59545387408748,1.6105053110596594,1.59545387408748,1.600471019744873,310700,0.0,0.0
2018-09-14 00:00:00-04:00,1.6054878930061147,1.6054878930061147,1.5904364585876465,1.5904364585876465,111400,0.0,0.0
2018-09-17 00:00:00-04:00,1.5904364750987288,1.5954536199569702,1.5854193302404873,1.5954536199569702,174000,0.0,0.0
2018-09-18 00:00:00-04:00,1.5954533467982488,1.6004704907975014,1.5854190587997437,1.5854190587997437,139300,0.0,0.0
2018-09-19 00:00:00-04:00,1.5904364585876465,1.5954536033938025,1.5854193137814905,1.5904364585876465,78100,0.0,0.0
2018-09-20 00:00:00-04:00,1.5954536199569702,1.605487909673453,1.5904364750987288,1.5954536199569702,70200,0.0,0.0
2018-09-21 00:00:00-04:00,1.600469847040095,1.6054869890213013,1.5954527050588887,1.6054869890213013,236000,0.0,0.0
2018-09-24 00:00:00-04:00,1.6105052232742312,1.6105052232742312,1.5954537871224752,1.610505223274231,156400,0.0,0.0
2018-09-25 00:00:00-04:00,1.6105052232742312,1.6155223686581497,1.6054880778903124,1.610505223274231,184100,0.0,0.0
2018-09-26 00:00:00-04:00,1.620538812600091,1.6255559558123647,1.6155216693878174,1.6155216693878174,223300,0.0,0.0
2018-09-27 00:00:00-04:00,1.6255559740256285,1.630573117294116,1.6155216874886538,1.6205388307571411,202300,0.0,0.0
2018-09-28 00:00:00-04:00,1.6255559558123647,1.6355902422369122,1.6155216693878174,1.6155216693878174,154500,0.0,0.0
2018-10-01 00:00:00-04:00,1.6205392053261907,1.630573494182476,1.6155220608980478,1.6255563497543335,94900,0.0,0.0
2018-10-02 00:00:00-04:00,1.625556501906773,1.6355907917022703,1.6205393570090243,1.6355907917022705,90800,0.0,0.0
2018-10-03 00:00:00-04:00,1.6305735111236572,1.6355906556039266,1.6305735111236572,1.6305735111236572,98500,0.0,0.0
2018-10-04 00:00:00-04:00,1.6305735111236572,1.6355906556039266,1.6205392221631183,1.6305735111236572,115700,0.0,0.0
2018-10-05 00:00:00-04:00,1.6155212729837138,1.62053841496492,1.6054869890213013,1.6054869890213013,111600,0.0,0.0
2018-10-08 00:00:00-04:00,1.6054880778903124,1.6205395140420682,1.6054880778903124,1.610505223274231,152900,0.0,0.0
2018-10-09 00:00:00-04:00,1.6276906671255447,1.6276906671255447,1.5872511863708496,1.5872511863708496,172900,0.024,0.0
2018-10-10 00:00:00-04:00,1.587251714030551,1.587251714030551,1.556921972862671,1.5619769096374512,274500,0.0,0.0
2018-10-11 00:00:00-04:00,1.5619774070471586,1.5670323454316775,1.5164829615864894,1.5215378999710083,486900,0.0,0.0
2018-10-12 00:00:00-04:00,1.541757786354642,1.5468127251747197,1.5215380310743316,1.5265929698944092,216500,0.0,0.0
2018-10-15 00:00:00-04:00,1.5215381268136239,1.53164800508992,1.511428248537328,1.516483187675476,323600,0.0,0.0
2018-10-16 00:00:00-04:00,1.5215374644632327,1.536702275276184,1.5215374644632327,1.536702275276184,220800,0.0,0.0
2018-10-17 00:00:00-04:00,1.5417572122138345,1.5417572122138345,1.5265924014008831,1.536702275276184,230800,0.0,0.0
2018-10-18 00:00:00-04:00,1.5265929698944092,1.5367028475345643,1.5265929698944092,1.5265929698944092,210900,0.0,0.0
2018-10-19 00:00:00-04:00,1.526592838355527,1.5316477767400458,1.5215378999710083,1.5215378999710083,158500,0.0,0.0
2018-10-22 00:00:00-04:00,1.5215381268136239,1.526593065951772,1.516483187675476,1.516483187675476,172300,0.0,0.0
2018-10-23 00:00:00-04:00,1.5114272832870483,1.5114272832870483,1.4861526037376018,1.5114272832870483,299600,0.0,0.0
2018-10-24 00:00:00-04:00,1.5164822191969376,1.5164822191969376,1.506372347377159,1.5114272832870483,247800,0.0,0.0
2018-10-25 00:00:00-04:00,1.516482564321412,1.516482564321412,1.5013177531405026,1.5063726902008057,221500,0.0,0.0
2018-10-26 00:00:00-04:00,1.5063733827972203,1.5114283221816702,1.4709888071060708,1.4962635040283203,285600,0.0,0.0
2018-10-29 00:00:00-04:00,1.49626286754202,1.5063727420103408,1.4810980558395386,1.4810980558395386,143500,0.0,0.0
2018-10-30 00:00:00-04:00,1.481097950469823,1.4912078242188975,1.481097950469823,1.4861528873443604,153600,0.0,0.0
2018-10-31 00:00:00-04:00,1.4912079303078594,1.49626286754202,1.4760431186053782,1.4810980558395386,284000,0.0,0.0
2018-11-01 00:00:00-04:00,1.4861524259162582,1.496262296526369,1.4810974906112027,1.4912073612213135,155400,0.0,0.0
2018-11-02 00:00:00-04:00,1.4962635040283205,1.5013184434127704,1.4962635040283205,1.4962635040283203,117800,0.0,0.0
2018-11-05 00:00:00-05:00,1.5033977647091126,1.5135902820423763,1.4881089887092167,1.4983015060424805,165200,0.024,0.0
2018-11-06 00:00:00-05:00,1.4932055473327637,1.4983018070231384,1.4932055473327637,1.4932055473327637,69300,0.0,0.0
2018-11-07 00:00:00-05:00,1.5084934831752501,1.5084934831752501,1.5033972263336182,1.5033972263336182,75500,0.0,0.0
2018-11-08 00:00:00-05:00,1.5084943771362305,1.5135906369979981,1.5084943771362305,1.5084943771362305,68500,0.0,0.0
2018-11-09 00:00:00-05:00,1.5084943771362305,1.5135906369979981,1.5084943771362305,1.5084943771362305,95600,0.0,0.0
2018-11-12 00:00:00-05:00,1.5084940233757445,1.5135902820423763,1.4983015060424805,1.4983015060424805,166200,0.0,0.0
2018-11-13 00:00:00-05:00,1.5033972263336182,1.5084934831752501,1.498300969491986,1.5033972263336182,74800,0.0,0.0
2018-11-14 00:00:00-05:00,1.5033977647091126,1.5084940233757445,1.4881089887092167,1.4983015060424805,144300,0.0,0.0
2018-11-15 00:00:00-05:00,1.4932054332596871,1.4932054332596871,1.4779166553565457,1.4830129146575928,164500,0.0,0.0
2018-11-16 00:00:00-05:00,1.483013096665088,1.48810935659159,1.4728205768120846,1.4779168367385864,180400,0.0,0.0
2018-11-19 00:00:00-05:00,1.4779168367385862,1.483013096665088,1.4779168367385862,1.4779168367385864,103200,0.0,0.0
2018-11-20 00:00:00-05:00,1.4779169089662338,1.4779169089662338,1.4575317467595572,1.4626280069351196,245400,0.0,0.0
2018-11-21 00:00:00-05:00,1.4830124396922846,1.4830124396922846,1.462627287512455,1.4728199243545532,231700,0.0,0.0
2018-11-23 00:00:00-05:00,1.483012139891528,1.4932046531687746,1.472819626614281,1.4881083965301514,255700,0.0,0.0
2018-11-26 00:00:00-05:00,1.4983018070231384,1.4983018070231384,1.4779167682616396,1.4932055473327637,109100,0.0,0.0
2018-11-27 00:00:00-05:00,1.48810917395864,1.4932054332596871,1.4830129146575928,1.4830129146575928,171700,0.0,0.0
2018-11-28 00:00:00-05:00,1.4830127300425848,1.4983015060424805,1.4830127300425848,1.4983015060424805,250700,0.0,0.0
2018-11-29 00:00:00-05:00,1.5033972263336182,1.513589740016882,1.493204712650354,1.5033972263336182,350900,0.0,0.0
2018-11-30 00:00:00-05:00,1.5084943146139824,1.5288793532161582,1.4983017953128945,1.5135905742645264,199100,0.0,0.0
2018-12-03 00:00:00-05:00,1.5237824916839597,1.5339750069590874,1.5135899764088323,1.52378249168396,319300,0.0,0.0
2018-12-04 00:00:00-05:00,1.5258379379948748,1.530975434520612,1.5104254484176634,1.5104254484176636,198000,0.024,0.0
2018-12-06 00:00:00-05:00,1.4744624857298285,1.5104250750068113,1.4744624857298285,1.5001500844955444,302900,0.0,0.0
2018-12-07 00:00:00-05:00,1.500150455366189,1.5155629449434005,1.500150455366189,1.5104254484176636,121000,0.0,0.0
2018-12-10 00:00:00-05:00,1.5104254484176634,1.5155629449434005,1.5052879518919262,1.5104254484176636,127200,0.0,0.0
2018-12-11 00:00:00-05:00,1.5155632817950615,1.5155632817950615,1.484738295789425,1.4898757934570312,88500,0.0,0.0
2018-12-12 00:00:00-05:00,1.4898750939842775,1.5001500844955444,1.4898750939842775,1.5001500844955444,87000,0.0,0.0
2018-12-13 00:00:00-05:00,1.5052875797511778,1.5052875797511778,1.5001500844955444,1.5001500844955444,77800,0.0,0.0
2018-12-14 00:00:00-05:00,1.489874616558063,1.489874616558063,1.459049532414527,1.4641870260238647,259500,0.0,0.0
2018-12-17 00:00:00-05:00,1.464188582348204,1.4796012020462033,1.3922635953665257,1.3974010944366455,390900,0.0,0.0
2018-12-18 00:00:00-05:00,1.412812420122217,1.4230874097422848,1.3973999356921156,1.417949914932251,337400,0.0,0.0
2018-12-19 00:00:00-05:00,1.4385001741846355,1.4385001741846355,1.4025377035140991,1.4025377035140991,309200,0.0,0.0
2018-12-20 00:00:00-05:00,1.4076751650755286,1.4076751650755286,1.3100626245714178,1.3357501029968262,615600,0.0,0.0
2018-12-21 00:00:00-05:00,1.3203380107879636,1.3460254968952012,1.3100630163450688,1.3203380107879639,434800,0.0,0.0
2018-12-24 00:00:00-05:00,1.3203372797779422,1.3460247516632082,1.3203372797779422,1.346024751663208,261700,0.0,0.0
2018-12-26 00:00:00-05:00,1.3460252660623904,1.3819878629328144,1.3408877697219834,1.3768503665924072,424600,0.0,0.0
2018-12-27 00:00:00-05:00,1.363372355951125,1.3789241163664787,1.3530043920798174,1.3737401962280273,215500,0.024,0.0
2018-12-28 00:00:00-05:00,1.3737398019645652,1.4100272325192276,1.3633719646632332,1.3996593952178955,342500,0.0,0.0
2018-12-31 00:00:00-05:00,1.4048434495925903,1.4100273687440825,1.3892916921381138,1.4048434495925903,358800,0.0,0.0
2019-01-02 00:00:00-05:00,1.3944755253855254,1.4203951195462579,1.389291606553379,1.4152112007141113,160400,0.0,0.0
2019-01-03 00:00:00-05:00,1.4152121415012726,1.4152121415012726,1.3996603746665226,1.4100282192230225,88400,0.0,0.0
2019-01-04 00:00:00-05:00,1.41002721268998,1.435946805578802,1.41002721268998,1.4307628870010376,248900,0.0,0.0
2019-01-07 00:00:00-05:00,1.4359473429466607,1.4566830250175358,1.4359473429466607,1.451499104499817,170500,0.0,0.0
2019-01-08 00:00:00-05:00,1.4618666329588712,1.467050552368164,1.4514987941402853,1.467050552368164,239300,0.0,0.0
2019-01-09 00:00:00-05:00,1.467050552368164,1.4774183911867498,1.4618666329588712,1.467050552368164,148400,0.0,0.0
2019-01-10 00:00:00-05:00,1.4670509387774522,1.4774187803268433,1.4463152556786703,1.4774187803268433,190600,0.0,0.0
2019-01-11 00:00:00-05:00,1.4826021194458008,1.487786038186737,1.4722342819639287,1.4826021194458008,180300,0.0,0.0
2019-01-14 00:00:00-05:00,1.4774182873693014,1.4877861254593443,1.4722343683242798,1.4722343683242798,154100,0.0,0.0
2019-01-15 00:00:00-05:00,1.4774182007048648,1.487786038186737,1.4722342819639287,1.4826021194458008,151700,0.0,0.0
2019-01-16 00:00:00-05:00,1.4826022974779127,1.503338098526001,1.4826022974779127,1.503338098526001,316700,0.0,0.0
2019-01-17 00:00:00-05:00,1.4826023844748657,1.5033381867397007,1.4826023844748657,1.49297034740448,168000,0.0,0.0
2019-01-18 00:00:00-05:00,1.4981542104418375,1.5137059688568115,1.4929702909701794,1.5137059688568115,126100,0.0,0.0
2019-01-22 00:00:00-05:00,1.5137059688568115,1.5188898883284694,1.5085220493851534,1.5137059688568115,195600,0.0,0.0
2019-01-23 00:00:00-05:00,1.5188898883284694,1.5292577272717855,1.5033381299134954,1.5137059688568115,197900,0.0,0.0
2019-01-24 00:00:00-05:00,1.5188901125840548,1.5188901125840548,1.5033383518729508,1.5085222721099854,117200,0.0,0.0
2019-01-25 00:00:00-05:00,1.5033383518729508,1.51370619234702,1.5033383518729508,1.5085222721099854,162600,0.0,0.0
2019-01-28 00:00:00-05:00,1.5085224201585017,1.5188902616500857,1.5033384994127097,1.5188902616500854,184400,0.0,0.0
2019-01-29 00:00:00-05:00,1.5085220493851534,1.5188898883284694,1.5085220493851534,1.5137059688568115,157500,0.0,0.0
2019-01-30 00:00:00-05:00,1.5240737517471397,1.5344415903091433,1.518889832466138,1.534441590309143,100400,0.0,0.0
2019-01-31 00:00:00-05:00,1.53444136852424,1.5448092055876983,1.53444136852424,1.5396252870559692,187000,0.0,0.0
2019-02-01 00:00:00-05:00,1.5448092387437886,1.555177076029771,1.5448092387437886,1.5499931573867798,113300,0.0,0.0
2019-02-04 00:00:00-05:00,1.5862801910690463,1.5862801910690463,1.56036060433805,1.575912356376648,338500,0.0,0.0
2019-02-05 00:00:00-05:00,1.575913056114948,1.5810969757629156,1.5603612971710443,1.57072913646698,139300,0.0,0.0
2019-02-06 00:00:00-05:00,1.5728194393732555,1.5937206745147705,1.5728194393732555,1.5937206745147705,82200,0.024,0.0
2019-02-07 00:00:00-05:00,1.5884949164445026,1.5937202237519719,1.5675936872146254,1.5728189945220947,84600,0.0,0.0
2019-02-08 00:00:00-05:00,1.5728192184158296,1.5832698345184328,1.5623686023132264,1.5832698345184326,71200,0.0,0.0
2019-02-11 00:00:00-05:00,1.5780446762136562,1.5780446762136562,1.5623687505722046,1.5623687505722046,118700,0.0,0.0
2019-02-12 00:00:00-05:00,1.5675940591193551,1.5675940591193551,1.557143442025054,1.5623687505722046,213100,0.0,0.0
2019-02-13 00:00:00-05:00,1.557143211364746,1.5623685191378696,1.5519179035916226,1.557143211364746,289200,0.0,0.0
2019-02-14 00:00:00-05:00,1.557143218372506,1.557143218372506,1.5466926027792272,1.5519179105758667,190700,0.0,0.0
2019-02-15 00:00:00-05:00,1.557143211364746,1.557143211364746,1.5466925958184994,1.557143211364746,209700,0.0,0.0
2019-02-19 00:00:00-05:00,1.5466925958184994,1.5623685191378696,1.5466925958184994,1.557143211364746,191900,0.0,0.0
2019-02-20 00:00:00-05:00,1.5571430725996869,1.5728189945220947,1.5571430725996869,1.5728189945220947,179900,0.0,0.0
2019-02-21 00:00:00-05:00,1.5675938129425049,1.5675938129425049,1.562368505215943,1.5675938129425049,160000,0.0,0.0
2019-02-22 00:00:00-05:00,1.5728188692105325,1.5780441761016848,1.562368255428228,1.5780441761016846,193800,0.0,0.0
2019-02-25 00:00:00-05:00,1.578044732426108,1.6041712760925295,1.578044732426108,1.6041712760925293,227900,0.0,0.0
2019-02-26 00:00:00-05:00,1.6041710448651723,1.6093963528452737,1.588495120924868,1.5989457368850708,188400,0.0,0.0
2019-02-27 00:00:00-05:00,1.5937204146626138,1.6093963384628294,1.5937204146626138,1.6093963384628296,122300,0.0,0.0
2019-02-28 00:00:00-05:00,1.609396568988424,1.614621877670288,1.609396568988424,1.614621877670288,89300,0.0,0.0
2019-03-01 00:00:00-05:00,1.6146216463962346,1.6198469543296399,1.6041710305294241,1.6093963384628296,165400,0.0,0.0
2019-03-04 00:00:00-05:00,1.6093963384628294,1.6198469543296399,1.6041710305294241,1.6093963384628296,165700,0.0,0.0
2019-03-05 00:00:00-05:00,1.6041712760925295,1.6198472022923824,1.6041712760925295,1.6041712760925293,84300,0.0,0.0
2019-03-06 00:00:00-05:00,1.6093963384628294,1.6093963384628294,1.6041710305294241,1.6093963384628296,104800,0.0,0.0
2019-03-07 00:00:00-05:00,1.6041710448651723,1.6093963528452737,1.598945736885071,1.5989457368850708,141500,0.0,0.0
2019-03-08 00:00:00-05:00,1.598945736885071,1.6041710448651723,1.5937204289049696,1.5989457368850708,188500,0.0,0.0
2019-03-11 00:00:00-04:00,1.5989459673592452,1.6041712760925295,1.5989459673592452,1.6041712760925293,129600,0.0,0.0
2019-03-12 00:00:00-04:00,1.6041712760925295,1.6146218935590981,1.6041712760925295,1.6041712760925293,199700,0.0,0.0
2019-03-13 00:00:00-04:00,1.6093965848258138,1.6093965848258138,1.6041712760925295,1.6041712760925293,177500,0.0,0.0
2019-03-14 00:00:00-04:00,1.6062771577428994,1.6115436352871293,1.6010106801986694,1.6010106801986694,161000,0.024,0.0
2019-03-15 00:00:00-04:00,1.6010106801986694,1.6168101128313594,1.6010106801986694,1.6010106801986694,148000,0.0,0.0
2019-03-18 00:00:00-04:00,1.601011173896199,1.6115441322326658,1.601011173896199,1.611544132232666,100000,0.0,0.0
2019-03-19 00:00:00-04:00,1.6168105773089092,1.6326100144804636,1.6168105773089092,1.6273435354232788,171000,0.0,0.0
2019-03-20 00:00:00-04:00,1.6273435354232788,1.6326100144804636,1.622077056366094,1.6273435354232788,61300,0.0,0.0
2019-03-21 00:00:00-04:00,1.6273435354232788,1.6378764935376484,1.622077056366094,1.6273435354232788,132600,0.0,0.0
2019-03-22 00:00:00-04:00,1.6273434845245889,1.6431429212019817,1.6273434845245889,1.6326099634170532,109100,0.0,0.0
2019-03-25 00:00:00-04:00,1.6378764423095176,1.6378764423095176,1.6220770056321248,1.6326099634170532,113400,0.0,0.0
2019-03-26 00:00:00-04:00,1.6326098259087038,1.6326098259087038,1.622076869010925,1.6220768690109253,151900,0.0,0.0
2019-03-27 00:00:00-04:00,1.6273435697373664,1.6273435697373664,1.6115441322326658,1.611544132232666,163200,0.0,0.0
2019-03-28 00:00:00-04:00,1.616810390562036,1.622076869010925,1.616810390562036,1.6220768690109253,99900,0.0,0.0
2019-03-29 00:00:00-04:00,1.6220769196303888,1.6220769196303888,1.6168104410171509,1.6168104410171509,116500,0.0,0.0
2019-04-01 00:00:00-04:00,1.6273442689943645,1.6484103202819824,1.6168113061319664,1.6484103202819824,274500,0.0,0.0
2019-04-02 00:00:00-04:00,1.6536768017131815,1.6536768017131815,1.6326107504255636,1.6484103202819824,283300,0.0,0.0
2019-04-03 00:00:00-04:00,1.6536761420466572,1.6536761420466572,1.6378765784928289,1.6431430578231812,140500,0.0,0.0
2019-04-04 00:00:00-04:00,1.6484095540368853,1.6536760330200193,1.6484095540368853,1.6536760330200195,119400,0.0,0.0
2019-04-05 00:00:00-04:00,1.6589432831443804,1.6589432831443804,1.6431437132879616,1.6484103202819824,240100,0.0,0.0
2019-04-08 00:00:00-04:00,1.648409662716305,1.6589426213770095,1.6431430578231812,1.6431430578231812,265500,0.0,0.0
2019-04-09 00:00:00-04:00,1.6452660322672796,1.6452660322672796,1.6240368127339413,1.6346514225006104,463800,0.024,0.0
2019-04-10 00:00:00-04:00,1.6293441176172758,1.639958727383945,1.6240368127339413,1.6346514225006104,179500,0.0,0.0
2019-04-11 00:00:00-04:00,1.6346514225006104,1.639958727383945,1.6293441176172758,1.6346514225006104,119500,0.0,0.0
2019-04-12 00:00:00-04:00,1.6399586200714111,1.6452659246074561,1.6293440109993207,1.6399586200714111,203400,0.0,0.0
2019-04-15 00:00:00-04:00,1.639958727383945,1.6452660322672796,1.6346514225006104,1.6346514225006104,190400,0.0,0.0
2019-04-16 00:00:00-04:00,1.6399585954237892,1.6399585954237892,1.6293439865112302,1.6293439865112305,145200,0.0,0.0
2019-04-17 00:00:00-04:00,1.6346514225006104,1.639958727383945,1.6293441176172758,1.6346514225006104,127900,0.0,0.0
2019-04-18 00:00:00-04:00,1.62934421334487,1.6346515185400203,1.6240369081497192,1.6240369081497192,183500,0.0,0.0
2019-04-22 00:00:00-04:00,1.6240366820549508,1.6346512909675097,1.6187293775986713,1.6293439865112305,223800,0.0,0.0
2019-04-23 00:00:00-04:00,1.6293441176172758,1.6346514225006104,1.6240368127339413,1.6346514225006104,242400,0.0,0.0
2019-04-24 00:00:00-04:00,1.634651315535366,1.6399586200714111,1.6293440109993207,1.6399586200714111,167800,0.0,0.0
2019-04-25 00:00:00-04:00,1.6293438287892525,1.6293438287892525,1.61342191696167,1.61342191696167,444200,0.0,0.0
2019-04-26 00:00:00-04:00,1.6187296029545688,1.6346515185400203,1.6187296029545688,1.6240369081497192,270500,0.0,0.0
2019-04-29 00:00:00-04:00,1.6240366820549508,1.6293439865112302,1.6187293775986713,1.6293439865112305,118000,0.0,0.0
2019-04-30 00:00:00-04:00,1.6293441176172758,1.639958727383945,1.6240368127339413,1.6346514225006104,145300,0.0,0.0
2019-05-01 00:00:00-04:00,1.6346515645808135,1.650573480614714,1.6346515645808135,1.6452661752700806,216500,0.0,0.0
2019-05-02 00:00:00-04:00,1.650573480614714,1.6558807859593476,1.639958869925447,1.6452661752700806,168200,0.0,0.0
2019-05-03 00:00:00-04:00,1.6505733845851147,1.6558806896209717,1.6399587745134008,1.6558806896209717,244900,0.0,0.0
2019-05-06 00:00:00-04:00,1.6505737443169595,1.6664957894307701,1.6505737443169595,1.6611884832382202,257200,0.0,0.0
2019-05-07 00:00:00-04:00,1.6408777236938477,1.667602091682639,1.6408777236938477,1.6408777236938477,203900,0.022,0.0
2019-05-08 00:00:00-04:00,1.64622246672332,1.6515673398971558,1.64622246672332,1.6515673398971558,92200,0.0,0.0
2019-05-09 00:00:00-04:00,1.6462220032793993,1.6462220032793993,1.6355322599411013,1.635532259941101,137700,0.0,0.0
2019-05-10 00:00:00-04:00,1.6355321336316622,1.646221876144409,1.6355321336316622,1.6462218761444092,66800,0.0,0.0
2019-05-13 00:00:00-04:00,1.640877380385556,1.640877380385556,1.6194978904675912,1.6248427629470825,196500,0.0,0.0
2019-05-14 00:00:00-04:00,1.6248427629470825,1.635532507906065,1.6248427629470825,1.6248427629470825,155800,0.0,0.0
2019-05-15 00:00:00-04:00,1.6301881074905396,1.6301881074905396,1.624843233463299,1.6301881074905396,93300,0.0,0.0
2019-05-16 00:00:00-04:00,1.6301878802235699,1.6355327535056734,1.614153260377259,1.6194981336593628,182600,0.0,0.0
2019-05-17 00:00:00-04:00,1.6248430069414663,1.6301878802235699,1.6194981336593626,1.6194981336593628,89800,0.0,0.0
2019-05-20 00:00:00-04:00,1.6194978904675912,1.6248427629470825,1.6194978904675912,1.6248427629470825,111800,0.0,0.0
2019-05-21 00:00:00-04:00,1.624843233463299,1.6301881074905396,1.624843233463299,1.6301881074905396,116200,0.0,0.0
2019-05-22 00:00:00-04:00,1.6408770048880357,1.646221876144409,1.6301872623752887,1.6462218761444092,239600,0.0,0.0
2019-05-23 00:00:00-04:00,1.6462227295722611,1.6462227295722611,1.6301881074905396,1.6301881074905396,118400,0.0,0.0
2019-05-24 00:00:00-04:00,1.6355322599411013,1.6408771316102502,1.6355322599411013,1.635532259941101,107700,0.0,0.0
2019-05-28 00:00:00-04:00,1.6355329815177801,1.6408778555450205,1.6301881074905396,1.6301881074905396,116600,0.0,0.0
2019-05-29 00:00:00-04:00,1.6301876354265736,1.635532507906065,1.6194978904675912,1.6248427629470825,79900,0.0,0.0
2019-05-30 00:00:00-04:00,1.619497421629499,1.6355320344260158,1.6088076797651545,1.6141525506973267,146800,0.0,0.0
2019-05-31 00:00:00-04:00,1.608808403878328,1.6141532772161895,1.5981186572026047,1.6034635305404663,193500,0.0,0.0
2019-06-03 00:00:00-04:00,1.5927739204269828,1.5981187942231065,1.5820841728347355,1.5874290466308594,166300,0.0,0.0
2019-06-04 00:00:00-04:00,1.592773433045681,1.6034631773669163,1.5874285608850636,1.5981183052062988,134600,0.0,0.0
2019-06-05 00:00:00-04:00,1.6088083870951555,1.6194981336593626,1.5981186405309482,1.6194981336593628,172300,0.0,0.0
2019-06-06 00:00:00-04:00,1.614153260377259,1.6194981336593626,1.6088083870951555,1.6194981336593628,129200,0.0,0.0
2019-06-07 00:00:00-04:00,1.620574235916138,1.6259581983598277,1.615190273472448,1.6205742359161377,134900,0.022,0.0
2019-06-10 00:00:00-04:00,1.620574235916138,1.6367261232472075,1.615190273472448,1.6205742359161377,143400,0.0,0.0
2019-06-11 00:00:00-04:00,1.6259589230351432,1.6367268527216927,1.6259589230351432,1.631342887878418,102800,0.0,0.0
2019-06-12 00:00:00-04:00,1.631342887878418,1.6367268527216927,1.6259589230351432,1.631342887878418,149800,0.0,0.0
2019-06-13 00:00:00-04:00,1.6259589230351432,1.6367268527216927,1.6259589230351432,1.631342887878418,95400,0.0,0.0
2019-06-14 00:00:00-04:00,1.631342887878418,1.6367268527216927,1.631342887878418,1.631342887878418,37700,0.0,0.0
2019-06-17 00:00:00-04:00,1.6367264986038208,1.6367264986038208,1.625958571246992,1.6367264986038208,203200,0.0,0.0
2019-06-18 00:00:00-04:00,1.6367269785371097,1.6474949090513915,1.6367269785371097,1.6421109437942505,145000,0.0,0.0
2019-06-19 00:00:00-04:00,1.6421109437942507,1.6474949090513915,1.6421109437942507,1.6421109437942505,63400,0.0,0.0
2019-06-20 00:00:00-04:00,1.6474945545196533,1.6528785186181947,1.6474945545196533,1.6474945545196533,103800,0.0,0.0
2019-06-21 00:00:00-04:00,1.6421109437942507,1.6474949090513915,1.6367269785371097,1.6421109437942505,114000,0.0,0.0
2019-06-24 00:00:00-04:00,1.6474946775815102,1.6528786420822141,1.636726748580102,1.6528786420822144,211300,0.0,0.0
2019-06-25 00:00:00-04:00,1.6421104622822353,1.6474944259606497,1.6367264986038208,1.6367264986038208,192100,0.0,0.0
2019-06-26 00:00:00-04:00,1.6367266263225704,1.6474945545196533,1.6367266263225704,1.6474945545196533,110200,0.0,0.0
2019-06-27 00:00:00-04:00,1.6421109437942507,1.6474949090513915,1.6367269785371097,1.6421109437942505,238700,0.0,0.0
2019-06-28 00:00:00-04:00,1.6421105904211117,1.6474945545196533,1.6367266263225704,1.6474945545196533,117000,0.0,0.0
2019-07-01 00:00:00-04:00,1.6528784082777799,1.6582623720169067,1.647494444538653,1.6582623720169067,191000,0.0,0.0
2019-07-02 00:00:00-04:00,1.6528784082777799,1.6690302994951602,1.647494444538653,1.6582623720169067,391900,0.0,0.0
2019-07-03 00:00:00-04:00,1.6582620258650647,1.669029951095581,1.6582620258650647,1.669029951095581,197600,0.0,0.0
2019-07-05 00:00:00-04:00,1.6636466979980469,1.6690306629094767,1.6582627330866169,1.6636466979980469,194400,0.0,0.0
2019-07-08 00:00:00-04:00,1.6636463357560336,1.6636463357560336,1.6528784082777799,1.6582623720169067,191300,0.0,0.0
2019-07-09 00:00:00-04:00,1.6647696354753494,1.6647696354753494,1.64850154344902,1.6593469381332397,174500,0.022,0.0
2019-07-10 00:00:00-04:00,1.6593470709387903,1.6647697687149048,1.6593470709387903,1.6647697687149048,109900,0.0,0.0
2019-07-11 00:00:00-04:00,1.6647697687149048,1.6701924664910193,1.6593470709387903,1.6647697687149048,148900,0.0,0.0
2019-07-12 00:00:00-04:00,1.6593469381332397,1.6701923328174593,1.6593469381332397,1.6593469381332397,232300,0.0,0.0
2019-07-15 00:00:00-04:00,1.6593469381332397,1.6647696354753494,1.6593469381332397,1.6593469381332397,116200,0.0,0.0
2019-07-16 00:00:00-04:00,1.65934696601156,1.670192360877991,1.65934696601156,1.6701923608779907,89900,0.0,0.0
2019-07-17 00:00:00-04:00,1.6647697687149048,1.6701924664910193,1.6593470709387903,1.6647697687149048,73500,0.0,0.0
2019-07-18 00:00:00-04:00,1.6647696634447755,1.670192360877991,1.6647696634447755,1.6701923608779907,56600,0.0,0.0
2019-07-19 00:00:00-04:00,1.6701924664910193,1.6701924664910193,1.6647697687149048,1.6647697687149048,95000,0.0,0.0
2019-07-22 00:00:00-04:00,1.6647696634447755,1.670192360877991,1.6647696634447755,1.6701923608779907,90000,0.0,0.0
2019-07-23 00:00:00-04:00,1.6647697687149048,1.6756151642671337,1.6647697687149048,1.6647697687149048,177100,0.0,0.0
2019-07-24 00:00:00-04:00,1.670192151696055,1.6810375452041626,1.6647694549420011,1.6810375452041626,220600,0.0,0.0
2019-07-25 00:00:00-04:00,1.6756150583112062,1.6810377557444216,1.670192360877991,1.6701923608779907,165400,0.0,0.0
2019-07-26 00:00:00-04:00,1.670192360877991,1.6756150583112062,1.670192360877991,1.6701923608779907,141800,0.0,0.0
2019-07-29 00:00:00-04:00,1.6701927312425384,1.6756154298782349,1.6701927312425384,1.6756154298782349,125400,0.0,0.0
2019-07-30 00:00:00-04:00,1.6756154298782349,1.6810381285139315,1.6701927312425384,1.6756154298782349,118200,0.0,0.0
2019-07-31 00:00:00-04:00,1.6756150583112062,1.6756150583112062,1.670192360877991,1.6701923608779907,121900,0.0,0.0
2019-08-01 00:00:00-04:00,1.6701927312425384,1.6756154298782349,1.6701927312425384,1.6756154298782349,88400,0.0,0.0
2019-08-02 00:00:00-04:00,1.670192360877991,1.6756150583112062,1.670192360877991,1.6701923608779907,151600,0.0,0.0
2019-08-05 00:00:00-04:00,1.670192360877991,1.670192360877991,1.65934696601156,1.6701923608779907,469800,0.0,0.0
2019-08-06 00:00:00-04:00,1.6701927312425384,1.6756154298782349,1.664770032606842,1.6756154298782349,182900,0.0,0.0
2019-08-07 00:00:00-04:00,1.6712461811175843,1.6712461811175843,1.6657845973968506,1.6657845973968506,105000,0.022,0.0
2019-08-08 00:00:00-04:00,1.6657843496705238,1.6767075154875575,1.6657843496705238,1.6712459325790405,141800,0.0,0.0
2019-08-09 00:00:00-04:00,1.6657843496705238,1.6767075154875575,1.6657843496705238,1.6712459325790405,53700,0.0,0.0
2019-08-12 00:00:00-04:00,1.6712459325790405,1.6767075154875575,1.660322766762007,1.6712459325790405,164600,0.0,0.0
2019-08-13 00:00:00-04:00,1.6712461811175843,1.6767077648383177,1.6657845973968506,1.6657845973968506,69300,0.0,0.0
2019-08-14 00:00:00-04:00,1.665784387271359,1.671245970303157,1.6439380551441665,1.6493996381759644,213000,0.0,0.0
2019-08-15 00:00:00-04:00,1.6548614501953125,1.6548614501953125,1.6493998664077805,1.6548614501953125,111300,0.0,0.0
2019-08-16 00:00:00-04:00,1.6603225729697448,1.6603225729697448,1.6439378261566162,1.6439378261566162,150100,0.0,0.0
2019-08-19 00:00:00-04:00,1.649399408427659,1.654860990698702,1.6439378261566162,1.6439378261566162,182600,0.0,0.0
2019-08-20 00:00:00-04:00,1.6439379184353635,1.660322666168213,1.6439379184353635,1.660322666168213,81200,0.0,0.0
2019-08-21 00:00:00-04:00,1.6548614299553837,1.6657845973968506,1.6548614299553837,1.6657845973968506,55900,0.0,0.0
2019-08-22 00:00:00-04:00,1.671245329196681,1.6767069101333616,1.66578374826,1.6767069101333618,167600,0.0,0.0
2019-08-23 00:00:00-04:00,1.671245914084425,1.6821690797805788,1.671245914084425,1.6821690797805786,178000,0.0,0.0
2019-08-26 00:00:00-04:00,1.6821693485590512,1.6821693485590512,1.6603230136761171,1.6657845973968506,187000,0.0,0.0
2019-08-27 00:00:00-04:00,1.6712459325790405,1.6712459325790405,1.6657843496705238,1.6712459325790405,99300,0.0,0.0
2019-08-28 00:00:00-04:00,1.6657842487458294,1.671245831323446,1.660322666168213,1.660322666168213,82900,0.0,0.0
2019-08-29 00:00:00-04:00,1.6657845973968506,1.6712461811175843,1.6603230136761171,1.6657845973968506,84000,0.0,0.0
2019-08-30 00:00:00-04:00,1.660322666168213,1.671245831323446,1.660322666168213,1.660322666168213,93400,0.0,0.0
2019-09-03 00:00:00-04:00,1.660322766762007,1.6712459325790405,1.6548611838534901,1.6712459325790405,224100,0.0,0.0
2019-09-04 00:00:00-04:00,1.671245329196681,1.6767069101333616,1.66578374826,1.6767069101333618,150600,0.0,0.0
2019-09-05 00:00:00-04:00,1.6767075154875575,1.6821690983960742,1.6712459325790405,1.6712459325790405,229300,0.0,0.0
2019-09-06 00:00:00-04:00,1.6767069101333616,1.6821684910700425,1.671245329196681,1.6767069101333618,196900,0.0,0.0
2019-09-09 00:00:00-04:00,1.677807981651399,1.6888099908828735,1.677807981651399,1.6888099908828735,98500,0.022,0.0
2019-09-10 00:00:00-04:00,1.6888099908828735,1.6888099908828735,1.677807981651399,1.6888099908828735,117900,0.0,0.0
2019-09-11 00:00:00-04:00,1.6833088041537274,1.6998118162155151,1.6833088041537274,1.6998118162155151,138900,0.0,0.0
2019-09-12 00:00:00-04:00,1.6943109954986106,1.6943109954986106,1.6888099908828735,1.6888099908828735,108700,0.0,0.0
2019-09-13 00:00:00-04:00,1.6833086013793948,1.6998116114532007,1.6833086013793948,1.6833086013793945,135800,0.0,0.0
2019-09-16 00:00:00-04:00,1.6833086580443855,1.694310665130615,1.6833086580443855,1.6943106651306152,101300,0.0,0.0
2019-09-17 00:00:00-04:00,1.694310665130615,1.694310665130615,1.6833086580443855,1.6943106651306152,199300,0.0,0.0
2019-09-18 00:00:00-04:00,1.6888099908828735,1.699812000114348,1.6888099908828735,1.6888099908828735,211000,0.0,0.0
2019-09-19 00:00:00-04:00,1.68880960473733,1.6998116114532007,1.6833086013793948,1.6833086013793945,156200,0.0,0.0
2019-09-20 00:00:00-04:00,1.6888096615875001,1.69981166867373,1.6833086580443855,1.6943106651306152,154400,0.0,0.0
2019-09-23 00:00:00-04:00,1.6888099908828735,1.6943109954986106,1.6833089862671362,1.6888099908828735,152800,0.0,0.0
2019-09-24 00:00:00-04:00,1.694310665130615,1.69981166867373,1.6833086580443855,1.6943106651306152,207900,0.0,0.0
2019-09-25 00:00:00-04:00,1.6943115505114126,1.7053135633468628,1.6943115505114126,1.7053135633468628,201300,0.0,0.0
2019-09-26 00:00:00-04:00,1.7053126722168448,1.7053126722168448,1.6888096615875001,1.6943106651306152,203500,0.0,0.0
2019-09-27 00:00:00-04:00,1.6888099908828735,1.6943109954986106,1.6888099908828735,1.6888099908828735,86300,0.0,0.0
2019-09-30 00:00:00-04:00,1.68880960473733,1.6943106080952652,1.6833086013793948,1.6833086013793945,110100,0.0,0.0
2019-10-01 00:00:00-04:00,1.6888099908828735,1.6888099908828735,1.6833089862671362,1.6888099908828735,109700,0.0,0.0
2019-10-02 00:00:00-04:00,1.6833085727682189,1.6888095760326538,1.6778075695037842,1.6778075695037842,173300,0.0,0.0
2019-10-03 00:00:00-04:00,1.6778076603999181,1.6833086639623729,1.6668056532750088,1.6723066568374634,345800,0.0,0.0
2019-10-04 00:00:00-04:00,1.6723069872390226,1.6778079918883235,1.6668059825897217,1.6668059825897217,198300,0.0,0.0
2019-10-07 00:00:00-04:00,1.6668056532750088,1.6723066568374634,1.6668056532750088,1.6723066568374634,191500,0.0,0.0
2019-10-08 00:00:00-04:00,1.6789565086364744,1.6844976139939398,1.6734154032790092,1.6789565086364746,202300,0.022,0.0
2019-10-09 00:00:00-04:00,1.6789556906323326,1.684496793290117,1.6734145879745483,1.6734145879745483,155900,0.0,0.0
2019-10-10 00:00:00-04:00,1.6789556906323326,1.6789556906323326,1.667873485316764,1.6734145879745483,142900,0.0,0.0
2019-10-11 00:00:00-04:00,1.6789565086364744,1.6844976139939398,1.6734154032790092,1.6789565086364746,94000,0.0,0.0
2019-10-14 00:00:00-04:00,1.673414555269369,1.6955789654673254,1.673414555269369,1.6844967603683472,267800,0.0,0.0
2019-10-15 00:00:00-04:00,1.6900379657745361,1.69557906866126,1.6844968628878123,1.6900379657745361,143100,0.0,0.0
2019-10-16 00:00:00-04:00,1.6900378629178363,1.6900378629178363,1.6789556578188582,1.6844967603683472,130300,0.0,0.0
2019-10-17 00:00:00-04:00,1.6900379657745361,1.6900379657745361,1.6844968628878123,1.6900379657745361,120700,0.0,0.0
2019-10-18 00:00:00-04:00,1.6900378629178363,1.6900378629178363,1.6844967603683472,1.6844967603683472,68200,0.0,0.0
2019-10-21 00:00:00-04:00,1.6844967603683472,1.6900378629178363,1.6844967603683472,1.6844967603683472,73400,0.0,0.0
2019-10-22 00:00:00-04:00,1.690038305598405,1.6955794095993044,1.690038305598405,1.6955794095993042,135400,0.0,0.0
2019-10-23 00:00:00-04:00,1.6955794095993044,1.6955794095993044,1.690038305598405,1.6955794095993042,131200,0.0,0.0
2019-10-24 00:00:00-04:00,1.6900380510450266,1.7011202573776245,1.6900380510450266,1.7011202573776245,159500,0.0,0.0
2019-10-25 00:00:00-04:00,1.7011204781078137,1.7066615819931028,1.6955793742225247,1.706661581993103,150900,0.0,0.0
2019-10-28 00:00:00-04:00,1.69557906866126,1.7066612744347076,1.6900379657745361,1.6900379657745361,264400,0.0,0.0
2019-10-29 00:00:00-04:00,1.6955794095993044,1.7011205136002037,1.690038305598405,1.6955794095993042,150500,0.0,0.0
2019-10-30 00:00:00-04:00,1.6955794095993044,1.6955794095993044,1.690038305598405,1.6955794095993042,94300,0.0,0.0
2019-10-31 00:00:00-04:00,1.6955794095993044,1.7011205136002037,1.690038305598405,1.6955794095993042,163800,0.0,0.0
2019-11-01 00:00:00-04:00,1.690038305598405,1.7011205136002037,1.690038305598405,1.6955794095993042,162700,0.0,0.0
2019-11-04 00:00:00-05:00,1.6955794095993044,1.7011205136002037,1.6955794095993044,1.6955794095993042,190300,0.0,0.0
2019-11-05 00:00:00-05:00,1.6955794095993044,1.7011205136002037,1.6955794095993044,1.6955794095993042,210000,0.0,0.0
2019-11-06 00:00:00-05:00,1.6955791542113254,1.7011202573776245,1.6955791542113254,1.7011202573776245,217500,0.0,0.0
2019-11-07 00:00:00-05:00,1.7078174686787575,1.7133985662993862,1.6966552734375,1.6966552734375,207600,0.022,0.0
2019-11-08 00:00:00-05:00,1.7078176313171043,1.7078176313171043,1.696655435012852,1.702236533164978,86900,0.0,0.0
2019-11-11 00:00:00-05:00,1.702236533164978,1.7078176313171043,1.696655435012852,1.702236533164978,82400,0.0,0.0
2019-11-12 00:00:00-05:00,1.702236533164978,1.7078176313171043,1.696655435012852,1.702236533164978,117100,0.0,0.0
2019-11-13 00:00:00-05:00,1.7022363710581287,1.7078174686787575,1.6966552734375,1.6966552734375,156600,0.0,0.0
2019-11-14 00:00:00-05:00,1.7022363710581287,1.7022363710581287,1.6966552734375,1.6966552734375,88500,0.0,0.0
2019-11-15 00:00:00-05:00,1.6966552734375,1.7022363710581287,1.6966552734375,1.6966552734375,101100,0.0,0.0
2019-11-18 00:00:00-05:00,1.7022363710581287,1.7022363710581287,1.6910741758168713,1.6966552734375,126300,0.0,0.0
2019-11-19 00:00:00-05:00,1.7022363710581287,1.7022363710581287,1.6910741758168713,1.6966552734375,154600,0.0,0.0
2019-11-20 00:00:00-05:00,1.6966552734375,1.7022363710581287,1.6910741758168713,1.6966552734375,81300,0.0,0.0
2019-11-21 00:00:00-05:00,1.6966560676173985,1.6966560676173985,1.6910749673843384,1.6910749673843384,127000,0.0,0.0
2019-11-22 00:00:00-05:00,1.6966560676173985,1.6966560676173985,1.6910749673843384,1.6910749673843384,114700,0.0,0.0
2019-11-25 00:00:00-05:00,1.6966560676173985,1.7022371678504586,1.6910749673843384,1.6910749673843384,161200,0.0,0.0
2019-11-26 00:00:00-05:00,1.6966560676173985,1.6966560676173985,1.6854938671512782,1.6910749673843384,313200,0.0,0.0
2019-11-27 00:00:00-05:00,1.6966552734375,1.6966552734375,1.6910741758168713,1.6966552734375,179500,0.0,0.0
2019-11-29 00:00:00-05:00,1.696655435012852,1.702236533164978,1.691074336860726,1.702236533164978,85200,0.0,0.0
2019-12-02 00:00:00-05:00,1.7022371678504586,1.7078182680835188,1.6910749673843384,1.6910749673843384,251200,0.0,0.0
2019-12-03 00:00:00-05:00,1.696655435012852,1.702236533164978,1.6854932387085997,1.702236533164978,243400,0.0,0.0
2019-12-04 00:00:00-05:00,1.7022366942123064,1.707817792892456,1.6966555955321567,1.707817792892456,333300,0.0,0.0
2019-12-05 00:00:00-05:00,1.707817792892456,1.707817792892456,1.7022366942123064,1.707817792892456,210900,0.0,0.0
2019-12-06 00:00:00-05:00,1.703321099281311,1.7089426157530965,1.6976995828095254,1.703321099281311,230600,0.022,0.0
2019-12-09 00:00:00-05:00,1.703321099281311,1.7089426157530965,1.6976995828095254,1.703321099281311,161900,0.0,0.0
2019-12-10 00:00:00-05:00,1.7033205410726948,1.7145635703317241,1.6976990264431804,1.7089420557022095,269600,0.0,0.0
2019-12-11 00:00:00-05:00,1.6976995828095254,1.7089426157530965,1.6976995828095254,1.703321099281311,277200,0.0,0.0
2019-12-12 00:00:00-05:00,1.703321099281311,1.714564132224882,1.703321099281311,1.703321099281311,196100,0.0,0.0
2019-12-13 00:00:00-05:00,1.6976995828095254,1.7089426157530965,1.6976995828095254,1.703321099281311,181700,0.0,0.0
2019-12-16 00:00:00-05:00,1.7033208520875847,1.720185399055481,1.7033208520875847,1.720185399055481,288000,0.0,0.0
2019-12-17 00:00:00-05:00,1.7201851981049832,1.7314282281035132,1.7201851981049832,1.725806713104248,339800,0.0,0.0
2019-12-18 00:00:00-05:00,1.725806713104248,1.7314282281035132,1.7201851981049832,1.725806713104248,196600,0.0,0.0
2019-12-19 00:00:00-05:00,1.7314283847808838,1.7314283847808838,1.7258068692729265,1.7314283847808838,231400,0.0,0.0
2019-12-20 00:00:00-05:00,1.7314282281035132,1.7426712581020434,1.708942168106453,1.725806713104248,669000,0.0,0.0
2019-12-23 00:00:00-05:00,1.7314285766629647,1.7482931250558162,1.7258070605320142,1.7426716089248657,506700,0.0,0.0
2019-12-24 00:00:00-05:00,1.7426714442415498,1.7595361250681973,1.7370499286418353,1.753914475440979,497500,0.0,0.0
2019-12-26 00:00:00-05:00,1.7550470829010008,1.766369956856803,1.7493856459230996,1.755047082901001,395000,0.022,0.0
2019-12-27 00:00:00-05:00,1.7493855953216553,1.7607084689499404,1.7380627216933702,1.7493855953216553,388900,0.0,0.0
2019-12-30 00:00:00-05:00,1.7550470829010008,1.7607085198789019,1.7437242089451985,1.755047082901001,292800,0.0,0.0
2019-12-31 00:00:00-05:00,1.7493856459230996,1.7550470829010008,1.7493856459230996,1.755047082901001,356300,0.0,0.0
2020-01-02 00:00:00-05:00,1.7493855777564624,1.7663698880283543,1.7493855777564624,1.7607084512710571,783600,0.0,0.0
2020-01-03 00:00:00-05:00,1.7493855777564624,1.7663698880283543,1.7493855777564624,1.7607084512710571,2899800,0.0,0.0
2020-01-06 00:00:00-05:00,1.7607084689499404,1.7607084689499404,1.7493855953216553,1.7493855953216553,453500,0.0,0.0
2020-01-07 00:00:00-05:00,1.749385391963743,1.7720312715671358,1.749385391963743,1.7663697004318237,272700,0.0,0.0
2020-01-08 00:00:00-05:00,1.7550473356981675,1.772031784057617,1.7550473356981675,1.7720317840576172,178900,0.0,0.0
2020-01-09 00:00:00-05:00,1.7720312715671358,1.7720312715671358,1.7663697004318237,1.7663697004318237,168300,0.0,0.0
2020-01-10 00:00:00-05:00,1.772031120707179,1.7776925563812256,1.7663695500538585,1.7776925563812256,152600,0.0,0.0
2020-01-13 00:00:00-05:00,1.7776925563812256,1.7833539920552723,1.772031120707179,1.7776925563812256,184000,0.0,0.0
2020-01-14 00:00:00-05:00,1.7776927269525937,1.7833541631698608,1.7720312907353266,1.7833541631698608,135400,0.0,0.0
2020-01-15 00:00:00-05:00,1.772031784057617,1.7776932218509922,1.772031784057617,1.7720317840576172,178300,0.0,0.0
2020-01-16 00:00:00-05:00,1.7776927269525937,1.7833541631698608,1.7720312907353266,1.7833541631698608,125800,0.0,0.0
2020-01-17 00:00:00-05:00,1.7833541631698608,1.789015599387128,1.7776927269525937,1.7833541631698608,575600,0.0,0.0
2020-01-21 00:00:00-05:00,1.7776927269525937,1.789015599387128,1.7776927269525937,1.7833541631698608,217800,0.0,0.0
2020-01-22 00:00:00-05:00,1.7833539920552723,1.789015427729319,1.7776925563812256,1.7776925563812256,400800,0.0,0.0
2020-01-23 00:00:00-05:00,1.7833539920552723,1.7833539920552723,1.772031120707179,1.7776925563812256,751800,0.0,0.0
2020-01-24 00:00:00-05:00,1.772031784057617,1.7833546596443672,1.7663702112849178,1.7720317840576172,603600,0.0,0.0
2020-01-27 00:00:00-05:00,1.7663698880283543,1.7720314597649511,1.760708451271057,1.7607084512710571,282700,0.0,0.0
2020-01-28 00:00:00-05:00,1.760708283321506,1.7833541631698608,1.760708283321506,1.7833541631698608,268800,0.0,0.0
2020-01-29 00:00:00-05:00,1.7776925563812256,1.7833539920552723,1.7776925563812256,1.7776925563812256,203800,0.0,0.0
2020-01-30 00:00:00-05:00,1.7776932218509922,1.7890160974377423,1.7663702112849178,1.7720317840576172,1475900,0.0,0.0
2020-01-31 00:00:00-05:00,1.772031784057617,1.7833546596443672,1.7607087734915428,1.7720317840576172,900500,0.0,0.0
2020-02-03 00:00:00-05:00,1.7720313416097908,1.7890156507492063,1.7663697702506953,1.7890156507492065,1128900,0.0,0.0
2020-02-04 00:00:00-05:00,1.7833536729600108,1.8003379769431513,1.777692238298964,1.7946765422821045,4759700,0.0,0.0
2020-02-05 00:00:00-05:00,1.8015180736418617,1.8129200755826735,1.784415070730644,1.7901160717010498,7601500,0.022,0.0
2020-02-06 00:00:00-05:00,1.7901160717010498,1.8015180736418617,1.7901160717010498,1.7901160717010498,390700,0.0,0.0
2020-02-07 00:00:00-05:00,1.7844139498927158,1.8015169420610886,1.7844139498927158,1.7958159446716309,442500,0.0,0.0
2020-02-10 00:00:00-05:00,1.7958180322762622,1.8015190362930298,1.7958180322762622,1.8015190362930298,105800,0.0,0.0
2020-02-11 00:00:00-05:00,1.8015169420610886,1.807217939450546,1.795815944671631,1.7958159446716309,399900,0.0,0.0
2020-02-12 00:00:00-05:00,1.7958170726714557,1.8072190746122676,1.7901160717010498,1.7901160717010498,606400,0.0,0.0
2020-02-13 00:00:00-05:00,1.7901149472821734,1.8015169420610886,1.7901149472821734,1.7958159446716309,428500,0.0,0.0
2020-02-14 00:00:00-05:00,1.7958180322762622,1.807220040309797,1.790117028259495,1.8015190362930298,761800,0.0,0.0
2020-02-18 00:00:00-05:00,1.795815944671631,1.807217939450546,1.795815944671631,1.7958159446716309,404200,0.0,0.0
2020-02-19 00:00:00-05:00,1.801517314648632,1.8129193117856939,1.795816316080101,1.807218313217163,732300,0.0,0.0
2020-02-20 00:00:00-05:00,1.807218736006259,1.812919735908508,1.8015177361040098,1.8129197359085083,907300,0.0,0.0
2020-02-21 00:00:00-05:00,1.812919735908508,1.812919735908508,1.7958167362017607,1.8129197359085083,762000,0.0,0.0
2020-02-24 00:00:00-05:00,1.8015180814774907,1.8015180814774907,1.7730129405788946,1.7787139415740967,833200,0.0,0.0
2020-02-25 00:00:00-05:00,1.7901156299140721,1.7901156299140721,1.7502084970474243,1.7502084970474243,1497900,0.0,0.0
2020-02-26 00:00:00-05:00,1.7559101024809842,1.7673121055420868,1.7502091009504328,1.7616111040115356,760900,0.0,0.0
2020-02-27 00:00:00-05:00,1.7445086105288967,1.7502096137297374,1.7046015881230119,1.7103025913238525,631100,0.0,0.0
2020-02-28 00:00:00-05:00,1.6760962504917591,1.6931992568123757,1.6532922420642704,1.6589932441711426,1104200,0.0,0.0
2020-03-02 00:00:00-05:00,1.6532919748754817,1.710301986730806,1.641889972504417,1.6988999843597412,1506400,0.0,0.0
2020-03-03 00:00:00-05:00,1.710301986730806,1.7217039891018708,1.6988999843597412,1.6988999843597412,222600,0.0,0.0
2020-03-04 00:00:00-05:00,1.704600477269635,1.7445074736689437,1.704600477269635,1.7274044752120972,1769400,0.0,0.0
2020-03-05 00:00:00-05:00,1.7217039891018708,1.7217039891018708,1.6874979819886764,1.6988999843597412,897100,0.0,0.0
2020-03-06 00:00:00-05:00,1.6874974184690343,1.6931984177507862,1.6532914227785243,1.6703944206237793,876600,0.0,0.0
2020-03-09 00:00:00-04:00,1.3169324010673031,1.5563747052332055,1.3169324010673031,1.527869701385498,1432400,0.0,0.0
2020-03-10 00:00:00-04:00,1.5692570094982425,1.5750051981501632,1.4772858540198843,1.5520124435424805,1486200,0.022,0.0
2020-03-11 00:00:00-04:00,1.5290192209425777,1.5290192209425777,1.4887817756471198,1.4945299625396729,1943700,0.0,0.0
2020-03-12 00:00:00-04:00,1.4140551370877859,1.4255515091740631,1.310587651263723,1.3680696487426758,1057900,0.0,0.0
2020-03-13 00:00:00-04:00,1.3680697394198376,1.46578890863013,1.3508250430998585,1.4542925357818604,1895200,0.0,0.0
2020-03-16 00:00:00-04:00,1.3393288371175949,1.368069909866673,1.2358614685922438,1.2875951528549194,1446900,0.0,0.0
2020-03-17 00:00:00-04:00,1.2933432041763406,1.339328696469608,1.2646022714930487,1.310587763786316,932400,0.0,0.0
2020-03-18 00:00:00-04:00,1.2186170143602872,1.2358617162849725,1.0404230402496522,1.0864086151123047,1131600,0.0,0.0
2020-03-19 00:00:00-04:00,1.0346746725903124,1.1438903682594952,0.9829409869274551,1.0979048013687134,1001200,0.0,0.0
2020-03-20 00:00:00-04:00,1.1323941241522044,1.2071205676091947,1.1208977482357443,1.1438905000686646,454000,0.0,0.0
2020-03-23 00:00:00-04:00,1.0691639590148498,1.1151495299540426,1.023178388075657,1.0346747636795044,1386700,0.0,0.0
2020-03-24 00:00:00-04:00,1.1094005552942248,1.189875200937827,1.0979041871342472,1.1323933601379395,1409900,0.0,0.0
2020-03-25 00:00:00-04:00,1.1668827728652085,1.3910622852997567,1.14389003047142,1.2646020650863647,1128300,0.0,0.0
2020-03-26 00:00:00-04:00,1.2646029534518752,1.3105884705436213,1.2588547638154068,1.2933439016342163,1152100,0.0,0.0
2020-03-27 00:00:00-04:00,1.2760985904413622,1.2875949630270669,1.2301131000985437,1.2588540315628052,1665400,0.0,0.0
2020-03-30 00:00:00-04:00,1.2531058984197319,1.310587763786316,1.2473577118830734,1.310587763786316,639900,0.0,0.0
2020-03-31 00:00:00-04:00,1.2875951686305835,1.3393288535271022,1.2875951686305835,1.3048397302627563,811500,0.0,0.0
2020-04-01 00:00:00-04:00,1.2760987460137585,1.2818469330073867,1.235861437058361,1.2531059980392456,868700,0.0,0.0
2020-04-02 00:00:00-04:00,1.253105845269953,1.2875949630270669,1.2416094726842484,1.2588540315628052,829900,0.0,0.0
2020-04-03 00:00:00-04:00,1.2473580627205665,1.2760990034876636,1.189876044138756,1.1956242322921753,863300,0.0,0.0
2020-04-06 00:00:00-04:00,1.218616572279124,1.2646021989832432,1.2128683860720553,1.2416094541549683,1726500,0.0,0.0
2020-04-07 00:00:00-04:00,1.2646022030271409,1.2990913203798413,1.2646022030271409,1.2818467617034912,343000,0.0,0.0
2020-04-08 00:00:00-04:00,1.2888136927908822,1.4049230606700203,1.2772027698442803,1.3526737689971924,580200,0.022,0.0
2020-04-09 00:00:00-04:00,1.3817012391863188,1.4803940859759688,1.3817012391863188,1.428144931793213,695100,0.0,0.0
2020-04-13 00:00:00-04:00,1.4397560837052128,1.4397560837052128,1.341063082821286,1.3758958578109741,539100,0.0,0.0
2020-04-14 00:00:00-04:00,1.4049226278722018,1.480393603775667,1.4049226278722018,1.4513663053512573,415800,0.0,0.0
2020-04-15 00:00:00-04:00,1.4107280875570838,1.4513663053512573,1.3933117085024378,1.4513663053512573,324900,0.0,0.0
2020-04-16 00:00:00-04:00,1.4339504547710065,1.439755916595459,1.3817012983509356,1.439755916595459,733300,0.0,0.0
2020-04-17 00:00:00-04:00,1.4629777638932682,1.4687832257177207,1.4339504547710065,1.439755916595459,920400,0.0,0.0
2020-04-20 00:00:00-04:00,1.428144497838823,1.4455608772742867,1.3875062791560744,1.3933117389678955,1548900,0.0,0.0
2020-04-21 00:00:00-04:00,1.3758957669523408,1.3817013674803875,1.3410629942628691,1.358479380607605,992700,0.0,0.0
2020-04-22 00:00:00-04:00,1.3758956048598565,1.3991175889968872,1.3700901434288786,1.3991175889968872,694400,0.0,0.0
2020-04-23 00:00:00-04:00,1.3875065789896592,1.4107284232550743,1.3875065789896592,1.4049229621887207,777200,0.0,0.0
2020-04-24 00:00:00-04:00,1.4107281184033593,1.4107281184033593,1.375895221119352,1.3933117389678955,1349600,0.0,0.0
2020-04-27 00:00:00-04:00,1.4049229877100826,1.4107284488818965,1.3817011430228272,1.3875066041946411,1390400,0.0,0.0
2020-04-28 00:00:00-04:00,1.387506093993443,1.4107279301417748,1.3758950375062156,1.3817006349563599,940100,0.0,0.0
2020-04-29 00:00:00-04:00,1.3875066661349311,1.3991175889968872,1.381701204703953,1.3991175889968872,1156300,0.0,0.0
2020-04-30 00:00:00-04:00,1.3875066661349311,1.3991175889968872,1.3700901434288786,1.3991175889968872,1047400,0.0,0.0
2020-05-01 00:00:00-04:00,1.38170091522875,1.387506375443447,1.3642843961715698,1.3642843961715698,784900,0.0,0.0
2020-05-04 00:00:00-04:00,1.3700897613075307,1.3933117389678955,1.352673381872067,1.3933117389678955,734200,0.0,0.0
2020-05-05 00:00:00-04:00,1.3991175265382687,1.4165339100537104,1.3817011430228272,1.3875066041946411,1409500,0.0,0.0
2020-05-06 00:00:00-04:00,1.3875066041946411,1.4049229877100826,1.370090082266087,1.3875066041946411,907000,0.0,0.0
2020-05-07 00:00:00-04:00,1.3875062791560744,1.4107281184033593,1.3875062791560744,1.3933117389678955,1280400,0.0,0.0
2020-05-08 00:00:00-04:00,1.4003423759324483,1.4062015432085855,1.3769055671343329,1.394483208656311,1724300,0.022,0.0
2020-05-11 00:00:00-04:00,1.3827654123306274,1.394483892321618,1.3827654123306274,1.3827654123306274,1066400,0.0,0.0
2020-05-12 00:00:00-04:00,1.388623901686607,1.4179198777608597,1.388623901686607,1.394483208656311,1615500,0.0,0.0
2020-05-13 00:00:00-04:00,1.394483892321618,1.4179205729163282,1.3769062421819498,1.3827654123306274,2218600,0.0,0.0
2020-05-14 00:00:00-04:00,1.3769062421819498,1.3827654123306274,1.347610391438562,1.3827654123306274,1631600,0.0,0.0
2020-05-15 00:00:00-04:00,1.3651883116568122,1.3827658273788772,1.353469967842102,1.353469967842102,3627800,0.0,0.0
2020-05-18 00:00:00-04:00,1.3710468366670783,1.4003428220748901,1.3710468366670783,1.4003428220748901,2750900,0.0,0.0
2020-05-19 00:00:00-04:00,1.388623901686607,1.4120607104847227,1.3827647344104699,1.394483208656311,2826700,0.0,0.0
2020-05-20 00:00:00-04:00,1.3944840258179667,1.423779879365897,1.3944840258179667,1.417920708656311,1861700,0.0,0.0
2020-05-21 00:00:00-04:00,1.4120610311868733,1.435497705614274,1.4120610311868733,1.4237793684005737,1075800,0.0,0.0
2020-05-22 00:00:00-04:00,1.417919695102137,1.441356361187536,1.417919695102137,1.4296380281448364,451200,0.0,0.0
2020-05-26 00:00:00-04:00,1.453075202506395,1.4647935396480922,1.4472160339355467,1.4472160339355469,305800,0.0,0.0
2020-05-27 00:00:00-04:00,1.4589346514734836,1.4823713302612305,1.4589346514734836,1.4823713302612305,733200,0.0,0.0
2020-05-28 00:00:00-04:00,1.499948263168335,1.5233849329532199,1.4940890957221138,1.499948263168335,2735700,0.0,0.0
2020-05-29 00:00:00-04:00,1.494089442304347,1.5233852863311768,1.494089442304347,1.5233852863311768,1410100,0.0,0.0
2020-06-01 00:00:00-04:00,1.517526823924994,1.540963649749756,1.5058084808594472,1.5409636497497559,2063200,0.0,0.0
2020-06-02 00:00:00-04:00,1.5351044825938454,1.5819779989488103,1.5351044825938454,1.57611882686615,1468600,0.0,0.0
2020-06-03 00:00:00-04:00,1.5819779989488103,1.5995555151967915,1.57611882686615,1.57611882686615,1437400,0.0,0.0
2020-06-04 00:00:00-04:00,1.5702596547834895,1.5819779989488103,1.552682138535508,1.57611882686615,1869000,0.0,0.0
2020-06-05 00:00:00-04:00,1.5936961371681777,1.6112736511446983,1.5644002805406432,1.57025945186615,2174800,0.0,0.0
2020-06-08 00:00:00-04:00,1.5702585791715817,1.6112727556558915,1.5702585791715817,1.599554419517517,2422800,0.0,0.0
2020-06-09 00:00:00-04:00,1.6054142883262146,1.6054142883262146,1.570259264566446,1.5819776058197021,1743300,0.0,0.0
2020-06-10 00:00:00-04:00,1.5831594299352474,1.6008813465100373,1.5595302078355273,1.5949740409851074,2629200,0.022,0.0
2020-06-11 00:00:00-04:00,1.5359002535241804,1.5477148600250417,1.5063637372720267,1.5181783437728882,1807200,0.0,0.0
2020-06-12 00:00:00-04:00,1.5418073041884448,1.553622049594978,1.5063634904924337,1.529992699623108,2995600,0.0,0.0
2020-06-15 00:00:00-04:00,1.5063634904924337,1.5418073041884448,1.4886415836444282,1.529992699623108,3635800,0.0,0.0
2020-06-16 00:00:00-04:00,1.5595293518776465,1.577251258725652,1.5240853973404394,1.529992699623108,3482400,0.0,0.0
2020-06-17 00:00:00-04:00,1.5359002291537873,1.5536222794650998,1.5181783196836918,1.5418075323104858,2277400,0.0,0.0
2020-06-18 00:00:00-04:00,1.535900431560364,1.5536224842071533,1.5299931276251793,1.5536224842071533,1613400,0.0,0.0
2020-06-19 00:00:00-04:00,1.5595292161956444,1.5713438197330885,1.5358998682795724,1.5477144718170166,1605700,0.0,0.0
2020-06-22 00:00:00-04:00,1.5536226624408,1.5536226624408,1.5181786939222777,1.5240859985351562,2464800,0.0,0.0
2020-06-23 00:00:00-04:00,1.5358998682795724,1.5477144718170166,1.5240852647421284,1.5477144718170166,3224400,0.0,0.0
2020-06-24 00:00:00-04:00,1.5418072990203748,1.5418072990203748,1.5122707877060373,1.5358999967575073,2615800,0.0,0.0
2020-06-25 00:00:00-04:00,1.5359002291537873,1.5477148354671844,1.512271016526993,1.5418075323104858,2183600,0.0,0.0
2020-06-26 00:00:00-04:00,1.5418071983973147,1.5418071983973147,1.5122706890106201,1.5122706890106201,803900,0.0,0.0
2020-06-29 00:00:00-04:00,1.5122710652766709,1.5240856719709244,1.482734548541037,1.4945491552352905,2858900,0.0,0.0
2020-06-30 00:00:00-04:00,1.4886414815012645,1.5181779908879591,1.4886414815012645,1.5122706890106201,939800,0.0,0.0
2020-07-01 00:00:00-04:00,1.5122710405224573,1.5299929502737495,1.5122710405224573,1.5181783437728882,1759600,0.0,0.0
2020-07-02 00:00:00-04:00,1.5299929259970888,1.5418075323104858,1.5240856228403903,1.5418075323104858,1689300,0.0,0.0
2020-07-06 00:00:00-04:00,1.5536229439466267,1.5654375553131104,1.5418081917388662,1.5654375553131104,2347800,0.0,0.0
2020-07-07 00:00:00-04:00,1.5477148354671844,1.5595295826217983,1.5359002291537873,1.5418075323104858,1335200,0.0,0.0
2020-07-08 00:00:00-04:00,1.5429986882506184,1.5608712434768677,1.525126133024369,1.5608712434768677,2972500,0.022,0.0
2020-07-09 00:00:00-04:00,1.5489559305551537,1.5608709652487764,1.513210826474285,1.5251258611679077,2987500,0.0,0.0
2020-07-10 00:00:00-04:00,1.5251258611679077,1.542998413208342,1.5191683438210963,1.5251258611679077,2571500,0.0,0.0
2020-07-13 00:00:00-04:00,1.531084060668945,1.5370415806700508,1.5251265406678396,1.5310840606689453,1012700,0.0,0.0
2020-07-14 00:00:00-04:00,1.5251262003000858,1.548956274986267,1.5251262003000858,1.548956274986267,1980600,0.0,0.0
2020-07-15 00:00:00-04:00,1.5489569752632237,1.5668296813964844,1.5489569752632237,1.5668296813964844,1339700,0.0,0.0
2020-07-16 00:00:00-04:00,1.5549144966281394,1.5668296813964844,1.5489569752632237,1.5668296813964844,1029500,0.0,0.0
2020-07-17 00:00:00-04:00,1.5549137250681178,1.57278642233281,1.5549137250681178,1.5608712434768677,1162500,0.0,0.0
2020-07-20 00:00:00-04:00,1.5608716262361153,1.572786808013916,1.5608716262361153,1.572786808013916,699200,0.0,0.0
2020-07-21 00:00:00-04:00,1.5668289819694377,1.5847015380859375,1.5668289819694377,1.5847015380859375,544100,0.0,0.0
2020-07-22 00:00:00-04:00,1.5727865006749377,1.5906590567914376,1.5727865006749377,1.5847015380859375,435900,0.0,0.0
2020-07-23 00:00:00-04:00,1.5847015037548022,1.5966165409076736,1.5727864666019309,1.5906590223312378,1094500,0.0,0.0
2020-07-24 00:00:00-04:00,1.5847019429585443,1.608532023868848,1.5847019429585443,1.5966169834136963,1133900,0.0,0.0
2020-07-27 00:00:00-04:00,1.6025740594841091,1.6144890966369805,1.5847015037548022,1.5906590223312378,886800,0.0,0.0
2020-07-28 00:00:00-04:00,1.5847023418330446,1.6085324287414553,1.5847023418330446,1.608532428741455,1299900,0.0,0.0
2020-07-29 00:00:00-04:00,1.6085319285959332,1.6383195279695013,1.6025744087212195,1.6323620080947876,409800,0.0,0.0
2020-07-30 00:00:00-04:00,1.6264039278030396,1.6323614456249456,1.6144888921592278,1.6264039278030396,1523200,0.0,0.0
2020-07-31 00:00:00-04:00,1.6264039278030396,1.6383189634468516,1.6085313743373217,1.6264039278030396,1413500,0.0,0.0
2020-08-03 00:00:00-04:00,1.6264043345074697,1.6442768924424627,1.6264043345074697,1.6383193731307983,798200,0.0,0.0
2020-08-04 00:00:00-04:00,1.6323617844459652,1.6502343416213987,1.6323617844459652,1.650234341621399,1043200,0.0,0.0
2020-08-05 00:00:00-04:00,1.644276822562921,1.6681068987968322,1.644276822562921,1.650234341621399,1392700,0.0,0.0
2020-08-06 00:00:00-04:00,1.651435780172154,1.6694514260475024,1.645430564880371,1.645430564880371,1616800,0.022,0.0
2020-08-07 00:00:00-04:00,1.651435780172154,1.651435780172154,1.6394253495885884,1.645430564880371,148800,0.0,0.0
2020-08-10 00:00:00-04:00,1.6394254679615452,1.6754567623138428,1.6394254679615452,1.6754567623138428,686000,0.0,0.0
2020-08-11 00:00:00-04:00,1.6814620746023543,1.6814620746023543,1.6634464263916016,1.6634464263916016,468000,0.0,0.0
2020-08-12 00:00:00-04:00,1.6694518327713013,1.6814622662809344,1.6634466160164845,1.6694518327713013,435000,0.0,0.0
2020-08-13 00:00:00-04:00,1.6754558226187852,1.6814610349760888,1.6514349731895714,1.657440185546875,1752600,0.0,0.0
2020-08-14 00:00:00-04:00,1.6634464263916016,1.6634464263916016,1.6454307781808488,1.6634464263916016,971600,0.0,0.0
2020-08-17 00:00:00-04:00,1.6634464263916016,1.6754568585321035,1.6514359942510997,1.6634464263916016,1621400,0.0,0.0
2020-08-18 00:00:00-04:00,1.657441115137694,1.6814619780392257,1.657441115137694,1.6754567623138428,1638100,0.0,0.0
2020-08-19 00:00:00-04:00,1.6754570495261178,1.6814622662809344,1.6634466160164845,1.6694518327713013,2203600,0.0,0.0
2020-08-20 00:00:00-04:00,1.6694516424618526,1.6694516424618526,1.6574412103213507,1.6634464263916016,1596100,0.0,0.0
2020-08-21 00:00:00-04:00,1.6694506102614817,1.6754558226187852,1.6574401855468748,1.657440185546875,1247700,0.0,0.0
2020-08-24 00:00:00-04:00,1.6634462587798706,1.6694514742450255,1.6394253969192505,1.6394253969192505,2685000,0.0,0.0
2020-08-25 00:00:00-04:00,1.645430564880371,1.6634462107557195,1.6394253495885884,1.645430564880371,1601900,0.0,0.0
2020-08-26 00:00:00-04:00,1.6514352560043335,1.663445682775773,1.6454300426186137,1.6514352560043335,1512000,0.0,0.0
2020-08-27 00:00:00-04:00,1.6574412103213507,1.6634464263916016,1.6514359942510997,1.6634464263916016,415500,0.0,0.0
2020-08-28 00:00:00-04:00,1.6514349731895714,1.6694506102614817,1.6514349731895714,1.657440185546875,1326800,0.0,0.0
2020-08-31 00:00:00-04:00,1.6574409954639366,1.6634462107557195,1.6394253495885884,1.645430564880371,943200,0.0,0.0
2020-09-01 00:00:00-04:00,1.6454306836869281,1.6754567623138428,1.6454306836869281,1.6754567623138428,1480000,0.0,0.0
2020-09-02 00:00:00-04:00,1.6754567623138428,1.6754567623138428,1.6694515465884598,1.6754567623138428,100600,0.0,0.0
2020-09-03 00:00:00-04:00,1.6634464263916016,1.6754568585321035,1.6574412103213507,1.6634464263916016,195000,0.0,0.0
2020-09-04 00:00:00-04:00,1.6574404693900533,1.663445682775773,1.633419615847174,1.6514352560043335,872400,0.0,0.0
2020-09-08 00:00:00-04:00,1.6454306123844056,1.6454306123844056,1.6154045350586306,1.6394253969192505,976600,0.0,0.0
2020-09-09 00:00:00-04:00,1.6466902131745569,1.6587982177734375,1.6345822085756765,1.6587982177734375,487000,0.022,0.0
2020-09-10 00:00:00-04:00,1.664852220072878,1.6709062223723181,1.6527442154739973,1.6587982177734375,2141600,0.0,0.0
2020-09-11 00:00:00-04:00,1.6587976652140242,1.6648516654968262,1.6466896646484201,1.6648516654968262,1193400,0.0,0.0
2020-09-14 00:00:00-04:00,1.664852220072878,1.6709062223723181,1.6527442154739973,1.6587982177734375,2702500,0.0,0.0
2020-09-15 00:00:00-04:00,1.6648523435857912,1.6769603490829466,1.6587983408372136,1.6769603490829468,1699700,0.0,0.0
2020-09-16 00:00:00-04:00,1.6709063095672392,1.68906831741333,1.6709063095672392,1.68906831741333,2109100,0.0,0.0
2020-09-17 00:00:00-04:00,1.6769604708281838,1.695122480392456,1.6769604708281838,1.695122480392456,839600,0.0,0.0
2020-09-18 00:00:00-04:00,1.6890682761108198,1.7011762810454718,1.6769602711761675,1.6830142736434937,3241200,0.0,0.0
2020-09-21 00:00:00-04:00,1.670905665779628,1.67695966606243,1.6587976652140242,1.6648516654968262,2814700,0.0,0.0
2020-09-22 00:00:00-04:00,1.6709062687088416,1.6830142736434937,1.6709062687088416,1.6830142736434937,1386100,0.0,0.0
2020-09-23 00:00:00-04:00,1.683014385878639,1.683014385878639,1.6406363657812946,1.6466903686523438,515500,0.0,0.0
2020-09-24 00:00:00-04:00,1.652744371523393,1.6587983743944423,1.6406363657812946,1.6466903686523438,645100,0.0,0.0
2020-09-25 00:00:00-04:00,1.6466903276026388,1.6527443303227702,1.634582322162376,1.6406363248825073,2136800,0.0,0.0
2020-09-28 00:00:00-04:00,1.6466902131745569,1.664852220072878,1.6466902131745569,1.6587982177734375,2838000,0.0,0.0
2020-09-29 00:00:00-04:00,1.664852220072878,1.664852220072878,1.6527442154739973,1.6587982177734375,1225300,0.0,0.0
2020-09-30 00:00:00-04:00,1.6648523357630327,1.6709063384831642,1.6406363248825075,1.6406363248825073,2563000,0.0,0.0
2020-10-01 00:00:00-04:00,1.6466903686523438,1.6587983743944423,1.6466903686523438,1.6466903686523438,837800,0.0,0.0
2020-10-02 00:00:00-04:00,1.6466902131745569,1.6587982177734375,1.6345822085756765,1.6587982177734375,1486500,0.0,0.0
2020-10-05 00:00:00-04:00,1.6648516654968262,1.67695966606243,1.6587976652140242,1.6648516654968262,1905900,0.0,0.0
2020-10-06 00:00:00-04:00,1.6648516654968262,1.683013666345232,1.6587976652140242,1.6648516654968262,2375500,0.0,0.0
2020-10-07 00:00:00-04:00,1.6769602711761675,1.695122278578146,1.6709062687088416,1.6830142736434937,1159400,0.0,0.0
2020-10-08 00:00:00-04:00,1.6964382792099928,1.714745149844732,1.6842336987868334,1.690335988998413,3232700,0.022,0.0
2020-10-09 00:00:00-04:00,1.6964382456480154,1.708642825829722,1.6842336654663086,1.6842336654663086,3892300,0.0,0.0
2020-10-12 00:00:00-04:00,1.6903369724429165,1.7025415599667515,1.6903369724429165,1.696439266204834,1680000,0.0,0.0
2020-10-13 00:00:00-04:00,1.6964388143907174,1.7025411065274059,1.678131937980652,1.6781319379806519,1956000,0.0,0.0
2020-10-14 00:00:00-04:00,1.6842342301173405,1.6964388143907174,1.6720296458439636,1.6781319379806519,2326700,0.0,0.0
2020-10-15 00:00:00-04:00,1.6659276181174298,1.6781322043278757,1.659825325012207,1.659825325012207,1300300,0.0,0.0
2020-10-16 00:00:00-04:00,1.6659276181174298,1.6781322043278757,1.653723031906984,1.659825325012207,2272400,0.0,0.0
2020-10-19 00:00:00-04:00,1.6598253532523233,1.6781322328794634,1.6354161804161365,1.641518473625183,2939100,0.0,0.0
2020-10-20 00:00:00-04:00,1.6476211225921777,1.6659280061721802,1.6415188280655102,1.6659280061721802,3074400,0.0,0.0
2020-10-21 00:00:00-04:00,1.6659280061721802,1.6720303006988477,1.6537234171188453,1.6659280061721802,2132200,0.0,0.0
2020-10-22 00:00:00-04:00,1.665927587465996,1.6781321734518893,1.6537230014801025,1.6537230014801025,2002200,0.0,0.0
2020-10-23 00:00:00-04:00,1.6598252944730494,1.6720298804589426,1.6537230014801025,1.6537230014801025,1313400,0.0,0.0
2020-10-26 00:00:00-04:00,1.6598253532523233,1.6659276464613701,1.6354161804161365,1.641518473625183,2548300,0.0,0.0
2020-10-27 00:00:00-04:00,1.647620708487156,1.6537230014801025,1.6415184154942093,1.6537230014801025,1991900,0.0,0.0
2020-10-28 00:00:00-04:00,1.6476204644092611,1.6476204644092611,1.6293135881423952,1.629313588142395,1499100,0.0,0.0
2020-10-29 00:00:00-04:00,1.6293138594860925,1.659825325012207,1.6293138594860925,1.659825325012207,1732800,0.0,0.0
2020-10-30 00:00:00-04:00,1.6598253837999963,1.6598253837999963,1.6415185038359335,1.6476207971572876,179800,0.0,0.0
2020-11-02 00:00:00-05:00,1.6537234171188453,1.6720303006988477,1.6537234171188453,1.6659280061721802,2411200,0.0,0.0
2020-11-03 00:00:00-05:00,1.665926828152094,1.6964382792099928,1.665926828152094,1.690335988998413,2062800,0.0,0.0
2020-11-04 00:00:00-05:00,1.7025417380780241,1.7086440324783325,1.6964394436777155,1.7086440324783325,1653800,0.0,0.0
2020-11-05 00:00:00-05:00,1.71602463722229,1.7344764976970903,1.7098740170640234,1.71602463722229,2213000,0.022,0.0
2020-11-06 00:00:00-05:00,1.71602463722229,1.7221752573805569,1.7037233969057566,1.71602463722229,2577300,0.0,0.0
2020-11-09 00:00:00-05:00,1.7344764976970903,1.7467777380136238,1.7098740170640234,1.71602463722229,2898500,0.0,0.0
2020-11-10 00:00:00-05:00,1.7283258775388235,1.7283258775388235,1.7098740170640234,1.71602463722229,2021100,0.0,0.0
2020-11-11 00:00:00-05:00,1.7221752573805569,1.7221752573805569,1.7098740170640234,1.71602463722229,940900,0.0,0.0
2020-11-12 00:00:00-05:00,1.7160241006227317,1.740626573562622,1.7160241006227317,1.740626573562622,1350300,0.0,0.0
2020-11-13 00:00:00-05:00,1.7406270173820497,1.759078876791763,1.7406270173820497,1.7529282569885254,2857400,0.0,0.0
2020-11-16 00:00:00-05:00,1.7529287157072806,1.765229958532832,1.7467780942945048,1.7590793371200562,2193200,0.0,0.0
2020-11-17 00:00:00-05:00,1.7590781311255177,1.7652287483215332,1.7406262795374712,1.7652287483215332,3299200,0.0,0.0
2020-11-18 00:00:00-05:00,1.765230114079151,1.7898327485405394,1.765230114079151,1.7775315046310425,3697700,0.0,0.0
2020-11-19 00:00:00-05:00,1.7775299284970176,1.7959817780000262,1.7713793119960146,1.7898311614990234,1541700,0.0,0.0
2020-11-20 00:00:00-05:00,1.7898323192218086,1.8021335601806643,1.7836816987423807,1.802133560180664,1058800,0.0,0.0
2020-11-23 00:00:00-05:00,1.802132772442272,1.8328858613967896,1.802132772442272,1.8328858613967896,1129500,0.0,0.0
2020-11-24 00:00:00-05:00,1.8328863763209242,1.8820913324716058,1.8328863763209242,1.8636394739151,2382000,0.0,0.0
2020-11-25 00:00:00-05:00,1.8697902297645987,1.8759408497318897,1.8513383698627262,1.857488989830017,3101300,0.0,0.0
2020-11-27 00:00:00-05:00,1.857488903394142,1.8636395230752216,1.8451876640319824,1.8451876640319824,1258300,0.0,0.0
2020-11-30 00:00:00-05:00,1.8513383865356445,1.8513383865356445,1.814434666399549,1.8513383865356445,2749300,0.0,0.0
2020-12-01 00:00:00-05:00,1.8574890065583272,1.8697902466036922,1.8390371464902793,1.8513383865356445,2080700,0.0,0.0
2020-12-02 00:00:00-05:00,1.845187766512962,1.8574890065583272,1.8390371464902793,1.8513383865356445,1395900,0.0,0.0
2020-12-03 00:00:00-05:00,1.8587725155544121,1.8587725155544121,1.840184808125504,1.8463807106018066,855300,0.022,0.0
2020-12-04 00:00:00-05:00,1.846380948569935,1.8587727551196402,1.8339891420202297,1.8525768518447876,925800,0.0,0.0
2020-12-07 00:00:00-05:00,1.8587726356162193,1.8587726356162193,1.833989024110186,1.8401849269866943,702500,0.0,0.0
2020-12-08 00:00:00-05:00,1.833989024110186,1.8463808298632025,1.8277931212336775,1.8401849269866943,1556900,0.0,0.0
2020-12-09 00:00:00-05:00,1.8401862564018694,1.8463821637545188,1.8154026269912718,1.815402626991272,1103900,0.0,0.0
2020-12-10 00:00:00-05:00,1.8215975748766011,1.8339893830549177,1.8215975748766011,1.8277934789657593,535600,0.0,0.0
2020-12-11 00:00:00-05:00,1.8277937153183876,1.846381429989446,1.8277937153183876,1.8339896202087402,950000,0.0,0.0
2020-12-14 00:00:00-05:00,1.8401855250990933,1.852577334879799,1.8277937153183876,1.8339896202087402,969200,0.0,0.0
2020-12-15 00:00:00-05:00,1.8339893830549177,1.8525770953223923,1.8277934789657593,1.8277934789657593,1961000,0.0,0.0
2020-12-16 00:00:00-05:00,1.8339896202087405,1.8401855250990933,1.8277937153183876,1.8339896202087402,590400,0.0,0.0
2020-12-17 00:00:00-05:00,1.8463807106018066,1.8525766130781094,1.840184808125504,1.8463807106018066,1443400,0.0,0.0
2020-12-18 00:00:00-05:00,1.852577334879799,1.852577334879799,1.8277937153183876,1.8339896202087402,1589800,0.0,0.0
2020-12-21 00:00:00-05:00,1.8277934789657593,1.8339893830549177,1.8154016707874427,1.8277934789657593,1387600,0.0,0.0
2020-12-22 00:00:00-05:00,1.8339896202087405,1.846381429989446,1.8277937153183876,1.8339896202087402,2538300,0.0,0.0
2020-12-23 00:00:00-05:00,1.8401863430383116,1.8587740659713745,1.8339904353939573,1.8587740659713745,1888900,0.0,0.0
2020-12-24 00:00:00-05:00,1.846382250682666,1.8587740659713745,1.8401863430383116,1.8587740659713745,2049500,0.0,0.0
2020-12-28 00:00:00-05:00,1.8662636248054465,1.878746981588358,1.8350552328481684,1.841296911239624,3653800,0.022,0.0
2020-12-29 00:00:00-05:00,1.8475387096405027,1.8537803884373953,1.8350553520467179,1.847538709640503,2275900,0.0,0.0
2020-12-30 00:00:00-05:00,1.8537803892241402,1.8600220680236819,1.8475387104245988,1.8600220680236816,1838600,0.0,0.0
2020-12-31 00:00:00-05:00,1.8600215951443033,1.8725049495697021,1.8350548862935057,1.8725049495697021,3546600,0.0,0.0
2021-01-04 00:00:00-05:00,1.8600220672342878,1.8662637460311802,1.8350553520467179,1.847538709640503,555400,0.0,0.0
2021-01-05 00:00:00-05:00,1.8412970308436103,1.8537803884373953,1.8288136732498255,1.847538709640503,1429800,0.0,0.0
2021-01-06 00:00:00-05:00,1.8475387096405027,1.8537803884373953,1.8350553520467179,1.847538709640503,1211600,0.0,0.0
2021-01-07 00:00:00-05:00,1.8475387096405027,1.8600220672342878,1.8412970308436103,1.847538709640503,1689500,0.0,0.0
2021-01-08 00:00:00-05:00,1.8537803892241402,1.8600220680236819,1.8412970316250574,1.8600220680236816,1456400,0.0,0.0
2021-01-11 00:00:00-05:00,1.853779673576355,1.8600213499663103,1.8412963207964443,1.853779673576355,1573100,0.0,0.0
2021-01-12 00:00:00-05:00,1.853779673576355,1.8600213499663103,1.8475379971863997,1.853779673576355,1092600,0.0,0.0
2021-01-13 00:00:00-05:00,1.8537803892241402,1.8600220680236819,1.8475387104245988,1.8600220680236816,1014900,0.0,0.0
2021-01-14 00:00:00-05:00,1.8662630263562654,1.8662630263562654,1.8412963207964443,1.853779673576355,4762700,0.0,0.0
2021-01-15 00:00:00-05:00,1.8537802680225353,1.8600219464139909,1.841296911239624,1.841296911239624,1358100,0.0,0.0
2021-01-19 00:00:00-05:00,1.853779673576355,1.8600213499663103,1.8475379971863997,1.853779673576355,210800,0.0,0.0
2021-01-20 00:00:00-05:00,1.8600211179296453,1.8662627935409548,1.8537794423183358,1.8662627935409546,357200,0.0,0.0
2021-01-21 00:00:00-05:00,1.8662627935409548,1.8725044691522643,1.8537794423183358,1.8662627935409546,3083000,0.0,0.0
2021-01-22 00:00:00-05:00,1.8600220680236819,1.8725054256227647,1.8475387104245988,1.8600220680236816,1284400,0.0,0.0
2021-01-25 00:00:00-05:00,1.8662630263562654,1.8725047027462207,1.853779673576355,1.853779673576355,354100,0.0,0.0
2021-01-26 00:00:00-05:00,1.8662637468232233,1.8662637468232233,1.8537803892241402,1.8600220680236816,211500,0.0,0.0
2021-01-27 00:00:00-05:00,1.8600220672342878,1.8600220672342878,1.8475387096405027,1.847538709640503,173100,0.0,0.0
2021-01-28 00:00:00-05:00,1.8475387096405027,1.8600220672342878,1.8475387096405027,1.847538709640503,1099500,0.0,0.0
2021-01-29 00:00:00-05:00,1.8475381062949823,1.8537797830535472,1.8288130760192873,1.828813076019287,2536900,0.0,0.0
2021-02-01 00:00:00-05:00,1.8412960731334282,1.8475377486838487,1.8288127220325874,1.8350543975830078,897100,0.0,0.0
2021-02-02 00:00:00-05:00,1.8412970316250574,1.8600220680236819,1.8412970316250574,1.8600220680236816,801600,0.0,0.0
2021-02-03 00:00:00-05:00,1.8600215951443033,1.8725049495697021,1.853779917931604,1.8725049495697021,906200,0.0,0.0
2021-02-04 00:00:00-05:00,1.8800506834549537,1.8989140501890918,1.8674751056321952,1.886338472366333,2787500,0.022,0.0
2021-02-05 00:00:00-05:00,1.8863379024947218,1.892625689506531,1.8737623284711038,1.8926256895065308,4149700,0.0,0.0
2021-02-08 00:00:00-05:00,1.8926249167666411,1.8926249167666411,1.8737615634329332,1.8800493478775024,2942300,0.0,0.0
2021-02-09 00:00:00-05:00,1.8863384021755143,1.8989139795303345,1.880050613498104,1.8989139795303345,1829400,0.0,0.0
2021-02-10 00:00:00-05:00,1.8989136982245975,1.9177770614624026,1.8989136982245975,1.9177770614624023,1010600,0.0,0.0
2021-02-11 00:00:00-05:00,1.9114894174210435,1.9366405702956315,1.8989138409837494,1.9240649938583374,3415800,0.0,0.0
2021-02-12 00:00:00-05:00,1.9240651835809353,1.9303529724195903,1.8989140282263157,1.9114896059036255,4626400,0.0,0.0
2021-02-16 00:00:00-05:00,1.9177773947422805,1.9177773947422805,1.8926262393876607,1.9114896059036255,2295200,0.0,0.0
2021-02-17 00:00:00-05:00,1.91148885192316,1.9303522109985352,1.8989132792062433,1.9303522109985352,2087900,0.0,0.0
2021-02-18 00:00:00-05:00,1.9240649938583374,1.9366405702956315,1.9114894174210435,1.9240649938583374,4587400,0.0,0.0
2021-02-19 00:00:00-05:00,1.9303527820769846,1.9429283585142785,1.8926260527651024,1.9240649938583374,3183000,0.0,0.0
2021-02-22 00:00:00-05:00,1.924065043470075,1.9366406202316284,1.9052016783277448,1.9366406202316284,2961500,0.0,0.0
2021-02-23 00:00:00-05:00,1.924065043470075,1.942928408612405,1.9114894667085216,1.9366406202316284,4442000,0.0,0.0
2021-02-24 00:00:00-05:00,1.9303528318508516,1.9366406202316284,1.9177772550892982,1.9366406202316284,4592900,0.0,0.0
2021-02-25 00:00:00-05:00,1.93663984276321,1.942927628619741,1.8548986266283078,1.8674741983413696,4701900,0.0,0.0
2021-02-26 00:00:00-05:00,1.8800503349867923,1.9240648492083376,1.8737625472408572,1.9177770614624023,5501400,0.0,0.0
2021-03-01 00:00:00-05:00,1.9240651835809353,1.9429285500969,1.9052018170649705,1.9114896059036255,4908500,0.0,0.0
2021-03-02 00:00:00-05:00,1.9177770614624026,1.9177770614624026,1.8989136982245975,1.9177770614624023,2842600,0.0,0.0
2021-03-03 00:00:00-05:00,1.9240649747705552,1.9492161273956299,1.911489398458018,1.9492161273956299,3752400,0.0,0.0
2021-03-04 00:00:00-05:00,1.9492149767677651,1.9492149767677651,1.8548982100992253,1.8800493478775024,5813200,0.0,0.0
2021-03-05 00:00:00-05:00,1.8989138409837494,1.9240649938583374,1.8674748998905144,1.9240649938583374,4686900,0.0,0.0
2021-03-08 00:00:00-05:00,1.9240651342399748,1.9429285002722052,1.880050613498104,1.8989139795303345,4283900,0.0,0.0
2021-03-09 00:00:00-05:00,1.919182318684868,1.95085196400717,1.8875126733625662,1.9255162477493286,4544600,0.022,0.0
2021-03-10 00:00:00-05:00,1.9381842613220215,1.9445181908944675,1.906514613459791,1.9381842613220215,1778000,0.0,0.0
2021-03-11 00:00:00-05:00,1.9381838275874022,1.9381838275874022,1.900180258657318,1.9128481149673462,2333600,0.0,0.0
2021-03-12 00:00:00-05:00,1.9128486939041136,1.919182623976135,1.8938469036880494,1.9065147638320923,1214600,0.0,0.0
2021-03-15 00:00:00-04:00,1.9065144605559472,1.9255162477493284,1.9065144605559472,1.9255162477493286,878500,0.0,0.0
2021-03-16 00:00:00-04:00,1.9255164021771292,1.9381842613220215,1.912848543032237,1.9381842613220215,566100,0.0,0.0
2021-03-17 00:00:00-04:00,1.9318503317495754,1.9381842613220215,1.906514613459791,1.9381842613220215,1251400,0.0,0.0
2021-03-18 00:00:00-04:00,1.9318501768137888,1.9318501768137888,1.9128483896204076,1.9255162477493286,850400,0.0,0.0
2021-03-19 00:00:00-04:00,1.9255164021771292,1.9445181908944675,1.9255164021771292,1.9381842613220215,367600,0.0,0.0
2021-03-22 00:00:00-04:00,1.9381838848546127,1.9381838848546127,1.9065142431438047,1.9318499565124512,1608000,0.0,0.0
2021-03-23 00:00:00-04:00,1.9255176269534628,1.963521228561334,1.9255176269534628,1.957187294960022,1462400,0.0,0.0
2021-03-24 00:00:00-04:00,1.9571854678338507,1.9571854678338507,1.9318497570807003,1.9445176124572754,1073700,0.0,0.0
2021-03-25 00:00:00-04:00,1.9445178131967744,1.950851741538936,1.9065142431438047,1.9318499565124512,1267900,0.0,0.0
2021-03-26 00:00:00-04:00,1.9318499565124512,1.9445178131967744,1.9255160281702897,1.9318499565124512,517200,0.0,0.0
2021-03-29 00:00:00-04:00,1.9318503317495754,1.9381842613220215,1.9255164021771292,1.9381842613220215,946200,0.0,0.0
2021-03-30 00:00:00-04:00,1.9381842613220215,1.9445181908944675,1.9255164021771292,1.9381842613220215,796100,0.0,0.0
2021-03-31 00:00:00-04:00,1.9381854941560865,1.9698551621626457,1.9381854941560865,1.957187294960022,609800,0.0,0.0
2021-04-01 00:00:00-04:00,1.9635197108970361,1.9698536396026614,1.9508518534857862,1.9698536396026611,1228300,0.0,0.0
2021-04-05 00:00:00-04:00,1.9698536396026614,1.9761875683082863,1.9635197108970361,1.9698536396026611,561900,0.0,0.0
2021-04-06 00:00:00-04:00,1.9761867626326506,1.9888547658920288,1.9635189103859831,1.9888547658920288,626500,0.0,0.0
2021-04-07 00:00:00-04:00,1.9965107440948486,1.9965107440948486,1.9709961029803793,1.9965107440948486,1009500,0.022,0.0
2021-04-08 00:00:00-04:00,1.9965107440948486,2.002889366353878,1.9837533474984386,1.9965107440948486,1316500,0.0,0.0
2021-04-09 00:00:00-04:00,1.9901316474841573,1.9965104207885864,1.9646171625797437,1.9709957838058472,1152400,0.0,0.0
2021-04-12 00:00:00-04:00,1.9709957838058472,1.9773744050319504,1.9646171625797437,1.9709957838058472,1213800,0.0,0.0
2021-04-13 00:00:00-04:00,1.9709956054202262,1.9837528467178345,1.964616984771422,1.9837528467178345,1056300,0.0,0.0
2021-04-14 00:00:00-04:00,1.9837525201564805,1.9965099114323048,1.977373900557712,1.990131139755249,437200,0.0,0.0
2021-04-15 00:00:00-04:00,1.9965099114323048,2.0092671506298423,1.990131139755249,1.990131139755249,317500,0.0,0.0
2021-04-16 00:00:00-04:00,1.9965093672462402,2.0028879851063968,1.9773733615875242,1.9773733615875244,422000,0.0,0.0
2021-04-19 00:00:00-04:00,1.9837528467178345,1.9901314673666386,1.9709956054202262,1.9837528467178345,1025300,0.0,0.0
2021-04-20 00:00:00-04:00,1.983751979447681,1.9901305973078376,1.9709947437273676,1.9773733615875244,752600,0.0,0.0
2021-04-21 00:00:00-04:00,1.977374725239409,1.9965107440948486,1.977374725239409,1.9965107440948486,930000,0.0,0.0
2021-04-22 00:00:00-04:00,1.9965093672462402,2.0028879851063968,1.9709947437273676,1.9773733615875244,1925700,0.0,0.0
2021-04-23 00:00:00-04:00,1.9773742260690303,1.9965102400937549,1.9773742260690303,1.9837528467178345,1926600,0.0,0.0
2021-04-26 00:00:00-04:00,1.9901314673666386,1.9901314673666386,1.9773742260690303,1.9837528467178345,133300,0.0,0.0
2021-04-27 00:00:00-04:00,1.990131139755249,1.990131139755249,1.9837525201564805,1.990131139755249,167700,0.0,0.0
2021-04-28 00:00:00-04:00,1.9965098217734962,2.0028884410858154,1.990131050382897,2.0028884410858154,342800,0.0,0.0
2021-04-29 00:00:00-04:00,2.002888503394871,2.015645742416382,1.996509883884116,2.015645742416382,280400,0.0,0.0
2021-04-30 00:00:00-04:00,2.0092671229056265,2.015645742416382,2.002888503394871,2.015645742416382,152600,0.0,0.0
2021-05-03 00:00:00-04:00,2.015645598824598,2.0347814559936523,2.0092669797682468,2.0347814559936523,764500,0.0,0.0
2021-05-04 00:00:00-04:00,2.0411603450775146,2.047538964977701,2.022024485376955,2.0411603450775146,1202100,0.0,0.0
2021-05-05 00:00:00-04:00,2.0475386300907905,2.0539172489477164,2.0156455358061596,2.022024154663086,1142700,0.0,0.0
2021-05-06 00:00:00-04:00,2.022024154663086,2.0475386300907905,2.0092669169492337,2.022024154663086,1676400,0.0,0.0
2021-05-07 00:00:00-04:00,2.0284032821655273,2.0475391435348436,2.0220246617090885,2.0284032821655273,655700,0.0,0.0
2021-05-10 00:00:00-04:00,2.0361109985624317,2.0425340553692823,2.01684182814188,2.0232648849487305,558700,0.022,0.0
2021-05-11 00:00:00-04:00,2.0232648849487305,2.029687941755581,2.003995561390425,2.0232648849487305,833700,0.0,0.0
2021-05-12 00:00:00-04:00,2.023264922073461,2.029687978998168,1.9911494843121706,1.9975725412368774,1077600,0.0,0.0
2021-05-13 00:00:00-04:00,2.003995919233753,2.016842188279101,1.9975728612799697,2.0104191303253174,1022600,0.0,0.0
2021-05-14 00:00:00-04:00,2.023264922073461,2.023264922073461,1.9911494843121706,1.9975725412368774,1125500,0.0,0.0
2021-05-17 00:00:00-04:00,2.003995180130005,2.010418388852593,1.9975721245451419,2.003995180130005,537000,0.0,0.0
2021-05-18 00:00:00-04:00,2.0104191303253174,2.016842188279101,2.003995919233753,2.0104191303253174,295200,0.0,0.0
2021-05-19 00:00:00-04:00,2.003995919233753,2.0104191303253174,1.9975728612799697,2.0104191303253174,368700,0.0,0.0
2021-05-20 00:00:00-04:00,2.0104184754663947,2.0296876430511475,2.0104184754663947,2.0296876430511475,1264300,0.0,0.0
2021-05-21 00:00:00-04:00,2.0296876430511475,2.0296876430511475,2.0232645871895634,2.0296876430511475,318500,0.0,0.0
2021-05-24 00:00:00-04:00,2.0296873462312823,2.0361104011535645,2.003994973404446,2.0361104011535645,439400,0.0,0.0
2021-05-25 00:00:00-04:00,2.03611052200709,2.0489566326141357,2.03611052200709,2.0489566326141357,337800,0.0,0.0
2021-05-26 00:00:00-04:00,2.0489570493623477,2.0618031625822324,2.0425339927524053,2.05538010597229,756200,0.0,0.0
2021-05-27 00:00:00-04:00,2.05537956592041,2.0618026208426916,2.0296873462312823,2.0361104011535645,1583900,0.0,0.0
2021-05-28 00:00:00-04:00,2.036110578031342,2.0618027999523636,2.016841411590576,2.016841411590576,1092600,0.0,0.0
2021-06-01 00:00:00-04:00,2.036110936142463,2.05538010597229,2.0296878795325206,2.05538010597229,901300,0.0,0.0
2021-06-02 00:00:00-04:00,2.05538010597229,2.0618031625822324,2.0425339927524053,2.05538010597229,576400,0.0,0.0
2021-06-03 00:00:00-04:00,2.0553796879176587,2.061802743221181,2.042533577310613,2.0489566326141357,916100,0.0,0.0
2021-06-04 00:00:00-04:00,2.042533460844297,2.068225680593405,2.042533460844297,2.061802625656128,360000,0.0,0.0
2021-06-07 00:00:00-04:00,2.069564143387424,2.076031525071356,2.056629380019559,2.063096761703491,873800,0.022,0.0
2021-06-08 00:00:00-04:00,2.069563589666196,2.076030969619751,2.0630962097126404,2.076030969619751,349500,0.0,0.0
2021-06-09 00:00:00-04:00,2.076031246477661,2.082498627293701,2.0566291040295406,2.069563865661621,1424400,0.0,0.0
2021-06-10 00:00:00-04:00,2.082498222304286,2.088965601862596,2.0501613245127346,2.056628704071045,854200,0.0,0.0
2021-06-11 00:00:00-04:00,2.0630961210455405,2.069563500721143,2.0436939820187336,2.050161361694336,671600,0.0,0.0
2021-06-14 00:00:00-04:00,2.0566287413699382,2.069563500721143,2.0436939820187336,2.050161361694336,648000,0.0,0.0
2021-06-15 00:00:00-04:00,2.056628704071045,2.0630960836293553,2.0501613245127346,2.056628704071045,279000,0.0,0.0
2021-06-16 00:00:00-04:00,2.063096484845581,2.069563865661621,2.0566291040295406,2.069563865661621,257600,0.0,0.0
2021-06-17 00:00:00-04:00,2.069563865661621,2.076031246477661,2.063096484845581,2.069563865661621,298900,0.0,0.0
2021-06-18 00:00:00-04:00,2.069563589666196,2.076030969619751,2.0566288297590853,2.076030969619751,384600,0.0,0.0
2021-06-21 00:00:00-04:00,2.0630962097126404,2.0824983495733065,2.0501614498055303,2.076030969619751,1146700,0.0,0.0
2021-06-22 00:00:00-04:00,2.0824987114323563,2.095433473587036,2.0824987114323563,2.095433473587036,380400,0.0,0.0
2021-06-23 00:00:00-04:00,2.0954331973205,2.101900577545166,2.088965817095833,2.101900577545166,293400,0.0,0.0
2021-06-24 00:00:00-04:00,2.101900777500541,2.1148355391803673,2.101900777500541,2.108368158340454,273800,0.0,0.0
2021-06-25 00:00:00-04:00,2.2053787332210906,2.218313493188821,2.1536395391556664,2.211846113204956,5374400,0.0,0.0
2021-06-28 00:00:00-04:00,2.2312491292349312,2.308857719513577,2.2183143641884904,2.3023903369903564,1840900,0.0,0.0
2021-06-29 00:00:00-04:00,2.3153242954299897,2.3153242954299897,2.257117872998811,2.276520013809204,828600,0.0,0.0
2021-06-30 00:00:00-04:00,2.282987921436077,2.4058683291477223,2.2700531579079612,2.3605966567993164,1959000,0.0,0.0
2021-07-01 00:00:00-04:00,2.3735317862120096,2.4382056138221864,2.2377165940360704,2.2506513595581055,1429100,0.0,0.0
2021-07-02 00:00:00-04:00,2.29592243408045,2.3088571961951376,2.2635855287937305,2.270052909851074,595000,0.0,0.0
2021-07-06 00:00:00-04:00,2.277861846308266,2.375484558931144,2.277861846308266,2.355959892272949,823800,0.022,0.0
2021-07-07 00:00:00-04:00,2.3559611660879862,2.3559611660879862,2.2908794259291887,2.2973875999450684,402400,0.0,0.0
2021-07-08 00:00:00-04:00,2.2778628486538675,2.3038955420974627,2.258338328571171,2.2713546752929688,375600,0.0,0.0
2021-07-09 00:00:00-04:00,2.2843701791543762,2.2843701791543762,2.225796640518072,2.232304811477661,270300,0.0,0.0
2021-07-12 00:00:00-04:00,2.25183038183391,2.303895773960948,2.25183038183391,2.2973875999450684,306000,0.0,0.0
2021-07-13 00:00:00-04:00,2.310403169524842,2.310403169524842,2.277862310409546,2.277862310409546,467800,0.0,0.0
2021-07-14 00:00:00-04:00,2.2973868258787236,2.303894997701783,2.264845966763427,2.277862310409546,604400,0.0,0.0
2021-07-15 00:00:00-04:00,2.2843701791543762,2.2843701791543762,2.232304811477661,2.232304811477661,605000,0.0,0.0
2021-07-16 00:00:00-04:00,2.238813463876909,2.2518298085951525,2.206272602081299,2.206272602081299,423100,0.0,0.0
2021-07-19 00:00:00-04:00,2.2062719792786445,2.225796490844488,2.1607146304579854,2.1867473125457764,788100,0.0,0.0
2021-07-20 00:00:00-04:00,2.2062721276393034,2.251829324356429,2.199763956679714,2.232304811477661,274100,0.0,0.0
2021-07-21 00:00:00-04:00,2.251830155210272,2.284371022014766,2.2388138084884748,2.2713546752929688,386200,0.0,0.0
2021-07-22 00:00:00-04:00,2.2648465555132833,2.303895596602489,2.24532203496868,2.290879249572754,394600,0.0,0.0
2021-07-23 00:00:00-04:00,2.303895596602489,2.323420117147092,2.284371076057886,2.290879249572754,399500,0.0,0.0
2021-07-26 00:00:00-04:00,2.290878836251645,2.3038951809329675,2.25833797454834,2.25833797454834,640900,0.0,0.0
2021-07-27 00:00:00-04:00,2.2583388652688154,2.271355215083968,2.2453225154536627,2.2648470401763916,218300,0.0,0.0
2021-07-28 00:00:00-04:00,2.271355215083968,2.2778633899915444,2.251830690361239,2.2648470401763916,105400,0.0,0.0
2021-07-29 00:00:00-04:00,2.2713546752929688,2.2778628486538675,2.251830155210272,2.2713546752929688,430400,0.0,0.0
2021-07-30 00:00:00-04:00,2.2713541385864864,2.277862310409546,2.264845966763427,2.277862310409546,96100,0.0,0.0
2021-08-02 00:00:00-04:00,2.284370663910984,2.2973870085923065,2.25833797454834,2.25833797454834,273000,0.0,0.0
2021-08-03 00:00:00-04:00,2.264846146889001,2.290878836251645,2.251829802207679,2.25833797454834,229600,0.0,0.0
2021-08-04 00:00:00-04:00,2.271354319229662,2.271354319229662,2.2453216298670178,2.25833797454834,182300,0.0,0.0
2021-08-05 00:00:00-04:00,2.25833797454834,2.264846146889001,2.2323052851856957,2.25833797454834,530400,0.0,0.0
2021-08-06 00:00:00-04:00,2.2518303394317627,2.2713548611117536,2.2518303394317627,2.2518303394317627,197700,0.0,0.0
2021-08-09 00:00:00-04:00,2.2465893856314936,2.2531392025393426,2.233489751815796,2.233489751815796,277200,0.022,0.0
2021-08-10 00:00:00-04:00,2.2400409892450246,2.2465908103064405,2.21384170499936,2.2269413471221924,344700,0.0,0.0
2021-08-11 00:00:00-04:00,2.226939759094774,2.226939759094774,2.200740337371826,2.200740337371826,403100,0.0,0.0
2021-08-12 00:00:00-04:00,2.1941905209810746,2.207290153762578,2.1941905209810746,2.200740337371826,268100,0.0,0.0
2021-08-13 00:00:00-04:00,2.1941905209810746,2.207290153762578,2.1941905209810746,2.200740337371826,127100,0.0,0.0
2021-08-16 00:00:00-04:00,2.1941905209810746,2.200740337371826,2.181090888199571,2.200740337371826,247700,0.0,0.0
2021-08-17 00:00:00-04:00,2.181092054473498,2.2007415141527162,2.181092054473498,2.1941916942596436,93500,0.0,0.0
2021-08-18 00:00:00-04:00,2.1876418590545654,2.194191678901794,2.1876418590545654,2.1876418590545654,161200,0.0,0.0
2021-08-19 00:00:00-04:00,2.1876411085893293,2.1941909261896577,2.161441838188015,2.174541473388672,335100,0.0,0.0
2021-08-20 00:00:00-04:00,2.1679916557883434,2.1810912909890003,2.1679916557883434,2.174541473388672,134100,0.0,0.0
2021-08-23 00:00:00-04:00,2.17454191769286,2.1941913745086383,2.154892460877081,2.161442279815674,596500,0.0,0.0
2021-08-24 00:00:00-04:00,2.167992098754267,2.17454191769286,2.148342641938488,2.161442279815674,493600,0.0,0.0
2021-08-25 00:00:00-04:00,2.161442579665652,2.194191678901794,2.161442579665652,2.1876418590545654,377600,0.0,0.0
2021-08-26 00:00:00-04:00,2.1941909261896577,2.1941909261896577,2.1679916557883434,2.174541473388672,730300,0.0,0.0
2021-08-27 00:00:00-04:00,2.1810920238494873,2.187641843650596,2.1745422040483784,2.1810920238494873,206100,0.0,0.0
2021-08-30 00:00:00-04:00,2.1941916942596436,2.1941916942596436,2.181092054473498,2.1941916942596436,185200,0.0,0.0
2021-08-31 00:00:00-04:00,2.200740337371826,2.200740337371826,2.1876407045903226,2.200740337371826,138800,0.0,0.0
2021-09-01 00:00:00-04:00,2.2007415141527162,2.2072913340457885,2.187641874366571,2.1941916942596436,176600,0.0,0.0
2021-09-02 00:00:00-04:00,2.2072909864347126,2.213840961456299,2.194191348711539,2.213840961456299,319300,0.0,0.0
2021-09-03 00:00:00-04:00,2.2072913340457885,2.2072913340457885,2.187641874366571,2.1941916942596436,322400,0.0,0.0
2021-09-07 00:00:00-04:00,2.200740743789986,2.200740743789986,2.1679916557883434,2.174541473388672,434500,0.0,0.0
2021-09-08 00:00:00-04:00,2.1692668506696813,2.19564089087695,2.1692668506696813,2.1824538707733154,217100,0.022,0.0
2021-09-09 00:00:00-04:00,2.1890473808251327,2.1890473808251327,2.1758603607214986,2.1824538707733154,211400,0.0,0.0
2021-09-10 00:00:00-04:00,2.1824538707733154,2.1890473808251327,2.1758603607214986,2.1824538707733154,97500,0.0,0.0
2021-09-13 00:00:00-04:00,2.1824538707733154,2.1890473808251327,2.1758603607214986,2.1824538707733154,211300,0.0,0.0
2021-09-14 00:00:00-04:00,2.1824541542952187,2.195641176111975,2.169267132478463,2.175860643386841,377300,0.0,0.0
2021-09-15 00:00:00-04:00,2.175860643386841,2.1824541542952187,2.175860643386841,2.175860643386841,96100,0.0,0.0
2021-09-16 00:00:00-04:00,2.1758594929109822,2.1758594929109822,2.162672478066801,2.1692659854888916,184100,0.0,0.0
2021-09-17 00:00:00-04:00,2.162673234939575,2.17586025439883,2.1560797252099477,2.162673234939575,309000,0.0,0.0
2021-09-20 00:00:00-04:00,2.162673654168999,2.162673654168999,2.1362996101379395,2.1362996101379395,434600,0.0,0.0
2021-09-21 00:00:00-04:00,2.149485630202977,2.149485630202977,2.1428921222686768,2.1428921222686768,84000,0.0,0.0
2021-09-22 00:00:00-04:00,2.149485630202977,2.149485630202977,2.1428921222686768,2.1428921222686768,169600,0.0,0.0
2021-09-23 00:00:00-04:00,2.162673083446406,2.18904712051744,2.14289255564313,2.1494860649108887,287600,0.0,0.0
2021-09-24 00:00:00-04:00,2.1494862154803203,2.1692667446692027,2.1428927057506924,2.162673234939575,384200,0.0,0.0
2021-09-27 00:00:00-04:00,2.1494862154803203,2.1692667446692027,2.1428927057506924,2.162673234939575,826900,0.0,0.0
2021-09-28 00:00:00-04:00,2.1560794648103454,2.1560794648103454,2.1297054290771484,2.1297054290771484,682200,0.0,0.0
2021-09-29 00:00:00-04:00,2.1297051064000767,2.149485630202977,2.1297051064000767,2.1428921222686768,1221200,0.0,0.0
2021-09-30 00:00:00-04:00,2.1428924469437467,2.1560794648103454,2.123111920143849,2.1297054290771484,721000,0.0,0.0
2021-10-01 00:00:00-04:00,2.1362989380104476,2.149485955877046,2.1165184112105497,2.1297054290771484,1240600,0.0,0.0
2021-10-04 00:00:00-04:00,2.1428924469437467,2.1428924469437467,2.123111920143849,2.1297054290771484,205500,0.0,0.0
2021-10-05 00:00:00-04:00,2.1362990463753717,2.1560795741786474,2.1231120278398543,2.1494860649108887,199000,0.0,0.0
2021-10-06 00:00:00-04:00,2.1428927057506924,2.162673234939575,2.1428927057506924,2.162673234939575,223200,0.0,0.0
2021-10-07 00:00:00-04:00,2.169267268616019,2.169267268616019,2.14948673464951,2.1560802459716797,161500,0.0,0.0
2021-10-08 00:00:00-04:00,2.169267268616019,2.169267268616019,2.1428932233273406,2.1560802459716797,222700,0.0,0.0
2021-10-11 00:00:00-04:00,2.1560797252099477,2.17586025439883,2.1560797252099477,2.162673234939575,196000,0.0,0.0
2021-10-12 00:00:00-04:00,2.164000971405725,2.1706390048842037,2.1507249044487673,2.157362937927246,165700,0.022,0.0
2021-10-13 00:00:00-04:00,2.157363444846637,2.177277549961325,2.157363444846637,2.1706395149230957,140600,0.0,0.0
2021-10-14 00:00:00-04:00,2.177276849746704,2.1839148826501344,2.1706388168432733,2.177276849746704,102700,0.0,0.0
2021-10-15 00:00:00-04:00,2.18391489982605,2.190552932781687,2.1640008009591387,2.18391489982605,269200,0.0,0.0
2021-10-18 00:00:00-04:00,2.1839149168978684,2.1905529499053955,2.1706388508828147,2.1905529499053955,204400,0.0,0.0
2021-10-19 00:00:00-04:00,2.1905534578079964,2.203829526901245,2.183915423261372,2.203829526901245,314000,0.0,0.0
2021-10-20 00:00:00-04:00,2.1971914923546207,2.203829526901245,2.1971914923546207,2.203829526901245,117900,0.0,0.0
2021-10-21 00:00:00-04:00,2.203829526901245,2.2104675614478695,2.1971914923546207,2.203829526901245,149300,0.0,0.0
2021-10-22 00:00:00-04:00,2.2104671001434326,2.2104671001434326,2.2038290669821055,2.2104671001434326,177300,0.0,0.0
2021-10-25 00:00:00-04:00,2.203829033043845,2.2171050991620516,2.197190999984741,2.197190999984741,142900,0.0,0.0
2021-10-26 00:00:00-04:00,2.2104670489279767,2.2104670489279767,2.1839149168978684,2.1905529499053955,221100,0.0,0.0
2021-10-27 00:00:00-04:00,2.203829526901245,2.2104675614478695,2.1971914923546207,2.203829526901245,206500,0.0,0.0
2021-10-28 00:00:00-04:00,2.2104675614478695,2.217105595994494,2.1971914923546207,2.203829526901245,204200,0.0,0.0
2021-10-29 00:00:00-04:00,2.1971910338207783,2.21710513330476,2.1971910338207783,2.2104671001434326,187700,0.0,0.0
2021-11-01 00:00:00-04:00,2.2171050991620516,2.223743132221155,2.197190999984741,2.197190999984741,254600,0.0,0.0
2021-11-02 00:00:00-04:00,2.1971914923546207,2.203829526901245,2.1971914923546207,2.203829526901245,138200,0.0,0.0
2021-11-03 00:00:00-04:00,2.203829794771592,2.2171058654785156,2.203829794771592,2.2171058654785156,197400,0.0,0.0
2021-11-04 00:00:00-04:00,2.2104678301250535,2.2171058654785156,2.2104678301250535,2.2171058654785156,193200,0.0,0.0
2021-11-05 00:00:00-04:00,2.225123405456543,2.225123405456543,2.218441359407313,2.225123405456543,256600,0.022,0.0
2021-11-08 00:00:00-05:00,2.225123405456543,2.225123405456543,2.218441359407313,2.225123405456543,224800,0.0,0.0
2021-11-09 00:00:00-05:00,2.225123405456543,2.225123405456543,2.218441359407313,2.225123405456543,136000,0.0,0.0
2021-11-10 00:00:00-05:00,2.2251237719269623,2.2251237719269623,2.2050776304777413,2.2184417247772217,188600,0.0,0.0
2021-11-11 00:00:00-05:00,2.2184413749381724,2.2251234210341817,2.211759328842163,2.211759328842163,56900,0.0,0.0
2021-11-12 00:00:00-05:00,2.2184417247772217,2.2184417247772217,2.2050776304777413,2.2184417247772217,72100,0.0,0.0
2021-11-15 00:00:00-05:00,2.211759328842163,2.2184413749381724,2.2050772827461538,2.211759328842163,176400,0.0,0.0
2021-11-16 00:00:00-05:00,2.211759328842163,2.2184413749381724,2.2050772827461538,2.211759328842163,156200,0.0,0.0
2021-11-17 00:00:00-05:00,2.211759328842163,2.211759328842163,2.2050772827461538,2.211759328842163,105300,0.0,0.0
2021-11-18 00:00:00-05:00,2.205077666063614,2.218441760578767,2.1850315242908858,2.191713571548462,123500,0.0,0.0
2021-11-19 00:00:00-05:00,2.1983954906463623,2.2117595843824294,2.1917134437783288,2.1983954906463623,200800,0.0,0.0
2021-11-22 00:00:00-05:00,2.1983965625084796,2.2050786126344493,2.1315760612487793,2.1315760612487793,894000,0.0,0.0
2021-11-23 00:00:00-05:00,2.138257411129931,2.138257411129931,2.0580726765648563,2.0647547245025635,898300,0.0,0.0
2021-11-24 00:00:00-05:00,2.058072951110431,2.0981654033975694,2.058072951110431,2.0914833545684814,396000,0.0,0.0
2021-11-26 00:00:00-05:00,2.0848008683156847,2.0914830755659812,2.0580726765648563,2.0647547245025635,301700,0.0,0.0
2021-11-29 00:00:00-05:00,2.0781184350974007,2.0914826878076886,2.0714363883985367,2.0848004817962646,367900,0.0,0.0
2021-11-30 00:00:00-05:00,2.0848002587311303,2.0914824640275853,2.0647541207793934,2.0714361667633057,284200,0.0,0.0
2021-12-01 00:00:00-05:00,2.0848008683156847,2.104847171441395,2.0647547245025635,2.0647547245025635,304800,0.0,0.0
2021-12-02 00:00:00-05:00,2.0647549422507363,2.091483296132915,2.0647549422507363,2.0781190395355225,331200,0.0,0.0
2021-12-03 00:00:00-05:00,2.0914824640275853,2.0914824640275853,2.058072074795481,2.0714361667633057,249100,0.0,0.0
2021-12-06 00:00:00-05:00,2.0842106342315674,2.090933888137023,2.064040872515199,2.0842106342315674,266000,0.019,0.0
2021-12-07 00:00:00-05:00,2.0976566314470615,2.117826548548841,2.0976566314470615,2.1111032962799072,271700,0.0,0.0
2021-12-08 00:00:00-05:00,2.111104352069166,2.1178276077004825,2.0976576805114746,2.0976576805114746,255400,0.0,0.0
2021-12-09 00:00:00-05:00,2.1043810964378493,2.111104352069166,2.090934424880158,2.0976576805114746,156800,0.0,0.0
2021-12-10 00:00:00-05:00,2.0976577709204784,2.1111044430577213,2.084211259078301,2.0909345149993896,256700,0.0,0.0
2021-12-13 00:00:00-05:00,2.084210244530682,2.097656749827397,2.0640404865856095,2.077486991882324,216500,0.0,0.0
2021-12-14 00:00:00-05:00,2.0573177337646484,2.0707642423282064,2.030424716637533,2.0573177337646484,557500,0.0,0.0
2021-12-15 00:00:00-05:00,2.0505946281568446,2.077487647233781,2.0438713733876104,2.0640411376953125,394000,0.0,0.0
2021-12-16 00:00:00-05:00,2.0640405974342606,2.077487103453116,2.0505940914154053,2.0505940914154053,482900,0.0,0.0
2021-12-17 00:00:00-05:00,2.057317344424833,2.057317344424833,2.03714758539655,2.0505940914154053,596500,0.0,0.0
2021-12-20 00:00:00-05:00,2.0363879935502363,2.0566842001078904,2.016091786992582,2.022857189178467,478300,0.019,0.0
2021-12-21 00:00:00-05:00,2.056682586669922,2.056682586669922,2.036386396034338,2.056682586669922,329800,0.0,0.0
2021-12-22 00:00:00-05:00,2.0499180384287614,2.0905104365046134,2.0499180384287614,2.076979637145996,522900,0.0,0.0
2021-12-23 00:00:00-05:00,2.0837451721291202,2.1108067726035458,2.0837451721291202,2.097275972366333,320300,0.0,0.0
2021-12-27 00:00:00-05:00,2.1040410660157502,2.1175720255819406,2.0972756668825743,2.110806465148926,249000,0.0,0.0
2021-12-28 00:00:00-05:00,2.1040403675512205,2.1311021164002506,2.1040403675512205,2.1243367195129395,281200,0.0,0.0
2021-12-29 00:00:00-05:00,2.124337424715116,2.137868222981468,2.110806465148926,2.110806465148926,261100,0.0,0.0
2021-12-30 00:00:00-05:00,2.11757196911157,2.1378681659698486,2.110806408858976,2.1378681659698486,284100,0.0,0.0
2021-12-31 00:00:00-05:00,2.117572231380003,2.1446338305427113,2.063448871754733,2.07021427154541,2375100,0.0,0.0
2022-01-03 00:00:00-05:00,2.1175720255819406,2.1175720255819406,2.0972756668825743,2.110806465148926,329800,0.0,0.0
2022-01-04 00:00:00-05:00,2.097275946184364,2.131103107654967,2.097275946184364,2.11757230758667,456700,0.0,0.0
2022-01-05 00:00:00-05:00,2.110806977159733,2.1311033407823143,2.104041576385498,2.104041576385498,265200,0.0,0.0
2022-01-06 00:00:00-05:00,2.1175720255819406,2.1175720255819406,2.0905102677493983,2.110806465148926,459100,0.0,0.0
2022-01-07 00:00:00-05:00,2.097275972366333,2.1108067726035458,2.0837451721291202,2.097275972366333,468000,0.0,0.0
2022-01-10 00:00:00-05:00,2.0837447312414348,2.0972755286157434,2.0837447312414348,2.090510129928589,107700,0.0,0.0
2022-01-11 00:00:00-05:00,2.0905102677493983,2.110806465148926,2.0905102677493983,2.110806465148926,152000,0.0,0.0
2022-01-12 00:00:00-05:00,2.110806465148926,2.110806465148926,2.1040410660157502,2.110806465148926,239200,0.0,0.0
2022-01-13 00:00:00-05:00,2.1040413724849394,2.1108067726035458,2.0837451721291202,2.097275972366333,312100,0.0,0.0
2022-01-14 00:00:00-05:00,2.0905105722477266,2.1040413724849394,2.0837451721291202,2.097275972366333,487300,0.0,0.0
2022-01-18 00:00:00-05:00,2.0837447312414348,2.090510129928589,2.0769793325542807,2.090510129928589,253500,0.0,0.0
2022-01-19 00:00:00-05:00,2.076979225786419,2.0837446241257953,2.063448429107666,2.063448429107666,134000,0.0,0.0
2022-01-20 00:00:00-05:00,2.0702144101171682,2.076979810360694,2.0431528091430664,2.0431528091430664,261500,0.0,0.0
2022-01-21 00:00:00-05:00,2.0296219081390823,2.0566835077729593,2.0093257084136744,2.0160911083221436,523000,0.0,0.0
2022-01-24 00:00:00-05:00,2.002561037816991,2.002561037816991,1.9416722551658518,1.9687340259552002,650400,0.0,0.0
2022-01-25 00:00:00-05:00,1.9687332425402086,1.9890294415808476,1.9552024431797825,1.9822640419006348,367600,0.0,0.0
2022-01-26 00:00:00-05:00,1.982263382198018,2.0228557667700406,1.982263382198018,1.9957941770553589,281800,0.0,0.0
2022-01-27 00:00:00-05:00,2.0025595744840294,2.0228557667700406,1.9957941770553589,1.9957941770553589,205100,0.0,0.0
2022-01-28 00:00:00-05:00,1.9890294415808476,2.0025602409412735,1.9754986422204215,1.9822640419006348,585200,0.0,0.0
2022-01-31 00:00:00-05:00,1.9822639564794324,1.9890293558681058,1.968733157702086,1.9754985570907593,363200,0.0,0.0
2022-02-01 00:00:00-05:00,1.9754989770064397,2.0160913819668758,1.9754989770064397,2.0093259811401367,398800,0.0,0.0
2022-02-02 00:00:00-05:00,2.0093259811401367,2.0160913819668758,2.0025605803133972,2.0093259811401367,299700,0.0,0.0
2022-02-03 00:00:00-05:00,1.9957948412610607,2.0025602409412735,1.9822640419006345,1.9822640419006348,266800,0.0,0.0
2022-02-04 00:00:00-05:00,1.9890294415808476,1.9890294415808476,1.9687332425402086,1.9822640419006348,256600,0.0,0.0
2022-02-07 00:00:00-05:00,1.975498557090759,1.9822639564794324,1.968733157702086,1.9754985570907593,314300,0.0,0.0
2022-02-08 00:00:00-05:00,1.9816275821293963,1.9816275821293963,1.974817872047424,1.9748178720474243,126000,0.019,0.0
2022-02-09 00:00:00-05:00,1.981626872062403,1.9952462873461663,1.9748171644205215,1.9884365797042847,310300,0.0,0.0
2022-02-10 00:00:00-05:00,1.9816274991439327,1.9816274991439327,1.9407690780068512,1.94757878780365,391500,0.0,0.0
2022-02-11 00:00:00-05:00,1.9543877629071893,1.9543877629071893,1.9135295194858228,1.9203392267227173,765300,0.0,0.0
2022-02-14 00:00:00-05:00,1.9271494021917979,1.9271494021917979,1.8794814399518331,1.8931008577346802,535500,0.0,0.0
2022-02-15 00:00:00-05:00,1.8931008577346802,1.9067202755175272,1.8862911488432565,1.8931008577346802,308800,0.0,0.0
2022-02-16 00:00:00-05:00,1.8862911539180458,1.906720280647278,1.8794814450083017,1.9067202806472778,603600,0.0,0.0
2022-02-17 00:00:00-05:00,1.9067203977281582,1.9135301070560478,1.8931009790723787,1.8999106884002686,366200,0.0,0.0
2022-02-18 00:00:00-05:00,1.8999105666261038,1.9067202755175272,1.8931008577346802,1.8931008577346802,103200,0.0,0.0
2022-02-22 00:00:00-05:00,1.8658617837954583,1.8862909078598022,1.8658617837954583,1.8862909078598022,348000,0.0,0.0
2022-02-23 00:00:00-05:00,1.8862916213977314,1.8931013319951262,1.872672200202942,1.872672200202942,220700,0.0,0.0
2022-02-24 00:00:00-05:00,1.8590527790081524,1.872672200202942,1.8045750942289942,1.872672200202942,1022300,0.0,0.0
2022-02-25 00:00:00-05:00,1.8590523132775625,1.9067202755175272,1.8590523132775625,1.8931008577346802,310400,0.0,0.0
2022-02-28 00:00:00-05:00,1.8931009790723787,1.9067203977281582,1.8862912697444891,1.8999106884002686,213100,0.0,0.0
2022-03-01 00:00:00-05:00,1.9135301070560478,1.9203398163839376,1.8999106884002686,1.8999106884002686,297100,0.0,0.0
2022-03-02 00:00:00-05:00,1.9135292919354143,1.9339584112167358,1.9135292919354143,1.9339584112167358,155900,0.0,0.0
2022-03-03 00:00:00-05:00,1.9271487047896287,1.9407681176438432,1.9271487047896287,1.9339584112167358,208600,0.0,0.0
2022-03-04 00:00:00-05:00,1.947579143349856,1.9543888543898222,1.9135305881500244,1.9135305881500244,307900,0.0,0.0
2022-03-07 00:00:00-05:00,1.90672051218735,1.9203399316606944,1.8794816732406616,1.8794816732406616,211000,0.0,0.0
2022-03-08 00:00:00-05:00,1.8787956105565147,1.8856525222800844,1.865081787109375,1.865081787109375,187500,0.019,0.0
2022-03-09 00:00:00-05:00,1.8719393014907837,1.8856531293529948,1.865082387559678,1.8719393014907837,268900,0.0,0.0
2022-03-10 00:00:00-05:00,1.8582248621140498,1.871938685463243,1.8445110387648564,1.8513679504394531,181900,0.0,0.0
2022-03-11 00:00:00-05:00,1.8513681713312906,1.8513681713312906,1.8239405213604356,1.8307974338531494,235400,0.0,0.0
2022-03-14 00:00:00-04:00,1.8376541109990676,1.8376541109990676,1.78279865460096,1.7896555662155151,212300,0.0,0.0
2022-03-15 00:00:00-04:00,1.7827994526766764,1.8170841895787884,1.7759425379926024,1.8102272748947144,135200,0.0,0.0
2022-03-16 00:00:00-04:00,1.8102264803918735,1.8513679504394531,1.8102264803918735,1.8513679504394531,174100,0.0,0.0
2022-03-17 00:00:00-04:00,1.8445113210227855,1.933651186433246,1.837654408298904,1.9062235355377197,797500,0.0,0.0
2022-03-18 00:00:00-04:00,1.906223404161117,1.9199372286637255,1.8925095796585083,1.8925095796585083,139500,0.0,0.0
2022-03-21 00:00:00-04:00,1.8856531293529948,1.9130807850774172,1.8719393014907837,1.8719393014907837,229300,0.0,0.0
2022-03-22 00:00:00-04:00,1.8787962154218893,1.8856531293529948,1.865082387559678,1.8719393014907837,185000,0.0,0.0
2022-03-23 00:00:00-04:00,1.8787962154218893,1.8856531293529948,1.865082387559678,1.8719393014907837,97900,0.0,0.0
2022-03-24 00:00:00-04:00,1.8856525222800844,1.8856525222800844,1.865081787109375,1.865081787109375,103700,0.0,0.0
2022-03-25 00:00:00-04:00,1.8650817737886463,1.871938685463243,1.8445110387648564,1.8513679504394531,136000,0.0,0.0
2022-03-28 00:00:00-04:00,1.858225703239441,1.8650826180178184,1.8445118736826862,1.858225703239441,104600,0.0,0.0
2022-03-29 00:00:00-04:00,1.8650823962713048,1.8993669660869728,1.8582254823081712,1.8856531381607056,156800,0.0,0.0
2022-03-30 00:00:00-04:00,1.8925095796585083,1.906223404161117,1.865081930653291,1.8925095796585083,169800,0.0,0.0
2022-03-31 00:00:00-04:00,1.8993666228138382,1.9062235355377197,1.8925097100899566,1.9062235355377197,213700,0.0,0.0
2022-04-01 00:00:00-04:00,1.919937496543874,1.9336513229599104,1.9062236701278374,1.926794409751892,171600,0.0,0.0
2022-04-04 00:00:00-04:00,1.9336506128311155,1.940507523520949,1.906222970071782,1.9336506128311157,357000,0.0,0.0
2022-04-05 00:00:00-04:00,1.926794409751892,1.9336513229599104,1.9130805833358557,1.926794409751892,189500,0.0,0.0
2022-04-06 00:00:00-04:00,1.8984894232873766,1.912296605925535,1.8639714666919807,1.8777786493301392,328900,0.019,0.0
2022-04-07 00:00:00-04:00,1.8708747654706457,1.8846819459498363,1.857067584991455,1.857067584991455,317700,0.0,0.0
2022-04-08 00:00:00-04:00,1.8639717242091804,1.8639717242091804,1.8363573551177979,1.8363573551177979,280800,0.0,0.0
2022-04-11 00:00:00-04:00,1.836357482285284,1.8639718532889578,1.8225502967834473,1.8225502967834473,244300,0.0,0.0
2022-04-12 00:00:00-04:00,1.8363573551177979,1.857068131936335,1.8225501705721066,1.8363573551177979,241300,0.0,0.0
2022-04-13 00:00:00-04:00,1.82945381852832,1.8501645959772341,1.82945381852832,1.8432610034942627,194600,0.0,0.0
2022-04-14 00:00:00-04:00,1.8363567026106866,1.8432602924305004,1.8156459331512451,1.8156459331512451,176100,0.0,0.0
2022-04-18 00:00:00-04:00,1.8018387556076048,1.8225496915776076,1.8018387556076048,1.801838755607605,203500,0.0,0.0
2022-04-19 00:00:00-04:00,1.8018393539360573,1.8225502967834473,1.8018393539360573,1.8225502967834473,93400,0.0,0.0
2022-04-20 00:00:00-04:00,1.82945381852832,1.8501645959772341,1.82945381852832,1.8432610034942627,308700,0.0,0.0
2022-04-21 00:00:00-04:00,1.857068131936335,1.857068131936335,1.829453762844952,1.8363573551177979,99200,0.0,0.0
2022-04-22 00:00:00-04:00,1.8432610750362024,1.8432610750362024,1.8087429466869758,1.8225502967834473,268500,0.0,0.0
2022-04-25 00:00:00-04:00,1.8225502967834473,1.8294538895343655,1.8018393539360573,1.8225502967834473,237200,0.0,0.0
2022-04-26 00:00:00-04:00,1.82255047065349,1.82255047065349,1.8018395258302906,1.8087431192398071,116100,0.0,0.0
2022-04-27 00:00:00-04:00,1.808742349478461,1.8225496950160385,1.7880315780639648,1.7880315780639648,186500,0.0,0.0
2022-04-28 00:00:00-04:00,1.7949360609054565,1.8087432487128323,1.7880324670017687,1.7949360609054565,156000,0.0,0.0
2022-04-29 00:00:00-04:00,1.7880317592772421,1.7880317592772421,1.7673209857637526,1.781128168106079,308800,0.0,0.0
2022-05-02 00:00:00-04:00,1.7811279944711655,1.7811279944711655,1.7535136324785243,1.7604172229766846,192900,0.0,0.0
2022-05-03 00:00:00-04:00,1.7673208134748448,1.7811279944711655,1.7604172229766846,1.7604172229766846,240500,0.0,0.0
2022-05-04 00:00:00-04:00,1.7604174561140566,1.7880318217637512,1.7466102732892093,1.7742246389389038,314900,0.0,0.0
2022-05-05 00:00:00-04:00,1.7880313444311187,1.7880313444311187,1.732802627875581,1.7466098070144653,412100,0.0,0.0
2022-05-06 00:00:00-04:00,1.7459150794364646,1.7459150794364646,1.7250475883483887,1.7250475883483887,210100,0.019,0.0
2022-05-09 00:00:00-04:00,1.7111361565837984,1.7180919878772243,1.6694011688232422,1.6694011688232422,434900,0.0,0.0
2022-05-10 00:00:00-04:00,1.6763568239328654,1.6972243156199864,1.6763568239328654,1.6833126544952393,379100,0.0,0.0
2022-05-11 00:00:00-04:00,1.676357000116668,1.6972244939969463,1.662445337529816,1.6694011688232422,153600,0.0,0.0
2022-05-12 00:00:00-04:00,1.6624446565589188,1.669400485003097,1.627665348497996,1.6415770053863525,537000,0.0,0.0
2022-05-13 00:00:00-04:00,1.655489340706806,1.6624451713047304,1.6346216830729503,1.6485333442687988,343900,0.0,0.0
2022-05-16 00:00:00-04:00,1.6485328338305307,1.6554888281147406,1.6346211769421743,1.6415770053863525,322000,0.0,0.0
2022-05-17 00:00:00-04:00,1.655489340706806,1.655489340706806,1.6346216830729503,1.6485333442687988,283000,0.0,0.0
2022-05-18 00:00:00-04:00,1.6485325594957827,1.6485325594957827,1.620709250349188,1.6346209049224854,270800,0.0,0.0
2022-05-19 00:00:00-04:00,1.6276650776358366,1.6554885526224354,1.6276650776358366,1.6346209049224854,500600,0.0,0.0
2022-05-20 00:00:00-04:00,1.6554890022578903,1.6554890022578903,1.6276655197143555,1.6276655197143555,272600,0.0,0.0
2022-05-23 00:00:00-04:00,1.6485333442687988,1.6624451713047304,1.6346216830729503,1.6485333442687988,259600,0.0,0.0
2022-05-24 00:00:00-04:00,1.648532769338075,1.6694004196942753,1.6415769411660166,1.6624445915222168,310500,0.0,0.0
2022-05-25 00:00:00-04:00,1.6624448420318,1.6972239881328732,1.6624448420318,1.6902681589126587,242400,0.0,0.0
2022-05-26 00:00:00-04:00,1.6972242668976207,1.7320034187110807,1.6972242668976207,1.7250475883483887,243200,0.0,0.0
2022-05-27 00:00:00-04:00,1.7389595535077005,1.7667828798294065,1.7389595535077005,1.7667828798294067,225100,0.0,0.0
2022-05-31 00:00:00-04:00,1.7667828798294065,1.773738711409833,1.7598270482489802,1.7667828798294067,424700,0.0,0.0
2022-06-01 00:00:00-04:00,1.7946062061511128,1.7946062061511128,1.745915385088127,1.7667828798294067,221300,0.0,0.0
2022-06-02 00:00:00-04:00,1.7667828798294065,1.7806945429902596,1.7667828798294065,1.7667828798294067,241400,0.0,0.0
2022-06-03 00:00:00-04:00,1.7667829079765582,1.7667829079765582,1.73895958121159,1.745915412902832,152200,0.0,0.0
2022-06-06 00:00:00-04:00,1.7528704592812916,1.759826287856216,1.7320029735565183,1.7320029735565186,123000,0.0,0.0
2022-06-07 00:00:00-04:00,1.7453211073964325,1.7523304224014282,1.7313024773864414,1.7523304224014282,157100,0.019,0.0
2022-06-08 00:00:00-04:00,1.7593393503389432,1.7593393503389432,1.7172834695615695,1.7383114099502563,220900,0.0,0.0
2022-06-09 00:00:00-04:00,1.7313026194270866,1.7383119350071452,1.689246725946736,1.6962560415267944,176800,0.0,0.0
2022-06-10 00:00:00-04:00,1.696255238829709,1.7172831756191038,1.6612085103988647,1.6612085103988647,482000,0.0,0.0
2022-06-13 00:00:00-04:00,1.6471898067847601,1.6471898067847601,1.5770966875188812,1.598124623298645,541900,0.0,0.0
2022-06-14 00:00:00-04:00,1.5911159986854766,1.6191532585030664,1.5770973687766816,1.584106683731079,664500,0.0,0.0
2022-06-15 00:00:00-04:00,1.6051342767211536,1.6261622169746588,1.5981249633033185,1.6191529035568237,683600,0.0,0.0
2022-06-16 00:00:00-04:00,1.6051343312577964,1.6051343312577964,1.5350411946979354,1.5560691356658936,844300,0.0,0.0
2022-06-17 00:00:00-04:00,1.5700880538222843,1.5911159986854766,1.5490601089590919,1.584106683731079,446800,0.0,0.0
2022-06-21 00:00:00-04:00,1.5911159986854766,1.598125313639874,1.5630787388678868,1.584106683731079,697100,0.0,0.0
2022-06-22 00:00:00-04:00,1.5770970582962036,1.5981249990196602,1.570087744721718,1.5770970582962036,488200,0.0,0.0
2022-06-23 00:00:00-04:00,1.5981250268159055,1.5981250268159055,1.5700877720303104,1.5911157131195068,424600,0.0,0.0
2022-06-24 00:00:00-04:00,1.5911159766467677,1.6261625509333213,1.584106661789457,1.6051346063613892,266500,0.0,0.0
2022-06-27 00:00:00-04:00,1.6121432471518207,1.6121432471518207,1.591115311372057,1.598124623298645,563500,0.0,0.0
2022-06-28 00:00:00-04:00,1.6051346285942716,1.6191532585030664,1.5700880538222843,1.584106683731079,475100,0.0,0.0
2022-06-29 00:00:00-04:00,1.5770970582962036,1.5841063718706891,1.5490598039982615,1.5770970582962036,1099600,0.0,0.0
2022-06-30 00:00:00-04:00,1.5630784583339117,1.5911157131195068,1.549059830941114,1.5911157131195068,358800,0.0,0.0
2022-07-01 00:00:00-04:00,1.5841059994454691,1.6051339352252327,1.5770966875188812,1.598124623298645,229800,0.0,0.0
2022-07-05 00:00:00-04:00,1.6121436731620233,1.6121436731620233,1.5630784767103925,1.5700877904891968,553800,0.0,0.0
2022-07-06 00:00:00-04:00,1.5835198163986206,1.5835198163986206,1.5693812601531325,1.5835198163986206,315000,0.019,0.0
2022-07-07 00:00:00-04:00,1.583518819133284,1.5976573664746259,1.5764495454626133,1.590588092803955,280400,0.0,0.0
2022-07-08 00:00:00-04:00,1.5835197211627539,1.5976582765579224,1.5693811657675854,1.5976582765579224,435200,0.0,0.0
2022-07-11 00:00:00-04:00,1.6047276507668524,1.6047276507668524,1.5693812601531325,1.5835198163986206,202800,0.0,0.0
2022-07-12 00:00:00-04:00,1.5764495454626133,1.5976573664746259,1.5764495454626133,1.590588092803955,91200,0.0,0.0
2022-07-13 00:00:00-04:00,1.5693802717919425,1.590588092803955,1.5693802717919425,1.590588092803955,192700,0.0,0.0
2022-07-14 00:00:00-04:00,1.5764503479003906,1.5905889024384767,1.5623117933623043,1.5764503479003906,281700,0.0,0.0
2022-07-15 00:00:00-04:00,1.5835198163986206,1.5905890945213645,1.5764505382758767,1.5835198163986206,196400,0.0,0.0
2022-07-18 00:00:00-04:00,1.5905889024384767,1.6047274569765628,1.5764503479003906,1.5764503479003906,672800,0.0,0.0
2022-07-19 00:00:00-04:00,1.5905890225183212,1.6117968559265137,1.5835197447155904,1.6117968559265137,552400,0.0,0.0
2022-07-20 00:00:00-04:00,1.6117966897231057,1.6330045209444133,1.6047274126493367,1.618865966796875,519100,0.0,0.0
2022-07-21 00:00:00-04:00,1.6259351759888743,1.6542122831033994,1.6259351759888743,1.647143006324768,378300,0.0,0.0
2022-07-22 00:00:00-04:00,1.6542122831033994,1.6612815598820305,1.6330044527675054,1.647143006324768,306900,0.0,0.0
2022-07-25 00:00:00-04:00,1.647143006324768,1.6612815598820305,1.6400737295461367,1.647143006324768,179100,0.0,0.0
2022-07-26 00:00:00-04:00,1.6330042342907924,1.6471427859564836,1.6188656826251013,1.6259349584579468,247800,0.0,0.0
2022-07-27 00:00:00-04:00,1.6259351759888743,1.6542122831033994,1.618865899210243,1.647143006324768,288800,0.0,0.0
2022-07-28 00:00:00-04:00,1.6542124517729186,1.6754202842712402,1.6471431742734781,1.6754202842712402,468200,0.0,0.0
2022-07-29 00:00:00-04:00,1.6754205659478962,1.7036978492445893,1.6754205659478962,1.6966285705566406,188100,0.0,0.0
2022-08-01 00:00:00-04:00,1.7036974681636117,1.7178360223770144,1.6966281910569105,1.7178360223770142,369000,0.0,0.0
2022-08-02 00:00:00-04:00,1.710767079122546,1.7249056360950552,1.7036978006362915,1.7036978006362915,101800,0.0,0.0
2022-08-03 00:00:00-04:00,1.710766063619967,1.7390431607798353,1.710766063619967,1.7319738864898682,149900,0.0,0.0
2022-08-04 00:00:00-04:00,1.7249046121999012,1.7461124350698023,1.7249046121999012,1.7319738864898682,109400,0.0,0.0
2022-08-05 00:00:00-04:00,1.731974409672781,1.7390436860981864,1.7107665803965646,1.7249051332473755,271100,0.0,0.0
2022-08-08 00:00:00-04:00,1.7455671532659103,1.7598166671809297,1.7099433684783623,1.7313176393508911,447600,0.019,0.0
2022-08-09 00:00:00-04:00,1.717067785592733,1.7241925411401064,1.7028182744979858,1.7028182744979858,436500,0.0,0.0
2022-08-10 00:00:00-04:00,1.7313170970698015,1.7455666065216064,1.7241923423438992,1.7455666065216064,436400,0.0,0.0
2022-08-11 00:00:00-04:00,1.738442301750183,1.7740660846000649,1.7313175451802068,1.738442301750183,676800,0.0,0.0
2022-08-12 00:00:00-04:00,1.7313174097036297,1.7740659457783903,1.7313174097036297,1.7669411897659302,621400,0.0,0.0
2022-08-15 00:00:00-04:00,1.7669411897659302,1.7811907017908504,1.75269167774101,1.7669411897659302,283200,0.0,0.0
2022-08-16 00:00:00-04:00,1.774066160324105,1.774066160324105,1.752691889701839,1.7598166465759277,310600,0.0,0.0
2022-08-17 00:00:00-04:00,1.7526913612475088,1.7669408706993135,1.7313170970698015,1.7455666065216064,1474400,0.0,0.0
2022-08-18 00:00:00-04:00,1.7384423963084008,1.75269191022342,1.7313176393508911,1.7313176393508911,320700,0.0,0.0
2022-08-19 00:00:00-04:00,1.7241933345794678,1.7384428522315585,1.709943816927377,1.7241933345794678,300600,0.0,0.0
2022-08-22 00:00:00-04:00,1.717067397067244,1.717067397067244,1.6814434575235304,1.6956931352615356,296000,0.0,0.0
2022-08-23 00:00:00-04:00,1.7028186808478565,1.7241929525905981,1.6885689964850836,1.7170681953430176,473200,0.0,0.0
2022-08-24 00:00:00-04:00,1.738442301750183,1.738442301750183,1.7099432754702777,1.738442301750183,470900,0.0,0.0
2022-08-25 00:00:00-04:00,1.7384428522315585,1.7384428522315585,1.7170685757534225,1.7241933345794678,219400,0.0,0.0
2022-08-26 00:00:00-04:00,1.7241928542379974,1.7384423679203278,1.6743193864822388,1.6743193864822388,739500,0.0,0.0
2022-08-29 00:00:00-04:00,1.681443757659786,1.681443757659786,1.6529447368317909,1.6671942472457886,649900,0.0,0.0
2022-08-30 00:00:00-04:00,1.6743195527207608,1.6814443102693233,1.6458205225265108,1.6529452800750732,152500,0.0,0.0
2022-08-31 00:00:00-04:00,1.6600698232650755,1.6814440931507841,1.6458203100079365,1.6600698232650757,352300,0.0,0.0
2022-09-01 00:00:00-04:00,1.660070037623636,1.6671947951721984,1.6101967347836983,1.6529452800750732,550100,0.0,0.0
2022-09-02 00:00:00-04:00,1.6671945036503055,1.6814440162557927,1.6386954784393313,1.638695478439331,295800,0.0,0.0
2022-09-06 00:00:00-04:00,1.6458200512463859,1.6529448067547765,1.5888220071792603,1.5888220071792603,1661100,0.0,0.0
2022-09-07 00:00:00-04:00,1.602476162920513,1.6384060871575976,1.5952901780730961,1.6312201023101807,736100,0.019,0.0
2022-09-08 00:00:00-04:00,1.6240333151111104,1.6527772402998773,1.6168473338139187,1.6455912590026855,449900,0.0,0.0
2022-09-09 00:00:00-04:00,1.645591242459486,1.674335167359289,1.645591242459486,1.6671491861343384,581600,0.0,0.0
2022-09-12 00:00:00-04:00,1.6743352590414038,1.6887072222782755,1.6527773141860962,1.6527773141860962,452900,0.0,0.0
2022-09-13 00:00:00-04:00,1.6384055822137498,1.6455915648465027,1.6024756690499846,1.6168476343154907,579000,0.0,0.0
2022-09-14 00:00:00-04:00,1.6096616726364303,1.631219620815319,1.595289707183838,1.595289707183838,540800,0.0,0.0
2022-09-15 00:00:00-04:00,1.6096616726364303,1.6096616726364303,1.5809177417312454,1.595289707183838,647500,0.0,0.0
2022-09-16 00:00:00-04:00,1.595289707183838,1.595289707183838,1.5737317590049493,1.595289707183838,351600,0.0,0.0
2022-09-19 00:00:00-04:00,1.5881037244575418,1.595289707183838,1.5737317590049493,1.595289707183838,329900,0.0,0.0
2022-09-20 00:00:00-04:00,1.5952896812452175,1.5952896812452175,1.5737317334168506,1.5809177160263062,326200,0.0,0.0
2022-09-21 00:00:00-04:00,1.5881032943725586,1.5952892751527707,1.5737313328121343,1.5881032943725586,258000,0.0,0.0
2022-09-22 00:00:00-04:00,1.5881035051010737,1.5881035051010737,1.559359578166138,1.573731541633606,308800,0.0,0.0
2022-09-23 00:00:00-04:00,1.5593593492811417,1.5593593492811417,1.523429274559021,1.523429274559021,547900,0.0,0.0
2022-09-26 00:00:00-04:00,1.5306159277190672,1.5521738768144604,1.4946858412327286,1.5018718242645264,818200,0.0,0.0
2022-09-27 00:00:00-04:00,1.5090580237126257,1.5234299918373269,1.4875000715255737,1.4875000715255737,555800,0.0,0.0
2022-09-28 00:00:00-04:00,1.4874993711641937,1.53061542656528,1.4803133904852284,1.523429274559021,266900,0.0,0.0
2022-09-29 00:00:00-04:00,1.5234291241309996,1.5234291241309996,1.4946852042533998,1.5090571641921997,248900,0.0,0.0
2022-09-30 00:00:00-04:00,1.5090575949826976,1.5306157123723674,1.4946856309411347,1.516243577003479,516800,0.0,0.0
2022-10-03 00:00:00-04:00,1.523429274559021,1.5378014072442454,1.50905731320109,1.523429274559021,313700,0.0,0.0
2022-10-04 00:00:00-04:00,1.5521737855884834,1.5809177160263062,1.5378018203695722,1.5809177160263062,248600,0.0,0.0
2022-10-05 00:00:00-04:00,1.5737317543043177,1.5809177370091498,1.5449878234849892,1.5593597888946533,234300,0.0,0.0
2022-10-06 00:00:00-04:00,1.5593597888946533,1.5593597888946533,1.5449878234849892,1.5593597888946533,166500,0.0,0.0
2022-10-07 00:00:00-04:00,1.552173466398584,1.552173466398584,1.5306155230034055,1.5378015041351318,161300,0.0,0.0
2022-10-10 00:00:00-04:00,1.537801910750865,1.5449878937826627,1.5018718242645264,1.5018718242645264,236800,0.0,0.0
2022-10-11 00:00:00-04:00,1.5083988233447259,1.5229026448846412,1.501146912574768,1.501146912574768,368400,0.019,0.0
2022-10-12 00:00:00-04:00,1.5011463659463207,1.5083982740755637,1.4866425496878348,1.4938944578170776,352300,0.0,0.0
2022-10-13 00:00:00-04:00,1.4793903107896709,1.515649843328812,1.4648864977740146,1.5083979368209839,763700,0.0,0.0
2022-10-14 00:00:00-04:00,1.5083984259811374,1.5083984259811374,1.4721388816833496,1.4721388816833496,338500,0.0,0.0
2022-10-17 00:00:00-04:00,1.4866422172974991,1.5083979368209839,1.4866422172974991,1.5083979368209839,270700,0.0,0.0
2022-10-18 00:00:00-04:00,1.5301541090011597,1.5374060176542783,1.522902200348041,1.5301541090011597,529800,0.0,0.0
2022-10-19 00:00:00-04:00,1.5374061189717672,1.5374061189717672,1.5011465733166125,1.5156503915786743,386600,0.0,0.0
2022-10-20 00:00:00-04:00,1.5156501822048067,1.5374059065925356,1.4866425496878348,1.4938944578170776,571100,0.0,0.0
2022-10-21 00:00:00-04:00,1.5011465733166125,1.5229023007097053,1.5011465733166125,1.5156503915786743,262900,0.0,0.0
2022-10-24 00:00:00-04:00,1.522901813876914,1.5446577072143555,1.522901813876914,1.5446577072143555,494800,0.0,0.0
2022-10-25 00:00:00-04:00,1.551910012087154,1.573665738105774,1.5446581034142808,1.573665738105774,474300,0.0,0.0
2022-10-26 00:00:00-04:00,1.573665788298708,1.5809176972028849,1.5591619704903543,1.5664138793945312,380100,0.0,0.0
2022-10-27 00:00:00-04:00,1.5736655274505154,1.580917435152628,1.5519098043441772,1.5519098043441772,341400,0.0,0.0
2022-10-28 00:00:00-04:00,1.551910012087154,1.5809176467786472,1.551910012087154,1.573665738105774,276500,0.0,0.0
2022-10-31 00:00:00-04:00,1.5809176467786472,1.5881695554515205,1.5591619207600274,1.573665738105774,263000,0.0,0.0
2022-11-01 00:00:00-04:00,1.5954211683873838,1.6171768903732302,1.5881692610587683,1.61717689037323,292200,0.0,0.0
2022-11-02 00:00:00-04:00,1.6099252505156691,1.617177159049108,1.5881695249153527,1.5954214334487915,265300,0.0,0.0
2022-11-03 00:00:00-04:00,1.5954214334487915,1.6026733419822303,1.5736657078484748,1.5954214334487915,431400,0.0,0.0
2022-11-04 00:00:00-04:00,1.6020050496315932,1.6093201340150785,1.5873748808646226,1.594689965248108,488900,0.019,0.0
2022-11-07 00:00:00-05:00,1.6166352482453452,1.6166352482453452,1.5946899946897297,1.6093201637268066,408300,0.0,0.0
2022-11-08 00:00:00-05:00,1.616634726524353,1.616634726524353,1.5946894800509162,1.616634726524353,228500,0.0,0.0
2022-11-09 00:00:00-05:00,1.6020050496315932,1.6093201340150785,1.594689965248108,1.594689965248108,188300,0.0,0.0
2022-11-10 00:00:00-05:00,1.616634726524353,1.6312648908399776,1.6093196443665407,1.616634726524353,286200,0.0,0.0
2022-11-11 00:00:00-05:00,1.6239498086821653,1.6385799729977897,1.6020045622087284,1.616634726524353,200500,0.0,0.0
2022-11-14 00:00:00-05:00,1.6166352183985637,1.623950302782049,1.594689965248108,1.594689965248108,228500,0.0,0.0
2022-11-15 00:00:00-05:00,1.6239501548315407,1.638580322265625,1.6166350711144986,1.638580322265625,302000,0.0,0.0
2022-11-16 00:00:00-05:00,1.6458956859860032,1.6897861957550049,1.6312655160630027,1.6897861957550049,573300,0.0,0.0
2022-11-17 00:00:00-05:00,1.6751559934220344,1.7336766719818115,1.667840908602062,1.7336766719818115,1525300,0.0,0.0
2022-11-18 00:00:00-05:00,1.7483071088790894,1.755622194087563,1.719046593639806,1.7483071088790894,562800,0.0,0.0
2022-11-21 00:00:00-05:00,1.7483066347395804,1.7556217179642086,1.6897857945372126,1.6971008777618408,509400,0.0,0.0
2022-11-22 00:00:00-05:00,1.6971010277079348,1.7190462793207761,1.6897859438369878,1.711731195449829,512000,0.0,0.0
2022-11-23 00:00:00-05:00,1.7190462793207761,1.7263613631917232,1.7044161115788818,1.711731195449829,190600,0.0,0.0
2022-11-25 00:00:00-05:00,1.7190465927124021,1.7263616779169295,1.711731507507875,1.7190465927124023,121200,0.0,0.0
2022-11-28 00:00:00-05:00,1.726361620562506,1.7409919648908894,1.6824711107935046,1.6897861957550049,319000,0.0,0.0
2022-11-29 00:00:00-05:00,1.6971012807165051,1.7044163656780054,1.6824711107935046,1.6897861957550049,571300,0.0,0.0
2022-11-30 00:00:00-05:00,1.6971010579237773,1.740991736336263,1.6971010579237773,1.7263613939285278,346600,0.0,0.0
2022-12-01 00:00:00-05:00,1.7409915515149519,1.7556217179642086,1.6824707113125843,1.6971008777618408,832000,0.0,0.0
2022-12-02 00:00:00-05:00,1.704415960986469,1.7190461274357258,1.6971008777618408,1.6971008777618408,295900,0.0,0.0
2022-12-05 00:00:00-05:00,1.7037389202754498,1.7111144065856934,1.7037389202754498,1.7111144065856934,191700,0.019,0.0
2022-12-06 00:00:00-05:00,1.718490149753161,1.718490149753161,1.6816127126899905,1.6963636875152588,273900,0.0,0.0
2022-12-07 00:00:00-05:00,1.696363696221238,1.7111146711222103,1.6816127213202656,1.688988208770752,319200,0.0,0.0
2022-12-08 00:00:00-05:00,1.6816127126899905,1.7037391749278927,1.6816127126899905,1.6963636875152588,337600,0.0,0.0
2022-12-09 00:00:00-05:00,1.6816126274050975,1.6963636014822534,1.666861653327942,1.666861653327942,433900,0.0,0.0
2022-12-12 00:00:00-05:00,1.6668617550489047,1.6963637050035856,1.644735292582894,1.6816127300262451,783900,0.0,0.0
2022-12-13 00:00:00-05:00,1.711114679980926,1.7184901674695963,1.6816127300262451,1.6816127300262451,251500,0.0,0.0
2022-12-14 00:00:00-05:00,1.6889878802280691,1.711114338275479,1.6521104501490527,1.659485936164856,343300,0.0,0.0
2022-12-15 00:00:00-05:00,1.6594861829515604,1.6594861829515604,1.629984234501032,1.6521106958389282,673000,0.0,0.0
2022-12-16 00:00:00-05:00,1.6521104501490527,1.6742369081964625,1.6521104501490527,1.659485936164856,524900,0.0,0.0
2022-12-19 00:00:00-05:00,1.6668614221806592,1.6668614221806592,1.637359478117446,1.659485936164856,248000,0.0,0.0
2022-12-20 00:00:00-05:00,1.6594861662893639,1.666861653327942,1.652110679250786,1.666861653327942,236600,0.0,0.0
2022-12-21 00:00:00-05:00,1.6742371571768244,1.6816126442894563,1.6521106958389282,1.6521106958389282,352300,0.0,0.0
2022-12-22 00:00:00-05:00,1.6594860711163057,1.6668615577318926,1.629984124653958,1.6447350978851318,206900,0.0,0.0
2022-12-23 00:00:00-05:00,1.6521106958389282,1.6668616700641923,1.6447352087262963,1.6521106958389282,489300,0.0,0.0
2022-12-27 00:00:00-05:00,1.6521102379740322,1.6521102379740322,1.6299837827682495,1.6299837827682495,405700,0.0,0.0
2022-12-28 00:00:00-05:00,1.6336972414171875,1.6411231307262453,1.6114195734900145,1.6188454627990723,239200,0.015,0.0
2022-12-29 00:00:00-05:00,1.6114195734900145,1.6336972414171875,1.6114195734900145,1.6188454627990723,407200,0.0,0.0
2022-12-30 00:00:00-05:00,1.6262716843574971,1.6336975751836735,1.6039940118789673,1.6039940118789673,467900,0.0,0.0
2023-01-03 00:00:00-05:00,1.6262710258996544,1.6411228015386998,1.6188451380801319,1.6336969137191772,263100,0.0,0.0
2023-01-04 00:00:00-05:00,1.6411225795745852,1.6559743532049074,1.6336966927594239,1.641122579574585,289700,0.0,0.0
2023-01-05 00:00:00-05:00,1.6411230716440124,1.64854896068573,1.6262712935605774,1.64854896068573,339500,0.0,0.0
2023-01-06 00:00:00-05:00,1.6559747613788782,1.6782524273154862,1.6411229840878063,1.663400650024414,320600,0.0,0.0
2023-01-09 00:00:00-05:00,1.6782524585723877,1.6931042361400692,1.6708265697885472,1.6782524585723877,486100,0.0,0.0
2023-01-10 00:00:00-05:00,1.6782524585723877,1.6931042361400692,1.6634006810047064,1.6782524585723877,310500,0.0,0.0
2023-01-11 00:00:00-05:00,1.6931045479071838,1.7153822183609009,1.6782527676047057,1.7153822183609009,451000,0.0,0.0
2023-01-12 00:00:00-05:00,1.7153822183609009,1.72280810851214,1.7005304380584227,1.7153822183609009,302400,0.0,0.0
2023-01-13 00:00:00-05:00,1.72280810851214,1.72280810851214,1.7005304380584227,1.7153822183609009,564400,0.0,0.0
2023-01-17 00:00:00-05:00,1.707956075668335,1.7228078537748035,1.7005301866151006,1.707956075668335,279900,0.0,0.0
2023-01-18 00:00:00-05:00,1.7228078383546528,1.7450855053149574,1.7005301713943481,1.7005301713943481,472000,0.0,0.0
2023-01-19 00:00:00-05:00,1.7079560603811164,1.7153819493678846,1.6856783934208117,1.7005301713943481,405200,0.0,0.0
2023-01-20 00:00:00-05:00,1.7079560603811164,1.7079560603811164,1.69310428240758,1.7005301713943481,221200,0.0,0.0
2023-01-23 00:00:00-05:00,1.6931042975618664,1.7153819647215693,1.6931042975618664,1.707956075668335,535200,0.0,0.0
2023-01-24 00:00:00-05:00,1.7153819493678846,1.730233727341421,1.69310428240758,1.7005301713943481,351400,0.0,0.0
2023-01-25 00:00:00-05:00,1.7079561652147834,1.7228079440999162,1.6856784968870846,1.6931043863296509,288100,0.0,0.0
2023-01-26 00:00:00-05:00,1.7005301713943481,1.7153819493678846,1.6856783934208117,1.7005301713943481,436900,0.0,0.0
2023-01-27 00:00:00-05:00,1.7005301866151006,1.7153819647215693,1.7005301866151006,1.707956075668335,231100,0.0,0.0
2023-01-30 00:00:00-05:00,1.7153817576409471,1.7228076457977293,1.707955869484165,1.7228076457977295,397100,0.0,0.0
2023-01-31 00:00:00-05:00,1.72280810851214,1.737659888814618,1.7153822183609009,1.7153822183609009,205000,0.0,0.0
2023-02-01 00:00:00-05:00,1.73023332865147,1.737659215927124,1.7153815541001618,1.737659215927124,184300,0.0,0.0
2023-02-02 00:00:00-05:00,1.7302339364788528,1.7747894528321506,1.7302339364788528,1.7450857162475586,886000,0.0,0.0
2023-02-03 00:00:00-05:00,1.7450854931678876,1.7599372710380448,1.7302337152977305,1.7525113821029663,524400,0.0,0.0
2023-02-06 00:00:00-05:00,1.7302336692810059,1.74508544675617,1.7228077805434237,1.7302336692810059,296200,0.0,0.0
2023-02-07 00:00:00-05:00,1.7190228104349972,1.7414448261743787,1.7190228104349972,1.7264968156814575,471500,0.015,0.0
2023-02-08 00:00:00-05:00,1.726496286045616,1.7489182949066164,1.726496286045616,1.7489182949066162,403500,0.0,0.0
2023-02-09 00:00:00-05:00,1.7489188920866454,1.7563928975923613,1.719022870063782,1.7190228700637817,321500,0.0,0.0
2023-02-10 00:00:00-05:00,1.704074562612694,1.7339705794348668,1.704074562612694,1.7115485668182373,223200,0.0,0.0
2023-02-13 00:00:00-05:00,1.7264967563096931,1.7414447662885735,1.711548746330813,1.7339707612991333,256700,0.0,0.0
2023-02-14 00:00:00-05:00,1.7264965752293235,1.7339705794348668,1.7115485668182373,1.7115485668182373,311800,0.0,0.0
2023-02-15 00:00:00-05:00,1.70407485905235,1.7264968755694978,1.6966008535466341,1.7190228700637817,574500,0.0,0.0
2023-02-16 00:00:00-05:00,1.719022870063782,1.719022870063782,1.70407485905235,1.7190228700637817,323500,0.0,0.0
2023-02-17 00:00:00-05:00,1.704075100724439,1.704075100724439,1.6816530810273984,1.6891270875930786,293800,0.0,0.0
2023-02-21 00:00:00-05:00,1.689126545883357,1.6966005500520938,1.6517565250396729,1.6517565250396729,210000,0.0,0.0
2023-02-22 00:00:00-05:00,1.6442828172533606,1.674178839317074,1.6442828172533606,1.6592308282852173,302700,0.0,0.0
2023-02-23 00:00:00-05:00,1.674178423062017,1.6891264303773141,1.6667044194043683,1.6816524267196655,459500,0.0,0.0
2023-02-24 00:00:00-05:00,1.6741787791502196,1.6816527843975462,1.6592307686555665,1.666704773902893,514000,0.0,0.0
2023-02-27 00:00:00-05:00,1.666704239831023,1.6816522455357985,1.666704239831023,1.6741782426834106,319000,0.0,0.0
2023-02-28 00:00:00-05:00,1.6891264303773141,1.6966004340349627,1.6667044194043683,1.6816524267196655,427900,0.0,0.0
2023-03-01 00:00:00-05:00,1.6816522455357985,1.696600251240574,1.6592302369786351,1.6741782426834106,553900,0.0,0.0
2023-03-02 00:00:00-05:00,1.6741790744617182,1.6891270875930786,1.6592310613303578,1.6891270875930786,589900,0.0,0.0
2023-03-03 00:00:00-05:00,1.6891270269135674,1.7115490458051286,1.6891270269135674,1.6966010332107544,807600,0.0,0.0
2023-03-06 00:00:00-05:00,1.7115487453952054,1.7264967553659145,1.6816527254537874,1.704074740409851,494300,0.0,0.0
2023-03-07 00:00:00-05:00,1.7040748613807872,1.7040748613807872,1.6592308282852173,1.6592308282852173,377100,0.0,0.0
2023-03-08 00:00:00-05:00,1.6705179216933252,1.6780427699232106,1.6554682252335549,1.66299307346344,710200,0.015,0.0
2023-03-09 00:00:00-05:00,1.6780427709326555,1.6780427709326555,1.632893681526184,1.632893681526184,822600,0.0,0.0
2023-03-10 00:00:00-05:00,1.640418529760596,1.6554682262294198,1.632893681526184,1.632893681526184,723500,0.0,0.0
2023-03-13 00:00:00-04:00,1.62536877444037,1.640418470364274,1.5952692031860352,1.5952692031860352,425200,0.0,0.0
2023-03-14 00:00:00-04:00,1.6103191368229484,1.640418529760596,1.6103191368229484,1.632893681526184,437500,0.0,0.0
2023-03-15 00:00:00-04:00,1.6178439264784181,1.62536877444037,1.5952692031860352,1.5952692031860352,96800,0.0,0.0
2023-03-16 00:00:00-04:00,1.5952691438949147,1.6253687140305437,1.5877442962126376,1.6178438663482666,310200,0.0,0.0
2023-03-17 00:00:00-04:00,1.6178439264784181,1.6178439264784181,1.5802195072621312,1.5952692031860352,257200,0.0,0.0
2023-03-20 00:00:00-04:00,1.5877448320388794,1.6103195621106672,1.5802199818171436,1.5877448320388794,318500,0.0,0.0
2023-03-21 00:00:00-04:00,1.6027941709837124,1.6178438663482666,1.6027941709837124,1.6178438663482666,58100,0.0,0.0
2023-03-22 00:00:00-04:00,1.6178439860671452,1.640418530784471,1.6027942895889282,1.6027942895889282,191200,0.0,0.0
2023-03-23 00:00:00-04:00,1.6178439858111602,1.632893682286996,1.5952692616908726,1.6103191375732422,90200,0.0,0.0
2023-03-24 00:00:00-04:00,1.5952692031860352,1.610319078516466,1.587744355224083,1.5952692031860352,282800,0.0,0.0
2023-03-27 00:00:00-04:00,1.6103190186659895,1.6178438663482666,1.6027941709837124,1.6178438663482666,130400,0.0,0.0
2023-03-28 00:00:00-04:00,1.6178439264784181,1.6178439264784181,1.5952692031860352,1.5952692031860352,136300,0.0,0.0
2023-03-29 00:00:00-04:00,1.6027941709837124,1.6178438663482666,1.6027941709837124,1.6178438663482666,183100,0.0,0.0
2023-03-30 00:00:00-04:00,1.625369310379028,1.6404190112653223,1.6178444599358812,1.6253693103790283,315400,0.0,0.0
2023-03-31 00:00:00-04:00,1.6253688332917722,1.647943377995008,1.6253688332917722,1.632893681526184,390300,0.0,0.0
2023-04-03 00:00:00-04:00,1.6479437332504137,1.6629934329635758,1.6479437332504137,1.6554685831069946,225100,0.0,0.0
2023-04-04 00:00:00-04:00,1.655468707188834,1.670518408030012,1.6404190063476562,1.6404190063476562,254800,0.0,0.0
2023-04-05 00:00:00-04:00,1.6404190112653223,1.6479438617084692,1.625369310379028,1.6253693103790283,195200,0.0,0.0
2023-04-06 00:00:00-04:00,1.6328941559270673,1.6479438567682452,1.6328941559270673,1.6404190063476562,303700,0.0,0.0
2023-04-10 00:00:00-04:00,1.6404185287737842,1.66299307346344,1.632893680543899,1.66299307346344,382200,0.0,0.0
2023-04-11 00:00:00-04:00,1.6743577271094745,1.719815358822135,1.6667814551573643,1.6819339990615845,596400,0.015,0.0
2023-04-12 00:00:00-04:00,1.6895101070404053,1.6970863782572099,1.674357564606796,1.6895101070404053,102000,0.0,0.0
2023-04-13 00:00:00-04:00,1.6895097834664436,1.7046623229980469,1.6743572439348404,1.7046623229980469,432200,0.0,0.0
2023-04-14 00:00:00-04:00,1.7046627391252,1.7122390107404541,1.6743576526641846,1.6743576526641846,268800,0.0,0.0
2023-04-17 00:00:00-04:00,1.6743576972932694,1.6819339691104647,1.6667814254760742,1.6667814254760742,322100,0.0,0.0
2023-04-18 00:00:00-04:00,1.6743577271094745,1.6895102710136947,1.6667814551573643,1.6819339990615845,177500,0.0,0.0
2023-04-19 00:00:00-04:00,1.6895101070404053,1.6895101070404053,1.674357564606796,1.6895101070404053,463100,0.0,0.0
2023-04-20 00:00:00-04:00,1.68951024092766,1.68951024092766,1.6667814254760742,1.6667814254760742,258500,0.0,0.0
2023-04-21 00:00:00-04:00,1.6743577423299254,1.6819340143509063,1.6592051982879639,1.6592051982879639,282700,0.0,0.0
2023-04-24 00:00:00-04:00,1.6743577271094745,1.6819339990615845,1.6667814551573643,1.6819339990615845,351500,0.0,0.0
2023-04-25 00:00:00-04:00,1.6667814254760742,1.6819339691104647,1.6592051536588788,1.6667814254760742,475000,0.0,0.0
2023-04-26 00:00:00-04:00,1.6743577423299254,1.6819340143509063,1.6592051982879639,1.6592051982879639,689300,0.0,0.0
2023-04-27 00:00:00-04:00,1.6743577271094745,1.6895102710136947,1.6667814551573643,1.6819339990615845,534400,0.0,0.0
2023-04-28 00:00:00-04:00,1.6819339990615845,1.7046628149179148,1.6819339990615845,1.6819339990615845,453900,0.0,0.0
2023-05-01 00:00:00-04:00,1.6895102710136947,1.6970865429658046,1.6592051832052543,1.6819339990615845,343100,0.0,0.0
2023-05-02 00:00:00-04:00,1.6819339691104647,1.6819339691104647,1.6440526100244883,1.6667814254760742,612700,0.0,0.0
2023-05-03 00:00:00-04:00,1.6667815155531256,1.6743577877797617,1.6516289710998535,1.6516289710998535,389500,0.0,0.0
2023-05-04 00:00:00-04:00,1.6440526988732176,1.6592052433264897,1.6364764266465817,1.6516289710998535,512300,0.0,0.0
2023-05-05 00:00:00-04:00,1.6592051536588788,1.6667814254760742,1.6440526100244883,1.6667814254760742,177700,0.0,0.0
2023-05-08 00:00:00-04:00,1.6743578336484897,1.6743578336484897,1.6440527439117432,1.6440527439117432,331700,0.0,0.0
2023-05-09 00:00:00-04:00,1.64786696434021,1.6554959704852632,1.6402379581951565,1.64786696434021,361200,0.015,0.0
2023-05-10 00:00:00-04:00,1.6554963877071087,1.6631253957748413,1.640238371571643,1.6631253957748413,469000,0.0,0.0
2023-05-11 00:00:00-04:00,1.6554963877071087,1.6631253957748413,1.647867379639376,1.6631253957748413,308000,0.0,0.0
2023-05-12 00:00:00-04:00,1.6554959704852632,1.6631249766303167,1.6402379581951565,1.64786696434021,312900,0.0,0.0
2023-05-15 00:00:00-04:00,1.6478669949567948,1.663125007530388,1.6478669949567948,1.6554960012435913,464200,0.0,0.0
2023-05-16 00:00:00-04:00,1.647867053202571,1.6554960597590236,1.6326090400896653,1.6402380466461182,209200,0.0,0.0
2023-05-17 00:00:00-04:00,1.640238371571643,1.6631253957748413,1.640238371571643,1.6631253957748413,417500,0.0,0.0
2023-05-18 00:00:00-04:00,1.6631253957748413,1.6707544038425741,1.6554963877071087,1.6631253957748413,399100,0.0,0.0
2023-05-19 00:00:00-04:00,1.6554960012435913,1.663125007530388,1.6554960012435913,1.6554960012435913,45600,0.0,0.0
2023-05-22 00:00:00-04:00,1.6478669949567948,1.6554960012435913,1.640237988669998,1.6554960012435913,263100,0.0,0.0
2023-05-23 00:00:00-04:00,1.6478669949567948,1.6554960012435913,1.6478669949567948,1.6554960012435913,84900,0.0,0.0
2023-05-24 00:00:00-04:00,1.655495666345333,1.655495666345333,1.62497964737138,1.6326086521148682,188700,0.0,0.0
2023-05-25 00:00:00-04:00,1.640237985382366,1.640237985382366,1.617350784677993,1.6249799728393555,358300,0.0,0.0
2023-05-26 00:00:00-04:00,1.6326089520501033,1.64786696434021,1.6249799459050498,1.64786696434021,538500,0.0,0.0
2023-05-30 00:00:00-04:00,1.647867053202571,1.647867053202571,1.6326090400896653,1.6402380466461182,152400,0.0,0.0
2023-05-31 00:00:00-04:00,1.6402379581951565,1.64786696434021,1.6326089520501033,1.64786696434021,196900,0.0,0.0
2023-06-01 00:00:00-04:00,1.64786696434021,1.6631249766303167,1.6402379581951565,1.64786696434021,315800,0.0,0.0
2023-06-02 00:00:00-04:00,1.6631253957748413,1.6707544038425741,1.6554963877071087,1.6631253957748413,183600,0.0,0.0
2023-06-05 00:00:00-04:00,1.6631253957748413,1.6707544038425741,1.640238371571643,1.6631253957748413,697500,0.0,0.0
2023-06-06 00:00:00-04:00,1.6707540138171846,1.6707540138171846,1.6554960012435913,1.6554960012435913,296300,0.0,0.0
2023-06-07 00:00:00-04:00,1.6593371629714966,1.67470138069898,1.651655054107755,1.6593371629714966,420400,0.015,0.0
2023-06-08 00:00:00-04:00,1.667019248008728,1.667019248008728,1.6516550305008437,1.667019248008728,581100,0.0,0.0
2023-06-09 00:00:00-04:00,1.6593371629714966,1.67470138069898,1.651655054107755,1.6593371629714966,631200,0.0,0.0
2023-06-12 00:00:00-04:00,1.651655054107755,1.6670192718352383,1.6439729452440135,1.6593371629714966,709200,0.0,0.0
2023-06-13 00:00:00-04:00,1.6670194617257266,1.6823836812033508,1.6670194617257266,1.6747015714645386,483200,0.0,0.0
2023-06-14 00:00:00-04:00,1.68238365650177,1.6977478757538094,1.68238365650177,1.68238365650177,443900,0.0,0.0
2023-06-15 00:00:00-04:00,1.6900660474319853,1.705430269241333,1.6900660474319853,1.705430269241333,348200,0.0,0.0
2023-06-16 00:00:00-04:00,1.705429985379829,1.705429985379829,1.68238365650177,1.68238365650177,72300,0.0,0.0
2023-06-20 00:00:00-04:00,1.6900655985028545,1.7054298162310324,1.6900655985028545,1.6977477073669434,684000,0.0,0.0
2023-06-21 00:00:00-04:00,1.690065622329712,1.6977477313021045,1.6823835133573193,1.690065622329712,163700,0.0,0.0
2023-06-22 00:00:00-04:00,1.68238365650177,1.6900657661277896,1.68238365650177,1.68238365650177,294200,0.0,0.0
2023-06-23 00:00:00-04:00,1.6900657909421628,1.6900657909421628,1.6670194617257266,1.6747015714645386,310400,0.0,0.0
2023-06-26 00:00:00-04:00,1.6747015714645386,1.6900657909421628,1.6670194617257266,1.6747015714645386,395700,0.0,0.0
2023-06-27 00:00:00-04:00,1.6823835133573193,1.6977477313021045,1.6823835133573193,1.690065622329712,400500,0.0,0.0
2023-06-28 00:00:00-04:00,1.6900655985028545,1.7054298162310324,1.6823834896387657,1.6977477073669434,566200,0.0,0.0
2023-06-29 00:00:00-04:00,1.6977477313021045,1.7054298402744972,1.6823835133573193,1.690065622329712,563400,0.0,0.0
2023-06-30 00:00:00-04:00,1.6977481583366592,1.7131123801460069,1.6900660474319853,1.705430269241333,755200,0.0,0.0
2023-07-03 00:00:00-04:00,1.7054298162310324,1.7131119250951212,1.6900655985028545,1.6977477073669434,400400,0.0,0.0
2023-07-05 00:00:00-04:00,1.6977477073669434,1.7054298162310324,1.6823834896387657,1.6977477073669434,712100,0.0,0.0
2023-07-06 00:00:00-04:00,1.6977478757538094,1.6977478757538094,1.6747015468757505,1.68238365650177,360700,0.0,0.0
2023-07-07 00:00:00-04:00,1.6823835133573193,1.7054298402744972,1.6823835133573193,1.690065622329712,524800,0.0,0.0
2023-07-10 00:00:00-04:00,1.693933058285029,1.7016679048538208,1.686198211716237,1.7016679048538208,383300,0.015,0.0
2023-07-11 00:00:00-04:00,1.7094027514226129,1.7171375979914048,1.693933058285029,1.7016679048538208,541600,0.0,0.0
2023-07-12 00:00:00-04:00,1.709402966028258,1.7171378135681152,1.7016681184884006,1.7171378135681152,709600,0.0,0.0
2023-07-13 00:00:00-04:00,1.717137504544887,1.7480768891363352,1.717137504544887,1.724872350692749,558500,0.0,0.0
2023-07-14 00:00:00-04:00,1.732607119914234,1.7403419657186752,1.6939328908920288,1.6939328908920288,407500,0.0,0.0
2023-07-17 00:00:00-04:00,1.7016675968098611,1.7094024419784546,1.6939327516412674,1.7094024419784546,328700,0.0,0.0
2023-07-18 00:00:00-04:00,1.7094024419784546,1.7248721323156415,1.7094024419784546,1.7094024419784546,693200,0.0,0.0
2023-07-19 00:00:00-04:00,1.709402966028258,1.7248726611079723,1.7016681184884006,1.7171378135681152,586000,0.0,0.0
2023-07-20 00:00:00-04:00,1.7094024419784546,1.717137287147048,1.6939327516412674,1.7094024419784546,856000,0.0,0.0
2023-07-21 00:00:00-04:00,1.717137287147048,1.732606977484235,1.7094024419784546,1.7094024419784546,394200,0.0,0.0
2023-07-24 00:00:00-04:00,1.724872350692749,1.732607196840611,1.717137504544887,1.724872350692749,529200,0.0,0.0
2023-07-25 00:00:00-04:00,1.7326074122973218,1.7403422594070435,1.7248725651876005,1.7403422594070435,177900,0.0,0.0
2023-07-26 00:00:00-04:00,1.740342042988473,1.740342042988473,1.724872350692749,1.724872350692749,213600,0.0,0.0
2023-07-27 00:00:00-04:00,1.732607196840611,1.740342042988473,1.717137504544887,1.724872350692749,249200,0.0,0.0
2023-07-28 00:00:00-04:00,1.7326074122973218,1.7403422594070435,1.7248725651876005,1.7403422594070435,157200,0.0,0.0
2023-07-31 00:00:00-04:00,1.740342400454752,1.7635469436645508,1.740342400454752,1.7635469436645508,267000,0.0,0.0
2023-08-01 00:00:00-04:00,1.7635468007362078,1.7635468007362078,1.7326074122973218,1.7403422594070435,117300,0.0,0.0
2023-08-02 00:00:00-04:00,1.7403418523271517,1.7403418523271517,1.724872161726193,1.7326070070266724,173100,0.0,0.0
2023-08-03 00:00:00-04:00,1.7248721323156415,1.732606977484235,1.7094024419784546,1.7094024419784546,157900,0.0,0.0
2023-08-04 00:00:00-04:00,1.724872350692749,1.740342042988473,1.724872350692749,1.724872350692749,160500,0.0,0.0
2023-08-07 00:00:00-04:00,1.7521278857910583,1.7521278857910583,1.7287662029266357,1.7287662029266357,266400,0.015,0.0
2023-08-08 00:00:00-04:00,1.7209788571740716,1.7365533113479614,1.7209788571740716,1.7365533113479614,171600,0.0,0.0
2023-08-09 00:00:00-04:00,1.7365533113479614,1.7443405384349064,1.7287660842610166,1.7365533113479614,168600,0.0,0.0
2023-08-10 00:00:00-04:00,1.7443406581968852,1.7521278858184814,1.7365534305752892,1.7521278858184814,203500,0.0,0.0
2023-08-11 00:00:00-04:00,1.744340181350708,1.7521274068435284,1.7287657303650668,1.744340181350708,214300,0.0,0.0
2023-08-14 00:00:00-04:00,1.744340181350708,1.7521274068435284,1.7287657303650668,1.744340181350708,373700,0.0,0.0
2023-08-15 00:00:00-04:00,1.7443406581695842,1.7443406581695842,1.7209789753051616,1.7287662029266357,716800,0.0,0.0
2023-08-16 00:00:00-04:00,1.728765723922663,1.7443401748502645,1.7131912729950616,1.7209784984588623,1285700,0.0,0.0
2023-08-17 00:00:00-04:00,1.7054046397816018,1.7287663242860145,1.6976174116134644,1.6976174116134644,916700,0.0,0.0
2023-08-18 00:00:00-04:00,1.697616936418575,1.7209786143836148,1.697616936418575,1.7054041624069214,133600,0.0,0.0
2023-08-21 00:00:00-04:00,1.6976174116134644,1.7131918679497393,1.6898301834453267,1.6976174116134644,243600,0.0,0.0
2023-08-22 00:00:00-04:00,1.7131917476836873,1.7365534305481098,1.7054045200622132,1.7287662029266357,514900,0.0,0.0
2023-08-23 00:00:00-04:00,1.7287657303650668,1.7521274068435284,1.7287657303650668,1.744340181350708,431600,0.0,0.0
2023-08-24 00:00:00-04:00,1.7443401748502645,1.7443401748502645,1.7131912729950616,1.7209784984588623,489000,0.0,0.0
2023-08-25 00:00:00-04:00,1.713191388395268,1.7209786143836148,1.6898297104302282,1.7054041624069214,1366900,0.0,0.0
2023-08-28 00:00:00-04:00,1.7054041624069214,1.7209786143836148,1.697616936418575,1.7054041624069214,956800,0.0,0.0
2023-08-29 00:00:00-04:00,1.7131916300871268,1.7365533113479614,1.7131916300871268,1.7365533113479614,217700,0.0,0.0
2023-08-30 00:00:00-04:00,1.7365529493864638,1.7365529493864638,1.7209784984588623,1.7209784984588623,238000,0.0,0.0
2023-08-31 00:00:00-04:00,1.7287660842610166,1.7365533113479614,1.7209788571740716,1.7365533113479614,290400,0.0,0.0
2023-09-01 00:00:00-04:00,1.7365529493864638,1.7365529493864638,1.7209784984588623,1.7209784984588623,238200,0.0,0.0
2023-09-05 00:00:00-04:00,1.7209787357844974,1.7287659623221687,1.7131915092468262,1.7131915092468262,475000,0.0,0.0
2023-09-06 00:00:00-04:00,1.7171112993160393,1.7406333488624277,1.7171112993160393,1.724951982498169,590600,0.015,0.0
2023-09-07 00:00:00-04:00,1.7327926656802983,1.7327926656802983,1.7171112993160393,1.724951982498169,137600,0.0,0.0
2023-09-08 00:00:00-04:00,1.7327932119369507,1.7406338975908273,1.7171118406291976,1.7327932119369507,307700,0.0,0.0
2023-09-11 00:00:00-04:00,1.7327932119369507,1.7406338975908273,1.7249525262830743,1.7327932119369507,407600,0.0,0.0
2023-09-12 00:00:00-04:00,1.7327926656802983,1.7406333488624277,1.7171112993160393,1.724951982498169,229300,0.0,0.0
2023-09-13 00:00:00-04:00,1.724951982498169,1.7327926656802983,1.7171112993160393,1.724951982498169,149900,0.0,0.0
2023-09-14 00:00:00-04:00,1.724951982498169,1.7406333488624277,1.7171112993160393,1.724951982498169,166600,0.0,0.0
2023-09-15 00:00:00-04:00,1.7249525262830743,1.7327932119369507,1.7171118406291976,1.7327932119369507,68000,0.0,0.0
2023-09-18 00:00:00-04:00,1.7249525262830743,1.7327932119369507,1.709271154975321,1.7327932119369507,653600,0.0,0.0
2023-09-19 00:00:00-04:00,1.7327926656802983,1.7327926656802983,1.7171112993160393,1.724951982498169,427700,0.0,0.0
2023-09-20 00:00:00-04:00,1.7327926656802983,1.7406333488624277,1.7171112993160393,1.724951982498169,197700,0.0,0.0
2023-09-21 00:00:00-04:00,1.7249527510370568,1.7249527510370568,1.7092713776860875,1.7171120643615723,417100,0.0,0.0
2023-09-22 00:00:00-04:00,1.7171118406291976,1.7406338975908273,1.7171118406291976,1.7327932119369507,327100,0.0,0.0
2023-09-25 00:00:00-04:00,1.7327932119369507,1.7406338975908273,1.7249525262830743,1.7327932119369507,435000,0.0,0.0
2023-09-26 00:00:00-04:00,1.7249527382192809,1.732793424836503,1.6935899917503927,1.7014306783676147,267500,0.0,0.0
2023-09-27 00:00:00-04:00,1.7092713117599487,1.7249526845060914,1.6857492526407343,1.7092713117599487,347800,0.0,0.0
2023-09-28 00:00:00-04:00,1.6935899917503927,1.7092713649848368,1.6935899917503927,1.7014306783676147,372100,0.0,0.0
2023-09-29 00:00:00-04:00,1.7171118490237842,1.7249525347159922,1.6779084205627441,1.6779084205627441,916800,0.0,0.0
2023-10-02 00:00:00-04:00,1.6857491062549521,1.6935897919471603,1.6622268622416358,1.6779084205627441,634700,0.0,0.0
2023-10-03 00:00:00-04:00,1.662226540082856,1.6779080953646972,1.646545171737671,1.646545171737671,235400,0.0,0.0
2023-10-04 00:00:00-04:00,1.6543861765494277,1.6779084205627441,1.6543861765494277,1.6779084205627441,343100,0.0,0.0
2023-10-05 00:00:00-04:00,1.6779084731081573,1.6857491590459044,1.6700677871704102,1.6700677871704102,256700,0.0,0.0
2023-10-06 00:00:00-04:00,1.677908789353515,1.6935901641845703,1.6700681019379875,1.6935901641845703,216100,0.0,0.0
2023-10-09 00:00:00-04:00,1.6779086185159484,1.7014306783676147,1.6779086185159484,1.7014306783676147,163000,0.0,0.0
2023-10-10 00:00:00-04:00,1.7053783820035193,1.7132736444473267,1.6895878571159046,1.7132736444473267,150200,0.015,0.0
2023-10-11 00:00:00-04:00,1.705378085396188,1.7132733464668146,1.6974828243255615,1.6974828243255615,168700,0.0,0.0
2023-10-12 00:00:00-04:00,1.7053783876602313,1.7053783876602313,1.6737971495423427,1.6816926002502441,150300,0.0,0.0
2023-10-13 00:00:00-04:00,1.6816923416599725,1.7053781254278468,1.6737968921661377,1.6737968921661377,234700,0.0,0.0
2023-10-16 00:00:00-04:00,1.6816923416599725,1.6816923416599725,1.6659016309101797,1.6737968921661377,273900,0.0,0.0
2023-10-17 00:00:00-04:00,1.665901887072347,1.6816926002502441,1.6501113621323555,1.6816926002502441,331900,0.0,0.0
2023-10-18 00:00:00-04:00,1.681692281623107,1.681692281623107,1.6501110494888565,1.6580063104629517,494300,0.0,0.0
2023-10-19 00:00:00-04:00,1.6659016317488538,1.6737968930087868,1.6422158479690552,1.6422158479690552,263800,0.0,0.0
2023-10-20 00:00:00-04:00,1.6422157885147612,1.6659015714370469,1.6422157885147612,1.6580063104629517,109000,0.0,0.0
2023-10-23 00:00:00-04:00,1.6580063104629517,1.6659015714370469,1.6422157885147612,1.6580063104629517,154400,0.0,0.0
2023-10-24 00:00:00-04:00,1.6659015714370469,1.673796832411142,1.6501110494888565,1.6580063104629517,90900,0.0,0.0
2023-10-25 00:00:00-04:00,1.658006370488921,1.6659016317488538,1.6343205867091222,1.6422158479690552,129200,0.0,0.0
2023-10-26 00:00:00-04:00,1.6422157885147612,1.6580063104629517,1.6422157885147612,1.6580063104629517,126700,0.0,0.0
2023-10-27 00:00:00-04:00,1.6580065532044728,1.665901815334479,1.6264255046844482,1.6264255046844482,161600,0.0,0.0
2023-10-30 00:00:00-04:00,1.6343206750518748,1.650111198425293,1.6343206750518748,1.650111198425293,151600,0.0,0.0
2023-10-31 00:00:00-04:00,1.642215936738584,1.6737969834854203,1.642215936738584,1.650111198425293,246800,0.0,0.0
2023-11-01 00:00:00-04:00,1.665901887072347,1.6816926002502441,1.665901887072347,1.6816926002502441,220500,0.0,0.0
2023-11-02 00:00:00-04:00,1.6974829712233708,1.7211687564849854,1.6895877094694993,1.7211687564849854,265600,0.0,0.0
2023-11-03 00:00:00-04:00,1.7330934861533422,1.74899341074302,1.7251435238585033,1.7410434484481812,254400,0.015,0.0
2023-11-06 00:00:00-05:00,1.7330934861533422,1.74899341074302,1.7330934861533422,1.7410434484481812,225800,0.0,0.0
2023-11-07 00:00:00-05:00,1.7489937389112429,1.7648936664842652,1.7410437751247316,1.756943702697754,110500,0.0,0.0
2023-11-08 00:00:00-05:00,1.7648936664842652,1.7728436302707764,1.756943702697754,1.756943702697754,167800,0.0,0.0
2023-11-09 00:00:00-05:00,1.7648932009285747,1.7648932009285747,1.7410433158603282,1.7489932775497437,44400,0.0,0.0
2023-11-10 00:00:00-05:00,1.756943702697754,1.756943702697754,1.7410437751247316,1.756943702697754,236000,0.0,0.0
2023-11-13 00:00:00-05:00,1.7569432392391593,1.7569432392391593,1.7251433924814974,1.7489932775497437,182700,0.0,0.0
2023-11-14 00:00:00-05:00,1.748993723575004,1.772843614725407,1.748993723575004,1.764893651008606,307300,0.0,0.0
2023-11-15 00:00:00-05:00,1.7648936664842652,1.7728436302707764,1.7489937389112429,1.756943702697754,216200,0.0,0.0
2023-11-16 00:00:00-05:00,1.756943702697754,1.7648936664842652,1.756943702697754,1.756943702697754,77300,0.0,0.0
2023-11-17 00:00:00-05:00,1.7489937389112429,1.7648936664842652,1.7489937389112429,1.756943702697754,373500,0.0,0.0
2023-11-20 00:00:00-05:00,1.748993723575004,1.772843614725407,1.748993723575004,1.764893651008606,188700,0.0,0.0
2023-11-21 00:00:00-05:00,1.772843614725407,1.772843614725407,1.748993723575004,1.764893651008606,499700,0.0,0.0
2023-11-22 00:00:00-05:00,1.764893651008606,1.7887435421590092,1.756943687291805,1.764893651008606,529000,0.0,0.0
2023-11-24 00:00:00-05:00,1.772843614725407,1.780793578442208,1.764893651008606,1.764893651008606,496200,0.0,0.0
2023-11-27 00:00:00-05:00,1.756943553883877,1.7728434801101685,1.756943553883877,1.7728434801101685,283400,0.0,0.0
2023-11-28 00:00:00-05:00,1.772843614725407,1.780793578442208,1.748993723575004,1.764893651008606,746600,0.0,0.0
2023-11-29 00:00:00-05:00,1.7728434801101685,1.7887434063364602,1.7648935169970226,1.7728434801101685,502600,0.0,0.0
2023-11-30 00:00:00-05:00,1.7807934284210205,1.7887433914680846,1.7728434653739562,1.7807934284210205,171200,0.0,0.0
2023-12-01 00:00:00-05:00,1.7887435994896999,1.8046435274329076,1.780793635518096,1.7966935634613037,499300,0.0,0.0
2023-12-04 00:00:00-05:00,1.8046435274329076,1.8125934914045114,1.780793635518096,1.7966935634613037,585400,0.0,0.0
2023-12-05 00:00:00-05:00,1.792691861473486,1.8006949424743652,1.7846887804726066,1.8006949424743652,302200,0.015,0.0
2023-12-06 00:00:00-05:00,1.792692013974275,1.8247043407010182,1.792692013974275,1.8086981773376465,668400,0.0,0.0
2023-12-07 00:00:00-05:00,1.8167012590193323,1.8247043407010182,1.8006950956559609,1.8086981773376465,760400,0.0,0.0
2023-12-08 00:00:00-05:00,1.8006953866324449,1.8167015525822716,1.776686137707705,1.7926923036575317,1222900,0.0,0.0
2023-12-11 00:00:00-05:00,1.7846890687942505,1.800695233381851,1.7766859865004503,1.7846890687942505,883500,0.0,0.0
2023-12-12 00:00:00-05:00,1.7846892206826184,1.8006953866324449,1.776686137707705,1.7926923036575317,1000000,0.0,0.0
2023-12-13 00:00:00-05:00,1.8006949424743652,1.8167011044761239,1.7846887804726066,1.8006949424743652,1114500,0.0,0.0
2023-12-14 00:00:00-05:00,1.8167010055416628,1.832707166671753,1.8167010055416628,1.832707166671753,279100,0.0,0.0
2023-12-15 00:00:00-05:00,1.832707166671753,1.840710247236798,1.832707166671753,1.832707166671753,213700,0.0,0.0
2023-12-18 00:00:00-05:00,1.8247040027178454,1.84871324331576,1.8247040027178454,1.840710163116455,219400,0.0,0.0
2023-12-19 00:00:00-05:00,1.8407103171108912,1.8487133979797363,1.8407103171108912,1.8487133979797363,88400,0.0,0.0
2023-12-20 00:00:00-05:00,1.84871324331576,1.8567163235150648,1.8327070829171503,1.840710163116455,305800,0.0,0.0
2023-12-21 00:00:00-05:00,1.840710032762208,1.872722351292399,1.840710032762208,1.864719271659851,525600,0.0,0.0
2023-12-22 00:00:00-05:00,1.8647193552062646,1.880725515188496,1.8487131952240332,1.856716275215149,511200,0.0,0.0
2023-12-26 00:00:00-05:00,1.8687992095947266,1.9010198558213287,1.8607440480380761,1.8687992095947266,398200,0.015,0.0
2023-12-27 00:00:00-05:00,1.8687991116365101,1.8768542727709274,1.8526887893676758,1.8526887893676758,1172600,0.0,0.0
2023-12-28 00:00:00-05:00,1.8687991116365101,1.8768542727709274,1.8446336282332585,1.8526887893676758,718600,0.0,0.0
2023-12-29 00:00:00-05:00,1.8526888599045388,1.8687991827867367,1.84463369846344,1.84463369846344,1101600,0.0,0.0
2024-01-02 00:00:00-05:00,1.8607439505020928,1.8607439505020928,1.8365784670988412,1.8526887893676758,334100,0.0,0.0
2024-01-03 00:00:00-05:00,1.8526888599045388,1.8526888599045388,1.8365785370223409,1.84463369846344,517000,0.0,0.0
2024-01-04 00:00:00-05:00,1.8526887893676758,1.8607439505020928,1.8365784670988412,1.8526887893676758,749300,0.0,0.0
2024-01-05 00:00:00-05:00,1.8526888599045388,1.8768543442278356,1.84463369846344,1.84463369846344,863200,0.0,0.0
2024-01-08 00:00:00-05:00,1.8446336767883056,1.8607439994812014,1.836578515441858,1.8607439994812012,1388200,0.0,0.0
2024-01-09 00:00:00-05:00,1.8526887893676758,1.8607439505020928,1.8446336282332585,1.8526887893676758,523900,0.0,0.0
2024-01-10 00:00:00-05:00,1.8526888864814255,1.876854371151377,1.8526888864814255,1.8687992095947266,675000,0.0,0.0
2024-01-11 00:00:00-05:00,1.8687990205478788,1.8768541812896729,1.8607438598060846,1.8768541812896729,567700,0.0,0.0
2024-01-12 00:00:00-05:00,1.8687990205478788,1.9010196635150554,1.8526886990642903,1.8768541812896729,720500,0.0,0.0
2024-01-16 00:00:00-05:00,1.8607439505020928,1.8768542727709274,1.8526887893676758,1.8526887893676758,750700,0.0,0.0
2024-01-17 00:00:00-05:00,1.8526888599045388,1.8607440213456377,1.828523375581242,1.84463369846344,641600,0.0,0.0
2024-01-18 00:00:00-05:00,1.8526891715701141,1.8607443343662795,1.8365788459777832,1.8365788459777832,497900,0.0,0.0
2024-01-19 00:00:00-05:00,1.8446336282332585,1.8526887893676758,1.8365784670988412,1.8526887893676758,737100,0.0,0.0
2024-01-22 00:00:00-05:00,1.8446336282332585,1.8687991116365101,1.8446336282332585,1.8526887893676758,846800,0.0,0.0
2024-01-23 00:00:00-05:00,1.8526888381347535,1.868799160827649,1.8526888381347535,1.8607439994812012,409500,0.0,0.0
2024-01-24 00:00:00-05:00,1.8607440480380761,1.9010198558213287,1.8607440480380761,1.8687992095947266,945100,0.0,0.0
2024-01-25 00:00:00-05:00,1.8768543973875096,1.901019882395265,1.8768543973875096,1.8929647207260132,409900,0.0,0.0
2024-01-26 00:00:00-05:00,1.901019882395265,1.901019882395265,1.8849095590567613,1.8929647207260132,322200,0.0,0.0
2024-01-29 00:00:00-05:00,1.8849096298217773,1.9010199537651096,1.8768544678501111,1.8849096298217773,330300,0.0,0.0
2024-01-30 00:00:00-05:00,1.892964694264678,1.892964694264678,1.8687992095947266,1.8687992095947266,689500,0.0,0.0
2024-01-31 00:00:00-05:00,1.868799305878445,1.8929647917934433,1.868799305878445,1.8849096298217773,478400,0.0,0.0
2024-02-01 00:00:00-05:00,1.8849096298217773,1.9010199537651096,1.8768544678501111,1.8849096298217773,476700,0.0,0.0
2024-02-02 00:00:00-05:00,1.8849095327080276,1.8849095327080276,1.8607440480380761,1.8687992095947266,481600,0.0,0.0
2024-02-05 00:00:00-05:00,1.8607440480380761,1.8687992095947266,1.8607440480380761,1.8687992095947266,309100,0.0,0.0
2024-02-06 00:00:00-05:00,1.8890682074726446,1.8971757888793945,1.8647454632523945,1.8971757888793945,536200,0.015,0.0
2024-02-07 00:00:00-05:00,1.8971757506277511,1.9052833318710327,1.8890681693844695,1.9052833318710327,263700,0.0,0.0
2024-02-08 00:00:00-05:00,1.9052829376689746,1.9214980968006299,1.9052829376689746,1.9133905172348022,412200,0.0,0.0
2024-02-09 00:00:00-05:00,1.9214980968006299,1.9214980968006299,1.9052829376689746,1.9133905172348022,139800,0.0,0.0
2024-02-12 00:00:00-05:00,1.9133905172348022,1.9214980968006299,1.9052829376689746,1.9133905172348022,176800,0.0,0.0
2024-02-13 00:00:00-05:00,1.889068083232967,1.889068083232967,1.8728529214859009,1.8728529214859009,504200,0.0,0.0
2024-02-14 00:00:00-05:00,1.8890682074726446,1.8971757888793945,1.8890682074726446,1.8971757888793945,74600,0.0,0.0
2024-02-15 00:00:00-05:00,1.8971757888793945,1.9052833702861445,1.8971757888793945,1.8971757888793945,81300,0.0,0.0
2024-02-16 00:00:00-05:00,1.9052833318710327,1.9052833318710327,1.8971757506277511,1.9052833318710327,128400,0.0,0.0
2024-02-20 00:00:00-05:00,1.9052831685659108,1.9052831685659108,1.8890680074691772,1.8890680074691772,255300,0.0,0.0
2024-02-21 00:00:00-05:00,1.8890682074726446,1.9052833702861445,1.8890682074726446,1.8971757888793945,186200,0.0,0.0
2024-02-22 00:00:00-05:00,1.9133907491142776,1.9133907491142776,1.8890680074691772,1.8890680074691772,177400,0.0,0.0
2024-02-23 00:00:00-05:00,1.9052829376689746,1.9133905172348022,1.8971753581031472,1.9133905172348022,124200,0.0,0.0
2024-02-26 00:00:00-05:00,1.9133907491142776,1.9133907491142776,1.8890680074691772,1.8890680074691772,292800,0.0,0.0
2024-02-27 00:00:00-05:00,1.8971756641064998,1.8971756641064998,1.8728529214859009,1.8728529214859009,443100,0.0,0.0
2024-02-28 00:00:00-05:00,1.8890682074726446,1.8971757888793945,1.8728530446591445,1.8971757888793945,261400,0.0,0.0
2024-02-29 00:00:00-05:00,1.8971757888793945,1.9052833702861445,1.8971757888793945,1.8971757888793945,126400,0.0,0.0
2024-03-01 00:00:00-05:00,1.8971757506277511,1.9052833318710327,1.8971757506277511,1.9052833318710327,141400,0.0,0.0
2024-03-04 00:00:00-05:00,1.8971757888793945,1.9052833702861445,1.8971757888793945,1.8971757888793945,152000,0.0,0.0
2024-03-05 00:00:00-05:00,1.9052833318710327,1.9052833318710327,1.8971757506277511,1.9052833318710327,210200,0.0,0.0
2024-03-06 00:00:00-05:00,1.9052829376689746,1.9133905172348022,1.9052829376689746,1.9133905172348022,135000,0.0,0.0
2024-03-07 00:00:00-05:00,1.9133904808149342,1.9296058329378873,1.9133904808149342,1.9214980602264404,131800,0.0,0.0
2024-03-08 00:00:00-05:00,1.9214980968006299,1.9296058696664016,1.9133905172348022,1.9133905172348022,173600,0.0,0.0
2024-03-11 00:00:00-04:00,1.919926643371582,1.919926643371582,1.9035868570711478,1.919926643371582,473300,0.018,0.0
2024-03-12 00:00:00-04:00,1.919926643371582,1.9280965365217992,1.919926643371582,1.919926643371582,248500,0.0,0.0
2024-03-13 00:00:00-04:00,1.9280964505734237,1.9444364309310913,1.9199265577873943,1.9444364309310913,280200,0.0,0.0
2024-03-14 00:00:00-04:00,1.9444364309310913,1.9526063237171207,1.9362663433594531,1.9444364309310913,777300,0.0,0.0
2024-03-15 00:00:00-04:00,1.944436754315447,1.944436754315447,1.9280967712402342,1.9280967712402344,513700,0.0,0.0
2024-03-18 00:00:00-04:00,1.9199268770954483,1.9362666653850202,1.9199268770954483,1.9280967712402344,289000,0.0,0.0
2024-03-19 00:00:00-04:00,1.9280966478590333,1.936266541481018,1.9199267542370488,1.936266541481018,523900,0.0,0.0
2024-03-20 00:00:00-04:00,1.9362663433594531,1.9444364309310913,1.9199265577873943,1.9444364309310913,764500,0.0,0.0
2024-03-21 00:00:00-04:00,1.9526063237171207,1.9526063237171207,1.9280964505734237,1.9444364309310913,513100,0.0,0.0
2024-03-22 00:00:00-04:00,1.9444365463195994,1.952606439590454,1.9362664582631246,1.952606439590454,211300,0.0,0.0
2024-03-25 00:00:00-04:00,1.9526063237171207,1.9526063237171207,1.9362663433594531,1.9444364309310913,161400,0.0,0.0
2024-03-26 00:00:00-04:00,1.9444365463195994,1.952606439590454,1.9362664582631246,1.952606439590454,216200,0.0,0.0
2024-03-27 00:00:00-04:00,1.9526072667736853,1.968947060237423,1.9444373700418165,1.9607771635055542,323300,0.0,0.0
2024-03-28 00:00:00-04:00,1.968947045734012,1.9771169424057007,1.9607771490623231,1.9771169424057007,482300,0.0,0.0
2024-04-01 00:00:00-04:00,1.977116002075209,1.977116002075209,1.9444364309310913,1.9444364309310913,362300,0.0,0.0
2024-04-02 00:00:00-04:00,1.952606648460233,1.9607765426050188,1.9199268770954483,1.9280967712402344,446700,0.0,0.0
2024-04-03 00:00:00-04:00,1.9362664296720162,1.9362664296720162,1.919926643371582,1.919926643371582,105300,0.0,0.0
2024-04-04 00:00:00-04:00,1.9280966478590333,1.9444366298886313,1.9280966478590333,1.936266541481018,221700,0.0,0.0
2024-04-05 00:00:00-04:00,1.9362666653850202,1.944436754315447,1.9199268770954483,1.9280967712402344,474700,0.0,0.0
2024-04-08 00:00:00-04:00,1.9362666653850202,1.9362666653850202,1.9199268770954483,1.9280967712402344,475900,0.0,0.0
2024-04-09 00:00:00-04:00,1.9429154762093384,1.9429154762093384,1.8770539945257771,1.918217420578003,593600,0.018,0.0
2024-04-10 00:00:00-04:00,1.918217485272164,1.918217485272164,1.8935194288078574,1.9017521142959595,219500,0.0,0.0
2024-04-11 00:00:00-04:00,1.9099847997840618,1.9099847997840618,1.9017521142959595,1.9017521142959595,191900,0.0,0.0
2024-04-12 00:00:00-04:00,1.9099849860967255,1.9099849860967255,1.8852869272232056,1.8852869272232056,222100,0.0,0.0
2024-04-15 00:00:00-04:00,1.893519466572845,1.9017521522251426,1.868821409615952,1.8770540952682495,170500,0.0,0.0
2024-04-16 00:00:00-04:00,1.8770541877899667,1.885286873848061,1.8688215017318726,1.8688215017318726,180200,0.0,0.0
2024-04-17 00:00:00-04:00,1.8770539126384225,1.9017519671922938,1.8770539126384225,1.8935192823410034,151000,0.0,0.0
2024-04-18 00:00:00-04:00,1.8935192823410034,1.9017519671922938,1.885286597489713,1.8935192823410034,108200,0.0,0.0
2024-04-19 00:00:00-04:00,1.8935192823410034,1.9017519671922938,1.8770539126384225,1.8935192823410034,367300,0.0,0.0
2024-04-22 00:00:00-04:00,1.9017524975224052,1.9099851846694949,1.8935198103753155,1.9099851846694946,139300,0.0,0.0
2024-04-23 00:00:00-04:00,1.9099847353675579,1.918217420578003,1.9099847353675579,1.918217420578003,171100,0.0,0.0
2024-04-24 00:00:00-04:00,1.926450558963674,1.926450558963674,1.9017524975224052,1.9099851846694946,300400,0.0,0.0
2024-04-25 00:00:00-04:00,1.9017521142959595,1.918217485272164,1.885286743319755,1.9017521142959595,164700,0.0,0.0
2024-04-26 00:00:00-04:00,1.9017524975224052,1.9182178718165843,1.8935198103753155,1.9099851846694946,320000,0.0,0.0
2024-04-29 00:00:00-04:00,1.9017520501571128,1.918217420578003,1.9017520501571128,1.918217420578003,500500,0.0,0.0
2024-04-30 00:00:00-04:00,1.9099847997840618,1.918217485272164,1.8935194288078574,1.9017521142959595,613500,0.0,0.0
2024-05-01 00:00:00-04:00,1.9017520773393186,1.9264501333236694,1.9017520773393186,1.9264501333236694,995900,0.0,0.0
2024-05-02 00:00:00-04:00,1.9264501333236694,1.9346828186517864,1.9017520773393186,1.9264501333236694,379400,0.0,0.0
2024-05-03 00:00:00-04:00,1.926450305893107,1.942915678024292,1.9182176198275147,1.942915678024292,679200,0.0,0.0
2024-05-06 00:00:00-04:00,1.942915678024292,1.942915678024292,1.926450305893107,1.942915678024292,322300,0.0,0.0
2024-05-07 00:00:00-04:00,1.9495527577629022,1.9744408403751772,1.9495527577629022,1.9661446809768677,248300,0.018,0.0
2024-05-08 00:00:00-04:00,1.9578481912612915,1.9661441506305282,1.949552231892055,1.9578481912612915,126100,0.0,0.0
2024-05-09 00:00:00-04:00,1.9661442837153609,1.9661442837153609,1.9412564039230347,1.9412564039230347,606600,0.0,0.0
2024-05-10 00:00:00-04:00,1.9495526552200317,1.9578486163906623,1.9412566940494012,1.9495526552200317,522000,0.0,0.0
2024-05-13 00:00:00-04:00,1.9495527577629022,1.9661446809768677,1.9495527577629022,1.9661446809768677,362000,0.0,0.0
2024-05-14 00:00:00-04:00,1.9661441506305282,1.974440307791038,1.949552231892055,1.9578481912612915,378000,0.0,0.0
2024-05-15 00:00:00-04:00,1.974440336227417,1.974440336227417,1.9578482194587068,1.974440336227417,492400,0.0,0.0
2024-05-16 00:00:00-04:00,1.9744396771306918,1.9827356338500977,1.9661435226200759,1.9827356338500977,266000,0.0,0.0
2024-05-17 00:00:00-04:00,1.9827356338500977,1.9910315905695035,1.9744396771306918,1.9827356338500977,268200,0.0,0.0
2024-05-20 00:00:00-04:00,1.9910315905695035,1.9910315905695035,1.9744396771306918,1.9827356338500977,254300,0.0,0.0
2024-05-21 00:00:00-04:00,1.9910318124322701,2.0159196853637695,1.9827358547884368,2.0159196853637695,580800,0.0,0.0
2024-05-22 00:00:00-04:00,2.015919740371983,2.0325116561123915,2.007623782501779,2.0242156982421875,328500,0.0,0.0
2024-05-23 00:00:00-04:00,2.0242156430076026,2.0325116006514357,1.9910318124322701,2.0159196853637695,266600,0.0,0.0
2024-05-24 00:00:00-04:00,2.0159206557650395,2.0242166174022898,1.9993287324905396,1.9993287324905396,141900,0.0,0.0
2024-05-28 00:00:00-04:00,2.0076235040083152,2.0076235040083152,1.9661435226200759,1.9827356338500977,312200,0.0,0.0
2024-05-29 00:00:00-04:00,1.9910315905695035,1.9910315905695035,1.9578475659006702,1.9827356338500977,287700,0.0,0.0
2024-05-30 00:00:00-04:00,1.982736876900961,1.9993288007418615,1.982736876900961,1.9910328388214111,117300,0.0,0.0
2024-05-31 00:00:00-04:00,1.9993286648032778,2.007624626159668,1.9910327034468873,2.007624626159668,127700,0.0,0.0
2024-06-03 00:00:00-04:00,2.015919740371983,2.0242156982421875,2.007623782501779,2.0242156982421875,281800,0.0,0.0
2024-06-04 00:00:00-04:00,2.015919740371983,2.0408076139825955,2.007623782501779,2.0242156982421875,215000,0.0,0.0
2024-06-05 00:00:00-04:00,2.0309016704559326,2.0392592822989126,2.022544058612953,2.0309016704559326,233600,0.018,0.0
2024-06-06 00:00:00-04:00,2.0309018212826726,2.047617046210003,2.0225442088190073,2.039259433746338,127500,0.0,0.0
2024-06-07 00:00:00-04:00,2.039259433746338,2.047617046210003,2.0309018212826726,2.039259433746338,215900,0.0,0.0
2024-06-10 00:00:00-04:00,2.047617706313735,2.0559753214716987,2.0225448608398438,2.0225448608398438,118700,0.0,0.0
2024-06-11 00:00:00-04:00,2.0309024759978076,2.039260091155771,2.0058296305239165,2.0225448608398438,256600,0.0,0.0
2024-06-12 00:00:00-04:00,2.0309028074303614,2.0392604239522436,2.0141875743865967,2.0141875743865967,223600,0.0,0.0
2024-06-13 00:00:00-04:00,2.0225442088190073,2.047617046210003,2.0225442088190073,2.039259433746338,282400,0.0,0.0
2024-06-14 00:00:00-04:00,2.039260091155771,2.039260091155771,2.01418724568188,2.0225448608398438,69300,0.0,0.0
2024-06-17 00:00:00-04:00,2.0225448608398438,2.0225448608398438,1.9974720153659526,2.0225448608398438,251200,0.0,0.0
2024-06-18 00:00:00-04:00,2.01418724568188,2.0309024759978076,2.0058296305239165,2.0225448608398438,232300,0.0,0.0
2024-06-20 00:00:00-04:00,2.022545190908479,2.0309028074303614,2.0058299578647145,2.0141875743865967,205800,0.0,0.0
2024-06-21 00:00:00-04:00,2.022545190908479,2.022545190908479,2.0058299578647145,2.0141875743865967,177800,0.0,0.0
2024-06-24 00:00:00-04:00,2.022545190908479,2.0309028074303614,2.0141875743865967,2.0141875743865967,151100,0.0,0.0
2024-06-25 00:00:00-04:00,2.022545042916886,2.022545042916886,2.0058298110961914,2.0058298110961914,168700,0.0,0.0
2024-06-26 00:00:00-04:00,2.0058298110961914,2.0141874270065387,1.997472195185844,2.0058298110961914,172200,0.0,0.0
2024-06-27 00:00:00-04:00,2.0058299578647145,2.0141875743865967,1.997472341342832,2.0141875743865967,97900,0.0,0.0
2024-06-28 00:00:00-04:00,2.0141875743865967,2.022545190908479,2.0058299578647145,2.0141875743865967,503600,0.0,0.0
2024-07-01 00:00:00-04:00,2.0225448608398438,2.039260091155771,2.01418724568188,2.0225448608398438,205600,0.0,0.0
2024-07-02 00:00:00-04:00,2.022544058612953,2.0392592822989126,2.022544058612953,2.0309016704559326,345100,0.0,0.0
2024-07-03 00:00:00-04:00,2.0309016704559326,2.047616894141892,2.0309016704559326,2.0309016704559326,270000,0.0,0.0
2024-07-05 00:00:00-04:00,2.0309018212826726,2.055974658673669,2.0309018212826726,2.039259433746338,442900,0.0,0.0
2024-07-08 00:00:00-04:00,2.047616894141892,2.055974505984872,2.0309016704559326,2.0309016704559326,374800,0.0,0.0
2024-07-09 00:00:00-04:00,2.039259969427571,2.0559751987457275,2.030902354768493,2.0559751987457275,603600,0.0,0.0
2024-07-10 00:00:00-04:00,2.062710580224164,2.07112979888916,2.0542913615591676,2.07112979888916,199400,0.018,0.0
2024-07-11 00:00:00-04:00,2.071129674717738,2.087968111038208,2.0627104565575034,2.087968111038208,137500,0.0,0.0
2024-07-12 00:00:00-04:00,2.087968111038208,2.096387329198443,2.0795488928779733,2.087968111038208,185400,0.0,0.0
2024-07-15 00:00:00-04:00,2.087968111038208,2.087968111038208,2.0795488928779733,2.087968111038208,164100,0.0,0.0
2024-07-16 00:00:00-04:00,2.0795490057541657,2.104806661605835,2.0795490057541657,2.104806661605835,197000,0.0,0.0
2024-07-17 00:00:00-04:00,2.09638775231051,2.1048069721699885,2.0795493125915527,2.0795493125915527,243400,0.0,0.0
2024-07-18 00:00:00-04:00,2.0795486615743055,2.087967878798089,2.054291009902954,2.054291009902954,240000,0.0,0.0
2024-07-19 00:00:00-04:00,2.062710408969718,2.0711296269357176,2.0458719730377197,2.0458719730377197,203400,0.0,0.0
2024-07-22 00:00:00-04:00,2.0458721428941713,2.07112979888916,2.0458721428941713,2.07112979888916,157100,0.0,0.0
2024-07-23 00:00:00-04:00,2.0711302208226763,2.079549441202848,2.062711000442505,2.062711000442505,486500,0.0,0.0
2024-07-24 00:00:00-04:00,2.07112979888916,2.0795490175541564,2.062710580224164,2.07112979888916,201500,0.0,0.0
2024-07-25 00:00:00-04:00,2.071129674717738,2.087968111038208,2.071129674717738,2.087968111038208,133900,0.0,0.0
2024-07-26 00:00:00-04:00,2.0879681679323747,2.1048066047116682,2.079548949542728,2.0963873863220215,163600,0.0,0.0
2024-07-29 00:00:00-04:00,2.104806480577957,2.1132256984710693,2.104806480577957,2.1132256984710693,162900,0.0,0.0
2024-07-30 00:00:00-04:00,2.1132256984710693,2.1216449163641817,2.104806480577957,2.1132256984710693,126200,0.0,0.0
2024-07-31 00:00:00-04:00,2.113225868609646,2.155321961464419,2.113225868609646,2.1384835243225098,345400,0.0,0.0
2024-08-01 00:00:00-04:00,2.138483818296571,2.1469030380249023,2.130064598568239,2.1469030380249023,181400,0.0,0.0
2024-08-02 00:00:00-04:00,2.113225868609646,2.1384835243225098,2.113225868609646,2.1384835243225098,290400,0.0,0.0
2024-08-05 00:00:00-04:00,2.071130092732074,2.1048069721699885,2.0627108728725956,2.0795493125915527,275300,0.0,0.0
2024-08-06 00:00:00-04:00,2.0963873863220215,2.1048066047116682,2.0879681679323747,2.0963873863220215,155400,0.0,0.0
2024-08-07 00:00:00-04:00,2.111652374267578,2.1370939447778343,2.111652374267578,2.111652374267578,189400,0.018,0.0
2024-08-08 00:00:00-04:00,2.1201329231262207,2.1455744939407393,2.111652399521381,2.1201329231262207,365800,0.0,0.0
2024-08-09 00:00:00-04:00,2.1286134970382395,2.137094020843506,2.1286134970382395,2.137094020843506,129300,0.0,0.0
2024-08-12 00:00:00-04:00,2.137094020843506,2.1625355922593053,2.1286134970382395,2.137094020843506,191800,0.0,0.0
2024-08-13 00:00:00-04:00,2.1455743312835693,2.1455743312835693,2.1370938083216426,2.1455743312835693,94000,0.0,0.0
2024-08-14 00:00:00-04:00,2.128613233566284,2.1370937563218626,2.1201327108107058,2.128613233566284,114600,0.0,0.0
2024-08-15 00:00:00-04:00,2.1201327108107058,2.128613233566284,2.1201327108107058,2.128613233566284,141100,0.0,0.0
2024-08-16 00:00:00-04:00,2.1201327108107058,2.145574279077441,2.1201327108107058,2.128613233566284,183800,0.0,0.0
2024-08-19 00:00:00-04:00,2.1286132853597164,2.1455743312835693,2.1201327623977897,2.1455743312835693,152200,0.0,0.0
2024-08-20 00:00:00-04:00,2.1455743312835693,2.1455743312835693,2.1370938083216426,2.1455743312835693,112100,0.0,0.0
2024-08-21 00:00:00-04:00,2.1455743312835693,2.1540548542454956,2.1370938083216426,2.1455743312835693,226700,0.0,0.0
2024-08-22 00:00:00-04:00,2.154054880142212,2.154054880142212,2.14557435707833,2.154054880142212,101100,0.0,0.0
2024-08-23 00:00:00-04:00,2.154054880142212,2.171015926269976,2.14557435707833,2.154054880142212,302600,0.0,0.0
2024-08-26 00:00:00-04:00,2.162535454594094,2.1794965011249006,2.162535454594094,2.171015977859497,207300,0.0,0.0
2024-08-27 00:00:00-04:00,2.1794960498809814,2.1794960498809814,2.1710155283713894,2.1794960498809814,142200,0.0,0.0
2024-08-28 00:00:00-04:00,2.1879765713905734,2.2049376144097574,2.1794960498809814,2.1794960498809814,249700,0.0,0.0
2024-08-29 00:00:00-04:00,2.196457838383264,2.2049383627711667,2.1879773139953613,2.1879773139953613,227900,0.0,0.0
2024-08-30 00:00:00-04:00,2.2049383627711667,2.213418887159069,2.179496789607459,2.1879773139953613,288400,0.0,0.0
2024-09-03 00:00:00-04:00,2.1879774809429695,2.1964580059779553,2.154055380803027,2.1625359058380127,236300,0.0,0.0
2024-09-04 00:00:00-04:00,2.171015900169349,2.171015900169349,2.1455743312835693,2.1455743312835693,746000,0.0,0.0
2024-09-05 00:00:00-04:00,2.145574544648772,2.1625355922593053,2.137094020843506,2.137094020843506,662500,0.0,0.0
2024-09-06 00:00:00-04:00,2.137094020843506,2.1710161160645716,2.137094020843506,2.137094020843506,560600,0.0,0.0
2024-09-09 00:00:00-04:00,2.14557435707833,2.162535403206094,2.137093834014448,2.154054880142212,660100,0.0,0.0
2024-09-10 00:00:00-04:00,2.162535403206094,2.162535403206094,2.14557435707833,2.154054880142212,1015600,0.0,0.0
2024-09-11 00:00:00-04:00,2.160887843506158,2.160887843506158,2.135264691642612,2.143805742263794,760100,0.018,0.0
2024-09-12 00:00:00-04:00,2.1438057985959156,2.1523468494415283,2.1352647477503033,2.1523468494415283,829200,0.0,0.0
2024-09-13 00:00:00-04:00,2.1523468494415283,2.169428951132754,2.1438057985959156,2.1523468494415283,1064500,0.0,0.0
2024-09-16 00:00:00-04:00,2.1523466680747796,2.1694287683265876,2.1523466680747796,2.1608877182006836,861600,0.0,0.0
2024-09-17 00:00:00-04:00,2.169428701588992,2.1950518511784654,2.1608876517258344,2.1865108013153076,926600,0.0,0.0
2024-09-18 00:00:00-04:00,2.186510848547116,2.24629840251541,2.186510848547116,2.2292160987854004,1123500,0.0,0.0
2024-09-19 00:00:00-04:00,2.24629840251541,2.24629840251541,2.2292160987854004,2.2292160987854004,325800,0.0,0.0
2024-09-20 00:00:00-04:00,2.2292164800247884,2.2377575315331315,2.1779701709747314,2.1779701709747314,380400,0.0,0.0
2024-09-23 00:00:00-04:00,2.195051670074463,2.2035927192329368,2.1865106209159895,2.195051670074463,362800,0.0,0.0
2024-09-24 00:00:00-04:00,2.20359294864243,2.2292160987854004,2.20359294864243,2.2292160987854004,335800,0.0,0.0
2024-09-25 00:00:00-04:00,2.237757772334423,2.2548400808240374,2.2292167199069923,2.2462990283966064,664500,0.0,0.0
2024-09-26 00:00:00-04:00,2.2462989004515994,2.263381004333496,2.23775764487591,2.263381004333496,345800,0.0,0.0
2024-09-27 00:00:00-04:00,2.2633808218403555,2.2719218730926514,2.2633808218403555,2.2719218730926514,199900,0.0,0.0
2024-09-30 00:00:00-04:00,2.2804626175819527,2.2975447177886963,2.263380517375209,2.2975447177886963,324200,0.0,0.0
2024-10-01 00:00:00-04:00,2.289004290533761,2.289004290533761,2.2462990283966064,2.2462990283966064,269100,0.0,0.0
2024-10-02 00:00:00-04:00,2.263380801543549,2.263380801543549,2.2206753420303054,2.237757444381714,418400,0.0,0.0
2024-10-03 00:00:00-04:00,2.237757148833057,2.24629840251541,2.2206750487377436,2.2292160987854004,140300,0.0,0.0
2024-10-04 00:00:00-04:00,2.237757148833057,2.2548394525630666,2.2206750487377436,2.2292160987854004,462600,0.0,0.0
2024-10-07 00:00:00-04:00,2.24629840251541,2.263380502610724,2.2292160987854004,2.2292160987854004,196900,0.0,0.0
2024-10-08 00:00:00-04:00,2.2360969788143517,2.2618982791900635,2.2360969788143517,2.2618982791900635,167000,0.018,0.0
2024-10-09 00:00:00-04:00,2.261897912043883,2.2876990031827416,2.261897912043883,2.270498275756836,211500,0.0,0.0
2024-10-10 00:00:00-04:00,2.2704982568633447,2.287698984146118,2.2618978932219584,2.287698984146118,348500,0.0,0.0
2024-10-11 00:00:00-04:00,2.287699007994797,2.287699007994797,2.2360966205596924,2.2360966205596924,214000,0.0,0.0
2024-10-14 00:00:00-04:00,2.253297709032241,2.2704986442990083,2.244697343923296,2.2618982791900635,355100,0.0,0.0
2024-10-15 00:00:00-04:00,2.253297478258732,2.27049841176385,2.227496385574341,2.227496385574341,219400,0.0,0.0
2024-10-16 00:00:00-04:00,2.227496256828649,2.2360966205596924,2.227496256828649,2.2360966205596924,237900,0.0,0.0
2024-10-17 00:00:00-04:00,2.2360966205596924,2.2360966205596924,2.227496256828649,2.2360966205596924,183800,0.0,0.0
2024-10-18 00:00:00-04:00,2.236096492307279,2.244696855545044,2.2188957658317485,2.244696855545044,275300,0.0,0.0
2024-10-21 00:00:00-04:00,2.2532973432820853,2.270498275756836,2.2360966158561797,2.270498275756836,358200,0.0,0.0
2024-10-22 00:00:00-04:00,2.2704986225527732,2.2790989875793457,2.2618982575262008,2.2790989875793457,248000,0.0,0.0
2024-10-23 00:00:00-04:00,2.279098644263754,2.279098644263754,2.2360966205596924,2.2360966205596924,271600,0.0,0.0
2024-10-24 00:00:00-04:00,2.253297348021779,2.2618979168016677,2.227496256828649,2.2360966205596924,240700,0.0,0.0
2024-10-25 00:00:00-04:00,2.244696855545044,2.253297218782809,2.2274961290695137,2.244696855545044,184200,0.0,0.0
2024-10-28 00:00:00-04:00,2.253297125275297,2.253297125275297,2.218895673751831,2.218895673751831,240700,0.0,0.0
2024-10-29 00:00:00-04:00,2.2274960366326977,2.2274960366326977,2.2102953108709644,2.218895673751831,344800,0.0,0.0
2024-10-30 00:00:00-04:00,2.2102952003479004,2.2188955627987164,2.2102952003479004,2.2102952003479004,177100,0.0,0.0
2024-10-31 00:00:00-04:00,2.218895673751831,2.2274960366326977,2.2102953108709644,2.218895673751831,211400,0.0,0.0
2024-11-01 00:00:00-04:00,2.2274959252495328,2.2360962877003487,2.2102952003479004,2.2102952003479004,199500,0.0,0.0
2024-11-04 00:00:00-05:00,2.2102952003479004,2.2360962877003487,2.2102952003479004,2.2102952003479004,214100,0.0,0.0
2024-11-05 00:00:00-05:00,2.218895673751831,2.2274960366326977,2.2102953108709644,2.218895673751831,204900,0.0,0.0
2024-11-06 00:00:00-05:00,2.2171638219569147,2.260467762524535,2.2171638219569147,2.2518069744110107,325500,0.018,0.0
2024-11-07 00:00:00-05:00,2.2604673432000126,2.286449909210205,2.2604673432000126,2.286449909210205,283600,0.0,0.0
2024-11-08 00:00:00-05:00,2.286449902386834,2.2951106888679056,2.2777891159057617,2.2777891159057617,347100,0.0,0.0
2024-11-11 00:00:00-05:00,2.269128545387013,2.2864503280634527,2.2431461811065674,2.2431461811065674,284200,0.0,0.0
2024-11-12 00:00:00-05:00,2.251806717454797,2.251806717454797,2.21716356895387,2.2258243560791016,339400,0.0,0.0
2024-11-13 00:00:00-05:00,2.234485387802124,2.234485387802124,2.2258245997288397,2.234485387802124,254000,0.0,0.0
2024-11-14 00:00:00-05:00,2.243146165290485,2.2518069533229013,2.2171638011932373,2.2171638011932373,345700,0.0,0.0
2024-11-15 00:00:00-05:00,2.2258246049196035,2.2431461811065674,2.1998422406391582,2.2431461811065674,270700,0.0,0.0
2024-11-18 00:00:00-05:00,2.234485398183963,2.2518069744110107,2.234485398183963,2.2518069744110107,149900,0.0,0.0
2024-11-19 00:00:00-05:00,2.251806748115007,2.2691283226013184,2.2431459608718516,2.2691283226013184,233800,0.0,0.0
2024-11-20 00:00:00-05:00,2.269128129706931,2.286449909210205,2.2604673432000126,2.286449909210205,470400,0.0,0.0
2024-11-21 00:00:00-05:00,2.286449909210205,2.2951106957171232,2.277789122703287,2.286449909210205,252500,0.0,0.0
2024-11-22 00:00:00-05:00,2.2951114177703857,2.2951114177703857,2.2777898393070966,2.2951114177703857,208900,0.0,0.0
2024-11-25 00:00:00-05:00,2.2951114177703857,2.3037722070020306,2.2864506285387414,2.2951114177703857,260800,0.0,0.0
2024-11-26 00:00:00-05:00,2.3037714822240414,2.3124322687309595,2.269128129706931,2.286449909210205,301500,0.0,0.0
2024-11-27 00:00:00-05:00,2.286450338605169,2.286450338605169,2.260467767715454,2.260467767715454,267900,0.0,0.0
2024-11-29 00:00:00-05:00,2.2777898393070966,2.2951114177703857,2.2691288435859485,2.2951114177703857,69800,0.0,0.0
2024-12-02 00:00:00-05:00,2.2951111843056036,2.30377197265625,2.2777896076043107,2.30377197265625,242200,0.0,0.0
2024-12-03 00:00:00-05:00,2.2951114177703857,2.3124329962336754,2.2691288435859485,2.2951114177703857,802700,0.0,0.0
2024-12-04 00:00:00-05:00,2.30377197265625,2.30377197265625,2.286450395954957,2.30377197265625,217200,0.0,0.0
2024-12-05 00:00:00-05:00,2.3124329962336754,2.3124329962336754,2.2777898393070966,2.2951114177703857,248200,0.0,0.0
2024-12-06 00:00:00-05:00,2.302086687276547,2.302086687276547,2.2846464460388973,2.2933666706085205,117000,0.018,0.0
2024-12-09 00:00:00-05:00,2.3020872094424534,2.310807228088379,2.293367190796528,2.310807228088379,117200,0.0,0.0
2024-12-10 00:00:00-05:00,2.3108067697282832,2.31952678664455,2.284646511077881,2.284646511077881,263600,0.0,0.0
2024-12-11 00:00:00-05:00,2.302086752812017,2.302086752812017,2.2759264941616144,2.284646511077881,177700,0.0,0.0
2024-12-12 00:00:00-05:00,2.2759265435339855,2.293366785646458,2.25848650932312,2.25848650932312,281400,0.0,0.0
2024-12-13 00:00:00-05:00,2.2759270668029785,2.2759270668029785,2.258487028582393,2.2759270668029785,201400,0.0,0.0
2024-12-16 00:00:00-05:00,2.2759265435339855,2.284646560639418,2.241046475112255,2.25848650932312,565900,0.0,0.0
2024-12-17 00:00:00-05:00,2.267206720656385,2.267206720656385,2.241046667098999,2.241046667098999,138000,0.0,0.0
2024-12-18 00:00:00-05:00,2.241046237044378,2.2584862694025767,2.21488618850708,2.21488618850708,347400,0.0,0.0
2024-12-19 00:00:00-05:00,2.21488618850708,2.232326220865279,2.1974461561488816,2.21488618850708,323100,0.0,0.0
2024-12-20 00:00:00-05:00,2.2148867095262306,2.2497667824476464,2.2148867095262306,2.2323267459869385,174900,0.0,0.0
2024-12-23 00:00:00-05:00,2.241046475112255,2.267206526428553,2.2323264580068223,2.25848650932312,206300,0.0,0.0
2024-12-24 00:00:00-05:00,2.267206526428553,2.284646560639418,2.2497664922176877,2.25848650932312,174700,0.0,0.0
2024-12-26 00:00:00-05:00,2.267206907272339,2.275926925842554,2.258486888702124,2.267206907272339,231100,0.0,0.0
2024-12-27 00:00:00-05:00,2.283012333247427,2.283012333247427,2.2478890987899267,2.2654507160186768,107500,0.018,0.0
2024-12-30 00:00:00-05:00,2.26545089896616,2.2742317082896335,2.2303276616722676,2.247889280319214,185800,0.0,0.0
2024-12-31 00:00:00-05:00,2.2654505090690606,2.2654505090690606,2.221546470007833,2.239108085632324,336500,0.0,0.0
2025-01-02 00:00:00-05:00,2.2566699074043015,2.2654507160186768,2.2391082901755515,2.2654507160186768,90900,0.0,0.0
2025-01-03 00:00:00-05:00,2.2654508631025205,2.2742316722869873,2.2566700539180533,2.2742316722869873,129000,0.0,0.0
2025-01-06 00:00:00-05:00,2.26545080713649,2.2742316161040343,2.2566699981689453,2.2566699981689453,120800,0.0,0.0
2025-01-07 00:00:00-05:00,2.2742315246330516,2.2742315246330516,2.2566699074043015,2.2654507160186768,106700,0.0,0.0
2025-01-08 00:00:00-05:00,2.2654508631025205,2.2742316722869873,2.2566700539180533,2.2742316722869873,99100,0.0,0.0
2025-01-10 00:00:00-05:00,2.26545080713649,2.2742316161040343,2.2478891892014006,2.2566699981689453,199300,0.0,0.0
2025-01-13 00:00:00-05:00,2.26545080713649,2.2742316161040343,2.2478891892014006,2.2566699981689453,249400,0.0,0.0
2025-01-14 00:00:00-05:00,2.2654508631025205,2.2742316722869873,2.2566700539180533,2.2742316722869873,61800,0.0,0.0
2025-01-15 00:00:00-05:00,2.2654502111764203,2.300573437806916,2.2654502111764203,2.291792631149292,229300,0.0,0.0
2025-01-16 00:00:00-05:00,2.291792631149292,2.291792631149292,2.2742310178340444,2.291792631149292,202000,0.0,0.0
2025-01-17 00:00:00-05:00,2.3005733489990234,2.3005733489990234,2.283011736361698,2.3005733489990234,141900,0.0,0.0
2025-01-21 00:00:00-05:00,2.300573437806916,2.300573437806916,2.2742310178340444,2.291792631149292,184800,0.0,0.0
2025-01-22 00:00:00-05:00,2.283011736361698,2.3181351709872855,2.2742309300430352,2.3005733489990234,237400,0.0,0.0
2025-01-23 00:00:00-05:00,2.300573527335624,2.318135350685249,2.291792720336288,2.309354543685913,218200,0.0,0.0
2025-01-24 00:00:00-05:00,2.300573527335624,2.309354543685913,2.291792720336288,2.309354543685913,135600,0.0,0.0
2025-01-27 00:00:00-05:00,2.2830118244916684,2.309354453815484,2.2830118244916684,2.291792631149292,201700,0.0,0.0
2025-01-28 00:00:00-05:00,2.2830124814714545,2.2917932906559213,2.2742316722869873,2.2742316722869873,219300,0.0,0.0
2025-01-29 00:00:00-05:00,2.2830124814714545,2.2917932906559213,2.2654508631025205,2.2742316722869873,205900,0.0,0.0
2025-01-30 00:00:00-05:00,2.2830124814714545,2.2830124814714545,2.2654508631025205,2.2742316722869873,223900,0.0,0.0
2025-01-31 00:00:00-05:00,2.2830118244916684,2.291792631149292,2.2742310178340444,2.291792631149292,145300,0.0,0.0
2025-02-03 00:00:00-05:00,2.2830123901367188,2.2917931989698985,2.274231581303539,2.2830123901367188,145400,0.0,0.0
2025-02-04 00:00:00-05:00,2.3005740078030787,2.3005740078030787,2.274231581303539,2.2830123901367188,235100,0.0,0.0
2025-02-05 00:00:00-05:00,2.291792631149292,2.300573437806916,2.2830118244916684,2.291792631149292,174600,0.0,0.0
2025-02-06 00:00:00-05:00,2.2900242805480957,2.2988660649979042,2.281182496098287,2.2900242805480957,157700,0.018,0.0
2025-02-07 00:00:00-05:00,2.298866852224673,2.298866852224673,2.27234148979187,2.27234148979187,138100,0.0,0.0
2025-02-10 00:00:00-05:00,2.2723412850482436,2.2811830717291777,2.2634994983673096,2.2634994983673096,180500,0.0,0.0
2025-02-11 00:00:00-05:00,2.263499365739803,2.2988665103912354,2.263499365739803,2.2988665103912354,315200,0.0,0.0
2025-02-12 00:00:00-05:00,2.281183277269471,2.281183277269471,2.2634997023142693,2.27234148979187,852900,0.0,0.0
2025-02-13 00:00:00-05:00,2.2723414554538612,2.2988668174858318,2.2723414554538612,2.2811832427978516,264500,0.0,0.0
2025-02-14 00:00:00-05:00,2.290024724228377,2.2988665103912354,2.281182938065519,2.2988665103912354,107800,0.0,0.0
2025-02-18 00:00:00-05:00,2.298866714866495,2.307708501815796,2.290024927917194,2.307708501815796,148400,0.0,0.0
2025-02-19 00:00:00-05:00,2.2988665103912354,2.3077082965540936,2.281182938065519,2.2988665103912354,209000,0.0,0.0
2025-02-20 00:00:00-05:00,2.298866714866495,2.3165502887650966,2.298866714866495,2.307708501815796,82600,0.0,0.0
2025-02-21 00:00:00-05:00,2.307708501815796,2.3165502887650966,2.298866714866495,2.307708501815796,138500,0.0,0.0
2025-02-24 00:00:00-05:00,2.3077082965540936,2.316550082716952,2.2988665103912354,2.2988665103912354,518200,0.0,0.0
2025-02-25 00:00:00-05:00,2.307708501815796,2.3165502887650966,2.290024927917194,2.307708501815796,428400,0.0,0.0
2025-02-26 00:00:00-05:00,2.307708501815796,2.3165502887650966,2.298866714866495,2.307708501815796,702000,0.0,0.0
2025-02-27 00:00:00-05:00,2.2988660649979042,2.307707849447713,2.2900242805480957,2.2900242805480957,431500,0.0,0.0
2025-02-28 00:00:00-05:00,2.290024724228377,2.2988665103912354,2.281182938065519,2.2988665103912354,206500,0.0,0.0
2025-03-03 00:00:00-05:00,2.290025030141842,2.2988668174858318,2.2811832427978516,2.2811832427978516,484900,0.0,0.0
2025-03-04 00:00:00-05:00,2.281182496098287,2.2900242805480957,2.2723407116484786,2.2900242805480957,627200,0.0,0.0
2025-03-05 00:00:00-05:00,2.2811830717291777,2.2900248584101113,2.2634994983673096,2.2634994983673096,594600,0.0,0.0
2025-03-06 00:00:00-05:00,2.2634994983673096,2.2811830717291777,2.245815925005442,2.2634994983673096,359800,0.0,0.0
2025-03-07 00:00:00-05:00,2.2634997023142693,2.27234148979187,2.254657914836668,2.27234148979187,569400,0.0,0.0
2025-03-10 00:00:00-04:00,2.2634994983673096,2.2723412850482436,2.2546577116863755,2.2634994983673096,258000,0.0,0.0
2025-03-11 00:00:00-04:00,2.2617182101144127,2.2706226041582687,2.2528138160705566,2.2528138160705566,716800,0.018,0.0
2025-03-12 00:00:00-04:00,2.252814116350688,2.2706229068121537,2.252814116350688,2.261718511581421,297000,0.0,0.0
2025-03-13 00:00:00-04:00,2.2528139921366193,2.2617183868763875,2.2439095973968506,2.2439095973968506,190600,0.0,0.0
2025-03-14 00:00:00-04:00,2.2617182101144127,2.2706226041582687,2.2350050279828446,2.2528138160705566,487900,0.0,0.0
2025-03-17 00:00:00-04:00,2.2439095973968506,2.2528139921366193,2.2439095973968506,2.2439095973968506,185200,0.0,0.0
2025-03-18 00:00:00-04:00,2.2439095973968506,2.2528139921366193,2.2261008079173132,2.2439095973968506,186000,0.0,0.0
2025-03-19 00:00:00-04:00,2.2350053258892224,2.261718511581421,2.2350053258892224,2.261718511581421,665800,0.0,0.0
2025-03-20 00:00:00-04:00,2.2617182101144127,2.2706226041582687,2.2528138160705566,2.2528138160705566,406500,0.0,0.0
2025-03-21 00:00:00-04:00,2.2617188106839845,2.270623207092285,2.2528144142756834,2.270623207092285,487800,0.0,0.0
2025-03-24 00:00:00-04:00,2.2795276035005863,2.2795276035005863,2.2617188106839845,2.270623207092285,135300,0.0,0.0
2025-03-25 00:00:00-04:00,2.2706225550774506,2.279526948928833,2.2706225550774506,2.279526948928833,169500,0.0,0.0
2025-03-26 00:00:00-04:00,2.2795276035005863,2.2795276035005863,2.2617188106839845,2.270623207092285,157200,0.0,0.0
2025-03-27 00:00:00-04:00,2.2617182101144127,2.2884313922459807,2.2528138160705566,2.2528138160705566,436400,0.0,0.0
2025-03-28 00:00:00-04:00,2.2528138160705566,2.2706226041582687,2.226100633938989,2.2528138160705566,476400,0.0,0.0
2025-03-31 00:00:00-04:00,2.2528144142756834,2.270623207092285,2.2350056214590817,2.270623207092285,685000,0.0,0.0
2025-04-01 00:00:00-04:00,2.270622781616156,2.270622781616156,2.2439095973968506,2.2439095973968506,511700,0.0,0.0
2025-04-02 00:00:00-04:00,2.2439097211199552,2.261718511581421,2.2439097211199552,2.261718511581421,368000,0.0,0.0
2025-04-03 00:00:00-04:00,2.2439095347959177,2.25281392928727,2.2171963513218604,2.2350051403045654,433400,0.0,0.0
2025-04-04 00:00:00-04:00,2.1993873511026885,2.2082917447388333,2.07472562789917,2.07472562789917,411500,0.0,0.0
2025-04-07 00:00:00-04:00,2.0480131498966,2.0658219432811094,1.9767779763585644,2.0391087532043457,557600,0.0,0.0
2025-04-08 00:00:00-04:00,2.0747259808536973,2.1370569592080124,2.0391084002498183,2.056917190551758,448700,0.0,0.0
2025-04-09 00:00:00-04:00,2.01922477185311,2.1538398422292193,2.01922477185311,2.1179423332214355,719000,0.018,0.0
2025-04-10 00:00:00-04:00,2.0999942070926036,2.108968533081532,2.028199599181174,2.082045555114746,408300,0.0,0.0
2025-04-11 00:00:00-04:00,2.0730709370293194,2.1358914240651985,2.0640966123048763,2.1269168853759766,1472800,0.0,0.0
2025-04-14 00:00:00-04:00,2.126917112409056,2.1538403034210205,2.126917112409056,2.1538403034210205,434700,0.0,0.0
2025-04-15 00:00:00-04:00,2.153840528953457,2.180763508819772,2.153840528953457,2.1628148555755615,308800,0.0,0.0
2025-04-16 00:00:00-04:00,2.1538403034210205,2.1717889547857956,2.144865977738633,2.1538403034210205,398700,0.0,0.0
2025-04-17 00:00:00-04:00,2.1538403034210205,2.1717889547857956,2.1358916520562454,2.1538403034210205,512000,0.0,0.0
2025-04-21 00:00:00-04:00,2.144865748789641,2.1538400735140844,2.1269168853759766,2.1269168853759766,136600,0.0,0.0
2025-04-22 00:00:00-04:00,2.1358914375305176,2.162814411873577,2.1358914375305176,2.1358914375305176,782200,0.0,0.0
2025-04-23 00:00:00-04:00,2.1628143678759084,2.2076859908681934,2.1628143678759084,2.1717886924743652,761400,0.0,0.0
2025-04-24 00:00:00-04:00,2.162814830015393,2.2076864625956247,2.162814830015393,2.1807634830474854,746000,0.0,0.0
2025-04-25 00:00:00-04:00,2.189737319946289,2.2076859689651296,2.1807629954368686,2.189737319946289,541600,0.0,0.0
2025-04-28 00:00:00-04:00,2.1897373416712793,2.1987116662697366,2.1717886924743652,2.1717886924743652,337200,0.0,0.0
2025-04-29 00:00:00-04:00,2.171788424786739,2.207685718755983,2.171788424786739,2.198711395263672,463500,0.0,0.0
2025-04-30 00:00:00-04:00,2.189737319946289,2.2076859689651296,2.1807629954368686,2.189737319946289,251200,0.0,0.0
2025-05-01 00:00:00-04:00,2.18973729857455,2.2256345962618753,2.18973729857455,2.207685947418213,1093500,0.0,0.0
2025-05-02 00:00:00-04:00,2.207686649135574,2.2346096309585883,2.207686649135574,2.216660976409912,273600,0.0,0.0
2025-05-05 00:00:00-04:00,2.2166607254689112,2.2346093779856786,2.2166607254689112,2.225635051727295,115900,0.0,0.0
2025-05-06 00:00:00-04:00,2.207685947418213,2.2435832451055377,2.1987116229963815,2.207685947418213,709700,0.0,0.0
2025-05-07 00:00:00-04:00,2.225635051727295,2.2346093779856786,2.2076863992105276,2.225635051727295,563400,0.0,0.0
2025-05-08 00:00:00-04:00,2.2328672409057617,2.241907180523633,2.2238273012878906,2.2328672409057617,353300,0.018,0.0
2025-05-09 00:00:00-04:00,2.2238273012878906,2.241907180523633,2.2238273012878906,2.2328672409057617,60900,0.0,0.0
2025-05-12 00:00:00-04:00,2.2509463487351087,2.2780661582946777,2.2509463487351087,2.2780661582946777,611400,0.0,0.0
2025-05-13 00:00:00-04:00,2.269026041030884,2.296145848430169,2.269026041030884,2.269026041030884,527800,0.0,0.0
2025-05-14 00:00:00-04:00,2.2690262217748214,2.287106094814534,2.2690262217748214,2.2780661582946777,205600,0.0,0.0
2025-05-15 00:00:00-04:00,2.2780661582946777,2.287106094814534,2.2690262217748214,2.2780661582946777,135400,0.0,0.0
2025-05-16 00:00:00-04:00,2.2871060371398926,2.2871060371398926,2.259986228264212,2.2871060371398926,268100,0.0,0.0
2025-05-19 00:00:00-04:00,2.269026098213249,2.269026098213249,2.259986162185669,2.259986162185669,110400,0.0,0.0
2025-05-20 00:00:00-04:00,2.269026041030884,2.269026041030884,2.259986105231122,2.269026041030884,52700,0.0,0.0
2025-05-21 00:00:00-04:00,2.2599865178140015,2.2690264552640933,2.2328667054637266,2.2419066429138184,267700,0.0,0.0
2025-05-22 00:00:00-04:00,2.2419065845443025,2.2599864589737644,2.2328666473295717,2.250946521759033,197400,0.0,0.0
2025-05-23 00:00:00-04:00,2.2328667054637266,2.2419066429138184,2.2328667054637266,2.2419066429138184,142900,0.0,0.0
2025-05-27 00:00:00-04:00,2.2419065845443025,2.2599864589737644,2.2419065845443025,2.250946521759033,340800,0.0,0.0
2025-05-28 00:00:00-04:00,2.2509462261580895,2.269026098213249,2.2419062901305096,2.259986162185669,952400,0.0,0.0
2025-05-29 00:00:00-04:00,2.250946521759033,2.269026396188495,2.250946521759033,2.250946521759033,703600,0.0,0.0
2025-05-30 00:00:00-04:00,2.259986105231122,2.269026041030884,2.2509461694313604,2.269026041030884,189800,0.0,0.0
2025-06-02 00:00:00-04:00,2.2690262217748214,2.2780661582946777,2.2509463487351087,2.2780661582946777,343700,0.0,0.0
2025-06-03 00:00:00-04:00,2.2780661582946777,2.287106094814534,2.2690262217748214,2.2780661582946777,485700,0.0,0.0
2025-06-04 00:00:00-04:00,2.269026041030884,2.287105912630407,2.269026041030884,2.269026041030884,664200,0.0,0.0
2025-06-05 00:00:00-04:00,2.2780661582946777,2.287106094814534,2.2690262217748214,2.2780661582946777,340700,0.0,0.0
2025-06-06 00:00:00-04:00,2.294455534808681,2.294455534808681,2.2762455874752545,2.2853505611419678,940800,0.018,0.0
2025-06-09 00:00:00-04:00,2.2853498422011302,2.29445481300354,2.2762448713987204,2.29445481300354,666600,0.0,0.0
2025-06-10 00:00:00-04:00,2.29445481300354,2.29445481300354,2.2762448713987204,2.29445481300354,749400,0.0,0.0
2025-06-11 00:00:00-04:00,2.294455534808681,2.3035605084753943,2.2853505611419678,2.2853505611419678,757100,0.0,0.0
2025-06-12 00:00:00-04:00,2.2944552842854335,2.303560256958008,2.2853503116128593,2.303560256958008,307800,0.0,0.0
2025-06-13 00:00:00-04:00,2.29445481300354,2.29445481300354,2.2762448713987204,2.29445481300354,817900,0.0,0.0
2025-06-16 00:00:00-04:00,2.2853498422011302,2.30355978380595,2.2853498422011302,2.29445481300354,439100,0.0,0.0
2025-06-17 00:00:00-04:00,2.2944552842854335,2.303560256958008,2.2853503116128593,2.303560256958008,807300,0.0,0.0
2025-06-18 00:00:00-04:00,2.294455534808681,2.3035605084753943,2.2853505611419678,2.2853505611419678,766500,0.0,0.0
2025-06-20 00:00:00-04:00,2.294455042232642,2.3217699573687867,2.2853500705205936,2.3126649856567383,1050200,0.0,0.0
2025-06-23 00:00:00-04:00,2.303560256958008,2.3217702023031563,2.303560256958008,2.303560256958008,907600,0.0,0.0
2025-06-24 00:00:00-04:00,2.30356001394469,2.3308749290808346,2.30356001394469,2.3126649856567383,187200,0.0,0.0
2025-06-25 00:00:00-04:00,2.312664976539054,2.3308749198913574,2.312664976539054,2.3308749198913574,498400,0.0,0.0
2025-06-26 00:00:00-04:00,2.3308749198913574,2.339979891567509,2.3217699482152057,2.3308749198913574,844900,0.0,0.0
2025-06-27 00:00:00-04:00,2.3308749198913574,2.3490848632436614,2.3308749198913574,2.3308749198913574,349400,0.0,0.0
2025-06-30 00:00:00-04:00,2.330875371437741,2.367295265197754,2.330875371437741,2.367295265197754,923300,0.0,0.0
2025-07-01 00:00:00-04:00,2.3490850925445557,2.367295037674384,2.3399801199796415,2.3490850925445557,629800,0.0,0.0
2025-07-02 00:00:00-04:00,2.3399801145741033,2.376400004749627,2.3399801145741033,2.3581900596618652,657000,0.0,0.0
2025-07-03 00:00:00-04:00,2.358190291757751,2.3764002386377574,2.3490853183177474,2.367295265197754,1127000,0.0,0.0
2025-07-07 00:00:00-04:00,2.367295037674384,2.367295037674384,2.3308751474147273,2.3490850925445557,539400,0.0,0.0
2025-07-08 00:00:00-04:00,2.339979410171509,2.3581893497775437,2.339979410171509,2.339979410171509,362200,0.0,0.0
2025-07-09 00:00:00-04:00,2.3399803386519498,2.3764002323150635,2.3399803386519498,2.3764002323150635,980100,0.0,0.0
2025-07-10 00:00:00-04:00,2.365398222214322,2.383734625596823,2.3562300205230713,2.3562300205230713,937500,0.018,0.0
2025-07-11 00:00:00-04:00,2.347061765597237,2.374566370047146,2.347061765597237,2.3653981685638428,406600,0.0,0.0
2025-07-14 00:00:00-04:00,2.3653981685638428,2.3837345715304488,2.3653981685638428,2.3653981685638428,1019900,0.0,0.0
2025-07-15 00:00:00-04:00,2.3837345178815754,2.3837345178815754,2.3653981153276527,2.3745663166046143,349800,0.0,0.0
2025-07-16 00:00:00-04:00,2.3653981153276527,2.3837345178815754,2.3562299140506915,2.3745663166046143,882700,0.0,0.0
2025-07-17 00:00:00-04:00,2.3745667385763496,2.383734941482544,2.365398535670155,2.383734941482544,358700,0.0,0.0
2025-07-18 00:00:00-04:00,2.3745663166046143,2.3837345178815754,2.3653981153276527,2.3745663166046143,559400,0.0,0.0
2025-07-21 00:00:00-04:00,2.35622996708054,2.374566370047146,2.35622996708054,2.3653981685638428,155800,0.0,0.0
2025-07-22 00:00:00-04:00,2.3653981685638428,2.3837345715304488,2.3653981685638428,2.3653981685638428,135900,0.0,0.0
2025-07-23 00:00:00-04:00,2.365398222214322,2.374566423905572,2.3562300205230713,2.3562300205230713,1008500,0.0,0.0
2025-07-24 00:00:00-04:00,2.356230074383122,2.374566478184767,2.3470618724823,2.3470618724823,773600,0.0,0.0
2025-07-25 00:00:00-04:00,2.347061818831821,2.365398222214322,2.347061818831821,2.3562300205230713,160900,0.0,0.0
2025-07-28 00:00:00-04:00,2.3562300205230713,2.365398222214322,2.347061818831821,2.3562300205230713,247500,0.0,0.0
2025-07-29 00:00:00-04:00,2.3562300205230713,2.365398222214322,2.347061818831821,2.3562300205230713,179400,0.0,0.0
2025-07-30 00:00:00-04:00,2.365398222214322,2.365398222214322,2.347061818831821,2.3562300205230713,258200,0.0,0.0
2025-07-31 00:00:00-04:00,2.356230074383122,2.3653982762839445,2.3470618724823,2.3470618724823,716200,0.0,0.0
2025-08-01 00:00:00-04:00,2.347061818831821,2.3562300205230713,2.32872541544932,2.3562300205230713,622200,0.0,0.0
2025-08-04 00:00:00-04:00,2.3562299140506915,2.3745663166046143,2.3562299140506915,2.3745663166046143,775100,0.0,0.0
2025-08-05 00:00:00-04:00,2.3745663166046143,2.3745663166046143,2.3562299140506915,2.3745663166046143,753200,0.0,0.0
2025-08-06 00:00:00-04:00,2.3727196836031434,2.391184411092902,2.363487319858264,2.3819520473480225,851500,0.018,0.0
2025-08-07 00:00:00-04:00,2.3819519705467442,2.3819519705467442,2.3634872436523438,2.3634872436523438,693900,0.0,0.0
2025-08-08 00:00:00-04:00,2.3727195262908936,2.3819518894236635,2.3727195262908936,2.3727195262908936,260900,0.0,0.0
2025-08-11 00:00:00-04:00,2.3727195262908936,2.3819518894236635,2.3634871631581236,2.3727195262908936,324300,0.0,0.0
2025-08-12 00:00:00-04:00,2.363487319858264,2.3819520473480225,2.363487319858264,2.3819520473480225,357500,0.0,0.0
2025-08-13 00:00:00-04:00,2.372719607099544,2.3819519705467442,2.3634872436523438,2.3634872436523438,1122200,0.0,0.0
2025-08-14 00:00:00-04:00,2.3819517290567997,2.391184091567993,2.3634870040344125,2.391184091567993,749900,0.0,0.0
2025-08-15 00:00:00-04:00,2.3819519705467442,2.3819519705467442,2.3634872436523438,2.3634872436523438,449100,0.0,0.0
2025-08-18 00:00:00-04:00,2.3727196836031434,2.3819520473480225,2.363487319858264,2.3819520473480225,869600,0.0,0.0
2025-08-19 00:00:00-04:00,2.3819518894236635,2.3819518894236635,2.3634871631581236,2.3727195262908936,633600,0.0,0.0
2025-08-20 00:00:00-04:00,2.372719607099544,2.372719607099544,2.3450225167579433,2.3634872436523438,1244000,0.0,0.0
2025-08-21 00:00:00-04:00,2.354254722595215,2.3634870854243375,2.3357899969369695,2.354254722595215,696100,0.0,0.0
2025-08-22 00:00:00-04:00,2.345022359766092,2.37271944825346,2.345022359766092,2.354254722595215,1095600,0.0,0.0
2025-08-25 00:00:00-04:00,2.3542548000253536,2.3727195262908936,2.3542548000253536,2.3727195262908936,491400,0.0,0.0
2025-08-26 00:00:00-04:00,2.372719607099544,2.3819519705467442,2.3634872436523438,2.3634872436523438,545200,0.0,0.0
2025-08-27 00:00:00-04:00,2.3727196836031434,2.391184411092902,2.3727196836031434,2.3819520473480225,859300,0.0,0.0
2025-08-28 00:00:00-04:00,2.3819520473480225,2.391184411092902,2.3727196836031434,2.3819520473480225,194500,0.0,0.0
2025-08-29 00:00:00-04:00,2.3911844870057224,2.400416851043701,2.3819521229677436,2.400416851043701,165500,0.0,0.0
2025-09-02 00:00:00-04:00,2.3819520473480225,2.391184411092902,2.3727196836031434,2.3819520473480225,451100,0.0,0.0
2025-09-03 00:00:00-04:00,2.3819521229677436,2.400416851043701,2.3819521229677436,2.400416851043701,633300,0.0,0.0
2025-09-04 00:00:00-04:00,2.409649610519409,2.409649610519409,2.4004172449663446,2.409649610519409,291900,0.0,0.0
2025-09-05 00:00:00-04:00,2.409649610519409,2.409649610519409,2.4004172449663446,2.409649610519409,369900,0.0,0.0
2025-09-08 00:00:00-04:00,2.4096492904127764,2.41888165473938,2.400416926086173,2.41888165473938,265200,0.0,0.0
2025-09-09 00:00:00-04:00,2.41888165473938,2.4281142391829116,2.4096492904127764,2.41888165473938,402800,0.0,0.0
2025-09-10 00:00:00-04:00,2.426319067984357,2.435615301132202,2.417022834836512,2.435615301132202,346600,0.018,0.0
2025-09-11 00:00:00-04:00,2.407726287841797,2.4356149836500434,2.407726287841797,2.407726287841797,339200,0.0,0.0
2025-09-12 00:00:00-04:00,2.426318459055754,2.4356146898705417,2.4077259974261795,2.417022228240967,332000,0.0,0.0
2025-09-15 00:00:00-04:00,2.426318883895874,2.426318883895874,2.4170226514533484,2.426318883895874,267800,0.0,0.0
2025-09-16 00:00:00-04:00,2.426318883895874,2.4356151163384,2.4170226514533484,2.426318883895874,151700,0.0,0.0
2025-09-17 00:00:00-04:00,2.444911479949951,2.444911479949951,2.4263187941132327,2.444911479949951,700900,0.0,0.0
2025-09-18 00:00:00-04:00,2.4356151163384,2.44491157042059,2.4170226514533484,2.426318883895874,374300,0.0,0.0
2025-09-19 00:00:00-04:00,2.417022228240967,2.4356146898705417,2.417022228240967,2.417022228240967,634700,0.0,0.0
2025-09-22 00:00:00-04:00,2.4170226514533484,2.4356151163384,2.4170226514533484,2.426318883895874,283300,0.0,0.0
2025-09-23 00:00:00-04:00,2.417022228240967,2.4356146898705417,2.4077259974261795,2.417022228240967,623200,0.0,0.0
2025-09-24 00:00:00-04:00,2.417022228240967,2.426318459055754,2.417022228240967,2.417022228240967,153400,0.0,0.0
2025-09-25 00:00:00-04:00,2.417022834836512,2.435615301132202,2.407726601688667,2.435615301132202,625700,0.0,0.0
2025-09-26 00:00:00-04:00,2.426318459055754,2.426318459055754,2.417022228240967,2.417022228240967,180700,0.0,0.0
2025-09-29 00:00:00-04:00,2.426318459055754,2.426318459055754,2.4077259974261795,2.417022228240967,245000,0.0,0.0
2025-09-30 00:00:00-04:00,2.417022519777879,2.417022519777879,2.3891338239696327,2.407726287841797,381900,0.0,0.0
2025-10-01 00:00:00-04:00,2.4077259974261795,2.417022228240967,2.3984297666113923,2.417022228240967,238800,0.0,0.0
2025-10-02 00:00:00-04:00,2.4170223330411984,2.4170223330411984,2.3984298706054688,2.3984298706054688,356400,0.0,0.0
2025-10-03 00:00:00-04:00,2.4077261018233336,2.4170223330411984,2.389133639387604,2.3984298706054688,261500,0.0,0.0
2025-10-06 00:00:00-04:00,2.389133744597211,2.3984299762244516,2.3798375129699707,2.3798375129699707,148600,0.0,0.0
2025-10-07 00:00:00-04:00,2.389133535796605,2.417022228240967,2.389133535796605,2.417022228240967,207500,0.0,0.0
2025-10-08 00:00:00-04:00,2.4151504039764404,2.4245114434032957,2.3964283251227307,2.4151504039764404,544300,0.018,0.0
2025-10-09 00:00:00-04:00,2.4245111844732645,2.4338722229003906,2.4151501460461384,2.4338722229003906,562500,0.0,0.0
2025-10-10 00:00:00-04:00,2.4245114651665602,2.443233544188326,2.396428346633911,2.396428346633911,185700,0.0,0.0
2025-10-13 00:00:00-04:00,2.405789375305176,2.405789375305176,2.39642833583647,2.405789375305176,97300,0.0,0.0
2025-10-14 00:00:00-04:00,2.396428346633911,2.4057893861447943,2.396428346633911,2.396428346633911,214100,0.0,0.0
2025-10-15 00:00:00-04:00,2.405789375305176,2.415150414773881,2.39642833583647,2.405789375305176,352100,0.0,0.0
2025-10-16 00:00:00-04:00,2.396428346633911,2.415150425655677,2.396428346633911,2.396428346633911,166300,0.0,0.0
2025-10-17 00:00:00-04:00,2.3964281181624845,2.405789156780902,2.3683450023072328,2.3870670795440674,199400,0.0,0.0
2025-10-20 00:00:00-04:00,2.405789375305176,2.405789375305176,2.39642833583647,2.405789375305176,130800,0.0,0.0
2025-10-21 00:00:00-04:00,2.4057893861447943,2.4057893861447943,2.377706267612145,2.396428346633911,625900,0.0,0.0
2025-10-22 00:00:00-04:00,2.405789375305176,2.415150414773881,2.3870672963677646,2.405789375305176,207800,0.0,0.0
2025-10-23 00:00:00-04:00,2.4151504039764404,2.4151504039764404,2.4057893645495856,2.4151504039764404,104800,0.0,0.0
2025-10-24 00:00:00-04:00,2.415150414773881,2.415150414773881,2.39642833583647,2.405789375305176,179500,0.0,0.0
2025-10-27 00:00:00-04:00,2.4057893645495856,2.4245114434032957,2.4057893645495856,2.4151504039764404,134600,0.0,0.0
2025-10-28 00:00:00-04:00,2.4151506307604222,2.424511671066284,2.4151506307604222,2.424511671066284,112500,0.0,0.0
2025-10-29 00:00:00-04:00,2.415150414773881,2.4245114542425865,2.405789375305176,2.405789375305176,77500,0.0,0.0
2025-10-30 00:00:00-04:00,2.39642833583647,2.415150414773881,2.39642833583647,2.405789375305176,129200,0.0,0.0
2025-10-31 00:00:00-04:00,2.4057895904545608,2.424511671066284,2.4057895904545608,2.424511671066284,83000,0.0,0.0
2025-11-03 00:00:00-05:00,2.4245114542425865,2.4245114542425865,2.39642833583647,2.405789375305176,364600,0.0,0.0
2025-11-04 00:00:00-05:00,2.405789375305176,2.405789375305176,2.3870672963677646,2.405789375305176,189800,0.0,0.0
2025-11-05 00:00:00-05:00,2.405789375305176,2.405789375305176,2.3870672963677646,2.405789375305176,478200,0.0,0.0
2025-11-06 00:00:00-05:00,2.422757863998413,2.422757863998413,2.3850496053772625,2.422757863998413,683400,0.018,0.0
2025-11-07 00:00:00-05:00,2.4133310164564463,2.4133310164564463,2.385049819946289,2.385049819946289,623200,0.0,0.0
2025-11-10 00:00:00-05:00,2.3944764206709324,2.4039034843444824,2.3850493569973827,2.4039034843444824,468500,0.0,0.0
2025-11-11 00:00:00-05:00,2.4039034843444824,2.413330548018032,2.3944764206709324,2.4039034843444824,297600,0.0,0.0
2025-11-12 00:00:00-05:00,2.413330548018032,2.413330548018032,2.3944764206709324,2.4039034843444824,557600,0.0,0.0
2025-11-13 00:00:00-05:00,2.4039039509530604,2.4039039509530604,2.3661956889395177,2.385049819946289,621700,0.0,0.0
2025-11-14 00:00:00-05:00,2.38504958756052,2.3944766521453857,2.3756225229756542,2.3944766521453857,211000,0.0,0.0
2025-11-17 00:00:00-05:00,2.3756227389772904,2.394476869861319,2.3567686080932617,2.3567686080932617,411000,0.0,0.0
2025-11-18 00:00:00-05:00,2.3661956787109375,2.375622744173572,2.356768613248303,2.3661956787109375,534700,0.0,0.0
2025-11-19 00:00:00-05:00,2.3661956787109375,2.375622744173572,2.356768613248303,2.3661956787109375,642100,0.0,0.0
2025-11-20 00:00:00-05:00,2.3661954217560637,2.3756224861949744,2.337914228439331,2.337914228439331,450800,0.0,0.0
2025-11-21 00:00:00-05:00,2.347341292878242,2.3567683573171525,2.3284871640004203,2.337914228439331,457700,0.0,0.0
2025-11-24 00:00:00-05:00,2.347341547785669,2.375622744173572,2.347341547785669,2.3661956787109375,292500,0.0,0.0
2025-11-25 00:00:00-05:00,2.3661956889395177,2.394476885449675,2.3567686234361322,2.385049819946289,421900,0.0,0.0
2025-11-26 00:00:00-05:00,2.385049819946289,2.4039039509530604,2.385049819946289,2.385049819946289,257400,0.0,0.0
2025-11-28 00:00:00-05:00,2.38504958756052,2.4039037167302517,2.38504958756052,2.3944766521453857,244400,0.0,0.0
2025-12-01 00:00:00-05:00,2.3944766521453857,2.4039037167302517,2.38504958756052,2.3944766521453857,796000,0.0,0.0
2025-12-02 00:00:00-05:00,2.394476885449675,2.4039039509530604,2.385049819946289,2.385049819946289,599200,0.0,0.0
2025-12-03 00:00:00-05:00,2.3850493569973827,2.4039034843444824,2.3850493569973827,2.4039034843444824,947000,0.0,0.0
2025-12-04 00:00:00-05:00,2.4039039509530604,2.4039039509530604,2.385049819946289,2.385049819946289,599900,0.0,0.0
2025-12-05 00:00:00-05:00,2.3926453590393066,2.4021399744970227,2.3831507435815906,2.3926453590393066,405400,0.018,0.0
2025-12-08 00:00:00-05:00,2.383150888924956,2.392645504961729,2.3736562728881836,2.3736562728881836,208200,0.0,0.0
2025-12-09 00:00:00-05:00,2.3736562728881836,2.4021401209985016,2.3641616568514108,2.3736562728881836,727300,0.0,0.0
2025-12-10 00:00:00-05:00,2.37365629219149,2.4021401405334473,2.37365629219149,2.4021401405334473,581300,0.0,0.0
2025-12-11 00:00:00-05:00,2.4021399744970227,2.4021399744970227,2.3926453590393066,2.3926453590393066,333800,0.0,0.0
2025-12-12 00:00:00-05:00,2.392645671078289,2.392645671078289,2.383151054382324,2.383151054382324,194200,0.0,0.0
2025-12-15 00:00:00-05:00,2.3736562728881836,2.392645504961729,2.3641616568514108,2.3736562728881836,646400,0.0,0.0
2025-12-16 00:00:00-05:00,2.373656346142411,2.39264557880199,2.364161729812622,2.364161729812622,1391500,0.0,0.0
2025-12-17 00:00:00-05:00,2.3546668543183236,2.373656084887868,2.3356776237487793,2.3356776237487793,829900,0.0,0.0
2025-12-18 00:00:00-05:00,2.3546669483184814,2.3546669483184814,2.335677716990872,2.3546669483184814,905100,0.0,0.0
2025-12-19 00:00:00-05:00,2.335677716990872,2.364161563982286,2.335677716990872,2.3546669483184814,626100,0.0,0.0
2025-12-22 00:00:00-05:00,2.3356778087410928,2.3736562728881836,2.3356778087410928,2.3736562728881836,936900,0.0,0.0
2025-12-23 00:00:00-05:00,2.37174370649519,2.3813071799886707,2.362180233001709,2.362180233001709,808800,0.018,0.0
2025-12-24 00:00:00-05:00,2.3621800211740878,2.371743493809968,2.352616548538208,2.352616548538208,379000,0.0,0.0
2025-12-26 00:00:00-05:00,2.3621799682066147,2.381306913049489,2.3526164957851776,2.3717434406280518,1061000,0.0,0.0
2025-12-29 00:00:00-05:00,2.362180233001709,2.37174370649519,2.352616759508228,2.362180233001709,506500,0.0,0.0
2025-12-30 00:00:00-05:00,2.3621801516441794,2.3908705711364746,2.352616678480081,2.3908705711364746,601100,0.0,0.0
2025-12-31 00:00:00-05:00,2.3717434406280518,2.390870385470926,2.3717434406280518,2.3717434406280518,334300,0.0,0.0
2026-01-02 00:00:00-05:00,2.3717436518185417,2.3813071250915527,2.362180178545531,2.3813071250915527,405900,0.0,0.0
2026-01-05 00:00:00-05:00,2.3813071250915527,2.3908705983645633,2.3717436518185417,2.3813071250915527,276100,0.0,0.0
2026-01-06 00:00:00-05:00,2.3717435714308497,2.4099974632263184,2.3717435714308497,2.4099974632263184,311800,0.0,0.0
2026-01-07 00:00:00-05:00,2.4099974098421115,2.429124355316162,2.390870464368061,2.429124355316162,573800,0.0,0.0
2026-01-08 00:00:00-05:00,2.400433990277451,2.4099974632263184,2.400433990277451,2.4099974632263184,188200,0.0,0.0
2026-01-09 00:00:00-05:00,2.419560882579137,2.429124355316162,2.419560882579137,2.429124355316162,213000,0.0,0.0
2026-01-12 00:00:00-05:00,2.4195611476898193,2.4195611476898193,2.400434200120034,2.4195611476898193,548000,0.0,0.0
2026-01-13 00:00:00-05:00,2.4099974632263184,2.4195609361751855,2.400433990277451,2.4099974632263184,213700,0.0,0.0
2026-01-14 00:00:00-05:00,2.400433990277451,2.4099974632263184,2.390870517328584,2.4099974632263184,346500,0.0,0.0
2026-01-15 00:00:00-05:00,2.4099975174646717,2.4099975174646717,2.3908705711364746,2.3908705711364746,942200,0.0,0.0
2026-01-16 00:00:00-05:00,2.390870517328584,2.4099974632263184,2.390870517328584,2.4099974632263184,1045500,0.0,0.0
2026-01-20 00:00:00-05:00,2.390870517328584,2.4195609361751855,2.390870517328584,2.4099974632263184,1511100,0.0,0.0
2026-01-21 00:00:00-05:00,2.4004340171813965,2.4195609632935047,2.4004340171813965,2.4004340171813965,594000,0.0,0.0
2026-01-22 00:00:00-05:00,2.400433990277451,2.4291244091240527,2.400433990277451,2.4099974632263184,1319100,0.0,0.0
2026-01-23 00:00:00-05:00,2.409997490237451,2.4195609632935047,2.4004340171813965,2.4004340171813965,371100,0.0,0.0
2026-01-26 00:00:00-05:00,2.400434200120034,2.4195611476898193,2.400434200120034,2.4195611476898193,270500,0.0,0.0
2026-01-27 00:00:00-05:00,2.4099976739049267,2.429124621474712,2.4099976739049267,2.4195611476898193,454000,0.0,0.0
2026-01-28 00:00:00-05:00,2.4195611476898193,2.4386880952596046,2.4195611476898193,2.4195611476898193,458400,0.0,0.0
2026-01-29 00:00:00-05:00,2.419560882579137,2.429124355316162,2.419560882579137,2.429124355316162,163800,0.0,0.0
2026-01-30 00:00:00-05:00,2.4291240912451286,2.438687562942505,2.4291240912451286,2.438687562942505,407500,0.0,0.0
2026-02-02 00:00:00-05:00,2.43868801236477,2.448251485824585,2.429124538904955,2.448251485824585,258800,0.0,0.0
2026-02-03 00:00:00-05:00,2.448251485824585,2.448251485824585,2.429124538904955,2.448251485824585,303600,0.0,0.0
2026-02-04 00:00:00-05:00,2.438687828053187,2.4482513007902127,2.429124355316162,2.429124355316162,207300,0.0,0.0
2026-02-05 00:00:00-05:00,2.4271981246342875,2.4368298541114655,2.4079346656799316,2.4079346656799316,237200,0.018,0.0
2026-02-06 00:00:00-05:00,2.4079348531120077,2.4368300437927246,2.4079348531120077,2.4368300437927246,360100,0.0,0.0
2026-02-09 00:00:00-05:00,2.4271981716156006,2.436829901279212,2.407934712288377,2.4271981716156006,1656600,0.0,0.0
2026-02-10 00:00:00-05:00,2.4271981689797246,2.4753568172454834,2.4175664393265732,2.4753568172454834,638700,0.0,0.0
2026-02-11 00:00:00-05:00,2.436829993403719,2.4657251834869385,2.436829993403719,2.4657251834869385,419700,0.0,0.0
2026-02-12 00:00:00-05:00,2.4560934534591987,2.4657251834869385,2.4560934534591987,2.4657251834869385,214100,0.0,0.0
2026-02-13 00:00:00-05:00,2.4657251834869385,2.4657251834869385,2.4560934534591987,2.4657251834869385,202600,0.0,0.0
2026-02-17 00:00:00-05:00,2.4560934534591987,2.4657251834869385,2.446461723431459,2.4657251834869385,233800,0.0,0.0
2026-02-18 00:00:00-05:00,2.4560935042465357,2.465725234473441,2.4368300437927246,2.4368300437927246,204500,0.0,0.0
2026-02-19 00:00:00-05:00,2.436829901279212,2.4464616309428235,2.4271981716156006,2.4271981716156006,197400,0.0,0.0
2026-02-20 00:00:00-05:00,2.436829901279212,2.436829901279212,2.4271981716156006,2.4271981716156006,266600,0.0,0.0
2026-02-23 00:00:00-05:00,2.4175663951571096,2.4271981246342875,2.4079346656799316,2.4079346656799316,307300,0.0,0.0
2026-02-24 00:00:00-05:00,2.4175663476074747,2.4175663476074747,2.3886711597442627,2.3886711597442627,355400,0.0,0.0
2026-02-25 00:00:00-05:00,2.407934807811353,2.4175665378570557,2.3983030777656498,2.4175665378570557,109400,0.0,0.0
2026-02-26 00:00:00-05:00,2.4175665378570557,2.4175665378570557,2.3983030777656498,2.4175665378570557,356200,0.0,0.0
2026-02-27 00:00:00-05:00,2.4079347617829767,2.4079347617829767,2.388671302059797,2.3983030319213867,418200,0.0,0.0
2026-03-02 00:00:00-05:00,2.3886712556602125,2.3983029853347073,2.3790395259857178,2.3790395259857178,252000,0.0,0.0
2026-03-03 00:00:00-05:00,2.369408086417659,2.3790398172714475,2.350144624710083,2.350144624710083,397900,0.0,0.0
2026-03-04 00:00:00-05:00,2.388671548125236,2.388671548125236,2.350144624710083,2.350144624710083,505800,0.0,0.0
2026-03-05 00:00:00-05:00,2.350144243405446,2.3597759726965113,2.3212490555322485,2.34051251411438,537700,0.0,0.0
2026-03-06 00:00:00-05:00,2.350144146717053,2.350144146717053,2.301985502243042,2.301985502243042,274800,0.0,0.0
2026-03-09 00:00:00-04:00,2.2923539556065147,2.3116174149277,2.263458536986188,2.282721996307373,512800,0.0,0.0
2026-03-10 00:00:00-04:00,2.2904860717120217,2.3098971843719482,2.2807806310800367,2.3098971843719482,369500,0.018,0.0
2026-03-11 00:00:00-04:00,2.300191879272461,2.3196029950288644,2.300191879272461,2.300191879272461,352100,0.0,0.0
2026-03-12 00:00:00-04:00,2.2904863357543945,2.309897450651993,2.2904863357543945,2.2904863357543945,350300,0.0,0.0
2026-03-13 00:00:00-04:00,2.2904862335540837,2.300191674871839,2.280780792236328,2.280780792236328,276500,0.0,0.0
2026-03-16 00:00:00-04:00,2.2807809949120514,2.300191879272461,2.2807809949120514,2.300191879272461,75100,0.0,0.0
2026-03-17 00:00:00-04:00,2.30019185079253,2.3196029663085938,2.30019185079253,2.3196029663085938,167700,0.0,0.0
2026-03-18 00:00:00-04:00,2.3098971843719482,2.319602625003933,2.300191512344006,2.3098971843719482,302900,0.0,0.0
2026-03-19 00:00:00-04:00,2.290486437092256,2.3196029950288644,2.290486437092256,2.300191879272461,359600,0.0,0.0
2026-03-20 00:00:00-04:00,2.3001917094737956,2.3001917094737956,2.2613699436187744,2.2613699436187744,130300,0.0,0.0
2026-03-23 00:00:00-04:00,2.2807809949120514,2.300191879272461,2.2710755527318467,2.300191879272461,248300,0.0,0.0
2026-03-24 00:00:00-04:00,2.2807806310800367,2.3098971843719482,2.2807806310800367,2.3098971843719482,269000,0.0,0.0
2026-03-25 00:00:00-04:00,2.290486039609715,2.329308032989502,2.290486039609715,2.329308032989502,213400,0.0,0.0
2026-03-26 00:00:00-04:00,2.309897450651993,2.3293083341536076,2.27107545225278,2.2904863357543945,271400,0.0,0.0
2026-03-27 00:00:00-04:00,2.2904862680100404,2.2904862680100404,2.2613699436187744,2.2613699436187744,92500,0.0,0.0
2026-03-30 00:00:00-04:00,2.2613700452369563,2.271075487136841,2.2613700452369563,2.271075487136841,156400,0.0,0.0
2026-03-31 00:00:00-04:00,2.2807809960021816,2.3681302070617676,2.271075553817338,2.3681302070617676,271400,0.0,0.0
2026-04-01 00:00:00-04:00,2.358424354477376,2.3681297949733344,2.329308032989502,2.329308032989502,352600,0.0,0.0
2026-04-02 00:00:00-04:00,2.2904860717120217,2.319602625003933,2.2904860717120217,2.3098971843719482,288000,0.0,0.0
2026-04-06 00:00:00-04:00,2.319602625003933,2.3293080656359177,2.3098971843719482,2.3098971843719482,136000,0.0,0.0
2026-04-07 00:00:00-04:00,2.319602625003933,2.319602625003933,2.300191512344006,2.3098971843719482,190000,0.0,0.0
2026-04-08 00:00:00-04:00,2.3470590114593506,2.356838414292125,2.3372796086265764,2.3470590114593506,199400,0.018,0.0
2026-04-09 00:00:00-04:00,2.3372796086265764,2.356838414292125,2.327500205793802,2.3470590114593506,205400,0.0,0.0
2026-04-10 00:00:00-04:00,2.3568386038388907,2.3666180074581655,2.337279796600342,2.337279796600342,173800,0.0,0.0
2026-04-13 00:00:00-04:00,2.347059209930752,2.386176824569702,2.347059209930752,2.386176824569702,183900,0.0,0.0
2026-04-14 00:00:00-04:00,2.386176873985031,2.39595627784729,2.3666180662605125,2.39595627784729,256600,0.0,0.0
2026-04-15 00:00:00-04:00,2.39595627784729,2.405735681709549,2.386176873985031,2.39595627784729,67200,0.0,0.0
2026-04-16 00:00:00-04:00,2.3959563270617434,2.405735731124878,2.3861769229986094,2.405735731124878,127100,0.0,0.0
2026-04-17 00:00:00-04:00,2.3959563270617434,2.4155151351880124,2.3959563270617434,2.405735731124878,85400,0.0,0.0
2026-04-20 00:00:00-04:00,2.386176873985031,2.405735681709549,2.386176873985031,2.39595627784729,166700,0.0,0.0
2026-04-21 00:00:00-04:00,2.3959562282294398,2.4155150355489146,2.386176824569702,2.386176824569702,250900,0.0,0.0
2026-04-22 00:00:00-04:00,2.405735681709549,2.405735681709549,2.386176873985031,2.39595627784729,205800,0.0,0.0
2026-04-23 00:00:00-04:00,2.386176774747663,2.395956178203212,2.3763973712921143,2.3763973712921143,151900,0.0,0.0
2026-04-24 00:00:00-04:00,2.3666179678365653,2.395956178203212,2.3666179678365653,2.3763973712921143,333000,0.0,0.0
2026-04-27 00:00:00-04:00,2.3763974701227717,2.39595627784729,2.3666180662605125,2.39595627784729,215400,0.0,0.0
2026-04-28 00:00:00-04:00,2.376397560667978,2.386176964902851,2.3666181564331055,2.3666181564331055,858700,0.0,0.0
2026-04-29 00:00:00-04:00,2.3763973712921143,2.386176774747663,2.3666179678365653,2.3763973712921143,306000,0.0,0.0
2026-04-30 00:00:00-04:00,2.3763974701227717,2.4155150855718084,2.3763974701227717,2.39595627784729,453900,0.0,0.0
2026-05-01 00:00:00-04:00,2.3959562282294398,2.4057356318891774,2.386176824569702,2.386176824569702,191500,0.0,0.0
2026-05-04 00:00:00-04:00,2.395956369137724,2.4057357733725966,2.3666181564331055,2.3666181564331055,589000,0.0,0.0
2026-05-05 00:00:00-04:00,2.3763974209099645,2.386176824569702,2.3763974209099645,2.386176824569702,395400,0.0,0.0
2026-05-06 00:00:00-04:00,2.3959562282294398,2.4057356318891774,2.386176824569702,2.386176824569702,409400,0.0,0.0
2026-05-07 00:00:00-04:00,2.3842063568987606,2.3940584395763516,2.364502191543579,2.364502191543579,279400,0.018,0.0
2026-05-08 00:00:00-04:00,2.384206445531635,2.394058528575477,2.374354362487793,2.374354362487793,171400,0.0,0.0
2026-05-11 00:00:00-04:00,2.374354362487793,2.384206445531635,2.374354362487793,2.374354362487793,234300,0.0,0.0
2026-05-12 00:00:00-04:00,2.3743543003853302,2.3940584659576416,2.3645022175991746,2.3940584659576416,288500,0.0,0.0
2026-05-13 00:00:00-04:00,2.394058553754397,2.4039106369018555,2.374354387459479,2.4039106369018555,264500,0.0,0.0
2026-05-14 00:00:00-04:00,2.384206445531635,2.394058528575477,2.374354362487793,2.374354362487793,266300,0.0,0.0
2026-05-15 00:00:00-04:00,2.3743542742211696,2.3743542742211696,2.364502191543579,2.364502191543579,129800,0.0,0.0
2026-05-18 00:00:00-04:00,2.3842063568987606,2.3940584395763516,2.354650108865988,2.364502191543579,403000,0.0,0.0
2026-05-19 00:00:00-04:00,2.364502191543579,2.364502191543579,2.3447980261883976,2.364502191543579,176600,0.0,0.0
2026-05-20 00:00:00-04:00,2.3743543003853302,2.3940584659576416,2.354650134813019,2.3940584659576416,271800,0.0,0.0
2026-05-21 00:00:00-04:00,2.394058528575477,2.403910611619319,2.374354362487793,2.374354362487793,208800,0.0,0.0
2026-05-22 00:00:00-04:00,2.3940584659576416,2.4039105487437973,2.384206383171486,2.3940584659576416,178400,0.0,0.0
2026-05-26 00:00:00-04:00,2.3940584659576416,2.4039105487437973,2.384206383171486,2.3940584659576416,274600,0.0,0.0
2026-05-27 00:00:00-04:00,2.394058553754397,2.4039106369018555,2.3842064706069377,2.4039106369018555,92100,0.0,0.0
2026-05-28 00:00:00-04:00,2.3940584659576416,2.4039105487437973,2.3940584659576416,2.3940584659576416,177000,0.0,0.0
2026-05-29 00:00:00-04:00,2.4039103381073406,2.423614501953125,2.4039103381073406,2.423614501953125,173300,0.0,0.0
2026-06-01 00:00:00-04:00,2.4236148031967732,2.4236148031967732,2.4039106369018555,2.4039106369018555,235200,0.0,0.0
2026-06-02 00:00:00-04:00,2.4039106369018555,2.413762720049314,2.4039106369018555,2.4039106369018555,103500,0.0,0.0
2026-06-03 00:00:00-04:00,2.413762631529953,2.413762631529953,2.384206383171486,2.3940584659576416,154100,0.0,0.0
2026-06-04 00:00:00-04:00,2.394058553754397,2.4039106369018555,2.394058553754397,2.4039106369018555,72300,0.0,0.0
2026-06-05 00:00:00-04:00,2.392000198364258,2.4019255005716666,2.382074896156849,2.392000198364258,285700,0.018,0.0
2026-06-08 00:00:00-04:00,2.4019255005716666,2.4019255005716666,2.392000198364258,2.392000198364258,112300,0.0,0.0
2026-06-09 00:00:00-04:00,2.392000198364258,2.4019255005716666,2.392000198364258,2.392000198364258,75200,0.0,0.0
2026-06-10 00:00:00-04:00,2.3820748329162598,2.3920001348601665,2.3820748329162598,2.3820748329162598,133300,0.0,0.0
2026-06-11 00:00:00-04:00,2.3820748329162598,2.3920001348601665,2.3820748329162598,2.3820748329162598,138200,0.0,0.0
2026-06-12 00:00:00-04:00,2.4019253253936768,2.4019253253936768,2.3820747224266094,2.4019253253936768,289700,0.0,0.0
2026-06-15 00:00:00-04:00,2.392000198364258,2.4019255005716666,2.382074896156849,2.392000198364258,246900,0.0,0.0
2026-06-16 00:00:00-04:00,2.392000198364258,2.4019255005716666,2.382074896156849,2.392000198364258,334200,0.0,0.0
2026-06-17 00:00:00-04:00,2.401925436804073,2.401925436804073,2.3820748329162598,2.3820748329162598,352400,0.0,0.0
2026-06-18 00:00:00-04:00,2.401925436804073,2.41185073874798,2.3820748329162598,2.3820748329162598,252300,0.0,0.0
2026-06-22 00:00:00-04:00,2.3920001348601665,2.3920001348601665,2.3820748329162598,2.3820748329162598,166900,0.0,0.0
2026-06-23 00:00:00-04:00,2.3920001348601665,2.3920001348601665,2.3820748329162598,2.3820748329162598,200200,0.0,0.0
2026-06-24 00:00:00-04:00,2.3820747691464614,2.3920000708246607,2.3721494674682617,2.3721494674682617,324500,0.0,0.0
2026-06-25 00:00:00-04:00,2.3920000708246607,2.4019253725028604,2.3721494674682617,2.3721494674682617,401200,0.0,0.0
2026-06-26 00:00:00-04:00,2.382074896156849,2.392000198364258,2.3721495939494397,2.392000198364258,195200,0.0,0.0
2026-06-29 00:00:00-04:00,2.4019253253936768,2.4019253253936768,2.392000023910143,2.4019253253936768,219700,0.0,0.0
2026-06-30 00:00:00-04:00,2.3820747224266094,2.4019253253936768,2.3820747224266094,2.4019253253936768,317100,0.0,0.0
2026-07-01 00:00:00-04:00,2.4019253890949135,2.411850690841675,2.4019253890949135,2.411850690841675,205200,0.0,0.0
2026-07-02 00:00:00-04:00,2.4019253253936768,2.4118506268772104,2.4019253253936768,2.4019253253936768,279800,0.0,0.0
2026-07-06 00:00:00-04:00,2.4118506268772104,2.4118506268772104,2.4019253253936768,2.4019253253936768,132000,0.0,0.0
2026-07-07 00:00:00-04:00,2.4019255005716666,2.4118508027790755,2.392000198364258,2.392000198364258,239600,0.0,0.0
2026-07-08 00:00:00-04:00,2.392000198364258,2.4019255005716666,2.382074896156849,2.392000198364258,270100,0.0,0.0
2026-07-09 00:00:00-04:00,2.4000000953674316,2.4100000858306885,2.390000104904175,2.4000000953674316,271700,0.018,0.0
2026-07-10 00:00:00-04:00,2.4000000953674316,2.4100000858306885,2.390000104904175,2.4100000858306885,458400,0.0,0.0
2026-07-13 00:00:00-04:00,2.4000000953674316,2.4100000858306885,2.380000114440918,2.380000114440918,255700,0.0,0.0
2026-07-14 00:00:00-04:00,2.390000104904175,2.4100000858306885,2.380000114440918,2.4100000858306885,255100,0.0,0.0
2026-07-15 00:00:00-04:00,2.4000000953674316,2.4200000762939453,2.4000000953674316,2.4100000858306885,77000,0.0,0.0
2026-07-16 00:00:00-04:00,2.4000000953674316,2.4100000858306885,2.4000000953674316,2.4100000858306885,92000,0.0,0.0
2026-07-17 00:00:00-04:00,2.4100000858306885,2.4200000762939453,2.4000000953674316,2.4200000762939453,166400,0.0,0.0
2026-07-20 00:00:00-04:00,2.4200000762939453,2.4200000762939453,2.4000000953674316,2.4000000953674316,149700,0.0,0.0
2026-07-21 00:00:00-04:00,2.4100000858306885,2.4100000858306885,2.390000104904175,2.4000000953674316,423600,0.0,0.0
2026-07-22 00:00:00-04:00,2.4100000858306885,2.4100000858306885,2.380000114440918,2.4000000953674316,326100,0.0,0.0
2026-07-23 00:00:00-04:00,2.4000000953674316,2.4000000953674316,2.359999895095825,2.359999895095825,421300,0.0,0.0
2026-07-24 00:00:00-04:00,2.369999885559082,2.369999885559082,2.3399999141693115,2.3499999046325684,589100,0.0,0.0
