Date,Open,High,Low,Close,Volume,Dividends,Stock Splits
2012-06-21 00:00:00+08:00,28.61078262329102,28.71333062385,28.55950960098174,28.610782623291016,0,0.0,0.0
2012-06-22 00:00:00+08:00,28.61078262329102,28.71333062385,28.61078262329102,28.610782623291016,0,0.0,0.0
2012-06-25 00:00:00+08:00,28.354408264160156,28.71332522060574,28.200587270237783,28.354408264160156,0,0.0,0.0
2012-06-26 00:00:00+08:00,28.20058822631836,28.303136211056632,28.20058822631836,28.20058822631836,0,0.0,0.0
2012-06-27 00:00:00+08:00,28.098043441772464,28.200591438190315,28.098043441772464,28.09804344177246,0,0.0,0.0
2012-06-28 00:00:00+08:00,28.20058822631836,28.20058822631836,27.94421924244274,28.20058822631836,0,0.0,0.0
2012-06-29 00:00:00+08:00,28.456960678100586,28.456960678100586,27.94422264786454,28.456960678100586,0,0.0,0.0
2012-07-02 00:00:00+08:00,28.20058822631836,28.303136211056632,28.098040241580087,28.20058822631836,0,0.0,0.0
2012-07-03 00:00:00+08:00,28.303140640258793,28.303140640258793,28.303140640258793,28.30314064025879,0,0.0,0.0
2012-07-04 00:00:00+08:00,28.303140640258793,28.303140640258793,28.098044638686456,28.30314064025879,0,0.0,0.0
2012-07-05 00:00:00+08:00,28.354408264160156,28.45695624542176,28.354408264160156,28.354408264160156,0,0.0,0.0
2012-07-06 00:00:00+08:00,28.354408264160156,28.71332522060574,28.354408264160156,28.354408264160156,0,0.0,0.0
2012-07-09 00:00:00+08:00,28.61078262329102,28.71333062385,28.456961600422765,28.610782623291016,0,0.0,0.0
2012-07-10 00:00:00+08:00,28.20058822631836,28.45695721019398,28.20058822631836,28.20058822631836,0,0.0,0.0
2012-07-11 00:00:00+08:00,28.354408264160156,28.354408264160156,28.251860282898555,28.354408264160156,0,0.0,0.0
2012-07-12 00:00:00+08:00,28.354408264160156,28.45695624542176,28.354408264160156,28.354408264160156,0,0.0,0.0
2012-07-13 00:00:00+08:00,28.20058822631836,28.303136211056632,28.20058822631836,28.20058822631836,0,0.0,0.0
2012-07-16 00:00:00+08:00,28.20058822631836,28.303136211056632,28.20058822631836,28.20058822631836,0,0.0,0.0
2012-07-17 00:00:00+08:00,28.098043441772464,28.25186445842907,28.098043441772464,28.09804344177246,0,0.0,0.0
2012-07-18 00:00:00+08:00,28.20058822631836,28.251861240717435,28.098040241580087,28.20058822631836,0,0.0,0.0
2012-07-19 00:00:00+08:00,28.20058822631836,28.20058822631836,27.887817753039684,28.20058822631836,0,0.0,0.0
2012-07-20 00:00:00+08:00,28.20058822631836,28.20058822631836,28.20058822631836,28.20058822631836,0,0.0,0.0
2012-07-23 00:00:00+08:00,28.20058822631836,28.20058822631836,28.20058822631836,28.20058822631836,0,0.0,0.0
2012-07-24 00:00:00+08:00,28.474376678466797,29.95285434685306,28.3539074933125,28.474376678466797,0,3.5,0.0
2012-07-25 00:00:00+08:00,28.857685089111328,28.857685089111328,28.474375766784902,28.857685089111328,0,0.0,0.0
2012-07-26 00:00:00+08:00,28.74817657470703,28.74817657470703,28.74817657470703,28.74817657470703,0,0.0,0.0
2012-07-27 00:00:00+08:00,28.74817657470703,29.241003294392222,28.74817657470703,28.74817657470703,0,0.0,0.0
2012-07-30 00:00:00+08:00,28.20058822631836,28.47438034502048,28.20058822631836,28.20058822631836,0,0.0,0.0
2012-07-31 00:00:00+08:00,28.474376678466797,28.474376678466797,28.474376678466797,28.474376678466797,0,0.0,0.0
2012-08-01 00:00:00+08:00,28.20058822631836,28.47438034502048,27.92679610761624,28.20058822631836,0,0.0,0.0
2012-08-02 00:00:00+08:00,28.20058822631836,28.20058822631836,28.20058822631836,28.20058822631836,0,0.0,0.0
2012-08-03 00:00:00+08:00,27.926795959472653,28.200588076722386,27.926795959472653,27.926795959472656,0,0.0,0.0
2012-08-06 00:00:00+08:00,28.474376678466797,28.474376678466797,27.926792511573204,28.474376678466797,0,0.0,0.0
2012-08-07 00:00:00+08:00,28.20058822631836,28.47438034502048,28.20058822631836,28.20058822631836,0,0.0,0.0
2012-08-08 00:00:00+08:00,30.390926361083984,30.66471849046312,28.748173584809173,30.390926361083984,0,0.0,0.0
2012-08-09 00:00:00+08:00,30.117130279541016,30.390922372991387,29.131479160893253,30.117130279541016,0,0.0,0.0
2012-08-10 00:00:00+08:00,29.89810180664062,30.25950735942003,29.89810180664062,29.898101806640625,0,0.0,0.0
2012-08-13 00:00:00+08:00,29.51479721069336,29.569554809979245,29.021970461646298,29.51479721069336,0,0.0,0.0
2012-08-14 00:00:00+08:00,29.51479721069336,29.67907209741954,29.186245348372477,29.51479721069336,0,0.0,0.0
2012-08-15 00:00:00+08:00,30.390926361083984,31.00969715836392,29.733824832800426,30.390926361083984,0,0.0,0.0
2012-08-16 00:00:00+08:00,32.27461624145508,33.40264059382942,30.117134961649477,32.27461624145508,0,0.0,0.0
2012-08-17 00:00:00+08:00,31.32182502746582,33.02481267875021,31.32182502746582,31.32182502746582,0,0.0,0.0
2012-08-20 00:00:00+08:00,32.36222839355469,32.58126292946812,32.03367867855268,32.36222839355469,0,0.0,0.0
2012-08-21 00:00:00+08:00,32.58126449584961,32.855056634470195,32.307472357229024,32.58126449584961,0,0.0,0.0
2012-08-22 00:00:00+08:00,32.471744537353516,32.69077906568406,32.471744537353516,32.471744537353516,0,0.0,0.0
2012-08-23 00:00:00+08:00,32.74553680419922,32.74553680419922,32.58126195162849,32.74553680419922,0,0.0,0.0
2012-08-24 00:00:00+08:00,32.74553680419922,32.96457133353891,32.74553680419922,32.74553680419922,0,0.0,0.0
2012-08-27 00:00:00+08:00,32.307472229003906,33.1288486416057,32.307472229003906,32.307472229003906,0,0.0,0.0
2012-08-28 00:00:00+08:00,32.307472229003906,32.69078163932505,31.75988795393604,32.307472229003906,0,0.0,0.0
2012-08-29 00:00:00+08:00,32.307472229003906,32.307472229003906,32.307472229003906,32.307472229003906,0,0.0,0.0
2012-08-30 00:00:00+08:00,32.636024475097656,32.636024475097656,32.3074747202694,32.636024475097656,0,0.0,0.0
2012-08-31 00:00:00+08:00,32.74553680419922,33.43001709730066,32.74553680419922,32.74553680419922,0,0.0,0.0
2012-09-03 00:00:00+08:00,33.12884521484375,33.2931200625983,32.85505310563016,33.12884521484375,0,0.0,0.0
2012-09-04 00:00:00+08:00,33.40263366699219,33.95021782546747,32.855049508516906,33.40263366699219,0,0.0,0.0
2012-09-05 00:00:00+08:00,33.29312515258789,33.51215970899287,33.12885027971833,33.29312515258789,0,0.0,0.0
2012-09-06 00:00:00+08:00,33.01932907104492,33.676430573173135,33.01932907104492,33.01932907104492,0,0.0,0.0
2012-09-07 00:00:00+08:00,33.78594970703125,34.22401670305673,33.12884816855892,33.78594970703125,0,0.0,0.0
2012-09-10 00:00:00+08:00,33.8407096862793,33.8407096862793,33.40264265934031,33.8407096862793,0,0.0,0.0
2012-09-11 00:00:00+08:00,33.40263366699219,33.95021782546747,33.40263366699219,33.40263366699219,0,0.0,0.0
2012-09-12 00:00:00+08:00,33.51215744018555,33.78594957272159,33.12884803686145,33.51215744018555,0,0.0,0.0
2012-09-13 00:00:00+08:00,33.238365173339844,33.51215730476955,32.85505577156462,33.238365173339844,0,0.0,0.0
2012-09-14 00:00:00+08:00,33.29312515258789,33.51215970899287,33.12885027971833,33.29312515258789,0,0.0,0.0
2012-09-17 00:00:00+08:00,33.67643737792969,34.295208275610605,33.347887604911925,33.67643737792969,0,0.0,0.0
2012-09-18 00:00:00+08:00,33.67643737792969,33.950229551734,33.402645204125385,33.67643737792969,0,0.0,0.0
2012-09-19 00:00:00+08:00,34.77159881591797,35.16038312024793,33.40263823261411,34.77159881591797,0,0.0,0.0
2012-09-20 00:00:00+08:00,35.04539108276367,35.592975318431854,34.66208170002233,35.04539108276367,0,0.0,0.0
2012-09-21 00:00:00+08:00,35.20966720581055,35.86676660223803,34.88111541872876,35.20966720581055,0,0.0,0.0
2012-09-24 00:00:00+08:00,35.75725173950195,35.86676691394628,35.31918268625244,35.75725173950195,0,0.0,0.0
2012-09-25 00:00:00+08:00,36.14056396484375,36.68814826734138,35.86677181359493,36.14056396484375,0,0.0,0.0
2012-09-26 00:00:00+08:00,36.852420806884766,37.46571247833547,36.14055962796671,36.852420806884766,0,0.0,0.0
2012-09-27 00:00:00+08:00,37.783321380615234,38.61564778152008,37.235737012780234,37.783321380615234,0,0.0,0.0
2012-09-28 00:00:00+08:00,38.22138214111329,39.69985793805676,37.64641701022624,38.22138214111328,0,0.0,0.0
2012-10-01 00:00:00+08:00,38.49517059326171,38.87847785880346,37.78330946841463,38.49517059326172,0,0.0,0.0
2012-10-02 00:00:00+08:00,36.41434860229492,38.6156352059141,36.41434860229492,36.41434860229492,0,0.0,0.0
2012-10-03 00:00:00+08:00,36.14056396484375,37.42738624016585,35.89415269981449,36.14056396484375,0,0.0,0.0
2012-10-04 00:00:00+08:00,36.688148498535156,37.23573280448344,36.60601001709557,36.688148498535156,0,0.0,0.0
2012-10-05 00:00:00+08:00,36.82504653930664,37.23573479067437,36.688150455517395,36.82504653930664,0,0.0,0.0
2012-10-08 00:00:00+08:00,37.67379379272461,38.33089314700756,36.688140583564376,37.67379379272461,0,0.0,0.0
2012-10-09 00:00:00+08:00,37.23572540283203,38.60468589558321,33.40263602312873,37.23572540283203,0,0.0,0.0
2012-10-11 00:00:00+08:00,36.74290084838867,38.05710383060424,36.46910873449943,36.74290084838867,0,0.0,0.0
2012-10-12 00:00:00+08:00,37.12621307373047,37.454762781569386,36.68814401145444,37.12621307373047,0,0.0,0.0
2012-10-15 00:00:00+08:00,36.74290084838867,37.40000442836451,36.551247204213425,36.74290084838867,0,0.0,0.0
2012-10-16 00:00:00+08:00,36.688148498535156,36.961940651509295,36.140564192586865,36.688148498535156,0,0.0,0.0
2012-10-17 00:00:00+08:00,36.96193313598633,37.78330942789714,36.414348941379124,36.96193313598633,0,0.0,0.0
2012-10-18 00:00:00+08:00,36.68813801497864,38.22137530460927,36.195311444901975,38.057098388671875,6102000,0.0,0.0
2012-10-19 00:00:00+08:00,37.23573366068432,37.50952581995406,36.304841990261934,36.52387237548828,2628000,0.0,0.0
2012-10-22 00:00:00+08:00,35.92152450116844,37.12621230873655,35.75725173950195,35.75725173950195,1798000,0.0,0.0
2012-10-23 00:00:00+08:00,35.75725031900588,36.35959210999319,35.75725031900588,35.812007904052734,1394000,0.0,0.0
2012-10-24 00:00:00+08:00,35.59298016048349,36.085806875176,34.826361290710345,35.154911041259766,1381000,0.0,0.0
2012-10-25 00:00:00+08:00,35.48345744029654,36.1405568019652,35.15490358172635,35.42869567871094,1184000,0.0,0.0
2012-10-26 00:00:00+08:00,35.81200479983054,36.35958895830583,33.40263366699219,33.40263366699219,1329000,0.0,0.0
2012-10-29 00:00:00+08:00,33.95022477774784,33.95022477774784,31.102786152808253,31.7598876953125,1368000,0.0,0.0
2012-10-30 00:00:00+08:00,32.80029597621356,33.95022201538086,32.5265038631863,33.95022201538086,1797000,0.0,0.0
2012-10-31 00:00:00+08:00,34.49781408691406,34.716848662695845,33.1836108099604,34.224021911621094,1382000,0.0,0.0
2012-11-01 00:00:00+08:00,33.895466267712145,35.20966931710748,33.45739719200159,34.71684265136719,1177000,0.0,0.0
2012-11-02 00:00:00+08:00,35.045393375896914,35.31918551164611,34.27877456025188,34.333534240722656,834000,0.0,0.0
2012-11-05 00:00:00+08:00,33.950221542484506,34.22401365169809,32.9645703670892,33.12884521484375,717000,0.0,0.0
2012-11-06 00:00:00+08:00,33.293121483834945,33.56691360473633,32.58126238726496,33.56691360473633,546000,0.0,0.0
2012-11-07 00:00:00+08:00,33.293121189526005,33.731188161322116,32.74553695256384,33.01932907104492,866000,0.0,0.0
2012-11-08 00:00:00+08:00,32.19795649721266,32.85505807651666,32.19795649721266,32.52650833129883,440000,0.0,0.0
2012-11-09 00:00:00+08:00,31.924157780254433,32.96456857422789,31.869400196937054,32.143192291259766,812000,0.0,0.0
2012-11-12 00:00:00+08:00,32.30747457854703,32.41699185929883,31.212305948765774,31.59561538696289,644000,0.0,0.0
2012-11-13 00:00:00+08:00,31.59561493364853,31.59561493364853,30.500446319580078,30.500446319580078,611000,0.0,0.0
2012-11-14 00:00:00+08:00,30.500443696882,31.65036980722571,30.500443696882,31.431337356567383,550000,0.0,0.0
2012-11-15 00:00:00+08:00,31.4313329630195,32.30746682092105,30.993263945200837,32.08843231201172,621000,0.0,0.0
2012-11-16 00:00:00+08:00,31.924161937199752,32.03367920696301,31.376577677251667,31.431337356567383,307000,0.0,0.0
2012-11-19 00:00:00+08:00,31.540851356367746,31.540851356367746,29.240999221801758,29.240999221801758,988000,0.0,0.0
2012-11-20 00:00:00+08:00,29.7885877219713,29.843345318200452,29.021968841552734,29.021968841552734,497000,0.0,0.0
2012-11-21 00:00:00+08:00,29.02196716548655,29.18624203355527,28.474382879345292,28.52914047241211,323000,0.0,0.0
2012-11-22 00:00:00+08:00,29.07671749553517,29.18623474318097,28.638650593819726,28.857685089111328,202000,0.0,0.0
2012-11-23 00:00:00+08:00,29.18624263769553,30.06237876697807,29.18624263769553,29.898101806640625,461000,0.0,0.0
2012-11-26 00:00:00+08:00,29.952862012545854,30.500446319580078,29.67906985902874,30.500446319580078,493000,0.0,0.0
2012-11-27 00:00:00+08:00,30.500439628145116,30.555197211288032,30.117130279541016,30.117130279541016,246000,0.0,0.0
2012-11-28 00:00:00+08:00,30.11713296865461,30.993266910377326,30.007615703722248,30.71947479248047,354000,0.0,0.0
2012-11-29 00:00:00+08:00,30.993270942589866,31.15754790579482,30.390929040399563,30.500446319580078,377000,0.0,0.0
2012-11-30 00:00:00+08:00,30.55519912944078,31.157543026165467,30.55519912944078,30.883750915527344,349000,0.0,0.0
2012-12-03 00:00:00+08:00,30.993266976511293,33.01932907104492,30.993266976511293,33.01932907104492,1889000,0.0,0.0
2012-12-04 00:00:00+08:00,32.9645703670892,33.457394910352846,32.41698614866203,33.12884521484375,1232000,0.0,0.0
2012-12-05 00:00:00+08:00,33.29312289860943,33.84070716368152,33.2383653076495,33.51215744018555,893000,0.0,0.0
2012-12-06 00:00:00+08:00,33.9502276721475,33.9502276721475,32.58126687891575,32.636024475097656,681000,0.0,0.0
2012-12-07 00:00:00+08:00,32.636020821880685,33.019330218852296,32.307471103829684,32.416988372802734,318000,0.0,0.0
2012-12-10 00:00:00+08:00,32.8550505507875,33.12884263871073,32.47174120992141,32.80029296875,477000,0.0,0.0
2012-12-11 00:00:00+08:00,32.90981115033003,34.16925654134989,32.30746933721726,33.95022201538086,740000,0.0,0.0
2012-12-12 00:00:00+08:00,34.11450213647114,34.278777011896075,33.51216023029025,33.895469665527344,742000,0.0,0.0
2012-12-13 00:00:00+08:00,33.89547040481372,33.89547040481372,33.34788608220845,33.457401275634766,428000,0.0,0.0
2012-12-14 00:00:00+08:00,33.4573958912511,33.4573958912511,32.58126195162849,32.74553680419922,288000,0.0,0.0
2012-12-17 00:00:00+08:00,32.85506057739258,33.128852748870855,32.58126840591431,32.85506057739258,276000,0.0,0.0
2012-12-18 00:00:00+08:00,33.019330196143834,33.074089875026786,32.855055337231306,32.909812927246094,178000,0.0,0.0
2012-12-19 00:00:00+08:00,33.128852748870855,33.18361034761911,32.63602600466257,32.85506057739258,208000,0.0,0.0
2012-12-20 00:00:00+08:00,32.36222198268082,32.85504854642428,32.03367233276367,32.03367233276367,364000,0.0,0.0
2012-12-21 00:00:00+08:00,32.08843231201172,32.30746682092105,32.03367472921833,32.08843231201172,124000,0.0,0.0
2012-12-24 00:00:00+08:00,32.58125647520408,32.58125647520408,31.869397507805097,32.03367233276367,117000,0.0,0.0
2012-12-25 00:00:00+08:00,32.088439830413456,32.088439830413456,31.486097923084408,31.814647674560547,216000,0.0,0.0
2012-12-26 00:00:00+08:00,32.08843709767719,33.56691503114548,32.08843709767719,33.51215744018555,903000,0.0,0.0
2012-12-27 00:00:00+08:00,33.9502192570613,35.812006309931164,33.9502192570613,35.59297180175781,2722000,0.0,0.0
2012-12-28 00:00:00+08:00,35.37394629921536,36.14056518412291,34.8263619782438,35.53822326660156,2139000,0.0,0.0
2013-01-02 00:00:00+08:00,36.140563848364444,36.140563848364444,35.538221953105705,35.86677169799805,754000,0.0,0.0
2013-01-03 00:00:00+08:00,35.92152760384821,36.03104696548825,35.20967055300207,35.37394332885742,515000,0.0,0.0
2013-01-04 00:00:00+08:00,35.647732091546814,36.68814295107988,35.373939979971595,36.195316314697266,968000,0.0,0.0
2013-01-07 00:00:00+08:00,36.30483550904166,36.41435068210394,35.6477319374598,35.92152404785156,387000,0.0,0.0
2013-01-08 00:00:00+08:00,35.921521475149966,35.921521475149966,35.20966454575626,35.59297180175781,464000,0.0,0.0
2013-01-09 00:00:00+08:00,36.19531472760551,36.961933441948666,35.75724987493507,35.976280212402344,1320000,0.0,0.0
2013-01-10 00:00:00+08:00,36.25007196966469,36.46910648279953,35.42869567871094,35.42869567871094,590000,0.0,0.0
2013-01-11 00:00:00+08:00,35.48346269049746,35.97628519579999,35.31918573690564,35.37394332885742,255000,0.0,0.0
2013-01-14 00:00:00+08:00,35.31918800540285,35.31918800540285,34.826361290710345,35.154911041259766,371000,0.0,0.0
2013-01-15 00:00:00+08:00,35.04539585032221,35.812014720095355,34.99063825485343,35.154911041259766,264000,0.0,0.0
2013-01-16 00:00:00+08:00,35.538223050552766,35.538223050552766,34.990638732910156,34.990638732910156,191000,0.0,0.0
2013-01-17 00:00:00+08:00,35.264430252656084,35.31918784788065,34.114501953125,34.114501953125,551000,0.0,0.0
2013-01-18 00:00:00+08:00,34.5525641366188,34.60732381303341,34.224014433603436,34.497806549072266,231000,0.0,0.0
2013-01-21 00:00:00+08:00,34.60732929278665,34.990638732910156,34.49781201148445,34.990638732910156,226000,0.0,0.0
2013-01-22 00:00:00+08:00,35.37394608416526,35.37394608416526,34.935879047824855,34.990638732910156,130000,0.0,0.0
2013-01-23 00:00:00+08:00,35.10015119136203,36.03104696548825,35.10015119136203,35.37394332885742,693000,0.0,0.0
2013-01-24 00:00:00+08:00,35.10015344579099,35.154911041259766,34.5525691356297,35.154911041259766,278000,0.0,0.0
2013-01-25 00:00:00+08:00,35.045389500393405,35.3739391914124,34.82635498046875,34.82635498046875,118000,0.0,0.0
2013-01-28 00:00:00+08:00,34.77160417030575,35.04539632912706,34.49781201148445,34.990638732910156,219000,0.0,0.0
2013-01-29 00:00:00+08:00,35.75725218819151,36.90717824523085,35.264425541535736,36.57862854003906,1645000,0.0,0.0
2013-01-30 00:00:00+08:00,36.68814341127606,37.126212466385745,36.031044006347656,36.031044006347656,935000,0.0,0.0
2013-01-31 00:00:00+08:00,36.03104639451165,36.359596118752364,35.86676944352309,36.0858039855957,524000,0.0,0.0
2013-02-01 00:00:00+08:00,36.414349695040045,36.52386486513375,35.373938868206,35.812007904052734,709000,0.0,0.0
2013-02-04 00:00:00+08:00,35.976285800945654,36.14056275730073,35.483463287353516,35.483463287353516,417000,0.0,0.0
2013-02-05 00:00:00+08:00,35.483464124537605,35.8120138672629,35.20967197597709,35.31918716430664,276000,0.0,0.0
2013-02-06 00:00:00+08:00,35.53822326660156,35.812015427087346,35.48346567005177,35.53822326660156,429000,0.0,0.0
2013-02-18 00:00:00+08:00,36.961941501414586,37.07145669402776,36.25008021621854,36.52387237548828,1019000,0.0,0.0
2013-02-19 00:00:00+08:00,36.797653388749765,37.564272038043626,36.359588573250086,37.07144546508789,1367000,0.0,0.0
2013-02-20 00:00:00+08:00,37.34524976150807,38.00235346637783,37.12621937095506,37.454769134521484,1331000,0.0,0.0
2013-02-21 00:00:00+08:00,37.50952036991984,37.6737973127074,37.07145130764381,37.12621307373047,968000,0.0,0.0
2013-02-22 00:00:00+08:00,37.509526140936494,39.69986343383789,37.509526140936494,39.69986343383789,2490000,0.0,0.0
2013-02-25 00:00:00+08:00,39.42607354630667,40.083173100983615,38.98800439136398,39.480831146240234,1331000,0.0,0.0
2013-02-26 00:00:00+08:00,39.37130355834961,39.86413015815994,39.042753884387984,39.37130355834961,755000,0.0,0.0
2013-02-27 00:00:00+08:00,39.48082744663981,40.02841175013754,38.54993580178832,39.75461959838867,1297000,0.0,0.0
2013-03-01 00:00:00+08:00,40.02840706805643,41.50688702120608,39.53558041700655,40.904541015625,1762000,0.0,0.0
2013-03-04 00:00:00+08:00,41.06881505272266,41.06881505272266,40.028404235839844,40.028404235839844,1119000,0.0,0.0
2013-03-05 00:00:00+08:00,40.52123260498046,40.795024717176275,40.30219807967659,40.52123260498047,1045000,0.0,0.0
2013-03-06 00:00:00+08:00,41.01406108385045,43.2043980797545,40.90454172741349,42.273502349853516,2108000,0.0,0.0
2013-03-07 00:00:00+08:00,42.711571420128834,43.31391325845519,42.109229581802474,42.273502349853516,1350000,0.0,0.0
2013-03-08 00:00:00+08:00,42.71157392287097,42.71157392287097,40.63075198373905,41.342613220214844,1208000,0.0,0.0
2013-03-11 00:00:00+08:00,41.34261296419489,41.61640510303062,40.685513502083744,40.79502868652344,927000,0.0,0.0
2013-03-12 00:00:00+08:00,41.12358340778696,42.27350969488939,41.12358340778696,41.45213317871094,1270786,0.0,0.0
2013-03-13 00:00:00+08:00,41.78068449885109,41.99971488052936,40.685515879512785,40.849788665771484,743000,0.0,0.0
2013-03-14 00:00:00+08:00,40.68551036539549,40.68551036539549,39.86413401221309,40.356956481933594,747350,0.0,0.0
2013-03-15 00:00:00+08:00,40.57598987791196,40.630747464380214,39.69985596121174,39.97364807128906,451392,0.0,0.0
2013-03-18 00:00:00+08:00,39.699863641440466,40.904547487741155,39.53558667251907,40.2474479675293,717100,0.0,0.0
2013-03-19 00:00:00+08:00,40.904542162110324,40.904542162110324,40.13792754758603,40.30220031738281,422000,0.0,0.0
2013-03-20 00:00:00+08:00,39.864131482270494,40.795022952371184,39.864131482270494,40.028404235839844,444171,0.0,0.0
2013-03-21 00:00:00+08:00,40.137926872676125,40.79502629628692,40.137926872676125,40.74026870727539,518000,0.0,0.0
2013-03-22 00:00:00+08:00,40.74026795339374,40.795025541392,40.356956481933594,40.356956481933594,322390,0.0,0.0
2013-03-25 00:00:00+08:00,40.52124157479431,40.90454894562324,39.86414203116272,40.192691802978516,330365,0.0,0.0
2013-03-26 00:00:00+08:00,40.19268259489813,40.74026681505278,39.97364807128906,39.97364807128906,612600,0.0,0.0
2013-03-27 00:00:00+08:00,40.2474479675293,40.904547487741155,40.083170998607905,40.2474479675293,536247,0.0,0.0
2013-03-28 00:00:00+08:00,40.52123486659026,42.27350281134829,40.0831657915326,42.109230041503906,1146845,0.0,0.0
2013-03-29 00:00:00+08:00,42.10923217705989,42.163989769785026,41.233098160248026,41.61640548706055,643060,0.0,0.0
2013-04-01 00:00:00+08:00,41.67115948257265,42.109228542031055,40.356956481933594,40.356956481933594,489484,0.0,0.0
2013-04-02 00:00:00+08:00,40.46648146411721,40.74027361992621,39.754620187919116,39.864139556884766,527170,0.0,0.0
2013-04-03 00:00:00+08:00,39.86413733244084,41.56164776818713,39.535583421614156,41.342613220214844,842000,0.0,0.0
2013-04-08 00:00:00+08:00,41.06882337134965,41.06882337134965,39.864139556884766,39.864139556884766,735100,0.0,0.0
2013-04-09 00:00:00+08:00,40.630756772820575,40.90454894562324,39.97365722918898,40.192691802978516,563400,0.0,0.0
2013-04-10 00:00:00+08:00,40.19268225754389,41.28785068866097,40.19268225754389,40.95930099487305,488124,0.0,0.0
2013-04-11 00:00:00+08:00,41.61640292217681,42.711571420128834,41.342610797688806,42.273502349853516,1277629,0.0,0.0
2013-04-12 00:00:00+08:00,42.383026633295934,42.71157638532802,41.39737319946289,41.39737319946289,557041,0.0,0.0
2013-04-15 00:00:00+08:00,41.39736736484519,41.561644306576135,40.24744130593707,40.356956481933594,698130,0.0,0.0
2013-04-16 00:00:00+08:00,40.0284098622361,40.959305640919474,39.75461772340037,40.79502868652344,548030,0.0,0.0
2013-04-17 00:00:00+08:00,40.9593016555882,41.068816829372096,40.52123260498046,40.52123260498047,349010,0.0,0.0
2013-04-18 00:00:00+08:00,40.41171824766802,40.68551036539549,40.19268371793881,40.356956481933594,287205,0.0,0.0
2013-04-19 00:00:00+08:00,40.630754052532446,43.14964521586314,40.46648126649136,42.93061065673828,1744716,0.0,0.0
2013-04-22 00:00:00+08:00,43.20439824901297,44.79239341281182,42.711571587456596,44.35432434082031,2330772,0.0,0.0
2013-04-23 00:00:00+08:00,44.901916122436525,44.901916122436525,43.478197666296914,43.80674743652344,1209684,0.0,0.0
2013-04-24 00:00:00+08:00,43.806735187431315,44.08052728235276,43.040116486104104,43.971012115478516,912860,0.0,0.0
2013-04-25 00:00:00+08:00,43.69722880338287,43.69722880338287,42.43778324251048,42.547298431396484,1070660,0.0,0.0
2013-04-26 00:00:00+08:00,42.54729091747826,42.87584478158648,41.72591461267956,41.83543395996094,1011719,0.0,0.0
2013-04-29 00:00:00+08:00,42.163987770100526,42.54729507873417,41.61640351334597,42.38302230834961,523220,0.0,0.0
2013-04-30 00:00:00+08:00,42.711572726009614,42.821087908058665,41.890196327432506,41.94495391845703,601664,0.0,0.0
2013-05-02 00:00:00+08:00,41.780679867964125,43.04012113396718,41.780679867964125,42.273502349853516,901450,0.0,0.0
2013-05-03 00:00:00+08:00,42.656816961074725,43.040124292391766,42.437782409863594,42.71157455444336,774183,0.0,0.0
2013-05-06 00:00:00+08:00,42.98536526288735,43.094880445965735,42.60205794437656,42.76633071899414,444533,0.0,0.0
2013-05-07 00:00:00+08:00,42.76632625215825,44.08052920051586,42.76632625215825,43.20439529418945,1037248,0.0,0.0
2013-05-08 00:00:00+08:00,43.368673185949255,43.478192548290764,42.43778158359721,42.875850677490234,722000,0.0,0.0
2013-05-09 00:00:00+08:00,43.9162534060233,44.244807284948735,43.14963882916026,43.587703704833984,1200644,0.0,0.0
2013-05-10 00:00:00+08:00,43.313917637047815,43.97102130888723,43.313917637047815,43.368675231933594,461100,0.0,0.0
2013-05-13 00:00:00+08:00,43.75198261963539,43.75198261963539,42.65681411440165,42.82108688354492,440450,0.0,0.0
2013-05-14 00:00:00+08:00,43.20439529418946,43.64246015848466,42.98536077317385,43.20439529418945,527250,0.0,0.0
2013-05-15 00:00:00+08:00,43.3686711361618,43.42343290361253,42.49253716752206,42.82108688354492,662030,0.0,0.0
2013-05-16 00:00:00+08:00,43.25915774053861,43.25915774053861,41.78068186860214,42.32826614379883,719432,0.0,0.0
2013-05-17 00:00:00+08:00,42.16399002075195,42.38302457069278,41.944955470811124,42.16399002075195,431130,0.0,0.0
2013-05-20 00:00:00+08:00,42.27349773036736,42.71156675277217,41.94494805243166,42.437774658203125,320020,0.0,0.0
2013-05-21 00:00:00+08:00,42.875857645427075,42.875857645427075,42.43778848034158,42.49254608154297,293500,0.0,0.0
2013-05-22 00:00:00+08:00,42.492540003232236,42.875851512285855,42.492540003232236,42.71157455444336,358000,0.0,0.0
2013-05-23 00:00:00+08:00,42.711571587456596,44.73763164551066,42.711571587456596,44.35432434082031,3136460,0.0,0.0
2013-05-24 00:00:00+08:00,44.956673721184785,45.01143131993304,43.64247046254168,43.80674743652344,1750260,0.0,0.0
2013-05-27 00:00:00+08:00,43.80674743652344,44.13529720674997,43.478197666296914,43.80674743652344,343330,0.0,0.0
2013-05-28 00:00:00+08:00,43.80673853659311,43.916253711840135,43.0401197766555,43.14963912963867,451200,0.0,0.0
2013-05-29 00:00:00+08:00,43.313912716317866,43.642462426043934,42.87584782926184,42.9853630065918,625300,0.0,0.0
2013-05-30 00:00:00+08:00,42.98536397060463,44.13529006930284,42.98536397060463,43.094879150390625,609070,0.0,0.0
2013-05-31 00:00:00+08:00,43.751980948969596,43.751980948969596,42.98536218903199,43.14963912963867,311130,0.0,0.0
2013-06-03 00:00:00+08:00,43.09488344277938,43.09488344277938,42.82109128830749,42.93061065673828,222140,0.0,0.0
2013-06-04 00:00:00+08:00,42.98536539413347,43.478192074963815,42.93060780242708,43.040122985839844,288300,0.0,0.0
2013-06-05 00:00:00+08:00,43.094880445965735,43.20439980678056,42.76633071899414,42.76633071899414,341630,0.0,0.0
2013-06-06 00:00:00+08:00,42.71157202685507,42.71157202685507,42.163987770100526,42.38302230834961,508100,0.0,0.0
2013-06-07 00:00:00+08:00,42.32826614379883,43.478192286164585,42.16398919014523,42.32826614379883,675710,0.0,0.0
2013-06-10 00:00:00+08:00,42.656814284096896,42.656814284096896,39.75461606258757,40.30220031738281,1401916,0.0,0.0
2013-06-11 00:00:00+08:00,40.30220844133796,40.74027760457288,40.137935638427734,40.137935638427734,485200,0.0,0.0
2013-06-13 00:00:00+08:00,40.137931600121284,40.137931600121284,39.59034729003906,39.59034729003906,420500,0.0,0.0
2013-06-14 00:00:00+08:00,39.69986248096081,39.97365463600192,39.59034729003906,39.59034729003906,312200,0.0,0.0
2013-06-17 00:00:00+08:00,39.590338322768844,40.63074493408203,39.590338322768844,40.63074493408203,149267,0.0,0.0
2013-06-18 00:00:00+08:00,41.178338302351726,41.178338302351726,40.46648120838897,40.57599639892578,307000,0.0,0.0
2013-06-19 00:00:00+08:00,40.521240130573716,40.740274696556625,40.19269037046779,40.2474479675293,196150,0.0,0.0
2013-06-20 00:00:00+08:00,40.028418055751374,40.35696785405861,39.97366045232305,40.08317565917969,218055,0.0,0.0
2013-06-21 00:00:00+08:00,39.91889500020149,39.91889500020149,38.98799921399973,39.53558349609375,375640,0.0,0.0
2013-06-24 00:00:00+08:00,39.53558551684145,39.86413944508017,39.53558551684145,39.59034729003906,213529,0.0,0.0
2013-06-25 00:00:00+08:00,39.535586901941045,39.69986387181573,38.4404182434082,38.4404182434082,343101,0.0,0.0
2013-06-26 00:00:00+08:00,38.82373046875,39.53558760277303,38.71421109431317,38.82373046875,320200,0.0,0.0
2013-06-27 00:00:00+08:00,39.42607354630667,39.75462332364514,38.878489191496854,39.480831146240234,234200,0.0,0.0
2013-06-28 00:00:00+08:00,39.69985323231124,39.69985323231124,39.261784215205225,39.37130355834961,319200,0.0,0.0
2013-07-01 00:00:00+08:00,39.645103454589844,39.80937623504337,39.3165537159462,39.645103454589844,164000,0.0,0.0
2013-07-02 00:00:00+08:00,39.80937623504337,39.91889559974898,39.645103454589844,39.645103454589844,231060,0.0,0.0
2013-07-03 00:00:00+08:00,39.42606735229492,39.754617078016764,39.371309760964024,39.42606735229492,104070,0.0,0.0
2013-07-04 00:00:00+08:00,39.86413616678943,39.86413616678943,38.768967636687925,38.878482818603516,187300,0.0,0.0
2013-07-05 00:00:00+08:00,39.152273086850634,39.75461491417802,38.987996144063075,37.12621307373047,754008,0.0,0.0
2013-07-08 00:00:00+08:00,39.73665168282155,39.85266933347742,39.156554577962844,39.33058547973633,388050,3.8,0.0
2013-07-09 00:00:00+08:00,39.446606341655205,39.678646087646484,38.63446944358077,39.678646087646484,312000,0.0,0.0
2013-07-10 00:00:00+08:00,39.91068258459504,40.14271788590678,39.33058547973633,39.33058547973633,255000,0.0,0.0
2013-07-11 00:00:00+08:00,39.44660885511447,39.44660885511447,37.706317287977065,38.460445404052734,759598,0.0,0.0
2013-07-12 00:00:00+08:00,38.576449059257754,38.86649754842511,38.22839175741468,38.51844024658203,469000,0.0,0.0
2013-07-15 00:00:00+08:00,38.576453227589404,39.96868701118656,38.51844440864561,39.852664947509766,431362,0.0,0.0
2013-07-16 00:00:00+08:00,40.14271145281288,40.14271145281288,39.330579176791176,39.56261444091797,276100,0.0,0.0
2013-07-17 00:00:00+08:00,39.678646087646484,39.7946637477471,39.56262400175582,39.678646087646484,282000,0.0,0.0
2013-07-18 00:00:00+08:00,39.736655645353,41.07088088989258,39.736655645353,41.07088088989258,757500,0.0,0.0
2013-07-19 00:00:00+08:00,41.01285658069892,41.01285658069892,40.20072431239909,40.316741943359375,333252,0.0,0.0
2013-07-22 00:00:00+08:00,41.07087522573799,41.88300760089157,40.43276489413231,41.360923767089844,501510,0.0,0.0
2013-07-23 00:00:00+08:00,41.59295612086114,42.86917226811414,41.59295612086114,42.347084045410156,1150504,0.0,0.0
2013-07-24 00:00:00+08:00,42.63713957809447,42.81117048954552,42.05704244097754,42.11505126953125,554847,0.0,0.0
2013-07-25 00:00:00+08:00,42.11504765853141,43.391263906238144,42.11504765853141,43.10121536254883,595700,0.0,0.0
2013-07-26 00:00:00+08:00,43.33325314114574,43.33325314114574,42.40509863328712,42.63713836669922,387500,0.0,0.0
2013-07-29 00:00:00+08:00,42.92718700434537,43.507284126025716,42.81116935032523,43.21723556518555,380535,0.0,0.0
2013-07-30 00:00:00+08:00,43.21723046934004,43.21723046934004,42.63713341606031,43.15922164916992,211500,0.0,0.0
2013-07-31 00:00:00+08:00,42.927191392541744,43.39127090764208,42.34709421156145,42.463111877441406,270000,0.0,0.0
2013-08-01 00:00:00+08:00,42.927180295455585,44.02936553955078,42.11504356687022,44.02936553955078,693300,0.0,0.0
2013-08-02 00:00:00+08:00,44.37743246171444,45.537626774439005,43.79733530535216,43.913352966308594,1051280,0.0,0.0
2013-08-05 00:00:00+08:00,43.2752469794681,44.20340154448973,43.04320723176517,43.913352966308594,333110,0.0,0.0
2013-08-06 00:00:00+08:00,43.79732953933267,44.49344426500627,43.50728099933709,43.62329864501953,315000,0.0,0.0
2013-08-07 00:00:00+08:00,42.69514138528308,43.391260490818134,42.34708404541015,42.347084045410156,573150,0.0,0.0
2013-08-08 00:00:00+08:00,42.46310686254008,43.159226052978774,41.94102300194823,42.8111686706543,119100,0.0,0.0
2013-08-09 00:00:00+08:00,43.333250874424174,45.24757304270041,43.333250874424174,44.261409759521484,1341670,0.0,0.0
2013-08-12 00:00:00+08:00,44.95752460603012,45.711652595543875,44.66747606018476,44.84150695800781,1464150,0.0,0.0
2013-08-13 00:00:00+08:00,45.421603583423504,46.001700669159234,44.841506497687774,45.76966094970703,1173094,0.0,0.0
2013-08-14 00:00:00+08:00,46.40776457609953,47.567958690502024,46.40776457609953,46.98786163330078,2030514,0.0,0.0
2013-08-15 00:00:00+08:00,47.10387598325287,47.85800387523891,46.52377896658331,46.639801025390625,1717444,0.0,0.0
2013-08-16 00:00:00+08:00,46.00169699501184,46.98786019168209,46.00169699501184,46.349754333496094,843100,0.0,0.0
2013-08-19 00:00:00+08:00,46.87184093632284,48.14805260864604,46.523779184062846,47.393924713134766,1456993,0.0,0.0
2013-08-20 00:00:00+08:00,47.8580050198537,47.8580050198537,46.117713928222656,46.117713928222656,801836,0.0,0.0
2013-08-22 00:00:00+08:00,45.82766484319683,46.697810378194234,45.653633965881724,46.291744232177734,453300,0.0,0.0
2013-08-23 00:00:00+08:00,46.40776457609953,47.74198957797812,46.11771604749891,46.98786163330078,1227965,0.0,0.0
2013-08-26 00:00:00+08:00,47.4519362675533,47.4519362675533,45.88567171547189,46.17572021484375,769400,0.0,0.0
2013-08-27 00:00:00+08:00,46.29175030269778,46.29175030269778,44.667476654052734,44.667476654052734,1140255,0.0,0.0
2013-08-28 00:00:00+08:00,44.087378405914926,45.76966083550906,43.50728132162657,45.1895637512207,889000,0.0,0.0
2013-08-29 00:00:00+08:00,45.82767105102539,46.05971077694801,45.36359159918016,45.82767105102539,453747,0.0,0.0
2013-08-30 00:00:00+08:00,46.34975123864671,47.10387468404366,45.943680682704766,46.581790924072266,732420,0.0,0.0
2013-09-02 00:00:00+08:00,46.69782191735546,46.75583074886496,46.407773334017854,46.465782165527344,377155,0.0,0.0
2013-09-03 00:00:00+08:00,46.69781739265543,47.10388359966698,46.00170263041,46.05971145629883,406638,0.0,0.0
2013-09-04 00:00:00+08:00,46.17572168092816,46.987858390112606,45.885673172347225,46.81382751464844,681500,0.0,0.0
2013-09-05 00:00:00+08:00,47.277908159338914,47.62596549375904,46.46577142849919,46.697811126708984,839011,0.0,0.0
2013-09-06 00:00:00+08:00,46.697811126708984,47.21989934123374,46.46577142849919,46.697811126708984,324500,0.0,0.0
2013-09-09 00:00:00+08:00,47.21989858435049,48.03203530217255,46.11771335486263,46.291744232177734,1456996,0.0,0.0
2013-09-10 00:00:00+08:00,46.291749813147995,46.92985573058551,45.015533552483376,45.59563064575195,850336,0.0,0.0
2013-09-11 00:00:00+08:00,45.71165340095891,45.94368870109187,45.24757394911368,45.82767105102539,215300,0.0,0.0
2013-09-12 00:00:00+08:00,46.05971145629883,46.69781739265543,45.88568055284261,46.05971145629883,507020,0.0,0.0
2013-09-13 00:00:00+08:00,46.23373725204773,46.46577697797034,45.65364015013601,45.82767105102539,237155,0.0,0.0
2013-09-16 00:00:00+08:00,45.479612406839166,45.88567859653837,45.479612406839166,45.76966094970703,178310,0.0,0.0
2013-09-17 00:00:00+08:00,45.479607739996524,45.71164743563821,44.783488653071466,44.95751953125,402714,0.0,0.0
2013-09-18 00:00:00+08:00,45.247568044354836,45.247568044354836,44.899510713786846,44.95751953125,227250,0.0,0.0
2013-09-23 00:00:00+08:00,45.24757131750073,45.5956286732467,45.01553160507361,45.305580139160156,366400,0.0,0.0
2013-09-24 00:00:00+08:00,45.13155680005089,45.42160535422656,45.073543548583984,45.073543548583984,256000,0.0,0.0
2013-09-25 00:00:00+08:00,45.13155680005089,45.65364065693534,44.957525897229594,45.073543548583984,438621,0.0,0.0
2013-09-26 00:00:00+08:00,45.13155670862322,45.13155670862322,44.493446350097656,44.493446350097656,342500,0.0,0.0
2013-09-27 00:00:00+08:00,44.6094690925384,44.72548674538863,44.43543818747329,44.55146026611328,188000,0.0,0.0
2013-09-30 00:00:00+08:00,44.435436929133495,44.667476654052734,44.14538837943185,44.667476654052734,126153,0.0,0.0
2013-10-01 00:00:00+08:00,44.31942005070186,45.76966282444347,44.31942005070186,45.65364074707031,339140,0.0,0.0
2013-10-02 00:00:00+08:00,46.05970436119889,46.05970436119889,45.24756764648872,45.711647033691406,207800,0.0,0.0
2013-10-03 00:00:00+08:00,45.82767105102539,46.29175050287063,45.42160485000306,45.82767105102539,459500,0.0,0.0
2013-10-04 00:00:00+08:00,45.82766965877999,45.82766965877999,45.1895637512207,45.1895637512207,318225,0.0,0.0
2013-10-07 00:00:00+08:00,45.71165398670848,46.34975992183013,45.4796142578125,45.4796142578125,514000,0.0,0.0
2013-10-08 00:00:00+08:00,45.53762300558095,45.65364065693534,44.957525897229594,45.073543548583984,252731,0.0,0.0
2013-10-09 00:00:00+08:00,44.95751953125,45.30557686181799,44.84150189632369,44.95751953125,252200,0.0,0.0
2013-10-11 00:00:00+08:00,45.653638763177675,45.653638763177675,44.66747549020328,45.1895637512207,297300,0.0,0.0
2013-10-14 00:00:00+08:00,45.595631921278596,46.00170255340008,45.01553481178195,45.65364074707031,784250,0.0,0.0
2013-10-15 00:00:00+08:00,46.001693770693954,46.34975108478242,45.363583531444746,46.17572021484375,638500,0.0,0.0
2013-10-16 00:00:00+08:00,46.40776047986491,48.090042682417796,46.059703161423705,47.916011810302734,3346969,0.0,0.0
2013-10-17 00:00:00+08:00,48.38009808665455,48.49611573408812,46.813833291564016,47.1038818359375,1952231,0.0,0.0
2013-10-18 00:00:00+08:00,47.56796291575712,49.30825424194336,46.92985698131345,49.30825424194336,2998397,0.0,0.0
2013-10-21 00:00:00+08:00,49.54029414680654,50.758497194312085,48.61213965469706,50.468448638916016,3672019,0.0,0.0
2013-10-22 00:00:00+08:00,50.46844469114792,51.04854175656341,49.88834762573243,49.88834762573242,2271603,0.0,0.0
2013-10-23 00:00:00+08:00,50.468447362051286,51.04854445816682,50.062381165086265,50.410438537597656,1843280,0.0,0.0
2013-10-24 00:00:00+08:00,50.99053422072018,51.04854304356633,49.1342209091168,49.77233123779297,1447420,0.0,0.0
2013-10-25 00:00:00+08:00,49.88835064804599,50.23640802322327,48.90218734741211,48.90218734741211,1343950,0.0,0.0
2013-10-28 00:00:00+08:00,49.30825356212018,49.7143197623159,48.78616528630451,49.07621383666992,667030,0.0,0.0
2013-10-29 00:00:00+08:00,49.598292016231845,50.35241986398713,49.30824352490885,49.540283203125,866115,0.0,0.0
2013-10-30 00:00:00+08:00,49.54029907883833,50.00437415819964,49.01821074199046,49.366268157958984,674104,0.0,0.0
2013-10-31 00:00:00+08:00,49.366266170668645,49.42427500002983,48.438111623519674,48.49612045288086,705400,0.0,0.0
2013-11-01 00:00:00+08:00,49.07621383666992,49.07621383666992,48.206068185573685,49.07621383666992,745300,0.0,0.0
2013-11-04 00:00:00+08:00,48.960189856349686,49.308247186626886,48.61213252607249,49.13421630859375,428460,0.0,0.0
2013-11-05 00:00:00+08:00,49.30825344756114,49.48228434769192,48.148059248795,48.32209014892578,713380,0.0,0.0
2013-11-06 00:00:00+08:00,48.72815578318094,49.13422197772494,48.14805869052402,48.844173431396484,667298,0.0,0.0
2013-11-07 00:00:00+08:00,49.01820145384605,51.04854115903494,48.960192633141375,50.0623779296875,2040048,0.0,0.0
2013-11-08 00:00:00+08:00,49.83034503268047,50.120393601641595,48.6121419282017,48.67015075683594,1186500,0.0,0.0
2013-11-11 00:00:00+08:00,48.20606718971464,48.322089262937766,45.82767001101001,47.1038818359375,2057082,0.0,0.0
2013-11-12 00:00:00+08:00,46.81383143706384,47.509950571457615,45.88567701699486,47.21990203857422,1106200,0.0,0.0
2013-11-13 00:00:00+08:00,46.75581994481415,46.987859643023945,46.17572291218423,46.697811126708984,325033,0.0,0.0
2013-11-14 00:00:00+08:00,47.10388010073396,47.858008058640415,47.04587127915409,47.79999923706055,768189,0.0,0.0
2013-11-15 00:00:00+08:00,48.14806305092375,49.30825734130745,48.032045392201375,48.49612045288086,959100,0.0,0.0
2013-11-18 00:00:00+08:00,48.612142537393225,49.42427500002983,48.3220939647973,48.49612045288086,571340,0.0,0.0
2013-11-19 00:00:00+08:00,48.49611479134307,49.25024276236999,48.32208832357572,48.786163330078125,506000,0.0,0.0
2013-11-20 00:00:00+08:00,49.01820079752843,50.178394899245085,48.84416991195523,50.004364013671875,907145,0.0,0.0
2013-11-21 00:00:00+08:00,49.88835649480686,50.816511079319646,49.1922416628698,49.366268157958984,1425012,0.0,0.0
2013-11-22 00:00:00+08:00,49.7143197623159,50.23640803813157,48.728156461389354,49.07621383666992,1042050,0.0,0.0
2013-11-25 00:00:00+08:00,49.25024405173008,49.48228377395076,48.26407633873957,48.844173431396484,866650,0.0,0.0
2013-11-26 00:00:00+08:00,48.844179826901225,49.598307916414235,48.43811357918817,49.19224166870117,686050,0.0,0.0
2013-11-27 00:00:00+08:00,49.30824917567613,49.88834622480174,49.30824917567613,49.42426681518555,456010,0.0,0.0
2013-11-28 00:00:00+08:00,49.59830090112557,52.846843700719745,49.59830090112557,52.67281723022461,5171987,0.0,0.0
2013-11-29 00:00:00+08:00,53.07888529649279,53.42694267557415,51.9186910823618,52.38277053833008,2133521,0.0,0.0
2013-12-02 00:00:00+08:00,52.49878845545898,54.239079785474196,51.80267369376878,54.12306213378906,2588829,0.0,0.0
2013-12-03 00:00:00+08:00,54.29709171964151,54.87718886285518,53.36893717565763,53.484954833984375,1776261,0.0,0.0
2013-12-04 00:00:00+08:00,53.94902420043946,55.109218269266115,53.774993319799805,53.94902420043945,1673524,0.0,0.0
2013-12-05 00:00:00+08:00,54.529119213207345,54.529119213207345,52.84683699062081,53.658973693847656,929177,0.0,0.0
2013-12-06 00:00:00+08:00,53.658975518268086,54.47111224910781,52.962860849427834,53.368927001953125,964954,0.0,0.0
2013-12-09 00:00:00+08:00,53.77500129164855,53.891023371204334,51.97670110353693,52.03470993041992,1349619,0.0,0.0
2013-12-10 00:00:00+08:00,52.092713908063665,53.02086825030449,52.092713908063665,52.90484619140625,588357,0.0,0.0
2013-12-11 00:00:00+08:00,53.31092502447693,53.60097357800968,52.15073081034594,52.38277053833008,565100,0.0,0.0
2013-12-12 00:00:00+08:00,52.266747797502724,53.07888462223585,52.034708072466174,52.32475662231445,574440,0.0,0.0
2013-12-13 00:00:00+08:00,52.49878237671094,52.73082207900342,52.092716217041016,52.092716217041016,320220,0.0,0.0
2013-12-16 00:00:00+08:00,52.092717238005406,52.2667436987936,50.700483422753386,51.16455841064453,819999,0.0,0.0
2013-12-17 00:00:00+08:00,51.57062601704893,52.09271422075232,51.22256868984302,51.80266571044922,382500,0.0,0.0
2013-12-18 00:00:00+08:00,52.26674437084116,53.89101791381836,52.208735549832554,53.89101791381836,1210456,0.0,0.0
2013-12-19 00:00:00+08:00,54.761157431519614,55.573294112915804,53.19489288330078,53.19489288330078,1607474,0.0,0.0
2013-12-20 00:00:00+08:00,53.19489267990961,53.94902054384884,52.61479568481446,52.61479568481445,812011,0.0,0.0
2013-12-23 00:00:00+08:00,52.84684739135664,52.904856218906154,51.396604573669634,51.68665313720703,1340675,0.0,0.0
2013-12-24 00:00:00+08:00,51.68664547540631,52.38276458018035,51.512619018554695,51.51261901855469,803100,0.0,0.0
2013-12-25 00:00:00+08:00,51.628636812456065,52.6728132598776,51.628636812456065,52.092716217041016,861194,0.0,0.0
2013-12-26 00:00:00+08:00,52.208736291092436,52.440776004210726,51.628639221191406,51.628639221191406,613600,0.0,0.0
2013-12-27 00:00:00+08:00,51.976699907910415,52.556797014975906,51.57063370328044,52.38277053833008,597000,0.0,0.0
2013-12-30 00:00:00+08:00,52.49879134777453,52.730831089718265,52.092725118715464,52.150733947753906,490108,0.0,0.0
2013-12-31 00:00:00+08:00,52.26675795118418,53.89103191619248,52.26675795118418,52.84685516357422,901136,0.0,0.0
2014-01-02 00:00:00+08:00,53.02086340056995,53.194889834315866,51.68663861290825,51.918678283691406,961000,0.0,0.0
2014-01-03 00:00:00+08:00,51.802666863279875,51.802666863279875,51.22256982976404,51.45460510253906,1066115,0.0,0.0
2014-01-06 00:00:00+08:00,51.512623921563694,51.74465921945114,50.526456202383606,50.58446502685547,1090667,0.0,0.0
2014-01-07 00:00:00+08:00,50.6424727962482,51.802666863279875,50.6424727962482,51.45460510253906,476204,0.0,0.0
2014-01-08 00:00:00+08:00,51.80266539950159,53.94902259254532,51.744652157157965,52.90484619140625,1624309,0.0,0.0
2014-01-09 00:00:00+08:00,53.65898310483157,54.065049314768444,52.78883743286133,52.78883743286133,1429060,0.0,0.0
2014-01-10 00:00:00+08:00,53.36893267188567,53.65898121901549,52.90485322616213,53.07888412475586,838365,0.0,0.0
2014-01-13 00:00:00+08:00,53.949025482096204,55.10921957848537,53.252910794578405,54.00703430175781,1770715,0.0,0.0
2014-01-14 00:00:00+08:00,54.41310515842669,56.617471296927775,54.12305663290371,54.993202209472656,3828490,0.0,0.0
2014-01-15 00:00:00+08:00,55.68931419840087,55.979362709850875,54.52912015260085,54.645137786865234,1641439,0.0,0.0
2014-01-16 00:00:00+08:00,54.993198593848106,55.225233858379504,53.02086786480834,53.658973693847656,951813,0.0,0.0
2014-01-17 00:00:00+08:00,53.65897695799892,54.06504312141942,52.44077404194814,54.00703430175781,880350,0.0,0.0
2014-01-20 00:00:00+08:00,54.76117449655929,55.109231918253364,53.83301989677833,54.23908615112305,502440,0.0,0.0
2014-01-21 00:00:00+08:00,54.645141438509,54.76116350631557,53.658978203994565,53.89101791381836,518550,0.0,0.0
2014-01-22 00:00:00+08:00,53.89101431256866,55.051208358368676,53.89101431256866,54.645137786865234,807300,0.0,0.0
2014-01-23 00:00:00+08:00,55.34126449957552,55.399273324705234,54.00703939264372,54.06504821777344,348500,0.0,0.0
2014-01-24 00:00:00+08:00,54.41310343100265,54.41310343100265,52.962860849427834,53.368927001953125,449505,0.0,0.0
2014-01-27 00:00:00+08:00,52.44077741697058,52.788834783130014,52.092720050811145,52.266746520996094,1007323,0.0,0.0
2014-02-05 00:00:00+08:00,51.62864138910679,53.07888412475586,51.62864138910679,53.07888412475586,643119,0.0,0.0
2014-02-06 00:00:00+08:00,53.36892288352971,54.76115653956216,53.07887438959749,54.29707717895508,846081,0.0,0.0
2014-02-07 00:00:00+08:00,54.64515242580245,54.8771921822816,54.00704641482748,54.819183349609375,614151,0.0,0.0
2014-02-10 00:00:00+08:00,56.269415967865925,57.3135924674823,55.28325271606446,55.28325271606445,2087676,0.0,0.0
2014-02-11 00:00:00+08:00,55.97937647666177,56.21141622804431,55.341270479702416,55.92136764526367,685022,0.0,0.0
2014-02-12 00:00:00+08:00,56.26942311465521,56.55947168741117,55.74733479853649,55.80534362792969,801003,0.0,0.0
2014-02-13 00:00:00+08:00,55.689318222216386,56.26941528703114,55.22523880004883,55.22523880004883,576800,0.0,0.0
2014-02-14 00:00:00+08:00,56.21140913914316,56.849515055630064,55.57330322265625,55.57330322265625,1368010,0.0,0.0
2014-02-17 00:00:00+08:00,56.38543687893146,59.45995330810547,56.15340157738524,59.45995330810547,5529608,0.0,0.0
2014-02-18 00:00:00+08:00,59.749996035706765,60.330093084597124,58.009704889035696,59.169898986816406,2394505,0.0,0.0
2014-02-19 00:00:00+08:00,59.750002306561136,63.23058496519577,58.87985664190248,62.36043930053711,3891724,0.0,0.0
2014-02-20 00:00:00+08:00,62.360443061506245,63.81068592340174,61.49029734436895,61.78034591674805,1988781,0.0,0.0
2014-02-21 00:00:00+08:00,63.23058122204196,64.39077537290511,62.07038707117881,62.94053268432617,1831230,0.0,0.0
2014-02-24 00:00:00+08:00,63.52063214462416,66.42111763068006,62.3604379502018,65.55097198486328,3503759,0.0,0.0
2014-02-25 00:00:00+08:00,66.42111763068006,66.71116617928564,64.39077779044092,65.55097198486328,1681447,0.0,0.0
2014-02-26 00:00:00+08:00,65.55095599781383,65.55095599781383,62.94051969701594,63.810665130615234,1538852,0.0,0.0
2014-02-27 00:00:00+08:00,64.3907620863481,67.001198387146,63.810665130615234,63.810665130615234,1893396,0.0,0.0
2014-03-03 00:00:00+08:00,63.230587005615234,64.390781262599,62.65048987712335,63.230587005615234,1059204,0.0,0.0
2014-03-04 00:00:00+08:00,63.230587005615234,64.68082982684494,62.94053844136929,63.230587005615234,1296542,0.0,0.0
2014-03-05 00:00:00+08:00,64.10073138715883,67.58131408691406,64.10073138715883,67.58131408691406,4592008,0.0,0.0
2014-03-06 00:00:00+08:00,68.1614110355294,69.03155670832338,66.4211196899414,66.4211196899414,3100548,0.0,0.0
2014-03-07 00:00:00+08:00,66.71116243328964,67.29125949792694,62.940531513147185,66.13106536865234,2208501,0.0,0.0
2014-03-10 00:00:00+08:00,65.2609173528749,65.2609173528749,63.5206262234649,64.10072326660156,1222309,0.0,0.0
2014-03-11 00:00:00+08:00,64.39077798594599,66.71116638183594,64.39077798594599,66.71116638183594,1529166,0.0,0.0
2014-03-12 00:00:00+08:00,67.29126327649682,67.871360373708,65.55097198486328,65.55097198486328,1195120,0.0,0.0
2014-03-13 00:00:00+08:00,66.71116638183594,66.71116638183594,65.55097218389096,66.71116638183594,756188,0.0,0.0
2014-03-14 00:00:00+08:00,65.84102053346888,67.58131182510242,65.55097198486328,65.55097198486328,871585,0.0,0.0
2014-03-17 00:00:00+08:00,65.84102429662431,66.42112142699105,64.97087860107422,64.97087860107422,870650,0.0,0.0
2014-03-18 00:00:00+08:00,66.42111763068006,66.42111763068006,64.39077779044092,65.55097198486328,792571,0.0,0.0
2014-03-19 00:00:00+08:00,66.13107113234341,69.03155670832338,66.13107113234341,66.4211196899414,2890611,0.0,0.0
2014-03-20 00:00:00+08:00,66.71116807725694,67.00121663411457,64.68082817925347,65.26092529296875,1171565,0.0,0.0
2014-03-21 00:00:00+08:00,65.84102408382871,66.13107264807465,62.65048987712335,63.230587005615234,1228766,0.0,0.0
2014-03-24 00:00:00+08:00,62.65048785542333,62.65048785542333,59.1699051967887,62.36043930053711,978287,0.0,0.0
2014-03-25 00:00:00+08:00,61.49029180738661,64.39077726999919,61.49029180738661,62.65048599243164,976200,0.0,0.0
2014-03-26 00:00:00+08:00,62.94052739186329,64.3907699584961,62.36043036521018,64.3907699584961,820237,0.0,0.0
2014-03-27 00:00:00+08:00,64.10073269835306,64.390781262599,62.65048987712335,63.230587005615234,600592,0.0,0.0
2014-03-28 00:00:00+08:00,63.23058478188175,64.10073044401774,60.91019634951912,61.20024490356445,769250,0.0,0.0
2014-03-31 00:00:00+08:00,61.20024705589364,63.230587005615234,61.20024705589364,63.230587005615234,420650,0.0,0.0
2014-04-01 00:00:00+08:00,63.23057754725625,64.10072310983318,63.23057754725625,63.520626068115234,629631,0.0,0.0
2014-04-02 00:00:00+08:00,64.97087860107422,65.55097573144094,64.10073290552411,64.97087860107422,760451,0.0,0.0
2014-04-03 00:00:00+08:00,65.55095599781383,65.55095599781383,63.23056817488237,63.810665130615234,703170,0.0,0.0
2014-04-07 00:00:00+08:00,62.650484504186515,64.97087281915638,62.650484504186515,64.68082427978516,391315,0.0,0.0
2014-04-08 00:00:00+08:00,64.10072743420034,66.13106721718407,62.94053327249536,65.84101867675781,1026410,0.0,0.0
2014-04-09 00:00:00+08:00,66.42111985366232,68.45145976185287,66.13107129534939,67.58131408691406,1708235,0.0,0.0
2014-04-10 00:00:00+08:00,68.74149870261168,69.03154722034421,66.42111056075136,67.87135314941406,1461175,0.0,0.0
2014-04-11 00:00:00+08:00,67.0012109656083,67.5813080302456,65.2609197716964,66.13106536865234,758200,0.0,0.0
2014-04-14 00:00:00+08:00,66.1310629175799,66.42111143914823,64.10072326660156,64.10072326660156,659805,0.0,0.0
2014-04-15 00:00:00+08:00,64.39077798594599,66.71116638183594,64.39077798594599,66.71116638183594,695182,0.0,0.0
2014-04-16 00:00:00+08:00,66.71116807725694,66.71116807725694,62.65048828124999,65.26092529296875,1540051,0.0,0.0
2014-04-17 00:00:00+08:00,64.97087281915638,66.13106697664132,64.10072720104269,64.68082427978516,885100,0.0,0.0
2014-04-18 00:00:00+08:00,65.84102429662431,65.84102429662431,64.10073290552411,64.97087860107422,329880,0.0,0.0
2014-04-21 00:00:00+08:00,65.55096587444324,65.55096587444324,63.81067474503323,64.10072326660156,445150,0.0,0.0
2014-04-22 00:00:00+08:00,64.39077962239583,65.55097384982638,64.10073106553818,65.26092529296875,592150,0.0,0.0
2014-04-23 00:00:00+08:00,65.55095599781383,65.55095599781383,63.52061665274881,63.810665130615234,692350,0.0,0.0
2014-04-24 00:00:00+08:00,64.68082817925347,65.26092529296875,63.230585394965274,65.26092529296875,665588,0.0,0.0
2014-04-25 00:00:00+08:00,64.97087244833669,64.97087244833669,61.20024145803144,62.94053268432617,1063494,0.0,0.0
2014-04-28 00:00:00+08:00,61.780328200413635,62.360425178821274,58.589794819171615,60.33008575439453,927258,0.0,0.0
2014-04-29 00:00:00+08:00,60.62014779547379,61.78034201165511,60.62014779547379,61.20024490356445,410987,0.0,0.0
2014-04-30 00:00:00+08:00,61.200244624440266,61.200244624440266,59.45995330810547,59.45995330810547,433450,0.0,0.0
2014-05-02 00:00:00+08:00,60.04004304146653,62.07038266122627,60.04004304146653,60.620140075683594,933170,0.0,0.0
2014-05-05 00:00:00+08:00,60.62013424359835,61.20023122200599,59.74998877598689,60.33008575439453,543000,0.0,0.0
2014-05-06 00:00:00+08:00,60.330099241428464,61.49029345760978,59.16990502524715,61.20024490356445,680542,0.0,0.0
2014-05-07 00:00:00+08:00,60.9101960717178,60.9101960717178,59.45995330810547,59.45995330810547,732392,0.0,0.0
2014-05-08 00:00:00+08:00,59.45994028678307,60.91018273280217,58.879843308375435,60.33008575439453,715870,0.0,0.0
2014-05-09 00:00:00+08:00,58.58980847789584,59.16990559153838,56.32742884953202,56.443450927734375,1854180,0.0,0.0
2014-05-12 00:00:00+08:00,56.44344472838079,57.54562558261396,56.26941384308647,57.08155059814453,839689,0.0,0.0
2014-05-13 00:00:00+08:00,57.08155315591257,58.29975613019152,57.08155315591257,57.19757080078125,443000,0.0,0.0
2014-05-14 00:00:00+08:00,57.25558343139116,57.71966289331157,56.32742893334007,57.0235481262207,559026,0.0,0.0
2014-05-15 00:00:00+08:00,57.0235481262207,57.89369379797917,56.90752604784572,57.0235481262207,221341,0.0,0.0
2014-05-16 00:00:00+08:00,57.08156142463482,57.42961883544922,56.443455433843404,57.42961883544922,319336,0.0,0.0
2014-05-19 00:00:00+08:00,57.48760967503936,61.20023122200599,57.48760967503936,60.33008575439453,692294,0.0,0.0
2014-05-20 00:00:00+08:00,61.20023710990067,62.3604311783348,60.6201400756836,60.620140075683594,1716300,0.0,0.0
2014-05-21 00:00:00+08:00,61.49029503246345,61.49029503246345,58.58980941772461,58.58980941772461,824036,0.0,0.0
2014-05-22 00:00:00+08:00,59.4599570664279,59.4599570664279,58.29976278220491,58.879859924316406,698100,0.0,0.0
2014-05-23 00:00:00+08:00,58.879853331015916,59.16990186959235,57.77766799926758,57.77766799926758,536465,0.0,0.0
2014-05-26 00:00:00+08:00,58.58980941772461,58.87985797919849,58.00971229477684,58.58980941772461,346300,0.0,0.0
2014-05-27 00:00:00+08:00,58.87985797919849,59.16990654067237,57.42961517182907,58.58980941772461,438115,0.0,0.0
2014-05-28 00:00:00+08:00,58.00971603393555,58.589813194274896,57.77767628464178,58.00971603393555,476782,0.0,0.0
2014-05-29 00:00:00+08:00,57.77766613474415,58.009705843275114,57.77766613474415,57.8936882019043,340136,0.0,0.0
2014-05-30 00:00:00+08:00,58.009706948690365,61.20024083086834,58.009706948690365,60.04004669189453,1218837,0.0,0.0
2014-06-03 00:00:00+08:00,60.3301010858445,61.49029533749535,60.04005252293178,60.91019821166992,1021025,0.0,0.0
2014-06-04 00:00:00+08:00,61.49029533749535,61.49029533749535,60.620149648757206,60.91019821166992,381425,0.0,0.0
2014-06-05 00:00:00+08:00,61.20024083086834,61.780337900355235,59.45994962240762,60.04004669189453,464462,0.0,0.0
2014-06-06 00:00:00+08:00,60.620147971219794,63.23058496519577,60.040050861447355,62.36043930053711,1150345,0.0,0.0
2014-06-09 00:00:00+08:00,62.36044496860144,62.36044496860144,60.9102020623549,61.490299224853516,661220,0.0,0.0
2014-06-10 00:00:00+08:00,60.91019417475728,62.07038834951456,58.87985436893204,59.75,955100,0.0,0.0
2014-06-11 00:00:00+08:00,60.33009522663798,60.62014376138143,59.45994962240762,60.04004669189453,541225,0.0,0.0
2014-06-12 00:00:00+08:00,60.040048543689316,60.33009708737864,59.45995145631068,59.75,307050,0.0,0.0
2014-06-13 00:00:00+08:00,59.749994524357994,60.91018859279213,58.29975193881533,60.620140075683594,1160000,0.0,0.0
2014-06-16 00:00:00+08:00,60.33009896627287,60.62014751899533,59.45995330810547,59.45995330810547,351025,0.0,0.0
2014-06-17 00:00:00+08:00,59.45994028678307,60.91018273280217,59.45994028678307,60.33008575439453,459272,0.0,0.0
2014-06-18 00:00:00+08:00,60.33009708737864,60.91019417475728,59.74999999999999,59.75,330108,0.0,0.0
2014-06-19 00:00:00+08:00,59.74998877598689,60.62013424359835,59.74998877598689,60.33008575439453,182012,0.0,0.0
2014-06-20 00:00:00+08:00,60.62015348110559,63.520639293598684,60.33010489985628,61.490299224853516,1333220,0.0,0.0
2014-06-23 00:00:00+08:00,62.65047366802509,62.65047366802509,59.74998877598689,60.33008575439453,835000,0.0,0.0
2014-06-24 00:00:00+08:00,61.4902856270092,61.4902856270092,60.33009155857506,60.620140075683594,200050,0.0,0.0
2014-06-25 00:00:00+08:00,61.20023710990067,61.20023710990067,60.33009155857506,60.620140075683594,218002,0.0,0.0
2014-06-26 00:00:00+08:00,60.62013424359835,60.91018273280217,60.33008575439453,60.33008575439453,436118,0.0,0.0
2014-06-27 00:00:00+08:00,60.62014779547379,61.49029345760978,60.330099241428464,61.20024490356445,385000,0.0,0.0
2014-06-30 00:00:00+08:00,62.070390565700436,62.070390565700436,60.91019634951912,61.20024490356445,300000,0.0,0.0
2014-07-01 00:00:00+08:00,62.070390565700436,62.070390565700436,61.200244903564446,61.20024490356445,375220,0.0,0.0
2014-07-02 00:00:00+08:00,61.490277307683776,65.2609075199474,61.20022882981734,63.810665130615234,2311359,0.0,0.0
2014-07-03 00:00:00+08:00,64.10072564242179,67.29125949792694,64.10072564242179,66.13106536865234,2290655,0.0,0.0
2014-07-04 00:00:00+08:00,66.13106103845544,66.421109551782,63.81067293184297,64.3907699584961,820504,0.0,0.0
2014-07-07 00:00:00+08:00,64.10072326660156,64.3907717881699,62.6504806587599,64.10072326660156,685010,0.0,0.0
2014-07-08 00:00:00+08:00,64.10071360848167,64.10071360848167,63.23056817488237,63.810665130615234,349506,0.0,0.0
2014-07-09 00:00:00+08:00,64.10071360848167,64.3907620863481,62.360422741283074,63.810665130615234,474150,0.0,0.0
2014-07-10 00:00:00+08:00,63.23056817488237,65.2609075199474,63.23056817488237,63.810665130615234,760400,0.0,0.0
2014-07-11 00:00:00+08:00,63.81068017747667,63.81068017747667,62.070388899909126,62.65048599243164,1156092,0.0,0.0
2014-07-14 00:00:00+08:00,62.92733541349085,62.92733541349085,61.71719434784679,62.01972961425781,952106,4.457541,0.0
2014-07-15 00:00:00+08:00,62.019729614257805,63.229870679901865,61.71719434784679,62.01972961425781,1152001,0.0,0.0
2014-07-16 00:00:00+08:00,62.019726540805046,63.83493804931641,61.717191289386484,63.834938049316406,483000,0.0,0.0
2014-07-17 00:00:00+08:00,63.229870679901865,64.74254701195693,62.019729614257805,62.01972961425781,530973,0.0,0.0
2014-07-18 00:00:00+08:00,62.019723532856375,62.9273292430933,62.019723532856375,62.624794006347656,278151,0.0,0.0
2014-07-21 00:00:00+08:00,62.9273292430933,63.229864479838945,62.624794006347656,62.624794006347656,300524,0.0,0.0
2014-07-22 00:00:00+08:00,62.92732238769532,63.229857591482315,62.32225198012132,62.92732238769531,273611,0.0,0.0
2014-07-23 00:00:00+08:00,62.92732238769532,62.92732238769532,62.92732238769532,62.92732238769531,0,0.0,0.0
2014-07-24 00:00:00+08:00,63.229864479838945,63.229864479838945,62.624794006347656,62.624794006347656,244286,0.0,0.0
2014-07-25 00:00:00+08:00,62.019723532856375,62.9273292430933,62.019723532856375,62.624794006347656,452913,0.0,0.0
2014-07-28 00:00:00+08:00,62.92733229506073,64.13747330073497,62.62479704364217,63.834938049316406,491767,0.0,0.0
2014-07-29 00:00:00+08:00,63.834934953330226,64.4400054268215,61.11211782261945,62.624794006347656,967203,0.0,0.0
2014-07-30 00:00:00+08:00,62.322258769602016,63.229864479838945,62.019723532856375,62.624794006347656,173290,0.0,0.0
2014-07-31 00:00:00+08:00,62.01972886627796,62.62479939180262,61.41465834075329,61.717193603515625,269000,0.0,0.0
2014-08-01 00:00:00+08:00,60.80957873504941,61.41464917022403,60.5070435174621,61.11211395263672,387667,0.0,0.0
2014-08-04 00:00:00+08:00,61.112114741884426,61.71718518487339,61.112114741884426,61.414649963378906,80806,0.0,0.0
2014-08-05 00:00:00+08:00,61.112114741884426,62.01972040636786,61.112114741884426,61.414649963378906,314033,0.0,0.0
2014-08-06 00:00:00+08:00,61.41464917022403,61.71718438781134,60.5070435174621,61.11211395263672,382108,0.0,0.0
2014-08-07 00:00:00+08:00,61.414649963378906,63.53239651384025,61.414649963378906,61.414649963378906,538376,0.0,0.0
2014-08-08 00:00:00+08:00,61.41465609414237,61.41465609414237,58.08676832549426,59.29690933227539,689507,0.0,0.0
2014-08-11 00:00:00+08:00,59.90198661804199,61.11212776184082,59.90198661804199,60.507057189941406,325610,0.0,0.0
2014-08-12 00:00:00+08:00,61.11211706365196,62.32225799560546,60.507046597675206,62.32225799560547,361324,0.0,0.0
2014-08-13 00:00:00+08:00,62.62479939180262,62.62479939180262,61.717193603515625,61.717193603515625,267409,0.0,0.0
2014-08-14 00:00:00+08:00,62.32225482298596,62.32225482298596,61.11211395263672,61.11211395263672,230000,0.0,0.0
2014-08-15 00:00:00+08:00,61.41465834075329,62.62479939180262,61.112123077990965,61.717193603515625,209000,0.0,0.0
2014-08-18 00:00:00+08:00,62.32225482298596,62.32225482298596,60.80957873504941,61.11211395263672,179244,0.0,0.0
2014-08-19 00:00:00+08:00,61.112114741884426,62.32225562786234,61.112114741884426,61.414649963378906,156600,0.0,0.0
2014-08-20 00:00:00+08:00,61.71718518487339,62.32225562786234,61.414649963378906,61.414649963378906,108000,0.0,0.0
2014-08-21 00:00:00+08:00,61.414649963378906,61.71718518487339,61.112114741884426,61.414649963378906,135072,0.0,0.0
2014-08-22 00:00:00+08:00,61.414649963378906,62.01972040636786,61.112114741884426,61.414649963378906,205128,0.0,0.0
2014-08-25 00:00:00+08:00,61.41465834075329,61.717193603515625,61.112123077990965,61.717193603515625,81100,0.0,0.0
2014-08-26 00:00:00+08:00,61.717188296110734,62.9273292430933,61.717188296110734,62.624794006347656,427647,0.0,0.0
2014-08-27 00:00:00+08:00,63.22986369457059,63.22986369457059,62.32225799560546,62.32225799560547,256434,0.0,0.0
2014-08-28 00:00:00+08:00,62.92732238769532,63.53239279526931,62.624787183908325,62.92732238769531,263533,0.0,0.0
2014-08-29 00:00:00+08:00,62.92733078367972,64.13747176028895,62.92733078367972,63.22986602783203,447053,0.0,0.0
2014-09-01 00:00:00+08:00,63.22986369457059,63.22986369457059,62.32225799560546,62.32225799560547,265075,0.0,0.0
2014-09-02 00:00:00+08:00,61.7171898070705,64.13747176028895,61.7171898070705,63.22986602783203,422271,0.0,0.0
2014-09-03 00:00:00+08:00,64.74253766413585,66.5577490005135,64.44000244140625,64.44000244140625,1944808,0.0,0.0
2014-09-04 00:00:00+08:00,64.13747019007586,64.13747019007586,62.624794006347656,62.624794006347656,472025,0.0,0.0
2014-09-05 00:00:00+08:00,63.53239279526931,63.53239279526931,62.624787183908325,62.92732238769531,149020,0.0,0.0
2014-09-09 00:00:00+08:00,62.62479939180262,63.229869917327285,61.41465834075329,61.717193603515625,407000,0.0,0.0
2014-09-10 00:00:00+08:00,61.717198333740235,62.01973361968994,60.38604492209036,60.507057189941406,485050,0.0,0.0
2014-09-11 00:00:00+08:00,60.50704970003209,60.80958494853225,59.296908706031445,59.478431701660156,713511,0.0,0.0
2014-09-12 00:00:00+08:00,59.2969061359544,59.417918383580876,58.994370900566885,59.11538314819336,404050,0.0,0.0
2014-09-15 00:00:00+08:00,59.2969050888604,59.90197554895081,59.2969050888604,59.65994644165039,145701,0.0,0.0
2014-09-16 00:00:00+08:00,59.29690352106725,59.59943874311351,58.69183307697473,59.054874420166016,163015,0.0,0.0
2014-09-17 00:00:00+08:00,59.05488020765485,59.59944458397067,59.05488020765485,59.29690933227539,269000,0.0,0.0
2014-09-18 00:00:00+08:00,59.29690825927074,60.26502012391289,58.691837766829195,59.84147262573242,441000,0.0,0.0
2014-09-19 00:00:00+08:00,59.96248672641122,60.265021981959535,59.296910087469264,59.59944534301758,251250,0.0,0.0
2014-09-22 00:00:00+08:00,59.29690933227539,59.72045683812015,59.175897078125914,59.29690933227539,156976,0.0,0.0
2014-09-23 00:00:00+08:00,59.054874420166016,59.357409642212275,58.752339198119756,59.054874420166016,203200,0.0,0.0
2014-09-24 00:00:00+08:00,58.99437408058011,59.478432329821196,58.99437408058011,59.29690933227539,154015,0.0,0.0
2014-09-25 00:00:00+08:00,59.35741285308412,59.72045421591372,58.873359241418456,59.23640060424805,251105,0.0,0.0
2014-09-26 00:00:00+08:00,59.054877614672556,59.53893584265961,58.873359241418456,59.23640060424805,220298,0.0,0.0
2014-09-29 00:00:00+08:00,59.41792419002876,59.841476330754524,59.296911930576705,59.357418060302734,61946,0.0,0.0
2014-09-30 00:00:00+08:00,59.357420153033374,59.357420153033374,57.78423764308294,58.08677291870117,245080,0.0,0.0
2014-10-01 00:00:00+08:00,58.32880360294484,59.538944737378046,58.26829746948759,59.1759033203125,272615,0.0,0.0
2014-10-02 00:00:00+08:00,58.752337203662876,59.054872415439014,58.63132496548081,58.812843322753906,210021,0.0,0.0
2014-10-03 00:00:00+08:00,58.99437516789972,59.23640429698108,58.75234603881836,58.75234603881836,196235,0.0,0.0
2014-10-06 00:00:00+08:00,58.75234406234557,58.93386705713044,58.51031494140625,58.51031494140625,149360,0.0,0.0
2014-10-07 00:00:00+08:00,59.17589506933971,59.17589506933971,57.36068362078722,57.54220199584961,222361,0.0,0.0
2014-10-08 00:00:00+08:00,56.876630571153434,57.17916584014893,54.45634841918946,54.45634841918945,597180,0.0,0.0
2014-10-09 00:00:00+08:00,55.0614157349931,56.090033742854445,53.91178085682233,54.27482223510742,534050,0.0,0.0
2014-10-13 00:00:00+08:00,50.58389721285093,51.43099690872969,50.523391080928576,50.70491409301758,522007,0.0,0.0
2014-10-14 00:00:00+08:00,50.70490612732438,51.30997658413578,49.55527133611846,49.73678970336914,467455,0.0,0.0
2014-10-15 00:00:00+08:00,50.220846501792344,50.94692918300066,48.4661413031643,49.61577606201172,426003,0.0,0.0
2014-10-16 00:00:00+08:00,50.22084991641379,50.22084991641379,48.40563847365185,49.97882080078125,225125,0.0,0.0
2014-10-17 00:00:00+08:00,50.099835114048844,50.099835114048844,48.82918347580116,48.88969421386719,202270,0.0,0.0
2014-10-20 00:00:00+08:00,50.03932571411133,50.46287781029405,49.615778234249916,50.03932571411133,130000,0.0,0.0
2014-10-21 00:00:00+08:00,50.2208491376879,50.2208491376879,49.43425567815943,49.67628479003906,93050,0.0,0.0
2014-10-22 00:00:00+08:00,50.523391080928576,50.88643248878463,50.22085580499487,50.70491409301758,210000,0.0,0.0
2014-10-23 00:00:00+08:00,50.70490470014529,50.70490470014529,49.55526994129787,49.61577606201172,184365,0.0,0.0
2014-10-24 00:00:00+08:00,50.34187132241641,50.402382074571506,47.80057668685913,48.40564727783203,434000,0.0,0.0
2014-10-27 00:00:00+08:00,48.70817730473537,48.70817730473537,45.68282467711206,46.28789520263672,572002,0.0,0.0
2014-10-28 00:00:00+08:00,46.89295995664641,47.558536529541016,46.46941248743743,47.558536529541016,636000,0.0,0.0
2014-10-29 00:00:00+08:00,47.55854003132554,50.16034500895767,47.37702165243682,49.91831588745117,636599,0.0,0.0
2014-10-30 00:00:00+08:00,49.918307010036564,49.918307010036564,48.70816623403568,48.9501953125,362300,0.0,0.0
2014-10-31 00:00:00+08:00,49.01070862752528,49.55527297998429,48.95020250310126,49.3132438659668,284000,0.0,0.0
2014-11-03 00:00:00+08:00,49.31324401658035,50.099837485459275,49.1922317673627,49.79730224609375,306000,0.0,0.0
2014-11-04 00:00:00+08:00,49.91831268694105,49.91831268694105,49.37374835254654,49.73678970336914,96000,0.0,0.0
2014-11-05 00:00:00+08:00,49.73678342713255,49.73678342713255,48.82917785644531,48.82917785644531,149120,0.0,0.0
2014-11-06 00:00:00+08:00,49.01070733941017,49.01070733941017,47.8610725402832,47.8610725402832,172000,0.0,0.0
2014-11-07 00:00:00+08:00,47.861073132850755,48.70817271197546,47.861073132850755,47.98208999633789,134000,0.0,0.0
2014-11-10 00:00:00+08:00,48.58715898882178,49.494764663958016,48.58715898882178,48.88969421386719,200028,0.0,0.0
2014-11-11 00:00:00+08:00,48.70816843162854,49.0712097575442,48.2846209874471,48.34512710571289,174001,0.0,0.0
2014-11-12 00:00:00+08:00,47.92158185431762,48.28462784813887,47.86107572745461,48.042598724365234,230000,0.0,0.0
2014-11-13 00:00:00+08:00,48.04259189806302,48.34512710571289,47.98208577979723,48.34512710571289,178000,0.0,0.0
2014-11-14 00:00:00+08:00,48.34512929445567,49.010705858154026,48.34512929445567,48.7686767578125,170000,0.0,0.0
2014-11-17 00:00:00+08:00,49.0107124908061,49.0107124908061,47.49803617936146,47.80057144165039,121000,0.0,0.0
2014-11-18 00:00:00+08:00,48.103105517217685,48.103105517217685,45.985358733440805,46.3484001159668,278002,0.0,0.0
2014-11-19 00:00:00+08:00,47.195494817918345,47.37701779836188,46.59042437153478,46.89295959472656,156010,0.0,0.0
2014-11-20 00:00:00+08:00,47.19549834788317,47.861074965422354,47.07448609608387,47.74006271362305,186000,0.0,0.0
2014-11-21 00:00:00+08:00,48.103104085342466,48.28462707936292,46.95346922796306,47.74006271362305,262020,0.0,0.0
2014-11-24 00:00:00+08:00,47.8610741936703,47.921580318594295,47.31650983671143,47.43752670288086,148600,0.0,0.0
2014-11-25 00:00:00+08:00,47.80057144165039,47.98209444555245,47.49803617936146,47.80057144165039,230300,0.0,0.0
2014-11-26 00:00:00+08:00,47.92158062068682,48.28462660516228,46.40890440644391,46.59042739868164,997285,0.0,0.0
2014-11-27 00:00:00+08:00,46.71144225539013,47.19550051748274,46.46941774066554,46.650936126708984,689000,0.0,0.0
2014-11-28 00:00:00+08:00,46.89296219802074,47.3165096874743,46.832456073287574,46.953468322753906,421000,0.0,0.0
2014-12-01 00:00:00+08:00,46.59042739868164,47.13499175907338,46.106369163595325,46.59042739868164,437131,0.0,0.0
2014-12-02 00:00:00+08:00,47.558536529541016,47.558536529541016,47.558536529541016,47.558536529541016,1124148,0.0,0.0
2014-12-03 00:00:00+08:00,48.70817184448242,48.70817184448242,48.70817184448242,48.70817184448242,1984000,0.0,0.0
2014-12-04 00:00:00+08:00,48.889694213867195,48.889694213867195,48.889694213867195,48.88969421386719,1432400,0.0,0.0
2014-12-05 00:00:00+08:00,48.88969482831955,49.61577753102557,48.70817184448242,48.70817184448242,565050,0.0,0.0
2014-12-08 00:00:00+08:00,48.95019792176619,49.2527331318929,48.70816883040063,49.010704040527344,580128,0.0,0.0
2014-12-09 00:00:00+08:00,49.131726965104754,51.43099690872969,49.131726965104754,50.70491409301758,1656050,0.0,0.0
2014-12-10 00:00:00+08:00,50.70490525557649,50.825917498329765,49.61577660551239,50.765411376953125,1194200,0.0,0.0
2014-12-11 00:00:00+08:00,50.76541277223127,52.21758280678898,50.583889786791076,50.88642501831055,1305900,0.0,0.0
2014-12-12 00:00:00+08:00,51.18896578321116,51.18896578321116,50.46288299560547,50.46288299560547,400359,0.0,0.0
2014-12-15 00:00:00+08:00,50.09983919257981,50.825921945269315,49.97882232291718,50.583892822265625,364016,0.0,0.0
2014-12-16 00:00:00+08:00,50.644396341348646,51.18896068598793,50.462877970683095,50.52338409423828,322000,0.0,0.0
2014-12-17 00:00:00+08:00,50.523383312914746,50.76541241971392,49.91831285407745,50.220848083496094,417306,0.0,0.0
2014-12-18 00:00:00+08:00,50.5838900570198,50.94693141351834,50.03932571411133,50.03932571411133,262310,0.0,0.0
2014-12-19 00:00:00+08:00,50.523384373457105,50.58389049734667,49.07121431850065,49.67628479003906,520000,0.0,0.0
2014-12-22 00:00:00+08:00,49.97882369300418,49.97882369300418,49.31324704873952,49.49477005004883,373244,0.0,0.0
2014-12-23 00:00:00+08:00,49.615778234249916,51.067948276565396,49.615778234249916,50.03932571411133,861000,0.0,0.0
2014-12-24 00:00:00+08:00,50.34186612012333,50.946936648568666,50.03933085590066,50.46288299560547,730000,0.0,0.0
2014-12-25 00:00:00+08:00,50.46287560096882,50.46287560096882,49.3132408421214,49.61577606201172,612000,0.0,0.0
2014-12-26 00:00:00+08:00,49.61577648161386,49.61577648161386,49.01070603671613,49.25273513793945,432000,0.0,0.0
2014-12-29 00:00:00+08:00,49.55526834201961,49.797297433385175,49.01070404052734,49.010704040527344,393100,0.0,0.0
2014-12-30 00:00:00+08:00,49.071210370616924,49.19222722498135,48.1030986173064,48.163604736328125,571120,0.0,0.0
2014-12-31 00:00:00+08:00,48.16361143612197,48.58716356083417,47.49803480165608,47.67955780029297,656054,0.0,0.0
2015-01-05 00:00:00+08:00,47.61904507765286,47.61904507765286,47.19549758686343,47.43752670288086,549240,0.0,0.0
2015-01-06 00:00:00+08:00,47.195496816074495,47.37701980420332,46.953467704009846,47.13499069213867,376508,0.0,0.0
2015-01-07 00:00:00+08:00,47.195500917072536,48.04260057474588,47.1349947878791,47.80057144165039,421000,0.0,0.0
2015-01-08 00:00:00+08:00,47.98208781779093,48.28462303829069,47.25600051879883,47.25600051879883,662340,0.0,0.0
2015-01-09 00:00:00+08:00,47.679554251448664,47.679554251448664,46.65093169627056,46.832454681396484,583200,0.0,0.0
2015-01-12 00:00:00+08:00,46.83245837021588,47.31651200814333,46.227387860565344,46.3484001159668,641528,0.0,0.0
2015-01-13 00:00:00+08:00,46.28788897231156,46.771947174106025,46.28788897231156,46.40890121459961,276100,0.0,0.0
2015-01-14 00:00:00+08:00,46.40890841457081,46.5299252919548,45.4407964771082,45.56181335449219,792007,0.0,0.0
2015-01-15 00:00:00+08:00,45.682814569466984,46.71143238874126,45.622308453566276,46.227378845214844,1138300,0.0,0.0
2015-01-16 00:00:00+08:00,46.348396484042794,46.40890260700218,43.62557940397907,43.98862075805664,2093205,0.0,0.0
2015-01-19 00:00:00+08:00,44.47268948969051,44.47268948969051,42.8390007019043,42.8390007019043,1310395,0.0,0.0
2015-01-20 00:00:00+08:00,42.83898997560865,44.59369059857332,42.77847923717162,44.170143127441406,1231573,0.0,0.0
2015-01-21 00:00:00+08:00,44.47268204277404,45.86434604846431,43.98862379305875,45.19876480102539,1148260,0.0,0.0
2015-01-22 00:00:00+08:00,45.86434693528664,46.287894449735944,45.56181167744523,45.98535919189453,1072333,0.0,0.0
2015-01-23 00:00:00+08:00,46.16687715023804,46.16687715023804,45.561806700648134,46.045860290527344,630300,0.0,0.0
2015-01-26 00:00:00+08:00,45.74332976881138,46.04586502471135,45.25927612916441,45.31978225708008,548150,0.0,0.0
2015-01-27 00:00:00+08:00,45.31978104411392,45.864345413423145,45.198764175199905,45.380287170410156,431000,0.0,0.0
2015-01-28 00:00:00+08:00,45.50129699707031,45.9248490912051,45.25927250478905,45.50129699707031,228043,0.0,0.0
2015-01-29 00:00:00+08:00,45.622319485023255,45.622319485023255,45.25927808551501,45.56181335449219,190000,0.0,0.0
2015-01-30 00:00:00+08:00,45.68282486684769,45.74333099638711,45.25927734375,45.25927734375,125250,0.0,0.0
2015-02-02 00:00:00+08:00,45.62231815042732,45.62231815042732,44.29116023607516,45.13825988769531,540350,0.0,0.0
2015-02-03 00:00:00+08:00,45.138259257011434,45.50130064082707,44.714711745280134,45.31978225708008,301000,0.0,0.0
2015-02-04 00:00:00+08:00,45.561807736461915,45.622313859532234,45.13825564232714,45.50129699707031,322020,0.0,0.0
2015-02-05 00:00:00+08:00,45.50129942300264,45.74332854450913,45.380287170410156,45.380287170410156,256040,0.0,0.0
2015-02-06 00:00:00+08:00,45.62231780574918,46.408906706343835,45.62231780574918,45.98535919189453,566200,0.0,0.0
2015-02-09 00:00:00+08:00,45.743330407949465,45.86434728179332,45.07775375893424,45.13825988769531,531300,0.0,0.0
2015-02-10 00:00:00+08:00,45.13825959761882,45.380288727429445,44.47268295288086,44.47268295288086,430200,0.0,0.0
2015-02-11 00:00:00+08:00,44.65420765488716,44.65420765488716,43.92812023780366,44.049137115478516,362250,0.0,0.0
2015-02-12 00:00:00+08:00,44.10964191209739,44.10964191209739,43.5650775198351,43.62558364868164,339200,0.0,0.0
2015-02-13 00:00:00+08:00,43.86761155982238,44.29115906628513,43.56507630768567,43.68608856201172,311100,0.0,0.0
2015-02-24 00:00:00+08:00,44.170150020204744,44.170150020204744,43.68609173509839,43.86761474609375,155000,0.0,0.0
2015-02-25 00:00:00+08:00,44.049134983584395,44.89623000470124,44.049134983584395,44.835723876953125,358100,0.0,0.0
2015-02-26 00:00:00+08:00,44.835723249313,45.138258500140104,44.593694125386996,45.01724624633789,278535,0.0,0.0
2015-03-02 00:00:00+08:00,45.1382544295409,45.98535397872909,45.1382544295409,45.864341735839844,787000,0.0,0.0
2015-03-03 00:00:00+08:00,45.864341925443085,46.590424618422496,45.68281894403764,46.045860290527344,614300,0.0,0.0
2015-03-04 00:00:00+08:00,46.04586701506256,46.10637314559363,45.50130260763927,45.56181335449219,325020,0.0,0.0
2015-03-05 00:00:00+08:00,45.92485046386719,46.28789182946142,45.68282134803056,45.92485046386719,377040,0.0,0.0
2015-03-06 00:00:00+08:00,46.16687929042685,46.771949768066406,46.16687929042685,46.771949768066406,806716,0.0,0.0
2015-03-09 00:00:00+08:00,46.22738308082874,46.46941218292839,45.74332487662944,45.864341735839844,601044,0.0,0.0
2015-03-10 00:00:00+08:00,45.864345413423145,45.864345413423145,44.83572280110093,45.380287170410156,432100,0.0,0.0
2015-03-11 00:00:00+08:00,45.13825988769531,45.19876601645638,44.89623075632931,45.13825988769531,306300,0.0,0.0
2015-03-12 00:00:00+08:00,45.31978104411392,45.380287170410156,45.01724579631118,45.380287170410156,249040,0.0,0.0
2015-03-13 00:00:00+08:00,45.74332487662944,46.16687695938411,45.561806512295576,45.864341735839844,365602,0.0,0.0
2015-03-16 00:00:00+08:00,45.864341735839844,45.864341735839844,45.864341735839844,45.864341735839844,0,0.0,0.0
2015-03-17 00:00:00+08:00,45.25927337544272,45.50129787237981,44.53318603566731,44.77521514892578,431610,0.0,0.0
2015-03-18 00:00:00+08:00,44.77521849880716,45.440795147822385,44.654206241285024,45.13825988769531,339571,0.0,0.0
2015-03-19 00:00:00+08:00,45.31978317307916,45.86434756797012,45.138260169341585,45.803836822509766,494101,0.0,0.0
2015-03-20 00:00:00+08:00,45.50129638337114,45.9853545940475,45.50129638337114,45.68281936645508,288187,0.0,0.0
2015-03-23 00:00:00+08:00,46.227383699385676,46.227383699385676,45.68281936645508,45.68281936645508,366151,0.0,0.0
2015-03-24 00:00:00+08:00,45.98536048066545,47.98209508490728,45.62231908434561,47.619049072265625,1583757,0.0,0.0
2015-03-25 00:00:00+08:00,47.921580318594295,49.010709032512025,47.19549758686343,47.43752670288086,2624720,0.0,0.0
2015-03-26 00:00:00+08:00,46.89296037722857,47.55853695609272,46.771948132460984,47.19549560546875,569343,0.0,0.0
2015-03-27 00:00:00+08:00,47.558540929094505,48.58716356083417,47.316511803019196,47.67955780029297,1147361,0.0,0.0
2015-03-30 00:00:00+08:00,48.405641380721676,48.405641380721676,46.16688231339197,46.469417572021484,862337,0.0,0.0
2015-03-31 00:00:00+08:00,46.89296525775529,47.19550051748274,46.348400866981535,46.650936126708984,495083,0.0,0.0
2015-04-01 00:00:00+08:00,46.46941820682282,46.46941820682282,45.864347681298156,46.28789520263672,468347,0.0,0.0
2015-04-02 00:00:00+08:00,46.287892317608545,48.8896972617282,46.287892317608545,48.587162017822266,3138247,0.0,0.0
2015-04-07 00:00:00+08:00,48.82919484498416,48.95021173297209,47.92158895852481,48.40564727783203,1354244,0.0,0.0
2015-04-08 00:00:00+08:00,47.49803090634604,47.49803090634604,45.98535476283183,46.16687774658203,1946000,0.0,0.0
2015-04-09 00:00:00+08:00,46.16688219312805,46.71144196418525,45.98535919189453,45.98535919189453,633150,0.0,0.0
2015-04-10 00:00:00+08:00,46.22738742758999,46.22738742758999,44.17014679078238,45.19876480102539,915100,0.0,0.0
2015-04-13 00:00:00+08:00,45.19876480102539,45.440793925883035,44.835723421899715,45.19876480102539,298100,0.0,0.0
2015-04-14 00:00:00+08:00,45.198765847145495,45.5013011061393,44.896230588151695,44.95674133300781,284060,0.0,0.0
2015-04-15 00:00:00+08:00,44.95674441670838,45.56181497619936,44.65420913696289,44.65420913696289,307001,0.0,0.0
2015-04-16 00:00:00+08:00,45.07775300426721,45.07775300426721,44.7147116214569,44.835723876953125,239168,0.0,0.0
2015-04-17 00:00:00+08:00,45.01724391968432,45.01724391968432,43.86760910269427,44.10963821411133,537050,0.0,0.0
2015-04-20 00:00:00+08:00,43.62558289325512,44.10964114828885,43.26254151014065,43.32304763793945,468000,0.0,0.0
2015-04-21 00:00:00+08:00,43.44406450985871,43.9886242763696,43.14152925454304,43.32304763793945,230508,0.0,0.0
2015-04-22 00:00:00+08:00,43.44406374699475,43.56507600046742,42.96000550046093,43.020511627197266,418000,0.0,0.0
2015-04-23 00:00:00+08:00,43.08101971979559,43.86761325222629,43.08101971979559,43.262542724609375,387852,0.0,0.0
2015-04-24 00:00:00+08:00,43.38355422930622,43.7466002326216,42.96000671386719,42.96000671386719,291000,0.0,0.0
2015-04-27 00:00:00+08:00,43.26253829307712,43.50456740259636,43.08101530685737,43.444061279296875,194000,0.0,0.0
2015-04-28 00:00:00+08:00,43.44406374699475,43.56507600046742,43.020511627197266,43.020511627197266,221000,0.0,0.0
2015-04-29 00:00:00+08:00,43.383557343937234,43.383557343937234,42.657474517822266,42.657474517822266,249279,0.0,0.0
2015-04-30 00:00:00+08:00,42.65746595594618,42.778478197236026,40.297690320225364,40.842254638671875,1199679,0.0,0.0
2015-05-04 00:00:00+08:00,40.84225768473611,40.902763809893656,39.934651958408644,40.53972244262695,516655,0.0,0.0
2015-05-05 00:00:00+08:00,40.53971904065882,40.53971904065882,40.05566084737626,40.17667770385742,232589,0.0,0.0
2015-05-06 00:00:00+08:00,39.99516206419607,39.99516206419607,39.20857312621768,39.5111083984375,676895,0.0,0.0
2015-05-07 00:00:00+08:00,39.329580146177236,39.329580146177236,37.57487487792969,37.57487487792969,1035250,0.0,0.0
2015-05-08 00:00:00+08:00,37.63538590468524,37.695892031972456,36.48575102094181,37.03031539916992,782300,0.0,0.0
2015-05-11 00:00:00+08:00,36.72778149960665,37.33285202741513,34.48902008508311,34.54952621459961,1591265,0.0,0.0
2015-05-12 00:00:00+08:00,34.428512737252625,34.428512737252625,32.97634259863555,34.00496292114258,1200100,0.0,0.0
2015-05-13 00:00:00+08:00,34.489015895108714,35.82017135620117,34.24698679012441,35.82017135620117,811507,0.0,0.0
2015-05-14 00:00:00+08:00,36.001699404381284,36.001699404381284,34.61003753609624,34.6705436706543,640000,0.0,0.0
2015-05-15 00:00:00+08:00,35.03357747026952,35.45712490842,34.67053384136285,35.275604248046875,332125,0.0,0.0
2015-05-18 00:00:00+08:00,35.275610061311916,35.275610061311916,33.88394835823102,34.00496292114258,378000,0.0,0.0
2015-05-19 00:00:00+08:00,34.00496395042499,35.09409043327372,33.702428688069176,34.97307586669922,296675,0.0,0.0
2015-05-20 00:00:00+08:00,35.09408934436792,35.88068054045436,35.033583217038505,35.51763916015625,342027,0.0,0.0
2015-05-21 00:00:00+08:00,35.517640364697904,36.606766850689546,35.336119668392776,36.06220245361328,495586,0.0,0.0
2015-05-22 00:00:00+08:00,36.18321017300787,36.78828058495837,36.18321017300787,36.36473083496094,249210,0.0,0.0
2015-05-25 00:00:00+08:00,36.36473307743674,36.36473307743674,35.57814195502707,35.75966262817383,269000,0.0,0.0
2015-05-26 00:00:00+08:00,35.75966719038444,36.485752283765834,35.75966719038444,36.06220245361328,196050,0.0,0.0
2015-05-27 00:00:00+08:00,36.001696324231865,36.24372545807929,35.57814649407931,36.06220245361328,294000,0.0,0.0
2015-05-28 00:00:00+08:00,36.48575266753607,37.81690830137671,36.243725839303806,37.21183776855469,553769,0.0,0.0
2015-05-29 00:00:00+08:00,37.51437103257979,38.72451203363075,37.21183578231705,38.48248291015625,749153,0.0,0.0
2015-06-01 00:00:00+08:00,38.48248370802597,38.48248370802597,37.21183655384203,37.272342681884766,268011,0.0,0.0
2015-06-02 00:00:00+08:00,37.27234160603257,37.27234160603257,36.304229736328125,36.304229736328125,362100,0.0,0.0
2015-06-03 00:00:00+08:00,36.30422553163213,36.60676074439573,35.578140559367384,35.638648986816406,172269,0.0,0.0
2015-06-04 00:00:00+08:00,35.638657980710775,35.94119326982322,34.61003753609624,34.6705436706543,356000,0.0,0.0
2015-06-05 00:00:00+08:00,33.94445223021988,34.9125663610267,33.94445223021988,34.61003112792969,257300,0.0,0.0
2015-06-08 00:00:00+08:00,34.67053554823757,34.67053554823757,34.06546511176514,34.42850875854492,113000,0.0,0.0
2015-06-09 00:00:00+08:00,33.64191590785704,35.09408590296823,31.040113449096683,31.04011344909668,1148350,0.0,0.0
2015-06-10 00:00:00+08:00,31.04011417975245,32.91583399327051,31.04011417975245,32.00822830200195,1341200,0.0,0.0
2015-06-11 00:00:00+08:00,32.06873160142165,32.250252262061764,31.40315507635443,31.463661193847656,350302,0.0,0.0
2015-06-12 00:00:00+08:00,31.463668867979884,32.008233290882394,31.463668867979884,31.705698013305664,190139,0.0,0.0
2015-06-15 00:00:00+08:00,32.068730220616416,32.61329448724951,31.70568891496791,32.37126541137695,214300,0.0,0.0
2015-06-16 00:00:00+08:00,32.37127536169701,32.43178149518343,31.282148801814177,31.5241756439209,367100,0.0,0.0
2015-06-17 00:00:00+08:00,31.94772000466418,32.008228435898246,31.584678649902344,31.584678649902344,123000,0.0,0.0
2015-06-18 00:00:00+08:00,32.06874084472656,32.06874084472656,31.705699418805416,32.06874084472656,193297,0.0,0.0
2015-06-22 00:00:00+08:00,32.371271669043885,33.460398104687975,32.371271669043885,32.85532760620117,441057,0.0,0.0
2015-06-23 00:00:00+08:00,33.278879402357596,34.06547063569023,33.09735870361328,33.09735870361328,405130,0.0,0.0
2015-06-24 00:00:00+08:00,33.21837420616066,33.399894910008776,32.97634506225586,32.97634506225586,167000,0.0,0.0
2015-06-25 00:00:00+08:00,33.15786285544457,33.58141266601749,32.67380691828728,32.85532760620117,261000,0.0,0.0
2015-06-26 00:00:00+08:00,32.976343094304816,32.976343094304816,32.12924344935192,32.73431396484375,279150,0.0,0.0
2015-06-29 00:00:00+08:00,32.67381068638393,32.67381068638393,31.766204833984375,31.766204833984375,230575,0.0,0.0
2015-06-30 00:00:00+08:00,31.645183356015497,32.37126834118828,31.584677235651323,31.826704025268555,225000,0.0,0.0
2015-07-01 00:00:00+08:00,32.12923626046175,33.218364791184115,32.00822403096845,32.79481506347656,529250,0.0,0.0
2015-07-02 00:00:00+08:00,33.036844759753805,33.52090295328616,32.55278887438199,32.91583251953125,353000,0.0,0.0
2015-07-03 00:00:00+08:00,32.915836966019974,33.1578637873202,32.49228714354352,32.73431396484375,236000,0.0,0.0
2015-07-06 00:00:00+08:00,32.734312279126605,32.976341396123914,32.552791595458984,32.552791595458984,314200,0.0,0.0
2015-07-07 00:00:00+08:00,32.67380567475492,33.097355469207955,32.06873519929649,32.31076431274414,266000,0.0,0.0
2015-07-08 00:00:00+08:00,32.673807402345425,32.673807402345425,30.31403150002282,30.979610443115234,673350,0.0,0.0
2015-07-09 00:00:00+08:00,30.858595345252045,30.979609906277343,29.950989599803453,30.495553970336914,666460,0.0,0.0
2015-07-10 00:00:00+08:00,30.495553970336918,30.495553970336918,30.495553970336918,30.495553970336914,0,0.0,0.0
2015-07-13 00:00:00+08:00,30.798084668780437,31.46366119384766,30.73757624312678,31.463661193847656,399336,0.0,0.0
2015-07-14 00:00:00+08:00,31.76619919439942,32.31076353242481,31.705693071579105,32.00822830200195,367204,0.0,0.0
2015-07-15 00:00:00+08:00,32.06873704024682,32.06873704024682,31.040116711285986,28.801355361938477,838130,0.0,0.0
2015-07-16 00:00:00+08:00,31.927597363964342,32.393208666330985,31.76130779436036,31.794565200805664,568510,4.3,0.0
2015-07-17 00:00:00+08:00,31.92759768470308,32.06062984919817,31.66153335571289,31.66153335571289,255161,0.0,0.0
2015-07-20 00:00:00+08:00,31.46198932941147,31.827825913062515,30.53076916533405,30.730316162109375,328000,0.0,0.0
2015-07-21 00:00:00+08:00,30.697052775943337,30.830082389642815,30.13166676821161,30.49750328063965,264200,0.0,0.0
2015-07-22 00:00:00+08:00,30.49750722050889,30.49750722050889,29.599544525146484,29.599544525146484,456550,0.0,0.0
2015-07-23 00:00:00+08:00,29.40000267761449,30.464255134885512,29.266970486111113,29.93212890625,304294,0.0,0.0
2015-07-24 00:00:00+08:00,29.7325750100566,29.932121982464214,28.768095016479492,28.768095016479492,265000,0.0,0.0
2015-07-27 00:00:00+08:00,28.934389548965644,28.934389548965644,26.27375602722168,26.27375602722168,716500,0.0,0.0
2015-07-28 00:00:00+08:00,25.74162472555557,27.570809909010876,25.74162472555557,27.271488189697266,441250,0.0,0.0
2015-07-29 00:00:00+08:00,27.537552979604822,27.537552979604822,26.672845211682375,26.93890953063965,173000,0.0,0.0
2015-07-30 00:00:00+08:00,26.373528041424475,27.504295140021892,26.373528041424475,27.00542640686035,290450,0.0,0.0
2015-07-31 00:00:00+08:00,27.00542418589333,27.138456344604492,26.63958765247067,27.138456344604492,214500,0.0,0.0
2015-08-03 00:00:00+08:00,27.138461414312896,27.138461414312896,26.27375602722168,26.27375602722168,198253,0.0,0.0
2015-08-04 00:00:00+08:00,26.27375236756883,27.271489799248656,26.173977609449846,26.340267181396484,417140,0.0,0.0
2015-08-05 00:00:00+08:00,26.340270324465383,26.706109456303967,26.240498091818516,26.606334686279297,222033,0.0,0.0
2015-08-06 00:00:00+08:00,26.80588262334539,26.80588262334539,25.874662399291992,25.874662399291992,267254,0.0,0.0
2015-08-07 00:00:00+08:00,25.4090499651536,25.74162914653682,24.610859422358313,24.976696014404297,566225,0.0,0.0
2015-08-10 00:00:00+08:00,24.245022661745022,24.710634019919855,23.71289648270712,24.477827072143555,1179500,0.0,0.0
2015-08-11 00:00:00+08:00,24.71063296334986,25.009952181813258,23.746152877807617,23.746152877807617,613200,0.0,0.0
2015-08-12 00:00:00+08:00,23.746151456343494,23.746151456343494,23.080993166459237,23.413572311401367,514000,0.0,0.0
2015-08-13 00:00:00+08:00,23.41357339103588,24.211763883178236,23.41357339103588,23.87918472290039,326222,0.0,0.0
2015-08-14 00:00:00+08:00,23.54660621377095,23.912442792717755,23.513346266921307,23.613121032714844,221000,0.0,0.0
2015-08-17 00:00:00+08:00,23.480085524847006,23.480085524847006,23.080991593072913,23.28053855895996,193158,0.0,0.0
2015-08-18 00:00:00+08:00,23.313797316078166,24.178502576666,23.18076515197754,23.18076515197754,254429,0.0,0.0
2015-08-19 00:00:00+08:00,23.280538130327034,23.546602438195972,22.715154647827152,22.71515464782715,342000,0.0,0.0
2015-08-20 00:00:00+08:00,22.6153828221509,23.114251560874816,22.282803663001623,22.748414993286133,246228,0.0,0.0
2015-08-21 00:00:00+08:00,22.28280499571791,22.415837174809692,20.55339301096919,20.819456100463867,564000,0.0,0.0
2015-08-24 00:00:00+08:00,20.021266092988036,20.619908339427187,18.75746551301898,18.8239803314209,802500,0.0,0.0
2015-08-25 00:00:00+08:00,18.957012389457184,20.35384513504969,18.957012389457184,20.154296875,641170,0.0,0.0
2015-08-26 00:00:00+08:00,20.35384592978151,20.35384592978151,19.755203663635644,20.220813751220703,332000,0.0,0.0
2015-08-27 00:00:00+08:00,20.61990978210521,21.418100345662275,20.61990978210521,20.985746383666992,456000,0.0,0.0
2015-08-28 00:00:00+08:00,21.384840698224156,21.983481655267145,21.384840698224156,21.81719207763672,514420,0.0,0.0
2015-08-31 00:00:00+08:00,22.149772163988814,22.282804339160837,21.684160819575585,22.216289520263672,388000,0.0,0.0
2015-09-01 00:00:00+08:00,22.149772313068343,22.748415836682778,21.783935731916287,22.282804489135742,315050,0.0,0.0
2015-09-02 00:00:00+08:00,22.116514462564197,23.845925104836198,21.9502248801389,23.746152877807617,608000,0.0,0.0
2015-09-03 00:00:00+08:00,24.61085621676273,24.743888379463968,23.513344046199357,24.0122127532959,538000,0.0,0.0
2015-09-04 00:00:00+08:00,23.945697121478364,24.045471874435474,22.881444931030277,22.881444931030273,376000,0.0,0.0
2015-09-07 00:00:00+08:00,22.482351484547983,22.61538366061538,21.950225317656106,22.282804489135742,248061,0.0,0.0
2015-09-08 00:00:00+08:00,22.216289314345527,22.748415472723753,22.216289314345527,22.68189811706543,155000,0.0,0.0
2015-09-09 00:00:00+08:00,23.41357436774286,23.746153541894383,23.147510013470548,23.48008918762207,356050,0.0,0.0
2015-09-10 00:00:00+08:00,23.28054222180061,24.04547533832515,23.214027401832272,23.912443161010742,335000,0.0,0.0
2015-09-11 00:00:00+08:00,24.111993092848166,24.4778297219537,23.879188657247745,24.3780574798584,286250,0.0,0.0
2015-09-14 00:00:00+08:00,24.67737102942462,24.810403192125857,23.94569794063401,24.0122127532959,370000,0.0,0.0
2015-09-15 00:00:00+08:00,24.078732377455182,24.078732377455182,23.54660621377095,23.613121032714844,158000,0.0,0.0
2015-09-16 00:00:00+08:00,23.81266751934264,24.111989272965324,23.81266751934264,23.94569969177246,114100,0.0,0.0
2015-09-17 00:00:00+08:00,24.27828040527512,24.544344767133367,24.21176558349946,24.34479522705078,298000,0.0,0.0
2015-09-18 00:00:00+08:00,24.145247421437276,25.94117546081543,24.145247421437276,25.94117546081543,668750,0.0,0.0
2015-09-21 00:00:00+08:00,25.675111982014325,25.675111982014325,24.677374430318775,24.777149200439453,424015,0.0,0.0
2015-09-22 00:00:00+08:00,24.876923450585288,25.575339214698396,24.876923450585288,25.10972785949707,311000,0.0,0.0
2015-09-23 00:00:00+08:00,24.876923950767274,24.943438772542933,24.178505635233826,24.34479522705078,294001,0.0,0.0
2015-09-24 00:00:00+08:00,24.378054480257827,24.51108412001625,23.347057010485916,23.48008918762207,383000,0.0,0.0
2015-09-25 00:00:00+08:00,23.480089732441453,23.64637932337571,23.214027909373318,23.579864501953125,178000,0.0,0.0
2015-09-29 00:00:00+08:00,23.579864501953125,23.579864501953125,23.579864501953125,23.579864501953125,0,0.0,0.0
2015-09-30 00:00:00+08:00,23.2805397527681,23.2805397527681,22.715156230866146,23.11425018310547,226797,0.0,0.0
2015-10-01 00:00:00+08:00,23.5466086524349,24.0122175080195,23.413576463391603,23.71289825439453,168000,0.0,0.0
2015-10-02 00:00:00+08:00,23.480089571775824,24.477827110554212,23.480089571775824,24.21176528930664,222250,0.0,0.0
2015-10-05 00:00:00+08:00,24.47782484289928,24.710631769473387,24.41131002809384,24.610857009887695,226000,0.0,0.0
2015-10-06 00:00:00+08:00,24.943438772542933,25.209503134401178,24.34479522705078,24.34479522705078,318200,0.0,0.0
2015-10-07 00:00:00+08:00,24.511085015499727,25.874661709239824,24.31153801119415,25.708372116088867,576148,0.0,0.0
2015-10-08 00:00:00+08:00,26.107467016930197,26.140724429221407,24.777150226258595,24.810407638549805,459000,0.0,0.0
2015-10-12 00:00:00+08:00,25.17624458796468,25.675113391192866,24.876925335930125,25.542083740234375,351300,0.0,0.0
2015-10-13 00:00:00+08:00,26.34027034664309,26.34027034664309,25.608597157105486,25.90791893005371,494310,0.0,0.0
2015-10-14 00:00:00+08:00,25.907923292921296,28.46878242492676,25.87466587641049,28.468782424926758,1624732,0.0,0.0
2015-10-15 00:00:00+08:00,29.133934529021783,29.43325628687229,28.601808369164033,28.801355361938477,2311612,0.0,0.0
2015-10-16 00:00:00+08:00,28.934393868212727,29.133940904655788,28.036430935529832,28.468782424926758,710158,0.0,0.0
2015-10-19 00:00:00+08:00,28.668321521580502,29.266965002491567,28.63506411428045,29.034160614013672,436150,0.0,0.0
2015-10-20 00:00:00+08:00,29.79909500818999,31.428733551678523,29.632805412678465,29.732580184936523,1909217,0.0,0.0
2015-10-21 00:00:00+08:00,29.30022463504337,29.39999940189861,27.27149218713452,27.770360946655273,1412000,0.0,0.0
2015-10-22 00:00:00+08:00,27.33800480176445,28.369002184851595,27.33800480176445,28.169452667236328,406000,0.0,0.0
2015-10-23 00:00:00+08:00,28.335743965191412,28.402261320904735,27.67058563232422,27.67058563232422,405000,0.0,0.0
2015-10-26 00:00:00+08:00,27.670587551755588,28.16945633601112,27.670587551755588,28.102941513061523,226000,0.0,0.0
2015-10-27 00:00:00+08:00,28.102940153070122,28.202714920043945,27.870135746634833,28.202714920043945,204000,0.0,0.0
2015-10-28 00:00:00+08:00,28.26922914685576,28.36900391173691,27.63732822315639,27.67058563232422,348000,0.0,0.0
2015-10-29 00:00:00+08:00,27.737102071257166,27.936649057046264,26.97216899879177,27.00542640686035,372050,0.0,0.0
2015-10-30 00:00:00+08:00,27.005424250579747,27.005424250579747,26.007686863922206,26.506555557250977,459050,0.0,0.0
2015-11-02 00:00:00+08:00,26.307008374829323,27.537552664190354,26.273750969684944,27.338003158569336,298200,0.0,0.0
2015-11-03 00:00:00+08:00,27.803613242557528,27.803613242557528,27.33800197850258,27.504291534423828,261105,0.0,0.0
2015-11-04 00:00:00+08:00,27.670586179800033,27.770360946655273,27.471039183467276,27.770360946655273,260000,0.0,0.0
2015-11-05 00:00:00+08:00,27.803618356481113,27.870135713510514,27.637328769974193,27.770360946655273,150212,0.0,0.0
2015-11-06 00:00:00+08:00,27.870135162086516,28.235971737687937,27.537555995652916,27.67058563232422,311010,0.0,0.0
2015-11-09 00:00:00+08:00,26.60633435306454,26.67284917399609,24.910181045532227,24.910181045532227,1526562,0.0,0.0
2015-11-10 00:00:00+08:00,24.444571081246433,24.67737550516428,24.211766657328585,24.54434585571289,324318,0.0,0.0
2015-11-11 00:00:00+08:00,24.544343199017828,24.544343199017828,23.313798775764045,23.94569969177246,370105,0.0,0.0
2015-11-12 00:00:00+08:00,23.87918487424637,24.145246681728366,23.480088356956912,23.94569969177246,175175,0.0,0.0
2015-11-13 00:00:00+08:00,23.613120155240477,24.078731482678485,23.41357316844636,23.646377563476562,122018,0.0,0.0
2015-11-16 00:00:00+08:00,23.280539434200186,23.44682900158733,22.74841332603681,23.247282028198242,183068,0.0,0.0
2015-11-17 00:00:00+08:00,23.87918449588437,23.87918449588437,23.613120155240477,23.646377563476562,118200,0.0,0.0
2015-11-18 00:00:00+08:00,23.81266570258841,23.879183052417293,23.313796997070312,23.313796997070312,109200,0.0,0.0
2015-11-19 00:00:00+08:00,23.413571753124913,23.646376134082377,23.14750742856428,23.313796997070312,142200,0.0,0.0
2015-11-20 00:00:00+08:00,23.313797552967724,23.579861883872432,23.28054014594901,23.413572311401367,92333,0.0,0.0
2015-11-23 00:00:00+08:00,23.413572311401367,23.646376697909854,23.14750798049666,23.413572311401367,74239,0.0,0.0
2015-11-24 00:00:00+08:00,23.347055957328266,23.347055957328266,22.648640230590303,22.748414993286133,126012,0.0,0.0
2015-11-25 00:00:00+08:00,22.64863945840987,22.78167162500952,22.016738570094684,22.149770736694336,214400,0.0,0.0
2015-11-26 00:00:00+08:00,22.316061243693245,22.74841516887559,22.149771662835057,22.54886817932129,130000,0.0,0.0
2015-11-27 00:00:00+08:00,22.349319308480585,22.41583666520314,22.2162896697909,22.282804489135742,66117,0.0,0.0
2015-11-30 00:00:00+08:00,22.282804339160837,22.58212609895346,22.083257345091653,22.216289520263672,106000,0.0,0.0
2015-12-01 00:00:00+08:00,22.349316362691926,22.68189549033542,22.349316362691926,22.515605926513672,63009,0.0,0.0
2015-12-02 00:00:00+08:00,22.814928291552214,23.879183052417293,22.515606560765864,23.313796997070312,203907,0.0,0.0
2015-12-03 00:00:00+08:00,23.313797316078166,23.313797316078166,22.84818601041472,23.18076515197754,99010,0.0,0.0
2015-12-04 00:00:00+08:00,22.947962134179697,22.947962134179697,22.748415144836272,22.814929962158203,148000,0.0,0.0
2015-12-07 00:00:00+08:00,22.881448892696824,23.147510717685783,22.881448892696824,22.94796371459961,99000,0.0,0.0
2015-12-08 00:00:00+08:00,22.947961438343725,22.947961438343725,22.382577896118164,22.382577896118164,82047,0.0,0.0
2015-12-09 00:00:00+08:00,22.282805895325414,22.282805895325414,21.384843090614194,21.484615325927734,210009,0.0,0.0
2015-12-10 00:00:00+08:00,21.418100502385375,21.551132686847964,21.318325729693964,21.484615325927734,61000,0.0,0.0
2015-12-11 00:00:00+08:00,22.24954478290549,22.24954478290549,21.185291290283203,21.185291290283203,84180,0.0,0.0
2015-12-14 00:00:00+08:00,20.81945567627019,20.81945567627019,20.353845596313477,20.353845596313477,182100,0.0,0.0
2015-12-15 00:00:00+08:00,20.486876921423303,20.919230869127144,20.486876921423303,20.819456100463867,93000,0.0,0.0
2015-12-16 00:00:00+08:00,20.81945339953745,21.817190807221778,20.81945339953745,21.285064697265625,100000,0.0,0.0
2015-12-17 00:00:00+08:00,21.484613339402305,22.74841516887559,21.484613339402305,22.54886817932129,177600,0.0,0.0
2015-12-18 00:00:00+08:00,22.116513329388805,22.6818968657154,22.116513329388805,22.149770736694336,145600,0.0,0.0
2015-12-21 00:00:00+08:00,21.517870725359476,23.080994306201195,21.517870725359476,22.814929962158203,172150,0.0,0.0
2015-12-22 00:00:00+08:00,22.814929962158203,22.947962134179697,22.64864038147574,22.814929962158203,86000,0.0,0.0
2015-12-23 00:00:00+08:00,23.28054132014626,23.28054132014626,22.51560823324754,22.54886817932129,53000,0.0,0.0
2015-12-24 00:00:00+08:00,22.715158091616182,23.147509485729323,22.415836334228516,22.415836334228516,145000,0.0,0.0
2015-12-25 00:00:00+08:00,22.482350800793277,23.014476951501628,22.415835983471347,22.814929962158203,86000,0.0,0.0
2015-12-28 00:00:00+08:00,22.615382117486156,23.047736025859702,22.54886730267986,22.582124710083008,31000,0.0,0.0
2015-12-29 00:00:00+08:00,22.41583524068714,22.41583524068714,21.7839343475573,21.950223922729492,138138,0.0,0.0
2015-12-30 00:00:00+08:00,21.883709107611633,21.950223922729492,21.817191755116227,21.950223922729492,37000,0.0,0.0
2015-12-31 00:00:00+08:00,21.81719143648154,22.282802747639053,21.81719143648154,22.083255767822266,53040,0.0,0.0
2016-01-04 00:00:00+08:00,22.349316996803367,22.74841348372545,21.98348045349121,21.98348045349121,102000,0.0,0.0
2016-01-05 00:00:00+08:00,21.650903886275017,21.817193474552674,21.351582119899692,21.451356887817383,158000,0.0,0.0
2016-01-06 00:00:00+08:00,21.451354265213013,21.451354265213013,20.81945339953745,21.285064697265625,132000,0.0,0.0
2016-01-07 00:00:00+08:00,20.985742474231987,21.152032038270875,19.954747684666366,20.28732681274414,228000,0.0,0.0
2016-01-08 00:00:00+08:00,19.95475083199283,20.88597228374805,19.95475083199283,20.719682693481445,161000,0.0,0.0
2016-01-11 00:00:00+08:00,20.28733029858819,20.28733029858819,19.25633533187321,19.289592742919922,371050,0.0,0.0
2016-01-12 00:00:00+08:00,19.422624924484587,19.78846152075406,19.289592742919922,19.289592742919922,164002,0.0,0.0
2016-01-13 00:00:00+08:00,19.522396087646484,19.821716557276808,19.28959043214151,19.522396087646484,74016,0.0,0.0
2016-01-14 00:00:00+08:00,19.48913974657801,19.48913974657801,18.89049746691483,19.289592742919922,150500,0.0,0.0
2016-01-15 00:00:00+08:00,19.289591161134275,19.356107246462155,19.12330158215898,19.156558990478516,116350,0.0,0.0
2016-01-18 00:00:00+08:00,18.657689167423683,19.75520133972168,18.624431761040178,19.75520133972168,138278,0.0,0.0
2016-01-19 00:00:00+08:00,19.721944389918644,19.954750061035156,19.48913871880213,19.954750061035156,78000,0.0,0.0
2016-01-20 00:00:00+08:00,19.954748315400188,20.28732745399019,19.48913701389869,19.75520133972168,103708,0.0,0.0
2016-01-21 00:00:00+08:00,19.788458024924672,19.788458024924672,19.42262149328389,19.588911056518555,100338,0.0,0.0
2016-01-22 00:00:00+08:00,19.688685018627876,19.755201099274032,19.256332397460938,19.256332397460938,64000,0.0,0.0
2016-01-25 00:00:00+08:00,19.422622201131677,19.75520133972168,19.422622201131677,19.75520133972168,78600,0.0,0.0
2016-01-26 00:00:00+08:00,19.72194330787983,19.72194330787983,19.489137649536133,19.489137649536133,26000,0.0,0.0
2016-01-27 00:00:00+08:00,19.522396170966662,19.655427068473877,19.256333107263476,19.422622680664062,65000,0.0,0.0
2016-01-28 00:00:00+08:00,19.25633371998863,19.68868637084961,19.156558957822494,19.68868637084961,476000,0.0,0.0
2016-01-29 00:00:00+08:00,19.755205427898265,20.619910859700425,19.755205427898265,20.320589065551758,705000,0.0,0.0
2016-02-01 00:00:00+08:00,20.287330436392708,20.75294180634286,20.187556933885936,20.48687744140625,163278,0.0,0.0
2016-02-02 00:00:00+08:00,20.45361758460683,20.58664975116921,20.12103843688965,20.12103843688965,103000,0.0,0.0
2016-02-03 00:00:00+08:00,20.021265440720757,20.054522848838232,19.48913803001956,19.78845977783203,166015,0.0,0.0
2016-02-15 00:00:00+08:00,19.95474785858657,21.51786875922489,19.95474785858657,21.4180965423584,1392000,0.0,0.0
2016-02-16 00:00:00+08:00,21.418096940026942,21.451354346266594,20.919228234299812,21.185291290283203,1045209,0.0,0.0
2016-02-17 00:00:00+08:00,21.41809932889433,22.282804674457427,21.28506715172053,21.384841918945312,2175491,0.0,0.0
2016-02-18 00:00:00+08:00,21.684159963217148,22.24954605102539,21.451355568893373,22.24954605102539,984200,0.0,0.0
2016-02-19 00:00:00+08:00,22.34931755065918,22.781671454528237,21.983480998280942,22.34931755065918,956001,0.0,0.0
2016-02-22 00:00:00+08:00,22.81493103845907,24.411312103271484,22.51560927163452,24.411312103271484,2357415,0.0,0.0
2016-02-23 00:00:00+08:00,24.411314893890165,24.54434708739528,24.012218313374817,24.3780574798584,1017508,0.0,0.0
2016-02-24 00:00:00+08:00,24.47782834632349,24.511085758486225,23.97895955174878,24.04547691345215,744700,0.0,0.0
2016-02-25 00:00:00+08:00,24.610859289866887,25.94117600823807,23.97895834116502,24.21176528930664,2307000,0.0,0.0
2016-02-26 00:00:00+08:00,24.245025286353282,24.610861915458816,23.41357724866886,24.3780574798584,583200,0.0,0.0
2016-03-01 00:00:00+08:00,24.577600364329854,26.406785739332545,24.577600364329854,26.173978805541992,2489902,0.0,0.0
2016-03-02 00:00:00+08:00,26.60633202276635,26.805879005461584,25.542079756806714,25.741626739501953,1401590,0.0,0.0
2016-03-03 00:00:00+08:00,25.741628127242528,26.007689939387152,25.176242018852044,25.375791549682617,675400,0.0,0.0
2016-03-04 00:00:00+08:00,25.54208250652185,25.608597328788356,25.04321372738961,25.276018142700195,494000,0.0,0.0
2016-03-07 00:00:00+08:00,25.34253418904074,25.542083740234375,24.876925335930125,25.542083740234375,533060,0.0,0.0
2016-03-08 00:00:00+08:00,25.675112151054858,26.140723519053847,25.242760731566943,25.276018142700195,763275,0.0,0.0
2016-03-09 00:00:00+08:00,24.943438772542933,24.943438772542933,24.27828040527512,24.34479522705078,1206233,0.0,0.0
2016-03-10 00:00:00+08:00,24.3780574798584,24.743894108963932,24.3780574798584,24.3780574798584,289175,0.0,0.0
2016-03-11 00:00:00+08:00,24.4778297219537,24.644119329490586,24.012218313374817,24.3780574798584,377000,0.0,0.0
2016-03-14 00:00:00+08:00,24.378053568748,24.51108320353237,23.480088309687698,23.51334571838379,1028100,0.0,0.0
2016-03-15 00:00:00+08:00,23.513344964206727,23.513344964206727,22.415835288171866,22.648639678955078,856002,0.0,0.0
2016-03-16 00:00:00+08:00,22.84818617296563,23.08099309614237,22.715156545296065,22.981218338012695,272010,0.0,0.0
2016-03-17 00:00:00+08:00,23.11424994468689,23.280539512634277,22.582123834730737,22.615381240844727,302000,0.0,0.0
2016-03-18 00:00:00+08:00,22.615382332147554,23.247283228315425,22.515607571613522,23.08099365234375,275110,0.0,0.0
2016-03-21 00:00:00+08:00,23.080994152435412,23.080994152435412,22.71515758484673,22.748414993286133,267000,0.0,0.0
2016-03-22 00:00:00+08:00,22.8149302910044,22.947962464943377,22.41583630656515,22.68189811706543,223000,0.0,0.0
2016-03-23 00:00:00+08:00,22.814928861584892,22.84818626864155,22.34931755065918,22.34931755065918,241014,0.0,0.0
2016-03-24 00:00:00+08:00,22.349317935535552,22.68189708658446,22.14977095238172,22.648639678955078,183000,0.0,0.0
2016-03-25 00:00:00+08:00,22.68189758664117,22.74841494074396,22.282803611534874,22.31606101989746,310090,0.0,0.0
2016-03-28 00:00:00+08:00,22.349316996803367,22.515606565343205,21.98348045349121,21.98348045349121,244100,0.0,0.0
2016-03-29 00:00:00+08:00,21.98348005006739,22.216286964177343,21.085517411381954,21.4180965423584,423000,0.0,0.0
2016-03-30 00:00:00+08:00,21.684159755753125,21.75067710876465,21.384840548022762,21.75067710876465,162038,0.0,0.0
2016-03-31 00:00:00+08:00,21.85044933221558,21.883709277410127,21.351580602828214,21.75067710876465,183032,0.0,0.0
2016-04-01 00:00:00+08:00,21.883708777110975,22.382577495093347,21.650901852959365,22.34931755065918,268100,0.0,0.0
2016-04-06 00:00:00+08:00,22.282801552114176,22.68189549033542,21.95022242447068,22.515605926513672,243000,0.0,0.0
2016-04-07 00:00:00+08:00,22.515607134529052,22.615381893126205,22.016738416298328,22.083255767822266,131036,0.0,0.0
2016-04-08 00:00:00+08:00,22.083255767822266,22.282802747639053,21.950223602151905,22.083255767822266,109000,0.0,0.0
2016-04-11 00:00:00+08:00,22.282804489135742,22.349319308480585,22.0832574937235,22.282804489135742,116064,0.0,0.0
2016-04-12 00:00:00+08:00,22.54886756577075,22.54886756577075,21.8171919074769,22.016738891601562,187064,0.0,0.0
2016-04-13 00:00:00+08:00,22.016739063317715,22.04999900874587,21.81719207763672,21.81719207763672,98100,0.0,0.0
2016-04-14 00:00:00+08:00,22.016739811919066,22.64864073587577,21.81719281945318,22.415836334228516,328000,0.0,0.0
2016-04-15 00:00:00+08:00,22.61538276991599,22.61538276991599,22.216288794809696,22.31606101989746,169000,0.0,0.0
2016-04-18 00:00:00+08:00,22.31606204922486,22.31606204922486,21.584388881989057,21.650903701782227,313000,0.0,0.0
2016-04-19 00:00:00+08:00,21.717421794642245,21.85045143873504,21.384842609654633,21.551132202148438,214000,0.0,0.0
2016-04-20 00:00:00+08:00,21.817191924398603,21.817191924398603,21.318323195011235,21.75067710876465,90000,0.0,0.0
2016-04-21 00:00:00+08:00,21.650904224475003,21.650904224475003,21.28506763202513,21.31832504272461,86173,0.0,0.0
2016-04-22 00:00:00+08:00,21.31832372515225,21.418098488461936,20.78619757471507,20.885971069335938,171000,0.0,0.0
2016-04-25 00:00:00+08:00,21.01900140119868,21.152032292817484,20.786195755004883,20.786195755004883,85000,0.0,0.0
2016-04-26 00:00:00+08:00,20.852713211692464,20.952486704165015,20.387101888568836,20.420360565185547,165000,0.0,0.0
2016-04-27 00:00:00+08:00,20.42036017731062,20.42036017731062,20.087781029593437,20.12103843688965,211101,0.0,0.0
2016-04-28 00:00:00+08:00,20.121039466002802,20.28732904836646,20.0877820570056,20.154296875,104551,0.0,0.0
2016-04-29 00:00:00+08:00,20.18755573215167,20.18755573215167,19.854976564467748,19.954750061035156,135001,0.0,0.0
2016-05-03 00:00:00+08:00,20.021267340145013,20.48687744140625,19.721945563935783,20.48687744140625,64010,0.0,0.0
2016-05-04 00:00:00+08:00,20.15429705416997,20.15429705416997,19.821717886486052,19.954750061035156,107000,0.0,0.0
2016-05-05 00:00:00+08:00,19.921489950938557,20.254069073533937,19.82171519920901,19.88823127746582,144000,0.0,0.0
2016-05-06 00:00:00+08:00,19.888236218071654,19.98800972589812,19.622173107638087,19.821720123291016,70290,0.0,0.0
2016-05-09 00:00:00+08:00,20.22081296168323,20.32058645736366,19.98800729263634,20.154296875,163000,0.0,0.0
2016-05-10 00:00:00+08:00,20.154296875,20.32058645736366,19.888233796955912,20.154296875,90100,0.0,0.0
2016-05-11 00:00:00+08:00,19.954748966223523,19.98800637369172,19.42262283459974,19.489137649536133,324262,0.0,0.0
2016-05-12 00:00:00+08:00,19.422623389618863,19.522396883563346,18.291853741744585,18.358369827270508,565470,0.0,0.0
2016-05-13 00:00:00+08:00,18.424885441251384,18.424885441251384,17.42714798996388,18.15882110595703,492199,0.0,0.0
2016-05-16 00:00:00+08:00,18.158820785748485,18.291852951049805,17.62669466192072,18.291852951049805,139000,0.0,0.0
2016-05-17 00:00:00+08:00,18.22533765621866,18.424885912796434,17.89275849727785,18.358369827270508,141000,0.0,0.0
2016-05-18 00:00:00+08:00,18.4581458227975,18.75746761388603,18.39162972825683,18.624435424804688,151000,0.0,0.0
2016-05-19 00:00:00+08:00,18.624435424804688,18.624435424804688,18.424888409871656,18.624435424804688,35000,0.0,0.0
2016-05-20 00:00:00+08:00,18.624435424804688,18.624435424804688,18.158824031708978,18.624435424804688,120000,0.0,0.0
2016-05-23 00:00:00+08:00,18.6244326967131,19.090044021606445,18.6244326967131,19.090044021606445,209001,0.0,0.0
2016-05-24 00:00:00+08:00,19.02352859269317,19.123302088984893,18.8239803314209,18.8239803314209,91020,0.0,0.0
2016-05-25 00:00:00+08:00,19.09004393618355,19.356107005493993,18.99026917508945,19.189817428588867,203000,0.0,0.0
2016-05-26 00:00:00+08:00,19.223073476377305,19.289589556170807,18.757463455200195,18.757463455200195,104091,0.0,0.0
2016-05-27 00:00:00+08:00,18.89049530029297,19.09004354975303,18.89049530029297,18.89049530029297,144011,0.0,0.0
2016-05-30 00:00:00+08:00,19.09004695390265,19.223077875242755,18.957014763873556,19.12330436706543,91047,0.0,0.0
2016-05-31 00:00:00+08:00,19.189817514458223,19.189817514458223,18.8904957672141,19.090044021606445,94000,0.0,0.0
2016-06-01 00:00:00+08:00,19.156558266513308,19.55565349470916,19.156558266513308,19.522396087646484,119055,0.0,0.0
2016-06-02 00:00:00+08:00,19.688686247405894,19.721943655460223,18.923754443957222,19.090044021606445,324000,0.0,0.0
2016-06-03 00:00:00+08:00,19.156560561355256,19.389366244748967,19.056787059526208,19.289592742919922,45294,0.0,0.0
2016-06-06 00:00:00+08:00,19.422622680664062,19.422622680664062,19.1233009410675,19.422622680664062,55000,0.0,0.0
2016-06-07 00:00:00+08:00,19.422622680664062,19.422622680664062,19.422622680664062,19.422622680664062,0,0.0,0.0
2016-06-08 00:00:00+08:00,19.42262379871895,19.588913381691924,19.156559451011123,19.356107711791992,90000,0.0,0.0
2016-06-13 00:00:00+08:00,19.056785954965104,19.356107711791992,18.75746546682705,19.356107711791992,95000,0.0,0.0
2016-06-14 00:00:00+08:00,19.35610493086417,19.422621008234636,19.156556698752766,19.389362335205078,70000,0.0,0.0
2016-06-15 00:00:00+08:00,19.123302368946835,19.25633454507592,19.09004495925899,19.22307586669922,34000,0.0,0.0
2016-06-16 00:00:00+08:00,19.223075449940204,19.455881118774414,18.957012372139175,19.455881118774414,154000,0.0,0.0
2016-06-17 00:00:00+08:00,19.455880087868675,19.721943151571864,19.356106597566075,19.422622680664062,138000,0.0,0.0
2016-06-20 00:00:00+08:00,19.58891240931827,19.58891240931827,19.356106750974572,19.489137649536133,55203,0.0,0.0
2016-06-21 00:00:00+08:00,19.522396170966662,19.522396170966662,19.289590514468088,19.422622680664062,117000,0.0,0.0
2016-06-22 00:00:00+08:00,19.48913749507329,19.58891225406465,19.3228479216727,19.422622680664062,107035,0.0,0.0
2016-06-23 00:00:00+08:00,19.422621008234636,19.422621008234636,19.256331449152796,19.389362335205078,53005,0.0,0.0
2016-06-24 00:00:00+08:00,19.256336557094524,19.256336557094524,18.55791946247526,19.12330436706543,271000,0.0,0.0
2016-06-27 00:00:00+08:00,18.75746551301898,18.990269914803374,18.724206835129177,18.8239803314209,218194,0.0,0.0
2016-06-28 00:00:00+08:00,18.657690510796332,18.85723876953125,18.52465960699521,18.85723876953125,86000,0.0,0.0
2016-06-29 00:00:00+08:00,18.957011852011547,19.123301429660774,18.790722274362324,19.090044021606445,96035,0.0,0.0
2016-06-30 00:00:00+08:00,18.990270192817746,19.22307586669922,18.82398060700082,19.22307586669922,198000,0.0,0.0
2016-07-01 00:00:00+08:00,19.189818040973385,19.455881118774414,19.189818040973385,19.455881118774414,142000,0.0,0.0
2016-07-04 00:00:00+08:00,19.422625956851537,19.48914078248041,19.289593768215838,19.322851181030273,112028,0.0,0.0
2016-07-05 00:00:00+08:00,19.42262259776971,19.62216957752326,19.28959043214151,19.522396087646484,126200,0.0,0.0
2016-07-06 00:00:00+08:00,19.62217112639762,19.62217112639762,19.123302368946835,19.22307586669922,191000,0.0,0.0
2016-07-07 00:00:00+08:00,19.389366244748967,19.389366244748967,19.22307665213759,19.289592742919922,59136,0.0,0.0
2016-07-08 00:00:00+08:00,19.289592742919922,19.289592742919922,19.289592742919922,19.289592742919922,0,0.0,0.0
2016-07-11 00:00:00+08:00,19.65542748270994,19.65542748270994,19.15655875199457,19.189817428588867,232150,0.0,0.0
2016-07-12 00:00:00+08:00,19.289591161134275,19.289591161134275,19.12330158215898,19.156558990478516,139000,0.0,0.0
2016-07-13 00:00:00+08:00,19.189818994250288,19.356108584722666,19.156560314942478,18.192081451416016,341229,0.0,0.0
2016-07-14 00:00:00+08:00,19.42365332250323,19.634779449211248,19.42365332250323,19.599592208862305,132000,1.5,0.0
2016-07-15 00:00:00+08:00,19.599591149076687,19.775530025922425,19.494028091430664,19.494028091430664,75000,0.0,0.0
2016-07-18 00:00:00+08:00,19.494029053569562,19.6347793566087,19.494029053569562,19.564403533935547,94060,0.0,0.0
2016-07-19 00:00:00+08:00,19.634779932697583,20.655226035630527,19.564404107959586,20.05703353881836,416000,0.0,0.0
2016-07-20 00:00:00+08:00,20.16259622187041,20.338535109220597,19.775531206622862,20.127408981323242,255000,0.0,0.0
2016-07-21 00:00:00+08:00,20.057032008332698,20.338533943496998,19.88109313106662,19.986656188964844,118000,0.0,0.0
2016-07-22 00:00:00+08:00,20.303347868673434,20.303347868673434,20.021845917374566,20.127408981323242,79100,0.0,0.0
2016-07-25 00:00:00+08:00,20.19778412383488,20.19778412383488,19.84590636099669,19.95146942138672,75000,0.0,0.0
2016-07-26 00:00:00+08:00,19.916279529205728,20.268157268889976,19.881092292160123,20.09221839904785,42000,0.0,0.0
2016-07-27 00:00:00+08:00,20.23297126845427,20.26815850765047,19.91628074645996,19.91628074645996,96009,0.0,0.0
2016-07-28 00:00:00+08:00,19.951468950434474,20.057032008332698,19.845905892536248,19.986656188964844,76119,0.0,0.0
2016-07-29 00:00:00+08:00,19.986656188964844,19.986656188964844,19.705154253800544,19.986656188964844,63000,0.0,0.0
2016-08-01 00:00:00+08:00,19.845907979833232,19.986658291065268,19.634780499524304,19.705156326293945,158000,0.0,0.0
2016-08-02 00:00:00+08:00,19.705155471952928,19.881094360095364,19.705155471952928,19.810718536376953,70000,0.0,0.0
2016-08-03 00:00:00+08:00,19.740341280989444,19.81071709960385,19.564402405606984,19.775529861450195,81125,0.0,0.0
2016-08-04 00:00:00+08:00,19.705155179281856,19.845906824628166,19.564403533935547,19.564403533935547,57000,0.0,0.0
2016-08-05 00:00:00+08:00,19.56440505564212,19.740343954855835,19.56440505564212,19.634780883789062,32000,0.0,0.0
2016-08-08 00:00:00+08:00,19.599592590733664,19.705155656144427,19.45884094198118,19.529216766357422,156000,0.0,0.0
2016-08-09 00:00:00+08:00,19.705158198645357,19.705158198645357,19.001402548693736,19.17734146118164,244112,0.0,0.0
2016-08-10 00:00:00+08:00,19.10696383167777,19.10696383167777,18.86064910888672,18.86064910888672,144111,0.0,0.0
2016-08-11 00:00:00+08:00,18.93102328617578,19.00139910688493,18.57914552493717,18.614334106445312,193620,0.0,0.0
2016-08-12 00:00:00+08:00,18.684708872340064,18.684708872340064,18.43839550952884,18.508769989013672,91011,0.0,0.0
2016-08-15 00:00:00+08:00,18.508769704228023,18.614334106445312,18.29764358440771,18.614334106445312,94007,0.0,0.0
2016-08-16 00:00:00+08:00,18.684707214689723,19.071773529052734,18.649519978069012,19.071773529052734,103036,0.0,0.0
2016-08-17 00:00:00+08:00,19.071776104858213,19.24771499633789,19.071776104858213,19.24771499633789,88145,0.0,0.0
2016-08-18 00:00:00+08:00,19.318090821391202,19.318090821391202,19.177339171284576,19.24771499633789,32000,0.0,0.0
2016-08-19 00:00:00+08:00,19.24771499633789,19.35327806276425,18.860648629698275,19.24771499633789,142488,0.0,0.0
2016-08-22 00:00:00+08:00,19.24771499633789,19.24771499633789,18.966213038431853,19.24771499633789,30198,0.0,0.0
2016-08-23 00:00:00+08:00,19.21252381784262,19.21252381784262,18.860646082407357,19.071773529052734,112119,0.0,0.0
2016-08-24 00:00:00+08:00,18.93102264404297,19.001398462364996,18.860646825720938,18.93102264404297,49000,0.0,0.0
2016-08-25 00:00:00+08:00,18.931024169902095,19.247714706723247,18.790273864220513,19.001399993896484,78000,0.0,0.0
2016-08-26 00:00:00+08:00,19.03658752117795,19.24771499633789,19.0014002798049,19.24771499633789,81000,0.0,0.0
2016-08-29 00:00:00+08:00,19.142150575570632,19.142150575570632,18.860647295274234,18.895835876464844,85125,0.0,0.0
2016-08-30 00:00:00+08:00,19.071774755496534,19.106961994380022,18.719896997433157,18.895835876464844,162000,0.0,0.0
2016-08-31 00:00:00+08:00,18.860646919806534,19.07177437582582,18.825459681623535,18.966211318969727,37100,0.0,0.0
2016-09-01 00:00:00+08:00,19.071773157380644,19.142148971557617,18.931021529026705,19.142148971557617,56004,0.0,0.0
2016-09-02 00:00:00+08:00,19.282901947566845,19.318090530717637,19.001399993896484,19.001399993896484,118000,0.0,0.0
2016-09-05 00:00:00+08:00,19.0013991438639,19.106962203979492,18.895836083748303,19.106962203979492,66050,0.0,0.0
2016-09-06 00:00:00+08:00,19.177338024825602,19.177338024825602,19.0013991438639,19.106962203979492,86499,0.0,0.0
2016-09-07 00:00:00+08:00,19.071773529052734,19.17733658122191,18.931021897955816,19.071773529052734,115251,0.0,0.0
2016-09-08 00:00:00+08:00,18.931021897955816,19.106960765673445,18.931021897955816,19.071773529052734,132000,0.0,0.0
2016-09-09 00:00:00+08:00,18.895836459292198,19.071775343750584,18.82546063704741,19.03658676147461,112000,0.0,0.0
2016-09-12 00:00:00+08:00,18.790272134042617,18.82545937164623,18.649520499014024,18.71989631652832,158430,0.0,0.0
2016-09-13 00:00:00+08:00,18.649521632597647,18.649521632597647,18.403206927479268,18.508769989013672,154172,0.0,0.0
2016-09-14 00:00:00+08:00,18.29764175415039,18.36801756782006,18.22726594048072,18.29764175415039,186000,0.0,0.0
2016-09-19 00:00:00+08:00,18.297645956174136,18.403209029767524,18.086519808987358,18.227270126342773,171000,0.0,0.0
2016-09-20 00:00:00+08:00,18.227267537493475,18.262456118564916,18.01614142029329,18.051328659057617,98600,0.0,0.0
2016-09-21 00:00:00+08:00,18.05132913116409,18.05132913116409,17.945766069803145,18.016141891479492,120000,0.0,0.0
2016-09-22 00:00:00+08:00,18.08651639490075,18.19207944856762,17.945764761806895,18.156890869140625,158001,0.0,0.0
2016-09-23 00:00:00+08:00,18.43839509268207,18.43839509268207,18.01614151378341,18.086517333984375,63000,0.0,0.0
2016-09-26 00:00:00+08:00,18.016141891479492,18.086517713155835,17.98095330948774,18.016141891479492,59015,0.0,0.0
2016-09-27 00:00:00+08:00,18.016141891479492,18.016141891479492,18.016141891479492,18.016141891479492,0,0.0,0.0
2016-09-28 00:00:00+08:00,18.016141891479492,18.016141891479492,18.016141891479492,18.016141891479492,0,0.0,0.0
2016-09-29 00:00:00+08:00,17.945766069803145,18.12170495284043,17.875390248126802,18.016141891479492,240000,0.0,0.0
2016-09-30 00:00:00+08:00,18.016141348533743,18.508769400807704,17.98095276760246,18.368019104003906,766000,0.0,0.0
2016-10-03 00:00:00+08:00,18.368019104003906,18.684708278542786,18.332830523072623,18.368019104003906,341100,0.0,0.0
2016-10-04 00:00:00+08:00,18.40320529480292,19.353275448939538,18.368018058182205,19.071773529052734,669597,0.0,0.0
2016-10-05 00:00:00+08:00,19.07177656998166,20.16259718683575,19.00140074321202,19.705156326293945,1028199,0.0,0.0
2016-10-06 00:00:00+08:00,19.7755300039601,20.65522438721182,19.7755300039601,20.303346633911133,1177047,0.0,0.0
2016-10-07 00:00:00+08:00,20.760787910240033,20.760787910240033,19.810717686564235,19.91628074645996,519530,0.0,0.0
2016-10-11 00:00:00+08:00,19.951468950434474,20.127407827700548,19.071774564104093,19.986656188964844,423000,0.0,0.0
2016-10-12 00:00:00+08:00,19.98665666074768,20.408910244614937,19.916280839718617,19.95146942138672,468043,0.0,0.0
2016-10-13 00:00:00+08:00,20.232970885598775,20.232970885598775,19.88109313106662,19.986656188964844,194500,0.0,0.0
2016-10-14 00:00:00+08:00,20.197784690944594,20.197784690944594,19.353277499498166,19.599592208862305,388000,0.0,0.0
2016-10-17 00:00:00+08:00,19.45884160375382,19.705156326293945,19.38846577698418,19.705156326293945,244038,0.0,0.0
2016-10-18 00:00:00+08:00,19.705155757435584,20.197785188294358,19.705155757435584,20.05703353881836,167215,0.0,0.0
2016-10-19 00:00:00+08:00,20.33853417583714,20.971913872769093,20.3033469369048,20.54966163635254,828105,0.0,0.0
2016-10-20 00:00:00+08:00,20.584848244200327,20.97191322981801,20.44409660817185,20.866350173950195,425452,0.0,0.0
2016-10-21 00:00:00+08:00,21.464544678544303,21.675670810590706,21.07747965569016,21.394168853759766,1273881,0.0,0.0
2016-10-24 00:00:00+08:00,22.097923108663753,22.731302809610373,22.097923108663753,22.379425048828125,1859165,0.0,0.0
2016-10-25 00:00:00+08:00,22.484989450908504,22.59055116837462,21.957172809735134,22.379425048828125,525000,0.0,0.0
2016-10-26 00:00:00+08:00,22.238674921128073,22.590551342312494,22.027547457648854,22.097923278808594,419500,0.0,0.0
2016-10-27 00:00:00+08:00,22.097923932334854,22.27386281928387,21.64048309472885,21.781234741210938,381178,0.0,0.0
2016-10-28 00:00:00+08:00,21.746046635375247,21.746046635375247,21.218229962952027,21.394168853759766,392009,0.0,0.0
2016-10-31 00:00:00+08:00,21.429356299805754,21.67566966001617,21.323791897078845,21.605295181274414,211071,0.0,0.0
2016-11-01 00:00:00+08:00,21.429356169612984,21.57010646854851,20.831163707792392,21.077478408813477,402000,0.0,0.0
2016-11-02 00:00:00+08:00,20.76078852291765,20.795975763152267,20.338534928566364,20.408910751342773,388024,0.0,0.0
2016-11-03 00:00:00+08:00,20.162595841637373,20.40891054774399,19.951469717721505,20.197784423828125,331000,0.0,0.0
2016-11-04 00:00:00+08:00,20.197783203017973,20.373722076416016,20.092218805133488,20.373722076416016,124000,0.0,0.0
2016-11-07 00:00:00+08:00,20.408909062952794,20.725599568093852,20.373721825629147,20.62003517150879,195003,0.0,0.0
2016-11-08 00:00:00+08:00,20.725601860368524,20.725601860368524,19.986657714080362,20.05703353881836,246004,0.0,0.0
2016-11-09 00:00:00+08:00,20.655226743098147,20.655226743098147,19.001400845492018,19.388465881347656,861000,0.0,0.0
2016-11-10 00:00:00+08:00,19.705154959454624,21.1126660279871,19.63477913756657,21.007102966308594,491000,0.0,0.0
2016-11-11 00:00:00+08:00,20.76078852291765,20.76078852291765,20.338534928566364,20.408910751342773,186000,0.0,0.0
2016-11-14 00:00:00+08:00,20.40891054774399,20.444097787627584,19.705155011614888,20.197784423828125,216500,0.0,0.0
2016-11-15 00:00:00+08:00,19.916280061063958,19.986655879341583,19.669966710552902,19.740341186523438,310200,0.0,0.0
2016-11-16 00:00:00+08:00,19.84590673885093,20.09222010368161,19.84590673885093,19.881093978881836,104000,0.0,0.0
2016-11-17 00:00:00+08:00,19.98665704128172,19.98665704128172,19.810718156512856,19.881093978881836,109000,0.0,0.0
2016-11-18 00:00:00+08:00,20.338534039074503,20.338534039074503,19.810717404795888,20.0218448638916,111000,0.0,0.0
2016-11-21 00:00:00+08:00,20.197784250276285,20.655225076368154,20.197784250276285,20.479286193847656,332000,0.0,0.0
2016-11-22 00:00:00+08:00,20.90153998786725,21.323792236262822,20.62003669919399,20.690412521362305,694100,0.0,0.0
2016-11-23 00:00:00+08:00,20.8311658075491,20.8311658075491,20.37372494086167,20.44409942626953,201000,0.0,0.0
2016-11-24 00:00:00+08:00,20.44409697732741,20.866350550730317,20.44409697732741,20.795974731445312,168000,0.0,0.0
2016-11-25 00:00:00+08:00,20.831163707792392,21.25341728921323,20.795975126328162,21.077478408813477,309000,0.0,0.0
2016-11-28 00:00:00+08:00,21.218227761452415,21.534918268970973,20.93672583382874,21.147851943969727,496140,0.0,0.0
2016-11-29 00:00:00+08:00,21.042288147620805,21.288602828979492,21.042288147620805,21.288602828979492,141000,0.0,0.0
2016-11-30 00:00:00+08:00,21.288602504138275,21.640480231479405,20.93672477679715,21.042287826538086,535100,0.0,0.0
2016-12-01 00:00:00+08:00,21.323791767527425,21.323791767527425,21.042289827349244,21.077478408813477,236000,0.0,0.0
2016-12-02 00:00:00+08:00,21.112666231129033,21.218229293823242,20.936727345869624,21.218229293823242,94000,0.0,0.0
2016-12-05 00:00:00+08:00,21.28860367444056,21.28860367444056,21.007101745554,21.183040618896484,231000,0.0,0.0
2016-12-06 00:00:00+08:00,21.183040618896484,21.25341643669489,20.901538690009925,21.183040618896484,296000,0.0,0.0
2016-12-07 00:00:00+08:00,21.183042721713363,21.675670810590706,21.147854138167485,21.394168853759766,252100,0.0,0.0
2016-12-08 00:00:00+08:00,21.605292436997505,22.02754462504264,21.464540812777813,21.71085548400879,412000,0.0,0.0
2016-12-09 00:00:00+08:00,21.92198366846892,21.92198366846892,21.42935562133789,21.42935562133789,196000,0.0,0.0
2016-12-12 00:00:00+08:00,21.429355690960314,21.46454292933146,21.077477938020454,21.1126651763916,192000,0.0,0.0
2016-12-13 00:00:00+08:00,21.1126651763916,21.28860405286153,21.077477938020454,21.1126651763916,118000,0.0,0.0
2016-12-14 00:00:00+08:00,21.323790754360953,21.499729626401248,21.112664644835426,21.464542388916016,82010,0.0,0.0
2016-12-15 00:00:00+08:00,21.464542547783044,21.464542547783044,21.14785203884374,21.183040618896484,69000,0.0,0.0
2016-12-16 00:00:00+08:00,21.25341796875,21.39416827218574,21.112666323007083,21.25341796875,80000,0.0,0.0
2016-12-19 00:00:00+08:00,21.394166634005597,21.534918268970973,21.147851943969727,21.147851943969727,154136,0.0,0.0
2016-12-20 00:00:00+08:00,21.18304205369423,21.39416817908265,21.112666231129033,21.218229293823242,88000,0.0,0.0
2016-12-21 00:00:00+08:00,21.323792449314283,21.39416827218574,21.147853563289225,21.25341796875,72000,0.0,0.0
2016-12-22 00:00:00+08:00,21.39416711028207,21.39416711028207,21.077477938020454,21.1126651763916,92534,0.0,0.0
2016-12-23 00:00:00+08:00,21.07747746879411,21.18304052386461,21.07747746879411,21.147851943969727,68000,0.0,0.0
2016-12-26 00:00:00+08:00,21.147853955905056,21.675670623779297,21.147853955905056,21.675670623779297,304490,0.0,0.0
2016-12-27 00:00:00+08:00,21.95717410972886,22.027548592206188,21.394168853759766,21.394168853759766,198009,0.0,0.0
2016-12-28 00:00:00+08:00,21.534920317730485,21.675670623779297,21.358981428439073,21.675670623779297,143000,0.0,0.0
2016-12-29 00:00:00+08:00,21.67567214451733,21.886799631863784,21.49973324288226,21.746047973632812,338101,0.0,0.0
2016-12-30 00:00:00+08:00,22.027548781576765,22.872056001637024,22.027548781576765,22.801681518554688,1310156,0.0,0.0
2017-01-03 00:00:00+08:00,23.435058504092215,25.053695678710938,23.294306861817915,25.053695678710938,4931708,0.0,0.0
2017-01-04 00:00:00+08:00,25.898201208542883,26.35564334582746,25.54632346743601,26.10932731628418,5110936,0.0,0.0
2017-01-05 00:00:00+08:00,26.355644296469897,26.63714488874059,25.827827665771355,26.03895378112793,2974441,0.0,0.0
2017-01-06 00:00:00+08:00,26.637146267564578,27.974282875061036,26.214894014994304,26.390832901000977,5452808,0.0,0.0
2017-01-09 00:00:00+08:00,26.56677362870197,26.56677362870197,25.37038858399646,25.863018035888672,1591150,0.0,0.0
2017-01-10 00:00:00+08:00,25.616701550414785,26.320457058012835,25.54632438888645,26.03895378112793,1024557,0.0,0.0
2017-01-11 00:00:00+08:00,26.32045880126461,27.657592743493193,26.179707153499923,26.67233657836914,5900188,0.0,0.0
2017-01-12 00:00:00+08:00,26.566773125999855,27.024215326518494,26.25008257830345,26.742712020874023,1553000,0.0,0.0
2017-01-13 00:00:00+08:00,26.989021129925366,27.235337154548294,26.426017292323618,26.461204528808594,1343525,0.0,0.0
2017-01-16 00:00:00+08:00,26.60195920655436,26.672336372199904,25.68707753007722,25.7574520111084,1161000,0.0,0.0
2017-01-17 00:00:00+08:00,25.96858158957123,27.939096647337536,25.96858158957123,27.305715560913086,3370301,0.0,0.0
2017-01-18 00:00:00+08:00,27.094589810622367,28.326162074741568,26.49639864189598,26.742712020874023,4089555,0.0,0.0
2017-01-19 00:00:00+08:00,26.637145294042465,26.883461336218172,26.109328655312844,26.320457458496094,1002300,0.0,0.0
2017-01-20 00:00:00+08:00,26.601959027286114,27.094588445027668,26.390832901000977,26.390832901000977,758042,0.0,0.0
2017-01-23 00:00:00+08:00,26.566768870646072,26.918646604032112,26.496394397814484,26.777894973754883,702000,0.0,0.0
2017-01-24 00:00:00+08:00,26.989021711464172,28.009467699200535,26.88345999973469,27.270524978637695,2604473,0.0,0.0
2017-02-02 00:00:00+08:00,27.446465937322053,27.446465937322053,26.531584276334183,26.63714599609375,1019050,0.0,0.0
2017-02-03 00:00:00+08:00,26.7427121248555,26.813086609233007,26.355647091550228,26.426021575927734,744050,0.0,0.0
2017-02-06 00:00:00+08:00,26.6723369685419,27.09458923339844,26.21489477776862,27.094589233398438,971450,0.0,0.0
2017-02-07 00:00:00+08:00,27.37608895890377,28.00946727349657,26.989021301269528,26.98902130126953,2231050,0.0,0.0
2017-02-08 00:00:00+08:00,26.98902606665312,27.235342136331226,26.601961025289864,26.918651580810547,1012500,0.0,0.0
2017-02-09 00:00:00+08:00,26.848275546838753,26.848275546838753,25.088886656079055,25.511138916015625,3126120,0.0,0.0
2017-02-10 00:00:00+08:00,25.511140453723176,25.96858266673921,24.98332375468063,25.08888816833496,1434072,0.0,0.0
2017-02-13 00:00:00+08:00,25.018508827205245,25.3351993560791,24.490692173953597,25.3351993560791,1095600,0.0,0.0
2017-02-14 00:00:00+08:00,25.475951000535737,25.687077124913532,25.194447711622463,25.3351993560791,878055,0.0,0.0
2017-02-15 00:00:00+08:00,25.475951000535737,25.475951000535737,25.053696067165824,25.3351993560791,439120,0.0,0.0
2017-02-16 00:00:00+08:00,25.33520269375832,25.47595435675769,24.772198726375514,25.370389938354492,424000,0.0,0.0
2017-02-17 00:00:00+08:00,25.475951000535737,25.86301600933075,25.264824876157945,25.3351993560791,768000,0.0,0.0
2017-02-20 00:00:00+08:00,25.335198390814124,25.40557286805403,25.124072274480184,25.26482391357422,419010,0.0,0.0
2017-02-21 00:00:00+08:00,25.33520011976871,25.33520011976871,24.98332234032748,25.194448471069336,356095,0.0,0.0
2017-02-22 00:00:00+08:00,25.194447507916607,25.300011911559142,25.124073028564453,25.124073028564453,286005,0.0,0.0
2017-02-23 00:00:00+08:00,25.124072157192643,25.30001103408529,24.877756118774414,24.877756118774414,414099,0.0,0.0
2017-02-24 00:00:00+08:00,24.91294484892017,24.983319322461753,24.525877190599218,24.596254348754883,418076,0.0,0.0
2017-03-01 00:00:00+08:00,24.52587987184262,25.40557431035368,24.52587987184262,25.300012588500977,322617,0.0,0.0
2017-03-02 00:00:00+08:00,25.546322612542113,25.581509848552457,25.40557098388672,25.40557098388672,383078,0.0,0.0
2017-03-03 00:00:00+08:00,25.475952331697446,26.88346348058002,25.405575163484638,26.531585693359375,1885100,0.0,0.0
2017-03-06 00:00:00+08:00,26.285269631536245,26.707524586969697,26.285269631536245,26.531585693359375,386000,0.0,0.0
2017-03-07 00:00:00+08:00,27.024213670715223,27.024213670715223,26.179706490140187,26.496397018432617,623620,0.0,0.0
2017-03-08 00:00:00+08:00,26.426017117724612,26.4612043539771,25.792638811337707,25.933387756347656,963355,0.0,0.0
2017-03-09 00:00:00+08:00,25.687076568603516,25.82782821001187,25.511137687996644,25.687076568603516,849099,0.0,0.0
2017-03-10 00:00:00+08:00,25.79264097081335,25.86301544921039,24.948133806977502,25.687076568603516,525000,0.0,0.0
2017-03-13 00:00:00+08:00,26.17970895646772,26.777900144896435,26.038957299009617,26.144521713256836,2318066,0.0,0.0
2017-03-14 00:00:00+08:00,26.179707153499923,26.777898300731866,26.144519912712347,26.67233657836914,789364,0.0,0.0
2017-03-15 00:00:00+08:00,26.81308232700218,28.326157661000636,26.81308232700218,27.62240219116211,5657300,0.0,0.0
2017-03-16 00:00:00+08:00,28.220596680491422,28.220596680491422,27.305714995952,27.6575927734375,2214309,0.0,0.0
2017-03-17 00:00:00+08:00,27.798341149595725,29.135477620510514,27.763153912911456,28.924348831176758,4238050,0.0,0.0
2017-03-20 00:00:00+08:00,29.381791632529065,29.55773050458014,28.64284890683739,28.95953941345215,1734390,0.0,0.0
2017-03-21 00:00:00+08:00,28.959536635617653,29.27622442724119,28.32615568314282,28.396530151367188,1275408,0.0,0.0
2017-03-22 00:00:00+08:00,27.69277929069873,28.853976999906553,27.69277929069873,28.642850875854492,927435,0.0,0.0
2017-03-23 00:00:00+08:00,28.994729122864857,28.994729122864857,28.36134805563688,28.607664108276367,822228,0.0,0.0
2017-03-24 00:00:00+08:00,28.607664383416985,28.607664383416985,27.6575927734375,27.6575927734375,1097240,0.0,0.0
2017-03-27 00:00:00+08:00,27.09458864998366,27.44646642465877,26.601959228515625,26.601959228515625,1160200,0.0,0.0
2017-03-28 00:00:00+08:00,26.601958210836404,26.883461493653108,25.124072687584377,25.687076568603516,1562000,0.0,0.0
2017-03-29 00:00:00+08:00,25.792640819766472,26.426019175473467,25.687076418174847,26.320457458496094,478035,0.0,0.0
2017-03-30 00:00:00+08:00,26.320457058012835,26.320457058012835,25.827827665771355,26.03895378112793,362150,0.0,0.0
2017-03-31 00:00:00+08:00,26.320459762176625,26.320459762176625,25.65189142434693,25.898204803466797,718732,0.0,0.0
2017-04-05 00:00:00+08:00,26.07414388027305,26.10933112259063,25.757453330185825,25.968582153320312,344050,0.0,0.0
2017-04-06 00:00:00+08:00,26.038956067017697,26.038956067017697,25.4759521484375,25.4759521484375,519000,0.0,0.0
2017-04-07 00:00:00+08:00,25.581511745768015,25.651888907622144,25.018507874006104,25.26482391357422,533000,0.0,0.0
2017-04-10 00:00:00+08:00,25.05369499664497,26.03895378112793,24.490691127489374,26.03895378112793,1266050,0.0,0.0
2017-04-11 00:00:00+08:00,26.038954177327927,26.74270969563409,25.757450896159764,26.320457458496094,1172050,0.0,0.0
2017-04-12 00:00:00+08:00,26.637146267564578,26.742710673014322,25.898203483259422,26.390832901000977,503000,0.0,0.0
2017-04-13 00:00:00+08:00,26.390830930509686,26.989022024422244,26.32045645520732,26.707521438598633,701050,0.0,0.0
2017-04-14 00:00:00+08:00,26.531583653806106,26.531583653806106,25.475950373293507,26.003767013549805,484050,0.0,0.0
2017-04-17 00:00:00+08:00,26.00376930992848,26.21489544775258,25.159262074017576,25.440765380859375,384328,0.0,0.0
2017-04-18 00:00:00+08:00,25.616704276481876,25.616704276481876,25.300013727438476,25.440765380859375,266000,0.0,0.0
2017-04-19 00:00:00+08:00,25.581511745768015,25.581511745768015,25.229633990340044,25.26482391357422,237050,0.0,0.0
2017-04-20 00:00:00+08:00,25.26482563772623,25.863016788930558,24.772196209585623,25.194448471069336,375000,0.0,0.0
2017-04-21 00:00:00+08:00,25.33519720044236,25.687074939337393,25.053693935480695,25.581510543823242,244000,0.0,0.0
2017-04-24 00:00:00+08:00,25.12407109402816,25.827826571818225,25.12407109402816,25.581510543823242,393000,0.0,0.0
2017-04-25 00:00:00+08:00,25.722267328089462,26.28527128615997,25.581515667418177,25.792644500732422,467050,0.0,0.0
2017-04-26 00:00:00+08:00,26.109330925481213,26.8130865049779,26.03895644137734,26.742712020874023,1115000,0.0,0.0
2017-04-27 00:00:00+08:00,27.059398352214103,28.185406030110116,26.953833957892698,27.62240219116211,3310241,0.0,0.0
2017-04-28 00:00:00+08:00,28.009468832887215,28.466910989405683,27.62240383831771,27.868717193603516,1457050,0.0,0.0
2017-05-02 00:00:00+08:00,28.220596680491422,28.3613483284085,27.446466643869076,27.6575927734375,704120,0.0,0.0
2017-05-03 00:00:00+08:00,27.763157089507544,28.64285153033722,27.727969848797233,27.97428321838379,2273000,0.0,0.0
2017-05-04 00:00:00+08:00,28.537284103523945,29.02991347517704,28.502096866537457,28.678035736083984,2903825,0.0,0.0
2017-05-05 00:00:00+08:00,28.713226011757843,28.924352140634088,27.833531570928162,27.97428321838379,1740106,0.0,0.0
2017-05-08 00:00:00+08:00,28.220593601417374,28.924349079603484,28.009467494884362,28.678035736083984,2148050,0.0,0.0
2017-05-09 00:00:00+08:00,29.065102871051707,29.3466061570812,27.481652927517985,27.587217330932617,3157000,0.0,0.0
2017-05-10 00:00:00+08:00,27.4464677738238,28.18541060004231,27.4464677738238,27.7983455657959,842000,0.0,0.0
2017-05-11 00:00:00+08:00,27.868719283578866,28.466913124241735,27.868719283578866,27.939096450805664,830000,0.0,0.0
2017-05-12 00:00:00+08:00,28.009469080273693,28.994727879347415,28.009469080273693,28.783601760864258,1853040,0.0,0.0
2017-05-15 00:00:00+08:00,29.69848418072912,31.387495857759937,28.50209923161501,28.642850875854492,7074290,0.0,0.0
2017-05-16 00:00:00+08:00,28.29097501147974,28.64285280345184,27.727971081247283,27.7983455657959,2042100,0.0,0.0
2017-05-17 00:00:00+08:00,27.51684187791781,27.552031804320077,26.98902519725738,27.3760929107666,1937250,0.0,0.0
2017-05-18 00:00:00+08:00,27.235341259000926,27.65759352968348,27.024215123659648,27.3760929107666,847000,0.0,0.0
2017-05-19 00:00:00+08:00,27.481651086710773,27.516838323953934,27.129773345050932,27.270524978637695,624300,0.0,0.0
2017-05-22 00:00:00+08:00,27.587215483054376,27.727967116641135,27.23533774139453,27.270524978637695,504000,0.0,0.0
2017-05-23 00:00:00+08:00,27.5520292213049,27.587216459793883,27.200151467186647,27.340900421142578,839050,0.0,0.0
2017-05-24 00:00:00+08:00,27.552031804320077,27.65759352968348,27.27052850078873,27.3760929107666,404000,0.0,0.0
2017-05-25 00:00:00+08:00,27.62240260255667,27.93909310562345,27.305712099489885,27.903905868530273,599001,0.0,0.0
2017-05-26 00:00:00+08:00,28.150218793541004,28.150218793541004,27.62240219116211,27.62240219116211,403650,0.0,0.0
2017-05-31 00:00:00+08:00,27.903909405783832,27.903909405783832,27.305715560913086,27.305715560913086,451106,0.0,0.0
2017-06-01 00:00:00+08:00,27.37609272863494,27.657593345679015,27.164963910083827,27.305715560913086,270586,0.0,0.0
2017-06-02 00:00:00+08:00,27.41127661222445,27.446463849467612,27.129773345050932,27.270524978637695,569000,0.0,0.0
2017-06-05 00:00:00+08:00,27.3057121280066,28.044654846191406,27.3057121280066,28.044654846191406,987000,0.0,0.0
2017-06-06 00:00:00+08:00,28.22059326667923,28.25578318786241,27.587214954592998,27.62240219116211,407133,0.0,0.0
2017-06-07 00:00:00+08:00,27.69277972533767,27.93909577777628,27.16496306461626,27.76315689086914,596000,0.0,0.0
2017-06-08 00:00:00+08:00,27.7983441313277,28.150221905141972,27.481653597971977,27.76315689086914,387000,0.0,0.0
2017-06-09 00:00:00+08:00,27.552031050960483,27.6575927734375,27.094588866383575,27.6575927734375,859000,0.0,0.0
2017-06-12 00:00:00+08:00,27.481652059712722,27.622403698282866,27.305713182653594,27.340900421142578,326400,0.0,0.0
2017-06-13 00:00:00+08:00,27.340902984364334,27.587219046107876,27.129776849023056,27.3760929107666,463600,0.0,0.0
2017-06-14 00:00:00+08:00,27.692779793085602,27.692779793085602,26.390833100633433,26.601959228515625,1226000,0.0,0.0
2017-06-15 00:00:00+08:00,26.426020523627336,27.09458883704882,26.426020523627336,26.67233657836914,338336,0.0,0.0
2017-06-16 00:00:00+08:00,26.7427079596969,26.989021301269528,26.67233348628017,26.98902130126953,183204,0.0,0.0
2017-06-19 00:00:00+08:00,27.235336820954373,27.235336820954373,26.883459091186523,26.883459091186523,220200,0.0,0.0
2017-06-20 00:00:00+08:00,26.848271855132545,27.02421072001647,26.848271855132545,26.883459091186523,170200,0.0,0.0
2017-06-21 00:00:00+08:00,26.813084307175043,26.95383594846021,26.777897068007317,26.84827423095703,149100,0.0,0.0
2017-06-22 00:00:00+08:00,26.883459591144437,27.0945856960087,26.84827235443607,26.98902130126953,134113,0.0,0.0
2017-06-23 00:00:00+08:00,27.024210997893544,27.024210997893544,26.777894973754883,26.777894973754883,158500,0.0,0.0
2017-06-26 00:00:00+08:00,27.164959943556717,27.164959943556717,26.777894973754883,26.777894973754883,182408,0.0,0.0
2017-06-27 00:00:00+08:00,26.848275281556827,26.848275281556827,26.601959228515625,26.601959228515625,248252,0.0,0.0
2017-06-28 00:00:00+08:00,26.601959504404192,26.742711152656845,26.355646133422848,26.35564613342285,314006,0.0,0.0
2017-06-29 00:00:00+08:00,26.390832614130368,26.84827478662102,26.214893730036163,26.496397018432617,347000,0.0,0.0
2017-06-30 00:00:00+08:00,26.320458892513287,26.4963977816755,26.25008172607976,26.35564613342285,118100,0.0,0.0
2017-07-03 00:00:00+08:00,26.35564833951919,26.496399999553443,26.214896679484937,26.250083923339844,139169,0.0,0.0
2017-07-04 00:00:00+08:00,26.320458420444048,26.531584546729185,26.320458420444048,26.390832901000977,126000,0.0,0.0
2017-07-05 00:00:00+08:00,26.49639730645072,26.531584546729185,26.320458420444048,26.390832901000977,188020,0.0,0.0
2017-07-06 00:00:00+08:00,26.390832614130368,26.496397018432617,26.35564537423439,26.496397018432617,84000,0.0,0.0
2017-07-07 00:00:00+08:00,26.566774487263256,26.566774487263256,26.250083923339844,26.250083923339844,269000,0.0,0.0
2017-07-10 00:00:00+08:00,26.074145137460356,26.144522310103316,25.757454572103626,25.792644500732422,613350,0.0,0.0
2017-07-11 00:00:00+08:00,25.792639496979287,26.320456108639593,25.687075100801582,26.10932731628418,413000,0.0,0.0
2017-07-12 00:00:00+08:00,26.179708589577565,26.214895832295323,25.827830793170918,25.863018035888672,298050,0.0,0.0
2017-07-13 00:00:00+08:00,25.863016044185677,26.250081053502324,25.863016044185677,26.179706573486328,90000,0.0,0.0
2017-07-14 00:00:00+08:00,26.17970677471584,26.461207381557905,26.17970677471584,26.390832901000977,271000,0.0,0.0
2017-07-17 00:00:00+08:00,26.531585693359375,26.63714741875689,26.461208525146567,26.531585693359375,283030,0.0,0.0
2017-07-18 00:00:00+08:00,26.53158472552318,26.91864974042339,26.496397485007595,25.7574520111084,786020,0.0,0.0
2017-07-19 00:00:00+08:00,26.934931157304337,27.082117141068558,26.861339569091797,26.861339569091797,485000,1.6,0.0
2017-07-20 00:00:00+08:00,26.898136786467283,27.008526981966344,26.898136786467283,26.971731185913086,133000,0.0,0.0
2017-07-21 00:00:00+08:00,27.082120315996452,27.523678319054444,27.082120315996452,27.413288116455078,291249,0.0,0.0
2017-07-24 00:00:00+08:00,27.413290290408973,27.744458117130176,27.413290290408973,27.560476303100586,403000,0.0,0.0
2017-07-25 00:00:00+08:00,27.56047215091505,28.296399296160637,27.56047215091505,28.25960350036621,754100,0.0,0.0
2017-07-26 00:00:00+08:00,28.33319450679578,28.33319450679578,27.89163935170348,27.96523094177246,324000,0.0,0.0
2017-07-27 00:00:00+08:00,28.186012461726147,28.186012461726147,27.67086283717113,27.744457244873047,308072,0.0,0.0
2017-07-28 00:00:00+08:00,27.744460552196124,27.928442382373365,27.4132926964091,27.450088500976562,186100,0.0,0.0
2017-07-31 00:00:00+08:00,27.486884305544024,27.486884305544024,27.33970108727418,27.450088500976562,105000,0.0,0.0
2017-08-01 00:00:00+08:00,27.45008532531554,27.597271333897584,27.45008532531554,27.523679733276367,69100,0.0,0.0
2017-08-02 00:00:00+08:00,27.81804495429529,28.14921272428412,27.670858966818116,27.96523094177246,366175,0.0,0.0
2017-08-03 00:00:00+08:00,28.038823307649274,28.186009299198943,27.891640123438894,28.00202751159668,240000,0.0,0.0
2017-08-04 00:00:00+08:00,28.112418278846327,28.55397345513643,28.112418278846327,28.29640007019043,823000,0.0,0.0
2017-08-07 00:00:00+08:00,28.480383689972506,28.66436549312822,28.406789284306505,28.517179489135742,662000,0.0,0.0
2017-08-08 00:00:00+08:00,28.848346147877805,28.958733540973174,28.517178353912872,28.553974151611328,803200,0.0,0.0
2017-08-09 00:00:00+08:00,29.510678117407316,31.276904431785027,29.510678117407316,30.17301368713379,5908151,0.0,0.0
2017-08-10 00:00:00+08:00,30.65137470762219,30.761762123763276,29.253111644448403,29.87864875793457,2733255,0.0,0.0
2017-08-11 00:00:00+08:00,29.5842790030584,31.5712833404541,29.547483198305503,31.5712833404541,3957277,0.0,0.0
2017-08-14 00:00:00+08:00,31.93924051989793,32.89594528598883,30.062623977661133,30.062623977661133,6224330,0.0,0.0
2017-08-15 00:00:00+08:00,30.982531820443082,32.380794525146484,30.83534863665475,32.380794525146484,3712950,0.0,0.0
2017-08-16 00:00:00+08:00,32.71196537876301,33.74226179884102,31.718461950751895,32.34400177001953,4762384,0.0,0.0
2017-08-17 00:00:00+08:00,32.45438611704065,33.0431300815511,32.01283095099709,32.380794525146484,2243301,0.0,0.0
2017-08-18 00:00:00+08:00,32.086425559495375,33.263910791878224,32.01283396068249,32.34400177001953,2433100,0.0,0.0
2017-08-21 00:00:00+08:00,32.45438861264655,32.52798301753909,31.57127821265196,32.04962921142578,1278354,0.0,0.0
2017-08-22 00:00:00+08:00,32.08642618462543,35.25091552734375,32.08642618462543,35.25091552734375,5708254,0.0,0.0
2017-08-23 00:00:00+08:00,35.76605661293766,36.20761456568527,33.70546125546629,34.183815002441406,10286656,0.0,0.0
2017-08-24 00:00:00+08:00,34.809353303666256,35.618874845398516,34.367798140786306,34.514984130859375,3169009,0.0,0.0
2017-08-25 00:00:00+08:00,35.618875845593045,36.72276659112995,34.80935428112905,36.57558059692383,4866550,0.0,0.0
2017-08-28 00:00:00+08:00,37.605879563017176,39.29851440336419,37.23791595552253,38.26821517944336,6881153,0.0,0.0
2017-08-29 00:00:00+08:00,39.22491269375589,39.740062209795106,37.90024451489719,39.00413513183594,4198070,0.0,0.0
2017-08-30 00:00:00+08:00,39.077734175213386,39.88725579988009,38.41540136303831,39.44569778442383,2725990,0.0,0.0
2017-08-31 00:00:00+08:00,40.328810570912495,42.97815021291783,39.88725536758136,41.57988739013672,5577125,0.0,0.0
2017-09-01 00:00:00+08:00,41.21192169189453,42.61018444366242,40.84395810535976,41.21192169189453,3289250,0.0,0.0
2017-09-04 00:00:00+08:00,41.72706941319125,42.978146113070565,40.6231787028282,40.99114227294922,4206193,0.0,0.0
2017-09-05 00:00:00+08:00,41.43269915434409,42.168626325140046,40.549585987921084,40.6231803894043,1780085,0.0,0.0
2017-09-06 00:00:00+08:00,40.47599354398349,40.91754871425486,38.41539807048492,39.15132522583008,2998580,0.0,0.0
2017-09-07 00:00:00+08:00,40.10802952107938,40.25521551198239,38.41539764404297,38.41539764404297,2230598,0.0,0.0
2017-09-08 00:00:00+08:00,38.34180366348943,40.255215951438224,38.34180366348943,40.18162155151367,2081903,0.0,0.0
2017-09-11 00:00:00+08:00,41.50629484743321,41.50629484743321,40.47599565332196,40.54958724975586,2045931,0.0,0.0
2017-09-12 00:00:00+08:00,40.32881091539577,40.32881091539577,38.48899287356805,38.856956481933594,1619200,0.0,0.0
2017-09-13 00:00:00+08:00,39.59288613099207,40.25522178967543,38.85695886905044,39.96084976196289,1197555,0.0,0.0
2017-09-14 00:00:00+08:00,40.4024080709205,40.4024080709205,39.077736744786925,40.108036041259766,948585,0.0,0.0
2017-09-15 00:00:00+08:00,40.549587980677074,41.064737587018456,40.108032779435604,40.40240478515625,1215048,0.0,0.0
2017-09-18 00:00:00+08:00,41.13833560800094,41.727076863850556,40.25522232055664,40.25522232055664,2055212,0.0,0.0
2017-09-19 00:00:00+08:00,40.255213327471125,40.84395445179494,39.00413668369607,39.077728271484375,1394850,0.0,0.0
2017-09-20 00:00:00+08:00,39.224918414805586,39.44569600892648,37.164322857444844,38.19462203979492,1772150,0.0,0.0
2017-09-21 00:00:00+08:00,38.268209399312084,38.8569505209106,37.82665425994797,38.48898696899414,808100,0.0,0.0
2017-09-22 00:00:00+08:00,38.48899053087556,38.636176526730985,37.090730588597495,37.31150817871094,1003051,0.0,0.0
2017-09-25 00:00:00+08:00,37.311506377777434,37.311506377777434,35.361298343338376,36.24441146850586,1196200,0.0,0.0
2017-09-26 00:00:00+08:00,36.501984843315896,37.09072879832037,35.61887452548765,36.24441146850586,964200,0.0,0.0
2017-09-27 00:00:00+08:00,36.6859689073493,38.78336306088659,36.64917310970957,38.63617706298828,1590650,0.0,0.0
2017-09-28 00:00:00+08:00,38.636173130076294,39.37210023731584,38.121023593540784,39.077728271484375,965105,0.0,0.0
2017-09-29 00:00:00+08:00,39.66647893589995,39.74007053617925,38.930551703748485,39.29851531982422,976616,0.0,0.0
2017-10-02 00:00:00+08:00,40.32881569646186,40.84396537071361,39.74007441474838,39.88726043701172,1091608,0.0,0.0
2017-10-03 00:00:00+08:00,40.25522200464107,41.06474087416387,39.22492270948502,39.51929473876953,1281328,0.0,0.0
2017-10-05 00:00:00+08:00,39.37210903311234,40.62318595638012,39.37210903311234,40.25522232055664,728109,0.0,0.0
2017-10-06 00:00:00+08:00,40.47599638291666,40.6967739835374,40.03444118167519,40.40240478515625,584936,0.0,0.0
2017-10-11 00:00:00+08:00,39.1513233816208,39.37210095635683,38.34180186446977,38.930545806884766,1432355,0.0,0.0
2017-10-12 00:00:00+08:00,39.151324698128185,41.50629212495907,39.151324698128185,41.138328552246094,3113404,0.0,0.0
2017-10-13 00:00:00+08:00,42.02144237226744,44.89155960083008,41.35910957075725,44.89155960083008,5806456,0.0,0.0
2017-10-16 00:00:00+08:00,45.25952302659079,46.14263623247997,44.15563222106419,45.33311462402344,3635127,0.0,0.0
2017-10-17 00:00:00+08:00,45.33312043690071,45.92186452121203,43.86126584080211,44.52360153198242,2269304,0.0,0.0
2017-10-18 00:00:00+08:00,44.891555431277254,47.6144835968112,44.37640587305704,47.46730041503906,5079580,0.0,0.0
2017-10-19 00:00:00+08:00,47.835271339716876,48.12964336320485,46.731380462646484,46.731380462646484,2641510,0.0,0.0
2017-10-20 00:00:00+08:00,46.87856241940166,47.32012041643892,45.038744450094995,45.55389404296875,2070090,0.0,0.0
2017-10-23 00:00:00+08:00,45.55389376177575,46.73137613192793,45.406707763671875,45.406707763671875,1432478,0.0,0.0
2017-10-24 00:00:00+08:00,45.70107509709603,47.393709795561236,44.89155635139995,47.24652099609375,2555720,0.0,0.0
2017-10-25 00:00:00+08:00,48.42401233035953,48.49760392791688,43.93485469587413,44.302818298339844,4132265,0.0,0.0
2017-10-26 00:00:00+08:00,43.787667467492724,43.787667467492724,42.68377669100131,43.12533187866211,2605475,0.0,0.0
2017-10-27 00:00:00+08:00,43.787671274464635,44.0084488874898,41.359111916508475,42.53659439086914,1688148,0.0,0.0
2017-10-30 00:00:00+08:00,42.53658916699351,43.34611072512214,40.843957265218094,43.05173873901367,1202481,0.0,0.0
2017-10-31 00:00:00+08:00,43.7140770958626,44.302818298339844,42.6837778860228,44.302818298339844,1259050,0.0,0.0
2017-11-01 00:00:00+08:00,44.67078094019597,44.67078094019597,43.272518157958984,43.272518157958984,970152,0.0,0.0
2017-11-02 00:00:00+08:00,42.683780335543446,42.978152357345124,41.874261486598314,41.947853088378906,797200,0.0,0.0
2017-11-03 00:00:00+08:00,42.683776290781665,43.0517398794953,42.1686267051147,42.389404296875,652000,0.0,0.0
2017-11-06 00:00:00+08:00,43.05174084032996,43.71407643773236,42.389405242927566,43.41970443725586,846100,0.0,0.0
2017-11-07 00:00:00+08:00,43.34611058464757,43.34611058464757,42.315811443946195,42.46299743652344,675000,0.0,0.0
2017-11-08 00:00:00+08:00,42.31581042295914,42.31581042295914,40.991142136403916,41.43269729614258,879100,0.0,0.0
2017-11-09 00:00:00+08:00,40.9911447824516,41.28551397216632,38.04743604126785,38.19462203979492,3091257,0.0,0.0
2017-11-10 00:00:00+08:00,38.12102566223695,38.93054720853386,36.86994895057029,38.41539764404297,935495,0.0,0.0
2017-11-13 00:00:00+08:00,38.856958157433766,38.856958157433766,37.605881273576955,37.90025329589844,551050,0.0,0.0
2017-11-14 00:00:00+08:00,38.1946211876339,39.3721035349008,36.94354443907572,37.7530632019043,1480005,0.0,0.0
2017-11-15 00:00:00+08:00,38.194621876632745,38.78336306088659,37.532286289760044,38.63617706298828,526000,0.0,0.0
2017-11-16 00:00:00+08:00,38.78336682884574,38.85695843127491,38.04743957519531,38.04743957519531,438155,0.0,0.0
2017-11-17 00:00:00+08:00,38.41540062785546,38.709769825186534,37.97384262084961,37.97384262084961,411050,0.0,0.0
2017-11-20 00:00:00+08:00,38.1946211876339,38.41539877682902,37.60587720666109,37.7530632019043,278108,0.0,0.0
2017-11-21 00:00:00+08:00,37.753069073180505,38.268218732977004,37.53229144965052,38.12103271484375,290150,0.0,0.0
2017-11-22 00:00:00+08:00,38.34180408592529,39.29851164410999,37.60587692260742,37.60587692260742,583000,0.0,0.0
2017-11-23 00:00:00+08:00,37.826663710658124,38.19462735450756,37.237919634627175,37.67947769165039,327100,0.0,0.0
2017-11-24 00:00:00+08:00,37.6794717646798,38.04743535064867,37.23791377711355,37.31150817871094,387100,0.0,0.0
2017-11-27 00:00:00+08:00,37.311509996785,38.26821480545343,37.311509996785,37.53228759765625,637327,0.0,0.0
2017-11-28 00:00:00+08:00,37.53229088560236,37.97384612602648,37.237918853759766,37.237918853759766,315000,0.0,0.0
2017-11-29 00:00:00+08:00,37.45869316613481,37.60587635068851,36.28120803833008,36.28120803833008,706158,0.0,0.0
2017-11-30 00:00:00+08:00,35.83965444285877,36.060432036717735,35.287709054541665,35.32450485229492,1113072,0.0,0.0
2017-12-01 00:00:00+08:00,35.39810048578788,35.766064119974196,34.588581613513874,34.88295364379883,553076,0.0,0.0
2017-12-04 00:00:00+08:00,34.73576051052124,34.95653808432281,34.588574525540466,34.77255630493164,326200,0.0,0.0
2017-12-05 00:00:00+08:00,34.588572473376885,35.177313571030396,33.963035583496094,33.963035583496094,537275,0.0,0.0
2017-12-06 00:00:00+08:00,34.29420581662373,34.29420581662373,32.380796251944595,33.44789123535156,865003,0.0,0.0
2017-12-07 00:00:00+08:00,33.484688207361984,33.70546580989866,32.78555679321289,32.78555679321289,395000,0.0,0.0
2017-12-08 00:00:00+08:00,32.93274174094348,33.043131942340516,32.04962855178548,32.6015739440918,651000,0.0,0.0
2017-12-11 00:00:00+08:00,34.36780236296063,35.839656829833984,33.88944853829095,35.839656829833984,1413491,0.0,0.0
2017-12-12 00:00:00+08:00,36.13402645256645,38.19462497565621,36.13402645256645,37.16432571411133,2865100,0.0,0.0
2017-12-13 00:00:00+08:00,37.45869417456636,38.41539893661754,37.31150817871094,37.31150817871094,1648019,0.0,0.0
2017-12-14 00:00:00+08:00,37.5322827226049,37.60587431089004,36.39159626015042,36.501983642578125,1189100,0.0,0.0
2017-12-15 00:00:00+08:00,36.20761961452519,36.20761961452519,35.39809799194336,35.39809799194336,828085,0.0,0.0
2017-12-18 00:00:00+08:00,35.545282446153884,36.060432036717735,35.140523056189224,35.32450485229492,427001,0.0,0.0
2017-12-19 00:00:00+08:00,35.508486111818684,35.61887631074972,33.85264997188931,33.99983596801758,734200,0.0,0.0
2017-12-20 00:00:00+08:00,34.4413955983714,35.177322866744035,33.92624594904261,34.88295364379883,443000,0.0,0.0
2017-12-21 00:00:00+08:00,35.618879108507606,37.90025240200301,35.177321085439736,36.86995315551758,1673200,0.0,0.0
2017-12-22 00:00:00+08:00,37.01713597903525,37.532285557965395,36.20761721738742,36.3180046081543,652071,0.0,0.0
2017-12-25 00:00:00+08:00,36.72276601400909,37.090729590071945,36.24441224219165,36.28120803833008,422000,0.0,0.0
2017-12-26 00:00:00+08:00,36.64916962648754,37.16431916650093,35.471687369890496,36.501983642578125,532239,0.0,0.0
2017-12-27 00:00:00+08:00,37.017140236830514,37.900253501239966,36.64917661060488,37.45869827270508,992231,0.0,0.0
2017-12-28 00:00:00+08:00,37.900251023351714,38.26821462552018,37.16432381901479,37.97384262084961,968281,0.0,0.0
2017-12-29 00:00:00+08:00,38.268212354720134,38.268212354720134,37.01713562011719,37.01713562011719,596268,0.0,0.0
2018-01-02 00:00:00+08:00,37.31151117858545,37.31151117858545,36.50198953996415,36.86995315551758,206000,0.0,0.0
2018-01-03 00:00:00+08:00,37.385098563034184,37.60587614600236,36.46518962788403,36.53878402709961,496203,0.0,0.0
2018-01-04 00:00:00+08:00,36.79635818456334,37.09073017297558,36.501986196151094,36.57558059692383,368200,0.0,0.0
2018-01-05 00:00:00+08:00,36.46519393260612,36.796361749822445,36.42839813232422,36.42839813232422,361100,0.0,0.0
2018-01-08 00:00:00+08:00,36.538787985495986,36.75956559238191,35.54528454349997,35.69247055053711,441336,0.0,0.0
2018-01-09 00:00:00+08:00,36.02363311851287,36.94354201935672,35.87644713291002,36.20761489868164,452664,0.0,0.0
2018-01-10 00:00:00+08:00,36.244416681259715,36.244416681259715,34.99333980795135,35.140525817871094,545000,0.0,0.0
2018-01-11 00:00:00+08:00,35.103728698231826,35.140524497494276,34.809356689453125,34.809356689453125,270191,0.0,0.0
2018-01-12 00:00:00+08:00,35.43489728985379,35.43489728985379,34.69897005897283,34.846153259277344,283200,0.0,0.0
2018-01-15 00:00:00+08:00,35.25091653009792,35.58208154796778,34.80935849403864,35.03013610839844,519000,0.0,0.0
2018-01-16 00:00:00+08:00,35.03013610839844,35.03013610839844,34.03663544010949,35.03013610839844,574124,0.0,0.0
2018-01-17 00:00:00+08:00,35.030134292367386,35.06693289896937,34.58857908653887,34.809356689453125,422000,0.0,0.0
2018-01-18 00:00:00+08:00,34.846154295208656,35.177322120418204,34.77256269286862,35.03013610839844,450100,0.0,0.0
2018-01-19 00:00:00+08:00,35.10372436517036,35.25091035139166,34.84614818744827,34.919742584228516,385025,0.0,0.0
2018-01-22 00:00:00+08:00,34.88294968607794,36.869950839372734,34.88294968607794,36.75956344604492,1914303,0.0,0.0
2018-01-23 00:00:00+08:00,36.722767648268984,36.79635924382086,36.24441385516354,36.75956344604492,727080,0.0,0.0
2018-01-24 00:00:00+08:00,36.94354459274207,38.26821294076212,36.869950191144675,37.31150817871094,1837097,0.0,0.0
2018-01-25 00:00:00+08:00,37.53228993617207,38.04743957519531,36.79636268252164,38.04743957519531,1473260,0.0,0.0
2018-01-26 00:00:00+08:00,38.636183458783144,40.62318774098854,38.636183458783144,39.88726043701172,5192824,0.0,0.0
2018-01-29 00:00:00+08:00,40.623178124314975,41.65347442157786,39.519287429672396,40.69676971435547,4029690,0.0,0.0
2018-01-30 00:00:00+08:00,39.88725863783295,40.99114954400542,39.59288660658439,39.666481018066406,1279065,0.0,0.0
2018-01-31 00:00:00+08:00,39.66647478873833,40.917548706723366,38.85695323360408,40.18162155151367,1432807,0.0,0.0
2018-02-01 00:00:00+08:00,41.06474092664755,41.06474092664755,40.108036041259766,40.108036041259766,885244,0.0,0.0
2018-02-02 00:00:00+08:00,40.402402799633386,41.21192156457318,39.29851204343946,40.6231803894043,2043080,0.0,0.0
2018-02-05 00:00:00+08:00,40.03443983201314,40.03443983201314,38.2682134719122,38.63617706298828,2372257,0.0,0.0
2018-02-06 00:00:00+08:00,36.796358927265615,37.82665810016481,34.77255918626601,35.17731857299805,2560565,0.0,0.0
2018-02-07 00:00:00+08:00,36.649171322891654,36.649171322891654,35.950039972465134,36.1340217590332,814100,0.0,0.0
2018-02-08 00:00:00+08:00,36.722767625634035,36.722767625634035,35.32450485229492,35.32450485229492,446302,0.0,0.0
2018-02-09 00:00:00+08:00,35.23335647583008,35.23335647583008,35.23335647583008,35.23335647583008,0,0.0,0.0
2018-02-12 00:00:00+08:00,35.324503015730066,35.324503015730066,34.66216746124942,35.10372543334961,507130,0.0,0.0
2018-02-21 00:00:00+08:00,35.913242042768005,36.28120559404091,35.5452784914951,35.766056060791016,467000,0.0,0.0
2018-02-22 00:00:00+08:00,35.76606043413334,36.17082263589765,35.39809683786719,36.06043243408203,352300,0.0,0.0
2018-02-23 00:00:00+08:00,36.170824918876235,36.53878853836698,35.91324870082894,35.98684310913086,464200,0.0,0.0
2018-02-26 00:00:00+08:00,36.428391576017894,36.428391576017894,35.766056060791016,35.766056060791016,549100,0.0,0.0
2018-02-27 00:00:00+08:00,36.13402681395065,36.13402681395065,35.80286179767169,35.8764533996582,352223,0.0,0.0
2018-03-01 00:00:00+08:00,35.87645158283164,35.87645158283164,35.43489637859414,35.65567398071289,263000,0.0,0.0
2018-03-02 00:00:00+08:00,35.32450639322662,35.43489659864127,35.1773203884536,35.39809799194336,166722,0.0,0.0
2018-03-05 00:00:00+08:00,35.4716946272781,35.61888064130127,34.73576736450195,34.73576736450195,329100,0.0,0.0
2018-03-06 00:00:00+08:00,34.18381763312822,34.22061343018743,33.411094665527344,33.411094665527344,1815048,0.0,0.0
2018-03-07 00:00:00+08:00,33.22711402374474,33.374297217079416,32.67516862672134,32.74876022338867,1165110,0.0,0.0
2018-03-08 00:00:00+08:00,33.11672382140428,33.26390982207841,32.74876022338867,32.74876022338867,463116,0.0,0.0
2018-03-09 00:00:00+08:00,33.26391138581718,33.300707185880626,32.785557562973665,32.82235336303711,580285,0.0,0.0
2018-03-12 00:00:00+08:00,32.96953887201673,33.227115083244556,32.895947273002804,32.932743072509766,408252,0.0,0.0
2018-03-13 00:00:00+08:00,32.93274357056703,33.153521178287264,32.74876176291023,32.82235336303711,400400,0.0,0.0
2018-03-14 00:00:00+08:00,33.19031569918761,33.19031569918761,32.859150704040225,32.89594650268555,278200,0.0,0.0
2018-03-15 00:00:00+08:00,32.895943899830755,34.147020606158044,32.822349501023695,33.66866683959961,680610,0.0,0.0
2018-03-16 00:00:00+08:00,33.70546512507699,33.77905952932029,33.22711413052316,33.337501525878906,429705,0.0,0.0
2018-03-19 00:00:00+08:00,33.337500470532646,33.484686467020396,33.11672287947072,33.15351867675781,215050,0.0,0.0
2018-03-20 00:00:00+08:00,33.00633305234136,33.00633305234136,32.12322267813859,32.45438766479492,1049270,0.0,0.0
2018-03-21 00:00:00+08:00,32.380794525146484,32.74875809929588,32.23360853401887,32.380794525146484,1060825,0.0,0.0
2018-03-22 00:00:00+08:00,32.60157366294185,32.89594565923572,32.41759186709304,32.45438766479492,694330,0.0,0.0
2018-03-23 00:00:00+08:00,31.718460726692573,32.3807963198062,30.688164346375128,31.792055130004883,673200,0.0,0.0
2018-03-26 00:00:00+08:00,31.53447620472539,32.16001594580363,31.53447620472539,31.97603416442871,197100,0.0,0.0
2018-03-27 00:00:00+08:00,32.307205137176624,32.60157433217377,31.79205553675728,31.902442932128906,529266,0.0,0.0
2018-03-28 00:00:00+08:00,31.90244493985787,32.16002115994742,31.644871527107966,31.68166732788086,235000,0.0,0.0
2018-03-29 00:00:00+08:00,31.90244416454685,32.12322457849798,31.64487075805664,31.64487075805664,314000,0.0,0.0
2018-03-30 00:00:00+08:00,31.644869016436125,31.755259217336206,31.20331382751465,31.20331382751465,410150,0.0,0.0
2018-04-02 00:00:00+08:00,30.209811802094748,30.320202007966852,29.43708878300868,29.47388458251953,549000,0.0,0.0
2018-04-03 00:00:00+08:00,29.400296252067637,29.400296252067637,28.517182928929586,28.590774536132812,841450,0.0,0.0
2018-04-09 00:00:00+08:00,28.59077529703308,29.069129178604317,28.222811636544417,29.032333374023438,354460,0.0,0.0
2018-04-10 00:00:00+08:00,29.032325968888486,29.657862909230555,28.921935775962602,29.40028953552246,367080,0.0,0.0
2018-04-11 00:00:00+08:00,29.51067718557897,29.58427158396884,28.84834444410563,28.92193603515625,353000,0.0,0.0
2018-04-12 00:00:00+08:00,28.81155573919823,29.069129178604317,28.6275739089539,29.032333374023438,199350,0.0,0.0
2018-04-13 00:00:00+08:00,29.0323326300995,30.025833365025466,29.0323326300995,29.584278106689453,233000,0.0,0.0
2018-04-16 00:00:00+08:00,29.58427187896192,29.58427187896192,28.737954536744663,29.069122314453125,187000,0.0,0.0
2018-04-17 00:00:00+08:00,29.032329605704373,29.069125405509254,28.333198180053323,28.406789779663086,515041,0.0,0.0
2018-04-18 00:00:00+08:00,28.627567002115473,28.995530573827295,28.48038101196289,28.48038101196289,180000,0.0,0.0
2018-04-19 00:00:00+08:00,28.44358521625956,28.73795438922546,28.40678661321697,28.48038101196289,270100,0.0,0.0
2018-04-20 00:00:00+08:00,28.921942383227066,28.921942383227066,28.517182928929586,28.590774536132812,155875,0.0,0.0
2018-04-23 00:00:00+08:00,28.590769704311068,28.590769704311068,27.33969574924771,27.37649154663086,693360,0.0,0.0
2018-04-24 00:00:00+08:00,27.376491424060546,27.413287221278953,25.75745108039633,26.16221046447754,609400,0.0,0.0
2018-04-25 00:00:00+08:00,25.794248930426033,26.971734186499702,25.75745313027927,26.530176162719727,365400,0.0,0.0
2018-04-26 00:00:00+08:00,26.861345077398795,26.93493668070236,25.904640197753906,25.904640197753906,266200,0.0,0.0
2018-04-27 00:00:00+08:00,25.79424751197632,26.53017470380069,25.75745171385299,26.23580551147461,201000,0.0,0.0
2018-04-30 00:00:00+08:00,26.34619273897662,26.824546533568505,26.34619273897662,26.67736053466797,60325,0.0,0.0
2018-05-02 00:00:00+08:00,26.714159011840824,26.861345025503304,26.640567408679438,26.71415901184082,64300,0.0,0.0
2018-05-03 00:00:00+08:00,27.33969897666005,27.33969897666005,26.49338150024414,26.49338150024414,112000,0.0,0.0
2018-05-04 00:00:00+08:00,26.49337638692653,26.49337638692653,25.75744926506746,25.941431045532227,217000,0.0,0.0
2018-05-07 00:00:00+08:00,25.94143458686501,26.199007991742032,25.7206569816362,25.794248580932617,195000,0.0,0.0
2018-05-08 00:00:00+08:00,26.12541438297404,26.45658216901482,25.831042393751268,26.015024185180664,221200,0.0,0.0
2018-05-09 00:00:00+08:00,25.720654731186286,25.757450527615017,24.72715138357469,24.837541580200195,850435,0.0,0.0
2018-05-10 00:00:00+08:00,25.131915186570712,25.389488585516972,25.021524982828318,25.31589698791504,238200,0.0,0.0
2018-05-11 00:00:00+08:00,25.315897207667128,25.49987901060849,25.058320999145508,25.058320999145508,121164,0.0,0.0
2018-05-14 00:00:00+08:00,25.05831965978912,25.131914061435786,24.543170077619926,24.72715187072754,342124,0.0,0.0
2018-05-15 00:00:00+08:00,25.021523733991025,25.021523733991025,24.690355946632096,24.76395034790039,115000,0.0,0.0
2018-05-16 00:00:00+08:00,25.02152670704319,25.16871271972903,24.947935104370117,24.947935104370117,174000,0.0,0.0
2018-05-17 00:00:00+08:00,25.095115942118387,25.389487939717547,25.095115942118387,25.24230194091797,124500,0.0,0.0
2018-05-18 00:00:00+08:00,25.242304322402102,25.27910012373864,24.91113649569389,24.947935104370117,156000,0.0,0.0
2018-05-21 00:00:00+08:00,25.095115534187656,25.168709936060853,24.984728142386928,25.131914138793945,169145,0.0,0.0
2018-05-22 00:00:00+08:00,25.16871098537168,25.68386059060369,25.16871098537168,25.31589698791504,208000,0.0,0.0
2018-05-23 00:00:00+08:00,25.64706220708996,25.64706220708996,25.02152520002514,25.058320999145508,155020,0.0,0.0
2018-05-24 00:00:00+08:00,25.095117568969727,25.27909937756141,24.947934367968067,25.095117568969727,104000,0.0,0.0
2018-05-25 00:00:00+08:00,25.021525473490247,25.352693283872,24.947933874445216,25.205507278442383,143033,0.0,0.0
2018-05-28 00:00:00+08:00,25.168711750799698,25.352693557739258,24.98472994386014,25.352693557739258,134000,0.0,0.0
2018-05-29 00:00:00+08:00,25.426283676484484,27.37649183937897,25.389487878707865,26.89813804626465,742670,0.0,0.0
2018-05-30 00:00:00+08:00,26.4565870893068,26.64056891495241,25.904641612369968,26.199010848999023,421250,0.0,0.0
2018-05-31 00:00:00+08:00,26.015024468264542,26.787750246547937,26.015024468264542,26.16221046447754,314100,0.0,0.0
2018-06-01 00:00:00+08:00,26.199009732406672,26.714159383726866,26.16221393031375,26.640567779541016,234000,0.0,0.0
2018-06-04 00:00:00+08:00,27.045321346962286,27.082117141068558,26.750949379433845,26.861339569091797,232082,0.0,0.0
2018-06-05 00:00:00+08:00,27.192508252141426,27.192508252141426,26.456581115722653,26.456581115722656,182562,0.0,0.0
2018-06-06 00:00:00+08:00,26.56696891784668,26.934932491818735,26.56696891784668,26.56696891784668,166256,0.0,0.0
2018-06-07 00:00:00+08:00,26.71415756463386,26.75095336422119,26.346193954081496,26.419788360595703,133000,0.0,0.0
2018-06-08 00:00:00+08:00,26.419786943956783,26.566970134414067,26.309396743774414,26.309396743774414,116002,0.0,0.0
2018-06-11 00:00:00+08:00,26.38298564818605,26.38298564818605,25.757448730523276,26.272598266601562,209159,0.0,0.0
2018-06-12 00:00:00+08:00,26.566974500290243,26.566974500290243,26.125419241676727,26.199010848999023,160540,0.0,0.0
2018-06-13 00:00:00+08:00,26.16221046447754,26.41978665968513,26.125414667259136,26.16221046447754,130400,0.0,0.0
2018-06-14 00:00:00+08:00,26.199006183194093,26.419786580521738,26.199006183194093,26.38298797607422,142020,0.0,0.0
2018-06-15 00:00:00+08:00,26.309397603424504,26.346193402241113,26.051824204368735,26.125415802001953,177020,0.0,0.0
2018-06-19 00:00:00+08:00,26.125415700304195,26.125415700304195,25.4262842961521,25.53667449951172,296000,0.0,0.0
2018-06-20 00:00:00+08:00,25.499880168983292,25.499880168983292,24.727154315655593,25.021526336669922,387400,0.0,0.0
2018-06-21 00:00:00+08:00,25.09511509836088,25.573468876541266,25.09511509836088,25.42628288269043,112800,0.0,0.0
2018-06-22 00:00:00+08:00,25.426285760059887,25.426285760059887,25.021526336669922,25.021526336669922,101000,0.0,0.0
2018-06-25 00:00:00+08:00,25.02152670704319,25.38949033508794,24.947935104370117,24.947935104370117,219000,0.0,0.0
2018-06-26 00:00:00+08:00,24.87433910009445,24.87433910009445,24.138411891172485,24.469579696655273,240048,0.0,0.0
2018-06-27 00:00:00+08:00,24.469579204076016,24.69035680084039,24.469579204076016,24.57996940612793,102000,0.0,0.0
2018-06-28 00:00:00+08:00,24.506375495633467,24.690357297863958,23.880838490985603,24.469579696655273,221050,0.0,0.0
2018-06-29 00:00:00+08:00,24.46958126497606,24.947935104370117,24.32239525229022,24.947935104370117,139000,0.0,0.0
2018-07-02 00:00:00+08:00,25.021525968468897,25.647062994744775,25.021525968468897,25.095117568969727,335000,0.0,0.0
2018-07-03 00:00:00+08:00,24.947934367968067,25.095117568969727,24.65356235128553,25.095117568969727,137020,0.0,0.0
2018-07-04 00:00:00+08:00,24.506376802866097,25.02152643805877,24.506376802866097,24.800748825073242,94000,0.0,0.0
2018-07-05 00:00:00+08:00,24.874339009814694,25.058320811377435,24.690357208251953,24.690357208251953,322000,0.0,0.0
2018-07-06 00:00:00+08:00,25.095114377180856,25.095114377180856,23.99122366603203,24.543169021606445,211100,0.0,0.0
2018-07-09 00:00:00+08:00,24.653561409407303,24.94793341484349,24.57996981171801,24.690357208251953,107028,0.0,0.0
2018-07-10 00:00:00+08:00,24.763952559376385,25.242303577310995,24.690358151535946,25.095117568969727,136020,0.0,0.0
2018-07-11 00:00:00+08:00,25.02152393965384,25.27909732786158,25.02152393965384,25.131914138793945,108100,0.0,0.0
2018-07-12 00:00:00+08:00,25.16871207520642,25.352693884517375,24.800748456584515,24.874340057373047,257000,0.0,0.0
2018-07-13 00:00:00+08:00,25.021526010949778,25.647063038287676,25.021526010949778,25.499879837036133,394200,0.0,0.0
2018-07-16 00:00:00+08:00,25.647061157359015,27.118915520647096,25.647061157359015,26.309396743774414,743302,0.0,0.0
2018-07-17 00:00:00+08:00,26.272601716213014,26.530175114402173,26.272601716213014,26.346193313598633,410000,0.0,0.0
2018-07-18 00:00:00+08:00,26.861342501589547,26.861342501589547,25.978229309932413,26.23580551147461,585000,0.0,0.0
2018-07-19 00:00:00+08:00,26.86134270090599,27.30289789634126,26.566970699056164,25.168710708618164,2024472,0.0,0.0
2018-07-20 00:00:00+08:00,27.022831134206736,27.141180503657804,26.470539093017578,26.470539093017578,774750,2.3,0.0
2018-07-23 00:00:00+08:00,26.746687331756686,26.746687331756686,26.47053979892317,26.549440383911133,377075,0.0,0.0
2018-07-24 00:00:00+08:00,26.667785740596557,26.707234526727355,26.54943938220416,26.58888816833496,219500,0.0,0.0
2018-07-25 00:00:00+08:00,26.78613642065911,26.78613642065911,26.43109130859375,26.43109130859375,256886,0.0,0.0
2018-07-26 00:00:00+08:00,26.66778613355542,26.66778613355542,26.39164161682129,26.39164161682129,119065,0.0,0.0
2018-07-27 00:00:00+08:00,26.431088028430107,26.66778373718262,26.431088028430107,26.667783737182617,97000,0.0,0.0
2018-07-30 00:00:00+08:00,26.786135405054097,26.786135405054097,26.470539093017578,26.470539093017578,102000,0.0,0.0
2018-07-31 00:00:00+08:00,26.47053681159732,26.66778373718262,26.47053681159732,26.667783737182617,100000,0.0,0.0
2018-08-01 00:00:00+08:00,26.54943938220416,26.62833695446576,26.509987586323906,26.58888816833496,114000,0.0,0.0
2018-08-02 00:00:00+08:00,26.667785027494503,26.667785027494503,26.431089307289547,26.509986877441406,103010,0.0,0.0
2018-08-03 00:00:00+08:00,26.50998706647775,26.50998706647775,26.352191925048828,26.352191925048828,198147,0.0,0.0
2018-08-06 00:00:00+08:00,26.35219067829453,26.35219067829453,26.03659439086914,26.03659439086914,205000,0.0,0.0
2018-08-07 00:00:00+08:00,26.03659568266975,26.233842619659672,25.87879753112793,25.87879753112793,171000,0.0,0.0
2018-08-08 00:00:00+08:00,25.76044989668387,26.43108824527625,25.76044989668387,26.03659439086914,229090,0.0,0.0
2018-08-09 00:00:00+08:00,25.642101687769735,25.839348623829505,24.458620071411133,24.458620071411133,790300,0.0,0.0
2018-08-10 00:00:00+08:00,23.82743213437566,24.379722690811644,23.82743213437566,24.10357666015625,373450,0.0,0.0
2018-08-13 00:00:00+08:00,23.827428102799004,23.827428102799004,22.091654636548913,22.683395385742188,559038,0.0,0.0
2018-08-14 00:00:00+08:00,22.880646256603626,23.117341995239258,22.683399306115664,23.117341995239258,96100,0.0,0.0
2018-08-15 00:00:00+08:00,22.880643218905217,23.038441360295785,22.525598153213743,22.72284507751465,302345,0.0,0.0
2018-08-16 00:00:00+08:00,22.604496318208174,22.801743234605933,22.565047536878442,22.683395385742188,124000,0.0,0.0
2018-08-17 00:00:00+08:00,22.920092001815554,23.038441360295785,22.72284507751465,22.72284507751465,100050,0.0,0.0
2018-08-20 00:00:00+08:00,22.880646039255396,22.880646039255396,22.24945640563965,22.24945640563965,206490,0.0,0.0
2018-08-21 00:00:00+08:00,22.328353489082538,22.68339859071317,22.328353489082538,22.52560043334961,88010,0.0,0.0
2018-08-22 00:00:00+08:00,22.56505043101359,22.722847081445657,22.56505043101359,22.643949508666992,77000,0.0,0.0
2018-08-23 00:00:00+08:00,22.64395010920486,22.880645843567716,22.56505102945898,22.60449981689453,63080,0.0,0.0
2018-08-24 00:00:00+08:00,22.60449990964217,22.60449990964217,22.328353881835938,22.328353881835938,113219,0.0,0.0
2018-08-27 00:00:00+08:00,22.36780507677581,22.762298988165597,22.36780507677581,22.565052032470703,51000,0.0,0.0
2018-08-28 00:00:00+08:00,22.76229476928711,23.03844075705264,22.72284448253514,22.76229476928711,146100,0.0,0.0
2018-08-29 00:00:00+08:00,22.880645446785863,22.920094233537316,22.722847290030543,22.801746368408203,103100,0.0,0.0
2018-08-30 00:00:00+08:00,22.80174649638127,23.590734274836503,22.80174649638127,23.432937622070312,139000,0.0,0.0
2018-08-31 00:00:00+08:00,23.43293803632785,24.261374616401397,23.314588663567527,23.94577980041504,180200,0.0,0.0
2018-09-03 00:00:00+08:00,24.300823187676293,24.300823187676293,23.432937827660894,23.590734481811523,143000,0.0,0.0
2018-09-04 00:00:00+08:00,23.590734481811523,23.669633561324225,23.51183540229882,23.590734481811523,57000,0.0,0.0
2018-09-05 00:00:00+08:00,23.63018477400526,23.748532640836927,23.590734481811523,23.590734481811523,75000,0.0,0.0
2018-09-06 00:00:00+08:00,23.590732956540485,23.590732956540485,23.314586948537777,23.39348602294922,74000,0.0,0.0
2018-09-07 00:00:00+08:00,23.393488332030277,23.393488332030277,22.407253566726514,22.48615264892578,217209,0.0,0.0
2018-09-10 00:00:00+08:00,22.486149878672027,22.525598662474227,20.98707352106882,21.1843204498291,479183,0.0,0.0
2018-09-11 00:00:00+08:00,21.30266756127244,21.657712622576817,21.22376849155207,21.578813552856445,129600,0.0,0.0
2018-09-12 00:00:00+08:00,21.578816158671042,21.578816158671042,21.302670133740197,21.460468292236328,85339,0.0,0.0
2018-09-13 00:00:00+08:00,21.460467939361884,22.486151438097117,21.460467939361884,22.3678035736084,135100,0.0,0.0
2018-09-14 00:00:00+08:00,22.367804082531674,22.841197056132167,22.367804082531674,22.60449981689453,74051,0.0,0.0
2018-09-17 00:00:00+08:00,22.880645236752468,22.880645236752468,22.643949508666992,22.643949508666992,25200,0.0,0.0
2018-09-18 00:00:00+08:00,22.565050516047847,22.643949593998574,22.3678035736084,22.3678035736084,53000,0.0,0.0
2018-09-19 00:00:00+08:00,22.407253566726514,22.762298684185797,22.367804778064293,22.48615264892578,43100,0.0,0.0
2018-09-20 00:00:00+08:00,22.328352667750504,22.486150819309575,22.170556021066137,22.210004806518555,41000,0.0,0.0
2018-09-21 00:00:00+08:00,22.210007720070745,22.3283555968278,22.09165984331369,22.17055892944336,44000,0.0,0.0
2018-09-25 00:00:00+08:00,22.17055580686588,22.17055580686588,21.933858581814118,22.052207946777344,69050,0.0,0.0
2018-09-26 00:00:00+08:00,22.052207946777344,22.091656731848627,22.052207946777344,22.052207946777344,42100,0.0,0.0
2018-09-27 00:00:00+08:00,22.091657638549805,22.17055671680529,22.01275856029432,22.091657638549805,45005,0.0,0.0
2018-09-28 00:00:00+08:00,22.091658339280816,22.210006207980573,21.89441138982295,21.973310470581055,83044,0.0,0.0
2018-10-01 00:00:00+08:00,21.933860083956983,22.24945640563965,21.933860083956983,22.24945640563965,34182,0.0,0.0
2018-10-02 00:00:00+08:00,22.210004806518555,22.44670203385716,22.210004806518555,22.210004806518555,57099,0.0,0.0
2018-10-03 00:00:00+08:00,22.09165702357826,22.36780303734793,21.93385887145996,21.93385887145996,128023,0.0,0.0
2018-10-04 00:00:00+08:00,21.93385765120988,22.091655794549368,21.815509796142578,21.815509796142578,51100,0.0,0.0
2018-10-05 00:00:00+08:00,21.97331193075167,21.97331193075167,20.750379859921743,20.82927894592285,384037,0.0,0.0
2018-10-08 00:00:00+08:00,20.355882269121725,20.908174266798323,20.355882269121725,20.553129196166992,128300,0.0,0.0
2018-10-09 00:00:00+08:00,20.592580487378655,20.86872649966552,20.355883260472183,20.513681411743164,191362,0.0,0.0
2018-10-11 00:00:00+08:00,20.079737809171846,20.079737809171846,18.46231210173606,18.50176239013672,550100,0.0,0.0
2018-10-12 00:00:00+08:00,17.75222361087799,19.251299970377204,17.75222361087799,18.935705184936523,173769,0.0,0.0
2018-10-15 00:00:00+08:00,19.487997188113695,19.487997188113695,18.935705184936523,18.935705184936523,52000,0.0,0.0
2018-10-16 00:00:00+08:00,19.093506760208463,19.4880006890981,18.97515737764164,19.13295555114746,59582,0.0,0.0
2018-10-17 00:00:00+08:00,19.409098115534867,19.685244117123453,18.699009472074675,18.935705184936523,135200,0.0,0.0
2018-10-18 00:00:00+08:00,19.014606378497408,19.330201199141076,18.975156085370195,19.290752410888672,66200,0.0,0.0
2018-10-19 00:00:00+08:00,19.29075079280248,19.40909865250762,18.85680663405072,19.172401428222656,86030,0.0,0.0
2018-10-22 00:00:00+08:00,19.172402040747812,19.487998349877188,19.172402040747812,19.3302001953125,56300,0.0,0.0
2018-10-23 00:00:00+08:00,19.33020180296041,19.448549676289275,19.132954845787342,19.25130271911621,68272,0.0,0.0
2018-10-24 00:00:00+08:00,19.25130050298431,19.29075079280248,19.093503858335684,19.172401428222656,47009,0.0,0.0
2018-10-25 00:00:00+08:00,19.13295370599498,19.13295370599498,18.146718978881836,18.146718978881836,214011,0.0,0.0
2018-10-26 00:00:00+08:00,18.462313165760143,18.462313165760143,17.831123563719085,17.988920211791992,115000,0.0,0.0
2018-10-29 00:00:00+08:00,17.988919686136068,18.186166619119465,17.75222396850586,17.75222396850586,96000,0.0,0.0
2018-10-30 00:00:00+08:00,18.028370598499475,18.028370598499475,17.831123658701614,17.910022735595703,37000,0.0,0.0
2018-10-31 00:00:00+08:00,18.146717318903963,18.620110245589427,18.146717318903963,18.50176239013672,94000,0.0,0.0
2018-11-01 00:00:00+08:00,18.856804890915956,18.93570395838413,18.777905823447778,18.81735610961914,45000,0.0,0.0
2018-11-02 00:00:00+08:00,18.935707693314114,19.132954648452802,18.935707693314114,19.093505859375,53220,0.0,0.0
2018-11-05 00:00:00+08:00,18.77790913435855,19.330201199141076,18.77790913435855,19.290752410888672,71000,0.0,0.0
2018-11-06 00:00:00+08:00,19.172402734837014,19.29075210748244,19.172402734837014,19.21185302734375,52000,0.0,0.0
2018-11-07 00:00:00+08:00,19.17240104916926,19.369647979736328,19.17240104916926,19.369647979736328,46000,0.0,0.0
2018-11-08 00:00:00+08:00,19.448548365683706,19.448548365683706,19.330200500330104,19.409099578857422,68000,0.0,0.0
2018-11-09 00:00:00+08:00,19.566895532243617,20.198086633045648,19.487997961408727,19.527446746826172,162100,0.0,0.0
2018-11-12 00:00:00+08:00,19.56689453125,19.685243891197278,19.487996964451312,19.56689453125,624204,0.0,0.0
2018-11-13 00:00:00+08:00,19.487997961408727,19.527446746826172,19.17240165857036,19.527446746826172,31000,0.0,0.0
2018-11-14 00:00:00+08:00,19.527447444211024,19.60634652273834,19.409099578857422,19.409099578857422,29000,0.0,0.0
2018-11-15 00:00:00+08:00,19.487997341976293,19.487997341976293,19.369647979736328,19.369647979736328,27250,0.0,0.0
2018-11-16 00:00:00+08:00,19.448547671116582,19.64579460795321,19.409098885699134,19.527446746826172,45128,0.0,0.0
2018-11-19 00:00:00+08:00,19.56689617876293,20.553130895532732,19.56689617876293,20.395334243774414,161500,0.0,0.0
2018-11-20 00:00:00+08:00,20.355883417981232,20.355883417981232,19.882491970254694,19.961389541625977,52050,0.0,0.0
2018-11-21 00:00:00+08:00,19.961387777438617,19.961387777438617,19.448546084476675,19.60634422302246,114000,0.0,0.0
2018-11-22 00:00:00+08:00,19.72469267459662,19.92193960134259,19.56689453125,19.56689453125,97602,0.0,0.0
2018-11-23 00:00:00+08:00,19.566896048075755,19.764142990112305,19.566896048075755,19.764142990112305,94000,0.0,0.0
2018-11-26 00:00:00+08:00,19.882490158081055,19.882490158081055,19.645792950916654,19.882490158081055,72178,0.0,0.0
2018-11-27 00:00:00+08:00,19.882491892282033,20.513681490025235,19.882491892282033,20.23753547668457,120900,0.0,0.0
2018-11-28 00:00:00+08:00,20.27698500859047,20.71092765269712,20.27698500859047,20.632028579711914,169022,0.0,0.0
2018-11-29 00:00:00+08:00,20.908174582722808,20.908174582722808,20.632028579711914,20.632028579711914,140348,0.0,0.0
2018-11-30 00:00:00+08:00,20.750376747903648,20.86872611159342,20.671479178610024,20.710927963256836,98100,0.0,0.0
2018-12-03 00:00:00+08:00,20.908176029954,21.14487176041867,20.908176029954,21.105422973632812,202001,0.0,0.0
2018-12-04 00:00:00+08:00,21.184322052079285,21.184322052079285,21.026523895186337,21.105422973632812,84996,0.0,0.0
2018-12-05 00:00:00+08:00,20.67147979151495,21.026523378487234,20.513681638499683,20.86872673034668,128230,0.0,0.0
2018-12-06 00:00:00+08:00,20.908176714287052,21.105423664421835,20.276987075805664,20.276987075805664,174153,0.0,0.0
2018-12-07 00:00:00+08:00,20.19808799477679,20.355884651959734,20.19808799477679,20.276987075805664,44001,0.0,0.0
2018-12-10 00:00:00+08:00,20.51368117699912,20.51368117699912,20.119187308210677,20.15863609313965,31159,0.0,0.0
2018-12-11 00:00:00+08:00,20.000840357066494,20.513682108811842,20.000840357066494,20.395334243774414,62000,0.0,0.0
2018-12-12 00:00:00+08:00,20.395333401187887,21.22376992709966,20.395333401187887,21.06597328186035,98000,0.0,0.0
2018-12-13 00:00:00+08:00,21.223772131795496,23.077893816302456,21.105424259353526,22.565052032470703,642645,0.0,0.0
2018-12-14 00:00:00+08:00,22.880645843567716,23.235690949986783,22.52560073714865,22.60449981689453,553251,0.0,0.0
2018-12-17 00:00:00+08:00,22.328354993469276,22.565052245462237,22.012760162353516,22.012760162353516,196100,0.0,0.0
2018-12-18 00:00:00+08:00,21.736613726836936,21.973310974539913,21.49991798400879,21.49991798400879,163000,0.0,0.0
2018-12-19 00:00:00+08:00,21.539365251253777,21.539365251253777,21.22377044815248,21.302669525146484,143035,0.0,0.0
2018-12-20 00:00:00+08:00,21.38156860214049,21.499916465194136,21.302669525146484,21.302669525146484,69000,0.0,0.0
2018-12-21 00:00:00+08:00,21.933859658000063,21.933859658000063,21.02652401296989,21.539365768432617,59000,0.0,0.0
2018-12-24 00:00:00+08:00,21.421019868523828,22.44670497845976,21.421019868523828,22.17055892944336,154009,0.0,0.0
2018-12-25 00:00:00+08:00,22.012757494056952,22.012757494056952,21.302668833901826,21.421016693115234,118006,0.0,0.0
2018-12-26 00:00:00+08:00,21.42101890144113,21.815512809404595,21.263222241180642,21.49991798400879,54000,0.0,0.0
2018-12-27 00:00:00+08:00,21.657712622576817,21.85495954444045,21.38156663099281,21.578813552856445,90101,0.0,0.0
2018-12-28 00:00:00+08:00,21.578814841982897,21.578814841982897,21.381567908335658,21.421016693115234,33000,0.0,0.0
2019-01-02 00:00:00+08:00,21.4210148348333,21.4210148348333,21.10542006935063,21.144868850708008,78000,0.0,0.0
2019-01-03 00:00:00+08:00,21.06597396549911,21.06597396549911,20.750377655029297,20.750377655029297,75000,0.0,0.0
2019-01-04 00:00:00+08:00,20.71093140973253,20.71093140973253,20.079741721100174,20.198089599609375,102000,0.0,0.0
2019-01-07 00:00:00+08:00,20.434784534390513,20.71093057638394,20.434784534390513,20.59258270263672,69000,0.0,0.0
2019-01-08 00:00:00+08:00,20.632028579711914,20.750376436752397,20.592579795656636,20.632028579711914,43000,0.0,0.0
2019-01-09 00:00:00+08:00,20.671479697336427,20.98707449705441,20.671479697336427,20.94762420654297,77000,0.0,0.0
2019-01-10 00:00:00+08:00,20.98707449705441,21.02652328269114,20.829276344758064,20.94762420654297,51000,0.0,0.0
2019-01-11 00:00:00+08:00,20.908175207378015,20.94762399261187,20.789827346801758,20.789827346801758,67000,0.0,0.0
2019-01-14 00:00:00+08:00,20.789824566917652,20.789824566917652,20.395330747829554,20.47422981262207,84000,0.0,0.0
2019-01-15 00:00:00+08:00,20.513683618513618,20.59258270263672,20.395335744766395,20.59258270263672,37000,0.0,0.0
2019-01-16 00:00:00+08:00,20.90817551616314,20.947624301979598,20.632029500823776,20.86872673034668,108000,0.0,0.0
2019-01-17 00:00:00+08:00,20.868727023892845,20.908175810264204,20.67148008228658,20.750377655029297,78000,0.0,0.0
2019-01-18 00:00:00+08:00,20.75037826226644,20.947625209644922,20.75037826226644,20.90817642211914,56000,0.0,0.0
2019-01-21 00:00:00+08:00,20.908173152814644,21.223767918297312,20.908173152814644,21.144868850708008,112000,0.0,0.0
2019-01-22 00:00:00+08:00,21.223770838865146,21.42101778254396,21.105422973632812,21.105422973632812,54200,0.0,0.0
2019-01-23 00:00:00+08:00,20.908175726572804,21.10542266738953,20.868726940359352,21.02652359008789,50000,0.0,0.0
2019-01-24 00:00:00+08:00,21.0265232044029,21.223770141601562,20.908175343058637,21.223770141601562,83377,0.0,0.0
2019-01-25 00:00:00+08:00,21.223771947459397,21.69716493799052,21.223771947459397,21.49991798400879,177500,0.0,0.0
2019-01-28 00:00:00+08:00,21.381570112594716,21.736613726836936,21.381570112594716,21.49991798400879,81000,0.0,0.0
2019-01-29 00:00:00+08:00,21.499917377603566,21.499917377603566,21.302670429185184,21.342119216918945,24200,0.0,0.0
2019-01-30 00:00:00+08:00,21.30266861775333,21.34211740213264,21.263219833374023,21.263219833374023,72000,0.0,0.0
2019-02-11 00:00:00+08:00,21.618264638192244,21.618264638192244,21.263221043940987,21.381568908691406,86000,0.0,0.0
2019-02-12 00:00:00+08:00,21.460465700713183,21.7366101874226,21.460465700713183,21.578813552856445,259161,0.0,0.0
2019-02-13 00:00:00+08:00,21.65771407656576,22.3283524520257,21.65771407656576,22.052207946777344,226150,0.0,0.0
2019-02-14 00:00:00+08:00,22.446705469094073,23.03844637068838,22.288907293385616,22.407255172729492,400400,0.0,0.0
2019-02-15 00:00:00+08:00,22.525599291510595,22.525599291510595,22.131105422973633,22.131105422973633,166150,0.0,0.0
2019-02-18 00:00:00+08:00,22.170556327197374,22.446702343801427,22.170556327197374,22.288904190063477,213000,0.0,0.0
2019-02-19 00:00:00+08:00,22.40725236014639,22.565050516047847,22.3678035736084,22.3678035736084,129000,0.0,0.0
2019-02-20 00:00:00+08:00,22.367803780860807,22.76229766939495,22.367803780860807,22.52560043334961,169000,0.0,0.0
2019-02-21 00:00:00+08:00,22.683399601986533,22.683399601986533,22.44670386026356,22.48615264892578,125300,0.0,0.0
2019-02-22 00:00:00+08:00,22.48615264892578,22.643950813324313,22.48615264892578,22.48615264892578,112003,0.0,0.0
2019-02-25 00:00:00+08:00,22.4861516464461,22.72284737761668,22.4861516464461,22.52560043334961,156000,0.0,0.0
2019-02-26 00:00:00+08:00,22.60449990964217,22.60449990964217,22.249456306641115,22.328353881835938,130000,0.0,0.0
2019-02-27 00:00:00+08:00,22.249455795060776,22.32835336844151,22.091657638549805,22.091657638549805,230000,0.0,0.0
2019-03-04 00:00:00+08:00,22.170557135604366,22.72284768407596,22.091658055858485,22.60449981689453,220473,0.0,0.0
2019-03-05 00:00:00+08:00,22.60449990964217,22.60449990964217,22.328353881835938,22.328353881835938,105000,0.0,0.0
2019-03-06 00:00:00+08:00,22.328353881835938,22.367804174308134,22.288905094238526,22.328353881835938,81001,0.0,0.0
2019-03-07 00:00:00+08:00,22.328353881835938,22.565051122044757,22.288905094238526,22.328353881835938,92000,0.0,0.0
2019-03-08 00:00:00+08:00,22.17055619599723,22.17055619599723,21.697163242459535,21.854961395263672,198000,0.0,0.0
2019-03-11 00:00:00+08:00,21.499917079422975,21.657715237919106,21.342118920926843,21.460468292236328,126000,0.0,0.0
2019-03-12 00:00:00+08:00,21.499917377603566,21.618265245679638,21.302670429185184,21.342119216918945,109030,0.0,0.0
2019-03-13 00:00:00+08:00,21.34211981887347,21.57881706657645,21.223771947459397,21.49991798400879,107000,0.0,0.0
2019-03-14 00:00:00+08:00,21.460467369164785,21.460467369164785,21.223770141601562,21.223770141601562,136000,0.0,0.0
2019-03-15 00:00:00+08:00,21.223770141601562,21.342118002945824,21.223770141601562,21.223770141601562,106000,0.0,0.0
2019-03-18 00:00:00+08:00,21.4604679868166,21.4604679868166,21.381568908691406,21.381568908691406,73000,0.0,0.0
2019-03-19 00:00:00+08:00,21.42101800017491,21.578816158671042,21.38156921298826,21.460468292236328,122000,0.0,0.0
2019-03-20 00:00:00+08:00,21.618265267149106,22.328353981185522,21.618265267149106,22.24945640563965,314100,0.0,0.0
2019-03-21 00:00:00+08:00,22.288905193412585,22.643950302868188,22.091658244798314,22.24945640563965,281150,0.0,0.0
2019-03-22 00:00:00+08:00,22.24945640563965,22.486152142026857,22.24945640563965,22.24945640563965,116000,0.0,0.0
2019-03-25 00:00:00+08:00,22.091657119595162,22.091657119595162,21.7760623188616,21.854961395263672,94200,0.0,0.0
2019-03-26 00:00:00+08:00,21.85496300126732,21.933860578592434,21.776063919067383,21.776063919067383,74280,0.0,0.0
2019-03-27 00:00:00+08:00,21.77606261111414,22.012758338622277,21.73661231994629,21.73661231994629,21000,0.0,0.0
2019-03-28 00:00:00+08:00,21.933860578592434,21.933860578592434,21.73661362553,21.776063919067383,50000,0.0,0.0
2019-03-29 00:00:00+08:00,21.776061012745018,21.973307939482066,21.776061012745018,21.815509796142578,78000,0.0,0.0
2019-04-01 00:00:00+08:00,21.933859482038834,22.091657638549805,21.854961908658098,22.091657638549805,85000,0.0,0.0
2019-04-02 00:00:00+08:00,22.17055580686588,22.17055580686588,21.97330887176009,22.052207946777344,83050,0.0,0.0
2019-04-03 00:00:00+08:00,22.05220935890449,22.367804174308134,22.012759066432295,22.328353881835938,101308,0.0,0.0
2019-04-08 00:00:00+08:00,22.525600929799793,22.880646039255396,22.24945640563965,22.24945640563965,119274,0.0,0.0
2019-04-09 00:00:00+08:00,22.249454787434466,22.249454787434466,22.052207853165985,22.131105422973633,103153,0.0,0.0
2019-04-10 00:00:00+08:00,22.288902662466995,24.34027099609375,22.17055480771201,24.34027099609375,1665314,0.0,0.0
2019-04-11 00:00:00+08:00,24.61642094223188,25.721002100369056,24.458622773998076,24.77421760559082,2808679,0.0,0.0
2019-04-12 00:00:00+08:00,24.892564051287287,24.932014343519977,24.221925636954094,24.300823211669922,504271,0.0,0.0
2019-04-15 00:00:00+08:00,24.458621689865346,25.247609486312616,24.261374740753528,25.089811325073242,446520,0.0,0.0
2019-04-16 00:00:00+08:00,25.247609486312616,25.40540764755199,24.892564375961427,25.089811325073242,257100,0.0,0.0
2019-04-17 00:00:00+08:00,25.089811325073242,25.089811325073242,24.61641985110472,25.089811325073242,279000,0.0,0.0
2019-04-18 00:00:00+08:00,25.08980966485251,25.208159030388128,24.37972099601229,24.458620071411133,319400,0.0,0.0
2019-04-19 00:00:00+08:00,24.69531852147392,25.287059395038387,24.379723689881175,24.77421760559082,304150,0.0,0.0
2019-04-22 00:00:00+08:00,25.16870827492918,25.28705613340207,24.85311348404325,24.9320125579834,241100,0.0,0.0
2019-04-23 00:00:00+08:00,24.932015773824624,24.932015773824624,24.537521858114978,24.77421760559082,114643,0.0,0.0
2019-04-24 00:00:00+08:00,24.853116989135742,25.05036394936698,24.537522153740742,24.853116989135742,176200,0.0,0.0
2019-04-25 00:00:00+08:00,24.57696785615944,24.734766006469727,24.57696785615944,24.734766006469727,51200,0.0,0.0
2019-04-26 00:00:00+08:00,24.695318231141684,24.695318231141684,23.9852294921875,23.9852294921875,183000,0.0,0.0
2019-04-29 00:00:00+08:00,23.985228064346582,23.985228064346582,23.47238631145775,23.5118350982666,219000,0.0,0.0
2019-04-30 00:00:00+08:00,23.5118350982666,23.55128538995021,23.196240289171534,23.5118350982666,165200,0.0,0.0
2019-05-02 00:00:00+08:00,23.51183570430415,23.787981733708268,23.51183570430415,23.669633865356445,77000,0.0,0.0
2019-05-03 00:00:00+08:00,23.669633083656187,24.182474832827122,23.669633083656187,24.06412696838379,201200,0.0,0.0
2019-05-06 00:00:00+08:00,23.827432026408736,23.90632960206009,23.63018507753077,23.669633865356445,179029,0.0,0.0
2019-05-07 00:00:00+08:00,23.709082968986237,25.563206118985764,23.669634180635104,25.36595916748047,558034,0.0,0.0
2019-05-08 00:00:00+08:00,25.089809130029153,25.247607277463164,24.695315266318794,25.208158493041992,377206,0.0,0.0
2019-05-09 00:00:00+08:00,24.103573547620996,24.300820471921906,22.72284507751465,22.72284507751465,1042260,0.0,0.0
2019-05-10 00:00:00+08:00,22.80174579746435,22.80174579746435,21.539365089655398,21.854961395263672,511075,0.0,0.0
2019-05-13 00:00:00+08:00,21.539362683779984,21.776059886547895,21.06597128799325,21.144868850708008,198410,0.0,0.0
2019-05-14 00:00:00+08:00,21.06597379903919,21.539365251253777,20.632029628009523,21.302669525146484,160050,0.0,0.0
2019-05-15 00:00:00+08:00,21.77606340636426,21.77606340636426,21.302670429185184,21.342119216918945,87098,0.0,0.0
2019-05-16 00:00:00+08:00,21.381568995758098,21.381568995758098,21.105422973632812,21.105422973632812,84104,0.0,0.0
2019-05-17 00:00:00+08:00,21.144870470486776,21.263219833374023,20.987073828094882,21.263219833374023,34000,0.0,0.0
2019-05-20 00:00:00+08:00,21.223772673293432,21.223772673293432,20.632031791111228,20.67148208618164,110207,0.0,0.0
2019-05-21 00:00:00+08:00,20.671480687214874,20.90817642211914,20.55313131488796,20.90817642211914,47010,0.0,0.0
2019-05-22 00:00:00+08:00,20.908176724596284,21.144872462924813,20.908176724596284,20.987075805664062,27010,0.0,0.0
2019-05-23 00:00:00+08:00,20.908174582722808,20.908174582722808,20.513680722671435,20.632028579711914,74019,0.0,0.0
2019-05-24 00:00:00+08:00,20.55313042431614,20.90817551616314,20.55313042431614,20.86872673034668,68120,0.0,0.0
2019-05-27 00:00:00+08:00,20.750377133774936,20.86872649966552,20.513681411743164,20.513681411743164,92014,0.0,0.0
2019-05-28 00:00:00+08:00,20.513683915649764,20.710930876377166,20.513683915649764,20.67148208618164,29100,0.0,0.0
2019-05-29 00:00:00+08:00,21.223772365871806,21.223772365871806,20.553132408137735,20.59258270263672,45105,0.0,0.0
2019-05-30 00:00:00+08:00,20.592581607288523,20.90817642211914,20.592581607288523,20.90817642211914,70564,0.0,0.0
2019-05-31 00:00:00+08:00,20.82927734219279,20.90817642211914,20.789828554667007,20.90817642211914,45000,0.0,0.0
2019-06-03 00:00:00+08:00,20.51368192705167,20.82927673264675,20.51368192705167,20.750377655029297,40000,0.0,0.0
2019-06-04 00:00:00+08:00,20.632031791111228,20.67148208618164,20.553132705845293,20.67148208618164,23055,0.0,0.0
2019-06-05 00:00:00+08:00,20.710928868657938,20.78982794627539,20.55313071342303,20.750377655029297,85000,0.0,0.0
2019-06-06 00:00:00+08:00,20.553132408137735,20.59258270263672,20.474234828889497,20.59258270263672,39793,0.0,0.0
2019-06-10 00:00:00+08:00,20.75037612321226,20.75037612321226,20.553129196166992,20.553129196166992,88000,0.0,0.0
2019-06-11 00:00:00+08:00,20.513683618513618,20.750379366008058,20.513683618513618,20.59258270263672,39400,0.0,0.0
2019-06-12 00:00:00+08:00,20.59258270263672,20.71093057638394,20.513683618513618,20.59258270263672,26300,0.0,0.0
2019-06-13 00:00:00+08:00,20.158637901645942,20.51368301735783,20.158637901645942,20.434783935546875,70100,0.0,0.0
2019-06-14 00:00:00+08:00,20.671479563014145,20.671479563014145,20.513681411743164,20.513681411743164,45001,0.0,0.0
2019-06-17 00:00:00+08:00,20.553130197123558,20.592580487378655,20.434782336107673,20.513681411743164,50001,0.0,0.0
2019-06-18 00:00:00+08:00,20.513681411743164,20.671479563014145,20.513681411743164,20.513681411743164,34013,0.0,0.0
2019-06-19 00:00:00+08:00,20.513681030273435,20.710927963256836,20.513681030273435,20.710927963256836,56007,0.0,0.0
2019-06-20 00:00:00+08:00,20.59258010444173,20.710927963256836,20.434781956105144,20.710927963256836,77001,0.0,0.0
2019-06-21 00:00:00+08:00,20.710927339753056,20.75037612321226,20.51368041270779,20.553129196166992,66020,0.0,0.0
2019-06-24 00:00:00+08:00,20.67147886864184,20.750376436752397,20.632028579711914,20.632028579711914,79076,0.0,0.0
2019-06-25 00:00:00+08:00,20.632028579711914,20.67147886864184,20.355882576701024,20.632028579711914,137128,0.0,0.0
2019-06-26 00:00:00+08:00,20.592580487378655,20.592580487378655,20.513681411743164,20.513681411743164,35020,0.0,0.0
2019-06-27 00:00:00+08:00,20.513683618513618,20.632031492260836,20.434784534390513,20.59258270263672,57000,0.0,0.0
2019-06-28 00:00:00+08:00,20.513683618513618,20.59258270263672,20.513683618513618,20.59258270263672,30076,0.0,0.0
2019-07-01 00:00:00+08:00,20.82927582207194,20.86872611159342,20.63202888908854,20.710927963256836,122300,0.0,0.0
2019-07-02 00:00:00+08:00,20.710929474740656,20.90817642211914,20.55313131488796,20.90817642211914,42954,0.0,0.0
2019-07-03 00:00:00+08:00,20.908177534254264,20.908177534254264,20.59258270263672,20.59258270263672,45000,0.0,0.0
2019-07-04 00:00:00+08:00,20.78982703742513,20.78982703742513,20.59258010444173,20.710927963256836,60000,0.0,0.0
2019-07-05 00:00:00+08:00,20.75037736314787,20.86872673034668,20.75037736314787,20.86872673034668,52000,0.0,0.0
2019-07-08 00:00:00+08:00,20.82927894592285,20.868729241360853,20.750379859921743,20.82927894592285,45000,0.0,0.0
2019-07-09 00:00:00+08:00,20.82927673264675,20.82927673264675,20.710928868657938,20.750377655029297,34000,0.0,0.0
2019-07-10 00:00:00+08:00,20.868724371457265,21.144868850708008,20.868724371457265,21.144868850708008,107000,0.0,0.0
2019-07-11 00:00:00+08:00,21.14487187886517,21.6971639262095,21.14487187886517,21.539365768432617,166100,0.0,0.0
2019-07-12 00:00:00+08:00,21.184323158612983,21.539366772855203,21.184323158612983,21.49991798400879,67116,0.0,0.0
2019-07-15 00:00:00+08:00,21.38156769138661,21.421016475765917,21.263219833374023,21.263219833374023,47121,0.0,0.0
2019-07-16 00:00:00+08:00,21.302670036642056,21.539365768432617,21.302670036642056,21.539365768432617,72000,0.0,0.0
2019-07-17 00:00:00+08:00,21.578814909946697,22.210004497655962,21.539364620168193,22.131105422973633,210350,0.0,0.0
2019-07-18 00:00:00+08:00,22.170558330348825,22.565052245462237,21.93386107835586,22.012760162353516,185004,0.0,0.0
2019-07-19 00:00:00+08:00,22.091655794549368,22.091655794549368,21.815509796142578,21.815509796142578,86101,0.0,0.0
2019-07-22 00:00:00+08:00,21.73661193374944,21.93385887145996,21.73661193374944,21.93385887145996,126000,0.0,0.0
2019-07-23 00:00:00+08:00,21.93385848870515,22.170555712752137,21.93385848870515,22.131105422973633,285000,0.0,0.0
2019-07-24 00:00:00+08:00,22.50201888455351,22.50201888455351,22.21353271259984,22.378381729125977,115016,1.2,0.0
2019-07-25 00:00:00+08:00,22.419595663340317,22.87293243408203,22.37838222918904,22.87293243408203,150150,0.0,0.0
2019-07-26 00:00:00+08:00,22.996567000954688,22.996567000954688,22.502016851788994,22.584442138671875,109000,0.0,0.0
2019-07-29 00:00:00+08:00,22.749294410634956,22.749294410634956,22.50201853152758,22.543231964111328,51700,0.0,0.0
2019-07-30 00:00:00+08:00,22.6668721224338,22.6668721224338,22.21353530883789,22.21353530883789,123099,0.0,0.0
2019-07-31 00:00:00+08:00,22.21353362061523,22.543233239276258,22.21353362061523,22.254745483398438,63004,0.0,0.0
2019-08-01 00:00:00+08:00,22.254743232313515,22.419593811035156,22.21353137369892,22.419593811035156,46000,0.0,0.0
2019-08-02 00:00:00+08:00,22.25474470705429,22.25474470705429,22.0898941174086,22.172319412231445,101100,0.0,0.0
2019-08-05 00:00:00+08:00,22.089893019698206,22.089893019698206,21.760193428922285,21.801406860351562,57465,0.0,0.0
2019-08-06 00:00:00+08:00,21.801408910938804,21.801408910938804,21.306858692192908,21.595346450805664,59004,0.0,0.0
2019-08-07 00:00:00+08:00,21.677770177153473,21.677770177153473,21.389283990672524,21.595346450805664,54009,0.0,0.0
2019-08-08 00:00:00+08:00,21.63655572423871,21.76019287109375,21.59534386599757,21.76019287109375,48000,0.0,0.0
2019-08-12 00:00:00+08:00,21.76019387163003,21.883831024169922,21.76019387163003,21.883831024169922,38000,0.0,0.0
2019-08-13 00:00:00+08:00,21.76019591476703,21.76019591476703,21.677770614624023,21.677770614624023,91000,0.0,0.0
2019-08-14 00:00:00+08:00,21.677768579226207,22.21353219378522,21.554131426686315,21.883831024169922,99100,0.0,0.0
2019-08-15 00:00:00+08:00,21.59534688661285,21.677770614624023,21.51292158646984,21.677770614624023,35000,0.0,0.0
2019-08-16 00:00:00+08:00,21.59534476540866,21.71898191741299,21.59534476540866,21.63655662536621,54010,0.0,0.0
2019-08-19 00:00:00+08:00,21.636558750618438,21.76019591476703,21.636558750618438,21.677770614624023,72071,0.0,0.0
2019-08-20 00:00:00+08:00,21.92504651505305,21.92504651505305,21.636558750618438,21.677770614624023,67000,0.0,0.0
2019-08-21 00:00:00+08:00,21.76019547563309,21.76019547563309,21.554133015499954,21.595346450805664,147000,0.0,0.0
2019-08-22 00:00:00+08:00,21.595345675157787,21.760194694064275,21.512920379638672,21.512920379638672,132000,0.0,0.0
2019-08-23 00:00:00+08:00,21.554132600822044,21.554132600822044,21.34807014465332,21.34807014465332,193001,0.0,0.0
2019-08-26 00:00:00+08:00,21.306856522150724,21.306856522150724,20.606243914627075,20.688669204711914,252066,0.0,0.0
2019-08-27 00:00:00+08:00,20.688668082914763,20.894730510887754,20.64745465404123,20.771093368530273,86083,0.0,0.0
2019-08-28 00:00:00+08:00,20.771095407182084,20.812307267968944,20.482607665278945,20.565032958984375,170865,0.0,0.0
2019-08-29 00:00:00+08:00,20.606246797165067,20.81230926513672,20.565034932423483,20.81230926513672,60497,0.0,0.0
2019-08-30 00:00:00+08:00,20.812305225272247,20.894730510887754,20.64745465404123,20.771093368530273,89000,0.0,0.0
2019-09-02 00:00:00+08:00,20.565031935327763,20.894731521606445,20.565031935327763,20.894731521606445,116024,0.0,0.0
2019-09-03 00:00:00+08:00,20.977158168164813,20.977158168164813,20.729882283361462,20.853519439697266,64009,0.0,0.0
2019-09-04 00:00:00+08:00,20.729880942401287,20.977156811209028,20.729880942401287,20.894731521606445,108055,0.0,0.0
2019-09-05 00:00:00+08:00,20.97715858704497,21.26564476687854,20.93594515268891,21.10079574584961,127200,0.0,0.0
2019-09-06 00:00:00+08:00,21.30685614191473,21.76019287109375,21.18321899505969,21.76019287109375,236200,0.0,0.0
2019-09-10 00:00:00+08:00,22.007469525394622,22.007469525394622,21.842618942260742,21.842618942260742,63100,0.0,0.0
2019-09-11 00:00:00+08:00,21.842621835026865,22.048684305168628,21.842621835026865,21.966259002685547,32001,0.0,0.0
2019-09-12 00:00:00+08:00,21.92504586473741,22.502019804361257,21.92504586473741,22.254745483398438,138005,0.0,0.0
2019-09-16 00:00:00+08:00,22.337169647216797,22.584443955627474,22.337169647216797,22.337169647216797,142000,0.0,0.0
2019-09-17 00:00:00+08:00,22.419596078794847,22.419596078794847,22.21353362061523,22.254745483398438,44000,0.0,0.0
2019-09-18 00:00:00+08:00,22.4195977826782,22.4195977826782,22.131110004875385,22.21353530883789,56108,0.0,0.0
2019-09-19 00:00:00+08:00,22.17231927936951,22.378381729125977,22.048682123941976,22.378381729125977,65292,0.0,0.0
2019-09-20 00:00:00+08:00,22.50201888455351,22.584444178882446,22.378381729125977,22.378381729125977,76007,0.0,0.0
2019-09-23 00:00:00+08:00,22.460807661576705,22.70808197945695,22.419595799307253,22.6668701171875,182210,0.0,0.0
2019-09-24 00:00:00+08:00,22.74929384784357,22.74929384784357,22.502017974853516,22.502017974853516,86181,0.0,0.0
2019-09-25 00:00:00+08:00,22.666869473211378,22.666869473211378,22.378381729125977,22.378381729125977,32088,0.0,0.0
2019-09-26 00:00:00+08:00,22.666868683449923,22.666868683449923,22.25474379829629,22.295955657958984,57096,0.0,0.0
2019-09-27 00:00:00+08:00,22.2135327581041,22.254744619287123,21.925045013427734,21.925045013427734,113001,0.0,0.0
2019-10-01 00:00:00+08:00,21.92504344832155,21.92504344832155,21.63655572423871,21.76019287109375,134000,0.0,0.0
2019-10-02 00:00:00+08:00,21.76019287109375,21.76019287109375,21.677767582479852,21.76019287109375,30001,0.0,0.0
2019-10-03 00:00:00+08:00,21.718984050761446,22.00747181519606,21.636558750618438,21.677770614624023,86000,0.0,0.0
2019-10-04 00:00:00+08:00,21.718984050761446,21.718984050761446,21.59534688661285,21.677770614624023,65000,0.0,0.0
2019-10-07 00:00:00+08:00,21.59534688661285,21.76019591476703,21.59534688661285,21.677770614624023,56000,0.0,0.0
2019-10-08 00:00:00+08:00,21.59534659542422,21.59534659542422,21.389284133911133,21.389284133911133,99050,0.0,0.0
2019-10-09 00:00:00+08:00,22.25474614349325,22.25474614349325,21.471708150332418,21.677770614624023,82400,0.0,0.0
2019-10-14 00:00:00+08:00,22.254743827963775,22.254743827963775,21.801407082543108,21.842618942260742,109200,0.0,0.0
2019-10-15 00:00:00+08:00,21.718984050761446,21.84262121491004,21.677770614624023,21.677770614624023,55001,0.0,0.0
2019-10-16 00:00:00+08:00,21.718984050761446,21.801409350904454,21.677770614624023,21.677770614624023,45452,0.0,0.0
2019-10-17 00:00:00+08:00,21.801408350631586,21.801408350631586,21.471707165186608,21.55413246154785,78016,0.0,0.0
2019-10-18 00:00:00+08:00,21.512920379638672,21.595345675157787,21.47170694581324,21.512920379638672,56006,0.0,0.0
2019-10-21 00:00:00+08:00,21.59534319819555,21.59534319819555,21.430492626065497,21.471704483032227,81646,0.0,0.0
2019-10-22 00:00:00+08:00,21.430494181315105,21.63655662536621,21.430494181315105,21.63655662536621,39700,0.0,0.0
2019-10-23 00:00:00+08:00,21.55413246154785,21.595345895794356,21.471707165186608,21.55413246154785,66043,0.0,0.0
2019-10-24 00:00:00+08:00,21.554131426686315,22.131106901381397,21.554131426686315,21.883831024169922,178000,0.0,0.0
2019-10-25 00:00:00+08:00,21.925046072592323,21.925046072592323,21.595346450805664,21.595346450805664,93041,0.0,0.0
2019-10-28 00:00:00+08:00,21.76019591476703,21.801409350904454,21.636558750618438,21.677770614624023,78300,0.0,0.0
2019-10-29 00:00:00+08:00,21.677769620023835,21.677769620023835,21.55413246154785,21.55413246154785,50048,0.0,0.0
2019-10-30 00:00:00+08:00,21.554129769097255,21.67776691212901,21.30685548303374,21.471704483032227,122254,0.0,0.0
2019-10-31 00:00:00+08:00,21.471704483032227,21.471704483032227,21.430492626065497,21.471704483032227,17028,0.0,0.0
2019-11-01 00:00:00+08:00,21.430495084119553,21.636557536851473,21.430495084119553,21.512920379638672,37233,0.0,0.0
2019-11-04 00:00:00+08:00,21.554130213654446,21.760192647001297,21.554130213654446,21.71898078918457,28000,0.0,0.0
2019-11-05 00:00:00+08:00,21.84261871964918,21.84261871964918,21.677768138195393,21.801406860351562,52000,0.0,0.0
2019-11-06 00:00:00+08:00,21.760192647001297,21.80140607694963,21.636555501419508,21.71898078918457,60000,0.0,0.0
2019-11-07 00:00:00+08:00,21.63655831397957,21.63655831397957,21.471707717020337,21.595346450805664,60000,0.0,0.0
2019-11-08 00:00:00+08:00,21.595345895794356,21.595345895794356,21.512920599433112,21.55413246154785,19302,0.0,0.0
2019-11-11 00:00:00+08:00,21.183222184076392,21.26564591296711,20.97715971758589,21.01837158203125,196000,0.0,0.0
2019-11-12 00:00:00+08:00,21.018369453044375,21.142006605988886,20.894732300099868,20.977157592773438,72000,0.0,0.0
2019-11-13 00:00:00+08:00,21.348070063458895,21.348070063458895,21.01837044926926,21.10079574584961,63000,0.0,0.0
2019-11-14 00:00:00+08:00,21.84262035388461,21.84262035388461,21.224432985378442,21.34807014465332,79000,0.0,0.0
2019-11-15 00:00:00+08:00,21.265645399297828,21.471707860810916,21.224433535847936,21.389284133911133,16000,0.0,0.0
2019-11-18 00:00:00+08:00,21.389280655482917,21.389280655482917,21.1007929418535,21.224430084228516,48000,0.0,0.0
2019-11-19 00:00:00+08:00,21.100796950395566,21.26564598083496,20.853521046538688,21.26564598083496,87000,0.0,0.0
2019-11-20 00:00:00+08:00,21.100796950395566,21.26564598083496,20.853521046538688,21.26564598083496,87000,0.0,0.0
2019-11-21 00:00:00+08:00,21.26564476687854,21.26564476687854,21.01837044926926,21.10079574584961,70000,0.0,0.0
2019-11-22 00:00:00+08:00,21.018369453044375,21.059581313315316,20.935944160370806,20.977157592773438,40100,0.0,0.0
2019-11-25 00:00:00+08:00,20.97715858704497,21.22443290465425,20.93594515268891,21.10079574584961,46000,0.0,0.0
2019-11-26 00:00:00+08:00,21.10079574584961,21.22443290465425,21.05958231149355,21.10079574584961,21000,0.0,0.0
2019-11-27 00:00:00+08:00,21.10079574584961,21.22443290465425,21.10079574584961,21.10079574584961,25000,0.0,0.0
2019-11-28 00:00:00+08:00,21.10079371979619,21.348068013662722,21.10079371979619,21.306856155395508,47000,0.0,0.0
2019-11-29 00:00:00+08:00,21.306855369855715,21.718980225860154,21.0183676562263,21.224430084228516,87254,0.0,0.0
2019-12-02 00:00:00+08:00,21.224431769688476,21.348068921881683,21.142006477515775,21.18321990966797,100000,0.0,0.0
2019-12-03 00:00:00+08:00,21.14200782775879,21.14200782775879,20.977158805016924,21.14200782775879,32000,0.0,0.0
2019-12-04 00:00:00+08:00,21.100796106845248,21.1420079697746,20.89473364793491,20.935945510864258,79000,0.0,0.0
2019-12-05 00:00:00+08:00,20.97715746530206,21.306857061861177,20.97715746530206,21.18321990966797,54000,0.0,0.0
2019-12-06 00:00:00+08:00,21.183222184076392,21.26564591296711,20.97715971758589,21.01837158203125,55050,0.0,0.0
2019-12-09 00:00:00+08:00,20.977155799478478,21.224430084228516,20.977155799478478,21.224430084228516,52000,0.0,0.0
2019-12-10 00:00:00+08:00,21.265641940976337,21.306855369855715,21.183218227480697,21.224430084228516,41000,0.0,0.0
2019-12-11 00:00:00+08:00,21.224431863197914,21.5541314612096,21.224431863197914,21.43049430847168,104000,0.0,0.0
2019-12-12 00:00:00+08:00,21.512920379638672,21.677769398545156,21.47170694581324,21.512920379638672,168000,0.0,0.0
2019-12-13 00:00:00+08:00,21.801408910938804,21.801408910938804,21.389283990672524,21.595346450805664,56535,0.0,0.0
2019-12-16 00:00:00+08:00,21.512918590994822,21.512918590994822,21.26564272499667,21.306856155395508,74000,0.0,0.0
2019-12-17 00:00:00+08:00,21.389281444061556,21.471705160595988,21.26564272499667,21.306856155395508,70000,0.0,0.0
2019-12-18 00:00:00+08:00,21.306858834879534,21.389284133911133,21.142008236816338,21.389284133911133,67000,0.0,0.0
2019-12-19 00:00:00+08:00,21.224432985378442,21.512920738441007,21.18322112299741,21.34807014465332,99000,0.0,0.0
2019-12-20 00:00:00+08:00,21.389282354033877,21.389282354033877,21.142006477515775,21.18321990966797,158500,0.0,0.0
2019-12-23 00:00:00+08:00,21.142006477515775,21.348068921881683,21.142006477515775,21.18321990966797,88000,0.0,0.0
2019-12-24 00:00:00+08:00,21.389282354033877,21.389282354033877,21.18321990966797,21.18321990966797,91000,0.0,0.0
2019-12-25 00:00:00+08:00,21.224430084228516,21.389280655482917,21.142004798601317,21.224430084228516,82000,0.0,0.0
2019-12-26 00:00:00+08:00,21.389281444061556,21.389281444061556,21.26564272499667,21.306856155395508,21000,0.0,0.0
2019-12-27 00:00:00+08:00,21.38928322242587,21.677769398545156,21.348069788600437,21.512920379638672,123000,0.0,0.0
2019-12-30 00:00:00+08:00,21.595345277510905,22.460806934196047,21.554131844444356,22.131107330322266,537000,0.0,0.0
2019-12-31 00:00:00+08:00,22.254743924916507,22.502018228562907,22.089893341064453,22.089893341064453,209229,0.0,0.0
2020-01-02 00:00:00+08:00,22.17231855923612,23.49111850927063,22.089893267584273,23.161418914794922,1072000,0.0,0.0
2020-01-03 00:00:00+08:00,23.20263033792946,23.779605796503223,22.914142608642578,22.914142608642578,750013,0.0,0.0
2020-01-06 00:00:00+08:00,22.91414367825819,23.573544457713073,22.872931817349883,23.449907302856445,406000,0.0,0.0
2020-01-07 00:00:00+08:00,23.449905857467456,23.449905857467456,22.914142265892224,23.07899284362793,239000,0.0,0.0
2020-01-08 00:00:00+08:00,22.996570018418694,22.996570018418694,22.254745483398438,22.254745483398438,242000,0.0,0.0
2020-01-09 00:00:00+08:00,22.254744224551906,22.666869117599163,22.254744224551906,22.543231964111328,123000,0.0,0.0
2020-01-10 00:00:00+08:00,22.5020181005358,22.543231532330168,22.25474379829629,22.295955657958984,96000,0.0,0.0
2020-01-13 00:00:00+08:00,22.666868106985987,22.666868106985987,22.37838038028893,22.419593811035156,24000,0.0,0.0
2020-01-14 00:00:00+08:00,22.625657388450396,22.625657388450396,22.295956214393875,22.337169647216797,62000,0.0,0.0
2020-01-15 00:00:00+08:00,22.337172478715694,22.4195977826782,22.172321870790682,22.21353530883789,79000,0.0,0.0
2020-01-16 00:00:00+08:00,22.213532493011456,22.337169647216797,22.048681905983198,22.337169647216797,78000,0.0,0.0
2020-01-17 00:00:00+08:00,22.58444408913225,22.58444408913225,21.84261958738331,22.131107330322266,141561,0.0,0.0
2020-01-20 00:00:00+08:00,22.131110004875385,22.50202151450879,22.131110004875385,22.21353530883789,132200,0.0,0.0
2020-01-30 00:00:00+08:00,20.029269681982708,20.935944784142347,20.029269681982708,20.400182723999023,475000,0.0,0.0
2020-01-31 00:00:00+08:00,20.194118605709647,20.523818186886746,20.194118605709647,20.44139289855957,124014,0.0,0.0
2020-02-03 00:00:00+08:00,20.070483467992396,20.441394944389096,19.864421012616976,20.235332489013672,172000,0.0,0.0
2020-02-04 00:00:00+08:00,20.02926802905529,20.44139289855957,20.02926802905529,20.44139289855957,82000,0.0,0.0
2020-02-05 00:00:00+08:00,20.85351856347939,20.85351856347939,20.441393678255437,20.523818969726562,82000,0.0,0.0
2020-02-06 00:00:00+08:00,20.97715715953485,20.97715715953485,20.56503227681025,20.729881286621094,39000,0.0,0.0
2020-02-07 00:00:00+08:00,20.688668763541102,20.688668763541102,20.358969182364003,20.44139289855957,52126,0.0,0.0
2020-02-10 00:00:00+08:00,20.276544132662117,20.317755991244905,20.029268264770508,20.029268264770508,122204,0.0,0.0
2020-02-11 00:00:00+08:00,20.1941200536158,20.565033091616534,20.11169475937878,20.358970642089844,66000,0.0,0.0
2020-02-12 00:00:00+08:00,20.358969182364003,20.44139289855957,20.111693317382468,20.44139289855957,224000,0.0,0.0
2020-02-13 00:00:00+08:00,20.44139458549784,20.647457037255407,20.31775742886965,20.400182723999023,95000,0.0,0.0
2020-02-14 00:00:00+08:00,20.400183496913744,20.523820658226253,20.31775819866147,20.482608795166016,90221,0.0,0.0
2020-02-17 00:00:00+08:00,20.482607797379515,20.523819658432163,20.11169475937878,20.358970642089844,72000,0.0,0.0
2020-02-18 00:00:00+08:00,20.358970862500207,20.4826080191284,20.358970862500207,20.400182723999023,25000,0.0,0.0
2020-02-19 00:00:00+08:00,20.60624481977123,20.729881974263513,20.565032958984375,20.565032958984375,57000,0.0,0.0
2020-02-20 00:00:00+08:00,20.565031280607297,20.565031280607297,20.11169298829167,20.15290641784668,146000,0.0,0.0
2020-02-21 00:00:00+08:00,20.152906747611866,20.523818186886746,20.111693317382468,20.44139289855957,79226,0.0,0.0
2020-02-24 00:00:00+08:00,20.235331488624055,20.523819226313808,20.070482475752545,20.1116943359375,165000,0.0,0.0
2020-02-25 00:00:00+08:00,20.029267923966433,20.19411849975586,19.946844208203327,20.19411849975586,54000,0.0,0.0
2020-02-26 00:00:00+08:00,20.0292690434359,20.152907768254146,20.0292690434359,20.1116943359375,26000,0.0,0.0
2020-02-27 00:00:00+08:00,20.111694241343862,20.111694241343862,19.86441993713379,19.86441993713379,140000,0.0,0.0
2020-03-02 00:00:00+08:00,19.781994773145076,19.781994773145076,19.452295174685663,19.658357620239258,189000,0.0,0.0
2020-03-03 00:00:00+08:00,19.823206856445367,19.823206856445367,19.493507254276317,19.699569702148438,38000,0.0,0.0
2020-03-04 00:00:00+08:00,19.575931549072266,19.658356838442053,19.493506259702478,19.575931549072266,43000,0.0,0.0
2020-03-05 00:00:00+08:00,19.74078313500189,19.946845582874012,19.6583578414267,19.699569702148438,27000,0.0,0.0
2020-03-06 00:00:00+08:00,19.45229665696578,19.534721955894426,19.287446059108483,19.411083221435547,223000,0.0,0.0
2020-03-09 00:00:00+08:00,19.57593389179396,19.57593389179396,18.916534642186257,18.957746505737305,188000,0.0,0.0
2020-03-10 00:00:00+08:00,18.54562087695878,18.54562087695878,18.133495968581915,18.42198371887207,208000,0.0,0.0
2020-03-11 00:00:00+08:00,18.5456204505841,18.5456204505841,18.13349555168223,18.174707412719727,124000,0.0,0.0
2020-03-12 00:00:00+08:00,18.13349412127239,18.13349412127239,16.608631801193617,16.897119522094727,545000,0.0,0.0
2020-03-13 00:00:00+08:00,16.897119522094727,16.897119522094727,16.897119522094727,16.897119522094727,0,0.0,0.0
2020-03-16 00:00:00+08:00,16.072870818495986,16.402570418295202,15.372258186340332,15.372258186340332,117000,0.0,0.0
2020-03-17 00:00:00+08:00,14.300734428737458,15.372258546202023,14.300734428737458,14.630434036254883,289000,0.0,0.0
2020-03-18 00:00:00+08:00,14.630434036254883,14.630434036254883,14.630434036254883,14.630434036254883,0,0.0,0.0
2020-03-19 00:00:00+08:00,13.641332766484647,13.682546197362836,12.98193359375,12.98193359375,681000,0.0,0.0
2020-03-20 00:00:00+08:00,13.023146471404868,13.971034174773509,13.023146471404868,13.764971733093262,148000,0.0,0.0
2020-03-23 00:00:00+08:00,12.899508185672858,13.187995910644531,12.77587103843689,13.187995910644531,120000,0.0,0.0
2020-03-24 00:00:00+08:00,13.270421727011,14.300733948484964,13.270421727011,13.682546615600586,138000,0.0,0.0
2020-03-25 00:00:00+08:00,14.135884323831176,14.341946782114814,13.888610002743528,14.259521484375,146000,0.0,0.0
2020-03-26 00:00:00+08:00,13.847396181115029,14.465583538702873,13.847396181115029,14.300734519958496,63000,0.0,0.0
2020-03-27 00:00:00+08:00,14.548007843485093,14.754070281982422,14.506795984638284,14.754070281982422,119000,0.0,0.0
2020-03-30 00:00:00+08:00,15.207409163785847,15.207409163785847,14.259520653225575,14.795284271240234,48000,0.0,0.0
2020-03-31 00:00:00+08:00,14.548009472426898,14.795285369590179,14.548009472426898,14.58922290802002,62000,0.0,0.0
2020-04-01 00:00:00+08:00,14.42437154218562,14.589222131520435,14.42437154218562,14.506796836853027,40000,0.0,0.0
2020-04-06 00:00:00+08:00,14.506796836853027,14.712859287455679,14.42437154218562,14.506796836853027,34000,0.0,0.0
2020-04-07 00:00:00+08:00,14.671644592342066,15.24862003326416,14.548007447039216,15.24862003326416,102000,0.0,0.0
2020-04-08 00:00:00+08:00,15.248622741699219,15.495897076225374,15.248622741699219,15.45468521118164,79000,0.0,0.0
2020-04-09 00:00:00+08:00,15.619533761104607,15.784382771728001,15.454683178349544,15.660745620727539,81000,0.0,0.0
2020-04-10 00:00:00+08:00,15.619532476606464,16.072869183704487,15.619532476606464,15.825594902038574,37000,0.0,0.0
2020-04-13 00:00:00+08:00,15.784384509729572,16.155297575703468,15.61953548095483,15.743172645568848,77000,0.0,0.0
2020-04-14 00:00:00+08:00,15.701959243702683,16.072872310489803,15.660747379451603,15.866809844970703,90000,0.0,0.0
2020-04-15 00:00:00+08:00,16.031660079956055,16.691059325698838,15.908021345763947,16.031660079956055,100000,0.0,0.0
2020-04-16 00:00:00+08:00,15.908021709221783,15.949235145604712,15.866809844970703,15.866809844970703,39000,0.0,0.0
2020-04-17 00:00:00+08:00,16.278931609136595,16.3201434653704,15.743169617439422,15.825594902038574,153000,0.0,0.0
2020-04-20 00:00:00+08:00,15.82559440231768,15.908018112182619,15.82559440231768,15.908018112182617,19000,0.0,0.0
2020-04-21 00:00:00+08:00,16.031658824805604,16.031658824805604,15.537108643151926,15.578320503234863,56000,0.0,0.0
2020-04-22 00:00:00+08:00,15.248620735971551,15.660745620727539,15.248620735971551,15.660745620727539,15000,0.0,0.0
2020-04-23 00:00:00+08:00,15.990443899105335,16.072869183704487,15.66074433284027,15.825594902038574,2000,0.0,0.0
2020-04-24 00:00:00+08:00,15.743172499310445,15.990446826241232,15.61953533584505,15.949234962463379,27000,0.0,0.0
2020-04-27 00:00:00+08:00,15.94923310544665,16.15529554460712,15.94923310544665,16.0728702545166,64000,0.0,0.0
2020-04-28 00:00:00+08:00,16.114083811823377,16.855909928690384,16.114083811823377,16.732271194458008,153000,0.0,0.0
2020-04-29 00:00:00+08:00,16.97954400553692,17.061969289337547,16.361356735229492,16.361356735229492,132000,0.0,0.0
2020-04-30 00:00:00+08:00,16.567421597824772,16.85590934753418,16.567421597824772,16.85590934753418,102000,0.0,0.0
2020-05-04 00:00:00+08:00,16.691060097845117,16.938334433404883,16.52620949271735,16.814697265625,113000,0.0,0.0
2020-05-05 00:00:00+08:00,17.020757452949912,17.185608035966034,16.89712030175366,16.97954559326172,85000,0.0,0.0
2020-05-06 00:00:00+08:00,16.93833315366506,17.927433565438513,16.93833315366506,17.10318374633789,131000,0.0,0.0
2020-05-07 00:00:00+08:00,17.06197301949586,17.144396749184775,16.979547717675075,17.02075958251953,86000,0.0,0.0
2020-05-08 00:00:00+08:00,17.10318274445797,17.10318274445797,16.938332161441853,16.97954559326172,73000,0.0,0.0
2020-05-11 00:00:00+08:00,18.133496048840925,18.66925811767578,17.968645455907847,18.66925811767578,259000,0.0,0.0
2020-05-12 00:00:00+08:00,19.53472068712977,20.3177570457648,19.53472068712977,19.699569702148438,946000,0.0,0.0
2020-05-13 00:00:00+08:00,20.152908030746133,20.152908030746133,19.369870099979387,19.699569702148438,119000,0.0,0.0
2020-05-14 00:00:00+08:00,18.916532516479492,19.369869253125515,18.29834519989038,18.916532516479492,230000,0.0,0.0
2020-05-15 00:00:00+08:00,19.20501990830777,19.20501990830777,18.669257847233933,19.081382751464844,102000,0.0,0.0
2020-05-18 00:00:00+08:00,19.205019553509445,19.32865828019998,19.04017053814159,19.246232986450195,68000,0.0,0.0
2020-05-19 00:00:00+08:00,19.4110822243355,19.4522956577487,18.957745461712463,19.287445068359375,99000,0.0,0.0
2020-05-20 00:00:00+08:00,19.04017088989445,19.36987049885283,19.04017088989445,19.081382751464844,46000,0.0,0.0
2020-05-21 00:00:00+08:00,19.36986911171361,19.617143407691344,19.205018532974034,19.575931549072266,85000,0.0,0.0
2020-05-22 00:00:00+08:00,19.575931549072266,19.575931549072266,19.246231963724743,19.575931549072266,42000,0.0,0.0
2020-05-25 00:00:00+08:00,19.57593232759148,19.781994773145076,19.53472046733344,19.658357620239258,50000,0.0,0.0
2020-05-26 00:00:00+08:00,19.74078313500189,19.823206856445367,19.6583578414267,19.699569702148438,87000,0.0,0.0
2020-05-27 00:00:00+08:00,19.69956892128943,19.781994211597418,19.575931771893277,19.617143630981445,105000,0.0,0.0
2020-05-28 00:00:00+08:00,19.617143630981445,19.781994211597418,19.28744404188115,19.617143630981445,67000,0.0,0.0
2020-05-29 00:00:00+08:00,19.411083221435547,19.617145682691262,19.36987135803713,19.411083221435547,40000,0.0,0.0
2020-06-01 00:00:00+08:00,19.411082723713058,19.78199577331543,19.411082723713058,19.78199577331543,119000,0.0,0.0
2020-06-02 00:00:00+08:00,19.781995992426438,19.905633152952745,19.699570694698302,19.82320785522461,54000,0.0,0.0
2020-06-03 00:00:00+08:00,19.82320727923517,19.98805786990149,19.82320727923517,19.94684600830078,90000,0.0,0.0
2020-06-04 00:00:00+08:00,19.94684813157103,20.194122471760227,19.82320938934452,19.988059997558594,157000,0.0,0.0
2020-06-05 00:00:00+08:00,19.988058577784173,20.523820658226253,19.86442141647166,20.482608795166016,197000,0.0,0.0
2020-06-08 00:00:00+08:00,20.647457037255407,20.77109576601534,20.31775742886965,20.400182723999023,192000,0.0,0.0
2020-06-09 00:00:00+08:00,21.595345277510905,22.41959507326122,21.018369791633,22.131107330322266,2130000,0.0,0.0
2020-06-10 00:00:00+08:00,22.007468819211734,22.95535571148627,21.5953439467331,22.625656127929688,955000,0.0,0.0
2020-06-11 00:00:00+08:00,23.078993467527013,23.078993467527013,21.760193526384853,22.048681259155273,565000,0.0,0.0
2020-06-12 00:00:00+08:00,20.441393909563914,21.92504445643768,20.441393909563914,21.883831024169922,395000,0.0,0.0
2020-06-15 00:00:00+08:00,21.88383158011298,22.996569125503683,21.842619718929956,21.925045013427734,652000,0.0,0.0
2020-06-16 00:00:00+08:00,22.872933351503825,24.109308127260785,22.749296188354492,22.749296188354492,1999000,0.0,0.0
2020-06-17 00:00:00+08:00,22.33716785015482,23.07899228783757,22.33716785015482,22.584442138671875,467000,0.0,0.0
2020-06-18 00:00:00+08:00,22.831720710528845,22.831720710528845,22.33717050263658,22.6668701171875,195000,0.0,0.0
2020-06-19 00:00:00+08:00,23.655969974213164,23.985669580976513,23.24384507272605,23.491119384765625,844000,0.0,0.0
2020-06-22 00:00:00+08:00,23.903243238498504,24.068093820720126,23.6147555056765,23.820817947387695,478000,0.0,0.0
2020-06-23 00:00:00+08:00,23.82081797512937,23.82081797512937,23.28505594048265,23.367481231689453,276000,0.0,0.0
2020-06-24 00:00:00+08:00,23.408692319999403,23.57354289698181,22.83171844482422,22.83171844482422,321000,0.0,0.0
2020-06-29 00:00:00+08:00,22.502018228562907,22.584443520488932,21.842619037418054,22.089893341064453,445000,0.0,0.0
2020-06-30 00:00:00+08:00,22.378380949416044,22.378380949416044,22.089893215382165,22.295955657958984,98000,0.0,0.0
2020-07-01 00:00:00+08:00,22.337168521674336,22.625656248371392,22.337168521674336,22.419593811035156,139000,0.0,0.0
2020-07-02 00:00:00+08:00,22.666869628118206,23.037782669067383,22.254744725788786,23.037782669067383,194000,0.0,0.0
2020-07-03 00:00:00+08:00,23.078993972709874,23.20263112599448,22.831719666140664,22.99656867980957,195000,0.0,0.0
2020-07-06 00:00:00+08:00,23.28505919183682,23.655972267993167,22.99657141839653,23.326271057128906,482000,0.0,0.0
2020-07-07 00:00:00+08:00,23.655969974213164,23.7383936968052,23.078994483278507,23.491119384765625,392000,0.0,0.0
2020-07-08 00:00:00+08:00,23.491120158494,23.697182616024648,23.367482998401968,23.573545455932617,385000,0.0,0.0
2020-07-09 00:00:00+08:00,23.697182820453506,24.851132278153578,23.697182820453506,24.480220794677734,929000,0.0,0.0
2020-07-10 00:00:00+08:00,24.686281951463478,24.686281951463478,23.491119121683056,23.903244018554688,545000,0.0,0.0
2020-07-13 00:00:00+08:00,23.903243928085384,24.068094515062793,23.573544326262272,23.655969619750977,349000,0.0,0.0
2020-07-14 00:00:00+08:00,23.697180381059027,23.697180381059027,22.872930628674364,23.12020492553711,481000,0.0,0.0
2020-07-15 00:00:00+08:00,23.20263112599448,23.326268279279088,22.99656867980957,22.99656867980957,245000,0.0,0.0
2020-07-16 00:00:00+08:00,23.078993717771098,23.408693313598633,23.078993717771098,23.408693313598633,107000,0.0,0.0
2020-07-17 00:00:00+08:00,23.491119163764747,23.6971816125697,23.40869386981642,23.449907302856445,222000,0.0,0.0
2020-07-20 00:00:00+08:00,23.57354450287812,24.19173185047738,23.40869391466563,24.1505184173584,512000,0.0,0.0
2020-07-21 00:00:00+08:00,24.068094695383877,24.521431454770642,23.903244107171382,24.1505184173584,331000,0.0,0.0
2020-07-22 00:00:00+08:00,24.318231964111327,26.12113504846202,24.318231964111327,25.15679168701172,1217000,0.5,0.0
2020-07-23 00:00:00+08:00,25.24064665716322,25.95342270418079,25.156790369380158,25.32450294494629,243000,0.0,0.0
2020-07-24 00:00:00+08:00,25.32450294494629,26.163062623925626,25.19871771355886,25.32450294494629,515000,0.0,0.0
2020-07-27 00:00:00+08:00,25.86956814170279,27.84018383861457,25.86956814170279,26.03727912902832,1304000,0.0,0.0
2020-07-28 00:00:00+08:00,25.869566702363127,26.414630179839765,25.11486330282427,25.49221420288086,474000,0.0,0.0
2020-07-29 00:00:00+08:00,25.072935482894753,26.246918779193276,25.072935482894753,25.911495208740234,435000,0.0,0.0
2020-07-30 00:00:00+08:00,25.995348901459664,27.672468185424805,25.995348901459664,27.672468185424805,994000,0.0,0.0
2020-07-31 00:00:00+08:00,27.588614677122187,28.217534435425723,26.833909687617425,28.00789451599121,1725000,0.0,0.0
2020-08-03 00:00:00+08:00,28.00789619289977,28.930310614098545,27.882110954167437,28.80452537536621,928000,0.0,0.0
2020-08-04 00:00:00+08:00,28.930308881962535,29.223803489630328,27.88210928478998,28.00789451599121,763000,0.0,0.0
2020-08-05 00:00:00+08:00,28.133676950641373,29.349589140518855,28.133676950641373,28.930309295654297,994000,0.0,0.0
2020-08-06 00:00:00+08:00,29.01416530735243,30.104295512761983,28.469103403499158,28.80452537536621,865000,0.0,0.0
2020-08-07 00:00:00+08:00,28.804523324277866,29.517300961587047,28.301388802878318,29.391515731811523,865000,0.0,0.0
2020-08-10 00:00:00+08:00,29.433444583638195,29.81079709344924,28.091750325256093,28.594884872436523,1949000,0.0,0.0
2020-08-11 00:00:00+08:00,28.594883888158574,28.594883888158574,27.253189675959558,27.420902252197266,1068000,0.0,0.0
2020-08-12 00:00:00+08:00,27.253190799591497,28.17560520865247,27.085478216439103,27.92403793334961,484000,0.0,0.0
2020-08-13 00:00:00+08:00,28.301390471473542,28.76259767642356,27.71439802933195,27.798255920410156,525000,0.0,0.0
2020-08-14 00:00:00+08:00,28.133677679069624,28.678742771046743,27.756325169150962,28.55295753479004,578000,0.0,0.0
2020-08-17 00:00:00+08:00,29.349588527102124,31.40406036376953,28.888381347160777,31.40406036376953,3021000,0.0,0.0
2020-08-18 00:00:00+08:00,32.28455083798139,32.745758067325085,30.607431313930412,32.70383071899414,5880000,0.0,0.0
2020-08-19 00:00:00+08:00,32.70383056901395,33.5423903271938,31.320205688476562,31.320205688476562,2516000,0.0,0.0
2020-08-20 00:00:00+08:00,31.026709314461954,31.949123717243218,28.259462907266713,28.594884872436523,2922000,0.0,0.0
2020-08-21 00:00:00+08:00,29.3495876639448,30.439714565978225,29.265732978731148,29.810794830322266,1294000,0.0,0.0
2020-08-24 00:00:00+08:00,29.685014361587797,31.278275856285166,29.056094592900354,31.110563278198242,2075000,0.0,0.0
2020-08-25 00:00:00+08:00,31.73948673042083,33.12311166165073,31.445992083845628,31.613704681396484,4425000,0.0,0.0
2020-08-26 00:00:00+08:00,31.44598940518771,32.57804374423388,31.44598940518771,32.15876388549805,1684000,0.0,0.0
2020-08-27 00:00:00+08:00,32.49418804885116,32.53611539366005,30.817068665684648,31.110563278198242,1612000,0.0,0.0
2020-08-28 00:00:00+08:00,31.19442058756903,31.61370042557708,30.188148336579452,30.85899543762207,655000,0.0,0.0
2020-08-31 00:00:00+08:00,31.19442387579635,31.445991165348815,30.35586411138705,30.64935874938965,648000,0.0,0.0
2020-09-01 00:00:00+08:00,29.517302080151307,29.517302080151307,27.58861540989669,27.630542755126953,3749000,0.0,0.0
2020-09-02 00:00:00+08:00,28.343317615037126,29.014164744611396,28.04982299548946,28.511030197143555,2005000,0.0,0.0
2020-09-03 00:00:00+08:00,28.678742196573662,28.930309465196398,28.259462349251976,28.301389694213867,629000,0.0,0.0
2020-09-04 00:00:00+08:00,27.672469761060633,29.265734451086484,27.672469761060633,28.930309295654297,949000,0.0,0.0
2020-09-07 00:00:00+08:00,29.559229251505418,29.559229251505418,28.133677130102257,28.2175350189209,507000,0.0,0.0
2020-09-08 00:00:00+08:00,28.343317800373036,28.511030383576127,27.75632535858794,27.882110595703125,396000,0.0,0.0
2020-09-09 00:00:00+08:00,27.84018326652353,28.175605234281964,27.337045516608676,27.798255920410156,388000,0.0,0.0
2020-09-10 00:00:00+08:00,27.924036782059066,27.924036782059066,27.337044364652748,27.420902252197266,831000,0.0,0.0
2020-09-11 00:00:00+08:00,27.2951182380699,27.462830821790057,25.953423966011584,26.540414810180664,798000,0.0,0.0
2020-09-14 00:00:00+08:00,26.540414348353302,27.127405182308205,26.540414348353302,27.043550491333008,275000,0.0,0.0
2020-09-15 00:00:00+08:00,27.043550325349095,27.630542755126953,27.043550325349095,27.630542755126953,196000,0.0,0.0
2020-09-16 00:00:00+08:00,27.672469517128164,27.672469517128164,27.253189675959558,27.420902252197266,89000,0.0,0.0
2020-09-17 00:00:00+08:00,27.672470846863984,27.882110777522048,27.253190985547864,27.29511833190918,170000,0.0,0.0
2020-09-18 00:00:00+08:00,27.295118349392556,27.420903587408553,27.21126365661621,27.21126365661621,110000,0.0,0.0
2020-09-21 00:00:00+08:00,27.211263545635557,27.25319089185273,26.24691858838326,26.540414810180664,301000,0.0,0.0
2020-09-22 00:00:00+08:00,26.121136206447673,26.414632442359046,25.534145334050738,25.618000030517578,500000,0.0,0.0
2020-09-23 00:00:00+08:00,25.70185519594406,25.827638834537684,24.737511834158617,25.114864349365234,508000,0.0,0.0
2020-09-24 00:00:00+08:00,24.73751039212553,24.98907765464807,24.360157898916068,24.611726760864258,403000,0.0,0.0
2020-09-25 00:00:00+08:00,24.56979886396331,24.989078718975826,23.731239153938272,24.276304244995117,441000,0.0,0.0
2020-09-28 00:00:00+08:00,24.56979906750451,25.743783950805664,24.48594437534791,25.743783950805664,277000,0.0,0.0
2020-09-29 00:00:00+08:00,25.743783834574185,25.743783834574185,24.989078813166394,25.072935104370117,202000,0.0,0.0
2020-09-30 00:00:00+08:00,25.11486547483948,25.53414535522461,25.11486547483948,25.53414535522461,138000,0.0,0.0
2020-10-05 00:00:00+08:00,25.19871669633943,25.65992546081543,25.11486201136706,25.65992546081543,267000,0.0,0.0
2020-10-06 00:00:00+08:00,25.827636430185763,26.16306156777761,25.617996518903652,25.65992546081543,229000,0.0,0.0
2020-10-07 00:00:00+08:00,25.827639550357535,27.169337063960832,25.827639550357535,26.875839233398438,737000,0.0,0.0
2020-10-08 00:00:00+08:00,27.211262473353916,27.211262473353916,26.666197397454997,26.91776466369629,295000,0.0,0.0
2020-10-12 00:00:00+08:00,26.750053566541347,26.791982510344752,26.079206459943553,26.12113380432129,268000,0.0,0.0
2020-10-13 00:00:00+08:00,26.12113467927611,26.372703552246094,25.95342369672184,26.372703552246094,229000,0.0,0.0
2020-10-14 00:00:00+08:00,26.41462838745117,26.624268295288086,26.1630611378171,26.204988479614258,157000,0.0,0.0
2020-10-15 00:00:00+08:00,26.079205278468894,26.204988905329355,25.659925455983622,25.701852798461914,221000,0.0,0.0
2020-10-16 00:00:00+08:00,26.246917602419717,26.246917602419717,25.49221420288086,25.49221420288086,170000,0.0,0.0
2020-10-19 00:00:00+08:00,25.240646936176464,25.659926780300907,25.240646936176464,25.49221420288086,128000,0.0,0.0
2020-10-20 00:00:00+08:00,25.91149376057643,25.995350048359498,25.114863025201455,25.32450294494629,260000,0.0,0.0
2020-10-21 00:00:00+08:00,25.827638825561735,25.911495117736923,25.114864340636995,25.15679168701172,209000,0.0,0.0
2020-10-22 00:00:00+08:00,25.156791109998686,25.492214671580196,24.94715118408203,24.94715118408203,165000,0.0,0.0
2020-10-23 00:00:00+08:00,25.15679168701172,25.240647979186907,24.779439171936247,25.15679168701172,116000,0.0,0.0
2020-10-26 00:00:00+08:00,25.408359737465172,25.57607232692021,24.695585230845733,24.77943992614746,414000,0.0,0.0
2020-10-27 00:00:00+08:00,24.77943992614746,24.905225167951635,24.653656283769077,24.77943992614746,1791000,0.0,0.0
2020-10-28 00:00:00+08:00,24.77943935549583,25.072935580570256,24.31823214425441,24.569799423217773,2929000,0.0,0.0
2020-10-29 00:00:00+08:00,24.150518129106413,24.276303360568175,23.898950865034212,24.024734497070312,4264000,0.0,0.0
2020-10-30 00:00:00+08:00,24.02473553928108,24.02473553928108,23.647384626803017,23.731239318847656,4826000,0.0,0.0
2020-11-02 00:00:00+08:00,23.647386265543243,23.647386265543243,23.437746322052348,23.56352996826172,1683000,0.0,0.0
2020-11-03 00:00:00+08:00,24.234374130788424,24.234374130788424,23.605454378608314,23.857023239135742,1330000,0.0,0.0
2020-11-04 00:00:00+08:00,23.857025710305667,24.150520345516778,23.563529475668755,24.066665649414062,1024000,0.0,0.0
2020-11-05 00:00:00+08:00,24.150519379760954,25.6599278406371,24.150519379760954,25.15679168701172,2678000,0.0,0.0
2020-11-06 00:00:00+08:00,24.318231768312707,24.402088059812723,23.689311981201172,23.689311981201172,2658000,0.0,0.0
2020-11-09 00:00:00+08:00,23.940879549470978,24.024735841997952,23.521599686261847,23.773168563842773,420000,0.0,0.0
2020-11-10 00:00:00+08:00,24.192447832394198,24.192447832394198,23.56352805303954,23.60545539855957,255000,0.0,0.0
2020-11-11 00:00:00+08:00,23.647385771197275,24.485945527630854,23.647385771197275,24.066665649414062,275000,0.0,0.0
2020-11-12 00:00:00+08:00,24.23437368206934,24.947149707894297,24.23437368206934,24.444013595581055,917000,0.0,0.0
2020-11-13 00:00:00+08:00,24.61172689792872,25.743782784435957,24.569797954324358,25.32450294494629,975000,0.0,0.0
2020-11-16 00:00:00+08:00,25.492213623289445,26.83390941386797,25.240646362304688,25.240646362304688,1389000,0.0,0.0
2020-11-17 00:00:00+08:00,25.324502803912328,25.324502803912328,24.485943129602987,24.611726760864258,600000,0.0,0.0
2020-11-18 00:00:00+08:00,24.695583742512454,25.659927075196197,24.52787116316498,25.57607078552246,702000,0.0,0.0
2020-11-19 00:00:00+08:00,25.827635601961337,26.7081241607666,25.743780919677967,26.7081241607666,1177000,0.0,0.0
2020-11-20 00:00:00+08:00,26.708127108554308,26.708127108554308,26.121134671230852,26.414630889892578,517000,0.0,0.0
2020-11-23 00:00:00+08:00,26.498489896655588,26.498489896655588,25.99535369873047,25.99535369873047,423000,0.0,0.0
2020-11-24 00:00:00+08:00,25.99535122612692,26.37270373853454,25.70185500530163,25.743783950805664,311000,0.0,0.0
2020-11-25 00:00:00+08:00,25.785710366184812,27.630542316706514,25.785710366184812,26.91776466369629,1305000,0.0,0.0
2020-11-26 00:00:00+08:00,27.378975668862736,27.504757705398696,26.708126944690996,26.95969581604004,791000,0.0,0.0
2020-11-27 00:00:00+08:00,27.12740485623818,28.72066955642725,27.043550166270915,28.2175350189209,2460000,0.0,0.0
2020-11-30 00:00:00+08:00,29.0141658782959,29.349591055614983,28.427176616264852,29.0141658782959,2568000,0.0,0.0
2020-12-01 00:00:00+08:00,29.307659042399425,30.523571118044096,29.307659042399425,29.93657875061035,3338000,0.0,0.0
2020-12-02 00:00:00+08:00,29.894654650191832,30.313934501112605,29.391516909776062,29.685014724731445,1813000,0.0,0.0
2020-12-03 00:00:00+08:00,29.85272334678868,31.02670817905002,29.014163666273816,30.188148498535156,2896000,0.0,0.0
2020-12-04 00:00:00+08:00,30.188148505153343,31.865267866550752,30.104293816624004,30.146221160888672,4355000,0.0,0.0
2020-12-07 00:00:00+08:00,30.313936041268672,30.691285367188183,28.972238530843907,29.0141658782959,2387000,0.0,0.0
2020-12-08 00:00:00+08:00,29.09802169668426,30.18814864694247,29.09802169668426,29.643083572387695,1346000,0.0,0.0
2020-12-09 00:00:00+08:00,29.978510683698858,29.978510683698858,29.349590879145733,29.517303466796875,842000,0.0,0.0
2020-12-10 00:00:00+08:00,29.643084180558244,30.188149266295813,29.307662219132467,29.685014724731445,1111000,0.0,0.0
2020-12-11 00:00:00+08:00,29.685014310501465,29.8946542330365,28.259462197492958,28.846454620361328,1343000,0.0,0.0
2020-12-14 00:00:00+08:00,28.846455920844654,29.2657357848171,28.259463471512934,28.80452537536621,524000,0.0,0.0
2020-12-15 00:00:00+08:00,28.972237003567834,29.265734817963136,27.58861541748047,27.58861541748047,741000,0.0,0.0
2020-12-16 00:00:00+08:00,27.71439857843311,28.385245726092844,27.71439857843311,28.091751098632812,526000,0.0,0.0
2020-12-17 00:00:00+08:00,28.301389694213867,28.678742196573662,27.88210984689218,28.301389694213867,438000,0.0,0.0
2020-12-18 00:00:00+08:00,28.385244384137657,28.385244384137657,27.924037191854076,28.301389694213867,517000,0.0,0.0
2020-12-21 00:00:00+08:00,28.13367787961245,28.13367787961245,27.714398020903317,27.84018325805664,483000,0.0,0.0
2020-12-22 00:00:00+08:00,28.091749358296774,28.594883888158574,27.420902252197266,27.420902252197266,748000,0.0,0.0
2020-12-23 00:00:00+08:00,27.337046598409813,28.343318939208984,27.21126455509216,28.343318939208984,469000,0.0,0.0
2020-12-24 00:00:00+08:00,28.3852439886581,28.55295656502038,26.037277516140147,26.12113380432129,3003000,0.0,0.0
2020-12-25 00:00:00+08:00,26.288846969604492,26.624270530417526,26.12113438948513,26.288846969604492,842000,0.0,0.0
2020-12-28 00:00:00+08:00,26.3307750806967,26.41463137319517,25.86956787109375,25.86956787109375,508000,0.0,0.0
2020-12-29 00:00:00+08:00,25.911497399171967,26.372706247030777,25.70185744998866,25.99535369873047,496000,0.0,0.0
2020-12-30 00:00:00+08:00,25.995350471023404,26.246917739037226,25.9114941818769,26.163063049316406,256000,0.0,0.0
2020-12-31 00:00:00+08:00,26.288846096053984,26.288846096053984,25.827637315764054,25.95342254638672,453000,0.0,0.0
2021-01-04 00:00:00+08:00,25.99534989031051,26.163062464856967,25.743782627916474,25.95342254638672,341000,0.0,0.0
2021-01-05 00:00:00+08:00,25.95342388004862,26.163063809291582,25.70185500530163,25.743783950805664,313000,0.0,0.0
2021-01-06 00:00:00+08:00,25.743783239591348,25.78571058451134,24.61172733306913,24.86329460144043,908000,0.0,0.0
2021-01-07 00:00:00+08:00,25.240648747435923,25.28257609508679,24.695585230845733,24.77943992614746,433000,0.0,0.0
2021-01-08 00:00:00+08:00,24.77943878323176,24.77943878323176,23.89895172776847,24.3182315826416,760000,0.0,0.0
2021-01-11 00:00:00+08:00,24.48594326596695,25.408357633303698,24.48594326596695,25.32450294494629,422000,0.0,0.0
2021-01-12 00:00:00+08:00,25.49221554036104,26.079207992702802,25.07293567423857,25.282575607299805,597000,0.0,0.0
2021-01-13 00:00:00+08:00,25.156790369380158,25.617997553048532,25.156790369380158,25.32450294494629,266000,0.0,0.0
2021-01-14 00:00:00+08:00,25.324502931924968,25.492213907979206,25.072934068705123,25.408357620239258,192000,0.0,0.0
2021-01-15 00:00:00+08:00,25.408359451048035,25.408359451048035,24.61172865868114,24.653656005859375,498000,0.0,0.0
2021-01-18 00:00:00+08:00,24.569797667302606,25.492213623289445,24.150517832710918,25.240646362304688,208000,0.0,0.0
2021-01-19 00:00:00+08:00,25.15679139557384,25.240647686777564,24.989078813166394,25.072935104370117,164000,0.0,0.0
2021-01-20 00:00:00+08:00,25.324502191985633,25.324502191985633,24.444013595581055,24.444013595581055,235000,0.0,0.0
2021-01-21 00:00:00+08:00,24.695584387088946,24.86329537138813,24.402088165283203,24.402088165283203,195000,0.0,0.0
2021-01-22 00:00:00+08:00,24.402087579700282,24.611727504612784,24.15051871014986,24.234375,317000,0.0,0.0
2021-01-25 00:00:00+08:00,24.192449272148064,24.318232915619554,23.898953037764045,24.15052032470703,269000,0.0,0.0
2021-01-26 00:00:00+08:00,24.360160263634786,24.52787285454731,24.15052032470703,24.15052032470703,274000,0.0,0.0
2021-01-27 00:00:00+08:00,24.318231398774,25.3664310280315,24.318231398774,24.989078521728516,305000,0.0,0.0
2021-01-28 00:00:00+08:00,24.737511258165377,25.40835838132839,24.48594398683567,24.94715118408203,284000,0.0,0.0
2021-01-29 00:00:00+08:00,24.989077359682366,24.989077359682366,24.485942840576172,24.485942840576172,206000,0.0,0.0
2021-02-01 00:00:00+08:00,24.27630394463792,24.27630394463792,23.89895144002514,24.234375,199000,0.0,0.0
2021-02-02 00:00:00+08:00,24.48594416436114,24.48594416436114,24.234375291781834,24.3182315826416,116000,0.0,0.0
2021-02-03 00:00:00+08:00,24.36015892835863,24.527871510078167,24.234375291781834,24.3182315826416,125000,0.0,0.0
2021-02-04 00:00:00+08:00,24.3182315826416,24.527871510078167,24.3182315826416,24.3182315826416,86000,0.0,0.0
2021-02-05 00:00:00+08:00,24.318232723987812,25.324505062681762,24.234376429192352,24.695585250854492,275000,0.0,0.0
2021-02-17 00:00:00+08:00,25.576068756103513,26.288844762634135,25.3664288482666,26.204988479614258,933000,0.0,0.0
2021-02-18 00:00:00+08:00,26.372703259664178,26.372703259664178,26.037278099425443,26.288846969604492,420000,0.0,0.0
2021-02-19 00:00:00+08:00,26.16306472847125,26.875839233398438,26.121135781494143,26.875839233398438,684000,0.0,0.0
2021-02-22 00:00:00+08:00,26.959695053547392,27.672469503646237,26.959695053547392,27.504756927490234,759000,0.0,0.0
2021-02-23 00:00:00+08:00,27.420902252197266,28.007894669603584,27.169334987266364,27.420902252197266,926000,0.0,0.0
2021-02-24 00:00:00+08:00,27.295117176558733,27.3789750645833,26.83390998840332,26.83390998840332,412000,0.0,0.0
2021-02-25 00:00:00+08:00,27.127404599360943,27.21126248738551,26.66619741120553,26.83390998840332,333000,0.0,0.0
2021-02-26 00:00:00+08:00,26.582343308729328,27.127405198087985,26.414630727829966,26.95969581604004,273000,0.0,0.0
2021-03-02 00:00:00+08:00,27.253189237098994,27.253189237098994,26.624269485473633,26.624269485473633,296000,0.0,0.0
2021-03-03 00:00:00+08:00,26.45655908502619,26.75005531311035,26.079208162711492,26.75005531311035,268000,0.0,0.0
2021-03-04 00:00:00+08:00,26.66619682914507,26.917764090024956,26.54041319870512,26.624269485473633,274000,0.0,0.0
2021-03-05 00:00:00+08:00,25.911496050607024,26.62427216061899,25.911496050607024,26.246919631958008,221000,0.0,0.0
2021-03-08 00:00:00+08:00,26.246918024861802,26.70812682047721,26.163063334227818,26.288846969604492,362000,0.0,0.0
2021-03-09 00:00:00+08:00,26.28884994747228,26.540417246721898,25.70185744998866,25.99535369873047,249000,0.0,0.0
2021-03-10 00:00:00+08:00,26.372704604485715,26.372704604485715,26.037279427142668,26.079208374023438,104000,0.0,0.0
2021-03-11 00:00:00+08:00,26.16306274812469,26.41463001324245,26.079206459943553,26.12113380432129,193000,0.0,0.0
2021-03-12 00:00:00+08:00,26.4146322223464,26.4146322223464,26.16306493618961,26.246919631958008,121000,0.0,0.0
2021-03-15 00:00:00+08:00,26.246918146930604,27.169335742451388,26.246918146930604,26.95969581604004,650000,0.0,0.0
2021-03-16 00:00:00+08:00,27.672471039486627,29.265735803118883,27.672471039486627,28.720670700073242,3693000,0.0,0.0
2021-03-17 00:00:00+08:00,28.511031529150777,28.511031529150777,27.965966411552845,28.343318939208984,1204000,0.0,0.0
2021-03-18 00:00:00+08:00,28.76259628680028,29.139948781292315,28.007894496667525,28.133676528930664,719000,0.0,0.0
2021-03-19 00:00:00+08:00,27.672470077674614,28.133677272532246,27.672470077674614,27.756324768066406,571000,0.0,0.0
2021-03-22 00:00:00+08:00,27.88210984689218,28.930309465196398,27.840182501930286,28.301389694213867,840000,0.0,0.0
2021-03-23 00:00:00+08:00,28.30138926509274,28.63681441740474,27.37897489451173,27.504756927490234,611000,0.0,0.0
2021-03-24 00:00:00+08:00,27.1693368866593,27.67247145169495,27.085478993252323,27.378976821899414,238000,0.0,0.0
2021-03-25 00:00:00+08:00,27.337045678270496,27.756325539586616,27.127405747612436,27.29511833190918,338000,0.0,0.0
2021-03-26 00:00:00+08:00,27.295117755208206,27.50475768143692,26.959695792553113,27.085477828979492,423000,0.0,0.0
2021-03-29 00:00:00+08:00,27.127403138595664,27.840180753591554,27.001621111608983,27.672468185424805,450000,0.0,0.0
2021-03-30 00:00:00+08:00,27.798254735476068,27.840182079802236,27.462829583164066,27.504756927490234,389000,0.0,0.0
2021-03-31 00:00:00+08:00,27.504756940890456,27.672469517128164,27.253189675959558,27.420902252197266,227000,0.0,0.0
2021-04-01 00:00:00+08:00,27.588615571239256,27.588615571239256,27.001623138028574,27.085477828979492,472000,0.0,0.0
2021-04-07 00:00:00+08:00,28.007896210414945,28.80452539337957,27.79825627829762,28.720670700073242,984000,0.0,0.0
2021-04-08 00:00:00+08:00,28.8464559298513,28.93031062313137,28.46910341238798,28.762598037719727,843000,0.0,0.0
2021-04-09 00:00:00+08:00,29.181879032960378,29.89465674887541,28.55295921242739,29.223806381225586,1880000,0.0,0.0
2021-04-12 00:00:00+08:00,29.22380391467073,29.81079633739503,28.67874203552423,28.888381958007812,1130000,0.0,0.0
2021-04-13 00:00:00+08:00,28.846454167232427,29.056094086474374,28.091749178420894,28.17560386657715,638000,0.0,0.0
2021-04-14 00:00:00+08:00,28.385245340637628,28.385245340637628,26.75005484063731,27.253190994262695,926000,0.0,0.0
2021-04-15 00:00:00+08:00,27.253190401867467,27.546685018962396,26.959695784772535,27.127405166625977,325000,0.0,0.0
2021-04-16 00:00:00+08:00,27.169336301513248,27.46283092498779,27.043551063537596,27.253190994262695,257000,0.0,0.0
2021-04-19 00:00:00+08:00,27.33704627577015,27.63054410441724,27.127406340530037,27.378976821899414,413000,0.0,0.0
2021-04-20 00:00:00+08:00,27.5886148149939,27.63054215932007,27.253189662681898,27.504756927490234,274000,0.0,0.0
2021-04-21 00:00:00+08:00,27.253191581214725,27.54668621101026,27.253191581214725,27.378976821899414,238000,0.0,0.0
2021-04-22 00:00:00+08:00,27.58861376710644,27.67246845257376,26.45655632019043,26.45655632019043,721000,0.0,0.0
2021-04-23 00:00:00+08:00,26.079207604088836,27.0435509619154,26.037278658445928,26.540414810180664,252000,0.0,0.0
2021-04-26 00:00:00+08:00,26.540413613157394,27.672469503646237,26.540413613157394,27.504756927490234,540000,0.0,0.0
2021-04-27 00:00:00+08:00,27.672469365355468,28.133676548341132,27.33704421471973,28.00789451599121,657000,0.0,0.0
2021-04-28 00:00:00+08:00,28.1756050329307,28.67874277924998,28.007895649675714,28.511030197143555,761000,0.0,0.0
2021-04-29 00:00:00+08:00,28.76259567991032,28.804523023113365,27.92403602044441,27.96596336364746,436000,0.0,0.0
2021-05-03 00:00:00+08:00,27.924036326086643,27.924036326086643,26.498485849046627,26.666196823120117,523000,0.0,0.0
2021-05-04 00:00:00+08:00,27.211262208658347,27.211262208658347,24.318230677896903,25.408357620239258,793000,0.0,0.0
2021-05-05 00:00:00+08:00,25.32450397798129,25.61799859805574,24.989078813166394,25.072935104370117,426000,0.0,0.0
2021-05-06 00:00:00+08:00,25.15679177536445,25.911495208740234,25.031008136372776,25.911495208740234,328000,0.0,0.0
2021-05-07 00:00:00+08:00,26.079208162711492,27.378976715819714,26.079208162711492,26.75005531311035,761000,0.0,0.0
2021-05-10 00:00:00+08:00,26.83391055727532,27.085477828979492,26.414630704817892,27.085477828979492,184000,0.0,0.0
2021-05-11 00:00:00+08:00,26.917767041184554,26.917767041184554,24.98908023118329,25.53414535522461,448000,0.0,0.0
2021-05-12 00:00:00+08:00,25.57606863975525,25.57606863975525,23.018462415549948,23.47966957092285,1015000,0.0,0.0
2021-05-13 00:00:00+08:00,22.054119801588087,23.731239226786442,21.550985253569156,22.934608459472656,665000,0.0,0.0
2021-05-14 00:00:00+08:00,23.479673021910184,23.68931295960581,22.51532962839546,22.683040618896484,524000,0.0,0.0
2021-05-17 00:00:00+08:00,21.005919100364096,22.221831262018377,20.628568208400303,21.131704330444336,628000,0.0,0.0
2021-05-18 00:00:00+08:00,21.383272566885317,22.68303947529826,21.383272566885317,22.221832275390625,744000,0.0,0.0
2021-05-19 00:00:00+08:00,22.1379765619071,22.515329080344316,21.92833662931437,22.389545440673828,248000,0.0,0.0
2021-05-20 00:00:00+08:00,22.347616494499828,22.683040066763045,22.263760201577586,22.389545440673828,186000,0.0,0.0
2021-05-21 00:00:00+08:00,22.641113841205563,22.976537430078995,22.557257544130746,22.850753784179688,283000,0.0,0.0
2021-05-24 00:00:00+08:00,22.8507502632524,23.060390173924443,22.599183010216187,22.976533889770508,112000,0.0,0.0
2021-05-25 00:00:00+08:00,22.976535348215737,23.47967148565053,22.976535348215737,23.437744140625,162000,0.0,0.0
2021-05-26 00:00:00+08:00,23.22810478533156,23.689311989606708,23.22810478533156,23.647384643554688,137000,0.0,0.0
2021-05-27 00:00:00+08:00,23.521599389884603,23.898951901788394,23.47967204386228,23.731239318847656,161000,0.0,0.0
2021-05-28 00:00:00+08:00,23.689311522521027,24.318231297455213,23.689311522521027,24.192447662353516,184000,0.0,0.0
2021-05-31 00:00:00+08:00,24.19244720636802,24.737510681152344,24.19244720636802,24.737510681152344,179000,0.0,0.0
2021-06-01 00:00:00+08:00,24.7375125784966,25.11486510505754,24.7375125784966,24.77943992614746,113000,0.0,0.0
2021-06-02 00:00:00+08:00,24.737512299641622,25.114864821948835,24.31823243015617,24.653656005859375,202000,0.0,0.0
2021-06-03 00:00:00+08:00,25.072934234909955,25.072934234909955,24.52787076012563,24.737510681152344,65000,0.0,0.0
2021-06-04 00:00:00+08:00,24.905226027353482,25.28257696750984,24.905226027353482,25.031009674072266,171000,0.0,0.0
2021-06-07 00:00:00+08:00,25.49221603219269,25.49221603219269,24.527872641390694,24.77943992614746,81000,0.0,0.0
2021-06-08 00:00:00+08:00,24.989078235626078,24.989078235626078,24.86329460144043,24.86329460144043,25000,0.0,0.0
2021-06-09 00:00:00+08:00,24.863296241019622,24.863296241019622,24.653656303743865,24.695585250854492,96000,0.0,0.0
2021-06-10 00:00:00+08:00,24.989078242948725,25.324503400109666,24.73751097450371,24.821367263793945,110000,0.0,0.0
2021-06-11 00:00:00+08:00,24.821369729732343,25.031009674072266,24.360160892529,25.031009674072266,101000,0.0,0.0
2021-06-15 00:00:00+08:00,24.611727048421447,24.821366969448164,24.611727048421447,24.737510681152344,98000,0.0,0.0
2021-06-16 00:00:00+08:00,24.905222672781754,24.905222672781754,24.360157611373996,24.485942840576172,68000,0.0,0.0
2021-06-17 00:00:00+08:00,24.36015949991674,24.695584671225838,24.36015949991674,24.52787208557129,60000,0.0,0.0
2021-06-18 00:00:00+08:00,24.402085954785356,24.569796923892206,24.318229670519138,24.360157012939453,117000,0.0,0.0
2021-06-21 00:00:00+08:00,24.360158055635303,24.48594328713145,23.982807159423828,23.982807159423828,143000,0.0,0.0
2021-06-22 00:00:00+08:00,24.108591655205036,24.4440152192184,23.857024382051446,24.3182315826416,159000,0.0,0.0
2021-06-23 00:00:00+08:00,24.569798855795195,24.569798855795195,24.234375291781834,24.3182315826416,140000,0.0,0.0
2021-06-24 00:00:00+08:00,24.653656303743865,24.737512598539325,24.402089018783272,24.695585250854492,117000,0.0,0.0
2021-06-25 00:00:00+08:00,24.73751097450371,24.863294608726218,24.444014761700732,24.821367263793945,149000,0.0,0.0
2021-06-28 00:00:00+08:00,24.94715119186167,24.94715119186167,24.73751126587964,24.905223846435547,106000,0.0,0.0
2021-06-29 00:00:00+08:00,24.821366527713,25.492213623289445,24.653653954106073,25.240646362304688,319000,0.0,0.0
2021-06-30 00:00:00+08:00,25.827638452569122,26.62427081759014,25.785711106799898,26.414630889892578,1222000,0.0,0.0
2021-07-01 00:00:00+08:00,26.41463137319517,26.582343958192105,25.743784232058925,25.86956787109375,416000,0.0,0.0
2021-07-02 00:00:00+08:00,25.911494926071647,25.995351217626556,25.61799870534233,25.78571128845215,123000,0.0,0.0
2021-07-05 00:00:00+08:00,26.163062464856967,26.163062464856967,25.576070053370017,25.95342254638672,252000,0.0,0.0
2021-07-06 00:00:00+08:00,25.995352562321603,25.995352562321603,25.618000030517578,25.618000030517578,159000,0.0,0.0
2021-07-07 00:00:00+08:00,25.953425214088185,25.953425214088185,25.576072682284156,25.618000030517578,177000,0.0,0.0
2021-07-08 00:00:00+08:00,25.659928501770413,26.079208374023438,25.61799955488964,26.079208374023438,267000,0.0,0.0
2021-07-09 00:00:00+08:00,25.659926340643246,26.330773439977772,25.659926340643246,25.95342254638672,102000,0.0,0.0
2021-07-12 00:00:00+08:00,26.204990970266106,26.498487189018228,25.827638460523985,26.372703552246094,288000,0.0,0.0
2021-07-13 00:00:00+08:00,26.58234619621409,26.58234619621409,25.99535369873047,25.99535369873047,383000,0.0,0.0
2021-07-14 00:00:00+08:00,26.330774775838368,26.330774775838368,25.827638626098633,25.827638626098633,70000,0.0,0.0
2021-07-15 00:00:00+08:00,26.16306274812469,26.246917436880167,25.869566539203532,26.12113380432129,144000,0.0,0.0
2021-07-16 00:00:00+08:00,26.163066297847468,26.246920997980087,25.827641099613466,25.99535369873047,127000,0.0,0.0
2021-07-19 00:00:00+08:00,25.785711280047707,25.995351209153785,25.785711280047707,25.827638626098633,75000,0.0,0.0
2021-07-20 00:00:00+08:00,25.408357032093928,25.743782175289397,25.19871711730957,25.19871711730957,262000,0.0,0.0
2021-07-21 00:00:00+08:00,25.324503392688726,25.576070661060026,24.77943831217477,24.86329460144043,253000,0.0,0.0
2021-07-22 00:00:00+08:00,25.492215256286727,25.492215256286727,24.94715175628662,25.15679168701172,96000,0.0,0.0
2021-07-23 00:00:00+08:00,25.450286576908056,25.450286576908056,25.156790369380158,25.32450294494629,124000,0.0,0.0
2021-07-26 00:00:00+08:00,25.534143146948708,25.659926780300907,25.28257428081864,25.49221420288086,195000,0.0,0.0
2021-07-27 00:00:00+08:00,25.492213623289445,25.74378248369984,25.240646362304688,25.240646362304688,309000,0.0,0.0
2021-07-28 00:00:00+08:00,25.284467674213985,25.328287572878693,24.802440430792295,25.065364837646484,257000,1.3,0.0
2021-07-29 00:00:00+08:00,25.328287572878693,25.328287572878693,24.93390347003038,25.065364837646484,103000,0.0,0.0
2021-07-30 00:00:00+08:00,25.065364074491566,25.153005540774576,24.714799880981445,24.714799880981445,157000,0.0,0.0
2021-08-02 00:00:00+08:00,24.36423543045932,25.109185429684512,24.36423543045932,24.758621215820312,238000,0.0,0.0
2021-08-03 00:00:00+08:00,24.89008215453251,25.415929302001775,24.89008215453251,25.240646362304688,93000,0.0,0.0
2021-08-04 00:00:00+08:00,25.19682521662436,26.686725115473525,25.19682521662436,26.511442184448242,349000,0.0,0.0
2021-08-05 00:00:00+08:00,26.55526159238397,28.483367111668763,26.55526159238397,27.913700103759766,1186000,0.0,0.0
2021-08-06 00:00:00+08:00,28.96539347761024,29.885624695605095,28.26426508976863,28.483367919921875,1748000,0.0,0.0
2021-08-09 00:00:00+08:00,29.009215375540148,29.666523911329524,28.308086939346968,29.35978126525879,1074000,0.0,0.0
2021-08-10 00:00:00+08:00,29.184495460118974,29.31595849169021,28.483367092641178,29.272138595581055,773000,0.0,0.0
2021-08-11 00:00:00+08:00,29.62270401092572,30.805861381293056,29.009215375540148,29.35978126525879,2610000,0.0,0.0
2021-08-12 00:00:00+08:00,29.31595948856794,30.54293333756591,28.921573723687064,29.578882217407227,1520000,0.0,0.0
2021-08-13 00:00:00+08:00,29.797985076904297,30.455293571247775,29.315959516367858,29.797985076904297,1077000,0.0,0.0
2021-08-16 00:00:00+08:00,29.797986880753392,30.236192570176236,27.69459990584815,28.264266967773438,930000,0.0,0.0
2021-08-17 00:00:00+08:00,28.176624863187403,29.184495860500004,28.176624863187403,28.74629020690918,337000,0.0,0.0
2021-08-18 00:00:00+08:00,28.308084363244948,30.630575648979566,28.26426446682886,30.586755752563477,1623000,0.0,0.0
2021-08-19 00:00:00+08:00,30.84968082224051,31.63844904749387,29.578883669992045,29.841806411743164,5068000,0.0,0.0
2021-08-20 00:00:00+08:00,30.148551740540142,30.455294375368567,27.869880227371937,28.176626205444336,1937000,0.0,0.0
2021-08-23 00:00:00+08:00,28.220445192386755,29.272139445771106,28.045162259615385,28.483367919921875,733000,0.0,0.0
2021-08-24 00:00:00+08:00,28.877755601614236,28.96539540220117,28.088984023355483,28.264266967773438,434000,0.0,0.0
2021-08-25 00:00:00+08:00,28.395728876452033,31.068782806396484,28.395728876452033,31.068782806396484,4184000,0.0,0.0
2021-08-26 00:00:00+08:00,31.63844847945493,34.13622283935547,31.594628580490497,34.13622283935547,11995000,0.0,0.0
2021-08-27 00:00:00+08:00,33.82947634444451,35.23173649263925,32.69014227251649,33.74183654785156,12804000,0.0,0.0
2021-08-30 00:00:00+08:00,34.0924036490673,37.11602020263672,33.47891502108073,37.11602020263672,11980000,0.0,0.0
2021-08-31 00:00:00+08:00,37.598047227211836,38.82502107781282,35.97668426797083,37.335121154785156,20151000,0.0,0.0
2021-09-01 00:00:00+08:00,36.80927441280123,41.05986785888672,36.54635169278712,41.05986785888672,20018000,0.0,0.0
2021-09-02 00:00:00+08:00,42.8565140446406,45.047542301662226,40.88458861332113,43.29471969604492,43253000,0.0,0.0
2021-09-03 00:00:00+08:00,42.98797658465819,44.52169646627465,42.06774532433712,43.382362365722656,16186000,0.0,0.0
2021-09-06 00:00:00+08:00,43.732923632761874,43.995846344647,39.04412134062861,39.438507080078125,12065000,0.0,0.0
2021-09-07 00:00:00+08:00,39.17558747088574,41.892461280946875,37.15984206246193,41.71717834472656,15216000,0.0,0.0
2021-09-08 00:00:00+08:00,41.71717972578171,42.46213139356884,38.605920042037,41.14751434326172,11994000,0.0,0.0
2021-09-09 00:00:00+08:00,40.22728210124249,45.22282409667969,40.00817926483756,45.22282409667969,22985000,0.0,0.0
2021-09-10 00:00:00+08:00,45.573391934070386,47.589137447120834,43.601466321538496,45.92395782470703,53738000,0.0,0.0
2021-09-13 00:00:00+08:00,45.573389549205835,47.85205768936855,44.87226114786684,45.74867248535156,31432000,0.0,0.0
2021-09-14 00:00:00+08:00,45.74867397452016,47.063291023539456,45.485751233365114,46.44980239868164,15783000,0.0,0.0
2021-09-15 00:00:00+08:00,46.44980117127199,46.97564663968692,42.243027394220675,43.908206939697266,19062000,0.0,0.0
2021-09-16 00:00:00+08:00,44.08349325573805,45.22282742012505,43.25090174756301,44.87226486206055,15018000,0.0,0.0
2021-09-17 00:00:00+08:00,44.5216951245227,46.44980072909623,43.90820652171604,44.43405532836914,14339000,0.0,0.0
2021-09-22 00:00:00+08:00,42.59359060437357,43.3385422636208,41.19133377075195,41.19133377075195,9146000,0.0,0.0
2021-09-23 00:00:00+08:00,42.199206538412994,44.69697747158645,41.89246056942637,43.601463317871094,10007000,0.0,0.0
2021-09-24 00:00:00+08:00,44.08349089982307,47.93970223515798,43.99585110080165,44.69697952270508,29696000,0.0,0.0
2021-09-27 00:00:00+08:00,44.34641251308393,45.31046699403859,42.812692666479826,43.031795501708984,8965000,0.0,0.0
2021-09-28 00:00:00+08:00,42.41830937968927,43.64528322620882,39.43850954354602,40.051998138427734,10120000,0.0,0.0
2021-09-29 00:00:00+08:00,39.00030144585504,40.00817574186561,38.299173099746824,39.438507080078125,7873000,0.0,0.0
2021-09-30 00:00:00+08:00,40.09582033884835,40.79694876902092,38.82502317858576,38.86884307861328,7671000,0.0,0.0
2021-10-01 00:00:00+08:00,38.123894544080116,39.43851159732426,36.06432916462858,36.28343200683594,8576000,0.0,0.0
2021-10-04 00:00:00+08:00,36.94073808124793,37.510403427224944,36.06432677059667,36.10814666748047,6382000,0.0,0.0
2021-10-05 00:00:00+08:00,35.84522824806723,38.08007668999203,35.31937939257395,37.77333068847656,5277000,0.0,0.0
2021-10-06 00:00:00+08:00,37.68568522045212,37.7295051160132,35.100271263423515,35.319374084472656,5600000,0.0,0.0
2021-10-07 00:00:00+08:00,36.10814735882659,38.386815472850934,35.97668432241431,37.8171501159668,5417000,0.0,0.0
2021-10-08 00:00:00+08:00,37.860970866053925,38.69356231450677,36.371070907229466,36.80927658081055,5373000,0.0,0.0
2021-10-12 00:00:00+08:00,36.80927552644211,38.12389250952933,35.976684101838096,36.064327239990234,4702000,0.0,0.0
2021-10-13 00:00:00+08:00,36.809273780632964,38.34299352149267,36.32724824501151,37.15983963012695,10378000,0.0,0.0
2021-10-14 00:00:00+08:00,37.24748611450195,37.46658897399902,34.96881771303015,35.93286895751953,6668000,0.0,0.0
2021-10-15 00:00:00+08:00,36.8092789707043,37.42276762219821,36.54635621813382,36.984561920166016,3230000,0.0,0.0
2021-10-18 00:00:00+08:00,37.028377532958984,37.3351201515558,36.32724915956355,37.028377532958984,2141000,0.0,0.0
2021-10-19 00:00:00+08:00,37.028378124089095,38.56209792804545,37.028378124089095,37.86096954345703,5388000,0.0,0.0
2021-10-20 00:00:00+08:00,38.12389017740885,39.52614686962527,37.24747890896268,39.438507080078125,5323000,0.0,0.0
2021-10-21 00:00:00+08:00,39.39469187456408,40.57784589050306,38.29917765860426,38.47446060180664,11471000,0.0,0.0
2021-10-22 00:00:00+08:00,38.47445803367898,41.45425449624513,38.299175102176534,40.53402328491211,9627000,0.0,0.0
2021-10-25 00:00:00+08:00,40.57784558205408,41.10369440766404,40.05200009968816,40.70930862426758,5995000,0.0,0.0
2021-10-26 00:00:00+08:00,40.402561135482976,41.32279571021736,39.876715672700975,39.96435546875,4452000,0.0,0.0
2021-10-27 00:00:00+08:00,40.052000298981895,43.68910548047271,39.70143441349755,43.33854293823242,11159000,0.0,0.0
2021-10-28 00:00:00+08:00,42.9441556559796,45.047544209080264,42.549769884367734,42.593589782714844,14270000,0.0,0.0
2021-10-29 00:00:00+08:00,42.72505141047261,43.60146272145666,42.54976847962703,42.76887130737305,4761000,0.0,0.0
2021-11-01 00:00:00+08:00,43.11943669629075,43.99584799766559,42.59358790951957,42.81269073486328,4561000,0.0,0.0
2021-11-02 00:00:00+08:00,43.55764399824906,44.08348946171125,39.876715724281944,40.40256118774414,7168000,0.0,0.0
2021-11-03 00:00:00+08:00,41.76099870395173,43.64528094434982,41.235149931583834,41.62953567504883,7247000,0.0,0.0
2021-11-04 00:00:00+08:00,42.41830992764205,44.5216951245227,42.15538385269354,44.43405532836914,10467000,0.0,0.0
2021-11-05 00:00:00+08:00,43.64528691138229,43.99585280755571,40.75312996930617,40.972232818603516,12454000,0.0,0.0
2021-11-08 00:00:00+08:00,40.92841184474288,40.92841184474288,38.73738340919181,39.35087203979492,4925000,0.0,0.0
2021-11-09 00:00:00+08:00,39.08794208902567,40.139636302777284,38.737379579937624,38.912662506103516,3456000,0.0,0.0
2021-11-10 00:00:00+08:00,38.91266529035524,39.701433499673534,37.86097100135354,38.12389373779297,3344000,0.0,0.0
2021-11-11 00:00:00+08:00,37.46658513686236,38.562099322150736,37.24748229980469,37.24748229980469,2412000,0.0,0.0
2021-11-12 00:00:00+08:00,37.8171481662023,38.56209641881372,37.46658231600651,37.554222106933594,2050000,0.0,0.0
2021-11-15 00:00:00+08:00,37.904792828748455,39.1755900199796,37.860972927653066,38.78120422363281,2775000,0.0,0.0
2021-11-16 00:00:00+08:00,39.30704620981243,39.35086945023483,37.77332640585607,37.86096954345703,2044000,0.0,0.0
2021-11-17 00:00:00+08:00,37.90479373816094,38.29917954396984,37.42276812805861,37.77333068847656,1489000,0.0,0.0
2021-11-18 00:00:00+08:00,38.25535341892374,38.25535341892374,37.510401830632,38.08007049560547,1412000,0.0,0.0
2021-11-19 00:00:00+08:00,39.00030608816973,39.48233167454324,38.430637358572994,38.47446060180664,2953000,0.0,0.0
2021-11-22 00:00:00+08:00,38.649739254618574,39.08794493026388,38.16771368005753,38.56209945678711,1148000,0.0,0.0
2021-11-23 00:00:00+08:00,38.56209731243066,38.56209731243066,37.028377532958984,37.028377532958984,1822000,0.0,0.0
2021-11-24 00:00:00+08:00,37.116019260272495,37.46658513686236,36.6339936873944,37.24748229980469,856000,0.0,0.0
2021-11-25 00:00:00+08:00,37.5542222591244,38.47445678380674,36.98455692930228,38.430633544921875,1263000,0.0,0.0
2021-11-26 00:00:00+08:00,38.69356584763995,39.876719937045806,38.56210279626407,38.60592269897461,5612000,0.0,0.0
2021-11-29 00:00:00+08:00,37.33511723817678,38.12388868622365,36.10814351629042,36.89691162109375,2042000,0.0,0.0
2021-11-30 00:00:00+08:00,37.335124980520945,38.12389659213875,37.116022126543136,37.77333068847656,1048000,0.0,0.0
2021-12-01 00:00:00+08:00,37.55422398760463,37.729506921480485,37.116018324536924,37.378944396972656,677000,0.0,0.0
2021-12-02 00:00:00+08:00,37.37894486695678,38.605918733027366,37.29130172729492,37.29130172729492,1893000,0.0,0.0
2021-12-03 00:00:00+08:00,37.948611805059016,39.43851180870329,37.72950896167733,38.86884307861328,3354000,0.0,0.0
2021-12-06 00:00:00+08:00,39.438507703737415,40.88458765683861,39.17558498769458,40.27109909057617,6175000,0.0,0.0
2021-12-07 00:00:00+08:00,40.40256252960196,40.97223125330922,39.350871567748605,39.394691467285156,2905000,0.0,0.0
2021-12-08 00:00:00+08:00,39.87671420329709,40.18345682140955,39.13176593459895,39.70143127441406,2018000,0.0,0.0
2021-12-09 00:00:00+08:00,40.18345929220706,40.97223084905873,39.569974018260204,40.31492233276367,3871000,0.0,0.0
2021-12-10 00:00:00+08:00,40.44638437675141,41.059869635582444,39.96435546875,39.96435546875,4620000,0.0,0.0
2021-12-13 00:00:00+08:00,40.09581681422781,40.13963671040335,38.38681411743164,38.38681411743164,2235000,0.0,0.0
2021-12-14 00:00:00+08:00,38.080076175246504,38.12389607680088,36.94074201861164,36.984561920166016,2023000,0.0,0.0
2021-12-15 00:00:00+08:00,37.15984537193408,38.08007668999203,37.028382322249705,37.77333068847656,894000,0.0,0.0
2021-12-16 00:00:00+08:00,38.21153454846823,39.219408965321605,38.12389474841318,38.86884307861328,1444000,0.0,0.0
2021-12-17 00:00:00+08:00,38.38681349371582,39.131765089570955,37.554222106933594,37.554222106933594,1855000,0.0,0.0
2021-12-20 00:00:00+08:00,37.68568713400974,38.60591836049376,37.33512126523302,38.25535583496094,1022000,0.0,0.0
2021-12-21 00:00:00+08:00,38.299174463108606,39.48232838033102,38.16771143086443,39.26322555541992,1644000,0.0,0.0
2021-12-22 00:00:00+08:00,39.92053942750212,42.90033958646641,39.701436572967815,42.19921112060547,14587000,0.0,0.0
2021-12-23 00:00:00+08:00,44.69697689937666,46.362159729003906,44.69697689937666,46.362159729003906,28670000,0.0,0.0
2021-12-24 00:00:00+08:00,48.55318766148714,48.903750177737166,43.90820506779092,44.1711311340332,26638000,0.0,0.0
2021-12-27 00:00:00+08:00,44.60933968598844,46.09923632755774,43.47000224020857,44.25877380371094,10340000,0.0,0.0
2021-12-28 00:00:00+08:00,43.99585090725222,44.3464134450397,42.505950927734375,42.505950927734375,6233000,0.0,0.0
2021-12-29 00:00:00+08:00,42.59358837652747,43.73292575540181,42.33066565188102,42.76887130737305,4280000,0.0,0.0
2021-12-30 00:00:00+08:00,42.85651390806448,43.645282072132325,42.374485018460824,42.41830825805664,2986000,0.0,0.0
2022-01-03 00:00:00+08:00,42.50594957078841,43.11943817138672,40.97222974091461,43.11943817138672,3675000,0.0,0.0
2022-01-04 00:00:00+08:00,42.944153300484594,43.382358946407905,42.63741068563578,42.900333404541016,1923000,0.0,0.0
2022-01-05 00:00:00+08:00,43.42617812500746,44.95989786040399,41.62953567504883,41.62953567504883,7932000,0.0,0.0
2022-01-06 00:00:00+08:00,41.278975490656826,42.28684993521877,41.147515786960156,41.410438537597656,1842000,0.0,0.0
2022-01-07 00:00:00+08:00,41.45425232885561,41.71717504074073,39.263224157740154,39.438507080078125,3414000,0.0,0.0
2022-01-10 00:00:00+08:00,39.5261526149479,40.13964126068257,39.26322986484565,39.657615661621094,1037000,0.0,0.0
2022-01-11 00:00:00+08:00,39.65761461774562,39.96435726091675,38.167714615391446,38.47446060180664,1554000,0.0,0.0
2022-01-12 00:00:00+08:00,38.649737243483386,39.08794289632671,37.81714917767612,37.904788970947266,1099000,0.0,0.0
2022-01-13 00:00:00+08:00,37.77332786037774,38.64973921067183,37.77332786037774,38.12389373779297,864000,0.0,0.0
2022-01-14 00:00:00+08:00,38.29917855900256,38.47446150632578,37.20366431728764,37.46658706665039,1254000,0.0,0.0
2022-01-17 00:00:00+08:00,37.4227658267756,38.518280029296875,37.24748288572339,38.518280029296875,707000,0.0,0.0
2022-01-18 00:00:00+08:00,38.64974213393146,39.350873941791775,38.64974213393146,39.131771087646484,1068000,0.0,0.0
2022-01-19 00:00:00+08:00,39.350872008648246,39.43851180870329,38.86884307861328,38.86884307861328,1177000,0.0,0.0
2022-01-20 00:00:00+08:00,39.17558522373049,39.35086814989638,38.78119947566816,38.912662506103516,894000,0.0,0.0
2022-01-21 00:00:00+08:00,38.73737838542289,38.91266130618372,37.59804441534297,37.68568420410156,1042000,0.0,0.0
2022-01-24 00:00:00+08:00,37.24747745205759,37.33511723817678,35.932860600808496,36.89691162109375,1004000,0.0,0.0
2022-01-25 00:00:00+08:00,36.984560916713136,37.07220071744408,36.10814953642725,36.1957893371582,722000,0.0,0.0
2022-01-26 00:00:00+08:00,36.15196570076036,37.07219688631278,35.75757995173968,36.63399124145508,768000,0.0,0.0
2022-02-07 00:00:00+08:00,37.159840442219654,39.26322555541992,37.159840442219654,39.26322555541992,1076000,0.0,0.0
2022-02-08 00:00:00+08:00,39.26322614999877,40.31492039414703,38.825020493540656,40.09581756591797,1608000,0.0,0.0
2022-02-09 00:00:00+08:00,41.62953745164416,44.08348846435547,40.928409068475766,44.08348846435547,11169000,0.0,0.0
2022-02-10 00:00:00+08:00,44.17113335796123,44.17113335796123,42.37448741665255,42.54977035522461,6347000,0.0,0.0
2022-02-11 00:00:00+08:00,42.41830786267412,43.5138219774824,41.936278977563475,42.900333404541016,2842000,0.0,0.0
2022-02-14 00:00:00+08:00,42.418306508658496,42.72504911371592,40.79694366455078,40.79694366455078,2655000,0.0,0.0
2022-02-15 00:00:00+08:00,41.49807546068691,42.76887256771114,41.103693033717256,41.32279586791992,3269000,0.0,0.0
2022-02-16 00:00:00+08:00,42.681233065647774,44.521695548343985,42.06774445700105,43.908206939697266,7202000,0.0,0.0
2022-02-17 00:00:00+08:00,43.73292875731824,45.48575149960364,43.64528561425754,43.77674865722656,10566000,0.0,0.0
2022-02-18 00:00:00+08:00,42.5935909836581,45.57339096069336,42.5935909836581,45.57339096069336,6988000,0.0,0.0
2022-02-21 00:00:00+08:00,44.87226165428827,46.44980141091587,44.43405598060039,46.09923553466797,8210000,0.0,0.0
2022-02-22 00:00:00+08:00,44.784619321726495,45.485751086873954,43.60146531871721,44.69697952270508,7931000,0.0,0.0
2022-02-23 00:00:00+08:00,45.57338992522745,47.0632898798933,44.34641270532759,44.78461837768555,14667000,0.0,0.0
2022-02-24 00:00:00+08:00,43.55764526747344,45.22282484578793,42.72505380669419,42.944156646728516,7051000,0.0,0.0
2022-02-25 00:00:00+08:00,44.609338783337535,45.748672862819426,43.68910419679066,44.78461837768555,6957000,0.0,0.0
2022-03-01 00:00:00+08:00,45.9239558004114,46.186878535177385,44.609338783337535,44.78461837768555,5646000,0.0,0.0
2022-03-02 00:00:00+08:00,44.4340557990172,45.310467142811454,43.6452842523048,44.346412658691406,3490000,0.0,0.0
2022-03-03 00:00:00+08:00,44.6969780075107,45.310466609595906,43.995849609375,43.995849609375,2707000,0.0,0.0
2022-03-04 00:00:00+08:00,41.892460809907064,42.50594940815813,41.67335797790625,41.8048210144043,6093000,0.0,0.0
2022-03-07 00:00:00+08:00,41.27897094787376,41.27897094787376,39.17558583100876,39.70143127441406,3092000,0.0,0.0
2022-03-08 00:00:00+08:00,39.43851281266186,40.66549010413123,39.1317701614166,39.657615661621094,2206000,0.0,0.0
2022-03-09 00:00:00+08:00,39.7452549358774,40.139640727413294,38.82502365112305,38.82502365112305,2685000,0.0,0.0
2022-03-10 00:00:00+08:00,39.613794345148214,40.22728296896405,39.52615120274936,39.8328971862793,1713000,0.0,0.0
2022-03-11 00:00:00+08:00,39.56997299096635,39.964355415909445,39.044124185635695,39.52614974975586,1062000,0.0,0.0
2022-03-14 00:00:00+08:00,39.52614922274182,39.87671508828805,39.00030376766634,39.17558670043945,921000,0.0,0.0
2022-03-15 00:00:00+08:00,39.1755889977851,39.307048697641136,37.8609719397604,38.0362548828125,1049000,0.0,0.0
2022-03-16 00:00:00+08:00,38.73738182266163,38.78120172092915,37.72950744628906,37.72950744628906,918000,0.0,0.0
2022-03-17 00:00:00+08:00,39.00030144585504,39.438507080078125,38.3429929945204,39.438507080078125,1100000,0.0,0.0
2022-03-18 00:00:00+08:00,39.08794595404608,39.394691940978404,38.86884311048473,39.30704879760742,553000,0.0,0.0
2022-03-21 00:00:00+08:00,39.43851136682171,39.657614207748495,39.087945484041235,39.394691467285156,580000,0.0,0.0
2022-03-22 00:00:00+08:00,39.35086875989179,39.83289430688728,39.263225623828376,39.70143127441406,731000,0.0,0.0
2022-03-23 00:00:00+08:00,39.78907592811955,40.57784412331284,39.78907592811955,40.40256118774414,1298000,0.0,0.0
2022-03-24 00:00:00+08:00,40.31492233276367,40.53402517152869,39.87671665523363,40.31492233276367,796000,0.0,0.0
2022-03-25 00:00:00+08:00,40.62166444764779,40.62166444764779,39.920536041259766,39.920536041259766,711000,0.0,0.0
2022-03-28 00:00:00+08:00,39.43851042377689,39.65761325946454,38.82502181520268,39.482330322265625,518000,0.0,0.0
2022-03-29 00:00:00+08:00,39.613793408228744,40.31492181461677,39.482330369361755,39.920536041259766,489000,0.0,0.0
2022-03-30 00:00:00+08:00,40.18345794366878,41.41043513687371,40.051998250767895,40.928409576416016,1884000,0.0,0.0
2022-03-31 00:00:00+08:00,41.059870167460105,41.19133320648049,40.27110196306962,40.358741760253906,648000,0.0,0.0
2022-04-01 00:00:00+08:00,39.65761014466645,40.75312423706055,39.5699703545724,40.75312423706055,604000,0.0,0.0
2022-04-06 00:00:00+08:00,40.3149230725641,43.995851500012236,40.13964012968675,43.77674865722656,5454000,0.0,0.0
2022-04-07 00:00:00+08:00,43.207082245516744,44.25877661593027,42.19921112060547,42.19921112060547,4751000,0.0,0.0
2022-04-08 00:00:00+08:00,42.68123192326594,43.250897274927446,41.93628029583246,42.28684616088867,2692000,0.0,0.0
2022-04-11 00:00:00+08:00,42.85651773332142,43.60146606752931,41.936283111572266,41.936283111572266,2438000,0.0,0.0
2022-04-12 00:00:00+08:00,42.81269086927584,43.119436831666356,40.35873988637075,40.577842712402344,2177000,0.0,0.0
2022-04-13 00:00:00+08:00,40.796949890614044,41.71718118946738,40.796949890614044,41.410438537597656,835000,0.0,0.0
2022-04-14 00:00:00+08:00,41.23515267645608,41.54189864990056,40.84076690673828,40.84076690673828,619000,0.0,0.0
2022-04-15 00:00:00+08:00,40.665489101125566,40.665489101125566,39.131769196239816,39.35087203979492,1638000,0.0,0.0
2022-04-18 00:00:00+08:00,39.30704824916578,39.35087149186185,38.342997088244665,38.518280029296875,944000,0.0,0.0
2022-04-19 00:00:00+08:00,38.7373801129308,39.43850848399756,38.43063415210899,39.26322555541992,899000,0.0,0.0
2022-04-20 00:00:00+08:00,39.61379430821194,40.271102830992305,39.044125584504684,39.394691467285156,946000,0.0,0.0
2022-04-21 00:00:00+08:00,39.35086875989179,40.27109995747296,39.17558583100876,39.70143127441406,868000,0.0,0.0
2022-04-22 00:00:00+08:00,39.26322649520408,39.61379236075031,38.69356114274628,39.17558670043945,873000,0.0,0.0
2022-04-25 00:00:00+08:00,38.12389077769083,38.474456627886624,37.335119286372155,37.554222106933594,1492000,0.0,0.0
2022-04-26 00:00:00+08:00,37.68568797392004,37.94861070974045,37.116019260272495,37.24748229980469,616000,0.0,0.0
2022-04-27 00:00:00+08:00,35.23173632472118,36.85309595667073,35.23173632472118,36.41489028930664,1159000,0.0,0.0
2022-04-28 00:00:00+08:00,36.809274569424716,37.02837739424272,36.064326302341016,36.1519660949707,448000,0.0,0.0
2022-04-29 00:00:00+08:00,36.8092760585831,37.07219879035277,36.327250493131395,36.41489028930664,467000,0.0,0.0
2022-05-03 00:00:00+08:00,36.151968070438926,36.85309647951986,36.151968070438926,36.80927658081055,284000,0.0,0.0
2022-05-04 00:00:00+08:00,37.11601639150742,37.2474794208786,36.809273780632964,37.15983963012695,349000,0.0,0.0
2022-05-05 00:00:00+08:00,37.729508390035804,38.03625437206908,37.24748281054811,37.641868591308594,402000,0.0,0.0
2022-05-06 00:00:00+08:00,37.20366436057824,38.34299850463867,36.9845615119803,38.34299850463867,531000,0.0,0.0
2022-05-09 00:00:00+08:00,38.21153131096243,38.21153131096243,36.02050306278238,36.1519660949707,912000,0.0,0.0
2022-05-10 00:00:00+08:00,35.3631965206954,36.80927658081055,35.3631965206954,36.80927658081055,500000,0.0,0.0
2022-05-11 00:00:00+08:00,36.19578646124806,36.76545515046891,35.93286373670145,36.10814666748047,437000,0.0,0.0
2022-05-12 00:00:00+08:00,35.58230161695567,36.195790267574395,35.10027601405674,35.669944763183594,624000,0.0,0.0
2022-05-13 00:00:00+08:00,35.75758321326346,36.72163772583008,35.62612351376169,36.72163772583008,367000,0.0,0.0
2022-05-16 00:00:00+08:00,37.33512260927532,37.99243112946146,37.203662911184495,37.641868591308594,978000,0.0,0.0
2022-05-17 00:00:00+08:00,37.86097337453403,38.47446202684304,37.68569042483942,38.29917907714844,761000,0.0,0.0
2022-05-18 00:00:00+08:00,38.737381450705,39.08794397672297,38.518278618227306,38.64973831176758,581000,0.0,0.0
2022-05-19 00:00:00+08:00,37.641867793878326,39.044124603271484,37.4227649584579,39.044124603271484,558000,0.0,0.0
2022-05-20 00:00:00+08:00,39.43851422345189,39.43851422345189,38.60592269897461,38.60592269897461,304000,0.0,0.0
2022-05-23 00:00:00+08:00,38.825021767851055,39.13176774338602,38.29917630013961,39.044124603271484,438000,0.0,0.0
2022-05-24 00:00:00+08:00,39.3946883722406,39.3946883722406,37.9486083984375,37.9486083984375,304000,0.0,0.0
2022-05-25 00:00:00+08:00,38.73738575035049,38.73738575035049,38.03625727724909,38.60592269897461,277000,0.0,0.0
2022-05-26 00:00:00+08:00,39.131768172423605,39.131768172423605,38.1238937811418,38.56209945678711,296000,0.0,0.0
2022-05-27 00:00:00+08:00,39.00030221798773,39.26322493507823,38.38681364928075,38.430633544921875,443000,0.0,0.0
2022-05-30 00:00:00+08:00,38.60591654950227,39.04412219329513,38.56209665377173,38.912662506103516,290000,0.0,0.0
2022-05-31 00:00:00+08:00,38.95648340354205,39.30704592164429,38.51827774848139,39.21940612792969,466000,0.0,0.0
2022-06-01 00:00:00+08:00,39.43850995382271,40.62166391513983,39.39469005585613,39.52614974975586,1501000,0.0,0.0
2022-06-02 00:00:00+08:00,39.52615164116877,39.70143458466666,38.956486253855715,39.30704879760742,499000,0.0,0.0
2022-06-06 00:00:00+08:00,39.35087057880645,39.613793312662175,38.956484806400894,39.044124603271484,219000,0.0,0.0
2022-06-07 00:00:00+08:00,39.04412279853554,39.789074410477475,39.000302902125725,39.70143127441406,349000,0.0,0.0
2022-06-08 00:00:00+08:00,40.31491937824218,40.31491937824218,39.70143080601148,39.7452507019043,483000,0.0,0.0
2022-06-09 00:00:00+08:00,40.27110337910571,40.57784602328055,40.13964033546274,40.1834602355957,1124000,0.0,0.0
2022-06-10 00:00:00+08:00,39.964356957131145,40.75312852392406,39.70143421594818,40.70930862426758,767000,0.0,0.0
2022-06-13 00:00:00+08:00,40.31492375394536,40.40256355524324,39.87671806096769,40.13964080810547,626000,0.0,0.0
2022-06-14 00:00:00+08:00,39.74525031524677,40.27109909057617,39.08794185351781,40.27109909057617,512000,0.0,0.0
2022-06-15 00:00:00+08:00,40.31491834852431,42.81268912629845,39.438507080078125,39.438507080078125,4034000,0.0,0.0
2022-06-16 00:00:00+08:00,39.83289401966654,40.09581673947335,37.9486083984375,37.9486083984375,995000,0.0,0.0
2022-06-17 00:00:00+08:00,37.247483311688846,37.992431640625,36.853097525622154,37.992431640625,907000,0.0,0.0
2022-06-20 00:00:00+08:00,38.0800716220179,38.255354550521055,36.10814619865586,36.1519660949707,972000,0.0,0.0
2022-06-21 00:00:00+08:00,36.50253631657944,37.20366477118211,36.50253631657944,36.984561920166016,444000,0.0,0.0
2022-06-22 00:00:00+08:00,37.203663761784604,37.24748366215008,36.1957893371582,36.1957893371582,521000,0.0,0.0
2022-06-23 00:00:00+08:00,36.10814909929962,36.721637726721625,35.932866156715605,36.67781448364258,356000,0.0,0.0
2022-06-24 00:00:00+08:00,37.29130177712602,37.94861028087058,36.98455914600947,37.72950744628906,528000,0.0,0.0
2022-06-27 00:00:00+08:00,38.38681411743164,38.43063401360718,38.036251604783565,38.38681411743164,419000,0.0,0.0
2022-06-28 00:00:00+08:00,38.38681840570943,38.43063830678019,37.72950985991562,38.34299850463867,354000,0.0,0.0
2022-06-29 00:00:00+08:00,38.08006994000252,38.21152962314041,37.59804441534297,37.68568420410156,356000,0.0,0.0
2022-06-30 00:00:00+08:00,37.46658608812735,37.46658608812735,36.37107187502421,37.11602020263672,521000,0.0,0.0
2022-07-01 00:00:00+08:00,37.11601776578568,37.11601776578568,33.43509292602539,33.43509292602539,2219000,0.0,0.0
2022-07-04 00:00:00+08:00,33.478912353515625,34.13622082900385,32.953063567178766,33.478912353515625,805000,0.0,0.0
2022-07-05 00:00:00+08:00,34.31150540090385,35.23173664200694,33.654196893938206,35.056453704833984,751000,0.0,0.0
2022-07-06 00:00:00+08:00,34.618249342761516,35.05645503064457,33.56655502319336,33.56655502319336,446000,0.0,0.0
2022-07-07 00:00:00+08:00,34.13622231900771,34.13622231900771,32.51485933608666,33.74183654785156,877000,0.0,0.0
2022-07-08 00:00:00+08:00,34.61824980476834,34.61824980476834,32.777787228394764,33.084529876708984,1590000,0.0,0.0
2022-07-11 00:00:00+08:00,33.08452841837358,33.215991457995834,32.42721990675026,32.82160568237305,660000,0.0,0.0
2022-07-12 00:00:00+08:00,32.60250173448897,32.60250173448897,31.550807483071157,31.594627380371094,809000,0.0,0.0
2022-07-13 00:00:00+08:00,32.69014259774994,32.73396249648238,32.03283408703147,32.383399963378906,307000,0.0,0.0
2022-07-14 00:00:00+08:00,32.12047819798784,33.04070947214189,32.07665495468769,32.69014358520508,710000,0.0,0.0
2022-07-15 00:00:00+08:00,32.82160759921497,33.172170153274514,32.60250474921119,33.04071044921875,1218000,0.0,0.0
2022-07-18 00:00:00+08:00,33.68610601982732,34.52592729684197,33.21953943473486,33.63945007324219,687000,2.291651,0.0
2022-07-19 00:00:00+08:00,33.732767832976556,33.91939163208008,33.31285716575205,33.91939163208008,358000,0.0,0.0
2022-07-20 00:00:00+08:00,34.10602044044464,35.5990358140774,34.10602044044464,35.132469177246094,867000,0.0,0.0
2022-07-21 00:00:00+08:00,35.31909155964838,35.9256295869121,35.27243560977136,35.7390022277832,760000,0.0,0.0
2022-07-22 00:00:00+08:00,35.739001201323944,36.20556780593554,35.59903335571289,35.59903335571289,606000,0.0,0.0
2022-07-25 00:00:00+08:00,35.505719936335055,36.438853199101395,35.3190925718576,36.298885345458984,408000,0.0,0.0
2022-07-26 00:00:00+08:00,36.29888576932437,36.29888576932437,35.132469177246094,35.132469177246094,503000,0.0,0.0
2022-07-27 00:00:00+08:00,35.1324667511013,35.832316658018684,34.80586799210076,35.59903335571289,316000,0.0,0.0
2022-07-28 00:00:00+08:00,35.73900306700083,36.298885157534585,35.22578048706055,35.22578048706055,172000,0.0,0.0
2022-07-29 00:00:00+08:00,35.4590628711351,35.69234617949783,35.225779562772374,35.41240692138672,236000,0.0,0.0
2022-08-01 00:00:00+08:00,35.41240600194411,35.878972606555706,35.17912269963831,35.59903335571289,263000,0.0,0.0
2022-08-02 00:00:00+08:00,35.22578099330373,35.27243694494683,34.38595962524414,34.38595962524414,357000,0.0,0.0
2022-08-03 00:00:00+08:00,33.592793799740114,34.52592696084401,33.592793799740114,33.732765197753906,383000,0.0,0.0
2022-08-04 00:00:00+08:00,33.779424278251554,33.87273617917207,32.65966366910106,33.49948501586914,375000,0.0,0.0
2022-08-05 00:00:00+08:00,34.619241557580665,35.69234620052988,33.91939163208008,33.91939163208008,1590000,0.0,0.0
2022-08-08 00:00:00+08:00,33.9193905981538,34.99249520839278,33.68610729676451,34.85252380371094,533000,0.0,0.0
2022-08-09 00:00:00+08:00,34.059362806638696,34.71255677786825,33.91939139865352,34.33930206298828,378000,0.0,0.0
2022-08-10 00:00:00+08:00,34.33930092652142,35.17912222739688,34.24598903069999,34.945838928222656,373000,0.0,0.0
2022-08-11 00:00:00+08:00,35.41240844742069,35.55237630269752,34.75921444393266,35.132469177246094,430000,0.0,0.0
2022-08-12 00:00:00+08:00,35.41240633325413,36.39219550018101,35.319090875686356,35.50571823120117,1043000,0.0,0.0
2022-08-15 00:00:00+08:00,35.55237554820422,36.112257636292526,35.2724362839705,35.972286224365234,843000,0.0,0.0
2022-08-16 00:00:00+08:00,36.20556850744378,36.5788232222134,35.83231735229492,35.83231735229492,650000,0.0,0.0
2022-08-17 00:00:00+08:00,35.59903346175667,36.06560006775809,35.59903346175667,35.925628662109375,451000,0.0,0.0
2022-08-18 00:00:00+08:00,36.15890967901672,36.952071435224376,35.97228233649125,36.718788146972656,732000,0.0,0.0
2022-08-19 00:00:00+08:00,37.18535754937535,37.18535754937535,36.48550763143513,36.57882308959961,377000,0.0,0.0
2022-08-22 00:00:00+08:00,36.765451282739086,36.765451282739086,35.83231803758957,36.06560134887695,193000,0.0,0.0
2022-08-23 00:00:00+08:00,35.925627046431266,36.01893893958676,35.50571640799043,35.878971099853516,250000,0.0,0.0
2022-08-24 00:00:00+08:00,35.97228553678912,36.25222479567207,35.7390022277832,35.7390022277832,242000,0.0,0.0
2022-08-25 00:00:00+08:00,35.83231686957285,36.29888347693906,35.83231686957285,36.25222396850586,191000,0.0,0.0
2022-08-26 00:00:00+08:00,36.298884754364664,36.765451378150225,36.298884754364664,36.39219665527344,440000,0.0,0.0
2022-08-29 00:00:00+08:00,35.50571753453014,35.55237348258821,35.08580688276621,35.27243423461914,363000,0.0,0.0
2022-08-30 00:00:00+08:00,35.45906263752529,35.87897330173593,35.41240668808428,35.83231735229492,175000,0.0,0.0
2022-08-31 00:00:00+08:00,35.73900417256391,36.2522267683804,35.73900417256391,36.11225891113281,176000,0.0,0.0
2022-09-01 00:00:00+08:00,35.739002467830225,36.20556908897584,35.319091796875,35.319091796875,383000,0.0,0.0
2022-09-02 00:00:00+08:00,35.55237441231612,35.73900176904954,34.94583995245848,35.08580780029297,261000,0.0,0.0
2022-09-05 00:00:00+08:00,35.179126118968526,35.179126118968526,33.1262321472168,33.1262321472168,1123000,0.0,0.0
2022-09-06 00:00:00+08:00,33.2195446006966,33.546143396822934,31.259966062423,32.28641128540039,713000,0.0,0.0
2022-09-07 00:00:00+08:00,32.286409540720435,32.286409540720435,31.39993578678883,31.53990364074707,361000,0.0,0.0
2022-09-08 00:00:00+08:00,31.58655814270479,32.19309616088867,31.493246244347613,32.19309616088867,275000,0.0,0.0
2022-09-12 00:00:00+08:00,32.566350169375326,32.566350169375326,31.72652886383725,31.95981216430664,355000,0.0,0.0
2022-09-13 00:00:00+08:00,31.913156106586406,32.93960120127991,31.913156106586406,32.70631790161133,176000,0.0,0.0
2022-09-14 00:00:00+08:00,32.09978713021107,32.61300973626649,31.91315975720335,32.37972640991211,172000,0.0,0.0
2022-09-15 00:00:00+08:00,32.33306884765625,32.79963547714843,32.33306884765625,32.33306884765625,175000,0.0,0.0
2022-09-16 00:00:00+08:00,32.05312475373216,32.473035415580945,32.00646880455357,32.19309616088867,178000,0.0,0.0
2022-09-19 00:00:00+08:00,32.23975324517702,32.23975324517702,31.63321876525879,31.63321876525879,169000,0.0,0.0
2022-09-20 00:00:00+08:00,31.77318539681449,31.866500854492188,31.679873498757534,31.866500854492188,135000,0.0,0.0
2022-09-21 00:00:00+08:00,31.773187256012008,31.819843207770546,31.35327657094329,31.493247985839844,148000,0.0,0.0
2022-09-22 00:00:00+08:00,31.259965598365692,31.633220342791617,31.259965598365692,31.306621551513672,97000,0.0,0.0
2022-09-23 00:00:00+08:00,31.586556270012583,31.913155014140926,30.980021847409443,31.073333740234375,266000,0.0,0.0
2022-09-26 00:00:00+08:00,30.51345848580529,30.93336916709481,28.273937225341797,28.273937225341797,914000,0.0,0.0
2022-09-27 00:00:00+08:00,28.273936687405904,28.740503311157227,27.993997425079282,28.740503311157227,161000,0.0,0.0
2022-09-28 00:00:00+08:00,28.880473858566877,28.880473858566877,27.71405733406596,27.807369232177734,368000,0.0,0.0
2022-09-29 00:00:00+08:00,28.227280124610914,28.553877110113945,27.94734086835711,28.13396644592285,298000,0.0,0.0
2022-09-30 00:00:00+08:00,27.107519757366152,28.55387733910437,27.06086380755315,28.46056365966797,271000,0.0,0.0
2022-10-03 00:00:00+08:00,27.99399726170276,28.787160873413086,27.99399726170276,28.787160873413086,129000,0.0,0.0
2022-10-04 00:00:00+08:00,29.30038473021762,29.673637687455262,29.113759141504044,29.626981735229492,154000,0.0,0.0
2022-10-05 00:00:00+08:00,30.000234607102403,30.140202455077635,29.253726959228516,29.253726959228516,258000,0.0,0.0
2022-10-06 00:00:00+08:00,29.48700996918153,29.48700996918153,28.927129683854528,29.300382614135742,76000,0.0,0.0
2022-10-07 00:00:00+08:00,29.16041212728911,29.347039476827884,29.11375617980957,29.11375617980957,83000,0.0,0.0
2022-10-11 00:00:00+08:00,28.460564200083414,28.460564200083414,27.947341623153623,27.99399757385254,262000,0.0,0.0
2022-10-12 00:00:00+08:00,28.087310721732763,28.833816597603175,27.620744104361158,28.46056365966797,395000,0.0,0.0
2022-10-13 00:00:00+08:00,28.367250939044702,28.740503889595857,26.780925454249676,26.82758140563965,726000,0.0,0.0
2022-10-14 00:00:00+08:00,27.94734093509228,27.94734093509228,27.4341165909876,27.760713577270508,189000,0.0,0.0
2022-10-17 00:00:00+08:00,27.247490330775104,27.527429580688477,26.54764042618133,27.527429580688477,268000,0.0,0.0
2022-10-18 00:00:00+08:00,27.85402823674943,28.08731155233391,27.480775287776346,27.947341918945312,159000,0.0,0.0
2022-10-19 00:00:00+08:00,27.993997870138028,28.180625234529796,27.71405860336083,27.947341918945312,72000,0.0,0.0
2022-10-20 00:00:00+08:00,27.807369362117807,27.807369362117807,26.967549816514857,27.060863494873047,207000,0.0,0.0
2022-10-21 00:00:00+08:00,27.06086472221043,27.200834356190803,26.82758140563965,26.82758140563965,122000,0.0,0.0
2022-10-24 00:00:00+08:00,27.52742917498682,27.99399577117304,27.24748992919922,27.24748992919922,205000,0.0,0.0
2022-10-25 00:00:00+08:00,27.760713412843902,27.760713412843902,26.780924239608854,27.060863494873047,145000,0.0,0.0
2022-10-26 00:00:00+08:00,26.827581109671623,27.294147737665913,26.78092515879637,26.874237060546875,148000,0.0,0.0
2022-10-27 00:00:00+08:00,27.154177046343445,27.807369232177734,27.154177046343445,27.807369232177734,153000,0.0,0.0
2022-10-28 00:00:00+08:00,27.620744185493802,27.7140578652043,27.20083351670176,27.340803146362305,80000,0.0,0.0
2022-10-31 00:00:00+08:00,27.527429122829062,28.04065166573734,27.527429122829062,27.620742797851562,87000,0.0,0.0
2022-11-01 00:00:00+08:00,27.667400505042707,28.41390817288862,27.667400505042707,28.367250442504883,168000,0.0,0.0
2022-11-02 00:00:00+08:00,28.6471914102553,29.020444353294273,28.41390809837964,28.740503311157227,226000,0.0,0.0
2022-11-03 00:00:00+08:00,28.69384765625,28.833817288854984,28.32059470936656,28.69384765625,91000,0.0,0.0
2022-11-04 00:00:00+08:00,29.160412987756583,29.300382614135742,28.927129683854528,29.300382614135742,252000,0.0,0.0
2022-11-07 00:00:00+08:00,29.34703942645325,29.766948292479245,29.253725751844037,29.487009048461914,168000,0.0,0.0
2022-11-08 00:00:00+08:00,29.580322888809288,29.813606186734248,29.253725915752277,29.440351486206055,166000,0.0,0.0
2022-11-09 00:00:00+08:00,29.440351321252155,29.720292345079795,29.440351321252155,29.487009048461914,155000,0.0,0.0
2022-11-10 00:00:00+08:00,29.39369559119573,29.39369559119573,28.92712899451008,29.06709861755371,191000,0.0,0.0
2022-11-11 00:00:00+08:00,29.906917965823588,29.906917965823588,29.067098452519723,29.11375617980957,287000,0.0,0.0
2022-11-14 00:00:00+08:00,29.160412987756583,29.393696291658635,29.067099310233687,29.300382614135742,149000,0.0,0.0
2022-11-15 00:00:00+08:00,29.300381699243488,29.580322723071127,29.160412077234824,29.487009048461914,128000,0.0,0.0
2022-11-16 00:00:00+08:00,29.76694905314801,29.76694905314801,29.160412822404076,29.3470401763916,137000,0.0,0.0
2022-11-17 00:00:00+08:00,29.300382332101915,30.186857810510638,29.300382332101915,30.09354591369629,326000,0.0,0.0
2022-11-18 00:00:00+08:00,30.466800917796725,30.560112815522547,29.720293277317587,30.046890258789062,279000,0.0,0.0
2022-11-21 00:00:00+08:00,30.70008492398404,30.793396823844336,30.233518305440946,30.280174255371094,423000,0.0,0.0
2022-11-22 00:00:00+08:00,30.280173859423005,30.280173859423005,29.90691914562094,30.000234603881836,166000,0.0,0.0
2022-11-23 00:00:00+08:00,30.14020347595215,30.186859426857502,29.9069201618045,30.14020347595215,92000,0.0,0.0
2022-11-24 00:00:00+08:00,30.326830839194447,30.326830839194447,29.9069201618045,30.14020347595215,133000,0.0,0.0
2022-11-25 00:00:00+08:00,30.046890592660784,30.466801256334364,29.953575134277344,29.953575134277344,147000,0.0,0.0
2022-11-28 00:00:00+08:00,29.766951371717298,30.280175745253235,29.487012098741687,29.626981735229492,143000,0.0,0.0
2022-11-29 00:00:00+08:00,29.6269795997814,30.186858105377798,29.440352244709025,30.046890258789062,182000,0.0,0.0
2022-11-30 00:00:00+08:00,30.140200291175468,31.259960792688407,30.140200291175468,31.1199893951416,383000,0.0,0.0
2022-12-01 00:00:00+08:00,31.30661670251076,31.72652733504576,30.980021521439372,31.166648864746094,256000,0.0,0.0
2022-12-02 00:00:00+08:00,31.213304846712973,31.44658813621065,31.1199893951416,31.1199893951416,147000,0.0,0.0
2022-12-05 00:00:00+08:00,31.259965301012553,31.493248624154436,31.259965301012553,31.3532772064209,181000,0.0,0.0
2022-12-06 00:00:00+08:00,31.259962192501284,31.259962192501284,30.513456344604492,30.513456344604492,235000,0.0,0.0
2022-12-07 00:00:00+08:00,30.466802331387566,30.606770184470495,29.766950607299805,29.766950607299805,308000,0.0,0.0
2022-12-08 00:00:00+08:00,30.140203868472906,32.56635250297712,30.140203868472906,32.23975372314453,1032000,0.0,0.0
2022-12-09 00:00:00+08:00,32.37972281707568,33.45282386346248,31.819840760176735,31.95981216430664,1580000,0.0,0.0
2022-12-12 00:00:00+08:00,31.959813682099654,31.959813682099654,31.399935158232378,31.679874420166016,330000,0.0,0.0
2022-12-13 00:00:00+08:00,31.77318755594633,31.959814924363158,31.446592330932617,31.446592330932617,206000,0.0,0.0
2022-12-14 00:00:00+08:00,31.86649807697952,32.006465911865234,31.399931508119618,32.006465911865234,217000,0.0,0.0
2022-12-15 00:00:00+08:00,31.679876766230517,32.426382706543265,31.679876766230517,32.28641128540039,255000,0.0,0.0
2022-12-16 00:00:00+08:00,31.913158071067176,32.05312592371194,31.539903344772707,31.586559295654297,256000,0.0,0.0
2022-12-19 00:00:00+08:00,31.72652733504576,31.72652733504576,30.93336557551782,31.166648864746094,129000,0.0,0.0
2022-12-20 00:00:00+08:00,31.166650525164744,31.21330647357192,29.906918560446904,30.09354591369629,458000,0.0,0.0
2022-12-21 00:00:00+08:00,30.32682991027832,30.793396524282603,30.046890653799906,30.32682991027832,148000,0.0,0.0
2022-12-22 00:00:00+08:00,30.420141181562958,30.513456638210872,30.280173336022138,30.466800689697266,157000,0.0,0.0
2022-12-23 00:00:00+08:00,30.606768059556597,31.166650111880458,30.466800216191114,30.886707305908203,189000,0.0,0.0
2022-12-26 00:00:00+08:00,30.980022430419922,30.980022430419922,30.886706976218353,30.980022430419922,58000,0.0,0.0
2022-12-27 00:00:00+08:00,31.259961969253656,31.259961969253656,30.79339537269763,30.933366775512695,68000,0.0,0.0
2022-12-28 00:00:00+08:00,30.700085223559785,30.700085223559785,30.233518600463867,30.233518600463867,189000,0.0,0.0
2022-12-29 00:00:00+08:00,29.906920071083313,29.953576021847137,29.67363675764332,29.813608169555664,129000,0.0,0.0
2022-12-30 00:00:00+08:00,30.32683074719948,30.32683074719948,29.67363675764332,29.813608169555664,83000,0.0,0.0
2023-01-03 00:00:00+08:00,30.23351884567183,30.23351884567183,29.62698080687949,29.813608169555664,65000,0.0,0.0
2023-01-04 00:00:00+08:00,30.04689123930133,30.466801912011828,29.90691982852422,30.233518600463867,89000,0.0,0.0
2023-01-05 00:00:00+08:00,30.606769763168096,30.606769763168096,30.04689123930133,30.233518600463867,40000,0.0,0.0
2023-01-06 00:00:00+08:00,30.233518600463867,30.42014240200556,30.04689123930133,30.233518600463867,64000,0.0,0.0
2023-01-09 00:00:00+08:00,30.280173960802045,30.56011321728046,30.233518011325774,30.32682991027832,188000,0.0,0.0
2023-01-10 00:00:00+08:00,30.326830839194447,30.326830839194447,30.04689157414144,30.14020347595215,133000,0.0,0.0
2023-01-11 00:00:00+08:00,30.186859130859375,30.280174591375957,30.09354722996364,30.186859130859375,81000,0.0,0.0
2023-01-12 00:00:00+08:00,30.42014151420934,30.42014151420934,30.233517718114168,30.373485565185547,69000,0.0,0.0
2023-01-13 00:00:00+08:00,30.373485460450173,30.373485460450173,30.046890258789062,30.046890258789062,116000,0.0,0.0
2023-01-16 00:00:00+08:00,30.65342575457974,30.65342575457974,30.046891279515773,30.186859130859375,67000,0.0,0.0
2023-01-17 00:00:00+08:00,30.09354591369629,30.280173266945678,30.046889965289115,30.09354591369629,118000,0.0,0.0
2023-01-30 00:00:00+08:00,30.513457367787353,30.793396625183043,30.326830009649964,30.653425216674805,188000,0.0,0.0
2023-01-31 00:00:00+08:00,30.70008232174219,31.1199893951416,30.70008232174219,31.1199893951416,155000,0.0,0.0
2023-02-01 00:00:00+08:00,31.259963166044198,31.86650118863665,31.213307216526495,31.77318572998047,259000,0.0,0.0
2023-02-02 00:00:00+08:00,31.819840760176735,32.09978356843654,31.819840760176735,31.95981216430664,215000,0.0,0.0
2023-02-03 00:00:00+08:00,32.05312528435067,32.05312528435067,31.679874125122296,31.726530075073242,166000,0.0,0.0
2023-02-06 00:00:00+08:00,31.726530075073242,31.773186025024188,31.63321817517135,31.726530075073242,95000,0.0,0.0
2023-02-07 00:00:00+08:00,31.353275981625472,31.77318665880153,31.353275981625472,31.586559295654297,187000,0.0,0.0
2023-02-08 00:00:00+08:00,31.67987353763051,32.00646874085135,31.67987353763051,31.819841384887695,209000,0.0,0.0
2023-02-09 00:00:00+08:00,31.819843207770546,31.819843207770546,31.44659203408131,31.493247985839844,179000,0.0,0.0
2023-02-10 00:00:00+08:00,31.539899991739038,31.539899991739038,31.119989359204038,31.166648864746094,147000,0.0,0.0
2023-02-13 00:00:00+08:00,31.073334032177964,31.119989979028777,30.840050738303322,31.02667808532715,117000,0.0,0.0
2023-02-14 00:00:00+08:00,31.026677467360926,31.353272648432316,31.026677467360926,31.166648864746094,96000,0.0,0.0
2023-02-15 00:00:00+08:00,31.166652137804356,31.63321876525879,31.166652137804356,31.63321876525879,131000,0.0,0.0
2023-02-16 00:00:00+08:00,31.819844290888955,32.5196942699521,31.773188337542294,32.37972640991211,328000,0.0,0.0
2023-02-17 00:00:00+08:00,32.09978586860564,32.47303704033027,32.053126357471754,32.23975372314453,184000,0.0,0.0
2023-02-20 00:00:00+08:00,32.23975372314453,32.33306918579138,32.053126357471754,32.23975372314453,240000,0.0,0.0
2023-02-21 00:00:00+08:00,32.23975130227416,32.84628930526074,32.23975130227416,32.70631790161133,293000,0.0,0.0
2023-02-22 00:00:00+08:00,32.56635318432575,32.846292458881294,32.33306986225929,32.47303771972656,172000,0.0,0.0
2023-02-23 00:00:00+08:00,32.5663513297651,32.986258437875414,32.5663513297651,32.846290588378906,205000,0.0,0.0
2023-02-24 00:00:00+08:00,33.03291982845866,33.03291982845866,32.37972581474838,32.47303771972656,251000,0.0,0.0
2023-03-01 00:00:00+08:00,32.473035517959474,32.519691467285156,32.14644031305895,32.519691467285156,85000,0.0,0.0
2023-03-02 00:00:00+08:00,32.613008796240145,32.93960401987418,32.47303738061358,32.56635284423828,209000,0.0,0.0
2023-03-03 00:00:00+08:00,33.31285696878713,33.77942358302891,32.65966299692449,33.26620101928711,1316000,0.0,0.0
2023-03-06 00:00:00+08:00,33.31285716575205,34.33930229930459,33.31285716575205,33.91939163208008,997000,0.0,0.0
2023-03-07 00:00:00+08:00,34.012708452478385,34.71255840598773,33.91939298957124,34.38595962524414,745000,0.0,0.0
2023-03-08 00:00:00+08:00,34.15267321371951,34.66589931416634,34.15267321371951,34.619239807128906,665000,0.0,0.0
2023-03-09 00:00:00+08:00,34.712554431222586,34.712554431222586,34.05936050415039,34.05936050415039,456000,0.0,0.0
2023-03-10 00:00:00+08:00,34.05936163991342,34.05936163991342,33.03291654858621,33.452823638916016,521000,0.0,0.0
2023-03-13 00:00:00+08:00,33.499487363374996,34.106021881103516,33.12623261429506,34.106021881103516,679000,0.0,0.0
2023-03-14 00:00:00+08:00,33.87273603187318,34.47927406408152,33.77942413135844,34.24599075317383,450000,0.0,0.0
2023-03-15 00:00:00+08:00,34.759210973919416,34.759210973919416,33.919389687614064,33.96604919433594,432000,0.0,0.0
2023-03-16 00:00:00+08:00,33.82608151494065,33.87273746717499,33.03291964809388,33.21954345703125,425000,0.0,0.0
2023-03-17 00:00:00+08:00,33.49948442640501,33.77942368386155,33.40616896750564,33.592796325683594,242000,0.0,0.0
2023-03-20 00:00:00+08:00,33.5927957378523,33.77942309276452,33.54613978902943,33.68610763549805,167000,0.0,0.0
2023-03-21 00:00:00+08:00,33.77942413135844,34.2926467034312,33.77942413135844,34.24599075317383,411000,0.0,0.0
2023-03-22 00:00:00+08:00,34.33930125257864,35.0391511567465,34.33930125257864,34.85252380371094,690000,0.0,0.0
2023-03-23 00:00:00+08:00,34.99249579922465,35.17912315541133,34.61924108685129,34.759212493896484,508000,0.0,0.0
2023-03-24 00:00:00+08:00,35.08580848630219,36.11225718859505,35.08580848630219,35.319091796875,1443000,0.0,0.0
2023-03-27 00:00:00+08:00,35.36575121022528,35.5990345201618,34.992496490478516,34.992496490478516,425000,0.0,0.0
2023-03-28 00:00:00+08:00,35.13246909001752,35.13246909001752,34.33930367360104,34.38595962524414,477000,0.0,0.0
2023-03-29 00:00:00+08:00,34.619238897073174,35.039149532027324,34.57258295088283,34.80586624145508,168000,0.0,0.0
2023-03-30 00:00:00+08:00,34.945840635731,35.599034617259036,34.805869225538984,35.319091796875,521000,0.0,0.0
2023-03-31 00:00:00+08:00,35.55237630269752,35.64569176583635,35.132469177246094,35.132469177246094,291000,0.0,0.0
2023-04-06 00:00:00+08:00,35.31909007112902,35.31909007112902,34.759211576959146,34.945838928222656,209000,0.0,0.0
2023-04-07 00:00:00+08:00,36.39219620492395,36.62547951392987,35.7390022277832,35.7390022277832,851000,0.0,0.0
2023-04-10 00:00:00+08:00,35.59903186076647,36.01893893958676,35.55237235456817,35.878971099853516,308000,0.0,0.0
2023-04-11 00:00:00+08:00,35.925629120931255,36.99873375228789,35.785657713494906,36.57882308959961,845000,0.0,0.0
2023-04-12 00:00:00+08:00,36.81210477023569,36.81210477023569,36.298882231663704,36.53216552734375,346000,0.0,0.0
2023-04-13 00:00:00+08:00,36.53216806625745,36.765451378150225,36.15891334338066,36.39219665527344,378000,0.0,0.0
2023-04-14 00:00:00+08:00,36.6721359176206,36.998734690043,36.39219665527344,36.39219665527344,361000,0.0,0.0
2023-04-17 00:00:00+08:00,36.39219724788725,36.48550915031553,36.11225798098153,36.298885345458984,261000,0.0,0.0
2023-04-18 00:00:00+08:00,36.39219412608748,36.765448823023796,36.11225488319555,36.53216552734375,369000,0.0,0.0
2023-04-19 00:00:00+08:00,36.765452319599284,36.812108271248384,36.112258317649065,36.205570220947266,304000,0.0,0.0
2023-04-20 00:00:00+08:00,36.20556884579505,36.34554025504692,35.692346277906175,35.7390022277832,465000,0.0,0.0
2023-04-21 00:00:00+08:00,35.78565666947747,35.97228402074097,34.52592827778493,34.945838928222656,399000,0.0,0.0
2023-04-24 00:00:00+08:00,34.712557325158194,35.50571915725741,34.712557325158194,35.319091796875,181000,0.0,0.0
2023-04-25 00:00:00+08:00,35.319091602392476,35.459063011813754,34.38595836523949,34.66590118408203,400000,0.0,0.0
2023-04-26 00:00:00+08:00,34.479274014585386,35.319091796875,34.24599070401258,35.319091796875,259000,0.0,0.0
2023-04-27 00:00:00+08:00,35.36575189959921,35.50571975251698,35.03915312354929,35.22578048706055,74000,0.0,0.0
2023-04-28 00:00:00+08:00,35.27243711654132,35.50572043551266,35.27243711654132,35.45906448364258,127000,0.0,0.0
2023-05-02 00:00:00+08:00,35.4590636466666,36.01894217513404,35.4590636466666,35.972286224365234,305000,0.0,0.0
2023-05-03 00:00:00+08:00,35.9256295869121,35.97228553678912,35.552374868654304,35.7390022277832,137000,0.0,0.0
2023-05-04 00:00:00+08:00,35.645689304249906,35.92562855509272,35.50571789901815,35.59903335571289,142000,0.0,0.0
2023-05-05 00:00:00+08:00,36.20556628551831,36.71878881711464,35.878971099853516,35.878971099853516,1150000,0.0,0.0
2023-05-08 00:00:00+08:00,36.25222477220264,37.558612725638376,36.01894146334774,37.232017517089844,1567000,0.0,0.0
2023-05-09 00:00:00+08:00,37.27867277400606,37.60526797648389,36.67213475840925,36.99873352050781,661000,0.0,0.0
2023-05-10 00:00:00+08:00,36.905419229513384,36.905419229513384,36.34554070481905,36.39219665527344,354000,0.0,0.0
2023-05-11 00:00:00+08:00,36.39219550018101,36.578822855695826,35.41240633325413,35.50571823120117,649000,0.0,0.0
2023-05-12 00:00:00+08:00,35.459063407702324,36.81210732860461,35.272436046263934,36.39219665527344,581000,0.0,0.0
2023-05-15 00:00:00+08:00,36.48550635046585,36.71878964825558,36.252223052676115,36.43885040283203,249000,0.0,0.0
2023-05-16 00:00:00+08:00,36.62547845089121,37.09204505536116,36.39219514865623,36.67213439941406,465000,0.0,0.0
2023-05-17 00:00:00+08:00,36.67213728006552,36.90542060062525,36.438853959505785,36.8587646484375,350000,0.0,0.0
2023-05-18 00:00:00+08:00,36.5788222804432,37.18535672680185,36.5788222804432,37.092044830322266,398000,0.0,0.0
2023-05-19 00:00:00+08:00,36.90542060062525,37.27867533736921,36.71879323225327,36.8587646484375,366000,0.0,0.0
2023-05-22 00:00:00+08:00,37.23201445625826,38.58505468868703,37.23201445625826,38.53839874267578,1310000,0.0,0.0
2023-05-23 00:00:00+08:00,38.53840186939464,38.53840186939464,38.07183525218739,38.305118560791016,557000,0.0,0.0
2023-05-24 00:00:00+08:00,38.11849028646777,38.7250282981179,37.88520698346706,38.49174499511719,443000,0.0,0.0
2023-05-25 00:00:00+08:00,38.72502819051847,38.72502819051847,38.07183423200728,38.1651496887207,333000,0.0,0.0
2023-05-26 00:00:00+08:00,38.11848877662921,38.258460176733784,37.55861029545207,37.69858169555664,374000,0.0,0.0
2023-05-29 00:00:00+08:00,37.74523913743906,38.7250282981179,37.69858318876306,38.49174499511719,555000,0.0,0.0
2023-05-30 00:00:00+08:00,38.77168203235254,39.14493671968355,38.398430904642034,38.53839874267578,502000,0.0,0.0
2023-05-31 00:00:00+08:00,38.53840390864164,39.14494196695415,38.53840390864164,39.00497055053711,538000,0.0,0.0
2023-06-01 00:00:00+08:00,39.28490772375068,39.89144574964031,39.28490772375068,39.798133850097656,616000,0.0,0.0
2023-06-02 00:00:00+08:00,40.12472836027583,40.21804025819562,39.28490704051479,39.564849853515625,606000,0.0,0.0
2023-06-05 00:00:00+08:00,39.75147487706161,40.96455094520859,39.70481892666077,40.777923583984375,1032000,0.0,0.0
2023-06-06 00:00:00+08:00,40.63795079214827,40.731266249399624,40.03141633830768,40.31135559082031,561000,0.0,0.0
2023-06-07 00:00:00+08:00,40.544637269859685,40.59129321680546,40.07807068116077,40.26469802856445,450000,0.0,0.0
2023-06-08 00:00:00+08:00,39.89144598899505,40.26470070864684,39.284907959466096,39.37822341918945,821000,0.0,0.0
2023-06-09 00:00:00+08:00,39.984757160681234,40.684607077563314,39.658161956651234,40.218040466308594,445000,0.0,0.0
2023-06-12 00:00:00+08:00,40.26470046705251,40.544639725301266,39.5181910322281,39.798133850097656,333000,0.0,0.0
2023-06-13 00:00:00+08:00,39.56485247961515,39.844791751576096,39.56485247961515,39.7514762878418,376000,0.0,0.0
2023-06-14 00:00:00+08:00,39.89144719880203,41.0112078320961,39.79813529586958,40.5912971496582,599000,0.0,0.0
2023-06-15 00:00:00+08:00,40.73126521922168,41.85102220095125,40.73126521922168,41.24448776245117,978000,0.0,0.0
2023-06-16 00:00:00+08:00,41.291145460066964,41.52442876775096,40.544639587402344,40.544639587402344,584000,0.0,0.0
2023-06-19 00:00:00+08:00,40.544638894517625,40.68460674096358,40.218040133568955,40.31135559082031,280000,0.0,0.0
2023-06-20 00:00:00+08:00,40.451323771935954,40.49798328075803,40.03141666950331,40.218040466308594,325000,0.0,0.0
2023-06-21 00:00:00+08:00,40.45132490441325,41.10451889038086,40.311357052890735,41.10451889038086,394000,0.0,0.0
2023-06-26 00:00:00+08:00,41.05786284601027,41.05786284601027,40.54464027235932,40.777923583984375,301000,0.0,0.0
2023-06-27 00:00:00+08:00,40.77792256310076,40.77792256310076,39.14493942260742,39.14493942260742,829000,0.0,0.0
2023-06-28 00:00:00+08:00,39.14493734290947,39.7048158231993,39.098281396155414,39.5181884765625,424000,0.0,0.0
2023-06-29 00:00:00+08:00,39.56484765470722,40.03141423761829,39.51818814871968,39.61150360107422,179000,0.0,0.0
2023-06-30 00:00:00+08:00,39.61150590580179,39.938101108993706,39.09828334666274,39.89144515991211,332000,0.0,0.0
2023-07-03 00:00:00+08:00,40.124728116122164,41.477771985450424,40.124728116122164,41.057861328125,745000,0.0,0.0
2023-07-04 00:00:00+08:00,40.87123462015904,44.883706783302415,40.77792272133136,43.857261657714844,3009000,0.0,0.0
2023-07-05 00:00:00+08:00,44.69708011458741,45.16364669799805,44.137198078722314,45.16364669799805,3276000,0.0,0.0
2023-07-06 00:00:00+08:00,45.30361545482595,46.51668788433901,44.55710961817334,44.977020263671875,4757000,0.0,0.0
2023-07-07 00:00:00+08:00,45.25695919955695,46.51668756786133,45.116987798802874,46.143436431884766,4436000,0.0,0.0
2023-07-10 00:00:00+08:00,46.28340648140883,47.029915908222485,45.4435887156746,46.09678268432617,3999000,0.0,0.0
2023-07-11 00:00:00+08:00,46.00346381972861,46.47003039712874,44.69707953878054,45.2569580078125,2314000,0.0,0.0
2023-07-12 00:00:00+08:00,45.72352922438889,46.09678394802817,45.21030664910054,45.81684112548828,1865000,0.0,0.0
2023-07-13 00:00:00+08:00,46.37672381067906,46.47003571298514,45.536902451440774,45.72352981567383,1978000,0.0,0.0
2023-07-14 00:00:00+08:00,46.19009409943986,46.74997260406963,46.1434381506575,46.51668930053711,2053000,0.0,0.0
2023-07-17 00:00:00+08:00,47.40316731066554,51.13570022583008,47.216539952983155,51.13570022583008,9134000,0.0,0.0
2023-07-18 00:00:00+08:00,52.255458418407144,52.255458418407144,46.05012130737305,46.05012130737305,9151000,0.0,0.0
2023-07-19 00:00:00+08:00,46.19009269318494,46.33006409489131,44.697081019879725,44.977020263671875,2393000,0.0,0.0
2023-07-20 00:00:00+08:00,45.443588913742815,47.8697338825994,45.39693296426879,46.74997329711914,2018000,0.0,0.0
2023-07-21 00:00:00+08:00,46.5633503843992,51.32232851363322,46.4233789736955,50.949073791503906,7310000,0.0,0.0
2023-07-24 00:00:00+08:00,52.348772440371626,54.86823285699085,51.41563921641048,54.121726989746094,10981000,0.0,0.0
2023-07-25 00:00:00+08:00,55.05485983817808,58.41413799767625,53.65516001178372,57.8542594909668,19031000,0.0,0.0
2023-07-26 00:00:00+08:00,59.160649005857024,60.467036969371165,54.68160659359188,56.08130645751953,16671000,0.0,0.0
2023-07-27 00:00:00+08:00,56.54787233331293,58.41413879394531,55.801366460984134,58.41413879394531,5648000,0.0,0.0
2023-07-28 00:00:00+08:00,59.44058838749561,60.280406171786126,57.294382637036506,59.72052764892578,7240000,0.0,0.0
2023-07-31 00:00:00+08:00,61.77341764371778,63.26643652319361,59.25396074327517,61.213539123535156,9874000,0.0,0.0
2023-08-01 00:00:00+08:00,61.47493473014437,61.76491379410866,58.1885409818398,58.28519821166992,4713000,2.270435,0.0
2023-08-02 00:00:00+08:00,57.99522477801719,59.25178724409348,54.22553369255123,54.90214538574219,5779000,0.0,0.0
2023-08-04 00:00:00+08:00,59.73507852083365,60.315032958984375,56.83531739179088,60.315032958984375,7243000,0.0,0.0
2023-08-07 00:00:00+08:00,65.24462854000666,65.24462854000666,60.02505678191128,62.441524505615234,14176000,0.0,0.0
2023-08-08 00:00:00+08:00,62.4415214789582,62.6348433121684,58.188540703731434,59.348445892333984,6617000,0.0,0.0
2023-08-09 00:00:00+08:00,59.25178644822154,60.798327967204386,57.80190584824595,57.99522399902344,4479000,0.0,0.0
2023-08-10 00:00:00+08:00,58.47851753234863,60.6050098164269,56.73866154982534,58.96181106567383,6416000,0.0,0.0
2023-08-11 00:00:00+08:00,59.34844886159425,60.218375031141704,57.705250069466224,58.57517623901367,4076000,0.0,0.0
2023-08-14 00:00:00+08:00,58.381858825683594,59.54176032657196,57.41527178345199,58.381858825683594,3079000,0.0,0.0
2023-08-15 00:00:00+08:00,58.96181149183994,60.605010254469775,58.671836107196334,59.83174133300781,4554000,0.0,0.0
2023-08-16 00:00:00+08:00,60.50834889741964,65.72792053222656,60.121716283101705,65.72792053222656,16991000,0.0,0.0
2023-08-17 00:00:00+08:00,64.76133266296102,69.88424700250724,63.988060069434574,69.78758239746094,27659000,0.0,0.0
2023-08-18 00:00:00+08:00,68.62768173217773,70.07756233215332,62.82815933227539,62.82815933227539,16186000,0.0,0.0
2023-08-21 00:00:00+08:00,64.18138414919407,67.08114541459915,63.11813982677372,65.3412857055664,12015000,0.0,0.0
2023-08-22 00:00:00+08:00,65.7279244038596,66.69451152744578,62.53818394623544,64.76133728027344,10553000,0.0,0.0
2023-08-23 00:00:00+08:00,59.15512802908884,60.79832674685961,58.28519821166992,58.28519821166992,11902000,0.0,0.0
2023-08-24 00:00:00+08:00,57.80190702010678,59.155130415747045,56.25536915700687,57.70524978637695,8705000,0.0,0.0
2023-08-25 00:00:00+08:00,57.318611563535356,58.671834914001415,56.15870636131259,56.255367279052734,3677000,0.0,0.0
2023-08-28 00:00:00+08:00,56.44868691238023,56.44868691238023,54.6121699866083,55.86873245239258,3250000,0.0,0.0
2023-08-29 00:00:00+08:00,56.15870823603993,57.89856794107372,55.57875745918673,57.70524978637695,3006000,0.0,0.0
2023-08-30 00:00:00+08:00,58.091882389130745,59.15513039598928,57.801907000801,58.671836853027344,2831000,0.0,0.0
2023-08-31 00:00:00+08:00,58.76849334664004,59.05846873131806,57.995224425086306,58.86515426635742,1637000,0.0,0.0
2023-09-01 00:00:00+08:00,58.86515339569331,59.4451041564714,58.091880798339844,58.091880798339844,1530000,0.0,0.0
2023-09-04 00:00:00+08:00,58.09188197194063,58.57517551143177,57.028637659954946,57.80190658569336,2032000,0.0,0.0
2023-09-05 00:00:00+08:00,57.801906573564295,58.961811805547065,57.70524934058118,58.76849365234375,1184000,0.0,0.0
2023-09-06 00:00:00+08:00,58.86515458491613,59.34844812440727,57.80190658569336,57.80190658569336,1501000,0.0,0.0
2023-09-07 00:00:00+08:00,57.511930888210586,59.83174134010886,57.511930888210586,58.86515426635742,2520000,0.0,0.0
2023-09-08 00:00:00+08:00,58.575174328067256,59.251786007133035,57.995223567289166,58.091880798339844,1348000,0.0,0.0
2023-09-11 00:00:00+08:00,58.09188274344176,58.381861820777246,55.77207593541785,56.64200210571289,1791000,0.0,0.0
2023-09-12 00:00:00+08:00,56.25536875905101,56.93198045208473,54.99880629326673,55.86873245239258,1533000,0.0,0.0
2023-09-13 00:00:00+08:00,55.96539263395243,57.51193046569824,55.675413564167684,57.02863693237305,1048000,0.0,0.0
2023-09-14 00:00:00+08:00,57.22195550353256,59.251786883515756,57.22195550353256,58.86515426635742,1369000,0.0,0.0
2023-09-15 00:00:00+08:00,59.05846713135981,59.44510342528081,58.188541000893004,59.25178527832031,1381000,0.0,0.0
2023-09-18 00:00:00+08:00,58.671834505464325,59.44510340581616,58.28519821166992,58.28519821166992,1061000,0.0,0.0
2023-09-19 00:00:00+08:00,58.47851680333609,61.37827796713788,58.47851680333609,59.155128479003906,4115000,0.0,0.0
2023-09-20 00:00:00+08:00,59.25178457749402,61.28161956571508,58.96180920410156,60.41168975830078,2903000,0.0,0.0
2023-09-21 00:00:00+08:00,60.60500861980686,61.1849593734514,57.801904706972,59.25178527832031,4253000,0.0,0.0
2023-09-22 00:00:00+08:00,58.768491430234064,59.735078472465666,58.18854067978988,58.381858825683594,1154000,0.0,0.0
2023-09-25 00:00:00+08:00,58.478515625,58.86515191394435,58.18854025191019,58.478515625,869000,0.0,0.0
2023-09-26 00:00:00+08:00,58.4785155597915,59.058466305324416,56.54534149169922,56.54534149169922,1296000,0.0,0.0
2023-09-27 00:00:00+08:00,56.54534192162757,56.64199915087232,55.77207302595868,56.44868469238281,958000,0.0,0.0
2023-09-28 00:00:00+08:00,56.15870782616114,57.22195582561461,56.15870782616114,56.83531951904297,642000,0.0,0.0
2023-10-02 00:00:00+08:00,57.31861157622768,57.80190510332443,56.835318049130926,57.221954345703125,945000,0.0,0.0
2023-10-03 00:00:00+08:00,57.02863769838357,57.6085884712689,54.90214538574219,54.90214538574219,2230000,0.0,0.0
2023-10-04 00:00:00+08:00,54.51551353009325,54.51551353009325,53.45226551525597,53.74224090576172,1386000,0.0,0.0
2023-10-05 00:00:00+08:00,54.32219388319936,54.80548741652456,54.128875732421875,54.128875732421875,665000,0.0,0.0
2023-10-06 00:00:00+08:00,54.12887377257741,54.32219191635542,52.48567508131964,52.678993225097656,1191000,0.0,0.0
2023-10-11 00:00:00+08:00,52.67899557797998,52.775652810567685,50.64916419574164,51.1324577331543,1477000,0.0,0.0
2023-10-12 00:00:00+08:00,51.229116421993645,52.09904628896011,51.229116421993645,51.71240997314453,692000,0.0,0.0
2023-10-13 00:00:00+08:00,51.61574889397958,51.61574889397958,50.359182804774136,50.745819091796875,863000,0.0,0.0
2023-10-16 00:00:00+08:00,49.77923393249512,50.939139149922994,49.77923393249512,50.26252746582031,720000,0.0,0.0
2023-10-17 00:00:00+08:00,50.55250360759045,50.74582176127129,48.81264759893714,49.102622985839844,1054000,0.0,0.0
2023-10-18 00:00:00+08:00,49.102624205833024,49.102624205833024,47.84606170654297,47.84606170654297,1030000,0.0,0.0
2023-10-19 00:00:00+08:00,48.08770540874785,48.715988461847374,47.6527405017741,48.619327545166016,419000,0.0,0.0
2023-10-20 00:00:00+08:00,48.329354819308705,48.329354819308705,47.07279233145411,47.942718505859375,550000,0.0,0.0
2023-10-23 00:00:00+08:00,47.74940308393955,49.48925908528324,47.507756314663006,48.184364318847656,606000,0.0,0.0
2023-10-24 00:00:00+08:00,48.329351869330274,48.812645388023576,47.797729736215025,48.71598815917969,584000,0.0,0.0
2023-10-25 00:00:00+08:00,49.19928273663844,49.77923349665613,48.90930366939258,49.39259719848633,552000,0.0,0.0
2023-10-26 00:00:00+08:00,48.71599060020892,49.00596598850741,48.08770751953125,48.08770751953125,613000,0.0,0.0
2023-10-27 00:00:00+08:00,48.52267074584961,49.00596427182971,47.9910486047189,48.52267074584961,424000,0.0,0.0
2023-10-30 00:00:00+08:00,48.52267148329702,49.392597630940145,48.52267148329702,49.29594039916992,384000,0.0,0.0
2023-10-31 00:00:00+08:00,49.39259718985452,50.165869786058984,48.42601013183594,48.42601013183594,621000,0.0,0.0
2023-11-01 00:00:00+08:00,49.102624129815915,49.87589307531751,48.13603702612963,49.77923583984375,525000,0.0,0.0
2023-11-02 00:00:00+08:00,50.35918542526117,51.32577250587836,49.97255280535654,51.035797119140625,1080000,0.0,0.0
2023-11-03 00:00:00+08:00,52.4856769816688,52.968970514994,50.84247823091573,51.2291145324707,1703000,0.0,0.0
2023-11-06 00:00:00+08:00,51.61575230341724,52.775653866628026,51.3257732253774,51.80906677246094,960000,0.0,0.0
2023-11-07 00:00:00+08:00,52.00238198971608,52.775650883899374,51.71240661530196,52.58233642578125,994000,0.0,0.0
2023-11-08 00:00:00+08:00,52.5823359968271,53.54892302848027,52.5823359968271,52.678993225097656,745000,0.0,0.0
2023-11-09 00:00:00+08:00,53.9355590618446,54.41885260843324,53.25894735917308,53.74224090576172,1960000,0.0,0.0
2023-11-10 00:00:00+08:00,53.64558219909668,54.128875732421875,53.162288665771484,53.162288665771484,585000,0.0,0.0
2023-11-13 00:00:00+08:00,53.74223797689266,54.708825017392435,53.35560537303492,54.51551055908203,1328000,0.0,0.0
2023-11-14 00:00:00+08:00,58.28519938157115,58.96181106567383,56.352025248270365,57.99522399902344,6017000,0.0,0.0
2023-11-15 00:00:00+08:00,58.09188269351938,59.34844886159425,57.60858914802508,58.57517623901367,3706000,0.0,0.0
2023-11-16 00:00:00+08:00,58.57517356857057,59.34844615589764,57.31861114501953,57.31861114501953,1995000,0.0,0.0
2023-11-17 00:00:00+08:00,57.51193196324507,58.09188274344176,56.545344871425826,56.64200210571289,1600000,0.0,0.0
2023-11-20 00:00:00+08:00,56.738660067354026,57.51192896302291,56.44868469238281,56.44868469238281,1244000,0.0,0.0
2023-11-21 00:00:00+08:00,56.64199917578724,57.80190436341924,56.35202380068848,57.4152717590332,1721000,0.0,0.0
2023-11-22 00:00:00+08:00,57.41527249398922,58.76849215751794,57.221954345703125,57.221954345703125,1887000,0.0,0.0
2023-11-23 00:00:00+08:00,57.511931631680184,58.76849410635351,57.511931631680184,57.70524978637695,1916000,0.0,0.0
2023-11-24 00:00:00+08:00,57.99522592240021,58.47851947175354,57.415275138071074,57.511932373046875,712000,0.0,0.0
2023-11-27 00:00:00+08:00,57.89856556524487,58.381859088536615,56.15870593160505,56.35202407836914,1591000,0.0,0.0
2023-11-28 00:00:00+08:00,56.54534339904785,60.70166704819712,56.54534339904785,59.92839813232422,3777000,0.0,0.0
2023-11-29 00:00:00+08:00,59.92839961679631,61.958231032147786,59.155130681768945,59.54176330566406,5305000,0.0,0.0
2023-11-30 00:00:00+08:00,59.63842201825714,60.798327221457725,59.63842201825714,60.1217155456543,1964000,0.0,0.0
2023-12-01 00:00:00+08:00,60.21837467730964,61.37827991712798,59.83174205552827,60.605010986328125,1662000,0.0,0.0
2023-12-04 00:00:00+08:00,61.474936722996475,61.66825487616053,59.54176256583008,59.73508071899414,2281000,0.0,0.0
2023-12-05 00:00:00+08:00,59.44510503571346,59.735080420391476,58.3818607294817,58.86515426635742,1088000,0.0,0.0
2023-12-06 00:00:00+08:00,59.445105784319026,59.445105784319026,58.47851869839514,58.671836853027344,925000,0.0,0.0
2023-12-07 00:00:00+08:00,56.54534460608878,56.54534460608878,54.70882766535515,54.80548858642578,4161000,0.0,0.0
2023-12-08 00:00:00+08:00,55.19211959838867,55.48209866590131,54.612168837837416,55.19211959838867,833000,0.0,0.0
2023-12-11 00:00:00+08:00,55.385436247264664,55.48209716289601,54.515510130004,54.61216735839844,951000,0.0,0.0
2023-12-12 00:00:00+08:00,54.61216778823724,54.90214316293978,54.22553149714255,54.51551055908203,896000,0.0,0.0
2023-12-13 00:00:00+08:00,54.61217043152164,55.095463975163426,54.515513197688136,54.80548858642578,427000,0.0,0.0
2023-12-14 00:00:00+08:00,55.28878213006757,55.57875751880521,54.225534121713366,54.80548858642578,1237000,0.0,0.0
2023-12-15 00:00:00+08:00,54.90214582025929,55.38543936390107,54.515513197688136,54.80548858642578,778000,0.0,0.0
2023-12-18 00:00:00+08:00,54.805485933784574,55.28877945403446,54.51551055908203,54.51551055908203,564000,0.0,0.0
2023-12-19 00:00:00+08:00,54.515513197688136,54.90214582025929,53.74224057807158,54.80548858642578,903000,0.0,0.0
2023-12-20 00:00:00+08:00,54.90214316293978,55.095461308487124,54.41884964268989,54.51551055908203,398000,0.0,0.0
2023-12-21 00:00:00+08:00,54.032217767140786,54.515511293905064,53.93555684944574,54.32219314575195,317000,0.0,0.0
2023-12-22 00:00:00+08:00,54.32219537401037,54.51551353009325,53.64558367133885,53.74224090576172,856000,0.0,0.0
2023-12-25 00:00:00+08:00,53.742237950647635,54.22553147066151,53.4522625760867,53.54892349243164,323000,0.0,0.0
2023-12-26 00:00:00+08:00,53.54892613092662,54.12887690862417,53.54892613092662,53.83890151977539,263000,0.0,0.0
2023-12-27 00:00:00+08:00,53.935559035692656,54.998807050014406,53.935559035692656,54.70882797241211,662000,0.0,0.0
2023-12-28 00:00:00+08:00,55.09546353911633,56.06205061874995,54.90214538574219,54.90214538574219,1425000,0.0,0.0
2023-12-29 00:00:00+08:00,54.99880556730204,55.19212003084249,54.80548741652456,55.095462799072266,405000,0.0,0.0
2024-01-02 00:00:00+08:00,55.19211856365626,55.57875485493318,54.99880410525474,55.48209762573242,329000,0.0,0.0
2024-01-03 00:00:00+08:00,55.28877978199021,55.67541238814133,54.99880440556762,55.38543701171875,460000,0.0,0.0
2024-01-04 00:00:00+08:00,55.09546163529616,55.57875515841279,54.70882534190807,55.38543701171875,605000,0.0,0.0
2024-01-05 00:00:00+08:00,55.57875707893314,55.57875707893314,54.80548815267366,54.90214538574219,529000,0.0,0.0
2024-01-08 00:00:00+08:00,53.93555758164439,54.03221850065165,52.582337900676066,53.162288665771484,1713000,0.0,0.0
2024-01-09 00:00:00+08:00,53.452264792495136,53.645582945964044,52.678995865856585,52.968971252441406,672000,0.0,0.0
2024-01-10 00:00:00+08:00,52.968970946660086,53.162289099013,52.67899556174925,53.06563186645508,277000,0.0,0.0
2024-01-11 00:00:00+08:00,52.87231400613371,54.128876472512474,52.87231400613371,53.9355583190918,410000,0.0,0.0
2024-01-12 00:00:00+08:00,53.9355590618446,54.32219537401037,53.54892643691598,53.74224090576172,370000,0.0,0.0
2024-01-15 00:00:00+08:00,53.74223827551154,54.5155108619976,53.74223827551154,54.41884994506836,273000,0.0,0.0
2024-01-16 00:00:00+08:00,53.9355583190918,54.41885185902495,53.74224016567112,53.9355583190918,195000,0.0,0.0
2024-01-17 00:00:00+08:00,53.8388991715107,54.41884992391282,53.35560564876327,53.45226287841797,291000,0.0,0.0
2024-01-18 00:00:00+08:00,53.45226332268146,54.32219314575195,52.58233718684796,54.32219314575195,545000,0.0,0.0
2024-01-19 00:00:00+08:00,54.418851550517864,54.418851550517864,53.74223986099983,54.03221893310547,271000,0.0,0.0
2024-01-22 00:00:00+08:00,54.12887456875457,54.612168091689874,53.935556422133054,54.41884994506836,461000,0.0,0.0
2024-01-23 00:00:00+08:00,54.418851114969584,54.70882649751729,53.93555758164439,54.128875732421875,286000,0.0,0.0
2024-01-24 00:00:00+08:00,54.418851845925374,55.57875707893314,54.418851845925374,54.90214538574219,732000,0.0,0.0
2024-01-25 00:00:00+08:00,54.998806741329915,55.095463975163426,54.515513197688136,54.80548858642578,505000,0.0,0.0
2024-01-26 00:00:00+08:00,54.70882766535515,55.19212120899694,54.61217043152164,54.80548858642578,241000,0.0,0.0
2024-01-29 00:00:00+08:00,54.80548668552337,55.288780212402344,54.51551130684338,55.288780212402344,369000,0.0,0.0
2024-01-30 00:00:00+08:00,54.998806741329915,55.38543936390107,54.80548858642578,54.80548858642578,266000,0.0,0.0
2024-01-31 00:00:00+08:00,54.80548623831139,55.09546161462519,54.32219271537608,54.41884994506836,263000,0.0,0.0
2024-02-01 00:00:00+08:00,54.418851114969584,55.095462799072266,54.418851114969584,55.095462799072266,249000,0.0,0.0
2024-02-02 00:00:00+08:00,55.09546355237877,55.192120785470564,53.452264779158654,53.9355583190918,922000,0.0,0.0
2024-02-05 00:00:00+08:00,53.54892539591217,54.1288761656493,53.16228909126271,54.03221893310547,314000,0.0,0.0
2024-02-15 00:00:00+08:00,54.032217767140786,54.41885037621001,53.54892424037651,54.32219314575195,399000,0.0,0.0
2024-02-16 00:00:00+08:00,54.70882762556511,56.9319808744901,54.70882762556511,56.73866271972656,3138000,0.0,0.0
2024-02-19 00:00:00+08:00,57.41527249398922,57.898566021085976,57.12529342794158,57.221954345703125,2313000,0.0,0.0
2024-02-20 00:00:00+08:00,57.705249054803275,57.8019062873077,56.73866198081071,56.93198013305664,1034000,0.0,0.0
2024-02-21 00:00:00+08:00,57.02863788297616,62.53818130493164,57.02863788297616,62.53818130493164,8827000,0.0,0.0
2024-02-22 00:00:00+08:00,64.08472320735612,68.04772856588554,60.60500767786103,66.30786895751953,23422000,0.0,0.0
2024-02-23 00:00:00+08:00,69.5942710331222,72.88066864013672,69.11097748428107,72.88066864013672,18307000,0.0,0.0
2024-02-26 00:00:00+08:00,73.46061858841894,74.04056936553792,70.9474936379205,71.14080810546875,21095000,0.0,0.0
2024-02-27 00:00:00+08:00,70.94748951405276,75.3937883794867,68.24104287884576,74.13722229003906,18991000,0.0,0.0
2024-02-29 00:00:00+08:00,72.4940304261052,76.65035778699155,71.91407965759117,73.36396026611328,12329000,0.0,0.0
2024-03-01 00:00:00+08:00,73.94391448974609,74.52386528535901,71.91408301786365,72.49403381347656,7309000,0.0,0.0
2024-03-04 00:00:00+08:00,74.81383763607772,78.48686392731715,72.10739100087072,74.13722229003906,20934000,0.0,0.0
2024-03-05 00:00:00+08:00,74.52386041044346,81.48329162597656,73.94390965276753,81.48329162597656,20758000,0.0,0.0
2024-03-06 00:00:00+08:00,81.09665455865294,87.76610664472689,80.32338197278463,85.54295349121094,37504000,0.0,0.0
2024-03-07 00:00:00+08:00,85.05966298805949,88.44271776599366,78.19689619914497,78.97016143798828,27398000,0.0,0.0
2024-03-08 00:00:00+08:00,77.32696533203125,78.29355239868164,72.68734446231974,75.39379119873047,19728000,0.0,0.0
2024-03-11 00:00:00+08:00,74.71718659288213,78.48687042432537,73.75059948236347,74.52386474609375,9874000,0.0,0.0
2024-03-12 00:00:00+08:00,74.71718090076126,78.00357092658068,74.04056555025961,75.97373962402344,8961000,0.0,0.0
2024-03-13 00:00:00+08:00,76.84367179870605,77.81025886535645,72.97732353210449,75.39379119873047,7478000,0.0,0.0
2024-03-14 00:00:00+08:00,75.3937916431494,76.0703996440034,73.2673030337733,73.36396026611328,3914000,0.0,0.0
2024-03-15 00:00:00+08:00,73.3639627847709,74.62052159727783,68.72434172842773,68.91766357421875,7410000,0.0,0.0
2024-03-18 00:00:00+08:00,68.91766357421875,68.91766357421875,68.91766357421875,68.91766357421875,0,0.0,0.0
2024-03-19 00:00:00+08:00,71.33412931067531,74.62051947650264,71.04415023746742,73.26730346679688,6058000,0.0,0.0
2024-03-20 00:00:00+08:00,73.26730346679688,73.26730346679688,73.26730346679688,73.26730346679688,0,0.0,0.0
2024-03-21 00:00:00+08:00,73.07397973099745,74.91049660656944,72.10739267800946,73.75059509277344,2714000,0.0,0.0
2024-03-22 00:00:00+08:00,73.65393487173208,75.68377370340079,73.65393487173208,74.52386474609375,3687000,0.0,0.0
2024-03-25 00:00:00+08:00,74.81383855301355,76.9403270964005,73.75059428132009,75.87708282470703,4728000,0.0,0.0
2024-03-26 00:00:00+08:00,75.87708282470703,75.87708282470703,75.87708282470703,75.87708282470703,0,0.0,0.0
2024-03-27 00:00:00+08:00,72.59068723054952,72.88066630033427,71.04414939880371,71.5274429321289,2010000,0.0,0.0
2024-03-28 00:00:00+08:00,71.33412700558793,74.13722354180574,71.0441479417504,71.91407775878906,3703000,0.0,0.0
2024-03-29 00:00:00+08:00,72.78400949759927,74.6205190354813,72.68734489078516,73.36396026611328,2859000,0.0,0.0
2024-04-01 00:00:00+08:00,75.87708325527963,78.97015885857152,75.58710419113868,75.78042602539062,10116000,0.0,0.0
2024-04-02 00:00:00+08:00,76.26371747074003,76.26371747074003,72.01073310127344,72.39736938476562,5303000,0.0,0.0
2024-04-03 00:00:00+08:00,72.01073795838435,72.10739519215848,71.14080810546875,71.14080810546875,2025000,0.0,0.0
2024-04-08 00:00:00+08:00,69.49761199951172,70.1742200005876,68.8209966239617,69.49761199951172,3013000,0.0,0.0
2024-04-09 00:00:00+08:00,69.88424591256589,69.9809031416307,67.66109277170601,68.1443862915039,2355000,0.0,0.0
2024-04-10 00:00:00+08:00,68.24104456078686,68.82099531848992,67.85440826416016,67.85440826416016,1213000,0.0,0.0
2024-04-11 00:00:00+08:00,67.95107028434374,68.04772751120512,66.30786792980543,66.59784698486328,1568000,0.0,0.0
2024-04-12 00:00:00+08:00,66.59784801707181,67.66109227797378,66.30786895751953,66.30786895751953,927000,0.0,0.0
2024-04-15 00:00:00+08:00,65.43793952067495,66.01789764303511,63.98805896372226,64.27803802490234,1524000,0.0,0.0
2024-04-16 00:00:00+08:00,63.69808916715556,63.69808916715556,61.378278732299805,61.861572265625,1451000,0.0,0.0
2024-04-17 00:00:00+08:00,62.05488776355048,63.118139454168386,61.861573296787704,62.53818130493164,1384000,0.0,0.0
2024-04-18 00:00:00+08:00,61.95822993809933,62.44152347486216,60.7983283996582,60.7983283996582,2090000,0.0,0.0
2024-04-19 00:00:00+08:00,59.92839964129255,60.99164396648514,56.64200205703649,58.57517623901367,2693000,0.0,0.0
2024-04-22 00:00:00+08:00,60.218375031141704,61.76491658906573,58.57517623901367,58.57517623901367,2193000,0.0,0.0
2024-04-23 00:00:00+08:00,59.92839738523699,60.605009060904806,59.05846756120165,59.155128479003906,1006000,0.0,0.0
2024-04-24 00:00:00+08:00,60.41169238807048,63.601432695950265,60.41169238807048,61.66825485229492,2051000,0.0,0.0
2024-04-25 00:00:00+08:00,61.088304528982675,61.861573459782534,60.605010986328125,60.605010986328125,696000,0.0,0.0
2024-04-26 00:00:00+08:00,60.605008334441266,61.088301855948394,60.21837204234078,60.315032958984375,793000,0.0,0.0
2024-04-29 00:00:00+08:00,60.99164096282909,61.66825263064742,60.60500835781643,61.281620025634766,897000,0.0,0.0
2024-04-30 00:00:00+08:00,61.281620025634766,62.05488523566008,60.89498373338516,61.281620025634766,622000,0.0,0.0
2024-05-02 00:00:00+08:00,60.9916436081095,60.9916436081095,60.121717443673575,60.605010986328125,593000,0.0,0.0
2024-05-03 00:00:00+08:00,61.378278732299805,61.378278732299805,59.63842274977651,59.92839813232422,786000,0.0,0.0
2024-05-06 00:00:00+08:00,60.894983276367185,62.054884769937026,60.41168975830078,60.41168975830078,941000,0.0,0.0
2024-05-07 00:00:00+08:00,61.18496176261874,61.37827991712798,59.92839928916433,60.605010986328125,423000,0.0,0.0
2024-05-08 00:00:00+08:00,60.605006738536304,66.59784698486328,60.605006738536304,66.59784698486328,4065000,0.0,0.0
2024-05-09 00:00:00+08:00,69.01431657920936,71.33412696517355,68.62768028580301,69.98090362548828,12326000,0.0,0.0
2024-05-10 00:00:00+08:00,71.23746279971766,71.33412740452006,66.98448566947552,69.88424682617188,6467000,0.0,0.0
2024-05-13 00:00:00+08:00,69.59426791174333,69.59426791174333,67.2744575064571,67.85440826416016,2079000,0.0,0.0
2024-05-14 00:00:00+08:00,67.95107654757206,68.4343701008991,66.50119588759092,66.98448944091797,1401000,0.0,0.0
2024-05-15 00:00:00+08:00,68.14439178466797,73.6539354047024,67.27446190401136,72.49403381347656,11283000,0.0,0.0
2024-05-16 00:00:00+08:00,73.36396270424945,73.94391349203723,70.27087954525739,70.85083770751953,6142000,0.0,0.0
2024-05-17 00:00:00+08:00,71.52744108711192,77.13364887886432,69.59426700367648,73.94390869140625,10574000,0.0,0.0
2024-05-20 00:00:00+08:00,75.49044560764256,75.78042466658395,71.72075471377346,74.13722229003906,6763000,0.0,0.0
2024-05-21 00:00:00+08:00,74.1372279929801,76.747017600787,73.75059905061556,74.62052154541016,8955000,0.0,0.0
2024-05-22 00:00:00+08:00,75.49044932165218,76.3603791668017,73.26730346679688,73.26730346679688,4921000,0.0,0.0
2024-05-23 00:00:00+08:00,73.17063562134142,75.39378875228817,70.17421728685038,72.10739135742188,6323000,0.0,0.0
2024-05-24 00:00:00+08:00,72.0107355970495,73.17063711325265,71.04414854205555,71.72075653076172,2121000,0.0,0.0
2024-05-27 00:00:00+08:00,72.20404952370582,76.1670623194206,71.14080524597885,75.78042602539062,6068000,0.0,0.0
2024-05-28 00:00:00+08:00,76.94033287414585,79.26014342489121,75.00715864427046,76.36038208007812,17194000,0.0,0.0
2024-05-29 00:00:00+08:00,76.8436722516715,76.94032948401149,73.1706384269592,73.36396026611328,7223000,0.0,0.0
2024-05-30 00:00:00+08:00,73.3639570168688,74.81383756117658,71.914076472561,72.20404815673828,2997000,0.0,0.0
2024-05-31 00:00:00+08:00,73.55727385307392,74.33054645151498,71.52744250025869,71.62409973144531,1803000,0.0,0.0
2024-06-03 00:00:00+08:00,72.49402956107299,73.26730215951405,71.52744250025869,71.62409973144531,1301000,0.0,0.0
2024-06-04 00:00:00+08:00,72.78401289852026,75.10381608097194,71.62410393281995,72.49403381347656,2469000,0.0,0.0
2024-06-05 00:00:00+08:00,72.78400708755221,73.84725135703378,68.91765892618368,70.07756042480469,2933000,0.0,0.0
2024-06-06 00:00:00+08:00,70.07756426617816,70.56085781284146,68.82099809506387,69.11097717285156,1422000,0.0,0.0
2024-06-07 00:00:00+08:00,67.46778160073235,71.8174234908361,66.98448805738748,71.14080810546875,3321000,0.0,0.0
2024-06-11 00:00:00+08:00,70.27087482882511,70.75416834862301,67.66109277170601,68.1443862915039,1325000,0.0,0.0
2024-06-12 00:00:00+08:00,68.24104774420884,69.11097760858236,68.04773327411442,69.01432037353516,717000,0.0,0.0
2024-06-13 00:00:00+08:00,69.59427028196261,70.46420013538199,69.01431950450777,69.20763397216797,910000,0.0,0.0
2024-06-14 00:00:00+08:00,69.20762951415276,69.59426579904219,67.95107080635431,68.43436431884766,1331000,0.0,0.0
2024-06-17 00:00:00+08:00,68.91766080196248,70.46419863370829,68.62768173217773,69.59426879882812,919000,0.0,0.0
2024-06-18 00:00:00+08:00,70.36754334396585,71.23746582838037,68.72434086062607,69.11097717285156,883000,0.0,0.0
2024-06-19 00:00:00+08:00,69.59426966614494,72.01073736288608,68.91766166084709,69.40095520019531,2065000,0.0,0.0
2024-06-20 00:00:00+08:00,70.0775633576211,72.30071659323876,69.11097627682634,71.23746490478516,1711000,0.0,0.0
2024-06-21 00:00:00+08:00,71.14080474626714,73.17063605757399,70.2708749344288,72.01073455810547,1968000,0.0,0.0
2024-06-24 00:00:00+08:00,72.0107364654541,72.68734446231974,69.40095433528768,69.59426879882812,1373000,0.0,0.0
2024-06-25 00:00:00+08:00,69.5942692318834,69.98090553584424,67.95107415814246,69.49761199951172,864000,0.0,0.0
2024-06-26 00:00:00+08:00,69.78758714153943,70.27088070172869,68.627685546875,68.627685546875,621000,0.0,0.0
2024-06-27 00:00:00+08:00,68.62767950528796,73.36395745308288,67.08114172372554,72.10739135742188,5611000,0.0,0.0
2024-06-28 00:00:00+08:00,72.78400823573092,76.74701368875591,72.1073928721334,75.58710479736328,9106000,0.0,0.0
2024-07-01 00:00:00+08:00,75.97374005404754,78.00357136809397,74.4272022611776,75.87708282470703,6251000,0.0,0.0
2024-07-02 00:00:00+08:00,76.55369419640456,78.5835329748603,75.68377171932264,76.9403305053711,8543000,0.0,0.0
2024-07-03 00:00:00+08:00,77.8102554145251,79.0668214952324,75.29713062758427,76.26371765136719,6765000,0.0,0.0
2024-07-04 00:00:00+08:00,77.3269672042753,80.22672847443563,74.81384224503121,78.77684783935547,13109000,0.0,0.0
2024-07-05 00:00:00+08:00,80.51670454665982,81.09665530415545,78.48686583371416,79.55011749267578,7825000,0.0,0.0
2024-07-08 00:00:00+08:00,80.22672368071503,83.22314200594336,77.90691332830562,78.00357055664062,10044000,0.0,0.0
2024-07-09 00:00:00+08:00,79.16347872271595,79.84008668957449,74.42720083128489,76.26371765136719,6421000,0.0,0.0
2024-07-10 00:00:00+08:00,76.65035910420366,83.80309766291761,76.65035910420366,82.64319610595703,15000000,0.0,0.0
2024-07-11 00:00:00+08:00,82.44987868026111,86.79952042454156,81.38662702096892,81.48329162597656,13698000,0.0,0.0
2024-07-12 00:00:00+08:00,79.84008721492485,80.7100170169484,78.00357038275821,78.10023498535156,5513000,0.0,0.0
2024-07-15 00:00:00+08:00,79.0668277910974,80.4200438325672,78.00357608069349,78.58353424072266,2781000,0.0,0.0
2024-07-16 00:00:00+08:00,79.26013803237738,82.25655640992612,78.1968937531793,81.57994842529297,5022000,0.0,0.0
2024-07-17 00:00:00+08:00,81.57995269124449,88.82935593914286,81.38663084661593,86.21956634521484,14534000,0.0,0.0
2024-07-18 00:00:00+08:00,84.2863906975131,90.76252857904313,82.0632448310417,86.606201171875,16059000,0.0,0.0
2024-07-19 00:00:00+08:00,87.28281303005261,88.4427145331569,81.28996893208331,81.67660522460938,11109000,0.0,0.0
2024-07-22 00:00:00+08:00,81.86992049593748,83.51312291185842,77.616943359375,77.616943359375,5922000,0.0,0.0
2024-07-23 00:00:00+08:00,79.35679774464703,81.6766082101253,78.58353250580372,78.97016143798828,3780000,0.0,0.0
2024-07-26 00:00:00+08:00,75.58710411204554,77.71360003974827,71.14080517153826,71.91407775878906,8009000,0.0,0.0
2024-07-29 00:00:00+08:00,73.55727838591056,74.33055103200317,67.95107751239983,68.627685546875,3928000,0.0,0.0
2024-07-30 00:00:00+08:00,68.53102735751267,71.1408095964827,68.2410482756385,70.7541732788086,2131000,0.0,0.0
2024-07-31 00:00:00+08:00,69.59427170026066,72.39737578530493,69.59427170026066,70.7541732788086,1539000,0.0,0.0
2024-08-01 00:00:00+08:00,74.0,77.69999694824219,73.0,76.9000015258789,4077000,2.445829,0.0
2024-08-02 00:00:00+08:00,75.0,79.5999984741211,74.5,74.5999984741211,5091000,0.0,0.0
2024-08-05 00:00:00+08:00,72.5,73.0,67.19999694824219,67.19999694824219,4188000,0.0,0.0
2024-08-06 00:00:00+08:00,70.0,70.0,60.5,63.29999923706055,4859000,0.0,0.0
2024-08-07 00:00:00+08:00,64.69999694824219,69.5999984741211,63.400001525878906,69.5999984741211,2436000,0.0,0.0
2024-08-08 00:00:00+08:00,68.30000305175781,73.9000015258789,68.0999984741211,70.19999694824219,4316000,0.0,0.0
2024-08-09 00:00:00+08:00,73.5,75.9000015258789,73.0,73.5,3473000,0.0,0.0
2024-08-12 00:00:00+08:00,74.5,74.9000015258789,72.9000015258789,73.0999984741211,1650000,0.0,0.0
2024-08-13 00:00:00+08:00,74.19999694824219,74.19999694824219,72.4000015258789,74.0,1426000,0.0,0.0
2024-08-14 00:00:00+08:00,75.19999694824219,78.5,74.30000305175781,74.9000015258789,4093000,0.0,0.0
2024-08-15 00:00:00+08:00,75.0,76.80000305175781,74.0,76.4000015258789,2802000,0.0,0.0
2024-08-16 00:00:00+08:00,78.0,84.0,77.4000015258789,82.80000305175781,8844000,0.0,0.0
2024-08-19 00:00:00+08:00,84.5,85.5999984741211,82.69999694824219,84.4000015258789,5637000,0.0,0.0
2024-08-20 00:00:00+08:00,88.5,92.30000305175781,87.69999694824219,91.5999984741211,13556000,0.0,0.0
2024-08-21 00:00:00+08:00,90.30000305175781,92.5,88.4000015258789,91.0,6115000,0.0,0.0
2024-08-22 00:00:00+08:00,91.5999984741211,91.69999694824219,87.0,88.80000305175781,4771000,0.0,0.0
2024-08-23 00:00:00+08:00,87.5,89.80000305175781,86.5999984741211,89.5,2982000,0.0,0.0
2024-08-26 00:00:00+08:00,91.69999694824219,91.80000305175781,87.5,88.69999694824219,4670000,0.0,0.0
2024-08-27 00:00:00+08:00,88.69999694824219,90.5,86.80000305175781,87.69999694824219,3435000,0.0,0.0
2024-08-28 00:00:00+08:00,88.9000015258789,94.9000015258789,88.5999984741211,90.69999694824219,13237000,0.0,0.0
2024-08-29 00:00:00+08:00,89.0,94.0,88.9000015258789,90.69999694824219,6300000,0.0,0.0
2024-08-30 00:00:00+08:00,91.0,96.30000305175781,90.9000015258789,91.5,11196000,0.0,0.0
2024-09-02 00:00:00+08:00,91.9000015258789,94.5,88.19999694824219,90.0999984741211,8283000,0.0,0.0
2024-09-03 00:00:00+08:00,90.30000305175781,90.5999984741211,87.5,88.30000305175781,4208000,0.0,0.0
2024-09-04 00:00:00+08:00,83.0,86.5,79.5,84.30000305175781,5250000,0.0,0.0
2024-09-05 00:00:00+08:00,86.30000305175781,86.30000305175781,80.0,80.5999984741211,5072000,0.0,0.0
2024-09-06 00:00:00+08:00,81.30000305175781,83.5,79.80000305175781,81.5999984741211,2236000,0.0,0.0
2024-09-09 00:00:00+08:00,79.80000305175781,84.5,79.80000305175781,83.80000305175781,2818000,0.0,0.0
2024-09-10 00:00:00+08:00,84.30000305175781,86.69999694824219,81.19999694824219,82.19999694824219,4537000,0.0,0.0
2024-09-11 00:00:00+08:00,83.5,84.5,80.80000305175781,80.80000305175781,2209000,0.0,0.0
2024-09-12 00:00:00+08:00,83.4000015258789,85.9000015258789,82.5,85.5999984741211,2952000,0.0,0.0
2024-09-13 00:00:00+08:00,87.30000305175781,88.0999984741211,86.0,86.69999694824219,2823000,0.0,0.0
2024-09-16 00:00:00+08:00,86.80000305175781,90.5999984741211,86.0,89.0999984741211,3878000,0.0,0.0
2024-09-18 00:00:00+08:00,89.0999984741211,91.0,87.0,87.0,3824000,0.0,0.0
2024-09-19 00:00:00+08:00,88.19999694824219,93.5,87.4000015258789,92.30000305175781,5733000,0.0,0.0
2024-09-20 00:00:00+08:00,94.19999694824219,98.5999984741211,92.5,96.9000015258789,15101000,0.0,0.0
2024-09-23 00:00:00+08:00,99.0,99.5,95.0999984741211,99.5,11381000,0.0,0.0
2024-09-24 00:00:00+08:00,100.5,102.5,92.5,95.5,16149000,0.0,0.0
2024-09-25 00:00:00+08:00,96.5999984741211,97.30000305175781,94.19999694824219,95.69999694824219,3700000,0.0,0.0
2024-09-26 00:00:00+08:00,96.0,96.19999694824219,92.0,92.0999984741211,4699000,0.0,0.0
2024-09-27 00:00:00+08:00,93.80000305175781,97.4000015258789,92.5999984741211,93.0,4914000,0.0,0.0
2024-09-30 00:00:00+08:00,92.69999694824219,92.69999694824219,89.5,90.80000305175781,3127000,0.0,0.0
2024-10-01 00:00:00+08:00,91.5,93.69999694824219,90.19999694824219,93.19999694824219,2231000,0.0,0.0
2024-10-04 00:00:00+08:00,94.69999694824219,94.69999694824219,88.0,88.0,3958000,0.0,0.0
2024-10-07 00:00:00+08:00,92.0,92.0,88.19999694824219,89.5,2598000,0.0,0.0
2024-10-08 00:00:00+08:00,89.80000305175781,89.80000305175781,86.5999984741211,88.5999984741211,2126000,0.0,0.0
2024-10-09 00:00:00+08:00,89.5999984741211,89.69999694824219,87.0,87.4000015258789,1714000,0.0,0.0
2024-10-11 00:00:00+08:00,88.0,88.4000015258789,86.5999984741211,87.0,1261000,0.0,0.0
2024-10-14 00:00:00+08:00,87.0,91.0,86.30000305175781,90.5999984741211,2318000,0.0,0.0
2024-10-15 00:00:00+08:00,90.5999984741211,95.5,90.5,92.30000305175781,5572000,0.0,0.0
2024-10-16 00:00:00+08:00,92.0,93.19999694824219,90.19999694824219,90.5,2609000,0.0,0.0
2024-10-17 00:00:00+08:00,92.30000305175781,95.19999694824219,91.0999984741211,91.9000015258789,4523000,0.0,0.0
2024-10-18 00:00:00+08:00,92.4000015258789,93.0999984741211,89.5,89.5,2586000,0.0,0.0
2024-10-21 00:00:00+08:00,89.5,90.4000015258789,88.0,88.0999984741211,2268000,0.0,0.0
2024-10-22 00:00:00+08:00,87.9000015258789,89.9000015258789,87.5999984741211,89.5999984741211,1685000,0.0,0.0
2024-10-23 00:00:00+08:00,90.30000305175781,94.5,90.30000305175781,93.69999694824219,6695000,0.0,0.0
2024-10-24 00:00:00+08:00,94.0,97.19999694824219,89.0999984741211,89.4000015258789,12236000,0.0,0.0
2024-10-25 00:00:00+08:00,91.0,95.5,89.5,93.4000015258789,10932000,0.0,0.0
2024-10-28 00:00:00+08:00,93.5999984741211,94.4000015258789,89.5999984741211,90.5,5855000,0.0,0.0
2024-10-29 00:00:00+08:00,90.5,93.4000015258789,89.0999984741211,89.5999984741211,4280000,0.0,0.0
2024-10-30 00:00:00+08:00,90.4000015258789,91.0999984741211,88.0999984741211,91.0999984741211,3109000,0.0,0.0
2024-10-31 00:00:00+08:00,91.0999984741211,91.0999984741211,91.0999984741211,91.0999984741211,0,0.0,0.0
2024-11-01 00:00:00+08:00,88.19999694824219,92.5,88.19999694824219,91.4000015258789,2707000,0.0,0.0
2024-11-04 00:00:00+08:00,91.5999984741211,93.0,89.69999694824219,91.5,2128000,0.0,0.0
2024-11-05 00:00:00+08:00,91.5,94.4000015258789,91.0,92.19999694824219,3794000,0.0,0.0
2024-11-06 00:00:00+08:00,92.69999694824219,97.0999984741211,91.9000015258789,95.0,10121000,0.0,0.0
2024-11-07 00:00:00+08:00,96.0,101.5,93.5999984741211,96.69999694824219,20605000,0.0,0.0
2024-11-08 00:00:00+08:00,97.5999984741211,98.5,93.69999694824219,94.0,12316000,0.0,0.0
2024-11-11 00:00:00+08:00,94.19999694824219,97.0999984741211,92.19999694824219,92.5999984741211,6695000,0.0,0.0
2024-11-12 00:00:00+08:00,92.4000015258789,92.4000015258789,88.30000305175781,89.9000015258789,7662000,0.0,0.0
2024-11-13 00:00:00+08:00,90.0999984741211,92.4000015258789,89.80000305175781,90.80000305175781,3096000,0.0,0.0
2024-11-14 00:00:00+08:00,91.0,92.4000015258789,89.30000305175781,89.5999984741211,4278000,0.0,0.0
2024-11-15 00:00:00+08:00,90.0,91.0,88.4000015258789,88.80000305175781,2857000,0.0,0.0
