Date,Open,High,Low,Close,Volume,Dividends,Stock Splits
2006-05-05 00:00:00-04:00,513.0784301757812,513.0784301757812,513.0784301757812,513.0784301757812,3,0.0,0.0
2006-05-08 00:00:00-04:00,447.21579058800324,447.21579058800324,256.1326874572378,264.2638854980469,349,0.0,0.0
2006-05-09 00:00:00-04:00,264.2638854980469,264.2638854980469,264.2638854980469,264.2638854980469,0,0.0,0.0
2006-05-10 00:00:00-04:00,264.2638854980469,264.2638854980469,264.2638854980469,264.2638854980469,0,0.0,0.0
2006-05-11 00:00:00-04:00,264.2638854980469,264.2638854980469,264.2638854980469,264.2638854980469,0,0.0,0.0
2006-05-12 00:00:00-04:00,264.2638854980469,264.2638854980469,264.2638854980469,264.2638854980469,0,0.0,0.0
2006-05-15 00:00:00-04:00,264.2638854980469,264.2638854980469,264.2638854980469,264.2638854980469,0,0.0,0.0
2006-05-16 00:00:00-04:00,264.2638854980469,264.2638854980469,264.2638854980469,264.2638854980469,0,0.0,0.0
2006-05-17 00:00:00-04:00,268.3294372558594,268.3294372558594,268.3294372558594,268.3294372558594,2,0.0,0.0
2006-05-18 00:00:00-04:00,268.3294372558594,268.3294372558594,268.3294372558594,268.3294372558594,0,0.0,0.0
2006-05-19 00:00:00-04:00,268.3294372558594,268.3294372558594,268.3294372558594,268.3294372558594,5,0.0,0.0
2006-05-22 00:00:00-04:00,268.3294372558594,268.3294372558594,268.3294372558594,268.3294372558594,0,0.0,0.0
2006-05-23 00:00:00-04:00,268.3294372558594,268.3294372558594,268.3294372558594,268.3294372558594,10,0.0,0.0
2006-05-24 00:00:00-04:00,268.3294372558594,341.5101813192214,268.3294372558594,268.3294372558594,77,0.0,0.0
2006-05-25 00:00:00-04:00,280.526123046875,280.526123046875,280.526123046875,280.526123046875,79,0.0,0.0
2006-05-26 00:00:00-04:00,280.526123046875,280.526123046875,280.526123046875,280.526123046875,26,0.0,0.0
2006-05-30 00:00:00-04:00,284.59185791015625,284.59185791015625,284.59185791015625,284.59185791015625,13,0.0,0.0
2006-05-31 00:00:00-04:00,310.23822909779125,310.23822909779125,281.28265380859375,281.28265380859375,54,11.716843,0.0
2006-06-01 00:00:00-04:00,281.28265380859375,281.28265380859375,281.28265380859375,281.28265380859375,0,0.0,0.0
2006-06-02 00:00:00-04:00,285.4189758300781,285.4189758300781,285.4189758300781,285.4189758300781,10,0.0,0.0
2006-06-05 00:00:00-04:00,285.4189758300781,285.4189758300781,285.4189758300781,285.4189758300781,0,0.0,0.0
2006-06-06 00:00:00-04:00,285.4189758300781,285.4189758300781,285.4189758300781,285.4189758300781,0,0.0,0.0
2006-06-07 00:00:00-04:00,285.4189758300781,285.4189758300781,285.4189758300781,285.4189758300781,0,0.0,0.0
2006-06-08 00:00:00-04:00,285.4189758300781,285.4189758300781,285.4189758300781,285.4189758300781,0,0.0,0.0
2006-06-09 00:00:00-04:00,264.7365417480469,264.7365417480469,256.4635232023339,264.7365417480469,64,0.0,0.0
2006-06-12 00:00:00-04:00,264.7365417480469,264.7365417480469,264.7365417480469,264.7365417480469,0,0.0,0.0
2006-06-13 00:00:00-04:00,264.7365417480469,264.7365417480469,264.7365417480469,264.7365417480469,0,0.0,0.0
2006-06-14 00:00:00-04:00,239.91751100826937,264.7365692209981,239.91751100826937,249.01783752441406,15,0.0,0.0
2006-06-15 00:00:00-04:00,254.80897317314862,254.80897317314862,235.78103608003235,248.19056701660156,3,0.0,0.0
2006-06-16 00:00:00-04:00,248.19056701660156,248.19056701660156,248.19056701660156,248.19056701660156,0,0.0,0.0
2006-06-19 00:00:00-04:00,260.60000989093874,260.60000989093874,256.4635009765625,256.4635009765625,20,0.0,0.0
2006-06-20 00:00:00-04:00,260.60009795317075,260.60009795317075,248.19056701660156,248.19056701660156,11,0.0,0.0
2006-06-21 00:00:00-04:00,248.19056701660156,248.19056701660156,248.19056701660156,248.19056701660156,12,0.0,0.0
2006-06-22 00:00:00-04:00,248.19056701660156,248.19056701660156,248.19056701660156,248.19056701660156,0,0.0,0.0
2006-06-23 00:00:00-04:00,260.60000989093874,260.60000989093874,256.4635009765625,256.4635009765625,20,0.0,0.0
2006-06-26 00:00:00-04:00,256.4635009765625,256.4635009765625,256.4635009765625,256.4635009765625,0,0.0,0.0
2006-06-27 00:00:00-04:00,260.60009765625,260.60009765625,260.60009765625,260.60009765625,5,0.0,0.0
2006-06-28 00:00:00-04:00,260.60009765625,260.60009765625,260.60009765625,260.60009765625,0,0.0,0.0
2006-06-29 00:00:00-04:00,248.19048314781,256.4635009765625,248.19048314781,256.4635009765625,11,0.0,0.0
2006-06-30 00:00:00-04:00,256.4635009765625,256.4635009765625,256.4635009765625,256.4635009765625,0,0.0,0.0
2006-07-03 00:00:00-04:00,256.4635009765625,256.4635009765625,256.4635009765625,256.4635009765625,0,0.0,0.0
2006-07-05 00:00:00-04:00,256.4635009765625,256.4635009765625,256.4635009765625,256.4635009765625,0,0.0,0.0
2006-07-06 00:00:00-04:00,256.4635009765625,256.4635009765625,256.4635009765625,256.4635009765625,0,0.0,0.0
2006-07-07 00:00:00-04:00,256.4635009765625,256.4635009765625,256.4635009765625,256.4635009765625,0,0.0,0.0
2006-07-10 00:00:00-04:00,256.4635009765625,256.4635009765625,256.4635009765625,256.4635009765625,0,0.0,0.0
2006-07-11 00:00:00-04:00,256.4635009765625,256.4635009765625,256.4635009765625,256.4635009765625,0,0.0,0.0
2006-07-12 00:00:00-04:00,256.4635009765625,256.4635009765625,256.4635009765625,256.4635009765625,0,0.0,0.0
2006-07-13 00:00:00-04:00,256.4635009765625,256.4635009765625,256.4635009765625,256.4635009765625,0,0.0,0.0
2006-07-14 00:00:00-04:00,256.4635009765625,256.4635009765625,256.4635009765625,256.4635009765625,0,0.0,0.0
2006-07-17 00:00:00-04:00,256.4635009765625,256.4635009765625,256.4635009765625,256.4635009765625,0,0.0,0.0
2006-07-18 00:00:00-04:00,256.4635009765625,256.4635009765625,256.4635009765625,256.4635009765625,0,0.0,0.0
2006-07-19 00:00:00-04:00,256.4635009765625,256.4635009765625,256.4635009765625,256.4635009765625,0,0.0,0.0
2006-07-20 00:00:00-04:00,256.4635009765625,256.4635009765625,256.4635009765625,256.4635009765625,0,0.0,0.0
2006-07-21 00:00:00-04:00,256.4635009765625,256.4635009765625,256.4635009765625,256.4635009765625,0,0.0,0.0
2006-07-24 00:00:00-04:00,256.4635009765625,256.4635009765625,256.4635009765625,256.4635009765625,0,0.0,0.0
2006-07-25 00:00:00-04:00,252.32704162597656,252.32704162597656,248.190531899079,252.32704162597656,414,0.0,0.0
2006-07-26 00:00:00-04:00,252.32704162597656,252.32704162597656,252.32704162597656,252.32704162597656,0,0.0,0.0
2006-07-27 00:00:00-04:00,252.32704162597656,252.32704162597656,252.32704162597656,252.32704162597656,0,0.0,0.0
2006-07-28 00:00:00-04:00,252.32704162597656,252.32704162597656,252.32704162597656,252.32704162597656,0,0.0,0.0
2006-07-31 00:00:00-04:00,252.32704162597656,252.32704162597656,252.32704162597656,252.32704162597656,0,0.0,0.0
2006-08-01 00:00:00-04:00,252.32704162597656,252.32704162597656,252.32704162597656,252.32704162597656,0,0.0,0.0
2006-08-02 00:00:00-04:00,252.32704162597656,252.32704162597656,252.32704162597656,252.32704162597656,0,0.0,0.0
2006-08-03 00:00:00-04:00,252.32704162597656,252.32704162597656,252.32704162597656,252.32704162597656,0,0.0,0.0
2006-08-04 00:00:00-04:00,252.32704162597656,252.32704162597656,252.32704162597656,252.32704162597656,0,0.0,0.0
2006-08-07 00:00:00-04:00,252.32704162597656,252.32704162597656,252.32704162597656,252.32704162597656,0,0.0,0.0
2006-08-08 00:00:00-04:00,252.32704162597656,252.32704162597656,252.32704162597656,252.32704162597656,0,0.0,0.0
2006-08-09 00:00:00-04:00,252.32704162597656,252.32704162597656,252.32704162597656,252.32704162597656,0,0.0,0.0
2006-08-10 00:00:00-04:00,252.32704162597656,252.32704162597656,252.32704162597656,252.32704162597656,0,0.0,0.0
2006-08-11 00:00:00-04:00,252.32704162597656,252.32704162597656,252.32704162597656,252.32704162597656,0,0.0,0.0
2006-08-14 00:00:00-04:00,252.32704162597656,252.32704162597656,252.32704162597656,252.32704162597656,0,0.0,0.0
2006-08-15 00:00:00-04:00,252.32704162597656,252.32704162597656,252.32704162597656,252.32704162597656,0,0.0,0.0
2006-08-16 00:00:00-04:00,252.32704162597656,252.32704162597656,252.32704162597656,252.32704162597656,0,0.0,0.0
2006-08-17 00:00:00-04:00,252.32704162597656,252.32704162597656,252.32704162597656,252.32704162597656,0,0.0,0.0
2006-08-18 00:00:00-04:00,252.32704162597656,252.32704162597656,252.32704162597656,252.32704162597656,0,0.0,0.0
2006-08-21 00:00:00-04:00,252.32704162597656,252.32704162597656,252.32704162597656,252.32704162597656,0,0.0,0.0
2006-08-22 00:00:00-04:00,252.32704162597656,252.32704162597656,252.32704162597656,252.32704162597656,0,0.0,0.0
2006-08-23 00:00:00-04:00,252.3270773287913,252.3270773287913,223.37150514346314,248.19056701660156,79,0.0,0.0
2006-08-24 00:00:00-04:00,248.19056701660156,248.19056701660156,248.19056701660156,248.19056701660156,8,0.0,0.0
2006-08-25 00:00:00-04:00,248.19056701660156,248.19056701660156,248.19056701660156,248.19056701660156,13,0.0,0.0
2006-08-28 00:00:00-04:00,248.19056701660156,248.19056701660156,248.19056701660156,248.19056701660156,0,0.0,0.0
2006-08-29 00:00:00-04:00,248.19056701660156,248.19056701660156,248.19056701660156,248.19056701660156,1,0.0,0.0
2006-08-30 00:00:00-04:00,248.19056701660156,248.19056701660156,248.19056701660156,248.19056701660156,0,0.0,0.0
2006-08-31 00:00:00-04:00,253.25570678710938,253.25570678710938,253.25570678710938,253.25570678710938,61,11.716843,0.0
2006-09-01 00:00:00-04:00,253.25570678710938,253.25570678710938,253.25570678710938,253.25570678710938,0,0.0,0.0
2006-09-05 00:00:00-04:00,257.4765625,257.4765625,257.4765625,257.4765625,3,0.0,0.0
2006-09-06 00:00:00-04:00,253.25570678710938,253.25570678710938,253.25570678710938,253.25570678710938,22,0.0,0.0
2006-09-07 00:00:00-04:00,253.25570678710938,257.4766361130644,253.25570678710938,253.25570678710938,46,0.0,0.0
2006-09-08 00:00:00-04:00,257.4766361130644,257.4766361130644,232.15106015733429,253.25570678710938,19,0.0,0.0
2006-09-11 00:00:00-04:00,253.25570678710938,253.25570678710938,253.25570678710938,253.25570678710938,51,0.0,0.0
2006-09-12 00:00:00-04:00,253.25570678710938,253.25570678710938,253.25570678710938,253.25570678710938,0,0.0,0.0
2006-09-13 00:00:00-04:00,253.2556343808168,257.4765625,253.2556343808168,257.4765625,28,0.0,0.0
2006-09-14 00:00:00-04:00,253.25570678710938,253.25570678710938,253.25570678710938,253.25570678710938,10,0.0,0.0
2006-09-15 00:00:00-04:00,211.04639832444963,249.03475952148438,211.04639832444963,249.03475952148438,13,0.0,0.0
2006-09-18 00:00:00-04:00,240.5929014776989,249.03475952148438,240.5929014776989,249.03475952148438,15,0.0,0.0
2006-09-19 00:00:00-04:00,249.03473754794297,249.03473754794297,240.59288024902344,240.59288024902344,28,0.0,0.0
2006-09-20 00:00:00-04:00,240.59288024902344,240.59288024902344,240.59288024902344,240.59288024902344,0,0.0,0.0
2006-09-21 00:00:00-04:00,240.59288024902344,240.59288024902344,240.59288024902344,240.59288024902344,0,0.0,0.0
2006-09-22 00:00:00-04:00,240.59288024902344,240.59288024902344,240.59288024902344,240.59288024902344,20,0.0,0.0
2006-09-25 00:00:00-04:00,240.59289854422022,244.81382751464844,240.59289854422022,244.81382751464844,52,0.0,0.0
2006-09-26 00:00:00-04:00,244.81382751464844,244.81382751464844,244.81382751464844,244.81382751464844,0,0.0,0.0
2006-09-27 00:00:00-04:00,244.81382751464844,244.81382751464844,244.81382751464844,244.81382751464844,0,0.0,0.0
2006-09-28 00:00:00-04:00,244.81377814245033,257.4765625,244.81377814245033,257.4765625,27,0.0,0.0
2006-09-29 00:00:00-04:00,257.4765625,257.4765625,257.4765625,257.4765625,0,0.0,0.0
2006-10-02 00:00:00-04:00,240.59288024902344,240.59288024902344,240.59288024902344,240.59288024902344,26,0.0,0.0
2006-10-03 00:00:00-04:00,240.59288024902344,240.59288024902344,240.59288024902344,240.59288024902344,0,0.0,0.0
2006-10-04 00:00:00-04:00,239.74868471632362,239.74868471632362,238.060302734375,238.060302734375,20,0.0,0.0
2006-10-05 00:00:00-04:00,244.81378799131429,244.81378799131429,231.30681218952438,235.52774047851562,22,0.0,0.0
2006-10-06 00:00:00-04:00,253.2556466700451,253.2556466700451,251.0044708251953,251.0044708251953,3,0.0,0.3333333333333333
2006-10-09 00:00:00-04:00,251.0044708251953,251.0044708251953,251.0044708251953,251.0044708251953,0,0.0,0.0
2006-10-10 00:00:00-04:00,251.0044708251953,251.0044708251953,251.0044708251953,251.0044708251953,0,0.0,0.0
2006-10-11 00:00:00-04:00,251.0044708251953,251.0044708251953,251.0044708251953,251.0044708251953,0,0.0,0.0
2006-10-12 00:00:00-04:00,251.0044708251953,251.0044708251953,251.0044708251953,251.0044708251953,0,0.0,0.0
2006-10-13 00:00:00-04:00,253.25560618608503,253.25560618608503,251.28582763671875,251.28582763671875,5,0.0,0.0
2006-10-16 00:00:00-04:00,251.28582763671875,251.28582763671875,251.28582763671875,251.28582763671875,0,0.0,0.0
2006-10-17 00:00:00-04:00,251.28582763671875,251.28582763671875,251.28582763671875,251.28582763671875,0,0.0,0.0
2006-10-18 00:00:00-04:00,251.28582763671875,251.28582763671875,251.28582763671875,251.28582763671875,0,0.0,0.0
2006-10-19 00:00:00-04:00,251.28582763671875,251.28582763671875,251.28582763671875,251.28582763671875,0,0.0,0.0
2006-10-20 00:00:00-04:00,251.28582763671875,251.28582763671875,251.28582763671875,251.28582763671875,0,0.0,0.0
2006-10-23 00:00:00-04:00,251.28582763671875,251.28582763671875,251.28582763671875,251.28582763671875,0,0.0,0.0
2006-10-24 00:00:00-04:00,253.25570678710938,253.25570678710938,252.1301185974958,253.25570678710938,5,0.0,0.0
2006-10-25 00:00:00-04:00,253.25570678710938,253.25570678710938,253.25570678710938,253.25570678710938,0,0.0,0.0
2006-10-26 00:00:00-04:00,253.25570678710938,253.25570678710938,253.25570678710938,253.25570678710938,2,0.0,0.0
2006-10-27 00:00:00-04:00,253.25560789167702,253.25560789167702,252.13002014160156,252.13002014160156,6,0.0,0.0
2006-10-30 00:00:00-05:00,252.1301059926839,267.32544025241896,246.22079467773438,246.22079467773438,323,0.0,0.0
2006-10-31 00:00:00-05:00,239.18588256835938,239.18588256835938,232.15101065357857,239.18588256835938,48,0.0,0.0
2006-11-01 00:00:00-05:00,233.55804443359375,233.55804443359375,233.55804443359375,233.55804443359375,15,0.0,0.0
2006-11-02 00:00:00-05:00,233.55804443359375,233.55804443359375,218.0812992379074,233.55804443359375,946,0.0,0.0
2006-11-03 00:00:00-05:00,253.25570678710938,253.25570678710938,253.25570678710938,253.25570678710938,2,0.0,0.0
2006-11-06 00:00:00-05:00,233.55795515237145,233.55795515237145,232.15097045898438,232.15097045898438,41,0.0,0.0
2006-11-07 00:00:00-05:00,253.25570574532418,253.25570574532418,233.55804443359375,233.55804443359375,84,0.0,0.0
2006-11-08 00:00:00-05:00,233.55804443359375,233.55804443359375,233.55804443359375,233.55804443359375,3,0.0,0.0
2006-11-09 00:00:00-05:00,253.25570574532418,253.25570574532418,233.55804443359375,233.55804443359375,169,0.0,0.0
2006-11-10 00:00:00-05:00,233.55804443359375,233.55804443359375,233.55804443359375,233.55804443359375,0,0.0,0.0
2006-11-13 00:00:00-05:00,233.55804443359375,233.55804443359375,233.55804443359375,233.55804443359375,0,0.0,0.0
2006-11-14 00:00:00-05:00,232.15105920236454,233.55804443359375,232.15105920236454,233.55804443359375,34,0.0,0.0
2006-11-15 00:00:00-05:00,253.25571470970456,253.25571470970456,234.9650115966797,234.9650115966797,92,0.0,0.0
2006-11-16 00:00:00-05:00,234.96496325065488,236.3719482421875,234.96496325065488,236.3719482421875,25,0.0,0.0
2006-11-17 00:00:00-05:00,239.18586054111125,239.18586054111125,168.8370819091797,168.8370819091797,147,0.0,0.0
2006-11-20 00:00:00-05:00,161.8022146012913,211.04637145996094,161.8022146012913,211.04637145996094,215,0.0,0.0
2006-11-21 00:00:00-05:00,225.11612423368507,225.11612423368507,222.30215454101562,222.30215454101562,140,0.0,0.0
2006-11-22 00:00:00-05:00,223.70913938735035,223.70913938735035,222.30215454101562,222.30215454101562,28,0.0,0.0
2006-11-24 00:00:00-05:00,222.30215454101562,222.30215454101562,222.30215454101562,222.30215454101562,9,0.0,0.0
2006-11-27 00:00:00-05:00,225.1161754612773,225.1161754612773,220.89523315429688,220.89523315429688,54,0.0,0.0
2006-11-28 00:00:00-05:00,213.8603057861328,216.67424901950872,213.8603057861328,213.8603057861328,171,0.0,0.0
2006-11-29 00:00:00-05:00,209.63936965215518,209.63936965215518,205.41844177246094,205.41844177246094,101,0.0,0.0
2006-11-30 00:00:00-05:00,213.86032195992152,213.86032195992152,206.82543695936096,208.232421875,40,0.0,0.0
2006-12-01 00:00:00-05:00,208.232421875,208.232421875,208.232421875,208.232421875,0,0.0,0.0
2006-12-04 00:00:00-05:00,211.04637145996094,211.04637145996094,211.04637145996094,211.04637145996094,31,0.0,0.0
2006-12-05 00:00:00-05:00,206.82541333484454,212.45332596946582,199.79054233038306,205.41844177246094,272,0.0,0.0
2006-12-06 00:00:00-05:00,211.50286865234375,211.50286865234375,211.50286865234375,211.50286865234375,0,13.66965,0.0
2006-12-07 00:00:00-05:00,208.60543774638927,212.95138549804688,208.60543774638927,212.95138549804688,106,0.0,0.0
2006-12-08 00:00:00-05:00,212.95138549804688,212.95138549804688,212.95138549804688,212.95138549804688,0,0.0,0.0
2006-12-11 00:00:00-05:00,212.951402419576,212.951402419576,204.25950622558594,204.25950622558594,95,0.0,0.0
2006-12-12 00:00:00-05:00,212.95138549804688,212.95138549804688,212.95138549804688,212.95138549804688,2,0.0,0.0
2006-12-13 00:00:00-05:00,212.95138549804688,212.95138549804688,212.95138549804688,212.95138549804688,0,0.0,0.0
2006-12-14 00:00:00-05:00,202.8108673095703,202.8108673095703,202.8108673095703,202.8108673095703,14,0.0,0.0
2006-12-15 00:00:00-05:00,194.11902689391522,199.91363525390625,194.11902689391522,199.91363525390625,88,0.0,0.0
2006-12-18 00:00:00-05:00,199.91363525390625,199.91363525390625,199.91363525390625,199.91363525390625,8,0.0,0.0
2006-12-19 00:00:00-05:00,191.22170862135656,195.56765747070312,191.22170862135656,195.56765747070312,9,0.0,0.0
2006-12-20 00:00:00-05:00,194.11900329589844,194.11900329589844,194.11900329589844,194.11900329589844,32,0.0,0.0
2006-12-21 00:00:00-05:00,197.01624937851034,210.05409240722656,194.11894639991993,210.05409240722656,309,0.0,0.0
2006-12-22 00:00:00-05:00,204.25950622558594,204.25950622558594,204.25950622558594,204.25950622558594,8,0.0,0.0
2006-12-26 00:00:00-05:00,204.25950622558594,204.25950622558594,204.25950622558594,204.25950622558594,25,0.0,0.0
2006-12-27 00:00:00-05:00,204.25950622558594,204.25950622558594,204.25950622558594,204.25950622558594,0,0.0,0.0
2006-12-28 00:00:00-05:00,204.25951218976934,204.25951218976934,199.91357754917223,202.8108673095703,49,0.0,0.0
2006-12-29 00:00:00-05:00,204.25951218976934,204.25951218976934,202.8108673095703,202.8108673095703,186,0.0,0.0
2007-01-03 00:00:00-05:00,204.25950622558594,204.25950622558594,204.25950622558594,204.25950622558594,2,0.0,0.0
2007-01-04 00:00:00-05:00,204.25951218976934,204.25951218976934,202.8108673095703,202.8108673095703,78,0.0,0.0
2007-01-05 00:00:00-05:00,203.3903350830078,203.3903350830078,203.3903350830078,203.3903350830078,69,0.0,0.0
2007-01-08 00:00:00-05:00,204.25951218976934,204.25951218976934,202.8108673095703,202.8108673095703,31,0.0,0.0
2007-01-09 00:00:00-05:00,204.25951218976934,204.25951218976934,199.91357754917223,202.8108673095703,74,0.0,0.0
2007-01-10 00:00:00-05:00,204.25951218976934,204.25951218976934,202.8108673095703,202.8108673095703,54,0.0,0.0
2007-01-11 00:00:00-05:00,204.2595151330305,214.4000701904297,202.81087023195732,214.4000701904297,134,0.0,0.0
2007-01-12 00:00:00-05:00,231.78395080566406,231.78395080566406,231.78395080566406,231.78395080566406,20,0.0,0.0
2007-01-16 00:00:00-05:00,231.78392076134494,239.02716064453125,224.5406672948596,239.02716064453125,43,0.0,0.0
2007-01-17 00:00:00-05:00,239.02716064453125,239.02716064453125,239.02716064453125,239.02716064453125,0,0.0,0.0
2007-01-18 00:00:00-05:00,239.02711795645914,243.37306654354362,237.5784593718999,241.92440795898438,109,0.0,0.0
2007-01-19 00:00:00-05:00,241.63467624207252,243.37306654354362,241.63467624207252,241.92440795898438,34,0.0,0.0
2007-01-22 00:00:00-05:00,241.92440795898438,241.92440795898438,241.92440795898438,241.92440795898438,48,0.0,0.0
2007-01-23 00:00:00-05:00,241.92436524566958,243.3730235744588,239.89627075195312,239.89627075195312,132,0.0,0.0
2007-01-24 00:00:00-05:00,241.92440795898438,241.92440795898438,240.47577654101838,241.92440795898438,55,0.0,0.0
2007-01-25 00:00:00-05:00,252.9344940185547,252.9344940185547,249.95880262357085,252.9344940185547,129,14.320586,0.0
2007-01-26 00:00:00-05:00,252.9344940185547,252.9344940185547,252.9344940185547,252.9344940185547,112,0.0,0.0
2007-01-29 00:00:00-05:00,255.91016646126317,282.691439916252,255.91016646126317,267.8129577636719,224,0.0,0.0
2007-01-30 00:00:00-05:00,267.81299385379293,267.81299385379293,264.5397306873315,266.32513427734375,215,0.0,0.0
2007-01-31 00:00:00-05:00,249.95876356604492,263.3494146036963,241.03166287427734,258.8858642578125,10619,0.0,0.0
2007-02-01 00:00:00-05:00,258.8859113123335,264.24217828128184,257.3980516260343,261.8616027832031,2019,0.0,0.0
2007-02-02 00:00:00-05:00,258.8858793619119,278.22791338805894,256.2077322570971,276.7400817871094,2982,0.0,0.0
2007-02-05 00:00:00-05:00,273.764404296875,275.252264025177,266.32516145882414,273.764404296875,1989,0.0,0.0
2007-02-06 00:00:00-05:00,267.8129577636719,270.19350486346445,260.3736887856588,267.8129577636719,1711,0.0,0.0
2007-02-07 00:00:00-05:00,267.8129577636719,270.7886486138433,260.3736887856588,267.8129577636719,1587,0.0,0.0
2007-02-08 00:00:00-05:00,274.3595611651381,274.3595611651381,263.0519104003906,263.0519104003906,1407,0.0,0.0
2007-02-09 00:00:00-05:00,267.8130394396948,270.788731197375,262.75434392042655,267.2178955078125,889,0.0,0.0
2007-02-12 00:00:00-05:00,267.81299385379293,267.81299385379293,260.0761798597107,266.32513427734375,889,0.0,0.0
2007-02-13 00:00:00-05:00,264.837336079001,266.3251960002732,258.8859521973784,260.6713562011719,661,0.0,0.0
2007-02-14 00:00:00-05:00,260.67132239300616,275.252264025177,260.67132239300616,273.764404296875,1183,0.0,0.0
2007-02-15 00:00:00-05:00,273.76447021901276,274.3596142536435,266.62279760691655,274.0620422363281,1039,0.0,0.0
2007-02-16 00:00:00-05:00,274.3594816451627,275.252197265625,269.30078769759893,275.252197265625,530,0.0,0.0
2007-02-20 00:00:00-05:00,275.2522455078409,282.6914878454237,273.7643858796332,282.0963439941406,1012,0.0,0.0
2007-02-21 00:00:00-05:00,282.0964128069635,290.1308288574219,277.3353166387626,290.1308288574219,2433,0.0,0.0
2007-02-22 00:00:00-05:00,290.1308288574219,291.61866094683427,278.2280047317162,290.1308288574219,1008,0.0,0.0
2007-02-23 00:00:00-05:00,291.618542033552,297.27237979271024,287.75013553572467,296.08209228515625,2350,0.0,0.0
2007-02-26 00:00:00-05:00,297.5700213984325,302.9262885358229,290.7258945279533,294.5943298339844,2006,0.0,0.0
2007-02-27 00:00:00-05:00,290.1307072348287,293.10639806798036,273.7643378981878,275.252197265625,2738,0.0,0.0
2007-02-28 00:00:00-05:00,281.79875537987726,297.56995333641623,276.7400613461601,288.6428527832031,1671,0.0,0.0
2007-03-01 00:00:00-05:00,282.69145783464484,294.59427779323653,282.69145783464484,289.53558349609375,1659,0.0,0.0
2007-03-02 00:00:00-05:00,296.08223030493906,296.08223030493906,288.6429857183427,291.32110595703125,462,0.0,0.0
2007-03-05 00:00:00-05:00,297.57005889267884,297.57005889267884,287.15509525221586,287.4526672363281,817,0.0,0.0
2007-03-06 00:00:00-05:00,297.27250101145773,297.27250101145773,290.1308288574219,290.1308288574219,724,0.0,0.0
2007-03-07 00:00:00-05:00,297.2723814578609,297.2723814578609,287.1549933904265,288.6428527832031,381,0.0,0.0
2007-03-08 00:00:00-05:00,290.1307635283389,296.6772902118269,283.58420894312263,288.0477600097656,1555,0.0,0.0
2007-03-09 00:00:00-05:00,284.17938206194015,297.57003664044174,284.17938206194015,289.8332214355469,576,0.0,0.0
2007-03-12 00:00:00-04:00,295.7845785502611,295.7845785502611,278.52551790502963,284.4769287109375,1195,0.0,0.0
2007-03-13 00:00:00-04:00,285.6672938699007,286.26241000021554,275.84747314453125,275.84747314453125,568,0.0,0.0
2007-03-14 00:00:00-04:00,279.715803448152,279.715803448152,264.837290501183,271.0862731933594,1785,0.0,0.0
2007-03-15 00:00:00-04:00,273.7643880484005,282.69149008491166,269.300837030145,276.4425354003906,1145,0.0,0.0
2007-03-16 00:00:00-04:00,279.4181755927264,279.4181755927264,275.252197265625,275.252197265625,154,0.0,0.0
2007-03-19 00:00:00-04:00,282.3940124511719,282.3940124511719,276.7401997347825,282.3940124511719,539,0.0,0.0
2007-03-20 00:00:00-04:00,282.3940124511719,282.3940124511719,278.22803196985154,282.3940124511719,774,0.0,0.0
2007-03-21 00:00:00-04:00,283.2867175349729,286.55998180712874,274.06204084838606,283.58428955078125,665,0.0,0.0
2007-03-22 00:00:00-04:00,285.6672214369565,285.6672214369565,281.20367023007503,284.7745056152344,705,0.0,0.0
2007-03-23 00:00:00-04:00,285.6671757426184,288.0477229846975,282.98902870583925,283.8817443847656,1008,0.0,0.0
2007-03-26 00:00:00-04:00,285.66729346405134,297.5700903829528,285.66729346405134,291.32110595703125,1160,0.0,0.0
2007-03-27 00:00:00-04:00,296.3796796596375,297.56996722943114,291.3209853897388,295.18939208984375,934,0.0,0.0
2007-03-28 00:00:00-04:00,295.78454539448643,299.05780841504367,292.51128237392925,297.5699768066406,971,0.0,0.0
2007-03-29 00:00:00-04:00,297.27250609630215,297.57007809962147,292.51138194492773,294.29681396484375,547,0.0,0.0
2007-03-30 00:00:00-04:00,294.29673904598263,299.0578340835943,293.10645133571575,297.2724304199219,541,0.0,0.0
2007-04-02 00:00:00-04:00,300.5457113096584,315.4242248535156,297.86759170655966,315.4242248535156,1545,0.0,0.0
2007-04-03 00:00:00-04:00,313.9363658454628,313.9363658454628,300.84328394159394,307.9849548339844,920,0.0,0.0
2007-04-04 00:00:00-04:00,307.984988357608,312.4485401266342,303.8190085666325,311.8534240722656,765,0.0,0.0
2007-04-05 00:00:00-04:00,311.8534240722656,312.4485401266342,305.30686845688535,311.8534240722656,1094,0.0,0.0
2007-04-09 00:00:00-04:00,313.9363568700441,321.3755994954075,306.7946861818335,316.91204833984375,966,0.0,0.0
2007-04-10 00:00:00-04:00,318.69757098374345,319.88785907230465,312.44858642053384,314.82916259765625,1313,0.0,0.0
2007-04-11 00:00:00-04:00,318.9950452024746,318.9950452024746,308.58008342424944,314.531494140625,742,0.0,0.0
2007-04-12 00:00:00-04:00,313.34124284180984,323.7562058307375,311.85341091605693,322.56591796875,1168,0.0,0.0
2007-04-13 00:00:00-04:00,323.1610113476705,323.45858326661823,319.8877481409729,321.3755798339844,690,0.0,0.0
2007-04-16 00:00:00-04:00,324.35136499180334,330.3027487777279,321.3756451971083,327.3270568847656,842,0.0,0.0
2007-04-17 00:00:00-04:00,327.3269902590144,333.2784007352923,321.6731517016368,328.8148498535156,1290,0.0,0.0
2007-04-18 00:00:00-04:00,330.0051659309946,333.2784575973677,324.35135431072285,328.517333984375,532,0.0,0.0
2007-04-19 00:00:00-04:00,330.6002439800707,330.6002439800707,322.86343011409224,326.43426513671875,367,0.0,0.0
2007-04-20 00:00:00-04:00,327.3269766475838,333.2783868763807,327.3269766475838,331.79052734375,891,0.0,0.0
2007-04-23 00:00:00-04:00,332.9808077434924,338.93218994140625,331.19537634308307,338.93218994140625,963,0.0,0.0
2007-04-24 00:00:00-04:00,338.9322805247583,341.9080003207341,336.2541606101128,340.71771240234375,1685,0.0,0.0
2007-04-25 00:00:00-04:00,336.2541522481841,342.2055358886719,336.2541522481841,342.2055358886719,2051,0.0,0.0
2007-04-26 00:00:00-04:00,343.69334230420503,343.69334230420503,334.7662403299352,335.0638122558594,1569,0.0,0.0
2007-04-27 00:00:00-04:00,340.7176213418156,342.2054529404314,336.25407074251757,338.93218994140625,719,0.0,0.0
2007-04-30 00:00:00-04:00,341.90800626134825,341.90800626134825,331.7906145827074,339.2298583984375,1675,0.0,0.0
2007-05-01 00:00:00-04:00,337.1467915530544,338.9321950788009,321.97070812471816,322.2682800292969,1120,0.0,0.0
2007-05-02 00:00:00-04:00,322.5658691782587,334.76623421304,322.5658691782587,330.8978271484375,730,0.0,0.0
2007-05-03 00:00:00-04:00,330.89790923886346,340.71772924761547,330.0051932559344,338.0395812988281,1400,0.0,0.0
2007-05-04 00:00:00-04:00,334.76632697095096,340.71773912799426,331.19549083741896,338.6347351074219,1519,0.0,0.0
2007-05-07 00:00:00-04:00,326.7319080054805,336.25415540164096,321.37564035742366,327.02947998046875,2016,0.0,0.0
2007-05-08 00:00:00-04:00,338.6346285697568,339.2297723883967,327.62455163009645,337.7419128417969,1635,0.0,0.0
2007-05-09 00:00:00-04:00,339.22984406842795,343.3958237774623,334.7662923871961,342.2055358886719,1105,0.0,0.0
2007-05-10 00:00:00-04:00,342.2056252028107,347.2643221487351,330.89797101325104,341.9080810546875,3191,0.0,0.0
2007-05-11 00:00:00-04:00,343.6934854521236,346.66917804901,339.2299326059244,341.9080810546875,1315,0.0,0.0
2007-05-14 00:00:00-04:00,342.2055613174299,342.2055613174299,335.06388925746523,338.0395812988281,808,0.0,0.0
2007-05-15 00:00:00-04:00,345.47876034311304,346.371448184232,342.20546928601254,343.6933288574219,1847,0.0,0.0
2007-05-16 00:00:00-04:00,343.6933288574219,343.6933288574219,342.20546928601254,343.6933288574219,478,0.0,0.0
2007-05-17 00:00:00-04:00,343.69343624709865,349.64484849057413,342.80072022531704,346.66912841796875,1556,0.0,0.0
2007-05-18 00:00:00-04:00,350.23989934208004,350.23989934208004,346.66903620479496,348.4544677734375,948,0.0,0.0
2007-05-21 00:00:00-04:00,352.3227641447681,353.8106233174275,349.94221737023224,351.1324768066406,1504,0.0,0.0
2007-05-22 00:00:00-04:00,352.6205247918799,352.6205247918799,350.8350928286694,351.43023681640625,1751,0.0,0.0
2007-05-23 00:00:00-04:00,352.3227641447681,352.3227641447681,350.537361039296,351.1324768066406,983,0.0,0.0
2007-05-24 00:00:00-04:00,353.513220119363,353.513220119363,342.20554081648606,342.50311279296875,1184,0.0,0.0
2007-05-25 00:00:00-04:00,349.9424408506749,349.9424408506749,335.6590673766463,336.25421142578125,1186,0.0,0.0
2007-05-29 00:00:00-04:00,337.1468653013496,337.1468653013496,327.32704610569385,328.517333984375,1671,0.0,0.0
2007-05-30 00:00:00-04:00,351.330987924718,393.3082127993077,350.7226186265949,387.22454833984375,8837,15.622457,0.0
2007-05-31 00:00:00-04:00,397.56680935297544,407.90900289601825,387.22458728816235,406.08392333984375,5119,0.0,0.0
2007-06-01 00:00:00-04:00,407.6048048979061,489.73412380821605,407.3006202281878,470.87481689453125,7898,0.0,0.0
2007-06-04 00:00:00-04:00,463.87858642462965,492.7759278968283,455.66562957415124,474.52496337890625,6892,0.0,0.0
2007-06-05 00:00:00-04:00,475.74171655591744,486.38809383699476,465.39949540582614,474.82916259765625,3689,0.0,0.0
2007-06-06 00:00:00-04:00,467.5287084960937,471.1788951868458,426.15985945012335,441.0648193359375,3627,0.0,0.0
2007-06-07 00:00:00-04:00,430.11430810473803,446.84435008420786,406.0838914306769,406.6922607421875,3546,0.0,0.0
2007-06-08 00:00:00-04:00,421.59716853493956,445.6276122344311,415.20934820537354,438.32720947265625,4275,0.0,0.0
2007-06-11 00:00:00-04:00,453.8405511267204,461.1409255395198,440.4565123554103,451.4070739746094,3543,0.0,0.0
2007-06-12 00:00:00-04:00,451.4071149532009,451.4071149532009,422.8139554725866,431.63525390625,1486,0.0,0.0
2007-06-13 00:00:00-04:00,431.93947067874126,451.4071485008628,426.1599900100658,441.9775085449219,2335,0.0,0.0
2007-06-14 00:00:00-04:00,452.9279625960193,469.96218727250374,443.1941117746669,453.2321472167969,2962,0.0,0.0
2007-06-15 00:00:00-04:00,462.96597642292124,485.1712815723604,458.4032358460505,479.087646484375,3397,0.0,0.0
2007-06-18 00:00:00-04:00,480.60850901483445,498.55531404328883,459.9240997528921,473.3081359863281,3371,0.0,0.0
2007-06-19 00:00:00-04:00,483.34633688007335,483.65049303152773,457.49078226488007,458.0991516113281,1737,0.0,0.0
2007-06-20 00:00:00-04:00,463.87859221154685,463.87859221154685,447.1485221802316,450.19036865234375,2719,0.0,0.0
2007-06-21 00:00:00-04:00,461.4451652124806,461.4451652124806,444.10675252309073,454.448974609375,1741,0.0,0.0
2007-06-22 00:00:00-04:00,463.5743061214976,463.5743061214976,443.19405330517617,452.62371826171875,2089,0.0,0.0
2007-06-25 00:00:00-04:00,444.1066528451775,445.6275759052574,414.6009451319747,440.7606506347656,2724,0.0,0.0
2007-06-26 00:00:00-04:00,440.45645853543795,451.102834209728,431.3309773736102,449.5819396972656,2374,0.0,0.0
2007-06-27 00:00:00-04:00,453.8405826702998,460.83677292534605,432.8519833833921,440.45654296875,1575,0.0,0.0
2007-06-28 00:00:00-04:00,441.06491051816306,450.49457805638156,410.6466437777831,419.16375732421875,3278,0.0,0.0
2007-06-29 00:00:00-04:00,413.6883929499492,434.98117326738185,410.64657533939146,433.7644348144531,17575,0.0,0.0
2007-07-02 00:00:00-04:00,439.5439655663131,445.32344537473114,434.06867040685216,443.19415283203125,3905,0.0,0.0
2007-07-03 00:00:00-04:00,445.3233752287754,445.3233752287754,431.9393383481758,441.0648193359375,1042,0.0,0.0
2007-07-05 00:00:00-04:00,440.4565123554103,453.23218183869267,434.98121728492737,451.4070739746094,3484,0.0,0.0
2007-07-06 00:00:00-04:00,453.23223528102534,453.23223528102534,442.58582852871507,443.4983825683594,2335,0.0,0.0
2007-07-09 00:00:00-04:00,448.0610580473035,452.6237990496458,438.0230221377972,439.5439453125,4079,0.0,0.0
2007-07-10 00:00:00-04:00,436.1980135789045,438.63146253124376,420.3804955625021,424.9432373046875,3271,0.0,0.0
2007-07-11 00:00:00-04:00,443.4983582661038,443.802542929317,425.2473925603909,441.67327880859375,8102,0.0,0.0
2007-07-12 00:00:00-04:00,446.23599676036514,453.2321866026887,433.4602986210285,450.19036865234375,7952,0.0,0.0
2007-07-13 00:00:00-04:00,452.9280250846879,452.9280250846879,439.543985489227,446.8443603515625,3446,0.0,0.0
2007-07-16 00:00:00-04:00,441.0649095821517,445.93183567289634,430.72268807409824,435.893798828125,3265,0.0,0.0
2007-07-17 00:00:00-04:00,441.9773517679608,476.0457972633391,430.72257911710517,473.3081359863281,10463,0.0,0.0
2007-07-18 00:00:00-04:00,473.3081410640207,491.559102352846,465.3993987779995,477.26251220703125,7796,0.0,0.0
2007-07-19 00:00:00-04:00,486.38799168883315,524.7150217124582,485.7796225110916,514.372802734375,13324,0.0,0.0
2007-07-20 00:00:00-04:00,517.7188841692276,524.7151022655376,489.1256995563829,514.0687255859375,9591,0.0,0.0
2007-07-23 00:00:00-04:00,516.8064511872582,517.1106073554425,491.8634777415299,497.3387451171875,8095,0.0,0.0
2007-07-24 00:00:00-04:00,488.82147942641313,500.3804370207213,463.5743291111946,473.6123352050781,7084,0.0,0.0
2007-07-25 00:00:00-04:00,484.5629783156602,495.5135685993986,437.7188562662104,460.5325622558594,6068,0.0,0.0
2007-07-26 00:00:00-04:00,456.273941978969,456.273941978969,430.72260624797707,438.0229797363281,6104,0.0,0.0
2007-07-27 00:00:00-04:00,432.2436217197889,460.8367810992116,432.2436217197889,454.144775390625,4354,0.0,0.0
2007-07-30 00:00:00-04:00,462.0535197814162,462.3577044519674,447.452741160269,454.144775390625,2032,0.0,0.0
2007-07-31 00:00:00-04:00,465.3996479457818,486.69246653043206,448.06123114302954,448.9737854003906,3526,0.0,0.0
2007-08-01 00:00:00-04:00,453.8404705780554,475.13324927110057,439.5438804120958,465.09521484375,4613,0.0,0.0
2007-08-02 00:00:00-04:00,468.7455322066092,470.5706402560679,452.0154891736503,462.6618957519531,2052,0.0,0.0
2007-08-03 00:00:00-04:00,461.44509257405076,461.7492772064565,425.8557187567093,429.20172119140625,3576,0.0,0.0
2007-08-06 00:00:00-04:00,425.8557127025615,429.8100843458529,356.1978892201926,397.5667419433594,9998,0.0,0.0
2007-08-07 00:00:00-04:00,397.56676634438674,411.2549898828759,387.83291469189214,399.391845703125,3956,0.0,0.0
2007-08-08 00:00:00-04:00,403.04208743850086,424.9432423570294,380.2284069781024,385.70367431640625,5128,0.0,0.0
2007-08-09 00:00:00-04:00,381.4451007135172,385.7036576379235,349.8100941943118,358.9355773925781,10294,0.0,0.0
2007-08-10 00:00:00-04:00,355.28543336848,372.01547844214576,344.639054013317,365.019287109375,5770,0.0,0.0
2007-08-13 00:00:00-04:00,378.3772976782473,417.8304243131625,371.5428815042371,404.16162109375,4289,16.273394,0.0
2007-08-14 00:00:00-04:00,413.7919368160431,420.9369807982436,395.77396942237993,405.4042663574219,2409,0.0,0.0
2007-08-15 00:00:00-04:00,413.17069874466256,413.7920120959065,395.15272807304734,401.05517578125,1840,0.0,0.0
2007-08-16 00:00:00-04:00,396.0846005490052,397.63785441595246,349.48640196843724,392.35675048828125,3934,0.0,0.0
2007-08-17 00:00:00-04:00,404.472325924438,420.00507062383673,380.5519101562363,397.6379089355469,1937,0.0,0.0
2007-08-20 00:00:00-04:00,407.268262313382,417.83053131976,396.3953657513958,410.68548583984375,1082,0.0,0.0
2007-08-21 00:00:00-04:00,414.1026674273312,415.65592167178437,403.8510554223129,415.0346374511719,711,0.0,0.0
2007-08-22 00:00:00-04:00,423.4221842797271,449.51716246404857,420.93693161725497,448.2745361328125,3458,0.0,0.0
2007-08-23 00:00:00-04:00,439.57626308321954,439.57626308321954,398.56985136460787,424.0435485839844,7265,0.0,0.0
2007-08-24 00:00:00-04:00,422.8009760022254,440.508289100731,414.4133044427873,437.0910949707031,2745,0.0,0.0
2007-08-27 00:00:00-04:00,444.8574222638103,444.8574222638103,428.392736950179,441.7508850097656,1679,0.0,0.0
2007-08-28 00:00:00-04:00,435.5378685621644,438.023093037188,416.2772696484178,420.6264343261719,1871,0.0,0.0
2007-08-29 00:00:00-04:00,435.22705091931533,440.5081837455271,431.18854443541363,438.3335876464844,846,0.0,0.0
2007-08-30 00:00:00-04:00,439.88710773472445,446.41087042046206,417.8306239102375,445.1682434082031,1509,0.0,0.0
2007-08-31 00:00:00-04:00,455.4197327836015,458.21561366382963,441.1296134575838,449.82794189453125,1813,0.0,0.0
2007-09-04 00:00:00-04:00,450.4492182157821,464.42867972543854,444.2361145019531,444.2361145019531,2347,0.0,0.0
2007-09-05 00:00:00-04:00,449.82796700477735,458.2156392422914,442.68289237861,445.7894592285156,1194,0.0,0.0
2007-09-06 00:00:00-04:00,462.8754085833088,472.19504983273606,452.00248408277287,461.6327819824219,3871,0.0,0.0
2007-09-07 00:00:00-04:00,461.6328269078056,461.94348358826,435.8484972017854,451.0705871582031,1879,0.0,0.0
2007-09-10 00:00:00-04:00,460.39018189746565,461.632808569921,427.150151438197,440.50830078125,2785,0.0,0.0
2007-09-11 00:00:00-04:00,445.7893783852635,452.3131093297651,427.46075380915187,433.673828125,2357,0.0,0.0
2007-09-12 00:00:00-04:00,434.91651898336664,434.91651898336664,412.860040728877,415.0346374511719,2827,0.0,0.0
2007-09-13 00:00:00-04:00,421.8689825099889,425.28617644956154,408.51083426564867,414.72393798828125,1172,0.0,0.0
2007-09-14 00:00:00-04:00,407.26820717158375,412.8599976018999,397.6379095217647,408.5108337402344,1714,0.0,0.0
2007-09-17 00:00:00-04:00,403.8510199893944,421.55833237431176,403.8510199893944,410.99609375,1227,0.0,0.0
2007-09-18 00:00:00-04:00,415.6559842439497,433.3633299767134,408.82159463084287,431.4993896484375,1341,0.0,0.0
2007-09-19 00:00:00-04:00,432.43127908774625,444.23614491061,432.43127908774625,438.0230407714844,1258,0.0,0.0
2007-09-20 00:00:00-04:00,438.0229923027042,446.1000355283984,434.2951418831739,442.99346923828125,1687,0.0,0.0
2007-09-21 00:00:00-04:00,447.9639062353727,462.8753357126667,447.9639062353727,459.768798828125,1197,0.0,0.0
2007-09-24 00:00:00-04:00,462.8755199210728,469.0886252913644,455.1091600546728,456.66241455078125,2284,0.0,0.0
2007-09-25 00:00:00-04:00,455.1090572608322,465.36063948268935,451.6918340582671,464.1180419921875,1406,0.0,0.0
2007-09-26 00:00:00-04:00,465.9819162406889,465.9819162406889,454.4877083013213,464.73931884765625,1656,0.0,0.0
2007-09-27 00:00:00-04:00,465.9819960400683,465.9819960400683,456.66235378897767,458.21563720703125,717,0.0,0.0
2007-09-28 00:00:00-04:00,460.07964734668917,461.9435586034815,439.5764196216342,451.3813171386719,1450,0.0,0.0
2007-10-01 00:00:00-04:00,453.5557384100889,476.85484004784547,451.38117112582387,464.73931884765625,2764,0.0,0.0
2007-10-02 00:00:00-04:00,470.3311165760034,491.76630922967894,470.3311165760034,488.9704284667969,3372,0.0,0.0
2007-10-03 00:00:00-04:00,491.14505045424477,507.92039515139555,484.93194580078125,484.93194580078125,3520,0.0,0.0
2007-10-04 00:00:00-04:00,490.2130086252419,494.2515161037548,478.4081428517898,481.51470947265625,1384,0.0,0.0
2007-10-05 00:00:00-04:00,497.04739827356696,503.8817857996311,481.20399770723816,488.6596984863281,3119,0.0,0.0
2007-10-08 00:00:00-04:00,489.28091575850533,528.1127242976042,489.28091575850533,517.8611450195312,6500,0.0,0.0
2007-10-09 00:00:00-04:00,525.6276786557535,563.5275615438217,525.6276786557535,546.4415893554688,10132,0.0,0.0
2007-10-10 00:00:00-04:00,557.3144107500209,604.223243862259,556.071784166525,591.17578125,10116,0.0,0.0
2007-10-11 00:00:00-04:00,605.4658037531186,616.028070292166,550.7905896451704,553.8971557617188,9413,0.0,0.0
2007-10-12 00:00:00-04:00,559.1784259862701,608.5725189223886,559.1784259862701,584.652099609375,4555,0.0,0.0
2007-10-15 00:00:00-04:00,608.8832178479231,633.1143258173904,585.5841091795343,621.6200561523438,6712,0.0,0.0
2007-10-16 00:00:00-04:00,632.4929362769407,668.5288789144414,607.9512036644356,629.07568359375,11637,0.0,0.0
2007-10-17 00:00:00-04:00,644.9191648207325,654.5494941408604,613.5430395816009,621.6200561523438,5660,0.0,0.0
2007-10-18 00:00:00-04:00,630.6291630298816,657.0347844931426,602.9808562334385,645.8512573242188,6486,0.0,0.0
2007-10-19 00:00:00-04:00,644.2975461176306,645.2295449771475,604.5337955514613,607.9509887695312,4936,0.0,0.0
2007-10-22 00:00:00-04:00,580.9240993820455,605.1551995071266,557.624998256325,603.291259765625,3874,0.0,0.0
2007-10-23 00:00:00-04:00,618.8240852992196,632.492920928594,606.7085621946653,623.1732788085938,2986,0.0,0.0
2007-10-24 00:00:00-04:00,620.6878831760191,621.3091963921592,595.2142160859246,614.1641235351562,2986,0.0,0.0
2007-10-25 00:00:00-04:00,627.5223202223084,627.5223202223084,598.6314572734814,606.087158203125,2106,0.0,0.0
2007-10-26 00:00:00-04:00,617.5815805585185,617.5815805585185,590.2439621576474,600.49560546875,3922,0.0,0.0
2007-10-29 00:00:00-04:00,607.951195296029,618.2027784327943,598.0102397131518,617.8921508789062,3217,0.0,0.0
2007-10-30 00:00:00-04:00,617.8920983200412,621.3092924082912,559.7996823053414,569.1193237304688,6245,0.0,0.0
2007-10-31 00:00:00-04:00,574.7111013069202,600.8060863734196,565.7021454152939,599.8741455078125,6952,0.0,0.0
2007-11-01 00:00:00-04:00,591.6739945787077,601.4511574420491,567.7042808815396,590.7278442382812,4255,18.877136,0.0
2007-11-02 00:00:00-04:00,588.2044872951706,600.8201558103525,578.1119643121181,595.7738647460938,4495,0.0,0.0
2007-11-05 00:00:00-05:00,573.696578928906,589.7814855190837,563.6040548876441,569.5964965820312,7800,0.0,0.0
2007-11-06 00:00:00-05:00,571.4889033745851,589.7815955214342,567.3888202629887,572.1196899414062,9598,0.0,0.0
2007-11-07 00:00:00-05:00,549.0959862946604,551.3037682810457,526.703216819859,528.2802124023438,44226,0.0,0.0
2007-11-08 00:00:00-05:00,536.1651491155698,539.3190822843897,504.6260540093242,518.8186645507812,10938,0.0,0.0
2007-11-09 00:00:00-05:00,508.4106906056498,509.9876866881719,487.27948723832134,492.6411437988281,9015,0.0,0.0
2007-11-12 00:00:00-05:00,486.01781625604656,499.8950596048695,454.1633061760235,462.67889404296875,9199,0.0,0.0
2007-11-13 00:00:00-05:00,467.72536601419574,491.0643297408378,467.72536601419574,482.54876708984375,5263,0.0,0.0
2007-11-14 00:00:00-05:00,488.85660260104345,498.31831582250715,466.77921260545793,470.56390380859375,5014,0.0,0.0
2007-11-15 00:00:00-05:00,465.8328137849392,475.92533863847126,457.31725518125216,463.62506103515625,2449,0.0,0.0
2007-11-16 00:00:00-05:00,466.4634913247692,479.70991601105214,447.8554122141675,449.74774169921875,3103,0.0,0.0
2007-11-19 00:00:00-05:00,456.6864743331094,462.04813007619845,427.35507915942503,434.293701171875,5546,0.0,0.0
2007-11-20 00:00:00-05:00,447.85554580257434,466.77902373405493,428.3012813303458,428.93206787109375,5879,0.0,0.0
2007-11-21 00:00:00-05:00,428.3011675576437,439.3398699429645,413.16238331933477,426.09344482421875,3931,0.0,0.0
2007-11-23 00:00:00-05:00,437.1322387064922,437.1322387064922,416.31643048973837,430.8244323730469,1426,0.0,0.0
2007-11-26 00:00:00-05:00,432.71664259722564,444.70149496959607,423.25490614487404,426.09344482421875,2986,0.0,0.0
2007-11-27 00:00:00-05:00,424.2011447637336,437.1321784961988,410.32393133975575,419.47027587890625,4627,0.0,0.0
2007-11-28 00:00:00-05:00,429.878417765972,453.21738114413773,425.77833320162887,439.970947265625,5607,0.0,0.0
2007-11-29 00:00:00-05:00,433.6630378538286,462.6790480161545,433.6630378538286,461.1020812988281,6320,0.0,0.0
2007-11-30 00:00:00-05:00,492.0102316507218,496.74110040016086,466.1481649259137,480.9715576171875,5643,0.0,0.0
2007-12-03 00:00:00-05:00,488.85633026605643,494.8487423440864,454.47867604564743,461.41729736328125,4924,0.0,0.0
2007-12-04 00:00:00-05:00,467.7252794344427,467.7252794344427,449.4325839191001,452.5865173339844,3099,0.0,0.0
2007-12-05 00:00:00-05:00,457.6325681201727,474.97907553333516,441.54760391275704,447.8554382324219,3303,0.0,0.0
2007-12-06 00:00:00-05:00,444.70165049726506,448.80176335693756,418.208790994297,422.624267578125,8310,0.0,0.0
2007-12-07 00:00:00-05:00,425.7781188735549,432.0859244560529,397.07751179770537,408.43157958984375,13112,0.0,0.0
2007-12-10 00:00:00-05:00,410.32395513373706,414.4240377953127,389.5081485770654,396.13134765625,11029,0.0,0.0
2007-12-11 00:00:00-05:00,400.86224061654997,432.7167536268701,400.5468473490302,418.83953857421875,5779,0.0,0.0
2007-12-12 00:00:00-05:00,431.7705461356482,433.9782988667074,406.5392637885401,414.108642578125,3432,0.0,0.0
2007-12-13 00:00:00-05:00,414.1087317758207,414.1087317758207,397.07761104443694,404.0162048339844,3261,0.0,0.0
2007-12-14 00:00:00-05:00,398.3391280809163,408.1162603275093,397.7083415394922,399.2852783203125,2592,0.0,0.0
2007-12-17 00:00:00-05:00,395.5005113228106,398.65444341332636,364.5921838448948,370.5846252441406,4853,0.0,0.0
2007-12-18 00:00:00-05:00,376.57723086269084,395.1853214817875,367.43088223882125,374.3695068359375,4802,0.0,0.0
2007-12-19 00:00:00-05:00,372.47698297698764,382.8849005140426,366.48457069918686,373.7385559082031,3031,0.0,0.0
2007-12-20 00:00:00-05:00,378.46939632496185,382.5694784698983,365.22297026299793,370.5846252441406,3074,0.0,0.0
2007-12-21 00:00:00-05:00,378.7848259218201,404.96228735142324,370.58466084420184,395.50054931640625,5793,0.0,0.0
2007-12-24 00:00:00-05:00,397.3929311479743,399.60065437510366,383.5157165527344,383.5157165527344,3470,0.0,0.0
2007-12-26 00:00:00-05:00,383.5157705439003,388.87742709708107,375.3156038497382,384.77734375,4758,0.0,0.0
2007-12-27 00:00:00-05:00,385.4080890049693,396.1314017837024,378.469495728901,384.14654541015625,4263,0.0,0.0
2007-12-28 00:00:00-05:00,384.1465658945772,401.80847289119083,384.1465658945772,400.23150634765625,5446,0.0,0.0
2007-12-31 00:00:00-05:00,399.6005791668255,409.0623159542876,379.4155623735773,391.08502197265625,4686,0.0,0.0
2008-01-02 00:00:00-05:00,397.0776262994777,397.0776262994777,381.3080486504254,389.8236389160156,1979,0.0,0.0
2008-01-03 00:00:00-05:00,383.2003534754867,402.12383210233656,383.2003534754867,390.1389465332031,2407,0.0,0.0
2008-01-04 00:00:00-05:00,390.138925808246,391.7158921342922,376.892497387676,379.1002502441406,2721,0.0,0.0
2008-01-07 00:00:00-05:00,378.7849166009208,381.30803354700225,355.7613524803584,362.38458251953125,4146,0.0,0.0
2008-01-08 00:00:00-05:00,362.38451861127754,377.2078835042294,354.8151099624468,365.5384216308594,4057,0.0,0.0
2008-01-09 00:00:00-05:00,367.1153515359276,368.6923178027992,321.0682618433954,343.77642822265625,5598,0.0,0.0
2008-01-10 00:00:00-05:00,330.21467249440605,349.13812358380767,315.391275366026,342.5149230957031,5025,0.0,0.0
2008-01-11 00:00:00-05:00,335.8916930348545,349.13812358380767,331.16082286931805,342.5149230957031,2549,0.0,0.0
2008-01-14 00:00:00-05:00,345.98417967472193,345.98417967472193,318.5451418270619,332.1069641113281,1851,0.0,0.0
2008-01-15 00:00:00-05:00,329.2684227577122,331.79153917727194,299.6216347846424,310.66033935546875,4500,0.0,0.0
2008-01-16 00:00:00-05:00,302.4602561748427,320.1221646269874,299.62171616255426,311.9219970703125,4509,0.0,0.0
2008-01-17 00:00:00-05:00,315.70664198128225,322.9606284876576,303.72175613673824,307.8218688964844,2927,0.0,0.0
2008-01-18 00:00:00-05:00,314.4450457104277,332.7377368490667,310.66035609083673,319.80670166015625,3942,0.0,0.0
2008-01-22 00:00:00-05:00,297.729401237875,312.23740667159996,262.7209462717078,302.7756652832031,3861,0.0,0.0
2008-01-23 00:00:00-05:00,284.79831314596765,315.391255888301,284.79831314596765,306.560302734375,2876,0.0,0.0
2008-01-24 00:00:00-05:00,309.71420438783457,320.122123965397,299.9370713995476,314.7604675292969,3779,0.0,0.0
2008-01-25 00:00:00-05:00,320.4375529334344,329.58390035068254,316.3374692194348,321.6990966796875,2400,0.0,0.0
2008-01-28 00:00:00-05:00,326.1145708117575,339.67642472441474,315.3912864142484,336.5224914550781,2662,0.0,0.0
2008-01-29 00:00:00-05:00,340.937947860551,367.74620159373535,340.937947860551,363.6461181640625,3834,0.0,0.0
2008-01-30 00:00:00-05:00,367.11533778445755,382.56951790269983,359.2305658909248,367.7461242675781,5162,0.0,0.0
2008-01-31 00:00:00-05:00,364.5922487627336,380.0464300397684,352.2920001377913,379.1002502441406,3100,0.0,0.0
2008-02-01 00:00:00-05:00,388.5619790939797,393.608241635225,370.5846817288664,383.5157165527344,3781,0.0,0.0
2008-02-04 00:00:00-05:00,386.98504504278577,389.19279802655143,372.1616494414397,375.3155822753906,1492,0.0,0.0
2008-02-05 00:00:00-05:00,375.0001490563789,375.0001490563789,351.66119643432774,363.3306579589844,2559,0.0,0.0
2008-02-06 00:00:00-05:00,365.8538556830816,365.8538556830816,352.29203274216536,361.12298583984375,1745,0.0,0.0
2008-02-07 00:00:00-05:00,354.4997072432405,370.5846743166253,344.4071823626153,346.9303283691406,3116,0.0,0.0
2008-02-08 00:00:00-05:00,348.822677116759,358.9152025417741,345.3533807433912,346.299560546875,3472,0.0,0.0
2008-02-11 00:00:00-05:00,347.56106884704604,377.8386099068587,343.7763799111612,370.5846252441406,3564,0.0,0.0
2008-02-12 00:00:00-05:00,380.3618507531303,397.07757672452396,380.3618507531303,382.2541809082031,3530,0.0,0.0
2008-02-13 00:00:00-05:00,390.4543312273026,418.5241552682309,384.46191814727723,414.424072265625,5054,0.0,0.0
2008-02-14 00:00:00-05:00,424.8319690925964,425.4627556098307,406.5392783837567,418.208740234375,5116,0.0,0.0
2008-02-15 00:00:00-05:00,425.7782299836951,433.663003805779,410.008652766783,412.53179931640625,4784,0.0,0.0
2008-02-19 00:00:00-05:00,422.9396097007749,434.29370786980684,413.16247782542473,426.408935546875,2865,0.0,0.0
2008-02-20 00:00:00-05:00,425.77815690472426,426.09355016929425,402.7545964548119,423.5704040527344,4987,0.0,0.0
2008-02-21 00:00:00-05:00,431.455171358311,431.455171358311,409.0623977055114,415.0548400878906,3897,0.0,0.0
2008-02-22 00:00:00-05:00,421.0472914468572,421.0472914468572,403.7007504514884,418.83953857421875,2306,0.0,0.0
2008-02-25 00:00:00-05:00,420.1011125678044,431.45518150525714,410.00858713046443,425.4627685546875,3066,0.0,0.0
2008-02-26 00:00:00-05:00,419.47030326942627,428.9320416569124,413.4778610712882,416.0010070800781,3665,0.0,0.0
2008-02-27 00:00:00-05:00,418.8394627658735,421.0472152389172,407.17000269798837,413.16241455078125,3349,0.0,0.0
2008-02-28 00:00:00-05:00,408.74714295216114,416.6319475711477,404.33166537753823,409.3779296875,2349,0.0,0.0
2008-02-29 00:00:00-05:00,425.778136130389,442.178466796875,420.73187371622305,442.178466796875,7729,0.0,0.0
2008-03-03 00:00:00-05:00,450.23569773383986,463.44951259182756,437.0219130952278,453.7808837890625,7148,19.528072,0.0
2008-03-04 00:00:00-05:00,448.6242220333109,448.6242220333109,427.3532293158712,441.8561706542969,3010,0.0,0.0
2008-03-05 00:00:00-05:00,441.85635649742704,447.9798312521054,435.08833249117924,445.0792236328125,3297,0.0,0.0
2008-03-06 00:00:00-05:00,442.8230199044576,442.8230199044576,425.09721356872564,427.35321044921875,2238,0.0,0.0
2008-03-07 00:00:00-05:00,421.2297733074767,425.4195077473722,409.3051189467681,412.5279846191406,2423,0.0,0.0
2008-03-10 00:00:00-04:00,411.23887843034043,418.6514789382317,377.7209709028974,381.91070556640625,3973,0.0,0.0
2008-03-11 00:00:00-04:00,385.133668985041,405.1155087652633,385.133668985041,398.9920349121094,2215,0.0,0.0
2008-03-12 00:00:00-04:00,388.67884919235183,408.3383687434244,388.67884919235183,392.5462951660156,2185,0.0,0.0
2008-03-13 00:00:00-04:00,386.74495801221434,390.612402455044,370.63057091116195,386.42266845703125,3285,0.0,0.0
2008-03-14 00:00:00-04:00,388.35658334534213,394.1577375521992,374.175927091971,379.9770812988281,2180,0.0,0.0
2008-03-17 00:00:00-04:00,370.9529640486986,378.0433060232176,350.9711571446019,358.3837585449219,2581,0.0,0.0
2008-03-18 00:00:00-04:00,366.7631264683323,386.74495801221434,355.1607931398433,386.42266845703125,3544,0.0,0.0
2008-03-19 00:00:00-04:00,380.6215073457225,380.6215073457225,361.6065434351334,361.9288330078125,2155,0.0,0.0
2008-03-20 00:00:00-04:00,364.8295722308643,370.30846674542653,350.97120620903286,365.4741516113281,2220,0.0,0.0
2008-03-24 00:00:00-04:00,368.0524529631981,380.621660703897,367.0855838555948,379.9770812988281,2579,0.0,0.0
2008-03-25 00:00:00-04:00,380.621662348227,391.90174154690084,372.5644801888209,387.7120056152344,2529,0.0,0.0
2008-03-26 00:00:00-04:00,388.03421760237234,394.8022395905494,377.0764303022876,394.4799499511719,2149,0.0,0.0
2008-03-27 00:00:00-04:00,393.19075891288367,401.5702277617165,383.84442130009995,388.3564453125,2105,0.0,0.0
2008-03-28 00:00:00-04:00,387.3895787150215,390.61244439351094,378.68782022954053,380.9438171386719,1707,0.0,0.0
2008-03-31 00:00:00-04:00,378.68802507589686,386.7452087402344,373.53141906929244,386.7452087402344,1550,0.0,0.0
2008-04-01 00:00:00-04:00,388.35634918580854,404.4707037188518,386.10032262833914,397.05810546875,3297,0.0,0.0
2008-04-02 00:00:00-04:00,399.31420441460017,416.07317248980945,398.02507626986943,409.6274108886719,2848,0.0,0.0
2008-04-03 00:00:00-04:00,407.6937160511627,426.7086514073108,389.64558905896615,419.2960510253906,2221,0.0,0.0
2008-04-04 00:00:00-04:00,427.6755797252951,433.4767631293871,413.49492597050147,432.8321838378906,2579,0.0,0.0
2008-04-07 00:00:00-04:00,435.088230610974,446.045988393171,435.088230610974,444.4345703125,4137,0.0,0.0
2008-04-08 00:00:00-04:00,442.17846025422,443.7899082538357,435.08814949465466,441.8561706542969,1991,0.0,0.0
2008-04-09 00:00:00-04:00,443.7898974850452,445.0790256340846,434.121270160709,438.3110046386719,2192,0.0,0.0
2008-04-10 00:00:00-04:00,449.5910933418964,449.5910933418964,433.79899351565484,438.9555969238281,1527,0.0,0.0
2008-04-11 00:00:00-04:00,435.73291924178477,441.85636387938104,434.76605001920063,439.278076171875,1403,0.0,0.0
2008-04-14 00:00:00-04:00,438.3111328660742,438.6334225524623,430.25395114513213,432.50994873046875,1157,0.0,0.0
2008-04-15 00:00:00-04:00,435.08817361614297,439.27790842805274,426.06412475674136,437.0218811035156,1035,0.0,0.0
2008-04-16 00:00:00-04:00,444.75667157478205,447.9795365903045,436.6994637069289,441.21148681640625,1946,0.0,0.0
2008-04-17 00:00:00-04:00,446.6904786720826,483.4312508344404,444.7567713168577,474.7294921875,10434,0.0,0.0
2008-04-18 00:00:00-04:00,483.4313525748312,491.1662742816953,474.40730243297116,476.663330078125,6137,0.0,0.0
2008-04-21 00:00:00-04:00,475.3742980957031,481.82006286578246,473.4405595988636,475.3742980957031,3500,0.0,0.0
2008-04-22 00:00:00-04:00,474.7295553371563,491.48852588819454,467.3169540872382,486.9764709472656,4587,0.0,0.0
2008-04-23 00:00:00-04:00,490.19943739032055,505.99151106298865,486.9765405433437,495.03375244140625,4441,0.0,0.0
2008-04-24 00:00:00-04:00,489.2324435217063,505.02454338482386,456.03682600247237,458.6151428222656,5165,0.0,0.0
2008-04-25 00:00:00-04:00,466.0277432404272,474.08492286353703,453.7808290045253,458.6151428222656,3308,0.0,0.0
2008-04-28 00:00:00-04:00,467.31696183065685,472.15127627095245,453.7808874417043,457.0037536621094,4243,0.0,0.0
2008-04-29 00:00:00-04:00,459.90427160504106,459.90427160504106,444.7567811467373,449.5910949707031,2450,0.0,0.0
2008-04-30 00:00:00-04:00,445.07895999638424,456.3590336177127,438.3109399990804,444.11212158203125,2384,0.0,0.0
2008-05-01 00:00:00-04:00,436.0550645920968,447.9797214429961,435.73280515499675,445.72369384765625,2031,0.0,0.0
2008-05-02 00:00:00-04:00,451.20245361328125,454.1030596590154,444.75672283927474,451.20245361328125,2521,0.0,0.0
2008-05-05 00:00:00-04:00,454.7476181716596,470.5397163185286,450.5578840141982,466.6722717285156,4288,0.0,0.0
2008-05-06 00:00:00-04:00,474.0849129959679,475.69636097479815,460.8711302276743,474.7294921875,6312,0.0,0.0
2008-05-07 00:00:00-04:00,479.24160226405195,479.5638919176228,461.5157921951621,463.77178955078125,5872,0.0,0.0
2008-05-08 00:00:00-04:00,463.4494300669323,475.05176443263593,462.48256131494776,466.3500061035156,1959,0.0,0.0
2008-05-09 00:00:00-04:00,466.99471733261765,473.7627400716933,462.8049817752425,469.8952941894531,1613,0.0,0.0
2008-05-12 00:00:00-04:00,473.7627873600341,474.4073667746423,446.36834355547927,461.515869140625,9167,0.0,0.0
2008-05-13 00:00:00-04:00,460.87113301915986,470.53976051196105,451.52479512407683,462.80487060546875,4335,0.0,0.0
2008-05-14 00:00:00-04:00,463.1271902262566,475.37410507536003,463.1271902262566,467.3169250488281,4108,0.0,0.0
2008-05-15 00:00:00-04:00,471.5066111723465,503.4130685838124,469.2505840750797,499.5456237792969,8761,0.0,0.0
2008-05-16 00:00:00-04:00,502.76865504474176,544.6660731845172,499.5457883491361,541.4431762695312,13482,0.0,0.0
2008-05-19 00:00:00-04:00,551.1118099257714,563.6810173124802,524.6842363785228,538.5426025390625,17275,0.0,0.0
2008-05-20 00:00:00-04:00,534.6749727877971,541.7652835704772,521.7835096263318,527.9069213867188,7291,0.0,0.0
2008-05-21 00:00:00-04:00,534.0304786364695,544.0214276384619,524.6841693778351,532.0967407226562,5652,0.0,0.0
2008-05-22 00:00:00-04:00,531.4521668767187,541.1207961063408,502.7685990628419,509.5366516113281,5068,0.0,0.0
2008-05-23 00:00:00-04:00,505.9913395749217,515.3376768247813,491.4884295562985,506.3136291503906,3858,0.0,0.0
2008-05-27 00:00:00-04:00,502.7685817740937,515.0155278274793,501.1571335514441,510.18121337890625,2595,0.0,0.0
2008-05-28 00:00:00-04:00,522.1056893834349,531.7743154993776,518.5605345327539,526.9400024414062,5123,0.0,0.0
2008-05-29 00:00:00-04:00,534.3526555216347,538.5423896610631,509.5365100317567,513.0816650390625,6073,0.0,0.0
2008-05-30 00:00:00-04:00,520.8164769770292,522.1056350501624,499.22323034886875,503.4129638671875,5787,0.0,0.0
2008-06-02 00:00:00-04:00,500.8349162205122,510.82583560190596,497.6120195043345,504.7023620605469,5669,0.0,0.0
2008-06-03 00:00:00-04:00,504.38006747269935,515.6601454306165,502.7686191303174,505.9914855957031,6402,0.0,0.0
2008-06-04 00:00:00-04:00,509.60792695461254,511.58058474160237,499.4157640995896,507.9640197753906,5071,20.179007,0.0
2008-06-05 00:00:00-04:00,511.58072424966167,518.4851054571419,496.45689738885847,506.9778137207031,4626,0.0,0.0
2008-06-06 00:00:00-04:00,498.10063292501775,504.6762307421299,495.799193727278,496.4567565917969,3607,0.0,0.0
2008-06-09 00:00:00-04:00,497.1144167829753,501.3885765042144,480.01790121035543,491.1964111328125,5635,0.0,0.0
2008-06-10 00:00:00-04:00,484.9494873671805,486.9221760390357,474.4285427734408,474.75732421875,3967,0.0,0.0
2008-06-11 00:00:00-04:00,449.4414243606757,459.304808637836,433.0024711174654,433.6600341796875,7958,0.0,0.0
2008-06-12 00:00:00-04:00,433.9889363350269,441.5508519961922,417.5499476946278,424.12554931640625,4729,0.0,0.0
2008-06-13 00:00:00-04:00,420.50885100347585,434.31758235248765,417.22103580507945,433.33123779296875,3235,0.0,0.0
2008-06-16 00:00:00-04:00,430.0432264941591,451.41385986629473,422.48128635627415,433.0022277832031,5008,0.0,0.0
2008-06-17 00:00:00-04:00,440.56432633024707,455.35940078658626,440.56432633024707,445.167236328125,4234,0.0,0.0
2008-06-18 00:00:00-04:00,444.50975764012026,451.41410805324944,431.35855821191075,438.262939453125,1956,0.0,0.0
2008-06-19 00:00:00-04:00,435.96138680258264,444.5096740722656,435.6326053372841,444.5096740722656,1472,0.0,0.0
2008-06-20 00:00:00-04:00,441.5505634647022,441.8793448723534,427.4130554199219,427.4130554199219,3139,0.0,0.0
2008-06-23 00:00:00-04:00,428.72821288227897,437.6052498918066,424.7828665256085,426.09796142578125,2443,0.0,0.0
2008-06-24 00:00:00-04:00,424.12539522805633,432.3448711480036,413.6044487867974,425.4405212402344,2547,0.0,0.0
2008-06-25 00:00:00-04:00,428.3994344791171,441.22181793597287,419.52239740682637,440.2354736328125,2036,0.0,0.0
2008-06-26 00:00:00-04:00,442.53712795156645,442.86590952286207,425.76936029975906,428.0708312988281,2420,0.0,0.0
2008-06-27 00:00:00-04:00,425.7692196890103,438.26285361602805,422.81021735265296,432.3448181152344,2120,0.0,0.0
2008-06-30 00:00:00-04:00,436.29032680487444,442.20836450263596,426.4269409179688,426.42694091796875,1770,0.0,0.0
2008-07-01 00:00:00-04:00,421.49508091241904,424.45411400251453,404.069787138614,411.30291748046875,4756,0.0,0.0
2008-07-02 00:00:00-04:00,411.960553270897,420.1800602583396,386.3157802549571,386.6445617675781,3727,0.0,0.0
2008-07-03 00:00:00-04:00,386.3157761969813,386.3157761969813,361.6573171498406,376.452392578125,3862,0.0,0.0
2008-07-07 00:00:00-04:00,376.123599814994,409.98787844940574,376.123599814994,386.97332763671875,3215,0.0,0.0
2008-07-08 00:00:00-04:00,385.00064172407406,399.7957168281648,381.7128575325259,398.4805908203125,2389,0.0,0.0
2008-07-09 00:00:00-04:00,401.7683815845591,412.28932816332906,390.58990281918886,392.56256103515625,2246,0.0,0.0
2008-07-10 00:00:00-04:00,392.5625385152975,408.67273896661163,391.2474433894558,399.4669189453125,1340,0.0,0.0
2008-07-11 00:00:00-04:00,396.5078536521827,409.3302371902739,384.6717835954243,402.0970764160156,1675,0.0,0.0
2008-07-14 00:00:00-04:00,407.6864740459432,407.6864740459432,384.3431379496354,385.65826416015625,1469,0.0,0.0
2008-07-15 00:00:00-04:00,384.6718526835779,391.57623326141277,365.9314307512747,376.7811584472656,2269,0.0,0.0
2008-07-16 00:00:00-04:00,375.4659708943561,401.7683012542611,369.8767172151551,394.86395263671875,1675,0.0,0.0
2008-07-17 00:00:00-04:00,398.1518241785629,404.3986421209287,394.8640398643048,398.80938720703125,1985,0.0,0.0
2008-07-18 00:00:00-04:00,401.7682866496637,402.7546309386231,392.8912497051812,393.8775939941406,1254,0.0,0.0
2008-07-21 00:00:00-04:00,393.87759159636505,397.49415647245723,384.3429918506193,396.5078430175781,1227,0.0,0.0
2008-07-22 00:00:00-04:00,402.425857235909,406.0424530315353,391.5761623332598,402.754638671875,1180,0.0,0.0
2008-07-23 00:00:00-04:00,404.0698373007864,425.4405111810574,404.0698373007864,420.5088195800781,2735,0.0,0.0
2008-07-24 00:00:00-04:00,419.8511702404651,420.5087330957683,394.86393587931997,396.5078430175781,2753,0.0,0.0
2008-07-25 00:00:00-04:00,396.8367010138935,419.1936882675512,396.8367010138935,410.9742126464844,1888,0.0,0.0
2008-07-28 00:00:00-04:00,408.34399152918365,417.5498123181392,395.8503864093395,396.83673095703125,1495,0.0,0.0
2008-07-29 00:00:00-04:00,395.5215440301122,418.53609246099467,395.5215440301122,412.94683837890625,2232,0.0,0.0
2008-07-30 00:00:00-04:00,414.9196311909923,414.9196311909923,397.8230831933221,403.08355712890625,2049,0.0,0.0
2008-07-31 00:00:00-04:00,400.7821759480198,407.0289646155828,398.8094863721,404.39874267578125,750,0.0,0.0
2008-08-01 00:00:00-04:00,407.68628113941816,413.27553406135553,404.7272793939562,405.0560607910156,2154,0.0,0.0
2008-08-04 00:00:00-04:00,406.7000192264986,406.7000192264986,382.0415944269073,383.356689453125,2590,0.0,0.0
2008-08-05 00:00:00-04:00,385.6581882261762,393.87766376738705,378.0962448326739,385.32940673828125,1728,0.0,0.0
2008-08-06 00:00:00-04:00,378.75378939603377,394.20642609165,378.4250079241219,388.9459533691406,1303,0.0,0.0
2008-08-07 00:00:00-04:00,384.6718686511441,390.91868649724194,375.7948295597901,376.452392578125,1954,0.0,0.0
2008-08-08 00:00:00-04:00,361.9860991784621,391.57625007749306,361.6573176688228,389.9323425292969,1933,0.0,0.0
2008-08-11 00:00:00-04:00,391.90503514143126,395.52160095217914,378.09627326751445,386.6445617675781,2211,0.0,0.0
2008-08-12 00:00:00-04:00,391.24745288782543,394.53523702436985,383.0279463043411,390.2611083984375,1499,0.0,0.0
2008-08-13 00:00:00-04:00,391.24748122682655,415.90594110718695,383.68553708853767,405.7137756347656,3374,0.0,0.0
2008-08-14 00:00:00-04:00,419.19380860878834,429.05719451686036,410.9743306280919,425.7693786621094,4620,0.0,0.0
2008-08-15 00:00:00-04:00,429.0570611861934,429.71462415280405,413.2756424717795,420.8375549316406,3509,0.0,0.0
2008-08-18 00:00:00-04:00,422.81037522092396,429.05719451686036,422.48159363544886,425.7693786621094,2914,0.0,0.0
2008-08-19 00:00:00-04:00,424.7829080899209,424.7829080899209,410.97417907637464,414.261962890625,1986,0.0,0.0
2008-08-20 00:00:00-04:00,413.9331167638945,428.3994064460574,413.9331167638945,418.86480712890625,2516,0.0,0.0
2008-08-21 00:00:00-04:00,419.1937367422631,423.7966473217015,414.26204463371585,422.810302734375,2083,0.0,0.0
2008-08-22 00:00:00-04:00,428.07072818263896,435.6326408447012,420.8375661845917,424.45416259765625,2412,0.0,0.0
2008-08-25 00:00:00-04:00,422.81031298472294,435.30391890949005,422.81031298472294,427.0844421386719,1922,0.0,0.0
2008-08-26 00:00:00-04:00,431.6872402771582,434.6462733393747,424.45411000345155,432.0160217285156,2307,0.0,0.0
2008-08-27 00:00:00-04:00,434.6463873969069,441.5507380310582,427.74200593466963,439.2492980957031,2970,0.0,0.0
2008-08-28 00:00:00-04:00,443.5233072373015,443.85208868596607,432.01601819019635,435.96136474609375,3166,0.0,0.0
2008-08-29 00:00:00-04:00,435.96160219987667,446.1537710036588,433.6601616337841,440.56451416015625,2770,0.0,0.0
2008-09-02 00:00:00-04:00,448.78397060448873,449.77028454221113,429.0571986005871,433.9888916015625,2865,0.0,0.0
2008-09-03 00:00:00-04:00,438.0321592215976,438.0321592215976,409.728548612325,413.4349670410156,3062,20.829943,0.0
2008-09-04 00:00:00-04:00,416.1305666053764,418.4891850232534,390.5225244464303,394.22894287109375,2277,0.0,0.0
2008-09-05 00:00:00-04:00,389.5116082336614,389.5116082336614,373.00115573890827,379.06622314453125,2696,0.0,0.0
2008-09-08 00:00:00-04:00,393.2179984735122,399.62001537493603,370.64251174911055,370.9794616699219,2475,0.0,0.0
2008-09-09 00:00:00-04:00,370.64264681350215,374.01211565547845,337.28481365532747,345.3715515136719,5305,0.0,0.0
2008-09-10 00:00:00-04:00,347.3933311494391,366.93631176738614,345.37163042592306,351.7736511230469,4113,0.0,0.0
2008-09-11 00:00:00-04:00,348.0671563898659,367.94705125071255,345.37155600601983,362.2189636230469,3277,0.0,0.0
2008-09-12 00:00:00-04:00,361.8819061668599,373.67505956391363,353.79513900951486,373.00115966796875,2008,0.0,0.0
2008-09-15 00:00:00-04:00,357.1646187436926,372.6641891175685,347.0561840513433,354.80596923828125,2827,0.0,0.0
2008-09-16 00:00:00-04:00,348.0671160164865,371.6534586692688,345.37151594531144,370.6426086425781,3056,0.0,0.0
2008-09-17 00:00:00-04:00,365.58837430967463,375.69681095189594,328.1871776898549,331.2196960449219,4865,0.0,0.0
2008-09-18 00:00:00-04:00,336.94780530412277,345.37149174837646,317.0678825480057,329.87188720703125,5263,0.0,0.0
2008-09-19 00:00:00-04:00,347.05618322609786,354.4690184660648,333.57828086634464,337.2846984863281,5083,0.0,0.0
2008-09-22 00:00:00-04:00,337.62167598416625,340.6541939946906,333.24135814941104,333.57830810546875,2221,0.0,0.0
2008-09-23 00:00:00-04:00,333.91525768912356,333.91525768912356,311.67671647995206,312.3506164550781,3231,0.0,0.0
2008-09-24 00:00:00-04:00,315.0461323900211,320.1003497692832,302.5790797046374,313.6983642578125,2423,0.0,0.0
2008-09-25 00:00:00-04:00,319.7633790168191,319.7633790168191,302.9160099122652,305.2746276855469,3490,0.0,0.0
2008-09-26 00:00:00-04:00,300.2204530584265,302.5791027589908,283.7100315304562,292.8076171875,6100,0.0,0.0
2008-09-29 00:00:00-04:00,294.49244366666494,294.49244366666494,243.95025286066885,270.90606689453125,7666,0.0,0.0
2008-09-30 00:00:00-04:00,322.12212917367174,322.12212917367174,267.1996242562485,268.54742431640625,3644,0.0,0.0
2008-10-01 00:00:00-04:00,266.8626575114,269.55825746272643,253.0478025428475,263.83013916015625,4398,0.0,0.0
2008-10-02 00:00:00-04:00,264.50404287567534,265.51487713503946,239.23296523356646,240.58074951171875,3394,0.0,0.0
2008-10-03 00:00:00-04:00,243.27636171022294,255.4064847899986,241.25467716309404,243.61331176757812,3013,0.0,0.0
2008-10-06 00:00:00-04:00,237.54818959748607,237.88513958004404,203.51646251711435,226.765869140625,6498,0.0,0.0
2008-10-07 00:00:00-04:00,227.43977453233913,232.15704280670477,212.27711973745005,226.42892456054688,4733,0.0,0.0
2008-10-08 00:00:00-04:00,218.00518759932422,224.07023863735571,191.38630246414485,199.47305297851562,7784,0.0,0.0
2008-10-09 00:00:00-04:00,204.19037196973375,217.6682929132967,183.29961425346042,186.66908264160156,3799,0.0,0.0
2008-10-10 00:00:00-04:00,176.22372358197427,202.1687014294674,156.0068486999274,189.70162963867188,6919,0.0,0.0
2008-10-13 00:00:00-04:00,198.12530787672458,230.4722846670889,194.08192393018012,216.3204803466797,2206,0.0,0.0
2008-10-14 00:00:00-04:00,202.16869827908744,239.5699130686537,202.16869827908744,211.940185546875,3957,0.0,0.0
2008-10-15 00:00:00-04:00,210.25547110224474,223.0594781255019,195.42976379394534,195.4297637939453,2567,0.0,0.0
2008-10-16 00:00:00-04:00,196.77753605748103,218.0052613659205,169.82170768551094,185.65826416015625,3996,0.0,0.0
2008-10-17 00:00:00-04:00,181.95182383529388,222.3855729966927,181.95182383529388,187.00604248046875,2864,0.0,0.0
2008-10-20 00:00:00-04:00,194.4188890928328,205.53817606799296,192.39720486016728,200.82090759277344,2808,0.0,0.0
2008-10-21 00:00:00-04:00,200.147005171044,207.2229077986062,189.36466833075897,191.3863525390625,4504,0.0,0.0
2008-10-22 00:00:00-04:00,183.63654544263414,184.64737953674165,168.47389185804093,169.48472595214844,7615,0.0,0.0
2008-10-23 00:00:00-04:00,170.83248911071698,180.94092266240358,155.66983878318706,159.03932189941406,6397,0.0,0.0
2008-10-24 00:00:00-04:00,151.62650613695337,156.3437740934276,140.84417035244192,150.95260620117188,3205,0.0,0.0
2008-10-27 00:00:00-04:00,146.2353259897942,150.95259355094905,137.47469074679137,138.14857482910156,3241,0.0,0.0
2008-10-28 00:00:00-04:00,139.83332321358526,139.83332321358526,120.29034537477375,131.4096221923828,9242,0.0,0.0
2008-10-29 00:00:00-04:00,134.44216550470486,143.53975125698628,128.3771057036843,140.50721740722656,4335,0.0,0.0
2008-10-30 00:00:00-04:00,145.8984230576442,155.3329612196995,145.8984230576442,150.61569213867188,3687,0.0,0.0
2008-10-31 00:00:00-04:00,153.64819594271304,167.46305036532365,147.58312788590925,164.0935821533203,3380,0.0,0.0
2008-11-03 00:00:00-05:00,170.15864463716983,188.3538341038472,169.82169463632403,177.908447265625,3796,0.0,0.0
2008-11-04 00:00:00-05:00,183.63659111620754,195.42976379394534,175.21288731953672,195.4297637939453,3504,0.0,0.0
2008-11-05 00:00:00-05:00,192.0601787760102,192.7340785189523,169.14774548591402,170.4955291748047,5186,0.0,0.0
2008-11-06 00:00:00-05:00,171.50642933028743,171.50642933028743,144.88755540671212,148.93092346191406,2698,0.0,0.0
2008-11-07 00:00:00-05:00,148.93087903921364,179.9300617424049,148.93087903921364,171.50637817382812,3318,0.0,0.0
2008-11-10 00:00:00-05:00,177.90847391865512,177.90847391865512,150.6156935283213,154.32212829589844,2639,0.0,0.0
2008-11-11 00:00:00-05:00,150.61565623328116,158.365458103774,143.20280433067904,150.95260620117188,1578,0.0,0.0
2008-11-12 00:00:00-05:00,143.20276706939111,149.60478319951767,134.77908325195312,134.77908325195312,2682,0.0,0.0
2008-11-13 00:00:00-05:00,134.77910968679117,169.14778305184782,133.09435995527082,167.12608337402344,2770,0.0,0.0
2008-11-14 00:00:00-05:00,144.21366639185607,159.71325564249054,141.1811322221887,147.24620056152344,3756,0.0,0.0
2008-11-17 00:00:00-05:00,148.25702711659514,148.9309270744747,136.80080681763508,143.876708984375,2051,0.0,0.0
2008-11-18 00:00:00-05:00,142.5289487052569,150.6156863644196,139.15946414927166,139.4964141845703,4000,0.0,0.0
2008-11-19 00:00:00-05:00,137.4746638606057,145.56139764276347,122.31201432356941,122.64895629882812,6861,0.0,0.0
2008-11-20 00:00:00-05:00,117.93168581975875,117.93168581975875,104.45377819191519,105.12767791748047,7763,0.0,0.0
2008-11-21 00:00:00-05:00,111.19279609166743,121.3012263556366,97.04098108450927,118.2686996459961,7319,0.0,0.0
2008-11-24 00:00:00-05:00,117.93172230589661,119.61646424254475,110.51887042224321,117.59477233886719,5918,0.0,0.0
2008-11-25 00:00:00-05:00,117.93171842741327,127.70320396191461,115.23613457682696,123.65982818603516,3618,0.0,0.0
2008-11-26 00:00:00-05:00,122.31207338423599,134.44219571172215,122.31207338423599,130.39881896972656,4954,0.0,0.0
2008-11-28 00:00:00-05:00,128.04014982966743,137.81162715367645,128.04014982966743,134.10520935058594,2034,0.0,0.0
2008-12-01 00:00:00-05:00,133.09436567124618,133.43131563202118,126.69236380751454,128.37710571289062,3470,0.0,0.0
2008-12-02 00:00:00-05:00,131.40964981324487,131.74659982055573,126.35543129758162,128.7140655517578,2842,0.0,0.0
2008-12-03 00:00:00-05:00,122.985970718182,134.77915140246037,122.985970718182,130.06187438964844,2026,0.0,0.0
2008-12-04 00:00:00-05:00,129.72489521048817,139.49638919410327,126.35541915663764,128.0401611328125,4696,0.0,0.0
2008-12-05 00:00:00-05:00,125.34453261061181,135.11602312360066,125.34453261061181,134.44212341308594,3372,0.0,0.0
2008-12-08 00:00:00-05:00,140.84416503103134,157.3546022548896,138.14858118674874,152.30038452148438,3775,0.0,0.0
2008-12-09 00:00:00-05:00,151.62648585041782,182.2887234651131,151.62648585041782,178.58230590820312,6054,0.0,0.0
2008-12-10 00:00:00-05:00,182.6257142570324,202.16868777744915,180.26708006653382,186.66908264160156,10196,0.0,0.0
2008-12-11 00:00:00-05:00,183.6365526723829,187.00602084806061,168.47389849083783,173.8650665283203,5080,0.0,0.0
2008-12-12 00:00:00-05:00,175.96830061732052,180.174708416181,157.7405060989641,175.26722717285156,2741,13.018714,0.0
2008-12-15 00:00:00-05:00,175.26713966511133,187.88637319511236,165.10164553166695,172.8134002685547,4065,0.0,0.0
2008-12-16 00:00:00-05:00,174.9166972873111,184.0305866857213,161.9469202275893,175.9683074951172,3100,0.0,0.0
2008-12-17 00:00:00-05:00,170.71026115220738,181.2262793249528,167.90598416148373,173.16400146484375,3569,0.0,0.0
2008-12-18 00:00:00-05:00,175.617739706318,182.27788720950554,164.0500952017601,170.00918579101562,3077,0.0,0.0
2008-12-19 00:00:00-05:00,170.00915350946246,173.16396654202694,148.97708853766096,151.08029174804688,3639,0.0,0.0
2008-12-22 00:00:00-05:00,155.28673702380755,156.3383305638488,126.19237518310548,126.19237518310547,5166,0.0,0.0
2008-12-23 00:00:00-05:00,128.99669590073285,142.31701126692258,128.29563056319162,134.95578002929688,5117,0.0,0.0
2008-12-24 00:00:00-05:00,137.0589468644483,143.36855745353103,136.708410203837,140.21376037597656,1561,0.0,0.0
2008-12-26 00:00:00-05:00,138.4610610825832,146.5233540436393,138.4610610825832,144.42015075683594,1244,0.0,0.0
2008-12-29 00:00:00-05:00,146.5234105549331,148.62661465290228,135.65684509277344,135.65684509277344,3805,0.0,0.0
2008-12-30 00:00:00-05:00,134.60522110006374,143.36857281863863,129.3472034953286,141.61590576171875,2871,0.0,0.0
2008-12-31 00:00:00-05:00,135.65681105336347,154.5856678363686,135.65681105336347,150.72979736328125,3094,0.0,0.0
2009-01-02 00:00:00-05:00,151.7814309071347,169.30815385379384,151.7814309071347,165.10174560546875,2426,0.0,0.0
2009-01-05 00:00:00-05:00,165.10169721136842,179.1230648852043,162.9984937036904,170.7102508544922,4583,0.0,0.0
2009-01-06 00:00:00-05:00,179.82417713679038,206.11426776034756,179.473640403946,204.01104736328125,6508,0.0,0.0
2009-01-07 00:00:00-05:00,197.70137158131678,201.55724152851906,176.31876926000933,180.5251922607422,5360,0.0,0.0
2009-01-08 00:00:00-05:00,181.57679406758191,192.79390067538938,181.57679406758191,189.9896240234375,3881,0.0,0.0
2009-01-09 00:00:00-05:00,192.44337940034012,201.20674669142193,189.98963918827303,191.3917694091797,3882,0.0,0.0
2009-01-12 00:00:00-05:00,201.20667884729193,201.20667884729193,175.61767536372145,178.4219512939453,3584,0.0,0.0
2009-01-13 00:00:00-05:00,178.07146989146386,186.83482050742072,173.865046476549,176.31878662109375,2146,0.0,0.0
2009-01-14 00:00:00-05:00,175.26721869638376,175.61775540166522,164.05010986328125,164.05010986328125,2550,0.0,0.0
2009-01-15 00:00:00-05:00,164.7511289482443,179.8241037012767,147.22441450132217,163.3489990234375,2790,0.0,0.0
2009-01-16 00:00:00-05:00,169.30807926252874,178.4219816972685,159.49312005124838,165.45220947265625,1787,0.0,0.0
2009-01-20 00:00:00-05:00,165.4522363343998,175.26719713917305,148.97711181640625,148.97711181640625,2085,0.0,0.0
2009-01-21 00:00:00-05:00,154.23513553658773,167.9059837811522,148.9771182451379,165.8027801513672,2515,0.0,0.0
2009-01-22 00:00:00-05:00,159.84367253215368,162.99848585882114,150.72978562619522,152.48245239257812,1398,0.0,0.0
2009-01-23 00:00:00-05:00,149.67817013708236,161.24579665918293,144.7706902266188,157.74046325683594,1900,0.0,0.0
2009-01-26 00:00:00-05:00,157.74045071345293,168.2564829522126,157.74045071345293,160.895263671875,1570,0.0,0.0
2009-01-27 00:00:00-05:00,164.7511444091797,167.90595757851884,159.49312793827178,164.7511444091797,1019,0.0,0.0
2009-01-28 00:00:00-05:00,166.85435824026234,179.1230586352856,164.75115480596878,177.37039184570312,2268,0.0,0.0
2009-01-29 00:00:00-05:00,176.6693346669175,177.3704080202712,164.0500964764234,168.60704040527344,2979,0.0,0.0
2009-01-30 00:00:00-05:00,167.9060205619693,168.25655731604974,158.0910571836298,158.7921142578125,1423,0.0,0.0
2009-02-02 00:00:00-05:00,157.3899807172184,175.26723980145832,153.5340929287858,157.03944396972656,1539,0.0,0.0
2009-02-03 00:00:00-05:00,160.19423897313717,164.40064656856268,156.68888835429868,164.05010986328125,1840,0.0,0.0
2009-02-04 00:00:00-05:00,162.64795576753332,176.3187866769071,162.64795576753332,174.91665649414062,3306,0.0,0.0
2009-02-05 00:00:00-05:00,174.91667215279358,183.68003999000024,162.99850701344945,180.87576293945312,2185,0.0,0.0
2009-02-06 00:00:00-05:00,183.32951176154285,193.49501037597656,183.32951176154285,193.49501037597656,3483,0.0,0.0
2009-02-09 00:00:00-05:00,195.24766338583134,199.45407063569638,186.8348324521268,192.0928497314453,3627,0.0,0.0
2009-02-10 00:00:00-05:00,192.44331983517404,192.79385639039592,168.9575185410284,174.56607055664062,2768,0.0,0.0
2009-02-11 00:00:00-05:00,177.37037955793838,177.37037955793838,164.75114339243234,167.555419921875,1830,0.0,0.0
2009-02-12 00:00:00-05:00,162.99846966983614,175.2671686839366,157.74045345894007,165.45220947265625,1078,0.0,0.0
2009-02-13 00:00:00-05:00,163.34903078669842,172.4629181550663,159.84368064210958,161.94688415527344,1086,0.0,0.0
2009-02-17 00:00:00-05:00,158.79207486353081,166.1532955710608,151.43085415600083,152.13192749023438,2220,0.0,0.0
2009-02-18 00:00:00-05:00,156.33834025066952,161.59635757858672,150.72980267700254,155.6372833251953,3168,0.0,0.0
2009-02-19 00:00:00-05:00,155.98777138360438,161.94686084134048,148.97708853766096,151.08029174804688,1781,0.0,0.0
2009-02-20 00:00:00-05:00,157.7405028393558,157.7405028393558,140.21378212764697,148.2760772705078,3547,0.0,0.0
2009-02-23 00:00:00-05:00,148.27605712568726,158.09101807606316,145.8223004541192,150.72979736328125,2877,0.0,0.0
2009-02-24 00:00:00-05:00,153.88461432610106,172.11240833958828,151.43087377239948,170.3597412109375,5698,0.0,0.0
2009-02-25 00:00:00-05:00,171.41129693901624,171.41129693901624,152.83298676293379,158.09100341796875,2707,0.0,0.0
2009-02-26 00:00:00-05:00,164.75116743549253,166.15329768784864,154.58566969549432,156.68887329101562,1718,0.0,0.0
2009-02-27 00:00:00-05:00,152.83300224736809,159.14261301229124,149.32765197753906,149.32765197753906,1661,0.0,0.0
2009-03-02 00:00:00-05:00,148.9771607330278,148.9771607330278,134.95578002929688,134.95578002929688,2761,0.0,0.0
2009-03-03 00:00:00-05:00,133.90413533421707,136.35787556082911,123.73863776197084,127.94505310058594,4202,0.0,0.0
2009-03-04 00:00:00-05:00,133.20307337161924,147.57498662256606,132.15147156632796,145.12124633789062,2521,0.0,0.0
2009-03-05 00:00:00-05:00,141.61589489807724,145.47178184827874,127.94505510467629,131.80093383789062,1707,0.0,0.0
2009-03-06 00:00:00-05:00,129.34720179689515,132.15147891152984,122.68704570388469,123.03758239746094,3841,0.0,0.0
2009-03-09 00:00:00-04:00,124.43973228562636,130.3988155340881,123.73865883463769,130.04827880859375,9248,0.0,0.0
2009-03-10 00:00:00-04:00,136.89292791574513,151.30271024606597,136.89292791574513,150.2219696044922,5133,6.509357,0.0
2009-03-11 00:00:00-04:00,151.3026807612118,163.19074105580054,146.61950600544074,158.86781311035156,3619,0.0,0.0
2009-03-12 00:00:00-04:00,157.42681337462355,167.8739013671875,141.21581127115434,167.8739013671875,1922,0.0,0.0
2009-03-13 00:00:00-04:00,167.87394018640248,172.91736197738555,161.0292842634905,166.43295288085938,1690,0.0,0.0
2009-03-16 00:00:00-04:00,163.9112863900029,172.19691497387984,157.42689242602108,158.14736938476562,894,0.0,0.0
2009-03-17 00:00:00-04:00,157.42685826671593,168.59442604080058,148.06049094326545,167.51370239257812,1576,0.0,0.0
2009-03-18 00:00:00-04:00,165.3522465353497,169.6751751243956,162.11004164895994,168.95468139648438,1390,0.0,0.0
2009-03-19 00:00:00-04:00,173.99801686675931,174.7185102350546,166.79313385141327,170.7558135986328,1736,0.0,0.0
2009-03-20 00:00:00-04:00,166.43292407688028,166.43292407688028,140.49532595812505,147.70021057128906,3930,0.0,0.0
2009-03-23 00:00:00-04:00,153.82438560276842,159.94854736328128,148.0604706386631,159.94854736328125,1850,0.0,0.0
2009-03-24 00:00:00-04:00,152.7436722849771,158.50758827064655,144.09781519568344,148.78099060058594,3360,0.0,0.0
2009-03-25 00:00:00-04:00,153.10391434619,154.9051485910086,143.37731698100964,149.86170959472656,2234,0.0,0.0
2009-03-26 00:00:00-04:00,151.30267744273246,155.98585209578877,146.61950278967615,150.58218383789062,1596,0.0,0.0
2009-03-27 00:00:00-04:00,150.22195902783446,155.98587493198582,144.81828997884384,149.1412353515625,3096,0.0,0.0
2009-03-30 00:00:00-04:00,141.93627870480344,141.93627870480344,131.84943086216805,132.56991577148438,2453,0.0,0.0
2009-03-31 00:00:00-04:00,133.65073001391443,144.09783099450723,133.65073001391443,138.69415283203125,2604,0.0,0.0
2009-04-01 00:00:00-04:00,135.45196121234085,139.41465192630216,132.57000279407688,134.73147583007812,1722,0.0,0.0
2009-04-02 00:00:00-04:00,142.2965720773875,150.94244552017378,137.25315856933594,137.25315856933594,2562,0.0,0.0
2009-04-03 00:00:00-04:00,135.09167743287216,143.01705669798721,135.09167743287216,139.0543670654297,1965,0.0,0.0
2009-04-06 00:00:00-04:00,137.25316058598335,142.29657416813728,133.6507090429229,135.45193481445312,1714,0.0,0.0
2009-04-07 00:00:00-04:00,133.29048389851317,133.29048389851317,128.24705292563806,128.6072998046875,2390,0.0,0.0
2009-04-08 00:00:00-04:00,132.57003216391976,132.57003216391976,127.16636104368585,130.76881408691406,1608,0.0,0.0
2009-04-09 00:00:00-04:00,132.56993235206187,149.501426951536,132.56993235206187,148.06044006347656,6955,0.0,0.0
2009-04-13 00:00:00-04:00,153.10389637009592,162.47026267580736,148.06047485517743,162.11001586914062,5168,0.0,0.0
2009-04-14 00:00:00-04:00,165.35230846910252,176.15963398966937,158.8678962675454,168.59449768066406,3601,0.0,0.0
2009-04-15 00:00:00-04:00,171.1161086002367,173.63781921211452,162.1100065103332,170.03538513183594,1595,0.0,0.0
2009-04-16 00:00:00-04:00,177.24031305201854,177.24031305201854,166.0727275457134,168.23419189453125,3257,0.0,0.0
2009-04-17 00:00:00-04:00,171.11614148583973,176.51981053395767,167.8739535683372,172.55712890625,6249,0.0,0.0
2009-04-20 00:00:00-04:00,172.19686064622874,172.55710745655085,153.10389792361417,158.86781311035156,4460,0.0,0.0
2009-04-21 00:00:00-04:00,160.66901936685616,174.71855956972232,157.06658528657755,170.03538513183594,3140,0.0,0.0
2009-04-22 00:00:00-04:00,171.47637551199765,182.64395962783715,170.03540508860334,175.07882690429688,3427,0.0,0.0
2009-04-23 00:00:00-04:00,179.4017340076087,180.84272115108575,162.1100065103332,170.03538513183594,3934,0.0,0.0
2009-04-24 00:00:00-04:00,172.9173669446162,174.35833740234375,167.51369817202135,174.35833740234375,2524,0.0,0.0
2009-04-27 00:00:00-04:00,171.11613707226613,173.99809494954246,165.71246816352428,167.51370239257812,1993,0.0,0.0
2009-04-28 00:00:00-04:00,162.47024374382974,167.8739114357482,160.30876315569753,166.0726776123047,2275,0.0,0.0
2009-04-29 00:00:00-04:00,170.03548567621766,173.6379218866676,165.71253857877392,168.59449768066406,2357,0.0,0.0
2009-04-30 00:00:00-04:00,172.19689515099904,179.40178213353013,170.39567762766916,172.91738891601562,3139,0.0,0.0
2009-05-01 00:00:00-04:00,172.91738564577156,194.17179930888935,172.91738564577156,190.9296112060547,5956,0.0,0.0
2009-05-04 00:00:00-04:00,203.1779324615296,211.10331352446354,198.4947565809805,206.0598907470703,7176,0.0,0.0
2009-05-05 00:00:00-04:00,206.0598446030602,215.7864410828772,197.05372486637927,203.17788696289062,4650,0.0,0.0
2009-05-06 00:00:00-04:00,210.74305291590198,216.867215985367,201.376701764213,214.3455047607422,4467,0.0,0.0
2009-05-07 00:00:00-04:00,218.66832883702847,218.66832883702847,198.1344019914851,203.8983154296875,2954,0.0,0.0
2009-05-08 00:00:00-04:00,208.58164755595942,210.74311251848687,193.45137592905152,208.94189453125,3569,0.0,0.0
2009-05-11 00:00:00-04:00,201.01642642478896,201.01642642478896,190.56933613230134,196.6934814453125,3157,0.0,0.0
2009-05-12 00:00:00-04:00,200.29600598774672,203.53821168507073,176.8801059767885,189.12841796875,4885,0.0,0.0
2009-05-13 00:00:00-04:00,188.4078773397543,188.4078773397543,173.63784165601925,174.7185821533203,3154,0.0,0.0
2009-05-14 00:00:00-04:00,173.63782941107254,180.12223815917972,167.5136843592025,180.1222381591797,3480,0.0,0.0
2009-05-15 00:00:00-04:00,180.12228892257917,198.1345161259158,180.12228892257917,190.5693817138672,3968,0.0,0.0
2009-05-18 00:00:00-04:00,192.01031127424505,199.57544406363482,190.9295876695946,198.49472045898438,2868,0.0,0.0
2009-05-19 00:00:00-04:00,199.93567301143776,216.1466776340643,198.49470270439008,211.10325622558594,4576,0.0,0.0
2009-05-20 00:00:00-04:00,220.10938592599976,227.31428902184632,215.78645757985961,217.9479217529297,7435,0.0,0.0
2009-05-21 00:00:00-04:00,216.14675918030198,216.14675918030198,200.6562423116564,204.9791717529297,4437,0.0,0.0
2009-05-22 00:00:00-04:00,208.5816021754861,209.30209596931155,183.72471829141853,188.76815795898438,7839,0.0,0.0
2009-05-26 00:00:00-04:00,189.12834487378976,199.21518813220965,183.00419968929674,197.41397094726562,3842,0.0,0.0
2009-05-27 00:00:00-04:00,198.13443476296825,212.54420385265044,194.8922308065677,200.2958984375,2950,0.0,0.0
2009-05-28 00:00:00-04:00,208.2213134765625,212.54424159323,200.65618082778994,208.2213134765625,3068,0.0,0.0
2009-05-29 00:00:00-04:00,209.6622625563755,221.19009221368597,207.5007987179316,212.54421997070312,2513,0.0,0.0
2009-06-01 00:00:00-04:00,220.46971329446825,221.5504542203399,207.1406596547972,208.94189453125,6511,0.0,0.0
2009-06-02 00:00:00-04:00,207.86114134582553,216.14677062117806,207.1406474377388,213.9853057861328,3599,0.0,0.0
2009-06-03 00:00:00-04:00,212.51956217448028,214.71803744207725,197.86303175982317,202.99281311035156,3317,6.509357,0.0
2009-06-04 00:00:00-04:00,201.5271807046195,205.55771607307634,197.86304358732542,204.09207153320312,2905,0.0,0.0
2009-06-05 00:00:00-04:00,207.38979322092706,208.85543776080027,200.0615189863389,204.09207153320312,2407,0.0,0.0
2009-06-08 00:00:00-04:00,199.69508121639632,201.16072546622496,189.80191811103805,196.03094482421875,3131,0.0,0.0
2009-06-09 00:00:00-04:00,195.2981716979198,204.82492225538482,194.1989424810182,197.1302490234375,1820,0.0,0.0
2009-06-10 00:00:00-04:00,202.2600205397287,206.6569715328852,196.03099231741692,197.86305236816406,1716,0.0,0.0
2009-06-11 00:00:00-04:00,201.5271476631485,208.48898814832756,200.42790155466543,205.1912841796875,1983,0.0,0.0
2009-06-12 00:00:00-04:00,205.1912922880186,208.4889963869706,202.25998639463495,206.6569366455078,1284,0.0,0.0
2009-06-15 00:00:00-04:00,200.42795887833614,207.3898185330559,187.60350317018066,193.09970092773438,2530,0.0,0.0
2009-06-16 00:00:00-04:00,192.36683154717358,198.9622744099323,187.23705028876395,189.80194091796875,1542,0.0,0.0
2009-06-17 00:00:00-04:00,193.09962387183728,195.29809866188128,168.916366824548,182.47364807128906,4080,0.0,0.0
2009-06-18 00:00:00-04:00,181.00804000549854,195.66455297855293,179.54237840114948,189.80194091796875,2192,0.0,0.0
2009-06-19 00:00:00-04:00,192.733301180782,201.16080624195592,185.40504263218284,188.3363494873047,2490,0.0,0.0
2009-06-22 00:00:00-04:00,186.50430108226305,186.50430108226305,171.1149348132497,172.58059692382812,2257,0.0,0.0
2009-06-23 00:00:00-04:00,173.67977416764617,176.97749574764117,168.54999267805698,171.11488342285156,1670,0.0,0.0
2009-06-24 00:00:00-04:00,171.48135034089432,179.176024886195,171.48135034089432,172.58059692382812,1985,0.0,0.0
2009-06-25 00:00:00-04:00,173.3133956757091,174.04620941599916,165.252307105248,170.74850463867188,2472,0.0,0.0
2009-06-26 00:00:00-04:00,171.48127066113437,175.14540705660633,164.88584576336967,174.77899169921875,2619,0.0,0.0
2009-06-29 00:00:00-04:00,174.04624185599454,178.07679548167317,168.9164588257941,172.58059692382812,1635,0.0,0.0
2009-06-30 00:00:00-04:00,174.77904656372456,176.24469127494825,169.2828488344193,175.1454620361328,1513,0.0,0.0
2009-07-01 00:00:00-04:00,177.3439204577471,178.07675133134654,171.48130782576703,173.31338500976562,1284,0.0,0.0
2009-07-02 00:00:00-04:00,171.48128669317742,171.48128669317742,163.78661500386352,164.1530303955078,1498,0.0,0.0
2009-07-06 00:00:00-04:00,163.0537918366964,163.4202072454557,150.59575383091186,154.9927215576172,3275,0.0,0.0
2009-07-07 00:00:00-04:00,154.99271431802225,165.6186747836795,153.52705275144496,164.1530303955078,3037,0.0,0.0
2009-07-08 00:00:00-04:00,163.42020800463823,164.88586964648434,153.8934760462645,159.75608825683594,2877,0.0,0.0
2009-07-09 00:00:00-04:00,163.05382853838046,165.25232148579374,157.55764770507812,157.55764770507812,1040,0.0,0.0
2009-07-10 00:00:00-04:00,155.72553103112185,161.58814305763502,150.59574980252427,157.19119262695312,811,0.0,0.0
2009-07-13 00:00:00-04:00,157.5576018250291,157.5576018250291,150.59574387563532,155.72552490234375,1427,0.0,0.0
2009-07-14 00:00:00-04:00,155.72552418774,168.18357849121094,155.72552418774,168.18357849121094,2237,0.0,0.0
2009-07-15 00:00:00-04:00,173.31334744807236,176.9774666651403,170.3820417673756,174.77899169921875,2235,0.0,0.0
2009-07-16 00:00:00-04:00,174.04616789090895,174.04616789090895,166.71791198757066,171.4812774658203,1401,0.0,0.0
2009-07-17 00:00:00-04:00,170.38209406308152,172.58056970378547,164.885896372117,166.71795654296875,1410,0.0,0.0
2009-07-20 00:00:00-04:00,167.81717783455719,176.61107908114937,167.81717783455719,174.0461883544922,1870,0.0,0.0
2009-07-21 00:00:00-04:00,175.87827360268247,184.67217525793134,171.48130559665054,183.93936157226562,3599,0.0,0.0
2009-07-22 00:00:00-04:00,182.8401073991773,186.87064262112466,178.44315676097895,180.64163208007812,1370,0.0,0.0
2009-07-23 00:00:00-04:00,183.20652159790282,186.5042431438395,181.00804629341394,183.57293701171875,1183,0.0,0.0
2009-07-24 00:00:00-04:00,183.93936507411297,189.0691468634717,182.47370331806314,187.60348510742188,1797,0.0,0.0
2009-07-27 00:00:00-04:00,186.8706693911252,194.19894440913734,183.57296452926988,192.3668670654297,1727,0.0,0.0
2009-07-28 00:00:00-04:00,192.36682648057072,197.8630229953075,186.504231752803,189.06912231445312,1645,0.0,0.0
2009-07-29 00:00:00-04:00,190.53476774736828,190.53476774736828,183.20651141364004,186.1378173828125,813,0.0,0.0
2009-07-30 00:00:00-04:00,187.23704134281,193.4660685068662,186.50422775405443,191.26759338378906,1472,0.0,0.0
2009-07-31 00:00:00-04:00,192.73330688476565,197.1302758867831,189.80199994289114,192.73330688476562,1673,0.0,0.0
2009-08-03 00:00:00-04:00,199.69518598712077,199.69518598712077,192.36690935796162,193.46615600585938,1676,0.0,0.0
2009-08-04 00:00:00-04:00,192.36685163624574,196.7638197300669,191.26762249659635,194.1989288330078,963,0.0,0.0
2009-08-05 00:00:00-04:00,196.39740410849734,196.39740410849734,187.23706966840942,187.60348510742188,1920,0.0,0.0
2009-08-06 00:00:00-04:00,190.53478964529458,190.53478964529458,179.54239529215718,185.77142333984375,1647,0.0,0.0
2009-08-07 00:00:00-04:00,189.8019400543998,189.8019400543998,177.7103177655652,185.03857421875,2403,0.0,0.0
2009-08-10 00:00:00-04:00,185.03858029752976,186.50424194335938,178.80955265956703,186.50424194335938,1840,0.0,0.0
2009-08-11 00:00:00-04:00,186.87059998907165,186.87059998907165,175.87822590134036,184.3057098388672,2930,0.0,0.0
2009-08-12 00:00:00-04:00,178.80954700899778,178.80954700899778,172.21412134640653,177.34390258789062,3991,0.0,0.0
2009-08-13 00:00:00-04:00,177.71033589454683,177.71033589454683,169.64924782017616,173.31338500976562,2266,0.0,0.0
2009-08-14 00:00:00-04:00,172.58052358160316,176.61105831599758,167.08432735949827,171.4812774658203,1993,0.0,0.0
2009-08-17 00:00:00-04:00,167.45076415276293,169.6492394871665,162.68739806515404,165.25228881835938,2922,0.0,0.0
2009-08-18 00:00:00-04:00,165.25229374084952,169.28282911091543,159.38968122220152,165.985107421875,2765,0.0,0.0
2009-08-19 00:00:00-04:00,153.52707554699646,166.7179457127316,153.52707554699646,164.51947021484375,3850,0.0,0.0
2009-08-20 00:00:00-04:00,164.8858572239154,170.7484689927952,164.51944184105975,168.18357849121094,1240,0.0,0.0
2009-08-21 00:00:00-04:00,168.5500432981495,174.04624185599454,168.5500432981495,172.58059692382812,2095,0.0,0.0
2009-08-24 00:00:00-04:00,175.5118604521562,179.5423959001377,168.550001509777,173.31338500976562,3756,0.0,0.0
2009-08-25 00:00:00-04:00,175.9336444032584,175.9336444032584,168.44711045085856,172.19036865234375,2032,6.509357,0.0
2009-08-26 00:00:00-04:00,169.94438538158198,171.44170248286372,165.4524691765906,166.575439453125,1585,0.0,0.0
2009-08-27 00:00:00-04:00,166.20115202008154,174.43634463255023,161.33488827906368,172.19036865234375,2443,0.0,0.0
2009-08-28 00:00:00-04:00,172.19035662781724,183.04583624302933,165.82681110990453,169.19573974609375,2581,0.0,0.0
2009-08-31 00:00:00-04:00,170.6931049443609,170.6931049443609,164.70386949730968,166.20118713378906,1126,0.0,0.0
2009-09-01 00:00:00-04:00,167.32416463153382,169.94445305273763,159.46329936792245,160.9606170654297,2420,0.0,0.0
2009-09-02 00:00:00-04:00,159.4632547170953,162.45787172416217,154.97133798120944,160.58624267578125,2045,0.0,0.0
2009-09-03 00:00:00-04:00,160.2119293807662,161.7092292593465,158.34030014518316,161.33489990234375,1101,0.0,0.0
2009-09-04 00:00:00-04:00,165.82684556690148,166.20117494857698,161.70923991790286,164.703857421875,1238,0.0,0.0
2009-09-08 00:00:00-04:00,166.57551679983695,169.19580539434273,162.08359850909417,165.07821655273438,1360,0.0,0.0
2009-09-09 00:00:00-04:00,163.9551630365289,169.94439674321214,163.20652198526452,168.82142639160156,1433,0.0,0.0
2009-09-10 00:00:00-04:00,168.4471388270254,174.06204462455509,168.4471388270254,171.8160858154297,1466,0.0,0.0
2009-09-11 00:00:00-04:00,173.6877516791784,180.4256295204727,171.44179239874697,180.05130004882812,1678,0.0,0.0
2009-09-14 00:00:00-04:00,177.80529257321345,181.9228980957663,175.93366327174286,181.54856872558594,985,0.0,0.0
2009-09-15 00:00:00-04:00,183.42018697391333,187.91212159595665,176.30798201737093,178.1796112060547,2188,0.0,0.0
2009-09-16 00:00:00-04:00,177.8052628880166,183.42016740443216,174.81064597596642,182.6715087890625,2493,0.0,0.0
2009-09-17 00:00:00-04:00,182.2972081032429,193.15268848773343,181.17422011197993,186.04046630859375,3540,0.0,0.0
2009-09-18 00:00:00-04:00,189.0350834025321,191.28104183562854,184.91749586676028,186.04046630859375,3524,0.0,0.0
2009-09-21 00:00:00-04:00,187.163474179429,187.163474179429,179.67693942411535,181.54856872558594,2217,0.0,0.0
2009-09-22 00:00:00-04:00,181.9228871328524,181.9228871328524,175.93365266974814,178.1796112060547,1593,0.0,0.0
2009-09-23 00:00:00-04:00,178.5539286544659,178.92825797714258,174.06201188120366,175.1849822998047,1959,0.0,0.0
2009-09-24 00:00:00-04:00,174.43636547776296,175.55933605263215,166.57548370652086,167.3241424560547,1867,0.0,0.0
2009-09-25 00:00:00-04:00,165.826865168935,166.5755064713494,160.2119588789404,161.70925903320312,2154,0.0,0.0
2009-09-28 00:00:00-04:00,162.83224731097562,164.7038768911625,159.83762945301623,161.70925903320312,3048,0.0,0.0
2009-09-29 00:00:00-04:00,161.33493305310415,163.95522154110404,157.59167381278107,159.08897399902344,4974,0.0,0.0
2009-09-30 00:00:00-04:00,159.46329936792245,163.58090548663347,157.21734037109545,160.9606170654297,3010,0.0,0.0
2009-10-01 00:00:00-04:00,163.58089740619252,163.58089740619252,155.345703125,155.345703125,1721,0.0,0.0
2009-10-02 00:00:00-04:00,154.9713623177421,155.72000352500288,149.73078611975794,152.35107421875,1913,0.0,0.0
2009-10-05 00:00:00-04:00,153.47405678916274,160.96060984185016,153.47405678916274,156.09434509277344,1562,0.0,0.0
2009-10-06 00:00:00-04:00,156.46865545235855,161.33490205960095,155.7199967283425,157.96597290039062,1808,0.0,0.0
2009-10-07 00:00:00-04:00,158.71460762317318,163.58087158203125,157.21730778543778,163.58087158203125,1052,0.0,0.0
2009-10-08 00:00:00-04:00,166.20118713378906,168.44714603907497,161.70925177378405,166.20118713378906,3039,0.0,0.0
2009-10-09 00:00:00-04:00,164.70384207297525,167.32412995108487,160.96058370392163,163.58087158203125,1057,0.0,0.0
2009-10-12 00:00:00-04:00,165.45253574301086,165.45253574301086,161.70925903320312,161.70925903320312,699,0.0,0.0
2009-10-13 00:00:00-04:00,162.83221802741872,164.70384727101396,158.34030082301777,159.8376007080078,1002,0.0,0.0
2009-10-14 00:00:00-04:00,163.20657416349158,164.70387429414518,160.96061519279436,163.95521545410156,1022,0.0,0.0
2009-10-15 00:00:00-04:00,164.70384207297525,164.70384207297525,159.8375956635474,163.58087158203125,773,0.0,0.0
2009-10-16 00:00:00-04:00,160.96060740222532,160.96060740222532,157.2173309326172,157.2173309326172,1635,0.0,0.0
2009-10-19 00:00:00-04:00,157.96592776579553,160.9605442567961,157.21726925568888,157.5915985107422,909,0.0,0.0
2009-10-20 00:00:00-04:00,160.21195821667607,162.45791721350304,153.47406367676123,160.9606170654297,1572,0.0,0.0
2009-10-21 00:00:00-04:00,159.83763286686178,163.58090965661918,159.08897399902344,159.08897399902344,902,0.0,0.0
2009-10-22 00:00:00-04:00,158.3403167144268,160.9606049382108,153.4740521136,159.46328735351562,1719,0.0,0.0
2009-10-23 00:00:00-04:00,161.33491925469662,161.33491925469662,155.3457014725295,157.2173309326172,1054,0.0,0.0
2009-10-26 00:00:00-04:00,158.7146326791078,158.7146326791078,152.72541483323116,155.345703125,2123,0.0,0.0
2009-10-27 00:00:00-04:00,153.47404713363906,157.21732342448178,150.1051177762558,151.22808837890625,1390,0.0,0.0
2009-10-28 00:00:00-04:00,152.35108219194765,152.7254115898842,145.9875175258916,146.36184692382812,2237,0.0,0.0
2009-10-29 00:00:00-04:00,147.859141472091,154.5970352857215,147.859141472091,151.22808837890625,1361,0.0,0.0
2009-10-30 00:00:00-04:00,151.60240682057758,151.60240682057758,144.4901929109809,146.7361602783203,1530,0.0,0.0
2009-11-02 00:00:00-05:00,145.23887235093028,145.98752239706732,142.24425461694892,142.99290466308594,1793,0.0,0.0
2009-11-03 00:00:00-05:00,142.24422863813663,145.6131663925414,142.24422863813663,145.2388458251953,1046,0.0,0.0
2009-11-04 00:00:00-05:00,147.48481611341944,153.47403306036324,146.73615741401508,149.3564453125,1550,0.0,0.0
2009-11-05 00:00:00-05:00,151.60240110557277,153.47403027063228,147.4848134325558,153.09970092773438,1544,0.0,0.0
2009-11-06 00:00:00-05:00,150.47946022617964,152.72543698729265,149.3564893950587,150.1051483154297,687,0.0,0.0
2009-11-09 00:00:00-05:00,150.10510409308046,152.35106264307777,147.85912799365275,150.4794158935547,808,0.0,0.0
2009-11-10 00:00:00-05:00,150.4794158935547,151.97673329317317,149.35644539327123,150.4794158935547,704,0.0,0.0
2009-11-11 00:00:00-05:00,151.60243473098643,162.83224731097562,150.10513457672369,161.70925903320312,2920,0.0,0.0
2009-11-12 00:00:00-05:00,161.7092486566007,165.82685452811296,156.46867212880898,157.2173309326172,2384,0.0,0.0
2009-11-13 00:00:00-05:00,157.21734037109545,162.83224663787985,157.21734037109545,160.9606170654297,843,0.0,0.0
2009-11-16 00:00:00-05:00,163.58085128561072,168.82142639160156,162.4578633845721,168.82142639160156,4215,0.0,0.0
2009-11-17 00:00:00-05:00,166.57548370652086,169.57010115522462,163.2065544324817,167.3241424560547,1865,0.0,0.0
2009-11-18 00:00:00-05:00,168.4471484451338,187.9121551513672,168.4471484451338,187.9121551513672,6761,0.0,0.0
2009-11-19 00:00:00-05:00,184.54317951202393,184.9175088687649,170.69308105976052,173.6876983642578,3283,0.0,0.0
2009-11-20 00:00:00-05:00,173.68773132532692,175.93369034256236,172.19041361421395,172.5647430419922,1295,0.0,0.0
2009-11-23 00:00:00-05:00,179.30261539032392,179.30261539032392,171.81608041219667,176.6823272705078,1650,0.0,0.0
2009-11-24 00:00:00-05:00,175.18503148700586,177.80531993201953,169.19579574142202,172.5647430419922,1231,0.0,0.0
2009-11-25 00:00:00-05:00,172.56470063184832,174.43634731075667,165.07816656450407,168.44711303710938,1661,0.0,0.0
2009-11-27 00:00:00-05:00,166.20118713378906,168.07281662995513,161.70925177378405,166.20118713378906,481,0.0,0.0
2009-11-30 00:00:00-05:00,166.20119459485917,166.94983589727357,157.5916704469052,161.70925903320312,1294,0.0,0.0
2009-12-01 00:00:00-05:00,160.96060100232663,165.45251854770856,159.08895406722405,162.45790100097656,1472,0.0,0.0
2009-12-02 00:00:00-05:00,162.83221873766578,165.8268360701387,157.96597215343388,158.34030151367188,1263,0.0,0.0
2009-12-03 00:00:00-05:00,160.586275542037,162.8322343696472,157.96598731825299,159.46328735351562,1149,0.0,0.0
2009-12-04 00:00:00-05:00,161.70925836474942,164.70387621033004,159.46329936792245,160.9606170654297,811,0.0,0.0
2009-12-07 00:00:00-05:00,160.21191335621927,162.83220104372415,159.4632547170953,160.58624267578125,968,0.0,0.0
2009-12-08 00:00:00-05:00,160.21193076543085,161.33490129671392,157.21731343295795,158.34030151367188,1078,0.0,0.0
2009-12-09 00:00:00-05:00,157.58269518766258,160.99194071453888,157.20390591521368,159.4767303466797,911,3.254679,0.0
2009-12-10 00:00:00-05:00,159.47671494257617,159.47671494257617,156.8250837354319,158.71910095214844,846,0.0,0.0
2009-12-11 00:00:00-05:00,159.47671494257617,160.61311816886496,156.8250837354319,158.71910095214844,578,0.0,0.0
2009-12-14 00:00:00-05:00,159.097935995909,159.47674305790557,154.55228677066222,156.44630432128906,1647,0.0,0.0
2009-12-15 00:00:00-05:00,157.20391334636417,158.34031673613862,154.17347470804015,157.58270263671875,859,0.0,0.0
2009-12-16 00:00:00-05:00,159.09793337909844,159.09793337909844,153.41586306131953,154.17347717285156,1559,0.0,0.0
2009-12-17 00:00:00-05:00,152.65823091458267,153.03703792559602,150.3854066078561,151.1430206298828,1701,0.0,0.0
2009-12-18 00:00:00-05:00,153.41583423160918,155.30985139516227,148.11257196617865,149.24899291992188,2330,0.0,0.0
2009-12-21 00:00:00-05:00,149.62778030378618,153.03702536370844,147.73376316354143,152.65821838378906,2229,0.0,0.0
2009-12-22 00:00:00-05:00,154.55225346059234,159.09790170613255,152.27941157847013,153.41583251953125,1745,0.0,0.0
2009-12-23 00:00:00-05:00,153.0370509875653,156.82510366166193,152.27943690087494,155.30987548828125,1628,0.0,0.0
2009-12-24 00:00:00-05:00,153.79464721679688,156.06747145360987,153.41584021743589,153.79464721679688,711,0.0,0.0
2009-12-28 00:00:00-05:00,153.0369832669102,158.71905088399623,149.62773914478913,150.0065460205078,2312,0.0,0.0
2009-12-29 00:00:00-05:00,149.24899275249194,151.1430099139203,147.73376481586743,148.4913787841797,2321,0.0,0.0
2009-12-30 00:00:00-05:00,149.62779726213333,150.3854113078377,145.83975367264276,147.73377990722656,2455,0.0,0.0
2009-12-31 00:00:00-05:00,146.21855320810639,150.00659660362328,143.94572894673155,148.11257934570312,3258,0.0,0.0
2010-01-04 00:00:00-05:00,148.49138002578422,156.44627348152062,148.49138002578422,154.93104553222656,2321,0.0,0.0
2010-01-05 00:00:00-05:00,154.93106372439314,159.47673034667972,154.93106372439314,159.4767303466797,2682,0.0,0.0
2010-01-06 00:00:00-05:00,159.47673520572306,159.8555422490682,151.90064761688484,155.30987548828125,1804,0.0,0.0
2010-01-07 00:00:00-05:00,156.06747145360987,156.06747145360987,151.9006299793449,153.79464721679688,1320,0.0,0.0
2010-01-08 00:00:00-05:00,151.52180563363103,163.64353942871094,151.52180563363103,163.64353942871094,3622,0.0,0.0
2010-01-11 00:00:00-05:00,166.67400092584933,170.08324625335428,162.88596634804694,165.53759765625,3351,0.0,0.0
2010-01-12 00:00:00-05:00,165.53756620294922,176.52289635812252,151.5217983057264,170.46202087402344,4924,0.0,0.0
2010-01-13 00:00:00-05:00,169.32564284275114,171.59846728370172,162.50716951989935,168.18923950195312,1862,0.0,0.0
2010-01-14 00:00:00-05:00,165.91639730164795,173.49250245062268,165.91639730164795,168.18923950195312,1585,0.0,0.0
2010-01-15 00:00:00-05:00,162.88592032937464,165.15874398580664,153.41580104166806,163.26470947265625,3859,0.0,0.0
2010-01-19 00:00:00-05:00,162.88594371741897,166.295170811908,162.88594371741897,165.1587677001953,1781,0.0,0.0
2010-01-20 00:00:00-05:00,162.50714865956306,163.26474486972754,157.20388639165023,162.1283416748047,1367,0.0,0.0
2010-01-21 00:00:00-05:00,162.88595530716614,165.53758643563398,157.20388606625613,160.6131134033203,2008,0.0,0.0
2010-01-22 00:00:00-05:00,159.4767227713466,162.50716112247008,157.5826877022984,159.85552978515625,2805,0.0,0.0
2010-01-25 00:00:00-05:00,161.7495300420893,166.2951782098638,157.20388187431482,164.02235412597656,3624,0.0,0.0
2010-01-26 00:00:00-05:00,164.7799911088591,165.91639442998837,160.23434230563342,164.40118408203125,2698,0.0,0.0
2010-01-27 00:00:00-05:00,165.91637123599062,167.43159913148332,160.6131091204698,164.02235412597656,4002,0.0,0.0
2010-01-28 00:00:00-05:00,165.53755088843673,165.53755088843673,160.61307891359417,163.26470947265625,1473,0.0,0.0
2010-01-29 00:00:00-05:00,165.1587892414486,165.91638549495147,154.55226409887533,156.06747436523438,2028,0.0,0.0
2010-02-01 00:00:00-05:00,155.68868253162643,160.99194561974866,153.41585803091044,155.30987548828125,1413,0.0,0.0
2010-02-02 00:00:00-05:00,155.3098556117013,159.47671479586782,154.5522593813233,157.96148681640625,1241,0.0,0.0
2010-02-03 00:00:00-05:00,156.06748957497157,157.2039107050071,154.55227916094597,155.30987548828125,462,0.0,0.0
2010-02-04 00:00:00-05:00,154.55225824566182,156.06746845463672,150.0065921000318,151.52182006835938,2480,0.0,0.0
2010-02-05 00:00:00-05:00,149.62782699658763,153.79468731665742,143.94576492303523,146.59739685058594,2813,0.0,0.0
2010-02-08 00:00:00-05:00,145.8397738499455,148.11260742183376,142.43053681163047,145.08216857910156,1530,0.0,0.0
2010-02-09 00:00:00-05:00,145.08213052409985,147.73376159604888,142.80930642805097,145.4609375,1168,0.0,0.0
2010-02-10 00:00:00-05:00,145.08218281034365,146.2185952679204,142.43055078277158,143.1881561279297,1066,0.0,0.0
2010-02-11 00:00:00-05:00,142.4304949392065,147.35494995117188,142.4304949392065,147.35494995117188,822,0.0,0.0
2010-02-12 00:00:00-05:00,145.46091215502682,148.87014770507812,143.56688648521535,148.87014770507812,1235,0.0,0.0
2010-02-16 00:00:00-05:00,150.00661240015899,155.68868253162643,149.6278053568138,155.30987548828125,724,0.0,0.0
2010-02-17 00:00:00-05:00,154.17343870602258,156.06745575293291,151.9006146978599,153.03701782226562,470,0.0,0.0
2010-02-18 00:00:00-05:00,151.9006146978599,154.5522456672749,151.5218077366076,153.03701782226562,568,0.0,0.0
2010-02-19 00:00:00-05:00,152.65821838378906,153.79463932354716,151.9006221833024,152.65821838378906,340,0.0,0.0
2010-02-22 00:00:00-05:00,152.27943420410156,155.3098727378407,151.90064492681958,152.27943420410156,478,0.0,0.0
2010-02-23 00:00:00-05:00,151.52180879469353,151.52180879469353,146.59734490305246,147.35494995117188,1128,0.0,0.0
2010-02-24 00:00:00-05:00,146.21856069549492,149.62779726213333,145.4609555294676,147.73377990722656,714,0.0,0.0
2010-02-25 00:00:00-05:00,147.73375588343572,153.41582478351796,146.21853691810207,153.03701782226562,886,0.0,0.0
2010-02-26 00:00:00-05:00,151.52181689807642,153.03702707534867,147.3549578317113,148.4913787841797,535,0.0,0.0
2010-03-01 00:00:00-05:00,151.52183789018284,152.27943420410156,148.4913993564437,152.27943420410156,671,0.0,0.0
2010-03-02 00:00:00-05:00,151.9006345370483,151.9006345370483,148.1125821891327,150.38540649414062,2243,0.0,0.0
2010-03-03 00:00:00-05:00,150.00662996367433,153.41587599359713,148.4914193722404,149.62782287597656,5687,0.0,0.0
2010-03-04 00:00:00-05:00,149.62773914478913,150.7641597719452,148.87013427302534,150.0065460205078,1226,0.0,0.0
2010-03-05 00:00:00-05:00,150.00662996367433,153.03706890589936,149.62782287597656,149.62782287597656,1567,0.0,0.0
2010-03-08 00:00:00-05:00,149.62778510794993,153.79464426149804,149.62778510794993,151.52182006835938,1476,0.0,0.0
2010-03-09 00:00:00-05:00,151.9005803991013,153.41579014262888,149.62773914478913,150.0065460205078,2318,0.0,0.0
2010-03-10 00:00:00-05:00,151.52181537711485,154.55225346059234,151.52181537711485,153.41583251953125,905,0.0,0.0
2010-03-11 00:00:00-05:00,154.5522532833859,156.0674634437113,151.9006221833024,152.65821838378906,628,0.0,0.0
2010-03-12 00:00:00-05:00,152.65821086101332,154.17343870602258,152.65821086101332,153.03701782226562,458,0.0,0.0
2010-03-15 00:00:00-04:00,153.42059326171875,154.5712371468146,151.88637743905585,153.42059326171875,1207,3.254679,0.0
2010-03-16 00:00:00-04:00,153.4206146919303,153.80416870117188,152.65350667344708,153.80416870117188,332,0.0,0.0
2010-03-17 00:00:00-04:00,153.4206235504955,153.4206235504955,151.5028533935547,151.5028533935547,1555,0.0,0.0
2010-03-18 00:00:00-04:00,151.5028533935547,152.65351548771915,150.7357543217308,151.5028533935547,1352,0.0,0.0
2010-03-19 00:00:00-04:00,154.1876983642578,154.1876983642578,148.05087942445513,154.1876983642578,2261,0.0,0.0
2010-03-22 00:00:00-04:00,151.11927443836763,151.50281037895758,148.43440597188936,149.96861267089844,783,0.0,0.0
2010-03-23 00:00:00-04:00,148.81796541739413,149.5850642998927,147.66730360722093,148.0508575439453,1512,0.0,0.0
2010-03-24 00:00:00-04:00,146.5166446003537,147.66729737098268,146.13309967077726,147.28375244140625,567,0.0,0.0
2010-03-25 00:00:00-04:00,147.6673150600329,147.6673150600329,143.83180236816406,143.83180236816406,1658,0.0,0.0
2010-03-26 00:00:00-04:00,143.83180236816406,145.74956320957395,142.6811494596985,143.83180236816406,2228,0.0,0.0
2010-03-29 00:00:00-04:00,143.44823321852928,145.74953864764092,142.6811254148591,144.21533203125,1598,0.0,0.0
2010-03-30 00:00:00-04:00,143.4482578831965,147.66731556501458,143.4482578831965,146.13311767578125,1132,0.0,0.0
2010-03-31 00:00:00-04:00,145.749545750251,149.5850579826642,145.749545750251,147.28375244140625,857,0.0,0.0
2010-04-01 00:00:00-04:00,146.51667174613272,148.8179867047151,143.06471279468636,145.74957275390625,1807,0.0,0.0
2010-04-05 00:00:00-04:00,147.28377102058494,150.73572976792082,146.90021705167507,148.81797790527344,2220,0.0,0.0
2010-04-06 00:00:00-04:00,148.4344481153067,154.1877136313669,148.4344481153067,151.5028533935547,1836,0.0,0.0
2010-04-07 00:00:00-04:00,150.7357150317385,152.65347569785328,149.2015082970367,151.11927795410156,800,0.0,0.0
2010-04-08 00:00:00-04:00,149.58506149789912,151.5028131636978,148.81796262976968,149.20150756835938,1633,0.0,0.0
2010-04-09 00:00:00-04:00,149.58510121851876,151.88640742494283,149.58510121851876,151.5028533935547,1063,0.0,0.0
2010-04-12 00:00:00-04:00,151.5028200843944,152.65348192557627,148.4344154807608,152.26992797851562,1547,0.0,0.0
2010-04-13 00:00:00-04:00,152.26992797851562,152.65348192557627,150.35217622511345,152.26992797851562,625,0.0,0.0
2010-04-14 00:00:00-04:00,151.88637743905585,154.1876831911489,150.7357245630093,153.42059326171875,1117,0.0,0.0
2010-04-15 00:00:00-04:00,151.88639238570076,154.57125235766784,151.50283839229073,154.1876983642578,1063,0.0,0.0
2010-04-16 00:00:00-04:00,153.0370358726369,153.80414376675813,150.35217622511345,152.26992797851562,1768,0.0,0.0
2010-04-19 00:00:00-04:00,150.3522005999013,155.33836675623445,147.66733152616197,153.80416870117188,1974,0.0,0.0
2010-04-20 00:00:00-04:00,153.4206146919303,154.57125873775124,152.26995266420548,153.80416870117188,1235,0.0,0.0
2010-04-21 00:00:00-04:00,154.5712127685547,154.5712127685547,148.05084150535353,154.5712127685547,817,0.0,0.0
2010-04-22 00:00:00-04:00,152.26995266420548,154.95481274699284,151.88639865496387,153.80416870117188,1095,0.0,0.0
2010-04-23 00:00:00-04:00,152.26994980997907,158.02322387695312,152.26994980997907,158.02322387695312,2224,0.0,0.0
2010-04-26 00:00:00-04:00,158.40676583545635,160.32451771800794,158.40676583545635,159.9409637451172,1553,0.0,0.0
2010-04-27 00:00:00-04:00,160.32452970400638,160.32452970400638,154.95480964589535,155.33836364746094,1455,0.0,0.0
2010-04-28 00:00:00-04:00,154.95481588640902,159.17389209164216,154.95481588640902,158.4067840576172,1151,0.0,0.0
2010-04-29 00:00:00-04:00,158.79033167964758,158.79033167964758,142.2976085127972,155.33836364746094,1856,0.0,0.0
2010-04-30 00:00:00-04:00,156.1054283492482,156.1054283492482,151.50279958906617,154.5712127685547,1968,0.0,0.0
2010-05-03 00:00:00-04:00,154.18767973191783,156.10544946722092,149.58506833099221,152.26992797851562,1214,0.0,0.0
2010-05-04 00:00:00-04:00,151.50282871478956,154.9547964530764,147.66731599854384,148.81797790527344,1017,0.0,0.0
2010-05-05 00:00:00-04:00,149.58505069314344,151.50280222042,143.83177812941494,144.21533203125,2077,0.0,0.0
2010-05-06 00:00:00-04:00,143.83178559084402,147.28375290453542,115.83252912338001,138.46206665039062,3463,0.0,0.0
2010-05-07 00:00:00-04:00,138.46207289203238,142.68113924842714,134.2430065356376,138.8456268310547,2115,0.0,0.0
2010-05-10 00:00:00-04:00,141.14693100232626,149.58506362658002,141.14693100232626,145.36599731445312,1037,0.0,0.0
2010-05-11 00:00:00-04:00,145.74953864764092,149.20149679130836,142.6811254148591,144.21533203125,588,0.0,0.0
2010-05-12 00:00:00-04:00,145.74957013372915,152.26994291876596,144.98246216434168,149.5850830078125,1048,0.0,0.0
2010-05-13 00:00:00-04:00,147.66730360722093,152.26992387506309,144.5988990862764,148.0508575439453,605,0.0,0.0
2010-05-14 00:00:00-04:00,144.2153438268369,145.7495505687128,141.146930343085,142.68113708496094,810,0.0,0.0
2010-05-17 00:00:00-04:00,141.91405981087092,146.13312674549525,138.84564586006204,145.74957275390625,1278,0.0,0.0
2010-05-18 00:00:00-04:00,145.74957586389667,148.0508818806326,141.5305088392463,147.66732788085938,1146,0.0,0.0
2010-05-19 00:00:00-04:00,146.13308511855266,146.13308511855266,137.69495365295967,141.14691162109375,1724,0.0,0.0
2010-05-20 00:00:00-04:00,136.54433911423732,138.46210019657866,127.72265971375202,137.3114471435547,1645,0.0,0.0
2010-05-21 00:00:00-04:00,134.24301251202675,141.9140466792301,130.40749992390045,139.61273193359375,1513,0.0,0.0
2010-05-24 00:00:00-04:00,139.99627760770247,139.99627760770247,130.4074922091708,130.79104614257812,1734,0.0,0.0
2010-05-25 00:00:00-04:00,125.03777114804646,135.77720918774494,121.58580378331482,134.62655639648438,1532,0.0,0.0
2010-05-26 00:00:00-04:00,133.47589471287998,141.14691880419636,132.7087869091787,135.39364624023438,2137,0.0,0.0
2010-05-27 00:00:00-04:00,136.16074711458376,142.29756427713843,136.16074711458376,141.14691162109375,707,0.0,0.0
2010-05-28 00:00:00-04:00,139.22920270115424,144.5989227294922,138.07854070283753,144.5989227294922,684,0.0,0.0
2010-06-01 00:00:00-04:00,144.59894137625145,144.59894137625145,134.6265990415181,135.77725219726562,1579,0.0,0.0
2010-06-02 00:00:00-04:00,135.39370696956306,138.46212157877233,133.09240050813284,138.0785675048828,702,0.0,0.0
2010-06-03 00:00:00-04:00,137.69497191707674,142.68113708496094,137.69497191707674,142.68113708496094,891,0.0,0.0
2010-06-04 00:00:00-04:00,138.84567565266187,142.68118941869673,138.0785675048828,138.0785675048828,850,0.0,0.0
2010-06-07 00:00:00-04:00,137.69497680664062,139.22918360299641,136.9278689129875,137.69497680664062,1163,0.0,0.0
2010-06-08 00:00:00-04:00,138.07856472688727,138.07856472688727,134.6266051041917,136.1608123779297,648,0.0,0.0
2010-06-09 00:00:00-04:00,136.93883354765964,141.21817238100502,136.93883354765964,139.66204833984375,1214,3.254679,0.0
2010-06-10 00:00:00-04:00,140.05106477971978,145.1084699141715,140.05106477971978,144.7194366455078,2341,0.0,0.0
2010-06-11 00:00:00-04:00,143.94137922757253,145.88652733210677,143.94137922757253,144.7194366455078,736,0.0,0.0
2010-06-14 00:00:00-04:00,145.108484068407,149.77684727016643,139.66205425342562,148.60975646972656,1489,0.0,0.0
2010-06-15 00:00:00-04:00,147.4426933939215,150.55494219324007,147.053660014158,150.16590881347656,913,0.0,0.0
2010-06-16 00:00:00-04:00,147.83170706800644,152.1110463167932,147.83170706800644,149.77685546875,1224,0.0,0.0
2010-06-17 00:00:00-04:00,149.3878013982183,150.94392527938638,145.8865203857422,145.8865203857422,650,0.0,0.0
2010-06-18 00:00:00-04:00,145.10843925548056,146.66456288196352,140.44006837603172,140.8291015625,757,0.0,0.0
2010-06-21 00:00:00-04:00,141.99623227629618,146.27557118300726,141.99623227629618,144.33041381835938,1120,0.0,0.0
2010-06-22 00:00:00-04:00,143.16333870657502,147.05364474200076,138.10594177246094,138.10594177246094,530,0.0,0.0
2010-06-23 00:00:00-04:00,140.0511005792711,141.21820068359375,140.0511005792711,141.21820068359375,555,0.0,0.0
2010-06-24 00:00:00-04:00,141.21814516568088,141.21814516568088,138.10589768314543,140.44007873535156,570,0.0,0.0
2010-06-25 00:00:00-04:00,139.66201112248532,141.21813474896828,136.93879705598772,140.8291015625,475,0.0,0.0
2010-06-28 00:00:00-04:00,139.27304296245046,145.4975403745934,139.27304296245046,141.21820068359375,332,0.0,0.0
2010-06-29 00:00:00-04:00,137.71688494125448,142.7742810126743,136.93882751464844,136.93882751464844,914,0.0,0.0
2010-06-30 00:00:00-04:00,136.16076096865018,142.7742810126743,136.16076096865018,136.93882751464844,1218,0.0,0.0
2010-07-01 00:00:00-04:00,136.54979093250896,138.88397227515287,126.43498991539867,131.4923858642578,1418,0.0,0.0
2010-07-02 00:00:00-04:00,133.43755279255524,133.43755279255524,126.43499913462803,132.2704620361328,346,0.0,0.0
2010-07-06 00:00:00-04:00,133.4375501593286,135.38270746124246,128.76917810637084,130.32530212402344,911,0.0,0.0
2010-07-07 00:00:00-04:00,129.1582288936221,129.936295567585,124.8788895450072,128.76919555664062,905,0.0,0.0
2010-07-08 00:00:00-04:00,130.7143284565072,133.4375430627224,126.82402317897,131.4923858642578,548,0.0,0.0
2010-07-09 00:00:00-04:00,130.3252794248701,134.21559335110993,129.15818889475452,132.6594696044922,530,0.0,0.0
2010-07-12 00:00:00-04:00,131.10335464643788,132.659478497371,129.5472307955048,129.93626403808594,283,0.0,0.0
2010-07-13 00:00:00-04:00,130.71431264137226,132.6594696044922,127.21304105102553,132.6594696044922,585,0.0,0.0
2010-07-14 00:00:00-04:00,130.71436389926942,137.7169189453125,128.7692061733818,137.7169189453125,519,0.0,0.0
2010-07-15 00:00:00-04:00,136.93884945613254,141.99624633789062,132.27047679031404,141.99624633789062,1174,0.0,0.0
2010-07-16 00:00:00-04:00,140.0510351895634,145.49747244194884,136.16073068305116,140.8291015625,1103,0.0,0.0
2010-07-19 00:00:00-04:00,143.16333870657502,143.16333870657502,137.32787509373952,138.10594177246094,255,0.0,0.0
2010-07-20 00:00:00-04:00,138.10592429868245,141.21817238100502,135.77173367724419,139.66204833984375,387,0.0,0.0
2010-07-21 00:00:00-04:00,139.6620792669336,139.6620792669336,132.2704907144554,136.16079711914062,905,0.0,0.0
2010-07-22 00:00:00-04:00,138.49497913807284,138.88401251435977,134.60467273338762,136.16079711914062,363,0.0,0.0
2010-07-23 00:00:00-04:00,134.60463829117552,139.66204353064856,134.21561413382554,139.27301025390625,373,0.0,0.0
2010-07-26 00:00:00-04:00,139.27297793601704,144.33037288254397,137.3278211230658,140.8291015625,498,0.0,0.0
2010-07-27 00:00:00-04:00,140.82915690919833,141.60721446852597,137.32787509373952,138.10594177246094,693,0.0,0.0
2010-07-28 00:00:00-04:00,136.9388508737726,139.66206601051,134.60465995700213,138.10594177246094,366,0.0,0.0
2010-07-29 00:00:00-04:00,140.44010668435877,144.71944554462917,137.71689187504055,138.4949493408203,928,0.0,0.0
2010-07-30 00:00:00-04:00,136.16074452435356,140.82911587836168,134.99365396569934,137.3278350830078,538,0.0,0.0
2010-08-02 00:00:00-04:00,138.10592877914542,140.44011035691707,136.16077138474043,136.5498046875,976,0.0,0.0
2010-08-03 00:00:00-04:00,135.77171971784554,147.44264426691026,135.77171971784554,145.8865203857422,2011,0.0,0.0
2010-08-04 00:00:00-04:00,147.05366719878447,150.9439829476999,143.16336056926423,148.9988250732422,989,0.0,0.0
2010-08-05 00:00:00-04:00,148.99876357957334,152.88906860351562,145.88651591266296,152.88906860351562,1240,0.0,0.0
2010-08-06 00:00:00-04:00,149.77684394188051,154.83424945726014,143.94139006935453,154.05618286132812,1137,0.0,0.0
2010-08-09 00:00:00-04:00,152.8890864753695,156.3903586703787,152.1110290273872,154.83424377441406,911,0.0,0.0
2010-08-10 00:00:00-04:00,147.44268153070956,155.61233625144055,144.33043298180195,154.4452362060547,724,0.0,0.0
2010-08-11 00:00:00-04:00,153.66718817549148,156.0013885498047,148.6097905087266,156.0013885498047,959,0.0,0.0
2010-08-12 00:00:00-04:00,151.33296682715624,159.50261130399522,150.55490935672086,151.7220001220703,1313,0.0,0.0
2010-08-13 00:00:00-04:00,152.1110108016241,156.7793731689453,152.1110108016241,156.7793731689453,442,0.0,0.0
2010-08-16 00:00:00-04:00,154.44524747274485,158.33556300237262,154.44524747274485,156.39039611816406,638,0.0,0.0
2010-08-17 00:00:00-04:00,156.00138451364688,157.946533203125,156.00138451364688,157.946533203125,734,0.0,0.0
2010-08-18 00:00:00-04:00,157.16842301485124,159.50260444517733,154.83424158452513,159.1135711669922,721,0.0,0.0
2010-08-19 00:00:00-04:00,159.11358323800616,159.50261654570497,154.4452200231926,155.61231994628906,923,0.0,0.0
2010-08-20 00:00:00-04:00,157.55746430423653,157.94649760220256,150.16587723984654,154.05618286132812,1289,0.0,0.0
2010-08-23 00:00:00-04:00,152.47609311831008,157.21628556427015,151.68606567382812,151.68606567382812,919,3.905614,0.0
2010-08-24 00:00:00-04:00,148.52597320646794,151.68610226611443,144.18079806437694,147.34092712402344,478,0.0,0.0
2010-08-25 00:00:00-04:00,148.13094639110446,150.10602925673308,139.83561502290826,143.39076232910156,848,0.0,0.0
2010-08-26 00:00:00-04:00,145.36584145779503,148.52597045898438,145.36584145779503,148.52597045898438,616,0.0,0.0
2010-08-27 00:00:00-04:00,149.71104431152344,153.2661924127539,144.97084992978057,149.71104431152344,424,0.0,0.0
2010-08-30 00:00:00-04:00,148.13097951760915,155.63629423347194,147.7359702639005,149.71104431152344,731,0.0,0.0
2010-08-31 00:00:00-04:00,150.10600921565398,150.10600921565398,140.23061472538504,146.15585327148438,1148,0.0,0.0
2010-09-01 00:00:00-04:00,146.55088592264357,152.08110698466504,144.97082143925294,150.1060333251953,721,0.0,0.0
2010-09-02 00:00:00-04:00,149.31596482100335,154.05615726696342,149.31596482100335,151.68606567382812,435,0.0,0.0
2010-09-03 00:00:00-04:00,152.08107476622436,153.66113891487774,150.50101987726046,151.68606567382812,654,0.0,0.0
2010-09-07 00:00:00-04:00,149.71101111119293,153.26615842402404,145.36583620645,150.89605712890625,748,0.0,0.0
2010-09-08 00:00:00-04:00,152.47615256301825,153.6611988215908,151.68612481053424,153.2661895751953,366,0.0,0.0
2010-09-09 00:00:00-04:00,153.66112924250382,156.42623901367188,153.26612017497186,156.42623901367188,336,0.0,0.0
2010-09-10 00:00:00-04:00,156.03126525878906,156.03126525878906,153.66117313779455,156.03126525878906,504,0.0,0.0
2010-09-13 00:00:00-04:00,156.03125336390272,157.21630859375,151.68608789322593,157.21630859375,439,0.0,0.0
2010-09-14 00:00:00-04:00,156.03125375849436,156.8212905803905,154.0561802231357,155.24122619628906,284,0.0,0.0
2010-09-15 00:00:00-04:00,153.2661895751953,156.0312913387359,152.47615256301825,153.2661895751953,247,0.0,0.0
2010-09-16 00:00:00-04:00,153.66116181218766,155.24122619628906,151.68608827682897,155.24122619628906,237,0.0,0.0
2010-09-17 00:00:00-04:00,154.05618601593585,158.00635175456844,150.89605712890625,150.89605712890625,510,0.0,0.0
2010-09-20 00:00:00-04:00,150.10600152517475,152.08107476622436,149.31596482100335,151.68606567382812,590,0.0,0.0
2010-09-21 00:00:00-04:00,150.10602389272756,156.03125375849436,150.10602389272756,155.24122619628906,598,0.0,0.0
2010-09-22 00:00:00-04:00,154.8462350337933,154.8462350337933,153.6611796632791,154.0561981201172,261,0.0,0.0
2010-09-23 00:00:00-04:00,152.47610730821899,153.2661440859137,150.10601549451542,151.2910614013672,521,0.0,0.0
2010-09-24 00:00:00-04:00,152.47613418112297,152.47613418112297,150.10604194970642,152.08111572265625,327,0.0,0.0
2010-09-27 00:00:00-04:00,151.2910473217424,154.05615726696342,149.31596482100335,151.68606567382812,481,0.0,0.0
2010-09-28 00:00:00-04:00,150.50105978765038,156.03127188492365,150.1060413308123,154.0561981201172,601,0.0,0.0
2010-09-29 00:00:00-04:00,153.26617447676352,158.79638671875,150.1060452587494,158.79638671875,885,0.0,0.0
2010-09-30 00:00:00-04:00,158.4013649505188,159.5864016694152,152.47611653820059,157.611328125,591,0.0,0.0
2010-10-01 00:00:00-04:00,157.61133123768118,159.19138640054163,154.45120239257812,154.45120239257812,458,0.0,0.0
2010-10-04 00:00:00-04:00,156.4262717738518,159.981418944012,156.03125336390272,157.21630859375,1613,0.0,0.0
2010-10-05 00:00:00-04:00,158.7963736531149,161.9565026111162,158.40137373782468,159.58641052246094,1054,0.0,0.0
2010-10-06 00:00:00-04:00,159.98145316346097,159.98145316346097,156.82132372730968,158.40139770507812,1121,0.0,0.0
2010-10-07 00:00:00-04:00,156.42626549318177,160.7714493087767,156.42626549318177,159.19137573242188,1290,0.0,0.0
2010-10-08 00:00:00-04:00,159.9814678342215,161.5615234375,158.00639370027656,161.5615234375,1152,0.0,0.0
2010-10-11 00:00:00-04:00,161.56145446486582,161.56145446486582,158.4013446073998,159.9813995361328,658,0.0,0.0
2010-10-12 00:00:00-04:00,156.03123443523126,160.771436260189,156.03123443523126,159.9813995361328,783,0.0,0.0
2010-10-13 00:00:00-04:00,159.58641270481112,161.16648646511075,158.00635746389455,160.37644958496094,659,0.0,0.0
2010-10-14 00:00:00-04:00,158.00635304105197,158.4013714700697,154.45120569927494,155.63626098632812,1693,0.0,0.0
2010-10-15 00:00:00-04:00,155.63625386692797,156.42627216944243,154.45119863408377,155.24122619628906,244,0.0,0.0
2010-10-18 00:00:00-04:00,156.82125734089269,158.00631232255517,156.03122068645104,156.42623901367188,341,0.0,0.0
2010-10-19 00:00:00-04:00,154.8462371826172,157.61134789947164,154.45121872029742,154.8462371826172,839,0.0,0.0
2010-10-20 00:00:00-04:00,154.45116589694547,157.61129399533434,154.45116589694547,156.42623901367188,556,0.0,0.0
2010-10-21 00:00:00-04:00,158.0063574591037,158.0063574591037,154.4512100179204,156.03126525878906,402,0.0,0.0
2010-10-22 00:00:00-04:00,155.24122469369217,158.7963625787417,155.24122469369217,156.8212890625,616,0.0,0.0
2010-10-25 00:00:00-04:00,155.63622087860796,157.61129399533434,154.05614756972463,156.42623901367188,788,0.0,0.0
2010-10-26 00:00:00-04:00,155.24121957060606,160.376430914688,154.05617364803038,159.19137573242188,685,0.0,0.0
2010-10-27 00:00:00-04:00,157.21632165079063,161.16648755896688,156.8213032080347,160.77146911621094,533,0.0,0.0
2010-10-28 00:00:00-04:00,159.98143223069906,160.77146911621094,156.8213032080347,160.77146911621094,954,0.0,0.0
2010-10-29 00:00:00-04:00,159.19140518592482,161.56149746958934,157.2163313694351,158.79638671875,453,0.0,0.0
2010-11-01 00:00:00-04:00,159.981418944012,159.981418944012,157.21630859375,157.21630859375,465,0.0,0.0
2010-11-02 00:00:00-04:00,156.82130213891492,157.21632057897784,155.24123763835473,156.03126525878906,530,0.0,0.0
2010-11-03 00:00:00-04:00,155.24123763835473,156.03126525878906,153.66117313779455,156.03126525878906,496,0.0,0.0
2010-11-04 00:00:00-04:00,159.19137400720467,163.931576165517,153.66115358865756,162.74652099609375,1839,0.0,0.0
2010-11-05 00:00:00-04:00,161.95647252460077,164.32656417296616,159.58638087623535,163.9315643310547,684,0.0,0.0
2010-11-08 00:00:00-05:00,163.14153708631284,164.32657371965152,157.21629836147815,161.95648193359375,627,0.0,0.0
2010-11-09 00:00:00-05:00,161.16648646511075,161.95650482587752,158.40137590396944,160.37644958496094,627,0.0,0.0
2010-11-10 00:00:00-05:00,159.19141512999286,160.77148909739316,157.21634119012796,158.00637817382812,485,0.0,0.0
2010-11-11 00:00:00-05:00,157.61130758916076,164.72158253425692,156.8212708665792,163.9315643310547,796,0.0,0.0
2010-11-12 00:00:00-05:00,163.93160827263816,163.93160827263816,158.0063683037847,158.79638671875,250,0.0,0.0
2010-11-15 00:00:00-05:00,158.40139770507812,160.37647165790307,157.2163422217518,158.40139770507812,292,0.0,0.0
2010-11-16 00:00:00-05:00,158.0063390695366,159.9814125205993,152.47610933136596,159.19137573242188,900,0.0,0.0
2010-11-17 00:00:00-05:00,158.40137589916662,162.74654170109275,154.84622845798333,156.03126525878906,598,0.0,0.0
2010-11-18 00:00:00-05:00,156.4262717738518,160.3764373539611,156.4262717738518,157.21630859375,530,0.0,0.0
2010-11-19 00:00:00-05:00,157.61131896735438,162.74652099609375,156.4262637979311,162.74652099609375,1502,0.0,0.0
2010-11-22 00:00:00-05:00,161.16649752179882,161.16649752179882,158.4013867709595,158.79638671875,519,0.0,0.0
2010-11-23 00:00:00-05:00,156.791390165043,164.4104020564461,155.98938297648024,158.3953857421875,1217,3.905614,0.0
2010-11-24 00:00:00-05:00,159.99939748176277,160.80140465710463,158.39538313107906,158.79638671875,897,0.0,0.0
2010-11-26 00:00:00-05:00,157.1923323068269,161.60333251953125,155.98932199428555,161.60333251953125,261,0.0,0.0
2010-11-29 00:00:00-05:00,159.99939748176277,159.99939748176277,156.3903839927051,158.79638671875,516,0.0,0.0
2010-11-30 00:00:00-05:00,155.18741113202398,158.3954122226147,152.38040430276206,154.78640747070312,599,0.0,0.0
2010-12-01 00:00:00-05:00,153.98435799271846,154.78635564685217,147.96934268675446,152.78135681152344,2287,0.0,0.0
2010-12-02 00:00:00-05:00,151.97940063476562,154.38540380260102,151.5783969734624,151.97940063476562,383,0.0,0.0
2010-12-03 00:00:00-05:00,150.3753288005404,151.57832985174676,148.3703301818591,149.97433471679688,923,0.0,0.0
2010-12-06 00:00:00-05:00,148.7713901508584,155.18741113202398,148.7713901508584,154.78640747070312,754,0.0,0.0
2010-12-07 00:00:00-05:00,156.39036383244093,156.39036383244093,150.77635192871094,150.77635192871094,716,0.0,0.0
2010-12-08 00:00:00-05:00,149.97435680933498,153.58336049459191,148.77134618092668,150.37535095214844,588,0.0,0.0
2010-12-09 00:00:00-05:00,150.37534839273334,151.57834960067703,149.57335072076725,150.77635192871094,492,0.0,0.0
2010-12-10 00:00:00-05:00,150.37534839273334,151.97935313665462,149.97435425674485,150.77635192871094,450,0.0,0.0
2010-12-13 00:00:00-05:00,150.3753466617577,152.3803549185769,148.37034780492755,149.57334899902344,1433,0.0,0.0
2010-12-14 00:00:00-05:00,149.9743353522813,151.1773364085851,147.16732035425514,148.37033081054688,845,0.0,0.0
2010-12-15 00:00:00-05:00,147.16734143861623,148.37035206726085,145.56334606706866,145.96434020996094,1160,0.0,0.0
2010-12-16 00:00:00-05:00,146.76632739373002,158.39534396045832,146.3653239052259,157.19235229492188,1558,0.0,0.0
2010-12-17 00:00:00-05:00,155.98940905467364,157.19242003863624,151.9794006414412,154.78640747070312,753,0.0,0.0
2010-12-20 00:00:00-05:00,156.39036297272565,156.39036297272565,151.17735463363044,152.38035583496094,1015,0.0,0.0
2010-12-21 00:00:00-05:00,152.3803368192096,152.3803368192096,148.77132426560263,149.97433471679688,1449,0.0,0.0
2010-12-22 00:00:00-05:00,149.57336328539975,151.57836233373575,149.57336328539975,151.1773681640625,455,0.0,0.0
2010-12-23 00:00:00-05:00,149.57334899902344,150.77635019311936,148.77134193630016,149.57334899902344,426,0.0,0.0
2010-12-27 00:00:00-05:00,147.5683244786427,148.7713255401554,146.36532341712999,146.76632690429688,779,0.0,0.0
2010-12-28 00:00:00-05:00,145.96431739489924,146.76632435530402,140.3503062720171,141.15231323242188,2135,0.0,0.0
2010-12-29 00:00:00-05:00,142.35533223789113,144.76133462276067,140.3503239838405,140.75132751464844,1920,0.0,0.0
2010-12-30 00:00:00-05:00,140.3503062720171,142.35531427304122,138.3453076709808,141.15231323242188,2467,0.0,0.0
2010-12-31 00:00:00-05:00,141.55334075258298,149.97436882624112,140.35033942777184,147.9693603515625,1856,0.0,0.0
2011-01-03 00:00:00-05:00,150.37533431827214,154.38534110276206,148.77132972447853,153.58334350585938,1484,0.0,0.0
2011-01-04 00:00:00-05:00,153.58337460189844,157.1923880186484,153.58337460189844,156.390380859375,628,0.0,0.0
2011-01-05 00:00:00-05:00,155.58834774089328,158.39534396045832,155.58834774089328,157.19235229492188,954,0.0,0.0
2011-01-06 00:00:00-05:00,157.19235229492188,157.99435927193016,155.18734425238912,157.19235229492188,745,0.0,0.0
2011-01-07 00:00:00-05:00,157.1923606273187,157.1923606273187,151.5783396906386,154.38534545898438,711,0.0,0.0
2011-01-10 00:00:00-05:00,154.38535211979087,154.38535211979087,151.57834623033952,152.78135681152344,330,0.0,0.0
2011-01-11 00:00:00-05:00,152.38035929610834,152.38035929610834,143.95934129553183,145.96434020996094,2844,0.0,0.0
2011-01-12 00:00:00-05:00,145.96436808464074,150.7763833181974,145.16237024571018,146.36537170410156,1816,0.0,0.0
2011-01-13 00:00:00-05:00,147.16734143861623,147.56834498149777,145.16234252418715,145.96434020996094,372,0.0,0.0
2011-01-14 00:00:00-05:00,145.16233922698882,152.38035583496094,145.16233922698882,152.38035583496094,507,0.0,0.0
2011-01-18 00:00:00-05:00,152.3803757810767,152.3803757810767,148.3703681184145,148.7713623046875,868,0.0,0.0
2011-01-19 00:00:00-05:00,147.16736954303215,149.97438547926683,146.36537170410156,146.36537170410156,624,0.0,0.0
2011-01-20 00:00:00-05:00,146.36534463014723,146.36534463014723,142.355337377264,144.36033630371094,1112,0.0,0.0
2011-01-21 00:00:00-05:00,145.56332648698844,145.56332648698844,142.75631146438548,145.16232299804688,412,0.0,0.0
2011-01-24 00:00:00-05:00,146.36531509333412,147.96931955079395,142.3553086496782,147.1673126220703,2341,0.0,0.0
2011-01-25 00:00:00-05:00,146.7663753235624,146.7663753235624,143.15736154839715,146.36537170410156,608,0.0,0.0
2011-01-26 00:00:00-05:00,145.9643410848621,147.16734232072812,142.75633152255978,144.36033630371094,840,0.0,0.0
2011-01-27 00:00:00-05:00,143.1573174378681,145.96432310919954,143.1573174378681,144.76132202148438,593,0.0,0.0
2011-01-28 00:00:00-05:00,145.56334693956632,145.9643410848621,143.55833861313005,144.36033630371094,745,0.0,0.0
2011-01-31 00:00:00-05:00,143.9593531853761,147.56835716941575,142.75634245737282,143.558349609375,1404,0.0,0.0
2011-02-01 00:00:00-05:00,143.1573174378681,145.16232551738548,143.1573174378681,144.76132202148438,611,0.0,0.0
2011-02-02 00:00:00-05:00,144.36033630371094,147.16734232072812,142.75633152255978,144.36033630371094,893,0.0,0.0
2011-02-03 00:00:00-05:00,143.558349609375,145.96435226540143,142.35534828136178,143.558349609375,402,0.0,0.0
2011-02-04 00:00:00-05:00,143.15733594520367,143.95934304068913,142.75633239746094,142.75633239746094,430,0.0,0.0
2011-02-07 00:00:00-05:00,142.35531984605404,147.1673241969147,142.35531984605404,144.76132202148438,1880,0.0,0.0
2011-02-08 00:00:00-05:00,144.36030717151243,147.96931955079395,144.36030717151243,147.1673126220703,595,0.0,0.0
2011-02-09 00:00:00-05:00,146.36531509333412,148.37032301515578,146.36531509333412,147.1673126220703,730,0.0,0.0
2011-02-10 00:00:00-05:00,146.36531509333412,148.77131707953018,146.36531509333412,147.1673126220703,376,0.0,0.0
2011-02-11 00:00:00-05:00,146.36537170410156,147.9693767819538,146.36537170410156,146.36537170410156,943,0.0,0.0
2011-02-14 00:00:00-05:00,146.36533964047663,154.38535387283662,146.36533964047663,153.98435974121094,1123,0.0,0.0
2011-02-15 00:00:00-05:00,152.78135854635585,154.38535387283662,152.38035501474113,153.98435974121094,475,0.0,0.0
2011-02-16 00:00:00-05:00,152.3803732629785,156.390380859375,151.17737192405858,156.390380859375,1638,0.0,0.0
2011-02-17 00:00:00-05:00,156.79137410599688,159.99938373169283,156.39037055278752,157.994384765625,1466,0.0,0.0
2011-02-18 00:00:00-05:00,157.9943555308964,161.2023457630179,156.3903416148601,160.80136108398438,1008,0.0,0.0
2011-02-22 00:00:00-05:00,161.20232908201749,162.00433595704504,156.39032543179934,161.60333251953125,3579,0.0,0.0
2011-02-23 00:00:00-05:00,162.40538963281892,162.40538963281892,159.19737994032099,160.400390625,1493,0.0,0.0
2011-02-24 00:00:00-05:00,159.19740413790507,161.60340707298974,157.19240482533155,157.59339904785156,1324,0.0,0.0
2011-02-25 00:00:00-05:00,156.7789483979795,162.07278887061648,155.96451654219587,158.40782165527344,2099,3.905614,0.0
2011-02-28 00:00:00-05:00,158.4078062080926,161.66555240500045,157.1861537706836,158.00059509277344,914,0.0,0.0
2011-03-01 00:00:00-05:00,156.37171392428996,157.18614565862285,148.63456949236368,153.1139678955078,10549,0.0,0.0
2011-03-02 00:00:00-05:00,151.8923032114015,155.1500489761675,151.07786199734772,154.74282836914062,1423,0.0,0.0
2011-03-03 00:00:00-05:00,155.55730852548905,157.59340264956,154.74287660329713,156.77896118164062,320,0.0,0.0
2011-03-04 00:00:00-05:00,158.00056423053667,162.07274140839058,158.00056423053667,160.44387817382812,1246,0.0,0.0
2011-03-07 00:00:00-05:00,160.85115838075788,162.88726228469335,160.03672636491228,162.48004150390625,979,0.0,0.0
2011-03-08 00:00:00-05:00,162.07282072311915,163.70168475481037,161.66559994233208,162.48004150390625,1158,0.0,0.0
2011-03-09 00:00:00-05:00,162.88722229003906,163.29444297083887,162.48000160923925,162.88722229003906,427,0.0,0.0
2011-03-10 00:00:00-05:00,161.66556024763963,163.70164456018622,160.85111888604,162.88722229003906,1538,0.0,0.0
2011-03-11 00:00:00-05:00,166.1449982640216,177.13988223988898,162.48003057491388,173.47491455078125,3778,0.0,0.0
2011-03-14 00:00:00-04:00,174.69655432343694,175.9181973349149,168.99550269266396,175.10377502441406,1837,0.0,0.0
2011-03-15 00:00:00-04:00,174.28929732815914,175.10373856051277,165.33050104661757,174.69651794433594,2031,0.0,0.0
2011-03-16 00:00:00-04:00,174.69651198411938,182.02642555087505,173.88207077955252,174.28929138183594,4632,0.0,0.0
2011-03-17 00:00:00-04:00,176.3254165794277,177.1398579746546,168.9955012967454,171.03158569335938,1266,0.0,0.0
2011-03-18 00:00:00-04:00,171.03153707545087,176.73258703853605,171.03153707545087,175.51092529296875,2383,0.0,0.0
2011-03-21 00:00:00-04:00,175.91818305469724,176.73262439053894,172.66043680278227,173.06765747070312,823,0.0,0.0
2011-03-22 00:00:00-04:00,173.47493353929983,174.69659593321052,171.0316278429364,172.66049194335938,352,0.0,0.0
2011-03-23 00:00:00-04:00,173.47487813862398,174.28931947446569,171.03157322255072,173.06765747070312,409,0.0,0.0
2011-03-24 00:00:00-04:00,174.2893399550888,183.24813842773438,173.06767780776954,183.24813842773438,610,0.0,0.0
2011-03-25 00:00:00-04:00,182.84094829254647,186.5059162560248,181.21206515701954,184.06259155273438,805,0.0,0.0
2011-03-28 00:00:00-04:00,213.78946650621958,215.01112856440395,175.91819089138886,188.13473510742188,1077,0.0,0.0
2011-03-29 00:00:00-04:00,194.65018670891664,195.05740730880058,188.13469529367075,188.5419158935547,874,0.0,0.0
2011-03-30 00:00:00-04:00,190.57803344726562,192.20691613437373,184.87698222529136,190.57803344726562,931,0.0,0.0
2011-03-31 00:00:00-04:00,190.98522882980322,200.75846638397604,190.98522882980322,196.686279296875,1976,0.0,0.0
2011-04-01 00:00:00-04:00,198.3151617682952,199.53680453041088,190.1707875940931,196.686279296875,1184,0.0,0.0
2011-04-04 00:00:00-04:00,197.50074525846284,197.50074525846284,193.42855766154898,196.27908325195312,701,0.0,0.0
2011-04-05 00:00:00-04:00,195.464663402962,199.94405263219699,195.464663402962,197.50074768066406,595,0.0,0.0
2011-04-06 00:00:00-04:00,197.09352700683323,198.31518902832573,193.83578070763866,197.50074768066406,682,0.0,0.0
2011-04-07 00:00:00-04:00,196.27908430172025,197.90796698577836,186.09864389216494,189.76361083984375,628,0.0,0.0
2011-04-08 00:00:00-04:00,188.94916775541188,189.76360908993053,184.06253883975174,185.69142150878906,724,0.0,0.0
2011-04-11 00:00:00-04:00,184.4697769615457,192.61415289444966,182.43369252404653,186.91310119628906,750,0.0,0.0
2011-04-12 00:00:00-04:00,186.09866434669186,186.09866434669186,181.61925556464203,183.24813842773438,790,0.0,0.0
2011-04-13 00:00:00-04:00,183.24810886562986,183.24810886562986,178.36148015613173,181.21200561523438,816,0.0,0.0
2011-04-14 00:00:00-04:00,179.99031651035088,180.80475760124935,174.69648760240298,177.54701232910156,478,0.0,0.0
2011-04-15 00:00:00-04:00,173.88210890142284,179.99038109195303,172.66044682673564,179.58316040039062,1435,0.0,0.0
2011-04-18 00:00:00-04:00,177.13984089761345,180.39758707300706,173.0676534055086,176.7326202392578,367,0.0,0.0
2011-04-19 00:00:00-04:00,175.51090960185536,184.06248378195104,175.51090960185536,177.54701232910156,433,0.0,0.0
2011-04-20 00:00:00-04:00,179.17590042633972,179.17590042633972,171.03154565501717,174.28929138183594,883,0.0,0.0
2011-04-21 00:00:00-04:00,175.10379756436507,175.10379756436507,171.4388298752573,173.47491455078125,201,0.0,0.0
2011-04-25 00:00:00-04:00,173.06762957498563,175.10373258640283,172.2532074618675,174.28929138183594,393,0.0,0.0
2011-04-26 00:00:00-04:00,175.10376598711923,176.32540893554688,175.10376598711923,176.32540893554688,449,0.0,0.0
2011-04-27 00:00:00-04:00,175.91816070141695,177.13982254994738,174.69651794433597,174.69651794433594,444,0.0,0.0
2011-04-28 00:00:00-04:00,175.10377502441406,178.7687231503014,171.43880780707332,175.10377502441406,1481,0.0,0.0
2011-04-29 00:00:00-04:00,175.10377412599672,180.8048257275189,175.10377412599672,177.9542999267578,645,0.0,0.0
2011-05-02 00:00:00-04:00,178.7687190172658,181.6192447667497,178.3614983257034,179.58316040039062,396,0.0,0.0
2011-05-03 00:00:00-04:00,177.54706747368627,179.17593106994806,174.28932118971062,177.1398468017578,601,0.0,0.0
2011-05-04 00:00:00-04:00,176.32540893554688,177.13985029546694,175.10376598711923,176.32540893554688,323,0.0,0.0
2011-05-05 00:00:00-04:00,175.9181973349149,176.73263873686918,174.69655432343694,175.10377502441406,453,0.0,0.0
2011-05-06 00:00:00-04:00,175.51099922630516,177.95432374668087,171.4388298752573,173.47491455078125,492,0.0,0.0
2011-05-09 00:00:00-04:00,173.06765401732366,177.9542828434146,172.25323178918472,173.88209533691406,161,0.0,0.0
2011-05-10 00:00:00-04:00,175.10372380256078,177.13980762039182,175.10372380256078,175.51092529296875,458,0.0,0.0
2011-05-11 00:00:00-04:00,176.73258703853605,177.13980762039182,175.51092529296875,175.51092529296875,284,0.0,0.0
2011-05-12 00:00:00-04:00,175.51096275153992,183.2481172752125,175.10376117422462,182.8408966064453,1252,0.0,0.0
2011-05-13 00:00:00-04:00,184.4697567033451,185.28419802548547,175.10375786453707,183.65533447265625,699,0.0,0.0
2011-05-16 00:00:00-04:00,183.6553068778446,190.98522040140972,183.6553068778446,188.5419158935547,538,0.0,0.0
2011-05-17 00:00:00-04:00,184.46978519868583,193.42858385175504,184.06256447471162,189.35641479492188,810,0.0,0.0
2011-05-18 00:00:00-04:00,188.9491642416679,190.17080712927608,185.6914180556269,186.505859375,296,0.0,0.0
2011-05-19 00:00:00-04:00,187.7275170839841,191.39248421906643,180.8048225971097,190.1708221435547,579,0.0,0.0
2011-05-20 00:00:00-04:00,184.46975645029244,191.39246949608597,183.24811356020925,187.32028198242188,381,0.0,0.0
2011-05-23 00:00:00-04:00,184.87695942301508,185.69140066611791,182.43365478515625,182.43365478515625,255,0.0,0.0
2011-05-24 00:00:00-04:00,182.43372750866473,186.91313703990653,182.02650672478302,184.06259155273438,645,0.0,0.0
2011-05-25 00:00:00-04:00,184.46976019006215,184.46976019006215,182.43367593767815,182.8408966064453,266,0.0,0.0
2011-05-26 00:00:00-04:00,183.65536284219186,192.6141614952611,183.65536284219186,189.35641479492188,381,0.0,0.0
2011-05-27 00:00:00-04:00,188.94293982578094,195.97143908631847,188.94293982578094,195.55801391601562,383,4.55655,0.0
2011-05-31 00:00:00-04:00,197.21177274695324,197.21177274695324,189.35638437932585,195.55801391601562,209,0.0,0.0
2011-06-01 00:00:00-04:00,194.31769973011808,194.31769973011808,189.76984795181724,191.01016235351562,578,0.0,0.0
2011-06-02 00:00:00-04:00,190.59669855406844,190.59669855406844,186.8757169574102,189.35638427734375,392,0.0,0.0
2011-06-03 00:00:00-04:00,188.11608417391503,195.97147393857247,186.0488804217937,192.66395568847656,433,0.0,0.0
2011-06-06 00:00:00-04:00,193.49074257313544,193.49074257313544,182.32781996280232,183.1547088623047,513,0.0,0.0
2011-06-07 00:00:00-04:00,186.46227182486214,186.46227182486214,177.77999528433693,178.19342041015625,567,0.0,0.0
2011-06-08 00:00:00-04:00,177.78002943575248,178.60689922947216,175.29936190486225,176.95314025878906,1014,0.0,0.0
2011-06-09 00:00:00-04:00,177.78001035764862,181.08752794407522,174.47247338798041,180.67410278320312,811,0.0,0.0
2011-06-10 00:00:00-04:00,181.08748964730518,181.08748964730518,177.36652830368172,180.2606201171875,719,0.0,0.0
2011-06-13 00:00:00-04:00,179.4337882662662,179.84723285442493,177.780029296875,177.780029296875,737,0.0,0.0
2011-06-14 00:00:00-04:00,178.19342801655665,179.4337615966797,178.19342801655665,179.4337615966797,48,0.0,0.0
2011-06-15 00:00:00-04:00,177.780029296875,179.84723285442493,176.5396955323988,177.780029296875,651,0.0,0.0
2011-06-16 00:00:00-04:00,177.77999528433693,179.43375393733413,176.95310626621836,178.19342041015625,373,0.0,0.0
2011-06-17 00:00:00-04:00,178.60689908994874,179.4337882662662,176.95314012055752,177.780029296875,825,0.0,0.0
2011-06-20 00:00:00-04:00,177.36655834638213,179.84720612338734,177.36655834638213,179.4337615966797,269,0.0,0.0
2011-06-21 00:00:00-04:00,179.84721369497566,181.91441703230268,179.0203246067482,180.67410278320312,229,0.0,0.0
2011-06-22 00:00:00-04:00,179.84721369497566,185.63539854608464,179.43376915086193,180.67410278320312,235,0.0,0.0
2011-06-23 00:00:00-04:00,178.60686493913678,180.26064297555843,177.77999530416596,179.0203094482422,114,0.0,0.0
2011-06-24 00:00:00-04:00,178.60687254326433,179.4337615966797,177.7800028730898,179.4337615966797,66,0.0,0.0
2011-06-27 00:00:00-04:00,178.6069030761719,179.84723686833036,177.78003326464372,178.60690307617188,194,0.0,0.0
2011-06-28 00:00:00-04:00,178.19342801655665,181.91440937368486,177.7800028730898,179.4337615966797,104,0.0,0.0
2011-06-29 00:00:00-04:00,179.4337882662662,179.84723285442493,177.780029296875,177.780029296875,169,0.0,0.0
2011-06-30 00:00:00-04:00,178.19339783379942,181.08748964730518,176.9530838470041,180.2606201171875,307,0.0,0.0
2011-07-01 00:00:00-04:00,179.8472137451172,180.67410283357518,178.60688011243016,179.8472137451172,161,0.0,0.0
2011-07-05 00:00:00-04:00,180.674087464512,180.674087464512,177.77999528433693,178.19342041015625,80,0.0,0.0
2011-07-06 00:00:00-04:00,177.77999528433693,181.0875125903313,176.12621724809975,178.19342041015625,246,0.0,0.0
2011-07-07 00:00:00-04:00,177.36652830368172,181.91437856066042,174.88588094685358,180.2606201171875,739,0.0,0.0
2011-07-08 00:00:00-04:00,179.43376920088818,181.91441708302054,179.02032465665917,179.8472137451172,86,0.0,0.0
2011-07-11 00:00:00-04:00,178.19345450179,179.84723285442493,177.36658470871626,177.780029296875,624,0.0,0.0
2011-07-12 00:00:00-04:00,177.78000642461552,180.26065425117685,173.6455804581859,177.36656188964844,338,0.0,0.0
2011-07-13 00:00:00-04:00,177.780029296875,179.02034367810748,175.71280635608133,177.780029296875,172,0.0,0.0
2011-07-14 00:00:00-04:00,179.84720612338734,181.5009648469772,177.7800028730898,179.4337615966797,200,0.0,0.0
2011-07-15 00:00:00-04:00,180.26067744258367,181.91443641197486,177.780029296875,177.780029296875,118,0.0,0.0
2011-07-18 00:00:00-04:00,175.29936176792262,180.26067744258367,175.29936176792262,177.780029296875,226,0.0,0.0
2011-07-19 00:00:00-04:00,177.780029296875,178.19345450179,175.71280635608133,177.780029296875,522,0.0,0.0
2011-07-20 00:00:00-04:00,178.60689908994874,178.60689908994874,172.81871362221395,177.780029296875,370,0.0,0.0
2011-07-21 00:00:00-04:00,177.36655079506056,181.08751261052925,177.36655079506056,179.0203094482422,287,0.0,0.0
2011-07-22 00:00:00-04:00,179.43373551809802,182.7412718678071,177.7799770348625,181.9143829345703,780,0.0,0.0
2011-07-25 00:00:00-04:00,177.78002192736676,181.0875397290428,172.4052618873467,175.71279907226562,578,0.0,0.0
2011-07-26 00:00:00-04:00,174.88592931346807,180.26066997024523,174.05904017142763,175.71279907226562,281,0.0,0.0
2011-07-27 00:00:00-04:00,174.88589799348014,174.88589799348014,165.37673271272223,169.51113891601562,1145,0.0,0.0
2011-07-28 00:00:00-04:00,169.51113895993288,171.16491694827025,169.51113895993288,170.33802795410156,343,0.0,0.0
2011-07-29 00:00:00-04:00,167.85742171517043,172.818718136175,167.85742171517043,168.68431091308594,452,0.0,0.0
2011-08-01 00:00:00-04:00,169.92461004180825,171.1649437271121,167.85740661621094,167.85740661621094,472,0.0,0.0
2011-08-02 00:00:00-04:00,167.85740661621094,173.64559171447735,167.85740661621094,167.85740661621094,465,0.0,0.0
2011-08-03 00:00:00-04:00,168.68427623031621,169.51114587497682,165.37673950195312,165.37673950195312,335,0.0,0.0
2011-08-04 00:00:00-04:00,164.9633059924665,164.9633059924665,150.90627880500946,155.86758422851562,2048,0.0,0.0
2011-08-05 00:00:00-04:00,156.28101294438062,157.5213465202895,140.57022759069216,151.31971740722656,1140,0.0,0.0
2011-08-08 00:00:00-04:00,143.0508707333992,148.01217580173872,139.74333402117284,142.63743591308594,1269,0.0,0.0
2011-08-09 00:00:00-04:00,151.73318545276516,165.3767802411546,139.743369127572,146.3584442138672,793,0.0,0.0
2011-08-10 00:00:00-04:00,163.3095198350457,163.3095198350457,150.07939206966662,155.45413208007812,433,0.0,0.0
2011-08-11 00:00:00-04:00,152.56005287596454,158.34823790324285,146.3584232919889,154.2138214111328,601,0.0,0.0
2011-08-12 00:00:00-04:00,154.21381021567905,160.41543934943527,152.9734863272519,157.52134704589844,1014,0.0,0.0
2011-08-15 00:00:00-04:00,159.17511929822476,163.72298040340954,159.17511929822476,161.65577697753906,264,0.0,0.0
2011-08-16 00:00:00-04:00,160.4154451570257,163.30952787371785,153.38692671544788,155.0406951904297,2088,0.0,0.0
2011-08-17 00:00:00-04:00,153.38692861847073,161.65577109596856,153.38692861847073,157.10791015625,316,0.0,0.0
2011-08-18 00:00:00-04:00,153.38692270502202,157.52134863018895,151.31971943405907,152.56004333496094,1005,0.0,0.0
2011-08-19 00:00:00-04:00,150.90628248211837,155.04069892330577,148.83906941571416,152.1466064453125,879,0.0,0.0
2011-08-22 00:00:00-04:00,154.62726406332172,154.62726406332172,149.2525139673192,152.1466064453125,564,0.0,0.0
2011-08-23 00:00:00-04:00,151.31974036439507,154.62727768537437,149.25252711587754,150.9062957763672,1089,0.0,0.0
2011-08-24 00:00:00-04:00,150.49285482887424,154.62728142592417,150.49285482887424,153.38694763183594,485,0.0,0.0
2011-08-25 00:00:00-04:00,152.1466008091587,153.8003692626953,150.49283235562214,153.8003692626953,406,0.0,0.0
2011-08-26 00:00:00-04:00,152.14659880412015,154.62725629754442,152.14659880412015,152.56004333496094,174,0.0,0.0
2011-08-29 00:00:00-04:00,153.80038440557783,162.89611664138718,153.80038440557783,154.6272735595703,751,0.0,0.0
2011-08-30 00:00:00-04:00,154.62724721637713,162.06919987634737,154.62724721637713,156.281005859375,810,0.0,0.0
2011-08-31 00:00:00-04:00,156.2810117419544,162.17840729359634,151.6473423978813,154.1748046875,596,4.55655,0.0
2011-09-01 00:00:00-04:00,152.06859688204636,159.22971907089462,144.0649839212856,156.28102111816406,1194,0.0,0.0
2011-09-02 00:00:00-04:00,152.4898378001234,160.0722051527682,150.80486618014888,157.9659881591797,198,0.0,0.0
2011-09-06 00:00:00-04:00,157.5447505412183,157.9659860346857,149.5411379226006,155.0172882080078,180,0.0,0.0
2011-09-07 00:00:00-04:00,156.28101443737245,157.9659860346857,152.0685903813299,155.0172882080078,283,0.0,0.0
2011-09-08 00:00:00-04:00,150.38362654481006,156.28102250251064,148.27741934533512,155.8597869873047,166,0.0,0.0
2011-09-09 00:00:00-04:00,154.17481802604692,155.43854434294798,150.80487459798954,151.2261199951172,280,0.0,0.0
2011-09-12 00:00:00-04:00,149.5411336616098,152.06858604832243,147.01367140041626,149.11988830566406,613,0.0,0.0
2011-09-13 00:00:00-04:00,150.38366047314418,150.38366047314418,144.0650177001953,144.0650177001953,215,0.0,0.0
2011-09-14 00:00:00-04:00,144.9074765830784,153.75357055664062,143.22250489175963,153.75357055664062,307,0.0,0.0
2011-09-15 00:00:00-04:00,151.6473254421935,151.6473254421935,143.22247841739605,147.01365661621094,376,0.0,0.0
2011-09-16 00:00:00-04:00,143.6437269103138,146.5924244217058,136.90384124171484,141.95875549316406,472,0.0,0.0
2011-09-19 00:00:00-04:00,138.58883950382818,141.5375375863895,126.37280176907926,133.95516967773438,3541,0.0,0.0
2011-09-20 00:00:00-04:00,133.1126781196991,139.01007381416002,128.47900866341107,132.2701873779297,1515,0.0,0.0
2011-09-21 00:00:00-04:00,132.27018718064267,132.69143255089907,121.73912204560126,126.79403686523438,3957,0.0,0.0
2011-09-22 00:00:00-04:00,123.00285545193672,125.95155346665373,120.47540283203125,120.47540283203125,1346,0.0,0.0
2011-09-23 00:00:00-04:00,120.05416459316694,126.37280639404138,120.05416459316694,125.9515609741211,527,0.0,0.0
2011-09-26 00:00:00-04:00,124.68784702443267,128.05779097092727,123.00287505118537,124.2666015625,1211,0.0,0.0
2011-09-27 00:00:00-04:00,126.37279771797033,132.6914390850411,120.05415635089955,127.21527862548828,2575,0.0,0.0
2011-09-28 00:00:00-04:00,128.4790063509474,137.32509973342,128.4790063509474,136.9038543701172,928,0.0,0.0
2011-09-29 00:00:00-04:00,136.9038543701172,140.69504289088036,133.53391121265685,136.9038543701172,464,0.0,0.0
2011-09-30 00:00:00-04:00,135.2188933898633,135.2188933898633,130.5852236537879,133.11268615722656,1163,0.0,0.0
2011-10-03 00:00:00-04:00,130.58519823647347,130.58519823647347,124.68780333379816,129.32147216796875,539,0.0,0.0
2011-10-04 00:00:00-04:00,127.6365388838628,133.533935546875,125.10908599242411,133.533935546875,1025,0.0,0.0
2011-10-05 00:00:00-04:00,132.2702004716974,137.74636121185412,132.2702004716974,134.7976531982422,344,0.0,0.0
2011-10-06 00:00:00-04:00,157.5447260637479,157.5447260637479,136.0613538789423,140.6950225830078,762,0.0,0.0
2011-10-07 00:00:00-04:00,139.01008220778039,139.01008220778039,128.90025194298937,133.11268615722656,485,0.0,0.0
2011-10-10 00:00:00-04:00,134.37641247170498,136.4826197043417,127.63652562851097,133.11268615722656,300,0.0,0.0
2011-10-11 00:00:00-04:00,131.84892226177612,136.90383633194128,128.0577441150121,136.0613555908203,771,0.0,0.0
2011-10-12 00:00:00-04:00,136.06139831279657,137.74637019858332,126.79405787821086,133.533935546875,1217,0.0,0.0
2011-10-13 00:00:00-04:00,134.79765078324144,146.5924530029297,125.53032099378092,146.5924530029297,1416,0.0,0.0
2011-10-14 00:00:00-04:00,145.32872072679515,145.32872072679515,136.9038623425337,143.22250366210938,447,0.0,0.0
2011-10-17 00:00:00-04:00,139.85256584285702,141.5375375863895,133.95516967773438,133.95516967773438,361,0.0,0.0
2011-10-18 00:00:00-04:00,132.69143036053228,136.9038543701172,132.69143036053228,136.9038543701172,189,0.0,0.0
2011-10-19 00:00:00-04:00,136.48260870806658,138.58882564548927,131.00645849504113,131.42770385742188,260,0.0,0.0
2011-10-20 00:00:00-04:00,133.11269745845087,136.90387672375599,132.6914520263672,132.6914520263672,266,0.0,0.0
2011-10-21 00:00:00-04:00,134.7976513456751,136.48262309837526,131.8489532470703,131.8489532470703,112,0.0,0.0
2011-10-24 00:00:00-04:00,134.7976531982422,139.0100875751265,134.7976531982422,134.7976531982422,181,0.0,0.0
2011-10-25 00:00:00-04:00,134.376404357872,135.21888522516014,131.0064611397568,132.2701873779297,315,0.0,0.0
2011-10-26 00:00:00-04:00,134.7976531982422,139.0100875751265,131.8489550591125,134.7976531982422,323,0.0,0.0
2011-10-27 00:00:00-04:00,137.3251104969819,139.01008220778039,130.5852236537879,133.11268615722656,442,0.0,0.0
2011-10-28 00:00:00-04:00,133.53393381124658,138.16760396831256,133.11269825113712,137.74636840820312,341,0.0,0.0
2011-10-31 00:00:00-04:00,135.64013270654067,136.9038589643765,133.53391569382663,135.21888732910156,129,0.0,0.0
2011-11-01 00:00:00-04:00,132.6914171389675,136.90384072882043,129.74271963862245,134.3763885498047,253,0.0,0.0
2011-11-02 00:00:00-04:00,133.9551809869424,136.9038793184485,132.69145454122307,133.533935546875,278,0.0,0.0
2011-11-03 00:00:00-04:00,133.95516967773438,133.95516967773438,129.74274525614422,133.95516967773438,98,0.0,0.0
2011-11-04 00:00:00-04:00,130.5852157688721,132.6914327488144,130.5852157688721,132.2701873779297,49,0.0,0.0
2011-11-07 00:00:00-05:00,130.58521313266036,132.2701847077023,129.3214869199992,131.42770385742188,203,0.0,0.0
2011-11-08 00:00:00-05:00,131.84895252969827,136.48262235579207,131.00647159517305,133.95516967773438,364,0.0,0.0
2011-11-09 00:00:00-05:00,133.95517844813554,134.79765943782022,130.58523474043145,132.6914520263672,200,0.0,0.0
2011-11-10 00:00:00-05:00,131.42770385742188,134.376401645125,131.42770385742188,131.42770385742188,395,0.0,0.0
2011-11-11 00:00:00-05:00,134.3763993823495,134.3763993823495,128.47900390625,128.47900390625,296,0.0,0.0
2011-11-14 00:00:00-05:00,128.05774609946403,132.27016961930642,128.05774609946403,129.32147216796875,224,0.0,0.0
2011-11-15 00:00:00-05:00,128.05775280869668,132.69142188563558,128.05775280869668,130.585205078125,257,0.0,0.0
2011-11-16 00:00:00-05:00,130.16397764476068,132.69143007008304,129.3214869199992,131.42770385742188,284,0.0,0.0
2011-11-17 00:00:00-05:00,131.84891710481517,131.84891710481517,127.21524852368547,130.16395568847656,292,0.0,0.0
2011-11-18 00:00:00-05:00,133.53391092036347,133.53391092036347,129.3214869199992,131.42770385742188,140,0.0,0.0
2011-11-21 00:00:00-05:00,127.63654207734952,131.00648593323956,127.21529662674247,128.9002685546875,349,0.0,0.0
2011-11-22 00:00:00-05:00,128.47900390625,132.27018248039357,128.47900390625,128.47900390625,510,0.0,0.0
2011-11-23 00:00:00-05:00,128.4789927129299,129.3214734756253,106.57437438908926,117.10543823242188,2005,0.0,0.0
2011-11-25 00:00:00-05:00,120.05417633056639,124.68784677926463,117.10547785180238,120.0541763305664,544,0.0,0.0
2011-11-28 00:00:00-05:00,124.26657334951774,131.84894057041876,120.05414931001299,122.58161163330078,883,0.0,0.0
2011-11-29 00:00:00-05:00,123.42413336504636,125.10910551374671,117.94798128763355,118.36921691894531,1103,0.0,0.0
2011-11-30 00:00:00-05:00,125.28124527670286,125.71325236434623,117.93717542050773,120.5291976928711,347,4.55655,0.0
2011-12-01 00:00:00-05:00,122.68924099994038,123.9852625599395,117.93720245361328,117.93720245361328,303,0.0,0.0
2011-12-02 00:00:00-05:00,118.36916936734121,120.52919462380841,116.64115118751708,117.07315826416016,402,0.0,0.0
2011-12-05 00:00:00-05:00,115.77715732153217,120.0971980868433,113.18513488769531,113.18513488769531,1077,0.0,0.0
2011-12-06 00:00:00-05:00,112.75314477660454,114.48116336866846,112.32113759690091,114.04915618896484,627,0.0,0.0
2011-12-07 00:00:00-05:00,115.34516760132513,115.77717478102876,110.16111182513336,114.04915618896484,596,0.0,0.0
2011-12-08 00:00:00-05:00,111.02511906512406,115.77716735689006,108.86509343186681,113.61714172363281,740,0.0,0.0
2011-12-09 00:00:00-05:00,114.91316119146445,118.80120558134327,110.59311974573848,116.20918273925781,836,0.0,0.0
2011-12-12 00:00:00-05:00,116.6411936938941,118.80121973751785,111.02514015792492,112.32115173339844,407,0.0,0.0
2011-12-13 00:00:00-05:00,114.48114210700707,115.77715327866964,112.75312383587408,115.34514617919922,638,0.0,0.0
2011-12-14 00:00:00-05:00,113.61714262355962,116.64117245802223,110.16110563367377,115.77716827392578,790,0.0,0.0
2011-12-15 00:00:00-05:00,114.48114610461374,116.209164436088,112.75312777313948,113.18513488769531,442,0.0,0.0
2011-12-16 00:00:00-05:00,112.75315611076473,114.91317197291059,106.27308827082402,107.13709259033203,1943,0.0,0.0
2011-12-19 00:00:00-05:00,105.84104565604247,108.00107092265998,97.63296179499373,103.2490234375,1469,0.0,0.0
2011-12-20 00:00:00-05:00,98.4969773845282,108.00107249304175,98.4969773845282,104.97704315185547,1089,0.0,0.0
2011-12-21 00:00:00-05:00,97.63297373676171,104.1130402024615,92.88093579711462,99.79299926757812,2469,0.0,0.0
2011-12-22 00:00:00-05:00,101.95301055908205,108.00106904856388,95.47294499842349,101.95301055908203,1447,0.0,0.0
2011-12-23 00:00:00-05:00,103.68105233245225,104.97706371442659,98.92900384737943,101.52102661132812,396,0.0,0.0
2011-12-27 00:00:00-05:00,98.92900848388672,102.81704281203031,95.90497840863587,98.92900848388672,1129,0.0,0.0
2011-12-28 00:00:00-05:00,98.49699401855469,100.65701968136183,94.17695281969046,98.49699401855469,679,0.0,0.0
2011-12-29 00:00:00-05:00,96.76897615190825,98.92900182896206,95.47296479637602,97.63298034667969,952,0.0,0.0
2011-12-30 00:00:00-05:00,96.7689781262553,104.97706371442659,95.90497391385586,101.52102661132812,1559,0.0,0.0
2012-01-03 00:00:00-05:00,103.68105429177197,106.27307710470359,99.36100276788524,105.40907287597656,336,0.0,0.0
2012-01-04 00:00:00-05:00,105.84107281199094,111.0251287059122,104.11305418068386,108.0010986328125,507,0.0,0.0
2012-01-05 00:00:00-05:00,108.00106788465084,113.61711924243254,108.00106788465084,108.43307495117188,267,0.0,0.0
2012-01-06 00:00:00-05:00,112.32111182297709,114.91313405291561,110.1610865468628,111.02510070800781,819,0.0,0.0
2012-01-09 00:00:00-05:00,113.18513488769531,114.48114610461374,112.32112065858365,113.18513488769531,255,0.0,0.0
2012-01-10 00:00:00-05:00,114.48115959241477,123.98525647189072,114.48115959241477,118.80120086669922,642,0.0,0.0
2012-01-11 00:00:00-05:00,116.64115761835761,119.23319009437583,114.91313934326172,114.91313934326172,275,0.0,0.0
2012-01-12 00:00:00-05:00,113.61714526150773,119.23320803215275,112.32113389189742,118.80120086669922,250,0.0,0.0
2012-01-13 00:00:00-05:00,118.80122621935011,126.14529896556286,116.64120005787466,121.39324951171875,384,0.0,0.0
2012-01-17 00:00:00-05:00,121.82521057128906,128.30527647161804,121.39320347746751,121.82521057128906,235,0.0,0.0
2012-01-18 00:00:00-05:00,123.12124744277115,127.44128890308315,120.9612317759905,124.8492660522461,309,0.0,0.0
2012-01-19 00:00:00-05:00,122.25723266601564,127.44127792095989,120.09720705862232,122.25723266601562,542,0.0,0.0
2012-01-20 00:00:00-05:00,121.82523675335838,123.12124818660675,114.48116521378381,117.93720245361328,578,0.0,0.0
2012-01-23 00:00:00-05:00,119.6651898897599,126.57726315312824,117.93718170066677,126.14525604248047,410,0.0,0.0
2012-01-24 00:00:00-05:00,127.00927572626597,127.00927572626597,122.68922468748697,125.71326446533203,450,0.0,0.0
2012-01-25 00:00:00-05:00,127.00927466652601,127.00927466652601,121.82521953929557,123.55323791503906,359,0.0,0.0
2012-01-26 00:00:00-05:00,121.82521531624974,126.14525604248048,121.39320820560198,126.14525604248047,214,0.0,0.0
2012-01-27 00:00:00-05:00,127.00929527969342,127.00929527969342,120.96123504638672,120.96123504638672,327,0.0,0.0
2012-01-30 00:00:00-05:00,123.12122172600515,123.12122172600515,120.96120651039452,121.82521057128906,286,0.0,0.0
2012-01-31 00:00:00-05:00,126.14529896556286,126.57730622320842,120.96125238082558,121.39324951171875,326,0.0,0.0
2012-02-01 00:00:00-05:00,123.55325537327313,123.55325537327313,114.04915802711744,117.93720245361328,745,0.0,0.0
2012-02-02 00:00:00-05:00,120.0971908569336,120.96120503403118,112.32111389679758,120.0971908569336,407,0.0,0.0
2012-02-03 00:00:00-05:00,119.66518351758435,123.12121996523446,114.48113897285764,120.5291976928711,472,0.0,0.0
2012-02-06 00:00:00-05:00,120.96121513217831,127.44127136763937,120.09720088295064,123.98524475097656,654,0.0,0.0
2012-02-07 00:00:00-05:00,127.44126072852082,127.44126072852082,120.0971908569336,120.0971908569336,1063,0.0,0.0
2012-02-08 00:00:00-05:00,120.09720088295064,127.8732784922532,120.09720088295064,123.98524475097656,625,0.0,0.0
2012-02-09 00:00:00-05:00,117.07316149058894,129.6012860445163,117.07316149058894,120.0971908569336,1384,0.0,0.0
2012-02-10 00:00:00-05:00,129.60129267416465,132.62532219520105,118.80118579521334,126.14525604248047,2122,0.0,0.0
2012-02-13 00:00:00-05:00,128.73730731904917,131.76133728027344,127.44128579845267,131.76133728027344,1209,0.0,0.0
2012-02-14 00:00:00-05:00,133.48935584765167,138.2413942495037,129.60131153936305,131.76133728027344,2065,0.0,0.0
2012-02-15 00:00:00-05:00,133.48937209715518,133.48937209715518,124.84927820851567,130.8973388671875,1066,0.0,0.0
2012-02-16 00:00:00-05:00,129.60129211353146,129.60129211353146,123.9852402064005,127.00926971435547,939,0.0,0.0
2012-02-17 00:00:00-05:00,128.30529752279858,129.60130889015258,127.8732903580972,128.7373046875,384,0.0,0.0
2012-02-21 00:00:00-05:00,127.44130355361979,131.7613556373117,123.12126159667969,123.12126159667969,943,0.0,0.0
2012-02-22 00:00:00-05:00,120.52921753819804,127.87328860360613,120.52921753819804,124.41725158691406,601,0.0,0.0
2012-02-23 00:00:00-05:00,128.3053180210589,129.1693223617462,123.12126159667969,123.12126159667969,229,0.0,0.0
2012-02-24 00:00:00-05:00,124.41726170523266,130.8973291068387,124.41726170523266,127.44129180908203,429,0.0,0.0
2012-02-27 00:00:00-05:00,126.57724943332813,129.1692715627656,126.57724943332813,127.87326049804688,402,0.0,0.0
2012-02-28 00:00:00-05:00,129.16931045796036,130.03332484577498,127.44129180908202,127.44129180908203,1015,0.0,0.0
2012-02-29 00:00:00-05:00,123.48621318436422,132.27527318577518,121.2889559100237,121.72840118408203,630,3.254679,0.0
2012-03-01 00:00:00-05:00,119.53116289488015,126.56240171143118,112.06045813177116,114.69718170166016,1653,0.0,0.0
2012-03-02 00:00:00-05:00,114.6971397814976,118.21276305553876,111.18151650745642,112.06041717529297,1098,0.0,0.0
2012-03-05 00:00:00-05:00,110.30261283042101,113.81822570720418,102.8319110015571,106.3475341796875,2040,0.0,0.0
2012-03-06 00:00:00-05:00,107.66592034080185,107.66592034080185,101.51358321291032,102.83193969726562,2271,0.0,0.0
2012-03-07 00:00:00-05:00,103.27139529250077,104.58975177685608,101.95303880814546,102.83193969726562,1561,0.0,0.0
2012-03-08 00:00:00-05:00,103.71084840698904,104.15029369036263,102.3924919541686,103.27139282226562,347,0.0,0.0
2012-03-09 00:00:00-05:00,103.2713898622993,107.6659146795281,101.07412230301013,101.95303344726562,2042,0.0,0.0
2012-03-12 00:00:00-04:00,103.27139529250077,105.46866296732635,101.95303880814546,102.83193969726562,856,0.0,0.0
2012-03-13 00:00:00-04:00,103.2713898622993,105.02920184946073,101.95303344726562,101.95303344726562,1043,0.0,0.0
2012-03-14 00:00:00-04:00,101.95303636944519,104.58974927508605,101.95303636944519,103.27139282226562,744,0.0,0.0
2012-03-15 00:00:00-04:00,103.27139529250077,105.02920737209122,102.3924944033806,102.83193969726562,1080,0.0,0.0
2012-03-16 00:00:00-04:00,103.27139570761103,104.58975219726562,102.39249481495803,104.58975219726562,1275,0.0,0.0
2012-03-19 00:00:00-04:00,103.27139529250077,105.02920737209122,102.83193969726564,102.83193969726562,1040,0.0,0.0
2012-03-20 00:00:00-04:00,103.27137517883206,103.71083068847656,101.95301895124663,103.71083068847656,496,0.0,0.0
2012-03-21 00:00:00-04:00,103.27139529250077,103.7108508877359,101.95303880814546,102.83193969726562,313,0.0,0.0
2012-03-22 00:00:00-04:00,101.95303344726562,103.71084543442706,101.95303344726562,101.95303344726562,255,0.0,0.0
2012-03-23 00:00:00-04:00,101.51358321291032,103.27139529250077,101.51358321291032,102.83193969726562,269,0.0,0.0
2012-03-26 00:00:00-04:00,103.27139529250077,105.02920737209122,101.95303880814546,102.83193969726562,495,0.0,0.0
2012-03-27 00:00:00-04:00,103.71084543442706,104.15029070520525,101.95303344726562,101.95303344726562,499,0.0,0.0
2012-03-28 00:00:00-04:00,101.95301529686756,103.7108269710909,101.07410430908203,101.07410430908203,547,0.0,0.0
2012-03-29 00:00:00-04:00,101.07412761767519,102.83193969726564,101.07412761767519,102.83193969726562,260,0.0,0.0
2012-03-30 00:00:00-04:00,101.95303292542988,101.95303292542988,100.19522094726562,100.19522094726562,453,0.0,0.0
2012-04-02 00:00:00-04:00,98.8768665534192,101.07412384487759,87.89054919207815,89.64836120605469,11602,0.0,0.0
2012-04-03 00:00:00-04:00,88.3299993529276,92.72453478149785,84.37492982883471,88.76945495605469,4779,0.0,0.0
2012-04-04 00:00:00-04:00,89.64835319088947,89.64835319088947,87.01163025499056,88.32998657226562,1745,0.0,0.0
2012-04-05 00:00:00-04:00,92.72453436712586,92.72453436712586,87.01164245605469,87.01164245605469,1973,0.0,0.0
2012-04-09 00:00:00-04:00,87.45109262632141,87.45109262632141,83.93546863804374,86.13273620605469,1527,0.0,0.0
2012-04-10 00:00:00-04:00,87.45109465071505,87.45109465071505,82.17766369689942,83.93547058105469,9128,0.0,0.0
2012-04-11 00:00:00-04:00,84.81437683105469,86.57219402138021,84.3749263964795,84.81437683105469,662,0.0,0.0
2012-04-12 00:00:00-04:00,85.69328037794824,87.451092366872,82.1776615507755,85.25382995605469,5647,0.0,0.0
2012-04-13 00:00:00-04:00,84.81437438348635,90.96671634471953,81.73820597820716,85.25382995605469,940,0.0,0.0
2012-04-16 00:00:00-04:00,85.69328237591631,85.69328237591631,81.73820788396132,83.05656433105469,845,0.0,0.0
2012-04-17 00:00:00-04:00,83.93547034600856,83.93547034600856,81.73820788396132,83.05656433105469,5996,0.0,0.0
2012-04-18 00:00:00-04:00,83.49601771425466,84.37492370605469,82.61711172245464,84.37492370605469,456,0.0,0.0
2012-04-19 00:00:00-04:00,85.25381844146453,85.69326880400484,81.73819493844576,82.17765045166016,1066,0.0,0.0
2012-04-20 00:00:00-04:00,83.49601991386908,85.25383194377683,83.05656433105469,83.05656433105469,1108,0.0,0.0
2012-04-23 00:00:00-04:00,83.49601719236108,83.49601719236108,82.61711120605469,82.61711120605469,876,0.0,0.0
2012-04-24 00:00:00-04:00,84.3749261650997,84.3749261650997,81.29875767948432,83.93547058105469,10078,0.0,0.0
2012-04-25 00:00:00-04:00,83.49601414118939,83.9354645429465,80.85929627862302,81.29875183105469,1595,0.0,0.0
2012-04-26 00:00:00-04:00,81.73819493844576,83.49600668995515,80.41983870015076,82.17765045166016,1188,0.0,0.0
2012-04-27 00:00:00-04:00,81.29875453965656,81.73820495605469,79.54094257271457,81.73820495605469,983,0.0,0.0
2012-04-30 00:00:00-04:00,81.29875453965656,83.93546733939479,81.29875453965656,81.73820495605469,976,0.0,0.0
2012-05-01 00:00:00-04:00,82.61711120605469,83.49601719236108,80.85929923344187,82.61711120605469,614,0.0,0.0
2012-05-02 00:00:00-04:00,82.61711120605469,83.49601719236108,80.41984881562604,82.61711120605469,614,0.0,0.0
2012-05-03 00:00:00-04:00,82.61710081420046,82.61710081420046,79.98038318693636,82.17765045166016,581,0.0,0.0
2012-05-04 00:00:00-04:00,81.2987466008201,81.73819697430584,79.54093480552875,80.85929107666016,909,0.0,0.0
2012-05-07 00:00:00-04:00,81.29875911769147,81.29875911769147,68.11517377391718,69.87298583984375,6097,0.0,0.0
2012-05-08 00:00:00-04:00,70.31243330571363,71.19133930148595,68.55462646484375,68.55462646484375,1811,0.0,0.0
2012-05-09 00:00:00-04:00,68.55464154079442,69.87299824903725,65.91792297363281,65.91792297363281,1765,0.0,0.0
2012-05-10 00:00:00-04:00,65.91789971437952,66.79680559330981,61.083919955599924,65.03899383544922,4317,0.0,0.0
2012-05-11 00:00:00-04:00,64.16008864398322,65.91790042067846,63.2811827556356,63.720638275146484,1313,0.0,0.0
2012-05-14 00:00:00-04:00,64.16008864398322,65.47845005184173,61.96282649845124,63.720638275146484,1628,0.0,0.0
2012-05-15 00:00:00-04:00,65.91790042067846,65.91790042067846,58.88665846457164,63.720638275146484,1659,0.0,0.0
2012-05-16 00:00:00-04:00,58.007747078219346,66.3573445001313,58.007747078219346,59.32610321044922,1214,0.0,0.0
2012-05-17 00:00:00-04:00,60.64447725489232,64.59955163452987,59.76557126489789,62.841739654541016,710,0.0,0.0
2012-05-18 00:00:00-04:00,64.59955651142558,65.0390069642614,54.93159504228602,55.81050109863281,2220,0.0,0.0
2012-05-21 00:00:00-04:00,58.00777044745408,61.083939429050226,56.689413784105945,57.12886428833008,1533,0.0,0.0
2012-05-22 00:00:00-04:00,57.56830005306361,61.08392378943746,56.689399269644575,58.886661529541016,1329,0.0,0.0
2012-05-23 00:00:00-04:00,59.32612711080221,59.32612711080221,54.93160146585794,57.12886428833008,2708,0.0,0.0
2012-05-24 00:00:00-04:00,58.44720598715707,58.886661529541016,56.689399269644575,58.886661529541016,1175,0.0,0.0
2012-05-25 00:00:00-04:00,57.12885719846719,60.205025798301556,54.05268859863281,54.05268859863281,3182,0.0,0.0
2012-05-29 00:00:00-04:00,52.73433209889669,55.37104509836894,52.73433209889669,54.05268859863281,1052,0.0,0.0
2012-05-30 00:00:00-04:00,53.173785309749846,57.128860165009336,52.7343348372434,55.37104797363281,1212,0.0,0.0
2012-05-31 00:00:00-04:00,56.73262924560221,57.18648789640881,53.55560273130723,55.37104797363281,1195,2.603743,0.0
2012-06-01 00:00:00-04:00,53.101737843734874,54.91718305470262,52.194015238251005,54.00946044921875,1877,0.0,0.0
2012-06-04 00:00:00-04:00,54.00946446372611,54.463328459978364,50.832437768159856,53.101741790771484,2235,0.0,0.0
2012-06-05 00:00:00-04:00,53.10174179077148,54.00946446372611,50.832437768159856,53.101741790771484,1860,0.0,0.0
2012-06-06 00:00:00-04:00,54.00946446372611,56.73263248258999,52.19401911781685,53.101741790771484,1231,0.0,0.0
2012-06-07 00:00:00-04:00,53.55560578702374,54.463328459978364,51.286296444862224,53.101741790771484,1449,0.0,0.0
2012-06-08 00:00:00-04:00,52.194020361826674,56.27876982770485,51.74016167430688,52.647884368896484,1831,0.0,0.0
2012-06-11 00:00:00-04:00,52.64788436889648,53.101743056416275,50.83243897971729,52.647884368896484,774,0.0,0.0
2012-06-12 00:00:00-04:00,54.91718347982814,54.91718347982814,49.01698915828306,51.286293029785156,4543,0.0,0.0
2012-06-13 00:00:00-04:00,49.92471281795459,52.19401673705489,49.47085416195439,51.74015808105469,2641,0.0,0.0
2012-06-14 00:00:00-04:00,52.64788436889648,54.46332975807567,51.74016167430688,52.647884368896484,1453,0.0,0.0
2012-06-15 00:00:00-04:00,54.00946044921875,58.09420951412143,52.194015238251005,54.00946044921875,3475,0.0,0.0
2012-06-18 00:00:00-04:00,54.91717529296875,57.64034272454076,51.74014928257577,54.91717529296875,1366,0.0,0.0
2012-06-19 00:00:00-04:00,55.82490539550781,56.73262799668797,52.647878951152016,55.82490539550781,1708,0.0,0.0
2012-06-20 00:00:00-04:00,57.18648789640881,58.09421051757161,52.64788011014444,55.37104797363281,1633,0.0,0.0
2012-06-21 00:00:00-04:00,53.101730350936926,54.91717530574047,51.28628539613338,52.194007873535156,3532,0.0,0.0
2012-06-22 00:00:00-04:00,52.64787702392458,54.46332215982872,49.92470932006836,49.92470932006836,6466,0.0,0.0
2012-06-25 00:00:00-04:00,49.924702810267995,51.28628382488169,48.109257911084015,48.5631217956543,2821,0.0,0.0
2012-06-26 00:00:00-04:00,49.47084426879883,50.378566718822974,45.83995446870224,49.47084426879883,5143,0.0,0.0
2012-06-27 00:00:00-04:00,49.47085873616987,50.378581451650525,47.20154928769317,48.10927200317383,11551,0.0,0.0
2012-06-28 00:00:00-04:00,48.1092708959485,52.64788436889648,47.201548201358904,52.647884368896484,4277,0.0,0.0
2012-06-29 00:00:00-04:00,53.10173148974054,54.463317894817735,52.19400899287202,53.55559539794922,1078,0.0,0.0
2012-07-02 00:00:00-04:00,53.55559537462063,54.46331787109374,52.64787287814752,54.46331787109375,776,0.0,0.0
2012-07-03 00:00:00-04:00,54.00945396308276,54.46331787109374,53.55559537462063,54.46331787109375,401,0.0,0.0
2012-07-05 00:00:00-04:00,54.46332415351232,56.73262799668797,52.647878951152016,55.82490539550781,922,0.0,0.0
2012-07-06 00:00:00-04:00,56.27876012513233,61.271231424887915,55.37104290658504,56.73262405395508,853,0.0,0.0
2012-07-09 00:00:00-04:00,56.73262799668797,56.73262799668797,54.46332415351232,55.82490539550781,352,0.0,0.0
2012-07-10 00:00:00-04:00,56.27876848633773,56.27876848633773,50.37857909145748,53.101741790771484,1089,0.0,0.0
2012-07-11 00:00:00-04:00,51.28629263276713,54.46332441173543,50.37857534683275,54.00946044921875,489,0.0,0.0
2012-07-12 00:00:00-04:00,51.286296444862224,54.463328459978364,50.832437768159856,53.101741790771484,504,0.0,0.0
2012-07-13 00:00:00-04:00,52.64787818133165,53.10173681551064,49.92471041760951,50.37857437133789,756,0.0,0.0
2012-07-16 00:00:00-04:00,50.832433748791715,60.36351308185911,50.37857510797637,55.82490539550781,2303,0.0,0.0
2012-07-17 00:00:00-04:00,56.7326344588397,56.7326344588397,51.28629823139185,56.278770446777344,674,0.0,0.0
2012-07-18 00:00:00-04:00,54.46332535247002,56.27876527524602,54.46332535247002,55.37104797363281,859,0.0,0.0
2012-07-19 00:00:00-04:00,54.00946044921875,55.824905660186495,52.194015238251005,54.00946044921875,513,0.0,0.0
2012-07-20 00:00:00-04:00,52.647865072921434,54.009445955997656,50.832420349121094,50.832420349121094,378,0.0,0.0
2012-07-23 00:00:00-04:00,50.83243897971729,57.186492522294444,50.83243897971729,52.647884368896484,651,0.0,0.0
2012-07-24 00:00:00-04:00,55.371049144073595,55.371049144073595,49.016990661621094,49.016990661621094,1035,0.0,0.0
2012-07-25 00:00:00-04:00,51.28628649600351,54.463317894817735,49.470846821815336,53.55559539794922,621,0.0,0.0
2012-07-26 00:00:00-04:00,53.10174179077148,54.463328459978364,51.74016044111448,53.101741790771484,442,0.0,0.0
2012-07-27 00:00:00-04:00,54.00946575100587,54.00946575100587,50.83243897971729,52.647884368896484,521,0.0,0.0
2012-07-30 00:00:00-04:00,52.64787290108071,54.00945398660905,50.83242790734368,53.55559539794922,684,0.0,0.0
2012-07-31 00:00:00-04:00,53.55559424941218,53.55559424941218,51.740149294608635,52.194007873535156,532,0.0,0.0
2012-08-01 00:00:00-04:00,52.194020361826674,53.101743056416275,50.3785802921975,52.647884368896484,644,0.0,0.0
2012-08-02 00:00:00-04:00,53.101723594097486,54.009445955997656,49.01697562532076,50.832420349121094,1389,0.0,0.0
2012-08-03 00:00:00-04:00,49.92470433980509,52.64787177201041,49.92470433980509,52.194007873535156,465,0.0,0.0
2012-08-06 00:00:00-04:00,50.37857534683275,55.371047017219304,50.37857534683275,54.00946044921875,1269,0.0,0.0
2012-08-07 00:00:00-04:00,53.555595397949226,55.37104039168625,53.555595397949226,53.55559539794922,625,0.0,0.0
2012-08-08 00:00:00-04:00,54.91718713668074,56.27876848633773,53.10174179077148,53.101741790771484,564,0.0,0.0
2012-08-09 00:00:00-04:00,56.278773973167205,57.18649673461914,54.46333376981374,57.18649673461914,1633,0.0,0.0
2012-08-10 00:00:00-04:00,56.7326344588397,56.7326344588397,53.555607652603484,56.278770446777344,654,0.0,0.0
2012-08-13 00:00:00-04:00,56.27876403632316,56.27876403632316,53.10173759196736,55.82490539550781,587,0.0,0.0
2012-08-14 00:00:00-04:00,56.27875636206876,56.27875636206876,52.194007873535156,52.194007873535156,744,0.0,0.0
2012-08-15 00:00:00-04:00,53.10173148974054,54.463317894817735,52.64787290108071,53.55559539794922,608,0.0,0.0
2012-08-16 00:00:00-04:00,53.55560578702374,54.463328459978364,53.10174179077148,53.101741790771484,1106,0.0,0.0
2012-08-17 00:00:00-04:00,54.00946575100587,54.00946575100587,52.64788436889648,52.647884368896484,432,0.0,0.0
2012-08-20 00:00:00-04:00,53.10174179077148,53.55560578702374,52.64788311406911,53.101741790771484,837,0.0,0.0
2012-08-21 00:00:00-04:00,52.64787177201041,54.91717530574047,51.28628539613338,52.194007873535156,677,0.0,0.0
2012-08-22 00:00:00-04:00,52.64788311406911,53.10174179077148,52.19401911781685,53.101741790771484,552,0.0,0.0
2012-08-23 00:00:00-04:00,53.55560578702374,53.55560578702374,50.832437768159856,53.101741790771484,708,0.0,0.0
2012-08-24 00:00:00-04:00,51.74016167430688,53.101743056416275,50.83243897971729,52.647884368896484,886,0.0,0.0
2012-08-27 00:00:00-04:00,52.19401673705489,53.555603344154775,50.378576793504436,51.74015808105469,1481,0.0,0.0
2012-08-28 00:00:00-04:00,51.286296444862224,53.10174179077148,51.286296444862224,53.101741790771484,510,0.0,0.0
2012-08-29 00:00:00-04:00,52.17823011814152,53.101739238434526,50.79296914373381,51.25472640991211,1186,1.301871,0.0
2012-08-30 00:00:00-04:00,51.254723242068934,53.5634931940741,51.254723242068934,52.639984130859375,479,0.0,0.0
2012-08-31 00:00:00-04:00,52.639976910723334,52.639976910723334,48.94594116454098,50.331207275390625,860,0.0,0.0
2012-09-04 00:00:00-04:00,51.25472747482307,51.25472747482307,48.945951920089705,49.86946105957031,364,0.0,0.0
2012-09-05 00:00:00-04:00,50.33121982540437,51.25472899222557,48.48420149176196,48.945953369140625,399,0.0,0.0
2012-09-06 00:00:00-04:00,48.48420005638126,49.86946105957031,48.48420005638126,49.86946105957031,476,0.0,0.0
2012-09-07 00:00:00-04:00,49.86945010108657,51.25471621193621,48.48418940229945,50.331207275390625,631,0.0,0.0
2012-09-10 00:00:00-04:00,51.254723242068934,52.639984130859375,48.9459478780005,52.639984130859375,699,0.0,0.0
2012-09-11 00:00:00-04:00,52.63997387970773,53.101725615361545,51.25471326068407,51.71646499633789,146,0.0,0.0
2012-09-12 00:00:00-04:00,53.10173552668812,53.56349276059015,49.40770471578792,52.178226470947266,1556,0.0,0.0
2012-09-13 00:00:00-04:00,53.101725615361545,53.101725615361545,50.33120437731423,51.71646499633789,538,0.0,0.0
2012-09-14 00:00:00-04:00,50.79295698973586,53.10172653198242,50.79295698973586,53.10172653198242,1094,0.0,0.0
2012-09-17 00:00:00-04:00,51.25472282726963,53.10173552668812,51.25472282726963,52.178226470947266,696,0.0,0.0
2012-09-18 00:00:00-04:00,50.79295611296805,52.63997387970773,50.79295611296805,51.71646499633789,688,0.0,0.0
2012-09-19 00:00:00-04:00,52.6399861289003,60.02805350298154,52.17822887373452,56.334022521972656,9228,0.0,0.0
2012-09-20 00:00:00-04:00,57.257524034869704,57.719281272508695,52.17822689322038,52.639984130859375,2406,0.0,0.0
2012-09-21 00:00:00-04:00,52.1782329880206,54.487008621770954,52.1782329880206,53.563499450683594,719,0.0,0.0
2012-09-24 00:00:00-04:00,54.48700258653401,56.795772552490234,53.10173627730964,56.795772552490234,1482,0.0,0.0
2012-09-25 00:00:00-04:00,55.41051589645393,56.33402503593453,53.101740341720564,54.02524948120117,1466,0.0,0.0
2012-09-26 00:00:00-04:00,53.10172653198242,54.9487443306046,53.10172653198242,53.10172653198242,748,0.0,0.0
2012-09-27 00:00:00-04:00,52.63997478835803,55.41050148629129,52.63997478835803,53.10172653198242,318,0.0,0.0
2012-09-28 00:00:00-04:00,53.101725615361545,54.486991646447414,51.71646499633789,51.71646499633789,727,0.0,0.0
2012-10-01 00:00:00-04:00,51.71646499633789,54.486991646447414,51.71646499633789,51.71646499633789,499,0.0,0.0
2012-10-02 00:00:00-04:00,52.178226470947266,54.487001816331,51.71647464910845,52.178226470947266,332,0.0,0.0
2012-10-03 00:00:00-04:00,51.71647506764466,53.5634931940741,51.71647506764466,52.639984130859375,868,0.0,0.0
2012-10-04 00:00:00-04:00,52.639984130859375,53.5634931940741,52.639984130859375,52.639984130859375,599,0.0,0.0
2012-10-05 00:00:00-04:00,54.02523543129351,54.02523543129351,52.17821763267134,53.10172653198242,318,0.0,0.0
2012-10-08 00:00:00-04:00,54.02524501964982,54.02524501964982,52.17822689322038,52.639984130859375,614,0.0,0.0
2012-10-09 00:00:00-04:00,52.63998021842216,55.41050720214844,52.63998021842216,55.41050720214844,2111,0.0,0.0
2012-10-10 00:00:00-04:00,53.56349276059015,54.94875363816982,51.25472282726963,52.178226470947266,2446,0.0,0.0
2012-10-11 00:00:00-04:00,53.101738941377285,54.94875717163086,52.178229826250494,54.94875717163086,510,0.0,0.0
2012-10-12 00:00:00-04:00,54.02524948120117,54.02524948120117,51.25472747482307,54.02524948120117,548,0.0,0.0
2012-10-15 00:00:00-04:00,53.56349206663082,53.56349206663082,50.792964935302734,50.792964935302734,929,0.0,0.0
2012-10-16 00:00:00-04:00,52.1782329880206,53.563499450683594,51.254729228997135,53.563499450683594,304,0.0,0.0
2012-10-17 00:00:00-04:00,53.101725615361545,53.101725615361545,51.71646499633789,51.71646499633789,701,0.0,0.0
2012-10-18 00:00:00-04:00,51.71646588904695,53.10172653198242,51.71646588904695,53.10172653198242,493,0.0,0.0
2012-10-19 00:00:00-04:00,52.17822689322038,53.10173595643511,52.17822689322038,52.639984130859375,203,0.0,0.0
2012-10-22 00:00:00-04:00,53.10173200967844,57.71927698255557,53.10173200967844,55.41050720214844,10118,0.0,0.0
2012-10-23 00:00:00-04:00,57.71928266259083,62.798579926567385,55.872264491678735,58.642791748046875,6641,0.0,0.0
2012-10-24 00:00:00-04:00,57.719281524531034,61.41331238145606,57.257524284875856,60.489803314208984,4007,0.0,0.0
2012-10-25 00:00:00-04:00,58.64279069008053,59.10454251844646,54.94875441489994,56.795772552490234,4996,0.0,0.0
2012-10-26 00:00:00-04:00,57.71927698255557,57.71927698255557,53.10173200967844,55.41050720214844,3636,0.0,0.0
2012-10-31 00:00:00-04:00,54.94875408286454,56.79577220929398,52.17822689322038,52.639984130859375,2432,0.0,0.0
2012-11-01 00:00:00-04:00,54.025251330195324,54.487008621770954,52.639990279596226,53.563499450683594,1822,0.0,0.0
2012-11-02 00:00:00-04:00,53.56349276059015,54.487001816331,52.178226470947266,52.178226470947266,1175,0.0,0.0
2012-11-05 00:00:00-05:00,55.41051087207186,55.41051087207186,52.178226470947266,52.178226470947266,951,0.0,0.0
2012-11-06 00:00:00-05:00,51.71646499633789,54.025234498731386,50.79295611296805,51.71646499633789,1470,0.0,0.0
2012-11-07 00:00:00-05:00,50.79296914373381,52.639987384319824,50.331217289619104,51.25472640991211,1736,0.0,0.0
2012-11-08 00:00:00-05:00,53.10173552668812,53.10173552668812,51.71647464910845,52.178226470947266,536,0.0,0.0
2012-11-09 00:00:00-05:00,52.63997387970773,53.101725615361545,51.71646499633789,51.71646499633789,948,0.0,0.0
2012-11-12 00:00:00-05:00,51.254722163222326,52.1782257949352,49.869455891526705,50.792964935302734,1326,0.0,0.0
2012-11-13 00:00:00-05:00,52.17823011814152,52.17823011814152,50.331217289619104,51.25472640991211,489,0.0,0.0
2012-11-14 00:00:00-05:00,51.2547202406412,51.71647203917718,47.56068420410156,47.56068420410156,3748,0.0,0.0
2012-11-15 00:00:00-05:00,47.56068046575386,50.331207275390625,47.56068046575386,50.331207275390625,1313,0.0,0.0
2012-11-16 00:00:00-05:00,48.94594753153573,49.40770476590616,47.098934830243664,48.484195709228516,1180,0.0,0.0
2012-11-19 00:00:00-05:00,47.56069232494075,49.40771065858316,47.098940447562086,48.945953369140625,897,0.0,0.0
2012-11-20 00:00:00-05:00,49.86945402090736,49.86945402090736,47.098932405565584,47.56068420410156,1186,0.0,0.0
2012-11-21 00:00:00-05:00,48.02243600263755,48.94594501177245,47.56068420410156,47.56068420410156,313,0.0,0.0
2012-11-23 00:00:00-05:00,47.56068420410156,48.94594501177245,47.56068420410156,47.56068420410156,352,0.0,0.0
2012-11-26 00:00:00-05:00,48.022438049316406,48.48419527959506,47.560686231100924,48.022438049316406,773,0.0,0.0
2012-11-27 00:00:00-05:00,48.02243600263755,48.48419321323647,47.56068420410156,47.56068420410156,664,0.0,0.0
2012-11-28 00:00:00-05:00,47.56068420410156,48.48419321323647,47.098932405565584,47.56068420410156,1123,0.0,0.0
2012-11-29 00:00:00-05:00,47.56068420410156,48.48419321323647,47.098932405565584,47.56068420410156,590,0.0,0.0
2012-11-30 00:00:00-05:00,48.26355619527751,48.73213195800781,47.79498043254721,48.73213195800781,2163,0.976404,0.0
2012-12-03 00:00:00-05:00,48.73212670520744,49.20070790947443,47.32639407649473,47.79497528076172,662,0.0,0.0
2012-12-04 00:00:00-05:00,49.2007066981036,49.2007066981036,48.2635498046875,48.2635498046875,817,0.0,0.0
2012-12-05 00:00:00-05:00,47.79497410400144,48.73212550537356,47.79497410400144,48.2635498046875,571,0.0,0.0
2012-12-06 00:00:00-05:00,48.26354786165064,48.26354786165064,41.23487693604032,44.04634475708008,7988,0.0,0.0
2012-12-07 00:00:00-05:00,43.57777338739253,45.45208740234375,42.64061637991692,45.45208740234375,1971,0.0,0.0
2012-12-10 00:00:00-05:00,44.98350524902344,45.45208371474474,44.04634831758084,44.98350524902344,805,0.0,0.0
2012-12-11 00:00:00-05:00,44.98350524902344,44.98350524902344,43.10919138613825,44.98350524902344,1435,0.0,0.0
2012-12-12 00:00:00-05:00,44.983513518122216,44.983513518122216,43.10919931069103,43.57777786254883,579,0.0,0.0
2012-12-13 00:00:00-05:00,43.10919588522997,43.57777439985447,42.17203885598097,42.64061737060547,952,0.0,0.0
2012-12-14 00:00:00-05:00,42.64061507697328,43.57777205581275,41.23488235473633,41.23488235473633,1642,0.0,0.0
2012-12-17 00:00:00-05:00,42.640617548562496,43.10919606514257,42.17203903198242,42.17203903198242,1072,0.0,0.0
2012-12-18 00:00:00-05:00,43.10919606514257,43.10919606514257,41.70346051540235,42.17203903198242,959,0.0,0.0
2012-12-19 00:00:00-05:00,42.64061737060547,44.046352914478966,42.17203885598097,42.64061737060547,1426,0.0,0.0
2012-12-20 00:00:00-05:00,43.10919189453125,44.04634883702587,42.64061342328394,43.10919189453125,926,0.0,0.0
2012-12-21 00:00:00-05:00,44.51492903465221,44.51492903465221,40.766303865316594,41.23488235473633,6243,0.0,0.0
2012-12-24 00:00:00-05:00,41.703450447614586,43.10918565799094,40.76629638671875,40.76629638671875,1668,0.0,0.0
2012-12-26 00:00:00-05:00,41.234874790177535,42.17202885107337,40.76629638671875,40.76629638671875,2478,0.0,0.0
2012-12-27 00:00:00-05:00,41.23488235473633,42.17203658755355,41.23488235473633,41.23488235473633,3730,0.0,0.0
2012-12-28 00:00:00-05:00,41.23487875993229,41.703454462479954,40.29772186279297,40.29772186279297,17777,0.0,0.0
2012-12-31 00:00:00-05:00,41.23488457275437,43.57777439985447,41.23488457275437,42.64061737060547,2681,0.0,0.0
2013-01-02 00:00:00-05:00,42.640620758833236,43.57777786254883,42.17204220697544,43.57777786254883,1370,0.0,0.0
2013-01-03 00:00:00-05:00,42.640620758833236,43.57777786254883,42.640620758833236,43.57777786254883,827,0.0,0.0
2013-01-04 00:00:00-05:00,43.57776937905408,48.26355123940564,43.109190918416715,46.857818603515625,5011,0.0,0.0
2013-01-07 00:00:00-05:00,48.26355619527751,49.66928897551312,46.38924216026689,48.73213195800781,3497,0.0,0.0
2013-01-08 00:00:00-05:00,50.137866435229945,52.480756055631794,46.857819868258495,52.01218032836914,2612,0.0,0.0
2013-01-09 00:00:00-05:00,52.01216506386736,54.355053996679445,49.200695049267246,51.075008392333984,3186,0.0,0.0
2013-01-10 00:00:00-05:00,51.543595959158054,51.543595959158054,47.32639270333643,49.200706481933594,2157,0.0,0.0
2013-01-11 00:00:00-05:00,48.26354959263501,50.606439069859476,46.857817004709126,49.200706481933594,2120,0.0,0.0
2013-01-14 00:00:00-05:00,47.794973894007704,50.606439069859476,47.794973894007704,49.200706481933594,670,0.0,0.0
2013-01-15 00:00:00-05:00,48.263550992984584,48.73212670520744,46.38923716000488,47.79497528076172,985,0.0,0.0
2013-01-16 00:00:00-05:00,47.326394318130916,48.26355123940564,46.857818603515625,46.857818603515625,223,0.0,0.0
2013-01-17 00:00:00-05:00,48.26355391537398,49.200710888609294,45.45208574169028,47.32639694213867,701,0.0,0.0
2013-01-18 00:00:00-05:00,46.85781721058533,48.73212550537356,46.85781721058533,48.2635498046875,243,0.0,0.0
2013-01-22 00:00:00-05:00,48.2635498046875,49.2007066981036,48.2635498046875,48.2635498046875,1303,0.0,0.0
2013-01-23 00:00:00-05:00,48.73212529126232,50.13786337123217,48.26354959263501,49.200706481933594,1137,0.0,0.0
2013-01-24 00:00:00-05:00,48.73212670520744,49.669283621697296,47.79497528076172,47.79497528076172,627,0.0,0.0
2013-01-25 00:00:00-05:00,48.73213195800781,48.73213195800781,47.3263991777722,48.73213195800781,616,0.0,0.0
2013-01-28 00:00:00-05:00,48.73212529126232,50.13786337123217,47.794973894007704,49.200706481933594,2567,0.0,0.0
2013-01-29 00:00:00-05:00,49.2007066981036,49.66928239878967,46.85781721058533,48.2635498046875,1171,0.0,0.0
2013-01-30 00:00:00-05:00,49.20070816068037,49.66928387529566,46.857818603515625,46.857818603515625,498,0.0,0.0
2013-01-31 00:00:00-05:00,46.857821201543246,48.732129655969416,46.857821201543246,47.32639694213867,1012,0.0,0.0
2013-02-01 00:00:00-05:00,47.32639694213867,49.200710888609294,47.32639694213867,47.32639694213867,535,0.0,0.0
2013-02-04 00:00:00-05:00,48.26355123940564,48.26355123940564,46.857818603515625,46.857818603515625,677,0.0,0.0
2013-02-05 00:00:00-05:00,46.85782150052227,47.32639724410747,44.983507542092475,46.38924026489258,1564,0.0,0.0
2013-02-06 00:00:00-05:00,46.857819111908626,48.263551763050415,44.98350524902344,44.98350524902344,1584,0.0,0.0
2013-02-07 00:00:00-05:00,45.45208603169993,46.85782150052227,44.983507542092475,46.38924026489258,742,0.0,0.0
2013-02-08 00:00:00-05:00,45.9206616822409,48.26355123940564,45.9206616822409,46.857818603515625,1211,0.0,0.0
2013-02-11 00:00:00-05:00,46.857818364271864,49.20070790947443,46.857818364271864,47.79497528076172,979,0.0,0.0
2013-02-12 00:00:00-05:00,49.20071321278282,49.20071321278282,47.79498043254721,48.73213195800781,1226,0.0,0.0
2013-02-13 00:00:00-05:00,49.20071321278282,50.13787023028813,48.26355619527751,48.73213195800781,1118,0.0,0.0
2013-02-14 00:00:00-05:00,48.2635498046875,49.2007066981036,48.2635498046875,48.2635498046875,504,0.0,0.0
2013-02-15 00:00:00-05:00,48.26355391537398,48.732129655969416,47.32639694213867,47.32639694213867,1220,0.0,0.0
2013-02-19 00:00:00-05:00,49.20070790947443,49.20070790947443,47.79497528076172,47.79497528076172,851,0.0,0.0
2013-02-20 00:00:00-05:00,47.79497847973716,49.200711202537256,46.38924026489258,46.38924026489258,1665,0.0,0.0
2013-02-21 00:00:00-05:00,46.857818603515625,47.79497552479035,45.45208322160354,46.857818603515625,2025,0.0,0.0
2013-02-22 00:00:00-05:00,47.79497552479035,47.79497552479035,46.38923739685619,46.857818603515625,1759,0.0,0.0
2013-02-25 00:00:00-05:00,48.732126954020934,48.732126954020934,46.38923739685619,46.857818603515625,1229,0.0,0.0
2013-02-26 00:00:00-05:00,47.79497974917863,48.263555505209276,45.9206657409668,45.9206657409668,1429,0.0,0.0
2013-02-27 00:00:00-05:00,49.48961953058844,49.48961953058844,46.63445281982422,46.63445281982422,968,0.976404,0.0
2013-02-28 00:00:00-05:00,46.63445414270544,47.586178265761944,46.63445414270544,47.110313415527344,303,0.0,0.0
2013-03-01 00:00:00-05:00,47.110313415527344,47.586178265761944,46.63445414270544,47.110313415527344,398,0.0,0.0
2013-03-04 00:00:00-05:00,46.63445337923064,47.58617748670603,45.20686721801758,45.20686721801758,2366,0.0,0.0
2013-03-05 00:00:00-05:00,45.206866675735846,47.11031207914741,45.206866675735846,46.63445281982422,1006,0.0,0.0
2013-03-06 00:00:00-05:00,46.15859208117718,47.586178265761944,46.15859208117718,47.110313415527344,714,0.0,0.0
2013-03-07 00:00:00-05:00,47.586178265761944,48.53790238881845,47.110313415527344,47.110313415527344,1899,0.0,0.0
2013-03-08 00:00:00-05:00,47.58617496038506,49.0137582571023,47.110310143204444,48.537899017333984,5315,0.0,0.0
2013-03-11 00:00:00-04:00,47.11031144648155,49.96548369631489,47.11031144648155,49.01375961303711,5060,0.0,0.0
2013-03-12 00:00:00-04:00,48.53790583117881,48.53790583117881,45.682733259517384,47.586181640625,3967,0.0,0.0
2013-03-13 00:00:00-04:00,46.15859208117718,48.53790238881845,46.15859208117718,47.110313415527344,846,0.0,0.0
2013-03-14 00:00:00-04:00,47.11031675664156,48.06204094719537,46.634457450071196,47.586181640625,1587,0.0,0.0
2013-03-15 00:00:00-04:00,48.062033715418124,49.01375776276833,45.68272638574873,46.15858840942383,6549,0.0,0.0
2013-03-18 00:00:00-04:00,46.63445414270544,47.586178265761944,46.15859208117718,47.110313415527344,2188,0.0,0.0
2013-03-19 00:00:00-04:00,46.634450433098934,47.58617448044914,46.15858840942383,46.15858840942383,1026,0.0,0.0
2013-03-20 00:00:00-04:00,46.63445414270544,47.586178265761944,45.68273001964893,47.110313415527344,1493,0.0,0.0
2013-03-21 00:00:00-04:00,46.15859535479429,52.820661899964406,46.15859535479429,47.586181640625,40674,0.0,0.0
2013-03-22 00:00:00-04:00,49.48961600164006,50.917204832637836,48.062032748054406,49.96548080444336,11645,0.0,0.0
2013-03-25 00:00:00-04:00,50.91722116300459,56.15170220819102,49.96549682956943,55.19997787475586,13450,0.0,0.0
2013-03-26 00:00:00-04:00,57.103411398792744,57.57927065061375,52.820655822753906,52.820655822753906,3721,0.0,0.0
2013-03-27 00:00:00-04:00,52.820669829874916,56.15170220819102,50.44135620758005,55.19997787475586,3917,0.0,0.0
2013-03-28 00:00:00-04:00,56.1516949390105,58.05514335946777,52.82066299191686,54.72410583496094,8251,0.0,0.0
2013-04-01 00:00:00-04:00,55.19996207983214,56.15168614094087,50.44134177428852,53.77237319946289,8263,0.0,0.0
2013-04-02 00:00:00-04:00,54.24823915562938,54.724098407450384,51.868931741699456,52.820655822753906,2346,0.0,0.0
2013-04-03 00:00:00-04:00,52.344789667717414,52.344789667717414,48.06203420015337,48.537899017333984,3716,0.0,0.0
2013-04-04 00:00:00-04:00,49.0137582571023,49.965482314051236,48.06203420015337,48.537899017333984,1521,0.0,0.0
2013-04-05 00:00:00-04:00,48.53789755085771,50.441340029834535,48.062032748054406,49.96548080444336,827,0.0,0.0
2013-04-08 00:00:00-04:00,50.917204832637836,50.917204832637836,48.53789755085771,49.96548080444336,1123,0.0,0.0
2013-04-09 00:00:00-04:00,49.48962065987388,53.772376401159356,48.53790211951057,50.91720962524414,3301,0.0,0.0
2013-04-10 00:00:00-04:00,51.868934631347656,53.77237732208602,51.39306977560351,51.868934631347656,1160,0.0,0.0
2013-04-11 00:00:00-04:00,50.91720916109699,52.34479253604115,49.01376094289638,49.489620208740234,1337,0.0,0.0
2013-04-12 00:00:00-04:00,49.48962065987388,51.868933743020094,49.48962065987388,50.91720962524414,547,0.0,0.0
2013-04-15 00:00:00-04:00,49.96548369631489,49.96548369631489,48.537900360104445,49.01375961303711,1668,0.0,0.0
2013-04-16 00:00:00-04:00,49.01376181451274,50.91721006656255,49.01376181451274,50.44134521484375,711,0.0,0.0
2013-04-17 00:00:00-04:00,49.96548080444336,51.39306405802901,49.96548080444336,49.96548080444336,1295,0.0,0.0
2013-04-18 00:00:00-04:00,49.96548080444336,50.441340029834535,49.96548080444336,49.96548080444336,699,0.0,0.0
2013-04-19 00:00:00-04:00,49.96548594053765,51.39306934086866,49.96548594053765,50.44134521484375,447,0.0,0.0
2013-04-22 00:00:00-04:00,50.44134521484375,51.39306934086866,49.96548594053765,50.44134521484375,1386,0.0,0.0
2013-04-23 00:00:00-04:00,50.44134521484375,51.39306934086866,50.44134521484375,50.44134521484375,366,0.0,0.0
2013-04-24 00:00:00-04:00,50.44134521484375,50.91721006656255,50.44134521484375,50.44134521484375,724,0.0,0.0
2013-04-25 00:00:00-04:00,49.96548594053765,51.86893419258746,49.96548594053765,50.44134521484375,873,0.0,0.0
2013-04-26 00:00:00-04:00,51.393066912466004,52.820655822753906,49.96548357959054,52.820655822753906,687,0.0,0.0
2013-04-29 00:00:00-04:00,52.344789896505965,54.72409726057162,52.344789896505965,53.77237319946289,1266,0.0,0.0
2013-04-30 00:00:00-04:00,52.344796863688124,54.724104544443705,51.39307267590328,54.24824523925781,900,0.0,0.0
2013-05-01 00:00:00-04:00,54.24824264791527,54.24824264791527,51.393070220947266,51.393070220947266,1160,0.0,0.0
2013-05-02 00:00:00-04:00,51.86894047462079,53.29652404785156,51.86894047462079,53.29652404785156,682,0.0,0.0
2013-05-03 00:00:00-04:00,54.7241019303702,55.67582607269287,51.393070220947266,51.393070220947266,3099,0.0,0.0
2013-05-06 00:00:00-04:00,50.91721093849233,52.34479436326993,50.91721093849233,51.393070220947266,476,0.0,0.0
2013-05-07 00:00:00-04:00,51.393070220947266,52.34479436326993,50.91721093849233,51.393070220947266,702,0.0,0.0
2013-05-08 00:00:00-04:00,51.393070220947266,52.34479436326993,50.4413460786246,51.393070220947266,467,0.0,0.0
2013-05-09 00:00:00-04:00,51.86894047462079,54.72410762108233,50.91721623332915,53.29652404785156,1502,0.0,0.0
2013-05-10 00:00:00-04:00,52.34479980655992,54.72410762108233,51.39307556526828,53.29652404785156,1003,0.0,0.0
2013-05-13 00:00:00-04:00,53.29651395761469,56.15168614094087,52.344789896505965,53.77237319946289,1472,0.0,0.0
2013-05-14 00:00:00-04:00,52.82066471591243,55.19997253043484,52.82066471591243,53.29652404785156,736,0.0,0.0
2013-05-15 00:00:00-04:00,54.248248289143206,55.19997253043484,52.34479980655992,53.29652404785156,373,0.0,0.0
2013-05-16 00:00:00-04:00,52.82066357206883,61.38617598079207,52.82066357206883,59.00686264038086,7114,0.0,0.0
2013-05-17 00:00:00-04:00,54.724095368764935,56.62754342518037,52.3447880869517,55.675819396972656,2897,0.0,0.0
2013-05-20 00:00:00-04:00,56.62755425541822,56.62755425541822,53.772381624732304,54.72410583496094,1128,0.0,0.0
2013-05-21 00:00:00-04:00,53.772384549410546,59.006865201664695,53.772384549410546,58.531005859375,4853,0.0,0.0
2013-05-22 00:00:00-04:00,59.48271756611525,60.910300869072174,53.77237319946289,53.77237319946289,3289,0.0,0.0
2013-05-23 00:00:00-04:00,52.34479980655992,54.248248289143206,50.91721623332915,53.29652404785156,3467,0.0,0.0
2013-05-24 00:00:00-04:00,51.39307267590328,54.24824523925781,50.917213370717384,54.24824523925781,899,0.0,0.0
2013-05-28 00:00:00-04:00,54.72410145616158,55.199966311905726,51.868934631347656,51.868934631347656,897,0.0,0.0
2013-05-29 00:00:00-04:00,50.91720962524414,53.296517130977705,50.91720962524414,50.91720962524414,545,0.0,0.0
2013-05-30 00:00:00-04:00,54.24824217783017,54.24824217783017,50.9172104972721,51.868934631347656,1019,0.0,0.0
2013-05-31 00:00:00-04:00,52.34479099352046,52.820655822753906,50.917207660645,52.820655822753906,634,0.0,0.0
2013-06-03 00:00:00-04:00,51.61469770387326,51.61469770387326,48.23803602985558,50.16755294799805,1782,0.976404,0.0
2013-06-04 00:00:00-04:00,51.132320404052734,51.132320404052734,49.20280325307774,51.132320404052734,1315,0.0,0.0
2013-06-05 00:00:00-04:00,51.132319927253285,51.132319927253285,49.6851806640625,49.6851806640625,994,0.0,0.0
2013-06-06 00:00:00-04:00,49.20279731583416,50.16755294799805,47.273274743876996,50.16755294799805,1588,0.0,0.0
2013-06-07 00:00:00-04:00,50.16755294799805,50.16755294799805,49.20279731583416,50.16755294799805,487,0.0,0.0
2013-06-10 00:00:00-04:00,50.16755853385432,50.16755853385432,48.23804140087171,49.6851806640625,1266,0.0,0.0
2013-06-11 00:00:00-04:00,49.68518245258572,49.68518245258572,48.23804313730209,49.20280456542969,803,0.0,0.0
2013-06-12 00:00:00-04:00,48.720426494784185,49.20281008991775,48.2380485534668,48.2380485534668,1035,0.0,0.0
2013-06-13 00:00:00-04:00,48.23804295209834,49.20280437652186,48.23804295209834,48.720420837402344,1098,0.0,0.0
2013-06-14 00:00:00-04:00,48.23804295209834,49.20280437652186,48.23804295209834,48.720420837402344,547,0.0,0.0
2013-06-17 00:00:00-04:00,49.20279731583416,51.61469770387326,49.20279731583416,50.16755294799805,2579,0.0,0.0
2013-06-18 00:00:00-04:00,49.20280868370789,51.13232604764828,49.20280868370789,50.64994812011719,1123,0.0,0.0
2013-06-19 00:00:00-04:00,49.20280456542969,50.167560339741755,49.20280456542969,49.20280456542969,793,0.0,0.0
2013-06-20 00:00:00-04:00,48.720420837402344,49.685182261825865,48.720420837402344,48.720420837402344,1101,0.0,0.0
2013-06-21 00:00:00-04:00,48.720421024458126,49.68518245258572,48.720421024458126,49.20280456542969,1916,0.0,0.0
2013-06-24 00:00:00-04:00,48.720420837402344,49.20280437652186,48.720420837402344,48.720420837402344,1025,0.0,0.0
2013-06-25 00:00:00-04:00,48.720421024458126,49.20280456542969,48.720421024458126,49.20280456542969,810,0.0,0.0
2013-06-26 00:00:00-04:00,48.720421024458126,49.68518245258572,48.720421024458126,49.20280456542969,1570,0.0,0.0
2013-06-27 00:00:00-04:00,49.68518245258572,49.68518245258572,48.720421024458126,49.20280456542969,367,0.0,0.0
2013-06-28 00:00:00-04:00,49.20279731583416,51.13231423397662,49.20279731583416,50.16755294799805,430,0.0,0.0
2013-07-01 00:00:00-04:00,51.13231423397662,51.13231423397662,49.20279731583416,50.16755294799805,519,0.0,0.0
2013-07-02 00:00:00-04:00,50.16756453877009,51.13232604764828,49.20280868370789,50.64994812011719,905,0.0,0.0
2013-07-03 00:00:00-04:00,50.649936417894686,50.649936417894686,50.16755294799805,50.16755294799805,140,0.0,0.0
2013-07-05 00:00:00-04:00,49.20280279427068,50.649942057461466,49.20280279427068,49.6851806640625,490,0.0,0.0
2013-07-08 00:00:00-04:00,49.20280437652186,50.64994368624938,48.720420837402344,48.720420837402344,1670,0.0,0.0
2013-07-09 00:00:00-04:00,48.720419270663534,49.6851806640625,48.720419270663534,49.6851806640625,1089,0.0,0.0
2013-07-10 00:00:00-04:00,49.68518661123899,50.64994812011719,48.7204251023608,50.64994812011719,516,0.0,0.0
2013-07-11 00:00:00-04:00,50.649936417894686,50.649936417894686,49.20279731583416,50.16755294799805,1080,0.0,0.0
2013-07-12 00:00:00-04:00,49.6851806640625,50.16755853385432,49.6851806640625,49.6851806640625,1309,0.0,0.0
2013-07-15 00:00:00-04:00,49.6851806640625,50.16755853385432,49.6851806640625,49.6851806640625,519,0.0,0.0
2013-07-16 00:00:00-04:00,49.20279731583416,51.13231423397662,49.20279731583416,50.16755294799805,634,0.0,0.0
2013-07-17 00:00:00-04:00,49.20280344365764,51.61470413208008,49.20280344365764,51.61470413208008,263,0.0,0.0
2013-07-18 00:00:00-04:00,51.614717777135674,55.95614242553711,51.614717777135674,55.95614242553711,2384,0.0,0.0
2013-07-19 00:00:00-04:00,53.54423174280678,55.956132647376045,53.06184816960339,54.991371154785156,962,0.0,0.0
2013-07-22 00:00:00-04:00,54.02660528652419,54.99136670097806,51.61470457729723,53.06184387207031,1959,0.0,0.0
2013-07-23 00:00:00-04:00,54.02660297714267,54.50898083684251,50.649940997798154,52.09708023071289,1552,0.0,0.0
2013-07-24 00:00:00-04:00,52.0970820082384,53.06184341437045,51.61470413208008,51.61470413208008,905,0.0,0.0
2013-07-25 00:00:00-04:00,52.097075519955204,52.579458989851844,49.685175131916104,50.16755294799805,2146,0.0,0.0
2013-07-26 00:00:00-04:00,50.649943880713316,50.649943880713316,49.20280456542969,49.20280456542969,1321,0.0,0.0
2013-07-29 00:00:00-04:00,50.16756132866622,53.06184567010237,50.16756132866622,52.5794677734375,1350,0.0,0.0
2013-07-30 00:00:00-04:00,53.544220275830426,53.544220275830426,50.16755294799805,50.16755294799805,779,0.0,0.0
2013-07-31 00:00:00-04:00,50.64994272594802,52.0970820082384,50.64994272594802,51.61470413208008,401,0.0,0.0
2013-08-01 00:00:00-04:00,52.09708023071288,52.09708023071288,51.614702371013045,52.09708023071289,232,0.0,0.0
2013-08-02 00:00:00-04:00,52.579471137873576,52.579471137873576,50.64994812011719,50.64994812011719,389,0.0,0.0
2013-08-05 00:00:00-04:00,50.16756453877009,51.13232604764828,50.16756453877009,50.64994812011719,121,0.0,0.0
2013-08-06 00:00:00-04:00,50.16755294799805,50.649936417894686,50.16755294799805,50.16755294799805,227,0.0,0.0
2013-08-07 00:00:00-04:00,50.16755853385432,50.16755853385432,49.6851806640625,49.6851806640625,315,0.0,0.0
2013-08-08 00:00:00-04:00,49.68518661123899,50.64994812011719,49.68518661123899,50.64994812011719,573,0.0,0.0
2013-08-09 00:00:00-04:00,50.16755853385432,50.649942057461466,49.6851806640625,49.6851806640625,634,0.0,0.0
2013-08-12 00:00:00-04:00,49.685175131916104,50.649936417894686,49.20279731583416,50.16755294799805,911,0.0,0.0
2013-08-13 00:00:00-04:00,49.68518245258572,50.649943880713316,49.20280456542969,49.20280456542969,1072,0.0,0.0
2013-08-14 00:00:00-04:00,49.685183432001345,52.5794677734375,49.685183432001345,52.5794677734375,1294,0.0,0.0
2013-08-15 00:00:00-04:00,52.5794677734375,52.5794677734375,51.1323227758116,52.5794677734375,478,0.0,0.0
2013-08-16 00:00:00-04:00,52.579472140126825,57.40327412265158,51.13232702231651,55.473751068115234,7131,0.0,0.0
2013-08-19 00:00:00-04:00,56.92089510091745,56.92089510091745,50.64994812011719,50.64994812011719,2306,0.0,0.0
2013-08-20 00:00:00-04:00,50.64994252976283,53.061843208843115,50.64994252976283,51.132320404052734,1052,0.0,0.0
2013-08-21 00:00:00-04:00,54.50898336422962,55.95612831805851,51.132321228321324,53.544227600097656,814,0.0,0.0
2013-08-22 00:00:00-04:00,53.54423174280678,55.956132647376045,53.06184816960339,54.991371154785156,876,0.0,0.0
2013-08-23 00:00:00-04:00,54.50899030057676,59.33279800415039,53.544234413678225,59.33279800415039,3715,0.0,0.0
2013-08-26 00:00:00-04:00,59.33278881019656,62.70945085255698,55.473743245318765,60.297550201416016,5203,0.0,0.0
2013-08-27 00:00:00-04:00,60.29755020141601,67.53325780865423,57.88564955027505,60.297550201416016,5446,0.0,0.0
2013-08-28 00:00:00-04:00,62.49462693771505,63.47110610951368,61.02991104125976,61.029911041259766,1842,0.976404,0.0
2013-08-29 00:00:00-04:00,62.49462487236704,63.47110401189459,58.58871403674198,59.56519317626953,1207,0.0,0.0
2013-08-30 00:00:00-04:00,60.053433079412095,60.5416698139057,57.61223796197321,59.07695388793945,472,0.0,0.0
2013-09-03 00:00:00-04:00,59.56521100025049,59.56521100025049,56.635772705078125,56.635772705078125,453,0.0,0.0
2013-09-04 00:00:00-04:00,56.63576632753249,64.44759517917728,56.63576632753249,62.49463653564453,4076,0.0,0.0
2013-09-05 00:00:00-04:00,63.47110093607671,74.21236522787152,62.98286425121552,72.25940704345703,9414,0.0,0.0
2013-09-06 00:00:00-04:00,72.25942515649528,73.23590449347347,65.91231232738023,69.81822967529297,4195,0.0,0.0
2013-09-09 00:00:00-04:00,72.25940897445076,80.55947861877328,70.7946931582406,79.09475708007812,11909,0.0,0.0
2013-09-10 00:00:00-04:00,86.41835806503076,86.90659482202885,75.67709218621597,77.63005065917969,8068,0.0,0.0
2013-09-11 00:00:00-04:00,77.14180936325299,79.0947619988217,73.23589264714484,74.21237182617188,4570,0.0,0.0
2013-09-12 00:00:00-04:00,73.23588562011719,75.18884379078374,70.7946907680264,73.23588562011719,2827,0.0,0.0
2013-09-13 00:00:00-04:00,71.28293738576562,73.23589582866016,65.91230452904846,69.3299789428711,3483,0.0,0.0
2013-09-16 00:00:00-04:00,69.81822077424295,77.1418120066594,68.84174156175506,71.77117919921875,1983,0.0,0.0
2013-09-17 00:00:00-04:00,71.77117919921875,74.21237436919571,70.30645751924412,71.77117919921875,1684,0.0,0.0
2013-09-18 00:00:00-04:00,71.28293673173202,76.65356953917268,68.35350481675388,71.77117919921875,1624,0.0,0.0
2013-09-19 00:00:00-04:00,77.14180639486355,87.88306550587038,73.23588982905369,87.39482879638672,13078,0.0,0.0
2013-09-20 00:00:00-04:00,85.93012446249185,87.88307728466197,80.07124882852378,83.00068664550781,7452,0.0,0.0
2013-09-23 00:00:00-04:00,83.97717610820486,84.9536554990256,76.65358353829255,80.07125854492188,2527,0.0,0.0
2013-09-24 00:00:00-04:00,77.63006292911331,81.04773793574262,74.70062475665107,80.07125854492188,4739,0.0,0.0
2013-09-25 00:00:00-04:00,79.58300073995548,84.95363311301887,77.63004247293514,78.60652160644531,2612,0.0,0.0
2013-09-26 00:00:00-04:00,77.63004247293514,82.512438140486,76.16532663391244,78.60652160644531,4507,0.0,0.0
2013-09-27 00:00:00-04:00,78.60653126638796,78.60653126638796,74.21237748683797,75.67709350585938,1741,0.0,0.0
2013-09-30 00:00:00-04:00,74.70061562397838,74.70061562397838,70.79470426070698,73.72413635253906,2876,0.0,0.0
2013-10-01 00:00:00-04:00,73.72412937541569,78.60652527055086,73.72412937541569,74.21237182617188,1481,0.0,0.0
2013-10-02 00:00:00-04:00,75.18885100519891,77.63004609152382,73.23589264714484,74.21237182617188,1166,0.0,0.0
2013-10-03 00:00:00-04:00,75.18884432007874,76.16532341228599,69.81821217418135,72.25940704345703,1464,0.0,0.0
2013-10-04 00:00:00-04:00,72.7476505176992,72.7476505176992,66.88877587853118,70.30644989013672,3381,0.0,0.0
2013-10-07 00:00:00-04:00,70.79470063628479,71.77117985773206,68.35350544390943,69.3299789428711,1919,0.0,0.0
2013-10-08 00:00:00-04:00,68.35350086105043,68.84173757779674,65.91230010986328,65.91230010986328,2224,0.0,0.0
2013-10-09 00:00:00-04:00,65.91229319548255,68.35349369058105,65.91229319548255,66.4005355834961,1278,0.0,0.0
2013-10-10 00:00:00-04:00,67.37702425462143,72.2594144967751,59.56519643368432,63.471107482910156,11904,0.0,0.0
2013-10-11 00:00:00-04:00,63.95934421813135,64.44758667583798,62.00639155476115,63.471107482910156,1398,0.0,0.0
2013-10-14 00:00:00-04:00,63.471121090469495,65.9123167349137,62.49464168819448,65.42407989501953,1641,0.0,0.0
2013-10-15 00:00:00-04:00,64.44757747641114,69.32996702163891,64.44757747641114,66.4005355834961,3444,0.0,0.0
2013-10-16 00:00:00-04:00,68.35350086105043,68.35350086105043,64.44758423713918,65.91230010986328,1068,0.0,0.0
2013-10-17 00:00:00-04:00,65.91229319548255,69.32996702163891,65.42405652995362,66.4005355834961,1845,0.0,0.0
2013-10-18 00:00:00-04:00,66.40054254909481,67.37702170507262,64.93582095388547,65.91230010986328,1361,0.0,0.0
2013-10-21 00:00:00-04:00,64.93582341105916,64.93582341105916,61.02991236183333,63.471107482910156,4085,0.0,0.0
2013-10-22 00:00:00-04:00,65.42405925414559,65.42405925414559,62.00638528568073,62.98286437988281,645,0.0,0.0
2013-10-23 00:00:00-04:00,62.00639973600444,63.4711158574109,61.518157213878155,62.49463653564453,610,0.0,0.0
2013-10-24 00:00:00-04:00,61.518157958984375,63.4711166261713,61.518157958984375,61.518157958984375,659,0.0,0.0
2013-10-25 00:00:00-04:00,62.0063819885254,65.42405577525733,61.02990294624705,62.00638198852539,2761,0.0,0.0
2013-10-28 00:00:00-04:00,61.51814776591642,62.00639021305839,61.02991104125976,61.029911041259766,674,0.0,0.0
2013-10-29 00:00:00-04:00,60.54166859411779,62.98286938485702,59.076952697662506,61.029911041259766,1696,0.0,0.0
2013-10-30 00:00:00-04:00,62.00638954130479,62.00638954130479,60.54166793823243,60.54166793823242,1095,0.0,0.0
2013-10-31 00:00:00-04:00,60.05344181983731,62.49463729257784,60.05344181983731,61.518157958984375,539,0.0,0.0
2013-11-01 00:00:00-04:00,62.49462828998234,66.40054506169362,61.02991236183333,63.471107482910156,859,0.0,0.0
2013-11-04 00:00:00-05:00,67.86526994411649,67.86526994411649,62.00639973600444,62.49463653564453,1148,0.0,0.0
2013-11-05 00:00:00-05:00,63.47110687597989,67.37702361034158,63.47110687597989,64.44758605957031,2017,0.0,0.0
2013-11-06 00:00:00-05:00,66.40055382271002,66.40055382271002,61.518157213878155,62.49463653564453,1512,0.0,0.0
2013-11-07 00:00:00-05:00,64.44757673297899,64.44757673297899,62.0063819885254,62.00638198852539,593,0.0,0.0
2013-11-08 00:00:00-05:00,62.00638528568073,63.47110106574142,62.00638528568073,62.98286437988281,934,0.0,0.0
2013-11-11 00:00:00-05:00,62.49462828998234,64.44758667583798,62.49462828998234,63.471107482910156,555,0.0,0.0
2013-11-12 00:00:00-05:00,63.47111809787316,63.47111809787316,55.17104643111847,56.147525787353516,8930,0.0,0.0
2013-11-13 00:00:00-05:00,56.14750953472391,58.100467681884766,55.171030461143474,58.100467681884766,2271,0.0,0.0
2013-11-14 00:00:00-05:00,58.10047206720522,58.10047206720522,56.14751377263853,57.123992919921875,1524,0.0,0.0
2013-11-15 00:00:00-05:00,56.635772705078125,57.124009559696766,56.147530127972644,56.635772705078125,1240,0.0,0.0
2013-11-18 00:00:00-05:00,56.14751377263853,57.123992919921875,56.14751377263853,57.123992919921875,1029,0.0,0.0
2013-11-19 00:00:00-05:00,57.12400514358856,58.10048449982361,55.659288970479196,56.147525787353516,1647,0.0,0.0
2013-11-20 00:00:00-05:00,56.147514934083965,57.123994101566375,55.17103576660156,55.17103576660156,1269,0.0,0.0
2013-11-21 00:00:00-05:00,55.17103576660156,56.147514934083965,55.17103576660156,55.17103576660156,1436,0.0,0.0
2013-11-22 00:00:00-05:00,55.171043981342294,56.14752329421844,55.171043981342294,55.65928649902344,167,0.0,0.0
2013-11-25 00:00:00-05:00,55.65927706023945,58.58871450208947,55.65927706023945,57.123992919921875,734,0.0,0.0
2013-11-26 00:00:00-05:00,58.58872703918433,58.58872703918433,56.147525787353516,56.147525787353516,393,0.0,0.0
2013-11-27 00:00:00-05:00,56.63575686434142,58.58871518155703,56.63575686434142,57.61223602294922,994,0.0,0.0
2013-11-29 00:00:00-05:00,58.58872656824134,66.40055563284291,58.58872656824134,63.959354400634766,5830,0.0,0.0
2013-12-02 00:00:00-05:00,62.49461864842229,63.95933435059753,61.02990294624705,62.00638198852539,2272,0.0,0.0
2013-12-03 00:00:00-05:00,60.541673039805666,61.518152283308986,57.612241031781444,60.053436279296875,1284,0.0,0.0
2013-12-04 00:00:00-05:00,60.54166859411779,62.00639021305839,60.053431869461136,61.029911041259766,3022,0.0,0.0
2013-12-05 00:00:00-05:00,62.49461864842229,66.88877147743257,60.0534239039687,62.00638198852539,5570,0.0,0.0
2013-12-06 00:00:00-05:00,62.00638954130479,62.98286870252462,59.565194499497856,60.54166793823242,1217,0.0,0.0
2013-12-09 00:00:00-05:00,60.05342988479074,60.05342988479074,56.635755757686894,59.56519317626953,3682,0.0,0.0
2013-12-10 00:00:00-05:00,58.58871007991735,59.56518915349778,57.12398860830434,58.100467681884766,1625,0.0,0.0
2013-12-11 00:00:00-05:00,58.58871007991735,59.56518915349778,58.100467681884766,58.100467681884766,1154,0.0,0.0
2013-12-12 00:00:00-05:00,59.56518915349778,60.54166250459347,58.100467681884766,58.100467681884766,1108,0.0,0.0
2013-12-13 00:00:00-05:00,59.076957035793555,64.93582677432774,58.588720275284764,60.053436279296875,3314,0.0,0.0
2013-12-16 00:00:00-05:00,60.05342988479074,61.51814573283949,59.07695074526319,59.56519317626953,1017,0.0,0.0
2013-12-17 00:00:00-05:00,60.05342582904563,60.05342582904563,56.14750953472391,58.100467681884766,2550,0.0,0.0
2013-12-18 00:00:00-05:00,58.100467681884766,58.100467681884766,56.14750953472391,58.100467681884766,1513,0.0,0.0
2013-12-19 00:00:00-05:00,57.61223920181965,59.56519762679364,57.12399673433337,58.58871841430664,2237,0.0,0.0
2013-12-20 00:00:00-05:00,58.58871715344585,60.5416698139057,58.10047469646681,59.07695388793945,3798,0.0,0.0
2013-12-23 00:00:00-05:00,61.02991236183333,63.471107482910156,59.076953975977695,63.471107482910156,3747,0.0,0.0
2013-12-24 00:00:00-05:00,64.44758377057624,75.18884868608649,64.44758377057624,68.35350036621094,9022,0.0,0.0
2013-12-26 00:00:00-05:00,67.86525259377252,78.11827426731571,67.86525259377252,75.1888427734375,8747,0.0,0.0
2013-12-27 00:00:00-05:00,74.70061111419687,80.07124392163753,69.81822077424295,71.77117919921875,8181,0.0,0.0
2013-12-30 00:00:00-05:00,69.81821319811519,71.7711714111712,68.35349739956565,70.30644989013672,4162,0.0,0.0
2013-12-31 00:00:00-05:00,69.32999387251805,71.28295273596629,67.86527758617528,70.79471588134766,5426,0.0,0.0
2014-01-02 00:00:00-05:00,70.79469537724003,70.79469537724003,64.44758377057624,68.35350036621094,4799,0.0,0.0
2014-01-03 00:00:00-05:00,68.35349200979694,68.35349200979694,65.91229157472654,67.86524963378906,2496,0.0,0.0
2014-01-06 00:00:00-05:00,68.35349369058105,70.79468846319493,65.91229319548255,66.4005355834961,2670,0.0,0.0
2014-01-07 00:00:00-05:00,65.91229157472654,70.30644434637497,65.91229157472654,67.86524963378906,2790,0.0,0.0
2014-01-08 00:00:00-05:00,67.86524963378906,68.35349200979694,66.8887706042578,67.86524963378906,1169,0.0,0.0
2014-01-09 00:00:00-05:00,70.30644557756507,70.30644557756507,66.40053511352512,67.37701416015625,3510,0.0,0.0
2014-01-10 00:00:00-05:00,67.37702361034158,67.37702361034158,63.47110687597989,64.44758605957031,4057,0.0,0.0
2014-01-13 00:00:00-05:00,64.44758015994351,66.40053834834768,62.98286437988281,62.98286437988281,2314,0.0,0.0
2014-01-14 00:00:00-05:00,63.47110687597989,65.91230197371326,63.47110687597989,64.44758605957031,891,0.0,0.0
2014-01-15 00:00:00-05:00,64.44758855812036,69.81822141483752,64.44758855812036,69.3299789428711,4881,0.0,0.0
2014-01-16 00:00:00-05:00,69.32997379263443,69.81821622833137,66.88877878160534,68.35350036621094,1295,0.0,0.0
2014-01-17 00:00:00-05:00,68.35349369058105,68.35349369058105,66.4005355834961,66.4005355834961,1043,0.0,0.0
2014-01-21 00:00:00-05:00,68.35349343991632,68.8417301036548,64.44757724007012,64.9358139038086,946,0.0,0.0
2014-01-22 00:00:00-05:00,64.93582779812054,67.86526557481668,64.93582779812054,66.88878631591797,1361,0.0,0.0
2014-01-23 00:00:00-05:00,67.86526557481668,68.35350806550895,64.93582779812054,66.88878631591797,409,0.0,0.0
2014-01-24 00:00:00-05:00,64.93583276531837,67.37703396054516,61.02992115343078,61.518157958984375,3403,0.0,0.0
2014-01-27 00:00:00-05:00,61.02992041423807,65.91231130058374,61.02992041423807,62.49463653564453,1824,0.0,0.0
2014-01-28 00:00:00-05:00,63.471121090469495,65.9123167349137,63.471121090469495,65.42407989501953,1688,0.0,0.0
2014-01-29 00:00:00-05:00,63.47109819010857,65.91229295377015,63.47109819010857,64.9358139038086,1459,0.0,0.0
2014-01-30 00:00:00-05:00,65.4240658687658,65.4240658687658,63.471107482910156,63.471107482910156,2360,0.0,0.0
2014-01-31 00:00:00-05:00,63.47110687597989,65.42406524316074,63.47110687597989,64.44758605957031,2564,0.0,0.0
2014-02-03 00:00:00-05:00,63.959354400634766,64.93583374902076,62.98288077473512,63.959354400634766,2762,0.0,0.0
2014-02-04 00:00:00-05:00,63.471117587684944,65.42407628445693,63.471117587684944,63.959354400634766,473,0.0,0.0
2014-02-05 00:00:00-05:00,62.982879057770816,64.44759517917728,61.02992041423807,62.49463653564453,6455,0.0,0.0
2014-02-06 00:00:00-05:00,63.471107482910156,64.93582341105916,62.00639155476115,63.471107482910156,1498,0.0,0.0
2014-02-07 00:00:00-05:00,63.959354400634766,65.91231309740674,63.959354400634766,63.959354400634766,2082,0.0,0.0
2014-02-10 00:00:00-05:00,63.95933508839759,66.4005355834961,63.471098422868664,66.4005355834961,2483,0.0,0.0
2014-02-11 00:00:00-05:00,67.86526557481668,69.8182240926141,66.40054954771152,66.88878631591797,2298,0.0,0.0
2014-02-12 00:00:00-05:00,68.35350806550895,69.32998160192183,63.959348539221835,66.88878631591797,1602,0.0,0.0
2014-02-13 00:00:00-05:00,66.88877224902502,67.8652513025675,65.91229319548255,66.4005355834961,668,0.0,0.0
2014-02-14 00:00:00-05:00,66.88877224902502,67.8652513025675,63.95933508839759,66.4005355834961,707,0.0,0.0
2014-02-18 00:00:00-05:00,66.40053511352512,67.37701416015625,64.93581368233612,67.37701416015625,922,0.0,0.0
2014-02-19 00:00:00-05:00,66.40053533999323,67.37701438995478,64.9358139038086,64.9358139038086,1392,0.0,0.0
2014-02-20 00:00:00-05:00,64.44758605957031,65.91230197371326,63.95934360653241,64.44758605957031,340,0.0,0.0
2014-02-21 00:00:00-05:00,63.47110687597989,64.44758605957031,61.02991177824652,64.44758605957031,2157,0.0,0.0
2014-02-24 00:00:00-05:00,64.9358139038086,65.42405629003167,63.95933485384705,64.9358139038086,438,0.0,0.0
2014-02-25 00:00:00-05:00,64.44758423713918,66.8887792658411,63.959341797907655,65.91230010986328,983,0.0,0.0
2014-02-26 00:00:00-05:00,66.40055929729455,66.40055929729455,64.93583733263868,65.42407989501953,963,0.0,0.0
2014-02-27 00:00:00-05:00,63.959341797907655,65.91230010986328,63.959341797907655,65.91230010986328,370,0.0,0.0
2014-02-28 00:00:00-05:00,65.91230010986328,70.30645345052083,64.44758423713918,65.91230010986328,8844,0.0,0.0
2014-03-03 00:00:00-05:00,65.42407628445693,65.42407628445693,63.959354400634766,63.959354400634766,1658,0.0,0.0
2014-03-04 00:00:00-05:00,64.93581368233612,71.28292462419621,64.93581368233612,67.37701416015625,4289,0.0,0.0
2014-03-05 00:00:00-05:00,67.86524963378906,70.79468672238285,66.40053395073441,67.86524963378906,3587,0.0,0.0
2014-03-06 00:00:00-05:00,69.8182240926141,70.30646086082054,64.93582779812054,66.88878631591797,4159,0.0,0.0
2014-03-07 00:00:00-05:00,66.40053395073441,67.86524963378906,66.40053395073441,67.86524963378906,4321,0.0,0.0
2014-03-10 00:00:00-04:00,66.40053511352512,67.86525082222953,66.40053511352512,67.37701416015625,1648,0.0,0.0
2014-03-11 00:00:00-04:00,68.35349369058105,68.35349369058105,66.4005355834961,66.4005355834961,5386,0.0,0.0
2014-03-12 00:00:00-04:00,66.40054442675117,66.88878115730368,63.47110687597989,64.44758605957031,2801,0.0,0.0
2014-03-13 00:00:00-04:00,63.959342834170336,65.42406445311093,60.54166859411779,61.029911041259766,2329,0.0,0.0
2014-03-14 00:00:00-04:00,62.00639021305839,63.47110610951368,60.053431869461136,61.029911041259766,2948,0.0,0.0
2014-03-17 00:00:00-04:00,61.51813960614394,62.49461864842229,61.02990294624705,62.00638198852539,439,0.0,0.0
2014-03-18 00:00:00-04:00,62.49463823929895,63.959354400634766,62.00640142634913,63.959354400634766,1109,0.0,0.0
2014-03-19 00:00:00-04:00,64.93582279012283,65.42406524316074,63.47110687597989,64.44758605957031,1779,0.0,0.0
2014-03-20 00:00:00-04:00,63.47109819010857,65.42405629003167,63.47109819010857,64.9358139038086,753,0.0,0.0
2014-03-21 00:00:00-04:00,63.95934421813135,65.4240658687658,63.471107482910156,63.471107482910156,493,0.0,0.0
2014-03-24 00:00:00-04:00,64.44758015994351,65.42405925414559,62.00638528568073,62.98286437988281,926,0.0,0.0
2014-03-25 00:00:00-04:00,62.49461864842229,62.49461864842229,62.0063819885254,62.00638198852539,1842,0.0,0.0
2014-03-26 00:00:00-04:00,61.02991104125976,62.49462693771505,61.02991104125976,61.029911041259766,508,0.0,0.0
2014-03-27 00:00:00-04:00,61.02991104125976,62.00639021305839,61.02991104125976,61.029911041259766,490,0.0,0.0
2014-03-28 00:00:00-04:00,62.00640048702424,62.00640048702424,61.518157958984375,61.518157958984375,441,0.0,0.0
2014-03-31 00:00:00-04:00,62.00639021305839,62.00639021305839,61.02991104125976,61.029911041259766,128,0.0,0.0
2014-04-01 00:00:00-04:00,61.02990294624705,62.0063819885254,61.02990294624705,62.00638198852539,754,0.0,0.0
2014-04-02 00:00:00-04:00,62.00639155476115,65.4240658687658,61.51814909705452,63.471107482910156,613,0.0,0.0
2014-04-03 00:00:00-04:00,63.959354400634766,65.42407628445693,63.471117587684944,63.959354400634766,661,0.0,0.0
2014-04-04 00:00:00-04:00,64.44758015994351,65.9122959400042,62.00638528568073,62.98286437988281,3026,0.0,0.0
2014-04-07 00:00:00-04:00,62.00639021305839,63.47110610951368,61.02991104125976,61.029911041259766,530,0.0,0.0
2014-04-08 00:00:00-04:00,61.518157958984375,62.00640048702424,61.02992115343078,61.518157958984375,1272,0.0,0.0
2014-04-09 00:00:00-04:00,61.029912270884736,62.00639146235738,58.10047469646681,59.07695388793945,2724,0.0,0.0
2014-04-10 00:00:00-04:00,60.05343437179437,61.02991358428137,57.12399673433337,58.58871841430664,3180,0.0,0.0
2014-04-11 00:00:00-04:00,58.10047469646681,60.053433079412095,58.10047469646681,59.07695388793945,590,0.0,0.0
2014-04-14 00:00:00-04:00,58.58873156852637,58.58873156852637,56.635772705078125,56.635772705078125,1069,0.0,0.0
2014-04-15 00:00:00-04:00,56.63575686434142,58.100472741010506,56.63575686434142,57.61223602294922,1361,0.0,0.0
2014-04-16 00:00:00-04:00,57.61223100633692,59.076946755465194,57.12398860830434,58.100467681884766,1217,0.0,0.0
2014-04-17 00:00:00-04:00,57.61223796197321,59.56519634491849,56.635758770500566,59.07695388793945,461,0.0,0.0
2014-04-21 00:00:00-04:00,60.54166659331195,62.00638816384583,58.10047160573565,59.56519317626953,465,0.0,0.0
2014-04-22 00:00:00-04:00,58.588720275284764,60.053436279296875,58.100477792290235,60.053436279296875,771,0.0,0.0
2014-04-23 00:00:00-04:00,60.053436279296875,61.029915522800195,59.56519951878808,60.053436279296875,120,0.0,0.0
2014-04-24 00:00:00-04:00,59.56519317626953,61.029909024318286,59.56519317626953,59.56519317626953,498,0.0,0.0
2014-04-25 00:00:00-04:00,59.07695388793945,60.053433079412095,59.07695388793945,59.07695388793945,522,0.0,0.0
2014-04-28 00:00:00-04:00,59.07695388793945,61.029912270884736,58.58871715344585,59.07695388793945,450,0.0,0.0
2014-04-29 00:00:00-04:00,58.58871518155703,59.076951899618315,57.612236022949226,57.61223602294922,585,0.0,0.0
2014-04-30 00:00:00-04:00,57.61223100633692,58.58871007991735,57.61223100633692,58.100467681884766,306,0.0,0.0
2014-05-01 00:00:00-04:00,57.612236022949226,60.541667776287404,57.1239935824027,57.61223602294922,2340,0.0,0.0
2014-05-02 00:00:00-04:00,58.58871007991735,59.56518915349778,57.61223100633692,58.100467681884766,908,0.0,0.0
2014-05-05 00:00:00-04:00,58.10047206720522,58.58871450208947,57.123992919921875,57.123992919921875,1172,0.0,0.0
2014-05-06 00:00:00-04:00,58.58871007991735,58.58871007991735,57.12398860830434,58.100467681884766,135,0.0,0.0
2014-05-07 00:00:00-04:00,58.100467681884766,58.100467681884766,57.61223100633692,58.100467681884766,255,0.0,0.0
2014-05-08 00:00:00-04:00,58.10048899142089,60.541684709487775,56.635772705078125,56.635772705078125,1000,0.0,0.0
2014-05-09 00:00:00-04:00,56.63575686434142,58.100472741010506,56.63575686434142,57.61223602294922,55,0.0,0.0
2014-05-12 00:00:00-04:00,58.58871007991735,58.58871007991735,56.14750953472391,58.100467681884766,701,0.0,0.0
2014-05-13 00:00:00-04:00,56.63575686434142,58.100472741010506,56.63575686434142,57.61223602294922,516,0.0,0.0
2014-05-14 00:00:00-04:00,57.1239935824027,58.100472741010506,57.1239935824027,57.61223602294922,390,0.0,0.0
2014-05-15 00:00:00-04:00,57.1239935824027,58.100472741010506,56.63575686434142,57.61223602294922,636,0.0,0.0
2014-05-16 00:00:00-04:00,57.123992919921875,58.58871450208947,56.63575620752279,57.123992919921875,561,0.0,0.0
2014-05-19 00:00:00-04:00,57.12398860830434,59.076946755465194,56.63575193275649,58.100467681884766,1747,0.0,0.0
2014-05-20 00:00:00-04:00,57.12399673433337,60.54167111679509,56.14751752184637,58.58871841430664,2332,0.0,0.0
2014-05-21 00:00:00-04:00,60.5416698139057,62.00639146235738,58.58871715344585,59.07695388793945,814,0.0,0.0
2014-05-22 00:00:00-04:00,58.58871007991735,60.05342582904563,58.100467681884766,58.100467681884766,277,0.0,0.0
2014-05-23 00:00:00-04:00,58.10047160573565,60.05342988479074,58.10047160573565,59.56519317626953,447,0.0,0.0
2014-05-27 00:00:00-04:00,59.56519317626953,60.54166659331195,58.58871403674198,59.56519317626953,727,0.0,0.0
2014-05-28 00:00:00-04:00,59.07695074526319,59.56519317626953,59.07695074526319,59.56519317626953,71,0.0,0.0
2014-05-29 00:00:00-04:00,58.58871403674198,60.05342988479074,58.58871403674198,59.56519317626953,9,0.0,0.0
2014-05-30 00:00:00-04:00,59.076957035793555,60.541673039805666,59.076957035793555,60.053436279296875,57,0.0,0.0
2014-06-02 00:00:00-04:00,60.0534303617719,60.0534303617719,57.123992919921875,57.123992919921875,860,0.0,0.0
2014-06-03 00:00:00-04:00,60.0534303617719,60.0534303617719,56.63575620752279,57.123992919921875,218,0.0,0.0
2014-06-04 00:00:00-04:00,56.63575686434142,59.076951899618315,56.63575686434142,57.61223602294922,876,0.0,0.0
2014-06-05 00:00:00-04:00,56.635772705078125,59.07696842314501,56.635772705078125,56.635772705078125,565,0.0,0.0
2014-06-06 00:00:00-04:00,57.612236022949226,58.100472741010506,57.1239935824027,57.61223602294922,426,0.0,0.0
2014-06-09 00:00:00-04:00,57.61224188137571,57.61224188137571,54.19456733995731,54.682804107666016,4773,0.0,0.0
2014-06-10 00:00:00-04:00,55.17104087537472,55.659283365569244,53.70632484976279,54.682804107666016,5054,0.0,0.0
2014-06-11 00:00:00-04:00,54.19457279736982,56.147525787353516,53.7063302580091,56.147525787353516,1441,0.0,0.0
2014-06-12 00:00:00-04:00,54.68280718614729,56.14752329421844,54.19457039095229,55.65928649902344,386,0.0,0.0
2014-06-13 00:00:00-04:00,54.682799044103,56.147514934083965,54.682799044103,55.17103576660156,658,0.0,0.0
2014-06-16 00:00:00-04:00,55.17103576660156,55.65927821158541,54.682799044103,55.17103576660156,553,0.0,0.0
2014-06-17 00:00:00-04:00,55.17104087537472,57.61224188137571,54.682804107666016,54.682804107666016,2790,0.0,0.0
2014-06-18 00:00:00-04:00,54.682799044103,56.147514934083965,54.682799044103,55.17103576660156,619,0.0,0.0
2014-06-19 00:00:00-04:00,55.171050696248514,56.635772705078125,55.171050696248514,56.635772705078125,1049,0.0,0.0
2014-06-20 00:00:00-04:00,56.147530127972644,56.635772705078125,56.147530127972644,56.635772705078125,553,0.0,0.0
2014-06-23 00:00:00-04:00,56.14751377263853,58.10047206720522,56.14751377263853,57.123992919921875,1121,0.0,0.0
2014-06-24 00:00:00-04:00,56.63575620752279,59.07695121448856,56.63575620752279,57.123992919921875,833,0.0,0.0
2014-06-25 00:00:00-04:00,56.147530127972644,57.61225213680225,56.147530127972644,56.635772705078125,888,0.0,0.0
2014-06-26 00:00:00-04:00,56.147530127972644,56.635772705078125,55.659293273353995,56.635772705078125,667,0.0,0.0
2014-06-27 00:00:00-04:00,57.124009559696766,57.124009559696766,56.147530127972644,56.635772705078125,527,0.0,0.0
2014-06-30 00:00:00-04:00,55.659293273353995,57.124009559696766,55.659293273353995,56.635772705078125,293,0.0,0.0
2014-07-01 00:00:00-04:00,57.12400514358856,57.12400514358856,56.147525787353516,56.147525787353516,435,0.0,0.0
2014-07-02 00:00:00-04:00,56.14752329421844,56.63576581189959,55.65928649902344,55.65928649902344,449,0.0,0.0
2014-07-03 00:00:00-04:00,55.659293273353995,57.124009559696766,55.659293273353995,56.635772705078125,187,0.0,0.0
2014-07-07 00:00:00-04:00,56.63576581189959,57.12400260709459,55.65928649902344,55.65928649902344,776,0.0,0.0
2014-07-08 00:00:00-04:00,55.65928649902344,56.63576581189959,55.65928649902344,55.65928649902344,126,0.0,0.0
2014-07-09 00:00:00-04:00,55.65927706023945,57.123992919921875,55.65927706023945,57.123992919921875,1372,0.0,0.0
2014-07-10 00:00:00-04:00,56.14752329421844,56.14752329421844,54.68280718614729,55.65928649902344,1524,0.0,0.0
2014-07-11 00:00:00-04:00,55.65927821158541,56.147514934083965,55.17103576660156,55.17103576660156,799,0.0,0.0
2014-07-14 00:00:00-04:00,55.659288970479196,56.635768326714235,55.659288970479196,56.147525787353516,834,0.0,0.0
2014-07-15 00:00:00-04:00,55.65928649902344,56.63576581189959,55.65928649902344,55.65928649902344,361,0.0,0.0
2014-07-16 00:00:00-04:00,55.171043981342294,55.65928649902344,54.68280718614729,55.65928649902344,290,0.0,0.0
2014-07-17 00:00:00-04:00,54.682799044103,56.147514934083965,54.682799044103,55.17103576660156,1080,0.0,0.0
2014-07-18 00:00:00-04:00,55.659288970479196,56.147525787353516,55.17104643111847,56.147525787353516,197,0.0,0.0
2014-07-21 00:00:00-04:00,56.635772705078125,56.635772705078125,55.171050696248514,56.635772705078125,83,0.0,0.0
2014-07-22 00:00:00-04:00,56.14752329421844,56.63576581189959,55.171043981342294,55.65928649902344,464,0.0,0.0
2014-07-23 00:00:00-04:00,56.147530127972644,56.635772705078125,54.68281384162987,56.635772705078125,845,0.0,0.0
2014-07-24 00:00:00-04:00,56.63576581189959,56.63576581189959,55.65928649902344,55.65928649902344,376,0.0,0.0
2014-07-25 00:00:00-04:00,56.14752329421844,56.14752329421844,55.65928649902344,55.65928649902344,109,0.0,0.0
2014-07-28 00:00:00-04:00,55.17103576660156,56.63575737906781,54.682799044103,55.17103576660156,450,0.0,0.0
2014-07-29 00:00:00-04:00,54.68279771527274,56.147513569660084,53.70631857151946,54.19456100463867,1212,0.0,0.0
2014-07-30 00:00:00-04:00,54.68280718614729,56.14752329421844,54.19457039095229,55.65928649902344,315,0.0,0.0
2014-07-31 00:00:00-04:00,56.147513569660084,56.635756002779296,53.70631857151946,54.19456100463867,650,0.0,0.0
2014-08-01 00:00:00-04:00,54.19456733995731,56.63576262347248,53.70632484976279,54.682804107666016,588,0.0,0.0
2014-08-04 00:00:00-04:00,56.147513569660084,56.147513569660084,54.19456100463867,54.19456100463867,186,0.0,0.0
2014-08-05 00:00:00-04:00,54.194562321604444,56.147514934083965,54.194562321604444,55.17103576660156,91,0.0,0.0
2014-08-06 00:00:00-04:00,54.19456733995731,55.659283365569244,53.70632484976279,54.682804107666016,386,0.0,0.0
2014-08-07 00:00:00-04:00,55.17104087537472,55.17104087537472,54.682804107666016,54.682804107666016,415,0.0,0.0
2014-08-08 00:00:00-04:00,54.682799044103,55.65927821158541,54.194562321604444,55.17103576660156,367,0.0,0.0
2014-08-11 00:00:00-04:00,54.682804107666016,55.659283365569244,54.682804107666016,54.682804107666016,330,0.0,0.0
2014-08-12 00:00:00-04:00,54.68280718614729,55.65928649902344,54.68280718614729,55.65928649902344,522,0.0,0.0
2014-08-13 00:00:00-04:00,54.682804107666016,55.659283365569244,53.70632484976279,54.682804107666016,246,0.0,0.0
2014-08-14 00:00:00-04:00,53.7063198766206,56.147514934083965,53.7063198766206,55.17103576660156,1330,0.0,0.0
2014-08-15 00:00:00-04:00,55.659293273353995,58.58873156852637,55.659293273353995,56.635772705078125,3848,0.0,0.0
2014-08-18 00:00:00-04:00,55.17104643111847,58.10048449982361,55.17104643111847,56.147525787353516,873,0.0,0.0
2014-08-19 00:00:00-04:00,56.14751377263853,58.10047206720522,55.65927706023945,57.123992919921875,476,0.0,0.0
2014-08-20 00:00:00-04:00,55.171043981342294,57.12400260709459,55.171043981342294,55.65928649902344,115,0.0,0.0
2014-08-21 00:00:00-04:00,54.68280718614729,56.14752329421844,54.68280718614729,55.65928649902344,409,0.0,0.0
2014-08-22 00:00:00-04:00,56.635772705078125,57.61225213680225,55.171050696248514,56.635772705078125,412,0.0,0.0
2014-08-25 00:00:00-04:00,54.68280961424415,57.12400514358856,54.68280961424415,56.147525787353516,343,0.0,0.0
2014-08-26 00:00:00-04:00,55.17104643111847,57.12400514358856,55.17104643111847,56.147525787353516,1183,0.0,0.0
2014-08-27 00:00:00-04:00,55.65927821158541,57.61223654655022,55.17103576660156,55.17103576660156,874,0.0,0.0
2014-08-28 00:00:00-04:00,55.171043981342294,56.14752329421844,55.171043981342294,55.65928649902344,352,0.0,0.0
2014-08-29 00:00:00-04:00,55.171043981342294,56.14752329421844,55.171043981342294,55.65928649902344,303,0.0,0.0
2014-09-02 00:00:00-04:00,55.659293273353995,57.61225213680225,55.659293273353995,56.635772705078125,329,0.0,0.0
2014-09-03 00:00:00-04:00,55.65927706023945,57.61223535480613,55.65927706023945,57.123992919921875,441,0.0,0.0
2014-09-04 00:00:00-04:00,56.63575620752279,59.565193649372816,56.14751377263853,57.123992919921875,1595,0.0,0.0
2014-09-05 00:00:00-04:00,58.100467681884766,58.58871007991735,55.171030461143474,58.100467681884766,533,0.0,0.0
2014-09-08 00:00:00-04:00,58.100472741010506,58.100472741010506,56.147514423794895,57.61223602294922,310,0.0,0.0
2014-09-09 00:00:00-04:00,55.659288970479196,57.12400514358856,55.659288970479196,56.147525787353516,301,0.0,0.0
2014-09-10 00:00:00-04:00,56.63576581189959,56.63576581189959,55.171043981342294,55.65928649902344,814,0.0,0.0
2014-09-11 00:00:00-04:00,55.17103576660156,55.65927821158541,55.17103576660156,55.17103576660156,647,0.0,0.0
2014-09-12 00:00:00-04:00,55.171043981342294,57.12400260709459,55.171043981342294,55.65928649902344,456,0.0,0.0
2014-09-15 00:00:00-04:00,55.17104087537472,56.14752013327795,54.19456733995731,54.682804107666016,1126,0.0,0.0
2014-09-16 00:00:00-04:00,54.19456100463867,55.65927685902602,54.19456100463867,54.19456100463867,857,0.0,0.0
2014-09-17 00:00:00-04:00,54.19456733995731,54.682804107666016,54.19456733995731,54.682804107666016,378,0.0,0.0
2014-09-18 00:00:00-04:00,54.682799044103,56.147514934083965,54.682799044103,55.17103576660156,183,0.0,0.0
2014-09-19 00:00:00-04:00,54.68280718614729,55.65928649902344,54.68280718614729,55.65928649902344,264,0.0,0.0
2014-09-22 00:00:00-04:00,56.14752013327795,56.63576262347248,54.682804107666016,54.682804107666016,736,0.0,0.0
2014-09-23 00:00:00-04:00,54.682804107666016,55.659283365569244,54.682804107666016,54.682804107666016,131,0.0,0.0
2014-09-24 00:00:00-04:00,54.19456032864043,55.65927616475758,53.70631790161133,53.70631790161133,837,0.0,0.0
2014-09-25 00:00:00-04:00,53.70631790161133,54.68279703318445,52.72983877003821,53.70631790161133,3162,0.0,0.0
2014-09-26 00:00:00-04:00,53.70631857151946,54.68279771527274,53.70631857151946,54.19456100463867,71,0.0,0.0
2014-09-29 00:00:00-04:00,54.682799044103,55.65927821158541,54.682799044103,55.17103576660156,774,0.0,0.0
2014-09-30 00:00:00-04:00,55.659283365569244,55.659283365569244,54.682804107666016,54.682804107666016,581,0.0,0.0
2014-10-01 00:00:00-04:00,54.68279703318445,56.1475128693016,53.218081197067306,53.70631790161133,621,0.0,0.0
2014-10-02 00:00:00-04:00,53.706322993509545,55.65928144181584,53.21808624267578,53.21808624267578,295,0.0,0.0
2014-10-03 00:00:00-04:00,53.70631857151946,54.68279771527274,52.72983942776618,54.19456100463867,1108,0.0,0.0
2014-10-06 00:00:00-04:00,54.68279771527274,54.68279771527274,54.19456100463867,54.19456100463867,336,0.0,0.0
2014-10-07 00:00:00-04:00,53.706322352140326,54.68280156463221,52.72984313964844,52.72984313964844,525,0.0,0.0
2014-10-08 00:00:00-04:00,54.682794717844565,54.682794717844565,50.288641673062145,50.776878356933594,3369,0.0,0.0
2014-10-09 00:00:00-04:00,51.26513048691467,52.24160976235443,48.82393515955824,49.312171936035156,2085,0.0,0.0
2014-10-10 00:00:00-04:00,49.800407294363886,52.729838978160515,48.33568572998047,48.33568572998047,2586,0.0,0.0
2014-10-13 00:00:00-04:00,48.33569017386093,51.265127849468925,47.84745342250241,48.82393264770508,934,0.0,0.0
2014-10-14 00:00:00-04:00,47.84745588411849,51.26513048691467,47.84745588411849,49.312171936035156,1215,0.0,0.0
2014-10-15 00:00:00-04:00,48.823932011879094,54.194564819310074,47.84745279939296,49.800411224365234,865,0.0,0.0
2014-10-16 00:00:00-04:00,48.335690720992304,53.706323659156524,48.335690720992304,52.241607666015625,1708,0.0,0.0
2014-10-17 00:00:00-04:00,53.7063243501615,53.7063243501615,50.2886498405359,51.26512908935547,833,0.0,0.0
2014-10-20 00:00:00-04:00,51.26512718215339,55.17103830963537,51.26512718215339,52.72984313964844,330,0.0,0.0
2014-10-21 00:00:00-04:00,53.70632301196572,55.17103898745598,51.75336456298828,51.75336456298828,1702,0.0,0.0
2014-10-22 00:00:00-04:00,51.75336454520324,54.6828022176627,50.776885321050095,53.21808624267578,383,0.0,0.0
2014-10-23 00:00:00-04:00,53.21807894374537,53.706315627616824,50.776878356933594,50.776878356933594,393,0.0,0.0
2014-10-24 00:00:00-04:00,51.26512718185166,53.218085606823934,49.800411224365234,49.800411224365234,780,0.0,0.0
2014-10-27 00:00:00-04:00,49.80041307736901,52.72984510134194,48.33569134289677,51.26512908935547,1094,0.0,0.0
2014-10-28 00:00:00-04:00,50.776883430655026,51.265125885797424,49.80040996534106,50.28864669799805,186,0.0,0.0
2014-10-29 00:00:00-04:00,49.800407294363886,49.800407294363886,48.33568572998047,48.33568572998047,823,0.0,0.0
2014-10-30 00:00:00-04:00,48.82393264770508,48.82393264770508,47.84745342250241,48.82393264770508,1043,0.0,0.0
2014-10-31 00:00:00-04:00,48.33569134289677,52.72984510134194,47.84745457972988,51.26512908935547,863,0.0,0.0
2014-11-03 00:00:00-05:00,50.28864796936553,53.218085606823934,48.823932011879094,49.800411224365234,459,0.0,0.0
2014-11-04 00:00:00-05:00,49.80041122465834,53.706322352140326,49.31216875716962,52.72984313964844,495,0.0,0.0
2014-11-05 00:00:00-05:00,51.753363926851954,53.218085606823934,49.31216875687939,49.800411224365234,430,0.0,0.0
2014-11-06 00:00:00-05:00,50.77688471436581,52.2416063943378,49.800411224365234,49.800411224365234,86,0.0,0.0
2014-11-07 00:00:00-05:00,51.7533626184544,52.241605073596794,49.80040996534106,50.28864669799805,207,0.0,0.0
2014-11-10 00:00:00-05:00,50.28864669799805,51.265125885797424,48.82393077754169,50.28864669799805,194,0.0,0.0
2014-11-11 00:00:00-05:00,48.82393515955824,50.77688798795183,48.82393515955824,49.312171936035156,184,0.0,0.0
2014-11-12 00:00:00-05:00,49.31217006745942,50.28864930589766,47.84745407104492,47.84745407104492,946,0.0,0.0
2014-11-13 00:00:00-05:00,47.84745279939296,50.28864796936553,47.84745279939296,49.800411224365234,178,0.0,0.0
2014-11-14 00:00:00-05:00,48.823932011879094,49.800411224365234,47.35921319314989,49.800411224365234,336,0.0,0.0
2014-11-17 00:00:00-05:00,51.26512854433589,51.26512854433589,47.84745407104492,47.84745407104492,270,0.0,0.0
2014-11-18 00:00:00-05:00,47.84745407104492,49.31217006745942,47.84745407104492,47.84745407104492,364,0.0,0.0
2014-11-19 00:00:00-05:00,47.84745147389774,47.84745147389774,45.894493103027344,45.894493103027344,1131,0.0,0.0
2014-11-20 00:00:00-05:00,45.894489827411114,47.8474480588935,44.91801071166992,44.91801071166992,721,0.0,0.0
2014-11-21 00:00:00-05:00,44.91801362281687,47.84745115989798,44.91801362281687,46.38273239135742,442,0.0,0.0
2014-11-24 00:00:00-05:00,46.38273364904654,46.38273364904654,44.42977523803711,44.42977523803711,309,0.0,0.0
2014-11-25 00:00:00-05:00,44.42977523803711,45.894494046294184,44.42977523803711,44.42977523803711,670,0.0,0.0
2014-11-26 00:00:00-05:00,44.91801484078947,45.406254443541826,43.94153563528475,44.42977523803711,555,0.0,0.0
2014-11-28 00:00:00-05:00,45.406253814697266,45.406253814697266,43.94153502672551,45.406253814697266,393,0.0,0.0
2014-12-01 00:00:00-05:00,42.965054068500415,43.94153029406896,41.500335438283976,41.98857498168945,2243,0.0,0.0
2014-12-02 00:00:00-05:00,42.96506118774414,43.45329795080728,41.50034231482607,42.96506118774414,727,0.0,0.0
2014-12-03 00:00:00-05:00,43.45329533294284,43.45329533294284,41.01210021972656,41.01210021972656,1330,0.0,0.0
2014-12-04 00:00:00-05:00,41.988578500396095,43.45329439211554,41.988578500396095,42.4768180847168,226,0.0,0.0
2014-12-05 00:00:00-05:00,41.9885819391321,43.94153757511331,41.9885819391321,42.96506118774414,796,0.0,0.0
2014-12-08 00:00:00-05:00,42.4768277495128,43.45330427909025,40.03562927246094,40.03562927246094,1751,0.0,0.0
2014-12-09 00:00:00-05:00,41.98857498168945,43.453290750663484,40.52385635147302,41.98857498168945,567,0.0,0.0
2014-12-10 00:00:00-05:00,41.98858295891791,43.94153864233098,40.52386405042589,41.500343322753906,441,0.0,0.0
2014-12-11 00:00:00-05:00,41.98857498168945,43.453290750663484,41.98857498168945,41.98857498168945,141,0.0,0.0
2014-12-12 00:00:00-05:00,41.988577651889685,41.988577651889685,39.05914306640625,39.05914306640625,2171,0.0,0.0
2014-12-15 00:00:00-05:00,38.570904681626494,40.523860178437886,36.61794632357242,37.10618591308594,1432,0.0,0.0
2014-12-16 00:00:00-05:00,38.08266391749758,40.52385892852667,37.594424343043244,39.05914306640625,1091,0.0,0.0
2014-12-17 00:00:00-05:00,39.05914756583789,40.0356239659895,38.08266830444336,38.08266830444336,2625,0.0,0.0
2014-12-18 00:00:00-05:00,38.08266092277924,39.05913999490022,37.59442138671875,37.59442138671875,499,0.0,0.0
2014-12-19 00:00:00-05:00,39.05914470140208,41.50033981461836,38.08266551161849,41.01210021972656,2240,0.0,0.0
2014-12-22 00:00:00-05:00,39.547384335292236,42.476822119475834,38.08266830444336,38.08266830444336,1765,0.0,0.0
2014-12-23 00:00:00-05:00,38.08266830444336,40.0356239659895,38.08266830444336,38.08266830444336,825,0.0,0.0
2014-12-24 00:00:00-05:00,38.08266092277924,38.57090045883973,37.59442138671875,37.59442138671875,240,0.0,0.0
2014-12-26 00:00:00-05:00,38.082665092112975,38.082665092112975,37.10618591308594,37.10618591308594,2082,0.0,0.0
2014-12-29 00:00:00-05:00,37.59442189539187,38.08266143805851,36.617942810058594,36.617942810058594,1277,0.0,0.0
2014-12-30 00:00:00-05:00,36.61794231459778,37.59442138671875,36.61794231459778,37.59442138671875,2031,0.0,0.0
2014-12-31 00:00:00-05:00,37.10618591308594,37.10618591308594,35.64146714454539,37.10618591308594,4495,0.0,0.0
2015-01-02 00:00:00-05:00,37.10618235272523,38.57090098072514,36.617942810058594,36.617942810058594,375,0.0,0.0
2015-01-05 00:00:00-05:00,36.617949412351564,38.08266830444336,36.617949412351564,38.08266830444336,284,0.0,0.0
2015-01-06 00:00:00-05:00,38.08266830444336,38.08266830444336,36.617949412351564,38.08266830444336,209,0.0,0.0
2015-01-07 00:00:00-05:00,38.082665092112975,38.082665092112975,36.61794632357242,37.10618591308594,419,0.0,0.0
2015-01-08 00:00:00-05:00,36.617942810058594,37.10618235272523,36.12970326739195,36.617942810058594,1045,0.0,0.0
2015-01-09 00:00:00-05:00,36.129703521728516,37.10618261393576,36.129703521728516,36.129703521728516,584,0.0,0.0
2015-01-12 00:00:00-05:00,36.12970326739195,36.617942810058594,35.64146372472532,36.617942810058594,384,0.0,0.0
2015-01-13 00:00:00-05:00,35.64146449833236,36.617943604860365,35.15322494506836,35.15322494506836,794,0.0,0.0
2015-01-14 00:00:00-05:00,35.641463975624895,36.61794306783214,35.641463975624895,36.129703521728516,965,0.0,0.0
2015-01-15 00:00:00-05:00,37.10618752505371,37.10618752505371,34.66498947143555,34.66498947143555,435,0.0,0.0
2015-01-16 00:00:00-05:00,36.12970326739195,36.617942810058594,34.66498463939204,36.617942810058594,634,0.0,0.0
2015-01-20 00:00:00-05:00,36.617942810058594,37.10618235272523,36.12970326739195,36.617942810058594,988,0.0,0.0
2015-01-21 00:00:00-05:00,36.12970764998663,37.59442645565941,35.6414680480957,35.6414680480957,1631,0.0,0.0
2015-01-22 00:00:00-05:00,35.64146372472532,36.617942810058594,35.64146372472532,36.617942810058594,141,0.0,0.0
2015-01-23 00:00:00-05:00,36.61794725187756,37.59442645565941,35.15322844620477,35.6414680480957,1227,0.0,0.0
2015-01-26 00:00:00-05:00,35.64146372472532,36.617942810058594,34.66498463939204,36.617942810058594,1807,0.0,0.0
2015-01-27 00:00:00-05:00,35.64146869288281,35.64146869288281,34.66498947143555,34.66498947143555,1807,0.0,0.0
2015-01-28 00:00:00-05:00,36.61794725187756,36.61794725187756,34.17674924242292,35.6414680480957,7191,0.0,0.0
2015-01-29 00:00:00-05:00,34.176749860711915,36.61794791433008,34.176749860711915,34.66498947143555,406,0.0,0.0
2015-01-30 00:00:00-05:00,35.6414680480957,36.12970764998663,35.15322844620477,35.6414680480957,404,0.0,0.0
2015-02-02 00:00:00-05:00,35.15322908215918,36.12970830360644,34.66498947143555,34.66498947143555,653,0.0,0.0
2015-02-03 00:00:00-05:00,34.66498539180436,36.12970405159636,34.66498539180436,35.15322494506836,674,0.0,0.0
2015-02-04 00:00:00-05:00,35.15322494506836,36.617943604860365,35.15322494506836,35.15322494506836,369,0.0,0.0
2015-02-05 00:00:00-05:00,36.61794725187756,38.08266605755034,35.6414680480957,35.6414680480957,461,0.0,0.0
2015-02-06 00:00:00-05:00,39.05913999490022,39.547376669718346,37.10618185065826,37.59442138671875,401,0.0,0.0
2015-02-09 00:00:00-05:00,38.08266830444336,39.547384335292236,36.617949412351564,38.08266830444336,88,0.0,0.0
2015-02-10 00:00:00-05:00,36.617942810058594,38.08266143805851,36.617942810058594,36.617942810058594,86,0.0,0.0
2015-02-11 00:00:00-05:00,36.61794725187756,36.61794725187756,35.15322844620477,35.6414680480957,45,0.0,0.0
2015-02-12 00:00:00-05:00,36.61794725187756,38.08266605755034,34.66498884431385,35.6414680480957,1155,0.0,0.0
2015-02-13 00:00:00-05:00,35.15322418205868,38.08266143805851,34.66498463939204,36.617942810058594,757,0.0,0.0
2015-02-17 00:00:00-05:00,35.641463975624895,36.129703521728516,35.641463975624895,36.129703521728516,363,0.0,0.0
2015-02-18 00:00:00-05:00,36.129703521728516,36.61794306783214,35.641463975624895,36.129703521728516,697,0.0,0.0
2015-02-19 00:00:00-05:00,36.61794306783214,36.61794306783214,36.129703521728516,36.129703521728516,326,0.0,0.0
2015-02-20 00:00:00-05:00,36.61794632357242,37.10618591308594,36.12970673405891,37.10618591308594,673,0.0,0.0
2015-02-23 00:00:00-05:00,35.64146714454539,37.10618591308594,35.64146714454539,37.10618591308594,186,0.0,0.0
2015-02-24 00:00:00-05:00,35.6414680480957,37.106186853768484,35.6414680480957,35.6414680480957,415,0.0,0.0
2015-02-25 00:00:00-05:00,35.6414680480957,37.59442645565941,35.6414680480957,35.6414680480957,310,0.0,0.0
2015-02-26 00:00:00-05:00,35.64146372472532,37.59442189539187,35.64146372472532,36.617942810058594,762,0.0,0.0
2015-02-27 00:00:00-05:00,35.6414680480957,36.61794725187756,35.6414680480957,35.6414680480957,541,0.0,0.0
2015-03-02 00:00:00-05:00,35.641463975624895,36.129703521728516,35.641463975624895,36.129703521728516,711,0.0,0.0
2015-03-03 00:00:00-05:00,35.641463975624895,36.61794306783214,35.641463975624895,36.129703521728516,340,0.0,0.0
2015-03-04 00:00:00-05:00,35.15322908215918,35.64146869288281,34.66498947143555,34.66498947143555,545,0.0,0.0
2015-03-05 00:00:00-05:00,35.15322494506836,35.64146449833236,35.15322494506836,35.15322494506836,1731,0.0,0.0
2015-03-06 00:00:00-05:00,38.08266143805851,38.08266143805851,36.12970326739195,36.617942810058594,427,0.0,0.0
2015-03-09 00:00:00-04:00,36.129703521728516,36.61794306783214,35.15322442952127,36.129703521728516,290,0.0,0.0
2015-03-10 00:00:00-04:00,36.12970448722538,42.96505545409525,35.153225368923614,39.54737854003906,896,0.0,0.0
2015-03-11 00:00:00-04:00,36.12970946095593,39.05914721913694,35.64146983459243,38.57090759277344,215,0.0,0.0
2015-03-12 00:00:00-04:00,37.106186853768484,37.59442645565941,35.15322844620477,35.6414680480957,387,0.0,0.0
2015-03-13 00:00:00-04:00,36.12970326739195,37.10618235272523,36.12970326739195,36.617942810058594,476,0.0,0.0
2015-03-16 00:00:00-04:00,35.64146714454539,37.59442550259946,35.64146714454539,37.10618591308594,278,0.0,0.0
2015-03-17 00:00:00-04:00,35.641463975624895,37.59442216003937,35.641463975624895,36.129703521728516,207,0.0,0.0
2015-03-18 00:00:00-04:00,35.6414680480957,36.12970764998663,35.15322844620477,35.6414680480957,340,0.0,0.0
2015-03-19 00:00:00-04:00,35.15322494506836,36.617943604860365,35.15322494506836,35.15322494506836,252,0.0,0.0
2015-03-20 00:00:00-04:00,35.6414680480957,35.6414680480957,35.6414680480957,35.6414680480957,177,0.0,0.0
2015-03-23 00:00:00-04:00,35.64146449833236,35.64146449833236,35.15322494506836,35.15322494506836,166,0.0,0.0
2015-03-24 00:00:00-04:00,35.15322494506836,35.64146449833236,35.15322494506836,35.15322494506836,57,0.0,0.0
2015-03-25 00:00:00-04:00,35.15322908215918,35.64146869288281,34.66498947143555,34.66498947143555,169,0.0,0.0
2015-03-26 00:00:00-04:00,34.66498884431385,35.6414680480957,34.66498884431385,35.6414680480957,100,0.0,0.0
2015-03-27 00:00:00-04:00,35.64146869288281,35.64146869288281,34.66498947143555,34.66498947143555,49,0.0,0.0
2015-03-30 00:00:00-04:00,34.66498884431385,35.6414680480957,34.66498884431385,35.6414680480957,55,0.0,0.0
2015-03-31 00:00:00-04:00,34.66498947143555,35.64146869288281,34.66498947143555,34.66498947143555,23,0.0,0.0
2015-04-01 00:00:00-04:00,34.66498947143555,35.64146869288281,34.66498947143555,34.66498947143555,131,0.0,0.0
2015-04-02 00:00:00-04:00,34.66498947143555,35.64146869288281,34.66498947143555,34.66498947143555,607,0.0,0.0
2015-04-06 00:00:00-04:00,34.66498884431385,36.61794725187756,34.66498884431385,35.6414680480957,595,0.0,0.0
2015-04-07 00:00:00-04:00,35.15322442952127,36.61794306783214,35.15322442952127,36.129703521728516,218,0.0,0.0
2015-04-08 00:00:00-04:00,36.61794306783214,36.61794306783214,35.15322442952127,36.129703521728516,23,0.0,0.0
2015-04-09 00:00:00-04:00,36.61794632357242,37.10618591308594,36.12970673405891,37.10618591308594,74,0.0,0.0
2015-04-10 00:00:00-04:00,37.594428673746094,38.08266830444336,36.1297097816543,38.08266830444336,98,0.0,0.0
2015-04-13 00:00:00-04:00,37.59442138671875,39.05913999490022,37.59442138671875,37.59442138671875,340,0.0,0.0
2015-04-14 00:00:00-04:00,37.10618904304883,38.08266830444336,37.10618904304883,38.08266830444336,57,0.0,0.0
2015-04-15 00:00:00-04:00,37.1061847685889,39.05914306640625,37.1061847685889,39.05914306640625,60,0.0,0.0
2015-04-16 00:00:00-04:00,39.54738143505117,41.50033981461836,39.54738143505117,41.01210021972656,346,0.0,0.0
2015-04-17 00:00:00-04:00,41.98857940951015,42.47681900440195,36.617946726943096,41.01210021972656,189,0.0,0.0
2015-04-20 00:00:00-04:00,41.0121043906393,41.0121043906393,37.10619009551789,40.52386474609375,227,0.0,0.0
2015-04-21 00:00:00-04:00,39.059141371180374,41.01209672299391,35.15322494506836,35.15322494506836,722,0.0,0.0
2015-04-22 00:00:00-04:00,35.64146714454539,37.59442550259946,35.64146714454539,37.10618591308594,200,0.0,0.0
2015-04-23 00:00:00-04:00,37.10618591308594,37.10618591308594,36.12970673405891,37.10618591308594,112,0.0,0.0
2015-04-24 00:00:00-04:00,37.59442216003937,39.059140798350235,35.641463975624895,36.129703521728516,1069,0.0,0.0
2015-04-27 00:00:00-04:00,36.617942810058594,38.08266143805851,36.617942810058594,36.617942810058594,194,0.0,0.0
2015-04-28 00:00:00-04:00,36.12970764998663,37.106186853768484,35.15322844620477,35.6414680480957,1585,0.0,0.0
2015-04-29 00:00:00-04:00,35.64146372472532,36.617942810058594,35.64146372472532,36.617942810058594,321,0.0,0.0
2015-04-30 00:00:00-04:00,36.129703521728516,36.61794306783214,36.129703521728516,36.129703521728516,166,0.0,0.0
2015-05-01 00:00:00-04:00,35.15322844620477,36.61794725187756,35.15322844620477,35.6414680480957,135,0.0,0.0
2015-05-04 00:00:00-04:00,35.15322494506836,36.617943604860365,35.15322494506836,35.15322494506836,149,0.0,0.0
2015-05-05 00:00:00-04:00,35.641463975624895,36.61794306783214,35.641463975624895,36.129703521728516,154,0.0,0.0
2015-05-06 00:00:00-04:00,36.129703521728516,36.61794306783214,35.641463975624895,36.129703521728516,312,0.0,0.0
2015-05-07 00:00:00-04:00,35.64146372472532,37.10618235272523,35.64146372472532,36.617942810058594,101,0.0,0.0
2015-05-08 00:00:00-04:00,37.1061847685889,39.05914306640625,36.12970561968023,39.05914306640625,1140,0.0,0.0
2015-05-11 00:00:00-04:00,38.570907935140625,39.05914756583789,38.08266830444336,38.08266830444336,115,0.0,0.0
2015-05-12 00:00:00-04:00,38.082665092112975,39.05914427114001,37.10618591308594,37.10618591308594,378,0.0,0.0
2015-05-13 00:00:00-04:00,36.61794519413456,39.05914306640625,36.61794519413456,39.05914306640625,283,0.0,0.0
2015-05-14 00:00:00-04:00,36.61794231459778,40.52385574183932,36.61794231459778,37.59442138671875,197,0.0,0.0
2015-05-15 00:00:00-04:00,38.57090045883973,38.57090045883973,37.10618185065826,37.59442138671875,688,0.0,0.0
2015-05-18 00:00:00-04:00,36.61794306783214,36.61794306783214,35.641463975624895,36.129703521728516,186,0.0,0.0
2015-05-19 00:00:00-04:00,36.617942810058594,36.617942810058594,35.64146372472532,36.617942810058594,467,0.0,0.0
2015-05-20 00:00:00-04:00,36.617942810058594,36.617942810058594,36.12970326739195,36.617942810058594,383,0.0,0.0
2015-05-21 00:00:00-04:00,36.617949412351564,38.570907935140625,36.617949412351564,38.08266830444336,393,0.0,0.0
2015-05-22 00:00:00-04:00,36.12970326739195,38.08266143805851,36.12970326739195,36.617942810058594,83,0.0,0.0
2015-05-26 00:00:00-04:00,36.61794306783214,37.59442216003937,36.129703521728516,36.129703521728516,78,0.0,0.0
2015-05-27 00:00:00-04:00,36.129703521728516,38.08266170614299,36.129703521728516,36.129703521728516,144,0.0,0.0
2015-05-28 00:00:00-04:00,38.08266226465237,38.08266226465237,34.176745838540356,35.15322494506836,484,0.0,0.0
2015-05-29 00:00:00-04:00,34.66498488341765,36.129703521728516,34.66498488341765,36.129703521728516,147,0.0,0.0
2015-06-01 00:00:00-04:00,35.15322494506836,36.617943604860365,34.176745838540356,35.15322494506836,140,0.0,0.0
2015-06-02 00:00:00-04:00,35.64146449833236,36.617943604860365,35.15322494506836,35.15322494506836,94,0.0,0.0
2015-06-03 00:00:00-04:00,34.17674924242292,36.12970764998663,34.17674924242292,35.6414680480957,258,0.0,0.0
2015-06-04 00:00:00-04:00,34.176749860711915,36.12970830360644,34.176749860711915,34.66498947143555,610,0.0,0.0
2015-06-05 00:00:00-04:00,34.66498488341765,36.129703521728516,34.17674533731403,36.129703521728516,132,0.0,0.0
2015-06-08 00:00:00-04:00,36.12970405159636,36.12970405159636,34.66498539180436,35.15322494506836,270,0.0,0.0
2015-06-09 00:00:00-04:00,35.15322442952127,36.129703521728516,35.15322442952127,36.129703521728516,212,0.0,0.0
2015-06-10 00:00:00-04:00,34.66498539180436,36.12970405159636,34.66498539180436,35.15322494506836,104,0.0,0.0
2015-06-11 00:00:00-04:00,34.66498488341765,36.129703521728516,34.66498488341765,36.129703521728516,18,0.0,0.0
2015-06-12 00:00:00-04:00,35.64146869288281,35.64146869288281,34.66498947143555,34.66498947143555,9,0.0,0.0
2015-06-15 00:00:00-04:00,34.66498539180436,36.12970405159636,34.176745838540356,35.15322494506836,237,0.0,0.0
2015-06-16 00:00:00-04:00,34.66498947143555,34.66498947143555,34.66498947143555,34.66498947143555,555,0.0,0.0
2015-06-17 00:00:00-04:00,36.61794306783214,36.61794306783214,36.129703521728516,36.129703521728516,104,0.0,0.0
2015-06-18 00:00:00-04:00,34.66498488341765,36.129703521728516,34.66498488341765,36.129703521728516,146,0.0,0.0
2015-06-19 00:00:00-04:00,34.66498947143555,36.12970830360644,34.66498947143555,34.66498947143555,6,0.0,0.0
2015-06-22 00:00:00-04:00,34.66498539180436,35.15322494506836,32.22379048672682,35.15322494506836,2341,0.0,0.0
2015-06-23 00:00:00-04:00,34.17674853572331,34.66498812751853,31.247313846194732,32.223793029785156,2143,0.0,0.0
2015-06-24 00:00:00-04:00,32.22379048672682,36.12970405159636,32.22379048672682,35.15322494506836,366,0.0,0.0
2015-06-25 00:00:00-04:00,35.64146372472532,37.59442189539187,35.15322418205868,36.617942810058594,1163,0.0,0.0
2015-06-26 00:00:00-04:00,32.22379287919344,37.59442550259946,32.22379287919344,37.10618591308594,270,0.0,0.0
2015-06-29 00:00:00-04:00,35.64146449833236,35.64146449833236,33.20026959325482,35.15322494506836,103,0.0,0.0
2015-06-30 00:00:00-04:00,33.68851164773399,37.10618591308594,33.68851164773399,37.10618591308594,1143,0.0,0.0
2015-07-01 00:00:00-04:00,34.66498796551835,37.59442550259946,34.66498796551835,37.10618591308594,158,0.0,0.0
2015-07-02 00:00:00-04:00,35.64146449833236,35.64146449833236,33.688509146518825,35.15322494506836,98,0.0,0.0
2015-07-06 00:00:00-04:00,36.61794417257594,36.61794417257594,34.1767463684082,34.1767463684082,290,0.0,0.0
2015-07-07 00:00:00-04:00,34.1767463684082,34.1767463684082,33.20027010798362,34.1767463684082,862,0.0,0.0
2015-07-08 00:00:00-04:00,34.1767463684082,34.1767463684082,33.20027010798362,34.1767463684082,283,0.0,0.0
2015-07-09 00:00:00-04:00,36.12970830360644,36.12970830360644,33.68851311123108,34.66498947143555,203,0.0,0.0
2015-07-10 00:00:00-04:00,33.688507318519285,33.688507318519285,33.20026779174805,33.20026779174805,244,0.0,0.0
2015-07-13 00:00:00-04:00,35.15322494506836,36.12970405159636,33.688509146518825,35.15322494506836,263,0.0,0.0
2015-07-14 00:00:00-04:00,35.64146714454539,37.10618591308594,33.68851164773399,37.10618591308594,827,0.0,0.0
2015-07-15 00:00:00-04:00,36.61794306783214,36.61794306783214,34.17674533731403,36.129703521728516,372,0.0,0.0
2015-07-16 00:00:00-04:00,36.12970326739195,38.08266143805851,35.15322418205868,36.617942810058594,1137,0.0,0.0
2015-07-17 00:00:00-04:00,37.10618235272523,38.08266143805851,35.15322418205868,36.617942810058594,309,0.0,0.0
2015-07-20 00:00:00-04:00,36.12970209113317,37.59442067144688,33.20026779174805,33.20026779174805,796,0.0,0.0
2015-07-21 00:00:00-04:00,35.1532254900753,35.1532254900753,32.22379098631652,34.1767463684082,541,0.0,0.0
2015-07-22 00:00:00-04:00,34.17675378582618,35.641472786216376,29.294362840345123,30.759078979492188,535,0.0,0.0
2015-07-23 00:00:00-04:00,26.462567191702565,36.66676784631101,26.462567191702565,35.15322494506836,1444,0.0,0.1
2015-07-24 00:00:00-04:00,33.63969492600302,33.63969492600302,31.589087619189932,32.56556701660156,1582,0.0,0.0
2015-07-27 00:00:00-04:00,32.71203352350652,34.860286069890805,29.88024438526561,31.442611694335938,22506,0.0,0.0
2015-07-28 00:00:00-04:00,31.442610447714312,31.442610447714312,29.34318223121712,30.514955520629883,630,0.0,0.0
2015-07-29 00:00:00-04:00,30.80789437223926,32.22378871262775,29.78259394195158,29.92906379699707,1121,0.0,0.0
2015-07-30 00:00:00-04:00,30.514957571439055,31.003197190151337,29.880245208740234,29.880245208740234,522,0.0,0.0
2015-07-31 00:00:00-04:00,29.880239084985654,32.07731548829342,29.880239084985654,31.540254592895508,77,0.0,0.0
2015-08-03 00:00:00-04:00,31.393789291381832,32.0773230621383,31.247316542829903,31.393789291381836,1121,0.0,0.0
2015-08-04 00:00:00-04:00,31.393789291381832,31.393789291381832,31.393789291381832,31.393789291381836,0,0.0,0.0
2015-08-05 00:00:00-04:00,31.247318267822266,31.589085172067566,30.026720546235847,31.247318267822266,1306,0.0,0.0
2015-08-06 00:00:00-04:00,32.17496476258112,32.22378900178183,31.24730994025219,32.07731628417969,768,0.0,0.0
2015-08-07 00:00:00-04:00,32.07731628417969,32.07731628417969,32.07731628417969,32.07731628417969,0,0.0,0.0
2015-08-10 00:00:00-04:00,31.686726292036365,32.028493116634365,31.344959467438365,31.491432189941406,614,0.0,0.0
2015-08-11 00:00:00-04:00,31.491435245377854,31.784377857564078,31.491435245377854,31.63790512084961,476,0.0,0.0
2015-08-12 00:00:00-04:00,30.27083633146149,31.24731556888605,29.880245208740234,29.880245208740234,584,0.0,0.0
2015-08-13 00:00:00-04:00,30.270834070914205,31.198488991068395,29.88024297736128,31.052019119262695,3810,0.0,0.0
2015-08-14 00:00:00-04:00,30.319654365647207,31.540254592895508,30.319654365647207,31.540254592895508,1260,0.0,0.0
2015-08-17 00:00:00-04:00,31.491435940985898,31.491435940985898,31.442611694335938,31.442611694335938,154,0.0,0.0
2015-08-18 00:00:00-04:00,30.661422729492188,30.954368172324614,30.563777109790454,30.661422729492188,215,0.0,0.0
2015-08-19 00:00:00-04:00,30.368485016501737,30.368485016501737,29.880245394750077,30.026718139648438,123,0.0,0.0
2015-08-20 00:00:00-04:00,29.929069456735746,30.222012083465977,29.880245208740234,29.880245208740234,415,0.0,0.0
2015-08-21 00:00:00-04:00,29.294359207153324,30.710250917892417,28.903768094407077,29.29435920715332,553,0.0,0.0
2015-08-24 00:00:00-04:00,29.294356779738475,29.294356779738475,26.853158950805664,26.853158950805664,553,0.0,0.0
2015-08-25 00:00:00-04:00,27.292580553186003,28.12258714761283,26.85316512900455,28.073762893676758,415,0.0,0.0
2015-08-26 00:00:00-04:00,27.78081703186035,27.78081703186035,27.78081703186035,27.78081703186035,46,0.0,0.0
2015-08-27 00:00:00-04:00,27.585519221190943,27.585519221190943,26.364921633260607,26.413745880126953,553,0.0,0.0
2015-08-28 00:00:00-04:00,26.657868843282046,26.657868843282046,26.218456268310547,26.218456268310547,522,0.0,0.0
2015-08-31 00:00:00-04:00,26.120802723987378,26.120802723987378,24.411965563713817,24.558435440063477,814,0.0,0.0
2015-09-01 00:00:00-04:00,24.070196438772264,24.2166691799921,22.459007730325276,23.923725128173828,169,0.0,0.0
2015-09-02 00:00:00-04:00,23.33783816871662,23.33783816871662,21.97076785117226,22.605480194091797,1644,0.0,0.0
2015-09-03 00:00:00-04:00,22.947246486468572,22.947246486468572,22.84959942657465,22.898422241210938,154,0.0,0.0
2015-09-04 00:00:00-04:00,22.459007676564504,22.459007676564504,21.482529890543358,22.410184860229492,876,0.0,0.0
2015-09-08 00:00:00-04:00,21.970766135147006,22.019590377807617,21.726647783086502,22.019590377807617,200,0.0,0.0
2015-09-09 00:00:00-04:00,21.970768660677525,21.970768660677525,21.238410659069228,21.3848819732666,2197,0.0,0.0
2015-09-10 00:00:00-04:00,21.775474967227776,21.873123472154962,21.384883808762158,21.726652145385742,737,0.0,0.0
2015-09-11 00:00:00-04:00,21.384878036926548,21.72664628130597,21.28722955835495,21.628997802734375,1229,0.0,0.0
2015-09-14 00:00:00-04:00,21.0431154936275,21.0431154936275,20.65252293069599,20.945466995239258,799,0.0,0.0
2015-09-15 00:00:00-04:00,20.750175593633838,20.750175593633838,19.920168913237703,20.40840721130371,2412,0.0,0.0
2015-09-16 00:00:00-04:00,20.115460004885502,21.72665017577184,20.115460004885502,21.677825927734375,1936,0.0,0.0
2015-09-17 00:00:00-04:00,21.677825927734375,21.677825927734375,21.677825927734375,21.677825927734375,0,0.0,0.0
2015-09-18 00:00:00-04:00,20.554877239367325,21.726652145385742,20.554877239367325,21.726652145385742,384,0.0,0.0
2015-09-21 00:00:00-04:00,21.677827718619568,21.726651970690586,21.58017921447754,21.58017921447754,830,0.0,0.0
2015-09-22 00:00:00-04:00,21.580175677807738,21.677824165946635,21.433704376220703,21.433704376220703,169,0.0,0.0
2015-09-23 00:00:00-04:00,20.652524147614418,21.726651970690586,20.554877074093934,21.58017921447754,430,0.0,0.0
2015-09-24 00:00:00-04:00,21.140758514404297,21.140758514404297,21.140758514404297,21.140758514404297,31,0.0,0.0
2015-09-25 00:00:00-04:00,21.482530087647497,23.67960548400879,21.140761786438297,23.67960548400879,568,0.0,0.0
2015-09-28 00:00:00-04:00,24.2166690826416,24.2166690826416,24.2166690826416,24.2166690826416,108,0.0,0.0
2015-09-29 00:00:00-04:00,24.167842864990234,24.167842864990234,24.167842864990234,24.167842864990234,31,0.0,0.0
2015-09-30 00:00:00-04:00,23.484311026720935,24.070197731194607,22.65430450439453,22.65430450439453,138,0.0,0.0
2015-10-01 00:00:00-04:00,22.65430450439453,22.65430450439453,22.65430450439453,22.65430450439453,31,0.0,0.0
2015-10-02 00:00:00-04:00,21.2384090423584,21.2384090423584,21.2384090423584,21.2384090423584,15,0.0,0.0
2015-10-05 00:00:00-04:00,21.287232995739984,22.21488796947984,21.287232995739984,22.11724090576172,261,0.0,0.0
2015-10-06 00:00:00-04:00,22.11724090576172,22.11724090576172,22.11724090576172,22.11724090576172,0,0.0,0.0
2015-10-07 00:00:00-04:00,21.775471815115704,22.947246551513672,21.775471815115704,22.947246551513672,184,0.0,0.0
2015-10-08 00:00:00-04:00,22.947246551513672,22.947246551513672,22.947246551513672,22.947246551513672,0,0.0,0.0
2015-10-09 00:00:00-04:00,23.48430633544922,23.48430633544922,23.48430633544922,23.48430633544922,77,0.0,0.0
2015-10-12 00:00:00-04:00,23.337837350319983,23.43548583984375,23.337837350319983,23.43548583984375,77,0.0,0.0
2015-10-13 00:00:00-04:00,23.38666337506486,23.43548762354281,23.337839126586914,23.337839126586914,246,0.0,0.0
2015-10-14 00:00:00-04:00,23.33783373506013,23.33783373506013,23.24018669128418,23.24018669128418,77,0.0,0.0
2015-10-15 00:00:00-04:00,23.240194206045132,23.240194206045132,23.142545700073242,23.142545700073242,676,0.0,0.0
2015-10-16 00:00:00-04:00,23.337836345916436,23.337836345916436,22.019590377807617,22.019590377807617,783,0.0,0.0
2015-10-19 00:00:00-04:00,22.703126907348633,22.703126907348633,22.703126907348633,22.703126907348633,230,0.0,0.0
2015-10-20 00:00:00-04:00,22.21488620365697,22.312534690234582,21.53135108947754,21.53135108947754,584,0.0,0.0
2015-10-21 00:00:00-04:00,23.289014536179426,23.43548583984375,22.654302215517582,23.43548583984375,307,0.0,0.0
2015-10-22 00:00:00-04:00,23.43548583984375,23.43548583984375,23.43548583984375,23.43548583984375,0,0.0,0.0
2015-10-23 00:00:00-04:00,22.361362765614093,22.361362765614093,21.824298858642578,21.824298858642578,77,0.0,0.0
2015-10-26 00:00:00-04:00,21.824298858642578,21.824298858642578,21.824298858642578,21.824298858642578,0,0.0,0.0
2015-10-27 00:00:00-04:00,22.11724090576172,22.11724090576172,22.11724090576172,22.11724090576172,31,0.0,0.0
2015-10-28 00:00:00-04:00,22.849599838256836,22.849599838256836,22.849599838256836,22.849599838256836,61,0.0,0.0
2015-10-29 00:00:00-04:00,22.019593059621744,23.38666343688965,21.384882119594813,23.38666343688965,92,0.0,0.0
2015-10-30 00:00:00-04:00,21.970766067504883,21.970766067504883,21.970766067504883,21.970766067504883,61,0.0,0.0
2015-11-02 00:00:00-05:00,20.75017230278915,22.068418502807617,20.408403974661294,22.068418502807617,830,0.0,0.0
2015-11-03 00:00:00-05:00,20.75017027304997,22.605480194091797,20.75017027304997,22.605480194091797,369,0.0,0.0
2015-11-04 00:00:00-05:00,20.994289250198047,22.019591232774452,20.994289250198047,21.2384090423584,92,0.0,0.0
2015-11-05 00:00:00-05:00,21.2384090423584,21.2384090423584,21.2384090423584,21.2384090423584,0,0.0,0.0
2015-11-06 00:00:00-05:00,21.238415322321593,21.238415322321593,20.40840721130371,20.40840721130371,415,0.0,0.0
2015-11-09 00:00:00-05:00,20.40840369416194,20.750172017592426,20.261932373046875,20.261932373046875,814,0.0,0.0
2015-11-10 00:00:00-05:00,20.261932373046875,20.359580874204585,20.261932373046875,20.261932373046875,568,0.0,0.0
2015-11-11 00:00:00-05:00,20.261934966476353,20.261934966476353,20.0178165435791,20.0178165435791,676,0.0,0.0
2015-11-12 00:00:00-05:00,20.0178165435791,20.457230563167162,20.0178165435791,20.0178165435791,507,0.0,0.0
2015-11-13 00:00:00-05:00,20.01781068601029,20.01781068601029,19.920162200927734,19.920162200927734,753,0.0,0.0
2015-11-16 00:00:00-05:00,19.92016206473722,19.92016206473722,19.822513580322266,19.822513580322266,169,0.0,0.0
2015-11-17 00:00:00-05:00,19.822513718272244,19.822513718272244,19.578393936157227,19.578393936157227,768,0.0,0.0
2015-11-18 00:00:00-05:00,19.529571533203125,19.578394346151523,19.04133195874879,19.529571533203125,568,0.0,0.0
2015-11-19 00:00:00-05:00,19.138977581898434,19.236626061724667,18.84603500366211,18.84603500366211,814,0.0,0.0
2015-11-20 00:00:00-05:00,18.894863751854977,18.894863751854977,18.60192108154297,18.60192108154297,507,0.0,0.0
2015-11-23 00:00:00-05:00,18.162502413771236,18.162502413771236,17.13719895824812,17.527790069580078,369,0.0,0.0
2015-11-24 00:00:00-05:00,17.08837347666544,17.08837347666544,15.916600227355957,15.916600227355957,1997,0.0,0.0
2015-11-25 00:00:00-05:00,15.91660697144067,15.91660697144067,14.696007531281968,14.988951683044434,522,0.0,0.0
2015-11-27 00:00:00-05:00,14.6960024197039,15.281890519444655,14.549531110079405,14.64717960357666,691,0.0,0.0
2015-11-30 00:00:00-05:00,14.45188183252225,14.744825866499497,14.012466496867038,14.061290740966797,1091,0.0,0.0
2015-12-01 00:00:00-05:00,14.061290674533147,15.03776982942964,14.012466430664062,14.012466430664062,968,0.0,0.0
2015-12-02 00:00:00-05:00,14.012466430664062,14.842474284574603,14.012466430664062,14.012466430664062,952,0.0,0.0
2015-12-03 00:00:00-05:00,14.01246492837477,14.305408929561182,13.768345165822952,13.963642120361328,2304,0.0,0.0
2015-12-04 00:00:00-05:00,14.598353244688969,14.598353244688969,13.96364242065308,14.500704765319824,200,0.0,0.0
2015-12-07 00:00:00-05:00,14.110113831452017,14.305409361262774,13.768345581317297,14.256585121154785,230,0.0,0.0
2015-12-08 00:00:00-05:00,14.354230963348336,14.451877994997533,13.768343050969428,13.817167282104492,446,0.0,0.0
2015-12-09 00:00:00-05:00,14.110116171177255,14.15894041938123,13.76834786437086,13.865996360778809,630,0.0,0.0
2015-12-10 00:00:00-05:00,14.012467163136971,14.207762718200684,13.670700299430822,14.207762718200684,292,0.0,0.0
2015-12-11 00:00:00-05:00,13.670701026916504,13.914820841392311,13.670701026916504,13.670701026916504,584,0.0,0.0
2015-12-14 00:00:00-05:00,13.670701026916504,14.207763474266118,13.670701026916504,13.670701026916504,430,0.0,0.0
2015-12-15 00:00:00-05:00,13.670699258296112,14.012466095973945,13.426579475402832,13.426579475402832,691,0.0,0.0
2015-12-16 00:00:00-05:00,13.426579542757729,13.768346382150044,13.328931056862052,13.475403785705566,830,0.0,0.0
2015-12-17 00:00:00-05:00,13.57305196285578,13.57305196285578,13.231285095214844,13.231285095214844,323,0.0,0.0
2015-12-18 00:00:00-05:00,13.817171444610887,13.817171444610887,13.280109032194678,13.719524383544922,1951,0.0,0.0
2015-12-21 00:00:00-05:00,13.426580339104305,13.719524383544922,13.377757523882003,13.719524383544922,476,0.0,0.0
2015-12-22 00:00:00-05:00,13.475407215691181,13.670702806571153,13.13364028930664,13.13364028930664,1705,0.0,0.0
2015-12-23 00:00:00-05:00,13.670702806571153,13.670702806571153,13.13364028930664,13.13364028930664,369,0.0,0.0
2015-12-24 00:00:00-05:00,13.13364028930664,13.13364028930664,13.13364028930664,13.13364028930664,92,0.0,0.0
2015-12-28 00:00:00-05:00,13.182460042754672,13.426579832133976,12.987164497375488,12.987164497375488,2873,0.0,0.0
2015-12-29 00:00:00-05:00,12.987166401160824,13.377758979797363,12.84069507831057,13.377758979797363,891,0.0,0.0
2015-12-30 00:00:00-05:00,12.84069279336839,13.426579411135094,12.694221496582031,12.694221496582031,1306,0.0,0.0
2015-12-31 00:00:00-05:00,12.694222609212842,12.840693918837207,12.450102806091309,12.450102806091309,1290,0.0,0.0
2016-01-04 00:00:00-05:00,12.694222255512717,12.694222255512717,12.547749519348145,12.547749519348145,215,0.0,0.0
2016-01-05 00:00:00-05:00,12.498925273959953,13.035989111987353,12.498925273959953,12.547749519348145,77,0.0,0.0
2016-01-06 00:00:00-05:00,12.547749519348145,12.547749519348145,12.450102459193111,12.547749519348145,154,0.0,0.0
2016-01-07 00:00:00-05:00,12.352453163716325,12.645397186340286,12.303628921508789,12.303628921508789,369,0.0,0.0
2016-01-08 00:00:00-05:00,12.303630147667763,12.303630147667763,11.961862564086914,11.961862564086914,568,0.0,0.0
2016-01-11 00:00:00-05:00,11.961861308919216,12.93834114074707,11.961861308919216,12.93834114074707,92,0.0,0.0
2016-01-12 00:00:00-05:00,13.328929536279613,13.328929536279613,13.084811210632324,13.084811210632324,46,0.0,0.0
2016-01-13 00:00:00-05:00,12.791870713189367,13.426581680714458,11.327153205871582,11.327153205871582,937,0.0,0.0
2016-01-14 00:00:00-05:00,13.084814717777876,13.084814717777876,11.229505360415244,11.278328895568848,568,0.0,0.0
2016-01-15 00:00:00-05:00,11.278326854856289,11.913037704183104,11.278326854856289,11.522446632385254,123,0.0,0.0
2016-01-19 00:00:00-05:00,11.522449549719232,11.571273803710938,11.522449549719232,11.571273803710938,92,0.0,0.0
2016-01-20 00:00:00-05:00,11.522448902659876,11.522448902659876,10.741265889836624,11.034209251403809,599,0.0,0.0
2016-01-21 00:00:00-05:00,10.79008960723877,10.79008960723877,10.79008960723877,10.79008960723877,92,0.0,0.0
2016-01-22 00:00:00-05:00,10.497143745422363,10.887735523208868,10.497143745422363,10.497143745422363,200,0.0,0.0
2016-01-25 00:00:00-05:00,10.643615751506127,10.643615751506127,10.497143745422363,10.497143745422363,277,0.0,0.0
2016-01-26 00:00:00-05:00,10.54596996307373,10.54596996307373,10.54596996307373,10.54596996307373,77,0.0,0.0
2016-01-27 00:00:00-05:00,11.327150826149557,11.424798591768532,10.497143745422363,10.497143745422363,169,0.0,0.0
2016-01-28 00:00:00-05:00,10.497143745422363,10.497143745422363,10.497143745422363,10.497143745422363,0,0.0,0.0
2016-01-29 00:00:00-05:00,10.545970201512208,10.545970201512208,8.34889322522024,9.178899765014648,1936,0.0,0.0
2016-02-01 00:00:00-05:00,9.764785942689144,9.764785942689144,9.715962409973145,9.715962409973145,292,0.0,0.0
2016-02-02 00:00:00-05:00,10.008904700333503,10.008904700333503,9.667137145996094,9.667137145996094,92,0.0,0.0
2016-02-03 00:00:00-05:00,9.667137145996094,9.667137145996094,9.667137145996094,9.667137145996094,0,0.0,0.0
2016-02-04 00:00:00-05:00,9.764784812927246,9.764784812927246,9.764784812927246,9.764784812927246,15,0.0,0.0
2016-02-05 00:00:00-05:00,9.764784812927246,9.764784812927246,9.764784812927246,9.764784812927246,0,0.0,0.0
2016-02-08 00:00:00-05:00,9.764784812927246,9.764784812927246,9.764784812927246,9.764784812927246,0,0.0,0.0
2016-02-09 00:00:00-05:00,10.25302505493164,10.25302505493164,10.25302505493164,10.25302505493164,77,0.0,0.0
2016-02-10 00:00:00-05:00,9.37419486699265,10.6924409866333,9.325370618719713,10.6924409866333,1168,0.0,0.0
2016-02-11 00:00:00-05:00,10.6924409866333,10.6924409866333,10.6924409866333,10.6924409866333,0,0.0,0.0
2016-02-12 00:00:00-05:00,9.374193367838245,10.497143745422363,9.325369127373456,10.497143745422363,108,0.0,0.0
2016-02-16 00:00:00-05:00,10.497143745422363,10.497143745422363,10.497143745422363,10.497143745422363,0,0.0,0.0
2016-02-17 00:00:00-05:00,9.325370618719713,10.6924409866333,9.325370618719713,10.6924409866333,46,0.0,0.0
2016-02-18 00:00:00-05:00,10.545972234328891,10.545972234328891,9.715964819233461,10.204204559326172,399,0.0,0.0
2016-02-19 00:00:00-05:00,10.204204559326172,10.204204559326172,10.204204559326172,10.204204559326172,0,0.0,0.0
2016-02-22 00:00:00-05:00,9.764784812927246,9.764784812927246,9.764784812927246,9.764784812927246,61,0.0,0.0
2016-02-23 00:00:00-05:00,9.520665426535748,9.569488951959748,9.032425880432129,9.032425880432129,906,0.0,0.0
2016-02-24 00:00:00-05:00,9.13007364659073,9.13007364659073,9.032425880432129,9.032425880432129,61,0.0,0.0
2016-02-25 00:00:00-05:00,9.764784812927246,9.764784812927246,9.764784812927246,9.764784812927246,154,0.0,0.0
2016-02-26 00:00:00-05:00,9.764784812927246,9.764784812927246,9.764784812927246,9.764784812927246,0,0.0,0.0
2016-02-29 00:00:00-05:00,9.227723300426275,9.227723300426275,9.178899765014648,9.178899765014648,492,0.0,0.0
2016-03-01 00:00:00-05:00,10.008904559292064,10.008904559292064,8.54418659210205,8.54418659210205,138,0.0,0.0
2016-03-02 00:00:00-05:00,9.03242601289909,9.569489092303122,8.641834227225766,8.78830623626709,9909,0.0,0.0
2016-03-03 00:00:00-05:00,8.78830623626709,8.78830623626709,8.78830623626709,8.78830623626709,0,0.0,0.0
2016-03-04 00:00:00-05:00,9.715961710865766,9.715961710865766,9.374194145202637,9.374194145202637,277,0.0,0.0
2016-03-07 00:00:00-05:00,9.76478732926998,10.49714686180003,9.227724101267768,10.301851272583008,4901,0.0,0.0
2016-03-08 00:00:00-05:00,10.301850691387134,10.69244184778533,9.764786778373452,9.813611030578613,522,0.0,0.0
2016-03-09 00:00:00-05:00,9.715961419692173,12.157157835377813,9.715961419692173,9.862433433532715,2258,0.0,0.0
2016-03-10 00:00:00-05:00,10.838912425739661,10.838912425739661,8.690659209650702,10.25302505493164,1029,0.0,0.0
2016-03-11 00:00:00-05:00,9.130075228490881,10.49714562219464,9.130075228490881,9.52066707611084,261,0.0,0.0
2016-03-14 00:00:00-04:00,10.643616873907213,10.643616873907213,10.204201524628866,10.25302505493164,123,0.0,0.0
2016-03-15 00:00:00-04:00,9.178898456739473,9.618313789367676,9.178898456739473,9.618313789367676,77,0.0,0.0
2016-03-16 00:00:00-04:00,9.618313516414906,9.86243329768298,9.618313516414906,9.764784812927246,584,0.0,0.0
2016-03-17 00:00:00-04:00,9.764784778849332,9.911256790161133,9.764784778849332,9.911256790161133,77,0.0,0.0
2016-03-18 00:00:00-04:00,9.86243329768298,9.86243329768298,9.764784812927246,9.764784812927246,169,0.0,0.0
2016-03-21 00:00:00-04:00,9.764784812927246,9.764784812927246,9.764784812927246,9.764784812927246,0,0.0,0.0
2016-03-22 00:00:00-04:00,8.788308023102488,8.885955810546875,8.788308023102488,8.885955810546875,169,0.0,0.0
2016-03-23 00:00:00-04:00,8.837130348114922,9.471841185801145,8.837130348114922,9.032425880432129,415,0.0,0.0
2016-03-24 00:00:00-04:00,9.032425980744032,9.081249506710252,8.934778213500977,8.934778213500977,123,0.0,0.0
2016-03-28 00:00:00-04:00,8.690657598519769,8.837129592895508,8.690657598519769,8.837129592895508,138,0.0,0.0
2016-03-29 00:00:00-04:00,8.690658468676414,8.78830623626709,8.690658468676414,8.78830623626709,676,0.0,0.0
2016-03-30 00:00:00-04:00,8.788307302447368,8.788307302447368,8.690659523010254,8.690659523010254,614,0.0,0.0
2016-03-31 00:00:00-04:00,9.081250190734863,9.081250190734863,9.081250190734863,9.081250190734863,46,0.0,0.0
2016-04-01 00:00:00-04:00,9.081250190734863,9.081250190734863,9.081250190734863,9.081250190734863,61,0.0,0.0
2016-04-04 00:00:00-04:00,8.690659348555542,8.739482879638672,8.641835102161721,8.739482879638672,77,0.0,0.0
2016-04-05 00:00:00-04:00,8.348892200615724,10.204201340093443,6.8353499130088515,9.22772216796875,14794,0.0,0.0
2016-04-06 00:00:00-04:00,9.960079880718231,10.643614900724284,8.397713609768292,8.837129592895508,7543,0.0,0.0
2016-04-07 00:00:00-04:00,8.885955810546875,8.885955810546875,8.30006837056979,8.885955810546875,1137,0.0,0.0
2016-04-08 00:00:00-04:00,8.251245297208758,10.399497985839844,8.251245297208758,10.399497985839844,2304,0.0,0.0
2016-04-11 00:00:00-04:00,10.643616676330566,10.643616676330566,10.643616676330566,10.643616676330566,92,0.0,0.0
2016-04-12 00:00:00-04:00,10.301850201384863,10.399497985839844,9.71596277934423,10.399497985839844,876,0.0,0.0
2016-04-13 00:00:00-04:00,10.448321520411964,10.448321520411964,9.76478631391635,10.399497985839844,246,0.0,0.0
2016-04-14 00:00:00-04:00,9.813609304854417,10.155376864258367,9.423017501831055,9.423017501831055,277,0.0,0.0
2016-04-15 00:00:00-04:00,10.155378855868884,10.790089855532992,9.813611229439568,10.594794273376465,1936,0.0,0.0
2016-04-18 00:00:00-04:00,10.741265296936035,10.741265296936035,9.618314733280757,10.741265296936035,77,0.0,0.0
2016-04-19 00:00:00-04:00,10.594792581113698,11.96186215316376,9.862433907347974,11.473623275756836,2965,0.0,0.0
2016-04-20 00:00:00-04:00,11.96186215316376,12.352453970399976,10.985384398349911,11.473623275756836,1920,0.0,0.0
2016-04-21 00:00:00-04:00,11.9618605374515,12.35245230192971,10.692438912346121,11.22950267791748,10278,0.0,0.0
2016-04-22 00:00:00-04:00,11.9618614812608,11.9618614812608,10.204200906013755,11.180679321289062,399,0.0,0.0
2016-04-25 00:00:00-04:00,11.278326201408145,11.278326201408145,10.204200100886583,11.22950267791748,630,0.0,0.0
2016-04-26 00:00:00-04:00,11.131855078635512,11.180679321289062,11.083031551292596,11.180679321289062,108,0.0,0.0
2016-04-27 00:00:00-04:00,11.131855810137479,12.205982781303446,10.204201576557253,11.375975608825684,1244,0.0,0.0
2016-04-28 00:00:00-04:00,11.278326709286297,15.13541599709357,11.034206934908198,13.768345832824707,12920,0.0,0.0
2016-04-29 00:00:00-04:00,14.305409136656358,17.039549372321144,14.158937849253308,15.086592674255371,10539,0.0,0.0
2016-05-02 00:00:00-04:00,14.207764282998696,19.04133516800986,12.20598426547062,13.524229049682617,4793,0.0,0.0
2016-05-03 00:00:00-04:00,13.86599518237875,16.50248719387426,13.86599518237875,14.403059005737305,492,0.0,0.0
2016-05-04 00:00:00-04:00,14.110114513840214,15.770128743444438,11.620094600055143,12.694221496582031,1367,0.0,0.0
2016-05-05 00:00:00-04:00,12.88951404364293,14.695997720051922,12.303626131264021,13.817167282104492,799,0.0,0.0
2016-05-06 00:00:00-04:00,13.621876777897052,14.988947166712993,12.84069451607163,13.670701026916504,799,0.0,0.0
2016-05-09 00:00:00-04:00,12.694222255512717,13.23128466291877,12.547749519348145,12.547749519348145,307,0.0,0.0
2016-05-10 00:00:00-04:00,12.547749952412754,12.64539844655931,11.913039032324335,11.961862564086914,1183,0.0,0.0
2016-05-11 00:00:00-04:00,11.961862564086914,11.961862564086914,11.961862564086914,11.961862564086914,0,0.0,0.0
2016-05-12 00:00:00-04:00,11.42480048484018,12.108334957433604,10.05773010903189,10.741265296936035,1137,0.0,0.0
2016-05-13 00:00:00-04:00,10.30184930054509,10.545969097990989,9.71596192973707,10.25302505493164,261,0.0,0.0
2016-05-16 00:00:00-04:00,9.56948927403704,10.155376606018288,9.27654596570173,9.764784812927246,338,0.0,0.0
2016-05-17 00:00:00-04:00,10.057729503099193,10.25302505493164,10.057729503099193,10.25302505493164,154,0.0,0.0
2016-05-18 00:00:00-04:00,10.643616168554434,11.131855015779951,9.764784812927246,9.764784812927246,230,0.0,0.0
2016-05-19 00:00:00-04:00,9.764785509732075,12.157158535441532,9.764785509732075,11.375975608825684,1552,0.0,0.0
2016-05-20 00:00:00-04:00,12.205982258002573,12.450102046224753,10.301848911304466,11.717741966247559,1260,0.0,0.0
2016-05-23 00:00:00-04:00,10.64361707581759,12.205982950736749,9.86243413835801,11.131855964660645,1890,0.0,0.0
2016-05-24 00:00:00-04:00,11.327151230450404,11.327151230450404,9.764784778849332,9.911256790161133,2857,0.0,0.0
2016-05-25 00:00:00-04:00,9.911256857922588,10.545968434406044,9.276545996749764,9.960081100463867,522,0.0,0.0
2016-05-26 00:00:00-04:00,9.764786176148743,10.49714562219464,9.276547260762207,9.52066707611084,1536,0.0,0.0
2016-05-27 00:00:00-04:00,10.008904848710776,10.350672408114725,9.27654620159411,9.423017501831055,568,0.0,0.0
2016-05-31 00:00:00-04:00,10.594792857903087,10.594792857903087,9.276546781499146,10.057729721069336,553,0.0,0.0
2016-06-01 00:00:00-04:00,9.667137577633763,9.667137577633763,9.276546478271484,9.276546478271484,922,0.0,0.0
2016-06-02 00:00:00-04:00,9.276546478271484,9.276546478271484,9.276546478271484,9.276546478271484,61,0.0,0.0
2016-06-03 00:00:00-04:00,9.71596257958177,9.71596257958177,9.471842765808105,9.471842765808105,92,0.0,0.0
2016-06-06 00:00:00-04:00,9.27654596570173,9.764784812927246,9.27654596570173,9.764784812927246,154,0.0,0.0
2016-06-07 00:00:00-04:00,9.42301982668495,10.008907318115234,9.276548490310498,10.008907318115234,1813,0.0,0.0
2016-06-08 00:00:00-04:00,9.56948970857119,11.473623087490715,9.56948970857119,10.448320388793945,3119,0.0,0.0
2016-06-09 00:00:00-04:00,9.61831348284816,10.74126390051383,9.61831348284816,9.911256790161133,845,0.0,0.0
2016-06-10 00:00:00-04:00,9.764788364056198,11.083035519244339,9.764788364056198,10.204204559326172,461,0.0,0.0
2016-06-13 00:00:00-04:00,10.204204559326172,10.204204559326172,10.204204559326172,10.204204559326172,0,0.0,0.0
2016-06-14 00:00:00-04:00,10.741264882607089,10.741264882607089,10.057729721069336,10.057729721069336,46,0.0,0.0
2016-06-15 00:00:00-04:00,9.76478491647669,9.76478491647669,9.667137145996094,9.667137145996094,31,0.0,0.0
2016-06-16 00:00:00-04:00,10.741263937999538,10.741263937999538,9.667137043482143,9.764784812927246,230,0.0,0.0
2016-06-17 00:00:00-04:00,10.10655265044865,10.10655265044865,9.618313789367676,9.618313789367676,522,0.0,0.0
2016-06-20 00:00:00-04:00,10.448322606840366,10.448322606840366,10.301851272583008,10.301851272583008,77,0.0,0.0
2016-06-21 00:00:00-04:00,9.764784812927246,9.764784812927246,9.764784812927246,9.764784812927246,307,0.0,0.0
2016-06-22 00:00:00-04:00,9.667137145996094,9.667137145996094,9.667137145996094,9.667137145996094,108,0.0,0.0
2016-06-23 00:00:00-04:00,9.667139674390137,10.008907318115234,9.667139674390137,10.008907318115234,123,0.0,0.0
2016-06-24 00:00:00-04:00,9.423018403181022,10.00890580610325,9.325370621912436,9.569490432739258,1859,0.0,0.0
2016-06-27 00:00:00-04:00,9.325369315671121,9.618313333753768,8.78830623626709,8.78830623626709,645,0.0,0.0
2016-06-28 00:00:00-04:00,8.78830623626709,8.78830623626709,8.78830623626709,8.78830623626709,0,0.0,0.0
2016-06-29 00:00:00-04:00,9.130075514335097,9.37419533732663,8.59301233294018,8.983603477478027,876,0.0,0.0
2016-06-30 00:00:00-04:00,9.130074501037598,9.130074501037598,9.130074501037598,9.130074501037598,31,0.0,0.0
2016-07-01 00:00:00-04:00,9.130073984436562,9.960081100463867,9.130073984436562,9.960081100463867,876,0.0,0.0
2016-07-05 00:00:00-04:00,9.813609705653294,11.034207977572109,9.374194356374947,10.25302505493164,507,0.0,0.0
2016-07-06 00:00:00-04:00,10.301848617841259,10.301848617841259,9.032426184433657,9.764784812927246,77,0.0,0.0
2016-07-07 00:00:00-04:00,9.081250190734863,9.081250190734863,9.081250190734863,9.081250190734863,46,0.0,0.0
2016-07-08 00:00:00-04:00,9.520665426535748,9.520665426535748,8.983601639697524,9.032425880432129,737,0.0,0.0
2016-07-11 00:00:00-04:00,9.032425880432129,9.178897887325336,8.348891517321908,9.032425880432129,753,0.0,0.0
2016-07-12 00:00:00-04:00,8.59301157107859,9.276546728727936,8.59301157107859,8.739482879638672,169,0.0,0.0
2016-07-13 00:00:00-04:00,9.178898680643684,9.178898680643684,8.788306866940406,9.081250190734863,1383,0.0,0.0
2016-07-14 00:00:00-04:00,9.32536975740844,9.764785090036643,9.227721985192247,9.618313789367676,215,0.0,0.0
2016-07-15 00:00:00-04:00,8.788306866940406,9.227722210287427,8.788306866940406,9.081250190734863,261,0.0,0.0
2016-07-18 00:00:00-04:00,9.130074458355296,9.276546478271484,9.130074458355296,9.276546478271484,92,0.0,0.0
2016-07-19 00:00:00-04:00,9.276546478271484,9.276546478271484,8.593011339076828,9.276546478271484,1168,0.0,0.0
2016-07-20 00:00:00-04:00,9.276544066577962,10.39949425826864,9.276544066577962,10.155374526977539,12290,0.0,0.0
2016-07-21 00:00:00-04:00,10.15537586208534,13.182458639066214,10.15537586208534,11.22950267791748,26086,0.0,0.0
2016-07-22 00:00:00-04:00,11.327152582998979,11.327152582998979,10.155377783206966,10.838912963867188,3180,0.0,0.0
2016-07-25 00:00:00-04:00,10.838915649197983,10.838915649197983,9.813612624189824,10.204204559326172,1229,0.0,0.0
2016-07-26 00:00:00-04:00,10.49714507987065,10.594792857903087,9.764785671661333,10.057729721069336,2612,0.0,0.0
2016-07-27 00:00:00-04:00,9.764786176148743,9.86243467453678,8.641835597793616,9.52066707611084,2719,0.0,0.0
2016-07-28 00:00:00-04:00,9.325369178907938,9.374193419642541,8.983601639697524,9.032425880432129,277,0.0,0.0
2016-07-29 00:00:00-04:00,9.032426361240947,11.961861647868831,8.98360211790736,11.815389633178711,20632,0.0,0.0
2016-08-01 00:00:00-04:00,11.717740262337415,14.158937074267165,10.25302317661433,12.010684967041016,124774,0.0,0.0
2016-08-02 00:00:00-04:00,15.623658112101511,18.30897464071394,13.035990081527986,13.670701026916504,273698,0.0,0.0
2016-08-03 00:00:00-04:00,13.0848156631026,13.133639917094305,10.887738539691863,11.571273803710938,39958,0.0,0.0
2016-08-04 00:00:00-04:00,11.327153205871582,11.327153205871582,10.05773055551065,11.327153205871582,18051,0.0,0.0
2016-08-05 00:00:00-04:00,11.180681113826186,13.475405864920353,10.30185032764924,12.059511184692383,58439,0.0,0.0
2016-08-08 00:00:00-04:00,11.96186175446974,12.840693135131724,11.327151592651239,11.717741966247559,8296,0.0,0.0
2016-08-09 00:00:00-04:00,11.180681337587746,12.20598418041739,11.034209298523294,11.864215850830078,5684,0.0,0.0
2016-08-10 00:00:00-04:00,11.815391747622375,11.815391747622375,10.741266070478526,10.79008960723877,7266,0.0,0.0
2016-08-11 00:00:00-04:00,10.79008798499546,11.22950404163797,8.788306826636905,9.22772216796875,21262,0.0,0.0
2016-08-12 00:00:00-04:00,9.130074458355296,9.276546478271484,8.837131133833587,9.276546478271484,2950,0.0,0.0
2016-08-15 00:00:00-04:00,9.130074071917097,9.130074071917097,7.714180323691747,8.300066947937012,7451,0.0,0.0
2016-08-16 00:00:00-04:00,8.446542260148677,8.54419006898908,8.153599548938383,8.202423095703125,5546,0.0,0.0
2016-08-17 00:00:00-04:00,8.34889516661919,8.593014331064742,6.884176603391293,8.202423095703125,15147,0.0,0.0
2016-08-18 00:00:00-04:00,8.593012809753418,8.641836347874417,7.8118304773311,8.593012809753418,6037,0.0,0.0
2016-08-19 00:00:00-04:00,8.788305014121251,9.5206642421717,7.4212357426526765,8.153594970703125,36133,0.0,0.0
2016-08-22 00:00:00-04:00,8.055949643209544,8.49536506528805,7.6165342211310385,7.811830520629883,5423,0.0,0.0
2016-08-23 00:00:00-04:00,8.348892135455722,8.348892135455722,7.7141805354662285,7.763004779815674,2842,0.0,0.0
2016-08-24 00:00:00-04:00,8.10477250275008,8.348892298647685,7.56770938096175,8.055948257446289,5039,0.0,0.0
2016-08-25 00:00:00-04:00,8.1047730019124,8.885955252399652,7.811829657979683,8.446539878845215,14226,0.0,0.0
2016-08-26 00:00:00-04:00,8.788307126032493,10.399497242678908,8.397715300814,8.739482879638672,24211,0.0,0.0
2016-08-29 00:00:00-04:00,8.837131719399558,9.17889931164309,8.1047730019124,8.446539878845215,7297,0.0,0.0
2016-08-30 00:00:00-04:00,8.544186732361192,8.885954287492916,8.153596364841656,8.300066947937012,2504,0.0,0.0
2016-08-31 00:00:00-04:00,8.690662139905145,8.934782019661615,8.104775286862722,8.202423095703125,3564,0.0,0.0
2016-09-01 00:00:00-04:00,8.788305298775322,10.253023087008057,8.251242991972987,8.641833305358887,31708,0.0,0.0
2016-09-02 00:00:00-04:00,8.885955691343566,9.130075514335097,8.300068259226041,8.983603477478027,5008,0.0,0.0
2016-09-06 00:00:00-04:00,8.837131549821278,9.178899135506532,8.54418749619923,8.690659523010254,1014,0.0,0.0
2016-09-07 00:00:00-04:00,8.739481866645713,9.325369178907938,8.641834100487111,9.032425880432129,5208,0.0,0.0
2016-09-08 00:00:00-04:00,8.98360280600583,11.961862564086914,8.739483001260838,11.961862564086914,60236,0.0,0.0
2016-09-09 00:00:00-04:00,11.961860945017595,11.961860945017595,9.569488899076196,10.497143745422363,31094,0.0,0.0
2016-09-12 00:00:00-04:00,10.301850145602756,11.034208882704942,10.253025895984267,10.54596996307373,5116,0.0,0.0
2016-09-13 00:00:00-04:00,10.838911282744078,11.571270597852296,10.497143745422363,10.497143745422363,6544,0.0,0.0
2016-09-14 00:00:00-04:00,11.131856359846852,11.668920229606272,10.20420208045753,10.6924409866333,19265,0.0,0.0
2016-09-15 00:00:00-04:00,10.936563454154347,10.985387714287974,10.008908234102552,10.204204559326172,2934,0.0,0.0
2016-09-16 00:00:00-04:00,10.301850900141675,11.327153779429626,10.106554602674358,10.594794273376465,20832,0.0,0.0
2016-09-19 00:00:00-04:00,10.448320388793945,11.229504010448242,10.448320388793945,10.448320388793945,15316,0.0,0.0
2016-09-20 00:00:00-04:00,10.448319914353599,10.741263937999538,9.764784812927246,9.764784812927246,15547,0.0,0.0
2016-09-21 00:00:00-04:00,9.764785671661333,10.448320833199086,9.130074756795144,10.057729721069336,1567,0.0,0.0
2016-09-22 00:00:00-04:00,10.350672179551564,10.594791961636691,9.911256857922588,9.960081100463867,4317,0.0,0.0
2016-09-23 00:00:00-04:00,9.813609918332897,10.448320833199086,9.813609918332897,10.057729721069336,753,0.0,0.0
2016-09-26 00:00:00-04:00,10.008906608777712,10.350674228281521,9.325371369770092,9.813611030578613,2350,0.0,0.0
2016-09-27 00:00:00-04:00,9.764785995276428,9.81361024356608,8.885955248548443,9.569490432739258,4993,0.0,0.0
2016-09-28 00:00:00-04:00,9.081250920708095,9.520667014687128,9.081250920708095,9.471842765808105,2135,0.0,0.0
2016-09-29 00:00:00-04:00,9.52066707611084,10.106553774574683,9.276547260762207,9.52066707611084,1229,0.0,0.0
2016-09-30 00:00:00-04:00,9.569491200174353,10.106554397877261,9.032428002471443,9.813611030578613,3564,0.0,0.0
2016-10-03 00:00:00-04:00,10.350672830847865,10.79008818012621,9.520666377904622,10.25302505493164,11414,0.0,0.0
2016-10-04 00:00:00-04:00,10.49714507987065,10.49714507987065,9.569490115596459,10.057729721069336,3948,0.0,0.0
2016-10-05 00:00:00-04:00,10.057730555531437,10.301850378521824,9.13007551429227,9.178899765014648,1659,0.0,0.0
2016-10-06 00:00:00-04:00,9.276548490310498,10.88773891291607,9.081252182959854,10.008907318115234,18942,0.0,0.0
2016-10-07 00:00:00-04:00,9.520665847930518,10.59479203852772,9.520665847930518,9.667137145996094,1429,0.0,0.0
2016-10-10 00:00:00-04:00,9.960081349779683,9.960081349779683,9.618313789367676,9.618313789367676,369,0.0,0.0
2016-10-11 00:00:00-04:00,9.520667374183697,9.61831516031816,8.788307905209104,8.983603477478027,2258,0.0,0.0
2016-10-12 00:00:00-04:00,8.983601739467197,9.813608833999085,8.837130446257921,8.934778213500977,6283,0.0,0.0
2016-10-13 00:00:00-04:00,8.788306929842536,9.423017826928792,8.788306929842536,9.130074501037598,1767,0.0,0.0
2016-10-14 00:00:00-04:00,9.130075059375265,9.61831468102891,9.03242727810668,9.569490432739258,20678,0.0,0.0
2016-10-17 00:00:00-04:00,9.423017362139284,10.399496497566526,9.423017362139284,9.667137145996094,5223,0.0,0.0
2016-10-18 00:00:00-04:00,9.813609159372309,9.960081172748522,9.4718416050349,9.667137145996094,1198,0.0,0.0
2016-10-19 00:00:00-04:00,9.618313937149253,9.715961710865766,9.227722126972536,9.374194145202637,13934,0.0,0.0
2016-10-20 00:00:00-04:00,9.178899765014648,9.618315160273044,9.081251263569893,9.178899765014648,2120,0.0,0.0
2016-10-21 00:00:00-04:00,9.276544799956413,9.52066455054696,8.446537791010666,8.641833305358887,7589,0.0,0.0
2016-10-24 00:00:00-04:00,8.934779329258392,9.130074888132622,8.446539716762114,8.690659523010254,2473,0.0,0.0
2016-10-25 00:00:00-04:00,8.739482707436782,8.885954728421483,8.202420299551118,8.25124454498291,2320,0.0,0.0
2016-10-26 00:00:00-04:00,8.202423095703125,8.397717998073015,7.616535527349782,8.202423095703125,2074,0.0,0.0
2016-10-27 00:00:00-04:00,8.397715417654265,8.397715417654265,7.1771178245544425,7.177117824554443,3426,0.0,0.0
2016-10-28 00:00:00-04:00,8.300066204277217,8.300066204277217,6.493581535077027,6.981821060180664,1721,0.0,0.0
2016-10-31 00:00:00-04:00,7.421237925138045,7.421237925138045,6.737702730730074,6.835350513458252,906,0.0,0.0
2016-11-01 00:00:00-04:00,6.83534977014035,6.884174013850354,6.493582210102267,6.640054225921631,1628,0.0,0.0
2016-11-02 00:00:00-04:00,6.640053364761412,6.640053364761412,6.493581367938259,6.542405605316162,1536,0.0,0.0
2016-11-03 00:00:00-04:00,6.49358216003919,6.49358216003919,5.565927616841495,5.9076948165893555,14180,0.0,0.0
2016-11-04 00:00:00-04:00,5.9076948165893555,6.102991074613064,5.712399631531614,5.9076948165893555,1521,0.0,0.0
2016-11-07 00:00:00-05:00,6.2494628924949716,6.2494628924949716,6.102991580963135,6.102991580963135,753,0.0,0.0
2016-11-08 00:00:00-05:00,5.956518311450806,6.054166070537312,5.761222077967237,5.810046672821045,6637,0.0,0.0
2016-11-09 00:00:00-05:00,5.663575388198026,5.956519059922944,5.565927616841495,5.9076948165893555,4194,0.0,0.0
2016-11-10 00:00:00-05:00,5.077687626147169,7.811828217627314,5.077687626147169,6.884173393249512,17452,0.0,0.0
2016-11-11 00:00:00-05:00,6.83534915394096,8.30006631884932,6.005342092869677,6.884173393249512,31217,0.0,0.0
2016-11-14 00:00:00-05:00,6.932998190181654,11.180680608119786,6.591230598203257,10.6924409866333,90823,0.0,0.0
2016-11-15 00:00:00-05:00,13.37775691287919,28.415526663654205,13.280108425651768,21.2872314453125,2418165,0.0,0.0
2016-11-16 00:00:00-05:00,29.050238363576018,39.400913004718305,22.80077618383712,23.67960548400879,2250360,0.0,0.0
2016-11-17 00:00:00-05:00,30.075538940499957,31.735551747428744,12.498924586532619,13.426579475402832,1123306,0.0,0.0
2016-11-18 00:00:00-05:00,15.135418053999325,16.50248840405327,10.887737122175059,12.254807472229004,460583,0.0,0.0
2016-11-21 00:00:00-05:00,12.743046600178522,13.182462000184678,10.545970315458502,11.034209251403809,125558,0.0,0.0
2016-11-22 00:00:00-05:00,10.790087739446854,10.936559754994445,9.27654620159411,9.423017501831055,124175,0.0,0.0
2016-11-23 00:00:00-05:00,12.889519490733136,18.650744003210708,12.01068868139322,13.91482162475586,1909236,0.0,0.0
2016-11-25 00:00:00-05:00,13.865997007527552,14.1589410797937,11.668920757395933,12.059511184692383,246553,0.0,0.0
2016-11-28 00:00:00-05:00,11.961861230502526,13.914818735423635,10.692439531848894,11.522446632385254,271286,0.0,0.0
2016-11-29 00:00:00-05:00,10.838912377472496,12.157158419437206,10.692440356595082,11.473623275756836,103144,0.0,0.0
2016-11-30 00:00:00-05:00,11.620094909331467,12.49892485937215,10.887736259975572,11.717741966247559,151735,0.0,0.0
2016-12-01 00:00:00-05:00,12.694220542917252,12.694220542917252,10.93655867573118,11.22950267791748,86998,0.0,0.0
2016-12-02 00:00:00-05:00,10.936560797376544,11.620095981333337,10.25302561341975,10.6924409866333,59806,0.0,0.0
2016-12-05 00:00:00-05:00,10.692440336411975,10.692440336411975,8.788306929842536,9.130074501037598,161383,0.0,0.0
2016-12-06 00:00:00-05:00,9.276546371486123,9.911257258298795,9.032426579539507,9.374194145202637,79716,0.0,0.0
2016-12-07 00:00:00-05:00,9.276547551192166,9.32537108660402,8.641835868352034,8.983603477478027,50927,0.0,0.0
2016-12-08 00:00:00-05:00,8.83713265773983,8.83713265773983,8.202421654168994,8.397716522216797,51464,0.0,0.0
2016-12-09 00:00:00-05:00,8.397713282765574,8.739480779460347,8.05594650138132,8.153594970703125,43138,0.0,0.0
2016-12-12 00:00:00-05:00,8.10477277601795,8.10477277601795,7.616533167760808,7.714180946350098,44536,0.0,0.0
2016-12-13 00:00:00-05:00,7.616533186969803,7.763005212878489,7.0306457986457565,7.177117824554443,52724,0.0,0.0
2016-12-14 00:00:00-05:00,7.0794680255579205,7.0794680255579205,6.591228555390963,6.786524772644043,29358,0.0,0.0
2016-12-15 00:00:00-05:00,7.567709703456428,14.50070705215828,6.884174531938844,12.20598316192627,2236135,0.0,0.0
2016-12-16 00:00:00-05:00,13.670700332576606,14.256586999188272,10.301849495972105,11.131855964660645,777373,0.0,0.0
2016-12-19 00:00:00-05:00,10.887735691684384,11.18067899307428,9.813608822633542,10.106552124023438,127493,0.0,0.0
2016-12-20 00:00:00-05:00,10.155376978600684,10.253024751628308,9.032426515817033,9.325369834899902,82957,0.0,0.0
2016-12-21 00:00:00-05:00,12.694226089301571,13.37776143930701,10.008908234102552,10.204204559326172,1029211,0.0,0.0
2016-12-22 00:00:00-05:00,9.667137317820448,10.10655265044865,9.52066601715148,9.618313789367676,140797,0.0,0.0
2016-12-23 00:00:00-05:00,9.764784812927246,9.86243329768298,9.325369492768967,9.764784812927246,39405,0.0,0.0
2016-12-27 00:00:00-05:00,10.790087579488914,11.034207363345724,9.520665847930518,9.667137145996094,151305,0.0,0.0
2016-12-28 00:00:00-05:00,10.155378341665442,10.155378341665442,9.081251263569893,9.178899765014648,77504,0.0,0.0
2016-12-29 00:00:00-05:00,9.08125126361249,9.47184312346109,8.788307905209104,8.983603477478027,54184,0.0,0.0
2016-12-30 00:00:00-05:00,8.788306952868574,8.837131198300366,8.25124454498291,8.25124454498291,55489,0.0,0.0
2017-01-03 00:00:00-05:00,8.544185548184776,8.788305298775322,8.30006579759423,8.641833305358887,33521,0.0,0.0
2017-01-04 00:00:00-05:00,8.641834847387843,9.276546455241837,8.5930113177441,9.081250190734863,51587,0.0,0.0
2017-01-05 00:00:00-05:00,9.22772206187228,10.008904961403921,9.22772206187228,9.325369834899902,128569,0.0,0.0
2017-01-06 00:00:00-05:00,9.520665426535748,9.618313192694352,8.983601639697524,9.032425880432129,49252,0.0,0.0
2017-01-09 00:00:00-05:00,9.130076032777724,9.130076032777724,8.397716522216797,8.397716522216797,35533,0.0,0.0
2017-01-10 00:00:00-05:00,8.30006751774051,8.49536378787342,7.811829345995652,8.007124900817871,61834,0.0,0.0
2017-01-11 00:00:00-05:00,8.05595102478706,8.739485686669887,7.811831860341509,8.202423095703125,132901,0.0,0.0
2017-01-12 00:00:00-05:00,8.104773896911954,8.251245942708389,7.6653584748334485,7.811830520629883,57809,0.0,0.0
2017-01-13 00:00:00-05:00,7.811829714983753,9.227722911979235,7.811829714983753,8.49536418914795,297126,0.0,0.0
2017-01-17 00:00:00-05:00,8.495362672434647,8.788305966204602,8.055947374124417,8.104771614074707,66412,0.0,0.0
2017-01-18 00:00:00-05:00,8.202419601522758,10.008904368485195,8.104771834279703,8.934778213500977,302257,0.0,0.0
2017-01-19 00:00:00-05:00,9.032424756804733,9.081248276155119,8.104770736042221,8.153594970703125,154470,0.0,0.0
2017-01-20 00:00:00-05:00,8.690659113917397,9.667137577633763,8.446539319160639,9.276546478271484,239793,0.0,0.0
2017-01-23 00:00:00-05:00,9.764783585826965,9.764783585826965,8.348890749147097,8.641833305358887,120765,0.0,0.0
2017-01-24 00:00:00-05:00,8.690659523010254,8.690659523010254,8.397715469388206,8.690659523010254,49006,0.0,0.0
2017-01-25 00:00:00-05:00,8.54418856739114,8.690660612565486,8.300068730537498,8.397716522216797,42523,0.0,0.0
2017-01-26 00:00:00-05:00,8.446539940480859,8.690659753194863,8.25124509174467,8.49536418914795,28897,0.0,0.0
2017-01-27 00:00:00-05:00,8.397713282765574,8.544185271437767,8.007122982030932,8.153594970703125,56503,0.0,0.0
2017-01-30 00:00:00-05:00,8.055947374124417,8.397714192534067,8.007123849484723,8.104771614074707,55520,0.0,0.0
2017-01-31 00:00:00-05:00,8.348890749147097,9.130072806539978,8.055946762314226,8.641833305358887,283131,0.0,0.0
2017-02-01 00:00:00-05:00,8.98360052214383,8.98360052214383,8.104770736042221,8.153594970703125,100763,0.0,0.0
2017-02-02 00:00:00-05:00,8.153595854024998,8.300066427944083,8.007123849484723,8.104771614074707,28943,0.0,0.0
2017-02-03 00:00:00-05:00,8.202423095703125,8.397717998073015,8.05595102478706,8.202423095703125,25732,0.0,0.0
2017-02-06 00:00:00-05:00,8.104773862489695,8.446540775711842,8.055949608994649,8.397716522216797,56749,0.0,0.0
2017-02-07 00:00:00-05:00,8.300066427944083,8.397714192534067,8.007123849484723,8.104771614074707,44521,0.0,0.0
2017-02-08 00:00:00-05:00,7.9583001136779785,8.055947884453769,7.811828815169613,7.9583001136779785,31309,0.0,0.0
2017-02-09 00:00:00-05:00,8.007124356721194,8.202419898272774,7.811828815169613,7.9583001136779785,16469,0.0,0.0
2017-02-10 00:00:00-05:00,8.055947884453769,8.153596370540198,7.811828815169613,7.9583001136779785,22813,0.0,0.0
2017-02-13 00:00:00-05:00,7.9094774970072095,8.885955317241775,7.9094774970072095,8.49536418914795,211787,0.0,0.0
2017-02-14 00:00:00-05:00,9.178897042782303,9.178897042782303,8.544185548184776,8.641833305358887,78441,0.0,0.0
2017-02-15 00:00:00-05:00,8.593009784427103,8.788305298775322,8.104770998556551,8.641833305358887,67764,0.0,0.0
2017-02-16 00:00:00-05:00,7.9583001136779785,8.690658752151725,7.909476585945403,7.9583001136779785,87551,0.0,0.0
2017-02-17 00:00:00-05:00,8.544187133930828,8.690659154531527,7.909476952156264,8.055948257446289,68394,0.0,0.0
2017-02-21 00:00:00-05:00,8.05594847956243,8.05594847956243,7.763005145594763,7.860652923583984,47086,0.0,0.0
2017-02-22 00:00:00-05:00,7.763004998224386,7.9094770200829885,7.372413178371673,7.567709445953369,40972,0.0,0.0
2017-02-23 00:00:00-05:00,7.763003871160136,7.763003871160136,6.884173298222051,6.981821060180664,62725,0.0,0.0
2017-02-24 00:00:00-05:00,7.030646136213726,7.030646136213726,6.347110936235006,6.688878536224365,54752,0.0,0.0
2017-02-27 00:00:00-05:00,6.7377013906344425,7.079468919862548,6.7377013906344425,6.884173393249512,24826,0.0,0.0
2017-02-28 00:00:00-05:00,6.8353498247056725,7.079469614583158,6.737702051816809,7.030645370483398,25932,0.0,0.0
2017-03-01 00:00:00-05:00,7.177116584097888,7.177116584097888,6.786525536263439,6.981821060180664,22429,0.0,0.0
2017-03-02 00:00:00-05:00,6.884174762477705,6.981822545205882,6.640054948001897,6.835350513458252,25179,0.0,0.0
2017-03-03 00:00:00-05:00,6.688877649904945,6.835349663437823,6.6400541222677445,6.737701892852783,21446,0.0,0.0
2017-03-06 00:00:00-05:00,6.688877058994252,7.030644583504682,6.688877058994252,6.981821060180664,21769,0.0,0.0
2017-03-07 00:00:00-05:00,6.884174442327898,7.030645751953125,6.542406861017877,6.591230392456055,27990,0.0,0.0
2017-03-08 00:00:00-05:00,6.786525536263439,7.2747643460565,6.6400535356702335,6.981821060180664,43660,0.0,0.0
2017-03-09 00:00:00-05:00,7.0306457986457565,7.1771178245544425,6.786526709212212,7.177117824554443,45765,0.0,0.0
2017-03-10 00:00:00-05:00,7.079468822139276,7.079468822139276,6.786525536263439,6.981821060180664,27238,0.0,0.0
2017-03-13 00:00:00-04:00,6.884174762477705,6.884174762477705,6.640054948001897,6.835350513458252,16822,0.0,0.0
2017-03-14 00:00:00-04:00,6.884174762477705,6.884174762477705,6.6888784817106215,6.835350513458252,23151,0.0,0.0
2017-03-15 00:00:00-04:00,6.981821060180663,7.12829306077387,6.7377012976288455,6.981821060180664,28743,0.0,0.0
2017-03-16 00:00:00-04:00,6.932997768559085,8.300067338025135,6.932997768559085,7.518885135650635,288231,0.0,0.0
2017-03-17 00:00:00-04:00,7.811830294788617,7.860653831768735,7.2747663808318945,7.421238422393799,55044,0.0,0.0
2017-03-20 00:00:00-04:00,7.3235900200890605,7.421237801186295,6.737702618194935,6.932998180389404,38130,0.0,0.0
2017-03-21 00:00:00-04:00,6.835348290474442,7.030643792417027,6.6400527885318565,6.786524772644043,32584,0.0,0.0
2017-03-22 00:00:00-04:00,6.786526241740995,6.786526241740995,6.591229982211627,6.640054225921631,21477,0.0,0.0
2017-03-23 00:00:00-04:00,6.591229879319906,6.9329974340228615,6.591229879319906,6.737701892852783,16899,0.0,0.0
2017-03-24 00:00:00-04:00,6.737702730730074,6.981822545205882,6.6888784817106215,6.835350513458252,28267,0.0,0.0
2017-03-27 00:00:00-04:00,6.83534977014035,6.981821785959713,6.591229982211627,6.640054225921631,20110,0.0,0.0
2017-03-28 00:00:00-04:00,6.932998180389405,7.274765771885085,6.6400548370977,6.932998180389404,42293,0.0,0.0
2017-03-29 00:00:00-04:00,7.177117243715445,7.909476598678855,6.884173930916465,7.2747650146484375,75998,0.0,0.0
2017-03-30 00:00:00-04:00,7.421236818763604,7.811828606756752,7.030645030770456,7.128293514251709,38836,0.0,0.0
2017-03-31 00:00:00-04:00,7.274765160360885,7.323589404460644,6.884174068805431,7.030645370483398,12275,0.0,0.0
2017-04-03 00:00:00-04:00,6.932996041445734,7.225940009670107,6.6400527885318565,6.786524772644043,29988,0.0,0.0
2017-04-04 00:00:00-04:00,6.688878536224365,6.7865270350590965,6.640055002117733,6.688878536224365,11169,0.0,0.0
2017-04-05 00:00:00-04:00,6.640054225921631,6.932997542249709,6.444758681702913,6.640054225921631,16008,0.0,0.0
2017-04-06 00:00:00-04:00,6.542406861017877,6.786526664140848,6.444759082830828,6.591230392456055,17221,0.0,0.0
2017-04-07 00:00:00-04:00,6.591230392456055,6.737702417391977,6.102991501520807,6.591230392456055,37254,0.0,0.0
2017-04-10 00:00:00-04:00,6.395934934526025,7.323589914547189,6.395934934526025,7.225942134857178,44398,0.0,0.0
2017-04-11 00:00:00-04:00,7.22594235968169,7.323590142409867,6.737702730730074,6.835350513458252,15516,0.0,0.0
2017-04-12 00:00:00-04:00,6.786524772644043,6.932996041445734,6.6400527885318565,6.786524772644043,9540,0.0,0.0
2017-04-13 00:00:00-04:00,7.079468822139276,7.079468822139276,6.6400535356702335,6.981821060180664,17436,0.0,0.0
2017-04-17 00:00:00-04:00,6.83535039929217,7.17711799078785,6.6888783699909595,6.932998180389404,14656,0.0,0.0
2017-04-18 00:00:00-04:00,6.737701892852784,6.9329974340228615,6.688877649904945,6.737701892852783,3948,0.0,0.0
2017-04-19 00:00:00-04:00,6.68887715132589,6.884173393249512,6.68887715132589,6.884173393249512,11245,0.0,0.0
2017-04-20 00:00:00-04:00,6.884174762477705,7.030646078914607,6.6888784817106215,6.835350513458252,10892,0.0,0.0
2017-04-21 00:00:00-04:00,6.786524772644043,6.932996041445734,6.591228555390963,6.786524772644043,16760,0.0,0.0
2017-04-24 00:00:00-04:00,6.786526979749527,6.884174762477705,6.493582916254267,6.835350513458252,14103,0.0,0.0
2017-04-25 00:00:00-04:00,6.835350569165729,6.835350569165729,6.542407218593735,6.688878536224365,16023,0.0,0.0
2017-04-26 00:00:00-04:00,6.688877754320986,6.884174013850354,6.640054225921631,6.640054225921631,12090,0.0,0.0
2017-04-27 00:00:00-04:00,6.83534977014035,6.83534977014035,6.542406453812272,6.640054225921631,14825,0.0,0.0
2017-04-28 00:00:00-04:00,6.542406861017877,6.737702417391977,6.542406861017877,6.591230392456055,4609,0.0,0.0
2017-05-01 00:00:00-04:00,6.786526979749527,6.835350513458252,6.542407165273719,6.835350513458252,10109,0.0,0.0
2017-05-02 00:00:00-04:00,6.737701892852784,6.835349663437823,6.737701892852784,6.737701892852783,4593,0.0,0.0
2017-05-03 00:00:00-04:00,6.737700539503149,6.835348290474442,6.737700539503149,6.786524772644043,1797,0.0,0.0
2017-05-04 00:00:00-04:00,6.786526241740995,6.83534977014035,6.591229982211627,6.640054225921631,4286,0.0,0.0
2017-05-05 00:00:00-04:00,6.591228555390963,6.8841725236153355,6.591228555390963,6.786524772644043,4133,0.0,0.0
2017-05-08 00:00:00-04:00,6.835349339730571,6.835349339730571,6.249462028656046,6.347109794616699,18435,0.0,0.0
2017-05-09 00:00:00-04:00,6.395934581756592,6.493582356060815,6.298286807452368,6.395934581756592,4609,0.0,0.0
2017-05-10 00:00:00-04:00,6.542407207722309,6.591230741747812,6.20063960830086,6.298287391662598,6529,0.0,0.0
2017-05-11 00:00:00-04:00,6.298286472066375,6.444758483378355,6.05416669164995,6.1518144607543945,16238,0.0,0.0
2017-05-12 00:00:00-04:00,6.835350166288303,6.835350166288303,5.517104451101362,5.565927982330322,37761,0.0,0.0
2017-05-15 00:00:00-04:00,5.7123998039716986,6.68887790466926,5.7123998039716986,6.395934581756592,43998,0.0,0.0
2017-05-16 00:00:00-04:00,6.298285849047761,6.6888768868287585,6.054166092779359,6.542405605316162,18404,0.0,0.0
2017-05-17 00:00:00-04:00,6.444758581097667,6.786526135800623,6.249462324616951,6.737701892852783,14364,0.0,0.0
2017-05-18 00:00:00-04:00,6.493582902501808,6.542407151417859,6.298287337459061,6.444759368896484,3733,0.0,0.0
2017-05-19 00:00:00-04:00,6.444759424360571,6.542407207722309,6.249463142326363,6.298287391662598,3917,0.0,0.0
2017-05-22 00:00:00-04:00,6.249462028656046,6.493581801212982,6.151814262695392,6.347109794616699,3026,0.0,0.0
2017-05-23 00:00:00-04:00,6.298286472066375,6.298286472066375,6.102990933857486,6.1518144607543945,6698,0.0,0.0
2017-05-24 00:00:00-04:00,6.102990834078873,6.493581904110825,6.102990834078873,6.249462127685547,7389,0.0,0.0
2017-05-25 00:00:00-04:00,6.249462127685547,6.347109895193535,6.151814360177559,6.249462127685547,7343,0.0,0.0
2017-05-26 00:00:00-04:00,6.20063870296193,6.20063870296193,6.102990933857486,6.1518144607543945,5100,0.0,0.0
2017-05-30 00:00:00-04:00,6.151815113036846,6.200639360421261,6.05416733357872,6.102991580963135,3226,0.0,0.0
2017-05-31 00:00:00-04:00,6.102991824939122,6.298287391662598,6.054167575602887,6.298287391662598,8680,0.0,0.0
2017-06-01 00:00:00-04:00,6.200638503331022,6.444758275887957,6.200638503331022,6.347109794616699,4332,0.0,0.0
2017-06-02 00:00:00-04:00,6.200638601586861,6.298286369094849,6.200638601586861,6.249462127685547,1552,0.0,0.0
2017-06-05 00:00:00-04:00,6.298287509926734,6.444759545375041,6.200639724731445,6.200639724731445,2719,0.0,0.0
2017-06-06 00:00:00-04:00,6.444758378012139,6.444758378012139,6.102990834078873,6.249462127685547,10892,0.0,0.0
2017-06-07 00:00:00-04:00,6.24946282754703,6.24946282754703,6.0541672706604,6.0541672706604,8357,0.0,0.0
2017-06-08 00:00:00-04:00,6.054167575602887,6.395935175024336,6.005343326266652,6.298287391662598,6007,0.0,0.0
2017-06-09 00:00:00-04:00,6.249462127685547,6.395934136602837,6.151814360177559,6.249462127685547,4010,0.0,0.0
2017-06-12 00:00:00-04:00,6.200638503331022,6.395934035252329,6.200638503331022,6.347109794616699,5408,0.0,0.0
2017-06-13 00:00:00-04:00,6.347109895193535,6.347109895193535,6.102990834078873,6.249462127685547,2704,0.0,0.0
2017-06-14 00:00:00-04:00,6.249462229858839,6.249462229858839,6.1518144607543945,6.1518144607543945,2366,0.0,0.0
2017-06-15 00:00:00-04:00,6.20063870296193,6.640054021587244,6.102990933857486,6.1518144607543945,72465,0.0,0.0
2017-06-16 00:00:00-04:00,6.151815474478428,6.249463259673717,6.102991939536157,6.200639724731445,5976,0.0,0.0
2017-06-19 00:00:00-04:00,6.249463259673717,6.347111044869006,6.102991939536157,6.200639724731445,4870,0.0,0.0
2017-06-20 00:00:00-04:00,6.15181400719631,6.249461769101426,5.956518483386079,6.00534200668335,10539,0.0,0.0
2017-06-21 00:00:00-04:00,6.054166831279476,6.054166831279476,5.9076948165893555,5.9076948165893555,11783,0.0,0.0
2017-06-22 00:00:00-04:00,6.054166592669571,6.298286369094849,5.956518825161583,6.249462127685547,10370,0.0,0.0
2017-06-23 00:00:00-04:00,6.298287391662598,6.347110925688101,6.20063960830086,6.298287391662598,7528,0.0,0.0
2017-06-26 00:00:00-04:00,6.249462127685547,6.298286369094849,6.200638601586861,6.249462127685547,5315,0.0,0.0
2017-06-27 00:00:00-04:00,6.347109794616699,6.395934035252329,6.249462028656046,6.347109794616699,7205,0.0,0.0
2017-06-28 00:00:00-04:00,6.298287509926734,6.347111044869006,6.054167689283139,6.200639724731445,11829,0.0,0.0
2017-06-29 00:00:00-04:00,6.151815474478428,6.395935295122023,6.054167689283139,6.200639724731445,7236,0.0,0.0
2017-06-30 00:00:00-04:00,6.200639724731445,6.298287509926734,6.102991939536157,6.200639724731445,8311,0.0,0.0
2017-07-03 00:00:00-04:00,6.395935175024336,6.395935175024336,6.20063960830086,6.298287391662598,3026,0.0,0.0
2017-07-05 00:00:00-04:00,6.395934035252329,6.395934035252329,6.151814262695392,6.347109794616699,3902,0.0,0.0
2017-07-06 00:00:00-04:00,6.1518144607543945,6.347109998963283,6.102990933857486,6.1518144607543945,14902,0.0,0.0
2017-07-07 00:00:00-04:00,6.200639360421261,6.2494628924949716,6.102991580963135,6.102991580963135,5285,0.0,0.0
2017-07-10 00:00:00-04:00,6.2494628924949716,6.2494628924949716,6.102991580963135,6.102991580963135,7681,0.0,0.0
2017-07-11 00:00:00-04:00,6.200638601586861,6.347109895193535,6.151814360177559,6.249462127685547,12505,0.0,0.0
2017-07-12 00:00:00-04:00,6.151813852224608,7.177116399365562,6.151813852224608,6.542405605316162,55996,0.0,0.0
2017-07-13 00:00:00-04:00,6.591229879319906,6.786526135800623,6.29828656756479,6.737701892852783,12290,0.0,0.0
2017-07-14 00:00:00-04:00,6.688878467544557,6.83535049898198,6.249463088543011,6.444759368896484,8833,0.0,0.0
2017-07-17 00:00:00-04:00,6.444759435069737,6.737702785641731,6.444759435069737,6.688878536224365,4486,0.0,0.0
2017-07-18 00:00:00-04:00,6.688878536224365,6.7865270350590965,6.591230752700367,6.688878536224365,2642,0.0,0.0
2017-07-19 00:00:00-04:00,6.591230021377336,6.591230021377336,6.3471102319980295,6.493582248687744,3718,0.0,0.0
2017-07-20 00:00:00-04:00,6.542405605316162,6.737701124206661,6.347109371115107,6.542405605316162,2381,0.0,0.0
2017-07-21 00:00:00-04:00,6.493581367938259,7.079468639920313,6.347109371115107,6.542405605316162,28037,0.0,0.0
2017-07-24 00:00:00-04:00,6.395935119980435,7.030646064024729,6.395935119980435,6.444759368896484,1290,0.0,0.0
2017-07-25 00:00:00-04:00,6.395934437992908,6.786526241740995,6.395934437992908,6.640054225921631,5822,0.0,0.0
2017-07-26 00:00:00-04:00,6.640054225921631,6.688877754320986,6.542406453812272,6.640054225921631,2688,0.0,0.0
2017-07-27 00:00:00-04:00,6.591230392456055,6.835350195579026,6.542406861017877,6.591230392456055,7082,0.0,0.0
2017-07-28 00:00:00-04:00,6.981822602107093,6.981822602107093,6.688878536224365,6.688878536224365,1275,0.0,0.0
2017-07-31 00:00:00-04:00,6.737702149476704,6.737702149476704,6.395934581756592,6.395934581756592,6222,0.0,0.0
2017-08-01 00:00:00-04:00,6.249463101778459,6.835350513458252,6.200639568069734,6.835350513458252,6268,0.0,0.0
2017-08-02 00:00:00-04:00,6.786526979749527,6.884174762477705,6.786526979749527,6.835350513458252,3841,0.0,0.0
2017-08-03 00:00:00-04:00,6.737702774445785,6.78652702378202,6.249463142326363,6.298287391662598,5684,0.0,0.0
2017-08-04 00:00:00-04:00,6.444759368896485,6.640054933939233,6.395935119980435,6.444759368896484,2519,0.0,0.0
2017-08-07 00:00:00-04:00,6.444757845870913,6.591229127383508,6.444757845870913,6.542405605316162,2842,0.0,0.0
2017-08-08 00:00:00-04:00,6.395934136602837,6.591229671618813,6.249462127685547,6.249462127685547,2366,0.0,0.0
2017-08-09 00:00:00-04:00,6.102991772416313,6.786526965376656,6.102991772416313,6.444759368896484,6007,0.0,0.0
2017-08-10 00:00:00-04:00,6.347110336949147,6.444758826564036,6.298286807452368,6.395934581756592,2443,0.0,0.0
2017-08-11 00:00:00-04:00,6.5912306850231825,6.688878467544557,6.200639554937687,6.444759368896484,9648,0.0,0.0
2017-08-14 00:00:00-04:00,6.5912306850231825,6.688878467544557,6.347110871064385,6.444759368896484,2089,0.0,0.0
2017-08-15 00:00:00-04:00,6.493583080317312,6.68887865070789,6.151815474478428,6.200639724731445,3672,0.0,0.0
2017-08-16 00:00:00-04:00,6.347110336949147,6.493582356060815,6.347110336949147,6.395934581756592,3979,0.0,0.0
2017-08-17 00:00:00-04:00,6.347110925688101,6.640054991084048,6.20063960830086,6.298287391662598,3702,0.0,0.0
2017-08-18 00:00:00-04:00,6.298287391662598,6.444759424360571,6.151815358964625,6.298287391662598,4855,0.0,0.0
2017-08-21 00:00:00-04:00,6.347109794616699,6.640053807809264,6.347109794616699,6.347109794616699,2688,0.0,0.0
2017-08-22 00:00:00-04:00,6.347109794616699,6.444758275887957,6.298286269291675,6.347109794616699,2166,0.0,0.0
2017-08-23 00:00:00-04:00,6.347109371115107,6.542405605316162,6.249461611669857,6.542405605316162,1582,0.0,0.0
2017-08-24 00:00:00-04:00,6.591229879319906,6.9329974340228615,6.395934338149829,6.737701892852783,17498,0.0,0.0
2017-08-25 00:00:00-04:00,6.786526664106898,7.421237579974892,6.786526664106898,7.32358980178833,22322,0.0,0.0
2017-08-28 00:00:00-04:00,7.372412577022978,7.421236818763604,7.079469272511083,7.128293514251709,13580,0.0,0.0
2017-08-29 00:00:00-04:00,7.225942238991825,7.3235900200890605,6.884174647496145,6.932998180389404,9371,0.0,0.0
2017-08-30 00:00:00-04:00,6.981821060180663,7.12829306077387,6.981821060180663,6.981821060180664,2919,0.0,0.0
2017-08-31 00:00:00-04:00,6.981822327976798,7.421237694237201,6.981822327976798,7.225942134857178,6928,0.0,0.0
2017-09-01 00:00:00-04:00,7.079469998666581,7.323589801788331,7.030645751917953,7.32358980178833,6990,0.0,0.0
2017-09-05 00:00:00-04:00,7.323589850463129,7.421237629298687,7.079470045718885,7.177117824554443,18604,0.0,0.0
2017-09-06 00:00:00-04:00,7.2747653397603536,8.055948257446289,7.2747653397603536,8.055948257446289,41525,0.0,0.0
2017-09-07 00:00:00-04:00,7.811830520629882,8.39771655788323,7.567710682739424,7.811830520629883,17114,0.0,0.0
2017-09-08 00:00:00-04:00,7.6165342211310385,8.153598150614364,7.6165342211310385,7.811830520629883,1920,0.0,0.0
2017-09-11 00:00:00-04:00,7.860652727460599,8.495363626209846,7.616532930922989,8.25124454498291,8065,0.0,0.0
2017-09-12 00:00:00-04:00,8.055946762314226,8.641833305358887,8.007123241382441,8.641833305358887,27929,0.0,0.0
2017-09-13 00:00:00-04:00,8.641834361206634,8.934778383831015,8.300066811685276,8.54418659210205,15025,0.0,0.0
2017-09-14 00:00:00-04:00,8.641836359070439,8.739484150749737,8.348893699343337,8.397716522216797,7866,0.0,0.0
2017-09-15 00:00:00-04:00,8.397716522216797,8.446540775711842,8.300068730537498,8.397716522216797,6944,0.0,0.0
2017-09-18 00:00:00-04:00,8.348892596029831,8.348892596029831,7.81182945511166,7.909477233886719,8342,0.0,0.0
2017-09-19 00:00:00-04:00,7.909478312723906,8.00712610481793,7.811830520629882,7.811830520629883,2965,0.0,0.0
2017-09-20 00:00:00-04:00,7.9583005030135086,8.495363626209846,7.811829197339482,8.25124454498291,4409,0.0,0.0
2017-09-21 00:00:00-04:00,8.251245907664039,8.641836359070439,8.104773862489695,8.397716522216797,7251,0.0,0.0
2017-09-22 00:00:00-04:00,8.348891906256743,8.446538961653648,8.202419892540107,8.300066947937012,2519,0.0,0.0
2017-09-25 00:00:00-04:00,8.202420570211894,8.300067633676253,7.714180961025903,7.909477233886719,6759,0.0,0.0
2017-09-26 00:00:00-04:00,8.104771614074707,8.251243618614982,8.055947374124417,8.104771614074707,3564,0.0,0.0
2017-09-27 00:00:00-04:00,8.251244141315988,8.251244141315988,7.909476585945403,7.9583001136779785,2566,0.0,0.0
2017-09-28 00:00:00-04:00,8.153596924589879,8.49536378787342,8.007124900817871,8.007124900817871,6544,0.0,0.0
2017-09-29 00:00:00-04:00,8.153594970703125,8.153594970703125,8.007122982030932,8.153594970703125,999,0.0,0.0
2017-10-02 00:00:00-04:00,8.300067849223497,8.69065968977784,8.300067849223497,8.446539878845215,13411,0.0,0.0
2017-10-03 00:00:00-04:00,8.495364660769326,8.93478006192445,8.30006837056979,8.885955810546875,52663,0.0,0.0
2017-10-04 00:00:00-04:00,8.983603138260776,9.618314797134449,8.15359734511391,9.471842765808105,39820,0.0,0.0
2017-10-05 00:00:00-04:00,9.276546228955668,10.155376894212074,9.276546228955668,9.618313789367676,27115,0.0,0.0
2017-10-06 00:00:00-04:00,9.618314047868813,9.764785352474332,9.276546478271484,9.276546478271484,5070,0.0,0.0
2017-10-09 00:00:00-04:00,9.13007364659073,9.471841185801145,8.983601639697524,9.032425880432129,4163,0.0,0.0
2017-10-10 00:00:00-04:00,8.837130348114922,9.227721412749334,8.544186334328508,9.032425880432129,6575,0.0,0.0
2017-10-11 00:00:00-04:00,8.934780437843578,9.081251767517367,8.544188556321627,8.593012809753418,3672,0.0,0.0
2017-10-12 00:00:00-04:00,8.83713178388541,8.885955317241775,8.49536418914795,8.49536418914795,4870,0.0,0.0
2017-10-13 00:00:00-04:00,8.690657598519769,9.032425108522796,8.49536208289248,8.837129592895508,5500,0.0,0.0
2017-10-16 00:00:00-04:00,9.27654565348394,9.27654565348394,8.788306107380318,9.032425880432129,2857,0.0,0.0
2017-10-17 00:00:00-04:00,9.130075636813224,9.325371211702,8.6906602356581,8.885955810546875,4102,0.0,0.0
2017-10-18 00:00:00-04:00,8.788305356333414,8.934777350709151,8.348890803827288,8.837129592895508,3057,0.0,0.0
2017-10-19 00:00:00-04:00,8.788305356333414,8.934777350709151,8.593009840706126,8.837129592895508,3733,0.0,0.0
2017-10-20 00:00:00-04:00,8.837131549821278,9.227722667569736,8.54418749619923,8.690659523010254,9018,0.0,0.0
2017-10-23 00:00:00-04:00,8.885954641538559,9.227722210287427,8.885954641538559,9.081250190734863,2765,0.0,0.0
2017-10-24 00:00:00-04:00,9.08125126361249,9.178899765057704,8.983603477478027,8.983603477478027,5961,0.0,0.0
2017-10-25 00:00:00-04:00,8.983603597991262,9.520667501901537,8.641835984280526,8.885955810546875,8864,0.0,0.0
2017-10-26 00:00:00-04:00,8.885954141623408,9.032426152935598,8.300066811685276,8.54418659210205,9049,0.0,0.0
2017-10-27 00:00:00-04:00,8.544185548184776,8.837129535017649,8.544185548184776,8.641833305358887,2074,0.0,0.0
2017-10-30 00:00:00-04:00,8.837130446257921,8.983601739467197,8.495362903251923,8.934778213500977,3779,0.0,0.0
2017-10-31 00:00:00-04:00,8.83713215593171,9.032427728200636,8.788307905209104,8.983603477478027,5408,0.0,0.0
2017-11-01 00:00:00-04:00,8.837129535017649,9.178897042782303,8.641833305358887,8.641833305358887,4947,0.0,0.0
2017-11-02 00:00:00-04:00,8.544188556321627,8.885956184411787,8.544188556321627,8.593012809753418,1521,0.0,0.0
2017-11-03 00:00:00-04:00,8.544186935368261,11.08303189532909,8.544186935368261,9.325369834899902,202048,0.0,0.0
2017-11-06 00:00:00-05:00,9.813609705653294,11.815390184901899,9.13007455892905,10.25302505493164,171722,0.0,0.0
2017-11-07 00:00:00-05:00,11.961863394894529,13.328933108856639,10.741265717014723,11.278328895568848,275511,0.0,0.0
2017-11-08 00:00:00-05:00,11.22950306053058,11.424798591768532,9.032425830516532,10.497143745422363,69239,0.0,0.0
2017-11-09 00:00:00-05:00,10.301850900141675,10.69244206445473,9.813611229439568,10.594794273376465,19679,0.0,0.0
2017-11-10 00:00:00-05:00,11.27832734766429,12.05950952539385,9.276546228955668,9.618313789367676,86291,0.0,0.0
2017-11-13 00:00:00-05:00,8.934778383831015,9.374193702456955,8.54418659210205,8.54418659210205,40265,0.0,0.0
2017-11-14 00:00:00-05:00,8.300066653455199,9.374193523750032,7.079469205261704,8.934778213500977,35902,0.0,0.0
2017-11-15 00:00:00-05:00,8.93477888649297,9.325369984885578,8.885954641538559,9.081250190734863,6606,0.0,0.0
2017-11-16 00:00:00-05:00,9.032425108522796,9.178897102898533,8.251243046013643,8.837129592895508,8880,0.0,0.0
2017-11-17 00:00:00-05:00,9.520665847930518,9.76478491647669,9.130074050697493,9.667137145996094,19019,0.0,0.0
2017-11-20 00:00:00-05:00,9.52066707611084,9.715962642265454,9.423018577722802,9.52066707611084,5500,0.0,0.0
2017-11-21 00:00:00-05:00,9.471842826916822,9.715962642265454,9.325370794645496,9.52066707611084,3180,0.0,0.0
2017-11-22 00:00:00-05:00,9.715961822709383,9.715961822709383,9.032426683514727,9.276546478271484,6406,0.0,0.0
2017-11-24 00:00:00-05:00,9.325369178907938,9.374193419642541,8.934778114273525,9.032425880432129,2980,0.0,0.0
2017-11-27 00:00:00-05:00,9.374192618525822,9.374192618525822,8.300065851954647,8.837129592895508,18158,0.0,0.0
2017-11-28 00:00:00-05:00,8.837131083326465,8.885954612812371,8.104772418552528,8.348892211914062,11737,0.0,0.0
2017-11-29 00:00:00-05:00,8.25124503153412,8.641835441467029,8.25124503153412,8.446539878845215,4547,0.0,0.0
2017-11-30 00:00:00-05:00,8.348892652635703,8.739483055073459,8.348892652635703,8.690659523010254,2059,0.0,0.0
2017-12-01 00:00:00-05:00,8.788305298775322,8.983600813123543,8.495362027252993,8.641833305358887,5269,0.0,0.0
2017-12-04 00:00:00-05:00,8.495363964136024,8.885955081884484,8.495363964136024,8.690659523010254,4086,0.0,0.0
2017-12-05 00:00:00-05:00,8.739481866645713,9.227721412749334,8.739481866645713,9.032425880432129,13965,0.0,0.0
2017-12-06 00:00:00-05:00,8.739481994816444,8.934778245308413,8.739481994816444,8.78830623626709,6191,0.0,0.0
2017-12-07 00:00:00-05:00,8.788307302447368,9.471842473817876,8.690659523010254,8.690659523010254,13381,0.0,0.0
2017-12-08 00:00:00-05:00,9.276546455241837,9.276546455241837,8.788306866940406,9.081250190734863,4010,0.0,0.0
2017-12-11 00:00:00-05:00,8.93477895044347,9.227722276334662,8.788306929842536,9.130074501037598,3595,0.0,0.0
2017-12-12 00:00:00-05:00,9.227723424257613,9.520667501901537,8.837132274480062,8.885955810546875,12152,0.0,0.0
2017-12-13 00:00:00-05:00,9.130075636813224,9.130075636813224,8.739483771724913,8.885955810546875,5054,0.0,0.0
2017-12-14 00:00:00-05:00,8.885954003857767,8.885954003857767,8.348891639764352,8.78830623626709,9878,0.0,0.0
2017-12-15 00:00:00-05:00,8.885954003857767,8.885954003857767,8.348891639764352,8.78830623626709,12382,0.0,0.0
2017-12-18 00:00:00-05:00,8.690659753194863,8.885955317241775,8.49536418914795,8.49536418914795,5039,0.0,0.0
2017-12-19 00:00:00-05:00,8.495362027252993,8.739481062532997,8.495362027252993,8.641833305358887,4855,0.0,0.0
2017-12-20 00:00:00-05:00,8.593010834309656,8.641834361206634,8.495363065205073,8.54418659210205,4010,0.0,0.0
2017-12-21 00:00:00-05:00,8.54418659210205,8.83713061472643,8.495363065205073,8.54418659210205,7988,0.0,0.0
2017-12-22 00:00:00-05:00,8.593010437024633,8.690658201614617,7.567708551174492,8.104771614074707,8926,0.0,0.0
2017-12-26 00:00:00-05:00,8.300066947937012,8.49536320466274,8.300066947937012,8.300066947937012,7128,0.0,0.0
2017-12-27 00:00:00-05:00,8.446540775711842,8.593012820886187,8.348893699343337,8.397716522216797,9079,0.0,0.0
2017-12-28 00:00:00-05:00,8.593011971171405,8.690659753194863,8.446539940480859,8.49536418914795,1966,0.0,0.0
2017-12-29 00:00:00-05:00,8.446538961653648,8.641834503068736,8.300066947937012,8.300066947937012,10016,0.0,0.0
2018-01-02 00:00:00-05:00,8.544185548184776,8.739481062532997,8.251242991972987,8.641833305358887,3103,0.0,0.0
2018-01-03 00:00:00-05:00,8.59301157107859,8.788307126032493,8.104772683693835,8.739482879638672,16730,0.0,0.0
2018-01-04 00:00:00-05:00,8.788306372518825,8.788306372518825,8.300066811685276,8.54418659210205,2105,0.0,0.0
2018-01-05 00:00:00-05:00,8.397715300814,8.788307126032493,8.397715300814,8.739482879638672,661,0.0,0.0
2018-01-08 00:00:00-05:00,8.690660601306208,8.788308392858998,8.495365018200628,8.593012809753418,4547,0.0,0.0
2018-01-09 00:00:00-05:00,8.641836347874417,8.788308392858998,8.446540764768837,8.593012809753418,4732,0.0,0.0
2018-01-10 00:00:00-05:00,8.446539940480859,8.788307535218319,8.39771569181377,8.49536418914795,2980,0.0,0.0
2018-01-11 00:00:00-05:00,8.54418856739114,8.739484150749737,8.348893699343337,8.397716522216797,3748,0.0,0.0
2018-01-12 00:00:00-05:00,8.446540775711842,8.739484150749737,8.348893699343337,8.397716522216797,4947,0.0,0.0
2018-01-16 00:00:00-05:00,8.348890478725705,8.446537517426478,8.153594970703125,8.153594970703125,2258,0.0,0.0
2018-01-17 00:00:00-05:00,8.15359674805387,8.300067338033223,8.055948257446289,8.055948257446289,3656,0.0,0.0
2018-01-18 00:00:00-05:00,7.909478312723906,8.202421689005979,7.4700628906454005,7.811830520629883,10539,0.0,0.0
2018-01-19 00:00:00-05:00,7.909477439290589,8.54418766015612,7.909477439290589,8.446539878845215,2996,0.0,0.0
2018-01-22 00:00:00-05:00,8.495363543145949,9.178898680643684,8.495363543145949,9.081250190734863,12136,0.0,0.0
2018-01-23 00:00:00-05:00,8.641834100487111,9.520665426535748,8.641834100487111,9.032425880432129,9279,0.0,0.0
2018-01-24 00:00:00-05:00,8.837131071367406,9.325369942119087,8.837131071367406,9.22772216796875,3472,0.0,0.0
2018-01-25 00:00:00-05:00,9.374193523750032,9.52066553226992,8.495362903251923,8.934778213500977,6591,0.0,0.0
2018-01-26 00:00:00-05:00,8.739481119771318,9.081248629774345,8.739481119771318,8.837129592895508,1613,0.0,0.0
2018-01-29 00:00:00-05:00,8.78830623626709,8.983601771448445,8.739481994816444,8.78830623626709,1475,0.0,0.0
2018-01-30 00:00:00-05:00,8.78830623626709,9.03242601289909,8.78830623626709,8.78830623626709,691,0.0,0.0
2018-01-31 00:00:00-05:00,8.934778213500977,9.032425980744032,8.788306204981087,8.934778213500977,1091,0.0,0.0
2018-02-01 00:00:00-05:00,8.934777350709151,8.983600871960702,8.788305356333414,8.837129592895508,292,0.0,0.0
2018-02-02 00:00:00-05:00,8.837129592895508,8.934777350709151,8.397713609768292,8.837129592895508,2519,0.0,0.0
2018-02-05 00:00:00-05:00,8.885953055949432,8.885953055949432,8.495362027252993,8.641833305358887,1506,0.0,0.0
2018-02-06 00:00:00-05:00,8.544185548184776,8.739481062532997,8.446537791010666,8.641833305358887,5638,0.0,0.0
2018-02-07 00:00:00-05:00,8.788305298775322,8.788305298775322,8.641833305358887,8.641833305358887,2888,0.0,0.0
2018-02-08 00:00:00-05:00,8.593011908466933,8.593011908466933,8.300067849223497,8.446539878845215,3195,0.0,0.0
2018-02-09 00:00:00-05:00,8.300068730537498,8.54418856739114,8.055949608994649,8.397716522216797,5146,0.0,0.0
2018-02-12 00:00:00-05:00,8.397716522216797,8.397716522216797,8.15359811598474,8.397716522216797,1552,0.0,0.0
2018-02-13 00:00:00-05:00,8.348890749147097,8.641833305358887,8.348890749147097,8.641833305358887,1813,0.0,0.0
2018-02-14 00:00:00-05:00,8.495364546765868,9.178899765014648,8.495364546765868,9.178899765014648,5792,0.0,0.0
2018-02-15 00:00:00-05:00,9.178898638548915,9.22772216796875,8.495363504185896,9.22772216796875,2443,0.0,0.0
2018-02-16 00:00:00-05:00,9.227721412749334,9.227721412749334,8.641834100487111,9.032425880432129,2504,0.0,0.0
2018-02-20 00:00:00-05:00,9.22772330046956,9.37419533732663,8.690660119074641,8.983603477478027,7574,0.0,0.0
2018-02-21 00:00:00-05:00,8.934777350709151,8.983600871960702,8.49536208289248,8.837129592895508,2212,0.0,0.0
2018-02-22 00:00:00-05:00,8.98360241613671,9.178898680643684,8.93477888649297,9.081250190734863,2581,0.0,0.0
2018-02-23 00:00:00-05:00,9.227723300426275,9.227723300426275,8.934779942024262,9.178899765014648,1459,0.0,0.0
2018-02-26 00:00:00-05:00,9.22772216796875,9.22772216796875,9.081250149087914,9.22772216796875,2458,0.0,0.0
2018-02-27 00:00:00-05:00,9.227722233195864,9.423017782877004,9.227722233195864,9.276546478271484,2381,0.0,0.0
2018-02-28 00:00:00-05:00,9.374195337282657,9.374195337282657,8.885955691301884,9.178899765014648,2274,0.0,0.0
2018-03-01 00:00:00-05:00,9.032426683514727,9.520666273028244,8.934778908674156,9.276546478271484,4947,0.0,0.0
2018-03-02 00:00:00-05:00,9.130074186046517,9.61831376099806,9.032426414118339,9.423017501831055,6191,0.0,0.0
2018-03-05 00:00:00-05:00,10.008904878232455,10.204201137975495,9.32536975740844,9.618313789367676,20847,0.0,0.0
2018-03-06 00:00:00-05:00,9.618316134035595,10.008907318115234,9.471844082350318,10.008907318115234,20171,0.0,0.0
2018-03-07 00:00:00-05:00,9.91125696127247,10.25302451669331,9.764784947431927,9.862433433532715,8926,0.0,0.0
2018-03-08 00:00:00-05:00,9.813608822633542,10.350671899503656,9.813608822633542,10.106552124023438,1183,0.0,0.0
2018-03-09 00:00:00-05:00,9.813609304854417,10.057729092330188,9.423017501831055,9.423017501831055,5300,0.0,0.0
2018-03-12 00:00:00-04:00,9.520669209320733,10.448323714061637,9.520669209320733,10.204204559326172,9417,0.0,0.0
2018-03-13 00:00:00-04:00,10.399497076461314,10.399497076461314,9.71596192973707,10.25302505493164,2581,0.0,0.0
2018-03-14 00:00:00-04:00,10.25302527713421,10.49714507987065,9.667137893628896,10.057729721069336,3257,0.0,0.0
2018-03-15 00:00:00-04:00,9.862435282783775,10.350674228281521,9.667138989273901,9.813611030578613,2950,0.0,0.0
2018-03-16 00:00:00-04:00,9.862432911243724,10.59479151104134,9.764784430314146,10.497143745422363,9740,0.0,0.0
2018-03-19 00:00:00-04:00,10.497144633388837,10.69244018114708,10.05772929327746,10.448320388793945,1521,0.0,0.0
2018-03-20 00:00:00-04:00,10.497144852377538,10.594792628293762,10.008905257485742,10.25302505493164,3441,0.0,0.0
2018-03-21 00:00:00-04:00,10.59479151104134,10.643615751506127,10.399495979803389,10.497143745422363,3856,0.0,0.0
2018-03-22 00:00:00-04:00,10.497144412972421,11.131855287514542,10.155376853916515,10.985383987426758,26869,0.0,0.0
2018-03-23 00:00:00-04:00,11.083032658075467,11.180680437823316,10.497145264277663,10.93656063079834,5454,0.0,0.0
2018-03-26 00:00:00-04:00,11.034207515685804,11.034207515685804,10.497144412972421,10.985383987426758,4133,0.0,0.0
2018-03-27 00:00:00-04:00,10.790087979830627,10.790087979830627,10.399496883416244,10.643616676330566,3656,0.0,0.0
2018-03-28 00:00:00-04:00,10.887737564470946,10.887737564470946,10.253025895984267,10.54596996307373,11000,0.0,0.0
2018-03-29 00:00:00-04:00,10.448319504957576,10.741263517125104,10.448319504957576,10.497143745422363,3795,0.0,0.0
2018-04-02 00:00:00-04:00,10.497145770294827,10.692441339204791,10.155378167047019,10.399497985839844,4824,0.0,0.0
2018-04-03 00:00:00-04:00,10.497144633388837,10.54596887798373,10.253024841035703,10.448320388793945,3902,0.0,0.0
2018-04-04 00:00:00-04:00,10.643616873907213,10.643616873907213,10.25302505493164,10.25302505493164,1982,0.0,0.0
2018-04-05 00:00:00-04:00,10.497145770294827,10.497145770294827,10.253025951502002,10.399497985839844,3165,0.0,0.0
2018-04-06 00:00:00-04:00,10.301850201384863,10.545970020177688,10.253025951502002,10.399497985839844,3810,0.0,0.0
2018-04-09 00:00:00-04:00,10.49714686180003,10.594794656408538,10.301851272583008,10.301851272583008,1275,0.0,0.0
2018-04-10 00:00:00-04:00,10.448321463836752,10.643617746999974,10.253025895984267,10.54596996307373,9233,0.0,0.0
2018-04-11 00:00:00-04:00,10.643615781172512,10.643615781172512,9.813608698131885,10.350671768188477,10953,0.0,0.0
2018-04-12 00:00:00-04:00,10.155378167047019,10.497145770294827,10.155378167047019,10.399497985839844,753,0.0,0.0
2018-04-13 00:00:00-04:00,10.350672614914824,10.497144633388837,10.301849085630595,10.448320388793945,3364,0.0,0.0
2018-04-16 00:00:00-04:00,10.350672614914824,10.497144633388837,10.350672614914824,10.448320388793945,2151,0.0,0.0
2018-04-17 00:00:00-04:00,10.204202139385842,10.741265296936035,10.204202139385842,10.741265296936035,1874,0.0,0.0
2018-04-18 00:00:00-04:00,10.692440935065507,11.034208525395618,10.692440935065507,10.838912963867188,4470,0.0,0.0
2018-04-19 00:00:00-04:00,10.692440823773362,10.93656063079834,10.692440823773362,10.93656063079834,2028,0.0,0.0
2018-04-20 00:00:00-04:00,10.936559743857066,10.985383987426758,10.88773621559802,10.985383987426758,2074,0.0,0.0
2018-04-23 00:00:00-04:00,11.034209073868587,11.717743573194268,10.985385538714985,11.278328895568848,7758,0.0,0.0
2018-04-24 00:00:00-04:00,11.424800931651154,11.57127296773346,11.278328895568848,11.278328895568848,2950,0.0,0.0
2018-04-25 00:00:00-04:00,11.473624466804756,11.620096502887062,10.985385538714985,11.278328895568848,3856,0.0,0.0
2018-04-26 00:00:00-04:00,11.375975672991114,11.668919719193564,11.180680119063272,11.424799919128418,1075,0.0,0.0
2018-04-27 00:00:00-04:00,11.473623275756836,11.473623275756836,11.327151970190096,11.473623275756836,1736,0.0,0.0
2018-04-30 00:00:00-04:00,11.571271380873421,11.717741966247559,11.424799364877982,11.717741966247559,1045,0.0,0.0
2018-05-01 00:00:00-04:00,11.620094909331467,11.717741966247559,11.229503820424497,11.717741966247559,1137,0.0,0.0
2018-05-02 00:00:00-04:00,11.57127101086653,11.57127101086653,9.764784778849332,9.911256790161133,7067,0.0,0.0
2018-05-03 00:00:00-04:00,10.008905071691197,11.083032017452078,10.008905071691197,10.643616676330566,5945,0.0,0.0
2018-05-04 00:00:00-04:00,10.545970315458502,11.18068128984278,10.30185048983047,11.034209251403809,3610,0.0,0.0
2018-05-07 00:00:00-04:00,11.083031551292596,11.180679321289062,10.936559538642577,11.180679321289062,3871,0.0,0.0
2018-05-08 00:00:00-04:00,10.741263973949893,10.98538375603502,9.227721754208485,9.960081100463867,25732,0.0,0.0
2018-05-09 00:00:00-04:00,9.911254795686437,10.497142007722983,9.764782813849681,10.155374526977539,11184,0.0,0.0
2018-05-10 00:00:00-04:00,10.057730860982874,10.545970521791395,9.813611030578613,9.813611030578613,2043,0.0,0.0
2018-05-11 00:00:00-04:00,9.911257274803447,10.497144633388837,9.911257274803447,10.448320388793945,6667,0.0,0.0
2018-05-14 00:00:00-04:00,10.3995001692389,10.594795779151628,9.862436884323452,10.204204559326172,5638,0.0,0.0
2018-05-15 00:00:00-04:00,10.545968699526648,11.96186175446974,10.448320211989255,11.717741966247559,20570,0.0,0.0
2018-05-16 00:00:00-04:00,11.668920990928747,11.961863638436126,11.424801164258247,11.864215850830078,5177,0.0,0.0
2018-05-17 00:00:00-04:00,12.010686741549218,12.205982286457989,11.375975147629733,11.91303825378418,4824,0.0,0.0
2018-05-18 00:00:00-04:00,11.961862564086914,12.205983084142606,11.229504580473337,11.961862564086914,4793,0.0,0.0
2018-05-21 00:00:00-04:00,12.205983035074812,12.205983035074812,11.620095649104227,12.1083345413208,3856,0.0,0.0
2018-05-22 00:00:00-04:00,12.205983084142606,12.205983084142606,11.766567006415201,11.961862564086914,1567,0.0,0.0
2018-05-23 00:00:00-04:00,11.913040251764405,11.913040251764405,10.741266070478526,10.79008960723877,4040,0.0,0.0
2018-05-24 00:00:00-04:00,10.985382553924516,11.766564626616573,10.83891055763948,11.62009334564209,5976,0.0,0.0
2018-05-25 00:00:00-04:00,11.620096502887062,11.766567823658619,11.034209073868587,11.278328895568848,7635,0.0,0.0
2018-05-29 00:00:00-04:00,11.473624466804756,11.473624466804756,11.180681109950893,11.278328895568848,2274,0.0,0.0
2018-05-30 00:00:00-04:00,11.083032554564202,11.961862564086914,11.083032554564202,11.961862564086914,5653,0.0,0.0
2018-05-31 00:00:00-04:00,10.74126450483546,10.74126450483546,8.300067278638975,9.081250190734863,67764,0.0,0.0
2018-06-01 00:00:00-04:00,8.983601739467197,9.276545756506977,8.788306204981087,8.934778213500977,13411,0.0,0.0
2018-06-04 00:00:00-04:00,8.934779329258392,9.423018226443967,8.251244873198589,8.690659523010254,8849,0.0,0.0
2018-06-05 00:00:00-04:00,8.30006761788583,8.30006761788583,7.225942053403653,7.714180946350098,26423,0.0,0.0
2018-06-06 00:00:00-04:00,7.66535715625119,8.300067338025135,7.128294034463384,7.518885135650635,19188,0.0,0.0
2018-06-07 00:00:00-04:00,7.421237624700728,8.300067633676253,7.0306457942897955,7.909477233886719,14564,0.0,0.0
2018-06-08 00:00:00-04:00,7.665357006427442,8.055948099980368,7.470061459650979,7.763004779815674,5392,0.0,0.0
2018-06-11 00:00:00-04:00,7.81182945511166,8.153597038479713,7.4700618717436065,7.909477233886719,4317,0.0,0.0
2018-06-12 00:00:00-04:00,8.055948257438441,8.25124452334274,7.323589585057009,7.518885135650635,10493,0.0,0.0
2018-06-13 00:00:00-04:00,7.811828815169613,7.9583001136779785,7.421237016755812,7.9583001136779785,6560,0.0,0.0
2018-06-14 00:00:00-04:00,7.958300701573207,8.05594847956243,7.616533120955582,7.860652923583984,4240,0.0,0.0
2018-06-15 00:00:00-04:00,7.909477218839372,7.909477218839372,7.616533167760808,7.714180946350098,1920,0.0,0.0
2018-06-18 00:00:00-04:00,7.714180898944805,8.104772726212387,7.714180898944805,7.860652923583984,3856,0.0,0.0
2018-06-19 00:00:00-04:00,7.86065297188938,7.86065297188938,7.714180946350098,7.714180946350098,937,0.0,0.0
2018-06-20 00:00:00-04:00,7.714180752501292,8.055948326630912,7.567709445953369,7.567709445953369,9463,0.0,0.0
2018-06-21 00:00:00-04:00,7.470061259799027,7.9583001136779785,7.323589245980022,7.9583001136779785,4302,0.0,0.0
2018-06-22 00:00:00-04:00,7.763006266927472,8.39771655788323,7.079471006958508,7.811830520629883,21876,0.0,0.0
2018-06-25 00:00:00-04:00,7.811829176851745,7.811829176851745,7.323589585057009,7.518885135650635,2166,0.0,0.0
2018-06-26 00:00:00-04:00,7.421237624700728,7.958300765618898,7.421237624700728,7.909477233886719,3672,0.0,0.0
2018-06-27 00:00:00-04:00,7.6653573222236435,8.007124900817871,7.6653573222236435,8.007124900817871,2965,0.0,0.0
2018-06-28 00:00:00-04:00,8.397715135346262,8.397715135346262,8.0071247484453,8.25124454498291,4025,0.0,0.0
2018-06-29 00:00:00-04:00,8.348891769203512,8.54418659210205,8.007124219682153,8.54418659210205,4286,0.0,0.0
2018-07-02 00:00:00-04:00,8.446538432484358,8.788305966204602,8.104771614074707,8.104771614074707,7082,0.0,0.0
2018-07-03 00:00:00-04:00,8.300066561276697,9.032425880432129,8.251243751163306,9.032425880432129,5484,0.0,0.0
2018-07-05 00:00:00-04:00,8.983602861321598,8.983602861321598,8.690659523010254,8.690659523010254,6990,0.0,0.0
2018-07-06 00:00:00-04:00,8.934777350709151,9.178897102898533,8.739481119771318,8.837129592895508,8419,0.0,0.0
2018-07-09 00:00:00-04:00,9.520665566163093,9.520665566163093,8.739481994816444,8.78830623626709,2612,0.0,0.0
2018-07-10 00:00:00-04:00,8.934779500710464,8.934779500710464,8.300067849223497,8.446539878845215,2228,0.0,0.0
2018-07-11 00:00:00-04:00,8.593010701085737,8.78830623626709,7.958299854091028,8.78830623626709,8050,0.0,0.0
2018-07-12 00:00:00-04:00,8.690659348555542,8.739482879638672,8.202420461170785,8.739482879638672,2627,0.0,0.0
2018-07-13 00:00:00-04:00,8.690659523010254,8.837131549821278,8.397715469388206,8.690659523010254,1951,0.0,0.0
2018-07-16 00:00:00-04:00,8.446538822997466,8.54418659210205,8.397714580789861,8.54418659210205,783,0.0,0.0
2018-07-17 00:00:00-04:00,8.397715300814,8.739482879638672,8.397715300814,8.739482879638672,1075,0.0,0.0
2018-07-18 00:00:00-04:00,8.495363964136024,8.788307302447368,8.495363964136024,8.690659523010254,1459,0.0,0.0
2018-07-19 00:00:00-04:00,8.934779329258392,8.934779329258392,8.495363964136024,8.690659523010254,1352,0.0,0.0
2018-07-20 00:00:00-04:00,8.788306522927515,8.788306522927515,7.9583001136779785,7.9583001136779785,5223,0.0,0.0
2018-07-23 00:00:00-04:00,8.00712506695045,8.837131549821278,8.00712506695045,8.690659523010254,5530,0.0,0.0
2018-07-24 00:00:00-04:00,8.690659523010254,8.690659523010254,8.153597093761475,8.690659523010254,1398,0.0,0.0
2018-07-25 00:00:00-04:00,8.495362027252993,8.690657541601212,8.397713554768341,8.641833305358887,661,0.0,0.0
2018-07-26 00:00:00-04:00,8.593010975370284,8.593010975370284,7.714180323691747,8.300066947937012,4378,0.0,0.0
2018-07-27 00:00:00-04:00,8.348891769203512,8.54418659210205,8.300066811685276,8.54418659210205,722,0.0,0.0
2018-07-30 00:00:00-04:00,8.397716522216797,8.495365029206889,8.348893699343337,8.397716522216797,2688,0.0,0.0
2018-07-31 00:00:00-04:00,8.397715135346262,8.397715135346262,8.055948278566417,8.25124454498291,2028,0.0,0.0
2018-08-01 00:00:00-04:00,8.202419892540107,8.446538961653648,8.202419892540107,8.300066947937012,2627,0.0,0.0
2018-08-02 00:00:00-04:00,8.25124454498291,8.397715135346262,8.25124454498291,8.25124454498291,1137,0.0,0.0
2018-08-03 00:00:00-04:00,8.300065528754285,8.300065528754285,7.860650993358739,8.153594970703125,1413,0.0,0.0
2018-08-06 00:00:00-04:00,8.104772678228981,8.30006751774051,7.811829345995652,8.007124900817871,1659,0.0,0.0
2018-08-07 00:00:00-04:00,8.104775286862722,8.251247357778787,7.714183336190186,8.202423095703125,1290,0.0,0.0
2018-08-08 00:00:00-04:00,8.153597022967944,8.202420554607238,7.714180946350098,7.714180946350098,2243,0.0,0.0
2018-08-09 00:00:00-04:00,7.714180946350098,8.007124997428662,7.470061857532224,7.714180946350098,4409,0.0,0.0
2018-08-10 00:00:00-04:00,8.495363210600145,8.690658752151725,7.9583001136779785,7.9583001136779785,14656,0.0,0.0
2018-08-13 00:00:00-04:00,8.202419721387775,8.202419721387775,7.470061098707327,7.665356636047363,3441,0.0,0.0
2018-08-14 00:00:00-04:00,7.665356636047363,8.00712418404774,7.616532394057042,7.665356636047363,661,0.0,0.0
2018-08-15 00:00:00-04:00,7.66535715625119,8.153596748045926,7.518885135650635,7.518885135650635,722,0.0,0.0
2018-08-16 00:00:00-04:00,7.5677095448125336,8.007124900817871,7.518885298451634,8.007124900817871,507,0.0,0.0
2018-08-17 00:00:00-04:00,8.055948257446289,8.202420278046988,7.616532910954867,8.055948257446289,1060,0.0,0.0
2018-08-20 00:00:00-04:00,7.909476797553351,8.007124570941583,7.616532762077997,7.763004779815674,338,0.0,0.0
2018-08-21 00:00:00-04:00,7.763004998224386,7.763004998224386,6.9329978281065445,7.567709445953369,4947,0.0,0.0
2018-08-22 00:00:00-04:00,7.518886429037014,7.811830520629882,7.37241438324058,7.811830520629883,1383,0.0,0.0
2018-08-23 00:00:00-04:00,7.76300519330009,7.76300519330009,7.1282942748143645,7.714180946350098,906,0.0,0.0
2018-08-24 00:00:00-04:00,7.665356636047363,7.665356636047363,6.93299729805629,7.665356636047363,3902,0.0,0.0
2018-08-27 00:00:00-04:00,7.6165324631236215,7.6165324631236215,7.323589154457162,7.37241268157959,1183,0.0,0.0
2018-08-28 00:00:00-04:00,7.665357414710802,7.76300519330009,7.323589831992942,7.714180946350098,3579,0.0,0.0
2018-08-29 00:00:00-04:00,7.4700628906454005,7.811830520629882,7.4700628906454005,7.811830520629883,1121,0.0,0.0
2018-08-30 00:00:00-04:00,7.958300701573207,8.007124948223165,7.714180898944805,7.860652923583984,3195,0.0,0.0
2018-08-31 00:00:00-04:00,7.763005099634753,8.007124900817871,7.5677095448125336,8.007124900817871,292,0.0,0.0
2018-09-04 00:00:00-04:00,7.714180329083183,7.9583001136779785,7.372412773712598,7.9583001136779785,2059,0.0,0.0
2018-09-05 00:00:00-04:00,8.00712610481793,8.00712610481793,7.763006266927472,7.811830520629883,584,0.0,0.0
2018-09-06 00:00:00-04:00,7.811828646707703,7.8606521733873995,7.567708867377346,7.665356636047363,1075,0.0,0.0
2018-09-07 00:00:00-04:00,7.6165324631236215,7.714180232679108,7.37241268157959,7.37241268157959,1014,0.0,0.0
2018-09-10 00:00:00-04:00,7.470062674684692,7.470062674684692,7.372414170102905,7.421238422393799,799,0.0,0.0
2018-09-11 00:00:00-04:00,7.37241438324058,7.811830520629882,7.274766591146556,7.811830520629883,4102,0.0,0.0
2018-09-12 00:00:00-04:00,7.665357222088877,7.665357222088877,7.274765402236164,7.567709445953369,1843,0.0,0.0
2018-09-13 00:00:00-04:00,7.518885499398143,7.616533279418945,7.2259421593357365,7.616533279418945,999,0.0,0.0
2018-09-14 00:00:00-04:00,7.5188853581614525,7.616533136348014,7.225942023601769,7.32358980178833,1045,0.0,0.0
2018-09-17 00:00:00-04:00,7.177117142468617,7.37241268157959,7.177117142468617,7.37241268157959,1997,0.0,0.0
2018-09-18 00:00:00-04:00,7.323589801788331,7.421237579974892,7.274765555039703,7.32358980178833,1275,0.0,0.0
2018-09-19 00:00:00-04:00,7.421238006305919,7.470062255859374,7.274765972956289,7.470062255859375,5223,0.0,0.0
2018-09-20 00:00:00-04:00,7.421237028703248,7.470061271825066,6.005342561898245,7.2747650146484375,12843,0.0,0.0
2018-09-21 00:00:00-04:00,7.323591446065796,7.323591446065796,6.493584072162462,7.079471588134766,3917,0.0,0.0
2018-09-24 00:00:00-04:00,6.786526282067173,7.030645356135825,6.102991157929377,6.493582248687744,1782,0.0,0.0
2018-09-25 00:00:00-04:00,6.493582108734867,8.44653895105692,6.249462324616951,6.737701892852783,88565,0.0,0.0
2018-09-26 00:00:00-04:00,6.737702417391977,7.274765555076097,6.200639279707857,6.591230392456055,23459,0.0,0.0
2018-09-27 00:00:00-04:00,6.542407207722309,6.542407207722309,6.249463142326363,6.298287391662598,5530,0.0,0.0
2018-09-28 00:00:00-04:00,6.347111044869006,6.493583080317312,6.200639724731445,6.200639724731445,6191,0.0,0.0
2018-10-01 00:00:00-04:00,6.249463088543011,6.786526965376656,6.249463088543011,6.444759368896484,2228,0.0,0.0
2018-10-02 00:00:00-04:00,6.249463142326363,6.542407207722309,6.249463142326363,6.298287391662598,1075,0.0,0.0
2018-10-03 00:00:00-04:00,6.249462683940622,6.249462683940622,5.761223087632609,5.858871936798096,8326,0.0,0.0
2018-10-04 00:00:00-04:00,5.712399914843555,6.200639153496229,5.712399914843555,5.858871936798096,5930,0.0,0.0
2018-10-05 00:00:00-04:00,5.858871684312825,5.956519098648883,5.663575425019411,5.761222839355469,1997,0.0,0.0
2018-10-08 00:00:00-04:00,5.565928342019687,5.956519835990838,5.565928342019687,5.663576126098633,3948,0.0,0.0
2018-10-09 00:00:00-04:00,5.71240010547528,6.347110671953097,5.71240010547528,6.102991580963135,3364,0.0,0.0
2018-10-10 00:00:00-04:00,6.200638886282664,6.200638886282664,5.27298433705388,5.761222839355469,3902,0.0,0.0
2018-10-11 00:00:00-04:00,6.05416733357872,6.102991580963135,5.56592807863274,6.102991580963135,3672,0.0,0.0
2018-10-12 00:00:00-04:00,6.054167228828724,6.249462784365945,5.565927982330322,5.565927982330322,2043,0.0,0.0
2018-10-15 00:00:00-04:00,5.6635759531592775,7.763005392681975,5.6635759531592775,6.932998180389404,55090,0.0,0.0
2018-10-16 00:00:00-04:00,6.640055115765619,6.835350686156197,6.102991939536157,6.200639724731445,14180,0.0,0.0
2018-10-17 00:00:00-04:00,6.1518144607543945,6.640054021587244,5.858871511096375,6.1518144607543945,4947,0.0,0.0
2018-10-18 00:00:00-04:00,6.395935026699255,7.079470209690615,6.200639464504785,6.932998180389404,17037,0.0,0.0
2018-10-19 00:00:00-04:00,6.83535049898198,7.030646064024729,6.395935119980435,6.444759368896484,4686,0.0,0.0
2018-10-22 00:00:00-04:00,8.69065888128659,18.894859305053664,8.055948004157438,11.717741966247559,3396034,0.0,0.0
2018-10-23 00:00:00-04:00,9.569489517378646,10.253024636186545,8.055947979525904,9.423017501831055,478450,0.0,0.0
2018-10-24 00:00:00-04:00,10.643616315164547,12.645397404639198,9.227721850430788,9.862433433532715,817039,0.0,0.0
2018-10-25 00:00:00-04:00,9.618314047868813,10.008905147231092,8.885954663598536,9.276546478271484,161629,0.0,0.0
2018-10-26 00:00:00-04:00,9.178898746341467,10.008905194021851,8.348892298661081,9.130074501037598,164471,0.0,0.0
2018-10-29 00:00:00-04:00,9.667138529461369,10.838913373542633,9.032427572848615,10.399497985839844,327267,0.0,0.0
2018-10-30 00:00:00-04:00,9.374194942669781,9.911258101454154,8.49536418914795,8.49536418914795,191217,0.0,0.0
2018-10-31 00:00:00-04:00,8.49536280890451,9.081249405856127,7.909476211952892,9.032425880432129,169295,0.0,0.0
2018-11-01 00:00:00-04:00,9.227721957974696,10.20420110787778,8.788306626642568,9.423017501831055,246845,0.0,0.0
2018-11-02 00:00:00-04:00,9.276544860712178,9.764783649780398,8.641833361957675,8.837129592895508,117032,0.0,0.0
2018-11-05 00:00:00-05:00,8.788308441570122,8.934780487366556,7.6165342211310385,7.811830520629883,106308,0.0,0.0
2018-11-06 00:00:00-05:00,7.567709233039211,8.055948099980368,7.470061459650979,7.763004779815674,73510,0.0,0.0
2018-11-07 00:00:00-05:00,7.7141805354662285,7.909476797553351,7.3235894419133025,7.763004779815674,58823,0.0,0.0
2018-11-08 00:00:00-05:00,7.323589257770255,7.616532570569235,6.835349687794649,7.2747650146484375,64215,0.0,0.0
2018-11-09 00:00:00-05:00,7.030645696085398,8.153596924589879,6.835350141263179,8.007124900817871,175947,0.0,0.0
2018-11-12 00:00:00-05:00,8.007124796218497,8.055948326630912,7.421237424094767,7.567709445953369,96599,0.0,0.0
2018-11-13 00:00:00-05:00,7.8118277270342205,8.788305298775322,7.61653149737546,8.641833305358887,362386,0.0,0.0
2018-11-14 00:00:00-05:00,8.202418755730662,10.155375329833946,8.202418755730662,8.641833305358887,713788,0.0,0.0
2018-11-15 00:00:00-05:00,8.690659154531527,8.788306929828435,7.323589585064144,8.055948257446289,221742,0.0,0.0
2018-11-16 00:00:00-05:00,5.761222244265273,7.0794688182607715,5.565927078110329,6.00534200668335,282255,0.0,0.0
2018-11-19 00:00:00-05:00,5.761222839355469,5.956519098648883,5.565927653028028,5.761222839355469,79486,0.0,0.0
2018-11-20 00:00:00-05:00,5.5171051025390625,5.761223860474465,4.882393399132835,5.5171051025390625,151428,0.0,0.0
2018-11-21 00:00:00-05:00,5.468279986750108,5.565927760629229,4.980040402043838,5.224160194396973,45872,0.0,0.0
2018-11-23 00:00:00-05:00,5.175336323575445,5.224159849637651,4.882392305959748,4.980040073394775,43614,0.0,0.0
2018-11-26 00:00:00-05:00,5.0776872634887695,5.126511499310198,4.5894484818271515,5.0776872634887695,125988,0.0,0.0
2018-11-27 00:00:00-05:00,4.980040073394775,5.175336323575445,4.7359202971519,4.980040073394775,64169,0.0,0.0
2018-11-28 00:00:00-05:00,5.028864487556507,5.028864487556507,4.784744702925814,4.931216716766357,26255,0.0,0.0
2018-11-29 00:00:00-05:00,5.028864418286593,5.077687945353829,4.78474463701852,4.882392406463623,18758,0.0,0.0
2018-11-30 00:00:00-05:00,4.638273126076928,4.882392933707197,4.638273126076928,4.7359209060668945,18573,0.0,0.0
2018-12-03 00:00:00-05:00,4.735920183728817,5.028864194328642,4.052385470398657,4.150033950805664,71835,0.0,0.0
2018-12-04 00:00:00-05:00,4.150034560286249,4.3941532935683325,4.052386065538431,4.345329761505127,51603,0.0,0.0
2018-12-06 00:00:00-05:00,4.296505627930341,4.3453298765974315,4.150034670205879,4.247682094573975,28375,0.0,0.0
2018-12-07 00:00:00-05:00,4.1988581340892965,4.54062575228347,4.1988581340892965,4.491802215576172,22276,0.0,0.0
2018-12-10 00:00:00-05:00,4.345329484317217,4.394153013265977,4.0523858070373535,4.0523858070373535,15854,0.0,0.0
2018-12-11 00:00:00-05:00,4.198858261108398,4.44297809796204,3.9547387819101525,4.198858261108398,26009,0.0,0.0
2018-12-12 00:00:00-05:00,4.247681358246774,4.247681358246774,4.003561945505751,4.150033950805664,6867,0.0,0.0
2018-12-13 00:00:00-05:00,4.247683261112169,4.296506807876911,3.857091668095093,4.1012115478515625,26777,0.0,0.0
2018-12-14 00:00:00-05:00,4.150034844931799,4.150034844931799,3.661795198947792,3.710618734359741,23074,0.0,0.0
2018-12-17 00:00:00-05:00,3.710618231019426,3.9547380208969116,3.4664991564525955,3.515322685241699,18589,0.0,0.0
2018-12-18 00:00:00-05:00,3.5153230394573036,3.6129708221854813,3.417675256729126,3.417675256729126,12351,0.0,0.0
2018-12-19 00:00:00-05:00,3.4176747108097874,3.612970245070778,3.222379176548797,3.3688504695892334,32092,0.0,0.0
2018-12-20 00:00:00-05:00,3.466499022105603,3.466499022105603,2.929435219065217,3.0759072303771973,24334,0.0,0.0
2018-12-21 00:00:00-05:00,3.0270830233836907,3.3200270494154673,2.6364921212498293,2.9294352531433105,15255,0.0,0.0
2018-12-24 00:00:00-05:00,2.9294352450166627,2.978259487656726,2.5876678712957824,2.8806118965148926,4271,0.0,0.0
2018-12-26 00:00:00-05:00,2.880612259960175,3.564147272470836,2.7829644776705154,3.027083396911621,14087,0.0,0.0
2018-12-27 00:00:00-05:00,2.978259461272753,3.1735549994816417,2.880611870995965,3.0759072303771973,7835,0.0,0.0
2018-12-28 00:00:00-05:00,3.1735548973083496,3.3688504292296564,3.075907131347696,3.1735548973083496,20171,0.0,0.0
2018-12-31 00:00:00-05:00,3.124731908544593,3.417675256729126,2.978259876796963,3.417675256729126,9049,0.0,0.0
2019-01-02 00:00:00-05:00,3.2223796844482426,3.41767524949099,3.0759076530108187,3.222379684448242,7482,0.0,0.0
2019-01-03 00:00:00-05:00,3.124731371983325,3.4176746698652853,3.075907131347696,3.1735548973083496,4424,0.0,0.0
2019-01-04 00:00:00-05:00,3.17355512247535,3.564146929341459,3.17355512247535,3.515322685241699,19556,0.0,0.0
2019-01-07 00:00:00-05:00,3.515323376628049,4.052386590800579,3.515323376628049,3.9059152603149414,10554,0.0,0.0
2019-01-08 00:00:00-05:00,4.296505355519252,4.491801622494529,3.5153227912055125,3.954738140106201,65506,0.0,0.0
2019-01-09 00:00:00-05:00,3.905914899623374,4.198857891198238,3.5641473011994083,3.808267116546631,25778,0.0,0.0
2019-01-10 00:00:00-05:00,3.9059145048804154,4.296505240057799,3.857090260620997,4.0523858070373535,31923,0.0,0.0
2019-01-11 00:00:00-05:00,3.954737705302248,4.150033950805664,3.7594421751094305,4.150033950805664,12812,0.0,0.0
2019-01-14 00:00:00-05:00,4.052386216583123,4.052386216583123,3.6617950842761515,3.808267116546631,10708,0.0,0.0
2019-01-15 00:00:00-05:00,3.710618734359741,3.8570907712170936,3.564147412813141,3.710618734359741,8572,0.0,0.0
2019-01-16 00:00:00-05:00,3.564147017231692,3.8082668131290602,3.564147017231692,3.7594425678253174,3871,0.0,0.0
2019-01-17 00:00:00-05:00,3.857091668095093,4.1012115478515625,3.661796050414285,4.1012115478515625,48883,0.0,0.0
2019-01-18 00:00:00-05:00,4.101210051296771,4.101210051296771,3.808266731672237,4.0523858070373535,14302,0.0,0.0
2019-01-22 00:00:00-05:00,3.808267116546631,3.8570906504296376,3.7594428673528943,3.808267116546631,7359,0.0,0.0
2019-01-23 00:00:00-05:00,3.8082672358051446,3.9059150219397956,3.661795198947792,3.710618734359741,2458,0.0,0.0
2019-01-24 00:00:00-05:00,3.6617949008941655,3.808266925829354,3.6617949008941655,3.661794900894165,4839,0.0,0.0
2019-01-25 00:00:00-05:00,3.6617950842761515,4.052386216583123,3.6617950842761515,3.808267116546631,5991,0.0,0.0
2019-01-28 00:00:00-05:00,3.9059150219397956,3.9059150219397956,3.661795198947792,3.710618734359741,8096,0.0,0.0
2019-01-29 00:00:00-05:00,3.7106184323320988,3.7594426790807263,3.5641471227076043,3.661794900894165,2919,0.0,0.0
2019-01-30 00:00:00-05:00,3.8082668131290602,3.8082668131290602,3.6129705472247617,3.7594425678253174,4071,0.0,0.0
2019-01-31 00:00:00-05:00,3.7106184323320988,3.7594426790807263,3.466499344521043,3.661794900894165,8419,0.0,0.0
2019-02-01 00:00:00-05:00,3.4664989889552227,3.661794525296486,3.4664989889552227,3.5641467571258545,3364,0.0,0.0
2019-02-04 00:00:00-05:00,3.4664993286132812,3.5641471063517365,3.4664993286132812,3.4664993286132812,6836,0.0,0.0
2019-02-05 00:00:00-05:00,3.466499505748579,3.5153230394573036,3.417675256729126,3.417675256729126,5961,0.0,0.0
2019-02-06 00:00:00-05:00,3.41767524949099,3.4664994984070403,3.0270834040947685,3.222379684448242,7067,0.0,0.0
2019-02-07 00:00:00-05:00,3.0759072303771973,3.2223792416891777,3.0270829881696613,3.0759072303771973,11537,0.0,0.0
2019-02-08 00:00:00-05:00,3.0759072303771973,3.2223792416891777,3.0759072303771973,3.0759072303771973,1367,0.0,0.0
2019-02-11 00:00:00-05:00,3.2223791379439786,3.2223791379439786,3.0270828907120673,3.1735548973083496,4762,0.0,0.0
2019-02-12 00:00:00-05:00,3.1735548973083496,3.2223791379439786,3.075907131347696,3.1735548973083496,3395,0.0,0.0
2019-02-13 00:00:00-05:00,3.1247319019268684,3.2223796844482426,3.1247319019268684,3.222379684448242,3979,0.0,0.0
2019-02-14 00:00:00-05:00,3.1247319019268684,3.3200274669696164,3.0759076530108187,3.222379684448242,8250,0.0,0.0
2019-02-15 00:00:00-05:00,3.124731908544593,3.564147288476756,3.124731908544593,3.417675256729126,9632,0.0,0.0
2019-02-19 00:00:00-05:00,3.564147288476756,3.564147288476756,3.271203224981496,3.417675256729126,14702,0.0,0.0
2019-02-20 00:00:00-05:00,3.1247314725847333,3.320027010793622,2.978259461272753,3.0759072303771973,32400,0.0,0.0
2019-02-21 00:00:00-05:00,3.0759076457118133,3.173555428001473,3.027083396911621,3.027083396911621,5976,0.0,0.0
2019-02-22 00:00:00-05:00,2.978259563446045,3.0270830920179117,2.685315709599899,2.978259563446045,21093,0.0,0.0
2019-02-25 00:00:00-05:00,2.9294356146219616,3.027083396911621,2.7829644776705154,3.027083396911621,15900,0.0,0.0
2019-02-26 00:00:00-05:00,2.8317877259368034,3.0270830920179117,2.8317877259368034,2.978259563446045,3994,0.0,0.0
2019-02-27 00:00:00-05:00,2.9782598634221538,3.124731894512005,2.9294356146219616,3.027083396911621,5177,0.0,0.0
2019-02-28 00:00:00-05:00,2.978259461272753,3.1247314725847333,2.831787628788429,3.0759072303771973,10754,0.0,0.0
2019-03-01 00:00:00-05:00,2.831787628788429,3.1247314725847333,2.831787628788429,3.0759072303771973,3334,0.0,0.0
2019-03-04 00:00:00-05:00,3.0270830920179117,3.0759073359004305,2.929435319563526,2.978259563446045,2781,0.0,0.0
2019-03-05 00:00:00-05:00,2.9782592989332928,3.1247313022613525,2.83178747443288,3.1247313022613525,7835,0.0,0.0
2019-03-06 00:00:00-05:00,3.0270830920179117,3.0270830920179117,2.978259563446045,2.978259563446045,5408,0.0,0.0
2019-03-07 00:00:00-05:00,2.97825988742822,4.784745304969427,2.929435638234483,3.808267116546631,179465,0.0,0.0
2019-03-08 00:00:00-05:00,3.515322657179534,4.0035622330369804,3.2223793408514565,3.3200271129608154,133469,0.0,0.0
2019-03-11 00:00:00-04:00,3.8570908984748877,4.101210729521187,3.5153232780722243,3.612971067428589,100194,0.0,0.0
2019-03-12 00:00:00-04:00,3.6617950712049336,3.9059148856807417,3.1735554422533183,3.417675256729126,48853,0.0,0.0
2019-03-13 00:00:00-04:00,3.271202869250811,3.515322657179534,3.271202869250811,3.3200271129608154,14548,0.0,0.0
2019-03-14 00:00:00-04:00,3.3200274669696164,3.3200274669696164,3.1735554355321924,3.222379684448242,21830,0.0,0.0
2019-03-15 00:00:00-04:00,3.1735548012349506,3.564146568563738,3.1735548012349506,3.271202564239502,46763,0.0,0.0
2019-03-18 00:00:00-04:00,3.2223796844482426,3.3688510005749404,3.1735554355321924,3.222379684448242,14671,0.0,0.0
2019-03-19 00:00:00-04:00,3.3688504292296564,3.3688504292296564,3.1735548973083496,3.1735548973083496,8219,0.0,0.0
2019-03-20 00:00:00-04:00,3.1735554355321924,3.2223796844482426,3.0759076530108187,3.222379684448242,14871,0.0,0.0
2019-03-21 00:00:00-04:00,3.0759071681977472,3.661794486291332,3.0759071681977472,3.3688504695892334,94525,0.0,0.0
2019-03-22 00:00:00-04:00,3.5641469008895386,3.661794672998898,3.271202869250811,3.3200271129608154,24150,0.0,0.0
2019-03-25 00:00:00-04:00,3.417674885070175,3.515322657179534,3.271202869250811,3.3200271129608154,6022,0.0,0.0
2019-03-26 00:00:00-04:00,3.271202869250811,3.6129704292888936,3.271202869250811,3.3200271129608154,34858,0.0,0.0
2019-03-27 00:00:00-04:00,3.515322515385228,4.003562071549008,3.36885050547397,3.5641467571258545,56718,0.0,0.0
2019-03-28 00:00:00-04:00,3.661794884090192,3.661794884090192,3.417675082088708,3.4664993286132812,14748,0.0,0.0
2019-03-29 00:00:00-04:00,3.5153230394573036,3.6617950712049336,3.417675256729126,3.417675256729126,7159,0.0,0.0
2019-04-01 00:00:00-04:00,3.4664989889552227,3.6129702835558595,3.4664989889552227,3.5641467571258545,13135,0.0,0.0
2019-04-02 00:00:00-04:00,3.4664993286132812,3.5641471063517365,3.417675082088708,3.4664993286132812,9924,0.0,0.0
2019-04-03 00:00:00-04:00,3.417675256729126,3.564147288476756,3.3688510077096736,3.417675256729126,4363,0.0,0.0
2019-04-04 00:00:00-04:00,3.417675082088708,3.5641471063517365,3.417675082088708,3.4664993286132812,17513,0.0,0.0
2019-04-05 00:00:00-04:00,3.564146929341459,3.564146929341459,3.4664991564525955,3.515322685241699,6575,0.0,0.0
2019-04-08 00:00:00-04:00,3.515322515385228,3.6129702835558595,3.4176747472145963,3.5641467571258545,12628,0.0,0.0
2019-04-09 00:00:00-04:00,3.5153232780722243,3.8082673614520934,3.46649974104943,3.612971067428589,48622,0.0,0.0
2019-04-10 00:00:00-04:00,3.661795319762159,3.710618856784953,3.6129710674285884,3.612971067428589,4348,0.0,0.0
2019-04-11 00:00:00-04:00,3.6129710674285884,3.661795319762159,3.5641475304057946,3.612971067428589,4255,0.0,0.0
2019-04-12 00:00:00-04:00,3.5641475304057946,3.710618856784953,3.5153232780722243,3.612971067428589,12044,0.0,0.0
2019-04-15 00:00:00-04:00,3.564146757125854,3.661794525296486,3.4176747472145963,3.5641467571258545,16976,0.0,0.0
2019-04-16 00:00:00-04:00,3.5641471063517365,3.661794884090192,3.417675082088708,3.4664993286132812,9202,0.0,0.0
2019-04-17 00:00:00-04:00,3.417675256729126,3.5153230394573036,3.3688510077096736,3.417675256729126,2473,0.0,0.0
2019-04-18 00:00:00-04:00,3.4176747472145963,3.564146757125854,3.4176747472145963,3.5641467571258545,5699,0.0,0.0
2019-04-22 00:00:00-04:00,3.564146757125854,3.564146757125854,3.4664989889552227,3.5641467571258545,8127,0.0,0.0
2019-04-23 00:00:00-04:00,3.4664989889552227,3.661794525296486,3.4664989889552227,3.5641467571258545,6437,0.0,0.0
2019-04-24 00:00:00-04:00,3.6129704581305626,3.6129704581305626,3.515322685241699,3.515322685241699,2166,0.0,0.0
2019-04-25 00:00:00-04:00,3.5153232780722243,3.6129710674285884,3.41767548871586,3.612971067428589,4040,0.0,0.0
2019-04-26 00:00:00-04:00,3.4664991564525955,3.515322685241699,3.4176749123528363,3.515322685241699,5761,0.0,0.0
2019-04-29 00:00:00-04:00,3.4664989889552227,3.661794525296486,3.4176747472145963,3.5641467571258545,35411,0.0,0.0
2019-04-30 00:00:00-04:00,3.6129706541455375,3.808266925829354,3.5153228759589763,3.661794900894165,25010,0.0,0.0
2019-05-01 00:00:00-04:00,3.6617949008941655,3.7594426790807263,3.5641471227076043,3.661794900894165,4916,0.0,0.0
2019-05-02 00:00:00-04:00,3.5641475304057946,3.661795319762159,3.46649974104943,3.612971067428589,2012,0.0,0.0
2019-05-03 00:00:00-04:00,3.6129710674285884,3.661795319762159,3.5153232780722243,3.612971067428589,2443,0.0,0.0
2019-05-06 00:00:00-04:00,3.564146757125854,3.6129702835558595,3.4664989889552227,3.5641467571258545,3533,0.0,0.0
2019-05-07 00:00:00-04:00,3.4664993286132812,3.661794884090192,3.4664993286132812,3.4664993286132812,3042,0.0,0.0
2019-05-08 00:00:00-04:00,3.4176749123528363,3.564146929341459,3.4176749123528363,3.515322685241699,9479,0.0,0.0
2019-05-09 00:00:00-04:00,3.5153228598271635,3.5153228598271635,3.417675082088708,3.4664993286132812,7021,0.0,0.0
2019-05-10 00:00:00-04:00,3.612970245070778,3.612970245070778,3.3200269436792924,3.3688504695892334,9786,0.0,0.0
2019-05-13 00:00:00-04:00,3.41767524949099,3.41767524949099,3.1735554355321924,3.222379684448242,3917,0.0,0.0
2019-05-14 00:00:00-04:00,3.2223796912727707,3.417675256729126,3.2223796912727707,3.417675256729126,4163,0.0,0.0
2019-05-15 00:00:00-04:00,3.3200271129608154,3.417674885070175,3.3200271129608154,3.3200271129608154,2381,0.0,0.0
2019-05-16 00:00:00-04:00,3.4176749123528363,3.6129704581305626,3.320027139463973,3.515322685241699,13657,0.0,0.0
2019-05-17 00:00:00-04:00,3.4664989520303418,3.4664989520303418,3.271202702458738,3.3688504695892334,4332,0.0,0.0
2019-05-20 00:00:00-04:00,3.4664991287801796,3.4664991287801796,3.271202869250811,3.3200271129608154,5853,0.0,0.0
2019-05-21 00:00:00-04:00,3.271202702458738,3.3688504695892334,3.271202702458738,3.3688504695892334,4747,0.0,0.0
2019-05-22 00:00:00-04:00,3.3688504695892334,3.3688504695892334,3.3200269436792924,3.3688504695892334,1951,0.0,0.0
2019-05-23 00:00:00-04:00,3.368850327244053,3.466498805559187,3.271202564239502,3.271202564239502,11507,0.0,0.0
2019-05-24 00:00:00-04:00,3.3688506413601704,3.4664991287801796,3.271202869250811,3.3200271129608154,1429,0.0,0.0
2019-05-28 00:00:00-04:00,3.3200274740009483,3.466499505748579,3.271203224981496,3.417675256729126,16853,0.0,0.0
2019-05-29 00:00:00-04:00,3.2712025902788238,3.3688503540606676,2.9782592989332928,3.1247313022613525,18082,0.0,0.0
2019-05-30 00:00:00-04:00,3.027083396911621,3.222379676801665,3.027083396911621,3.027083396911621,2535,0.0,0.0
2019-05-31 00:00:00-04:00,3.0270830233836907,3.0270830233836907,2.6853156487147016,2.9294352531433105,4517,0.0,0.0
2019-06-03 00:00:00-04:00,2.831788017879702,3.271203218053566,2.831788017879702,3.222379684448242,18512,0.0,0.0
2019-06-04 00:00:00-04:00,3.271202768586086,3.466499022105603,2.978259461272753,3.0759072303771973,39482,0.0,0.0
2019-06-05 00:00:00-04:00,3.17355482649698,3.17355482649698,2.9294350593870764,3.1247313022613525,4993,0.0,0.0
2019-06-06 00:00:00-04:00,3.0759073359004305,3.1247315797829494,2.929435319563526,2.978259563446045,5669,0.0,0.0
2019-06-07 00:00:00-04:00,3.0759072303771973,3.0759072303771973,2.978259461272753,3.0759072303771973,3810,0.0,0.0
2019-06-10 00:00:00-04:00,2.978259365387043,3.1735548973083496,2.929435124751414,3.1735548973083496,1690,0.0,0.0
2019-06-11 00:00:00-04:00,3.3200274669696164,3.3688510005749404,3.0759076530108187,3.222379684448242,2735,0.0,0.0
2019-06-12 00:00:00-04:00,3.0759072303771973,3.0759072303771973,2.929435219065217,3.0759072303771973,6084,0.0,0.0
2019-06-13 00:00:00-04:00,2.978259487656726,3.124731500266281,2.8806118965148926,2.8806118965148926,12167,0.0,0.0
2019-06-14 00:00:00-04:00,3.075907257626218,3.075907257626218,2.8806118965148926,2.8806118965148926,1843,0.0,0.0
2019-06-17 00:00:00-04:00,2.978259495918819,2.978259495918819,2.8806119045060976,2.9294352531433105,1029,0.0,0.0
2019-06-18 00:00:00-04:00,2.8806122499527445,2.9294356044449152,2.636492437421321,2.7829644680023193,2274,0.0,0.0
2019-06-19 00:00:00-04:00,2.734140278970371,2.8317880630493164,2.6853160292755294,2.8317880630493164,1675,0.0,0.0
2019-06-20 00:00:00-04:00,2.8317880630493164,2.978259917995419,2.8317880630493164,2.8317880630493164,10032,0.0,0.0
2019-06-21 00:00:00-04:00,2.9294352450166627,2.9294352450166627,2.8317876538748292,2.8806118965148926,983,0.0,0.0
2019-06-24 00:00:00-04:00,2.8806122499527445,2.9294356044449152,2.6853159707411725,2.7829644680023193,1675,0.0,0.0
2019-06-25 00:00:00-04:00,2.7341398839053372,2.8806118965148926,2.7341398839053372,2.8806118965148926,1352,0.0,0.0
2019-06-26 00:00:00-04:00,2.8317880630493164,2.978259917995419,2.6853160292755294,2.8317880630493164,4901,0.0,0.0
2019-06-27 00:00:00-04:00,2.7829641265454006,3.0270830149861547,2.7829641265454006,2.8806118965148926,2350,0.0,0.0
2019-06-28 00:00:00-04:00,2.9294356146219616,3.027083396911621,2.880612259960175,3.027083396911621,1690,0.0,0.0
2019-07-01 00:00:00-04:00,2.929435124751414,3.1735548973083496,2.929435124751414,3.1735548973083496,4747,0.0,0.0
2019-07-02 00:00:00-04:00,2.9782592989332928,3.1247313022613525,2.9782592989332928,3.1247313022613525,3595,0.0,0.0
2019-07-03 00:00:00-04:00,3.0270830920179117,3.0270830920179117,2.978259563446045,2.978259563446045,691,0.0,0.0
2019-07-05 00:00:00-04:00,2.8806117139790963,3.1247313022613525,2.8806117139790963,3.1247313022613525,5100,0.0,0.0
2019-07-08 00:00:00-04:00,3.1247314725847333,3.1247314725847333,2.880611870995965,3.0759072303771973,1029,0.0,0.0
2019-07-09 00:00:00-04:00,2.978259552922733,3.417674885070175,2.9294353092127285,3.3200271129608154,49897,0.0,0.0
2019-07-10 00:00:00-04:00,3.4176748971461066,3.4176748971461066,2.978259563446045,2.978259563446045,10093,0.0,0.0
2019-07-11 00:00:00-04:00,2.9782598634221538,3.0759076457118133,2.9782598634221538,3.027083396911621,2366,0.0,0.0
2019-07-12 00:00:00-04:00,3.1735548973083496,3.271202663269003,3.075907131347696,3.1735548973083496,1966,0.0,0.0
2019-07-15 00:00:00-04:00,3.1735549994816417,3.271202768586086,3.0270829881696613,3.0759072303771973,2781,0.0,0.0
2019-07-16 00:00:00-04:00,3.124731371983325,3.2223791379439786,3.124731371983325,3.1735548973083496,2181,0.0,0.0
2019-07-17 00:00:00-04:00,3.075907131347696,3.271202663269003,3.0270828907120673,3.1735548973083496,737,0.0,0.0
2019-07-18 00:00:00-04:00,3.1247313022613525,3.17355482649698,3.0759070627151366,3.1247313022613525,1905,0.0,0.0
2019-07-19 00:00:00-04:00,3.0759072303771973,3.0759072303771973,3.0270829881696613,3.0759072303771973,1628,0.0,0.0
2019-07-22 00:00:00-04:00,3.0759070382303997,3.320026803397069,3.0759070382303997,3.271202564239502,6683,0.0,0.0
2019-07-23 00:00:00-04:00,3.222379040392518,3.320026803397069,3.1735548012349506,3.271202564239502,9079,0.0,0.0
2019-07-24 00:00:00-04:00,3.271202564239502,3.320026803397069,3.1247312773879665,3.271202564239502,6437,0.0,0.0
2019-07-25 00:00:00-04:00,3.2712025902788238,3.32002682982504,3.0759070627151366,3.1247313022613525,10708,0.0,0.0
2019-07-26 00:00:00-04:00,3.1247314725847333,3.1247314725847333,3.0759072303771973,3.0759072303771973,860,0.0,0.0
2019-07-29 00:00:00-04:00,3.0759076457118133,3.0759076457118133,2.9294356146219616,3.027083396911621,10539,0.0,0.0
2019-07-30 00:00:00-04:00,2.9294356683005773,2.978259917995419,2.8317880630493164,2.8317880630493164,3026,0.0,0.0
2019-07-31 00:00:00-04:00,2.9294352450166627,2.9294352450166627,2.8806118965148926,2.8806118965148926,2120,0.0,0.0
2019-08-01 00:00:00-04:00,2.8806118965148926,2.9294352450166627,2.8317876538748292,2.8806118965148926,1613,0.0,0.0
2019-08-02 00:00:00-04:00,2.831788011159983,3.027083396911621,2.831788011159983,3.027083396911621,261,0.0,0.0
2019-08-05 00:00:00-04:00,2.8806121176379,2.8806121176379,2.6853158473968506,2.6853158473968506,1813,0.0,0.0
2019-08-06 00:00:00-04:00,2.6853154672709714,2.6853154672709714,2.58766770362854,2.58766770362854,5008,0.0,0.0
2019-08-07 00:00:00-04:00,2.5876681887907473,2.8806122499527445,2.5876681887907473,2.7829644680023193,6621,0.0,0.0
2019-08-08 00:00:00-04:00,2.7341400937847853,2.7341400937847853,2.58766806993167,2.6853158473968506,5715,0.0,0.0
2019-08-09 00:00:00-04:00,2.636492316319605,2.6853158473968506,2.58766806993167,2.6853158473968506,4040,0.0,0.0
2019-08-12 00:00:00-04:00,2.6364924907684326,2.685316025076186,2.5388447068421907,2.6364924907684326,2842,0.0,0.0
2019-08-13 00:00:00-04:00,2.636492045505236,2.685315571567442,2.4900200366973877,2.4900200366973877,2412,0.0,0.0
2019-08-14 00:00:00-04:00,2.6364924907684326,2.880612308239406,2.5388447068421907,2.6364924907684326,768,0.0,0.0
2019-08-15 00:00:00-04:00,2.5388445388544247,2.6853158473968506,2.5388445388544247,2.6853158473968506,538,0.0,0.0
2019-08-16 00:00:00-04:00,2.6364919431050495,2.6853154672709714,2.58766770362854,2.58766770362854,676,0.0,0.0
2019-08-19 00:00:00-04:00,2.734140278970371,3.17355548615331,2.734140278970371,2.8317880630493164,10600,0.0,0.0
2019-08-20 00:00:00-04:00,2.8317876617305897,3.075907266159199,2.7341398914902095,2.9294352531433105,2320,0.0,0.0
2019-08-21 00:00:00-04:00,2.929435124751414,3.2223791379439786,2.929435124751414,3.1735548973083496,13688,0.0,0.0
2019-08-22 00:00:00-04:00,3.0759072303771973,3.271202768586086,3.0759072303771973,3.0759072303771973,17083,0.0,0.0
2019-08-23 00:00:00-04:00,3.320027010793622,3.320027010793622,3.0759072303771973,3.0759072303771973,2980,0.0,0.0
2019-08-26 00:00:00-04:00,3.173555036399579,3.173555036399579,2.782964134265718,2.9294352531433105,4225,0.0,0.0
2019-08-27 00:00:00-04:00,3.0759070382303997,3.271202564239502,2.9782592752258483,3.271202564239502,1997,0.0,0.0
2019-08-28 00:00:00-04:00,3.2223793408514565,3.3200271129608154,3.1735550971414517,3.3200271129608154,1736,0.0,0.0
2019-08-29 00:00:00-04:00,3.3200274669696164,3.3200274669696164,3.1735554355321924,3.222379684448242,1152,0.0,0.0
2019-08-30 00:00:00-04:00,3.1735549353282426,3.3688504695892334,3.0759071681977472,3.3688504695892334,13596,0.0,0.0
2019-09-03 00:00:00-04:00,3.222379176548797,3.3688504695892334,3.1247314094183016,3.3688504695892334,1675,0.0,0.0
2019-09-04 00:00:00-04:00,3.075907131347696,3.320026903904632,3.075907131347696,3.1735548973083496,5776,0.0,0.0
2019-09-05 00:00:00-04:00,3.1247319019268684,3.3688510005749404,3.0759076530108187,3.222379684448242,3441,0.0,0.0
2019-09-06 00:00:00-04:00,3.3688505376905304,3.3688505376905304,3.0759072303771973,3.0759072303771973,10016,0.0,0.0
2019-09-09 00:00:00-04:00,3.2712028808092017,3.2712028808092017,2.929435319563526,2.978259563446045,17314,0.0,0.0
2019-09-10 00:00:00-04:00,3.3688505376905304,3.3688505376905304,3.0270829881696613,3.0759072303771973,4117,0.0,0.0
2019-09-11 00:00:00-04:00,3.222379040392518,3.271202564239502,3.0759070382303997,3.271202564239502,1444,0.0,0.0
2019-09-12 00:00:00-04:00,3.2712025902788238,3.2712025902788238,3.02708282316892,3.1247313022613525,5300,0.0,0.0
2019-09-13 00:00:00-04:00,3.0270829881696613,3.2223792416891777,3.0270829881696613,3.0759072303771973,4655,0.0,0.0
2019-09-16 00:00:00-04:00,3.2223792416891777,3.2223792416891777,3.0270829881696613,3.0759072303771973,6253,0.0,0.0
2019-09-17 00:00:00-04:00,3.124731894512005,3.124731894512005,3.027083396911621,3.027083396911621,3718,0.0,0.0
2019-09-18 00:00:00-04:00,2.978259563446045,3.0759073359004305,2.929435319563526,2.978259563446045,2934,0.0,0.0
2019-09-19 00:00:00-04:00,3.0270829881696613,3.1247314725847333,2.978259461272753,3.0759072303771973,5239,0.0,0.0
2019-09-20 00:00:00-04:00,3.0270827990728324,3.271202564239502,2.9782592752258483,3.271202564239502,2873,0.0,0.0
2019-09-23 00:00:00-04:00,3.0759076457118133,3.124731894512005,2.9782598634221538,3.027083396911621,3257,0.0,0.0
2019-09-24 00:00:00-04:00,3.027083081322088,3.3200271129608154,2.978259552922733,3.3200271129608154,3533,0.0,0.0
2019-09-25 00:00:00-04:00,3.1247319019268684,3.2223796844482426,3.0270834040947685,3.222379684448242,6544,0.0,0.0
2019-09-26 00:00:00-04:00,3.1247319019268684,3.2223796844482426,3.0270834040947685,3.222379684448242,2258,0.0,0.0
2019-09-27 00:00:00-04:00,3.2712030728372268,3.6617949008941655,3.1735552946506655,3.661794900894165,22798,0.0,0.0
2019-09-30 00:00:00-04:00,3.4664993286132812,3.8082669083532212,3.222379526611797,3.4664993286132812,89932,0.0,0.0
2019-10-01 00:00:00-04:00,3.46649974104943,3.8570908984748877,3.46649974104943,3.612971067428589,57471,0.0,0.0
2019-10-02 00:00:00-04:00,3.808266925829354,3.8570904572672875,3.6617949008941655,3.661794900894165,19787,0.0,0.0
2019-10-03 00:00:00-04:00,3.808266925829354,3.808266925829354,3.6129706541455375,3.661794900894165,12459,0.0,0.0
2019-10-04 00:00:00-04:00,3.8082672358051446,4.003562808074446,3.661795198947792,3.710618734359741,57748,0.0,0.0
2019-10-07 00:00:00-04:00,3.8082673614520934,3.8082673614520934,3.5153232780722243,3.612971067428589,35395,0.0,0.0
2019-10-08 00:00:00-04:00,3.5641475304057946,3.661795319762159,3.41767548871586,3.612971067428589,10631,0.0,0.0
2019-10-09 00:00:00-04:00,3.661795198947792,3.8082672358051446,3.6129709482250907,3.710618734359741,110456,0.0,0.0
2019-10-10 00:00:00-04:00,3.7594426790807263,3.7594426790807263,3.466499344521043,3.661794900894165,33659,0.0,0.0
2019-10-11 00:00:00-04:00,3.8082673614520934,3.8082673614520934,3.6129710674285884,3.612971067428589,23136,0.0,0.0
2019-10-14 00:00:00-04:00,3.7594426790807263,3.808266925829354,3.4176750977724155,3.661794900894165,69669,0.0,0.0
2019-10-15 00:00:00-04:00,3.710618322521574,3.8082668131290602,3.564147017231692,3.7594425678253174,59683,0.0,0.0
2019-10-16 00:00:00-04:00,3.905914704015915,3.905914704015915,3.6129706541455375,3.661794900894165,25932,0.0,0.0
2019-10-17 00:00:00-04:00,3.808266925829354,3.808266925829354,3.2712030728372268,3.661794900894165,95708,0.0,0.0
2019-10-18 00:00:00-04:00,3.6617949008941655,3.7594426790807263,3.5641471227076043,3.661794900894165,19341,0.0,0.0
2019-10-21 00:00:00-04:00,3.515322515385228,3.7594422934671177,3.4664989889552227,3.5641467571258545,43384,0.0,0.0
2019-10-22 00:00:00-04:00,3.4176745664016197,3.4176745664016197,3.0270827990728324,3.271202564239502,37039,0.0,0.0
2019-10-23 00:00:00-04:00,3.2223796912727707,3.5153230394573036,3.2223796912727707,3.417675256729126,20924,0.0,0.0
2019-10-24 00:00:00-04:00,3.564146719160837,3.564146719160837,3.3688504695892334,3.3688504695892334,7190,0.0,0.0
2019-10-25 00:00:00-04:00,3.3688508355641344,3.5641471063517365,3.222379526611797,3.4664993286132812,14594,0.0,0.0
2019-10-28 00:00:00-04:00,3.417675256729126,3.564147288476756,3.271203224981496,3.417675256729126,36916,0.0,0.0
2019-10-29 00:00:00-04:00,3.4664989889552227,3.661794525296486,3.3200269790439645,3.5641467571258545,30925,0.0,0.0
2019-10-30 00:00:00-04:00,3.4664991564525955,3.6129704581305626,3.3688506682530766,3.515322685241699,5838,0.0,0.0
2019-10-31 00:00:00-04:00,3.5153230394573036,3.5153230394573036,3.3200274740009483,3.417675256729126,13488,0.0,0.0
2019-11-01 00:00:00-04:00,3.417675256729126,3.5153230394573036,3.271203224981496,3.417675256729126,23996,0.0,0.0
2019-11-04 00:00:00-05:00,3.36885050547397,3.661794525296486,3.3200269790439645,3.5641467571258545,41940,0.0,0.0
2019-11-05 00:00:00-05:00,3.4176745664016197,3.564146568563738,3.271202564239502,3.271202564239502,40373,0.0,0.0
2019-11-06 00:00:00-05:00,3.222379270235773,3.271202797565202,2.6853156412652743,2.8806118965148926,62602,0.0,0.0
2019-11-07 00:00:00-05:00,2.831788058620917,2.831788058620917,2.4411969229159483,2.6364924907684326,41479,0.0,0.0
2019-11-08 00:00:00-05:00,2.6364919431050495,2.6364919431050495,2.5388441794626186,2.58766770362854,7773,0.0,0.0
2019-11-11 00:00:00-05:00,2.538843870162964,2.6364916219092653,2.490019636634563,2.538843870162964,7543,0.0,0.0
2019-11-12 00:00:00-05:00,2.53884435097773,2.587667878441992,2.1482525547104534,2.1970767974853516,57517,0.0,0.0
2019-11-13 00:00:00-05:00,2.294725266970816,2.294725266970816,2.050605588157361,2.0994298458099365,15117,0.0,0.0
2019-11-14 00:00:00-05:00,2.294724880378072,2.294724880378072,2.0994294921186443,2.2459006309509277,10093,0.0,0.0
2019-11-15 00:00:00-05:00,2.294724941253662,2.441196978110044,2.14825290439728,2.294724941253662,52509,0.0,0.0
2019-11-18 00:00:00-05:00,2.4411969133487723,2.4411969133487723,2.1970770968345166,2.2459006309509277,23274,0.0,0.0
2019-11-19 00:00:00-05:00,2.636492550378052,2.636492550378052,2.197077155119658,2.294724941253662,33582,0.0,0.0
2019-11-20 00:00:00-05:00,2.343548059463501,2.343548059463501,2.1970767639929014,2.343548059463501,4578,0.0,0.0
2019-11-21 00:00:00-05:00,2.392372663921628,2.392372663921628,2.2459006309509277,2.2459006309509277,12997,0.0,0.0
2019-11-22 00:00:00-05:00,2.343548476665288,2.392372727387666,2.294724941253662,2.294724941253662,8757,0.0,0.0
2019-11-25 00:00:00-05:00,2.3923723014941176,2.3923723014941176,2.1970767639929014,2.343548059463501,15639,0.0,0.0
2019-11-26 00:00:00-05:00,2.392372663921628,2.392372663921628,2.2459006309509277,2.2459006309509277,3702,0.0,0.0
2019-11-27 00:00:00-05:00,2.2947245327435097,2.3923723014941176,2.2947245327435097,2.343548059463501,4501,0.0,0.0
2019-11-29 00:00:00-05:00,2.294724941253662,2.343548476665288,2.197077155119658,2.294724941253662,9648,0.0,0.0
2019-12-02 00:00:00-05:00,2.294724880378072,2.294724880378072,2.148252847407372,2.2459006309509277,9417,0.0,0.0
2019-12-03 00:00:00-05:00,2.1970767974853516,2.294724567724512,2.1482525547104534,2.1970767974853516,6452,0.0,0.0
2019-12-04 00:00:00-05:00,2.1970772160972194,2.1970772160972194,2.099429606080797,2.1482529640197754,8864,0.0,0.0
2019-12-05 00:00:00-05:00,2.0994295478133425,2.294724941253662,2.0994295478133425,2.294724941253662,9386,0.0,0.0
2019-12-06 00:00:00-05:00,2.2459001732247375,2.58766770362854,2.0994290642440316,2.58766770362854,11798,0.0,0.0
2019-12-09 00:00:00-05:00,2.4411966800689697,2.538844454281342,2.24590041633356,2.4411966800689697,10201,0.0,0.0
2019-12-10 00:00:00-05:00,2.3435486197058677,2.3435486197058677,1.6111900001729884,1.9529576301574707,57840,0.0,0.0
2019-12-11 00:00:00-05:00,2.050605588157361,2.0994298458099365,1.9529577881630646,2.0994298458099365,20939,0.0,0.0
2019-12-12 00:00:00-05:00,2.0994298458099365,2.0994298458099365,1.7576621881744718,2.0994298458099365,20540,0.0,0.0
2019-12-13 00:00:00-05:00,2.0994296759539046,2.0994296759539046,1.9041333764550605,1.9529576301574707,5162,0.0,0.0
2019-12-16 00:00:00-05:00,1.9529573275739303,1.9529573275739303,1.8553095506090695,1.9041330814361572,10139,0.0,0.0
2019-12-17 00:00:00-05:00,2.050605588157361,2.0994298458099365,1.806485730516193,2.0994298458099365,21077,0.0,0.0
2019-12-18 00:00:00-05:00,2.050604932039333,2.343548059463501,2.0017806900087165,2.343548059463501,38114,0.0,0.0
2019-12-19 00:00:00-05:00,2.5449474799682594,2.734140573798433,2.2336951793605593,2.575462818145752,123023,0.0,0.125
2019-12-20 00:00:00-05:00,2.6303894609307266,2.673110503445784,2.435093879699707,2.435093879699707,50389,0.0,0.0
2019-12-23 00:00:00-05:00,2.6242858258079487,2.6486979483390343,2.1543558648102343,2.184870481491089,36255,0.0,0.0
2019-12-24 00:00:00-05:00,2.3618582151378353,2.3923728367511847,2.19707725555555,2.2825186252593994,10201,0.0,0.0
2019-12-26 00:00:00-05:00,2.1970768955627684,2.294724670160921,2.1970768955627684,2.270312547683716,15485,0.0,0.0
2019-12-27 00:00:00-05:00,2.4228877741576054,2.520535548653969,2.300827877209484,2.3130335807800293,28390,0.0,0.0
2019-12-30 00:00:00-05:00,2.343548414494483,2.343548414494483,2.209282801535936,2.2459006309509277,13642,0.0,0.0
2019-12-31 00:00:00-05:00,2.2459008455008957,2.483917474746704,2.2397983502225842,2.483917474746704,37362,0.0,0.0
2020-01-02 00:00:00-05:00,2.4411967349585724,2.6181833744049072,2.4228878215889984,2.6181833744049072,31831,0.0,0.0
2020-01-03 00:00:00-05:00,2.5266379278813242,2.6242856979370117,2.5144322248658515,2.6242856979370117,11430,0.0,0.0
2020-01-06 00:00:00-05:00,2.624285897067277,2.6853158473968506,2.581565575616195,2.6853158473968506,33060,0.0,0.0
2020-01-07 00:00:00-05:00,2.6975223905541768,2.7829644680023193,2.6548013518301055,2.7829644680023193,15117,0.0,0.0
2020-01-08 00:00:00-05:00,2.7829644052288627,2.7829644052288627,2.6425955877205713,2.734140157699585,16223,0.0,0.0
2020-01-09 00:00:00-05:00,2.6914188861846924,2.7219342170678575,2.6548010613734094,2.6914188861846924,28513,0.0,0.0
2020-01-10 00:00:00-05:00,2.7463455200195312,2.795169761470422,2.6792130821628275,2.7463455200195312,16714,0.0,0.0
2020-01-13 00:00:00-05:00,2.71583097414028,2.819581953359021,2.599874291906066,2.6242856979370117,21139,0.0,0.0
2020-01-14 00:00:00-05:00,2.654801134557622,2.654801134557622,2.569359064102173,2.569359064102173,9955,0.0,0.0
2020-01-15 00:00:00-05:00,2.4717112267084898,2.5754622074115954,2.45950552351839,2.4778144359588623,17083,0.0,0.0
2020-01-16 00:00:00-05:00,2.398475644730307,2.5083291224777264,2.3740635223495477,2.4411966800689697,8726,0.0,0.0
2020-01-17 00:00:00-05:00,2.404577938338395,2.4656078815460205,2.355754412958658,2.4656078815460205,12167,0.0,0.0
2020-01-21 00:00:00-05:00,2.441196689713484,2.441196689713484,2.2459004252065107,2.270312547683716,17820,0.0,0.0
2020-01-22 00:00:00-05:00,2.2764158564986836,2.4228878824449076,2.2214891150103617,2.300827980041504,13150,0.0,0.0
2020-01-23 00:00:00-05:00,2.306930841348152,2.306930841348152,2.197077340899946,2.2031798362731934,5039,0.0,0.0
2020-01-24 00:00:00-05:00,2.209282502138545,2.209282502138545,1.8492062149977144,2.068913698196411,24826,0.0,0.0
2020-01-27 00:00:00-05:00,2.06281055210538,2.06281055210538,1.9834718704223633,1.9834718704223633,9586,0.0,0.0
2020-01-28 00:00:00-05:00,2.0078840509423412,2.0078840509423412,1.8553095348513615,1.8919273614883423,19787,0.0,0.0
2020-01-29 00:00:00-05:00,1.9224419263733865,2.386269208075963,1.8553094844656364,1.8980305194854736,149446,0.0,0.0
2020-01-30 00:00:00-05:00,1.8675153255462646,2.062810708079214,1.8614121157191474,1.8675153255462646,14502,0.0,0.0
2020-01-31 00:00:00-05:00,1.867515986810943,1.9346491727481394,1.8614127748227527,1.8736191987991333,14256,0.0,0.0
2020-02-03 00:00:00-05:00,1.8370009748480012,1.8919277253676758,1.7393531799316406,1.7393531799316406,21262,0.0,0.0
2020-02-04 00:00:00-05:00,1.8247941756981627,1.8247941756981627,1.6783228712972769,1.7820731401443481,13273,0.0,0.0
2020-02-05 00:00:00-05:00,1.7515586097040337,1.9529573784781467,1.739352905506789,1.7576618194580078,7374,0.0,0.0
2020-02-06 00:00:00-05:00,1.7088379325509335,1.8370010725579813,1.7088379325509335,1.7698678970336914,9832,0.0,0.0
2020-02-07 00:00:00-05:00,1.7942796073385927,1.8370006440421018,1.7454553610172432,1.8186917304992676,7128,0.0,0.0
2020-02-10 00:00:00-05:00,1.855309454267178,1.855309454267178,1.7515584730949707,1.7881762981414795,7128,0.0,0.0
2020-02-11 00:00:00-05:00,1.8247942248064204,1.8492063479670953,1.788176397720752,1.8186917304992676,8726,0.0,0.0
2020-02-12 00:00:00-05:00,1.8308979130786875,2.7463465119625936,1.8186922059627375,2.0445022583007812,1319577,0.0,0.0
2020-02-13 00:00:00-05:00,1.9651629576361027,2.1543558313473405,1.8858240971254214,1.9834718704223633,69684,0.0,0.0
2020-02-14 00:00:00-05:00,1.9590610566951,2.0506056483419126,1.8003825723225,2.0445022583007812,55305,0.0,0.0
2020-02-18 00:00:00-05:00,2.1116347318280133,2.1116347318280133,1.8614119180450424,2.068913698196411,62802,0.0,0.0
2020-02-19 00:00:00-05:00,1.8308976207683392,2.0139874901417874,1.7698676643105231,1.9224421977996826,59484,0.0,0.0
2020-02-20 00:00:00-05:00,1.9163388820422858,2.087222078915293,1.879721066914328,2.0383987426757812,17329,0.0,0.0
2020-02-21 00:00:00-05:00,2.03839953777292,2.0445018536399293,1.8675153801068527,1.9590606689453125,4056,0.0,0.0
2020-02-24 00:00:00-05:00,1.85530960559845,1.8858242238559644,1.6844254543621069,1.8553096055984497,21016,0.0,0.0
2020-02-25 00:00:00-05:00,1.769867802894521,1.806485636574304,1.7393531799316406,1.7393531799316406,9340,0.0,0.0
2020-02-26 00:00:00-05:00,1.7393526849953935,1.8186915404958341,1.6844252347946167,1.6844252347946167,7128,0.0,0.0
2020-02-27 00:00:00-05:00,1.6111897999526112,1.6539108378056353,1.5318509340286255,1.5318509340286255,44613,0.0,0.0
2020-02-28 00:00:00-05:00,1.5257476738662885,1.5257476738662885,1.379275740522085,1.4708210229873657,20524,0.0,0.0
2020-03-02 00:00:00-05:00,1.4586147434937444,1.93464871339274,1.415894505066506,1.5928810834884644,76444,0.0,0.0
2020-03-03 00:00:00-05:00,1.7027343668212884,1.7271464905913945,1.5928808828218692,1.7149407863616943,23351,0.0,0.0
2020-03-04 00:00:00-05:00,1.806485366723861,2.5815656513512835,1.623395510363854,1.6294987201690674,465791,0.0,0.0
2020-03-05 00:00:00-05:00,1.5928808072371985,1.7881763575095588,1.5928808072371985,1.653910756111145,28759,0.0,0.0
2020-03-06 00:00:00-05:00,1.61729277493223,1.812588306497689,1.5013353824615479,1.5013353824615479,20647,0.0,0.0
2020-03-09 00:00:00-04:00,1.5013358256582143,1.6294989584442172,1.2816281983752147,1.287731409072876,33306,0.0,0.0
2020-03-10 00:00:00-04:00,1.3670700944315215,1.446408961087865,1.299936932141264,1.3792757987976074,29619,0.0,0.0
2020-03-11 00:00:00-04:00,1.3060404337212388,1.3853793181001968,1.2450104676365887,1.2755258083343506,18312,0.0,0.0
2020-03-12 00:00:00-04:00,1.2205980264810214,1.3731732603905196,0.7506681408116894,1.2999368906021118,31339,0.0,0.0
2020-03-13 00:00:00-04:00,1.3487611095064793,1.550159781092618,1.0680234860101938,1.190083384513855,95125,0.0,0.0
2020-03-16 00:00:00-04:00,2.367960312979972,2.367960312979972,1.0680234693171011,1.2205979824066162,39082,0.0,0.0
2020-03-17 00:00:00-04:00,1.2511133099129867,1.4830265940482343,1.1107445008410004,1.3060400485992432,37607,0.0,0.0
2020-03-18 00:00:00-04:00,1.1473624139852594,1.202289156853315,0.8849337781707667,1.0558171272277832,28390,0.0,0.0
2020-03-19 00:00:00-04:00,1.0558171654704493,1.1595681604085442,1.0558171654704493,1.1351567506790161,7497,0.0,0.0
2020-03-20 00:00:00-04:00,1.1290535872000356,1.3243491649627686,1.0924358451972163,1.3243491649627686,12290,0.0,0.0
2020-03-23 00:00:00-04:00,1.2144954735316276,1.4342031416714438,1.0375081249014881,1.1656712293624878,6759,0.0,0.0
2020-03-24 00:00:00-04:00,1.3548645358355085,1.3548645358355085,1.2205981968092585,1.2511135339736938,6514,0.0,0.0
2020-03-25 00:00:00-04:00,1.2450104676365887,1.3182461408138195,1.1290537466690154,1.2755258083343506,8849,0.0,0.0
2020-03-26 00:00:00-04:00,1.3365557744190009,1.3975849357789183,1.1839805015519385,1.2755258083343506,14011,0.0,0.0
2020-03-27 00:00:00-04:00,1.2694224922907063,1.5257479531380456,0.9764783931543611,1.287731409072876,137771,0.0,0.0
2020-03-30 00:00:00-04:00,1.3487609348033776,1.7759704348165133,1.232804260837807,1.4525119066238403,235476,0.0,0.0
2020-03-31 00:00:00-04:00,1.5867774751182981,1.7576616048823843,1.2816278437466977,1.3731731176376343,37976,0.0,0.0
2020-04-01 00:00:00-04:00,1.2816281983752147,1.562365786702385,1.2816281983752147,1.287731409072876,13273,0.0,0.0
2020-04-02 00:00:00-04:00,1.342657958414257,1.4036879103218243,1.1473623984343249,1.1839802265167236,72511,0.0,0.0
2020-04-03 00:00:00-04:00,1.1412591694235321,1.2877311945962169,1.1412591694235321,1.2144955396652222,8603,0.0,0.0
2020-04-06 00:00:00-04:00,1.214495488294288,1.3548642978484813,1.214495488294288,1.2205979824066162,5776,0.0,0.0
2020-04-07 00:00:00-04:00,1.2267011918296096,1.2877311401275486,1.2205979824066162,1.2205979824066162,15731,0.0,0.0
2020-04-08 00:00:00-04:00,1.3121433225456416,1.3121433225456416,1.135156678976839,1.1717745065689087,15240,0.0,0.0
2020-04-09 00:00:00-04:00,1.2816279769826826,1.3914821740099488,1.2267012361243947,1.2999368906021118,17575,0.0,0.0
2020-04-13 00:00:00-04:00,1.3365554133033488,1.3365554133033488,1.2938343770555394,1.3304522037506104,9463,0.0,0.0
2020-04-14 00:00:00-04:00,1.3426580495656104,1.5867777843550204,1.3060402189972733,1.4952332973480225,51864,0.0,0.0
2020-04-15 00:00:00-04:00,1.5257476812364636,1.5257476812364636,1.2999368834972618,1.3853789567947388,18927,0.0,0.0
2020-04-16 00:00:00-04:00,1.3304522660225497,1.3792757987976074,1.2205980654849204,1.3792757987976074,9463,0.0,0.0
2020-04-17 00:00:00-04:00,1.3731731870303354,1.3731731870303354,1.2938343271478316,1.3365553617477417,20033,0.0,0.0
2020-04-20 00:00:00-04:00,1.220597918545318,2.2520035079829737,1.220597918545318,1.5806742906570435,727076,0.0,0.0
2020-04-21 00:00:00-04:00,1.8919271643503444,1.8919271643503444,1.4219965306471827,1.5867774486541748,214460,0.0,0.0
2020-04-22 00:00:00-04:00,1.409791066693491,1.5135419631228106,1.2938343770555394,1.3304522037506104,88857,0.0,0.0
2020-04-23 00:00:00-04:00,1.3426579853705862,1.4952332258580867,1.3426579853705862,1.3914822340011597,29004,0.0,0.0
2020-04-24 00:00:00-04:00,1.4708208679057837,1.4708208679057837,1.3121431580281464,1.4036877155303955,39942,0.0,0.0
2020-04-27 00:00:00-04:00,1.3975845678137306,1.4342031994858864,1.342657916806114,1.4280999898910522,23228,0.0,0.0
2020-04-28 00:00:00-04:00,1.4158942826946075,1.4952331459988195,1.3731732462522344,1.4708210229873657,56042,0.0,0.0
2020-04-29 00:00:00-04:00,1.4708209907812981,1.5745718854113302,1.415894251691252,1.5135419368743896,26669,0.0,0.0
2020-04-30 00:00:00-04:00,1.415894235073058,1.4647176747293407,1.4036878163225344,1.4342031478881836,8849,0.0,0.0
2020-05-01 00:00:00-04:00,1.4036876170372778,1.409790825546051,1.3731730051145288,1.397584319114685,8603,0.0,0.0
2020-05-04 00:00:00-04:00,1.379275754723202,1.379275754723202,1.2572158537198799,1.2999368906021118,23843,0.0,0.0
2020-05-05 00:00:00-04:00,1.2694221564626,1.3670699252382026,1.2572157382965088,1.2572157382965088,14256,0.0,0.0
2020-05-06 00:00:00-04:00,1.3121433518180639,1.4647177858785116,1.3121433518180639,1.3792757987976074,17820,0.0,0.0
2020-05-07 00:00:00-04:00,1.3548643266508844,1.4158942762462297,1.318245784645133,1.3304522037506104,20893,0.0,0.0
2020-05-08 00:00:00-04:00,1.3609667683957023,1.3731731870303354,1.3365553617477417,1.3365553617477417,7988,0.0,0.0
2020-05-11 00:00:00-04:00,1.3548643230834458,1.5013355400642274,1.3121432869481233,1.4403055906295776,37607,0.0,0.0
2020-05-12 00:00:00-04:00,1.4403057467709164,1.5867777843550204,1.4342033412972088,1.4952332973480225,51495,0.0,0.0
2020-05-13 00:00:00-04:00,1.4464089398165656,1.501335592208417,1.391482198010876,1.409791111946106,12536,0.0,0.0
2020-05-14 00:00:00-04:00,1.45251214956521,1.45251214956521,1.409791111946106,1.409791111946106,9955,0.0,0.0
2020-05-15 00:00:00-04:00,1.3914823088998476,1.4647178810631636,1.1778771037818605,1.354864478111267,48791,0.0,0.0
2020-05-18 00:00:00-04:00,1.3365554758609497,1.4403056618356258,1.281628017936778,1.3792757987976074,11675,0.0,0.0
2020-05-19 00:00:00-04:00,1.421996895113885,1.4891300643668752,1.3487613201141357,1.3487613201141357,10692,0.0,0.0
2020-05-20 00:00:00-04:00,1.3426578217897356,1.3670699431308055,1.2938342944182308,1.3121432065963745,11553,0.0,0.0
2020-05-21 00:00:00-04:00,1.354864374622826,1.3731732886186285,1.3121433368623843,1.3670700788497925,9586,0.0,0.0
2020-05-22 00:00:00-04:00,1.3243488594643498,1.421996536406679,1.3243488594643498,1.360966682434082,3687,0.0,0.0
2020-05-26 00:00:00-04:00,1.4952332523785279,1.4952332523785279,1.360966923918376,1.4830267429351807,15362,0.0,0.0
2020-05-27 00:00:00-04:00,2.422887540921,3.112524926621299,1.8431029074020875,2.075016975402832,14008879,0.0,0.0
2020-05-28 00:00:00-04:00,2.026192982808976,2.026192982808976,1.678322911262512,1.6783229112625122,386398,0.0,0.0
2020-05-29 00:00:00-04:00,1.6966318611299225,1.8308974680105963,1.5928808722768424,1.6600133180618286,87751,0.0,0.0
2020-06-01 00:00:00-04:00,1.6661166631658293,1.6966319989835357,1.5257478351502018,1.5745720863342285,132855,0.0,0.0
2020-06-02 00:00:00-04:00,1.5501599384299758,1.5623656433949198,1.4830267728459108,1.5074388980865479,89963,0.0,0.0
2020-06-03 00:00:00-04:00,1.4952332523785279,1.5867777366323037,1.4586146181869044,1.4830267429351807,73371,0.0,0.0
2020-06-04 00:00:00-04:00,1.415894334818253,1.6294987201690674,1.312143344683178,1.6294987201690674,384677,0.0,0.0
2020-06-05 00:00:00-04:00,1.733249511028345,2.1360468268199804,1.666116356821587,1.8370004892349243,1138668,0.0,0.0
2020-06-08 00:00:00-04:00,1.8614120681819541,1.9407509326654535,1.7149407585574596,1.8308974504470825,202539,0.0,0.0
2020-06-09 00:00:00-04:00,1.74545535560796,1.8247942191512607,1.6111897516063785,1.6783229112625122,89225,0.0,0.0
2020-06-10 00:00:00-04:00,1.7393529628294027,1.7454554574737886,1.5867777211266592,1.708837628364563,124129,0.0,0.0
2020-06-11 00:00:00-04:00,1.5806745200021879,1.6233955593051936,1.5135420713638061,1.5257477760314941,59852,0.0,0.0
2020-06-12 00:00:00-04:00,1.5562631412921748,1.672219841504659,1.5257478060563527,1.5501599311828613,77673,0.0,0.0
2020-06-15 00:00:00-04:00,1.4769242133678375,1.6539107616925146,1.4769242133678375,1.568468689918518,62556,0.0,0.0
2020-06-16 00:00:00-04:00,1.6294986389984192,1.6722196748854177,1.5562629862268076,1.568468689918518,32323,0.0,0.0
2020-06-17 00:00:00-04:00,1.5684684661381356,1.6294984065106235,1.5318506449767573,1.5379538536071777,37116,0.0,0.0
2020-06-18 00:00:00-04:00,1.5257475677558885,2.0078839236307995,1.5257475677558885,1.9773693084716797,1103888,0.0,0.0
2020-06-19 00:00:00-04:00,1.9285454027733726,1.965163233485936,1.6111899161834784,1.6722198724746704,655180,0.0,0.0
2020-06-22 00:00:00-04:00,1.6294986196441228,1.7271463939500227,1.5501597583136622,1.5989832878112793,178082,0.0,0.0
2020-06-23 00:00:00-04:00,1.6783232186950632,1.9468544758873505,1.5806747084678858,1.7393531799316406,729411,0.0,0.0
2020-06-24 00:00:00-04:00,1.7393528986171143,1.7393528986171143,1.5989833666959403,1.6600133180618286,147111,0.0,0.0
2020-06-25 00:00:00-04:00,1.6478075981140137,1.6661165118171672,1.598983351365142,1.6478075981140137,55428,0.0,0.0
2020-06-26 00:00:00-04:00,1.6356016892898038,1.6356016892898038,1.5440564169256505,1.5867774486541748,63539,0.0,0.0
2020-06-29 00:00:00-04:00,1.5684684661381356,1.6050862872995137,1.5257474363463368,1.5379538536071777,85415,0.0,0.0
2020-06-30 00:00:00-04:00,1.5318506449767573,1.5928805853492451,1.5013353171352273,1.5379538536071777,51003,0.0,0.0
2020-07-01 00:00:00-04:00,1.5257479134911045,1.5928810834884644,1.5196447029520364,1.5928810834884644,43875,0.0,0.0
2020-07-02 00:00:00-04:00,1.592880971326565,1.6294988013609553,1.5440567210735479,1.5501599311828613,28513,0.0,0.0
2020-07-06 00:00:00-04:00,1.5867774132763444,1.6356016528234176,1.525747471497797,1.5623652935028076,104957,0.0,0.0
2020-07-07 00:00:00-04:00,1.568468689918518,1.6356018484996118,1.568468689918518,1.568468689918518,31708,0.0,0.0
2020-07-08 00:00:00-04:00,1.5806743748358398,1.6050864972399812,1.556262967742364,1.5989832878112793,8234,0.0,0.0
2020-07-09 00:00:00-04:00,1.5928809399806076,1.6172930646267154,1.5257477760314941,1.5257477760314941,74109,0.0,0.0
2020-07-10 00:00:00-04:00,1.507438786588444,1.824794245311201,1.507438786588444,1.6050865650177002,639449,0.0,0.0
2020-07-13 00:00:00-04:00,1.5928808614745273,1.6417043930497144,1.403687888343936,1.4219967126846313,196640,0.0,0.0
2020-07-14 00:00:00-04:00,1.4464088494582947,1.4830265856273783,1.4219966378856321,1.476924180984497,31954,0.0,0.0
2020-07-15 00:00:00-04:00,1.4342030037092788,1.5257474691682067,1.42199649677203,1.5196442604064941,70053,0.0,0.0
2020-07-16 00:00:00-04:00,1.4830265880417175,1.9224419263733865,1.4280999389917564,1.8980305194854736,1051041,0.0,0.0
2020-07-17 00:00:00-04:00,1.8370006383491135,1.910236292293488,1.6417043689796391,1.6783229112625122,292994,0.0,0.0
2020-07-20 00:00:00-04:00,1.6539106539609532,1.7210430928585352,1.568468587752437,1.623395323753357,168496,0.0,0.0
2020-07-21 00:00:00-04:00,1.6417044735216322,1.7698675913962638,1.5623656049261165,1.7637643814086914,493321,0.0,0.0
2020-07-22 00:00:00-04:00,1.8247944938418033,1.9224422855703458,1.6478078266268952,1.6905288696289062,313026,0.0,0.0
2020-07-23 00:00:00-04:00,1.6783227411250072,1.7454551786650028,1.641704202554285,1.6844252347946167,99303,0.0,0.0
2020-07-24 00:00:00-04:00,1.647807746896042,1.7088377031872337,1.647807746896042,1.6722198724746704,25317,0.0,0.0
2020-07-27 00:00:00-04:00,1.6539108077852964,1.7454553763010634,1.6050865610364244,1.6478075981140137,33060,0.0,0.0
2020-07-28 00:00:00-04:00,1.6111898422241213,1.6783230056560083,1.5867777177660962,1.611189842224121,72757,0.0,0.0
2020-07-29 00:00:00-04:00,1.6478072090508478,1.7027339371915782,1.6050861820601048,1.6661161184310913,31831,0.0,0.0
2020-07-30 00:00:00-04:00,1.6233955467977708,1.660013375829445,1.592880927708284,1.611189842224121,13150,0.0,0.0
2020-07-31 00:00:00-04:00,1.598983351365142,1.6661165118171672,1.598983351365142,1.6478075981140137,17698,0.0,0.0
2020-08-03 00:00:00-04:00,1.6478071967238375,2.5144318217569097,1.5562626505074522,1.6966314315795898,5683388,0.0,0.0
2020-08-04 00:00:00-04:00,1.6172927778790942,1.678322721018328,1.5867774486541748,1.5867774486541748,426709,0.0,0.0
2020-08-05 00:00:00-04:00,1.5989832878112793,1.6233954102154209,1.5867775842645415,1.5989832878112793,228348,0.0,0.0
2020-08-06 00:00:00-04:00,1.5867775498411167,1.617292881011963,1.5135418995281265,1.617292881011963,218147,0.0,0.0
2020-08-07 00:00:00-04:00,1.586777662547043,1.6600133180618286,1.5501598347896504,1.6600133180618286,131380,0.0,0.0
2020-08-10 00:00:00-04:00,1.6356016448590602,1.7820729321658788,1.6294984361177476,1.7210429906845093,211019,0.0,0.0
2020-08-11 00:00:00-04:00,1.769867581983515,1.8247943256473536,1.6478076747456112,1.708837628364563,1043298,0.0,0.0
2020-08-12 00:00:00-04:00,1.6600133385737135,1.782073242813718,1.5501598539441352,1.6294987201690674,370298,0.0,0.0
2020-08-13 00:00:00-04:00,1.617293052166309,1.6905287102296578,1.5989834223397457,1.611189842224121,134453,0.0,0.0
2020-08-14 00:00:00-04:00,1.5989834966154826,1.6111899170668689,1.5684688761085352,1.5745720863342285,63785,0.0,0.0
2020-08-17 00:00:00-04:00,1.5745721671820563,1.6356021266403482,1.5623657461039204,1.5928810834884644,84432,0.0,0.0
2020-08-18 00:00:00-04:00,1.5989834894408808,1.6050866996391888,1.4891299977358698,1.4952332973480225,143547,0.0,0.0
2020-08-19 00:00:00-04:00,1.4830265856273783,1.5623654461605825,1.452512058825667,1.476924180984497,93158,0.0,0.0
2020-08-20 00:00:00-04:00,1.4647176557790327,1.8553094598398316,1.4036877981618219,1.617292881011963,1826294,0.0,0.0
2020-08-21 00:00:00-04:00,1.519644595947039,1.6539109264874639,1.4952332755451192,1.5501599311828613,774884,0.0,0.0
2020-08-24 00:00:00-04:00,1.5623654461605825,1.5623654461605825,1.470820971617125,1.476924180984497,105079,0.0,0.0
2020-08-25 00:00:00-04:00,1.5196445299107626,1.5440566539764404,1.4708210865039608,1.5440566539764404,122285,0.0,0.0
2020-08-26 00:00:00-04:00,1.495233113258208,1.544056553487526,1.4769242002281926,1.5135419368743896,187791,0.0,0.0
2020-08-27 00:00:00-04:00,1.4891296151849587,1.5867773767188247,1.4891296151849587,1.5379538536071777,84309,0.0,0.0
2020-08-28 00:00:00-04:00,1.5257474691682067,1.5806742020918576,1.5013353494319437,1.5196442604064941,237566,0.0,0.0
2020-08-31 00:00:00-04:00,1.4891297949947506,1.6050864811108707,1.470820971617125,1.476924180984497,501432,0.0,0.0
2020-09-01 00:00:00-04:00,1.489129850493503,1.513541973562155,1.4097910764172348,1.4280999898910522,86522,0.0,0.0
2020-09-02 00:00:00-04:00,1.440305447891545,1.458614359376411,1.342657770949216,1.360966682434082,80745,0.0,0.0
2020-09-03 00:00:00-04:00,1.3487609798810405,1.3853788028507728,1.3121431569113085,1.360966682434082,54813,0.0,0.0
2020-09-04 00:00:00-04:00,1.3426582703098544,1.367070399805889,1.2511136788383157,1.2755258083343506,91683,0.0,0.0
2020-09-08 00:00:00-04:00,1.2450098183172815,1.360966478809108,1.2328041175904314,1.269421935081482,145145,0.0,0.0
2020-09-09 00:00:00-04:00,1.2999368712975976,1.3853789437932167,1.2633190446025266,1.3304522037506104,180171,0.0,0.0
2020-09-10 00:00:00-04:00,1.3487611170981457,1.4525121029413006,1.281627957950062,1.3304522037506104,183735,0.0,0.0
2020-09-11 00:00:00-04:00,1.3365554606270231,1.3975846076587235,1.299936917324712,1.3670700788497925,91315,0.0,0.0
2020-09-14 00:00:00-04:00,1.4708208852268478,1.4708208852268478,1.2999367554627617,1.3731731176376343,49406,0.0,0.0
2020-09-15 00:00:00-04:00,1.434203043684154,1.434203043684154,1.354864188812865,1.360966682434082,26792,0.0,0.0
2020-09-16 00:00:00-04:00,1.3792757471847228,1.397584571290248,1.3426579201460003,1.3853789567947388,58869,0.0,0.0
2020-09-17 00:00:00-04:00,1.3670701096858728,1.4281000628187288,1.3426579853705862,1.3914822340011597,37853,0.0,0.0
2020-09-18 00:00:00-04:00,1.3853788040299457,1.4280998359678647,1.3731731014665154,1.4036877155303955,18558,0.0,0.0
2020-09-21 00:00:00-04:00,1.3792757649009943,1.4281000117868778,1.373173270523281,1.4219967126846313,40188,0.0,0.0
2020-09-22 00:00:00-04:00,1.3914822184744073,1.42199674763114,1.3792757987976074,1.3792757987976074,12413,0.0,0.0
2020-09-23 00:00:00-04:00,1.3792757785135874,1.4158943216947504,1.3792757785135874,1.409791111946106,24580,0.0,0.0
2020-09-24 00:00:00-04:00,1.3853788028507728,1.3853788028507728,1.342657770949216,1.360966682434082,18681,0.0,0.0
2020-09-25 00:00:00-04:00,1.3792759603529794,1.434203424710836,1.3609670440039598,1.4158945083618164,33552,0.0,0.0
2020-09-28 00:00:00-04:00,1.4464091062545776,1.4891300593757355,1.4036880637195717,1.4464091062545776,107906,0.0,0.0
2020-09-29 00:00:00-04:00,1.47692413433468,1.5867775181997894,1.4342031007337694,1.4647176265716553,304792,0.0,0.0
2020-09-30 00:00:00-04:00,1.4952332825354475,1.5501599384299758,1.4647178577431201,1.5074388980865479,157066,0.0,0.0
2020-10-01 00:00:00-04:00,1.5440566250598513,1.727146479157516,1.5257477111811548,1.6600133180618286,303440,0.0,0.0
2020-10-02 00:00:00-04:00,1.5379540214026732,1.6661164094504062,1.5379540214026732,1.617292881011963,86522,0.0,0.0
2020-10-05 00:00:00-04:00,1.6661161313043318,1.6966314573808643,1.5440562576192636,1.63560152053833,241867,0.0,0.0
2020-10-06 00:00:00-04:00,1.6172929843905424,1.7515585903169328,1.5501598237719991,1.6050865650177002,338221,0.0,0.0
2020-10-07 00:00:00-04:00,1.6294986844108603,1.78207320370737,1.5928808570045536,1.6478075981140137,354198,0.0,0.0
2020-10-08 00:00:00-04:00,1.6722200079781604,1.7393531799316406,1.6539110911382688,1.7393531799316406,85047,0.0,0.0
2020-10-09 00:00:00-04:00,1.7149409547273202,1.9834721966296283,1.7149409547273202,1.8064855337142944,965994,0.0,0.0
2020-10-12 00:00:00-04:00,1.95295731098687,2.0017808413992846,1.8431031157652484,1.8919273614883423,376566,0.0,0.0
2020-10-13 00:00:00-04:00,1.8675152544881701,1.9468541179790373,1.7759706871182022,1.9041330814361572,89594,0.0,0.0
2020-10-14 00:00:00-04:00,1.879721673677956,1.977369450642817,1.8492063410141766,1.9041330814361572,121179,0.0,0.0
2020-10-15 00:00:00-04:00,1.873618448169852,1.8919273614883423,1.7759706720343433,1.8919273614883423,112699,0.0,0.0
2020-10-16 00:00:00-04:00,1.8919273400339454,1.9712662019512635,1.8797216363969238,1.965162992477417,94387,0.0,0.0
2020-10-19 00:00:00-04:00,1.934648544234341,2.0567084524784653,1.8125886359902168,1.9590606689453125,255017,0.0,0.0
2020-10-20 00:00:00-04:00,2.0261929035186768,2.0261929035186768,1.9834718686193504,2.0261929035186768,82835,0.0,0.0
2020-10-21 00:00:00-04:00,2.0139873110946636,2.0139873110946636,1.8858241993339548,1.9285452365875244,54076,0.0,0.0
2020-10-22 00:00:00-04:00,1.9468539271133067,2.0261927828259485,1.8797214893937575,1.9407507181167603,535598,0.0,0.0
2020-10-23 00:00:00-04:00,1.977369376367382,2.001780783208624,1.9102362192773215,1.9834718704223633,70053,0.0,0.0
2020-10-26 00:00:00-04:00,1.9834718023171232,1.9895750114732007,1.9102361536867285,1.9773693084716797,91438,0.0,0.0
2020-10-27 00:00:00-04:00,1.9834720783455506,1.995678498356403,1.9102364195233694,1.9590606689453125,57640,0.0,0.0
2020-10-28 00:00:00-04:00,1.9224420189623916,1.9407509326654535,1.788176413369707,1.8308974504470825,372264,0.0,0.0
2020-10-29 00:00:00-04:00,1.9102370401063438,1.9102370401063438,1.67222035629851,1.8736191987991333,178082,0.0,0.0
2020-10-30 00:00:00-04:00,1.8308973337542391,1.8308973337542391,1.727146352509029,1.745455265045166,49283,0.0,0.0
2020-11-02 00:00:00-05:00,1.7149407628197986,1.7149407628197986,1.5867776512691332,1.6050865650177002,109873,0.0,0.0
2020-11-03 00:00:00-05:00,1.6111899161834784,1.7088377031872337,1.6111899161834784,1.6722198724746704,45965,0.0,0.0
2020-11-04 00:00:00-05:00,1.7088375863939993,1.7088375863939993,1.6111898060641376,1.6294987201690674,42892,0.0,0.0
2020-11-05 00:00:00-05:00,1.653910756111145,1.7088374955044954,1.6478075466305488,1.653910756111145,40188,0.0,0.0
2020-11-06 00:00:00-05:00,1.6233954747395778,1.6905286351916031,1.6172929803789895,1.6478075981140137,114297,0.0,0.0
2020-11-09 00:00:00-05:00,1.7454552459031403,1.8675151383458835,1.7149406304477748,1.8614119291305542,208807,0.0,0.0
2020-11-10 00:00:00-05:00,1.830897512350423,1.9224420839608887,1.824794302472819,1.879721760749817,106308,0.0,0.0
2020-11-11 00:00:00-05:00,1.9102362062675615,1.9468540315906948,1.8553094682828615,1.8858240842819214,433468,0.0,0.0
2020-11-12 00:00:00-05:00,2.075017153631471,2.1299437132675996,1.7820731178699183,1.8980305194854736,586602,0.0,0.0
2020-11-13 00:00:00-05:00,1.8797216030704402,1.9834718704223633,1.8614119749735214,1.9834718704223633,94510,0.0,0.0
2020-11-16 00:00:00-05:00,2.020090241656839,2.1665613528185035,1.9834717038489122,2.075016975402832,275419,0.0,0.0
2020-11-17 00:00:00-05:00,2.0872229414238954,2.178768232383744,2.0322963748621232,2.1421496868133545,132978,0.0,0.0
2020-11-18 00:00:00-05:00,2.1909737946901036,2.2581069560015528,2.160459176564438,2.1726648807525635,194305,0.0,0.0
2020-11-19 00:00:00-05:00,2.2581072145021714,2.435093879699707,2.1970772559536296,2.435093879699707,743914,0.0,0.0
2020-11-20 00:00:00-05:00,1.9773694753741777,2.099429376934553,1.91633952459399,2.0139873027801514,562759,0.0,0.0
2020-11-23 00:00:00-05:00,2.0445015433711267,2.1665614330917258,2.0139871074239455,2.129943609237671,275542,0.0,0.0
2020-11-24 00:00:00-05:00,2.1848702994461817,2.1848702994461817,1.9041328808342766,2.0567080974578857,158664,0.0,0.0
2020-11-25 00:00:00-05:00,2.0200904151676773,2.0322961186116335,1.8431030657110201,1.8980305194854736,110610,0.0,0.0
2020-11-27 00:00:00-05:00,1.952957317637882,2.050605094105941,1.9102362813123535,2.0322961807250977,134821,0.0,0.0
2020-11-30 00:00:00-05:00,2.117738210614969,2.3191367902206355,2.0628105774431806,2.3130335807800293,221097,0.0,0.0
2020-12-01 00:00:00-05:00,2.190973794533961,2.746345852991405,2.190973794533961,2.4961235523223877,498237,0.0,0.0
2020-12-02 00:00:00-05:00,2.3801668110596705,2.6853158473968506,2.3679603918073426,2.6853158473968506,140843,0.0,0.0
2020-12-03 00:00:00-05:00,2.667007114467648,2.8623033979362766,2.6364924948914252,2.8317880630493164,165546,0.0,0.0
2020-12-04 00:00:00-05:00,2.8195822227931604,3.4481902943713503,2.8134790130468947,3.2345852851867676,523554,0.0,0.0
2020-12-07 00:00:00-05:00,3.295614663102618,3.313923395016329,2.8378906427752253,2.972156047821045,215444,0.0,0.0
2020-12-08 00:00:00-05:00,2.959950852191406,3.4848081119103775,2.9050242893974185,3.411571741104126,238057,0.0,0.0
2020-12-09 00:00:00-05:00,3.4176746266676217,3.4542924490262106,3.1247313324883157,3.2284817695617676,82343,0.0,0.0
2020-12-10 00:00:00-05:00,3.2040707675072926,3.283409452196995,3.1552465213532073,3.2651007175445557,29250,0.0,0.0
2020-12-11 00:00:00-05:00,3.265100373026822,3.265100373026822,2.99046509035432,3.1064226627349854,98074,0.0,0.0
2020-12-14 00:00:00-05:00,3.204070806503296,3.265100757283341,3.1552465597549824,3.204070806503296,50020,0.0,0.0
2020-12-15 00:00:00-05:00,3.204070743768071,3.277306397145904,3.106422967494067,3.2467916011810303,46579,0.0,0.0
2020-12-16 00:00:00-05:00,3.258996985246219,3.265100373026822,3.094216244829084,3.1064226627349854,33306,0.0,0.0
2020-12-17 00:00:00-05:00,3.0942163572000143,3.1064227755492095,2.8684053073292435,2.9294352531433105,116018,0.0,0.0
2020-12-18 00:00:00-05:00,2.9599505492955496,3.0148772852964827,2.8928175739149804,2.947744131088257,40434,0.0,0.0
2020-12-21 00:00:00-05:00,2.947744221776318,3.3200271129608154,2.8989208722046254,3.3200271129608154,170708,0.0,0.0
2020-12-22 00:00:00-05:00,3.3749538741812084,3.5824558494242678,3.3749538741812084,3.4726016521453857,87136,0.0,0.0
2020-12-23 00:00:00-05:00,3.545837766781453,3.7716481029432543,3.5214256452205444,3.6373825073242188,79516,0.0,0.0
2020-12-24 00:00:00-05:00,3.6617949008941655,3.79606050648685,3.5641471227076043,3.661794900894165,14871,0.0,0.0
2020-12-28 00:00:00-05:00,3.6556915573266404,3.7838548489616715,3.1979674573305816,3.2345852851867676,105694,0.0,0.0
2020-12-29 00:00:00-05:00,3.2589974279761837,3.332233084118107,2.8989211052548938,3.063701868057251,67103,0.0,0.0
2020-12-30 00:00:00-05:00,3.069804138045178,3.503116775290451,3.069804138045178,3.3688504695892334,38222,0.0,0.0
2020-12-31 00:00:00-05:00,3.4420873697665098,3.472601809991237,3.283409633948247,3.3139240741729736,39820,0.0,0.0
2021-01-04 00:00:00-05:00,3.326129922770083,3.429879991993656,3.2650999863990964,3.3322322368621826,63416,0.0,0.0
2021-01-05 00:00:00-05:00,3.350541914327379,3.57024960429346,3.228482364744839,3.417675256729126,48177,0.0,0.0
2021-01-06 00:00:00-05:00,3.4420875319530957,3.472601973615623,3.2895121047420472,3.344439744949341,43752,0.0,0.0
2021-01-07 00:00:00-05:00,3.3383357842051598,3.612970361656321,3.2834092263702455,3.5336313247680664,39451,0.0,0.0
2021-01-08 00:00:00-05:00,3.564147005469657,4.162240074258039,3.564147005469657,4.10731315612793,156697,0.0,0.0
2021-01-11 00:00:00-05:00,4.1378271964551105,4.552831094360388,4.1134150762293995,4.497903823852539,153748,0.0,0.0
2021-01-12 00:00:00-05:00,4.571140742183163,4.571140742183163,4.37584447186303,4.552831649780273,55305,0.0,0.0
2021-01-13 00:00:00-05:00,4.571140127062248,4.577242441731356,4.198857086576927,4.211063861846924,53584,0.0,0.0
2021-01-14 00:00:00-05:00,4.223269714892574,4.565037288966039,4.211064368774484,4.504007339477539,78041,0.0,0.0
2021-01-15 00:00:00-05:00,4.485698635697748,4.693200608441294,4.369741766641319,4.4368743896484375,25440,0.0,0.0
2021-01-19 00:00:00-05:00,4.485698668625023,4.613861600134561,4.247681898008837,4.552831649780273,62679,0.0,0.0
2021-01-20 00:00:00-05:00,4.552831552370812,4.595552051752844,4.284299633495147,4.479595184326172,29619,0.0,0.0
2021-01-21 00:00:00-05:00,4.534523469937271,4.8640846699313585,4.528420080734072,4.82136344909668,58500,0.0,0.0
2021-01-22 00:00:00-05:00,4.809157743656446,4.8823934069194035,4.5772436178057845,4.82136344909668,23351,0.0,0.0
2021-01-25 00:00:00-05:00,4.851878730717721,5.004453081440105,4.644376741056174,4.729818820953369,108398,0.0,0.0
2021-01-26 00:00:00-05:00,4.821362486206058,4.992246620106147,4.656581740290242,4.900701522827148,73371,0.0,0.0
2021-01-27 00:00:00-05:00,4.790848891068143,4.857981163508041,4.369742228017935,4.5284199714660645,43138,0.0,0.0
2021-01-28 00:00:00-05:00,4.613861281500125,5.034967874097443,4.540624916946289,5.016658782958984,100041,0.0,0.0
2021-01-29 00:00:00-05:00,5.077688095445572,5.736811810476706,4.491801461456689,4.638272762298584,521833,0.0,0.0
2021-02-01 00:00:00-05:00,4.7542302985895475,5.0471732552924236,4.41246274084966,4.955628871917725,78779,0.0,0.0
2021-02-02 00:00:00-05:00,5.004452542246516,5.004452542246516,4.558934169966774,4.705406188964844,60958,0.0,0.0
2021-02-03 00:00:00-05:00,4.760332911247944,4.961731497164612,4.57724306008848,4.919010639190674,50635,0.0,0.0
2021-02-04 00:00:00-05:00,4.888496386329779,5.053277151341277,4.693200823792608,4.784745216369629,41663,0.0,0.0
2021-02-05 00:00:00-05:00,4.8335687482372345,5.095997255620681,4.8335687482372345,5.041069984436035,25317,0.0,0.0
2021-02-08 00:00:00-05:00,5.169232774273467,5.39504381060302,5.041069859983944,5.285189628601074,84924,0.0,0.0
2021-02-09 00:00:00-05:00,5.340116590213413,5.498795024159591,5.2241600847013645,5.492691993713379,88119,0.0,0.0
2021-02-10 00:00:00-05:00,5.486588030620854,5.486588030620854,5.022760626560184,5.425558090209961,76075,0.0,0.0
2021-02-11 00:00:00-05:00,5.48658898701624,5.48658898701624,5.248572571344715,5.4194560050964355,29373,0.0,0.0
2021-02-12 00:00:00-05:00,5.456074308613596,6.878071140009884,5.266881075239785,6.041961669921875,328880,0.0,0.0
2021-02-16 00:00:00-05:00,6.414242635356133,7.317485295610524,6.231152462273685,7.134395122528076,191970,0.0,0.0
2021-02-17 00:00:00-05:00,6.896379079983059,6.896379079983059,6.109093189239502,6.109093189239502,112208,0.0,0.0
2021-02-18 00:00:00-05:00,6.3165967914482755,6.408141548081885,5.327911774590526,5.559825897216797,97951,0.0,0.0
2021-02-19 00:00:00-05:00,5.364529351439112,6.249463149136899,5.364529351439112,5.730709075927734,85784,0.0,0.0
2021-02-22 00:00:00-05:00,5.6513697785491095,6.127402582376629,5.498795088572529,5.803944110870361,30356,0.0,0.0
2021-02-23 00:00:00-05:00,5.74901849603905,5.74901849603905,4.418565850669802,5.303499698638916,126218,0.0,0.0
2021-02-24 00:00:00-05:00,5.279086864386499,5.6452665605553465,5.071585608806027,5.12651252746582,28021,0.0,0.0
2021-02-25 00:00:00-05:00,4.967834776714408,5.395044420054115,4.345329582543676,4.479595184326172,102130,0.0,0.0
2021-02-26 00:00:00-05:00,4.485699271828083,4.723715716795583,4.339227228219198,4.3636393547058105,40680,0.0,0.0
2021-03-01 00:00:00-05:00,4.381947408910659,4.74202407253145,4.375844378240273,4.479595184326172,91192,0.0,0.0
2021-03-02 00:00:00-05:00,4.491801548719269,4.876290330347703,4.424668569816431,4.705406188964844,45350,0.0,0.0
2021-03-03 00:00:00-05:00,4.815261545140493,4.931218081510895,4.546729564666748,4.546729564666748,36010,0.0,0.0
2021-03-04 00:00:00-05:00,4.66268453873416,4.668787926414898,3.997458557825014,4.150033950805664,87628,0.0,0.0
2021-03-05 00:00:00-05:00,4.15613685390898,4.381947566197237,3.9730470001915243,4.235475540161133,71282,0.0,0.0
2021-03-08 00:00:00-05:00,4.241579032539162,4.302608985272318,4.150034639922466,4.223269939422607,48545,0.0,0.0
2021-03-09 00:00:00-05:00,4.296505568045197,4.583346594344883,4.296505568045197,4.3880510330200195,41049,0.0,0.0
2021-03-10 00:00:00-05:00,4.394152973814557,4.668788272342075,4.394152973814557,4.638272762298584,41171,0.0,0.0
2021-03-11 00:00:00-05:00,4.827466156981965,4.96783478980472,4.729818381309149,4.937319278717041,71282,0.0,0.0
2021-03-12 00:00:00-05:00,4.833568230313228,5.236365672253147,4.760331876581084,5.0776872634887695,78902,0.0,0.0
2021-03-15 00:00:00-04:00,5.468280324636954,5.999240798516646,5.352323451869735,5.846665382385254,198729,0.0,0.0
2021-03-16 00:00:00-04:00,5.889386966496591,5.889386966496591,5.645267143828072,5.657473564147949,52478,0.0,0.0
2021-03-17 00:00:00-04:00,5.633061776206356,6.4691713963167405,5.614753038768393,6.359318256378174,148832,0.0,0.0
2021-03-18 00:00:00-04:00,6.3471106198201745,7.256456497400224,6.298287088147483,6.615642547607422,221343,0.0,0.0
2021-03-19 00:00:00-04:00,6.5790243346852995,8.525878087689494,6.560715244134246,8.452642440795898,384185,0.0,0.0
2021-03-22 00:00:00-04:00,8.995809683721623,9.233825744934459,6.444759197750138,6.682775974273682,554648,0.0,0.0
2021-03-23 00:00:00-04:00,6.829246895188083,7.018439413251229,6.005342770994858,6.041961669921875,146128,0.0,0.0
2021-03-24 00:00:00-04:00,6.353213424723538,7.305280484551162,6.109093629110779,6.975718975067139,156083,0.0,0.0
2021-03-25 00:00:00-04:00,6.77432010417991,7.286971850224725,6.402038072035295,6.945204257965088,103605,0.0,0.0
2021-03-26 00:00:00-04:00,7.097778494112868,7.164911112434158,6.475272976988195,6.707186698913574,74232,0.0,0.0
2021-03-29 00:00:00-04:00,6.920792210864837,6.920792210864837,6.249463080949243,6.627848148345947,82097,0.0,0.0
2021-03-30 00:00:00-04:00,6.475273825519446,6.597333732807255,6.182330477215141,6.267772197723389,53830,0.0,0.0
2021-03-31 00:00:00-04:00,6.225050877404407,6.487479781052538,5.980931782155566,5.999240875244141,74109,0.0,0.0
2021-04-01 00:00:00-04:00,5.98703409332644,6.341008083347383,5.98703409332644,6.084681510925293,34658,0.0,0.0
2021-04-05 00:00:00-04:00,6.408141091792031,6.707187466251183,6.139609872474849,6.560716152191162,68455,0.0,0.0
2021-04-06 00:00:00-04:00,6.603437035724889,6.792628842113279,6.456965013755236,6.670568943023682,27898,0.0,0.0
2021-04-07 00:00:00-04:00,6.71328814713292,7.000129074430491,6.71328814713292,6.908583641052246,46210,0.0,0.0
2021-04-08 00:00:00-04:00,6.9696151982439805,6.9696151982439805,6.487479355119552,6.774319648742676,46456,0.0,0.0
2021-04-09 00:00:00-04:00,6.80483633923175,7.128294855702134,6.487480138816698,7.055058479309082,48300,0.0,0.0
2021-04-12 00:00:00-04:00,6.774319325769419,7.012336078324836,6.688877616349961,6.713289737701416,61327,0.0,0.0
2021-04-13 00:00:00-04:00,6.737702292473984,7.250353297279043,6.72549694632375,6.859762191772461,49652,0.0,0.0
2021-04-14 00:00:00-04:00,6.768216895770298,6.963513168594023,6.7315994258057925,6.804835796356201,24211,0.0,0.0
2021-04-15 00:00:00-04:00,6.83535049898198,6.932998281503354,6.408141182209447,6.444759368896484,40680,0.0,0.0
2021-04-16 00:00:00-04:00,6.517995697128448,7.189324181573843,6.517995697128448,7.0184407234191895,65629,0.0,0.0
2021-04-19 00:00:00-04:00,7.604327626168956,7.933889169691745,7.048955355678104,7.561606407165527,261162,0.0,0.0
2021-04-20 00:00:00-04:00,7.708079626479797,7.811831174278748,6.871969219040712,7.311384677886963,268168,0.0,0.0
2021-04-21 00:00:00-04:00,7.207632630740177,7.62873888015747,7.055057581318975,7.628738880157471,117615,0.0,0.0
2021-04-22 00:00:00-04:00,7.549399738022127,7.653149821099716,6.8658646455170835,7.128293514251709,249979,0.0,0.0
2021-04-23 00:00:00-04:00,7.1893221065559025,8.116976941110519,7.061159907586124,8.092565536499023,141458,0.0,0.0
2021-04-26 00:00:00-04:00,8.361095582576805,9.062939643859863,8.220726627258093,9.062939643859863,205489,0.0,0.0
2021-04-27 00:00:00-04:00,9.276546812935246,9.459637023263372,8.550291148409451,8.80051326751709,153010,0.0,0.0
2021-04-28 00:00:00-04:00,8.898161111421542,9.1605892941714,8.55639352697714,8.666247367858887,56903,0.0,0.0
2021-04-29 00:00:00-04:00,8.800512994029804,8.81271905535974,8.171905127402153,8.416024208068848,58746,0.0,0.0
2021-04-30 00:00:00-04:00,8.367200014997728,8.965293396215069,8.367200014997728,8.78830623626709,59606,0.0,0.0
2021-05-03 00:00:00-04:00,9.551180343363795,11.43700457656237,8.934778564867036,10.92435359954834,452149,0.0,0.0
2021-05-04 00:00:00-04:00,11.137958252968064,11.137958252968064,9.294855229248125,10.417805671691895,311429,0.0,0.0
2021-05-05 00:00:00-04:00,10.936561736077481,10.973179210114395,10.069936262024177,10.863326072692871,155714,0.0,0.0
2021-05-06 00:00:00-04:00,10.924353717689053,10.924353717689053,10.015007900798238,10.137067794799805,124498,0.0,0.0
2021-05-07 00:00:00-04:00,10.277436002230205,11.534651599251166,10.277436002230205,11.260017395019531,223924,0.0,0.0
2021-05-10 00:00:00-04:00,11.58958009293569,13.792759135340386,11.412592919454298,12.151055335998535,806224,0.0,0.0
2021-05-11 00:00:00-04:00,11.479726927494628,11.900833205574905,10.497145373537077,10.838912963867188,278368,0.0,0.0
2021-05-12 00:00:00-04:00,10.771782363880902,11.00979920300959,9.337579727172852,9.337579727172852,245063,0.0,0.0
2021-05-13 00:00:00-04:00,9.691550561792582,10.497145669986528,9.154487394766862,9.746477127075195,190741,0.0,0.0
2021-05-14 00:00:00-04:00,9.880742564460576,10.069934361110699,8.66624666679835,9.1972074508667,253911,0.0,0.0
2021-05-17 00:00:00-04:00,8.95308840757882,9.551181145080031,8.69676325521146,9.23382568359375,167758,0.0,0.0
2021-05-18 00:00:00-04:00,9.361989992825722,10.582588486107538,9.361989992825722,10.00280475616455,183490,0.0,0.0
2021-05-19 00:00:00-04:00,9.709859831381127,9.75258105039501,9.154487560754381,9.502357482910156,176607,0.0,0.0
2021-05-20 00:00:00-04:00,9.557284665816553,9.746476473689478,8.97139728865133,9.612211227416992,132363,0.0,0.0
2021-05-21 00:00:00-04:00,9.58779872640545,9.764785181076654,9.154486420207775,9.50846004486084,147726,0.0,0.0
2021-05-24 00:00:00-04:00,9.325370726312821,10.375085638495749,9.325370726312821,10.222511291503906,189389,0.0,0.0
2021-05-25 00:00:00-04:00,10.32626080283348,10.521557071769374,9.349782319396748,9.600005149841309,227488,0.0,0.0
2021-05-26 00:00:00-04:00,9.166692874547731,9.471842268074218,8.373304594441006,8.910367012023926,340433,0.0,0.0
2021-05-27 00:00:00-04:00,9.3253721095056,9.60611015133329,9.191106835912358,9.441329002380371,173289,0.0,0.0
2021-05-28 00:00:00-04:00,9.502355232903039,9.746474995985757,9.35588394730187,9.593900680541992,141089,0.0,0.0
2021-06-01 00:00:00-04:00,9.679344476086948,10.350672847154794,9.593902046128798,10.265231132507324,185579,0.0,0.0
2021-06-02 00:00:00-04:00,10.301850900141675,10.649720842909518,10.100452286335832,10.594794273376465,209790,0.0,0.0
2021-06-03 00:00:00-04:00,10.484938243185512,10.613101165914234,10.112655535765002,10.21030330657959,54813,0.0,0.0
2021-06-04 00:00:00-04:00,10.356776609909396,10.594793393852228,9.764786165623656,9.892949104309082,67472,0.0,0.0
2021-06-07 00:00:00-04:00,9.892947785412822,13.060400497485563,9.795300015458855,12.724735260009766,1673283,0.0,0.0
2021-06-08 00:00:00-04:00,12.694223813393055,13.88430635705328,12.511132870717768,13.823277473449707,295574,0.0,0.0
2021-06-09 00:00:00-04:00,13.487610904132628,14.586149303499313,12.541646845321447,13.920923233032227,261285,0.0,0.0
2021-06-10 00:00:00-04:00,13.975851262797896,15.15983072712078,13.585258698185818,14.9035062789917,135559,0.0,0.0
2021-06-11 00:00:00-04:00,15.153728954292577,15.75792479897676,14.921815180986286,15.556526184082031,160139,0.0,0.0
2021-06-14 00:00:00-04:00,15.562630077816033,15.715205878325389,14.049088151114884,15.043876647949219,227242,0.0,0.0
2021-06-15 00:00:00-04:00,15.135420697633169,15.16593585773504,14.427474705756419,15.043876647949219,88242,0.0,0.0
2021-06-16 00:00:00-04:00,15.159827988186308,15.379535640189006,14.647177753927478,15.355123519897461,78656,0.0,0.0
2021-06-17 00:00:00-04:00,15.14152187359542,15.361229568775306,14.226074335863798,14.708210945129395,80868,0.0,0.0
2021-06-18 00:00:00-04:00,14.342027316162415,15.129313883679103,14.134525729582602,15.086592674255371,93773,0.0,0.0
2021-06-21 00:00:00-04:00,15.086595589334525,15.562627723030154,14.90350608704829,15.507701873779297,115034,0.0,0.0
2021-06-22 00:00:00-04:00,15.471084711317355,15.715204540732504,14.842476758587502,15.568733215332031,115772,0.0,0.0
2021-06-23 00:00:00-04:00,15.635858378078256,15.7029916955934,14.445776333126222,14.659380912780762,121917,0.0,0.0
2021-06-24 00:00:00-04:00,14.964536247601124,16.172929355061726,14.726519445080424,15.825057983398438,156943,0.0,0.0
2021-06-25 00:00:00-04:00,15.959318403174603,16.221747252498496,15.361225777953988,15.800641059875488,207086,0.0,0.0
2021-06-28 00:00:00-04:00,15.629762878446517,15.641968942056497,13.780557117128868,14.580048561096191,268782,0.0,0.0
2021-06-29 00:00:00-04:00,14.586149336721949,14.763135801068875,13.48761093485314,13.945335388183594,115526,0.0,0.0
2021-06-30 00:00:00-04:00,14.036878651903667,14.335925717096144,13.859892197247431,14.085702896118164,108275,0.0,0.0
2021-07-01 00:00:00-04:00,14.512912107770662,14.934018351021576,13.261799439017736,13.689008712768555,121917,0.0,0.0
2021-07-02 00:00:00-04:00,13.676804954033344,14.0246763204651,12.895622641031418,13.621877670288086,146251,0.0,0.0
2021-07-06 00:00:00-04:00,13.621878885993347,13.975853315543338,12.816284374985912,13.859895706176758,139369,0.0,0.0
2021-07-07 00:00:00-04:00,13.682906227274422,14.024674518260884,12.450102600917239,13.017680168151855,157804,0.0,0.0
2021-07-08 00:00:00-04:00,12.224294002689588,12.846798953990794,12.205984907302351,12.480618476867676,125727,0.0,0.0
2021-07-09 00:00:00-04:00,12.535541583090303,13.725625233322761,12.51112946404747,13.212973594665527,110610,0.0,0.0
2021-07-12 00:00:00-04:00,13.243490269060759,13.579155513945741,12.852899180623321,13.280108451843262,81974,0.0,0.0
2021-07-13 00:00:00-04:00,13.2801104051873,13.512024166300238,12.614884278655648,12.926136016845703,51372,0.0,0.0
2021-07-14 00:00:00-04:00,12.907826245899189,13.188564243182215,11.90083327717514,12.016789436340332,147603,0.0,0.0
2021-07-15 00:00:00-04:00,12.132746318847554,12.218187317824949,11.424799766489821,11.668919563293457,85415,0.0,0.0
2021-07-16 00:00:00-04:00,11.742154208027683,11.974068652986354,10.625307488832105,11.101340293884277,186439,0.0,0.0
2021-07-19 00:00:00-04:00,10.930455811350397,11.504137802250183,10.564277567387194,11.022001266479492,91438,0.0,0.0
2021-07-20 00:00:00-04:00,11.17457667805604,11.577374573753287,11.028105366266772,11.296636581420898,38959,0.0,0.0
2021-07-21 00:00:00-04:00,11.400387687269342,12.58436777638305,11.400387687269342,12.242599487304688,100901,0.0,0.0
2021-07-22 00:00:00-04:00,12.236495597126426,12.66980931640347,11.656712012365709,11.967965126037598,58746,0.0,0.0
2021-07-23 00:00:00-04:00,12.010687740149006,12.041201464491268,11.290534374870344,11.382079124450684,51864,0.0,0.0
2021-07-26 00:00:00-04:00,11.19898843288693,11.82149399107292,11.015898941526116,11.375975608825684,56288,0.0,0.0
2021-07-27 00:00:00-04:00,11.473624844368354,11.473624844368354,10.56427958734264,10.79008960723877,72019,0.0,0.0
2021-07-28 00:00:00-04:00,10.826706773487755,11.790979222998075,10.826706773487755,11.479726791381836,62679,0.0,0.0
2021-07-29 00:00:00-04:00,11.595683097839355,12.108334094580014,11.38207845625486,11.595683097839355,53093,0.0,0.0
2021-07-30 00:00:00-04:00,11.345458442021464,12.138847289323706,11.296634204822933,11.62009334564209,37239,0.0,0.0
2021-08-02 00:00:00-04:00,11.601786646930837,12.022892202972942,11.174576629360146,11.443108558654785,62310,0.0,0.0
2021-08-03 00:00:00-04:00,11.44921263490261,11.504139199339843,10.985385133829437,11.137959480285645,45719,0.0,0.0
2021-08-04 00:00:00-04:00,11.241711168042594,11.345461989216947,10.863326072692871,10.863326072692871,47562,0.0,0.0
2021-08-05 00:00:00-04:00,10.985385422815666,11.900833671567248,10.985385422815666,11.760464668273926,77181,0.0,0.0
2021-08-06 00:00:00-04:00,12.010686498772968,12.328041216351929,11.778772060329423,12.083921432495117,91438,0.0,0.0
2021-08-09 00:00:00-04:00,12.187672560323236,12.321937793386933,11.357665464717993,11.980170249938965,67226,0.0,0.0
2021-08-10 00:00:00-04:00,12.474512749225944,13.060399315946155,12.254805107878223,12.913928031921387,104096,0.0,0.0
2021-08-11 00:00:00-04:00,12.93834303074239,13.518126696729318,12.547750468706129,13.304520606994629,73740,0.0,0.0
2021-08-12 00:00:00-04:00,13.51812587781897,13.51812587781897,12.511131523986519,13.054298400878906,47931,0.0,0.0
2021-08-13 00:00:00-04:00,12.907825396528505,13.06040116252363,12.614882787060546,12.852899551391602,45350,0.0,0.0
2021-08-16 00:00:00-04:00,12.932237704675961,13.353343963623047,12.34024801598336,13.353343963623047,57640,0.0,0.0
2021-08-17 00:00:00-04:00,13.139740181798299,13.341138756480769,12.6209854536221,13.280108451843262,56534,0.0,0.0
2021-08-18 00:00:00-04:00,13.396061149806426,14.34202490556457,13.396061149806426,13.817167282104492,159524,0.0,0.0
2021-08-19 00:00:00-04:00,13.530329738195615,13.725625260301008,12.541644637502099,12.90782356262207,84801,0.0,0.0
2021-08-20 00:00:00-04:00,12.718635745645884,13.261801242123681,12.688119158375937,12.871210098266602,55919,0.0,0.0
2021-08-23 00:00:00-04:00,13.225182999652835,14.097910753716363,13.048196522442613,13.994160652160645,84432,0.0,0.0
2021-08-24 00:00:00-04:00,14.030776580875413,14.494604071389475,14.006364457098735,14.464090347290039,72511,0.0,0.0
2021-08-25 00:00:00-04:00,14.622766094070242,14.946223836875676,13.975849177838118,14.335925102233887,66120,0.0,0.0
2021-08-26 00:00:00-04:00,14.4518828261802,14.4518828261802,13.469301999220479,13.701215744018555,73371,0.0,0.0
2021-08-27 00:00:00-04:00,13.79886473275907,14.860784999839469,13.79886473275907,14.854681968688965,91806,0.0,0.0
2021-08-30 00:00:00-04:00,14.952327014369137,14.952327014369137,14.280997970466538,14.78144359588623,67718,0.0,0.0
2021-08-31 00:00:00-04:00,14.647182273307294,14.677696002465513,14.0490880028652,14.476297378540039,74846,0.0,0.0
2021-09-01 00:00:00-04:00,14.653280293659591,14.75703181155625,14.055187600001586,14.329822540283203,53830,0.0,0.0
2021-09-02 00:00:00-04:00,14.50070474765041,14.62886837666624,13.762243845805818,14.48849868774414,74723,0.0,0.0
2021-09-03 00:00:00-04:00,14.445781537836758,14.451883138279209,13.933129789712781,14.311514854431152,65014,0.0,0.0
2021-09-07 00:00:00-04:00,14.451884744051794,14.561739315407955,13.743938784465145,14.036881446838379,129659,0.0,0.0
2021-09-08 00:00:00-04:00,14.036880076485591,15.397847438359337,13.548640446032545,15.226963996887207,153625,0.0,0.0
2021-09-09 00:00:00-04:00,15.562627225214968,16.05086683610815,15.53211350132787,15.861674308776855,195165,0.0,0.0
2021-09-10 00:00:00-04:00,16.05086594848542,18.91927171558151,15.971527981772164,18.748388290405273,652353,0.0,0.0
2021-09-13 00:00:00-04:00,18.61412325208775,19.169496220942197,17.0883754914452,18.919273376464844,297787,0.0,0.0
2021-09-14 00:00:00-04:00,19.041328210146613,19.224417656867463,18.131982575166077,18.595809936523438,153133,0.0,0.0
2021-09-15 00:00:00-04:00,18.79110656607558,20.29244183576224,18.31507311774591,20.286338806152344,191847,0.0,0.0
2021-09-16 00:00:00-04:00,20.68913860707387,22.452902950216323,19.285451627423107,21.525249481201172,765052,0.0,0.0
2021-09-17 00:00:00-04:00,21.897530236037333,22.31863644917063,20.63421159663745,22.007383346557617,331461,0.0,0.0
2021-09-20 00:00:00-04:00,21.3238546101823,21.3238546101823,18.412725767314935,20.268035888671875,374968,0.0,0.0
2021-09-21 00:00:00-04:00,21.244514278054613,21.879225231304375,20.75017161185286,21.860916137695312,339204,0.0,0.0
2021-09-22 00:00:00-04:00,21.787677384552133,23.551441764691422,21.445910535738886,22.916730880737305,343997,0.0,0.0
2021-09-23 00:00:00-04:00,23.099819016500426,23.90541470841172,22.593270372793462,23.31952667236328,319909,0.0,0.0
2021-09-24 00:00:00-04:00,22.78857086235227,22.78857086235227,20.22531352718182,21.63510513305664,402866,0.0,0.0
2021-09-27 00:00:00-04:00,21.848709786893412,22.629893478704307,20.719656182345037,20.872230529785156,247889,0.0,0.0
2021-09-28 00:00:00-04:00,20.48164061650838,21.275030417719,19.21832168280243,20.71355438232422,244448,0.0,0.0
2021-09-29 00:00:00-04:00,20.750173731725205,21.28723624059383,19.41972137727424,19.639429092407227,158418,0.0,0.0
2021-09-30 00:00:00-04:00,19.651629274533782,21.0186994107941,19.639423214533895,20.524356842041016,108152,0.0,0.0
2021-10-01 00:00:00-04:00,20.902746722176182,21.928048778324282,20.542669323356783,21.3116455078125,138754,0.0,0.0
2021-10-04 00:00:00-04:00,21.452016143080144,21.842607283104687,19.254937761543744,19.34648323059082,204383,0.0,0.0
2021-10-05 00:00:00-04:00,19.749279154783743,21.42149804836148,19.749279154783743,20.89053726196289,155468,0.0,0.0
2021-10-06 00:00:00-04:00,20.46332423108788,21.26281677892909,19.99949686471523,20.567075729370117,110364,0.0,0.0
2021-10-07 00:00:00-04:00,20.390093533553873,20.59759514247889,18.614121650609437,18.77280044555664,302948,0.0,0.0
2021-10-08 00:00:00-04:00,18.89485989916145,19.218319093678236,17.784116902226515,18.260149002075195,166529,0.0,0.0
2021-10-11 00:00:00-04:00,18.870448835298888,19.322068803596707,18.034337942809284,18.69956398010254,288078,0.0,0.0
2021-10-12 00:00:00-04:00,18.94978695669424,18.98030210965741,16.813740555485634,17.393524169921875,343014,0.0,0.0
2021-10-13 00:00:00-04:00,17.39352463597898,18.08926585031756,16.57572423713849,17.74749755859375,281441,0.0,0.0
2021-10-14 00:00:00-04:00,17.21653924978897,17.924486569848902,16.020352299989668,16.34991455078125,309093,0.0,0.0
2021-10-15 00:00:00-04:00,16.63065040216931,16.905283906594438,16.362118497471076,16.545207977294922,156083,0.0,0.0
2021-10-18 00:00:00-04:00,16.783224926872137,18.296766456601055,16.783224926872137,18.077058792114258,357762,0.0,0.0
2021-10-19 00:00:00-04:00,19.023022672142556,19.224421244178927,17.900072234672965,18.345590591430664,318065,0.0,0.0
2021-10-20 00:00:00-04:00,18.247942921420563,18.69956286273237,17.698673066638765,18.583606719970703,141458,0.0,0.0
2021-10-21 00:00:00-04:00,18.61412697981204,19.126778833631978,18.06485836268073,18.894865036010742,160999,0.0,0.0
2021-10-22 00:00:00-04:00,19.224421668907553,19.303759635025447,18.150295450775616,18.644638061523438,143301,0.0,0.0
2021-10-25 00:00:00-04:00,18.93147364412143,21.146858949111447,18.73007511008788,21.00649070739746,344857,0.0,0.0
2021-10-26 00:00:00-04:00,21.665617278684444,21.70223546034005,19.413613413077165,19.822513580322266,228471,0.0,0.0
2021-10-27 00:00:00-04:00,19.615008667288077,20.042217853177064,18.21742355397127,18.595809936523438,211511,0.0,0.0
2021-10-28 00:00:00-04:00,18.99861504248781,19.65773818788678,18.858245310477923,19.639429092407227,129414,0.0,0.0
2021-10-29 00:00:00-04:00,19.505160201256327,19.505160201256327,18.49816585933957,19.047435760498047,137156,0.0,0.0
2021-11-01 00:00:00-04:00,19.730969730057073,21.452012838012596,19.730969730057073,21.323850631713867,256001,0.0,0.0
2021-11-02 00:00:00-04:00,20.61590642797951,21.02480522814499,19.529574023156673,20.383991241455078,157926,0.0,0.0
2021-11-03 00:00:00-04:00,20.51825407565149,21.34826044382271,20.28023733321692,21.04311180114746,141704,0.0,0.0
2021-11-04 00:00:00-04:00,21.360469035578458,21.360469035578458,19.29155590002542,19.669940948486328,194674,0.0,0.0
2021-11-05 00:00:00-04:00,20.13986967087895,20.28023937682592,18.400518798867378,19.047435760498047,233879,0.0,0.0
2021-11-08 00:00:00-05:00,19.535677389017238,20.445021903911197,19.444131919084207,19.889650344848633,181769,0.0,0.0
2021-11-09 00:00:00-05:00,20.170387079542415,21.93415014643088,19.62111715592951,21.506940841674805,256001,0.0,0.0
2021-11-10 00:00:00-05:00,21.90973923894999,22.21488937241066,19.90795928478593,20.92715835571289,160630,0.0,0.0
2021-11-11 00:00:00-05:00,21.415396309127505,23.13033651913275,21.390984185924996,22.58106803894043,196394,0.0,0.0
2021-11-12 00:00:00-05:00,22.58106392539836,22.58106392539836,21.079728636288596,21.42149543762207,196640,0.0,0.0
2021-11-15 00:00:00-05:00,21.635103168112412,21.860913868563888,19.71266141430075,20.176488876342773,280335,0.0,0.0
2021-11-16 00:00:00-05:00,18.10147196862572,18.10147196862572,15.56262690293062,16.33770751953125,674598,0.0,0.0
2021-11-17 00:00:00-05:00,16.813739210115973,17.076168073979375,15.574831252050489,15.745716094970703,201556,0.0,0.0
2021-11-18 00:00:00-05:00,15.934913651241834,16.56962469151938,15.593146718254566,16.38043212890625,153379,0.0,0.0
2021-11-19 00:00:00-05:00,16.22785158603136,16.34991219116114,15.898290813423461,16.026453018188477,96476,0.0,0.0
2021-11-22 00:00:00-05:00,16.172929134665242,17.051759953343392,15.574834905393715,16.04476547241211,159155,0.0,0.0
2021-11-23 00:00:00-05:00,15.934909357086417,16.22174892441738,14.647178527430826,15.251374244689941,223432,0.0,0.0
2021-11-24 00:00:00-05:00,15.245270992104581,15.64806813107348,14.689898095479844,15.434463500976562,132118,0.0,0.0
2021-11-26 00:00:00-05:00,15.013356037498196,15.403947083761235,14.47018924611589,15.220857620239258,99303,0.0,0.0
2021-11-29 00:00:00-05:00,15.825058328263252,16.478079864487455,15.574835457051549,16.12410545349121,136911,0.0,0.0
2021-11-30 00:00:00-05:00,16.160718672488592,16.227850570487586,14.824163713687046,15.666376113891602,113682,0.0,0.0
2021-12-01 00:00:00-05:00,16.172923311995632,16.172923311995632,14.47018814086914,14.47018814086914,143547,0.0,0.0
2021-12-02 00:00:00-05:00,14.586151104167579,15.635865386345456,14.586151104167579,15.379539489746094,92544,0.0,0.0
2021-12-03 00:00:00-05:00,15.269684847718406,15.440568285081277,14.525119357651105,14.940122604370117,104465,0.0,0.0
2021-12-06 00:00:00-05:00,14.80585564914874,15.062181491005827,13.731729469964817,14.732619285583496,77550,0.0,0.0
2021-12-07 00:00:00-05:00,15.507698590442338,15.867774487681523,15.013356037498196,15.220857620239258,115034,0.0,0.0
2021-12-08 00:00:00-05:00,15.477184764029921,16.056968353165438,14.952327017209916,15.471081733703613,81114,0.0,0.0
2021-12-09 00:00:00-05:00,15.196448702884744,15.843365706631266,14.964534952060788,15.117109298706055,44736,0.0,0.0
2021-12-10 00:00:00-05:00,15.086595430250007,15.373435027537825,14.378648122336449,14.628870964050293,81606,0.0,0.0
2021-12-13 00:00:00-05:00,14.396955702685506,14.494602758324971,13.255696172619439,13.512022018432617,160999,0.0,0.0
2021-12-14 00:00:00-05:00,13.579153152956351,13.859889644234997,13.01767730915696,13.32892894744873,141581,0.0,0.0
2021-12-15 00:00:00-05:00,12.974958592132813,13.664596755049358,12.68811758581003,13.4570951461792,111962,0.0,0.0
2021-12-16 00:00:00-05:00,14.189453234068004,14.274895662946443,13.029885997302939,13.200769424438477,132855,0.0,0.0
2021-12-17 00:00:00-05:00,12.974960397585448,14.00026395408096,12.755252696996626,13.823277473449707,92789,0.0,0.0
2021-12-20 00:00:00-05:00,13.640183818894052,13.640183818894052,12.718633410421258,13.225180625915527,106554,0.0,0.0
2021-12-21 00:00:00-05:00,13.396063660480214,14.00026077277265,13.396063660480214,13.62797737121582,60958,0.0,0.0
2021-12-22 00:00:00-05:00,13.670701026916504,13.78665718771625,13.365550901166381,13.670701026916504,67472,0.0,0.0
2021-12-23 00:00:00-05:00,13.853791324602419,14.342030981553505,13.689010905333427,13.927027702331543,85784,0.0,0.0
2021-12-27 00:00:00-05:00,13.951437498286069,14.335925555909593,13.597463162332206,13.969746589660645,130274,0.0,0.0
2021-12-28 00:00:00-05:00,14.317616619823028,15.06218205193412,14.104011982090848,14.433572769165039,130274,0.0,0.0
2021-12-29 00:00:00-05:00,14.342032133829989,15.001155294483175,14.091809253773457,14.9279203414917,101515,0.0,0.0
2021-12-30 00:00:00-05:00,14.842475295951003,15.104904194008117,14.342029623434776,14.750929832458496,107046,0.0,0.0
2021-12-31 00:00:00-05:00,14.909605467359482,15.48328595813371,14.622764506661818,15.202548027038574,144039,0.0,0.0
2022-01-03 00:00:00-05:00,15.580937007729204,15.861675011015004,15.336817191474786,15.660276412963867,104711,0.0,0.0
2022-01-04 00:00:00-05:00,15.39174447202186,15.812852192261293,15.208654967486414,15.660276412963867,108521,0.0,0.0
2022-01-05 00:00:00-05:00,15.867778188192677,16.685578650265935,15.287994513392029,15.391744613647461,218270,0.0,0.0
2022-01-06 00:00:00-05:00,15.3978476599891,15.751822040942164,14.750930641044889,15.403950691223145,88242,0.0,0.0
2022-01-07 00:00:00-05:00,15.403950164593432,16.39263546822148,15.403950164593432,15.739615440368652,85293,0.0,0.0
2022-01-10 00:00:00-05:00,15.54431950521143,15.806746971763882,14.781444937205713,15.08049201965332,123883,0.0,0.0
2022-01-11 00:00:00-05:00,15.135418170195962,15.849468505476723,14.940122608777719,15.690791130065918,78656,0.0,0.0
2022-01-12 00:00:00-05:00,15.867774759059241,15.922702028241568,15.275785149735444,15.72740650177002,77796,0.0,0.0
2022-01-13 00:00:00-05:00,15.757920473375158,17.02734356172737,15.562624943772015,16.23395538330078,200819,0.0,0.0
2022-01-14 00:00:00-05:00,15.81895350584269,16.984625285421444,15.385641161741576,16.941904067993164,152150,0.0,0.0
2022-01-18 00:00:00-05:00,17.118894956327004,18.55920052377572,17.03955553868545,18.339492797851562,322244,0.0,0.0
2022-01-19 00:00:00-05:00,18.485959786777503,18.919272104500443,17.1677137415397,17.961103439331055,225153,0.0,0.0
2022-01-20 00:00:00-05:00,18.278457085805403,18.61412089251124,17.527788647530112,17.533891677856445,165546,0.0,0.0
2022-01-21 00:00:00-05:00,16.7405038450982,17.08837372050236,15.519906335328589,15.733510971069336,266447,0.0,0.0
2022-01-24 00:00:00-05:00,15.25747565880223,15.879980401302577,14.342026918987138,15.770127296447754,221220,0.0,0.0
2022-01-25 00:00:00-05:00,15.471081723315127,16.941902016619007,15.257477092659023,16.838151931762695,152396,0.0,0.0
2022-01-26 00:00:00-05:00,17.14330152762218,17.869557883965467,16.832049825347447,17.173816680908203,162351,0.0,0.0
2022-01-27 00:00:00-05:00,17.21653940013969,18.449344547528653,17.21653940013969,17.61323356628418,158664,0.0,0.0
2022-01-28 00:00:00-05:00,17.582713861451495,18.260145856480413,17.283666841102157,18.070953369140625,93158,0.0,0.0
2022-01-31 00:00:00-05:00,18.083162854343048,19.224422454833984,17.704777807975827,19.224422454833984,390207,0.0,0.0
2022-02-01 00:00:00-05:00,19.248833658772522,20.432812987482315,18.919271443663767,19.9506778717041,220483,0.0,0.0
2022-02-02 00:00:00-05:00,20.145975505288376,20.365683194602173,19.30376150406761,20.078842163085938,75461,0.0,0.0
2022-02-03 00:00:00-05:00,19.83472144510729,20.28634286536494,19.236628715524944,19.376996994018555,90086,0.0,0.0
2022-02-04 00:00:00-05:00,19.517366843583833,20.414508156105796,18.85824375263379,20.261932373046875,82343,0.0,0.0
2022-02-07 00:00:00-05:00,20.63421270392928,21.64730859571598,20.63421270392928,20.786787033081055,176853,0.0,0.0
2022-02-08 00:00:00-05:00,20.70744964049259,21.07973309971888,19.34648231543359,19.74928092956543,159401,0.0,0.0
2022-02-09 00:00:00-05:00,19.57839717769782,20.377889989915143,19.224424221866425,19.889650344848633,89963,0.0,0.0
2022-02-10 00:00:00-05:00,19.364793572222833,21.00649907523767,19.242734369583008,20.00560760498047,159770,0.0,0.0
2022-02-11 00:00:00-05:00,20.347373909968514,21.085834944766518,19.3769976951971,19.553985595703125,140720,0.0,0.0
2022-02-14 00:00:00-05:00,19.69435452661386,20.591494398250365,19.560087839058124,19.688251495361328,139491,0.0,0.0
2022-02-15 00:00:00-05:00,19.73096897562475,19.755381096009426,17.40572881519669,19.07794761657715,681358,0.0,0.0
2022-02-16 00:00:00-05:00,18.809417312718228,18.833828002688204,17.72918669904237,17.845144271850586,177222,0.0,0.0
2022-02-17 00:00:00-05:00,18.064849637756456,19.102357478325544,17.491169168411442,18.852134704589844,161122,0.0,0.0
2022-02-18 00:00:00-05:00,18.65684389483475,19.529573023371107,18.30897399409971,18.4676513671875,174518,0.0,0.0
2022-02-22 00:00:00-05:00,17.887870998873108,18.058754465084736,16.30109268548704,16.356019973754883,428061,0.0,0.0
2022-02-23 00:00:00-05:00,16.60624243500836,17.17992313938503,15.989840507507324,15.989840507507324,195903,0.0,0.0
2022-02-24 00:00:00-05:00,14.891297087012244,16.392634001168922,14.610560546211408,16.105792999267578,169848,0.0,0.0
2022-02-25 00:00:00-05:00,16.435358218366726,17.070069212344475,16.172929290418818,16.98462677001953,134576,0.0,0.0
2022-02-28 00:00:00-05:00,16.661164946578605,17.69257140389994,16.478076888328975,17.51558494567871,178819,0.0,0.0
2022-03-01 00:00:00-05:00,17.8207377990101,18.11368190832321,17.09448270374183,17.350807189941406,123146,0.0,0.0
2022-03-02 00:00:00-05:00,17.28367202487896,17.71698582664534,17.088376449353827,17.424041748046875,90209,0.0,0.0
2022-03-03 00:00:00-05:00,17.49117417013595,19.273247812134098,17.49117417013595,18.968097686767578,172552,0.0,0.0
2022-03-04 00:00:00-05:00,18.919269996421697,18.925373026431323,17.24705121875339,17.564407348632812,155837,0.0,0.0
2022-03-07 00:00:00-05:00,17.497274229240194,18.058748705023948,16.551310288840853,16.70998764038086,136911,0.0,0.0
2022-03-08 00:00:00-05:00,16.72219879449041,17.301983967759845,16.331607611430393,16.99683380126953,87505,0.0,0.0
2022-03-09 00:00:00-05:00,17.308082964123923,17.68036642594827,17.05786155339503,17.234848022460938,64768,0.0,0.0
2022-03-10 00:00:00-05:00,16.941901224472193,17.564407426988822,16.679473794129905,16.9541072845459,139000,0.0,0.0
2022-03-11 00:00:00-05:00,17.070067049833224,18.113678167199396,17.070067049833224,17.527790069580078,175132,0.0,0.0
2022-03-14 00:00:00-04:00,17.424042541291588,17.674265411187086,15.93491281598005,16.05086898803711,196763,0.0,0.0
2022-03-15 00:00:00-04:00,16.117996640385023,16.612339173740985,15.26357822405778,16.398733139038086,175993,0.0,0.0
2022-03-16 00:00:00-04:00,16.8808765914894,17.8268393315135,16.691682612863023,17.729190826416016,151904,0.0,0.0
2022-03-17 00:00:00-04:00,17.49727351916791,18.52257537841797,17.35690383295253,18.52257537841797,197869,0.0,0.0
2022-03-18 00:00:00-04:00,18.49816120510303,18.675147620057995,17.887862581186845,18.125879287719727,97337,0.0,0.0
2022-03-21 00:00:00-04:00,17.79632107971555,18.66905015043254,17.75970432729151,18.62022590637207,120811,0.0,0.0
2022-03-22 00:00:00-04:00,19.322072947997572,19.834724762302915,18.76670134135147,19.29155921936035,129045,0.0,0.0
2022-03-23 00:00:00-04:00,19.090156145435,19.65163065294954,18.67515150695051,18.791109085083008,85907,0.0,0.0
2022-03-24 00:00:00-04:00,18.608020943927645,18.968096903888977,17.485068986725796,17.99772071838379,101147,0.0,0.0
2022-03-25 00:00:00-04:00,18.467651461631977,18.467651461631977,16.83815364479469,17.057861328125,100532,0.0,0.0
2022-03-28 00:00:00-04:00,16.89307591535631,19.041329476818337,16.89307591535631,18.785003662109375,186931,0.0,0.0
2022-03-29 00:00:00-04:00,19.01081861671028,19.200011147936284,17.955001402088214,18.742286682128906,125727,0.0,0.0
2022-03-30 00:00:00-04:00,18.54699209397058,19.22442428171964,17.985517501831055,17.985517501831055,66981,0.0,0.0
2022-03-31 00:00:00-04:00,18.003824316529567,18.24794410891647,17.558304515160874,17.710880279541016,74232,0.0,0.0
2022-04-01 00:00:00-04:00,17.698678970336914,18.101476235205517,17.62544258377109,17.698678970336914,39697,0.0,0.0
2022-04-04 00:00:00-04:00,17.55219838799876,17.759701390947743,16.240055629547804,16.91138458251953,193199,0.0,0.0
2022-04-05 00:00:00-04:00,17.051753964630144,17.051753964630144,16.11799619007247,16.410940170288086,143056,0.0,0.0
2022-04-06 00:00:00-04:00,16.221749299947888,16.240058391557284,15.159829139709473,15.159829139709473,114789,0.0,0.0
2022-04-07 00:00:00-04:00,15.15983069981721,15.641967300572333,14.763136535365538,15.263582229614258,62802,0.0,0.0
2022-04-08 00:00:00-04:00,15.269683707418078,15.751820259126214,15.257477646330717,15.526009559631348,46333,0.0,0.0
2022-04-11 00:00:00-04:00,15.538215029312823,15.538215029312823,14.531222088324645,14.702105522155762,86767,0.0,0.0
2022-04-12 00:00:00-04:00,14.775342199553098,15.26358181831648,14.457986018170473,14.567840576171875,57640,0.0,0.0
2022-04-13 00:00:00-04:00,14.567840139188881,15.233066206378698,14.567840139188881,14.598355293273926,54813,0.0,0.0
2022-04-14 00:00:00-04:00,14.65328128874757,15.2635815154007,14.647179688490008,15.08049201965332,105694,0.0,0.0
2022-04-18 00:00:00-04:00,14.964535719885445,15.849469550952211,14.866888648045963,15.75792407989502,107046,0.0,0.0
2022-04-19 00:00:00-04:00,15.8677757690086,16.856460954733475,15.818951526627865,16.78932762145996,90946,0.0,0.0
2022-04-20 00:00:00-04:00,16.825942650922272,17.088370043310704,16.00203800696882,16.307188034057617,81851,0.0,0.0
2022-04-21 00:00:00-04:00,16.465867304974243,17.11888864030978,15.446668469028625,15.666376113891602,83080,0.0,0.0
2022-04-22 00:00:00-04:00,15.843367557333298,16.276679954144136,15.165935319000939,15.410055160522461,65997,0.0,0.0
2022-04-25 00:00:00-04:00,15.184240915529866,15.257477280297062,13.493712940457383,14.561736106872559,227242,0.0,0.0
2022-04-26 00:00:00-04:00,14.592251562799062,15.226962445471214,14.35423480296934,14.433572769165039,90577,0.0,0.0
2022-04-27 00:00:00-04:00,14.43357379421416,15.098799876751523,14.427472193877762,14.860784530639648,104465,0.0,0.0
2022-04-28 00:00:00-04:00,15.080491671721086,15.336816101480746,14.342029244268774,15.178138732910156,73125,0.0,0.0
2022-04-29 00:00:00-04:00,14.92791578073245,15.623655490008973,14.659383886814185,14.73872184753418,60958,0.0,0.0
2022-05-02 00:00:00-04:00,14.671591034173844,14.860784999839469,14.28710293293501,14.854681968688965,42646,0.0,0.0
2022-05-03 00:00:00-04:00,14.634972253345003,15.64806813107348,14.634972253345003,15.434463500976562,63171,0.0,0.0
2022-05-04 00:00:00-04:00,15.507699674371755,16.380427274969744,15.495493613909057,16.31939697265625,77427,0.0,0.0
2022-05-05 00:00:00-04:00,16.233957074953082,16.233957074953082,15.208653649418805,15.715202331542969,49037,0.0,0.0
2022-05-06 00:00:00-04:00,15.568732427061706,15.800644751111378,14.982844293881204,15.31850814819336,45965,0.0,0.0
2022-05-09 00:00:00-04:00,15.056078164607028,15.056078164607028,13.847685342651793,14.189452171325684,55797,0.0,0.0
2022-05-10 00:00:00-04:00,14.403058254783193,15.104902434611777,14.329821892519652,14.885194778442383,52724,0.0,0.0
2022-05-11 00:00:00-04:00,15.092695779935585,15.464979211449807,13.853789166720619,14.085702896118164,137894,0.0,0.0
2022-05-12 00:00:00-04:00,13.8293771907705,14.226072748584487,13.255696607051108,13.841583251953125,93650,0.0,0.0
2022-05-13 00:00:00-04:00,13.920923317577667,14.866887382133939,13.920923317577667,14.354235649108887,65014,0.0,0.0
2022-05-16 00:00:00-04:00,14.213863399733235,14.940119653349752,14.213863399733235,14.555631637573242,44981,0.0,0.0
2022-05-17 00:00:00-04:00,14.909608635845506,15.068286008611114,14.311514468937274,14.750929832458496,76321,0.0,0.0
2022-05-18 00:00:00-04:00,15.117111343487899,15.971531519888359,14.659388241639222,15.239171981811523,136788,0.0,0.0
2022-05-19 00:00:00-04:00,14.921814652588292,16.26447299142251,14.921814652588292,15.892190933227539,69561,0.0,0.0
2022-05-20 00:00:00-04:00,15.757925176337103,16.31940124331254,15.678587193188694,16.30109214782715,81114,0.0,0.0
2022-05-23 00:00:00-04:00,16.545207235357537,17.18602110131559,16.43535412463789,17.02734375,171445,0.0,0.0
2022-05-24 00:00:00-04:00,17.64985181548048,18.88875999841574,17.46676230974098,18.431034088134766,351740,0.0,0.0
2022-05-25 00:00:00-04:00,18.595814708882845,19.44413026912458,17.69867490215321,19.32817268371582,184104,0.0,0.0
2022-05-26 00:00:00-04:00,19.23052743069107,19.682148891952785,18.846039314666548,19.25493812561035,158910,0.0,0.0
2022-05-27 00:00:00-04:00,19.572296630644157,20.127669690820696,18.760599083363342,20.0178165435791,202785,0.0,0.0
2022-05-31 00:00:00-04:00,20.139872870946434,21.055323328542233,19.596707344797924,20.00560760498047,131134,0.0,0.0
2022-06-01 00:00:00-04:00,20.170383533739635,20.591489733525545,19.230522656248226,20.225309371948242,70790,0.0,0.0
2022-06-02 00:00:00-04:00,20.225311572442415,20.95767094465584,19.65163099411242,19.737071990966797,70545,0.0,0.0
2022-06-03 00:00:00-04:00,19.77369013246917,20.518254079689992,19.474643089192206,20.377885818481445,176484,0.0,0.0
2022-06-06 00:00:00-04:00,20.744067888624176,20.744067888624176,20.00560542955829,20.54266929626465,100901,0.0,0.0
2022-06-07 00:00:00-04:00,20.445020610976567,20.567081229834884,19.633323218054414,20.023914337158203,96722,0.0,0.0
2022-06-08 00:00:00-04:00,19.930951838360475,19.930951838360475,17.67508529233602,17.743257522583008,142810,0.406835,0.0
2022-06-09 00:00:00-04:00,17.656496419246935,17.842419268213266,16.602932639930653,17.05534553527832,136911,0.0,0.0
2022-06-10 00:00:00-04:00,16.999561820420574,17.52634423738158,16.745466823513265,17.408592224121094,56780,0.0,0.0
2022-06-13 00:00:00-04:00,16.330240879088148,17.005761308448353,15.921210426954486,16.020368576049805,94141,0.0,0.0
2022-06-14 00:00:00-04:00,15.908816548966174,17.03055235676011,15.803459464893663,16.243478775024414,79885,0.0,0.0
2022-06-15 00:00:00-04:00,16.001776288019673,16.52855877187733,15.791065037788897,16.113330841064453,45596,0.0,0.0
2022-06-16 00:00:00-04:00,15.6051422683876,16.001777811454335,15.251889055635123,15.691906929016113,42155,0.0,0.0
2022-06-17 00:00:00-04:00,15.741486060450166,16.212491292440987,15.369638983596177,15.481193542480469,45842,0.0,0.0
2022-06-21 00:00:00-04:00,15.648524644405054,16.596732627287352,15.493589202733437,16.2062931060791,46579,0.0,0.0
2022-06-22 00:00:00-04:00,15.722889537940224,15.76007438121449,14.632139946268149,14.694114685058594,57148,0.0,0.0
2022-06-23 00:00:00-04:00,14.718907588599574,15.07835969428353,14.254099858200831,15.053569793701172,93527,0.0,0.0
2022-06-24 00:00:00-04:00,15.444011002539597,15.444011002539597,14.638344878753426,14.991598129272461,54322,0.0,0.0
2022-06-27 00:00:00-04:00,15.103150401612291,15.896422980644576,14.979202332917485,15.865435600280762,58992,0.0,0.0
2022-06-28 00:00:00-04:00,15.939801451644795,16.01417114650146,15.431611442311118,15.598941802978516,32446,0.0,0.0
2022-06-29 00:00:00-04:00,15.43780997331572,15.493587248275142,14.563971809992207,15.022582054138184,83941,0.0,0.0
2022-06-30 00:00:00-04:00,14.979198067483855,15.16512084396345,14.56397019436875,14.811867713928223,43384,0.0,0.0
2022-07-01 00:00:00-04:00,14.743700435737278,14.886242392573102,13.882257029380243,14.25410270690918,38591,0.0,0.0
2022-07-05 00:00:00-04:00,14.198325185030221,14.508196061895648,13.94423013623395,14.458616256713867,63539,0.0,0.0
2022-07-06 00:00:00-04:00,14.272694482112573,14.272694482112573,13.29969799818201,13.398856163024902,64891,0.0,0.0
2022-07-07 00:00:00-04:00,13.57238018238024,14.514390470752359,13.57238018238024,14.37185001373291,49406,0.0,0.0
2022-07-08 00:00:00-04:00,14.489605788920827,14.563975507749008,14.173537389422181,14.390447616577148,33183,0.0,0.0
2022-07-11 00:00:00-04:00,14.539183840576047,14.979201718162725,13.956625471926214,14.086771011352539,39820,0.0,0.0
2022-07-12 00:00:00-04:00,13.950426784825748,13.987611636507564,13.324484687035671,13.628159523010254,54690,0.0,0.0
2022-07-13 00:00:00-04:00,13.54759393364903,14.074374979502497,13.405052000765629,13.584778785705566,20647,0.0,0.0
2022-07-14 00:00:00-04:00,13.429843552774447,13.541398122655034,12.630373493578274,13.008418083190918,43138,0.0,0.0
2022-07-15 00:00:00-04:00,12.989825389254124,13.442238230108842,12.94644305740989,13.336882591247559,23351,0.0,0.0
2022-07-18 00:00:00-04:00,13.931834446682403,14.241706759887862,13.888452119447201,14.006202697753906,41663,0.0,0.0
2022-07-19 00:00:00-04:00,14.260301142692889,14.563974569489863,13.95042878696569,14.514394760131836,33798,0.0,0.0
2022-07-20 00:00:00-04:00,14.539182983675676,14.867647729932447,14.142547460194532,14.452418327331543,20156,0.0,0.0
2022-07-21 00:00:00-04:00,14.440024285461163,14.669329415833246,14.241706531188045,14.601157188415527,38345,0.0,0.0
2022-07-22 00:00:00-04:00,14.477208891716558,14.63214433237593,13.962822763844127,14.136350631713867,22982,0.0,0.0
2022-07-25 00:00:00-04:00,14.371852905249508,14.749896010421622,14.322273100568486,14.6321439743042,30848,0.0,0.0
2022-07-26 00:00:00-04:00,14.625948874296443,14.706514609226023,14.278891672392229,14.508196830749512,12904,0.0,0.0
2022-07-27 00:00:00-04:00,14.551580947311678,14.718911366430238,14.49580365668529,14.663135528564453,18681,0.0,0.0
2022-07-28 00:00:00-04:00,14.811869761726701,15.177517890930176,14.69411773359526,15.177517890930176,39697,0.0,0.0
2022-07-29 00:00:00-04:00,15.078361173849029,15.388232056014143,14.911030781259036,15.30766487121582,43629,0.0,0.0
2022-08-01 00:00:00-04:00,15.437813771381636,16.026569682520563,15.245693452015471,15.81585693359375,78410,0.0,0.0
2022-08-02 00:00:00-04:00,15.884027883829686,16.44179781977735,15.617537867888489,16.293058395385742,45473,0.0,0.0
2022-08-03 00:00:00-04:00,16.26826543136186,16.355030079270414,15.704299578236752,15.939802169799805,41417,0.0,0.0
2022-08-04 00:00:00-04:00,15.815853663811044,16.10713354728123,15.034977594744918,15.127938270568848,52355,0.0,0.0
2022-08-05 00:00:00-04:00,14.805675213702852,15.673316097271739,14.756095402582224,15.648526191711426,18804,0.0,0.0
2022-08-08 00:00:00-04:00,15.56795872873568,15.989384171107332,15.56795872873568,15.72909164428711,54445,0.0,0.0
2022-08-09 00:00:00-04:00,15.995579656336968,16.671100065763426,15.834446760836762,16.559545516967773,80377,0.0,0.0
2022-08-10 00:00:00-04:00,16.962378353594215,17.64409623278918,16.59053276594611,17.55113410949707,131257,0.0,0.0
2022-08-11 00:00:00-04:00,17.9787606210441,18.59230635147223,16.516165085733807,16.695890426635742,227365,0.0,0.0
2022-08-12 00:00:00-04:00,16.85702537121358,16.888014205924495,15.493590734719987,15.648526191711426,216181,0.0,0.0
2022-08-15 00:00:00-04:00,15.493591013747922,15.505985966751304,14.508198061021357,14.935822486877441,219745,0.0,0.0
2022-08-16 00:00:00-04:00,14.997796118537297,15.022586025072,14.563975659701129,14.731306076049805,90086,0.0,0.0
2022-08-17 00:00:00-04:00,14.706513185543969,14.706513185543969,14.161139710719217,14.365654945373535,82343,0.0,0.0
2022-08-18 00:00:00-04:00,14.347063492970499,15.177519438702657,14.347063492970499,15.140336036682129,71282,0.0,0.0
2022-08-19 00:00:00-04:00,14.942016193711975,15.028780851281926,14.681723673762447,14.923423767089844,39082,0.0,0.0
2022-08-22 00:00:00-04:00,14.55777596028122,14.582565863030823,14.285088482795942,14.433826446533203,60713,0.0,0.0
2022-08-23 00:00:00-04:00,14.638343004602328,14.638343004602328,14.254100968408595,14.464815139770508,57148,0.0,0.0
2022-08-24 00:00:00-04:00,14.489601865471062,14.79327668236411,14.26029820002877,14.551576614379883,56288,0.0,0.0
2022-08-25 00:00:00-04:00,14.749896670717026,14.749896670717026,14.316076265858314,14.446223258972168,36870,0.0,0.0
2022-08-26 00:00:00-04:00,14.63834363374986,14.799476554250496,14.1611408953822,14.167338371276855,49037,0.0,0.0
2022-08-29 00:00:00-04:00,14.254099070274671,14.309876343501767,13.851266113599285,14.204519271850586,83080,0.0,0.0
2022-08-30 00:00:00-04:00,14.142549095467574,14.594961950338629,13.758307025703335,14.514394760131836,162474,0.0,0.0
2022-08-31 00:00:00-04:00,14.526787757873535,14.787080269220018,14.33466747522168,14.526787757873535,46210,0.0,0.0
2022-09-01 00:00:00-04:00,14.625949764822339,14.625949764822339,14.024797464054041,14.142549514770508,73740,0.0,0.0
2022-09-02 00:00:00-04:00,14.229309004238768,14.471009065962347,14.024793790897299,14.384245872497559,49652,0.0,0.0
2022-09-06 00:00:00-04:00,14.712712325141137,15.053572056628031,14.316076761719671,14.44002628326416,101761,0.0,0.0
2022-09-07 00:00:00-04:00,14.458616245943507,14.458616245943507,13.324485467056864,13.931835174560547,166898,0.0,0.0
2022-09-08 00:00:00-04:00,14.071282313594459,14.261436022157849,13.722670152844257,14.198051452636719,74232,0.406835,0.0
2022-09-09 00:00:00-04:00,14.800197267696653,15.26290155548142,14.483277458900973,15.21219539642334,99672,0.0,0.0
2022-09-12 00:00:00-04:00,15.21219666177794,15.256564368918315,14.660753949608923,14.8192138671875,95370,0.0,0.0
2022-09-13 00:00:00-04:00,14.641739742492557,15.256565578972406,14.578355176110739,14.850907325744629,76690,0.0,0.0
2022-09-14 00:00:00-04:00,14.85724214099108,15.091763493316561,14.546659327649472,14.711459159851074,21262,0.0,0.0
2022-09-15 00:00:00-04:00,14.806537016407184,14.869921578024972,14.179034313814533,14.438909530639648,57148,0.0,0.0
2022-09-16 00:00:00-04:00,14.223401174764577,14.39453797726383,13.43743868280796,13.614913940429688,80868,0.0,0.0
2022-09-19 00:00:00-04:00,13.60857214359496,13.74167968301405,13.393067670435943,13.59589672088623,96722,0.0,0.0
2022-09-20 00:00:00-04:00,13.481806207829633,13.709989103468772,13.323346317632543,13.56420612335205,33306,0.0,0.0
2022-09-21 00:00:00-04:00,13.716328743601236,13.836757913962305,13.342362835534685,13.48814582824707,38713,0.0,0.0
2022-09-22 00:00:00-04:00,13.41208704955256,13.678299236495077,13.221933364868164,13.221933364868164,47194,0.0,0.0
2022-09-23 00:00:00-04:00,13.19657751897771,13.2472851604602,12.391599653673548,12.581751823425293,82343,0.0,0.0
2022-09-26 00:00:00-04:00,12.461324923745662,12.955722318747755,12.41061801293538,12.80359935760498,69316,0.0,0.0
2022-09-27 00:00:00-04:00,13.50082279411979,13.545191983414352,13.240947599773625,13.469130516052246,61819,0.0,0.0
2022-09-28 00:00:00-04:00,13.36137866973877,13.500823211741718,13.253624920975968,13.36137866973877,34904,0.0,0.0
2022-09-29 00:00:00-04:00,13.21559202735982,13.21559202735982,12.562735643040321,12.841626167297363,66858,0.0,0.0
2022-09-30 00:00:00-04:00,12.993748329355512,13.557867864479128,12.993748329355512,13.190238952636719,41417,0.0,0.0
2022-10-03 00:00:00-04:00,13.35503818156762,13.678296407047315,13.228269084667732,13.291653633117676,42892,0.0,0.0
2022-10-04 00:00:00-04:00,13.50082263048997,13.741682455076393,13.367716550027223,13.526176452636719,41294,0.0,0.0
2022-10-05 00:00:00-04:00,13.291656241422821,13.70999137166996,13.158550149365205,13.665623664855957,30602,0.0,0.0
2022-10-06 00:00:00-04:00,13.773374566088714,13.80506684338864,13.272639556365187,13.285316467285156,32568,0.0,0.0
2022-10-07 00:00:00-04:00,13.272641384265757,13.380393656117432,12.873321606907904,13.133196830749512,47316,0.0,0.0
2022-10-10 00:00:00-04:00,13.18390447941459,13.18390447941459,12.36624807001621,12.493017196655273,110118,0.0,0.0
2022-10-11 00:00:00-04:00,12.493015573272077,12.493015573272077,11.903542182614245,11.909880638122559,78779,0.0,0.0
2022-10-12 00:00:00-04:00,11.884525835187857,12.309200090482445,11.827480483225164,12.226800918579102,45965,0.0,0.0
2022-10-13 00:00:00-04:00,12.042989435200546,12.835291303301533,11.979604869726252,12.809937477111816,57517,0.0,0.0
2022-10-14 00:00:00-04:00,12.873318261131868,12.873318261131868,12.56907392203298,12.790918350219727,15362,0.0,0.0
2022-10-17 00:00:00-04:00,12.86698210328337,13.310671038858125,12.80993600093034,13.063472747802734,27898,0.0,0.0
2022-10-18 00:00:00-04:00,13.171222877377325,13.3930687950373,12.968393809895703,13.139532089233398,26546,0.0,0.0
2022-10-19 00:00:00-04:00,13.247287707011116,13.595901323410292,13.088827782724879,13.545193672180176,44613,0.0,0.0
2022-10-20 00:00:00-04:00,13.595899289211953,13.729005367967998,13.24094726951641,13.475468635559082,35149,0.0,0.0
2022-10-21 00:00:00-04:00,13.424760700071216,13.94451106450088,13.310669990161664,13.843095779418945,128308,0.0,0.0
2022-10-24 00:00:00-04:00,13.957187937139857,13.99521866894205,12.423291412200953,12.613444328308105,430150,0.0,0.0
2022-10-25 00:00:00-04:00,12.512031505190544,12.949383521155262,12.512031505190544,12.809937477111816,107660,0.0,0.0
2022-10-26 00:00:00-04:00,12.885997512244632,13.240948067524759,12.645137676230352,12.683168411254883,62925,0.0,0.0
2022-10-27 00:00:00-04:00,12.75289009521732,12.75289009521732,12.13806432891106,12.157079696655273,84064,0.0,0.0
2022-10-28 00:00:00-04:00,12.074678932951969,12.201447291757887,11.599297773155715,11.85283374786377,159278,0.0,0.0
2022-10-31 00:00:00-04:00,11.6943745563785,11.960587457188911,11.6943745563785,11.789450645446777,68210,0.0,0.0
2022-11-01 00:00:00-04:00,11.916220187617903,12.207786939056563,11.916220187617903,12.150741577148438,52355,0.0,0.0
2022-11-02 00:00:00-04:00,12.030309238196633,12.163416046454579,11.688034906777808,11.726065635681152,69438,0.0,0.0
2022-11-03 00:00:00-04:00,11.966928715492116,12.07468173403814,11.662685029521692,12.030312538146973,51864,0.0,0.0
2022-11-04 00:00:00-04:00,12.385260868218474,12.64513603807872,12.106370333309364,12.588089942932129,61204,0.0,0.0
2022-11-07 00:00:00-05:00,12.58809137410125,13.120518684387207,12.58809137410125,13.120518684387207,81483,0.0,0.0
2022-11-08 00:00:00-05:00,13.247285698906914,13.342362530551059,12.676829166465005,12.924027442932129,43998,0.0,0.0
2022-11-09 00:00:00-05:00,12.949383258378283,12.949383258378283,12.296525218857079,12.4359712600708,31339,0.0,0.0
2022-11-10 00:00:00-05:00,12.76556614341254,13.088825887386765,12.708520044039265,12.968395233154297,43384,0.0,0.0
2022-11-11 00:00:00-05:00,12.905013230613394,13.589562022242951,12.905013230613394,13.507162094116211,54690,0.0,0.0
2022-11-14 00:00:00-05:00,13.374055613429777,13.507161699942346,12.74655294420011,12.7655668258667,74723,0.0,0.0
2022-11-15 00:00:00-05:00,12.79092063347933,13.069811203619738,12.56273770987495,13.063472747802734,101270,0.0,0.0
2022-11-16 00:00:00-05:00,13.063472275113437,13.114179919814656,12.55639879971662,12.746552467346191,54322,0.0,0.0
2022-11-17 00:00:00-05:00,12.740211876172255,12.816273339344782,12.531044338255413,12.714858055114746,45473,0.0,0.0
2022-11-18 00:00:00-05:00,12.733875242363595,13.031781196594238,12.645138341776981,13.031781196594238,37362,0.0,0.0
2022-11-21 00:00:00-05:00,12.733873719843356,12.81627364021465,12.074679557199763,12.347230911254883,140598,0.0,0.0
2022-11-22 00:00:00-05:00,12.347231434755049,12.702183467134605,12.347231434755049,12.42329216003418,52970,0.0,0.0
2022-11-23 00:00:00-05:00,12.277508257659266,12.499353447224646,12.277508257659266,12.372584342956543,73003,0.0,0.0
2022-11-25 00:00:00-05:00,12.429630383347197,12.771903991699219,12.39159965223973,12.771903991699219,34535,0.0,0.0
2022-11-28 00:00:00-05:00,12.632460986270264,12.695845545756955,12.309201961599792,12.607107162475586,63662,0.0,0.0
2022-11-29 00:00:00-05:00,12.562735609633343,12.835287678391417,12.473998728838092,12.543720245361328,21016,0.0,0.0
2022-11-30 00:00:00-05:00,12.550059783689543,12.917687219741122,12.429630618709757,12.91135025024414,37116,0.0,0.0
2022-12-01 00:00:00-05:00,12.879657444853484,13.202915680499151,12.651474549065194,12.75922679901123,42278,0.0,0.0
2022-12-02 00:00:00-05:00,12.67682805646163,12.917686370588218,12.613443507582254,12.873318672180176,48300,0.0,0.0
2022-12-05 00:00:00-05:00,12.911350740209357,13.215593634760467,12.676829370847052,12.740212440490723,57394,0.0,0.0
2022-12-06 00:00:00-05:00,12.778245689715787,13.038120932426391,12.214126749646612,12.2648344039917,55797,0.0,0.0
2022-12-07 00:00:00-05:00,12.435970342717225,12.435970342717225,12.074680582208087,12.169755935668945,112331,0.0,0.0
2022-12-08 00:00:00-05:00,12.449596629039217,12.449596629039217,12.065630819348328,12.260868072509766,38099,0.406835,0.0
2022-12-09 00:00:00-05:00,12.176263442003863,12.404040336608887,12.085153141822408,12.404040336608887,50635,0.0,0.0
2022-12-12 00:00:00-05:00,12.28039005328454,12.482135222928376,12.039598809354365,12.085153579711914,72019,0.0,0.0
2022-12-13 00:00:00-05:00,12.293407004235455,12.462611749019828,11.876901550213082,11.968011856079102,84555,0.0,0.0
2022-12-14 00:00:00-05:00,12.013566468140436,12.57324489008655,11.941979205423877,12.423563957214355,73863,0.0,0.0
2022-12-15 00:00:00-05:00,12.391024577650166,12.625307881814248,12.267374611060248,12.475626945495605,55919,0.0,0.0
2022-12-16 00:00:00-05:00,12.404041651659647,12.983243942260742,12.306422645293448,12.983243942260742,100163,0.0,0.0
2022-12-19 00:00:00-05:00,12.905146747409658,12.905146747409658,12.039597793223917,12.176262855529785,70667,0.0,0.0
2022-12-20 00:00:00-05:00,12.20229783802254,12.527693036910206,12.20229783802254,12.338964462280273,20278,0.0,0.0
2022-12-21 00:00:00-05:00,12.579752316910742,12.820543538966309,12.456102358142992,12.625307083129883,39205,0.0,0.0
2022-12-22 00:00:00-05:00,12.690386665266496,12.690386665266496,12.22181855162918,12.430070877075195,28759,0.0,0.0
2022-12-23 00:00:00-05:00,12.36499371318818,12.625308768122945,12.293407206565458,12.56673812866211,25932,0.0,0.0
2022-12-27 00:00:00-05:00,12.49515075455788,12.49515075455788,12.143725395202637,12.143725395202637,40926,0.0,0.0
2022-12-28 00:00:00-05:00,12.1372162159875,12.18927967885526,11.902932158617707,11.987534523010254,34781,0.0,0.0
2022-12-29 00:00:00-05:00,11.941980731669334,12.189281453528876,11.941980731669334,12.169756889343262,68578,0.0,0.0
2022-12-30 00:00:00-05:00,12.026581941901748,12.1046763722783,11.889916116667118,12.007058143615723,90946,0.0,0.0
2023-01-03 00:00:00-05:00,12.169756889343262,12.351978273143011,11.915948996445415,12.169756889343262,44244,0.0,0.0
2023-01-04 00:00:00-05:00,12.22181797769416,12.22181797769416,11.714203053602974,11.779281616210938,54322,0.0,0.0
2023-01-05 00:00:00-05:00,11.779281313910474,11.779281313910474,11.473410780798037,11.53848934173584,50389,0.0,0.0
2023-01-06 00:00:00-05:00,11.629601812713428,12.1957882212724,11.597062144759564,12.130709648132324,61942,0.0,0.0
2023-01-09 00:00:00-05:00,12.234834898365326,12.573245131212623,12.130708731548282,12.39753246307373,44121,0.0,0.0
2023-01-10 00:00:00-05:00,12.397532314359186,12.911655209178214,12.39102438133821,12.768482208251953,47562,0.0,0.0
2023-01-11 00:00:00-05:00,12.644832354944931,13.05482911253755,12.469118913999784,12.75546646118164,46087,0.0,0.0
2023-01-12 00:00:00-05:00,12.755466102665022,12.950703338535188,12.527690725890453,12.794513702392578,16223,0.0,0.0
2023-01-13 00:00:00-05:00,12.82705294450081,12.853084675243368,12.69038635810238,12.735941886901855,33429,0.0,0.0
2023-01-17 00:00:00-05:00,12.7359420936772,13.250065733119643,12.7359420936772,13.048319816589355,49529,0.0,0.0
2023-01-18 00:00:00-05:00,13.067845354703232,13.334667552449973,12.690386772155762,12.690386772155762,33183,0.0,0.0
2023-01-19 00:00:00-05:00,12.703403577383037,12.788006711313225,12.55372263519565,12.77499008178711,12536,0.0,0.0
2023-01-20 00:00:00-05:00,12.866100037757276,12.91816350338072,12.625308034784053,12.833561897277832,14871,0.0,0.0
2023-01-23 00:00:00-05:00,12.866099987302901,13.217526853347826,12.866099987302901,13.171971321105957,21139,0.0,0.0
2023-01-24 00:00:00-05:00,13.139432644344648,13.14594057801197,12.931180292525672,13.002767562866211,33429,0.0,0.0
2023-01-25 00:00:00-05:00,12.905148626498113,12.957212096113608,12.690388339869518,12.892132759094238,39942,0.0,0.0
2023-01-26 00:00:00-05:00,12.970227894529604,13.015783430200855,12.820545420181205,13.002767562866211,16837,0.0,0.0
2023-01-27 00:00:00-05:00,12.944194202221906,13.152446522545468,12.827052939461502,13.009273529052734,20524,0.0,0.0
2023-01-30 00:00:00-05:00,13.002768103801799,13.002768103801799,12.67086499849602,12.677372932434082,15731,0.0,0.0
2023-01-31 00:00:00-05:00,12.696894181102921,12.859590971303328,12.696894181102921,12.853084564208984,24826,0.0,0.0
2023-02-01 00:00:00-05:00,12.722927213827385,13.165463626851874,12.722927213827385,13.145939826965332,32568,0.0,0.0
2023-02-02 00:00:00-05:00,13.211019684225553,13.211019684225553,12.703403918100202,12.820545196533203,62433,0.0,0.0
2023-02-03 00:00:00-05:00,12.696896206037412,13.015783430200855,12.683880338702767,13.002767562866211,11061,0.0,0.0
2023-02-06 00:00:00-05:00,12.950702365463655,13.002765827855194,12.820543709484813,12.879115104675293,10446,0.0,0.0
2023-02-07 00:00:00-05:00,12.866101254099533,13.015783731917697,12.709912367998541,12.97022819519043,16960,0.0,0.0
2023-02-08 00:00:00-05:00,12.950703702539322,13.035306837660292,12.670864088828306,12.75546646118164,35272,0.0,0.0
2023-02-09 00:00:00-05:00,12.950703084612517,13.048320556482205,12.83356181326185,12.905147552490234,19541,0.0,0.0
2023-02-10 00:00:00-05:00,12.85959144184451,12.931178703387548,12.696894645690918,12.696894645690918,20278,0.0,0.0
2023-02-13 00:00:00-05:00,12.638322817094707,12.670861715586781,12.202293644518965,12.364991188049316,65629,0.0,0.0
2023-02-14 00:00:00-05:00,12.364992383248186,12.599275678660401,12.234834488396357,12.443087577819824,28513,0.0,0.0
2023-02-15 00:00:00-05:00,12.169755811046558,12.169755811046558,11.56452259732299,11.746743202209473,118598,0.0,0.0
2023-02-16 00:00:00-05:00,11.720712042927303,11.824838979693027,11.518967628479004,11.518967628479004,68824,0.0,0.0
2023-02-17 00:00:00-05:00,11.505948961956436,11.66864649830051,11.434362473114822,11.512456893920898,95002,0.0,0.0
2023-02-21 00:00:00-05:00,11.597060280797272,11.701186438746086,11.440870662490289,11.525474548339844,55674,0.0,0.0
2023-02-22 00:00:00-05:00,11.66864894441308,11.753251314918911,11.43436487011415,11.727219581604004,51987,0.0,0.0
2023-02-23 00:00:00-05:00,11.727219121001474,12.391024480621663,11.727219121001474,12.215311050415039,43138,0.0,0.0
2023-02-24 00:00:00-05:00,12.02658239971837,12.364992627922447,12.02658239971837,12.228326797485352,29250,0.0,0.0
2023-02-27 00:00:00-05:00,12.254357982455277,12.89863874505219,12.254357982455277,12.45610237121582,47808,0.0,0.0
2023-02-28 00:00:00-05:00,12.521180988144689,12.742449938758254,12.521180988144689,12.534196853637695,33429,0.0,0.0
2023-03-01 00:00:00-05:00,12.677370838604412,12.859591433238709,12.553721639738862,12.78149700164795,42769,0.0,0.0
2023-03-02 00:00:00-05:00,12.755465438480329,12.853085195483715,12.527690073566161,12.846575736999512,39451,0.0,0.0
2023-03-03 00:00:00-05:00,12.85958896230152,13.06133484229557,12.801019103321956,13.035303115844727,66489,0.0,0.0
2023-03-06 00:00:00-05:00,13.119905209112023,13.27609557386281,12.761972007627925,12.872605323791504,154854,0.0,0.0
2023-03-07 00:00:00-05:00,12.976735201545045,13.276098610250141,12.761974926429609,13.237051010131836,94387,0.0,0.0
2023-03-08 00:00:00-05:00,13.110285030840151,13.343801498413086,13.07692453005611,13.343801498413086,71282,0.406835,0.0
2023-03-09 00:00:00-05:00,13.190346603410328,13.223706321726905,12.556516647338867,12.556516647338867,65260,0.0,0.0
2023-03-10 00:00:00-05:00,12.683281232089332,12.770015707034233,12.29631089327213,12.38304615020752,49652,0.0,0.0
2023-03-13 00:00:00-04:00,11.729199833036928,12.20290546729046,11.729199833036928,11.822607040405273,93404,0.0,0.0
2023-03-14 00:00:00-04:00,11.929357339393936,12.42307802126279,11.909341509265651,11.962717056274414,26301,0.0,0.0
2023-03-15 00:00:00-04:00,11.969388572423277,12.142858312019493,11.662480752058553,11.869309425354004,96108,0.0,0.0
2023-03-16 00:00:00-04:00,11.84262271997516,11.8626385511927,11.649137915520138,11.742545127868652,59115,0.0,0.0
2023-03-17 00:00:00-04:00,11.782575834782133,11.85596721483222,11.262168140743528,11.3622465133667,86399,0.0,0.0
2023-03-20 00:00:00-04:00,11.362246272443752,11.709184988443258,11.342230441945413,11.649137496948242,30725,0.0,0.0
2023-03-21 00:00:00-04:00,11.662480021697343,12.436420685288654,11.662480021697343,12.142857551574707,39082,0.0,0.0
2023-03-22 00:00:00-04:00,12.162874791417247,12.423079040450995,12.122843909867095,12.229594230651855,17206,0.0,0.0
2023-03-23 00:00:00-04:00,12.276296702753223,12.389718174981141,12.122842788696289,12.122842788696289,18066,0.0,0.0
2023-03-24 00:00:00-04:00,12.02276237898325,12.302982404501348,12.02276237898325,12.28963851928711,7005,0.0,0.0
2023-03-27 00:00:00-04:00,12.383047771281321,12.51648586358299,12.176218298118911,12.40306282043457,24334,0.0,0.0
2023-03-28 00:00:00-04:00,12.423079812388234,12.66994018891431,12.17621943586216,12.636580467224121,16100,0.0,0.0
2023-03-29 00:00:00-04:00,12.636578630884859,12.66326640435876,12.32299885654761,12.516485214233398,14379,0.0,0.0
2023-03-30 00:00:00-04:00,12.709969718754762,12.709969718754762,12.209577105466472,12.536499977111816,15731,0.0,0.0
2023-03-31 00:00:00-04:00,12.463109659815732,12.463109659815732,12.222921262675673,12.349686622619629,12290,0.0,0.0
2023-04-03 00:00:00-04:00,12.236263407701475,12.58320287146206,12.209576418327227,12.38304615020752,30725,0.0,0.0
2023-04-04 00:00:00-04:00,12.30298686985875,12.463112768556698,12.209580421447754,12.209580421447754,27161,0.0,0.0
2023-04-05 00:00:00-04:00,12.296313159239933,12.296313159239933,12.029436960393538,12.182890892028809,22736,0.0,0.0
2023-04-06 00:00:00-04:00,12.142857417019467,12.336342189778051,12.009419346086132,12.136184692382812,21999,0.0,0.0
2023-04-10 00:00:00-04:00,12.309656013355156,12.509812754681226,12.049451780436927,12.469781875610352,16960,0.0,0.0
2023-04-11 00:00:00-04:00,12.476452772031998,12.843408093317048,12.343015468643586,12.516485214233398,26792,0.0,0.0
2023-04-12 00:00:00-04:00,12.689954795866267,12.756674232800432,12.516485823818616,12.683282852172852,7251,0.0,0.0
2023-04-13 00:00:00-04:00,12.723312558951772,12.963500945782524,12.689953625551762,12.830062866210938,29250,0.0,0.0
2023-04-14 00:00:00-04:00,12.943487654606956,13.136972477830968,12.856753159574538,13.023550987243652,17575,0.0,0.0
2023-04-17 00:00:00-04:00,13.163660315007691,13.310443092173225,13.030222990656734,13.177005767822266,27407,0.0,0.0
2023-04-18 00:00:00-04:00,13.210361759331084,13.437206268310547,12.970173363706882,13.437206268310547,26423,0.0,0.0
2023-04-19 00:00:00-04:00,13.343800177942823,13.604004394801333,13.063580131788964,13.517269134521484,39451,0.0,0.0
2023-04-20 00:00:00-04:00,13.4171924947229,13.523942027817327,12.810047976077305,13.243721961975098,16100,0.0,0.0
2023-04-21 00:00:00-04:00,13.31711260960694,13.31711260960694,13.056908388761325,13.203689575195312,6759,0.0,0.0
2023-04-24 00:00:00-04:00,13.203689704731055,13.49058170119398,13.016876857260222,13.457221984863281,26669,0.0,0.0
2023-04-25 00:00:00-04:00,13.430534012240985,13.430534012240985,13.076923370361328,13.076923370361328,14011,0.0,0.0
2023-04-26 00:00:00-04:00,13.036891791405585,13.036891791405585,12.516484162352134,12.64324951171875,17083,0.0,0.0
2023-04-27 00:00:00-04:00,12.643250442555379,12.923470497131348,12.643250442555379,12.923470497131348,7497,0.0,0.0
2023-04-28 00:00:00-04:00,12.790032338436882,12.936814308166504,12.72331290583681,12.936814308166504,7743,0.0,0.0
2023-05-01 00:00:00-04:00,12.863423848416604,12.936815229503486,12.209578054313384,12.396390914916992,28759,0.0,0.0
2023-05-02 00:00:00-04:00,12.35636093866132,12.463111264244818,12.102827840163368,12.269625663757324,13150,0.0,0.0
2023-05-03 00:00:00-04:00,12.282968521118164,12.556516647332796,12.282968521118164,12.282968521118164,12413,0.0,0.0
2023-05-04 00:00:00-04:00,12.25627857936911,12.269622464336331,12.042777983874428,12.189559936523438,12290,0.0,0.0
2023-05-05 00:00:00-04:00,12.316326289715587,12.463108245081756,12.189560162170778,12.28963851928711,15731,0.0,0.0
2023-05-08 00:00:00-04:00,12.30298331432824,12.523155872664402,12.30298331432824,12.436421394348145,9340,0.0,0.0
2023-05-09 00:00:00-04:00,12.389719877787591,12.416407654681128,12.242937886863787,12.269625663757324,13273,0.0,0.0
2023-05-10 00:00:00-04:00,12.483124843128529,12.483124843128529,12.22959333850396,12.356359481811523,16346,0.0,0.0
2023-05-11 00:00:00-04:00,12.26962491757289,12.536501106296729,12.196234317569607,12.36970329284668,6268,0.0,0.0
2023-05-12 00:00:00-04:00,12.54317270226851,12.54317270226851,12.289640408210852,12.429750442504883,7374,0.0,0.0
2023-05-15 00:00:00-04:00,12.329671581906636,12.589875027305531,12.276296816949381,12.516485214233398,24211,0.0,0.0
2023-05-16 00:00:00-04:00,12.823390926980764,13.277079900799322,12.569858669378519,13.110282897949219,41417,0.0,0.0
2023-05-17 00:00:00-04:00,12.916796707404348,13.363815307617188,12.916796707404348,13.363815307617188,10692,0.0,0.0
2023-05-18 00:00:00-04:00,13.156989054207907,13.343801921391705,13.036894062744668,13.270410537719727,24703,0.0,0.0
2023-05-19 00:00:00-04:00,13.23037841241142,13.810834389607782,13.23037841241142,13.7307710647583,29127,0.0,0.0
2023-05-22 00:00:00-04:00,13.677395514858649,13.837522164557608,13.5439582040907,13.7307710647583,24580,0.0,0.0
2023-05-23 00:00:00-04:00,13.644034273255638,13.777473133110632,13.63069195125115,13.664050102233887,10446,0.0,0.0
2023-05-24 00:00:00-04:00,13.664050547317109,13.664050547317109,13.217033480204075,13.477237701416016,13642,0.0,0.0
2023-05-25 00:00:00-04:00,13.277081267337616,13.43053440063534,13.277081267337616,13.42386245727539,6759,0.0,0.0
2023-05-26 00:00:00-04:00,13.423860903442309,13.570643640370847,13.250391960144043,13.250391960144043,17329,0.0,0.0
2023-05-30 00:00:00-04:00,13.40384450231189,13.817501797090284,13.25039139334077,13.463891983032227,20893,0.0,0.0
2023-05-31 00:00:00-04:00,13.463894615520015,13.590661544048672,13.310441476545428,13.503926277160645,18681,0.0,0.0
2023-06-01 00:00:00-04:00,13.604006180425992,13.924256363224679,13.330458041465402,13.917584419250488,18804,0.0,0.0
2023-06-02 00:00:00-04:00,13.957615915925414,14.377945253302686,13.710755555818231,14.324569702148438,33552,0.0,0.0
2023-06-05 00:00:00-04:00,14.471349672816876,14.831631445560564,13.944269334931738,14.19780158996582,89717,0.0,0.0
2023-06-06 00:00:00-04:00,14.22448907609921,14.544739186808465,14.077707905689211,14.531396865844727,53339,0.0,0.0
2023-06-07 00:00:00-04:00,14.67817970772474,15.345369338989258,14.55141435029634,15.345369338989258,93650,0.0,0.0
2023-06-08 00:00:00-04:00,15.50223790380912,15.515878324947893,14.84068227478847,15.154410362243652,28021,0.406835,0.0
2023-06-09 00:00:00-04:00,15.133946106920284,15.133946106920284,13.94723614693481,14.649714469909668,61081,0.0,0.0
2023-06-12 00:00:00-04:00,14.66335404083678,14.66335404083678,14.322346774006743,14.397367477416992,26178,0.0,0.0
2023-06-13 00:00:00-04:00,14.383724739473784,14.513307081874416,13.851751757542942,14.322342872619629,23105,0.0,0.0
2023-06-14 00:00:00-04:00,14.31552650598216,14.458750900401643,14.240504204143383,14.451929092407227,15240,0.0,0.0
2023-06-15 00:00:00-04:00,14.492846845334045,14.71791209772041,14.363264499484426,14.63607120513916,14256,0.0,0.0
2023-06-16 00:00:00-04:00,14.663354880531983,14.663354880531983,14.356448642557273,14.363268852233887,19295,0.0,0.0
2023-06-20 00:00:00-04:00,14.520128168840186,15.004359728105037,14.397364427695624,14.997539520263672,32814,0.0,0.0
2023-06-21 00:00:00-04:00,15.004362186068136,15.004362186068136,14.670173545831654,14.765656471252441,13519,0.0,0.0
2023-06-22 00:00:00-04:00,14.724736651775357,14.936161551350551,14.663354765168757,14.758837699890137,8849,0.0,0.0
2023-06-23 00:00:00-04:00,14.792936877665927,14.792936877665927,14.670173119974312,14.717914581298828,5408,0.0,0.0
2023-06-26 00:00:00-04:00,14.704275790086815,14.867957603176773,14.690633773803711,14.690633773803711,8726,0.0,0.0
2023-06-27 00:00:00-04:00,14.690632563717026,15.147584915161133,14.690632563717026,15.147584915161133,18681,0.0,0.0
2023-06-28 00:00:00-04:00,15.147585530915588,15.147585530915588,14.963439901715594,15.004361152648926,14871,0.0,0.0
2023-06-29 00:00:00-04:00,15.052101593630123,15.147584506014091,15.018000553492993,15.072562217712402,8849,0.0,0.0
2023-06-30 00:00:00-04:00,15.079383483583834,15.079383483583834,14.663352363461613,14.792936325073242,23351,0.0,0.0
2023-07-03 00:00:00-04:00,14.792935287323985,15.079382425739828,14.792935287323985,15.072562217712402,22859,0.0,0.0
2023-07-05 00:00:00-04:00,15.072560825867871,15.086201240663128,14.936156677915307,15.024819374084473,58255,0.0,0.0
2023-07-06 00:00:00-04:00,15.004363074975359,15.024823703063396,14.711095671116528,14.99072265625,18066,0.0,0.0
2023-07-07 00:00:00-04:00,14.854318270180526,15.004361259266078,14.854318270180526,14.895237922668457,14994,0.0,0.0
2023-07-10 00:00:00-04:00,14.840676815448903,14.895236881196707,14.786115150965031,14.806575775146484,16346,0.0,0.0
2023-07-11 00:00:00-04:00,14.81339782744783,15.072564167275884,14.81339782744783,15.03164291381836,12904,0.0,0.0
2023-07-12 00:00:00-04:00,14.990720735671148,15.48859275788769,14.867956982871153,15.004361152648926,95002,0.0,0.0
2023-07-13 00:00:00-04:00,15.147586049898571,15.147586049898571,14.79975700378418,14.79975700378418,24211,0.0,0.0
2023-07-14 00:00:00-04:00,14.936161799678876,15.011184106778707,14.158664284681,14.254145622253418,44613,0.0,0.0
2023-07-17 00:00:00-04:00,14.356445532690632,14.356445532690632,13.70170874303651,13.756270408630371,27898,0.0,0.0
2023-07-18 00:00:00-04:00,13.756269881706217,14.370085398653174,13.756269881706217,14.001795768737793,14011,0.0,0.0
2023-07-19 00:00:00-04:00,13.797191645149795,14.110919623290156,13.701708730448264,13.76991081237793,23597,0.0,0.0
2023-07-20 00:00:00-04:00,13.776732941385136,13.831294614536102,13.442545890808105,13.442545890808105,42769,0.0,0.0
2023-07-21 00:00:00-04:00,13.503925958322668,14.458750426979766,13.503925958322668,14.28824520111084,52724,0.0,0.0
2023-07-24 00:00:00-04:00,14.25414363198143,14.731555049393082,14.25414363198143,14.335986137390137,38099,0.0,0.0
2023-07-25 00:00:00-04:00,14.47920957234827,14.649714799594978,14.008618342619972,14.179121971130371,25072,0.0,0.0
2023-07-26 00:00:00-04:00,14.697451083700964,14.697451083700964,13.783549683260548,14.322342872619629,19541,0.0,0.0
2023-07-27 00:00:00-04:00,14.322346854366412,14.438288814143517,13.96769756823805,14.0154390335083,17329,0.0,0.0
2023-07-28 00:00:00-04:00,14.199584099805595,14.997543851484245,14.090462341565923,14.9634428024292,36255,0.0,0.0
2023-07-31 00:00:00-04:00,15.004363529139377,15.106666672676157,14.84068009821695,15.011183738708496,39820,0.0,0.0
2023-08-01 00:00:00-04:00,15.011183209686461,15.099845930960365,14.786117900573688,15.058924674987793,15731,0.0,0.0
2023-08-02 00:00:00-04:00,14.929344498766358,14.929344498766358,14.329169186773735,14.67017650604248,36993,0.0,0.0
2023-08-03 00:00:00-04:00,14.779294942904547,14.895236881196707,14.601971132068034,14.806575775146484,12167,0.0,0.0
2023-08-04 00:00:00-04:00,14.799758905132542,14.970262546365218,14.48603086232582,14.656536102294922,14502,0.0,0.0
2023-08-07 00:00:00-04:00,14.588332589482224,14.799757467773812,14.499669873309251,14.649714469909668,14625,0.0,0.0
2023-08-08 00:00:00-04:00,14.63607353919368,15.12030515923698,14.574691660917038,14.854318618774414,32077,0.0,0.0
2023-08-09 00:00:00-04:00,15.1748666750541,15.775040238135693,15.011181667974956,15.515873908996582,113805,0.0,0.0
2023-08-10 00:00:00-04:00,15.543156479256552,16.211532203260468,15.515875641696837,15.979646682739258,84064,0.0,0.0
2023-08-11 00:00:00-04:00,16.068306329659254,16.750322341918945,15.747758148415407,16.750322341918945,60835,0.0,0.0
2023-08-14 00:00:00-04:00,16.907188935666568,17.029951095581055,16.709402880062612,17.029951095581055,47439,0.0,0.0
2023-08-15 00:00:00-04:00,17.05040837454459,17.05040837454459,16.74350063690869,17.036767959594727,28021,0.0,0.0
2023-08-16 00:00:00-04:00,16.845803631423795,17.091329523372604,16.709401068668264,16.777603149414062,25194,0.0,0.0
2023-08-17 00:00:00-04:00,16.94810727957195,16.99584873757861,16.538897979844247,16.729862213134766,23228,0.0,0.0
2023-08-18 00:00:00-04:00,16.53889885456744,17.050411305648428,16.279732524703256,16.968568801879883,44736,0.0,0.0
2023-08-21 00:00:00-04:00,17.111792510518583,17.5210018157959,17.002669176452024,17.5210018157959,73125,0.0,0.0
2023-08-22 00:00:00-04:00,17.70514715424613,17.725607780898585,17.514182904226153,17.65058708190918,54322,0.0,0.0
2023-08-23 00:00:00-04:00,17.718785707833057,17.718785707833057,16.777603375786363,17.596023559570312,56657,0.0,0.0
2023-08-24 00:00:00-04:00,17.589204874671612,17.711967033565855,17.22773540927367,17.33685874938965,34535,0.0,0.0
2023-08-25 00:00:00-04:00,17.261834416851446,17.86882972717285,17.186812129371354,17.86882972717285,36993,0.0,0.0
2023-08-28 00:00:00-04:00,17.834732394664716,18.16892108503684,17.725610633692288,17.95067596435547,68210,0.0,0.0
2023-08-29 00:00:00-04:00,18.08707789427139,18.878215757936456,18.05297684864163,18.59177017211914,89717,0.0,0.0
2023-08-30 00:00:00-04:00,18.74863190786147,19.2328635202249,18.366703424336592,19.137380599975586,63416,0.0,0.0
2023-08-31 00:00:00-04:00,19.22604628505445,19.43747118528268,18.414447732361644,18.755455017089844,63293,0.0,0.0
2023-09-01 00:00:00-04:00,18.87821326889241,19.246502914399407,18.76909153600093,19.205581665039062,49160,0.0,0.0
2023-09-05 00:00:00-04:00,19.47157083149991,19.47157083149991,17.739248897805123,18.680431365966797,80377,0.0,0.0
2023-09-06 00:00:00-04:00,18.769091123100072,18.89185326974436,18.428082318001813,18.775911331176758,62310,0.0,0.0
2023-09-07 00:00:00-04:00,18.755075850274554,18.866216126232683,17.928462822211852,18.136852264404297,57886,0.406835,0.0
2023-09-08 00:00:00-04:00,18.206315448498813,18.741180962991148,17.97014053680427,18.692556381225586,49529,0.0,0.0
2023-09-11 00:00:00-04:00,18.75507448350359,18.935678436467622,18.01876267800733,18.157690048217773,60467,0.0,0.0
2023-09-12 00:00:00-04:00,18.261884404202213,18.400811777886517,17.79648095897896,17.82426643371582,23843,0.0,0.0
2023-09-13 00:00:00-04:00,17.81037408466407,18.414703288438133,17.782588609321405,17.984031677246094,34412,0.0,0.0
2023-09-14 00:00:00-04:00,18.20631385557437,18.33829322336687,18.122957436983647,18.275775909423828,16837,0.0,0.0
2023-09-15 00:00:00-04:00,18.157693169002446,18.157693169002446,17.71312713623047,17.71312713623047,28636,0.0,0.0
2023-09-18 00:00:00-04:00,17.581143176440833,17.852049896280725,17.379700135613582,17.68533706665039,49652,0.0,0.0
2023-09-19 00:00:00-04:00,17.782585772618297,18.02570701477394,16.77536896535788,16.886510848999023,61819,0.0,0.0
2023-09-20 00:00:00-04:00,16.990711385117642,17.21993995954776,16.844837619737667,17.143529891967773,18312,0.0,0.0
2023-09-21 00:00:00-04:00,17.04627971287747,17.25466916571614,16.75453382757944,17.03933334350586,26915,0.0,0.0
2023-09-22 00:00:00-04:00,17.032386404264848,18.025710677932,17.032386404264848,17.86594581604004,37853,0.0,0.0
2023-09-25 00:00:00-04:00,17.956248759868352,18.51195508926575,17.86594758045042,18.3591365814209,63416,0.0,0.0
2023-09-26 00:00:00-04:00,18.31745583511928,18.72728996995019,18.17853008609313,18.268831253051758,31954,0.0,0.0
2023-09-27 00:00:00-04:00,18.36607848607917,18.595307006271263,18.053493548250152,18.122957229614258,23720,0.0,0.0
2023-09-28 00:00:00-04:00,18.10906305845332,18.352184295654297,17.997922805386505,18.352184295654297,31094,0.0,0.0
2023-09-29 00:00:00-04:00,18.35218679380582,18.692555595233557,18.150743734699894,18.518898010253906,44981,0.0,0.0
2023-10-02 00:00:00-04:00,18.71339425741637,19.45665241606363,18.7064495173589,18.85232162475586,89471,0.0,0.0
2023-10-03 00:00:00-04:00,18.97735639834676,19.053764822649672,18.26883007619596,18.643932342529297,46456,0.0,0.0
2023-10-04 00:00:00-04:00,18.38691635339932,18.755072211549752,17.942352079198663,18.505002975463867,30602,0.0,0.0
2023-10-05 00:00:00-04:00,18.567519304229275,19.032922656866525,18.567519304229275,18.81758689880371,17943,0.0,0.0
2023-10-06 00:00:00-04:00,18.8939994198244,19.685882207886966,18.8939994198244,19.109336853027344,42646,0.0,0.0
2023-10-09 00:00:00-04:00,19.4080306862866,19.49138549061595,19.074606584039948,19.380245208740234,43138,0.0,0.0
2023-10-10 00:00:00-04:00,19.463598215142625,19.463598215142625,18.75507354736328,18.75507354736328,37362,0.0,0.0
2023-10-11 00:00:00-04:00,18.824536629781978,19.164907060105975,18.75507457265611,19.005142211914062,23843,0.0,0.0
2023-10-12 00:00:00-04:00,18.76202392578125,18.866219479552228,18.581419927554837,18.76202392578125,11675,0.0,0.0
2023-10-13 00:00:00-04:00,18.595311363349214,18.782861718667874,18.296619091806264,18.421653747558594,23474,0.0,0.0
2023-10-16 00:00:00-04:00,18.44943638815997,19.12322926667688,18.44943638815997,18.893999099731445,21999,0.0,0.0
2023-10-17 00:00:00-04:00,18.887055699715003,18.894000440593587,18.505007022669115,18.581417083740234,20401,0.0,0.0
2023-10-18 00:00:00-04:00,18.484166665011166,18.69255609825649,18.23409901945486,18.25493812561035,24703,0.0,0.0
2023-10-19 00:00:00-04:00,18.268830172063637,18.518897808161615,18.157689905080947,18.366079330444336,16960,0.0,0.0
2023-10-20 00:00:00-04:00,18.373023123397132,18.373023123397132,17.78258514404297,17.78258514404297,21139,0.0,0.0
2023-10-23 00:00:00-04:00,17.685339336645953,18.331348377762957,17.65060912099125,17.97014045715332,23965,0.0,0.0
2023-10-24 00:00:00-04:00,17.935407710633335,18.33829548861256,17.935407710633335,18.22020721435547,10201,0.0,0.0
2023-10-25 00:00:00-04:00,18.23410097412385,18.331350146607782,17.72007451878095,18.178531646728516,11921,0.0,0.0
2023-10-26 00:00:00-04:00,17.942357012188694,18.275779495354175,17.706180446507602,17.83816146850586,20524,0.0,0.0
2023-10-27 00:00:00-04:00,17.838162039848445,18.32440466932273,17.643665313720703,17.643665313720703,16714,0.0,0.0
2023-10-30 00:00:00-04:00,17.768695762160306,18.039602516772337,17.69923370254129,17.97014045715332,9463,0.0,0.0
2023-10-31 00:00:00-04:00,17.997928545279322,18.06044424518156,17.643665313720703,17.643665313720703,16223,0.0,0.0
2023-11-01 00:00:00-04:00,17.664503374239082,18.178531452396694,17.442221182104674,18.171585083007812,30356,0.0,0.0
2023-11-02 00:00:00-04:00,18.06738956497315,18.546685796791166,18.039604087382568,18.386920928955078,27775,0.0,0.0
2023-11-03 00:00:00-04:00,18.546687110679173,18.75507820737141,18.505008891340726,18.51195526123047,13396,0.0,0.0
2023-11-06 00:00:00-05:00,18.491111732216382,18.755073724940075,18.19936752319336,18.19936752319336,17452,0.0,0.0
2023-11-07 00:00:00-05:00,18.206316606414944,18.303564147821366,17.44222087214585,17.59503936767578,19295,0.0,0.0
2023-11-08 00:00:00-05:00,17.44221864226401,17.61587622338919,17.09490185170414,17.233827590942383,35149,0.0,0.0
2023-11-09 00:00:00-05:00,17.747857976922294,18.338294429167874,15.629228558244009,16.900405883789062,48300,0.0,0.0
2023-11-10 00:00:00-05:00,16.518359043269797,17.087958080157655,16.330808696888102,16.61560821533203,28759,0.0,0.0
2023-11-13 00:00:00-05:00,17.171315371781553,18.92873552802336,17.046280715736522,18.706453323364258,67472,0.0,0.0
2023-11-14 00:00:00-05:00,19.081552882039283,19.44970720153182,18.782860627843046,19.241317749023438,36255,0.0,0.0
2023-11-15 00:00:00-05:00,19.23437129622027,19.31077972407725,18.963462915266053,19.248262405395508,23351,0.0,0.0
2023-11-16 00:00:00-05:00,19.248262952617882,19.310780273076976,18.97040982333156,19.05376625061035,14502,0.0,0.0
2023-11-17 00:00:00-05:00,19.088499084280436,19.734508172541343,19.088499084280436,19.44970703125,35518,0.0,0.0
2023-11-20 00:00:00-05:00,19.484438439522062,19.637256919599626,19.05376521692246,19.366350173950195,44121,0.0,0.0
2023-11-21 00:00:00-05:00,19.366350716557626,19.449705513340124,19.22047697264646,19.317726135253906,22859,0.0,0.0
2023-11-22 00:00:00-05:00,19.36635022221577,19.658096074281453,19.095443475891177,19.58168601989746,34289,0.0,0.0
2023-11-24 00:00:00-05:00,19.58168514765506,19.991519247331354,19.574738779384116,19.83175277709961,35026,0.0,0.0
2023-11-27 00:00:00-05:00,19.99152060032139,20.64447437705253,19.866485962982253,20.588903427124023,73125,0.0,0.0
2023-11-28 00:00:00-05:00,20.637528437796128,20.838971507169564,20.491656319507676,20.818132400512695,27407,0.0,0.0
2023-11-29 00:00:00-05:00,20.776453062006098,20.797292167534383,19.866485300509247,20.137392044067383,55674,0.0,0.0
2023-11-30 00:00:00-05:00,20.07487550493276,20.47081689699442,19.046819438961567,20.45692253112793,44367,0.0,0.0
2023-12-01 00:00:00-05:00,20.588902934235858,20.852863311767578,20.588902934235858,20.852863311767578,92912,0.0,0.0
2023-12-04 00:00:00-05:00,20.49165501871161,20.852862921215518,20.49165501871161,20.838970184326172,110856,0.0,0.0
2023-12-05 00:00:00-05:00,20.818130883846354,20.8598090941237,20.491654826626142,20.83202362060547,49529,0.0,0.0
2023-12-06 00:00:00-05:00,20.79034712331927,20.90148902654958,20.040144161443614,20.047090530395508,82097,0.0,0.0
2023-12-07 00:00:00-05:00,20.011748279742427,20.011748279742427,19.085737261732955,19.14228630065918,65383,0.406835,0.0
2023-12-08 00:00:00-05:00,19.319007677106196,19.82089014428728,19.31193883994797,19.764339447021484,35149,0.0,0.0
2023-12-11 00:00:00-05:00,19.835022597259062,20.1319120227341,19.241245403326168,19.4957218170166,34535,0.0,0.0
2023-12-12 00:00:00-05:00,19.425040010386073,19.502797224862448,18.52023541545922,18.8878116607666,51864,0.0,0.0
2023-12-13 00:00:00-05:00,18.88780842181815,19.18469789643491,18.661607311876207,19.00090980529785,32446,0.0,0.0
2023-12-14 00:00:00-05:00,19.022112424941913,19.304864193435414,18.590916765072524,18.75349998474121,34535,0.0,0.0
2023-12-15 00:00:00-05:00,18.72522902743491,19.622964735602462,18.72522902743491,19.114011764526367,52355,0.0,0.0
2023-12-18 00:00:00-05:00,19.53106909692076,20.548976656800892,19.446244709693936,20.358118057250977,66612,0.0,0.0
2023-12-19 00:00:00-05:00,20.541904496552753,21.588083921230393,20.48535380953847,21.57394790649414,85415,0.0,0.0
2023-12-20 00:00:00-05:00,21.552743341472752,22.485823133240235,21.24171619187777,21.6304988861084,79270,0.0,0.0
2023-12-21 00:00:00-05:00,21.50326393305881,22.966503315859573,21.31947581979833,22.90288543701172,92421,0.0,0.0
2023-12-22 00:00:00-05:00,23.10787899704441,24.521636453447748,23.00184644215625,23.892513275146484,131134,0.0,0.0
2023-12-26 00:00:00-05:00,23.850104074166428,24.083374059067758,22.068766932527264,22.478757858276367,106431,0.0,0.0
2023-12-27 00:00:00-05:00,22.97357048140406,23.030121175836015,22.05462832495491,22.761507034301758,72388,0.0,0.0
2023-12-28 00:00:00-05:00,22.761506956562396,22.810988814021357,22.160660801327587,22.316173553466797,32568,0.0,0.0
2023-12-29 00:00:00-05:00,22.422203662985094,22.52823621096991,21.757737999999325,22.019283294677734,44981,0.0,0.0
2024-01-02 00:00:00-05:00,22.408067150083138,24.03388969458804,22.351516454896693,23.7794132232666,80622,0.0,0.0
2024-01-03 00:00:00-05:00,24.048026998197084,25.122481905111908,23.871307735477366,24.373191833496094,114420,0.0,0.0
2024-01-04 00:00:00-05:00,24.698355350649532,25.440578202881127,24.443878896826774,25.249719619750977,69070,0.0,0.0
2024-01-05 00:00:00-05:00,25.200239411878425,26.161596255720518,24.08337147083846,25.963668823242188,80745,0.0,0.0
2024-01-08 00:00:00-05:00,26.083835788506704,26.15452414840989,25.058861197979876,25.560745239257812,102867,0.0,0.0
2024-01-09 00:00:00-05:00,25.10834651253093,27.26432687374698,24.479223336666717,27.179502487182617,129168,0.0,0.0
2024-01-10 00:00:00-05:00,26.995710366848648,27.137087093796517,25.101275481886596,25.391096115112305,82097,0.0,0.0
2024-01-11 00:00:00-05:00,25.546611513542306,25.695057092269852,24.846801613450964,25.299203872680664,53461,0.0,0.0
2024-01-12 00:00:00-05:00,25.299202536685907,26.225213517491515,25.228514169596163,25.603160858154297,46702,0.0,0.0
2024-01-16 00:00:00-05:00,25.589022110520467,25.589022110520467,24.75490438492991,25.249719619750977,55674,0.0,0.0
2024-01-17 00:00:00-05:00,25.2143764956591,25.892981505671653,24.740767750202586,25.794017791748047,48668,0.0,0.0
2024-01-18 00:00:00-05:00,25.794019271334506,27.285533960348022,25.730399737305728,26.960369110107422,97091,0.0,0.0
2024-01-19 00:00:00-05:00,27.073467676680593,27.073467676680593,25.44764525227826,25.836429595947266,76198,0.0,0.0
2024-01-22 00:00:00-05:00,25.32747839996795,26.281764747068063,25.20023933661191,25.709192276000977,72388,0.0,0.0
2024-01-23 00:00:00-05:00,26.10504503283952,26.430208208443478,24.995244294098235,26.048494338989258,38099,0.0,0.0
2024-01-24 00:00:00-05:00,26.02728830590878,27.214846270463624,25.864706715126474,27.002782821655273,55305,0.0,0.0
2024-01-25 00:00:00-05:00,27.193635509100584,27.405700594699454,25.91418444440771,26.826059341430664,64891,0.0,0.0
2024-01-26 00:00:00-05:00,26.698823382281184,27.490528106689453,26.387796230367673,27.490528106689453,75952,0.0,0.0
2024-01-29 00:00:00-05:00,27.49052946836135,28.56498439461953,26.875543970639228,28.147926330566406,106923,0.0,0.0
2024-01-30 00:00:00-05:00,28.225680698413424,28.381191780909358,27.70965731239704,28.24688720703125,76935,0.0,0.0
2024-01-31 00:00:00-05:00,28.416538531796924,28.614465963462926,27.79448586047069,28.09137535095215,43998,0.0,0.0
2024-02-01 00:00:00-05:00,28.091374862427077,29.441512734278092,27.1724310595828,28.041893005371094,85293,0.0,0.0
2024-02-02 00:00:00-05:00,28.06310046459017,28.466020857351452,27.356221739508804,27.561216354370117,32446,0.0,0.0
2024-02-05 00:00:00-05:00,27.568285824861444,28.98204330751288,27.462254925022275,28.69929313659668,64154,0.0,0.0
2024-02-06 00:00:00-05:00,28.791185152070636,29.893917005496515,28.310504275521247,28.466018676757812,50266,0.0,0.0
2024-02-07 00:00:00-05:00,28.586187461526322,29.54754253831742,28.34585034934591,29.165828704833984,58009,0.0,0.0
2024-02-08 00:00:00-05:00,29.165831461970175,29.73133508660634,28.36705622513214,28.62153434753418,62802,0.0,0.0
2024-02-09 00:00:00-05:00,28.275162427572354,28.85480367987702,27.766207879999012,27.851032257080078,69316,0.0,0.0
2024-02-12 00:00:00-05:00,27.646041498154002,27.709659371718026,25.454715367596563,26.048494338989258,185579,0.0,0.0
2024-02-13 00:00:00-05:00,25.963668585903676,26.451415011731594,25.023519918295875,25.200239181518555,45719,0.0,0.0
2024-02-14 00:00:00-05:00,25.482988221528633,25.808153022339337,24.40146293551777,24.52163314819336,58500,0.0,0.0
2024-02-15 00:00:00-05:00,24.59232325330251,25.90004972834486,24.210609394110403,25.624366760253906,73125,0.0,0.0
2024-02-16 00:00:00-05:00,25.624366087257236,25.92125555717443,25.115413183689885,25.25678825378418,26178,0.0,0.0
2024-02-20 00:00:00-05:00,24.231817470324206,24.740770454965705,23.376493106100853,24.033891677856445,102621,0.0,0.0
2024-02-21 00:00:00-05:00,22.01221653815542,24.465086476476245,22.01221653815542,23.744070053100586,86522,0.0,0.0
2024-02-22 00:00:00-05:00,23.16442427110739,24.38025575113082,23.129081748906387,23.31993865966797,58500,0.0,0.0
2024-02-23 00:00:00-05:00,23.319943349998002,23.843033993603413,22.88874593382534,23.546144485473633,54445,0.0,0.0
2024-02-26 00:00:00-05:00,24.02682193004731,27.469324111938477,23.83596498229235,27.469324111938477,170339,0.0,0.0
2024-02-27 00:00:00-05:00,27.426909485005673,27.54001088064654,25.518336689707123,25.98487663269043,101884,0.0,0.0
2024-02-28 00:00:00-05:00,25.977807289968116,26.401932517262324,25.143687880587937,25.221445083618164,57886,0.0,0.0
2024-02-29 00:00:00-05:00,25.794016847999174,27.554145524975585,25.794016847999174,27.497594833374023,56165,0.0,0.0
2024-03-01 00:00:00-05:00,27.426906649165034,28.204475349762998,26.96743559091689,28.006547927856445,76075,0.0,0.0
2024-03-04 00:00:00-05:00,28.557913213040372,28.557913213040372,26.599858804001364,26.74830436706543,80745,0.0,0.0
2024-03-05 00:00:00-05:00,26.578654651946454,27.370359420776367,26.161596585150573,27.370359420776367,53339,0.0,0.0
2024-03-06 00:00:00-05:00,27.1795043383504,27.56828708387872,26.507968094957587,26.92502784729004,65506,0.0,0.0
2024-03-07 00:00:00-05:00,27.291304936383263,27.291304936383263,26.501293411243076,26.7023868560791,31217,0.488202,0.0
2024-03-08 00:00:00-05:00,26.443835639136488,27.29848481878872,26.2355602413488,26.975297927856445,36255,0.0,0.0
2024-03-11 00:00:00-04:00,27.147663534573116,27.147663534573116,25.754370181689488,26.242740631103516,41171,0.0,0.0
2024-03-12 00:00:00-04:00,26.494110344623945,27.29130380560393,26.314562813838627,26.69520378112793,33060,0.0,0.0
2024-03-13 00:00:00-04:00,26.795750172690074,27.183573091640817,26.28583379332422,26.451017379760742,23474,0.0,0.0
2024-03-14 00:00:00-04:00,26.472564264293798,26.573111823651054,25.323457717895508,25.323457717895508,37239,0.0,0.0
2024-03-15 00:00:00-04:00,25.74001068351417,26.278655001017686,24.684267955890252,24.827905654907227,34043,0.0,0.0
2024-03-18 00:00:00-04:00,24.849449236971207,25.754372211771123,24.425716465162264,25.646642684936523,32814,0.0,0.0
2024-03-19 00:00:00-04:00,25.56764431312863,25.86210167113606,25.323459053915162,25.632280349731445,24088,0.0,0.0
2024-03-20 00:00:00-04:00,25.84773914442741,26.314563751220703,25.323458787004302,26.314563751220703,18804,0.0,0.0
2024-03-21 00:00:00-04:00,26.214016148811506,26.680840754913714,25.76155548034549,26.077560424804688,36993,0.0,0.0
2024-03-22 00:00:00-04:00,25.790283472568312,25.912375259492585,25.00745391845703,25.00745391845703,37484,0.0,0.0
2024-03-25 00:00:00-04:00,24.978725929574548,25.366548878674454,24.109712753203286,24.396989822387695,88734,0.0,0.0
2024-03-26 00:00:00-04:00,24.346715059146312,24.94281507993802,24.289260994455233,24.540626525878906,21630,0.0,0.0
2024-03-27 00:00:00-04:00,24.82790188789472,24.82790188789472,23.800887192605373,23.89425277709961,62433,0.0,0.0
2024-03-28 00:00:00-04:00,24.203077344800292,26.027285564222385,24.203077344800292,25.747190475463867,70667,0.0,0.0
2024-04-01 00:00:00-04:00,25.998556255480082,26.57311033833268,25.488639885744192,26.048830032348633,54690,0.0,0.0
2024-04-02 00:00:00-04:00,26.034466844597883,26.565927450448804,25.589188175176822,26.32892417907715,15240,0.0,0.0
2024-04-03 00:00:00-04:00,26.28583658090276,27.434944890170723,26.28583658090276,27.054302215576172,25072,0.0,0.0
2024-04-04 00:00:00-04:00,27.34875924113364,27.564216612317125,26.609021537204335,26.68083953857422,27038,0.0,0.0
2024-04-05 00:00:00-04:00,26.867571328492506,26.996845080718817,26.35765323762991,26.60902214050293,12904,0.0,0.0
2024-04-08 00:00:00-04:00,26.6377468850055,26.6377468850055,26.05601250627301,26.127830505371094,19295,0.0,0.0
2024-04-09 00:00:00-04:00,25.86209988732026,25.869281855729316,24.82790317056381,24.835086822509766,54445,0.0,0.0
2024-04-10 00:00:00-04:00,24.81354147454724,25.35936775585285,24.74172178397096,25.187002182006836,13027,0.0,0.0
2024-04-11 00:00:00-04:00,26.228377247258905,26.228377247258905,25.021815034112702,25.711278915405273,31831,0.0,0.0
2024-04-12 00:00:00-04:00,25.797461789824233,25.797461789824233,24.899720861176316,25.30908966064453,31462,0.0,0.0
2024-04-15 00:00:00-04:00,25.301913309993477,25.488642819172945,24.217442732595785,24.598085403442383,34781,0.0,0.0
2024-04-16 00:00:00-04:00,24.325170020770393,24.6914487452451,23.99480282375539,24.346715927124023,18804,0.0,0.0
2024-04-17 00:00:00-04:00,24.188712043569414,24.511897241686448,23.772159576416016,23.772159576416016,24211,0.0,0.0
2024-04-18 00:00:00-04:00,23.678797257439754,24.11689397469022,23.477703820303223,23.556705474853516,29865,0.0,0.0
2024-04-19 00:00:00-04:00,23.50643121735463,24.353896760264686,23.50643121735463,23.779342651367188,24334,0.0,0.0
2024-04-22 00:00:00-04:00,23.59261150060324,24.590898310943356,23.59261150060324,24.203075408935547,33306,0.0,0.0
2024-04-23 00:00:00-04:00,24.11689446149245,24.813540378705174,24.023530551403574,24.61962890625,29004,0.0,0.0
2024-04-24 00:00:00-04:00,24.84945216595375,24.84945216595375,23.556707792785385,23.721891403198242,42892,0.0,0.0
2024-04-25 00:00:00-04:00,23.70034221411228,24.47599147938608,23.70034221411228,24.396989822387695,22736,0.0,0.0
2024-04-26 00:00:00-04:00,24.533446546306926,24.993090885857974,23.829618624064445,24.353899002075195,21016,0.0,0.0
2024-04-29 00:00:00-04:00,24.361079103879455,24.777631596836734,24.052257822862785,24.490354537963867,29004,0.0,0.0
2024-04-30 00:00:00-04:00,24.619629363111223,24.82790477691222,24.203078535509228,24.260534286499023,28636,0.0,0.0
2024-05-01 00:00:00-04:00,24.22462206861633,24.849448248799227,23.987617119005034,24.483169555664062,29250,0.0,0.0
2024-05-02 00:00:00-04:00,24.777630878515364,25.653824283316048,24.490353827970864,25.294729232788086,30479,0.0,0.0
2024-05-03 00:00:00-04:00,25.165453079443136,25.912372715984937,25.165453079443136,25.63945960998535,20647,0.0,0.0
2024-05-06 00:00:00-04:00,26.084742353357026,26.142196420276104,25.036181641681697,25.280366897583008,34043,0.0,0.0
2024-05-07 00:00:00-04:00,25.316274407694408,26.723931840019826,25.316274407694408,26.558748245239258,41417,0.0,0.0
2024-05-08 00:00:00-04:00,26.264289634138432,26.95375358228381,26.005740443141793,26.72393226623535,24580,0.0,0.0
2024-05-09 00:00:00-04:00,27.12611949254739,28.33268344664566,27.025571935193568,28.28240966796875,78902,0.0,0.0
2024-05-10 00:00:00-04:00,28.153130575003527,28.526591221106198,26.881930678337753,27.075843811035156,36870,0.0,0.0
2024-05-13 00:00:00-04:00,27.348759961800372,27.987950123703442,27.219484525561594,27.643218994140625,20893,0.0,0.0
2024-05-14 00:00:00-04:00,27.4780330911344,27.52830687075341,26.573111792139887,27.15484619140625,36870,0.0,0.0
2024-05-15 00:00:00-04:00,27.104574667183368,27.434943542398724,26.723932011288305,27.40621566772461,28881,0.0,0.0
2024-05-16 00:00:00-04:00,27.147664810057652,28.289591023996106,27.147664810057652,28.253681182861328,46087,0.0,0.0
2024-05-17 00:00:00-04:00,28.45477554797622,28.45477554797622,27.736583709716797,27.736583709716797,25072,0.0,0.0
2024-05-20 00:00:00-04:00,27.72939797996417,29.079599530231352,27.650398016439983,27.873037338256836,51003,0.0,0.0
2024-05-21 00:00:00-04:00,27.923311435885285,28.490683574822743,27.442122918114094,28.24650001525879,27652,0.0,0.0
2024-05-22 00:00:00-04:00,27.901770457998367,27.901770457998367,26.02728826446253,26.400747299194336,76567,0.0,0.0
2024-05-23 00:00:00-04:00,25.474279998093216,26.47974896111484,24.353899526823596,26.400747299194336,89225,0.0,0.0
2024-05-24 00:00:00-04:00,26.400743575129205,27.219482905294285,26.07037471905483,27.09739112854004,27407,0.0,0.0
2024-05-28 00:00:00-04:00,28.20340648920467,28.20340648920467,26.393563915057513,26.903478622436523,81483,0.0,0.0
2024-05-29 00:00:00-04:00,26.61620009203845,27.025570585860194,26.36483457827787,26.544382095336914,25686,0.0,0.0
2024-05-30 00:00:00-04:00,26.293015262738646,27.075844737584443,26.192467709010316,26.79574966430664,23843,0.0,0.0
2024-05-31 00:00:00-04:00,27.01120786869437,27.614489842845956,26.680839008226897,27.348758697509766,31217,0.0,0.0
2024-06-03 00:00:00-04:00,27.16202734338584,28.33986172708176,27.16202734338584,27.485214233398438,47808,0.0,0.0
2024-06-04 00:00:00-04:00,28.009494061003483,29.833700509190166,27.0542990278594,27.6073055267334,121794,0.0,0.0
2024-06-05 00:00:00-04:00,27.61448987919991,28.4332275377932,27.49239641712452,27.90894889831543,31339,0.0,0.0
2024-06-06 00:00:00-04:00,28.145951456330835,28.347043198160613,27.40621378490362,27.6073055267334,36747,0.0,0.0
2024-06-07 00:00:00-04:00,27.41339622341311,27.65039949372164,27.039935555436017,27.384668350219727,30110,0.0,0.0
2024-06-10 00:00:00-04:00,27.291303180595623,28.56250317120026,27.284121212187213,27.97358512878418,31708,0.0,0.0
2024-06-11 00:00:00-04:00,27.9735849766409,27.9735849766409,26.838842391967773,26.838842391967773,31831,0.0,0.0
2024-06-12 00:00:00-04:00,27.532258128737265,27.795026221188568,26.568773982410324,26.641765594482422,33798,0.488202,0.0
2024-06-13 00:00:00-04:00,26.60526968222331,26.65636381046978,25.77317044094835,25.984846115112305,27775,0.0,0.0
2024-06-14 00:00:00-04:00,25.634486935049516,25.846160888671875,25.233034799344615,25.846160888671875,39205,0.0,0.0
2024-06-17 00:00:00-04:00,25.524998973784125,25.860758654629684,25.34252166748047,25.34252166748047,22859,0.0,0.0
2024-06-18 00:00:00-04:00,25.3279266571405,26.1454276285424,25.306029172200493,25.546899795532227,21016,0.0,0.0
2024-06-20 00:00:00-04:00,25.66368596655374,26.758551640793737,25.66368596655374,26.349802017211914,15977,0.0,0.0
2024-06-21 00:00:00-04:00,26.42279212832908,26.568773639581355,26.02133997812091,26.254911422729492,22491,0.0,0.0
2024-06-24 00:00:00-04:00,26.24031503790927,26.539577224108843,26.021340202629222,26.043237686157227,17329,0.0,0.0
2024-06-25 00:00:00-04:00,25.91185661210474,26.539579391479492,25.64178933754572,26.539579391479492,16592,0.0,0.0
2024-06-26 00:00:00-04:00,26.510385029897208,26.524981642749324,26.05783870122891,26.06513786315918,13396,0.0,0.0
2024-06-27 00:00:00-04:00,26.08703471192023,26.08703471192023,25.619891781807166,25.663686752319336,9217,0.0,0.0
2024-06-28 00:00:00-04:00,25.546897435323142,26.07973276428607,25.481204986572266,25.481204986572266,16100,0.0,0.0
2024-07-01 00:00:00-04:00,25.831562995045655,28.19647575034517,25.787768029223926,27.919109344482422,71282,0.0,0.0
2024-07-02 00:00:00-04:00,28.824202486869,30.36431540067029,28.649026021130208,30.203737258911133,165915,0.0,0.0
2024-07-03 00:00:00-04:00,30.130745484865265,30.992039751223867,29.488422655064124,29.4957218170166,62556,0.0,0.0
2024-07-05 00:00:00-04:00,29.867972011248018,29.867972011248018,28.700114796350306,29.342435836791992,48668,0.0,0.0
2024-07-08 00:00:00-04:00,29.612503668798297,29.743888562914837,28.28406496110515,28.546833038330078,55919,0.0,0.0
2024-07-09 00:00:00-04:00,28.284066222421597,28.77310830576698,28.181877966885022,28.364356994628906,30233,0.0,0.0
2024-07-10 00:00:00-04:00,28.48114204267865,29.729291756359228,28.48114204267865,29.4592227935791,27530,0.0,0.0
2024-07-11 00:00:00-04:00,29.357033137104914,29.64170040861927,28.970181036294033,28.984779357910156,15977,0.0,0.0
2024-07-12 00:00:00-04:00,29.269445655529594,29.36433132086089,28.32055820407081,28.57602882385254,31954,0.0,0.0
2024-07-15 00:00:00-04:00,28.605227076961324,29.23294807688434,28.466543018412946,28.89719009399414,13888,0.0,0.0
2024-07-16 00:00:00-04:00,29.13806316279459,29.29864470844124,28.41544962940115,28.700115203857422,28390,0.0,0.0
2024-07-17 00:00:00-04:00,28.692814760885724,28.722013115252604,28.13078279824682,28.335159301757812,13027,0.0,0.0
2024-07-18 00:00:00-04:00,28.459242696313627,28.481140178348912,27.74393008285205,27.882614135742188,19541,0.0,0.0
2024-07-19 00:00:00-04:00,27.88991397716499,28.02859804194824,27.73663330078125,27.73663330078125,24334,0.0,0.0
2024-07-22 00:00:00-04:00,27.736631931501474,28.240270614624023,27.55415290790041,28.240270614624023,18066,0.0,0.0
2024-07-23 00:00:00-04:00,27.999399829954584,28.466542705278314,27.999399829954584,28.123485565185547,19664,0.0,0.0
2024-07-24 00:00:00-04:00,28.29866507286302,28.29866507286302,27.444668340105654,27.459266662597656,18927,0.0,0.0
2024-07-25 00:00:00-04:00,27.532257932615046,27.780427700884125,26.78774691679957,27.072412490844727,56042,0.0,0.0
2024-07-26 00:00:00-04:00,27.10890911279712,27.437369663662633,26.875337659806267,27.313283920288086,11798,0.0,0.0
2024-07-29 00:00:00-04:00,27.130808569168938,27.97750621719081,26.897237099198836,27.262191772460938,23843,0.0,0.0
2024-07-30 00:00:00-04:00,27.37167758064307,27.37167758064307,26.5614775011213,26.722057342529297,25809,0.0,0.0
2024-07-31 00:00:00-04:00,26.926430201645445,27.305984859754364,26.765850371873324,26.992122650146484,18066,0.0,0.0
2024-08-01 00:00:00-04:00,26.882636207537516,26.919132013579304,26.03593864039285,26.152725219726562,36624,0.0,0.0
2024-08-02 00:00:00-04:00,26.152724551380697,26.61986743476098,25.276830361786512,26.240314483642578,52847,0.0,0.0
2024-08-05 00:00:00-04:00,25.40091482525189,26.49578036857471,25.07975346740674,26.262208938598633,45842,0.0,0.0
2024-08-06 00:00:00-04:00,28.46654723587729,29.758492076045496,27.84612188299492,29.12346839904785,108398,0.0,0.0
2024-08-07 00:00:00-04:00,29.999355568573126,29.999355568573126,28.81689837343119,29.305938720703125,35764,0.0,0.0
2024-08-08 00:00:00-04:00,30.13074093832137,30.13074093832137,28.48114085202661,29.25484848022461,50881,0.0,0.0
2024-08-09 00:00:00-04:00,29.34243805247976,30.648981137224784,28.93368842415237,30.437305450439453,73003,0.0,0.0
2024-08-12 00:00:00-04:00,31.145315006446353,33.34964772227922,30.583283087071425,33.19636535644531,213600,0.0,0.0
2024-08-13 00:00:00-04:00,33.532125928494736,33.532125928494736,31.55406380649284,32.84600830078125,76321,0.0,0.0
2024-08-14 00:00:00-04:00,32.84601141777937,32.84601141777937,31.933619740273716,32.561344146728516,34412,0.0,0.0
2024-08-15 00:00:00-04:00,32.66353166266091,33.335051018777726,32.29857705308309,32.70002746582031,51864,0.0,0.0
2024-08-16 00:00:00-04:00,32.707324854276834,33.18176684762626,31.831432469941912,32.269378662109375,39574,0.0,0.0
2024-08-19 00:00:00-04:00,32.269387485811016,34.89706877934178,32.269387485811016,34.320438385009766,121056,0.0,0.0
2024-08-20 00:00:00-04:00,34.30583718548813,35.03574992552619,33.502936251261296,34.889766693115234,66243,0.0,0.0
2024-08-21 00:00:00-04:00,35.400700461034,35.400700461034,32.87520794457949,33.15257263183594,57886,0.0,0.0
2024-08-22 00:00:00-04:00,33.210963677000926,33.56132337033557,32.57594015484795,33.19636535644531,40557,0.0,0.0
2024-08-23 00:00:00-04:00,33.532131033086614,33.911683994232185,32.904406590642765,33.751102447509766,52601,0.0,0.0
2024-08-26 00:00:00-04:00,34.05766693231357,34.816776346515,33.03579111220727,33.40074920654297,38713,0.0,0.0
2024-08-27 00:00:00-04:00,33.400748007776,33.583223626377894,33.06498657303778,33.47373962402344,20770,0.0,0.0
2024-08-28 00:00:00-04:00,33.517527922770434,33.517527922770434,32.590541330317784,33.06498336791992,28636,0.0,0.0
2024-08-29 00:00:00-04:00,32.8460112770732,32.897105402427556,31.80223813172403,31.846033096313477,35764,0.0,0.0
2024-08-30 00:00:00-04:00,31.98471656676227,33.210968840036735,31.313200560841278,33.02119064331055,51003,0.0,0.0
2024-09-03 00:00:00-04:00,33.006598853713356,33.006598853713356,30.51029910338724,30.70737648010254,79148,0.0,0.0
2024-09-04 00:00:00-04:00,30.72927239533351,32.349676032763476,30.72927239533351,31.590566635131836,43261,0.0,0.0
2024-09-05 00:00:00-04:00,31.488373852885154,31.758442798048076,31.05772679477675,31.51757049560547,30479,0.0,0.0
2024-09-06 00:00:00-04:00,31.641663906990132,32.24019180601047,30.736574607016486,31.24021339416504,85415,0.0,0.0
2024-09-09 00:00:00-04:00,31.79542255963516,31.825034322894656,30.522127151489258,30.522127151489258,55059,0.488202,0.0
2024-09-10 00:00:00-04:00,30.78122244307126,31.018116517083385,30.300034825904465,31.010713577270508,39942,0.0,0.0
2024-09-11 00:00:00-04:00,31.16617603971754,31.90646309691832,30.840446680359236,31.81022834777832,26546,0.0,0.0
2024-09-12 00:00:00-04:00,31.928680622243967,33.86824101523376,31.77322231083486,32.543121337890625,51495,0.0,0.0
2024-09-13 00:00:00-04:00,32.7652086530093,32.95027872709605,31.81763904519087,32.04712677001953,33552,0.0,0.0
2024-09-16 00:00:00-04:00,32.49869399071832,32.572723388671875,32.08413283284877,32.572723388671875,23720,0.0,0.0
2024-09-17 00:00:00-04:00,32.580133272718186,32.787415631169054,32.150766143741016,32.52831268310547,24457,0.0,0.0
2024-09-18 00:00:00-04:00,32.67636454580684,33.23158155978814,32.09153577264413,32.572723388671875,18189,0.0,0.0
2024-09-19 00:00:00-04:00,33.187172807380655,34.05331005401781,32.454285042069124,34.00889587402344,63662,0.0,0.0
2024-09-20 00:00:00-04:00,33.94966712344583,34.53449249267578,32.79481532492478,34.53449249267578,52110,0.0,0.0
2024-09-23 00:00:00-04:00,33.79420296800664,34.016287700755086,33.12053888830637,33.33522415161133,64768,0.0,0.0
2024-09-24 00:00:00-04:00,33.3796474355404,35.09711594965765,33.313020963250686,35.082313537597656,47931,0.0,0.0
2024-09-25 00:00:00-04:00,35.47466379313829,36.644321516127036,35.222963802079846,35.80779266357422,83449,0.0,0.0
2024-09-26 00:00:00-04:00,36.214950187223494,36.86640550334127,35.282186592935986,36.59990310668945,48423,0.0,0.0
2024-09-27 00:00:00-04:00,36.71834390479408,36.78497036657423,35.9558480057623,36.5850944519043,53830,0.0,0.0
2024-09-30 00:00:00-04:00,36.703546821863995,36.703546821863995,35.76338013273679,36.16313552856445,44613,0.0,0.0
2024-10-01 00:00:00-04:00,36.12612287316978,36.444445894824405,35.14893804181751,36.31859588623047,62802,0.0,0.0
2024-10-02 00:00:00-04:00,36.451846957765724,37.31058120727539,36.31859401435769,37.31058120727539,58869,0.0,0.0
2024-10-03 00:00:00-04:00,37.695532405993355,37.695532405993355,36.56288938091679,37.280967712402344,81114,0.0,0.0
2024-10-04 00:00:00-04:00,36.2741743602906,36.496262587020645,32.787413495324735,32.98728942871094,226750,0.0,0.0
2024-10-07 00:00:00-04:00,33.46107738129634,33.64615092130508,32.59494015539778,32.75780487060547,92421,0.0,0.0
2024-10-08 00:00:00-04:00,32.46168640884272,32.7948187726717,31.180987955469032,31.240211486816406,98566,0.0,0.0
2024-10-09 00:00:00-04:00,31.210600591841583,32.16557312011719,30.71460697364142,32.16557312011719,86153,0.0,0.0
2024-10-10 00:00:00-04:00,32.20258327059356,33.446270346222356,32.20258327059356,33.22418212890625,97828,0.0,0.0
2024-10-11 00:00:00-04:00,33.276005644211374,33.505493351649434,31.87685669321106,32.054527282714844,60467,0.0,0.0
2024-10-14 00:00:00-04:00,32.20258350119394,32.23959820434502,31.173581694935436,31.928674697875977,52110,0.0,0.0
2024-10-15 00:00:00-04:00,31.950882311296027,31.950882311296027,31.09214817201217,31.380859375,39697,0.0,0.0
2024-10-16 00:00:00-04:00,31.43268114632226,31.93607763850619,31.351252270060606,31.928674697875977,38222,0.0,0.0
2024-10-17 00:00:00-04:00,31.93607784184578,31.943480782523128,31.106955427323996,31.388263702392578,33552,0.0,0.0
2024-10-18 00:00:00-04:00,31.506710715936798,32.4024630661652,31.506710715936798,32.061927795410156,51864,0.0,0.0
2024-10-21 00:00:00-04:00,32.04712356594745,32.04712356594745,31.10695699391721,31.180986404418945,52110,0.0,0.0
2024-10-22 00:00:00-04:00,31.143968410612622,32.52090488853866,31.143968410612622,32.3802490234375,38345,0.0,0.0
2024-10-23 00:00:00-04:00,32.26180310196372,32.30622074034213,30.884863253573762,30.98850440979004,65260,0.0,0.0
2024-10-24 00:00:00-04:00,31.166182209396077,31.60295228432851,30.93669102441795,31.477102279663086,35149,0.0,0.0
2024-10-25 00:00:00-04:00,31.81023276048594,31.81023276048594,30.78122743044016,31.047733306884766,25686,0.0,0.0
2024-10-28 00:00:00-04:00,30.951494261200807,30.951494261200807,29.648583618572335,30.359262466430664,61696,0.0,0.0
2024-10-29 00:00:00-04:00,30.129777685534414,30.67018894684058,30.129777685534414,30.425891876220703,27652,0.0,0.0
2024-10-30 00:00:00-04:00,30.43329241202868,30.677589463337082,29.81885178395417,30.166790008544922,30971,0.0,0.0
2024-10-31 00:00:00-04:00,30.16679337721475,31.04033356537089,30.16679337721475,30.655384063720703,47808,0.0,0.0
2024-11-01 00:00:00-04:00,30.810837498177857,31.032925716321145,30.507320404052734,30.507320404052734,25194,0.0,0.0
2024-11-04 00:00:00-05:00,30.499918010689292,31.025523332388314,30.040939155628692,30.0705509185791,28636,0.0,0.0
2024-11-05 00:00:00-05:00,30.159383447980662,31.077341074112816,30.159383447980662,30.833044052124023,36010,0.0,0.0
2024-11-06 00:00:00-05:00,31.092145376161465,31.129160074584128,29.767026113970662,30.773818969726562,44858,0.0,0.0
2024-11-07 00:00:00-05:00,30.759022644384075,31.625159817433868,30.610963821411133,30.610963821411133,31585,0.0,0.0
2024-11-08 00:00:00-05:00,30.83304821112526,30.96630115018425,30.35926345403088,30.855257034301758,31094,0.0,0.0
2024-11-11 00:00:00-05:00,30.71460295837165,30.907075944787376,29.485721750622695,29.722612380981445,60344,0.0,0.0
2024-11-12 00:00:00-05:00,29.611572617585132,30.270427414218172,29.36727556867317,29.552349090576172,71159,0.0,0.0
2024-11-13 00:00:00-05:00,29.626378661481404,31.0255240827131,29.552349252315043,29.707807540893555,76812,0.0,0.0
2024-11-14 00:00:00-05:00,29.870671636663893,30.98110581034938,29.870671636663893,30.899673461914062,34904,0.0,0.0
2024-11-15 00:00:00-05:00,31.136568878922827,31.832441869668124,30.907077705477054,31.662174224853516,52478,0.0,0.0
2024-11-18 00:00:00-05:00,31.847244139578947,31.847244139578947,31.22540403305791,31.366056442260742,23105,0.0,0.0
2024-11-19 00:00:00-05:00,31.31423670727684,31.63256318091874,30.803437231871307,31.462295532226562,25686,0.0,0.0
2024-11-20 00:00:00-05:00,31.765813153788574,32.16556847311122,30.99591080669433,31.314233779907227,46948,0.0,0.0
2024-11-21 00:00:00-05:00,31.832443106814335,31.847245518876488,28.989729240057304,29.204416275024414,130397,0.0,0.0
2024-11-22 00:00:00-05:00,28.915699612420504,30.359262669580016,28.478927836570545,29.98171615600586,74477,0.0,0.0
2024-11-25 00:00:00-05:00,29.989120461957473,30.211205227422255,28.96752151707493,30.15198516845703,51618,0.0,0.0
2024-11-26 00:00:00-05:00,29.870671932833286,30.314844912577325,29.00453479586595,29.1525936126709,33675,0.0,0.0
2024-11-27 00:00:00-05:00,29.130385715060058,29.618976355358672,28.62698745727539,28.62698745727539,36870,0.0,0.0
2024-11-29 00:00:00-05:00,28.649197735645465,29.30065137735363,27.664613463964134,28.20502471923828,61204,0.0,0.0
2024-12-02 00:00:00-05:00,28.316065771427347,29.648584757860984,28.242036360402544,29.241426467895508,71651,0.0,0.0
2024-12-03 00:00:00-05:00,29.204414361318022,29.693004988826615,28.65659847142196,29.30805206298828,31954,0.0,0.0
2024-12-04 00:00:00-05:00,29.063755560832835,29.959506164862113,28.745432586614942,28.9231014251709,30971,0.0,0.0
2024-12-05 00:00:00-05:00,29.0711584841088,30.15198260196489,28.871280823935397,29.352468490600586,50512,0.0,0.0
2024-12-06 00:00:00-05:00,29.715212417038163,29.92989422185674,28.53074713758627,28.952713012695312,55182,0.0,0.0
2024-12-09 00:00:00-05:00,29.050450646388274,29.40380810848566,27.97534345972529,28.148263931274414,64400,0.488202,0.0
2024-12-10 00:00:00-05:00,28.118189935424986,28.682055733731122,27.907678063533485,28.313663482666016,48791,0.0,0.0
2024-12-11 00:00:00-05:00,28.253518426858207,28.26855498977125,26.84760860635165,26.877681732177734,63293,0.0,0.0
2024-12-12 00:00:00-05:00,26.85512595547266,27.41147523919516,26.68972553154402,26.892717361450195,45596,0.0,0.0
2024-12-13 00:00:00-05:00,27.09571201658117,27.39644153338551,26.689728314437573,26.847610473632812,28267,0.0,0.0
2024-12-16 00:00:00-05:00,26.84009216994488,26.84009216994488,26.20104172695594,26.223596572875977,71282,0.0,0.0
2024-12-17 00:00:00-05:00,25.91534817331664,26.17848625601366,25.17104185057924,25.65220832824707,83572,0.0,0.0
2024-12-18 00:00:00-05:00,25.652209168472254,26.178487113476812,24.93797770986392,25.456735610961914,119705,0.0,0.0
2024-12-19 00:00:00-05:00,25.45673478493235,26.23111247068507,24.757539912079668,24.877832412719727,145391,0.0,0.0
2024-12-20 00:00:00-05:00,24.772577483433633,26.058194824513624,24.772577483433633,25.727392196655273,75706,0.0,0.0
2024-12-23 00:00:00-05:00,25.56199207504229,26.388997773567826,25.411626441288934,25.96797752380371,42646,0.0,0.0
2024-12-24 00:00:00-05:00,26.15593285945639,27.06563789611553,25.81009366345807,26.712282180786133,49652,0.0,0.0
2024-12-26 00:00:00-05:00,26.388998224759717,26.659654607770726,26.133378405381134,26.539363861083984,32446,0.0,0.0
2024-12-27 00:00:00-05:00,26.351405925228825,26.539362964282834,25.79505661437418,26.110822677612305,36747,0.0,0.0
2024-12-30 00:00:00-05:00,25.937902220540124,25.937902220540124,25.14848799669461,25.667245864868164,68947,0.0,0.0
2024-12-31 00:00:00-05:00,25.817610029360008,27.36636537116402,25.810091748214187,27.216001510620117,74969,0.0,0.0
2025-01-02 00:00:00-05:00,27.268633310176654,28.4414765218592,27.21600533476111,28.08060073852539,64522,0.0,0.0
2025-01-03 00:00:00-05:00,27.629505953282603,27.817461224603317,26.975419000775133,27.050600051879883,70667,0.0,0.0
2025-01-06 00:00:00-05:00,27.238559164434935,27.546806960844986,25.70483846430622,26.456663131713867,115526,0.0,0.0
2025-01-07 00:00:00-05:00,26.358922171671505,27.05811877822363,26.358922171671505,27.028045654296875,46210,0.0,0.0
2025-01-08 00:00:00-05:00,27.163374486120592,27.674614097049318,26.5243240912734,26.63709831237793,38222,0.0,0.0
2025-01-10 00:00:00-05:00,26.644618792961314,27.35133201642889,26.358925838288734,26.37396240234375,38713,0.0,0.0
2025-01-13 00:00:00-05:00,25.84016855939919,26.313816814415993,25.56199387968931,25.907833099365234,35764,0.0,0.0
2025-01-14 00:00:00-05:00,25.915348418555727,25.983011188412796,25.41162532988547,25.8326473236084,32568,0.0,0.0
2025-01-15 00:00:00-05:00,25.93790376600287,26.08826763372534,25.689800476346,25.96045684814453,35272,0.0,0.0
2025-01-16 00:00:00-05:00,25.885276767259093,25.96045782275649,25.193598367599854,25.381553649902344,25809,0.0,0.0
2025-01-17 00:00:00-05:00,25.23870824675156,25.321409347026066,24.62221266035969,24.81768798828125,57026,0.0,0.0
2025-01-21 00:00:00-05:00,25.058272268524085,25.34396522786122,24.592140537580704,24.983089447021484,73740,0.0,0.0
2025-01-22 00:00:00-05:00,24.359074201790424,24.449291813688067,23.554621639293153,24.073379516601562,104834,0.0,0.0
2025-01-23 00:00:00-05:00,24.110971450805664,24.66732074624929,23.953089304746285,24.110971450805664,42892,0.0,0.0
2025-01-24 00:00:00-05:00,24.07338083225897,24.298929280261053,23.419295620170793,23.765134811401367,75338,0.0,0.0
2025-01-27 00:00:00-05:00,23.434330536865975,24.05082429763872,23.434330536865975,23.592212677001953,28390,0.0,0.0
2025-01-28 00:00:00-05:00,23.4944756310567,23.885422702838078,23.043380551283498,23.246374130249023,55919,0.0,0.0
2025-01-29 00:00:00-05:00,23.30652183517332,24.065864766338134,23.30652183517332,23.74258041381836,31094,0.0,0.0
2025-01-30 00:00:00-05:00,23.69747101651207,24.171119247352028,23.592215070826445,23.599733352661133,24334,0.0,0.0
2025-01-31 00:00:00-05:00,23.55462247455921,23.757616073865403,23.31403923034668,23.31403923034668,21876,0.0,0.0
2025-02-03 00:00:00-05:00,23.15615698660828,23.306520852731012,22.7125801449197,23.133602142333984,37362,0.0,0.0
2025-02-04 00:00:00-05:00,23.306520827480426,24.659804432981723,23.306520827480426,24.261337280273438,37239,0.0,0.0
2025-02-05 00:00:00-05:00,24.050826809174215,24.55454993121634,23.765135623355953,24.253820419311523,24703,0.0,0.0
2025-02-06 00:00:00-05:00,24.2613384189051,24.983088181656004,23.88542609280438,24.516958236694336,42155,0.0,0.0
2025-02-07 00:00:00-05:00,24.599655624127465,25.073303779386194,24.283889599830847,24.697391510009766,28267,0.0,0.0
2025-02-10 00:00:00-05:00,24.9154214140858,25.78001845301565,24.810165478740906,25.313888549804688,94387,0.0,0.0
2025-02-11 00:00:00-05:00,25.23870805832189,25.787539104028014,24.825206084781883,25.381553649902344,38591,0.0,0.0
2025-02-12 00:00:00-05:00,25.3815525104921,26.960382803024366,25.3815525104921,26.283740997314453,61573,0.0,0.0
2025-02-13 00:00:00-05:00,26.103303341189786,26.15593130999816,25.193596596048366,25.471771240234375,36010,0.0,0.0
2025-02-14 00:00:00-05:00,25.501844948891815,25.930383465679412,25.486808386031015,25.659727096557617,22859,0.0,0.0
2025-02-18 00:00:00-05:00,25.674765871752225,26.23111342023426,25.674765871752225,26.110822677612305,34781,0.0,0.0
2025-02-19 00:00:00-05:00,26.013083276195935,26.013083276195935,24.937976134256544,25.223669052124023,22245,0.0,0.0
2025-02-20 00:00:00-05:00,25.37403783738405,25.674767354869665,25.186080787472594,25.449220657348633,23965,0.0,0.0
2025-02-21 00:00:00-05:00,25.689801027653573,26.231113782867297,24.825205685542944,25.434181213378906,34658,0.0,0.0
2025-02-24 00:00:00-05:00,25.479290422116048,25.479290422116048,24.389146650613423,24.742504119873047,37116,0.0,0.0
2025-02-25 00:00:00-05:00,24.719949407657225,25.020678907858397,24.381628499634335,24.953014373779297,18804,0.0,0.0
2025-02-26 00:00:00-05:00,24.795130387637194,25.546953201293945,24.795130387637194,25.546953201293945,21876,0.0,0.0
2025-02-27 00:00:00-05:00,25.862720914839354,26.31381427974944,24.96805070414084,25.246225357055664,45596,0.0,0.0
2025-02-28 00:00:00-05:00,25.561991549645953,26.719798093886254,25.561991549645953,26.614543914794922,61696,0.0,0.0
2025-03-03 00:00:00-05:00,26.69724649707484,26.95286632105144,25.261263456211363,25.328927993774414,51495,0.0,0.0
2025-03-04 00:00:00-05:00,25.63717209810475,25.63717209810475,24.253817230188357,25.005640029907227,70422,0.0,0.0
2025-03-05 00:00:00-05:00,24.953016168709098,25.073308682391538,24.50944104925058,24.862796783447266,60467,0.0,0.0
2025-03-06 00:00:00-05:00,25.110896389808246,25.554473237356948,24.359075286889667,24.742504119873047,55305,0.0,0.0
2025-03-07 00:00:00-05:00,24.60717626550751,25.689799968946097,24.50943860787613,25.148488998413086,43875,0.0,0.0
2025-03-10 00:00:00-04:00,25.163523350358208,25.193596475247368,23.998198572765965,24.607175827026367,82343,0.0,0.0
2025-03-11 00:00:00-04:00,24.78359602461495,25.10576186484445,24.354045167138416,24.921667098999023,70545,0.528885,0.0
2025-03-12 00:00:00-04:00,24.883314477458303,26.04157020807427,24.515128535202614,25.481618881225586,65014,0.0,0.0
2025-03-13 00:00:00-04:00,25.435597426241916,25.773102734731168,24.714564910994426,24.929340362548828,16100,0.0,0.0
2025-03-14 00:00:00-04:00,25.236161481773383,25.512301842919495,24.699221990549365,24.990703582763672,30479,0.0,0.0
2025-03-17 00:00:00-04:00,24.967691001484905,25.811453291163655,24.91399669432617,25.796112060546875,37607,0.0,0.0
2025-03-18 00:00:00-04:00,26.773034358603006,28.22481245640241,26.735326794002198,28.13054084777832,79400,0.0,0.0
2025-03-19 00:00:00-04:00,28.715023553040442,30.411905432265335,28.715023553040442,29.71430015563965,68200,0.0,0.0
2025-03-20 00:00:00-04:00,29.704873641313633,30.129093223889477,29.365496536787713,29.431486129760742,28900,0.0,0.0
2025-03-21 00:00:00-04:00,29.789717679513704,29.808572362521563,28.84700510609923,28.997838973999023,36200,0.0,0.0
2025-03-24 00:00:00-04:00,29.167526908607798,29.601173820136523,28.997838361285602,29.365495681762695,26900,0.0,0.0
2025-03-25 00:00:00-04:00,29.299505938032304,29.85570648554272,29.186379641046507,29.84627914428711,14700,0.0,0.0
2025-03-26 00:00:00-04:00,29.57289145364705,30.025393015030563,29.24294172419106,29.469192504882812,17000,0.0,0.0
2025-03-27 00:00:00-04:00,29.46919197288371,29.78971435593107,28.630178451538086,28.630178451538086,25100,0.0,0.0
2025-03-28 00:00:00-04:00,28.56418944268529,29.1203899890246,28.56418944268529,28.960128784179688,22300,0.0,0.0
2025-03-31 00:00:00-04:00,28.743304477048458,29.129816465837415,28.413354735914087,28.89413833618164,21400,0.0,0.0
2025-04-01 00:00:00-04:00,28.894137889044302,30.015966272308273,28.894137889044302,29.98768424987793,15700,0.0,0.0
2025-04-02 00:00:00-04:00,29.836850940654944,30.157373341755555,29.054399619869667,29.271223068237305,22200,0.0,0.0
2025-04-03 00:00:00-04:00,28.601898761753837,28.620753444195113,27.432935421617056,27.88543701171875,58600,0.0,0.0
2025-04-04 00:00:00-04:00,27.09355919119627,27.480071203120662,25.264696292134477,25.641782760620117,76500,0.0,0.0
2025-04-07 00:00:00-04:00,24.84990334535406,27.640331624881366,24.793339297844717,26.518503189086914,68500,0.0,0.0
2025-04-08 00:00:00-04:00,27.055852751071406,28.28137843049348,25.651209373378407,26.141420364379883,55000,0.0,0.0
2025-04-09 00:00:00-04:00,26.23568962497534,28.215386296610568,26.20740760178003,27.772310256958008,26700,0.0,0.0
2025-04-10 00:00:00-04:00,27.81002212244992,27.92314842732427,26.094285452079966,27.027570724487305,34100,0.0,0.0
2025-04-11 00:00:00-04:00,26.867306844475806,28.139969107251474,26.867306844475806,27.847728729248047,14000,0.0,0.0
2025-04-14 00:00:00-04:00,28.196533344603104,28.28137762131357,26.848454056960776,27.687469482421875,26800,0.0,0.0
2025-04-15 00:00:00-04:00,27.51777972203981,27.70632115239665,27.036996107795407,27.187829971313477,14600,0.0,0.0
2025-04-16 00:00:00-04:00,27.140696596850756,27.602625554736683,27.02757029377917,27.263248443603516,11900,0.0,0.0
2025-04-17 00:00:00-04:00,27.40465277239812,27.838301468241266,27.216111346533594,27.715747833251953,26500,0.0,0.0
2025-04-21 00:00:00-04:00,27.762884551905852,27.762884551905852,26.886161616865245,27.527206420898438,15000,0.0,0.0
2025-04-22 00:00:00-04:00,27.527209426637597,27.527209426637597,26.603349685668945,26.603349685668945,20600,0.0,0.0
2025-04-23 00:00:00-04:00,26.763609725107138,28.75273385576061,26.763609725107138,28.38507652282715,25900,0.0,0.0
2025-04-24 00:00:00-04:00,28.488773659419113,29.8839896511748,28.488773659419113,29.110963821411133,23500,0.0,0.0
2025-04-25 00:00:00-04:00,29.252371721903966,29.96883349154716,28.639607112362796,29.346641540527344,22300,0.0,0.0
2025-04-28 00:00:00-04:00,29.422056927804483,29.554037903486844,29.129816549653256,29.271223068237305,10400,0.0,0.0
2025-04-29 00:00:00-04:00,29.638880532206418,29.931120894167005,29.110960254887583,29.516326904296875,9800,0.0,0.0
2025-04-30 00:00:00-04:00,29.42205847427497,29.42205847427497,28.771588094982288,29.346641540527344,10700,0.0,0.0
2025-05-01 00:00:00-04:00,29.34664052894085,31.109513766886955,28.960128532047257,30.27050018310547,26700,0.0,0.0
2025-05-02 00:00:00-04:00,30.638159540688747,31.109515841314728,30.393055846675036,30.48732566833496,12100,0.0,0.0
2025-05-05 00:00:00-04:00,30.515603969716253,32.353894145373054,30.515603969716253,31.910818099975586,51000,0.0,0.0
2025-05-06 00:00:00-04:00,32.05222659235372,32.99493913918765,31.93910209365928,32.79697036743164,24700,0.0,0.0
2025-05-07 00:00:00-04:00,32.84410448185283,33.25889669781751,32.24076904184498,32.787540435791016,13700,0.0,0.0
2025-05-08 00:00:00-04:00,33.13634634340793,33.588847919105156,32.89123907563681,33.211761474609375,14100,0.0,0.0
2025-05-09 00:00:00-04:00,31.825972715005253,33.400304474717245,31.825972715005253,33.315460205078125,12900,0.0,0.0
2025-05-12 00:00:00-04:00,34.701249080962214,36.53953561406642,33.74910742396493,36.21901321411133,65200,0.0,0.0
2025-05-13 00:00:00-04:00,36.21901198459587,36.605527556157526,35.88906405297342,36.52068328857422,34000,0.0,0.0
2025-05-14 00:00:00-04:00,36.605531970083916,36.65266688083316,35.455421447753906,35.455421447753906,18500,0.0,0.0
2025-05-15 00:00:00-04:00,35.870209477801794,36.13417142004318,34.98406103299299,35.34229278564453,17800,0.0,0.0
2025-05-16 00:00:00-04:00,35.49312709311639,37.12401928793932,35.45541773000582,36.53010940551758,34900,0.0,0.0
2025-05-19 00:00:00-04:00,36.530110031595974,37.04860119668283,35.36114492827325,35.68166732788086,41800,0.0,0.0
2025-05-20 00:00:00-04:00,35.87021084040521,36.869487411061066,35.65338739129517,36.75636291503906,14500,0.0,0.0
2025-05-21 00:00:00-04:00,36.75636017912587,37.142872141580824,35.39885194325472,36.718650817871094,24600,0.0,0.0
2025-05-22 00:00:00-04:00,35.464846756868745,36.99204374741794,35.464846756868745,36.096466064453125,14400,0.0,0.0
2025-05-23 00:00:00-04:00,35.408282291074336,36.03047238837961,35.25744843706587,35.66281509399414,10500,0.0,0.0
2025-05-27 00:00:00-04:00,35.76651484742791,36.473549299366105,35.587400747555655,35.672245025634766,17300,0.0,0.0
2025-05-28 00:00:00-04:00,35.63453062825628,35.99276237359574,35.493125915527344,35.493125915527344,7900,0.0,0.0
2025-05-29 00:00:00-04:00,35.67224247977534,36.294432609229915,35.37057475617088,36.011619567871094,13600,0.0,0.0
2025-05-30 00:00:00-04:00,35.81364815007942,36.37927419096842,35.559115352830574,36.13417053222656,15400,0.0,0.0
2025-06-02 00:00:00-04:00,36.46412242606426,36.46412242606426,35.94563123278125,36.35099792480469,16100,0.0,0.0
2025-06-03 00:00:00-04:00,36.29443619354839,36.860062332125395,35.823079879346466,36.65266799926758,30300,0.0,0.0
2025-06-04 00:00:00-04:00,36.42641397534291,37.2654276067412,36.42641397534291,37.010894775390625,13000,0.0,0.0
2025-06-05 00:00:00-04:00,37.22771893732215,38.70777730365207,37.02032103248312,38.25527572631836,49200,0.0,0.0
2025-06-06 00:00:00-04:00,38.30240946959598,38.651212083915496,37.32198761707126,38.509803771972656,14300,0.0,0.0
2025-06-09 00:00:00-04:00,38.726634531944626,40.20669299559248,38.51923661346861,38.83032989501953,28300,0.0,0.0
2025-06-10 00:00:00-04:00,39.21684167873548,39.773042241792304,38.81147498382137,38.93402862548828,31300,0.0,0.0
2025-06-11 00:00:00-04:00,39.07543653053084,40.78174397128926,39.06600739103145,40.75346374511719,33900,0.0,0.0
2025-06-12 00:00:00-04:00,40.40465915384432,41.55476957819831,40.300960201332025,41.102264404296875,20800,0.0,0.0
2025-06-13 00:00:00-04:00,40.998569838362634,41.41336206024576,40.037002618568955,41.1116943359375,20000,0.0,0.0
2025-06-16 00:00:00-04:00,42.12982193546508,43.12909851815464,41.53591562707535,41.96956253051758,54900,0.0,0.0
2025-06-17 00:00:00-04:00,42.063828312179375,42.88399072901888,41.78101529775587,42.450340270996094,47900,0.0,0.0
2025-06-18 00:00:00-04:00,46.19291640168755,47.90865300891433,42.45034630979904,43.07253646850586,109000,0.0,0.0
2025-06-20 00:00:00-04:00,43.71358142324952,44.30749135687371,41.950709901720856,42.21466827392578,59300,0.0,0.0
2025-06-23 00:00:00-04:00,42.28065350587744,44.01524462179954,42.252373282104806,43.6004524230957,52600,0.0,0.0
2025-06-24 00:00:00-04:00,43.760713398267896,44.939104046814485,43.675872723888894,44.910823822021484,54800,0.0,0.0
2025-06-25 00:00:00-04:00,45.13707594460854,45.13707594460854,42.24294882923793,44.10009002685547,63700,0.0,0.0
2025-06-26 00:00:00-04:00,43.99639267331233,43.99639267331233,42.25237590652745,43.1008186340332,45700,0.0,0.0
2025-06-27 00:00:00-04:00,42.855709935773675,43.50618387064848,42.61060626494626,42.92169952392578,26800,0.0,0.0
2025-06-30 00:00:00-04:00,43.07253651541073,43.07253651541073,41.10226707799972,42.15810775756836,48400,0.0,0.0
2025-07-01 00:00:00-04:00,42.22409321625591,43.364774464079815,42.22409321625591,42.959407806396484,46300,0.0,0.0
2025-07-02 00:00:00-04:00,43.36477601090712,44.30748853288336,43.1762327872793,43.7324333190918,43000,0.0,0.0
2025-07-03 00:00:00-04:00,43.72301023711234,45.00509991454789,43.72301023711234,44.788272857666016,19200,0.0,0.0
2025-07-07 00:00:00-04:00,45.155932645648576,46.9565134747816,44.78827172986537,45.306766510009766,60800,0.0,0.0
2025-07-08 00:00:00-04:00,46.0515074303439,47.606984603374826,45.994946977904036,47.14505386352539,123900,0.0,0.0
2025-07-09 00:00:00-04:00,46.88717205411124,47.14505671246333,44.49935519179863,44.785892486572266,64800,0.65,0.0
2025-07-10 00:00:00-04:00,44.89095296542715,46.323642953685464,44.89095296542715,45.177490234375,37500,0.0,0.0
2025-07-11 00:00:00-04:00,45.27300710325278,47.29787469001237,45.196595218252426,46.906272888183594,47300,0.0,0.0
2025-07-14 00:00:00-04:00,46.839415406044125,47.039991143582284,45.37806904114784,46.352298736572266,40900,0.0,0.0
2025-07-15 00:00:00-04:00,46.72479485099808,47.25966709676015,45.87473269941699,45.90338897705078,42600,0.0,0.0
2025-07-16 00:00:00-04:00,45.84608217173302,46.915823068888066,45.84608217173302,46.48601531982422,32200,0.0,0.0
2025-07-17 00:00:00-04:00,46.41915555992246,47.86139889856826,46.41915555992246,47.3265266418457,36600,0.0,0.0
2025-07-18 00:00:00-04:00,47.135499670483064,47.55575773680888,46.57197478987998,47.20235824584961,30400,0.0,0.0
2025-07-21 00:00:00-04:00,46.99223624976911,47.99511859620992,46.801210173418625,47.336082458496094,36200,0.0,0.0
2025-07-22 00:00:00-04:00,47.565313085050875,48.61595473291219,47.565313085050875,48.28165817260742,30500,0.0,0.0
2025-07-23 00:00:00-04:00,48.42492051644832,49.189021086170484,48.25299743282096,48.701908111572266,56700,0.0,0.0
2025-07-24 00:00:00-04:00,48.87382729194797,49.561519622802734,47.613060447726824,49.561519622802734,22500,0.0,0.0
2025-07-25 00:00:00-04:00,49.46601001365449,49.66658573544924,49.05530526320675,49.44690704345703,30100,0.0,0.0
2025-07-28 00:00:00-04:00,49.31318930528864,49.39915084838867,48.33895969799459,49.39915084838867,22400,0.0,0.0
2025-07-29 00:00:00-04:00,49.50421743768106,50.66946950649605,48.57774339469285,50.373382568359375,61500,0.0,0.0
2025-07-30 00:00:00-04:00,50.37337797530957,50.53574774677071,48.67325016699159,49.103057861328125,33600,0.0,0.0
2025-07-31 00:00:00-04:00,49.00754863455282,49.95312195667797,48.80696927343387,49.42780303955078,28500,0.0,0.0
2025-08-01 00:00:00-04:00,49.16992362553123,50.105947383753715,46.69614524897205,49.131717681884766,45700,0.0,0.0
2025-08-04 00:00:00-04:00,49.51376434754263,49.82895423891963,48.7592134399302,49.06485366821289,23400,0.0,0.0
2025-08-05 00:00:00-04:00,48.71146048132839,50.61216416992471,47.36473201376184,50.08684158325195,30200,0.0,0.0
2025-08-06 00:00:00-04:00,50.144148412740456,50.764982183829595,49.89581709041618,50.62171173095703,48200,0.0,0.0
2025-08-07 00:00:00-04:00,50.62171380425611,51.089727478425,48.606395935878325,48.96934509277344,36400,0.0,0.0
2025-08-08 00:00:00-04:00,49.27498617583509,50.382932992585296,46.848963504211966,47.689476013183594,25200,0.0,0.0
2025-08-11 00:00:00-04:00,47.546206266866676,48.701912350398494,46.992234671922155,47.63216781616211,24300,0.0,0.0
2025-08-12 00:00:00-04:00,47.61306262430195,49.66658640419053,46.80120641933338,49.02665328979492,30500,0.0,0.0
2025-08-13 00:00:00-04:00,51.1947896902784,54.1174787055259,50.74588261862869,53.92645263671875,153600,0.0,0.0
2025-08-14 00:00:00-04:00,53.01907697689374,54.39446163905138,51.3476053949252,53.515743255615234,34000,0.0,0.0
2025-08-15 00:00:00-04:00,53.82138868020487,57.24074405274367,53.39158457528778,57.06882095336914,94200,0.0,0.0
2025-08-18 00:00:00-04:00,57.307600294118686,58.50150863357949,55.702987194401835,57.99529266357422,60700,0.0,0.0
2025-08-19 00:00:00-04:00,58.33913898316491,59.69541711103853,57.9857394905338,58.82625198364258,79400,0.0,0.0
2025-08-20 00:00:00-04:00,58.931316141814904,60.35445283670411,57.31714974111086,60.07746887207031,67400,0.0,0.0
2025-08-21 00:00:00-04:00,60.07746776879033,61.04214408256559,59.456633988610086,60.52637481689453,68400,0.0,0.0
2025-08-22 00:00:00-04:00,60.6505454072402,62.560798805893434,60.31625251988357,61.7011833190918,58600,0.0,0.0
2025-08-25 00:00:00-04:00,62.083235721601866,62.083235721601866,57.8042685275507,59.25606155395508,79800,0.0,0.0
2025-08-26 00:00:00-04:00,58.97906996863204,61.55790897957081,58.3295835625162,60.583683013916016,50700,0.0,0.0
2025-08-27 00:00:00-04:00,61.45284541050774,61.55790992539356,58.998173845130694,59.38022232055664,29600,0.0,0.0
2025-08-28 00:00:00-04:00,59.389780778027486,59.97240867036326,58.22452499335594,59.29426956176758,30600,0.0,0.0
2025-08-29 00:00:00-04:00,58.86445803598452,60.17298056133941,58.27227687379313,59.475738525390625,34000,0.0,0.0
2025-09-02 00:00:00-04:00,59.47573771948696,59.51394366043692,57.49862581931459,58.310482025146484,34100,0.0,0.0
2025-09-03 00:00:00-04:00,57.976191677651414,58.6829833984375,56.73452769080943,58.6829833984375,59500,0.0,0.0
2025-09-04 00:00:00-04:00,59.31336649042786,59.84823875299313,57.7851652309831,58.99817657470703,28400,0.0,0.0
2025-09-05 00:00:00-04:00,58.99817497358464,59.217853670948124,57.70875178012189,59.112789154052734,21100,0.0,0.0
2025-09-08 00:00:00-04:00,59.695421391642334,61.59612156838138,59.695421391642334,61.5006103515625,55600,0.0,0.0
2025-09-09 00:00:00-04:00,60.998480207520835,61.7709825303497,59.48245047684991,60.03285598754883,43700,0.7,0.0
2025-09-10 00:00:00-04:00,60.013544886250145,60.921230298832526,59.11551409480032,59.82041931152344,43700,0.0,0.0
2025-09-11 00:00:00-04:00,60.33219934461527,61.0274499447127,58.9803276798929,60.930885314941406,32200,0.0,0.0
2025-09-12 00:00:00-04:00,60.61223106608518,62.75591427076316,60.61223106608518,61.77098083496094,31400,0.0,0.0
2025-09-15 00:00:00-04:00,62.07998073984026,62.108948287117414,60.13907403386309,61.44266891479492,39600,0.0,0.0
2025-09-16 00:00:00-04:00,61.16264223556044,61.413702928384446,59.55004776741795,59.69489288330078,26600,0.0,0.0
2025-09-17 00:00:00-04:00,60.052168839419714,62.75591591527174,59.723856457694275,61.38473129272461,42800,0.0,0.0
2025-09-18 00:00:00-04:00,61.597169527712076,61.906168981670476,60.15838782732251,61.46198272705078,30800,0.0,0.0
2025-09-19 00:00:00-04:00,62.03169878589188,62.417949953269506,60.129421548001986,60.390140533447266,31900,0.0,0.0
2025-09-22 00:00:00-04:00,60.448074525947696,63.24838622937624,60.448074525947696,62.823509216308594,44000,0.0,0.0
2025-09-23 00:00:00-04:00,62.28276201704596,63.73119834302377,59.772140525443376,60.19701385498047,101000,0.0,0.0
2025-09-24 00:00:00-04:00,60.36116871094307,61.31713831488827,59.183109660740456,59.19276428222656,33300,0.0,0.0
2025-09-25 00:00:00-04:00,58.70995453363546,60.496361632756646,58.05332973921617,60.177703857421875,32100,0.0,0.0
2025-09-26 00:00:00-04:00,60.12941619510263,60.83432138178454,59.781790912122226,59.84938430786133,21000,0.0,0.0
2025-09-29 00:00:00-04:00,59.897667743275605,60.264605969423904,56.00620340926862,57.37738800048828,101800,0.0,0.0
2025-09-30 00:00:00-04:00,57.18426303834675,57.72501020199696,56.517980020900914,57.560855865478516,45800,0.0,0.0
2025-10-01 00:00:00-04:00,57.06838803706182,59.42451341324985,57.00079463858731,58.6327018737793,41200,0.0,0.0
2025-10-02 00:00:00-04:00,58.54579606786663,58.941701841107154,55.320611104066785,56.27657699584961,42700,0.0,0.0
2025-10-03 00:00:00-04:00,56.18001334044827,57.12632456539978,54.56741909453059,55.79376220703125,41600,0.0,0.0
2025-10-06 00:00:00-04:00,55.92895507211993,56.04483263486675,54.847456938099086,55.50408172607422,37000,0.0,0.0
2025-10-07 00:00:00-04:00,55.24335785920826,55.29163833097587,53.080361782082505,54.54811096191406,55100,0.0,0.0
2025-10-08 00:00:00-04:00,55.23370785640616,55.63926827343995,53.11898839067109,54.14255142211914,59800,0.0,0.0
2025-10-09 00:00:00-04:00,53.978396898122405,55.21439475594022,53.978396898122405,54.30670928955078,33100,0.0,0.0
2025-10-10 00:00:00-04:00,54.21014317184971,55.22404786707991,51.45811561571572,51.564334869384766,30800,0.0,0.0
2025-10-13 00:00:00-04:00,52.66514556978913,56.730422630855486,52.66514556978913,56.044830322265625,68600,0.0,0.0
2025-10-14 00:00:00-04:00,55.909643568622954,56.35382982383857,53.65973737768302,54.26808166503906,35700,0.0,0.0
2025-10-15 00:00:00-04:00,54.644676888424335,55.89033306486348,54.0749584290613,54.490177154541016,19900,0.0,0.0
2025-10-16 00:00:00-04:00,54.69295722117614,55.426833717870664,53.099679410350646,53.64042663574219,21300,0.0,0.0
2025-10-17 00:00:00-04:00,53.05139400180602,54.615707910455264,51.7671156881714,53.61145782470703,27900,0.0,0.0
2025-10-20 00:00:00-04:00,54.39361124794841,55.890327974288155,52.4720175294548,53.19623565673828,27000,0.0,0.0
2025-10-21 00:00:00-04:00,53.15761377510149,53.80458393256967,52.35614756984993,52.607208251953125,16200,0.0,0.0
2025-10-22 00:00:00-04:00,52.80033357715583,53.15761351347028,51.76711593818618,53.10933303833008,26300,0.0,0.0
2025-10-23 00:00:00-04:00,53.00311373354393,54.48051763613076,52.26924093482928,53.78527069091797,41400,0.0,0.0
2025-10-24 00:00:00-04:00,54.70261204462749,55.18542414146069,53.041737252780806,53.563175201416016,19300,0.0,0.0
2025-10-27 00:00:00-04:00,53.756295918732405,54.82813933965276,52.80033005068617,53.03207778930664,22000,0.0,0.0
2025-10-28 00:00:00-04:00,53.0513952289457,57.068391981292244,53.0513952289457,55.07920837402344,42900,0.0,0.0
2025-10-29 00:00:00-04:00,55.079205637443906,56.624202894828635,54.08461019966121,54.2584228515625,26900,0.0,0.0
2025-10-30 00:00:00-04:00,54.229452017960384,56.90423135061997,54.229452017960384,56.38279342651367,21800,0.0,0.0
2025-10-31 00:00:00-04:00,56.38279847420577,56.87526889669382,55.0985201575208,55.56201934814453,20300,0.0,0.0
2025-11-03 00:00:00-05:00,55.648926001336626,57.92779979787426,55.04058169853382,57.68639373779297,34100,0.0,0.0
2025-11-04 00:00:00-05:00,57.271172886789216,57.271172886789216,54.306706874083204,54.84745407104492,33100,0.0,0.0
2025-11-05 00:00:00-05:00,55.06954657359353,57.38704611129408,54.528799382743635,57.11667251586914,44900,0.0,0.0
2025-11-06 00:00:00-05:00,56.489017364245164,57.13598382919498,54.21014359573613,54.96332931518555,59900,0.0,0.0
2025-11-07 00:00:00-05:00,55.05023678233137,56.16070614145366,54.68330222009347,55.9193000793457,22900,0.0,0.0
2025-11-10 00:00:00-05:00,56.48901664849773,57.88917249872032,54.88608059692566,56.807674407958984,47000,0.0,0.0
2025-11-11 00:00:00-05:00,56.981481189272245,58.91272954751798,56.48901447868771,57.52223205566406,32500,0.0,0.0
2025-11-12 00:00:00-05:00,57.16495392328804,59.395543489134575,57.03942174468986,59.086544036865234,29700,0.0,0.0
2025-11-13 00:00:00-05:00,59.134830494611144,59.31829777541945,56.875269609763805,58.12092208862305,25500,0.0,0.0
2025-11-14 00:00:00-05:00,57.91814149267508,58.652017978118124,57.11667528865856,57.68639373779297,17400,0.0,0.0
2025-11-17 00:00:00-05:00,57.51257964188087,59.694888749683926,57.51257964188087,59.43416976928711,45100,0.0,0.0
2025-11-18 00:00:00-05:00,59.67557140119184,59.67557140119184,51.60295296274587,53.84320068359375,71800,0.0,0.0
2025-11-19 00:00:00-05:00,55.28198650293801,58.76789052070313,55.28198650293801,57.319454193115234,73500,0.0,0.0
2025-11-20 00:00:00-05:00,58.50717159443987,58.903077377008344,55.36889288173041,55.54270553588867,41900,0.0,0.0
2025-11-21 00:00:00-05:00,55.0502333987071,56.96217253462263,55.0502333987071,55.928951263427734,44400,0.0,0.0
2025-11-24 00:00:00-05:00,55.92895153575319,57.377387826426464,55.59098454135502,56.44073486328125,28800,0.0,0.0
2025-11-25 00:00:00-05:00,57.16495277127834,57.16495277127834,55.90964206128614,56.9428596496582,36100,0.0,0.0
2025-11-26 00:00:00-05:00,56.97183189768736,57.99539494938996,56.855958016751075,57.81192398071289,18100,0.0,0.0
2025-11-28 00:00:00-05:00,57.84089067434618,58.21748352050781,56.80767308180283,58.21748352050781,18800,0.0,0.0
2025-12-01 00:00:00-05:00,57.831232584200436,59.09620160868684,57.46429435784582,58.39129638671875,57200,0.0,0.0
2025-12-02 00:00:00-05:00,58.98998537404926,59.75282941294339,57.66708118756233,59.5597038269043,36500,0.0,0.0
2025-12-03 00:00:00-05:00,59.61764144897461,60.834326355312655,59.18310980972384,59.61764144897461,56900,0.0,0.0
2025-12-04 00:00:00-05:00,60.12941852392441,61.799947924223396,59.92663832885339,60.32254409790039,31300,0.0,0.0
2025-12-05 00:00:00-05:00,60.83432802791139,61.24954675199338,59.11551803379983,59.65626525878906,28800,0.0,0.0
2025-12-08 00:00:00-05:00,59.99423643696756,61.79029815388265,58.970673393036314,59.32795333862305,50200,0.0,0.0
2025-12-09 00:00:00-05:00,59.49400001384429,59.96284080918156,56.70048701469626,57.46235656738281,38300,0.7,0.0
2025-12-10 00:00:00-05:00,57.511193442648725,58.76143556335345,56.84700138452049,57.62840270996094,29600,0.0,0.0
2025-12-11 00:00:00-05:00,57.931196243031366,57.931196243031366,56.01675837488699,56.83723068237305,23100,0.0,0.0
2025-12-12 00:00:00-05:00,56.88607440510931,57.218170445982445,53.62372049512582,53.85813903808594,44600,0.0,0.0
2025-12-15 00:00:00-05:00,54.69814570081646,56.90560494143832,54.2781417839611,54.580936431884766,50700,0.0,0.0
2025-12-16 00:00:00-05:00,54.91303340132529,56.30978994378346,54.317213707911115,54.87396240234375,33200,0.0,0.0
2025-12-17 00:00:00-05:00,55.18652055707303,57.5307282304345,53.25255090325675,53.301387786865234,31300,0.0,0.0
2025-12-18 00:00:00-05:00,53.64325350444009,54.47349548875648,52.754408746041456,52.80324935913086,29000,0.0,0.0
2025-12-19 00:00:00-05:00,52.86184935687044,54.20000309370747,51.59207172956427,52.7544059753418,36400,0.0,0.0
2025-12-22 00:00:00-05:00,52.4711505201467,54.13162694844263,52.27579925622499,53.428367614746094,31300,0.0,0.0
2025-12-23 00:00:00-05:00,53.20371808893742,54.053491851969405,49.8143851978563,53.2916259765625,37800,0.0,0.0
2025-12-24 00:00:00-05:00,53.291624162709184,53.86790835618882,52.324637431746034,53.20371627807617,13300,0.0,0.0
2025-12-26 00:00:00-05:00,53.33069274453521,53.86790967826379,52.58836237631624,53.145111083984375,24400,0.0,0.0
2025-12-29 00:00:00-05:00,53.23301534054247,55.77257054528147,53.23301534054247,55.1474494934082,46100,0.0,0.0
2025-12-30 00:00:00-05:00,55.11814922527389,55.3721032604872,53.721392716562036,53.76046371459961,33700,0.0,0.0
2025-12-31 00:00:00-05:00,53.71162510617944,55.18651983761406,52.55905678317105,53.3306884765625,45700,0.0,0.0
2026-01-02 00:00:00-05:00,53.711625995479174,53.7213918818291,52.02184075375718,52.95952606201172,31500,0.0,0.0
2026-01-05 00:00:00-05:00,53.03766311579247,54.09255766615597,51.767885536514974,52.84231185913086,25300,0.0,0.0
2026-01-06 00:00:00-05:00,53.28185272216797,54.20976842234818,52.451614516015646,53.28185272216797,32400,0.0,0.0
2026-01-07 00:00:00-05:00,53.477204275937424,54.48325825081277,52.744639833801294,54.444190979003906,39200,0.0,0.0
2026-01-08 00:00:00-05:00,54.47349081870806,54.913030216721125,52.31486855137373,53.67255401611328,51800,0.0,0.0
2026-01-09 00:00:00-05:00,54.19023307733202,54.5125632195157,52.900919960628116,53.779998779296875,36400,0.0,0.0
2026-01-12 00:00:00-05:00,53.9167444821676,56.35862599199389,52.256264310282624,54.07302474975586,40800,0.0,0.0
2026-01-13 00:00:00-05:00,54.102323552282165,55.10837749396878,52.66649610073694,52.84231185913086,39000,0.0,0.0
2026-01-14 00:00:00-05:00,53.272088082994394,54.620003997998396,53.06697092975667,54.063255310058594,43300,0.0,0.0
2026-01-15 00:00:00-05:00,54.18046518123785,54.248837561707624,53.02789687329693,53.86790466308594,19400,0.0,0.0
2026-01-16 00:00:00-05:00,53.740927481599364,54.51256291523305,52.23672761183594,52.61766052246094,33900,0.0,0.0
2026-01-20 00:00:00-05:00,51.96323857030549,52.71533851226435,51.3869543927534,51.426025390625,30100,0.0,0.0
2026-01-21 00:00:00-05:00,51.55299976567193,53.13534162142223,51.25997473809366,51.289276123046875,39900,0.0,0.0
2026-01-22 00:00:00-05:00,51.85579693159855,52.89115605389298,51.35765473305134,52.519989013671875,20200,0.0,0.0
2026-01-23 00:00:00-05:00,52.58835950954174,53.09627130264168,52.090217328894624,52.09998321533203,20300,0.0,0.0
2026-01-26 00:00:00-05:00,52.256263332617614,53.91674347343658,51.90463180561884,53.44790267944336,14600,0.0,0.0
2026-01-27 00:00:00-05:00,53.71162474202048,54.952097210358666,53.57487625420508,54.35628128051758,15300,0.0,0.0
2026-01-28 00:00:00-05:00,54.746979620341136,56.27071493798227,54.21953234969437,55.547916412353516,30700,0.0,0.0
2026-01-29 00:00:00-05:00,55.801879533732375,57.18886649820192,54.7665203908636,56.65165328979492,30200,0.0,0.0
2026-01-30 00:00:00-05:00,56.309790565268095,56.67118799479724,54.69814723663945,55.85071563720703,31200,0.0,0.0
2026-02-02 00:00:00-05:00,55.79210472830809,56.641882131299695,54.69814291332585,55.2060546875,32000,0.0,0.0
2026-02-03 00:00:00-05:00,55.81164337092981,55.81164337092981,53.1158078149063,54.063255310058594,33900,0.0,0.0
2026-02-04 00:00:00-05:00,54.209770996030244,54.219536882888974,50.44927485878393,52.168357849121094,46600,0.0,0.0
2026-02-05 00:00:00-05:00,51.816725553349336,53.1451097077782,51.152533476134906,51.865562438964844,29600,0.0,0.0
2026-02-06 00:00:00-05:00,52.754405915964,53.34045970745637,51.748351937356276,52.256263732910156,29800,0.0,0.0
2026-02-09 00:00:00-05:00,52.139054465017864,53.9265097729333,52.01207558462553,52.256263732910156,26600,0.0,0.0
2026-02-10 00:00:00-05:00,53.57487992958185,55.67489956133674,52.9595284592667,55.36233901977539,40100,0.0,0.0
2026-02-11 00:00:00-05:00,55.70419881797859,57.130260426096854,54.46372258595256,56.124202728271484,48800,0.0,0.0
2026-02-12 00:00:00-05:00,56.2121109698102,56.67118588074602,53.477204455203776,54.268375396728516,25700,0.0,0.0
2026-02-13 00:00:00-05:00,54.35628032703877,55.90931701426888,53.97534370668665,55.235355377197266,13100,0.0,0.0
2026-02-17 00:00:00-05:00,55.23536029289192,60.5488969666177,55.12791690779591,57.530731201171875,68300,0.0,0.0
2026-02-18 00:00:00-05:00,58.06793958603859,58.90794737148814,56.51490288936251,57.569793701171875,44100,0.0,0.0
2026-02-19 00:00:00-05:00,57.31584256621455,59.572142401775544,57.100955803013846,58.448875427246094,56700,0.0,0.0
2026-02-20 00:00:00-05:00,58.419573817072084,60.0116778578889,57.26700546145309,59.464698791503906,60000,0.0,0.0
2026-02-23 00:00:00-05:00,59.27911452937596,59.86516833068711,57.48188957884969,59.5819091796875,37500,0.0,0.0
2026-02-24 00:00:00-05:00,60.21679874211289,61.457271254130376,59.01538977595897,60.968894958496094,36300,0.0,0.0
2026-02-25 00:00:00-05:00,58.204689580064525,62.38518965917404,58.01910792106272,61.52565002441406,110300,0.0,0.0
2026-02-26 00:00:00-05:00,61.64286332794439,64.28986224360597,60.6075041273537,64.01637268066406,128900,0.0,0.0
2026-02-27 00:00:00-05:00,64.01636988835679,67.86477773282991,63.29357501039027,67.14197540283203,76200,0.0,0.0
2026-03-02 00:00:00-05:00,67.45452725858593,71.17595946093225,66.55591672051983,68.19686126708984,124500,0.0,0.0
2026-03-03 00:00:00-05:00,66.80010552623531,66.80010552623531,61.28145591813124,65.31544494628906,124700,0.0,0.0
2026-03-04 00:00:00-05:00,66.05777442368966,68.27500695748897,65.00288729890046,66.85871124267578,55300,0.0,0.0
2026-03-05 00:00:00-05:00,66.50707782503487,67.38615661404296,64.93451306895948,66.43870544433594,148300,0.0,0.0
2026-03-06 00:00:00-05:00,66.204290956927,67.04429880077844,62.60984104082795,63.25450134277344,113000,0.0,0.0
2026-03-09 00:00:00-04:00,61.93588268051977,64.21171431802523,60.55866165325254,64.1042709350586,80300,0.0,0.0
2026-03-10 00:00:00-04:00,64.4204419639886,67.40433796201307,63.44228087637283,65.4381332397461,55900,0.75,0.0
2026-03-11 00:00:00-04:00,65.49741619052556,66.90043640136719,63.936305373190486,66.90043640136719,53500,0.0,0.0
2026-03-12 00:00:00-04:00,66.59414429478583,67.34505958823793,64.064747395309,64.55876922607422,69600,0.0,0.0
2026-03-13 00:00:00-04:00,64.55876839792889,64.65757879335433,61.75272805350168,62.24674987792969,39600,0.0,0.0
2026-03-16 00:00:00-04:00,62.8988588061393,65.96179639222886,62.8988588061393,65.7938232421875,96600,0.0,0.0
2026-03-17 00:00:00-04:00,65.93215348103236,68.65914841999792,65.93215348103236,67.7600326538086,50700,0.0,0.0
2026-03-18 00:00:00-04:00,67.73039255158552,69.21245796813511,66.93007210069008,67.7600326538086,79600,0.0,0.0
2026-03-19 00:00:00-04:00,66.83127068473942,70.00288983979502,65.89263224933804,69.52863311767578,96600,0.0,0.0
2026-03-20 00:00:00-04:00,69.27173965772656,69.27173965772656,63.906662433266014,64.71685791015625,79300,0.0,0.0
2026-03-23 00:00:00-04:00,65.54681607641481,67.67111155968581,64.60817756756671,65.41837310791016,74600,0.0,0.0
2026-03-24 00:00:00-04:00,65.41836937971749,68.1750120769762,65.28004387131095,67.17708587646484,110700,0.0,0.0
2026-03-25 00:00:00-04:00,68.066329472675,68.066329472675,61.48595862177853,61.97998046875,131500,0.0,0.0
2026-03-26 00:00:00-04:00,61.27846993678423,64.22283967255872,61.258708610748315,61.86141586303711,105800,0.0,0.0
2026-03-27 00:00:00-04:00,61.75272773431641,63.244675747066424,58.837998231439194,60.08293533325195,84500,0.0,0.0
2026-03-30 00:00:00-04:00,60.468273574911585,62.75065204858982,59.36166571588312,61.27846908569336,253900,0.0,0.0
2026-03-31 00:00:00-04:00,61.70333017145104,66.14952307777337,61.70333017145104,66.05072021484375,114900,0.0,0.0
2026-04-01 00:00:00-04:00,65.80370866326362,67.68099319379216,64.11415484724048,66.56450653076172,287300,0.0,0.0
2026-04-02 00:00:00-04:00,65.56657992176993,67.3648191374229,65.08244062398744,66.47557830810547,105600,0.0,0.0
2026-04-06 00:00:00-04:00,66.74235076326296,67.4339782946044,65.32944805937284,66.88067626953125,90400,0.0,0.0
2026-04-07 00:00:00-04:00,66.00131619447164,66.89054941335242,63.570722279129015,64.3315200805664,96200,0.0,0.0
2026-04-08 00:00:00-04:00,66.14952152789479,68.56035052540315,66.14952152789479,68.40226745605469,117900,0.0,0.0
2026-04-09 00:00:00-04:00,68.40226571210168,68.85676488988152,64.63781425180633,65.85311126708984,63500,0.0,0.0
2026-04-10 00:00:00-04:00,66.25820571588626,68.61962947051441,65.70490367609302,67.38457489013672,102200,0.0,0.0
2026-04-13 00:00:00-04:00,67.10792547187022,69.22233836088643,67.05852781038112,68.52082824707031,105700,0.0,0.0
2026-04-14 00:00:00-04:00,68.81724640575014,70.6154856694,67.91812300483754,69.08401489257812,42200,0.0,0.0
2026-04-15 00:00:00-04:00,69.16305839222672,70.42775311100513,67.68099285525044,69.99301147460938,53900,0.0,0.0
2026-04-16 00:00:00-04:00,69.41006845898099,71.85053755254356,69.41006845898099,71.13914489746094,58100,0.0,0.0
2026-04-17 00:00:00-04:00,72.3247949585116,73.8562656904396,69.88433338080765,71.3169937133789,137800,0.0,0.0
2026-04-20 00:00:00-04:00,72.07778301529629,72.07778301529629,69.27174259898275,69.63732147216797,75800,0.0,0.0
2026-04-21 00:00:00-04:00,69.78552075732239,70.04241421874725,66.08035704478529,66.54473876953125,51400,0.0,0.0
2026-04-22 00:00:00-04:00,66.75222865441121,67.84895774301815,65.49741649674677,67.68099212646484,48800,0.0,0.0
2026-04-23 00:00:00-04:00,67.35493171920034,68.70855419139788,66.62378155159983,67.90824127197266,50400,0.0,0.0
2026-04-24 00:00:00-04:00,67.8785935551698,68.95556501886016,66.3668880254295,67.21660614013672,56400,0.0,0.0
2026-04-27 00:00:00-04:00,66.86091231255973,70.39811040598008,66.30761027807606,68.5899887084961,58000,0.0,0.0
2026-04-28 00:00:00-04:00,68.38250308574051,70.99093783212226,68.38250308574051,70.71428680419922,30300,0.0,0.0
2026-04-29 00:00:00-04:00,70.71428129181668,72.04813866571052,69.22233332104747,69.92384338378906,85200,0.0,0.0
2026-04-30 00:00:00-04:00,69.97324840048975,71.29723076231598,69.17293548583984,69.17293548583984,38900,0.0,0.0
2026-05-01 00:00:00-04:00,69.28162542553277,70.09182094008773,66.74235347421751,69.72624206542969,70500,0.0,0.0
2026-05-04 00:00:00-04:00,69.5681614408236,70.03253565380074,67.18697247450594,67.58219146728516,101700,0.0,0.0
2026-05-05 00:00:00-04:00,67.88847810092791,72.57180287840826,67.88847810092791,71.20830535888672,74800,0.0,0.0
2026-05-06 00:00:00-04:00,72.22599029317249,73.6092529296875,70.27954306999759,73.6092529296875,62800,0.0,0.0
2026-05-07 00:00:00-04:00,73.79698320594322,73.84638086592336,70.84272724192974,71.4157943725586,38400,0.0,0.0
2026-05-08 00:00:00-04:00,72.21610812066504,73.86614677626321,71.83077169295963,72.3149185180664,28000,0.0,0.0
2026-05-11 00:00:00-04:00,72.2358749959511,72.57180623323617,69.18281606482863,70.71428680419922,41000,0.0,0.0
2026-05-12 00:00:00-04:00,69.8349269929723,71.67268882474855,69.07413668282514,70.99093627929688,34500,0.0,0.0
2026-05-13 00:00:00-04:00,71.13914596214283,71.13914596214283,68.6196315273802,70.02265930175781,44300,0.0,0.0
2026-05-14 00:00:00-04:00,70.03253353542367,71.42567874674043,68.63939586228197,69.12353515625,37700,0.0,0.0
2026-05-15 00:00:00-04:00,67.99716231303718,70.23014302745923,64.39080155601023,68.80735778808594,67500,0.0,0.0
2026-05-18 00:00:00-04:00,68.7085608099617,70.88225396656154,67.75015720080188,69.02473449707031,56500,0.0,0.0
2026-05-19 00:00:00-04:00,68.79748118291872,68.79748118291872,65.16148000907064,66.22856903076172,72500,0.0,0.0
2026-05-20 00:00:00-04:00,66.49534466964438,70.35859165423014,66.49534466964438,70.34870910644531,46500,0.0,0.0
2026-05-21 00:00:00-04:00,72.79905646000009,77.81832001298729,71.14902537306202,74.03411102294922,112700,0.0,0.0
2026-05-22 00:00:00-04:00,73.07571069002798,73.07571069002798,63.35336436120559,64.43032836914062,170400,0.0,0.0
2026-05-26 00:00:00-04:00,65.21087905879527,67.63158291767768,63.73869617255075,64.53900909423828,113300,0.0,0.0
2026-05-27 00:00:00-04:00,64.85518775976115,65.91239421551951,63.23479669744318,65.21088409423828,64700,0.0,0.0
2026-05-28 00:00:00-04:00,64.49949112618071,66.18904493802454,63.78809846052539,64.43032836914062,86000,0.0,0.0
2026-05-29 00:00:00-04:00,64.43032544665873,65.289926135031,62.22698856168094,62.93838119506836,49200,0.0,0.0
2026-06-01 00:00:00-04:00,63.037187739971635,66.16928825045068,62.99766508711864,65.35909271240234,207200,0.0,0.0
2026-06-02 00:00:00-04:00,65.75430528213099,66.18903934471355,64.39080027545634,65.02314758300781,39600,0.0,0.0
2026-06-03 00:00:00-04:00,64.71685954711447,65.63574044984476,64.24259527485775,64.4698486328125,32500,0.0,0.0
2026-06-04 00:00:00-04:00,64.54889662547397,65.54681533336935,63.38300475983785,65.21088409423828,63400,0.0,0.0
2026-06-05 00:00:00-04:00,64.6180583997415,66.6534259752585,64.46985033960165,65.6357421875,76000,0.0,0.0
2026-06-08 00:00:00-04:00,65.93216007045858,66.58426499906264,65.03303667623406,66.1100082397461,86100,0.0,0.0
2026-06-09 00:00:00-04:00,66.55000305175781,67.52999877929688,63.54999923706055,67.08000183105469,35900,0.8,0.0
2026-06-10 00:00:00-04:00,67.0,67.44999694824219,65.54000091552734,66.05999755859375,51800,0.0,0.0
2026-06-11 00:00:00-04:00,66.36000061035156,68.43000030517578,66.2300033569336,67.83000183105469,41400,0.0,0.0
2026-06-12 00:00:00-04:00,67.9800033569336,73.0,67.9800033569336,71.5199966430664,181300,0.0,0.0
2026-06-15 00:00:00-04:00,72.0,72.5,70.16999816894531,71.83000183105469,50500,0.0,0.0
2026-06-16 00:00:00-04:00,71.83000183105469,71.83000183105469,68.05999755859375,69.44000244140625,61500,0.0,0.0
2026-06-17 00:00:00-04:00,69.44000244140625,70.4000015258789,67.9000015258789,68.55999755859375,69500,0.0,0.0
2026-06-18 00:00:00-04:00,69.0,69.56999969482422,66.11000061035156,68.5999984741211,115900,0.0,0.0
2026-06-22 00:00:00-04:00,67.55999755859375,70.11000061035156,67.55999755859375,68.91000366210938,67300,0.0,0.0
2026-06-23 00:00:00-04:00,68.5,69.9000015258789,67.9800033569336,68.69000244140625,29200,0.0,0.0
2026-06-24 00:00:00-04:00,69.62000274658203,70.08000183105469,67.5,68.26000213623047,77100,0.0,0.0
2026-06-25 00:00:00-04:00,69.1500015258789,69.75,67.06999969482422,67.80999755859375,49400,0.0,0.0
2026-06-26 00:00:00-04:00,67.51000213623047,68.41000366210938,65.80999755859375,66.3499984741211,48800,0.0,0.0
2026-06-29 00:00:00-04:00,66.5199966430664,67.51000213623047,65.52999877929688,66.5,58500,0.0,0.0
2026-06-30 00:00:00-04:00,66.48999786376953,66.5199966430664,64.86000061035156,66.37000274658203,49000,0.0,0.0
2026-07-01 00:00:00-04:00,66.23999786376953,67.44000244140625,65.37000274658203,66.43000030517578,62800,0.0,0.0
2026-07-02 00:00:00-04:00,67.0199966430664,69.26000213623047,65.83999633789062,66.37999725341797,59500,0.0,0.0
2026-07-06 00:00:00-04:00,66.80000305175781,69.91999816894531,66.19999694824219,68.81999969482422,51400,0.0,0.0
2026-07-07 00:00:00-04:00,68.36000061035156,69.73999786376953,67.8499984741211,68.1500015258789,48200,0.0,0.0
2026-07-08 00:00:00-04:00,68.48999786376953,69.88999938964844,67.88999938964844,69.19000244140625,49400,0.0,0.0
2026-07-09 00:00:00-04:00,70.88999938964844,71.11000061035156,67.80000305175781,68.9800033569336,66400,0.0,0.0
2026-07-10 00:00:00-04:00,68.93000030517578,70.9000015258789,68.80000305175781,70.20999908447266,43800,0.0,0.0
