Date,Open,High,Low,Close,Volume,Dividends,Stock Splits
2002-07-01 00:00:00+09:00,57701.125,57701.125,57701.125,57701.125,7049,0.0,0.0
2002-07-02 00:00:00+09:00,60105.33984375,60105.33984375,60105.33984375,60105.33984375,5748,0.0,0.0
2002-07-03 00:00:00+09:00,62509.5546875,62509.5546875,62509.5546875,62509.5546875,6483,0.0,0.0
2002-07-04 00:00:00+09:00,62990.39453125,62990.39453125,62990.39453125,62990.39453125,9152,0.0,0.0
2002-07-05 00:00:00+09:00,62509.5546875,62509.5546875,62509.5546875,62509.5546875,11514,0.0,0.0
2002-07-08 00:00:00+09:00,62509.5546875,62509.5546875,62509.5546875,62509.5546875,13221,0.0,0.0
2002-07-09 00:00:00+09:00,64432.921875,64432.921875,64432.921875,64432.921875,6747,0.0,0.0
2002-07-10 00:00:00+09:00,66837.1328125,66837.1328125,66837.1328125,66837.1328125,13473,0.0,0.0
2002-07-11 00:00:00+09:00,65394.61328125,65394.61328125,65394.61328125,65394.61328125,13403,0.0,0.0
2002-07-12 00:00:00+09:00,68279.671875,68279.671875,68279.671875,68279.671875,9297,0.0,0.0
2002-07-15 00:00:00+09:00,68760.5078125,68760.5078125,68760.5078125,68760.5078125,7806,0.0,0.0
2002-07-16 00:00:00+09:00,63471.23828125,63471.23828125,63471.23828125,63471.23828125,10500,0.0,0.0
2002-07-17 00:00:00+09:00,63471.23828125,63471.23828125,63471.23828125,63471.23828125,10500,0.0,0.0
2002-07-18 00:00:00+09:00,61547.87109375,61547.87109375,61547.87109375,61547.87109375,4297,0.0,0.0
2002-07-19 00:00:00+09:00,59624.49609375,59624.49609375,59624.49609375,59624.49609375,4779,0.0,0.0
2002-07-22 00:00:00+09:00,52892.69921875,52892.69921875,52892.69921875,52892.69921875,6872,0.0,0.0
2002-07-23 00:00:00+09:00,56258.59765625,56258.59765625,56258.59765625,56258.59765625,8822,0.0,0.0
2002-07-24 00:00:00+09:00,52892.69921875,52892.69921875,52892.69921875,52892.69921875,6376,0.0,0.0
2002-07-25 00:00:00+09:00,53373.5390625,53373.5390625,53373.5390625,53373.5390625,6204,0.0,0.0
2002-07-26 00:00:00+09:00,50969.328125,50969.328125,50969.328125,50969.328125,4620,0.0,0.0
2002-07-29 00:00:00+09:00,50969.328125,50969.328125,50969.328125,50969.328125,5183,0.0,0.0
2002-07-30 00:00:00+09:00,52892.69921875,52892.69921875,52892.69921875,52892.69921875,6185,0.0,0.0
2002-07-31 00:00:00+09:00,52892.69921875,52892.69921875,52892.69921875,52892.69921875,3589,0.0,0.0
2002-08-01 00:00:00+09:00,51931.015625,51931.015625,51931.015625,51931.015625,4108,0.0,0.0
2002-08-02 00:00:00+09:00,51931.015625,51931.015625,51931.015625,51931.015625,3342,0.0,0.0
2002-08-05 00:00:00+09:00,50969.328125,50969.328125,50969.328125,50969.328125,2083,0.0,0.0
2002-08-06 00:00:00+09:00,56739.44140625,56739.44140625,56739.44140625,56739.44140625,13548,0.0,0.0
2002-08-07 00:00:00+09:00,63471.23828125,63471.23828125,63471.23828125,63471.23828125,27110,0.0,0.0
2002-08-08 00:00:00+09:00,70683.8828125,70683.8828125,70683.8828125,70683.8828125,22578,0.0,0.0
2002-08-09 00:00:00+09:00,64913.76953125,64913.76953125,64913.76953125,64913.76953125,41900,0.0,0.0
2002-08-12 00:00:00+09:00,72607.25,72607.25,72607.25,72607.25,36721,0.0,0.0
2002-08-13 00:00:00+09:00,67317.9765625,67317.9765625,67317.9765625,67317.9765625,57730,0.0,0.0
2002-08-14 00:00:00+09:00,64913.76953125,64913.76953125,64913.76953125,64913.76953125,19689,0.0,0.0
2002-08-15 00:00:00+09:00,64913.76953125,64913.76953125,64913.76953125,64913.76953125,19689,0.0,0.0
2002-08-16 00:00:00+09:00,61547.87109375,61547.87109375,61547.87109375,61547.87109375,11647,0.0,0.0
2002-08-19 00:00:00+09:00,66837.1328125,66837.1328125,66837.1328125,66837.1328125,18849,0.0,0.0
2002-08-20 00:00:00+09:00,64913.76953125,64913.76953125,64913.76953125,64913.76953125,13202,0.0,0.0
2002-08-21 00:00:00+09:00,65875.453125,65875.453125,65875.453125,65875.453125,15068,0.0,0.0
2002-08-22 00:00:00+09:00,64432.921875,64432.921875,64432.921875,64432.921875,13652,0.0,0.0
2002-08-23 00:00:00+09:00,62990.39453125,62990.39453125,62990.39453125,62990.39453125,5437,0.0,0.0
2002-08-26 00:00:00+09:00,65875.453125,65875.453125,65875.453125,65875.453125,8201,0.0,0.0
2002-08-27 00:00:00+09:00,67798.8125,67798.8125,67798.8125,67798.8125,71366,0.0,0.0
2002-08-28 00:00:00+09:00,60105.33984375,60105.33984375,60105.33984375,60105.33984375,30192,0.0,0.0
2002-08-29 00:00:00+09:00,59143.65234375,59143.65234375,59143.65234375,59143.65234375,11608,0.0,0.0
2002-08-30 00:00:00+09:00,59143.65234375,59143.65234375,59143.65234375,59143.65234375,13621,0.0,0.0
2002-09-02 00:00:00+09:00,55777.7578125,55777.7578125,55777.7578125,55777.7578125,10765,0.0,0.0
2002-09-03 00:00:00+09:00,55777.7578125,55777.7578125,55777.7578125,55777.7578125,5843,0.0,0.0
2002-09-04 00:00:00+09:00,53373.5390625,53373.5390625,53373.5390625,53373.5390625,8929,0.0,0.0
2002-09-05 00:00:00+09:00,59624.49609375,59624.49609375,59624.49609375,59624.49609375,18690,0.0,0.0
2002-09-06 00:00:00+09:00,57701.125,57701.125,57701.125,57701.125,26354,0.0,0.0
2002-09-09 00:00:00+09:00,55296.91796875,55296.91796875,55296.91796875,55296.91796875,26863,0.0,0.0
2002-09-10 00:00:00+09:00,52892.69921875,52892.69921875,52892.69921875,52892.69921875,11742,0.0,0.0
2002-09-11 00:00:00+09:00,54335.23046875,54335.23046875,54335.23046875,54335.23046875,10079,0.0,0.0
2002-09-12 00:00:00+09:00,53373.5390625,53373.5390625,53373.5390625,53373.5390625,8842,0.0,0.0
2002-09-13 00:00:00+09:00,52411.85546875,52411.85546875,52411.85546875,52411.85546875,7784,0.0,0.0
2002-09-16 00:00:00+09:00,52411.85546875,52411.85546875,52411.85546875,52411.85546875,6627,0.0,0.0
2002-09-17 00:00:00+09:00,53373.5390625,53373.5390625,53373.5390625,53373.5390625,5360,0.0,0.0
2002-09-18 00:00:00+09:00,50488.48828125,50488.48828125,50488.48828125,50488.48828125,6132,0.0,0.0
2002-09-19 00:00:00+09:00,51931.015625,51931.015625,51931.015625,51931.015625,2642,0.0,0.0
2002-09-20 00:00:00+09:00,51931.015625,51931.015625,51931.015625,51931.015625,2642,0.0,0.0
2002-09-23 00:00:00+09:00,50007.640625,50007.640625,50007.640625,50007.640625,3039,0.0,0.0
2002-09-24 00:00:00+09:00,48084.26953125,48084.26953125,48084.26953125,48084.26953125,7107,0.0,0.0
2002-09-25 00:00:00+09:00,45680.05859375,45680.05859375,45680.05859375,45680.05859375,4192,0.0,0.0
2002-09-26 00:00:00+09:00,45199.21875,45199.21875,45199.21875,45199.21875,9942,0.0,0.0
2002-09-27 00:00:00+09:00,42314.16015625,42314.16015625,42314.16015625,42314.16015625,8750,0.0,0.0
2002-09-30 00:00:00+09:00,38467.41796875,38467.41796875,38467.41796875,38467.41796875,7355,0.0,0.0
2002-10-01 00:00:00+09:00,37505.7265625,37505.7265625,37505.7265625,37505.7265625,6340,0.0,0.0
2002-10-02 00:00:00+09:00,37986.57421875,37986.57421875,37986.57421875,37986.57421875,6206,0.0,0.0
2002-10-03 00:00:00+09:00,37986.57421875,37986.57421875,37986.57421875,37986.57421875,6206,0.0,0.0
2002-10-04 00:00:00+09:00,37024.88671875,37024.88671875,37024.88671875,37024.88671875,4776,0.0,0.0
2002-10-07 00:00:00+09:00,34139.8359375,34139.8359375,34139.8359375,34139.8359375,5209,0.0,0.0
2002-10-08 00:00:00+09:00,35101.51953125,35101.51953125,35101.51953125,35101.51953125,7823,0.0,0.0
2002-10-09 00:00:00+09:00,34139.8359375,34139.8359375,34139.8359375,34139.8359375,6077,0.0,0.0
2002-10-10 00:00:00+09:00,31735.619140625,31735.619140625,31735.619140625,31735.619140625,8642,0.0,0.0
2002-10-11 00:00:00+09:00,32216.4609375,32216.4609375,32216.4609375,32216.4609375,6210,0.0,0.0
2002-10-14 00:00:00+09:00,36063.203125,36063.203125,36063.203125,36063.203125,20427,0.0,0.0
2002-10-15 00:00:00+09:00,37024.88671875,37024.88671875,37024.88671875,37024.88671875,12640,0.0,0.0
2002-10-16 00:00:00+09:00,35582.36328125,35582.36328125,35582.36328125,35582.36328125,8785,0.0,0.0
2002-10-17 00:00:00+09:00,36063.203125,36063.203125,36063.203125,36063.203125,9268,0.0,0.0
2002-10-18 00:00:00+09:00,38948.26171875,38948.26171875,38948.26171875,38948.26171875,13408,0.0,0.0
2002-10-21 00:00:00+09:00,37986.57421875,37986.57421875,37986.57421875,37986.57421875,10156,0.0,0.0
2002-10-22 00:00:00+09:00,42314.16015625,42314.16015625,42314.16015625,42314.16015625,33544,0.0,0.0
2002-10-23 00:00:00+09:00,47122.5859375,47122.5859375,47122.5859375,47122.5859375,27374,0.0,0.0
2002-10-24 00:00:00+09:00,48565.1171875,48565.1171875,48565.1171875,48565.1171875,64007,0.0,0.0
2002-10-25 00:00:00+09:00,42795.0,42795.0,42795.0,42795.0,26077,0.0,0.0
2002-10-28 00:00:00+09:00,42795.0,42795.0,42795.0,42795.0,28305,0.0,0.0
2002-10-29 00:00:00+09:00,40390.7890625,40390.7890625,40390.7890625,40390.7890625,26307,0.0,0.0
2002-10-30 00:00:00+09:00,43756.6875,43756.6875,43756.6875,43756.6875,30783,0.0,0.0
2002-10-31 00:00:00+09:00,42314.16015625,42314.16015625,42314.16015625,42314.16015625,19478,0.0,0.0
2002-11-01 00:00:00+09:00,39909.953125,39909.953125,39909.953125,39909.953125,10783,0.0,0.0
2002-11-04 00:00:00+09:00,40390.7890625,40390.7890625,40390.7890625,40390.7890625,14242,0.0,0.0
2002-11-05 00:00:00+09:00,38948.26171875,38948.26171875,38948.26171875,38948.26171875,10068,0.0,0.0
2002-11-06 00:00:00+09:00,40390.7890625,40390.7890625,40390.7890625,40390.7890625,10560,0.0,0.0
2002-11-07 00:00:00+09:00,39429.109375,39429.109375,39429.109375,39429.109375,6880,0.0,0.0
2002-11-08 00:00:00+09:00,37986.57421875,37986.57421875,37986.57421875,37986.57421875,9244,0.0,0.0
2002-11-11 00:00:00+09:00,37024.88671875,37024.88671875,37024.88671875,37024.88671875,4155,0.0,0.0
2002-11-12 00:00:00+09:00,36063.203125,36063.203125,36063.203125,36063.203125,5669,0.0,0.0
2002-11-13 00:00:00+09:00,36544.046875,36544.046875,36544.046875,36544.046875,9411,0.0,0.0
2002-11-14 00:00:00+09:00,36544.046875,36544.046875,36544.046875,36544.046875,4811,0.0,0.0
2002-11-15 00:00:00+09:00,36544.046875,36544.046875,36544.046875,36544.046875,8560,0.0,0.0
2002-11-18 00:00:00+09:00,36063.203125,36063.203125,36063.203125,36063.203125,4657,0.0,0.0
2002-11-19 00:00:00+09:00,35582.36328125,35582.36328125,35582.36328125,35582.36328125,5293,0.0,0.0
2002-11-20 00:00:00+09:00,34620.67578125,34620.67578125,34620.67578125,34620.67578125,8434,0.0,0.0
2002-11-21 00:00:00+09:00,34139.8359375,34139.8359375,34139.8359375,34139.8359375,5658,0.0,0.0
2002-11-22 00:00:00+09:00,33178.15234375,33178.15234375,33178.15234375,33178.15234375,8048,0.0,0.0
2002-11-25 00:00:00+09:00,34139.8359375,34139.8359375,34139.8359375,34139.8359375,4245,0.0,0.0
2002-11-26 00:00:00+09:00,35101.51953125,35101.51953125,35101.51953125,35101.51953125,4052,0.0,0.0
2002-11-27 00:00:00+09:00,34139.8359375,34139.8359375,34139.8359375,34139.8359375,6088,0.0,0.0
2002-11-28 00:00:00+09:00,35101.51953125,35101.51953125,35101.51953125,35101.51953125,5519,0.0,0.0
2002-11-29 00:00:00+09:00,35101.51953125,35101.51953125,35101.51953125,35101.51953125,4455,0.0,0.0
2002-12-02 00:00:00+09:00,36544.046875,36544.046875,36544.046875,36544.046875,8327,0.0,0.0
2002-12-03 00:00:00+09:00,39429.109375,39429.109375,39429.109375,39429.109375,17149,0.0,0.0
2002-12-04 00:00:00+09:00,36544.046875,36544.046875,36544.046875,36544.046875,9071,0.0,0.0
2002-12-05 00:00:00+09:00,37505.7265625,37505.7265625,37505.7265625,37505.7265625,8612,0.0,0.0
2002-12-06 00:00:00+09:00,41352.47265625,41352.47265625,41352.47265625,41352.47265625,21603,0.0,0.0
2002-12-09 00:00:00+09:00,41352.47265625,41352.47265625,41352.47265625,41352.47265625,21676,0.0,0.0
2002-12-10 00:00:00+09:00,38467.41796875,38467.41796875,38467.41796875,38467.41796875,14939,0.0,0.0
2002-12-11 00:00:00+09:00,39429.109375,39429.109375,39429.109375,39429.109375,18835,0.0,0.0
2002-12-12 00:00:00+09:00,38467.41796875,38467.41796875,38467.41796875,38467.41796875,9410,0.0,0.0
2002-12-13 00:00:00+09:00,37986.57421875,37986.57421875,37986.57421875,37986.57421875,4951,0.0,0.0
2002-12-16 00:00:00+09:00,36544.046875,36544.046875,36544.046875,36544.046875,7944,0.0,0.0
2002-12-17 00:00:00+09:00,37986.57421875,37986.57421875,37986.57421875,37986.57421875,10359,0.0,0.0
2002-12-18 00:00:00+09:00,37505.7265625,37505.7265625,37505.7265625,37505.7265625,4827,0.0,0.0
2002-12-19 00:00:00+09:00,37505.7265625,37505.7265625,37505.7265625,37505.7265625,4827,0.0,0.0
2002-12-20 00:00:00+09:00,39909.953125,39909.953125,39909.953125,39909.953125,14158,0.0,0.0
2002-12-23 00:00:00+09:00,35582.36328125,35582.36328125,35582.36328125,35582.36328125,37965,0.0,0.0
2002-12-24 00:00:00+09:00,32697.306640625,32697.306640625,32697.306640625,32697.306640625,11206,0.0,0.0
2002-12-25 00:00:00+09:00,32697.306640625,32697.306640625,32697.306640625,32697.306640625,11206,0.0,0.0
2002-12-26 00:00:00+09:00,32216.4609375,32216.4609375,32216.4609375,32216.4609375,6590,0.0,0.0
2002-12-27 00:00:00+09:00,30773.935546875,30773.935546875,30773.935546875,30773.935546875,7446,0.0,0.0
2002-12-30 00:00:00+09:00,29331.40625,29331.40625,29331.40625,29331.40625,4288,0.0,0.0
2002-12-31 00:00:00+09:00,29331.40625,29331.40625,29331.40625,29331.40625,4288,0.0,0.0
2003-01-01 00:00:00+09:00,29331.40625,29331.40625,29331.40625,29331.40625,4288,0.0,0.0
2003-01-02 00:00:00+09:00,32697.306640625,32697.306640625,32697.306640625,32697.306640625,15299,0.0,0.0
2003-01-03 00:00:00+09:00,32216.4609375,32216.4609375,32216.4609375,32216.4609375,14347,0.0,0.0
2003-01-06 00:00:00+09:00,33658.98828125,33658.98828125,33658.98828125,33658.98828125,10343,0.0,0.0
2003-01-07 00:00:00+09:00,31254.77734375,31254.77734375,31254.77734375,31254.77734375,9059,0.0,0.0
2003-01-08 00:00:00+09:00,31735.619140625,31735.619140625,31735.619140625,31735.619140625,6234,0.0,0.0
2003-01-09 00:00:00+09:00,31254.77734375,31254.77734375,31254.77734375,31254.77734375,6211,0.0,0.0
2003-01-10 00:00:00+09:00,30773.935546875,30773.935546875,30773.935546875,30773.935546875,9176,0.0,0.0
2003-01-13 00:00:00+09:00,31735.619140625,31735.619140625,31735.619140625,31735.619140625,7686,0.0,0.0
2003-01-14 00:00:00+09:00,31735.619140625,31735.619140625,31735.619140625,31735.619140625,6324,0.0,0.0
2003-01-15 00:00:00+09:00,33178.15234375,33178.15234375,33178.15234375,33178.15234375,14384,0.0,0.0
2003-01-16 00:00:00+09:00,34139.8359375,34139.8359375,34139.8359375,34139.8359375,22646,0.0,0.0
2003-01-17 00:00:00+09:00,32216.4609375,32216.4609375,32216.4609375,32216.4609375,8275,0.0,0.0
2003-01-20 00:00:00+09:00,31735.619140625,31735.619140625,31735.619140625,31735.619140625,5940,0.0,0.0
2003-01-21 00:00:00+09:00,32697.306640625,32697.306640625,32697.306640625,32697.306640625,9606,0.0,0.0
2003-01-22 00:00:00+09:00,31254.77734375,31254.77734375,31254.77734375,31254.77734375,6909,0.0,0.0
2003-01-23 00:00:00+09:00,30773.935546875,30773.935546875,30773.935546875,30773.935546875,5114,0.0,0.0
2003-01-24 00:00:00+09:00,29331.40625,29331.40625,29331.40625,29331.40625,5720,0.0,0.0
2003-01-27 00:00:00+09:00,27888.87890625,27888.87890625,27888.87890625,27888.87890625,8049,0.0,0.0
2003-01-28 00:00:00+09:00,27888.87890625,27888.87890625,27888.87890625,27888.87890625,8827,0.0,0.0
2003-01-29 00:00:00+09:00,26446.349609375,26446.349609375,26446.349609375,26446.349609375,4453,0.0,0.0
2003-01-30 00:00:00+09:00,27408.03515625,27408.03515625,27408.03515625,27408.03515625,4969,0.0,0.0
2003-01-31 00:00:00+09:00,27408.03515625,27408.03515625,27408.03515625,27408.03515625,4969,0.0,0.0
2003-02-03 00:00:00+09:00,28369.720703125,28369.720703125,28369.720703125,28369.720703125,8629,0.0,0.0
2003-02-04 00:00:00+09:00,28369.720703125,28369.720703125,28369.720703125,28369.720703125,3690,0.0,0.0
2003-02-05 00:00:00+09:00,28850.5625,28850.5625,28850.5625,28850.5625,7089,0.0,0.0
2003-02-06 00:00:00+09:00,27888.87890625,27888.87890625,27888.87890625,27888.87890625,3780,0.0,0.0
2003-02-07 00:00:00+09:00,27408.03515625,27408.03515625,27408.03515625,27408.03515625,1994,0.0,0.0
2003-02-10 00:00:00+09:00,26927.19140625,27888.876813616072,26446.348702566964,26927.19140625,4534,0.0,0.0
2003-02-11 00:00:00+09:00,25965.5078125,27408.036024305555,25484.66507523148,25965.5078125,5711,0.0,0.0
2003-02-12 00:00:00+09:00,27408.03515625,28850.563322368424,25003.821546052633,27408.03515625,15072,0.0,0.0
2003-02-13 00:00:00+09:00,26446.349609375,27408.03504971591,25965.506889204546,26446.349609375,8640,0.0,0.0
2003-02-14 00:00:00+09:00,26927.19140625,26927.19140625,25965.505998883928,26927.19140625,3297,0.0,0.0
2003-02-17 00:00:00+09:00,27408.03515625,28369.72060032895,26927.192434210527,27408.03515625,7236,0.0,0.0
2003-02-18 00:00:00+09:00,28369.720703125,29331.40615068856,27408.03525556144,28369.720703125,10750,0.0,0.0
2003-02-19 00:00:00+09:00,27408.03515625,29812.24876644737,27408.03515625,27408.03515625,8963,0.0,0.0
2003-02-20 00:00:00+09:00,27888.87890625,27888.87890625,26927.193426724138,27888.87890625,3346,0.0,0.0
2003-02-21 00:00:00+09:00,26927.19140625,27888.876813616072,26446.348702566964,26927.19140625,4202,0.0,0.0
2003-02-24 00:00:00+09:00,27888.87890625,29331.407125538793,27408.03616648707,27888.87890625,14400,0.0,0.0
2003-02-25 00:00:00+09:00,26927.19140625,27888.876813616072,26446.348702566964,26927.19140625,4155,0.0,0.0
2003-02-26 00:00:00+09:00,26446.349609375,27888.877769886363,26446.349609375,26446.349609375,3526,0.0,0.0
2003-02-27 00:00:00+09:00,25484.6640625,26927.192216981133,25484.6640625,25484.6640625,2967,0.0,0.0
2003-02-28 00:00:00+09:00,25484.6640625,26446.349498820757,25484.6640625,25484.6640625,2661,0.0,0.0
2003-03-03 00:00:00+09:00,26446.349609375,28369.720490056818,25003.821448863637,26446.349609375,13925,0.0,0.0
2003-03-04 00:00:00+09:00,27888.87890625,27888.87890625,25003.822467672413,27888.87890625,10582,0.0,0.0
2003-03-05 00:00:00+09:00,25484.6640625,27888.877653301886,25003.821344339623,25484.6640625,7240,0.0,0.0
2003-03-06 00:00:00+09:00,25484.6640625,25965.50678066038,24522.978626179247,25484.6640625,1698,0.0,0.0
2003-03-07 00:00:00+09:00,22599.609375,25003.823138297874,22599.609375,22599.609375,4444,0.0,0.0
2003-03-10 00:00:00+09:00,21157.080078125,23561.293723366478,20676.237349076706,21157.080078125,1728,0.0,0.0
2003-03-11 00:00:00+09:00,18752.86328125,21637.919170673078,18752.86328125,18752.86328125,5351,0.0,0.0
2003-03-12 00:00:00+09:00,19714.5546875,20195.397484756097,18752.869092987807,19714.5546875,1917,0.0,0.0
2003-03-13 00:00:00+09:00,19233.708984375,20195.39443359375,18752.866259765626,19233.708984375,4227,0.0,0.0
2003-03-14 00:00:00+09:00,19233.708984375,21157.0798828125,19233.708984375,19233.708984375,3292,0.0,0.0
2003-03-17 00:00:00+09:00,17310.337890625,19233.70876736111,17310.337890625,17310.337890625,7971,0.0,0.0
2003-03-18 00:00:00+09:00,19233.708984375,19233.708984375,17791.180810546874,19233.708984375,12055,0.0,0.0
2003-03-19 00:00:00+09:00,19714.5546875,21157.083079268294,18752.869092987807,19714.5546875,23074,0.0,0.0
2003-03-20 00:00:00+09:00,21637.919921875,21637.919921875,19714.549262152777,21637.919921875,14295,0.0,0.0
2003-03-21 00:00:00+09:00,23080.453125,24042.138671875,20676.2392578125,23080.453125,12725,0.0,0.0
2003-03-24 00:00:00+09:00,22118.763671875,23561.291737432064,22118.763671875,22118.763671875,6323,0.0,0.0
2003-03-25 00:00:00+09:00,20195.39453125,21157.079985119046,20195.39453125,20195.39453125,5091,0.0,0.0
2003-03-26 00:00:00+09:00,20195.39453125,21157.079985119046,20195.39453125,20195.39453125,6108,0.0,0.0
2003-03-27 00:00:00+09:00,21157.080078125,21157.080078125,19233.709161931816,21157.080078125,8107,0.0,0.0
2003-03-28 00:00:00+09:00,21157.080078125,21637.922807173294,20676.237349076706,21157.080078125,4953,0.0,0.0
2003-03-31 00:00:00+09:00,18752.86328125,21157.0765224359,18752.86328125,18752.86328125,5853,0.0,0.0
2003-04-01 00:00:00+09:00,18752.86328125,19233.70592948718,17791.17798477564,18752.86328125,3034,0.0,0.0
2003-04-02 00:00:00+09:00,19714.5546875,19714.5546875,18752.869092987807,19714.5546875,4658,0.0,0.0
2003-04-03 00:00:00+09:00,19714.5546875,20676.240282012197,19233.711890243903,19714.5546875,4458,0.0,0.0
2003-04-04 00:00:00+09:00,19714.5546875,20195.397484756097,19233.711890243903,19714.5546875,3832,0.0,0.0
2003-04-07 00:00:00+09:00,20676.236328125,21157.079033430233,20195.393622819767,20676.236328125,5715,0.0,0.0
2003-04-08 00:00:00+09:00,20676.236328125,21157.079033430233,19714.550917514534,20676.236328125,5661,0.0,0.0
2003-04-09 00:00:00+09:00,23080.453125,23080.453125,19714.5537109375,23080.453125,17283,0.0,0.0
2003-04-10 00:00:00+09:00,22118.763671875,25003.819802989132,21637.920983355976,22118.763671875,15338,0.0,0.0
2003-04-11 00:00:00+09:00,22118.763671875,23080.449048913044,22118.763671875,22118.763671875,5312,0.0,0.0
2003-04-14 00:00:00+09:00,22599.609375,23080.452127659577,22118.766622340427,22599.609375,6907,0.0,0.0
2003-04-15 00:00:00+09:00,25003.8203125,25003.8203125,22599.60682091346,25003.8203125,14843,0.0,0.0
2003-04-16 00:00:00+09:00,25003.8203125,25965.505709134617,24522.97761418269,25003.8203125,19220,0.0,0.0
2003-04-17 00:00:00+09:00,25003.8203125,25484.66301081731,24042.134915865383,25003.8203125,6820,0.0,0.0
2003-04-18 00:00:00+09:00,24522.98046875,26927.194240196077,24522.98046875,24522.98046875,10407,0.0,0.0
2003-04-21 00:00:00+09:00,26446.349609375,26446.349609375,24042.136008522728,26446.349609375,13316,0.0,0.0
2003-04-22 00:00:00+09:00,24522.98046875,28369.722503063727,24522.98046875,24522.98046875,23048,0.0,0.0
2003-04-23 00:00:00+09:00,25965.5078125,26446.35054976852,24042.136863425927,25965.5078125,10822,0.0,0.0
2003-04-24 00:00:00+09:00,24042.134765625,27888.876328125,24042.134765625,24042.134765625,29990,0.0,0.0
2003-04-25 00:00:00+09:00,21157.080078125,24042.136452414772,21157.080078125,21157.080078125,10664,0.0,0.0
2003-04-28 00:00:00+09:00,20195.39453125,22118.765438988095,19714.551804315477,20195.39453125,5639,0.0,0.0
2003-04-29 00:00:00+09:00,22599.609375,22599.609375,20676.238364361703,22599.609375,9590,0.0,0.0
2003-04-30 00:00:00+09:00,23080.453125,24522.9814453125,22118.767578125,23080.453125,7121,0.0,0.0
2003-05-01 00:00:00+09:00,23080.453125,24522.9814453125,22118.767578125,23080.453125,7121,0.0,0.0
2003-05-02 00:00:00+09:00,23080.453125,24522.9814453125,22599.6103515625,23080.453125,3520,0.0,0.0
2003-05-05 00:00:00+09:00,23080.453125,24522.9814453125,22599.6103515625,23080.453125,3520,0.0,0.0
2003-05-06 00:00:00+09:00,23561.29296875,24522.978396045917,23080.45025510204,23561.29296875,6568,0.0,0.0
2003-05-07 00:00:00+09:00,23561.29296875,24522.978396045917,23080.45025510204,23561.29296875,3744,0.0,0.0
2003-05-08 00:00:00+09:00,23561.29296875,24522.978396045917,23080.45025510204,23561.29296875,3744,0.0,0.0
2003-05-09 00:00:00+09:00,23080.453125,24042.138671875,22599.6103515625,23080.453125,3150,0.0,0.0
2003-05-12 00:00:00+09:00,25484.6640625,25484.6640625,23561.29318985849,25484.6640625,14189,0.0,0.0
2003-05-13 00:00:00+09:00,28369.720703125,28369.720703125,26927.192531779663,28369.720703125,51004,0.0,0.0
2003-05-14 00:00:00+09:00,28369.720703125,31735.61976959746,25484.664360434323,28369.720703125,100826,0.0,0.0
2003-05-15 00:00:00+09:00,30773.935546875,31254.778289794922,26927.193603515625,30773.935546875,42133,0.0,0.0
2003-05-16 00:00:00+09:00,27408.03515625,31254.77693256579,27408.03515625,27408.03515625,23213,0.0,0.0
2003-05-19 00:00:00+09:00,24522.98046875,26927.194240196077,24522.98046875,24522.98046875,21873,0.0,0.0
2003-05-20 00:00:00+09:00,26446.349609375,27408.03504971591,24042.136008522728,26446.349609375,15808,0.0,0.0
2003-05-21 00:00:00+09:00,26446.349609375,27408.03504971591,25003.821448863637,26446.349609375,22986,0.0,0.0
2003-05-22 00:00:00+09:00,26927.19140625,28369.71951729911,25965.505998883928,26927.19140625,16583,0.0,0.0
2003-05-23 00:00:00+09:00,29331.40625,29331.40625,26446.349897540986,29331.40625,20579,0.0,0.0
2003-05-26 00:00:00+09:00,32697.306640625,32697.306640625,30293.092917049635,32697.306640625,17825,0.0,0.0
2003-05-27 00:00:00+09:00,36544.046875,36544.046875,34620.67598684211,36544.046875,17236,0.0,0.0
2003-05-28 00:00:00+09:00,32216.4609375,39909.94414645523,32216.4609375,32216.4609375,70757,0.0,0.0
2003-05-29 00:00:00+09:00,31254.77734375,33178.148257211535,29331.40643028846,31254.77734375,28433,0.0,0.0
2003-05-30 00:00:00+09:00,30773.935546875,33178.14926147461,30293.092803955078,30773.935546875,18777,0.0,0.0
2003-06-02 00:00:00+09:00,32697.306640625,32697.306640625,30293.092917049635,32697.306640625,23130,0.0,0.0
2003-06-03 00:00:00+09:00,29812.248046875,34620.67515120968,29812.248046875,29812.248046875,18890,0.0,0.0
2003-06-04 00:00:00+09:00,30773.935546875,31254.778289794922,29812.250061035156,30773.935546875,7918,0.0,0.0
2003-06-05 00:00:00+09:00,29812.248046875,31735.61888860887,28850.562626008064,29812.248046875,9384,0.0,0.0
2003-06-06 00:00:00+09:00,29812.248046875,31735.61888860887,28850.562626008064,29812.248046875,9384,0.0,0.0
2003-06-09 00:00:00+09:00,28850.5625,30293.090624999997,27888.877083333333,28850.5625,10847,0.0,0.0
2003-06-10 00:00:00+09:00,27888.87890625,29812.249865301725,27408.03616648707,27888.87890625,13181,0.0,0.0
2003-06-11 00:00:00+09:00,30773.935546875,30773.935546875,27888.87908935547,30773.935546875,17606,0.0,0.0
2003-06-12 00:00:00+09:00,30293.091796875,31254.777250744046,28850.563616071428,30293.091796875,11127,0.0,0.0
2003-06-13 00:00:00+09:00,29331.40625,31254.777151639344,29331.40625,29331.40625,8634,0.0,0.0
2003-06-16 00:00:00+09:00,32697.306640625,32697.306640625,29331.407427619488,32697.306640625,25439,0.0,0.0
2003-06-17 00:00:00+09:00,33658.98828125,35582.35904017857,31735.617522321427,33658.98828125,26460,0.0,0.0
2003-06-18 00:00:00+09:00,32216.4609375,34620.674440298506,32216.4609375,32216.4609375,15702,0.0,0.0
2003-06-19 00:00:00+09:00,33178.15234375,34620.680706521736,32697.30955615942,33178.15234375,12803,0.0,0.0
2003-06-20 00:00:00+09:00,32216.4609375,34139.83173973881,31254.7755363806,32216.4609375,10465,0.0,0.0
2003-06-23 00:00:00+09:00,30293.091796875,32216.462704613095,29812.249069940473,30293.091796875,10841,0.0,0.0
2003-06-24 00:00:00+09:00,29331.40625,29812.24897540984,28369.72079918033,29331.40625,8600,0.0,0.0
2003-06-25 00:00:00+09:00,29812.248046875,30773.933467741936,29331.405336441534,29812.248046875,8792,0.0,0.0
2003-06-26 00:00:00+09:00,33178.15234375,33178.15234375,33178.15234375,33178.15234375,5484,0.0,0.0
2003-06-27 00:00:00+09:00,32697.306640625,36063.20585363052,31735.621151194853,32697.306640625,31728,0.0,0.0
2003-06-30 00:00:00+09:00,32216.4609375,33178.14633861941,30773.9328358209,32216.4609375,7789,0.0,0.0
2006-07-07 00:00:00+09:00,57220.28259698275,57220.28259698275,48805.53515625,48805.53515625,29194,0.0,0.0
2006-07-10 00:00:00+09:00,41592.890625,41592.890625,41592.890625,41592.890625,576,0.0,0.0
2006-07-11 00:00:00+09:00,35582.36328125,35582.36328125,35582.36328125,35582.36328125,18870,0.0,0.0
2006-07-12 00:00:00+09:00,30293.091796875,30293.091796875,30293.091796875,30293.091796875,222773,0.0,0.0
2006-07-13 00:00:00+09:00,25965.5078125,25965.5078125,25965.5078125,25965.5078125,8302,0.0,0.0
2006-07-14 00:00:00+09:00,22118.763671875,22118.763671875,22118.763671875,22118.763671875,268992,0.0,0.0
2006-07-18 00:00:00+09:00,20676.23777573529,22359.18736213235,19954.97366727941,20435.81640625,571929,0.0,0.0
2006-07-19 00:00:00+09:00,20676.237349076706,21637.922807173294,19233.709161931816,21157.080078125,171652,0.0,0.0
2006-07-20 00:00:00+09:00,21397.50212716584,24282.55859375,21397.50212716584,24282.55859375,212541,0.0,0.0
2006-07-21 00:00:00+09:00,26927.193426724138,27888.87890625,26927.193426724138,27888.87890625,54105,0.0,0.0
2006-07-24 00:00:00+09:00,30773.934343434346,31014.355705492424,23801.71484375,23801.71484375,583823,0.0,0.0
2006-07-25 00:00:00+09:00,23801.715579044117,24282.558318014704,20435.81640625,20435.81640625,359485,0.0,0.0
2006-07-26 00:00:00+09:00,20195.39375,20676.236458333333,17550.758854166666,18031.6015625,679397,0.0,0.0
2006-07-27 00:00:00+09:00,18512.44468858507,18512.44468858507,16108.23109266493,17310.337890625,327641,0.0,0.0
2006-07-28 00:00:00+09:00,17310.338398972603,18752.866598886987,16348.652932363015,17550.759765625,210686,0.0,0.0
2006-07-31 00:00:00+09:00,18031.601686115508,19954.972532634492,17791.180330300635,18993.287109375,260980,0.0,0.0
2006-08-01 00:00:00+09:00,19233.70876736111,19233.70876736111,16829.495171440973,17310.337890625,129367,0.0,0.0
2006-08-02 00:00:00+09:00,17310.338398972603,17550.759765625,16348.652932363015,17550.759765625,64387,0.0,0.0
2006-08-03 00:00:00+09:00,17791.182108274646,17791.182108274646,16829.49658890845,17069.91796875,58920,0.0,0.0
2006-08-04 00:00:00+09:00,16829.496065027575,17069.91743738511,15867.810575597427,16348.6533203125,84383,0.0,0.0
2006-08-07 00:00:00+09:00,16348.652284564394,16589.073641690342,15146.54549893466,15867.8095703125,65828,0.0,0.0
2006-08-08 00:00:00+09:00,15627.3877681903,16829.494519589553,15627.3877681903,16108.23046875,54127,0.0,0.0
2006-08-09 00:00:00+09:00,16348.651278409092,18512.443359375,15867.80859375,18512.443359375,157763,0.0,0.0
2006-08-10 00:00:00+09:00,18512.4435546875,18752.86489955357,16348.651450892856,16829.494140625,180328,0.0,0.0
2006-08-11 00:00:00+09:00,16829.494140625,17550.758175223214,16589.072795758926,16829.494140625,44535,0.0,0.0
2006-08-14 00:00:00+09:00,16829.497565670288,17550.76174705616,16108.23338428442,16589.076171875,50845,0.0,0.0
2006-08-16 00:00:00+09:00,16589.073169309704,16829.494519589553,15867.80911847015,16108.23046875,37690,0.0,0.0
2006-08-17 00:00:00+09:00,16108.231400240384,16108.231400240384,15146.545943509615,15627.388671875,65401,0.0,0.0
2006-08-18 00:00:00+09:00,15627.388671875,16348.652764423077,15146.545943509615,15627.388671875,48171,0.0,0.0
2006-08-21 00:00:00+09:00,15627.388213186554,15867.8095703125,14906.124141808712,15867.8095703125,50279,0.0,0.0
2006-08-22 00:00:00+09:00,15867.80911847015,16108.23046875,15386.96641791045,16108.23046875,25157,0.0,0.0
2006-08-23 00:00:00+09:00,16108.231887817383,16348.653259277344,15386.9677734375,15386.9677734375,27087,0.0,0.0
2006-08-24 00:00:00+09:00,15146.5458984375,15627.388625372023,14665.703171502975,15146.5458984375,25959,0.0,0.0
2006-08-25 00:00:00+09:00,15146.545378654235,15386.966733870968,14665.702668220767,14906.1240234375,30112,0.0,0.0
2006-08-28 00:00:00+09:00,14906.124932650862,15146.546302532326,13944.439453125,13944.439453125,51665,0.0,0.0
2006-08-29 00:00:00+09:00,14184.8603515625,14906.12443723517,13944.438989671611,14184.8603515625,66566,0.0,0.0
2006-08-30 00:00:00+09:00,14184.860444568452,15146.5458984375,14184.860444568452,15146.5458984375,38646,0.0,0.0
2006-08-31 00:00:00+09:00,15386.967830882353,16589.074692670038,15386.967830882353,16348.6533203125,77590,0.0,0.0
2006-09-01 00:00:00+09:00,16348.652452256943,17791.180609809027,15867.809733072916,17310.337890625,51373,0.0,0.0
2006-09-04 00:00:00+09:00,17550.759765625,18512.44523223459,17310.338398972603,17550.759765625,55713,0.0,0.0
2006-09-05 00:00:00+09:00,17550.76026710304,18031.60301414696,17069.917520059123,17791.181640625,37143,0.0,0.0
2006-09-06 00:00:00+09:00,17791.181640625,18512.44576119088,17310.338893581084,17791.181640625,50666,0.0,0.0
2006-09-07 00:00:00+09:00,17550.759765625,18031.602498929795,17310.338398972603,17550.759765625,15411,0.0,0.0
2006-09-08 00:00:00+09:00,17550.759910300927,19954.97359664352,17550.759910300927,19474.130859375,67956,0.0,0.0
2006-09-11 00:00:00+09:00,19714.54857772436,20195.39122596154,18512.44195713141,18752.86328125,49738,0.0,0.0
2006-09-12 00:00:00+09:00,19474.13069884418,19954.973432148974,17550.759765625,17550.759765625,53445,0.0,0.0
2006-09-13 00:00:00+09:00,17791.180715460527,19233.708881578947,17310.337993421053,18272.0234375,36554,0.0,0.0
2006-09-14 00:00:00+09:00,18272.022916666665,18512.444270833334,17550.758854166666,18031.6015625,23397,0.0,0.0
2006-09-15 00:00:00+09:00,18031.602498929795,18272.023865582192,17550.759765625,17550.759765625,19234,0.0,0.0
2006-09-18 00:00:00+09:00,17550.758854166666,18752.865625,17310.337499999998,18031.6015625,29296,0.0,0.0
2006-09-19 00:00:00+09:00,18272.02063301282,18993.28460536859,18031.59930889423,18752.86328125,30118,0.0,0.0
2006-09-20 00:00:00+09:00,18752.864701704544,19474.12872869318,18272.022017045456,18512.443359375,55323,0.0,0.0
2006-09-21 00:00:00+09:00,18512.444798519737,19474.130242598683,18031.602076480263,18272.0234375,106714,0.0,0.0
2006-09-22 00:00:00+09:00,18512.44468858507,18512.44468858507,17069.916531032984,17310.337890625,45954,0.0,0.0
2006-09-25 00:00:00+09:00,17791.180330300635,19474.129821004746,17550.75897448576,18993.287109375,80211,0.0,0.0
2006-09-26 00:00:00+09:00,20195.39453125,20676.237258184523,19233.70907738095,20195.39453125,80451,0.0,0.0
2006-09-27 00:00:00+09:00,20195.394965277777,20435.816333912036,18993.28812210648,19474.130859375,52890,0.0,0.0
2006-09-28 00:00:00+09:00,19474.13375376506,20676.24077560241,18993.290945030123,19954.9765625,116027,0.0,0.0
2006-09-29 00:00:00+09:00,20435.815686677633,22840.029296875,18752.866159539473,22840.029296875,620623,0.0,0.0
2006-10-02 00:00:00+09:00,24282.556617914244,25725.084733829943,20435.81497547238,20676.236328125,732387,0.0,0.0
2006-10-04 00:00:00+09:00,18993.28460536859,19714.54857772436,18272.02063301282,18752.86328125,593478,0.0,0.0
2006-10-09 00:00:00+09:00,18993.28667210821,18993.28667210821,16108.23046875,16108.23046875,432014,0.0,0.0
2006-10-10 00:00:00+09:00,15146.546401977539,17069.917373657227,14906.125030517578,15386.9677734375,303984,0.0,0.0
2006-10-11 00:00:00+09:00,15627.388671875,16348.652764423077,14906.124579326923,15627.388671875,344948,0.0,0.0
2006-10-12 00:00:00+09:00,15627.389689700703,17791.182108274646,15386.968309859154,17069.91796875,505165,0.0,0.0
2006-10-13 00:00:00+09:00,17069.915869869405,17310.337220149253,15627.3877681903,16108.23046875,190694,0.0,0.0
2006-10-16 00:00:00+09:00,16348.651450892856,17069.91548549107,15867.808761160713,16829.494140625,204675,0.0,0.0
2006-10-17 00:00:00+09:00,17069.91548549107,18031.600864955355,16108.230106026786,16829.494140625,409937,0.0,0.0
2006-10-18 00:00:00+09:00,17069.91796875,18031.603488116198,16589.0752090669,17069.91796875,315279,0.0,0.0
2006-10-19 00:00:00+09:00,17310.340353260868,17310.340353260868,16348.65477807971,16589.076171875,133254,0.0,0.0
2006-10-20 00:00:00+09:00,16589.072795758926,17310.33683035714,16348.651450892856,16829.494140625,104202,0.0,0.0
2006-10-23 00:00:00+09:00,16589.072795758926,16829.494140625,16348.651450892856,16829.494140625,90914,0.0,0.0
2006-10-24 00:00:00+09:00,17069.915869869405,18031.601270988805,16108.23046875,16108.23046875,396207,0.0,0.0
2006-10-25 00:00:00+09:00,16348.652764423077,16348.652764423077,15386.967307692308,15627.388671875,96314,0.0,0.0
2006-10-26 00:00:00+09:00,15627.389144897461,15867.810516357422,14906.125030517578,15386.9677734375,110389,0.0,0.0
2006-10-27 00:00:00+09:00,14906.123717350747,16108.23046875,14906.123717350747,16108.23046875,110511,0.0,0.0
2006-10-30 00:00:00+09:00,15627.388213186554,16108.230927438448,15386.966856060606,15867.8095703125,58126,0.0,0.0
2006-10-31 00:00:00+09:00,15627.388213186554,16348.652284564394,15386.966856060606,15867.8095703125,58488,0.0,0.0
2006-11-01 00:00:00+09:00,15867.8095703125,16108.230927438448,15386.966856060606,15867.8095703125,38154,0.0,0.0
2006-11-02 00:00:00+09:00,15627.388671875,15867.810036057692,15386.967307692308,15627.388671875,27265,0.0,0.0
2006-11-03 00:00:00+09:00,15386.9677734375,15627.389144897461,15146.546401977539,15386.9677734375,52827,0.0,0.0
2006-11-06 00:00:00+09:00,15386.9677734375,15627.389144897461,15146.546401977539,15386.9677734375,39328,0.0,0.0
2006-11-07 00:00:00+09:00,15386.9677734375,15627.389144897461,15146.546401977539,15386.9677734375,45931,0.0,0.0
2006-11-08 00:00:00+09:00,15386.9677734375,15867.810516357422,15146.546401977539,15386.9677734375,50736,0.0,0.0
2006-11-09 00:00:00+09:00,15386.9677734375,15627.389144897461,15146.546401977539,15386.9677734375,45901,0.0,0.0
2006-11-10 00:00:00+09:00,15386.96641791045,16348.651819029852,15146.545067630597,16108.23046875,124607,0.0,0.0
2006-11-13 00:00:00+09:00,15867.8095703125,16108.230927438448,15627.388213186554,15867.8095703125,67266,0.0,0.0
2006-11-14 00:00:00+09:00,15867.810516357422,16108.231887817383,15386.9677734375,15386.9677734375,52877,0.0,0.0
2006-11-15 00:00:00+09:00,15146.545378654235,15386.966733870968,14665.702668220767,14906.1240234375,69959,0.0,0.0
2006-11-16 00:00:00+09:00,14665.703562769397,14906.124932650862,12742.332603717672,13944.439453125,193342,0.0,0.0
2006-11-17 00:00:00+09:00,13944.438406808036,14425.281110491072,13223.174351283482,13463.595703125,73693,0.0,0.0
2006-11-20 00:00:00+09:00,13463.59765625,13463.59765625,11540.2265625,11540.2265625,186261,0.0,0.0
2006-11-21 00:00:00+09:00,11059.382061298076,13223.174203725961,11059.382061298076,12501.91015625,400603,0.0,0.0
2006-11-22 00:00:00+09:00,12742.331505408654,12982.752854567309,12021.067457932691,12501.91015625,185840,0.0,0.0
2006-11-23 00:00:00+09:00,12261.48873046875,12501.910078125,11780.646035156251,12021.0673828125,95528,0.0,0.0
2006-11-24 00:00:00+09:00,12261.490234375,13704.018497242647,12261.490234375,12261.490234375,280866,0.0,0.0
2006-11-27 00:00:00+09:00,12021.067457932691,12501.91015625,12021.067457932691,12501.91015625,79700,0.0,0.0
2006-11-28 00:00:00+09:00,12501.911611519608,12982.754365808823,12261.490234375,12261.490234375,128103,0.0,0.0
2006-11-29 00:00:00+09:00,12501.911233836207,13944.439453125,12501.911233836207,13944.439453125,291045,0.0,0.0
2006-11-30 00:00:00+09:00,14425.281427556818,15867.8095703125,13944.438713304924,15867.8095703125,519685,0.0,0.0
2006-12-04 00:00:00+09:00,14184.860300164475,14184.860300164475,13463.596217105263,13704.017578125,99196,0.0,0.0
2006-12-05 00:00:00+09:00,13944.438939144737,14184.860300164475,13463.596217105263,13704.017578125,167423,0.0,0.0
2006-12-06 00:00:00+09:00,13463.596217105263,13944.438939144737,13223.174856085527,13704.017578125,148709,0.0,0.0
2006-12-07 00:00:00+09:00,13944.439453125,15627.389042295257,13704.018083243534,13944.439453125,406096,0.0,0.0
2006-12-08 00:00:00+09:00,13944.438406808036,13944.438406808036,12982.752999441964,13463.595703125,79709,0.0,0.0
2006-12-11 00:00:00+09:00,13223.174749410378,13463.596108490567,12501.910672169812,12742.33203125,135957,0.0,0.0
2006-12-12 00:00:00+09:00,11780.645868716032,11780.645868716032,11059.3818359375,11059.3818359375,399924,0.0,0.0
2006-12-13 00:00:00+09:00,10578.539516715116,10818.960869367733,10338.1181640625,10338.1181640625,232032,0.0,0.0
2006-12-14 00:00:00+09:00,10578.539516715116,10818.960869367733,10338.1181640625,10338.1181640625,130061,0.0,0.0
2006-12-15 00:00:00+09:00,10338.118674538353,11540.22549715909,10338.118674538353,10578.5400390625,237014,0.0,0.0
2006-12-18 00:00:00+09:00,10818.960869367733,11059.38222202035,10338.1181640625,10338.1181640625,161704,0.0,0.0
2006-12-19 00:00:00+09:00,10338.11962890625,11780.64794921875,10338.11962890625,11540.2265625,232061,0.0,0.0
2006-12-20 00:00:00+09:00,11540.225235849057,12982.75339033019,10818.96115860849,12742.33203125,168509,0.0,0.0
2006-12-21 00:00:00+09:00,12742.332988664215,14184.861251531864,11299.804725796568,12261.490234375,320928,0.0,0.0
2006-12-22 00:00:00+09:00,11780.64794921875,12021.0693359375,11059.3837890625,11540.2265625,87558,0.0,0.0
2006-12-26 00:00:00+09:00,11540.224524456522,11780.645868716032,10818.960491677988,11059.3818359375,71190,0.0,0.0
2006-12-27 00:00:00+09:00,10818.960491677988,11299.80318019701,10818.960491677988,11059.3818359375,83423,0.0,0.0
2006-12-28 00:00:00+09:00,11299.80318019701,11540.224524456522,11059.3818359375,11059.3818359375,56634,0.0,0.0
2007-01-02 00:00:00+09:00,11059.381293402777,11059.381293402777,10578.538628472223,10818.9599609375,64932,0.0,0.0
2007-01-03 00:00:00+09:00,10578.538628472223,11059.381293402777,10578.538628472223,10818.9599609375,115272,0.0,0.0
2007-01-04 00:00:00+09:00,10818.961403586647,11299.804132634943,10338.118674538353,10578.5400390625,217517,0.0,0.0
2007-01-05 00:00:00+09:00,10578.5400390625,10818.961403586647,10338.118674538353,10578.5400390625,145464,0.0,0.0
2007-01-08 00:00:00+09:00,9376.433079769737,9857.275801809212,9136.01171875,9136.01171875,258731,0.0,0.0
2007-01-09 00:00:00+09:00,9616.854440789473,9616.854440789473,8895.590357730263,9136.01171875,192014,0.0,0.0
2007-01-10 00:00:00+09:00,8895.5908203125,9136.01219383446,8895.5908203125,8895.5908203125,88832,0.0,0.0
2007-01-11 00:00:00+09:00,9136.01031650641,9857.27428886218,9136.01031650641,9376.431640625,222011,0.0,0.0
2007-01-12 00:00:00+09:00,9376.433079769737,9616.854440789473,9136.01171875,9136.01171875,54172,0.0,0.0
2007-01-15 00:00:00+09:00,9376.433079769737,9376.433079769737,8655.168996710527,9136.01171875,71650,0.0,0.0
2007-01-16 00:00:00+09:00,8895.590304904514,9136.011664496527,8414.747585720486,8655.1689453125,78582,0.0,0.0
2007-01-17 00:00:00+09:00,8655.1689453125,8895.590304904514,8414.747585720486,8655.1689453125,41322,0.0,0.0
2007-01-18 00:00:00+09:00,8895.589760044642,8895.589760044642,8414.7470703125,8414.7470703125,54413,0.0,0.0
2007-01-19 00:00:00+09:00,8174.326629638672,8414.748001098633,7453.062515258789,7693.48388671875,86387,0.0,0.0
2007-01-22 00:00:00+09:00,7453.062515258789,7933.905258178711,7453.062515258789,7693.48388671875,53322,0.0,0.0
2007-01-24 00:00:00+09:00,8414.7470703125,8655.16841517857,7933.904380580357,8414.7470703125,95676,0.0,0.0
2007-01-25 00:00:00+09:00,8174.32666015625,8414.748032513788,8174.32666015625,8174.32666015625,33928,0.0,0.0
2007-01-26 00:00:00+09:00,7693.483428030303,8174.326142282197,7453.062070904356,7933.90478515625,84883,0.0,0.0
2007-01-29 00:00:00+09:00,7693.48388671875,7933.905258178711,7693.48388671875,7693.48388671875,43442,0.0,0.0
2007-01-30 00:00:00+09:00,7693.483428030303,8174.326142282197,7453.062070904356,7933.90478515625,84883,0.0,0.0
2007-01-31 00:00:00+09:00,7933.90478515625,8174.326142282197,7693.483428030303,7933.90478515625,47185,0.0,0.0
2007-02-01 00:00:00+09:00,7693.48388671875,7933.905258178711,7453.062515258789,7693.48388671875,35514,0.0,0.0
2007-02-02 00:00:00+09:00,7693.48388671875,7933.905258178711,7453.062515258789,7693.48388671875,35514,0.0,0.0
2007-02-05 00:00:00+09:00,7693.483366935484,7933.904722152218,7212.640656502016,7453.06201171875,57586,0.0,0.0
2007-02-06 00:00:00+09:00,7453.061979166667,7453.061979166667,6731.797916666666,7212.640625,81722,0.0,0.0
2007-02-07 00:00:00+09:00,6972.2197265625,7212.641096443966,6731.798356681034,6972.2197265625,67002,0.0,0.0
2007-02-08 00:00:00+09:00,7212.641096443966,7212.641096443966,6972.2197265625,6972.2197265625,33366,0.0,0.0
2007-02-09 00:00:00+09:00,6972.219270833333,7212.640625,6731.797916666666,7212.640625,57611,0.0,0.0
2007-02-12 00:00:00+09:00,7212.640625,7453.061979166667,6972.219270833333,7212.640625,33366,0.0,0.0
2007-02-13 00:00:00+09:00,7212.641096443966,7212.641096443966,6731.798356681034,6972.2197265625,50678,0.0,0.0
2007-02-14 00:00:00+09:00,6731.798321759259,6972.219690393518,6250.955584490741,6491.376953125,38201,0.0,0.0
2007-02-15 00:00:00+09:00,6731.798321759259,6731.798321759259,6491.376953125,6491.376953125,38201,0.0,0.0
2007-02-16 00:00:00+09:00,6250.955078125,6731.797776442308,6010.533728966346,6250.955078125,108382,0.0,0.0
2007-02-20 00:00:00+09:00,6250.955616918103,6972.2197265625,6010.534247036638,6972.2197265625,108382,0.0,0.0
2007-02-21 00:00:00+09:00,6972.2197265625,7693.483836206896,6491.376986799569,6972.2197265625,309341,0.0,0.0
2007-02-22 00:00:00+09:00,6972.2197265625,7212.641096443966,6731.798356681034,6972.2197265625,46475,0.0,0.0
2007-02-23 00:00:00+09:00,6972.219356652462,7933.90478515625,6731.797999526515,7933.90478515625,309341,0.0,0.0
2007-02-26 00:00:00+09:00,8174.326629638672,8655.169372558594,7453.062515258789,7693.48388671875,181661,0.0,0.0
2007-02-27 00:00:00+09:00,7693.483333333333,7933.904687499999,7212.640625,7212.640625,79248,0.0,0.0
2007-02-28 00:00:00+09:00,6972.2197265625,7212.641096443966,6491.376986799569,6972.2197265625,93508,0.0,0.0
2007-03-05 00:00:00+09:00,7693.483366935484,7933.904722152218,7212.640656502016,7453.06201171875,42525,0.0,0.0
2007-03-06 00:00:00+09:00,7453.061979166667,7693.483333333333,6972.219270833333,7212.640625,62114,0.0,0.0
2007-03-07 00:00:00+09:00,7212.640625,7693.483333333333,7212.640625,7212.640625,63708,0.0,0.0
2007-03-08 00:00:00+09:00,7453.061979166667,7453.061979166667,6972.219270833333,7212.640625,62114,0.0,0.0
2007-03-09 00:00:00+09:00,7212.640625,7453.061979166667,6972.219270833333,7212.640625,45465,0.0,0.0
2007-03-12 00:00:00+09:00,7453.061979166667,7453.061979166667,6972.219270833333,7212.640625,43289,0.0,0.0
2007-03-13 00:00:00+09:00,6972.219270833333,7453.061979166667,6731.797916666666,7212.640625,67157,0.0,0.0
2007-03-14 00:00:00+09:00,6972.2197265625,7212.641096443966,6731.798356681034,6972.2197265625,66133,0.0,0.0
2007-03-15 00:00:00+09:00,6972.2197265625,7453.062466325431,6731.798356681034,6972.2197265625,67157,0.0,0.0
2007-03-16 00:00:00+09:00,6972.219203404018,7212.640555245536,6731.7978515625,6731.7978515625,59250,0.0,0.0
2007-03-19 00:00:00+09:00,6731.7978515625,6972.219203404018,6491.376499720982,6731.7978515625,20907,0.0,0.0
2007-03-20 00:00:00+09:00,6972.219203404018,6972.219203404018,6731.7978515625,6731.7978515625,59250,0.0,0.0
2007-03-21 00:00:00+09:00,6731.798321759259,6972.219690393518,6491.376953125,6491.376953125,71655,0.0,0.0
2007-03-22 00:00:00+09:00,6972.2197265625,7212.641096443966,6731.798356681034,6972.2197265625,63437,0.0,0.0
2007-03-23 00:00:00+09:00,6972.219203404018,7212.640555245536,6731.7978515625,6731.7978515625,63437,0.0,0.0
2007-03-26 00:00:00+09:00,6731.7978515625,6972.219203404018,6491.376499720982,6731.7978515625,32829,0.0,0.0
2007-03-27 00:00:00+09:00,6731.798321759259,6972.219690393518,6491.376953125,6491.376953125,32829,0.0,0.0
2007-03-28 00:00:00+09:00,6731.7978515625,6972.219203404018,6491.376499720982,6731.7978515625,80906,0.0,0.0
2007-03-29 00:00:00+09:00,6731.798356681034,6972.2197265625,6491.376986799569,6972.2197265625,79031,0.0,0.0
2007-03-30 00:00:00+09:00,6972.219203404018,6972.219203404018,6491.376499720982,6731.7978515625,74810,0.0,0.0
2007-04-02 00:00:00+09:00,6731.7978515625,6972.219203404018,6731.7978515625,6731.7978515625,80906,0.0,0.0
2007-04-03 00:00:00+09:00,6731.798321759259,6972.219690393518,6250.955584490741,6491.376953125,94702,0.0,0.0
2007-04-04 00:00:00+09:00,11059.382957175925,6731.798321759259,6250.955584490741,6491.376953125,791414,0.0,0.0
2007-04-05 00:00:00+09:00,6731.798321759259,6731.798321759259,6491.376953125,6491.376953125,38122,0.0,0.0
2007-04-06 00:00:00+09:00,6491.376499720982,6731.7978515625,6491.376499720982,6731.7978515625,38482,0.0,0.0
2007-04-09 00:00:00+09:00,6731.798400878906,7693.48388671875,6491.377029418945,7693.48388671875,313696,0.0,0.0
2007-04-10 00:00:00+09:00,8174.326226128472,8655.1689453125,7933.904866536458,8655.1689453125,231911,0.0,0.0
2007-04-11 00:00:00+09:00,9376.434546493903,9857.27734375,9136.013147865853,9857.27734375,197585,0.0,0.0
2007-04-12 00:00:00+09:00,11059.383311170213,11299.8046875,10097.697805851065,11299.8046875,791414,0.0,0.0
2007-04-13 00:00:00+09:00,10818.9599609375,12742.330620659723,10578.538628472223,10818.9599609375,656410,0.0,0.0
2007-04-16 00:00:00+09:00,11059.382666015625,11540.225390625,9376.433129882813,9616.8544921875,505804,0.0,0.0
2007-04-17 00:00:00+09:00,9616.854538690475,10338.118629092261,8895.59044828869,10097.697265625,511809,0.0,0.0
2007-04-18 00:00:00+09:00,9136.01171875,10338.118523848685,9136.01171875,9136.01171875,266769,0.0,0.0
2007-04-19 00:00:00+09:00,9136.011400799418,10338.1181640625,8895.590048146802,10338.1181640625,266769,0.0,0.0
2007-04-20 00:00:00+09:00,10578.5400390625,11780.646861683239,10338.118674538353,10578.5400390625,115538,0.0,0.0
2007-04-23 00:00:00+09:00,10578.5400390625,11299.804132634943,10097.697310014204,10578.5400390625,268543,0.0,0.0
2007-04-24 00:00:00+09:00,10578.539516715116,10818.960869367733,10097.696811409884,10338.1181640625,115538,0.0,0.0
2007-04-25 00:00:00+09:00,10338.120141006098,10578.541539634147,9616.855945121952,9857.27734375,165039,0.0,0.0
2007-04-26 00:00:00+09:00,9857.27428886218,10097.69561298077,9376.431640625,9376.431640625,130839,0.0,0.0
2007-04-27 00:00:00+09:00,9376.433079769737,9616.854440789473,8895.590357730263,9136.01171875,125346,0.0,0.0
2007-04-30 00:00:00+09:00,9136.011104910714,9376.432449776785,8174.325725446428,8414.7470703125,192899,0.0,0.0
2007-05-02 00:00:00+09:00,8174.32666015625,8895.590777228861,8174.32666015625,8174.32666015625,18041,0.0,0.0
2007-05-03 00:00:00+09:00,8414.74634415064,9376.431640625,8174.325020032051,9376.431640625,304583,0.0,0.0
2007-05-04 00:00:00+09:00,8174.32666015625,8174.32666015625,8174.32666015625,8174.32666015625,18041,0.0,0.0
2007-05-07 00:00:00+09:00,7212.640656502016,7693.483366935484,6972.219301285282,7453.06201171875,697696,0.0,0.0
2007-05-08 00:00:00+09:00,7453.061979166667,8174.326041666666,6972.219270833333,7212.640625,137985,0.0,0.0
2007-05-09 00:00:00+09:00,7453.061979166667,7453.061979166667,6731.797916666666,7212.640625,137985,0.0,0.0
2007-05-10 00:00:00+09:00,6731.798356681034,7212.641096443966,6731.798356681034,6972.2197265625,147456,0.0,0.0
2007-05-11 00:00:00+09:00,6731.798356681034,6972.2197265625,6491.376986799569,6972.2197265625,133434,0.0,0.0
2007-05-14 00:00:00+09:00,6731.7978515625,6972.219203404018,6731.7978515625,6731.7978515625,139706,0.0,0.0
2007-05-15 00:00:00+09:00,6731.798356681034,7212.641096443966,6731.798356681034,6972.2197265625,147456,0.0,0.0
2007-05-16 00:00:00+09:00,6731.798321759259,6972.219690393518,6491.376953125,6491.376953125,83142,0.0,0.0
2007-05-17 00:00:00+09:00,6731.798321759259,6731.798321759259,6491.376953125,6491.376953125,93189,0.0,0.0
2007-05-18 00:00:00+09:00,6491.376953125,6731.798321759259,6250.955584490741,6491.376953125,78100,0.0,0.0
2007-05-21 00:00:00+09:00,6491.376986799569,7453.062466325431,6250.955616918103,6972.2197265625,667081,0.0,0.0
2007-05-22 00:00:00+09:00,6491.376953125,7212.641059027777,6491.376953125,6491.376953125,177894,0.0,0.0
2007-05-23 00:00:00+09:00,6491.376499720982,6972.219203404018,6491.376499720982,6731.7978515625,177894,0.0,0.0
2007-05-25 00:00:00+09:00,6731.7978515625,6972.219203404018,6491.376499720982,6731.7978515625,77602,0.0,0.0
2007-05-28 00:00:00+09:00,6731.797916666666,7212.640625,6731.797916666666,7212.640625,173856,0.0,0.0
2007-05-29 00:00:00+09:00,7212.640555245536,7453.061907087053,6731.7978515625,6731.7978515625,192993,0.0,0.0
2007-05-30 00:00:00+09:00,6491.376499720982,6972.219203404018,6491.376499720982,6731.7978515625,42445,0.0,0.0
2007-05-31 00:00:00+09:00,6731.798321759259,6972.219690393518,6491.376953125,6491.376953125,91277,0.0,0.0
2007-06-01 00:00:00+09:00,6491.376499720982,6731.7978515625,6491.376499720982,6731.7978515625,42445,0.0,0.0
2007-06-04 00:00:00+09:00,6491.376427283654,6731.797776442308,6250.955078125,6250.955078125,91185,0.0,0.0
2007-06-05 00:00:00+09:00,6491.376953125,6731.798321759259,6250.955584490741,6491.376953125,91185,0.0,0.0
2007-06-07 00:00:00+09:00,6491.376953125,6731.798321759259,6250.955584490741,6491.376953125,82041,0.0,0.0
2007-06-11 00:00:00+09:00,6731.798321759259,6731.798321759259,6250.955584490741,6491.376953125,55257,0.0,0.0
2007-06-12 00:00:00+09:00,6491.376986799569,7453.062466325431,6250.955616918103,6972.2197265625,616565,0.0,0.0
2007-06-13 00:00:00+09:00,6491.376499720982,6972.219203404018,6491.376499720982,6731.7978515625,267914,0.0,0.0
2007-06-14 00:00:00+09:00,6731.798321759259,6731.798321759259,6491.376953125,6491.376953125,67047,0.0,0.0
2007-06-15 00:00:00+09:00,6491.376953125,6731.798321759259,6250.955584490741,6491.376953125,120361,0.0,0.0
2007-06-18 00:00:00+09:00,6491.376953125,6731.798321759259,6491.376953125,6491.376953125,79897,0.0,0.0
2007-06-19 00:00:00+09:00,6491.376499720982,7212.640555245536,6491.376499720982,6731.7978515625,267914,0.0,0.0
2007-06-20 00:00:00+09:00,6731.7978515625,6972.219203404018,6491.376499720982,6731.7978515625,70646,0.0,0.0
2007-06-21 00:00:00+09:00,6972.2197265625,7453.062466325431,6731.798356681034,6972.2197265625,272752,0.0,0.0
2007-06-22 00:00:00+09:00,6972.219203404018,7212.640555245536,6731.7978515625,6731.7978515625,116109,0.0,0.0
2007-06-25 00:00:00+09:00,6731.7978515625,6972.219203404018,6731.7978515625,6731.7978515625,54071,0.0,0.0
2007-06-26 00:00:00+09:00,6731.7978515625,6972.219203404018,6491.376499720982,6731.7978515625,70646,0.0,0.0
2007-06-27 00:00:00+09:00,6491.376953125,6972.219690393518,6491.376953125,6491.376953125,32433,0.0,0.0
2007-06-28 00:00:00+09:00,6491.376953125,6731.798321759259,6491.376953125,6491.376953125,44587,0.0,0.0
2007-06-29 00:00:00+09:00,6491.376953125,6731.798321759259,6250.955584490741,6491.376953125,97110,0.0,0.0
2007-07-02 00:00:00+09:00,6491.376953125,6731.798321759259,6491.376953125,6491.376953125,32433,0.0,0.0
2007-07-03 00:00:00+09:00,6491.376953125,6731.798321759259,6250.955584490741,6491.376953125,47467,0.0,0.0
2007-07-04 00:00:00+09:00,6491.376427283654,6491.376427283654,6250.955078125,6250.955078125,47467,0.0,0.0
2007-07-05 00:00:00+09:00,6010.53369140625,6491.37638671875,6010.53369140625,6010.53369140625,46134,0.0,0.0
2007-07-06 00:00:00+09:00,6010.53369140625,6250.9550390625,6010.53369140625,6010.53369140625,39050,0.0,0.0
2007-07-09 00:00:00+09:00,6250.9550390625,6250.9550390625,5770.11234375,6010.53369140625,87408,0.0,0.0
2007-07-10 00:00:00+09:00,6010.53369140625,6250.9550390625,6010.53369140625,6010.53369140625,24883,0.0,0.0
2007-07-11 00:00:00+09:00,6010.533728966346,6491.376427283654,5770.112379807692,6250.955078125,183928,0.0,0.0
2007-07-12 00:00:00+09:00,6250.955078125,6250.955078125,6010.533728966346,6250.955078125,36932,0.0,0.0
2007-07-13 00:00:00+09:00,6250.955078125,6250.955078125,5770.112379807692,6250.955078125,70700,0.0,0.0
2007-07-16 00:00:00+09:00,6010.53369140625,6250.9550390625,6010.53369140625,6010.53369140625,46134,0.0,0.0
2007-07-18 00:00:00+09:00,6250.9550390625,6250.9550390625,5770.11234375,6010.53369140625,77199,0.0,0.0
2007-07-19 00:00:00+09:00,5529.69189453125,6010.53466796875,5529.69189453125,5770.11328125,436733,0.0,0.0
2007-07-20 00:00:00+09:00,5529.69189453125,5770.11328125,5289.2705078125,5770.11328125,98013,0.0,0.0
2007-07-23 00:00:00+09:00,5529.69091796875,6250.954950747283,5289.269573709239,5529.69091796875,436733,0.0,0.0
2007-07-24 00:00:00+09:00,5289.27001953125,5529.691384055398,5048.848655007102,5289.27001953125,154383,0.0,0.0
2007-07-25 00:00:00+09:00,5289.2699962797615,5289.2699962797615,4808.427269345238,5048.8486328125,118823,0.0,0.0
2007-07-27 00:00:00+09:00,,,,,0,0.0,0.02
2007-10-04 00:00:00+09:00,8655.169836956522,9953.4453125,8655.169836956522,9953.4453125,26395,0.0,0.0
2007-10-05 00:00:00+09:00,11444.056640625,11444.056640625,11444.056640625,11444.056640625,5623,0.0,0.0
2007-10-08 00:00:00+09:00,13127.005859375,13127.005859375,13127.005859375,13127.005859375,9538,0.0,0.0
2007-10-09 00:00:00+09:00,15050.3779296875,15050.3779296875,15050.3779296875,15050.3779296875,5520,0.0,0.0
2007-10-10 00:00:00+09:00,17262.255859375,17262.255859375,17262.255859375,17262.255859375,15362,0.0,0.0
2007-10-11 00:00:00+09:00,19810.720703125,19810.720703125,19810.720703125,19810.720703125,9241,0.0,0.0
2007-10-12 00:00:00+09:00,22743.859375,22743.859375,22743.859375,22743.859375,458373,0.0,0.0
2007-10-15 00:00:00+09:00,18464.35986328125,25677.00043487549,20676.236305236816,24619.146484375,228335,0.0,0.0
2007-10-16 00:00:00+09:00,23561.290630375574,24090.217562894206,20964.740234375,20964.740234375,782270,0.0,0.0
2007-10-17 00:00:00+09:00,18464.361185983827,20580.069238544475,17839.265625,17839.265625,228335,0.0,0.0
2007-10-18 00:00:00+09:00,17310.336248224434,18897.11707097834,16492.903703169388,16925.662109375,1247679,0.0,0.0
2007-10-19 00:00:00+09:00,16733.32689732143,17887.349441964285,14473.366080729165,15146.5458984375,780347,0.0,0.0
2007-10-22 00:00:00+09:00,13944.438400506231,16685.241810260904,13127.005804614486,15435.05078125,911200,0.0,0.0
2007-10-23 00:00:00+09:00,15579.30375,16589.0734375,13944.438541666666,14425.28125,916869,0.0,0.0
2007-10-24 00:00:00+09:00,14329.112042327426,15146.544608500468,12261.488492595616,12886.583984375,476999,0.0,0.0
2007-10-25 00:00:00+09:00,13271.258133162313,13896.3536249417,12405.741298390858,12886.583984375,393641,0.0,0.0
2007-10-26 00:00:00+09:00,13175.090247112772,13607.848685886549,12549.994724439537,13271.2587890625,427787,0.0,0.0
2007-10-29 00:00:00+09:00,13271.260018382352,13271.260018382352,11924.900306372549,12261.490234375,393187,0.0,0.0
2007-10-30 00:00:00+09:00,12069.152924196787,12646.16421937751,11636.394452811244,11972.984375,314774,0.0,0.0
2007-10-31 00:00:00+09:00,11972.982549758184,12549.993756975446,11828.729747953868,12117.2353515625,280172,0.0,0.0
2007-11-01 00:00:00+09:00,10963.213536149366,12838.50006206965,11347.8876953125,11347.8876953125,804780,0.0,0.0
2007-11-02 00:00:00+09:00,10963.214166282289,13030.837890625,10578.539985009225,13030.837890625,804780,0.0,0.0
2007-11-05 00:00:00+09:00,12646.163496009198,12646.163496009198,11107.466796875,11107.466796875,385588,0.0,0.0
2007-11-06 00:00:00+09:00,10867.046982020547,11059.384096746575,10386.204195205479,10530.45703125,231868,0.0,0.0
2007-11-07 00:00:00+09:00,10482.372358091787,10578.54091183575,9761.108205012077,9953.4453125,209988,0.0,0.0
2007-11-08 00:00:00+09:00,9761.107530908677,10434.287360626517,9568.77043670358,9905.3603515625,294633,0.0,0.0
2007-11-09 00:00:00+09:00,9953.444221047794,10193.865579044117,9607.237465533088,9809.19140625,141327,0.0,0.0
2007-11-12 00:00:00+09:00,9761.108430351307,9761.108430351307,8607.08575878268,8828.2734375,150284,0.0,0.0
2007-11-13 00:00:00+09:00,8578.23342353352,8972.524421700418,8299.344668732541,8607.083984375,125186,0.0,0.0
2007-11-14 00:00:00+09:00,8799.4218298783,9472.601642000138,8395.513942605197,8741.720703125,281915,0.0,0.0
2007-11-15 00:00:00+09:00,8789.805693247126,8799.422548491379,8241.644944324713,8366.6640625,97021,0.0,0.0
2007-11-16 00:00:00+09:00,8318.578521948066,8318.578521948066,7924.287516861511,8020.4560546875,80883,0.0,0.0
2007-11-19 00:00:00+09:00,8308.962514585764,8751.337833649359,7981.989452669194,8241.64453125,104634,0.0,0.0
2007-11-20 00:00:00+09:00,8078.1575758439785,8078.1575758439785,7693.483405565694,7905.05419921875,90141,0.0,0.0
2007-11-21 00:00:00+09:00,7905.05509620949,8491.683272448881,7712.717989245756,7789.65283203125,146343,0.0,0.0
2007-11-22 00:00:00+09:00,7616.548672958701,8155.092518521437,7597.314964188604,7626.16552734375,100175,0.0,0.0
2007-11-23 00:00:00+09:00,7616.548672958701,7953.138576435412,7539.613837878311,7626.16552734375,98056,0.0,0.0
2007-11-26 00:00:00+09:00,7635.783047120676,7885.821282920597,7549.231350113011,7645.39990234375,75375,0.0,0.0
2007-11-27 00:00:00+09:00,7645.399078076906,7924.287849478454,7029.92041015625,7029.92041015625,110504,0.0,0.0
2007-11-28 00:00:00+09:00,7058.770839900037,7154.939379953171,6568.311285629053,6674.0966796875,104952,0.0,0.0
2007-11-29 00:00:00+09:00,6683.713978612146,6789.499379712483,6424.058903184048,6616.39599609375,73437,0.0,0.0
2007-11-30 00:00:00+09:00,6645.246083434199,7145.322489134023,6491.376420141945,6827.96630859375,80946,0.0,0.0
2007-12-03 00:00:00+09:00,6943.368962944879,7145.322907850477,6712.564454481337,6924.13525390625,67130,0.0,0.0
2007-12-04 00:00:00+09:00,6924.134861680328,7164.556211044228,6847.20002988388,7039.537109375,70413,0.0,0.0
2007-12-05 00:00:00+09:00,7039.537106548481,7068.387668460565,6587.544969925832,6645.24609375,98471,0.0,0.0
2007-12-06 00:00:00+09:00,6645.246004231771,6731.797688802084,6270.188704427083,6347.12353515625,76589,0.0,0.0
2007-12-07 00:00:00+09:00,6433.675375279018,6972.219203404018,6347.123688616071,6731.7978515625,119030,0.0,0.0
2007-12-10 00:00:00+09:00,6827.966590981881,6895.284571456351,6462.526125549049,6568.3115234375,57058,0.0,0.0
2007-12-11 00:00:00+09:00,6568.311173502604,6587.544881184896,6250.954996744792,6347.12353515625,40480,0.0,0.0
2007-12-12 00:00:00+09:00,6260.571389903193,6337.506214971128,6039.383767832881,6193.25341796875,59814,0.0,0.0
2007-12-13 00:00:00+09:00,6068.235558398733,6539.461457545386,6068.235558398733,6356.7412109375,30668,0.0,0.0
2007-12-14 00:00:00+09:00,6433.675846066095,6702.947779832688,6250.955605295907,6520.2275390625,41489,0.0,0.0
2007-12-17 00:00:00+09:00,6472.142627025037,6587.544872974963,6154.786450662739,6529.84375,46261,0.0,0.0
2007-12-18 00:00:00+09:00,6549.077814730509,6606.778940851483,6347.123873307101,6568.3115234375,31252,0.0,0.0
2007-12-20 00:00:00+09:00,6558.694243632278,7549.230177787886,6481.759413794949,7020.30322265625,249690,0.0,0.0
2007-12-21 00:00:00+09:00,6972.218804958063,7010.686219054383,6664.4794921875,6664.4794921875,62953,0.0,0.0
2007-12-24 00:00:00+09:00,6731.797976168397,6731.797976168397,6395.208077359977,6481.759765625,45666,0.0,0.0
2007-12-26 00:00:00+09:00,6443.292182116194,6481.759598128829,6250.955102053024,6279.8056640625,39799,0.0,0.0
2007-12-27 00:00:00+09:00,6395.208474703786,6597.162426536537,6270.189361664464,6366.35791015625,27564,0.0,0.0
2007-12-28 00:00:00+09:00,6433.67567073664,6500.99365234375,6154.786889792899,6500.99365234375,19846,0.0,0.0
2008-01-02 00:00:00+09:00,6424.058205997242,6693.330106847427,6424.058205997242,6539.46044921875,16773,0.0,0.0
2008-01-03 00:00:00+09:00,6616.395328443878,6712.5638651945155,6452.908815967793,6597.16162109375,24456,0.0,0.0
2008-01-04 00:00:00+09:00,6693.329775758369,7231.873550819387,6587.5443913713825,6895.28369140625,64705,0.0,0.0
2008-01-07 00:00:00+09:00,7106.855822310313,7279.959211757655,6904.901867955081,7145.3232421875,65463,0.0,0.0
2008-01-08 00:00:00+09:00,7164.556822467672,7193.407386853448,6924.135452586207,6972.2197265625,26393,0.0,0.0
2008-01-09 00:00:00+09:00,6779.882052061987,7183.7899189933405,6779.882052061987,7039.537109375,30438,0.0,0.0
2008-01-10 00:00:00+09:00,7068.388265503088,7539.614149869961,6933.752298541125,7395.361328125,57260,0.0,0.0
2008-01-11 00:00:00+09:00,7587.697619345796,7683.86615698009,7039.536954830321,7049.15380859375,51445,0.0,0.0
2008-01-14 00:00:00+09:00,6876.051178609913,7404.978192349137,6876.051178609913,6972.2197265625,34911,0.0,0.0
2008-01-15 00:00:00+09:00,7116.472104279891,7404.977730129076,6520.227144191576,6635.62939453125,23493,0.0,0.0
2008-01-16 00:00:00+09:00,6356.740105879934,6683.713121916118,6337.506399054277,6395.20751953125,49130,0.0,0.0
2008-01-17 00:00:00+09:00,6481.759302587241,6722.180641703979,6327.889645552529,6510.60986328125,63794,0.0,0.0
2008-01-18 00:00:00+09:00,6443.2927008434735,6606.779232058905,6366.357862624447,6520.2275390625,14016,0.0,0.0
2008-01-21 00:00:00+09:00,6375.97412109375,6606.778614165017,6356.740413337811,6375.97412109375,14505,0.0,0.0
2008-01-22 00:00:00+09:00,6520.227750909392,6520.227750909392,5423.90627066799,5452.7568359375,71251,0.0,0.0
2008-01-23 00:00:00+09:00,5577.775752314815,5789.346556712962,5096.9330150462965,5193.1015625,29337,0.0,0.0
2008-01-24 00:00:00+09:00,5452.756480350799,5568.158733903197,5289.269954484902,5414.2890625,42300,0.0,0.0
2008-01-25 00:00:00+09:00,5520.074396769206,5577.775522867839,5260.419329325358,5539.30810546875,24150,0.0,0.0
2008-01-28 00:00:00+09:00,5558.541479279891,5558.541479279891,5385.438111413044,5529.69091796875,19333,0.0,0.0
2008-01-29 00:00:00+09:00,5491.224073679728,6356.741002981261,5452.75665459966,5645.09375,211999,0.0,0.0
2008-01-30 00:00:00+09:00,5760.495608093918,5760.495608093918,5298.886611118111,5366.20458984375,28453,0.0,0.0
2008-01-31 00:00:00+09:00,5558.542061324668,5558.542061324668,5096.933032010509,5433.52294921875,9248,0.0,0.0
2008-02-01 00:00:00+09:00,5356.5881109997235,5500.840932660398,5356.5881109997235,5433.52294921875,10860,0.0,0.0
2008-02-04 00:00:00+09:00,5423.905724676724,5760.4956189385775,5423.905724676724,5577.775390625,14670,0.0,0.0
2008-02-05 00:00:00+09:00,5635.4765021781095,5923.982125156511,5481.606836589628,5760.49560546875,23634,0.0,0.0
2008-02-11 00:00:00+09:00,5760.496333661417,6616.3964566929135,5625.8603592519685,6106.703125,219170,0.0,0.0
2008-02-12 00:00:00+09:00,6250.955457047968,6808.733020907633,6154.786911554922,6741.4150390625,131839,0.0,0.0
2008-02-13 00:00:00+09:00,6818.34996213329,7655.016318558673,6462.526339285714,7068.38818359375,144332,0.0,0.0
2008-02-14 00:00:00+09:00,7183.790439652424,7885.82083067602,6635.629723373724,7068.38818359375,363781,0.0,0.0
2008-02-15 00:00:00+09:00,6847.200241556407,7741.567688838353,6722.181136022371,6904.9013671875,216018,0.0,0.0
2008-02-18 00:00:00+09:00,6904.9015434724215,6952.985816059277,6443.292526638611,6712.564453125,94160,0.0,0.0
2008-02-19 00:00:00+09:00,6722.181723035337,7308.809884845288,6404.825504351265,6837.583984375,239260,0.0,0.0
2008-02-20 00:00:00+09:00,6779.881789263557,6895.284032485064,6539.46044921875,6539.46044921875,51033,0.0,0.0
2008-02-21 00:00:00+09:00,6664.480026572559,6895.284529657323,6462.526086373391,6722.18115234375,79971,0.0,0.0
2008-02-22 00:00:00+09:00,6645.246358265465,6722.18119309343,6414.44185378157,6568.3115234375,33617,0.0,0.0
2008-02-25 00:00:00+09:00,6549.078103394635,6597.1623772815265,6356.741007847068,6520.2275390625,35994,0.0,0.0
2008-02-26 00:00:00+09:00,6510.609917698136,6510.609917698136,6250.954869281815,6385.5908203125,19819,0.0,0.0
2008-02-27 00:00:00+09:00,6443.292073567709,6520.226904296876,6299.039265950521,6347.12353515625,34459,0.0,0.0
2008-02-28 00:00:00+09:00,6443.292364921279,6443.292364921279,6299.03955078125,6299.03955078125,21589,0.0,0.0
2008-02-29 00:00:00+09:00,6299.039217047735,6347.123485880161,6154.786410550459,6289.42236328125,12420,0.0,0.0
2008-03-03 00:00:00+09:00,6241.33778637657,6241.33778637657,6020.150160665227,6125.935546875,22350,0.0,0.0
2008-03-04 00:00:00+09:00,6125.936835629921,6250.955954724409,5952.833439960629,6106.703125,17129,0.0,0.0
2008-03-05 00:00:00+09:00,6106.701840291405,6202.87037320938,5895.13106787186,6125.935546875,29704,0.0,0.0
2008-03-06 00:00:00+09:00,6125.936128448815,6433.675463001974,6077.851857424885,6241.33837890625,29851,0.0,0.0
2008-03-07 00:00:00+09:00,6250.955584490741,6674.097193287037,6154.7870370370365,6491.376953125,57019,0.0,0.0
2008-03-10 00:00:00+09:00,6539.460529384329,6539.460529384329,6250.954917793843,6443.2919921875,24732,0.0,0.0
2008-03-11 00:00:00+09:00,6395.207593513258,7020.303072578463,6347.123325892857,6664.4794921875,110539,0.0,0.0
2008-03-12 00:00:00+09:00,6827.967069232883,7655.0166015625,6510.610853338961,7655.0166015625,294582,0.0,0.0
2008-03-13 00:00:00+09:00,7347.2771025273905,7693.483876992032,6943.369198985309,7241.49169921875,269746,0.0,0.0
2008-03-14 00:00:00+09:00,7308.809431629068,7356.893704205575,6347.123980098927,6500.99365234375,100038,0.0,0.0
2008-03-17 00:00:00+09:00,6558.694626997659,6558.694626997659,5866.281117989109,5904.74853515625,64116,0.0,0.0
2008-03-18 00:00:00+09:00,5885.514263446515,6068.234477507763,5702.794049385267,6000.91650390625,35410,0.0,0.0
2008-03-19 00:00:00+09:00,6039.385077625799,6481.760417706669,5943.2165254343045,6020.1513671875,65729,0.0,0.0
2008-03-20 00:00:00+09:00,6020.151059393049,6068.235333030373,5798.963400661355,5827.81396484375,35905,0.0,0.0
2008-03-21 00:00:00+09:00,5943.215952323392,5943.215952323392,5770.1125750712545,5904.74853515625,38998,0.0,0.0
2008-03-24 00:00:00+09:00,5866.2809404360705,5962.449480443219,5818.196670432496,5885.5146484375,21962,0.0,0.0
2008-03-25 00:00:00+09:00,5933.599051224558,5962.449613872327,5827.813654849404,5847.04736328125,30383,0.0,0.0
2008-03-26 00:00:00+09:00,5818.19681630677,5856.664233274088,5664.3271484375,5664.3271484375,47914,0.0,0.0
2008-03-27 00:00:00+09:00,5693.17769582648,6010.533884951943,5568.15859101948,5847.04736328125,33689,0.0,0.0
2008-03-28 00:00:00+09:00,5847.046900572832,5904.748021302169,5731.644659114158,5875.8974609375,20406,0.0,0.0
2008-03-31 00:00:00+09:00,5837.430502305229,6606.778838688126,5837.430502305229,6241.33837890625,62273,0.0,0.0
2008-04-01 00:00:00+09:00,6250.955544520382,6279.806108572015,6116.319578946097,6222.10498046875,19290,0.0,0.0
2008-04-02 00:00:00+09:00,6279.805748353664,6375.974289676079,6174.020352899008,6183.63720703125,26808,0.0,0.0
2008-04-03 00:00:00+09:00,6241.338664919831,6683.713978612146,6125.93640917401,6616.39599609375,54310,0.0,0.0
2008-04-04 00:00:00+09:00,6452.909232078192,7078.004761266095,6452.909232078192,6722.18115234375,60858,0.0,0.0
2008-04-07 00:00:00+09:00,6837.583932658828,7308.8098295649925,6799.116512503224,6991.45361328125,121594,0.0,0.0
2008-04-08 00:00:00+09:00,6972.2192617563105,7183.790053147536,6702.947345440204,7001.06982421875,79863,0.0,0.0
2008-04-10 00:00:00+09:00,,,,,0,0.0,25.0
2008-04-28 00:00:00+09:00,8054.115234375,8054.115234375,8054.115234375,8054.115234375,39113,0.0,0.0
2008-04-29 00:00:00+09:00,9256.222801208496,9256.222801208496,6852.009086608887,7693.48388671875,940910,0.0,0.0
2008-04-30 00:00:00+09:00,7741.5674096595785,7741.5674096595785,6587.544938654424,6996.26123046875,302701,0.0,0.0
2008-05-02 00:00:00+09:00,6996.261909484863,8030.073806762695,6827.966949462891,7693.48388671875,291315,0.0,0.0
2008-05-06 00:00:00+09:00,8054.116159462067,8414.748226303653,7837.736919357116,7981.98974609375,168461,0.0,0.0
2008-05-07 00:00:00+09:00,8078.157778532609,8102.199914778242,7549.230781128688,7741.56787109375,90246,0.0,0.0
2008-05-08 00:00:00+09:00,7573.272886884974,7957.947065266433,7573.272886884974,7909.86279296875,89539,0.0,0.0
2008-05-09 00:00:00+09:00,7909.863161129692,7933.9052983975635,7212.641180361422,7525.18896484375,150110,0.0,0.0
2008-05-13 00:00:00+09:00,7068.387719131098,7284.766935022866,6803.924233041158,6900.0927734375,139273,0.0,0.0
2008-05-14 00:00:00+09:00,6900.092543872435,6900.092543872435,6299.039186392258,6443.2919921875,188257,0.0,0.0
2008-05-15 00:00:00+09:00,6347.123252467105,6491.376053659539,6274.996851870888,6395.20751953125,81429,0.0,0.0
2008-05-16 00:00:00+09:00,6347.12370300293,6395.207973480225,6010.533809661865,6154.78662109375,84879,0.0,0.0
2008-05-19 00:00:00+09:00,6130.74482839859,6563.503286873784,5962.449872324903,6178.8291015625,54989,0.0,0.0
2008-05-20 00:00:00+09:00,6250.955307904412,6274.997443704044,5697.986184512867,5722.0283203125,69678,0.0,0.0
2008-05-21 00:00:00+09:00,5625.859577760858,5866.280927237818,5481.606768074683,5673.94384765625,70382,0.0,0.0
2008-05-22 00:00:00+09:00,5673.944726562499,5794.155419921874,5505.649755859375,5770.11328125,20906,0.0,0.0
2008-05-23 00:00:00+09:00,5794.154841188525,5938.407658811476,5673.944159836065,5866.28125,40965,0.0,0.0
2008-05-26 00:00:00+09:00,5890.323301373106,5962.449709145021,5553.7333984375,5553.7333984375,29976,0.0,0.0
2008-05-27 00:00:00+09:00,5553.73389279694,5938.408101821837,5481.607478604772,5794.1552734375,34997,0.0,0.0
2008-05-28 00:00:00+09:00,6058.617875339673,6659.671235988451,5481.606649116848,5529.69091796875,613891,0.0,0.0
2008-05-29 00:00:00+09:00,5673.943931842672,5722.028202451508,5409.480443494073,5577.775390625,101757,0.0,0.0
2008-05-30 00:00:00+09:00,5673.943896044482,5673.943896044482,5193.101192989865,5337.35400390625,144127,0.0,0.0
2008-06-02 00:00:00+09:00,5289.270558245305,5289.270558245305,5072.89130813527,5120.9755859375,84771,0.0,0.0
2008-06-03 00:00:00+09:00,5096.932789522059,5120.974925321691,4808.42715992647,4904.595703125,69657,0.0,0.0
2008-06-04 00:00:00+09:00,4904.595730505257,5265.227769512996,4856.5114586375585,5145.01708984375,100709,0.0,0.0
2008-06-05 00:00:00+09:00,5145.017031990521,5169.059167654028,4952.679946682464,5072.890625,28364,0.0,0.0
2008-06-09 00:00:00+09:00,5048.848517922794,5048.848517922794,4856.511431525735,4904.595703125,26080,0.0,0.0
2008-06-10 00:00:00+09:00,4904.596338131158,4976.72275486838,4736.301365744304,4880.55419921875,59994,0.0,0.0
2008-06-11 00:00:00+09:00,4832.469382324219,4880.553654785156,4736.300837402344,4808.42724609375,33589,0.0,0.0
2008-06-12 00:00:00+09:00,4736.300837402344,4832.469382324219,4640.132292480469,4808.42724609375,32540,0.0,0.0
2008-06-13 00:00:00+09:00,4808.426900125628,4856.511169126884,4616.089824120603,4784.384765625,46216,0.0,0.0
2008-06-16 00:00:00+09:00,4784.384703344228,4832.468971719547,4688.216166593591,4712.25830078125,21320,0.0,0.0
2008-06-17 00:00:00+09:00,4471.8376942510195,4688.21693752123,4351.627003545346,4423.75341796875,32644,0.0,0.0
2008-06-18 00:00:00+09:00,4471.83740234375,4543.963812058972,4399.710992628528,4471.83740234375,32644,0.0,0.0
2008-06-19 00:00:00+09:00,4423.753272804054,4495.879684860642,4375.6689980996625,4447.79541015625,27629,0.0,0.0
2008-06-20 00:00:00+09:00,4471.837140668163,4519.921410997928,4327.584329678867,4351.62646484375,39925,0.0,0.0
2008-06-23 00:00:00+09:00,4351.626210590791,4351.626210590791,3702.4885990661983,4063.12060546875,176236,0.0,0.0
2008-06-24 00:00:00+09:00,4063.121773346126,4399.711742735745,4015.0374920047516,4111.2060546875,77925,0.0,0.0
2008-06-25 00:00:00+09:00,4231.4159591763,4543.963728888186,4135.247414649566,4159.28955078125,103547,0.0,0.0
2008-06-26 00:00:00+09:00,4279.5010393823095,4279.5010393823095,4111.2060546875,4111.2060546875,31306,0.0,0.0
2008-06-27 00:00:00+09:00,4063.120935428504,4159.289478278883,3774.6153068773674,3966.952392578125,51918,0.0,0.0
2008-06-30 00:00:00+09:00,3966.952735257436,4159.289837572948,3846.7420463102408,3990.994873046875,15063,0.0,0.0
2008-07-01 00:00:00+09:00,3990.994873046875,4279.500526520143,3894.826321889119,3990.994873046875,75504,0.0,0.0
2008-07-02 00:00:00+09:00,3990.994437370511,4351.62646484375,3750.573085721685,4351.62646484375,89490,0.0,0.0
2008-07-03 00:00:00+09:00,4087.163330078125,4447.7953886144305,3846.7419577205883,4087.163330078125,53916,0.0,0.0
2008-07-04 00:00:00+09:00,4183.331400669643,4327.584207589285,4111.204997209821,4207.37353515625,28854,0.0,0.0
2008-07-07 00:00:00+09:00,4303.542279087218,4303.542279087218,3990.994515801554,4255.4580078125,15167,0.0,0.0
2008-07-08 00:00:00+09:00,4303.542477256374,4880.55375912315,3630.3626484118013,3654.40478515625,1551723,0.0,0.0
2008-07-09 00:00:00+09:00,3702.4887729698503,3870.7837171957526,3413.983154296875,3413.983154296875,201666,0.0,0.0
2008-07-10 00:00:00+09:00,3413.983196149554,3413.983196149554,3173.5618443080357,3365.89892578125,159922,0.0,0.0
2008-07-11 00:00:00+09:00,3413.9834974595715,3534.194183989838,3317.8149482353583,3438.025634765625,86114,0.0,0.0
2008-07-14 00:00:00+09:00,3365.8988845180456,3486.1095589651186,3341.856749628631,3413.983154296875,62597,0.0,0.0
2008-07-15 00:00:00+09:00,3582.278308444553,3558.2361721462676,3365.899081759983,3462.067626953125,71812,0.0,0.0
2008-07-16 00:00:00+09:00,3582.278308444553,3654.4047173394097,3413.9833543565537,3462.067626953125,71812,0.0,0.0
2008-07-17 00:00:00+09:00,3510.1521044598508,3774.6156191794284,3462.0678290562914,3630.36279296875,87767,0.0,0.0
2008-07-18 00:00:00+09:00,3654.404583333333,3726.5309895833334,3486.1096354166666,3606.3203125,38659,0.0,0.0
2008-07-21 00:00:00+09:00,3702.4888541666664,3702.4888541666664,3510.151770833333,3606.3203125,31930,0.0,0.0
2008-07-22 00:00:00+09:00,3630.362638512436,3654.4047751913263,3534.194091796875,3534.194091796875,37988,0.0,0.0
2008-07-23 00:00:00+09:00,3534.193962545956,3918.8681353400734,3534.193962545956,3678.44677734375,101475,0.0,0.0
2008-07-24 00:00:00+09:00,3702.4888286226114,3870.7837753781846,3678.4466933718154,3774.615234375,52573,0.0,0.0
2008-07-25 00:00:00+09:00,3798.65776179387,3798.65776179387,3558.236384465144,3750.573486328125,50293,0.0,0.0
2008-07-28 00:00:00+09:00,3774.6151540871438,3774.6151540871438,3582.278076171875,3582.278076171875,39508,0.0,0.0
2008-07-29 00:00:00+09:00,3534.194137257543,3654.4048221982757,3462.0677262931035,3486.10986328125,57804,0.0,0.0
2008-07-30 00:00:00+09:00,3462.0677262931035,3534.194137257543,3389.9413153286637,3486.10986328125,67911,0.0,0.0
2008-07-31 00:00:00+09:00,3486.109827945107,3990.9946995785363,3389.941280967311,3654.40478515625,375134,0.0,0.0
2008-08-01 00:00:00+09:00,3510.1518995496963,3750.5732625325522,3462.067626953125,3462.067626953125,118800,0.0,0.0
2008-08-04 00:00:00+09:00,3462.067466517857,3534.1938720703124,3245.688249860491,3365.89892578125,53046,0.0,0.0
2008-08-05 00:00:00+09:00,3293.772705078125,3413.98338774521,3269.730568544708,3293.772705078125,29637,0.0,0.0
2008-08-06 00:00:00+09:00,3341.85693359375,3413.983342232464,3269.730524955036,3341.85693359375,24250,0.0,0.0
2008-08-07 00:00:00+09:00,3293.7723586138554,3413.983028636259,3221.6459566004137,3269.730224609375,52453,0.0,0.0
2008-08-08 00:00:00+09:00,3173.561688591452,3365.8987606272976,3101.43528657801,3269.730224609375,87277,0.0,0.0
2008-08-11 00:00:00+09:00,3582.27851756519,3750.573481477649,3413.9835536527316,3630.36279296875,710820,0.0,0.0
2008-08-12 00:00:00+09:00,3510.151922052557,4111.2053333629265,3389.941239790483,3702.489013671875,761184,0.0,0.0
2008-08-13 00:00:00+09:00,3654.4048221982757,3654.4048221982757,3462.0677262931035,3486.10986328125,109560,0.0,0.0
2008-08-14 00:00:00+09:00,3486.1099093777316,3510.152046683785,3438.025634765625,3438.025634765625,41138,0.0,0.0
2008-08-18 00:00:00+09:00,3510.1516938545333,3510.1516938545333,3413.983154296875,3413.983154296875,35882,0.0,0.0
2008-08-19 00:00:00+09:00,3389.941103727921,3438.0253747027855,3293.772561778193,3317.814697265625,49205,0.0,0.0
2008-08-20 00:00:00+09:00,3317.814697265625,3413.983239215353,3269.730426290761,3317.814697265625,28582,0.0,0.0
2008-08-21 00:00:00+09:00,3317.8145751953125,3365.898844401042,3173.561767578125,3173.561767578125,45598,0.0,0.0
2008-08-22 00:00:00+09:00,3125.4775390625,3173.5618088942306,3005.266864483173,3125.4775390625,38907,0.0,0.0
2008-08-25 00:00:00+09:00,3221.6461824606395,3365.898996600668,3125.4776397006203,3149.519775390625,33692,0.0,0.0
2008-08-26 00:00:00+09:00,3077.3933683206105,3221.6461824606395,3053.351232630606,3149.519775390625,20174,0.0,0.0
2008-08-27 00:00:00+09:00,3221.6461219787598,3221.6461219787598,3029.30904006958,3077.393310546875,37036,0.0,0.0
2008-08-28 00:00:00+09:00,2981.224853515625,3101.435533092868,2981.224853515625,2981.224853515625,29837,0.0,0.0
2008-08-29 00:00:00+09:00,2836.9721759082827,3101.435683831936,2933.1407242441564,2957.182861328125,72136,0.0,0.0
2008-09-01 00:00:00+09:00,2836.97208891369,3005.267043340774,2524.42431640625,2524.42431640625,72136,0.0,0.0
2008-09-02 00:00:00+09:00,2524.424507691688,2572.508784028673,2211.876711501289,2332.08740234375,50592,0.0,0.0
2008-09-03 00:00:00+09:00,2332.0873171248527,2596.5508273142686,2308.0451798349054,2548.466552734375,31343,0.0,0.0
2008-09-04 00:00:00+09:00,2668.6771022251673,2716.7613743373327,2548.4664219447545,2692.71923828125,25731,0.0,0.0
2008-09-05 00:00:00+09:00,2668.6770187904094,2788.8876953125,2380.171395137392,2788.8876953125,25076,0.0,0.0
2008-09-08 00:00:00+09:00,2668.6769791942534,2909.098328671213,2644.6348442465573,2836.971923828125,31037,0.0,0.0
2008-09-09 00:00:00+09:00,2788.8876953125,2885.056236530172,2620.5927481815734,2788.8876953125,19149,0.0,0.0
2008-09-10 00:00:00+09:00,2788.8876953125,2812.929830616918,2620.5927481815734,2788.8876953125,19149,0.0,0.0
2008-09-11 00:00:00+09:00,2788.8875534188032,2909.098223824786,2740.80328525641,2812.9296875,23112,0.0,0.0
2008-09-12 00:00:00+09:00,2812.929888556985,2981.2248391544117,2812.929888556985,2861.01416015625,19697,0.0,0.0
2008-09-16 00:00:00+09:00,2692.7193764740564,2692.7193764740564,2524.4244154444277,2548.466552734375,28514,0.0,0.0
2008-09-17 00:00:00+09:00,2572.508517081277,2836.972009491502,2572.508517081277,2740.803466796875,26495,0.0,0.0
2008-09-18 00:00:00+09:00,2620.592529296875,2692.71892918578,2428.255462926462,2620.592529296875,22746,0.0,0.0
2008-09-19 00:00:00+09:00,2692.7191540948274,3005.2669130522627,2572.508477572737,2788.8876953125,48194,0.0,0.0
2008-09-22 00:00:00+09:00,2716.7612490896454,2933.140463618909,2716.7612490896454,2836.971923828125,16183,0.0,0.0
2008-09-23 00:00:00+09:00,2885.05608974359,2885.05608974359,2692.719017094017,2812.9296875,11351,0.0,0.0
2008-09-24 00:00:00+09:00,2740.8033840373414,2885.056193723517,2740.8033840373414,2836.971923828125,6987,0.0,0.0
2008-09-25 00:00:00+09:00,2836.971965921336,2981.2247777478447,2788.8876953125,2788.8876953125,18531,0.0,0.0
2008-09-26 00:00:00+09:00,2885.0563616071427,2885.0563616071427,2380.1714983258926,2524.42431640625,87938,0.0,0.0
2008-09-29 00:00:00+09:00,2644.635009765625,2692.7192826704545,2596.5507368607955,2644.635009765625,18223,0.0,0.0
2008-09-30 00:00:00+09:00,2476.3399363550648,2812.929830616918,2476.3399363550648,2788.8876953125,19567,0.0,0.0
2008-10-01 00:00:00+09:00,2885.056640625,3005.267333984375,2812.930224609375,2885.056640625,29456,0.0,0.0
2008-10-02 00:00:00+09:00,2933.1404597355768,3125.4775390625,2933.1404597355768,3125.4775390625,40813,0.0,0.0
2008-10-06 00:00:00+09:00,3197.603822595933,3510.151564654182,3125.4774205824906,3269.730224609375,109701,0.0,0.0
2008-10-07 00:00:00+09:00,3341.8570240162035,3438.0255714699074,3149.519929108796,3245.6884765625,75971,0.0,0.0
2008-10-08 00:00:00+09:00,3245.688720703125,3269.730859375,2764.845947265625,2885.056640625,39379,0.0,0.0
2008-10-09 00:00:00+09:00,2836.9723632812497,3125.47802734375,2740.80380859375,2885.056640625,25346,0.0,0.0
2008-10-10 00:00:00+09:00,2885.0564332134954,2885.0564332134954,2452.2979682314713,2716.761474609375,41035,0.0,0.0
2008-10-13 00:00:00+09:00,2740.8033840373414,2981.224733514301,2740.8033840373414,2836.971923828125,21715,0.0,0.0
2008-10-14 00:00:00+09:00,2909.0986328125,2981.225045196281,2788.8879455061983,2909.0986328125,53200,0.0,0.0
2008-10-15 00:00:00+09:00,2957.1826424434266,2957.1826424434266,2788.8876953125,2788.8876953125,19810,0.0,0.0
2008-10-16 00:00:00+09:00,2692.7192578125,2692.7192578125,2404.213623046875,2404.213623046875,38027,0.0,0.0
2008-10-17 00:00:00+09:00,2428.255657157513,2572.5084684738003,2380.17138671875,2380.17138671875,43710,0.0,0.0
2008-10-20 00:00:00+09:00,2404.213418765944,2476.3398213289224,2115.7078085140306,2356.129150390625,29844,0.0,0.0
2008-10-21 00:00:00+09:00,2428.255657157513,2452.297792376894,2284.002845841225,2380.17138671875,35629,0.0,0.0
2008-10-22 00:00:00+09:00,2284.0029418945314,2524.4243041992186,2259.9608056640623,2404.213623046875,41078,0.0,0.0
2008-10-23 00:00:00+09:00,2211.876708984375,2356.129537831182,2043.5817419964335,2211.876708984375,46782,0.0,0.0
2008-10-24 00:00:00+09:00,2211.8767862440664,2259.961064205894,1899.3289794921875,1899.3289794921875,46782,0.0,0.0
2008-10-27 00:00:00+09:00,1971.4552628800677,1971.4552628800677,1634.8653399493244,1779.1181640625,29884,0.0,0.0
2008-10-28 00:00:00+09:00,1851.244529322574,1851.244529322574,1586.7810251336348,1827.202392578125,38138,0.0,0.0
2008-10-29 00:00:00+09:00,1875.286713471284,2019.5395375844596,1731.0338893581081,1779.1181640625,51604,0.0,0.0
2008-10-30 00:00:00+09:00,1875.2867043887868,2043.5816650390625,1875.2867043887868,2043.5816650390625,51604,0.0,0.0
2008-10-31 00:00:00+09:00,2452.2977294921875,2332.0870564778647,2019.539306640625,2308.044921875,60113,0.0,0.0
2008-11-03 00:00:00+09:00,2452.297918146307,2644.635009765625,2452.297918146307,2644.635009765625,60113,0.0,0.0
2008-11-04 00:00:00+09:00,2957.1827348981583,2981.224870954241,2692.71923828125,2692.71923828125,207370,0.0,0.0
2008-11-05 00:00:00+09:00,2885.0564332134954,2957.182844043833,2620.5929268355917,2716.761474609375,168319,0.0,0.0
2008-11-06 00:00:00+09:00,2428.2559550177193,2476.3402313547035,2332.08740234375,2332.08740234375,111019,0.0,0.0
2008-11-07 00:00:00+09:00,2163.7922219669117,2452.2978515625,1995.4972713694854,2452.2978515625,97731,0.0,0.0
2008-11-10 00:00:00+09:00,2524.424198035038,2620.592738912563,2332.0871162799876,2380.17138671875,59682,0.0,0.0
2008-11-11 00:00:00+09:00,2380.1714868164063,2428.2557592773437,2235.9186694335935,2404.213623046875,27701,0.0,0.0
2008-11-12 00:00:00+09:00,2404.213418765944,2428.2555529536035,2235.918479452328,2356.129150390625,34627,0.0,0.0
2008-11-13 00:00:00+09:00,2187.83447265625,2308.045157967033,2163.7923355940934,2187.83447265625,29940,0.0,0.0
2008-11-14 00:00:00+09:00,2284.0028283951133,2380.171368538065,2139.750018180685,2259.960693359375,27609,0.0,0.0
2008-11-17 00:00:00+09:00,2356.1291910807295,2356.1291910807295,2187.8342488606772,2308.044921875,15712,0.0,0.0
2008-11-18 00:00:00+09:00,2259.9608377436157,2284.0029743153564,2163.7922914566534,2235.918701171875,25117,0.0,0.0
2008-11-19 00:00:00+09:00,2235.918644205729,2259.9607801649304,2043.581556532118,2163.792236328125,26533,0.0,0.0
2008-11-20 00:00:00+09:00,2067.623794555664,2211.8766174316406,1875.2866973876953,1923.3709716796875,30172,0.0,0.0
2008-11-21 00:00:00+09:00,1875.2868390764509,2067.6239507765995,1755.0761442638577,2019.5396728515625,18127,0.0,0.0
2008-11-24 00:00:00+09:00,2067.6238998601466,2211.8767300829472,1923.3710696373455,1947.4132080078125,16698,0.0,0.0
2008-11-25 00:00:00+09:00,2235.918844288793,2235.918844288793,1995.4974631824712,2091.666015625,38262,0.0,0.0
2008-11-26 00:00:00+09:00,2115.707763671875,2187.8341647061434,2019.539228959517,2115.707763671875,15918,0.0,0.0
2008-11-27 00:00:00+09:00,2163.7921142578125,2308.044921875,2115.7078450520835,2308.044921875,60718,0.0,0.0
2008-11-28 00:00:00+09:00,2404.2135959201387,2524.424275716146,2067.6236924913196,2163.792236328125,136103,0.0,0.0
2008-12-01 00:00:00+09:00,2163.7924299568963,2163.7924299568963,2043.5817394037356,2091.666015625,25561,0.0,0.0
2008-12-02 00:00:00+09:00,1971.4553949265253,2067.6239507765995,1947.4132559640066,2019.5396728515625,24430,0.0,0.0
2008-12-03 00:00:00+09:00,2091.665883134051,2163.7922928972944,1971.4552001953125,1971.4552001953125,20342,0.0,0.0
2008-12-04 00:00:00+09:00,1995.4973367830603,2067.6237465463037,1971.4552001953125,1971.4552001953125,36252,0.0,0.0
2008-12-05 00:00:00+09:00,2043.5816099585556,2043.5816099585556,1923.3709270198171,1971.4552001953125,21759,0.0,0.0
2008-12-08 00:00:00+09:00,1971.4552533318015,2091.66593951057,1971.4552533318015,2043.5816650390625,41347,0.0,0.0
2008-12-09 00:00:00+09:00,2067.6237465463037,2067.6237465463037,1947.413063607565,1971.4552001953125,32143,0.0,0.0
2008-12-10 00:00:00+09:00,1995.4974365234375,2091.6659876811937,1947.4131609445594,1995.4974365234375,30951,0.0,0.0
2008-12-11 00:00:00+09:00,1995.4975338890438,2043.581811814081,1971.4553949265253,2019.5396728515625,43269,0.0,0.0
2008-12-12 00:00:00+09:00,2019.5395053597383,2091.6659162654432,1971.4552314226019,2067.623779296875,43168,0.0,0.0
2008-12-15 00:00:00+09:00,2019.5394205729167,2259.9607801649304,2019.5394205729167,2163.792236328125,119069,0.0,0.0
2008-12-16 00:00:00+09:00,2163.7922914566534,2235.918701171875,2115.708018313172,2235.918701171875,30196,0.0,0.0
2008-12-17 00:00:00+09:00,2235.9190495523176,2332.087610823385,2091.6662076457164,2139.75048828125,37540,0.0,0.0
2008-12-18 00:00:00+09:00,2163.792236328125,2211.876508246528,2067.6236924913196,2163.792236328125,22657,0.0,0.0
2008-12-19 00:00:00+09:00,2163.7923355940934,2284.0030209048764,2115.70806146978,2187.83447265625,57544,0.0,0.0
2008-12-22 00:00:00+09:00,2211.876508246528,2284.002916124132,2139.7501003689235,2163.792236328125,32197,0.0,0.0
2008-12-23 00:00:00+09:00,2187.8344884535845,2187.8344884535845,2043.5816650390625,2043.5816650390625,25131,0.0,0.0
2008-12-24 00:00:00+09:00,2115.7080767463235,2163.792351217831,2019.5395278033088,2043.5816650390625,34156,0.0,0.0
2008-12-26 00:00:00+09:00,2091.6656299937854,2115.707763671875,1971.454961603338,2115.707763671875,17205,0.0,0.0
2008-12-29 00:00:00+09:00,2115.7083479634834,2235.9190495523176,2067.6240673279494,2139.75048828125,25103,0.0,0.0
2008-12-30 00:00:00+09:00,2187.8343722873265,2211.876508246528,2091.6658284505206,2163.792236328125,50767,0.0,0.0
2009-01-02 00:00:00+09:00,2187.834568067529,2211.876706178161,2091.666015625,2091.666015625,24696,0.0,0.0
2009-01-05 00:00:00+09:00,2259.960985266644,2284.0031234077787,2091.6660182787023,2211.876708984375,167334,0.0,0.0
2009-01-06 00:00:00+09:00,2259.960816592262,2524.42431640625,2187.834407552083,2524.42431640625,167334,0.0,0.0
2009-01-07 00:00:00+09:00,2620.5926148504273,2885.05608974359,2596.550480769231,2812.9296875,298659,0.0,0.0
2009-01-08 00:00:00+09:00,2716.7614191228695,2740.803555575284,2500.3821910511365,2644.635009765625,108827,0.0,0.0
2009-01-09 00:00:00+09:00,2668.6771022251673,2812.929918561663,2644.6349661690847,2692.71923828125,75510,0.0,0.0
2009-01-12 00:00:00+09:00,2740.803324558424,2885.0561311141305,2668.6769212805707,2764.845458984375,84964,0.0,0.0
2009-01-13 00:00:00+09:00,2764.8456464494975,2885.056326729911,2644.6349661690847,2692.71923828125,49504,0.0,0.0
2009-01-14 00:00:00+09:00,2644.635009765625,2668.6771462180395,2404.213645241477,2644.635009765625,107716,0.0,0.0
2009-01-15 00:00:00+09:00,2572.5085890997025,2644.6349981398807,2452.2979073660713,2524.42431640625,38946,0.0,0.0
2009-01-16 00:00:00+09:00,2644.6346625931765,2644.6346625931765,2524.4239961116687,2620.592529296875,35380,0.0,0.0
2009-01-19 00:00:00+09:00,2620.59287331321,2740.803555575284,2596.5507368607955,2644.635009765625,38335,0.0,0.0
2009-01-20 00:00:00+09:00,2644.635009765625,2692.7192826704545,2548.466463955966,2644.635009765625,44204,0.0,0.0
2009-01-21 00:00:00+09:00,2644.635009765625,2716.7614191228695,2596.5507368607955,2644.635009765625,44204,0.0,0.0
2009-01-22 00:00:00+09:00,2500.3818628153667,2836.971728963589,2620.592529296875,2620.592529296875,154897,0.0,0.0
2009-01-23 00:00:00+09:00,2500.3822034610216,2548.4664766045025,2235.918701171875,2235.918701171875,154897,0.0,0.0
2009-01-28 00:00:00+09:00,2308.0449412128714,2500.3820196472775,2259.96067160427,2428.255615234375,36910,0.0,0.0
2009-01-29 00:00:00+09:00,2524.4243041992186,2548.4664404296873,2332.087214355469,2404.213623046875,26381,0.0,0.0
2009-01-30 00:00:00+09:00,2356.129150390625,2500.3819555165815,2235.918479452328,2356.129150390625,43284,0.0,0.0
2009-02-02 00:00:00+09:00,2308.044981060606,2428.255657157513,2308.044981060606,2380.17138671875,39951,0.0,0.0
2009-02-03 00:00:00+09:00,2404.213521938131,2404.213521938131,2308.044981060606,2380.17138671875,28601,0.0,0.0
2009-02-04 00:00:00+09:00,2404.2134804300745,2452.297750038676,2332.087076017172,2428.255615234375,33486,0.0,0.0
2009-02-05 00:00:00+09:00,2428.2557157628676,2500.382123161765,2356.1293083639707,2452.2978515625,42537,0.0,0.0
2009-02-06 00:00:00+09:00,2500.38216796875,2500.38216796875,2332.087214355469,2404.213623046875,54372,0.0,0.0
2009-02-09 00:00:00+09:00,2284.0029418945314,2524.4243041992186,2284.0029418945314,2404.213623046875,72825,0.0,0.0
2009-02-10 00:00:00+09:00,2404.213816849227,2452.2980931862116,2308.0452641752577,2332.08740234375,73539,0.0,0.0
2009-02-11 00:00:00+09:00,2308.045078125,2428.2557592773437,2259.9608056640623,2404.213623046875,36229,0.0,0.0
2009-02-12 00:00:00+09:00,2380.1714695521764,2764.8456464494975,2356.1293334960938,2692.71923828125,147036,0.0,0.0
2009-02-13 00:00:00+09:00,2740.803466796875,2788.8877381441885,2548.4663814076207,2740.803466796875,81289,0.0,0.0
2009-02-16 00:00:00+09:00,2788.8876953125,2836.971965921336,2692.7191540948274,2788.8876953125,43504,0.0,0.0
2009-02-17 00:00:00+09:00,2692.7193764740564,2836.9722002137382,2524.4244154444277,2548.466552734375,40687,0.0,0.0
2009-02-18 00:00:00+09:00,2332.0873600886416,2596.5508751502402,2332.0873600886416,2500.38232421875,34657,0.0,0.0
2009-02-19 00:00:00+09:00,2788.8877683265187,2788.8877683265187,2524.4242730541764,2572.508544921875,33272,0.0,0.0
2009-02-20 00:00:00+09:00,2572.5084240601795,2692.719098081683,2428.255615234375,2428.255615234375,30473,0.0,0.0
2009-02-23 00:00:00+09:00,2404.2133296301604,2692.71892918578,2404.2133296301604,2620.592529296875,40979,0.0,0.0
2009-02-24 00:00:00+09:00,2548.46669921875,2981.2251953125,2548.46669921875,2885.056640625,90264,0.0,0.0
2009-02-25 00:00:00+09:00,2885.056193723517,3245.6882179389568,2812.929788880429,2836.971923828125,110219,0.0,0.0
2009-02-26 00:00:00+09:00,2909.0987327755906,3101.435839074803,2836.9723179133857,3053.3515625,84740,0.0,0.0
2009-02-27 00:00:00+09:00,3053.3515625,3317.8150836614172,2981.225147637795,3053.3515625,208428,0.0,0.0
2009-03-02 00:00:00+09:00,3053.351138357389,3077.3932733050847,2740.8033840373414,2836.971923828125,55769,0.0,0.0
2009-03-03 00:00:00+09:00,2692.7191954495615,2788.8877381441885,2452.2978387129933,2740.803466796875,34333,0.0,0.0
2009-03-04 00:00:00+09:00,2836.9720401942172,3029.3091276650116,2572.508544921875,2572.508544921875,394229,0.0,0.0
2009-03-05 00:00:00+09:00,2428.2559110201323,2620.593012883113,2476.3401864858774,2500.38232421875,67679,0.0,0.0
2009-03-06 00:00:00+09:00,2428.255771019345,2596.5507254464283,2428.255771019345,2524.42431640625,67679,0.0,0.0
2009-03-09 00:00:00+09:00,2524.4244154444277,2596.5508273142686,2500.382278154481,2548.466552734375,47003,0.0,0.0
2009-03-10 00:00:00+09:00,2548.466599684495,2548.466599684495,2452.298048753005,2500.38232421875,45596,0.0,0.0
2009-03-11 00:00:00+09:00,2500.382233796296,2620.5929181134256,2500.382233796296,2596.55078125,65721,0.0,0.0
2009-03-12 00:00:00+09:00,2668.6770187904094,2885.056236530172,2548.466342268319,2788.8876953125,74096,0.0,0.0
2009-03-13 00:00:00+09:00,2836.971862262228,2933.1403999660324,2764.845458984375,2764.845458984375,39265,0.0,0.0
2009-03-16 00:00:00+09:00,2788.8877381441885,2836.972009491502,2716.761331123218,2740.803466796875,19866,0.0,0.0
2009-03-17 00:00:00+09:00,2788.88778250558,2981.224870954241,2596.5506940569194,2692.71923828125,257862,0.0,0.0
2009-03-18 00:00:00+09:00,2740.8035103934153,2740.8035103934153,2620.592830113002,2692.71923828125,51115,0.0,0.0
2009-03-19 00:00:00+09:00,2692.71892918578,2740.803195778383,2620.592529296875,2620.592529296875,875636,0.0,0.0
2009-03-20 00:00:00+09:00,2548.4664766045025,2620.5928863197246,2235.918701171875,2235.918701171875,875636,0.0,0.0
2009-03-23 00:00:00+09:00,2091.6656299937854,2235.9184320623226,2043.5813626376066,2115.707763671875,232859,0.0,0.0
2009-03-24 00:00:00+09:00,2115.707763671875,2163.792031028054,2067.6234963156962,2115.707763671875,107506,0.0,0.0
2009-03-25 00:00:00+09:00,2091.666015625,2139.750291846264,2067.623877514368,2091.666015625,72223,0.0,0.0
2009-03-26 00:00:00+09:00,2115.707964409722,2211.876508246528,2091.6658284505206,2163.792236328125,126440,0.0,0.0
2009-03-27 00:00:00+09:00,2235.918644205729,2235.918644205729,2091.6658284505206,2163.792236328125,152677,0.0,0.0
2009-03-30 00:00:00+09:00,2115.707763671875,2163.792031028054,2067.6234963156962,2115.707763671875,73134,0.0,0.0
2009-03-31 00:00:00+09:00,2115.7080532340115,2115.7080532340115,2043.5816423283068,2067.623779296875,31784,0.0,0.0
2009-04-01 00:00:00+09:00,2067.623779296875,2067.623779296875,2019.5395053597383,2067.623779296875,52629,0.0,0.0
2009-04-02 00:00:00+09:00,2067.623779296875,2115.7080532340115,2043.5816423283068,2067.623779296875,52629,0.0,0.0
2009-04-03 00:00:00+09:00,2067.6239507765995,2115.708228701637,2019.5396728515625,2019.5396728515625,43489,0.0,0.0
2009-04-06 00:00:00+09:00,2019.5396728515625,2043.581811814081,1971.4553949265253,2019.5396728515625,43489,0.0,0.0
2009-04-07 00:00:00+09:00,2019.5396728515625,2043.581811814081,1971.4553949265253,2019.5396728515625,40304,0.0,0.0
2009-04-08 00:00:00+09:00,1995.4975338890438,2019.5396728515625,1971.4553949265253,2019.5396728515625,40304,0.0,0.0
2009-04-09 00:00:00+09:00,2019.5395278033088,2043.5816650390625,1971.4552533318015,2043.5816650390625,56095,0.0,0.0
2009-04-10 00:00:00+09:00,2043.5817394037356,2115.708153735632,2019.5396012931033,2091.666015625,89278,0.0,0.0
2009-04-13 00:00:00+09:00,2115.7078085140306,2380.1712845782845,2091.665674326371,2356.129150390625,192789,0.0,0.0
2009-04-14 00:00:00+09:00,2380.171368538065,2380.171368538065,2211.876423287899,2259.960693359375,83238,0.0,0.0
2009-04-15 00:00:00+09:00,2211.876708984375,2332.0873996900477,2163.792432702106,2211.876708984375,160855,0.0,0.0
2009-04-16 00:00:00+09:00,2211.876440183081,2500.382062815657,2211.876440183081,2380.17138671875,175470,0.0,0.0
2009-04-17 00:00:00+09:00,2428.255594889323,2428.255594889323,2187.8342488606772,2308.044921875,83674,0.0,0.0
2009-04-20 00:00:00+09:00,2332.087076017172,2428.255615234375,2235.9185367999694,2428.255615234375,95829,0.0,0.0
2009-04-21 00:00:00+09:00,2380.1715574011337,2740.8036115528207,2284.003009627351,2716.761474609375,332357,0.0,0.0
2009-04-22 00:00:00+09:00,2716.7615331224174,2933.14077027376,2596.5508458161157,2909.0986328125,466703,0.0,0.0
2009-04-23 00:00:00+09:00,3053.351206903872,3341.856832753057,2933.140529466712,3317.814697265625,856004,0.0,0.0
2009-04-24 00:00:00+09:00,3317.8146629333496,3486.109609603882,3029.30904006958,3077.393310546875,410531,0.0,0.0
2009-04-27 00:00:00+09:00,3005.266868461997,3053.351138357389,2764.8455189850374,2836.971923828125,358914,0.0,0.0
2009-04-28 00:00:00+09:00,2788.8877381441885,2909.0984165124723,2644.6349241022476,2740.803466796875,276373,0.0,0.0
2009-04-29 00:00:00+09:00,2812.929888556985,2933.140567555147,2692.7192095588234,2861.01416015625,228146,0.0,0.0
2009-04-30 00:00:00+09:00,2861.0141866521317,3101.435546875,2740.803506540698,3101.435546875,153574,0.0,0.0
2009-05-04 00:00:00+09:00,3125.477498372396,3221.6460367838545,3101.4353637695312,3173.561767578125,119291,0.0,0.0
2009-05-06 00:00:00+09:00,3197.6043922244094,3221.646530511811,2981.225147637795,3053.3515625,98875,0.0,0.0
2009-05-07 00:00:00+09:00,3125.477498372396,3173.561767578125,2933.1404215494795,3173.561767578125,122743,0.0,0.0
2009-05-08 00:00:00+09:00,3173.561727495336,3221.64599609375,3149.519593196129,3221.64599609375,50564,0.0,0.0
2009-05-11 00:00:00+09:00,3221.646530511811,3269.730807086614,3053.3515625,3053.3515625,50575,0.0,0.0
2009-05-12 00:00:00+09:00,3053.3511753082275,3125.47758102417,3005.2669048309326,3077.393310546875,50575,0.0,0.0
2009-05-13 00:00:00+09:00,3101.4354041466345,3149.5196739783655,3005.266864483173,3125.4775390625,40505,0.0,0.0
2009-05-14 00:00:00+09:00,3125.4774588969217,3245.688130392957,3053.3510559993006,3221.64599609375,62629,0.0,0.0
2009-05-15 00:00:00+09:00,3221.646226986434,3413.983315164729,3077.3934108527133,3101.435546875,46793,0.0,0.0
2009-05-18 00:00:00+09:00,3077.393310546875,3173.561851501465,3005.2669048309326,3077.393310546875,46793,0.0,0.0
2009-05-19 00:00:00+09:00,3125.477498372396,3245.6881713867188,3077.393229166667,3173.561767578125,75589,0.0,0.0
2009-05-20 00:00:00+09:00,3197.603943810096,3221.6460787259616,3101.4354041466345,3125.4775390625,44429,0.0,0.0
2009-05-21 00:00:00+09:00,3029.309096940601,3269.730453840649,3005.2669612505965,3149.519775390625,32181,0.0,0.0
2009-05-22 00:00:00+09:00,3101.4354041466345,3221.6460787259616,3077.3932692307694,3125.4775390625,71664,0.0,0.0
2009-05-25 00:00:00+09:00,3125.47758102417,3149.5197162628174,2668.677011489868,3077.393310546875,66030,0.0,0.0
2009-05-26 00:00:00+09:00,3077.3935185185182,3365.8991608796296,3053.3513816550926,3245.6884765625,163904,0.0,0.0
2009-05-27 00:00:00+09:00,3197.603822595933,3365.8987606272976,3197.603822595933,3269.730224609375,97683,0.0,0.0
2009-05-28 00:00:00+09:00,3245.6886687992123,3269.730807086614,2836.9723179133857,3053.3515625,185988,0.0,0.0
2009-05-29 00:00:00+09:00,3053.3513063524592,3053.3513063524592,2885.0563524590166,2933.140625,124351,0.0,0.0
2009-06-01 00:00:00+09:00,2933.140463618909,2957.182598566605,2812.929788880429,2836.971923828125,61653,0.0,0.0
2009-06-02 00:00:00+09:00,2836.9720380229337,3053.351261261971,2836.9720380229337,2981.224853515625,74930,0.0,0.0
2009-06-03 00:00:00+09:00,2957.182761270492,3005.2670338114754,2909.098488729508,2933.140625,34772,0.0,0.0
2009-06-04 00:00:00+09:00,2981.225147637795,3101.435839074803,2909.0987327755906,3053.3515625,83737,0.0,0.0
2009-06-05 00:00:00+09:00,3029.3089993990384,3269.730348557692,3029.3089993990384,3125.4775390625,133236,0.0,0.0
2009-06-08 00:00:00+09:00,3125.477359169408,3245.6880268297696,3101.4352256373354,3197.603759765625,92663,0.0,0.0
2009-06-09 00:00:00+09:00,3197.603943810096,3245.688213641827,3077.3932692307694,3125.4775390625,63226,0.0,0.0
2009-06-10 00:00:00+09:00,3149.5196739783655,3221.6460787259616,3029.3089993990384,3125.4775390625,315663,0.0,0.0
2009-06-11 00:00:00+09:00,3173.56178560193,3582.278076171875,3101.4353813837038,3582.278076171875,315663,0.0,0.0
2009-06-12 00:00:00+09:00,3654.4048461914062,4063.12117767334,3486.1098861694336,3846.741943359375,303013,0.0,0.0
2009-06-15 00:00:00+09:00,3654.4047407670455,3918.868241743608,3510.151922052557,3702.489013671875,149224,0.0,0.0
2009-06-16 00:00:00+09:00,3678.4470731295073,3894.8263127253604,3606.320659930889,3750.573486328125,81341,0.0,0.0
2009-06-17 00:00:00+09:00,3870.7835729907374,4279.499850884169,3726.53076902835,4015.036376953125,570273,0.0,0.0
2009-06-18 00:00:00+09:00,3654.4049306705297,3942.9105830918875,3413.9835536527316,3630.36279296875,922030,0.0,0.0
2009-06-19 00:00:00+09:00,3630.362492601799,4159.289478278883,3510.1518140388257,3966.952392578125,535796,0.0,0.0
2009-06-22 00:00:00+09:00,3942.9106927565585,4135.247799720293,3870.784277645158,3894.826416015625,221105,0.0,0.0
2009-06-23 00:00:00+09:00,3798.657369625796,3966.9523163813697,3750.573099124204,3774.615234375,117227,0.0,0.0
2009-06-24 00:00:00+09:00,3798.657683249081,4135.247604549632,3798.657683249081,4087.163330078125,234609,0.0,0.0
2009-06-25 00:00:00+09:00,4039.0790107194766,4399.711065248001,3918.8683258766355,4135.24755859375,227397,0.0,0.0
2009-06-26 00:00:00+09:00,4183.331656901041,4375.668744574653,4111.205249023437,4327.58447265625,250725,0.0,0.0
2009-06-29 00:00:00+09:00,4327.584362729058,4616.089986910994,4327.584362729058,4592.0478515625,320033,0.0,0.0
2009-06-30 00:00:00+09:00,4399.710528325768,4592.047600602305,4207.373456049232,4303.5419921875,330668,0.0,0.0
2009-07-01 00:00:00+09:00,4255.458064778646,4423.753016493056,4183.331656901041,4327.58447265625,170820,0.0,0.0
2009-07-02 00:00:00+09:00,4327.584443933823,4495.87939453125,4183.33162913603,4495.87939453125,164024,0.0,0.0
2009-07-03 00:00:00+09:00,4327.584582913307,4519.921675487231,4327.584582913307,4471.83740234375,98926,0.0,0.0
2009-07-06 00:00:00+09:00,4495.8791103463955,4832.468990265377,4495.8791103463955,4543.96337890625,130524,0.0,0.0
2009-07-07 00:00:00+09:00,4471.8370361328125,4760.3426513671875,4423.752766927084,4616.08984375,75558,0.0,0.0
2009-07-08 00:00:00+09:00,4568.005859375,4640.132267680921,4495.87945106908,4568.005859375,45879,0.0,0.0
2009-07-09 00:00:00+09:00,4664.174373413705,4832.469325031726,4592.047965577412,4736.30078125,139573,0.0,0.0
2009-07-10 00:00:00+09:00,4784.385053140863,4808.427189086295,4543.963693686548,4736.30078125,77988,0.0,0.0
2009-07-13 00:00:00+09:00,4760.34273707613,4784.384872111868,4423.752846575798,4519.92138671875,145265,0.0,0.0
2009-07-14 00:00:00+09:00,4640.1325089738175,4640.1325089738175,4375.6689980996625,4447.79541015625,88134,0.0,0.0
2009-07-15 00:00:00+09:00,4447.795152452257,4808.427191840277,4183.331656901041,4327.58447265625,419652,0.0,0.0
2009-07-16 00:00:00+09:00,4327.584443933823,4375.668715533088,3678.44677734375,3678.44677734375,365139,0.0,0.0
2009-07-17 00:00:00+09:00,3678.4465515972815,3702.488685921447,3221.645999438142,3510.151611328125,555992,0.0,0.0
2009-07-20 00:00:00+09:00,3510.1517861643147,3774.615276902722,3413.9832440776213,3726.531005859375,156209,0.0,0.0
2009-07-21 00:00:00+09:00,3726.5309895833334,3774.6152604166664,3486.1096354166666,3606.3203125,370599,0.0,0.0
2009-07-22 00:00:00+09:00,3606.320755570023,3918.8685543860915,3534.1943404586227,3894.826416015625,329471,0.0,0.0
2009-07-23 00:00:00+09:00,3894.8257069844685,4447.794788840289,3870.7835729907374,4015.036376953125,979460,0.0,0.0
2009-07-24 00:00:00+09:00,4063.1213317487222,4111.205607864092,3774.6156750565056,3822.699951171875,288839,0.0,0.0
2009-07-27 00:00:00+09:00,3870.7837753781846,3918.868045879777,3678.4466933718154,3774.615234375,217941,0.0,0.0
2009-07-28 00:00:00+09:00,3678.44687721946,3774.6154230291195,3606.320467862216,3702.489013671875,159043,0.0,0.0
2009-07-29 00:00:00+09:00,3654.4048461914062,3846.741943359375,3630.36270904541,3846.741943359375,159330,0.0,0.0
2009-07-30 00:00:00+09:00,3870.784080505371,3870.784080505371,3726.5312576293945,3846.741943359375,65749,0.0,0.0
2009-07-31 00:00:00+09:00,3846.7418323863635,3846.7418323863635,3678.44687721946,3702.489013671875,112455,0.0,0.0
2009-08-03 00:00:00+09:00,3726.531343775869,3726.531343775869,3534.194242161631,3630.36279296875,136805,0.0,0.0
2009-08-04 00:00:00+09:00,3678.446911870217,3726.5311852279974,3462.067681760204,3534.194091796875,181316,0.0,0.0
2009-08-05 00:00:00+09:00,3534.194137257543,3582.278411233836,3486.10986328125,3486.10986328125,74800,0.0,0.0
2009-08-06 00:00:00+09:00,3534.194070412295,3606.320480012546,2981.2249301437046,3293.772705078125,307690,0.0,0.0
2009-08-07 00:00:00+09:00,3317.8148416115423,3365.899114678376,3125.477749344206,3293.772705078125,120175,0.0,0.0
2009-08-10 00:00:00+09:00,3389.9410194074603,3413.983154296875,3293.772479849802,3413.983154296875,116968,0.0,0.0
2009-08-11 00:00:00+09:00,3413.983154296875,3438.0252891862897,3269.7303449603874,3413.983154296875,93645,0.0,0.0
2009-08-12 00:00:00+09:00,3413.98329801086,3413.98329801086,3269.7304826019504,3389.941162109375,66894,0.0,0.0
2009-08-13 00:00:00+09:00,3341.856790597098,3389.941060965402,3317.8146554129466,3365.89892578125,74174,0.0,0.0
2009-08-14 00:00:00+09:00,3317.8149482353583,3486.1099093777316,3221.646399011145,3438.025634765625,120908,0.0,0.0
2009-08-17 00:00:00+09:00,3389.941103727921,3438.0253747027855,3269.730426290761,3317.814697265625,91688,0.0,0.0
2009-08-18 00:00:00+09:00,3317.8146147392167,3413.983154296875,3221.646075181558,3413.983154296875,107359,0.0,0.0
2009-08-19 00:00:00+09:00,3365.8992293074325,3870.7841137035475,3341.8570919552367,3558.236328125,770280,0.0,0.0
2009-08-20 00:00:00+09:00,3534.19374565229,3678.4465515972815,3413.983074031464,3510.151611328125,283815,0.0,0.0
2009-08-21 00:00:00+09:00,3438.0252891862897,3510.1516938545333,3365.8988845180456,3413.983154296875,75652,0.0,0.0
2009-08-24 00:00:00+09:00,3510.1520002693965,3654.4048221982757,3389.9413153286637,3486.10986328125,261497,0.0,0.0
2009-08-25 00:00:00+09:00,3486.10986328125,3774.6155071390085,3389.9413153286637,3486.10986328125,491044,0.0,0.0
2009-08-26 00:00:00+09:00,3510.1520002693965,3534.194137257543,3413.98345231681,3486.10986328125,79410,0.0,0.0
2009-08-27 00:00:00+09:00,3486.1098184390944,3606.3205018335457,3438.025545081314,3534.194091796875,88732,0.0,0.0
2009-08-28 00:00:00+09:00,3558.2359414324665,3678.446615129509,3486.109537214241,3582.278076171875,147793,0.0,0.0
2009-08-31 00:00:00+09:00,3558.2360416666666,3822.69953125,3486.1096354166666,3606.3203125,354610,0.0,0.0
2009-09-01 00:00:00+09:00,3606.3205018335457,3630.362638512436,3462.067681760204,3534.194091796875,104053,0.0,0.0
2009-09-02 00:00:00+09:00,3534.19374565229,3558.2358799764556,3413.983074031464,3510.151611328125,85838,0.0,0.0
2009-09-03 00:00:00+09:00,3510.1518416167996,3510.1518416167996,3365.89902620789,3389.941162109375,69938,0.0,0.0
2009-09-04 00:00:00+09:00,3389.941271723533,3558.236228475765,3389.941271723533,3534.194091796875,54843,0.0,0.0
2009-09-07 00:00:00+09:00,3582.2780143006207,3630.3622829489514,3486.10947700396,3510.151611328125,108300,0.0,0.0
2009-09-08 00:00:00+09:00,3510.1516938545333,3534.193828743948,3413.983154296875,3413.983154296875,186725,0.0,0.0
2009-09-09 00:00:00+09:00,3413.9833543565537,3582.278308444553,3365.899081759983,3462.067626953125,245497,0.0,0.0
2009-09-10 00:00:00+09:00,3413.98345231681,3534.194137257543,3413.98345231681,3486.10986328125,107112,0.0,0.0
2009-09-11 00:00:00+09:00,3486.10947700396,3534.19374565229,3462.0673426797944,3510.151611328125,55567,0.0,0.0
2009-09-14 00:00:00+09:00,3462.067681760204,3606.3205018335457,3438.025545081314,3534.194091796875,118703,0.0,0.0
2009-09-15 00:00:00+09:00,3534.1938818670383,3798.657369625796,3486.1096113654457,3774.615234375,353252,0.0,0.0
2009-09-16 00:00:00+09:00,3774.615390564344,4015.0367530206718,3774.615390564344,3870.783935546875,473302,0.0,0.0
2009-09-17 00:00:00+09:00,3870.7838637408086,3918.8681353400734,3582.2782341452207,3678.44677734375,256206,0.0,0.0
2009-09-18 00:00:00+09:00,3678.4471706814234,3918.8685543860915,3678.4471706814234,3894.826416015625,266446,0.0,0.0
2009-09-21 00:00:00+09:00,3894.825910628981,3990.9944516321657,3678.4466933718154,3774.615234375,197196,0.0,0.0
2009-09-22 00:00:00+09:00,3678.44677734375,3774.6153205422793,3558.2360983455883,3678.44677734375,142828,0.0,0.0
2009-09-23 00:00:00+09:00,3678.44677734375,3702.4889131433824,3606.3203699448527,3678.44677734375,91068,0.0,0.0
2009-09-24 00:00:00+09:00,3654.4048775337837,3678.44701488598,3558.236328125,3558.236328125,82942,0.0,0.0
2009-09-25 00:00:00+09:00,3582.278411233836,3606.320548221983,3462.0677262931035,3486.10986328125,102172,0.0,0.0
2009-09-28 00:00:00+09:00,3630.3625323523775,3990.9945719900306,3630.3625323523775,3918.8681640625,911554,0.0,0.0
2009-09-29 00:00:00+09:00,3942.910325596098,4279.500231439668,3726.5311004109462,4159.28955078125,736443,0.0,0.0
2009-09-30 00:00:00+09:00,4183.33186340332,4255.458274841309,3630.36270904541,3846.741943359375,696031,0.0,0.0
2009-10-01 00:00:00+09:00,3846.742450842697,4423.753818469101,3702.489608936096,4279.5009765625,1636114,0.0,0.0
2009-10-05 00:00:00+09:00,4375.668329412287,4736.30033458363,4015.036324240945,4231.41552734375,1330047,0.0,0.0
2009-10-06 00:00:00+09:00,4135.247901553199,4279.500735328311,3870.7843729654946,4039.079345703125,533941,0.0,0.0
2009-10-07 00:00:00+09:00,4063.121212521115,4447.79541015625,3846.7419763513517,4447.79541015625,1423272,0.0,0.0
2009-10-08 00:00:00+09:00,4375.668685999294,4616.090042372882,4039.0787870762715,4255.4580078125,1979567,0.0,0.0
2009-10-09 00:00:00+09:00,4327.584671188187,4640.132452996222,4207.373985877404,4375.6689453125,1747924,0.0,0.0
2009-10-12 00:00:00+09:00,4375.668928279433,5024.806626430778,4087.1632846566135,4135.24755859375,9143324,0.0,0.0
2009-10-13 00:00:00+09:00,4183.33158077117,4207.373716292843,3534.1939216859882,3726.531005859375,4152906,0.0,0.0
2009-10-14 00:00:00+09:00,3702.48921086238,3990.994863656851,3606.320659930889,3750.573486328125,2484772,0.0,0.0
2009-10-15 00:00:00+09:00,3750.573486328125,3822.6998995267427,3606.320659930889,3750.573486328125,1033352,0.0,0.0
2009-10-16 00:00:00+09:00,3774.615468878495,3798.657605622944,3558.236238178454,3654.40478515625,932886,0.0,0.0
2009-10-19 00:00:00+09:00,3894.826416015625,3966.952831127025,3750.573585792824,3894.826416015625,1565753,0.0,0.0
2009-10-20 00:00:00+09:00,3918.868503402614,3918.868503402614,3774.6156750565056,3822.699951171875,734668,0.0,0.0
2009-10-21 00:00:00+09:00,3822.700097965289,3846.7422369462024,3654.4051250988923,3798.657958984375,779022,0.0,0.0
2009-10-22 00:00:00+09:00,3798.657369625796,3870.7837753781846,3702.4888286226114,3774.615234375,717372,0.0,0.0
2009-10-23 00:00:00+09:00,4183.331656901041,4327.58447265625,3822.6996175130207,4327.58447265625,12426356,0.0,0.0
2009-10-26 00:00:00+09:00,4327.584918478261,4976.72265625,4135.247810990338,4976.72265625,3552448,0.0,0.0
2009-10-27 00:00:00+09:00,5337.353676535867,5722.027815385299,4231.41552734375,4231.41552734375,13681676,0.0,0.0
2009-10-28 00:00:00+09:00,3918.868503402614,4135.247745921776,3678.447122825766,3822.699951171875,5620736,0.0,0.0
2009-10-29 00:00:00+09:00,3822.70031052493,4375.669537833568,3726.5317492538625,4279.5009765625,4924124,0.0,0.0
2009-10-30 00:00:00+09:00,4375.668422154018,4832.468971719547,4327.584153778699,4712.25830078125,3910256,0.0,0.0
2009-11-02 00:00:00+09:00,4616.089882425743,5072.890443707457,4327.584264774134,4856.51123046875,4863986,0.0,0.0
2009-11-03 00:00:00+09:00,4856.512060306342,5000.764893780788,4664.1749490070815,4880.55419921875,2374160,0.0,0.0
2009-11-04 00:00:00+09:00,4976.721904490254,5289.269656946163,4808.426960860149,4856.51123046875,2752216,0.0,0.0
2009-11-05 00:00:00+09:00,4760.342790274784,5577.775390625,4688.21638436153,5577.775390625,2703324,0.0,0.0
2009-11-06 00:00:00+09:00,5818.196314761513,6395.20751953125,5722.027780633223,6395.20751953125,7242238,0.0,0.0
2009-11-09 00:00:00+09:00,6707.756092823335,7284.767369625342,6058.6184064210765,6587.54541015625,10186586,0.0,0.0
2009-11-10 00:00:00+09:00,6587.5451041666665,7332.851302083333,6395.208020833333,7212.640625,10784154,0.0,0.0
2009-11-11 00:00:00+09:00,7212.640625,7453.061979166667,6972.219270833333,7212.640625,4938480,0.0,0.0
2009-11-12 00:00:00+09:00,7092.430374710648,7164.556785300926,6467.334816261574,6491.376953125,3953242,0.0,0.0
2009-11-13 00:00:00+09:00,6347.123777721775,7453.06201171875,6202.870964591734,7453.06201171875,5301170,0.0,0.0
2009-11-16 00:00:00+09:00,7885.820542279412,8486.87393727022,7284.767147288603,7765.60986328125,11191784,0.0,0.0
2009-11-17 00:00:00+09:00,7693.483428030303,7981.989056581439,6996.261492365057,7933.90478515625,8087162,0.0,0.0
2009-11-18 00:00:00+09:00,7717.52546875,8102.199635416667,7212.640625,7212.640625,6558912,0.0,0.0
2009-11-19 00:00:00+09:00,7140.514472336065,7525.188652663935,6779.882428278689,7332.8515625,8073734,0.0,0.0
2009-11-20 00:00:00+09:00,7453.061907087053,7549.230447823661,6539.460770089286,6731.7978515625,4319628,0.0,0.0
2009-11-23 00:00:00+09:00,6587.545179061307,6659.671586131321,6010.533922501193,6299.03955078125,6815208,0.0,0.0
2009-11-24 00:00:00+09:00,6467.334396888469,7236.682726629849,5361.396172885236,5577.775390625,14072288,0.0,0.0
2009-11-25 00:00:00+09:00,5577.775891012397,6323.082152311466,5024.806729403409,5818.197265625,14414956,0.0,0.0
2009-11-26 00:00:00+09:00,5914.36515234375,6202.8707695312505,5601.817400390625,6010.53369140625,8014246,0.0,0.0
2009-11-27 00:00:00+09:00,5697.9869195642605,5818.197614069835,5120.9755859375,5120.9755859375,5103622,0.0,0.0
2009-11-30 00:00:00+09:00,5169.059228267766,5265.227772049492,4712.258645304569,4736.30078125,8321558,0.0,0.0
2009-12-01 00:00:00+09:00,4712.258362123115,4928.637572628769,4543.963420618718,4784.384765625,6356354,0.0,0.0
2009-12-02 00:00:00+09:00,4880.553567325368,4976.722110523897,4423.752987132353,4495.87939453125,4467950,0.0,0.0
2009-12-03 00:00:00+09:00,4495.879684860642,4592.048234269426,4399.711135451858,4447.79541015625,2894596,0.0,0.0
2009-12-04 00:00:00+09:00,4471.837547508446,4640.1325089738175,4375.6689980996625,4447.79541015625,2728960,0.0,0.0
2009-12-07 00:00:00+09:00,4495.8796306232825,4519.92176768544,4351.626808250343,4375.6689453125,2140342,0.0,0.0
2009-12-08 00:00:00+09:00,4423.753251378676,4447.7953886144305,3966.9526438993566,4087.163330078125,3811036,0.0,0.0
2009-12-09 00:00:00+09:00,4087.1632846566135,4231.416106468023,3990.99473678234,4135.24755859375,2682860,0.0,0.0
2009-12-10 00:00:00+09:00,4159.289478278883,4183.331613991478,3966.952392578125,3966.952392578125,1545655,0.0,0.0
2009-12-11 00:00:00+09:00,3966.9524360141872,4063.1209799175617,3870.783892110813,3918.8681640625,1457455,0.0,0.0
2009-12-14 00:00:00+09:00,3918.868503402614,3942.9106414602984,3798.65781311419,3822.699951171875,1577089,0.0,0.0
2009-12-15 00:00:00+09:00,3870.7839172010476,4375.668775966402,3798.657508805997,4159.28955078125,10347848,0.0,0.0
2009-12-16 00:00:00+09:00,4135.247387845092,4159.289523820936,3870.783892110813,3918.8681640625,2476320,0.0,0.0
2009-12-17 00:00:00+09:00,3894.825954511089,3918.868090032762,3630.3624637726816,3726.531005859375,2232228,0.0,0.0
2009-12-18 00:00:00+09:00,3726.530963873408,3846.7416401273886,3630.362422870223,3774.615234375,1467421,0.0,0.0
2009-12-21 00:00:00+09:00,3822.6996630556096,4063.121025511937,3726.5311180730782,3870.783935546875,3531772,0.0,0.0
2009-12-22 00:00:00+09:00,3846.7418323863635,3966.9525146484375,3678.44687721946,3702.489013671875,2196160,0.0,0.0
2009-12-23 00:00:00+09:00,3702.488989935981,3702.488989935981,3438.0254906548394,3462.067626953125,1260366,0.0,0.0
2009-12-24 00:00:00+09:00,3558.2363212958917,3678.447007826158,3389.9413601535184,3438.025634765625,3874304,0.0,0.0
2009-12-28 00:00:00+09:00,3389.9409361882,3413.983070487407,2981.2246531016795,3221.64599609375,2066554,0.0,0.0
2009-12-29 00:00:00+09:00,3269.7302646921644,3341.8566675897855,3173.561727495336,3221.64599609375,879232,0.0,0.0
2009-12-30 00:00:00+09:00,3245.688363008721,3245.688363008721,3101.435546875,3101.435546875,677941,0.0,0.0
2010-01-04 00:00:00+09:00,3101.435546875,3149.519818919574,3005.2670027858526,3101.435546875,777762,0.0,0.0
2010-01-05 00:00:00+09:00,3125.4774205824906,3462.0672966452203,3077.3931525735293,3269.730224609375,2456064,0.0,0.0
2010-01-06 00:00:00+09:00,3269.7303059895835,3293.772440592448,3101.4353637695312,3173.561767578125,865925,0.0,0.0
2010-01-07 00:00:00+09:00,3173.561767578125,3341.8567097981772,3125.477498372396,3173.561767578125,1756165,0.0,0.0
2010-01-08 00:00:00+09:00,3197.6039021809897,3245.6881713867188,3125.477498372396,3173.561767578125,665565,0.0,0.0
2010-01-11 00:00:00+09:00,3173.561727495336,3413.983070487407,3125.4774588969217,3221.64599609375,1839021,0.0,0.0
2010-01-12 00:00:00+09:00,3221.6461824606395,3221.6461824606395,3101.435504010615,3149.519775390625,724928,0.0,0.0
2010-01-13 00:00:00+09:00,3125.4773724268352,3149.519506060888,3005.266704256572,3029.308837890625,648471,0.0,0.0
2010-01-14 00:00:00+09:00,3029.3091700819673,3053.3513063524592,2885.0563524590166,2933.140625,752086,0.0,0.0
2010-01-15 00:00:00+09:00,2933.14044140625,3101.4353847656253,2909.098306640625,3005.266845703125,853070,0.0,0.0
2010-01-18 00:00:00+09:00,2957.182761270492,3029.3091700819673,2933.140625,2933.140625,478822,0.0,0.0
2010-01-19 00:00:00+09:00,2957.182761270492,3005.2670338114754,2909.098488729508,2933.140625,695078,0.0,0.0
2010-01-20 00:00:00+09:00,2957.182761270492,3005.2670338114754,2885.0563524590166,2933.140625,588248,0.0,0.0
2010-01-21 00:00:00+09:00,2933.140567555147,2933.140567555147,2812.929888556985,2861.01416015625,778166,0.0,0.0
2010-01-22 00:00:00+09:00,2812.9300223831583,2836.972159326604,2692.7193376659293,2716.761474609375,835679,0.0,0.0
2010-01-25 00:00:00+09:00,2692.71923828125,2788.88778250558,2620.592830113002,2692.71923828125,717486,0.0,0.0
2010-01-26 00:00:00+09:00,2716.7613605249708,2740.80349645882,2500.382137120327,2572.508544921875,850538,0.0,0.0
2010-01-27 00:00:00+09:00,2572.5087374173677,2620.593012883113,2452.298048753005,2500.38232421875,612000,0.0,0.0
2010-01-28 00:00:00+09:00,2572.5086529487003,2836.972159326604,2524.424379061809,2716.761474609375,2349096,0.0,0.0
2010-01-29 00:00:00+09:00,2692.7193764740564,2740.8036510539505,2548.466552734375,2548.466552734375,591543,0.0,0.0
2010-02-01 00:00:00+09:00,2572.5082627042716,2644.6346625931765,2500.3818628153667,2620.592529296875,525224,0.0,0.0
2010-02-02 00:00:00+09:00,2644.634748931624,2957.1824919871797,2644.634748931624,2812.9296875,1870718,0.0,0.0
2010-02-03 00:00:00+09:00,2885.0564332134954,2957.182844043833,2692.7193376659293,2716.761474609375,766631,0.0,0.0
2010-02-04 00:00:00+09:00,2716.761272258587,2716.761272258587,2620.592731647663,2668.677001953125,429278,0.0,0.0
2010-02-05 00:00:00+09:00,2500.3821800595238,2572.5085890997025,2452.2979073660713,2524.42431640625,533612,0.0,0.0
2010-02-08 00:00:00+09:00,2500.3819555165815,2548.4662238919004,2308.044882015306,2356.129150390625,606068,0.0,0.0
2010-02-09 00:00:00+09:00,2259.9609878382735,2380.1716786807347,2259.9609878382735,2332.08740234375,395280,0.0,0.0
2010-02-10 00:00:00+09:00,2356.129150390625,2404.213418765944,2332.0870162029655,2356.129150390625,261295,0.0,0.0
2010-02-11 00:00:00+09:00,2356.129150390625,2380.1712845782845,2308.044882015306,2356.129150390625,272767,0.0,0.0
2010-02-12 00:00:00+09:00,2380.1714868164063,2500.38216796875,2356.1293505859376,2404.213623046875,455753,0.0,0.0
2010-02-16 00:00:00+09:00,2380.1714868164063,2452.2978955078124,2356.1293505859376,2404.213623046875,227141,0.0,0.0
2010-02-17 00:00:00+09:00,2404.213521938131,2452.297792376894,2356.129251499369,2380.17138671875,422575,0.0,0.0
2010-02-18 00:00:00+09:00,2404.213418765944,2404.213418765944,2332.0870162029655,2356.129150390625,244244,0.0,0.0
2010-02-19 00:00:00+09:00,2356.129233502327,2380.171368538065,2235.918558323637,2259.960693359375,436997,0.0,0.0
2010-02-22 00:00:00+09:00,2308.044963430851,2308.044963430851,2235.918558323637,2259.960693359375,317711,0.0,0.0
2010-02-23 00:00:00+09:00,2259.9607935855265,2380.171474095395,2235.9186574835526,2284.0029296875,440733,0.0,0.0
2010-02-24 00:00:00+09:00,2284.0027872721357,2332.0870564778647,2259.960652669271,2308.044921875,293520,0.0,0.0
2010-02-25 00:00:00+09:00,2308.044882015306,2524.424089704241,2308.044882015306,2356.129150390625,1193109,0.0,0.0
2010-02-26 00:00:00+09:00,2380.17138671875,2452.297792376894,2308.044981060606,2380.17138671875,365785,0.0,0.0
2010-03-02 00:00:00+09:00,2380.171474095395,2404.2136101973683,2259.9607935855265,2284.0029296875,523307,0.0,0.0
2010-03-03 00:00:00+09:00,2259.9607801649304,2284.002916124132,2091.6658284505206,2163.792236328125,726226,0.0,0.0
2010-03-04 00:00:00+09:00,2139.7498973499646,2187.8341647061434,2067.6234963156962,2115.707763671875,397756,0.0,0.0
2010-03-05 00:00:00+09:00,2139.7498973499646,2139.7498973499646,2067.6234963156962,2115.707763671875,312998,0.0,0.0
2010-03-08 00:00:00+09:00,2139.7502945609717,2259.960985266644,2115.708156419837,2211.876708984375,403650,0.0,0.0
2010-03-09 00:00:00+09:00,2235.918746780563,2235.918746780563,2139.750198531937,2187.83447265625,244249,0.0,0.0
2010-03-10 00:00:00+09:00,2187.8343722873265,2211.876508246528,2115.707964409722,2163.792236328125,375103,0.0,0.0
2010-03-11 00:00:00+09:00,2163.7924299568963,2211.876706178161,2067.623877514368,2091.666015625,378345,0.0,0.0
2010-03-12 00:00:00+09:00,2091.6659162654432,2115.7080532340115,2019.5395053597383,2067.623779296875,356653,0.0,0.0
2010-03-15 00:00:00+09:00,2067.6237465463037,2067.6237465463037,1947.413063607565,1971.4552001953125,374509,0.0,0.0
2010-03-16 00:00:00+09:00,1995.4975338890438,2115.708228701637,1971.4553949265253,2019.5396728515625,528219,0.0,0.0
2010-03-17 00:00:00+09:00,2019.5395132211538,2284.0030209048764,1995.4973761589972,2187.83447265625,2010392,0.0,0.0
2010-03-18 00:00:00+09:00,2187.834768916784,2187.834768916784,2091.6662076457164,2139.75048828125,462195,0.0,0.0
2010-03-19 00:00:00+09:00,2115.708156419837,2259.960985266644,2067.623880137568,2211.876708984375,570137,0.0,0.0
2010-03-22 00:00:00+09:00,2211.8763452646685,2404.213418765944,2163.7920768893496,2356.129150390625,1124367,0.0,0.0
2010-03-23 00:00:00+09:00,2380.171474095395,2380.171474095395,2235.9186574835526,2284.0029296875,522332,0.0,0.0
2010-03-24 00:00:00+09:00,2259.9608377436157,2332.0872474588373,2187.8344280283936,2235.918701171875,320623,0.0,0.0
2010-03-25 00:00:00+09:00,2115.7083479634834,2211.8769092345506,2115.7083479634834,2139.75048828125,416557,0.0,0.0
2010-03-26 00:00:00+09:00,2139.750198531937,2235.918746780563,2115.70806146978,2187.83447265625,350868,0.0,0.0
2010-03-29 00:00:00+09:00,2163.792432702106,2284.0031234077787,2115.708156419837,2211.876708984375,405625,0.0,0.0
2010-03-30 00:00:00+09:00,2235.918849669781,2404.213816849227,2211.876711501289,2332.08740234375,1008873,0.0,0.0
2010-03-31 00:00:00+09:00,2356.1293723366475,2668.6771462180395,2332.087235884233,2644.635009765625,4561522,0.0,0.0
2010-04-01 00:00:00+09:00,2620.592830113002,2692.71923828125,2476.3400137765066,2692.71923828125,1584655,0.0,0.0
2010-04-02 00:00:00+09:00,2740.8034074113175,2812.92981286951,2620.592731647663,2668.677001953125,1035219,0.0,0.0
2010-04-05 00:00:00+09:00,2620.593012883113,2620.593012883113,2404.2137732872598,2500.38232421875,619575,0.0,0.0
2010-04-06 00:00:00+09:00,2524.424379061809,2740.8036115528207,2452.2979682314713,2716.761474609375,857271,0.0,0.0
2010-04-07 00:00:00+09:00,2740.8036510539505,2764.8457883438973,2548.466552734375,2548.466552734375,669321,0.0,0.0
2010-04-08 00:00:00+09:00,2500.382137120327,2620.5928167895736,2476.340001186478,2572.508544921875,354299,0.0,0.0
2010-04-09 00:00:00+09:00,2572.5084240601795,2596.5505588644805,2404.2134804300745,2428.255615234375,496889,0.0,0.0
2010-04-12 00:00:00+09:00,2452.2980931862116,2500.382369523196,2308.0452641752577,2332.08740234375,559363,0.0,0.0
2010-04-13 00:00:00+09:00,2308.045065789474,2380.171474095395,2235.9186574835526,2284.0029296875,470161,0.0,0.0
2010-04-14 00:00:00+09:00,2211.876708984375,2259.960985266644,2139.7502945609717,2211.876708984375,739133,0.0,0.0
2010-04-15 00:00:00+09:00,2259.9608377436157,2284.0029743153564,2211.8765646001343,2235.918701171875,412074,0.0,0.0
2010-04-16 00:00:00+09:00,2211.876298384233,2235.9184320623226,2067.6234963156962,2115.707763671875,653939,0.0,0.0
2010-04-19 00:00:00+09:00,2115.70806146978,2259.96088384272,2115.70806146978,2187.83447265625,366211,0.0,0.0
2010-04-20 00:00:00+09:00,2187.8341647061434,2187.8341647061434,2115.707763671875,2115.707763671875,245364,0.0,0.0
2010-04-21 00:00:00+09:00,2163.792236328125,2211.876508246528,2139.7501003689235,2163.792236328125,266470,0.0,0.0
2010-04-22 00:00:00+09:00,2211.876508246528,2211.876508246528,2115.707964409722,2163.792236328125,263470,0.0,0.0
2010-04-23 00:00:00+09:00,2139.75019020258,2163.7923271711484,2043.5816423283068,2067.623779296875,464266,0.0,0.0
2010-04-26 00:00:00+09:00,2091.6659162654432,2115.7080532340115,2043.5816423283068,2067.623779296875,250868,0.0,0.0
2010-04-27 00:00:00+09:00,2091.6659162654432,2091.6659162654432,2019.5395053597383,2067.623779296875,240584,0.0,0.0
2010-04-28 00:00:00+09:00,1995.4975338890438,2067.6239507765995,1971.4553949265253,2019.5396728515625,327955,0.0,0.0
2010-04-29 00:00:00+09:00,2019.539473370808,2043.5816099585556,1947.413063607565,1971.4552001953125,300480,0.0,0.0
2010-04-30 00:00:00+09:00,1995.49736839117,2115.7080532340115,1971.4552314226019,2067.623779296875,398316,0.0,0.0
2010-05-03 00:00:00+09:00,2091.66593951057,2139.750213982077,2019.5395278033088,2043.5816650390625,242820,0.0,0.0
2010-05-04 00:00:00+09:00,2043.5816650390625,2091.66593951057,2043.5816650390625,2043.5816650390625,123632,0.0,0.0
2010-05-06 00:00:00+09:00,2019.5395743128765,2043.5817121023154,1947.4131609445594,1995.4974365234375,248144,0.0,0.0
2010-05-07 00:00:00+09:00,1947.4132574540151,1971.4553964349288,1875.2868405112738,1899.3289794921875,409867,0.0,0.0
2010-05-10 00:00:00+09:00,1899.3288345336914,1971.4552459716797,1899.3288345336914,1923.3709716796875,186848,0.0,0.0
2010-05-11 00:00:00+09:00,1947.4131088256836,1995.4973831176758,1923.3709716796875,1923.3709716796875,169259,0.0,0.0
2010-05-12 00:00:00+09:00,1923.3711184731012,1971.4553964349288,1875.2868405112738,1899.3289794921875,187584,0.0,0.0
2010-05-13 00:00:00+09:00,1899.328880896935,1923.3710186298076,1851.24460543119,1875.2867431640625,243855,0.0,0.0
2010-05-14 00:00:00+09:00,1875.2865213743398,1875.2865213743398,1658.9073073696084,1706.9915771484375,562070,0.0,0.0
2010-05-17 00:00:00+09:00,1634.8651123046875,1706.9915143181295,1562.7387102912453,1634.8651123046875,488186,0.0,0.0
2010-05-18 00:00:00+09:00,1610.823130122951,1610.823130122951,1394.4439036885246,1466.5703125,710866,0.0,0.0
2010-05-19 00:00:00+09:00,1442.528237396816,1442.528237396816,1250.1911390772405,1274.2332763671875,962568,0.0,0.0
2010-05-20 00:00:00+09:00,1202.1068028041295,1442.5281633649554,1202.1068028041295,1346.359619140625,858927,0.0,0.0
2010-05-24 00:00:00+09:00,1370.4017123518317,1394.44384765625,1298.2753064385774,1394.44384765625,268511,0.0,0.0
2010-05-25 00:00:00+09:00,1346.3597130408652,1394.4439885066106,1202.1068866436299,1250.191162109375,406071,0.0,0.0
2010-05-26 00:00:00+09:00,1250.191116898148,1298.275390625,1226.1489800347222,1298.275390625,155789,0.0,0.0
2010-05-27 00:00:00+09:00,1274.233349609375,1466.570458984375,1274.233349609375,1442.5283203125,277276,0.0,0.0
2010-05-28 00:00:00+09:00,1514.654736328125,1514.654736328125,1442.5283203125,1442.5283203125,250411,0.0,0.0
2010-05-31 00:00:00+09:00,1418.4860190114669,1490.6124267578125,1370.4017471805696,1490.6124267578125,165153,0.0,0.0
2010-06-01 00:00:00+09:00,1514.6545850409836,1514.6545850409836,1394.4439036885246,1466.5703125,212728,0.0,0.0
2010-06-03 00:00:00+09:00,1466.570458984375,1466.570458984375,1394.44404296875,1442.5283203125,119248,0.0,0.0
2010-06-04 00:00:00+09:00,1442.528118265086,1466.5702535695043,1370.4017123518317,1394.44384765625,180205,0.0,0.0
2010-06-07 00:00:00+09:00,1322.3173498728918,1586.7808198474702,1322.3173498728918,1514.6544189453125,459764,0.0,0.0
2010-06-08 00:00:00+09:00,1514.6545626732611,1562.7388345041584,1466.5702908423639,1490.6124267578125,172624,0.0,0.0
2010-06-09 00:00:00+09:00,1466.5702535695043,1490.6123888739223,1370.4017123518317,1394.44384765625,204004,0.0,0.0
2010-06-10 00:00:00+09:00,1370.4016920186707,1418.4859619140625,1346.3595570709747,1418.4859619140625,160640,0.0,0.0
2010-06-11 00:00:00+09:00,1394.44384765625,1442.528118265086,1370.4017123518317,1394.44384765625,174436,0.0,0.0
2010-06-14 00:00:00+09:00,1394.44384765625,1418.485982960668,1346.3595770474137,1394.44384765625,107681,0.0,0.0
2010-06-15 00:00:00+09:00,1394.4438269663665,1490.6123667571505,1394.4438269663665,1418.4859619140625,210662,0.0,0.0
2010-06-16 00:00:00+09:00,1442.5280968617585,1490.6123667571505,1418.4859619140625,1418.4859619140625,111670,0.0,0.0
2010-06-17 00:00:00+09:00,1418.486004745751,1442.528140419408,1370.4017333984375,1370.4017333984375,160542,0.0,0.0
2010-06-18 00:00:00+09:00,1394.4438269663665,1418.4859619140625,1346.3595570709747,1418.4859619140625,82137,0.0,0.0
2010-06-21 00:00:00+09:00,1394.44384765625,1442.528118265086,1370.4017123518317,1394.44384765625,161349,0.0,0.0
2010-06-22 00:00:00+09:00,1418.485982960668,1418.485982960668,1370.4017123518317,1394.44384765625,87161,0.0,0.0
2010-06-23 00:00:00+09:00,1394.44384765625,1418.485982960668,1346.3595770474137,1394.44384765625,177931,0.0,0.0
2010-06-24 00:00:00+09:00,1370.4017333984375,1394.4438690720942,1346.3595977247808,1370.4017333984375,126716,0.0,0.0
2010-06-25 00:00:00+09:00,1370.4017333984375,1394.4438690720942,1346.3595977247808,1370.4017333984375,71139,0.0,0.0
2010-06-28 00:00:00+09:00,1394.44404296875,1562.739013671875,1394.44404296875,1442.5283203125,936590,0.0,0.0
2010-06-29 00:00:00+09:00,1466.5702298677884,1586.7809044471153,1466.5702298677884,1562.73876953125,675843,0.0,0.0
2010-06-30 00:00:00+09:00,1562.7387678119499,1755.0758469272666,1514.6544980331205,1706.9915771484375,1204996,0.0,0.0
2010-07-01 00:00:00+09:00,1682.949462890625,1755.0758684430805,1586.7809221540178,1682.949462890625,656906,0.0,0.0
2010-07-02 00:00:00+09:00,1658.9074773015204,1779.1181640625,1634.8653399493244,1779.1181640625,525510,0.0,0.0
2010-07-05 00:00:00+09:00,1803.1601615574048,1971.4551099694293,1610.8230776579483,1658.9073486328125,1853825,0.0,0.0
2010-07-06 00:00:00+09:00,1610.8230776579483,1731.0337550951087,1586.7809421705163,1658.9073486328125,591457,0.0,0.0
2010-07-07 00:00:00+09:00,1658.9072875976562,1706.9915568033855,1514.6544799804688,1586.7808837890625,377354,0.0,0.0
2010-07-08 00:00:00+09:00,1586.7809257507324,1586.7809257507324,1514.65452003479,1538.6966552734375,162309,0.0,0.0
2010-07-09 00:00:00+09:00,1538.6966346153847,1610.8230393629808,1538.6966346153847,1562.73876953125,151385,0.0,0.0
2010-07-12 00:00:00+09:00,1370.4017551967077,1442.5281633649554,1346.359619140625,1346.359619140625,1214754,0.0,0.0
2010-07-13 00:00:00+09:00,1274.2332537615741,1322.3175274884259,1202.1068431712963,1298.275390625,997714,0.0,0.0
2010-07-14 00:00:00+09:00,1322.3175048828125,1490.612460049716,1322.3175048828125,1322.3175048828125,2841188,0.0,0.0
2010-07-15 00:00:00+09:00,1298.275390625,1346.3596643518517,1274.2332537615741,1298.275390625,230935,0.0,0.0
2010-07-16 00:00:00+09:00,1298.2753564453126,1322.3174926757813,1154.0225390625,1202.1068115234375,690723,0.0,0.0
2010-07-19 00:00:00+09:00,1154.0224817154256,1178.0646167511636,1105.9382116439494,1129.9803466796875,644837,0.0,0.0
2010-07-20 00:00:00+09:00,1154.022441007653,1178.0645751953125,1129.9803068199935,1178.0645751953125,187518,0.0,0.0
2010-07-21 00:00:00+09:00,1178.0646167511636,1178.0646167511636,1129.9803466796875,1129.9803466796875,196660,0.0,0.0
2010-07-22 00:00:00+09:00,1105.9381491921165,1129.9802828702059,1009.7696144797585,1057.8538818359375,520371,0.0,0.0
2010-07-23 00:00:00+09:00,1057.8540782099185,1129.980492633322,1057.8540782099185,1105.9383544921875,247920,0.0,0.0
2010-07-26 00:00:00+09:00,1081.896015514027,1105.9381491921165,1033.8117481578481,1057.8538818359375,212688,0.0,0.0
2010-07-27 00:00:00+09:00,1057.853994140625,1202.1068115234375,1057.853994140625,1202.1068115234375,700313,0.0,0.0
2010-07-28 00:00:00+09:00,1250.191162109375,1370.401850773738,1202.1068866436299,1250.191162109375,4307396,0.0,0.0
2010-07-29 00:00:00+09:00,1250.1911833389945,1250.1911833389945,1105.9383544921875,1105.9383544921875,959790,0.0,0.0
2010-07-30 00:00:00+09:00,1057.8539415724733,1202.1067517869017,1057.8539415724733,1129.9803466796875,353596,0.0,0.0
2010-08-02 00:00:00+09:00,1178.0645751953125,1202.106709382972,1129.9803068199935,1178.0645751953125,175101,0.0,0.0
2010-08-03 00:00:00+09:00,1154.0225306919642,1346.359619140625,1154.0225306919642,1346.359619140625,1226308,0.0,0.0
2010-08-04 00:00:00+09:00,1370.401904296875,1514.654736328125,1346.359765625,1442.5283203125,746236,0.0,0.0
2010-08-05 00:00:00+09:00,1442.5280968617585,1466.5702318094545,1346.3595570709747,1418.4859619140625,454211,0.0,0.0
2010-08-06 00:00:00+09:00,1418.485982960668,1538.6966594827586,1370.4017123518317,1394.44384765625,730210,0.0,0.0
2010-08-09 00:00:00+09:00,1418.4861816406249,1466.570458984375,1418.4861816406249,1442.5283203125,212591,0.0,0.0
2010-08-10 00:00:00+09:00,1442.5283203125,1466.570458984375,1418.4861816406249,1442.5283203125,204285,0.0,0.0
2010-08-11 00:00:00+09:00,1442.5280968617585,1442.5280968617585,1394.4438269663665,1418.4859619140625,210378,0.0,0.0
2010-08-12 00:00:00+09:00,1442.5280968617585,1514.6545017048466,1394.4438269663665,1418.4859619140625,687941,0.0,0.0
2010-08-13 00:00:00+09:00,1418.4861816406249,1466.570458984375,1394.44404296875,1442.5283203125,110812,0.0,0.0
2010-08-16 00:00:00+09:00,1514.6544799804688,1658.9072875976562,1466.5702107747397,1586.7808837890625,1183722,0.0,0.0
2010-08-17 00:00:00+09:00,1586.7808837890625,1682.949422200521,1514.6544799804688,1586.7808837890625,607188,0.0,0.0
2010-08-18 00:00:00+09:00,1586.7808198474702,1586.7808198474702,1490.61228531126,1514.6544189453125,180988,0.0,0.0
2010-08-19 00:00:00+09:00,1562.738790512085,1634.8651962280273,1538.6966552734375,1538.6966552734375,359530,0.0,0.0
2010-08-20 00:00:00+09:00,1562.738749186198,1586.7808837890625,1538.6966145833335,1586.7808837890625,91870,0.0,0.0
2010-08-23 00:00:00+09:00,1586.7809044471153,1610.8230393629808,1538.6966346153847,1562.73876953125,161325,0.0,0.0
2010-08-24 00:00:00+09:00,1562.7386862134176,1562.7386862134176,1514.6544189453125,1514.6544189453125,100993,0.0,0.0
2010-08-25 00:00:00+09:00,1514.6545850409836,1562.7388575819673,1418.4860399590164,1466.5703125,147478,0.0,0.0
2010-08-26 00:00:00+09:00,1490.6123667571505,1514.6545017048466,1418.4859619140625,1418.4859619140625,155564,0.0,0.0
2010-08-27 00:00:00+09:00,1418.4859619140625,1442.5280968617585,1346.3595570709747,1418.4859619140625,187660,0.0,0.0
2010-08-30 00:00:00+09:00,1418.4860190114669,1490.6124267578125,1418.4860190114669,1490.6124267578125,296785,0.0,0.0
2010-08-31 00:00:00+09:00,1466.5702318094545,1490.6123667571505,1418.4859619140625,1418.4859619140625,302135,0.0,0.0
2010-09-01 00:00:00+09:00,1418.4861816406249,1538.6968749999999,1418.4861816406249,1442.5283203125,292989,0.0,0.0
2010-09-02 00:00:00+09:00,1442.528118265086,1514.6545241783404,1346.3595770474137,1394.44384765625,499702,0.0,0.0
2010-09-03 00:00:00+09:00,1418.4860190114669,1490.6124267578125,1418.4860190114669,1490.6124267578125,415597,0.0,0.0
2010-09-06 00:00:00+09:00,,,,,0,0.0,0.2
2010-09-17 00:00:00+09:00,1490.6125133030187,1697.374894180534,1269.4248500386998,1553.1220703125,807174,0.0,0.0
2010-09-20 00:00:00+09:00,1639.6737517849556,1649.2906066341343,1538.69677586858,1591.5894775390625,262234,0.0,0.0
2010-09-24 00:00:00+09:00,1620.4400089178055,1620.4400089178055,1490.6124711113343,1495.4208984375,144685,0.0,0.0
2010-09-27 00:00:00+09:00,1471.378750887784,1519.4630237926135,1418.4860506924715,1428.1029052734375,244635,0.0,0.0
2010-09-28 00:00:00+09:00,1490.6123701108047,1490.6123701108047,1399.2522571040136,1471.378662109375,95488,0.0,0.0
2010-09-29 00:00:00+09:00,1452.1450417258523,1461.7618963068182,1394.4439142400568,1428.1029052734375,199968,0.0,0.0
2010-09-30 00:00:00+09:00,1514.6543230329241,1514.6543230329241,1408.8689417417356,1413.6773681640625,230544,0.0,0.0
2010-10-01 00:00:00+09:00,1413.6775558997845,1413.6775558997845,1341.5511499865302,1394.44384765625,245782,0.0,0.0
2010-10-04 00:00:00+09:00,1394.44389125279,1413.6776000976563,1327.1259102957588,1346.359619140625,168230,0.0,0.0
2010-10-05 00:00:00+09:00,1346.3594777960527,1346.3594777960527,1269.424650493421,1279.04150390625,129462,0.0,0.0
2010-10-06 00:00:00+09:00,1279.0416474609374,1279.0416474609374,1091.5129848632812,1202.1068115234375,1151238,0.0,0.0
2010-10-07 00:00:00+09:00,1202.1067899816176,1235.765780101103,1154.022518382353,1226.14892578125,233824,0.0,0.0
2010-10-08 00:00:00+09:00,1226.1488900533536,1240.5741711128048,1163.6393387957316,1182.873046875,169854,0.0,0.0
2010-10-11 00:00:00+09:00,1125.1719755859374,1235.7658022460937,1125.1719755859374,1202.1068115234375,167655,0.0,0.0
2010-10-12 00:00:00+09:00,1202.1067444707305,1365.59326171875,1202.1067444707305,1365.59326171875,306889,0.0,0.0
2010-10-13 00:00:00+09:00,1394.4440071849617,1394.4440071849617,1283.8501721323612,1331.9344482421875,245385,0.0,0.0
2010-10-14 00:00:00+09:00,1312.7005734650986,1365.5932705644248,1312.7005734650986,1327.1258544921875,67630,0.0,0.0
2010-10-15 00:00:00+09:00,1298.2752924380095,1370.4016975734546,1283.8500114109206,1327.1258544921875,108044,0.0,0.0
2010-10-18 00:00:00+09:00,1307.8922575739505,1307.8922575739505,1245.3827011457836,1259.8079833984375,160133,0.0,0.0
2010-10-19 00:00:00+09:00,1259.807869978777,1264.6162969634288,1211.7236001322588,1221.3404541015625,130938,0.0,0.0
2010-10-20 00:00:00+09:00,1240.5744191923031,1269.424987080496,1202.106995341379,1235.7659912109375,82516,0.0,0.0
2010-10-21 00:00:00+09:00,1226.1488164857376,1264.6162303362707,1226.1488164857376,1240.5740966796875,93000,0.0,0.0
2010-10-22 00:00:00+09:00,1230.957375,1269.42479296875,1192.48995703125,1202.1068115234375,162808,0.0,0.0
2010-10-25 00:00:00+09:00,1158.8308725357056,1240.5741291046143,1158.8308725357056,1230.957275390625,129800,0.0,0.0
2010-10-26 00:00:00+09:00,1206.9151288058918,1240.574116461833,1202.1067019979002,1216.531982421875,89013,0.0,0.0
2010-10-27 00:00:00+09:00,1206.915173147607,1240.5741620401698,1206.915173147607,1221.3404541015625,80592,0.0,0.0
2010-10-28 00:00:00+09:00,1250.191083984375,1250.191083984375,1202.1068115234375,1202.1068115234375,84471,0.0,0.0
2010-10-29 00:00:00+09:00,1211.7237548828125,1230.9574652777778,1187.681616889106,1211.7237548828125,65678,0.0,0.0
2010-11-01 00:00:00+09:00,1211.723536291788,1245.3825234110043,1202.1066828291546,1240.5740966796875,159908,0.0,0.0
2010-11-02 00:00:00+09:00,1226.1489696716994,1360.784934968984,1226.1489696716994,1283.85009765625,283866,0.0,0.0
2010-11-03 00:00:00+09:00,1283.8499007274881,1442.5279783454923,1283.8499007274881,1380.0184326171875,341713,0.0,0.0
2010-11-04 00:00:00+09:00,1380.018759765625,1514.654736328125,1360.785048828125,1442.5283203125,451916,0.0,0.0
2010-11-05 00:00:00+09:00,1490.6124034680818,1505.0376847919665,1413.677569740697,1461.7618408203125,155591,0.0,0.0
2010-11-08 00:00:00+09:00,1490.6123860677083,1490.6123860677083,1250.1910334761424,1341.5511474609375,198708,0.0,0.0
2010-11-09 00:00:00+09:00,1336.7425454068346,1442.5279266980228,1303.0835604505473,1413.6773681640625,62356,0.0,0.0
2010-11-10 00:00:00+09:00,1428.1029052734375,1432.9113325639205,1389.6354869495738,1428.1029052734375,46118,0.0,0.0
2010-11-11 00:00:00+09:00,1418.486004745751,1428.1028590152139,1341.5511705900492,1370.4017333984375,201846,0.0,0.0
2010-11-12 00:00:00+09:00,1418.4861452398748,1418.4861452398748,1317.5091654092396,1331.9344482421875,126270,0.0,0.0
2010-11-15 00:00:00+09:00,1331.9343375069755,1375.210182407924,1274.2332109723773,1346.359619140625,96971,0.0,0.0
2010-11-16 00:00:00+09:00,1346.3595625283062,1351.1679895373359,1288.6584384199502,1327.1258544921875,86470,0.0,0.0
2010-11-17 00:00:00+09:00,1327.1258688038793,1404.0607017780171,1269.4247440732759,1394.44384765625,160183,0.0,0.0
2010-11-18 00:00:00+09:00,1394.4439142400568,1432.9113325639205,1365.593350497159,1375.210205078125,92113,0.0,0.0
2010-11-19 00:00:00+09:00,1418.4859926480774,1418.4859926480774,1341.5511591485206,1355.9764404296875,21310,0.0,0.0
2010-11-22 00:00:00+09:00,1336.7427320547984,1413.6775655543552,1336.7427320547984,1355.9764404296875,80763,0.0,0.0
2010-11-23 00:00:00+09:00,1375.210182407924,1384.8270368303572,1341.5511919294083,1346.359619140625,82205,0.0,0.0
2010-11-24 00:00:00+09:00,1288.6585245475496,1346.359652512365,1250.191105904339,1336.7427978515625,189478,0.0,0.0
2010-11-25 00:00:00+09:00,1336.7427867542613,1389.6354869495738,1336.7427867542613,1375.210205078125,70219,0.0,0.0
2010-11-26 00:00:00+09:00,1389.6354300857436,1428.1028468355219,1331.9343049610761,1355.9764404296875,117826,0.0,0.0
2010-11-29 00:00:00+09:00,1346.3594777960527,1346.3594777960527,1279.04150390625,1279.04150390625,103200,0.0,0.0
2010-11-30 00:00:00+09:00,1254.9994579713737,1312.7005824758046,1254.9994579713737,1288.658447265625,45943,0.0,0.0
2010-12-01 00:00:00+09:00,1327.12594319076,1341.551225181964,1283.8500972171482,1336.7427978515625,101636,0.0,0.0
2010-12-02 00:00:00+09:00,1365.5933618339704,1365.5933618339704,1312.700661199556,1336.7427978515625,64106,0.0,0.0
2010-12-03 00:00:00+09:00,1341.5511474609375,1346.3595745127689,1307.8921580981182,1341.5511474609375,120765,0.0,0.0
2010-12-06 00:00:00+09:00,1341.5512031042954,1389.6354756169942,1341.5512031042954,1360.784912109375,44148,0.0,0.0
2010-12-07 00:00:00+09:00,1365.5931039407951,1519.4627494552508,1341.5509718291614,1413.6773681640625,273174,0.0,0.0
2010-12-08 00:00:00+09:00,1471.3787388885821,1471.3787388885821,1360.784912109375,1360.784912109375,57423,0.0,0.0
2010-12-09 00:00:00+09:00,1360.7850139080833,1413.6777176288922,1322.3175930202221,1331.9344482421875,90079,0.0,0.0
2010-12-10 00:00:00+09:00,1331.9342647186697,1423.2943767390839,1331.9342647186697,1404.0606689453125,103980,0.0,0.0
2010-12-13 00:00:00+09:00,1442.5281642638531,1442.5281642638531,1375.2101832648732,1399.2523193359375,55139,0.0,0.0
2010-12-14 00:00:00+09:00,1360.784912109375,1404.060757370804,1322.317494099216,1360.784912109375,125497,0.0,0.0
2010-12-15 00:00:00+09:00,1360.784934503569,1365.5933618339704,1303.0838065387534,1336.7427978515625,62693,0.0,0.0
2010-12-16 00:00:00+09:00,1346.3595745127689,1360.7848556682627,1312.7005851499496,1341.5511474609375,76228,0.0,0.0
2010-12-17 00:00:00+09:00,1375.2101034252669,1384.8269572953736,1317.5089802046264,1351.16796875,58356,0.0,0.0
2010-12-20 00:00:00+09:00,1380.0186096191405,1380.0186096191405,1307.8922014508928,1346.359619140625,42729,0.0,0.0
2010-12-21 00:00:00+09:00,1322.3174417429957,1404.0607017780171,1322.3174417429957,1394.44384765625,176345,0.0,0.0
2010-12-22 00:00:00+09:00,1394.4437635542956,1442.5280312630643,1375.210056470788,1437.7196044921875,148733,0.0,0.0
2010-12-23 00:00:00+09:00,1437.7197817560077,1509.8461922119945,1404.0607902098805,1456.9534912109375,188417,0.0,0.0
2010-12-24 00:00:00+09:00,1442.5281549269155,1490.6124267578125,1428.1028733776461,1490.6124267578125,123311,0.0,0.0
2010-12-27 00:00:00+09:00,1711.800048828125,1711.800048828125,1711.800048828125,1711.800048828125,49487,0.0,0.0
2010-12-28 00:00:00+09:00,1966.6466064453125,1966.6466064453125,1966.6466064453125,1966.6466064453125,33490,0.0,0.0
2010-12-29 00:00:00+09:00,2259.960693359375,2259.960693359375,2259.960693359375,2259.960693359375,88799,0.0,0.0
2010-12-30 00:00:00+09:00,2596.55078125,2596.55078125,2596.55078125,2596.55078125,79393,0.0,0.0
2011-01-03 00:00:00+09:00,2986.03369140625,2986.03369140625,2986.03369140625,2986.03369140625,564478,0.0,0.0
2011-01-04 00:00:00+09:00,3413.9833885347603,3423.600243150351,2986.0333581409664,3082.201904296875,19084240,0.0,0.0
2011-01-05 00:00:00+09:00,3000.4582353784403,3313.0059682303613,2620.592529296875,2620.592529296875,20246520,0.0,0.0
2011-01-06 00:00:00+09:00,2635.0180626930846,2755.2287407356525,2370.554570999436,2529.232666015625,10843850,0.0,0.0
2011-01-07 00:00:00+09:00,2529.232511578184,2702.335877389619,2452.2976823286576,2538.849365234375,9740800,0.0,0.0
2011-01-10 00:00:00+09:00,2586.934019166116,2918.7155197654874,2509.999178447421,2726.37841796875,17525300,0.0,0.0
2011-01-11 00:00:00+09:00,2711.952542299724,2716.760968793163,2461.9143646408843,2610.9755859375,4554483,0.0,0.0
2011-01-12 00:00:00+09:00,2673.485644158516,2687.91092641117,2490.765402291567,2519.615966796875,2869808,0.0,0.0
2011-01-13 00:00:00+09:00,2476.339939837475,2495.5736481080576,2375.362971416918,2394.5966796875,1813862,0.0,0.0
2011-01-14 00:00:00+09:00,2346.5125994988207,2586.93397239829,2259.9609052550118,2548.466552734375,3450162,0.0,0.0
2011-01-17 00:00:00+09:00,2461.9149305555557,2582.1256205240884,2404.2137993706597,2423.447509765625,1270328,0.0,0.0
2011-01-18 00:00:00+09:00,2423.447418445849,2625.4013699830034,2341.7041523474772,2519.615966796875,2280400,0.0,0.0
2011-01-19 00:00:00+09:00,2524.4242730541764,2601.359108042494,2476.340001186478,2572.508544921875,1800102,0.0,0.0
2011-01-20 00:00:00+09:00,2538.8497445913463,2668.677288348858,2485.9570415790263,2500.38232421875,1953395,0.0,0.0
2011-01-21 00:00:00+09:00,2457.1063112070865,2534.041146783042,2308.045067278672,2389.788330078125,1522643,0.0,0.0
2011-01-24 00:00:00+09:00,2351.321122966829,2433.0643930904203,2317.6621293865264,2346.5126953125,588440,0.0,0.0
2011-01-25 00:00:00+09:00,2365.7460999438426,2437.8725054299352,2274.385986328125,2274.385986328125,813003,0.0,0.0
2011-01-26 00:00:00+09:00,2264.7694421716637,2264.7694421716637,2082.049189937007,2134.94189453125,1311970,0.0,0.0
2011-01-27 00:00:00+09:00,2183.0261331971415,2245.535692077236,2134.9418571355304,2197.451416015625,775185,0.0,0.0
2011-01-28 00:00:00+09:00,2211.876708984375,2356.129537831182,2149.3671498174253,2211.876708984375,1213875,0.0,0.0
2011-01-31 00:00:00+09:00,2163.7921256308227,2360.93763041052,2149.366844793284,2322.47021484375,861826,0.0,0.0
2011-02-01 00:00:00+09:00,2322.470238808474,2389.7882167449516,2288.811249840235,2351.32080078125,524619,0.0,0.0
2011-02-07 00:00:00+09:00,2346.5123568997524,2490.765165725557,2293.619660330291,2428.255615234375,781984,0.0,0.0
2011-02-08 00:00:00+09:00,2428.2557157628676,2529.2326861213237,2380.1714441636027,2452.2978515625,805906,0.0,0.0
2011-02-09 00:00:00+09:00,2423.4473220736995,2519.6158666004335,2394.5967587156792,2495.57373046875,626110,0.0,0.0
2011-02-10 00:00:00+09:00,2490.765096953421,2687.9105969053326,2452.2976823286576,2538.849365234375,1186136,0.0,0.0
2011-02-11 00:00:00+09:00,2543.657804499912,2577.3167924611585,2476.3398285774188,2553.274658203125,636169,0.0,0.0
2011-02-14 00:00:00+09:00,2562.8915958128114,2654.251708984375,2500.382044695426,2654.251708984375,1108365,0.0,0.0
2011-02-15 00:00:00+09:00,2673.485120960979,2702.3356798202703,2606.1671502893,2687.910400390625,1024009,0.0,0.0
2011-02-16 00:00:00+09:00,2692.7191881535173,2707.144469518625,2442.6809778249763,2529.232666015625,2077759,0.0,0.0
2011-02-17 00:00:00+09:00,2548.4665342536105,2567.7002439460907,2409.02213898313,2413.83056640625,801150,0.0,0.0
2011-02-18 00:00:00+09:00,2495.5737637606535,2644.635009765625,2413.830499822443,2644.635009765625,599925,0.0,0.0
2011-02-21 00:00:00+09:00,2683.1022297597865,2721.5696452402135,2572.508410253559,2702.3359375,1082881,0.0,0.0
2011-02-22 00:00:00+09:00,2740.8036534926473,3106.244140625,2740.8036534926473,3106.244140625,3694987,0.0,0.0
2011-02-23 00:00:00+09:00,3212.0294081106695,3409.1749256743483,3010.07546328934,3250.496826171875,5850272,0.0,0.0
2011-02-24 00:00:00+09:00,3173.5621259613304,3231.2632555242635,2769.6542190207974,2774.462646484375,3025129,0.0,0.0
2011-02-25 00:00:00+09:00,2836.9721446021554,2990.8418202415946,2586.933921688067,2913.906982421875,2168264,0.0,0.0
2011-02-28 00:00:00+09:00,2981.2247707768156,3024.5006142235757,2798.5045428904946,2880.247802734375,917840,0.0,0.0
2011-03-02 00:00:00+09:00,2716.761151175214,2870.6308092948716,2702.3358707264956,2812.9296875,845235,0.0,0.0
2011-03-03 00:00:00+09:00,2793.696149725663,3077.3933490953946,2731.186597322163,2923.523681640625,1223210,0.0,0.0
2011-03-04 00:00:00+09:00,2894.6728899217474,3014.8835581078665,2880.247609739413,2937.94873046875,1030028,0.0,0.0
2011-03-07 00:00:00+09:00,2928.3322734560716,3221.646343539521,2899.4817091855684,3034.11767578125,1984246,0.0,0.0
2011-03-08 00:00:00+09:00,3058.159723084758,3149.519840598296,2986.033314521438,3024.500732421875,1345130,0.0,0.0
2011-03-09 00:00:00+09:00,3149.5200490616207,3471.684695301512,3087.0104908359704,3418.7919921875,5488180,0.0,0.0
2011-03-10 00:00:00+09:00,3428.408667799017,3928.485107421875,3428.408667799017,3928.485107421875,6024994,0.0,0.0
2011-03-11 00:00:00+09:00,4125.630665934505,4515.11328125,4087.1632471379125,4515.11328125,2541941,0.0,0.0
2011-03-14 00:00:00+09:00,4625.706398745502,4981.529967879771,3841.932861328125,3841.932861328125,15140210,0.0,0.0
2011-03-15 00:00:00+09:00,3793.8484205913205,4207.373090009386,3279.34679701303,4082.35400390625,16486640,0.0,0.0
2011-03-16 00:00:00+09:00,4250.649259752398,4375.668355627469,3880.4003988916124,4260.26611328125,8969859,0.0,0.0
2011-03-17 00:00:00+09:00,3942.91106999269,4245.842042443348,3942.91106999269,4111.2060546875,3846101,0.0,0.0
2011-03-18 00:00:00+09:00,4154.481042654028,4202.565313981043,4000.611374407583,4058.3125,2953985,0.0,0.0
2011-03-21 00:00:00+09:00,3986.1860285345115,4183.33153778652,3981.3776014795844,4077.546142578125,2207221,0.0,0.0
2011-03-22 00:00:00+09:00,4096.780016255823,4154.481143245342,3851.5502265503687,3870.783935546875,2589365,0.0,0.0
2011-03-23 00:00:00+09:00,3870.7841484031487,3976.569553701123,3793.84930818644,3827.50830078125,2137963,0.0,0.0
2011-03-24 00:00:00+09:00,3851.550143024114,3856.358570168963,3659.2130572301508,3664.021484375,1763692,0.0,0.0
2011-03-25 00:00:00+09:00,3654.404396524235,3914.059445750957,3548.619006098533,3769.806640625,2442839,0.0,0.0
2011-03-28 00:00:00+09:00,3774.615276902722,3904.4428087197584,3673.638307711694,3726.531005859375,1179999,0.0,0.0
2011-03-29 00:00:00+09:00,3673.6384263780383,3745.764835272895,3385.132790798611,3462.067626953125,1826984,0.0,0.0
2011-03-30 00:00:00+09:00,3534.193828743948,3572.6612445670116,3389.9410194074603,3413.983154296875,1463555,0.0,0.0
2011-03-31 00:00:00+09:00,3413.9833543565537,3490.9181905110677,3394.7496453179256,3462.067626953125,930950,0.0,0.0
2011-04-01 00:00:00+09:00,3481.3012902211335,3529.385562185514,3394.749600685249,3404.366455078125,875096,0.0,0.0
2011-04-04 00:00:00+09:00,3433.2171084381816,3433.2171084381816,3284.1558614331625,3308.197998046875,1145389,0.0,0.0
2011-04-05 00:00:00+09:00,3375.515593517897,3803.465576171875,3370.7071667465034,3803.465576171875,4116270,0.0,0.0
2011-04-06 00:00:00+09:00,3894.826105291193,3938.1019509055395,3625.5541770241475,3702.489013671875,3441353,0.0,0.0
2011-04-07 00:00:00+09:00,3740.9562516573515,3769.8068140094647,3644.7877104836407,3683.255126953125,1173034,0.0,0.0
2011-04-08 00:00:00+09:00,3769.806963315217,4120.822152501456,3697.680554578319,3870.783935546875,3567334,0.0,0.0
2011-04-11 00:00:00+09:00,3841.9330176032295,3841.9330176032295,3688.0633598268796,3740.9560546875,1107355,0.0,0.0
2011-04-12 00:00:00+09:00,3750.573486328125,4010.2285738431488,3673.6386455829324,3750.573486328125,1782115,0.0,0.0
2011-04-13 00:00:00+09:00,3817.8909215672647,3890.017324367654,3721.7223845000794,3784.23193359375,1041743,0.0,0.0
2011-04-14 00:00:00+09:00,3740.9561683713027,3885.2089769203244,3707.297179709864,3779.423583984375,1009104,0.0,0.0
2011-04-15 00:00:00+09:00,3769.8068009561566,3909.2511851751983,3755.381519830049,3865.975341796875,1290888,0.0,0.0
2011-04-18 00:00:00+09:00,3914.0598675271735,4375.668893672884,3832.3166024805373,4091.9716796875,5189034,0.0,0.0
2011-04-19 00:00:00+09:00,4164.097896919431,4317.967565165876,4029.4619372037914,4058.3125,2490257,0.0,0.0
2011-04-20 00:00:00+09:00,4048.6957437645574,4096.780016255823,3846.7417993012423,3870.783935546875,1498423,0.0,0.0
2011-04-21 00:00:00+09:00,3846.7414826874206,3918.8678854878094,3721.7223845000794,3784.23193359375,1189309,0.0,0.0
2011-04-22 00:00:00+09:00,3726.531398941136,3890.017937733392,3514.9605840335103,3822.699951171875,1267911,0.0,0.0
2011-04-25 00:00:00+09:00,3827.5080452494485,3909.2513075223637,3798.657482094302,3813.082763671875,603505,0.0,0.0
2011-04-26 00:00:00+09:00,3817.89108459632,3817.89108459632,3654.4045646010118,3683.255126953125,783499,0.0,0.0
2011-04-27 00:00:00+09:00,3731.3389910505675,3731.3389910505675,3591.8946215396572,3601.511474609375,710147,0.0,0.0
2011-04-28 00:00:00+09:00,3587.0866041666663,3654.404583333333,3529.3854791666663,3606.3203125,482078,0.0,0.0
2011-04-29 00:00:00+09:00,3606.320161286025,3683.25499139346,3510.151623651731,3524.576904296875,460904,0.0,0.0
2011-05-02 00:00:00+09:00,3558.235750185766,3673.6379907323317,3510.151483291364,3639.97900390625,404672,0.0,0.0
2011-05-03 00:00:00+09:00,3697.6807785337332,3760.1903365583607,3606.32065526697,3630.36279296875,548264,0.0,0.0
2011-05-04 00:00:00+09:00,3606.3203786077834,3664.021504665508,3567.852961235967,3587.086669921875,292528,0.0,0.0
2011-05-06 00:00:00+09:00,3611.1287278018326,3644.7877172753515,3548.61917592244,3591.89501953125,378189,0.0,0.0
2011-05-09 00:00:00+09:00,3635.1709860096807,3635.1709860096807,3534.1940141760783,3539.00244140625,290260,0.0,0.0
2011-05-11 00:00:00+09:00,3558.2360723901797,3591.895062264141,3519.768655391367,3543.810791015625,294861,0.0,0.0
2011-05-12 00:00:00+09:00,3543.8107991763145,3587.0866433996343,3413.9832665063545,3452.45068359375,525224,0.0,0.0
2011-05-13 00:00:00+09:00,3452.4506245554767,3505.343322146159,3356.282083481508,3380.32421875,345147,0.0,0.0
2011-05-16 00:00:00+09:00,3365.898747634324,3370.7071744166587,3212.029090599612,3255.304931640625,451238,0.0,0.0
2011-05-17 00:00:00+09:00,3221.6459471892117,3255.3049346971584,3014.88359535468,3072.584716796875,670266,0.0,0.0
2011-05-18 00:00:00+09:00,3082.201676953125,3082.201676953125,2933.14044140625,3005.266845703125,608496,0.0,0.0
2011-05-19 00:00:00+09:00,2986.0331734738515,3308.1977831723184,2961.991038421727,3048.542724609375,990442,0.0,0.0
2011-05-20 00:00:00+09:00,3048.5430300878097,3072.5851675490703,2880.2480678589873,2909.0986328125,404742,0.0,0.0
2011-05-23 00:00:00+09:00,2827.355438390544,2832.1638660068543,2740.8037412969556,2784.07958984375,424347,0.0,0.0
2011-05-24 00:00:00+09:00,2649.4434891396936,2861.0142940800683,2649.4434891396936,2822.546875,272343,0.0,0.0
2011-05-25 00:00:00+09:00,2846.5891348117057,2904.290265922754,2649.443603515625,2649.443603515625,319173,0.0,0.0
2011-05-26 00:00:00+09:00,2659.0601024888965,2808.121337890625,2659.0601024888965,2808.121337890625,251244,0.0,0.0
2011-05-27 00:00:00+09:00,2812.9294570611446,2928.3316911969864,2740.8030607262435,2827.354736328125,299524,0.0,0.0
2011-05-30 00:00:00+09:00,2841.7804366262335,2861.014145165159,2702.3360497190242,2740.803466796875,170035,0.0,0.0
2011-05-31 00:00:00+09:00,2735.9949097946856,2971.607828212857,2649.443225477806,2779.270751953125,343832,0.0,0.0
2011-06-01 00:00:00+09:00,2721.5699019980643,2769.6541758849557,2702.3361924433075,2716.761474609375,200816,0.0,0.0
2011-06-02 00:00:00+09:00,2668.6771462180395,2707.1445645419035,2596.5507368607955,2644.635009765625,254705,0.0,0.0
2011-06-03 00:00:00+09:00,2635.0181779611426,2692.719305945693,2404.2136660229403,2567.7001953125,290645,0.0,0.0
2011-06-07 00:00:00+09:00,2481.148383350263,2567.7000711415512,2481.148383350263,2514.807373046875,152539,0.0,0.0
2011-06-08 00:00:00+09:00,2514.807449707031,2543.6580131835935,2360.9377778320313,2404.213623046875,227931,0.0,0.0
2011-06-09 00:00:00+09:00,2341.704039956922,2606.167535229264,2336.8956127701517,2572.508544921875,322282,0.0,0.0
2011-06-10 00:00:00+09:00,2750.4202068505338,2822.5466108763344,2601.358971863879,2702.3359375,687489,0.0,0.0
2011-06-13 00:00:00+09:00,2788.887928115325,3106.244140625,2750.4205084171826,3106.244140625,2379185,0.0,0.0
2011-06-14 00:00:00+09:00,3120.6694230118032,3168.7536976344813,2913.907042134288,3106.244140625,1571367,0.0,0.0
2011-06-15 00:00:00+09:00,3106.243782450039,3221.6460282376565,2981.224682846787,3067.7763671875,902531,0.0,0.0
2011-06-16 00:00:00+09:00,3058.159358129153,3058.159358129153,2861.0138649164246,2894.6728515625,471854,0.0,0.0
2011-06-17 00:00:00+09:00,2933.1404303825625,2933.1404303825625,2659.0600950845196,2702.3359375,584123,0.0,0.0
2011-06-20 00:00:00+09:00,2692.7191540948274,2827.355111799569,2644.6348834859914,2788.8876953125,325422,0.0,0.0
2011-06-21 00:00:00+09:00,2827.355223746687,2827.355223746687,2702.3361152136704,2721.56982421875,290654,0.0,0.0
2011-06-22 00:00:00+09:00,2750.4201691060125,2750.4201691060125,2630.209497379351,2659.06005859375,262468,0.0,0.0
2011-06-23 00:00:00+09:00,2659.06018282843,2788.8877143589316,2615.784338984929,2711.952880859375,375754,0.0,0.0
2011-06-24 00:00:00+09:00,2735.9949097946856,2861.0140093635114,2707.1443483557255,2779.270751953125,482982,0.0,0.0
2011-06-27 00:00:00+09:00,2630.2098931452756,2779.271148515483,2606.1677551823386,2649.443603515625,640650,0.0,0.0
2011-06-28 00:00:00+09:00,2644.635224121996,2707.14478396488,2577.3172365988908,2601.359375,453875,0.0,0.0
2011-06-29 00:00:00+09:00,2610.975623039546,2644.634608971916,2524.423944927738,2562.891357421875,259393,0.0,0.0
2011-06-30 00:00:00+09:00,2558.083318536932,2649.443437056108,2476.3400545987215,2644.635009765625,540146,0.0,0.0
2011-07-01 00:00:00+09:00,2692.719055706522,2966.7993881623643,2649.44321373981,2764.845458984375,1103944,0.0,0.0
2011-07-04 00:00:00+09:00,2798.504549434267,2856.2056741648707,2750.420278825431,2788.8876953125,390250,0.0,0.0
2011-07-05 00:00:00+09:00,2788.8880859375,2981.2251953125,2755.229091796875,2885.056640625,781295,0.0,0.0
2011-07-06 00:00:00+09:00,2889.8648583901195,2928.3322774701874,2817.7384476149914,2822.546875,362729,0.0,0.0
2011-07-07 00:00:00+09:00,2817.738360082887,2928.3321865025227,2760.037233255251,2918.71533203125,518785,0.0,0.0
2011-07-08 00:00:00+09:00,2961.990909352022,3298.5807854147515,2957.1824825511258,3269.730224609375,3043621,0.0,0.0
2011-07-11 00:00:00+09:00,3341.8568229166667,3635.170875,3337.0483958333334,3606.3203125,3311167,0.0,0.0
2011-07-12 00:00:00+09:00,3591.895207355932,3731.339599609375,3399.558114592562,3731.339599609375,3159326,0.0,0.0
2011-07-13 00:00:00+09:00,3702.489163179256,3716.9144456332015,3572.66162109375,3572.66162109375,1352642,0.0,0.0
2011-07-14 00:00:00+09:00,3577.4698933547916,3827.5081117075456,3462.0676387304434,3688.063720703125,1908070,0.0,0.0
2011-07-15 00:00:00+09:00,3712.1058570831974,3808.274402603488,3668.830011599067,3688.063720703125,991126,0.0,0.0
2011-07-18 00:00:00+09:00,3750.573051423027,3750.573051423027,3668.8297926099613,3716.9140625,643021,0.0,0.0
2011-07-19 00:00:00+09:00,3716.9138309372934,3721.7222576267336,3548.6188968068855,3639.97900390625,823290,0.0,0.0
2011-07-20 00:00:00+09:00,3639.979093649642,3712.105495769516,3606.3201059937005,3649.595947265625,631979,0.0,0.0
2011-07-21 00:00:00+09:00,3683.255192954396,3822.6995801550197,3630.362494361056,3664.021484375,818522,0.0,0.0
2011-07-22 00:00:00+09:00,3683.2553264185326,3779.423872800218,3683.2553264185326,3731.339599609375,623308,0.0,0.0
2011-07-25 00:00:00+09:00,3779.4238894338564,4289.1171875,3750.5733253923763,4289.1171875,3049128,0.0,0.0
2011-07-26 00:00:00+09:00,4370.860317382812,4875.745172526042,4154.48109375,4327.58447265625,6930504,0.0,0.0
2011-07-27 00:00:00+09:00,4414.135754911442,4471.836875890676,4245.8408187220075,4428.56103515625,2916718,0.0,0.0
2011-07-28 00:00:00+09:00,4394.90235546449,4630.515282617401,4212.182126243866,4409.32763671875,2734007,0.0,0.0
2011-07-29 00:00:00+09:00,4471.837116647274,4606.473072847407,4414.1359925615025,4519.92138671875,2067310,0.0,0.0
2011-08-01 00:00:00+09:00,4577.622199592668,4904.595213849288,4524.729506109979,4721.875,1990394,0.0,0.0
2011-08-02 00:00:00+09:00,4789.193361420157,4846.894486256544,4390.093914635144,4592.0478515625,1468656,0.0,0.0
2011-08-03 00:00:00+09:00,4433.369983828965,4491.071111601143,4144.864344968078,4471.83740234375,1065095,0.0,0.0
2011-08-04 00:00:00+09:00,4471.837288411458,4644.940667317708,4274.6917735460065,4327.58447265625,1185447,0.0,0.0
2011-08-05 00:00:00+09:00,3731.3396280111633,4606.47340674574,3721.7227732997944,4091.9716796875,2825441,0.0,0.0
2011-08-08 00:00:00+09:00,3865.9755885074014,4216.990784976357,3490.918255293997,3654.40478515625,1868248,0.0,0.0
2011-08-09 00:00:00+09:00,3380.323974609375,3514.9599223889804,3106.24365234375,3197.603759765625,2903457,0.0,0.0
2011-08-10 00:00:00+09:00,3548.6190831049576,3673.63818359375,3394.7494209649053,3673.63818359375,1912223,0.0,0.0
2011-08-11 00:00:00+09:00,3308.1977145094743,4120.8218624049705,3308.1977145094743,3933.293212890625,2931376,0.0,0.0
2011-08-12 00:00:00+09:00,4140.055316675489,4370.8597942601855,4039.078357732185,4116.01318359375,2061540,0.0,0.0
2011-08-16 00:00:00+09:00,4423.753574346405,4486.263135723039,4308.351307189542,4414.13671875,1276172,0.0,0.0
2011-08-17 00:00:00+09:00,4452.602940871885,4673.790559964873,4375.668116839542,4534.34619140625,1589168,0.0,0.0
2011-08-18 00:00:00+09:00,4688.2168477751675,5212.33544921875,4630.515717341012,5212.33544921875,4969199,0.0,0.0
2011-08-19 00:00:00+09:00,5010.38134765625,5606.626344882137,4798.8105421889995,5010.38134765625,9113752,0.0,0.0
2011-08-22 00:00:00+09:00,5010.381133897569,5193.1013671875,4269.883346354167,4327.58447265625,3492905,0.0,0.0
2011-08-23 00:00:00+09:00,4423.752766927084,4789.193212890626,4423.752766927084,4616.08984375,2170633,0.0,0.0
2011-08-24 00:00:00+09:00,4837.277482096354,4856.511189778646,4423.752766927084,4616.08984375,1690703,0.0,0.0
2011-08-25 00:00:00+09:00,4779.57625534188,4846.8942307692305,4342.0094150641025,4500.6875,1502538,0.0,0.0
2011-08-26 00:00:00+09:00,4543.963439941406,4904.595458984375,4471.8370361328125,4616.08984375,3062079,0.0,0.0
2011-08-29 00:00:00+09:00,4736.300566245499,4789.193262924383,4654.557307741769,4673.791015625,1355943,0.0,0.0
2011-08-30 00:00:00+09:00,4779.576290496999,5327.736951580156,4635.3234849488,5106.54931640625,6589314,0.0,0.0
2011-08-31 00:00:00+09:00,5154.634329927884,5241.186025766226,4923.829807692307,5000.7646484375,2519941,0.0,0.0
2011-09-01 00:00:00+09:00,5058.46533203125,5145.017020221899,4962.296789597196,5058.46533203125,2227857,0.0,0.0
2011-09-02 00:00:00+09:00,5096.932971968633,5241.185791930009,5048.848698648174,5135.400390625,2377016,0.0,0.0
2011-09-05 00:00:00+09:00,4943.063871884394,5193.102122213177,4779.577323592497,4798.81103515625,1892260,0.0,0.0
2011-09-06 00:00:00+09:00,4635.323709702154,4712.258543058207,4241.032688752386,4409.32763671875,1854991,0.0,0.0
2011-09-07 00:00:00+09:00,4462.220580404686,4625.707110290202,4457.412153055112,4515.11328125,836484,0.0,0.0
2011-09-08 00:00:00+09:00,4635.32423888531,4784.385495529961,4539.15568621134,4664.1748046875,936676,0.0,0.0
2011-09-09 00:00:00+09:00,4750.7260937500005,4750.7260937500005,4534.346868832237,4568.005859375,697244,0.0,0.0
2011-09-14 00:00:00+09:00,4596.856243525553,4644.9405138553175,4327.584329678867,4351.62646484375,729544,0.0,0.0
2011-09-15 00:00:00+09:00,4548.771985562362,4548.771985562362,4116.013551417951,4366.0517578125,813080,0.0,0.0
2011-09-16 00:00:00+09:00,4457.412390911344,4491.071384154472,4356.435411181961,4394.90283203125,511764,0.0,0.0
2011-09-19 00:00:00+09:00,4394.902939268047,4495.8799214612945,4255.4585352868935,4313.15966796875,636025,0.0,0.0
2011-09-20 00:00:00+09:00,4250.6491853360485,4894.978360488798,4168.905931771894,4721.875,3249087,0.0,0.0
2011-09-21 00:00:00+09:00,4808.427654328893,4875.745641489498,4577.623126921107,4693.025390625,1570053,0.0,0.0
2011-09-22 00:00:00+09:00,4616.089662063954,5173.867162896681,4529.537980900254,4962.29638671875,3948338,0.0,0.0
2011-09-23 00:00:00+09:00,4731.491853360489,4952.679480651731,4664.173879837067,4721.875,1698739,0.0,0.0
2011-09-26 00:00:00+09:00,4866.127344189398,4952.679016319249,4183.330819609463,4274.69091796875,2818066,0.0,0.0
2011-09-27 00:00:00+09:00,4481.454554606959,4769.960212628866,4447.7955611710695,4664.1748046875,2339653,0.0,0.0
2011-09-28 00:00:00+09:00,4803.61866403911,5029.61473732223,4731.492257672156,4818.0439453125,2619660,0.0,0.0
2011-09-29 00:00:00+09:00,4837.2775465597315,5058.465187853715,4798.810130682517,4885.36181640625,2299313,0.0,0.0
2011-09-30 00:00:00+09:00,5000.764064037893,5000.764064037893,4808.426984651821,4885.36181640625,1022570,0.0,0.0
2011-10-04 00:00:00+09:00,4548.771824048913,4765.151033438132,4524.729689672334,4755.5341796875,1130818,0.0,0.0
2011-10-05 00:00:00+09:00,4885.361776979814,4894.978630871506,4577.622452445652,4644.9404296875,1271970,0.0,0.0
2011-10-06 00:00:00+09:00,4750.726340793919,4856.511745143582,4082.3549224028716,4447.79541015625,2175681,0.0,0.0
2011-10-07 00:00:00+09:00,4529.53854124799,4548.772250552653,4327.584593549035,4486.2626953125,1327447,0.0,0.0
2011-10-10 00:00:00+09:00,4519.9208934294875,4779.575923477564,4519.9208934294875,4688.2158203125,1432956,0.0,0.0
2011-10-11 00:00:00+09:00,4794.001333558202,4794.001333558202,4601.664269022266,4649.74853515625,1118225,0.0,0.0
2011-10-12 00:00:00+09:00,4644.940614598742,5212.335016796104,4644.940614598742,4875.7451171875,4848163,0.0,0.0
2011-10-13 00:00:00+09:00,4904.595725968567,4991.147415250365,4741.109201769615,4933.4462890625,1738964,0.0,0.0
2011-10-14 00:00:00+09:00,4914.211975647522,4933.445682010135,4745.9170449746625,4803.6181640625,1259187,0.0,0.0
2011-10-17 00:00:00+09:00,4894.979044823674,5164.2509765625,4803.618925126571,5164.2509765625,2060620,0.0,0.0
2011-10-18 00:00:00+09:00,5125.782935638676,5933.5986328125,5048.848107336406,5933.5986328125,3783414,0.0,0.0
2011-10-19 00:00:00+09:00,6818.34912109375,6818.34912109375,6818.34912109375,6818.34912109375,206191,0.0,0.0
2011-10-20 00:00:00+09:00,7837.735770975619,7837.735770975619,7212.640280038913,7568.4638671875,16204620,0.0,0.0
2011-10-21 00:00:00+09:00,7568.464315944116,7770.418255759651,7020.303622159091,7722.333984375,11018040,0.0,0.0
2011-10-24 00:00:00+09:00,7828.120446196056,8741.721726771762,7270.342822265625,8078.15869140625,13885120,0.0,0.0
2011-10-25 00:00:00+09:00,8078.157021893713,8607.0839697558,7866.586242748877,8030.07275390625,8017999,0.0,0.0
2011-10-26 00:00:00+09:00,7856.969889711367,8241.644058118289,7741.56763918929,8058.923828125,4192314,0.0,0.0
2011-10-27 00:00:00+09:00,8126.241574208848,8270.494383218473,7318.425843754951,7587.69775390625,4410134,0.0,0.0
2011-10-28 00:00:00+09:00,7587.698239401302,7606.931948499911,6635.6296390201505,6741.4150390625,5734791,0.0,0.0
2011-10-31 00:00:00+09:00,6866.434323814655,7097.238838900862,6635.629808728448,6972.2197265625,2471514,0.0,0.0
2011-11-01 00:00:00+09:00,6876.051282728041,7164.556930954393,6808.733298141892,7116.47265625,1856571,0.0,0.0
2011-11-02 00:00:00+09:00,6847.1993856391855,7539.612806658879,6837.582532569468,7203.02294921875,3153169,0.0,0.0
2011-11-03 00:00:00+09:00,7231.874333333333,7453.061979166667,7068.3878125,7212.640625,2542737,0.0,0.0
2011-11-04 00:00:00+09:00,7337.659761214718,7453.06201171875,7183.7900938760085,7453.06201171875,1787807,0.0,0.0
2011-11-07 00:00:00+09:00,7895.438240861304,8568.618115234374,7655.0168571566355,7789.65283203125,6726299,0.0,0.0
2011-11-08 00:00:00+09:00,7789.65225443026,7924.2882193216465,7539.614033917684,7885.82080078125,2881230,0.0,0.0
2011-11-09 00:00:00+09:00,7972.373083646798,8010.840505039544,7703.1011338975695,7789.65283203125,1443871,0.0,0.0
2011-11-10 00:00:00+09:00,7549.230846058239,7578.081409801136,7174.173517400568,7404.97802734375,1766918,0.0,0.0
2011-11-11 00:00:00+09:00,7683.86630726919,8068.540465330226,7501.146082190197,7799.2685546875,2343978,0.0,0.0
2011-11-14 00:00:00+09:00,8030.072495543842,8222.40956130537,7914.670256086924,7924.287109375,2610556,0.0,0.0
2011-11-15 00:00:00+09:00,7789.65116334193,8039.689348831918,7789.65116334193,7924.287109375,1141913,0.0,0.0
2011-11-16 00:00:00+09:00,8078.157683441047,8087.774537826096,7462.67900279792,7626.16552734375,1710717,0.0,0.0
2011-11-17 00:00:00+09:00,7703.099862535599,7808.88525390625,7376.126834662677,7808.88525390625,1035716,0.0,0.0
2011-11-18 00:00:00+09:00,7693.483026079137,8116.624592513489,7597.314488253148,8020.4560546875,2305402,0.0,0.0
2011-11-21 00:00:00+09:00,7933.90566225405,8030.074215735918,7693.484278549382,7789.65283203125,1383153,0.0,0.0
2011-11-22 00:00:00+09:00,7558.847194716703,8953.291015625,7558.847194716703,8953.291015625,6494983,0.0,0.0
2011-11-23 00:00:00+09:00,9289.8815514554,9472.601789009906,7712.717395721772,7856.97021484375,8416087,0.0,0.0
2011-11-24 00:00:00+09:00,7837.7355314555925,8299.344495271382,7520.379368832237,7674.2490234375,4484488,0.0,0.0
2011-11-25 00:00:00+09:00,7616.548803049216,7760.801621288784,6549.0779480764095,6741.4150390625,4405051,0.0,0.0
2011-11-28 00:00:00+09:00,6770.265469858156,7001.069974512411,6587.545237006871,6779.88232421875,1663042,0.0,0.0
2011-11-29 00:00:00+09:00,6943.368871656515,6991.453143620895,6779.882346977622,6808.73291015625,1048795,0.0,0.0
2011-11-30 00:00:00+09:00,6837.583630103787,6933.7521762374545,6260.572353301779,6587.54541015625,1718745,0.0,0.0
2011-12-01 00:00:00+09:00,6895.284576545878,6943.368848348848,6606.778945728059,6779.88232421875,1915110,0.0,0.0
2011-12-02 00:00:00+09:00,6876.050956890737,6876.050956890737,6616.395885791368,6683.7138671875,981923,0.0,0.0
2011-12-05 00:00:00+09:00,6693.330472176535,6731.797888683297,6520.227097896108,6577.92822265625,815803,0.0,0.0
2011-12-06 00:00:00+09:00,6587.545344399176,7251.10830609778,6452.9093811559815,6712.564453125,2862283,0.0,0.0
2011-12-07 00:00:00+09:00,6808.7326112518085,6847.200027134588,6635.629239779305,6645.24609375,982140,0.0,0.0
2011-12-08 00:00:00+09:00,6654.86341467569,6808.733089003453,6558.694868220839,6616.39599609375,917792,0.0,0.0
2011-12-09 00:00:00+09:00,6549.07763671875,6683.713594008122,6395.207971245181,6549.07763671875,978944,0.0,0.0
2011-12-12 00:00:00+09:00,6626.012717891979,6895.284642566835,6491.376755554552,6654.86328125,1731222,0.0,0.0
2011-12-13 00:00:00+09:00,6635.629683223085,6799.116211650319,6510.610573249316,6587.54541015625,1095203,0.0,0.0
2011-12-14 00:00:00+09:00,6635.628985236673,6741.414374856387,6539.46044921875,6539.46044921875,609337,0.0,0.0
2011-12-15 00:00:00+09:00,6443.292546613394,6539.461092085236,6222.104892028158,6318.2734375,919722,0.0,0.0
2011-12-16 00:00:00+09:00,6385.591304030374,6443.292430271612,6087.468818450642,6174.0205078125,745417,0.0,0.0
2011-12-19 00:00:00+09:00,6029.767773092424,6154.786881625441,5250.802558386705,5443.1396484375,1994743,0.0,0.0
2011-12-20 00:00:00+09:00,5443.138983336794,5837.429969762251,5443.138983336794,5789.345703125,721258,0.0,0.0
2011-12-21 00:00:00+09:00,5962.44932389376,6068.234715124134,5837.430225166956,5895.13134765625,563584,0.0,0.0
2011-12-22 00:00:00+09:00,5933.598581666837,6029.767116215733,5847.046900572832,5875.8974609375,334992,0.0,0.0
2011-12-23 00:00:00+09:00,5866.281227476318,5962.449772189045,5808.580100648682,5837.4306640625,315824,0.0,0.0
2011-12-26 00:00:00+09:00,5943.215143098304,5943.215143098304,5712.41067152167,5741.26123046875,338994,0.0,0.0
2011-12-27 00:00:00+09:00,5741.261836758428,5789.346106748029,5289.269698856173,5491.2236328125,568355,0.0,0.0
2011-12-28 00:00:00+09:00,5491.223703529095,5606.625952990302,5414.288870554957,5577.775390625,392202,0.0,0.0
2011-12-29 00:00:00+09:00,5529.691342213115,5866.28125,5500.840778688525,5866.28125,465901,0.0,0.0
2012-01-02 00:00:00+09:00,5866.280319239426,5914.364584151224,5702.793818539311,5741.26123046875,432120,0.0,0.0
2012-01-03 00:00:00+09:00,5856.664309003277,5962.44970703125,5722.028347876764,5962.44970703125,679668,0.0,0.0
2012-01-04 00:00:00+09:00,6029.767517852783,6404.824827575683,5991.300101470947,6154.78662109375,1122558,0.0,0.0
2012-01-05 00:00:00+09:00,6289.4225655586115,6616.395604135053,6068.234921815724,6337.5068359375,1633381,0.0,0.0
2012-01-06 00:00:00+09:00,6414.441802093273,6424.058656369275,6154.786736641221,6299.03955078125,533458,0.0,0.0
2012-01-09 00:00:00+09:00,6347.123690013277,6443.292230771054,5933.598964754837,6337.5068359375,641729,0.0,0.0
2012-01-10 00:00:00+09:00,6347.1240234375,6558.69482421875,6202.871204723011,6558.69482421875,621529,0.0,0.0
2012-01-11 00:00:00+09:00,6491.3763427734375,6606.778588867188,6289.422412109375,6347.12353515625,788640,0.0,0.0
2012-01-12 00:00:00+09:00,7212.640211987401,7299.19189453125,7001.069432435771,7299.19189453125,5958618,0.0,0.0
2012-01-13 00:00:00+09:00,7549.230206690797,8385.896484375,7539.613352924312,8385.896484375,5001595,0.0,0.0
2012-01-16 00:00:00+09:00,8655.169691089988,9357.20012158951,8559.001138966767,8789.8056640625,7811284,0.0,0.0
2012-01-17 00:00:00+09:00,8607.083692828428,8655.16795926881,7664.6320705969365,7924.287109375,6612633,0.0,0.0
2012-01-18 00:00:00+09:00,7828.119473734663,7991.605998370399,7385.744171779142,7837.736328125,5944617,0.0,0.0
2012-01-19 00:00:00+09:00,7703.100366660276,8020.456561541411,7664.6329490989265,7837.736328125,2060755,0.0,0.0
2012-01-20 00:00:00+09:00,7789.651108074546,7818.501667734081,7462.678098599812,7683.86572265625,1544090,0.0,0.0
2012-01-25 00:00:00+09:00,7683.866512726815,7751.184492187501,7385.744032258065,7453.06201171875,1422725,0.0,0.0
2012-01-26 00:00:00+09:00,7491.529344148089,7549.23046875,7318.425970342357,7549.23046875,1145901,0.0,0.0
2012-01-27 00:00:00+09:00,7635.781456557024,7722.33313553563,7539.612924358573,7683.86572265625,1679989,0.0,0.0
2012-01-30 00:00:00+09:00,7981.988358071365,8549.382711235474,7722.333315097959,8068.5400390625,5694061,0.0,0.0
2012-01-31 00:00:00+09:00,8174.325946326858,8308.961903089888,7703.10009765625,7703.10009765625,2926846,0.0,0.0
2012-02-01 00:00:00+09:00,7597.314703056726,7981.988865236814,7587.697849002224,7703.10009765625,1510482,0.0,0.0
2012-02-02 00:00:00+09:00,7789.651964313512,7808.885672867372,7606.931733051837,7722.333984375,1094445,0.0,0.0
2012-02-03 00:00:00+09:00,7789.652435302734,7837.736709594727,7645.399612426758,7693.48388671875,1154264,0.0,0.0
2012-02-06 00:00:00+09:00,7529.997136896307,7664.633101029829,7366.510609019886,7404.97802734375,1397571,0.0,0.0
2012-02-07 00:00:00+09:00,7231.8747327302635,7462.679245476974,6972.219655890214,7308.8095703125,1846100,0.0,0.0
2012-02-08 00:00:00+09:00,7308.80968314243,7356.89395737363,7174.173715295069,7241.49169921875,771827,0.0,0.0
2012-02-09 00:00:00+09:00,7308.808951652487,7443.444906025033,7174.172997279941,7347.2763671875,769003,0.0,0.0
2012-02-10 00:00:00+09:00,7347.276630704365,7453.062027219742,7260.7249426463295,7270.341796875,654285,0.0,0.0
2012-02-13 00:00:00+09:00,7251.10721456734,7270.340920706776,7058.770153172981,7203.02294921875,751375,0.0,0.0
2012-02-14 00:00:00+09:00,7231.874915540541,7231.874915540541,7087.622091427365,7116.47265625,592223,0.0,0.0
2012-02-15 00:00:00+09:00,7116.472011868606,7529.996736882593,7001.0697630274935,7520.3798828125,2003415,0.0,0.0
2012-02-16 00:00:00+09:00,7568.464714218953,7597.315278567946,7385.7444733420025,7395.361328125,868395,0.0,0.0
2012-02-17 00:00:00+09:00,7404.977230408032,7520.379472959845,7376.126669770078,7424.2109375,684562,0.0,0.0
2012-02-20 00:00:00+09:00,7510.762956824063,7664.632620472186,7424.211271021993,7433.828125,724019,0.0,0.0
2012-02-21 00:00:00+09:00,7433.82836593668,7510.763200254265,7212.640717273622,7328.04296875,566497,0.0,0.0
2012-02-22 00:00:00+09:00,7337.659978518192,7462.679086933312,7251.1082880769545,7318.42626953125,492593,0.0,0.0
2012-02-23 00:00:00+09:00,7251.108376331558,7404.978050099867,7183.790394057923,7222.2578125,429237,0.0,0.0
2012-02-24 00:00:00+09:00,7299.192312499999,7318.426020833333,7174.173208333333,7212.640625,345575,0.0,0.0
2012-02-27 00:00:00+09:00,7193.407294323979,7203.024148995535,7068.38818359375,7068.38818359375,313560,0.0,0.0
2012-02-28 00:00:00+09:00,7068.3878125,7366.5102916666665,7020.303541666666,7212.640625,426250,0.0,0.0
2012-02-29 00:00:00+09:00,7251.107828349967,7376.12692883876,7212.640412814954,7347.2763671875,293860,0.0,0.0
2012-03-02 00:00:00+09:00,7289.57557444853,7376.127263327206,7260.72501148897,7356.8935546875,243155,0.0,0.0
2012-03-05 00:00:00+09:00,7501.1459335552645,8328.195356998538,7472.29537227236,7808.88525390625,2460576,0.0,0.0
2012-03-06 00:00:00+09:00,7789.651893596505,7837.736164544632,7404.977726011492,7635.7822265625,730696,0.0,0.0
2012-03-07 00:00:00+09:00,7404.978806121439,7597.31591796875,7347.277672567247,7597.31591796875,544256,0.0,0.0
2012-03-08 00:00:00+09:00,7683.867323236045,7693.484178459119,7520.380784443789,7645.39990234375,451411,0.0,0.0
2012-03-09 00:00:00+09:00,7751.184593247836,7856.969990922435,7655.016049907293,7780.03515625,688828,0.0,0.0
2012-03-12 00:00:00+09:00,7770.418861887562,7780.035716914651,7529.997486210348,7655.0166015625,438879,0.0,0.0
2012-03-13 00:00:00+09:00,7693.483280254777,7722.333842555733,7462.678781847134,7549.23046875,400679,0.0,0.0
2012-03-14 00:00:00+09:00,7501.145921996595,7587.69760571194,7318.425700819755,7414.59423828125,581558,0.0,0.0
2012-03-15 00:00:00+09:00,7404.97802734375,7491.529718572443,7279.958917791193,7404.97802734375,275426,0.0,0.0
2012-03-16 00:00:00+09:00,7376.1267930531285,7626.164989427811,7356.893085639692,7568.4638671875,525821,0.0,0.0
2012-03-19 00:00:00+09:00,7568.4638671875,7606.931282014374,7453.061622706877,7568.4638671875,340642,0.0,0.0
2012-03-20 00:00:00+09:00,7616.548166950389,7616.548166950389,7404.9773845351,7414.59423828125,347925,0.0,0.0
2012-03-21 00:00:00+09:00,7453.061917006266,7462.6787710927265,7328.04281388229,7337.65966796875,254069,0.0,0.0
2012-03-22 00:00:00+09:00,7318.426314094077,7501.146550582627,7260.725186781902,7376.12744140625,240557,0.0,0.0
2012-03-23 00:00:00+09:00,7193.407313939145,7347.276989103619,7193.407313939145,7308.8095703125,245604,0.0,0.0
2012-03-26 00:00:00+09:00,7356.893016227149,7414.594137923049,7299.19189453125,7299.19189453125,210783,0.0,0.0
2012-03-27 00:00:00+09:00,7289.575490171372,7481.9125743447585,7289.575490171372,7453.06201171875,309877,0.0,0.0
2012-03-28 00:00:00+09:00,7501.1466642680925,7501.1466642680925,7299.19271561472,7308.8095703125,317399,0.0,0.0
2012-03-29 00:00:00+09:00,6212.48828125,6212.48828125,6212.48828125,6212.48828125,215091,0.0,0.0
2012-03-30 00:00:00+09:00,5289.27001953125,5289.27001953125,5289.27001953125,5289.27001953125,331884,0.0,0.0
2012-04-02 00:00:00+09:00,5231.568728885135,5875.897965714738,5212.3350203230575,5693.177734375,5661560,0.0,0.0
2012-04-03 00:00:00+09:00,5722.028103680678,5798.962935326805,5260.419113803917,5462.373046875,1924122,0.0,0.0
2012-04-04 00:00:00+09:00,5346.9713043602005,5529.691546775387,5000.764529257742,5279.6533203125,1089137,0.0,0.0
2012-04-05 00:00:00+09:00,5077.698679956897,5212.334629804239,4885.361608746408,5019.99755859375,858531,0.0,0.0
2012-04-06 00:00:00+09:00,5029.615274988185,5173.868103142722,4991.147854146975,5087.31640625,595181,0.0,0.0
2012-04-09 00:00:00+09:00,5048.847827122548,5068.081533130634,4423.752381859756,4534.34619140625,911360,0.0,0.0
2012-04-10 00:00:00+09:00,4519.921445517016,4818.043923838351,4332.392789798757,4592.0478515625,660074,0.0,0.0
2012-04-12 00:00:00+09:00,4500.688473244621,4510.3053289566815,4140.056384042327,4245.841796875,993544,0.0,0.0
2012-04-13 00:00:00+09:00,4260.266397091399,4442.986626312023,4260.266397091399,4409.32763671875,772949,0.0,0.0
2012-04-16 00:00:00+09:00,4409.327410016741,4808.426837531888,4317.967300103635,4712.25830078125,1014090,0.0,0.0
2012-04-17 00:00:00+09:00,4755.5343225990855,4875.744998094512,4630.515220083841,4731.4921875,626119,0.0,0.0
2012-04-18 00:00:00+09:00,4837.2777522208125,4971.913713515229,4731.492354060913,4736.30078125,621609,0.0,0.0
2012-04-19 00:00:00+09:00,4803.618667078565,4803.618667078565,4572.8141665582725,4620.8984375,311396,0.0,0.0
2012-04-20 00:00:00+09:00,4601.663747173664,4601.663747173664,4380.476148040969,4452.6025390625,307713,0.0,0.0
2012-04-23 00:00:00+09:00,4452.603040483719,4616.089545209903,4438.177760654938,4467.0283203125,298490,0.0,0.0
2012-04-24 00:00:00+09:00,4385.285454074586,4447.795005503281,4279.500059349102,4351.62646484375,308513,0.0,0.0
2012-04-25 00:00:00+09:00,4423.753324468085,4423.753324468085,4279.500498670213,4293.92578125,262435,0.0,0.0
2012-04-26 00:00:00+09:00,4337.201649836624,4539.15560692436,4289.117374339544,4322.7763671875,397771,0.0,0.0
2012-04-27 00:00:00+09:00,4337.201004959767,4423.752687985571,4308.350443951165,4332.392578125,256523,0.0,0.0
2012-04-30 00:00:00+09:00,4337.20042050888,4587.238582223361,4337.20042050888,4399.7099609375,450193,0.0,0.0
2012-05-02 00:00:00+09:00,4457.411907566283,4510.304605498569,4404.519209633997,4409.32763671875,278984,0.0,0.0
2012-05-03 00:00:00+09:00,4414.135754911442,4471.836875890676,4346.817780435668,4428.56103515625,218242,0.0,0.0
2012-05-04 00:00:00+09:00,4471.836746922094,4500.687306579655,4375.668214730221,4467.0283203125,268417,0.0,0.0
2012-05-07 00:00:00+09:00,4462.220438294492,4697.833370919955,4375.668748758607,4539.1552734375,578396,0.0,0.0
2012-05-08 00:00:00+09:00,4568.005958330668,4755.534623988453,4568.005958330668,4697.83349609375,578500,0.0,0.0
2012-05-09 00:00:00+09:00,4707.449587012539,4707.449587012539,4568.005217223608,4577.6220703125,245753,0.0,0.0
2012-05-10 00:00:00+09:00,4577.622416242163,4649.748819859424,4563.197135518711,4601.66455078125,186517,0.0,0.0
2012-05-11 00:00:00+09:00,4625.706852859146,4693.024832006785,4601.6647174492755,4606.47314453125,271516,0.0,0.0
2012-05-14 00:00:00+09:00,4539.155384744624,4611.2817944598455,4414.136274571572,4471.83740234375,257970,0.0,0.0
2012-05-15 00:00:00+09:00,4476.645715603298,4476.645715603298,4279.500200737847,4327.58447265625,277582,0.0,0.0
2012-05-16 00:00:00+09:00,4231.41597062212,4317.9676609303,4130.438998595911,4173.71484375,230319,0.0,0.0
2012-05-17 00:00:00+09:00,4043.8874186002295,4164.0981028630185,3990.994717524602,4000.611572265625,253031,0.0,0.0
2012-05-18 00:00:00+09:00,3894.825922777205,3923.6764851681473,3731.3394025618654,3789.04052734375,341972,0.0,0.0
2012-05-21 00:00:00+09:00,3678.4466364586547,3928.484839198328,3678.4466364586547,3899.63427734375,178612,0.0,0.0
2012-05-22 00:00:00+09:00,4125.630224230023,4423.752687985571,4048.6953948737514,4332.392578125,628722,0.0,0.0
2012-05-23 00:00:00+09:00,4361.243368627818,4361.243368627818,4188.139993467287,4212.18212890625,260297,0.0,0.0
2012-05-24 00:00:00+09:00,4231.415872175141,4385.285540254237,4231.415872175141,4255.4580078125,198492,0.0,0.0
2012-05-25 00:00:00+09:00,4289.11752935131,4418.945077885486,4274.692246180846,4313.15966796875,207521,0.0,0.0
2012-05-29 00:00:00+09:00,4298.7341558851795,4298.7341558851795,4173.715041731919,4221.79931640625,224458,0.0,0.0
2012-05-30 00:00:00+09:00,4231.416004489738,4279.50027726803,4202.565440822762,4216.99072265625,170133,0.0,0.0
2012-05-31 00:00:00+09:00,4173.714746645481,4418.944530146539,4135.247329625707,4255.4580078125,298727,0.0,0.0
2012-06-01 00:00:00+09:00,4289.117055121527,4366.051890190972,4255.458064778646,4327.58447265625,207792,0.0,0.0
2012-06-04 00:00:00+09:00,4183.331313122073,4303.541983039374,4000.6110948477753,4106.396484375,272000,0.0,0.0
2012-06-05 00:00:00+09:00,4106.396994231468,4173.71497774346,4072.7380024754725,4135.24755859375,144065,0.0,0.0
2012-06-07 00:00:00+09:00,4183.332234746603,4284.3092197232445,4178.523806890572,4245.841796875,215933,0.0,0.0
2012-06-08 00:00:00+09:00,4274.690770176986,4274.690770176986,4106.3958579652935,4130.43798828125,144212,0.0,0.0
2012-06-11 00:00:00+09:00,4140.056182650862,4221.799452227011,4140.056182650862,4183.33203125,105410,0.0,0.0
2012-06-12 00:00:00+09:00,4125.630582439366,4192.94856397101,4087.163164421283,4188.14013671875,122913,0.0,0.0
2012-06-13 00:00:00+09:00,4197.757114712028,4221.799251680596,4130.439131200036,4135.24755859375,132801,0.0,0.0
2012-06-14 00:00:00+09:00,4130.439767224049,4164.098764163012,4067.9302014802633,4111.2060546875,89075,0.0,0.0
2012-06-15 00:00:00+09:00,4164.097541017953,4164.097541017953,4029.4615928095204,4034.27001953125,135434,0.0,0.0
2012-06-18 00:00:00+09:00,4082.355136695691,4135.247841646989,4043.887714912928,4072.73828125,128262,0.0,0.0
2012-06-19 00:00:00+09:00,4043.8867875681626,4385.285077600671,4043.8867875681626,4298.7333984375,946797,0.0,0.0
2012-06-20 00:00:00+09:00,4322.776708012134,4471.837973805656,4250.650289079785,4346.81884765625,540841,0.0,0.0
2012-06-21 00:00:00+09:00,4317.967560469633,4442.986665783898,4231.415872175141,4255.4580078125,407256,0.0,0.0
2012-06-22 00:00:00+09:00,4231.416004489738,4269.883422712372,4144.864313488812,4216.99072265625,182281,0.0,0.0
2012-06-25 00:00:00+09:00,4216.991004096137,4265.075280083551,4130.439307318793,4154.4814453125,185682,0.0,0.0
2012-06-26 00:00:00+09:00,4077.5461704480595,4241.032691433005,4077.5461704480595,4212.18212890625,157690,0.0,0.0
2012-06-27 00:00:00+09:00,4269.883376986994,4274.691804213331,4116.01370574422,4159.28955078125,180399,0.0,0.0
2012-06-28 00:00:00+09:00,4216.991004096137,4216.991004096137,4154.4814453125,4154.4814453125,170929,0.0,0.0
2012-06-29 00:00:00+09:00,4154.480814873417,4192.948229825949,4039.0785700158226,4178.52294921875,143128,0.0,0.0
2012-07-02 00:00:00+09:00,4197.756514699836,4298.733475534539,4188.139661287007,4202.56494140625,200680,0.0,0.0
2012-07-03 00:00:00+09:00,4226.606932567949,4827.660250623687,4207.373226390166,4577.6220703125,1998524,0.0,0.0
2012-07-04 00:00:00+09:00,4688.216574373533,4688.216574373533,4462.22049335245,4611.28173828125,443081,0.0,0.0
2012-07-05 00:00:00+09:00,4616.089743589743,4630.515024038462,4481.453792735043,4500.6875,274135,0.0,0.0
2012-07-06 00:00:00+09:00,4534.346667740193,4587.239364818816,4452.603408618684,4519.92138671875,361880,0.0,0.0
2012-07-09 00:00:00+09:00,4471.837871601055,4529.539005428165,4433.370449049648,4442.9873046875,244724,0.0,0.0
2012-07-10 00:00:00+09:00,4442.987128481658,4572.8146744437845,4423.75341796875,4423.75341796875,248654,0.0,0.0
2012-07-11 00:00:00+09:00,4428.560557310707,4471.836393375633,4202.564524527207,4274.69091796875,310617,0.0,0.0
2012-07-12 00:00:00+09:00,4241.033162715517,4279.500583692528,4154.481465517241,4183.33203125,196803,0.0,0.0
2012-07-13 00:00:00+09:00,4178.523469199353,4221.79931640625,3990.994797969462,4221.79931640625,293627,0.0,0.0
2012-07-16 00:00:00+09:00,4255.458118250394,4308.350818025258,4164.0980004574485,4188.14013671875,173923,0.0,0.0
2012-07-17 00:00:00+09:00,4106.396851291546,4207.373823044617,4106.396851291546,4159.28955078125,80295,0.0,0.0
2012-07-18 00:00:00+09:00,4188.140438503689,4265.075280083551,4135.247734917535,4154.4814453125,162311,0.0,0.0
2012-07-19 00:00:00+09:00,4135.247119588589,4192.9482421875,4135.247119588589,4192.9482421875,141705,0.0,0.0
2012-07-20 00:00:00+09:00,4135.247237042683,4202.565215320122,4135.247237042683,4140.0556640625,192143,0.0,0.0
2012-07-23 00:00:00+09:00,4140.055761255924,4164.097896919431,4019.8450829383887,4058.3125,233745,0.0,0.0
2012-07-24 00:00:00+09:00,3976.5695903732117,4058.312858857304,3865.975756541792,3990.994873046875,159817,0.0,0.0
2012-07-25 00:00:00+09:00,3957.3355467538386,3990.994536823434,3870.783858003451,3875.59228515625,183448,0.0,0.0
2012-07-26 00:00:00+09:00,3846.741645368649,3976.5691758998414,3841.9332183119386,3880.400634765625,108256,0.0,0.0
2012-07-27 00:00:00+09:00,3885.2092725800308,3995.80310088367,3885.2092725800308,3942.910400390625,111806,0.0,0.0
2012-07-30 00:00:00+09:00,3976.5694592045807,3986.1863140031405,3923.6767578125,3923.6767578125,93657,0.0,0.0
2012-07-31 00:00:00+09:00,3971.760796440972,3971.760796440972,3914.0596710689483,3938.101806640625,94320,0.0,0.0
2012-08-01 00:00:00+09:00,3938.101421467309,4039.0783809921118,3928.4845681792326,3962.1435546875,80930,0.0,0.0
2012-08-02 00:00:00+09:00,3962.1440316686967,3990.99459500609,3938.101895554202,3947.71875,70074,0.0,0.0
2012-08-03 00:00:00+09:00,3947.718559246391,3952.5269862369473,3894.8258623502766,3914.0595703125,77506,0.0,0.0
2012-08-06 00:00:00+09:00,3986.186246248571,3986.186246248571,3933.293545755526,3942.910400390625,77034,0.0,0.0
2012-08-07 00:00:00+09:00,3947.718477756857,4048.6954424741457,3942.9100508655574,4010.22802734375,119776,0.0,0.0
2012-08-08 00:00:00+09:00,4034.2702755599576,4063.1208377212924,4000.611286371734,4048.695556640625,128380,0.0,0.0
2012-08-09 00:00:00+09:00,4019.84563453311,4077.5467680431548,4005.420351155599,4039.079345703125,119501,0.0,0.0
2012-08-10 00:00:00+09:00,4087.16273922892,4087.16273922892,4034.270044956546,4063.12060546875,81334,0.0,0.0
2012-08-13 00:00:00+09:00,4063.1210048399503,4168.906403782529,4043.8872959412997,4053.504150390625,173522,0.0,0.0
2012-08-14 00:00:00+09:00,4058.3125,4106.396771327014,4029.4619372037914,4058.3125,126580,0.0,0.0
2012-08-16 00:00:00+09:00,3990.9950677780876,4043.8877734956286,3962.1445010230655,4039.079345703125,142313,0.0,0.0
2012-08-17 00:00:00+09:00,4058.3130460593097,4327.585001722013,4005.420340482707,4144.86474609375,354016,0.0,0.0
2012-08-20 00:00:00+09:00,4144.86426910224,4265.074949760658,4082.3547151598627,4159.28955078125,299247,0.0,0.0
2012-08-21 00:00:00+09:00,4159.289852400204,4192.948845425408,4111.2055766499125,4125.630859375,149658,0.0,0.0
2012-08-22 00:00:00+09:00,4130.438463442793,4173.714302989924,4077.5457706629672,4116.01318359375,139733,0.0,0.0
2012-08-23 00:00:00+09:00,4130.438704799107,4361.243195870536,4077.546008928571,4207.37353515625,687259,0.0,0.0
2012-08-24 00:00:00+09:00,4207.37353515625,4356.434768973214,4125.630277901785,4207.37353515625,418538,0.0,0.0
2012-08-27 00:00:00+09:00,4154.481268168604,4274.6919530114465,4130.439131200036,4135.24755859375,236712,0.0,0.0
2012-08-28 00:00:00+09:00,4120.822265625,4168.90653943626,4087.163273957118,4120.822265625,194060,0.0,0.0
2012-08-29 00:00:00+09:00,4183.332021112673,4298.734283764057,4135.24774500793,4168.90673828125,323295,0.0,0.0
2012-08-30 00:00:00+09:00,4231.415889887339,4659.365906023672,4188.1400455589455,4481.4541015625,1607219,0.0,0.0
2012-08-31 00:00:00+09:00,4481.45397066157,4644.940488904588,4375.668576504322,4519.92138671875,833230,0.0,0.0
2012-09-03 00:00:00+09:00,4606.473097045125,4620.898378142343,4428.5612968460955,4548.77197265625,565363,0.0,0.0
2012-09-04 00:00:00+09:00,4553.579999285185,4741.1086370593375,4462.219893702906,4467.0283203125,800228,0.0,0.0
2012-09-05 00:00:00+09:00,4423.752869813689,4803.618605373777,4423.752869813689,4548.77197265625,874937,0.0,0.0
2012-09-06 00:00:00+09:00,4596.855735932529,4697.83269247498,4534.34619140625,4534.34619140625,366856,0.0,0.0
2012-09-07 00:00:00+09:00,4572.814047185486,4625.706743840628,4452.6033729692535,4476.6455078125,409576,0.0,0.0
2012-09-10 00:00:00+09:00,4476.645931916587,4515.11335131007,4342.009964039396,4390.09423828125,295272,0.0,0.0
2012-09-11 00:00:00+09:00,4394.90271837958,4471.837558088631,4342.010016079607,4462.220703125,185038,0.0,0.0
2012-09-12 00:00:00+09:00,4428.561599634256,4548.772283663416,4428.561599634256,4529.53857421875,283297,0.0,0.0
2012-09-13 00:00:00+09:00,4568.0051769204,4693.024265972958,4467.028220377949,4534.34619140625,459252,0.0,0.0
2012-09-14 00:00:00+09:00,4553.579999285185,4587.238985552342,4423.752480826157,4467.0283203125,431091,0.0,0.0
2012-09-17 00:00:00+09:00,4457.410965130602,4515.112077947827,4404.51827838148,4452.6025390625,199620,0.0,0.0
2012-09-18 00:00:00+09:00,4505.496237300496,4510.3046644480955,4390.093985758114,4481.4541015625,183277,0.0,0.0
2012-09-19 00:00:00+09:00,4399.710347778188,4539.154719456405,4399.710347778188,4467.0283203125,241306,0.0,0.0
2012-09-20 00:00:00+09:00,4467.028655880273,4673.791015625,4423.7528131430045,4673.791015625,1060304,0.0,0.0
2012-09-21 00:00:00+09:00,4673.791227791879,5077.699111675127,4572.814256821066,4736.30078125,2346992,0.0,0.0
2012-09-24 00:00:00+09:00,4760.343081576153,5068.082432304308,4741.109372155643,4952.68017578125,1391788,0.0,0.0
2012-09-25 00:00:00+09:00,4991.147683021807,5000.764537902388,4548.772358515057,4630.515625,761820,0.0,0.0
2012-09-26 00:00:00+09:00,4596.856242980311,4654.557367369186,4418.944442781283,4548.77197265625,414247,0.0,0.0
2012-09-27 00:00:00+09:00,4654.557283579193,4818.043799737966,4495.879194366265,4644.9404296875,706391,0.0,0.0
2012-09-28 00:00:00+09:00,4717.066979383455,4717.066979383455,4587.239447840791,4620.8984375,259378,0.0,0.0
2012-10-02 00:00:00+09:00,4702.641625381098,4904.5955602134145,4635.323647103659,4731.4921875,734228,0.0,0.0
2012-10-04 00:00:00+09:00,4760.342820218937,4846.8945078592815,4654.557424214072,4818.0439453125,445226,0.0,0.0
2012-10-05 00:00:00+09:00,4837.277653677021,5029.61473732223,4779.576528583458,4818.0439453125,996555,0.0,0.0
2012-10-08 00:00:00+09:00,4875.745620570232,4962.297317976804,4664.1748046875,4664.1748046875,523845,0.0,0.0
2012-10-09 00:00:00+09:00,4673.791680007685,4750.726522476947,4664.174824699026,4693.025390625,259148,0.0,0.0
2012-10-10 00:00:00+09:00,4664.174357009595,4707.450201559169,4510.3046875,4510.3046875,363479,0.0,0.0
2012-10-11 00:00:00+09:00,4471.837116647274,4616.089926861702,4390.093857525765,4519.92138671875,251690,0.0,0.0
2012-10-12 00:00:00+09:00,4519.921564651748,4611.281681384071,4510.304710258872,4539.1552734375,121654,0.0,0.0
2012-10-15 00:00:00+09:00,4519.92176768544,4616.090315934066,3976.5694700807007,4375.6689453125,341512,0.0,0.0
2012-10-16 00:00:00+09:00,4327.584506497525,4433.369905545242,4313.159224809199,4370.8603515625,169457,0.0,0.0
2012-10-17 00:00:00+09:00,4370.86029950693,4534.346823360875,4342.00973647388,4510.3046875,222340,0.0,0.0
2012-10-18 00:00:00+09:00,4558.388517680921,4616.089638157895,4370.859876130757,4385.28515625,185393,0.0,0.0
2012-10-19 00:00:00+09:00,4308.351084538376,4414.136490631952,4144.864547848303,4322.7763671875,202029,0.0,0.0
2012-10-22 00:00:00+09:00,4327.584126222067,4375.668394291201,4226.607163276885,4303.5419921875,128236,0.0,0.0
2012-10-23 00:00:00+09:00,4269.884009785006,4375.669424441841,4269.884009785006,4361.244140625,126998,0.0,0.0
2012-10-24 00:00:00+09:00,4274.6917735460065,4414.136162109375,4274.6917735460065,4327.58447265625,140053,0.0,0.0
2012-10-25 00:00:00+09:00,4351.626056840849,4971.9130859375,4351.626056840849,4971.9130859375,2167102,0.0,0.0
2012-10-26 00:00:00+09:00,5000.7637256307335,5702.79401788274,5000.7637256307335,5241.18505859375,5101285,0.0,0.0
2012-10-29 00:00:00+09:00,5433.522568569389,5760.495608093918,5202.718070081485,5366.20458984375,1921011,0.0,0.0
2012-10-30 00:00:00+09:00,5366.2042867726295,5385.437993893678,4971.913290791128,5019.99755859375,1487793,0.0,0.0
2012-10-31 00:00:00+09:00,5019.997764909771,5568.158440388424,5019.997764909771,5462.373046875,2575996,0.0,0.0
2012-11-01 00:00:00+09:00,5577.775857750216,5722.02868165755,5395.055614134261,5548.92529296875,1363425,0.0,0.0
2012-11-02 00:00:00+09:00,5664.326586677033,6375.973729994691,4952.679443359375,5943.21533203125,5833225,0.0,0.0
2012-11-05 00:00:00+09:00,6087.468832869697,6106.702541662334,5693.177802620632,5779.7294921875,1487084,0.0,0.0
2012-11-06 00:00:00+09:00,5625.859600564708,5645.093308600826,5183.484315733979,5308.50341796875,1561014,0.0,0.0
2012-11-07 00:00:00+09:00,5318.120937746785,5452.756910854298,5087.316412419618,5327.73779296875,1044335,0.0,0.0
2012-11-08 00:00:00+09:00,5164.25005395373,5327.736554730664,5096.932083045581,5221.951171875,577833,0.0,0.0
2012-11-09 00:00:00+09:00,5241.1858795501375,5279.653298849588,5106.54991200206,5250.802734375,430102,0.0,0.0
2012-11-12 00:00:00+09:00,5096.93310546875,5173.86794479658,4962.2971366450465,5096.93310546875,695097,0.0,0.0
2012-11-13 00:00:00+09:00,5096.9330150462965,5193.1015625,4837.277936921296,5193.1015625,609592,0.0,0.0
2012-11-14 00:00:00+09:00,5193.101543537621,5193.101543537621,4837.277919258192,4952.68017578125,584766,0.0,0.0
2012-11-15 00:00:00+09:00,5654.711306085846,5654.711306085846,4943.06396484375,4943.06396484375,1868428,0.0,0.0
2012-11-16 00:00:00+09:00,4712.258419198271,4923.829205366357,4592.0477452391315,4659.36572265625,625306,0.0,0.0
2012-11-19 00:00:00+09:00,4553.580187168046,5116.166123703063,4553.580187168046,4866.1279296875,659900,0.0,0.0
2012-11-20 00:00:00+09:00,4914.212253779475,4981.530229858646,4702.641471816367,4741.10888671875,298028,0.0,0.0
2012-11-21 00:00:00+09:00,4750.72629404258,4923.8296812749,4750.72629404258,4827.6611328125,244185,0.0,0.0
2012-11-22 00:00:00+09:00,4885.36208203125,4904.595791015625,4774.768255371094,4808.42724609375,181109,0.0,0.0
2012-11-23 00:00:00+09:00,4856.5116286787015,4981.530739912015,4808.427355127427,4952.68017578125,283463,0.0,0.0
2012-11-26 00:00:00+09:00,4962.2959392084995,4962.2959392084995,4769.958887301193,4837.27685546875,234055,0.0,0.0
2012-11-27 00:00:00+09:00,4765.151293030387,5202.718162521573,4755.534438755855,4875.7451171875,468313,0.0,0.0
2012-11-28 00:00:00+09:00,4904.596347771366,5000.764903610019,4808.427791932711,4894.9794921875,136295,0.0,0.0
2012-11-29 00:00:00+09:00,4894.9794921875,4962.297481274558,4856.512069852039,4894.9794921875,177028,0.0,0.0
2012-11-30 00:00:00+09:00,4894.97924241286,5000.7646484375,4856.511822040265,5000.7646484375,277103,0.0,0.0
2012-12-03 00:00:00+09:00,5000.7646484375,5029.6152137169465,4943.063517878606,5000.7646484375,178093,0.0,0.0
2012-12-04 00:00:00+09:00,5039.23139629585,5039.23139629585,4943.0628581986,4981.5302734375,166343,0.0,0.0
2012-12-05 00:00:00+09:00,4981.531388694674,5125.78422813564,4943.06396484375,4943.06396484375,310249,0.0,0.0
2012-12-06 00:00:00+09:00,5096.932387077945,5250.802044046336,4952.679583670079,5019.99755859375,781666,0.0,0.0
2012-12-07 00:00:00+09:00,5096.933057177198,5260.4195891998625,5029.615073403159,5250.802734375,492224,0.0,0.0
2012-12-10 00:00:00+09:00,5202.718460250687,5337.354427798764,5135.400476476649,5250.802734375,266947,0.0,0.0
2012-12-11 00:00:00+09:00,5250.801805449695,5250.801805449695,5116.165861720216,5125.78271484375,152106,0.0,0.0
2012-12-12 00:00:00+09:00,5068.081698860378,5308.503031823394,5058.464845541857,5241.18505859375,465657,0.0,0.0
2012-12-13 00:00:00+09:00,5221.952460720887,5318.121014325323,5154.6344731977815,5202.71875,210623,0.0,0.0
2012-12-14 00:00:00+09:00,5154.633970424107,5404.672185407366,5135.400261579241,5385.4384765625,352381,0.0,0.0
2012-12-17 00:00:00+09:00,5433.52294921875,5577.775770879425,5375.82182055448,5433.52294921875,464317,0.0,0.0
2012-12-18 00:00:00+09:00,5433.52297604739,5471.990395346841,5183.484750600962,5250.802734375,365189,0.0,0.0
2012-12-20 00:00:00+09:00,5270.036287202381,5270.036287202381,5019.998069196428,5048.8486328125,335039,0.0,0.0
2012-12-21 00:00:00+09:00,5058.465308690846,5116.166433885038,4971.913620899558,5029.61474609375,181831,0.0,0.0
2012-12-24 00:00:00+09:00,5019.997608531606,5183.484120686849,5019.997608531606,5077.69873046875,131276,0.0,0.0
2012-12-26 00:00:00+09:00,5193.101588741602,5241.1858627114325,5010.38134765625,5010.38134765625,200174,0.0,0.0
2012-12-27 00:00:00+09:00,5077.698449226079,5270.035511696764,5048.847889855476,5125.78271484375,269557,0.0,0.0
2012-12-28 00:00:00+09:00,5068.081698860378,5241.18505859375,5068.081698860378,5241.18505859375,186815,0.0,0.0
2013-01-02 00:00:00+09:00,5241.1845988252735,5270.03515625,5145.016074076186,5270.03515625,177714,0.0,0.0
2013-01-03 00:00:00+09:00,5289.270468319164,5298.887323716108,5193.101914349724,5231.5693359375,185944,0.0,0.0
2013-01-04 00:00:00+09:00,5193.101799994328,5327.737772586774,5193.101799994328,5298.88720703125,191196,0.0,0.0
2013-01-07 00:00:00+09:00,5366.204682360197,5568.158622018915,5308.503556743421,5481.60693359375,522178,0.0,0.0
2013-01-08 00:00:00+09:00,5481.607223105641,5558.542061324668,5366.204965777102,5433.52294921875,268087,0.0,0.0
2013-01-09 00:00:00+09:00,5423.9059169627,5481.607043738899,5346.971081261101,5414.2890625,196566,0.0,0.0
2013-01-10 00:00:00+09:00,5443.139803996129,5462.373513550885,5385.438675331859,5433.52294921875,150506,0.0,0.0
2013-01-11 00:00:00+09:00,5471.990211945119,5625.859883985755,5337.354248909563,5443.1396484375,393068,0.0,0.0
2013-01-14 00:00:00+09:00,5443.139603097098,5471.990166364397,5375.821622140067,5385.4384765625,194311,0.0,0.0
2013-01-15 00:00:00+09:00,5385.439022288603,5385.439022288603,5193.101914349724,5231.5693359375,298750,0.0,0.0
2013-01-16 00:00:00+09:00,5212.334109621864,5318.119488230425,5135.399288815637,5173.86669921875,143609,0.0,0.0
2013-01-17 00:00:00+09:00,5212.335364460495,5221.952219376474,5077.699395636792,5096.93310546875,172865,0.0,0.0
2013-01-18 00:00:00+09:00,5135.40023547021,5173.867652964369,5068.082254855432,5145.01708984375,91867,0.0,0.0
2013-01-21 00:00:00+09:00,5164.25079859083,5202.718216084988,5135.40023547021,5145.01708984375,84381,0.0,0.0
2013-01-22 00:00:00+09:00,5125.783670216686,5173.86794479658,5068.082540720813,5096.93310546875,138580,0.0,0.0
2013-01-23 00:00:00+09:00,5096.93260373093,5116.166311669537,4885.36181640625,4885.36181640625,254071,0.0,0.0
2013-01-24 00:00:00+09:00,4827.660668703589,4933.446061842513,4803.618533899288,4856.51123046875,143285,0.0,0.0
2013-01-25 00:00:00+09:00,4798.810106938428,4923.829207920792,4779.576399094988,4856.51123046875,87435,0.0,0.0
2013-01-28 00:00:00+09:00,4856.511144069135,4885.361705321032,4731.492045310921,4755.5341796875,152875,0.0,0.0
2013-01-29 00:00:00+09:00,4755.534037272136,4962.29638671875,4736.3003303468695,4962.29638671875,134260,0.0,0.0
2013-01-30 00:00:00+09:00,4962.296232773211,5048.8479112518135,4894.9782606231865,4971.9130859375,116477,0.0,0.0
2013-01-31 00:00:00+09:00,4962.296437230603,5077.698679956897,4894.978462306933,5019.99755859375,122269,0.0,0.0
2013-02-01 00:00:00+09:00,5010.380834866674,5048.848250105574,4923.82915057915,4981.5302734375,101834,0.0,0.0
2013-02-04 00:00:00+09:00,4981.530514207347,4981.530514207347,4808.427137265779,4875.7451171875,86684,0.0,0.0
2013-02-05 00:00:00+09:00,4808.427694838057,4875.745682565789,4741.109707110324,4750.7265625,117122,0.0,0.0
2013-02-06 00:00:00+09:00,4750.726108011534,4846.894652708124,4731.492399072216,4794.001953125,65008,0.0,0.0
2013-02-07 00:00:00+09:00,4808.426862797921,4808.426862797921,4736.300459855952,4741.10888671875,89063,0.0,0.0
2013-02-08 00:00:00+09:00,4741.1098538434635,4789.19413228001,4721.8761424688455,4726.6845703125,87330,0.0,0.0
2013-02-12 00:00:00+09:00,4726.68404894443,4808.427313270021,4678.59977581173,4683.408203125,88743,0.0,0.0
2013-02-13 00:00:00+09:00,4673.791864032299,4769.960420905391,4673.791864032299,4726.6845703125,96327,0.0,0.0
2013-02-14 00:00:00+09:00,4765.151176638719,4765.151176638719,4702.641625381098,4731.4921875,70958,0.0,0.0
2013-02-15 00:00:00+09:00,4731.4929981561545,4798.810987967319,4683.408719719609,4726.6845703125,152338,0.0,0.0
2013-02-18 00:00:00+09:00,4755.534142319037,4760.342569156569,4697.833020268655,4712.25830078125,96971,0.0,0.0
2013-02-19 00:00:00+09:00,4683.408525300296,4707.450663520523,4664.174814724114,4678.60009765625,149238,0.0,0.0
2013-02-20 00:00:00+09:00,4678.599786795516,4736.300914690219,4673.791359470957,4697.83349609375,126514,0.0,0.0
2013-02-21 00:00:00+09:00,4659.365543029469,4702.641383986399,4640.1318359375,4640.1318359375,116091,0.0,0.0
2013-02-22 00:00:00+09:00,4673.791111747382,4673.791111747382,4577.622570353403,4592.0478515625,162411,0.0,0.0
2013-02-25 00:00:00+09:00,4616.090716019417,4616.090716019417,4404.519891535194,4457.41259765625,252086,0.0,0.0
2013-02-26 00:00:00+09:00,4442.986566310976,4457.411847370427,4298.733755716464,4337.201171875,286172,0.0,0.0
2013-02-27 00:00:00+09:00,4346.817664639261,4375.668224360319,4192.948012793624,4298.7333984375,325506,0.0,0.0
2013-02-28 00:00:00+09:00,4303.542616392867,4529.538709097296,4298.734188888517,4491.0712890625,217524,0.0,0.0
2013-03-04 00:00:00+09:00,4491.0709208677545,4491.0709208677545,4404.519232885293,4438.17822265625,127849,0.0,0.0
2013-03-05 00:00:00+09:00,4452.603879360659,4553.580857186333,4442.987024329643,4505.49658203125,126464,0.0,0.0
2013-03-06 00:00:00+09:00,4563.196852504373,4563.196852504373,4423.752480826157,4467.0283203125,109900,0.0,0.0
2013-03-07 00:00:00+09:00,4467.029443782129,4500.68843851461,4404.519882136093,4442.9873046875,90438,0.0,0.0
2013-03-08 00:00:00+09:00,4327.584271784372,4534.346631436291,4327.584271784372,4476.6455078125,225269,0.0,0.0
2013-03-11 00:00:00+09:00,4423.753593411796,4500.68843851461,4356.435603946834,4442.9873046875,150801,0.0,0.0
2013-03-12 00:00:00+09:00,4491.071111601143,4529.538530115928,4442.986838457661,4471.83740234375,78833,0.0,0.0
2013-03-13 00:00:00+09:00,4519.921587171053,4582.431141036184,4510.304732730263,4568.005859375,143306,0.0,0.0
2013-03-14 00:00:00+09:00,4519.921587171053,4592.0479954769735,4491.0710238486845,4568.005859375,100525,0.0,0.0
2013-03-15 00:00:00+09:00,4568.006504235891,4587.240215832674,4529.539081042326,4558.3896484375,62456,0.0,0.0
2013-03-18 00:00:00+09:00,4577.622679496546,4664.174368814758,4505.496271731369,4524.72998046875,160598,0.0,0.0
2013-03-19 00:00:00+09:00,4524.730146857583,4568.005993108081,4510.304864774084,4529.53857421875,90990,0.0,0.0
2013-03-20 00:00:00+09:00,4515.112077947827,4568.00476469695,4442.985686926296,4452.6025390625,103742,0.0,0.0
2013-03-21 00:00:00+09:00,4553.581144522795,4558.389572341721,4442.9873046875,4442.9873046875,80192,0.0,0.0
2013-03-22 00:00:00+09:00,4385.285260648664,4423.752675215757,4284.308297410043,4317.96728515625,247398,0.0,0.0
2013-03-25 00:00:00+09:00,4241.031988624062,4293.924677824589,4135.246610223008,4164.09716796875,225592,0.0,0.0
2013-03-26 00:00:00+09:00,4140.055711044888,4274.691669127649,4140.055711044888,4197.7568359375,65898,0.0,0.0
2013-03-27 00:00:00+09:00,4192.948113458807,4279.499794699929,4192.948113458807,4231.41552734375,80801,0.0,0.0
2013-03-28 00:00:00+09:00,4250.649713601055,4303.542413657176,4188.140158989275,4216.99072265625,133227,0.0,0.0
2013-03-29 00:00:00+09:00,4231.41583725742,4293.9253893987225,4144.864149677154,4212.18212890625,120132,0.0,0.0
2013-04-01 00:00:00+09:00,4212.1821521577385,4269.8832775297615,4212.1821521577385,4241.03271484375,65722,0.0,0.0
2013-04-02 00:00:00+09:00,4269.883297892012,4875.7451171875,4241.0327350684165,4875.7451171875,1004702,0.0,0.0
2013-04-03 00:00:00+09:00,4875.745620570232,4971.914173244201,4553.580969112436,4664.1748046875,813865,0.0,0.0
2013-04-04 00:00:00+09:00,4596.85669415819,4664.174679219084,4245.8414863406715,4491.0712890625,336530,0.0,0.0
2013-04-05 00:00:00+09:00,4500.687582951255,5164.2504958222735,4327.584214376207,4981.5302734375,402256,0.0,0.0
2013-04-08 00:00:00+09:00,4750.7257528121845,4933.445974074191,4726.683618435604,4755.5341796875,267707,0.0,0.0
2013-04-09 00:00:00+09:00,4712.258271831769,4962.296465847332,4625.70658928792,4866.1279296875,306873,0.0,0.0
2013-04-10 00:00:00+09:00,4856.512261179171,5010.381956582867,4818.044837328247,4943.06396484375,329138,0.0,0.0
2013-04-11 00:00:00+09:00,4943.063058302461,5087.315871287942,4923.8293499043975,5029.61474609375,221936,0.0,0.0
2013-04-12 00:00:00+09:00,5000.764637626845,5577.775941968404,4952.680362265049,5212.33544921875,583981,0.0,0.0
2013-04-15 00:00:00+09:00,5221.952015432187,5366.204833538049,5096.932906407107,5260.41943359375,450136,0.0,0.0
2013-04-16 00:00:00+09:00,5154.634055397727,5318.120583274148,5145.017200816761,5289.27001953125,227103,0.0,0.0
2013-04-17 00:00:00+09:00,5289.269733600789,5375.82142015062,5241.185463295326,5337.35400390625,268990,0.0,0.0
2013-04-18 00:00:00+09:00,5289.2702037883255,5356.588188200177,5087.316250552771,5096.93310546875,170365,0.0,0.0
2013-04-19 00:00:00+09:00,5096.93319936899,5164.251185021034,4885.362387319711,5000.7646484375,117099,0.0,0.0
2013-04-22 00:00:00+09:00,4914.212518380169,5135.4001659784935,4914.212518380169,5058.46533203125,91168,0.0,0.0
2013-04-23 00:00:00+09:00,5010.380907554554,5125.783154945446,5000.764053605313,5068.08203125,71806,0.0,0.0
2013-04-24 00:00:00+09:00,5058.465553312266,5202.718373273642,5058.465553312266,5135.400390625,116866,0.0,0.0
2013-04-25 00:00:00+09:00,5135.399749046149,5135.399749046149,4933.445826330851,4962.29638671875,95921,0.0,0.0
2013-04-26 00:00:00+09:00,5077.699056952662,5077.699056952662,4803.618710128513,4875.7451171875,143236,0.0,0.0
2013-04-29 00:00:00+09:00,4875.744783303483,4943.062758615366,4837.277368839551,4866.1279296875,80498,0.0,0.0
2013-04-30 00:00:00+09:00,4904.595438128141,4914.212291928392,4712.258362123115,4784.384765625,110831,0.0,0.0
2013-05-02 00:00:00+09:00,4769.959530279503,4769.959530279503,4563.197171608113,4644.9404296875,150656,0.0,0.0
2013-05-03 00:00:00+09:00,4644.94078461884,4731.4924762577,4640.13235730557,4683.408203125,62183,0.0,0.0
2013-05-06 00:00:00+09:00,4726.6840600411015,4726.6840600411015,4664.17450482184,4697.83349609375,49790,0.0,0.0
2013-05-07 00:00:00+09:00,4649.7495905532605,4769.960283173562,4644.941162848449,4765.15185546875,97723,0.0,0.0
2013-05-08 00:00:00+09:00,4760.342131583921,4798.809542748236,4717.066294024068,4769.958984375,47464,0.0,0.0
2013-05-09 00:00:00+09:00,4779.576457698171,4779.576457698171,4702.641625381098,4731.4921875,82174,0.0,0.0
2013-05-10 00:00:00+09:00,4697.8331745670375,4755.53429851259,4673.791039589724,4702.6416015625,46459,0.0,0.0
2013-05-13 00:00:00+09:00,4644.9407403196465,4697.8334402611745,4495.879495029885,4625.70703125,162444,0.0,0.0
2013-05-14 00:00:00+09:00,4620.89835386885,4620.89835386885,4519.92138671875,4519.92138671875,95051,0.0,0.0
2013-05-15 00:00:00+09:00,4548.771948761636,4683.4079049617685,4510.304532704455,4519.92138671875,90949,0.0,0.0
2013-05-16 00:00:00+09:00,4606.4732471446705,5029.614839784264,4534.346839308376,4736.30078125,334250,0.0,0.0
2013-05-20 00:00:00+09:00,4736.301219192977,4745.918074460374,4664.1748046875,4664.1748046875,54437,0.0,0.0
2013-05-21 00:00:00+09:00,4611.2814886487095,4712.258455553426,4611.2814886487095,4702.6416015625,41928,0.0,0.0
2013-05-22 00:00:00+09:00,4697.833857856781,4774.76870097419,4693.025430161943,4750.7265625,80566,0.0,0.0
2013-05-23 00:00:00+09:00,4673.791003531347,4760.342688781927,4659.36572265625,4659.36572265625,57621,0.0,0.0
2013-05-24 00:00:00+09:00,4625.706697591146,4712.258382161459,4558.388720703125,4616.08984375,58186,0.0,0.0
2013-05-27 00:00:00+09:00,4616.090198863636,4697.8334628018465,4616.090198863636,4654.5576171875,35855,0.0,0.0
2013-05-28 00:00:00+09:00,4630.515436020855,4630.515436020855,3957.3356218537524,4596.8564453125,90984,0.0,0.0
2013-05-29 00:00:00+09:00,4596.85646764553,4702.641867528586,4592.0480403781185,4625.70703125,58434,0.0,0.0
2013-05-30 00:00:00+09:00,4693.024820026178,4693.024820026178,4558.3888620746075,4592.0478515625,72761,0.0,0.0
2013-05-31 00:00:00+09:00,4587.2394008495785,4616.089963119072,4519.921422220758,4563.197265625,92885,0.0,0.0
2013-06-03 00:00:00+09:00,4563.197432154606,4721.875530427632,4442.986751644737,4568.005859375,136217,0.0,0.0
2013-06-04 00:00:00+09:00,4548.772127830376,4668.982807741327,4524.729991848186,4539.1552734375,71914,0.0,0.0
2013-06-05 00:00:00+09:00,4568.00609691723,4611.281944151183,4423.753272804054,4447.79541015625,69618,0.0,0.0
2013-06-07 00:00:00+09:00,4452.602648992486,4519.9206156079235,4394.901534750683,4399.7099609375,92382,0.0,0.0
2013-06-10 00:00:00+09:00,4409.327589239469,4414.136016272445,4269.883205283149,4351.62646484375,93906,0.0,0.0
2013-06-11 00:00:00+09:00,4322.776437775985,4423.75341796875,4231.416312839674,4423.75341796875,90392,0.0,0.0
2013-06-12 00:00:00+09:00,4423.752608407981,4500.687436380294,4337.200926939129,4428.56103515625,56154,0.0,0.0
2013-06-13 00:00:00+09:00,4462.21950136612,4462.21950136612,4241.031896772541,4399.7099609375,59219,0.0,0.0
2013-06-14 00:00:00+09:00,4442.985686926296,4515.112077947827,4346.8171655642545,4452.6025390625,88331,0.0,0.0
2013-06-17 00:00:00+09:00,4452.6033729692535,4519.921350530344,4423.752811157357,4476.6455078125,81650,0.0,0.0
2013-06-18 00:00:00+09:00,4548.771805762235,4558.388659474206,4491.07068349041,4543.96337890625,92735,0.0,0.0
2013-06-19 00:00:00+09:00,4471.837017116834,4784.384765625,4423.752748115578,4784.384765625,173621,0.0,0.0
2013-06-20 00:00:00+09:00,5500.8408203125,5500.8408203125,5500.8408203125,5500.8408203125,255948,0.0,0.0
2013-06-21 00:00:00+09:00,6318.2734375,6318.2734375,5962.449819254186,6318.2734375,1142954,0.0,0.0
2013-06-24 00:00:00+09:00,6491.376660007836,6654.863183296922,6068.235070318437,6327.89013671875,4159186,0.0,0.0
2013-06-25 00:00:00+09:00,6116.319680122259,6193.254518865936,5471.990405643972,5702.794921875,2040108,0.0,0.0
2013-06-26 00:00:00+09:00,5856.664716596896,5895.132136738747,5337.354544681901,5635.47705078125,1717809,0.0,0.0
2013-06-27 00:00:00+09:00,5683.561212189081,5837.430889676433,5510.457825015809,5702.794921875,1077347,0.0,0.0
2013-06-28 00:00:00+09:00,5741.261825509799,5789.346095405191,5577.775307865466,5673.94384765625,834567,0.0,0.0
2013-07-01 00:00:00+09:00,5664.326895849103,5712.411164914036,5471.989819589371,5558.54150390625,687017,0.0,0.0
2013-07-02 00:00:00+09:00,5558.5417677494515,5645.093456174616,5346.970973821271,5481.60693359375,639307,0.0,0.0
2013-07-03 00:00:00+09:00,5520.074790355695,5914.365846809674,5471.9905151783805,5635.47705078125,1925386,0.0,0.0
2013-07-04 00:00:00+09:00,5712.411526925223,5722.028381347656,5346.971058872768,5385.4384765625,690285,0.0,0.0
2013-07-05 00:00:00+09:00,5404.672319371066,5471.990301996684,5279.653208780632,5346.97119140625,332068,0.0,0.0
2013-07-08 00:00:00+09:00,5318.120097876942,5375.821220096222,5000.763925670904,5106.54931640625,580193,0.0,0.0
2013-07-09 00:00:00+09:00,5106.549447046964,5135.400008894687,4943.062929909867,5068.08203125,418886,0.0,0.0
2013-07-10 00:00:00+09:00,5068.082634089543,5125.783764648438,4943.063517878606,5000.7646484375,616765,0.0,0.0
2013-07-11 00:00:00+09:00,5058.465840619093,5087.31640625,5000.764709357278,5087.31640625,587928,0.0,0.0
2013-07-12 00:00:00+09:00,5145.017380048644,5145.017380048644,5010.381411224941,5096.93310546875,492077,0.0,0.0
2013-07-15 00:00:00+09:00,5106.549826632725,5135.400390625,5019.998134655899,5135.400390625,377911,0.0,0.0
2013-07-16 00:00:00+09:00,5135.400412447626,5231.568959497207,5096.932993627794,5164.2509765625,465512,0.0,0.0
2013-07-17 00:00:00+09:00,5164.250127337887,5164.250127337887,5019.997330484874,5125.78271484375,346378,0.0,0.0
2013-07-18 00:00:00+09:00,5106.549848332752,5164.2509765625,5068.08242951292,5164.2509765625,239543,0.0,0.0
2013-07-19 00:00:00+09:00,5164.2509765625,5346.971215956704,5125.783557742668,5164.2509765625,701254,0.0,0.0
2013-07-22 00:00:00+09:00,5048.848250105574,5125.783080583374,4760.342635813828,4981.5302734375,464400,0.0,0.0
2013-07-23 00:00:00+09:00,4981.530606484826,5058.465442106214,4952.680043126807,4991.1474609375,212152,0.0,0.0
2013-07-24 00:00:00+09:00,4991.147782554485,5375.821985448858,4971.914072409767,5212.33544921875,556751,0.0,0.0
2013-07-25 00:00:00+09:00,5212.334913566931,5212.334913566931,5077.698956389925,5154.6337890625,196672,0.0,0.0
2013-07-26 00:00:00+09:00,5673.944202769886,5923.982421875,5500.8408203125,5923.982421875,1333398,0.0,0.0
2013-07-29 00:00:00+09:00,5722.028202451508,5847.047306034482,5529.691120016164,5577.775390625,1590352,0.0,0.0
2013-07-30 00:00:00+09:00,5606.626151753996,5673.944132992895,5337.354226798401,5414.2890625,765263,0.0,0.0
2013-07-31 00:00:00+09:00,5452.756826027733,5471.990536172451,5173.8680289293125,5212.33544921875,754134,0.0,0.0
2013-08-01 00:00:00+09:00,5202.717645319667,5327.736738460436,5164.250232045584,5241.18505859375,392844,0.0,0.0
2013-08-02 00:00:00+09:00,5395.055530109236,5847.047704646017,5385.438675331859,5433.52294921875,1743529,0.0,0.0
2013-08-05 00:00:00+09:00,5433.52259236436,5616.242821134136,5250.802363594586,5395.05517578125,407619,0.0,0.0
2013-08-06 00:00:00+09:00,5481.606849407327,5577.775390625,5346.970891702586,5577.775390625,474076,0.0,0.0
2013-08-07 00:00:00+09:00,5577.775136615774,5645.0931124025155,5471.98974609375,5471.98974609375,350227,0.0,0.0
2013-08-08 00:00:00+09:00,5443.140154670266,5443.140154670266,5193.101914349724,5231.5693359375,474030,0.0,0.0
2013-08-09 00:00:00+09:00,5250.8024879526865,5270.036196699766,5096.932817976051,5145.01708984375,336028,0.0,0.0
2013-08-12 00:00:00+09:00,5116.166526723131,5173.867652964369,5068.082254855432,5145.01708984375,239172,0.0,0.0
2013-08-13 00:00:00+09:00,5183.483938682626,5346.970445097477,5154.633378727064,5241.18505859375,175818,0.0,0.0
2013-08-14 00:00:00+09:00,5048.848783052885,5250.802734375,5048.848783052885,5250.802734375,176800,0.0,0.0
2013-08-16 00:00:00+09:00,5193.1015625,5298.886964699074,5154.634143518519,5193.1015625,128302,0.0,0.0
2013-08-19 00:00:00+09:00,5125.783642489185,5279.6533203125,5125.783642489185,5279.6533203125,123461,0.0,0.0
2013-08-20 00:00:00+09:00,5279.652364820298,5318.119777314435,5116.165861720216,5125.78271484375,183033,0.0,0.0
2013-08-21 00:00:00+09:00,5183.484278640892,5183.484278640892,4904.595514112903,5068.08203125,256742,0.0,0.0
2013-08-22 00:00:00+09:00,5029.614625945805,5029.614625945805,4866.128108467643,4885.36181640625,158956,0.0,0.0
2013-08-23 00:00:00+09:00,4904.595770863439,5019.99802429552,4894.978916410766,4991.1474609375,62148,0.0,0.0
2013-08-26 00:00:00+09:00,5048.848587653541,5077.69915101156,4952.680043126807,4991.1474609375,99276,0.0,0.0
2013-08-27 00:00:00+09:00,4952.679974724265,5029.614809283088,4885.361994485294,4904.595703125,96559,0.0,0.0
2013-08-28 00:00:00+09:00,4827.660955078125,4856.511518554687,4765.151400878906,4808.42724609375,187624,0.0,0.0
2013-08-29 00:00:00+09:00,4808.427137265779,4914.212534285626,4789.193428716716,4875.7451171875,57453,0.0,0.0
2013-08-30 00:00:00+09:00,4894.978916410766,5048.848587653541,4827.660935242052,4991.1474609375,101413,0.0,0.0
2013-09-02 00:00:00+09:00,4943.063232886904,5145.017178199405,4933.446378348214,5048.8486328125,128935,0.0,0.0
2013-09-03 00:00:00+09:00,4914.212799716591,5077.699331214011,4914.212799716591,5010.38134765625,67033,0.0,0.0
2013-09-04 00:00:00+09:00,4962.296361019737,5212.334549753289,4962.296361019737,5116.166015625,189607,0.0,0.0
2013-09-05 00:00:00+09:00,5145.017245289092,5145.017245289092,5010.381279991807,5135.400390625,62647,0.0,0.0
2013-09-06 00:00:00+09:00,5164.25079859083,5164.25079859083,4952.680002372956,5145.01708984375,129594,0.0,0.0
2013-09-09 00:00:00+09:00,5106.549162212171,5221.951403166118,5068.081748560855,5116.166015625,224958,0.0,0.0
2013-09-10 00:00:00+09:00,5183.484895207332,5183.484895207332,4952.680372971755,5000.7646484375,129781,0.0,0.0
2013-09-11 00:00:00+09:00,5000.764315390174,5068.082296558887,4933.446334221459,4991.1474609375,124001,0.0,0.0
2013-09-12 00:00:00+09:00,5039.231738454707,5616.243006216696,4971.913757215808,5414.2890625,751647,0.0,0.0
2013-09-13 00:00:00+09:00,5423.904866838987,5452.755424641322,5068.081320610188,5173.86669921875,731462,0.0,0.0
2013-09-16 00:00:00+09:00,5183.484351314715,5250.802329903218,5116.166372726213,5154.6337890625,206504,0.0,0.0
2013-09-17 00:00:00+09:00,5202.71805948286,5212.334913566931,5125.783226810285,5154.6337890625,111576,0.0,0.0
2013-09-23 00:00:00+09:00,5145.017537511815,5145.017537511815,5029.615274988185,5087.31640625,148601,0.0,0.0
2013-09-24 00:00:00+09:00,5087.316186007977,5145.017314771773,4923.829654510557,5010.38134765625,165246,0.0,0.0
2013-09-25 00:00:00+09:00,5010.380498594657,5019.997351758946,4885.361407458898,4971.9130859375,140966,0.0,0.0
2013-09-26 00:00:00+09:00,4923.8293499043975,5164.250704880198,4923.8293499043975,5029.61474609375,97483,0.0,0.0
2013-09-27 00:00:00+09:00,5096.9321770732595,5096.9321770732595,4962.296232773211,4971.9130859375,83281,0.0,0.0
2013-09-30 00:00:00+09:00,5000.764088490704,5000.764088490704,4904.595548327422,4914.21240234375,107579,0.0,0.0
2013-10-01 00:00:00+09:00,4875.745227539062,4943.063208984375,4726.683982910156,4808.42724609375,216323,0.0,0.0
2013-10-02 00:00:00+09:00,4808.426984651821,4952.679794191376,4808.426984651821,4885.36181640625,116385,0.0,0.0
2013-10-04 00:00:00+09:00,4885.361792233911,4885.361792233911,4798.810106938428,4856.51123046875,59207,0.0,0.0
2013-10-07 00:00:00+09:00,4894.978778770584,4894.978778770584,4803.61866403911,4818.0439453125,78856,0.0,0.0
2013-10-08 00:00:00+09:00,4827.660570249112,4846.894277700304,4736.300459855952,4741.10888671875,92823,0.0,0.0
2013-10-10 00:00:00+09:00,4741.108426001764,4789.192689957157,4664.173603673135,4769.958984375,83821,0.0,0.0
2013-10-11 00:00:00+09:00,4760.343148888819,4856.5116973512195,4741.10943919634,4827.6611328125,99098,0.0,0.0
2013-10-14 00:00:00+09:00,4827.660101121472,4885.361217867944,4765.150557979461,4769.958984375,67081,0.0,0.0
2013-10-15 00:00:00+09:00,4769.960467810622,4943.063871884394,4741.109900464992,4798.81103515625,118819,0.0,0.0
2013-10-16 00:00:00+09:00,4808.426984651821,4933.4460862527685,4760.342714805302,4885.36181640625,152109,0.0,0.0
2013-10-17 00:00:00+09:00,4856.511507177783,4991.147469753008,4750.726108011534,4794.001953125,229283,0.0,0.0
2013-10-18 00:00:00+09:00,4808.427043876262,4837.277606139521,4741.109065261995,4760.3427734375,87636,0.0,0.0
2013-10-21 00:00:00+09:00,4803.618435935123,4808.426862797921,4731.492032993155,4741.10888671875,105161,0.0,0.0
2013-10-22 00:00:00+09:00,4741.109053436867,4803.618604851349,4741.109053436867,4745.91748046875,62196,0.0,0.0
2013-10-23 00:00:00+09:00,4769.959872159091,4808.427290482954,4654.5576171875,4654.5576171875,111201,0.0,0.0
2013-10-24 00:00:00+09:00,4683.408180930398,4707.4503173828125,4640.1323353160515,4654.5576171875,91259,0.0,0.0
2013-10-25 00:00:00+09:00,4664.174373413705,4818.044043464467,4664.174373413705,4736.30078125,107362,0.0,0.0
2013-10-28 00:00:00+09:00,4798.810311462589,4798.810311462589,4702.641768146706,4707.4501953125,71539,0.0,0.0
2013-10-29 00:00:00+09:00,4750.7254805822095,4755.533907181989,4616.089535788382,4635.3232421875,82710,0.0,0.0
2013-10-30 00:00:00+09:00,4635.3239408744885,4731.49248736566,4635.3239408744885,4697.83349609375,108643,0.0,0.0
2013-10-31 00:00:00+09:00,4616.090108580509,4635.323817366261,4486.262574276682,4539.1552734375,264466,0.0,0.0
2013-11-01 00:00:00+09:00,4539.155094747341,4577.622510804521,4495.879251683012,4519.92138671875,87819,0.0,0.0
2013-11-04 00:00:00+09:00,4356.434633932207,4471.836875890676,4351.626207183937,4428.56103515625,190975,0.0,0.0
2013-11-05 00:00:00+09:00,4471.837673729828,4510.3050945791165,4375.669121606606,4394.90283203125,99417,0.0,0.0
2013-11-06 00:00:00+09:00,4423.753230250548,4438.178512523104,4361.243673736138,4390.09423828125,88765,0.0,0.0
2013-11-07 00:00:00+09:00,4390.094404425088,4462.220818517505,4346.8185559696385,4394.90283203125,73511,0.0,0.0
2013-11-08 00:00:00+09:00,4385.28515625,4418.944143194902,4164.097527754934,4202.56494140625,273163,0.0,0.0
2013-11-11 00:00:00+09:00,4168.9060890087185,4197.7566501783285,3981.37744140625,3981.37744140625,203222,0.0,0.0
2013-11-12 00:00:00+09:00,3971.7607473697303,4144.864121347104,3971.7607473697303,4077.546142578125,60686,0.0,0.0
2013-11-13 00:00:00+09:00,4058.312434358417,4221.798954225936,4039.0787261387086,4077.546142578125,92227,0.0,0.0
2013-11-14 00:00:00+09:00,4120.821401032432,4154.480385638298,3952.5264780031025,4067.9287109375,56804,0.0,0.0
2013-11-15 00:00:00+09:00,4072.7379702647618,4111.205389110238,4043.887406130655,4091.9716796875,45643,0.0,0.0
2013-11-18 00:00:00+09:00,4087.16304718502,4366.051819816468,4087.16304718502,4241.03271484375,180028,0.0,0.0
2013-11-19 00:00:00+09:00,4303.542721803161,4303.542721803161,4144.864610272988,4183.33203125,78853,0.0,0.0
2013-11-20 00:00:00+09:00,4183.331388421015,4250.649364786411,4130.4386927053465,4192.9482421875,77058,0.0,0.0
2013-11-21 00:00:00+09:00,4197.756788300305,4226.607350419207,4039.0786966463415,4140.0556640625,74201,0.0,0.0
2013-11-22 00:00:00+09:00,4116.013299741124,4149.672287005363,4034.270044956546,4063.12060546875,84699,0.0,0.0
2013-11-25 00:00:00+09:00,4125.630749655331,4125.630749655331,4048.695910500919,4087.163330078125,60579,0.0,0.0
2013-11-26 00:00:00+09:00,4082.354635663507,4116.013625592417,4039.078791469194,4058.3125,71270,0.0,0.0
2013-11-27 00:00:00+09:00,4096.779917061611,4106.396771327014,4058.3125,4058.3125,56816,0.0,0.0
2013-11-28 00:00:00+09:00,4048.6958549081096,4135.247547768378,4024.6537180024793,4120.822265625,61143,0.0,0.0
2013-11-29 00:00:00+09:00,4120.822177099665,4260.266568156713,4120.822177099665,4216.99072265625,117475,0.0,0.0
2013-12-02 00:00:00+09:00,4231.41552734375,4332.392488791726,4202.564966930043,4231.41552734375,111730,0.0,0.0
2013-12-03 00:00:00+09:00,4279.500047637195,4317.967463795731,4135.247237042683,4140.0556640625,66358,0.0,0.0
2013-12-04 00:00:00+09:00,4154.4806875744935,4154.4806875744935,4034.27001953125,4034.27001953125,96689,0.0,0.0
2013-12-05 00:00:00+09:00,4010.2281404255123,4087.1629728557377,3986.1860052910665,4048.695556640625,41346,0.0,0.0
2013-12-06 00:00:00+09:00,3981.377643011635,4091.971466428625,3981.377643011635,4029.4619140625,48091,0.0,0.0
2013-12-09 00:00:00+09:00,4039.079148625753,4106.397134436183,3952.5274525837726,3990.994873046875,89484,0.0,0.0
2013-12-10 00:00:00+09:00,3995.802746669852,4039.078588691547,3942.9100508655574,4010.22802734375,73829,0.0,0.0
2013-12-11 00:00:00+09:00,4039.078799715909,4072.7377897135416,3952.527111150568,3966.952392578125,58065,0.0,0.0
2013-12-12 00:00:00+09:00,3904.4425497770603,3971.7605247732167,3894.825696206181,3909.2509765625,89450,0.0,0.0
2013-12-13 00:00:00+09:00,3914.059288247118,3986.1856879076913,3904.4424349590413,3962.1435546875,42562,0.0,0.0
2013-12-16 00:00:00+09:00,4005.419653526961,4005.419653526961,3923.676395291717,3976.569091796875,43310,0.0,0.0
2013-12-17 00:00:00+09:00,3995.8027996169326,3995.8027996169326,3947.718530066789,3976.569091796875,39482,0.0,0.0
2013-12-18 00:00:00+09:00,3952.527099609375,3995.802943765682,3942.910245352418,3952.527099609375,102925,0.0,0.0
2013-12-19 00:00:00+09:00,3933.292994823271,3990.9941145517296,3918.867714891156,3962.1435546875,68135,0.0,0.0
2013-12-20 00:00:00+09:00,3986.186124175034,4063.120958899763,3938.101852472078,3995.802978515625,75665,0.0,0.0
2013-12-23 00:00:00+09:00,3971.7607242103995,4125.6303890708505,3971.7607242103995,4048.695556640625,60216,0.0,0.0
2013-12-24 00:00:00+09:00,4159.28921207339,4510.304371011376,4106.396516890954,4332.392578125,370609,0.0,0.0
2013-12-26 00:00:00+09:00,4399.710698808943,4399.710698808943,4260.266316005162,4308.3505859375,95117,0.0,0.0
2013-12-27 00:00:00+09:00,4284.308450971331,4337.2011478969025,4255.457889011928,4308.3505859375,79168,0.0,0.0
2013-12-30 00:00:00+09:00,4342.009754231771,4423.753016493056,4284.308627929688,4327.58447265625,60173,0.0,0.0
2014-01-02 00:00:00+09:00,4366.051627746315,4462.220165802401,4366.051627746315,4404.51904296875,126500,0.0,0.0
2014-01-03 00:00:00+09:00,4327.584865404212,4447.795556109884,4327.584865404212,4423.75341796875,71397,0.0,0.0
2014-01-06 00:00:00+09:00,4452.602648992486,4452.602648992486,4375.6678300034155,4399.7099609375,67115,0.0,0.0
2014-01-07 00:00:00+09:00,4385.285465996696,4433.369736457186,4327.584341444108,4366.0517578125,87163,0.0,0.0
2014-01-08 00:00:00+09:00,4361.243945203631,4423.753505608975,4221.799541222478,4313.15966796875,54123,0.0,0.0
2014-01-09 00:00:00+09:00,4404.519319282946,4404.519319282946,4322.776056807171,4342.009765625,82049,0.0,0.0
2014-01-10 00:00:00+09:00,4342.0095874542885,4534.346667740193,4327.584306432846,4519.92138671875,210150,0.0,0.0
2014-01-13 00:00:00+09:00,4596.8564226973685,4596.8564226973685,4457.412033305921,4568.005859375,164137,0.0,0.0
2014-01-14 00:00:00+09:00,4515.113324378944,4592.0481627070185,4515.113324378944,4572.814453125,100330,0.0,0.0
2014-01-15 00:00:00+09:00,4601.6654995302615,4616.090783227848,4500.688513647152,4558.3896484375,114205,0.0,0.0
2014-01-16 00:00:00+09:00,4606.472965392427,4659.365661237225,4558.38869644261,4587.2392578125,172947,0.0,0.0
2014-01-17 00:00:00+09:00,4414.136274571572,4505.4963935441865,4178.523336168515,4471.83740234375,1104999,0.0,0.0
2014-01-20 00:00:00+09:00,4519.921518743294,4726.683886090062,4467.028820119703,4481.4541015625,772208,0.0,0.0
2014-01-21 00:00:00+09:00,4500.687715101872,4500.687715101872,4317.96748735201,4366.0517578125,459962,0.0,0.0
2014-01-22 00:00:00+09:00,4428.561580367153,4428.561580367153,4260.26662345852,4289.1171875,264080,0.0,0.0
2014-01-23 00:00:00+09:00,4322.775661218785,4337.200941512063,4216.990272401418,4260.26611328125,237222,0.0,0.0
2014-01-24 00:00:00+09:00,4226.607743873683,4284.308873482881,4207.374034003951,4221.79931640625,136610,0.0,0.0
2014-01-27 00:00:00+09:00,4154.4809922680415,4226.607398383806,4077.5461590778923,4197.7568359375,279796,0.0,0.0
2014-01-28 00:00:00+09:00,4216.991162789117,4226.608018348499,4087.1636127374563,4144.86474609375,139550,0.0,0.0
2014-01-29 00:00:00+09:00,4149.672914745318,4284.308884169268,4116.01392238933,4236.224609375,200161,0.0,0.0
2014-02-03 00:00:00+09:00,4250.649234286222,4298.7335016424,4216.990247136896,4231.41552734375,163858,0.0,0.0
2014-02-04 00:00:00+09:00,4207.373004587363,4221.798283460234,4130.438183932051,4164.09716796875,85704,0.0,0.0
2014-02-05 00:00:00+09:00,4192.948361280488,4366.051733993902,4192.948361280488,4337.201171875,342452,0.0,0.0
2014-02-06 00:00:00+09:00,4351.627185414139,4505.496875948119,4289.117623634708,4457.41259765625,299587,0.0,0.0
2014-02-07 00:00:00+09:00,4505.496069624396,4543.963485373591,4442.986519031955,4476.6455078125,289644,0.0,0.0
2014-02-10 00:00:00+09:00,4515.112780448718,4524.729634081196,4385.285256410257,4500.6875,137169,0.0,0.0
2014-02-11 00:00:00+09:00,4500.687821691176,4519.921530330882,4423.752987132353,4495.87939453125,98402,0.0,0.0
2014-02-12 00:00:00+09:00,4491.071268015895,4491.071268015895,4423.753283270475,4462.220703125,118924,0.0,0.0
2014-02-13 00:00:00+09:00,4428.561825274377,4438.1786804867,4375.669121606606,4394.90283203125,125692,0.0,0.0
2014-02-14 00:00:00+09:00,4394.9022285034935,4654.557283579193,4370.860093774262,4644.9404296875,448899,0.0,0.0
2014-02-17 00:00:00+09:00,4664.173801786177,4779.5760401808875,4568.005269790586,4635.3232421875,310358,0.0,0.0
2014-02-18 00:00:00+09:00,4625.707197559709,4760.34316588785,4539.155503634475,4630.515625,343929,0.0,0.0
2014-02-19 00:00:00+09:00,4654.5574153509915,4664.17426951494,4568.005727875457,4606.47314453125,162613,0.0,0.0
2014-02-20 00:00:00+09:00,4572.8143202351075,4673.79129260623,4572.8143202351075,4611.28173828125,161692,0.0,0.0
2014-02-21 00:00:00+09:00,4572.813940042162,4654.557196593915,4510.304390914352,4543.96337890625,151663,0.0,0.0
2014-02-24 00:00:00+09:00,4539.1551304004215,4568.005692669915,4423.752881322444,4563.197265625,147280,0.0,0.0
2014-02-25 00:00:00+09:00,4630.51544730432,4688.216574373533,4529.538474933199,4611.28173828125,193102,0.0,0.0
2014-02-26 00:00:00+09:00,4620.897909212513,4654.556895023635,4548.771511045825,4577.6220703125,69444,0.0,0.0
2014-02-27 00:00:00+09:00,4577.622510804521,4577.622510804521,4457.411835625831,4519.92138671875,133663,0.0,0.0
2014-02-28 00:00:00+09:00,4553.580666687668,4553.580666687668,4394.90256531418,4471.83740234375,112285,0.0,0.0
2014-03-03 00:00:00+09:00,4471.836812627292,4808.426680244399,4452.603105906313,4721.875,643528,0.0,0.0
2014-03-04 00:00:00+09:00,4736.300944800516,5039.231868173543,4673.791389183859,4952.68017578125,915916,0.0,0.0
2014-03-05 00:00:00+09:00,4991.1474609375,5039.231733200867,4894.978916410766,4991.1474609375,257293,0.0,0.0
2014-03-06 00:00:00+09:00,4991.146921258223,5202.717696340461,4952.6795076069075,5116.166015625,681205,0.0,0.0
2014-03-07 00:00:00+09:00,5202.718675083202,5520.074897408055,5125.78383330748,5327.73779296875,771770,0.0,0.0
2014-03-10 00:00:00+09:00,5683.561212189081,5827.814034833474,5510.457825015809,5702.794921875,1270512,0.0,0.0
2014-03-11 00:00:00+09:00,5702.794494207974,5798.963035425646,5558.541682381465,5577.775390625,576553,0.0,0.0
2014-03-12 00:00:00+09:00,5625.8598406290275,5722.028384913284,5452.756460917365,5597.00927734375,520002,0.0,0.0
2014-03-13 00:00:00+09:00,5673.944112771155,5683.560967199582,5423.9058976320875,5597.00927734375,668075,0.0,0.0
2014-03-14 00:00:00+09:00,5491.223622053761,5962.449467028602,5491.223622053761,5673.94384765625,728812,0.0,0.0
2014-03-17 00:00:00+09:00,5722.028384913284,5798.963220340689,5510.457587487919,5597.00927734375,328203,0.0,0.0
2014-03-18 00:00:00+09:00,5616.242468384197,5760.495271510504,5539.307640050167,5750.87841796875,302840,0.0,0.0
2014-03-19 00:00:00+09:00,5722.0283203125,5866.281135110294,5693.177757352941,5722.0283203125,306246,0.0,0.0
2014-03-20 00:00:00+09:00,5491.223668040845,5808.57985200818,5491.223668040845,5731.64501953125,345866,0.0,0.0
2014-03-21 00:00:00+09:00,5712.411598786484,5770.112726046954,5664.327326069427,5683.56103515625,155298,0.0,0.0
2014-03-24 00:00:00+09:00,5683.560443176474,5866.280660469795,5645.093029009458,5750.87841796875,386593,0.0,0.0
2014-03-25 00:00:00+09:00,5770.111789415829,5779.728642398189,5625.858994680433,5741.26123046875,352484,0.0,0.0
2014-03-26 00:00:00+09:00,5741.261825509799,5818.196657342426,5625.859577760858,5673.94384765625,206462,0.0,0.0
2014-03-27 00:00:00+09:00,5683.560527137796,5683.560527137796,5404.671770307008,5471.98974609375,490628,0.0,0.0
2014-03-28 00:00:00+09:00,5471.98974609375,5587.391990299594,5289.269526101164,5471.98974609375,330239,0.0,0.0
2014-03-31 00:00:00+09:00,5539.307771739131,5673.943724524456,5433.522380264945,5529.69091796875,228241,0.0,0.0
2014-04-01 00:00:00+09:00,5471.989819589371,5558.54150390625,5385.438135272491,5558.54150390625,268588,0.0,0.0
2014-04-02 00:00:00+09:00,5520.074112857681,5597.008943698903,5491.2235512922225,5587.39208984375,153328,0.0,0.0
2014-04-03 00:00:00+09:00,5568.159002823061,5673.944407021772,5452.756743697195,5548.92529296875,230817,0.0,0.0
2014-04-04 00:00:00+09:00,5539.3083517699115,5568.1589161020465,5395.055530109236,5433.52294921875,281714,0.0,0.0
2014-04-07 00:00:00+09:00,5366.204833538049,5462.373378941957,5231.568869972578,5260.41943359375,231833,0.0,0.0
2014-04-08 00:00:00+09:00,5270.036226777277,5693.177821628007,5241.185663492,5597.00927734375,580752,0.0,0.0
2014-04-09 00:00:00+09:00,5798.9631314664275,5943.21594568201,5673.9440258129225,5693.177734375,1096856,0.0,0.0
2014-04-10 00:00:00+09:00,5712.411263572564,5856.664073258739,5664.326993677172,5673.94384765625,271421,0.0,0.0
2014-04-11 00:00:00+09:00,5597.0098828125,5798.9638476562495,5577.776171875,5770.11328125,236530,0.0,0.0
2014-04-14 00:00:00+09:00,5962.449931028259,6000.917349938119,5808.58025538882,5827.81396484375,343592,0.0,0.0
2014-04-15 00:00:00+09:00,5847.04736328125,5866.281071713096,5731.645112690173,5847.04736328125,286893,0.0,0.0
2014-04-16 00:00:00+09:00,5837.430354577175,5952.832602114121,5770.112376847291,5856.6640625,221416,0.0,0.0
2014-04-17 00:00:00+09:00,5847.0472192796615,5866.280927237818,5673.94384765625,5673.94384765625,238627,0.0,0.0
2014-04-18 00:00:00+09:00,5673.944180612838,5722.028453329896,5616.243053352368,5683.56103515625,191935,0.0,0.0
2014-04-21 00:00:00+09:00,5770.112591911765,5770.112591911765,5664.327194393382,5722.0283203125,132209,0.0,0.0
2014-04-22 00:00:00+09:00,5683.5606440453985,5827.8134522699,5683.5606440453985,5798.962890625,246342,0.0,0.0
2014-04-23 00:00:00+09:00,5798.9626856775185,5875.897514011549,5750.87841796875,5750.87841796875,232191,0.0,0.0
2014-04-24 00:00:00+09:00,5760.495871503543,5798.963289677189,5606.626198808957,5683.56103515625,239048,0.0,0.0
2014-04-25 00:00:00+09:00,5712.411214750107,5722.028068646992,5471.989867327964,5616.24267578125,462700,0.0,0.0
2014-04-28 00:00:00+09:00,5548.92481781334,5568.158526020665,5048.848404422883,5366.20458984375,1276940,0.0,0.0
2014-04-29 00:00:00+09:00,5145.016525408543,5270.035618549312,5010.380578949254,5241.18505859375,1876892,0.0,0.0
2014-04-30 00:00:00+09:00,5202.717723284582,5241.185137135114,4875.744705555051,4962.29638671875,1649508,0.0,0.0
2014-05-02 00:00:00+09:00,4837.278111853966,5116.166909555288,4741.109560922476,5000.7646484375,1926838,0.0,0.0
2014-05-07 00:00:00+09:00,5068.081317757517,5068.081317757517,4794.001018789606,4837.27685546875,832894,0.0,0.0
2014-05-08 00:00:00+09:00,4837.277340943786,5087.315533517421,4837.277340943786,5019.99755859375,712916,0.0,0.0
2014-05-09 00:00:00+09:00,5019.997761503795,5096.932593097723,4943.062929909867,5068.08203125,476783,0.0,0.0
2014-05-12 00:00:00+09:00,5039.2321301984875,5116.166971880907,5019.998419777883,5087.31640625,441496,0.0,0.0
2014-05-13 00:00:00+09:00,5077.69926264045,5145.017245289092,5029.614989319991,5135.400390625,390925,0.0,0.0
2014-05-14 00:00:00+09:00,5116.166681296817,5164.250954617275,5048.848698648174,5135.400390625,372212,0.0,0.0
2014-05-15 00:00:00+09:00,5135.400390625,5135.400390625,5048.848698648174,5135.400390625,286397,0.0,0.0
2014-05-16 00:00:00+09:00,5164.250887276786,5212.335159970238,4952.680087425595,5048.8486328125,540901,0.0,0.0
2014-05-19 00:00:00+09:00,5048.84819984436,5096.932468414307,4837.277418136597,4923.8291015625,325537,0.0,0.0
2014-05-20 00:00:00+09:00,4933.446061842513,5010.380893216275,4808.426960860149,4856.51123046875,242153,0.0,0.0
2014-05-21 00:00:00+09:00,4856.51173256928,5145.017380048644,4837.278022737323,5096.93310546875,476639,0.0,0.0
2014-05-22 00:00:00+09:00,5106.549714369581,5145.0171321802745,4952.680043126807,4991.1474609375,217589,0.0,0.0
2014-05-23 00:00:00+09:00,4981.530380458048,5000.764088490704,4866.128132262109,4914.21240234375,237471,0.0,0.0
2014-05-26 00:00:00+09:00,4923.829479768786,5058.465442106214,4875.745207505419,4991.1474609375,162993,0.0,0.0
2014-05-27 00:00:00+09:00,5000.763931274414,5000.763931274414,4846.894271850586,4923.8291015625,206640,0.0,0.0
2014-05-28 00:00:00+09:00,4962.2959392084995,4962.2959392084995,4818.043150278019,4837.27685546875,264058,0.0,0.0
2014-05-29 00:00:00+09:00,4885.361507128309,4904.595213849288,4649.748599796334,4721.875,287190,0.0,0.0
2014-05-30 00:00:00+09:00,4635.32359985854,4731.492139274692,4587.2393301504635,4673.791015625,279436,0.0,0.0
2014-06-02 00:00:00+09:00,4712.258318865741,4721.875172577712,4534.346525194279,4543.96337890625,262916,0.0,0.0
2014-06-03 00:00:00+09:00,4568.005867969609,4640.132276411235,4313.159224809199,4370.8603515625,432283,0.0,0.0
2014-06-05 00:00:00+09:00,4399.710773061641,4399.710773061641,4135.247283970504,4197.7568359375,310337,0.0,0.0
2014-06-09 00:00:00+09:00,4231.41612293956,4394.902654962225,4197.757131052541,4375.6689453125,160557,0.0,0.0
2014-06-10 00:00:00+09:00,4356.435712686053,4442.9874155871,4327.5851450523705,4361.244140625,116305,0.0,0.0
2014-06-11 00:00:00+09:00,4375.667868786909,4399.70999993409,4221.798229444952,4274.69091796875,132686,0.0,0.0
2014-06-12 00:00:00+09:00,4274.691596984863,4327.584293910435,4212.182046072824,4308.3505859375,92683,0.0,0.0
2014-06-13 00:00:00+09:00,4366.051709856306,4515.1129466465545,4284.308450971331,4308.3505859375,176356,0.0,0.0
2014-06-16 00:00:00+09:00,4308.350251677853,4346.817664639261,4212.181719274328,4298.7333984375,123567,0.0,0.0
2014-06-17 00:00:00+09:00,4298.7337319510325,4337.2011478969025,4260.266316005162,4308.3505859375,47760,0.0,0.0
2014-06-18 00:00:00+09:00,4327.584921347128,4327.584921347128,4236.2247952298,4269.8837890625,84616,0.0,0.0
2014-06-19 00:00:00+09:00,4303.542089950013,4418.9443359375,4216.990405459399,4418.9443359375,119643,0.0,0.0
2014-06-20 00:00:00+09:00,4385.286053631757,4404.5197643933,4250.650078300957,4269.8837890625,146591,0.0,0.0
2014-06-23 00:00:00+09:00,4245.841039630215,4255.457893627112,3962.143846721741,4019.844970703125,282399,0.0,0.0
2014-06-24 00:00:00+09:00,3966.9523844786727,4096.779917061611,3923.6765402843603,4058.3125,181318,0.0,0.0
2014-06-25 00:00:00+09:00,4010.2279111963758,4164.097567261464,3990.9942041882396,4063.12060546875,109089,0.0,0.0
2014-06-26 00:00:00+09:00,4063.121340696839,4221.799452227011,4063.121340696839,4183.33203125,96658,0.0,0.0
2014-06-27 00:00:00+09:00,4183.331896666786,4255.458308678282,4164.098186797053,4221.79931640625,92027,0.0,0.0
2014-06-30 00:00:00+09:00,4289.117832689607,4303.543116880267,4197.757699482093,4279.5009765625,87848,0.0,0.0
2014-07-01 00:00:00+09:00,4342.009238019085,4342.009238019085,4250.649132235738,4298.7333984375,61959,0.0,0.0
2014-07-02 00:00:00+09:00,4327.584865404212,4693.025365149457,4303.542727263078,4423.75341796875,358783,0.0,0.0
2014-07-03 00:00:00+09:00,4423.752543805188,4462.21995722958,4337.200863600304,4356.4345703125,107675,0.0,0.0
2014-07-04 00:00:00+09:00,4313.158955671265,4510.30445977664,4279.49996716547,4433.36962890625,120937,0.0,0.0
2014-07-07 00:00:00+09:00,4433.36988250969,4471.837300145349,4298.733920784884,4342.009765625,152773,0.0,0.0
2014-07-08 00:00:00+09:00,4380.477965897121,4380.477965897121,4226.608267863413,4279.5009765625,143593,0.0,0.0
2014-07-09 00:00:00+09:00,4279.500243015553,4298.733951972927,4168.9064165106565,4173.71484375,170059,0.0,0.0
2014-07-10 00:00:00+09:00,4192.94856397101,4279.500254511696,4173.714854961969,4188.14013671875,109307,0.0,0.0
2014-07-11 00:00:00+09:00,4188.1402599246,4221.799251680596,4096.780139444041,4135.24755859375,156592,0.0,0.0
2014-07-14 00:00:00+09:00,4125.6298274046985,4202.564649360963,4034.269726331634,4067.9287109375,165262,0.0,0.0
2014-07-15 00:00:00+09:00,4063.120861413344,4111.205131962614,4019.8450179190004,4077.546142578125,144351,0.0,0.0
2014-07-16 00:00:00+09:00,4096.779630781616,4164.097605935304,4067.9290700014635,4106.396484375,98207,0.0,0.0
2014-07-17 00:00:00+09:00,4106.396330361054,4154.480596524533,4106.396330361054,4116.01318359375,69546,0.0,0.0
2014-07-18 00:00:00+09:00,4091.97234215095,4135.248195358187,4087.1639140168127,4111.2060546875,73832,0.0,0.0
2014-07-21 00:00:00+09:00,4178.522248913162,4178.522248913162,4106.3958579652935,4130.43798828125,70378,0.0,0.0
2014-07-22 00:00:00+09:00,4279.499943495837,4741.108926165051,4231.415674467795,4404.51904296875,1155057,0.0,0.0
2014-07-23 00:00:00+09:00,4423.753505608975,4510.305204631759,4231.416396669454,4313.15966796875,272114,0.0,0.0
2014-07-24 00:00:00+09:00,4279.500446015447,4356.435285494376,4202.565606536518,4221.79931640625,166724,0.0,0.0
2014-07-25 00:00:00+09:00,4202.56494140625,4298.733475534539,4202.56494140625,4202.56494140625,128880,0.0,0.0
2014-07-28 00:00:00+09:00,4260.266831475816,4260.266831475816,4087.163438774767,4125.630859375,154335,0.0,0.0
2014-07-29 00:00:00+09:00,4130.438906990521,4183.331605450237,4058.3125,4058.3125,157035,0.0,0.0
2014-07-30 00:00:00+09:00,3971.7604721487633,4091.9711401920067,3971.7604721487633,4034.27001953125,137856,0.0,0.0
2014-07-31 00:00:00+09:00,4005.4198015402844,4063.120927132701,3986.1860930094786,4058.3125,120834,0.0,0.0
2014-08-01 00:00:00+09:00,4039.0780844038686,4375.667924770858,4010.2275266581264,4164.09716796875,256529,0.0,0.0
2014-08-04 00:00:00+09:00,4241.032355057566,4327.584035773027,4135.2469675164475,4202.56494140625,108275,0.0,0.0
2014-08-05 00:00:00+09:00,4168.906427709709,4327.5845270343,4154.481145952927,4188.14013671875,168256,0.0,0.0
2014-08-06 00:00:00+09:00,4183.3315547143475,4279.500096202033,4154.4809922680415,4197.7568359375,93570,0.0,0.0
2014-08-07 00:00:00+09:00,4231.415777439024,4231.415777439024,4135.247237042683,4140.0556640625,93069,0.0,0.0
2014-08-08 00:00:00+09:00,4140.0561421000875,4183.33199027535,4106.397149074884,4125.630859375,107749,0.0,0.0
2014-08-11 00:00:00+09:00,4135.247525888661,4144.864380600029,4087.1632523318153,4091.9716796875,105367,0.0,0.0
2014-08-12 00:00:00+09:00,4091.9719064295978,4231.416307471264,4077.5466235632184,4183.33203125,107007,0.0,0.0
2014-08-13 00:00:00+09:00,4245.841081661275,4500.687715101872,4241.0326546152255,4366.0517578125,517382,0.0,0.0
2014-08-14 00:00:00+09:00,4366.052266394283,4404.519687243572,4313.159562726511,4394.90283203125,137690,0.0,0.0
2014-08-18 00:00:00+09:00,4452.604141135621,4471.837852328431,4342.010301776961,4414.13671875,114043,0.0,0.0
2014-08-19 00:00:00+09:00,4452.603963305183,4452.603963305183,4322.776417938833,4394.90283203125,109874,0.0,0.0
2014-08-20 00:00:00+09:00,4380.476908454728,4438.17803128838,4356.434773940707,4404.51904296875,149704,0.0,0.0
2014-08-21 00:00:00+09:00,4505.49631662759,4712.258687614769,4471.837326001771,4582.43115234375,838309,0.0,0.0
2014-08-22 00:00:00+09:00,4582.43122954633,5000.764405800822,4471.837401341119,4683.408203125,739327,0.0,0.0
2014-08-25 00:00:00+09:00,4731.492026289683,4731.492026289683,4539.154952050265,4543.96337890625,167168,0.0,0.0
2014-08-26 00:00:00+09:00,4548.771960746951,4731.4921875,4471.837128429878,4731.4921875,286864,0.0,0.0
2014-08-27 00:00:00+09:00,4750.725494037616,4808.426613398397,4649.74853515625,4649.74853515625,221638,0.0,0.0
2014-08-28 00:00:00+09:00,4654.5574271592095,4750.7259690426645,4568.0057394641,4620.8984375,157013,0.0,0.0
2014-08-29 00:00:00+09:00,4620.898190868144,4731.492008131378,4572.813922492825,4712.25830078125,185310,0.0,0.0
2014-09-01 00:00:00+09:00,4741.1091796875,4952.679974724265,4721.875471047794,4904.595703125,485540,0.0,0.0
2014-09-02 00:00:00+09:00,4971.913477529394,5029.614601059716,4856.51123046875,4856.51123046875,335613,0.0,0.0
2014-09-03 00:00:00+09:00,4904.595779526078,4904.595779526078,4741.109253541876,4794.001953125,225770,0.0,0.0
2014-09-04 00:00:00+09:00,4846.894641285211,4904.595767967178,4750.726096815267,4779.57666015625,176683,0.0,0.0
2014-09-05 00:00:00+09:00,4769.959674401198,4846.8945078592815,4717.066976398765,4818.0439453125,116724,0.0,0.0
2014-09-11 00:00:00+09:00,5087.315584124941,5183.484120686849,4971.913340250651,5077.69873046875,629293,0.0,0.0
2014-09-12 00:00:00+09:00,5087.316050967262,5135.400323660714,4914.212669270833,5048.8486328125,305646,0.0,0.0
2014-09-15 00:00:00+09:00,5058.465577594054,5058.465577594054,4914.21275694023,4952.68017578125,261552,0.0,0.0
2014-09-16 00:00:00+09:00,4962.296672425391,5010.380942507033,4846.894424229452,4914.21240234375,194646,0.0,0.0
2014-09-17 00:00:00+09:00,4943.0631434271445,4962.296852156433,4866.12830850999,4933.4462890625,84585,0.0,0.0
2014-09-18 00:00:00+09:00,4914.212580333212,4991.147415250365,4866.12830850999,4933.4462890625,109203,0.0,0.0
2014-09-19 00:00:00+09:00,4933.446334221459,5019.99802429552,4846.894644147399,4991.1474609375,194100,0.0,0.0
2014-09-22 00:00:00+09:00,5048.848923903245,5058.465778996394,4952.680372971755,5000.7646484375,150516,0.0,0.0
2014-09-23 00:00:00+09:00,5000.76424632353,5010.3811006433825,4856.511431525735,4904.595703125,184798,0.0,0.0
2014-09-24 00:00:00+09:00,4875.7451171875,4952.679951383752,4818.04399154031,4875.7451171875,204467,0.0,0.0
2014-09-25 00:00:00+09:00,4894.9787184571305,4904.595572520897,4745.91748046875,4745.91748046875,281840,0.0,0.0
2014-09-26 00:00:00+09:00,4712.2587670046205,4808.427313270021,4678.59977581173,4683.408203125,87246,0.0,0.0
2014-09-29 00:00:00+09:00,4630.515232756388,4693.024784185083,4279.500059349102,4351.62646484375,597254,0.0,0.0
2014-09-30 00:00:00+09:00,4317.968181395428,4447.795732506425,4289.117614481872,4442.9873046875,212289,0.0,0.0
2014-10-01 00:00:00+09:00,4462.220434027778,4462.220434027778,4308.350763888889,4327.58447265625,277779,0.0,0.0
2014-10-02 00:00:00+09:00,4250.64995394188,4366.052215134872,4250.64995394188,4322.7763671875,103132,0.0,0.0
2014-10-06 00:00:00+09:00,4322.776045464409,4375.668744574653,4260.266491970486,4327.58447265625,109414,0.0,0.0
2014-10-07 00:00:00+09:00,4265.0752866649,4433.370252880539,4265.0752866649,4394.90283203125,105415,0.0,0.0
2014-10-08 00:00:00+09:00,4390.093893042745,4409.327601226941,4351.6264766743525,4366.0517578125,54693,0.0,0.0
2014-10-10 00:00:00+09:00,4366.051968268956,4380.4772501024445,4183.331731711445,4216.99072265625,135074,0.0,0.0
2014-10-13 00:00:00+09:00,4183.331412243086,4183.331412243086,3885.208943784383,3933.293212890625,274464,0.0,0.0
2014-10-14 00:00:00+09:00,3779.4239132220932,4005.4199996361367,3750.5733489990234,4000.611572265625,698577,0.0,0.0
2014-10-15 00:00:00+09:00,4000.611516982864,4029.46208080726,3789.040715603963,3928.485107421875,280178,0.0,0.0
2014-10-16 00:00:00+09:00,3928.484893343342,3928.484893343342,3750.573092788013,3865.975341796875,236775,0.0,0.0
2014-10-17 00:00:00+09:00,3918.868459678558,4058.312858857304,3846.7420463102408,3990.994873046875,276761,0.0,0.0
2014-10-20 00:00:00+09:00,4135.2474132098905,4135.2474132098905,4000.6114509193358,4053.504150390625,235417,0.0,0.0
2014-10-21 00:00:00+09:00,4125.630558760565,4135.2474132098905,4053.504150390625,4053.504150390625,183919,0.0,0.0
2014-10-22 00:00:00+09:00,4135.2469926313925,4255.457661021839,4087.1627252752132,4231.41552734375,233967,0.0,0.0
2014-10-23 00:00:00+09:00,4221.798569153402,4260.265982084185,4087.1626238956633,4116.01318359375,174309,0.0,0.0
2014-10-24 00:00:00+09:00,4116.013510672099,4202.5651966441765,4010.228116706228,4019.844970703125,167786,0.0,0.0
2014-10-27 00:00:00+09:00,4048.6953645443486,4067.9290717393337,3952.5268285694237,4015.036376953125,59084,0.0,0.0
2014-10-28 00:00:00+09:00,4043.887105695369,4058.312386690715,3966.952273720189,4019.844970703125,63047,0.0,0.0
2014-10-29 00:00:00+09:00,4005.419689707779,4039.07867869692,3918.868003735702,4019.844970703125,151380,0.0,0.0
2014-10-30 00:00:00+09:00,4019.844881126349,4039.078588691547,3952.5269046481567,4010.22802734375,101810,0.0,0.0
2014-10-31 00:00:00+09:00,3981.3780179310993,4005.4201557205383,3894.826321889119,3990.994873046875,95762,0.0,0.0
2014-11-03 00:00:00+09:00,4010.228158576725,4010.228158576725,3923.6764717009687,3971.7607421875,56917,0.0,0.0
2014-11-04 00:00:00+09:00,3971.7610565185546,3981.377911376953,3779.423959350586,3846.741943359375,256663,0.0,0.0
2014-11-05 00:00:00+09:00,3846.742139274691,3923.676982060185,3779.424151837384,3894.826416015625,147082,0.0,0.0
2014-11-06 00:00:00+09:00,3952.527119601039,3952.527119601039,3822.6995864754576,3875.59228515625,97612,0.0,0.0
2014-11-07 00:00:00+09:00,3923.676944106926,3995.8033585206563,3856.358957320778,3957.3359375,130708,0.0,0.0
2014-11-10 00:00:00+09:00,3957.335604445798,4010.2283038976857,3904.44290499391,3947.71875,79613,0.0,0.0
2014-11-11 00:00:00+09:00,3952.5260336432657,4250.6484352075995,3952.5260336432657,4096.77880859375,257748,0.0,0.0
2014-11-12 00:00:00+09:00,4106.397294933324,4144.864716899912,4048.696161983441,4101.5888671875,118226,0.0,0.0
2014-11-13 00:00:00+09:00,4101.587431902103,4192.947527102736,4087.1621537125293,4130.43798828125,112089,0.0,0.0
2014-11-14 00:00:00+09:00,4164.097829566812,4168.906256621739,4043.8871531936356,4077.546142578125,72032,0.0,0.0
2014-11-17 00:00:00+09:00,4010.228225151118,4063.120923564382,3918.8681097100252,3952.527099609375,173371,0.0,0.0
2014-11-18 00:00:00+09:00,3952.527255025724,4043.8873740591657,3918.8682638028777,3942.910400390625,182983,0.0,0.0
2014-11-19 00:00:00+09:00,3942.910322777101,3986.186167783191,3914.0597594397077,3947.71875,85214,0.0,0.0
2014-11-20 00:00:00+09:00,3918.8681640625,3947.7187272335123,3846.7417561349694,3918.8681640625,136878,0.0,0.0
2014-11-21 00:00:00+09:00,3914.060088851762,4039.0792071688943,3894.8263783414336,3957.3359375,229393,0.0,0.0
2014-11-24 00:00:00+09:00,4024.653205162941,4029.4616319313554,3942.9099500998946,3986.185791015625,127374,0.0,0.0
2014-11-25 00:00:00+09:00,4106.396771327014,4241.032731042654,4010.2282286729856,4058.3125,624157,0.0,0.0
2014-11-26 00:00:00+09:00,4087.1631861548603,4317.9676954906645,4039.078913376568,4216.99072265625,449027,0.0,0.0
2014-11-27 00:00:00+09:00,4221.799006386409,4279.500131758433,4178.523162357391,4241.03271484375,127617,0.0,0.0
2014-11-28 00:00:00+09:00,4471.836939102564,4803.618389423077,4409.327390491453,4500.6875,539340,0.0,0.0
2014-12-01 00:00:00+09:00,4500.6878558659955,4673.791234937765,4375.668748758607,4539.1552734375,256622,0.0,0.0
2014-12-02 00:00:00+09:00,4543.963619079259,4616.090025731311,4404.519232885293,4438.17822265625,123872,0.0,0.0
2014-12-03 00:00:00+09:00,4380.477283371136,4519.921675487231,4337.201437542003,4471.83740234375,182239,0.0,0.0
2014-12-04 00:00:00+09:00,4481.454707924836,4519.922130310457,4337.201873978758,4414.13671875,129606,0.0,0.0
2014-12-05 00:00:00+09:00,4414.136162109375,4414.136162109375,4322.776045464409,4327.58447265625,57324,0.0,0.0
2014-12-08 00:00:00+09:00,4327.584062056108,4327.584062056108,4178.522833251953,4231.41552734375,165055,0.0,0.0
2014-12-09 00:00:00+09:00,4265.074399046893,4303.541811890607,4192.9479999649275,4284.30810546875,93262,0.0,0.0
2014-12-10 00:00:00+09:00,4279.5010393823095,4279.5010393823095,4072.7386296144005,4111.2060546875,176078,0.0,0.0
2014-12-11 00:00:00+09:00,4039.0787261387086,4265.074797720279,4039.0787261387086,4077.546142578125,119644,0.0,0.0
2014-12-12 00:00:00+09:00,4077.546142578125,4144.864121347104,3990.9944555894385,4077.546142578125,73013,0.0,0.0
2014-12-15 00:00:00+09:00,4077.5467680431548,4106.397334798176,3942.9107898530506,4039.079345703125,75985,0.0,0.0
2014-12-16 00:00:00+09:00,4043.887714912928,4106.397275309917,3990.9950099616294,4072.73828125,56994,0.0,0.0
2014-12-17 00:00:00+09:00,4024.653587042649,4106.396849861914,3995.803023694673,4053.504150390625,82834,0.0,0.0
2014-12-18 00:00:00+09:00,4067.9297139730797,4091.971851762519,3971.7611628153236,3990.994873046875,106458,0.0,0.0
2014-12-19 00:00:00+09:00,4000.6119233630952,4039.079345703125,3971.7613566080727,4039.079345703125,83226,0.0,0.0
2014-12-22 00:00:00+09:00,3986.1858682678517,4043.8869906070727,3981.37744140625,3981.37744140625,66622,0.0,0.0
2014-12-23 00:00:00+09:00,4067.9297139730797,4072.7381415309674,3942.910597467997,3990.994873046875,86721,0.0,0.0
2014-12-24 00:00:00+09:00,3962.1441533015327,4039.0789912297178,3962.1441533015327,4000.611572265625,44733,0.0,0.0
2014-12-26 00:00:00+09:00,4000.611148852657,4015.036429437462,3971.7605876830467,3981.37744140625,55733,0.0,0.0
2014-12-29 00:00:00+09:00,4010.2279248576974,4019.8447783945267,3942.9099500998946,3986.185791015625,107417,0.0,0.0
2014-12-30 00:00:00+09:00,3981.378028164391,4010.2285935858717,3962.1443178834033,4005.420166015625,39471,0.0,0.0
2015-01-02 00:00:00+09:00,4005.420351155599,4053.504629080636,3976.5697844005763,4039.079345703125,98858,0.0,0.0
2015-01-05 00:00:00+09:00,4067.9294334808524,4168.906405233924,4043.887297349169,4159.28955078125,217141,0.0,0.0
2015-01-06 00:00:00+09:00,4135.247525888661,4168.906517378452,4019.8452693522327,4091.9716796875,116652,0.0,0.0
2015-01-07 00:00:00+09:00,4053.504150390625,4116.01370431124,3981.377742020685,4053.504150390625,151151,0.0,0.0
2015-01-08 00:00:00+09:00,4082.3551958356584,4082.3551958356584,3971.7613566080727,4039.079345703125,95965,0.0,0.0
2015-01-09 00:00:00+09:00,4164.096770237309,4164.096770237309,4034.2692727818735,4096.77880859375,110828,0.0,0.0
2015-01-12 00:00:00+09:00,4058.3122164080796,4135.247045155153,4058.3122164080796,4106.396484375,144998,0.0,0.0
2015-01-13 00:00:00+09:00,4106.396771327014,4111.205198459716,4029.4619372037914,4058.3125,136460,0.0,0.0
2015-01-14 00:00:00+09:00,4130.438253776965,4130.438253776965,4053.5034318207004,4067.9287109375,70395,0.0,0.0
2015-01-15 00:00:00+09:00,4019.8447509765624,4327.584062056108,4019.8447509765624,4231.41552734375,438829,0.0,0.0
2015-01-16 00:00:00+09:00,4164.0983207614945,4221.799452227011,4010.2286368534483,4183.33203125,226430,0.0,0.0
2015-01-19 00:00:00+09:00,4183.33187902114,4202.565588809743,4067.929620289522,4087.163330078125,179135,0.0,0.0
2015-01-20 00:00:00+09:00,4077.5457706629672,4140.055316675489,4058.312064197576,4116.01318359375,118921,0.0,0.0
2015-01-21 00:00:00+09:00,4116.0141504249705,4135.247861408265,4072.7383007125586,4101.5888671875,182694,0.0,0.0
2015-01-22 00:00:00+09:00,4067.929912458147,4101.588907005673,3986.186639985584,4039.079345703125,187997,0.0,0.0
2015-01-23 00:00:00+09:00,4087.1630627962086,4087.1630627962086,4029.4619372037914,4058.3125,90301,0.0,0.0
2015-01-26 00:00:00+09:00,4058.3114019402874,4207.372602722454,4039.077698613556,4096.77880859375,173269,0.0,0.0
2015-01-27 00:00:00+09:00,4096.779283071996,4135.246694180653,4048.6950191861747,4082.35400390625,95195,0.0,0.0
2015-01-28 00:00:00+09:00,4082.354286748547,4082.354286748547,3990.9941790356825,4034.27001953125,162187,0.0,0.0
2015-01-29 00:00:00+09:00,4034.2702755599576,4067.9292647481816,4005.419713398623,4048.695556640625,96061,0.0,0.0
2015-01-30 00:00:00+09:00,4067.9290717393337,4067.9290717393337,4005.4195233556325,4015.036376953125,106077,0.0,0.0
2015-02-02 00:00:00+09:00,4015.036953615031,4039.079091061828,3990.9948161682346,4024.65380859375,87427,0.0,0.0
2015-02-03 00:00:00+09:00,4029.4619687076943,4034.27039587799,3986.186124175034,3995.802978515625,97530,0.0,0.0
2015-02-04 00:00:00+09:00,3995.8033108751315,4034.270731437106,3971.761173023897,4005.420166015625,76808,0.0,0.0
2015-02-05 00:00:00+09:00,3995.803243657594,4029.462236083109,3995.803243657594,4024.65380859375,94266,0.0,0.0
2015-02-06 00:00:00+09:00,4039.078357732185,4231.415422386099,4019.8446512667933,4116.01318359375,199408,0.0,0.0
2015-02-09 00:00:00+09:00,4125.630558760565,4168.906403782529,4043.8872959412997,4053.504150390625,138939,0.0,0.0
2015-02-10 00:00:00+09:00,4043.8865927975926,4125.629841403489,4034.2697400204283,4082.35400390625,105394,0.0,0.0
2015-02-11 00:00:00+09:00,4067.929620289522,4154.481314338235,4067.929620289522,4087.163330078125,87004,0.0,0.0
2015-02-12 00:00:00+09:00,4096.77986737543,4202.565263011885,4087.163013226661,4197.7568359375,270973,0.0,0.0
2015-02-13 00:00:00+09:00,4192.948586267104,4216.99072265625,4144.864313488812,4216.99072265625,172427,0.0,0.0
2015-02-16 00:00:00+09:00,4216.991024604885,4317.96800466954,4168.906748383621,4183.33203125,208439,0.0,0.0
2015-02-17 00:00:00+09:00,4183.3315547143475,4241.0326796069585,4135.247283970504,4197.7568359375,142918,0.0,0.0
2015-02-23 00:00:00+09:00,4231.416307471264,4327.584859913793,4183.33203125,4183.33203125,153642,0.0,0.0
2015-02-24 00:00:00+09:00,4183.33203125,4250.65001795977,4144.864610272988,4183.33203125,167192,0.0,0.0
2015-02-25 00:00:00+09:00,4207.373725043402,4265.074850415426,4207.373725043402,4241.03271484375,139622,0.0,0.0
2015-02-26 00:00:00+09:00,4241.033222920186,4327.584921347128,4212.182656777872,4269.8837890625,153358,0.0,0.0
2015-02-27 00:00:00+09:00,4308.3512402452625,4346.818662033166,4250.650107563406,4313.15966796875,125657,0.0,0.0
2015-03-02 00:00:00+09:00,4313.158781849254,4313.158781849254,4221.798673872514,4231.41552734375,100052,0.0,0.0
2015-03-03 00:00:00+09:00,4279.500254511696,4279.500254511696,4178.523282214229,4188.14013671875,126578,0.0,0.0
2015-03-04 00:00:00+09:00,4178.523304433616,4274.691849990201,4164.098022600128,4216.99072265625,233336,0.0,0.0
2015-03-05 00:00:00+09:00,4231.41552734375,4265.074514493075,4173.714406516336,4231.41552734375,84370,0.0,0.0
2015-03-06 00:00:00+09:00,4260.266087757457,4279.499794699929,4212.181820401279,4231.41552734375,106800,0.0,0.0
2015-03-09 00:00:00+09:00,4279.500583692528,4279.500583692528,4168.906748383621,4183.33203125,100446,0.0,0.0
2015-03-10 00:00:00+09:00,4183.331348652742,4808.426837531888,4125.6302266023595,4712.25830078125,2386467,0.0,0.0
2015-03-11 00:00:00+09:00,4712.258357082023,4712.258357082023,4558.38869644261,4587.2392578125,616411,0.0,0.0
2015-03-12 00:00:00+09:00,4587.239510569852,4606.473219209559,4423.752987132353,4495.87939453125,534760,0.0,0.0
2015-03-13 00:00:00+09:00,4543.964133340804,4769.960233094263,4543.964133340804,4693.025390625,572049,0.0,0.0
2015-03-16 00:00:00+09:00,4741.108899061553,4856.511144069135,4712.258337809656,4755.5341796875,581257,0.0,0.0
2015-03-17 00:00:00+09:00,4721.875576598233,4750.7261402027025,4558.389049506237,4625.70703125,364090,0.0,0.0
2015-03-18 00:00:00+09:00,4664.174449389293,4664.174449389293,4539.15534043659,4625.70703125,169300,0.0,0.0
2015-03-19 00:00:00+09:00,4697.8332218671085,4952.67985519255,4673.791086647728,4760.3427734375,898649,0.0,0.0
2015-03-20 00:00:00+09:00,4779.576481613005,4866.128168402778,4664.174232559975,4760.3427734375,238040,0.0,0.0
2015-03-23 00:00:00+09:00,4803.618410694356,4803.618410694356,4568.005495655293,4712.25830078125,552619,0.0,0.0
2015-03-24 00:00:00+09:00,4741.109242368272,4837.277786838217,4673.791261239311,4779.57666015625,297715,0.0,0.0
2015-03-25 00:00:00+09:00,4803.6181640625,4837.277150197072,4702.641205658784,4803.6181640625,277438,0.0,0.0
2015-03-26 00:00:00+09:00,4779.576276506697,4784.384703344228,4616.089764030612,4712.25830078125,243188,0.0,0.0
2015-03-27 00:00:00+09:00,4712.25830078125,4866.127959582271,4635.32347138074,4712.25830078125,324126,0.0,0.0
2015-03-30 00:00:00+09:00,4798.810106938428,4943.062915764233,4755.534264290687,4856.51123046875,440810,0.0,0.0
2015-03-31 00:00:00+09:00,4856.510856559685,4856.510856559685,4741.108618384009,4803.6181640625,285956,0.0,0.0
2015-04-01 00:00:00+09:00,4798.810236947979,4856.511362041542,4731.492257672156,4818.0439453125,219466,0.0,0.0
2015-04-02 00:00:00+09:00,4885.361636919467,5096.932416471097,4808.426807991601,4866.1279296875,688753,0.0,0.0
2015-04-03 00:00:00+09:00,5019.997608531606,5106.549291437323,4981.530193906842,5077.69873046875,624289,0.0,0.0
2015-04-06 00:00:00+09:00,5241.185663492,5818.196929197541,5231.568809063574,5597.00927734375,1897542,0.0,0.0
2015-04-07 00:00:00+09:00,5635.477082644401,5654.710792824074,5375.821995218806,5452.7568359375,575439,0.0,0.0
2015-04-08 00:00:00+09:00,5452.756502940039,5481.607066447659,5318.120539904483,5443.1396484375,428235,0.0,0.0
2015-04-09 00:00:00+09:00,5385.438924300542,5510.45804218609,5308.50408252482,5327.73779296875,405096,0.0,0.0
2015-04-10 00:00:00+09:00,5366.204542077106,5366.204542077106,5193.101169752038,5308.50341796875,507974,0.0,0.0
2015-04-13 00:00:00+09:00,5471.990235201195,5798.963289677189,5366.204835223667,5683.56103515625,1444786,0.0,0.0
2015-04-14 00:00:00+09:00,5760.4961662422675,6068.235527377079,5597.009630639398,5635.47705078125,1176106,0.0,0.0
2015-04-15 00:00:00+09:00,5654.71034007353,5885.51484375,5606.626068474265,5722.0283203125,688387,0.0,0.0
2015-04-16 00:00:00+09:00,5770.111789415829,5789.3454953805485,5625.858994680433,5741.26123046875,565410,0.0,0.0
2015-04-17 00:00:00+09:00,5798.962949384269,5798.962949384269,5606.625869802701,5673.94384765625,377593,0.0,0.0
2015-04-20 00:00:00+09:00,5673.9436431623935,5722.027911324786,5500.840277777777,5625.859375,279193,0.0,0.0
2015-04-21 00:00:00+09:00,5673.944726562499,5885.515546875,5645.09416015625,5770.11328125,770918,0.0,0.0
2015-04-22 00:00:00+09:00,5808.579703043902,5808.579703043902,4991.1471289400415,5558.54150390625,804806,0.0,0.0
2015-04-23 00:00:00+09:00,5702.7946963809945,5702.7946963809945,5212.335118783303,5414.2890625,319755,0.0,0.0
2015-04-24 00:00:00+09:00,5414.289016915395,5577.775541404848,5231.5687836624775,5356.587890625,277768,0.0,0.0
2015-04-27 00:00:00+09:00,5462.373311941964,5462.373311941964,5279.6530779157365,5385.4384765625,237474,0.0,0.0
2015-04-28 00:00:00+09:00,5433.522815320784,5433.522815320784,5231.568869972578,5260.41943359375,154991,0.0,0.0
2015-04-29 00:00:00+09:00,5337.354292436079,5414.289129083807,5173.867764559659,5289.27001953125,235072,0.0,0.0
2015-04-30 00:00:00+09:00,5250.802329903218,5337.354016659865,5087.315810473998,5154.6337890625,277991,0.0,0.0
2015-05-04 00:00:00+09:00,5260.4195722993645,5260.4195722993645,4923.829654510557,5010.38134765625,238442,0.0,0.0
2015-05-06 00:00:00+09:00,4952.679662704468,5048.84819984436,4856.511125564575,4923.8291015625,157625,0.0,0.0
2015-05-07 00:00:00+09:00,4923.8291015625,5000.763931274414,4712.258319854736,4923.8291015625,181655,0.0,0.0
2015-05-08 00:00:00+09:00,4846.8946875,5106.549760044642,4846.8946875,5048.8486328125,236468,0.0,0.0
2015-05-11 00:00:00+09:00,5096.932462703037,5173.867292328743,5000.763925670904,5106.54931640625,189074,0.0,0.0
2015-05-12 00:00:00+09:00,5145.017380048644,5270.036493956368,5087.316250552771,5096.93310546875,200629,0.0,0.0
2015-05-13 00:00:00+09:00,5068.082342785935,5289.269997214922,5010.38121554359,5260.41943359375,224143,0.0,0.0
2015-05-14 00:00:00+09:00,5202.718460250687,5327.7375729739015,5048.848783052885,5250.802734375,163905,0.0,0.0
2015-05-15 00:00:00+09:00,5212.3353362647995,5327.737594632286,5212.3353362647995,5279.6533203125,199079,0.0,0.0
2015-05-18 00:00:00+09:00,5039.231843984083,5193.101518609551,4952.680152007257,5135.400390625,541024,0.0,0.0
2015-05-19 00:00:00+09:00,5087.31640625,5202.718668773629,5048.84898540879,5087.31640625,139866,0.0,0.0
2015-05-20 00:00:00+09:00,5096.932335195615,5193.1008698219475,4856.510998629785,4962.29638671875,304087,0.0,0.0
2015-05-21 00:00:00+09:00,4904.594823636307,5010.380202185325,4789.192592491923,4837.27685546875,259503,0.0,0.0
2015-05-22 00:00:00+09:00,4933.447108881019,4952.680820806481,4808.427981365516,4943.06396484375,205823,0.0,0.0
2015-05-26 00:00:00+09:00,4952.679086613134,4981.52964439923,4803.617871384971,4837.27685546875,157568,0.0,0.0
2015-05-27 00:00:00+09:00,4837.27788850595,4837.27788850595,4644.940795523606,4697.83349609375,262390,0.0,0.0
2015-05-28 00:00:00+09:00,4697.833020268655,4755.534142319037,4668.982459243463,4712.25830078125,181031,0.0,0.0
2015-05-29 00:00:00+09:00,4668.982459243463,4765.1509959941,4668.982459243463,4712.25830078125,140637,0.0,0.0
2015-06-01 00:00:00+09:00,4712.258710652372,4798.810401256191,4529.538474933199,4611.28173828125,188210,0.0,0.0
2015-06-02 00:00:00+09:00,4606.4734611092035,4616.090315934066,4313.159388950893,4375.6689453125,420882,0.0,0.0
2015-06-03 00:00:00+09:00,4313.15966796875,4481.454638290831,4250.650107563406,4313.15966796875,218704,0.0,0.0
2015-06-04 00:00:00+09:00,4245.840322959358,4433.368944245219,4245.840322959358,4399.7099609375,161436,0.0,0.0
2015-06-05 00:00:00+09:00,4370.86064268458,4423.753345731368,4279.500519240128,4322.7763671875,169889,0.0,0.0
2015-06-08 00:00:00+09:00,4303.541876853959,4370.859850346647,4231.415476683223,4356.4345703125,159310,0.0,0.0
2015-06-09 00:00:00+09:00,4375.668781356571,4582.43115234375,4375.668781356571,4582.43115234375,243462,0.0,0.0
2015-06-10 00:00:00+09:00,4582.431095082623,4654.557502665245,4510.3046875,4510.3046875,154272,0.0,0.0
2015-06-11 00:00:00+09:00,4510.304591377618,4601.664705701898,4486.262456029123,4592.0478515625,132392,0.0,0.0
2015-06-12 00:00:00+09:00,4630.51524425382,4693.024795837724,4515.112995175843,4563.197265625,120908,0.0,0.0
2015-06-15 00:00:00+09:00,4606.473132771597,4668.982684677683,4500.68773723822,4592.0478515625,106892,0.0,0.0
2015-06-16 00:00:00+09:00,4649.74925824791,4649.74925824791,4471.837445884753,4529.53857421875,99474,0.0,0.0
2015-06-17 00:00:00+09:00,4519.921864577775,4577.622994763874,4327.584763957444,4505.49658203125,124950,0.0,0.0
2015-06-18 00:00:00+09:00,4534.346703355506,4601.664681984325,4495.87928699618,4563.197265625,93561,0.0,0.0
2015-06-19 00:00:00+09:00,4510.304591377618,4635.323695189791,4510.304591377618,4592.0478515625,89925,0.0,0.0
2015-06-22 00:00:00+09:00,4592.047874934964,4644.940572970864,4587.239447840791,4620.8984375,100118,0.0,0.0
2015-06-23 00:00:00+09:00,4654.557468873274,4962.296805658284,4640.132187461477,4875.7451171875,475490,0.0,0.0
2015-06-24 00:00:00+09:00,4904.59597158242,4923.8296812749,4741.10943919634,4827.6611328125,175208,0.0,0.0
2015-06-25 00:00:00+09:00,4837.277418136597,4962.296516418457,4827.660564422607,4923.8291015625,154046,0.0,0.0
2015-06-26 00:00:00+09:00,4943.063120404412,4991.147392003676,4866.128285845588,4904.595703125,154778,0.0,0.0
2015-06-29 00:00:00+09:00,4803.618531407217,4803.618531407217,4659.36572265625,4659.36572265625,172909,0.0,0.0
2015-06-30 00:00:00+09:00,4635.323658735436,4774.76804266005,4587.239388416604,4745.91748046875,76953,0.0,0.0
2015-07-01 00:00:00+09:00,4846.895116396761,4846.895116396761,4702.642285551619,4750.7265625,112309,0.0,0.0
2015-07-02 00:00:00+09:00,4736.300758307265,4818.044020125766,4693.0249138151175,4707.4501953125,128940,0.0,0.0
2015-07-03 00:00:00+09:00,4693.0248859714,4981.530514207347,4693.0248859714,4875.7451171875,227648,0.0,0.0
2015-07-06 00:00:00+09:00,4794.001762744634,4894.9787306660355,4721.87535708649,4760.3427734375,116905,0.0,0.0
2015-07-07 00:00:00+09:00,4837.27752262531,5154.63370204208,4789.193253016708,4856.51123046875,356865,0.0,0.0
2015-07-08 00:00:00+09:00,4943.062679793484,5048.848067882449,4818.043584779251,4962.29638671875,328959,0.0,0.0
2015-07-09 00:00:00+09:00,4923.829051383399,4923.829051383399,4741.108832679719,4866.1279296875,232478,0.0,0.0
2015-07-10 00:00:00+09:00,4827.660101121472,4894.978070659023,4731.491573210686,4769.958984375,144557,0.0,0.0
2015-07-13 00:00:00+09:00,4866.127709740991,4866.127709740991,4760.342324746622,4803.6181640625,140682,0.0,0.0
2015-07-14 00:00:00+09:00,4818.044209837682,4971.9138852017595,4808.427355127427,4952.68017578125,289452,0.0,0.0
2015-07-15 00:00:00+09:00,5000.76426961501,5000.76426961501,4856.511454145346,4933.4462890625,160987,0.0,0.0
2015-07-16 00:00:00+09:00,4933.4462268669795,5096.932749004872,4894.978809893358,5058.46533203125,315029,0.0,0.0
2015-07-17 00:00:00+09:00,5116.166705855582,5135.400415276092,4952.68017578125,4952.68017578125,256535,0.0,0.0
2015-07-20 00:00:00+09:00,4971.913752032153,5039.231733200867,4923.829479768786,4991.1474609375,161836,0.0,0.0
2015-07-21 00:00:00+09:00,4991.1474609375,5048.848587653541,4971.913752032153,4991.1474609375,170909,0.0,0.0
2015-07-22 00:00:00+09:00,5000.7637746710525,5241.185109991777,4981.530067845395,5116.166015625,622775,0.0,0.0
2015-07-23 00:00:00+09:00,5145.016575863487,5212.334549753289,5077.698601973684,5116.166015625,197010,0.0,0.0
2015-07-24 00:00:00+09:00,5154.633378727064,5279.652471867832,5068.081698860378,5241.18505859375,430194,0.0,0.0
2015-07-27 00:00:00+09:00,5260.419501258193,5270.036355922285,5029.614989319991,5135.400390625,294350,0.0,0.0
2015-07-28 00:00:00+09:00,5068.083092359254,5077.699948321984,4856.512261179171,4943.06396484375,256454,0.0,0.0
2015-07-29 00:00:00+09:00,4991.147415250365,5019.997978344299,4875.745162874635,4933.4462890625,182422,0.0,0.0
2015-07-30 00:00:00+09:00,4962.296758046407,5019.99788313997,4818.0439453125,4818.0439453125,187745,0.0,0.0
2015-07-31 00:00:00+09:00,4784.385652973047,4914.213203355231,4717.0676638859895,4894.9794921875,125312,0.0,0.0
2015-08-03 00:00:00+09:00,4904.595344151433,5087.315562855114,4760.342539911685,4866.1279296875,247889,0.0,0.0
2015-08-04 00:00:00+09:00,4952.679769685953,4952.679769685953,4818.043814781869,4856.51123046875,137661,0.0,0.0
2015-08-05 00:00:00+09:00,4894.977971040942,4981.52964439923,4808.426297682654,4837.27685546875,306479,0.0,0.0
2015-08-06 00:00:00+09:00,4846.895314065631,4894.979592975013,4789.194179374374,4798.81103515625,163779,0.0,0.0
2015-08-07 00:00:00+09:00,4789.193984058705,4846.895116396761,4736.301279415486,4750.7265625,218728,0.0,0.0
2015-08-10 00:00:00+09:00,4750.725715481505,4794.001557019292,4644.940325055803,4712.25830078125,196271,0.0,0.0
2015-08-11 00:00:00+09:00,4745.917313581548,4933.445961230667,4712.258325541962,4741.10888671875,378461,0.0,0.0
2015-08-12 00:00:00+09:00,4750.726502094072,4803.619206064755,4558.3893967461345,4664.1748046875,224838,0.0,0.0
2015-08-13 00:00:00+09:00,4596.8564453125,4717.067126413768,4577.622736336297,4596.8564453125,248084,0.0,0.0
2015-08-17 00:00:00+09:00,4510.304676011029,4577.62265625,4327.584443933823,4495.87939453125,177615,0.0,0.0
2015-08-18 00:00:00+09:00,4495.879077529057,4568.005479842358,4298.733577872703,4317.96728515625,302001,0.0,0.0
2015-08-19 00:00:00+09:00,4154.481257292882,4317.967788251167,4029.4621453836053,4120.822265625,292450,0.0,0.0
2015-08-20 00:00:00+09:00,4039.0788230482854,4173.714783816561,3938.101852472078,3995.802978515625,395911,0.0,0.0
2015-08-21 00:00:00+09:00,3928.4848999800956,3971.7607434315287,3702.4888286226114,3774.615234375,397457,0.0,0.0
2015-08-24 00:00:00+09:00,3755.381646681202,3875.592326792636,3654.404675387597,3721.72265625,277102,0.0,0.0
2015-08-25 00:00:00+09:00,3769.807104492187,3885.2093627929685,3644.7879913330075,3846.741943359375,276845,0.0,0.0
2015-08-26 00:00:00+09:00,3861.166920068478,4005.419731528072,3846.741638922518,3971.7607421875,242405,0.0,0.0
2015-08-27 00:00:00+09:00,3990.9950099616294,4101.588847587072,3990.9950099616294,4072.73828125,191474,0.0,0.0
2015-08-28 00:00:00+09:00,4116.014004224942,4260.266831475816,4067.9297284746503,4125.630859375,176303,0.0,0.0
2015-08-31 00:00:00+09:00,4154.4814453125,4226.60785929362,4106.397169325087,4154.4814453125,85773,0.0,0.0
2015-09-01 00:00:00+09:00,4149.672548402031,4183.33153778652,4043.8871531936356,4077.546142578125,120898,0.0,0.0
2015-09-02 00:00:00+09:00,3990.99473678234,4144.864413381178,3990.99473678234,4135.24755859375,87818,0.0,0.0
2015-09-03 00:00:00+09:00,4154.479918573943,4183.33047356404,4082.3535310987013,4096.77880859375,93293,0.0,0.0
2015-09-04 00:00:00+09:00,4096.7799954125885,4192.948539905842,4034.2704414919745,4053.504150390625,78529,0.0,0.0
2015-09-07 00:00:00+09:00,4087.163564418536,4125.630986201299,3942.910732733176,4072.73828125,82784,0.0,0.0
2015-09-08 00:00:00+09:00,4010.228526125672,4106.397075912858,3995.803243657594,4024.65380859375,71695,0.0,0.0
2015-09-09 00:00:00+09:00,4063.121773346126,4135.248195358187,4063.121773346126,4111.2060546875,79797,0.0,0.0
2015-09-10 00:00:00+09:00,4135.246215247213,4135.246215247213,4039.077698613556,4096.77880859375,76028,0.0,0.0
2015-09-11 00:00:00+09:00,4096.780419864227,4096.780419864227,4024.654004021547,4072.73828125,150889,0.0,0.0
2015-09-14 00:00:00+09:00,4077.5461188019594,4130.43881609774,3986.1860052910665,4048.695556640625,88398,0.0,0.0
2015-09-15 00:00:00+09:00,4067.929006583358,4067.929006583358,4000.6110324791416,4034.27001953125,69066,0.0,0.0
2015-09-16 00:00:00+09:00,4039.0787025868467,4072.7376917750703,4039.0787025868467,4048.695556640625,70570,0.0,0.0
2015-09-17 00:00:00+09:00,4063.1205798616284,4120.821700522385,3981.377325592223,4034.27001953125,176457,0.0,0.0
2015-09-18 00:00:00+09:00,4005.4200634765625,4125.630749655331,4005.4200634765625,4087.163330078125,135005,0.0,0.0
2015-09-21 00:00:00+09:00,4087.1630511017393,4087.1630511017393,4019.845071436534,4043.88720703125,138785,0.0,0.0
2015-09-22 00:00:00+09:00,4010.2282286729856,4087.1630627962086,4000.611374407583,4058.3125,179366,0.0,0.0
2015-09-23 00:00:00+09:00,4120.821726493158,4120.821726493158,4029.4616182045115,4063.12060546875,171519,0.0,0.0
2015-09-24 00:00:00+09:00,4058.3118581929666,4072.7371373097662,4024.6528735871007,4067.9287109375,81740,0.0,0.0
2015-09-25 00:00:00+09:00,4087.1631409632637,4096.7799954125885,3971.7608875713595,4053.504150390625,203248,0.0,0.0
2015-09-30 00:00:00+09:00,4053.504049587933,4072.737758008279,3957.3355074862025,4029.4619140625,91527,0.0,0.0
2015-10-01 00:00:00+09:00,4029.4615928095204,4082.354286748547,3981.377325592223,4034.27001953125,201018,0.0,0.0
2015-10-02 00:00:00+09:00,4039.0790556066177,4096.7801849724265,3971.7610713465074,4087.163330078125,188651,0.0,0.0
2015-10-05 00:00:00+09:00,4111.204858953302,4327.584062056108,4087.1627252752132,4231.41552734375,378223,0.0,0.0
2015-10-06 00:00:00+09:00,4202.565606536518,4245.8414537434155,4144.8644769273205,4221.79931640625,153343,0.0,0.0
2015-10-07 00:00:00+09:00,4375.669424441841,4404.519992075524,4164.09859512817,4361.244140625,434584,0.0,0.0
2015-10-08 00:00:00+09:00,4361.243139133601,4385.285273307436,4293.925163446865,4332.392578125,198911,0.0,0.0
2015-10-12 00:00:00+09:00,4394.902453342013,4404.5193077256945,4317.96761827257,4327.58447265625,163318,0.0,0.0
2015-10-13 00:00:00+09:00,4284.308627929688,4380.477171766493,4245.841210394965,4327.58447265625,80081,0.0,0.0
2015-10-14 00:00:00+09:00,4327.583944917929,4346.817651339787,4269.882825652357,4284.30810546875,68850,0.0,0.0
2015-10-15 00:00:00+09:00,4274.691596984863,4327.584293910435,4255.457889011928,4308.3505859375,63631,0.0,0.0
2015-10-16 00:00:00+09:00,4327.584865404212,4481.454549507473,4317.968010147758,4423.75341796875,196630,0.0,0.0
2015-10-19 00:00:00+09:00,4491.070824675864,4539.155094747341,4375.668576504322,4519.92138671875,249503,0.0,0.0
2015-10-20 00:00:00+09:00,4543.963696289063,4558.3889778645835,4221.799074435764,4327.58447265625,502138,0.0,0.0
2015-10-21 00:00:00+09:00,4366.051660598134,4366.051660598134,4168.90615609976,4250.6494140625,262871,0.0,0.0
2015-10-22 00:00:00+09:00,4231.416171341117,4289.117300950314,4212.182461471384,4221.79931640625,129309,0.0,0.0
2015-10-23 00:00:00+09:00,4221.798736469972,4313.158845801327,4221.798736469972,4303.5419921875,182246,0.0,0.0
2015-10-26 00:00:00+09:00,4269.88397448576,4635.324494824631,4269.88397448576,4558.3896484375,649087,0.0,0.0
2015-10-27 00:00:00+09:00,4587.239141434586,4779.5762123542745,4587.239141434586,4640.1318359375,480504,0.0,0.0
2015-10-28 00:00:00+09:00,4640.1321458766915,4644.940572970864,4519.921468522372,4620.8984375,206772,0.0,0.0
2015-10-29 00:00:00+09:00,4659.3659765625,4668.98283100329,4519.921587171053,4568.005859375,185552,0.0,0.0
2015-10-30 00:00:00+09:00,4577.621616833153,4620.8974514460715,4452.6025390625,4452.6025390625,102870,0.0,0.0
2015-11-02 00:00:00+09:00,4471.837547508446,4539.1555320945945,4284.308876161318,4447.79541015625,169355,0.0,0.0
2015-11-03 00:00:00+09:00,4491.071685520948,4500.688541378595,4322.776708012134,4346.81884765625,220694,0.0,0.0
2015-11-04 00:00:00+09:00,4346.818433277027,4457.4122650971285,4303.542586043074,4447.79541015625,183759,0.0,0.0
2015-11-05 00:00:00+09:00,4447.794993330793,4467.028701410061,4308.350609756098,4337.201171875,299932,0.0,0.0
2015-11-06 00:00:00+09:00,4298.73422943896,4351.626932485748,4245.8415263921715,4322.7763671875,125561,0.0,0.0
2015-11-09 00:00:00+09:00,4317.96800466954,4317.96800466954,4173.715176005747,4183.33203125,182291,0.0,0.0
2015-11-10 00:00:00+09:00,4077.5467089728454,4183.332118875443,3990.9950099616294,4072.73828125,220429,0.0,0.0
2015-11-11 00:00:00+09:00,4015.037167762676,4111.205722679148,3938.1023238294993,4101.5888671875,188429,0.0,0.0
2015-11-12 00:00:00+09:00,4106.396851291546,4159.28955078125,3995.803025085802,4159.28955078125,90003,0.0,0.0
2015-11-13 00:00:00+09:00,4135.247604549632,4135.247604549632,4034.270628159467,4087.163330078125,105382,0.0,0.0
2015-11-16 00:00:00+09:00,4087.163039323538,4087.163039323538,3957.3355074862025,4029.4619140625,100837,0.0,0.0
2015-11-17 00:00:00+09:00,4173.714459528688,4173.714459528688,4048.6953628146957,4106.396484375,101727,0.0,0.0
2015-11-18 00:00:00+09:00,4106.397294933324,4135.247861408265,4039.079306491794,4101.5888671875,79080,0.0,0.0
2015-11-19 00:00:00+09:00,4101.588751734609,4236.224724827891,4101.588751734609,4168.90673828125,127886,0.0,0.0
2015-11-20 00:00:00+09:00,4168.906119977679,4231.415669642857,4149.672412388392,4207.37353515625,68802,0.0,0.0
2015-11-23 00:00:00+09:00,4231.415136042148,4250.648841205976,4125.629757641094,4164.09716796875,83192,0.0,0.0
2015-11-24 00:00:00+09:00,4135.247425835253,4221.799116143433,4106.396862399193,4173.71484375,58407,0.0,0.0
2015-11-25 00:00:00+09:00,4178.522729606272,4221.798569153402,4096.779477128359,4116.01318359375,106296,0.0,0.0
2015-11-26 00:00:00+09:00,4087.162814355808,4197.756631685436,4087.162814355808,4149.67236328125,93848,0.0,0.0
2015-11-27 00:00:00+09:00,4120.822002747352,4212.182117160653,4096.77986737543,4197.7568359375,100404,0.0,0.0
2015-11-30 00:00:00+09:00,4197.757293701172,4197.757293701172,4087.1634589301216,4154.4814453125,67201,0.0,0.0
2015-12-01 00:00:00+09:00,4183.331686912933,4183.331686912933,4111.205278517883,4159.28955078125,85240,0.0,0.0
2015-12-02 00:00:00+09:00,4164.098122956032,4197.757114712028,4111.205421625182,4135.24755859375,116965,0.0,0.0
2015-12-03 00:00:00+09:00,4125.630767057589,4221.79931640625,4111.205484655289,4221.79931640625,118499,0.0,0.0
2015-12-04 00:00:00+09:00,4216.991014385993,4216.991014385993,4135.24774500793,4168.90673828125,73141,0.0,0.0
2015-12-07 00:00:00+09:00,4197.757068035314,4308.350896860987,4159.28964931334,4289.1171875,138377,0.0,0.0
2015-12-08 00:00:00+09:00,4260.266411582765,4289.11697418942,4226.607421875,4226.607421875,155019,0.0,0.0
2015-12-09 00:00:00+09:00,4255.4583192927075,4255.4583192927075,4207.37404449844,4236.224609375,101112,0.0,0.0
2015-12-10 00:00:00+09:00,4231.415825458191,4293.9253774251865,4149.672565193657,4197.7568359375,108696,0.0,0.0
2015-12-11 00:00:00+09:00,4197.756859268345,4231.415848976109,4168.906296661689,4226.607421875,57381,0.0,0.0
2015-12-14 00:00:00+09:00,4159.289695562318,4183.3318325308865,4072.7380024754725,4135.24755859375,144549,0.0,0.0
2015-12-15 00:00:00+09:00,4149.673017713759,4216.991004096137,4130.439307318793,4154.4814453125,85336,0.0,0.0
2015-12-16 00:00:00+09:00,4197.7571790690845,4250.649881210848,4183.331896666786,4221.79931640625,94306,0.0,0.0
2015-12-17 00:00:00+09:00,4269.883643617021,4313.159491356383,4236.224650930852,4293.92578125,127699,0.0,0.0
2015-12-18 00:00:00+09:00,4293.925957074798,4375.669228374094,4265.07539073387,4313.15966796875,177991,0.0,0.0
2015-12-21 00:00:00+09:00,4351.626285464068,4351.626285464068,4269.88302927303,4332.392578125,148026,0.0,0.0
2015-12-22 00:00:00+09:00,4361.24376662234,4361.24376662234,4269.883643617021,4293.92578125,101756,0.0,0.0
2015-12-23 00:00:00+09:00,4250.649309663836,4342.009419260683,4250.649309663836,4317.96728515625,90834,0.0,0.0
2015-12-24 00:00:00+09:00,4317.967560469633,4356.434977489407,4207.373736537783,4255.4580078125,111102,0.0,0.0
2015-12-28 00:00:00+09:00,4298.733816486515,4298.733816486515,4212.18212890625,4212.18212890625,93896,0.0,0.0
2015-12-29 00:00:00+09:00,4212.181966856578,4414.135896774358,4212.181966856578,4404.51904296875,215511,0.0,0.0
2015-12-30 00:00:00+09:00,4452.603311996793,4462.220165802401,4351.626347037903,4404.51904296875,144688,0.0,0.0
2016-01-04 00:00:00+09:00,4433.369908143691,4606.47328850505,4433.369908143691,4582.43115234375,414702,0.0,0.0
2016-01-05 00:00:00+09:00,4587.239436203353,4673.791123678888,4529.538311219663,4606.47314453125,250662,0.0,0.0
2016-01-06 00:00:00+09:00,4592.0477571212705,4736.300566245499,4500.687644675926,4673.791015625,307446,0.0,0.0
2016-01-07 00:00:00+09:00,4630.515279941121,4717.066967416656,4548.7720195475595,4606.47314453125,165883,0.0,0.0
2016-01-08 00:00:00+09:00,4558.3883641347165,4596.8557764902835,4337.200743090205,4577.6220703125,157572,0.0,0.0
2016-01-11 00:00:00+09:00,4644.939696465164,4644.939696465164,4337.20042050888,4399.7099609375,467445,0.0,0.0
2016-01-12 00:00:00+09:00,4356.435825579354,4399.711678151334,4241.033552054073,4279.5009765625,279716,0.0,0.0
2016-01-13 00:00:00+09:00,4260.266362799422,4390.093893042745,4260.266362799422,4366.0517578125,176529,0.0,0.0
2016-01-14 00:00:00+09:00,4269.883084821428,4313.158926897321,4091.9712896205356,4207.37353515625,374129,0.0,0.0
2016-01-15 00:00:00+09:00,4221.798784486337,4245.840918794346,3976.5690145446483,3981.37744140625,569874,0.0,0.0
2016-01-18 00:00:00+09:00,3846.7419149709303,4188.1402599246,3846.7419149709303,4135.24755859375,557845,0.0,0.0
2016-01-19 00:00:00+09:00,4202.565721299913,4207.374148898654,4087.1634589301216,4154.4814453125,247962,0.0,0.0
2016-01-20 00:00:00+09:00,4159.2895493332035,4183.331685456516,3942.9103242233837,4053.504150390625,266994,0.0,0.0
2016-01-21 00:00:00+09:00,4063.121425804309,4116.014130755608,4015.037148575856,4072.73828125,89747,0.0,0.0
2016-01-22 00:00:00+09:00,4149.672388004351,4183.331376087816,4091.971265575554,4178.52294921875,139560,0.0,0.0
2016-01-25 00:00:00+09:00,4178.523469199353,4221.79931640625,4116.013912122722,4221.79931640625,76287,0.0,0.0
2016-01-26 00:00:00+09:00,4212.1825764973955,4216.991004096137,4144.864590115018,4154.4814453125,104410,0.0,0.0
2016-01-27 00:00:00+09:00,4183.331686912933,4221.799104723627,4140.055841875903,4159.28955078125,97497,0.0,0.0
2016-01-28 00:00:00+09:00,4144.86426910224,4202.56539581828,4135.247414649566,4159.28955078125,57510,0.0,0.0
2016-01-29 00:00:00+09:00,4173.715442218612,4356.435703513896,4168.907014289789,4346.81884765625,230834,0.0,0.0
2016-02-01 00:00:00+09:00,4346.81784608157,4418.944248394871,4260.26616330561,4317.96728515625,133423,0.0,0.0
2016-02-02 00:00:00+09:00,4260.267264308287,4327.585257198034,4192.94927141854,4279.5009765625,85044,0.0,0.0
2016-02-03 00:00:00+09:00,4322.775866917202,4322.775866917202,4216.990473066057,4308.3505859375,147495,0.0,0.0
2016-02-04 00:00:00+09:00,4260.266503149225,4346.818192829457,4260.266503149225,4342.009765625,113146,0.0,0.0
2016-02-05 00:00:00+09:00,4342.010419727427,4346.81884765625,4269.884000795078,4346.81884765625,56392,0.0,0.0
2016-02-11 00:00:00+09:00,4303.542636303192,4346.818484042554,4202.565658244681,4293.92578125,155404,0.0,0.0
2016-02-12 00:00:00+09:00,4327.583456872089,4327.583456872089,4101.587431902103,4130.43798828125,156955,0.0,0.0
2016-02-15 00:00:00+09:00,4221.798983081835,4226.607410169628,4135.247295501569,4212.18212890625,93618,0.0,0.0
2016-02-16 00:00:00+09:00,4303.542347989342,4356.435047238372,4221.799085513566,4342.009765625,141591,0.0,0.0
2016-02-17 00:00:00+09:00,4322.77563532049,4351.626195734198,4183.331259987571,4231.41552734375,79119,0.0,0.0
2016-02-18 00:00:00+09:00,4293.925268747358,4293.925268747358,4231.4157183624575,4265.07470703125,75627,0.0,0.0
2016-02-19 00:00:00+09:00,4269.883733865489,4568.0062468155575,4265.075306237262,4423.75341796875,862629,0.0,0.0
2016-02-22 00:00:00+09:00,4510.303651879724,4510.303651879724,4375.667721972867,4452.6025390625,169114,0.0,0.0
2016-02-23 00:00:00+09:00,4423.753016493056,4471.837288411458,4303.542336697048,4327.58447265625,175615,0.0,0.0
2016-02-24 00:00:00+09:00,4260.26611328125,4332.392514747637,4245.840832987972,4260.26611328125,102737,0.0,0.0
2016-02-25 00:00:00+09:00,4265.075163613148,4322.776293222345,4212.182461471384,4221.79931640625,93689,0.0,0.0
2016-02-26 00:00:00+09:00,4231.415872175141,4298.733851959746,4212.182163665255,4255.4580078125,82598,0.0,0.0
2016-02-29 00:00:00+09:00,4250.648786821569,4332.392032721984,4231.415081903824,4274.69091796875,65653,0.0,0.0
2016-03-02 00:00:00+09:00,4298.73422943896,4337.201649836624,4298.73422943896,4322.7763671875,94826,0.0,0.0
2016-03-03 00:00:00+09:00,4351.626452934451,4351.626452934451,4279.500047637195,4337.201171875,105159,0.0,0.0
2016-03-04 00:00:00+09:00,4289.117055121527,4370.860317382812,4245.841210394965,4327.58447265625,196660,0.0,0.0
2016-03-07 00:00:00+09:00,4394.9023081405385,4399.710735173515,4313.159048579938,4351.62646484375,158890,0.0,0.0
2016-03-08 00:00:00+09:00,4351.626608615451,4385.285598958333,4293.925482313368,4327.58447265625,122422,0.0,0.0
2016-03-09 00:00:00+09:00,4346.817858629301,4361.243139133601,4298.733590281631,4332.392578125,66999,0.0,0.0
2016-03-10 00:00:00+09:00,4308.3506215469615,4366.051745942679,4308.3506215469615,4351.62646484375,108674,0.0,0.0
2016-03-11 00:00:00+09:00,4351.626642644733,4375.668778791942,4303.542370350317,4370.8603515625,95603,0.0,0.0
2016-03-14 00:00:00+09:00,4375.668116839542,4539.154617908272,4375.668116839542,4534.34619140625,332221,0.0,0.0
2016-03-15 00:00:00+09:00,4553.5808252795,4673.791512324892,4452.603848161369,4462.220703125,390203,0.0,0.0
2016-03-16 00:00:00+09:00,4467.028896151334,4558.389013510726,4346.818215415292,4370.8603515625,236740,0.0,0.0
2016-03-17 00:00:00+09:00,4418.9443481180515,4476.645471270845,4385.285359612256,4433.36962890625,119830,0.0,0.0
2016-03-18 00:00:00+09:00,4467.029518352782,4563.1980763366955,4428.562095159217,4558.3896484375,147592,0.0,0.0
2016-03-21 00:00:00+09:00,4625.70763902624,4625.70763902624,4519.922225243935,4558.3896484375,211059,0.0,0.0
2016-03-22 00:00:00+09:00,4596.856411282339,4611.281692907702,4534.346857572433,4553.58056640625,153690,0.0,0.0
2016-03-23 00:00:00+09:00,4529.539081042326,4635.324494824631,4529.539081042326,4558.3896484375,187056,0.0,0.0
2016-03-24 00:00:00+09:00,4548.771470912315,4601.66416243455,4534.34619140625,4534.34619140625,96808,0.0,0.0
2016-03-25 00:00:00+09:00,4510.304676011029,4519.921530330882,4428.56141429228,4495.87939453125,134477,0.0,0.0
2016-03-28 00:00:00+09:00,4462.220392972103,4563.1973630716875,4462.220392972103,4481.4541015625,144880,0.0,0.0
2016-03-29 00:00:00+09:00,4481.45397066157,4568.005656790227,4471.837116647274,4519.92138671875,206234,0.0,0.0
2016-03-30 00:00:00+09:00,4601.6654995302615,4606.473927429457,4529.539081042326,4558.3896484375,109083,0.0,0.0
2016-03-31 00:00:00+09:00,4616.089882425743,5096.932578511758,4611.281455464883,4856.51123046875,1873187,0.0,0.0
2016-04-01 00:00:00+09:00,4914.213203355231,4981.531192442289,4774.7687973891825,4894.9794921875,543275,0.0,0.0
2016-04-04 00:00:00+09:00,4952.679533256117,5058.464921345083,4885.361559017684,4962.29638671875,274800,0.0,0.0
2016-04-05 00:00:00+09:00,4904.595514112903,5145.016862843928,4904.595514112903,5068.08203125,482520,0.0,0.0
2016-04-06 00:00:00+09:00,5135.3998013200435,5145.016654880567,5000.763851472701,5019.99755859375,256597,0.0,0.0
2016-04-07 00:00:00+09:00,5068.082041823019,5077.698895792323,4856.5112544983385,4885.36181640625,352535,0.0,0.0
2016-04-08 00:00:00+09:00,4894.978916410766,5029.614878748193,4818.044080789378,4991.1474609375,191280,0.0,0.0
2016-04-11 00:00:00+09:00,5048.848119275323,5048.848119275323,4923.829022988506,5019.99755859375,169656,0.0,0.0
2016-04-12 00:00:00+09:00,4962.297073686421,5029.615057244182,4923.829654510557,5010.38134765625,164889,0.0,0.0
2016-04-14 00:00:00+09:00,5029.614650539689,5029.614650539689,4914.21240234375,4914.21240234375,131350,0.0,0.0
2016-04-15 00:00:00+09:00,4923.829807692307,5010.381503530649,4875.745532226562,5000.7646484375,158296,0.0,0.0
2016-04-18 00:00:00+09:00,5000.7646484375,5096.93319936899,4943.063517878606,5000.7646484375,163295,0.0,0.0
2016-04-19 00:00:00+09:00,4962.296766700526,5058.465308690846,4933.446204103429,5029.61474609375,162182,0.0,0.0
2016-04-20 00:00:00+09:00,5010.381037695686,5154.633850681166,5000.7641834966535,5029.61474609375,409005,0.0,0.0
2016-04-21 00:00:00+09:00,5077.699489182693,5106.550054462139,4933.446662785456,5000.7646484375,220752,0.0,0.0
2016-04-22 00:00:00+09:00,5010.380779374117,5125.783023812677,4962.296510858051,5106.54931640625,301900,0.0,0.0
2016-04-25 00:00:00+09:00,5106.549917439468,5145.017336779878,5000.764514253339,5039.23193359375,196998,0.0,0.0
2016-04-26 00:00:00+09:00,5019.998158753034,5039.231868173543,4923.829611650485,4952.68017578125,240602,0.0,0.0
2016-04-27 00:00:00+09:00,4981.530093644017,5048.848067882449,4914.212119405584,4962.29638671875,164195,0.0,0.0
2016-04-28 00:00:00+09:00,4943.062929909867,5096.932593097723,4943.062929909867,5068.08203125,189570,0.0,0.0
2016-04-29 00:00:00+09:00,5039.231733200867,5058.465442106214,4943.063188674133,4991.1474609375,129459,0.0,0.0
2016-05-02 00:00:00+09:00,4991.148150793775,5010.381862357527,4731.493044683116,4798.81103515625,304882,0.0,0.0
2016-05-03 00:00:00+09:00,4741.10943919634,4894.97911673618,4731.4925843501,4827.6611328125,149692,0.0,0.0
2016-05-04 00:00:00+09:00,4818.043885946999,4818.043885946999,4741.109053436867,4745.91748046875,115163,0.0,0.0
2016-05-09 00:00:00+09:00,4798.810334708122,4798.810334708122,4683.408082170051,4736.30078125,121808,0.0,0.0
2016-05-10 00:00:00+09:00,4736.300191793356,4808.426590653153,4736.300191793356,4803.6181640625,126595,0.0,0.0
2016-05-11 00:00:00+09:00,4837.2778095703125,4837.2778095703125,4741.109264648438,4808.42724609375,120699,0.0,0.0
2016-05-12 00:00:00+09:00,4866.128373046875,4866.128373046875,4745.917691894531,4808.42724609375,75693,0.0,0.0
2016-05-13 00:00:00+09:00,4827.6602970157655,4827.6602970157655,4769.959177927928,4803.6181640625,100919,0.0,0.0
2016-05-16 00:00:00+09:00,4765.150751337274,4846.894003378378,4678.599072705518,4803.6181640625,144192,0.0,0.0
2016-05-17 00:00:00+09:00,4837.277798238465,4856.511507177783,4741.109253541876,4794.001953125,112040,0.0,0.0
2016-05-18 00:00:00+09:00,4794.001639811198,4798.810066731771,4616.08984375,4616.08984375,171526,0.0,0.0
2016-05-19 00:00:00+09:00,4625.706697591146,4683.407820638021,4568.005574544271,4616.08984375,159660,0.0,0.0
2016-05-20 00:00:00+09:00,4635.3239408744885,4789.193615260364,4616.090231576254,4697.83349609375,104222,0.0,0.0
2016-05-23 00:00:00+09:00,4697.833857856781,4798.810839448381,4697.833857856781,4750.7265625,102093,0.0,0.0
2016-05-24 00:00:00+09:00,4726.683784130366,4794.001762744634,4640.132097340594,4760.3427734375,107583,0.0,0.0
2016-05-25 00:00:00+09:00,4760.342131583921,4856.510659494708,4707.44944123299,4769.958984375,176230,0.0,0.0
2016-05-26 00:00:00+09:00,4769.959266802444,4808.426680244399,4717.066573319756,4721.875,59490,0.0,0.0
2016-05-27 00:00:00+09:00,4721.876006125442,4866.128837269803,4712.259150715817,4765.15185546875,151895,0.0,0.0
2016-05-30 00:00:00+09:00,4760.3429512622615,4818.044077944228,4760.3429512622615,4779.57666015625,116527,0.0,0.0
2016-05-31 00:00:00+09:00,4803.619364140778,5000.764903610019,4774.7687973891825,4894.9794921875,443368,0.0,0.0
2016-06-01 00:00:00+09:00,4875.745140165441,4933.446266084558,4818.044014246323,4904.595703125,115573,0.0,0.0
2016-06-02 00:00:00+09:00,4923.8300589390965,4923.8300589390965,4846.895214268173,4894.9794921875,122098,0.0,0.0
2016-06-03 00:00:00+09:00,4933.445826330851,5096.932335195615,4923.8289728682175,4962.29638671875,347653,0.0,0.0
2016-06-07 00:00:00+09:00,4962.296897579479,5029.614878748193,4933.446334221459,4991.1474609375,165356,0.0,0.0
2016-06-08 00:00:00+09:00,4991.147659418237,5077.69935293416,4962.297094912929,5039.23193359375,188278,0.0,0.0
2016-06-09 00:00:00+09:00,5058.465268049569,5587.392244746767,5039.231559806034,5577.775390625,3168872,0.0,0.0
2016-06-10 00:00:00+09:00,5558.541399572649,5635.4762286324785,5462.372863247863,5625.859375,1432052,0.0,0.0
2016-06-13 00:00:00+09:00,5597.009191564612,5693.177734375,5433.522668786951,5693.177734375,768582,0.0,0.0
2016-06-14 00:00:00+09:00,5712.411214750107,5770.112338131421,5568.158406296821,5616.24267578125,670214,0.0,0.0
2016-06-15 00:00:00+09:00,5664.326920684972,5856.663997788027,5577.775235988597,5587.39208984375,1433589,0.0,0.0
2016-06-16 00:00:00+09:00,5693.17806148374,5962.449996824187,5597.009513147866,5914.36572265625,2606425,0.0,0.0
2016-06-17 00:00:00+09:00,5914.364979725011,5943.215540601718,5693.177346336921,5808.57958984375,1507544,0.0,0.0
2016-06-20 00:00:00+09:00,5760.495850409836,5866.28125,5693.177868852459,5866.28125,742272,0.0,0.0
2016-06-21 00:00:00+09:00,5866.2809404360705,6029.767458448223,5808.579816431781,5885.5146484375,1492398,0.0,0.0
2016-06-22 00:00:00+09:00,5923.982315891473,6241.338511385659,5895.131752664729,6202.87109375,1978132,0.0,0.0
2016-06-23 00:00:00+09:00,6106.701996492606,6241.3379460215765,5837.430097434663,5933.5986328125,1070716,0.0,0.0
2016-06-24 00:00:00+09:00,6068.235399993649,6164.403948329522,5577.775803480691,5914.36572265625,2172115,0.0,0.0
2016-06-27 00:00:00+09:00,5741.261805054488,6058.61798523338,5731.6449511096735,6039.38427734375,890874,0.0,0.0
2016-06-28 00:00:00+09:00,5923.982110679059,6347.123690013277,5923.982110679059,6337.5068359375,1205358,0.0,0.0
2016-06-29 00:00:00+09:00,6404.825059678819,6472.143040786555,6145.169989691841,6231.7216796875,927271,0.0,0.0
2016-06-30 00:00:00+09:00,6202.870830461091,6222.10453846252,5847.047232434641,5885.5146484375,1290245,0.0,0.0
2016-07-01 00:00:00+09:00,5952.832942141763,6106.70261431344,5914.365524098844,6077.85205078125,777272,0.0,0.0
2016-07-04 00:00:00+09:00,6135.552852456087,6135.552852456087,5885.5146484375,5885.5146484375,627050,0.0,0.0
2016-07-05 00:00:00+09:00,5923.982289566533,6029.767687594506,5866.2811633694555,5962.44970703125,402134,0.0,0.0
2016-07-06 00:00:00+09:00,5981.683188444649,6058.618020450368,5866.2809404360705,5885.5146484375,473702,0.0,0.0
2016-07-07 00:00:00+09:00,5885.515546875,5895.13240234375,5635.4773046875,5770.11328125,985832,0.0,0.0
2016-07-08 00:00:00+09:00,5779.728559636746,5798.962265326052,5462.3724157631805,5654.70947265625,1022135,0.0,0.0
2016-07-11 00:00:00+09:00,5645.092619811597,5760.494853947438,5548.924091365062,5654.70947265625,360776,0.0,0.0
2016-07-12 00:00:00+09:00,5654.710294195671,5722.028273888476,5587.392314502866,5664.3271484375,377174,0.0,0.0
2016-07-13 00:00:00+09:00,5664.327552094616,5683.5612619489275,5500.841018332972,5548.92529296875,472212,0.0,0.0
2016-07-14 00:00:00+09:00,5529.691211597339,5712.4114429370775,5500.840648754223,5693.177734375,467180,0.0,0.0
2016-07-15 00:00:00+09:00,5712.411387342087,5712.411387342087,5404.672053343861,5423.90576171875,667277,0.0,0.0
2016-07-18 00:00:00+09:00,5443.139692826704,5616.243075284091,5404.672274502841,5500.8408203125,489586,0.0,0.0
2016-07-19 00:00:00+09:00,5558.541298538395,5616.242419284468,5481.606470876964,5510.45703125,253491,0.0,0.0
2016-07-20 00:00:00+09:00,5500.840752664299,5539.308170515097,5337.354226798401,5414.2890625,498725,0.0,0.0
2016-07-21 00:00:00+09:00,5443.1396484375,5481.607066447659,5404.672230427341,5443.1396484375,205686,0.0,0.0
2016-07-22 00:00:00+09:00,5452.756457519531,5462.373311941964,5366.204767717633,5385.4384765625,191531,0.0,0.0
2016-07-25 00:00:00+09:00,5433.522748674665,5433.522748674665,5375.821622140067,5385.4384765625,160646,0.0,0.0
2016-07-26 00:00:00+09:00,5395.0549651834235,5558.541479279891,5346.970696331522,5529.69091796875,294371,0.0,0.0
2016-07-27 00:00:00+09:00,5568.15884860471,5577.775703265513,5289.270063441435,5346.97119140625,459410,0.0,0.0
2016-07-28 00:00:00+09:00,5308.503913620283,5356.588188200177,5048.848830888855,5096.93310546875,1020490,0.0,0.0
2016-07-29 00:00:00+09:00,5077.699395636792,5173.86794479658,5068.082540720813,5096.93310546875,251547,0.0,0.0
2016-08-01 00:00:00+09:00,5096.932993627794,5202.718395382332,5048.848720103003,5164.2509765625,226377,0.0,0.0
2016-08-02 00:00:00+09:00,5135.400019608144,5231.568559301181,4856.5112544983385,4885.36181640625,835507,0.0,0.0
2016-08-03 00:00:00+09:00,4875.745216117101,4875.745216117101,4741.109253541876,4794.001953125,451771,0.0,0.0
2016-08-04 00:00:00+09:00,4818.044077944228,4885.362059073189,4760.3429512622615,4779.57666015625,345448,0.0,0.0
2016-08-05 00:00:00+09:00,4741.108943684896,4779.576359049479,4539.155013020833,4616.08984375,758815,0.0,0.0
2016-08-08 00:00:00+09:00,4620.898873166855,4774.7685546875,4616.090445619336,4774.7685546875,375909,0.0,0.0
2016-08-09 00:00:00+09:00,4774.768848749046,4837.278410716556,4697.834003250572,4726.6845703125,463197,0.0,0.0
2016-08-10 00:00:00+09:00,4731.492757161458,4846.89501953125,4683.408481174045,4846.89501953125,320650,0.0,0.0
2016-08-11 00:00:00+09:00,4779.576457698171,4837.277581935976,4697.833198361281,4731.4921875,261406,0.0,0.0
2016-08-12 00:00:00+09:00,4741.109707110324,4760.343417889676,4702.642285551619,4750.7265625,109812,0.0,0.0
2016-08-16 00:00:00+09:00,4755.534085679328,5145.016654880567,4678.599257195133,5019.99755859375,1209877,0.0,0.0
2016-08-17 00:00:00+09:00,4981.530380458048,5029.614650539689,4875.744986278437,4914.21240234375,354879,0.0,0.0
2016-08-18 00:00:00+09:00,4943.063321070995,5019.998158753034,4914.21275694023,4952.68017578125,233138,0.0,0.0
2016-08-19 00:00:00+09:00,4952.679379608921,5058.464764416102,4914.211966951765,4971.9130859375,261846,0.0,0.0
2016-08-22 00:00:00+09:00,4991.147185372834,5010.380893216275,4856.51123046875,4856.51123046875,183384,0.0,0.0
2016-08-23 00:00:00+09:00,4856.511338322039,4933.446171404367,4779.576505239709,4789.193359375,261471,0.0,0.0
2016-08-24 00:00:00+09:00,4837.277461526382,4837.277461526382,4755.534204224246,4784.384765625,144589,0.0,0.0
2016-08-25 00:00:00+09:00,4827.660799494761,4827.660799494761,4755.534393127807,4818.0439453125,128462,0.0,0.0
2016-08-26 00:00:00+09:00,4736.301425999809,4818.044699341937,4697.834003250572,4726.6845703125,165901,0.0,0.0
2016-08-29 00:00:00+09:00,4731.492706759819,4803.619119972621,4726.684279212299,4774.7685546875,137314,0.0,0.0
2016-08-30 00:00:00+09:00,4755.534438755855,4914.212534285626,4755.534438755855,4875.7451171875,182934,0.0,0.0
2016-08-31 00:00:00+09:00,4875.7454070437,4894.97911673618,4789.1937134275395,4827.6611328125,135264,0.0,0.0
2016-09-01 00:00:00+09:00,4827.660692590428,4923.829232283464,4774.767995759258,4885.36181640625,179041,0.0,0.0
2016-09-02 00:00:00+09:00,4962.296852156433,4971.913706521077,4885.362017239278,4933.4462890625,224513,0.0,0.0
2016-09-05 00:00:00+09:00,4962.297481274558,4962.297481274558,4866.1289254359035,4894.9794921875,185232,0.0,0.0
2016-09-06 00:00:00+09:00,4894.9786703755535,4962.296648160679,4866.128108467643,4885.36181640625,271704,0.0,0.0
2016-09-07 00:00:00+09:00,4914.212645507812,4923.8295,4794.001964355469,4808.42724609375,204627,0.0,0.0
2016-09-08 00:00:00+09:00,4741.109900464992,4827.661602501878,4741.109900464992,4798.81103515625,136296,0.0,0.0
2016-09-09 00:00:00+09:00,4769.959266802444,4808.426680244399,4707.449719959267,4721.875,94921,0.0,0.0
2016-09-12 00:00:00+09:00,4702.641515845416,4702.641515845416,4601.66455078125,4601.66455078125,188526,0.0,0.0
2016-09-13 00:00:00+09:00,4616.08988003096,4678.599430489712,4601.6645991558635,4659.36572265625,117208,0.0,0.0
2016-09-19 00:00:00+09:00,4712.258479420731,4760.342749618902,4568.005668826219,4731.4921875,123591,0.0,0.0
2016-09-20 00:00:00+09:00,4664.174406792316,4784.385087379747,4664.174406792316,4779.57666015625,148162,0.0,0.0
2016-09-21 00:00:00+09:00,4779.57666015625,4803.618796273737,4741.109242368272,4779.57666015625,108232,0.0,0.0
2016-09-22 00:00:00+09:00,4818.044077944228,4818.044077944228,4745.9176695917695,4779.57666015625,116759,0.0,0.0
2016-09-23 00:00:00+09:00,4779.57698223502,4818.044402615181,4731.492706759819,4774.7685546875,126528,0.0,0.0
2016-09-26 00:00:00+09:00,4803.617969143776,4803.617969143776,4741.108426001764,4769.958984375,87832,0.0,0.0
2016-09-27 00:00:00+09:00,4769.959579498977,4769.959579498977,4683.407893580649,4702.6416015625,216444,0.0,0.0
2016-09-28 00:00:00+09:00,4745.917133401222,4765.1508401222,4693.024439918534,4721.875,159460,0.0,0.0
2016-09-29 00:00:00+09:00,4721.875125447752,4904.595344151433,4712.258271831769,4866.1279296875,457067,0.0,0.0
2016-09-30 00:00:00+09:00,4827.660515223567,4866.1279296875,4760.342539911685,4866.1279296875,289127,0.0,0.0
2016-10-04 00:00:00+09:00,4933.446378348214,5077.699196428572,4875.745251116071,5048.8486328125,745779,0.0,0.0
2016-10-05 00:00:00+09:00,5058.465177300759,5125.783154945446,4952.679783859108,5068.08203125,606651,0.0,0.0
2016-10-06 00:00:00+09:00,5068.082254855432,5221.951924832068,5068.082254855432,5145.01708984375,510767,0.0,0.0
2016-10-07 00:00:00+09:00,5145.016788202824,5145.016788202824,4962.29656581805,4981.5302734375,330223,0.0,0.0
2016-10-10 00:00:00+09:00,4981.530938251201,5087.316344275841,4952.680372971755,5000.7646484375,249313,0.0,0.0
2016-10-11 00:00:00+09:00,5029.614204923235,5058.464764416102,4894.9782606231865,4971.9130859375,192178,0.0,0.0
2016-10-12 00:00:00+09:00,4914.212247848511,4991.147077560425,4866.127979278564,4923.8291015625,125929,0.0,0.0
2016-10-13 00:00:00+09:00,4904.594823636307,4952.679086613134,4837.27685546875,4837.27685546875,129668,0.0,0.0
2016-10-14 00:00:00+09:00,4837.278111853966,5058.465778996394,4837.278111853966,5000.7646484375,285496,0.0,0.0
2016-10-17 00:00:00+09:00,5010.380205005518,5202.717257021085,5010.380205005518,5173.86669921875,684064,0.0,0.0
2016-10-18 00:00:00+09:00,5231.5687084125475,5241.185562655953,5058.46533203125,5058.46533203125,250394,0.0,0.0
2016-10-19 00:00:00+09:00,5058.465938792509,5250.803046731388,5039.232227998621,5231.5693359375,447746,0.0,0.0
2016-10-20 00:00:00+09:00,5231.568981481481,5318.120674189815,5173.867853009259,5193.1015625,342053,0.0,0.0
2016-10-21 00:00:00+09:00,5193.101473721591,5318.120583274148,5164.250909978693,5289.27001953125,415371,0.0,0.0
2016-10-24 00:00:00+09:00,5270.036001896513,5346.970834040987,5135.4000456436825,5308.50341796875,539474,0.0,0.0
2016-10-25 00:00:00+09:00,5356.588338142298,5462.373745179219,5164.251234438804,5298.88720703125,591304,0.0,0.0
2016-10-26 00:00:00+09:00,5241.18505859375,5308.503031823394,5135.399672090022,5241.18505859375,373052,0.0,0.0
2016-10-27 00:00:00+09:00,5221.952480540556,5318.121034509995,5173.868203555837,5231.5693359375,281282,0.0,0.0
2016-10-28 00:00:00+09:00,5260.418765230791,5404.671565008601,5231.568205275229,5241.18505859375,495793,0.0,0.0
2016-10-31 00:00:00+09:00,5241.185463295326,5337.35400390625,5145.016922684404,5337.35400390625,290897,0.0,0.0
2016-11-01 00:00:00+09:00,5337.354226798401,5500.840752664299,5260.419391096802,5414.2890625,609757,0.0,0.0
2016-11-02 00:00:00+09:00,5462.373472416201,5462.373472416201,5164.2509765625,5164.2509765625,368240,0.0,0.0
2016-11-03 00:00:00+09:00,5164.251153213416,5270.036558586503,5106.550023009914,5183.48486328125,218551,0.0,0.0
2016-11-04 00:00:00+09:00,5193.101894639556,5250.803026802218,5106.550196395564,5202.71875,164492,0.0,0.0
2016-11-07 00:00:00+09:00,5193.101192989865,5337.35400390625,5193.101192989865,5337.35400390625,238817,0.0,0.0
2016-11-08 00:00:00+09:00,5346.971580406654,5385.439001848428,5193.101894639556,5202.71875,195863,0.0,0.0
2016-11-09 00:00:00+09:00,5212.335227937734,5260.419501258193,4866.128460030431,5135.400390625,729003,0.0,0.0
2016-11-10 00:00:00+09:00,5221.951651467972,5414.288728870107,5212.334797597865,5404.671875,585697,0.0,0.0
2016-11-11 00:00:00+09:00,5423.9055827402135,5471.989852090747,5289.269628558719,5404.671875,308726,0.0,0.0
2016-11-14 00:00:00+09:00,5520.074415114453,5529.691269496185,5308.503618716338,5356.587890625,336873,0.0,0.0
2016-11-15 00:00:00+09:00,5366.203680999088,5366.203680999088,5019.996991902372,5270.03515625,250358,0.0,0.0
2016-11-16 00:00:00+09:00,5385.438453770198,5423.905871297127,5270.036201189408,5356.587890625,230268,0.0,0.0
2016-11-17 00:00:00+09:00,5337.354027532762,5385.438298051075,5289.269757014449,5366.20458984375,123304,0.0,0.0
2016-11-18 00:00:00+09:00,5337.353193431982,5385.437456435874,5173.86669921875,5173.86669921875,227418,0.0,0.0
2016-11-21 00:00:00+09:00,5087.315871287942,5164.250704880198,4914.212495705366,5029.61474609375,486149,0.0,0.0
2016-11-22 00:00:00+09:00,5029.614412154275,5106.54924063847,4991.146997912177,5019.99755859375,158781,0.0,0.0
2016-11-23 00:00:00+09:00,5048.848587653541,5048.848587653541,4943.063188674133,4991.1474609375,195997,0.0,0.0
2016-11-24 00:00:00+09:00,4991.147457990129,5048.848584672095,4779.57666015625,4779.57666015625,300721,0.0,0.0
2016-11-25 00:00:00+09:00,4789.193537109375,4837.2778095703125,4760.342973632813,4808.42724609375,144362,0.0,0.0
2016-11-28 00:00:00+09:00,4808.427137265779,4923.829388560158,4808.427137265779,4875.7451171875,131468,0.0,0.0
2016-11-29 00:00:00+09:00,4827.660935242052,5000.764315390174,4827.660935242052,4991.1474609375,149070,0.0,0.0
2016-11-30 00:00:00+09:00,4943.0628089904785,4981.530223846436,4914.212247848511,4923.8291015625,66570,0.0,0.0
2016-12-01 00:00:00+09:00,4923.829411764706,4981.530537683823,4866.128285845588,4904.595703125,66476,0.0,0.0
2016-12-02 00:00:00+09:00,4894.978925056419,4933.446342935055,4755.534535246364,4794.001953125,193012,0.0,0.0
2016-12-05 00:00:00+09:00,4866.128441029261,4866.128441029261,4673.79134849846,4683.408203125,134553,0.0,0.0
2016-12-06 00:00:00+09:00,4712.258325541962,4789.193155346729,4664.174056913983,4741.10888671875,67649,0.0,0.0
2016-12-07 00:00:00+09:00,4769.959805709255,4827.660932391223,4683.408115686306,4779.57666015625,147470,0.0,0.0
2016-12-08 00:00:00+09:00,4774.76741077054,4808.426395539314,4731.491573210686,4769.958984375,110555,0.0,0.0
2016-12-09 00:00:00+09:00,4760.343322753906,4875.745585123698,4721.875901963976,4846.89501953125,133029,0.0,0.0
2016-12-12 00:00:00+09:00,4904.59597158242,4904.59597158242,4808.42742312002,4827.6611328125,139923,0.0,0.0
2016-12-13 00:00:00+09:00,4837.27752262531,4894.978646155631,4750.725837329827,4856.51123046875,146566,0.0,0.0
2016-12-14 00:00:00+09:00,4894.97849053545,4914.212197767416,4837.277368839551,4866.1279296875,96937,0.0,0.0
2016-12-15 00:00:00+09:00,4818.043584779251,4971.913240181383,4798.809877853985,4962.29638671875,169344,0.0,0.0
2016-12-16 00:00:00+09:00,4962.297676769213,5010.381956582867,4885.362829067364,4943.06396484375,101313,0.0,0.0
2016-12-19 00:00:00+09:00,4933.446914522961,4933.446914522961,4846.895214268173,4894.9794921875,132570,0.0,0.0
2016-12-20 00:00:00+09:00,4933.446061842513,5000.764039294555,4856.51123046875,4856.51123046875,152607,0.0,0.0
2016-12-21 00:00:00+09:00,4866.128119408231,4885.361827390082,4620.898342639634,4702.6416015625,545734,0.0,0.0
2016-12-22 00:00:00+09:00,4693.024374676836,4717.066507743828,4620.897975475859,4649.74853515625,175930,0.0,0.0
2016-12-23 00:00:00+09:00,4649.74853515625,4702.641227903632,4625.7064020892585,4649.74853515625,103357,0.0,0.0
2016-12-26 00:00:00+09:00,4673.791123678888,4673.791123678888,4587.239436203353,4606.47314453125,178326,0.0,0.0
2016-12-27 00:00:00+09:00,4577.622199592668,4721.875,4577.622199592668,4721.875,135666,0.0,0.0
2016-12-28 00:00:00+09:00,4721.875333460366,4779.576457698171,4659.3657822027435,4731.4921875,115646,0.0,0.0
2016-12-29 00:00:00+09:00,4731.492354060913,4741.109208439087,4693.024936548223,4736.30078125,59924,0.0,0.0
2017-01-02 00:00:00+09:00,4693.024843912592,4741.109114854318,4620.8984375,4620.8984375,148406,0.0,0.0
2017-01-03 00:00:00+09:00,4616.090198863636,4673.791326349432,4616.090198863636,4654.5576171875,122291,0.0,0.0
2017-01-04 00:00:00+09:00,4654.557295697884,4721.8752731150025,4654.557295697884,4659.36572265625,122787,0.0,0.0
2017-01-05 00:00:00+09:00,4644.940664657361,4769.9597715736045,4640.132237468274,4736.30078125,155005,0.0,0.0
2017-01-06 00:00:00+09:00,4750.726522476947,4779.57708840292,4688.216962970671,4693.025390625,117717,0.0,0.0
2017-01-09 00:00:00+09:00,4736.300516764323,4736.300516764323,4596.856136067709,4616.08984375,147945,0.0,0.0
2017-01-10 00:00:00+09:00,4606.473487798546,4659.366189641744,4553.580785955348,4630.515625,147008,0.0,0.0
2017-01-11 00:00:00+09:00,4630.515124511719,4644.940405273438,4596.856136067709,4616.08984375,129498,0.0,0.0
2017-01-12 00:00:00+09:00,4596.856290367302,4654.5574153509915,4592.047863285327,4606.47314453125,103204,0.0,0.0
2017-01-13 00:00:00+09:00,4606.47314453125,4664.17426951494,4596.856290367302,4606.47314453125,107987,0.0,0.0
2017-01-16 00:00:00+09:00,4606.4733221803535,4630.515458517411,4592.0480403781185,4625.70703125,90317,0.0,0.0
2017-01-17 00:00:00+09:00,4654.5576392453795,4693.02505775154,4625.70707536576,4683.408203125,116750,0.0,0.0
2017-01-18 00:00:00+09:00,4688.216272200116,4688.216272200116,4616.089868012422,4644.9404296875,88787,0.0,0.0
2017-01-19 00:00:00+09:00,4659.365710525039,4659.365710525039,4620.898294958269,4644.9404296875,58769,0.0,0.0
2017-01-20 00:00:00+09:00,4644.940664657361,4760.342917195431,4644.940664657361,4736.30078125,234176,0.0,0.0
2017-01-23 00:00:00+09:00,4760.343377785604,4765.151805439933,4673.791680007685,4693.025390625,146075,0.0,0.0
2017-01-24 00:00:00+09:00,4697.83360916407,4721.875746365524,4630.515625,4630.515625,92260,0.0,0.0
2017-01-25 00:00:00+09:00,4625.707020048553,4668.982865350463,4606.473311025482,4611.28173828125,65115,0.0,0.0
2017-01-26 00:00:00+09:00,4577.622736336297,4630.515436020855,4572.814309092246,4596.8564453125,100984,0.0,0.0
2017-01-31 00:00:00+09:00,4606.4733221803535,4635.323885784824,4582.431185843295,4625.70703125,69102,0.0,0.0
2017-02-01 00:00:00+09:00,4543.963463824728,4654.557283579193,4543.963463824728,4644.9404296875,112107,0.0,0.0
2017-02-02 00:00:00+09:00,4606.472965392427,4654.557234342243,4568.005550232573,4587.2392578125,106954,0.0,0.0
2017-02-03 00:00:00+09:00,4587.239388915499,4601.6646700127185,4515.112983429407,4548.77197265625,93847,0.0,0.0
2017-02-06 00:00:00+09:00,4563.197680243131,4568.006107724947,4428.56171075229,4462.220703125,237216,0.0,0.0
2017-02-07 00:00:00+09:00,4467.028854256609,4534.34683483744,4467.028854256609,4524.72998046875,96725,0.0,0.0
2017-02-08 00:00:00+09:00,4491.0712890625,4519.921854088598,4467.029151540752,4491.0712890625,82832,0.0,0.0
2017-02-09 00:00:00+09:00,4519.921530330882,4534.346811810662,4467.028831571691,4495.87939453125,64257,0.0,0.0
2017-02-10 00:00:00+09:00,4539.154914529914,4543.963341346154,4481.453792735043,4500.6875,86330,0.0,0.0
2017-02-13 00:00:00+09:00,4505.4963386543595,4620.898592792785,4505.4963386543595,4611.28173828125,161588,0.0,0.0
2017-02-14 00:00:00+09:00,4577.62272511149,4664.174415292169,4553.58058895019,4582.43115234375,155054,0.0,0.0
2017-02-15 00:00:00+09:00,4644.9404296875,4654.557283579193,4587.239306337345,4644.9404296875,148055,0.0,0.0
2017-02-16 00:00:00+09:00,4664.1741374708845,4712.258406929348,4640.132002741653,4644.9404296875,207767,0.0,0.0
2017-02-17 00:00:00+09:00,4693.025439896569,4774.768710878374,4664.174873667696,4765.15185546875,218941,0.0,0.0
2017-02-20 00:00:00+09:00,4779.57708840292,4784.385516057249,4683.408535316342,4693.025390625,146209,0.0,0.0
2017-02-21 00:00:00+09:00,4683.407800722362,4827.66060772613,4678.599373822236,4784.384765625,237813,0.0,0.0
2017-02-22 00:00:00+09:00,4818.043814781869,4914.212353999072,4794.0016799775685,4856.51123046875,301804,0.0,0.0
2017-02-23 00:00:00+09:00,4866.128084390471,4923.829207920792,4846.89437654703,4856.51123046875,203442,0.0,0.0
2017-02-24 00:00:00+09:00,4894.97924241286,5000.7646484375,4856.511822040265,5000.7646484375,392091,0.0,0.0
2017-02-27 00:00:00+09:00,5058.465023156368,5096.932437781132,4981.530193906842,5077.69873046875,397605,0.0,0.0
2017-02-28 00:00:00+09:00,5029.614832708942,5068.082250167519,4933.4462890625,4933.4462890625,340054,0.0,0.0
2017-03-02 00:00:00+09:00,4856.511362041542,4904.595632952844,4760.342820218937,4818.0439453125,273469,0.0,0.0
2017-03-03 00:00:00+09:00,4803.618435935123,4818.043716523517,4702.641471816367,4741.10888671875,314092,0.0,0.0
2017-03-06 00:00:00+09:00,4717.066848603806,4856.51123046875,4712.258421642946,4856.51123046875,165796,0.0,0.0
2017-03-07 00:00:00+09:00,4866.127852092418,5000.763800569283,4798.809877853985,4962.29638671875,532580,0.0,0.0
2017-03-08 00:00:00+09:00,4962.296897579479,5029.614878748193,4914.212625316112,4991.1474609375,287304,0.0,0.0
2017-03-09 00:00:00+09:00,5096.932725486974,5164.250704880198,5029.61474609375,5029.61474609375,530585,0.0,0.0
2017-03-10 00:00:00+09:00,5058.465596064814,5202.71841724537,5000.764467592592,5193.1015625,417644,0.0,0.0
2017-03-13 00:00:00+09:00,5193.101718315167,5250.802848518669,5087.31631294208,5183.48486328125,356806,0.0,0.0
2017-03-14 00:00:00+09:00,5154.634033649451,5308.5037062957035,5116.1666154878885,5260.41943359375,360760,0.0,0.0
2017-03-15 00:00:00+09:00,5279.653592883548,5318.121014325323,5154.6344731977815,5202.71875,316070,0.0,0.0
2017-03-16 00:00:00+09:00,5202.718603601742,5452.7568359375,5202.718603601742,5452.7568359375,413353,0.0,0.0
2017-03-17 00:00:00+09:00,5462.373311941964,5471.990166364397,5346.971058872768,5385.4384765625,283505,0.0,0.0
2017-03-20 00:00:00+09:00,5443.138978282684,5443.138978282684,5183.483938682626,5241.18505859375,452873,0.0,0.0
2017-03-21 00:00:00+09:00,5279.6533203125,5385.438723816029,5193.101626536885,5279.6533203125,265619,0.0,0.0
2017-03-22 00:00:00+09:00,5221.952480540556,5298.887323716108,5183.4850589527805,5231.5693359375,108436,0.0,0.0
2017-03-23 00:00:00+09:00,5221.950962222642,5260.418372625755,5096.9318784125235,5173.86669921875,234889,0.0,0.0
2017-03-24 00:00:00+09:00,5154.633378727064,5241.18505859375,5125.782818771502,5241.18505859375,140959,0.0,0.0
2017-03-27 00:00:00+09:00,5241.186014435828,5241.186014435828,5154.634318784594,5212.33544921875,215117,0.0,0.0
2017-03-28 00:00:00+09:00,5212.3343929555585,5250.801805449695,5106.549008596681,5125.78271484375,229484,0.0,0.0
2017-03-29 00:00:00+09:00,5135.400008894687,5202.717986539374,5039.231469402277,5068.08203125,316155,0.0,0.0
2017-03-30 00:00:00+09:00,5096.932593097723,5135.400008894687,5048.848323351518,5068.08203125,102615,0.0,0.0
2017-03-31 00:00:00+09:00,5068.082450810185,5289.2701099537035,5039.2318865740735,5193.1015625,269025,0.0,0.0
2017-04-03 00:00:00+09:00,5154.63360363924,5346.970678401899,5145.016749901108,5318.1201171875,230802,0.0,0.0
2017-04-04 00:00:00+09:00,5346.970241921958,5548.924153936997,5298.885977156474,5375.82080078125,503625,0.0,0.0
2017-04-05 00:00:00+09:00,5423.905448717948,5693.177350427351,5356.587473290599,5625.859375,875956,0.0,0.0
2017-04-06 00:00:00+09:00,5683.561325958564,5818.197296455044,5597.009630639398,5635.47705078125,615016,0.0,0.0
2017-04-07 00:00:00+09:00,5645.093212974666,5645.093212974666,5510.457259002528,5587.39208984375,292138,0.0,0.0
2017-04-10 00:00:00+09:00,5625.859661233836,5635.476515355604,5385.438308189655,5577.775390625,520402,0.0,0.0
2017-04-11 00:00:00+09:00,5770.112704918033,6049.001485655738,5702.794723360656,5866.28125,1812431,0.0,0.0
2017-04-12 00:00:00+09:00,5818.197174320376,5933.5994323234245,5779.729754986026,5914.36572265625,479208,0.0,0.0
2017-04-13 00:00:00+09:00,5943.215748152709,5981.6831639983575,5808.579792692939,5856.6640625,314695,0.0,0.0
2017-04-14 00:00:00+09:00,5904.74887357715,5904.74887357715,5673.944357346121,5702.794921875,326438,0.0,0.0
2017-04-17 00:00:00+09:00,5798.9631828062,6029.767687594506,5779.729474073841,5962.44970703125,650753,0.0,0.0
2017-04-18 00:00:00+09:00,6058.61843096865,6058.61843096865,5895.131901879019,5981.68359375,302762,0.0,0.0
2017-04-19 00:00:00+09:00,6020.150901418422,6106.702591694406,5923.982356667329,6049.00146484375,392249,0.0,0.0
2017-04-20 00:00:00+09:00,6049.001019119122,6395.207754712586,6049.001019119122,6289.42236328125,669702,0.0,0.0
2017-04-21 00:00:00+09:00,6366.357973465443,6558.69507236168,6337.507408631008,6452.90966796875,871533,0.0,0.0
2017-04-24 00:00:00+09:00,6606.778870896698,6866.433935691765,6337.506951849963,6481.759765625,1784739,0.0,0.0
2017-04-25 00:00:00+09:00,6539.460197135785,6799.115234375,6424.0579583628005,6799.115234375,988960,0.0,0.0
2017-04-26 00:00:00+09:00,6837.583246372768,6847.200100446428,6635.629310825893,6731.7978515625,437398,0.0,0.0
2017-04-27 00:00:00+09:00,6722.181467013888,6722.181467013888,6452.909534143519,6491.376953125,553560,0.0,0.0
2017-04-28 00:00:00+09:00,6529.844110843307,6799.116032939938,6529.844110843307,6779.88232421875,587279,0.0,0.0
2017-05-02 00:00:00+09:00,6866.434102405576,6933.752083801709,6645.2464492468525,6683.7138671875,447951,0.0,0.0
2017-05-04 00:00:00+09:00,6722.180973704269,6760.648389862805,6587.54501714939,6702.947265625,339704,0.0,0.0
2017-05-08 00:00:00+09:00,6702.947011519452,6760.6481335698345,6568.311060068559,6597.16162109375,338856,0.0,0.0
2017-05-10 00:00:00+09:00,6664.479289139851,6808.732087606082,6462.525371287128,6799.115234375,539979,0.0,0.0
2017-05-11 00:00:00+09:00,6818.349875456937,6818.349875456937,6558.694802625713,6741.4150390625,589307,0.0,0.0
2017-05-12 00:00:00+09:00,6760.648748161109,6760.648748161109,6606.779075372237,6741.4150390625,257476,0.0,0.0
2017-05-15 00:00:00+09:00,6722.1814337479445,7308.8095703125,6722.1814337479445,7308.8095703125,1291098,0.0,0.0
2017-05-16 00:00:00+09:00,7212.640466824384,7222.25732078015,6731.797769036091,6827.96630859375,2015333,0.0,0.0
2017-05-17 00:00:00+09:00,6751.03230026533,7001.070533608491,6520.227777179336,6626.01318359375,1990334,0.0,0.0
2017-05-18 00:00:00+09:00,6529.844304284385,6683.713978612146,6347.124066020167,6616.39599609375,1213234,0.0,0.0
2017-05-19 00:00:00+09:00,6722.180925515557,6789.498903310419,6587.544969925832,6645.24609375,643571,0.0,0.0
2017-05-22 00:00:00+09:00,6645.24603618275,6866.433675592596,6549.077497308905,6770.26513671875,586028,0.0,0.0
2017-05-23 00:00:00+09:00,6808.733109440744,6914.518510858608,6712.56456269723,6856.8173828125,471538,0.0,0.0
2017-05-24 00:00:00+09:00,6924.135298295454,7174.173517400568,6895.284734552557,6981.83642578125,917655,0.0,0.0
2017-05-25 00:00:00+09:00,6991.453436153017,7106.85569369612,6952.986016971982,6972.2197265625,548767,0.0,0.0
2017-05-26 00:00:00+09:00,7020.303518762551,7299.192288685995,6924.134977409639,7183.7900390625,651507,0.0,0.0
2017-05-29 00:00:00+09:00,7231.874309738956,7385.743975903615,7116.472060115462,7183.7900390625,609997,0.0,0.0
2017-05-30 00:00:00+09:00,7231.874333333333,7260.724895833333,7097.238375,7212.640625,326828,0.0,0.0
2017-05-31 00:00:00+09:00,7231.874448529412,7385.744117647058,7049.154216452206,7356.8935546875,678934,0.0,0.0
2017-06-01 00:00:00+09:00,7366.51081221987,7472.29621552851,7241.49169921875,7241.49169921875,475278,0.0,0.0
2017-06-02 00:00:00+09:00,7318.425814675965,7337.659522467492,7154.939298447986,7164.55615234375,346221,0.0,0.0
2017-06-05 00:00:00+09:00,7183.790640836149,7251.108625422297,7001.07039695946,7116.47265625,364762,0.0,0.0
2017-06-07 00:00:00+09:00,7183.790284491466,7366.510519304502,7106.855448780714,7289.57568359375,444727,0.0,0.0
2017-06-08 00:00:00+09:00,7289.575040915267,7337.659308995183,7193.406504755435,7299.19189453125,278718,0.0,0.0
2017-06-09 00:00:00+09:00,7337.659729166667,7337.659729166667,7145.322645833333,7212.640625,268491,0.0,0.0
2017-06-12 00:00:00+09:00,7231.874554177989,7231.874554177989,7049.154319431471,7078.0048828125,356924,0.0,0.0
2017-06-13 00:00:00+09:00,7068.387684303507,7279.958472132999,7068.387684303507,7251.10791015625,307417,0.0,0.0
2017-06-14 00:00:00+09:00,7299.192239200367,7568.464153162963,7193.406844429348,7520.3798828125,580426,0.0,0.0
2017-06-15 00:00:00+09:00,7510.76289845241,7626.165145291627,7424.211213322997,7558.84716796875,458490,0.0,0.0
2017-06-16 00:00:00+09:00,7501.146320426551,8097.391284357893,7404.97777785698,7905.05419921875,988831,0.0,0.0
2017-06-19 00:00:00+09:00,7962.755637862043,8097.391602753431,7837.736527605755,7885.82080078125,513633,0.0,0.0
2017-06-20 00:00:00+09:00,7933.905258178711,8001.2232421875,7655.016467285156,7693.48388671875,462381,0.0,0.0
2017-06-21 00:00:00+09:00,7712.716716296567,7876.203230233028,7578.080763643011,7808.88525390625,430067,0.0,0.0
2017-06-22 00:00:00+09:00,7847.352932602612,7856.969786686684,7578.081018248601,7731.95068359375,360478,0.0,0.0
2017-06-23 00:00:00+09:00,7731.950577026819,7808.8854086390265,7616.5483296085085,7799.2685546875,270500,0.0,0.0
2017-06-26 00:00:00+09:00,7760.801580090257,7847.353270574534,7693.483598602485,7741.56787109375,290011,0.0,0.0
2017-06-27 00:00:00+09:00,7780.034265250803,8308.961193049066,7760.800558785412,8232.0263671875,1306259,0.0,0.0
2017-06-28 00:00:00+09:00,8414.746578608718,8895.589240243502,8164.708394558631,8232.0263671875,2212838,0.0,0.0
2017-06-29 00:00:00+09:00,8366.664469493206,8510.917305174122,7981.990241010759,8491.68359375,993194,0.0,0.0
2017-06-30 00:00:00+09:00,8443.597472939944,8674.401959671788,8318.578375960196,8607.083984375,743293,0.0,0.0
2017-07-03 00:00:00+09:00,9078.31121384872,9232.180895439376,8607.085313977335,8645.552734375,1576602,0.0,0.0
2017-07-04 00:00:00+09:00,8703.254281240936,8732.104847919083,8135.859803237384,8289.7294921875,1446116,0.0,0.0
2017-07-05 00:00:00+09:00,8308.962247109826,8433.981354994581,8155.092575867052,8318.5791015625,686953,0.0,0.0
2017-07-06 00:00:00+09:00,8414.748032513788,8433.98174230239,8116.625530790441,8174.32666015625,645636,0.0,0.0
2017-07-07 00:00:00+09:00,8039.68994140625,8232.027021344198,7991.605671421763,8039.68994140625,636393,0.0,0.0
2017-07-10 00:00:00+09:00,7981.988903264331,8001.222611464968,7472.295635947452,7549.23046875,1626243,0.0,0.0
2017-07-11 00:00:00+09:00,7558.847013480781,7760.800941321871,7414.594207880003,7568.4638671875,986623,0.0,0.0
2017-07-12 00:00:00+09:00,7587.698241550888,7664.633077967121,7337.660023198134,7376.12744140625,675392,0.0,0.0
2017-07-13 00:00:00+09:00,7453.062390779194,7472.2961001747535,7212.641023334704,7308.8095703125,748582,0.0,0.0
2017-07-14 00:00:00+09:00,7241.4911875,7376.127145833333,7212.640625,7212.640625,366692,0.0,0.0
2017-07-17 00:00:00+09:00,7241.491127104153,7472.295625179186,7164.556294412476,7337.65966796875,415145,0.0,0.0
2017-07-18 00:00:00+09:00,7414.594602163871,7424.211456381982,6895.284474385857,7058.77099609375,997469,0.0,0.0
2017-07-19 00:00:00+09:00,7020.303401425888,7164.556211044228,6972.219131553108,7039.537109375,489316,0.0,0.0
2017-07-20 00:00:00+09:00,7087.621984105604,7097.238838900862,6827.96690463362,6972.2197265625,497740,0.0,0.0
2017-07-21 00:00:00+09:00,6991.45240514169,7001.069258518776,6751.031070714534,6914.517578125,804700,0.0,0.0
2017-07-24 00:00:00+09:00,6847.2001953125,6895.284466346998,6741.414799036605,6847.2001953125,628957,0.0,0.0
2017-07-25 00:00:00+09:00,6924.13513962766,7058.7711006759755,6779.88232421875,6779.88232421875,466803,0.0,0.0
2017-07-26 00:00:00+09:00,6808.732999674479,6933.752108425564,6702.947599962023,6924.13525390625,648858,0.0,0.0
2017-07-27 00:00:00+09:00,6914.518221459349,6981.836201362291,6683.713718934976,6904.9013671875,609919,0.0,0.0
2017-07-28 00:00:00+09:00,6924.135680379747,6933.752535491385,6751.032288370253,6837.583984375,378621,0.0,0.0
2017-07-31 00:00:00+09:00,6751.031476947624,6904.901140239876,6587.544959699604,6827.96630859375,532249,0.0,0.0
2017-08-01 00:00:00+09:00,6943.368753100199,7270.341796875,6856.8170650421625,7270.341796875,892635,0.0,0.0
2017-08-02 00:00:00+09:00,7385.74413538874,7385.74413538874,7001.069961670577,7174.17333984375,870998,0.0,0.0
2017-08-03 00:00:00+09:00,7174.172914478292,7203.023475796569,6827.966178658964,6866.43359375,479878,0.0,0.0
2017-08-04 00:00:00+09:00,6837.582572649712,7020.302782045415,6789.498307019265,6895.28369140625,288979,0.0,0.0
2017-08-07 00:00:00+09:00,6933.751103910608,7049.153341423684,6847.199425775802,6895.28369140625,209837,0.0,0.0
2017-08-08 00:00:00+09:00,6914.518277486166,7385.744140625,6914.518277486166,7385.744140625,1234194,0.0,0.0
2017-08-09 00:00:00+09:00,7337.659472391957,7366.510033882359,7106.85498046875,7106.85498046875,698011,0.0,0.0
2017-08-10 00:00:00+09:00,7020.302740894109,7260.724067637058,6895.283650987776,7203.02294921875,588065,0.0,0.0
2017-08-11 00:00:00+09:00,7068.38818359375,7251.108422353316,7010.687055564413,7068.38818359375,426414,0.0,0.0
2017-08-14 00:00:00+09:00,7154.9400408130605,7655.01649527849,7049.154636983835,7510.763671875,1304959,0.0,0.0
2017-08-16 00:00:00+09:00,7693.4840745192305,7885.821176382211,7501.14697265625,7501.14697265625,1219139,0.0,0.0
2017-08-17 00:00:00+09:00,7501.146380562423,7828.119427920272,7501.146380562423,7780.03515625,777107,0.0,0.0
2017-08-18 00:00:00+09:00,7655.015415315893,8058.923263862711,7655.015415315893,7972.37158203125,908477,0.0,0.0
2017-08-21 00:00:00+09:00,7962.755637862043,8058.924184213034,7818.502818335557,7885.82080078125,449737,0.0,0.0
2017-08-22 00:00:00+09:00,7933.905397348069,7943.522252375157,7655.0166015625,7655.0166015625,588213,0.0,0.0
2017-08-23 00:00:00+09:00,7731.95054366309,8039.6898687840085,7722.333689753061,7953.13818359375,767924,0.0,0.0
2017-08-24 00:00:00+09:00,7972.372140233443,8164.709224436903,7924.287869182578,8058.923828125,534353,0.0,0.0
2017-08-25 00:00:00+09:00,8078.157127490942,8116.624542383756,7943.521175366093,7962.7548828125,296823,0.0,0.0
2017-08-28 00:00:00+09:00,8010.838996178566,8049.306410325882,7914.670460810276,7972.37158203125,260456,0.0,0.0
2017-08-29 00:00:00+09:00,7895.436726839866,8126.2412109375,7760.800777782914,8126.2412109375,459729,0.0,0.0
2017-08-30 00:00:00+09:00,8116.625440588663,8414.74793899891,8049.307457076672,8270.4951171875,738463,0.0,0.0
2017-08-31 00:00:00+09:00,8318.579675145897,8395.5145160721,7981.98974609375,7981.98974609375,649663,0.0,0.0
2017-09-01 00:00:00+09:00,8049.304842237016,8193.5576171875,7876.201512296435,8193.5576171875,497783,0.0,0.0
2017-09-04 00:00:00+09:00,7933.904167883934,8078.156970936369,7876.20304666296,7972.37158203125,455792,0.0,0.0
2017-09-05 00:00:00+09:00,7981.989049852117,8087.77444689835,7722.333984375,7722.333984375,539870,0.0,0.0
2017-09-06 00:00:00+09:00,7789.65178414677,7905.054032800796,7683.866389547246,7703.10009765625,324942,0.0,0.0
2017-09-07 00:00:00+09:00,7712.717175911619,7895.437408258652,7703.1003215775645,7780.03515625,357968,0.0,0.0
2017-09-08 00:00:00+09:00,7837.736102438623,7885.820373005731,7645.399020170191,7760.80126953125,279292,0.0,0.0
2017-09-11 00:00:00+09:00,7780.035788662462,8078.158297251506,7780.035788662462,7981.98974609375,510592,0.0,0.0
2017-09-12 00:00:00+09:00,8318.579961634267,8684.020468619356,8183.9439853766025,8626.3193359375,2031567,0.0,0.0
2017-09-13 00:00:00+09:00,8751.336963103848,8962.907746827237,8587.8504484085,8809.0380859375,1399993,0.0,0.0
2017-09-14 00:00:00+09:00,8885.974286196044,9588.004722226684,8876.357430907952,9357.2001953125,2595964,0.0,0.0
2017-09-15 00:00:00+09:00,9241.79701265641,9713.02287490424,9212.946449661646,9414.900390625,1267678,0.0,0.0
2017-09-18 00:00:00+09:00,9539.919158997955,9539.919158997955,9328.348371197597,9405.283203125,536197,0.0,0.0
2017-09-19 00:00:00+09:00,9472.600170272435,9501.450729166667,9136.01031650641,9376.431640625,641418,0.0,0.0
2017-09-20 00:00:00+09:00,9376.432663937832,9424.516934009309,9039.8427734375,9039.8427734375,568163,0.0,0.0
2017-09-21 00:00:00+09:00,9049.459627451795,9232.179853723404,8799.42142308012,9039.8427734375,558581,0.0,0.0
2017-09-25 00:00:00+09:00,8943.67531483209,9761.108004897387,8934.05845965485,9664.939453125,2360080,0.0,0.0
2017-09-26 00:00:00+09:00,9607.23851902174,10049.61386624396,9472.602543780193,9953.4453125,1775842,0.0,0.0
2017-09-27 00:00:00+09:00,9905.361357928534,9905.361357928534,9434.135429250382,9453.369140625,1352193,0.0,0.0
2017-09-28 00:00:00+09:00,9664.9381913289,9809.191000154704,9520.685382503094,9713.0224609375,1049786,0.0,0.0
2017-09-29 00:00:00+09:00,9588.002621762387,9713.02171311937,9376.431851773648,9607.236328125,858876,0.0,0.0
2017-10-10 00:00:00+09:00,9761.108393852699,10482.37256088615,9607.238704885563,10241.951171875,1712814,0.0,0.0
2017-10-11 00:00:00+09:00,10241.950485517393,10434.28758383697,10049.613387197818,10193.8662109375,720382,0.0,0.0
2017-10-12 00:00:00+09:00,10097.69766177771,10338.119034677182,9953.44483803803,10193.8662109375,639337,0.0,0.0
2017-10-13 00:00:00+09:00,10097.697035845587,10338.11839384191,9588.003756893382,9809.19140625,1523620,0.0,0.0
2017-10-16 00:00:00+09:00,9809.19219501202,10049.613572340744,9588.00452786959,10001.529296875,997252,0.0,0.0
2017-10-17 00:00:00+09:00,9953.44483803803,10241.950485517393,9761.107739718454,10193.8662109375,964804,0.0,0.0
2017-10-18 00:00:00+09:00,10193.866898860837,10770.87823275862,9713.024120612685,9761.1083984375,2195128,0.0,0.0
2017-10-19 00:00:00+09:00,10049.613387197818,10290.034760097287,9857.276288878242,10193.8662109375,981248,0.0,0.0
2017-10-20 00:00:00+09:00,10434.287895927602,10867.046380090498,10290.035067873303,10626.625,1814931,0.0,0.0
2017-10-23 00:00:00+09:00,10818.96267815115,11492.142578125,10578.541285303347,11492.142578125,2228334,0.0,0.0
2017-10-24 00:00:00+09:00,11684.477998621323,11732.562270220587,11251.71955422794,11444.056640625,1158726,0.0,0.0
2017-10-25 00:00:00+09:00,11492.141706482438,11780.647356017562,11155.551782024793,11636.39453125,987874,0.0,0.0
2017-10-26 00:00:00+09:00,11636.39453125,11972.984455707645,11347.888881714876,11636.39453125,937566,0.0,0.0
2017-10-27 00:00:00+09:00,11732.563164893618,11732.563164893618,11251.720412234043,11299.8046875,784040,0.0,0.0
2017-10-30 00:00:00+09:00,11540.22685669456,11684.479692403242,11251.721185277196,11492.142578125,785324,0.0,0.0
2017-10-31 00:00:00+09:00,11155.55078125,11299.803593076507,10818.960886988147,11155.55078125,1568778,0.0,0.0
2017-11-01 00:00:00+09:00,11347.88815611472,11395.972427962663,10963.213981331168,11107.466796875,845671,0.0,0.0
2017-11-02 00:00:00+09:00,11059.382993985066,11107.467267871958,10770.877350663717,10867.0458984375,839398,0.0,0.0
2017-11-03 00:00:00+09:00,10963.214446211283,11155.55154175885,10674.708802889934,10867.0458984375,789727,0.0,0.0
2017-11-06 00:00:00+09:00,10915.13013599537,10963.214409722223,10241.950303819443,10386.203125,1549088,0.0,0.0
2017-11-07 00:00:00+09:00,10338.119343891403,10770.8778280543,10145.782239819004,10626.625,1072242,0.0,0.0
2017-11-08 00:00:00+09:00,10674.709470406107,10770.87802419355,10338.119532150058,10434.2880859375,727225,0.0,0.0
2017-11-09 00:00:00+09:00,10530.45683868838,10626.62539429284,10145.78261627054,10241.951171875,507246,0.0,0.0
2017-11-10 00:00:00+09:00,10241.949623001454,10482.37097565407,10193.86535247093,10338.1181640625,473102,0.0,0.0
2017-11-13 00:00:00+09:00,10482.3721719457,10770.8778280543,10434.287895927602,10626.625,892651,0.0,0.0
2017-11-14 00:00:00+09:00,10722.79250592417,11011.298133886256,10049.612707345972,10145.78125,1798614,0.0,0.0
2017-11-15 00:00:00+09:00,10338.11802750927,11588.309044789461,10290.033757613877,11347.8876953125,3827230,0.0,0.0
2017-11-16 00:00:00+09:00,11444.056699810606,11876.815146442099,11011.298253179113,11107.466796875,1922994,0.0,0.0
2017-11-17 00:00:00+09:00,11059.382957175925,11059.382957175925,10386.203125,10386.203125,2151039,0.0,0.0
2017-11-20 00:00:00+09:00,10290.034651614833,10290.034651614833,9809.191910885167,10049.61328125,1834684,0.0,0.0
2017-11-21 00:00:00+09:00,10097.697265625,10193.865811011905,9713.02308407738,10097.697265625,1722171,0.0,0.0
2017-11-22 00:00:00+09:00,10241.950128728693,10674.708584872158,10097.697310014204,10578.5400390625,1375337,0.0,0.0
2017-11-23 00:00:00+09:00,10867.044402591766,12117.2353515625,10818.960135323661,12117.2353515625,7502333,0.0,0.0
2017-11-24 00:00:00+09:00,12069.152229555191,12261.48931687878,11732.562326738911,11924.8994140625,2986414,0.0,0.0
2017-11-27 00:00:00+09:00,12021.067457932691,12501.91015625,11780.646108774039,12501.91015625,2178408,0.0,0.0
2017-11-28 00:00:00+09:00,12357.658571787148,12501.911395582329,11780.647276606425,11972.984375,1900655,0.0,0.0
2017-11-29 00:00:00+09:00,11972.98311328125,12261.48873046875,11732.561765625,12021.0673828125,1467051,0.0,0.0
2017-11-30 00:00:00+09:00,12117.238199529289,12117.238199529289,11444.05829955544,11492.142578125,1475617,0.0,0.0
2017-12-01 00:00:00+09:00,11540.225409836066,11972.983862704918,11251.719774590165,11732.5625,1235990,0.0,0.0
2017-12-04 00:00:00+09:00,11780.646772540984,11876.815317622952,11444.056864754099,11732.5625,849569,0.0,0.0
2017-12-05 00:00:00+09:00,11636.3932265625,12261.48873046875,11588.30895703125,12021.0673828125,1183081,0.0,0.0
2017-12-06 00:00:00+09:00,11972.984375,12261.49002259036,11780.647276606425,11972.984375,999956,0.0,0.0
2017-12-07 00:00:00+09:00,11972.983862704918,11972.983862704918,11492.141137295082,11732.5625,779925,0.0,0.0
2017-12-08 00:00:00+09:00,11780.647440159575,11780.647440159575,11299.8046875,11299.8046875,894378,0.0,0.0
2017-12-11 00:00:00+09:00,11444.056482263513,12501.91044280888,11203.635127594112,12453.826171875,2488064,0.0,0.0
2017-12-12 00:00:00+09:00,12453.82580859375,12598.0786171875,11828.7303046875,12021.0673828125,2016147,0.0,0.0
2017-12-13 00:00:00+09:00,12069.152741322876,12405.742658411562,11924.89991971344,12165.3212890625,1083025,0.0,0.0
2017-12-14 00:00:00+09:00,12165.320430755615,12405.74178314209,12021.06761932373,12309.5732421875,978639,0.0,0.0
2017-12-15 00:00:00+09:00,12261.488647460938,12934.668416341146,12261.488647460938,12694.2470703125,2165238,0.0,0.0
2017-12-18 00:00:00+09:00,12790.416465265289,13848.270458633095,12742.33219283948,13367.427734375,3488510,0.0,0.0
2017-12-19 00:00:00+09:00,13175.090474013741,13896.354551058288,12838.500571392951,13559.7646484375,2349156,0.0,0.0
2017-12-21 00:00:00+09:00,12886.584458705358,13752.101325334821,12742.331647600447,13463.595703125,1362443,0.0,0.0
2017-12-22 00:00:00+09:00,13415.512296931407,13655.933664259926,13127.006656137184,13319.34375,705045,0.0,0.0
2017-12-26 00:00:00+09:00,13463.595703125,13704.017054966518,13271.258621651787,13463.595703125,862597,0.0,0.0
2017-12-27 00:00:00+09:00,13607.850193227312,14136.777232540035,13271.260259119217,13511.681640625,1793948,0.0,0.0
2017-12-28 00:00:00+09:00,13511.680436789773,13704.017524857954,12790.416356534091,13223.1748046875,1823482,0.0,0.0
2018-01-02 00:00:00+09:00,13271.260445926966,13463.597553838952,12742.333399169007,12838.501953125,1428382,0.0,0.0
2018-01-03 00:00:00+09:00,12982.753980513307,12982.753980513307,12646.1640625,12646.1640625,1173122,0.0,0.0
2018-01-04 00:00:00+09:00,12790.41594696045,12838.500217437744,12309.5732421875,12309.5732421875,1156184,0.0,0.0
2018-01-05 00:00:00+09:00,12405.743460323034,12886.586230102996,12357.659183345037,12838.501953125,1048107,0.0,0.0
2018-01-08 00:00:00+09:00,12838.500635901164,12838.500635901164,12357.657915455427,12405.7421875,744310,0.0,0.0
2018-01-09 00:00:00+09:00,12405.742692490494,12886.585432509506,12117.237048479086,12646.1640625,895818,0.0,0.0
2018-01-10 00:00:00+09:00,12501.910504763011,13030.83748765683,12501.910504763011,12934.6689453125,865905,0.0,0.0
2018-01-11 00:00:00+09:00,12982.752521571829,13223.1738645639,12646.162641382929,12886.583984375,774716,0.0,0.0
2018-01-12 00:00:00+09:00,13078.922114463601,13078.922114463601,12453.826572228209,12549.9951171875,734584,0.0,0.0
2018-01-15 00:00:00+09:00,12790.41591796875,13607.84851422991,12598.078836495535,13463.595703125,1459548,0.0,0.0
2018-01-16 00:00:00+09:00,13607.849535290949,13944.439453125,13271.259617456895,13944.439453125,1602078,0.0,0.0
2018-01-17 00:00:00+09:00,14136.77736183449,17069.918243031443,14136.77736183449,15579.3056640625,10354540,0.0,0.0
2018-01-18 00:00:00+09:00,15579.304173197494,16444.821071708466,15146.545723942007,15338.8828125,2415872,0.0,0.0
2018-01-19 00:00:00+09:00,15290.799355996622,16252.48485008446,15290.799355996622,16012.0634765625,2013485,0.0,0.0
2018-01-22 00:00:00+09:00,15915.89453125,16396.737266333083,15531.220343183535,15915.89453125,1336869,0.0,0.0
2018-01-23 00:00:00+09:00,15915.893484715732,16156.314836448599,15386.966510903427,15435.05078125,1063846,0.0,0.0
2018-01-24 00:00:00+09:00,15483.1357421875,15819.725649626358,15146.545834748642,15483.1357421875,840707,0.0,0.0
2018-01-25 00:00:00+09:00,15386.967665615142,15627.389035390379,15194.630569794952,15242.71484375,568667,0.0,0.0
2018-01-26 00:00:00+09:00,15338.883142983042,15867.810147913491,15242.714596632051,15771.6416015625,768230,0.0,0.0
2018-01-29 00:00:00+09:00,15963.977755062306,16012.062025408879,15338.882240556854,15435.05078125,862726,0.0,0.0
2018-01-30 00:00:00+09:00,15483.135454963234,15627.38826976103,15242.71409696691,15531.2197265625,435598,0.0,0.0
2018-01-31 00:00:00+09:00,15338.883576901957,15386.9678514377,14906.125106080272,15050.3779296875,720356,0.0,0.0
2018-02-01 00:00:00+09:00,15194.63004606763,16108.231219723595,15002.292956876901,15819.7255859375,1128752,0.0,0.0
2018-02-02 00:00:00+09:00,15819.724944022586,15867.80921436916,15194.629429517134,15435.05078125,771747,0.0,0.0
2018-02-05 00:00:00+09:00,14906.124711113343,15194.63035068328,14713.787618066719,14954.208984375,801345,0.0,0.0
2018-02-07 00:00:00+09:00,15386.966666666665,15627.388020833332,14425.28125,14425.28125,784609,0.0,0.0
2018-02-08 00:00:00+09:00,14617.619775978916,16108.232318924134,14425.282673663403,15963.9794921875,2137907,0.0,0.0
2018-02-09 00:00:00+09:00,15435.052460819841,16444.82224797628,15290.799634083207,15963.9794921875,1559483,0.0,0.0
2018-02-12 00:00:00+09:00,16300.56668939534,16540.98802699704,15867.808281712278,16252.482421875,1024252,0.0,0.0
2018-02-13 00:00:00+09:00,16348.653144716089,16396.737418671135,15242.71484375,15242.71484375,1185560,0.0,0.0
2018-02-14 00:00:00+09:00,15579.30450886052,15963.978694264482,15435.051689334032,15771.6416015625,748877,0.0,0.0
2018-02-19 00:00:00+09:00,16060.148257902298,16973.74950610632,15915.895429238506,16733.328125,1960649,0.0,0.0
2018-02-20 00:00:00+09:00,16733.325097078403,16733.325097078403,16108.22961931398,16252.482421875,759091,0.0,0.0
2018-02-21 00:00:00+09:00,16060.1455078125,16444.8196517122,15963.976971837576,16060.1455078125,537175,0.0,0.0
2018-02-22 00:00:00+09:00,16012.0634765625,16348.653399493243,15867.810652449325,16012.0634765625,329012,0.0,0.0
2018-02-23 00:00:00+09:00,16060.147959301254,16396.737886592,15771.64230733776,16300.5693359375,448924,0.0,0.0
2018-02-26 00:00:00+09:00,16685.243940157623,16925.665322580644,16108.232622342375,16396.73828125,738971,0.0,0.0
2018-02-27 00:00:00+09:00,16492.90614372702,16637.158967141546,16156.31622242647,16348.6533203125,417566,0.0,0.0
2018-02-28 00:00:00+09:00,16252.482421875,16589.07229451738,16204.39815435466,16252.482421875,378689,0.0,0.0
2018-03-07 00:00:00+09:00,17358.4207729574,17646.926381372206,17021.830896473464,17214.16796875,828746,0.0,0.0
2018-03-08 00:00:00+09:00,17358.423737899117,17743.09794815727,17118.002356487774,17695.013671875,687052,0.0,0.0
2018-03-09 00:00:00+09:00,17743.096220128675,18416.27602251838,17454.590590533087,17983.517578125,1096119,0.0,0.0
2018-03-12 00:00:00+09:00,18175.854607529527,18849.034407808398,17983.517521735565,18320.107421875,1166220,0.0,0.0
2018-03-13 00:00:00+09:00,18416.274540560233,18704.780146939767,18031.600398720857,18560.52734375,567732,0.0,0.0
2018-03-14 00:00:00+09:00,18464.36040609137,18993.287396890864,18368.191862309646,18945.203125,616968,0.0,0.0
2018-03-15 00:00:00+09:00,19089.45703125,19426.046953715366,18560.530010232997,19089.45703125,985291,0.0,0.0
2018-03-16 00:00:00+09:00,19137.54037738022,19618.383100429975,18945.20328816032,19570.298828125,554060,0.0,0.0
2018-03-19 00:00:00+09:00,19666.468303176593,21108.996540573407,19666.468303176593,20387.732421875,1817576,0.0,0.0
2018-03-20 00:00:00+09:00,20628.153501838235,20964.743419117647,19762.636571691175,20435.81640625,1206641,0.0,0.0
2018-03-21 00:00:00+09:00,20339.647786458332,20387.732060185186,19185.625217013887,19474.130859375,1603583,0.0,0.0
2018-03-22 00:00:00+09:00,19474.13078826608,19906.88925022755,19426.046514714806,19810.720703125,654312,0.0,0.0
2018-03-23 00:00:00+09:00,19137.54087340716,20580.069079945388,19089.456599855886,19810.720703125,893202,0.0,0.0
2018-03-26 00:00:00+09:00,20003.057096962617,20580.068359375,19714.551465756424,20580.068359375,905722,0.0,0.0
2018-03-27 00:00:00+09:00,21108.99326628619,21782.173005985525,20772.403396436526,21589.8359375,1554081,0.0,0.0
2018-03-28 00:00:00+09:00,21637.921021316226,23465.12324089404,21205.1626008899,21782.173828125,2780856,0.0,0.0
2018-03-29 00:00:00+09:00,22118.763956971678,22455.35384327342,21301.33137595316,22070.6796875,832653,0.0,0.0
2018-03-30 00:00:00+09:00,22311.09989200864,22551.521227051835,21926.425755939526,22263.015625,497784,0.0,0.0
2018-04-02 00:00:00+09:00,22359.18896484375,23320.87451171875,22359.18896484375,23080.453125,948657,0.0,0.0
2018-04-03 00:00:00+09:00,23128.53681762189,23609.37957890301,22599.609780212657,23176.62109375,987647,0.0,0.0
2018-04-04 00:00:00+09:00,23176.619563035332,23176.619563035332,21782.175647417025,22455.35546875,1128278,0.0,0.0
2018-04-05 00:00:00+09:00,22888.11413957399,22888.11413957399,21060.91175028027,21445.5859375,1578360,0.0,0.0
2018-04-06 00:00:00+09:00,21493.669988458805,22070.68126331676,20772.405894886364,21157.080078125,1243727,0.0,0.0
2018-04-09 00:00:00+09:00,20868.575145509978,21878.3449106153,20868.575145509978,21686.0078125,1112244,0.0,0.0
2018-04-10 00:00:00+09:00,21686.007522988108,22166.850261857024,21541.754701327434,21734.091796875,572127,0.0,0.0
2018-04-11 00:00:00+09:00,22022.596452945403,22070.680724676724,20676.23684446839,20916.658203125,880290,0.0,0.0
2018-04-12 00:00:00+09:00,20916.65974069149,21012.828291223406,19474.131482712768,20339.6484375,1604805,0.0,0.0
2018-04-13 00:00:00+09:00,20916.659145220587,21157.08051470588,20435.81640625,20435.81640625,928923,0.0,0.0
2018-04-16 00:00:00+09:00,20676.23459201389,21734.08845486111,20531.981792534723,21637.919921875,1251734,0.0,0.0
2018-04-17 00:00:00+09:00,22022.595612089513,23128.53381968353,22022.595612089513,22695.775390625,2009681,0.0,0.0
2018-04-18 00:00:00+09:00,23080.448113207545,23224.700913915094,22503.436910377357,22936.1953125,819308,0.0,0.0
2018-04-19 00:00:00+09:00,22840.02799904684,22888.11226851852,21253.24710648148,22070.6796875,1264844,0.0,0.0
2018-04-20 00:00:00+09:00,22070.679973219158,22311.101323689956,21589.837272277564,22022.595703125,357415,0.0,0.0
2018-04-23 00:00:00+09:00,22022.59699041193,22022.59699041193,20724.321621981533,21157.080078125,704433,0.0,0.0
2018-04-24 00:00:00+09:00,21060.9112457483,21686.00678500567,20724.32133999433,21205.1640625,311371,0.0,0.0
2018-04-25 00:00:00+09:00,20964.7443438914,22022.59841628959,20676.238687782807,21253.25,461568,0.0,0.0
2018-04-26 00:00:00+09:00,21541.75396825397,21782.175329506805,21205.1640625,21205.1640625,256898,0.0,0.0
2018-04-27 00:00:00+09:00,21349.417103607382,21686.007012898488,21205.164285339764,21493.669921875,293230,0.0,0.0
2018-04-30 00:00:00+09:00,21493.671260380244,21493.671260380244,20195.395815122378,20628.154296875,806240,0.0,0.0
2018-05-02 00:00:00+09:00,20435.816333912036,21012.82761863426,18272.024016203704,19474.130859375,5215151,0.0,0.0
2018-05-03 00:00:00+09:00,19281.79502566425,20291.564839975843,19281.79502566425,19906.890625,1413449,0.0,0.0
2018-05-04 00:00:00+09:00,20147.311506723716,20243.48005806846,19570.30019865526,19666.46875,582791,0.0,0.0
2018-05-08 00:00:00+09:00,19906.889097744363,20147.31046365915,19137.540726817042,19185.625,659443,0.0,0.0
2018-05-09 00:00:00+09:00,19233.709273182958,19233.709273182958,17358.42261904762,19185.625,1536669,0.0,0.0
2018-05-10 00:00:00+09:00,19329.879087467783,19426.047640141755,18416.277837065078,18656.69921875,533009,0.0,0.0
2018-05-11 00:00:00+09:00,18368.189945059225,19474.12808311253,18368.189945059225,19281.791015625,672373,0.0,0.0
2018-05-14 00:00:00+09:00,19185.62166466346,19281.790194310895,18320.10489783654,18752.86328125,666230,0.0,0.0
2018-05-15 00:00:00+09:00,18945.205087560385,20003.05917874396,18945.205087560385,19906.890625,1126883,0.0,0.0
2018-05-16 00:00:00+09:00,20435.81626388098,21541.754555808657,20243.479169632687,21108.99609375,1913067,0.0,0.0
2018-05-17 00:00:00+09:00,20387.73213235294,20916.659145220587,20147.310762867644,20435.81640625,854704,0.0,0.0
2018-05-18 00:00:00+09:00,20531.985376144163,21253.24949942792,20531.985376144163,21012.828125,747201,0.0,0.0
2018-05-21 00:00:00+09:00,21157.0814479638,21782.177036199097,21060.912895927602,21253.25,725050,0.0,0.0
2018-05-23 00:00:00+09:00,21493.667166893636,21830.257033041857,20820.48743459719,20964.740234375,529848,0.0,0.0
2018-05-24 00:00:00+09:00,21012.827476877803,21734.091577914798,20435.816196048207,21445.5859375,647855,0.0,0.0
2018-05-25 00:00:00+09:00,21445.5859375,21974.51294492713,21157.080297085202,21445.5859375,660695,0.0,0.0
2018-05-28 00:00:00+09:00,21397.50124983053,22311.10242678959,20676.237162757592,22166.849609375,874981,0.0,0.0
2018-05-29 00:00:00+09:00,22359.1861846301,24042.13568239796,22166.84909917092,23561.29296875,1958850,0.0,0.0
2018-05-30 00:00:00+09:00,23561.293256326688,23849.79888803681,23032.36626485813,23513.208984375,917628,0.0,0.0
2018-05-31 00:00:00+09:00,23705.54601263231,23945.967371786795,22936.197663337956,23849.798828125,1077476,0.0,0.0
2018-06-01 00:00:00+09:00,23849.797687500002,25099.988695312502,23561.292070312502,24042.134765625,939568,0.0,0.0
2018-06-04 00:00:00+09:00,24282.55859375,24667.232789294554,23513.21020266089,24282.55859375,589170,0.0,0.0
2018-06-05 00:00:00+09:00,23801.71497368763,24186.38915508056,22936.198065553534,23128.53515625,855007,0.0,0.0
2018-06-07 00:00:00+09:00,23320.87451171875,23417.043066406248,22551.52607421875,23080.453125,633498,0.0,0.0
2018-06-08 00:00:00+09:00,23080.450536809818,23561.293256326688,22695.77636119632,23513.208984375,349325,0.0,0.0
2018-06-11 00:00:00+09:00,23561.2953027749,23753.632407287347,22984.283989237552,23176.62109375,334689,0.0,0.0
2018-06-12 00:00:00+09:00,22984.281432981163,23753.62976546589,22791.94434985998,23609.376953125,378286,0.0,0.0
2018-06-14 00:00:00+09:00,23224.7039230942,23945.968020084703,23080.451103696098,23417.041015625,1436302,0.0,0.0
2018-06-15 00:00:00+09:00,23368.95610981603,24619.147177419356,23320.87183798513,23849.798828125,670462,0.0,0.0
2018-06-18 00:00:00+09:00,23945.96891141529,24186.39028602789,23032.367687887396,23272.7890625,388676,0.0,0.0
2018-06-19 00:00:00+09:00,23465.124540441175,23849.798713235294,22888.11328125,22888.11328125,324513,0.0,0.0
2018-06-20 00:00:00+09:00,22840.029177051383,23561.293256326688,22840.029177051383,23513.208984375,386590,0.0,0.0
2018-06-21 00:00:00+09:00,23609.377247584685,25484.663831405058,23609.377247584685,25196.158203125,1826593,0.0,0.0
2018-06-22 00:00:00+09:00,25148.073988303917,25388.49534574468,24330.641373005317,24859.568359375,685057,0.0,0.0
2018-06-25 00:00:00+09:00,25099.990960041996,25148.075233911808,24090.22120877594,24330.642578125,573417,0.0,0.0
2018-06-26 00:00:00+09:00,23849.800612745097,24571.064744178922,23801.71633731618,24522.98046875,443181,0.0,0.0
2018-06-27 00:00:00+09:00,24522.979965965347,24763.401338180694,24186.390044863863,24282.55859375,278935,0.0,0.0
2018-06-28 00:00:00+09:00,24330.64171475933,24715.315892067778,23994.05180961444,24474.89453125,300417,0.0,0.0
2018-06-29 00:00:00+09:00,24715.314371744793,25388.494140625,24234.4716796875,25388.494140625,574043,0.0,0.0
2018-07-02 00:00:00+09:00,25628.914453900048,25676.998721168155,24234.470703125,24234.470703125,561286,0.0,0.0
2018-07-03 00:00:00+09:00,24619.147169811324,25484.6640625,24571.062897995285,25484.6640625,845306,0.0,0.0
2018-07-04 00:00:00+09:00,25340.41049117895,25532.747572705925,24426.80935392582,24955.736328125,512177,0.0,0.0
2018-07-05 00:00:00+09:00,25051.90839574088,25051.90839574088,24138.307129869332,24378.728515625,405193,0.0,0.0
2018-07-06 00:00:00+09:00,24571.063014777134,24811.484375,23561.293301841088,24811.484375,586309,0.0,0.0
2018-07-09 00:00:00+09:00,25003.819461042065,25436.57787479087,24330.6397063217,25148.072265625,673691,0.0,0.0
2018-07-10 00:00:00+09:00,25484.664246684675,25532.74851884823,24186.388898268662,24474.89453125,774001,0.0,0.0
2018-07-11 00:00:00+09:00,23945.967371786795,24330.641546433973,23753.63028446321,23849.798828125,468379,0.0,0.0
2018-07-12 00:00:00+09:00,23849.79865812379,24907.65263086315,23849.79865812379,24859.568359375,541269,0.0,0.0
2018-07-13 00:00:00+09:00,24859.56607216283,25965.504214638157,24715.313270970393,25580.830078125,1040054,0.0,0.0
2018-07-16 00:00:00+09:00,25436.57787479087,25676.99921576243,24859.56665645913,25148.072265625,483851,0.0,0.0
2018-07-17 00:00:00+09:00,25099.99006937623,25099.99006937623,24378.725986922887,24474.89453125,536606,0.0,0.0
2018-07-18 00:00:00+09:00,24715.315481505102,24907.652566964283,23368.955883290815,23561.29296875,628450,0.0,0.0
2018-07-19 00:00:00+09:00,23753.628733188292,23753.628733188292,21974.5107916337,22791.943359375,933894,0.0,0.0
2018-07-20 00:00:00+09:00,22791.945247531185,23465.125064968815,22407.271066138255,23128.53515625,594691,0.0,0.0
2018-07-23 00:00:00+09:00,23128.53243115551,23128.53243115551,22118.76282397408,22263.015625,521873,0.0,0.0
2018-07-24 00:00:00+09:00,22263.017242237263,23176.618381767516,22070.68016023089,22647.69140625,492834,0.0,0.0
2018-07-25 00:00:00+09:00,22695.776672632157,22695.776672632157,21637.922675178965,21830.259765625,634781,0.0,0.0
2018-07-26 00:00:00+09:00,22166.8486066366,23320.87109375,21830.258714561856,23320.87109375,602036,0.0,0.0
2018-07-27 00:00:00+09:00,23032.367687887396,23705.547536802685,22840.030588197315,23272.7890625,338242,0.0,0.0
2018-07-30 00:00:00+09:00,23128.534162850214,23128.534162850214,22214.933021282326,22311.1015625,338789,0.0,0.0
2018-07-31 00:00:00+09:00,22214.93394651707,22214.93394651707,21108.995676452367,21830.259765625,784722,0.0,0.0
2018-08-01 00:00:00+09:00,21830.260201515557,22407.271484375,21686.007380800696,22407.271484375,412102,0.0,0.0
2018-08-02 00:00:00+09:00,22214.93359375,22551.523496685604,21782.175147118505,22214.93359375,292633,0.0,0.0
2018-08-03 00:00:00+09:00,22407.27010371767,22743.859997979525,21878.343127020475,22311.1015625,210196,0.0,0.0
2018-08-06 00:00:00+09:00,22311.10255872483,22311.10255872483,21349.417103607382,21493.669921875,336196,0.0,0.0
2018-08-07 00:00:00+09:00,21205.16457048767,21493.670210902466,20628.153289658072,21445.5859375,472983,0.0,0.0
2018-08-08 00:00:00+09:00,21686.00553172658,22599.606651688453,21637.921262254902,22070.6796875,514311,0.0,0.0
2018-08-09 00:00:00+09:00,22070.68020945582,22455.354374326507,21830.258856411638,22311.1015625,174127,0.0,0.0
2018-08-10 00:00:00+09:00,22166.84814349894,22888.112182875262,22166.84814349894,22743.859375,294234,0.0,0.0
2018-08-13 00:00:00+09:00,22455.355244204176,22791.94515150488,21974.512519488882,22166.849609375,292702,0.0,0.0
2018-08-14 00:00:00+09:00,22407.270847039475,23080.450657894737,22070.68094161184,22840.029296875,543239,0.0,0.0
2018-08-16 00:00:00+09:00,22359.187021218386,25099.990591561284,22166.849928562744,24715.31640625,1613101,0.0,0.0
2018-08-17 00:00:00+09:00,24955.735717773438,25917.421101888023,24619.145833333336,25388.494140625,1064655,0.0,0.0
2018-08-20 00:00:00+09:00,25628.916251159553,26638.68593460111,25532.747709879408,25917.421875,1163644,0.0,0.0
2018-08-21 00:00:00+09:00,25917.421905677355,27600.37138007199,25917.421905677355,27552.287109375,1297289,0.0,0.0
2018-08-22 00:00:00+09:00,27744.62608432112,28321.637372036635,26975.27770070043,27888.87890625,942907,0.0,0.0
2018-08-23 00:00:00+09:00,27888.87763900502,29283.32152095527,27552.287736465303,28754.39453125,1457839,0.0,0.0
2018-08-24 00:00:00+09:00,28850.56168729027,29090.983034684356,28033.12910615038,28658.224609375,769477,0.0,0.0
2018-08-27 00:00:00+09:00,28946.7308419586,30196.921875,28754.39375995223,30196.921875,1115653,0.0,0.0
2018-08-28 00:00:00+09:00,30485.42819393382,31062.439453125,29042.90004595588,29427.57421875,1140281,0.0,0.0
2018-08-29 00:00:00+09:00,29571.82883948183,30245.00868298223,29042.901819588657,30100.755859375,626895,0.0,0.0
2018-08-30 00:00:00+09:00,29667.999502447587,30725.853617607794,29667.999502447587,30389.263671875,575750,0.0,0.0
2018-08-31 00:00:00+09:00,30196.926647286822,31447.117877906978,29956.505256782948,31014.359375,733410,0.0,0.0
2018-09-03 00:00:00+09:00,31206.692911719976,31350.94572949372,30004.586096938776,30629.681640625,649379,0.0,0.0
2018-09-04 00:00:00+09:00,30629.681640625,30870.10300358124,30245.007459895016,30629.681640625,407976,0.0,0.0
2018-09-05 00:00:00+09:00,30773.933881064164,31350.945141334116,30533.512522618348,30725.849609375,487763,0.0,0.0
2018-09-06 00:00:00+09:00,30773.934899845917,31735.6203654661,30100.755073911787,31206.693359375,549316,0.0,0.0
2018-09-07 00:00:00+09:00,31302.86715323465,33033.90128152412,31254.782871893276,32889.6484375,892691,0.0,0.0
2018-09-10 00:00:00+09:00,32889.64397998862,33130.06535411134,31254.7786359541,31687.537109375,859360,0.0,0.0
2018-09-11 00:00:00+09:00,31591.368480785473,32937.72817250845,31302.862832559123,32024.126953125,548973,0.0,0.0
2018-09-12 00:00:00+09:00,32312.630798969072,33322.400511436856,32216.46225492452,32649.220703125,580835,0.0,0.0
2018-09-13 00:00:00+09:00,32985.814064751445,33370.48828125,31976.044246442725,33370.48828125,380827,0.0,0.0
2018-09-14 00:00:00+09:00,33658.99335488505,33947.49901221264,32793.4763829023,33466.65625,387811,0.0,0.0
2018-09-17 00:00:00+09:00,33514.734347256745,33851.32421875,32937.7231389826,33851.32421875,281897,0.0,0.0
2018-09-18 00:00:00+09:00,33370.48323334527,33899.41020102077,33178.146154190545,33562.8203125,261706,0.0,0.0
2018-09-19 00:00:00+09:00,33562.82381906549,35390.026261937244,33466.65526944066,35245.7734375,834541,0.0,0.0
2018-09-20 00:00:00+09:00,35438.11269451962,36207.461138362654,34861.101361637346,35534.28125,651985,0.0,0.0
2018-09-21 00:00:00+09:00,35582.35378244535,36015.112139258876,34668.752806950135,35197.6796875,1176963,0.0,0.0
2018-09-27 00:00:00+09:00,35293.85720724588,35918.95277086195,34909.18301425137,35005.3515625,396928,0.0,0.0
2018-09-28 00:00:00+09:00,35245.772784703506,35726.61552392183,34476.42440195417,35678.53125,456017,0.0,0.0
2018-10-01 00:00:00+09:00,36736.38338664698,37265.31037258038,35967.03504347113,36640.21484375,690968,0.0,0.0
2018-10-02 00:00:00+09:00,36928.72469635627,37313.39891194332,34909.18506452429,35630.44921875,704722,0.0,0.0
2018-10-04 00:00:00+09:00,35774.698642761396,35918.951459869306,34524.50756115952,35870.8671875,554954,0.0,0.0
2018-10-05 00:00:00+09:00,35390.03087846763,37024.89643535337,34909.18806761889,36399.80078125,528710,0.0,0.0
2018-10-08 00:00:00+09:00,36544.04659559835,37265.31067314305,32985.810479711145,34957.265625,724221,0.0,0.0
2018-10-10 00:00:00+09:00,35005.342640027324,35534.26952057718,33130.05642716872,35197.6796875,868117,0.0,0.0
2018-10-11 00:00:00+09:00,34091.75390625,35053.439488936885,33658.9953940409,34091.75390625,690820,0.0,0.0
2018-10-12 00:00:00+09:00,34139.834702236476,35438.110106406035,33851.32905686546,34668.76171875,629674,0.0,0.0
2018-10-15 00:00:00+09:00,35101.51627057073,35870.86457239146,33995.578086703434,34332.16796875,509203,0.0,0.0
2018-10-16 00:00:00+09:00,34668.76482466927,36015.12462368555,34332.174874915196,35438.11328125,489885,0.0,0.0
2018-10-17 00:00:00+09:00,36688.297444768396,36832.550252545996,35630.44352106603,36592.12890625,528470,0.0,0.0
2018-10-18 00:00:00+09:00,37169.14669316644,37169.14669316644,35534.28125,35534.28125,524208,0.0,0.0
2018-10-19 00:00:00+09:00,34909.182171421504,36688.30027106695,34668.76080660455,36447.87890625,744345,0.0,0.0
2018-10-22 00:00:00+09:00,36159.37196679438,37649.984375,36063.2034243295,37649.984375,527124,0.0,0.0
2018-10-23 00:00:00+09:00,37649.97992147333,38275.075373553984,37024.88446939267,37409.55859375,623355,0.0,0.0
2018-10-24 00:00:00+09:00,37794.23704007057,37842.32131111391,29139.068252268145,29812.248046875,5650301,0.0,0.0
2018-10-25 00:00:00+09:00,29331.405733471074,30918.186699380163,28129.298941115703,29090.984375,3092540,0.0,0.0
2018-10-26 00:00:00+09:00,29812.249301437045,29908.417847570712,25965.50745609033,26350.181640625,4547037,0.0,0.0
2018-10-29 00:00:00+09:00,26782.939938668223,27359.95121203271,25196.158936915886,25725.0859375,2481776,0.0,0.0
2018-10-30 00:00:00+09:00,25869.338445723686,27792.70933388158,24667.231640625,27408.03515625,2804844,0.0,0.0
2018-10-31 00:00:00+09:00,27840.795000409747,28033.132098858172,26398.266762046547,27504.205078125,1255758,0.0,0.0
2018-11-01 00:00:00+09:00,27985.045347597756,30004.584702579035,27792.708266170965,28898.646484375,1931594,0.0,0.0
2018-11-02 00:00:00+09:00,29331.40634300595,30341.17606956845,28465.889434523808,30293.091796875,1186137,0.0,0.0
2018-11-05 00:00:00+09:00,30100.75461065574,30100.75461065574,28994.816342213115,29331.40625,779908,0.0,0.0
2018-11-06 00:00:00+09:00,29716.082199399832,30245.00922883899,28321.638212696605,29042.90234375,795812,0.0,0.0
2018-11-07 00:00:00+09:00,29042.899986645298,29139.068529647437,27408.034755608973,28129.298828125,816627,0.0,0.0
2018-11-08 00:00:00+09:00,28562.056497713413,28850.56211890244,27408.034012957316,27600.37109375,875995,0.0,0.0
2018-11-09 00:00:00+09:00,27456.12002035189,28610.142578125,26350.181735819326,28610.142578125,852449,0.0,0.0
2018-11-12 00:00:00+09:00,28273.552951388887,30196.923900462964,27985.047309027777,29860.333984375,1393892,0.0,0.0
2018-11-13 00:00:00+09:00,29475.65929066051,29908.417746803978,27648.45692027699,29619.912109375,1679784,0.0,0.0
2018-11-14 00:00:00+09:00,29716.08006614264,31687.53521616181,29139.068802722395,31350.9453125,1634918,0.0,0.0
2018-11-15 00:00:00+09:00,31495.199428824493,33418.570386309955,31447.115154887357,33081.98046875,1320019,0.0,0.0
2018-11-16 00:00:00+09:00,33274.31531204644,33947.49510159651,32312.629898403484,33130.0625,989699,0.0,0.0
2018-11-19 00:00:00+09:00,33033.896774781344,33418.57097303207,32216.464103498543,32985.8125,584497,0.0,0.0
2018-11-20 00:00:00+09:00,32216.45923862796,33658.98726423817,32168.374971107616,32504.96484375,708072,0.0,0.0
2018-11-21 00:00:00+09:00,32072.20703125,32312.628373313346,30437.341905219266,32072.20703125,828374,0.0,0.0
2018-11-22 00:00:00+09:00,32264.545595777672,32264.545595777672,31350.944453721375,31495.197265625,383634,0.0,0.0
2018-11-23 00:00:00+09:00,31206.69372196763,31879.87355572348,30773.935257410296,30822.01953125,405318,0.0,0.0
2018-11-26 00:00:00+09:00,31158.612095424105,32360.719043550034,31014.359261648995,32312.634765625,524882,0.0,0.0
2018-11-27 00:00:00+09:00,32697.308989025296,32937.730378650485,31735.623430524553,32312.634765625,392362,0.0,0.0
2018-11-28 00:00:00+09:00,32456.883212002842,32456.883212002842,31735.619140625,31735.619140625,334342,0.0,0.0
2018-11-29 00:00:00+09:00,32312.63157393293,32360.715847108422,31350.94611042302,31543.283203125,417206,0.0,0.0
2018-11-30 00:00:00+09:00,31591.369818793402,31879.875479239003,30918.18994442033,31158.611328125,382558,0.0,0.0
2018-12-03 00:00:00+09:00,31495.198999061053,31591.367545623074,30870.103446407935,31206.693359375,347891,0.0,0.0
2018-12-04 00:00:00+09:00,31014.35641285876,32024.12615653323,31014.35641285876,31831.7890625,405249,0.0,0.0
2018-12-05 00:00:00+09:00,31206.69155553344,31543.281449044585,29619.91062898089,30196.921875,783086,0.0,0.0
2018-12-06 00:00:00+09:00,30052.672127224752,30389.26205504967,28465.891038907284,29042.90234375,841146,0.0,0.0
2018-12-07 00:00:00+09:00,29427.573361280487,30100.753144054877,28754.393578506097,29571.826171875,482732,0.0,0.0
2018-12-10 00:00:00+09:00,28850.561928986714,29475.65743744809,28658.224849460134,28946.73046875,288790,0.0,0.0
2018-12-11 00:00:00+09:00,28802.477417811453,29475.657190514892,28465.88753145973,28658.224609375,420743,0.0,0.0
2018-12-12 00:00:00+09:00,28658.225873161766,29475.658490349266,28465.888786764706,29427.57421875,298037,0.0,0.0
2018-12-13 00:00:00+09:00,29764.164638624396,29860.333183498788,29139.069096940846,29667.99609375,343543,0.0,0.0
2018-12-14 00:00:00+09:00,29523.74428080144,30389.261214114835,29379.49145858254,30148.83984375,452044,0.0,0.0
2018-12-17 00:00:00+09:00,29956.501516464472,30100.754332755634,27408.035095320625,27744.625,1197389,0.0,0.0
2018-12-18 00:00:00+09:00,27119.528902202073,27985.045782059584,26494.433377860536,27840.79296875,519227,0.0,0.0
2018-12-19 00:00:00+09:00,27840.79308939378,29187.152686117486,27408.03464758973,28802.478515625,544093,0.0,0.0
2018-12-20 00:00:00+09:00,28658.22633739407,29716.080329713983,27840.793706965043,28369.720703125,438223,0.0,0.0
2018-12-21 00:00:00+09:00,28177.385386485927,29090.98661915356,28081.216835678806,29042.90234375,363982,0.0,0.0
2018-12-24 00:00:00+09:00,28946.729547405088,30293.089061237883,28610.13966894689,29764.162109375,588924,0.0,0.0
2018-12-26 00:00:00+09:00,28946.735333020173,30725.853617607794,28802.48249913469,30389.263671875,798171,0.0,0.0
2018-12-27 00:00:00+09:00,30989.74691280242,31182.829448084678,29686.439799647178,29927.79296875,498965,122.0,0.0
2018-12-28 00:00:00+09:00,29879.5232696281,30265.688352272726,28817.56929235537,29203.734375,526977,0.0,0.0
2019-01-02 00:00:00+09:00,29445.08871423193,29734.712537650605,27948.69895990211,28045.240234375,480380,0.0,0.0
2019-01-03 00:00:00+09:00,28141.780490834808,28624.486845737632,27272.90905200972,27321.1796875,460683,0.0,0.0
2019-01-04 00:00:00+09:00,27321.179597107435,29252.005010330577,27128.09705578512,29203.734375,486586,0.0,0.0
2019-01-07 00:00:00+09:00,29782.983082261762,31038.01964650618,29348.547348484848,30265.689453125,873397,0.0,0.0
2019-01-08 00:00:00+09:00,30507.04126984127,30700.123809523808,29734.71111111111,30410.5,356473,0.0,0.0
2019-01-09 00:00:00+09:00,30555.310797593105,30748.39333027932,29879.52193319136,30458.76953125,375678,0.0,0.0
2019-01-10 00:00:00+09:00,30217.417460317458,30555.311904761904,29782.981746031746,30410.5,222596,0.0,0.0
2019-01-11 00:00:00+09:00,29927.795181027508,30072.60709319377,28624.487971531147,29831.25390625,810534,0.0,0.0
2019-01-14 00:00:00+09:00,29734.712631472492,30120.877730582524,29541.630081917476,29831.25390625,331373,0.0,0.0
2019-01-15 00:00:00+09:00,29831.253503177162,32341.326613476856,29831.253503177162,31810.349609375,1612179,0.0,0.0
2019-01-16 00:00:00+09:00,31955.15905448718,32099.97095352564,31327.64082532051,32003.4296875,456478,0.0,0.0
2019-01-17 00:00:00+09:00,32003.432193396227,32051.70283018868,30362.23054245283,30700.125,577786,0.0,0.0
2019-01-18 00:00:00+09:00,30893.206951026856,30893.206951026856,30024.335505529223,30555.3125,410069,0.0,0.0
2019-01-21 00:00:00+09:00,30603.58149549696,30893.205295138887,27224.637166341145,27803.884765625,2470455,0.0,0.0
2019-01-22 00:00:00+09:00,27900.426721149746,28383.133065806316,27128.09656969923,28286.591796875,804117,0.0,0.0
2019-01-23 00:00:00+09:00,27996.96635812953,27996.96635812953,26259.22361865942,26645.388671875,2101245,0.0,0.0
2019-01-24 00:00:00+09:00,26693.66159742482,27369.450498625447,26404.03778262455,26886.744140625,913856,0.0,0.0
2019-01-25 00:00:00+09:00,26597.11898716518,27272.907854352678,26597.11898716518,27031.5546875,645265,0.0,0.0
2019-01-28 00:00:00+09:00,27079.82720318151,27176.368476633135,26548.850199197557,26693.662109375,563754,0.0,0.0
2019-01-29 00:00:00+09:00,26645.391472649186,27031.556566455696,26452.308925745932,26693.662109375,425363,0.0,0.0
2019-01-30 00:00:00+09:00,26886.741581114624,26983.28284352437,26645.388425090256,26741.9296875,456317,0.0,0.0
2019-01-31 00:00:00+09:00,26886.742976916375,27755.6143837108,26741.93107578397,27707.34375,946660,0.0,0.0
2019-02-01 00:00:00+09:00,27755.616530696905,27948.699080475664,27031.55696902655,27272.91015625,491108,0.0,0.0
2019-02-07 00:00:00+09:00,27417.719699435762,28093.508565266926,27224.637166341145,27803.884765625,593123,0.0,0.0
2019-02-08 00:00:00+09:00,27369.450658794878,27755.615747455122,27321.180022712346,27562.533203125,330131,0.0,0.0
2019-02-11 00:00:00+09:00,27852.15440723994,28334.86072279003,27659.071881019907,28190.048828125,735399,0.0,0.0
2019-02-12 00:00:00+09:00,29155.462441934123,29348.544974662163,28190.04977829392,28576.21484375,857381,0.0,0.0
2019-02-13 00:00:00+09:00,29010.650797801907,29058.921431408897,28045.238125662076,28479.673828125,569469,0.0,0.0
2019-02-14 00:00:00+09:00,28527.943249010063,28576.21388056507,27948.69567034996,28190.048828125,348211,0.0,0.0
2019-02-15 00:00:00+09:00,28286.59138792923,28962.380260678394,28286.59138792923,28817.568359375,784452,0.0,0.0
2019-02-18 00:00:00+09:00,29155.463654891304,29203.734290081524,28576.216032608696,28865.83984375,479229,0.0,0.0
2019-02-19 00:00:00+09:00,28865.83915284864,28865.83915284864,28286.591544430274,28383.1328125,335620,0.0,0.0
2019-02-20 00:00:00+09:00,28286.59104465794,28769.29737647804,28286.59104465794,28576.21484375,355258,0.0,0.0
2019-02-21 00:00:00+09:00,28576.216366086235,29541.629081156716,28527.94573033271,29107.193359375,1029987,0.0,0.0
2019-02-22 00:00:00+09:00,29107.193277448616,29107.193277448616,28286.592471948406,28769.298828125,408958,0.0,0.0
2019-02-25 00:00:00+09:00,28769.298828125,28962.381370595638,28431.404378801384,28769.298828125,340765,0.0,0.0
2019-02-26 00:00:00+09:00,28624.48598267432,28865.83915284864,27562.532033907315,28383.1328125,494729,0.0,0.0
2019-02-27 00:00:00+09:00,28238.32192887931,28527.945743534485,27755.61557112069,27996.96875,462408,0.0,0.0
2019-02-28 00:00:00+09:00,27900.424814967104,28286.589864309208,27514.259765625,27514.259765625,407684,0.0,0.0
2019-03-04 00:00:00+09:00,27707.34289785122,28045.237323434772,27562.531001172556,27659.072265625,416583,0.0,0.0
2019-03-05 00:00:00+09:00,27659.073116289197,28093.50881968641,27562.531848867595,27707.34375,233279,0.0,0.0
2019-03-06 00:00:00+09:00,27996.9681640625,29058.922128906248,27852.156259765623,28962.380859375,1050258,0.0,0.0
2019-03-07 00:00:00+09:00,29252.003347263628,29493.356510194848,27996.966900021296,28334.861328125,549283,0.0,0.0
2019-03-08 00:00:00+09:00,28576.215531561462,29107.19250934385,27852.156016403653,29058.921875,508386,0.0,0.0
2019-03-11 00:00:00+09:00,29155.46423026843,30313.959497696316,27755.615782126402,30120.876953125,1843450,0.0,0.0
2019-03-12 00:00:00+09:00,30651.852175500833,30893.20534223706,28334.861774833054,28914.109375,2286831,0.0,0.0
2019-03-13 00:00:00+09:00,29155.4633984375,29879.522919921874,28141.780068359374,28962.380859375,1272701,0.0,0.0
2019-03-14 00:00:00+09:00,28962.38234186747,29010.652979103917,28045.240234375,28045.240234375,766347,0.0,0.0
2019-03-15 00:00:00+09:00,27900.426704040852,28045.238607349023,27031.55528419183,27176.3671875,1050787,0.0,0.0
2019-03-18 00:00:00+09:00,27224.638750547285,28141.78083611537,27224.638750547285,27562.533203125,672284,0.0,0.0
2019-03-19 00:00:00+09:00,27852.157098156356,28045.239643030924,27417.72137218858,27900.427734375,443571,0.0,0.0
2019-03-20 00:00:00+09:00,27948.6973556154,28334.862431340658,27514.26164542449,28286.591796875,415690,0.0,0.0
2019-03-21 00:00:00+09:00,27707.342512574916,28431.401985900044,27707.342512574916,28190.048828125,605772,0.0,0.0
2019-03-22 00:00:00+09:00,28045.239213046476,28576.216203310698,27948.697942089348,28431.404296875,486598,0.0,0.0
2019-03-25 00:00:00+09:00,28383.1328125,29155.46295705782,27900.42647215136,28383.1328125,776116,0.0,0.0
2019-03-26 00:00:00+09:00,28769.29747495826,29252.003808430716,28527.944308222035,28914.109375,611339,0.0,0.0
2019-03-27 00:00:00+09:00,29203.733685661766,29203.733685661766,28527.944806985295,28721.02734375,427395,0.0,0.0
2019-03-28 00:00:00+09:00,28672.757556889683,29058.922641830955,28576.216285654362,28769.298828125,305052,0.0,0.0
2019-03-29 00:00:00+09:00,28914.112047864244,29879.52480405337,28721.02949662642,29734.712890625,756199,0.0,0.0
2019-04-01 00:00:00+09:00,29976.066607306984,30265.69043926164,29445.089582056782,29541.630859375,509843,0.0,0.0
2019-04-02 00:00:00+09:00,29589.897276509288,31713.805074496904,29541.626644736843,31182.828125,2176308,0.0,0.0
2019-04-03 00:00:00+09:00,31182.831514423076,31520.72597355769,31038.019603365385,31375.9140625,596521,0.0,0.0
2019-04-04 00:00:00+09:00,31375.913213838598,31858.619570974577,31134.56003527061,31327.642578125,582346,0.0,0.0
2019-04-05 00:00:00+09:00,31520.72597355769,32872.30381009615,31086.290240384613,31375.9140625,1463431,0.0,0.0
2019-04-08 00:00:00+09:00,31424.184888723674,31762.079349892745,30651.854691765795,30941.478515625,505836,0.0,0.0
2019-04-09 00:00:00+09:00,31086.286751760563,31134.557383362673,30410.497909330985,30844.93359375,420766,0.0,0.0
2019-04-10 00:00:00+09:00,30748.3927211883,30844.93398561903,30072.60387017317,30313.95703125,457969,0.0,0.0
2019-04-11 00:00:00+09:00,30603.581430764658,30651.85206393621,30072.604465877575,30458.76953125,440092,0.0,0.0
2019-04-12 00:00:00+09:00,30313.95873015873,30796.665079365077,30024.33492063492,30410.5,368170,0.0,0.0
2019-04-15 00:00:00+09:00,30700.125186901914,30748.395823988238,29927.794993520733,30265.689453125,418860,0.0,0.0
2019-04-16 00:00:00+09:00,30458.770634920635,30700.123809523808,29927.79365079365,30410.5,406503,0.0,0.0
2019-04-17 00:00:00+09:00,30507.040924999998,30507.040924999998,30024.33458125,30169.146484375,240679,0.0,0.0
2019-04-18 00:00:00+09:00,30120.875664893618,30265.687567128683,29396.81615371829,29493.357421875,441851,0.0,0.0
2019-04-19 00:00:00+09:00,29686.441994083736,30024.336455805016,29541.630081917476,29831.25390625,248296,0.0,0.0
2019-04-22 00:00:00+09:00,29927.792566362918,30748.39333027932,29927.792566362918,30458.76953125,615423,0.0,0.0
2019-04-23 00:00:00+09:00,30507.039961507293,30603.581227208266,29348.544773095622,29782.98046875,570672,0.0,0.0
2019-04-24 00:00:00+09:00,30024.334396736907,30072.605030815263,29348.545519639934,29493.357421875,345553,0.0,0.0
2019-04-25 00:00:00+09:00,29155.463913066276,29348.546455536914,28479.675014419045,28769.298828125,588928,0.0,0.0
2019-04-26 00:00:00+09:00,28769.29702140119,28962.379551746166,28334.861328125,28334.861328125,335913,0.0,0.0
2019-04-29 00:00:00+09:00,28383.133065806316,28479.67433473763,28045.238624546717,28286.591796875,274098,0.0,0.0
2019-04-30 00:00:00+09:00,28383.133743183724,28817.56946374266,28286.592471948406,28769.298828125,351681,0.0,0.0
2019-05-02 00:00:00+09:00,28576.216285654362,28914.110734977978,28286.592471948406,28769.298828125,204873,0.0,0.0
2019-05-03 00:00:00+09:00,28865.83924632353,28865.83924632353,28479.67417279412,28721.02734375,174641,0.0,0.0
2019-05-07 00:00:00+09:00,28286.590340420964,28527.943500322166,27996.96654853952,28093.5078125,294454,0.0,0.0
2019-05-08 00:00:00+09:00,27852.157098156356,28383.134096561418,27659.07455328179,27900.427734375,257635,0.0,0.0
2019-05-09 00:00:00+09:00,27707.343613568475,27900.426147460938,26259.224609375,26259.224609375,705854,0.0,0.0
2019-05-10 00:00:00+09:00,25873.05963588929,27128.096110764516,25776.518368591198,26597.119140625,498896,0.0,0.0
2019-05-13 00:00:00+09:00,26307.494140625,27128.094875286697,26259.223509174313,26307.494140625,306894,0.0,0.0
2019-05-14 00:00:00+09:00,25873.059149774774,26886.742437359233,25583.43535332207,26790.201171875,350353,0.0,0.0
2019-05-15 00:00:00+09:00,27079.826918658087,27900.427734375,26597.12055647167,27900.427734375,479448,0.0,0.0
2019-05-16 00:00:00+09:00,28190.049220113437,28190.049220113437,27514.260368946332,27659.072265625,340279,0.0,0.0
2019-05-17 00:00:00+09:00,27803.886754068717,27900.428027520342,26645.391472649186,26693.662109375,297974,0.0,0.0
2019-05-20 00:00:00+09:00,26597.118040223053,27321.177515002266,26597.118040223053,26645.388671875,282853,0.0,0.0
2019-05-21 00:00:00+09:00,26597.12094826583,26983.286043703447,25486.896298882682,25921.33203125,554376,0.0,0.0
2019-05-22 00:00:00+09:00,25776.51970982143,26066.143526785716,25149.001439732143,25342.083984375,415449,0.0,0.0
2019-05-23 00:00:00+09:00,25293.81231617647,25293.81231617647,24569.752803308824,24618.0234375,443357,0.0,0.0
2019-05-24 00:00:00+09:00,24376.66967147436,25245.54106570513,24231.8577724359,24473.2109375,324754,0.0,0.0
2019-05-27 00:00:00+09:00,24521.482169117648,24859.37660845588,23121.63377757353,24618.0234375,517283,0.0,0.0
2019-05-28 00:00:00+09:00,24666.293569126945,24955.917368373055,24424.940403088523,24811.10546875,245534,0.0,0.0
2019-05-29 00:00:00+09:00,24569.752966722805,24811.10613928393,24038.775987088324,24183.587890625,307616,0.0,0.0
2019-05-30 00:00:00+09:00,24328.400548986487,25100.73072514479,24231.8592769667,25004.189453125,375773,0.0,0.0
2019-05-31 00:00:00+09:00,25004.188511029413,25052.45914522059,24328.399632352943,24618.0234375,300667,0.0,0.0
2019-06-03 00:00:00+09:00,24521.483014310175,25052.46000871453,24521.483014310175,24666.294921875,170860,0.0,0.0
2019-06-04 00:00:00+09:00,24762.83409329928,25148.999147385817,24666.292829777645,25100.728515625,162333,0.0,0.0
2019-06-05 00:00:00+09:00,25245.541865458013,25342.083134541983,24955.918058206105,25293.8125,157707,0.0,0.0
2019-06-07 00:00:00+09:00,25390.353515625,26017.871758406607,25293.812247504753,25390.353515625,373790,0.0,0.0
2019-06-10 00:00:00+09:00,25438.62414968512,25679.97731998574,24859.37654096364,25390.353515625,258558,0.0,0.0
2019-06-11 00:00:00+09:00,25679.977161214953,25969.600963785047,25438.62399240654,25824.7890625,246406,0.0,0.0
2019-06-12 00:00:00+09:00,25873.059599905304,25873.059599905304,25293.811996922348,25486.89453125,180338,0.0,0.0
2019-06-13 00:00:00+09:00,25486.893569711538,25873.058623798075,25100.728515625,25100.728515625,350327,0.0,0.0
2019-06-14 00:00:00+09:00,24955.91899711444,25052.46026983055,24569.75390625,24569.75390625,281021,0.0,0.0
2019-06-17 00:00:00+09:00,24859.377465294765,25004.18937285959,24618.02428602006,24666.294921875,156277,0.0,0.0
2019-06-18 00:00:00+09:00,24714.565815324164,24811.107088040273,24521.483269891945,24569.75390625,140083,0.0,0.0
2019-06-19 00:00:00+09:00,24666.294666788497,25149.001020346004,24666.294666788497,24762.8359375,170127,0.0,0.0
2019-06-20 00:00:00+09:00,24762.8359375,24907.64784356725,24521.482760721246,24762.8359375,221217,0.0,0.0
2019-06-21 00:00:00+09:00,24811.10588034294,24955.91778236829,24038.775736207754,24280.12890625,324250,0.0,0.0
2019-06-24 00:00:00+09:00,24038.77597084205,24183.587874280856,23025.092646770398,23073.36328125,883130,0.0,0.0
2019-06-25 00:00:00+09:00,22880.281080163044,23700.88187839674,22880.281080163044,23314.716796875,306190,0.0,0.0
2019-06-26 00:00:00+09:00,23314.71731064066,23604.341128164146,23121.634765625,23121.634765625,172707,0.0,0.0
2019-06-27 00:00:00+09:00,23121.63509652634,23700.88273986312,23121.63509652634,23362.98828125,200400,0.0,0.0
2019-06-28 00:00:00+09:00,23362.987088127615,23604.340260525627,22928.551377811193,23073.36328125,184377,0.0,0.0
2019-07-01 00:00:00+09:00,23121.635138455804,23314.71768658487,21963.1398496814,22252.763671875,697196,0.0,0.0
2019-07-02 00:00:00+09:00,22107.949573096652,22735.467792420357,21721.7845150513,22349.302734375,508481,0.0,0.0
2019-07-03 00:00:00+09:00,22349.302262333702,22349.302262333702,21721.78405626386,21770.0546875,553908,0.0,0.0
2019-07-04 00:00:00+09:00,21770.055147306968,22494.11463114201,21673.51388279563,22349.302734375,471071,0.0,0.0
2019-07-05 00:00:00+09:00,22301.034765625,23362.988802083335,22156.2228515625,23169.90625,403457,0.0,0.0
2019-07-08 00:00:00+09:00,22928.552786227876,22976.823423672566,21770.05748755531,21818.328125,509476,0.0,0.0
2019-07-09 00:00:00+09:00,21721.786708047945,22204.4930793379,21142.5390625,21142.5390625,403990,0.0,0.0
2019-07-10 00:00:00+09:00,20997.727109036063,22494.116857036333,20997.727109036063,22252.763671875,480216,0.0,0.0
2019-07-11 00:00:00+09:00,22301.032603145424,22445.84450316585,21818.326269744008,22156.220703125,247733,0.0,0.0
2019-07-12 00:00:00+09:00,22252.762126736114,22301.032760416667,21528.70262152778,21721.78515625,238064,0.0,0.0
2019-07-15 00:00:00+09:00,21721.784446022728,21818.325710227273,20997.724964488636,21239.078125,383853,0.0,0.0
2019-07-16 00:00:00+09:00,21094.267234519677,21190.808503327546,20418.478352864582,20852.9140625,576790,0.0,0.0
2019-07-17 00:00:00+09:00,20659.831861413044,20804.643766983696,19887.501698369564,19984.04296875,790173,0.0,0.0
2019-07-18 00:00:00+09:00,19839.23383847892,20659.834751506027,19839.23383847892,20032.31640625,526866,0.0,0.0
2019-07-19 00:00:00+09:00,20128.85554245283,20611.56191037736,20128.85554245283,20466.75,230517,0.0,0.0
2019-07-22 00:00:00+09:00,20370.207791841945,20466.749060997594,19887.5014460637,20080.583984375,269011,0.0,0.0
2019-07-23 00:00:00+09:00,19935.76953125,20515.017072109564,19742.687017630145,19935.76953125,323075,0.0,0.0
2019-07-24 00:00:00+09:00,19984.043224742112,20225.39640378489,19790.960681507888,19887.501953125,232731,0.0,0.0
2019-07-25 00:00:00+09:00,19549.60450401029,20225.393301679782,19549.60450401029,19935.76953125,312426,0.0,0.0
2019-07-26 00:00:00+09:00,19839.231226270444,20659.83203125,19839.231226270444,20659.83203125,497564,0.0,0.0
2019-07-29 00:00:00+09:00,20659.833143104534,20659.833143104534,19115.172721190178,19163.443359375,586324,0.0,0.0
2019-07-30 00:00:00+09:00,18970.357785018845,19694.41724246231,18970.357785018845,19211.7109375,368062,0.0,0.0
2019-07-31 00:00:00+09:00,19163.440182547605,19839.22900510596,19018.628291999386,19646.146484375,335223,0.0,0.0
2019-08-01 00:00:00+09:00,19308.253348214286,20708.101715959823,19163.44144810268,20273.666015625,529711,0.0,0.0
2019-08-02 00:00:00+09:00,19984.040271116955,20080.581528465347,19501.333984375,19501.333984375,255464,0.0,0.0
2019-08-05 00:00:00+09:00,19163.442930237674,19308.254841549297,17087.805534771127,17136.076171875,1085907,0.0,0.0
2019-08-06 00:00:00+09:00,16508.556247786826,17618.780790766643,15736.226130931303,17039.533203125,1367667,0.0,0.0
2019-08-07 00:00:00+09:00,16942.989528623948,17570.507659313724,16556.82452512255,17232.61328125,445670,0.0,0.0
2019-08-08 00:00:00+09:00,17570.50998263889,18535.92261904762,17425.69808717758,18246.298828125,554151,0.0,0.0
2019-08-09 00:00:00+09:00,18439.382119455648,18777.2765561996,17618.78134450605,17956.67578125,465871,0.0,0.0
2019-08-12 00:00:00+09:00,17908.40683489305,18391.11321858289,17763.594919786097,18053.21875,257261,0.0,0.0
2019-08-13 00:00:00+09:00,17860.136397688355,18198.030870077055,17618.783203125,17618.783203125,244538,0.0,0.0
2019-08-14 00:00:00+09:00,17908.404650099736,18584.19350482048,17763.592752659577,18149.7578125,403325,0.0,0.0
2019-08-16 00:00:00+09:00,17811.86403990186,17908.405308410813,17329.157697357095,17522.240234375,414507,0.0,0.0
2019-08-19 00:00:00+09:00,17667.051423070116,17667.051423070116,16991.26257082153,17039.533203125,307727,0.0,0.0
2019-08-20 00:00:00+09:00,17136.07467110865,17763.592898501363,17087.804038232287,17715.322265625,327086,0.0,0.0
2019-08-21 00:00:00+09:00,17473.970415455424,18825.548237645347,17473.970415455424,18680.736328125,621306,0.0,0.0
2019-08-22 00:00:00+09:00,18487.653782097866,19404.795875726744,18439.383145591084,18680.736328125,577008,0.0,0.0
2019-08-23 00:00:00+09:00,18004.946062883173,18342.84049301771,17473.969101243187,17715.322265625,518049,0.0,0.0
2019-08-26 00:00:00+09:00,17184.345904775073,17329.157808467,16218.933213495577,16363.7451171875,722657,0.0,0.0
2019-08-27 00:00:00+09:00,16556.8268800903,17425.698261552763,16556.8268800903,17039.533203125,526548,0.0,0.0
2019-08-28 00:00:00+09:00,16991.262959317584,18439.38196153215,16942.992325910433,18391.111328125,560745,0.0,0.0
2019-08-29 00:00:00+09:00,18294.569459945436,18535.92261904762,17715.3218781002,18246.298828125,360244,0.0,0.0
2019-08-30 00:00:00+09:00,18680.738821801566,19066.9039654047,18487.65625,18487.65625,516740,0.0,0.0
2019-09-02 00:00:00+09:00,18294.567179466583,18922.085314910026,18004.94342464653,18777.2734375,306058,0.0,0.0
2019-09-03 00:00:00+09:00,18680.734623579545,19018.629048295454,18487.652095170455,18584.193359375,273682,0.0,0.0
2019-09-04 00:00:00+09:00,18535.926892950392,18825.550750652743,18342.844321148827,18487.65625,280880,0.0,0.0
2019-09-05 00:00:00+09:00,18777.277601138565,18777.277601138565,18487.653782097866,18680.736328125,258536,0.0,0.0
2019-09-06 00:00:00+09:00,18825.548159950657,19018.63070518092,18246.30052425987,18342.841796875,273914,0.0,0.0
2019-09-09 00:00:00+09:00,18391.11289943609,19501.33756265664,18391.11289943609,19259.984375,789526,0.0,0.0
2019-09-10 00:00:00+09:00,19404.79437574052,20659.830827902842,19356.523742965048,20370.20703125,1179054,0.0,0.0
2019-09-11 00:00:00+09:00,20466.749320652176,22301.033457880436,20225.396144701088,21094.267578125,1901001,0.0,0.0
2019-09-16 00:00:00+09:00,21335.619389204545,21721.784446022728,20852.913068181817,21239.078125,581969,0.0,0.0
2019-09-17 00:00:00+09:00,21335.620754076088,21432.162024456524,20852.914402173912,21094.267578125,435112,0.0,0.0
2019-09-18 00:00:00+09:00,21432.16086178414,21914.8671875,21045.995801211455,21914.8671875,661280,0.0,0.0
2019-09-19 00:00:00+09:00,22204.49133646514,22349.303236485564,21770.055636403868,22156.220703125,577939,0.0,0.0
2019-09-20 00:00:00+09:00,22156.22035035793,22638.92667607379,21673.51402464207,21914.8671875,754339,0.0,0.0
2019-09-23 00:00:00+09:00,22059.680536128548,22687.198800832426,21818.32735739629,22107.951171875,752954,0.0,0.0
2019-09-24 00:00:00+09:00,22059.67722963483,22156.2184866573,21383.888430477527,21480.4296875,474420,0.0,0.0
2019-09-25 00:00:00+09:00,21287.349772135418,21673.5148473669,20804.643428096064,20852.9140625,481560,0.0,0.0
2019-09-26 00:00:00+09:00,20901.185290948277,21625.244827586208,20852.914655172415,20997.7265625,357917,0.0,0.0
2019-09-27 00:00:00+09:00,21045.995596590907,21528.701917613635,20949.45433238636,21239.078125,232744,0.0,0.0
2019-09-30 00:00:00+09:00,21094.266372716065,21432.160799738976,20659.830680829466,20804.642578125,240585,0.0,0.0
2019-10-01 00:00:00+09:00,20852.91282522624,21335.619140625,20659.83029906674,21335.619140625,310830,0.0,0.0
2019-10-02 00:00:00+09:00,21142.536860795455,21480.431285511364,20852.913068181817,21239.078125,270489,0.0,0.0
2019-10-04 00:00:00+09:00,21142.537360235092,21287.34925996273,20756.372294294724,21045.99609375,213634,0.0,0.0
2019-10-07 00:00:00+09:00,21142.538469827585,21239.07974137931,20466.74956896552,20997.7265625,402589,0.0,0.0
2019-10-08 00:00:00+09:00,20756.37270220588,20901.184604779413,20177.125091911763,20515.01953125,466843,0.0,0.0
2019-10-10 00:00:00+09:00,20466.748549107142,20611.56044921875,20080.583482142858,20273.666015625,280454,0.0,0.0
2019-10-11 00:00:00+09:00,20321.936745279567,21094.26688286739,20321.936745279567,20611.560546875,387778,0.0,0.0
2019-10-14 00:00:00+09:00,21094.265850194013,21914.866581208425,20901.183325249447,21770.0546875,955420,0.0,0.0
2019-10-15 00:00:00+09:00,21625.24388888889,21963.13832465278,21480.431987847223,21721.78515625,482487,0.0,0.0
2019-10-16 00:00:00+09:00,22011.40911989796,22059.67975393282,21239.078975340137,21287.349609375,338698,0.0,0.0
2019-10-17 00:00:00+09:00,21432.163414458526,21528.70469110023,20804.64511628744,20949.45703125,286176,0.0,0.0
2019-10-18 00:00:00+09:00,21190.808150065866,21190.808150065866,20466.748646077285,20611.560546875,368062,0.0,0.0
2019-10-21 00:00:00+09:00,20659.83118047424,20852.913714871196,20273.66611168033,20611.560546875,217040,0.0,0.0
2019-10-22 00:00:00+09:00,20611.560890480323,20852.9140625,20321.937084056714,20852.9140625,456497,0.0,0.0
2019-10-23 00:00:00+09:00,20852.91346153846,20852.91346153846,20370.207131410258,20708.1015625,297145,0.0,0.0
2019-10-24 00:00:00+09:00,20708.099631320223,21528.700316011236,20466.746488764045,21480.4296875,607560,0.0,0.0
2019-10-25 00:00:00+09:00,21480.431792932915,21721.784959145643,20901.184194022364,21045.99609375,478879,0.0,0.0
2019-10-28 00:00:00+09:00,21383.889772164875,21673.51356140413,21142.536614465498,21335.619140625,387259,0.0,0.0
2019-10-29 00:00:00+09:00,21480.431494355726,21914.8671875,21190.80769892621,21914.8671875,518516,0.0,0.0
2019-10-30 00:00:00+09:00,21963.140037334073,22542.387686670354,21625.24557522124,21818.328125,954742,0.0,0.0
2019-10-31 00:00:00+09:00,21818.32667759487,21818.32667759487,21335.620335170202,21625.244140625,354610,0.0,0.0
2019-11-01 00:00:00+09:00,21625.242549668874,21866.595703125,21480.4306575952,21866.595703125,351972,0.0,0.0
2019-11-04 00:00:00+09:00,22156.21948727235,22252.7607486548,21818.325072433774,21866.595703125,334633,0.0,0.0
2019-11-05 00:00:00+09:00,21914.866719103506,22011.407982183257,21287.348509085125,21335.619140625,487027,0.0,0.0
2019-11-06 00:00:00+09:00,21287.349700927734,21818.32667759487,21239.07906668527,21625.244140625,406300,0.0,0.0
2019-11-07 00:00:00+09:00,21721.782830056178,21721.782830056178,21239.07654494382,21480.4296875,247876,0.0,0.0
2019-11-08 00:00:00+09:00,21673.514325903096,21770.055592388188,20997.725460507456,21045.99609375,379825,0.0,0.0
2019-11-11 00:00:00+09:00,21045.996942934784,21239.079483695652,20804.643766983696,21094.267578125,309991,0.0,0.0
2019-11-12 00:00:00+09:00,20949.455586845932,21094.26749182413,20708.102411882268,20756.373046875,232199,0.0,0.0
2019-11-13 00:00:00+09:00,20659.83254716981,20708.103183962263,20370.208726415094,20466.75,223539,0.0,0.0
2019-11-14 00:00:00+09:00,20466.747772907238,21383.889772164875,20273.665246747736,21335.619140625,401526,0.0,0.0
2019-11-15 00:00:00+09:00,21673.51402464207,22011.408452643172,21335.61959664097,21914.8671875,782185,0.0,0.0
2019-11-18 00:00:00+09:00,21963.139669215427,23314.717495013298,21963.139669215427,22687.19921875,1688946,0.0,0.0
2019-11-19 00:00:00+09:00,22735.46985538564,22880.28176529255,22349.304762300533,22687.19921875,475652,0.0,0.0
2019-11-20 00:00:00+09:00,22783.74007232533,22783.74007232533,21963.139264635643,22107.951171875,466534,0.0,0.0
2019-11-21 00:00:00+09:00,22156.221640097127,22397.574817004504,21239.079567849098,21432.162109375,418792,0.0,0.0
2019-11-22 00:00:00+09:00,21576.97367062927,21770.05620906891,21045.996689920274,21190.80859375,292832,0.0,0.0
2019-11-25 00:00:00+09:00,21721.786085903386,22204.492443367904,21673.515450156934,22107.951171875,350288,0.0,0.0
2019-11-26 00:00:00+09:00,22349.30573489011,22349.30573489011,21770.058070054947,21963.140625,235024,0.0,0.0
2019-11-27 00:00:00+09:00,22011.406601123595,22011.406601123595,21335.61780196629,21480.4296875,270765,0.0,0.0
2019-11-28 00:00:00+09:00,21480.433853872742,21818.328318989843,21287.351302377258,21383.892578125,195627,0.0,0.0
2019-11-29 00:00:00+09:00,21528.70338013795,22011.409733952703,21335.62083861205,21432.162109375,325846,0.0,0.0
2019-12-02 00:00:00+09:00,21480.43333595498,21721.786519505033,21383.892062534953,21576.974609375,171335,0.0,0.0
2019-12-03 00:00:00+09:00,21432.161511479593,21480.432145514456,20901.184537096087,21287.349609375,238726,0.0,0.0
2019-12-04 00:00:00+09:00,21045.99719827586,21287.350377155173,20852.914655172415,20997.7265625,165621,0.0,0.0
2019-12-05 00:00:00+09:00,21045.99719827586,21287.350377155173,20852.914655172415,20997.7265625,158201,0.0,0.0
2019-12-06 00:00:00+09:00,21045.995596590907,21335.619389204545,21045.995596590907,21239.078125,156106,0.0,0.0
2019-12-09 00:00:00+09:00,21287.351499495966,21287.351499495966,20901.186392929147,20949.45703125,153312,0.0,0.0
2019-12-10 00:00:00+09:00,21045.998307891703,21094.268946212556,20659.833201324884,20949.45703125,154388,0.0,0.0
2019-12-11 00:00:00+09:00,20901.185876855023,21239.08033675799,20804.644602597033,21142.5390625,153876,0.0,0.0
2019-12-12 00:00:00+09:00,21239.07922835991,21383.891132189638,20949.455420700455,21190.80859375,283088,0.0,0.0
2019-12-13 00:00:00+09:00,21383.890969412667,21818.32667759487,21335.620335170202,21625.244140625,285342,0.0,0.0
2019-12-16 00:00:00+09:00,21721.78515625,21866.597057291667,21383.890720486113,21721.78515625,233147,0.0,0.0
2019-12-17 00:00:00+09:00,21818.325318736144,21914.866581208425,21528.70153131929,21770.0546875,232814,0.0,0.0
2019-12-18 00:00:00+09:00,21818.325186820653,22397.572758152175,21576.972032099187,22204.490234375,491429,0.0,0.0
2019-12-19 00:00:00+09:00,22349.302734375,22445.84399888634,22011.408308585313,22349.302734375,291508,0.0,0.0
2019-12-20 00:00:00+09:00,22542.384650985055,22542.384650985055,22107.948972486414,22204.490234375,219285,0.0,0.0
2019-12-23 00:00:00+09:00,22301.03149626359,22397.572758152175,22059.67834154212,22204.490234375,282059,0.0,0.0
2019-12-24 00:00:00+09:00,22204.492443367904,22252.763079114357,21914.868628889195,22107.951171875,283423,0.0,0.0
2019-12-26 00:00:00+09:00,22349.304762300533,22783.740492021276,22156.222215757978,22687.19921875,414839,0.0,0.0
2019-12-27 00:00:00+09:00,22837.830843815515,23420.924397274634,22692.057455450733,23177.96875,598409,155.0,0.0
2019-12-30 00:00:00+09:00,23177.966918187114,23469.513671875,23032.193541343167,23469.513671875,327231,0.0,0.0
2020-01-02 00:00:00+09:00,23518.104123443984,23566.695247665975,22886.41950855809,23420.921875,378721,0.0,0.0
2020-01-03 00:00:00+09:00,23761.061103757747,24101.198992768597,23372.33208774535,23518.10546875,645440,0.0,0.0
2020-01-06 00:00:00+09:00,23129.376620496725,23129.376620496725,22157.554073417028,22254.736328125,702558,0.0,0.0
2020-01-07 00:00:00+09:00,22449.09967237903,22789.237546202956,22351.917422715054,22594.873046875,398573,0.0,0.0
2020-01-08 00:00:00+09:00,22449.103399213574,22497.694532112306,21380.0984754415,22011.783203125,647668,0.0,0.0
2020-01-09 00:00:00+09:00,22497.691580045022,23032.19397179555,22400.509326999472,22935.01171875,412018,0.0,0.0
2020-01-10 00:00:00+09:00,22935.012333776594,23129.376845079787,22692.056694647606,22837.830078125,275970,0.0,0.0
2020-01-13 00:00:00+09:00,23761.062368791987,25656.11642274472,23518.106720849326,25315.978515625,2780731,0.0,0.0
2020-01-14 00:00:00+09:00,25753.2986320584,25801.889761552848,24975.8405601472,25170.205078125,1219613,0.0,0.0
2020-01-15 00:00:00+09:00,25267.385613207545,25753.296875,24732.883225235848,25753.296875,816379,0.0,0.0
2020-01-16 00:00:00+09:00,25947.662163931564,26336.39118511406,25510.342015101254,26093.435546875,810885,0.0,0.0
2020-01-17 00:00:00+09:00,26093.435546875,26384.98231276187,25801.888780988127,26093.435546875,510132,0.0,0.0
2020-01-20 00:00:00+09:00,26142.026002798506,26822.30177238806,25899.070370802237,26044.84375,601135,0.0,0.0
2020-01-21 00:00:00+09:00,26239.20870535714,26384.98208705357,25315.97728794643,25510.341796875,556184,0.0,0.0
2020-01-22 00:00:00+09:00,25461.751044528388,26530.755859375,25364.56878863324,26530.755859375,493888,0.0,0.0
2020-01-23 00:00:00+09:00,26287.80206886574,26482.166594328704,25850.481886574074,26239.2109375,449117,0.0,0.0
2020-01-28 00:00:00+09:00,24295.565166170636,24975.840990823413,23809.653862847223,24489.9296875,1126250,0.0,0.0
2020-01-29 00:00:00+09:00,24878.658301158302,25558.9341140806,24684.293783180503,25170.205078125,714870,0.0,0.0
2020-01-30 00:00:00+09:00,25267.38718688605,25364.56944529715,24489.92911959725,24732.884765625,486603,0.0,0.0
2020-01-31 00:00:00+09:00,24975.840152138157,25073.022409539473,24004.017578125,24004.017578125,387242,0.0,0.0
2020-02-03 00:00:00+09:00,23275.15142919147,24781.47646949405,22935.01351686508,24489.9296875,611369,0.0,0.0
2020-02-04 00:00:00+09:00,24684.29363641945,25170.204928474952,24344.155731980598,24732.884765625,384774,0.0,0.0
2020-02-05 00:00:00+09:00,24878.658102766796,25267.387135622528,24441.3379408041,24587.111328125,314291,0.0,0.0
2020-02-06 00:00:00+09:00,25073.022099951362,25073.022099951362,24392.74630654183,24975.83984375,291560,0.0,0.0
2020-02-07 00:00:00+09:00,25024.431640625,25413.160675819174,24587.111476031554,25024.431640625,248961,0.0,0.0
2020-02-10 00:00:00+09:00,24878.658203125,25024.431591033936,24635.702556610107,24878.658203125,154695,0.0,0.0
2020-02-11 00:00:00+09:00,24975.841084558822,25024.432215073528,24587.112040441178,24781.4765625,186931,0.0,0.0
2020-02-12 00:00:00+09:00,24781.474551590236,24830.065678161984,24295.56328587278,24635.701171875,309432,0.0,0.0
2020-02-13 00:00:00+09:00,24684.294161676647,24781.476422155687,24295.56511976048,24344.15625,384935,0.0,0.0
2020-02-14 00:00:00+09:00,24344.156915307518,24684.294836279878,24295.56578374004,24392.748046875,258868,0.0,0.0
2020-02-17 00:00:00+09:00,24295.564651489258,24878.658203125,23761.062229156494,24878.658203125,420378,0.0,0.0
2020-02-18 00:00:00+09:00,24927.249860491072,24927.249860491072,24246.974035838295,24489.9296875,353930,0.0,0.0
2020-02-19 00:00:00+09:00,24489.930223034276,24635.703617219002,23809.654383505545,24101.201171875,295213,0.0,0.0
2020-02-20 00:00:00+09:00,24101.199569415447,24149.790697579592,23275.150390625,23275.150390625,417537,0.0,0.0
2020-02-21 00:00:00+09:00,22594.87552567697,22983.60456697894,22011.781963724017,22206.146484375,693402,0.0,0.0
2020-02-24 00:00:00+09:00,21331.505709484012,21671.643613735465,20797.00328851744,20894.185546875,773178,0.0,0.0
2020-02-25 00:00:00+09:00,20602.637998089518,22254.736328125,20602.637998089518,22254.736328125,559283,0.0,0.0
2020-02-26 00:00:00+09:00,21525.870707370923,22789.240094259512,21331.50618631114,22351.919921875,580195,0.0,0.0
2020-02-27 00:00:00+09:00,22157.554583333334,22935.01263888889,21574.461041666666,21866.0078125,385823,0.0,0.0
2020-02-28 00:00:00+09:00,21185.73153073286,21720.233931737588,20408.273492907803,20554.046875,532094,0.0,0.0
2020-03-02 00:00:00+09:00,20651.229600694445,21866.0078125,20456.865086805556,21866.0078125,492286,0.0,0.0
2020-03-03 00:00:00+09:00,22351.920457688055,22789.240640555865,21914.600274820245,21963.19140625,417038,0.0,0.0
2020-03-04 00:00:00+09:00,21866.008160828027,23032.195262738856,21623.052514596606,22886.421875,516651,0.0,0.0
2020-03-05 00:00:00+09:00,23275.15208954718,23323.743221258137,22254.738323617137,22400.51171875,498236,0.0,0.0
2020-03-06 00:00:00+09:00,21866.008827581205,21963.191089037122,20408.27490574246,20942.77734375,1214735,0.0,0.0
2020-03-09 00:00:00+09:00,19922.36239570214,20116.726906879725,19242.086606580604,19290.677734375,992292,0.0,0.0
2020-03-10 00:00:00+09:00,18950.538824314022,19922.361328125,18950.538824314022,19922.361328125,643762,0.0,0.0
2020-03-11 00:00:00+09:00,19873.772547908717,19873.772547908717,19096.314453125,19096.314453125,452972,0.0,0.0
2020-03-12 00:00:00+09:00,18756.17590263065,18853.358161193504,17055.48637778072,17201.259765625,1029039,0.0,0.0
2020-03-13 00:00:00+09:00,15549.158519553073,18804.763584584496,15063.24731581704,17395.62109375,1247290,0.0,0.0
2020-03-16 00:00:00+09:00,17492.80462184874,18270.26260504202,16715.346638655465,17347.03125,611340,0.0,0.0
2020-03-17 00:00:00+09:00,16423.801110428372,17784.35268170646,16375.209982882725,17298.44140625,447137,0.0,0.0
2020-03-18 00:00:00+09:00,17444.213294719826,18416.03576239224,16763.937567349138,16909.7109375,665338,0.0,0.0
2020-03-19 00:00:00+09:00,17492.806835347434,17784.353615936558,15889.299542107252,16083.6640625,857325,0.0,0.0
2020-03-20 00:00:00+09:00,16520.983955685027,17492.80654131356,15937.89040430791,17201.259765625,501300,0.0,0.0
2020-03-23 00:00:00+09:00,16035.072526465798,16278.028170806188,14771.703175895766,14917.4765625,700621,0.0,0.0
2020-03-24 00:00:00+09:00,15403.388877776732,16180.84699148155,15063.250953030874,16132.255859375,530450,0.0,0.0
2020-03-25 00:00:00+09:00,16958.30426243974,17832.94459689222,16472.392965521693,17638.580078125,848252,0.0,0.0
2020-03-26 00:00:00+09:00,17735.762288411457,18804.767138671876,17104.07760416667,17492.806640625,891743,0.0,0.0
2020-03-27 00:00:00+09:00,18464.62852541783,18464.62852541783,16715.347928272982,17444.21484375,680640,0.0,0.0
2020-03-30 00:00:00+09:00,16666.75604248047,17201.258422851562,16569.573791503906,17104.076171875,316605,0.0,0.0
2020-03-31 00:00:00+09:00,17298.44140625,17541.39704397823,16909.71238588483,17298.44140625,448808,0.0,0.0
2020-04-01 00:00:00+09:00,17006.894474963978,17784.352508105185,16861.12109375,16861.12109375,503117,0.0,0.0
2020-04-02 00:00:00+09:00,17055.48637778072,17298.442024187854,16472.3928264036,17201.259765625,352406,0.0,0.0
2020-04-03 00:00:00+09:00,17347.031799316406,17395.622924804688,16909.711669921875,17104.076171875,300392,0.0,0.0
2020-04-06 00:00:00+09:00,17201.260003810974,17930.126953125,16958.304354039632,17930.126953125,599263,0.0,0.0
2020-04-07 00:00:00+09:00,18318.85546875,18561.81111157162,17784.35305454244,18318.85546875,615782,0.0,0.0
2020-04-08 00:00:00+09:00,18464.628348214286,19144.904129464285,17978.717075892855,18707.583984375,716378,0.0,0.0
2020-04-09 00:00:00+09:00,18950.540924072266,19096.3143157959,18367.447357177734,18658.994140625,520360,0.0,0.0
2020-04-10 00:00:00+09:00,18513.222832471805,19485.045553336466,18124.49374412594,19387.86328125,1023398,0.0,0.0
2020-04-13 00:00:00+09:00,19387.860509720438,20116.727446176094,18804.766960555913,18901.94921875,1197735,0.0,0.0
2020-04-14 00:00:00+09:00,19193.496285703317,19873.772103424446,19047.722896191644,19776.58984375,581023,0.0,0.0
2020-04-16 00:00:00+09:00,19970.954505333535,20311.092416616586,19679.407724233773,20213.91015625,779681,0.0,0.0
2020-04-17 00:00:00+09:00,20554.044852120536,20699.818219866072,20019.542503720237,20408.271484375,708228,0.0,0.0
2020-04-20 00:00:00+09:00,20505.455635491606,20602.63788968825,20116.726618705034,20262.5,453257,0.0,0.0
2020-04-21 00:00:00+09:00,19922.359905478395,20068.133270640432,18901.946349344136,19679.404296875,638222,0.0,0.0
2020-04-22 00:00:00+09:00,19339.26644483025,19727.99541859568,19096.310836226854,19679.404296875,328369,0.0,0.0
2020-04-23 00:00:00+09:00,19727.998046875,19825.180303263547,19436.45127770936,19727.998046875,252519,0.0,0.0
2020-04-24 00:00:00+09:00,19630.816938920456,19630.816938920456,19242.087890625,19242.087890625,263077,0.0,0.0
2020-04-27 00:00:00+09:00,19339.268306902984,19679.406191697763,19242.08605410448,19533.6328125,333454,0.0,0.0
2020-04-28 00:00:00+09:00,19630.81659405048,20554.04806753305,19436.45207331731,20213.91015625,795803,0.0,0.0
2020-04-29 00:00:00+09:00,20456.865130835842,20456.865130835842,19922.362716490963,20165.318359375,403184,0.0,0.0
2020-05-04 00:00:00+09:00,19727.998099404034,20311.091639287897,19630.815842756725,19873.771484375,321607,0.0,0.0
2020-05-06 00:00:00+09:00,20311.091745105423,20311.091745105423,19922.362716490963,20165.318359375,239979,0.0,0.0
2020-05-07 00:00:00+09:00,20068.13676570012,20408.274676983172,19873.772244966945,20213.91015625,267365,0.0,0.0
2020-05-08 00:00:00+09:00,20311.09051499105,20408.27276625895,20116.726012455252,20359.681640625,375536,0.0,0.0
2020-05-11 00:00:00+09:00,20262.49790431113,20311.08902638382,19825.177805656935,19970.951171875,282440,0.0,0.0
2020-05-12 00:00:00+09:00,19922.36182369403,20165.3174556903,19436.450559701494,19533.6328125,323547,0.0,0.0
2020-05-13 00:00:00+09:00,19193.495787838856,20213.90948795181,19144.904659262047,20165.318359375,359017,0.0,0.0
2020-05-14 00:00:00+09:00,20019.543936185746,21768.824474299065,19873.770558009637,20797.001953125,1729392,0.0,0.0
2020-05-15 00:00:00+09:00,20942.775949970655,20991.367077464787,20311.091292546946,20699.8203125,593053,0.0,0.0
2020-05-18 00:00:00+09:00,20845.594367498536,21039.95888374561,20505.45646406616,20748.412109375,405212,0.0,0.0
2020-05-19 00:00:00+09:00,21477.27808277027,23615.28766567048,21137.140194581603,23372.33203125,4082528,0.0,0.0
2020-05-20 00:00:00+09:00,22983.60162815126,23177.96612394958,22400.508140756305,23129.375,1213332,0.0,0.0
2020-05-21 00:00:00+09:00,23275.148502334025,23566.695247665975,22643.46388744813,23420.921875,731174,0.0,0.0
2020-05-22 00:00:00+09:00,23275.15070125272,23323.74183006536,21963.190223311547,22303.328125,985451,0.0,0.0
2020-05-25 00:00:00+09:00,22060.37445041937,22643.468048227813,21914.601050967263,22449.103515625,481238,0.0,0.0
2020-05-26 00:00:00+09:00,22497.691580045022,22935.01171875,22157.553694385595,22935.01171875,530798,0.0,0.0
2020-05-27 00:00:00+09:00,23129.375,23469.51286764706,22594.872636554624,23129.375,598841,0.0,0.0
2020-05-28 00:00:00+09:00,23323.74247811816,23372.333608280907,21963.190833561268,22206.146484375,654066,0.0,0.0
2020-05-29 00:00:00+09:00,22254.737614537746,22594.87552567697,21963.190833561268,22206.146484375,344633,0.0,0.0
2020-06-01 00:00:00+09:00,22497.690324392177,23566.695048229387,22400.508076770613,22983.6015625,1097320,0.0,0.0
2020-06-02 00:00:00+09:00,23080.78429519489,23129.37542002688,22254.735173051075,22594.873046875,737724,0.0,0.0
2020-06-03 00:00:00+09:00,22935.010237068964,22983.601360452587,22254.734509698275,22546.28125,681804,0.0,0.0
2020-06-04 00:00:00+09:00,22449.101459703947,22692.057103207237,22060.372430098683,22157.5546875,536646,0.0,0.0
2020-06-05 00:00:00+09:00,22157.556060195227,22692.05850901573,21866.009269929502,22400.51171875,479970,0.0,0.0
2020-06-08 00:00:00+09:00,22594.873833090573,22935.01171875,22400.509326999472,22935.01171875,647251,0.0,0.0
2020-06-09 00:00:00+09:00,23177.965922778374,23226.55704630621,22497.69019338865,22692.0546875,579100,0.0,0.0
2020-06-10 00:00:00+09:00,22643.46622876858,23226.559779723993,22497.692841029726,22886.421875,757052,0.0,0.0
2020-06-11 00:00:00+09:00,22789.240046327955,23177.969087629925,22157.555354212254,22206.146484375,665353,0.0,0.0
2020-06-12 00:00:00+09:00,20408.273758561645,21671.643086472603,20408.273758561645,21282.9140625,655437,0.0,0.0
2020-06-15 00:00:00+09:00,21185.72907021605,21574.45804398148,19533.630931712964,19679.404296875,956475,0.0,0.0
2020-06-16 00:00:00+09:00,20165.319026066707,20748.412588266227,19922.36337515024,20213.91015625,645052,0.0,0.0
2020-06-17 00:00:00+09:00,20213.908872901677,20699.820143884892,19873.770983213428,20262.5,431326,0.0,0.0
2020-06-18 00:00:00+09:00,20213.91001228501,20213.91001228501,19679.40758407555,19776.58984375,353199,0.0,0.0
2020-06-19 00:00:00+09:00,19873.77143145782,20019.54481604064,19436.45127770936,19727.998046875,334336,0.0,0.0
2020-06-22 00:00:00+09:00,19630.81562893577,19679.406756730164,19193.495478786208,19290.677734375,602665,0.0,0.0
2020-06-23 00:00:00+09:00,19436.453753140704,19825.182828203517,19096.31581246074,19339.271484375,370115,0.0,0.0
2020-06-24 00:00:00+09:00,19387.862618757852,19582.22715628926,19193.498081226444,19339.271484375,369943,0.0,0.0
2020-06-25 00:00:00+09:00,18999.132689790575,19096.31495418848,18416.03910340314,18561.8125,712782,0.0,0.0
2020-06-26 00:00:00+09:00,18853.359966546996,18901.951100481398,18173.084091465404,18610.404296875,683533,0.0,0.0
2020-06-29 00:00:00+09:00,18610.404296875,19776.591511300587,18318.857493268602,18610.404296875,1031775,0.0,0.0
2020-06-30 00:00:00+09:00,19047.722545695753,22400.51044276975,18901.94915886645,20602.638671875,7824346,0.0,0.0
2020-07-01 00:00:00+09:00,20845.594467198323,21768.825923787528,20262.5009156683,21039.958984375,1752587,0.0,0.0
2020-07-02 00:00:00+09:00,21477.278935185186,22740.648284313724,21185.732162309367,22303.328125,2233109,0.0,0.0
2020-07-03 00:00:00+09:00,23032.19485341495,24052.608549452318,22594.87469797036,23566.697265625,3830224,0.0,0.0
2020-07-06 00:00:00+09:00,23615.28934151786,24489.9296875,22837.831256200396,24489.9296875,2161058,0.0,0.0
2020-07-07 00:00:00+09:00,24538.519421655812,24732.883931926353,23469.51461516784,24246.97265625,1436884,0.0,0.0
2020-07-08 00:00:00+09:00,24489.93044354839,27551.171748991936,24344.157048051078,27113.8515625,6680326,0.0,0.0
2020-07-09 00:00:00+09:00,27648.351451487568,28571.582870781527,26579.346650199823,27356.8046875,3140195,0.0,0.0
2020-07-10 00:00:00+09:00,27162.44237777001,28522.994053221817,26530.757671310243,28231.447265625,1818343,0.0,0.0
2020-07-13 00:00:00+09:00,28377.21984457093,28474.402104312612,27502.5795068958,27745.53515625,1208365,0.0,0.0
2020-07-14 00:00:00+09:00,27502.580338987584,28911.72314787564,27259.62468228275,28377.220703125,1551741,0.0,0.0
2020-07-15 00:00:00+09:00,28911.721838274574,28960.31296741453,28182.854901175215,28425.810546875,810369,0.0,0.0
2020-07-16 00:00:00+09:00,28425.809319954373,28814.538336295627,27794.12466839983,28620.173828125,838042,0.0,0.0
2020-07-17 00:00:00+09:00,28911.721234375,30709.592975,28134.263184375,30369.455078125,2409961,0.0,0.0
2020-07-20 00:00:00+09:00,30126.49797765794,31972.960756933746,29786.360097265024,31535.640625,1676169,0.0,0.0
2020-07-21 00:00:00+09:00,31972.961891138497,32070.14414612676,30612.410321302814,31049.73046875,1243998,0.0,0.0
2020-07-22 00:00:00+09:00,30612.41098022461,31535.64242248535,29494.815023803712,31098.322265625,1388020,0.0,0.0
2020-07-23 00:00:00+09:00,31146.91517590565,31389.87083250398,30077.910286873008,30515.23046875,768072,0.0,0.0
2020-07-24 00:00:00+09:00,29834.951668213696,30320.862933168315,29397.631529754537,29446.22265625,909585,0.0,0.0
2020-07-27 00:00:00+09:00,29154.677370340356,31098.322528363045,29106.08624138979,29980.7265625,987633,0.0,0.0
2020-07-28 00:00:00+09:00,30320.864256198347,30320.864256198347,29349.041683884298,29397.6328125,583736,0.0,0.0
2020-07-29 00:00:00+09:00,29543.405899999998,30515.2284625,28911.721234375,30369.455078125,849632,0.0,0.0
2020-07-30 00:00:00+09:00,30709.591698232325,30709.591698232325,28717.355527935608,28863.12890625,1023156,0.0,0.0
2020-07-31 00:00:00+09:00,28620.17333411851,29397.63135338149,28571.582207914573,29008.90234375,685383,0.0,0.0
2020-08-03 00:00:00+09:00,29057.4948608804,29446.223889119603,28182.854547342195,29251.859375,767135,0.0,0.0
2020-08-04 00:00:00+09:00,29640.589591931996,31001.141245332154,29251.86054810338,30903.958984375,1294865,0.0,0.0
2020-08-05 00:00:00+09:00,31730.00464052987,32167.324765743913,30903.95551512557,31924.369140625,1236658,0.0,0.0
2020-08-06 00:00:00+09:00,32118.738026098366,32361.693684389582,31146.915392933515,31244.09765625,731407,0.0,0.0
2020-08-07 00:00:00+09:00,31341.276787860577,32070.143689903845,31146.912280649038,31584.232421875,598854,0.0,0.0
2020-08-10 00:00:00+09:00,32264.50984286723,36443.34696106992,31730.00742077154,34402.51953125,3043325,0.0,0.0
2020-08-11 00:00:00+09:00,34159.56121826172,35763.068359375,33430.6943359375,34208.15234375,1385777,0.0,0.0
2020-08-12 00:00:00+09:00,34110.968615301725,34645.47097252155,32896.1905307112,33819.421875,878437,0.0,0.0
2020-08-13 00:00:00+09:00,35082.79326026119,37512.34958022388,34596.881996268654,35811.66015625,2522814,0.0,0.0
2020-08-14 00:00:00+09:00,36103.20804676754,37415.16850068776,34208.154057771666,35325.75,1402781,0.0,0.0
2020-08-18 00:00:00+09:00,35325.7506736866,36006.02647758152,32653.238586956522,33527.87890625,1409958,0.0,0.0
2020-08-19 00:00:00+09:00,33722.24298037889,36443.34616035183,33430.696211096074,35908.84375,1819606,0.0,0.0
2020-08-20 00:00:00+09:00,35374.3365625,35471.51880580357,33187.736088169644,34013.78515625,1401052,0.0,0.0
2020-08-21 00:00:00+09:00,34256.74589082792,34839.839437905845,32750.420894209954,33673.65234375,903265,0.0,0.0
2020-08-24 00:00:00+09:00,33139.14758300781,34791.245849609375,32458.871826171875,34208.15234375,758511,0.0,0.0
2020-08-25 00:00:00+09:00,34645.473940045646,35374.34085323034,34208.153792134835,34596.8828125,616512,0.0,0.0
2020-08-26 00:00:00+09:00,34985.61077586207,35471.52203663793,34013.78825431034,35228.56640625,795745,0.0,0.0
2020-08-27 00:00:00+09:00,35131.38095424107,35131.38095424107,33916.60291294643,34013.78515625,811132,0.0,0.0
2020-08-28 00:00:00+09:00,34013.790397970086,34742.657335069445,33625.06136485043,34110.97265625,629360,0.0,0.0
2020-08-31 00:00:00+09:00,34159.56238791248,34791.247040889524,33382.1043534792,33868.015625,651873,0.0,0.0
2020-09-01 00:00:00+09:00,34548.29200556507,35957.43471746575,34062.380725599316,35471.5234375,1360323,0.0,0.0
2020-09-02 00:00:00+09:00,35957.43635416667,36977.850088541665,35568.7073125,36443.34765625,1128656,0.0,0.0
2020-09-03 00:00:00+09:00,37172.21907307331,38824.31769854324,36006.03180803572,38775.7265625,1666409,0.0,0.0
2020-09-04 00:00:00+09:00,37123.62078737745,39990.49726179534,36929.25628063725,39650.359375,1981297,0.0,0.0
2020-09-07 00:00:00+09:00,40184.860532583836,41594.00316310975,38678.53565167683,39844.72265625,1477521,0.0,0.0
2020-09-08 00:00:00+09:00,39844.720719228506,42079.91236933156,39407.400613773556,41253.86328125,1469307,0.0,0.0
2020-09-09 00:00:00+09:00,40719.360076491386,41788.36475630381,39455.99090944034,39504.58203125,1241204,0.0,0.0
2020-09-10 00:00:00+09:00,40233.45414485837,40962.32106777247,38824.31142722444,39455.99609375,1003341,0.0,0.0
2020-09-11 00:00:00+09:00,39310.221488204654,39941.906135110294,38872.90134803922,39650.359375,613827,0.0,0.0
2020-09-14 00:00:00+09:00,39650.36170212766,39941.908479349186,38678.53911138924,38824.3125,662825,0.0,0.0
2020-09-15 00:00:00+09:00,38970.08722495318,39455.99853698502,38386.99365051498,38921.49609375,368655,0.0,0.0
2020-09-16 00:00:00+09:00,39018.67706709788,39844.72627026185,38775.72141910848,38970.0859375,513571,0.0,0.0
2020-09-17 00:00:00+09:00,38970.08563855229,39261.63241390306,37415.16950334821,38095.4453125,658916,0.0,0.0
2020-09-18 00:00:00+09:00,38289.81265625,38872.90625,37901.08359375,38872.90625,519804,0.0,0.0
2020-09-21 00:00:00+09:00,39407.40694410668,39407.40694410668,37415.17058811608,37463.76171875,536332,0.0,0.0
2020-09-22 00:00:00+09:00,37220.80554496951,37949.672494283535,35665.88938643293,35860.25390625,917077,0.0,0.0
2020-09-23 00:00:00+09:00,36443.35045079961,37609.537665225194,34256.74942375163,37220.80859375,906920,0.0,0.0
2020-09-24 00:00:00+09:00,36248.975556930694,36686.295637376235,33770.82843440594,34353.921875,1294436,0.0,0.0
2020-09-25 00:00:00+09:00,34888.429237211814,35471.522762067725,33479.28655214337,33722.2421875,917439,0.0,0.0
2020-09-28 00:00:00+09:00,34742.65706913499,37172.21350753604,34305.3369102228,37075.03125,1318521,0.0,0.0
2020-09-29 00:00:00+09:00,37269.39710477941,37803.899540441176,35665.889797794116,37172.21484375,1087589,0.0,0.0
2020-10-05 00:00:00+09:00,37172.21426504629,37317.98765432098,34694.066647376545,35422.93359375,1140397,0.0,0.0
2020-10-06 00:00:00+09:00,35422.93102877052,36248.9801748461,34742.65526141416,35520.11328125,717116,0.0,0.0
2020-10-07 00:00:00+09:00,35957.43482506793,36248.98159391984,35520.114671790085,35763.0703125,432194,0.0,0.0
2020-10-08 00:00:00+09:00,36103.206553155425,36103.206553155425,34596.881649860916,34937.01953125,864934,0.0,0.0
2020-10-12 00:00:00+09:00,35034.201350958094,35179.97472689828,33819.42321812321,33916.60546875,849992,0.0,0.0
2020-10-13 00:00:00+09:00,34937.018506659835,35665.88537397541,34256.742763831964,35568.703125,1341190,0.0,0.0
2020-10-14 00:00:00+09:00,35714.47754585362,35763.06867176634,34548.29052394819,34937.01953125,1077235,0.0,0.0
2020-10-15 00:00:00+09:00,35228.568253258076,35568.70615363436,31924.371506745596,33090.55859375,2475514,0.0,0.0
2020-10-16 00:00:00+09:00,32993.37138770803,34110.96717845514,32361.686810329233,33576.46484375,1040156,0.0,0.0
2020-10-19 00:00:00+09:00,33333.516709421645,33868.01916394589,32361.69406483209,32556.05859375,909606,0.0,0.0
2020-10-20 00:00:00+09:00,32264.510479041917,32750.421781437126,31389.87013473054,32458.875,943350,0.0,0.0
2020-10-21 00:00:00+09:00,32458.876409948225,33236.33452755178,31875.78282174556,32847.60546875,517235,0.0,0.0
2020-10-22 00:00:00+09:00,32410.2822640649,32847.60241455453,31584.233090917816,31632.82421875,714155,0.0,0.0
2020-10-23 00:00:00+09:00,31632.824937380723,32264.509613549617,31195.504776956106,31827.189453125,544453,0.0,0.0
2020-10-26 00:00:00+09:00,31924.369953396956,32215.916710962225,30029.316029222704,30709.591796875,871252,0.0,0.0
2020-10-27 00:00:00+09:00,30563.82055512422,31730.007666925463,29932.135869565216,31292.6875,791373,0.0,0.0
2020-10-28 00:00:00+09:00,31098.321320182094,32070.143861437784,30466.636668365896,32021.552734375,441231,0.0,0.0
2020-10-29 00:00:00+09:00,31098.324175824175,31827.191148695052,30515.230597527472,30952.55078125,707059,0.0,0.0
2020-10-30 00:00:00+09:00,30758.186544215427,30952.55107214096,29640.590508643618,29689.181640625,521980,0.0,0.0
2020-11-02 00:00:00+09:00,29349.04340003943,30903.959606664037,29349.04340003943,30806.77734375,597456,0.0,0.0
2020-11-03 00:00:00+09:00,30952.5477734375,32215.917070312502,30952.5477734375,31584.232421875,697956,0.0,0.0
2020-11-04 00:00:00+09:00,32118.737088323353,32556.057260479043,31244.096744011975,32458.875,590494,0.0,0.0
2020-11-05 00:00:00+09:00,32701.828733622522,34596.88270184136,32556.055351451843,34305.3359375,1397495,0.0,0.0
2020-11-06 00:00:00+09:00,34402.51653211175,34742.65440742925,33333.511781113935,33479.28515625,633520,0.0,0.0
2020-11-09 00:00:00+09:00,33770.83348150782,34791.24715504979,33770.83348150782,34159.5625,481611,0.0,0.0
2020-11-10 00:00:00+09:00,35665.88904506625,35763.071304044635,34596.88419630405,34839.83984375,864561,0.0,0.0
2020-11-11 00:00:00+09:00,35034.20405825286,35082.79518732117,33722.24357340844,33965.19921875,576008,0.0,0.0
2020-11-12 00:00:00+09:00,34159.56238791248,34791.247040889524,33673.65111639168,33868.015625,496674,0.0,0.0
2020-11-13 00:00:00+09:00,34013.78938892758,35131.38532599234,33625.06036733984,34888.4296875,662367,0.0,0.0
2020-11-16 00:00:00+09:00,34888.43166625656,37269.39705852198,34888.43166625656,37026.44140625,1428812,0.0,0.0
2020-11-17 00:00:00+09:00,37366.579272686104,38386.99301095191,36637.71231678195,36880.66796875,1351461,0.0,0.0
2020-11-18 00:00:00+09:00,37026.43943106964,38775.720034112295,36783.48379175816,38727.12890625,956715,0.0,0.0
2020-11-19 00:00:00+09:00,38727.13410313285,38775.725237515704,37706.72028109297,38678.54296875,793053,0.0,0.0
2020-11-20 00:00:00+09:00,38678.544290413534,39456.00246710527,38435.588610197374,38775.7265625,649830,0.0,0.0
2020-11-23 00:00:00+09:00,38775.72137046308,40039.09073842303,38629.94798185232,38824.3125,923989,0.0,0.0
2020-11-24 00:00:00+09:00,38581.361838942306,39310.22887620192,37512.356850961536,37901.0859375,874238,0.0,0.0
2020-11-25 00:00:00+09:00,38338.4063381109,39747.549283364664,38046.859521851504,38775.7265625,1490115,0.0,0.0
2020-11-26 00:00:00+09:00,39164.45546875,39261.63774038461,37415.17457932692,37901.0859375,903726,0.0,0.0
2020-11-27 00:00:00+09:00,37901.08212070611,38532.76682271788,37269.39741869434,38192.62890625,750227,0.0,0.0
2020-11-30 00:00:00+09:00,38192.62848937747,38386.99301095191,36880.66796875,36880.66796875,643014,0.0,0.0
2020-12-01 00:00:00+09:00,36929.2582592122,38581.35665501906,36006.02680273189,38241.21875,996277,0.0,0.0
2020-12-02 00:00:00+09:00,38435.584515684866,39358.816002155174,37269.39737488027,38046.85546875,1412923,0.0,0.0
2020-12-03 00:00:00+09:00,39261.630021676305,42371.46210260116,39018.67439035405,42031.32421875,4682037,0.0,0.0
2020-12-04 00:00:00+09:00,41642.59139087485,41739.77363449416,39164.44417858241,39504.58203125,2108536,0.0,0.0
2020-12-07 00:00:00+09:00,39407.40713302203,39455.99826388889,37317.988505747126,38046.85546875,1618007,0.0,0.0
2020-12-08 00:00:00+09:00,37803.896757503295,38581.35478850594,36832.07421875,36832.07421875,1202637,0.0,0.0
2020-12-09 00:00:00+09:00,37172.212164298624,37755.30568844448,36929.25652923785,36977.84765625,655319,0.0,0.0
2020-12-10 00:00:00+09:00,36734.8934990285,37706.71607836788,36248.98220935881,37512.3515625,725440,0.0,0.0
2020-12-11 00:00:00+09:00,37415.173235887094,37998.266844758065,37317.990967741935,37658.12890625,649909,0.0,0.0
2020-12-14 00:00:00+09:00,37512.35405759163,37658.127454188485,36443.34914921466,37123.625,403244,0.0,0.0
2020-12-15 00:00:00+09:00,36783.48314820138,37220.803291310775,36346.163005091985,36977.84765625,508665,0.0,0.0
2020-12-16 00:00:00+09:00,37269.39705852198,37317.98818897638,36686.30349306922,37026.44140625,431829,0.0,0.0
2020-12-17 00:00:00+09:00,36783.48411177561,37026.43975320081,35763.07041778976,36054.6171875,652423,0.0,0.0
2020-12-18 00:00:00+09:00,36103.20708884886,36540.52722855228,35763.06920241287,36248.98046875,343038,0.0,0.0
2020-12-21 00:00:00+09:00,36248.98289753401,36248.98289753401,35520.11594919218,35714.48046875,369033,0.0,0.0
2020-12-22 00:00:00+09:00,35568.699876237624,35908.83771658416,34110.96627475247,34353.921875,641839,0.0,0.0
2020-12-23 00:00:00+09:00,34402.51760178331,36151.79815780619,33965.19746277759,36103.20703125,756505,0.0,0.0
2020-12-24 00:00:00+09:00,36054.618473768554,36394.75638389845,35568.707173582996,36006.02734375,430320,0.0,0.0
2020-12-28 00:00:00+09:00,36103.20753348214,37706.71473214286,35374.340625,37415.16796875,1101597,0.0,0.0
2020-12-29 00:00:00+09:00,37565.430243369985,37858.147881630015,36736.06360163325,37711.7890625,552737,154.0,0.0
2020-12-30 00:00:00+09:00,37711.79075113932,38150.8672281901,37126.355448404945,37467.859375,483327,0.0,0.0
2021-01-04 00:00:00+09:00,37467.858854860184,37516.64512941078,36540.9196383988,36638.4921875,677834,0.0,0.0
2021-01-05 00:00:00+09:00,36638.49107592282,36736.06362206376,35760.33816065436,36345.7734375,757834,0.0,0.0
2021-01-06 00:00:00+09:00,36492.132833787466,36931.209298365124,35760.338726158036,35809.125,571963,0.0,0.0
2021-01-07 00:00:00+09:00,35760.33984375,36150.63004668315,35613.98101765007,35760.33984375,668578,0.0,0.0
2021-01-08 00:00:00+09:00,36394.55915178571,37321.498325892855,35760.337611607145,36882.421875,1220577,0.0,0.0
2021-01-11 00:00:00+09:00,37175.14009625345,37223.926369345645,34687.04016855145,35321.26171875,1718449,0.0,0.0
2021-01-12 00:00:00+09:00,35321.261708163955,36394.5597158706,34784.61270431064,36004.26953125,921259,0.0,0.0
2021-01-13 00:00:00+09:00,36004.26730363176,37272.71032516892,35662.76341321791,36101.83984375,1090640,0.0,0.0
2021-01-14 00:00:00+09:00,36248.197537112006,37028.7778340081,36101.838731444,36150.625,633399,0.0,0.0
2021-01-15 00:00:00+09:00,36540.917392241376,37175.13892241379,35272.47433189655,35370.046875,681564,0.0,0.0
2021-01-18 00:00:00+09:00,35272.4782599234,35711.554752785516,34345.538997214484,35028.546875,449879,0.0,0.0
2021-01-19 00:00:00+09:00,34735.82752568493,35711.55301797945,34735.82752568493,35613.98046875,357336,0.0,0.0
2021-01-20 00:00:00+09:00,35809.12388392857,37809.361049107145,35662.76506696428,37565.4296875,1984739,0.0,0.0
2021-01-21 00:00:00+09:00,37663.005077608985,37809.36390563078,36589.70700544914,36931.2109375,740982,0.0,0.0
2021-01-22 00:00:00+09:00,36931.207591488484,37858.14675164474,36394.558604029604,37077.56640625,1011279,0.0,0.0
2021-01-25 00:00:00+09:00,37467.85941644562,37663.00451757295,36687.27901193634,36784.8515625,690233,0.0,0.0
2021-01-26 00:00:00+09:00,36833.63965380323,36882.42593149038,35370.05132318853,35516.41015625,870210,0.0,0.0
2021-01-27 00:00:00+09:00,36004.26838822798,36004.26838822798,34150.39007013494,34345.53515625,1510032,0.0,0.0
2021-01-28 00:00:00+09:00,33613.74500709187,34638.256828788435,33174.668512079064,33321.02734375,999684,0.0,0.0
2021-01-29 00:00:00+09:00,33662.52908653847,33857.67418269231,31272.001658653848,31711.078125,1119411,0.0,0.0
2021-02-01 00:00:00+09:00,31272.000558035714,32881.947544642855,30637.77901785714,32784.375,754544,0.0,0.0
2021-02-02 00:00:00+09:00,32930.738235428886,34687.04427465176,32589.23428335777,33272.2421875,939832,0.0,0.0
2021-02-03 00:00:00+09:00,33467.3828125,33760.10044642857,33125.87890625,33467.3828125,402083,0.0,0.0
2021-02-04 00:00:00+09:00,33516.1685117713,33516.1685117713,32540.44308202541,32638.015625,420001,0.0,0.0
2021-02-05 00:00:00+09:00,32784.374718890555,32979.519806503,32101.366912247002,32540.443359375,318179,0.0,0.0
2021-02-08 00:00:00+09:00,32247.72655665232,32930.73438084768,32003.795190868263,32589.23046875,292457,0.0,0.0
2021-02-09 00:00:00+09:00,32881.94981381976,32881.94981381976,32198.94195418552,32345.30078125,314183,0.0,0.0
2021-02-10 00:00:00+09:00,32491.65681629068,33613.74106069712,32394.084273298817,32979.51953125,528299,0.0,0.0
2021-02-15 00:00:00+09:00,33077.09595763177,33662.53128431552,32979.52340318448,33321.02734375,396487,0.0,0.0
2021-02-16 00:00:00+09:00,33418.5991619513,35565.1953125,33028.30895276063,35565.1953125,1548236,0.0,0.0
2021-02-17 00:00:00+09:00,35613.983128324464,37272.71658909574,34638.257563164894,36687.28125,2257281,0.0,0.0
2021-02-18 00:00:00+09:00,36833.63389463683,37272.71032516892,35516.404603040544,36101.83984375,1048365,0.0,0.0
2021-02-19 00:00:00+09:00,36053.05636920981,36248.20146457766,34345.53678474115,35809.125,826583,0.0,0.0
2021-02-22 00:00:00+09:00,35809.12905417251,36248.205568460726,34540.68579067321,34784.6171875,572125,0.0,0.0
2021-02-23 00:00:00+09:00,34345.53626760563,35370.048002860916,33857.67353653169,34638.25390625,562824,0.0,0.0
2021-02-24 00:00:00+09:00,34979.75781800176,36540.91855743838,34247.96372139084,34638.25390625,1259163,0.0,0.0
2021-02-25 00:00:00+09:00,35272.474888392855,36784.849330357145,34833.3984375,36540.91796875,1558779,0.0,0.0
2021-02-26 00:00:00+09:00,35418.8353702911,36004.270665667806,34979.75889875856,35613.98046875,1054336,0.0,0.0
2021-03-02 00:00:00+09:00,36150.62779017857,37272.71205357143,35857.91015625,36882.421875,1482936,0.0,0.0
2021-03-03 00:00:00+09:00,36784.84988471673,37321.49888833992,36248.200881093544,37028.78125,910732,0.0,0.0
2021-03-04 00:00:00+09:00,36589.70367472936,36589.70367472936,35467.619428704325,36053.0546875,1044756,0.0,0.0
2021-03-05 00:00:00+09:00,35418.833705357145,37467.857142857145,35126.11607142857,36540.91796875,2420151,0.0,0.0
2021-03-08 00:00:00+09:00,36638.49462206758,36687.28089985994,34638.25723258053,34833.40234375,1642690,0.0,0.0
2021-03-09 00:00:00+09:00,34540.683114035084,34882.18704312865,32784.37719298246,33369.8125,1078608,0.0,0.0
2021-03-10 00:00:00+09:00,33906.460136894704,34394.32287267737,32394.08565596847,32491.658203125,607663,0.0,0.0
2021-03-11 00:00:00+09:00,32589.229910714286,33564.955357142855,32589.229910714286,33467.3828125,518613,0.0,0.0
2021-03-12 00:00:00+09:00,33564.95480072464,34101.60378736413,33467.382257699275,33662.52734375,644453,0.0,0.0
2021-03-15 00:00:00+09:00,33662.52790178571,33662.52790178571,32833.16127232143,33467.3828125,356628,0.0,0.0
2021-03-16 00:00:00+09:00,33564.955357142855,34296.74944196428,33467.3828125,34150.390625,410465,0.0,0.0
2021-03-17 00:00:00+09:00,34150.39118065434,34540.68136557611,33955.24608819346,34296.75,328527,0.0,0.0
2021-03-18 00:00:00+09:00,34735.82532848011,34979.75668612393,34199.176341663704,34345.53515625,385881,0.0,0.0
2021-03-19 00:00:00+09:00,33808.88671875,34491.89453125,33662.52790178571,34491.89453125,312519,0.0,0.0
2021-03-22 00:00:00+09:00,34247.96206302966,34540.6796875,33955.244438559326,34540.6796875,232718,0.0,0.0
2021-03-23 00:00:00+09:00,34540.6796875,35028.542394950564,34345.53460451977,34540.6796875,397899,0.0,0.0
2021-03-24 00:00:00+09:00,34199.17852048755,35321.26283713693,33906.46087266597,35272.4765625,692674,0.0,0.0
2021-03-25 00:00:00+09:00,35321.262821061646,35711.55301797945,34638.25497645548,35613.98046875,433751,0.0,0.0
2021-03-26 00:00:00+09:00,35613.98278842787,35613.98278842787,34638.25723258053,34833.40234375,464541,0.0,0.0
2021-03-29 00:00:00+09:00,34638.25675887733,34638.25675887733,34004.03515625,34004.03515625,375023,0.0,0.0
2021-03-30 00:00:00+09:00,34101.60654406601,34882.18695136938,33857.67516678371,34735.828125,318517,0.0,0.0
2021-03-31 00:00:00+09:00,34687.041849543544,35321.26343047753,34247.96537043539,34735.828125,309757,0.0,0.0
2021-04-01 00:00:00+09:00,34784.61503174532,34833.40130808718,33711.31695222443,33857.67578125,511779,0.0,0.0
2021-04-02 00:00:00+09:00,33906.46148594198,34296.75169009671,33711.316383864614,34052.8203125,278205,0.0,0.0
2021-04-05 00:00:00+09:00,34052.81638929088,34247.961468885675,33662.5262301013,33711.3125,286915,0.0,0.0
2021-04-06 00:00:00+09:00,33760.1021302689,33857.67467977834,33369.8119322311,33564.95703125,290748,0.0,0.0
2021-04-07 00:00:00+09:00,33760.10044642857,35028.54352678571,33467.3828125,34150.390625,576216,0.0,0.0
2021-04-08 00:00:00+09:00,34540.68193401288,34638.25448184907,33955.24664699571,34101.60546875,295998,0.0,0.0
2021-04-09 00:00:00+09:00,34150.390625,34247.963169642855,33223.451450892855,33467.3828125,529463,0.0,0.0
2021-04-12 00:00:00+09:00,33613.74332323788,33613.74332323788,33077.09430066079,33223.453125,411895,0.0,0.0
2021-04-13 00:00:00+09:00,33077.09484649123,33369.8125,32979.522295321636,33369.8125,272240,0.0,0.0
2021-04-14 00:00:00+09:00,33077.096534425626,33272.24164672312,32979.52397827688,33125.8828125,327811,0.0,0.0
2021-04-15 00:00:00+09:00,33174.6696297654,33418.6010241019,33028.31079316349,33272.2421875,250118,0.0,0.0
2021-04-16 00:00:00+09:00,33272.23827002514,33955.24609375,33272.23827002514,33955.24609375,484837,0.0,0.0
2021-04-19 00:00:00+09:00,33955.24836244542,33955.24836244542,33369.81304585153,33516.171875,341022,0.0,0.0
2021-04-20 00:00:00+09:00,33516.16852921196,33760.099886775366,33321.02344316123,33662.52734375,226884,0.0,0.0
2021-04-21 00:00:00+09:00,33467.38903249631,33467.38903249631,32930.73993722304,33028.3125,429752,0.0,0.0
2021-04-22 00:00:00+09:00,33272.24106652635,33516.17245264458,33125.88223485542,33321.02734375,207036,0.0,0.0
2021-04-23 00:00:00+09:00,33223.45088872966,33223.45088872966,32881.94698825814,32979.51953125,241592,0.0,0.0
2021-04-26 00:00:00+09:00,33125.878345737794,33223.45088872966,32881.94698825814,32979.51953125,194767,0.0,0.0
2021-04-27 00:00:00+09:00,32930.7377002025,33174.669090574374,32881.95142212813,33125.8828125,207850,0.0,0.0
2021-04-28 00:00:00+09:00,33125.87862221233,33174.66489411544,32491.65708747189,32540.443359375,288469,0.0,0.0
2021-04-29 00:00:00+09:00,32784.374718890555,32930.73353459989,32198.939456053224,32540.443359375,198668,0.0,0.0
2021-04-30 00:00:00+09:00,32589.231893522036,32686.804444101443,31711.078938307368,32101.369140625,356831,0.0,0.0
2021-05-03 00:00:00+09:00,32003.79464285714,32345.29854910714,30393.84765625,30735.3515625,746714,0.0,0.0
2021-05-04 00:00:00+09:00,30442.63668779715,30930.499455229794,29564.483706418385,30784.140625,609705,0.0,0.0
2021-05-06 00:00:00+09:00,30442.6344911147,30686.5658572294,29857.199212439416,30198.703125,582659,0.0,0.0
2021-05-07 00:00:00+09:00,30198.70308954236,32345.299108831317,30149.916816376703,32247.7265625,783825,0.0,0.0
2021-05-10 00:00:00+09:00,32394.08754595588,33223.45424517463,32150.15616383272,33174.66796875,524690,0.0,0.0
2021-05-11 00:00:00+09:00,32686.803020990923,32735.589294156583,32052.58146983737,32247.7265625,354275,0.0,0.0
2021-05-12 00:00:00+09:00,32442.87601977323,33174.67021570796,31955.01322248341,33077.09765625,602064,0.0,0.0
2021-05-13 00:00:00+09:00,32345.29799607623,33272.23715433483,32052.580367152466,32638.015625,472059,0.0,0.0
2021-05-14 00:00:00+09:00,32930.736964658776,35613.98219881616,32833.16441068942,35028.546875,2127257,0.0,0.0
2021-05-17 00:00:00+09:00,35321.26437998008,37077.5703436255,34735.82905876494,36736.06640625,3014488,0.0,0.0
2021-05-18 00:00:00+09:00,36736.06470588235,37516.64509803922,36394.560784313726,37321.5,1477008,0.0,0.0
2021-05-20 00:00:00+09:00,37028.78346388252,37565.43249959097,36443.34815220059,37272.71484375,824705,0.0,0.0
2021-05-21 00:00:00+09:00,37028.7778340081,37614.213056680164,36101.838731444,36150.625,883571,0.0,0.0
2021-05-24 00:00:00+09:00,36101.84095906631,36784.84876099459,35809.123329668466,36053.0546875,784225,0.0,0.0
2021-05-25 00:00:00+09:00,36540.918509459894,38053.29297380336,36345.773417286546,37711.7890625,1199877,0.0,0.0
2021-05-26 00:00:00+09:00,37906.935278699806,38053.29410216969,36784.8509654307,37663.00390625,688127,0.0,0.0
2021-05-27 00:00:00+09:00,37906.93414963942,38102.07924178686,36784.849869791666,38053.29296875,719829,0.0,0.0
2021-05-28 00:00:00+09:00,38053.29411764706,38053.29411764706,37077.56862745098,37321.5,520079,0.0,0.0
2021-05-31 00:00:00+09:00,37467.85984848485,39516.88343394886,37077.569641729795,38638.73046875,1665267,0.0,0.0
2021-06-01 00:00:00+09:00,38882.660722730136,38931.446997162675,37809.36268521437,38687.515625,677980,0.0,0.0
2021-06-02 00:00:00+09:00,38687.51109958924,38785.083637040916,37809.35826252416,37858.14453125,491573,0.0,0.0
2021-06-03 00:00:00+09:00,38004.509448366116,39224.1663626269,37809.36434208439,38443.5859375,667047,0.0,0.0
2021-06-04 00:00:00+09:00,38394.79688510673,38638.72825032342,36979.99496684994,37711.7890625,527736,0.0,0.0
2021-06-07 00:00:00+09:00,38150.86716769645,39419.31032160963,38150.86716769645,38492.37109375,557026,0.0,0.0
2021-06-08 00:00:00+09:00,38150.86606012658,38785.087618670885,38004.50723892405,38541.15625,340565,0.0,0.0
2021-06-09 00:00:00+09:00,38297.22545932285,38980.233301909495,37858.14898908857,38004.5078125,410011,0.0,0.0
2021-06-10 00:00:00+09:00,38053.29129177378,38687.51281330334,37663.00112467866,37955.71875,386569,0.0,0.0
2021-06-11 00:00:00+09:00,38004.50885872966,39175.379478254064,37955.72258291615,38980.234375,575913,0.0,0.0
2021-06-14 00:00:00+09:00,39419.31024326805,40834.11221982099,39175.378868000305,39858.38671875,967535,0.0,0.0
2021-06-15 00:00:00+09:00,40053.529575892855,41224.400111607145,39712.025669642855,40297.4609375,999850,0.0,0.0
2021-06-16 00:00:00+09:00,40297.459793734495,40492.60487748139,39224.161833126556,39321.734375,585151,0.0,0.0
2021-06-17 00:00:00+09:00,38931.44476677389,39955.95647116268,38638.72713694853,39809.59765625,527508,0.0,0.0
2021-06-18 00:00:00+09:00,40102.31424621653,42346.48268335273,40053.527975844,41907.40625,1637073,0.0,0.0
2021-06-21 00:00:00+09:00,41468.33147321428,42444.056919642855,41224.400111607145,42004.98046875,644465,0.0,0.0
2021-06-22 00:00:00+09:00,42736.775133451956,43810.0731390866,40882.89676008304,41126.828125,910557,0.0,0.0
2021-06-23 00:00:00+09:00,41175.613290355475,43127.06415719697,40590.17803030303,41858.62109375,1145979,0.0,0.0
2021-06-24 00:00:00+09:00,41956.19476571768,42004.98103870107,40638.96539516607,41126.828125,454305,0.0,0.0
2021-06-25 00:00:00+09:00,40980.46991604478,41126.828737173506,39029.018967661694,39224.1640625,892116,0.0,0.0
2021-06-28 00:00:00+09:00,39126.59320244055,39321.73830569462,38443.585341051315,38980.234375,502771,0.0,0.0
2021-06-29 00:00:00+09:00,38980.23102397799,39272.94865369497,38248.436949685536,38785.0859375,549942,0.0,0.0
2021-06-30 00:00:00+09:00,38833.87112268519,39614.45144675926,38736.29858217593,39516.87890625,443636,0.0,0.0
2021-07-01 00:00:00+09:00,39516.88113496932,39907.1713190184,39126.59095092025,39760.8125,1298971,0.0,0.0
2021-07-02 00:00:00+09:00,40882.89970386534,40931.685980361595,38004.509390586034,39126.59375,1547696,0.0,0.0
2021-07-05 00:00:00+09:00,39468.09486196319,40199.88895705521,39126.59095092025,39760.8125,666903,0.0,0.0
2021-07-06 00:00:00+09:00,39224.16630299252,39760.815344451374,38833.876091022445,39126.59375,430892,0.0,0.0
2021-07-07 00:00:00+09:00,39126.59269101662,39175.37896619245,38053.294637148334,38150.8671875,528911,0.0,0.0
2021-07-08 00:00:00+09:00,38541.155699118586,38687.51451822917,37370.285146233975,38053.29296875,443342,0.0,0.0
2021-07-09 00:00:00+09:00,37370.28515119664,37858.147881630015,36833.636147719924,37711.7890625,513881,0.0,0.0
2021-07-12 00:00:00+09:00,37906.93470126916,38443.58371248403,37272.713142560664,38199.65234375,327743,0.0,0.0
2021-07-13 00:00:00+09:00,38297.22651361076,40053.53244289737,38199.65396198373,38980.234375,882981,0.0,0.0
2021-07-14 00:00:00+09:00,39077.80577683508,40199.890087530715,38980.233228078934,39712.02734375,652753,0.0,0.0
2021-07-15 00:00:00+09:00,40004.74216811415,40248.67352279777,39126.589291253105,39321.734375,406506,0.0,0.0
2021-07-16 00:00:00+09:00,39321.73549107143,39809.59821428571,38931.4453125,39272.94921875,425612,0.0,0.0
2021-07-19 00:00:00+09:00,39029.02289836889,39077.80917699185,38346.01499764743,38882.6640625,353624,0.0,0.0
2021-07-20 00:00:00+09:00,38248.44026199495,39175.379503038195,38248.44026199495,38638.73046875,280940,0.0,0.0
2021-07-21 00:00:00+09:00,38931.44753074408,39955.95930786893,38785.08870544053,39175.37890625,483653,0.0,0.0
2021-07-22 00:00:00+09:00,39565.6640625,39955.95421354809,39272.94644921393,39565.6640625,393921,0.0,0.0
2021-07-23 00:00:00+09:00,39858.38775481631,41078.04466285842,39272.95243895609,40834.11328125,636567,0.0,0.0
2021-07-26 00:00:00+09:00,41370.76283943329,42736.77859356553,40882.90007010035,41321.9765625,986606,0.0,0.0
2021-07-27 00:00:00+09:00,41565.904017857145,41761.049107142855,39614.453125,39614.453125,557060,0.0,0.0
2021-07-28 00:00:00+09:00,39614.453125,40151.10212053571,38980.23158482143,39272.94921875,351257,0.0,0.0
2021-07-29 00:00:00+09:00,39272.947554976854,40004.7416087963,39029.01620370371,39516.87890625,226916,0.0,0.0
2021-07-30 00:00:00+09:00,39516.88227539063,39516.88227539063,38638.7293359375,39029.01953125,367430,0.0,0.0
2021-08-02 00:00:00+09:00,39029.01953125,39419.309726562504,38589.94306152344,39029.01953125,182025,0.0,0.0
2021-08-03 00:00:00+09:00,39272.95149615811,39321.73777130862,37955.72206709442,38492.37109375,426738,0.0,0.0
2021-08-04 00:00:00+09:00,38687.51449386503,40199.88895705521,38492.369401840486,39760.8125,679397,0.0,0.0
2021-08-05 00:00:00+09:00,40004.74330357143,40736.537388392855,39565.66685267857,40297.4609375,487996,0.0,0.0
2021-08-06 00:00:00+09:00,40199.88734303653,43175.84987692637,39809.59717465754,42736.7734375,1494434,0.0,0.0
2021-08-09 00:00:00+09:00,42931.920193385646,45078.51620305493,42346.4849180213,43517.35546875,1463199,0.0,0.0
2021-08-10 00:00:00+09:00,43712.500569476084,44639.43975565917,42785.561383292996,42834.34765625,521383,0.0,0.0
2021-08-11 00:00:00+09:00,43078.28185027236,44834.58779207282,42395.27398401663,42541.6328125,688210,0.0,0.0
2021-08-12 00:00:00+09:00,42395.2717142808,44444.29520334846,41273.187422648516,44346.72265625,964214,0.0,0.0
2021-08-13 00:00:00+09:00,44297.93583590246,44444.29465474355,42151.33982623318,43517.35546875,653559,0.0,0.0
2021-08-17 00:00:00+09:00,43712.50403225807,44297.939354118666,41565.90785210254,42346.48828125,737004,0.0,0.0
2021-08-18 00:00:00+09:00,40736.53573409763,42834.34535872781,39809.596597633135,41224.3984375,1708132,0.0,0.0
2021-08-19 00:00:00+09:00,40980.46758684864,41029.25385778536,39272.948104063275,39321.734375,1017126,0.0,0.0
2021-08-20 00:00:00+09:00,39321.73259302513,39712.02274283183,37321.495575265784,37858.14453125,857255,0.0,0.0
2021-08-23 00:00:00+09:00,38589.940865310964,39955.95647116268,38248.43696384804,39809.59765625,573354,0.0,0.0
2021-08-24 00:00:00+09:00,40443.818138824216,42346.48268335273,39712.02408323632,41907.40625,1053517,0.0,0.0
2021-08-25 00:00:00+09:00,42931.92020216401,43566.14175060507,42102.55356189493,42834.34765625,766911,0.0,0.0
2021-08-26 00:00:00+09:00,43224.64003274805,44102.792990523965,42736.7772784281,43761.2890625,781590,0.0,0.0
2021-08-27 00:00:00+09:00,43419.781232163245,43907.64394263698,41858.620558647264,42736.7734375,622935,0.0,0.0
2021-08-30 00:00:00+09:00,42590.41285738032,42785.5579334737,40248.67194425975,41273.18359375,803222,0.0,0.0
2021-08-31 00:00:00+09:00,40931.6835754323,42248.91296343787,40736.538480912954,41614.69140625,346941,0.0,0.0
2021-09-01 00:00:00+09:00,41468.33539329988,41956.19816263282,40980.47262396694,41321.9765625,236057,0.0,0.0
2021-09-02 00:00:00+09:00,41663.4765625,41858.62165178571,40297.4609375,40297.4609375,332886,0.0,0.0
2021-09-03 00:00:00+09:00,40492.6088753075,40541.39515106089,39126.593154212795,39663.2421875,830737,0.0,0.0
2021-09-06 00:00:00+09:00,39809.59989250614,39858.386166884215,38833.87440494472,39712.02734375,327093,0.0,0.0
2021-09-07 00:00:00+09:00,39955.958687160324,41126.82927139946,39126.59202332428,40395.03515625,598215,0.0,0.0
2021-09-08 00:00:00+09:00,40199.8918329177,40248.678109413966,39077.80747350374,39126.59375,513084,0.0,0.0
2021-09-09 00:00:00+09:00,39029.02119700748,39565.67023846634,38541.15843204489,39126.59375,511563,0.0,0.0
2021-09-10 00:00:00+09:00,39126.59265075377,39614.455402010055,37809.36322236181,38833.875,660357,0.0,0.0
2021-09-13 00:00:00+09:00,38394.79742879747,39175.377808544305,38394.79742879747,38541.15625,421274,0.0,0.0
2021-09-14 00:00:00+09:00,38736.30022321428,39468.09430803571,38589.94140625,39272.94921875,288963,0.0,0.0
2021-09-15 00:00:00+09:00,39321.73605259051,39516.88114466292,38931.44586844569,39077.8046875,229416,0.0,0.0
2021-09-16 00:00:00+09:00,39516.881149637906,39907.171333831866,38638.72823520151,38736.30078125,275142,0.0,0.0
2021-09-17 00:00:00+09:00,38785.08870544053,39321.73773155355,38492.371054833435,39175.37890625,288517,0.0,0.0
2021-09-23 00:00:00+09:00,38687.513394261005,39077.80356721698,38248.436949685536,38785.0859375,245822,0.0,0.0
2021-09-24 00:00:00+09:00,38980.23611717757,38980.23611717757,38346.01450325603,38394.80078125,208300,0.0,0.0
2021-09-27 00:00:00+09:00,38394.79687008029,39029.01841939546,38248.43805100756,38736.30078125,231891,0.0,0.0
2021-09-28 00:00:00+09:00,38785.08981452618,40199.8918329177,38785.08981452618,39126.59375,659126,0.0,0.0
2021-09-29 00:00:00+09:00,38687.51505169465,39955.95816814366,38150.866040889305,39224.1640625,596016,0.0,0.0
2021-09-30 00:00:00+09:00,39858.38555557591,41663.477679879834,39370.522819277554,41614.69140625,1186168,0.0,0.0
2021-10-01 00:00:00+09:00,41614.69201483243,41809.83711220562,40346.24888190671,40395.03515625,561674,0.0,0.0
2021-10-05 00:00:00+09:00,40004.7469938076,42883.13732628888,39272.952841481856,42346.48828125,1308794,0.0,0.0
2021-10-06 00:00:00+09:00,42834.344808703274,43468.566314982476,41321.970447575935,41761.046875,774905,0.0,0.0
2021-10-07 00:00:00+09:00,42102.55580680829,43517.35779799884,41273.189122317286,42053.76953125,1077193,0.0,0.0
2021-10-08 00:00:00+09:00,41956.193627813984,42004.97989947423,40785.32310796801,41175.61328125,478010,0.0,0.0
2021-10-12 00:00:00+09:00,40834.110506134966,41907.40851226994,39565.66740797546,39760.8125,476715,0.0,0.0
2021-10-13 00:00:00+09:00,39809.595995736905,40590.17630937881,39712.02345653167,40053.52734375,231769,0.0,0.0
2021-10-14 00:00:00+09:00,40346.24885410481,41419.54688891776,39760.813562388656,41078.04296875,500188,0.0,0.0
2021-10-15 00:00:00+09:00,41078.04241470501,41468.33260391836,40492.607130884986,40931.68359375,421948,0.0,0.0
2021-10-18 00:00:00+09:00,41175.61163843458,42102.55076299649,40882.89402015187,41761.046875,462842,0.0,0.0
2021-10-19 00:00:00+09:00,42248.91238076595,43273.42411286304,41565.90455936788,42834.34765625,740315,0.0,0.0
2021-10-20 00:00:00+09:00,43273.4245602975,48639.914641055926,43127.065739913174,47761.76171875,5016388,0.0,0.0
2021-10-21 00:00:00+09:00,47712.97488162879,50152.28852588384,47469.04351720328,48298.41015625,2203924,0.0,0.0
2021-10-22 00:00:00+09:00,48152.04802734375,49371.704765625,47810.544140624996,48786.26953125,998742,0.0,0.0
2021-10-25 00:00:00+09:00,49078.98995535714,50347.43303571428,47517.82924107143,47810.546875,887598,0.0,0.0
2021-10-26 00:00:00+09:00,48103.26399373829,52201.310824847846,47810.546362944755,52103.73828125,1524111,0.0,0.0
2021-10-27 00:00:00+09:00,51615.8788698111,53177.039667385725,51420.733770114275,52298.88671875,1010302,0.0,0.0
2021-10-28 00:00:00+09:00,52201.31195476816,52981.89232044694,50347.43358628107,51030.44140625,840163,0.0,0.0
2021-10-29 00:00:00+09:00,51420.73327170801,51908.596016221374,49859.572489265265,51128.015625,584619,0.0,0.0
2021-11-01 00:00:00+09:00,52298.88561210131,53469.756185506565,49859.57191750703,52006.16796875,954565,0.0,0.0
2021-11-02 00:00:00+09:00,52884.31975966015,52981.89230534218,51128.013937383614,52396.45703125,552262,0.0,0.0
2021-11-03 00:00:00+09:00,52396.459305588374,52884.32205517486,51225.58870658081,51615.87890625,465570,0.0,0.0
2021-11-04 00:00:00+09:00,52298.88449292453,52981.892312794815,50932.868853183965,51713.44921875,677561,0.0,0.0
2021-11-05 00:00:00+09:00,52006.170369068,52981.89589193982,48981.42124816536,49859.57421875,1222269,0.0,0.0
2021-11-08 00:00:00+09:00,49859.57573372148,51518.3091730038,48981.42273645437,51323.1640625,669219,0.0,0.0
2021-11-09 00:00:00+09:00,51518.30465867159,53469.75559271217,50542.57919165129,52884.3203125,848226,0.0,0.0
2021-11-10 00:00:00+09:00,52396.46164977207,52689.179312619955,49762.00268414107,50835.30078125,832933,0.0,0.0
2021-11-11 00:00:00+09:00,50152.28848761792,52201.31194722877,49664.42575913915,51713.44921875,755274,0.0,0.0
2021-11-12 00:00:00+09:00,52689.17817929537,53274.613492398654,50347.43692688224,50542.58203125,739942,0.0,0.0
2021-11-15 00:00:00+09:00,50835.29739534474,52006.16796875,50347.43465642589,52006.16796875,643162,0.0,0.0
2021-11-16 00:00:00+09:00,52494.03068576389,52884.320876736114,50542.57973090278,52689.17578125,800004,0.0,0.0
2021-11-17 00:00:00+09:00,53079.46592960289,57079.94038385605,52103.740452955775,54055.19140625,1867416,0.0,0.0
2021-11-18 00:00:00+09:00,54347.90907078382,54640.626713893966,51713.4502827925,53372.18359375,711919,0.0,0.0
2021-11-19 00:00:00+09:00,53567.32581917476,54055.188531553395,50249.859375,50249.859375,914282,0.0,0.0
2021-11-22 00:00:00+09:00,50249.864482576886,50737.727244543654,47615.405567956346,49176.56640625,1016121,0.0,0.0
2021-11-23 00:00:00+09:00,47908.1172188755,49078.98770080321,47712.97213855422,48591.125,533877,0.0,0.0
2021-11-24 00:00:00+09:00,48591.13052742095,50152.29134757905,47908.122668601776,49371.7109375,658063,0.0,0.0
2021-11-25 00:00:00+09:00,49078.98939284819,49859.56974104459,48591.126675225445,48688.69921875,363312,0.0,0.0
2021-11-26 00:00:00+09:00,48737.48663716377,49274.13563917458,45566.37889800897,46249.38671875,907002,0.0,0.0
2021-11-29 00:00:00+09:00,44834.58480838204,47273.898454104674,44395.50835215197,45907.8828125,634264,0.0,0.0
2021-11-30 00:00:00+09:00,46346.9610407489,46981.18261288547,44005.219851321584,44297.9375,452038,0.0,0.0
2021-12-01 00:00:00+09:00,44493.08091456736,44737.01227923056,42980.70645365553,44541.8671875,463046,0.0,0.0
2021-12-02 00:00:00+09:00,43907.64735414318,44444.296377360486,41956.196360625705,43273.42578125,630586,0.0,0.0
2021-12-03 00:00:00+09:00,44102.7912473517,46249.38728151483,43468.569691803496,46054.2421875,743507,0.0,0.0
2021-12-06 00:00:00+09:00,45907.8794312836,46005.45196992607,44395.50508232527,45371.23046875,475762,0.0,0.0
2021-12-07 00:00:00+09:00,46054.239973958334,47810.545735677086,45420.01844889323,46834.8203125,841361,0.0,0.0
2021-12-08 00:00:00+09:00,47908.11658031088,48054.47538860104,46493.31476683938,47078.75,553613,0.0,0.0
2021-12-09 00:00:00+09:00,47420.260598663925,48395.9861253854,47127.54294064748,47469.046875,484493,0.0,0.0
2021-12-10 00:00:00+09:00,47176.32816598898,48200.839946222455,46493.3203125,46493.3203125,415727,0.0,0.0
2021-12-13 00:00:00+09:00,46737.25001655191,47225.11275158898,46054.2421875,46054.2421875,304312,0.0,0.0
2021-12-14 00:00:00+09:00,45420.02452141142,46834.82657417289,45371.23824372999,45712.7421875,229882,0.0,0.0
2021-12-15 00:00:00+09:00,45712.74164380353,45956.67302930942,45224.878872791756,45566.3828125,195048,0.0,0.0
2021-12-16 00:00:00+09:00,46298.17680517931,48103.26905153509,46249.39052825078,47273.90234375,435808,0.0,0.0
2021-12-17 00:00:00+09:00,46786.03796399528,46883.6105144937,45663.95363326338,46493.3203125,435864,0.0,0.0
2021-12-20 00:00:00+09:00,46346.960397273935,47127.540782912234,45810.31138214761,45859.09765625,279593,0.0,0.0
2021-12-21 00:00:00+09:00,45907.882788657174,48005.69252288912,45907.882788657174,47956.90625,586572,0.0,0.0
2021-12-22 00:00:00+09:00,48493.55580469537,49078.99108603978,48054.47934368706,48444.76953125,356866,0.0,0.0
2021-12-23 00:00:00+09:00,48639.916360530035,48981.42028683265,47225.11438013347,47517.83203125,274377,0.0,0.0
2021-12-24 00:00:00+09:00,47615.40513050153,48054.481612237716,47322.687476010746,47664.19140625,176544,0.0,0.0
2021-12-27 00:00:00+09:00,47712.97765815549,48249.62669112043,46834.82469512195,48005.6953125,241640,0.0,0.0
2021-12-28 00:00:00+09:00,48395.983219844355,50445.006702942606,48298.41067303016,50152.2890625,813314,0.0,0.0
2021-12-29 00:00:00+09:00,50121.825531187875,51104.60642395626,48795.07132595054,49433.87890625,455947,369.0,0.0
2021-12-30 00:00:00+09:00,49630.43211446006,50121.82253143491,48696.79032220784,49826.98828125,274095,0.0,0.0
2022-01-04 00:00:00+09:00,50121.82053199792,50220.09861147242,46976.92198881373,47222.6171875,659142,0.0,0.0
2022-01-05 00:00:00+09:00,47173.482428115014,47173.482428115014,45699.311102236425,46141.5625,361791,0.0,0.0
2022-01-06 00:00:00+09:00,45355.33780570652,45895.86729201505,44028.583612040136,44077.72265625,578260,0.0,0.0
2022-01-07 00:00:00+09:00,44126.85895662568,45207.91786202186,44126.85895662568,44962.22265625,317765,0.0,0.0
2022-01-10 00:00:00+09:00,44274.27586757597,44716.52723584254,43144.07792645028,44470.83203125,367839,0.0,0.0
2022-01-11 00:00:00+09:00,44667.386834142504,45109.63818893599,44028.57932166302,44913.08203125,414539,0.0,0.0
2022-01-12 00:00:00+09:00,45355.335835375816,45699.30912990196,44863.945414624184,45109.640625,400997,0.0,0.0
2022-01-13 00:00:00+09:00,45207.91775412088,45846.72528760302,44716.52734375,44716.52734375,511383,0.0,0.0
2022-01-14 00:00:00+09:00,43635.46875,44323.41532939189,43144.07833614865,43635.46875,441431,0.0,0.0
2022-01-17 00:00:00+09:00,43242.35423657718,44421.691170302016,43242.35423657718,43930.30078125,230541,0.0,0.0
2022-01-18 00:00:00+09:00,44274.27734375,45011.362982103215,43537.19170539678,44274.27734375,315711,0.0,0.0
2022-01-19 00:00:00+09:00,43979.44107333097,44225.136274857956,42603.547944779835,43242.35546875,362730,0.0,0.0
2022-01-20 00:00:00+09:00,42996.66161894273,44716.52808370044,42996.66161894273,44618.25,366209,0.0,0.0
2022-01-21 00:00:00+09:00,43881.16321541433,44470.83170207163,43144.077607092695,43733.74609375,276215,0.0,0.0
2022-01-24 00:00:00+09:00,43045.80003344233,43340.634280246726,41080.23838807966,41325.93359375,464135,0.0,0.0
2022-01-25 00:00:00+09:00,41669.908378136206,42259.57689292115,40687.127520161295,41129.37890625,393877,0.0,0.0
2022-01-26 00:00:00+09:00,41129.377419542914,41669.90687189055,38623.28632229478,39507.7890625,867244,0.0,0.0
2022-01-27 00:00:00+09:00,39065.537682325616,39606.0671345339,36952.55891460235,37689.64453125,989018,0.0,0.0
2022-01-28 00:00:00+09:00,38033.61593940549,40392.289796112804,37542.225552591466,40294.01171875,730383,0.0,0.0
2022-02-03 00:00:00+09:00,41080.23765569395,42652.686943950175,41080.23765569395,41424.2109375,642943,0.0,0.0
2022-02-04 00:00:00+09:00,40981.95971927966,43586.32886211158,40736.2645171257,43488.05078125,551402,0.0,0.0
2022-02-07 00:00:00+09:00,43193.216428444604,43979.44107333097,42603.547944779835,43242.35546875,437237,0.0,0.0
2022-02-08 00:00:00+09:00,43389.77111761171,44765.66419948388,42996.65880850537,43438.91015625,651522,0.0,0.0
2022-02-09 00:00:00+09:00,44225.136499297754,44618.24882373596,43242.355688202246,43733.74609375,365796,0.0,0.0
2022-02-10 00:00:00+09:00,43782.88716568935,44126.86046553204,42456.13300915332,42947.5234375,374313,0.0,0.0
2022-02-11 00:00:00+09:00,41866.46336521612,43242.356527453274,41620.768157673774,42063.01953125,359079,0.0,0.0
2022-02-14 00:00:00+09:00,41522.48923834994,42406.99196768757,40834.542671087336,41915.6015625,402154,0.0,0.0
2022-02-15 00:00:00+09:00,41522.48965030652,42112.15814238188,40539.70883018092,41080.23828125,304533,0.0,0.0
2022-02-16 00:00:00+09:00,42063.017189257596,43684.60546875,41719.04391785011,43684.60546875,398354,0.0,0.0
2022-02-17 00:00:00+09:00,43881.16236259865,44618.24795659527,42161.29597660654,43586.328125,647479,0.0,0.0
2022-02-18 00:00:00+09:00,42849.24419092945,44126.8592700168,42800.1051494261,43881.1640625,299807,0.0,0.0
2022-02-21 00:00:00+09:00,43291.49322726383,47075.19921875,43144.07611071242,47075.19921875,1090976,0.0,0.0
2022-02-22 00:00:00+09:00,46731.229288820876,48451.09577158505,46534.673119362116,47664.87109375,1536170,0.0,0.0
2022-02-23 00:00:00+09:00,47763.15076274459,48696.79259864186,46632.95275086895,47714.01171875,669646,0.0,0.0
2022-02-24 00:00:00+09:00,47812.28780838816,48647.65152138158,46436.39463404605,46682.08984375,959066,0.0,0.0
2022-02-25 00:00:00+09:00,47763.14947652284,48696.79128727792,46878.64670843909,48401.95703125,967707,0.0,0.0
2022-02-28 00:00:00+09:00,48254.53552062437,49630.428590458876,48107.118405999245,48991.62109375,574545,0.0,0.0
2022-03-02 00:00:00+09:00,49237.319984436035,50711.49124145508,48795.06860733032,50318.37890625,592825,0.0,0.0
2022-03-03 00:00:00+09:00,49728.7109375,51104.60412549407,48991.62530107461,49728.7109375,519763,0.0,0.0
2022-03-04 00:00:00+09:00,49433.87668292985,50220.1013617836,49139.04242835969,49728.7109375,360482,0.0,0.0
2022-03-07 00:00:00+09:00,49089.89856200199,49925.26220119522,48451.09107320717,49335.59375,425108,0.0,0.0
2022-03-08 00:00:00+09:00,48647.648671875,50121.81984375,48057.980203125,49139.0390625,373007,0.0,0.0
2022-03-10 00:00:00+09:00,50318.376923076925,51989.10428185097,49139.03996394231,51104.6015625,898538,0.0,0.0
2022-03-11 00:00:00+09:00,50908.04749061914,53364.99958958724,50908.04749061914,52382.21875,680936,0.0,0.0
2022-03-14 00:00:00+09:00,52578.77470999053,53266.721294981064,51202.88154000947,51890.828125,474373,0.0,0.0
2022-03-15 00:00:00+09:00,52578.77321639151,53856.388266509435,50711.48968160377,52087.3828125,573662,0.0,0.0
2022-03-16 00:00:00+09:00,52578.77491791745,52971.88725375235,50613.21323874297,52382.21875,433084,0.0,0.0
2022-03-17 00:00:00+09:00,53070.1641519561,53070.1641519561,50613.212107884065,51497.71484375,611207,0.0,0.0
2022-03-18 00:00:00+09:00,51497.715790719696,52283.940459280304,50809.769205729164,51890.828125,385559,0.0,0.0
2022-03-21 00:00:00+09:00,52185.661194906075,52677.051601637766,50809.76805605733,51006.32421875,267685,0.0,0.0
2022-03-22 00:00:00+09:00,52185.66374333925,55821.95293072824,51890.82948490231,55330.5625,1602869,0.0,0.0
2022-03-23 00:00:00+09:00,55428.839309210525,56509.89823190789,54740.892722039476,56018.5078125,651408,0.0,0.0
2022-03-24 00:00:00+09:00,55920.22606657609,56903.00684103261,55232.27952445653,56509.89453125,569744,0.0,0.0
2022-03-25 00:00:00+09:00,56509.89674388112,56903.009069055945,55821.95017482518,56215.0625,405106,0.0,0.0
2022-03-28 00:00:00+09:00,57001.28789951839,57099.56598210377,55821.95090849387,56116.78515625,361953,0.0,0.0
2022-03-29 00:00:00+09:00,56313.3383763587,57296.11915081522,55821.947989130436,56509.89453125,427304,0.0,0.0
2022-03-30 00:00:00+09:00,57001.28790604441,61227.24545769943,56608.17557565789,59753.07421875,1655170,0.0,0.0
2022-03-31 00:00:00+09:00,59949.63374134772,60834.13653425285,59065.130948442595,60342.74609375,552664,0.0,0.0
2022-04-01 00:00:00+09:00,60342.74282094595,63192.80722128379,59654.79624155405,61816.9140625,807102,0.0,0.0
2022-04-04 00:00:00+09:00,62897.97275641026,63291.08508613782,60146.186448317305,61325.5234375,586362,0.0,0.0
2022-04-05 00:00:00+09:00,60834.13207535283,61816.9128843246,59654.795104586694,60932.41015625,561397,0.0,0.0
2022-04-06 00:00:00+09:00,60244.4630840655,62111.74660543131,59851.350763777955,61522.078125,532570,0.0,0.0
2022-04-07 00:00:00+09:00,61030.68772464058,62013.46852535943,60637.57540435304,61522.078125,373055,0.0,0.0
2022-04-08 00:00:00+09:00,61620.35636229714,65060.089173589644,61325.52212132921,63585.91796875,979051,0.0,0.0
2022-04-11 00:00:00+09:00,63389.36328125,64175.58794210271,62799.69478561047,63389.36328125,434703,0.0,0.0
2022-04-12 00:00:00+09:00,62504.859675,63684.196650000005,60342.7418875,61423.80078125,916634,0.0,0.0
2022-04-13 00:00:00+09:00,61816.913539616144,62701.41627706693,59851.35190083661,62406.58203125,556191,0.0,0.0
2022-04-14 00:00:00+09:00,61718.634057971016,62799.69293478261,60834.13134057971,61030.6875,535138,0.0,0.0
2022-04-15 00:00:00+09:00,61030.68960715694,62701.41701991325,60441.02110853707,62308.3046875,429390,0.0,0.0
2022-04-18 00:00:00+09:00,62308.30345184949,62308.30345184949,57001.28706951531,57787.51171875,1100620,0.0,0.0
2022-04-19 00:00:00+09:00,58180.62252475247,60047.90601794554,57885.788288985146,59556.515625,702178,0.0,0.0
2022-04-20 00:00:00+09:00,59065.12602132853,59163.4041012309,56804.730183573854,57885.7890625,775788,0.0,0.0
2022-04-21 00:00:00+09:00,58573.73562181664,59261.68218113328,57492.67674289049,57885.7890625,403485,0.0,0.0
2022-04-22 00:00:00+09:00,57492.67852783203,57590.95661078559,56411.61961534288,56608.17578125,420504,0.0,0.0
2022-04-25 00:00:00+09:00,56116.785776183875,58966.85020264505,55723.67344149957,57590.95703125,659106,0.0,0.0
2022-04-26 00:00:00+09:00,58475.4611328125,59753.076250000006,57984.070703125006,58966.8515625,563506,0.0,0.0
2022-04-27 00:00:00+09:00,57492.678113339556,60047.9082517102,57394.40003109453,59261.68359375,570458,0.0,0.0
2022-04-28 00:00:00+09:00,59458.238340938035,59654.794500742784,57001.28634337861,57885.7890625,346951,0.0,0.0
2022-04-29 00:00:00+09:00,58082.34544665404,59261.68241003788,57885.78928609007,58377.1796875,254143,0.0,0.0
2022-05-03 00:00:00+09:00,58770.294652142264,60539.30017678869,58278.90422862937,59065.12890625,361141,0.0,0.0
2022-05-04 00:00:00+09:00,59654.7981640625,59851.3543359375,58573.73921875,58966.8515625,191642,0.0,0.0
2022-05-06 00:00:00+09:00,58180.624477424746,59851.35186951296,57590.95598609949,58770.29296875,280190,0.0,0.0
2022-05-10 00:00:00+09:00,54052.94449955908,56313.340360449736,50318.37742504409,55723.671875,2108883,0.0,0.0
2022-05-11 00:00:00+09:00,55428.8391039823,58573.73777654867,54839.170602876104,55527.1171875,715970,0.0,0.0
2022-05-12 00:00:00+09:00,54446.05394828386,54839.16625115955,51890.823979591834,52971.8828125,934007,0.0,0.0
2022-05-13 00:00:00+09:00,53561.55710837523,54839.17223206124,53266.722849063066,53758.11328125,299223,0.0,0.0
2022-05-16 00:00:00+09:00,54740.891791353795,57099.565764410334,54347.77946251104,55625.39453125,745870,0.0,0.0
2022-05-17 00:00:00+09:00,56509.89823190789,57984.06949013158,55035.72697368421,56018.5078125,615641,0.0,0.0
2022-05-18 00:00:00+09:00,56509.89823190789,57296.122902960524,55920.22972861842,56018.5078125,412108,0.0,0.0
2022-05-19 00:00:00+09:00,54740.89091832646,55134.00324089972,52873.607386103475,53659.83203125,673627,0.0,0.0
2022-05-20 00:00:00+09:00,54052.94584386489,54347.78009392233,52677.05267693014,53463.27734375,545211,0.0,0.0
2022-05-23 00:00:00+09:00,53561.55424941589,53659.832330607474,51301.158382009344,52578.7734375,628209,0.0,0.0
2022-05-24 00:00:00+09:00,52677.052043950855,53463.27670132325,51694.27122223535,51989.10546875,334018,0.0,0.0
2022-05-25 00:00:00+09:00,52087.38635050831,53659.83574976894,51006.327388516635,53168.4453125,483727,0.0,0.0
2022-05-26 00:00:00+09:00,53561.55575750469,54151.22426125703,52283.94066604128,52382.21875,278784,0.0,0.0
2022-05-27 00:00:00+09:00,53070.165010340075,54544.33626062729,52971.886926987594,53463.27734375,328133,0.0,0.0
2022-05-30 00:00:00+09:00,54446.05754472173,56706.45343556758,54151.223298089666,55625.39453125,588328,0.0,0.0
2022-05-31 00:00:00+09:00,55723.67040586555,56116.78271913444,55134.00193596221,55920.2265625,363362,0.0,0.0
2022-06-02 00:00:00+09:00,56313.338151511736,56411.616228564984,53758.108148127256,54446.0546875,378058,0.0,0.0
2022-06-03 00:00:00+09:00,55330.55812754294,55527.11428430153,54151.22118699141,54347.77734375,187306,0.0,0.0
2022-06-07 00:00:00+09:00,54347.77734375,55428.83620592224,53856.38695185352,54347.77734375,214423,0.0,0.0
2022-06-08 00:00:00+09:00,54642.61382027258,58475.4590342845,54642.61382027258,57689.234375,949775,0.0,0.0
2022-06-09 00:00:00+09:00,57394.39888468014,58770.29200862795,57001.28656355219,58377.1796875,545235,0.0,0.0
2022-06-10 00:00:00+09:00,57885.78883508134,58672.013471211474,57394.3984375,57394.3984375,248750,0.0,0.0
2022-06-13 00:00:00+09:00,55920.23101687389,56411.621447602134,55035.728241563054,55330.5625,401198,0.0,0.0
2022-06-14 00:00:00+09:00,54151.22562699954,54544.33797274908,51890.82963893967,53758.11328125,600785,0.0,0.0
2022-06-15 00:00:00+09:00,52775.331491712706,53954.668508287294,50908.047882136285,53365.0,615320,0.0,0.0
2022-06-16 00:00:00+09:00,54446.0591354927,55134.00573106752,51792.55083827554,53856.390625,729079,0.0,0.0
2022-06-17 00:00:00+09:00,52382.2150833527,53463.273931226766,51989.10277503485,52873.60546875,340224,0.0,0.0
2022-06-20 00:00:00+09:00,53365.00223524305,53659.836501736114,51989.108991608795,53070.16796875,351608,0.0,0.0
2022-06-21 00:00:00+09:00,53168.44043878026,53463.274674115455,52480.4938896648,52775.328125,214951,0.0,0.0
2022-06-22 00:00:00+09:00,52775.33172034439,53659.83448660714,48057.98363360969,48156.26171875,1310638,0.0,0.0
2022-06-23 00:00:00+09:00,48057.981386657004,49826.9868364726,46583.810178477346,46632.94921875,688247,0.0,0.0
2022-06-24 00:00:00+09:00,47763.14822635135,51006.32495777027,47173.47972972973,50908.046875,681641,0.0,0.0
2022-06-27 00:00:00+09:00,51399.43898452495,52578.77601667467,50023.54578035029,51202.8828125,401846,0.0,0.0
2022-06-28 00:00:00+09:00,51202.88221035079,51301.16029520751,49237.32051321641,49728.7109375,209585,0.0,0.0
2022-06-29 00:00:00+09:00,48647.65065262957,48991.62394007241,47468.31366711128,48352.81640625,380825,0.0,0.0
2022-06-30 00:00:00+09:00,48352.813601036265,48893.34302137305,47222.61572215026,47419.171875,324577,0.0,0.0
2022-07-01 00:00:00+09:00,48057.98322753906,48696.79077555338,47075.202384440105,47173.48046875,325718,0.0,0.0
2022-07-04 00:00:00+09:00,47517.45209226791,50121.821234863775,47124.339768857215,48696.7890625,557338,0.0,0.0
2022-07-05 00:00:00+09:00,48893.34241160358,50220.09642679283,48549.369148406375,49335.59375,421130,0.0,0.0
2022-07-06 00:00:00+09:00,49925.26532394027,53463.27625240848,49139.04067316956,51006.32421875,1029490,0.0,0.0
2022-07-07 00:00:00+09:00,51792.55152388308,52677.0543013308,51202.8830055846,51694.2734375,393279,0.0,0.0
2022-07-08 00:00:00+09:00,52480.49609375,53266.72075433052,52087.38376345974,52480.49609375,385157,0.0,0.0
2022-07-11 00:00:00+09:00,52971.885762266356,54151.22273656542,51989.10495035047,52578.7734375,399296,0.0,0.0
2022-07-12 00:00:00+09:00,52185.661416090166,52971.88607019322,51202.88059846135,51497.71484375,347975,0.0,0.0
2022-07-13 00:00:00+09:00,51989.10700843978,54052.94679516423,51694.27275319343,53856.390625,508291,0.0,0.0
2022-07-14 00:00:00+09:00,53856.38695185352,54937.44581402577,53168.44040319846,54347.77734375,466667,0.0,0.0
2022-07-15 00:00:00+09:00,54839.16922357078,55428.837709845735,53659.832251020875,54151.22265625,374935,0.0,0.0
2022-07-18 00:00:00+09:00,54642.613061479125,54740.89114252495,52087.382954287656,54151.22265625,358018,0.0,0.0
2022-07-19 00:00:00+09:00,54151.225274417564,55330.562303987455,53463.27867383513,54839.171875,309874,0.0,0.0
2022-07-20 00:00:00+09:00,55330.5610204646,56706.454189712385,54937.4486863938,55527.1171875,399216,0.0,0.0
2022-07-21 00:00:00+09:00,55723.67335453539,56018.507605088496,55035.726769911504,55527.1171875,188700,0.0,0.0
2022-07-22 00:00:00+09:00,55527.11526593357,56706.45222733393,54642.612544883305,54740.890625,269195,0.0,0.0
2022-07-25 00:00:00+09:00,54740.89200005473,56706.45365176226,54052.9454219571,56116.78515625,364147,0.0,0.0
2022-07-26 00:00:00+09:00,56804.732059151786,56804.732059151786,54249.501897321425,55035.7265625,463844,0.0,0.0
2022-07-27 00:00:00+09:00,55035.72463768116,55527.11503623189,53266.71920289855,54249.5,306277,0.0,0.0
2022-07-28 00:00:00+09:00,54839.166995713,55330.55738097925,53659.83007107401,54446.0546875,290994,0.0,0.0
2022-07-29 00:00:00+09:00,54740.89210304054,55330.56059966216,54052.94552364865,54544.3359375,264800,0.0,0.0
2022-08-01 00:00:00+09:00,54740.89263860428,54740.89263860428,53758.111801286424,53954.66796875,235423,0.0,0.0
2022-08-02 00:00:00+09:00,54347.77661044675,55134.001226872744,53758.108148127256,54446.0546875,293224,0.0,0.0
2022-08-03 00:00:00+09:00,54446.05957199913,57001.28980462003,54347.7814861291,56903.01171875,475279,0.0,0.0
2022-08-04 00:00:00+09:00,57197.842563808896,57590.954883835075,55723.67136371073,56313.33984375,327851,0.0,0.0
2022-08-05 00:00:00+09:00,56706.454399671056,56706.454399671056,54937.44888980263,56018.5078125,245037,0.0,0.0
2022-08-08 00:00:00+09:00,55821.948715156796,56903.00758111934,55134.002164089725,56411.6171875,251848,0.0,0.0
2022-08-09 00:00:00+09:00,56706.45375844595,59753.07432432433,56411.61951013513,58180.625,608163,0.0,0.0
2022-08-10 00:00:00+09:00,57984.06697018046,58672.01352745379,55723.67113913953,55821.94921875,446813,0.0,0.0
2022-08-11 00:00:00+09:00,56804.72874365482,58475.45605964467,56116.782201776645,58082.34375,442148,0.0,0.0
2022-08-12 00:00:00+09:00,58475.45679952331,58475.45679952331,57394.397934322034,57984.06640625,207153,0.0,0.0
2022-08-16 00:00:00+09:00,58475.45627170139,60637.573982587826,57296.11933849061,60146.18359375,570050,0.0,0.0
2022-08-17 00:00:00+09:00,59556.5174035624,60539.2982188027,57492.67769155776,58278.90234375,668135,0.0,0.0
2022-08-18 00:00:00+09:00,58770.291944159835,60244.46314677254,58082.34538294057,59949.62890625,498884,0.0,0.0
2022-08-19 00:00:00+09:00,60047.9105078125,61620.3598828125,58966.8515625,58966.8515625,427547,0.0,0.0
2022-08-22 00:00:00+09:00,58180.625,59458.24007601351,57885.79075168919,58180.625,303276,0.0,0.0
2022-08-23 00:00:00+09:00,57984.066914597606,58573.735391695205,56804.7299604024,57394.3984375,296820,0.0,0.0
2022-08-24 00:00:00+09:00,57885.789722164736,59458.23901852235,57689.23356012003,59359.9609375,338240,0.0,0.0
2022-08-25 00:00:00+09:00,59753.07536466775,61816.91513877634,59458.241111223666,60637.578125,542144,0.0,0.0
2022-08-26 00:00:00+09:00,60735.85579695222,61128.96813220758,59261.684539744645,59654.796875,314198,0.0,0.0
2022-08-29 00:00:00+09:00,57394.39866298812,58278.90138210951,57001.28634337861,57885.7890625,402047,0.0,0.0
2022-08-30 00:00:00+09:00,58278.902771299756,59359.96167599503,57689.2342778296,59261.68359375,267510,0.0,0.0
2022-08-31 00:00:00+09:00,58377.17890752864,60047.90625,58377.17890752864,60047.90625,216446,0.0,0.0
2022-09-01 00:00:00+09:00,59359.962956166106,59458.241040530615,58475.460196885484,58573.73828125,234705,0.0,0.0
2022-09-02 00:00:00+09:00,59163.4049928161,61030.688539100986,58573.736504515604,59851.3515625,415316,0.0,0.0
2022-09-05 00:00:00+09:00,59851.355653247156,61522.083150956845,59753.07756514658,60342.74609375,266843,0.0,0.0
2022-09-06 00:00:00+09:00,60834.13578506097,60932.41387195122,59065.13022103658,60441.0234375,243833,0.0,0.0
2022-09-07 00:00:00+09:00,60735.856952617694,61620.35972377232,60146.18843851461,60539.30078125,323956,0.0,0.0
2022-09-08 00:00:00+09:00,61227.24483506945,62308.30373263889,60637.57634548611,61915.19140625,544362,0.0,0.0
2022-09-13 00:00:00+09:00,62897.97222222222,63389.362630208336,61325.52291666667,61915.19140625,323222,0.0,0.0
2022-09-14 00:00:00+09:00,60146.184328968906,61030.68703968904,59261.681618248775,60047.90625,408935,0.0,0.0
2022-09-15 00:00:00+09:00,60539.30078125,61620.35972377232,59949.63226714692,60539.30078125,263552,0.0,0.0
2022-09-16 00:00:00+09:00,60637.578125,61423.80280085089,59458.241111223666,60637.578125,477148,0.0,0.0
2022-09-19 00:00:00+09:00,60637.57717551999,62406.582668484916,59949.63059492251,60244.46484375,476046,0.0,0.0
2022-09-20 00:00:00+09:00,60539.299508426964,61522.08034460273,60244.46525757424,61227.24609375,231828,0.0,0.0
2022-09-21 00:00:00+09:00,60735.85494290865,61620.35768479567,60539.29877804487,61325.5234375,229847,0.0,0.0
2022-09-22 00:00:00+09:00,60932.41023385762,60932.41023385762,57787.51164114239,59359.9609375,639580,0.0,0.0
2022-09-23 00:00:00+09:00,59359.96146007525,60441.02036083821,58082.346395537206,58770.29296875,370688,0.0,0.0
2022-09-26 00:00:00+09:00,57590.95639503065,58475.45913829904,55723.6728259085,56116.78515625,407908,0.0,0.0
2022-09-27 00:00:00+09:00,56706.45188088613,57394.3984375,55134.00260862586,57394.3984375,289262,0.0,0.0
2022-09-28 00:00:00+09:00,57001.290133683724,57197.8463065585,53070.166676188295,53758.11328125,453164,0.0,0.0
2022-09-29 00:00:00+09:00,55035.7266566265,57984.06915608864,54839.1704899957,57099.56640625,527678,0.0,0.0
2022-09-30 00:00:00+09:00,56509.896663743624,58278.902124521686,56313.34050143495,57787.51171875,306060,0.0,0.0
2022-10-04 00:00:00+09:00,58672.01636561451,59065.128703072565,57492.679353240346,58573.73828125,310248,0.0,0.0
2022-10-05 00:00:00+09:00,58868.57146864055,59163.40571639667,55821.95090849387,56116.78515625,347017,0.0,0.0
2022-10-06 00:00:00+09:00,56509.89652226632,56903.00884589947,54937.44722773369,55723.671875,319252,0.0,0.0
2022-10-07 00:00:00+09:00,55920.22758640036,56215.06182675045,53954.66598406643,54740.890625,365894,0.0,0.0
2022-10-11 00:00:00+09:00,53758.11192542214,53856.39000938086,51202.88174249531,52382.21875,362487,0.0,0.0
2022-10-12 00:00:00+09:00,51890.82809734513,55625.395271017696,51890.82809734513,55527.1171875,404416,0.0,0.0
2022-10-13 00:00:00+09:00,55035.72516025641,56804.73061183608,53561.553950606685,53659.83203125,399525,0.0,0.0
2022-10-14 00:00:00+09:00,55723.67356085526,57001.28865131579,55134.00505756579,56018.5078125,303139,0.0,0.0
2022-10-17 00:00:00+09:00,56018.504872604535,57197.841817290944,55134.002164089725,56411.6171875,727926,0.0,0.0
2022-10-18 00:00:00+09:00,57492.67657212808,57590.95465173856,54839.16842264525,55821.94921875,310736,0.0,0.0
2022-10-19 00:00:00+09:00,56313.340439258165,56804.7308444873,54151.22265625,54151.22265625,258532,0.0,0.0
2022-10-20 00:00:00+09:00,54151.223276524106,54347.779440867205,50809.7684826914,51989.10546875,608554,0.0,0.0
2022-10-21 00:00:00+09:00,51399.43728885135,51989.10578547297,50318.37837837838,50908.046875,304190,0.0,0.0
2022-10-24 00:00:00+09:00,51890.82872928177,53856.390423572746,51694.272559852674,53365.0,418288,0.0,0.0
2022-10-25 00:00:00+09:00,53561.55271671564,55134.00197078435,52873.60616806058,54347.77734375,284779,0.0,0.0
2022-10-26 00:00:00+09:00,53856.39192467652,54249.50427449168,53070.16722504621,53168.4453125,252481,0.0,0.0
2022-10-27 00:00:00+09:00,53659.83007107401,55035.723149819496,53463.27391696751,54446.0546875,184331,0.0,0.0
2022-10-28 00:00:00+09:00,53954.668710082115,54740.893390739046,53561.55636975365,53856.390625,126635,0.0,0.0
2022-10-31 00:00:00+09:00,54347.77977195946,54839.17018581081,52087.38386824324,54544.3359375,243843,0.0,0.0
2022-11-01 00:00:00+09:00,54839.17018581081,55920.22909628379,53561.5551097973,54544.3359375,232187,0.0,0.0
2022-11-02 00:00:00+09:00,54446.05785472973,55428.83868243243,53463.27702702703,54544.3359375,229580,0.0,0.0
2022-11-03 00:00:00+09:00,53561.5547834948,53856.38903000945,51792.5493044069,51989.10546875,569230,0.0,0.0
2022-11-04 00:00:00+09:00,51694.27048938679,52283.938974056604,50711.48968160377,52087.3828125,296861,0.0,0.0
2022-11-07 00:00:00+09:00,52283.9375,53070.16212406015,51792.547109962405,52283.9375,218676,0.0,0.0
2022-11-08 00:00:00+09:00,52480.49743385036,54544.33722057482,52480.49743385036,53856.390625,447733,0.0,0.0
2022-11-09 00:00:00+09:00,54347.77734375,55920.22659781871,53954.66503023282,54347.77734375,361087,0.0,0.0
2022-11-10 00:00:00+09:00,53758.11148158482,55527.116978236605,53758.11148158482,55035.7265625,318013,0.0,0.0
2022-11-11 00:00:00+09:00,56804.73001485476,57394.398492517605,54544.33418381382,55821.94921875,541650,0.0,0.0
2022-11-14 00:00:00+09:00,55527.11497991857,55920.22729836048,53954.66570615097,55821.94921875,515415,0.0,0.0
2022-11-15 00:00:00+09:00,56903.00950386598,58573.73689862543,56411.619093642614,57197.84375,673942,0.0,0.0
2022-11-16 00:00:00+09:00,57689.2342778296,59359.96167599503,57296.121948849504,59261.68359375,526564,0.0,0.0
2022-11-17 00:00:00+09:00,58868.574047256094,61128.97004573171,58868.574047256094,60441.0234375,425608,0.0,0.0
2022-11-18 00:00:00+09:00,60441.02264968487,60539.30073529411,58377.18285189076,58475.4609375,389579,0.0,0.0
2022-11-21 00:00:00+09:00,58573.735848063974,59261.68241003788,57787.511205808085,58377.1796875,293172,0.0,0.0
2022-11-22 00:00:00+09:00,57984.06567258883,59359.95875634517,56903.00682106599,58082.34375,283421,0.0,0.0
2022-11-23 00:00:00+09:00,59065.12473830678,60637.573982587826,58966.84666053922,60146.18359375,406475,0.0,0.0
2022-11-24 00:00:00+09:00,59949.63153363047,60932.41237844408,59556.51919570503,60637.578125,244646,0.0,0.0
2022-11-25 00:00:00+09:00,60834.135038301545,61522.08163808848,59753.07609577922,60539.30078125,186750,0.0,0.0
2022-11-28 00:00:00+09:00,60342.742498445274,60539.298662935325,57787.51236007463,59261.68359375,358079,0.0,0.0
2022-11-29 00:00:00+09:00,58573.734349468956,60637.573982587826,58475.45627170139,60146.18359375,223551,0.0,0.0
2022-11-30 00:00:00+09:00,60146.18409653465,60539.29641089109,58868.569074876235,59556.515625,192278,0.0,0.0
2022-12-01 00:00:00+09:00,60441.0200996517,64273.86527670279,60342.74201818886,63487.640625,845909,0.0,0.0
2022-12-02 00:00:00+09:00,63094.52903343023,63979.03177688953,62308.30437257752,63389.36328125,281564,0.0,0.0
2022-12-05 00:00:00+09:00,63389.361583674065,64961.81086326908,63094.52734375,63094.52734375,234140,0.0,0.0
2022-12-06 00:00:00+09:00,63094.53030711207,63389.36456088362,61718.63712284483,62701.41796875,262581,0.0,0.0
2022-12-07 00:00:00+09:00,62210.02734375,63094.530102191944,61620.35883812204,62210.02734375,286153,0.0,0.0
2022-12-08 00:00:00+09:00,62210.02660439669,63094.5293523265,61227.24577336357,62308.3046875,356146,0.0,0.0
2022-12-09 00:00:00+09:00,62897.97307692308,64666.978569711544,62897.97307692308,63880.75390625,358533,0.0,0.0
2022-12-12 00:00:00+09:00,64077.30933179724,66632.53945852535,63979.03125,63979.03125,427119,0.0,0.0
2022-12-13 00:00:00+09:00,64666.97966056035,64765.25774515086,62308.305630387935,62701.41796875,309323,0.0,0.0
2022-12-14 00:00:00+09:00,62799.69664648737,64372.14601478752,62603.14047544985,64175.58984375,262979,0.0,0.0
2022-12-15 00:00:00+09:00,63782.47390357282,65060.08894324377,62996.24926377531,63094.52734375,194212,0.0,0.0
2022-12-16 00:00:00+09:00,62111.75076687117,64568.70293328221,62111.75076687117,64077.3125,258990,0.0,0.0
2022-12-19 00:00:00+09:00,64077.30731481482,66534.25928240741,63880.75115740741,66337.703125,395890,0.0,0.0
2022-12-20 00:00:00+09:00,66042.86990950226,67025.650711727,65060.08910727753,65158.3671875,262712,0.0,0.0
2022-12-21 00:00:00+09:00,66042.8706570997,66042.8706570997,63389.36246105551,65060.08984375,245824,0.0,0.0
2022-12-22 00:00:00+09:00,65748.0394537003,66927.37648425993,64666.98050902062,66730.8203125,233040,0.0,0.0
2022-12-23 00:00:00+09:00,64961.80666106129,66337.69969170404,64863.52858744394,65748.03125,346656,0.0,0.0
2022-12-26 00:00:00+09:00,66239.42651838782,66632.53884193908,65453.201871285295,66141.1484375,468354,0.0,0.0
2022-12-27 00:00:00+09:00,66141.15345491203,67222.21242668622,65846.31918988269,67025.65625,462339,0.0,0.0
2022-12-28 00:00:00+09:00,66896.20480661435,67291.45564742152,64919.95060257847,66105.703125,468211,369.0,0.0
2022-12-29 00:00:00+09:00,65710.45809135324,67093.83615643436,65414.019934550146,66995.0234375,361815,0.0,0.0
2023-01-02 00:00:00+09:00,66995.01688058036,67390.26771763393,63536.57205636161,66402.140625,467158,0.0,0.0
2023-01-03 00:00:00+09:00,66105.70853630514,68576.02649356618,65710.45766314339,67192.6484375,514102,0.0,0.0
2023-01-04 00:00:00+09:00,66698.58330933179,66797.39602534562,63833.01454493088,64327.078125,724974,0.0,0.0
2023-01-05 00:00:00+09:00,64327.07527694466,65018.764258417184,62449.633755804956,63833.01171875,391061,0.0,0.0
2023-01-06 00:00:00+09:00,63734.20225212956,63734.20225212956,61461.50976872029,62350.82421875,483954,0.0,0.0
2023-01-09 00:00:00+09:00,62746.07362328506,65117.57876810214,62746.07362328506,64821.140625,405861,0.0,0.0
2023-01-10 00:00:00+09:00,64821.14057601881,65117.57871889695,62844.88629016458,63042.51171875,384585,0.0,0.0
2023-01-11 00:00:00+09:00,63536.575759747706,64919.95377006881,63240.1376146789,64623.515625,297456,0.0,0.0
2023-01-12 00:00:00+09:00,65117.577911931825,65908.07961647728,63931.82535511364,65216.390625,437126,0.0,0.0
2023-01-13 00:00:00+09:00,65216.39121185446,65809.2674955986,62844.886076877934,63141.32421875,527302,0.0,0.0
2023-01-16 00:00:00+09:00,63141.32443304271,63635.38800450627,62647.260861579154,63042.51171875,232508,0.0,0.0
2023-01-17 00:00:00+09:00,63240.136932707355,64030.6386443662,62449.63522104851,63141.32421875,330709,0.0,0.0
2023-01-18 00:00:00+09:00,63437.760452835646,64425.8875626929,63042.509608892746,64030.63671875,357493,0.0,0.0
2023-01-19 00:00:00+09:00,63833.01079035874,66599.76667600896,63635.385369955155,66105.703125,534076,0.0,0.0
2023-01-20 00:00:00+09:00,66303.32854540358,66797.39209641256,64919.95060257847,66105.703125,434430,0.0,0.0
2023-01-25 00:00:00+09:00,66599.76541666666,67390.26708333334,65908.07645833334,66698.578125,823824,0.0,0.0
2023-01-26 00:00:00+09:00,66797.39627368805,68773.65060131195,66006.89454263847,67785.5234375,441583,0.0,0.0
2023-01-27 00:00:00+09:00,68180.76905327004,70651.08677259141,67983.14363572432,70255.8359375,493335,0.0,0.0
2023-01-30 00:00:00+09:00,70453.46262189717,70947.52617464539,69267.71009530142,69662.9609375,217376,0.0,0.0
2023-01-31 00:00:00+09:00,69366.52629310345,72133.2823275862,69267.71357758621,71639.21875,380705,0.0,0.0
2023-02-01 00:00:00+09:00,71935.65776699029,72133.28320041609,70651.09244972261,71243.96875,210046,0.0,0.0
2023-02-02 00:00:00+09:00,71738.0323335645,72232.09591712899,69959.40343273232,71243.96875,264698,0.0,0.0
2023-02-03 00:00:00+09:00,71441.5926768544,72627.34525240384,70552.27824519231,71935.65625,320182,0.0,0.0
2023-02-06 00:00:00+09:00,71935.6593137255,72232.09747023809,70255.8430934874,70552.28125,273153,0.0,0.0
2023-02-07 00:00:00+09:00,70947.53125,72429.72201427577,70058.21679143455,70947.53125,350664,0.0,0.0
2023-02-08 00:00:00+09:00,71540.40581955922,72528.53297176308,70848.71681301652,71738.03125,316641,0.0,0.0
2023-02-09 00:00:00+09:00,71836.84396522038,73121.4092630854,70749.90409779614,71738.03125,422358,0.0,0.0
2023-02-10 00:00:00+09:00,73220.22045532061,74702.41115279673,71738.02975784447,72429.71875,660274,0.0,0.0
2023-02-13 00:00:00+09:00,72429.7198231456,73911.91054258242,71738.03082074175,71935.65625,280672,0.0,0.0
2023-02-14 00:00:00+09:00,72429.71896345628,72429.71896345628,70848.71554815574,72330.90625,365313,0.0,0.0
2023-02-15 00:00:00+09:00,72726.16039051604,72824.97310843795,70255.84244246862,70848.71875,444021,0.0,0.0
2023-02-16 00:00:00+09:00,70947.53016943292,71639.21918222684,70552.27930497925,71441.59375,342693,0.0,0.0
2023-02-17 00:00:00+09:00,70453.46766190809,71243.96940285516,69662.96592096101,70947.53125,407293,0.0,0.0
2023-02-20 00:00:00+09:00,70947.52660472973,74010.72065033784,70947.52660472973,73121.40625,516907,0.0,0.0
2023-02-21 00:00:00+09:00,73121.40839041096,73516.65924657535,71441.59225171233,72133.28125,197430,0.0,0.0
2023-02-22 00:00:00+09:00,73220.2224609375,76678.66751644737,72726.15888157894,75097.6640625,1008262,0.0,0.0
2023-02-23 00:00:00+09:00,75097.66341743119,75591.72699254587,72824.97097190368,75394.1015625,469490,0.0,0.0
2023-02-24 00:00:00+09:00,75492.91514328062,75789.35329174901,74109.53711709486,74998.8515625,277332,0.0,0.0
2023-02-27 00:00:00+09:00,74405.97483779567,75888.1655716163,74010.7239754435,75196.4765625,234522,0.0,0.0
2023-02-28 00:00:00+09:00,75690.54228875476,78556.11112214104,75097.66597839897,77765.609375,440422,0.0,0.0
2023-03-02 00:00:00+09:00,77765.60410282257,78160.85494959677,76085.78800403225,76579.8515625,321114,0.0,0.0
2023-03-03 00:00:00+09:00,76975.10240927419,77073.91512096774,74801.22275201613,76579.8515625,333365,0.0,0.0
2023-03-06 00:00:00+09:00,76283.41513200782,76876.29141541722,74307.16085397653,75789.3515625,495800,0.0,0.0
2023-03-07 00:00:00+09:00,76678.66343068036,79050.16848523747,76085.78716704107,76975.1015625,548056,0.0,0.0
2023-03-08 00:00:00+09:00,77765.60658203125,80334.73716796875,77172.73029296876,79050.171875,615694,0.0,0.0
2023-03-09 00:00:00+09:00,79050.16719745223,79050.16719745223,76678.66218152866,77567.9765625,425733,0.0,0.0
2023-03-10 00:00:00+09:00,76876.28927364865,78852.54349662163,76283.41300675676,76777.4765625,281856,0.0,0.0
2023-03-13 00:00:00+09:00,73911.90616209563,74801.22054105133,69465.33426731716,70255.8359375,1150978,0.0,0.0
2023-03-14 00:00:00+09:00,71243.97006118881,71935.65909090909,70255.84287587414,70651.09375,562632,0.0,0.0
2023-03-15 00:00:00+09:00,71540.40777545328,71836.84592921897,69860.59157078103,70848.71875,499599,0.0,0.0
2023-03-16 00:00:00+09:00,70255.83870209527,70354.65141475644,67686.70817290472,68971.2734375,648855,0.0,0.0
2023-03-17 00:00:00+09:00,70058.21614944522,72726.15950069348,69070.08898231623,71243.96875,477963,0.0,0.0
2023-03-20 00:00:00+09:00,71639.21601952569,71935.6541547789,68971.27280224679,69267.7109375,461972,0.0,0.0
2023-03-21 00:00:00+09:00,70157.02577342633,70255.83848578326,67884.33338921674,69070.0859375,387766,0.0,0.0
2023-03-22 00:00:00+09:00,69366.52756680088,69366.52756680088,67093.8350681735,67489.0859375,517985,0.0,0.0
2023-03-23 00:00:00+09:00,67390.27150416064,68674.83679676194,66698.58250045225,68279.5859375,364333,0.0,0.0
2023-03-24 00:00:00+09:00,68378.39893250688,72330.90754132232,67686.70992596418,71738.03125,658413,0.0,0.0
2023-03-27 00:00:00+09:00,72133.28320041609,74109.53753467406,70453.46701629681,71243.96875,317553,0.0,0.0
2023-03-28 00:00:00+09:00,71836.84179940168,76777.47741146506,71639.21637491914,76382.2265625,708284,0.0,0.0
2023-03-29 00:00:00+09:00,75690.53778740285,76678.66491256477,74998.84879978951,76283.4140625,289666,0.0,0.0
2023-03-30 00:00:00+09:00,75986.97529233871,77172.72783266129,75591.72444556451,76579.8515625,240194,0.0,0.0
2023-03-31 00:00:00+09:00,76184.60092659884,77172.72804626939,75196.4738069283,76481.0390625,179550,0.0,0.0
2023-04-03 00:00:00+09:00,76975.10369595254,78160.85625609558,75295.28756908323,75986.9765625,244576,0.0,0.0
2023-04-04 00:00:00+09:00,76382.22488196223,77172.7265625,75690.53591149168,77172.7265625,278912,0.0,0.0
2023-04-05 00:00:00+09:00,77469.1666126943,77864.41746275907,76085.78863746762,76283.4140625,194959,0.0,0.0
2023-04-06 00:00:00+09:00,76184.59987764762,78852.54306402439,75690.53632461489,76975.1015625,443413,0.0,0.0
2023-04-07 00:00:00+09:00,77765.60475024288,77864.41746275907,75492.91236237047,76283.4140625,321493,0.0,0.0
2023-04-10 00:00:00+09:00,76777.4793541394,76777.4793541394,74900.03777405104,75492.9140625,219876,0.0,0.0
2023-04-11 00:00:00+09:00,75591.7263483192,76382.22806176567,74702.41192069191,75690.5390625,181235,0.0,0.0
2023-04-12 00:00:00+09:00,75492.91514328062,76184.60415637352,74109.53711709486,74998.8515625,237099,0.0,0.0
2023-04-13 00:00:00+09:00,75591.7256319789,80235.9231544665,75591.7256319789,79643.046875,1227532,0.0,0.0
2023-04-14 00:00:00+09:00,81421.67419117647,86658.74789522059,81026.42334558823,83990.8046875,1110757,0.0,0.0
2023-04-17 00:00:00+09:00,85472.99617780294,87943.31398640996,84386.05634201586,87251.625,503184,0.0,0.0
2023-04-18 00:00:00+09:00,87251.62606776765,90413.63290148064,86164.68621867882,86757.5625,502716,0.0,0.0
2023-04-19 00:00:00+09:00,87152.81292613636,87548.0637784091,85670.62223011364,86955.1875,250351,0.0,0.0
2023-04-20 00:00:00+09:00,87745.69293163384,88239.7565179606,84287.24782734647,85275.375,550265,0.0,0.0
2023-04-21 00:00:00+09:00,85176.55573585181,85769.43199387398,82607.42528442241,84682.4921875,344010,0.0,0.0
2023-04-24 00:00:00+09:00,84583.68641114983,86362.31533101045,83793.18466898955,85077.75,281343,0.0,0.0
2023-04-25 00:00:00+09:00,85077.74281577797,86461.12074774184,83891.99030266608,84781.3046875,228941,0.0,0.0
2023-04-26 00:00:00+09:00,84484.87029646522,87943.31527936146,84386.05758266819,86658.75,482878,0.0,0.0
2023-04-27 00:00:00+09:00,86757.56207386364,88536.19090909092,85769.43494318183,86955.1875,359270,0.0,0.0
2023-04-28 00:00:00+09:00,87449.25413144402,90413.63562742517,86955.19054878049,89129.0703125,484950,0.0,0.0
2023-05-02 00:00:00+09:00,89326.69576226013,94959.02060567697,89030.25761260661,92686.328125,754480,0.0,0.0
2023-05-03 00:00:00+09:00,92883.95141086497,95650.70741033755,92192.26241099683,93674.453125,609696,0.0,0.0
2023-05-04 00:00:00+09:00,93674.4529109589,94366.14190924658,91599.3859160959,93773.265625,301352,0.0,0.0
2023-05-08 00:00:00+09:00,94860.20336225597,94860.20336225597,90314.81861781454,91105.3203125,387678,0.0,0.0
2023-05-09 00:00:00+09:00,91105.32095008162,92093.44807535365,90018.38111228237,90808.8828125,226317,0.0,0.0
2023-05-10 00:00:00+09:00,91302.94447063578,92389.88428576238,90512.44278690733,91698.1953125,191761,0.0,0.0
2023-05-11 00:00:00+09:00,92291.07328464673,92291.07328464673,88931.44106657608,90907.6953125,421970,0.0,0.0
2023-05-12 00:00:00+09:00,92488.7016171792,95255.45764846235,91401.76174774655,93180.390625,836365,0.0,0.0
2023-05-15 00:00:00+09:00,93476.826210733,94366.140625,91105.32110602094,94366.140625,601239,0.0,0.0
2023-05-16 00:00:00+09:00,103753.3524696707,114425.12586655113,103753.3524696707,114029.875,3329160,0.0,0.0
2023-05-17 00:00:00+09:00,110966.6797790272,118970.5097541841,110867.86706328452,118081.1953125,1478262,0.0,0.0
2023-05-18 00:00:00+09:00,117488.31837567821,119464.57267972663,115116.81321082011,118377.6328125,599196,0.0,0.0
2023-05-19 00:00:00+09:00,118674.07200734658,119069.32287165082,113140.5599070873,114326.3125,594242,0.0,0.0
2023-05-22 00:00:00+09:00,114326.30808364373,114326.30808364373,111164.30129135627,112745.3046875,459449,0.0,0.0
2023-05-23 00:00:00+09:00,113436.99805531547,114919.18879645635,112350.05817847882,114326.3125,422033,0.0,0.0
2023-05-24 00:00:00+09:00,115017.99837555067,115017.99837555067,110077.3627064978,112152.4296875,435191,0.0,0.0
2023-05-25 00:00:00+09:00,110472.61610919412,113140.55943204586,108298.73636464826,110966.6796875,416122,0.0,0.0
2023-05-26 00:00:00+09:00,111065.48941842568,114721.55979963721,108891.60973229991,112350.0546875,307002,0.0,0.0
2023-05-30 00:00:00+09:00,113041.74135638299,121045.57094542758,111954.80153564853,120749.1328125,841508,0.0,0.0
2023-05-31 00:00:00+09:00,118674.0662973873,125096.89253329918,116994.25020491803,120551.5078125,867700,0.0,0.0
2023-06-01 00:00:00+09:00,120749.13748281618,127369.58937426354,119958.6357644344,125788.5859375,776275,0.0,0.0
2023-06-02 00:00:00+09:00,125788.58296304391,128752.9643368784,123219.452439054,127171.9609375,577949,0.0,0.0
2023-06-05 00:00:00+09:00,125788.58810248417,127171.96613346199,121836.0794425475,124800.4609375,417960,0.0,0.0
2023-06-07 00:00:00+09:00,124009.95664828431,127666.02708333333,122231.32778799019,125986.2109375,426654,0.0,0.0
2023-06-08 00:00:00+09:00,125294.52024064693,127468.39992936478,124998.08210127632,126776.7109375,425623,0.0,0.0
2023-06-09 00:00:00+09:00,127171.96339081555,132705.47539538873,126183.83624714178,129642.28125,619138,0.0,0.0
2023-06-12 00:00:00+09:00,130828.03125,131223.28209969788,127468.39902756797,130828.03125,393686,0.0,0.0
2023-06-13 00:00:00+09:00,130926.84227195945,132903.09649493243,129345.83889358108,131618.53125,332287,0.0,0.0
2023-06-14 00:00:00+09:00,131618.5275,137053.22645833335,131618.5275,133397.15625,612243,0.0,0.0
2023-06-15 00:00:00+09:00,134582.92014142335,136954.4253421533,133693.60569114963,135373.421875,364569,0.0,0.0
2023-06-16 00:00:00+09:00,135768.6749310662,136262.7385225184,133397.1696920956,134385.296875,261448,0.0,0.0
2023-06-19 00:00:00+09:00,134582.92209313007,134780.54752939017,131717.35326735856,134484.109375,244072,0.0,0.0
2023-06-20 00:00:00+09:00,134187.66545839337,137547.29773054755,133495.97646118514,137152.046875,371580,0.0,0.0
2023-06-21 00:00:00+09:00,137053.2277483259,138930.66922433037,131914.96686662946,132804.28125,425154,0.0,0.0
2023-06-22 00:00:00+09:00,130828.02789179105,134286.47273787315,130630.40247201493,132409.03125,275296,0.0,0.0
2023-06-23 00:00:00+09:00,132705.47517612338,132804.28789032748,128357.71575114242,129741.09375,451279,0.0,0.0
2023-06-26 00:00:00+09:00,127764.84223557693,129839.90927884616,126974.3405048077,128456.53125,329926,0.0,0.0
2023-06-27 00:00:00+09:00,127764.83748248598,128752.96460918734,120847.94759557645,123417.078125,794119,0.0,0.0
2023-06-28 00:00:00+09:00,124800.46114141517,124998.0865747349,121045.57790834013,121144.390625,413691,0.0,0.0
2023-06-29 00:00:00+09:00,120847.94759557645,126480.27221777421,120847.94759557645,123417.078125,376280,0.0,0.0
2023-06-30 00:00:00+09:00,125887.39893922019,132013.7872706422,125195.70993405963,129247.03125,627590,0.0,0.0
2023-07-03 00:00:00+09:00,129247.03232924022,129444.6577609363,124899.27283192633,128752.96875,397182,0.0,0.0
2023-07-04 00:00:00+09:00,128752.97193244485,136756.8021139706,126480.27941176471,134385.296875,569405,0.0,0.0
2023-07-05 00:00:00+09:00,133001.91925165686,135966.3008100147,129444.66138162739,134187.671875,429583,0.0,0.0
2023-07-06 00:00:00+09:00,134385.28867924528,135274.60308962266,130235.15476415095,130926.84375,445269,0.0,0.0
2023-07-07 00:00:00+09:00,130432.78383027524,131717.3491255734,127567.21509461009,129247.03125,306242,0.0,0.0
2023-07-10 00:00:00+09:00,128950.59106045082,131717.34703722678,125294.5206625683,126579.0859375,405758,0.0,0.0
2023-07-12 00:00:00+09:00,134681.72145833334,135373.41041666665,131124.46395833333,133397.15625,307102,0.0,0.0
2023-07-13 00:00:00+09:00,136065.10567278578,137250.85822766845,129543.46662093111,130531.59375,444489,0.0,0.0
2023-07-14 00:00:00+09:00,132211.41285159322,132507.8509970004,124504.02107100708,125590.9609375,598564,0.0,0.0
2023-07-17 00:00:00+09:00,125986.21062247983,127073.15047883063,121934.88933971773,122527.765625,543300,0.0,0.0
2023-07-18 00:00:00+09:00,124602.8283358135,126579.08255208333,123318.2630952381,124504.015625,424824,0.0,0.0
2023-07-19 00:00:00+09:00,124701.64312597126,127666.02449980576,121243.198189831,127171.9609375,393599,0.0,0.0
2023-07-20 00:00:00+09:00,127369.58385572604,134286.47359187875,125096.8915138473,132013.78125,568410,0.0,0.0
2023-07-21 00:00:00+09:00,132013.7831574981,133298.34841277316,128357.71281556142,131124.46875,335736,0.0,0.0
2023-07-24 00:00:00+09:00,131322.09420421513,131717.34505208334,126677.89674176357,127468.3984375,442444,0.0,0.0
2023-07-25 00:00:00+09:00,127369.58370614811,144859.4334470234,127270.77099574769,139424.734375,1378409,0.0,0.0
2023-07-26 00:00:00+09:00,139918.8051724138,140017.61788793103,128950.59375,128950.59375,896601,0.0,0.0
2023-07-27 00:00:00+09:00,131618.5287388393,136855.60232979912,131025.65248325893,132804.28125,835171,0.0,0.0
2023-07-28 00:00:00+09:00,133397.15625,137053.22645833335,130531.58770833333,133397.15625,372222,0.0,0.0
2023-07-31 00:00:00+09:00,135175.7977456012,136756.80122800588,132112.6034984421,134780.546875,439002,0.0,0.0
2023-08-01 00:00:00+09:00,133891.22316523708,134385.28671935236,125294.51732363146,128160.0859375,1059214,0.0,0.0
2023-08-02 00:00:00+09:00,126677.90233138845,128061.28035996835,123417.08269259296,124899.2734375,689523,0.0,0.0
2023-08-03 00:00:00+09:00,124207.58032670456,126381.46001420455,118278.81754261364,119563.3828125,833600,0.0,0.0
2023-08-04 00:00:00+09:00,120946.75844594595,125294.51773648648,120749.13302364864,124306.390625,617264,0.0,0.0
2023-08-07 00:00:00+09:00,125689.77538598575,126974.34070046515,123713.52105601742,124800.4609375,591894,0.0,0.0
2023-08-08 00:00:00+09:00,126480.27152831652,131618.53255915438,121539.63592174166,127369.5859375,983777,0.0,0.0
2023-08-09 00:00:00+09:00,126381.46051058744,127468.40035860655,121243.19941086066,126579.0859375,589718,0.0,0.0
2023-08-10 00:00:00+09:00,126579.08787219929,127171.96416199883,122824.20470346895,125689.7734375,420597,0.0,0.0
2023-08-11 00:00:00+09:00,128456.52406996915,129839.9020214919,121539.63431235543,128160.0859375,1480486,0.0,0.0
2023-08-14 00:00:00+09:00,118970.51084558823,119958.63801207983,111954.8079634979,117587.1328125,2757044,0.0,0.0
2023-08-16 00:00:00+09:00,114326.30765392608,118278.81612942913,112547.6788399497,112942.9296875,1046609,0.0,0.0
2023-08-17 00:00:00+09:00,112844.1217911777,119662.19920237846,112844.1217911777,117883.5703125,895633,0.0,0.0
2023-08-18 00:00:00+09:00,115709.68959027778,115808.50230555555,110274.99025,111164.3046875,758300,0.0,0.0
2023-08-21 00:00:00+09:00,110571.42505944293,111658.36489470108,108891.60895040761,109089.234375,565038,0.0,0.0
2023-08-22 00:00:00+09:00,109089.2373853211,110769.05354071101,107211.79579988532,107705.859375,660136,0.0,0.0
2023-08-23 00:00:00+09:00,108693.98523038322,110966.67764883669,107903.4835196168,108298.734375,428119,0.0,0.0
2023-08-24 00:00:00+09:00,109583.29666385135,111065.48733108108,108002.29328547297,109682.109375,421731,0.0,0.0
2023-08-25 00:00:00+09:00,107903.48140822785,111065.48818942135,107211.79242484178,109286.859375,314889,0.0,0.0
2023-08-28 00:00:00+09:00,109879.73644644425,113041.74325065847,108101.10761907375,112547.6796875,444360,0.0,0.0
2023-08-29 00:00:00+09:00,113338.18342624356,117389.50471698113,110571.42742281302,115215.625,738326,0.0,0.0
2023-08-30 00:00:00+09:00,116006.12671526585,116796.62843053172,114326.31057032589,115215.625,600909,0.0,0.0
2023-08-31 00:00:00+09:00,115610.87754846257,116599.00470699643,110867.8671875,110867.8671875,3518801,0.0,0.0
2023-09-01 00:00:00+09:00,111460.74109669811,112547.6809478184,104543.85113502358,104741.4765625,1101709,0.0,0.0
2023-09-04 00:00:00+09:00,104840.28799982411,105729.60241264071,102765.22103658537,105334.3515625,651239,0.0,0.0
2023-09-05 00:00:00+09:00,105235.53800379673,105828.41427424065,103061.65834550234,105729.6015625,488578,0.0,0.0
2023-09-06 00:00:00+09:00,104346.22742395436,106520.10716195342,103456.91298568202,103950.9765625,372374,0.0,0.0
2023-09-07 00:00:00+09:00,104148.6015625,105334.35414195921,102369.9726933112,104148.6015625,473360,0.0,0.0
2023-09-08 00:00:00+09:00,104741.47298630455,106915.35261432218,103259.28233083797,106421.2890625,395615,0.0,0.0
2023-09-11 00:00:00+09:00,107014.1683251999,107014.1683251999,103061.6597998001,105037.9140625,391723,0.0,0.0
2023-09-12 00:00:00+09:00,105729.60135095705,108101.10642798786,105235.5377932423,105828.4140625,406224,0.0,0.0
2023-09-13 00:00:00+09:00,105927.22572026022,110373.79769545772,104543.84777242101,106322.4765625,459681,0.0,0.0
2023-09-14 00:00:00+09:00,108101.1113542596,110867.86740354594,107112.98419380018,110769.0546875,527858,0.0,0.0
2023-09-15 00:00:00+09:00,110472.61191794756,110867.86276559676,107903.48140822785,109286.859375,311562,0.0,0.0
2023-09-18 00:00:00+09:00,108595.17424460019,110274.99040670956,107112.9835133272,107508.234375,283953,0.0,0.0
2023-09-19 00:00:00+09:00,108101.1089473084,109780.92508268706,107508.23266423358,108298.734375,248782,0.0,0.0
2023-09-20 00:00:00+09:00,108792.79967543657,109089.23782169117,105531.98006663602,107508.234375,244971,0.0,0.0
2023-09-21 00:00:00+09:00,107211.79071514422,107409.4161358173,102567.59332932692,102765.21875,340439,0.0,0.0
2023-09-22 00:00:00+09:00,100986.59447571091,104445.03949200237,99899.65461344787,104247.4140625,329301,0.0,0.0
2023-09-25 00:00:00+09:00,103259.28607414974,112646.49389907245,103259.28607414974,111855.9921875,847047,0.0,0.0
2023-09-26 00:00:00+09:00,111855.99500111707,114425.1256283512,109978.5533889075,110571.4296875,404852,0.0,0.0
2023-09-27 00:00:00+09:00,109583.30166824354,111460.74326580587,106322.48205142475,110966.6796875,306142,0.0,0.0
2023-10-04 00:00:00+09:00,110373.80224072802,111460.74210164836,106618.91908482143,107903.484375,403116,0.0,0.0
2023-10-05 00:00:00+09:00,110769.04834773339,113634.61694905745,107705.85432562836,110077.359375,401492,0.0,0.0
2023-10-06 00:00:00+09:00,111065.48948863638,112448.86747159091,108002.29538352274,108693.984375,267177,0.0,0.0
2023-10-10 00:00:00+09:00,108792.79871715199,108990.42414624763,104049.78841885654,104346.2265625,382321,0.0,0.0
2023-10-11 00:00:00+09:00,105630.7875885804,107705.85451033922,105235.53674634061,106322.4765625,252232,0.0,0.0
2023-10-12 00:00:00+09:00,106618.9161266951,113041.74239938757,106421.29070291996,112942.9296875,431076,0.0,0.0
2023-10-13 00:00:00+09:00,112152.4296875,115610.874655837,111164.30255368943,112152.4296875,280212,0.0,0.0
2023-10-16 00:00:00+09:00,111065.48669137467,112646.4900606469,108397.54350572776,109978.546875,289415,0.0,0.0
2023-10-17 00:00:00+09:00,111658.36864650414,112152.43222458602,107014.1710125345,107409.421875,312448,0.0,0.0
2023-10-18 00:00:00+09:00,107409.42361272011,108199.92535044021,105630.79470284986,106618.921875,294240,0.0,0.0
2023-10-19 00:00:00+09:00,103950.97627826942,104741.47799901672,100492.53125,100492.53125,475325,0.0,0.0
2023-10-20 00:00:00+09:00,100196.09483399405,101678.28558597622,98615.09136521308,99702.03125,378755,0.0,0.0
2023-10-23 00:00:00+09:00,98713.9011180352,102468.78424364614,98615.08840420333,101085.40625,314222,0.0,0.0
2023-10-24 00:00:00+09:00,103259.28480780516,105729.6026261737,101875.90682951878,105235.5390625,348054,0.0,0.0
2023-10-25 00:00:00+09:00,106915.35431770346,108101.1068609682,104840.28736699017,105630.7890625,283901,0.0,0.0
2023-10-26 00:00:00+09:00,101974.71703639082,102369.96787761715,98417.45946535394,99109.1484375,605670,0.0,0.0
2023-10-27 00:00:00+09:00,100294.90181587837,104247.41026182432,100294.90181587837,102369.96875,368134,0.0,0.0
2023-10-30 00:00:00+09:00,102073.53040621987,104247.4100470106,101480.65414054967,102468.78125,148026,0.0,0.0
2023-10-31 00:00:00+09:00,103259.28530092593,104741.47599902534,100788.96747076022,101381.84375,225425,0.0,0.0
2023-11-01 00:00:00+09:00,102468.7858320461,104247.41470859078,99504.4043711383,103950.9765625,247053,0.0,0.0
2023-11-02 00:00:00+09:00,104840.2861119186,108693.98183139534,104840.2861119186,106223.6640625,359264,0.0,0.0
2023-11-03 00:00:00+09:00,106816.5457514881,107903.485625,103358.10069940476,103753.3515625,247760,0.0,0.0
2023-11-06 00:00:00+09:00,105136.7311167748,106618.921875,102765.22590361445,106618.921875,548770,0.0,0.0
2023-11-07 00:00:00+09:00,105729.60720486111,107112.98524305555,102271.162109375,103160.4765625,312815,0.0,0.0
2023-11-08 00:00:00+09:00,104049.78462512055,104543.8481798457,102271.15582810994,102468.78125,210486,0.0,0.0
2023-11-09 00:00:00+09:00,103259.28819858198,105235.54251817208,99504.40499136083,103654.5390625,339158,0.0,0.0
2023-11-10 00:00:00+09:00,103654.5344233559,104642.6615389265,100788.96578820117,102172.34375,218172,0.0,0.0
2023-11-13 00:00:00+09:00,104939.10452420595,107014.1715628202,95057.83291175717,96441.2109375,1325148,0.0,0.0
2023-11-14 00:00:00+09:00,96935.27258090102,99800.84129124366,95947.14543940355,97330.5234375,414539,0.0,0.0
2023-11-15 00:00:00+09:00,99702.02576246242,99800.83847382265,97330.52068981713,98615.0859375,372398,0.0,0.0
2023-11-16 00:00:00+09:00,99504.40033974199,101579.4672783066,98417.46051477955,98615.0859375,324000,0.0,0.0
2023-11-17 00:00:00+09:00,98911.52900920543,99800.84345584165,88437.3810821567,89227.8828125,1478659,0.0,0.0
2023-11-20 00:00:00+09:00,90512.44362148269,93476.82496279762,90117.19277597402,91302.9453125,970514,0.0,0.0
2023-11-21 00:00:00+09:00,91994.63326539854,95848.32896609731,91994.63326539854,95453.078125,629130,0.0,0.0
2023-11-22 00:00:00+09:00,94563.76373253105,96342.39251746894,93872.07476061076,95453.078125,249396,0.0,0.0
2023-11-23 00:00:00+09:00,96243.58421906823,97923.40037073575,95057.83164142058,97034.0859375,305236,0.0,0.0
2023-11-24 00:00:00+09:00,97034.08832711123,97528.15191329815,95453.08485131308,95947.1484375,162006,0.0,0.0
2023-11-27 00:00:00+09:00,96540.01900689387,96737.6444296306,94366.1393567898,94959.015625,203623,0.0,0.0
2023-11-28 00:00:00+09:00,94860.2052631579,95848.3324013158,93081.57641447369,93872.078125,362933,0.0,0.0
2023-11-29 00:00:00+09:00,94168.51865348776,94563.76951876997,91698.2007454739,92785.140625,395909,0.0,0.0
2023-11-30 00:00:00+09:00,92785.13618164063,94860.203125,90808.8819498698,94860.203125,672530,0.0,0.0
2023-12-01 00:00:00+09:00,94662.57876308901,96144.76945353403,93180.38807264398,94366.140625,287739,0.0,0.0
2023-12-04 00:00:00+09:00,95749.5173244724,95749.5173244724,90710.06904423701,91302.9453125,365073,0.0,0.0
2023-12-05 00:00:00+09:00,90907.6959514722,92587.51207231461,89623.13068259269,90611.2578125,286669,0.0,0.0
2023-12-06 00:00:00+09:00,91105.32318121694,96935.27336309524,90611.25960648149,93378.015625,834291,0.0,0.0
2023-12-07 00:00:00+09:00,93378.01074953008,93773.26158868153,91895.82010271214,91994.6328125,186546,0.0,0.0
2023-12-08 00:00:00+09:00,92093.45054290254,94267.33027674787,91006.51067597987,93279.203125,270714,0.0,0.0
2023-12-11 00:00:00+09:00,94267.32898026316,95156.64340460526,93378.01455592105,93872.078125,204463,0.0,0.0
2023-12-12 00:00:00+09:00,93378.01117633207,93674.44930705059,90512.44257938644,91797.0078125,469787,0.0,0.0
2023-12-13 00:00:00+09:00,91302.94426130247,92785.13491489504,90808.88071010495,91797.0078125,235853,0.0,0.0
2023-12-14 00:00:00+09:00,93279.19975622969,93575.63789104822,91204.1328125,91204.1328125,383290,0.0,0.0
2023-12-15 00:00:00+09:00,91500.5748870882,92982.765625,91302.94945536663,92982.765625,302744,0.0,0.0
2023-12-18 00:00:00+09:00,94069.69976756198,96638.83022339876,93279.19808884298,95650.703125,477933,0.0,0.0
2023-12-19 00:00:00+09:00,96540.02452256944,104247.41644965277,96045.9609375,103160.4765625,1357833,0.0,0.0
2023-12-20 00:00:00+09:00,104741.4798145933,107112.98501794258,102864.03819527512,103259.2890625,595180,0.0,0.0
2023-12-21 00:00:00+09:00,102369.97023809524,104939.10076530612,100788.96683673469,101678.28125,339661,0.0,0.0
2023-12-22 00:00:00+09:00,102864.03099347015,103555.71996268656,99207.96072761193,99306.7734375,278635,0.0,0.0
2023-12-26 00:00:00+09:00,99306.77793921494,99504.4033679497,96243.58379382623,97231.7109375,423836,0.0,0.0
2023-12-27 00:00:00+09:00,99184.6569666002,99680.5802514332,97597.7024551346,99482.2109375,254127,369.0,0.0
2023-12-28 00:00:00+09:00,99878.94676240129,100672.42399586624,98192.80764128825,100474.0546875,228261,0.0,0.0
2024-01-02 00:00:00+09:00,99184.65698964497,101565.08875739644,98192.81041974852,100573.2421875,206572,0.0,0.0
2024-01-03 00:00:00+09:00,99184.65767892645,100176.50425571571,97994.44178677932,99779.765625,304238,0.0,0.0
2024-01-04 00:00:00+09:00,99184.65358527133,103449.59368943798,99085.46893168605,102358.5625,383496,0.0,0.0
2024-01-05 00:00:00+09:00,103152.03984819734,105135.73292220113,101366.71608159393,104540.625,442098,0.0,0.0
2024-01-08 00:00:00+09:00,105135.73791386756,105135.73791386756,103152.04474568139,103350.4140625,247058,0.0,0.0
2024-01-09 00:00:00+09:00,102556.93393507281,103647.96514714805,101069.16410042475,102160.1953125,375983,0.0,0.0
2024-01-10 00:00:00+09:00,101664.27339076521,102457.75064649801,99085.47230963361,99482.2109375,326698,0.0,0.0
2024-01-11 00:00:00+09:00,99184.65979830678,100672.42969528137,98787.92115911355,99581.3984375,292070,0.0,0.0
2024-01-12 00:00:00+09:00,99978.13043478261,100870.7923136646,95018.89777432712,95812.375,426244,0.0,0.0
2024-01-15 00:00:00+09:00,94721.34638342696,95217.26966292135,88274.34375,88274.34375,1189769,0.0,0.0
2024-01-16 00:00:00+09:00,86786.57822027439,87084.1322027439,80835.49857088414,81331.421875,1751528,0.0,0.0
2024-01-17 00:00:00+09:00,82124.89347104945,84802.87912771411,81628.97020129675,82224.078125,1167706,0.0,0.0
2024-01-18 00:00:00+09:00,81430.60017213984,84703.69372351695,79942.83037605933,81926.5234375,1344369,0.0,0.0
2024-01-19 00:00:00+09:00,82323.26564357907,84604.51276382283,82323.26564357907,83414.296875,757038,0.0,0.0
2024-01-22 00:00:00+09:00,84406.14417024585,85100.43677799171,83315.11292950237,83711.8515625,511666,0.0,0.0
2024-01-23 00:00:00+09:00,84406.1420286643,84802.88065159574,82918.37219267139,83910.21875,346525,0.0,0.0
2024-01-24 00:00:00+09:00,83612.66903577792,84406.1463220012,83017.56107111045,83513.484375,224971,0.0,0.0
2024-01-25 00:00:00+09:00,83017.5611089939,83116.74576981708,80240.39060594513,81331.421875,511600,0.0,0.0
2024-01-26 00:00:00+09:00,81331.41903235653,82025.71163385226,80835.49574557388,81232.234375,414747,0.0,0.0
2024-01-29 00:00:00+09:00,80835.49190377757,80934.67655642024,75876.25927164397,76471.3671875,1218272,0.0,0.0
2024-01-30 00:00:00+09:00,76868.10506184897,77364.0283203125,75479.51993815105,76173.8125,599180,0.0,0.0
2024-01-31 00:00:00+09:00,75578.70878984063,76372.18604747676,74388.49290338645,74686.046875,554890,0.0,0.0
2024-02-01 00:00:00+09:00,74686.0433696546,75677.88989514802,73892.56614925986,75380.3359375,340614,0.0,0.0
2024-02-02 00:00:00+09:00,76372.18465539662,77760.76983094928,75677.89206762028,76273.0,473222,0.0,0.0
2024-02-05 00:00:00+09:00,76868.11079545454,77264.84943181818,75281.15625,75281.15625,277352,0.0,0.0
2024-02-06 00:00:00+09:00,75082.78693181818,75876.26420454546,74090.94034090909,74190.125,277244,0.0,0.0
2024-02-07 00:00:00+09:00,74586.8650530504,75082.78835792441,73595.0184433024,74785.234375,253013,0.0,0.0
2024-02-08 00:00:00+09:00,74884.41549975361,76273.00068782852,74487.67687458935,75479.5234375,300403,0.0,0.0
2024-02-13 00:00:00+09:00,75380.34018456376,75479.52484270134,71412.9538590604,73892.5703125,867108,0.0,0.0
2024-02-14 00:00:00+09:00,73396.64295557718,77066.47510335603,72801.53503972114,76471.3671875,550854,0.0,0.0
2024-02-15 00:00:00+09:00,76967.28971354167,77859.95157877605,75975.4431966146,76173.8125,367823,0.0,0.0
2024-02-16 00:00:00+09:00,76868.10720259465,77661.58443823433,75380.33738577022,75975.4453125,346273,0.0,0.0
2024-02-19 00:00:00+09:00,76471.3671875,77165.6597559987,75975.44392428664,76471.3671875,249714,0.0,0.0
2024-02-20 00:00:00+09:00,75777.07600359007,76471.3685847748,73991.75222340078,75975.4453125,356436,0.0,0.0
2024-02-21 00:00:00+09:00,76768.92114542802,78752.61419828146,76272.99788221465,76471.3671875,653867,0.0,0.0
2024-02-22 00:00:00+09:00,76868.10793237972,76967.29258777633,75578.70741222367,76273.0,301303,0.0,0.0
2024-02-23 00:00:00+09:00,76967.29112057667,76967.29112057667,75479.5213179882,75677.890625,288671,0.0,0.0
2024-02-26 00:00:00+09:00,74686.04621721178,78355.87850145726,74686.04621721178,76570.5546875,701999,0.0,0.0
2024-02-27 00:00:00+09:00,76768.92687922297,76868.11153927365,72702.35581714528,73396.6484375,700131,0.0,0.0
2024-02-28 00:00:00+09:00,73198.27770553691,74190.12428691275,72900.72373112416,73892.5703125,458775,0.0,0.0
2024-02-29 00:00:00+09:00,73396.64772727272,75975.44886363637,72999.90909090909,73099.09375,3038341,0.0,0.0
2024-03-04 00:00:00+09:00,74884.41390019044,76272.99905860458,71611.3203125,71611.3203125,879434,0.0,0.0
2024-03-05 00:00:00+09:00,72008.05813029662,72305.61208951271,70123.54972192796,70222.734375,542148,0.0,0.0
2024-03-06 00:00:00+09:00,70222.73863636363,70718.66193181818,68239.04545454546,68734.96875,592255,0.0,0.0
2024-03-07 00:00:00+09:00,68536.60090559309,68734.97022804055,65759.43039132883,66056.984375,1143468,0.0,0.0
2024-03-08 00:00:00+09:00,66453.71808167404,68437.41115873893,65957.79481240782,67247.1953125,859695,0.0,0.0
2024-03-11 00:00:00+09:00,67743.12012944561,71908.87568645398,66751.27356825313,71115.3984375,948346,0.0,0.0
2024-03-12 00:00:00+09:00,71809.68962084487,72107.24358336219,70321.9198082583,71611.3203125,498885,0.0,0.0
2024-03-13 00:00:00+09:00,71611.323143434,71710.50780152739,70421.1072463132,70619.4765625,349078,0.0,0.0
2024-03-14 00:00:00+09:00,70619.47582378224,70817.84513789398,69230.890625,69230.890625,572583,0.0,0.0
2024-03-15 00:00:00+09:00,68437.41048651603,68834.14909803207,67148.00999908893,68040.671875,579781,0.0,0.0
2024-03-18 00:00:00+09:00,68139.85579474745,69032.51766105418,67048.82462481699,67743.1171875,483702,0.0,0.0
2024-03-19 00:00:00+09:00,68139.85645833334,68239.04111111112,66751.27131944445,66949.640625,490186,0.0,0.0
2024-03-20 00:00:00+09:00,67544.75140994822,67743.12072392751,66552.90484005178,67048.828125,342074,0.0,0.0
2024-03-21 00:00:00+09:00,67247.19743897929,68139.8593518861,66949.64346801036,67048.828125,478751,0.0,0.0
2024-03-22 00:00:00+09:00,67148.00993055556,67743.11784722222,65957.79409722223,66949.640625,466460,0.0,0.0
2024-03-25 00:00:00+09:00,66949.64558622263,68437.41548813868,66751.27626596716,67941.4921875,342654,0.0,0.0
2024-03-26 00:00:00+09:00,68338.22596663136,71214.58090572034,67346.37943591102,70222.734375,966435,0.0,0.0
2024-03-27 00:00:00+09:00,70619.47448275863,74289.30672413793,70421.1051724138,71908.875,1493506,0.0,0.0
2024-03-28 00:00:00+09:00,71908.87929137325,72404.80259683098,70123.55539172536,70421.109375,601858,0.0,0.0
2024-03-29 00:00:00+09:00,70917.03265863383,72404.80257454923,69528.44740377947,71512.140625,497754,0.0,0.0
2024-04-01 00:00:00+09:00,72603.16972436798,72603.16972436798,70321.92258821981,70619.4765625,408329,0.0,0.0
2024-04-02 00:00:00+09:00,70024.3636039886,70421.10220797721,68933.33244301994,69627.625,448824,0.0,0.0
2024-04-03 00:00:00+09:00,69032.51718092567,71412.94880785415,69032.51718092567,70718.65625,652205,0.0,0.0
2024-04-04 00:00:00+09:00,70123.54883098463,70222.7334827965,67643.93253568815,67743.1171875,890841,0.0,0.0
2024-04-05 00:00:00+09:00,67346.38422673357,68239.0461678832,67148.0149064781,67941.4921875,358525,0.0,0.0
2024-04-08 00:00:00+09:00,67842.3017578125,67842.3017578125,66652.0859375,66652.0859375,304674,0.0,0.0
2024-04-09 00:00:00+09:00,66552.90768111862,67445.56963213213,65957.79971377627,66056.984375,281695,0.0,0.0
2024-04-11 00:00:00+09:00,64271.655583079264,65660.24073456555,63974.101622046495,65065.1328125,385802,0.0,0.0
2024-04-12 00:00:00+09:00,65164.32102272727,66255.35227272726,63577.36647727273,64370.84375,385500,0.0,0.0
2024-04-15 00:00:00+09:00,63378.993640988374,64172.47086967054,63180.62433381783,63974.1015625,236151,0.0,0.0
2024-04-16 00:00:00+09:00,63081.4396194795,64470.02476833596,62287.962391561516,62883.0703125,432506,0.0,0.0
2024-04-17 00:00:00+09:00,63081.44029552716,63378.9942591853,62089.59375,62089.59375,284070,0.0,0.0
2024-04-18 00:00:00+09:00,62585.516412306206,64172.47086967054,62387.147105135664,63974.1015625,237343,0.0,0.0
2024-04-19 00:00:00+09:00,63478.179723502304,64965.949560771885,62684.70247695852,64569.2109375,402329,0.0,0.0
2024-04-22 00:00:00+09:00,64965.94756944445,68239.04111111112,64965.94756944445,66949.640625,751098,0.0,0.0
2024-04-23 00:00:00+09:00,67148.01420454546,68437.41477272726,66255.35227272726,67643.9375,485767,0.0,0.0
2024-04-24 00:00:00+09:00,67346.38069016153,67941.48861967695,66949.64207048458,67544.75,244754,0.0,0.0
2024-04-25 00:00:00+09:00,66949.64632601352,67445.56963213213,65759.43039132883,66056.984375,238300,0.0,0.0
2024-04-26 00:00:00+09:00,66056.97940873314,67048.8259464018,65957.79475496626,66156.1640625,206695,0.0,0.0
2024-04-29 00:00:00+09:00,66156.1690131093,67743.12359213442,66156.1690131093,67148.015625,236881,0.0,0.0
2024-04-30 00:00:00+09:00,67148.01060016867,67445.56456146926,65858.6101011994,66156.1640625,258384,0.0,0.0
2024-05-02 00:00:00+09:00,66354.53833548745,67842.30825332348,65759.43036835303,67148.015625,257516,0.0,0.0
2024-05-03 00:00:00+09:00,67346.38490253934,69429.26278612303,67048.83091917024,69330.078125,528095,0.0,0.0
2024-05-07 00:00:00+09:00,70123.550390625,70123.550390625,67941.48800223214,69429.2578125,504482,0.0,0.0
2024-05-08 00:00:00+09:00,69330.07741783405,69925.18537850215,68536.60013694325,69032.5234375,317885,0.0,0.0
2024-05-09 00:00:00+09:00,69131.70666893116,69925.1839334239,68437.4140625,68437.4140625,365481,0.0,0.0
2024-05-10 00:00:00+09:00,68635.78409090909,70123.55397727272,67743.12215909091,68734.96875,651546,0.0,0.0
2024-05-13 00:00:00+09:00,65263.50179388519,65362.68644706738,59510.7919093178,59609.9765625,3465685,0.0,0.0
2024-05-14 00:00:00+09:00,59808.34586886439,60205.08448159318,59014.86864340682,59609.9765625,849580,0.0,0.0
2024-05-16 00:00:00+09:00,59609.9765625,60304.26913477537,59411.607256135605,59609.9765625,729860,0.0,0.0
2024-05-17 00:00:00+09:00,59808.34693359375,60304.27020833333,59510.79296875,59510.79296875,532807,0.0,0.0
2024-05-20 00:00:00+09:00,59709.16404928088,60006.71802294839,58518.94815461083,58618.1328125,564409,0.0,0.0
2024-05-21 00:00:00+09:00,58518.9481411638,58618.13279903017,57527.1015625,57527.1015625,499333,0.0,0.0
2024-05-22 00:00:00+09:00,57626.28657362196,58221.39452446832,57130.36328125,57130.36328125,407649,0.0,0.0
2024-05-23 00:00:00+09:00,57328.73193842822,60601.825630414605,57130.362623762376,60105.90234375,1084358,0.0,0.0
2024-05-24 00:00:00+09:00,59312.42399853188,60403.45520920722,59014.870031984065,59114.0546875,458664,0.0,0.0
2024-05-27 00:00:00+09:00,61494.48863636363,61792.04261363636,59411.610795454544,60006.71875,883139,0.0,0.0
2024-05-28 00:00:00+09:00,60006.71728847789,60006.71728847789,58221.39346832483,58320.578125,550096,0.0,0.0
2024-05-29 00:00:00+09:00,58419.763483297414,58618.13279903017,57229.54758890086,57527.1015625,355199,0.0,0.0
2024-05-30 00:00:00+09:00,57031.17617053264,58023.02271262887,56436.06824527492,57725.46875,414348,0.0,0.0
2024-05-31 00:00:00+09:00,57229.54653211059,58023.02378038941,56733.62325193632,57626.28515625,368261,0.0,0.0
2024-06-03 00:00:00+09:00,58023.02521427811,58816.50248216568,57725.471238820275,58221.39453125,267308,0.0,0.0
2024-06-04 00:00:00+09:00,58419.76099216084,58816.49960670862,57923.83772397611,58122.20703125,278111,0.0,0.0
2024-06-05 00:00:00+09:00,58419.76313008348,58618.132444616866,57824.65518648331,57923.83984375,244569,0.0,0.0
2024-06-07 00:00:00+09:00,58122.20843642427,58419.76240452883,57527.10050021515,57626.28515625,237016,0.0,0.0
2024-06-10 00:00:00+09:00,57328.73153162911,57427.916188258234,56634.438935225306,57229.546875,254083,0.0,0.0
2024-06-11 00:00:00+09:00,57427.9158770587,59014.870374524915,57427.9158770587,58717.31640625,476202,0.0,0.0
2024-06-12 00:00:00+09:00,59312.42246869602,59312.42246869602,57031.17545066925,57427.9140625,416026,0.0,0.0
2024-06-13 00:00:00+09:00,57527.10084488735,57626.28550151647,57031.177561741766,57229.546875,360760,0.0,0.0
2024-06-14 00:00:00+09:00,57328.73187990837,57527.101194371724,56733.62393651832,56832.80859375,281359,0.0,0.0
2024-06-17 00:00:00+09:00,56634.44034090909,57130.36363636363,55741.778409090904,56733.625,459719,0.0,0.0
2024-06-18 00:00:00+09:00,56733.62428602812,57031.17825955624,56138.51633897188,56436.0703125,285469,0.0,0.0
2024-06-19 00:00:00+09:00,56436.06994411699,56535.25460131228,54948.30008618772,55741.77734375,626685,0.0,0.0
2024-06-20 00:00:00+09:00,55543.40802935943,57031.1778872887,55543.40802935943,55741.77734375,325241,0.0,0.0
2024-06-21 00:00:00+09:00,55840.963068181816,56237.701704545456,55345.03977272727,55642.59375,256924,0.0,0.0
2024-06-24 00:00:00+09:00,55444.223351009525,55741.77732248185,54551.56143659256,54650.74609375,304639,0.0,0.0
2024-06-25 00:00:00+09:00,54452.37784090909,55047.485795454544,54353.193181818184,54551.5625,209362,0.0,0.0
2024-06-26 00:00:00+09:00,54551.56214745036,55245.85475659973,54452.37748900045,54948.30078125,184650,0.0,0.0
2024-06-27 00:00:00+09:00,55146.6697468638,56138.5163250448,54948.3004312276,55345.0390625,220236,0.0,0.0
2024-06-28 00:00:00+09:00,55642.592706969896,57427.91653714005,55543.40804973822,56832.80859375,593363,0.0,0.0
2024-07-01 00:00:00+09:00,56931.99112771739,57527.09904891304,56039.32924592391,57031.17578125,288753,0.0,0.0
2024-07-02 00:00:00+09:00,56733.62353603604,56931.9928490991,55047.484375,55047.484375,326412,0.0,0.0
2024-07-03 00:00:00+09:00,54948.29934135493,55543.40727645985,54154.822094548355,54353.19140625,317904,0.0,0.0
2024-07-04 00:00:00+09:00,54353.19140625,54650.74537380246,52964.6062243385,54353.19140625,447309,0.0,0.0
2024-07-05 00:00:00+09:00,54154.82038263016,55345.03621521544,54055.63572991472,55245.8515625,264933,0.0,0.0
2024-07-08 00:00:00+09:00,55047.48336226852,56237.69921875,54849.11405285494,56237.69921875,223973,0.0,0.0
2024-07-09 00:00:00+09:00,56535.255681818184,56733.625,55543.40909090909,55642.59375,253099,0.0,0.0
2024-07-10 00:00:00+09:00,55444.22126412899,56138.513838098406,55345.03661070479,55940.14453125,177810,0.0,0.0
2024-07-11 00:00:00+09:00,56138.51451495054,56336.88382419065,55047.483314129946,55146.66796875,231602,0.0,0.0
2024-07-12 00:00:00+09:00,55146.66736413043,58221.3916236413,55146.66736413043,57031.17578125,862301,0.0,0.0
2024-07-15 00:00:00+09:00,57527.09972993827,57626.28438464506,55840.96059992284,56237.69921875,295638,0.0,0.0
2024-07-16 00:00:00+09:00,56336.884594298244,57527.10046600877,56336.884594298244,56535.25390625,415672,0.0,0.0
2024-07-17 00:00:00+09:00,56535.25495631721,56832.808929771505,55245.8544046819,55345.0390625,257399,0.0,0.0
2024-07-18 00:00:00+09:00,54849.11308560017,57527.09871545768,54551.559126727116,57427.9140625,519692,0.0,0.0
2024-07-19 00:00:00+09:00,56832.80621027543,58717.31461864407,55444.22106726695,58518.9453125,607656,0.0,0.0
2024-07-22 00:00:00+09:00,58419.76121651786,58618.13052455357,55543.40625,55543.40625,557639,0.0,0.0
2024-07-23 00:00:00+09:00,55840.9609375,56634.438179951154,55543.40697158082,55840.9609375,190856,0.0,0.0
2024-07-24 00:00:00+09:00,55245.85403669465,56039.33129395417,54353.19212227767,54650.74609375,324861,0.0,0.0
2024-07-25 00:00:00+09:00,53559.71554863722,53857.26952390743,51972.761013862786,52766.23828125,550491,0.0,0.0
2024-07-26 00:00:00+09:00,52567.8689644032,53658.90020706062,52171.13033070959,52766.23828125,204210,0.0,0.0
2024-07-29 00:00:00+09:00,52567.86793428309,54353.19175091912,52567.86793428309,53956.453125,244452,0.0,0.0
2024-07-30 00:00:00+09:00,53758.084537410396,56535.25495631721,53758.084537410396,55345.0390625,515579,0.0,0.0
2024-07-31 00:00:00+09:00,55245.853742417676,57328.73153162911,55245.853742417676,57229.546875,472787,0.0,0.0
2024-08-01 00:00:00+09:00,57031.177561741766,57527.10084488735,56237.70030870884,57229.546875,262797,0.0,0.0
2024-08-02 00:00:00+09:00,56436.06779837101,59213.23809424867,55642.590570977394,55940.14453125,766851,0.0,0.0
2024-08-05 00:00:00+09:00,55741.77488027996,56237.698144339396,47906.187308140965,50484.98828125,1028028,0.0,0.0
2024-08-06 00:00:00+09:00,51080.096266526445,52667.050713641824,50187.434390024035,51576.01953125,554864,0.0,0.0
2024-08-07 00:00:00+09:00,50782.54255319149,56535.25245179521,50782.54255319149,55940.14453125,678719,0.0,0.0
2024-08-08 00:00:00+09:00,54849.114754660084,58122.20840186403,54749.930098684206,56535.25390625,589429,0.0,0.0
2024-08-09 00:00:00+09:00,57328.73042052469,57725.46903935185,56039.32990933642,56237.69921875,344540,0.0,0.0
2024-08-12 00:00:00+09:00,55642.59234209364,57130.36219081272,55146.669059187276,56138.515625,210088,0.0,0.0
2024-08-13 00:00:00+09:00,56237.69801682692,56535.25197458791,53658.89704956502,54154.8203125,455826,0.0,0.0
2024-08-14 00:00:00+09:00,51080.09870464712,51576.02199304175,49592.328839463225,49889.8828125,1342961,0.0,0.0
2024-08-16 00:00:00+09:00,50088.25212785786,50484.990758573564,49393.95952410537,49889.8828125,464700,0.0,0.0
2024-08-19 00:00:00+09:00,49889.88036437868,51179.2808509332,49889.88036437868,50484.98828125,366704,0.0,0.0
2024-08-20 00:00:00+09:00,50683.36008937257,51080.09872020914,50286.62145853599,50980.9140625,227180,0.0,0.0
2024-08-21 00:00:00+09:00,50584.17648940059,51675.20774701511,50484.99182961745,50881.73046875,192917,0.0,0.0
2024-08-22 00:00:00+09:00,51080.09873511905,52071.9453125,50980.914077380956,52071.9453125,325284,0.0,0.0
2024-08-23 00:00:00+09:00,51576.020592485555,51576.020592485555,50683.35869761561,51476.8359375,205384,0.0,0.0
2024-08-26 00:00:00+09:00,51774.38883713942,52270.31210186298,50881.72696063702,51576.01953125,185163,0.0,0.0
2024-08-27 00:00:00+09:00,51476.83521075582,51675.20451792636,50782.542635658916,51179.28125,157232,0.0,0.0
2024-08-28 00:00:00+09:00,51576.02308723197,51972.76172636452,50782.54580896686,50881.73046875,202075,0.0,0.0
2024-08-29 00:00:00+09:00,50484.99040772929,50683.35972170858,49989.06712278107,50286.62109375,151318,0.0,0.0
2024-08-30 00:00:00+09:00,50584.174718688846,51080.098000244616,50286.62074975538,50683.359375,117301,0.0,0.0
2024-09-02 00:00:00+09:00,50980.91369267752,50980.91369267752,50187.436436760356,50286.62109375,119725,0.0,0.0
2024-09-03 00:00:00+09:00,50385.80392892893,50980.911849349344,49493.142048298294,49542.734375,231677,0.0,0.0
2024-09-04 00:00:00+09:00,48154.152365072325,48501.29867460426,45228.204899017466,45426.57421875,1095653,0.0,0.0
2024-09-05 00:00:00+09:00,45575.34835287883,46269.64092843955,45129.017411446934,45327.38671875,362784,0.0,0.0
2024-09-06 00:00:00+09:00,45327.386283745785,45724.12489454443,44087.578125,44087.578125,295499,0.0,0.0
2024-09-09 00:00:00+09:00,43145.32705443092,44186.76598333097,42748.588414849946,43790.02734375,319296,0.0,0.0
2024-09-10 00:00:00+09:00,43740.43213900862,44087.57842582615,42996.54723868534,43145.32421875,281691,0.0,0.0
2024-09-11 00:00:00+09:00,43145.32430959302,45277.79436167636,43145.32430959302,44781.87109375,353202,0.0,0.0
2024-09-12 00:00:00+09:00,44881.05649201766,46220.04933763587,44682.6871815557,45624.94140625,326644,0.0,0.0
2024-09-13 00:00:00+09:00,45525.75744088772,45922.49606782356,44781.87251538302,44831.46484375,159607,0.0,0.0
2024-09-19 00:00:00+09:00,45277.797237660794,45327.389567603466,44137.17364897931,44335.54296875,214420,0.0,0.0
2024-09-20 00:00:00+09:00,44980.24181568449,45228.203457446805,44236.35689039753,44285.94921875,203252,0.0,0.0
2024-09-23 00:00:00+09:00,44335.54015261628,45327.38668846899,43988.39386506783,44781.87109375,218835,0.0,0.0
2024-09-24 00:00:00+09:00,45129.020219168386,48550.8909830394,44930.65089952369,48154.15234375,577780,0.0,0.0
2024-09-25 00:00:00+09:00,48402.112907465824,48600.48222266036,47162.3046875,47162.3046875,387209,0.0,0.0
2024-09-26 00:00:00+09:00,47360.67165144955,49790.69564194277,47360.67165144955,49393.95703125,1275920,0.0,0.0
2024-09-27 00:00:00+09:00,49542.736868106615,52567.868949142154,48997.22124693627,50584.17578125,874421,0.0,0.0
2024-09-30 00:00:00+09:00,50881.728306361605,51476.83623976934,49790.69709511409,49989.06640625,349100,0.0,0.0
2024-10-02 00:00:00+09:00,49294.773817274305,50584.17433965774,49096.404506138395,49989.06640625,202681,0.0,0.0
2024-10-04 00:00:00+09:00,50187.43432281434,51179.2808509332,49889.88036437868,50484.98828125,239762,0.0,0.0
2024-10-07 00:00:00+09:00,50782.54291417165,50980.91222243014,49542.73473755614,49691.51171875,213522,0.0,0.0
2024-10-08 00:00:00+09:00,50484.990430441605,53460.53014146959,49889.882488236006,51377.65234375,1029543,0.0,0.0
2024-10-10 00:00:00+09:00,51377.65089416504,51675.20485687256,50782.54296875,50782.54296875,276469,0.0,0.0
2024-10-11 00:00:00+09:00,50683.357920792085,51278.46584158416,49889.88069306931,50088.25,255647,0.0,0.0
2024-10-14 00:00:00+09:00,49989.06573486328,51179.28158569336,49790.6964263916,50782.54296875,224629,0.0,0.0
2024-10-15 00:00:00+09:00,50782.54510556622,52171.130323296544,50187.43715511037,51675.20703125,283211,0.0,0.0
2024-10-16 00:00:00+09:00,51179.283006656806,51278.46766364645,50286.62109375,50286.62109375,148106,0.0,0.0
2024-10-17 00:00:00+09:00,50286.62074975538,51972.75990704501,50286.62074975538,50683.359375,224346,0.0,0.0
2024-10-18 00:00:00+09:00,51278.469115724605,51377.65377552291,49493.14523935508,49790.69921875,187865,0.0,0.0
2024-10-21 00:00:00+09:00,49989.06606791339,51179.28192667323,49989.06606791339,50385.8046875,150823,0.0,0.0
2024-10-22 00:00:00+09:00,50584.175431663425,51179.283377918284,49691.513512281126,50980.9140625,245582,0.0,0.0
2024-10-23 00:00:00+09:00,51377.65236590264,52865.42222205813,50286.62113805529,52468.68359375,412885,0.0,0.0
2024-10-24 00:00:00+09:00,52270.3127822876,52270.3127822876,50782.54296875,50782.54296875,210865,0.0,0.0
2024-10-25 00:00:00+09:00,50584.172934061884,51179.2808509332,49542.734079537084,50484.98828125,216724,0.0,0.0
2024-10-28 00:00:00+09:00,50484.98934239666,50683.35865218996,48749.25788170522,50385.8046875,271075,0.0,0.0
2024-10-29 00:00:00+09:00,50088.251406250005,50286.620718750004,48898.03553125,49592.328125,242932,0.0,0.0
2024-10-30 00:00:00+09:00,49592.32810920121,49889.88207785642,48997.220171890796,49046.8125,148529,0.0,0.0
2024-10-31 00:00:00+09:00,48798.84941146366,48898.034064739,47955.77985862333,48451.703125,171904,0.0,0.0
2024-11-01 00:00:00+09:00,47955.78090945513,48898.03513621795,47410.265304487184,48352.51953125,140941,0.0,0.0
2024-11-04 00:00:00+09:00,48352.521306818184,54055.639204545456,48352.521306818184,53460.53125,1272983,0.0,0.0
2024-11-05 00:00:00+09:00,52964.60561342593,56733.62249228395,52865.420958719136,56237.69921875,1283156,0.0,0.0
2024-11-06 00:00:00+09:00,56832.80819256757,56931.9928490991,53658.89918355856,55047.484375,690525,0.0,0.0
2024-11-07 00:00:00+09:00,54551.561414930555,54650.74607204861,52071.944986979164,53559.71484375,601912,0.0,0.0
2024-11-08 00:00:00+09:00,53658.897768670315,55444.221539162114,53559.7131147541,54452.375,475896,0.0,0.0
2024-11-11 00:00:00+09:00,53758.08452353748,55642.593021595065,53262.16123457495,54254.0078125,509321,0.0,0.0
2024-11-12 00:00:00+09:00,53857.27024678738,55245.8554833528,52567.86966997664,53063.79296875,430018,0.0,0.0
2024-11-13 00:00:00+09:00,52468.68290997439,54849.11464880121,52468.68290997439,53262.16015625,635820,0.0,0.0
2024-11-14 00:00:00+09:00,58518.94517495599,59411.60705050616,55840.95954830546,56336.8828125,2503819,0.0,0.0
2024-11-15 00:00:00+09:00,56931.994318181816,59213.24147727273,55741.778409090904,58915.6875,1380530,0.0,0.0
2024-11-18 00:00:00+09:00,59312.42613636363,59907.53409090909,57626.286931818184,58915.6875,778075,0.0,0.0
2024-11-19 00:00:00+09:00,60205.086047363286,63974.102966308594,59609.978112792975,63478.1796875,2699562,0.0,0.0
2024-11-20 00:00:00+09:00,63874.91763117284,64965.94883294753,62883.07108410494,64271.65625,1042087,0.0,0.0
2024-11-21 00:00:00+09:00,64370.84128697519,66453.71904818702,62684.70214694656,64965.94921875,1104104,0.0,0.0
2024-11-22 00:00:00+09:00,64866.76212651286,66056.97794534796,63974.100262386535,65561.0546875,710206,0.0,0.0
2024-11-25 00:00:00+09:00,67048.82527777778,68437.41041666667,66354.53270833334,66949.640625,1209776,0.0,0.0
2024-11-26 00:00:00+09:00,67247.19748388253,69429.25993911175,66652.08954154728,69230.890625,1122989,0.0,0.0
2024-11-27 00:00:00+09:00,69627.62525510204,72900.71875,69429.25595238095,72900.71875,1414408,0.0,0.0
2024-11-28 00:00:00+09:00,74388.48926575204,75578.70509400406,70619.47247628726,73198.2734375,1896010,0.0,0.0
2024-11-29 00:00:00+09:00,73198.27703697643,76372.18606839004,71908.87649296466,75777.078125,1576173,0.0,0.0
2024-12-02 00:00:00+09:00,76372.18253485733,80339.5686405642,75380.3360084306,76471.3671875,2432737,0.0,0.0
2024-12-03 00:00:00+09:00,77562.40193393095,78157.50987715804,73396.6463313413,74686.046875,1546526,0.0,0.0
2024-12-04 00:00:00+09:00,73297.4609375,75677.89268648512,73099.09162508458,73297.4609375,1256550,0.0,0.0
2024-12-05 00:00:00+09:00,74388.49137931035,75181.96862068966,70917.02844827586,71908.875,1049077,0.0,0.0
2024-12-06 00:00:00+09:00,72107.24145372928,74090.93447859117,69230.88656767955,71809.6875,1182948,0.0,0.0
2024-12-09 00:00:00+09:00,68437.41477272726,69032.52272727272,63577.36647727273,66552.90625,2134037,0.0,0.0
2024-12-10 00:00:00+09:00,68040.67750880282,71809.6946302817,67643.93886443663,70421.109375,1148865,0.0,0.0
2024-12-11 00:00:00+09:00,70817.8458786868,72404.80040818118,69330.07600728582,70619.4765625,622023,0.0,0.0
2024-12-12 00:00:00+09:00,71313.7691800657,72008.06178682572,69726.8146503285,71710.5078125,684322,0.0,0.0
2024-12-13 00:00:00+09:00,71710.50990494616,74487.68041302153,71016.21727792732,73694.203125,810472,0.0,0.0
2024-12-16 00:00:00+09:00,73991.7513270548,74289.30528681507,71611.31964897261,72404.796875,576631,0.0,0.0
2024-12-17 00:00:00+09:00,72999.90606936417,72999.90606936417,68635.78125,68635.78125,869004,0.0,0.0
2024-12-18 00:00:00+09:00,69230.88855924754,70817.84302478904,68635.78063466949,70520.2890625,483077,0.0,0.0
2024-12-19 00:00:00+09:00,68834.15272735132,72900.72370980291,68536.5987530256,71710.5078125,630530,0.0,0.0
2024-12-20 00:00:00+09:00,72206.428125,72404.79743303571,69330.07315848215,69429.2578125,391834,0.0,0.0
2024-12-23 00:00:00+09:00,70520.29403609155,71016.2173415493,68635.78547535211,70421.109375,360254,0.0,0.0
2024-12-24 00:00:00+09:00,71412.94930453881,71412.94930453881,67346.37858025257,67743.1171875,578963,0.0,0.0
2024-12-26 00:00:00+09:00,68338.23011363637,71214.58522727272,68338.23011363637,69826.0,521878,0.0,0.0
2024-12-27 00:00:00+09:00,70100.0,70300.0,67500.0,68600.0,327433,574.0,0.0
2024-12-30 00:00:00+09:00,68100.0,70600.0,67400.0,69900.0,246990,0.0,0.0
2025-01-02 00:00:00+09:00,69600.0,71000.0,66800.0,67600.0,498428,0.0,0.0
2025-01-03 00:00:00+09:00,67700.0,69200.0,67700.0,67800.0,383392,0.0,0.0
2025-01-06 00:00:00+09:00,67800.0,68300.0,65900.0,67200.0,378483,0.0,0.0
2025-01-07 00:00:00+09:00,68500.0,73800.0,68100.0,72500.0,1329358,0.0,0.0
2025-01-08 00:00:00+09:00,72700.0,72900.0,71100.0,71400.0,371047,0.0,0.0
2025-01-09 00:00:00+09:00,71900.0,72300.0,69900.0,69900.0,457769,0.0,0.0
2025-01-10 00:00:00+09:00,70100.0,72300.0,68800.0,71600.0,562177,0.0,0.0
2025-01-13 00:00:00+09:00,71600.0,72600.0,70500.0,70800.0,369040,0.0,0.0
2025-01-14 00:00:00+09:00,70700.0,75800.0,70700.0,75800.0,1158714,0.0,0.0
2025-01-15 00:00:00+09:00,76100.0,76300.0,75000.0,76000.0,487142,0.0,0.0
2025-01-16 00:00:00+09:00,77000.0,77000.0,73700.0,75500.0,689128,0.0,0.0
2025-01-17 00:00:00+09:00,75600.0,78300.0,75100.0,76400.0,775694,0.0,0.0
2025-01-20 00:00:00+09:00,77300.0,78000.0,74600.0,74700.0,476195,0.0,0.0
2025-01-21 00:00:00+09:00,75100.0,76100.0,73800.0,74300.0,411808,0.0,0.0
2025-01-22 00:00:00+09:00,74400.0,74600.0,72700.0,74300.0,501405,0.0,0.0
2025-01-23 00:00:00+09:00,74700.0,75900.0,73300.0,73500.0,442861,0.0,0.0
2025-01-24 00:00:00+09:00,73800.0,76000.0,72900.0,75000.0,423894,0.0,0.0
2025-01-31 00:00:00+09:00,75700.0,76400.0,74600.0,75000.0,399828,0.0,0.0
2025-02-03 00:00:00+09:00,74200.0,75900.0,73700.0,75000.0,419762,0.0,0.0
2025-02-04 00:00:00+09:00,75500.0,79100.0,74500.0,79100.0,1059207,0.0,0.0
2025-02-05 00:00:00+09:00,79600.0,79900.0,77700.0,79300.0,602689,0.0,0.0
2025-02-06 00:00:00+09:00,79600.0,80300.0,77000.0,77400.0,674299,0.0,0.0
2025-02-07 00:00:00+09:00,77700.0,78900.0,77000.0,77700.0,435046,0.0,0.0
2025-02-10 00:00:00+09:00,80000.0,82400.0,78700.0,78800.0,1392162,0.0,0.0
2025-02-11 00:00:00+09:00,80200.0,83800.0,79700.0,83600.0,1326718,0.0,0.0
2025-02-12 00:00:00+09:00,83900.0,84200.0,82600.0,83700.0,503992,0.0,0.0
2025-02-13 00:00:00+09:00,84200.0,84700.0,82000.0,83400.0,561862,0.0,0.0
2025-02-14 00:00:00+09:00,83400.0,84300.0,80600.0,81000.0,602303,0.0,0.0
2025-02-17 00:00:00+09:00,80900.0,80900.0,78600.0,79000.0,572835,0.0,0.0
2025-02-18 00:00:00+09:00,79300.0,80500.0,77800.0,79400.0,579731,0.0,0.0
2025-02-19 00:00:00+09:00,79500.0,81300.0,78300.0,81100.0,572359,0.0,0.0
2025-02-20 00:00:00+09:00,86900.0,87400.0,81300.0,82500.0,2161017,0.0,0.0
2025-02-21 00:00:00+09:00,82200.0,84700.0,79900.0,82300.0,921254,0.0,0.0
2025-02-24 00:00:00+09:00,81200.0,83000.0,80500.0,81400.0,522796,0.0,0.0
2025-02-25 00:00:00+09:00,81800.0,84800.0,81500.0,84100.0,807797,0.0,0.0
2025-02-26 00:00:00+09:00,83600.0,85200.0,83200.0,84100.0,411760,0.0,0.0
2025-02-27 00:00:00+09:00,84200.0,85400.0,83200.0,85100.0,549941,0.0,0.0
2025-02-28 00:00:00+09:00,84000.0,86900.0,82800.0,84300.0,827890,0.0,0.0
2025-03-04 00:00:00+09:00,83400.0,84000.0,81200.0,82900.0,445559,0.0,0.0
2025-03-05 00:00:00+09:00,83300.0,83800.0,79300.0,80900.0,570080,0.0,0.0
2025-03-06 00:00:00+09:00,81300.0,81300.0,78000.0,79900.0,576075,0.0,0.0
2025-03-07 00:00:00+09:00,79700.0,81900.0,79100.0,80600.0,478082,0.0,0.0
2025-03-10 00:00:00+09:00,80100.0,80200.0,73000.0,73100.0,1797632,0.0,0.0
2025-03-11 00:00:00+09:00,71600.0,73400.0,70100.0,70300.0,969056,0.0,0.0
2025-03-12 00:00:00+09:00,70600.0,72000.0,70000.0,70100.0,529998,0.0,0.0
2025-03-13 00:00:00+09:00,70700.0,71300.0,69700.0,70700.0,425193,0.0,0.0
2025-03-14 00:00:00+09:00,70200.0,70800.0,68200.0,69800.0,652284,0.0,0.0
2025-03-17 00:00:00+09:00,69800.0,70600.0,68500.0,69700.0,449196,0.0,0.0
2025-03-18 00:00:00+09:00,70000.0,70000.0,62900.0,63000.0,2847057,0.0,0.0
2025-03-19 00:00:00+09:00,63000.0,63800.0,62250.0,62800.0,1052134,0.0,0.0
2025-03-20 00:00:00+09:00,63300.0,63400.0,60600.0,61000.0,1160646,0.0,0.0
2025-03-21 00:00:00+09:00,60400.0,62100.0,60200.0,61300.0,720871,0.0,0.0
2025-03-24 00:00:00+09:00,61700.0,63000.0,61600.0,62000.0,369755,0.0,0.0
2025-03-25 00:00:00+09:00,62100.0,63900.0,61800.0,62800.0,428461,0.0,0.0
2025-03-26 00:00:00+09:00,63800.0,63900.0,62100.0,63000.0,264606,0.0,0.0
2025-03-27 00:00:00+09:00,62600.0,63800.0,62200.0,63100.0,363191,0.0,0.0
2025-03-28 00:00:00+09:00,63400.0,63400.0,61100.0,61300.0,336904,0.0,0.0
2025-03-31 00:00:00+09:00,60300.0,60800.0,58800.0,59200.0,576692,0.0,0.0
2025-04-01 00:00:00+09:00,59500.0,61700.0,58800.0,61100.0,313000,0.0,0.0
2025-04-02 00:00:00+09:00,61600.0,61700.0,60200.0,61000.0,186589,0.0,0.0
2025-04-03 00:00:00+09:00,59800.0,62100.0,59500.0,61200.0,318552,0.0,0.0
2025-04-04 00:00:00+09:00,61000.0,63900.0,61000.0,63300.0,681069,0.0,0.0
2025-04-07 00:00:00+09:00,62000.0,62500.0,59600.0,59700.0,439173,0.0,0.0
2025-04-08 00:00:00+09:00,61200.0,61400.0,59700.0,59900.0,232730,0.0,0.0
2025-04-09 00:00:00+09:00,59400.0,59900.0,56600.0,57400.0,455133,0.0,0.0
2025-04-10 00:00:00+09:00,59600.0,59900.0,57400.0,59800.0,424989,0.0,0.0
2025-04-11 00:00:00+09:00,58900.0,59800.0,58200.0,59600.0,254336,0.0,0.0
2025-04-14 00:00:00+09:00,59700.0,59800.0,58000.0,59500.0,321791,0.0,0.0
2025-04-15 00:00:00+09:00,59400.0,62100.0,58900.0,61700.0,393325,0.0,0.0
2025-04-16 00:00:00+09:00,61500.0,63200.0,59400.0,59800.0,404989,0.0,0.0
2025-04-17 00:00:00+09:00,60200.0,61500.0,59500.0,61500.0,192961,0.0,0.0
2025-04-18 00:00:00+09:00,61900.0,63600.0,61600.0,63300.0,400706,0.0,0.0
2025-04-21 00:00:00+09:00,64100.0,64200.0,62200.0,62500.0,257422,0.0,0.0
2025-04-22 00:00:00+09:00,62200.0,63500.0,61800.0,62800.0,158686,0.0,0.0
2025-04-23 00:00:00+09:00,63300.0,63500.0,62500.0,63200.0,174429,0.0,0.0
2025-04-24 00:00:00+09:00,63000.0,63500.0,62300.0,62700.0,180147,0.0,0.0
2025-04-25 00:00:00+09:00,62700.0,64200.0,62200.0,63400.0,350634,0.0,0.0
