Date,Open,High,Low,Close,Volume,Dividends,Stock Splits,Capital Gains
2016-12-09 00:00:00+09:00,7760.0,7760.0,7760.0,7760.0,200,0.0,0.0,0.0
2016-12-12 00:00:00+09:00,6800.0,6800.0,6800.0,6800.0,2,0.0,0.0,0.0
2016-12-13 00:00:00+09:00,6800.0,6800.0,6800.0,6800.0,0,0.0,0.0,0.0
2016-12-14 00:00:00+09:00,7820.0,7820.0,7820.0,7820.0,1,0.0,0.0,0.0
2016-12-15 00:00:00+09:00,7590.0,7590.0,7590.0,7590.0,190,0.0,0.0,0.0
2016-12-16 00:00:00+09:00,8720.0,8720.0,8720.0,8720.0,1,0.0,0.0,0.0
2016-12-19 00:00:00+09:00,10000.0,10000.0,10000.0,10000.0,1,0.0,0.0,0.0
2016-12-20 00:00:00+09:00,9700.0,9700.0,9700.0,9700.0,200,0.0,0.0,0.0
2016-12-21 00:00:00+09:00,11150.0,11150.0,11150.0,11150.0,1,0.0,0.0,0.0
2016-12-22 00:00:00+09:00,9500.0,9500.0,9500.0,9500.0,2,0.0,0.0,0.0
2016-12-23 00:00:00+09:00,10900.0,10900.0,10900.0,10900.0,1,0.0,0.0,0.0
2016-12-26 00:00:00+09:00,12500.0,12500.0,9300.0,9300.0,502,0.0,0.0,0.0
2016-12-27 00:00:00+09:00,10000.0,10000.0,10000.0,10000.0,1,0.0,0.0,0.0
2016-12-28 00:00:00+09:00,9400.0,9400.0,9400.0,9400.0,200,0.0,0.0,0.0
2016-12-29 00:00:00+09:00,10750.0,10750.0,10750.0,10750.0,1,0.0,0.0,0.0
2017-01-02 00:00:00+09:00,10500.0,10500.0,10500.0,10500.0,100,0.0,0.0,0.0
2017-01-03 00:00:00+09:00,9700.0,9700.0,9700.0,9700.0,1,0.0,0.0,0.0
2017-01-04 00:00:00+09:00,8250.0,9400.0,8250.0,9400.0,6,0.0,0.0,0.0
2017-01-05 00:00:00+09:00,7990.0,7990.0,7990.0,7990.0,2,0.0,0.0,0.0
2017-01-06 00:00:00+09:00,8690.0,8690.0,8690.0,8690.0,1,0.0,0.0,0.0
2017-01-09 00:00:00+09:00,8440.0,8440.0,8440.0,8440.0,200,0.0,0.0,0.0
2017-01-10 00:00:00+09:00,9470.0,9470.0,9470.0,9470.0,1,0.0,0.0,0.0
2017-01-11 00:00:00+09:00,9190.0,9190.0,9190.0,9190.0,200,0.0,0.0,0.0
2017-01-12 00:00:00+09:00,8920.0,8920.0,8920.0,8920.0,200,0.0,0.0,0.0
2017-01-13 00:00:00+09:00,9400.0,9400.0,9400.0,9400.0,1,0.0,0.0,0.0
2017-01-16 00:00:00+09:00,9130.0,9130.0,9130.0,9130.0,200,0.0,0.0,0.0
2017-01-17 00:00:00+09:00,8870.0,8870.0,8870.0,8870.0,200,0.0,0.0,0.0
2017-01-18 00:00:00+09:00,8870.0,8870.0,8870.0,8870.0,0,0.0,0.0,0.0
2017-01-19 00:00:00+09:00,8600.0,8600.0,8600.0,8600.0,200,0.0,0.0,0.0
2017-01-20 00:00:00+09:00,8600.0,8600.0,8600.0,8600.0,0,0.0,0.0,0.0
2017-01-23 00:00:00+09:00,7950.0,7950.0,7950.0,7950.0,1,0.0,0.0,0.0
2017-01-24 00:00:00+09:00,7950.0,7950.0,7950.0,7950.0,0,0.0,0.0,0.0
2017-01-25 00:00:00+09:00,9120.0,9120.0,9120.0,9120.0,1,0.0,0.0,0.0
2017-01-26 00:00:00+09:00,8500.0,8500.0,8500.0,8500.0,200,0.0,0.0,0.0
2017-01-31 00:00:00+09:00,7230.0,7230.0,7230.0,7230.0,11,0.0,0.0,0.0
2017-02-01 00:00:00+09:00,8250.0,8250.0,8250.0,8250.0,1,0.0,0.0,0.0
2017-02-02 00:00:00+09:00,7890.0,7890.0,7890.0,7890.0,200,0.0,0.0,0.0
2017-02-03 00:00:00+09:00,7660.0,7660.0,7660.0,7660.0,200,0.0,0.0,0.0
2017-02-06 00:00:00+09:00,7430.0,7430.0,7430.0,7430.0,200,0.0,0.0,0.0
2017-02-07 00:00:00+09:00,7430.0,7430.0,7430.0,7430.0,0,0.0,0.0,0.0
2017-02-08 00:00:00+09:00,6290.0,7890.0,6290.0,7890.0,31,0.0,0.0,0.0
2017-02-09 00:00:00+09:00,7660.0,7660.0,7660.0,7660.0,200,0.0,0.0,0.0
2017-02-10 00:00:00+09:00,7430.0,7430.0,7430.0,7430.0,200,0.0,0.0,0.0
2017-02-13 00:00:00+09:00,6320.0,6320.0,6320.0,6320.0,30,0.0,0.0,0.0
2017-02-14 00:00:00+09:00,6400.0,6400.0,6400.0,6400.0,1,0.0,0.0,0.0
2017-02-15 00:00:00+09:00,5500.0,5500.0,5500.0,5500.0,1,0.0,0.0,0.0
2017-02-16 00:00:00+09:00,5500.0,6310.0,5500.0,6310.0,2,0.0,0.0,0.0
2017-02-17 00:00:00+09:00,6120.0,6120.0,6120.0,6120.0,200,0.0,0.0,0.0
2017-02-20 00:00:00+09:00,6120.0,6120.0,6120.0,6120.0,0,0.0,0.0,0.0
2017-02-21 00:00:00+09:00,7020.0,7020.0,7020.0,7020.0,1,0.0,0.0,0.0
2017-02-22 00:00:00+09:00,6820.0,6820.0,6820.0,6820.0,200,0.0,0.0,0.0
2017-02-23 00:00:00+09:00,6620.0,6620.0,6620.0,6620.0,200,0.0,0.0,0.0
2017-02-24 00:00:00+09:00,6430.0,6430.0,6430.0,6430.0,200,0.0,0.0,0.0
2017-02-27 00:00:00+09:00,6620.0,7390.0,6620.0,7390.0,505,0.0,0.0,0.0
2017-02-28 00:00:00+09:00,8250.0,8250.0,8250.0,8250.0,1,0.0,0.0,0.0
2017-03-02 00:00:00+09:00,9000.0,9000.0,9000.0,9000.0,1,0.0,0.0,0.0
2017-03-03 00:00:00+09:00,8730.0,8730.0,8730.0,8730.0,200,0.0,0.0,0.0
2017-03-06 00:00:00+09:00,8480.0,8730.0,8480.0,8730.0,201,0.0,0.0,0.0
2017-03-07 00:00:00+09:00,8480.0,8480.0,8480.0,8480.0,200,0.0,0.0,0.0
2017-03-08 00:00:00+09:00,7220.0,7220.0,7210.0,7210.0,7,0.0,0.0,0.0
2017-03-09 00:00:00+09:00,6150.0,6150.0,6150.0,6150.0,1,0.0,0.0,0.0
2017-03-10 00:00:00+09:00,6320.0,6320.0,6320.0,6320.0,200,0.0,0.0,0.0
2017-03-13 00:00:00+09:00,7000.0,7000.0,7000.0,7000.0,1,0.0,0.0,0.0
2017-03-14 00:00:00+09:00,6790.0,6790.0,6790.0,6790.0,200,0.0,0.0,0.0
2017-03-15 00:00:00+09:00,6600.0,6600.0,6600.0,6600.0,200,0.0,0.0,0.0
2017-03-16 00:00:00+09:00,6600.0,6600.0,6600.0,6600.0,0,0.0,0.0,0.0
2017-03-17 00:00:00+09:00,5610.0,7000.0,5610.0,7000.0,2,0.0,0.0,0.0
2017-03-20 00:00:00+09:00,6790.0,6790.0,6790.0,6790.0,200,0.0,0.0,0.0
2017-03-21 00:00:00+09:00,6600.0,6600.0,6600.0,6600.0,200,0.0,0.0,0.0
2017-03-22 00:00:00+09:00,6410.0,6410.0,6410.0,6410.0,200,0.0,0.0,0.0
2017-03-23 00:00:00+09:00,6230.0,6230.0,6230.0,6230.0,200,0.0,0.0,0.0
2017-03-24 00:00:00+09:00,6230.0,6230.0,6230.0,6230.0,0,0.0,0.0,0.0
2017-03-27 00:00:00+09:00,5350.0,5350.0,5350.0,5350.0,1,0.0,0.0,0.0
2017-03-28 00:00:00+09:00,5510.0,5510.0,5200.0,5200.0,201,0.0,0.0,0.0
2017-03-29 00:00:00+09:00,4505.0,4505.0,4500.0,4500.0,2,0.0,0.0,0.0
2017-03-30 00:00:00+09:00,4625.0,4625.0,4500.0,4500.0,301,0.0,0.0,0.0
2017-03-31 00:00:00+09:00,3830.0,3830.0,3830.0,3830.0,1,0.0,0.0,0.0
2017-04-03 00:00:00+09:00,3260.0,3260.0,3260.0,3260.0,500,0.0,0.0,0.0
2017-04-04 00:00:00+09:00,3000.0,3000.0,3000.0,3000.0,1,0.0,0.0,0.0
2017-04-05 00:00:00+09:00,3080.0,3080.0,3000.0,3000.0,401,0.0,0.0,0.0
2017-04-06 00:00:00+09:00,3080.0,3080.0,3080.0,3080.0,400,0.0,0.0,0.0
2017-04-07 00:00:00+09:00,2625.0,3540.0,2625.0,3540.0,3,0.0,0.0,0.0
2017-04-10 00:00:00+09:00,3015.0,4070.0,3015.0,3015.0,42,0.0,0.0,0.0
2017-04-11 00:00:00+09:00,2570.0,2570.0,2570.0,2570.0,1,0.0,0.0,0.0
2017-04-12 00:00:00+09:00,2185.0,2185.0,2185.0,2185.0,2,0.0,0.0,0.0
2017-04-13 00:00:00+09:00,2510.0,2510.0,2155.0,2155.0,501,0.0,0.0,0.0
2017-04-14 00:00:00+09:00,2475.0,2475.0,2475.0,2475.0,500,0.0,0.0,0.0
2017-04-17 00:00:00+09:00,2845.0,2845.0,2110.0,2845.0,202,0.0,0.0,0.0
2017-04-18 00:00:00+09:00,2845.0,3265.0,2450.0,2450.0,402,0.0,0.0,0.0
2017-04-19 00:00:00+09:00,2815.0,2815.0,2450.0,2450.0,511,0.0,0.0,0.0
2017-04-20 00:00:00+09:00,2520.0,2520.0,2520.0,2520.0,500,0.0,0.0,0.0
2017-04-21 00:00:00+09:00,2895.0,2895.0,2530.0,2800.0,8805,0.0,0.0,0.0
2017-04-24 00:00:00+09:00,2435.0,2890.0,2435.0,2450.0,3,0.0,0.0,0.0
2017-04-25 00:00:00+09:00,2795.0,2800.0,2795.0,2800.0,1118,0.0,0.0,0.0
2017-04-26 00:00:00+09:00,3200.0,3200.0,3200.0,3200.0,1,0.0,0.0,0.0
2017-04-27 00:00:00+09:00,3675.0,3675.0,3675.0,3675.0,1,0.0,0.0,0.0
2017-04-28 00:00:00+09:00,4055.0,4055.0,4055.0,4055.0,1,0.0,0.0,0.0
2017-05-02 00:00:00+09:00,3940.0,3940.0,3940.0,3940.0,300,0.0,0.0,0.0
2017-05-04 00:00:00+09:00,3350.0,3940.0,3350.0,3940.0,250,0.0,0.0,0.0
2017-05-08 00:00:00+09:00,4500.0,4500.0,4500.0,4500.0,1,0.0,0.0,0.0
2017-05-10 00:00:00+09:00,4995.0,5170.0,3825.0,5170.0,102,0.0,0.0,0.0
2017-05-11 00:00:00+09:00,4500.0,5000.0,4500.0,5000.0,2,0.0,0.0,0.0
2017-05-12 00:00:00+09:00,4850.0,5000.0,4850.0,5000.0,301,0.0,0.0,0.0
2017-05-15 00:00:00+09:00,4250.0,5140.0,4250.0,5140.0,301,0.0,0.0,0.0
2017-05-16 00:00:00+09:00,4370.0,5200.0,4370.0,5200.0,301,0.0,0.0,0.0
2017-05-17 00:00:00+09:00,5970.0,5970.0,5970.0,5970.0,1,0.0,0.0,0.0
2017-05-18 00:00:00+09:00,5080.0,5080.0,5080.0,5080.0,200,0.0,0.0,0.0
2017-05-19 00:00:00+09:00,4320.0,5840.0,4320.0,5840.0,2,0.0,0.0,0.0
2017-05-22 00:00:00+09:00,4970.0,4970.0,4970.0,4970.0,200,0.0,0.0,0.0
2017-05-23 00:00:00+09:00,4225.0,5100.0,4225.0,5100.0,301,0.0,0.0,0.0
2017-05-24 00:00:00+09:00,4340.0,4340.0,4340.0,4340.0,300,0.0,0.0,0.0
2017-05-25 00:00:00+09:00,3690.0,3690.0,3690.0,3690.0,8,0.0,0.0,0.0
2017-05-26 00:00:00+09:00,3700.0,3700.0,3700.0,3700.0,539,0.0,0.0,0.0
2017-05-29 00:00:00+09:00,3595.0,3800.0,3595.0,3800.0,301,0.0,0.0,0.0
2017-05-30 00:00:00+09:00,3690.0,3910.0,3235.0,3910.0,652,0.0,0.0,0.0
2017-05-31 00:00:00+09:00,4200.0,4200.0,4200.0,4200.0,1,0.0,0.0,0.0
2017-06-01 00:00:00+09:00,3570.0,3995.0,3570.0,3995.0,301,0.0,0.0,0.0
2017-06-02 00:00:00+09:00,3400.0,3400.0,3400.0,3400.0,350,0.0,0.0,0.0
2017-06-05 00:00:00+09:00,3910.0,3910.0,3910.0,3910.0,1,0.0,0.0,0.0
2017-06-07 00:00:00+09:00,4200.0,4200.0,4200.0,4200.0,1,0.0,0.0,0.0
2017-06-08 00:00:00+09:00,3570.0,3570.0,3570.0,3570.0,300,0.0,0.0,0.0
2017-06-09 00:00:00+09:00,3290.0,3670.0,3290.0,3670.0,301,0.0,0.0,0.0
2017-06-12 00:00:00+09:00,3120.0,3990.0,3120.0,3990.0,50,0.0,0.0,0.0
2017-06-13 00:00:00+09:00,3495.0,3495.0,3495.0,3495.0,300,0.0,0.0,0.0
2017-06-14 00:00:00+09:00,3450.0,4015.0,2975.0,3500.0,4571,0.0,0.0,0.0
2017-06-15 00:00:00+09:00,3890.0,3890.0,2975.0,2975.0,1771,0.0,0.0,0.0
2017-06-16 00:00:00+09:00,2550.0,3200.0,2550.0,3000.0,12,0.0,0.0,0.0
2017-06-19 00:00:00+09:00,3400.0,3400.0,3400.0,3400.0,1,0.0,0.0,0.0
2017-06-20 00:00:00+09:00,3600.0,3600.0,2890.0,3100.0,1003,0.0,0.0,0.0
2017-06-21 00:00:00+09:00,3100.0,3100.0,2650.0,2650.0,4222,0.0,0.0,0.0
2017-06-22 00:00:00+09:00,2270.0,2900.0,2270.0,2275.0,3,0.0,0.0,0.0
2017-06-23 00:00:00+09:00,1955.0,2615.0,1955.0,2615.0,13,0.0,0.0,0.0
2017-06-26 00:00:00+09:00,2900.0,3005.0,2800.0,2800.0,206,0.0,0.0,0.0
2017-06-27 00:00:00+09:00,2410.0,3220.0,2410.0,2800.0,3,0.0,0.0,0.0
2017-06-28 00:00:00+09:00,3220.0,3220.0,2610.0,3210.0,5,0.0,0.0,0.0
2017-06-29 00:00:00+09:00,2730.0,3690.0,2730.0,3500.0,3,0.0,0.0,0.0
2017-06-30 00:00:00+09:00,2985.0,2985.0,2985.0,2985.0,1,0.0,0.0,0.0
2017-07-03 00:00:00+09:00,2985.0,2985.0,2985.0,2985.0,0,0.0,0.0,0.0
2017-07-04 00:00:00+09:00,3335.0,3335.0,2465.0,3100.0,38,0.0,0.0,0.0
2017-07-05 00:00:00+09:00,3010.0,3010.0,3010.0,3010.0,400,0.0,0.0,0.0
2017-07-06 00:00:00+09:00,3100.0,3100.0,3100.0,3100.0,1,0.0,0.0,0.0
2017-07-07 00:00:00+09:00,3010.0,3190.0,3010.0,3190.0,401,0.0,0.0,0.0
2017-07-10 00:00:00+09:00,2715.0,2715.0,2715.0,2715.0,1,0.0,0.0,0.0
2017-07-11 00:00:00+09:00,2795.0,3120.0,2700.0,2700.0,403,0.0,0.0,0.0
2017-07-12 00:00:00+09:00,3000.0,3000.0,2400.0,2400.0,2,0.0,0.0,0.0
2017-07-13 00:00:00+09:00,2760.0,2760.0,2055.0,2410.0,204,0.0,0.0,0.0
2017-07-14 00:00:00+09:00,2770.0,2770.0,2110.0,2110.0,204,0.0,0.0,0.0
2017-07-17 00:00:00+09:00,1795.0,2425.0,1795.0,2425.0,2,0.0,0.0,0.0
2017-07-18 00:00:00+09:00,2065.0,2065.0,2065.0,2065.0,1,0.0,0.0,0.0
2017-07-19 00:00:00+09:00,2370.0,2370.0,2010.0,2010.0,501,0.0,0.0,0.0
2017-07-20 00:00:00+09:00,2310.0,2310.0,2310.0,2310.0,600,0.0,0.0,0.0
2017-07-21 00:00:00+09:00,1965.0,2655.0,1965.0,2655.0,13,0.0,0.0,0.0
2017-07-24 00:00:00+09:00,3050.0,3050.0,2655.0,2655.0,337,0.0,0.0,0.0
2017-07-25 00:00:00+09:00,2270.0,3050.0,2270.0,3050.0,23,0.0,0.0,0.0
2017-07-26 00:00:00+09:00,3505.0,3505.0,3505.0,3505.0,1,0.0,0.0,0.0
2017-07-27 00:00:00+09:00,3405.0,3405.0,3405.0,3405.0,300,0.0,0.0,0.0
2017-07-28 00:00:00+09:00,3845.0,3845.0,3845.0,3845.0,1,0.0,0.0,0.0
2017-07-31 00:00:00+09:00,3735.0,3735.0,3735.0,3735.0,300,0.0,0.0,0.0
2017-08-01 00:00:00+09:00,4290.0,4290.0,4290.0,4290.0,1,0.0,0.0,0.0
2017-08-02 00:00:00+09:00,4925.0,4925.0,4925.0,4925.0,1,0.0,0.0,0.0
2017-08-03 00:00:00+09:00,4780.0,4780.0,4780.0,4780.0,300,0.0,0.0,0.0
2017-08-04 00:00:00+09:00,4640.0,4640.0,4640.0,4640.0,300,0.0,0.0,0.0
2017-08-07 00:00:00+09:00,4495.0,4495.0,4495.0,4495.0,300,0.0,0.0,0.0
2017-08-08 00:00:00+09:00,5160.0,5160.0,5160.0,5160.0,1,0.0,0.0,0.0
2017-08-09 00:00:00+09:00,5930.0,5930.0,5930.0,5930.0,1,0.0,0.0,0.0
2017-08-10 00:00:00+09:00,5050.0,5050.0,5050.0,5050.0,200,0.0,0.0,0.0
2017-08-11 00:00:00+09:00,4905.0,5050.0,4905.0,5050.0,301,0.0,0.0,0.0
2017-08-14 00:00:00+09:00,4795.0,4795.0,4795.0,4795.0,300,0.0,0.0,0.0
2017-08-16 00:00:00+09:00,4080.0,4080.0,4080.0,4080.0,300,0.0,0.0,0.0
2017-08-17 00:00:00+09:00,3960.0,3960.0,3960.0,3960.0,300,0.0,0.0,0.0
2017-08-18 00:00:00+09:00,3845.0,3845.0,3845.0,3845.0,213,0.0,0.0,0.0
2017-08-21 00:00:00+09:00,3845.0,3845.0,3845.0,3845.0,0,0.0,0.0,0.0
2017-08-22 00:00:00+09:00,3275.0,3285.0,3275.0,3285.0,2,0.0,0.0,0.0
2017-08-23 00:00:00+09:00,2815.0,2815.0,2815.0,2815.0,1,0.0,0.0,0.0
2017-08-24 00:00:00+09:00,2395.0,2395.0,2395.0,2395.0,1,0.0,0.0,0.0
2017-08-25 00:00:00+09:00,2395.0,2395.0,2045.0,2045.0,2,0.0,0.0,0.0
2017-08-28 00:00:00+09:00,2350.0,2350.0,2350.0,2350.0,600,0.0,0.0,0.0
2017-08-29 00:00:00+09:00,2000.0,2000.0,2000.0,2000.0,1,0.0,0.0,0.0
2017-08-30 00:00:00+09:00,2300.0,2300.0,1705.0,1710.0,4,0.0,0.0,0.0
2017-08-31 00:00:00+09:00,1710.0,1965.0,1460.0,1965.0,3,0.0,0.0,0.0
2017-09-01 00:00:00+09:00,1675.0,2255.0,1675.0,2255.0,2,0.0,0.0,0.0
2017-09-04 00:00:00+09:00,2320.0,2495.0,2195.0,2195.0,990,0.0,0.0,0.0
2017-09-05 00:00:00+09:00,2260.0,2520.0,2135.0,2135.0,1089,0.0,0.0,0.0
2017-09-06 00:00:00+09:00,2450.0,2455.0,1900.0,2400.0,285,0.0,0.0,0.0
2017-09-07 00:00:00+09:00,2475.0,2685.0,2475.0,2685.0,501,0.0,0.0,0.0
2017-09-08 00:00:00+09:00,2995.0,2995.0,2995.0,2995.0,1,0.0,0.0,0.0
2017-09-11 00:00:00+09:00,2905.0,2905.0,2905.0,2905.0,400,0.0,0.0,0.0
2017-09-12 00:00:00+09:00,2485.0,2800.0,2485.0,2800.0,501,0.0,0.0,0.0
2017-09-13 00:00:00+09:00,3090.0,3090.0,3090.0,3090.0,1,0.0,0.0,0.0
2017-09-14 00:00:00+09:00,3485.0,3485.0,3485.0,3485.0,1,0.0,0.0,0.0
2017-09-15 00:00:00+09:00,3485.0,4000.0,3485.0,4000.0,2,0.0,0.0,0.0
2017-09-18 00:00:00+09:00,3400.0,3400.0,3400.0,3400.0,300,0.0,0.0,0.0
2017-09-19 00:00:00+09:00,2890.0,3495.0,2890.0,3495.0,401,0.0,0.0,0.0
2017-09-20 00:00:00+09:00,2975.0,4000.0,2975.0,4000.0,3,0.0,0.0,0.0
2017-09-21 00:00:00+09:00,3400.0,3400.0,3400.0,3400.0,300,0.0,0.0,0.0
2017-09-25 00:00:00+09:00,2460.0,2890.0,2460.0,2885.0,105,0.0,0.0,0.0
2017-09-26 00:00:00+09:00,2455.0,2800.0,2455.0,2800.0,464,0.0,0.0,0.0
2017-09-27 00:00:00+09:00,2800.0,2800.0,2800.0,2800.0,0,0.0,0.0,0.0
2017-09-28 00:00:00+09:00,2800.0,2800.0,2800.0,2800.0,0,0.0,0.0,0.0
2017-09-29 00:00:00+09:00,3220.0,3220.0,3220.0,3220.0,1,0.0,0.0,0.0
2017-10-10 00:00:00+09:00,3130.0,3130.0,2755.0,2755.0,401,0.0,0.0,0.0
2017-10-11 00:00:00+09:00,2415.0,3165.0,2415.0,3165.0,2,0.0,0.0,0.0
2017-10-12 00:00:00+09:00,3070.0,3070.0,3070.0,3070.0,400,0.0,0.0,0.0
2017-10-13 00:00:00+09:00,3070.0,3070.0,3070.0,3070.0,0,0.0,0.0,0.0
2017-10-16 00:00:00+09:00,3155.0,3155.0,3155.0,3155.0,1,0.0,0.0,0.0
2017-10-17 00:00:00+09:00,3060.0,3060.0,3060.0,3060.0,400,0.0,0.0,0.0
2017-10-18 00:00:00+09:00,3060.0,3060.0,3060.0,3060.0,0,0.0,0.0,0.0
2017-10-19 00:00:00+09:00,3060.0,3060.0,3060.0,3060.0,0,0.0,0.0,0.0
2017-10-20 00:00:00+09:00,2975.0,2975.0,2975.0,2975.0,400,0.0,0.0,0.0
2017-10-23 00:00:00+09:00,2975.0,2975.0,2975.0,2975.0,0,0.0,0.0,0.0
2017-10-24 00:00:00+09:00,2975.0,2975.0,2975.0,2975.0,0,0.0,0.0,0.0
2017-10-25 00:00:00+09:00,2885.0,2885.0,2885.0,2885.0,400,0.0,0.0,0.0
2017-10-26 00:00:00+09:00,2885.0,2885.0,2885.0,2885.0,0,0.0,0.0,0.0
2017-10-27 00:00:00+09:00,2885.0,2885.0,2885.0,2885.0,0,0.0,0.0,0.0
2017-10-30 00:00:00+09:00,3310.0,3310.0,3310.0,3310.0,10,0.0,0.0,0.0
2017-10-31 00:00:00+09:00,3210.0,3395.0,3210.0,3395.0,401,0.0,0.0,0.0
2017-11-01 00:00:00+09:00,3300.0,3300.0,3300.0,3300.0,400,0.0,0.0,0.0
2017-11-02 00:00:00+09:00,3205.0,3390.0,3205.0,3390.0,401,0.0,0.0,0.0
2017-11-03 00:00:00+09:00,3295.0,3295.0,3295.0,3295.0,400,0.0,0.0,0.0
2017-11-06 00:00:00+09:00,3780.0,3780.0,3495.0,3495.0,1100,0.0,0.0,0.0
2017-11-07 00:00:00+09:00,2985.0,3970.0,2985.0,3970.0,2,0.0,0.0,0.0
2017-11-08 00:00:00+09:00,3850.0,4080.0,3850.0,4080.0,301,0.0,0.0,0.0
2017-11-09 00:00:00+09:00,3960.0,3960.0,3960.0,3960.0,193,0.0,0.0,0.0
2017-11-10 00:00:00+09:00,4070.0,4070.0,3845.0,4070.0,302,0.0,0.0,0.0
2017-11-13 00:00:00+09:00,3950.0,4180.0,3950.0,4180.0,301,0.0,0.0,0.0
2017-11-14 00:00:00+09:00,4060.0,4175.0,4060.0,4175.0,301,0.0,0.0,0.0
2017-11-15 00:00:00+09:00,4175.0,4175.0,4175.0,4175.0,0,0.0,0.0,0.0
2017-11-16 00:00:00+09:00,4795.0,4795.0,4795.0,4795.0,900,0.0,0.0,0.0
2017-11-17 00:00:00+09:00,4655.0,4655.0,4655.0,4655.0,300,0.0,0.0,0.0
2017-11-20 00:00:00+09:00,4515.0,4785.0,4515.0,4785.0,301,0.0,0.0,0.0
2017-11-21 00:00:00+09:00,4645.0,4645.0,4645.0,4645.0,300,0.0,0.0,0.0
2017-11-22 00:00:00+09:00,4505.0,4775.0,4505.0,4775.0,301,0.0,0.0,0.0
2017-11-23 00:00:00+09:00,4635.0,4910.0,4635.0,4910.0,301,0.0,0.0,0.0
2017-11-24 00:00:00+09:00,4765.0,4765.0,4765.0,4765.0,300,0.0,0.0,0.0
2017-11-27 00:00:00+09:00,4305.0,5470.0,4300.0,5470.0,302,0.0,0.0,0.0
2017-11-28 00:00:00+09:00,4650.0,4650.0,4650.0,4650.0,10,0.0,0.0,0.0
2017-11-29 00:00:00+09:00,4510.0,4510.0,4510.0,4510.0,300,0.0,0.0,0.0
2017-11-30 00:00:00+09:00,4380.0,4380.0,4380.0,4380.0,300,0.0,0.0,0.0
2017-12-01 00:00:00+09:00,3780.0,3780.0,3780.0,3780.0,300,0.0,0.0,0.0
2017-12-04 00:00:00+09:00,3780.0,3780.0,3780.0,3780.0,0,0.0,0.0,0.0
2017-12-05 00:00:00+09:00,2765.0,3650.0,2765.0,3650.0,1365,0.0,0.0,0.0
2017-12-06 00:00:00+09:00,3540.0,3540.0,3540.0,3540.0,300,0.0,0.0,0.0
2017-12-07 00:00:00+09:00,3440.0,3440.0,3440.0,3440.0,300,0.0,0.0,0.0
2017-12-08 00:00:00+09:00,3340.0,3340.0,3340.0,3340.0,300,0.0,0.0,0.0
2017-12-11 00:00:00+09:00,3245.0,3245.0,3245.0,3245.0,400,0.0,0.0,0.0
2017-12-12 00:00:00+09:00,2785.0,3100.0,2785.0,3100.0,21,0.0,0.0,0.0
2017-12-13 00:00:00+09:00,2700.0,3400.0,2700.0,2850.0,3,0.0,0.0,0.0
2017-12-14 00:00:00+09:00,2615.0,2650.0,2615.0,2650.0,11,0.0,0.0,0.0
2017-12-15 00:00:00+09:00,3045.0,3045.0,2675.0,2675.0,401,0.0,0.0,0.0
2017-12-18 00:00:00+09:00,3075.0,3075.0,2805.0,2805.0,701,0.0,0.0,0.0
2017-12-19 00:00:00+09:00,2900.0,3220.0,2900.0,2900.0,701,0.0,0.0,0.0
2017-12-21 00:00:00+09:00,2875.0,2875.0,2710.0,2875.0,3,0.0,0.0,0.0
2017-12-22 00:00:00+09:00,2960.0,2960.0,2960.0,2960.0,400,0.0,0.0,0.0
2017-12-26 00:00:00+09:00,2960.0,2960.0,2960.0,2960.0,0,0.0,0.0,0.0
2017-12-27 00:00:00+09:00,2960.0,2960.0,2960.0,2960.0,0,0.0,0.0,0.0
2017-12-28 00:00:00+09:00,3395.0,3595.0,3395.0,3595.0,301,0.0,0.0,0.0
2018-01-02 00:00:00+09:00,4130.0,4130.0,3100.0,4130.0,2005,0.0,0.0,0.0
2018-01-03 00:00:00+09:00,4010.0,4250.0,4010.0,4250.0,301,0.0,0.0,0.0
2018-01-04 00:00:00+09:00,4800.0,4800.0,3620.0,4200.0,573,0.0,0.0,0.0
2018-01-05 00:00:00+09:00,4200.0,4200.0,4200.0,4200.0,0,0.0,0.0,0.0
2018-01-08 00:00:00+09:00,4080.0,5510.0,4080.0,4495.0,418,0.0,0.0,0.0
2018-01-09 00:00:00+09:00,4360.0,4395.0,4360.0,4395.0,301,0.0,0.0,0.0
2018-01-10 00:00:00+09:00,4395.0,4395.0,4395.0,4395.0,0,0.0,0.0,0.0
2018-01-11 00:00:00+09:00,4395.0,4395.0,4395.0,4395.0,0,0.0,0.0,0.0
2018-01-12 00:00:00+09:00,4580.0,4580.0,4580.0,4580.0,200,0.0,0.0,0.0
2018-01-15 00:00:00+09:00,3895.0,5260.0,3895.0,5260.0,97,0.0,0.0,0.0
2018-01-16 00:00:00+09:00,5000.0,5000.0,4480.0,5000.0,422,0.0,0.0,0.0
2018-01-17 00:00:00+09:00,4500.0,4500.0,4250.0,4250.0,818,0.0,0.0,0.0
2018-01-18 00:00:00+09:00,4200.0,4200.0,3630.0,3710.0,519,0.0,0.0,0.0
2018-01-19 00:00:00+09:00,3820.0,3900.0,3820.0,3900.0,301,0.0,0.0,0.0
2018-01-22 00:00:00+09:00,3900.0,3900.0,3900.0,3900.0,0,0.0,0.0,0.0
2018-01-23 00:00:00+09:00,3900.0,3900.0,3900.0,3900.0,0,0.0,0.0,0.0
2018-01-24 00:00:00+09:00,3900.0,3900.0,3900.0,3900.0,0,0.0,0.0,0.0
2018-01-25 00:00:00+09:00,3900.0,3900.0,3900.0,3900.0,0,0.0,0.0,0.0
2018-01-26 00:00:00+09:00,3900.0,3900.0,3900.0,3900.0,0,0.0,0.0,0.0
2018-01-29 00:00:00+09:00,4200.0,4300.0,4200.0,4300.0,262,0.0,0.0,0.0
2018-01-30 00:00:00+09:00,4300.0,4300.0,4300.0,4300.0,0,0.0,0.0,0.0
2018-01-31 00:00:00+09:00,4300.0,4300.0,4300.0,4300.0,0,0.0,0.0,0.0
2018-02-01 00:00:00+09:00,4100.0,4100.0,3910.0,4100.0,51,0.0,0.0,0.0
2018-02-02 00:00:00+09:00,4100.0,4100.0,4100.0,4100.0,12,0.0,0.0,0.0
2018-02-05 00:00:00+09:00,4000.0,4000.0,3900.0,3900.0,542,0.0,0.0,0.0
2018-02-06 00:00:00+09:00,3900.0,4100.0,3800.0,4095.0,445,0.0,0.0,0.0
2018-02-07 00:00:00+09:00,4095.0,4095.0,4095.0,4095.0,0,0.0,0.0,0.0
2018-02-08 00:00:00+09:00,4095.0,4095.0,4095.0,4095.0,0,0.0,0.0,0.0
2018-02-09 00:00:00+09:00,4095.0,4095.0,4095.0,4095.0,0,0.0,0.0,0.0
2018-02-12 00:00:00+09:00,3600.0,3700.0,3300.0,3700.0,2041,0.0,0.0,0.0
2018-02-13 00:00:00+09:00,3595.0,3700.0,3595.0,3700.0,301,0.0,0.0,0.0
2018-02-14 00:00:00+09:00,3595.0,3595.0,3595.0,3595.0,300,0.0,0.0,0.0
2018-02-19 00:00:00+09:00,3700.0,3700.0,3700.0,3700.0,1,0.0,0.0,0.0
2018-02-20 00:00:00+09:00,3700.0,3700.0,3150.0,3400.0,1062,0.0,0.0,0.0
2018-02-21 00:00:00+09:00,3405.0,3600.0,3400.0,3600.0,934,0.0,0.0,0.0
2018-02-22 00:00:00+09:00,3495.0,3495.0,3495.0,3495.0,300,0.0,0.0,0.0
2018-02-23 00:00:00+09:00,3495.0,3495.0,3495.0,3495.0,0,0.0,0.0,0.0
2018-02-26 00:00:00+09:00,3495.0,3495.0,3495.0,3495.0,0,0.0,0.0,0.0
2018-02-27 00:00:00+09:00,3495.0,3495.0,3495.0,3495.0,0,0.0,0.0,0.0
2018-02-28 00:00:00+09:00,3495.0,3495.0,3495.0,3495.0,0,0.0,0.0,0.0
2018-03-02 00:00:00+09:00,3495.0,3495.0,3495.0,3495.0,300,0.0,0.0,0.0
2018-03-05 00:00:00+09:00,3495.0,3495.0,3495.0,3495.0,0,0.0,0.0,0.0
2018-03-06 00:00:00+09:00,3400.0,3595.0,3400.0,3595.0,3,0.0,0.0,0.0
2018-03-07 00:00:00+09:00,3595.0,3595.0,3595.0,3595.0,0,0.0,0.0,0.0
2018-03-08 00:00:00+09:00,3550.0,3700.0,3550.0,3700.0,917,0.0,0.0,0.0
2018-03-09 00:00:00+09:00,3700.0,3800.0,3700.0,3800.0,1178,0.0,0.0,0.0
2018-03-12 00:00:00+09:00,3800.0,3800.0,3800.0,3800.0,0,0.0,0.0,0.0
2018-03-13 00:00:00+09:00,3800.0,3800.0,3800.0,3800.0,0,0.0,0.0,0.0
2018-03-14 00:00:00+09:00,3800.0,3800.0,3800.0,3800.0,0,0.0,0.0,0.0
2018-03-15 00:00:00+09:00,3935.0,4095.0,3935.0,4095.0,198,0.0,0.0,0.0
2018-03-16 00:00:00+09:00,4095.0,4095.0,4095.0,4095.0,0,0.0,0.0,0.0
2018-03-19 00:00:00+09:00,4095.0,4095.0,4095.0,4095.0,0,0.0,0.0,0.0
2018-03-20 00:00:00+09:00,4095.0,4095.0,4095.0,4095.0,0,0.0,0.0,0.0
2018-03-21 00:00:00+09:00,4100.0,4100.0,4000.0,4000.0,2,0.0,0.0,0.0
2018-03-22 00:00:00+09:00,4100.0,4100.0,4100.0,4100.0,1,0.0,0.0,0.0
2018-03-23 00:00:00+09:00,4100.0,4100.0,4100.0,4100.0,0,0.0,0.0,0.0
2018-03-26 00:00:00+09:00,4000.0,4100.0,3850.0,4100.0,2244,0.0,0.0,0.0
2018-03-27 00:00:00+09:00,4100.0,4100.0,4100.0,4100.0,0,0.0,0.0,0.0
2018-03-28 00:00:00+09:00,3615.0,4100.0,3615.0,3900.0,528,0.0,0.0,0.0
2018-03-29 00:00:00+09:00,3790.0,3790.0,3790.0,3790.0,300,0.0,0.0,0.0
2018-03-30 00:00:00+09:00,3400.0,4000.0,3400.0,3700.0,1842,0.0,0.0,0.0
2018-04-02 00:00:00+09:00,3700.0,3700.0,3700.0,3700.0,0,0.0,0.0,0.0
2018-04-03 00:00:00+09:00,3700.0,3700.0,3700.0,3700.0,0,0.0,0.0,0.0
2018-04-04 00:00:00+09:00,3690.0,3895.0,3690.0,3895.0,301,0.0,0.0,0.0
2018-04-05 00:00:00+09:00,3785.0,3890.0,3315.0,3890.0,2911,0.0,0.0,0.0
2018-04-06 00:00:00+09:00,3315.0,3600.0,3310.0,3315.0,6528,0.0,0.0,0.0
2018-04-09 00:00:00+09:00,3350.0,3580.0,3300.0,3350.0,25725,0.0,0.0,0.0
2018-04-10 00:00:00+09:00,3350.0,3500.0,3285.0,3500.0,11529,0.0,0.0,0.0
2018-04-11 00:00:00+09:00,3400.0,3400.0,3400.0,3400.0,9502,0.0,0.0,0.0
2018-04-12 00:00:00+09:00,3400.0,3400.0,3400.0,3400.0,0,0.0,0.0,0.0
2018-04-13 00:00:00+09:00,3500.0,3500.0,3300.0,3500.0,1329,0.0,0.0,0.0
2018-04-16 00:00:00+09:00,3500.0,3500.0,3500.0,3500.0,100,0.0,0.0,0.0
2018-04-17 00:00:00+09:00,3500.0,3500.0,3500.0,3500.0,0,0.0,0.0,0.0
2018-04-18 00:00:00+09:00,3500.0,3500.0,3500.0,3500.0,200,0.0,0.0,0.0
2018-04-19 00:00:00+09:00,3500.0,3500.0,3500.0,3500.0,0,0.0,0.0,0.0
2018-04-20 00:00:00+09:00,3500.0,3500.0,3500.0,3500.0,0,0.0,0.0,0.0
2018-04-23 00:00:00+09:00,3500.0,3500.0,3500.0,3500.0,0,0.0,0.0,0.0
2018-04-24 00:00:00+09:00,3500.0,3500.0,3500.0,3500.0,0,0.0,0.0,0.0
2018-04-25 00:00:00+09:00,3600.0,3600.0,3600.0,3600.0,48,0.0,0.0,0.0
2018-04-26 00:00:00+09:00,3600.0,3600.0,3600.0,3600.0,0,0.0,0.0,0.0
2018-04-27 00:00:00+09:00,3900.0,3995.0,3900.0,3995.0,3031,0.0,0.0,0.0
2018-04-30 00:00:00+09:00,4100.0,4100.0,4100.0,4100.0,2019,0.0,0.0,0.0
2018-05-02 00:00:00+09:00,4200.0,4200.0,4000.0,4100.0,2526,0.0,0.0,0.0
2018-05-03 00:00:00+09:00,4105.0,4105.0,4105.0,4105.0,10,0.0,0.0,0.0
2018-05-04 00:00:00+09:00,4300.0,4300.0,4300.0,4300.0,1310,0.0,0.0,0.0
2018-05-08 00:00:00+09:00,4300.0,4300.0,4300.0,4300.0,0,0.0,0.0,0.0
2018-05-09 00:00:00+09:00,4300.0,4300.0,4300.0,4300.0,0,0.0,0.0,0.0
2018-05-10 00:00:00+09:00,4500.0,4500.0,4300.0,4300.0,1010,0.0,0.0,0.0
2018-05-11 00:00:00+09:00,4300.0,4300.0,4300.0,4300.0,0,0.0,0.0,0.0
2018-05-14 00:00:00+09:00,4300.0,4300.0,4300.0,4300.0,0,0.0,0.0,0.0
2018-05-15 00:00:00+09:00,4300.0,4300.0,4300.0,4300.0,0,0.0,0.0,0.0
2018-05-16 00:00:00+09:00,4300.0,4300.0,4300.0,4300.0,0,0.0,0.0,0.0
2018-05-17 00:00:00+09:00,4300.0,4300.0,4300.0,4300.0,0,0.0,0.0,0.0
2018-05-18 00:00:00+09:00,4300.0,4300.0,4300.0,4300.0,0,0.0,0.0,0.0
2018-05-21 00:00:00+09:00,4300.0,4300.0,4300.0,4300.0,0,0.0,0.0,0.0
2018-05-23 00:00:00+09:00,4100.0,4100.0,4100.0,4100.0,615,0.0,0.0,0.0
2018-05-24 00:00:00+09:00,4100.0,4100.0,4100.0,4100.0,0,0.0,0.0,0.0
2018-05-25 00:00:00+09:00,4100.0,4100.0,4100.0,4100.0,0,0.0,0.0,0.0
2018-05-28 00:00:00+09:00,4100.0,4100.0,4100.0,4100.0,157,0.0,0.0,0.0
2018-05-29 00:00:00+09:00,4300.0,4400.0,4300.0,4400.0,30,0.0,0.0,0.0
2018-05-30 00:00:00+09:00,4400.0,4400.0,4400.0,4400.0,0,0.0,0.0,0.0
2018-05-31 00:00:00+09:00,4500.0,4600.0,4500.0,4600.0,128,0.0,0.0,0.0
2018-06-01 00:00:00+09:00,4600.0,4600.0,4600.0,4600.0,0,0.0,0.0,0.0
2018-06-04 00:00:00+09:00,4595.0,4595.0,4595.0,4595.0,854,0.0,0.0,0.0
2018-06-05 00:00:00+09:00,4595.0,4595.0,4595.0,4595.0,0,0.0,0.0,0.0
2018-06-07 00:00:00+09:00,4595.0,4595.0,4595.0,4595.0,0,0.0,0.0,0.0
2018-06-08 00:00:00+09:00,4595.0,4595.0,4595.0,4595.0,0,0.0,0.0,0.0
2018-06-11 00:00:00+09:00,4595.0,4595.0,4595.0,4595.0,0,0.0,0.0,0.0
2018-06-12 00:00:00+09:00,4460.0,4460.0,4460.0,4460.0,10,0.0,0.0,0.0
2018-06-14 00:00:00+09:00,4460.0,4460.0,4460.0,4460.0,0,0.0,0.0,0.0
2018-06-15 00:00:00+09:00,4460.0,4460.0,4460.0,4460.0,0,0.0,0.0,0.0
2018-06-18 00:00:00+09:00,4460.0,4460.0,4460.0,4460.0,0,0.0,0.0,0.0
2018-06-19 00:00:00+09:00,4460.0,4460.0,4460.0,4460.0,0,0.0,0.0,0.0
2018-06-20 00:00:00+09:00,4650.0,4650.0,4600.0,4600.0,201,0.0,0.0,0.0
2018-06-21 00:00:00+09:00,4600.0,4600.0,4600.0,4600.0,0,0.0,0.0,0.0
2018-06-22 00:00:00+09:00,4600.0,4600.0,4600.0,4600.0,0,0.0,0.0,0.0
2018-06-25 00:00:00+09:00,4600.0,4600.0,4600.0,4600.0,0,0.0,0.0,0.0
2018-06-26 00:00:00+09:00,4600.0,4600.0,4600.0,4600.0,0,0.0,0.0,0.0
2018-06-27 00:00:00+09:00,4600.0,4600.0,4600.0,4600.0,0,0.0,0.0,0.0
2018-06-28 00:00:00+09:00,4600.0,4600.0,4600.0,4600.0,0,0.0,0.0,0.0
2018-06-29 00:00:00+09:00,4600.0,4600.0,4600.0,4600.0,0,0.0,0.0,0.0
2018-07-02 00:00:00+09:00,4600.0,4600.0,4600.0,4600.0,0,0.0,0.0,0.0
2018-07-03 00:00:00+09:00,4600.0,4600.0,4600.0,4600.0,0,0.0,0.0,0.0
2018-07-04 00:00:00+09:00,4600.0,4600.0,4600.0,4600.0,0,0.0,0.0,0.0
2018-07-05 00:00:00+09:00,4600.0,4600.0,4600.0,4600.0,0,0.0,0.0,0.0
2018-07-06 00:00:00+09:00,4400.0,4800.0,4400.0,4800.0,1160,0.0,0.0,0.0
2018-07-09 00:00:00+09:00,4800.0,4800.0,4800.0,4800.0,0,0.0,0.0,0.0
2018-07-10 00:00:00+09:00,4800.0,4800.0,4800.0,4800.0,0,0.0,0.0,0.0
2018-07-11 00:00:00+09:00,4800.0,4800.0,4800.0,4800.0,0,0.0,0.0,0.0
2018-07-12 00:00:00+09:00,4600.0,4600.0,4500.0,4500.0,330,0.0,0.0,0.0
2018-07-13 00:00:00+09:00,4500.0,4500.0,4500.0,4500.0,0,0.0,0.0,0.0
2018-07-16 00:00:00+09:00,4500.0,4500.0,4500.0,4500.0,0,0.0,0.0,0.0
2018-07-17 00:00:00+09:00,4500.0,4500.0,4500.0,4500.0,0,0.0,0.0,0.0
2018-07-18 00:00:00+09:00,4200.0,4400.0,4200.0,4400.0,2140,0.0,0.0,0.0
2018-07-19 00:00:00+09:00,4400.0,4400.0,4400.0,4400.0,0,0.0,0.0,0.0
2018-07-20 00:00:00+09:00,4400.0,4400.0,4400.0,4400.0,0,0.0,0.0,0.0
2018-07-23 00:00:00+09:00,4400.0,4400.0,4400.0,4400.0,0,0.0,0.0,0.0
2018-07-24 00:00:00+09:00,4400.0,4400.0,4400.0,4400.0,0,0.0,0.0,0.0
2018-07-25 00:00:00+09:00,4400.0,4400.0,4400.0,4400.0,0,0.0,0.0,0.0
2018-07-26 00:00:00+09:00,4500.0,4500.0,4500.0,4500.0,100,0.0,0.0,0.0
2018-07-27 00:00:00+09:00,4500.0,4500.0,4500.0,4500.0,0,0.0,0.0,0.0
2018-07-30 00:00:00+09:00,4500.0,4500.0,4500.0,4500.0,0,0.0,0.0,0.0
2018-07-31 00:00:00+09:00,4500.0,4500.0,4500.0,4500.0,0,0.0,0.0,0.0
2018-08-01 00:00:00+09:00,4500.0,4500.0,4500.0,4500.0,0,0.0,0.0,0.0
2018-08-02 00:00:00+09:00,4500.0,4500.0,4500.0,4500.0,0,0.0,0.0,0.0
2018-08-03 00:00:00+09:00,4500.0,4500.0,4500.0,4500.0,0,0.0,0.0,0.0
2018-08-06 00:00:00+09:00,4500.0,4500.0,4500.0,4500.0,0,0.0,0.0,0.0
2018-08-07 00:00:00+09:00,4500.0,4500.0,4500.0,4500.0,0,0.0,0.0,0.0
2018-08-08 00:00:00+09:00,4500.0,4500.0,4500.0,4500.0,0,0.0,0.0,0.0
2018-08-09 00:00:00+09:00,4500.0,4500.0,4500.0,4500.0,0,0.0,0.0,0.0
2018-08-10 00:00:00+09:00,4500.0,4500.0,4500.0,4500.0,0,0.0,0.0,0.0
2018-08-13 00:00:00+09:00,4500.0,4500.0,4500.0,4500.0,0,0.0,0.0,0.0
2018-08-14 00:00:00+09:00,4500.0,4500.0,4300.0,4500.0,12,0.0,0.0,0.0
2018-08-16 00:00:00+09:00,4500.0,4500.0,4500.0,4500.0,0,0.0,0.0,0.0
2018-08-17 00:00:00+09:00,4500.0,4500.0,4500.0,4500.0,0,0.0,0.0,0.0
2018-08-20 00:00:00+09:00,4500.0,4500.0,4500.0,4500.0,0,0.0,0.0,0.0
2018-08-21 00:00:00+09:00,4500.0,4500.0,4500.0,4500.0,0,0.0,0.0,0.0
2018-08-22 00:00:00+09:00,4500.0,4500.0,4500.0,4500.0,0,0.0,0.0,0.0
2018-08-23 00:00:00+09:00,4365.0,4365.0,4365.0,4365.0,300,0.0,0.0,0.0
2018-08-24 00:00:00+09:00,4500.0,4500.0,4500.0,4500.0,380,0.0,0.0,0.0
2018-08-27 00:00:00+09:00,4500.0,4500.0,4500.0,4500.0,0,0.0,0.0,0.0
2018-08-28 00:00:00+09:00,4500.0,4500.0,4500.0,4500.0,309,0.0,0.0,0.0
2018-08-29 00:00:00+09:00,4500.0,4500.0,4500.0,4500.0,0,0.0,0.0,0.0
2018-08-30 00:00:00+09:00,4500.0,4500.0,4500.0,4500.0,0,0.0,0.0,0.0
2018-08-31 00:00:00+09:00,4500.0,4500.0,4500.0,4500.0,0,0.0,0.0,0.0
2018-09-03 00:00:00+09:00,4500.0,4500.0,4500.0,4500.0,0,0.0,0.0,0.0
2018-09-04 00:00:00+09:00,4500.0,4500.0,4500.0,4500.0,0,0.0,0.0,0.0
2018-09-05 00:00:00+09:00,4500.0,4500.0,4500.0,4500.0,0,0.0,0.0,0.0
2018-09-06 00:00:00+09:00,4500.0,4500.0,4500.0,4500.0,0,0.0,0.0,0.0
2018-09-07 00:00:00+09:00,4300.0,4500.0,4300.0,4500.0,111,0.0,0.0,0.0
2018-09-10 00:00:00+09:00,4500.0,4500.0,4500.0,4500.0,0,0.0,0.0,0.0
2018-09-11 00:00:00+09:00,4500.0,4500.0,4500.0,4500.0,0,0.0,0.0,0.0
2018-09-12 00:00:00+09:00,4300.0,4500.0,4300.0,4500.0,326,0.0,0.0,0.0
2018-09-13 00:00:00+09:00,4500.0,4500.0,4500.0,4500.0,0,0.0,0.0,0.0
2018-09-14 00:00:00+09:00,4500.0,4500.0,4500.0,4500.0,0,0.0,0.0,0.0
2018-09-17 00:00:00+09:00,4500.0,4500.0,4500.0,4500.0,0,0.0,0.0,0.0
2018-09-18 00:00:00+09:00,4500.0,4500.0,4500.0,4500.0,0,0.0,0.0,0.0
2018-09-19 00:00:00+09:00,4500.0,4500.0,4500.0,4500.0,0,0.0,0.0,0.0
2018-09-20 00:00:00+09:00,4500.0,4500.0,4500.0,4500.0,0,0.0,0.0,0.0
2018-09-21 00:00:00+09:00,4500.0,4500.0,4500.0,4500.0,0,0.0,0.0,0.0
2018-09-27 00:00:00+09:00,4400.0,4500.0,4400.0,4500.0,1007,0.0,0.0,0.0
2018-09-28 00:00:00+09:00,4500.0,4500.0,4500.0,4500.0,0,0.0,0.0,0.0
2018-10-01 00:00:00+09:00,4500.0,4500.0,4500.0,4500.0,0,0.0,0.0,0.0
2018-10-02 00:00:00+09:00,4500.0,4500.0,4500.0,4500.0,0,0.0,0.0,0.0
2018-10-04 00:00:00+09:00,4200.0,4500.0,4200.0,4500.0,4262,0.0,0.0,0.0
2018-10-05 00:00:00+09:00,4200.0,4500.0,3980.0,4500.0,3310,0.0,0.0,0.0
2018-10-08 00:00:00+09:00,4200.0,4300.0,4000.0,4300.0,4564,0.0,0.0,0.0
2018-10-10 00:00:00+09:00,4175.0,4175.0,4175.0,4175.0,300,0.0,0.0,0.0
2018-10-11 00:00:00+09:00,4055.0,4200.0,4055.0,4200.0,301,0.0,0.0,0.0
2018-10-12 00:00:00+09:00,4200.0,4200.0,4200.0,4200.0,0,0.0,0.0,0.0
2018-10-15 00:00:00+09:00,4200.0,4200.0,4200.0,4200.0,0,0.0,0.0,0.0
2018-10-16 00:00:00+09:00,4200.0,4200.0,4200.0,4200.0,0,0.0,0.0,0.0
2018-10-17 00:00:00+09:00,4200.0,4200.0,4200.0,4200.0,0,0.0,0.0,0.0
2018-10-18 00:00:00+09:00,4200.0,4200.0,4200.0,4200.0,0,0.0,0.0,0.0
2018-10-19 00:00:00+09:00,4200.0,4200.0,4200.0,4200.0,0,0.0,0.0,0.0
2018-10-22 00:00:00+09:00,4200.0,4200.0,4200.0,4200.0,0,0.0,0.0,0.0
2018-10-23 00:00:00+09:00,4200.0,4200.0,4200.0,4200.0,0,0.0,0.0,0.0
2018-10-24 00:00:00+09:00,4200.0,4200.0,4200.0,4200.0,0,0.0,0.0,0.0
2018-10-25 00:00:00+09:00,4200.0,4200.0,4200.0,4200.0,0,0.0,0.0,0.0
2018-10-26 00:00:00+09:00,4200.0,4200.0,4200.0,4200.0,0,0.0,0.0,0.0
2018-10-29 00:00:00+09:00,4000.0,4000.0,4000.0,4000.0,210,0.0,0.0,0.0
2018-10-30 00:00:00+09:00,4000.0,4000.0,4000.0,4000.0,0,0.0,0.0,0.0
2018-10-31 00:00:00+09:00,4000.0,4000.0,4000.0,4000.0,0,0.0,0.0,0.0
2018-11-01 00:00:00+09:00,4000.0,4000.0,4000.0,4000.0,0,0.0,0.0,0.0
2018-11-02 00:00:00+09:00,4000.0,4000.0,4000.0,4000.0,0,0.0,0.0,0.0
2018-11-05 00:00:00+09:00,4000.0,4000.0,4000.0,4000.0,0,0.0,0.0,0.0
2018-11-06 00:00:00+09:00,4000.0,4000.0,4000.0,4000.0,0,0.0,0.0,0.0
2018-11-07 00:00:00+09:00,4000.0,4000.0,4000.0,4000.0,0,0.0,0.0,0.0
2018-11-08 00:00:00+09:00,4000.0,4000.0,4000.0,4000.0,0,0.0,0.0,0.0
2018-11-09 00:00:00+09:00,4000.0,4000.0,4000.0,4000.0,0,0.0,0.0,0.0
2018-11-12 00:00:00+09:00,4000.0,4000.0,4000.0,4000.0,0,0.0,0.0,0.0
2018-11-13 00:00:00+09:00,4000.0,4000.0,4000.0,4000.0,0,0.0,0.0,0.0
2018-11-14 00:00:00+09:00,4000.0,4000.0,4000.0,4000.0,0,0.0,0.0,0.0
2018-11-15 00:00:00+09:00,4000.0,4000.0,4000.0,4000.0,0,0.0,0.0,0.0
2018-11-16 00:00:00+09:00,4000.0,4000.0,4000.0,4000.0,0,0.0,0.0,0.0
2018-11-19 00:00:00+09:00,4000.0,4000.0,4000.0,4000.0,0,0.0,0.0,0.0
2018-11-20 00:00:00+09:00,4000.0,4000.0,4000.0,4000.0,0,0.0,0.0,0.0
2018-11-21 00:00:00+09:00,4300.0,4300.0,4300.0,4300.0,1000,0.0,0.0,0.0
2018-11-22 00:00:00+09:00,4200.0,4400.0,4200.0,4400.0,501,0.0,0.0,0.0
2018-11-23 00:00:00+09:00,4100.0,4300.0,4100.0,4300.0,501,0.0,0.0,0.0
2018-11-26 00:00:00+09:00,4300.0,4300.0,4300.0,4300.0,0,0.0,0.0,0.0
2018-11-27 00:00:00+09:00,4300.0,4300.0,4300.0,4300.0,0,0.0,0.0,0.0
2018-11-28 00:00:00+09:00,4100.0,4100.0,4100.0,4100.0,1138,0.0,0.0,0.0
2018-11-29 00:00:00+09:00,4100.0,4100.0,4100.0,4100.0,0,0.0,0.0,0.0
2018-11-30 00:00:00+09:00,4100.0,4100.0,4100.0,4100.0,0,0.0,0.0,0.0
2018-12-03 00:00:00+09:00,4100.0,4100.0,4100.0,4100.0,0,0.0,0.0,0.0
2018-12-04 00:00:00+09:00,4100.0,4100.0,4100.0,4100.0,864,0.0,0.0,0.0
2018-12-05 00:00:00+09:00,4100.0,4100.0,4100.0,4100.0,0,0.0,0.0,0.0
2018-12-06 00:00:00+09:00,4100.0,4100.0,4100.0,4100.0,0,0.0,0.0,0.0
2018-12-07 00:00:00+09:00,4100.0,4100.0,4100.0,4100.0,0,0.0,0.0,0.0
2018-12-10 00:00:00+09:00,4100.0,4100.0,4100.0,4100.0,0,0.0,0.0,0.0
2018-12-11 00:00:00+09:00,4100.0,4100.0,4100.0,4100.0,0,0.0,0.0,0.0
2018-12-12 00:00:00+09:00,4100.0,4100.0,4100.0,4100.0,0,0.0,0.0,0.0
2018-12-13 00:00:00+09:00,4000.0,4100.0,4000.0,4100.0,910,0.0,0.0,0.0
2018-12-14 00:00:00+09:00,4100.0,4100.0,4100.0,4100.0,0,0.0,0.0,0.0
2018-12-17 00:00:00+09:00,4100.0,4100.0,4100.0,4100.0,0,0.0,0.0,0.0
2018-12-18 00:00:00+09:00,4100.0,4100.0,4100.0,4100.0,0,0.0,0.0,0.0
2018-12-19 00:00:00+09:00,4100.0,4100.0,4100.0,4100.0,0,0.0,0.0,0.0
2018-12-20 00:00:00+09:00,4000.0,4300.0,4000.0,4300.0,816,0.0,0.0,0.0
2018-12-21 00:00:00+09:00,4300.0,4300.0,4300.0,4300.0,0,0.0,0.0,0.0
2018-12-24 00:00:00+09:00,4300.0,4300.0,4300.0,4300.0,0,0.0,0.0,0.0
2018-12-26 00:00:00+09:00,4300.0,4300.0,4300.0,4300.0,0,0.0,0.0,0.0
2018-12-27 00:00:00+09:00,4300.0,4300.0,4300.0,4300.0,0,0.0,0.0,0.0
2018-12-28 00:00:00+09:00,4300.0,4300.0,4300.0,4300.0,0,0.0,0.0,0.0
2019-01-02 00:00:00+09:00,4300.0,4300.0,4300.0,4300.0,0,0.0,0.0,0.0
2019-01-03 00:00:00+09:00,4300.0,4300.0,4300.0,4300.0,0,0.0,0.0,0.0
2019-01-04 00:00:00+09:00,4300.0,4300.0,4300.0,4300.0,0,0.0,0.0,0.0
2019-01-07 00:00:00+09:00,4300.0,4300.0,4300.0,4300.0,0,0.0,0.0,0.0
2019-01-08 00:00:00+09:00,4100.0,4300.0,4100.0,4300.0,51,0.0,0.0,0.0
2019-01-09 00:00:00+09:00,4300.0,4300.0,4300.0,4300.0,0,0.0,0.0,0.0
2019-01-10 00:00:00+09:00,4400.0,4400.0,4400.0,4400.0,311,0.0,0.0,0.0
2019-01-11 00:00:00+09:00,4400.0,4400.0,4400.0,4400.0,0,0.0,0.0,0.0
2019-01-14 00:00:00+09:00,4400.0,4400.0,4400.0,4400.0,0,0.0,0.0,0.0
2019-01-15 00:00:00+09:00,4400.0,4400.0,4400.0,4400.0,0,0.0,0.0,0.0
2019-01-16 00:00:00+09:00,4400.0,4400.0,4400.0,4400.0,0,0.0,0.0,0.0
2019-01-17 00:00:00+09:00,4400.0,4400.0,4400.0,4400.0,0,0.0,0.0,0.0
2019-01-18 00:00:00+09:00,4400.0,4400.0,4400.0,4400.0,0,0.0,0.0,0.0
2019-01-21 00:00:00+09:00,4400.0,4400.0,4400.0,4400.0,0,0.0,0.0,0.0
2019-01-22 00:00:00+09:00,4400.0,4400.0,4400.0,4400.0,0,0.0,0.0,0.0
2019-01-23 00:00:00+09:00,4400.0,4400.0,4400.0,4400.0,0,0.0,0.0,0.0
2019-01-24 00:00:00+09:00,4400.0,4400.0,4400.0,4400.0,0,0.0,0.0,0.0
2019-01-25 00:00:00+09:00,4400.0,4400.0,4400.0,4400.0,0,0.0,0.0,0.0
2019-01-28 00:00:00+09:00,4290.0,4290.0,4290.0,4290.0,204,0.0,0.0,0.0
2019-01-29 00:00:00+09:00,4290.0,4290.0,4290.0,4290.0,0,0.0,0.0,0.0
2019-01-30 00:00:00+09:00,4290.0,4290.0,4290.0,4290.0,0,0.0,0.0,0.0
2019-01-31 00:00:00+09:00,4290.0,4290.0,4290.0,4290.0,0,0.0,0.0,0.0
2019-02-01 00:00:00+09:00,4290.0,4290.0,4290.0,4290.0,0,0.0,0.0,0.0
2019-02-07 00:00:00+09:00,4290.0,4290.0,4290.0,4290.0,0,0.0,0.0,0.0
2019-02-08 00:00:00+09:00,4290.0,4290.0,4290.0,4290.0,0,0.0,0.0,0.0
2019-02-11 00:00:00+09:00,4290.0,4290.0,4290.0,4290.0,0,0.0,0.0,0.0
2019-02-12 00:00:00+09:00,4290.0,4290.0,4290.0,4290.0,0,0.0,0.0,0.0
2019-02-13 00:00:00+09:00,4290.0,4290.0,4290.0,4290.0,0,0.0,0.0,0.0
2019-02-14 00:00:00+09:00,4290.0,4290.0,4290.0,4290.0,0,0.0,0.0,0.0
2019-02-15 00:00:00+09:00,4290.0,4290.0,4290.0,4290.0,0,0.0,0.0,0.0
2019-02-18 00:00:00+09:00,4290.0,4290.0,4290.0,4290.0,0,0.0,0.0,0.0
2019-02-19 00:00:00+09:00,4300.0,4300.0,4300.0,4300.0,1000,0.0,0.0,0.0
2019-02-20 00:00:00+09:00,4300.0,4300.0,4300.0,4300.0,0,0.0,0.0,0.0
2019-02-21 00:00:00+09:00,4300.0,4300.0,4300.0,4300.0,0,0.0,0.0,0.0
2019-02-22 00:00:00+09:00,4300.0,4300.0,4300.0,4300.0,0,0.0,0.0,0.0
2019-02-25 00:00:00+09:00,4300.0,4300.0,4300.0,4300.0,0,0.0,0.0,0.0
2019-02-26 00:00:00+09:00,4300.0,4300.0,4300.0,4300.0,0,0.0,0.0,0.0
2019-02-27 00:00:00+09:00,4300.0,4300.0,4300.0,4300.0,0,0.0,0.0,0.0
2019-02-28 00:00:00+09:00,4300.0,4300.0,4300.0,4300.0,0,0.0,0.0,0.0
2019-03-04 00:00:00+09:00,4300.0,4300.0,4300.0,4300.0,0,0.0,0.0,0.0
2019-03-05 00:00:00+09:00,4300.0,4300.0,4300.0,4300.0,0,0.0,0.0,0.0
2019-03-06 00:00:00+09:00,4300.0,4300.0,4300.0,4300.0,0,0.0,0.0,0.0
2019-03-07 00:00:00+09:00,4300.0,4300.0,4300.0,4300.0,0,0.0,0.0,0.0
2019-03-08 00:00:00+09:00,4300.0,4300.0,4300.0,4300.0,0,0.0,0.0,0.0
2019-03-11 00:00:00+09:00,4300.0,4300.0,4300.0,4300.0,0,0.0,0.0,0.0
2019-03-12 00:00:00+09:00,4300.0,4300.0,4300.0,4300.0,0,0.0,0.0,0.0
2019-03-13 00:00:00+09:00,4000.0,4200.0,4000.0,4200.0,1001,0.0,0.0,0.0
2019-03-14 00:00:00+09:00,4200.0,4200.0,4200.0,4200.0,0,0.0,0.0,0.0
2019-03-15 00:00:00+09:00,4200.0,4200.0,4200.0,4200.0,0,0.0,0.0,0.0
2019-03-18 00:00:00+09:00,4200.0,4200.0,4200.0,4200.0,0,0.0,0.0,0.0
2019-03-19 00:00:00+09:00,4200.0,4200.0,4200.0,4200.0,0,0.0,0.0,0.0
2019-03-20 00:00:00+09:00,3900.0,3900.0,3900.0,3900.0,1,0.0,0.0,0.0
2019-03-21 00:00:00+09:00,4015.0,4015.0,3900.0,3900.0,53,0.0,0.0,0.0
2019-03-22 00:00:00+09:00,4015.0,4015.0,4015.0,4015.0,1,0.0,0.0,0.0
2019-03-25 00:00:00+09:00,4015.0,4015.0,4015.0,4015.0,0,0.0,0.0,0.0
2019-03-26 00:00:00+09:00,4015.0,4015.0,4015.0,4015.0,0,0.0,0.0,0.0
2019-03-27 00:00:00+09:00,4015.0,4015.0,4015.0,4015.0,0,0.0,0.0,0.0
2019-03-28 00:00:00+09:00,4015.0,4015.0,4015.0,4015.0,0,0.0,0.0,0.0
2019-03-29 00:00:00+09:00,4015.0,4015.0,4015.0,4015.0,0,0.0,0.0,0.0
2019-04-01 00:00:00+09:00,4015.0,4015.0,4015.0,4015.0,0,0.0,0.0,0.0
2019-04-02 00:00:00+09:00,4015.0,4015.0,4015.0,4015.0,0,0.0,0.0,0.0
2019-04-03 00:00:00+09:00,4400.0,4400.0,4000.0,4000.0,60,0.0,0.0,0.0
2019-04-04 00:00:00+09:00,4000.0,4000.0,4000.0,4000.0,0,0.0,0.0,0.0
2019-04-05 00:00:00+09:00,4000.0,4000.0,4000.0,4000.0,0,0.0,0.0,0.0
2019-04-08 00:00:00+09:00,4000.0,4000.0,4000.0,4000.0,0,0.0,0.0,0.0
2019-04-09 00:00:00+09:00,4000.0,4000.0,4000.0,4000.0,0,0.0,0.0,0.0
2019-04-10 00:00:00+09:00,4000.0,4000.0,4000.0,4000.0,0,0.0,0.0,0.0
2019-04-11 00:00:00+09:00,4000.0,4000.0,4000.0,4000.0,0,0.0,0.0,0.0
2019-04-12 00:00:00+09:00,4000.0,4000.0,3900.0,3900.0,750,0.0,0.0,0.0
2019-04-15 00:00:00+09:00,4000.0,4000.0,3905.0,3905.0,2450,0.0,0.0,0.0
2019-04-16 00:00:00+09:00,3945.0,3945.0,3905.0,3905.0,991,0.0,0.0,0.0
2019-04-17 00:00:00+09:00,3905.0,3905.0,3905.0,3905.0,0,0.0,0.0,0.0
2019-04-18 00:00:00+09:00,3905.0,3905.0,3905.0,3905.0,0,0.0,0.0,0.0
2019-04-19 00:00:00+09:00,3905.0,3905.0,3905.0,3905.0,0,0.0,0.0,0.0
2019-04-22 00:00:00+09:00,3905.0,3905.0,3905.0,3905.0,0,0.0,0.0,0.0
2019-04-23 00:00:00+09:00,3910.0,3910.0,3910.0,3910.0,500,0.0,0.0,0.0
2019-04-24 00:00:00+09:00,3910.0,4185.0,3900.0,4185.0,22,0.0,0.0,0.0
2019-04-25 00:00:00+09:00,4185.0,4185.0,4185.0,4185.0,0,0.0,0.0,0.0
2019-04-26 00:00:00+09:00,4185.0,4185.0,4185.0,4185.0,0,0.0,0.0,0.0
2019-04-29 00:00:00+09:00,4000.0,4000.0,3850.0,3850.0,261,0.0,0.0,0.0
2019-04-30 00:00:00+09:00,3800.0,3800.0,3800.0,3800.0,1250,0.0,0.0,0.0
2019-05-02 00:00:00+09:00,3800.0,3800.0,3800.0,3800.0,0,0.0,0.0,0.0
2019-05-03 00:00:00+09:00,3800.0,3800.0,3800.0,3800.0,263,0.0,0.0,0.0
2019-05-07 00:00:00+09:00,3750.0,3750.0,3750.0,3750.0,1310,0.0,0.0,0.0
2019-05-08 00:00:00+09:00,3750.0,3750.0,3750.0,3750.0,3656,0.0,0.0,0.0
2019-05-09 00:00:00+09:00,3750.0,3750.0,3750.0,3750.0,1000,0.0,0.0,0.0
2019-05-10 00:00:00+09:00,3750.0,3750.0,3750.0,3750.0,0,0.0,0.0,0.0
2019-05-13 00:00:00+09:00,3710.0,3710.0,3710.0,3710.0,1000,0.0,0.0,0.0
2019-05-14 00:00:00+09:00,3710.0,3710.0,3710.0,3710.0,400,0.0,0.0,0.0
2019-05-15 00:00:00+09:00,3710.0,3710.0,3710.0,3710.0,0,0.0,0.0,0.0
2019-05-16 00:00:00+09:00,3710.0,3710.0,3710.0,3710.0,34,0.0,0.0,0.0
2019-05-17 00:00:00+09:00,3710.0,3710.0,3710.0,3710.0,0,0.0,0.0,0.0
2019-05-20 00:00:00+09:00,3710.0,3710.0,3710.0,3710.0,0,0.0,0.0,0.0
2019-05-21 00:00:00+09:00,3710.0,3710.0,3710.0,3710.0,0,0.0,0.0,0.0
2019-05-22 00:00:00+09:00,3710.0,3710.0,3710.0,3710.0,0,0.0,0.0,0.0
2019-05-23 00:00:00+09:00,3710.0,3710.0,3710.0,3710.0,0,0.0,0.0,0.0
2019-05-24 00:00:00+09:00,3710.0,3710.0,3710.0,3710.0,0,0.0,0.0,0.0
2019-05-27 00:00:00+09:00,3710.0,3710.0,3710.0,3710.0,0,0.0,0.0,0.0
2019-05-28 00:00:00+09:00,3600.0,3600.0,3600.0,3600.0,100,0.0,0.0,0.0
2019-05-29 00:00:00+09:00,3550.0,3800.0,3550.0,3800.0,293,0.0,0.0,0.0
2019-05-30 00:00:00+09:00,3500.0,3500.0,3500.0,3500.0,1,0.0,0.0,0.0
2019-05-31 00:00:00+09:00,3500.0,3500.0,3500.0,3500.0,0,0.0,0.0,0.0
2019-06-03 00:00:00+09:00,3500.0,3500.0,3500.0,3500.0,0,0.0,0.0,0.0
2019-06-04 00:00:00+09:00,3500.0,3500.0,3500.0,3500.0,0,0.0,0.0,0.0
2019-06-05 00:00:00+09:00,3500.0,3500.0,3500.0,3500.0,285,0.0,0.0,0.0
2019-06-07 00:00:00+09:00,3500.0,3900.0,3010.0,3010.0,811,0.0,0.0,0.0
2019-06-10 00:00:00+09:00,3100.0,3300.0,3100.0,3300.0,410,0.0,0.0,0.0
2019-06-11 00:00:00+09:00,3600.0,3600.0,3600.0,3600.0,30,0.0,0.0,0.0
2019-06-12 00:00:00+09:00,3600.0,3600.0,3600.0,3600.0,0,0.0,0.0,0.0
2019-06-13 00:00:00+09:00,3600.0,3600.0,3600.0,3600.0,0,0.0,0.0,0.0
2019-06-14 00:00:00+09:00,3600.0,3600.0,3600.0,3600.0,0,0.0,0.0,0.0
2019-06-17 00:00:00+09:00,3700.0,3700.0,3700.0,3700.0,2,0.0,0.0,0.0
2019-06-18 00:00:00+09:00,3700.0,3700.0,3700.0,3700.0,0,0.0,0.0,0.0
2019-06-19 00:00:00+09:00,3700.0,3700.0,3700.0,3700.0,0,0.0,0.0,0.0
2019-06-20 00:00:00+09:00,3700.0,3700.0,3700.0,3700.0,0,0.0,0.0,0.0
2019-06-21 00:00:00+09:00,3700.0,3700.0,3700.0,3700.0,0,0.0,0.0,0.0
2019-06-24 00:00:00+09:00,3700.0,3700.0,3700.0,3700.0,0,0.0,0.0,0.0
2019-06-25 00:00:00+09:00,3700.0,3700.0,3700.0,3700.0,0,0.0,0.0,0.0
2019-06-26 00:00:00+09:00,3700.0,3700.0,3700.0,3700.0,0,0.0,0.0,0.0
2019-06-27 00:00:00+09:00,3700.0,3700.0,3700.0,3700.0,0,0.0,0.0,0.0
2019-06-28 00:00:00+09:00,3700.0,3700.0,3700.0,3700.0,0,0.0,0.0,0.0
2019-07-01 00:00:00+09:00,3700.0,3700.0,3700.0,3700.0,0,0.0,0.0,0.0
2019-07-02 00:00:00+09:00,3700.0,3700.0,3700.0,3700.0,0,0.0,0.0,0.0
2019-07-03 00:00:00+09:00,3400.0,3400.0,3400.0,3400.0,10,0.0,0.0,0.0
2019-07-04 00:00:00+09:00,3800.0,3800.0,3800.0,3800.0,30,0.0,0.0,0.0
2019-07-05 00:00:00+09:00,3800.0,3800.0,3800.0,3800.0,0,0.0,0.0,0.0
2019-07-08 00:00:00+09:00,3800.0,3800.0,3800.0,3800.0,0,0.0,0.0,0.0
2019-07-09 00:00:00+09:00,3900.0,3900.0,3900.0,3900.0,10,0.0,0.0,0.0
2019-07-10 00:00:00+09:00,3900.0,3900.0,3900.0,3900.0,0,0.0,0.0,0.0
2019-07-11 00:00:00+09:00,3900.0,3900.0,3320.0,3320.0,3151,0.0,0.0,0.0
2019-07-12 00:00:00+09:00,3410.0,3410.0,3410.0,3410.0,1,0.0,0.0,0.0
2019-07-15 00:00:00+09:00,3410.0,3410.0,3410.0,3410.0,0,0.0,0.0,0.0
2019-07-16 00:00:00+09:00,3410.0,3410.0,3410.0,3410.0,0,0.0,0.0,0.0
2019-07-17 00:00:00+09:00,3410.0,3410.0,3410.0,3410.0,0,0.0,0.0,0.0
2019-07-18 00:00:00+09:00,3200.0,3395.0,3200.0,3395.0,201,0.0,0.0,0.0
2019-07-19 00:00:00+09:00,3100.0,3100.0,2900.0,2905.0,838,0.0,0.0,0.0
2019-07-22 00:00:00+09:00,2800.0,2805.0,2800.0,2805.0,2,0.0,0.0,0.0
2019-07-23 00:00:00+09:00,2880.0,3000.0,2700.0,3000.0,412,0.0,0.0,0.0
2019-07-24 00:00:00+09:00,2810.0,3020.0,2810.0,3020.0,5351,0.0,0.0,0.0
2019-07-25 00:00:00+09:00,3200.0,3300.0,3020.0,3300.0,9452,0.0,0.0,0.0
2019-07-26 00:00:00+09:00,3300.0,3500.0,3300.0,3500.0,2940,0.0,0.0,0.0
2019-07-29 00:00:00+09:00,3500.0,3500.0,3500.0,3500.0,0,0.0,0.0,0.0
2019-07-30 00:00:00+09:00,3400.0,3400.0,3400.0,3400.0,764,0.0,0.0,0.0
2019-07-31 00:00:00+09:00,3400.0,3400.0,3400.0,3400.0,0,0.0,0.0,0.0
2019-08-01 00:00:00+09:00,3400.0,3400.0,3400.0,3400.0,0,0.0,0.0,0.0
2019-08-02 00:00:00+09:00,3400.0,3400.0,3400.0,3400.0,0,0.0,0.0,0.0
2019-08-05 00:00:00+09:00,3400.0,3400.0,3400.0,3400.0,1007,0.0,0.0,0.0
2019-08-06 00:00:00+09:00,2900.0,2900.0,2900.0,2900.0,1,0.0,0.0,0.0
2019-08-07 00:00:00+09:00,3300.0,3300.0,3300.0,3300.0,10,0.0,0.0,0.0
2019-08-08 00:00:00+09:00,3300.0,3300.0,3300.0,3300.0,0,0.0,0.0,0.0
2019-08-09 00:00:00+09:00,3300.0,3300.0,3300.0,3300.0,0,0.0,0.0,0.0
2019-08-12 00:00:00+09:00,3300.0,3300.0,3300.0,3300.0,0,0.0,0.0,0.0
2019-08-13 00:00:00+09:00,3300.0,3300.0,3300.0,3300.0,0,0.0,0.0,0.0
2019-08-14 00:00:00+09:00,3300.0,3300.0,3300.0,3300.0,0,0.0,0.0,0.0
2019-08-16 00:00:00+09:00,3300.0,3300.0,3300.0,3300.0,0,0.0,0.0,0.0
2019-08-19 00:00:00+09:00,3300.0,3300.0,3300.0,3300.0,0,0.0,0.0,0.0
2019-08-20 00:00:00+09:00,3200.0,3200.0,3200.0,3200.0,10,0.0,0.0,0.0
2019-08-21 00:00:00+09:00,3400.0,3400.0,3400.0,3400.0,634,0.0,0.0,0.0
2019-08-22 00:00:00+09:00,3400.0,3400.0,3400.0,3400.0,0,0.0,0.0,0.0
2019-08-23 00:00:00+09:00,3400.0,3400.0,3400.0,3400.0,0,0.0,0.0,0.0
2019-08-26 00:00:00+09:00,3400.0,3400.0,3400.0,3400.0,0,0.0,0.0,0.0
2019-08-27 00:00:00+09:00,3400.0,3400.0,3400.0,3400.0,0,0.0,0.0,0.0
2019-08-28 00:00:00+09:00,3400.0,3400.0,3400.0,3400.0,0,0.0,0.0,0.0
2019-08-29 00:00:00+09:00,3400.0,3400.0,3400.0,3400.0,0,0.0,0.0,0.0
2019-08-30 00:00:00+09:00,3400.0,3400.0,3400.0,3400.0,0,0.0,0.0,0.0
2019-09-02 00:00:00+09:00,3400.0,3400.0,3400.0,3400.0,0,0.0,0.0,0.0
2019-09-03 00:00:00+09:00,3400.0,3400.0,3400.0,3400.0,0,0.0,0.0,0.0
2019-09-04 00:00:00+09:00,3400.0,3400.0,3400.0,3400.0,0,0.0,0.0,0.0
2019-09-05 00:00:00+09:00,3400.0,3400.0,3400.0,3400.0,0,0.0,0.0,0.0
2019-09-06 00:00:00+09:00,3200.0,3500.0,3200.0,3500.0,2,0.0,0.0,0.0
2019-09-09 00:00:00+09:00,3500.0,3500.0,3500.0,3500.0,0,0.0,0.0,0.0
2019-09-10 00:00:00+09:00,3500.0,3500.0,3500.0,3500.0,0,0.0,0.0,0.0
2019-09-11 00:00:00+09:00,3500.0,3500.0,3500.0,3500.0,0,0.0,0.0,0.0
2019-09-16 00:00:00+09:00,3500.0,3500.0,3500.0,3500.0,0,0.0,0.0,0.0
2019-09-17 00:00:00+09:00,3500.0,3500.0,3500.0,3500.0,0,0.0,0.0,0.0
2019-09-18 00:00:00+09:00,3500.0,3500.0,3500.0,3500.0,0,0.0,0.0,0.0
2019-09-19 00:00:00+09:00,3500.0,3500.0,3500.0,3500.0,0,0.0,0.0,0.0
2019-09-20 00:00:00+09:00,3500.0,3500.0,3500.0,3500.0,0,0.0,0.0,0.0
2019-09-23 00:00:00+09:00,3500.0,3500.0,3500.0,3500.0,0,0.0,0.0,0.0
2019-09-24 00:00:00+09:00,3500.0,3500.0,3500.0,3500.0,0,0.0,0.0,0.0
2019-09-25 00:00:00+09:00,3500.0,3500.0,3500.0,3500.0,0,0.0,0.0,0.0
2019-09-26 00:00:00+09:00,3500.0,3500.0,3500.0,3500.0,10,0.0,0.0,0.0
2019-09-27 00:00:00+09:00,3500.0,3500.0,3500.0,3500.0,0,0.0,0.0,0.0
2019-09-30 00:00:00+09:00,3500.0,3500.0,3500.0,3500.0,0,0.0,0.0,0.0
2019-10-01 00:00:00+09:00,3500.0,3500.0,3500.0,3500.0,0,0.0,0.0,0.0
2019-10-02 00:00:00+09:00,3500.0,3500.0,3500.0,3500.0,0,0.0,0.0,0.0
2019-10-04 00:00:00+09:00,3500.0,3500.0,3500.0,3500.0,0,0.0,0.0,0.0
2019-10-07 00:00:00+09:00,3500.0,3500.0,3500.0,3500.0,0,0.0,0.0,0.0
2019-10-08 00:00:00+09:00,3500.0,3500.0,3500.0,3500.0,0,0.0,0.0,0.0
2019-10-10 00:00:00+09:00,3500.0,3500.0,3500.0,3500.0,0,0.0,0.0,0.0
2019-10-11 00:00:00+09:00,3500.0,3500.0,3500.0,3500.0,0,0.0,0.0,0.0
2019-10-14 00:00:00+09:00,3500.0,3500.0,3500.0,3500.0,174,0.0,0.0,0.0
2019-10-15 00:00:00+09:00,3500.0,3500.0,3500.0,3500.0,0,0.0,0.0,0.0
2019-10-16 00:00:00+09:00,3500.0,3500.0,3500.0,3500.0,0,0.0,0.0,0.0
2019-10-17 00:00:00+09:00,3500.0,3500.0,3500.0,3500.0,0,0.0,0.0,0.0
2019-10-18 00:00:00+09:00,3500.0,3500.0,3500.0,3500.0,0,0.0,0.0,0.0
2019-10-21 00:00:00+09:00,3500.0,3500.0,3500.0,3500.0,0,0.0,0.0,0.0
2019-10-22 00:00:00+09:00,3500.0,3500.0,3500.0,3500.0,0,0.0,0.0,0.0
2019-10-23 00:00:00+09:00,3500.0,3500.0,3500.0,3500.0,1000,0.0,0.0,0.0
2019-10-24 00:00:00+09:00,3000.0,3000.0,3000.0,3000.0,1,0.0,0.0,0.0
2019-10-25 00:00:00+09:00,3080.0,3080.0,3080.0,3080.0,400,0.0,0.0,0.0
2019-10-28 00:00:00+09:00,3165.0,3165.0,3165.0,3165.0,400,0.0,0.0,0.0
2019-10-29 00:00:00+09:00,3165.0,3165.0,3165.0,3165.0,0,0.0,0.0,0.0
2019-10-30 00:00:00+09:00,3165.0,3165.0,3165.0,3165.0,0,0.0,0.0,0.0
2019-10-31 00:00:00+09:00,3165.0,3165.0,3165.0,3165.0,0,0.0,0.0,0.0
2019-11-01 00:00:00+09:00,3165.0,3165.0,3165.0,3165.0,0,0.0,0.0,0.0
2019-11-04 00:00:00+09:00,3165.0,3165.0,3165.0,3165.0,0,0.0,0.0,0.0
2019-11-05 00:00:00+09:00,3165.0,3165.0,3165.0,3165.0,0,0.0,0.0,0.0
2019-11-06 00:00:00+09:00,3300.0,3300.0,3100.0,3100.0,20,0.0,0.0,0.0
2019-11-07 00:00:00+09:00,3150.0,3150.0,3150.0,3150.0,2500,0.0,0.0,0.0
2019-11-08 00:00:00+09:00,3150.0,3150.0,3150.0,3150.0,0,0.0,0.0,0.0
2019-11-11 00:00:00+09:00,3100.0,3100.0,3100.0,3100.0,2500,0.0,0.0,0.0
2019-11-12 00:00:00+09:00,3100.0,3100.0,3100.0,3100.0,0,0.0,0.0,0.0
2019-11-13 00:00:00+09:00,3300.0,3300.0,3300.0,3300.0,1,0.0,0.0,0.0
2019-11-14 00:00:00+09:00,3205.0,3205.0,3205.0,3205.0,272,0.0,0.0,0.0
2019-11-15 00:00:00+09:00,3000.0,3300.0,3000.0,3300.0,2,0.0,0.0,0.0
2019-11-18 00:00:00+09:00,3300.0,3300.0,3300.0,3300.0,0,0.0,0.0,0.0
2019-11-19 00:00:00+09:00,3300.0,3300.0,3300.0,3300.0,0,0.0,0.0,0.0
2019-11-20 00:00:00+09:00,3000.0,3300.0,3000.0,3300.0,2,0.0,0.0,0.0
2019-11-21 00:00:00+09:00,3000.0,3000.0,3000.0,3000.0,1001,0.0,0.0,0.0
2019-11-22 00:00:00+09:00,3000.0,3000.0,3000.0,3000.0,0,0.0,0.0,0.0
2019-11-25 00:00:00+09:00,3000.0,3000.0,3000.0,3000.0,0,0.0,0.0,0.0
2019-11-26 00:00:00+09:00,2905.0,2905.0,2905.0,2905.0,1,0.0,0.0,0.0
2019-11-27 00:00:00+09:00,2905.0,2905.0,2905.0,2905.0,0,0.0,0.0,0.0
2019-11-28 00:00:00+09:00,2900.0,3200.0,2900.0,3200.0,1015,0.0,0.0,0.0
2019-11-29 00:00:00+09:00,3000.0,3000.0,2720.0,2720.0,1220,0.0,0.0,0.0
2019-12-02 00:00:00+09:00,2800.0,2800.0,2600.0,2600.0,1011,0.0,0.0,0.0
2019-12-03 00:00:00+09:00,2600.0,2950.0,2315.0,2600.0,1152,0.0,0.0,0.0
2019-12-04 00:00:00+09:00,2600.0,2950.0,2600.0,2600.0,1021,0.0,0.0,0.0
2019-12-05 00:00:00+09:00,2675.0,2675.0,2600.0,2600.0,401,0.0,0.0,0.0
2019-12-06 00:00:00+09:00,2675.0,2675.0,2675.0,2675.0,400,0.0,0.0,0.0
2019-12-09 00:00:00+09:00,2730.0,2730.0,2730.0,2730.0,1083,0.0,0.0,0.0
2019-12-10 00:00:00+09:00,2730.0,2730.0,2730.0,2730.0,0,0.0,0.0,0.0
2019-12-11 00:00:00+09:00,2730.0,2730.0,2730.0,2730.0,0,0.0,0.0,0.0
2019-12-12 00:00:00+09:00,2730.0,2730.0,2730.0,2730.0,0,0.0,0.0,0.0
2019-12-13 00:00:00+09:00,2730.0,2730.0,2730.0,2730.0,0,0.0,0.0,0.0
2019-12-16 00:00:00+09:00,2730.0,2730.0,2730.0,2730.0,0,0.0,0.0,0.0
2019-12-17 00:00:00+09:00,2730.0,2730.0,2730.0,2730.0,0,0.0,0.0,0.0
2019-12-18 00:00:00+09:00,2600.0,2600.0,2600.0,2600.0,1,0.0,0.0,0.0
2019-12-19 00:00:00+09:00,2600.0,2600.0,2500.0,2500.0,20,0.0,0.0,0.0
2019-12-20 00:00:00+09:00,2875.0,2875.0,2875.0,2875.0,5380,0.0,0.0,0.0
2019-12-23 00:00:00+09:00,2875.0,2875.0,2875.0,2875.0,0,0.0,0.0,0.0
2019-12-24 00:00:00+09:00,2900.0,2900.0,2900.0,2900.0,350,0.0,0.0,0.0
2019-12-26 00:00:00+09:00,2900.0,2900.0,2900.0,2900.0,0,0.0,0.0,0.0
2019-12-27 00:00:00+09:00,2500.0,2500.0,2465.0,2500.0,8478,0.0,0.0,0.0
2019-12-30 00:00:00+09:00,2500.0,2500.0,2500.0,2500.0,0,0.0,0.0,0.0
2020-01-02 00:00:00+09:00,2500.0,2500.0,2500.0,2500.0,0,0.0,0.0,0.0
2020-01-03 00:00:00+09:00,2500.0,2875.0,2500.0,2875.0,3130,0.0,0.0,0.0
2020-01-06 00:00:00+09:00,2900.0,2900.0,2900.0,2900.0,2000,0.0,0.0,0.0
2020-01-07 00:00:00+09:00,2900.0,2900.0,2900.0,2900.0,1300,0.0,0.0,0.0
2020-01-08 00:00:00+09:00,2900.0,2900.0,2900.0,2900.0,0,0.0,0.0,0.0
2020-01-09 00:00:00+09:00,2900.0,2900.0,2900.0,2900.0,1000,0.0,0.0,0.0
2020-01-10 00:00:00+09:00,2900.0,2900.0,2900.0,2900.0,0,0.0,0.0,0.0
2020-01-13 00:00:00+09:00,2900.0,2900.0,2900.0,2900.0,0,0.0,0.0,0.0
2020-01-14 00:00:00+09:00,2900.0,2900.0,2900.0,2900.0,900,0.0,0.0,0.0
2020-01-15 00:00:00+09:00,3000.0,3100.0,3000.0,3100.0,11,0.0,0.0,0.0
2020-01-16 00:00:00+09:00,3100.0,3100.0,3100.0,3100.0,0,0.0,0.0,0.0
2020-01-17 00:00:00+09:00,3000.0,3000.0,3000.0,3000.0,834,0.0,0.0,0.0
2020-01-20 00:00:00+09:00,3000.0,3000.0,3000.0,3000.0,0,0.0,0.0,0.0
2020-01-21 00:00:00+09:00,3000.0,3000.0,3000.0,3000.0,0,0.0,0.0,0.0
2020-01-22 00:00:00+09:00,3000.0,3000.0,3000.0,3000.0,0,0.0,0.0,0.0
2020-01-23 00:00:00+09:00,3000.0,3000.0,3000.0,3000.0,0,0.0,0.0,0.0
2020-01-28 00:00:00+09:00,3000.0,3000.0,3000.0,3000.0,0,0.0,0.0,0.0
2020-01-29 00:00:00+09:00,2800.0,2800.0,2800.0,2800.0,1,0.0,0.0,0.0
2020-01-30 00:00:00+09:00,2800.0,2800.0,2800.0,2800.0,0,0.0,0.0,0.0
2020-01-31 00:00:00+09:00,2800.0,2800.0,2800.0,2800.0,0,0.0,0.0,0.0
2020-02-03 00:00:00+09:00,2800.0,2800.0,2700.0,2700.0,20,0.0,0.0,0.0
2020-02-04 00:00:00+09:00,2700.0,2700.0,2700.0,2700.0,0,0.0,0.0,0.0
2020-02-05 00:00:00+09:00,2700.0,2700.0,2700.0,2700.0,0,0.0,0.0,0.0
2020-02-06 00:00:00+09:00,2700.0,2700.0,2700.0,2700.0,0,0.0,0.0,0.0
2020-02-07 00:00:00+09:00,2700.0,2700.0,2700.0,2700.0,0,0.0,0.0,0.0
2020-02-10 00:00:00+09:00,2900.0,3000.0,2900.0,3000.0,20,0.0,0.0,0.0
2020-02-11 00:00:00+09:00,3100.0,3200.0,3000.0,3000.0,30,0.0,0.0,0.0
2020-02-12 00:00:00+09:00,2905.0,2905.0,2905.0,2905.0,1,0.0,0.0,0.0
2020-02-13 00:00:00+09:00,3200.0,3335.0,2950.0,3100.0,200,0.0,0.0,0.0
2020-02-14 00:00:00+09:00,3025.0,3100.0,3000.0,3050.0,2320,0.0,0.0,0.0
2020-02-17 00:00:00+09:00,3050.0,3050.0,3025.0,3025.0,650,0.0,0.0,0.0
2020-02-18 00:00:00+09:00,3010.0,3010.0,2975.0,2975.0,379,0.0,0.0,0.0
2020-02-19 00:00:00+09:00,2975.0,2975.0,2975.0,2975.0,0,0.0,0.0,0.0
2020-02-20 00:00:00+09:00,2975.0,2975.0,2975.0,2975.0,0,0.0,0.0,0.0
2020-02-21 00:00:00+09:00,2975.0,2975.0,2975.0,2975.0,0,0.0,0.0,0.0
2020-02-24 00:00:00+09:00,3200.0,3200.0,3200.0,3200.0,29,0.0,0.0,0.0
2020-02-25 00:00:00+09:00,3200.0,3200.0,3200.0,3200.0,0,0.0,0.0,0.0
2020-02-26 00:00:00+09:00,3000.0,3000.0,2800.0,2800.0,800,0.0,0.0,0.0
2020-02-27 00:00:00+09:00,3000.0,3000.0,3000.0,3000.0,10,0.0,0.0,0.0
2020-02-28 00:00:00+09:00,2955.0,2955.0,2600.0,2600.0,419,0.0,0.0,0.0
2020-03-02 00:00:00+09:00,2600.0,2600.0,2600.0,2600.0,0,0.0,0.0,0.0
2020-03-03 00:00:00+09:00,2700.0,2700.0,2700.0,2700.0,200,0.0,0.0,0.0
2020-03-04 00:00:00+09:00,2800.0,2800.0,2800.0,2800.0,10,0.0,0.0,0.0
2020-03-05 00:00:00+09:00,2900.0,3000.0,2900.0,3000.0,60,0.0,0.0,0.0
2020-03-06 00:00:00+09:00,2900.0,2900.0,2800.0,2900.0,169,0.0,0.0,0.0
2020-03-09 00:00:00+09:00,2900.0,2900.0,2900.0,2900.0,0,0.0,0.0,0.0
2020-03-10 00:00:00+09:00,2900.0,2900.0,2900.0,2900.0,0,0.0,0.0,0.0
2020-03-11 00:00:00+09:00,3000.0,3100.0,3000.0,3100.0,69,0.0,0.0,0.0
2020-03-12 00:00:00+09:00,2900.0,2900.0,2700.0,2700.0,3590,0.0,0.0,0.0
2020-03-13 00:00:00+09:00,2500.0,2500.0,2500.0,2500.0,202,0.0,0.0,0.0
2020-03-16 00:00:00+09:00,2500.0,2500.0,2500.0,2500.0,0,0.0,0.0,0.0
2020-03-17 00:00:00+09:00,2700.0,2800.0,2700.0,2800.0,50,0.0,0.0,0.0
2020-03-18 00:00:00+09:00,2550.0,2550.0,2550.0,2550.0,160,0.0,0.0,0.0
2020-03-19 00:00:00+09:00,2930.0,2930.0,2930.0,2930.0,70,0.0,0.0,0.0
2020-03-20 00:00:00+09:00,2930.0,2930.0,2930.0,2930.0,0,0.0,0.0,0.0
2020-03-23 00:00:00+09:00,2930.0,2930.0,2930.0,2930.0,0,0.0,0.0,0.0
2020-03-24 00:00:00+09:00,2930.0,2930.0,2930.0,2930.0,0,0.0,0.0,0.0
2020-03-25 00:00:00+09:00,2930.0,2930.0,2930.0,2930.0,0,0.0,0.0,0.0
2020-03-26 00:00:00+09:00,2930.0,2930.0,2930.0,2930.0,0,0.0,0.0,0.0
2020-03-27 00:00:00+09:00,2930.0,2930.0,2930.0,2930.0,0,0.0,0.0,0.0
2020-03-30 00:00:00+09:00,2930.0,2930.0,2930.0,2930.0,0,0.0,0.0,0.0
2020-03-31 00:00:00+09:00,2930.0,2930.0,2930.0,2930.0,0,0.0,0.0,0.0
2020-04-01 00:00:00+09:00,2930.0,2930.0,2930.0,2930.0,0,0.0,0.0,0.0
2020-04-02 00:00:00+09:00,2930.0,2930.0,2930.0,2930.0,0,0.0,0.0,0.0
2020-04-03 00:00:00+09:00,2930.0,2930.0,2930.0,2930.0,0,0.0,0.0,0.0
2020-04-06 00:00:00+09:00,2930.0,2930.0,2930.0,2930.0,0,0.0,0.0,0.0
2020-04-07 00:00:00+09:00,2930.0,2930.0,2930.0,2930.0,0,0.0,0.0,0.0
2020-04-08 00:00:00+09:00,2930.0,2930.0,2930.0,2930.0,0,0.0,0.0,0.0
2020-04-09 00:00:00+09:00,2930.0,2930.0,2930.0,2930.0,0,0.0,0.0,0.0
2020-04-10 00:00:00+09:00,2930.0,2930.0,2930.0,2930.0,0,0.0,0.0,0.0
2020-04-13 00:00:00+09:00,2930.0,2930.0,2930.0,2930.0,0,0.0,0.0,0.0
2020-04-14 00:00:00+09:00,2930.0,2930.0,2930.0,2930.0,0,0.0,0.0,0.0
2020-04-16 00:00:00+09:00,2930.0,2930.0,2930.0,2930.0,0,0.0,0.0,0.0
2020-04-17 00:00:00+09:00,2930.0,2930.0,2930.0,2930.0,0,0.0,0.0,0.0
2020-04-20 00:00:00+09:00,2930.0,2930.0,2930.0,2930.0,0,0.0,0.0,0.0
2020-04-21 00:00:00+09:00,2930.0,2930.0,2930.0,2930.0,0,0.0,0.0,0.0
2020-04-22 00:00:00+09:00,2930.0,2930.0,2930.0,2930.0,0,0.0,0.0,0.0
2020-04-23 00:00:00+09:00,2930.0,2930.0,2930.0,2930.0,0,0.0,0.0,0.0
2020-04-24 00:00:00+09:00,2930.0,2930.0,2930.0,2930.0,0,0.0,0.0,0.0
2020-04-27 00:00:00+09:00,2930.0,2930.0,2930.0,2930.0,0,0.0,0.0,0.0
2020-04-28 00:00:00+09:00,2930.0,2930.0,2930.0,2930.0,0,0.0,0.0,0.0
2020-04-29 00:00:00+09:00,2930.0,2930.0,2930.0,2930.0,0,0.0,0.0,0.0
2020-05-04 00:00:00+09:00,2930.0,2930.0,2930.0,2930.0,0,0.0,0.0,0.0
2020-05-06 00:00:00+09:00,2930.0,2930.0,2930.0,2930.0,0,0.0,0.0,0.0
2020-05-07 00:00:00+09:00,2930.0,2930.0,2930.0,2930.0,0,0.0,0.0,0.0
2020-05-08 00:00:00+09:00,2930.0,2930.0,2930.0,2930.0,0,0.0,0.0,0.0
2020-05-11 00:00:00+09:00,2930.0,2930.0,2930.0,2930.0,0,0.0,0.0,0.0
2020-05-12 00:00:00+09:00,2930.0,2930.0,2930.0,2930.0,0,0.0,0.0,0.0
2020-05-13 00:00:00+09:00,2930.0,2930.0,2930.0,2930.0,0,0.0,0.0,0.0
2020-05-14 00:00:00+09:00,2930.0,2930.0,2930.0,2930.0,0,0.0,0.0,0.0
2020-05-15 00:00:00+09:00,2930.0,2930.0,2930.0,2930.0,0,0.0,0.0,0.0
2020-05-18 00:00:00+09:00,2930.0,2930.0,2930.0,2930.0,0,0.0,0.0,0.0
2020-05-19 00:00:00+09:00,2930.0,2930.0,2930.0,2930.0,0,0.0,0.0,0.0
2020-05-20 00:00:00+09:00,2930.0,2930.0,2930.0,2930.0,0,0.0,0.0,0.0
2020-05-21 00:00:00+09:00,2930.0,2930.0,2930.0,2930.0,0,0.0,0.0,0.0
2020-05-22 00:00:00+09:00,2930.0,2930.0,2930.0,2930.0,0,0.0,0.0,0.0
2020-05-25 00:00:00+09:00,2930.0,2930.0,2930.0,2930.0,0,0.0,0.0,0.0
2020-05-26 00:00:00+09:00,2930.0,2930.0,2930.0,2930.0,0,0.0,0.0,0.0
2020-05-27 00:00:00+09:00,2930.0,2930.0,2930.0,2930.0,0,0.0,0.0,0.0
2020-05-28 00:00:00+09:00,2930.0,2930.0,2930.0,2930.0,0,0.0,0.0,0.0
2020-05-29 00:00:00+09:00,2930.0,2930.0,2930.0,2930.0,0,0.0,0.0,0.0
2020-06-01 00:00:00+09:00,2930.0,2930.0,2930.0,2930.0,0,0.0,0.0,0.0
2020-06-02 00:00:00+09:00,2930.0,2930.0,2930.0,2930.0,0,0.0,0.0,0.0
2020-06-03 00:00:00+09:00,2930.0,2930.0,2930.0,2930.0,0,0.0,0.0,0.0
2020-06-04 00:00:00+09:00,2930.0,2930.0,2930.0,2930.0,0,0.0,0.0,0.0
2020-06-05 00:00:00+09:00,2930.0,2930.0,2930.0,2930.0,0,0.0,0.0,0.0
2020-06-08 00:00:00+09:00,2930.0,2930.0,2930.0,2930.0,0,0.0,0.0,0.0
2020-06-09 00:00:00+09:00,2930.0,2930.0,2930.0,2930.0,0,0.0,0.0,0.0
2020-06-10 00:00:00+09:00,2930.0,2930.0,2930.0,2930.0,0,0.0,0.0,0.0
2020-06-11 00:00:00+09:00,2930.0,2930.0,2930.0,2930.0,0,0.0,0.0,0.0
2020-06-12 00:00:00+09:00,2930.0,2930.0,2930.0,2930.0,0,0.0,0.0,0.0
2020-06-15 00:00:00+09:00,2930.0,2930.0,2930.0,2930.0,0,0.0,0.0,0.0
2020-06-16 00:00:00+09:00,2930.0,2930.0,2930.0,2930.0,0,0.0,0.0,0.0
2020-06-17 00:00:00+09:00,2930.0,2930.0,2930.0,2930.0,0,0.0,0.0,0.0
2020-06-18 00:00:00+09:00,2930.0,2930.0,2930.0,2930.0,0,0.0,0.0,0.0
2020-06-19 00:00:00+09:00,2930.0,2930.0,2930.0,2930.0,0,0.0,0.0,0.0
2020-06-22 00:00:00+09:00,2930.0,2930.0,2930.0,2930.0,0,0.0,0.0,0.0
2020-06-23 00:00:00+09:00,2930.0,2930.0,2930.0,2930.0,0,0.0,0.0,0.0
2020-06-24 00:00:00+09:00,2930.0,2930.0,2930.0,2930.0,0,0.0,0.0,0.0
2020-06-25 00:00:00+09:00,2930.0,2930.0,2930.0,2930.0,0,0.0,0.0,0.0
2020-06-26 00:00:00+09:00,2930.0,2930.0,2930.0,2930.0,0,0.0,0.0,0.0
2020-06-29 00:00:00+09:00,2930.0,2930.0,2930.0,2930.0,0,0.0,0.0,0.0
2020-06-30 00:00:00+09:00,2930.0,2930.0,2930.0,2930.0,0,0.0,0.0,0.0
2020-07-01 00:00:00+09:00,2930.0,2930.0,2930.0,2930.0,0,0.0,0.0,0.0
2020-07-02 00:00:00+09:00,2930.0,2930.0,2930.0,2930.0,0,0.0,0.0,0.0
2020-07-03 00:00:00+09:00,2930.0,2930.0,2930.0,2930.0,0,0.0,0.0,0.0
2020-07-06 00:00:00+09:00,2930.0,2930.0,2930.0,2930.0,0,0.0,0.0,0.0
2020-07-07 00:00:00+09:00,2930.0,2930.0,2930.0,2930.0,0,0.0,0.0,0.0
2020-07-08 00:00:00+09:00,2930.0,2930.0,2930.0,2930.0,0,0.0,0.0,0.0
2020-07-09 00:00:00+09:00,2930.0,2930.0,2930.0,2930.0,0,0.0,0.0,0.0
2020-07-10 00:00:00+09:00,2930.0,2930.0,2930.0,2930.0,0,0.0,0.0,0.0
2020-07-13 00:00:00+09:00,2930.0,2930.0,2930.0,2930.0,0,0.0,0.0,0.0
2020-07-14 00:00:00+09:00,2930.0,2930.0,2930.0,2930.0,0,0.0,0.0,0.0
2020-07-15 00:00:00+09:00,2930.0,2930.0,2930.0,2930.0,0,0.0,0.0,0.0
2020-07-16 00:00:00+09:00,2930.0,2930.0,2930.0,2930.0,0,0.0,0.0,0.0
2020-07-17 00:00:00+09:00,2930.0,2930.0,2930.0,2930.0,0,0.0,0.0,0.0
2020-07-20 00:00:00+09:00,2930.0,2930.0,2930.0,2930.0,0,0.0,0.0,0.0
2020-07-21 00:00:00+09:00,2930.0,2930.0,2930.0,2930.0,0,0.0,0.0,0.0
2020-07-22 00:00:00+09:00,2930.0,2930.0,2930.0,2930.0,0,0.0,0.0,0.0
2020-07-23 00:00:00+09:00,2930.0,2930.0,2930.0,2930.0,0,0.0,0.0,0.0
2020-07-24 00:00:00+09:00,2930.0,2930.0,2930.0,2930.0,0,0.0,0.0,0.0
2020-07-27 00:00:00+09:00,2930.0,2930.0,2930.0,2930.0,0,0.0,0.0,0.0
2020-07-28 00:00:00+09:00,2930.0,2930.0,2930.0,2930.0,0,0.0,0.0,0.0
2020-07-29 00:00:00+09:00,2930.0,2930.0,2930.0,2930.0,0,0.0,0.0,0.0
2020-07-30 00:00:00+09:00,2930.0,2930.0,2930.0,2930.0,0,0.0,0.0,0.0
2020-07-31 00:00:00+09:00,2930.0,2930.0,2930.0,2930.0,0,0.0,0.0,0.0
2020-08-03 00:00:00+09:00,2930.0,2930.0,2930.0,2930.0,0,0.0,0.0,0.0
2020-08-04 00:00:00+09:00,2930.0,2930.0,2930.0,2930.0,0,0.0,0.0,0.0
2020-08-05 00:00:00+09:00,2930.0,2930.0,2930.0,2930.0,0,0.0,0.0,0.0
2020-08-06 00:00:00+09:00,2930.0,2930.0,2930.0,2930.0,0,0.0,0.0,0.0
2020-08-07 00:00:00+09:00,2930.0,2930.0,2930.0,2930.0,0,0.0,0.0,0.0
2020-08-10 00:00:00+09:00,2930.0,2930.0,2930.0,2930.0,0,0.0,0.0,0.0
2020-08-11 00:00:00+09:00,2930.0,2930.0,2930.0,2930.0,0,0.0,0.0,0.0
2020-08-12 00:00:00+09:00,2930.0,2930.0,2930.0,2930.0,0,0.0,0.0,0.0
2020-08-13 00:00:00+09:00,2930.0,2930.0,2930.0,2930.0,0,0.0,0.0,0.0
2020-08-14 00:00:00+09:00,2930.0,2930.0,2930.0,2930.0,0,0.0,0.0,0.0
2020-08-18 00:00:00+09:00,2930.0,2930.0,2930.0,2930.0,0,0.0,0.0,0.0
2020-08-19 00:00:00+09:00,2930.0,2930.0,2930.0,2930.0,0,0.0,0.0,0.0
2020-08-20 00:00:00+09:00,2930.0,2930.0,2930.0,2930.0,0,0.0,0.0,0.0
2020-08-21 00:00:00+09:00,2930.0,2930.0,2930.0,2930.0,0,0.0,0.0,0.0
2020-08-24 00:00:00+09:00,2930.0,2930.0,2930.0,2930.0,0,0.0,0.0,0.0
2020-08-25 00:00:00+09:00,2930.0,2930.0,2930.0,2930.0,0,0.0,0.0,0.0
2020-08-26 00:00:00+09:00,2930.0,2930.0,2930.0,2930.0,0,0.0,0.0,0.0
2020-08-27 00:00:00+09:00,2930.0,2930.0,2930.0,2930.0,0,0.0,0.0,0.0
2020-08-28 00:00:00+09:00,2930.0,2930.0,2930.0,2930.0,0,0.0,0.0,0.0
2020-08-31 00:00:00+09:00,2930.0,2930.0,2930.0,2930.0,0,0.0,0.0,0.0
2020-09-01 00:00:00+09:00,2930.0,2930.0,2930.0,2930.0,0,0.0,0.0,0.0
2020-09-02 00:00:00+09:00,2930.0,2930.0,2930.0,2930.0,0,0.0,0.0,0.0
2020-09-03 00:00:00+09:00,2930.0,2930.0,2930.0,2930.0,0,0.0,0.0,0.0
2020-09-04 00:00:00+09:00,2930.0,2930.0,2930.0,2930.0,0,0.0,0.0,0.0
2020-09-07 00:00:00+09:00,2930.0,2930.0,2930.0,2930.0,0,0.0,0.0,0.0
2020-09-08 00:00:00+09:00,2930.0,2930.0,2930.0,2930.0,0,0.0,0.0,0.0
2020-09-09 00:00:00+09:00,2930.0,2930.0,2930.0,2930.0,0,0.0,0.0,0.0
2020-09-10 00:00:00+09:00,2930.0,2930.0,2930.0,2930.0,0,0.0,0.0,0.0
2020-09-11 00:00:00+09:00,2930.0,2930.0,2930.0,2930.0,0,0.0,0.0,0.0
2020-09-14 00:00:00+09:00,2930.0,2930.0,2930.0,2930.0,0,0.0,0.0,0.0
2020-09-15 00:00:00+09:00,2930.0,2930.0,2930.0,2930.0,0,0.0,0.0,0.0
2020-09-16 00:00:00+09:00,2930.0,2930.0,2930.0,2930.0,0,0.0,0.0,0.0
2020-09-17 00:00:00+09:00,2930.0,2930.0,2930.0,2930.0,0,0.0,0.0,0.0
2020-09-18 00:00:00+09:00,2930.0,2930.0,2930.0,2930.0,0,0.0,0.0,0.0
2020-09-21 00:00:00+09:00,2930.0,2930.0,2930.0,2930.0,0,0.0,0.0,0.0
2020-09-22 00:00:00+09:00,2930.0,2930.0,2930.0,2930.0,0,0.0,0.0,0.0
2020-09-23 00:00:00+09:00,2930.0,2930.0,2930.0,2930.0,0,0.0,0.0,0.0
2020-09-24 00:00:00+09:00,2930.0,2930.0,2930.0,2930.0,0,0.0,0.0,0.0
2020-09-25 00:00:00+09:00,2930.0,2930.0,2930.0,2930.0,0,0.0,0.0,0.0
2020-09-28 00:00:00+09:00,2930.0,2930.0,2930.0,2930.0,0,0.0,0.0,0.0
2020-09-29 00:00:00+09:00,2930.0,2930.0,2930.0,2930.0,0,0.0,0.0,0.0
2020-10-05 00:00:00+09:00,2930.0,2930.0,2930.0,2930.0,0,0.0,0.0,0.0
2020-10-06 00:00:00+09:00,2930.0,2930.0,2930.0,2930.0,0,0.0,0.0,0.0
2020-10-07 00:00:00+09:00,2930.0,2930.0,2930.0,2930.0,0,0.0,0.0,0.0
2020-10-08 00:00:00+09:00,2930.0,2930.0,2930.0,2930.0,0,0.0,0.0,0.0
2020-10-12 00:00:00+09:00,2930.0,2930.0,2930.0,2930.0,0,0.0,0.0,0.0
2020-10-13 00:00:00+09:00,2930.0,2930.0,2930.0,2930.0,0,0.0,0.0,0.0
2020-10-14 00:00:00+09:00,2930.0,2930.0,2930.0,2930.0,0,0.0,0.0,0.0
2020-10-15 00:00:00+09:00,2930.0,2930.0,2930.0,2930.0,0,0.0,0.0,0.0
2020-10-16 00:00:00+09:00,2930.0,2930.0,2930.0,2930.0,0,0.0,0.0,0.0
2020-10-19 00:00:00+09:00,2930.0,2930.0,2930.0,2930.0,0,0.0,0.0,0.0
2020-10-20 00:00:00+09:00,2930.0,2930.0,2930.0,2930.0,0,0.0,0.0,0.0
2020-10-21 00:00:00+09:00,2930.0,2930.0,2930.0,2930.0,0,0.0,0.0,0.0
2020-10-22 00:00:00+09:00,2930.0,2930.0,2930.0,2930.0,0,0.0,0.0,0.0
2020-10-23 00:00:00+09:00,2930.0,2930.0,2930.0,2930.0,0,0.0,0.0,0.0
2020-10-26 00:00:00+09:00,2930.0,2930.0,2930.0,2930.0,0,0.0,0.0,0.0
2020-10-27 00:00:00+09:00,2930.0,2930.0,2930.0,2930.0,0,0.0,0.0,0.0
2020-10-28 00:00:00+09:00,2930.0,2930.0,2930.0,2930.0,0,0.0,0.0,0.0
2020-10-29 00:00:00+09:00,2930.0,2930.0,2930.0,2930.0,0,0.0,0.0,0.0
2020-10-30 00:00:00+09:00,2930.0,2930.0,2930.0,2930.0,0,0.0,0.0,0.0
2020-11-02 00:00:00+09:00,2930.0,2930.0,2930.0,2930.0,0,0.0,0.0,0.0
2020-11-03 00:00:00+09:00,2930.0,2930.0,2930.0,2930.0,0,0.0,0.0,0.0
2020-11-04 00:00:00+09:00,2930.0,2930.0,2930.0,2930.0,0,0.0,0.0,0.0
2020-11-05 00:00:00+09:00,2930.0,2930.0,2930.0,2930.0,0,0.0,0.0,0.0
2020-11-06 00:00:00+09:00,2930.0,2930.0,2930.0,2930.0,0,0.0,0.0,0.0
2020-11-09 00:00:00+09:00,2930.0,2930.0,2930.0,2930.0,0,0.0,0.0,0.0
2020-11-10 00:00:00+09:00,2930.0,2930.0,2930.0,2930.0,0,0.0,0.0,0.0
2020-11-11 00:00:00+09:00,2930.0,2930.0,2930.0,2930.0,0,0.0,0.0,0.0
2020-11-12 00:00:00+09:00,2930.0,2930.0,2930.0,2930.0,0,0.0,0.0,0.0
2020-11-13 00:00:00+09:00,2930.0,2930.0,2930.0,2930.0,0,0.0,0.0,0.0
2020-11-16 00:00:00+09:00,2930.0,2930.0,2930.0,2930.0,0,0.0,0.0,0.0
2020-11-17 00:00:00+09:00,2930.0,2930.0,2930.0,2930.0,0,0.0,0.0,0.0
2020-11-18 00:00:00+09:00,2930.0,2930.0,2930.0,2930.0,0,0.0,0.0,0.0
2020-11-19 00:00:00+09:00,2930.0,2930.0,2930.0,2930.0,0,0.0,0.0,0.0
2020-11-20 00:00:00+09:00,2930.0,2930.0,2930.0,2930.0,0,0.0,0.0,0.0
2020-11-23 00:00:00+09:00,2930.0,2930.0,2930.0,2930.0,0,0.0,0.0,0.0
2020-11-24 00:00:00+09:00,2930.0,2930.0,2930.0,2930.0,0,0.0,0.0,0.0
2020-11-25 00:00:00+09:00,2930.0,2930.0,2930.0,2930.0,0,0.0,0.0,0.0
2020-11-26 00:00:00+09:00,2930.0,2930.0,2930.0,2930.0,0,0.0,0.0,0.0
2020-11-27 00:00:00+09:00,2930.0,2930.0,2930.0,2930.0,0,0.0,0.0,0.0
2020-11-30 00:00:00+09:00,2930.0,2930.0,2930.0,2930.0,0,0.0,0.0,0.0
2020-12-01 00:00:00+09:00,2930.0,2930.0,2930.0,2930.0,0,0.0,0.0,0.0
2020-12-02 00:00:00+09:00,2930.0,2930.0,2930.0,2930.0,0,0.0,0.0,0.0
2020-12-03 00:00:00+09:00,2930.0,2930.0,2930.0,2930.0,0,0.0,0.0,0.0
2020-12-04 00:00:00+09:00,2930.0,2930.0,2930.0,2930.0,0,0.0,0.0,0.0
2020-12-07 00:00:00+09:00,2930.0,2930.0,2930.0,2930.0,0,0.0,0.0,0.0
2020-12-08 00:00:00+09:00,2930.0,2930.0,2930.0,2930.0,0,0.0,0.0,0.0
2020-12-09 00:00:00+09:00,2930.0,2930.0,2930.0,2930.0,0,0.0,0.0,0.0
2020-12-10 00:00:00+09:00,2930.0,2930.0,2930.0,2930.0,0,0.0,0.0,0.0
2020-12-11 00:00:00+09:00,2930.0,2930.0,2930.0,2930.0,0,0.0,0.0,0.0
2020-12-14 00:00:00+09:00,2930.0,2930.0,2930.0,2930.0,0,0.0,0.0,0.0
2020-12-15 00:00:00+09:00,2930.0,2930.0,2930.0,2930.0,0,0.0,0.0,0.0
2020-12-16 00:00:00+09:00,2930.0,2930.0,2930.0,2930.0,0,0.0,0.0,0.0
2020-12-17 00:00:00+09:00,2930.0,2930.0,2930.0,2930.0,0,0.0,0.0,0.0
2020-12-18 00:00:00+09:00,2930.0,2930.0,2930.0,2930.0,0,0.0,0.0,0.0
2020-12-21 00:00:00+09:00,2930.0,2930.0,2930.0,2930.0,0,0.0,0.0,0.0
2020-12-22 00:00:00+09:00,2930.0,2930.0,2930.0,2930.0,0,0.0,0.0,0.0
2020-12-23 00:00:00+09:00,2930.0,2930.0,2930.0,2930.0,0,0.0,0.0,0.0
2020-12-24 00:00:00+09:00,2930.0,2930.0,2930.0,2930.0,0,0.0,0.0,0.0
2020-12-28 00:00:00+09:00,2930.0,2930.0,2930.0,2930.0,0,0.0,0.0,0.0
2020-12-29 00:00:00+09:00,2930.0,2930.0,2930.0,2930.0,0,0.0,0.0,0.0
2020-12-30 00:00:00+09:00,2930.0,2930.0,2930.0,2930.0,0,0.0,0.0,0.0
2021-01-04 00:00:00+09:00,2930.0,2930.0,2930.0,2930.0,0,0.0,0.0,0.0
2021-01-05 00:00:00+09:00,2930.0,2930.0,2930.0,2930.0,0,0.0,0.0,0.0
2021-01-06 00:00:00+09:00,2930.0,2930.0,2930.0,2930.0,0,0.0,0.0,0.0
2021-01-07 00:00:00+09:00,2930.0,2930.0,2930.0,2930.0,0,0.0,0.0,0.0
2021-01-08 00:00:00+09:00,2930.0,2930.0,2930.0,2930.0,0,0.0,0.0,0.0
2021-01-11 00:00:00+09:00,2930.0,2930.0,2930.0,2930.0,0,0.0,0.0,0.0
2021-01-12 00:00:00+09:00,2930.0,2930.0,2930.0,2930.0,0,0.0,0.0,0.0
2021-01-13 00:00:00+09:00,2930.0,2930.0,2930.0,2930.0,0,0.0,0.0,0.0
2021-01-14 00:00:00+09:00,2930.0,2930.0,2930.0,2930.0,0,0.0,0.0,0.0
2021-01-15 00:00:00+09:00,2930.0,2930.0,2930.0,2930.0,0,0.0,0.0,0.0
2021-01-18 00:00:00+09:00,2930.0,2930.0,2930.0,2930.0,0,0.0,0.0,0.0
2021-01-19 00:00:00+09:00,2930.0,2930.0,2930.0,2930.0,0,0.0,0.0,0.0
2021-01-20 00:00:00+09:00,2930.0,2930.0,2930.0,2930.0,0,0.0,0.0,0.0
2021-01-21 00:00:00+09:00,2930.0,2930.0,2930.0,2930.0,0,0.0,0.0,0.0
2021-01-22 00:00:00+09:00,2930.0,2930.0,2930.0,2930.0,0,0.0,0.0,0.0
2021-01-25 00:00:00+09:00,2930.0,2930.0,2930.0,2930.0,0,0.0,0.0,0.0
2021-01-26 00:00:00+09:00,2930.0,2930.0,2930.0,2930.0,0,0.0,0.0,0.0
2021-01-27 00:00:00+09:00,2930.0,2930.0,2930.0,2930.0,0,0.0,0.0,0.0
2021-01-28 00:00:00+09:00,2930.0,2930.0,2930.0,2930.0,0,0.0,0.0,0.0
2021-01-29 00:00:00+09:00,2930.0,2930.0,2930.0,2930.0,0,0.0,0.0,0.0
2021-02-01 00:00:00+09:00,2930.0,2930.0,2930.0,2930.0,0,0.0,0.0,0.0
2021-02-02 00:00:00+09:00,2930.0,2930.0,2930.0,2930.0,0,0.0,0.0,0.0
2021-02-03 00:00:00+09:00,2930.0,2930.0,2930.0,2930.0,0,0.0,0.0,0.0
2021-02-04 00:00:00+09:00,2930.0,2930.0,2930.0,2930.0,0,0.0,0.0,0.0
2021-02-05 00:00:00+09:00,2930.0,2930.0,2930.0,2930.0,0,0.0,0.0,0.0
2021-02-08 00:00:00+09:00,2930.0,2930.0,2930.0,2930.0,0,0.0,0.0,0.0
2021-02-09 00:00:00+09:00,2930.0,2930.0,2930.0,2930.0,0,0.0,0.0,0.0
2021-02-10 00:00:00+09:00,2930.0,2930.0,2930.0,2930.0,0,0.0,0.0,0.0
2021-02-15 00:00:00+09:00,2930.0,2930.0,2930.0,2930.0,0,0.0,0.0,0.0
2021-02-16 00:00:00+09:00,2930.0,2930.0,2930.0,2930.0,0,0.0,0.0,0.0
2021-02-17 00:00:00+09:00,2930.0,2930.0,2930.0,2930.0,0,0.0,0.0,0.0
2021-02-18 00:00:00+09:00,2930.0,2930.0,2930.0,2930.0,0,0.0,0.0,0.0
2021-02-19 00:00:00+09:00,2930.0,2930.0,2930.0,2930.0,0,0.0,0.0,0.0
2021-02-22 00:00:00+09:00,2930.0,2930.0,2930.0,2930.0,0,0.0,0.0,0.0
2021-02-23 00:00:00+09:00,2930.0,2930.0,2930.0,2930.0,0,0.0,0.0,0.0
2021-02-24 00:00:00+09:00,2930.0,2930.0,2930.0,2930.0,0,0.0,0.0,0.0
2021-02-25 00:00:00+09:00,2930.0,2930.0,2930.0,2930.0,0,0.0,0.0,0.0
2021-02-26 00:00:00+09:00,2930.0,2930.0,2930.0,2930.0,0,0.0,0.0,0.0
2021-03-02 00:00:00+09:00,2930.0,2930.0,2930.0,2930.0,0,0.0,0.0,0.0
2021-03-03 00:00:00+09:00,2930.0,2930.0,2930.0,2930.0,0,0.0,0.0,0.0
2021-03-04 00:00:00+09:00,2930.0,2930.0,2930.0,2930.0,0,0.0,0.0,0.0
2021-03-05 00:00:00+09:00,2930.0,2930.0,2930.0,2930.0,0,0.0,0.0,0.0
2021-03-08 00:00:00+09:00,2930.0,2930.0,2930.0,2930.0,0,0.0,0.0,0.0
2021-03-09 00:00:00+09:00,2930.0,2930.0,2930.0,2930.0,0,0.0,0.0,0.0
2021-03-10 00:00:00+09:00,2930.0,2930.0,2930.0,2930.0,0,0.0,0.0,0.0
2021-03-11 00:00:00+09:00,2930.0,2930.0,2930.0,2930.0,0,0.0,0.0,0.0
2021-03-12 00:00:00+09:00,2930.0,2930.0,2930.0,2930.0,0,0.0,0.0,0.0
2021-03-15 00:00:00+09:00,2930.0,2930.0,2930.0,2930.0,0,0.0,0.0,0.0
2021-03-16 00:00:00+09:00,2930.0,2930.0,2930.0,2930.0,0,0.0,0.0,0.0
2021-03-17 00:00:00+09:00,2930.0,2930.0,2930.0,2930.0,0,0.0,0.0,0.0
2021-03-18 00:00:00+09:00,2930.0,2930.0,2930.0,2930.0,0,0.0,0.0,0.0
2021-03-19 00:00:00+09:00,2930.0,2930.0,2930.0,2930.0,0,0.0,0.0,0.0
2021-03-22 00:00:00+09:00,2930.0,2930.0,2930.0,2930.0,0,0.0,0.0,0.0
2021-03-23 00:00:00+09:00,2930.0,2930.0,2930.0,2930.0,0,0.0,0.0,0.0
2021-03-24 00:00:00+09:00,2930.0,2930.0,2930.0,2930.0,0,0.0,0.0,0.0
2021-03-25 00:00:00+09:00,2930.0,2930.0,2930.0,2930.0,0,0.0,0.0,0.0
2021-03-26 00:00:00+09:00,2930.0,2930.0,2930.0,2930.0,0,0.0,0.0,0.0
2021-03-29 00:00:00+09:00,2930.0,2930.0,2930.0,2930.0,0,0.0,0.0,0.0
2021-03-30 00:00:00+09:00,2930.0,2930.0,2930.0,2930.0,0,0.0,0.0,0.0
2021-03-31 00:00:00+09:00,2930.0,2930.0,2930.0,2930.0,0,0.0,0.0,0.0
2021-04-01 00:00:00+09:00,2930.0,2930.0,2930.0,2930.0,0,0.0,0.0,0.0
2021-04-02 00:00:00+09:00,2930.0,2930.0,2930.0,2930.0,0,0.0,0.0,0.0
2021-04-05 00:00:00+09:00,2930.0,2930.0,2930.0,2930.0,0,0.0,0.0,0.0
2021-04-06 00:00:00+09:00,2930.0,2930.0,2930.0,2930.0,0,0.0,0.0,0.0
2021-04-07 00:00:00+09:00,2930.0,2930.0,2930.0,2930.0,0,0.0,0.0,0.0
2021-04-08 00:00:00+09:00,2930.0,2930.0,2930.0,2930.0,0,0.0,0.0,0.0
2021-04-09 00:00:00+09:00,2930.0,2930.0,2930.0,2930.0,0,0.0,0.0,0.0
2021-04-12 00:00:00+09:00,2930.0,2930.0,2930.0,2930.0,0,0.0,0.0,0.0
2021-04-13 00:00:00+09:00,2930.0,2930.0,2930.0,2930.0,0,0.0,0.0,0.0
2021-04-14 00:00:00+09:00,2930.0,2930.0,2930.0,2930.0,0,0.0,0.0,0.0
2021-04-15 00:00:00+09:00,2930.0,2930.0,2930.0,2930.0,0,0.0,0.0,0.0
2021-04-16 00:00:00+09:00,2930.0,2930.0,2930.0,2930.0,0,0.0,0.0,0.0
2021-04-19 00:00:00+09:00,2930.0,2930.0,2930.0,2930.0,0,0.0,0.0,0.0
2021-04-20 00:00:00+09:00,2930.0,2930.0,2930.0,2930.0,0,0.0,0.0,0.0
2021-04-21 00:00:00+09:00,2930.0,2930.0,2930.0,2930.0,0,0.0,0.0,0.0
2021-04-22 00:00:00+09:00,2930.0,2930.0,2930.0,2930.0,0,0.0,0.0,0.0
2021-04-23 00:00:00+09:00,2930.0,2930.0,2930.0,2930.0,0,0.0,0.0,0.0
2021-04-26 00:00:00+09:00,2930.0,2930.0,2930.0,2930.0,0,0.0,0.0,0.0
2021-04-27 00:00:00+09:00,2930.0,2930.0,2930.0,2930.0,0,0.0,0.0,0.0
2021-04-28 00:00:00+09:00,2930.0,2930.0,2930.0,2930.0,0,0.0,0.0,0.0
2021-04-29 00:00:00+09:00,2930.0,2930.0,2930.0,2930.0,0,0.0,0.0,0.0
2021-04-30 00:00:00+09:00,2930.0,2930.0,2930.0,2930.0,0,0.0,0.0,0.0
2021-05-03 00:00:00+09:00,2930.0,2930.0,2930.0,2930.0,0,0.0,0.0,0.0
2021-05-04 00:00:00+09:00,2930.0,2930.0,2930.0,2930.0,0,0.0,0.0,0.0
2021-05-06 00:00:00+09:00,2930.0,2930.0,2930.0,2930.0,0,0.0,0.0,0.0
2021-05-07 00:00:00+09:00,2930.0,2930.0,2930.0,2930.0,0,0.0,0.0,0.0
2021-05-10 00:00:00+09:00,2930.0,2930.0,2930.0,2930.0,0,0.0,0.0,0.0
2021-05-11 00:00:00+09:00,2930.0,2930.0,2930.0,2930.0,0,0.0,0.0,0.0
2021-05-12 00:00:00+09:00,2930.0,2930.0,2930.0,2930.0,0,0.0,0.0,0.0
2021-05-13 00:00:00+09:00,2930.0,2930.0,2930.0,2930.0,0,0.0,0.0,0.0
2021-05-14 00:00:00+09:00,2930.0,2930.0,2930.0,2930.0,0,0.0,0.0,0.0
2021-05-17 00:00:00+09:00,2930.0,2930.0,2930.0,2930.0,0,0.0,0.0,0.0
2021-05-18 00:00:00+09:00,2930.0,2930.0,2930.0,2930.0,0,0.0,0.0,0.0
2021-05-20 00:00:00+09:00,2930.0,2930.0,2930.0,2930.0,0,0.0,0.0,0.0
2021-05-21 00:00:00+09:00,2930.0,2930.0,2930.0,2930.0,0,0.0,0.0,0.0
2021-05-24 00:00:00+09:00,2930.0,2930.0,2930.0,2930.0,0,0.0,0.0,0.0
2021-05-25 00:00:00+09:00,2930.0,2930.0,2930.0,2930.0,0,0.0,0.0,0.0
2021-05-26 00:00:00+09:00,2930.0,2930.0,2930.0,2930.0,0,0.0,0.0,0.0
2021-05-27 00:00:00+09:00,2930.0,2930.0,2930.0,2930.0,0,0.0,0.0,0.0
2021-05-28 00:00:00+09:00,2930.0,2930.0,2930.0,2930.0,0,0.0,0.0,0.0
2021-05-31 00:00:00+09:00,2930.0,2930.0,2930.0,2930.0,0,0.0,0.0,0.0
2021-06-01 00:00:00+09:00,2930.0,2930.0,2930.0,2930.0,0,0.0,0.0,0.0
2021-06-02 00:00:00+09:00,2930.0,2930.0,2930.0,2930.0,0,0.0,0.0,0.0
2021-06-03 00:00:00+09:00,2930.0,2930.0,2930.0,2930.0,0,0.0,0.0,0.0
2021-06-04 00:00:00+09:00,2930.0,2930.0,2930.0,2930.0,0,0.0,0.0,0.0
2021-06-07 00:00:00+09:00,2930.0,2930.0,2930.0,2930.0,0,0.0,0.0,0.0
2021-06-08 00:00:00+09:00,2930.0,2930.0,2930.0,2930.0,0,0.0,0.0,0.0
2021-06-09 00:00:00+09:00,2930.0,2930.0,2930.0,2930.0,0,0.0,0.0,0.0
2021-06-10 00:00:00+09:00,2930.0,2930.0,2930.0,2930.0,0,0.0,0.0,0.0
2021-06-11 00:00:00+09:00,2930.0,2930.0,2930.0,2930.0,0,0.0,0.0,0.0
2021-06-14 00:00:00+09:00,2930.0,2930.0,2930.0,2930.0,0,0.0,0.0,0.0
2021-06-15 00:00:00+09:00,2930.0,2930.0,2930.0,2930.0,0,0.0,0.0,0.0
2021-06-16 00:00:00+09:00,2930.0,2930.0,2930.0,2930.0,0,0.0,0.0,0.0
2021-06-17 00:00:00+09:00,2930.0,2930.0,2930.0,2930.0,0,0.0,0.0,0.0
2021-06-18 00:00:00+09:00,2930.0,2930.0,2930.0,2930.0,0,0.0,0.0,0.0
2021-06-21 00:00:00+09:00,2930.0,2930.0,2930.0,2930.0,0,0.0,0.0,0.0
2021-06-22 00:00:00+09:00,2930.0,2930.0,2930.0,2930.0,0,0.0,0.0,0.0
2021-06-23 00:00:00+09:00,2930.0,2930.0,2930.0,2930.0,0,0.0,0.0,0.0
2021-06-24 00:00:00+09:00,2930.0,2930.0,2930.0,2930.0,0,0.0,0.0,0.0
2021-06-25 00:00:00+09:00,2930.0,2930.0,2930.0,2930.0,0,0.0,0.0,0.0
2021-06-28 00:00:00+09:00,2930.0,2930.0,2930.0,2930.0,0,0.0,0.0,0.0
2021-06-29 00:00:00+09:00,2930.0,2930.0,2930.0,2930.0,0,0.0,0.0,0.0
2021-06-30 00:00:00+09:00,2930.0,2930.0,2930.0,2930.0,0,0.0,0.0,0.0
2021-07-01 00:00:00+09:00,2930.0,2930.0,2930.0,2930.0,0,0.0,0.0,0.0
2021-07-02 00:00:00+09:00,2930.0,2930.0,2930.0,2930.0,0,0.0,0.0,0.0
2021-07-05 00:00:00+09:00,2930.0,2930.0,2930.0,2930.0,0,0.0,0.0,0.0
2021-07-06 00:00:00+09:00,2930.0,2930.0,2930.0,2930.0,0,0.0,0.0,0.0
2021-07-07 00:00:00+09:00,2930.0,2930.0,2930.0,2930.0,0,0.0,0.0,0.0
2021-07-08 00:00:00+09:00,2930.0,2930.0,2930.0,2930.0,0,0.0,0.0,0.0
2021-07-09 00:00:00+09:00,2930.0,2930.0,2930.0,2930.0,0,0.0,0.0,0.0
2021-07-12 00:00:00+09:00,2930.0,2930.0,2930.0,2930.0,0,0.0,0.0,0.0
2021-07-13 00:00:00+09:00,2930.0,2930.0,2930.0,2930.0,0,0.0,0.0,0.0
2021-07-14 00:00:00+09:00,2930.0,2930.0,2930.0,2930.0,0,0.0,0.0,0.0
2021-07-15 00:00:00+09:00,2930.0,2930.0,2930.0,2930.0,0,0.0,0.0,0.0
2021-07-16 00:00:00+09:00,2930.0,2930.0,2930.0,2930.0,0,0.0,0.0,0.0
2021-07-19 00:00:00+09:00,2930.0,2930.0,2930.0,2930.0,0,0.0,0.0,0.0
2021-07-20 00:00:00+09:00,2930.0,2930.0,2930.0,2930.0,0,0.0,0.0,0.0
2021-07-21 00:00:00+09:00,2930.0,2930.0,2930.0,2930.0,0,0.0,0.0,0.0
2021-07-22 00:00:00+09:00,2930.0,2930.0,2930.0,2930.0,0,0.0,0.0,0.0
2021-07-23 00:00:00+09:00,2930.0,2930.0,2930.0,2930.0,0,0.0,0.0,0.0
2021-07-26 00:00:00+09:00,2930.0,2930.0,2930.0,2930.0,0,0.0,0.0,0.0
2021-07-27 00:00:00+09:00,2930.0,2930.0,2930.0,2930.0,0,0.0,0.0,0.0
2021-07-28 00:00:00+09:00,2930.0,2930.0,2930.0,2930.0,0,0.0,0.0,0.0
2021-07-29 00:00:00+09:00,2930.0,2930.0,2930.0,2930.0,0,0.0,0.0,0.0
2021-07-30 00:00:00+09:00,2930.0,2930.0,2930.0,2930.0,0,0.0,0.0,0.0
2021-08-02 00:00:00+09:00,2930.0,2930.0,2930.0,2930.0,0,0.0,0.0,0.0
2021-08-03 00:00:00+09:00,2930.0,2930.0,2930.0,2930.0,0,0.0,0.0,0.0
2021-08-04 00:00:00+09:00,2930.0,2930.0,2930.0,2930.0,0,0.0,0.0,0.0
2021-08-05 00:00:00+09:00,2930.0,2930.0,2930.0,2930.0,0,0.0,0.0,0.0
2021-08-06 00:00:00+09:00,2930.0,2930.0,2930.0,2930.0,0,0.0,0.0,0.0
2021-08-09 00:00:00+09:00,2930.0,2930.0,2930.0,2930.0,0,0.0,0.0,0.0
2021-08-10 00:00:00+09:00,2930.0,2930.0,2930.0,2930.0,0,0.0,0.0,0.0
2021-08-11 00:00:00+09:00,2930.0,2930.0,2930.0,2930.0,0,0.0,0.0,0.0
2021-08-12 00:00:00+09:00,2930.0,2930.0,2930.0,2930.0,0,0.0,0.0,0.0
2021-08-13 00:00:00+09:00,2930.0,2930.0,2930.0,2930.0,0,0.0,0.0,0.0
2021-08-17 00:00:00+09:00,2930.0,2930.0,2930.0,2930.0,0,0.0,0.0,0.0
2021-08-18 00:00:00+09:00,2930.0,2930.0,2930.0,2930.0,0,0.0,0.0,0.0
2021-08-19 00:00:00+09:00,2930.0,2930.0,2930.0,2930.0,0,0.0,0.0,0.0
2021-08-20 00:00:00+09:00,2930.0,2930.0,2930.0,2930.0,0,0.0,0.0,0.0
2021-08-23 00:00:00+09:00,2930.0,2930.0,2930.0,2930.0,0,0.0,0.0,0.0
2021-08-24 00:00:00+09:00,2930.0,2930.0,2930.0,2930.0,0,0.0,0.0,0.0
2021-08-25 00:00:00+09:00,2930.0,2930.0,2930.0,2930.0,0,0.0,0.0,0.0
2021-08-26 00:00:00+09:00,2930.0,2930.0,2930.0,2930.0,0,0.0,0.0,0.0
2021-08-27 00:00:00+09:00,2930.0,2930.0,2930.0,2930.0,0,0.0,0.0,0.0
2021-08-30 00:00:00+09:00,2930.0,2930.0,2930.0,2930.0,0,0.0,0.0,0.0
2021-08-31 00:00:00+09:00,2930.0,2930.0,2930.0,2930.0,0,0.0,0.0,0.0
2021-09-01 00:00:00+09:00,2930.0,2930.0,2930.0,2930.0,0,0.0,0.0,0.0
2021-09-02 00:00:00+09:00,2930.0,2930.0,2930.0,2930.0,0,0.0,0.0,0.0
2021-09-03 00:00:00+09:00,2930.0,2930.0,2930.0,2930.0,0,0.0,0.0,0.0
2021-09-06 00:00:00+09:00,2930.0,2930.0,2930.0,2930.0,0,0.0,0.0,0.0
2021-09-07 00:00:00+09:00,2930.0,2930.0,2930.0,2930.0,0,0.0,0.0,0.0
2021-09-08 00:00:00+09:00,2930.0,2930.0,2930.0,2930.0,0,0.0,0.0,0.0
2021-09-09 00:00:00+09:00,2930.0,2930.0,2930.0,2930.0,0,0.0,0.0,0.0
2021-09-10 00:00:00+09:00,2930.0,2930.0,2930.0,2930.0,0,0.0,0.0,0.0
2021-09-13 00:00:00+09:00,2930.0,2930.0,2930.0,2930.0,0,0.0,0.0,0.0
2021-09-14 00:00:00+09:00,2930.0,2930.0,2930.0,2930.0,0,0.0,0.0,0.0
2021-09-15 00:00:00+09:00,2930.0,2930.0,2930.0,2930.0,0,0.0,0.0,0.0
2021-09-16 00:00:00+09:00,2930.0,2930.0,2930.0,2930.0,0,0.0,0.0,0.0
2021-09-17 00:00:00+09:00,2930.0,2930.0,2930.0,2930.0,0,0.0,0.0,0.0
2021-09-23 00:00:00+09:00,2930.0,2930.0,2930.0,2930.0,0,0.0,0.0,0.0
2021-09-24 00:00:00+09:00,2930.0,2930.0,2930.0,2930.0,0,0.0,0.0,0.0
2021-09-27 00:00:00+09:00,2930.0,2930.0,2930.0,2930.0,0,0.0,0.0,0.0
2021-09-28 00:00:00+09:00,2930.0,2930.0,2930.0,2930.0,0,0.0,0.0,0.0
2021-09-29 00:00:00+09:00,2930.0,2930.0,2930.0,2930.0,0,0.0,0.0,0.0
2021-09-30 00:00:00+09:00,2930.0,2930.0,2930.0,2930.0,0,0.0,0.0,0.0
2021-10-01 00:00:00+09:00,2930.0,2930.0,2930.0,2930.0,0,0.0,0.0,0.0
2021-10-05 00:00:00+09:00,2930.0,2930.0,2930.0,2930.0,0,0.0,0.0,0.0
2021-10-06 00:00:00+09:00,2930.0,2930.0,2930.0,2930.0,0,0.0,0.0,0.0
2021-10-07 00:00:00+09:00,2930.0,2930.0,2930.0,2930.0,0,0.0,0.0,0.0
2021-10-08 00:00:00+09:00,2930.0,2930.0,2930.0,2930.0,0,0.0,0.0,0.0
2021-10-12 00:00:00+09:00,2930.0,2930.0,2930.0,2930.0,0,0.0,0.0,0.0
2021-10-13 00:00:00+09:00,2930.0,2930.0,2930.0,2930.0,0,0.0,0.0,0.0
2021-10-14 00:00:00+09:00,2930.0,2930.0,2930.0,2930.0,0,0.0,0.0,0.0
2021-10-15 00:00:00+09:00,2930.0,2930.0,2930.0,2930.0,0,0.0,0.0,0.0
2021-10-18 00:00:00+09:00,2930.0,2930.0,2930.0,2930.0,0,0.0,0.0,0.0
2021-10-19 00:00:00+09:00,2930.0,2930.0,2930.0,2930.0,0,0.0,0.0,0.0
2021-10-20 00:00:00+09:00,2930.0,2930.0,2930.0,2930.0,0,0.0,0.0,0.0
2021-10-21 00:00:00+09:00,2930.0,2930.0,2930.0,2930.0,0,0.0,0.0,0.0
2021-10-22 00:00:00+09:00,2930.0,2930.0,2930.0,2930.0,0,0.0,0.0,0.0
2021-10-25 00:00:00+09:00,2930.0,2930.0,2930.0,2930.0,0,0.0,0.0,0.0
2021-10-26 00:00:00+09:00,2930.0,2930.0,2930.0,2930.0,0,0.0,0.0,0.0
2021-10-27 00:00:00+09:00,2930.0,2930.0,2930.0,2930.0,0,0.0,0.0,0.0
2021-10-28 00:00:00+09:00,2930.0,2930.0,2930.0,2930.0,0,0.0,0.0,0.0
2021-10-29 00:00:00+09:00,2930.0,2930.0,2930.0,2930.0,0,0.0,0.0,0.0
2021-11-01 00:00:00+09:00,2930.0,2930.0,2930.0,2930.0,0,0.0,0.0,0.0
2021-11-02 00:00:00+09:00,2930.0,2930.0,2930.0,2930.0,0,0.0,0.0,0.0
2021-11-03 00:00:00+09:00,2930.0,2930.0,2930.0,2930.0,0,0.0,0.0,0.0
2021-11-04 00:00:00+09:00,2930.0,2930.0,2930.0,2930.0,0,0.0,0.0,0.0
2021-11-05 00:00:00+09:00,2930.0,2930.0,2930.0,2930.0,0,0.0,0.0,0.0
2021-11-08 00:00:00+09:00,2930.0,2930.0,2930.0,2930.0,0,0.0,0.0,0.0
2021-11-09 00:00:00+09:00,2930.0,2930.0,2930.0,2930.0,0,0.0,0.0,0.0
2021-11-10 00:00:00+09:00,2930.0,2930.0,2930.0,2930.0,0,0.0,0.0,0.0
2021-11-11 00:00:00+09:00,2930.0,2930.0,2930.0,2930.0,0,0.0,0.0,0.0
2021-11-12 00:00:00+09:00,2930.0,2930.0,2930.0,2930.0,0,0.0,0.0,0.0
2021-11-15 00:00:00+09:00,2930.0,2930.0,2930.0,2930.0,0,0.0,0.0,0.0
2021-11-16 00:00:00+09:00,2930.0,2930.0,2930.0,2930.0,0,0.0,0.0,0.0
2021-11-17 00:00:00+09:00,2930.0,2930.0,2930.0,2930.0,0,0.0,0.0,0.0
2021-11-18 00:00:00+09:00,2930.0,2930.0,2930.0,2930.0,0,0.0,0.0,0.0
2021-11-19 00:00:00+09:00,2930.0,2930.0,2930.0,2930.0,0,0.0,0.0,0.0
2021-11-22 00:00:00+09:00,2930.0,2930.0,2930.0,2930.0,0,0.0,0.0,0.0
2021-11-23 00:00:00+09:00,2930.0,2930.0,2930.0,2930.0,0,0.0,0.0,0.0
2021-11-24 00:00:00+09:00,2930.0,2930.0,2930.0,2930.0,0,0.0,0.0,0.0
2021-11-25 00:00:00+09:00,2930.0,2930.0,2930.0,2930.0,0,0.0,0.0,0.0
2021-11-26 00:00:00+09:00,2930.0,2930.0,2930.0,2930.0,0,0.0,0.0,0.0
2021-11-29 00:00:00+09:00,2930.0,2930.0,2930.0,2930.0,0,0.0,0.0,0.0
2021-11-30 00:00:00+09:00,2930.0,2930.0,2930.0,2930.0,0,0.0,0.0,0.0
2021-12-01 00:00:00+09:00,2930.0,2930.0,2930.0,2930.0,0,0.0,0.0,0.0
2021-12-02 00:00:00+09:00,2930.0,2930.0,2930.0,2930.0,0,0.0,0.0,0.0
2021-12-03 00:00:00+09:00,2930.0,2930.0,2930.0,2930.0,0,0.0,0.0,0.0
2021-12-06 00:00:00+09:00,2930.0,2930.0,2930.0,2930.0,0,0.0,0.0,0.0
2021-12-07 00:00:00+09:00,2930.0,2930.0,2930.0,2930.0,0,0.0,0.0,0.0
2021-12-08 00:00:00+09:00,2930.0,2930.0,2930.0,2930.0,0,0.0,0.0,0.0
2021-12-09 00:00:00+09:00,2700.0,2700.0,2700.0,2700.0,10,0.0,0.0,0.0
2021-12-10 00:00:00+09:00,2600.0,2600.0,2295.0,2295.0,92,0.0,0.0,0.0
2021-12-13 00:00:00+09:00,1955.0,1955.0,1955.0,1955.0,57,0.0,0.0,0.0
2021-12-14 00:00:00+09:00,1665.0,1665.0,1665.0,1665.0,10,0.0,0.0,0.0
2021-12-15 00:00:00+09:00,1420.0,1420.0,1420.0,1420.0,3,0.0,0.0,0.0
2021-12-16 00:00:00+09:00,1210.0,1210.0,1210.0,1210.0,12,0.0,0.0,0.0
2021-12-17 00:00:00+09:00,1030.0,1390.0,1030.0,1030.0,7353,0.0,0.0,0.0
2021-12-20 00:00:00+09:00,1175.0,1180.0,880.0,880.0,2473,0.0,0.0,0.0
2021-12-21 00:00:00+09:00,748.0,989.0,748.0,950.0,24417,0.0,0.0,0.0
2021-12-22 00:00:00+09:00,998.0,998.0,814.0,988.0,21141,0.0,0.0,0.0
2021-12-23 00:00:00+09:00,842.0,969.0,840.0,899.0,7188,0.0,0.0,0.0
2021-12-24 00:00:00+09:00,897.0,999.0,788.0,788.0,9995,0.0,0.0,0.0
2021-12-27 00:00:00+09:00,889.0,889.0,675.0,814.0,8748,0.0,0.0,0.0
2021-12-28 00:00:00+09:00,810.0,810.0,730.0,779.0,15940,0.0,0.0,0.0
2021-12-29 00:00:00+09:00,770.0,878.0,663.0,878.0,79804,0.0,0.0,0.0
2021-12-30 00:00:00+09:00,849.0,849.0,755.0,827.0,16073,0.0,0.0,0.0
2022-01-04 00:00:00+09:00,800.0,800.0,752.0,789.0,43638,0.0,0.0,0.0
2022-01-05 00:00:00+09:00,860.0,860.0,715.0,834.0,3887,0.0,0.0,0.0
2022-01-06 00:00:00+09:00,799.0,899.0,726.0,789.0,4148,0.0,0.0,0.0
2022-01-07 00:00:00+09:00,885.0,885.0,713.0,879.0,103,0.0,0.0,0.0
2022-01-10 00:00:00+09:00,879.0,879.0,748.0,801.0,9555,0.0,0.0,0.0
2022-01-11 00:00:00+09:00,799.0,799.0,692.0,767.0,23627,0.0,0.0,0.0
2022-01-12 00:00:00+09:00,798.0,798.0,745.0,769.0,12,0.0,0.0,0.0
2022-01-13 00:00:00+09:00,798.0,798.0,798.0,798.0,1,0.0,0.0,0.0
2022-01-14 00:00:00+09:00,797.0,797.0,797.0,797.0,1,0.0,0.0,0.0
2022-01-17 00:00:00+09:00,799.0,799.0,799.0,799.0,1,0.0,0.0,0.0
2022-01-18 00:00:00+09:00,799.0,799.0,680.0,730.0,16195,0.0,0.0,0.0
2022-01-19 00:00:00+09:00,700.0,730.0,700.0,729.0,12,0.0,0.0,0.0
2022-01-20 00:00:00+09:00,729.0,729.0,623.0,729.0,3,0.0,0.0,0.0
2022-01-21 00:00:00+09:00,799.0,799.0,633.0,793.0,102,0.0,0.0,0.0
2022-01-24 00:00:00+09:00,748.0,748.0,680.0,746.0,2019,0.0,0.0,0.0
2022-01-25 00:00:00+09:00,701.0,799.0,701.0,799.0,11,0.0,0.0,0.0
2022-01-26 00:00:00+09:00,799.0,799.0,799.0,799.0,0,0.0,0.0,0.0
2022-01-27 00:00:00+09:00,699.0,699.0,699.0,699.0,388,0.0,0.0,0.0
2022-01-28 00:00:00+09:00,700.0,700.0,700.0,700.0,4662,0.0,0.0,0.0
2022-02-03 00:00:00+09:00,799.0,799.0,610.0,700.0,3752,0.0,0.0,0.0
2022-02-04 00:00:00+09:00,700.0,800.0,700.0,788.0,1504,0.0,0.0,0.0
2022-02-07 00:00:00+09:00,800.0,800.0,800.0,800.0,1,0.0,0.0,0.0
2022-02-08 00:00:00+09:00,800.0,800.0,800.0,800.0,0,0.0,0.0,0.0
2022-02-09 00:00:00+09:00,800.0,850.0,800.0,850.0,2502,0.0,0.0,0.0
2022-02-10 00:00:00+09:00,900.0,900.0,838.0,838.0,6212,0.0,0.0,0.0
2022-02-11 00:00:00+09:00,959.0,959.0,716.0,723.0,2735,0.0,0.0,0.0
2022-02-14 00:00:00+09:00,829.0,829.0,723.0,723.0,2604,0.0,0.0,0.0
2022-02-15 00:00:00+09:00,828.0,828.0,700.0,822.0,3392,0.0,0.0,0.0
2022-02-16 00:00:00+09:00,899.0,900.0,800.0,820.0,1616,0.0,0.0,0.0
2022-02-17 00:00:00+09:00,900.0,900.0,750.0,899.0,2054,0.0,0.0,0.0
2022-02-18 00:00:00+09:00,899.0,899.0,899.0,899.0,1,0.0,0.0,0.0
2022-02-21 00:00:00+09:00,899.0,899.0,899.0,899.0,1,0.0,0.0,0.0
2022-02-22 00:00:00+09:00,899.0,899.0,899.0,899.0,0,0.0,0.0,0.0
2022-02-23 00:00:00+09:00,899.0,899.0,889.0,889.0,160,0.0,0.0,0.0
2022-02-24 00:00:00+09:00,889.0,889.0,889.0,889.0,1,0.0,0.0,0.0
2022-02-25 00:00:00+09:00,889.0,889.0,889.0,889.0,0,0.0,0.0,0.0
2022-02-28 00:00:00+09:00,889.0,889.0,889.0,889.0,0,0.0,0.0,0.0
2022-03-02 00:00:00+09:00,900.0,1030.0,899.0,1025.0,1233,0.0,0.0,0.0
2022-03-03 00:00:00+09:00,1050.0,1100.0,895.0,920.0,1565,0.0,0.0,0.0
2022-03-04 00:00:00+09:00,920.0,920.0,920.0,920.0,0,0.0,0.0,0.0
2022-03-07 00:00:00+09:00,950.0,950.0,950.0,950.0,10,0.0,0.0,0.0
2022-03-08 00:00:00+09:00,940.0,1000.0,831.0,1000.0,410,0.0,0.0,0.0
2022-03-10 00:00:00+09:00,1000.0,1000.0,1000.0,1000.0,0,0.0,0.0,0.0
2022-03-11 00:00:00+09:00,901.0,999.0,850.0,851.0,6563,0.0,0.0,0.0
2022-03-14 00:00:00+09:00,900.0,970.0,735.0,821.0,4033,0.0,0.0,0.0
2022-03-15 00:00:00+09:00,821.0,821.0,821.0,821.0,0,0.0,0.0,0.0
2022-03-16 00:00:00+09:00,821.0,821.0,821.0,821.0,0,0.0,0.0,0.0
2022-03-17 00:00:00+09:00,821.0,821.0,821.0,821.0,0,0.0,0.0,0.0
2022-03-18 00:00:00+09:00,635.0,798.0,635.0,667.0,3213,0.0,0.0,0.0
2022-03-21 00:00:00+09:00,667.0,667.0,667.0,667.0,0,0.0,0.0,0.0
2022-03-22 00:00:00+09:00,650.0,798.0,650.0,788.0,1020,0.0,0.0,0.0
2022-03-23 00:00:00+09:00,799.0,799.0,680.0,792.0,693,0.0,0.0,0.0
2022-03-24 00:00:00+09:00,799.0,879.0,790.0,878.0,1548,0.0,0.0,0.0
2022-03-25 00:00:00+09:00,899.0,899.0,800.0,896.0,1183,0.0,0.0,0.0
2022-03-28 00:00:00+09:00,900.0,900.0,898.0,899.0,2393,0.0,0.0,0.0
2022-03-29 00:00:00+09:00,830.0,900.0,787.0,787.0,52,0.0,0.0,0.0
2022-03-30 00:00:00+09:00,787.0,787.0,787.0,787.0,30,0.0,0.0,0.0
2022-03-31 00:00:00+09:00,701.0,896.0,701.0,896.0,30,0.0,0.0,0.0
2022-04-01 00:00:00+09:00,899.0,899.0,898.0,898.0,3000,0.0,0.0,0.0
2022-04-04 00:00:00+09:00,898.0,898.0,898.0,898.0,719,0.0,0.0,0.0
2022-04-05 00:00:00+09:00,900.0,1030.0,900.0,1030.0,9343,0.0,0.0,0.0
2022-04-06 00:00:00+09:00,1180.0,1180.0,1100.0,1180.0,9235,0.0,0.0,0.0
2022-04-07 00:00:00+09:00,1350.0,1350.0,1005.0,1265.0,36203,0.0,0.0,0.0
2022-04-08 00:00:00+09:00,1090.0,1270.0,1080.0,1080.0,1198,0.0,0.0,0.0
2022-04-11 00:00:00+09:00,1080.0,1195.0,925.0,1190.0,274,0.0,0.0,0.0
2022-04-12 00:00:00+09:00,1200.0,1200.0,1200.0,1200.0,5,0.0,0.0,0.0
2022-04-13 00:00:00+09:00,1290.0,1290.0,1290.0,1290.0,15,0.0,0.0,0.0
2022-04-14 00:00:00+09:00,1100.0,1250.0,1100.0,1175.0,4385,0.0,0.0,0.0
2022-04-15 00:00:00+09:00,1230.0,1230.0,1230.0,1230.0,11,0.0,0.0,0.0
2022-04-18 00:00:00+09:00,1050.0,1220.0,1050.0,1120.0,923,0.0,0.0,0.0
2022-04-19 00:00:00+09:00,1195.0,1195.0,1030.0,1105.0,53,0.0,0.0,0.0
2022-04-20 00:00:00+09:00,1160.0,1160.0,950.0,1160.0,179,0.0,0.0,0.0
2022-04-21 00:00:00+09:00,1200.0,1200.0,990.0,1040.0,7120,0.0,0.0,0.0
2022-04-22 00:00:00+09:00,1045.0,1090.0,1045.0,1075.0,1508,0.0,0.0,0.0
2022-04-25 00:00:00+09:00,1090.0,1090.0,1075.0,1075.0,56,0.0,0.0,0.0
2022-04-26 00:00:00+09:00,1070.0,1070.0,1040.0,1040.0,233,0.0,0.0,0.0
2022-04-27 00:00:00+09:00,1015.0,1015.0,916.0,922.0,2181,0.0,0.0,0.0
2022-04-28 00:00:00+09:00,996.0,996.0,993.0,995.0,386,0.0,0.0,0.0
2022-04-29 00:00:00+09:00,995.0,1030.0,995.0,1030.0,755,0.0,0.0,0.0
2022-05-02 00:00:00+09:00,1030.0,1180.0,1030.0,1105.0,2673,0.0,0.0,0.0
2022-05-03 00:00:00+09:00,1100.0,1100.0,1005.0,1085.0,8078,0.0,0.0,0.0
2022-05-04 00:00:00+09:00,1195.0,1195.0,1195.0,1195.0,1,0.0,0.0,0.0
2022-05-06 00:00:00+09:00,1200.0,1210.0,1020.0,1100.0,9757,0.0,0.0,0.0
2022-05-10 00:00:00+09:00,1100.0,1190.0,1010.0,1095.0,3046,0.0,0.0,0.0
2022-05-11 00:00:00+09:00,1085.0,1085.0,1010.0,1085.0,2007,0.0,0.0,0.0
2022-05-12 00:00:00+09:00,1005.0,1190.0,1005.0,1190.0,1001,0.0,0.0,0.0
2022-05-13 00:00:00+09:00,1180.0,1180.0,1150.0,1150.0,11,0.0,0.0,0.0
2022-05-16 00:00:00+09:00,1190.0,1190.0,1175.0,1180.0,152,0.0,0.0,0.0
2022-05-17 00:00:00+09:00,1200.0,1200.0,1010.0,1145.0,2128,0.0,0.0,0.0
2022-05-18 00:00:00+09:00,1010.0,1200.0,1010.0,1185.0,720,0.0,0.0,0.0
2022-05-19 00:00:00+09:00,1030.0,1195.0,1020.0,1085.0,10868,0.0,0.0,0.0
2022-05-20 00:00:00+09:00,1170.0,1170.0,970.0,1040.0,616,0.0,0.0,0.0
2022-05-23 00:00:00+09:00,1100.0,1100.0,900.0,1100.0,4520,0.0,0.0,0.0
2022-05-24 00:00:00+09:00,1195.0,1195.0,1195.0,1195.0,2,0.0,0.0,0.0
2022-05-25 00:00:00+09:00,1095.0,1095.0,1020.0,1090.0,1002,0.0,0.0,0.0
2022-05-26 00:00:00+09:00,930.0,1085.0,930.0,989.0,8316,0.0,0.0,0.0
2022-05-27 00:00:00+09:00,860.0,930.0,841.0,915.0,14717,0.0,0.0,0.0
2022-05-30 00:00:00+09:00,915.0,1050.0,915.0,1050.0,14406,0.0,0.0,0.0
2022-05-31 00:00:00+09:00,1190.0,1190.0,1050.0,1150.0,3498,0.0,0.0,0.0
2022-06-02 00:00:00+09:00,1150.0,1150.0,1150.0,1150.0,0,0.0,0.0,0.0
2022-06-03 00:00:00+09:00,1005.0,1200.0,1005.0,1150.0,1579,0.0,0.0,0.0
2022-06-07 00:00:00+09:00,1195.0,1195.0,1010.0,1150.0,1251,0.0,0.0,0.0
2022-06-08 00:00:00+09:00,1030.0,1130.0,1015.0,1125.0,4953,0.0,0.0,0.0
2022-06-09 00:00:00+09:00,1120.0,1120.0,1000.0,1030.0,272,0.0,0.0,0.0
2022-06-10 00:00:00+09:00,1090.0,1090.0,1090.0,1090.0,1,0.0,0.0,0.0
2022-06-13 00:00:00+09:00,1090.0,1090.0,1090.0,1090.0,0,0.0,0.0,0.0
2022-06-14 00:00:00+09:00,1090.0,1090.0,1090.0,1090.0,0,0.0,0.0,0.0
2022-06-15 00:00:00+09:00,1095.0,1095.0,1095.0,1095.0,1,0.0,0.0,0.0
2022-06-16 00:00:00+09:00,1095.0,1095.0,1095.0,1095.0,0,0.0,0.0,0.0
2022-06-17 00:00:00+09:00,935.0,935.0,935.0,935.0,1200,0.0,0.0,0.0
2022-06-20 00:00:00+09:00,940.0,998.0,856.0,899.0,5638,0.0,0.0,0.0
2022-06-21 00:00:00+09:00,810.0,879.0,765.0,829.0,14619,0.0,0.0,0.0
2022-06-22 00:00:00+09:00,715.0,898.0,715.0,850.0,1534,0.0,0.0,0.0
2022-06-23 00:00:00+09:00,900.0,900.0,850.0,860.0,1363,0.0,0.0,0.0
2022-06-24 00:00:00+09:00,840.0,942.0,840.0,933.0,122,0.0,0.0,0.0
2022-06-27 00:00:00+09:00,945.0,945.0,900.0,933.0,233,0.0,0.0,0.0
2022-06-28 00:00:00+09:00,900.0,995.0,850.0,987.0,11,0.0,0.0,0.0
2022-06-29 00:00:00+09:00,997.0,997.0,851.0,992.0,4,0.0,0.0,0.0
2022-06-30 00:00:00+09:00,999.0,999.0,990.0,990.0,851,0.0,0.0,0.0
2022-07-01 00:00:00+09:00,1000.0,1090.0,1000.0,1090.0,14,0.0,0.0,0.0
2022-07-04 00:00:00+09:00,1080.0,1080.0,1075.0,1080.0,801,0.0,0.0,0.0
2022-07-05 00:00:00+09:00,1100.0,1100.0,931.0,1070.0,45,0.0,0.0,0.0
2022-07-06 00:00:00+09:00,1070.0,1070.0,1070.0,1070.0,0,0.0,0.0,0.0
2022-07-07 00:00:00+09:00,1075.0,1075.0,1070.0,1070.0,653,0.0,0.0,0.0
2022-07-08 00:00:00+09:00,1085.0,1085.0,1085.0,1085.0,1,0.0,0.0,0.0
2022-07-11 00:00:00+09:00,951.0,1000.0,925.0,1000.0,2109,0.0,0.0,0.0
2022-07-12 00:00:00+09:00,912.0,912.0,912.0,912.0,1,0.0,0.0,0.0
2022-07-13 00:00:00+09:00,912.0,912.0,912.0,912.0,0,0.0,0.0,0.0
2022-07-14 00:00:00+09:00,922.0,922.0,922.0,922.0,200,0.0,0.0,0.0
2022-07-15 00:00:00+09:00,1035.0,1035.0,1035.0,1035.0,1,0.0,0.0,0.0
2022-07-18 00:00:00+09:00,1035.0,1035.0,1035.0,1035.0,0,0.0,0.0,0.0
2022-07-19 00:00:00+09:00,1035.0,1035.0,1035.0,1035.0,0,0.0,0.0,0.0
2022-07-20 00:00:00+09:00,1015.0,1030.0,950.0,1030.0,2010,0.0,0.0,0.0
2022-07-21 00:00:00+09:00,1030.0,1030.0,1030.0,1030.0,0,0.0,0.0,0.0
2022-07-22 00:00:00+09:00,1030.0,1030.0,1030.0,1030.0,0,0.0,0.0,0.0
2022-07-25 00:00:00+09:00,952.0,1035.0,952.0,1035.0,2,0.0,0.0,0.0
2022-07-26 00:00:00+09:00,1035.0,1035.0,1035.0,1035.0,1000,0.0,0.0,0.0
2022-07-27 00:00:00+09:00,1035.0,1035.0,1035.0,1035.0,0,0.0,0.0,0.0
2022-07-28 00:00:00+09:00,1035.0,1035.0,1035.0,1035.0,0,0.0,0.0,0.0
2022-07-29 00:00:00+09:00,1035.0,1035.0,1035.0,1035.0,0,0.0,0.0,0.0
2022-08-01 00:00:00+09:00,927.0,1060.0,927.0,1060.0,2,0.0,0.0,0.0
2022-08-02 00:00:00+09:00,1060.0,1060.0,1060.0,1060.0,0,0.0,0.0,0.0
2022-08-03 00:00:00+09:00,1060.0,1060.0,1060.0,1060.0,0,0.0,0.0,0.0
2022-08-04 00:00:00+09:00,1060.0,1060.0,1060.0,1060.0,0,0.0,0.0,0.0
2022-08-05 00:00:00+09:00,1060.0,1060.0,1060.0,1060.0,0,0.0,0.0,0.0
2022-08-08 00:00:00+09:00,1060.0,1060.0,1060.0,1060.0,0,0.0,0.0,0.0
2022-08-09 00:00:00+09:00,1060.0,1060.0,1060.0,1060.0,0,0.0,0.0,0.0
2022-08-10 00:00:00+09:00,1060.0,1060.0,1060.0,1060.0,0,0.0,0.0,0.0
2022-08-11 00:00:00+09:00,1060.0,1060.0,1060.0,1060.0,0,0.0,0.0,0.0
2022-08-12 00:00:00+09:00,1060.0,1060.0,1060.0,1060.0,0,0.0,0.0,0.0
2022-08-16 00:00:00+09:00,1060.0,1060.0,1060.0,1060.0,0,0.0,0.0,0.0
2022-08-17 00:00:00+09:00,1060.0,1060.0,1060.0,1060.0,0,0.0,0.0,0.0
2022-08-18 00:00:00+09:00,1060.0,1060.0,1060.0,1060.0,0,0.0,0.0,0.0
2022-08-19 00:00:00+09:00,1060.0,1060.0,1060.0,1060.0,0,0.0,0.0,0.0
2022-08-22 00:00:00+09:00,950.0,1100.0,950.0,952.0,945,0.0,0.0,0.0
2022-08-23 00:00:00+09:00,1025.0,1025.0,904.0,904.0,101,0.0,0.0,0.0
2022-08-24 00:00:00+09:00,1015.0,1015.0,1015.0,1015.0,1,0.0,0.0,0.0
2022-08-25 00:00:00+09:00,909.0,1005.0,909.0,1005.0,2,0.0,0.0,0.0
2022-08-26 00:00:00+09:00,1005.0,1005.0,1005.0,1005.0,0,0.0,0.0,0.0
2022-08-29 00:00:00+09:00,951.0,1025.0,950.0,1020.0,5958,0.0,0.0,0.0
2022-08-30 00:00:00+09:00,1020.0,1020.0,1020.0,1020.0,0,0.0,0.0,0.0
2022-08-31 00:00:00+09:00,1000.0,1000.0,1000.0,1000.0,49,0.0,0.0,0.0
2022-09-01 00:00:00+09:00,995.0,1035.0,970.0,1035.0,4582,0.0,0.0,0.0
2022-09-02 00:00:00+09:00,990.0,1050.0,950.0,1035.0,8437,0.0,0.0,0.0
2022-09-05 00:00:00+09:00,1035.0,1035.0,1035.0,1035.0,0,0.0,0.0,0.0
2022-09-06 00:00:00+09:00,960.0,1075.0,950.0,1075.0,404,0.0,0.0,0.0
2022-09-07 00:00:00+09:00,915.0,915.0,915.0,915.0,1852,0.0,0.0,0.0
2022-09-08 00:00:00+09:00,998.0,998.0,998.0,998.0,62,0.0,0.0,0.0
2022-09-13 00:00:00+09:00,950.0,998.0,950.0,998.0,4890,0.0,0.0,0.0
2022-09-14 00:00:00+09:00,998.0,998.0,998.0,998.0,0,0.0,0.0,0.0
2022-09-15 00:00:00+09:00,960.0,960.0,950.0,960.0,608,0.0,0.0,0.0
2022-09-16 00:00:00+09:00,960.0,960.0,960.0,960.0,0,0.0,0.0,0.0
2022-09-19 00:00:00+09:00,960.0,960.0,931.0,931.0,551,0.0,0.0,0.0
2022-09-20 00:00:00+09:00,932.0,932.0,932.0,932.0,500,0.0,0.0,0.0
2022-09-21 00:00:00+09:00,932.0,932.0,932.0,932.0,0,0.0,0.0,0.0
2022-09-22 00:00:00+09:00,932.0,932.0,932.0,932.0,1,0.0,0.0,0.0
2022-09-23 00:00:00+09:00,932.0,932.0,932.0,932.0,0,0.0,0.0,0.0
2022-09-26 00:00:00+09:00,932.0,932.0,932.0,932.0,0,0.0,0.0,0.0
2022-09-27 00:00:00+09:00,933.0,933.0,933.0,933.0,2000,0.0,0.0,0.0
2022-09-28 00:00:00+09:00,930.0,930.0,930.0,930.0,6,0.0,0.0,0.0
2022-09-29 00:00:00+09:00,900.0,910.0,900.0,910.0,713,0.0,0.0,0.0
2022-09-30 00:00:00+09:00,910.0,930.0,910.0,930.0,4994,0.0,0.0,0.0
2022-10-04 00:00:00+09:00,930.0,930.0,930.0,930.0,0,0.0,0.0,0.0
2022-10-05 00:00:00+09:00,970.0,1065.0,970.0,1065.0,22061,0.0,0.0,0.0
2022-10-06 00:00:00+09:00,1100.0,1100.0,1015.0,1015.0,1609,0.0,0.0,0.0
2022-10-07 00:00:00+09:00,1000.0,1000.0,1000.0,1000.0,10,0.0,0.0,0.0
2022-10-11 00:00:00+09:00,1000.0,1000.0,970.0,1000.0,2003,0.0,0.0,0.0
2022-10-12 00:00:00+09:00,1000.0,1000.0,1000.0,1000.0,0,0.0,0.0,0.0
2022-10-13 00:00:00+09:00,1000.0,1025.0,1000.0,1025.0,1631,0.0,0.0,0.0
2022-10-14 00:00:00+09:00,1000.0,1000.0,1000.0,1000.0,179,0.0,0.0,0.0
2022-10-17 00:00:00+09:00,1025.0,1025.0,1025.0,1025.0,50,0.0,0.0,0.0
2022-10-18 00:00:00+09:00,1000.0,1000.0,1000.0,1000.0,650,0.0,0.0,0.0
2022-10-19 00:00:00+09:00,980.0,980.0,980.0,980.0,850,0.0,0.0,0.0
2022-10-20 00:00:00+09:00,990.0,990.0,990.0,990.0,1,0.0,0.0,0.0
2022-10-21 00:00:00+09:00,950.0,990.0,925.0,990.0,4002,0.0,0.0,0.0
2022-10-24 00:00:00+09:00,990.0,1020.0,990.0,1020.0,348,0.0,0.0,0.0
2022-10-25 00:00:00+09:00,1020.0,1020.0,1020.0,1020.0,0,0.0,0.0,0.0
2022-10-26 00:00:00+09:00,1020.0,1025.0,1020.0,1025.0,749,0.0,0.0,0.0
2022-10-27 00:00:00+09:00,1025.0,1050.0,1025.0,1050.0,2600,0.0,0.0,0.0
2022-10-28 00:00:00+09:00,986.0,986.0,986.0,986.0,20,0.0,0.0,0.0
2022-10-31 00:00:00+09:00,1030.0,1030.0,1030.0,1030.0,1,0.0,0.0,0.0
2022-11-01 00:00:00+09:00,1025.0,1025.0,1025.0,1025.0,300,0.0,0.0,0.0
2022-11-02 00:00:00+09:00,1040.0,1040.0,1040.0,1040.0,1,0.0,0.0,0.0
2022-11-03 00:00:00+09:00,1040.0,1050.0,1040.0,1050.0,181,0.0,0.0,0.0
2022-11-04 00:00:00+09:00,1000.0,1000.0,1000.0,1000.0,1330,0.0,0.0,0.0
2022-11-07 00:00:00+09:00,1000.0,1000.0,1000.0,1000.0,0,0.0,0.0,0.0
2022-11-08 00:00:00+09:00,1020.0,1020.0,1020.0,1020.0,1,0.0,0.0,0.0
2022-11-09 00:00:00+09:00,1000.0,1125.0,926.0,995.0,10240,0.0,0.0,0.0
2022-11-10 00:00:00+09:00,1000.0,1000.0,1000.0,1000.0,610,0.0,0.0,0.0
2022-11-11 00:00:00+09:00,1000.0,1000.0,1000.0,1000.0,0,0.0,0.0,0.0
2022-11-14 00:00:00+09:00,1000.0,1000.0,1000.0,1000.0,2,0.0,0.0,0.0
2022-11-15 00:00:00+09:00,910.0,1080.0,910.0,990.0,352,0.0,0.0,0.0
2022-11-16 00:00:00+09:00,990.0,990.0,990.0,990.0,0,0.0,0.0,0.0
2022-11-17 00:00:00+09:00,990.0,990.0,990.0,990.0,0,0.0,0.0,0.0
2022-11-18 00:00:00+09:00,990.0,990.0,990.0,990.0,74,0.0,0.0,0.0
2022-11-21 00:00:00+09:00,990.0,990.0,990.0,990.0,0,0.0,0.0,0.0
2022-11-22 00:00:00+09:00,990.0,990.0,990.0,990.0,0,0.0,0.0,0.0
2022-11-23 00:00:00+09:00,990.0,990.0,990.0,990.0,0,0.0,0.0,0.0
2022-11-24 00:00:00+09:00,990.0,990.0,990.0,990.0,0,0.0,0.0,0.0
2022-11-25 00:00:00+09:00,990.0,990.0,990.0,990.0,50,0.0,0.0,0.0
2022-11-28 00:00:00+09:00,990.0,990.0,990.0,990.0,50,0.0,0.0,0.0
2022-11-29 00:00:00+09:00,980.0,980.0,980.0,980.0,137,0.0,0.0,0.0
2022-11-30 00:00:00+09:00,980.0,990.0,980.0,980.0,1001,0.0,0.0,0.0
2022-12-01 00:00:00+09:00,995.0,1100.0,995.0,1100.0,3996,0.0,0.0,0.0
2022-12-02 00:00:00+09:00,1125.0,1125.0,1125.0,1125.0,1,0.0,0.0,0.0
2022-12-05 00:00:00+09:00,1075.0,1075.0,1050.0,1075.0,1004,0.0,0.0,0.0
2022-12-06 00:00:00+09:00,1095.0,1175.0,1060.0,1060.0,2051,0.0,0.0,0.0
2022-12-07 00:00:00+09:00,1060.0,1060.0,1060.0,1060.0,0,0.0,0.0,0.0
2022-12-08 00:00:00+09:00,1085.0,1085.0,1085.0,1085.0,1,0.0,0.0,0.0
2022-12-09 00:00:00+09:00,1050.0,1050.0,1035.0,1035.0,2000,0.0,0.0,0.0
2022-12-12 00:00:00+09:00,1000.0,1000.0,1000.0,1000.0,500,0.0,0.0,0.0
2022-12-13 00:00:00+09:00,1000.0,1000.0,1000.0,1000.0,412,0.0,0.0,0.0
2022-12-14 00:00:00+09:00,1000.0,1000.0,1000.0,1000.0,0,0.0,0.0,0.0
2022-12-15 00:00:00+09:00,1000.0,1000.0,1000.0,1000.0,0,0.0,0.0,0.0
2022-12-16 00:00:00+09:00,1000.0,1000.0,1000.0,1000.0,0,0.0,0.0,0.0
2022-12-19 00:00:00+09:00,1000.0,1000.0,1000.0,1000.0,0,0.0,0.0,0.0
2022-12-20 00:00:00+09:00,1000.0,1000.0,1000.0,1000.0,0,0.0,0.0,0.0
2022-12-21 00:00:00+09:00,1000.0,1000.0,1000.0,1000.0,0,0.0,0.0,0.0
2022-12-22 00:00:00+09:00,1000.0,1000.0,1000.0,1000.0,0,0.0,0.0,0.0
2022-12-23 00:00:00+09:00,1025.0,1025.0,1025.0,1025.0,3,0.0,0.0,0.0
2022-12-26 00:00:00+09:00,990.0,1045.0,990.0,1045.0,1001,0.0,0.0,0.0
2022-12-27 00:00:00+09:00,1070.0,1075.0,1070.0,1075.0,2,0.0,0.0,0.0
2022-12-28 00:00:00+09:00,1075.0,1075.0,1075.0,1075.0,0,0.0,0.0,0.0
2022-12-29 00:00:00+09:00,1075.0,1075.0,1075.0,1075.0,0,0.0,0.0,0.0
2023-01-02 00:00:00+09:00,1075.0,1075.0,1075.0,1075.0,0,0.0,0.0,0.0
2023-01-03 00:00:00+09:00,1075.0,1075.0,1075.0,1075.0,0,0.0,0.0,0.0
2023-01-04 00:00:00+09:00,1075.0,1075.0,1075.0,1075.0,0,0.0,0.0,0.0
2023-01-05 00:00:00+09:00,1000.0,1000.0,1000.0,1000.0,200,0.0,0.0,0.0
2023-01-06 00:00:00+09:00,975.0,975.0,971.0,971.0,800,0.0,0.0,0.0
2023-01-09 00:00:00+09:00,951.0,951.0,951.0,951.0,348,0.0,0.0,0.0
2023-01-10 00:00:00+09:00,951.0,951.0,951.0,951.0,0,0.0,0.0,0.0
2023-01-11 00:00:00+09:00,951.0,951.0,951.0,951.0,0,0.0,0.0,0.0
2023-01-12 00:00:00+09:00,950.0,999.0,940.0,995.0,4950,0.0,0.0,0.0
2023-01-13 00:00:00+09:00,995.0,995.0,995.0,995.0,0,0.0,0.0,0.0
2023-01-16 00:00:00+09:00,995.0,995.0,995.0,995.0,0,0.0,0.0,0.0
2023-01-17 00:00:00+09:00,995.0,995.0,995.0,995.0,0,0.0,0.0,0.0
2023-01-18 00:00:00+09:00,1020.0,1020.0,1000.0,1000.0,3001,0.0,0.0,0.0
2023-01-19 00:00:00+09:00,1000.0,1000.0,1000.0,1000.0,2000,0.0,0.0,0.0
2023-01-20 00:00:00+09:00,1000.0,1000.0,1000.0,1000.0,0,0.0,0.0,0.0
2023-01-25 00:00:00+09:00,1025.0,1025.0,1000.0,1025.0,11678,0.0,0.0,0.0
2023-01-26 00:00:00+09:00,1025.0,1025.0,1025.0,1025.0,1000,0.0,0.0,0.0
2023-01-27 00:00:00+09:00,1025.0,1025.0,1025.0,1025.0,734,0.0,0.0,0.0
2023-01-30 00:00:00+09:00,1025.0,1025.0,1025.0,1025.0,1000,0.0,0.0,0.0
2023-01-31 00:00:00+09:00,1025.0,1025.0,1025.0,1025.0,0,0.0,0.0,0.0
2023-02-01 00:00:00+09:00,1025.0,1025.0,1020.0,1020.0,1400,0.0,0.0,0.0
2023-02-02 00:00:00+09:00,1020.0,1025.0,1020.0,1020.0,1002,0.0,0.0,0.0
2023-02-03 00:00:00+09:00,1020.0,1020.0,1020.0,1020.0,0,0.0,0.0,0.0
2023-02-06 00:00:00+09:00,1048.0,1048.0,985.0,985.0,11300,0.0,0.0,0.0
2023-02-07 00:00:00+09:00,985.0,985.0,985.0,985.0,0,0.0,0.0,0.0
2023-02-08 00:00:00+09:00,985.0,985.0,985.0,985.0,0,0.0,0.0,0.0
2023-02-09 00:00:00+09:00,985.0,985.0,985.0,985.0,0,0.0,0.0,0.0
2023-02-10 00:00:00+09:00,985.0,985.0,985.0,985.0,0,0.0,0.0,0.0
2023-02-13 00:00:00+09:00,1100.0,1100.0,1001.0,1099.0,201,0.0,0.0,0.0
2023-02-14 00:00:00+09:00,1100.0,1260.0,1100.0,1260.0,22600,0.0,0.0,0.0
2023-02-15 00:00:00+09:00,1259.0,1260.0,1115.0,1229.0,9985,0.0,0.0,0.0
2023-02-16 00:00:00+09:00,1225.0,1225.0,1225.0,1225.0,200,0.0,0.0,0.0
2023-02-17 00:00:00+09:00,1218.0,1218.0,1212.0,1212.0,103,0.0,0.0,0.0
2023-02-20 00:00:00+09:00,1212.0,1212.0,1212.0,1212.0,0,0.0,0.0,0.0
2023-02-21 00:00:00+09:00,1212.0,1212.0,1212.0,1212.0,0,0.0,0.0,0.0
2023-02-22 00:00:00+09:00,1100.0,1193.0,1100.0,1193.0,24,0.0,0.0,0.0
2023-02-23 00:00:00+09:00,1179.0,1298.0,1179.0,1298.0,1257,0.0,0.0,0.0
2023-02-24 00:00:00+09:00,1298.0,1298.0,1298.0,1298.0,1,0.0,0.0,0.0
2023-02-27 00:00:00+09:00,1298.0,1298.0,1298.0,1298.0,900,0.0,0.0,0.0
2023-02-28 00:00:00+09:00,1298.0,1298.0,1298.0,1298.0,200,0.0,0.0,0.0
2023-03-02 00:00:00+09:00,1298.0,1298.0,1211.0,1260.0,858,0.0,0.0,0.0
2023-03-03 00:00:00+09:00,1260.0,1260.0,1260.0,1260.0,0,0.0,0.0,0.0
2023-03-06 00:00:00+09:00,1260.0,1260.0,1260.0,1260.0,0,0.0,0.0,0.0
2023-03-07 00:00:00+09:00,1261.0,1261.0,1261.0,1261.0,1,0.0,0.0,0.0
2023-03-08 00:00:00+09:00,1122.0,1298.0,1121.0,1293.0,1313,0.0,0.0,0.0
2023-03-09 00:00:00+09:00,1298.0,1298.0,1250.0,1250.0,2644,0.0,0.0,0.0
2023-03-10 00:00:00+09:00,1289.0,1289.0,1250.0,1250.0,1956,0.0,0.0,0.0
2023-03-13 00:00:00+09:00,1300.0,1300.0,1135.0,1135.0,102,0.0,0.0,0.0
2023-03-14 00:00:00+09:00,1135.0,1135.0,1135.0,1135.0,0,0.0,0.0,0.0
2023-03-15 00:00:00+09:00,1160.0,1160.0,1160.0,1160.0,13,0.0,0.0,0.0
2023-03-16 00:00:00+09:00,1160.0,1160.0,1111.0,1111.0,2,0.0,0.0,0.0
2023-03-17 00:00:00+09:00,1150.0,1150.0,1150.0,1150.0,1,0.0,0.0,0.0
2023-03-20 00:00:00+09:00,1150.0,1150.0,1150.0,1150.0,1499,0.0,0.0,0.0
2023-03-21 00:00:00+09:00,1253.0,1295.0,1151.0,1151.0,6701,0.0,0.0,0.0
2023-03-22 00:00:00+09:00,1151.0,1151.0,1151.0,1151.0,0,0.0,0.0,0.0
2023-03-23 00:00:00+09:00,1000.0,1100.0,1000.0,1100.0,26,0.0,0.0,0.0
2023-03-24 00:00:00+09:00,1100.0,1100.0,1100.0,1100.0,0,0.0,0.0,0.0
2023-03-27 00:00:00+09:00,1100.0,1194.0,1100.0,1100.0,10112,0.0,0.0,0.0
2023-03-28 00:00:00+09:00,1100.0,1100.0,1100.0,1100.0,0,0.0,0.0,0.0
2023-03-29 00:00:00+09:00,1100.0,1100.0,1100.0,1100.0,0,0.0,0.0,0.0
2023-03-30 00:00:00+09:00,1200.0,1200.0,1200.0,1200.0,110,0.0,0.0,0.0
2023-03-31 00:00:00+09:00,1300.0,1300.0,1300.0,1300.0,111,0.0,0.0,0.0
2023-04-03 00:00:00+09:00,1270.0,1301.0,1270.0,1300.0,7230,0.0,0.0,0.0
2023-04-04 00:00:00+09:00,1305.0,1370.0,1210.0,1369.0,10177,0.0,0.0,0.0
2023-04-05 00:00:00+09:00,1399.0,1570.0,1330.0,1500.0,5083,0.0,0.0,0.0
2023-04-06 00:00:00+09:00,1400.0,1500.0,1400.0,1400.0,7815,0.0,0.0,0.0
2023-04-07 00:00:00+09:00,1410.0,1410.0,1410.0,1410.0,50,0.0,0.0,0.0
2023-04-10 00:00:00+09:00,1410.0,1410.0,1410.0,1410.0,0,0.0,0.0,0.0
2023-04-11 00:00:00+09:00,1590.0,1590.0,1335.0,1350.0,2376,0.0,0.0,0.0
2023-04-12 00:00:00+09:00,1449.0,1449.0,1449.0,1449.0,101,0.0,0.0,0.0
2023-04-13 00:00:00+09:00,1445.0,1445.0,1445.0,1445.0,550,0.0,0.0,0.0
2023-04-14 00:00:00+09:00,1500.0,1661.0,1500.0,1661.0,20157,0.0,0.0,0.0
2023-04-17 00:00:00+09:00,1785.0,1785.0,1500.0,1600.0,5612,0.0,0.0,0.0
2023-04-18 00:00:00+09:00,1599.0,1600.0,1500.0,1600.0,8570,0.0,0.0,0.0
2023-04-19 00:00:00+09:00,1550.0,1550.0,1550.0,1550.0,463,0.0,0.0,0.0
2023-04-20 00:00:00+09:00,1550.0,1550.0,1550.0,1550.0,0,0.0,0.0,0.0
2023-04-21 00:00:00+09:00,1600.0,1600.0,1550.0,1550.0,130,0.0,0.0,0.0
2023-04-24 00:00:00+09:00,1555.0,1555.0,1555.0,1555.0,10,0.0,0.0,0.0
2023-04-25 00:00:00+09:00,1580.0,1580.0,1580.0,1580.0,100,0.0,0.0,0.0
2023-04-26 00:00:00+09:00,1500.0,1500.0,1500.0,1500.0,1,0.0,0.0,0.0
2023-04-27 00:00:00+09:00,1500.0,1500.0,1500.0,1500.0,12,0.0,0.0,0.0
2023-04-28 00:00:00+09:00,1400.0,1449.0,1300.0,1449.0,5741,0.0,0.0,0.0
2023-05-02 00:00:00+09:00,1350.0,1500.0,1350.0,1500.0,2764,0.0,0.0,0.0
2023-05-03 00:00:00+09:00,1400.0,1491.0,1400.0,1491.0,11,0.0,0.0,0.0
2023-05-04 00:00:00+09:00,1490.0,1490.0,1310.0,1334.0,6714,0.0,0.0,0.0
2023-05-08 00:00:00+09:00,1300.0,1399.0,1300.0,1301.0,4028,0.0,0.0,0.0
2023-05-09 00:00:00+09:00,1302.0,1302.0,1302.0,1302.0,2,0.0,0.0,0.0
2023-05-10 00:00:00+09:00,1335.0,1335.0,1335.0,1335.0,98,0.0,0.0,0.0
2023-05-11 00:00:00+09:00,1217.0,1318.0,1217.0,1250.0,66,0.0,0.0,0.0
2023-05-12 00:00:00+09:00,1200.0,1300.0,1200.0,1300.0,451,0.0,0.0,0.0
2023-05-15 00:00:00+09:00,1377.0,1377.0,1300.0,1300.0,508,0.0,0.0,0.0
2023-05-16 00:00:00+09:00,1200.0,1329.0,1200.0,1329.0,2782,0.0,0.0,0.0
2023-05-17 00:00:00+09:00,1329.0,1329.0,1329.0,1329.0,0,0.0,0.0,0.0
2023-05-18 00:00:00+09:00,1379.0,1379.0,1333.0,1333.0,7,0.0,0.0,0.0
2023-05-19 00:00:00+09:00,1339.0,1339.0,1339.0,1339.0,10,0.0,0.0,0.0
2023-05-22 00:00:00+09:00,1390.0,1390.0,1390.0,1390.0,10,0.0,0.0,0.0
2023-05-23 00:00:00+09:00,1390.0,1390.0,1231.0,1231.0,1412,0.0,0.0,0.0
2023-05-24 00:00:00+09:00,1379.0,1379.0,1205.0,1284.0,6198,0.0,0.0,0.0
2023-05-25 00:00:00+09:00,1300.0,1300.0,1294.0,1295.0,8600,0.0,0.0,0.0
2023-05-26 00:00:00+09:00,1220.0,1279.0,1220.0,1269.0,4910,0.0,0.0,0.0
2023-05-30 00:00:00+09:00,1390.0,1390.0,1200.0,1220.0,3535,0.0,0.0,0.0
2023-05-31 00:00:00+09:00,1280.0,1285.0,1200.0,1250.0,6070,0.0,0.0,0.0
2023-06-01 00:00:00+09:00,1300.0,1300.0,1171.0,1281.0,1291,0.0,0.0,0.0
2023-06-02 00:00:00+09:00,1285.0,1300.0,1285.0,1300.0,1000,0.0,0.0,0.0
2023-06-05 00:00:00+09:00,1390.0,1390.0,1350.0,1389.0,31,0.0,0.0,0.0
2023-06-07 00:00:00+09:00,1390.0,1390.0,1210.0,1365.0,3220,0.0,0.0,0.0
2023-06-08 00:00:00+09:00,1356.0,1356.0,1210.0,1220.0,1706,0.0,0.0,0.0
2023-06-09 00:00:00+09:00,1270.0,1270.0,1250.0,1250.0,1230,0.0,0.0,0.0
2023-06-12 00:00:00+09:00,1333.0,1333.0,1222.0,1222.0,4605,0.0,0.0,0.0
2023-06-13 00:00:00+09:00,1250.0,1250.0,1200.0,1244.0,3211,0.0,0.0,0.0
2023-06-14 00:00:00+09:00,1280.0,1280.0,1250.0,1250.0,20,0.0,0.0,0.0
2023-06-15 00:00:00+09:00,1289.0,1400.0,1289.0,1300.0,310,0.0,0.0,0.0
2023-06-16 00:00:00+09:00,1399.0,1399.0,1399.0,1399.0,1,0.0,0.0,0.0
2023-06-19 00:00:00+09:00,1363.0,1363.0,1363.0,1363.0,1,0.0,0.0,0.0
2023-06-20 00:00:00+09:00,1399.0,1399.0,1300.0,1300.0,52,0.0,0.0,0.0
2023-06-21 00:00:00+09:00,1250.0,1250.0,1205.0,1247.0,2482,0.0,0.0,0.0
2023-06-22 00:00:00+09:00,1230.0,1230.0,1230.0,1230.0,300,0.0,0.0,0.0
2023-06-23 00:00:00+09:00,1324.0,1324.0,1202.0,1318.0,208,0.0,0.0,0.0
2023-06-26 00:00:00+09:00,1386.0,1386.0,1384.0,1384.0,873,0.0,0.0,0.0
2023-06-27 00:00:00+09:00,1299.0,1299.0,1299.0,1299.0,318,0.0,0.0,0.0
2023-06-28 00:00:00+09:00,1299.0,1299.0,1299.0,1299.0,0,0.0,0.0,0.0
2023-06-29 00:00:00+09:00,1390.0,1390.0,1201.0,1293.0,3,0.0,0.0,0.0
2023-06-30 00:00:00+09:00,1394.0,1400.0,1295.0,1295.0,322,0.0,0.0,0.0
2023-07-03 00:00:00+09:00,1390.0,1390.0,1249.0,1249.0,3219,0.0,0.0,0.0
2023-07-04 00:00:00+09:00,1205.0,1250.0,1201.0,1250.0,1317,0.0,0.0,0.0
2023-07-05 00:00:00+09:00,1200.0,1220.0,1110.0,1199.0,4781,0.0,0.0,0.0
2023-07-06 00:00:00+09:00,1298.0,1298.0,1200.0,1294.0,652,0.0,0.0,0.0
2023-07-07 00:00:00+09:00,1299.0,1300.0,1199.0,1289.0,7253,0.0,0.0,0.0
2023-07-10 00:00:00+09:00,1289.0,1289.0,1289.0,1289.0,3,0.0,0.0,0.0
2023-07-11 00:00:00+09:00,1288.0,1288.0,1201.0,1280.0,22,0.0,0.0,0.0
2023-07-12 00:00:00+09:00,1279.0,1279.0,1278.0,1278.0,11,0.0,0.0,0.0
2023-07-13 00:00:00+09:00,1278.0,1278.0,1278.0,1278.0,200,0.0,0.0,0.0
2023-07-14 00:00:00+09:00,1278.0,1278.0,1113.0,1278.0,204,0.0,0.0,0.0
2023-07-17 00:00:00+09:00,1150.0,1277.0,1150.0,1277.0,2,0.0,0.0,0.0
2023-07-18 00:00:00+09:00,1200.0,1220.0,1200.0,1220.0,1502,0.0,0.0,0.0
2023-07-19 00:00:00+09:00,1210.0,1210.0,1210.0,1210.0,100,0.0,0.0,0.0
2023-07-20 00:00:00+09:00,1350.0,1350.0,1350.0,1350.0,300,0.0,0.0,0.0
2023-07-21 00:00:00+09:00,1340.0,1360.0,1340.0,1350.0,7400,0.0,0.0,0.0
2023-07-24 00:00:00+09:00,1335.0,1340.0,1335.0,1340.0,1000,0.0,0.0,0.0
2023-07-25 00:00:00+09:00,1340.0,1340.0,1340.0,1340.0,1700,0.0,0.0,0.0
2023-07-26 00:00:00+09:00,1201.0,1328.0,1200.0,1328.0,1801,0.0,0.0,0.0
2023-07-27 00:00:00+09:00,1215.0,1300.0,1215.0,1300.0,3001,0.0,0.0,0.0
2023-07-28 00:00:00+09:00,1250.0,1287.0,1215.0,1287.0,5429,0.0,0.0,0.0
2023-07-31 00:00:00+09:00,1349.0,1349.0,1130.0,1349.0,3,0.0,0.0,0.0
2023-08-01 00:00:00+09:00,1349.0,1349.0,1349.0,1349.0,0,0.0,0.0,0.0
2023-08-02 00:00:00+09:00,1349.0,1349.0,1349.0,1349.0,0,0.0,0.0,0.0
2023-08-03 00:00:00+09:00,1349.0,1349.0,1349.0,1349.0,0,0.0,0.0,0.0
2023-08-04 00:00:00+09:00,1200.0,1289.0,1150.0,1280.0,928,0.0,0.0,0.0
2023-08-07 00:00:00+09:00,1280.0,1280.0,1280.0,1280.0,0,0.0,0.0,0.0
2023-08-08 00:00:00+09:00,1288.0,1288.0,1132.0,1254.0,4,0.0,0.0,0.0
2023-08-09 00:00:00+09:00,1298.0,1299.0,1111.0,1298.0,7,0.0,0.0,0.0
2023-08-10 00:00:00+09:00,1298.0,1298.0,1298.0,1298.0,0,0.0,0.0,0.0
2023-08-11 00:00:00+09:00,1298.0,1299.0,1100.0,1253.0,7,0.0,0.0,0.0
2023-08-14 00:00:00+09:00,1300.0,1300.0,1280.0,1280.0,6508,0.0,0.0,0.0
2023-08-16 00:00:00+09:00,1249.0,1249.0,1248.0,1249.0,301,0.0,0.0,0.0
2023-08-17 00:00:00+09:00,1300.0,1400.0,1300.0,1350.0,7112,0.0,0.0,0.0
2023-08-18 00:00:00+09:00,1349.0,1350.0,1220.0,1341.0,16,0.0,0.0,0.0
2023-08-21 00:00:00+09:00,1201.0,1349.0,1201.0,1342.0,615,0.0,0.0,0.0
2023-08-22 00:00:00+09:00,1342.0,1354.0,1342.0,1350.0,282,0.0,0.0,0.0
2023-08-23 00:00:00+09:00,1201.0,1350.0,1201.0,1350.0,2,0.0,0.0,0.0
2023-08-24 00:00:00+09:00,1350.0,1400.0,1350.0,1350.0,236,0.0,0.0,0.0
2023-08-25 00:00:00+09:00,1350.0,1350.0,1350.0,1350.0,0,0.0,0.0,0.0
2023-08-28 00:00:00+09:00,1350.0,1350.0,1349.0,1350.0,2101,0.0,0.0,0.0
2023-08-29 00:00:00+09:00,1350.0,1355.0,1252.0,1355.0,4660,0.0,0.0,0.0
2023-08-30 00:00:00+09:00,1379.0,1500.0,1379.0,1390.0,3411,0.0,0.0,0.0
2023-08-31 00:00:00+09:00,1490.0,1490.0,1450.0,1450.0,38,0.0,0.0,0.0
2023-09-01 00:00:00+09:00,1300.0,1390.0,1300.0,1389.0,38,0.0,0.0,0.0
2023-09-04 00:00:00+09:00,1378.0,1378.0,1378.0,1378.0,1,0.0,0.0,0.0
2023-09-05 00:00:00+09:00,1390.0,1390.0,1310.0,1378.0,18,0.0,0.0,0.0
2023-09-06 00:00:00+09:00,1370.0,1370.0,1370.0,1370.0,200,0.0,0.0,0.0
2023-09-07 00:00:00+09:00,1301.0,1301.0,1301.0,1301.0,1,0.0,0.0,0.0
2023-09-08 00:00:00+09:00,1349.0,1390.0,1349.0,1380.0,4,0.0,0.0,0.0
2023-09-11 00:00:00+09:00,1377.0,1400.0,1300.0,1400.0,2242,0.0,0.0,0.0
2023-09-12 00:00:00+09:00,1449.0,1450.0,1430.0,1430.0,890,0.0,0.0,0.0
2023-09-13 00:00:00+09:00,1450.0,1640.0,1310.0,1400.0,352,0.0,0.0,0.0
2023-09-14 00:00:00+09:00,1500.0,1500.0,1450.0,1450.0,2,0.0,0.0,0.0
2023-09-15 00:00:00+09:00,1450.0,1550.0,1351.0,1539.0,791,0.0,0.0,0.0
2023-09-18 00:00:00+09:00,1597.0,1597.0,1400.0,1499.0,3070,0.0,0.0,0.0
2023-09-19 00:00:00+09:00,1316.0,1427.0,1301.0,1427.0,8202,0.0,0.0,0.0
2023-09-20 00:00:00+09:00,1498.0,1498.0,1307.0,1410.0,2552,0.0,0.0,0.0
2023-09-21 00:00:00+09:00,1486.0,1486.0,1486.0,1486.0,1,0.0,0.0,0.0
2023-09-22 00:00:00+09:00,1496.0,1496.0,1496.0,1496.0,65,0.0,0.0,0.0
2023-09-25 00:00:00+09:00,1301.0,1474.0,1301.0,1474.0,2,0.0,0.0,0.0
2023-09-26 00:00:00+09:00,1474.0,1474.0,1474.0,1474.0,0,0.0,0.0,0.0
2023-09-27 00:00:00+09:00,1499.0,1499.0,1300.0,1350.0,4860,0.0,0.0,0.0
2023-10-04 00:00:00+09:00,1398.0,1398.0,1379.0,1382.0,705,0.0,0.0,0.0
2023-10-05 00:00:00+09:00,1302.0,1384.0,1302.0,1384.0,2086,0.0,0.0,0.0
2023-10-06 00:00:00+09:00,1310.0,1377.0,1310.0,1377.0,16,0.0,0.0,0.0
2023-10-10 00:00:00+09:00,1330.0,1345.0,1305.0,1345.0,514,0.0,0.0,0.0
2023-10-11 00:00:00+09:00,1345.0,1345.0,1344.0,1345.0,112,0.0,0.0,0.0
2023-10-12 00:00:00+09:00,1216.0,1397.0,1216.0,1397.0,741,0.0,0.0,0.0
2023-10-13 00:00:00+09:00,1398.0,1398.0,1346.0,1346.0,2,0.0,0.0,0.0
2023-10-16 00:00:00+09:00,1398.0,1398.0,1222.0,1370.0,396,0.0,0.0,0.0
2023-10-17 00:00:00+09:00,1399.0,1399.0,1231.0,1340.0,3203,0.0,0.0,0.0
2023-10-18 00:00:00+09:00,1325.0,1325.0,1260.0,1317.0,102,0.0,0.0,0.0
2023-10-19 00:00:00+09:00,1389.0,1389.0,1221.0,1372.0,802,0.0,0.0,0.0
2023-10-20 00:00:00+09:00,1250.0,1318.0,1250.0,1318.0,102,0.0,0.0,0.0
2023-10-23 00:00:00+09:00,1399.0,1399.0,1212.0,1382.0,5,0.0,0.0,0.0
2023-10-24 00:00:00+09:00,1398.0,1398.0,1250.0,1393.0,5,0.0,0.0,0.0
2023-10-25 00:00:00+09:00,1349.0,1349.0,1250.0,1324.0,11,0.0,0.0,0.0
2023-10-26 00:00:00+09:00,1264.0,1319.0,1264.0,1316.0,373,0.0,0.0,0.0
2023-10-27 00:00:00+09:00,1398.0,1398.0,1200.0,1395.0,3,0.0,0.0,0.0
2023-10-30 00:00:00+09:00,1395.0,1395.0,1395.0,1395.0,0,0.0,0.0,0.0
2023-10-31 00:00:00+09:00,1393.0,1393.0,1393.0,1393.0,1,0.0,0.0,0.0
2023-11-01 00:00:00+09:00,1379.0,1379.0,1379.0,1379.0,58,0.0,0.0,0.0
2023-11-02 00:00:00+09:00,1201.0,1380.0,1201.0,1250.0,610,0.0,0.0,0.0
2023-11-03 00:00:00+09:00,1381.0,1381.0,1381.0,1381.0,42,0.0,0.0,0.0
2023-11-06 00:00:00+09:00,1201.0,1358.0,1201.0,1358.0,104,0.0,0.0,0.0
2023-11-07 00:00:00+09:00,1213.0,1378.0,1213.0,1338.0,315,0.0,0.0,0.0
2023-11-08 00:00:00+09:00,1382.0,1382.0,1382.0,1382.0,1,0.0,0.0,0.0
2023-11-09 00:00:00+09:00,1230.0,1381.0,1181.0,1294.0,3300,0.0,0.0,0.0
2023-11-10 00:00:00+09:00,1294.0,1294.0,1294.0,1294.0,0,0.0,0.0,0.0
2023-11-13 00:00:00+09:00,1299.0,1299.0,1299.0,1299.0,8,0.0,0.0,0.0
2023-11-14 00:00:00+09:00,1299.0,1349.0,1200.0,1328.0,623,0.0,0.0,0.0
2023-11-15 00:00:00+09:00,1200.0,1320.0,1200.0,1308.0,1003,0.0,0.0,0.0
2023-11-16 00:00:00+09:00,1202.0,1303.0,1202.0,1303.0,14,0.0,0.0,0.0
2023-11-17 00:00:00+09:00,1303.0,1303.0,1303.0,1303.0,0,0.0,0.0,0.0
2023-11-20 00:00:00+09:00,1202.0,1329.0,1202.0,1329.0,402,0.0,0.0,0.0
2023-11-21 00:00:00+09:00,1375.0,1376.0,1204.0,1362.0,9,0.0,0.0,0.0
2023-11-22 00:00:00+09:00,1362.0,1362.0,1362.0,1362.0,0,0.0,0.0,0.0
2023-11-23 00:00:00+09:00,1200.0,1347.0,1200.0,1211.0,5,0.0,0.0,0.0
2023-11-24 00:00:00+09:00,1216.0,1292.0,1200.0,1292.0,2102,0.0,0.0,0.0
2023-11-27 00:00:00+09:00,1200.0,1328.0,1200.0,1328.0,2,0.0,0.0,0.0
2023-11-28 00:00:00+09:00,1200.0,1318.0,1200.0,1318.0,6,0.0,0.0,0.0
2023-11-29 00:00:00+09:00,1318.0,1318.0,1318.0,1318.0,0,0.0,0.0,0.0
2023-11-30 00:00:00+09:00,1201.0,1201.0,1201.0,1201.0,1,0.0,0.0,0.0
2023-12-01 00:00:00+09:00,1318.0,1319.0,1315.0,1319.0,303,0.0,0.0,0.0
2023-12-04 00:00:00+09:00,1319.0,1319.0,1319.0,1319.0,0,0.0,0.0,0.0
2023-12-05 00:00:00+09:00,1200.0,1309.0,1200.0,1309.0,33,0.0,0.0,0.0
2023-12-06 00:00:00+09:00,1350.0,1500.0,1350.0,1440.0,4087,0.0,0.0,0.0
2023-12-07 00:00:00+09:00,1490.0,1490.0,1300.0,1300.0,11,0.0,0.0,0.0
2023-12-08 00:00:00+09:00,1350.0,1350.0,1216.0,1300.0,4,0.0,0.0,0.0
2023-12-11 00:00:00+09:00,1399.0,1480.0,1155.0,1238.0,29924,0.0,0.0,0.0
2023-12-12 00:00:00+09:00,1299.0,1395.0,1200.0,1234.0,1512,0.0,0.0,0.0
2023-12-13 00:00:00+09:00,1102.0,1204.0,1102.0,1204.0,2,0.0,0.0,0.0
2023-12-14 00:00:00+09:00,1200.0,1299.0,1042.0,1190.0,1936,0.0,0.0,0.0
2023-12-15 00:00:00+09:00,1151.0,1180.0,1150.0,1179.0,9596,0.0,0.0,0.0
2023-12-18 00:00:00+09:00,1060.0,1160.0,1060.0,1160.0,4960,0.0,0.0,0.0
2023-12-19 00:00:00+09:00,1000.0,1200.0,1000.0,1188.0,2816,0.0,0.0,0.0
2023-12-20 00:00:00+09:00,1100.0,1184.0,1100.0,1184.0,71,0.0,0.0,0.0
2023-12-21 00:00:00+09:00,1050.0,1050.0,1007.0,1049.0,15806,0.0,0.0,0.0
2023-12-22 00:00:00+09:00,1100.0,1125.0,1001.0,1125.0,33,0.0,0.0,0.0
2023-12-26 00:00:00+09:00,1179.0,1179.0,1145.0,1145.0,6402,0.0,0.0,0.0
2023-12-27 00:00:00+09:00,1139.0,1139.0,1010.0,1010.0,7840,0.0,0.0,0.0
2023-12-28 00:00:00+09:00,1000.0,1130.0,900.0,910.0,74367,0.0,0.0,0.0
2024-01-02 00:00:00+09:00,1027.0,1027.0,987.0,987.0,1144,0.0,0.0,0.0
2024-01-03 00:00:00+09:00,1097.0,1097.0,900.0,990.0,5080,0.0,0.0,0.0
2024-01-04 00:00:00+09:00,980.0,980.0,920.0,954.0,2614,0.0,0.0,0.0
2024-01-05 00:00:00+09:00,954.0,954.0,917.0,917.0,1361,0.0,0.0,0.0
2024-01-08 00:00:00+09:00,910.0,986.0,900.0,949.0,5719,0.0,0.0,0.0
2024-01-09 00:00:00+09:00,820.0,944.0,820.0,851.0,84668,0.0,0.0,0.0
2024-01-10 00:00:00+09:00,930.0,930.0,823.0,840.0,15172,0.0,0.0,0.0
2024-01-11 00:00:00+09:00,949.0,949.0,806.0,849.0,11158,0.0,0.0,0.0
2024-01-12 00:00:00+09:00,800.0,967.0,800.0,848.0,4496,0.0,0.0,0.0
2024-01-15 00:00:00+09:00,948.0,948.0,948.0,948.0,1,0.0,0.0,0.0
2024-01-16 00:00:00+09:00,869.0,869.0,802.0,829.0,1550,0.0,0.0,0.0
2024-01-17 00:00:00+09:00,829.0,899.0,828.0,889.0,1791,0.0,0.0,0.0
2024-01-18 00:00:00+09:00,880.0,880.0,805.0,823.0,16494,0.0,0.0,0.0
2024-01-19 00:00:00+09:00,823.0,849.0,800.0,830.0,16882,0.0,0.0,0.0
2024-01-22 00:00:00+09:00,760.0,829.0,760.0,828.0,180,0.0,0.0,0.0
2024-01-23 00:00:00+09:00,900.0,900.0,750.0,890.0,2149,0.0,0.0,0.0
2024-01-24 00:00:00+09:00,897.0,897.0,820.0,896.0,202,0.0,0.0,0.0
2024-01-25 00:00:00+09:00,800.0,895.0,773.0,895.0,3502,0.0,0.0,0.0
2024-01-26 00:00:00+09:00,895.0,895.0,895.0,895.0,0,0.0,0.0,0.0
2024-01-29 00:00:00+09:00,900.0,900.0,890.0,890.0,90,0.0,0.0,0.0
2024-01-30 00:00:00+09:00,900.0,900.0,889.0,889.0,2157,0.0,0.0,0.0
2024-01-31 00:00:00+09:00,886.0,886.0,879.0,879.0,20,0.0,0.0,0.0
2024-02-01 00:00:00+09:00,877.0,877.0,859.0,859.0,40,0.0,0.0,0.0
2024-02-02 00:00:00+09:00,969.0,969.0,969.0,969.0,1,0.0,0.0,0.0
2024-02-05 00:00:00+09:00,830.0,990.0,824.0,900.0,8507,0.0,0.0,0.0
2024-02-06 00:00:00+09:00,900.0,998.0,781.0,823.0,116661,0.0,0.0,0.0
2024-02-07 00:00:00+09:00,850.0,850.0,830.0,830.0,2052,0.0,0.0,0.0
2024-02-08 00:00:00+09:00,830.0,830.0,760.0,804.0,152324,0.0,0.0,0.0
2024-02-13 00:00:00+09:00,804.0,890.0,800.0,880.0,2503,0.0,0.0,0.0
2024-02-14 00:00:00+09:00,899.0,899.0,772.0,889.0,7,0.0,0.0,0.0
2024-02-15 00:00:00+09:00,900.0,900.0,800.0,890.0,11109,0.0,0.0,0.0
2024-02-16 00:00:00+09:00,766.0,880.0,765.0,880.0,29,0.0,0.0,0.0
2024-02-19 00:00:00+09:00,880.0,880.0,880.0,880.0,0,0.0,0.0,0.0
2024-02-20 00:00:00+09:00,800.0,805.0,800.0,803.0,71360,0.0,0.0,0.0
2024-02-21 00:00:00+09:00,900.0,919.0,810.0,810.0,60012,0.0,0.0,0.0
2024-02-22 00:00:00+09:00,930.0,930.0,920.0,920.0,11,0.0,0.0,0.0
2024-02-23 00:00:00+09:00,803.0,880.0,803.0,880.0,11,0.0,0.0,0.0
2024-02-26 00:00:00+09:00,880.0,1009.0,760.0,999.0,137086,0.0,0.0,0.0
2024-02-27 00:00:00+09:00,850.0,850.0,850.0,850.0,8121,0.0,0.0,0.0
2024-02-28 00:00:00+09:00,760.0,900.0,760.0,900.0,127057,0.0,0.0,0.0
2024-02-29 00:00:00+09:00,880.0,999.0,880.0,900.0,2002,0.0,0.0,0.0
2024-03-04 00:00:00+09:00,999.0,999.0,815.0,950.0,433,0.0,0.0,0.0
2024-03-05 00:00:00+09:00,999.0,1088.0,900.0,999.0,43,0.0,0.0,0.0
2024-03-06 00:00:00+09:00,999.0,999.0,999.0,999.0,18,0.0,0.0,0.0
2024-03-07 00:00:00+09:00,950.0,950.0,950.0,950.0,500,0.0,0.0,0.0
2024-03-08 00:00:00+09:00,990.0,1000.0,900.0,999.0,10011,0.0,0.0,0.0
2024-03-11 00:00:00+09:00,900.0,999.0,855.0,872.0,127172,0.0,0.0,0.0
2024-03-12 00:00:00+09:00,900.0,999.0,873.0,873.0,508,0.0,0.0,0.0
2024-03-13 00:00:00+09:00,999.0,1002.0,880.0,880.0,2160,0.0,0.0,0.0
2024-03-14 00:00:00+09:00,855.0,999.0,750.0,999.0,196260,0.0,0.0,0.0
2024-03-15 00:00:00+09:00,990.0,1145.0,990.0,1099.0,1359,0.0,0.0,0.0
2024-03-18 00:00:00+09:00,1000.0,1000.0,936.0,936.0,199,0.0,0.0,0.0
2024-03-19 00:00:00+09:00,960.0,971.0,940.0,970.0,309,0.0,0.0,0.0
2024-03-20 00:00:00+09:00,969.0,969.0,969.0,969.0,257,0.0,0.0,0.0
2024-03-21 00:00:00+09:00,969.0,969.0,969.0,969.0,0,0.0,0.0,0.0
2024-03-22 00:00:00+09:00,1096.0,1096.0,1096.0,1096.0,1,0.0,0.0,0.0
2024-03-25 00:00:00+09:00,932.0,1100.0,932.0,1100.0,3875,0.0,0.0,0.0
2024-03-26 00:00:00+09:00,1098.0,1100.0,999.0,999.0,38,0.0,0.0,0.0
2024-03-27 00:00:00+09:00,951.0,993.0,950.0,993.0,421,0.0,0.0,0.0
2024-03-28 00:00:00+09:00,950.0,1044.0,900.0,1044.0,770,0.0,0.0,0.0
2024-03-29 00:00:00+09:00,1098.0,1098.0,950.0,950.0,528,0.0,0.0,0.0
2024-04-01 00:00:00+09:00,1088.0,1088.0,1000.0,1000.0,2,0.0,0.0,0.0
2024-04-02 00:00:00+09:00,951.0,989.0,856.0,984.0,10082,0.0,0.0,0.0
2024-04-03 00:00:00+09:00,950.0,950.0,875.0,895.0,4180,0.0,0.0,0.0
2024-04-04 00:00:00+09:00,894.0,894.0,875.0,875.0,450,0.0,0.0,0.0
2024-04-05 00:00:00+09:00,926.0,945.0,926.0,945.0,2000,0.0,0.0,0.0
2024-04-08 00:00:00+09:00,901.0,901.0,815.0,849.0,9864,0.0,0.0,0.0
2024-04-09 00:00:00+09:00,825.0,870.0,825.0,870.0,11508,0.0,0.0,0.0
2024-04-11 00:00:00+09:00,870.0,870.0,870.0,870.0,0,0.0,0.0,0.0
2024-04-12 00:00:00+09:00,870.0,870.0,870.0,870.0,0,0.0,0.0,0.0
2024-04-15 00:00:00+09:00,866.0,866.0,865.0,865.0,246,0.0,0.0,0.0
2024-04-16 00:00:00+09:00,865.0,865.0,825.0,826.0,2196,0.0,0.0,0.0
2024-04-17 00:00:00+09:00,826.0,826.0,826.0,826.0,0,0.0,0.0,0.0
2024-04-18 00:00:00+09:00,947.0,947.0,947.0,947.0,1,0.0,0.0,0.0
2024-04-19 00:00:00+09:00,875.0,875.0,818.0,818.0,5082,0.0,0.0,0.0
2024-04-22 00:00:00+09:00,801.0,801.0,696.0,770.0,22935,0.0,0.0,0.0
2024-04-23 00:00:00+09:00,799.0,799.0,799.0,799.0,66,0.0,0.0,0.0
2024-04-24 00:00:00+09:00,799.0,799.0,680.0,709.0,27834,0.0,0.0,0.0
2024-04-25 00:00:00+09:00,749.0,749.0,738.0,738.0,504,0.0,0.0,0.0
2024-04-26 00:00:00+09:00,759.0,759.0,757.0,757.0,120,0.0,0.0,0.0
2024-04-29 00:00:00+09:00,710.0,728.0,710.0,725.0,134,0.0,0.0,0.0
2024-04-30 00:00:00+09:00,799.0,799.0,783.0,783.0,461,0.0,0.0,0.0
2024-05-02 00:00:00+09:00,783.0,783.0,783.0,783.0,0,0.0,0.0,0.0
2024-05-03 00:00:00+09:00,800.0,800.0,800.0,800.0,1,0.0,0.0,0.0
2024-05-07 00:00:00+09:00,750.0,780.0,686.0,780.0,15487,0.0,0.0,0.0
2024-05-08 00:00:00+09:00,750.0,750.0,682.0,729.0,11656,0.0,0.0,0.0
2024-05-09 00:00:00+09:00,797.0,797.0,797.0,797.0,1,0.0,0.0,0.0
2024-05-10 00:00:00+09:00,750.0,750.0,700.0,748.0,332,0.0,0.0,0.0
2024-05-13 00:00:00+09:00,778.0,778.0,710.0,770.0,89,0.0,0.0,0.0
2024-05-14 00:00:00+09:00,730.0,797.0,730.0,797.0,101,0.0,0.0,0.0
2024-05-16 00:00:00+09:00,750.0,750.0,681.0,747.0,884,0.0,0.0,0.0
2024-05-17 00:00:00+09:00,681.0,789.0,681.0,779.0,903,0.0,0.0,0.0
2024-05-20 00:00:00+09:00,750.0,750.0,681.0,745.0,311,0.0,0.0,0.0
2024-05-21 00:00:00+09:00,710.0,710.0,710.0,710.0,1108,0.0,0.0,0.0
2024-05-22 00:00:00+09:00,747.0,747.0,747.0,747.0,1,0.0,0.0,0.0
2024-05-23 00:00:00+09:00,715.0,777.0,690.0,747.0,703,0.0,0.0,0.0
2024-05-24 00:00:00+09:00,710.0,784.0,710.0,784.0,101,0.0,0.0,0.0
2024-05-27 00:00:00+09:00,750.0,750.0,710.0,737.0,401,0.0,0.0,0.0
2024-05-28 00:00:00+09:00,710.0,778.0,642.0,759.0,1102,0.0,0.0,0.0
2024-05-29 00:00:00+09:00,710.0,779.0,710.0,779.0,101,0.0,0.0,0.0
2024-05-30 00:00:00+09:00,725.0,770.0,725.0,770.0,101,0.0,0.0,0.0
2024-05-31 00:00:00+09:00,735.0,775.0,735.0,775.0,101,0.0,0.0,0.0
2024-06-03 00:00:00+09:00,720.0,770.0,720.0,770.0,101,0.0,0.0,0.0
2024-06-04 00:00:00+09:00,740.0,788.0,710.0,788.0,301,0.0,0.0,0.0
2024-06-05 00:00:00+09:00,749.0,749.0,699.0,737.0,1000,0.0,0.0,0.0
2024-06-07 00:00:00+09:00,754.0,754.0,754.0,754.0,10,0.0,0.0,0.0
2024-06-10 00:00:00+09:00,720.0,764.0,720.0,764.0,101,0.0,0.0,0.0
2024-06-11 00:00:00+09:00,720.0,783.0,720.0,783.0,101,0.0,0.0,0.0
2024-06-12 00:00:00+09:00,800.0,800.0,800.0,800.0,1,0.0,0.0,0.0
2024-06-13 00:00:00+09:00,720.0,729.0,700.0,700.0,960,0.0,0.0,0.0
2024-06-14 00:00:00+09:00,672.0,721.0,641.0,721.0,571,0.0,0.0,0.0
2024-06-17 00:00:00+09:00,690.0,743.0,661.0,743.0,500,0.0,0.0,0.0
2024-06-18 00:00:00+09:00,700.0,700.0,700.0,700.0,100,0.0,0.0,0.0
2024-06-19 00:00:00+09:00,727.0,727.0,675.0,727.0,3,0.0,0.0,0.0
2024-06-20 00:00:00+09:00,700.0,748.0,670.0,743.0,112,0.0,0.0,0.0
2024-06-21 00:00:00+09:00,700.0,758.0,700.0,757.0,110,0.0,0.0,0.0
2024-06-24 00:00:00+09:00,715.0,783.0,650.0,770.0,10120,0.0,0.0,0.0
2024-06-25 00:00:00+09:00,740.0,740.0,660.0,708.0,614,0.0,0.0,0.0
2024-06-26 00:00:00+09:00,737.0,737.0,737.0,737.0,2,0.0,0.0,0.0
2024-06-27 00:00:00+09:00,700.0,753.0,700.0,753.0,1383,0.0,0.0,0.0
2024-06-28 00:00:00+09:00,720.0,774.0,663.0,772.0,1584,0.0,0.0,0.0
2024-07-01 00:00:00+09:00,710.0,780.0,680.0,775.0,603,0.0,0.0,0.0
2024-07-02 00:00:00+09:00,725.0,788.0,700.0,788.0,210,0.0,0.0,0.0
2024-07-03 00:00:00+09:00,795.0,795.0,795.0,795.0,1,0.0,0.0,0.0
2024-07-04 00:00:00+09:00,718.0,739.0,690.0,690.0,666,0.0,0.0,0.0
2024-07-05 00:00:00+09:00,719.0,719.0,719.0,719.0,2,0.0,0.0,0.0
2024-07-08 00:00:00+09:00,735.0,735.0,690.0,735.0,102,0.0,0.0,0.0
2024-07-09 00:00:00+09:00,700.0,754.0,700.0,754.0,102,0.0,0.0,0.0
2024-07-10 00:00:00+09:00,720.0,774.0,690.0,771.0,302,0.0,0.0,0.0
2024-07-11 00:00:00+09:00,699.0,729.0,699.0,728.0,306,0.0,0.0,0.0
2024-07-12 00:00:00+09:00,700.0,744.0,700.0,744.0,101,0.0,0.0,0.0
2024-07-15 00:00:00+09:00,757.0,757.0,757.0,757.0,3,0.0,0.0,0.0
2024-07-16 00:00:00+09:00,700.0,765.0,700.0,765.0,101,0.0,0.0,0.0
2024-07-17 00:00:00+09:00,699.0,768.0,699.0,768.0,1501,0.0,0.0,0.0
2024-07-18 00:00:00+09:00,699.0,774.0,685.0,774.0,1912,0.0,0.0,0.0
2024-07-19 00:00:00+09:00,701.0,788.0,680.0,780.0,2232,0.0,0.0,0.0
2024-07-22 00:00:00+09:00,700.0,789.0,700.0,789.0,101,0.0,0.0,0.0
2024-07-23 00:00:00+09:00,700.0,799.0,686.0,700.0,614,0.0,0.0,0.0
2024-07-24 00:00:00+09:00,653.0,699.0,650.0,699.0,7634,0.0,0.0,0.0
2024-07-25 00:00:00+09:00,670.0,727.0,652.0,727.0,800,0.0,0.0,0.0
2024-07-26 00:00:00+09:00,651.0,680.0,620.0,679.0,8004,0.0,0.0,0.0
2024-07-29 00:00:00+09:00,650.0,699.0,650.0,660.0,1103,0.0,0.0,0.0
2024-07-30 00:00:00+09:00,670.0,670.0,670.0,670.0,1,0.0,0.0,0.0
2024-07-31 00:00:00+09:00,698.0,698.0,698.0,698.0,1,0.0,0.0,0.0
2024-08-01 00:00:00+09:00,660.0,699.0,660.0,699.0,107,0.0,0.0,0.0
2024-08-02 00:00:00+09:00,665.0,698.0,629.0,629.0,316,0.0,0.0,0.0
2024-08-05 00:00:00+09:00,600.0,655.0,575.0,655.0,301,0.0,0.0,0.0
2024-08-06 00:00:00+09:00,654.0,654.0,652.0,652.0,123,0.0,0.0,0.0
2024-08-07 00:00:00+09:00,555.0,690.0,555.0,680.0,43,0.0,0.0,0.0
2024-08-08 00:00:00+09:00,631.0,631.0,579.0,579.0,380,0.0,0.0,0.0
2024-08-09 00:00:00+09:00,609.0,609.0,609.0,609.0,1,0.0,0.0,0.0
2024-08-12 00:00:00+09:00,639.0,639.0,639.0,639.0,1,0.0,0.0,0.0
2024-08-13 00:00:00+09:00,659.0,659.0,659.0,659.0,1,0.0,0.0,0.0
2024-08-14 00:00:00+09:00,684.0,684.0,576.0,576.0,17,0.0,0.0,0.0
2024-08-16 00:00:00+09:00,609.0,609.0,505.0,506.0,5114,0.0,0.0,0.0
2024-08-19 00:00:00+09:00,506.0,534.0,506.0,534.0,5,0.0,0.0,0.0
2024-08-20 00:00:00+09:00,574.0,574.0,475.0,569.0,168,0.0,0.0,0.0
2024-08-21 00:00:00+09:00,590.0,600.0,516.0,516.0,1633,0.0,0.0,0.0
2024-08-22 00:00:00+09:00,500.0,501.0,481.0,500.0,75,0.0,0.0,0.0
2024-08-23 00:00:00+09:00,475.0,575.0,475.0,501.0,1060,0.0,0.0,0.0
2024-08-26 00:00:00+09:00,501.0,501.0,501.0,501.0,0,0.0,0.0,0.0
2024-08-27 00:00:00+09:00,507.0,581.0,507.0,581.0,1066,0.0,0.0,0.0
2024-08-28 00:00:00+09:00,550.0,650.0,512.0,512.0,442,0.0,0.0,0.0
2024-08-29 00:00:00+09:00,516.0,516.0,516.0,516.0,100,0.0,0.0,0.0
2024-08-30 00:00:00+09:00,530.0,530.0,530.0,530.0,21,0.0,0.0,0.0
2024-09-02 00:00:00+09:00,500.0,600.0,460.0,600.0,102,0.0,0.0,0.0
2024-09-03 00:00:00+09:00,600.0,615.0,550.0,615.0,20161,0.0,0.0,0.0
2024-09-04 00:00:00+09:00,615.0,615.0,615.0,615.0,0,0.0,0.0,0.0
2024-09-05 00:00:00+09:00,650.0,650.0,575.0,575.0,70,0.0,0.0,0.0
2024-09-06 00:00:00+09:00,550.0,604.0,550.0,604.0,2,0.0,0.0,0.0
2024-09-09 00:00:00+09:00,550.0,550.0,550.0,550.0,51,0.0,0.0,0.0
2024-09-10 00:00:00+09:00,575.0,620.0,575.0,620.0,581,0.0,0.0,0.0
2024-09-11 00:00:00+09:00,640.0,640.0,556.0,556.0,11,0.0,0.0,0.0
2024-09-12 00:00:00+09:00,580.0,620.0,556.0,558.0,319,0.0,0.0,0.0
2024-09-13 00:00:00+09:00,580.0,620.0,558.0,620.0,35,0.0,0.0,0.0
2024-09-19 00:00:00+09:00,585.0,634.0,585.0,634.0,55,0.0,0.0,0.0
2024-09-20 00:00:00+09:00,634.0,650.0,634.0,648.0,324,0.0,0.0,0.0
2024-09-23 00:00:00+09:00,674.0,674.0,615.0,669.0,131,0.0,0.0,0.0
2024-09-24 00:00:00+09:00,630.0,660.0,600.0,601.0,9678,0.0,0.0,0.0
2024-09-25 00:00:00+09:00,630.0,660.0,601.0,612.0,4614,0.0,0.0,0.0
2024-09-26 00:00:00+09:00,635.0,635.0,522.0,633.0,20184,0.0,0.0,0.0
2024-09-27 00:00:00+09:00,600.0,690.0,550.0,550.0,442,0.0,0.0,0.0
2024-09-30 00:00:00+09:00,525.0,525.0,525.0,525.0,56,0.0,0.0,0.0
2024-10-02 00:00:00+09:00,522.0,522.0,522.0,522.0,1,0.0,0.0,0.0
2024-10-04 00:00:00+09:00,550.0,560.0,550.0,560.0,432,0.0,0.0,0.0
2024-10-07 00:00:00+09:00,530.0,585.0,500.0,500.0,13,0.0,0.0,0.0
2024-10-08 00:00:00+09:00,470.0,470.0,470.0,470.0,20,0.0,0.0,0.0
2024-10-10 00:00:00+09:00,500.0,500.0,500.0,500.0,59,0.0,0.0,0.0
2024-10-11 00:00:00+09:00,525.0,525.0,525.0,525.0,50,0.0,0.0,0.0
2024-10-14 00:00:00+09:00,525.0,600.0,500.0,500.0,410,0.0,0.0,0.0
2024-10-15 00:00:00+09:00,475.0,575.0,475.0,575.0,7,0.0,0.0,0.0
2024-10-16 00:00:00+09:00,525.0,600.0,489.0,489.0,25,0.0,0.0,0.0
2024-10-17 00:00:00+09:00,460.0,530.0,460.0,502.0,218,0.0,0.0,0.0
2024-10-18 00:00:00+09:00,530.0,530.0,506.0,506.0,374,0.0,0.0,0.0
2024-10-21 00:00:00+09:00,506.0,560.0,506.0,506.0,1256,0.0,0.0,0.0
2024-10-22 00:00:00+09:00,500.0,555.0,500.0,501.0,2449,0.0,0.0,0.0
2024-10-23 00:00:00+09:00,501.0,501.0,501.0,501.0,0,0.0,0.0,0.0
2024-10-24 00:00:00+09:00,505.0,529.0,431.0,450.0,9722,0.0,0.0,0.0
2024-10-25 00:00:00+09:00,480.0,516.0,480.0,516.0,437,0.0,0.0,0.0
2024-10-28 00:00:00+09:00,516.0,516.0,516.0,516.0,15,0.0,0.0,0.0
2024-10-29 00:00:00+09:00,535.0,592.0,535.0,536.0,1413,0.0,0.0,0.0
2024-10-30 00:00:00+09:00,560.0,583.0,456.0,470.0,15121,0.0,0.0,0.0
2024-10-31 00:00:00+09:00,500.0,540.0,473.0,481.0,380,0.0,0.0,0.0
2024-11-01 00:00:00+09:00,505.0,530.0,500.0,500.0,207,0.0,0.0,0.0
2024-11-04 00:00:00+09:00,525.0,550.0,500.0,550.0,151,0.0,0.0,0.0
2024-11-05 00:00:00+09:00,550.0,550.0,550.0,550.0,0,0.0,0.0,0.0
2024-11-06 00:00:00+09:00,520.0,575.0,520.0,575.0,281,0.0,0.0,0.0
2024-11-07 00:00:00+09:00,600.0,625.0,550.0,625.0,301,0.0,0.0,0.0
2024-11-08 00:00:00+09:00,586.0,650.0,585.0,650.0,5001,0.0,0.0,0.0
2024-11-11 00:00:00+09:00,620.0,620.0,553.0,600.0,1960,0.0,0.0,0.0
2024-11-12 00:00:00+09:00,515.0,600.0,510.0,600.0,6085,0.0,0.0,0.0
2024-11-13 00:00:00+09:00,511.0,630.0,510.0,511.0,2113,0.0,0.0,0.0
2024-11-14 00:00:00+09:00,500.0,530.0,450.0,475.0,1011,0.0,0.0,0.0
2024-11-15 00:00:00+09:00,500.0,525.0,416.0,416.0,19542,0.0,0.0,0.0
2024-11-18 00:00:00+09:00,440.0,460.0,440.0,441.0,1813,0.0,0.0,0.0
2024-11-19 00:00:00+09:00,465.0,465.0,402.0,403.0,7966,0.0,0.0,0.0
2024-11-20 00:00:00+09:00,400.0,430.0,388.0,396.0,20168,0.0,0.0,0.0
2024-11-21 00:00:00+09:00,397.0,425.0,397.0,400.0,652,0.0,0.0,0.0
2024-11-22 00:00:00+09:00,420.0,420.0,403.0,405.0,3,0.0,0.0,0.0
2024-11-25 00:00:00+09:00,385.0,465.0,385.0,465.0,2044,0.0,0.0,0.0
2024-11-26 00:00:00+09:00,440.0,485.0,430.0,430.0,72,0.0,0.0,0.0
2024-11-27 00:00:00+09:00,371.0,455.0,371.0,403.0,24,0.0,0.0,0.0
2024-11-28 00:00:00+09:00,405.0,445.0,405.0,407.0,1565,0.0,0.0,0.0
2024-11-29 00:00:00+09:00,408.0,408.0,407.0,407.0,1530,0.0,0.0,0.0
2024-12-02 00:00:00+09:00,430.0,430.0,402.0,402.0,5,0.0,0.0,0.0
2024-12-03 00:00:00+09:00,402.0,462.0,345.0,410.0,2677,0.0,0.0,0.0
2024-12-04 00:00:00+09:00,410.0,430.0,349.0,429.0,120523,0.0,0.0,0.0
2024-12-05 00:00:00+09:00,401.0,429.0,401.0,401.0,6,0.0,0.0,0.0
2024-12-06 00:00:00+09:00,425.0,435.0,425.0,435.0,41,0.0,0.0,0.0
2024-12-09 00:00:00+09:00,460.0,460.0,415.0,415.0,402,0.0,0.0,0.0
2024-12-10 00:00:00+09:00,440.0,460.0,402.0,402.0,272,0.0,0.0,0.0
2024-12-11 00:00:00+09:00,425.0,462.0,425.0,462.0,837,0.0,0.0,0.0
2024-12-12 00:00:00+09:00,485.0,531.0,431.0,431.0,204,0.0,0.0,0.0
2024-12-13 00:00:00+09:00,460.0,460.0,460.0,460.0,1,0.0,0.0,0.0
2024-12-16 00:00:00+09:00,480.0,529.0,435.0,435.0,104,0.0,0.0,0.0
2024-12-17 00:00:00+09:00,465.0,465.0,465.0,465.0,1,0.0,0.0,0.0
2024-12-18 00:00:00+09:00,440.0,510.0,440.0,510.0,160,0.0,0.0,0.0
2024-12-19 00:00:00+09:00,495.0,560.0,495.0,560.0,239,0.0,0.0,0.0
2024-12-20 00:00:00+09:00,590.0,600.0,500.0,600.0,660,0.0,0.0,0.0
2024-12-23 00:00:00+09:00,600.0,600.0,600.0,600.0,11,0.0,0.0,0.0
2024-12-24 00:00:00+09:00,570.0,670.0,570.0,670.0,250,0.0,0.0,0.0
2024-12-26 00:00:00+09:00,640.0,640.0,570.0,570.0,925,0.0,0.0,0.0
2024-12-27 00:00:00+09:00,600.0,600.0,600.0,600.0,8,0.0,0.0,0.0
2024-12-30 00:00:00+09:00,600.0,600.0,600.0,600.0,0,0.0,0.0,0.0
2025-01-02 00:00:00+09:00,600.0,600.0,600.0,600.0,0,0.0,0.0,0.0
2025-01-03 00:00:00+09:00,600.0,625.0,600.0,625.0,111,0.0,0.0,0.0
2025-01-06 00:00:00+09:00,645.0,645.0,590.0,640.0,130,0.0,0.0,0.0
2025-01-07 00:00:00+09:00,610.0,610.0,544.0,610.0,2503,0.0,0.0,0.0
2025-01-08 00:00:00+09:00,580.0,580.0,519.0,519.0,5171,0.0,0.0,0.0
2025-01-09 00:00:00+09:00,550.0,550.0,550.0,550.0,8,0.0,0.0,0.0
2025-01-10 00:00:00+09:00,575.0,575.0,520.0,575.0,3,0.0,0.0,0.0
2025-01-13 00:00:00+09:00,600.0,600.0,600.0,600.0,1,0.0,0.0,0.0
2025-01-14 00:00:00+09:00,570.0,570.0,510.0,550.0,362,0.0,0.0,0.0
2025-01-15 00:00:00+09:00,580.0,600.0,580.0,600.0,100,0.0,0.0,0.0
2025-01-16 00:00:00+09:00,570.0,599.0,510.0,510.0,4815,0.0,0.0,0.0
2025-01-17 00:00:00+09:00,510.0,579.0,510.0,566.0,1132,0.0,0.0,0.0
2025-01-20 00:00:00+09:00,586.0,586.0,586.0,586.0,1,0.0,0.0,0.0
2025-01-21 00:00:00+09:00,555.0,555.0,520.0,520.0,260,0.0,0.0,0.0
2025-01-22 00:00:00+09:00,500.0,500.0,498.0,498.0,500,0.0,0.0,0.0
2025-01-23 00:00:00+09:00,498.0,498.0,498.0,498.0,0,0.0,0.0,0.0
2025-01-24 00:00:00+09:00,498.0,498.0,498.0,498.0,0,0.0,0.0,0.0
2025-01-31 00:00:00+09:00,498.0,498.0,498.0,498.0,0,0.0,0.0,0.0
2025-02-03 00:00:00+09:00,498.0,498.0,498.0,498.0,0,0.0,0.0,0.0
2025-02-04 00:00:00+09:00,525.0,525.0,445.0,524.0,270,0.0,0.0,0.0
2025-02-05 00:00:00+09:00,534.0,534.0,534.0,534.0,1,0.0,0.0,0.0
2025-02-06 00:00:00+09:00,534.0,534.0,534.0,534.0,0,0.0,0.0,0.0
2025-02-07 00:00:00+09:00,565.0,612.0,565.0,611.0,128,0.0,0.0,0.0
2025-02-10 00:00:00+09:00,570.0,570.0,520.0,525.0,358,0.0,0.0,0.0
2025-02-11 00:00:00+09:00,525.0,525.0,525.0,525.0,0,0.0,0.0,0.0
2025-02-12 00:00:00+09:00,525.0,525.0,525.0,525.0,0,0.0,0.0,0.0
2025-02-13 00:00:00+09:00,525.0,525.0,525.0,525.0,0,0.0,0.0,0.0
2025-02-14 00:00:00+09:00,495.0,529.0,495.0,529.0,11,0.0,0.0,0.0
2025-02-17 00:00:00+09:00,559.0,559.0,495.0,495.0,457,0.0,0.0,0.0
2025-02-18 00:00:00+09:00,495.0,495.0,495.0,495.0,0,0.0,0.0,0.0
2025-02-19 00:00:00+09:00,525.0,525.0,521.0,521.0,2,0.0,0.0,0.0
2025-02-20 00:00:00+09:00,521.0,521.0,521.0,521.0,0,0.0,0.0,0.0
2025-02-21 00:00:00+09:00,545.0,545.0,495.0,525.0,697,0.0,0.0,0.0
2025-02-24 00:00:00+09:00,495.0,495.0,495.0,495.0,100,0.0,0.0,0.0
2025-02-25 00:00:00+09:00,480.0,480.0,480.0,480.0,50,0.0,0.0,0.0
2025-02-26 00:00:00+09:00,480.0,480.0,480.0,480.0,10000,0.0,0.0,0.0
2025-02-27 00:00:00+09:00,480.0,480.0,480.0,480.0,0,0.0,0.0,0.0
2025-02-28 00:00:00+09:00,510.0,550.0,416.0,533.0,3035,0.0,0.0,0.0
2025-03-04 00:00:00+09:00,500.0,558.0,500.0,558.0,101,0.0,0.0,0.0
2025-03-05 00:00:00+09:00,525.0,585.0,500.0,585.0,307,0.0,0.0,0.0
2025-03-06 00:00:00+09:00,550.0,600.0,525.0,600.0,158,0.0,0.0,0.0
2025-03-07 00:00:00+09:00,550.0,599.0,510.0,596.0,611,0.0,0.0,0.0
2025-03-10 00:00:00+09:00,507.0,599.0,507.0,599.0,615,0.0,0.0,0.0
2025-03-11 00:00:00+09:00,510.0,599.0,510.0,599.0,301,0.0,0.0,0.0
2025-03-12 00:00:00+09:00,550.0,550.0,510.0,510.0,605,0.0,0.0,0.0
2025-03-13 00:00:00+09:00,559.0,559.0,559.0,559.0,4,0.0,0.0,0.0
2025-03-14 00:00:00+09:00,510.0,510.0,510.0,510.0,100,0.0,0.0,0.0
2025-03-17 00:00:00+09:00,480.0,534.0,456.0,534.0,70,0.0,0.0,0.0
2025-03-18 00:00:00+09:00,510.0,534.0,510.0,534.0,101,0.0,0.0,0.0
2025-03-19 00:00:00+09:00,505.0,505.0,454.0,454.0,1100,0.0,0.0,0.0
2025-03-20 00:00:00+09:00,430.0,430.0,430.0,430.0,36,0.0,0.0,0.0
2025-03-21 00:00:00+09:00,460.0,480.0,460.0,480.0,116,0.0,0.0,0.0
2025-03-24 00:00:00+09:00,500.0,552.0,500.0,552.0,800,0.0,0.0,0.0
2025-03-25 00:00:00+09:00,634.0,634.0,634.0,634.0,1,0.0,0.0,0.0
2025-03-26 00:00:00+09:00,634.0,634.0,634.0,634.0,0,0.0,0.0,0.0
2025-03-27 00:00:00+09:00,625.0,625.0,625.0,625.0,100,0.0,0.0,0.0
2025-03-28 00:00:00+09:00,570.0,570.0,532.0,532.0,395,0.0,0.0,0.0
2025-03-31 00:00:00+09:00,505.0,554.0,455.0,554.0,1167,0.0,0.0,0.0
2025-04-01 00:00:00+09:00,580.0,580.0,580.0,580.0,1,0.0,0.0,0.0
2025-04-02 00:00:00+09:00,600.0,600.0,600.0,600.0,1,0.0,0.0,0.0
2025-04-03 00:00:00+09:00,570.0,600.0,510.0,600.0,553,0.0,0.0,0.0
2025-04-04 00:00:00+09:00,600.0,600.0,599.0,600.0,10900,0.0,0.0,0.0
2025-04-07 00:00:00+09:00,550.0,599.0,550.0,599.0,241,0.0,0.0,0.0
2025-04-08 00:00:00+09:00,615.0,615.0,615.0,615.0,1,0.0,0.0,0.0
2025-04-09 00:00:00+09:00,523.0,630.0,523.0,630.0,7,0.0,0.0,0.0
2025-04-10 00:00:00+09:00,629.0,629.0,628.0,628.0,102,0.0,0.0,0.0
2025-04-11 00:00:00+09:00,627.0,627.0,627.0,627.0,923,0.0,0.0,0.0
2025-04-14 00:00:00+09:00,590.0,600.0,590.0,600.0,630,0.0,0.0,0.0
2025-04-15 00:00:00+09:00,690.0,690.0,600.0,600.0,21,0.0,0.0,0.0
2025-04-16 00:00:00+09:00,600.0,600.0,600.0,600.0,0,0.0,0.0,0.0
2025-04-17 00:00:00+09:00,599.0,600.0,599.0,600.0,10000,0.0,0.0,0.0
2025-04-18 00:00:00+09:00,615.0,625.0,610.0,610.0,4748,0.0,0.0,0.0
2025-04-21 00:00:00+09:00,610.0,610.0,610.0,610.0,50,0.0,0.0,0.0
2025-04-22 00:00:00+09:00,620.0,650.0,620.0,640.0,1182,0.0,0.0,0.0
2025-04-23 00:00:00+09:00,640.0,640.0,640.0,640.0,0,0.0,0.0,0.0
2025-04-24 00:00:00+09:00,639.0,639.0,639.0,639.0,1,0.0,0.0,0.0
2025-04-25 00:00:00+09:00,639.0,639.0,639.0,639.0,83,0.0,0.0,0.0
