Date,Open,High,Low,Close,Volume,Dividends,Stock Splits
2019-06-10 00:00:00+09:00,17000.0,21250.0,17000.0,19250.0,12302520,0.0,0.0
2019-06-11 00:00:00+09:00,19450.0,19600.0,17500.0,17800.0,1993776,0.0,0.0
2019-06-12 00:00:00+09:00,18750.0,18750.0,16850.0,17100.0,1427654,0.0,0.0
2019-06-13 00:00:00+09:00,16700.0,17300.0,16100.0,16350.0,676554,0.0,0.0
2019-06-14 00:00:00+09:00,16350.0,17050.0,15150.0,15250.0,952363,0.0,0.0
2019-06-17 00:00:00+09:00,15300.0,15450.0,14600.0,14800.0,513001,0.0,0.0
2019-06-18 00:00:00+09:00,14850.0,15000.0,13950.0,14100.0,637585,0.0,0.0
2019-06-19 00:00:00+09:00,14400.0,14650.0,14000.0,14150.0,381172,0.0,0.0
2019-06-20 00:00:00+09:00,14200.0,14350.0,14050.0,14100.0,337374,0.0,0.0
2019-06-21 00:00:00+09:00,14100.0,15150.0,14050.0,14300.0,619926,0.0,0.0
2019-06-24 00:00:00+09:00,14500.0,14500.0,13300.0,13350.0,336095,0.0,0.0
2019-06-25 00:00:00+09:00,13400.0,13850.0,12650.0,12850.0,311359,0.0,0.0
2019-06-26 00:00:00+09:00,12850.0,13350.0,12600.0,12750.0,302069,0.0,0.0
2019-06-27 00:00:00+09:00,12850.0,13050.0,12150.0,12350.0,256325,0.0,0.0
2019-06-28 00:00:00+09:00,12350.0,12700.0,12150.0,12250.0,295600,0.0,0.0
2019-07-01 00:00:00+09:00,12350.0,12850.0,12150.0,12500.0,242287,0.0,0.0
2019-07-02 00:00:00+09:00,12600.0,13350.0,12450.0,12750.0,347195,0.0,0.0
2019-07-03 00:00:00+09:00,13000.0,13000.0,12400.0,12450.0,114392,0.0,0.0
2019-07-04 00:00:00+09:00,12450.0,12550.0,11750.0,11900.0,231342,0.0,0.0
2019-07-05 00:00:00+09:00,11900.0,12000.0,11700.0,11800.0,93595,0.0,0.0
2019-07-08 00:00:00+09:00,11850.0,12000.0,11200.0,11300.0,137416,0.0,0.0
2019-07-09 00:00:00+09:00,11200.0,11450.0,10850.0,11100.0,125583,0.0,0.0
2019-07-10 00:00:00+09:00,11250.0,11400.0,11000.0,11250.0,156403,0.0,0.0
2019-07-11 00:00:00+09:00,11350.0,14600.0,11300.0,13400.0,4086027,0.0,0.0
2019-07-12 00:00:00+09:00,13400.0,13650.0,12800.0,13450.0,735818,0.0,0.0
2019-07-15 00:00:00+09:00,13500.0,14000.0,13100.0,13750.0,923692,0.0,0.0
2019-07-16 00:00:00+09:00,14100.0,14750.0,13050.0,13200.0,872960,0.0,0.0
2019-07-17 00:00:00+09:00,13300.0,13300.0,12150.0,12400.0,319253,0.0,0.0
2019-07-18 00:00:00+09:00,12400.0,12650.0,11800.0,11800.0,251909,0.0,0.0
2019-07-19 00:00:00+09:00,11850.0,12700.0,11700.0,12600.0,432649,0.0,0.0
2019-07-22 00:00:00+09:00,12750.0,14450.0,12650.0,13850.0,2129998,0.0,0.0
2019-07-23 00:00:00+09:00,13950.0,14150.0,13300.0,13750.0,530282,0.0,0.0
2019-07-24 00:00:00+09:00,13850.0,15200.0,13700.0,14350.0,1629171,0.0,0.0
2019-07-25 00:00:00+09:00,14400.0,14750.0,13550.0,13550.0,704795,0.0,0.0
2019-07-26 00:00:00+09:00,13350.0,13800.0,12600.0,12750.0,414774,0.0,0.0
2019-07-29 00:00:00+09:00,13000.0,14900.0,12700.0,14150.0,1855764,0.0,0.0
2019-07-30 00:00:00+09:00,14450.0,15450.0,14150.0,15400.0,1544821,0.0,0.0
2019-07-31 00:00:00+09:00,15950.0,16400.0,13600.0,13800.0,1683251,0.0,0.0
2019-08-01 00:00:00+09:00,13650.0,14400.0,13200.0,13550.0,458825,0.0,0.0
2019-08-02 00:00:00+09:00,13550.0,14100.0,13150.0,13450.0,341211,0.0,0.0
2019-08-05 00:00:00+09:00,13700.0,14500.0,13600.0,14450.0,819931,0.0,0.0
2019-08-06 00:00:00+09:00,14200.0,14450.0,12800.0,13650.0,669180,0.0,0.0
2019-08-07 00:00:00+09:00,14000.0,14500.0,13850.0,14300.0,700918,0.0,0.0
2019-08-08 00:00:00+09:00,14500.0,14650.0,13500.0,14050.0,439776,0.0,0.0
2019-08-09 00:00:00+09:00,14100.0,14150.0,13600.0,13650.0,221245,0.0,0.0
2019-08-12 00:00:00+09:00,13750.0,13750.0,12850.0,12950.0,279846,0.0,0.0
2019-08-13 00:00:00+09:00,13050.0,13350.0,12000.0,12100.0,400946,0.0,0.0
2019-08-14 00:00:00+09:00,12300.0,12700.0,12150.0,12300.0,238159,0.0,0.0
2019-08-16 00:00:00+09:00,12200.0,12500.0,11800.0,11800.0,125724,0.0,0.0
2019-08-19 00:00:00+09:00,12000.0,12350.0,11800.0,11900.0,139815,0.0,0.0
2019-08-20 00:00:00+09:00,12000.0,12350.0,11900.0,12200.0,92872,0.0,0.0
2019-08-21 00:00:00+09:00,12150.0,12600.0,12150.0,12200.0,136029,0.0,0.0
2019-08-22 00:00:00+09:00,12300.0,12400.0,11900.0,12050.0,115315,0.0,0.0
2019-08-23 00:00:00+09:00,12100.0,12350.0,11800.0,11950.0,155402,0.0,0.0
2019-08-26 00:00:00+09:00,11500.0,11750.0,11000.0,11100.0,191764,0.0,0.0
2019-08-27 00:00:00+09:00,11300.0,11600.0,11050.0,11050.0,92770,0.0,0.0
2019-08-28 00:00:00+09:00,10900.0,11200.0,10900.0,11100.0,95198,0.0,0.0
2019-08-29 00:00:00+09:00,11300.0,11500.0,11100.0,11100.0,72100,0.0,0.0
2019-08-30 00:00:00+09:00,11200.0,11500.0,11200.0,11200.0,107049,0.0,0.0
2019-09-02 00:00:00+09:00,11200.0,11350.0,11150.0,11300.0,61784,0.0,0.0
2019-09-03 00:00:00+09:00,11250.0,11500.0,11200.0,11300.0,85346,0.0,0.0
2019-09-04 00:00:00+09:00,11350.0,11650.0,11300.0,11550.0,134213,0.0,0.0
2019-09-05 00:00:00+09:00,11700.0,11700.0,11400.0,11550.0,90360,0.0,0.0
2019-09-06 00:00:00+09:00,11550.0,11700.0,11300.0,11300.0,64992,0.0,0.0
2019-09-09 00:00:00+09:00,11250.0,11450.0,11050.0,11100.0,58751,0.0,0.0
2019-09-10 00:00:00+09:00,11150.0,11450.0,11100.0,11150.0,75276,0.0,0.0
2019-09-11 00:00:00+09:00,11200.0,11400.0,11150.0,11300.0,39605,0.0,0.0
2019-09-16 00:00:00+09:00,11400.0,11750.0,11350.0,11500.0,125858,0.0,0.0
2019-09-17 00:00:00+09:00,11450.0,11650.0,11400.0,11550.0,83981,0.0,0.0
2019-09-18 00:00:00+09:00,11600.0,11750.0,11500.0,11650.0,71474,0.0,0.0
2019-09-19 00:00:00+09:00,11700.0,11950.0,11450.0,11600.0,118612,0.0,0.0
2019-09-20 00:00:00+09:00,11600.0,11700.0,11450.0,11500.0,61835,0.0,0.0
2019-09-23 00:00:00+09:00,11500.0,11800.0,11500.0,11600.0,79171,0.0,0.0
2019-09-24 00:00:00+09:00,11650.0,11800.0,11450.0,11450.0,64875,0.0,0.0
2019-09-25 00:00:00+09:00,11400.0,11500.0,11150.0,11150.0,68520,0.0,0.0
2019-09-26 00:00:00+09:00,11150.0,11450.0,11050.0,11100.0,66060,0.0,0.0
2019-09-27 00:00:00+09:00,11100.0,11200.0,10850.0,10900.0,60436,0.0,0.0
2019-09-30 00:00:00+09:00,10900.0,11150.0,10300.0,10500.0,97818,0.0,0.0
2019-10-01 00:00:00+09:00,10550.0,10600.0,10300.0,10600.0,54829,0.0,0.0
2019-10-02 00:00:00+09:00,10450.0,10800.0,10400.0,10550.0,46957,0.0,0.0
2019-10-04 00:00:00+09:00,10550.0,10750.0,10400.0,10550.0,55409,0.0,0.0
2019-10-07 00:00:00+09:00,10600.0,10800.0,10450.0,10700.0,58918,0.0,0.0
2019-10-08 00:00:00+09:00,10700.0,10800.0,10550.0,10650.0,46380,0.0,0.0
2019-10-10 00:00:00+09:00,10650.0,10850.0,10600.0,10800.0,30746,0.0,0.0
2019-10-11 00:00:00+09:00,10800.0,10850.0,10550.0,10550.0,45108,0.0,0.0
2019-10-14 00:00:00+09:00,10650.0,11000.0,10550.0,10700.0,56670,0.0,0.0
2019-10-15 00:00:00+09:00,10750.0,10800.0,10650.0,10800.0,27424,0.0,0.0
2019-10-16 00:00:00+09:00,10800.0,10900.0,10700.0,10700.0,30093,0.0,0.0
2019-10-17 00:00:00+09:00,10750.0,10750.0,10550.0,10600.0,41372,0.0,0.0
2019-10-18 00:00:00+09:00,10600.0,11350.0,10600.0,10800.0,190755,0.0,0.0
2019-10-21 00:00:00+09:00,10800.0,11550.0,10750.0,11350.0,274714,0.0,0.0
2019-10-22 00:00:00+09:00,11350.0,11450.0,11100.0,11200.0,65075,0.0,0.0
2019-10-23 00:00:00+09:00,11150.0,11250.0,10800.0,10800.0,85781,0.0,0.0
2019-10-24 00:00:00+09:00,10800.0,10900.0,10600.0,10700.0,35887,0.0,0.0
2019-10-25 00:00:00+09:00,10750.0,10800.0,10500.0,10550.0,54028,0.0,0.0
2019-10-28 00:00:00+09:00,10500.0,10700.0,10500.0,10650.0,32311,0.0,0.0
2019-10-29 00:00:00+09:00,10600.0,10750.0,10500.0,10600.0,42464,0.0,0.0
2019-10-30 00:00:00+09:00,10700.0,10900.0,10500.0,10550.0,65395,0.0,0.0
2019-10-31 00:00:00+09:00,10650.0,10650.0,10500.0,10500.0,48134,0.0,0.0
2019-11-01 00:00:00+09:00,10600.0,10800.0,10450.0,10500.0,45486,0.0,0.0
2019-11-04 00:00:00+09:00,10500.0,10750.0,10450.0,10500.0,72087,0.0,0.0
2019-11-05 00:00:00+09:00,10550.0,10600.0,10350.0,10450.0,92498,0.0,0.0
2019-11-06 00:00:00+09:00,10400.0,10600.0,10350.0,10450.0,47079,0.0,0.0
2019-11-07 00:00:00+09:00,10450.0,10650.0,10400.0,10500.0,46648,0.0,0.0
2019-11-08 00:00:00+09:00,10550.0,10700.0,10550.0,10600.0,41526,0.0,0.0
2019-11-11 00:00:00+09:00,10700.0,10950.0,10600.0,10800.0,103977,0.0,0.0
2019-11-12 00:00:00+09:00,10850.0,10950.0,10600.0,10750.0,42618,0.0,0.0
2019-11-13 00:00:00+09:00,10700.0,10850.0,10500.0,10550.0,72064,0.0,0.0
2019-11-14 00:00:00+09:00,10500.0,10700.0,10500.0,10500.0,51846,0.0,0.0
2019-11-15 00:00:00+09:00,10500.0,10550.0,10400.0,10450.0,51313,0.0,0.0
2019-11-18 00:00:00+09:00,10450.0,10500.0,10300.0,10400.0,50504,0.0,0.0
2019-11-19 00:00:00+09:00,10400.0,10500.0,10100.0,10250.0,74048,0.0,0.0
2019-11-20 00:00:00+09:00,10200.0,10250.0,9920.0,9920.0,79215,0.0,0.0
2019-11-21 00:00:00+09:00,10000.0,10000.0,9680.0,9680.0,71574,0.0,0.0
2019-11-22 00:00:00+09:00,9680.0,9820.0,9630.0,9660.0,18003,0.0,0.0
2019-11-25 00:00:00+09:00,9670.0,9930.0,9670.0,9800.0,18855,0.0,0.0
2019-11-26 00:00:00+09:00,9800.0,9950.0,9700.0,9800.0,27559,0.0,0.0
2019-11-27 00:00:00+09:00,9780.0,9870.0,9770.0,9840.0,14414,0.0,0.0
2019-11-28 00:00:00+09:00,9840.0,9880.0,9700.0,9720.0,14542,0.0,0.0
2019-11-29 00:00:00+09:00,9740.0,9770.0,9410.0,9450.0,39511,0.0,0.0
2019-12-02 00:00:00+09:00,9430.0,9630.0,9430.0,9460.0,10740,0.0,0.0
2019-12-03 00:00:00+09:00,9360.0,9360.0,9110.0,9120.0,46622,0.0,0.0
2019-12-04 00:00:00+09:00,9150.0,9190.0,9000.0,9020.0,37344,0.0,0.0
2019-12-05 00:00:00+09:00,8940.0,9160.0,8910.0,9020.0,20522,0.0,0.0
2019-12-06 00:00:00+09:00,8940.0,9110.0,8940.0,9040.0,15184,0.0,0.0
2019-12-09 00:00:00+09:00,9090.0,9090.0,8950.0,9020.0,10580,0.0,0.0
2019-12-10 00:00:00+09:00,9000.0,9000.0,8800.0,8900.0,26300,0.0,0.0
2019-12-11 00:00:00+09:00,8990.0,9130.0,8810.0,8940.0,32496,0.0,0.0
2019-12-12 00:00:00+09:00,9000.0,9120.0,8920.0,8930.0,34360,0.0,0.0
2019-12-13 00:00:00+09:00,9020.0,9180.0,9000.0,9110.0,38060,0.0,0.0
2019-12-16 00:00:00+09:00,9120.0,9790.0,9120.0,9550.0,101304,0.0,0.0
2019-12-17 00:00:00+09:00,9590.0,9660.0,9420.0,9500.0,12964,0.0,0.0
2019-12-18 00:00:00+09:00,9500.0,9500.0,9350.0,9390.0,12123,0.0,0.0
2019-12-19 00:00:00+09:00,9440.0,9680.0,9390.0,9680.0,40152,0.0,0.0
2019-12-20 00:00:00+09:00,9690.0,9690.0,9450.0,9550.0,22747,0.0,0.0
2019-12-23 00:00:00+09:00,9500.0,9590.0,9340.0,9380.0,18201,0.0,0.0
2019-12-24 00:00:00+09:00,9300.0,9400.0,9300.0,9350.0,13543,0.0,0.0
2019-12-26 00:00:00+09:00,9350.0,9450.0,9140.0,9170.0,20148,0.0,0.0
2019-12-27 00:00:00+09:00,9260.0,9410.0,9160.0,9360.0,27508,0.0,0.0
2019-12-30 00:00:00+09:00,9270.0,9440.0,9270.0,9400.0,15480,0.0,0.0
2020-01-02 00:00:00+09:00,9310.0,9470.0,9300.0,9470.0,12573,0.0,0.0
2020-01-03 00:00:00+09:00,9470.0,9520.0,9310.0,9500.0,9155,0.0,0.0
2020-01-06 00:00:00+09:00,9490.0,9500.0,8970.0,9190.0,39721,0.0,0.0
2020-01-07 00:00:00+09:00,9190.0,9780.0,9190.0,9650.0,65731,0.0,0.0
2020-01-08 00:00:00+09:00,9710.0,9710.0,8990.0,9220.0,77824,0.0,0.0
2020-01-09 00:00:00+09:00,9290.0,9670.0,9290.0,9440.0,46046,0.0,0.0
2020-01-10 00:00:00+09:00,9470.0,9720.0,9470.0,9680.0,42975,0.0,0.0
2020-01-13 00:00:00+09:00,9720.0,10800.0,9710.0,10600.0,581668,0.0,0.0
2020-01-14 00:00:00+09:00,10700.0,13600.0,10300.0,12650.0,6293879,0.0,0.0
2020-01-15 00:00:00+09:00,12450.0,14850.0,12250.0,13000.0,4532664,0.0,0.0
2020-01-16 00:00:00+09:00,13000.0,13450.0,12900.0,13000.0,815176,0.0,0.0
2020-01-17 00:00:00+09:00,13200.0,14500.0,13100.0,13300.0,4112809,0.0,0.0
2020-01-20 00:00:00+09:00,13300.0,13450.0,13100.0,13250.0,231237,0.0,0.0
2020-01-21 00:00:00+09:00,13300.0,13400.0,13150.0,13250.0,139529,0.0,0.0
2020-01-22 00:00:00+09:00,13100.0,13350.0,12550.0,12650.0,213604,0.0,0.0
2020-01-23 00:00:00+09:00,12950.0,13450.0,12600.0,12750.0,414348,0.0,0.0
2020-01-28 00:00:00+09:00,11950.0,12900.0,11600.0,12750.0,453976,0.0,0.0
2020-01-29 00:00:00+09:00,12700.0,14050.0,12550.0,13250.0,1948198,0.0,0.0
2020-01-30 00:00:00+09:00,13150.0,13350.0,12200.0,12200.0,334464,0.0,0.0
2020-01-31 00:00:00+09:00,12300.0,12650.0,11900.0,12200.0,233406,0.0,0.0
2020-02-03 00:00:00+09:00,12000.0,12750.0,11950.0,12550.0,268081,0.0,0.0
2020-02-04 00:00:00+09:00,12550.0,12850.0,12400.0,12500.0,166496,0.0,0.0
2020-02-05 00:00:00+09:00,12600.0,13350.0,12450.0,12700.0,285137,0.0,0.0
2020-02-06 00:00:00+09:00,12850.0,14000.0,12800.0,13800.0,774295,0.0,0.0
2020-02-07 00:00:00+09:00,13700.0,14100.0,13200.0,13800.0,502796,0.0,0.0
2020-02-10 00:00:00+09:00,14100.0,14650.0,13650.0,13750.0,709469,0.0,0.0
2020-02-11 00:00:00+09:00,13750.0,14000.0,13500.0,13500.0,204798,0.0,0.0
2020-02-12 00:00:00+09:00,13500.0,13650.0,12950.0,13000.0,175771,0.0,0.0
2020-02-13 00:00:00+09:00,13100.0,13150.0,12550.0,12600.0,176620,0.0,0.0
2020-02-14 00:00:00+09:00,12500.0,12750.0,12400.0,12550.0,102603,0.0,0.0
2020-02-17 00:00:00+09:00,12550.0,12600.0,12250.0,12450.0,75385,0.0,0.0
2020-02-18 00:00:00+09:00,12450.0,12900.0,11950.0,12250.0,157313,0.0,0.0
2020-02-19 00:00:00+09:00,12300.0,12400.0,11650.0,11800.0,143201,0.0,0.0
2020-02-20 00:00:00+09:00,11950.0,12150.0,11650.0,11700.0,77657,0.0,0.0
2020-02-21 00:00:00+09:00,11400.0,11850.0,11250.0,11350.0,106727,0.0,0.0
2020-02-24 00:00:00+09:00,10900.0,11150.0,10400.0,10700.0,123111,0.0,0.0
2020-02-25 00:00:00+09:00,10700.0,11350.0,10700.0,11150.0,75048,0.0,0.0
2020-02-26 00:00:00+09:00,10800.0,11300.0,10750.0,10900.0,50144,0.0,0.0
2020-02-27 00:00:00+09:00,10900.0,11150.0,10000.0,10250.0,87119,0.0,0.0
2020-02-28 00:00:00+09:00,10000.0,11150.0,10000.0,10200.0,250746,0.0,0.0
2020-03-02 00:00:00+09:00,10350.0,10800.0,10150.0,10600.0,76173,0.0,0.0
2020-03-03 00:00:00+09:00,10900.0,10900.0,10350.0,10350.0,51627,0.0,0.0
2020-03-04 00:00:00+09:00,10250.0,11550.0,10250.0,11100.0,305713,0.0,0.0
2020-03-05 00:00:00+09:00,11250.0,11450.0,10900.0,11350.0,106108,0.0,0.0
2020-03-06 00:00:00+09:00,11150.0,11200.0,10800.0,10900.0,75039,0.0,0.0
2020-03-09 00:00:00+09:00,10700.0,10700.0,10250.0,10300.0,64938,0.0,0.0
2020-03-10 00:00:00+09:00,10050.0,10700.0,9980.0,10550.0,97411,0.0,0.0
2020-03-11 00:00:00+09:00,10550.0,10650.0,9860.0,10050.0,67284,0.0,0.0
2020-03-12 00:00:00+09:00,9950.0,10100.0,9040.0,9150.0,93603,0.0,0.0
2020-03-13 00:00:00+09:00,8020.0,8370.0,7300.0,7790.0,144470,0.0,0.0
2020-03-16 00:00:00+09:00,7810.0,8370.0,7020.0,7020.0,151555,0.0,0.0
2020-03-17 00:00:00+09:00,6510.0,7790.0,6500.0,7490.0,142424,0.0,0.0
2020-03-18 00:00:00+09:00,7500.0,7870.0,6980.0,6980.0,54836,0.0,0.0
2020-03-19 00:00:00+09:00,7000.0,7500.0,5640.0,5680.0,181088,0.0,0.0
2020-03-20 00:00:00+09:00,5750.0,6180.0,5750.0,6090.0,98584,0.0,0.0
2020-03-23 00:00:00+09:00,5740.0,5740.0,5410.0,5600.0,58416,0.0,0.0
2020-03-24 00:00:00+09:00,5630.0,6150.0,5630.0,5970.0,52092,0.0,0.0
2020-03-25 00:00:00+09:00,6150.0,6590.0,6050.0,6590.0,104620,0.0,0.0
2020-03-26 00:00:00+09:00,6600.0,7250.0,6410.0,6700.0,139205,0.0,0.0
2020-03-27 00:00:00+09:00,7010.0,7090.0,6450.0,6860.0,110760,0.0,0.0
2020-03-30 00:00:00+09:00,6730.0,8910.0,6630.0,8910.0,504472,0.0,0.0
2020-03-31 00:00:00+09:00,9630.0,10300.0,9130.0,9450.0,352510,0.0,0.0
2020-04-01 00:00:00+09:00,9730.0,9880.0,8940.0,9000.0,148196,0.0,0.0
2020-04-02 00:00:00+09:00,9430.0,9430.0,8780.0,9380.0,118940,0.0,0.0
2020-04-03 00:00:00+09:00,9730.0,12000.0,9540.0,11350.0,1672031,0.0,0.0
2020-04-06 00:00:00+09:00,11350.0,13050.0,11000.0,11550.0,1418563,0.0,0.0
2020-04-07 00:00:00+09:00,11900.0,11950.0,11050.0,11400.0,232812,0.0,0.0
2020-04-08 00:00:00+09:00,11600.0,11650.0,10450.0,10750.0,248465,0.0,0.0
2020-04-09 00:00:00+09:00,10800.0,11050.0,10450.0,10900.0,128419,0.0,0.0
2020-04-10 00:00:00+09:00,11000.0,11450.0,9250.0,10050.0,291572,0.0,0.0
2020-04-13 00:00:00+09:00,9920.0,10250.0,9390.0,9460.0,121876,0.0,0.0
2020-04-14 00:00:00+09:00,9660.0,9750.0,9430.0,9520.0,84698,0.0,0.0
2020-04-16 00:00:00+09:00,9650.0,9750.0,9080.0,9150.0,126884,0.0,0.0
2020-04-17 00:00:00+09:00,9180.0,11050.0,9180.0,9960.0,712294,0.0,0.0
2020-04-20 00:00:00+09:00,9990.0,10150.0,9850.0,10050.0,89305,0.0,0.0
2020-04-21 00:00:00+09:00,9980.0,10600.0,9250.0,9810.0,186136,0.0,0.0
2020-04-22 00:00:00+09:00,9580.0,9780.0,9250.0,9630.0,120663,0.0,0.0
2020-04-23 00:00:00+09:00,9710.0,9900.0,9570.0,9640.0,79795,0.0,0.0
2020-04-24 00:00:00+09:00,9640.0,10600.0,9550.0,10000.0,264569,0.0,0.0
2020-04-27 00:00:00+09:00,10400.0,11300.0,10100.0,11050.0,465974,0.0,0.0
2020-04-28 00:00:00+09:00,11300.0,11750.0,10700.0,10750.0,400875,0.0,0.0
2020-04-29 00:00:00+09:00,10850.0,11350.0,10800.0,10850.0,233002,0.0,0.0
2020-05-04 00:00:00+09:00,10750.0,11550.0,10650.0,11150.0,342407,0.0,0.0
2020-05-06 00:00:00+09:00,11350.0,11650.0,11050.0,11200.0,152985,0.0,0.0
2020-05-07 00:00:00+09:00,11200.0,11400.0,10950.0,11250.0,94587,0.0,0.0
2020-05-08 00:00:00+09:00,11200.0,11300.0,11000.0,11100.0,75071,0.0,0.0
2020-05-11 00:00:00+09:00,11150.0,11150.0,10650.0,10700.0,105457,0.0,0.0
2020-05-12 00:00:00+09:00,10650.0,10800.0,10350.0,10500.0,50089,0.0,0.0
2020-05-13 00:00:00+09:00,10500.0,10850.0,10400.0,10450.0,56334,0.0,0.0
2020-05-14 00:00:00+09:00,10450.0,10550.0,10000.0,10100.0,106180,0.0,0.0
2020-05-15 00:00:00+09:00,10150.0,11200.0,10100.0,10800.0,324096,0.0,0.0
2020-05-18 00:00:00+09:00,10900.0,11400.0,10700.0,11200.0,186932,0.0,0.0
2020-05-19 00:00:00+09:00,11400.0,12350.0,11150.0,12200.0,561568,0.0,0.0
2020-05-20 00:00:00+09:00,12150.0,12650.0,11600.0,11700.0,432364,0.0,0.0
2020-05-21 00:00:00+09:00,11900.0,12550.0,11750.0,12400.0,348660,0.0,0.0
2020-05-22 00:00:00+09:00,12650.0,12800.0,11850.0,12100.0,309041,0.0,0.0
2020-05-25 00:00:00+09:00,12000.0,12100.0,11600.0,11850.0,142841,0.0,0.0
2020-05-26 00:00:00+09:00,11850.0,12050.0,11700.0,12000.0,114667,0.0,0.0
2020-05-27 00:00:00+09:00,12000.0,12600.0,11650.0,12600.0,341971,0.0,0.0
2020-05-28 00:00:00+09:00,12650.0,13150.0,11600.0,12300.0,512421,0.0,0.0
2020-05-29 00:00:00+09:00,12400.0,13700.0,12250.0,12900.0,726210,0.0,0.0
2020-06-01 00:00:00+09:00,12850.0,13250.0,12700.0,12900.0,258923,0.0,0.0
2020-06-02 00:00:00+09:00,12900.0,13100.0,12650.0,12700.0,165403,0.0,0.0
2020-06-03 00:00:00+09:00,12900.0,12950.0,12300.0,12350.0,131752,0.0,0.0
2020-06-04 00:00:00+09:00,12350.0,13400.0,12200.0,12700.0,362134,0.0,0.0
2020-06-05 00:00:00+09:00,12600.0,12750.0,12400.0,12650.0,74788,0.0,0.0
2020-06-08 00:00:00+09:00,12750.0,12900.0,12600.0,12700.0,96279,0.0,0.0
2020-06-09 00:00:00+09:00,12700.0,13100.0,12250.0,12450.0,101248,0.0,0.0
2020-06-10 00:00:00+09:00,12450.0,12450.0,11950.0,12200.0,100436,0.0,0.0
2020-06-11 00:00:00+09:00,12150.0,12700.0,12000.0,12200.0,158508,0.0,0.0
2020-06-12 00:00:00+09:00,11600.0,11800.0,11050.0,11650.0,175443,0.0,0.0
2020-06-15 00:00:00+09:00,11500.0,11750.0,10650.0,10700.0,162887,0.0,0.0
2020-06-16 00:00:00+09:00,11050.0,11400.0,11050.0,11300.0,96691,0.0,0.0
2020-06-17 00:00:00+09:00,11050.0,11900.0,11050.0,11400.0,140018,0.0,0.0
2020-06-18 00:00:00+09:00,11500.0,11700.0,11100.0,11500.0,99433,0.0,0.0
2020-06-19 00:00:00+09:00,11500.0,12250.0,11350.0,12050.0,211044,0.0,0.0
2020-06-22 00:00:00+09:00,12200.0,12300.0,11850.0,12300.0,85643,0.0,0.0
2020-06-23 00:00:00+09:00,12350.0,12450.0,11900.0,11950.0,79200,0.0,0.0
2020-06-24 00:00:00+09:00,12000.0,12400.0,11900.0,12250.0,81979,0.0,0.0
2020-06-25 00:00:00+09:00,11950.0,12200.0,11700.0,11900.0,60179,0.0,0.0
2020-06-26 00:00:00+09:00,12050.0,12500.0,11600.0,12100.0,158557,0.0,0.0
2020-06-29 00:00:00+09:00,11850.0,12500.0,11850.0,12150.0,139956,0.0,0.0
2020-06-30 00:00:00+09:00,12350.0,12500.0,12000.0,12200.0,128293,0.0,0.0
2020-07-01 00:00:00+09:00,12350.0,12500.0,11800.0,11800.0,161033,0.0,0.0
2020-07-02 00:00:00+09:00,11700.0,12550.0,11650.0,12450.0,148654,0.0,0.0
2020-07-03 00:00:00+09:00,12700.0,12750.0,12100.0,12200.0,138910,0.0,0.0
2020-07-06 00:00:00+09:00,12250.0,12450.0,12000.0,12300.0,100481,0.0,0.0
2020-07-07 00:00:00+09:00,12350.0,12400.0,11950.0,12000.0,105804,0.0,0.0
2020-07-08 00:00:00+09:00,12100.0,12100.0,11750.0,11850.0,61643,0.0,0.0
2020-07-09 00:00:00+09:00,11950.0,12100.0,11700.0,11850.0,74987,0.0,0.0
2020-07-10 00:00:00+09:00,11850.0,11950.0,11500.0,11550.0,51816,0.0,0.0
2020-07-13 00:00:00+09:00,11550.0,11700.0,11400.0,11500.0,44196,0.0,0.0
2020-07-14 00:00:00+09:00,11450.0,11550.0,11200.0,11400.0,53614,0.0,0.0
2020-07-15 00:00:00+09:00,11700.0,11700.0,11400.0,11550.0,38330,0.0,0.0
2020-07-16 00:00:00+09:00,11400.0,12400.0,11400.0,11950.0,267029,0.0,0.0
2020-07-17 00:00:00+09:00,12350.0,12450.0,11600.0,11800.0,128138,0.0,0.0
2020-07-20 00:00:00+09:00,11750.0,11750.0,11450.0,11600.0,51978,0.0,0.0
2020-07-21 00:00:00+09:00,11550.0,11700.0,11450.0,11600.0,29345,0.0,0.0
2020-07-22 00:00:00+09:00,11600.0,11700.0,11350.0,11600.0,44422,0.0,0.0
2020-07-23 00:00:00+09:00,11650.0,11650.0,11350.0,11550.0,41188,0.0,0.0
2020-07-24 00:00:00+09:00,11500.0,11550.0,11250.0,11350.0,29978,0.0,0.0
2020-07-27 00:00:00+09:00,11300.0,11900.0,11300.0,11500.0,97903,0.0,0.0
2020-07-28 00:00:00+09:00,11550.0,11600.0,11350.0,11500.0,36809,0.0,0.0
2020-07-29 00:00:00+09:00,11450.0,11500.0,11300.0,11450.0,19511,0.0,0.0
2020-07-30 00:00:00+09:00,11450.0,11450.0,11150.0,11200.0,47243,0.0,0.0
2020-07-31 00:00:00+09:00,11200.0,11300.0,10900.0,11000.0,44488,0.0,0.0
2020-08-03 00:00:00+09:00,11000.0,11100.0,10800.0,10850.0,42172,0.0,0.0
2020-08-04 00:00:00+09:00,10850.0,11100.0,10750.0,10850.0,44208,0.0,0.0
2020-08-05 00:00:00+09:00,10850.0,11150.0,10800.0,10900.0,48188,0.0,0.0
2020-08-06 00:00:00+09:00,10850.0,11100.0,10850.0,10850.0,46604,0.0,0.0
2020-08-07 00:00:00+09:00,10950.0,10950.0,10550.0,10600.0,58759,0.0,0.0
2020-08-10 00:00:00+09:00,10550.0,10600.0,10350.0,10450.0,45225,0.0,0.0
2020-08-11 00:00:00+09:00,10400.0,10750.0,10250.0,10650.0,41444,0.0,0.0
2020-08-12 00:00:00+09:00,10650.0,10700.0,10300.0,10350.0,31383,0.0,0.0
2020-08-13 00:00:00+09:00,10450.0,11000.0,10450.0,10650.0,69264,0.0,0.0
2020-08-14 00:00:00+09:00,10700.0,10700.0,10400.0,10400.0,33989,0.0,0.0
2020-08-18 00:00:00+09:00,10400.0,10500.0,9740.0,9740.0,77011,0.0,0.0
2020-08-19 00:00:00+09:00,9630.0,10050.0,9470.0,9750.0,108595,0.0,0.0
2020-08-20 00:00:00+09:00,9700.0,9790.0,8990.0,9140.0,64300,0.0,0.0
2020-08-21 00:00:00+09:00,9200.0,9600.0,9080.0,9600.0,46798,0.0,0.0
2020-08-24 00:00:00+09:00,9530.0,9610.0,9300.0,9560.0,20059,0.0,0.0
2020-08-25 00:00:00+09:00,9610.0,10100.0,9610.0,10100.0,42461,0.0,0.0
2020-08-26 00:00:00+09:00,10100.0,10200.0,9860.0,10100.0,26640,0.0,0.0
2020-08-27 00:00:00+09:00,9970.0,10050.0,9750.0,9790.0,27379,0.0,0.0
2020-08-28 00:00:00+09:00,9790.0,10050.0,9780.0,10050.0,27716,0.0,0.0
2020-08-31 00:00:00+09:00,10350.0,10500.0,9960.0,10050.0,49138,0.0,0.0
2020-09-01 00:00:00+09:00,10000.0,10150.0,9930.0,10150.0,27709,0.0,0.0
2020-09-02 00:00:00+09:00,10250.0,10300.0,9990.0,10050.0,13352,0.0,0.0
2020-09-03 00:00:00+09:00,10050.0,10100.0,9970.0,9980.0,18287,0.0,0.0
2020-09-04 00:00:00+09:00,9780.0,10000.0,9680.0,9810.0,46628,0.0,0.0
2020-09-07 00:00:00+09:00,9810.0,9900.0,9620.0,9860.0,17885,0.0,0.0
2020-09-08 00:00:00+09:00,9910.0,9950.0,9790.0,9800.0,15293,0.0,0.0
2020-09-09 00:00:00+09:00,9790.0,10250.0,9700.0,9960.0,26847,0.0,0.0
2020-09-10 00:00:00+09:00,10000.0,10100.0,9820.0,9950.0,26461,0.0,0.0
2020-09-11 00:00:00+09:00,9950.0,9970.0,9720.0,9840.0,20934,0.0,0.0
2020-09-14 00:00:00+09:00,9900.0,10200.0,9840.0,10050.0,43628,0.0,0.0
2020-09-15 00:00:00+09:00,10150.0,10200.0,9870.0,10000.0,28336,0.0,0.0
2020-09-16 00:00:00+09:00,10000.0,10250.0,9900.0,10150.0,51079,0.0,0.0
2020-09-17 00:00:00+09:00,10150.0,10200.0,9870.0,9930.0,48585,0.0,0.0
2020-09-18 00:00:00+09:00,9950.0,10000.0,9770.0,9800.0,43693,0.0,0.0
2020-09-21 00:00:00+09:00,9890.0,9950.0,9640.0,9690.0,26361,0.0,0.0
2020-09-22 00:00:00+09:00,9650.0,9690.0,9300.0,9610.0,32427,0.0,0.0
2020-09-23 00:00:00+09:00,9610.0,9690.0,9300.0,9450.0,23267,0.0,0.0
2020-09-24 00:00:00+09:00,9400.0,9400.0,9060.0,9150.0,23069,0.0,0.0
2020-09-25 00:00:00+09:00,9150.0,9290.0,9080.0,9180.0,20490,0.0,0.0
2020-09-28 00:00:00+09:00,9180.0,9340.0,9180.0,9320.0,7451,0.0,0.0
2020-09-29 00:00:00+09:00,9320.0,9570.0,9320.0,9530.0,10252,0.0,0.0
2020-10-05 00:00:00+09:00,9600.0,9600.0,9410.0,9580.0,15269,0.0,0.0
2020-10-06 00:00:00+09:00,9560.0,9760.0,9550.0,9670.0,12317,0.0,0.0
2020-10-07 00:00:00+09:00,9710.0,9710.0,9470.0,9710.0,7745,0.0,0.0
2020-10-08 00:00:00+09:00,9710.0,9790.0,9600.0,9700.0,9185,0.0,0.0
2020-10-12 00:00:00+09:00,9750.0,9750.0,9600.0,9710.0,6059,0.0,0.0
2020-10-13 00:00:00+09:00,9730.0,9730.0,9580.0,9620.0,11224,0.0,0.0
2020-10-14 00:00:00+09:00,9620.0,9710.0,9530.0,9530.0,15653,0.0,0.0
2020-10-15 00:00:00+09:00,9530.0,9560.0,9200.0,9390.0,32918,0.0,0.0
2020-10-16 00:00:00+09:00,9400.0,9440.0,9200.0,9390.0,11396,0.0,0.0
2020-10-19 00:00:00+09:00,9390.0,9390.0,9250.0,9260.0,18955,0.0,0.0
2020-10-20 00:00:00+09:00,9140.0,9300.0,9110.0,9300.0,10043,0.0,0.0
2020-10-21 00:00:00+09:00,9310.0,9480.0,9290.0,9300.0,13508,0.0,0.0
2020-10-22 00:00:00+09:00,9400.0,9400.0,9200.0,9320.0,5133,0.0,0.0
2020-10-23 00:00:00+09:00,9310.0,9380.0,9210.0,9260.0,12328,0.0,0.0
2020-10-26 00:00:00+09:00,9270.0,9270.0,8900.0,9000.0,32547,0.0,0.0
2020-10-27 00:00:00+09:00,9000.0,9040.0,8460.0,8820.0,13796,0.0,0.0
2020-10-28 00:00:00+09:00,8800.0,9000.0,8780.0,8930.0,10280,0.0,0.0
2020-10-29 00:00:00+09:00,8850.0,8900.0,8660.0,8900.0,15911,0.0,0.0
2020-10-30 00:00:00+09:00,8950.0,8990.0,8820.0,8850.0,15775,0.0,0.0
2020-11-02 00:00:00+09:00,8760.0,9640.0,8710.0,9640.0,22616,0.0,0.0
2020-11-03 00:00:00+09:00,9600.0,9600.0,9200.0,9220.0,27121,0.0,0.0
2020-11-04 00:00:00+09:00,9230.0,10150.0,9230.0,9460.0,122972,0.0,0.0
2020-11-05 00:00:00+09:00,9550.0,9680.0,9450.0,9470.0,19293,0.0,0.0
2020-11-06 00:00:00+09:00,9470.0,9600.0,9370.0,9480.0,12236,0.0,0.0
2020-11-09 00:00:00+09:00,9450.0,9650.0,9380.0,9580.0,12113,0.0,0.0
2020-11-10 00:00:00+09:00,9450.0,9620.0,9440.0,9520.0,17245,0.0,0.0
2020-11-11 00:00:00+09:00,9560.0,9680.0,9350.0,9660.0,15092,0.0,0.0
2020-11-12 00:00:00+09:00,9700.0,9760.0,9600.0,9660.0,13135,0.0,0.0
2020-11-13 00:00:00+09:00,9680.0,9680.0,9430.0,9510.0,8125,0.0,0.0
2020-11-16 00:00:00+09:00,9510.0,9610.0,9340.0,9470.0,20817,0.0,0.0
2020-11-17 00:00:00+09:00,9410.0,9550.0,9400.0,9490.0,14842,0.0,0.0
2020-11-18 00:00:00+09:00,9400.0,9490.0,9360.0,9360.0,21624,0.0,0.0
2020-11-19 00:00:00+09:00,9290.0,9420.0,9180.0,9270.0,15671,0.0,0.0
2020-11-20 00:00:00+09:00,9270.0,9370.0,9220.0,9220.0,20154,0.0,0.0
2020-11-23 00:00:00+09:00,9210.0,9380.0,9210.0,9330.0,16147,0.0,0.0
2020-11-24 00:00:00+09:00,9380.0,9450.0,9300.0,9330.0,10842,0.0,0.0
2020-11-25 00:00:00+09:00,9380.0,9440.0,9230.0,9290.0,29692,0.0,0.0
2020-11-26 00:00:00+09:00,9290.0,9340.0,9240.0,9260.0,6706,0.0,0.0
2020-11-27 00:00:00+09:00,9310.0,9320.0,9220.0,9220.0,9049,0.0,0.0
2020-11-30 00:00:00+09:00,9220.0,9600.0,9220.0,9420.0,32541,0.0,0.0
2020-12-01 00:00:00+09:00,9590.0,9590.0,9330.0,9390.0,12351,0.0,0.0
2020-12-02 00:00:00+09:00,9390.0,9480.0,9280.0,9430.0,26322,0.0,0.0
2020-12-03 00:00:00+09:00,9430.0,9500.0,9260.0,9420.0,25049,0.0,0.0
2020-12-04 00:00:00+09:00,9430.0,9470.0,9290.0,9410.0,39610,0.0,0.0
2020-12-07 00:00:00+09:00,9460.0,9460.0,9220.0,9240.0,16475,0.0,0.0
2020-12-08 00:00:00+09:00,9290.0,9290.0,9140.0,9200.0,18594,0.0,0.0
2020-12-09 00:00:00+09:00,9200.0,9250.0,9170.0,9210.0,11373,0.0,0.0
2020-12-10 00:00:00+09:00,9240.0,9270.0,9190.0,9220.0,11817,0.0,0.0
2020-12-11 00:00:00+09:00,9170.0,9270.0,9170.0,9230.0,8419,0.0,0.0
2020-12-14 00:00:00+09:00,9230.0,9390.0,9170.0,9300.0,19022,0.0,0.0
2020-12-15 00:00:00+09:00,9300.0,9340.0,9250.0,9300.0,10619,0.0,0.0
2020-12-16 00:00:00+09:00,9390.0,9390.0,9270.0,9270.0,13415,0.0,0.0
2020-12-17 00:00:00+09:00,9320.0,9940.0,9250.0,9670.0,127363,0.0,0.0
2020-12-18 00:00:00+09:00,9740.0,11950.0,9510.0,11000.0,1078586,0.0,0.0
2020-12-21 00:00:00+09:00,11000.0,11750.0,10900.0,11450.0,715484,0.0,0.0
2020-12-22 00:00:00+09:00,11300.0,11450.0,10900.0,10900.0,132165,0.0,0.0
2020-12-23 00:00:00+09:00,11050.0,11250.0,10250.0,10450.0,83364,0.0,0.0
2020-12-24 00:00:00+09:00,10400.0,11000.0,10250.0,10600.0,115406,0.0,0.0
2020-12-28 00:00:00+09:00,10600.0,10700.0,10050.0,10450.0,74892,0.0,0.0
2020-12-29 00:00:00+09:00,10450.0,11400.0,10300.0,11150.0,160205,0.0,0.0
2020-12-30 00:00:00+09:00,11150.0,11300.0,10650.0,10850.0,72458,0.0,0.0
2021-01-04 00:00:00+09:00,10750.0,11200.0,10700.0,10900.0,52742,0.0,0.0
2021-01-05 00:00:00+09:00,10750.0,11500.0,10400.0,11450.0,193730,0.0,0.0
2021-01-06 00:00:00+09:00,11450.0,11650.0,11150.0,11350.0,169382,0.0,0.0
2021-01-07 00:00:00+09:00,11300.0,14750.0,11300.0,14750.0,3225027,0.0,0.0
2021-01-08 00:00:00+09:00,14500.0,14550.0,13550.0,13950.0,1140138,0.0,0.0
2021-01-11 00:00:00+09:00,13900.0,13900.0,12950.0,13700.0,518054,0.0,0.0
2021-01-12 00:00:00+09:00,13450.0,17400.0,13400.0,14900.0,9259712,0.0,0.0
2021-01-13 00:00:00+09:00,14750.0,15100.0,14400.0,14900.0,888589,0.0,0.0
2021-01-14 00:00:00+09:00,14900.0,16250.0,14300.0,14300.0,1677529,0.0,0.0
2021-01-15 00:00:00+09:00,14150.0,17450.0,13850.0,14700.0,3248271,0.0,0.0
2021-01-18 00:00:00+09:00,14500.0,15550.0,14200.0,15100.0,529502,0.0,0.0
2021-01-19 00:00:00+09:00,15400.0,15800.0,14500.0,14500.0,432329,0.0,0.0
2021-01-20 00:00:00+09:00,14450.0,14800.0,14000.0,14300.0,253704,0.0,0.0
2021-01-21 00:00:00+09:00,14300.0,14400.0,13950.0,14250.0,192407,0.0,0.0
2021-01-22 00:00:00+09:00,14250.0,14900.0,13700.0,13700.0,265384,0.0,0.0
2021-01-25 00:00:00+09:00,13700.0,14400.0,13550.0,14300.0,164176,0.0,0.0
2021-01-26 00:00:00+09:00,14550.0,17550.0,14350.0,15050.0,4639634,0.0,0.0
2021-01-27 00:00:00+09:00,15000.0,15150.0,14400.0,14400.0,277505,0.0,0.0
2021-01-28 00:00:00+09:00,14150.0,14550.0,13550.0,13700.0,252012,0.0,0.0
2021-01-29 00:00:00+09:00,13550.0,13800.0,12650.0,13250.0,212072,0.0,0.0
2021-02-01 00:00:00+09:00,13000.0,14250.0,13000.0,13400.0,185724,0.0,0.0
2021-02-02 00:00:00+09:00,13550.0,14250.0,13200.0,14200.0,192270,0.0,0.0
2021-02-03 00:00:00+09:00,14250.0,15400.0,14150.0,15100.0,825547,0.0,0.0
2021-02-04 00:00:00+09:00,15050.0,15050.0,14350.0,14850.0,160291,0.0,0.0
2021-02-05 00:00:00+09:00,14750.0,15050.0,14600.0,14800.0,103545,0.0,0.0
2021-02-08 00:00:00+09:00,14900.0,15200.0,14300.0,14350.0,110096,0.0,0.0
2021-02-09 00:00:00+09:00,14350.0,14400.0,13750.0,13900.0,87215,0.0,0.0
2021-02-10 00:00:00+09:00,13900.0,14700.0,13700.0,14550.0,146783,0.0,0.0
2021-02-15 00:00:00+09:00,14350.0,14600.0,14150.0,14600.0,51839,0.0,0.0
2021-02-16 00:00:00+09:00,14650.0,14700.0,14300.0,14450.0,49990,0.0,0.0
2021-02-17 00:00:00+09:00,14450.0,15050.0,14250.0,15050.0,131621,0.0,0.0
2021-02-18 00:00:00+09:00,15000.0,15000.0,14350.0,14350.0,107003,0.0,0.0
2021-02-19 00:00:00+09:00,14500.0,15450.0,14150.0,15000.0,435390,0.0,0.0
2021-02-22 00:00:00+09:00,14900.0,15150.0,14450.0,14550.0,112961,0.0,0.0
2021-02-23 00:00:00+09:00,14500.0,14950.0,14200.0,14450.0,87258,0.0,0.0
2021-02-24 00:00:00+09:00,14400.0,14850.0,13400.0,13550.0,114789,0.0,0.0
2021-02-25 00:00:00+09:00,13750.0,14200.0,13700.0,13900.0,64889,0.0,0.0
2021-02-26 00:00:00+09:00,13700.0,13700.0,13050.0,13500.0,79822,0.0,0.0
2021-03-02 00:00:00+09:00,13650.0,14100.0,13400.0,13550.0,52503,0.0,0.0
2021-03-03 00:00:00+09:00,13250.0,13900.0,13200.0,13900.0,62438,0.0,0.0
2021-03-04 00:00:00+09:00,13850.0,14500.0,13450.0,14300.0,102876,0.0,0.0
2021-03-05 00:00:00+09:00,14150.0,14250.0,13800.0,14000.0,37126,0.0,0.0
2021-03-08 00:00:00+09:00,14050.0,14100.0,13300.0,13300.0,54567,0.0,0.0
2021-03-09 00:00:00+09:00,13300.0,14100.0,13200.0,13700.0,85217,0.0,0.0
2021-03-10 00:00:00+09:00,13650.0,13850.0,13300.0,13300.0,35484,0.0,0.0
2021-03-11 00:00:00+09:00,13350.0,13450.0,13150.0,13300.0,53855,0.0,0.0
2021-03-12 00:00:00+09:00,13550.0,13750.0,13200.0,13300.0,90403,0.0,0.0
2021-03-15 00:00:00+09:00,13350.0,13350.0,12600.0,12600.0,145586,0.0,0.0
2021-03-16 00:00:00+09:00,12650.0,12850.0,12400.0,12750.0,76578,0.0,0.0
2021-03-17 00:00:00+09:00,12750.0,12800.0,12550.0,12750.0,38072,0.0,0.0
2021-03-18 00:00:00+09:00,12750.0,13000.0,12600.0,12950.0,54548,0.0,0.0
2021-03-19 00:00:00+09:00,12800.0,13050.0,12700.0,13000.0,22812,0.0,0.0
2021-03-22 00:00:00+09:00,13000.0,13050.0,12650.0,12700.0,31434,0.0,0.0
2021-03-23 00:00:00+09:00,12800.0,12850.0,12000.0,12100.0,80358,0.0,0.0
2021-03-24 00:00:00+09:00,11950.0,14150.0,11700.0,12700.0,502459,0.0,0.0
2021-03-25 00:00:00+09:00,12550.0,12800.0,12350.0,12550.0,49698,0.0,0.0
2021-03-26 00:00:00+09:00,12750.0,13000.0,12500.0,13000.0,62119,0.0,0.0
2021-03-29 00:00:00+09:00,13000.0,13150.0,12800.0,13050.0,62012,0.0,0.0
2021-03-30 00:00:00+09:00,13150.0,13200.0,12900.0,13050.0,30588,0.0,0.0
2021-03-31 00:00:00+09:00,13100.0,13750.0,12950.0,13350.0,126860,0.0,0.0
2021-04-01 00:00:00+09:00,13400.0,13500.0,13050.0,13150.0,48180,0.0,0.0
2021-04-02 00:00:00+09:00,13250.0,13750.0,13050.0,13450.0,84833,0.0,0.0
2021-04-05 00:00:00+09:00,13600.0,14000.0,13500.0,13750.0,92106,0.0,0.0
2021-04-06 00:00:00+09:00,13950.0,14250.0,13750.0,13750.0,88489,0.0,0.0
2021-04-07 00:00:00+09:00,13950.0,13950.0,13550.0,13800.0,33285,0.0,0.0
2021-04-08 00:00:00+09:00,13850.0,14400.0,13400.0,14300.0,183816,0.0,0.0
2021-04-09 00:00:00+09:00,14350.0,14400.0,13850.0,13950.0,80418,0.0,0.0
2021-04-12 00:00:00+09:00,14050.0,14100.0,13700.0,13950.0,41110,0.0,0.0
2021-04-13 00:00:00+09:00,13800.0,13900.0,13250.0,13650.0,89529,0.0,0.0
2021-04-14 00:00:00+09:00,13500.0,13700.0,13300.0,13450.0,30393,0.0,0.0
2021-04-15 00:00:00+09:00,13350.0,13500.0,13300.0,13300.0,32849,0.0,0.0
2021-04-16 00:00:00+09:00,13350.0,13850.0,13200.0,13700.0,55847,0.0,0.0
2021-04-19 00:00:00+09:00,13850.0,13850.0,13300.0,13500.0,37157,0.0,0.0
2021-04-20 00:00:00+09:00,13500.0,13500.0,13300.0,13500.0,20840,0.0,0.0
2021-04-21 00:00:00+09:00,13400.0,13550.0,13100.0,13450.0,63996,0.0,0.0
2021-04-22 00:00:00+09:00,13550.0,13550.0,13250.0,13300.0,21858,0.0,0.0
2021-04-23 00:00:00+09:00,13350.0,13400.0,13100.0,13200.0,20910,0.0,0.0
2021-04-26 00:00:00+09:00,13250.0,13600.0,12750.0,13600.0,80425,0.0,0.0
2021-04-27 00:00:00+09:00,13650.0,14300.0,13500.0,13950.0,236058,0.0,0.0
2021-04-28 00:00:00+09:00,14000.0,14000.0,13250.0,13450.0,47045,0.0,0.0
2021-04-29 00:00:00+09:00,13300.0,13600.0,13200.0,13200.0,41098,0.0,0.0
2021-04-30 00:00:00+09:00,13200.0,14250.0,13100.0,14050.0,257412,0.0,0.0
2021-05-03 00:00:00+09:00,14200.0,14350.0,13700.0,13850.0,99761,0.0,0.0
2021-05-04 00:00:00+09:00,14050.0,14050.0,13250.0,13800.0,74993,0.0,0.0
2021-05-06 00:00:00+09:00,13800.0,14450.0,13650.0,14400.0,114579,0.0,0.0
2021-05-07 00:00:00+09:00,14450.0,14750.0,14200.0,14250.0,149995,0.0,0.0
2021-05-10 00:00:00+09:00,14250.0,14650.0,14250.0,14550.0,78431,0.0,0.0
2021-05-11 00:00:00+09:00,14300.0,14900.0,14250.0,14900.0,91673,0.0,0.0
2021-05-12 00:00:00+09:00,15000.0,15100.0,14450.0,15100.0,214141,0.0,0.0
2021-05-13 00:00:00+09:00,14700.0,16450.0,14700.0,15950.0,1004129,0.0,0.0
2021-05-14 00:00:00+09:00,15850.0,16650.0,15650.0,15850.0,355497,0.0,0.0
2021-05-17 00:00:00+09:00,15750.0,15900.0,14900.0,15100.0,177976,0.0,0.0
2021-05-18 00:00:00+09:00,15100.0,15600.0,14500.0,15400.0,143150,0.0,0.0
2021-05-20 00:00:00+09:00,15200.0,15500.0,14600.0,14900.0,109033,0.0,0.0
2021-05-21 00:00:00+09:00,14900.0,15100.0,14050.0,14450.0,212542,0.0,0.0
2021-05-24 00:00:00+09:00,14250.0,14500.0,13750.0,13850.0,70758,0.0,0.0
2021-05-25 00:00:00+09:00,13850.0,14450.0,13850.0,14400.0,61747,0.0,0.0
2021-05-26 00:00:00+09:00,14400.0,14600.0,13900.0,14400.0,93939,0.0,0.0
2021-05-27 00:00:00+09:00,14550.0,14750.0,14250.0,14550.0,79670,0.0,0.0
2021-05-28 00:00:00+09:00,14550.0,14550.0,14050.0,14500.0,85144,0.0,0.0
2021-05-31 00:00:00+09:00,14500.0,14550.0,14300.0,14450.0,54432,0.0,0.0
2021-06-01 00:00:00+09:00,14500.0,14900.0,14450.0,14900.0,77446,0.0,0.0
2021-06-02 00:00:00+09:00,14900.0,15300.0,14650.0,15300.0,117045,0.0,0.0
2021-06-03 00:00:00+09:00,15300.0,15550.0,15000.0,15250.0,88301,0.0,0.0
2021-06-04 00:00:00+09:00,15250.0,15550.0,15200.0,15250.0,77185,0.0,0.0
2021-06-07 00:00:00+09:00,14500.0,14600.0,14100.0,14450.0,213472,0.0,0.0
2021-06-08 00:00:00+09:00,14450.0,14450.0,14000.0,14000.0,67165,0.0,0.0
2021-06-09 00:00:00+09:00,14000.0,14400.0,14000.0,14200.0,41159,0.0,0.0
2021-06-10 00:00:00+09:00,14200.0,14550.0,14100.0,14350.0,29178,0.0,0.0
2021-06-11 00:00:00+09:00,14400.0,14450.0,14200.0,14350.0,23379,0.0,0.0
2021-06-14 00:00:00+09:00,14450.0,14550.0,14300.0,14450.0,39142,0.0,0.0
2021-06-15 00:00:00+09:00,14500.0,14600.0,14300.0,14450.0,27914,0.0,0.0
2021-06-16 00:00:00+09:00,14400.0,14500.0,14100.0,14350.0,40948,0.0,0.0
2021-06-17 00:00:00+09:00,14300.0,14450.0,14200.0,14400.0,47675,0.0,0.0
2021-06-18 00:00:00+09:00,14400.0,15050.0,14300.0,14850.0,99094,0.0,0.0
2021-06-21 00:00:00+09:00,14850.0,15200.0,14500.0,14950.0,87573,0.0,0.0
2021-06-22 00:00:00+09:00,15200.0,15300.0,14900.0,15000.0,65024,0.0,0.0
2021-06-23 00:00:00+09:00,15000.0,15400.0,14800.0,15000.0,58971,0.0,0.0
2021-06-24 00:00:00+09:00,15050.0,15150.0,14700.0,15000.0,58803,0.0,0.0
2021-06-25 00:00:00+09:00,15000.0,15800.0,15000.0,15400.0,125766,0.0,0.0
2021-06-28 00:00:00+09:00,15400.0,16800.0,15400.0,16550.0,597712,0.0,0.0
2021-06-29 00:00:00+09:00,16550.0,17300.0,16200.0,17100.0,417318,0.0,0.0
2021-06-30 00:00:00+09:00,17150.0,17350.0,16650.0,16750.0,202205,0.0,0.0
2021-07-01 00:00:00+09:00,16850.0,16900.0,16050.0,16300.0,167105,0.0,0.0
2021-07-02 00:00:00+09:00,16350.0,16650.0,16100.0,16350.0,82048,0.0,0.0
2021-07-05 00:00:00+09:00,16050.0,16200.0,15550.0,15700.0,102550,0.0,0.0
2021-07-06 00:00:00+09:00,15600.0,16400.0,15450.0,16300.0,122804,0.0,0.0
2021-07-07 00:00:00+09:00,16000.0,16150.0,15700.0,15800.0,78460,0.0,0.0
2021-07-08 00:00:00+09:00,15800.0,15850.0,15100.0,15250.0,86092,0.0,0.0
2021-07-09 00:00:00+09:00,15250.0,15350.0,14600.0,15250.0,82498,0.0,0.0
2021-07-12 00:00:00+09:00,15250.0,15950.0,15250.0,15800.0,69263,0.0,0.0
2021-07-13 00:00:00+09:00,15850.0,16200.0,15700.0,16050.0,104556,0.0,0.0
2021-07-14 00:00:00+09:00,16050.0,16050.0,15700.0,15850.0,71643,0.0,0.0
2021-07-15 00:00:00+09:00,15700.0,16200.0,15350.0,15450.0,120341,0.0,0.0
2021-07-16 00:00:00+09:00,15450.0,15500.0,15050.0,15400.0,56449,0.0,0.0
2021-07-19 00:00:00+09:00,15500.0,15500.0,14950.0,15000.0,63797,0.0,0.0
2021-07-20 00:00:00+09:00,14950.0,15150.0,14450.0,14700.0,79004,0.0,0.0
2021-07-21 00:00:00+09:00,14700.0,15000.0,14450.0,14650.0,44086,0.0,0.0
2021-07-22 00:00:00+09:00,14450.0,14950.0,14450.0,14750.0,44700,0.0,0.0
2021-07-23 00:00:00+09:00,14750.0,15150.0,14600.0,14600.0,36761,0.0,0.0
2021-07-26 00:00:00+09:00,14700.0,15000.0,14400.0,14450.0,38230,0.0,0.0
2021-07-27 00:00:00+09:00,14450.0,14800.0,14150.0,14400.0,35558,0.0,0.0
2021-07-28 00:00:00+09:00,14400.0,14600.0,13950.0,14100.0,51332,0.0,0.0
2021-07-29 00:00:00+09:00,14100.0,14400.0,14050.0,14150.0,18937,0.0,0.0
2021-07-30 00:00:00+09:00,14150.0,14300.0,13800.0,13850.0,47831,0.0,0.0
2021-08-02 00:00:00+09:00,13700.0,14000.0,13600.0,13600.0,28372,0.0,0.0
2021-08-03 00:00:00+09:00,13500.0,13700.0,13100.0,13350.0,35668,0.0,0.0
2021-08-04 00:00:00+09:00,13400.0,14250.0,13250.0,14100.0,60357,0.0,0.0
2021-08-05 00:00:00+09:00,14100.0,14900.0,13950.0,14200.0,108295,0.0,0.0
2021-08-06 00:00:00+09:00,14300.0,14450.0,14000.0,14150.0,25517,0.0,0.0
2021-08-09 00:00:00+09:00,14150.0,14400.0,14100.0,14250.0,23007,0.0,0.0
2021-08-10 00:00:00+09:00,14150.0,14900.0,14000.0,14700.0,99169,0.0,0.0
2021-08-11 00:00:00+09:00,14700.0,14700.0,14350.0,14400.0,48354,0.0,0.0
2021-08-12 00:00:00+09:00,15500.0,16900.0,14600.0,15050.0,656289,0.0,0.0
2021-08-13 00:00:00+09:00,15250.0,15350.0,14250.0,14750.0,147212,0.0,0.0
2021-08-17 00:00:00+09:00,14750.0,15050.0,14550.0,14650.0,129289,0.0,0.0
2021-08-18 00:00:00+09:00,14400.0,14900.0,14400.0,14850.0,113743,0.0,0.0
2021-08-19 00:00:00+09:00,14800.0,14850.0,14100.0,14100.0,102360,0.0,0.0
2021-08-20 00:00:00+09:00,14100.0,14550.0,13350.0,13700.0,84549,0.0,0.0
2021-08-23 00:00:00+09:00,13550.0,14000.0,13350.0,13850.0,56987,0.0,0.0
2021-08-24 00:00:00+09:00,13850.0,14250.0,13850.0,14200.0,43685,0.0,0.0
2021-08-25 00:00:00+09:00,14350.0,14750.0,14150.0,14750.0,51339,0.0,0.0
2021-08-26 00:00:00+09:00,14850.0,14950.0,14600.0,14700.0,50000,0.0,0.0
2021-08-27 00:00:00+09:00,14700.0,15000.0,14550.0,14800.0,38863,0.0,0.0
2021-08-30 00:00:00+09:00,14800.0,15100.0,14800.0,14950.0,42481,0.0,0.0
2021-08-31 00:00:00+09:00,15100.0,15450.0,15000.0,15250.0,141138,0.0,0.0
2021-09-01 00:00:00+09:00,15250.0,16200.0,15250.0,16150.0,208754,0.0,0.0
2021-09-02 00:00:00+09:00,16450.0,16500.0,15750.0,15850.0,160363,0.0,0.0
2021-09-03 00:00:00+09:00,15850.0,16100.0,15600.0,15850.0,70110,0.0,0.0
2021-09-06 00:00:00+09:00,15850.0,16350.0,15650.0,15850.0,52698,0.0,0.0
2021-09-07 00:00:00+09:00,15850.0,15900.0,15100.0,15500.0,89723,0.0,0.0
2021-09-08 00:00:00+09:00,15300.0,15400.0,15100.0,15200.0,39324,0.0,0.0
2021-09-09 00:00:00+09:00,15200.0,15500.0,15100.0,15300.0,41674,0.0,0.0
2021-09-10 00:00:00+09:00,15500.0,15550.0,15100.0,15450.0,31229,0.0,0.0
2021-09-13 00:00:00+09:00,15500.0,15550.0,15000.0,15150.0,56844,0.0,0.0
2021-09-14 00:00:00+09:00,15300.0,15350.0,15050.0,15050.0,29014,0.0,0.0
2021-09-15 00:00:00+09:00,15200.0,15250.0,14800.0,14800.0,34512,0.0,0.0
2021-09-16 00:00:00+09:00,14700.0,14900.0,14250.0,14350.0,62555,0.0,0.0
2021-09-17 00:00:00+09:00,14350.0,14350.0,14100.0,14200.0,32971,0.0,0.0
2021-09-23 00:00:00+09:00,14000.0,14250.0,13750.0,13950.0,32586,0.0,0.0
2021-09-24 00:00:00+09:00,14000.0,14250.0,14000.0,14150.0,28418,0.0,0.0
2021-09-27 00:00:00+09:00,14150.0,14450.0,14000.0,14150.0,28921,0.0,0.0
2021-09-28 00:00:00+09:00,14200.0,14200.0,13700.0,13700.0,37241,0.0,0.0
2021-09-29 00:00:00+09:00,13350.0,13700.0,13250.0,13400.0,34672,0.0,0.0
2021-09-30 00:00:00+09:00,13250.0,13550.0,13150.0,13250.0,32093,0.0,0.0
2021-10-01 00:00:00+09:00,13400.0,13400.0,12100.0,12500.0,61506,0.0,0.0
2021-10-05 00:00:00+09:00,12100.0,12450.0,11500.0,11700.0,62487,0.0,0.0
2021-10-06 00:00:00+09:00,11650.0,12100.0,11200.0,11200.0,59876,0.0,0.0
2021-10-07 00:00:00+09:00,11250.0,11850.0,11250.0,11800.0,20013,0.0,0.0
2021-10-08 00:00:00+09:00,11950.0,12250.0,11700.0,12000.0,27688,0.0,0.0
2021-10-12 00:00:00+09:00,12000.0,12000.0,11500.0,11500.0,32008,0.0,0.0
2021-10-13 00:00:00+09:00,11450.0,11900.0,11450.0,11850.0,12108,0.0,0.0
2021-10-14 00:00:00+09:00,12100.0,12200.0,11950.0,12150.0,10039,0.0,0.0
2021-10-15 00:00:00+09:00,12400.0,12850.0,12400.0,12700.0,40030,0.0,0.0
2021-10-18 00:00:00+09:00,12700.0,12800.0,12350.0,12500.0,15013,0.0,0.0
2021-10-19 00:00:00+09:00,12450.0,12750.0,12450.0,12500.0,9667,0.0,0.0
2021-10-20 00:00:00+09:00,12700.0,12700.0,12400.0,12450.0,20906,0.0,0.0
2021-10-21 00:00:00+09:00,12450.0,12550.0,12300.0,12300.0,10013,0.0,0.0
2021-10-22 00:00:00+09:00,12200.0,12550.0,12150.0,12250.0,9653,0.0,0.0
2021-10-25 00:00:00+09:00,12150.0,12800.0,12000.0,12500.0,25820,0.0,0.0
2021-10-26 00:00:00+09:00,12300.0,12650.0,12300.0,12550.0,17144,0.0,0.0
2021-10-27 00:00:00+09:00,12650.0,12700.0,12300.0,12500.0,20436,0.0,0.0
2021-10-28 00:00:00+09:00,12350.0,12550.0,12300.0,12400.0,14599,0.0,0.0
2021-10-29 00:00:00+09:00,12500.0,12550.0,12200.0,12300.0,10673,0.0,0.0
2021-11-01 00:00:00+09:00,12250.0,12550.0,12150.0,12400.0,12103,0.0,0.0
2021-11-02 00:00:00+09:00,12250.0,12700.0,12250.0,12450.0,7236,0.0,0.0
2021-11-03 00:00:00+09:00,12650.0,12650.0,12000.0,12150.0,21277,0.0,0.0
2021-11-04 00:00:00+09:00,12400.0,12600.0,12200.0,12200.0,15468,0.0,0.0
2021-11-05 00:00:00+09:00,12200.0,12500.0,12050.0,12100.0,9965,0.0,0.0
2021-11-08 00:00:00+09:00,12100.0,12200.0,11600.0,12200.0,23346,0.0,0.0
2021-11-09 00:00:00+09:00,12350.0,12400.0,11850.0,11950.0,18749,0.0,0.0
2021-11-10 00:00:00+09:00,12000.0,12000.0,11300.0,11400.0,14685,0.0,0.0
2021-11-11 00:00:00+09:00,11150.0,11400.0,11000.0,11350.0,13681,0.0,0.0
2021-11-12 00:00:00+09:00,11200.0,11700.0,11150.0,11550.0,11841,0.0,0.0
2021-11-15 00:00:00+09:00,11600.0,11750.0,11400.0,11750.0,9460,0.0,0.0
2021-11-16 00:00:00+09:00,11750.0,11750.0,11400.0,11600.0,17993,0.0,0.0
2021-11-17 00:00:00+09:00,11600.0,11750.0,11300.0,11350.0,13660,0.0,0.0
2021-11-18 00:00:00+09:00,11200.0,11500.0,11000.0,11300.0,14554,0.0,0.0
2021-11-19 00:00:00+09:00,11300.0,11550.0,11100.0,11500.0,12506,0.0,0.0
2021-11-22 00:00:00+09:00,11500.0,11500.0,11100.0,11500.0,13878,0.0,0.0
2021-11-23 00:00:00+09:00,11550.0,12400.0,11400.0,12400.0,43729,0.0,0.0
2021-11-24 00:00:00+09:00,12450.0,12500.0,11800.0,11850.0,35163,0.0,0.0
2021-11-25 00:00:00+09:00,11950.0,12200.0,11700.0,11700.0,12929,0.0,0.0
2021-11-26 00:00:00+09:00,11800.0,11800.0,11150.0,11350.0,34310,0.0,0.0
2021-11-29 00:00:00+09:00,11100.0,11250.0,10800.0,10900.0,24261,0.0,0.0
2021-11-30 00:00:00+09:00,10700.0,11200.0,10200.0,10200.0,40682,0.0,0.0
2021-12-01 00:00:00+09:00,10600.0,12000.0,10600.0,11000.0,121566,0.0,0.0
2021-12-02 00:00:00+09:00,10900.0,11500.0,10650.0,11300.0,26976,0.0,0.0
2021-12-03 00:00:00+09:00,11400.0,11600.0,10950.0,11600.0,16336,0.0,0.0
2021-12-06 00:00:00+09:00,11200.0,11400.0,10700.0,10900.0,52011,0.0,0.0
2021-12-07 00:00:00+09:00,11000.0,11300.0,10950.0,11000.0,13352,0.0,0.0
2021-12-08 00:00:00+09:00,11100.0,11200.0,10900.0,10900.0,12293,0.0,0.0
2021-12-09 00:00:00+09:00,10900.0,11150.0,10750.0,11000.0,29312,0.0,0.0
2021-12-10 00:00:00+09:00,11000.0,11300.0,10900.0,11050.0,7778,0.0,0.0
2021-12-13 00:00:00+09:00,11050.0,11100.0,10850.0,11050.0,12413,0.0,0.0
2021-12-14 00:00:00+09:00,10900.0,11100.0,10800.0,10950.0,14063,0.0,0.0
2021-12-15 00:00:00+09:00,10950.0,11050.0,10800.0,10950.0,15006,0.0,0.0
2021-12-16 00:00:00+09:00,10950.0,11150.0,10800.0,10850.0,11844,0.0,0.0
2021-12-17 00:00:00+09:00,10850.0,10900.0,10650.0,10850.0,16346,0.0,0.0
2021-12-20 00:00:00+09:00,10700.0,10750.0,10500.0,10550.0,12790,0.0,0.0
2021-12-21 00:00:00+09:00,10500.0,10500.0,10250.0,10300.0,10736,0.0,0.0
2021-12-22 00:00:00+09:00,10300.0,10500.0,10300.0,10400.0,6294,0.0,0.0
2021-12-23 00:00:00+09:00,10450.0,10500.0,10250.0,10450.0,13257,0.0,0.0
2021-12-24 00:00:00+09:00,10500.0,10650.0,10400.0,10650.0,11713,0.0,0.0
2021-12-27 00:00:00+09:00,10650.0,10650.0,10450.0,10550.0,11206,0.0,0.0
2021-12-28 00:00:00+09:00,10450.0,10550.0,10350.0,10400.0,13122,0.0,0.0
2021-12-29 00:00:00+09:00,10300.0,10600.0,10300.0,10500.0,8853,0.0,0.0
2021-12-30 00:00:00+09:00,10400.0,10700.0,10400.0,10650.0,8312,0.0,0.0
2022-01-04 00:00:00+09:00,10700.0,10950.0,10450.0,10950.0,20369,0.0,0.0
2022-01-05 00:00:00+09:00,10950.0,11000.0,10800.0,10950.0,11128,0.0,0.0
2022-01-06 00:00:00+09:00,10800.0,11400.0,10750.0,11000.0,31878,0.0,0.0
2022-01-07 00:00:00+09:00,11100.0,11250.0,10700.0,10900.0,17252,0.0,0.0
2022-01-10 00:00:00+09:00,11950.0,14150.0,11650.0,11700.0,2822968,0.0,0.0
2022-01-11 00:00:00+09:00,11500.0,11600.0,11150.0,11400.0,361274,0.0,0.0
2022-01-12 00:00:00+09:00,12250.0,12300.0,11200.0,11200.0,385975,0.0,0.0
2022-01-13 00:00:00+09:00,11100.0,11500.0,10950.0,11500.0,201634,0.0,0.0
2022-01-14 00:00:00+09:00,11350.0,11350.0,11050.0,11100.0,73917,0.0,0.0
2022-01-17 00:00:00+09:00,11100.0,11200.0,10600.0,10800.0,87293,0.0,0.0
2022-01-18 00:00:00+09:00,10800.0,11000.0,10400.0,10450.0,81110,0.0,0.0
2022-01-19 00:00:00+09:00,10100.0,10400.0,10100.0,10250.0,49545,0.0,0.0
2022-01-20 00:00:00+09:00,10250.0,10550.0,10050.0,10050.0,94038,0.0,0.0
2022-01-21 00:00:00+09:00,10100.0,10150.0,9930.0,9990.0,56144,0.0,0.0
2022-01-24 00:00:00+09:00,9850.0,9940.0,9570.0,9570.0,41512,0.0,0.0
2022-01-25 00:00:00+09:00,9500.0,9700.0,8930.0,9050.0,52240,0.0,0.0
2022-01-26 00:00:00+09:00,8950.0,9320.0,8950.0,9090.0,33814,0.0,0.0
2022-01-27 00:00:00+09:00,8940.0,9100.0,8560.0,8560.0,61028,0.0,0.0
2022-01-28 00:00:00+09:00,8580.0,9150.0,8580.0,9120.0,45326,0.0,0.0
2022-02-03 00:00:00+09:00,9150.0,9400.0,9150.0,9370.0,38032,0.0,0.0
2022-02-04 00:00:00+09:00,9380.0,9610.0,9360.0,9480.0,25500,0.0,0.0
2022-02-07 00:00:00+09:00,9500.0,9530.0,9350.0,9450.0,11527,0.0,0.0
2022-02-08 00:00:00+09:00,9480.0,9620.0,9370.0,9480.0,12569,0.0,0.0
2022-02-09 00:00:00+09:00,9480.0,9620.0,9480.0,9570.0,15326,0.0,0.0
2022-02-10 00:00:00+09:00,9610.0,9650.0,9510.0,9640.0,19209,0.0,0.0
2022-02-11 00:00:00+09:00,9500.0,9600.0,9360.0,9360.0,17365,0.0,0.0
2022-02-14 00:00:00+09:00,9180.0,9270.0,8900.0,8910.0,24006,0.0,0.0
2022-02-15 00:00:00+09:00,8820.0,9180.0,8820.0,8910.0,16272,0.0,0.0
2022-02-16 00:00:00+09:00,9040.0,9300.0,9040.0,9230.0,28833,0.0,0.0
2022-02-17 00:00:00+09:00,9240.0,9450.0,9130.0,9270.0,24583,0.0,0.0
2022-02-18 00:00:00+09:00,9220.0,9420.0,9100.0,9420.0,20411,0.0,0.0
2022-02-21 00:00:00+09:00,9420.0,9450.0,9320.0,9420.0,11362,0.0,0.0
2022-02-22 00:00:00+09:00,9260.0,9390.0,9080.0,9140.0,15452,0.0,0.0
2022-02-23 00:00:00+09:00,9070.0,9270.0,8960.0,9220.0,10273,0.0,0.0
2022-02-24 00:00:00+09:00,9220.0,9230.0,8800.0,9090.0,21349,0.0,0.0
2022-02-25 00:00:00+09:00,9040.0,9250.0,9040.0,9080.0,17680,0.0,0.0
2022-02-28 00:00:00+09:00,9120.0,9280.0,9100.0,9220.0,13703,0.0,0.0
2022-03-02 00:00:00+09:00,9220.0,9390.0,9170.0,9250.0,20807,0.0,0.0
2022-03-03 00:00:00+09:00,9290.0,9570.0,9280.0,9480.0,22834,0.0,0.0
2022-03-04 00:00:00+09:00,9490.0,9540.0,9420.0,9450.0,13074,0.0,0.0
2022-03-07 00:00:00+09:00,9400.0,9490.0,9140.0,9270.0,19728,0.0,0.0
2022-03-08 00:00:00+09:00,9000.0,9160.0,8950.0,9050.0,12254,0.0,0.0
2022-03-10 00:00:00+09:00,9060.0,9180.0,9050.0,9070.0,13601,0.0,0.0
2022-03-11 00:00:00+09:00,9130.0,9240.0,9070.0,9180.0,12473,0.0,0.0
2022-03-14 00:00:00+09:00,9190.0,9230.0,8800.0,8950.0,30827,0.0,0.0
2022-03-15 00:00:00+09:00,8710.0,8930.0,8710.0,8900.0,19122,0.0,0.0
2022-03-16 00:00:00+09:00,8860.0,9070.0,8820.0,8960.0,15406,0.0,0.0
2022-03-17 00:00:00+09:00,9070.0,9150.0,9010.0,9060.0,18876,0.0,0.0
2022-03-18 00:00:00+09:00,9090.0,9230.0,9060.0,9160.0,20195,0.0,0.0
2022-03-21 00:00:00+09:00,9170.0,9300.0,9170.0,9180.0,10878,0.0,0.0
2022-03-22 00:00:00+09:00,9230.0,9360.0,9190.0,9320.0,13837,0.0,0.0
2022-03-23 00:00:00+09:00,9320.0,9390.0,9290.0,9350.0,14296,0.0,0.0
2022-03-24 00:00:00+09:00,9350.0,9350.0,9250.0,9350.0,13113,0.0,0.0
2022-03-25 00:00:00+09:00,9370.0,9370.0,9140.0,9240.0,20550,0.0,0.0
2022-03-28 00:00:00+09:00,9230.0,9260.0,9140.0,9230.0,7432,0.0,0.0
2022-03-29 00:00:00+09:00,9230.0,9340.0,9120.0,9330.0,19557,0.0,0.0
2022-03-30 00:00:00+09:00,9450.0,9590.0,9430.0,9510.0,65581,0.0,0.0
2022-03-31 00:00:00+09:00,9510.0,9600.0,9460.0,9530.0,18683,0.0,0.0
2022-04-01 00:00:00+09:00,9550.0,9880.0,9380.0,9840.0,46256,0.0,0.0
2022-04-04 00:00:00+09:00,9840.0,10100.0,9700.0,9940.0,48465,0.0,0.0
2022-04-05 00:00:00+09:00,9900.0,10050.0,9870.0,10050.0,41068,0.0,0.0
2022-04-06 00:00:00+09:00,9950.0,10100.0,9830.0,9870.0,38014,0.0,0.0
2022-04-07 00:00:00+09:00,9870.0,9970.0,9660.0,9680.0,22439,0.0,0.0
2022-04-08 00:00:00+09:00,9680.0,9770.0,9520.0,9630.0,16337,0.0,0.0
2022-04-11 00:00:00+09:00,9530.0,9630.0,9450.0,9540.0,10365,0.0,0.0
2022-04-12 00:00:00+09:00,9400.0,9510.0,9300.0,9490.0,18198,0.0,0.0
2022-04-13 00:00:00+09:00,9410.0,9650.0,9410.0,9640.0,15777,0.0,0.0
2022-04-14 00:00:00+09:00,9640.0,9700.0,9520.0,9540.0,11662,0.0,0.0
2022-04-15 00:00:00+09:00,9540.0,9590.0,9440.0,9520.0,5661,0.0,0.0
2022-04-18 00:00:00+09:00,9470.0,9850.0,9450.0,9760.0,31856,0.0,0.0
2022-04-19 00:00:00+09:00,9700.0,9870.0,9680.0,9830.0,32216,0.0,0.0
2022-04-20 00:00:00+09:00,10050.0,10850.0,9990.0,10700.0,371930,0.0,0.0
2022-04-21 00:00:00+09:00,10800.0,11250.0,10500.0,10500.0,260364,0.0,0.0
2022-04-22 00:00:00+09:00,10600.0,10650.0,10000.0,10350.0,171702,0.0,0.0
2022-04-25 00:00:00+09:00,10000.0,10250.0,10000.0,10050.0,56689,0.0,0.0
2022-04-26 00:00:00+09:00,10100.0,10100.0,9870.0,9920.0,59412,0.0,0.0
2022-04-27 00:00:00+09:00,9700.0,9800.0,9420.0,9520.0,79529,0.0,0.0
2022-04-28 00:00:00+09:00,9530.0,9550.0,9310.0,9390.0,32538,0.0,0.0
2022-04-29 00:00:00+09:00,9420.0,9670.0,9420.0,9610.0,28585,0.0,0.0
2022-05-03 00:00:00+09:00,10250.0,10350.0,10050.0,10150.0,50092,0.0,0.0
2022-05-04 00:00:00+09:00,10250.0,10300.0,10100.0,10200.0,39151,0.0,0.0
2022-05-06 00:00:00+09:00,9980.0,10200.0,9680.0,9760.0,41184,0.0,0.0
2022-05-10 00:00:00+09:00,9220.0,9400.0,8900.0,9260.0,26100,0.0,0.0
2022-05-11 00:00:00+09:00,9210.0,9640.0,9210.0,9570.0,32909,0.0,0.0
2022-05-12 00:00:00+09:00,9530.0,9580.0,9080.0,9150.0,19591,0.0,0.0
2022-05-13 00:00:00+09:00,9080.0,9290.0,9080.0,9220.0,15811,0.0,0.0
2022-05-16 00:00:00+09:00,9270.0,9500.0,9100.0,9320.0,32776,0.0,0.0
2022-05-17 00:00:00+09:00,9240.0,9270.0,8930.0,9070.0,61784,0.0,0.0
2022-05-18 00:00:00+09:00,9220.0,9220.0,8760.0,8880.0,65714,0.0,0.0
2022-05-19 00:00:00+09:00,8700.0,8750.0,8570.0,8630.0,29887,0.0,0.0
2022-05-20 00:00:00+09:00,8540.0,8900.0,8540.0,8760.0,42068,0.0,0.0
2022-05-23 00:00:00+09:00,8850.0,8850.0,8210.0,8620.0,28295,0.0,0.0
2022-05-24 00:00:00+09:00,8620.0,8740.0,8500.0,8660.0,16494,0.0,0.0
2022-05-25 00:00:00+09:00,8620.0,8680.0,8470.0,8640.0,23917,0.0,0.0
2022-05-26 00:00:00+09:00,8580.0,8690.0,8570.0,8630.0,16040,0.0,0.0
2022-05-27 00:00:00+09:00,8590.0,8750.0,8580.0,8710.0,12038,0.0,0.0
2022-05-30 00:00:00+09:00,8800.0,8900.0,8680.0,8680.0,19484,0.0,0.0
2022-05-31 00:00:00+09:00,8610.0,8850.0,8610.0,8760.0,20424,0.0,0.0
2022-06-02 00:00:00+09:00,8760.0,8790.0,8680.0,8770.0,8473,0.0,0.0
2022-06-03 00:00:00+09:00,8800.0,8830.0,8760.0,8810.0,10017,0.0,0.0
2022-06-07 00:00:00+09:00,8820.0,8870.0,8650.0,8720.0,14401,0.0,0.0
2022-06-08 00:00:00+09:00,8660.0,8770.0,8660.0,8740.0,10910,0.0,0.0
2022-06-09 00:00:00+09:00,8670.0,8740.0,8600.0,8690.0,7473,0.0,0.0
2022-06-10 00:00:00+09:00,8650.0,8720.0,8560.0,8660.0,9969,0.0,0.0
2022-06-13 00:00:00+09:00,8470.0,8580.0,8070.0,8260.0,21915,0.0,0.0
2022-06-14 00:00:00+09:00,8000.0,8070.0,7770.0,7800.0,41173,0.0,0.0
2022-06-15 00:00:00+09:00,7810.0,7980.0,7400.0,7800.0,69108,0.0,0.0
2022-06-16 00:00:00+09:00,7800.0,7820.0,7490.0,7690.0,29051,0.0,0.0
2022-06-17 00:00:00+09:00,7400.0,7520.0,7240.0,7400.0,32715,0.0,0.0
2022-06-20 00:00:00+09:00,7430.0,7430.0,6650.0,6760.0,33368,0.0,0.0
2022-06-21 00:00:00+09:00,6400.0,6980.0,6400.0,6900.0,39704,0.0,0.0
2022-06-22 00:00:00+09:00,6960.0,7030.0,6330.0,6330.0,32247,0.0,0.0
2022-06-23 00:00:00+09:00,6260.0,6380.0,5990.0,6160.0,36182,0.0,0.0
2022-06-24 00:00:00+09:00,5950.0,6540.0,5920.0,6400.0,51129,0.0,0.0
2022-06-27 00:00:00+09:00,6590.0,8320.0,6420.0,7380.0,664181,0.0,0.0
2022-06-28 00:00:00+09:00,7590.0,9580.0,7590.0,8800.0,1957419,0.0,0.0
2022-06-29 00:00:00+09:00,8600.0,9090.0,8380.0,8650.0,340900,0.0,0.0
2022-06-30 00:00:00+09:00,8600.0,8950.0,8260.0,8300.0,130944,0.0,0.0
2022-07-01 00:00:00+09:00,8160.0,10150.0,8120.0,9500.0,1986831,0.0,0.0
2022-07-04 00:00:00+09:00,10350.0,10350.0,8820.0,8820.0,315009,0.0,0.0
2022-07-05 00:00:00+09:00,9020.0,9420.0,8320.0,8430.0,329685,0.0,0.0
2022-07-06 00:00:00+09:00,8570.0,10900.0,8350.0,9900.0,2240995,0.0,0.0
2022-07-07 00:00:00+09:00,9900.0,10100.0,9480.0,9590.0,291896,0.0,0.0
2022-07-08 00:00:00+09:00,9590.0,11300.0,9320.0,9980.0,1616404,0.0,0.0
2022-07-11 00:00:00+09:00,9880.0,10150.0,9530.0,9530.0,217832,0.0,0.0
2022-07-12 00:00:00+09:00,9630.0,11150.0,9340.0,9570.0,2044824,0.0,0.0
2022-07-13 00:00:00+09:00,9570.0,9570.0,9000.0,9010.0,265287,0.0,0.0
2022-07-14 00:00:00+09:00,9120.0,9120.0,8600.0,8790.0,153989,0.0,0.0
2022-07-15 00:00:00+09:00,8840.0,10300.0,8590.0,9620.0,1939430,0.0,0.0
2022-07-18 00:00:00+09:00,9530.0,10100.0,9520.0,9520.0,485315,0.0,0.0
2022-07-19 00:00:00+09:00,9520.0,9870.0,9270.0,9600.0,266422,0.0,0.0
2022-07-20 00:00:00+09:00,9750.0,10500.0,9650.0,9990.0,790066,0.0,0.0
2022-07-21 00:00:00+09:00,9920.0,10300.0,9830.0,10050.0,263216,0.0,0.0
2022-07-22 00:00:00+09:00,10050.0,10150.0,9350.0,9390.0,189386,0.0,0.0
2022-07-25 00:00:00+09:00,9410.0,9480.0,8830.0,9000.0,121046,0.0,0.0
2022-07-26 00:00:00+09:00,9000.0,9090.0,8460.0,8660.0,135708,0.0,0.0
2022-07-27 00:00:00+09:00,8740.0,9800.0,8530.0,9020.0,561155,0.0,0.0
2022-07-28 00:00:00+09:00,9070.0,9920.0,9070.0,9600.0,651829,0.0,0.0
2022-07-29 00:00:00+09:00,9650.0,10500.0,9510.0,10050.0,759120,0.0,0.0
2022-08-01 00:00:00+09:00,10050.0,10100.0,9230.0,9260.0,253040,0.0,0.0
2022-08-02 00:00:00+09:00,9270.0,12000.0,9200.0,12000.0,4982462,0.0,0.0
2022-08-03 00:00:00+09:00,12600.0,12700.0,11050.0,11500.0,2191635,0.0,0.0
2022-08-04 00:00:00+09:00,11000.0,11150.0,10800.0,11000.0,443315,0.0,0.0
2022-08-05 00:00:00+09:00,11000.0,11150.0,10600.0,10750.0,359796,0.0,0.0
2022-08-08 00:00:00+09:00,10850.0,11050.0,10700.0,10750.0,208869,0.0,0.0
2022-08-09 00:00:00+09:00,10750.0,11450.0,10500.0,10700.0,574026,0.0,0.0
2022-08-10 00:00:00+09:00,10600.0,11150.0,10450.0,10900.0,386622,0.0,0.0
2022-08-11 00:00:00+09:00,10950.0,11300.0,10850.0,11300.0,399034,0.0,0.0
2022-08-12 00:00:00+09:00,11250.0,11250.0,10900.0,10950.0,155846,0.0,0.0
2022-08-16 00:00:00+09:00,11000.0,11050.0,10550.0,10700.0,184770,0.0,0.0
2022-08-17 00:00:00+09:00,10700.0,10900.0,10450.0,10650.0,99899,0.0,0.0
2022-08-18 00:00:00+09:00,10450.0,11400.0,10250.0,10550.0,422067,0.0,0.0
2022-08-19 00:00:00+09:00,10400.0,10850.0,10400.0,10450.0,108922,0.0,0.0
2022-08-22 00:00:00+09:00,10450.0,10500.0,9660.0,9700.0,195560,0.0,0.0
2022-08-23 00:00:00+09:00,9530.0,10200.0,9500.0,9870.0,127768,0.0,0.0
2022-08-24 00:00:00+09:00,9830.0,10250.0,9830.0,10050.0,66790,0.0,0.0
2022-08-25 00:00:00+09:00,10000.0,10350.0,10000.0,10200.0,56740,0.0,0.0
2022-08-26 00:00:00+09:00,10200.0,10350.0,9910.0,9990.0,48632,0.0,0.0
2022-08-29 00:00:00+09:00,9550.0,9840.0,9430.0,9830.0,52916,0.0,0.0
2022-08-30 00:00:00+09:00,9780.0,10150.0,9780.0,10000.0,58053,0.0,0.0
2022-08-31 00:00:00+09:00,10050.0,10300.0,9860.0,9950.0,50064,0.0,0.0
2022-09-01 00:00:00+09:00,9840.0,9940.0,9450.0,9630.0,49050,0.0,0.0
2022-09-02 00:00:00+09:00,9610.0,9800.0,9330.0,9440.0,43819,0.0,0.0
2022-09-05 00:00:00+09:00,9310.0,10150.0,9080.0,9190.0,223015,0.0,0.0
2022-09-06 00:00:00+09:00,9190.0,9510.0,9100.0,9270.0,79390,0.0,0.0
2022-09-07 00:00:00+09:00,9240.0,9370.0,8580.0,8700.0,115709,0.0,0.0
2022-09-08 00:00:00+09:00,8770.0,9270.0,8770.0,8790.0,99353,0.0,0.0
2022-09-13 00:00:00+09:00,8870.0,9170.0,8870.0,8930.0,43477,0.0,0.0
2022-09-14 00:00:00+09:00,8560.0,8810.0,8560.0,8680.0,48748,0.0,0.0
2022-09-15 00:00:00+09:00,8680.0,8850.0,8680.0,8740.0,34144,0.0,0.0
2022-09-16 00:00:00+09:00,8610.0,8890.0,8440.0,8470.0,46333,0.0,0.0
2022-09-19 00:00:00+09:00,8390.0,8540.0,8150.0,8260.0,49692,0.0,0.0
2022-09-20 00:00:00+09:00,8200.0,8590.0,8200.0,8250.0,35524,0.0,0.0
2022-09-21 00:00:00+09:00,8130.0,8440.0,8130.0,8230.0,29258,0.0,0.0
2022-09-22 00:00:00+09:00,8160.0,8230.0,7900.0,8130.0,37066,0.0,0.0
2022-09-23 00:00:00+09:00,8130.0,8240.0,7680.0,7680.0,39067,0.0,0.0
2022-09-26 00:00:00+09:00,7650.0,7750.0,7130.0,7190.0,43316,0.0,0.0
2022-09-27 00:00:00+09:00,7000.0,7580.0,6990.0,7190.0,62741,0.0,0.0
2022-09-28 00:00:00+09:00,7020.0,7230.0,6630.0,6740.0,56698,0.0,0.0
2022-09-29 00:00:00+09:00,6980.0,7330.0,6920.0,6960.0,34667,0.0,0.0
2022-09-30 00:00:00+09:00,6740.0,7150.0,6740.0,7150.0,33674,0.0,0.0
2022-10-04 00:00:00+09:00,7450.0,7450.0,7130.0,7350.0,20448,0.0,0.0
2022-10-05 00:00:00+09:00,7430.0,7560.0,7050.0,7100.0,21476,0.0,0.0
2022-10-06 00:00:00+09:00,7250.0,7320.0,7100.0,7200.0,31067,0.0,0.0
2022-10-07 00:00:00+09:00,7060.0,7280.0,7060.0,7280.0,20566,0.0,0.0
2022-10-11 00:00:00+09:00,7070.0,7270.0,6460.0,6520.0,88090,0.0,0.0
2022-10-12 00:00:00+09:00,6520.0,6750.0,6360.0,6470.0,22322,0.0,0.0
2022-10-13 00:00:00+09:00,6530.0,6530.0,5880.0,5960.0,90383,0.0,0.0
2022-10-14 00:00:00+09:00,5990.0,6150.0,5990.0,6090.0,32890,0.0,0.0
2022-10-17 00:00:00+09:00,6120.0,6140.0,5890.0,6010.0,25363,0.0,0.0
2022-10-18 00:00:00+09:00,6200.0,6210.0,6050.0,6150.0,35167,0.0,0.0
2022-10-19 00:00:00+09:00,6180.0,6250.0,6070.0,6080.0,19766,0.0,0.0
2022-10-20 00:00:00+09:00,6140.0,7190.0,6090.0,6390.0,309528,0.0,0.0
2022-10-21 00:00:00+09:00,6410.0,6460.0,6210.0,6210.0,64671,0.0,0.0
2022-10-24 00:00:00+09:00,6290.0,6480.0,6290.0,6370.0,40689,0.0,0.0
2022-10-25 00:00:00+09:00,6400.0,6490.0,6200.0,6310.0,24093,0.0,0.0
2022-10-26 00:00:00+09:00,6340.0,7950.0,6340.0,6820.0,2999920,0.0,0.0
2022-10-27 00:00:00+09:00,6850.0,7500.0,6650.0,6960.0,812066,0.0,0.0
2022-10-28 00:00:00+09:00,7120.0,7120.0,6700.0,6920.0,124032,0.0,0.0
2022-10-31 00:00:00+09:00,6940.0,6940.0,6720.0,6780.0,75019,0.0,0.0
2022-11-01 00:00:00+09:00,6710.0,7340.0,6710.0,6830.0,437216,0.0,0.0
2022-11-02 00:00:00+09:00,6770.0,7420.0,6750.0,7000.0,453449,0.0,0.0
2022-11-03 00:00:00+09:00,6900.0,7060.0,6820.0,6950.0,64786,0.0,0.0
2022-11-04 00:00:00+09:00,6900.0,6930.0,6640.0,6720.0,59504,0.0,0.0
2022-11-07 00:00:00+09:00,6800.0,6880.0,6710.0,6730.0,43130,0.0,0.0
2022-11-08 00:00:00+09:00,6740.0,7040.0,6680.0,6980.0,138482,0.0,0.0
2022-11-09 00:00:00+09:00,6980.0,7070.0,6840.0,6930.0,61101,0.0,0.0
2022-11-10 00:00:00+09:00,6910.0,6960.0,6700.0,6800.0,47121,0.0,0.0
2022-11-11 00:00:00+09:00,6940.0,6940.0,6790.0,6850.0,49721,0.0,0.0
2022-11-14 00:00:00+09:00,6930.0,7070.0,6870.0,7030.0,77088,0.0,0.0
2022-11-15 00:00:00+09:00,7030.0,7080.0,6890.0,7080.0,56651,0.0,0.0
2022-11-16 00:00:00+09:00,7040.0,7060.0,6880.0,7050.0,42773,0.0,0.0
2022-11-17 00:00:00+09:00,7030.0,7030.0,6880.0,6930.0,23906,0.0,0.0
2022-11-18 00:00:00+09:00,6910.0,7040.0,6880.0,7030.0,27424,0.0,0.0
2022-11-21 00:00:00+09:00,7050.0,7080.0,6740.0,6740.0,40713,0.0,0.0
2022-11-22 00:00:00+09:00,6700.0,7050.0,6690.0,6760.0,39965,0.0,0.0
2022-11-23 00:00:00+09:00,6810.0,6810.0,6690.0,6720.0,25052,0.0,0.0
2022-11-24 00:00:00+09:00,6780.0,6910.0,6740.0,6850.0,34186,0.0,0.0
2022-11-25 00:00:00+09:00,6850.0,6950.0,6660.0,6750.0,22850,0.0,0.0
2022-11-28 00:00:00+09:00,6850.0,6860.0,6480.0,6670.0,45749,0.0,0.0
2022-11-29 00:00:00+09:00,6540.0,6820.0,6530.0,6730.0,29716,0.0,0.0
2022-11-30 00:00:00+09:00,6790.0,6830.0,6700.0,6720.0,23624,0.0,0.0
2022-12-01 00:00:00+09:00,6730.0,6800.0,6670.0,6730.0,26386,0.0,0.0
2022-12-02 00:00:00+09:00,6720.0,6770.0,6690.0,6740.0,16899,0.0,0.0
2022-12-05 00:00:00+09:00,6740.0,6850.0,6740.0,6820.0,31193,0.0,0.0
2022-12-06 00:00:00+09:00,6680.0,6820.0,6660.0,6690.0,25539,0.0,0.0
2022-12-07 00:00:00+09:00,6550.0,6750.0,6510.0,6600.0,20331,0.0,0.0
2022-12-08 00:00:00+09:00,6600.0,7400.0,6480.0,6540.0,349829,0.0,0.0
2022-12-09 00:00:00+09:00,6520.0,6640.0,6470.0,6620.0,37434,0.0,0.0
2022-12-12 00:00:00+09:00,6630.0,6680.0,6540.0,6630.0,19655,0.0,0.0
2022-12-13 00:00:00+09:00,6620.0,6620.0,6520.0,6560.0,18535,0.0,0.0
2022-12-14 00:00:00+09:00,6510.0,6660.0,6510.0,6640.0,12239,0.0,0.0
2022-12-15 00:00:00+09:00,6640.0,6700.0,6590.0,6590.0,16235,0.0,0.0
2022-12-16 00:00:00+09:00,6560.0,6560.0,6350.0,6450.0,21255,0.0,0.0
2022-12-19 00:00:00+09:00,6350.0,6360.0,6210.0,6240.0,34505,0.0,0.0
2022-12-20 00:00:00+09:00,6160.0,6260.0,6120.0,6230.0,17614,0.0,0.0
2022-12-21 00:00:00+09:00,6230.0,6230.0,6120.0,6120.0,11113,0.0,0.0
2022-12-22 00:00:00+09:00,6130.0,6190.0,6110.0,6160.0,10975,0.0,0.0
2022-12-23 00:00:00+09:00,6060.0,6190.0,5810.0,5860.0,35794,0.0,0.0
2022-12-26 00:00:00+09:00,5820.0,5850.0,5590.0,5640.0,45168,0.0,0.0
2022-12-27 00:00:00+09:00,5550.0,5850.0,5550.0,5720.0,26862,0.0,0.0
2022-12-28 00:00:00+09:00,5770.0,6340.0,5750.0,5780.0,93999,0.0,0.0
2022-12-29 00:00:00+09:00,5780.0,5870.0,5510.0,5530.0,18051,0.0,0.0
2023-01-02 00:00:00+09:00,5510.0,5600.0,5400.0,5470.0,18144,0.0,0.0
2023-01-03 00:00:00+09:00,5350.0,5490.0,5170.0,5480.0,37982,0.0,0.0
2023-01-04 00:00:00+09:00,5500.0,5760.0,5250.0,5690.0,26553,0.0,0.0
2023-01-05 00:00:00+09:00,5750.0,5790.0,5680.0,5730.0,9131,0.0,0.0
2023-01-06 00:00:00+09:00,5720.0,5840.0,5700.0,5810.0,10881,0.0,0.0
2023-01-09 00:00:00+09:00,5890.0,5920.0,5810.0,5860.0,9876,0.0,0.0
2023-01-10 00:00:00+09:00,5870.0,6330.0,5870.0,5880.0,55418,0.0,0.0
2023-01-11 00:00:00+09:00,6440.0,6440.0,5940.0,6050.0,36703,0.0,0.0
2023-01-12 00:00:00+09:00,6180.0,6200.0,6060.0,6170.0,27699,0.0,0.0
2023-01-13 00:00:00+09:00,6200.0,6270.0,6130.0,6250.0,18386,0.0,0.0
2023-01-16 00:00:00+09:00,6250.0,6290.0,6130.0,6260.0,10206,0.0,0.0
2023-01-17 00:00:00+09:00,6260.0,6290.0,6100.0,6100.0,24978,0.0,0.0
2023-01-18 00:00:00+09:00,6100.0,6120.0,6000.0,6060.0,6696,0.0,0.0
2023-01-19 00:00:00+09:00,6050.0,6260.0,6030.0,6240.0,13784,0.0,0.0
2023-01-20 00:00:00+09:00,6180.0,6300.0,6180.0,6230.0,9389,0.0,0.0
2023-01-25 00:00:00+09:00,6230.0,6460.0,6140.0,6360.0,90504,0.0,0.0
2023-01-26 00:00:00+09:00,6350.0,6490.0,6310.0,6430.0,20281,0.0,0.0
2023-01-27 00:00:00+09:00,6450.0,6460.0,6320.0,6440.0,20034,0.0,0.0
2023-01-30 00:00:00+09:00,6400.0,6510.0,6370.0,6460.0,16308,0.0,0.0
2023-01-31 00:00:00+09:00,6380.0,6450.0,6300.0,6420.0,12102,0.0,0.0
2023-02-01 00:00:00+09:00,6400.0,6470.0,6370.0,6430.0,13213,0.0,0.0
2023-02-02 00:00:00+09:00,6400.0,6500.0,6350.0,6390.0,16721,0.0,0.0
2023-02-03 00:00:00+09:00,6390.0,6580.0,6360.0,6400.0,15463,0.0,0.0
2023-02-06 00:00:00+09:00,6400.0,6770.0,6380.0,6560.0,56688,0.0,0.0
2023-02-07 00:00:00+09:00,6560.0,6630.0,6470.0,6610.0,17443,0.0,0.0
2023-02-08 00:00:00+09:00,6710.0,6710.0,6500.0,6610.0,13539,0.0,0.0
2023-02-09 00:00:00+09:00,6490.0,6600.0,6470.0,6480.0,17910,0.0,0.0
2023-02-10 00:00:00+09:00,6480.0,6550.0,6360.0,6550.0,20037,0.0,0.0
2023-02-13 00:00:00+09:00,6550.0,6550.0,6150.0,6330.0,21497,0.0,0.0
2023-02-14 00:00:00+09:00,6330.0,6420.0,6300.0,6400.0,8821,0.0,0.0
2023-02-15 00:00:00+09:00,6400.0,6400.0,6160.0,6290.0,27907,0.0,0.0
2023-02-16 00:00:00+09:00,6210.0,6750.0,6210.0,6590.0,46829,0.0,0.0
2023-02-17 00:00:00+09:00,6590.0,6670.0,6440.0,6580.0,14181,0.0,0.0
2023-02-20 00:00:00+09:00,6560.0,6630.0,6410.0,6560.0,17285,0.0,0.0
2023-02-21 00:00:00+09:00,6430.0,6750.0,6430.0,6620.0,38329,0.0,0.0
2023-02-22 00:00:00+09:00,6600.0,6650.0,6330.0,6550.0,29401,0.0,0.0
2023-02-23 00:00:00+09:00,6550.0,6550.0,6290.0,6380.0,14275,0.0,0.0
2023-02-24 00:00:00+09:00,6410.0,6410.0,6230.0,6280.0,19645,0.0,0.0
2023-02-27 00:00:00+09:00,6200.0,6250.0,6010.0,6150.0,19507,0.0,0.0
2023-02-28 00:00:00+09:00,6140.0,6240.0,6100.0,6100.0,6951,0.0,0.0
2023-03-02 00:00:00+09:00,6090.0,6250.0,6050.0,6250.0,6549,0.0,0.0
2023-03-03 00:00:00+09:00,6330.0,6330.0,6160.0,6190.0,6211,0.0,0.0
2023-03-06 00:00:00+09:00,6240.0,6260.0,6050.0,6190.0,27095,0.0,0.0
2023-03-07 00:00:00+09:00,6220.0,6390.0,6010.0,6100.0,21983,0.0,0.0
2023-03-08 00:00:00+09:00,6030.0,6080.0,5850.0,5900.0,31805,0.0,0.0
2023-03-09 00:00:00+09:00,5900.0,6080.0,5780.0,6040.0,19983,0.0,0.0
2023-03-10 00:00:00+09:00,6040.0,6100.0,5700.0,5860.0,32247,0.0,0.0
2023-03-13 00:00:00+09:00,5710.0,5820.0,5520.0,5550.0,36089,0.0,0.0
2023-03-14 00:00:00+09:00,5480.0,5550.0,5230.0,5250.0,26170,0.0,0.0
2023-03-15 00:00:00+09:00,5250.0,5520.0,5250.0,5430.0,17870,0.0,0.0
2023-03-16 00:00:00+09:00,5430.0,5550.0,5280.0,5340.0,11778,0.0,0.0
2023-03-17 00:00:00+09:00,5340.0,5570.0,5340.0,5570.0,12451,0.0,0.0
2023-03-20 00:00:00+09:00,5570.0,5600.0,5500.0,5530.0,10935,0.0,0.0
2023-03-21 00:00:00+09:00,5470.0,5590.0,5300.0,5510.0,28234,0.0,0.0
2023-03-22 00:00:00+09:00,5500.0,5600.0,5460.0,5560.0,15822,0.0,0.0
2023-03-23 00:00:00+09:00,5500.0,5600.0,5330.0,5370.0,24324,0.0,0.0
2023-03-24 00:00:00+09:00,5370.0,5460.0,5350.0,5400.0,9237,0.0,0.0
2023-03-27 00:00:00+09:00,5400.0,5490.0,5200.0,5260.0,17629,0.0,0.0
2023-03-28 00:00:00+09:00,5260.0,5380.0,5260.0,5380.0,9364,0.0,0.0
2023-03-29 00:00:00+09:00,5400.0,5620.0,5220.0,5530.0,30362,0.0,0.0
2023-03-30 00:00:00+09:00,5510.0,5510.0,5320.0,5340.0,22204,0.0,0.0
2023-03-31 00:00:00+09:00,5350.0,5430.0,5340.0,5380.0,11554,0.0,0.0
2023-04-03 00:00:00+09:00,5390.0,5460.0,5330.0,5400.0,19574,0.0,0.0
2023-04-04 00:00:00+09:00,5400.0,5570.0,5380.0,5400.0,40934,0.0,0.0
2023-04-05 00:00:00+09:00,5450.0,5540.0,5450.0,5540.0,11876,0.0,0.0
2023-04-06 00:00:00+09:00,5500.0,5590.0,5300.0,5400.0,15896,0.0,0.0
2023-04-07 00:00:00+09:00,5420.0,5460.0,5150.0,5450.0,42048,0.0,0.0
2023-04-10 00:00:00+09:00,5460.0,5460.0,5160.0,5300.0,49892,0.0,0.0
2023-04-11 00:00:00+09:00,5220.0,5340.0,5120.0,5260.0,24323,0.0,0.0
2023-04-12 00:00:00+09:00,5240.0,5400.0,5230.0,5330.0,17600,0.0,0.0
2023-04-13 00:00:00+09:00,5340.0,5520.0,5240.0,5460.0,29009,0.0,0.0
2023-04-14 00:00:00+09:00,5480.0,6420.0,5480.0,5730.0,967074,0.0,0.0
2023-04-17 00:00:00+09:00,5730.0,5860.0,5630.0,5820.0,51510,0.0,0.0
2023-04-18 00:00:00+09:00,5790.0,5850.0,5680.0,5710.0,24652,0.0,0.0
2023-04-19 00:00:00+09:00,5750.0,5890.0,5740.0,5740.0,37802,0.0,0.0
2023-04-20 00:00:00+09:00,5740.0,6010.0,5730.0,5790.0,71275,0.0,0.0
2023-04-21 00:00:00+09:00,5790.0,6030.0,5550.0,5550.0,75895,0.0,0.0
2023-04-24 00:00:00+09:00,5480.0,7210.0,5470.0,7210.0,1995574,0.0,0.0
2023-04-25 00:00:00+09:00,7980.0,9370.0,7050.0,8110.0,12771450,0.0,0.0
2023-04-26 00:00:00+09:00,8020.0,8370.0,7100.0,7290.0,1479999,0.0,0.0
2023-04-27 00:00:00+09:00,7590.0,8930.0,7440.0,7510.0,6300659,0.0,0.0
2023-04-28 00:00:00+09:00,7680.0,9660.0,7290.0,8750.0,10626710,0.0,0.0
2023-05-02 00:00:00+09:00,8640.0,9460.0,8400.0,8510.0,3095073,0.0,0.0
2023-05-03 00:00:00+09:00,8510.0,8940.0,8400.0,8470.0,717012,0.0,0.0
2023-05-04 00:00:00+09:00,8530.0,8770.0,7820.0,8060.0,518559,0.0,0.0
2023-05-08 00:00:00+09:00,8130.0,8220.0,7820.0,8000.0,203674,0.0,0.0
2023-05-09 00:00:00+09:00,8000.0,8000.0,7520.0,7660.0,181775,0.0,0.0
2023-05-10 00:00:00+09:00,7770.0,8900.0,7510.0,7820.0,2608220,0.0,0.0
2023-05-11 00:00:00+09:00,7800.0,7820.0,7360.0,7390.0,217710,0.0,0.0
2023-05-12 00:00:00+09:00,7390.0,7520.0,7220.0,7440.0,175897,0.0,0.0
2023-05-15 00:00:00+09:00,7440.0,7470.0,6800.0,6870.0,152417,0.0,0.0
2023-05-16 00:00:00+09:00,6870.0,7950.0,6700.0,6880.0,866857,0.0,0.0
2023-05-17 00:00:00+09:00,6930.0,7930.0,6920.0,7460.0,1389061,0.0,0.0
2023-05-18 00:00:00+09:00,7480.0,8310.0,7440.0,7720.0,1389075,0.0,0.0
2023-05-19 00:00:00+09:00,7870.0,7870.0,7400.0,7400.0,203740,0.0,0.0
2023-05-22 00:00:00+09:00,7490.0,9620.0,7460.0,9620.0,4954744,0.0,0.0
2023-05-23 00:00:00+09:00,10300.0,10700.0,9350.0,9350.0,5604595,0.0,0.0
2023-05-24 00:00:00+09:00,9250.0,9530.0,8960.0,9000.0,516230,0.0,0.0
2023-05-25 00:00:00+09:00,8910.0,9050.0,8420.0,8660.0,597720,0.0,0.0
2023-05-26 00:00:00+09:00,8670.0,8790.0,8320.0,8320.0,347010,0.0,0.0
2023-05-30 00:00:00+09:00,8330.0,9090.0,8130.0,8230.0,1579283,0.0,0.0
2023-05-31 00:00:00+09:00,8080.0,8320.0,8000.0,8000.0,231624,0.0,0.0
2023-06-01 00:00:00+09:00,7970.0,8110.0,7840.0,7950.0,154096,0.0,0.0
2023-06-02 00:00:00+09:00,7950.0,8790.0,7820.0,8260.0,1820524,0.0,0.0
2023-06-05 00:00:00+09:00,8290.0,8500.0,8200.0,8270.0,215553,0.0,0.0
2023-06-07 00:00:00+09:00,8270.0,8360.0,8100.0,8110.0,99275,0.0,0.0
2023-06-08 00:00:00+09:00,8140.0,8180.0,7700.0,7780.0,134971,0.0,0.0
2023-06-09 00:00:00+09:00,7870.0,7930.0,7650.0,7690.0,89478,0.0,0.0
2023-06-12 00:00:00+09:00,7820.0,8320.0,7820.0,7830.0,483697,0.0,0.0
2023-06-13 00:00:00+09:00,7840.0,7890.0,7690.0,7720.0,81423,0.0,0.0
2023-06-14 00:00:00+09:00,7720.0,7910.0,7480.0,7480.0,81398,0.0,0.0
2023-06-15 00:00:00+09:00,7420.0,8000.0,7420.0,7630.0,197554,0.0,0.0
2023-06-16 00:00:00+09:00,7700.0,7950.0,7690.0,7880.0,104723,0.0,0.0
2023-06-19 00:00:00+09:00,8000.0,8120.0,7820.0,8020.0,95286,0.0,0.0
2023-06-20 00:00:00+09:00,8020.0,8130.0,7870.0,8070.0,83743,0.0,0.0
2023-06-21 00:00:00+09:00,8030.0,9300.0,7820.0,7960.0,1426924,0.0,0.0
2023-06-22 00:00:00+09:00,7940.0,8100.0,7600.0,7650.0,171550,0.0,0.0
2023-06-23 00:00:00+09:00,7650.0,7840.0,7500.0,7600.0,80453,0.0,0.0
2023-06-26 00:00:00+09:00,7450.0,7700.0,7370.0,7560.0,54519,0.0,0.0
2023-06-27 00:00:00+09:00,7530.0,7580.0,7300.0,7310.0,68753,0.0,0.0
2023-06-28 00:00:00+09:00,7400.0,7570.0,7230.0,7230.0,55556,0.0,0.0
2023-06-29 00:00:00+09:00,7230.0,7300.0,6860.0,7000.0,82343,0.0,0.0
2023-06-30 00:00:00+09:00,6990.0,7180.0,6840.0,7110.0,37075,0.0,0.0
2023-07-03 00:00:00+09:00,7120.0,7260.0,7070.0,7100.0,22514,0.0,0.0
2023-07-04 00:00:00+09:00,7170.0,7300.0,6950.0,7070.0,31054,0.0,0.0
2023-07-05 00:00:00+09:00,7300.0,7300.0,6900.0,6900.0,31559,0.0,0.0
2023-07-06 00:00:00+09:00,6990.0,7260.0,6700.0,7260.0,72499,0.0,0.0
2023-07-07 00:00:00+09:00,7080.0,7120.0,6750.0,6770.0,73429,0.0,0.0
2023-07-10 00:00:00+09:00,6680.0,6850.0,6550.0,6800.0,36378,0.0,0.0
2023-07-12 00:00:00+09:00,6990.0,7000.0,6680.0,6730.0,45916,0.0,0.0
2023-07-13 00:00:00+09:00,6760.0,6840.0,6580.0,6590.0,29169,0.0,0.0
2023-07-14 00:00:00+09:00,6590.0,6630.0,6330.0,6460.0,53940,0.0,0.0
2023-07-17 00:00:00+09:00,6400.0,6430.0,6150.0,6400.0,51091,0.0,0.0
2023-07-18 00:00:00+09:00,6520.0,6520.0,5780.0,5800.0,139129,0.0,0.0
2023-07-19 00:00:00+09:00,5820.0,6080.0,5820.0,5990.0,68007,0.0,0.0
2023-07-20 00:00:00+09:00,5990.0,6320.0,5920.0,6170.0,63801,0.0,0.0
2023-07-21 00:00:00+09:00,6500.0,7530.0,6240.0,6280.0,1709895,0.0,0.0
2023-07-24 00:00:00+09:00,6280.0,6340.0,5890.0,6040.0,131424,0.0,0.0
2023-07-25 00:00:00+09:00,5950.0,6010.0,5750.0,5820.0,83864,0.0,0.0
2023-07-26 00:00:00+09:00,5790.0,5790.0,5220.0,5440.0,96638,0.0,0.0
2023-07-27 00:00:00+09:00,5400.0,5850.0,5400.0,5760.0,58043,0.0,0.0
2023-07-28 00:00:00+09:00,5670.0,6050.0,5650.0,5890.0,37453,0.0,0.0
2023-07-31 00:00:00+09:00,5950.0,6050.0,5890.0,6000.0,25075,0.0,0.0
2023-08-01 00:00:00+09:00,5970.0,6240.0,5940.0,6060.0,37582,0.0,0.0
2023-08-02 00:00:00+09:00,6070.0,6080.0,5610.0,5870.0,58980,0.0,0.0
2023-08-03 00:00:00+09:00,5750.0,5850.0,5640.0,5800.0,41663,0.0,0.0
2023-08-04 00:00:00+09:00,5770.0,5920.0,5740.0,5920.0,29448,0.0,0.0
2023-08-07 00:00:00+09:00,5930.0,5950.0,5730.0,5940.0,20364,0.0,0.0
2023-08-08 00:00:00+09:00,5880.0,5880.0,5660.0,5700.0,33455,0.0,0.0
2023-08-09 00:00:00+09:00,5680.0,5830.0,5550.0,5810.0,32842,0.0,0.0
2023-08-10 00:00:00+09:00,5810.0,5920.0,5700.0,5900.0,27183,0.0,0.0
2023-08-11 00:00:00+09:00,5900.0,6050.0,5800.0,5860.0,43020,0.0,0.0
2023-08-14 00:00:00+09:00,5890.0,6450.0,5870.0,5960.0,238808,0.0,0.0
2023-08-16 00:00:00+09:00,5960.0,6300.0,5750.0,6000.0,155077,0.0,0.0
2023-08-17 00:00:00+09:00,5990.0,6000.0,5810.0,5900.0,43664,0.0,0.0
2023-08-18 00:00:00+09:00,5810.0,5990.0,5660.0,5740.0,97792,0.0,0.0
2023-08-21 00:00:00+09:00,5750.0,5910.0,5720.0,5770.0,34287,0.0,0.0
2023-08-22 00:00:00+09:00,5820.0,5900.0,5700.0,5710.0,48545,0.0,0.0
2023-08-23 00:00:00+09:00,5710.0,5890.0,5620.0,5620.0,63425,0.0,0.0
2023-08-24 00:00:00+09:00,5600.0,5710.0,5580.0,5640.0,29005,0.0,0.0
2023-08-25 00:00:00+09:00,5690.0,5740.0,5580.0,5710.0,30608,0.0,0.0
2023-08-28 00:00:00+09:00,5700.0,5800.0,5640.0,5730.0,34988,0.0,0.0
2023-08-29 00:00:00+09:00,5680.0,5850.0,5680.0,5850.0,29355,0.0,0.0
2023-08-30 00:00:00+09:00,5850.0,5890.0,5790.0,5870.0,34048,0.0,0.0
2023-08-31 00:00:00+09:00,5870.0,5890.0,5740.0,5810.0,28490,0.0,0.0
2023-09-01 00:00:00+09:00,5810.0,5860.0,5690.0,5740.0,23637,0.0,0.0
2023-09-04 00:00:00+09:00,5830.0,5830.0,5660.0,5690.0,18117,0.0,0.0
2023-09-05 00:00:00+09:00,5680.0,5810.0,5670.0,5730.0,21605,0.0,0.0
2023-09-06 00:00:00+09:00,5680.0,5750.0,5650.0,5720.0,14854,0.0,0.0
2023-09-07 00:00:00+09:00,5700.0,5740.0,5600.0,5660.0,25743,0.0,0.0
2023-09-08 00:00:00+09:00,5650.0,5750.0,5600.0,5710.0,14834,0.0,0.0
2023-09-11 00:00:00+09:00,5720.0,5740.0,5630.0,5680.0,12343,0.0,0.0
2023-09-12 00:00:00+09:00,5670.0,5690.0,5510.0,5530.0,27785,0.0,0.0
2023-09-13 00:00:00+09:00,5510.0,5510.0,5390.0,5410.0,19912,0.0,0.0
2023-09-14 00:00:00+09:00,5370.0,5570.0,5370.0,5570.0,11427,0.0,0.0
2023-09-15 00:00:00+09:00,5570.0,5650.0,5530.0,5580.0,14945,0.0,0.0
2023-09-18 00:00:00+09:00,5580.0,5680.0,5490.0,5550.0,14681,0.0,0.0
2023-09-19 00:00:00+09:00,5520.0,5550.0,5410.0,5460.0,16512,0.0,0.0
2023-09-20 00:00:00+09:00,5460.0,5460.0,5300.0,5450.0,24468,0.0,0.0
2023-09-21 00:00:00+09:00,5390.0,5390.0,5280.0,5300.0,26142,0.0,0.0
2023-09-22 00:00:00+09:00,5250.0,5300.0,5130.0,5300.0,22576,0.0,0.0
2023-09-25 00:00:00+09:00,5290.0,5300.0,4815.0,4835.0,95204,0.0,0.0
2023-09-26 00:00:00+09:00,4880.0,4935.0,4785.0,4925.0,26109,0.0,0.0
2023-09-27 00:00:00+09:00,4910.0,5050.0,4795.0,5030.0,37988,0.0,0.0
2023-10-04 00:00:00+09:00,5040.0,5040.0,4835.0,4845.0,21428,0.0,0.0
2023-10-05 00:00:00+09:00,4845.0,4950.0,4830.0,4895.0,14905,0.0,0.0
2023-10-06 00:00:00+09:00,4940.0,5030.0,4880.0,5000.0,21762,0.0,0.0
2023-10-10 00:00:00+09:00,5000.0,5050.0,4810.0,4885.0,11311,0.0,0.0
2023-10-11 00:00:00+09:00,4865.0,5000.0,4840.0,4980.0,7938,0.0,0.0
2023-10-12 00:00:00+09:00,5030.0,5030.0,4895.0,5000.0,14244,0.0,0.0
2023-10-13 00:00:00+09:00,5030.0,5030.0,4835.0,4885.0,11591,0.0,0.0
2023-10-16 00:00:00+09:00,4885.0,4980.0,4730.0,4965.0,15814,0.0,0.0
2023-10-17 00:00:00+09:00,4900.0,4945.0,4805.0,4920.0,7184,0.0,0.0
2023-10-18 00:00:00+09:00,4825.0,4920.0,4775.0,4815.0,7810,0.0,0.0
2023-10-19 00:00:00+09:00,4755.0,4790.0,4630.0,4680.0,27703,0.0,0.0
2023-10-20 00:00:00+09:00,4670.0,4670.0,4215.0,4480.0,48611,0.0,0.0
2023-10-23 00:00:00+09:00,4455.0,4550.0,4300.0,4495.0,13569,0.0,0.0
2023-10-24 00:00:00+09:00,4500.0,4590.0,4315.0,4575.0,12710,0.0,0.0
2023-10-25 00:00:00+09:00,4620.0,4760.0,4595.0,4705.0,7125,0.0,0.0
2023-10-26 00:00:00+09:00,4700.0,4705.0,4540.0,4565.0,9404,0.0,0.0
2023-10-27 00:00:00+09:00,4485.0,4600.0,4470.0,4520.0,6123,0.0,0.0
2023-10-30 00:00:00+09:00,4520.0,4630.0,4495.0,4630.0,3504,0.0,0.0
2023-10-31 00:00:00+09:00,4650.0,4700.0,4600.0,4690.0,5804,0.0,0.0
2023-11-01 00:00:00+09:00,4665.0,4725.0,4575.0,4630.0,9565,0.0,0.0
2023-11-02 00:00:00+09:00,4635.0,4880.0,4635.0,4855.0,11107,0.0,0.0
2023-11-03 00:00:00+09:00,4890.0,5000.0,4860.0,4925.0,8568,0.0,0.0
2023-11-06 00:00:00+09:00,4995.0,4995.0,4910.0,4950.0,10258,0.0,0.0
2023-11-07 00:00:00+09:00,4995.0,4995.0,4885.0,4925.0,6596,0.0,0.0
2023-11-08 00:00:00+09:00,4925.0,4945.0,4870.0,4910.0,6124,0.0,0.0
2023-11-09 00:00:00+09:00,4910.0,4930.0,4880.0,4905.0,1657,0.0,0.0
2023-11-10 00:00:00+09:00,4905.0,4905.0,4780.0,4780.0,5766,0.0,0.0
2023-11-13 00:00:00+09:00,4785.0,4845.0,4760.0,4760.0,3700,0.0,0.0
2023-11-14 00:00:00+09:00,4750.0,4835.0,4740.0,4830.0,6605,0.0,0.0
2023-11-15 00:00:00+09:00,4830.0,4910.0,4825.0,4865.0,7699,0.0,0.0
2023-11-16 00:00:00+09:00,4840.0,4960.0,4835.0,4960.0,12241,0.0,0.0
2023-11-17 00:00:00+09:00,4960.0,4960.0,4845.0,4880.0,4190,0.0,0.0
2023-11-20 00:00:00+09:00,4790.0,4920.0,4790.0,4910.0,4502,0.0,0.0
2023-11-21 00:00:00+09:00,4910.0,4980.0,4890.0,4950.0,5499,0.0,0.0
2023-11-22 00:00:00+09:00,4985.0,4990.0,4865.0,4905.0,6938,0.0,0.0
2023-11-23 00:00:00+09:00,4905.0,4935.0,4770.0,4835.0,16242,0.0,0.0
2023-11-24 00:00:00+09:00,4835.0,4990.0,4820.0,4965.0,11414,0.0,0.0
2023-11-27 00:00:00+09:00,4990.0,4990.0,4825.0,4965.0,12210,0.0,0.0
2023-11-28 00:00:00+09:00,4965.0,5300.0,4935.0,5270.0,57362,0.0,0.0
2023-11-29 00:00:00+09:00,5180.0,5210.0,5010.0,5100.0,27409,0.0,0.0
2023-11-30 00:00:00+09:00,5050.0,5190.0,5040.0,5140.0,8200,0.0,0.0
2023-12-01 00:00:00+09:00,5130.0,5170.0,5050.0,5080.0,10173,0.0,0.0
2023-12-04 00:00:00+09:00,5080.0,5090.0,5000.0,5030.0,6440,0.0,0.0
2023-12-05 00:00:00+09:00,4980.0,5090.0,4980.0,4995.0,12717,0.0,0.0
2023-12-06 00:00:00+09:00,4945.0,5030.0,4910.0,5030.0,7495,0.0,0.0
2023-12-07 00:00:00+09:00,4980.0,5030.0,4945.0,4980.0,6315,0.0,0.0
2023-12-08 00:00:00+09:00,4955.0,5070.0,4935.0,5040.0,6542,0.0,0.0
2023-12-11 00:00:00+09:00,5070.0,5100.0,4985.0,5050.0,7501,0.0,0.0
2023-12-12 00:00:00+09:00,5090.0,5180.0,5000.0,5040.0,10693,0.0,0.0
2023-12-13 00:00:00+09:00,5030.0,5090.0,4955.0,5000.0,7050,0.0,0.0
2023-12-14 00:00:00+09:00,5000.0,5050.0,4975.0,4975.0,11213,0.0,0.0
2023-12-15 00:00:00+09:00,4980.0,5050.0,4960.0,4990.0,4341,0.0,0.0
2023-12-18 00:00:00+09:00,4960.0,5000.0,4940.0,4940.0,7341,0.0,0.0
2023-12-19 00:00:00+09:00,4990.0,5010.0,4850.0,4945.0,21152,0.0,0.0
2023-12-20 00:00:00+09:00,4965.0,4995.0,4820.0,4850.0,14719,0.0,0.0
2023-12-21 00:00:00+09:00,4800.0,4920.0,4800.0,4850.0,7632,0.0,0.0
2023-12-22 00:00:00+09:00,4895.0,4900.0,4820.0,4890.0,4959,0.0,0.0
2023-12-26 00:00:00+09:00,4860.0,4890.0,4800.0,4800.0,4641,0.0,0.0
2023-12-27 00:00:00+09:00,4845.0,4930.0,4785.0,4930.0,10708,0.0,0.0
2023-12-28 00:00:00+09:00,4885.0,4940.0,4835.0,4880.0,10970,0.0,0.0
2024-01-02 00:00:00+09:00,4895.0,4950.0,4735.0,4830.0,6516,0.0,0.0
2024-01-03 00:00:00+09:00,4830.0,4870.0,4805.0,4820.0,7951,0.0,0.0
2024-01-04 00:00:00+09:00,4800.0,4870.0,4770.0,4800.0,8360,0.0,0.0
2024-01-05 00:00:00+09:00,4800.0,4825.0,4745.0,4790.0,5058,0.0,0.0
2024-01-08 00:00:00+09:00,4790.0,4850.0,4740.0,4775.0,13380,0.0,0.0
2024-01-09 00:00:00+09:00,4785.0,4825.0,4750.0,4800.0,8160,0.0,0.0
2024-01-10 00:00:00+09:00,4810.0,4845.0,4730.0,4785.0,11110,0.0,0.0
2024-01-11 00:00:00+09:00,4785.0,4850.0,4720.0,4765.0,12438,0.0,0.0
2024-01-12 00:00:00+09:00,4715.0,4765.0,4690.0,4730.0,16393,0.0,0.0
2024-01-15 00:00:00+09:00,4730.0,4730.0,4640.0,4655.0,10077,0.0,0.0
2024-01-16 00:00:00+09:00,4655.0,4675.0,4585.0,4615.0,10679,0.0,0.0
2024-01-17 00:00:00+09:00,4615.0,4615.0,4455.0,4495.0,11305,0.0,0.0
2024-01-19 00:00:00+09:00,4500.0,4575.0,4420.0,4510.0,16208,0.0,0.0
2024-01-22 00:00:00+09:00,4530.0,4560.0,4395.0,4400.0,12573,0.0,0.0
2024-01-23 00:00:00+09:00,4385.0,4400.0,4305.0,4380.0,12315,0.0,0.0
2024-01-24 00:00:00+09:00,4380.0,4400.0,4300.0,4350.0,12282,0.0,0.0
2024-01-25 00:00:00+09:00,4335.0,4345.0,4250.0,4325.0,10539,0.0,0.0
2024-01-26 00:00:00+09:00,4310.0,4435.0,4260.0,4400.0,15423,0.0,0.0
2024-01-29 00:00:00+09:00,4505.0,4600.0,4420.0,4450.0,18702,0.0,0.0
2024-01-30 00:00:00+09:00,4400.0,4475.0,4400.0,4450.0,6242,0.0,0.0
2024-01-31 00:00:00+09:00,4405.0,4450.0,4365.0,4400.0,14754,0.0,0.0
2024-02-01 00:00:00+09:00,4400.0,4565.0,4300.0,4505.0,20301,0.0,0.0
2024-02-02 00:00:00+09:00,4460.0,4570.0,4365.0,4565.0,7867,0.0,0.0
2024-02-05 00:00:00+09:00,4565.0,4600.0,4530.0,4540.0,4072,0.0,0.0
2024-02-06 00:00:00+09:00,4540.0,4555.0,4485.0,4515.0,4633,0.0,0.0
2024-02-07 00:00:00+09:00,4515.0,4585.0,4475.0,4580.0,3614,0.0,0.0
2024-02-08 00:00:00+09:00,4605.0,4605.0,4535.0,4600.0,6015,0.0,0.0
2024-02-13 00:00:00+09:00,4600.0,4615.0,4560.0,4615.0,7743,0.0,0.0
2024-02-14 00:00:00+09:00,4595.0,4770.0,4595.0,4735.0,19229,0.0,0.0
2024-02-15 00:00:00+09:00,4725.0,4760.0,4610.0,4610.0,11043,0.0,0.0
2024-02-16 00:00:00+09:00,4610.0,4695.0,4555.0,4630.0,5099,0.0,0.0
2024-02-19 00:00:00+09:00,4585.0,4625.0,4535.0,4565.0,12000,0.0,0.0
2024-02-20 00:00:00+09:00,4565.0,4575.0,4530.0,4575.0,5894,0.0,0.0
2024-02-21 00:00:00+09:00,4525.0,4575.0,4525.0,4530.0,4431,0.0,0.0
2024-02-22 00:00:00+09:00,4530.0,4580.0,4495.0,4580.0,14664,0.0,0.0
2024-02-23 00:00:00+09:00,4580.0,4650.0,4515.0,4550.0,10394,0.0,0.0
2024-02-26 00:00:00+09:00,4550.0,4550.0,4465.0,4490.0,9333,0.0,0.0
2024-02-27 00:00:00+09:00,4485.0,4505.0,4435.0,4505.0,4178,0.0,0.0
2024-02-28 00:00:00+09:00,4485.0,4485.0,4425.0,4450.0,6069,0.0,0.0
2024-02-29 00:00:00+09:00,4435.0,4450.0,4400.0,4425.0,7594,0.0,0.0
2024-03-04 00:00:00+09:00,4410.0,4425.0,4390.0,4410.0,8917,0.0,0.0
2024-03-05 00:00:00+09:00,4405.0,4405.0,4350.0,4390.0,3421,0.0,0.0
2024-03-06 00:00:00+09:00,4330.0,4385.0,4300.0,4370.0,7022,0.0,0.0
2024-03-07 00:00:00+09:00,4320.0,4370.0,4315.0,4330.0,3631,0.0,0.0
2024-03-08 00:00:00+09:00,4300.0,4450.0,4300.0,4370.0,5706,0.0,0.0
2024-03-11 00:00:00+09:00,4395.0,4415.0,4345.0,4350.0,12466,0.0,0.0
2024-03-12 00:00:00+09:00,4420.0,4500.0,4315.0,4500.0,5838,0.0,0.0
2024-03-13 00:00:00+09:00,4410.0,4485.0,4385.0,4480.0,11172,0.0,0.0
2024-03-14 00:00:00+09:00,4415.0,4480.0,4365.0,4470.0,14514,0.0,0.0
2024-03-15 00:00:00+09:00,4450.0,4470.0,4345.0,4425.0,10217,0.0,0.0
2024-03-18 00:00:00+09:00,4350.0,4420.0,4345.0,4350.0,9487,0.0,0.0
2024-03-19 00:00:00+09:00,4350.0,4470.0,4315.0,4430.0,13394,0.0,0.0
2024-03-20 00:00:00+09:00,4335.0,4430.0,4325.0,4395.0,2992,0.0,0.0
2024-03-21 00:00:00+09:00,4395.0,4450.0,4295.0,4350.0,23422,0.0,0.0
2024-03-22 00:00:00+09:00,4390.0,4390.0,4310.0,4330.0,7178,0.0,0.0
2024-03-25 00:00:00+09:00,4330.0,4370.0,4295.0,4345.0,10119,0.0,0.0
2024-03-26 00:00:00+09:00,4335.0,4415.0,4300.0,4350.0,4139,0.0,0.0
2024-03-27 00:00:00+09:00,4290.0,4340.0,4290.0,4305.0,9411,0.0,0.0
2024-03-28 00:00:00+09:00,4305.0,4305.0,4280.0,4305.0,6604,0.0,0.0
2024-03-29 00:00:00+09:00,4295.0,4340.0,4280.0,4320.0,7675,0.0,0.0
2024-04-01 00:00:00+09:00,4315.0,4335.0,4300.0,4330.0,10827,0.0,0.0
2024-04-02 00:00:00+09:00,4350.0,4425.0,4295.0,4335.0,11898,0.0,0.0
2024-04-03 00:00:00+09:00,4355.0,4375.0,4290.0,4290.0,5004,0.0,0.0
2024-04-04 00:00:00+09:00,4265.0,4290.0,4255.0,4290.0,11215,0.0,0.0
2024-04-05 00:00:00+09:00,4290.0,4325.0,4250.0,4290.0,4737,0.0,0.0
2024-04-08 00:00:00+09:00,4260.0,4290.0,4230.0,4245.0,13595,0.0,0.0
2024-04-09 00:00:00+09:00,4225.0,4270.0,4215.0,4255.0,6012,0.0,0.0
2024-04-11 00:00:00+09:00,4245.0,4295.0,4200.0,4270.0,15105,0.0,0.0
2024-04-12 00:00:00+09:00,4265.0,4270.0,4220.0,4255.0,3177,0.0,0.0
2024-04-15 00:00:00+09:00,4255.0,4265.0,4110.0,4205.0,18142,0.0,0.0
2024-04-16 00:00:00+09:00,4170.0,4170.0,4060.0,4085.0,6381,0.0,0.0
2024-04-17 00:00:00+09:00,4085.0,4085.0,4010.0,4045.0,4698,0.0,0.0
2024-04-18 00:00:00+09:00,4045.0,4310.0,3985.0,4100.0,7025,0.0,0.0
2024-04-19 00:00:00+09:00,4075.0,4145.0,3995.0,4055.0,9003,0.0,0.0
2024-04-22 00:00:00+09:00,3990.0,4105.0,3990.0,4100.0,9561,0.0,0.0
2024-04-23 00:00:00+09:00,4095.0,4100.0,4015.0,4025.0,5040,0.0,0.0
2024-04-24 00:00:00+09:00,4025.0,4070.0,3935.0,3935.0,14636,0.0,0.0
2024-04-25 00:00:00+09:00,3900.0,3920.0,3795.0,3845.0,15571,0.0,0.0
2024-04-26 00:00:00+09:00,3845.0,3905.0,3845.0,3880.0,4580,0.0,0.0
2024-04-29 00:00:00+09:00,3920.0,3920.0,3865.0,3895.0,5461,0.0,0.0
2024-04-30 00:00:00+09:00,3920.0,3955.0,3890.0,3930.0,5633,0.0,0.0
2024-05-02 00:00:00+09:00,3970.0,4025.0,3940.0,3950.0,5243,0.0,0.0
2024-05-03 00:00:00+09:00,3950.0,4025.0,3950.0,4000.0,2831,0.0,0.0
2024-05-07 00:00:00+09:00,4025.0,4095.0,4000.0,4045.0,7508,0.0,0.0
2024-05-08 00:00:00+09:00,4045.0,4095.0,4020.0,4050.0,3628,0.0,0.0
2024-05-09 00:00:00+09:00,4085.0,4085.0,3995.0,4030.0,11120,0.0,0.0
2024-05-10 00:00:00+09:00,4030.0,4030.0,4000.0,4010.0,1540,0.0,0.0
2024-05-13 00:00:00+09:00,4015.0,4015.0,3965.0,4000.0,5454,0.0,0.0
2024-05-14 00:00:00+09:00,3955.0,4000.0,3925.0,3995.0,10478,0.0,0.0
2024-05-16 00:00:00+09:00,4020.0,4020.0,3975.0,4010.0,2855,0.0,0.0
2024-05-17 00:00:00+09:00,4010.0,4240.0,4000.0,4165.0,29052,0.0,0.0
2024-05-20 00:00:00+09:00,4145.0,4230.0,4120.0,4220.0,17964,0.0,0.0
2024-05-21 00:00:00+09:00,4220.0,4220.0,4155.0,4190.0,7342,0.0,0.0
2024-05-22 00:00:00+09:00,4190.0,4190.0,4100.0,4110.0,4732,0.0,0.0
2024-05-23 00:00:00+09:00,4065.0,4140.0,4065.0,4120.0,5492,0.0,0.0
2024-05-24 00:00:00+09:00,4130.0,4190.0,4125.0,4140.0,5395,0.0,0.0
2024-05-27 00:00:00+09:00,4140.0,4140.0,4065.0,4135.0,2203,0.0,0.0
2024-05-28 00:00:00+09:00,4135.0,4175.0,4090.0,4150.0,5684,0.0,0.0
2024-05-29 00:00:00+09:00,4150.0,4150.0,4025.0,4070.0,5300,0.0,0.0
2024-05-30 00:00:00+09:00,4070.0,4150.0,3980.0,4075.0,8010,0.0,0.0
2024-05-31 00:00:00+09:00,4035.0,4100.0,4000.0,4075.0,4610,0.0,0.0
2024-06-03 00:00:00+09:00,4075.0,4120.0,4020.0,4080.0,7694,0.0,0.0
2024-06-04 00:00:00+09:00,4100.0,4100.0,4025.0,4080.0,3987,0.0,0.0
2024-06-05 00:00:00+09:00,4120.0,4120.0,4020.0,4095.0,8106,0.0,0.0
2024-06-07 00:00:00+09:00,4120.0,4120.0,3955.0,4005.0,9250,0.0,0.0
2024-06-10 00:00:00+09:00,4030.0,4030.0,3955.0,3995.0,2387,0.0,0.0
2024-06-11 00:00:00+09:00,3995.0,3995.0,3920.0,3970.0,4588,0.0,0.0
2024-06-12 00:00:00+09:00,3970.0,3970.0,3900.0,3900.0,5203,0.0,0.0
2024-06-13 00:00:00+09:00,3900.0,3940.0,3860.0,3880.0,6235,0.0,0.0
2024-06-14 00:00:00+09:00,3900.0,3900.0,3815.0,3830.0,9583,0.0,0.0
2024-06-17 00:00:00+09:00,3830.0,3865.0,3810.0,3835.0,2514,0.0,0.0
2024-06-18 00:00:00+09:00,3835.0,3865.0,3800.0,3855.0,6100,0.0,0.0
2024-06-19 00:00:00+09:00,3875.0,3880.0,3825.0,3855.0,5002,0.0,0.0
2024-06-20 00:00:00+09:00,3865.0,3865.0,3800.0,3850.0,7594,0.0,0.0
2024-06-21 00:00:00+09:00,3850.0,3850.0,3775.0,3795.0,3799,0.0,0.0
2024-06-24 00:00:00+09:00,3755.0,4100.0,3740.0,3750.0,6934,0.0,0.0
2024-06-25 00:00:00+09:00,3705.0,3715.0,3695.0,3695.0,10174,0.0,0.0
2024-06-26 00:00:00+09:00,3695.0,3695.0,3665.0,3695.0,4525,0.0,0.0
2024-06-27 00:00:00+09:00,3700.0,3735.0,3655.0,3695.0,7225,0.0,0.0
2024-06-28 00:00:00+09:00,3690.0,3735.0,3640.0,3650.0,8084,0.0,0.0
2024-07-01 00:00:00+09:00,3650.0,3705.0,3650.0,3700.0,3444,0.0,0.0
2024-07-02 00:00:00+09:00,3735.0,3775.0,3645.0,3650.0,7082,0.0,0.0
2024-07-03 00:00:00+09:00,3635.0,3705.0,3635.0,3685.0,1511,0.0,0.0
2024-07-04 00:00:00+09:00,3760.0,3760.0,3595.0,3680.0,8339,0.0,0.0
2024-07-05 00:00:00+09:00,3645.0,3675.0,3615.0,3650.0,3509,0.0,0.0
2024-07-08 00:00:00+09:00,3660.0,3705.0,3600.0,3700.0,3376,0.0,0.0
2024-07-09 00:00:00+09:00,3800.0,3800.0,3600.0,3725.0,6362,0.0,0.0
2024-07-10 00:00:00+09:00,3725.0,3750.0,3685.0,3715.0,1457,0.0,0.0
2024-07-11 00:00:00+09:00,3750.0,3765.0,3680.0,3765.0,2981,0.0,0.0
2024-07-12 00:00:00+09:00,3740.0,3765.0,3705.0,3765.0,2428,0.0,0.0
2024-07-15 00:00:00+09:00,3765.0,3800.0,3700.0,3790.0,1101,0.0,0.0
2024-07-16 00:00:00+09:00,3810.0,3810.0,3700.0,3740.0,1868,0.0,0.0
2024-07-17 00:00:00+09:00,3700.0,3740.0,3695.0,3695.0,911,0.0,0.0
2024-07-18 00:00:00+09:00,3660.0,3710.0,3640.0,3640.0,2664,0.0,0.0
2024-07-19 00:00:00+09:00,3625.0,3640.0,3550.0,3605.0,11249,0.0,0.0
2024-07-22 00:00:00+09:00,3640.0,3640.0,3585.0,3600.0,2220,0.0,0.0
2024-07-23 00:00:00+09:00,3600.0,3620.0,3570.0,3595.0,2073,0.0,0.0
2024-07-24 00:00:00+09:00,3595.0,3615.0,3550.0,3600.0,4303,0.0,0.0
2024-07-25 00:00:00+09:00,3600.0,3600.0,3550.0,3550.0,2570,0.0,0.0
2024-07-26 00:00:00+09:00,3550.0,3590.0,3510.0,3520.0,2441,0.0,0.0
2024-07-29 00:00:00+09:00,3520.0,3540.0,3500.0,3525.0,2375,0.0,0.0
2024-07-30 00:00:00+09:00,3525.0,3565.0,3500.0,3500.0,6240,0.0,0.0
2024-07-31 00:00:00+09:00,3515.0,3520.0,3400.0,3420.0,9879,0.0,0.0
2024-08-01 00:00:00+09:00,3455.0,3500.0,3400.0,3405.0,12434,0.0,0.0
2024-08-02 00:00:00+09:00,3405.0,3785.0,3400.0,3430.0,58857,0.0,0.0
2024-08-05 00:00:00+09:00,3430.0,3465.0,2905.0,3020.0,23457,0.0,0.0
2024-08-06 00:00:00+09:00,3010.0,3115.0,3000.0,3030.0,14995,0.0,0.0
2024-08-07 00:00:00+09:00,3050.0,3155.0,3030.0,3145.0,12219,0.0,0.0
2024-08-08 00:00:00+09:00,3110.0,3180.0,3075.0,3170.0,6505,0.0,0.0
2024-08-09 00:00:00+09:00,3170.0,3280.0,3170.0,3230.0,4464,0.0,0.0
2024-08-12 00:00:00+09:00,3250.0,3335.0,3230.0,3335.0,3226,0.0,0.0
2024-08-13 00:00:00+09:00,3345.0,3355.0,3320.0,3355.0,4908,0.0,0.0
2024-08-14 00:00:00+09:00,3355.0,3420.0,3355.0,3400.0,2134,0.0,0.0
2024-08-16 00:00:00+09:00,3370.0,3385.0,3175.0,3350.0,15238,0.0,0.0
2024-08-19 00:00:00+09:00,3350.0,3370.0,3055.0,3175.0,19334,0.0,0.0
2024-08-20 00:00:00+09:00,3175.0,3210.0,3105.0,3140.0,12024,0.0,0.0
2024-08-21 00:00:00+09:00,3170.0,3170.0,3080.0,3120.0,10656,0.0,0.0
2024-08-22 00:00:00+09:00,3120.0,3200.0,3060.0,3200.0,13568,0.0,0.0
2024-08-23 00:00:00+09:00,3200.0,3275.0,3075.0,3275.0,9531,0.0,0.0
2024-08-26 00:00:00+09:00,3270.0,3310.0,3180.0,3195.0,5619,0.0,0.0
2024-08-28 00:00:00+09:00,3135.0,3220.0,3050.0,3220.0,9338,0.0,0.0
2024-08-29 00:00:00+09:00,3195.0,3220.0,3155.0,3215.0,4659,0.0,0.0
2024-08-30 00:00:00+09:00,3215.0,3280.0,3150.0,3255.0,7892,0.0,0.0
2024-09-02 00:00:00+09:00,3250.0,3250.0,3180.0,3180.0,4761,0.0,0.0
2024-09-03 00:00:00+09:00,3180.0,3180.0,2990.0,3060.0,17647,0.0,0.0
2024-09-04 00:00:00+09:00,3060.0,3080.0,3030.0,3030.0,7457,0.0,0.0
2024-09-05 00:00:00+09:00,3030.0,3935.0,3030.0,3195.0,2242219,0.0,0.0
2024-09-06 00:00:00+09:00,3315.0,3855.0,3205.0,3420.0,1813414,0.0,0.0
2024-09-09 00:00:00+09:00,3490.0,4180.0,3400.0,3690.0,2103945,0.0,0.0
2024-09-10 00:00:00+09:00,3685.0,3775.0,3460.0,3570.0,270196,0.0,0.0
2024-09-11 00:00:00+09:00,3485.0,3760.0,3300.0,3425.0,265233,0.0,0.0
2024-09-12 00:00:00+09:00,3405.0,3480.0,3280.0,3310.0,107729,0.0,0.0
2024-09-13 00:00:00+09:00,3380.0,3435.0,3300.0,3300.0,100526,0.0,0.0
2024-09-19 00:00:00+09:00,3300.0,3335.0,3135.0,3135.0,61536,0.0,0.0
2024-09-20 00:00:00+09:00,3160.0,3300.0,3135.0,3200.0,40476,0.0,0.0
2024-09-23 00:00:00+09:00,3200.0,3265.0,3155.0,3170.0,18809,0.0,0.0
2024-09-24 00:00:00+09:00,3170.0,3700.0,3105.0,3420.0,781668,0.0,0.0
2024-09-25 00:00:00+09:00,3405.0,3630.0,3315.0,3405.0,265855,0.0,0.0
2024-09-26 00:00:00+09:00,3405.0,3405.0,3290.0,3335.0,40623,0.0,0.0
2024-09-27 00:00:00+09:00,3335.0,3730.0,3310.0,3455.0,254249,0.0,0.0
2024-09-30 00:00:00+09:00,3455.0,3475.0,3385.0,3400.0,23393,0.0,0.0
2024-10-02 00:00:00+09:00,3325.0,3535.0,3325.0,3330.0,22765,0.0,0.0
2024-10-04 00:00:00+09:00,3345.0,3365.0,3295.0,3300.0,14287,0.0,0.0
2024-10-07 00:00:00+09:00,3300.0,3440.0,3245.0,3375.0,17869,0.0,0.0
2024-10-08 00:00:00+09:00,3375.0,3430.0,3330.0,3340.0,27877,0.0,0.0
2024-10-10 00:00:00+09:00,3340.0,3360.0,3290.0,3290.0,13651,0.0,0.0
2024-10-11 00:00:00+09:00,3290.0,3310.0,3225.0,3230.0,10210,0.0,0.0
2024-10-14 00:00:00+09:00,3225.0,3310.0,3215.0,3300.0,4946,0.0,0.0
2024-10-15 00:00:00+09:00,3295.0,3395.0,3265.0,3395.0,16090,0.0,0.0
2024-10-16 00:00:00+09:00,3395.0,3535.0,3325.0,3340.0,18316,0.0,0.0
2024-10-17 00:00:00+09:00,3335.0,3515.0,3185.0,3410.0,19407,0.0,0.0
2024-10-18 00:00:00+09:00,3385.0,3410.0,3290.0,3340.0,16503,0.0,0.0
2024-10-21 00:00:00+09:00,3340.0,3340.0,3230.0,3250.0,9539,0.0,0.0
2024-10-22 00:00:00+09:00,3220.0,3250.0,3155.0,3195.0,11153,0.0,0.0
2024-10-23 00:00:00+09:00,3195.0,3195.0,3150.0,3160.0,4628,0.0,0.0
2024-10-24 00:00:00+09:00,3160.0,3170.0,3105.0,3150.0,6793,0.0,0.0
2024-10-25 00:00:00+09:00,3145.0,3145.0,3015.0,3065.0,14317,0.0,0.0
2024-10-28 00:00:00+09:00,3065.0,3075.0,3025.0,3050.0,4724,0.0,0.0
2024-10-29 00:00:00+09:00,3050.0,3080.0,2905.0,2950.0,17298,0.0,0.0
2024-10-30 00:00:00+09:00,2975.0,3090.0,2975.0,3020.0,10252,0.0,0.0
2024-10-31 00:00:00+09:00,3030.0,3085.0,3010.0,3050.0,6707,0.0,0.0
2024-11-01 00:00:00+09:00,3050.0,3065.0,2915.0,3065.0,13699,0.0,0.0
2024-11-04 00:00:00+09:00,3065.0,3085.0,2970.0,3040.0,7651,0.0,0.0
2024-11-05 00:00:00+09:00,3065.0,3065.0,3020.0,3030.0,1720,0.0,0.0
2024-11-06 00:00:00+09:00,3030.0,3060.0,2985.0,3020.0,4447,0.0,0.0
2024-11-07 00:00:00+09:00,3050.0,3050.0,2930.0,2930.0,6788,0.0,0.0
2024-11-08 00:00:00+09:00,2930.0,2985.0,2930.0,2985.0,4449,0.0,0.0
2024-11-11 00:00:00+09:00,3010.0,3015.0,2810.0,2845.0,21577,0.0,0.0
2024-11-12 00:00:00+09:00,2845.0,2845.0,2630.0,2635.0,26049,0.0,0.0
2024-11-13 00:00:00+09:00,2605.0,2705.0,2520.0,2520.0,23639,0.0,0.0
2024-11-14 00:00:00+09:00,2550.0,2570.0,2470.0,2520.0,5038,0.0,0.0
2024-11-15 00:00:00+09:00,2520.0,2535.0,2320.0,2420.0,23159,0.0,0.0
2024-11-18 00:00:00+09:00,2315.0,2640.0,2315.0,2395.0,34185,0.0,0.0
2024-11-19 00:00:00+09:00,2395.0,2965.0,2395.0,2570.0,201671,0.0,0.0
2024-11-20 00:00:00+09:00,2590.0,2605.0,2500.0,2590.0,18625,0.0,0.0
2024-11-21 00:00:00+09:00,2600.0,2600.0,2455.0,2510.0,14634,0.0,0.0
2024-11-22 00:00:00+09:00,2510.0,2540.0,2480.0,2530.0,11899,0.0,0.0
2024-11-25 00:00:00+09:00,2530.0,2660.0,2530.0,2570.0,16013,0.0,0.0
2024-11-26 00:00:00+09:00,2635.0,2635.0,2570.0,2605.0,7935,0.0,0.0
2024-11-27 00:00:00+09:00,2635.0,2980.0,2605.0,2620.0,72128,0.0,0.0
2024-11-28 00:00:00+09:00,2620.0,2800.0,2620.0,2695.0,26365,0.0,0.0
2024-11-29 00:00:00+09:00,2815.0,2815.0,2605.0,2625.0,13875,0.0,0.0
2024-12-02 00:00:00+09:00,2625.0,2665.0,2505.0,2545.0,8006,0.0,0.0
2024-12-03 00:00:00+09:00,2505.0,2610.0,2505.0,2605.0,9240,0.0,0.0
2024-12-04 00:00:00+09:00,2645.0,3150.0,2505.0,2820.0,579696,0.0,0.0
2024-12-05 00:00:00+09:00,2800.0,2810.0,2580.0,2585.0,50910,0.0,0.0
2024-12-06 00:00:00+09:00,2585.0,3040.0,2585.0,2675.0,138354,0.0,0.0
2024-12-09 00:00:00+09:00,2650.0,2965.0,2605.0,2765.0,173497,0.0,0.0
2024-12-10 00:00:00+09:00,2760.0,3310.0,2715.0,3260.0,387470,0.0,0.0
2024-12-11 00:00:00+09:00,3320.0,3395.0,3060.0,3230.0,64154,0.0,0.0
2024-12-12 00:00:00+09:00,3230.0,3230.0,3000.0,3090.0,34873,0.0,0.0
2024-12-13 00:00:00+09:00,3090.0,3180.0,3010.0,3090.0,14119,0.0,0.0
2024-12-16 00:00:00+09:00,3090.0,3090.0,2985.0,2995.0,12707,0.0,0.0
2024-12-17 00:00:00+09:00,2995.0,3115.0,2975.0,3070.0,19624,0.0,0.0
2024-12-18 00:00:00+09:00,3040.0,3060.0,2960.0,3045.0,11423,0.0,0.0
2024-12-19 00:00:00+09:00,3045.0,3065.0,2935.0,2955.0,11571,0.0,0.0
2024-12-20 00:00:00+09:00,2955.0,3040.0,2930.0,2930.0,5189,0.0,0.0
2024-12-23 00:00:00+09:00,2930.0,2965.0,2915.0,2950.0,9551,0.0,0.0
2024-12-24 00:00:00+09:00,2960.0,2995.0,2915.0,2985.0,3642,0.0,0.0
2024-12-26 00:00:00+09:00,2985.0,3180.0,2920.0,2990.0,28398,0.0,0.0
2024-12-27 00:00:00+09:00,2905.0,3100.0,2845.0,2845.0,13811,0.0,0.0
2024-12-30 00:00:00+09:00,2830.0,2990.0,2815.0,2990.0,3355,0.0,0.0
2025-01-02 00:00:00+09:00,3095.0,3150.0,3000.0,3065.0,24121,0.0,0.0
2025-01-03 00:00:00+09:00,3065.0,3145.0,3060.0,3135.0,3160,0.0,0.0
2025-01-06 00:00:00+09:00,3145.0,3145.0,3005.0,3035.0,5901,0.0,0.0
2025-01-07 00:00:00+09:00,3035.0,3090.0,2980.0,3030.0,7839,0.0,0.0
2025-01-08 00:00:00+09:00,2985.0,3025.0,2865.0,2870.0,24998,0.0,0.0
2025-01-09 00:00:00+09:00,2920.0,2960.0,2875.0,2945.0,4706,0.0,0.0
2025-01-10 00:00:00+09:00,3010.0,3020.0,2970.0,3000.0,4382,0.0,0.0
2025-01-13 00:00:00+09:00,3020.0,3025.0,2975.0,3025.0,2383,0.0,0.0
2025-01-14 00:00:00+09:00,3045.0,3050.0,2995.0,2995.0,2421,0.0,0.0
2025-01-15 00:00:00+09:00,2995.0,3025.0,2955.0,3020.0,1648,0.0,0.0
2025-01-16 00:00:00+09:00,3050.0,3565.0,3030.0,3175.0,573916,0.0,0.0
2025-01-17 00:00:00+09:00,3175.0,3200.0,2905.0,3040.0,57740,0.0,0.0
2025-01-20 00:00:00+09:00,3040.0,3060.0,2980.0,3060.0,8228,0.0,0.0
2025-01-21 00:00:00+09:00,3060.0,3065.0,2995.0,3060.0,13178,0.0,0.0
2025-01-22 00:00:00+09:00,3060.0,3085.0,2965.0,3060.0,13998,0.0,0.0
2025-01-23 00:00:00+09:00,3055.0,3055.0,2960.0,2990.0,6651,0.0,0.0
2025-01-24 00:00:00+09:00,2990.0,3000.0,2930.0,2960.0,5990,0.0,0.0
2025-01-31 00:00:00+09:00,2930.0,2980.0,2880.0,2880.0,6996,0.0,0.0
2025-02-03 00:00:00+09:00,2805.0,2835.0,2720.0,2800.0,15803,0.0,0.0
2025-02-04 00:00:00+09:00,2790.0,2840.0,2720.0,2790.0,14187,0.0,0.0
2025-02-05 00:00:00+09:00,2790.0,2865.0,2620.0,2775.0,15996,0.0,0.0
2025-02-06 00:00:00+09:00,2775.0,2780.0,2735.0,2780.0,4358,0.0,0.0
2025-02-07 00:00:00+09:00,2780.0,2965.0,2740.0,2785.0,9541,0.0,0.0
2025-02-10 00:00:00+09:00,2785.0,3055.0,2760.0,2945.0,50942,0.0,0.0
2025-02-11 00:00:00+09:00,2920.0,2940.0,2860.0,2905.0,7076,0.0,0.0
2025-02-12 00:00:00+09:00,2905.0,3055.0,2865.0,2935.0,7184,0.0,0.0
2025-02-13 00:00:00+09:00,2915.0,2930.0,2845.0,2845.0,12207,0.0,0.0
2025-02-14 00:00:00+09:00,2840.0,2840.0,2720.0,2730.0,19157,0.0,0.0
2025-02-17 00:00:00+09:00,2730.0,2760.0,2710.0,2755.0,9182,0.0,0.0
2025-02-18 00:00:00+09:00,2780.0,2895.0,2715.0,2810.0,15379,0.0,0.0
2025-02-19 00:00:00+09:00,2755.0,2900.0,2600.0,2900.0,36987,0.0,0.0
2025-02-20 00:00:00+09:00,2815.0,2815.0,2730.0,2730.0,13685,0.0,0.0
2025-02-21 00:00:00+09:00,2730.0,2900.0,2720.0,2845.0,25332,0.0,0.0
2025-02-24 00:00:00+09:00,2845.0,3000.0,2815.0,2890.0,20030,0.0,0.0
2025-02-25 00:00:00+09:00,2890.0,3050.0,2885.0,3000.0,20969,0.0,0.0
2025-02-26 00:00:00+09:00,2965.0,3030.0,2850.0,3000.0,17693,0.0,0.0
2025-02-27 00:00:00+09:00,2945.0,2975.0,2870.0,2935.0,3015,0.0,0.0
2025-02-28 00:00:00+09:00,2935.0,3000.0,2870.0,2905.0,5297,0.0,0.0
2025-03-04 00:00:00+09:00,2925.0,2925.0,2820.0,2860.0,2072,0.0,0.0
2025-03-05 00:00:00+09:00,2860.0,2950.0,2800.0,2855.0,5501,0.0,0.0
2025-03-06 00:00:00+09:00,2855.0,2885.0,2835.0,2885.0,3467,0.0,0.0
2025-03-07 00:00:00+09:00,2885.0,2895.0,2750.0,2880.0,11668,0.0,0.0
2025-03-10 00:00:00+09:00,2845.0,2860.0,2760.0,2770.0,8698,0.0,0.0
2025-03-11 00:00:00+09:00,2770.0,2905.0,2715.0,2740.0,8218,0.0,0.0
2025-03-12 00:00:00+09:00,2740.0,2835.0,2700.0,2730.0,10184,0.0,0.0
2025-03-13 00:00:00+09:00,2755.0,2800.0,2680.0,2745.0,12605,0.0,0.0
2025-03-14 00:00:00+09:00,2745.0,2840.0,2700.0,2700.0,8904,0.0,0.0
2025-03-17 00:00:00+09:00,2700.0,2795.0,2700.0,2705.0,13943,0.0,0.0
2025-03-18 00:00:00+09:00,2800.0,2800.0,2710.0,2715.0,5593,0.0,0.0
2025-03-19 00:00:00+09:00,2715.0,2850.0,2715.0,2745.0,12465,0.0,0.0
2025-03-20 00:00:00+09:00,2745.0,2795.0,2705.0,2705.0,3783,0.0,0.0
2025-03-21 00:00:00+09:00,2705.0,2845.0,2665.0,2700.0,9016,0.0,0.0
2025-03-24 00:00:00+09:00,2700.0,2815.0,2565.0,2655.0,23293,0.0,0.0
2025-03-25 00:00:00+09:00,2655.0,2800.0,2600.0,2800.0,26127,0.0,0.0
2025-03-26 00:00:00+09:00,2705.0,2800.0,2675.0,2800.0,39404,0.0,0.0
2025-03-27 00:00:00+09:00,3245.0,3640.0,3175.0,3640.0,190632,0.0,0.0
2025-03-28 00:00:00+09:00,4730.0,4730.0,4730.0,4730.0,189916,0.0,0.0
2025-03-31 00:00:00+09:00,5800.0,6140.0,5400.0,6140.0,3078206,0.0,0.0
2025-04-01 00:00:00+09:00,7980.0,7980.0,6850.0,7980.0,3594895,0.0,0.0
2025-04-02 00:00:00+09:00,8550.0,10370.0,7700.0,10370.0,10831060,0.0,0.0
2025-04-04 00:00:00+09:00,11390.0,13050.0,8050.0,11410.0,15840690,0.0,0.0
2025-04-07 00:00:00+09:00,11020.0,12900.0,10350.0,11620.0,4197107,0.0,0.0
2025-04-09 00:00:00+09:00,12000.0,12550.0,9730.0,10430.0,2657590,0.0,0.0
2025-04-10 00:00:00+09:00,10140.0,11580.0,9180.0,9860.0,2349602,0.0,0.0
2025-04-11 00:00:00+09:00,9860.0,10180.0,8710.0,8930.0,1194005,0.0,0.0
2025-04-14 00:00:00+09:00,8600.0,9740.0,8180.0,8800.0,2015533,0.0,0.0
2025-04-15 00:00:00+09:00,8800.0,11440.0,8710.0,10850.0,4865540,0.0,0.0
2025-04-16 00:00:00+09:00,9230.0,9560.0,8200.0,8390.0,5448466,0.0,0.0
2025-04-17 00:00:00+09:00,8240.0,8780.0,7780.0,7910.0,2216906,0.0,0.0
2025-04-18 00:00:00+09:00,7980.0,8770.0,7200.0,7710.0,3389243,0.0,0.0
2025-04-21 00:00:00+09:00,7720.0,7900.0,7100.0,7150.0,824277,0.0,0.0
2025-04-22 00:00:00+09:00,7080.0,7250.0,6640.0,6820.0,741294,0.0,0.0
2025-04-23 00:00:00+09:00,6990.0,6990.0,6080.0,6320.0,861677,0.0,0.0
2025-04-24 00:00:00+09:00,6600.0,7120.0,6090.0,6350.0,1362910,0.0,0.0
2025-04-25 00:00:00+09:00,6130.0,6350.0,6100.0,6260.0,288700,0.0,0.0
