Date,Open,High,Low,Close,Volume,Dividends,Stock Splits
2021-11-04 00:00:00-04:00,12.5,14.0,12.0,12.800000190734863,5794900,0.0,0.0
2021-11-05 00:00:00-04:00,13.130000114440918,13.140000343322754,12.149999618530273,12.210000038146973,1330700,0.0,0.0
2021-11-08 00:00:00-05:00,12.640000343322754,12.739999771118164,11.739999771118164,12.489999771118164,671500,0.0,0.0
2021-11-09 00:00:00-05:00,12.140000343322754,12.520000457763672,11.75,12.220000267028809,475700,0.0,0.0
2021-11-10 00:00:00-05:00,11.989999771118164,12.390000343322754,11.0,11.479999542236328,1915800,0.0,0.0
2021-11-11 00:00:00-05:00,11.390000343322754,11.720000267028809,10.75,11.300000190734863,595600,0.0,0.0
2021-11-12 00:00:00-05:00,11.239999771118164,11.8100004196167,11.0,11.40999984741211,300500,0.0,0.0
2021-11-15 00:00:00-05:00,11.670000076293945,11.878000259399414,11.100000381469727,11.5,273400,0.0,0.0
2021-11-16 00:00:00-05:00,11.34000015258789,12.378000259399414,11.270000457763672,12.0,450000,0.0,0.0
2021-11-17 00:00:00-05:00,11.779999732971191,12.600000381469727,11.779999732971191,12.369999885559082,253200,0.0,0.0
2021-11-18 00:00:00-05:00,12.229999542236328,12.475000381469727,11.350000381469727,11.5600004196167,248600,0.0,0.0
2021-11-19 00:00:00-05:00,11.399999618530273,11.579999923706055,11.109999656677246,11.5600004196167,179200,0.0,0.0
2021-11-22 00:00:00-05:00,11.5600004196167,11.880000114440918,11.050000190734863,11.1899995803833,190000,0.0,0.0
2021-11-23 00:00:00-05:00,11.029999732971191,11.180000305175781,9.899999618530273,10.369999885559082,250200,0.0,0.0
2021-11-24 00:00:00-05:00,10.329999923706055,10.64900016784668,9.869999885559082,10.050000190734863,294100,0.0,0.0
2021-11-26 00:00:00-05:00,9.760000228881836,10.710000038146973,9.654000282287598,10.180000305175781,82900,0.0,0.0
2021-11-29 00:00:00-05:00,10.510000228881836,10.72700023651123,10.010000228881836,10.100000381469727,388600,0.0,0.0
2021-11-30 00:00:00-05:00,10.109999656677246,10.34000015258789,9.520000457763672,9.6899995803833,381800,0.0,0.0
2021-12-01 00:00:00-05:00,9.880000114440918,10.210000038146973,8.6850004196167,8.770000457763672,286300,0.0,0.0
2021-12-02 00:00:00-05:00,8.899999618530273,9.220000267028809,7.809999942779541,8.869999885559082,399700,0.0,0.0
2021-12-03 00:00:00-05:00,8.869999885559082,9.079999923706055,7.619999885559082,8.420000076293945,321300,0.0,0.0
2021-12-06 00:00:00-05:00,8.420000076293945,9.005999565124512,8.350000381469727,8.819999694824219,268700,0.0,0.0
2021-12-07 00:00:00-05:00,9.180000305175781,9.289999961853027,8.40999984741211,9.220000267028809,424600,0.0,0.0
2021-12-08 00:00:00-05:00,9.5,9.9399995803833,8.970000267028809,9.100000381469727,898200,0.0,0.0
2021-12-09 00:00:00-05:00,9.800000190734863,10.359999656677246,9.390000343322754,9.949999809265137,1238500,0.0,0.0
2021-12-10 00:00:00-05:00,10.494999885559082,12.399999618530273,10.470000267028809,11.869999885559082,1563400,0.0,0.0
2021-12-13 00:00:00-05:00,11.90999984741211,12.895999908447266,10.8100004196167,10.960000038146973,1042300,0.0,0.0
2021-12-14 00:00:00-05:00,11.050000190734863,12.210000038146973,10.84000015258789,11.079999923706055,669500,0.0,0.0
2021-12-15 00:00:00-05:00,11.149999618530273,11.479999542236328,10.680999755859375,11.15999984741211,242500,0.0,0.0
2021-12-16 00:00:00-05:00,11.609999656677246,12.039999961853027,11.149999618530273,11.210000038146973,246300,0.0,0.0
2021-12-17 00:00:00-05:00,11.210000038146973,12.5,11.125,11.529999732971191,1044600,0.0,0.0
2021-12-20 00:00:00-05:00,11.369999885559082,11.369999885559082,10.119999885559082,10.800000190734863,448600,0.0,0.0
2021-12-21 00:00:00-05:00,10.829999923706055,11.449999809265137,10.40999984741211,10.989999771118164,312700,0.0,0.0
2021-12-22 00:00:00-05:00,10.979999542236328,11.23900032043457,10.350000381469727,10.5600004196167,245600,0.0,0.0
2021-12-23 00:00:00-05:00,10.529999732971191,11.100000381469727,10.300000190734863,10.430000305175781,265700,0.0,0.0
2021-12-27 00:00:00-05:00,10.380000114440918,10.899999618530273,10.380000114440918,10.859999656677246,249900,0.0,0.0
2021-12-28 00:00:00-05:00,10.90999984741211,12.029999732971191,10.800000190734863,11.880000114440918,426100,0.0,0.0
2021-12-29 00:00:00-05:00,11.880000114440918,14.369999885559082,11.880000114440918,13.34000015258789,1393600,0.0,0.0
2021-12-30 00:00:00-05:00,13.34000015258789,13.609999656677246,12.789999961853027,13.579999923706055,595000,0.0,0.0
2021-12-31 00:00:00-05:00,13.649999618530273,14.949999809265137,13.239999771118164,13.25,422900,0.0,0.0
2022-01-03 00:00:00-05:00,13.4399995803833,13.869999885559082,12.479999542236328,12.619999885559082,364300,0.0,0.0
2022-01-04 00:00:00-05:00,12.760000228881836,13.114999771118164,11.800000190734863,12.279999732971191,906600,0.0,0.0
2022-01-05 00:00:00-05:00,12.279999732971191,12.979999542236328,11.630000114440918,11.640000343322754,402200,0.0,0.0
2022-01-06 00:00:00-05:00,11.579999923706055,12.699999809265137,11.25,12.449999809265137,527200,0.0,0.0
2022-01-07 00:00:00-05:00,12.550000190734863,12.684000015258789,11.520000457763672,11.949999809265137,781600,0.0,0.0
2022-01-10 00:00:00-05:00,11.770000457763672,11.859999656677246,10.8100004196167,10.920000076293945,472900,0.0,0.0
2022-01-11 00:00:00-05:00,10.819999694824219,11.1899995803833,10.470000267028809,10.729999542236328,409800,0.0,0.0
2022-01-12 00:00:00-05:00,10.850000381469727,10.850000381469727,10.109999656677246,10.460000038146973,388300,0.0,0.0
2022-01-13 00:00:00-05:00,10.5600004196167,10.92199993133545,10.210000038146973,10.739999771118164,297700,0.0,0.0
2022-01-14 00:00:00-05:00,10.65999984741211,10.65999984741211,10.140000343322754,10.40999984741211,324100,0.0,0.0
2022-01-18 00:00:00-05:00,10.300000190734863,10.460000038146973,9.25,9.350000381469727,307300,0.0,0.0
2022-01-19 00:00:00-05:00,9.4399995803833,9.649999618530273,9.00100040435791,9.430000305175781,317600,0.0,0.0
2022-01-20 00:00:00-05:00,9.40999984741211,9.970000267028809,9.050000190734863,9.109999656677246,253800,0.0,0.0
2022-01-21 00:00:00-05:00,9.010000228881836,9.300000190734863,8.520000457763672,8.600000381469727,315300,0.0,0.0
2022-01-24 00:00:00-05:00,8.34000015258789,9.640000343322754,8.34000015258789,9.569999694824219,395700,0.0,0.0
2022-01-25 00:00:00-05:00,9.34000015258789,9.539999961853027,8.920000076293945,9.010000228881836,286000,0.0,0.0
2022-01-26 00:00:00-05:00,9.09000015258789,9.348999977111816,8.359999656677246,8.40999984741211,267800,0.0,0.0
2022-01-27 00:00:00-05:00,8.520000457763672,8.604999542236328,8.100000381469727,8.25,212200,0.0,0.0
2022-01-28 00:00:00-05:00,8.220000267028809,8.779999732971191,8.0,8.529999732971191,475200,0.0,0.0
2022-01-31 00:00:00-05:00,8.619999885559082,9.25,8.460000038146973,8.880000114440918,368000,0.0,0.0
2022-02-01 00:00:00-05:00,9.020000457763672,9.350000381469727,8.859999656677246,9.09000015258789,201100,0.0,0.0
2022-02-02 00:00:00-05:00,9.140000343322754,9.390000343322754,8.170000076293945,8.239999771118164,666400,0.0,0.0
2022-02-03 00:00:00-05:00,8.140000343322754,8.539999961853027,8.015000343322754,8.300000190734863,406300,0.0,0.0
2022-02-04 00:00:00-05:00,8.260000228881836,8.680000305175781,8.050000190734863,8.5,251000,0.0,0.0
2022-02-07 00:00:00-05:00,8.600000381469727,8.975000381469727,8.430000305175781,8.510000228881836,542100,0.0,0.0
2022-02-08 00:00:00-05:00,8.399999618530273,8.600000381469727,8.270000457763672,8.460000038146973,252100,0.0,0.0
2022-02-09 00:00:00-05:00,8.4399995803833,8.9399995803833,8.40999984741211,8.84000015258789,443800,0.0,0.0
2022-02-10 00:00:00-05:00,8.609999656677246,9.024999618530273,8.4399995803833,8.479999542236328,174600,0.0,0.0
2022-02-11 00:00:00-05:00,8.489999771118164,8.649999618530273,8.0,8.0,314800,0.0,0.0
2022-02-14 00:00:00-05:00,8.050000190734863,8.28499984741211,7.460000038146973,7.46999979019165,705300,0.0,0.0
2022-02-15 00:00:00-05:00,7.670000076293945,7.869999885559082,7.460000038146973,7.699999809265137,368200,0.0,0.0
2022-02-16 00:00:00-05:00,7.71999979019165,7.71999979019165,7.429999828338623,7.460000038146973,407600,0.0,0.0
2022-02-17 00:00:00-05:00,7.5,7.590000152587891,6.980000019073486,7.0,235700,0.0,0.0
2022-02-18 00:00:00-05:00,7.0,7.460999965667725,6.989999771118164,7.320000171661377,343100,0.0,0.0
2022-02-22 00:00:00-05:00,7.090000152587891,7.322999954223633,6.5,6.550000190734863,598200,0.0,0.0
2022-02-23 00:00:00-05:00,6.639999866485596,6.800000190734863,6.46999979019165,6.599999904632568,213600,0.0,0.0
2022-02-24 00:00:00-05:00,6.380000114440918,6.800000190734863,6.269999980926514,6.739999771118164,344400,0.0,0.0
2022-02-25 00:00:00-05:00,6.789999961853027,7.090000152587891,6.570000171661377,7.0,385800,0.0,0.0
2022-02-28 00:00:00-05:00,6.920000076293945,7.139999866485596,6.539999961853027,6.679999828338623,393200,0.0,0.0
2022-03-01 00:00:00-05:00,6.730000019073486,7.019000053405762,6.730000019073486,6.800000190734863,190000,0.0,0.0
2022-03-02 00:00:00-05:00,6.849999904632568,7.179999828338623,6.670000076293945,7.099999904632568,284500,0.0,0.0
2022-03-03 00:00:00-05:00,7.170000076293945,7.230000019073486,6.741000175476074,6.920000076293945,217500,0.0,0.0
2022-03-04 00:00:00-05:00,7.170000076293945,7.170000076293945,6.460000038146973,6.480000019073486,256400,0.0,0.0
2022-03-07 00:00:00-05:00,6.429999828338623,6.690000057220459,6.170000076293945,6.480000019073486,709600,0.0,0.0
2022-03-08 00:00:00-05:00,6.389999866485596,6.920000076293945,6.25,6.610000133514404,409400,0.0,0.0
2022-03-09 00:00:00-05:00,6.75,7.090000152587891,6.699999809265137,7.050000190734863,347200,0.0,0.0
2022-03-10 00:00:00-05:00,6.949999809265137,7.019999980926514,6.559999942779541,6.760000228881836,329000,0.0,0.0
2022-03-11 00:00:00-05:00,6.75,6.800000190734863,6.409999847412109,6.440000057220459,261500,0.0,0.0
2022-03-14 00:00:00-04:00,6.550000190734863,6.609000205993652,6.269999980926514,6.300000190734863,106700,0.0,0.0
2022-03-15 00:00:00-04:00,6.309999942779541,6.690000057220459,6.309999942779541,6.570000171661377,167100,0.0,0.0
2022-03-16 00:00:00-04:00,6.760000228881836,7.176000118255615,6.580999851226807,7.090000152587891,247200,0.0,0.0
2022-03-17 00:00:00-04:00,7.190000057220459,7.730000019073486,7.079999923706055,7.590000152587891,321200,0.0,0.0
2022-03-18 00:00:00-04:00,7.53000020980835,7.789999961853027,7.239999771118164,7.659999847412109,353200,0.0,0.0
2022-03-21 00:00:00-04:00,7.690000057220459,7.724999904632568,7.289999961853027,7.5,160700,0.0,0.0
2022-03-22 00:00:00-04:00,7.5,7.689000129699707,7.449999809265137,7.650000095367432,101400,0.0,0.0
2022-03-23 00:00:00-04:00,7.599999904632568,7.659999847412109,7.360000133514404,7.550000190734863,195700,0.0,0.0
2022-03-24 00:00:00-04:00,7.610000133514404,7.619999885559082,7.25,7.610000133514404,173200,0.0,0.0
2022-03-25 00:00:00-04:00,7.650000095367432,7.659999847412109,7.210000038146973,7.269999980926514,148300,0.0,0.0
2022-03-28 00:00:00-04:00,7.269999980926514,7.360000133514404,7.010000228881836,7.360000133514404,156200,0.0,0.0
2022-03-29 00:00:00-04:00,7.599999904632568,7.840000152587891,7.170000076293945,7.199999809265137,923400,0.0,0.0
2022-03-30 00:00:00-04:00,8.680000305175781,9.180000305175781,8.175999641418457,8.699999809265137,2038400,0.0,0.0
2022-03-31 00:00:00-04:00,9.050000190734863,9.470000267028809,8.420000076293945,8.510000228881836,848000,0.0,0.0
2022-04-01 00:00:00-04:00,8.579999923706055,8.979999542236328,8.505000114440918,8.539999961853027,529800,0.0,0.0
2022-04-04 00:00:00-04:00,8.510000228881836,9.239999771118164,8.446999549865723,8.979999542236328,398400,0.0,0.0
2022-04-05 00:00:00-04:00,8.949999809265137,9.119999885559082,8.329999923706055,8.899999618530273,626400,0.0,0.0
2022-04-06 00:00:00-04:00,8.770000457763672,8.838000297546387,8.180000305175781,8.34000015258789,473900,0.0,0.0
2022-04-07 00:00:00-04:00,8.270000457763672,8.569999694824219,8.039999961853027,8.09000015258789,333200,0.0,0.0
2022-04-08 00:00:00-04:00,8.069999694824219,8.428000450134277,8.029999732971191,8.329999923706055,461400,0.0,0.0
2022-04-11 00:00:00-04:00,8.279999732971191,8.539999961853027,8.020000457763672,8.09000015258789,301600,0.0,0.0
2022-04-12 00:00:00-04:00,8.220000267028809,8.4399995803833,8.0600004196167,8.130000114440918,290100,0.0,0.0
2022-04-13 00:00:00-04:00,8.130000114440918,8.369999885559082,7.800000190734863,7.940000057220459,647800,0.0,0.0
2022-04-14 00:00:00-04:00,7.989999771118164,8.220000267028809,7.699999809265137,7.710000038146973,339000,0.0,0.0
2022-04-18 00:00:00-04:00,7.730000019073486,7.85699987411499,7.320000171661377,7.440000057220459,516100,0.0,0.0
2022-04-19 00:00:00-04:00,7.309999942779541,8.140000343322754,7.309999942779541,8.0,361500,0.0,0.0
2022-04-20 00:00:00-04:00,7.880000114440918,8.020000457763672,7.699999809265137,7.75,245400,0.0,0.0
2022-04-21 00:00:00-04:00,7.849999904632568,7.909999847412109,7.199999809265137,7.239999771118164,256700,0.0,0.0
2022-04-22 00:00:00-04:00,7.159999847412109,7.400000095367432,6.96999979019165,7.190000057220459,410200,0.0,0.0
2022-04-25 00:00:00-04:00,7.159999847412109,7.510000228881836,7.03000020980835,7.5,342800,0.0,0.0
2022-04-26 00:00:00-04:00,7.440000057220459,7.488999843597412,7.090000152587891,7.119999885559082,163600,0.0,0.0
2022-04-27 00:00:00-04:00,7.119999885559082,7.460000038146973,7.119999885559082,7.25,153600,0.0,0.0
2022-04-28 00:00:00-04:00,7.320000171661377,7.554999828338623,7.159999847412109,7.409999847412109,131700,0.0,0.0
2022-04-29 00:00:00-04:00,7.349999904632568,7.590000152587891,7.099999904632568,7.170000076293945,193800,0.0,0.0
2022-05-02 00:00:00-04:00,7.059999942779541,7.440000057220459,7.039999961853027,7.320000171661377,184100,0.0,0.0
2022-05-03 00:00:00-04:00,7.320000171661377,7.690000057220459,7.28000020980835,7.670000076293945,184600,0.0,0.0
2022-05-04 00:00:00-04:00,7.659999847412109,7.860000133514404,7.175000190734863,7.5,269700,0.0,0.0
2022-05-05 00:00:00-04:00,7.380000114440918,7.489999771118164,6.929999828338623,7.179999828338623,506400,0.0,0.0
2022-05-06 00:00:00-04:00,7.210000038146973,7.46999979019165,6.949999809265137,7.400000095367432,576100,0.0,0.0
2022-05-09 00:00:00-04:00,7.199999809265137,7.465000152587891,7.119999885559082,7.190000057220459,649100,0.0,0.0
2022-05-10 00:00:00-04:00,7.050000190734863,7.25,6.671000003814697,6.820000171661377,503700,0.0,0.0
2022-05-11 00:00:00-04:00,7.070000171661377,7.070000171661377,5.829999923706055,6.239999771118164,836100,0.0,0.0
2022-05-12 00:00:00-04:00,6.28000020980835,6.630000114440918,6.090000152587891,6.190000057220459,810400,0.0,0.0
2022-05-13 00:00:00-04:00,6.289999961853027,6.599999904632568,6.099999904632568,6.150000095367432,772200,0.0,0.0
2022-05-16 00:00:00-04:00,6.190000057220459,6.190000057220459,5.849999904632568,6.079999923706055,358300,0.0,0.0
2022-05-17 00:00:00-04:00,6.400000095367432,6.619999885559082,6.15500020980835,6.539999961853027,574900,0.0,0.0
2022-05-18 00:00:00-04:00,6.380000114440918,6.380000114440918,5.885000228881836,5.960000038146973,415900,0.0,0.0
2022-05-19 00:00:00-04:00,5.980000019073486,6.045000076293945,5.760000228881836,5.889999866485596,687300,0.0,0.0
2022-05-20 00:00:00-04:00,6.010000228881836,6.010000228881836,5.559999942779541,5.579999923706055,977200,0.0,0.0
2022-05-23 00:00:00-04:00,5.71999979019165,6.017000198364258,5.5920000076293945,5.960000038146973,903400,0.0,0.0
2022-05-24 00:00:00-04:00,5.829999923706055,5.829999923706055,5.329999923706055,5.360000133514404,396900,0.0,0.0
2022-05-25 00:00:00-04:00,5.389999866485596,5.769999980926514,5.300000190734863,5.699999809265137,345100,0.0,0.0
2022-05-26 00:00:00-04:00,5.900000095367432,6.059999942779541,5.861999988555908,5.920000076293945,680200,0.0,0.0
2022-05-27 00:00:00-04:00,5.920000076293945,6.050000190734863,5.809999942779541,5.949999809265137,528600,0.0,0.0
2022-05-31 00:00:00-04:00,5.949999809265137,6.0,5.710000038146973,5.789999961853027,332800,0.0,0.0
2022-06-01 00:00:00-04:00,5.840000152587891,5.860000133514404,5.590000152587891,5.769999980926514,678800,0.0,0.0
2022-06-02 00:00:00-04:00,5.769999980926514,6.010000228881836,5.610000133514404,5.989999771118164,363200,0.0,0.0
2022-06-03 00:00:00-04:00,5.989999771118164,6.070000171661377,5.760000228881836,5.880000114440918,325900,0.0,0.0
2022-06-06 00:00:00-04:00,5.880000114440918,5.909999847412109,5.670000076293945,5.760000228881836,241900,0.0,0.0
2022-06-07 00:00:00-04:00,5.71999979019165,5.84499979019165,5.46999979019165,5.789999961853027,246300,0.0,0.0
2022-06-08 00:00:00-04:00,5.760000228881836,5.900000095367432,5.650000095367432,5.690000057220459,220600,0.0,0.0
2022-06-09 00:00:00-04:00,5.75,5.769999980926514,5.539999961853027,5.570000171661377,176800,0.0,0.0
2022-06-10 00:00:00-04:00,5.440000057220459,5.579999923706055,5.309999942779541,5.53000020980835,371500,0.0,0.0
2022-06-13 00:00:00-04:00,5.289999961853027,5.459000110626221,5.150000095367432,5.329999923706055,294700,0.0,0.0
2022-06-14 00:00:00-04:00,5.460000038146973,5.690000057220459,5.230000019073486,5.269999980926514,252000,0.0,0.0
2022-06-15 00:00:00-04:00,5.329999923706055,5.434999942779541,5.244999885559082,5.389999866485596,327600,0.0,0.0
2022-06-16 00:00:00-04:00,5.25,5.309999942779541,4.880000114440918,4.980000019073486,418600,0.0,0.0
2022-06-17 00:00:00-04:00,5.059999942779541,5.295000076293945,5.03000020980835,5.25,546300,0.0,0.0
2022-06-21 00:00:00-04:00,5.289999961853027,5.670000076293945,5.289999961853027,5.460000038146973,472700,0.0,0.0
2022-06-22 00:00:00-04:00,5.329999923706055,5.650000095367432,5.320000171661377,5.409999847412109,452600,0.0,0.0
2022-06-23 00:00:00-04:00,5.480000019073486,5.570000171661377,5.389999866485596,5.570000171661377,143000,0.0,0.0
2022-06-24 00:00:00-04:00,5.590000152587891,5.840000152587891,5.590000152587891,5.730000019073486,205400,0.0,0.0
2022-06-27 00:00:00-04:00,5.78000020980835,5.920000076293945,5.414999961853027,5.440000057220459,151400,0.0,0.0
2022-06-28 00:00:00-04:00,5.440000057220459,5.514999866485596,5.050000190734863,5.050000190734863,177500,0.0,0.0
2022-06-29 00:00:00-04:00,5.039999961853027,5.059999942779541,4.880000114440918,5.019999980926514,229700,0.0,0.0
2022-06-30 00:00:00-04:00,5.019999980926514,5.019999980926514,4.5,4.5,924800,0.0,0.0
2022-07-01 00:00:00-04:00,4.539999961853027,4.610000133514404,4.429999828338623,4.46999979019165,243200,0.0,0.0
2022-07-05 00:00:00-04:00,4.539999961853027,4.559999942779541,4.230000019073486,4.519999980926514,1089800,0.0,0.0
2022-07-06 00:00:00-04:00,4.510000228881836,4.690000057220459,4.440999984741211,4.599999904632568,193900,0.0,0.0
2022-07-07 00:00:00-04:00,4.599999904632568,5.050000190734863,4.599999904632568,4.96999979019165,238900,0.0,0.0
2022-07-08 00:00:00-04:00,4.940000057220459,5.159999847412109,4.809999942779541,4.949999809265137,137900,0.0,0.0
2022-07-11 00:00:00-04:00,4.860000133514404,5.0,4.78000020980835,4.860000133514404,249500,0.0,0.0
2022-07-12 00:00:00-04:00,4.829999923706055,5.010000228881836,4.53000020980835,4.559999942779541,432400,0.0,0.0
2022-07-13 00:00:00-04:00,4.559999942779541,4.690000057220459,4.400000095367432,4.639999866485596,468100,0.0,0.0
2022-07-14 00:00:00-04:00,4.599999904632568,4.820000171661377,4.510000228881836,4.710000038146973,127200,0.0,0.0
2022-07-15 00:00:00-04:00,4.75,4.960000038146973,4.650000095367432,4.949999809265137,96900,0.0,0.0
2022-07-18 00:00:00-04:00,5.03000020980835,5.460000038146973,5.019999980926514,5.360000133514404,507400,0.0,0.0
2022-07-19 00:00:00-04:00,5.380000114440918,5.650000095367432,5.380000114440918,5.539999961853027,351800,0.0,0.0
2022-07-20 00:00:00-04:00,5.489999771118164,5.71999979019165,5.380000114440918,5.650000095367432,397300,0.0,0.0
2022-07-21 00:00:00-04:00,5.710000038146973,5.710000038146973,5.510000228881836,5.590000152587891,221100,0.0,0.0
2022-07-22 00:00:00-04:00,5.610000133514404,5.724999904632568,5.359000205993652,5.519999980926514,158200,0.0,0.0
2022-07-25 00:00:00-04:00,5.519999980926514,5.539999961853027,5.239999771118164,5.260000228881836,59300,0.0,0.0
2022-07-26 00:00:00-04:00,5.179999828338623,5.239999771118164,4.960000038146973,5.150000095367432,196900,0.0,0.0
2022-07-27 00:00:00-04:00,5.210000038146973,5.329999923706055,5.019999980926514,5.25,282900,0.0,0.0
2022-07-28 00:00:00-04:00,5.289999961853027,5.449999809265137,5.139999866485596,5.420000076293945,150500,0.0,0.0
2022-07-29 00:00:00-04:00,5.46999979019165,5.610000133514404,5.25,5.510000228881836,103100,0.0,0.0
2022-08-01 00:00:00-04:00,5.489999771118164,5.650000095367432,5.369999885559082,5.610000133514404,211700,0.0,0.0
2022-08-02 00:00:00-04:00,5.570000171661377,5.789999961853027,5.5,5.75,173700,0.0,0.0
2022-08-03 00:00:00-04:00,5.78000020980835,6.0,5.710000038146973,5.980000019073486,199400,0.0,0.0
2022-08-04 00:00:00-04:00,5.960000038146973,6.079999923706055,5.75,5.949999809265137,203400,0.0,0.0
2022-08-05 00:00:00-04:00,5.849999904632568,6.034999847412109,5.739999771118164,6.010000228881836,277900,0.0,0.0
2022-08-08 00:00:00-04:00,5.989999771118164,6.369999885559082,5.989999771118164,6.28000020980835,267300,0.0,0.0
2022-08-09 00:00:00-04:00,6.300000190734863,6.300000190734863,5.699999809265137,5.880000114440918,279100,0.0,0.0
2022-08-10 00:00:00-04:00,6.059999942779541,6.449999809265137,6.050000190734863,6.400000095367432,411200,0.0,0.0
2022-08-11 00:00:00-04:00,8.350000381469727,8.369999885559082,7.519999980926514,7.929999828338623,3900700,0.0,0.0
2022-08-12 00:00:00-04:00,7.869999885559082,8.119999885559082,7.630000114440918,8.010000228881836,1633800,0.0,0.0
2022-08-15 00:00:00-04:00,7.989999771118164,8.930000305175781,7.864999771118164,8.84000015258789,1135200,0.0,0.0
2022-08-16 00:00:00-04:00,8.850000381469727,9.729999542236328,8.770000457763672,9.260000228881836,992800,0.0,0.0
2022-08-17 00:00:00-04:00,9.09000015258789,9.25,8.75,8.920000076293945,501100,0.0,0.0
2022-08-18 00:00:00-04:00,8.859999656677246,9.550000190734863,8.600000381469727,9.520000457763672,536400,0.0,0.0
2022-08-19 00:00:00-04:00,9.430000305175781,9.430000305175781,8.779999732971191,8.9399995803833,515600,0.0,0.0
2022-08-22 00:00:00-04:00,8.680000305175781,8.989999771118164,8.510000228881836,8.949999809265137,285100,0.0,0.0
2022-08-23 00:00:00-04:00,8.949999809265137,9.149999618530273,8.75,8.869999885559082,513600,0.0,0.0
2022-08-24 00:00:00-04:00,8.890000343322754,9.199999809265137,8.84000015258789,8.9399995803833,349800,0.0,0.0
2022-08-25 00:00:00-04:00,8.9399995803833,9.34000015258789,8.880000114440918,9.229999542236328,289000,0.0,0.0
2022-08-26 00:00:00-04:00,9.180000305175781,9.289999961853027,8.600000381469727,8.699999809265137,391300,0.0,0.0
2022-08-29 00:00:00-04:00,8.5600004196167,8.960000038146973,8.5600004196167,8.829999923706055,262700,0.0,0.0
2022-08-30 00:00:00-04:00,8.880000114440918,9.055000305175781,8.664999961853027,8.800000190734863,234400,0.0,0.0
2022-08-31 00:00:00-04:00,8.899999618530273,8.920000076293945,8.510000228881836,8.5600004196167,337700,0.0,0.0
2022-09-01 00:00:00-04:00,8.5,8.529999732971191,8.081000328063965,8.399999618530273,370900,0.0,0.0
2022-09-02 00:00:00-04:00,8.5600004196167,8.779999732971191,8.300000190734863,8.550000190734863,213000,0.0,0.0
2022-09-06 00:00:00-04:00,8.520000457763672,9.199000358581543,8.520000457763672,8.920000076293945,525400,0.0,0.0
2022-09-07 00:00:00-04:00,9.119999885559082,9.270000457763672,8.989999771118164,9.239999771118164,580500,0.0,0.0
2022-09-08 00:00:00-04:00,9.119999885559082,9.220000267028809,8.75,8.899999618530273,275100,0.0,0.0
2022-09-09 00:00:00-04:00,9.039999961853027,9.3149995803833,8.859999656677246,9.0600004196167,801100,0.0,0.0
2022-09-12 00:00:00-04:00,9.119999885559082,9.710000038146973,8.550000190734863,8.600000381469727,1035400,0.0,0.0
2022-09-13 00:00:00-04:00,8.5,8.5,8.119999885559082,8.239999771118164,551000,0.0,0.0
2022-09-14 00:00:00-04:00,8.270000457763672,8.385000228881836,7.989999771118164,8.140000343322754,401800,0.0,0.0
2022-09-15 00:00:00-04:00,8.039999961853027,8.609999656677246,8.039999961853027,8.449999809265137,531200,0.0,0.0
2022-09-16 00:00:00-04:00,8.449999809265137,8.449999809265137,8.149999618530273,8.420000076293945,866500,0.0,0.0
2022-09-19 00:00:00-04:00,8.239999771118164,8.460000038146973,8.196999549865723,8.380000114440918,357000,0.0,0.0
2022-09-20 00:00:00-04:00,8.3100004196167,8.524999618530273,8.109999656677246,8.479999542236328,562300,0.0,0.0
2022-09-21 00:00:00-04:00,8.470000267028809,8.859999656677246,8.470000267028809,8.569999694824219,522000,0.0,0.0
2022-09-22 00:00:00-04:00,8.5600004196167,8.5600004196167,7.875,8.020000457763672,364600,0.0,0.0
2022-09-23 00:00:00-04:00,7.940000057220459,7.942999839782715,7.730000019073486,7.880000114440918,244700,0.0,0.0
2022-09-26 00:00:00-04:00,7.900000095367432,8.170000076293945,7.849999904632568,7.880000114440918,189200,0.0,0.0
2022-09-27 00:00:00-04:00,7.980000019073486,8.25,7.550000190734863,7.599999904632568,502000,0.0,0.0
2022-09-28 00:00:00-04:00,7.579999923706055,7.670000076293945,7.429999828338623,7.570000171661377,246500,0.0,0.0
2022-09-29 00:00:00-04:00,7.440000057220459,7.440000057220459,7.21999979019165,7.389999866485596,247700,0.0,0.0
2022-09-30 00:00:00-04:00,7.320000171661377,7.380000114440918,7.039999961853027,7.050000190734863,308300,0.0,0.0
2022-10-03 00:00:00-04:00,7.150000095367432,7.46999979019165,7.019999980926514,7.360000133514404,242200,0.0,0.0
2022-10-04 00:00:00-04:00,7.519999980926514,7.739999771118164,7.449999809265137,7.559999942779541,183100,0.0,0.0
2022-10-05 00:00:00-04:00,7.460000038146973,7.53000020980835,7.230000019073486,7.480000019073486,177500,0.0,0.0
2022-10-06 00:00:00-04:00,7.559999942779541,7.610000133514404,7.380000114440918,7.519999980926514,121300,0.0,0.0
2022-10-07 00:00:00-04:00,7.449999809265137,7.690000057220459,7.139999866485596,7.269999980926514,158400,0.0,0.0
2022-10-10 00:00:00-04:00,7.300000190734863,7.300000190734863,6.960000038146973,7.119999885559082,257800,0.0,0.0
2022-10-11 00:00:00-04:00,7.119999885559082,7.449999809265137,7.0,7.21999979019165,208700,0.0,0.0
2022-10-12 00:00:00-04:00,7.28000020980835,7.360000133514404,7.099999904632568,7.170000076293945,187600,0.0,0.0
2022-10-13 00:00:00-04:00,6.96999979019165,7.25,6.815000057220459,7.179999828338623,235300,0.0,0.0
2022-10-14 00:00:00-04:00,7.409999847412109,7.585000038146973,7.099999904632568,7.159999847412109,281400,0.0,0.0
2022-10-17 00:00:00-04:00,7.380000114440918,7.800000190734863,7.340000152587891,7.639999866485596,273000,0.0,0.0
2022-10-18 00:00:00-04:00,7.869999885559082,8.008999824523926,7.570000171661377,7.650000095367432,221500,0.0,0.0
2022-10-19 00:00:00-04:00,7.630000114440918,7.710000038146973,7.366000175476074,7.510000228881836,179300,0.0,0.0
2022-10-20 00:00:00-04:00,7.519999980926514,7.829999923706055,7.388999938964844,7.429999828338623,179700,0.0,0.0
2022-10-21 00:00:00-04:00,7.440000057220459,7.769999980926514,7.349999904632568,7.739999771118164,120100,0.0,0.0
2022-10-24 00:00:00-04:00,7.789999961853027,7.925000190734863,7.519999980926514,7.860000133514404,213400,0.0,0.0
2022-10-25 00:00:00-04:00,7.929999828338623,8.902000427246094,7.9019999504089355,8.470000267028809,570900,0.0,0.0
2022-10-26 00:00:00-04:00,8.470000267028809,8.800000190734863,8.350000381469727,8.479999542236328,262200,0.0,0.0
2022-10-27 00:00:00-04:00,8.59000015258789,8.59000015258789,8.140000343322754,8.15999984741211,225400,0.0,0.0
2022-10-28 00:00:00-04:00,8.109999656677246,8.449999809265137,8.109999656677246,8.359999656677246,274900,0.0,0.0
2022-10-31 00:00:00-04:00,8.220000267028809,8.4399995803833,8.199999809265137,8.329999923706055,185300,0.0,0.0
2022-11-01 00:00:00-04:00,8.539999961853027,8.569999694824219,8.210000038146973,8.25,195100,0.0,0.0
2022-11-02 00:00:00-04:00,8.239999771118164,8.34000015258789,8.020000457763672,8.069999694824219,252300,0.0,0.0
2022-11-03 00:00:00-04:00,8.010000228881836,8.350000381469727,7.925000190734863,8.289999961853027,224000,0.0,0.0
2022-11-04 00:00:00-04:00,8.444999694824219,8.859999656677246,8.390000343322754,8.710000038146973,292100,0.0,0.0
2022-11-07 00:00:00-05:00,8.699999809265137,9.449999809265137,8.699999809265137,9.369999885559082,660100,0.0,0.0
2022-11-08 00:00:00-05:00,9.430000305175781,9.649999618530273,8.930000305175781,9.350000381469727,879300,0.0,0.0
2022-11-09 00:00:00-05:00,9.390000343322754,9.390000343322754,8.989999771118164,9.119999885559082,770800,0.0,0.0
2022-11-10 00:00:00-05:00,9.899999618530273,9.970000267028809,7.559999942779541,8.930000305175781,1810000,0.0,0.0
2022-11-11 00:00:00-05:00,8.880000114440918,9.0,8.505000114440918,8.720000267028809,913200,0.0,0.0
2022-11-14 00:00:00-05:00,8.609999656677246,9.095000267028809,8.609999656677246,8.930000305175781,557100,0.0,0.0
2022-11-15 00:00:00-05:00,9.1899995803833,9.375,8.845000267028809,8.960000038146973,724100,0.0,0.0
2022-11-16 00:00:00-05:00,8.8100004196167,8.979999542236328,8.470000267028809,8.489999771118164,645600,0.0,0.0
2022-11-17 00:00:00-05:00,8.329999923706055,8.369999885559082,7.989999771118164,8.34000015258789,1410500,0.0,0.0
2022-11-18 00:00:00-05:00,8.470000267028809,8.65999984741211,8.395000457763672,8.550000190734863,372300,0.0,0.0
2022-11-21 00:00:00-05:00,8.5,8.520000457763672,8.270000457763672,8.430000305175781,254400,0.0,0.0
2022-11-22 00:00:00-05:00,8.430000305175781,8.779999732971191,8.430000305175781,8.770000457763672,453900,0.0,0.0
2022-11-23 00:00:00-05:00,8.779999732971191,9.170000076293945,8.770000457763672,9.0600004196167,542400,0.0,0.0
2022-11-25 00:00:00-05:00,9.0600004196167,9.274999618530273,9.050000190734863,9.1899995803833,186900,0.0,0.0
2022-11-28 00:00:00-05:00,9.199999809265137,9.449999809265137,9.0600004196167,9.149999618530273,311900,0.0,0.0
2022-11-29 00:00:00-05:00,9.149999618530273,9.449999809265137,9.0600004196167,9.359999656677246,327300,0.0,0.0
2022-11-30 00:00:00-05:00,9.350000381469727,9.699999809265137,9.210000038146973,9.630000114440918,439400,0.0,0.0
2022-12-01 00:00:00-05:00,9.6899995803833,10.194999694824219,9.604999542236328,9.930000305175781,709800,0.0,0.0
2022-12-02 00:00:00-05:00,9.859999656677246,10.390000343322754,9.680000305175781,10.260000228881836,1163700,0.0,0.0
2022-12-05 00:00:00-05:00,10.279999732971191,10.435999870300293,9.819999694824219,9.899999618530273,730700,0.0,0.0
2022-12-06 00:00:00-05:00,9.880000114440918,9.90999984741211,9.545000076293945,9.609999656677246,357000,0.0,0.0
2022-12-07 00:00:00-05:00,9.34000015258789,9.838000297546387,9.25100040435791,9.550000190734863,503500,0.0,0.0
2022-12-08 00:00:00-05:00,9.569999694824219,9.829999923706055,9.550000190734863,9.789999961853027,402000,0.0,0.0
2022-12-09 00:00:00-05:00,9.699999809265137,9.710000038146973,9.40999984741211,9.5600004196167,460500,0.0,0.0
2022-12-12 00:00:00-05:00,9.579999923706055,9.6899995803833,9.510000228881836,9.569999694824219,302600,0.0,0.0
2022-12-13 00:00:00-05:00,9.800000190734863,10.1899995803833,9.739999771118164,9.84000015258789,706300,0.0,0.0
2022-12-14 00:00:00-05:00,9.770000457763672,10.039999961853027,9.59000015258789,9.970000267028809,327200,0.0,0.0
2022-12-15 00:00:00-05:00,9.770000457763672,9.829999923706055,9.40999984741211,9.510000228881836,577700,0.0,0.0
2022-12-16 00:00:00-05:00,9.399999618530273,9.90999984741211,9.390000343322754,9.779999732971191,676300,0.0,0.0
2022-12-19 00:00:00-05:00,9.779999732971191,9.779999732971191,9.399999618530273,9.510000228881836,199000,0.0,0.0
2022-12-20 00:00:00-05:00,9.369999885559082,9.699999809265137,9.260000228881836,9.5600004196167,202300,0.0,0.0
2022-12-21 00:00:00-05:00,9.640000343322754,9.890000343322754,9.569000244140625,9.789999961853027,170400,0.0,0.0
2022-12-22 00:00:00-05:00,9.739999771118164,9.930000305175781,9.510000228881836,9.75,160900,0.0,0.0
2022-12-23 00:00:00-05:00,9.760000228881836,9.803999900817871,8.979999542236328,9.239999771118164,483200,0.0,0.0
2022-12-27 00:00:00-05:00,9.270000457763672,9.479999542236328,9.100000381469727,9.4399995803833,258000,0.0,0.0
2022-12-28 00:00:00-05:00,9.449999809265137,9.6899995803833,9.21500015258789,9.5,236100,0.0,0.0
2022-12-29 00:00:00-05:00,9.569999694824219,9.949999809265137,9.539999961853027,9.75,274300,0.0,0.0
2022-12-30 00:00:00-05:00,9.649999618530273,9.809000015258789,9.279999732971191,9.75,438500,0.0,0.0
2023-01-03 00:00:00-05:00,9.760000228881836,10.15999984741211,9.350000381469727,9.399999618530273,611700,0.0,0.0
2023-01-04 00:00:00-05:00,9.520000457763672,10.15999984741211,9.5,10.09000015258789,922600,0.0,0.0
2023-01-05 00:00:00-05:00,10.050000190734863,10.579999923706055,9.960000038146973,10.300000190734863,791700,0.0,0.0
2023-01-06 00:00:00-05:00,10.300000190734863,10.449999809265137,10.020000457763672,10.239999771118164,421400,0.0,0.0
2023-01-09 00:00:00-05:00,11.550000190734863,12.229999542236328,10.9399995803833,11.640000343322754,2383100,0.0,0.0
2023-01-10 00:00:00-05:00,11.829999923706055,12.086999893188477,11.479999542236328,11.949999809265137,1034100,0.0,0.0
2023-01-11 00:00:00-05:00,12.100000381469727,12.489999771118164,11.8100004196167,12.210000038146973,978100,0.0,0.0
2023-01-12 00:00:00-05:00,12.34000015258789,13.0600004196167,12.109999656677246,12.869999885559082,1435200,0.0,0.0
2023-01-13 00:00:00-05:00,12.880000114440918,13.130000114440918,12.460000038146973,12.600000381469727,1024600,0.0,0.0
2023-01-17 00:00:00-05:00,12.579999923706055,13.329999923706055,12.260000228881836,13.130000114440918,1405100,0.0,0.0
2023-01-18 00:00:00-05:00,13.359999656677246,13.40999984741211,12.3149995803833,12.520000457763672,1422300,0.0,0.0
2023-01-19 00:00:00-05:00,12.119999885559082,12.630000114440918,12.010000228881836,12.319999694824219,851200,0.0,0.0
2023-01-20 00:00:00-05:00,12.399999618530273,13.050000190734863,12.199999809265137,12.920000076293945,984400,0.0,0.0
2023-01-23 00:00:00-05:00,13.050000190734863,14.100000381469727,12.930000305175781,13.920000076293945,2327100,0.0,0.0
2023-01-24 00:00:00-05:00,13.899999618530273,14.187999725341797,13.460000038146973,13.829999923706055,850500,0.0,0.0
2023-01-25 00:00:00-05:00,13.550000190734863,13.670000076293945,13.029999732971191,13.539999961853027,876600,0.0,0.0
2023-01-26 00:00:00-05:00,13.649999618530273,13.90999984741211,12.800000190734863,13.350000381469727,1280600,0.0,0.0
2023-01-27 00:00:00-05:00,13.279999732971191,13.649999618530273,13.100000381469727,13.420000076293945,843400,0.0,0.0
2023-01-30 00:00:00-05:00,13.300000190734863,14.055000305175781,13.050000190734863,13.899999618530273,2145600,0.0,0.0
2023-01-31 00:00:00-05:00,14.0,14.460000038146973,13.8100004196167,14.149999618530273,1190400,0.0,0.0
2023-02-01 00:00:00-05:00,14.289999961853027,14.59000015258789,13.880000114440918,14.4399995803833,1325600,0.0,0.0
2023-02-02 00:00:00-05:00,14.579999923706055,14.949999809265137,14.010000228881836,14.579999923706055,1237300,0.0,0.0
2023-02-03 00:00:00-05:00,14.270000457763672,15.0600004196167,14.149999618530273,14.539999961853027,892400,0.0,0.0
2023-02-06 00:00:00-05:00,14.710000038146973,14.949999809265137,14.15999984741211,14.529999732971191,1062600,0.0,0.0
2023-02-07 00:00:00-05:00,14.430000305175781,15.010000228881836,14.28499984741211,14.819999694824219,977400,0.0,0.0
2023-02-08 00:00:00-05:00,14.960000038146973,14.989999771118164,13.829999923706055,14.489999771118164,1131500,0.0,0.0
2023-02-09 00:00:00-05:00,14.630000114440918,14.640000343322754,14.024999618530273,14.069999694824219,1046600,0.0,0.0
2023-02-10 00:00:00-05:00,14.0,14.170000076293945,13.670000076293945,13.880000114440918,733700,0.0,0.0
2023-02-13 00:00:00-05:00,13.960000038146973,14.300000190734863,13.739999771118164,14.260000228881836,779800,0.0,0.0
2023-02-14 00:00:00-05:00,14.210000038146973,14.529999732971191,13.909000396728516,14.380000114440918,924300,0.0,0.0
2023-02-15 00:00:00-05:00,14.390000343322754,15.0,14.300000190734863,14.899999618530273,502300,0.0,0.0
2023-02-16 00:00:00-05:00,14.6899995803833,15.270000457763672,14.460000038146973,14.579999923706055,1125900,0.0,0.0
2023-02-17 00:00:00-05:00,14.470000267028809,14.529999732971191,14.010000228881836,14.3100004196167,688800,0.0,0.0
2023-02-21 00:00:00-05:00,14.270000457763672,14.270000457763672,13.350000381469727,13.399999618530273,1277700,0.0,0.0
2023-02-22 00:00:00-05:00,13.399999618530273,13.949999809265137,13.095000267028809,13.710000038146973,1552200,0.0,0.0
2023-02-23 00:00:00-05:00,13.84000015258789,14.340999603271484,13.550000190734863,14.300000190734863,1406500,0.0,0.0
2023-02-24 00:00:00-05:00,14.100000381469727,14.489999771118164,13.920000076293945,14.029999732971191,591800,0.0,0.0
2023-02-27 00:00:00-05:00,14.199999809265137,14.640000343322754,14.173999786376953,14.40999984741211,594200,0.0,0.0
2023-02-28 00:00:00-05:00,14.449999809265137,15.130000114440918,14.430000305175781,14.510000228881836,1448600,0.0,0.0
2023-03-01 00:00:00-05:00,14.645000457763672,14.800000190734863,13.970000267028809,13.979999542236328,786000,0.0,0.0
2023-03-02 00:00:00-05:00,13.979999542236328,14.050000190734863,13.085000038146973,13.9399995803833,1002100,0.0,0.0
2023-03-03 00:00:00-05:00,13.979999542236328,14.399999618530273,13.720000267028809,14.180000305175781,666600,0.0,0.0
2023-03-06 00:00:00-05:00,14.270000457763672,14.319999694824219,13.130000114440918,13.300000190734863,2103100,0.0,0.0
2023-03-07 00:00:00-05:00,13.25,13.520000457763672,12.899999618530273,13.109999656677246,1757500,0.0,0.0
2023-03-08 00:00:00-05:00,13.109999656677246,13.32699966430664,12.489999771118164,12.800000190734863,3245300,0.0,0.0
2023-03-09 00:00:00-05:00,11.210000038146973,11.479999542236328,9.970000267028809,10.239999771118164,6044400,0.0,0.0
2023-03-10 00:00:00-05:00,10.100000381469727,10.100000381469727,9.279999732971191,9.4399995803833,1932600,0.0,0.0
2023-03-13 00:00:00-04:00,9.210000038146973,9.239999771118164,8.694999694824219,8.84000015258789,1769300,0.0,0.0
2023-03-14 00:00:00-04:00,9.170000076293945,9.350000381469727,8.779999732971191,8.829999923706055,1153700,0.0,0.0
2023-03-15 00:00:00-04:00,8.5,8.739999771118164,8.329999923706055,8.59000015258789,1480100,0.0,0.0
2023-03-16 00:00:00-04:00,8.380000114440918,8.989999771118164,8.260000228881836,8.979999542236328,996000,0.0,0.0
2023-03-17 00:00:00-04:00,8.960000038146973,8.960000038146973,8.340999603271484,8.520000457763672,1308300,0.0,0.0
2023-03-20 00:00:00-04:00,8.649999618530273,8.960000038146973,8.414999961853027,8.520000457763672,820600,0.0,0.0
2023-03-21 00:00:00-04:00,8.720000267028809,8.859999656677246,8.649999618530273,8.720000267028809,705700,0.0,0.0
2023-03-22 00:00:00-04:00,8.6899995803833,8.6899995803833,8.220000267028809,8.220000267028809,775000,0.0,0.0
2023-03-23 00:00:00-04:00,8.260000228881836,8.470000267028809,8.15999984741211,8.319999694824219,770100,0.0,0.0
2023-03-24 00:00:00-04:00,8.25,8.25,7.989999771118164,8.140000343322754,771700,0.0,0.0
2023-03-27 00:00:00-04:00,8.170000076293945,8.366999626159668,8.119999885559082,8.229999542236328,601700,0.0,0.0
2023-03-28 00:00:00-04:00,8.15999984741211,8.503999710083008,8.15999984741211,8.369999885559082,817500,0.0,0.0
2023-03-29 00:00:00-04:00,8.449999809265137,8.489999771118164,8.119999885559082,8.329999923706055,709500,0.0,0.0
2023-03-30 00:00:00-04:00,8.449999809265137,8.529999732971191,8.039999961853027,8.050000190734863,1219400,0.0,0.0
2023-03-31 00:00:00-04:00,8.149999618530273,8.329999923706055,8.0600004196167,8.289999961853027,1426800,0.0,0.0
2023-04-03 00:00:00-04:00,8.279999732971191,8.404999732971191,7.800000190734863,7.840000152587891,1065600,0.0,0.0
2023-04-04 00:00:00-04:00,7.840000152587891,7.84499979019165,7.198999881744385,7.5,1994800,0.0,0.0
2023-04-05 00:00:00-04:00,7.670000076293945,7.789999961853027,7.360000133514404,7.514999866485596,1069100,0.0,0.0
2023-04-06 00:00:00-04:00,7.489999771118164,7.670000076293945,7.289999961853027,7.559999942779541,1084800,0.0,0.0
2023-04-10 00:00:00-04:00,7.489999771118164,7.909999847412109,7.449999809265137,7.860000133514404,683700,0.0,0.0
2023-04-11 00:00:00-04:00,7.880000114440918,7.945000171661377,7.710000038146973,7.869999885559082,978400,0.0,0.0
2023-04-12 00:00:00-04:00,7.929999828338623,8.114999771118164,7.739999771118164,7.829999923706055,763200,0.0,0.0
2023-04-13 00:00:00-04:00,7.869999885559082,7.889999866485596,7.75,7.849999904632568,495900,0.0,0.0
2023-04-14 00:00:00-04:00,7.889999866485596,8.050000190734863,7.732999801635742,7.840000152587891,551600,0.0,0.0
2023-04-17 00:00:00-04:00,7.849999904632568,8.09000015258789,7.800000190734863,8.069999694824219,769700,0.0,0.0
2023-04-18 00:00:00-04:00,8.079999923706055,8.274999618530273,8.050000190734863,8.239999771118164,540300,0.0,0.0
2023-04-19 00:00:00-04:00,8.199999809265137,8.25,7.929999828338623,8.15999984741211,546500,0.0,0.0
2023-04-20 00:00:00-04:00,8.100000381469727,8.369999885559082,7.980000019073486,8.319999694824219,649100,0.0,0.0
2023-04-21 00:00:00-04:00,8.270000457763672,8.300000190734863,8.109999656677246,8.15999984741211,651400,0.0,0.0
2023-04-24 00:00:00-04:00,8.130000114440918,8.210000038146973,7.829999923706055,7.980000019073486,820400,0.0,0.0
2023-04-25 00:00:00-04:00,7.849999904632568,7.849999904632568,7.650000095367432,7.679999828338623,731300,0.0,0.0
2023-04-26 00:00:00-04:00,7.619999885559082,7.739999771118164,7.409999847412109,7.480000019073486,1165000,0.0,0.0
2023-04-27 00:00:00-04:00,7.5,7.864999771118164,7.489999771118164,7.829999923706055,705400,0.0,0.0
2023-04-28 00:00:00-04:00,7.789999961853027,8.050000190734863,7.789999961853027,8.020000457763672,349700,0.0,0.0
2023-05-01 00:00:00-04:00,8.0,8.100000381469727,7.880000114440918,7.980000019073486,600900,0.0,0.0
2023-05-02 00:00:00-04:00,7.869999885559082,7.900000095367432,7.570000171661377,7.650000095367432,615000,0.0,0.0
2023-05-03 00:00:00-04:00,7.590000152587891,7.849999904632568,7.389999866485596,7.429999828338623,962700,0.0,0.0
2023-05-04 00:00:00-04:00,6.900000095367432,8.050000190734863,6.889999866485596,7.610000133514404,1097700,0.0,0.0
2023-05-05 00:00:00-04:00,7.760000228881836,8.279999732971191,7.760000228881836,8.1899995803833,1065100,0.0,0.0
2023-05-08 00:00:00-04:00,8.380000114440918,8.430000305175781,8.015000343322754,8.369999885559082,1190300,0.0,0.0
2023-05-09 00:00:00-04:00,8.420000076293945,8.845000267028809,8.380000114440918,8.569999694824219,1406800,0.0,0.0
2023-05-10 00:00:00-04:00,8.670000076293945,8.885000228881836,8.600000381469727,8.720000267028809,992200,0.0,0.0
2023-05-11 00:00:00-04:00,8.619999885559082,8.734999656677246,8.397000312805176,8.630000114440918,771500,0.0,0.0
2023-05-12 00:00:00-04:00,8.649999618530273,8.71500015258789,8.255000114440918,8.529999732971191,565800,0.0,0.0
2023-05-15 00:00:00-04:00,8.539999961853027,8.539999961853027,8.180000305175781,8.4399995803833,655900,0.0,0.0
2023-05-16 00:00:00-04:00,8.329999923706055,8.430000305175781,7.400000095367432,7.429999828338623,1091700,0.0,0.0
2023-05-17 00:00:00-04:00,7.46999979019165,7.704999923706055,7.429999828338623,7.619999885559082,755200,0.0,0.0
2023-05-18 00:00:00-04:00,7.619999885559082,7.789999961853027,7.429999828338623,7.550000190734863,781900,0.0,0.0
2023-05-19 00:00:00-04:00,7.590000152587891,7.610000133514404,7.21999979019165,7.369999885559082,657100,0.0,0.0
2023-05-22 00:00:00-04:00,7.46999979019165,7.480000019073486,7.224999904632568,7.414999961853027,483200,0.0,0.0
2023-05-23 00:00:00-04:00,7.46999979019165,7.570000171661377,7.389999866485596,7.420000076293945,621200,0.0,0.0
2023-05-24 00:00:00-04:00,7.349999904632568,7.389999866485596,7.010000228881836,7.190000057220459,350800,0.0,0.0
2023-05-25 00:00:00-04:00,7.190000057220459,7.315000057220459,7.010000228881836,7.159999847412109,536000,0.0,0.0
2023-05-26 00:00:00-04:00,7.119999885559082,7.28000020980835,6.909999847412109,7.190000057220459,413500,0.0,0.0
2023-05-30 00:00:00-04:00,7.150000095367432,7.361000061035156,7.110000133514404,7.130000114440918,723200,0.0,0.0
2023-05-31 00:00:00-04:00,7.099999904632568,7.199999809265137,6.945000171661377,7.070000171661377,843700,0.0,0.0
2023-06-01 00:00:00-04:00,7.070000171661377,7.070000171661377,6.75,6.809999942779541,698200,0.0,0.0
2023-06-02 00:00:00-04:00,6.909999847412109,7.260000228881836,6.909999847412109,7.25,655200,0.0,0.0
2023-06-05 00:00:00-04:00,7.25,7.369999885559082,7.199999809265137,7.239999771118164,561800,0.0,0.0
2023-06-06 00:00:00-04:00,7.199999809265137,7.684999942779541,7.199999809265137,7.550000190734863,545600,0.0,0.0
2023-06-07 00:00:00-04:00,7.679999828338623,8.265000343322754,7.670000076293945,8.050000190734863,1031900,0.0,0.0
2023-06-08 00:00:00-04:00,8.0600004196167,8.779999732971191,8.039999961853027,8.489999771118164,1596900,0.0,0.0
2023-06-09 00:00:00-04:00,8.5,8.710000038146973,8.40999984741211,8.4399995803833,679900,0.0,0.0
2023-06-12 00:00:00-04:00,8.479999542236328,8.649999618530273,8.460000038146973,8.630000114440918,483000,0.0,0.0
2023-06-13 00:00:00-04:00,8.729999542236328,9.260000228881836,8.70199966430664,9.239999771118164,835800,0.0,0.0
2023-06-14 00:00:00-04:00,9.210000038146973,9.380000114440918,8.951000213623047,9.039999961853027,700700,0.0,0.0
2023-06-15 00:00:00-04:00,9.029999732971191,9.130000114440918,8.914999961853027,9.09000015258789,385700,0.0,0.0
2023-06-16 00:00:00-04:00,9.09000015258789,9.180000305175781,8.829999923706055,8.920000076293945,427700,0.0,0.0
2023-06-20 00:00:00-04:00,8.899999618530273,9.154999732971191,8.75,9.130000114440918,571400,0.0,0.0
2023-06-21 00:00:00-04:00,9.100000381469727,9.3100004196167,8.979000091552734,9.130000114440918,474700,0.0,0.0
2023-06-22 00:00:00-04:00,9.119999885559082,9.470000267028809,8.960000038146973,9.430000305175781,498500,0.0,0.0
2023-06-23 00:00:00-04:00,9.260000228881836,9.460000038146973,9.140000343322754,9.239999771118164,801000,0.0,0.0
2023-06-26 00:00:00-04:00,9.270000457763672,9.625,9.229999542236328,9.449999809265137,479000,0.0,0.0
2023-06-27 00:00:00-04:00,9.800000190734863,10.28499984741211,9.760000228881836,10.229999542236328,1222400,0.0,0.0
2023-06-28 00:00:00-04:00,10.180000305175781,10.329999923706055,9.904999732971191,9.970000267028809,630800,0.0,0.0
2023-06-29 00:00:00-04:00,9.960000038146973,10.140000343322754,9.914999961853027,10.029999732971191,476500,0.0,0.0
2023-06-30 00:00:00-04:00,10.149999618530273,10.5,10.039999961853027,10.430000305175781,632500,0.0,0.0
2023-07-03 00:00:00-04:00,10.430000305175781,10.569999694824219,10.300000190734863,10.449999809265137,257700,0.0,0.0
2023-07-05 00:00:00-04:00,10.420000076293945,10.430000305175781,10.149999618530273,10.300000190734863,579000,0.0,0.0
2023-07-06 00:00:00-04:00,10.109999656677246,10.15999984741211,10.0,10.130000114440918,486700,0.0,0.0
2023-07-07 00:00:00-04:00,10.069999694824219,10.255000114440918,10.005000114440918,10.15999984741211,761700,0.0,0.0
2023-07-10 00:00:00-04:00,10.039999961853027,10.864999771118164,10.039999961853027,10.600000381469727,923500,0.0,0.0
2023-07-11 00:00:00-04:00,10.6899995803833,11.34000015258789,10.630000114440918,11.15999984741211,958900,0.0,0.0
2023-07-12 00:00:00-04:00,11.350000381469727,11.470000267028809,11.1899995803833,11.25,765400,0.0,0.0
2023-07-13 00:00:00-04:00,11.279999732971191,11.34000015258789,10.418000221252441,10.59000015258789,768700,0.0,0.0
2023-07-14 00:00:00-04:00,10.670000076293945,10.920000076293945,10.619999885559082,10.829999923706055,475800,0.0,0.0
2023-07-17 00:00:00-04:00,10.859999656677246,11.274999618530273,10.770000457763672,11.25,617900,0.0,0.0
2023-07-18 00:00:00-04:00,11.229999542236328,11.5600004196167,11.220000267028809,11.510000228881836,385100,0.0,0.0
2023-07-19 00:00:00-04:00,11.579999923706055,11.819999694824219,11.420000076293945,11.489999771118164,697400,0.0,0.0
2023-07-20 00:00:00-04:00,11.430000305175781,11.470000267028809,11.104999542236328,11.289999961853027,502300,0.0,0.0
2023-07-21 00:00:00-04:00,11.329999923706055,11.390000343322754,11.010000228881836,11.09000015258789,509000,0.0,0.0
2023-07-24 00:00:00-04:00,11.09000015258789,11.428999900817871,10.979999542236328,11.15999984741211,462900,0.0,0.0
2023-07-25 00:00:00-04:00,11.170000076293945,11.489999771118164,11.0600004196167,11.359999656677246,392400,0.0,0.0
2023-07-26 00:00:00-04:00,11.399999618530273,11.460000038146973,11.1899995803833,11.4399995803833,378700,0.0,0.0
2023-07-27 00:00:00-04:00,11.529999732971191,11.550000190734863,10.90999984741211,11.020000457763672,639300,0.0,0.0
2023-07-28 00:00:00-04:00,11.079999923706055,11.14799976348877,10.720000267028809,11.039999961853027,611000,0.0,0.0
2023-07-31 00:00:00-04:00,11.09000015258789,11.475000381469727,11.0600004196167,11.460000038146973,567700,0.0,0.0
2023-08-01 00:00:00-04:00,11.319999694824219,11.739999771118164,11.25,11.739999771118164,482100,0.0,0.0
2023-08-02 00:00:00-04:00,11.510000228881836,11.779999732971191,11.465999603271484,11.5600004196167,521400,0.0,0.0
2023-08-03 00:00:00-04:00,11.529999732971191,12.020000457763672,11.529999732971191,11.930000305175781,1370700,0.0,0.0
2023-08-04 00:00:00-04:00,11.970000267028809,12.460000038146973,11.84000015258789,12.050000190734863,1944700,0.0,0.0
2023-08-07 00:00:00-04:00,12.149999618530273,12.210000038146973,11.484999656677246,11.729999542236328,1007900,0.0,0.0
2023-08-08 00:00:00-04:00,11.5,11.8100004196167,11.140000343322754,11.600000381469727,1191000,0.0,0.0
2023-08-09 00:00:00-04:00,12.0,13.010000228881836,11.979999542236328,12.609999656677246,3344000,0.0,0.0
2023-08-10 00:00:00-04:00,12.84000015258789,13.0,12.225000381469727,12.300000190734863,940800,0.0,0.0
2023-08-11 00:00:00-04:00,12.270000457763672,12.329999923706055,11.550000190734863,11.75,969700,0.0,0.0
2023-08-14 00:00:00-04:00,11.65999984741211,12.020000457763672,11.65999984741211,11.979999542236328,391100,0.0,0.0
2023-08-15 00:00:00-04:00,11.899999618530273,12.510000228881836,11.819999694824219,12.210000038146973,575300,0.0,0.0
2023-08-16 00:00:00-04:00,10.569999694824219,11.369999885559082,10.09000015258789,10.170000076293945,5207000,0.0,0.0
2023-08-17 00:00:00-04:00,10.404999732971191,10.75,10.050000190734863,10.069999694824219,7293400,0.0,0.0
2023-08-18 00:00:00-04:00,9.899999618530273,10.484999656677246,9.779999732971191,10.3100004196167,1559600,0.0,0.0
2023-08-21 00:00:00-04:00,10.319999694824219,10.520000457763672,9.949999809265137,9.960000038146973,1139900,0.0,0.0
2023-08-22 00:00:00-04:00,9.979999542236328,9.989999771118164,9.654000282287598,9.800000190734863,1519100,0.0,0.0
2023-08-23 00:00:00-04:00,9.850000381469727,9.994999885559082,9.694999694824219,9.890000343322754,1091300,0.0,0.0
2023-08-24 00:00:00-04:00,9.859999656677246,10.0,9.6850004196167,9.720000267028809,745800,0.0,0.0
2023-08-25 00:00:00-04:00,9.75,9.779999732971191,9.364999771118164,9.520000457763672,622000,0.0,0.0
2023-08-28 00:00:00-04:00,9.569999694824219,9.65999984741211,9.475000381469727,9.539999961853027,464600,0.0,0.0
2023-08-29 00:00:00-04:00,9.4399995803833,9.649999618530273,9.350000381469727,9.5,608400,0.0,0.0
2023-08-30 00:00:00-04:00,9.5,9.944999694824219,9.5,9.829999923706055,596500,0.0,0.0
2023-08-31 00:00:00-04:00,9.789999961853027,9.970000267028809,9.75,9.899999618530273,648400,0.0,0.0
2023-09-01 00:00:00-04:00,9.960000038146973,10.104999542236328,9.880000114440918,10.079999923706055,534700,0.0,0.0
2023-09-05 00:00:00-04:00,10.020000457763672,10.430000305175781,10.0,10.079999923706055,2773300,0.0,0.0
2023-09-06 00:00:00-04:00,10.0600004196167,10.079999923706055,9.319999694824219,9.65999984741211,939300,0.0,0.0
2023-09-07 00:00:00-04:00,9.59000015258789,9.880000114440918,9.380000114440918,9.800000190734863,539100,0.0,0.0
2023-09-08 00:00:00-04:00,9.729999542236328,9.729999542236328,9.468000411987305,9.579999923706055,597200,0.0,0.0
2023-09-11 00:00:00-04:00,9.6899995803833,9.760000228881836,9.5649995803833,9.720000267028809,335100,0.0,0.0
2023-09-12 00:00:00-04:00,9.670000076293945,9.8100004196167,9.51099967956543,9.600000381469727,716400,0.0,0.0
2023-09-13 00:00:00-04:00,9.59000015258789,9.670000076293945,9.505000114440918,9.640000343322754,366000,0.0,0.0
2023-09-14 00:00:00-04:00,9.779999732971191,10.1899995803833,9.75,10.039999961853027,585600,0.0,0.0
2023-09-15 00:00:00-04:00,10.020000457763672,10.0600004196167,9.920000076293945,9.979999542236328,2166600,0.0,0.0
2023-09-18 00:00:00-04:00,9.890000343322754,9.984999656677246,9.670000076293945,9.680000305175781,696700,0.0,0.0
2023-09-19 00:00:00-04:00,9.65999984741211,9.829999923706055,9.399999618530273,9.5600004196167,713000,0.0,0.0
2023-09-20 00:00:00-04:00,9.609999656677246,9.859999656677246,9.390000343322754,9.399999618530273,435900,0.0,0.0
2023-09-21 00:00:00-04:00,9.210000038146973,9.319999694824219,9.079999923706055,9.180000305175781,622300,0.0,0.0
2023-09-22 00:00:00-04:00,9.220000267028809,9.260000228881836,8.925000190734863,8.989999771118164,614600,0.0,0.0
2023-09-25 00:00:00-04:00,8.989999771118164,9.194999694824219,8.979999542236328,9.170000076293945,632500,0.0,0.0
2023-09-26 00:00:00-04:00,9.069999694824219,9.244999885559082,9.0,9.079999923706055,600000,0.0,0.0
2023-09-27 00:00:00-04:00,9.149999618530273,9.3100004196167,9.119999885559082,9.170000076293945,542100,0.0,0.0
2023-09-28 00:00:00-04:00,9.149999618530273,9.380000114440918,9.0,9.319999694824219,576500,0.0,0.0
2023-09-29 00:00:00-04:00,9.399999618530273,9.545000076293945,9.274999618530273,9.300000190734863,389700,0.0,0.0
2023-10-02 00:00:00-04:00,9.25,9.390000343322754,9.0600004196167,9.180000305175781,517600,0.0,0.0
2023-10-03 00:00:00-04:00,9.130000114440918,9.255000114440918,8.875,8.899999618530273,396500,0.0,0.0
2023-10-04 00:00:00-04:00,8.899999618530273,9.010000228881836,8.8100004196167,9.0,386300,0.0,0.0
2023-10-05 00:00:00-04:00,9.0,9.069999694824219,8.725000381469727,9.069999694824219,327900,0.0,0.0
2023-10-06 00:00:00-04:00,9.020000457763672,9.524999618530273,8.899999618530273,9.359999656677246,504600,0.0,0.0
2023-10-09 00:00:00-04:00,9.25,9.449999809265137,9.0600004196167,9.420000076293945,473200,0.0,0.0
2023-10-10 00:00:00-04:00,9.430000305175781,9.789999961853027,9.335000038146973,9.59000015258789,521700,0.0,0.0
2023-10-11 00:00:00-04:00,9.630000114440918,9.720000267028809,9.4399995803833,9.609999656677246,454100,0.0,0.0
2023-10-12 00:00:00-04:00,9.569999694824219,9.569999694824219,9.210000038146973,9.270000457763672,775900,0.0,0.0
2023-10-13 00:00:00-04:00,9.319999694824219,9.5600004196167,9.279999732971191,9.449999809265137,467000,0.0,0.0
2023-10-16 00:00:00-04:00,9.520000457763672,9.734999656677246,9.399999618530273,9.710000038146973,390400,0.0,0.0
2023-10-17 00:00:00-04:00,9.600000381469727,9.979999542236328,9.600000381469727,9.800000190734863,556700,0.0,0.0
2023-10-18 00:00:00-04:00,9.720000267028809,9.720000267028809,9.210000038146973,9.350000381469727,519400,0.0,0.0
2023-10-19 00:00:00-04:00,9.380000114440918,9.479999542236328,9.149999618530273,9.15999984741211,302500,0.0,0.0
2023-10-20 00:00:00-04:00,9.119999885559082,9.125,8.821999549865723,8.880000114440918,469000,0.0,0.0
2023-10-23 00:00:00-04:00,8.869999885559082,8.920000076293945,8.619999885559082,8.649999618530273,372600,0.0,0.0
2023-10-24 00:00:00-04:00,8.720000267028809,8.845000267028809,8.385000228881836,8.4399995803833,571800,0.0,0.0
2023-10-25 00:00:00-04:00,8.380000114440918,8.489999771118164,8.15999984741211,8.449999809265137,922000,0.0,0.0
2023-10-26 00:00:00-04:00,8.430000305175781,8.5600004196167,8.15999984741211,8.359999656677246,545300,0.0,0.0
2023-10-27 00:00:00-04:00,8.420000076293945,8.510000228881836,8.220000267028809,8.25,622400,0.0,0.0
2023-10-30 00:00:00-04:00,8.380000114440918,8.600000381469727,8.265000343322754,8.34000015258789,973600,0.0,0.0
2023-10-31 00:00:00-04:00,8.399999618530273,8.630000114440918,8.229999542236328,8.619999885559082,667400,0.0,0.0
2023-11-01 00:00:00-04:00,8.399999618530273,8.529999732971191,8.125,8.1899995803833,1903400,0.0,0.0
2023-11-02 00:00:00-04:00,7.670000076293945,8.649999618530273,7.559999942779541,8.0,3042100,0.0,0.0
2023-11-03 00:00:00-04:00,8.140000343322754,8.65999984741211,8.0,8.609999656677246,1637700,0.0,0.0
2023-11-06 00:00:00-05:00,8.699999809265137,9.015000343322754,8.569999694824219,8.84000015258789,1478600,0.0,0.0
2023-11-07 00:00:00-05:00,8.819999694824219,9.069999694824219,8.729000091552734,9.050000190734863,724100,0.0,0.0
2023-11-08 00:00:00-05:00,9.0,9.119999885559082,8.819999694824219,8.859999656677246,713800,0.0,0.0
2023-11-09 00:00:00-05:00,8.920000076293945,9.03499984741211,8.039999961853027,8.15999984741211,848700,0.0,0.0
2023-11-10 00:00:00-05:00,8.1899995803833,8.494999885559082,8.149999618530273,8.449999809265137,525100,0.0,0.0
2023-11-13 00:00:00-05:00,8.380000114440918,8.460000038146973,8.25,8.460000038146973,455900,0.0,0.0
2023-11-14 00:00:00-05:00,8.619999885559082,9.399999618530273,8.619999885559082,8.899999618530273,1236100,0.0,0.0
2023-11-15 00:00:00-05:00,8.529999732971191,8.6850004196167,8.222999572753906,8.5,4121600,0.0,0.0
2023-11-16 00:00:00-05:00,8.539999961853027,8.664999961853027,8.359999656677246,8.5,807300,0.0,0.0
2023-11-17 00:00:00-05:00,8.539999961853027,8.800000190734863,8.460000038146973,8.649999618530273,855300,0.0,0.0
2023-11-20 00:00:00-05:00,8.630000114440918,8.739999771118164,8.489999771118164,8.670000076293945,792400,0.0,0.0
2023-11-21 00:00:00-05:00,8.619999885559082,9.024999618530273,8.585000038146973,8.989999771118164,1797900,0.0,0.0
2023-11-22 00:00:00-05:00,9.0,9.229999542236328,8.869999885559082,8.949999809265137,1079900,0.0,0.0
2023-11-24 00:00:00-05:00,8.949999809265137,9.239999771118164,8.930000305175781,9.119999885559082,441600,0.0,0.0
2023-11-27 00:00:00-05:00,9.100000381469727,9.130000114440918,8.960000038146973,9.069999694824219,468800,0.0,0.0
2023-11-28 00:00:00-05:00,9.079999923706055,9.289999961853027,8.960000038146973,9.140000343322754,556600,0.0,0.0
2023-11-29 00:00:00-05:00,9.210000038146973,9.40999984741211,9.170000076293945,9.229999542236328,448300,0.0,0.0
2023-11-30 00:00:00-05:00,9.279999732971191,9.34000015258789,9.149999618530273,9.319999694824219,516100,0.0,0.0
2023-12-01 00:00:00-05:00,9.279999732971191,9.845000267028809,9.210000038146973,9.8100004196167,592500,0.0,0.0
2023-12-04 00:00:00-05:00,9.800000190734863,9.989999771118164,9.470000267028809,9.520000457763672,1007300,0.0,0.0
2023-12-05 00:00:00-05:00,9.449999809265137,9.619999885559082,9.25,9.460000038146973,881700,0.0,0.0
2023-12-06 00:00:00-05:00,9.619999885559082,9.649999618530273,9.298999786376953,9.3100004196167,392800,0.0,0.0
2023-12-07 00:00:00-05:00,9.350000381469727,9.470000267028809,9.1899995803833,9.4399995803833,721800,0.0,0.0
2023-12-08 00:00:00-05:00,9.359999656677246,9.395000457763672,9.199999809265137,9.369999885559082,641500,0.0,0.0
2023-12-11 00:00:00-05:00,9.40999984741211,9.835000038146973,9.399999618530273,9.6850004196167,809200,0.0,0.0
2023-12-12 00:00:00-05:00,9.680000305175781,9.720000267028809,9.46500015258789,9.5600004196167,463200,0.0,0.0
2023-12-13 00:00:00-05:00,9.5,9.9399995803833,9.255000114440918,9.9399995803833,864100,0.0,0.0
2023-12-14 00:00:00-05:00,10.0,10.75,9.869999885559082,10.729999542236328,2125800,0.0,0.0
2023-12-15 00:00:00-05:00,10.75,10.770000457763672,10.479999542236328,10.760000228881836,1030600,0.0,0.0
2023-12-18 00:00:00-05:00,10.770000457763672,10.850000381469727,10.630000114440918,10.84000015258789,1189100,0.0,0.0
2023-12-19 00:00:00-05:00,10.880000114440918,11.149999618530273,10.795000076293945,11.09000015258789,978800,0.0,0.0
2023-12-20 00:00:00-05:00,11.09000015258789,11.449999809265137,10.869999885559082,10.90999984741211,1828600,0.0,0.0
2023-12-21 00:00:00-05:00,11.09000015258789,11.380000114440918,11.010000228881836,11.350000381469727,718500,0.0,0.0
2023-12-22 00:00:00-05:00,11.34000015258789,11.5600004196167,11.274999618530273,11.520000457763672,488900,0.0,0.0
2023-12-26 00:00:00-05:00,11.5600004196167,11.890000343322754,11.479999542236328,11.880000114440918,909700,0.0,0.0
2023-12-27 00:00:00-05:00,11.869999885559082,12.010000228881836,11.6850004196167,11.930000305175781,702200,0.0,0.0
2023-12-28 00:00:00-05:00,11.880000114440918,12.069999694824219,11.875,12.0600004196167,656800,0.0,0.0
2023-12-29 00:00:00-05:00,12.069999694824219,12.149999618530273,11.819999694824219,11.850000381469727,686100,0.0,0.0
2024-01-02 00:00:00-05:00,11.739999771118164,11.920000076293945,11.539999961853027,11.670000076293945,827000,0.0,0.0
2024-01-03 00:00:00-05:00,11.449999809265137,11.680000305175781,11.119999885559082,11.350000381469727,1159500,0.0,0.0
2024-01-04 00:00:00-05:00,11.300000190734863,11.399999618530273,10.84000015258789,11.050000190734863,1913000,0.0,0.0
2024-01-05 00:00:00-05:00,11.039999961853027,11.420000076293945,10.899999618530273,11.350000381469727,898900,0.0,0.0
2024-01-08 00:00:00-05:00,11.319999694824219,11.609999656677246,11.319999694824219,11.470000267028809,638400,0.0,0.0
2024-01-09 00:00:00-05:00,11.289999961853027,11.470000267028809,11.199999809265137,11.199999809265137,698300,0.0,0.0
2024-01-10 00:00:00-05:00,11.199999809265137,11.210000038146973,10.755000114440918,10.789999961853027,1453600,0.0,0.0
2024-01-11 00:00:00-05:00,10.699999809265137,10.850000381469727,10.404999732971191,10.75,1160100,0.0,0.0
2024-01-12 00:00:00-05:00,10.75,10.960000038146973,10.569999694824219,10.699999809265137,728400,0.0,0.0
2024-01-16 00:00:00-05:00,10.670000076293945,11.085000038146973,10.619999885559082,11.069999694824219,584900,0.0,0.0
2024-01-17 00:00:00-05:00,10.960000038146973,11.130000114440918,10.829999923706055,11.119999885559082,527400,0.0,0.0
2024-01-18 00:00:00-05:00,11.260000228881836,11.380000114440918,11.128000259399414,11.359999656677246,734300,0.0,0.0
2024-01-19 00:00:00-05:00,11.420000076293945,11.6899995803833,11.225000381469727,11.6899995803833,496200,0.0,0.0
2024-01-22 00:00:00-05:00,11.789999961853027,11.949999809265137,11.720000267028809,11.930000305175781,608200,0.0,0.0
2024-01-23 00:00:00-05:00,11.949999809265137,12.1899995803833,11.90999984741211,12.130000114440918,855900,0.0,0.0
2024-01-24 00:00:00-05:00,12.25,12.645000457763672,11.574999809265137,11.649999618530273,1931800,0.0,0.0
2024-01-25 00:00:00-05:00,11.880000114440918,12.335000038146973,11.779999732971191,12.319999694824219,954700,0.0,0.0
2024-01-26 00:00:00-05:00,12.350000381469727,12.569999694824219,12.079999923706055,12.140000343322754,582300,0.0,0.0
2024-01-29 00:00:00-05:00,12.210000038146973,12.274999618530273,11.989999771118164,12.130000114440918,562200,0.0,0.0
2024-01-30 00:00:00-05:00,12.029999732971191,12.25,11.864999771118164,12.239999771118164,838400,0.0,0.0
2024-01-31 00:00:00-05:00,12.15999984741211,12.220000267028809,11.6899995803833,11.6899995803833,557400,0.0,0.0
2024-02-01 00:00:00-05:00,11.819999694824219,11.989999771118164,11.555000305175781,11.930000305175781,366000,0.0,0.0
2024-02-02 00:00:00-05:00,11.789999961853027,11.920000076293945,11.524999618530273,11.850000381469727,654000,0.0,0.0
2024-02-05 00:00:00-05:00,11.609999656677246,11.789999961853027,11.425000190734863,11.430000305175781,433500,0.0,0.0
2024-02-06 00:00:00-05:00,11.510000228881836,11.869999885559082,11.380000114440918,11.680000305175781,782100,0.0,0.0
2024-02-07 00:00:00-05:00,11.710000038146973,11.829999923706055,11.385000228881836,11.59000015258789,702600,0.0,0.0
2024-02-08 00:00:00-05:00,11.619999885559082,12.199999809265137,11.569999694824219,12.0,818100,0.0,0.0
2024-02-09 00:00:00-05:00,12.140000343322754,12.149999618530273,11.949999809265137,12.149999618530273,336300,0.0,0.0
2024-02-12 00:00:00-05:00,12.15999984741211,12.800000190734863,12.100000381469727,12.739999771118164,697700,0.0,0.0
2024-02-13 00:00:00-05:00,12.3100004196167,12.505999565124512,11.994999885559082,12.220000267028809,944300,0.0,0.0
2024-02-14 00:00:00-05:00,12.489999771118164,12.75,12.371000289916992,12.75,751100,0.0,0.0
2024-02-15 00:00:00-05:00,12.819999694824219,12.970000267028809,12.6899995803833,12.949999809265137,607000,0.0,0.0
2024-02-16 00:00:00-05:00,12.890000343322754,13.140000343322754,12.640000343322754,13.0600004196167,643500,0.0,0.0
2024-02-20 00:00:00-05:00,12.8100004196167,13.0,12.595000267028809,12.829999923706055,661000,0.0,0.0
2024-02-21 00:00:00-05:00,12.710000038146973,12.875,12.609999656677246,12.6899995803833,508900,0.0,0.0
2024-02-22 00:00:00-05:00,12.8100004196167,13.055000305175781,12.789999961853027,13.039999961853027,631400,0.0,0.0
2024-02-23 00:00:00-05:00,13.119999885559082,13.3100004196167,13.020000457763672,13.199999809265137,598600,0.0,0.0
2024-02-26 00:00:00-05:00,13.229999542236328,13.460000038146973,13.039999961853027,13.430000305175781,453500,0.0,0.0
2024-02-27 00:00:00-05:00,13.5,13.774999618530273,13.4399995803833,13.470000267028809,774700,0.0,0.0
2024-02-28 00:00:00-05:00,13.289999961853027,13.4399995803833,13.1899995803833,13.199999809265137,389300,0.0,0.0
2024-02-29 00:00:00-05:00,13.359999656677246,13.529999732971191,13.199999809265137,13.220000267028809,508800,0.0,0.0
2024-03-01 00:00:00-05:00,13.359999656677246,13.359999656677246,13.024999618530273,13.100000381469727,630100,0.0,0.0
2024-03-04 00:00:00-05:00,13.119999885559082,13.335000038146973,12.729999542236328,12.729999542236328,788100,0.0,0.0
2024-03-05 00:00:00-05:00,12.6899995803833,13.140000343322754,12.510000228881836,12.930000305175781,1245200,0.0,0.0
2024-03-06 00:00:00-05:00,13.109999656677246,13.25,12.604999542236328,12.819999694824219,1631800,0.0,0.0
2024-03-07 00:00:00-05:00,14.0,15.59000015258789,13.800000190734863,14.369999885559082,3614600,0.0,0.0
2024-03-08 00:00:00-05:00,14.699999809265137,15.359999656677246,14.420000076293945,14.899999618530273,2212600,0.0,0.0
2024-03-11 00:00:00-04:00,14.8100004196167,15.1899995803833,14.550000190734863,15.029999732971191,1064500,0.0,0.0
2024-03-12 00:00:00-04:00,15.140000343322754,15.5600004196167,14.90999984741211,15.140000343322754,1004400,0.0,0.0
2024-03-13 00:00:00-04:00,15.210000038146973,16.43000030517578,15.204999923706055,16.020000457763672,1949500,0.0,0.0
2024-03-14 00:00:00-04:00,16.020000457763672,16.15999984741211,15.489999771118164,15.710000038146973,1773000,0.0,0.0
2024-03-15 00:00:00-04:00,15.4399995803833,15.65999984741211,15.239999771118164,15.270000457763672,1832300,0.0,0.0
2024-03-18 00:00:00-04:00,15.229999542236328,15.529999732971191,14.864999771118164,15.109999656677246,2254400,0.0,0.0
2024-03-19 00:00:00-04:00,14.670000076293945,15.130000114440918,14.0,14.850000381469727,3107300,0.0,0.0
2024-03-20 00:00:00-04:00,14.630000114440918,14.720000267028809,14.130000114440918,14.520000457763672,1728000,0.0,0.0
2024-03-21 00:00:00-04:00,14.520000457763672,15.505000114440918,14.520000457763672,15.470000267028809,1804400,0.0,0.0
2024-03-22 00:00:00-04:00,15.039999961853027,15.359999656677246,14.84000015258789,15.149999618530273,1465200,0.0,0.0
2024-03-25 00:00:00-04:00,15.069999694824219,15.3149995803833,14.260000228881836,14.270000457763672,1666000,0.0,0.0
2024-03-26 00:00:00-04:00,14.279999732971191,15.029999732971191,14.25,14.850000381469727,1866300,0.0,0.0
2024-03-27 00:00:00-04:00,15.039999961853027,15.279999732971191,14.520000457763672,14.800000190734863,1923200,0.0,0.0
2024-03-28 00:00:00-04:00,15.0600004196167,16.200000762939453,15.0600004196167,15.390000343322754,2766800,0.0,0.0
2024-04-01 00:00:00-04:00,15.319999694824219,15.550000190734863,14.779999732971191,15.510000228881836,1840700,0.0,0.0
2024-04-02 00:00:00-04:00,15.270000457763672,15.380000114440918,15.0,15.239999771118164,1395500,0.0,0.0
2024-04-03 00:00:00-04:00,15.0600004196167,15.65999984741211,14.880000114440918,15.649999618530273,1217300,0.0,0.0
2024-04-04 00:00:00-04:00,15.829999923706055,16.145000457763672,15.420000076293945,15.460000038146973,1718600,0.0,0.0
2024-04-05 00:00:00-04:00,15.40999984741211,15.755000114440918,15.310999870300293,15.699999809265137,871100,0.0,0.0
2024-04-08 00:00:00-04:00,15.8100004196167,16.3700008392334,15.8100004196167,16.270000457763672,1245900,0.0,0.0
2024-04-09 00:00:00-04:00,16.34000015258789,16.600000381469727,16.05500030517578,16.209999084472656,1334700,0.0,0.0
2024-04-10 00:00:00-04:00,15.670000076293945,16.024999618530273,15.319999694824219,15.819999694824219,1136400,0.0,0.0
2024-04-11 00:00:00-04:00,15.880000114440918,16.014999389648438,15.710000038146973,15.84000015258789,850900,0.0,0.0
2024-04-12 00:00:00-04:00,15.6899995803833,15.8100004196167,15.510000228881836,15.6899995803833,1046700,0.0,0.0
2024-04-15 00:00:00-04:00,15.869999885559082,16.06999969482422,14.645000457763672,14.760000228881836,1540900,0.0,0.0
2024-04-16 00:00:00-04:00,14.649999618530273,14.710000038146973,14.229999542236328,14.420000076293945,1076400,0.0,0.0
2024-04-17 00:00:00-04:00,14.670000076293945,14.680000305175781,14.220000267028809,14.5,766700,0.0,0.0
2024-04-18 00:00:00-04:00,14.5,14.65999984741211,13.979999542236328,14.029999732971191,1009600,0.0,0.0
2024-04-19 00:00:00-04:00,14.010000228881836,14.210000038146973,13.789999961853027,13.829999923706055,776900,0.0,0.0
2024-04-22 00:00:00-04:00,13.970000267028809,14.119999885559082,13.640000343322754,14.069999694824219,1217700,0.0,0.0
2024-04-23 00:00:00-04:00,14.180000305175781,14.710000038146973,14.010000228881836,14.710000038146973,1077000,0.0,0.0
2024-04-24 00:00:00-04:00,14.789999961853027,15.03499984741211,14.0600004196167,14.0600004196167,1234100,0.0,0.0
2024-04-25 00:00:00-04:00,13.729999542236328,13.770000457763672,13.420000076293945,13.609999656677246,875200,0.0,0.0
2024-04-26 00:00:00-04:00,13.699999809265137,14.050000190734863,13.579999923706055,13.729999542236328,745000,0.0,0.0
2024-04-29 00:00:00-04:00,13.850000381469727,14.100000381469727,13.359999656677246,13.460000038146973,912600,0.0,0.0
2024-04-30 00:00:00-04:00,13.020000457763672,13.164999961853027,12.630000114440918,12.65999984741211,1114300,0.0,0.0
2024-05-01 00:00:00-04:00,12.520000457763672,13.210000038146973,12.510000228881836,12.829999923706055,931000,0.0,0.0
2024-05-02 00:00:00-04:00,13.050000190734863,13.0600004196167,12.729999542236328,13.029999732971191,626600,0.0,0.0
2024-05-03 00:00:00-04:00,13.329999923706055,13.630000114440918,13.119999885559082,13.15999984741211,796200,0.0,0.0
2024-05-06 00:00:00-04:00,13.220000267028809,13.645000457763672,13.180000305175781,13.609999656677246,833500,0.0,0.0
2024-05-07 00:00:00-04:00,13.569999694824219,13.59000015258789,13.119999885559082,13.279999732971191,934800,0.0,0.0
2024-05-08 00:00:00-04:00,13.140000343322754,13.319999694824219,12.920000076293945,13.220000267028809,1650500,0.0,0.0
2024-05-09 00:00:00-04:00,13.75,15.880000114440918,13.609999656677246,15.5,2747500,0.0,0.0
2024-05-10 00:00:00-04:00,15.649999618530273,16.329999923706055,15.550000190734863,16.31999969482422,1631200,0.0,0.0
2024-05-13 00:00:00-04:00,16.399999618530273,16.75,15.989999771118164,16.399999618530273,2111800,0.0,0.0
2024-05-14 00:00:00-04:00,16.510000228881836,17.049999237060547,16.510000228881836,16.959999084472656,1264300,0.0,0.0
2024-05-15 00:00:00-04:00,17.079999923706055,17.270000457763672,16.780000686645508,16.899999618530273,1269800,0.0,0.0
2024-05-16 00:00:00-04:00,16.829999923706055,16.8700008392334,16.059999465942383,16.420000076293945,954400,0.0,0.0
2024-05-17 00:00:00-04:00,16.530000686645508,16.540000915527344,16.030000686645508,16.350000381469727,726900,0.0,0.0
2024-05-20 00:00:00-04:00,16.399999618530273,16.899999618530273,16.329999923706055,16.399999618530273,1057300,0.0,0.0
2024-05-21 00:00:00-04:00,16.40999984741211,16.43000030517578,15.710000038146973,15.970000267028809,1045900,0.0,0.0
2024-05-22 00:00:00-04:00,16.020000457763672,16.459999084472656,15.859999656677246,15.979999542236328,1729800,0.0,0.0
2024-05-23 00:00:00-04:00,16.06999969482422,16.31999969482422,15.8100004196167,16.010000228881836,966800,0.0,0.0
2024-05-24 00:00:00-04:00,16.18000030517578,16.93000030517578,16.079999923706055,16.799999237060547,1042100,0.0,0.0
2024-05-28 00:00:00-04:00,16.920000076293945,17.614999771118164,16.719999313354492,17.489999771118164,991200,0.0,0.0
2024-05-29 00:00:00-04:00,17.270000457763672,17.674999237060547,16.969999313354492,17.579999923706055,928000,0.0,0.0
2024-05-30 00:00:00-04:00,17.600000381469727,18.059999465942383,17.56999969482422,18.049999237060547,774900,0.0,0.0
2024-05-31 00:00:00-04:00,18.229999542236328,18.809999465942383,18.03499984741211,18.809999465942383,2435300,0.0,0.0
2024-06-03 00:00:00-04:00,18.729999542236328,19.25,18.719999313354492,18.979999542236328,2034100,0.0,0.0
2024-06-04 00:00:00-04:00,18.90999984741211,19.139999389648438,18.549999237060547,18.8700008392334,967800,0.0,0.0
2024-06-05 00:00:00-04:00,18.780000686645508,19.54800033569336,18.709999084472656,19.510000228881836,1150300,0.0,0.0
2024-06-06 00:00:00-04:00,19.5,19.639999389648438,18.940000534057617,19.219999313354492,1200500,0.0,0.0
2024-06-07 00:00:00-04:00,19.110000610351562,19.809999465942383,19.110000610351562,19.68000030517578,1816600,0.0,0.0
2024-06-10 00:00:00-04:00,19.530000686645508,19.540000915527344,18.65999984741211,19.0,1436100,0.0,0.0
2024-06-11 00:00:00-04:00,18.829999923706055,19.309999465942383,18.716999053955078,19.100000381469727,1038000,0.0,0.0
2024-06-12 00:00:00-04:00,19.690000534057617,19.799999237060547,18.889999389648438,18.969999313354492,959500,0.0,0.0
2024-06-13 00:00:00-04:00,18.8799991607666,19.299999237060547,18.829999923706055,18.889999389648438,685900,0.0,0.0
2024-06-14 00:00:00-04:00,18.65999984741211,18.979999542236328,17.989999771118164,18.200000762939453,1816200,0.0,0.0
2024-06-17 00:00:00-04:00,18.149999618530273,18.450000762939453,17.94499969482422,18.440000534057617,905600,0.0,0.0
2024-06-18 00:00:00-04:00,18.770000457763672,19.059999465942383,18.399999618530273,18.93000030517578,1293500,0.0,0.0
2024-06-20 00:00:00-04:00,18.739999771118164,19.024999618530273,17.770000457763672,17.93000030517578,1118100,0.0,0.0
2024-06-21 00:00:00-04:00,17.81999969482422,17.81999969482422,16.860000610351562,17.09000015258789,1454900,0.0,0.0
2024-06-24 00:00:00-04:00,17.110000610351562,17.600000381469727,17.09000015258789,17.489999771118164,1004300,0.0,0.0
2024-06-25 00:00:00-04:00,17.43000030517578,17.450000762939453,16.729999542236328,16.899999618530273,1001400,0.0,0.0
2024-06-26 00:00:00-04:00,16.850000381469727,17.0,16.549999237060547,16.969999313354492,1161800,0.0,0.0
2024-06-27 00:00:00-04:00,16.700000762939453,17.270000457763672,16.68000030517578,17.0,994400,0.0,0.0
2024-06-28 00:00:00-04:00,17.079999923706055,17.44499969482422,16.75,16.940000534057617,8285900,0.0,0.0
