Date,Open,High,Low,Close,Volume,Dividends,Stock Splits
1980-03-17 00:00:00-05:00,0.0,0.30071390298072065,0.28151941299438477,0.28151941299438477,2025,0.0,0.0
1980-03-18 00:00:00-05:00,0.0,0.30071390298072065,0.28151941299438477,0.28151941299438477,1350,0.0,0.0
1980-03-19 00:00:00-05:00,0.28151941299438477,0.28151941299438477,0.28151941299438477,0.28151941299438477,0,0.0,0.0
1980-03-20 00:00:00-05:00,0.0,0.30071390298072065,0.28151941299438477,0.28151941299438477,2025,0.0,0.0
1980-03-21 00:00:00-05:00,0.28151941299438477,0.28151941299438477,0.28151941299438477,0.28151941299438477,0,0.0,0.0
1980-03-24 00:00:00-05:00,0.28151941299438477,0.28151941299438477,0.28151941299438477,0.28151941299438477,0,0.0,0.0
1980-03-25 00:00:00-05:00,0.28151941299438477,0.28151941299438477,0.28151941299438477,0.28151941299438477,0,0.0,0.0
1980-03-26 00:00:00-05:00,0.0,0.30071390298072065,0.28151941299438477,0.28151941299438477,3375,0.0,0.0
1980-03-27 00:00:00-05:00,0.0,0.30071390298072065,0.28151941299438477,0.28151941299438477,2025,0.0,0.0
1980-03-28 00:00:00-05:00,0.28151941299438477,0.28151941299438477,0.28151941299438477,0.28151941299438477,0,0.0,0.0
1980-03-31 00:00:00-05:00,0.0,0.30071390298072065,0.28151941299438477,0.28151941299438477,675,0.0,0.0
1980-04-01 00:00:00-05:00,0.0,0.30071390298072065,0.28151941299438477,0.28151941299438477,2700,0.0,0.0
1980-04-02 00:00:00-05:00,0.28151941299438477,0.28151941299438477,0.28151941299438477,0.28151941299438477,0,0.0,0.0
1980-04-03 00:00:00-05:00,0.28151941299438477,0.28151941299438477,0.28151941299438477,0.28151941299438477,0,0.0,0.0
1980-04-07 00:00:00-05:00,0.0,0.30071390298072065,0.28151941299438477,0.28151941299438477,4050,0.0,0.0
1980-04-08 00:00:00-05:00,0.0,0.30071390298072065,0.28151941299438477,0.28151941299438477,3375,0.0,0.0
1980-04-09 00:00:00-05:00,0.0,0.30071390298072065,0.28151941299438477,0.28151941299438477,2025,0.0,0.0
1980-04-10 00:00:00-05:00,0.28151941299438477,0.28151941299438477,0.28151941299438477,0.28151941299438477,0,0.0,0.0
1980-04-11 00:00:00-05:00,0.0,0.30711188395615807,0.2879174053668976,0.2879174053668976,4725,0.0,0.0
1980-04-14 00:00:00-05:00,0.0,0.30711188395615807,0.2879174053668976,0.2879174053668976,675,0.0,0.0
1980-04-15 00:00:00-05:00,0.2879174053668976,0.2879174053668976,0.2879174053668976,0.2879174053668976,0,0.0,0.0
1980-04-16 00:00:00-05:00,0.2879174053668976,0.2879174053668976,0.2879174053668976,0.2879174053668976,0,0.0,0.0
1980-04-17 00:00:00-05:00,0.2879174053668976,0.2879174053668976,0.2879174053668976,0.2879174053668976,0,0.0,0.0
1980-04-18 00:00:00-05:00,0.0,0.30711188395615807,0.2879174053668976,0.2879174053668976,20250,0.0,0.0
1980-04-21 00:00:00-05:00,0.0,0.30711188395615807,0.2879174053668976,0.2879174053668976,14850,0.0,0.0
1980-04-22 00:00:00-05:00,0.0,0.30711188395615807,0.2879174053668976,0.2879174053668976,11475,0.0,0.0
1980-04-23 00:00:00-05:00,0.2879174053668976,0.2879174053668976,0.2879174053668976,0.2879174053668976,0,0.0,0.0
1980-04-24 00:00:00-05:00,0.2879174053668976,0.2879174053668976,0.2879174053668976,0.2879174053668976,0,0.0,0.0
1980-04-25 00:00:00-05:00,0.0,0.30711188395615807,0.2879174053668976,0.2879174053668976,4050,0.0,0.0
1980-04-28 00:00:00-04:00,0.2879174053668976,0.2879174053668976,0.2879174053668976,0.2879174053668976,0,0.0,0.0
1980-04-29 00:00:00-04:00,0.2879174053668976,0.2879174053668976,0.2879174053668976,0.2879174053668976,0,0.0,0.0
1980-04-30 00:00:00-04:00,0.2879174053668976,0.2879174053668976,0.2879174053668976,0.2879174053668976,0,0.0,0.0
1980-05-01 00:00:00-04:00,0.0,0.30711188395615807,0.2879174053668976,0.2879174053668976,1350,0.0,0.0
1980-05-02 00:00:00-04:00,0.2879174053668976,0.2879174053668976,0.2879174053668976,0.2879174053668976,0,0.0,0.0
1980-05-05 00:00:00-04:00,0.0,0.31990806929415555,0.30071359872817993,0.30071359872817993,6750,0.0,0.0
1980-05-06 00:00:00-04:00,0.0,0.32630618911788695,0.3071117401123047,0.3071117401123047,1350,0.0,0.0
1980-05-07 00:00:00-04:00,0.0,0.32630618911788695,0.3071117401123047,0.3071117401123047,2700,0.0,0.0
1980-05-08 00:00:00-04:00,0.0,0.32630618911788695,0.3071117401123047,0.3071117401123047,6075,0.0,0.0
1980-05-09 00:00:00-04:00,0.3071117401123047,0.3071117401123047,0.3071117401123047,0.3071117401123047,0,0.0,0.0
1980-05-12 00:00:00-04:00,0.3071117401123047,0.3071117401123047,0.3071117401123047,0.3071117401123047,0,0.0,0.0
1980-05-13 00:00:00-04:00,0.0,0.32630618911788695,0.3071117401123047,0.3071117401123047,1350,0.0,0.0
1980-05-14 00:00:00-04:00,0.3071117401123047,0.3071117401123047,0.3071117401123047,0.3071117401123047,0,0.0,0.0
1980-05-15 00:00:00-04:00,0.3071117401123047,0.3071117401123047,0.3071117401123047,0.3071117401123047,0,0.0,0.0
1980-05-16 00:00:00-04:00,0.3071117401123047,0.3071117401123047,0.3071117401123047,0.3071117401123047,0,0.0,0.0
1980-05-19 00:00:00-04:00,0.3071117401123047,0.3071117401123047,0.3071117401123047,0.3071117401123047,0,0.0,0.0
1980-05-20 00:00:00-04:00,0.3071117401123047,0.3071117401123047,0.3071117401123047,0.3071117401123047,0,0.0,0.0
1980-05-21 00:00:00-04:00,0.3071117401123047,0.3071117401123047,0.3071117401123047,0.3071117401123047,0,0.0,0.0
1980-05-22 00:00:00-04:00,0.3071117401123047,0.3071117401123047,0.3071117401123047,0.3071117401123047,0,0.0,0.0
1980-05-23 00:00:00-04:00,0.0,0.34550104262194065,0.32630655169487,0.32630655169487,2700,0.0,0.0
1980-05-27 00:00:00-04:00,0.0,0.34550104262194065,0.32630655169487,0.32630655169487,6750,0.0,0.0
1980-05-28 00:00:00-04:00,0.32630655169487,0.32630655169487,0.32630655169487,0.32630655169487,0,0.0,0.0
1980-05-29 00:00:00-04:00,0.0,0.339102722791942,0.3199082612991333,0.3199082612991333,4050,0.0,0.0
1980-05-30 00:00:00-04:00,0.3199082612991333,0.3199082612991333,0.3199082612991333,0.3199082612991333,0,0.0,0.0
1980-06-02 00:00:00-04:00,0.0,0.339102722791942,0.3199082612991333,0.3199082612991333,1350,0.0,0.0
1980-06-03 00:00:00-04:00,0.0,0.339102722791942,0.3199082612991333,0.3199082612991333,4050,0.0,0.0
1980-06-04 00:00:00-04:00,0.0,0.339102722791942,0.3199082612991333,0.3199082612991333,8100,0.0,0.0
1980-06-05 00:00:00-04:00,0.3199082612991333,0.3199082612991333,0.3199082612991333,0.3199082612991333,0,0.0,0.0
1980-06-06 00:00:00-04:00,0.3199082612991333,0.3199082612991333,0.3199082612991333,0.3199082612991333,0,0.0,0.0
1980-06-09 00:00:00-04:00,0.0,0.339102722791942,0.3199082612991333,0.3199082612991333,675,0.0,0.0
1980-06-10 00:00:00-04:00,0.3199082612991333,0.3199082612991333,0.3199082612991333,0.3199082612991333,0,0.0,0.0
1980-06-11 00:00:00-04:00,0.3199082612991333,0.3199082612991333,0.3199082612991333,0.3199082612991333,0,0.0,0.0
1980-06-12 00:00:00-04:00,0.3199082612991333,0.3199082612991333,0.3199082612991333,0.3199082612991333,0,0.0,0.0
1980-06-13 00:00:00-04:00,0.3199082612991333,0.3199082612991333,0.3199082612991333,0.3199082612991333,0,0.0,0.0
1980-06-16 00:00:00-04:00,0.0,0.339102722791942,0.3199082612991333,0.3199082612991333,13500,0.0,0.0
1980-06-17 00:00:00-04:00,0.3199082612991333,0.3199082612991333,0.3199082612991333,0.3199082612991333,0,0.0,0.0
1980-06-18 00:00:00-04:00,0.3199082612991333,0.3199082612991333,0.3199082612991333,0.3199082612991333,0,0.0,0.0
1980-06-19 00:00:00-04:00,0.3199082612991333,0.3199082612991333,0.3199082612991333,0.3199082612991333,0,0.0,0.0
1980-06-20 00:00:00-04:00,0.0,0.339102722791942,0.3199082612991333,0.3199082612991333,1350,0.0,0.0
1980-06-23 00:00:00-04:00,0.3199082612991333,0.3199082612991333,0.3199082612991333,0.3199082612991333,0,0.0,0.0
1980-06-24 00:00:00-04:00,0.0,0.34550104262194065,0.32630655169487,0.32630655169487,1350,0.0,0.0
1980-06-25 00:00:00-04:00,0.0,0.34550104262194065,0.32630655169487,0.32630655169487,675,0.0,0.0
1980-06-26 00:00:00-04:00,0.32630655169487,0.32630655169487,0.32630655169487,0.32630655169487,0,0.0,0.0
1980-06-27 00:00:00-04:00,0.32630655169487,0.32630655169487,0.32630655169487,0.32630655169487,0,0.0,0.0
1980-06-30 00:00:00-04:00,0.32630655169487,0.32630655169487,0.32630655169487,0.32630655169487,0,0.0,0.0
1980-07-01 00:00:00-04:00,0.32630655169487,0.32630655169487,0.32630655169487,0.32630655169487,0,0.0,0.0
1980-07-02 00:00:00-04:00,0.0,0.34550104262194065,0.32630655169487,0.32630655169487,13500,0.0,0.0
1980-07-03 00:00:00-04:00,0.32630655169487,0.32630655169487,0.32630655169487,0.32630655169487,0,0.0,0.0
1980-07-07 00:00:00-04:00,0.32630655169487,0.32630655169487,0.32630655169487,0.32630655169487,0,0.0,0.0
1980-07-08 00:00:00-04:00,0.0,0.34550087580702354,0.33910271525382996,0.33910271525382996,19575,0.0,0.0
1980-07-09 00:00:00-04:00,0.0,0.3582971969134107,0.33910271525382996,0.33910271525382996,3375,0.0,0.0
1980-07-10 00:00:00-04:00,0.0,0.3582971969134107,0.33910271525382996,0.33910271525382996,54675,0.0,0.0
1980-07-11 00:00:00-04:00,0.0,0.3582971969134107,0.33910271525382996,0.33910271525382996,3375,0.0,0.0
1980-07-14 00:00:00-04:00,0.0,0.3582971969134107,0.33910271525382996,0.33910271525382996,16200,0.0,0.0
1980-07-15 00:00:00-04:00,0.0,0.3582971969134107,0.33910271525382996,0.33910271525382996,3375,0.0,0.0
1980-07-16 00:00:00-04:00,0.0,0.3582971969134107,0.33910271525382996,0.33910271525382996,10125,0.0,0.0
1980-07-17 00:00:00-04:00,0.0,0.3582971969134107,0.33910271525382996,0.33910271525382996,675,0.0,0.0
1980-07-18 00:00:00-04:00,0.0,0.3582971969134107,0.33910271525382996,0.33910271525382996,675,0.0,0.0
1980-07-21 00:00:00-04:00,0.0,0.3582971770343768,0.3455008566379547,0.3455008566379547,6750,0.0,0.0
1980-07-22 00:00:00-04:00,0.0,0.3582971770343768,0.3455008566379547,0.3455008566379547,5400,0.0,0.0
1980-07-23 00:00:00-04:00,0.0,0.3582971770343768,0.3455008566379547,0.3455008566379547,19575,0.0,0.0
1980-07-24 00:00:00-04:00,0.3455008566379547,0.3455008566379547,0.3455008566379547,0.3455008566379547,0,0.0,0.0
1980-07-25 00:00:00-04:00,0.0,0.3582971770343768,0.3455008566379547,0.3455008566379547,8100,0.0,0.0
1980-07-28 00:00:00-04:00,0.0,0.3582971770343768,0.3455008566379547,0.3455008566379547,3375,0.0,0.0
1980-07-29 00:00:00-04:00,0.3455008566379547,0.3455008566379547,0.3455008566379547,0.3455008566379547,0,0.0,0.0
1980-07-30 00:00:00-04:00,0.0,0.3582971770343768,0.3455008566379547,0.3455008566379547,3375,0.0,0.0
1980-07-31 00:00:00-04:00,0.0,0.364695316639132,0.3455008566379547,0.3455008566379547,4725,0.0,0.0
1980-08-01 00:00:00-04:00,0.0,0.36469531848320585,0.35189899802207947,0.35189899802207947,675,0.0,0.0
1980-08-04 00:00:00-04:00,0.0,0.3582971770343768,0.3455008566379547,0.3455008566379547,8775,0.0,0.0
1980-08-05 00:00:00-04:00,0.3455008566379547,0.3455008566379547,0.3455008566379547,0.3455008566379547,0,0.0,0.0
1980-08-06 00:00:00-04:00,0.0,0.3582971770343768,0.3455008566379547,0.3455008566379547,4725,0.0,0.0
1980-08-07 00:00:00-04:00,0.0,0.3582971770343768,0.3455008566379547,0.3455008566379547,8775,0.0,0.0
1980-08-08 00:00:00-04:00,0.0,0.36469533900803974,0.358297199010849,0.358297199010849,675,0.0,0.0
1980-08-11 00:00:00-04:00,0.358297199010849,0.358297199010849,0.358297199010849,0.358297199010849,0,0.0,0.0
1980-08-12 00:00:00-04:00,0.0,0.37109352019214464,0.358297199010849,0.358297199010849,3375,0.0,0.0
1980-08-13 00:00:00-04:00,0.0,0.37109352019214464,0.358297199010849,0.358297199010849,2025,0.0,0.0
1980-08-14 00:00:00-04:00,0.0,0.37109352019214464,0.358297199010849,0.358297199010849,1350,0.0,0.0
1980-08-15 00:00:00-04:00,0.358297199010849,0.358297199010849,0.358297199010849,0.358297199010849,0,0.0,0.0
1980-08-18 00:00:00-04:00,0.358297199010849,0.358297199010849,0.358297199010849,0.358297199010849,0,0.0,0.0
1980-08-19 00:00:00-04:00,0.358297199010849,0.358297199010849,0.358297199010849,0.358297199010849,0,0.0,0.0
1980-08-20 00:00:00-04:00,0.0,0.3774916601893354,0.358297199010849,0.358297199010849,675,0.0,0.0
1980-08-21 00:00:00-04:00,0.358297199010849,0.358297199010849,0.358297199010849,0.358297199010849,0,0.0,0.0
1980-08-22 00:00:00-04:00,0.0,0.3774916601893354,0.358297199010849,0.358297199010849,4725,0.0,0.0
1980-08-25 00:00:00-04:00,0.0,0.37109352019214464,0.358297199010849,0.358297199010849,6750,0.0,0.0
1980-08-26 00:00:00-04:00,0.0,0.37109352019214464,0.358297199010849,0.358297199010849,675,0.0,0.0
1980-08-27 00:00:00-04:00,0.0,0.37109352019214464,0.358297199010849,0.358297199010849,4725,0.0,0.0
1980-08-28 00:00:00-04:00,0.0,0.37109352019214464,0.358297199010849,0.358297199010849,3375,0.0,0.0
1980-08-29 00:00:00-04:00,0.358297199010849,0.358297199010849,0.358297199010849,0.358297199010849,0,0.0,0.0
1980-09-02 00:00:00-04:00,0.358297199010849,0.358297199010849,0.358297199010849,0.358297199010849,0,0.0,0.0
1980-09-03 00:00:00-04:00,0.0,0.37109352019214464,0.358297199010849,0.358297199010849,1350,0.0,0.0
1980-09-04 00:00:00-04:00,0.358297199010849,0.358297199010849,0.358297199010849,0.358297199010849,0,0.0,0.0
1980-09-05 00:00:00-04:00,0.358297199010849,0.358297199010849,0.358297199010849,0.358297199010849,0,0.0,0.0
1980-09-08 00:00:00-04:00,0.0,0.37109352019214464,0.358297199010849,0.358297199010849,3375,0.0,0.0
1980-09-09 00:00:00-04:00,0.0,0.3774915690808816,0.3646952509880066,0.3646952509880066,5400,0.0,0.0
1980-09-10 00:00:00-04:00,0.0,0.3774915690808816,0.3646952509880066,0.3646952509880066,675,0.0,0.0
1980-09-11 00:00:00-04:00,0.3646952509880066,0.3646952509880066,0.3646952509880066,0.3646952509880066,0,0.0,0.0
1980-09-12 00:00:00-04:00,0.3646952509880066,0.3646952509880066,0.3646952509880066,0.3646952509880066,0,0.0,0.0
1980-09-15 00:00:00-04:00,0.0,0.3774915690808816,0.3646952509880066,0.3646952509880066,1350,0.0,0.0
1980-09-16 00:00:00-04:00,0.0,0.3710934306278962,0.3646952509880066,0.3646952509880066,2700,0.0,0.0
1980-09-17 00:00:00-04:00,0.3646952509880066,0.3646952509880066,0.3646952509880066,0.3646952509880066,0,0.0,0.0
1980-09-18 00:00:00-04:00,0.3646952509880066,0.3646952509880066,0.3646952509880066,0.3646952509880066,0,0.0,0.0
1980-09-19 00:00:00-04:00,0.0,0.38388970914584275,0.37109339237213135,0.37109339237213135,2025,0.0,0.0
1980-09-22 00:00:00-04:00,0.37109339237213135,0.37109339237213135,0.37109339237213135,0.37109339237213135,0,0.0,0.0
1980-09-23 00:00:00-04:00,0.37109339237213135,0.37109339237213135,0.37109339237213135,0.37109339237213135,0,0.0,0.0
1980-09-24 00:00:00-04:00,0.0,0.38388970914584275,0.37109339237213135,0.37109339237213135,1350,0.0,0.0
1980-09-25 00:00:00-04:00,0.0,0.38388970914584275,0.37109339237213135,0.37109339237213135,1350,0.0,0.0
1980-09-26 00:00:00-04:00,0.0,0.38388970914584275,0.37109339237213135,0.37109339237213135,2700,0.0,0.0
1980-09-29 00:00:00-04:00,0.37109339237213135,0.37109339237213135,0.37109339237213135,0.37109339237213135,0,0.0,0.0
1980-09-30 00:00:00-04:00,0.0,0.38388970914584275,0.37109339237213135,0.37109339237213135,675,0.0,0.0
1980-10-01 00:00:00-04:00,0.0,0.38388970914584275,0.37109339237213135,0.37109339237213135,3375,0.0,0.0
1980-10-02 00:00:00-04:00,0.0,0.38388970914584275,0.37109339237213135,0.37109339237213135,675,0.0,0.0
1980-10-03 00:00:00-04:00,0.37109339237213135,0.37109339237213135,0.37109339237213135,0.37109339237213135,0,0.0,0.0
1980-10-06 00:00:00-04:00,0.0,0.38388970914584275,0.37109339237213135,0.37109339237213135,675,0.0,0.0
1980-10-07 00:00:00-04:00,0.37109339237213135,0.37109339237213135,0.37109339237213135,0.37109339237213135,0,0.0,0.0
1980-10-08 00:00:00-04:00,0.37109339237213135,0.37109339237213135,0.37109339237213135,0.37109339237213135,0,0.0,0.0
1980-10-09 00:00:00-04:00,0.0,0.38388970914584275,0.37109339237213135,0.37109339237213135,675,0.0,0.0
1980-10-10 00:00:00-04:00,0.0,0.38388970914584275,0.37109339237213135,0.37109339237213135,3375,0.0,0.0
1980-10-13 00:00:00-04:00,0.0,0.38388965218252585,0.37749147415161133,0.37749147415161133,11475,0.0,0.0
1980-10-14 00:00:00-04:00,0.0,0.38388965218252585,0.37749147415161133,0.37749147415161133,675,0.0,0.0
1980-10-15 00:00:00-04:00,0.0,0.39028778902654654,0.37749147415161133,0.37749147415161133,675,0.0,0.0
1980-10-16 00:00:00-04:00,0.0,0.39028778902654654,0.37749147415161133,0.37749147415161133,675,0.0,0.0
1980-10-17 00:00:00-04:00,0.37749147415161133,0.37749147415161133,0.37749147415161133,0.37749147415161133,0,0.0,0.0
1980-10-20 00:00:00-04:00,0.0,0.39028778902654654,0.37749147415161133,0.37749147415161133,675,0.0,0.0
1980-10-21 00:00:00-04:00,0.0,0.39028778902654654,0.37749147415161133,0.37749147415161133,675,0.0,0.0
1980-10-22 00:00:00-04:00,0.0,0.39028778902654654,0.37749147415161133,0.37749147415161133,675,0.0,0.0
1980-10-23 00:00:00-04:00,0.0,0.39668592587056717,0.37749147415161133,0.37749147415161133,5400,0.0,0.0
1980-10-24 00:00:00-04:00,0.37749147415161133,0.37749147415161133,0.37749147415161133,0.37749147415161133,0,0.0,0.0
1980-10-27 00:00:00-05:00,0.37749147415161133,0.37749147415161133,0.37749147415161133,0.37749147415161133,0,0.0,0.0
1980-10-28 00:00:00-05:00,0.0,0.39668592587056717,0.37749147415161133,0.37749147415161133,675,0.0,0.0
1980-10-29 00:00:00-05:00,0.0,0.39668592587056717,0.37749147415161133,0.37749147415161133,12825,0.0,0.0
1980-10-30 00:00:00-05:00,0.0,0.39668592587056717,0.37749147415161133,0.37749147415161133,1350,0.0,0.0
1980-10-31 00:00:00-05:00,0.0,0.39668592587056717,0.37749147415161133,0.37749147415161133,4050,0.0,0.0
1980-11-03 00:00:00-05:00,0.0,0.39668592587056717,0.37749147415161133,0.37749147415161133,675,0.0,0.0
1980-11-05 00:00:00-05:00,0.0,0.39668592587056717,0.37749147415161133,0.37749147415161133,4725,0.0,0.0
1980-11-06 00:00:00-05:00,0.0,0.39668592587056717,0.37749147415161133,0.37749147415161133,9450,0.0,0.0
1980-11-07 00:00:00-05:00,0.0,0.39028778902654654,0.37749147415161133,0.37749147415161133,1350,0.0,0.0
1980-11-10 00:00:00-05:00,0.0,0.39028778902654654,0.37749147415161133,0.37749147415161133,1350,0.0,0.0
1980-11-11 00:00:00-05:00,0.0,0.39668592587056717,0.37749147415161133,0.37749147415161133,6750,0.0,0.0
1980-11-12 00:00:00-05:00,0.0,0.39028778902654654,0.37749147415161133,0.37749147415161133,4725,0.0,0.0
1980-11-13 00:00:00-05:00,0.0,0.39028778902654654,0.37749147415161133,0.37749147415161133,675,0.0,0.0
1980-11-14 00:00:00-05:00,0.0,0.39028778902654654,0.37749147415161133,0.37749147415161133,675,0.0,0.0
1980-11-17 00:00:00-05:00,0.0,0.39028778902654654,0.37749147415161133,0.37749147415161133,675,0.0,0.0
1980-11-18 00:00:00-05:00,0.0,0.39028778902654654,0.37749147415161133,0.37749147415161133,675,0.0,0.0
1980-11-19 00:00:00-05:00,0.37749147415161133,0.37749147415161133,0.37749147415161133,0.37749147415161133,0,0.0,0.0
1980-11-20 00:00:00-05:00,0.0,0.39028778902654654,0.37749147415161133,0.37749147415161133,1350,0.0,0.0
1980-11-21 00:00:00-05:00,0.0,0.39028778902654654,0.37749147415161133,0.37749147415161133,4050,0.0,0.0
1980-11-24 00:00:00-05:00,0.0,0.39028778902654654,0.37749147415161133,0.37749147415161133,12150,0.0,0.0
1980-11-25 00:00:00-05:00,0.0,0.3966860419808694,0.383889764547348,0.383889764547348,1350,0.0,0.0
1980-11-26 00:00:00-05:00,0.0,0.3966860419808694,0.383889764547348,0.383889764547348,2700,0.0,0.0
1980-11-28 00:00:00-05:00,0.383889764547348,0.383889764547348,0.383889764547348,0.383889764547348,0,0.0,0.0
1980-12-01 00:00:00-05:00,0.0,0.3966860419808694,0.383889764547348,0.383889764547348,3375,0.0,0.0
1980-12-02 00:00:00-05:00,0.0,0.3966860419808694,0.383889764547348,0.383889764547348,2700,0.0,0.0
1980-12-03 00:00:00-05:00,0.0,0.3966860419808694,0.383889764547348,0.383889764547348,3375,0.0,0.0
1980-12-04 00:00:00-05:00,0.0,0.3966860419808694,0.383889764547348,0.383889764547348,2700,0.0,0.0
1980-12-05 00:00:00-05:00,0.0,0.3966860419808694,0.383889764547348,0.383889764547348,675,0.0,0.0
1980-12-08 00:00:00-05:00,0.0,0.40948227381705105,0.39668595790863037,0.39668595790863037,7425,0.0,0.0
1980-12-09 00:00:00-05:00,0.0,0.42867704557258485,0.40948253870010376,0.40948253870010376,15525,0.0,0.0
1980-12-10 00:00:00-05:00,0.40948253870010376,0.40948253870010376,0.40948253870010376,0.40948253870010376,0,0.0,0.0
1980-12-11 00:00:00-05:00,0.0,0.42867704557258485,0.40948253870010376,0.40948253870010376,10800,0.0,0.0
1980-12-12 00:00:00-05:00,0.0,0.4222788628861165,0.40948253870010376,0.40948253870010376,675,0.0,0.0
1980-12-15 00:00:00-05:00,0.0,0.4222788628861165,0.40948253870010376,0.40948253870010376,32400,0.0,0.0
1980-12-16 00:00:00-05:00,0.0,0.43507521703065904,0.4222787320613861,0.4222787320613861,17550,0.0,0.0
1980-12-17 00:00:00-05:00,0.0,0.43507521507773395,0.41588059067726135,0.41588059067726135,1350,0.0,0.0
1980-12-18 00:00:00-05:00,0.0,0.4478712470774131,0.42867663502693176,0.42867663502693176,2700,0.0,0.0
1980-12-19 00:00:00-05:00,0.42867663502693176,0.42867663502693176,0.42867663502693176,0.42867663502693176,0,0.0,0.0
1980-12-22 00:00:00-05:00,0.42867663502693176,0.42867663502693176,0.42867663502693176,0.42867663502693176,0,0.0,0.0
1980-12-23 00:00:00-05:00,0.42867663502693176,0.42867663502693176,0.42867663502693176,0.42867663502693176,0,0.0,0.0
1980-12-24 00:00:00-05:00,0.42867663502693176,0.42867663502693176,0.42867663502693176,0.42867663502693176,0,0.0,0.0
1980-12-26 00:00:00-05:00,0.42867663502693176,0.42867663502693176,0.42867663502693176,0.42867663502693176,0,0.0,0.0
1980-12-29 00:00:00-05:00,0.0,0.4478714824984828,0.43507516384124756,0.43507516384124756,1350,0.0,0.0
1980-12-30 00:00:00-05:00,0.0,0.4478714824984828,0.43507516384124756,0.43507516384124756,9450,0.0,0.0
1980-12-31 00:00:00-05:00,0.0,0.4542696227655666,0.4414733052253723,0.4414733052253723,31725,0.0,0.0
1981-01-02 00:00:00-05:00,0.0,0.4542696227655666,0.4414733052253723,0.4414733052253723,1350,0.0,0.0
1981-01-05 00:00:00-05:00,0.4414733052253723,0.4414733052253723,0.4414733052253723,0.4414733052253723,0,0.0,0.0
1981-01-06 00:00:00-05:00,0.0,0.4862602360699456,0.47346392273902893,0.47346392273902893,8775,0.0,0.0
1981-01-07 00:00:00-05:00,0.0,0.4990567933132565,0.48626047372817993,0.48626047372817993,7425,0.0,0.0
1981-01-08 00:00:00-05:00,0.48626047372817993,0.48626047372817993,0.48626047372817993,0.48626047372817993,0,0.0,0.0
1981-01-09 00:00:00-05:00,0.48626047372817993,0.48626047372817993,0.48626047372817993,0.48626047372817993,0,0.0,0.0
1981-01-12 00:00:00-05:00,0.0,0.4990567933132565,0.48626047372817993,0.48626047372817993,3375,0.0,0.0
1981-01-13 00:00:00-05:00,0.48626047372817993,0.48626047372817993,0.48626047372817993,0.48626047372817993,0,0.0,0.0
1981-01-14 00:00:00-05:00,0.0,0.4926586129272637,0.48626047372817993,0.48626047372817993,5400,0.0,0.0
1981-01-15 00:00:00-05:00,0.0,0.4926586129272637,0.48626047372817993,0.48626047372817993,38475,0.0,0.0
1981-01-16 00:00:00-05:00,0.48626047372817993,0.48626047372817993,0.48626047372817993,0.48626047372817993,0,0.0,0.0
1981-01-19 00:00:00-05:00,0.0,0.5054549325123402,0.48626047372817993,0.48626047372817993,5400,0.0,0.0
1981-01-20 00:00:00-05:00,0.0,0.5054549325123402,0.48626047372817993,0.48626047372817993,8775,0.0,0.0
1981-01-21 00:00:00-05:00,0.0,0.4990567933132565,0.48626047372817993,0.48626047372817993,2025,0.0,0.0
1981-01-22 00:00:00-05:00,0.0,0.4990567933132565,0.48626047372817993,0.48626047372817993,675,0.0,0.0
1981-01-23 00:00:00-05:00,0.48626047372817993,0.48626047372817993,0.48626047372817993,0.48626047372817993,0,0.0,0.0
1981-01-26 00:00:00-05:00,0.48626047372817993,0.48626047372817993,0.48626047372817993,0.48626047372817993,0,0.0,0.0
1981-01-27 00:00:00-05:00,0.0,0.4990567933132565,0.48626047372817993,0.48626047372817993,44550,0.0,0.0
1981-01-28 00:00:00-05:00,0.48626047372817993,0.48626047372817993,0.48626047372817993,0.48626047372817993,0,0.0,0.0
1981-01-29 00:00:00-05:00,0.0,0.4990567933132565,0.48626047372817993,0.48626047372817993,675,0.0,0.0
1981-01-30 00:00:00-05:00,0.0,0.4990567933132565,0.48626047372817993,0.48626047372817993,7425,0.0,0.0
1981-02-02 00:00:00-05:00,0.0,0.4990567933132565,0.48626047372817993,0.48626047372817993,675,0.0,0.0
1981-02-03 00:00:00-05:00,0.0,0.4990567933132565,0.48626047372817993,0.48626047372817993,8100,0.0,0.0
1981-02-04 00:00:00-05:00,0.0,0.5054549325123402,0.48626047372817993,0.48626047372817993,20250,0.0,0.0
1981-02-05 00:00:00-05:00,0.0,0.505454942202528,0.47986230254173284,0.4798623025417328,41175,0.0,0.0
1981-02-06 00:00:00-05:00,0.0,0.505454942202528,0.47986230254173284,0.4798623025417328,5400,0.0,0.0
1981-02-09 00:00:00-05:00,0.0,0.505454942202528,0.47986230254173284,0.4798623025417328,1350,0.0,0.0
1981-02-10 00:00:00-05:00,0.0,0.4990565494008623,0.47346392273902893,0.47346392273902893,7425,0.0,0.0
1981-02-11 00:00:00-05:00,0.0,0.4990565494008623,0.47346392273902893,0.47346392273902893,675,0.0,0.0
1981-02-12 00:00:00-05:00,0.47346392273902893,0.47346392273902893,0.47346392273902893,0.47346392273902893,0,0.0,0.0
1981-02-13 00:00:00-05:00,0.0,0.4990565494008623,0.47346392273902893,0.47346392273902893,3375,0.0,0.0
1981-02-17 00:00:00-05:00,0.0,0.4926583721419595,0.47346392273902893,0.47346392273902893,2700,0.0,0.0
1981-02-18 00:00:00-05:00,0.47346392273902893,0.47346392273902893,0.47346392273902893,0.47346392273902893,0,0.0,0.0
1981-02-19 00:00:00-05:00,0.47346392273902893,0.47346392273902893,0.47346392273902893,0.47346392273902893,0,0.0,0.0
1981-02-20 00:00:00-05:00,0.0,0.4926583721419595,0.47346392273902893,0.47346392273902893,675,0.0,0.0
1981-02-23 00:00:00-05:00,0.47346392273902893,0.47346392273902893,0.47346392273902893,0.47346392273902893,0,0.0,0.0
1981-02-24 00:00:00-05:00,0.47346392273902893,0.47346392273902893,0.47346392273902893,0.47346392273902893,0,0.0,0.0
1981-02-25 00:00:00-05:00,0.47346392273902893,0.47346392273902893,0.47346392273902893,0.47346392273902893,0,0.0,0.0
1981-02-26 00:00:00-05:00,0.0,0.44787167600583744,0.40948253870010376,0.40948253870010376,6075,0.0,0.0
1981-02-27 00:00:00-05:00,0.0,0.4606678574739161,0.4222787320613861,0.4222787320613861,675,0.0,0.0
1981-03-02 00:00:00-05:00,0.4222787320613861,0.4222787320613861,0.4222787320613861,0.4222787320613861,0,0.0,0.0
1981-03-03 00:00:00-05:00,0.4222787320613861,0.4222787320613861,0.4222787320613861,0.4222787320613861,0,0.0,0.0
1981-03-04 00:00:00-05:00,0.0,0.4606678574739161,0.4222787320613861,0.4222787320613861,675,0.0,0.0
1981-03-05 00:00:00-05:00,0.4222787320613861,0.4222787320613861,0.4222787320613861,0.4222787320613861,0,0.0,0.0
1981-03-06 00:00:00-05:00,0.4222787320613861,0.4222787320613861,0.4222787320613861,0.4222787320613861,0,0.0,0.0
1981-03-09 00:00:00-05:00,0.0,0.4606678574739161,0.4222787320613861,0.4222787320613861,2700,0.0,0.0
1981-03-10 00:00:00-05:00,0.0,0.4606678574739161,0.4222787320613861,0.4222787320613861,1350,0.0,0.0
1981-03-11 00:00:00-05:00,0.4222787320613861,0.4222787320613861,0.4222787320613861,0.4222787320613861,0,0.0,0.0
1981-03-12 00:00:00-05:00,0.0,0.4606678574739161,0.4222787320613861,0.4222787320613861,6750,0.0,0.0
1981-03-13 00:00:00-05:00,0.4222787320613861,0.4222787320613861,0.4222787320613861,0.4222787320613861,0,0.0,0.0
1981-03-16 00:00:00-05:00,0.0,0.4606678011557181,0.43507516384124756,0.43507516384124756,6750,0.0,0.0
1981-03-17 00:00:00-05:00,0.43507516384124756,0.43507516384124756,0.43507516384124756,0.43507516384124756,0,0.0,0.0
1981-03-18 00:00:00-05:00,0.43507516384124756,0.43507516384124756,0.43507516384124756,0.43507516384124756,0,0.0,0.0
1981-03-19 00:00:00-05:00,0.0,0.4606678011557181,0.43507516384124756,0.43507516384124756,1350,0.0,0.0
1981-03-20 00:00:00-05:00,0.43507516384124756,0.43507516384124756,0.43507516384124756,0.43507516384124756,0,0.0,0.0
1981-03-23 00:00:00-05:00,0.0,0.4606678011557181,0.43507516384124756,0.43507516384124756,6750,0.0,0.0
1981-03-24 00:00:00-05:00,0.0,0.47346411981295333,0.43507516384124756,0.43507516384124756,11475,0.0,0.0
1981-03-25 00:00:00-05:00,0.43507516384124756,0.43507516384124756,0.43507516384124756,0.43507516384124756,0,0.0,0.0
1981-03-26 00:00:00-05:00,0.0,0.47346411981295333,0.43507516384124756,0.43507516384124756,6750,0.0,0.0
1981-03-27 00:00:00-05:00,0.43507516384124756,0.43507516384124756,0.43507516384124756,0.43507516384124756,0,0.0,0.0
1981-03-30 00:00:00-05:00,0.0,0.47346411981295333,0.43507516384124756,0.43507516384124756,675,0.0,0.0
1981-03-31 00:00:00-05:00,0.43507516384124756,0.43507516384124756,0.43507516384124756,0.43507516384124756,0,0.0,0.0
1981-04-01 00:00:00-05:00,0.0,0.47346411981295333,0.43507516384124756,0.43507516384124756,675,0.0,0.0
1981-04-02 00:00:00-05:00,0.43507516384124756,0.43507516384124756,0.43507516384124756,0.43507516384124756,0,0.0,0.0
1981-04-03 00:00:00-05:00,0.0,0.47346411981295333,0.43507516384124756,0.43507516384124756,2025,0.0,0.0
1981-04-06 00:00:00-05:00,0.0,0.47346411981295333,0.43507516384124756,0.43507516384124756,14850,0.0,0.0
1981-04-07 00:00:00-05:00,0.0,0.47346411981295333,0.43507516384124756,0.43507516384124756,7425,0.0,0.0
1981-04-08 00:00:00-05:00,0.0,0.47346411981295333,0.43507516384124756,0.43507516384124756,6075,0.0,0.0
1981-04-09 00:00:00-05:00,0.43507516384124756,0.43507516384124756,0.43507516384124756,0.43507516384124756,0,0.0,0.0
1981-04-10 00:00:00-05:00,0.43507516384124756,0.43507516384124756,0.43507516384124756,0.43507516384124756,0,0.0,0.0
1981-04-13 00:00:00-05:00,0.43507516384124756,0.43507516384124756,0.43507516384124756,0.43507516384124756,0,0.0,0.0
1981-04-14 00:00:00-05:00,0.43507516384124756,0.43507516384124756,0.43507516384124756,0.43507516384124756,0,0.0,0.0
1981-04-15 00:00:00-05:00,0.43507516384124756,0.43507516384124756,0.43507516384124756,0.43507516384124756,0,0.0,0.0
1981-04-16 00:00:00-05:00,0.0,0.47346411981295333,0.43507516384124756,0.43507516384124756,4050,0.0,0.0
1981-04-20 00:00:00-05:00,0.43507516384124756,0.43507516384124756,0.43507516384124756,0.43507516384124756,0,0.0,0.0
1981-04-21 00:00:00-05:00,0.0,0.47346411981295333,0.43507516384124756,0.43507516384124756,675,0.0,0.0
1981-04-22 00:00:00-05:00,0.0,0.47346411981295333,0.43507516384124756,0.43507516384124756,16200,0.0,0.0
1981-04-23 00:00:00-05:00,0.43507516384124756,0.43507516384124756,0.43507516384124756,0.43507516384124756,0,0.0,0.0
1981-04-24 00:00:00-05:00,0.43507516384124756,0.43507516384124756,0.43507516384124756,0.43507516384124756,0,0.0,0.0
1981-04-27 00:00:00-04:00,0.0,0.47346411981295333,0.43507516384124756,0.43507516384124756,12825,0.0,0.0
1981-04-28 00:00:00-04:00,0.0,0.47346411981295333,0.43507516384124756,0.43507516384124756,9450,0.0,0.0
1981-04-29 00:00:00-04:00,0.43507516384124756,0.43507516384124756,0.43507516384124756,0.43507516384124756,0,0.0,0.0
1981-04-30 00:00:00-04:00,0.0,0.47346411981295333,0.43507516384124756,0.43507516384124756,675,0.0,0.0
1981-05-01 00:00:00-04:00,0.0,0.47346411981295333,0.43507516384124756,0.43507516384124756,2700,0.0,0.0
1981-05-04 00:00:00-04:00,0.43507516384124756,0.43507516384124756,0.43507516384124756,0.43507516384124756,0,0.0,0.0
1981-05-05 00:00:00-04:00,0.43507516384124756,0.43507516384124756,0.43507516384124756,0.43507516384124756,0,0.0,0.0
1981-05-06 00:00:00-04:00,0.43507516384124756,0.43507516384124756,0.43507516384124756,0.43507516384124756,0,0.0,0.0
1981-05-07 00:00:00-04:00,0.0,0.47346411981295333,0.43507516384124756,0.43507516384124756,10125,0.0,0.0
1981-05-08 00:00:00-04:00,0.43507516384124756,0.43507516384124756,0.43507516384124756,0.43507516384124756,0,0.0,0.0
1981-05-11 00:00:00-04:00,0.0,0.47346411981295333,0.43507516384124756,0.43507516384124756,1350,0.0,0.0
1981-05-12 00:00:00-04:00,0.0,0.47346411981295333,0.43507516384124756,0.43507516384124756,2700,0.0,0.0
1981-05-13 00:00:00-04:00,0.0,0.47346411981295333,0.43507516384124756,0.43507516384124756,23625,0.0,0.0
1981-05-14 00:00:00-04:00,0.0,0.47346411981295333,0.43507516384124756,0.43507516384124756,2025,0.0,0.0
1981-05-15 00:00:00-04:00,0.43507516384124756,0.43507516384124756,0.43507516384124756,0.43507516384124756,0,0.0,0.0
1981-05-18 00:00:00-04:00,0.0,0.4862604965754222,0.44787153601646423,0.44787153601646423,2700,0.0,0.0
1981-05-19 00:00:00-04:00,0.0,0.4862604965754222,0.44787153601646423,0.44787153601646423,2700,0.0,0.0
1981-05-20 00:00:00-04:00,0.44787153601646423,0.44787153601646423,0.44787153601646423,0.44787153601646423,0,0.0,0.0
1981-05-21 00:00:00-04:00,0.44787153601646423,0.44787153601646423,0.44787153601646423,0.44787153601646423,0,0.0,0.0
1981-05-22 00:00:00-04:00,0.0,0.4862604965754222,0.44787153601646423,0.44787153601646423,13500,0.0,0.0
1981-05-26 00:00:00-04:00,0.0,0.4862604965754222,0.44787153601646423,0.44787153601646423,675,0.0,0.0
1981-05-27 00:00:00-04:00,0.44787153601646423,0.44787153601646423,0.44787153601646423,0.44787153601646423,0,0.0,0.0
1981-05-28 00:00:00-04:00,0.0,0.4862604965754222,0.44787153601646423,0.44787153601646423,2700,0.0,0.0
1981-05-29 00:00:00-04:00,0.0,0.4862604965754222,0.44787153601646423,0.44787153601646423,675,0.0,0.0
1981-06-01 00:00:00-04:00,0.0,0.4862604965754222,0.44787153601646423,0.44787153601646423,2025,0.0,0.0
1981-06-02 00:00:00-04:00,0.0,0.4862604965754222,0.44787153601646423,0.44787153601646423,4725,0.0,0.0
1981-06-03 00:00:00-04:00,0.0,0.4862604965754222,0.44787153601646423,0.44787153601646423,13500,0.0,0.0
1981-06-04 00:00:00-04:00,0.0,0.4862604965754222,0.44787153601646423,0.44787153601646423,1350,0.0,0.0
1981-06-05 00:00:00-04:00,0.0,0.4862604965754222,0.44787153601646423,0.44787153601646423,675,0.0,0.0
1981-06-08 00:00:00-04:00,0.44787153601646423,0.44787153601646423,0.44787153601646423,0.44787153601646423,0,0.0,0.0
1981-06-09 00:00:00-04:00,0.0,0.4862604965754222,0.44787153601646423,0.44787153601646423,6750,0.0,0.0
1981-06-10 00:00:00-04:00,0.0,0.4862604965754222,0.44787153601646423,0.44787153601646423,10125,0.0,0.0
1981-06-11 00:00:00-04:00,0.0,0.4862604965754222,0.44787153601646423,0.44787153601646423,10800,0.0,0.0
1981-06-12 00:00:00-04:00,0.0,0.4862604965754222,0.44787153601646423,0.44787153601646423,2025,0.0,0.0
1981-06-15 00:00:00-04:00,0.44787153601646423,0.44787153601646423,0.44787153601646423,0.44787153601646423,0,0.0,0.0
1981-06-16 00:00:00-04:00,0.0,0.4862604965754222,0.44787153601646423,0.44787153601646423,15525,0.0,0.0
1981-06-17 00:00:00-04:00,0.0,0.4862604965754222,0.44787153601646423,0.44787153601646423,4725,0.0,0.0
1981-06-18 00:00:00-04:00,0.44787153601646423,0.44787153601646423,0.44787153601646423,0.44787153601646423,0,0.0,0.0
1981-06-19 00:00:00-04:00,0.0,0.4862604965754222,0.44787153601646423,0.44787153601646423,2025,0.0,0.0
1981-06-22 00:00:00-04:00,0.44787153601646423,0.44787153601646423,0.44787153601646423,0.44787153601646423,0,0.0,0.0
1981-06-23 00:00:00-04:00,0.44787153601646423,0.44787153601646423,0.44787153601646423,0.44787153601646423,0,0.0,0.0
1981-06-24 00:00:00-04:00,0.0,0.4862604965754222,0.44787153601646423,0.44787153601646423,3375,0.0,0.0
1981-06-25 00:00:00-04:00,0.44787153601646423,0.44787153601646423,0.44787153601646423,0.44787153601646423,0,0.0,0.0
1981-06-26 00:00:00-04:00,0.44787153601646423,0.44787153601646423,0.44787153601646423,0.44787153601646423,0,0.0,0.0
1981-06-29 00:00:00-04:00,0.0,0.4862604965754222,0.44787153601646423,0.44787153601646423,2025,0.0,0.0
1981-06-30 00:00:00-04:00,0.0,0.4862604965754222,0.44787153601646423,0.44787153601646423,8775,0.0,0.0
1981-07-01 00:00:00-04:00,0.44787153601646423,0.44787153601646423,0.44787153601646423,0.44787153601646423,0,0.0,0.0
1981-07-02 00:00:00-04:00,0.0,0.4862604965754222,0.44787153601646423,0.44787153601646423,1350,0.0,0.0
1981-07-06 00:00:00-04:00,0.0,0.4862604965754222,0.44787153601646423,0.44787153601646423,3375,0.0,0.0
1981-07-07 00:00:00-04:00,0.0,0.4862604965754222,0.44787153601646423,0.44787153601646423,10800,0.0,0.0
1981-07-08 00:00:00-04:00,0.44787153601646423,0.44787153601646423,0.44787153601646423,0.44787153601646423,0,0.0,0.0
1981-07-09 00:00:00-04:00,0.0,0.4862604965754222,0.44787153601646423,0.44787153601646423,2025,0.0,0.0
1981-07-10 00:00:00-04:00,0.0,0.4862604965754222,0.44787153601646423,0.44787153601646423,6750,0.0,0.0
1981-07-13 00:00:00-04:00,0.0,0.4862604965754222,0.44787153601646423,0.44787153601646423,6750,0.0,0.0
1981-07-14 00:00:00-04:00,0.0,0.4862604965754222,0.44787153601646423,0.44787153601646423,3375,0.0,0.0
1981-07-15 00:00:00-04:00,0.0,0.4862604965754222,0.44787153601646423,0.44787153601646423,3375,0.0,0.0
1981-07-16 00:00:00-04:00,0.0,0.4862604965754222,0.44787153601646423,0.44787153601646423,10800,0.0,0.0
1981-07-17 00:00:00-04:00,0.44787153601646423,0.44787153601646423,0.44787153601646423,0.44787153601646423,0,0.0,0.0
1981-07-20 00:00:00-04:00,0.0,0.4862604965754222,0.44787153601646423,0.44787153601646423,1350,0.0,0.0
1981-07-21 00:00:00-04:00,0.44787153601646423,0.44787153601646423,0.44787153601646423,0.44787153601646423,0,0.0,0.0
1981-07-22 00:00:00-04:00,0.0,0.4862604965754222,0.44787153601646423,0.44787153601646423,2025,0.0,0.0
1981-07-23 00:00:00-04:00,0.44787153601646423,0.44787153601646423,0.44787153601646423,0.44787153601646423,0,0.0,0.0
1981-07-24 00:00:00-04:00,0.0,0.4862604965754222,0.44787153601646423,0.44787153601646423,6750,0.0,0.0
1981-07-27 00:00:00-04:00,0.44787153601646423,0.44787153601646423,0.44787153601646423,0.44787153601646423,0,0.0,0.0
1981-07-28 00:00:00-04:00,0.0,0.4862604965754222,0.44787153601646423,0.44787153601646423,1350,0.0,0.0
1981-07-29 00:00:00-04:00,0.0,0.4862604965754222,0.44787153601646423,0.44787153601646423,1350,0.0,0.0
1981-07-30 00:00:00-04:00,0.0,0.4862604965754222,0.44787153601646423,0.44787153601646423,3375,0.0,0.0
1981-07-31 00:00:00-04:00,0.0,0.4862604965754222,0.44787153601646423,0.44787153601646423,8100,0.0,0.0
1981-08-03 00:00:00-04:00,0.0,0.4862604965754222,0.44787153601646423,0.44787153601646423,675,0.0,0.0
1981-08-04 00:00:00-04:00,0.44787153601646423,0.44787153601646423,0.44787153601646423,0.44787153601646423,0,0.0,0.0
1981-08-05 00:00:00-04:00,0.44787153601646423,0.44787153601646423,0.44787153601646423,0.44787153601646423,0,0.0,0.0
1981-08-06 00:00:00-04:00,0.44787153601646423,0.44787153601646423,0.44787153601646423,0.44787153601646423,0,0.0,0.0
1981-08-07 00:00:00-04:00,0.44787153601646423,0.44787153601646423,0.44787153601646423,0.44787153601646423,0,0.0,0.0
1981-08-10 00:00:00-04:00,0.44787153601646423,0.44787153601646423,0.44787153601646423,0.44787153601646423,0,0.0,0.0
1981-08-11 00:00:00-04:00,0.44787153601646423,0.44787153601646423,0.44787153601646423,0.44787153601646423,0,0.0,0.0
1981-08-12 00:00:00-04:00,0.0,0.4862604965754222,0.44787153601646423,0.44787153601646423,4050,0.0,0.0
1981-08-13 00:00:00-04:00,0.0,0.4862604965754222,0.44787153601646423,0.44787153601646423,12150,0.0,0.0
1981-08-14 00:00:00-04:00,0.44787153601646423,0.44787153601646423,0.44787153601646423,0.44787153601646423,0,0.0,0.0
1981-08-17 00:00:00-04:00,0.0,0.4862604965754222,0.44787153601646423,0.44787153601646423,2025,0.0,0.0
1981-08-18 00:00:00-04:00,0.44787153601646423,0.44787153601646423,0.44787153601646423,0.44787153601646423,0,0.0,0.0
1981-08-19 00:00:00-04:00,0.44787153601646423,0.44787153601646423,0.44787153601646423,0.44787153601646423,0,0.0,0.0
1981-08-20 00:00:00-04:00,0.44787153601646423,0.44787153601646423,0.44787153601646423,0.44787153601646423,0,0.0,0.0
1981-08-21 00:00:00-04:00,0.0,0.4862604965754222,0.44787153601646423,0.44787153601646423,16200,0.0,0.0
1981-08-24 00:00:00-04:00,0.0,0.4862604965754222,0.44787153601646423,0.44787153601646423,2025,0.0,0.0
1981-08-25 00:00:00-04:00,0.44787153601646423,0.44787153601646423,0.44787153601646423,0.44787153601646423,0,0.0,0.0
1981-08-26 00:00:00-04:00,0.44787153601646423,0.44787153601646423,0.44787153601646423,0.44787153601646423,0,0.0,0.0
1981-08-27 00:00:00-04:00,0.44787153601646423,0.44787153601646423,0.44787153601646423,0.44787153601646423,0,0.0,0.0
1981-08-28 00:00:00-04:00,0.44787153601646423,0.44787153601646423,0.44787153601646423,0.44787153601646423,0,0.0,0.0
1981-08-31 00:00:00-04:00,0.44787153601646423,0.44787153601646423,0.44787153601646423,0.44787153601646423,0,0.0,0.0
1981-09-01 00:00:00-04:00,0.44787153601646423,0.44787153601646423,0.44787153601646423,0.44787153601646423,0,0.0,0.0
1981-09-02 00:00:00-04:00,0.0,0.4862604965754222,0.44787153601646423,0.44787153601646423,675,0.0,0.0
1981-09-03 00:00:00-04:00,0.0,0.4862604965754222,0.44787153601646423,0.44787153601646423,1350,0.0,0.0
1981-09-04 00:00:00-04:00,0.0,0.4862604965754222,0.44787153601646423,0.44787153601646423,675,0.0,0.0
1981-09-08 00:00:00-04:00,0.44787153601646423,0.44787153601646423,0.44787153601646423,0.44787153601646423,0,0.0,0.0
1981-09-09 00:00:00-04:00,0.0,0.4862604965754222,0.44787153601646423,0.44787153601646423,1350,0.0,0.0
1981-09-10 00:00:00-04:00,0.0,0.4862604965754222,0.44787153601646423,0.44787153601646423,2700,0.0,0.0
1981-09-11 00:00:00-04:00,0.44787153601646423,0.44787153601646423,0.44787153601646423,0.44787153601646423,0,0.0,0.0
1981-09-14 00:00:00-04:00,0.44787153601646423,0.44787153601646423,0.44787153601646423,0.44787153601646423,0,0.0,0.0
1981-09-15 00:00:00-04:00,0.44787153601646423,0.44787153601646423,0.44787153601646423,0.44787153601646423,0,0.0,0.0
1981-09-16 00:00:00-04:00,0.0,0.4862604965754222,0.44787153601646423,0.44787153601646423,2025,0.0,0.0
1981-09-17 00:00:00-04:00,0.0,0.4862604965754222,0.44787153601646423,0.44787153601646423,16200,0.0,0.0
1981-09-18 00:00:00-04:00,0.0,0.4862604965754222,0.44787153601646423,0.44787153601646423,2025,0.0,0.0
1981-09-21 00:00:00-04:00,0.44787153601646423,0.44787153601646423,0.44787153601646423,0.44787153601646423,0,0.0,0.0
1981-09-22 00:00:00-04:00,0.44787153601646423,0.44787153601646423,0.44787153601646423,0.44787153601646423,0,0.0,0.0
1981-09-23 00:00:00-04:00,0.0,0.4606678011557181,0.43507516384124756,0.43507516384124756,4725,0.0,0.0
1981-09-24 00:00:00-04:00,0.43507516384124756,0.43507516384124756,0.43507516384124756,0.43507516384124756,0,0.0,0.0
1981-09-25 00:00:00-04:00,0.0,0.4606678574739161,0.4222787320613861,0.4222787320613861,2700,0.0,0.0
1981-09-28 00:00:00-04:00,0.0,0.43507516258977497,0.383889764547348,0.383889764547348,3375,0.0,0.0
1981-09-29 00:00:00-04:00,0.383889764547348,0.383889764547348,0.383889764547348,0.383889764547348,0,0.0,0.0
1981-09-30 00:00:00-04:00,0.383889764547348,0.383889764547348,0.383889764547348,0.383889764547348,0,0.0,0.0
1981-10-01 00:00:00-04:00,0.383889764547348,0.383889764547348,0.383889764547348,0.383889764547348,0,0.0,0.0
1981-10-02 00:00:00-04:00,0.383889764547348,0.383889764547348,0.383889764547348,0.383889764547348,0,0.0,0.0
1981-10-05 00:00:00-04:00,0.0,0.43507516258977497,0.383889764547348,0.383889764547348,1350,0.0,0.0
1981-10-06 00:00:00-04:00,0.0,0.43507516258977497,0.383889764547348,0.383889764547348,2025,0.0,0.0
1981-10-07 00:00:00-04:00,0.383889764547348,0.383889764547348,0.383889764547348,0.383889764547348,0,0.0,0.0
1981-10-08 00:00:00-04:00,0.383889764547348,0.383889764547348,0.383889764547348,0.383889764547348,0,0.0,0.0
1981-10-09 00:00:00-04:00,0.383889764547348,0.383889764547348,0.383889764547348,0.383889764547348,0,0.0,0.0
1981-10-12 00:00:00-04:00,0.383889764547348,0.383889764547348,0.383889764547348,0.383889764547348,0,0.0,0.0
1981-10-13 00:00:00-04:00,0.0,0.43507516258977497,0.383889764547348,0.383889764547348,2700,0.0,0.0
1981-10-14 00:00:00-04:00,0.383889764547348,0.383889764547348,0.383889764547348,0.383889764547348,0,0.0,0.0
1981-10-15 00:00:00-04:00,0.383889764547348,0.383889764547348,0.383889764547348,0.383889764547348,0,0.0,0.0
1981-10-16 00:00:00-04:00,0.383889764547348,0.383889764547348,0.383889764547348,0.383889764547348,0,0.0,0.0
1981-10-19 00:00:00-04:00,0.383889764547348,0.383889764547348,0.383889764547348,0.383889764547348,0,0.0,0.0
1981-10-20 00:00:00-04:00,0.383889764547348,0.383889764547348,0.383889764547348,0.383889764547348,0,0.0,0.0
1981-10-21 00:00:00-04:00,0.383889764547348,0.383889764547348,0.383889764547348,0.383889764547348,0,0.0,0.0
1981-10-22 00:00:00-04:00,0.0,0.4350750703814813,0.39668595790863037,0.39668595790863037,6750,0.0,0.0
1981-10-23 00:00:00-04:00,0.39668595790863037,0.39668595790863037,0.39668595790863037,0.39668595790863037,0,0.0,0.0
1981-10-26 00:00:00-05:00,0.0,0.4350750703814813,0.39668595790863037,0.39668595790863037,675,0.0,0.0
1981-10-27 00:00:00-05:00,0.0,0.4350750703814813,0.39668595790863037,0.39668595790863037,675,0.0,0.0
1981-10-28 00:00:00-05:00,0.0,0.4350750703814813,0.39668595790863037,0.39668595790863037,4725,0.0,0.0
1981-10-29 00:00:00-05:00,0.0,0.4350750703814813,0.39668595790863037,0.39668595790863037,675,0.0,0.0
1981-10-30 00:00:00-05:00,0.0,0.447871386289902,0.39668595790863037,0.39668595790863037,6750,0.0,0.0
1981-11-02 00:00:00-05:00,0.39668595790863037,0.39668595790863037,0.39668595790863037,0.39668595790863037,0,0.0,0.0
1981-11-03 00:00:00-05:00,0.0,0.447871386289902,0.39668595790863037,0.39668595790863037,2700,0.0,0.0
1981-11-04 00:00:00-05:00,0.39668595790863037,0.39668595790863037,0.39668595790863037,0.39668595790863037,0,0.0,0.0
1981-11-05 00:00:00-05:00,0.0,0.447871386289902,0.39668595790863037,0.39668595790863037,675,0.0,0.0
1981-11-06 00:00:00-05:00,0.0,0.447871386289902,0.39668595790863037,0.39668595790863037,1350,0.0,0.0
1981-11-09 00:00:00-05:00,0.0,0.447871386289902,0.39668595790863037,0.39668595790863037,2700,0.0,0.0
1981-11-10 00:00:00-05:00,0.39668595790863037,0.39668595790863037,0.39668595790863037,0.39668595790863037,0,0.0,0.0
1981-11-11 00:00:00-05:00,0.39668595790863037,0.39668595790863037,0.39668595790863037,0.39668595790863037,0,0.0,0.0
1981-11-12 00:00:00-05:00,0.39668595790863037,0.39668595790863037,0.39668595790863037,0.39668595790863037,0,0.0,0.0
1981-11-13 00:00:00-05:00,0.0,0.447871386289902,0.39668595790863037,0.39668595790863037,675,0.0,0.0
1981-11-16 00:00:00-05:00,0.0,0.447871386289902,0.39668595790863037,0.39668595790863037,675,0.0,0.0
1981-11-17 00:00:00-05:00,0.39668595790863037,0.39668595790863037,0.39668595790863037,0.39668595790863037,0,0.0,0.0
1981-11-18 00:00:00-05:00,0.0,0.447871386289902,0.39668595790863037,0.39668595790863037,2025,0.0,0.0
1981-11-19 00:00:00-05:00,0.0,0.4606680001918502,0.40948253870010376,0.40948253870010376,3375,0.0,0.0
1981-11-20 00:00:00-05:00,0.0,0.4606680001918502,0.40948253870010376,0.40948253870010376,675,0.0,0.0
1981-11-23 00:00:00-05:00,0.0,0.4606680001918502,0.40948253870010376,0.40948253870010376,7425,0.0,0.0
1981-11-24 00:00:00-05:00,0.0,0.4606680001918502,0.40948253870010376,0.40948253870010376,2025,0.0,0.0
1981-11-25 00:00:00-05:00,0.0,0.4606680001918502,0.40948253870010376,0.40948253870010376,4725,0.0,0.0
1981-11-27 00:00:00-05:00,0.40948253870010376,0.40948253870010376,0.40948253870010376,0.40948253870010376,0,0.0,0.0
1981-11-30 00:00:00-05:00,0.40948253870010376,0.40948253870010376,0.40948253870010376,0.40948253870010376,0,0.0,0.0
1981-12-01 00:00:00-05:00,0.0,0.4606680001918502,0.40948253870010376,0.40948253870010376,675,0.0,0.0
1981-12-02 00:00:00-05:00,0.0,0.4606680001918502,0.40948253870010376,0.40948253870010376,10125,0.0,0.0
1981-12-03 00:00:00-05:00,0.40948253870010376,0.40948253870010376,0.40948253870010376,0.40948253870010376,0,0.0,0.0
1981-12-04 00:00:00-05:00,0.40948253870010376,0.40948253870010376,0.40948253870010376,0.40948253870010376,0,0.0,0.0
1981-12-07 00:00:00-05:00,0.0,0.4606680001918502,0.40948253870010376,0.40948253870010376,2025,0.0,0.0
1981-12-08 00:00:00-05:00,0.40948253870010376,0.40948253870010376,0.40948253870010376,0.40948253870010376,0,0.0,0.0
1981-12-09 00:00:00-05:00,0.0,0.4606680001918502,0.40948253870010376,0.40948253870010376,1350,0.0,0.0
1981-12-10 00:00:00-05:00,0.0,0.4606680001918502,0.40948253870010376,0.40948253870010376,1350,0.0,0.0
1981-12-11 00:00:00-05:00,0.0,0.4606680001918502,0.40948253870010376,0.40948253870010376,1350,0.0,0.0
1981-12-14 00:00:00-05:00,0.40948253870010376,0.40948253870010376,0.40948253870010376,0.40948253870010376,0,0.0,0.0
1981-12-15 00:00:00-05:00,0.40948253870010376,0.40948253870010376,0.40948253870010376,0.40948253870010376,0,0.0,0.0
1981-12-16 00:00:00-05:00,0.40948253870010376,0.40948253870010376,0.40948253870010376,0.40948253870010376,0,0.0,0.0
1981-12-17 00:00:00-05:00,0.40948253870010376,0.40948253870010376,0.40948253870010376,0.40948253870010376,0,0.0,0.0
1981-12-18 00:00:00-05:00,0.0,0.4606680001918502,0.40948253870010376,0.40948253870010376,675,0.0,0.0
1981-12-21 00:00:00-05:00,0.0,0.4606680001918502,0.40948253870010376,0.40948253870010376,2025,0.0,0.0
1981-12-22 00:00:00-05:00,0.0,0.4606680001918502,0.40948253870010376,0.40948253870010376,1350,0.0,0.0
1981-12-23 00:00:00-05:00,0.0,0.4606680001918502,0.40948253870010376,0.40948253870010376,8100,0.0,0.0
1981-12-24 00:00:00-05:00,0.40948253870010376,0.40948253870010376,0.40948253870010376,0.40948253870010376,0,0.0,0.0
1981-12-28 00:00:00-05:00,0.0,0.4606680001918502,0.40948253870010376,0.40948253870010376,13500,0.0,0.0
1981-12-29 00:00:00-05:00,0.40948253870010376,0.40948253870010376,0.40948253870010376,0.40948253870010376,0,0.0,0.0
1981-12-30 00:00:00-05:00,0.0,0.4606680001918502,0.40948253870010376,0.40948253870010376,2700,0.0,0.0
1981-12-31 00:00:00-05:00,0.0,0.4606680001918502,0.40948253870010376,0.40948253870010376,675,0.0,0.0
1982-01-04 00:00:00-05:00,0.0,0.4606680001918502,0.40948253870010376,0.40948253870010376,2700,0.0,0.0
1982-01-05 00:00:00-05:00,0.40948253870010376,0.40948253870010376,0.40948253870010376,0.40948253870010376,0,0.0,0.0
1982-01-06 00:00:00-05:00,0.40948253870010376,0.40948253870010376,0.40948253870010376,0.40948253870010376,0,0.0,0.0
1982-01-07 00:00:00-05:00,0.40948253870010376,0.40948253870010376,0.40948253870010376,0.40948253870010376,0,0.0,0.0
1982-01-08 00:00:00-05:00,0.0,0.4606680001918502,0.40948253870010376,0.40948253870010376,4725,0.0,0.0
1982-01-11 00:00:00-05:00,0.0,0.4606680001918502,0.40948253870010376,0.40948253870010376,3375,0.0,0.0
1982-01-12 00:00:00-05:00,0.40948253870010376,0.40948253870010376,0.40948253870010376,0.40948253870010376,0,0.0,0.0
1982-01-13 00:00:00-05:00,0.0,0.4734641776955446,0.4222787320613861,0.4222787320613861,13500,0.0,0.0
1982-01-14 00:00:00-05:00,0.4222787320613861,0.4222787320613861,0.4222787320613861,0.4222787320613861,0,0.0,0.0
1982-01-15 00:00:00-05:00,0.4222787320613861,0.4222787320613861,0.4222787320613861,0.4222787320613861,0,0.0,0.0
1982-01-18 00:00:00-05:00,0.0,0.47346411981295333,0.43507516384124756,0.43507516384124756,6075,0.0,0.0
1982-01-19 00:00:00-05:00,0.0,0.47346411981295333,0.43507516384124756,0.43507516384124756,675,0.0,0.0
1982-01-20 00:00:00-05:00,0.0,0.47346411981295333,0.43507516384124756,0.43507516384124756,5400,0.0,0.0
1982-01-21 00:00:00-05:00,0.0,0.47346407848240674,0.4414733052253723,0.4414733052253723,2700,0.0,0.0
1982-01-22 00:00:00-05:00,0.4414733052253723,0.4414733052253723,0.4414733052253723,0.4414733052253723,0,0.0,0.0
1982-01-25 00:00:00-05:00,0.4414733052253723,0.4414733052253723,0.4414733052253723,0.4414733052253723,0,0.0,0.0
1982-01-26 00:00:00-05:00,0.0,0.48626039602260096,0.4414733052253723,0.4414733052253723,3375,0.0,0.0
1982-01-27 00:00:00-05:00,0.4414733052253723,0.4414733052253723,0.4414733052253723,0.4414733052253723,0,0.0,0.0
1982-01-28 00:00:00-05:00,0.0,0.4862604965754222,0.44787153601646423,0.44787153601646423,1350,0.0,0.0
1982-01-29 00:00:00-05:00,0.0,0.4862604965754222,0.44787153601646423,0.44787153601646423,675,0.0,0.0
1982-02-01 00:00:00-05:00,0.44787153601646423,0.44787153601646423,0.44787153601646423,0.44787153601646423,0,0.0,0.0
1982-02-02 00:00:00-05:00,0.0,0.4862604965754222,0.44787153601646423,0.44787153601646423,675,0.0,0.0
1982-02-03 00:00:00-05:00,0.44787153601646423,0.44787153601646423,0.44787153601646423,0.44787153601646423,0,0.0,0.0
1982-02-04 00:00:00-05:00,0.0,0.4862604965754222,0.44787153601646423,0.44787153601646423,1350,0.0,0.0
1982-02-05 00:00:00-05:00,0.44787153601646423,0.44787153601646423,0.44787153601646423,0.44787153601646423,0,0.0,0.0
1982-02-08 00:00:00-05:00,0.0,0.4862604965754222,0.44787153601646423,0.44787153601646423,7425,0.0,0.0
1982-02-09 00:00:00-05:00,0.0,0.4862604965754222,0.44787153601646423,0.44787153601646423,20925,0.0,0.0
1982-02-10 00:00:00-05:00,0.0,0.4862604226040802,0.4542696475982666,0.4542696475982666,9450,0.0,0.0
1982-02-11 00:00:00-05:00,0.4542696475982666,0.4542696475982666,0.4542696475982666,0.4542696475982666,0,0.0,0.0
1982-02-12 00:00:00-05:00,0.0,0.4862604965754222,0.44787153601646423,0.44787153601646423,2700,0.0,0.0
1982-02-16 00:00:00-05:00,0.44787153601646423,0.44787153601646423,0.44787153601646423,0.44787153601646423,0,0.0,0.0
1982-02-17 00:00:00-05:00,0.44787153601646423,0.44787153601646423,0.44787153601646423,0.44787153601646423,0,0.0,0.0
1982-02-18 00:00:00-05:00,0.0,0.4862604965754222,0.44787153601646423,0.44787153601646423,2025,0.0,0.0
1982-02-19 00:00:00-05:00,0.0,0.4862604965754222,0.44787153601646423,0.44787153601646423,8100,0.0,0.0
1982-02-22 00:00:00-05:00,0.0,0.4862604965754222,0.44787153601646423,0.44787153601646423,675,0.0,0.0
1982-02-23 00:00:00-05:00,0.0,0.4862604965754222,0.44787153601646423,0.44787153601646423,1350,0.0,0.0
1982-02-24 00:00:00-05:00,0.44787153601646423,0.44787153601646423,0.44787153601646423,0.44787153601646423,0,0.0,0.0
1982-02-25 00:00:00-05:00,0.44787153601646423,0.44787153601646423,0.44787153601646423,0.44787153601646423,0,0.0,0.0
1982-02-26 00:00:00-05:00,0.44787153601646423,0.44787153601646423,0.44787153601646423,0.44787153601646423,0,0.0,0.0
1982-03-01 00:00:00-05:00,0.0,0.4862604965754222,0.44787153601646423,0.44787153601646423,3375,0.0,0.0
1982-03-02 00:00:00-05:00,0.0,0.4862604965754222,0.44787153601646423,0.44787153601646423,10800,0.0,0.0
1982-03-03 00:00:00-05:00,0.44787153601646423,0.44787153601646423,0.44787153601646423,0.44787153601646423,0,0.0,0.0
1982-03-04 00:00:00-05:00,0.0,0.511852862731779,0.47346392273902893,0.47346392273902893,12150,0.0,0.0
1982-03-05 00:00:00-05:00,0.47346392273902893,0.47346392273902893,0.47346392273902893,0.47346392273902893,0,0.0,0.0
1982-03-08 00:00:00-05:00,0.0,0.511852862731779,0.47346392273902893,0.47346392273902893,3375,0.0,0.0
1982-03-09 00:00:00-05:00,0.0,0.511852862731779,0.47346392273902893,0.47346392273902893,1350,0.0,0.0
1982-03-10 00:00:00-05:00,0.0,0.511852862731779,0.47346392273902893,0.47346392273902893,6750,0.0,0.0
1982-03-11 00:00:00-05:00,0.47346392273902893,0.47346392273902893,0.47346392273902893,0.47346392273902893,0,0.0,0.0
1982-03-12 00:00:00-05:00,0.0,0.5246491348758068,0.47346392273902893,0.47346392273902893,675,0.0,0.0
1982-03-15 00:00:00-05:00,0.47346392273902893,0.47346392273902893,0.47346392273902893,0.47346392273902893,0,0.0,0.0
1982-03-16 00:00:00-05:00,0.47346392273902893,0.47346392273902893,0.47346392273902893,0.47346392273902893,0,0.0,0.0
1982-03-17 00:00:00-05:00,0.47346392273902893,0.47346392273902893,0.47346392273902893,0.47346392273902893,0,0.0,0.0
1982-03-18 00:00:00-05:00,0.0,0.5246491348758068,0.47346392273902893,0.47346392273902893,675,0.0,0.0
1982-03-19 00:00:00-05:00,0.0,0.5246491348758068,0.47346392273902893,0.47346392273902893,6750,0.0,0.0
1982-03-22 00:00:00-05:00,0.0,0.5246494013546694,0.47986230254173284,0.4798623025417328,12825,0.0,0.0
1982-03-23 00:00:00-05:00,0.0,0.5246494013546694,0.47986230254173284,0.4798623025417328,1350,0.0,0.0
1982-03-24 00:00:00-05:00,0.47986230254173284,0.47986230254173284,0.47986230254173284,0.4798623025417328,0,0.0,0.0
1982-03-25 00:00:00-05:00,0.47986230254173284,0.47986230254173284,0.47986230254173284,0.4798623025417328,0,0.0,0.0
1982-03-26 00:00:00-05:00,0.47986230254173284,0.47986230254173284,0.47986230254173284,0.4798623025417328,0,0.0,0.0
1982-03-29 00:00:00-05:00,0.47986230254173284,0.47986230254173284,0.47986230254173284,0.4798623025417328,0,0.0,0.0
1982-03-30 00:00:00-05:00,0.47986230254173284,0.47986230254173284,0.47986230254173284,0.4798623025417328,0,0.0,0.0
1982-03-31 00:00:00-05:00,0.0,0.5246494013546694,0.47986230254173284,0.4798623025417328,2700,0.0,0.0
1982-04-01 00:00:00-05:00,0.47986230254173284,0.47986230254173284,0.47986230254173284,0.4798623025417328,0,0.0,0.0
1982-04-02 00:00:00-05:00,0.0,0.5246494013546694,0.47986230254173284,0.4798623025417328,8775,0.0,0.0
1982-04-05 00:00:00-05:00,0.47986230254173284,0.47986230254173284,0.47986230254173284,0.4798623025417328,0,0.0,0.0
1982-04-06 00:00:00-05:00,0.0,0.5246494013546694,0.47986230254173284,0.4798623025417328,9450,0.0,0.0
1982-04-07 00:00:00-05:00,0.0,0.5246494013546694,0.47986230254173284,0.4798623025417328,2025,0.0,0.0
1982-04-08 00:00:00-05:00,0.0,0.5246494013546694,0.47986230254173284,0.4798623025417328,4050,0.0,0.0
1982-04-12 00:00:00-05:00,0.0,0.5246494013546694,0.47986230254173284,0.4798623025417328,2700,0.0,0.0
1982-04-13 00:00:00-05:00,0.47986230254173284,0.47986230254173284,0.47986230254173284,0.4798623025417328,0,0.0,0.0
1982-04-14 00:00:00-05:00,0.0,0.5246494013546694,0.47986230254173284,0.4798623025417328,2025,0.0,0.0
1982-04-15 00:00:00-05:00,0.0,0.5246494013546694,0.47986230254173284,0.4798623025417328,2025,0.0,0.0
1982-04-16 00:00:00-05:00,0.47986230254173284,0.47986230254173284,0.47986230254173284,0.4798623025417328,0,0.0,0.0
1982-04-19 00:00:00-05:00,0.47986230254173284,0.47986230254173284,0.47986230254173284,0.4798623025417328,0,0.0,0.0
1982-04-20 00:00:00-05:00,0.47986230254173284,0.47986230254173284,0.47986230254173284,0.4798623025417328,0,0.0,0.0
1982-04-21 00:00:00-05:00,0.0,0.5246494013546694,0.47986230254173284,0.4798623025417328,1350,0.0,0.0
1982-04-22 00:00:00-05:00,0.47986230254173284,0.47986230254173284,0.47986230254173284,0.4798623025417328,0,0.0,0.0
1982-04-23 00:00:00-05:00,0.0,0.5246494013546694,0.47986230254173284,0.4798623025417328,675,0.0,0.0
1982-04-26 00:00:00-04:00,0.47986230254173284,0.47986230254173284,0.47986230254173284,0.4798623025417328,0,0.0,0.0
1982-04-27 00:00:00-04:00,0.0,0.5246494013546694,0.47986230254173284,0.4798623025417328,2700,0.0,0.0
1982-04-28 00:00:00-04:00,0.47986230254173284,0.47986230254173284,0.47986230254173284,0.4798623025417328,0,0.0,0.0
1982-04-29 00:00:00-04:00,0.0,0.5246494013546694,0.47986230254173284,0.4798623025417328,1350,0.0,0.0
1982-04-30 00:00:00-04:00,0.47986230254173284,0.47986230254173284,0.47986230254173284,0.4798623025417328,0,0.0,0.0
1982-05-03 00:00:00-04:00,0.0,0.5246494013546694,0.47986230254173284,0.4798623025417328,1350,0.0,0.0
1982-05-04 00:00:00-04:00,0.47986230254173284,0.47986230254173284,0.47986230254173284,0.4798623025417328,0,0.0,0.0
1982-05-05 00:00:00-04:00,0.0,0.5246494013546694,0.47986230254173284,0.4798623025417328,4050,0.0,0.0
1982-05-06 00:00:00-04:00,0.0,0.5246494013546694,0.47986230254173284,0.4798623025417328,12825,0.0,0.0
1982-05-07 00:00:00-04:00,0.47986230254173284,0.47986230254173284,0.47986230254173284,0.4798623025417328,0,0.0,0.0
1982-05-10 00:00:00-04:00,0.47986230254173284,0.47986230254173284,0.47986230254173284,0.4798623025417328,0,0.0,0.0
1982-05-11 00:00:00-04:00,0.0,0.5246494013546694,0.47986230254173284,0.4798623025417328,4725,0.0,0.0
1982-05-12 00:00:00-04:00,0.0,0.5246494013546694,0.47986230254173284,0.4798623025417328,2025,0.0,0.0
1982-05-13 00:00:00-04:00,0.47986230254173284,0.47986230254173284,0.47986230254173284,0.4798623025417328,0,0.0,0.0
1982-05-14 00:00:00-04:00,0.47986230254173284,0.47986230254173284,0.47986230254173284,0.4798623025417328,0,0.0,0.0
1982-05-17 00:00:00-04:00,0.47986230254173284,0.47986230254173284,0.47986230254173284,0.4798623025417328,0,0.0,0.0
1982-05-18 00:00:00-04:00,0.0,0.5246493912965005,0.48626047372817993,0.48626047372817993,9450,0.0,0.0
1982-05-19 00:00:00-04:00,0.0,0.5246493912965005,0.48626047372817993,0.48626047372817993,8100,0.0,0.0
1982-05-20 00:00:00-04:00,0.0,0.5246494013546694,0.47986230254173284,0.4798623025417328,8100,0.0,0.0
1982-05-21 00:00:00-04:00,0.0,0.5246494013546694,0.47986230254173284,0.4798623025417328,4725,0.0,0.0
1982-05-24 00:00:00-04:00,0.47986230254173284,0.47986230254173284,0.47986230254173284,0.4798623025417328,0,0.0,0.0
1982-05-25 00:00:00-04:00,0.0,0.5182509988037929,0.47346392273902893,0.47346392273902893,55350,0.0,0.0
1982-05-26 00:00:00-04:00,0.0,0.5182509988037929,0.47346392273902893,0.47346392273902893,3375,0.0,0.0
1982-05-27 00:00:00-04:00,0.47346392273902893,0.47346392273902893,0.47346392273902893,0.47346392273902893,0,0.0,0.0
1982-05-28 00:00:00-04:00,0.0,0.5182513566611116,0.46706610918045044,0.46706610918045044,3375,0.0,0.0
1982-06-01 00:00:00-04:00,0.0,0.5182513566611116,0.46706610918045044,0.46706610918045044,4725,0.0,0.0
1982-06-02 00:00:00-04:00,0.0,0.5118532161711229,0.46706610918045044,0.46706610918045044,8775,0.0,0.0
1982-06-03 00:00:00-04:00,0.0,0.5118532161711229,0.46706610918045044,0.46706610918045044,6750,0.0,0.0
1982-06-04 00:00:00-04:00,0.0,0.5118532161711229,0.46706610918045044,0.46706610918045044,4050,0.0,0.0
1982-06-07 00:00:00-04:00,0.0,0.5118532161711229,0.46706610918045044,0.46706610918045044,1350,0.0,0.0
1982-06-08 00:00:00-04:00,0.0,0.5118532161711229,0.46706610918045044,0.46706610918045044,13500,0.0,0.0
1982-06-09 00:00:00-04:00,0.0,0.5118532161711229,0.46706610918045044,0.46706610918045044,8100,0.0,0.0
1982-06-10 00:00:00-04:00,0.0,0.5118532161711229,0.46706610918045044,0.46706610918045044,6750,0.0,0.0
1982-06-11 00:00:00-04:00,0.46706610918045044,0.46706610918045044,0.46706610918045044,0.46706610918045044,0,0.0,0.0
1982-06-14 00:00:00-04:00,0.46706610918045044,0.46706610918045044,0.46706610918045044,0.46706610918045044,0,0.0,0.0
1982-06-15 00:00:00-04:00,0.0,0.4990568085113489,0.4606678485870361,0.46066784858703613,18225,0.0,0.0
1982-06-16 00:00:00-04:00,0.4606678485870361,0.4606678485870361,0.4606678485870361,0.46066784858703613,0,0.0,0.0
1982-06-17 00:00:00-04:00,0.4606678485870361,0.4606678485870361,0.4606678485870361,0.46066784858703613,0,0.0,0.0
1982-06-18 00:00:00-04:00,0.0,0.4990568085113489,0.4606678485870361,0.46066784858703613,1350,0.0,0.0
1982-06-21 00:00:00-04:00,0.0,0.4990568167617415,0.44787153601646423,0.44787153601646423,2700,0.0,0.0
1982-06-22 00:00:00-04:00,0.44787153601646423,0.44787153601646423,0.44787153601646423,0.44787153601646423,0,0.0,0.0
1982-06-23 00:00:00-04:00,0.44787153601646423,0.44787153601646423,0.44787153601646423,0.44787153601646423,0,0.0,0.0
1982-06-24 00:00:00-04:00,0.44787153601646423,0.44787153601646423,0.44787153601646423,0.44787153601646423,0,0.0,0.0
1982-06-25 00:00:00-04:00,0.44787153601646423,0.44787153601646423,0.44787153601646423,0.44787153601646423,0,0.0,0.0
1982-06-28 00:00:00-04:00,0.44787153601646423,0.44787153601646423,0.44787153601646423,0.44787153601646423,0,0.0,0.0
1982-06-29 00:00:00-04:00,0.0,0.48626039602260096,0.4414733052253723,0.4414733052253723,2700,0.0,0.0
1982-06-30 00:00:00-04:00,0.0,0.473463870939261,0.42867663502693176,0.42867663502693176,8100,0.0,0.0
1982-07-01 00:00:00-04:00,0.42867663502693176,0.42867663502693176,0.42867663502693176,0.42867663502693176,0,0.0,0.0
1982-07-02 00:00:00-04:00,0.42867663502693176,0.42867663502693176,0.42867663502693176,0.42867663502693176,0,0.0,0.0
1982-07-06 00:00:00-04:00,0.0,0.473463870939261,0.42867663502693176,0.42867663502693176,12825,0.0,0.0
1982-07-07 00:00:00-04:00,0.0,0.46066785540611316,0.41588059067726135,0.41588059067726135,8775,0.0,0.0
1982-07-08 00:00:00-04:00,0.0,0.447871386289902,0.39668595790863037,0.39668595790863037,675,0.0,0.0
1982-07-09 00:00:00-04:00,0.0,0.44787167600583744,0.40948253870010376,0.40948253870010376,14175,0.0,0.0
1982-07-12 00:00:00-04:00,0.0,0.4542698586923058,0.40948253870010376,0.40948253870010376,675,0.0,0.0
1982-07-13 00:00:00-04:00,0.0,0.4542698586923058,0.40948253870010376,0.40948253870010376,2025,0.0,0.0
1982-07-14 00:00:00-04:00,0.0,0.44787167600583744,0.40948253870010376,0.40948253870010376,1350,0.0,0.0
1982-07-15 00:00:00-04:00,0.0,0.44787167600583744,0.40948253870010376,0.40948253870010376,2700,0.0,0.0
1982-07-16 00:00:00-04:00,0.0,0.44787167600583744,0.40948253870010376,0.40948253870010376,2025,0.0,0.0
1982-07-19 00:00:00-04:00,0.40948253870010376,0.40948253870010376,0.40948253870010376,0.40948253870010376,0,0.0,0.0
1982-07-20 00:00:00-04:00,0.40948253870010376,0.40948253870010376,0.40948253870010376,0.40948253870010376,0,0.0,0.0
1982-07-21 00:00:00-04:00,0.0,0.44787167600583744,0.40948253870010376,0.40948253870010376,2700,0.0,0.0
1982-07-22 00:00:00-04:00,0.40948253870010376,0.40948253870010376,0.40948253870010376,0.40948253870010376,0,0.0,0.0
1982-07-23 00:00:00-04:00,0.0,0.447871386289902,0.39668595790863037,0.39668595790863037,4050,0.0,0.0
1982-07-26 00:00:00-04:00,0.0,0.4350750703814813,0.39668595790863037,0.39668595790863037,2700,0.0,0.0
1982-07-27 00:00:00-04:00,0.0,0.4350750703814813,0.39668595790863037,0.39668595790863037,675,0.0,0.0
1982-07-28 00:00:00-04:00,0.0,0.4350750703814813,0.39668595790863037,0.39668595790863037,6750,0.0,0.0
1982-07-29 00:00:00-04:00,0.0,0.4350750703814813,0.39668595790863037,0.39668595790863037,3375,0.0,0.0
1982-07-30 00:00:00-04:00,0.39668595790863037,0.39668595790863037,0.39668595790863037,0.39668595790863037,0,0.0,0.0
1982-08-02 00:00:00-04:00,0.0,0.4350750703814813,0.39668595790863037,0.39668595790863037,1350,0.0,0.0
1982-08-03 00:00:00-04:00,0.0,0.4350750703814813,0.39668595790863037,0.39668595790863037,675,0.0,0.0
1982-08-04 00:00:00-04:00,0.0,0.4350750703814813,0.39668595790863037,0.39668595790863037,3375,0.0,0.0
1982-08-05 00:00:00-04:00,0.39668595790863037,0.39668595790863037,0.39668595790863037,0.39668595790863037,0,0.0,0.0
1982-08-06 00:00:00-04:00,0.39668595790863037,0.39668595790863037,0.39668595790863037,0.39668595790863037,0,0.0,0.0
1982-08-09 00:00:00-04:00,0.39668595790863037,0.39668595790863037,0.39668595790863037,0.39668595790863037,0,0.0,0.0
1982-08-10 00:00:00-04:00,0.0,0.4350750703814813,0.39668595790863037,0.39668595790863037,9450,0.0,0.0
1982-08-11 00:00:00-04:00,0.0,0.4350750703814813,0.39668595790863037,0.39668595790863037,675,0.0,0.0
1982-08-12 00:00:00-04:00,0.0,0.4350750703814813,0.39668595790863037,0.39668595790863037,7425,0.0,0.0
1982-08-13 00:00:00-04:00,0.39668595790863037,0.39668595790863037,0.39668595790863037,0.39668595790863037,0,0.0,0.0
1982-08-16 00:00:00-04:00,0.0,0.4350750703814813,0.39668595790863037,0.39668595790863037,3375,0.0,0.0
1982-08-17 00:00:00-04:00,0.39668595790863037,0.39668595790863037,0.39668595790863037,0.39668595790863037,0,0.0,0.0
1982-08-18 00:00:00-04:00,0.39668595790863037,0.39668595790863037,0.39668595790863037,0.39668595790863037,0,0.0,0.0
1982-08-19 00:00:00-04:00,0.0,0.4350750703814813,0.39668595790863037,0.39668595790863037,7425,0.0,0.0
1982-08-20 00:00:00-04:00,0.0,0.4350750703814813,0.39668595790863037,0.39668595790863037,8100,0.0,0.0
1982-08-23 00:00:00-04:00,0.0,0.4350750703814813,0.39668595790863037,0.39668595790863037,675,0.0,0.0
1982-08-24 00:00:00-04:00,0.39668595790863037,0.39668595790863037,0.39668595790863037,0.39668595790863037,0,0.0,0.0
1982-08-25 00:00:00-04:00,0.39668595790863037,0.39668595790863037,0.39668595790863037,0.39668595790863037,0,0.0,0.0
1982-08-26 00:00:00-04:00,0.0,0.4350750703814813,0.39668595790863037,0.39668595790863037,675,0.0,0.0
1982-08-27 00:00:00-04:00,0.0,0.4350750703814813,0.39668595790863037,0.39668595790863037,675,0.0,0.0
1982-08-30 00:00:00-04:00,0.39668595790863037,0.39668595790863037,0.39668595790863037,0.39668595790863037,0,0.0,0.0
1982-08-31 00:00:00-04:00,0.39668595790863037,0.39668595790863037,0.39668595790863037,0.39668595790863037,0,0.0,0.0
1982-09-01 00:00:00-04:00,0.0,0.4350750703814813,0.39668595790863037,0.39668595790863037,675,0.0,0.0
1982-09-02 00:00:00-04:00,0.39668595790863037,0.39668595790863037,0.39668595790863037,0.39668595790863037,0,0.0,0.0
1982-09-03 00:00:00-04:00,0.39668595790863037,0.39668595790863037,0.39668595790863037,0.39668595790863037,0,0.0,0.0
1982-09-07 00:00:00-04:00,0.0,0.4094823606012966,0.383889764547348,0.383889764547348,2025,0.0,0.0
1982-09-08 00:00:00-04:00,0.383889764547348,0.383889764547348,0.383889764547348,0.383889764547348,0,0.0,0.0
1982-09-09 00:00:00-04:00,0.0,0.40948234371961695,0.3646952509880066,0.3646952509880066,4050,0.0,0.0
1982-09-10 00:00:00-04:00,0.0,0.40948234371961695,0.3646952509880066,0.3646952509880066,1350,0.0,0.0
1982-09-13 00:00:00-04:00,0.0,0.40948234371961695,0.3646952509880066,0.3646952509880066,675,0.0,0.0
1982-09-14 00:00:00-04:00,0.0,0.40948234371961695,0.3646952509880066,0.3646952509880066,2025,0.0,0.0
1982-09-15 00:00:00-04:00,0.0,0.4158804804866713,0.37109339237213135,0.37109339237213135,675,0.0,0.0
1982-09-16 00:00:00-04:00,0.0,0.4158804804866713,0.37109339237213135,0.37109339237213135,675,0.0,0.0
1982-09-17 00:00:00-04:00,0.0,0.4094823015063656,0.37109339237213135,0.37109339237213135,1350,0.0,0.0
1982-09-20 00:00:00-04:00,0.0,0.4094823015063656,0.37109339237213135,0.37109339237213135,1350,0.0,0.0
1982-09-21 00:00:00-04:00,0.37109339237213135,0.37109339237213135,0.37109339237213135,0.37109339237213135,0,0.0,0.0
1982-09-22 00:00:00-04:00,0.37109339237213135,0.37109339237213135,0.37109339237213135,0.37109339237213135,0,0.0,0.0
1982-09-23 00:00:00-04:00,0.37109339237213135,0.37109339237213135,0.37109339237213135,0.37109339237213135,0,0.0,0.0
1982-09-24 00:00:00-04:00,0.0,0.4222785897254717,0.39668595790863037,0.39668595790863037,3375,0.0,0.0
1982-09-27 00:00:00-04:00,0.0,0.4222785897254717,0.39668595790863037,0.39668595790863037,1350,0.0,0.0
1982-09-28 00:00:00-04:00,0.39668595790863037,0.39668595790863037,0.39668595790863037,0.39668595790863037,0,0.0,0.0
1982-09-29 00:00:00-04:00,0.0,0.4222785897254717,0.39668595790863037,0.39668595790863037,6750,0.0,0.0
1982-09-30 00:00:00-04:00,0.39668595790863037,0.39668595790863037,0.39668595790863037,0.39668595790863037,0,0.0,0.0
1982-10-01 00:00:00-04:00,0.0,0.4222785897254717,0.39668595790863037,0.39668595790863037,1350,0.0,0.0
1982-10-04 00:00:00-04:00,0.39668595790863037,0.39668595790863037,0.39668595790863037,0.39668595790863037,0,0.0,0.0
1982-10-05 00:00:00-04:00,0.0,0.4862604965754222,0.44787153601646423,0.44787153601646423,10125,0.0,0.0
1982-10-06 00:00:00-04:00,0.44787153601646423,0.44787153601646423,0.44787153601646423,0.44787153601646423,0,0.0,0.0
1982-10-07 00:00:00-04:00,0.0,0.4862604965754222,0.44787153601646423,0.44787153601646423,2025,0.0,0.0
1982-10-08 00:00:00-04:00,0.0,0.4862604965754222,0.44787153601646423,0.44787153601646423,675,0.0,0.0
1982-10-11 00:00:00-04:00,0.44787153601646423,0.44787153601646423,0.44787153601646423,0.44787153601646423,0,0.0,0.0
1982-10-12 00:00:00-04:00,0.44787153601646423,0.44787153601646423,0.44787153601646423,0.44787153601646423,0,0.0,0.0
1982-10-13 00:00:00-04:00,0.0,0.4862604965754222,0.44787153601646423,0.44787153601646423,675,0.0,0.0
1982-10-14 00:00:00-04:00,0.44787153601646423,0.44787153601646423,0.44787153601646423,0.44787153601646423,0,0.0,0.0
1982-10-15 00:00:00-04:00,0.44787153601646423,0.44787153601646423,0.44787153601646423,0.44787153601646423,0,0.0,0.0
1982-10-18 00:00:00-04:00,0.44787153601646423,0.44787153601646423,0.44787153601646423,0.44787153601646423,0,0.0,0.0
1982-10-19 00:00:00-04:00,0.44787153601646423,0.44787153601646423,0.44787153601646423,0.44787153601646423,0,0.0,0.0
1982-10-20 00:00:00-04:00,0.44787153601646423,0.44787153601646423,0.44787153601646423,0.44787153601646423,0,0.0,0.0
1982-10-21 00:00:00-04:00,0.44787153601646423,0.44787153601646423,0.44787153601646423,0.44787153601646423,0,0.0,0.0
1982-10-22 00:00:00-04:00,0.44787153601646423,0.44787153601646423,0.44787153601646423,0.44787153601646423,0,0.0,0.0
1982-10-25 00:00:00-04:00,0.0,0.49905689400422826,0.46706610918045044,0.46706610918045044,8775,0.0,0.0
1982-10-26 00:00:00-04:00,0.0,0.4990568028807841,0.47986230254173284,0.4798623025417328,18225,0.0,0.0
1982-10-27 00:00:00-04:00,0.0,0.511853112898333,0.48626047372817993,0.48626047372817993,10800,0.0,0.0
1982-10-28 00:00:00-04:00,0.0,0.5310476704115366,0.4926587045192719,0.49265870451927185,10125,0.0,0.0
1982-10-29 00:00:00-04:00,0.0,0.5374458108001223,0.4926587045192719,0.49265870451927185,675,0.0,0.0
1982-11-01 00:00:00-05:00,0.0,0.5374458108001223,0.4926587045192719,0.49265870451927185,4725,0.0,0.0
1982-11-02 00:00:00-05:00,0.4926587045192719,0.4926587045192719,0.4926587045192719,0.49265870451927185,0,0.0,0.0
1982-11-03 00:00:00-05:00,0.0,0.5310475716824932,0.48626047372817993,0.48626047372817993,1350,0.0,0.0
1982-11-04 00:00:00-05:00,0.0,0.5310475716824932,0.48626047372817993,0.48626047372817993,1350,0.0,0.0
1982-11-05 00:00:00-05:00,0.0,0.5310475716824932,0.48626047372817993,0.48626047372817993,675,0.0,0.0
1982-11-08 00:00:00-05:00,0.0,0.5310475716824932,0.48626047372817993,0.48626047372817993,7425,0.0,0.0
1982-11-09 00:00:00-05:00,0.0,0.5310475716824932,0.48626047372817993,0.48626047372817993,2700,0.0,0.0
1982-11-10 00:00:00-05:00,0.0,0.537445710881577,0.48626047372817993,0.48626047372817993,1350,0.0,0.0
1982-11-11 00:00:00-05:00,0.48626047372817993,0.48626047372817993,0.48626047372817993,0.48626047372817993,0,0.0,0.0
1982-11-12 00:00:00-05:00,0.0,0.537445710881577,0.48626047372817993,0.48626047372817993,6750,0.0,0.0
1982-11-15 00:00:00-05:00,0.48626047372817993,0.48626047372817993,0.48626047372817993,0.48626047372817993,0,0.0,0.0
1982-11-16 00:00:00-05:00,0.48626047372817993,0.48626047372817993,0.48626047372817993,0.48626047372817993,0,0.0,0.0
1982-11-17 00:00:00-05:00,0.48626047372817993,0.48626047372817993,0.48626047372817993,0.48626047372817993,0,0.0,0.0
1982-11-18 00:00:00-05:00,0.48626047372817993,0.48626047372817993,0.48626047372817993,0.48626047372817993,0,0.0,0.0
1982-11-19 00:00:00-05:00,0.0,0.537445710881577,0.48626047372817993,0.48626047372817993,1350,0.0,0.0
1982-11-22 00:00:00-05:00,0.48626047372817993,0.48626047372817993,0.48626047372817993,0.48626047372817993,0,0.0,0.0
1982-11-23 00:00:00-05:00,0.0,0.537445710881577,0.48626047372817993,0.48626047372817993,675,0.0,0.0
1982-11-24 00:00:00-05:00,0.0,0.537445710881577,0.48626047372817993,0.48626047372817993,675,0.0,0.0
1982-11-26 00:00:00-05:00,0.48626047372817993,0.48626047372817993,0.48626047372817993,0.48626047372817993,0,0.0,0.0
1982-11-29 00:00:00-05:00,0.48626047372817993,0.48626047372817993,0.48626047372817993,0.48626047372817993,0,0.0,0.0
1982-11-30 00:00:00-05:00,0.0,0.511853112898333,0.48626047372817993,0.48626047372817993,0,0.0,0.0
1982-12-01 00:00:00-05:00,0.48626047372817993,0.48626047372817993,0.48626047372817993,0.48626047372817993,0,0.0,0.0
1982-12-02 00:00:00-05:00,0.0,0.511853112898333,0.48626047372817993,0.48626047372817993,3375,0.0,0.0
1982-12-03 00:00:00-05:00,0.48626047372817993,0.48626047372817993,0.48626047372817993,0.48626047372817993,0,0.0,0.0
1982-12-06 00:00:00-05:00,0.0,0.5118531227111817,0.47986230254173284,0.4798623025417328,6075,0.0,0.0
1982-12-07 00:00:00-05:00,0.0,0.511852862731779,0.47346392273902893,0.47346392273902893,10125,0.0,0.0
1982-12-08 00:00:00-05:00,0.0,0.49905689400422826,0.46706610918045044,0.46706610918045044,4725,0.0,0.0
1982-12-09 00:00:00-05:00,0.0,0.4606680001918502,0.40948253870010376,0.40948253870010376,10125,0.0,0.0
1982-12-10 00:00:00-05:00,0.0,0.4542698586923058,0.40948253870010376,0.40948253870010376,0,0.0,0.0
1982-12-13 00:00:00-05:00,0.0,0.4542698586923058,0.40948253870010376,0.40948253870010376,1350,0.0,0.0
1982-12-14 00:00:00-05:00,0.40948253870010376,0.40948253870010376,0.40948253870010376,0.40948253870010376,0,0.0,0.0
1982-12-15 00:00:00-05:00,0.40948253870010376,0.40948253870010376,0.40948253870010376,0.40948253870010376,0,0.0,0.0
1982-12-16 00:00:00-05:00,0.40948253870010376,0.40948253870010376,0.40948253870010376,0.40948253870010376,0,0.0,0.0
1982-12-17 00:00:00-05:00,0.40948253870010376,0.40948253870010376,0.40948253870010376,0.40948253870010376,0,0.0,0.0
1982-12-20 00:00:00-05:00,0.0,0.4606678011557181,0.43507516384124756,0.43507516384124756,4050,0.0,0.0
1982-12-21 00:00:00-05:00,0.0,0.4606678011557181,0.43507516384124756,0.43507516384124756,3375,0.0,0.0
1982-12-22 00:00:00-05:00,0.0,0.48626048305038655,0.47986230254173284,0.4798623025417328,2700,0.0,0.0
1982-12-23 00:00:00-05:00,0.0,0.5374458108001223,0.4926587045192719,0.49265870451927185,6075,0.0,0.0
1982-12-27 00:00:00-05:00,0.0,0.5374458108001223,0.4926587045192719,0.49265870451927185,675,0.0,0.0
1982-12-28 00:00:00-05:00,0.4926587045192719,0.4926587045192719,0.4926587045192719,0.49265870451927185,0,0.0,0.0
1982-12-29 00:00:00-05:00,0.0,0.5374458108001223,0.4926587045192719,0.49265870451927185,675,0.0,0.0
1982-12-30 00:00:00-05:00,0.0,0.486260488536578,0.4606678485870361,0.46066784858703613,8100,0.0,0.0
1982-12-31 00:00:00-05:00,0.4606678485870361,0.4606678485870361,0.4606678485870361,0.46066784858703613,0,0.0,0.0
1983-01-03 00:00:00-05:00,0.4606678485870361,0.4606678485870361,0.4606678485870361,0.46066784858703613,0,0.0,0.0
1983-01-04 00:00:00-05:00,0.4606678485870361,0.4606678485870361,0.4606678485870361,0.46066784858703613,0,0.0,0.0
1983-01-05 00:00:00-05:00,0.0,0.5182513484474484,0.4926587045192719,0.49265870451927185,8100,0.0,0.0
1983-01-06 00:00:00-05:00,0.0,0.5182513484474484,0.4926587045192719,0.49265870451927185,3375,0.0,0.0
1983-01-07 00:00:00-05:00,0.0,0.5182513484474484,0.4926587045192719,0.49265870451927185,675,0.0,0.0
1983-01-10 00:00:00-05:00,0.0,0.5182513484474484,0.4926587045192719,0.49265870451927185,2025,0.0,0.0
1983-01-11 00:00:00-05:00,0.0,0.5182513484474484,0.4926587045192719,0.49265870451927185,2025,0.0,0.0
1983-01-12 00:00:00-05:00,0.4926587045192719,0.4926587045192719,0.4926587045192719,0.49265870451927185,0,0.0,0.0
1983-01-13 00:00:00-05:00,0.4926587045192719,0.4926587045192719,0.4926587045192719,0.49265870451927185,0,0.0,0.0
1983-01-14 00:00:00-05:00,0.0,0.511852862731779,0.47346392273902893,0.47346392273902893,5400,0.0,0.0
1983-01-17 00:00:00-05:00,0.47346392273902893,0.47346392273902893,0.47346392273902893,0.47346392273902893,0,0.0,0.0
1983-01-18 00:00:00-05:00,0.0,0.5118532161711229,0.46706610918045044,0.46706610918045044,675,0.0,0.0
1983-01-19 00:00:00-05:00,0.46706610918045044,0.46706610918045044,0.46706610918045044,0.46706610918045044,0,0.0,0.0
1983-01-20 00:00:00-05:00,0.46706610918045044,0.46706610918045044,0.46706610918045044,0.46706610918045044,0,0.0,0.0
1983-01-21 00:00:00-05:00,0.0,0.5118532161711229,0.46706610918045044,0.46706610918045044,1350,0.0,0.0
1983-01-24 00:00:00-05:00,0.0,0.5054549479052792,0.4606678485870361,0.46066784858703613,6750,0.0,0.0
1983-01-25 00:00:00-05:00,0.4606678485870361,0.4606678485870361,0.4606678485870361,0.46066784858703613,0,0.0,0.0
1983-01-26 00:00:00-05:00,0.0,0.4990567408437866,0.4542696475982666,0.4542696475982666,675,0.0,0.0
1983-01-27 00:00:00-05:00,0.4542696475982666,0.4542696475982666,0.4542696475982666,0.4542696475982666,0,0.0,0.0
1983-01-28 00:00:00-05:00,0.4542696475982666,0.4542696475982666,0.4542696475982666,0.4542696475982666,0,0.0,0.0
1983-01-31 00:00:00-05:00,0.0,0.4990567408437866,0.4542696475982666,0.4542696475982666,675,0.0,0.0
1983-02-01 00:00:00-05:00,0.0,0.4990567408437866,0.4542696475982666,0.4542696475982666,0,0.0,0.0
1983-02-02 00:00:00-05:00,0.0,0.4990567408437866,0.4542696475982666,0.4542696475982666,3375,0.0,0.0
1983-02-03 00:00:00-05:00,0.4542696475982666,0.4542696475982666,0.4542696475982666,0.4542696475982666,0,0.0,0.0
1983-02-04 00:00:00-05:00,0.0,0.49905689400422826,0.46706610918045044,0.46706610918045044,2025,0.0,0.0
1983-02-07 00:00:00-05:00,0.46706610918045044,0.46706610918045044,0.46706610918045044,0.46706610918045044,0,0.0,0.0
1983-02-08 00:00:00-05:00,0.0,0.49905689400422826,0.46706610918045044,0.46706610918045044,4050,0.0,0.0
1983-02-09 00:00:00-05:00,0.0,0.4990567933132565,0.48626047372817993,0.48626047372817993,4050,0.0,0.0
1983-02-10 00:00:00-05:00,0.0,0.4990567933132565,0.48626047372817993,0.48626047372817993,6750,0.0,0.0
1983-02-11 00:00:00-05:00,0.0,0.4990567933132565,0.48626047372817993,0.48626047372817993,1350,0.0,0.0
1983-02-14 00:00:00-05:00,0.0,0.5118532080588626,0.4926587045192719,0.49265870451927185,4050,0.0,0.0
1983-02-15 00:00:00-05:00,0.0,0.511853112898333,0.48626047372817993,0.48626047372817993,675,0.0,0.0
1983-02-16 00:00:00-05:00,0.0,0.5118532080588626,0.4926587045192719,0.49265870451927185,0,0.0,0.0
1983-02-17 00:00:00-05:00,0.0,0.5118532080588626,0.4926587045192719,0.49265870451927185,2025,0.0,0.0
1983-02-18 00:00:00-05:00,0.0,0.5118532080588626,0.4926587045192719,0.49265870451927185,17550,0.0,0.0
1983-02-22 00:00:00-05:00,0.0,0.53744580371663,0.4958576858043671,0.49585768580436707,9450,0.0,0.0
1983-02-23 00:00:00-05:00,0.0,0.5374455107586675,0.49905660748481756,0.4990566074848175,1350,0.0,0.0
1983-02-24 00:00:00-05:00,0.49905660748481756,0.49905660748481756,0.49905660748481756,0.4990566074848175,0,0.0,0.0
1983-02-25 00:00:00-05:00,0.0,0.5438436887622383,0.49905660748481756,0.4990566074848175,2700,0.0,0.0
1983-02-28 00:00:00-05:00,0.0,0.543843725742369,0.5054547786712646,0.5054547786712646,6750,0.0,0.0
1983-03-01 00:00:00-05:00,0.0,0.5374455473037367,0.5054547786712646,0.5054547786712646,20250,0.0,0.0
1983-03-02 00:00:00-05:00,0.0,0.53744580371663,0.4958576858043671,0.49585768580436707,2025,0.0,0.0
1983-03-03 00:00:00-05:00,0.0,0.5374455107586675,0.49905660748481756,0.4990566074848175,675,0.0,0.0
1983-03-04 00:00:00-05:00,0.0,0.5374455107586675,0.49905660748481756,0.4990566074848175,4050,0.0,0.0
1983-03-07 00:00:00-05:00,0.0,0.5374455107586675,0.49905660748481756,0.4990566074848175,3375,0.0,0.0
1983-03-08 00:00:00-05:00,0.49905660748481756,0.49905660748481756,0.49905660748481756,0.4990566074848175,0,0.0,0.0
1983-03-09 00:00:00-05:00,0.49905660748481756,0.49905660748481756,0.49905660748481756,0.4990566074848175,0,0.0,0.0
1983-03-10 00:00:00-05:00,0.49905660748481756,0.49905660748481756,0.49905660748481756,0.4990566074848175,0,0.0,0.0
1983-03-11 00:00:00-05:00,0.0,0.5310476634123712,0.4958576858043671,0.49585768580436707,1350,0.0,0.0
1983-03-14 00:00:00-05:00,0.4958576858043671,0.4958576858043671,0.4958576858043671,0.49585768580436707,0,0.0,0.0
1983-03-15 00:00:00-05:00,0.4958576858043671,0.4958576858043671,0.4958576858043671,0.49585768580436707,0,0.0,0.0
1983-03-16 00:00:00-05:00,0.0,0.5310473739419904,0.49905660748481756,0.4990566074848175,3375,0.0,0.0
1983-03-17 00:00:00-05:00,0.0,0.5374455107586675,0.49905660748481756,0.4990566074848175,33075,0.0,0.0
1983-03-18 00:00:00-05:00,0.0,0.5310473739419904,0.49905660748481756,0.4990566074848175,2025,0.0,0.0
1983-03-21 00:00:00-05:00,0.0,0.5310474100520008,0.5054547786712646,0.5054547786712646,10125,0.0,0.0
1983-03-22 00:00:00-05:00,0.5054547786712646,0.5054547786712646,0.5054547786712646,0.5054547786712646,0,0.0,0.0
1983-03-23 00:00:00-05:00,0.5054547786712646,0.5054547786712646,0.5054547786712646,0.5054547786712646,0,0.0,0.0
1983-03-24 00:00:00-05:00,0.5054547786712646,0.5054547786712646,0.5054547786712646,0.5054547786712646,0,0.0,0.0
1983-03-25 00:00:00-05:00,0.0,0.5310474100520008,0.5054547786712646,0.5054547786712646,60750,0.0,0.0
1983-03-28 00:00:00-05:00,0.0,0.5310474100520008,0.5054547786712646,0.5054547786712646,1350,0.0,0.0
1983-03-29 00:00:00-05:00,0.0,0.5310474100520008,0.5054547786712646,0.5054547786712646,675,0.0,0.0
1983-03-30 00:00:00-05:00,0.5054547786712646,0.5054547786712646,0.5054547786712646,0.5054547786712646,0,0.0,0.0
1983-03-31 00:00:00-05:00,0.0,0.5310474100520008,0.5054547786712646,0.5054547786712646,10125,0.0,0.0
1983-04-04 00:00:00-05:00,0.0,0.5566402604161456,0.5118531584739685,0.5118531584739685,14850,0.0,0.0
1983-04-05 00:00:00-05:00,0.0,0.5566402604161456,0.5118531584739685,0.5118531584739685,4050,0.0,0.0
1983-04-06 00:00:00-05:00,0.0,0.5566402604161456,0.5118531584739685,0.5118531584739685,675,0.0,0.0
1983-04-07 00:00:00-05:00,0.0,0.5630384001849225,0.5118531584739685,0.5118531584739685,5400,0.0,0.0
1983-04-08 00:00:00-05:00,0.0,0.5630384001849225,0.5118531584739685,0.5118531584739685,675,0.0,0.0
1983-04-11 00:00:00-05:00,0.5118531584739685,0.5118531584739685,0.5118531584739685,0.5118531584739685,0,0.0,0.0
1983-04-12 00:00:00-05:00,0.0,0.5630384001849225,0.5118531584739685,0.5118531584739685,2025,0.0,0.0
1983-04-13 00:00:00-05:00,0.0,0.5630384001849225,0.5118531584739685,0.5118531584739685,2025,0.0,0.0
1983-04-14 00:00:00-05:00,0.5118531584739685,0.5118531584739685,0.5118531584739685,0.5118531584739685,0,0.0,0.0
1983-04-15 00:00:00-05:00,0.0,0.5630384001849225,0.5118531584739685,0.5118531584739685,1350,0.0,0.0
1983-04-18 00:00:00-05:00,0.5118531584739685,0.5118531584739685,0.5118531584739685,0.5118531584739685,0,0.0,0.0
1983-04-19 00:00:00-05:00,0.5118531584739685,0.5118531584739685,0.5118531584739685,0.5118531584739685,0,0.0,0.0
1983-04-20 00:00:00-05:00,0.5118531584739685,0.5118531584739685,0.5118531584739685,0.5118531584739685,0,0.0,0.0
1983-04-21 00:00:00-05:00,0.0,0.5630384001849225,0.5118531584739685,0.5118531584739685,1350,0.0,0.0
1983-04-22 00:00:00-05:00,0.0,0.5630384001849225,0.5118531584739685,0.5118531584739685,2025,0.0,0.0
1983-04-25 00:00:00-04:00,0.0,0.5630384001849225,0.5118531584739685,0.5118531584739685,2025,0.0,0.0
1983-04-26 00:00:00-04:00,0.0,0.5630384001849225,0.5118531584739685,0.5118531584739685,4050,0.0,0.0
1983-04-27 00:00:00-04:00,0.5118531584739685,0.5118531584739685,0.5118531584739685,0.5118531584739685,0,0.0,0.0
1983-04-28 00:00:00-04:00,0.5118531584739685,0.5118531584739685,0.5118531584739685,0.5118531584739685,0,0.0,0.0
1983-04-29 00:00:00-04:00,0.0,0.5630384001849225,0.5118531584739685,0.5118531584739685,1350,0.0,0.0
1983-05-02 00:00:00-04:00,0.0,0.5502420794604559,0.5118531584739685,0.5118531584739685,2700,0.0,0.0
1983-05-03 00:00:00-04:00,0.0,0.5502420794604559,0.5118531584739685,0.5118531584739685,2025,0.0,0.0
1983-05-04 00:00:00-04:00,0.0,0.5502420794604559,0.5118531584739685,0.5118531584739685,4725,0.0,0.0
1983-05-05 00:00:00-04:00,0.5118531584739685,0.5118531584739685,0.5118531584739685,0.5118531584739685,0,0.0,0.0
1983-05-06 00:00:00-04:00,0.5118531584739685,0.5118531584739685,0.5118531584739685,0.5118531584739685,0,0.0,0.0
1983-05-09 00:00:00-04:00,0.5118531584739685,0.5118531584739685,0.5118531584739685,0.5118531584739685,0,0.0,0.0
1983-05-10 00:00:00-04:00,0.0,0.5502420794604559,0.5118531584739685,0.5118531584739685,5400,0.0,0.0
1983-05-11 00:00:00-04:00,0.0,0.5502420794604559,0.5118531584739685,0.5118531584739685,2025,0.0,0.0
1983-05-12 00:00:00-04:00,0.5118531584739685,0.5118531584739685,0.5118531584739685,0.5118531584739685,0,0.0,0.0
1983-05-13 00:00:00-04:00,0.0,0.5566402604161456,0.5118531584739685,0.5118531584739685,2700,0.0,0.0
1983-05-16 00:00:00-04:00,0.5118531584739685,0.5118531584739685,0.5118531584739685,0.5118531584739685,0,0.0,0.0
1983-05-17 00:00:00-04:00,0.0,0.5566402604161456,0.5118531584739685,0.5118531584739685,6750,0.0,0.0
1983-05-18 00:00:00-04:00,0.0,0.5566402604161456,0.5118531584739685,0.5118531584739685,4050,0.0,0.0
1983-05-19 00:00:00-04:00,0.0,0.5566402604161456,0.5118531584739685,0.5118531584739685,1350,0.0,0.0
1983-05-20 00:00:00-04:00,0.5118531584739685,0.5118531584739685,0.5118531584739685,0.5118531584739685,0,0.0,0.0
1983-05-23 00:00:00-04:00,0.0,0.5630384001849225,0.5118531584739685,0.5118531584739685,4725,0.0,0.0
1983-05-24 00:00:00-04:00,0.5118531584739685,0.5118531584739685,0.5118531584739685,0.5118531584739685,0,0.0,0.0
1983-05-25 00:00:00-04:00,0.0,0.5630384001849225,0.5118531584739685,0.5118531584739685,1350,0.0,0.0
1983-05-26 00:00:00-04:00,0.5118531584739685,0.5118531584739685,0.5118531584739685,0.5118531584739685,0,0.0,0.0
1983-05-27 00:00:00-04:00,0.0,0.5566402604161456,0.5118531584739685,0.5118531584739685,12150,0.0,0.0
1983-05-31 00:00:00-04:00,0.5118531584739685,0.5118531584739685,0.5118531584739685,0.5118531584739685,0,0.0,0.0
1983-06-01 00:00:00-04:00,0.5118531584739685,0.5118531584739685,0.5118531584739685,0.5118531584739685,0,0.0,0.0
1983-06-02 00:00:00-04:00,0.5118531584739685,0.5118531584739685,0.5118531584739685,0.5118531584739685,0,0.0,0.0
1983-06-03 00:00:00-04:00,0.5118531584739685,0.5118531584739685,0.5118531584739685,0.5118531584739685,0,0.0,0.0
1983-06-06 00:00:00-04:00,0.5118531584739685,0.5118531584739685,0.5118531584739685,0.5118531584739685,0,0.0,0.0
1983-06-07 00:00:00-04:00,0.5118531584739685,0.5118531584739685,0.5118531584739685,0.5118531584739685,0,0.0,0.0
1983-06-08 00:00:00-04:00,0.0,0.5566402604161456,0.5118531584739685,0.5118531584739685,4050,0.0,0.0
1983-06-09 00:00:00-04:00,0.0,0.5630384262487651,0.5374457836151123,0.5374457836151123,1350,0.0,0.0
1983-06-10 00:00:00-04:00,0.0,0.5630384262487651,0.5374457836151123,0.5374457836151123,24300,0.0,0.0
1983-06-13 00:00:00-04:00,0.0,0.5630384262487651,0.5374457836151123,0.5374457836151123,2700,0.0,0.0
1983-06-14 00:00:00-04:00,0.0,0.5630384262487651,0.5374457836151123,0.5374457836151123,6075,0.0,0.0
1983-06-15 00:00:00-04:00,0.5374457836151123,0.5374457836151123,0.5374457836151123,0.5374457836151123,0,0.0,0.0
1983-06-16 00:00:00-04:00,0.0,0.588631068882418,0.5374457836151123,0.5374457836151123,13500,0.0,0.0
1983-06-17 00:00:00-04:00,0.0,0.588631068882418,0.5374457836151123,0.5374457836151123,1350,0.0,0.0
1983-06-20 00:00:00-04:00,0.0,0.588631068882418,0.5374457836151123,0.5374457836151123,675,0.0,0.0
1983-06-21 00:00:00-04:00,0.5374457836151123,0.5374457836151123,0.5374457836151123,0.5374457836151123,0,0.0,0.0
1983-06-22 00:00:00-04:00,0.5374457836151123,0.5374457836151123,0.5374457836151123,0.5374457836151123,0,0.0,0.0
1983-06-23 00:00:00-04:00,0.0,0.5886308967049344,0.5438438057899475,0.5438438057899475,5400,0.0,0.0
1983-06-24 00:00:00-04:00,0.0,0.5886308967049344,0.5438438057899475,0.5438438057899475,675,0.0,0.0
1983-06-27 00:00:00-04:00,0.0,0.5886308967049344,0.5438438057899475,0.5438438057899475,675,0.0,0.0
1983-06-28 00:00:00-04:00,0.5438438057899475,0.5438438057899475,0.5438438057899475,0.5438438057899475,0,0.0,0.0
1983-06-29 00:00:00-04:00,0.0,0.5822327173245634,0.5438438057899475,0.5438438057899475,2025,0.0,0.0
1983-06-30 00:00:00-04:00,0.0,0.5886308967049344,0.5438438057899475,0.5438438057899475,2025,0.0,0.0
1983-07-01 00:00:00-04:00,0.0,0.5886308967049344,0.5438438057899475,0.5438438057899475,4050,0.0,0.0
1983-07-05 00:00:00-04:00,0.0,0.5822328876305475,0.5374457836151123,0.5374457836151123,16875,0.0,0.0
1983-07-06 00:00:00-04:00,0.0,0.5886308967049344,0.5438438057899475,0.5438438057899475,14850,0.0,0.0
1983-07-07 00:00:00-04:00,0.0,0.5886308363550884,0.5502418875694275,0.5502418875694275,27000,0.0,0.0
1983-07-08 00:00:00-04:00,0.0,0.5950290051966305,0.5694363713264465,0.5694363713264465,1350,0.0,0.0
1983-07-11 00:00:00-04:00,0.0,0.6078257819825932,0.5886311531066895,0.5886311531066895,18225,0.0,0.0
1983-07-12 00:00:00-04:00,0.0,0.6270199108678542,0.5950289368629456,0.5950289368629456,12150,0.0,0.0
1983-07-13 00:00:00-04:00,0.5950289368629456,0.5950289368629456,0.5950289368629456,0.5950289368629456,0,0.0,0.0
1983-07-14 00:00:00-04:00,0.0,0.6398162263334053,0.5950289368629456,0.5950289368629456,1350,0.0,0.0
1983-07-15 00:00:00-04:00,0.0,0.6398162263334053,0.5950289368629456,0.5950289368629456,1350,0.0,0.0
1983-07-18 00:00:00-04:00,0.0,0.6334180480071818,0.5950289368629456,0.5950289368629456,6750,0.0,0.0
1983-07-19 00:00:00-04:00,0.5950289368629456,0.5950289368629456,0.5950289368629456,0.5950289368629456,0,0.0,0.0
1983-07-20 00:00:00-04:00,0.0,0.6334180480071818,0.5950289368629456,0.5950289368629456,2700,0.0,0.0
1983-07-21 00:00:00-04:00,0.0,0.6334180480071818,0.5950289368629456,0.5950289368629456,2025,0.0,0.0
1983-07-22 00:00:00-04:00,0.5950289368629456,0.5950289368629456,0.5950289368629456,0.5950289368629456,0,0.0,0.0
1983-07-25 00:00:00-04:00,0.5950289368629456,0.5950289368629456,0.5950289368629456,0.5950289368629456,0,0.0,0.0
1983-07-26 00:00:00-04:00,0.5950289368629456,0.5950289368629456,0.5950289368629456,0.5950289368629456,0,0.0,0.0
1983-07-27 00:00:00-04:00,0.0,0.6334180480071818,0.5950289368629456,0.5950289368629456,1350,0.0,0.0
1983-07-28 00:00:00-04:00,0.5950289368629456,0.5950289368629456,0.5950289368629456,0.5950289368629456,0,0.0,0.0
1983-07-29 00:00:00-04:00,0.5950289368629456,0.5950289368629456,0.5950289368629456,0.5950289368629456,0,0.0,0.0
1983-08-01 00:00:00-04:00,0.0,0.6334180480071818,0.5950289368629456,0.5950289368629456,1350,0.0,0.0
1983-08-02 00:00:00-04:00,0.0,0.6270199108678542,0.5950289368629456,0.5950289368629456,1350,0.0,0.0
1983-08-03 00:00:00-04:00,0.5950289368629456,0.5950289368629456,0.5950289368629456,0.5950289368629456,0,0.0,0.0
1983-08-04 00:00:00-04:00,0.5950289368629456,0.5950289368629456,0.5950289368629456,0.5950289368629456,0,0.0,0.0
1983-08-05 00:00:00-04:00,0.5950289368629456,0.5950289368629456,0.5950289368629456,0.5950289368629456,0,0.0,0.0
1983-08-08 00:00:00-04:00,0.5950289368629456,0.5950289368629456,0.5950289368629456,0.5950289368629456,0,0.0,0.0
1983-08-09 00:00:00-04:00,0.0,0.6206217325416308,0.5950289368629456,0.5950289368629456,675,0.0,0.0
1983-08-10 00:00:00-04:00,0.0,0.6206217325416308,0.5950289368629456,0.5950289368629456,675,0.0,0.0
1983-08-11 00:00:00-04:00,0.5950289368629456,0.5950289368629456,0.5950289368629456,0.5950289368629456,0,0.0,0.0
1983-08-12 00:00:00-04:00,0.0,0.6206217325416308,0.5950289368629456,0.5950289368629456,15525,0.0,0.0
1983-08-15 00:00:00-04:00,0.5950289368629456,0.5950289368629456,0.5950289368629456,0.5950289368629456,0,0.0,0.0
1983-08-16 00:00:00-04:00,0.5950289368629456,0.5950289368629456,0.5950289368629456,0.5950289368629456,0,0.0,0.0
1983-08-17 00:00:00-04:00,0.0,0.6206217325416308,0.5950289368629456,0.5950289368629456,675,0.0,0.0
1983-08-18 00:00:00-04:00,0.0,0.6206217325416308,0.5950289368629456,0.5950289368629456,1350,0.0,0.0
1983-08-19 00:00:00-04:00,0.0,0.6206217325416308,0.5950289368629456,0.5950289368629456,675,0.0,0.0
1983-08-22 00:00:00-04:00,0.0,0.6206217325416308,0.5950289368629456,0.5950289368629456,675,0.0,0.0
1983-08-23 00:00:00-04:00,0.0,0.6206217325416308,0.5950289368629456,0.5950289368629456,675,0.0,0.0
1983-08-24 00:00:00-04:00,0.5950289368629456,0.5950289368629456,0.5950289368629456,0.5950289368629456,0,0.0,0.0
1983-08-25 00:00:00-04:00,0.0,0.6270199108678542,0.5950289368629456,0.5950289368629456,2025,0.0,0.0
1983-08-26 00:00:00-04:00,0.5950289368629456,0.5950289368629456,0.5950289368629456,0.5950289368629456,0,0.0,0.0
1983-08-29 00:00:00-04:00,0.0,0.6270199108678542,0.5950289368629456,0.5950289368629456,675,0.0,0.0
1983-08-30 00:00:00-04:00,0.0,0.6270199108678542,0.5950289368629456,0.5950289368629456,1350,0.0,0.0
1983-08-31 00:00:00-04:00,0.0,0.6270199108678542,0.5950289368629456,0.5950289368629456,8775,0.0,0.0
1983-09-01 00:00:00-04:00,0.0,0.6270199108678542,0.5950289368629456,0.5950289368629456,6075,0.0,0.0
1983-09-02 00:00:00-04:00,0.0,0.6270199108678542,0.5950289368629456,0.5950289368629456,2025,0.0,0.0
1983-09-06 00:00:00-04:00,0.0,0.6270199108678542,0.5950289368629456,0.5950289368629456,675,0.0,0.0
1983-09-07 00:00:00-04:00,0.0,0.6270199108678542,0.5950289368629456,0.5950289368629456,4725,0.0,0.0
1983-09-08 00:00:00-04:00,0.5950289368629456,0.5950289368629456,0.5950289368629456,0.5950289368629456,0,0.0,0.0
1983-09-09 00:00:00-04:00,0.0,0.6270199108678542,0.5950289368629456,0.5950289368629456,3375,0.0,0.0
1983-09-12 00:00:00-04:00,0.5950289368629456,0.5950289368629456,0.5950289368629456,0.5950289368629456,0,0.0,0.0
1983-09-13 00:00:00-04:00,0.0,0.6206217325416308,0.5950289368629456,0.5950289368629456,4725,0.0,0.0
1983-09-14 00:00:00-04:00,0.5950289368629456,0.5950289368629456,0.5950289368629456,0.5950289368629456,0,0.0,0.0
1983-09-15 00:00:00-04:00,0.0,0.6206217325416308,0.5950289368629456,0.5950289368629456,3375,0.0,0.0
1983-09-16 00:00:00-04:00,0.0,0.6398162263334053,0.5950289368629456,0.5950289368629456,14175,0.0,0.0
1983-09-19 00:00:00-04:00,0.0,0.6334180480071818,0.5950289368629456,0.5950289368629456,2700,0.0,0.0
1983-09-20 00:00:00-04:00,0.5950289368629456,0.5950289368629456,0.5950289368629456,0.5950289368629456,0,0.0,0.0
1983-09-21 00:00:00-04:00,0.0,0.6334180480071818,0.5950289368629456,0.5950289368629456,6750,0.0,0.0
1983-09-22 00:00:00-04:00,0.5950289368629456,0.5950289368629456,0.5950289368629456,0.5950289368629456,0,0.0,0.0
1983-09-23 00:00:00-04:00,0.0,0.6334180480071818,0.5950289368629456,0.5950289368629456,0,0.0,0.0
1983-09-26 00:00:00-04:00,0.0,0.6334180480071818,0.5950289368629456,0.5950289368629456,4725,0.0,0.0
1983-09-27 00:00:00-04:00,0.0,0.6334180480071818,0.5950289368629456,0.5950289368629456,1350,0.0,0.0
1983-09-28 00:00:00-04:00,0.5950289368629456,0.5950289368629456,0.5950289368629456,0.5950289368629456,0,0.0,0.0
1983-09-29 00:00:00-04:00,0.0,0.6334180480071818,0.5950289368629456,0.5950289368629456,6750,0.0,0.0
1983-09-30 00:00:00-04:00,0.0,0.6334184282781691,0.5886311531066895,0.5886311531066895,6750,0.0,0.0
1983-10-03 00:00:00-04:00,0.5886311531066895,0.5886311531066895,0.5886311531066895,0.5886311531066895,0,0.0,0.0
1983-10-04 00:00:00-04:00,0.0,0.6334184282781691,0.5886311531066895,0.5886311531066895,9450,0.0,0.0
1983-10-05 00:00:00-04:00,0.0,0.6334184282781691,0.5886311531066895,0.5886311531066895,7425,0.0,0.0
1983-10-06 00:00:00-04:00,0.0,0.6334184282781691,0.5886311531066895,0.5886311531066895,6750,0.0,0.0
1983-10-07 00:00:00-04:00,0.0,0.6334184282781691,0.5886311531066895,0.5886311531066895,8775,0.0,0.0
1983-10-10 00:00:00-04:00,0.0,0.6334184282781691,0.5886311531066895,0.5886311531066895,15525,0.0,0.0
1983-10-11 00:00:00-04:00,0.0,0.6334184282781691,0.5886311531066895,0.5886311531066895,8100,0.0,0.0
1983-10-12 00:00:00-04:00,0.0,0.6334184282781691,0.5886311531066895,0.5886311531066895,1350,0.0,0.0
1983-10-13 00:00:00-04:00,0.0,0.6334184282781691,0.5886311531066895,0.5886311531066895,3375,0.0,0.0
1983-10-14 00:00:00-04:00,0.0,0.6334184282781691,0.5886311531066895,0.5886311531066895,2025,0.0,0.0
1983-10-17 00:00:00-04:00,0.0,0.6334179292301917,0.6142234802246094,0.6142234802246094,5400,0.0,0.0
1983-10-18 00:00:00-04:00,0.0,0.6398161063566444,0.6142234802246094,0.6142234802246094,5400,0.0,0.0
1983-10-19 00:00:00-04:00,0.0,0.6782051650077253,0.6270199418067932,0.6270199418067932,7425,0.0,0.0
1983-10-20 00:00:00-04:00,0.0,0.6782051650077253,0.6270199418067932,0.6270199418067932,675,0.0,0.0
1983-10-21 00:00:00-04:00,0.0,0.6782051650077253,0.6270199418067932,0.6270199418067932,1350,0.0,0.0
1983-10-24 00:00:00-04:00,0.0,0.6654091241930399,0.6398165225982666,0.6398165225982666,8775,0.0,0.0
1983-10-25 00:00:00-04:00,0.0,0.691001766974728,0.6398165225982666,0.6398165225982666,8775,0.0,0.0
1983-10-26 00:00:00-04:00,0.0,0.691001766974728,0.6398165225982666,0.6398165225982666,1350,0.0,0.0
1983-10-27 00:00:00-04:00,0.6398165225982666,0.6398165225982666,0.6398165225982666,0.6398165225982666,0,0.0,0.0
1983-10-28 00:00:00-04:00,0.0,0.691001766974728,0.6398165225982666,0.6398165225982666,2025,0.0,0.0
1983-10-31 00:00:00-05:00,0.0,0.6910020852438813,0.65261310338974,0.65261310338974,2700,0.0,0.0
1983-11-01 00:00:00-05:00,0.0,0.7165943938268214,0.6782054305076599,0.6782054305076599,12825,0.0,0.0
1983-11-02 00:00:00-05:00,0.0,0.729390633278264,0.6910017132759094,0.6910017132759094,1350,0.0,0.0
1983-11-03 00:00:00-05:00,0.0,0.729390633278264,0.6910017132759094,0.6910017132759094,4050,0.0,0.0
1983-11-04 00:00:00-05:00,0.6910017132759094,0.6910017132759094,0.6910017132759094,0.6910017132759094,0,0.0,0.0
1983-11-07 00:00:00-05:00,0.0,0.7549833203786708,0.716594398021698,0.716594398021698,11475,0.0,0.0
1983-11-08 00:00:00-05:00,0.0,0.7549833203786708,0.716594398021698,0.716594398021698,17550,0.0,0.0
1983-11-09 00:00:00-05:00,0.0,0.7421870403842893,0.716594398021698,0.716594398021698,16200,0.0,0.0
1983-11-10 00:00:00-05:00,0.0,0.7677794974415424,0.7293905019760132,0.7293905019760132,20925,0.0,0.0
1983-11-11 00:00:00-05:00,0.0,0.7677794974415424,0.7293905019760132,0.7293905019760132,1350,0.0,0.0
1983-11-14 00:00:00-05:00,0.0,0.7805759390951301,0.7293905019760132,0.7293905019760132,2025,0.0,0.0
1983-11-15 00:00:00-05:00,0.0,0.7805757428006687,0.7549829483032227,0.7549829483032227,15525,0.0,0.0
1983-11-16 00:00:00-05:00,0.0,0.7933723310831744,0.767779529094696,0.767779529094696,6075,0.0,0.0
1983-11-17 00:00:00-05:00,0.0,0.8189642809452476,0.7805753946304321,0.7805753946304321,2700,0.0,0.0
1983-11-18 00:00:00-05:00,0.7805753946304321,0.7805753946304321,0.7805753946304321,0.7805753946304321,0,0.0,0.0
1983-11-21 00:00:00-05:00,0.0,0.8317609978643667,0.7933720946311951,0.7933720946311951,3375,0.0,0.0
1983-11-22 00:00:00-05:00,0.0,0.8317609978643667,0.7933720946311951,0.7933720946311951,7425,0.0,0.0
1983-11-23 00:00:00-05:00,0.0,0.8317609978643667,0.7933720946311951,0.7933720946311951,4725,0.0,0.0
1983-11-25 00:00:00-05:00,0.0,0.8317606312993535,0.7805753946304321,0.7805753946304321,25650,0.0,0.0
1983-11-28 00:00:00-05:00,0.0,0.8317609978643667,0.7933720946311951,0.7933720946311951,1350,0.0,0.0
1983-11-29 00:00:00-05:00,0.0,0.8317609978643667,0.7933720946311951,0.7933720946311951,675,0.0,0.0
1983-11-30 00:00:00-05:00,0.7933720946311951,0.7933720946311951,0.7933720946311951,0.7933720946311951,0,0.0,0.0
1983-12-01 00:00:00-05:00,0.0,0.8317609978643667,0.7933720946311951,0.7933720946311951,1350,0.0,0.0
1983-12-02 00:00:00-05:00,0.0,0.8317609978643667,0.7933720946311951,0.7933720946311951,1350,0.0,0.0
1983-12-05 00:00:00-05:00,0.0,0.8317609978643667,0.7933720946311951,0.7933720946311951,1350,0.0,0.0
1983-12-06 00:00:00-05:00,0.7933720946311951,0.7933720946311951,0.7933720946311951,0.7933720946311951,0,0.0,0.0
1983-12-07 00:00:00-05:00,0.0,0.8317609978643667,0.7933720946311951,0.7933720946311951,4050,0.0,0.0
1983-12-08 00:00:00-05:00,0.0,0.8445572714841616,0.7933720946311951,0.7933720946311951,20925,0.0,0.0
1983-12-09 00:00:00-05:00,0.0,0.8445580303837313,0.8061690926551819,0.8061690926551819,2700,0.0,0.0
1983-12-12 00:00:00-05:00,0.0,0.8573543978758221,0.8061690926551819,0.8061690926551819,2025,0.0,0.0
1983-12-13 00:00:00-05:00,0.0,0.8573543978758221,0.8061690926551819,0.8061690926551819,3375,0.0,0.0
1983-12-14 00:00:00-05:00,0.0,0.8573543978758221,0.8061690926551819,0.8061690926551819,1350,0.0,0.0
1983-12-15 00:00:00-05:00,0.0,0.8573543978758221,0.8061690926551819,0.8061690926551819,4725,0.0,0.0
1983-12-16 00:00:00-05:00,0.8061690926551819,0.8061690926551819,0.8061690926551819,0.8061690926551819,0,0.0,0.0
1983-12-19 00:00:00-05:00,0.0,0.8317617452655021,0.8061690926551819,0.8061690926551819,0,0.0,0.0
1983-12-20 00:00:00-05:00,0.0,0.8317617452655021,0.8061690926551819,0.8061690926551819,6750,0.0,0.0
1983-12-21 00:00:00-05:00,0.0,0.8317617452655021,0.8061690926551819,0.8061690926551819,1350,0.0,0.0
1983-12-22 00:00:00-05:00,0.0,0.8317609978643667,0.7933720946311951,0.7933720946311951,1350,0.0,0.0
1983-12-23 00:00:00-05:00,0.0,0.8317609978643667,0.7933720946311951,0.7933720946311951,675,0.0,0.0
1983-12-27 00:00:00-05:00,0.0,0.8317609978643667,0.7933720946311951,0.7933720946311951,0,0.0,0.0
1983-12-28 00:00:00-05:00,0.0,0.8317609978643667,0.7933720946311951,0.7933720946311951,675,0.0,0.0
1983-12-29 00:00:00-05:00,0.0,0.8317609978643667,0.7933720946311951,0.7933720946311951,1350,0.0,0.0
1983-12-30 00:00:00-05:00,0.0,0.8317609978643667,0.7933720946311951,0.7933720946311951,9450,0.0,0.0
1984-01-03 00:00:00-05:00,0.0,0.8317609978643667,0.7933720946311951,0.7933720946311951,5400,0.0,0.0
1984-01-04 00:00:00-05:00,0.0,0.8317609978643667,0.7933720946311951,0.7933720946311951,4725,0.0,0.0
1984-01-05 00:00:00-05:00,0.0,0.8317609978643667,0.7933720946311951,0.7933720946311951,1350,0.0,0.0
1984-01-06 00:00:00-05:00,0.0,0.8317617452655021,0.8061690926551819,0.8061690926551819,20250,0.0,0.0
1984-01-09 00:00:00-05:00,0.0,0.8445580303837313,0.8061690926551819,0.8061690926551819,2025,0.0,0.0
1984-01-10 00:00:00-05:00,0.0,0.8445580303837313,0.8061690926551819,0.8061690926551819,675,0.0,0.0
1984-01-11 00:00:00-05:00,0.0,0.8445580303837313,0.8061690926551819,0.8061690926551819,675,0.0,0.0
1984-01-12 00:00:00-05:00,0.0,0.8445580303837313,0.8061690926551819,0.8061690926551819,1350,0.0,0.0
1984-01-13 00:00:00-05:00,0.8061690926551819,0.8061690926551819,0.8061690926551819,0.8061690926551819,0,0.0,0.0
1984-01-16 00:00:00-05:00,0.0,0.8445580303837313,0.8061690926551819,0.8061690926551819,675,0.0,0.0
1984-01-17 00:00:00-05:00,0.0,0.8445580303837313,0.8061690926551819,0.8061690926551819,675,0.0,0.0
1984-01-18 00:00:00-05:00,0.0,0.8445580303837313,0.8061690926551819,0.8061690926551819,675,0.0,0.0
1984-01-19 00:00:00-05:00,0.0,0.8445580303837313,0.8061690926551819,0.8061690926551819,1350,0.0,0.0
1984-01-20 00:00:00-05:00,0.0,0.8445580303837313,0.8061690926551819,0.8061690926551819,2025,0.0,0.0
1984-01-23 00:00:00-05:00,0.0,0.8445580303837313,0.8061690926551819,0.8061690926551819,3375,0.0,0.0
1984-01-24 00:00:00-05:00,0.0,0.8317617452655021,0.8061690926551819,0.8061690926551819,2700,0.0,0.0
1984-01-25 00:00:00-05:00,0.8061690926551819,0.8061690926551819,0.8061690926551819,0.8061690926551819,0,0.0,0.0
1984-01-26 00:00:00-05:00,0.8061690926551819,0.8061690926551819,0.8061690926551819,0.8061690926551819,0,0.0,0.0
1984-01-27 00:00:00-05:00,0.0,0.8317609978643667,0.7933720946311951,0.7933720946311951,15525,0.0,0.0
1984-01-30 00:00:00-05:00,0.0,0.8445579057395246,0.7997708320617676,0.7997708320617676,7425,0.0,0.0
1984-01-31 00:00:00-05:00,0.0,0.8445580303837313,0.8061690926551819,0.8061690926551819,4050,0.0,0.0
1984-02-01 00:00:00-05:00,0.0,0.8445580303837313,0.8061690926551819,0.8061690926551819,6075,0.0,0.0
1984-02-02 00:00:00-05:00,0.0,0.8445580303837313,0.8061690926551819,0.8061690926551819,6075,0.0,0.0
1984-02-03 00:00:00-05:00,0.0,0.8445580303837313,0.8061690926551819,0.8061690926551819,3375,0.0,0.0
1984-02-06 00:00:00-05:00,0.0,0.8445577206238707,0.8189650774002075,0.8189650774002075,4050,0.0,0.0
1984-02-07 00:00:00-05:00,0.0,0.8445577206238707,0.8189650774002075,0.8189650774002075,1350,0.0,0.0
1984-02-08 00:00:00-05:00,0.0,0.8445577206238707,0.8189650774002075,0.8189650774002075,2025,0.0,0.0
1984-02-09 00:00:00-05:00,0.0,0.8445577206238707,0.8189650774002075,0.8189650774002075,4725,0.0,0.0
1984-02-10 00:00:00-05:00,0.0,0.8445577206238707,0.8189650774002075,0.8189650774002075,1350,0.0,0.0
1984-02-13 00:00:00-05:00,0.0,0.8445577206238707,0.8189650774002075,0.8189650774002075,5400,0.0,0.0
1984-02-14 00:00:00-05:00,0.8189650774002075,0.8189650774002075,0.8189650774002075,0.8189650774002075,0,0.0,0.0
1984-02-15 00:00:00-05:00,0.0,0.8445577206238707,0.8189650774002075,0.8189650774002075,1350,0.0,0.0
1984-02-16 00:00:00-05:00,0.0,0.8445577206238707,0.8189650774002075,0.8189650774002075,5400,0.0,0.0
1984-02-17 00:00:00-05:00,0.0,0.8445572714841616,0.7933720946311951,0.7933720946311951,7425,0.0,0.0
1984-02-21 00:00:00-05:00,0.0,0.8445572714841616,0.7933720946311951,0.7933720946311951,675,0.0,0.0
1984-02-22 00:00:00-05:00,0.0,0.8317609978643667,0.7933720946311951,0.7933720946311951,1350,0.0,0.0
1984-02-23 00:00:00-05:00,0.7933720946311951,0.7933720946311951,0.7933720946311951,0.7933720946311951,0,0.0,0.0
1984-02-24 00:00:00-05:00,0.0,0.8317609978643667,0.7933720946311951,0.7933720946311951,2700,0.0,0.0
1984-02-27 00:00:00-05:00,0.0,0.8317606312993535,0.7805753946304321,0.7805753946304321,10125,0.0,0.0
1984-02-28 00:00:00-05:00,0.7805753946304321,0.7805753946304321,0.7805753946304321,0.7805753946304321,0,0.0,0.0
1984-02-29 00:00:00-05:00,0.0,0.8317606312993535,0.7805753946304321,0.7805753946304321,675,0.0,0.0
1984-03-01 00:00:00-05:00,0.0,0.8189642809452476,0.7805753946304321,0.7805753946304321,675,0.0,0.0
1984-03-02 00:00:00-05:00,0.7805753946304321,0.7805753946304321,0.7805753946304321,0.7805753946304321,0,0.0,0.0
1984-03-05 00:00:00-05:00,0.0,0.8189642809452476,0.7805753946304321,0.7805753946304321,1350,0.0,0.0
1984-03-06 00:00:00-05:00,0.7805753946304321,0.7805753946304321,0.7805753946304321,0.7805753946304321,0,0.0,0.0
1984-03-07 00:00:00-05:00,0.0,0.8189642809452476,0.7805753946304321,0.7805753946304321,4050,0.0,0.0
1984-03-08 00:00:00-05:00,0.0,0.8189648859502171,0.767779529094696,0.767779529094696,1350,0.0,0.0
1984-03-09 00:00:00-05:00,0.0,0.8189648859502171,0.767779529094696,0.767779529094696,1350,0.0,0.0
1984-03-12 00:00:00-05:00,0.0,0.8189642809452476,0.7805753946304321,0.7805753946304321,2025,0.0,0.0
1984-03-13 00:00:00-05:00,0.0,0.8189649709433029,0.7869741916656493,0.7869741916656494,2700,0.0,0.0
1984-03-14 00:00:00-05:00,0.0,0.8189646418707847,0.7933720946311951,0.7933720946311951,2700,0.0,0.0
1984-03-15 00:00:00-05:00,0.0,0.8189646418707847,0.7933720946311951,0.7933720946311951,4725,0.0,0.0
1984-03-16 00:00:00-05:00,0.0,0.8189653777734113,0.8061690926551819,0.8061690926551819,16200,0.0,0.0
1984-03-19 00:00:00-05:00,0.0,0.8189653777734113,0.8061690926551819,0.8061690926551819,2025,0.0,0.0
1984-03-20 00:00:00-05:00,0.0,0.8317617452655021,0.8061690926551819,0.8061690926551819,27675,0.0,0.0
1984-03-21 00:00:00-05:00,0.0,0.8317617452655021,0.8061690926551819,0.8061690926551819,14175,0.0,0.0
1984-03-22 00:00:00-05:00,0.0,0.8317617452655021,0.8061690926551819,0.8061690926551819,27000,0.0,0.0
1984-03-23 00:00:00-05:00,0.0,0.8445580303837313,0.8061690926551819,0.8061690926551819,675,0.0,0.0
1984-03-26 00:00:00-05:00,0.8061690926551819,0.8061690926551819,0.8061690926551819,0.8061690926551819,0,0.0,0.0
1984-03-27 00:00:00-05:00,0.0,0.8445580303837313,0.8061690926551819,0.8061690926551819,675,0.0,0.0
1984-03-28 00:00:00-05:00,0.0,0.8445580303837313,0.8061690926551819,0.8061690926551819,675,0.0,0.0
1984-03-29 00:00:00-05:00,0.8061690926551819,0.8061690926551819,0.8061690926551819,0.8061690926551819,0,0.0,0.0
1984-03-30 00:00:00-05:00,0.0,0.8445580303837313,0.8061690926551819,0.8061690926551819,1350,0.0,0.0
1984-04-02 00:00:00-05:00,0.0,0.8445580303837313,0.8061690926551819,0.8061690926551819,7425,0.0,0.0
1984-04-03 00:00:00-05:00,0.0,0.8445580303837313,0.8061690926551819,0.8061690926551819,1350,0.0,0.0
1984-04-04 00:00:00-05:00,0.0,0.8445580303837313,0.8061690926551819,0.8061690926551819,2025,0.0,0.0
1984-04-05 00:00:00-05:00,0.0,0.8445580303837313,0.8061690926551819,0.8061690926551819,2025,0.0,0.0
1984-04-06 00:00:00-05:00,0.8061690926551819,0.8061690926551819,0.8061690926551819,0.8061690926551819,0,0.0,0.0
1984-04-09 00:00:00-05:00,0.8061690926551819,0.8061690926551819,0.8061690926551819,0.8061690926551819,0,0.0,0.0
1984-04-10 00:00:00-05:00,0.0,0.8445580303837313,0.8061690926551819,0.8061690926551819,2025,0.0,0.0
1984-04-11 00:00:00-05:00,0.0,0.8445580303837313,0.8061690926551819,0.8061690926551819,0,0.0,0.0
1984-04-12 00:00:00-05:00,0.8061690926551819,0.8061690926551819,0.8061690926551819,0.8061690926551819,0,0.0,0.0
1984-04-13 00:00:00-05:00,0.8061690926551819,0.8061690926551819,0.8061690926551819,0.8061690926551819,0,0.0,0.0
1984-04-16 00:00:00-05:00,0.0,0.8445580303837313,0.8061690926551819,0.8061690926551819,675,0.0,0.0
1984-04-17 00:00:00-05:00,0.8061690926551819,0.8061690926551819,0.8061690926551819,0.8061690926551819,0,0.0,0.0
1984-04-18 00:00:00-05:00,0.0,0.8445580303837313,0.8061690926551819,0.8061690926551819,10125,0.0,0.0
1984-04-19 00:00:00-05:00,0.8061690926551819,0.8061690926551819,0.8061690926551819,0.8061690926551819,0,0.0,0.0
1984-04-23 00:00:00-05:00,0.8061690926551819,0.8061690926551819,0.8061690926551819,0.8061690926551819,0,0.0,0.0
1984-04-24 00:00:00-05:00,0.0,0.8445580303837313,0.8061690926551819,0.8061690926551819,675,0.0,0.0
1984-04-25 00:00:00-05:00,0.8061690926551819,0.8061690926551819,0.8061690926551819,0.8061690926551819,0,0.0,0.0
1984-04-26 00:00:00-05:00,0.0,0.8445580303837313,0.8061690926551819,0.8061690926551819,4725,0.0,0.0
1984-04-27 00:00:00-05:00,0.0,0.8445577206238707,0.8189650774002075,0.8189650774002075,4050,0.0,0.0
1984-04-30 00:00:00-04:00,0.0,0.8573540834226179,0.8189650774002075,0.8189650774002075,131625,0.0,0.0
1984-05-01 00:00:00-04:00,0.0,0.8829465784182122,0.8317613005638123,0.8317613005638123,8775,0.0,0.0
1984-05-02 00:00:00-04:00,0.0,0.882946011765651,0.857353389263153,0.8573533892631531,4050,0.0,0.0
1984-05-03 00:00:00-04:00,0.0,0.9085393321093882,0.8701503276824951,0.8701503276824951,6750,0.0,0.0
1984-05-04 00:00:00-04:00,0.0,0.9085393321093882,0.8701503276824951,0.8701503276824951,3375,0.0,0.0
1984-05-07 00:00:00-04:00,0.8701503276824951,0.8701503276824951,0.8701503276824951,0.8701503276824951,0,0.0,0.0
1984-05-08 00:00:00-04:00,0.0,0.9085392503064232,0.8829466104507446,0.8829466104507446,675,0.0,0.0
1984-05-09 00:00:00-04:00,0.0,0.9085392503064232,0.8829466104507446,0.8829466104507446,675,0.0,0.0
1984-05-10 00:00:00-04:00,0.0,0.9085392503064232,0.8829466104507446,0.8829466104507446,675,0.0,0.0
1984-05-11 00:00:00-04:00,0.0,0.9085392503064232,0.8829466104507446,0.8829466104507446,3375,0.0,0.0
1984-05-14 00:00:00-04:00,0.8829466104507446,0.8829466104507446,0.8829466104507446,0.8829466104507446,0,0.0,0.0
1984-05-15 00:00:00-04:00,0.0,0.9085392503064232,0.8829466104507446,0.8829466104507446,2700,0.0,0.0
1984-05-16 00:00:00-04:00,0.0,0.9085392503064232,0.8829466104507446,0.8829466104507446,675,0.0,0.0
1984-05-17 00:00:00-04:00,0.0,0.9213355290473524,0.8829466104507446,0.8829466104507446,1350,0.0,0.0
1984-05-18 00:00:00-04:00,0.0,0.9213355290473524,0.8829466104507446,0.8829466104507446,8100,0.0,0.0
1984-05-21 00:00:00-04:00,0.0,0.9341318077882815,0.8829466104507446,0.8829466104507446,675,0.0,0.0
1984-05-22 00:00:00-04:00,0.8829466104507446,0.8829466104507446,0.8829466104507446,0.8829466104507446,0,0.0,0.0
1984-05-23 00:00:00-04:00,0.8829466104507446,0.8829466104507446,0.8829466104507446,0.8829466104507446,0,0.0,0.0
1984-05-24 00:00:00-04:00,0.0,0.934131625510825,0.8957427144050598,0.8957427144050598,15525,0.0,0.0
1984-05-25 00:00:00-04:00,0.0,0.9341318077882815,0.8829466104507446,0.8829466104507446,2025,0.0,0.0
1984-05-29 00:00:00-04:00,0.0,0.9341318077882815,0.8829466104507446,0.8829466104507446,675,0.0,0.0
1984-05-30 00:00:00-04:00,0.8829466104507446,0.8829466104507446,0.8829466104507446,0.8829466104507446,0,0.0,0.0
1984-05-31 00:00:00-04:00,0.8829466104507446,0.8829466104507446,0.8829466104507446,0.8829466104507446,0,0.0,0.0
1984-06-01 00:00:00-04:00,0.0,0.9213355290473524,0.8829466104507446,0.8829466104507446,12825,0.0,0.0
1984-06-04 00:00:00-04:00,0.0,0.9213355290473524,0.8829466104507446,0.8829466104507446,1350,0.0,0.0
1984-06-05 00:00:00-04:00,0.0,0.9213355290473524,0.8829466104507446,0.8829466104507446,2700,0.0,0.0
1984-06-06 00:00:00-04:00,0.0,0.9213355290473524,0.8829466104507446,0.8829466104507446,1350,0.0,0.0
1984-06-07 00:00:00-04:00,0.0,0.921335349266838,0.8957427144050598,0.8957427144050598,2025,0.0,2.0
1984-06-08 00:00:00-04:00,0.0,0.934131625510825,0.8957427144050598,0.8957427144050598,4050,0.0,0.0
1984-06-11 00:00:00-04:00,0.0,0.934131625510825,0.8957427144050598,0.8957427144050598,675,0.0,0.0
1984-06-12 00:00:00-04:00,0.0,0.934131625510825,0.8957427144050598,0.8957427144050598,1013,0.0,0.0
1984-06-13 00:00:00-04:00,0.0,0.934131608808327,0.9085390567779541,0.9085390567779541,338,0.0,0.0
1984-06-14 00:00:00-04:00,0.0,0.934131608808327,0.9085390567779541,0.9085390567779541,2363,0.0,0.0
1984-06-15 00:00:00-04:00,0.9085390567779541,0.9085390567779541,0.9085390567779541,0.9085390567779541,0,0.0,0.0
1984-06-18 00:00:00-04:00,0.0,0.934131608808327,0.9085390567779541,0.9085390567779541,1688,0.0,0.0
1984-06-19 00:00:00-04:00,0.9085390567779541,0.9085390567779541,0.9085390567779541,0.9085390567779541,0,0.0,0.0
1984-06-20 00:00:00-04:00,0.0,0.934131608808327,0.9085390567779541,0.9085390567779541,675,0.0,0.0
1984-06-21 00:00:00-04:00,0.0,0.934131608808327,0.9085390567779541,0.9085390567779541,1688,0.0,0.0
1984-06-22 00:00:00-04:00,0.0,0.934131608808327,0.9085390567779541,0.9085390567779541,1688,0.0,0.0
1984-06-25 00:00:00-04:00,0.0,0.934131608808327,0.9085390567779541,0.9085390567779541,338,0.0,0.0
1984-06-26 00:00:00-04:00,0.0,0.934131608808327,0.9085390567779541,0.9085390567779541,1688,0.0,0.0
1984-06-27 00:00:00-04:00,0.9085390567779541,0.9085390567779541,0.9085390567779541,0.9085390567779541,0,0.0,0.0
1984-06-28 00:00:00-04:00,0.9085390567779541,0.9085390567779541,0.9085390567779541,0.9085390567779541,0,0.0,0.0
1984-06-29 00:00:00-04:00,0.9085390567779541,0.9085390567779541,0.9085390567779541,0.9085390567779541,0,0.0,0.0
1984-07-02 00:00:00-04:00,0.0,0.934131608808327,0.9085390567779541,0.9085390567779541,1013,0.0,0.0
1984-07-03 00:00:00-04:00,0.0,0.9469279671973162,0.9085390567779541,0.9085390567779541,2025,0.0,0.0
1984-07-05 00:00:00-04:00,0.0,0.9469279671973162,0.9085390567779541,0.9085390567779541,338,0.0,0.0
1984-07-06 00:00:00-04:00,0.9085390567779541,0.9085390567779541,0.9085390567779541,0.9085390567779541,0,0.0,0.0
1984-07-09 00:00:00-04:00,0.0,0.9469279671973162,0.9085390567779541,0.9085390567779541,2700,0.0,0.0
1984-07-10 00:00:00-04:00,0.9085390567779541,0.9085390567779541,0.9085390567779541,0.9085390567779541,0,0.0,0.0
1984-07-11 00:00:00-04:00,0.0,0.9469279671973162,0.9085390567779541,0.9085390567779541,1688,0.0,0.0
1984-07-12 00:00:00-04:00,0.0,0.9469279671973162,0.9085390567779541,0.9085390567779541,8100,0.0,0.0
1984-07-13 00:00:00-04:00,0.0,0.9469279671973162,0.9085390567779541,0.9085390567779541,3038,0.0,0.0
1984-07-16 00:00:00-04:00,0.0,0.934131608808327,0.9085390567779541,0.9085390567779541,2363,0.0,0.0
1984-07-17 00:00:00-04:00,0.0,0.934131608808327,0.9085390567779541,0.9085390567779541,338,0.0,0.0
1984-07-18 00:00:00-04:00,0.0,0.934131608808327,0.9085390567779541,0.9085390567779541,338,0.0,0.0
1984-07-19 00:00:00-04:00,0.0,0.934131608808327,0.9085390567779541,0.9085390567779541,1013,0.0,0.0
1984-07-20 00:00:00-04:00,0.0,0.9213353327931405,0.9085390567779541,0.9085390567779541,3375,0.0,0.0
1984-07-23 00:00:00-04:00,0.0,0.9213353327931405,0.9085390567779541,0.9085390567779541,4050,0.0,0.0
1984-07-24 00:00:00-04:00,0.0,0.9213353327931405,0.9085390567779541,0.9085390567779541,8438,0.0,0.0
1984-07-25 00:00:00-04:00,0.0,0.934131608808327,0.9085390567779541,0.9085390567779541,13500,0.0,0.0
1984-07-26 00:00:00-04:00,0.9085390567779541,0.9085390567779541,0.9085390567779541,0.9085390567779541,0,0.0,0.0
1984-07-27 00:00:00-04:00,0.0,0.934131608808327,0.9085390567779541,0.9085390567779541,338,0.0,0.0
1984-07-30 00:00:00-04:00,0.0,0.9597244079601082,0.9085390567779541,0.9085390567779541,4050,0.0,0.0
1984-07-31 00:00:00-04:00,0.0,0.9597244079601082,0.9085390567779541,0.9085390567779541,2025,0.0,0.0
1984-08-01 00:00:00-04:00,0.0,0.9597244079601082,0.9085390567779541,0.9085390567779541,338,0.0,0.0
1984-08-02 00:00:00-04:00,0.9085390567779541,0.9085390567779541,0.9085390567779541,0.9085390567779541,0,0.0,0.0
1984-08-03 00:00:00-04:00,0.0,0.9597243529063713,0.9213352799415588,0.9213352799415588,1350,0.0,0.0
1984-08-06 00:00:00-04:00,0.9213352799415588,0.9213352799415588,0.9213352799415588,0.9213352799415588,0,0.0,0.0
1984-08-07 00:00:00-04:00,0.9213352799415588,0.9213352799415588,0.9213352799415588,0.9213352799415588,0,0.0,0.0
1984-08-08 00:00:00-04:00,0.0,0.9597243529063713,0.9213352799415588,0.9213352799415588,338,0.0,0.0
1984-08-09 00:00:00-04:00,0.0,0.9597243529063713,0.9213352799415588,0.9213352799415588,1350,0.0,0.0
1984-08-10 00:00:00-04:00,0.9213352799415588,0.9213352799415588,0.9213352799415588,0.9213352799415588,0,0.0,0.0
1984-08-13 00:00:00-04:00,0.0,0.9725209665727605,0.9341318011283875,0.9341318011283875,2700,0.0,0.0
1984-08-14 00:00:00-04:00,0.0,0.9725209665727605,0.9341318011283875,0.9341318011283875,675,0.0,0.0
1984-08-15 00:00:00-04:00,0.9341318011283875,0.9341318011283875,0.9341318011283875,0.9341318011283875,0,0.0,0.0
1984-08-16 00:00:00-04:00,0.9341318011283875,0.9341318011283875,0.9341318011283875,0.9341318011283875,0,0.0,0.0
1984-08-17 00:00:00-04:00,0.0,0.9725209665727605,0.9341318011283875,0.9341318011283875,1013,0.0,0.0
1984-08-20 00:00:00-04:00,0.9341318011283875,0.9341318011283875,0.9341318011283875,0.9341318011283875,0,0.0,0.0
1984-08-21 00:00:00-04:00,0.0,0.9597246055492428,0.9341318011283875,0.9341318011283875,338,0.0,0.0
1984-08-22 00:00:00-04:00,0.9341318011283875,0.9341318011283875,0.9341318011283875,0.9341318011283875,0,0.0,0.0
1984-08-23 00:00:00-04:00,0.0,0.9597246055492428,0.9341318011283875,0.9341318011283875,1013,0.0,0.0
1984-08-24 00:00:00-04:00,0.0,0.9597246055492428,0.9341318011283875,0.9341318011283875,1688,0.0,0.0
1984-08-27 00:00:00-04:00,0.0,0.9597246055492428,0.9341318011283875,0.9341318011283875,675,0.0,0.0
1984-08-28 00:00:00-04:00,0.0,0.9597246055492428,0.9341318011283875,0.9341318011283875,1350,0.0,0.0
1984-08-29 00:00:00-04:00,0.0,0.9597246055492428,0.9341318011283875,0.9341318011283875,1688,0.0,0.0
1984-08-30 00:00:00-04:00,0.9341318011283875,0.9341318011283875,0.9341318011283875,0.9341318011283875,0,0.0,0.0
1984-08-31 00:00:00-04:00,0.0,0.9725209665727605,0.9341318011283875,0.9341318011283875,675,0.0,0.0
1984-09-04 00:00:00-04:00,0.0,0.9725209665727605,0.9341318011283875,0.9341318011283875,0,0.0,0.0
1984-09-05 00:00:00-04:00,0.0,0.9725209665727605,0.9341318011283875,0.9341318011283875,675,0.0,0.0
1984-09-06 00:00:00-04:00,0.0,0.9725209665727605,0.9341318011283875,0.9341318011283875,1013,0.0,0.0
1984-09-07 00:00:00-04:00,0.9341318011283875,0.9341318011283875,0.9341318011283875,0.9341318011283875,0,0.0,0.0
1984-09-10 00:00:00-04:00,0.0,0.9725209665727605,0.9341318011283875,0.9341318011283875,3713,0.0,0.0
1984-09-11 00:00:00-04:00,0.9341318011283875,0.9341318011283875,0.9341318011283875,0.9341318011283875,0,0.0,0.0
1984-09-12 00:00:00-04:00,0.0,0.9597246055492428,0.9341318011283875,0.9341318011283875,4725,0.0,0.0
1984-09-13 00:00:00-04:00,0.9341318011283875,0.9341318011283875,0.9341318011283875,0.9341318011283875,0,0.0,0.0
1984-09-14 00:00:00-04:00,0.9341318011283875,0.9341318011283875,0.9341318011283875,0.9341318011283875,0,0.0,0.0
1984-09-17 00:00:00-04:00,0.0,0.9597246055492428,0.9341318011283875,0.9341318011283875,1688,0.0,0.0
1984-09-18 00:00:00-04:00,0.0,0.9597246055492428,0.9341318011283875,0.9341318011283875,1688,0.0,0.0
1984-09-19 00:00:00-04:00,0.0,0.9597246055492428,0.9341318011283875,0.9341318011283875,338,0.0,0.0
1984-09-20 00:00:00-04:00,0.0,0.9725209665727605,0.9341318011283875,0.9341318011283875,1350,0.0,0.0
1984-09-21 00:00:00-04:00,0.0,0.9597246055492428,0.9341318011283875,0.9341318011283875,14850,0.0,0.0
1984-09-24 00:00:00-04:00,0.0,0.9725209665727605,0.9341318011283875,0.9341318011283875,36450,0.0,0.0
1984-09-25 00:00:00-04:00,0.9341318011283875,0.9341318011283875,0.9341318011283875,0.9341318011283875,0,0.0,0.0
1984-09-26 00:00:00-04:00,0.0,0.9725209665727605,0.9341318011283875,0.9341318011283875,11475,0.0,0.0
1984-09-27 00:00:00-04:00,0.0,0.9725209665727605,0.9341318011283875,0.9341318011283875,1688,0.0,0.0
1984-09-28 00:00:00-04:00,0.9341318011283875,0.9341318011283875,0.9341318011283875,0.9341318011283875,0,0.0,0.0
1984-10-01 00:00:00-04:00,0.9341318011283875,0.9341318011283875,0.9341318011283875,0.9341318011283875,0,0.0,0.0
1984-10-02 00:00:00-04:00,0.9341318011283875,0.9341318011283875,0.9341318011283875,0.9341318011283875,0,0.0,0.0
1984-10-03 00:00:00-04:00,0.9341318011283875,0.9341318011283875,0.9341318011283875,0.9341318011283875,0,0.0,0.0
1984-10-04 00:00:00-04:00,0.0,0.9725209665727605,0.9341318011283875,0.9341318011283875,675,0.0,0.0
1984-10-05 00:00:00-04:00,0.0,0.9725209665727605,0.9341318011283875,0.9341318011283875,338,0.0,0.0
1984-10-08 00:00:00-04:00,0.9341318011283875,0.9341318011283875,0.9341318011283875,0.9341318011283875,0,0.0,0.0
1984-10-09 00:00:00-04:00,0.0,0.9725209665727605,0.9341318011283875,0.9341318011283875,338,0.0,0.0
1984-10-10 00:00:00-04:00,0.0,0.9725209665727605,0.9341318011283875,0.9341318011283875,17213,0.0,0.0
1984-10-11 00:00:00-04:00,0.0,0.9725209665727605,0.9341318011283875,0.9341318011283875,1688,0.0,0.0
1984-10-12 00:00:00-04:00,0.9341318011283875,0.9341318011283875,0.9341318011283875,0.9341318011283875,0,0.0,0.0
1984-10-15 00:00:00-04:00,0.0,0.9725209665727605,0.9341318011283875,0.9341318011283875,338,0.0,0.0
1984-10-16 00:00:00-04:00,0.0,0.9853166676262245,0.9469276070594789,0.9469276070594788,8775,0.0,0.0
1984-10-17 00:00:00-04:00,0.0,0.9853166676262245,0.9469276070594789,0.9469276070594788,338,0.0,0.0
1984-10-18 00:00:00-04:00,0.9469276070594789,0.9469276070594789,0.9469276070594789,0.9469276070594788,0,0.0,0.0
1984-10-19 00:00:00-04:00,0.0,0.9853166676262245,0.9469276070594789,0.9469276070594788,1013,0.0,0.0
1984-10-22 00:00:00-04:00,0.9469276070594789,0.9469276070594789,0.9469276070594789,0.9469276070594788,0,0.0,0.0
1984-10-23 00:00:00-04:00,0.0,0.9853166676262245,0.9469276070594789,0.9469276070594788,675,0.0,0.0
1984-10-24 00:00:00-04:00,0.9469276070594789,0.9469276070594789,0.9469276070594789,0.9469276070594788,0,0.0,0.0
1984-10-25 00:00:00-04:00,0.9469276070594789,0.9469276070594789,0.9469276070594789,0.9469276070594788,0,0.0,0.0
1984-10-26 00:00:00-04:00,0.0,0.9853166676262245,0.9469276070594789,0.9469276070594788,675,0.0,0.0
1984-10-29 00:00:00-05:00,0.0,0.9853166676262245,0.9469276070594789,0.9469276070594788,1350,0.0,0.0
1984-10-30 00:00:00-05:00,0.0,0.9853172447442607,0.9597246050834657,0.9597246050834656,2025,0.0,0.0
1984-10-31 00:00:00-05:00,0.0,1.0109098650246804,0.9725209474563599,0.9725209474563599,4050,0.0,0.0
1984-11-01 00:00:00-05:00,0.0,1.023706225796666,0.9725209474563599,0.9725209474563599,2363,0.0,0.0
1984-11-02 00:00:00-05:00,0.9725209474563599,0.9725209474563599,0.9725209474563599,0.9725209474563599,0,0.0,0.0
1984-11-05 00:00:00-05:00,0.0,1.0620948201040017,1.0109095573425293,1.0109095573425293,8775,0.0,0.0
1984-11-06 00:00:00-05:00,0.0,1.0876875153693193,1.0492985248565674,1.0492985248565674,4725,0.0,0.0
1984-11-07 00:00:00-05:00,1.0492985248565674,1.0492985248565674,1.0492985248565674,1.0492985248565674,0,0.0,0.0
1984-11-08 00:00:00-05:00,0.0,1.1132803196935077,1.062095046043396,1.062095046043396,675,0.0,0.0
1984-11-09 00:00:00-05:00,1.062095046043396,1.062095046043396,1.062095046043396,1.062095046043396,0,0.0,0.0
1984-11-12 00:00:00-05:00,0.0,1.1132803196935077,1.062095046043396,1.062095046043396,1013,0.0,0.0
1984-11-13 00:00:00-05:00,1.062095046043396,1.062095046043396,1.062095046043396,1.062095046043396,0,0.0,0.0
1984-11-14 00:00:00-05:00,0.0,1.1132803196935077,1.062095046043396,1.062095046043396,338,0.0,0.0
1984-11-15 00:00:00-05:00,0.0,1.1132803196935077,1.062095046043396,1.062095046043396,675,0.0,0.0
1984-11-16 00:00:00-05:00,1.062095046043396,1.062095046043396,1.062095046043396,1.062095046043396,0,0.0,0.0
1984-11-19 00:00:00-05:00,1.062095046043396,1.062095046043396,1.062095046043396,1.062095046043396,0,0.0,0.0
1984-11-20 00:00:00-05:00,0.0,1.177262467584736,1.1260771751403809,1.1260771751403809,7088,0.0,0.0
1984-11-21 00:00:00-05:00,0.0,1.177262467584736,1.1260771751403809,1.1260771751403809,675,0.0,0.0
1984-11-23 00:00:00-05:00,0.0,1.1772618903964946,1.1388729810714722,1.1388729810714722,338,0.0,0.0
1984-11-26 00:00:00-05:00,0.0,1.1772618903964946,1.1388729810714722,1.1388729810714722,1688,0.0,0.0
1984-11-27 00:00:00-05:00,0.0,1.2028549050277304,1.1516696214675903,1.1516696214675903,2025,0.0,0.0
1984-11-28 00:00:00-05:00,0.0,1.2668358636087356,1.2284469604492188,1.2284469604492188,7425,0.0,0.0
1984-11-29 00:00:00-05:00,0.0,1.279631950227397,1.2540394067764282,1.2540394067764282,4050,0.0,0.0
1984-11-30 00:00:00-05:00,0.0,1.2796328840376985,1.2412439584732056,1.2412439584732056,2025,0.0,0.0
1984-12-03 00:00:00-05:00,0.0,1.2796328840376985,1.2412439584732056,1.2412439584732056,338,0.0,0.0
1984-12-04 00:00:00-05:00,1.2412439584732056,1.2412439584732056,1.2412439584732056,1.2412439584732056,0,0.0,0.0
1984-12-05 00:00:00-05:00,1.2412439584732056,1.2412439584732056,1.2412439584732056,1.2412439584732056,0,0.0,0.0
1984-12-06 00:00:00-05:00,0.0,1.2412433001156729,1.2028543949127197,1.2028543949127197,338,0.0,0.0
1984-12-07 00:00:00-05:00,0.0,1.2412433001156729,1.2028543949127197,1.2028543949127197,1688,0.0,0.0
1984-12-10 00:00:00-05:00,1.2028543949127197,1.2028543949127197,1.2028543949127197,1.2028543949127197,0,0.0,0.0
1984-12-11 00:00:00-05:00,0.0,1.260674403420977,1.2212783098220825,1.2212783098220825,338,0.178,0.0
1984-12-12 00:00:00-05:00,0.0,1.195015209998938,1.1687512397766113,1.1687512397766113,16538,0.0,0.0
1984-12-13 00:00:00-05:00,0.0,1.181882832857243,1.1556187868118286,1.1556187868118286,338,0.0,0.0
1984-12-14 00:00:00-05:00,1.1556187868118286,1.1556187868118286,1.1556187868118286,1.1556187868118286,0,0.0,0.0
1984-12-17 00:00:00-05:00,1.1556187868118286,1.1556187868118286,1.1556187868118286,1.1556187868118286,0,0.0,0.0
1984-12-18 00:00:00-05:00,0.0,1.181882832857243,1.1556187868118286,1.1556187868118286,1013,0.0,0.0
1984-12-19 00:00:00-05:00,0.0,1.181882272624377,1.1424860954284668,1.1424860954284668,1350,0.0,0.0
1984-12-20 00:00:00-05:00,0.0,1.181882272624377,1.1424860954284668,1.1424860954284668,338,0.0,0.0
1984-12-21 00:00:00-05:00,0.0,1.181882272624377,1.1424860954284668,1.1424860954284668,675,0.0,0.0
1984-12-24 00:00:00-05:00,0.0,1.181882272624377,1.1424860954284668,1.1424860954284668,338,0.0,0.0
1984-12-26 00:00:00-05:00,1.1424860954284668,1.1424860954284668,1.1424860954284668,1.1424860954284668,0,0.0,0.0
1984-12-27 00:00:00-05:00,1.1424860954284668,1.1424860954284668,1.1424860954284668,1.1424860954284668,0,0.0,0.0
1984-12-28 00:00:00-05:00,0.0,1.181882272624377,1.1424860954284668,1.1424860954284668,2025,0.0,0.0
1984-12-31 00:00:00-05:00,1.1424860954284668,1.1424860954284668,1.1424860954284668,1.1424860954284668,0,0.0,0.0
1985-01-02 00:00:00-05:00,1.1424860954284668,1.1424860954284668,1.1424860954284668,1.1424860954284668,0,0.0,0.0
1985-01-03 00:00:00-05:00,0.0,1.1950148136125285,1.1556187868118286,1.1556187868118286,675,0.0,0.0
1985-01-04 00:00:00-05:00,1.1556187868118286,1.1556187868118286,1.1556187868118286,1.1556187868118286,0,0.0,0.0
1985-01-07 00:00:00-05:00,0.0,1.2212788859243697,1.1818828582763672,1.1818828582763672,3713,0.0,0.0
1985-01-08 00:00:00-05:00,0.0,1.2344109514969341,1.1818828582763672,1.1818828582763672,1688,0.0,0.0
1985-01-09 00:00:00-05:00,0.0,1.2738063782640712,1.2212783098220825,1.2212783098220825,7425,0.0,0.0
1985-01-10 00:00:00-05:00,0.0,1.3132025870151378,1.2738065719604492,1.2738065719604492,7088,0.0,0.0
1985-01-11 00:00:00-05:00,0.0,1.3132025870151378,1.2738065719604492,1.2738065719604492,675,0.0,0.0
1985-01-14 00:00:00-05:00,0.0,1.3132032298809935,1.286939263343811,1.286939263343811,3713,0.0,0.0
1985-01-15 00:00:00-05:00,0.0,1.3132032298809935,1.286939263343811,1.286939263343811,0,0.0,0.0
1985-01-16 00:00:00-05:00,0.0,1.3132032298809935,1.286939263343811,1.286939263343811,1688,0.0,0.0
1985-01-17 00:00:00-05:00,0.0,1.3132025870151378,1.2738065719604492,1.2738065719604492,4050,0.0,0.0
1985-01-18 00:00:00-05:00,0.0,1.3132025870151378,1.2738065719604492,1.2738065719604492,338,0.0,0.0
1985-01-21 00:00:00-05:00,0.0,1.300070610175181,1.2738065719604492,1.2738065719604492,2025,0.0,0.0
1985-01-22 00:00:00-05:00,0.0,1.300070610175181,1.2738065719604492,1.2738065719604492,675,0.0,0.0
1985-01-23 00:00:00-05:00,0.0,1.2869388774480266,1.2606748342514038,1.2606748342514038,7088,0.0,0.0
1985-01-24 00:00:00-05:00,0.0,1.2738066613983812,1.2344106435775757,1.2344106435775757,1688,0.0,0.0
1985-01-25 00:00:00-05:00,0.0,1.2738066613983812,1.2344106435775757,1.2344106435775757,3375,0.0,0.0
1985-01-28 00:00:00-05:00,1.2344106435775757,1.2344106435775757,1.2344106435775757,1.2344106435775757,0,0.0,0.0
1985-01-29 00:00:00-05:00,0.0,1.2869395828257857,1.247543454170227,1.247543454170227,3375,0.0,0.0
1985-01-30 00:00:00-05:00,0.0,1.2869395828257857,1.247543454170227,1.247543454170227,338,0.0,0.0
1985-01-31 00:00:00-05:00,1.247543454170227,1.247543454170227,1.247543454170227,1.247543454170227,0,0.0,0.0
1985-02-01 00:00:00-05:00,0.0,1.2869395828257857,1.247543454170227,1.247543454170227,338,0.0,0.0
1985-02-04 00:00:00-05:00,0.0,1.2869395828257857,1.247543454170227,1.247543454170227,1013,0.0,0.0
1985-02-05 00:00:00-05:00,0.0,1.3000715693543847,1.247543454170227,1.247543454170227,3713,0.0,0.0
1985-02-06 00:00:00-05:00,0.0,1.3394674426653952,1.3000712394714355,1.3000712394714355,4725,0.0,0.0
1985-02-07 00:00:00-05:00,1.3000712394714355,1.3000712394714355,1.3000712394714355,1.3000712394714355,0,0.0,0.0
1985-02-08 00:00:00-05:00,0.0,1.3525998714725698,1.3132035732269287,1.3132035732269287,3375,0.0,0.0
1985-02-11 00:00:00-05:00,0.0,1.3657318581746074,1.3132035732269287,1.3132035732269287,675,0.0,0.0
1985-02-12 00:00:00-05:00,0.0,1.3525998714725698,1.3132035732269287,1.3132035732269287,2025,0.0,0.0
1985-02-13 00:00:00-05:00,0.0,1.3525998714725698,1.3132035732269287,1.3132035732269287,1013,0.0,0.0
1985-02-14 00:00:00-05:00,0.0,1.3525998714725698,1.3132035732269287,1.3132035732269287,2025,0.0,0.0
1985-02-15 00:00:00-05:00,1.3132035732269287,1.3132035732269287,1.3132035732269287,1.3132035732269287,0,0.0,0.0
1985-02-19 00:00:00-05:00,0.0,1.3657310009002686,1.3657310009002686,1.3657310009002686,675,0.0,0.0
1985-02-20 00:00:00-05:00,1.3657310009002686,1.3657310009002686,1.3657310009002686,1.3657310009002686,0,0.0,0.0
1985-02-21 00:00:00-05:00,0.0,1.3657310009002686,1.3525990224412217,1.3657310009002686,5738,0.0,0.0
1985-02-22 00:00:00-05:00,0.0,1.3657310009002686,1.3657310009002686,1.3657310009002686,675,0.0,0.0
1985-02-25 00:00:00-05:00,1.3657310009002686,1.3657310009002686,1.3657310009002686,1.3657310009002686,0,0.0,0.0
1985-02-26 00:00:00-05:00,0.0,1.3657310009002686,1.3263348119186413,1.3657310009002686,2363,0.0,0.0
1985-02-27 00:00:00-05:00,1.3657310009002686,1.3657310009002686,1.3657310009002686,1.3657310009002686,0,0.0,0.0
1985-02-28 00:00:00-05:00,0.0,1.3263349533081055,1.3263349533081055,1.3263349533081055,675,0.0,0.0
1985-03-01 00:00:00-05:00,1.3263349533081055,1.3263349533081055,1.3263349533081055,1.3263349533081055,0,0.0,0.0
1985-03-04 00:00:00-05:00,1.3263349533081055,1.3263349533081055,1.3263349533081055,1.3263349533081055,0,0.0,0.0
1985-03-05 00:00:00-05:00,0.0,1.3990168571472168,1.3990168571472168,1.3990168571472168,338,0.178,0.0
1985-03-06 00:00:00-05:00,1.3990168571472168,1.3990168571472168,1.3990168571472168,1.3990168571472168,0,0.0,0.0
1985-03-07 00:00:00-05:00,1.3990168571472168,1.3990168571472168,1.3990168571472168,1.3990168571472168,0,0.0,0.0
1985-03-08 00:00:00-05:00,0.0,1.358660340309143,1.358660340309143,1.358660340309143,675,0.0,0.0
1985-03-11 00:00:00-05:00,0.0,1.3990168571472168,1.3586604967392575,1.3990168571472168,2025,0.0,0.0
1985-03-12 00:00:00-05:00,0.0,1.399016696070651,1.358660340309143,1.358660340309143,1013,0.0,0.0
1985-03-13 00:00:00-05:00,0.0,1.399016696070651,1.358660340309143,1.358660340309143,4050,0.0,0.0
1985-03-14 00:00:00-05:00,0.0,1.3990168571472168,1.3990168571472168,1.3990168571472168,338,0.0,0.0
1985-03-15 00:00:00-05:00,0.0,1.3990168571472168,1.3990168571472168,1.3990168571472168,675,0.0,0.0
1985-03-18 00:00:00-05:00,0.0,1.3990168571472168,1.3990168571472168,1.3990168571472168,338,0.0,0.0
1985-03-19 00:00:00-05:00,0.0,1.412468433380127,1.412468433380127,1.412468433380127,1350,0.0,0.0
1985-03-20 00:00:00-05:00,1.412468433380127,1.412468433380127,1.412468433380127,1.412468433380127,0,0.0,0.0
1985-03-21 00:00:00-05:00,1.412468433380127,1.412468433380127,1.412468433380127,1.412468433380127,0,0.0,0.0
1985-03-22 00:00:00-05:00,0.0,1.412468433380127,1.412468433380127,1.412468433380127,1688,0.0,0.0
1985-03-25 00:00:00-05:00,1.412468433380127,1.412468433380127,1.412468433380127,1.412468433380127,0,0.0,0.0
1985-03-26 00:00:00-05:00,1.412468433380127,1.412468433380127,1.412468433380127,1.412468433380127,0,0.0,0.0
1985-03-27 00:00:00-05:00,0.0,1.412468433380127,1.412468433380127,1.412468433380127,2363,0.0,0.0
1985-03-28 00:00:00-05:00,1.412468433380127,1.412468433380127,1.412468433380127,1.412468433380127,0,0.0,0.0
1985-03-29 00:00:00-05:00,1.412468433380127,1.412468433380127,1.412468433380127,1.412468433380127,0,0.0,0.0
1985-04-01 00:00:00-05:00,0.0,1.412468433380127,1.412468433380127,1.412468433380127,675,0.0,0.0
1985-04-02 00:00:00-05:00,0.0,1.412468977283203,1.3990168571472168,1.3990168571472168,3038,0.0,0.0
1985-04-03 00:00:00-05:00,0.0,1.358660340309143,1.358660340309143,1.358660340309143,6750,0.0,0.0
1985-04-04 00:00:00-05:00,1.358660340309143,1.358660340309143,1.358660340309143,1.358660340309143,0,0.0,0.0
1985-04-08 00:00:00-05:00,0.0,1.358660340309143,1.358660340309143,1.358660340309143,675,0.0,0.0
1985-04-09 00:00:00-05:00,0.0,1.3855646640785995,1.358660340309143,1.358660340309143,5063,0.0,0.0
1985-04-10 00:00:00-05:00,0.0,1.358660340309143,1.358660340309143,1.358660340309143,1688,0.0,0.0
1985-04-11 00:00:00-05:00,1.358660340309143,1.358660340309143,1.358660340309143,1.358660340309143,0,0.0,0.0
1985-04-12 00:00:00-05:00,1.358660340309143,1.358660340309143,1.358660340309143,1.358660340309143,0,0.0,0.0
1985-04-15 00:00:00-05:00,0.0,1.358660340309143,1.358660340309143,1.358660340309143,1688,0.0,0.0
1985-04-16 00:00:00-05:00,0.0,1.3855645656585693,1.3855645656585693,1.3855645656585693,338,0.0,0.0
1985-04-17 00:00:00-05:00,0.0,1.3855645656585693,1.3855645656585693,1.3855645656585693,338,0.0,0.0
1985-04-18 00:00:00-05:00,0.0,1.3855645656585693,1.3855645656585693,1.3855645656585693,338,0.0,0.0
1985-04-19 00:00:00-05:00,1.3855645656585693,1.3855645656585693,1.3855645656585693,1.3855645656585693,0,0.0,0.0
1985-04-22 00:00:00-05:00,0.0,1.3855645656585693,1.3855645656585693,1.3855645656585693,338,0.0,0.0
1985-04-23 00:00:00-05:00,0.0,1.358660340309143,1.358660340309143,1.358660340309143,338,0.0,0.0
1985-04-24 00:00:00-05:00,0.0,1.3855646199946623,1.3653864860534668,1.3653864860534668,3375,0.0,0.0
1985-04-25 00:00:00-05:00,0.0,1.3653864860534668,1.3653864860534668,1.3653864860534668,2025,0.0,0.0
1985-04-26 00:00:00-05:00,0.0,1.385564871609114,1.37211275100708,1.37211275100708,675,0.0,0.0
1985-04-29 00:00:00-04:00,0.0,1.3855654682747365,1.345209002494812,1.345209002494812,2363,0.0,0.0
1985-04-30 00:00:00-04:00,1.345209002494812,1.345209002494812,1.345209002494812,1.345209002494812,0,0.0,0.0
1985-05-01 00:00:00-04:00,1.345209002494812,1.345209002494812,1.345209002494812,1.345209002494812,0,0.0,0.0
1985-05-02 00:00:00-04:00,0.0,1.3721133418798177,1.345209002494812,1.345209002494812,675,0.0,0.0
1985-05-03 00:00:00-04:00,0.0,1.3721125454914302,1.3452082217219739,1.358660340309143,3038,0.0,0.0
1985-05-06 00:00:00-04:00,0.0,1.358660340309143,1.3183041577378711,1.358660340309143,3375,0.0,0.0
1985-05-07 00:00:00-04:00,1.358660340309143,1.358660340309143,1.358660340309143,1.358660340309143,0,0.0,0.0
1985-05-08 00:00:00-04:00,1.358660340309143,1.358660340309143,1.358660340309143,1.358660340309143,0,0.0,0.0
1985-05-09 00:00:00-04:00,0.0,1.358660340309143,1.358660340309143,1.358660340309143,1350,0.0,0.0
1985-05-10 00:00:00-04:00,0.0,1.358660340309143,1.358660340309143,1.358660340309143,1688,0.0,0.0
1985-05-13 00:00:00-04:00,0.0,1.3183046579360962,1.30485253424485,1.3183046579360962,7425,0.0,0.0
1985-05-14 00:00:00-04:00,0.0,1.345209002494812,1.345209002494812,1.345209002494812,338,0.0,0.0
1985-05-15 00:00:00-04:00,0.0,1.331755793771782,1.3048516511917114,1.3048516511917114,5400,0.0,0.0
1985-05-16 00:00:00-04:00,0.0,1.3183046579360962,1.2914004971487547,1.3183046579360962,4725,0.0,0.0
1985-05-17 00:00:00-04:00,0.0,1.3183039835648944,1.2913998365402222,1.2913998365402222,3375,0.0,0.0
1985-05-20 00:00:00-04:00,0.0,1.3183039835648944,1.2913998365402222,1.2913998365402222,1350,0.0,0.0
1985-05-21 00:00:00-04:00,0.0,1.2913998365402222,1.2779477197303328,1.2913998365402222,2363,0.0,0.0
1985-05-22 00:00:00-04:00,0.0,1.3183037657792929,1.2779475086116407,1.3048516511917114,4388,0.0,0.0
1985-05-23 00:00:00-04:00,0.0,1.3048516511917114,1.2779475086116407,1.3048516511917114,1013,0.0,0.0
1985-05-24 00:00:00-04:00,0.0,1.3183037657792929,1.2913996231992222,1.3048516511917114,15188,0.0,0.0
1985-05-28 00:00:00-04:00,0.0,1.3317561149597168,1.3048519658910045,1.3317561149597168,5063,0.0,0.0
1985-05-29 00:00:00-04:00,0.0,1.3317561149597168,1.3317561149597168,1.3317561149597168,6075,0.0,0.0
1985-05-30 00:00:00-04:00,0.0,1.345209002494812,1.345209002494812,1.345209002494812,1350,0.0,0.0
1985-05-31 00:00:00-04:00,0.0,1.3317562238020788,1.3250302076339722,1.3250302076339722,6750,0.0,0.0
1985-06-03 00:00:00-04:00,1.3581640720367432,1.3581640720367432,1.3581640720367432,1.3581640720367432,0,0.178,0.0
1985-06-04 00:00:00-04:00,0.0,1.3788472414016724,1.3788472414016724,1.3788472414016724,675,0.0,0.0
1985-06-05 00:00:00-04:00,0.0,1.3788472414016724,1.3788472414016724,1.3788472414016724,338,0.0,0.0
1985-06-06 00:00:00-04:00,1.3788472414016724,1.3788472414016724,1.3788472414016724,1.3788472414016724,0,0.0,0.0
1985-06-07 00:00:00-04:00,0.0,1.3650586177068185,1.3512701988220215,1.3512701988220215,2363,0.0,0.0
1985-06-10 00:00:00-04:00,0.0,1.3788464777572285,1.3512696511642803,1.3650580644607544,11138,0.0,0.0
1985-06-11 00:00:00-04:00,0.0,1.3650580644607544,1.3512696511642803,1.3650580644607544,13838,0.0,0.0
1985-06-12 00:00:00-04:00,1.3650580644607544,1.3650580644607544,1.3650580644607544,1.3650580644607544,0,0.0,0.0
1985-06-13 00:00:00-04:00,1.3650580644607544,1.3650580644607544,1.3650580644607544,1.3650580644607544,0,0.0,0.0
1985-06-14 00:00:00-04:00,0.0,1.3788464777572285,1.3650580644607544,1.3650580644607544,2025,0.0,0.0
1985-06-17 00:00:00-04:00,0.0,1.3788472414016724,1.3512703995358921,1.3788472414016724,4050,0.0,0.0
1985-06-18 00:00:00-04:00,1.3788472414016724,1.3788472414016724,1.3788472414016724,1.3788472414016724,0,0.0,0.0
1985-06-19 00:00:00-04:00,0.0,1.3788472414016724,1.3788472414016724,1.3788472414016724,1013,0.0,0.0
1985-06-20 00:00:00-04:00,0.0,1.4064239263534546,1.3512699929361303,1.4064239263534546,8100,0.0,0.0
1985-06-21 00:00:00-04:00,0.0,1.3650580644607544,1.3650580644607544,1.3650580644607544,2025,0.0,0.0
1985-06-24 00:00:00-04:00,1.3650580644607544,1.3650580644607544,1.3650580644607544,1.3650580644607544,0,0.0,0.0
1985-06-25 00:00:00-04:00,0.0,1.3650580644607544,1.3650580644607544,1.3650580644607544,675,0.0,0.0
1985-06-26 00:00:00-04:00,0.0,1.3650580644607544,1.3650580644607544,1.3650580644607544,675,0.0,0.0
1985-06-27 00:00:00-04:00,0.0,1.3926352262496948,1.3650583060163246,1.3926352262496948,1688,0.0,0.0
1985-06-28 00:00:00-04:00,0.0,1.3926357510951255,1.3788472414016724,1.3788472414016724,7088,0.0,0.0
1985-07-01 00:00:00-04:00,1.3788472414016724,1.3788472414016724,1.3788472414016724,1.3788472414016724,0,0.0,0.0
1985-07-02 00:00:00-04:00,0.0,1.3788472414016724,1.3788472414016724,1.3788472414016724,2025,0.0,0.0
1985-07-03 00:00:00-04:00,1.3788472414016724,1.3788472414016724,1.3788472414016724,1.3788472414016724,0,0.0,0.0
1985-07-05 00:00:00-04:00,1.3788472414016724,1.3788472414016724,1.3788472414016724,1.3788472414016724,0,0.0,0.0
1985-07-08 00:00:00-04:00,0.0,1.3926352262496948,1.378846721752745,1.3926352262496948,2025,0.0,0.0
1985-07-09 00:00:00-04:00,0.0,1.3926352262496948,1.378846721752745,1.3926352262496948,7088,0.0,0.0
1985-07-10 00:00:00-04:00,1.3926352262496948,1.3926352262496948,1.3926352262496948,1.3926352262496948,0,0.0,0.0
1985-07-11 00:00:00-04:00,0.0,1.4064239263534546,1.4064239263534546,1.4064239263534546,675,0.0,0.0
1985-07-12 00:00:00-04:00,0.0,1.4340007305145264,1.4064238104585796,1.4340007305145264,4725,0.0,0.0
1985-07-15 00:00:00-04:00,0.0,1.4753663539886475,1.4202125064371347,1.4753663539886475,1013,0.0,0.0
1985-07-16 00:00:00-04:00,0.0,1.4202122688293457,1.4202122688293457,1.4202122688293457,338,0.0,0.0
1985-07-17 00:00:00-04:00,0.0,1.4753655040421758,1.434000097828556,1.4477885961532593,12150,0.0,0.0
1985-07-18 00:00:00-04:00,0.0,1.4753663539886475,1.4753663539886475,1.4753663539886475,1013,0.0,0.0
1985-07-19 00:00:00-04:00,0.0,1.4477885961532593,1.4477885961532593,1.4477885961532593,6075,0.0,0.0
1985-07-22 00:00:00-04:00,1.4477885961532593,1.4477885961532593,1.4477885961532593,1.4477885961532593,0,0.0,0.0
1985-07-23 00:00:00-04:00,0.0,1.4753655040421758,1.4477885961532593,1.4477885961532593,1350,0.0,0.0
1985-07-24 00:00:00-04:00,0.0,1.4891552925109863,1.4891552925109863,1.4891552925109863,1013,0.0,0.0
1985-07-25 00:00:00-04:00,0.0,1.489153913606389,1.4477885961532593,1.4477885961532593,2363,0.0,0.0
1985-07-26 00:00:00-04:00,0.0,1.489153913606389,1.4477885961532593,1.4477885961532593,3375,0.0,0.0
1985-07-29 00:00:00-04:00,1.4477885961532593,1.4477885961532593,1.4477885961532593,1.4477885961532593,0,0.0,0.0
1985-07-30 00:00:00-04:00,0.0,1.4891552925109863,1.4891552925109863,1.4891552925109863,675,0.0,0.0
1985-07-31 00:00:00-04:00,1.4891552925109863,1.4891552925109863,1.4891552925109863,1.4891552925109863,0,0.0,0.0
1985-08-01 00:00:00-04:00,0.0,1.4891552925109863,1.4891552925109863,1.4891552925109863,338,0.0,0.0
1985-08-02 00:00:00-04:00,1.4891552925109863,1.4891552925109863,1.4891552925109863,1.4891552925109863,0,0.0,0.0
1985-08-05 00:00:00-04:00,0.0,1.4615770057174724,1.4477885961532593,1.4477885961532593,6075,0.0,0.0
1985-08-06 00:00:00-04:00,0.0,1.4684712104995792,1.4477885961532593,1.4477885961532593,3038,0.0,0.0
1985-08-07 00:00:00-04:00,0.0,1.4477892349227643,1.4340007305145264,1.4340007305145264,4050,0.0,0.0
1985-08-08 00:00:00-04:00,0.0,1.4615776538848877,1.4615776538848877,1.4615776538848877,675,0.0,0.0
1985-08-09 00:00:00-04:00,0.0,1.4615776538848877,1.4615776538848877,1.4615776538848877,338,0.0,0.0
1985-08-12 00:00:00-04:00,1.4615776538848877,1.4615776538848877,1.4615776538848877,1.4615776538848877,0,0.0,0.0
1985-08-13 00:00:00-04:00,0.0,1.4477885961532593,1.4477885961532593,1.4477885961532593,338,0.0,0.0
1985-08-14 00:00:00-04:00,0.0,1.4615776538848877,1.4615776538848877,1.4615776538848877,4050,0.0,0.0
1985-08-15 00:00:00-04:00,1.4615776538848877,1.4615776538848877,1.4615776538848877,1.4615776538848877,0,0.0,0.0
1985-08-16 00:00:00-04:00,0.0,1.4615776538848877,1.4615776538848877,1.4615776538848877,1350,0.0,0.0
1985-08-19 00:00:00-04:00,0.0,1.4340007305145264,1.4340007305145264,1.4340007305145264,1013,0.0,0.0
1985-08-20 00:00:00-04:00,0.0,1.4340007305145264,1.4340007305145264,1.4340007305145264,675,0.0,0.0
1985-08-21 00:00:00-04:00,1.4340007305145264,1.4340007305145264,1.4340007305145264,1.4340007305145264,0,0.0,0.0
1985-08-22 00:00:00-04:00,0.0,1.4753661549787112,1.4340007305145264,1.4340007305145264,12825,0.0,0.0
1985-08-23 00:00:00-04:00,1.4340007305145264,1.4340007305145264,1.4340007305145264,1.4340007305145264,0,0.0,0.0
1985-08-26 00:00:00-04:00,0.0,1.4615776538848877,1.4615776538848877,1.4615776538848877,675,0.0,0.0
1985-08-27 00:00:00-04:00,1.4615776538848877,1.4615776538848877,1.4615776538848877,1.4615776538848877,0,0.0,0.0
1985-08-28 00:00:00-04:00,0.0,1.4615776538848877,1.4546834460453995,1.4615776538848877,1688,0.0,0.0
1985-08-29 00:00:00-04:00,0.0,1.4340007305145264,1.4340007305145264,1.4340007305145264,3038,0.0,0.0
1985-08-30 00:00:00-04:00,0.0,1.4538034200668335,1.4538034200668335,1.4538034200668335,675,0.178,0.0
1985-09-03 00:00:00-04:00,1.4538034200668335,1.4538034200668335,1.4538034200668335,1.4538034200668335,0,0.0,0.0
1985-09-04 00:00:00-04:00,0.0,1.4467462301254272,1.4467462301254272,1.4467462301254272,1688,0.0,0.0
1985-09-05 00:00:00-04:00,0.0,1.4396893978118896,1.4396893978118896,1.4396893978118896,338,0.0,0.0
1985-09-06 00:00:00-04:00,0.0,1.4396883547295403,1.3973444700241089,1.3973444700241089,3038,0.0,0.0
1985-09-09 00:00:00-04:00,0.0,1.4396893978118896,1.3973454824274862,1.4396893978118896,1013,0.0,0.0
1985-09-10 00:00:00-04:00,0.0,1.3973444700241089,1.3973444700241089,1.3973444700241089,675,0.0,0.0
1985-09-11 00:00:00-04:00,0.0,1.4114598979586785,1.3832308053970337,1.3832308053970337,2363,0.0,0.0
1985-09-12 00:00:00-04:00,0.0,1.3973444700241089,1.3550007670384399,1.3973444700241089,4388,0.0,0.0
1985-09-13 00:00:00-04:00,0.0,1.3973444700241089,1.3973444700241089,1.3973444700241089,338,0.0,0.0
1985-09-16 00:00:00-04:00,0.0,1.3973444362927314,1.3550007343292236,1.3550007343292236,1350,0.0,0.0
1985-09-17 00:00:00-04:00,1.3550007343292236,1.3550007343292236,1.3550007343292236,1.3550007343292236,0,0.0,0.0
1985-09-18 00:00:00-04:00,0.0,1.3832298992581884,1.3550007343292236,1.3550007343292236,2025,0.0,0.0
1985-09-19 00:00:00-04:00,0.0,1.3832308053970337,1.3550016219754502,1.3832308053970337,4388,0.0,0.0
1985-09-20 00:00:00-04:00,1.3832308053970337,1.3832308053970337,1.3832308053970337,1.3832308053970337,0,0.0,0.0
1985-09-23 00:00:00-04:00,0.0,1.3408865928649902,1.3408865928649902,1.3408865928649902,338,0.0,0.0
1985-09-24 00:00:00-04:00,1.3408865928649902,1.3408865928649902,1.3408865928649902,1.3408865928649902,0,0.0,0.0
1985-09-25 00:00:00-04:00,1.3408865928649902,1.3408865928649902,1.3408865928649902,1.3408865928649902,0,0.0,0.0
1985-09-26 00:00:00-04:00,1.3408865928649902,1.3408865928649902,1.3408865928649902,1.3408865928649902,0,0.0,0.0
1985-09-30 00:00:00-04:00,0.0,1.3832308053970337,1.3832308053970337,1.3832308053970337,5063,0.0,0.0
1985-10-01 00:00:00-04:00,0.0,1.3691158294677734,1.3550012866796026,1.3691158294677734,2700,0.0,0.0
1985-10-02 00:00:00-04:00,1.3691158294677734,1.3691158294677734,1.3691158294677734,1.3691158294677734,0,0.0,0.0
1985-10-03 00:00:00-04:00,0.0,1.3973450059040309,1.3691158294677734,1.3691158294677734,1013,0.0,0.0
1985-10-04 00:00:00-04:00,1.3691158294677734,1.3691158294677734,1.3691158294677734,1.3691158294677734,0,0.0,0.0
1985-10-07 00:00:00-04:00,0.0,1.3408865928649902,1.3408865928649902,1.3408865928649902,338,0.0,0.0
1985-10-08 00:00:00-04:00,0.0,1.383230401049338,1.3408865928649902,1.3408865928649902,2025,0.0,0.0
1985-10-09 00:00:00-04:00,0.0,1.3408865928649902,1.3408865928649902,1.3408865928649902,338,0.0,0.0
1985-10-10 00:00:00-04:00,0.0,1.3691157680345847,1.326772050710149,1.3408865928649902,11475,0.0,0.0
1985-10-11 00:00:00-04:00,0.0,1.3126572370529175,1.3126572370529175,1.3126572370529175,675,0.0,0.0
1985-10-14 00:00:00-04:00,0.0,1.3408865928649902,1.3408865928649902,1.3408865928649902,1013,0.0,0.0
1985-10-15 00:00:00-04:00,1.3408865928649902,1.3408865928649902,1.3408865928649902,1.3408865928649902,0,0.0,0.0
1985-10-16 00:00:00-04:00,0.0,1.3408865159083734,1.3267719745635986,1.3267719745635986,3375,0.0,0.0
1985-10-17 00:00:00-04:00,0.0,1.3408865928649902,1.3408865928649902,1.3408865928649902,338,0.0,0.0
1985-10-18 00:00:00-04:00,1.3408865928649902,1.3408865928649902,1.3408865928649902,1.3408865928649902,0,0.0,0.0
1985-10-21 00:00:00-04:00,1.3408865928649902,1.3408865928649902,1.3408865928649902,1.3408865928649902,0,0.0,0.0
1985-10-22 00:00:00-04:00,1.3408865928649902,1.3408865928649902,1.3408865928649902,1.3408865928649902,0,0.0,0.0
1985-10-23 00:00:00-04:00,0.0,1.298542857170105,1.298542857170105,1.298542857170105,338,0.0,0.0
1985-10-24 00:00:00-04:00,0.0,1.3267719745635986,1.3267719745635986,1.3267719745635986,675,0.0,0.0
1985-10-25 00:00:00-04:00,0.0,1.3408865928649902,1.3408865928649902,1.3408865928649902,675,0.0,0.0
1985-10-28 00:00:00-05:00,0.0,1.3267714312361578,1.2844276428222656,1.2844276428222656,1688,0.0,0.0
1985-10-29 00:00:00-05:00,0.0,1.2844276428222656,1.2844276428222656,1.2844276428222656,675,0.0,0.0
1985-10-30 00:00:00-05:00,0.0,1.2844276428222656,1.2844276428222656,1.2844276428222656,675,0.0,0.0
1985-10-31 00:00:00-05:00,0.0,1.2844276428222656,1.2844276428222656,1.2844276428222656,338,0.0,0.0
1985-11-01 00:00:00-05:00,1.2844276428222656,1.2844276428222656,1.2844276428222656,1.2844276428222656,0,0.0,0.0
1985-11-04 00:00:00-05:00,0.0,1.3267714312361578,1.2844276428222656,1.2844276428222656,1350,0.0,0.0
1985-11-05 00:00:00-05:00,0.0,1.2844276428222656,1.2844276428222656,1.2844276428222656,1013,0.0,0.0
1985-11-06 00:00:00-05:00,0.0,1.2844276428222656,1.2844276428222656,1.2844276428222656,675,0.0,0.0
1985-11-07 00:00:00-05:00,0.0,1.3267719745635986,1.3267719745635986,1.3267719745635986,1350,0.0,0.0
1985-11-08 00:00:00-05:00,1.3267719745635986,1.3267719745635986,1.3267719745635986,1.3267719745635986,0,0.0,0.0
1985-11-11 00:00:00-05:00,0.0,1.3267714312361578,1.2844276428222656,1.2844276428222656,2700,0.0,0.0
1985-11-12 00:00:00-05:00,0.0,1.3267719745635986,1.2844281688094612,1.3267719745635986,1350,0.0,0.0
1985-11-13 00:00:00-05:00,0.0,1.3267714312361578,1.2844276428222656,1.2844276428222656,1013,0.0,0.0
1985-11-14 00:00:00-05:00,0.0,1.2844276428222656,1.2844276428222656,1.2844276428222656,675,0.0,0.0
1985-11-15 00:00:00-05:00,0.0,1.3267719745635986,1.3267719745635986,1.3267719745635986,338,0.0,0.0
1985-11-18 00:00:00-05:00,0.0,1.3267720319403422,1.2844282243550311,1.298542857170105,3038,0.0,0.0
1985-11-19 00:00:00-05:00,1.298542857170105,1.298542857170105,1.298542857170105,1.298542857170105,0,0.0,0.0
1985-11-20 00:00:00-05:00,0.0,1.298542857170105,1.298542857170105,1.298542857170105,1350,0.0,0.0
1985-11-21 00:00:00-05:00,0.0,1.3408859668008755,1.2844276428222656,1.2844276428222656,1350,0.0,0.0
1985-11-22 00:00:00-05:00,0.0,1.2844276428222656,1.2844276428222656,1.2844276428222656,675,0.0,0.0
1985-11-25 00:00:00-05:00,0.0,1.2844276428222656,1.2844276428222656,1.2844276428222656,338,0.0,0.0
1985-11-26 00:00:00-05:00,0.0,1.3408865738955054,1.298542857170105,1.298542857170105,7763,0.0,0.0
1985-11-27 00:00:00-05:00,0.0,1.2844282823692914,1.2420845637313362,1.2703137397766113,8100,0.0,0.0
1985-11-29 00:00:00-05:00,0.0,1.2138550281524658,1.2138550281524658,1.2138550281524658,338,0.0,0.0
1985-12-02 00:00:00-05:00,0.0,1.2138550281524658,1.1856258562423925,1.2138550281524658,87075,0.0,0.0
1985-12-03 00:00:00-05:00,0.0,1.242083684177546,1.1997398138046265,1.1997398138046265,5063,0.0,0.0
1985-12-04 00:00:00-05:00,0.0,1.2279692221339888,1.185625433921814,1.185625433921814,4725,0.0,0.0
1985-12-05 00:00:00-05:00,0.0,1.2279689698600558,1.1997398138046265,1.1997398138046265,3713,0.0,0.0
1985-12-06 00:00:00-05:00,0.0,1.2636951208114624,1.2636951208114624,1.2636951208114624,675,0.178,0.0
1985-12-09 00:00:00-05:00,0.0,1.2636954579756126,1.22011972995841,1.249170184135437,8100,0.0,0.0
1985-12-10 00:00:00-05:00,1.249170184135437,1.249170184135437,1.249170184135437,1.249170184135437,0,0.0,0.0
1985-12-11 00:00:00-05:00,0.0,1.249170184135437,1.22011972995841,1.249170184135437,8100,0.0,0.0
1985-12-12 00:00:00-05:00,0.0,1.2636951208114624,1.2636951208114624,1.2636951208114624,338,0.0,0.0
1985-12-13 00:00:00-05:00,0.0,1.2636951208114624,1.2636951208114624,1.2636951208114624,1350,0.0,0.0
1985-12-16 00:00:00-05:00,0.0,1.2782206535339355,1.2419074270621142,1.2782206535339355,8100,0.0,0.0
1985-12-17 00:00:00-05:00,0.0,1.2782206535339355,1.2346448378697368,1.2782206535339355,6075,0.0,0.0
1985-12-18 00:00:00-05:00,1.2782206535339355,1.2782206535339355,1.2782206535339355,1.2782206535339355,0,0.0,0.0
1985-12-19 00:00:00-05:00,0.0,1.2709583044052124,1.2709583044052124,1.2709583044052124,675,0.0,0.0
1985-12-20 00:00:00-05:00,0.0,1.2927457542441918,1.2491698508467473,1.2636951208114624,9113,0.0,0.0
1985-12-23 00:00:00-05:00,0.0,1.292745590209961,1.292745590209961,1.292745590209961,338,0.0,0.0
1985-12-24 00:00:00-05:00,0.0,1.2782206535339355,1.263695288142558,1.2782206535339355,1350,0.0,0.0
1985-12-26 00:00:00-05:00,0.0,1.292745590209961,1.292745590209961,1.292745590209961,675,0.0,0.0
1985-12-27 00:00:00-05:00,0.0,1.2927457542441918,1.2636951208114624,1.2636951208114624,5063,0.0,0.0
1985-12-30 00:00:00-05:00,0.0,1.3072717189788818,1.2636958828088927,1.3072717189788818,3038,0.0,0.0
1985-12-31 00:00:00-05:00,1.3072717189788818,1.3072717189788818,1.3072717189788818,1.3072717189788818,0,0.0,0.0
1986-01-02 00:00:00-05:00,0.0,1.3072717189788818,1.2782212550355776,1.3072717189788818,1013,0.0,0.0
1986-01-03 00:00:00-05:00,1.3072717189788818,1.3072717189788818,1.3072717189788818,1.3072717189788818,0,0.0,0.0
1986-01-06 00:00:00-05:00,0.0,1.3145328760147095,1.3145328760147095,1.3145328760147095,675,0.0,0.0
1986-01-07 00:00:00-05:00,1.3145328760147095,1.3145328760147095,1.3145328760147095,1.3145328760147095,0,0.0,0.0
1986-01-08 00:00:00-05:00,0.0,1.3508460521697998,1.3363208811000118,1.3508460521697998,2025,0.0,0.0
1986-01-09 00:00:00-05:00,0.0,1.3508466506264238,1.336321473121643,1.336321473121643,3713,0.0,0.0
1986-01-10 00:00:00-05:00,1.336321473121643,1.336321473121643,1.336321473121643,1.336321473121643,0,0.0,0.0
1986-01-13 00:00:00-05:00,0.0,1.3508473681421602,1.3072717189788818,1.3072717189788818,675,0.0,0.0
1986-01-14 00:00:00-05:00,0.0,1.365371584892273,1.35084631746656,1.365371584892273,3375,0.0,0.0
1986-01-15 00:00:00-05:00,1.365371584892273,1.365371584892273,1.365371584892273,1.365371584892273,0,0.0,0.0
1986-01-16 00:00:00-05:00,0.0,1.4960983093600662,1.3944216516971115,1.4597851037979126,12150,0.0,0.0
1986-01-17 00:00:00-05:00,0.0,1.4815732602151164,1.4525226354599,1.4525226354599,2700,0.0,0.0
1986-01-20 00:00:00-05:00,1.4525226354599,1.4525226354599,1.4525226354599,1.4525226354599,0,0.0,0.0
1986-01-21 00:00:00-05:00,0.0,1.4815732602151164,1.4525226354599,1.4525226354599,13500,0.0,0.0
1986-01-22 00:00:00-05:00,0.0,1.4525226354599,1.4525226354599,1.4525226354599,338,0.0,0.0
1986-01-23 00:00:00-05:00,0.0,1.4815732602151164,1.4525226354599,1.4525226354599,5063,0.0,0.0
1986-01-24 00:00:00-05:00,0.0,1.4815733432769775,1.4815733432769775,1.4815733432769775,3038,0.0,0.0
1986-01-27 00:00:00-05:00,0.0,1.4670486450195312,1.437998192539505,1.4670486450195312,5063,0.0,0.0
1986-01-28 00:00:00-05:00,1.4670486450195312,1.4670486450195312,1.4670486450195312,1.4670486450195312,0,0.0,0.0
1986-01-29 00:00:00-05:00,0.0,1.4525226354599,1.4525226354599,1.4525226354599,1013,0.0,0.0
1986-01-30 00:00:00-05:00,1.4525226354599,1.4525226354599,1.4525226354599,1.4525226354599,0,0.0,0.0
1986-01-31 00:00:00-05:00,1.4525226354599,1.4525226354599,1.4525226354599,1.4525226354599,0,0.0,0.0
1986-02-03 00:00:00-05:00,0.0,1.481573701582452,1.4670483381260384,1.474311113357544,10800,0.0,0.0
1986-02-04 00:00:00-05:00,0.0,1.5251495650000266,1.4888365268707275,1.4888365268707275,17550,0.0,0.0
1986-02-05 00:00:00-05:00,1.4888365268707275,1.4888365268707275,1.4888365268707275,1.4888365268707275,0,0.0,0.0
1986-02-06 00:00:00-05:00,0.0,1.5106237826543152,1.4815733432769775,1.4815733432769775,15525,0.0,0.0
1986-02-07 00:00:00-05:00,0.0,1.4815733432769775,1.4815733432769775,1.4815733432769775,3375,0.0,0.0
1986-02-10 00:00:00-05:00,0.0,1.5251493453979492,1.4815736311144918,1.5251493453979492,7425,0.0,0.0
1986-02-11 00:00:00-05:00,1.5251493453979492,1.5251493453979492,1.5251493453979492,1.5251493453979492,0,0.0,0.0
1986-02-12 00:00:00-05:00,0.0,1.4815733432769775,1.4815733432769775,1.4815733432769775,1688,0.0,0.0
1986-02-13 00:00:00-05:00,0.0,1.4815733432769775,1.4815733432769775,1.4815733432769775,1688,0.0,0.0
1986-02-14 00:00:00-05:00,0.0,1.4888365268707275,1.4888365268707275,1.4888365268707275,675,0.0,0.0
1986-02-18 00:00:00-05:00,1.4888365268707275,1.4888365268707275,1.4888365268707275,1.4888365268707275,0,0.0,0.0
1986-02-19 00:00:00-05:00,0.0,1.4888365268707275,1.4815738444422215,1.4888365268707275,1013,0.0,0.0
1986-02-20 00:00:00-05:00,0.0,1.4815733432769775,1.4815733432769775,1.4815733432769775,675,0.0,0.0
1986-02-21 00:00:00-05:00,0.0,1.5396734476089478,1.5396734476089478,1.5396734476089478,338,0.0,0.0
1986-02-24 00:00:00-05:00,0.0,1.4815733432769775,1.4815733432769775,1.4815733432769775,675,0.0,0.0
1986-02-25 00:00:00-05:00,0.0,1.525149049094622,1.4815733432769775,1.4815733432769775,4725,0.0,0.0
1986-02-26 00:00:00-05:00,0.0,1.4815733432769775,1.4815733432769775,1.4815733432769775,675,0.0,0.0
1986-02-27 00:00:00-05:00,0.0,1.4815733432769775,1.4815733432769775,1.4815733432769775,338,0.0,0.0
1986-02-28 00:00:00-05:00,1.4815733432769775,1.4815733432769775,1.4815733432769775,1.4815733432769775,0,0.0,0.0
1986-03-03 00:00:00-05:00,1.4815733432769775,1.4815733432769775,1.4815733432769775,1.4815733432769775,0,0.0,0.0
1986-03-04 00:00:00-05:00,1.4815733432769775,1.4815733432769775,1.4815733432769775,1.4815733432769775,0,0.0,0.0
1986-03-05 00:00:00-05:00,0.0,1.5345046439526446,1.5196065024380874,1.5270556211471558,4388,0.1891,0.0
1986-03-06 00:00:00-05:00,0.0,1.5643010139465332,1.5643010139465332,1.5643010139465332,3375,0.0,0.0
1986-03-07 00:00:00-05:00,0.0,1.5791975259780884,1.5345033314691827,1.5791975259780884,3713,0.0,0.0
1986-03-10 00:00:00-05:00,0.0,1.5791990612991078,1.5643010139465332,1.5643010139465332,1350,0.0,0.0
1986-03-11 00:00:00-05:00,0.0,1.5940972045552728,1.5643010139465332,1.5643010139465332,6413,0.0,0.0
1986-03-12 00:00:00-05:00,1.5643010139465332,1.5643010139465332,1.5643010139465332,1.5643010139465332,0,0.0,0.0
1986-03-13 00:00:00-05:00,0.0,1.608994483947754,1.5643002673186288,1.608994483947754,4050,0.0,0.0
1986-03-14 00:00:00-05:00,0.0,1.608994483947754,1.579198307560489,1.608994483947754,10125,0.0,0.0
1986-03-17 00:00:00-05:00,0.0,1.6238921880722046,1.5791979806940022,1.6238921880722046,2363,0.0,0.0
1986-03-18 00:00:00-05:00,0.0,1.6238921880722046,1.6089941509139787,1.6238921880722046,10125,0.0,0.0
1986-03-19 00:00:00-05:00,0.0,1.6387914419174194,1.5940972972604939,1.6387914419174194,4050,0.0,0.0
1986-03-20 00:00:00-05:00,0.0,1.6387905644314742,1.608994483947754,1.608994483947754,9113,0.0,0.0
1986-03-21 00:00:00-05:00,0.0,1.668587565422058,1.668587565422058,1.668587565422058,4050,0.0,0.0
1986-03-24 00:00:00-05:00,0.0,1.7132821045504545,1.6685875802935135,1.6834856271743774,13163,0.0,0.0
1986-03-25 00:00:00-05:00,0.0,1.7132817506790161,1.7132817506790161,1.7132817506790161,5063,0.0,0.0
1986-03-26 00:00:00-05:00,0.0,1.7728745937347412,1.7281804454872836,1.7728745937347412,6075,0.0,0.0
1986-03-27 00:00:00-05:00,0.0,1.8324657678604126,1.757975378378311,1.8324657678604126,11475,0.0,0.0
1986-03-31 00:00:00-05:00,0.0,1.8473644230605417,1.7877720594406128,1.7877720594406128,7763,0.0,0.0
1986-04-01 00:00:00-05:00,0.0,1.8101191238704146,1.7877720594406128,1.7877720594406128,7763,0.0,0.0
1986-04-02 00:00:00-05:00,0.0,1.8101190131494034,1.7877719500865226,1.795220971107483,11813,0.0,0.0
1986-04-03 00:00:00-05:00,0.0,1.8473650217056274,1.8026706865555444,1.8473650217056274,1350,0.0,0.0
1986-04-04 00:00:00-05:00,0.0,1.8622631011847697,1.8026707172393799,1.8026707172393799,9450,0.0,0.0
1986-04-07 00:00:00-05:00,0.0,1.810119867324829,1.802670842788757,1.810119867324829,3038,0.0,0.0
1986-04-08 00:00:00-05:00,0.0,1.8473650217056274,1.8101197104460272,1.8473650217056274,9788,0.0,0.0
1986-04-09 00:00:00-05:00,1.8473650217056274,1.8473650217056274,1.8473650217056274,1.8473650217056274,0,0.0,0.0
1986-04-10 00:00:00-05:00,0.0,1.8026707172393799,1.8026707172393799,1.8026707172393799,338,0.0,0.0
1986-04-11 00:00:00-05:00,0.0,1.8175678253173828,1.8175678253173828,1.8175678253173828,338,0.0,0.0
1986-04-14 00:00:00-05:00,1.8175678253173828,1.8175678253173828,1.8175678253173828,1.8175678253173828,0,0.0,0.0
1986-04-15 00:00:00-05:00,0.0,1.8324657678604126,1.8026696887904041,1.8324657678604126,9113,0.0,0.0
1986-04-16 00:00:00-05:00,1.8324657678604126,1.8324657678604126,1.8324657678604126,1.8324657678604126,0,0.0,0.0
1986-04-17 00:00:00-05:00,0.0,1.8026707172393799,1.8026707172393799,1.8026707172393799,1013,0.0,0.0
1986-04-18 00:00:00-05:00,1.8026707172393799,1.8026707172393799,1.8026707172393799,1.8026707172393799,0,0.0,0.0
1986-04-21 00:00:00-05:00,1.8026707172393799,1.8026707172393799,1.8026707172393799,1.8026707172393799,0,0.0,0.0
1986-04-22 00:00:00-05:00,0.0,1.8026707172393799,1.8026707172393799,1.8026707172393799,1013,0.0,0.0
1986-04-23 00:00:00-05:00,1.8026707172393799,1.8026707172393799,1.8026707172393799,1.8026707172393799,0,0.0,0.0
1986-04-24 00:00:00-05:00,1.8026707172393799,1.8026707172393799,1.8026707172393799,1.8026707172393799,0,0.0,0.0
1986-04-25 00:00:00-05:00,0.0,1.8026707172393799,1.8026707172393799,1.8026707172393799,1688,0.0,0.0
1986-04-28 00:00:00-04:00,0.0,1.8175678253173828,1.787771744657348,1.8175678253173828,6413,0.0,0.0
1986-04-29 00:00:00-04:00,0.0,1.8175678253173828,1.7728735125202402,1.8175678253173828,8438,0.0,0.0
1986-04-30 00:00:00-04:00,0.0,1.8175678253173828,1.7728735125202402,1.8175678253173828,5063,0.0,0.0
1986-05-01 00:00:00-04:00,0.0,1.817568933789406,1.7728745937347412,1.7728745937347412,1350,0.0,0.0
1986-05-02 00:00:00-04:00,0.0,1.8026707172393799,1.7728744293630903,1.8026707172393799,10125,0.0,0.0
1986-05-05 00:00:00-04:00,0.0,1.8175678253173828,1.8175678253173828,1.8175678253173828,675,0.0,0.0
1986-05-06 00:00:00-04:00,0.0,1.8175678253173828,1.8175678253173828,1.8175678253173828,675,0.0,0.0
1986-05-07 00:00:00-04:00,0.0,1.817568933789406,1.7728745937347412,1.7728745937347412,2363,0.0,0.0
1986-05-08 00:00:00-04:00,0.0,1.7728745937347412,1.7728745937347412,1.7728745937347412,675,0.0,0.0
1986-05-09 00:00:00-04:00,0.0,1.7728745937347412,1.7728745937347412,1.7728745937347412,675,0.0,0.0
1986-05-12 00:00:00-04:00,0.0,1.8175678253173828,1.8175678253173828,1.8175678253173828,1688,0.0,0.0
1986-05-13 00:00:00-04:00,1.8175678253173828,1.8175678253173828,1.8175678253173828,1.8175678253173828,0,0.0,0.0
1986-05-14 00:00:00-04:00,0.0,1.8324657678604126,1.7803226294878975,1.8324657678604126,1013,0.0,0.0
1986-05-15 00:00:00-04:00,1.8324657678604126,1.8324657678604126,1.8324657678604126,1.8324657678604126,0,0.0,0.0
1986-05-16 00:00:00-04:00,0.0,1.8324657678604126,1.7728734179133152,1.8324657678604126,2700,0.0,0.0
1986-05-19 00:00:00-04:00,1.8324657678604126,1.8324657678604126,1.8324657678604126,1.8324657678604126,0,0.0,0.0
1986-05-20 00:00:00-04:00,1.8324657678604126,1.8324657678604126,1.8324657678604126,1.8324657678604126,0,0.0,0.0
1986-05-21 00:00:00-04:00,0.0,1.8324657678604126,1.8324657678604126,1.8324657678604126,2700,0.0,0.0
1986-05-22 00:00:00-04:00,0.0,1.8622620387375013,1.8026696887904041,1.8324657678604126,15863,0.0,0.0
1986-05-23 00:00:00-04:00,0.0,1.892057483610586,1.862261414527893,1.862261414527893,5738,0.0,0.0
1986-05-27 00:00:00-04:00,1.862261414527893,1.862261414527893,1.862261414527893,1.862261414527893,0,0.0,0.0
1986-05-28 00:00:00-04:00,0.0,1.8771599531173708,1.8771599531173708,1.8771599531173706,1013,0.0,0.0
1986-05-29 00:00:00-04:00,0.0,1.9367520809173584,1.8771595557512029,1.9367520809173584,4725,0.0,0.0
1986-05-30 00:00:00-04:00,0.0,1.9147609472274778,1.9147609472274778,1.914760947227478,1013,0.1891,0.0
1986-06-02 00:00:00-04:00,0.0,1.9755474328994753,1.9147612015217177,1.975547432899475,7088,0.0,0.0
1986-06-03 00:00:00-04:00,0.0,1.9907432794570923,1.9907432794570923,1.9907432794570923,3375,0.0,0.0
1986-06-04 00:00:00-04:00,0.0,2.0515294075012207,2.0515294075012207,2.0515294075012207,338,0.0,0.0
1986-06-05 00:00:00-04:00,0.0,2.0515294075012207,2.0515294075012207,2.0515294075012207,338,0.0,0.0
1986-06-06 00:00:00-04:00,0.0,2.0971202850341797,2.0515306923541745,2.0971202850341797,4050,0.0,0.0
1986-06-09 00:00:00-04:00,2.0971202850341797,2.0971202850341797,2.0971202850341797,2.0971202850341797,0,0.0,0.0
1986-06-10 00:00:00-04:00,0.0,2.0515294075012207,2.0515294075012207,2.0515294075012207,1350,0.0,0.0
1986-06-11 00:00:00-04:00,0.0,2.112316438920059,2.0743250846862793,2.0743250846862793,5738,0.0,0.0
1986-06-12 00:00:00-04:00,0.0,2.2034952640533447,2.1275125675433224,2.2034952640533447,9113,0.0,0.0
1986-06-13 00:00:00-04:00,0.0,2.27947735786438,2.188298412243135,2.27947735786438,2700,0.0,0.0
1986-06-16 00:00:00-04:00,2.27947735786438,2.27947735786438,2.27947735786438,2.27947735786438,0,0.0,0.0
1986-06-17 00:00:00-04:00,0.0,2.279478156649757,2.1882991790771484,2.1882991790771484,1350,0.0,0.0
1986-06-18 00:00:00-04:00,0.0,2.27947908122169,2.2490861415863037,2.2490861415863037,3038,0.0,0.0
1986-06-19 00:00:00-04:00,0.0,2.1882991790771484,2.1882991790771484,2.1882991790771484,338,0.0,0.0
1986-06-20 00:00:00-04:00,0.0,2.1882991790771484,2.1882991790771484,2.1882991790771484,1013,0.0,0.0
1986-06-23 00:00:00-04:00,0.0,2.27947735786438,2.249084441207004,2.27947735786438,3375,0.0,0.0
1986-06-24 00:00:00-04:00,0.0,2.309870719909668,2.309870719909668,2.309870719909668,338,0.0,0.0
1986-06-25 00:00:00-04:00,0.0,2.309870719909668,2.309870719909668,2.309870719909668,675,0.0,0.0
1986-06-26 00:00:00-04:00,0.0,2.2186920642852783,2.2186920642852783,2.2186920642852783,3375,0.0,0.0
1986-06-27 00:00:00-04:00,0.0,2.309870719909668,2.309870719909668,2.309870719909668,1350,0.0,0.0
1986-06-30 00:00:00-04:00,0.0,2.309870719909668,2.309870719909668,2.309870719909668,1013,0.0,0.0
1986-07-01 00:00:00-04:00,0.0,2.2490861415863037,2.2490861415863037,2.2490861415863037,675,0.0,0.0
1986-07-02 00:00:00-04:00,2.2490861415863037,2.2490861415863037,2.2490861415863037,2.2490861415863037,0,0.0,0.0
1986-07-03 00:00:00-04:00,2.2490861415863037,2.2490861415863037,2.2490861415863037,2.2490861415863037,0,0.0,0.0
1986-07-07 00:00:00-04:00,2.2490861415863037,2.2490861415863037,2.2490861415863037,2.2490861415863037,0,0.0,0.0
1986-07-08 00:00:00-04:00,0.0,2.2490861415863037,2.2490861415863037,2.2490861415863037,1350,0.0,0.0
1986-07-09 00:00:00-04:00,2.2490861415863037,2.2490861415863037,2.2490861415863037,2.2490861415863037,0,0.0,0.0
1986-07-10 00:00:00-04:00,0.0,2.3402631282806396,2.2490841927326617,2.3402631282806396,2363,0.0,0.0
1986-07-11 00:00:00-04:00,0.0,2.2490861415863037,2.2490861415863037,2.2490861415863037,675,0.0,0.0
1986-07-14 00:00:00-04:00,2.2490861415863037,2.2490861415863037,2.2490861415863037,2.2490861415863037,0,0.0,0.0
1986-07-15 00:00:00-04:00,2.2490861415863037,2.2490861415863037,2.2490861415863037,2.2490861415863037,0,0.0,0.0
1986-07-16 00:00:00-04:00,2.2490861415863037,2.2490861415863037,2.2490861415863037,2.2490861415863037,0,0.0,0.0
1986-07-17 00:00:00-04:00,0.0,2.2490861415863037,2.2490861415863037,2.2490861415863037,3375,0.0,0.0
1986-07-18 00:00:00-04:00,0.0,2.2490861415863037,2.2490861415863037,2.2490861415863037,3375,0.0,0.0
1986-07-21 00:00:00-04:00,0.0,2.27947735786438,2.249084441207004,2.27947735786438,1350,0.0,0.0
1986-07-22 00:00:00-04:00,2.27947735786438,2.27947735786438,2.27947735786438,2.27947735786438,0,0.0,0.0
1986-07-23 00:00:00-04:00,0.0,2.1882991790771484,2.1882991790771484,2.1882991790771484,1013,0.0,0.0
1986-07-24 00:00:00-04:00,2.1882991790771484,2.1882991790771484,2.1882991790771484,2.1882991790771484,0,0.0,0.0
1986-07-25 00:00:00-04:00,0.0,2.211094856262207,2.1883001506607282,2.211094856262207,5063,0.0,0.0
1986-07-28 00:00:00-04:00,0.0,2.1882991790771484,2.1275129331631604,2.1882991790771484,2025,0.0,0.0
1986-07-29 00:00:00-04:00,0.0,2.127511739730835,2.127511739730835,2.127511739730835,1013,0.0,0.0
1986-07-30 00:00:00-04:00,2.127511739730835,2.127511739730835,2.127511739730835,2.127511739730835,0,0.0,0.0
1986-07-31 00:00:00-04:00,0.0,2.0971202850341797,2.0971202850341797,2.0971202850341797,675,0.0,0.0
1986-08-01 00:00:00-04:00,2.0971202850341797,2.0971202850341797,2.0971202850341797,2.0971202850341797,0,0.0,0.0
1986-08-04 00:00:00-04:00,2.0971202850341797,2.0971202850341797,2.0971202850341797,2.0971202850341797,0,0.0,0.0
1986-08-05 00:00:00-04:00,0.0,2.1579055786132812,2.1579055786132812,2.1579055786132812,1350,0.0,0.0
1986-08-06 00:00:00-04:00,0.0,2.1579070404397993,2.066727638244629,2.066727638244629,3713,0.0,0.0
1986-08-07 00:00:00-04:00,0.0,2.0971202850341797,2.0971202850341797,2.0971202850341797,1350,0.0,0.0
1986-08-08 00:00:00-04:00,0.0,2.1579055786132812,2.1579055786132812,2.1579055786132812,1350,0.0,0.0
1986-08-11 00:00:00-04:00,0.0,2.112316131591797,2.112316131591797,2.112316131591797,675,0.0,0.0
1986-08-12 00:00:00-04:00,0.0,2.066727638244629,2.066727638244629,2.066727638244629,1350,0.0,0.0
1986-08-13 00:00:00-04:00,0.0,2.1579055786132812,2.1579055786132812,2.1579055786132812,2363,0.0,0.0
1986-08-14 00:00:00-04:00,0.0,2.0971202850341797,2.0971202850341797,2.0971202850341797,675,0.0,0.0
1986-08-15 00:00:00-04:00,0.0,2.1579055786132812,2.1579055786132812,2.1579055786132812,338,0.0,0.0
1986-08-18 00:00:00-04:00,0.0,2.1579055786132812,2.1579055786132812,2.1579055786132812,2700,0.0,0.0
1986-08-19 00:00:00-04:00,0.0,2.1579055786132812,2.0971193516614837,2.1579055786132812,5063,0.0,0.0
1986-08-20 00:00:00-04:00,2.1579055786132812,2.1579055786132812,2.1579055786132812,2.1579055786132812,0,0.0,0.0
1986-08-21 00:00:00-04:00,0.0,2.1579055786132812,2.1579055786132812,2.1579055786132812,1013,0.0,0.0
1986-08-22 00:00:00-04:00,2.1579055786132812,2.1579055786132812,2.1579055786132812,2.1579055786132812,0,0.0,0.0
1986-08-25 00:00:00-04:00,0.0,2.1579055786132812,2.1579055786132812,2.1579055786132812,338,0.0,0.0
1986-08-26 00:00:00-04:00,2.1579055786132812,2.1579055786132812,2.1579055786132812,2.1579055786132812,0,0.0,0.0
1986-08-27 00:00:00-04:00,0.0,2.157906539040329,2.0971202850341797,2.0971202850341797,4725,0.0,0.0
1986-08-28 00:00:00-04:00,2.136646032333374,2.136646032333374,2.136646032333374,2.136646032333374,0,0.1891,0.0
1986-08-29 00:00:00-04:00,0.0,2.2295432090759277,2.1985774502203967,2.2295432090759277,2700,0.0,0.0
1986-09-02 00:00:00-04:00,2.2295432090759277,2.2295432090759277,2.2295432090759277,2.2295432090759277,0,0.0,0.0
1986-09-03 00:00:00-04:00,0.0,2.291475534439087,2.2295438009503874,2.291475534439087,3375,0.0,0.0
1986-09-04 00:00:00-04:00,0.0,2.3224401473999023,2.3224401473999023,2.3224401473999023,338,0.0,0.0
1986-09-05 00:00:00-04:00,0.0,2.3534064292907715,2.3534064292907715,2.3534064292907715,338,0.0,0.0
1986-09-08 00:00:00-04:00,0.0,2.2605090141296387,2.2605090141296387,2.2605090141296387,2363,0.0,0.0
1986-09-09 00:00:00-04:00,0.0,2.1985769271850586,2.1985769271850586,2.1985769271850586,1013,0.0,0.0
1986-09-10 00:00:00-04:00,2.1985769271850586,2.1985769271850586,2.1985769271850586,2.1985769271850586,0,0.0,0.0
1986-09-11 00:00:00-04:00,2.1985769271850586,2.1985769271850586,2.1985769271850586,2.1985769271850586,0,0.0,0.0
1986-09-12 00:00:00-04:00,0.0,2.198576309925305,2.1676101684570312,2.1676101684570312,4725,0.0,0.0
1986-09-15 00:00:00-04:00,2.1676101684570312,2.1676101684570312,2.1676101684570312,2.1676101684570312,0,0.0,0.0
1986-09-16 00:00:00-04:00,2.1676101684570312,2.1676101684570312,2.1676101684570312,2.1676101684570312,0,0.0,0.0
1986-09-17 00:00:00-04:00,2.1676101684570312,2.1676101684570312,2.1676101684570312,2.1676101684570312,0,0.0,0.0
1986-09-18 00:00:00-04:00,2.1676101684570312,2.1676101684570312,2.1676101684570312,2.1676101684570312,0,0.0,0.0
1986-09-19 00:00:00-04:00,2.1676101684570312,2.1676101684570312,2.1676101684570312,2.1676101684570312,0,0.0,0.0
1986-09-22 00:00:00-04:00,2.1676101684570312,2.1676101684570312,2.1676101684570312,2.1676101684570312,0,0.0,0.0
1986-09-23 00:00:00-04:00,0.0,2.1676101684570312,2.1676101684570312,2.1676101684570312,338,0.0,0.0
1986-09-24 00:00:00-04:00,0.0,2.2295432090759277,2.167611292691485,2.2295432090759277,1350,0.0,0.0
1986-09-25 00:00:00-04:00,2.2295432090759277,2.2295432090759277,2.2295432090759277,2.2295432090759277,0,0.0,0.0
1986-09-26 00:00:00-04:00,2.2295432090759277,2.2295432090759277,2.2295432090759277,2.2295432090759277,0,0.0,0.0
1986-09-29 00:00:00-04:00,0.0,2.2605090141296387,2.2605090141296387,2.2605090141296387,338,0.0,0.0
1986-09-30 00:00:00-04:00,0.0,2.2605090141296387,2.2605090141296387,2.2605090141296387,4388,0.0,0.0
1986-10-01 00:00:00-04:00,0.0,2.2605090141296387,2.2605090141296387,2.2605090141296387,675,0.0,0.0
1986-10-02 00:00:00-04:00,2.2605090141296387,2.2605090141296387,2.2605090141296387,2.2605090141296387,0,0.0,0.0
1986-10-03 00:00:00-04:00,2.2605090141296387,2.2605090141296387,2.2605090141296387,2.2605090141296387,0,0.0,0.0
1986-10-06 00:00:00-04:00,0.0,2.322439384490694,2.2295419606068663,2.299215078353882,1575,0.0,1.5
1986-10-07 00:00:00-04:00,0.0,2.368888579280847,2.264378786087036,2.264378786087036,1125,0.0,0.0
1986-10-08 00:00:00-04:00,0.0,2.3688888549804688,2.3688888549804688,2.3688888549804688,900,0.0,0.0
1986-10-09 00:00:00-04:00,0.0,2.3688895225991984,2.2295432090759277,2.2295432090759277,2475,0.0,0.0
1986-10-10 00:00:00-04:00,0.0,2.3688895225991984,2.2295432090759277,2.2295432090759277,8550,0.0,0.0
1986-10-13 00:00:00-04:00,0.0,2.3224401473999023,2.3224401473999023,2.3224401473999023,225,0.0,0.0
1986-10-14 00:00:00-04:00,0.0,2.2295432090759277,2.2295432090759277,2.2295432090759277,225,0.0,0.0
1986-10-15 00:00:00-04:00,0.0,2.3224401473999023,2.3224401473999023,2.3224401473999023,675,0.0,0.0
1986-10-16 00:00:00-04:00,0.0,2.3224401473999023,2.3224401473999023,2.3224401473999023,450,0.0,0.0
1986-10-17 00:00:00-04:00,2.3224401473999023,2.3224401473999023,2.3224401473999023,2.3224401473999023,0,0.0,0.0
1986-10-20 00:00:00-04:00,0.0,2.275991395831757,2.183093547821045,2.183093547821045,2025,0.0,0.0
1986-10-21 00:00:00-04:00,0.0,2.2759926319122314,2.136646083222684,2.2759926319122314,13725,0.0,0.0
1986-10-22 00:00:00-04:00,2.2759926319122314,2.2759926319122314,2.2759926319122314,2.2759926319122314,0,0.0,0.0
1986-10-23 00:00:00-04:00,0.0,2.136646032333374,2.136646032333374,2.136646032333374,900,0.0,0.0
1986-10-24 00:00:00-04:00,0.0,2.2759917441531794,2.1830938819252297,2.217930555343628,3600,0.0,0.0
1986-10-27 00:00:00-05:00,0.0,2.183093547821045,2.183093547821045,2.183093547821045,675,0.0,0.0
1986-10-28 00:00:00-05:00,0.0,2.183093547821045,2.183093547821045,2.183093547821045,450,0.0,0.0
1986-10-29 00:00:00-05:00,0.0,2.3224401473999023,2.1830936667947163,2.3224401473999023,8100,0.0,0.0
1986-10-30 00:00:00-05:00,0.0,2.3224401473999023,2.3224401473999023,2.3224401473999023,3375,0.0,0.0
1986-10-31 00:00:00-05:00,0.0,2.3224401473999023,2.3224401473999023,2.3224401473999023,225,0.0,0.0
1986-11-03 00:00:00-05:00,0.0,2.322441282138672,2.2295437823490487,2.2759926319122314,1350,0.0,0.0
1986-11-04 00:00:00-05:00,0.0,2.2759926319122314,2.2759926319122314,2.2759926319122314,450,0.0,0.0
1986-11-05 00:00:00-05:00,0.0,2.3224406849792114,2.2295432090759277,2.2295432090759277,1800,0.0,0.0
1986-11-06 00:00:00-05:00,0.0,2.3224401473999023,2.229542692999756,2.3224401473999023,1800,0.0,0.0
1986-11-07 00:00:00-05:00,0.0,2.299215078353882,2.2295419606068663,2.299215078353882,10125,0.0,0.0
1986-11-10 00:00:00-05:00,2.299215078353882,2.299215078353882,2.299215078353882,2.299215078353882,0,0.0,0.0
1986-11-11 00:00:00-05:00,0.0,2.2295432090759277,2.2295432090759277,2.2295432090759277,13275,0.0,0.0
1986-11-12 00:00:00-05:00,0.0,2.2527675282175763,2.2295432090759277,2.2295432090759277,13950,0.0,0.0
1986-11-13 00:00:00-05:00,0.0,2.3688888549804688,2.3688888549804688,2.3688888549804688,225,0.0,0.0
1986-11-14 00:00:00-05:00,0.0,2.3688888549804688,2.3688888549804688,2.3688888549804688,675,0.0,0.0
1986-11-17 00:00:00-05:00,0.0,2.3688888549804688,2.3688888549804688,2.3688888549804688,900,0.0,0.0
1986-11-18 00:00:00-05:00,2.3688888549804688,2.3688888549804688,2.3688888549804688,2.3688888549804688,0,0.0,0.0
1986-11-19 00:00:00-05:00,0.0,2.3688888549804688,2.2295425807288516,2.3688888549804688,12600,0.0,0.0
1986-11-20 00:00:00-05:00,0.0,2.2295432090759277,2.2295432090759277,2.2295432090759277,1350,0.0,0.0
1986-11-21 00:00:00-05:00,0.0,2.3456652034575503,2.2295432090759277,2.2295432090759277,1125,0.0,0.0
1986-11-24 00:00:00-05:00,0.0,2.403726100921631,2.3688894243177856,2.403726100921631,4275,0.0,0.0
1986-11-25 00:00:00-05:00,2.403726100921631,2.403726100921631,2.403726100921631,2.403726100921631,0,0.0,0.0
1986-11-26 00:00:00-05:00,2.403726100921631,2.403726100921631,2.403726100921631,2.403726100921631,0,0.0,0.0
1986-11-28 00:00:00-05:00,0.0,2.2759926319122314,2.2759926319122314,2.2759926319122314,1125,0.0,0.0
1986-12-01 00:00:00-05:00,2.2759926319122314,2.2759926319122314,2.2759926319122314,2.2759926319122314,0,0.0,0.0
1986-12-02 00:00:00-05:00,0.0,2.334053644032024,2.2759926319122314,2.2759926319122314,27450,0.0,0.0
1986-12-03 00:00:00-05:00,0.0,2.322441282138672,2.2759926319122314,2.2759926319122314,22500,0.0,0.0
1986-12-04 00:00:00-05:00,0.0,2.3688895225991984,2.2295432090759277,2.2295432090759277,2475,0.0,0.0
1986-12-05 00:00:00-05:00,0.0,2.3224401473999023,2.229542692999756,2.3224401473999023,2925,0.0,0.0
1986-12-08 00:00:00-05:00,0.0,2.3688888549804688,2.3688888549804688,2.3688888549804688,225,0.0,0.0
1986-12-09 00:00:00-05:00,2.4096696376800537,2.4096696376800537,2.4096696376800537,2.4096696376800537,0,0.1918,0.0
1986-12-10 00:00:00-05:00,0.0,2.2679247856140137,2.2679247856140137,2.2679247856140137,675,0.0,0.0
1986-12-11 00:00:00-05:00,0.0,2.2679247856140137,2.2679247856140137,2.2679247856140137,225,0.0,0.0
1986-12-12 00:00:00-05:00,0.0,2.4096696376800537,2.2679244960783267,2.4096696376800537,12600,0.0,0.0
1986-12-15 00:00:00-05:00,2.4096696376800537,2.4096696376800537,2.4096696376800537,2.4096696376800537,0,0.0,0.0
1986-12-16 00:00:00-05:00,0.0,2.2679247856140137,2.2679247856140137,2.2679247856140137,450,0.0,0.0
1986-12-17 00:00:00-05:00,0.0,2.315173239769334,2.2679247856140137,2.2679247856140137,6525,0.0,0.0
1986-12-18 00:00:00-05:00,0.0,2.2679247856140137,2.2679247856140137,2.2679247856140137,225,0.0,0.0
1986-12-19 00:00:00-05:00,2.2679247856140137,2.2679247856140137,2.2679247856140137,2.2679247856140137,0,0.0,0.0
1986-12-22 00:00:00-05:00,0.0,2.3742337567714165,2.2679247856140137,2.2679247856140137,2025,0.0,0.0
1986-12-23 00:00:00-05:00,0.0,2.3151745796203613,2.2915502374865517,2.3151745796203613,2700,0.0,0.0
1986-12-24 00:00:00-05:00,2.3151745796203613,2.3151745796203613,2.3151745796203613,2.3151745796203613,0,0.0,0.0
1986-12-26 00:00:00-05:00,0.0,2.2679247856140137,2.2679247856140137,2.2679247856140137,450,0.0,0.0
1986-12-29 00:00:00-05:00,0.0,2.2679247856140137,2.2679247856140137,2.2679247856140137,225,0.0,0.0
1986-12-30 00:00:00-05:00,0.0,2.362422858351204,2.267926098121131,2.3151745796203613,9000,0.0,0.0
1986-12-31 00:00:00-05:00,2.3151745796203613,2.3151745796203613,2.3151745796203613,2.3151745796203613,0,0.0,0.0
1987-01-02 00:00:00-05:00,0.0,2.2915489113075385,2.2679247856140137,2.2679247856140137,20250,0.0,0.0
1987-01-05 00:00:00-05:00,2.2679247856140137,2.2679247856140137,2.2679247856140137,2.2679247856140137,0,0.0,0.0
1987-01-06 00:00:00-05:00,2.2679247856140137,2.2679247856140137,2.2679247856140137,2.2679247856140137,0,0.0,0.0
1987-01-07 00:00:00-05:00,2.2679247856140137,2.2679247856140137,2.2679247856140137,2.2679247856140137,0,0.0,0.0
1987-01-08 00:00:00-05:00,2.2679247856140137,2.2679247856140137,2.2679247856140137,2.2679247856140137,0,0.0,0.0
1987-01-09 00:00:00-05:00,2.2679247856140137,2.2679247856140137,2.2679247856140137,2.2679247856140137,0,0.0,0.0
1987-01-12 00:00:00-05:00,2.2679247856140137,2.2679247856140137,2.2679247856140137,2.2679247856140137,0,0.0,0.0
1987-01-13 00:00:00-05:00,2.2679247856140137,2.2679247856140137,2.2679247856140137,2.2679247856140137,0,0.0,0.0
1987-01-14 00:00:00-05:00,2.2679247856140137,2.2679247856140137,2.2679247856140137,2.2679247856140137,0,0.0,0.0
1987-01-15 00:00:00-05:00,0.0,2.256113052368164,2.22067665269777,2.256113052368164,1800,0.0,0.0
1987-01-16 00:00:00-05:00,2.256113052368164,2.256113052368164,2.256113052368164,2.256113052368164,0,0.0,0.0
1987-01-19 00:00:00-05:00,0.0,2.220675230026245,2.220675230026245,2.220675230026245,225,0.0,0.0
1987-01-20 00:00:00-05:00,2.220675230026245,2.220675230026245,2.220675230026245,2.220675230026245,0,0.0,0.0
1987-01-21 00:00:00-05:00,0.0,2.220675230026245,2.220675230026245,2.220675230026245,675,0.0,0.0
1987-01-22 00:00:00-05:00,0.0,2.3151745796203613,2.2206774138535117,2.3151745796203613,900,0.0,0.0
1987-01-23 00:00:00-05:00,0.0,2.26792447724921,2.078930686325008,2.1734275817871094,4275,0.0,0.0
1987-01-26 00:00:00-05:00,0.0,2.220675230026245,2.220675230026245,2.220675230026245,225,0.0,0.0
1987-01-27 00:00:00-05:00,0.0,2.220675230026245,2.220675230026245,2.220675230026245,675,0.0,0.0
1987-01-28 00:00:00-05:00,0.0,2.1734275817871094,2.102555011574655,2.1734275817871094,4950,0.0,0.0
1987-01-29 00:00:00-05:00,2.1734275817871094,2.1734275817871094,2.1734275817871094,2.1734275817871094,0,0.0,0.0
1987-01-30 00:00:00-05:00,0.0,2.1734267608941322,2.078929901123047,2.078929901123047,900,0.0,0.0
1987-02-02 00:00:00-05:00,0.0,2.1734275817871094,2.078930686325008,2.1734275817871094,1125,0.0,0.0
1987-02-03 00:00:00-05:00,0.0,2.1734275817871094,2.1734275817871094,2.1734275817871094,225,0.0,0.0
1987-02-04 00:00:00-05:00,0.0,2.1734275817871094,2.1734275817871094,2.1734275817871094,225,0.0,0.0
1987-02-05 00:00:00-05:00,0.0,2.078929901123047,2.078929901123047,2.078929901123047,225,0.0,0.0
1987-02-06 00:00:00-05:00,0.0,2.1734275817871094,2.1261791340560587,2.1734275817871094,3375,0.0,0.0
1987-02-09 00:00:00-05:00,2.1734275817871094,2.1734275817871094,2.1734275817871094,2.1734275817871094,0,0.0,0.0
1987-02-10 00:00:00-05:00,0.0,2.1734275817871094,2.1734275817871094,2.1734275817871094,1125,0.0,0.0
1987-02-11 00:00:00-05:00,0.0,2.1734275817871094,2.1734275817871094,2.1734275817871094,225,0.0,0.0
1987-02-12 00:00:00-05:00,0.0,2.1734275817871094,2.1734275817871094,2.1734275817871094,450,0.0,0.0
1987-02-13 00:00:00-05:00,0.0,2.1734275817871094,2.078930686325008,2.1734275817871094,3600,0.0,0.0
1987-02-17 00:00:00-05:00,0.0,2.1734275817871094,2.1734275817871094,2.1734275817871094,900,0.0,0.0
1987-02-18 00:00:00-05:00,2.1734275817871094,2.1734275817871094,2.1734275817871094,2.1734275817871094,0,0.0,0.0
1987-02-19 00:00:00-05:00,0.0,2.1734275817871094,2.031682441362201,2.1734275817871094,2250,0.0,0.0
1987-02-20 00:00:00-05:00,0.0,2.1734275817871094,2.1734275817871094,2.1734275817871094,450,0.0,0.0
1987-02-23 00:00:00-05:00,0.0,2.0316827297210693,2.0316827297210693,2.0316827297210693,1125,0.0,0.0
1987-02-24 00:00:00-05:00,2.0316827297210693,2.0316827297210693,2.0316827297210693,2.0316827297210693,0,0.0,0.0
1987-02-25 00:00:00-05:00,0.0,2.0316827297210693,2.0316827297210693,2.0316827297210693,900,0.0,0.0
1987-02-26 00:00:00-05:00,0.0,2.12617826461792,2.0316816105656925,2.12617826461792,7875,0.0,0.0
1987-02-27 00:00:00-05:00,0.0,2.12617826461792,2.078929836207726,2.12617826461792,4500,0.0,0.0
1987-03-02 00:00:00-05:00,0.0,2.12617826461792,2.12617826461792,2.12617826461792,450,0.0,0.0
1987-03-03 00:00:00-05:00,0.0,2.078929901123047,2.0316816740056707,2.078929901123047,6750,0.0,0.0
1987-03-04 00:00:00-05:00,2.078929901123047,2.078929901123047,2.078929901123047,2.078929901123047,0,0.0,0.0
1987-03-05 00:00:00-05:00,2.078929901123047,2.078929901123047,2.078929901123047,2.078929901123047,0,0.0,0.0
1987-03-06 00:00:00-05:00,0.0,2.12617826461792,2.102554151796903,2.12617826461792,6300,0.0,0.0
1987-03-09 00:00:00-05:00,0.0,2.2159290313720703,2.2159290313720703,2.2159290313720703,1800,0.1918,0.0
1987-03-10 00:00:00-05:00,0.0,2.2641003131866455,2.2641003131866455,2.2641003131866455,225,0.0,0.0
1987-03-11 00:00:00-05:00,0.0,2.2641003131866455,2.2641003131866455,2.2641003131866455,225,0.0,0.0
1987-03-12 00:00:00-05:00,0.0,2.2641003131866455,2.2641003131866455,2.2641003131866455,450,0.0,0.0
1987-03-13 00:00:00-05:00,0.0,2.1677558422088623,2.1677558422088623,2.1677558422088623,675,0.0,0.0
1987-03-16 00:00:00-05:00,0.0,2.312274217605591,2.312274217605591,2.312274217605591,225,0.0,0.0
1987-03-17 00:00:00-05:00,2.312274217605591,2.312274217605591,2.312274217605591,2.312274217605591,0,0.0,0.0
1987-03-18 00:00:00-05:00,2.312274217605591,2.312274217605591,2.312274217605591,2.312274217605591,0,0.0,0.0
1987-03-19 00:00:00-05:00,0.0,2.1677558422088623,2.1677558422088623,2.1677558422088623,450,0.0,0.0
1987-03-20 00:00:00-05:00,2.1677558422088623,2.1677558422088623,2.1677558422088623,2.1677558422088623,0,0.0,0.0
1987-03-23 00:00:00-05:00,0.0,2.1677558422088623,2.1677558422088623,2.1677558422088623,225,0.0,0.0
1987-03-24 00:00:00-05:00,0.0,2.2159290313720703,2.2159290313720703,2.2159290313720703,900,0.0,0.0
1987-03-25 00:00:00-05:00,2.2159290313720703,2.2159290313720703,2.2159290313720703,2.2159290313720703,0,0.0,0.0
1987-03-26 00:00:00-05:00,0.0,2.2159290313720703,2.2159290313720703,2.2159290313720703,225,0.0,0.0
1987-03-27 00:00:00-05:00,0.0,2.2159290313720703,2.2159290313720703,2.2159290313720703,225,0.0,0.0
1987-03-30 00:00:00-05:00,2.2159290313720703,2.2159290313720703,2.2159290313720703,2.2159290313720703,0,0.0,0.0
1987-03-31 00:00:00-05:00,0.0,2.2641003131866455,2.2641003131866455,2.2641003131866455,1350,0.0,0.0
1987-04-01 00:00:00-05:00,2.2641003131866455,2.2641003131866455,2.2641003131866455,2.2641003131866455,0,0.0,0.0
1987-04-02 00:00:00-05:00,2.2641003131866455,2.2641003131866455,2.2641003131866455,2.2641003131866455,0,0.0,0.0
1987-04-03 00:00:00-05:00,2.2641003131866455,2.2641003131866455,2.2641003131866455,2.2641003131866455,0,0.0,0.0
1987-04-06 00:00:00-04:00,2.2641003131866455,2.2641003131866455,2.2641003131866455,2.2641003131866455,0,0.0,0.0
1987-04-07 00:00:00-04:00,0.0,2.408618813008534,2.312274217605591,2.312274217605591,5400,0.0,0.0
1987-04-08 00:00:00-04:00,0.0,2.312274217605591,2.312274217605591,2.312274217605591,450,0.0,0.0
1987-04-09 00:00:00-04:00,0.0,2.312274217605591,2.312274217605591,2.312274217605591,225,0.0,0.0
1987-04-10 00:00:00-04:00,0.0,2.45678973197937,2.45678973197937,2.45678973197937,675,0.0,0.0
1987-04-13 00:00:00-04:00,0.0,2.45678973197937,2.45678973197937,2.45678973197937,675,0.0,0.0
1987-04-14 00:00:00-04:00,2.45678973197937,2.45678973197937,2.45678973197937,2.45678973197937,0,0.0,0.0
1987-04-15 00:00:00-04:00,0.0,2.384530782699585,2.3122723430440146,2.384530782699585,3375,0.0,0.0
1987-04-16 00:00:00-04:00,0.0,2.45678973197937,2.45678973197937,2.45678973197937,225,0.0,0.0
1987-04-20 00:00:00-04:00,0.0,2.456789816913973,2.3122729026288162,2.432703733444214,4500,0.0,0.0
1987-04-21 00:00:00-04:00,0.0,2.4567898121874236,2.3484020233154297,2.3484020233154297,1575,0.0,0.0
1987-04-22 00:00:00-04:00,0.0,2.4567900491393666,2.360445499420166,2.360445499420166,4725,0.0,0.0
1987-04-23 00:00:00-04:00,2.360445499420166,2.360445499420166,2.360445499420166,2.360445499420166,0,0.0,0.0
1987-04-24 00:00:00-04:00,0.0,2.5049638748168945,2.408618863911009,2.5049638748168945,1350,0.0,0.0
1987-04-27 00:00:00-04:00,0.0,2.4086179733276367,2.360445795786429,2.4086179733276367,4500,0.0,0.0
1987-04-28 00:00:00-04:00,2.4086179733276367,2.4086179733276367,2.4086179733276367,2.4086179733276367,0,0.0,0.0
1987-04-29 00:00:00-04:00,0.0,2.5049638748168945,2.5049638748168945,2.5049638748168945,450,0.0,0.0
1987-04-30 00:00:00-04:00,2.5049638748168945,2.5049638748168945,2.5049638748168945,2.5049638748168945,0,0.0,0.0
1987-05-01 00:00:00-04:00,0.0,2.504962948610092,2.4086179733276367,2.4086179733276367,3825,0.0,0.0
1987-05-04 00:00:00-04:00,0.0,2.4086179733276367,2.4086179733276367,2.4086179733276367,450,0.0,0.0
1987-05-05 00:00:00-04:00,2.4086179733276367,2.4086179733276367,2.4086179733276367,2.4086179733276367,0,0.0,0.0
1987-05-06 00:00:00-04:00,0.0,2.45678973197937,2.3604451946977965,2.45678973197937,6750,0.0,0.0
1987-05-07 00:00:00-04:00,2.45678973197937,2.45678973197937,2.45678973197937,2.45678973197937,0,0.0,0.0
1987-05-08 00:00:00-04:00,0.0,2.5049638748168945,2.5049638748168945,2.5049638748168945,225,0.0,0.0
1987-05-11 00:00:00-04:00,2.5049638748168945,2.5049638748168945,2.5049638748168945,2.5049638748168945,0,0.0,0.0
1987-05-12 00:00:00-04:00,2.5049638748168945,2.5049638748168945,2.5049638748168945,2.5049638748168945,0,0.0,0.0
1987-05-13 00:00:00-04:00,2.5049638748168945,2.5049638748168945,2.5049638748168945,2.5049638748168945,0,0.0,0.0
1987-05-14 00:00:00-04:00,2.5049638748168945,2.5049638748168945,2.5049638748168945,2.5049638748168945,0,0.0,0.0
1987-05-15 00:00:00-04:00,2.5049638748168945,2.5049638748168945,2.5049638748168945,2.5049638748168945,0,0.0,0.0
1987-05-18 00:00:00-04:00,2.5049638748168945,2.5049638748168945,2.5049638748168945,2.5049638748168945,0,0.0,0.0
1987-05-19 00:00:00-04:00,0.0,2.360445499420166,2.360445499420166,2.360445499420166,4500,0.0,0.0
1987-05-20 00:00:00-04:00,2.360445499420166,2.360445499420166,2.360445499420166,2.360445499420166,0,0.0,0.0
1987-05-21 00:00:00-04:00,0.0,2.45678973197937,2.4327036493423004,2.45678973197937,1125,0.0,0.0
1987-05-22 00:00:00-04:00,2.45678973197937,2.45678973197937,2.45678973197937,2.45678973197937,0,0.0,0.0
1987-05-26 00:00:00-04:00,0.0,2.4086179733276367,2.4086179733276367,2.4086179733276367,450,0.0,0.0
1987-05-27 00:00:00-04:00,2.4086179733276367,2.4086179733276367,2.4086179733276367,2.4086179733276367,0,0.0,0.0
1987-05-28 00:00:00-04:00,0.0,2.4086179733276367,2.4086179733276367,2.4086179733276367,4950,0.0,0.0
1987-05-29 00:00:00-04:00,0.0,2.4567900491393666,2.360445499420166,2.360445499420166,5175,0.0,0.0
1987-06-01 00:00:00-04:00,0.0,2.4027695655822754,2.4027695655822754,2.4027695655822754,225,0.1918,0.0
1987-06-02 00:00:00-04:00,0.0,2.5008411407470703,2.402769100073944,2.5008411407470703,1575,0.0,0.0
1987-06-03 00:00:00-04:00,0.0,2.5008411407470703,2.5008411407470703,2.5008411407470703,1125,0.0,0.0
1987-06-04 00:00:00-04:00,0.0,2.5008411407470703,2.5008411407470703,2.5008411407470703,450,0.0,0.0
1987-06-05 00:00:00-04:00,2.5008411407470703,2.5008411407470703,2.5008411407470703,2.5008411407470703,0,0.0,0.0
1987-06-08 00:00:00-04:00,0.0,2.4027695655822754,2.4027695655822754,2.4027695655822754,225,0.0,0.0
1987-06-09 00:00:00-04:00,2.4027695655822754,2.4027695655822754,2.4027695655822754,2.4027695655822754,0,0.0,0.0
1987-06-10 00:00:00-04:00,0.0,2.500841056342476,2.464064121246338,2.464064121246338,1350,0.0,0.0
1987-06-11 00:00:00-04:00,0.0,2.5008411407470703,2.5008411407470703,2.5008411407470703,675,0.0,0.0
1987-06-12 00:00:00-04:00,0.0,2.464064121246338,2.402769018979328,2.464064121246338,1125,0.0,0.0
1987-06-15 00:00:00-04:00,0.0,2.5008411407470703,2.5008411407470703,2.5008411407470703,225,0.0,0.0
1987-06-16 00:00:00-04:00,2.5008411407470703,2.5008411407470703,2.5008411407470703,2.5008411407470703,0,0.0,0.0
1987-06-17 00:00:00-04:00,2.5008411407470703,2.5008411407470703,2.5008411407470703,2.5008411407470703,0,0.0,0.0
1987-06-18 00:00:00-04:00,2.5008411407470703,2.5008411407470703,2.5008411407470703,2.5008411407470703,0,0.0,0.0
1987-06-19 00:00:00-04:00,2.5008411407470703,2.5008411407470703,2.5008411407470703,2.5008411407470703,0,0.0,0.0
1987-06-22 00:00:00-04:00,0.0,2.4027695655822754,2.4027695655822754,2.4027695655822754,1125,0.0,0.0
1987-06-23 00:00:00-04:00,2.4027695655822754,2.4027695655822754,2.4027695655822754,2.4027695655822754,0,0.0,0.0
1987-06-24 00:00:00-04:00,0.0,2.4027695655822754,2.4027695655822754,2.4027695655822754,450,0.0,0.0
1987-06-25 00:00:00-04:00,0.0,2.4027695655822754,2.4027695655822754,2.4027695655822754,2250,0.0,0.0
1987-06-26 00:00:00-04:00,0.0,2.5008416252557093,2.4027695655822754,2.4027695655822754,4950,0.0,0.0
1987-06-29 00:00:00-04:00,0.0,2.549877643585205,2.402769257289866,2.549877643585205,6750,0.0,0.0
1987-06-30 00:00:00-04:00,2.549877643585205,2.549877643585205,2.549877643585205,2.549877643585205,0,0.0,0.0
1987-07-01 00:00:00-04:00,0.0,2.5253593921661377,2.5253593921661377,2.5253593921661377,450,0.0,0.0
1987-07-02 00:00:00-04:00,0.0,2.549877643585205,2.549877643585205,2.549877643585205,1350,0.0,0.0
1987-07-06 00:00:00-04:00,0.0,2.549877643585205,2.402769257289866,2.549877643585205,1800,0.0,0.0
1987-07-07 00:00:00-04:00,0.0,2.549877643585205,2.549877643585205,2.549877643585205,1350,0.0,0.0
1987-07-08 00:00:00-04:00,0.0,2.549877643585205,2.402769257289866,2.549877643585205,1125,0.0,0.0
1987-07-09 00:00:00-04:00,2.549877643585205,2.549877643585205,2.549877643585205,2.549877643585205,0,0.0,0.0
1987-07-10 00:00:00-04:00,2.549877643585205,2.549877643585205,2.549877643585205,2.549877643585205,0,0.0,0.0
1987-07-13 00:00:00-04:00,2.549877643585205,2.549877643585205,2.549877643585205,2.549877643585205,0,0.0,0.0
1987-07-14 00:00:00-04:00,2.549877643585205,2.549877643585205,2.549877643585205,2.549877643585205,0,0.0,0.0
1987-07-15 00:00:00-04:00,0.0,2.549877643585205,2.549877643585205,2.549877643585205,450,0.0,0.0
1987-07-16 00:00:00-04:00,0.0,2.549877643585205,2.549877643585205,2.549877643585205,2250,0.0,0.0
1987-07-17 00:00:00-04:00,0.0,2.476322889328003,2.476322889328003,2.476322889328003,1125,0.0,0.0
1987-07-20 00:00:00-04:00,0.0,2.476322889328003,2.476322889328003,2.476322889328003,2250,0.0,0.0
1987-07-21 00:00:00-04:00,0.0,2.549877643585205,2.402769257289866,2.549877643585205,5850,0.0,0.0
1987-07-22 00:00:00-04:00,0.0,2.549877643585205,2.402769257289866,2.549877643585205,7425,0.0,0.0
1987-07-23 00:00:00-04:00,0.0,2.549877643585205,2.402769257289866,2.549877643585205,2025,0.0,0.0
1987-07-24 00:00:00-04:00,0.0,2.549877643585205,2.549877643585205,2.549877643585205,225,0.0,0.0
1987-07-27 00:00:00-04:00,2.549877643585205,2.549877643585205,2.549877643585205,2.549877643585205,0,0.0,0.0
1987-07-28 00:00:00-04:00,0.0,2.42728590965271,2.42728590965271,2.42728590965271,4500,0.0,0.0
1987-07-29 00:00:00-04:00,0.0,2.4027695655822754,2.4027695655822754,2.4027695655822754,2250,0.0,0.0
1987-07-30 00:00:00-04:00,2.4027695655822754,2.4027695655822754,2.4027695655822754,2.4027695655822754,0,0.0,0.0
1987-07-31 00:00:00-04:00,0.0,2.549877970752668,2.4027695655822754,2.4027695655822754,900,0.0,0.0
1987-08-03 00:00:00-04:00,0.0,2.549877643585205,2.549877643585205,2.549877643585205,450,0.0,0.0
1987-08-04 00:00:00-04:00,2.549877643585205,2.549877643585205,2.549877643585205,2.549877643585205,0,0.0,0.0
1987-08-05 00:00:00-04:00,2.549877643585205,2.549877643585205,2.549877643585205,2.549877643585205,0,0.0,0.0
1987-08-06 00:00:00-04:00,0.0,2.549877643585205,2.451805175614845,2.549877643585205,5175,0.0,0.0
1987-08-07 00:00:00-04:00,0.0,2.451807032438094,2.4395482540130615,2.4395482540130615,11250,0.0,0.0
1987-08-10 00:00:00-04:00,0.0,2.5008411407470703,2.5008411407470703,2.5008411407470703,450,0.0,0.0
1987-08-11 00:00:00-04:00,0.0,2.5008411407470703,2.5008411407470703,2.5008411407470703,675,0.0,0.0
1987-08-12 00:00:00-04:00,0.0,2.5008411407470703,2.451805015190447,2.5008411407470703,3375,0.0,0.0
1987-08-13 00:00:00-04:00,0.0,2.5008411407470703,2.451805015190447,2.5008411407470703,7875,0.0,0.0
1987-08-14 00:00:00-04:00,2.5008411407470703,2.5008411407470703,2.5008411407470703,2.5008411407470703,0,0.0,0.0
1987-08-17 00:00:00-04:00,0.0,2.4518043994903564,2.4518043994903564,2.4518043994903564,450,0.0,0.0
1987-08-18 00:00:00-04:00,0.0,2.5008411407470703,2.5008411407470703,2.5008411407470703,450,0.0,0.0
1987-08-19 00:00:00-04:00,0.0,2.5008411407470703,2.451805015190447,2.5008411407470703,1350,0.0,0.0
1987-08-20 00:00:00-04:00,0.0,2.4518043994903564,2.4518043994903564,2.4518043994903564,675,0.0,0.0
1987-08-21 00:00:00-04:00,2.4518043994903564,2.4518043994903564,2.4518043994903564,2.4518043994903564,0,0.0,0.0
1987-08-24 00:00:00-04:00,0.0,2.5008411407470703,2.451805015190447,2.5008411407470703,2025,0.0,0.0
1987-08-25 00:00:00-04:00,0.0,2.5008411407470703,2.476323183188819,2.5008411407470703,4725,0.0,0.0
1987-08-26 00:00:00-04:00,2.5008411407470703,2.5008411407470703,2.5008411407470703,2.5008411407470703,0,0.0,0.0
1987-08-27 00:00:00-04:00,0.0,2.4518043994903564,2.4518043994903564,2.4518043994903564,225,0.0,0.0
1987-08-28 00:00:00-04:00,0.0,2.4518043994903564,2.4518043994903564,2.4518043994903564,225,0.0,0.0
1987-08-31 00:00:00-04:00,0.0,2.64657668199097,2.4967703819274902,2.4967703819274902,900,0.2001,0.0
1987-09-01 00:00:00-04:00,0.0,2.646575450897217,2.646575450897217,2.646575450897217,450,0.0,0.0
1987-09-02 00:00:00-04:00,2.646575450897217,2.646575450897217,2.646575450897217,2.646575450897217,0,0.0,0.0
1987-09-03 00:00:00-04:00,0.0,2.5716734248094655,2.4967703819274902,2.4967703819274902,1125,0.0,0.0
1987-09-04 00:00:00-04:00,2.4967703819274902,2.4967703819274902,2.4967703819274902,2.4967703819274902,0,0.0,0.0
1987-09-08 00:00:00-04:00,0.0,2.5966413021087646,2.496770227285928,2.5966413021087646,1350,0.0,0.0
1987-09-09 00:00:00-04:00,2.5966413021087646,2.5966413021087646,2.5966413021087646,2.5966413021087646,0,0.0,0.0
1987-09-10 00:00:00-04:00,0.0,2.4967703819274902,2.4967703819274902,2.4967703819274902,225,0.0,0.0
1987-09-11 00:00:00-04:00,0.0,2.5966413021087646,2.5966413021087646,2.5966413021087646,900,0.0,0.0
1987-09-14 00:00:00-04:00,0.0,2.5716725742370565,2.5342211723327637,2.5342211723327637,5175,0.0,0.0
1987-09-15 00:00:00-04:00,2.5342211723327637,2.5342211723327637,2.5342211723327637,2.5342211723327637,0,0.0,0.0
1987-09-16 00:00:00-04:00,0.0,2.4967703819274902,2.4967703819274902,2.4967703819274902,675,0.0,0.0
1987-09-17 00:00:00-04:00,0.0,2.4967703819274902,2.4967703819274902,2.4967703819274902,225,0.0,0.0
1987-09-18 00:00:00-04:00,2.4967703819274902,2.4967703819274902,2.4967703819274902,2.4967703819274902,0,0.0,0.0
1987-09-21 00:00:00-04:00,2.4967703819274902,2.4967703819274902,2.4967703819274902,2.4967703819274902,0,0.0,0.0
1987-09-22 00:00:00-04:00,0.0,2.5966413686496526,2.4967702912675445,2.546705722808838,3375,0.0,0.0
1987-09-23 00:00:00-04:00,0.0,2.646575450897217,2.4967692205183227,2.646575450897217,450,0.0,0.0
1987-09-24 00:00:00-04:00,2.646575450897217,2.646575450897217,2.646575450897217,2.646575450897217,0,0.0,0.0
1987-09-25 00:00:00-04:00,2.646575450897217,2.646575450897217,2.646575450897217,2.646575450897217,0,0.0,0.0
1987-09-28 00:00:00-04:00,2.646575450897217,2.646575450897217,2.646575450897217,2.646575450897217,0,0.0,0.0
1987-09-29 00:00:00-04:00,0.0,2.5966413021087646,2.496770227285928,2.5966413021087646,3375,0.0,0.0
1987-09-30 00:00:00-04:00,0.0,2.646575450897217,2.5467046306446206,2.646575450897217,900,0.0,0.0
1987-10-01 00:00:00-04:00,2.646575450897217,2.646575450897217,2.646575450897217,2.646575450897217,0,0.0,0.0
1987-10-02 00:00:00-04:00,2.646575450897217,2.646575450897217,2.646575450897217,2.646575450897217,0,0.0,0.0
1987-10-05 00:00:00-04:00,0.0,2.4967703819274902,2.4967703819274902,2.4967703819274902,450,0.0,0.0
1987-10-06 00:00:00-04:00,0.0,2.646575450897217,2.5467046306446206,2.646575450897217,675,0.0,0.0
1987-10-07 00:00:00-04:00,0.0,2.5966413021087646,2.5966413021087646,2.5966413021087646,1575,0.0,0.0
1987-10-08 00:00:00-04:00,0.0,2.64657668199097,2.4967703819274902,2.4967703819274902,7200,0.0,0.0
1987-10-09 00:00:00-04:00,2.4967703819274902,2.4967703819274902,2.4967703819274902,2.4967703819274902,0,0.0,0.0
1987-10-12 00:00:00-04:00,0.0,2.4967703819274902,2.4967703819274902,2.4967703819274902,675,0.0,0.0
1987-10-13 00:00:00-04:00,0.0,2.4967703819274902,2.4967703819274902,2.4967703819274902,1575,0.0,0.0
1987-10-14 00:00:00-04:00,0.0,2.596641462936006,2.4967703819274902,2.4967703819274902,5625,0.0,0.0
1987-10-15 00:00:00-04:00,2.4967703819274902,2.4967703819274902,2.4967703819274902,2.4967703819274902,0,0.0,0.0
1987-10-16 00:00:00-04:00,0.0,2.4967703819274902,2.4967703819274902,2.4967703819274902,450,0.0,0.0
1987-10-19 00:00:00-04:00,0.0,2.4967703819274902,2.4967703819274902,2.4967703819274902,3150,0.0,0.0
1987-10-20 00:00:00-04:00,0.0,2.4967693330089786,2.2470924854278564,2.2470924854278564,15750,0.0,0.0
1987-10-21 00:00:00-04:00,0.0,2.2970285415649414,2.2970285415649414,2.2970285415649414,2250,0.0,0.0
1987-10-22 00:00:00-04:00,0.0,2.4468350410461426,2.4468350410461426,2.4468350410461426,450,0.0,0.0
1987-10-23 00:00:00-04:00,0.0,2.3968987225561933,2.1971570730517445,2.2470924854278564,2925,0.0,0.0
1987-10-26 00:00:00-05:00,0.0,2.147222441288958,1.8975450992584229,1.8975450992584229,3375,0.0,0.0
1987-10-27 00:00:00-05:00,0.0,2.0972868014432544,1.8975450992584229,1.8975450992584229,6525,0.0,0.0
1987-10-28 00:00:00-05:00,0.0,1.8975450992584229,1.8975450992584229,1.8975450992584229,1350,0.0,0.0
1987-10-29 00:00:00-05:00,0.0,2.0473506450653076,2.0473506450653076,2.0473506450653076,450,0.0,0.0
1987-10-30 00:00:00-05:00,2.0473506450653076,2.0473506450653076,2.0473506450653076,2.0473506450653076,0,0.0,0.0
1987-11-02 00:00:00-05:00,2.0473506450653076,2.0473506450653076,2.0473506450653076,2.0473506450653076,0,0.0,0.0
1987-11-03 00:00:00-05:00,0.0,2.0473506450653076,1.8975444219022048,2.0473506450653076,1575,0.0,0.0
1987-11-04 00:00:00-05:00,0.0,2.0473520040943227,1.8975456814900207,1.922513723373413,7875,0.0,0.0
1987-11-05 00:00:00-05:00,0.0,2.0972869396209717,2.0972869396209717,2.0972869396209717,2250,0.0,0.0
1987-11-06 00:00:00-05:00,0.0,2.097285522444404,1.9974149465560913,1.9974149465560913,2475,0.0,0.0
1987-11-09 00:00:00-05:00,0.0,1.997416102552101,1.9474806785583496,1.9474806785583496,1575,0.0,0.0
1987-11-10 00:00:00-05:00,1.9474806785583496,1.9474806785583496,1.9474806785583496,1.9474806785583496,0,0.0,0.0
1987-11-11 00:00:00-05:00,0.0,2.0473506450653076,2.0473506450653076,2.0473506450653076,225,0.0,0.0
1987-11-12 00:00:00-05:00,2.0473506450653076,2.0473506450653076,2.0473506450653076,2.0473506450653076,0,0.0,0.0
1987-11-13 00:00:00-05:00,0.0,2.0972869396209717,2.0972869396209717,2.0972869396209717,675,0.0,0.0
1987-11-16 00:00:00-05:00,2.0972869396209717,2.0972869396209717,2.0972869396209717,2.0972869396209717,0,0.0,0.0
1987-11-17 00:00:00-05:00,2.0972869396209717,2.0972869396209717,2.0972869396209717,2.0972869396209717,0,0.0,0.0
1987-11-18 00:00:00-05:00,0.0,2.0972869396209717,2.0972869396209717,2.0972869396209717,225,0.0,0.0
1987-11-19 00:00:00-05:00,0.0,2.097285522444404,1.9974149465560913,1.9974149465560913,2700,0.0,0.0
1987-11-20 00:00:00-05:00,0.0,2.0972869396209717,2.0972869396209717,2.0972869396209717,675,0.0,0.0
1987-11-23 00:00:00-05:00,0.0,2.0972868014432544,1.8975450992584229,1.8975450992584229,675,0.0,0.0
1987-11-24 00:00:00-05:00,1.8975450992584229,1.8975450992584229,1.8975450992584229,1.8975450992584229,0,0.0,0.0
1987-11-25 00:00:00-05:00,0.0,2.0972869396209717,2.0972869396209717,2.0972869396209717,900,0.0,0.0
1987-11-27 00:00:00-05:00,0.0,1.9724476337432861,1.9724476337432861,1.9724476337432861,900,0.0,0.0
1987-11-30 00:00:00-05:00,1.9724476337432861,1.9724476337432861,1.9724476337432861,1.9724476337432861,0,0.0,0.0
1987-12-01 00:00:00-05:00,1.9724476337432861,1.9724476337432861,1.9724476337432861,1.9724476337432861,0,0.0,0.0
1987-12-02 00:00:00-05:00,0.0,2.0972869396209717,1.9474808674120156,2.0972869396209717,450,0.0,0.0
1987-12-03 00:00:00-05:00,2.0972869396209717,2.0972869396209717,2.0972869396209717,2.0972869396209717,0,0.0,0.0
1987-12-04 00:00:00-05:00,2.0972869396209717,2.0972869396209717,2.0972869396209717,2.0972869396209717,0,0.0,0.0
1987-12-07 00:00:00-05:00,0.0,2.0972868014432544,1.8975450992584229,1.8975450992584229,1350,0.0,0.0
1987-12-08 00:00:00-05:00,0.0,2.130932569503784,1.9279865068189477,2.130932569503784,2250,0.13333,0.0
1987-12-09 00:00:00-05:00,2.130932569503784,2.130932569503784,2.130932569503784,2.130932569503784,0,0.0,0.0
1987-12-10 00:00:00-05:00,0.0,2.130932569503784,1.9279865068189477,2.130932569503784,4500,0.0,0.0
1987-12-11 00:00:00-05:00,0.0,1.9279863834381104,1.9279863834381104,1.9279863834381104,4500,0.0,0.0
1987-12-14 00:00:00-05:00,0.0,2.130932569503784,1.9279865068189477,2.130932569503784,1125,0.0,0.0
1987-12-15 00:00:00-05:00,0.0,2.130932569503784,2.0294597558987655,2.130932569503784,24975,0.0,0.0
1987-12-16 00:00:00-05:00,0.0,2.130931024407161,2.0294582843780518,2.0294582843780518,2250,0.0,0.0
1987-12-17 00:00:00-05:00,0.0,2.2324039936065674,2.0294582947717394,2.2324039936065674,1575,0.0,0.0
1987-12-18 00:00:00-05:00,2.2324039936065674,2.2324039936065674,2.2324039936065674,2.2324039936065674,0,0.0,0.0
1987-12-21 00:00:00-05:00,0.0,2.0294582843780518,2.0294582843780518,2.0294582843780518,225,0.0,0.0
1987-12-22 00:00:00-05:00,0.0,2.130931024407161,2.0294582843780518,2.0294582843780518,5625,0.0,0.0
1987-12-23 00:00:00-05:00,2.0294582843780518,2.0294582843780518,2.0294582843780518,2.0294582843780518,0,0.0,0.0
1987-12-24 00:00:00-05:00,2.0294582843780518,2.0294582843780518,2.0294582843780518,2.0294582843780518,0,0.0,0.0
1987-12-28 00:00:00-05:00,2.0294582843780518,2.0294582843780518,2.0294582843780518,2.0294582843780518,0,0.0,0.0
1987-12-29 00:00:00-05:00,0.0,2.0294582843780518,2.0294582843780518,2.0294582843780518,1125,0.0,0.0
1987-12-30 00:00:00-05:00,0.0,2.1562998294830322,2.1562998294830322,2.1562998294830322,1350,0.0,0.0
1987-12-31 00:00:00-05:00,2.1562998294830322,2.1562998294830322,2.1562998294830322,2.1562998294830322,0,0.0,0.0
1988-01-04 00:00:00-05:00,2.1562998294830322,2.1562998294830322,2.1562998294830322,2.1562998294830322,0,0.0,0.0
1988-01-05 00:00:00-05:00,0.0,2.130932569503784,2.130932569503784,2.130932569503784,450,0.0,0.0
1988-01-06 00:00:00-05:00,2.130932569503784,2.130932569503784,2.130932569503784,2.130932569503784,0,0.0,0.0
1988-01-07 00:00:00-05:00,0.0,2.130932569503784,2.130932569503784,2.130932569503784,1125,0.0,0.0
1988-01-08 00:00:00-05:00,0.0,2.130932569503784,2.130932569503784,2.130932569503784,450,0.0,0.0
1988-01-11 00:00:00-05:00,0.0,2.0040905475616455,2.0040905475616455,2.0040905475616455,225,0.0,0.0
1988-01-12 00:00:00-05:00,0.0,2.181667721027578,2.0040899360678432,2.0294582843780518,4725,0.0,0.0
1988-01-13 00:00:00-05:00,2.0294582843780518,2.0294582843780518,2.0294582843780518,2.0294582843780518,0,0.0,0.0
1988-01-14 00:00:00-05:00,2.0294582843780518,2.0294582843780518,2.0294582843780518,2.0294582843780518,0,0.0,0.0
1988-01-15 00:00:00-05:00,2.0294582843780518,2.0294582843780518,2.0294582843780518,2.0294582843780518,0,0.0,0.0
1988-01-18 00:00:00-05:00,2.0294582843780518,2.0294582843780518,2.0294582843780518,2.0294582843780518,0,0.0,0.0
1988-01-19 00:00:00-05:00,0.0,2.080195426940918,2.080195426940918,2.080195426940918,675,0.0,0.0
1988-01-20 00:00:00-05:00,0.0,2.0801945455239856,2.0294582843780518,2.0294582843780518,4950,0.0,0.0
1988-01-21 00:00:00-05:00,0.0,2.0548267364501953,2.0548267364501953,2.0548267364501953,450,0.0,0.0
1988-01-22 00:00:00-05:00,2.0548267364501953,2.0548267364501953,2.0548267364501953,2.0548267364501953,0,0.0,0.0
1988-01-25 00:00:00-05:00,2.0548267364501953,2.0548267364501953,2.0548267364501953,2.0548267364501953,0,0.0,0.0
1988-01-26 00:00:00-05:00,2.0548267364501953,2.0548267364501953,2.0548267364501953,2.0548267364501953,0,0.0,0.0
1988-01-27 00:00:00-05:00,2.0548267364501953,2.0548267364501953,2.0548267364501953,2.0548267364501953,0,0.0,0.0
1988-01-28 00:00:00-05:00,2.0548267364501953,2.0548267364501953,2.0548267364501953,2.0548267364501953,0,0.0,0.0
1988-01-29 00:00:00-05:00,2.0548267364501953,2.0548267364501953,2.0548267364501953,2.0548267364501953,0,0.0,0.0
1988-02-01 00:00:00-05:00,2.0548267364501953,2.0548267364501953,2.0548267364501953,2.0548267364501953,0,0.0,0.0
1988-02-02 00:00:00-05:00,0.0,2.0294582843780518,1.9787218054948763,2.0294582843780518,15750,0.0,0.0
1988-02-03 00:00:00-05:00,2.0294582843780518,2.0294582843780518,2.0294582843780518,2.0294582843780518,0,0.0,0.0
1988-02-04 00:00:00-05:00,2.0294582843780518,2.0294582843780518,2.0294582843780518,2.0294582843780518,0,0.0,0.0
1988-02-05 00:00:00-05:00,0.0,2.0294582843780518,2.0294582843780518,2.0294582843780518,450,0.0,0.0
1988-02-08 00:00:00-05:00,0.0,2.080195426940918,2.080195426940918,2.080195426940918,450,0.0,0.0
1988-02-09 00:00:00-05:00,2.080195426940918,2.080195426940918,2.080195426940918,2.080195426940918,0,0.0,0.0
1988-02-10 00:00:00-05:00,0.0,2.080195852970713,1.9279863206543029,1.9787230491638184,2025,0.0,0.0
1988-02-11 00:00:00-05:00,0.0,2.0548267364501953,2.0548267364501953,2.0548267364501953,1350,0.0,0.0
1988-02-12 00:00:00-05:00,0.0,2.080195426940918,2.0294591442970913,2.080195426940918,1800,0.0,0.0
1988-02-16 00:00:00-05:00,0.0,2.0294582843780518,2.0294582843780518,2.0294582843780518,1125,0.0,0.0
1988-02-17 00:00:00-05:00,2.0294582843780518,2.0294582843780518,2.0294582843780518,2.0294582843780518,0,0.0,0.0
1988-02-18 00:00:00-05:00,0.0,2.0801955382163047,1.9787227497632585,2.0421431064605713,18000,0.0,0.0
1988-02-19 00:00:00-05:00,0.0,1.953355312347412,1.953355312347412,1.953355312347412,450,0.0,0.0
1988-02-22 00:00:00-05:00,0.0,1.953355312347412,1.953355312347412,1.953355312347412,900,0.0,0.0
1988-02-23 00:00:00-05:00,0.0,2.0294582843780518,2.0294582843780518,2.0294582843780518,1350,0.0,0.0
1988-02-24 00:00:00-05:00,0.0,1.953355312347412,1.953355312347412,1.953355312347412,675,0.0,0.0
1988-02-25 00:00:00-05:00,1.953355312347412,1.953355312347412,1.953355312347412,1.953355312347412,0,0.0,0.0
1988-02-26 00:00:00-05:00,1.953355312347412,1.953355312347412,1.953355312347412,1.953355312347412,0,0.0,0.0
1988-02-29 00:00:00-05:00,0.0,2.1055634021759033,2.004090419911145,2.1055634021759033,2250,0.0,0.0
1988-03-01 00:00:00-05:00,2.1364500522613525,2.1364500522613525,2.1364500522613525,2.1364500522613525,0,0.13333,0.0
1988-03-02 00:00:00-05:00,2.1364500522613525,2.1364500522613525,2.1364500522613525,2.1364500522613525,0,0.0,0.0
1988-03-03 00:00:00-05:00,2.1364500522613525,2.1364500522613525,2.1364500522613525,2.1364500522613525,0,0.0,0.0
1988-03-04 00:00:00-05:00,0.0,2.1621925830841064,2.1621925830841064,2.1621925830841064,1350,0.0,0.0
1988-03-07 00:00:00-05:00,0.0,2.1621917190491193,2.0077495954301083,2.0463600158691406,2250,0.0,0.0
1988-03-08 00:00:00-05:00,0.0,2.059229612350464,2.0463592560514705,2.059229612350464,76500,0.0,0.0
1988-03-09 00:00:00-05:00,0.0,2.1621925830841064,2.0463608336165375,2.1621925830841064,7650,0.0,0.0
1988-03-10 00:00:00-05:00,2.1621925830841064,2.1621925830841064,2.1621925830841064,2.1621925830841064,0,0.0,0.0
1988-03-11 00:00:00-05:00,0.0,2.1621925830841064,2.059231199837457,2.1621925830841064,3825,0.0,0.0
1988-03-14 00:00:00-05:00,2.1621925830841064,2.1621925830841064,2.1621925830841064,2.1621925830841064,0,0.0,0.0
1988-03-15 00:00:00-05:00,2.1621925830841064,2.1621925830841064,2.1621925830841064,2.1621925830841064,0,0.0,0.0
1988-03-16 00:00:00-05:00,0.0,2.1621925830841064,2.1621925830841064,2.1621925830841064,1575,0.0,0.0
1988-03-17 00:00:00-05:00,2.1621925830841064,2.1621925830841064,2.1621925830841064,2.1621925830841064,0,0.0,0.0
1988-03-18 00:00:00-05:00,0.0,2.1621925830841064,2.1621925830841064,2.1621925830841064,675,0.0,0.0
1988-03-21 00:00:00-05:00,2.1621925830841064,2.1621925830841064,2.1621925830841064,2.1621925830841064,0,0.0,0.0
1988-03-22 00:00:00-05:00,0.0,2.0334901809692383,2.0334901809692383,2.0334901809692383,1125,0.0,0.0
1988-03-23 00:00:00-05:00,2.0334901809692383,2.0334901809692383,2.0334901809692383,2.0334901809692383,0,0.0,0.0
1988-03-24 00:00:00-05:00,0.0,2.2136733531951904,2.033490456003294,2.2136733531951904,4500,0.0,0.0
1988-03-25 00:00:00-05:00,0.0,2.2136733531951904,2.0592309645727807,2.2136733531951904,55350,0.0,0.0
1988-03-28 00:00:00-05:00,0.0,2.187932014465332,2.1621917339947205,2.187932014465332,3150,0.0,0.0
1988-03-29 00:00:00-05:00,2.187932014465332,2.187932014465332,2.187932014465332,2.187932014465332,0,0.0,0.0
1988-03-30 00:00:00-05:00,0.0,2.2136733531951904,2.2136733531951904,2.2136733531951904,225,0.0,0.0
1988-03-31 00:00:00-05:00,0.0,2.2136733531951904,2.2136733531951904,2.2136733531951904,1125,0.0,0.0
1988-04-04 00:00:00-04:00,0.0,2.2136733531951904,2.0592309645727807,2.2136733531951904,5625,0.0,0.0
1988-04-05 00:00:00-04:00,0.0,2.3166349893513742,2.1621925830841064,2.1621925830841064,13275,0.0,0.0
1988-04-06 00:00:00-04:00,0.0,2.36811472755419,2.162191611709726,2.265153169631958,23850,0.0,0.0
1988-04-07 00:00:00-04:00,0.0,2.368114948272705,2.2136728179261147,2.368114948272705,4050,0.0,0.0
1988-04-08 00:00:00-04:00,0.0,2.36811472755419,2.213672611602272,2.265153169631958,4725,0.0,0.0
1988-04-11 00:00:00-04:00,0.0,2.36811472755419,2.265153169631958,2.265153169631958,4500,0.0,0.0
1988-04-12 00:00:00-04:00,0.0,2.2136733531951904,2.2136733531951904,2.2136733531951904,675,0.0,0.0
1988-04-13 00:00:00-04:00,0.0,2.368114948272705,2.368114948272705,2.368114948272705,2250,0.0,0.0
1988-04-14 00:00:00-04:00,0.0,2.368114948272705,2.368114948272705,2.368114948272705,450,0.0,0.0
1988-04-15 00:00:00-04:00,0.0,2.368114948272705,2.368114948272705,2.368114948272705,450,0.0,0.0
1988-04-18 00:00:00-04:00,2.368114948272705,2.368114948272705,2.368114948272705,2.368114948272705,0,0.0,0.0
1988-04-19 00:00:00-04:00,2.368114948272705,2.368114948272705,2.368114948272705,2.368114948272705,0,0.0,0.0
1988-04-20 00:00:00-04:00,2.368114948272705,2.368114948272705,2.368114948272705,2.368114948272705,0,0.0,0.0
1988-04-21 00:00:00-04:00,2.368114948272705,2.368114948272705,2.368114948272705,2.368114948272705,0,0.0,0.0
1988-04-22 00:00:00-04:00,0.0,2.368114231073946,2.2651526947378215,2.316633462905884,4500,0.0,0.0
1988-04-25 00:00:00-04:00,2.316633462905884,2.316633462905884,2.316633462905884,2.316633462905884,0,0.0,0.0
1988-04-26 00:00:00-04:00,0.0,2.265153169631958,2.265153169631958,2.265153169631958,1350,0.0,0.0
1988-04-27 00:00:00-04:00,0.0,2.368114948272705,2.368114948272705,2.368114948272705,900,0.0,0.0
1988-04-28 00:00:00-04:00,0.0,2.471076488494873,2.471076488494873,2.471076488494873,2250,0.0,0.0
1988-04-29 00:00:00-04:00,0.0,2.368114948272705,2.368114948272705,2.368114948272705,1125,0.0,0.0
1988-05-02 00:00:00-04:00,0.0,2.471076488494873,2.471076488494873,2.471076488494873,450,0.0,0.0
1988-05-03 00:00:00-04:00,2.471076488494873,2.471076488494873,2.471076488494873,2.471076488494873,0,0.0,0.0
1988-05-04 00:00:00-04:00,2.471076488494873,2.471076488494873,2.471076488494873,2.471076488494873,0,0.0,0.0
1988-05-05 00:00:00-04:00,0.0,2.4710757535195307,2.368114217762179,2.4195947647094727,1350,0.0,0.0
1988-05-06 00:00:00-04:00,0.0,2.471076488494873,2.471076488494873,2.471076488494873,225,0.0,0.0
1988-05-09 00:00:00-04:00,0.0,2.445335865020752,2.3681145905799235,2.445335865020752,5625,0.0,0.0
1988-05-10 00:00:00-04:00,0.0,2.471076488494873,2.471076488494873,2.471076488494873,450,0.0,0.0
1988-05-11 00:00:00-04:00,2.471076488494873,2.471076488494873,2.471076488494873,2.471076488494873,0,0.0,0.0
1988-05-12 00:00:00-04:00,0.0,2.471076488494873,2.471076488494873,2.471076488494873,1125,0.0,0.0
1988-05-13 00:00:00-04:00,2.471076488494873,2.471076488494873,2.471076488494873,2.471076488494873,0,0.0,0.0
1988-05-16 00:00:00-04:00,0.0,2.393854856491089,2.393854856491089,2.393854856491089,1125,0.0,0.0
1988-05-17 00:00:00-04:00,2.393854856491089,2.393854856491089,2.393854856491089,2.393854856491089,0,0.0,0.0
1988-05-18 00:00:00-04:00,2.393854856491089,2.393854856491089,2.393854856491089,2.393854856491089,0,0.0,0.0
1988-05-19 00:00:00-04:00,0.0,2.4710764458530683,2.3809850215911865,2.3809850215911865,675,0.0,0.0
1988-05-20 00:00:00-04:00,0.0,2.471076130557244,2.2136724728205013,2.393854856491089,164025,0.0,0.0
1988-05-23 00:00:00-04:00,0.0,2.471076488494873,2.3681149221135347,2.471076488494873,2700,0.0,0.0
1988-05-24 00:00:00-04:00,0.0,2.471076488494873,2.3938552032431453,2.471076488494873,7200,0.0,0.0
1988-05-25 00:00:00-04:00,0.0,2.471076488494873,2.471076488494873,2.471076488494873,21600,0.0,0.0
1988-05-26 00:00:00-04:00,0.0,2.574037790298462,2.419595443345234,2.574037790298462,16875,0.0,0.0
1988-05-27 00:00:00-04:00,0.0,2.548297643661499,2.548297643661499,2.548297643661499,450,0.0,0.0
1988-05-31 00:00:00-04:00,0.0,2.5535075664520264,2.5013951443160516,2.5535075664520264,1800,0.13333,0.0
1988-06-01 00:00:00-04:00,0.0,2.5795636656989402,2.44928249853793,2.5535075664520264,6750,0.0,0.0
1988-06-02 00:00:00-04:00,2.5535075664520264,2.5535075664520264,2.5535075664520264,2.5535075664520264,0,0.0,0.0
1988-06-03 00:00:00-04:00,0.0,2.5535075664520264,2.4753390450691377,2.5535075664520264,13500,0.0,0.0
1988-06-06 00:00:00-04:00,0.0,2.6056203842163086,2.6056203842163086,2.6056203842163086,450,0.0,0.0
1988-06-07 00:00:00-04:00,0.0,2.449281692504883,2.449281692504883,2.449281692504883,900,0.0,0.0
1988-06-08 00:00:00-04:00,0.0,2.449281692504883,2.449281692504883,2.449281692504883,675,0.0,0.0
1988-06-09 00:00:00-04:00,0.0,2.4753382304611558,2.449281692504883,2.449281692504883,2700,0.0,0.0
1988-06-10 00:00:00-04:00,2.449281692504883,2.449281692504883,2.449281692504883,2.449281692504883,0,0.0,0.0
1988-06-13 00:00:00-04:00,0.0,2.605618907463861,2.449281692504883,2.449281692504883,10800,0.0,0.0
1988-06-14 00:00:00-04:00,0.0,2.6056203842163086,2.6056203842163086,2.6056203842163086,450,0.0,0.0
1988-06-15 00:00:00-04:00,0.0,2.5013959407806396,2.5013959407806396,2.5013959407806396,225,0.0,0.0
1988-06-16 00:00:00-04:00,0.0,2.5795636656989402,2.5013951443160516,2.5535075664520264,1800,0.0,0.0
1988-06-17 00:00:00-04:00,2.5535075664520264,2.5535075664520264,2.5535075664520264,2.5535075664520264,0,0.0,0.0
1988-06-20 00:00:00-04:00,0.0,2.6056203842163086,2.6056203842163086,2.6056203842163086,450,0.0,0.0
1988-06-21 00:00:00-04:00,0.0,2.6056203842163086,2.449283080652138,2.6056203842163086,1350,0.0,0.0
1988-06-22 00:00:00-04:00,0.0,2.6056203842163086,2.6056203842163086,2.6056203842163086,1800,0.0,0.0
1988-06-23 00:00:00-04:00,2.6056203842163086,2.6056203842163086,2.6056203842163086,2.6056203842163086,0,0.0,0.0
1988-06-24 00:00:00-04:00,0.0,2.6056203842163086,2.6056203842163086,2.6056203842163086,225,0.0,0.0
1988-06-27 00:00:00-04:00,2.6056203842163086,2.6056203842163086,2.6056203842163086,2.6056203842163086,0,0.0,0.0
1988-06-28 00:00:00-04:00,0.0,2.5535075664520264,2.44928249853793,2.5535075664520264,3825,0.0,0.0
1988-06-29 00:00:00-04:00,0.0,2.5535075664520264,2.44928249853793,2.5535075664520264,1125,0.0,0.0
1988-06-30 00:00:00-04:00,0.0,2.6056203842163086,2.6056203842163086,2.6056203842163086,450,0.0,0.0
1988-07-01 00:00:00-04:00,0.0,2.6056203842163086,2.6056203842163086,2.6056203842163086,675,0.0,0.0
1988-07-05 00:00:00-04:00,2.6056203842163086,2.6056203842163086,2.6056203842163086,2.6056203842163086,0,0.0,0.0
1988-07-06 00:00:00-04:00,0.0,2.5535075664520264,2.5535075664520264,2.5535075664520264,450,0.0,0.0
1988-07-07 00:00:00-04:00,2.5535075664520264,2.5535075664520264,2.5535075664520264,2.5535075664520264,0,0.0,0.0
1988-07-08 00:00:00-04:00,2.5535075664520264,2.5535075664520264,2.5535075664520264,2.5535075664520264,0,0.0,0.0
1988-07-11 00:00:00-04:00,2.5535075664520264,2.5535075664520264,2.5535075664520264,2.5535075664520264,0,0.0,0.0
1988-07-12 00:00:00-04:00,0.0,2.5925936698913574,2.5925936698913574,2.5925936698913574,1125,0.0,0.0
1988-07-13 00:00:00-04:00,2.5925936698913574,2.5925936698913574,2.5925936698913574,2.5925936698913574,0,0.0,0.0
1988-07-14 00:00:00-04:00,0.0,2.605620088656641,2.566535711288452,2.566535711288452,900,0.0,0.0
1988-07-15 00:00:00-04:00,0.0,2.6056203842163086,2.6056203842163086,2.6056203842163086,450,0.0,0.0
1988-07-18 00:00:00-04:00,0.0,2.6056203842163086,2.6056203842163086,2.6056203842163086,900,0.0,0.0
1988-07-19 00:00:00-04:00,0.0,2.5665353924333365,2.5535075664520264,2.5535075664520264,900,0.0,0.0
1988-07-20 00:00:00-04:00,2.5535075664520264,2.5535075664520264,2.5535075664520264,2.5535075664520264,0,0.0,0.0
1988-07-21 00:00:00-04:00,0.0,2.449281692504883,2.449281692504883,2.449281692504883,450,0.0,0.0
1988-07-22 00:00:00-04:00,2.449281692504883,2.449281692504883,2.449281692504883,2.449281692504883,0,0.0,0.0
1988-07-25 00:00:00-04:00,2.449281692504883,2.449281692504883,2.449281692504883,2.449281692504883,0,0.0,0.0
1988-07-26 00:00:00-04:00,0.0,2.6056205945964104,2.5013959407806396,2.5013959407806396,675,0.0,0.0
1988-07-27 00:00:00-04:00,0.0,2.5535075664520264,2.5013951443160516,2.5535075664520264,1350,0.0,0.0
1988-07-28 00:00:00-04:00,2.5535075664520264,2.5535075664520264,2.5535075664520264,2.5535075664520264,0,0.0,0.0
1988-07-29 00:00:00-04:00,2.5535075664520264,2.5535075664520264,2.5535075664520264,2.5535075664520264,0,0.0,0.0
1988-08-01 00:00:00-04:00,0.0,2.6056203842163086,2.6056203842163086,2.6056203842163086,450,0.0,0.0
1988-08-02 00:00:00-04:00,2.6056203842163086,2.6056203842163086,2.6056203842163086,2.6056203842163086,0,0.0,0.0
1988-08-03 00:00:00-04:00,2.6056203842163086,2.6056203842163086,2.6056203842163086,2.6056203842163086,0,0.0,0.0
1988-08-04 00:00:00-04:00,2.6056203842163086,2.6056203842163086,2.6056203842163086,2.6056203842163086,0,0.0,0.0
1988-08-05 00:00:00-04:00,0.0,2.605618907463861,2.449281692504883,2.449281692504883,450,0.0,0.0
1988-08-08 00:00:00-04:00,2.449281692504883,2.449281692504883,2.449281692504883,2.449281692504883,0,0.0,0.0
1988-08-09 00:00:00-04:00,2.449281692504883,2.449281692504883,2.449281692504883,2.449281692504883,0,0.0,0.0
1988-08-10 00:00:00-04:00,2.449281692504883,2.449281692504883,2.449281692504883,2.449281692504883,0,0.0,0.0
1988-08-11 00:00:00-04:00,2.449281692504883,2.449281692504883,2.449281692504883,2.449281692504883,0,0.0,0.0
1988-08-12 00:00:00-04:00,0.0,2.449281692504883,2.449281692504883,2.449281692504883,225,0.0,0.0
1988-08-15 00:00:00-04:00,0.0,2.5013959407806396,2.5013959407806396,2.5013959407806396,675,0.0,0.0
1988-08-16 00:00:00-04:00,0.0,2.5274524688720703,2.4492836859508045,2.5274524688720703,4725,0.0,0.0
1988-08-17 00:00:00-04:00,2.5274524688720703,2.5274524688720703,2.5274524688720703,2.5274524688720703,0,0.0,0.0
1988-08-18 00:00:00-04:00,0.0,2.6056203842163086,2.6056203842163086,2.6056203842163086,225,0.0,0.0
1988-08-19 00:00:00-04:00,0.0,2.605618907463861,2.449281692504883,2.449281692504883,9000,0.0,0.0
1988-08-22 00:00:00-04:00,0.0,2.449281692504883,2.449281692504883,2.449281692504883,225,0.0,0.0
1988-08-23 00:00:00-04:00,0.0,2.6056201519143083,2.449282862288265,2.475339412689209,5850,0.0,0.0
1988-08-24 00:00:00-04:00,0.0,2.6056203842163086,2.6056203842163086,2.6056203842163086,450,0.0,0.0
1988-08-25 00:00:00-04:00,0.0,2.449281692504883,2.449281692504883,2.449281692504883,225,0.0,0.0
1988-08-26 00:00:00-04:00,0.0,2.449281692504883,2.449281692504883,2.449281692504883,1125,0.0,0.0
1988-08-29 00:00:00-04:00,2.449281692504883,2.449281692504883,2.449281692504883,2.449281692504883,0,0.0,0.0
1988-08-30 00:00:00-04:00,0.0,2.482343912124634,2.482343912124634,2.482343912124634,225,0.13911,0.0
1988-08-31 00:00:00-04:00,0.0,2.5879769325256348,2.4823449480755637,2.5879769325256348,11025,0.0,0.0
1988-09-01 00:00:00-04:00,0.0,2.5747711658477783,2.5747711658477783,2.5747711658477783,2700,0.0,0.0
1988-09-02 00:00:00-04:00,2.5747711658477783,2.5747711658477783,2.5747711658477783,2.5747711658477783,0,0.0,0.0
1988-09-06 00:00:00-04:00,2.5747711658477783,2.5747711658477783,2.5747711658477783,2.5747711658477783,0,0.0,0.0
1988-09-07 00:00:00-04:00,0.0,2.5879769325256348,2.5879769325256348,2.5879769325256348,900,0.0,0.0
1988-09-08 00:00:00-04:00,0.0,2.5879758524915677,2.482343912124634,2.482343912124634,4950,0.0,0.0
1988-09-09 00:00:00-04:00,0.0,2.5879769325256348,2.4823449480755637,2.5879769325256348,14175,0.0,0.0
1988-09-12 00:00:00-04:00,0.0,2.5747711658477783,2.5747711658477783,2.5747711658477783,8325,0.0,0.0
1988-09-13 00:00:00-04:00,2.5747711658477783,2.5747711658477783,2.5747711658477783,2.5747711658477783,0,0.0,0.0
1988-09-14 00:00:00-04:00,0.0,2.482343912124634,2.482343912124634,2.482343912124634,450,0.0,0.0
1988-09-15 00:00:00-04:00,0.0,2.5879770070043278,2.5087532997131348,2.5087532997131348,1575,0.0,0.0
1988-09-16 00:00:00-04:00,2.5087532997131348,2.5087532997131348,2.5087532997131348,2.5087532997131348,0,0.0,0.0
1988-09-19 00:00:00-04:00,0.0,2.5879769325256348,2.5879769325256348,2.5879769325256348,900,0.0,0.0
1988-09-20 00:00:00-04:00,2.5879769325256348,2.5879769325256348,2.5879769325256348,2.5879769325256348,0,0.0,0.0
1988-09-21 00:00:00-04:00,2.5879769325256348,2.5879769325256348,2.5879769325256348,2.5879769325256348,0,0.0,0.0
1988-09-22 00:00:00-04:00,0.0,2.482343912124634,2.482343912124634,2.482343912124634,450,0.0,0.0
1988-09-23 00:00:00-04:00,2.482343912124634,2.482343912124634,2.482343912124634,2.482343912124634,0,0.0,0.0
1988-09-26 00:00:00-04:00,0.0,2.5879758524915677,2.482343912124634,2.482343912124634,3600,0.0,0.0
1988-09-27 00:00:00-04:00,2.482343912124634,2.482343912124634,2.482343912124634,2.482343912124634,0,0.0,0.0
1988-09-28 00:00:00-04:00,0.0,2.5879769325256348,2.4823449480755637,2.5879769325256348,900,0.0,0.0
1988-09-29 00:00:00-04:00,0.0,2.5879758524915677,2.482343912124634,2.482343912124634,3375,0.0,0.0
1988-09-30 00:00:00-04:00,2.482343912124634,2.482343912124634,2.482343912124634,2.482343912124634,0,0.0,0.0
1988-10-03 00:00:00-04:00,0.0,2.4823455708021194,2.429529905319214,2.429529905319214,675,0.0,0.0
1988-10-04 00:00:00-04:00,2.429529905319214,2.429529905319214,2.429529905319214,2.429529905319214,0,0.0,0.0
1988-10-05 00:00:00-04:00,0.0,2.5879769325256348,2.42952929584211,2.5879769325256348,2250,0.0,0.0
1988-10-06 00:00:00-04:00,0.0,2.587977581751264,2.429529905319214,2.429529905319214,2025,0.0,0.0
1988-10-07 00:00:00-04:00,2.429529905319214,2.429529905319214,2.429529905319214,2.429529905319214,0,0.0,0.0
1988-10-10 00:00:00-04:00,0.0,2.5879769325256348,2.535161053631126,2.5879769325256348,900,0.0,0.0
1988-10-11 00:00:00-04:00,0.0,2.587977581751264,2.429529905319214,2.429529905319214,3600,0.0,0.0
1988-10-12 00:00:00-04:00,0.0,2.5879773833027864,2.5351614952087402,2.5351614952087402,3375,0.0,0.0
1988-10-13 00:00:00-04:00,0.0,2.5219578742980957,2.5219578742980957,2.5219578742980957,1125,0.0,0.0
1988-10-14 00:00:00-04:00,0.0,2.5879769325256348,2.5879769325256348,2.5879769325256348,225,0.0,0.0
1988-10-17 00:00:00-04:00,0.0,2.5879769325256348,2.5879769325256348,2.5879769325256348,225,0.0,0.0
1988-10-18 00:00:00-04:00,2.5879769325256348,2.5879769325256348,2.5879769325256348,2.5879769325256348,0,0.0,0.0
1988-10-19 00:00:00-04:00,0.0,2.5879769325256348,2.5879769325256348,2.5879769325256348,225,0.0,0.0
1988-10-20 00:00:00-04:00,0.0,2.5351614952087402,2.5351614952087402,2.5351614952087402,225,0.0,0.0
1988-10-21 00:00:00-04:00,0.0,2.5879773833027864,2.4295297190206484,2.5351614952087402,1350,0.0,0.0
1988-10-24 00:00:00-04:00,0.0,2.5351614952087402,2.5351614952087402,2.5351614952087402,900,0.0,0.0
1988-10-25 00:00:00-04:00,0.0,2.5879769325256348,2.42952929584211,2.5879769325256348,675,0.0,0.0
1988-10-26 00:00:00-04:00,0.0,2.5351614952087402,2.5351614952087402,2.5351614952087402,1125,0.0,0.0
1988-10-27 00:00:00-04:00,0.0,2.5087532997131348,2.5087532997131348,2.5087532997131348,225,0.0,0.0
1988-10-28 00:00:00-04:00,0.0,2.5879769325256348,2.5879769325256348,2.5879769325256348,225,0.0,0.0
1988-10-31 00:00:00-05:00,0.0,2.5879769325256348,2.5879769325256348,2.5879769325256348,1350,0.0,0.0
1988-11-01 00:00:00-05:00,2.5879769325256348,2.5879769325256348,2.5879769325256348,2.5879769325256348,0,0.0,0.0
1988-11-02 00:00:00-05:00,0.0,2.5879769325256348,2.5879769325256348,2.5879769325256348,450,0.0,0.0
1988-11-03 00:00:00-05:00,0.0,2.5879769325256348,2.5879769325256348,2.5879769325256348,900,0.0,0.0
1988-11-04 00:00:00-05:00,0.0,2.429529905319214,2.429529905319214,2.429529905319214,900,0.0,0.0
1988-11-07 00:00:00-05:00,2.429529905319214,2.429529905319214,2.429529905319214,2.429529905319214,0,0.0,0.0
1988-11-08 00:00:00-05:00,0.0,2.5351614952087402,2.5351614952087402,2.5351614952087402,1125,0.0,0.0
1988-11-09 00:00:00-05:00,0.0,2.429529905319214,2.429529905319214,2.429529905319214,675,0.0,0.0
1988-11-10 00:00:00-05:00,0.0,2.5879769325256348,2.42952929584211,2.5879769325256348,1125,0.0,0.0
1988-11-11 00:00:00-05:00,2.5879769325256348,2.5879769325256348,2.5879769325256348,2.5879769325256348,0,0.0,0.0
1988-11-14 00:00:00-05:00,2.5879769325256348,2.5879769325256348,2.5879769325256348,2.5879769325256348,0,0.0,0.0
1988-11-15 00:00:00-05:00,0.0,2.429529905319214,2.429529905319214,2.429529905319214,900,0.0,0.0
1988-11-16 00:00:00-05:00,0.0,2.429529905319214,2.429529905319214,2.429529905319214,1125,0.0,0.0
1988-11-17 00:00:00-05:00,0.0,2.5879769325256348,2.5879769325256348,2.5879769325256348,1125,0.0,0.0
1988-11-18 00:00:00-05:00,0.0,2.5087532997131348,2.5087532997131348,2.5087532997131348,450,0.0,0.0
1988-11-21 00:00:00-05:00,0.0,2.429529905319214,2.429529905319214,2.429529905319214,225,0.0,0.0
1988-11-22 00:00:00-05:00,0.0,2.429529905319214,2.429529905319214,2.429529905319214,1125,0.0,0.0
1988-11-23 00:00:00-05:00,2.429529905319214,2.429529905319214,2.429529905319214,2.429529905319214,0,0.0,0.0
1988-11-25 00:00:00-05:00,2.429529905319214,2.429529905319214,2.429529905319214,2.429529905319214,0,0.0,0.0
1988-11-28 00:00:00-05:00,2.429529905319214,2.429529905319214,2.429529905319214,2.429529905319214,0,0.0,0.0
1988-11-29 00:00:00-05:00,0.0,2.429529905319214,2.429529905319214,2.429529905319214,1350,0.0,0.0
1988-11-30 00:00:00-05:00,0.0,2.429529905319214,2.429529905319214,2.429529905319214,1125,0.0,0.0
1988-12-01 00:00:00-05:00,2.429529905319214,2.429529905319214,2.429529905319214,2.429529905319214,0,0.0,0.0
1988-12-02 00:00:00-05:00,0.0,2.429529905319214,2.429529905319214,2.429529905319214,2025,0.0,0.0
1988-12-05 00:00:00-05:00,2.429529905319214,2.429529905319214,2.429529905319214,2.429529905319214,0,0.0,0.0
1988-12-06 00:00:00-05:00,0.0,2.46304988861084,2.46304988861084,2.46304988861084,900,0.13911,0.0
1988-12-07 00:00:00-05:00,0.0,2.6236824989318848,2.6236824989318848,2.6236824989318848,1800,0.0,0.0
1988-12-08 00:00:00-05:00,2.6236824989318848,2.6236824989318848,2.6236824989318848,2.6236824989318848,0,0.0,0.0
1988-12-09 00:00:00-05:00,0.0,2.6236824989318848,2.6236824989318848,2.6236824989318848,3375,0.0,0.0
1988-12-12 00:00:00-05:00,0.0,2.5701375007629395,2.5701375007629395,2.5701375007629395,450,0.0,0.0
1988-12-13 00:00:00-05:00,0.0,2.503206253051758,2.503206253051758,2.503206253051758,675,0.0,0.0
1988-12-14 00:00:00-05:00,2.503206253051758,2.503206253051758,2.503206253051758,2.503206253051758,0,0.0,0.0
1988-12-15 00:00:00-05:00,2.503206253051758,2.503206253051758,2.503206253051758,2.503206253051758,0,0.0,0.0
1988-12-16 00:00:00-05:00,0.0,2.5165932178497314,2.5165932178497314,2.5165932178497314,225,0.0,0.0
1988-12-19 00:00:00-05:00,0.0,2.6236824989318848,2.409504241962657,2.6236824989318848,450,0.0,0.0
1988-12-20 00:00:00-05:00,2.6236824989318848,2.6236824989318848,2.6236824989318848,2.6236824989318848,0,0.0,0.0
1988-12-21 00:00:00-05:00,0.0,2.623681647385638,2.40950345993042,2.40950345993042,7650,0.0,0.0
1988-12-22 00:00:00-05:00,0.0,2.623681647385638,2.40950345993042,2.40950345993042,4725,0.0,0.0
1988-12-23 00:00:00-05:00,2.40950345993042,2.40950345993042,2.40950345993042,2.40950345993042,0,0.0,0.0
1988-12-27 00:00:00-05:00,0.0,2.40950345993042,2.40950345993042,2.40950345993042,225,0.0,0.0
1988-12-28 00:00:00-05:00,2.40950345993042,2.40950345993042,2.40950345993042,2.40950345993042,0,0.0,0.0
1988-12-29 00:00:00-05:00,2.40950345993042,2.40950345993042,2.40950345993042,2.40950345993042,0,0.0,0.0
1988-12-30 00:00:00-05:00,0.0,2.6236825794072955,2.5165932178497314,2.5165932178497314,1350,0.0,0.0
1989-01-03 00:00:00-05:00,0.0,2.5701375007629395,2.4898205530655964,2.5701375007629395,1125,0.0,0.0
1989-01-04 00:00:00-05:00,0.0,2.596908293235384,2.4095025638047964,2.4496610164642334,5625,0.0,0.0
1989-01-05 00:00:00-05:00,2.4496610164642334,2.4496610164642334,2.4496610164642334,2.4496610164642334,0,0.0,0.0
1989-01-06 00:00:00-05:00,0.0,2.543365716934204,2.543365716934204,2.543365716934204,450,0.0,0.0
1989-01-09 00:00:00-05:00,0.0,2.6236825794072955,2.5165932178497314,2.5165932178497314,1350,0.0,0.0
1989-01-10 00:00:00-05:00,0.0,2.5701371005218334,2.40950345993042,2.40950345993042,3150,0.0,0.0
1989-01-11 00:00:00-05:00,0.0,2.5701375007629395,2.4095038351564457,2.5701375007629395,11925,0.0,0.0
1989-01-12 00:00:00-05:00,0.0,2.40950345993042,2.40950345993042,2.40950345993042,2925,0.0,0.0
1989-01-13 00:00:00-05:00,0.0,2.40950345993042,2.40950345993042,2.40950345993042,900,0.0,0.0
1989-01-16 00:00:00-05:00,0.0,2.5165932178497314,2.5165932178497314,2.5165932178497314,675,0.0,0.0
1989-01-17 00:00:00-05:00,2.5165932178497314,2.5165932178497314,2.5165932178497314,2.5165932178497314,0,0.0,0.0
1989-01-18 00:00:00-05:00,0.0,2.6236824989318848,2.6236824989318848,2.6236824989318848,1800,0.0,0.0
1989-01-19 00:00:00-05:00,0.0,2.6236824989318848,2.6236824989318848,2.6236824989318848,450,0.0,0.0
1989-01-20 00:00:00-05:00,0.0,2.5701371005218334,2.40950345993042,2.40950345993042,900,0.0,0.0
1989-01-23 00:00:00-05:00,2.40950345993042,2.40950345993042,2.40950345993042,2.40950345993042,0,0.0,0.0
1989-01-24 00:00:00-05:00,0.0,2.40950345993042,2.40950345993042,2.40950345993042,225,0.0,0.0
1989-01-25 00:00:00-05:00,0.0,2.46304988861084,2.46304988861084,2.46304988861084,450,0.0,0.0
1989-01-26 00:00:00-05:00,0.0,2.516594246595388,2.409505300837959,2.46304988861084,2025,0.0,0.0
1989-01-27 00:00:00-05:00,0.0,2.46304988861084,2.46304988861084,2.46304988861084,2250,0.0,0.0
1989-01-30 00:00:00-05:00,0.0,2.4630480067942244,2.3024145959909674,2.40950345993042,2025,0.0,0.0
1989-01-31 00:00:00-05:00,0.0,2.5165923238698724,2.3024145959909674,2.40950345993042,3825,0.0,0.0
1989-02-01 00:00:00-05:00,2.40950345993042,2.40950345993042,2.40950345993042,2.40950345993042,0,0.0,0.0
1989-02-02 00:00:00-05:00,0.0,2.302415370941162,2.302415370941162,2.302415370941162,675,0.0,0.0
1989-02-03 00:00:00-05:00,0.0,2.5165932178497314,2.5165932178497314,2.5165932178497314,225,0.0,0.0
1989-02-06 00:00:00-05:00,0.0,2.302415370941162,2.302415370941162,2.302415370941162,1575,0.0,0.0
1989-02-07 00:00:00-05:00,2.302415370941162,2.302415370941162,2.302415370941162,2.302415370941162,0,0.0,0.0
1989-02-08 00:00:00-05:00,0.0,2.40950345993042,2.3559589130666154,2.40950345993042,900,0.0,0.0
1989-02-09 00:00:00-05:00,0.0,2.5165923238698724,2.3024145959909674,2.40950345993042,3375,0.0,0.0
1989-02-10 00:00:00-05:00,2.40950345993042,2.40950345993042,2.40950345993042,2.40950345993042,0,0.0,0.0
1989-02-13 00:00:00-05:00,2.40950345993042,2.40950345993042,2.40950345993042,2.40950345993042,0,0.0,0.0
1989-02-14 00:00:00-05:00,0.0,2.5165932178497314,2.5165932178497314,2.5165932178497314,675,0.0,0.0
1989-02-15 00:00:00-05:00,0.0,2.5165932178497314,2.5165932178497314,2.5165932178497314,225,0.0,0.0
1989-02-16 00:00:00-05:00,0.0,2.463049133499401,2.3559599907845876,2.382732391357422,4725,0.0,0.0
1989-02-17 00:00:00-05:00,0.0,2.382730362703175,2.3291858369335237,2.3559579849243164,3600,0.0,0.0
1989-02-21 00:00:00-05:00,0.0,2.3827317108346513,2.3291871547698975,2.3291871547698975,11475,0.0,0.0
1989-02-22 00:00:00-05:00,0.0,2.3559579849243164,2.3291858369335237,2.3559579849243164,6300,0.0,0.0
1989-02-23 00:00:00-05:00,0.0,2.3559579849243164,2.3291858369335237,2.3559579849243164,9900,0.0,0.0
1989-02-24 00:00:00-05:00,0.0,2.3559579849243164,2.3291858369335237,2.3559579849243164,15750,0.0,0.0
1989-02-27 00:00:00-05:00,0.0,2.3559579849243164,2.3559579849243164,2.3559579849243164,2700,0.0,0.0
1989-02-28 00:00:00-05:00,0.0,2.3559579849243164,2.3024136889427314,2.3559579849243164,8325,0.0,0.0
1989-03-01 00:00:00-05:00,0.0,2.302415370941162,2.302415370941162,2.302415370941162,675,0.0,0.0
1989-03-02 00:00:00-05:00,0.0,2.3559579849243164,2.3559579849243164,2.3559579849243164,2025,0.0,0.0
1989-03-03 00:00:00-05:00,0.0,2.3291871547698975,2.3291871547698975,2.3291871547698975,1575,0.0,0.0
1989-03-06 00:00:00-05:00,0.0,2.3516759872436523,2.3516759872436523,2.3516759872436523,1575,0.09244,0.0
1989-03-07 00:00:00-05:00,0.0,2.351674246368975,2.2435512445115475,2.324643611907959,18225,0.0,0.0
1989-03-08 00:00:00-05:00,0.0,2.324643611907959,2.2435512445115475,2.324643611907959,15975,0.0,0.0
1989-03-09 00:00:00-05:00,0.0,2.324643611907959,2.2435512445115475,2.324643611907959,3825,0.0,0.0
1989-03-10 00:00:00-05:00,0.0,2.324643611907959,2.324643611907959,2.324643611907959,3150,0.0,0.0
1989-03-13 00:00:00-05:00,0.0,2.4057374000549316,2.2435527858469055,2.4057374000549316,23175,0.0,0.0
1989-03-14 00:00:00-05:00,2.4057374000549316,2.4057374000549316,2.4057374000549316,2.4057374000549316,0,0.0,0.0
1989-03-15 00:00:00-05:00,0.0,2.351675318726752,2.270582914352417,2.270582914352417,1575,0.0,0.0
1989-03-16 00:00:00-05:00,0.0,2.351675318726752,2.270582914352417,2.270582914352417,2700,0.0,0.0
1989-03-17 00:00:00-05:00,0.0,2.324643611907959,2.324643611907959,2.324643611907959,900,0.0,0.0
1989-03-20 00:00:00-05:00,0.0,2.324644671939832,2.270582914352417,2.270582914352417,2025,0.0,0.0
1989-03-21 00:00:00-05:00,0.0,2.3787055015563965,2.3246442185269998,2.3787055015563965,900,0.0,0.0
1989-03-22 00:00:00-05:00,0.0,2.3787048808299907,2.2705818789725636,2.324643611907959,8550,0.0,0.0
1989-03-23 00:00:00-05:00,0.0,2.3246443631300804,2.2435519695281982,2.2435519695281982,4725,0.0,0.0
1989-03-27 00:00:00-05:00,2.2435519695281982,2.2435519695281982,2.2435519695281982,2.2435519695281982,0,0.0,0.0
1989-03-28 00:00:00-05:00,0.0,2.324643611907959,2.324643611907959,2.324643611907959,450,0.0,0.0
1989-03-29 00:00:00-05:00,0.0,2.324643611907959,2.324643611907959,2.324643611907959,450,0.0,0.0
1989-03-30 00:00:00-05:00,0.0,2.2435518990578145,2.2165210247039795,2.2165210247039795,8775,0.0,0.0
1989-03-31 00:00:00-05:00,0.0,2.2976138591766357,2.2976138591766357,2.2976138591766357,225,0.0,0.0
1989-04-03 00:00:00-04:00,0.0,2.2976138591766357,2.2976138591766357,2.2976138591766357,2250,0.0,0.0
1989-04-04 00:00:00-04:00,0.0,2.1624608039855957,2.1624608039855957,2.1624608039855957,900,0.0,0.0
1989-04-05 00:00:00-04:00,0.0,2.473313614167515,2.27058284172322,2.392221212387085,3300,0.0,1.5
1989-04-06 00:00:00-04:00,0.0,2.3922219689501416,2.3516759872436523,2.3516759872436523,5700,0.0,0.0
1989-04-07 00:00:00-04:00,0.0,2.311129675971137,2.1894912719726562,2.1894912719726562,6150,0.0,0.0
1989-04-10 00:00:00-04:00,0.0,2.311128429597402,2.1489439010620117,2.1489439010620117,3150,0.0,0.0
1989-04-11 00:00:00-04:00,0.0,2.270582914352417,2.1489445397977023,2.270582914352417,8850,0.0,0.0
1989-04-12 00:00:00-04:00,0.0,2.2705834639693623,2.1894912719726562,2.1894912719726562,600,0.0,0.0
1989-04-13 00:00:00-04:00,0.0,2.270582914352417,2.1894907419848697,2.270582914352417,600,0.0,0.0
1989-04-14 00:00:00-04:00,0.0,2.270582914352417,2.1894907419848697,2.270582914352417,5250,0.0,0.0
1989-04-17 00:00:00-04:00,0.0,2.2705834639693623,2.1894912719726562,2.1894912719726562,2550,0.0,0.0
1989-04-18 00:00:00-04:00,0.0,2.270582914352417,2.1894907419848697,2.270582914352417,2400,0.0,0.0
1989-04-19 00:00:00-04:00,0.0,2.2705834639693623,2.1894912719726562,2.1894912719726562,2250,0.0,0.0
1989-04-20 00:00:00-04:00,2.1894912719726562,2.1894912719726562,2.1894912719726562,2.1894912719726562,0,0.0,0.0
1989-04-21 00:00:00-04:00,0.0,2.2705831874285476,2.230037212371826,2.230037212371826,1500,0.0,0.0
1989-04-24 00:00:00-04:00,0.0,2.1894912719726562,2.1894912719726562,2.1894912719726562,450,0.0,0.0
1989-04-25 00:00:00-04:00,0.0,2.270582914352417,2.270582914352417,2.270582914352417,600,0.0,0.0
1989-04-26 00:00:00-04:00,0.0,2.209763288497925,2.209763288497925,2.209763288497925,150,0.0,0.0
1989-04-27 00:00:00-04:00,0.0,2.1894912719726562,2.1894912719726562,2.1894912719726562,450,0.0,0.0
1989-04-28 00:00:00-04:00,0.0,2.270582914352417,2.270582914352417,2.270582914352417,2700,0.0,0.0
1989-05-01 00:00:00-04:00,0.0,2.270583169943657,2.250310182571411,2.250310182571411,2250,0.0,0.0
1989-05-02 00:00:00-04:00,0.0,2.1894912719726562,2.1894912719726562,2.1894912719726562,1500,0.0,0.0
1989-05-03 00:00:00-04:00,0.0,2.270582914352417,2.270582914352417,2.270582914352417,150,0.0,0.0
1989-05-04 00:00:00-04:00,0.0,2.1894912719726562,2.1894912719726562,2.1894912719726562,150,0.0,0.0
1989-05-05 00:00:00-04:00,0.0,2.270582914352417,2.1894907419848697,2.270582914352417,2250,0.0,0.0
1989-05-08 00:00:00-04:00,0.0,2.270582914352417,2.270582914352417,2.270582914352417,900,0.0,0.0
1989-05-09 00:00:00-04:00,0.0,2.270582914352417,2.1894907419848697,2.270582914352417,300,0.0,0.0
1989-05-10 00:00:00-04:00,0.0,2.2705834639693623,2.1894912719726562,2.1894912719726562,5550,0.0,0.0
1989-05-11 00:00:00-04:00,0.0,2.270582914352417,2.1894907419848697,2.270582914352417,1950,0.0,0.0
1989-05-12 00:00:00-04:00,0.0,2.270582239461875,2.1489439010620117,2.1489439010620117,6600,0.0,0.0
1989-05-15 00:00:00-04:00,0.0,2.230037212371826,2.230037212371826,2.230037212371826,1050,0.0,0.0
1989-05-16 00:00:00-04:00,0.0,2.230037212371826,2.230037212371826,2.230037212371826,4350,0.0,0.0
1989-05-17 00:00:00-04:00,0.0,2.2300377494306045,2.1692185401916504,2.1692185401916504,750,0.0,0.0
1989-05-18 00:00:00-04:00,0.0,2.1692185401916504,2.1692185401916504,2.1692185401916504,300,0.0,0.0
1989-05-19 00:00:00-04:00,0.0,2.1692185401916504,2.1692185401916504,2.1692185401916504,3000,0.0,0.0
1989-05-22 00:00:00-04:00,0.0,2.230037212371826,2.1692180177799294,2.230037212371826,10200,0.0,0.0
1989-05-23 00:00:00-04:00,0.0,2.2300362813330663,2.1489439010620117,2.1489439010620117,750,0.0,0.0
1989-05-24 00:00:00-04:00,0.0,2.230037483974431,2.1489450599708815,2.1894912719726562,1200,0.0,0.0
1989-05-25 00:00:00-04:00,0.0,2.230036501571228,2.148944113291498,2.209763288497925,2400,0.0,0.0
1989-05-26 00:00:00-04:00,2.209763288497925,2.209763288497925,2.209763288497925,2.209763288497925,0,0.0,0.0
1989-05-30 00:00:00-04:00,0.0,2.2300362813330663,2.1489439010620117,2.1489439010620117,7650,0.0,0.0
1989-05-31 00:00:00-04:00,0.0,2.230037212371826,2.230037212371826,2.230037212371826,2250,0.0,0.0
1989-06-01 00:00:00-04:00,0.0,2.230037212371826,2.1692180177799294,2.230037212371826,5250,0.0,0.0
1989-06-02 00:00:00-04:00,0.0,2.230037212371826,2.230037212371826,2.230037212371826,1350,0.0,0.0
1989-06-05 00:00:00-04:00,0.0,2.230037212371826,2.1692180177799294,2.230037212371826,11250,0.0,0.0
1989-06-06 00:00:00-04:00,0.0,2.2300377494306045,2.1692185401916504,2.1692185401916504,900,0.0,0.0
1989-06-07 00:00:00-04:00,0.0,2.230037483974431,2.0273066559724007,2.1894912719726562,11400,0.0,0.0
1989-06-08 00:00:00-04:00,0.0,2.230037560953052,2.02730672595296,2.1083991527557373,4500,0.0,0.0
1989-06-09 00:00:00-04:00,0.0,2.270583085757323,1.9867603450419107,2.027306318283081,4650,0.0,0.0
1989-06-12 00:00:00-04:00,0.0,2.2705834639693623,2.1894912719726562,2.1894912719726562,6600,0.0,0.0
1989-06-13 00:00:00-04:00,0.0,2.0678529739379883,2.0678529739379883,2.0678529739379883,1200,0.0,0.0
1989-06-14 00:00:00-04:00,0.0,2.0678529739379883,2.0678529739379883,2.0678529739379883,1500,0.0,0.0
1989-06-15 00:00:00-04:00,0.0,2.1894913841696346,2.0678529739379883,2.0678529739379883,2550,0.0,0.0
1989-06-16 00:00:00-04:00,0.0,2.1894913841696346,2.0678529739379883,2.0678529739379883,2400,0.0,0.0
1989-06-19 00:00:00-04:00,0.0,2.102147340774536,2.102147340774536,2.102147340774536,150,0.13867,0.0
1989-06-20 00:00:00-04:00,0.0,2.2258036136627197,2.2258036136627197,2.2258036136627197,1200,0.0,0.0
1989-06-21 00:00:00-04:00,0.0,2.1639745235443115,2.102146680014474,2.1639745235443115,1050,0.0,0.0
1989-06-22 00:00:00-04:00,0.0,2.1845836639404297,2.060927980399377,2.1845836639404297,5400,0.0,0.0
1989-06-23 00:00:00-04:00,0.0,2.1845845555746357,2.0609288215637207,2.0609288215637207,3150,0.0,0.0
1989-06-26 00:00:00-04:00,0.0,2.1845836639404297,2.1845836639404297,2.1845836639404297,750,0.0,0.0
1989-06-27 00:00:00-04:00,0.0,2.1433653831481934,2.0609280988145433,2.1433653831481934,1500,0.0,0.0
1989-06-28 00:00:00-04:00,0.0,2.1433653831481934,2.1433653831481934,2.1433653831481934,600,0.0,0.0
1989-06-29 00:00:00-04:00,0.0,2.1433661348073945,2.0609288215637207,2.0609288215637207,1350,0.0,0.0
1989-06-30 00:00:00-04:00,0.0,2.102147340774536,2.081538131738077,2.102147340774536,2250,0.0,0.0
1989-07-03 00:00:00-04:00,0.0,2.1845836639404297,2.060927980399377,2.1845836639404297,2700,0.0,0.0
1989-07-05 00:00:00-04:00,0.0,2.2258023037389467,2.1845836639404297,2.1845836639404297,1650,0.0,0.0
1989-07-06 00:00:00-04:00,0.0,2.308240705920904,2.1845849496063083,2.2258036136627197,2250,0.0,0.0
1989-07-07 00:00:00-04:00,0.0,2.308240705920904,2.060929193291713,2.2258036136627197,1200,0.0,0.0
1989-07-10 00:00:00-04:00,0.0,2.308240289585551,2.0609288215637207,2.0609288215637207,4500,0.0,0.0
1989-07-11 00:00:00-04:00,0.0,2.308240705920904,2.2258036136627197,2.2258036136627197,450,0.0,0.0
1989-07-12 00:00:00-04:00,0.0,2.3082391603042125,2.102146449732875,2.2464113235473633,1650,0.0,0.0
1989-07-13 00:00:00-04:00,0.0,2.308240801195208,2.1433666098735378,2.2670223712921143,4950,0.0,0.0
1989-07-14 00:00:00-04:00,0.0,2.2670210737941563,2.1433653831481934,2.1433653831481934,8700,0.0,0.0
1989-07-17 00:00:00-04:00,0.0,2.308240801195208,2.2670223712921143,2.2670223712921143,600,0.0,0.0
1989-07-18 00:00:00-04:00,0.0,2.3082406520843506,2.1845848986538563,2.3082406520843506,1800,0.0,0.0
1989-07-19 00:00:00-04:00,0.0,2.3082406520843506,2.1433664714134464,2.3082406520843506,4050,0.0,0.0
1989-07-20 00:00:00-04:00,0.0,2.3082406520843506,2.3082406520843506,2.3082406520843506,150,0.0,0.0
1989-07-21 00:00:00-04:00,0.0,2.308239347481482,2.1845836639404297,2.1845836639404297,900,0.0,0.0
1989-07-24 00:00:00-04:00,0.0,2.3082406520843506,2.3082406520843506,2.3082406520843506,300,0.0,0.0
1989-07-25 00:00:00-04:00,0.0,2.308239347481482,2.1845836639404297,2.1845836639404297,2550,0.0,0.0
1989-07-26 00:00:00-04:00,0.0,2.3082406520843506,2.1845848986538563,2.3082406520843506,12450,0.0,0.0
1989-07-27 00:00:00-04:00,0.0,2.308239347481482,2.1845836639404297,2.1845836639404297,2400,0.0,0.0
1989-07-28 00:00:00-04:00,0.0,2.3082390420027092,2.2876298427581787,2.2876298427581787,2850,0.0,0.0
1989-07-31 00:00:00-04:00,0.0,2.3082406520843506,2.1845848986538563,2.3082406520843506,1350,0.0,0.0
1989-08-01 00:00:00-04:00,0.0,2.3082394801064687,2.1433653831481934,2.1433653831481934,19350,0.0,0.0
1989-08-02 00:00:00-04:00,0.0,2.308240801195208,2.1433666098735378,2.2670223712921143,10950,0.0,0.0
1989-08-03 00:00:00-04:00,0.0,2.308240801195208,2.1845850397766315,2.2670223712921143,1800,0.0,0.0
1989-08-04 00:00:00-04:00,0.0,2.3082406520843506,2.3082406520843506,2.3082406520843506,150,0.0,0.0
1989-08-07 00:00:00-04:00,0.0,2.308239347481482,2.1845836639404297,2.1845836639404297,1050,0.0,0.0
1989-08-08 00:00:00-04:00,0.0,2.3082406520843506,2.1845848986538563,2.3082406520843506,5700,0.0,0.0
1989-08-09 00:00:00-04:00,0.0,2.3906777592782085,2.2258033578558667,2.370068311691284,8100,0.0,0.0
1989-08-10 00:00:00-04:00,0.0,2.473115111952801,2.184584936940096,2.431896448135376,4950,0.0,0.0
1989-08-11 00:00:00-04:00,0.0,2.431896448135376,2.184584936940096,2.431896448135376,1800,0.0,0.0
1989-08-14 00:00:00-04:00,0.0,2.3082406520843506,2.1845848986538563,2.3082406520843506,1650,0.0,0.0
1989-08-15 00:00:00-04:00,0.0,2.431895031022535,2.1845836639404297,2.1845836639404297,2700,0.0,0.0
1989-08-16 00:00:00-04:00,0.0,2.4318951707524317,2.1433653831481934,2.1433653831481934,7350,0.0,0.0
1989-08-17 00:00:00-04:00,0.0,2.2876298427581787,2.1433649763375304,2.2876298427581787,450,0.0,0.0
1989-08-18 00:00:00-04:00,0.0,2.2258036136627197,2.2258036136627197,2.2258036136627197,150,0.0,0.0
1989-08-21 00:00:00-04:00,0.0,2.3906757831573486,2.3906757831573486,2.3906757831573486,300,0.0,0.0
1989-08-22 00:00:00-04:00,0.0,2.349457263946533,2.2670202455840953,2.349457263946533,8700,0.0,0.0
1989-08-23 00:00:00-04:00,0.0,2.349457263946533,2.349457263946533,2.349457263946533,750,0.0,0.0
1989-08-24 00:00:00-04:00,0.0,2.308240705920904,2.2258036136627197,2.2258036136627197,28950,0.0,0.0
1989-08-25 00:00:00-04:00,0.0,2.3082406520843506,2.2258035617488985,2.3082406520843506,4200,0.0,0.0
1989-08-28 00:00:00-04:00,0.0,2.308240705920904,2.2258036136627197,2.2258036136627197,7500,0.0,0.0
1989-08-29 00:00:00-04:00,0.0,2.344361291762686,2.2187705039978027,2.2187705039978027,9000,0.13867,0.0
1989-08-30 00:00:00-04:00,0.0,2.344361291762686,2.2187705039978027,2.2187705039978027,5850,0.0,0.0
1989-08-31 00:00:00-04:00,0.0,2.3443617820739746,2.26063465256809,2.3443617820739746,12600,0.0,0.0
1989-09-01 00:00:00-04:00,0.0,2.3443617820739746,2.218770968042414,2.3443617820739746,4350,0.0,0.0
1989-09-05 00:00:00-04:00,0.0,2.218771956675586,2.176908493041992,2.176908493041992,26250,0.0,0.0
1989-09-06 00:00:00-04:00,2.176908493041992,2.176908493041992,2.176908493041992,2.176908493041992,0,0.0,0.0
1989-09-07 00:00:00-04:00,0.0,2.3443617820739746,2.3443617820739746,2.3443617820739746,600,0.0,0.0
1989-09-08 00:00:00-04:00,0.0,2.3443617820739746,2.1769075230622055,2.3443617820739746,3300,0.0,0.0
1989-09-11 00:00:00-04:00,0.0,2.3443617820739746,2.3443617820739746,2.3443617820739746,450,0.0,0.0
1989-09-12 00:00:00-04:00,0.0,2.3443617820739746,2.3443617820739746,2.3443617820739746,300,0.0,0.0
1989-09-13 00:00:00-04:00,0.0,2.3443617820739746,2.1769075230622055,2.3443617820739746,750,0.0,0.0
1989-09-14 00:00:00-04:00,0.0,2.2187705039978027,2.17690706777312,2.2187705039978027,1050,0.0,0.0
1989-09-15 00:00:00-04:00,0.0,2.3443617820739746,2.1769075230622055,2.3443617820739746,1950,0.0,0.0
1989-09-18 00:00:00-04:00,0.0,2.3862249675327867,2.17690706777312,2.2187705039978027,3750,0.0,0.0
1989-09-19 00:00:00-04:00,0.0,2.3862247338166105,2.2187702866827697,2.3234293460845947,2550,0.0,0.0
1989-09-20 00:00:00-04:00,0.0,2.3862264818615384,2.2187719120578193,2.2606356143951416,3750,0.0,0.0
1989-09-21 00:00:00-04:00,0.0,2.4071564674377446,2.3443610792476695,2.407156467437744,15000,0.0,0.0
1989-09-22 00:00:00-04:00,0.0,2.428087472915649,2.428087472915649,2.4280874729156494,150,0.0,0.0
1989-09-25 00:00:00-04:00,0.0,2.428087472915649,2.2606330900970626,2.4280874729156494,2400,0.0,0.0
1989-09-26 00:00:00-04:00,0.0,2.428087472915649,2.2606330900970626,2.4280874729156494,8100,0.0,0.0
1989-09-27 00:00:00-04:00,0.0,2.4280868920208083,2.3024961948394775,2.3024961948394775,2250,0.0,0.0
1989-09-28 00:00:00-04:00,0.0,2.4280868920208083,2.3024961948394775,2.3024961948394775,1650,0.0,0.0
1989-09-29 00:00:00-04:00,0.0,2.428087472915649,2.3443601617337047,2.4280874729156494,2850,0.0,0.0
1989-10-02 00:00:00-04:00,0.0,2.4071552603295463,2.3443599036292513,2.386223554611206,9450,0.0,0.0
1989-10-03 00:00:00-04:00,0.0,2.5118157827026817,2.2606342044324133,2.46995210647583,2550,0.0,0.0
1989-10-04 00:00:00-04:00,0.0,2.46995210647583,2.2606342044324133,2.46995210647583,1200,0.0,0.0
1989-10-05 00:00:00-04:00,0.0,2.3443617820739746,2.3443617820739746,2.3443617820739746,900,0.0,0.0
1989-10-06 00:00:00-04:00,2.3443617820739746,2.3443617820739746,2.3443617820739746,2.3443617820739746,0,0.0,0.0
1989-10-09 00:00:00-04:00,0.0,2.2606356143951416,2.2606356143951416,2.2606356143951416,7800,0.0,0.0
1989-10-10 00:00:00-04:00,0.0,2.2606356143951416,2.2606356143951416,2.2606356143951416,1050,0.0,0.0
1989-10-11 00:00:00-04:00,0.0,2.46995210647583,2.2606342044324133,2.46995210647583,3000,0.0,0.0
1989-10-12 00:00:00-04:00,0.0,2.2606356143951416,2.2606356143951416,2.2606356143951416,750,0.0,0.0
1989-10-13 00:00:00-04:00,0.0,2.46995210647583,2.46995210647583,2.46995210647583,450,0.0,0.0
1989-10-16 00:00:00-04:00,0.0,2.3443617820739746,2.1350438385365296,2.3443617820739746,4200,0.0,0.0
1989-10-17 00:00:00-04:00,0.0,2.3443596008697583,2.135041852082622,2.3024961948394775,1950,0.0,0.0
1989-10-18 00:00:00-04:00,0.0,2.3443617820739746,2.3443617820739746,2.3443617820739746,300,0.0,0.0
1989-10-19 00:00:00-04:00,0.0,2.3443604961080116,2.135042667388916,2.135042667388916,450,0.0,0.0
1989-10-20 00:00:00-04:00,0.0,2.344362779524216,2.1769084492660666,2.2606356143951416,4650,0.0,0.0
1989-10-23 00:00:00-04:00,0.0,2.176908493041992,2.176908493041992,2.176908493041992,300,0.0,0.0
1989-10-24 00:00:00-04:00,0.0,2.3443596008697583,2.1769054976581472,2.3024961948394775,7500,0.0,0.0
1989-10-25 00:00:00-04:00,0.0,2.302497074091394,2.135042667388916,2.135042667388916,300,0.0,0.0
1989-10-26 00:00:00-04:00,0.0,2.239701701521132,2.135042667388916,2.135042667388916,450,0.0,0.0
1989-10-27 00:00:00-04:00,0.0,2.135042667388916,2.135042667388916,2.135042667388916,750,0.0,0.0
1989-10-30 00:00:00-05:00,0.0,2.3024978555380033,2.2187705039978027,2.2187705039978027,1650,0.0,0.0
1989-10-31 00:00:00-05:00,0.0,2.3024961948394775,2.3024961948394775,2.3024961948394775,1500,0.0,0.0
1989-11-01 00:00:00-05:00,0.0,2.302499363033923,2.1350447898628238,2.176908493041992,3000,0.0,0.0
1989-11-02 00:00:00-05:00,0.0,2.302499363033923,2.1350447898628238,2.176908493041992,1050,0.0,0.0
1989-11-03 00:00:00-05:00,0.0,2.3024973668679434,2.239701986312866,2.239701986312866,2100,0.0,0.0
1989-11-06 00:00:00-05:00,0.0,2.176908493041992,2.176908493041992,2.176908493041992,3450,0.0,0.0
1989-11-07 00:00:00-05:00,2.176908493041992,2.176908493041992,2.176908493041992,2.176908493041992,0,0.0,0.0
1989-11-08 00:00:00-05:00,0.0,2.3024961948394775,2.3024961948394775,2.3024961948394775,900,0.0,0.0
1989-11-09 00:00:00-05:00,0.0,2.302499363033923,2.176908493041992,2.176908493041992,1200,0.0,0.0
1989-11-10 00:00:00-05:00,0.0,2.302499363033923,2.176908493041992,2.176908493041992,5700,0.0,0.0
1989-11-13 00:00:00-05:00,0.0,2.302499363033923,2.176908493041992,2.176908493041992,12450,0.0,0.0
1989-11-14 00:00:00-05:00,0.0,2.344362826667517,2.176908493041992,2.176908493041992,600,0.0,0.0
1989-11-15 00:00:00-05:00,0.0,2.2606356143951416,2.1769084492660666,2.2606356143951416,2100,0.0,0.0
1989-11-16 00:00:00-05:00,0.0,2.2606356598547546,2.176908493041992,2.176908493041992,3300,0.0,0.0
1989-11-17 00:00:00-05:00,0.0,2.3443617820739746,2.1769075230622055,2.3443617820739746,2700,0.0,0.0
1989-11-20 00:00:00-05:00,0.0,2.3443596008697583,2.1769054976581472,2.3024961948394775,1950,0.0,0.0
1989-11-21 00:00:00-05:00,0.0,2.176908493041992,2.176908493041992,2.176908493041992,1800,0.0,0.0
1989-11-22 00:00:00-05:00,0.0,2.176908493041992,2.176908493041992,2.176908493041992,1650,0.0,0.0
1989-11-24 00:00:00-05:00,0.0,2.344362826667517,2.176908493041992,2.176908493041992,1950,0.0,0.0
1989-11-27 00:00:00-05:00,2.176908493041992,2.176908493041992,2.176908493041992,2.176908493041992,0,0.0,0.0
1989-11-28 00:00:00-05:00,0.0,2.2606356143951416,2.135044746928745,2.2606356143951416,1500,0.0,0.0
1989-11-29 00:00:00-05:00,0.0,2.2606356143951416,2.2606356143951416,2.2606356143951416,450,0.0,0.0
1989-11-30 00:00:00-05:00,0.0,2.2187697509674873,2.135042667388916,2.135042667388916,900,0.0,0.0
1989-12-01 00:00:00-05:00,0.0,2.3443604961080116,2.135042667388916,2.135042667388916,1800,0.0,0.0
1989-12-04 00:00:00-05:00,0.0,2.135042667388916,2.135042667388916,2.135042667388916,600,0.0,0.0
1989-12-05 00:00:00-05:00,0.0,2.4280886433028868,2.17690706777312,2.2187705039978027,15000,0.0,0.0
1989-12-06 00:00:00-05:00,0.0,2.5099223393964016,2.254675991545178,2.2972171306610107,5250,0.14067,0.0
1989-12-07 00:00:00-05:00,0.0,2.4248403045866223,2.2972171306610107,2.2972171306610107,3150,0.0,0.0
1989-12-08 00:00:00-05:00,0.0,2.4248403045866223,2.2972171306610107,2.2972171306610107,1500,0.0,0.0
1989-12-11 00:00:00-05:00,0.0,2.3822996616363525,2.297217609106391,2.3822996616363525,900,0.0,0.0
1989-12-12 00:00:00-05:00,0.0,2.3822991654707897,2.169593956735399,2.2972171306610107,2850,0.0,0.0
1989-12-13 00:00:00-05:00,0.0,2.3822996616363525,2.1695944086004806,2.3822996616363525,750,0.0,0.0
1989-12-14 00:00:00-05:00,0.0,2.382299005486215,2.1695938110351562,2.1695938110351562,1800,0.0,0.0
1989-12-15 00:00:00-05:00,0.0,2.3822990513868434,2.1270527157589,2.3397581577301025,1350,0.0,0.0
1989-12-18 00:00:00-05:00,0.0,2.2546767008556774,2.1270534867804134,2.2121357917785645,9600,0.0,0.0
1989-12-19 00:00:00-05:00,0.0,2.2972173518073022,2.1270530223846436,2.1270530223846436,5850,0.0,0.0
1989-12-20 00:00:00-05:00,0.0,2.2972169763901658,2.1695938110351562,2.1695938110351562,8100,0.0,0.0
1989-12-21 00:00:00-05:00,0.0,2.297217178344727,2.1270528617711535,2.233405590057373,11700,0.0,0.0
1989-12-22 00:00:00-05:00,0.0,2.2972173518073022,2.1270530223846436,2.1270530223846436,4500,0.0,0.0
1989-12-26 00:00:00-05:00,0.0,2.297217853354753,2.1270534867804134,2.2121357917785645,2700,0.0,0.0
1989-12-27 00:00:00-05:00,0.0,2.1695938110351562,2.1270526747761966,2.1695938110351562,4950,0.0,0.0
1989-12-28 00:00:00-05:00,0.0,2.1270530223846436,2.1270530223846436,2.1270530223846436,1500,0.0,0.0
1989-12-29 00:00:00-05:00,0.0,2.2972173518073022,2.1270530223846436,2.1270530223846436,4950,0.0,0.0
1990-01-02 00:00:00-05:00,0.0,2.2972171306610107,2.127052817619566,2.2972171306610107,900,0.0,0.0
1990-01-03 00:00:00-05:00,0.0,2.2972171306610107,2.127052817619566,2.2972171306610107,5100,0.0,0.0
1990-01-04 00:00:00-05:00,0.0,2.2972171306610107,2.169593956735399,2.2972171306610107,1650,0.0,0.0
1990-01-05 00:00:00-05:00,0.0,2.2972169763901658,2.1695938110351562,2.1695938110351562,1050,0.0,0.0
1990-01-08 00:00:00-05:00,0.0,2.2972171306610107,2.169593956735399,2.2972171306610107,1350,0.0,0.0
1990-01-09 00:00:00-05:00,0.0,2.2972177306559485,2.1695945233972846,2.254676580429077,7200,0.0,0.0
1990-01-10 00:00:00-05:00,0.0,2.4248408096123018,2.21213555657643,2.3822996616363525,1050,0.0,0.0
1990-01-11 00:00:00-05:00,0.0,2.3822999149309414,2.2121357917785645,2.2121357917785645,1050,0.0,0.0
1990-01-12 00:00:00-05:00,0.0,2.3397581126491254,2.1695938110351562,2.1695938110351562,3300,0.0,0.0
1990-01-15 00:00:00-05:00,0.0,2.3397584950184447,2.1270530223846436,2.1270530223846436,1350,0.0,0.0
1990-01-16 00:00:00-05:00,0.0,2.3822996616363525,2.1270532606245314,2.3822996616363525,1500,0.0,0.0
1990-01-17 00:00:00-05:00,0.0,2.1270530223846436,2.1270530223846436,2.1270530223846436,150,0.0,0.0
1990-01-18 00:00:00-05:00,0.0,2.2972171306610107,2.127052817619566,2.2972171306610107,1650,0.0,0.0
1990-01-19 00:00:00-05:00,0.0,2.3822996616363525,2.1270532606245314,2.3822996616363525,300,0.0,0.0
1990-01-22 00:00:00-05:00,0.0,2.2972171306610107,2.127052817619566,2.2972171306610107,4200,0.0,0.0
1990-01-23 00:00:00-05:00,0.0,2.3822996616363525,2.1695944086004806,2.3822996616363525,7050,0.0,0.0
1990-01-24 00:00:00-05:00,0.0,2.339758576672981,2.127053096616035,2.3184878826141357,4950,0.0,0.0
1990-01-25 00:00:00-05:00,0.0,2.3822996616363525,2.1270532606245314,2.3822996616363525,1350,0.0,0.0
1990-01-26 00:00:00-05:00,0.0,2.3397584950184447,2.1270530223846436,2.1270530223846436,6600,0.0,0.0
1990-01-29 00:00:00-05:00,0.0,2.1695941655957856,2.1270530223846436,2.1270530223846436,1200,0.0,0.0
1990-01-30 00:00:00-05:00,0.0,2.3397584950184447,2.1270530223846436,2.1270530223846436,1950,0.0,0.0
1990-01-31 00:00:00-05:00,0.0,2.2972171306610107,2.2972171306610107,2.2972171306610107,150,0.0,0.0
1990-02-01 00:00:00-05:00,0.0,2.2972171306610107,2.2972171306610107,2.2972171306610107,150,0.0,0.0
1990-02-02 00:00:00-05:00,0.0,2.2972173518073022,2.1270530223846436,2.1270530223846436,1650,0.0,0.0
1990-02-05 00:00:00-05:00,0.0,2.2972171306610107,2.2972171306610107,2.2972171306610107,2250,0.0,0.0
1990-02-06 00:00:00-05:00,0.0,2.2972171306610107,2.127052817619566,2.2972171306610107,1800,0.0,0.0
1990-02-07 00:00:00-05:00,0.0,2.2546762085961602,2.084512122595411,2.1270530223846436,11250,0.0,0.0
1990-02-08 00:00:00-05:00,0.0,2.2121347801673608,2.0419704914093018,2.0419704914093018,7200,0.0,0.0
1990-02-09 00:00:00-05:00,0.0,2.2121349472941163,1.9994295094211876,2.1695938110351562,7650,0.0,0.0
1990-02-12 00:00:00-05:00,0.0,2.127053126680676,1.9143478870391846,1.9143478870391846,3000,0.0,0.0
1990-02-13 00:00:00-05:00,0.0,2.127053126680676,1.9143478870391846,1.9143478870391846,4950,0.0,0.0
1990-02-14 00:00:00-05:00,0.0,2.041970707355553,1.9568886756896973,1.9568886756896973,2100,0.0,0.0
1990-02-15 00:00:00-05:00,0.0,1.9568886756896973,1.9568886756896973,1.9568886756896973,450,0.0,0.0
1990-02-16 00:00:00-05:00,0.0,2.0419704914093018,1.956888468741198,2.0419704914093018,5400,0.0,0.0
1990-02-20 00:00:00-05:00,0.0,2.041970707355553,1.9568886756896973,1.9568886756896973,1350,0.0,0.0
1990-02-21 00:00:00-05:00,0.0,2.0419704914093018,2.0419704914093018,2.0419704914093018,1500,0.0,0.0
1990-02-22 00:00:00-05:00,0.0,2.0419704914093018,1.956888468741198,2.0419704914093018,2400,0.0,0.0
1990-02-23 00:00:00-05:00,0.0,2.0419704914093018,1.9143473356962204,2.0419704914093018,1500,0.0,0.0
1990-02-26 00:00:00-05:00,0.0,1.9568886756896973,1.9143475381458308,1.9568886756896973,2700,0.0,0.0
1990-02-27 00:00:00-05:00,0.0,2.0419704914093018,1.9143473356962204,2.0419704914093018,3150,0.0,0.0
1990-02-28 00:00:00-05:00,0.0,2.0419710795084636,1.9143478870391846,1.9143478870391846,9600,0.0,0.0
1990-03-01 00:00:00-05:00,0.0,2.0419710795084636,1.9143478870391846,1.9143478870391846,7350,0.0,0.0
1990-03-02 00:00:00-05:00,0.0,2.1695938110351562,1.914347480325138,2.1695938110351562,6900,0.0,0.0
1990-03-05 00:00:00-05:00,0.0,2.127052373180923,1.9143472088893811,1.9994292259216309,6900,0.0,0.0
1990-03-06 00:00:00-05:00,0.0,2.212134633635008,1.9994292259216309,1.9994292259216309,750,0.0,0.0
1990-03-07 00:00:00-05:00,0.0,2.2121357917785645,1.9994302727051492,2.2121357917785645,1950,0.0,0.0
1990-03-08 00:00:00-05:00,0.0,2.2121357917785645,2.041971425204225,2.2121357917785645,900,0.0,0.0
1990-03-09 00:00:00-05:00,0.0,2.0845119953155518,2.0419708547019626,2.0845119953155518,3000,0.0,0.0
1990-03-12 00:00:00-05:00,0.0,2.169593647122383,2.0419704914093018,2.0419704914093018,900,0.0,0.0
1990-03-13 00:00:00-05:00,0.0,2.208425536751747,2.0785181522369385,2.0785181522369385,4950,0.14067,0.0
1990-03-14 00:00:00-05:00,0.0,2.16512371425453,2.0785188449735506,2.121821403503418,9750,0.0,0.0
1990-03-15 00:00:00-05:00,0.0,2.1651244163513184,2.078519518986493,2.1651244163513184,7050,0.0,0.0
1990-03-16 00:00:00-05:00,0.0,2.16512299265392,2.0785181522369385,2.0785181522369385,1800,0.0,0.0
1990-03-19 00:00:00-05:00,0.0,2.16512299265392,2.0785181522369385,2.0785181522369385,4950,0.0,0.0
1990-03-20 00:00:00-05:00,0.0,2.07851854590609,1.9486111367869594,1.9702622890472412,15300,0.0,0.0
1990-03-21 00:00:00-05:00,0.0,2.0785181522369385,1.9486107677221298,2.0785181522369385,11850,0.0,0.0
1990-03-22 00:00:00-05:00,0.0,2.078520075480143,1.9486125707626343,1.9486125707626343,2100,0.0,0.0
1990-03-23 00:00:00-05:00,0.0,2.078520075480143,1.9486125707626343,1.9486125707626343,6450,0.0,0.0
1990-03-26 00:00:00-05:00,1.9486125707626343,1.9486125707626343,1.9486125707626343,1.9486125707626343,150,0.0,0.0
1990-03-27 00:00:00-05:00,2.0352156081391115,2.0785181522369385,2.0352156081391115,2.0785181522369385,750,0.0,0.0
1990-03-28 00:00:00-05:00,1.9486125707626343,1.9486125707626343,1.9486125707626343,1.9486125707626343,1200,0.0,0.0
1990-03-29 00:00:00-05:00,1.948610547191967,2.035215377807617,1.948610547191967,2.035215377807617,2550,0.0,0.0
1990-03-30 00:00:00-05:00,2.078518034954982,2.078518034954982,1.9919131994247437,1.9919131994247437,3750,0.0,0.0
1990-04-02 00:00:00-04:00,1.9919151549281044,2.078520075480143,1.9486125707626343,1.9486125707626343,6600,0.0,0.0
1990-04-03 00:00:00-04:00,2.078520075480143,2.078520075480143,1.9486125707626343,1.9486125707626343,2250,0.0,0.0
1990-04-04 00:00:00-04:00,1.9919131994247437,2.078518034954982,1.9919131994247437,1.9919131994247437,3450,0.0,0.0
1990-04-05 00:00:00-04:00,2.0785181522369385,2.0785181522369385,1.9919133118199568,2.0785181522369385,1950,0.0,0.0
1990-04-06 00:00:00-04:00,1.9919131994247437,1.9919131994247437,1.9919131994247437,1.9919131994247437,3300,0.0,0.0
1990-04-09 00:00:00-04:00,2.078518034954982,2.078518034954982,1.9919131994247437,1.9919131994247437,7350,0.0,0.0
1990-04-10 00:00:00-04:00,1.9919137361482786,2.0352160416919265,1.7320989117714913,1.8187037706375122,12450,0.0,0.0
1990-04-11 00:00:00-04:00,1.8187032805856091,2.078518034954982,1.8187032805856091,1.9919131994247437,10350,0.0,0.0
1990-04-12 00:00:00-04:00,2.0785181522369385,2.0785181522369385,1.8187033832073212,2.0785181522369385,6600,0.0,0.0
1990-04-16 00:00:00-04:00,1.9053082236243029,2.0785181522369385,1.9053082236243029,2.0785181522369385,5250,0.0,0.0
1990-04-17 00:00:00-04:00,2.0785181522369385,2.0785181522369385,1.9053082236243029,2.0785181522369385,3300,0.0,0.0
1990-04-18 00:00:00-04:00,1.9053082236243029,2.0785181522369385,1.9053082236243029,2.0785181522369385,5550,0.0,0.0
1990-04-19 00:00:00-04:00,1.9053099155426028,2.078519997966073,1.9053099155426028,1.9053099155426025,2550,0.0,0.0
1990-04-20 00:00:00-04:00,2.0785181522369385,2.0785181522369385,1.9053082236243029,2.0785181522369385,1800,0.0,0.0
1990-04-23 00:00:00-04:00,2.078519997966073,2.078519997966073,1.9053099155426028,1.9053099155426025,2850,0.0,0.0
1990-04-24 00:00:00-04:00,2.0785181522369385,2.0785181522369385,1.9053082236243029,2.0785181522369385,1950,0.0,0.0
1990-04-25 00:00:00-04:00,1.9053085543110126,2.078518512986092,1.9053085543110126,2.0568673610687256,2850,0.0,0.0
1990-04-26 00:00:00-04:00,2.078520075480143,2.078520075480143,1.9486125707626343,1.9486125707626343,9900,0.0,0.0
1990-04-27 00:00:00-04:00,2.078520075480143,2.078520075480143,1.9486125707626343,1.9486125707626343,2700,0.0,0.0
1990-04-30 00:00:00-04:00,1.9486124980931934,2.0352174154154823,1.9053099155426028,1.9053099155426025,2100,0.0,0.0
1990-05-01 00:00:00-04:00,2.0352174154154823,2.0352174154154823,1.9053099155426028,1.9053099155426025,1950,0.0,0.0
1990-05-02 00:00:00-04:00,1.9053099155426028,1.9053099155426028,1.9053099155426028,1.9053099155426025,900,0.0,0.0
1990-05-03 00:00:00-04:00,1.9053099155426028,1.9053099155426028,1.9053099155426028,1.9053099155426025,450,0.0,0.0
1990-05-04 00:00:00-04:00,1.9053099155426028,1.9053099155426028,1.9053099155426028,1.9053099155426025,300,0.0,0.0
1990-05-07 00:00:00-04:00,1.991915080643784,2.0352174154154823,1.9053099155426028,1.9053099155426025,3600,0.0,0.0
1990-05-08 00:00:00-04:00,1.9919130863891144,2.035215377807617,1.948610547191967,2.035215377807617,6750,0.0,0.0
1990-05-09 00:00:00-04:00,2.035215377807617,2.0785179170047647,1.948610547191967,2.035215377807617,2400,0.0,0.0
1990-05-10 00:00:00-04:00,1.9919130863891144,2.0785179170047647,1.948610547191967,2.035215377807617,6000,0.0,0.0
1990-05-11 00:00:00-04:00,2.0785179170047647,2.0785179170047647,1.948610547191967,2.035215377807617,2100,0.0,0.0
1990-05-14 00:00:00-04:00,2.078520075480143,2.078520075480143,1.9486125707626343,1.9486125707626343,4950,0.0,0.0
1990-05-15 00:00:00-04:00,2.035215377807617,2.035215377807617,2.035215377807617,2.035215377807617,150,0.0,0.0
1990-05-16 00:00:00-04:00,2.035217491314673,2.035217491314673,1.9486125707626343,1.9486125707626343,10950,0.0,0.0
1990-05-17 00:00:00-04:00,1.948610547191967,2.035215377807617,1.948610547191967,2.035215377807617,3150,0.0,0.0
1990-05-18 00:00:00-04:00,2.035217491314673,2.035217491314673,1.9486125707626343,1.9486125707626343,1950,0.0,0.0
1990-05-21 00:00:00-04:00,1.9919131994247437,2.0352154933005338,1.9486106577702955,1.9919131994247437,17100,0.0,0.0
1990-05-22 00:00:00-04:00,2.0352174154154823,2.0352174154154823,1.9053099155426028,1.9053099155426025,7050,0.0,0.0
1990-05-23 00:00:00-04:00,1.9919131994247437,1.9919131994247437,1.9053081161158474,1.9919131994247437,12900,0.0,0.0
1990-05-24 00:00:00-04:00,1.9486111367869594,1.9919136890862426,1.905308584487676,1.9702622890472412,8100,0.0,0.0
1990-05-25 00:00:00-04:00,1.9053081161158474,1.9919131994247437,1.9053081161158474,1.9919131994247437,7350,0.0,0.0
1990-05-29 00:00:00-04:00,1.9053081161158474,1.9919131994247437,1.9053081161158474,1.9919131994247437,2250,0.0,0.0
1990-05-30 00:00:00-04:00,1.9919131994247437,1.9919131994247437,1.9702618047081906,1.9919131994247437,8550,0.0,0.0
1990-05-31 00:00:00-04:00,1.9702636654790424,1.9702636654790424,1.9053099155426028,1.9053099155426025,3150,0.0,0.0
1990-06-01 00:00:00-04:00,1.9053099155426028,1.9053099155426028,1.9053099155426028,1.9053099155426025,600,0.0,0.0
1990-06-04 00:00:00-04:00,1.9053099155426028,1.9053099155426028,1.9053099155426028,1.9053099155426025,3600,0.0,0.0
1990-06-05 00:00:00-04:00,1.9919130863891144,2.035215377807617,1.9269594014827154,2.035215377807617,21300,0.0,0.0
1990-06-06 00:00:00-04:00,2.0352167000897503,2.0352167000897503,2.0135655403137207,2.0135655403137207,3000,0.0,0.0
1990-06-07 00:00:00-04:00,1.9486107677221298,2.208425536751747,1.9486107677221298,2.0785181522369385,1500,0.0,0.0
1990-06-08 00:00:00-04:00,2.0785196104703236,2.208427086124719,2.0785196104703236,2.1867759227752686,3600,0.0,0.0
1990-06-11 00:00:00-04:00,1.9486125707626343,1.9486125707626343,1.9486125707626343,1.9486125707626343,750,0.0,0.0
1990-06-12 00:00:00-04:00,1.9919145345488611,2.2950317859649663,1.9919145345488611,2.295031785964966,1350,0.0,0.0
1990-06-13 00:00:00-04:00,2.0352168574489764,2.2950317859649663,2.0352168574489764,2.295031785964966,8850,0.0,0.0
1990-06-14 00:00:00-04:00,2.121821403503418,2.121821403503418,2.121821403503418,2.121821403503418,1200,0.0,0.0
1990-06-15 00:00:00-04:00,2.121821403503418,2.121821403503418,2.121821403503418,2.121821403503418,2850,0.0,0.0
1990-06-18 00:00:00-04:00,2.3350608348846436,2.3350608348846436,2.1588299902030954,2.3350608348846436,4800,0.14,0.0
1990-06-19 00:00:00-04:00,2.1588292121887207,2.3350599933589544,2.1588292121887207,2.1588292121887207,2850,0.0,0.0
1990-06-20 00:00:00-04:00,2.1588292121887207,2.3350599933589544,2.1588292121887207,2.1588292121887207,6750,0.0,0.0
1990-06-21 00:00:00-04:00,2.1588308853805303,2.335061803137715,2.1588308853805303,2.2028884887695312,10650,0.0,0.0
1990-06-22 00:00:00-04:00,2.114771906534831,2.114771906534831,1.982598662376404,1.9825986623764038,750,0.0,0.0
1990-06-25 00:00:00-04:00,2.2028884887695312,2.2028884887695312,2.2028884887695312,2.2028884887695312,300,0.0,0.0
1990-06-26 00:00:00-04:00,2.2028884887695312,2.2028884887695312,1.938541860033164,2.2028884887695312,19500,0.0,0.0
1990-06-27 00:00:00-04:00,1.9825997155227553,2.2028884887695312,1.9825997155227553,2.2028884887695312,450,0.0,0.0
1990-06-28 00:00:00-04:00,1.982598662376404,1.982598662376404,1.982598662376404,1.9825986623764038,600,0.0,0.0
1990-06-29 00:00:00-04:00,2.2028884887695312,2.2028884887695312,2.2028884887695312,2.2028884887695312,750,0.0,0.0
1990-07-02 00:00:00-04:00,2.2028884887695312,2.2028884887695312,2.026657571012347,2.2028884887695312,1350,0.0,0.0
1990-07-03 00:00:00-04:00,2.2028869450800066,2.2028869450800066,2.026656150817871,2.026656150817871,2550,0.0,0.0
1990-07-05 00:00:00-04:00,2.2028884887695312,2.2028884887695312,2.070715174401348,2.2028884887695312,1650,0.0,0.0
1990-07-06 00:00:00-04:00,2.0707144737243652,2.0707144737243652,2.0707144737243652,2.0707144737243652,150,0.0,0.0
1990-07-09 00:00:00-04:00,2.2028872523795826,2.2028872523795826,2.0707140121947987,2.114771842956543,5400,0.0,0.0
1990-07-10 00:00:00-04:00,2.114771842956543,2.246945083141327,2.114771842956543,2.114771842956543,16950,0.0,0.0
1990-07-11 00:00:00-04:00,2.114773029890939,2.2028884887695312,2.114773029890939,2.2028884887695312,5250,0.0,0.0
1990-07-12 00:00:00-04:00,2.114771842956543,2.2028872523795826,2.114771842956543,2.114771842956543,2400,0.0,0.0
1990-07-13 00:00:00-04:00,2.114771842956543,2.1588296737182873,2.114771842956543,2.114771842956543,5550,0.0,0.0
1990-07-16 00:00:00-04:00,2.114771842956543,2.114771842956543,2.114771842956543,2.114771842956543,750,0.0,0.0
1990-07-17 00:00:00-04:00,2.114773029890939,2.2028884887695312,2.114773029890939,2.2028884887695312,2550,0.0,0.0
1990-07-18 00:00:00-04:00,2.2028872523795826,2.2028872523795826,2.114771842956543,2.114771842956543,1500,0.0,0.0
1990-07-19 00:00:00-04:00,2.114771842956543,2.114771842956543,2.114771842956543,2.114771842956543,150,0.0,0.0
1990-07-20 00:00:00-04:00,2.114773029890939,2.2028884887695312,2.114773029890939,2.2028884887695312,10650,0.0,0.0
1990-07-23 00:00:00-04:00,2.114771842956543,2.114771842956543,1.850425362586975,2.114771842956543,4050,0.0,0.0
1990-07-24 00:00:00-04:00,2.0266564335335033,2.114771842956543,2.0266564335335033,2.114771842956543,3600,0.0,0.0
1990-07-25 00:00:00-04:00,2.114771842956543,2.114771842956543,2.114771842956543,2.114771842956543,0,0.0,0.0
1990-07-26 00:00:00-04:00,1.850425362586975,2.114771842956543,1.850425362586975,2.114771842956543,1500,0.0,0.0
1990-07-27 00:00:00-04:00,2.114771842956543,2.114771842956543,2.114771842956543,2.114771842956543,150,0.0,0.0
1990-07-30 00:00:00-04:00,2.0707142789965314,2.0707142789965314,1.8504256010055544,1.8504256010055542,1050,0.0,0.0
1990-07-31 00:00:00-04:00,1.8504254182179771,1.982598662376404,1.8504254182179771,1.9825986623764038,1350,0.0,0.0
1990-08-01 00:00:00-04:00,2.114771842956543,2.114771842956543,2.114771842956543,2.114771842956543,300,0.0,0.0
1990-08-02 00:00:00-04:00,1.8504256010055544,1.8504256010055544,1.8504256010055544,1.8504256010055542,900,0.0,0.0
1990-08-03 00:00:00-04:00,1.8944829290710623,2.114771547948939,1.8944829290710623,2.026656150817871,600,0.0,0.0
1990-08-06 00:00:00-04:00,2.0266564335335033,2.114771842956543,1.850425362586975,2.114771842956543,4050,0.0,0.0
1990-08-07 00:00:00-04:00,2.026656150817871,2.026656150817871,2.0046271124597936,2.026656150817871,450,0.0,0.0
1990-08-08 00:00:00-04:00,2.114771724690683,2.114771724690683,1.8724540472030642,1.872454047203064,2550,0.0,0.0
1990-08-09 00:00:00-04:00,1.8944828127393534,2.004626989364624,1.8724537757339805,2.004626989364624,1950,0.0,0.0
1990-08-10 00:00:00-04:00,2.026656320195383,2.026656320195383,1.8724540472030642,1.872454047203064,1650,0.0,0.0
1990-08-13 00:00:00-04:00,2.114771842956543,2.114771842956543,2.114771842956543,2.114771842956543,150,0.0,0.0
1990-08-14 00:00:00-04:00,1.8724541519176228,2.114771842956543,1.8724541519176228,2.114771842956543,750,0.0,0.0
1990-08-15 00:00:00-04:00,1.9825984918975155,1.9825984918975155,1.8724540472030642,1.872454047203064,450,0.0,0.0
1990-08-16 00:00:00-04:00,1.8724555809247119,2.026657980223663,1.8063689103967733,1.8944846391677856,22200,0.0,0.0
1990-08-17 00:00:00-04:00,1.7623097073242537,2.026656150817871,1.7623097073242537,2.026656150817871,4050,0.0,0.0
1990-08-20 00:00:00-04:00,1.9385420079499516,1.9385420079499516,1.7623110767457986,1.916513204574585,6000,0.0,0.0
1990-08-21 00:00:00-04:00,1.7623097073242537,2.026656150817871,1.7623097073242537,2.026656150817871,2400,0.0,0.0
1990-08-22 00:00:00-04:00,1.9165117907637594,1.938540577888489,1.8944830036390299,1.9385405778884888,2550,0.0,0.0
1990-08-23 00:00:00-04:00,1.7623101802292598,1.8944834374439423,1.7623101802292598,1.8504256010055542,10350,0.0,0.0
1990-08-24 00:00:00-04:00,1.9385408302901095,2.0266564944626984,1.9385408302901095,1.9825986623764038,7800,0.0,0.0
1990-08-27 00:00:00-04:00,2.026657980223663,2.026657980223663,1.8504267747822796,1.8944846391677856,1200,0.0,0.0
1990-08-28 00:00:00-04:00,1.8881884813308718,2.0680160414917577,1.8881884813308718,1.8881884813308716,9900,0.14333,0.0
1990-08-29 00:00:00-04:00,1.978102130692234,2.1579296906625336,1.933145433633608,2.1129727363586426,2550,0.0,0.0
1990-08-30 00:00:00-04:00,2.0680155754089355,2.0680155754089355,2.0680155754089355,2.0680155754089355,150,0.0,0.0
1990-08-31 00:00:00-04:00,2.0680155754089355,2.0680155754089355,2.0680155754089355,2.0680155754089355,0,0.0,0.0
1990-09-04 00:00:00-04:00,2.1579294204711914,2.1579294204711914,1.9331451915871867,2.1579294204711914,3600,0.0,0.0
1990-09-05 00:00:00-04:00,2.1579294204711914,2.1579294204711914,2.1579294204711914,2.1579294204711914,750,0.0,0.0
1990-09-06 00:00:00-04:00,1.9331465959548952,1.9331465959548952,1.9331465959548952,1.933146595954895,300,0.0,0.0
1990-09-07 00:00:00-04:00,2.0680155754089355,2.0680155754089355,2.0680155754089355,2.0680155754089355,450,0.0,0.0
1990-09-10 00:00:00-04:00,2.202885866165161,2.202885866165161,2.202885866165161,2.202885866165161,450,0.0,0.0
1990-09-11 00:00:00-04:00,2.0680172827134826,2.2478446935613197,1.9331465959548952,1.933146595954895,4950,0.0,0.0
1990-09-12 00:00:00-04:00,2.202885866165161,2.202885866165161,2.202885866165161,2.202885866165161,450,0.0,0.0
1990-09-13 00:00:00-04:00,1.9331459829708086,2.2478439807891846,1.9331459829708086,2.2478439807891846,4500,0.0,0.0
1990-09-14 00:00:00-04:00,2.2478439807891846,2.2478439807891846,2.2478439807891846,2.2478439807891846,0,0.0,0.0
1990-09-17 00:00:00-04:00,2.157930988137401,2.157930988137401,1.9331465959548952,1.933146595954895,2100,0.0,0.0
1990-09-18 00:00:00-04:00,1.9331465959548952,1.9331465959548952,1.9331465959548952,1.933146595954895,1050,0.0,0.0
1990-09-19 00:00:00-04:00,2.1579294168503522,2.202886365449812,1.933145188343518,2.180407762527466,27150,0.0,0.0
1990-09-20 00:00:00-04:00,2.0680163386726242,2.0680163386726242,1.9331457134819163,2.0005810260772705,4500,0.0,0.0
1990-09-21 00:00:00-04:00,2.247844396541872,2.247844396541872,1.9556246995925903,1.9556246995925903,300,0.0,0.0
1990-09-24 00:00:00-04:00,1.9331465959548952,1.9331465959548952,1.9331465959548952,1.933146595954895,1500,0.0,0.0
1990-09-25 00:00:00-04:00,1.9331465959548952,1.9331465959548952,1.9331465959548952,1.933146595954895,750,0.0,0.0
1990-09-26 00:00:00-04:00,1.9781024170486172,2.023059377860621,1.9781024170486172,2.0005810260772705,1350,0.0,0.0
1990-09-27 00:00:00-04:00,2.0005810260772705,2.0005810260772705,2.0005810260772705,2.0005810260772705,0,0.0,0.0
1990-09-28 00:00:00-04:00,2.0005810260772705,2.0005810260772705,2.0005810260772705,2.0005810260772705,0,0.0,0.0
1990-10-01 00:00:00-04:00,2.1579294204711914,2.1579294204711914,2.1579294204711914,2.1579294204711914,900,0.0,0.0
1990-10-02 00:00:00-04:00,2.023058831691742,2.292800009250641,2.023058831691742,2.1579294204711914,1500,0.0,0.0
1990-10-03 00:00:00-04:00,2.023059084996125,2.1354513421332206,2.023059084996125,2.1129727363586426,7500,0.0,0.0
1990-10-04 00:00:00-04:00,2.0680155754089355,2.0680155754089355,2.0680155754089355,2.0680155754089355,600,0.0,0.0
1990-10-05 00:00:00-04:00,2.2478439807891846,2.2478439807891846,2.2478439807891846,2.2478439807891846,300,0.0,0.0
1990-10-08 00:00:00-04:00,2.068015780366636,2.2478430605757467,2.068015780366636,2.1579294204711914,8700,0.0,0.0
1990-10-09 00:00:00-04:00,2.157928927755203,2.292799485739903,2.157928927755203,2.202885866165161,7200,0.0,0.0
1990-10-10 00:00:00-04:00,2.157928927755203,2.202885866165161,2.157928927755203,2.202885866165161,12600,0.0,0.0
1990-10-11 00:00:00-04:00,2.202885866165161,2.292799485739903,2.202885866165161,2.202885866165161,8400,0.0,0.0
1990-10-12 00:00:00-04:00,2.202885866165161,2.202885866165161,2.202885866165161,2.202885866165161,2550,0.0,0.0
1990-10-15 00:00:00-04:00,2.202885866165161,2.202885866165161,2.202885866165161,2.202885866165161,1650,0.0,0.0
1990-10-16 00:00:00-04:00,2.292800188064575,2.292800188064575,2.157929588766659,2.292800188064575,17550,0.0,0.0
1990-10-17 00:00:00-04:00,2.292800296328942,2.292800296328942,2.1129727363586426,2.1129727363586426,1050,0.0,0.0
1990-10-18 00:00:00-04:00,2.1129727363586426,2.1129727363586426,2.1129727363586426,2.1129727363586426,1050,0.0,0.0
1990-10-19 00:00:00-04:00,2.1129727363586426,2.1129727363586426,2.1129727363586426,2.1129727363586426,150,0.0,0.0
1990-10-22 00:00:00-04:00,2.292800188064575,2.292800188064575,2.292800188064575,2.292800188064575,300,0.0,0.0
1990-10-23 00:00:00-04:00,2.1129727363586426,2.1129727363586426,2.1129727363586426,2.1129727363586426,150,0.0,0.0
1990-10-24 00:00:00-04:00,2.2478430605757467,2.2478430605757467,2.112972471796297,2.1579294204711914,5400,0.0,0.0
1990-10-25 00:00:00-04:00,2.1579294204711914,2.1579294204711914,2.1579294204711914,2.1579294204711914,1950,0.0,0.0
1990-10-26 00:00:00-04:00,2.1579296906625336,2.1579296906625336,2.1129727363586426,2.1129727363586426,3000,0.0,0.0
1990-10-29 00:00:00-05:00,2.1129719893452448,2.202885866165161,2.1129719893452448,2.202885866165161,900,0.0,0.0
1990-10-30 00:00:00-05:00,2.023058369770503,2.202885866165161,2.023058369770503,2.202885866165161,1950,0.0,0.0
1990-10-31 00:00:00-05:00,2.202886434048924,2.202886434048924,2.0230588912963867,2.0230588912963867,750,0.0,0.0
1990-11-01 00:00:00-05:00,2.202886150821579,2.202886150821579,2.0680155754089355,2.0680155754089355,1200,0.0,0.0
1990-11-02 00:00:00-05:00,2.202886150821579,2.202886150821579,2.0680155754089355,2.0680155754089355,4200,0.0,0.0
1990-11-05 00:00:00-05:00,2.068015308180461,2.202885866165161,2.068015308180461,2.202885866165161,4500,0.0,0.0
1990-11-06 00:00:00-05:00,2.1129727363586426,2.1129727363586426,2.1129727363586426,2.1129727363586426,600,0.0,0.0
1990-11-07 00:00:00-05:00,2.1129727363586426,2.1129727363586426,2.1129727363586426,2.1129727363586426,0,0.0,0.0
1990-11-08 00:00:00-05:00,2.1129719893452448,2.202885866165161,2.1129719893452448,2.202885866165161,1200,0.0,0.0
1990-11-09 00:00:00-05:00,2.202885866165161,2.202885866165161,2.180407268337595,2.202885866165161,450,0.0,0.0
1990-11-12 00:00:00-05:00,2.180407762527466,2.180407762527466,2.180407762527466,2.180407762527466,150,0.0,0.0
1990-11-13 00:00:00-05:00,2.202885866165161,2.202885866165161,2.1129719893452448,2.202885866165161,1950,0.0,0.0
1990-11-14 00:00:00-05:00,2.1579296906625336,2.1579296906625336,2.1129727363586426,2.1129727363586426,2550,0.0,0.0
1990-11-15 00:00:00-05:00,2.1129727363586426,2.2028866449664246,2.1129727363586426,2.1129727363586426,9600,0.0,0.0
1990-11-16 00:00:00-05:00,2.202885866165161,2.202885866165161,2.1129719893452448,2.202885866165161,2100,0.0,0.0
1990-11-19 00:00:00-05:00,2.202885866165161,2.202885866165161,2.202885866165161,2.202885866165161,1950,0.0,0.0
1990-11-20 00:00:00-05:00,2.0680155754089355,2.0680155754089355,2.0680155754089355,2.0680155754089355,150,0.0,0.0
1990-11-21 00:00:00-05:00,2.202885866165161,2.202885866165161,2.202885866165161,2.202885866165161,2700,0.0,0.0
1990-11-23 00:00:00-05:00,2.157928927755203,2.202885866165161,2.157928927755203,2.202885866165161,4500,0.0,0.0
1990-11-26 00:00:00-05:00,2.1129719893452448,2.202885866165161,2.1129719893452448,2.202885866165161,7050,0.0,0.0
1990-11-27 00:00:00-05:00,2.1129727363586426,2.2028866449664246,2.1129727363586426,2.1129727363586426,3900,0.0,0.0
1990-11-28 00:00:00-05:00,2.202885866165161,2.202885866165161,2.202885866165161,2.202885866165161,150,0.0,0.0
1990-11-29 00:00:00-05:00,2.2478433420250505,2.2478433420250505,2.1129727363586426,2.1129727363586426,1950,0.0,0.0
1990-11-30 00:00:00-05:00,2.1129717676896695,2.247842311526141,2.1129717676896695,2.1354503631591797,600,0.0,0.0
1990-12-03 00:00:00-05:00,2.292800188064575,2.292800188064575,2.292800188064575,2.292800188064575,450,0.0,0.0
1990-12-04 00:00:00-05:00,2.1129727363586426,2.1129727363586426,2.1129727363586426,2.1129727363586426,300,0.0,0.0
1990-12-05 00:00:00-05:00,2.1129727363586426,2.1129727363586426,2.1129727363586426,2.1129727363586426,0,0.0,0.0
1990-12-06 00:00:00-05:00,2.152355467606714,2.427124261856079,2.152355467606714,2.427124261856079,3600,0.14333,0.0
1990-12-07 00:00:00-05:00,2.4271234850839365,2.4271234850839365,2.1523547787710435,2.2897391319274902,5250,0.0,0.0
1990-12-10 00:00:00-05:00,2.427124261856079,2.427124261856079,2.427124261856079,2.427124261856079,150,0.0,0.0
1990-12-11 00:00:00-05:00,2.3813295364379883,2.3813295364379883,2.1981502606997028,2.3813295364379883,2400,0.0,0.0
1990-12-12 00:00:00-05:00,2.4729197323322296,2.4729197323322296,2.198150873184204,2.198150873184204,5850,0.0,0.0
1990-12-13 00:00:00-05:00,2.2668423652648926,2.2668423652648926,2.2668423652648926,2.2668423652648926,300,0.0,0.0
1990-12-14 00:00:00-05:00,2.152355670928955,2.152355670928955,2.152355670928955,2.152355670928955,300,0.0,0.0
1990-12-17 00:00:00-05:00,2.152355365375757,2.3813295244012136,2.152355365375757,2.3126373291015625,19500,0.0,0.0
1990-12-18 00:00:00-05:00,2.152355670928955,2.2439454523573987,2.152355670928955,2.152355670928955,2100,0.0,0.0
1990-12-19 00:00:00-05:00,2.152355673143359,2.243945454666033,2.152355673143359,2.221047878265381,3600,0.0,0.0
1990-12-20 00:00:00-05:00,2.2439445222352465,2.2897391319274902,2.2439445222352465,2.2897391319274902,9000,0.0,0.0
1990-12-21 00:00:00-05:00,2.3813295364379883,2.3813295364379883,2.3813295364379883,2.3813295364379883,1500,0.0,0.0
1990-12-24 00:00:00-05:00,2.152355670928955,2.152355670928955,2.152355670928955,2.152355670928955,750,0.0,0.0
1990-12-26 00:00:00-05:00,2.152355670928955,2.152355670928955,2.152355670928955,2.152355670928955,0,0.0,0.0
1990-12-27 00:00:00-05:00,2.152355670928955,2.152355670928955,2.152355670928955,2.152355670928955,0,0.0,0.0
1990-12-28 00:00:00-05:00,2.266842766694526,2.266842766694526,2.152355670928955,2.152355670928955,300,0.0,0.0
1990-12-31 00:00:00-05:00,2.152355376255149,2.3813295364379883,2.152355376255149,2.3813295364379883,3150,0.0,0.0
1991-01-02 00:00:00-05:00,2.4729180335998535,2.4729180335998535,2.1981493631998696,2.4729180335998535,1500,0.0,0.0
1991-01-03 00:00:00-05:00,2.2897404055535446,2.2897404055535446,2.198150873184204,2.198150873184204,6000,0.0,0.0
1991-01-04 00:00:00-05:00,2.2897391319274902,2.2897391319274902,2.198149650503145,2.2897391319274902,2850,0.0,0.0
1991-01-07 00:00:00-05:00,2.4729180335998535,2.4729180335998535,2.4729180335998535,2.4729180335998535,1050,0.0,0.0
1991-01-08 00:00:00-05:00,2.3355346519934344,2.4729190432871655,2.3355346519934344,2.3813295364379883,5550,0.0,0.0
1991-01-09 00:00:00-05:00,2.3813295364379883,2.3813295364379883,2.3813295364379883,2.3813295364379883,0,0.0,0.0
1991-01-10 00:00:00-05:00,2.2439444065093994,2.2439444065093994,2.2439444065093994,2.2439444065093994,4650,0.0,0.0
1991-01-11 00:00:00-05:00,2.4729180335998535,2.4729180335998535,2.4729180335998535,2.4729180335998535,150,0.0,0.0
1991-01-14 00:00:00-05:00,2.198150873184204,2.198150873184204,2.198150873184204,2.198150873184204,750,0.0,0.0
1991-01-15 00:00:00-05:00,2.2439444065093994,2.2439444065093994,2.2439444065093994,2.2439444065093994,900,0.0,0.0
1991-01-16 00:00:00-05:00,2.38132875258059,2.38132875258059,2.2439444065093994,2.2439444065093994,3450,0.0,0.0
1991-01-17 00:00:00-05:00,2.2439444065093994,2.2439444065093994,2.2439444065093994,2.2439444065093994,900,0.0,0.0
1991-01-18 00:00:00-05:00,2.2439445222352465,2.3813288753916932,2.2439445222352465,2.2897391319274902,11400,0.0,0.0
1991-01-21 00:00:00-05:00,2.3355348110198975,2.3355348110198975,2.3355348110198975,2.3355348110198975,1500,0.0,0.0
1991-01-22 00:00:00-05:00,2.1523547787710435,2.3355340036595917,2.1523547787710435,2.2897391319274902,2850,0.0,0.0
1991-01-23 00:00:00-05:00,2.3355348110198975,2.3355348110198975,2.3355348110198975,2.3355348110198975,150,0.0,0.0
1991-01-24 00:00:00-05:00,2.3355349717458753,2.3355349717458753,2.152355670928955,2.152355670928955,600,0.0,0.0
1991-01-25 00:00:00-05:00,2.3355347511196043,2.427124261856079,2.3355347511196043,2.427124261856079,4800,0.0,0.0
1991-01-28 00:00:00-05:00,2.198150873184204,2.198150873184204,2.198150873184204,2.198150873184204,450,0.0,0.0
1991-01-29 00:00:00-05:00,2.4729180335998535,2.4729180335998535,2.4729180335998535,2.4729180335998535,2400,0.0,0.0
1991-01-30 00:00:00-05:00,2.2897399234571716,2.3355348110198975,2.2897399234571716,2.3355348110198975,1950,0.0,0.0
1991-01-31 00:00:00-05:00,2.198150489177687,2.518714189529419,2.198150489177687,2.518714189529419,2700,0.0,0.0
1991-02-01 00:00:00-05:00,2.518714189529419,2.518714189529419,2.518714189529419,2.518714189529419,300,0.0,0.0
1991-02-04 00:00:00-05:00,2.381330199962889,2.381330199962889,2.198150873184204,2.198150873184204,1950,0.0,0.0
1991-02-05 00:00:00-05:00,2.198149650503145,2.2897391319274902,2.198149650503145,2.2897391319274902,1050,0.0,0.0
1991-02-06 00:00:00-05:00,2.4729180335998535,2.4729180335998535,2.4729180335998535,2.4729180335998535,3000,0.0,0.0
1991-02-07 00:00:00-05:00,2.1981502606997028,2.3813295364379883,2.1981502606997028,2.3813295364379883,2550,0.0,0.0
1991-02-08 00:00:00-05:00,2.3813295364379883,2.3813295364379883,2.28973976754888,2.3813295364379883,900,0.0,0.0
1991-02-11 00:00:00-05:00,2.198150873184204,2.381330199962889,2.198150873184204,2.198150873184204,2100,0.0,0.0
1991-02-12 00:00:00-05:00,2.1981502606997028,2.3813295364379883,2.1981502606997028,2.3813295364379883,1350,0.0,0.0
1991-02-13 00:00:00-05:00,2.198150873184204,2.335535302758217,2.198150873184204,2.198150873184204,4050,0.0,0.0
1991-02-14 00:00:00-05:00,2.1981502606997028,2.3813295364379883,2.1981502606997028,2.3813295364379883,4800,0.0,0.0
1991-02-15 00:00:00-05:00,2.198150873184204,2.198150873184204,2.198150873184204,2.198150873184204,450,0.0,0.0
1991-02-19 00:00:00-05:00,2.198149650503145,2.4271234850839365,2.198149650503145,2.2897391319274902,2400,0.0,0.0
1991-02-20 00:00:00-05:00,2.198150873184204,2.2439457703888763,2.198150873184204,2.198150873184204,5850,0.0,0.0
1991-02-21 00:00:00-05:00,2.198150873184204,2.198150873184204,2.198150873184204,2.198150873184204,750,0.0,0.0
1991-02-22 00:00:00-05:00,2.2897391319274902,2.2897391319274902,2.2897391319274902,2.2897391319274902,150,0.0,0.0
1991-02-25 00:00:00-05:00,2.3126374389454716,2.427124261856079,2.3126374389454716,2.427124261856079,300,0.0,0.0
1991-02-26 00:00:00-05:00,2.198149537139054,2.2439444065093994,2.198149537139054,2.2439444065093994,3750,0.0,0.0
1991-02-27 00:00:00-05:00,2.3355346401881363,2.3355346401881363,2.3126373291015625,2.3126373291015625,600,0.0,0.0
1991-02-28 00:00:00-05:00,2.3355348110198975,2.3355348110198975,2.3355348110198975,2.3355348110198975,450,0.0,0.0
1991-03-01 00:00:00-05:00,2.2897391319274902,2.2897391319274902,2.198149650503145,2.2897391319274902,3900,0.0,0.0
1991-03-04 00:00:00-05:00,2.236619710922241,2.3298121100020523,2.236619710922241,2.236619710922241,4950,0.14333,0.0
1991-03-05 00:00:00-05:00,2.283214807510376,2.283214807510376,2.143426151267408,2.283214807510376,10050,0.0,0.0
1991-03-06 00:00:00-05:00,2.423004150390625,2.423004150390625,2.1900228128790133,2.423004150390625,2100,0.0,0.0
1991-03-07 00:00:00-05:00,2.469600200653076,2.469600200653076,2.469600200653076,2.469600200653076,150,0.0,0.0
1991-03-08 00:00:00-05:00,2.4696008419346924,2.4696008419346924,2.1900233780694123,2.236619710922241,11250,0.0,0.0
1991-03-11 00:00:00-05:00,2.469600200653076,2.469600200653076,2.469600200653076,2.469600200653076,1050,0.0,0.0
1991-03-12 00:00:00-05:00,2.2366191639619717,2.4696002379994164,2.2366191639619717,2.3764078617095947,7950,0.0,0.0
1991-03-13 00:00:00-05:00,2.2366191301388696,2.469600200653076,2.2366191301388696,2.469600200653076,7800,0.0,0.0
1991-03-14 00:00:00-05:00,2.51619553565979,2.51619553565979,2.283214556418367,2.51619553565979,3900,0.0,0.0
1991-03-15 00:00:00-05:00,2.3298105922912478,2.51619553565979,2.3298105922912478,2.51619553565979,13650,0.0,0.0
1991-03-18 00:00:00-05:00,2.5161962251405456,2.586090564727783,2.4230038612328113,2.586090564727783,6450,0.0,0.0
1991-03-19 00:00:00-05:00,2.423004311294164,2.562793016433716,2.423004311294164,2.562793016433716,900,0.0,0.0
1991-03-20 00:00:00-05:00,2.3298110961914062,2.516196079871982,2.3298110961914062,2.3298110961914062,2250,0.0,0.0
1991-03-21 00:00:00-05:00,2.562792392448558,2.562792392448558,2.3298110961914062,2.3298110961914062,1950,0.0,0.0
1991-03-22 00:00:00-05:00,2.562793016433716,2.562793016433716,2.329811663450599,2.562793016433716,1800,0.0,0.0
1991-03-25 00:00:00-05:00,2.329811505019397,2.469600200653076,2.329811505019397,2.469600200653076,5550,0.0,0.0
1991-03-26 00:00:00-05:00,2.329811663450599,2.562793016433716,2.329811663450599,2.562793016433716,1500,0.0,0.0
1991-03-27 00:00:00-05:00,2.423004150390625,2.423004150390625,2.423004150390625,2.423004150390625,2550,0.0,0.0
1991-03-28 00:00:00-05:00,2.423004150390625,2.5161965254198027,2.423004150390625,2.423004150390625,9000,0.0,0.0
1991-04-01 00:00:00-05:00,2.51619553565979,2.51619553565979,2.236618253919813,2.51619553565979,2100,0.0,0.0
1991-04-02 00:00:00-05:00,2.236619710922241,2.5161971747875214,2.236619710922241,2.236619710922241,5850,0.0,0.0
1991-04-03 00:00:00-05:00,2.4695995047505317,2.4695995047505317,2.283214807510376,2.283214807510376,9000,0.0,0.0
1991-04-04 00:00:00-05:00,2.423004150390625,2.423004150390625,2.2366191337064913,2.423004150390625,8250,0.0,0.0
1991-04-05 00:00:00-05:00,2.376407156130454,2.423003463753344,2.236618499887486,2.283214807510376,6600,0.0,0.0
1991-04-08 00:00:00-04:00,2.28321604377507,2.4230047757077102,2.236619710922241,2.236619710922241,4200,0.0,0.0
1991-04-09 00:00:00-04:00,2.423004150390625,2.423004150390625,2.423004150390625,2.423004150390625,2700,0.0,0.0
1991-04-10 00:00:00-04:00,2.423004150390625,2.423004150390625,2.423004150390625,2.423004150390625,3150,0.0,0.0
1991-04-11 00:00:00-04:00,2.236619710922241,2.4230047757077102,2.236619710922241,2.236619710922241,3150,0.0,0.0
1991-04-12 00:00:00-04:00,2.236619710922241,2.236619710922241,2.236619710922241,2.236619710922241,2100,0.0,0.0
1991-04-15 00:00:00-04:00,2.4230047757077102,2.4230047757077102,2.236619710922241,2.236619710922241,2850,0.0,0.0
1991-04-16 00:00:00-04:00,2.236619710922241,2.236619710922241,2.236619710922241,2.236619710922241,2700,0.0,0.0
1991-04-17 00:00:00-04:00,2.2366191337064913,2.423004150390625,2.2366191337064913,2.423004150390625,2250,0.0,0.0
1991-04-18 00:00:00-04:00,2.423004150390625,2.423004150390625,2.2366191337064913,2.423004150390625,4200,0.0,0.0
1991-04-19 00:00:00-04:00,2.423004150390625,2.423004150390625,2.423004150390625,2.423004150390625,1200,0.0,0.0
1991-04-22 00:00:00-04:00,2.423004150390625,2.423004150390625,2.2832154545339693,2.423004150390625,6150,0.0,0.0
1991-04-23 00:00:00-04:00,2.2832154545339693,2.423004150390625,2.2832154545339693,2.423004150390625,11850,0.0,0.0
1991-04-24 00:00:00-04:00,2.609389073729703,2.609389073729703,2.3764079873723816,2.562793016433716,2850,0.0,0.0
1991-04-25 00:00:00-04:00,2.376407132829939,2.4463014602661137,2.376407132829939,2.4463014602661133,1050,0.0,0.0
1991-04-26 00:00:00-04:00,2.399705889125605,2.399705889125605,2.3764078617095947,2.3764078617095947,4650,0.0,0.0
1991-04-29 00:00:00-04:00,2.423004150390625,2.423004150390625,2.423004150390625,2.423004150390625,150,0.0,0.0
1991-04-30 00:00:00-04:00,2.562792392448558,2.562792392448558,2.3298110961914062,2.3298110961914062,4050,0.0,0.0
1991-05-01 00:00:00-04:00,2.4696008419346924,2.4696008419346924,2.236619710922241,2.236619710922241,1500,0.0,0.0
1991-05-02 00:00:00-04:00,2.469599767295405,2.469599767295405,2.2366187376639837,2.3298110961914062,1800,0.0,0.0
1991-05-03 00:00:00-04:00,2.3531097987088616,2.469600200653076,2.3531097987088616,2.469600200653076,450,0.0,0.0
1991-05-06 00:00:00-04:00,2.2366191639619717,2.4230041831673965,2.19002284250417,2.3764078617095947,29250,0.0,0.0
1991-05-07 00:00:00-04:00,2.2599171913779816,2.4230041831673965,2.2599171913779816,2.3764078617095947,4200,0.0,0.0
1991-05-08 00:00:00-04:00,2.376407156130454,2.376407156130454,2.283214807510376,2.283214807510376,4350,0.0,0.0
1991-05-09 00:00:00-04:00,2.283214807510376,2.283214807510376,2.283214807510376,2.283214807510376,1350,0.0,0.0
1991-05-10 00:00:00-04:00,2.236619269051218,2.376407973366919,2.1900229454040527,2.1900229454040527,3450,0.0,0.0
1991-05-13 00:00:00-04:00,2.3298118559805627,2.3298118559805627,2.1900231392892127,2.2599174976348877,2100,0.0,0.0
1991-05-14 00:00:00-04:00,2.1900231392892127,2.3298118559805627,2.1900231392892127,2.2599174976348877,4200,0.0,0.0
1991-05-15 00:00:00-04:00,2.329811649719754,2.329811649719754,2.1900229454040527,2.1900229454040527,4350,0.0,0.0
1991-05-16 00:00:00-04:00,2.3298110961914062,2.3298110961914062,2.190022425087407,2.3298110961914062,4050,0.0,0.0
1991-05-17 00:00:00-04:00,2.329811649719754,2.329811649719754,2.1900229454040527,2.1900229454040527,4500,0.0,0.0
1991-05-20 00:00:00-04:00,2.1900229454040527,2.283215592698383,2.1900229454040527,2.1900229454040527,2850,0.0,0.0
1991-05-21 00:00:00-04:00,2.28321604377507,2.28321604377507,2.1900233780694123,2.236619710922241,6750,0.0,0.0
1991-05-22 00:00:00-04:00,2.236618499887486,2.283214807510376,2.190022192264596,2.283214807510376,4200,0.0,0.0
1991-05-23 00:00:00-04:00,2.283215345930486,2.283215345930486,2.1434266567230225,2.1434266567230225,1200,0.0,0.0
1991-05-24 00:00:00-04:00,2.236618499887486,2.283214807510376,2.236618499887486,2.283214807510376,2250,0.0,0.0
1991-05-28 00:00:00-04:00,2.28321604377507,2.28321604377507,2.14342731184243,2.236619710922241,4650,0.0,0.0
1991-05-29 00:00:00-04:00,2.2366191639619717,2.3764078617095947,2.2366191639619717,2.3764078617095947,1500,0.0,0.0
1991-05-30 00:00:00-04:00,2.236618253919813,2.51619553565979,2.236618253919813,2.51619553565979,20700,0.0,0.0
1991-05-31 00:00:00-04:00,2.2366189667672822,2.4230039695398085,2.2366189667672822,2.3065133094787598,2400,0.0,0.0
1991-06-03 00:00:00-04:00,2.276163569494765,2.3710036277770996,2.276163569494765,2.3710036277770996,7200,0.14333,0.0
1991-06-04 00:00:00-04:00,2.371003007126394,2.371003007126394,2.2761629736700653,2.3235831260681152,4950,0.0,0.0
1991-06-05 00:00:00-04:00,2.1813230514526367,2.1813230514526367,2.1813230514526367,2.1813230514526367,1050,0.0,0.0
1991-06-06 00:00:00-04:00,2.276163089745435,2.276163089745435,2.1813230514526367,2.1813230514526367,1200,0.0,0.0
1991-06-07 00:00:00-04:00,2.1813230514526367,2.1813230514526367,2.1813230514526367,2.1813230514526367,0,0.0,0.0
1991-06-10 00:00:00-04:00,2.3235832445617266,2.3235832445617266,2.1813230514526367,2.1813230514526367,7800,0.0,0.0
1991-06-11 00:00:00-04:00,2.3235842297937097,2.3235842297937097,2.2287438799475012,2.2761640548706055,4650,0.0,0.0
1991-06-12 00:00:00-04:00,2.46584415435791,2.46584415435791,2.4184239857591487,2.46584415435791,1500,0.0,0.0
1991-06-13 00:00:00-04:00,2.46584415435791,2.46584415435791,2.46584415435791,2.46584415435791,0,0.0,0.0
1991-06-14 00:00:00-04:00,2.46584415435791,2.46584415435791,2.46584415435791,2.46584415435791,0,0.0,0.0
1991-06-17 00:00:00-04:00,2.46584415435791,2.46584415435791,2.46584415435791,2.46584415435791,0,0.0,0.0
1991-06-18 00:00:00-04:00,2.205033634074518,2.46584415435791,2.205033634074518,2.46584415435791,6000,0.0,0.0
1991-06-19 00:00:00-04:00,2.2050337651196648,2.418424129486084,2.2050337651196648,2.418424129486084,1050,0.0,0.0
1991-06-20 00:00:00-04:00,2.3710036277770996,2.3710036277770996,2.3710036277770996,2.3710036277770996,450,0.0,0.0
1991-06-21 00:00:00-04:00,2.371004133376914,2.371004133376914,2.2761640548706055,2.2761640548706055,3300,0.0,0.0
1991-06-24 00:00:00-04:00,2.2761640548706055,2.2761640548706055,2.2761640548706055,2.2761640548706055,0,0.0,0.0
1991-06-25 00:00:00-04:00,2.276163089745435,2.276163089745435,2.1813230514526367,2.1813230514526367,4200,0.0,0.0
1991-06-26 00:00:00-04:00,2.2287437915802,2.2287437915802,2.181323889877144,2.2287437915802,3750,0.0,0.0
1991-06-27 00:00:00-04:00,2.1813230514526367,2.276163089745435,2.1813230514526367,2.1813230514526367,4950,0.0,0.0
1991-06-28 00:00:00-04:00,2.3710031280382333,2.3710031280382333,2.1813230514526367,2.1813230514526367,12450,0.0,0.0
1991-07-01 00:00:00-04:00,2.2287438799475012,2.2761640548706055,2.0864836265180884,2.2761640548706055,11400,0.0,0.0
1991-07-02 00:00:00-04:00,2.181323976364297,2.2761640548706055,2.181323976364297,2.2761640548706055,2250,0.0,0.0
1991-07-03 00:00:00-04:00,2.2761639646231453,2.2761639646231453,2.181323889877144,2.2287437915802,4050,0.0,0.0
1991-07-05 00:00:00-04:00,2.133902896636345,2.276163089745435,2.133902896636345,2.1813230514526367,9900,0.0,0.0
1991-07-08 00:00:00-04:00,2.181323889877144,2.2287437915802,2.1576136676857267,2.2287437915802,7500,0.0,0.0
1991-07-09 00:00:00-04:00,2.0864835682379934,2.2287438176937635,2.0864835682379934,2.133903741836548,9600,0.0,0.0
1991-07-10 00:00:00-04:00,2.086482741820054,2.2287429349291434,2.086482741820054,2.1813230514526367,1350,0.0,0.0
1991-07-11 00:00:00-04:00,2.2287437915802,2.2287437915802,2.2287437915802,2.2287437915802,6000,0.0,0.0
1991-07-12 00:00:00-04:00,2.3710036277770996,2.3710036277770996,2.086483181590254,2.3710036277770996,1050,0.0,0.0
1991-07-15 00:00:00-04:00,2.181323976364297,2.2761640548706055,2.0864836265180884,2.2761640548706055,4650,0.0,0.0
1991-07-16 00:00:00-04:00,2.0864835437912537,2.3710040393691467,2.0864835437912537,2.2287437915802,25500,0.0,0.0
1991-07-17 00:00:00-04:00,2.181323228596904,2.3710033205863343,2.181323228596904,2.3472933769226074,3000,0.0,0.0
1991-07-18 00:00:00-04:00,2.1813230514526367,2.1813230514526367,2.1813230514526367,2.1813230514526367,3600,0.0,0.0
1991-07-19 00:00:00-04:00,2.3710031280382333,2.3710031280382333,2.1813230514526367,2.1813230514526367,750,0.0,0.0
1991-07-22 00:00:00-04:00,2.3710036277770996,2.3710036277770996,2.3710036277770996,2.3710036277770996,600,0.0,0.0
1991-07-23 00:00:00-04:00,2.1813235112124305,2.3710036277770996,2.1813235112124305,2.3710036277770996,6450,0.0,0.0
1991-07-24 00:00:00-04:00,2.1813230514526367,2.3710031280382333,2.1813230514526367,2.1813230514526367,4650,0.0,0.0
1991-07-25 00:00:00-04:00,2.3235841648908715,2.3235841648908715,2.133903741836548,2.133903741836548,300,0.0,0.0
1991-07-26 00:00:00-04:00,2.3235841648908715,2.3235841648908715,2.133903741836548,2.133903741836548,4200,0.0,0.0
1991-07-29 00:00:00-04:00,2.3235831260681152,2.3235831260681152,2.133902787815686,2.3235831260681152,11550,0.0,0.0
1991-07-30 00:00:00-04:00,2.1339038014411926,2.3235842297937097,2.1339038014411926,2.2761640548706055,11400,0.0,0.0
1991-07-31 00:00:00-04:00,2.2761629736700653,2.3235831260681152,2.2761629736700653,2.3235831260681152,4350,0.0,0.0
1991-08-01 00:00:00-04:00,2.2761640548706055,2.2761640548706055,2.2287438799475012,2.2761640548706055,2100,0.0,0.0
1991-08-02 00:00:00-04:00,2.2287428212720153,2.371003007126394,2.2287428212720153,2.3235831260681152,9450,0.0,0.0
1991-08-05 00:00:00-04:00,2.2761638865751377,2.4658443009030258,2.2761638865751377,2.418424129486084,8400,0.0,0.0
1991-08-06 00:00:00-04:00,2.32358391990149,2.46584415435791,2.2761637513027284,2.46584415435791,2700,0.0,0.0
1991-08-07 00:00:00-04:00,2.2761637513027284,2.46584415435791,2.2761637513027284,2.46584415435791,12900,0.0,0.0
1991-08-08 00:00:00-04:00,2.2761640548706055,2.2761640548706055,2.2761640548706055,2.2761640548706055,600,0.0,0.0
1991-08-09 00:00:00-04:00,2.2761640548706055,2.2761640548706055,2.2761640548706055,2.2761640548706055,150,0.0,0.0
1991-08-12 00:00:00-04:00,2.46584415435791,2.46584415435791,2.46584415435791,2.46584415435791,1050,0.0,0.0
1991-08-13 00:00:00-04:00,2.3235830399083475,2.560683250427246,2.3235830399083475,2.560683250427246,6000,0.0,0.0
1991-08-14 00:00:00-04:00,2.4184230698479547,2.560683250427246,2.4184230698479547,2.560683250427246,8100,0.0,0.0
1991-08-15 00:00:00-04:00,2.5606842202155695,2.5606842202155695,2.3710038171603873,2.46584415435791,3600,0.0,0.0
1991-08-16 00:00:00-04:00,2.46584415435791,2.46584415435791,2.46584415435791,2.46584415435791,0,0.0,0.0
1991-08-19 00:00:00-04:00,2.46584415435791,2.46584415435791,2.46584415435791,2.46584415435791,0,0.0,0.0
1991-08-20 00:00:00-04:00,2.46584415435791,2.46584415435791,2.46584415435791,2.46584415435791,1200,0.0,0.0
1991-08-21 00:00:00-04:00,2.46584415435791,2.46584415435791,2.46584415435791,2.46584415435791,150,0.0,0.0
1991-08-22 00:00:00-04:00,2.276163569494765,2.4658439573992763,2.276163569494765,2.3710036277770996,5400,0.0,0.0
1991-08-23 00:00:00-04:00,2.371004133376914,2.371004133376914,2.2761640548706055,2.2761640548706055,1350,0.0,0.0
1991-08-26 00:00:00-04:00,2.46584415435791,2.46584415435791,2.46584415435791,2.46584415435791,300,0.0,0.0
1991-08-27 00:00:00-04:00,2.3144404888153076,2.3144404888153076,2.3144404888153076,2.3144404888153076,1350,0.14333,0.0
1991-08-28 00:00:00-04:00,2.3144404888153076,2.3144404888153076,2.3144404888153076,2.3144404888153076,150,0.0,0.0
1991-08-29 00:00:00-04:00,2.2662222385406494,2.362657415263385,2.2662222385406494,2.2662222385406494,2100,0.0,0.0
1991-08-30 00:00:00-04:00,2.2662226778348384,2.507310390472412,2.2662226778348384,2.507310390472412,2400,0.0,0.0
1991-09-03 00:00:00-04:00,2.4590930938720703,2.4590930938720703,2.4590930938720703,2.4590930938720703,450,0.0,0.0
1991-09-04 00:00:00-04:00,2.1697880240047676,2.4590930938720703,2.1697880240047676,2.4590930938720703,6000,0.0,0.0
1991-09-05 00:00:00-04:00,2.314440155029297,2.314440155029297,2.169787645339966,2.169787645339966,2850,0.0,0.0
1991-09-06 00:00:00-04:00,2.4590923160833933,2.4590923160833933,2.169787337720641,2.2662222385406494,8100,0.0,0.0
1991-09-09 00:00:00-04:00,2.4590930938720703,2.4590930938720703,2.4590930938720703,2.4590930938720703,150,0.0,0.0
1991-09-10 00:00:00-04:00,2.459092069331788,2.459092069331788,2.1697871199986367,2.2180047035217285,1650,0.0,0.0
1991-09-11 00:00:00-04:00,2.2180052405373316,2.3626577502266626,2.169787645339966,2.169787645339966,5250,0.0,0.0
1991-09-12 00:00:00-04:00,2.3144395946652123,2.362657178188304,2.2180047035217285,2.2180047035217285,6450,0.0,0.0
1991-09-13 00:00:00-04:00,2.410874843597412,2.410874843597412,2.410874843597412,2.410874843597412,1500,0.0,0.0
1991-09-16 00:00:00-04:00,2.169787958264351,2.41087541721501,2.169787958264351,2.3144404888153076,6600,0.0,0.0
1991-09-17 00:00:00-04:00,2.314440558938419,2.4590930938720703,2.314440558938419,2.4590930938720703,1800,0.0,0.0
1991-09-18 00:00:00-04:00,2.2662222385406494,2.4590923160833933,2.2662222385406494,2.2662222385406494,900,0.0,0.0
1991-09-19 00:00:00-04:00,2.266222955326264,2.4590930938720703,2.266222955326264,2.4590930938720703,4350,0.0,0.0
1991-09-20 00:00:00-04:00,2.4590930938720703,2.4590930938720703,2.218005627616923,2.4590930938720703,3900,0.0,0.0
1991-09-23 00:00:00-04:00,2.2180047035217285,2.2180047035217285,2.2180047035217285,2.2180047035217285,450,0.0,0.0
1991-09-24 00:00:00-04:00,2.4590930193662643,2.4590930193662643,2.2180055604156053,2.3144404888153076,2850,0.0,0.0
1991-09-25 00:00:00-04:00,2.3144395946652123,2.459092069331788,2.2180047035217285,2.2180047035217285,2850,0.0,0.0
1991-09-26 00:00:00-04:00,2.410874843597412,2.410874843597412,2.410874843597412,2.410874843597412,1500,0.0,0.0
1991-09-27 00:00:00-04:00,2.410874843597412,2.410874843597412,2.410874843597412,2.410874843597412,0,0.0,0.0
1991-09-30 00:00:00-04:00,2.2180047035217285,2.2180047035217285,2.2180047035217285,2.2180047035217285,1050,0.0,0.0
1991-10-01 00:00:00-04:00,2.3144404888153076,2.4590930193662643,2.3144404888153076,2.3144404888153076,20850,0.0,0.0
1991-10-02 00:00:00-04:00,2.3144404888153076,2.41087541721501,2.3144404888153076,2.3144404888153076,16950,0.0,0.0
1991-10-03 00:00:00-04:00,2.5073092851968704,2.5073092851968704,2.362656831741333,2.362656831741333,2850,0.0,0.0
1991-10-04 00:00:00-04:00,2.362656831741333,2.362656831741333,2.362656831741333,2.362656831741333,0,0.0,0.0
1991-10-07 00:00:00-04:00,2.3144404888153076,2.3144404888153076,2.3144404888153076,2.3144404888153076,150,0.0,0.0
1991-10-08 00:00:00-04:00,2.3144400367895175,2.555527448654175,2.3144400367895175,2.555527448654175,3900,0.0,0.0
1991-10-09 00:00:00-04:00,2.3144404888153076,2.3144404888153076,2.3144404888153076,2.3144404888153076,300,0.0,0.0
1991-10-10 00:00:00-04:00,2.555527448654175,2.555527448654175,2.555527448654175,2.555527448654175,150,0.0,0.0
1991-10-11 00:00:00-04:00,2.5555279477659667,2.5555279477659667,2.3144404888153076,2.3144404888153076,2550,0.0,0.0
1991-10-14 00:00:00-04:00,2.3626576295235497,2.555527448654175,2.3626576295235497,2.555527448654175,3300,0.0,0.0
1991-10-15 00:00:00-04:00,2.5555284999116425,2.5555284999116425,2.3626586014409043,2.4832022190093994,750,0.0,0.0
1991-10-16 00:00:00-04:00,2.555527448654175,2.555527448654175,2.3626576295235497,2.555527448654175,750,0.0,0.0
1991-10-17 00:00:00-04:00,2.314439938142393,2.5555273397313116,2.314439938142393,2.410874843597412,5550,0.0,0.0
1991-10-18 00:00:00-04:00,2.3626576295235497,2.555527448654175,2.3626576295235497,2.555527448654175,2550,0.0,0.0
1991-10-21 00:00:00-04:00,2.555527712277702,2.555527712277702,2.41087519505627,2.507310390472412,4950,0.0,0.0
1991-10-22 00:00:00-04:00,2.5073100249551725,2.5073100249551725,2.410874843597412,2.410874843597412,1950,0.0,0.0
1991-10-23 00:00:00-04:00,2.41087494635483,2.555527448654175,2.41087494635483,2.555527448654175,2100,0.0,0.0
1991-10-24 00:00:00-04:00,2.362656831741333,2.362656831741333,2.362656831741333,2.362656831741333,600,0.0,0.0
1991-10-25 00:00:00-04:00,2.3626576295235497,2.555527448654175,2.3626576295235497,2.555527448654175,2100,0.0,0.0
1991-10-28 00:00:00-05:00,2.362656831741333,2.362656831741333,2.362656831741333,2.362656831741333,3150,0.0,0.0
1991-10-29 00:00:00-05:00,2.41087519505627,2.507310390472412,2.36265787325098,2.507310390472412,7050,0.0,0.0
1991-10-30 00:00:00-05:00,2.362656831741333,2.410874132291406,2.362656831741333,2.362656831741333,6450,0.0,0.0
1991-10-31 00:00:00-05:00,2.3626576295235497,2.555527448654175,2.3626576295235497,2.555527448654175,900,0.0,0.0
1991-11-01 00:00:00-05:00,2.362656831741333,2.362656831741333,2.362656831741333,2.362656831741333,750,0.0,0.0
1991-11-04 00:00:00-05:00,2.362658162550574,2.4590930938720703,2.362658162550574,2.4590930938720703,6750,0.0,0.0
1991-11-05 00:00:00-05:00,2.603745041388207,2.603745041388207,2.41087494635483,2.555527448654175,2700,0.0,0.0
1991-11-06 00:00:00-05:00,2.4108759381071563,2.6037461124807604,2.4108759381071563,2.4832022190093994,12900,0.0,0.0
1991-11-07 00:00:00-05:00,2.5555284999116425,2.5555284999116425,2.3626586014409043,2.4832022190093994,3750,0.0,0.0
1991-11-08 00:00:00-05:00,2.362656831741333,2.5555265857469434,2.362656831741333,2.362656831741333,4050,0.0,0.0
1991-11-11 00:00:00-05:00,2.4108754902599148,2.4590930938720703,2.4108754902599148,2.4590930938720703,1650,0.0,0.0
1991-11-12 00:00:00-05:00,2.3626576295235497,2.555527448654175,2.3626576295235497,2.555527448654175,1050,0.0,0.0
1991-11-13 00:00:00-05:00,2.555527712277702,2.555527712277702,2.36265787325098,2.507310390472412,14400,0.0,0.0
1991-11-14 00:00:00-05:00,2.362656831741333,2.362656831741333,2.362656831741333,2.362656831741333,150,0.0,0.0
1991-11-15 00:00:00-05:00,2.362657528821273,2.5555273397313116,2.362657528821273,2.410874843597412,7200,0.0,0.0
1991-11-18 00:00:00-05:00,2.314440275542909,2.507310390472412,2.314440275542909,2.507310390472412,10950,0.0,0.0
1991-11-19 00:00:00-05:00,2.507310390472412,2.507310390472412,2.36265787325098,2.507310390472412,4650,0.0,0.0
1991-11-20 00:00:00-05:00,2.507310390472412,2.507310390472412,2.507310390472412,2.507310390472412,13050,0.0,0.0
1991-11-21 00:00:00-05:00,2.4349841318616963,2.507310390472412,2.41087519505627,2.507310390472412,1800,0.0,0.0
1991-11-22 00:00:00-05:00,2.555527448654175,2.555527448654175,2.3626576295235497,2.555527448654175,1200,0.0,0.0
1991-11-25 00:00:00-05:00,2.555527448654175,2.555527448654175,2.555527448654175,2.555527448654175,0,0.0,0.0
1991-11-26 00:00:00-05:00,2.3626576295235497,2.555527448654175,2.3626576295235497,2.555527448654175,600,0.0,0.0
1991-11-27 00:00:00-05:00,2.362656831741333,2.362656831741333,2.362656831741333,2.362656831741333,1200,0.0,0.0
1991-11-29 00:00:00-05:00,2.362656831741333,2.5555265857469434,2.362656831741333,2.362656831741333,2400,0.0,0.0
1991-12-02 00:00:00-05:00,2.555527448654175,2.555527448654175,2.555527448654175,2.555527448654175,600,0.0,0.0
1991-12-03 00:00:00-05:00,2.5555265857469434,2.5555265857469434,2.362656831741333,2.362656831741333,600,0.0,0.0
1991-12-04 00:00:00-05:00,2.3867654820163695,2.5073092851968704,2.362656831741333,2.362656831741333,600,0.0,0.0
1991-12-05 00:00:00-05:00,2.362656831741333,2.531417935471907,2.362656831741333,2.362656831741333,4350,0.0,0.0
1991-12-06 00:00:00-05:00,2.404864312033895,2.552100896835327,2.355785356822918,2.552100896835327,1050,0.14333,0.0
1991-12-09 00:00:00-05:00,2.4048635959625244,2.503021196325606,2.4048635959625244,2.4048635959625244,3450,0.0,0.0
1991-12-10 00:00:00-05:00,2.5030224323272705,2.5030224323272705,2.5030224323272705,2.5030224323272705,5400,0.0,0.0
1991-12-11 00:00:00-05:00,2.355784655365276,2.503021196325606,2.355784655365276,2.4048635959625244,13800,0.0,0.0
1991-12-12 00:00:00-05:00,2.4048635959625244,2.4048635959625244,2.4048635959625244,2.4048635959625244,900,0.0,0.0
1991-12-13 00:00:00-05:00,2.4048643384265516,2.601179599761963,2.4048643384265516,2.601179599761963,2700,0.0,0.0
1991-12-16 00:00:00-05:00,2.6502585555115665,2.6502585555115665,2.4048643384265516,2.601179599761963,1950,0.0,0.0
1991-12-17 00:00:00-05:00,2.65025855637583,2.65025855637583,2.404864339210791,2.4539430141448975,2100,0.0,0.0
1991-12-18 00:00:00-05:00,2.6502577372859357,2.6502577372859357,2.4048635959625244,2.4048635959625244,5550,0.0,0.0
1991-12-19 00:00:00-05:00,2.6502577372859357,2.6502577372859357,2.4048635959625244,2.4048635959625244,1650,0.0,0.0
1991-12-20 00:00:00-05:00,2.6502580642700195,2.6502580642700195,2.6502580642700195,2.6502580642700195,2700,0.0,0.0
1991-12-23 00:00:00-05:00,2.4048635959625244,2.4048635959625244,2.4048635959625244,2.4048635959625244,1350,0.0,0.0
1991-12-24 00:00:00-05:00,2.4048635959625244,2.4048635959625244,2.4048635959625244,2.4048635959625244,1050,0.0,0.0
1991-12-26 00:00:00-05:00,2.4048635959625244,2.4048635959625244,2.4048635959625244,2.4048635959625244,0,0.0,0.0
1991-12-27 00:00:00-05:00,2.552100136922854,2.699336677883184,2.4048635959625244,2.4048635959625244,3300,0.0,0.0
1991-12-30 00:00:00-05:00,2.6993386745452876,2.6993386745452876,2.4048653748069517,2.699338674545288,15450,0.0,0.0
1991-12-31 00:00:00-05:00,2.6993386745452876,2.6993386745452876,2.4048653748069517,2.699338674545288,7200,0.0,0.0
1992-01-02 00:00:00-05:00,2.6993386745452876,2.6993386745452876,2.6993386745452876,2.699338674545288,450,0.0,0.0
1992-01-03 00:00:00-05:00,2.6502580642700195,2.6502580642700195,2.503021505143907,2.6502580642700195,10650,0.0,0.0
1992-01-06 00:00:00-05:00,2.6502585264257825,2.6993374816367597,2.552100896835327,2.552100896835327,64200,0.0,0.0
1992-01-07 00:00:00-05:00,2.6993386745452876,2.6993386745452876,2.55210202467612,2.699338674545288,4800,0.0,0.0
1992-01-08 00:00:00-05:00,2.552100896835327,2.6502585264257825,2.552100896835327,2.552100896835327,7950,0.0,0.0
1992-01-09 00:00:00-05:00,2.552100896835327,2.552100896835327,2.552100896835327,2.552100896835327,0,0.0,0.0
1992-01-10 00:00:00-05:00,2.404864339210791,2.6011796006102217,2.404864339210791,2.4539430141448975,6450,0.0,0.0
1992-01-13 00:00:00-05:00,2.4048638926703156,2.6502580642700195,2.4048638926703156,2.6502580642700195,600,0.0,0.0
1992-01-14 00:00:00-05:00,2.355784946017795,2.6502580642700195,2.355784946017795,2.6502580642700195,750,0.0,0.0
1992-01-15 00:00:00-05:00,2.601180112131999,2.601180112131999,2.355785846710205,2.355785846710205,2850,0.0,0.0
1992-01-16 00:00:00-05:00,2.355785846710205,2.355785846710205,2.355785846710205,2.355785846710205,750,0.0,0.0
1992-01-17 00:00:00-05:00,2.355785846710205,2.355785846710205,2.355785846710205,2.355785846710205,1350,0.0,0.0
1992-01-20 00:00:00-05:00,2.3557863830191006,2.527562379837036,2.3557863830191006,2.527562379837036,3300,0.0,0.0
1992-01-21 00:00:00-05:00,2.6011787966886875,2.6011787966886875,2.4048635959625244,2.4048635959625244,11850,0.0,0.0
1992-01-22 00:00:00-05:00,2.4048653596092056,2.527562379837036,2.4048653596092056,2.527562379837036,3150,0.0,0.0
1992-01-23 00:00:00-05:00,2.527562379837036,2.527562379837036,2.527562379837036,2.527562379837036,0,0.0,0.0
1992-01-24 00:00:00-05:00,2.5030224323272705,2.5030224323272705,2.5030224323272705,2.5030224323272705,3000,0.0,0.0
1992-01-27 00:00:00-05:00,2.5521009256761147,2.6011796006102217,2.4539430141448975,2.4539430141448975,1650,0.0,0.0
1992-01-28 00:00:00-05:00,2.4048647834935815,2.5030224323272705,2.4048647834935815,2.5030224323272705,5550,0.0,0.0
1992-01-29 00:00:00-05:00,2.6011787966886875,2.6011787966886875,2.4048635959625244,2.4048635959625244,600,0.0,0.0
1992-01-30 00:00:00-05:00,2.5521014275465745,2.5521014275465745,2.257628196707799,2.355785846710205,3450,0.0,0.0
1992-01-31 00:00:00-05:00,2.257628196707799,2.355785846710205,2.257628196707799,2.355785846710205,600,0.0,0.0
1992-02-03 00:00:00-05:00,2.2576277272324625,2.601179571214806,2.2576277272324625,2.552100896835327,1950,0.0,0.0
1992-02-04 00:00:00-05:00,2.6011795693353035,2.6011795693353035,2.2576277256011963,2.2576277256011963,5250,0.0,0.0
1992-02-05 00:00:00-05:00,2.2576277520092423,2.601179599761963,2.2576277520092423,2.601179599761963,750,0.0,0.0
1992-02-06 00:00:00-05:00,2.601179599761963,2.601179599761963,2.601179599761963,2.601179599761963,0,0.0,0.0
1992-02-07 00:00:00-05:00,2.5521014275465745,2.5521014275465745,2.355785846710205,2.355785846710205,450,0.0,0.0
1992-02-10 00:00:00-05:00,2.306706666946411,2.306706666946411,2.306706666946411,2.306706666946411,1050,0.0,0.0
1992-02-11 00:00:00-05:00,2.5521011903968915,2.5521011903968915,2.306706666946411,2.306706666946411,1050,0.0,0.0
1992-02-12 00:00:00-05:00,2.5521011903968915,2.5521011903968915,2.306706666946411,2.306706666946411,1050,0.0,0.0
1992-02-13 00:00:00-05:00,2.3067064269273443,2.601179599761963,2.3067064269273443,2.601179599761963,4800,0.0,0.0
1992-02-14 00:00:00-05:00,2.601179599761963,2.601179599761963,2.601179599761963,2.601179599761963,150,0.0,0.0
1992-02-18 00:00:00-05:00,2.306706666946411,2.601179870421763,2.306706666946411,2.306706666946411,900,0.0,0.0
1992-02-19 00:00:00-05:00,2.5521009256761147,2.5521009256761147,2.3067064276795737,2.4539430141448975,5850,0.0,0.0
1992-02-20 00:00:00-05:00,2.306706666946411,2.5030222295404894,2.306706666946411,2.306706666946411,5400,0.0,0.0
1992-02-21 00:00:00-05:00,2.3067064016119407,2.552100896835327,2.3067064016119407,2.552100896835327,1950,0.0,0.0
1992-02-24 00:00:00-05:00,2.552100896835327,2.552100896835327,2.3067064016119407,2.552100896835327,1500,0.0,0.0
1992-02-25 00:00:00-05:00,2.5521013971598916,2.5521013971598916,2.3067068538283393,2.5030224323272705,6300,0.0,0.0
1992-02-26 00:00:00-05:00,2.5030224323272705,2.5030224323272705,2.5030224323272705,2.5030224323272705,1500,0.0,0.0
1992-02-27 00:00:00-05:00,2.2576281698272718,2.5030224323272705,2.2576281698272718,2.5030224323272705,450,0.0,0.0
1992-02-28 00:00:00-05:00,2.257628196707799,2.503022462129593,2.257628196707799,2.355785846710205,1050,0.0,0.0
1992-03-02 00:00:00-05:00,2.3067065121796393,2.478482723236084,2.3067065121796393,2.478482723236084,1800,0.0,0.0
1992-03-03 00:00:00-05:00,2.552100896835327,2.552100896835327,2.552100896835327,2.552100896835327,1650,0.0,0.0
1992-03-04 00:00:00-05:00,2.404864339210791,2.5521009256761147,2.3557853834451823,2.4539430141448975,19200,0.0,0.0
1992-03-05 00:00:00-05:00,2.601179599761963,2.601179599761963,2.601179599761963,2.601179599761963,900,0.0,0.0
1992-03-06 00:00:00-05:00,2.601179599761963,2.601179599761963,2.355785382676948,2.601179599761963,2100,0.0,0.0
1992-03-09 00:00:00-05:00,2.6440818684894496,2.6440818684894496,2.3447518348693848,2.3447518348693848,2700,0.14333,0.0
1992-03-10 00:00:00-05:00,2.594193696975708,2.594193696975708,2.594193696975708,2.594193696975708,600,0.0,0.0
1992-03-11 00:00:00-05:00,2.6440820693969727,2.6440820693969727,2.344752013032659,2.6440820693969727,5250,0.0,0.0
1992-03-12 00:00:00-05:00,2.3447518348693848,2.3447518348693848,2.3447518348693848,2.3447518348693848,1200,0.0,0.0
1992-03-13 00:00:00-05:00,2.4445288887963548,2.6440820693969727,2.344752013032659,2.6440820693969727,4650,0.0,0.0
1992-03-16 00:00:00-05:00,2.6440820693969727,2.6440820693969727,2.5941939169785115,2.6440820693969727,5100,0.0,0.0
1992-03-17 00:00:00-05:00,2.344752013032659,2.6440820693969727,2.344752013032659,2.6440820693969727,4800,0.0,0.0
1992-03-18 00:00:00-05:00,2.594193696975708,2.594193696975708,2.594193696975708,2.594193696975708,600,0.0,0.0
1992-03-19 00:00:00-05:00,2.6440818003956394,2.6440818003956394,2.3447517744843083,2.3946402072906494,3600,0.0,0.0
1992-03-20 00:00:00-05:00,2.3946402072906494,2.6440818003956394,2.3946402072906494,2.3946402072906494,4950,0.0,0.0
1992-03-23 00:00:00-05:00,2.6440818684894496,2.6440818684894496,2.3447518348693848,2.3447518348693848,600,0.0,0.0
1992-03-24 00:00:00-05:00,2.3447518348693848,2.3447518348693848,2.3447518348693848,2.3447518348693848,0,0.0,0.0
1992-03-25 00:00:00-05:00,2.3946402478350035,2.594193696975708,2.3946402478350035,2.594193696975708,2250,0.0,0.0
1992-03-26 00:00:00-05:00,2.594193696975708,2.594193696975708,2.594193696975708,2.594193696975708,0,0.0,0.0
1992-03-27 00:00:00-05:00,2.344752969206772,2.544306516647339,2.344752969206772,2.544306516647339,450,0.0,0.0
1992-03-30 00:00:00-05:00,2.3447518348693848,2.3447518348693848,2.3447518348693848,2.3447518348693848,300,0.0,0.0
1992-03-31 00:00:00-05:00,2.544306516647339,2.544306516647339,2.3946414274327896,2.544306516647339,1350,0.0,0.0
1992-04-01 00:00:00-05:00,2.544305220246315,2.544305220246315,2.3447517744843083,2.3946402072906494,3600,0.0,0.0
1992-04-02 00:00:00-05:00,2.344752969206772,2.544306516647339,2.344752969206772,2.544306516647339,3900,0.0,0.0
1992-04-03 00:00:00-05:00,2.544306516647339,2.544306516647339,2.544306516647339,2.544306516647339,0,0.0,0.0
1992-04-06 00:00:00-04:00,2.3447517744843083,2.544305220246315,2.3447517744843083,2.3946402072906494,6600,0.0,0.0
1992-04-07 00:00:00-04:00,2.3447518348693848,2.5443052857705495,2.3447518348693848,2.3447518348693848,3000,0.0,0.0
1992-04-08 00:00:00-04:00,2.344752969206772,2.544306516647339,2.344752969206772,2.544306516647339,1650,0.0,0.0
1992-04-09 00:00:00-04:00,2.3447518348693848,2.5443052857705495,2.3447518348693848,2.3447518348693848,1500,0.0,0.0
1992-04-10 00:00:00-04:00,2.544306507339216,2.544306507339216,2.3447529606286985,2.369697332382202,4050,0.0,0.0
1992-04-13 00:00:00-04:00,2.544306516647339,2.544306516647339,2.544306516647339,2.544306516647339,1200,0.0,0.0
1992-04-14 00:00:00-04:00,2.344752969206772,2.544306516647339,2.344752969206772,2.544306516647339,1050,0.0,0.0
1992-04-15 00:00:00-04:00,2.5443052857705495,2.5443052857705495,2.3447518348693848,2.3447518348693848,1800,0.0,0.0
1992-04-16 00:00:00-04:00,2.3447518348693848,2.5443052857705495,2.3447518348693848,2.3447518348693848,1050,0.0,0.0
1992-04-20 00:00:00-04:00,2.3447518348693848,2.3447518348693848,2.3447518348693848,2.3447518348693848,900,0.0,0.0
1992-04-21 00:00:00-04:00,2.5443052857705495,2.5443052857705495,2.3447518348693848,2.3447518348693848,1350,0.0,0.0
1992-04-22 00:00:00-04:00,2.3447518348693848,2.3447518348693848,2.3447518348693848,2.3447518348693848,4500,0.0,0.0
1992-04-23 00:00:00-04:00,2.344752969206772,2.544306516647339,2.344752969206772,2.544306516647339,3150,0.0,0.0
1992-04-24 00:00:00-04:00,2.544306516647339,2.544306516647339,2.4445298856588074,2.544306516647339,4350,0.0,0.0
1992-04-27 00:00:00-04:00,2.394640848796578,2.544305901846364,2.394640848796578,2.4445292949676514,3900,0.0,0.0
1992-04-28 00:00:00-04:00,2.494418144226074,2.494418144226074,2.344753049863239,2.494418144226074,8850,0.0,0.0
1992-04-29 00:00:00-04:00,2.3447518348693848,2.3447518348693848,2.3447518348693848,2.3447518348693848,2550,0.0,0.0
1992-04-30 00:00:00-04:00,2.544306516647339,2.544306516647339,2.544306516647339,2.544306516647339,300,0.0,0.0
1992-05-01 00:00:00-04:00,2.344752969206772,2.544306516647339,2.344752969206772,2.544306516647339,3600,0.0,0.0
1992-05-04 00:00:00-04:00,2.6440820693969727,2.6440820693969727,2.6440820693969727,2.6440820693969727,750,0.0,0.0
1992-05-05 00:00:00-04:00,2.594193696975708,2.594193696975708,2.344751814183987,2.594193696975708,1500,0.0,0.0
1992-05-06 00:00:00-04:00,2.3447518348693848,2.3447518348693848,2.3447518348693848,2.3447518348693848,1200,0.0,0.0
1992-05-07 00:00:00-04:00,2.3447518348693848,2.3447518348693848,2.3447518348693848,2.3447518348693848,1950,0.0,0.0
1992-05-08 00:00:00-04:00,2.5443052857705495,2.5443052857705495,2.3447518348693848,2.3447518348693848,1350,0.0,0.0
1992-05-11 00:00:00-04:00,2.344752969206772,2.544306516647339,2.344752969206772,2.544306516647339,750,0.0,0.0
1992-05-12 00:00:00-04:00,2.344752969206772,2.544306516647339,2.344752969206772,2.544306516647339,1350,0.0,0.0
1992-05-13 00:00:00-04:00,2.494418144226074,2.494418144226074,2.494418144226074,2.494418144226074,600,0.0,0.0
1992-05-14 00:00:00-04:00,2.5443052857705495,2.5443052857705495,2.3447518348693848,2.3447518348693848,1800,0.0,0.0
1992-05-15 00:00:00-04:00,2.4445292949676514,2.4445292949676514,2.4445292949676514,2.4445292949676514,750,0.0,0.0
1992-05-18 00:00:00-04:00,2.4445292949676514,2.4445292949676514,2.394640848796578,2.4445292949676514,8400,0.0,0.0
1992-05-19 00:00:00-04:00,2.44452870305165,2.44452870305165,2.3447518348693848,2.3447518348693848,3150,0.0,0.0
1992-05-20 00:00:00-04:00,2.4445299697474714,2.494418144226074,2.4445299697474714,2.494418144226074,750,0.0,0.0
1992-05-21 00:00:00-04:00,2.494418144226074,2.494418144226074,2.494418144226074,2.494418144226074,0,0.0,0.0
1992-05-22 00:00:00-04:00,2.494418144226074,2.494418144226074,2.494418144226074,2.494418144226074,300,0.0,0.0
1992-05-26 00:00:00-04:00,2.494418144226074,2.494418144226074,2.494418144226074,2.494418144226074,450,0.0,0.0
1992-05-27 00:00:00-04:00,2.3447518348693848,2.494416851679417,2.3447518348693848,2.3447518348693848,1650,0.0,0.0
1992-05-28 00:00:00-04:00,2.494418144226074,2.494418144226074,2.494418144226074,2.494418144226074,1200,0.0,0.0
1992-05-29 00:00:00-04:00,2.3946402478350035,2.594193696975708,2.3946402478350035,2.594193696975708,2250,0.0,0.0
1992-06-01 00:00:00-04:00,2.3841837132158945,2.6378204822540283,2.3841837132158945,2.6378204822540283,300,0.14333,0.0
1992-06-02 00:00:00-04:00,2.3841817378997803,2.6378182967977333,2.3841817378997803,2.3841817378997803,1800,0.0,0.0
1992-06-03 00:00:00-04:00,2.3841817378997803,2.3841817378997803,2.3841817378997803,2.3841817378997803,600,0.0,0.0
1992-06-04 00:00:00-04:00,2.3841817378997803,2.6378182967977333,2.3841817378997803,2.3841817378997803,2400,0.0,0.0
1992-06-05 00:00:00-04:00,2.536363557133038,2.536363557133038,2.3841817378997803,2.3841817378997803,4650,0.0,0.0
1992-06-08 00:00:00-04:00,2.5363636016845703,2.5363636016845703,2.38418177977822,2.5363636016845703,5700,0.0,0.0
1992-06-09 00:00:00-04:00,2.5363636016845703,2.5363636016845703,2.5363636016845703,2.5363636016845703,0,0.0,0.0
1992-06-10 00:00:00-04:00,2.5363636016845703,2.5363636016845703,2.5363636016845703,2.5363636016845703,600,0.0,0.0
1992-06-11 00:00:00-04:00,2.536363557133038,2.536363557133038,2.3841817378997803,2.3841817378997803,5250,0.0,0.0
1992-06-12 00:00:00-04:00,2.536363557133038,2.536363557133038,2.3841817378997803,2.3841817378997803,2250,0.0,0.0
1992-06-15 00:00:00-04:00,2.536363557133038,2.536363557133038,2.3841817378997803,2.3841817378997803,1350,0.0,0.0
1992-06-16 00:00:00-04:00,2.434908628463745,2.5363630578951586,2.434908628463745,2.434908628463745,13200,0.0,0.0
1992-06-17 00:00:00-04:00,2.5363636016845703,2.5363636016845703,2.5363636016845703,2.5363636016845703,2550,0.0,0.0
1992-06-18 00:00:00-04:00,2.536363557133038,2.536363557133038,2.3841817378997803,2.3841817378997803,1050,0.0,0.0
1992-06-19 00:00:00-04:00,2.58709092190447,2.58709092190447,2.4856364727020264,2.4856364727020264,4800,0.0,0.0
1992-06-22 00:00:00-04:00,2.5870914459228516,2.5870914459228516,2.536364065914848,2.5870914459228516,4650,0.0,0.0
1992-06-23 00:00:00-04:00,2.5870914459228516,2.5870914459228516,2.5870914459228516,2.5870914459228516,1050,0.0,0.0
1992-06-24 00:00:00-04:00,2.5870914459228516,2.5870914459228516,2.5870914459228516,2.5870914459228516,150,0.0,0.0
1992-06-25 00:00:00-04:00,2.3841817378997803,2.5870909269653857,2.3841817378997803,2.3841817378997803,1050,0.0,0.0
1992-06-26 00:00:00-04:00,2.3841822161546804,2.5870914459228516,2.3841822161546804,2.5870914459228516,450,0.0,0.0
1992-06-29 00:00:00-04:00,2.434909107732128,2.5870909269653857,2.3841817378997803,2.3841817378997803,4050,0.0,0.0
1992-06-30 00:00:00-04:00,2.3841822161546804,2.5870914459228516,2.3841822161546804,2.5870914459228516,3150,0.0,0.0
1992-07-01 00:00:00-04:00,2.4856359883113157,2.4856359883113157,2.434908628463745,2.434908628463745,1650,0.0,0.0
1992-07-02 00:00:00-04:00,2.5870914459228516,2.5870914459228516,2.5870914459228516,2.5870914459228516,750,0.0,0.0
1992-07-06 00:00:00-04:00,2.6378182967977333,2.6378182967977333,2.3841817378997803,2.3841817378997803,3900,0.0,0.0
1992-07-07 00:00:00-04:00,2.3841837132158945,2.6378204822540283,2.3841837132158945,2.6378204822540283,300,0.0,0.0
1992-07-08 00:00:00-04:00,2.5870909269653857,2.5870909269653857,2.3841817378997803,2.3841817378997803,2550,0.0,0.0
1992-07-09 00:00:00-04:00,2.3841822161546804,2.5870914459228516,2.3841822161546804,2.5870914459228516,1050,0.0,0.0
1992-07-10 00:00:00-04:00,2.3841817378997803,2.3841817378997803,2.3841817378997803,2.3841817378997803,1350,0.0,0.0
1992-07-13 00:00:00-04:00,2.3841817378997803,2.3841817378997803,2.3841817378997803,2.3841817378997803,450,0.0,0.0
1992-07-14 00:00:00-04:00,2.3841822161546804,2.5870914459228516,2.3841822161546804,2.5870914459228516,2400,0.0,0.0
1992-07-15 00:00:00-04:00,2.5870914459228516,2.5870914459228516,2.5870914459228516,2.5870914459228516,2700,0.0,0.0
1992-07-16 00:00:00-04:00,2.4856359883113157,2.587090417742729,2.434908628463745,2.434908628463745,900,0.0,0.0
1992-07-17 00:00:00-04:00,2.5870914459228516,2.5870914459228516,2.5870914459228516,2.5870914459228516,600,0.0,0.0
1992-07-20 00:00:00-04:00,2.3841822161546804,2.5870914459228516,2.3841822161546804,2.5870914459228516,1500,0.0,0.0
1992-07-21 00:00:00-04:00,2.434908628463745,2.434908628463745,2.434908628463745,2.434908628463745,1800,0.0,0.0
1992-07-22 00:00:00-04:00,2.5870914459228516,2.5870914459228516,2.3841822161546804,2.5870914459228516,1350,0.0,0.0
1992-07-23 00:00:00-04:00,2.4095455679478466,2.4095455679478466,2.3841817378997803,2.3841817378997803,1800,0.0,0.0
1992-07-24 00:00:00-04:00,2.5870914459228516,2.5870914459228516,2.5870914459228516,2.5870914459228516,750,0.0,0.0
1992-07-27 00:00:00-04:00,2.3841817378997803,2.5870909269653857,2.3841817378997803,2.3841817378997803,4800,0.0,0.0
1992-07-28 00:00:00-04:00,2.3841822161546804,2.5870914459228516,2.3841822161546804,2.5870914459228516,900,0.0,0.0
1992-07-29 00:00:00-04:00,2.434908628463745,2.587090417742729,2.434908628463745,2.434908628463745,3900,0.0,0.0
1992-07-30 00:00:00-04:00,2.6378189437943522,2.739273418079723,2.4856370872343674,2.511000633239746,7200,0.0,0.0
1992-07-31 00:00:00-04:00,2.4856364727020264,2.536363552171356,2.4856364727020264,2.4856364727020264,6750,0.0,0.0
1992-08-03 00:00:00-04:00,2.688545269530927,2.688545269530927,2.536363456344954,2.561727285385132,6300,0.0,0.0
1992-08-04 00:00:00-04:00,2.561727285385132,2.561727285385132,2.561727285385132,2.561727285385132,0,0.0,0.0
1992-08-05 00:00:00-04:00,2.536364065914848,2.7392732956830192,2.536364065914848,2.5870914459228516,20400,0.0,0.0
1992-08-06 00:00:00-04:00,2.7392732956830192,2.7392732956830192,2.5870914459228516,2.5870914459228516,1650,0.0,0.0
1992-08-07 00:00:00-04:00,2.5870930703935966,2.6378204822540283,2.5870930703935966,2.6378204822540283,2400,0.0,0.0
1992-08-10 00:00:00-04:00,2.587091574797759,2.815364360809326,2.587091574797759,2.815364360809326,9300,0.0,0.0
1992-08-11 00:00:00-04:00,2.8407295491677056,2.8407295491677056,2.5870930703935966,2.6378204822540283,3300,0.0,0.0
1992-08-12 00:00:00-04:00,2.5870930703935966,2.8407295491677056,2.5870930703935966,2.6378204822540283,2100,0.0,0.0
1992-08-13 00:00:00-04:00,2.790000675691023,2.790000675691023,2.5870914459228516,2.5870914459228516,9450,0.0,0.0
1992-08-14 00:00:00-04:00,2.7392728289076085,2.7900002002716064,2.7392728289076085,2.7900002002716064,3450,0.0,0.0
1992-08-17 00:00:00-04:00,2.7392730712890625,2.7392730712890625,2.6885456954365106,2.7392730712890625,9450,0.0,0.0
1992-08-18 00:00:00-04:00,2.739272836982901,2.739272836982901,2.6885454654693604,2.6885454654693604,900,0.0,0.0
1992-08-19 00:00:00-04:00,2.5870914459228516,2.5870914459228516,2.5870914459228516,2.5870914459228516,300,0.0,0.0
1992-08-20 00:00:00-04:00,2.7392738916531183,2.790001282697626,2.6378193998280084,2.7139103412628174,7050,0.0,0.0
1992-08-21 00:00:00-04:00,2.637818376443406,2.7900002002716064,2.637818376443406,2.7900002002716064,12900,0.0,0.0
1992-08-24 00:00:00-04:00,2.7392730712890625,2.7392730712890625,2.7392730712890625,2.7392730712890625,750,0.0,0.0
1992-08-25 00:00:00-04:00,2.7392730712890625,2.7900004471416144,2.7392730712890625,2.7392730712890625,20100,0.0,0.0
1992-08-26 00:00:00-04:00,2.7392730712890625,2.7392730712890625,2.7392730712890625,2.7392730712890625,0,0.0,0.0
1992-08-27 00:00:00-04:00,2.7392730712890625,2.7392730712890625,2.7392730712890625,2.7392730712890625,1200,0.0,0.0
1992-08-28 00:00:00-04:00,2.7392730963857552,2.8914549350738525,2.7392730963857552,2.8914549350738525,18750,0.0,0.0
1992-08-31 00:00:00-04:00,2.7297308444976807,2.7297308444976807,2.7297308444976807,2.7297308444976807,1650,0.14333,0.0
1992-09-01 00:00:00-04:00,2.8842427785359672,2.8842427785359672,2.6782256266685143,2.8327386379241943,5100,0.0,0.0
1992-09-02 00:00:00-04:00,2.7297308444976807,2.83273975579138,2.7297308444976807,2.7297308444976807,4500,0.0,0.0
1992-09-03 00:00:00-04:00,2.832739278737837,2.832739278737837,2.6782262325286865,2.6782262325286865,3600,0.0,0.0
1992-09-04 00:00:00-04:00,2.8327378828733485,2.935746431350708,2.8327378828733485,2.935746431350708,9000,0.0,0.0
1992-09-08 00:00:00-04:00,2.67822591574049,2.9357475307252674,2.67822591574049,2.7812345027923584,9600,0.0,0.0
1992-09-09 00:00:00-04:00,3.0902591050819166,3.0902591050819166,2.781233194573725,2.987250566482544,13200,0.0,0.0
1992-09-10 00:00:00-04:00,2.832737611228448,2.987250566482544,2.781233194573725,2.987250566482544,9150,0.0,0.0
1992-09-11 00:00:00-04:00,2.9872519716063075,2.9872519716063075,2.7812345027923584,2.7812345027923584,2400,0.0,0.0
1992-09-14 00:00:00-04:00,2.7812345027923584,2.7812345027923584,2.7812345027923584,2.7812345027923584,0,0.0,0.0
1992-09-15 00:00:00-04:00,2.7812345027923584,2.884243089844227,2.7812345027923584,2.7812345027923584,4950,0.0,0.0
1992-09-16 00:00:00-04:00,2.884243431000722,2.884243431000722,2.6782262325286865,2.6782262325286865,2250,0.0,0.0
1992-09-17 00:00:00-04:00,2.7812345027923584,2.7812345027923584,2.7812345027923584,2.7812345027923584,600,0.0,0.0
1992-09-18 00:00:00-04:00,2.935747213857921,2.935747213857921,2.8327386379241943,2.8327386379241943,4200,0.0,0.0
1992-09-21 00:00:00-04:00,2.8327378828733485,2.935746431350708,2.8327378828733485,2.935746431350708,7350,0.0,0.0
1992-09-22 00:00:00-04:00,2.935748178984376,2.935748178984376,2.884243726730347,2.8842437267303467,5550,0.0,0.0
1992-09-23 00:00:00-04:00,2.884243089844227,2.884243089844227,2.7812345027923584,2.7812345027923584,600,0.0,0.0
1992-09-24 00:00:00-04:00,2.8327395691865958,2.884243726730347,2.8327395691865958,2.8842437267303467,4050,0.0,0.0
1992-09-25 00:00:00-04:00,2.7812345027923584,2.7812345027923584,2.7812345027923584,2.7812345027923584,1650,0.0,0.0
1992-09-28 00:00:00-04:00,2.7812345027923584,2.884243089844227,2.7812345027923584,2.7812345027923584,3750,0.0,0.0
1992-09-29 00:00:00-04:00,2.8327395691865958,2.884243726730347,2.8327395691865958,2.8842437267303467,2250,0.0,0.0
1992-09-30 00:00:00-04:00,2.8842427785359672,2.8842427785359672,2.8327386379241943,2.8327386379241943,2400,0.0,0.0
1992-10-01 00:00:00-04:00,2.8842427785359672,2.8842427785359672,2.8327386379241943,2.8327386379241943,1200,0.0,0.0
1992-10-02 00:00:00-04:00,2.884243726730347,2.884243726730347,2.884243726730347,2.8842437267303467,1350,0.0,0.0
1992-10-05 00:00:00-04:00,2.8327395691865958,2.884243726730347,2.8327395691865958,2.8842437267303467,3450,0.0,0.0
1992-10-06 00:00:00-04:00,2.8842427785359672,2.8842427785359672,2.8327386379241943,2.8327386379241943,1650,0.0,0.0
1992-10-07 00:00:00-04:00,2.8327395691865958,2.935748178984376,2.8327395691865958,2.8842437267303467,2550,0.0,0.0
1992-10-08 00:00:00-04:00,2.935746431350708,2.935746431350708,2.8327378828733485,2.935746431350708,3150,0.0,0.0
1992-10-09 00:00:00-04:00,2.935746431350708,2.935746431350708,2.8327378828733485,2.935746431350708,11100,0.0,0.0
1992-10-12 00:00:00-04:00,2.8327395691865958,2.884243726730347,2.8327395691865958,2.8842437267303467,5250,0.0,0.0
1992-10-13 00:00:00-04:00,2.8842427785359672,2.8842427785359672,2.8327386379241943,2.8327386379241943,2700,0.0,0.0
1992-10-14 00:00:00-04:00,2.7812342026022407,2.8327386379241943,2.7812342026022407,2.8327386379241943,750,0.0,0.0
1992-10-15 00:00:00-04:00,2.7812345027923584,2.7812345027923584,2.7812345027923584,2.7812345027923584,1650,0.0,0.0
1992-10-16 00:00:00-04:00,2.7812351169325664,2.884243726730347,2.7812351169325664,2.8842437267303467,2550,0.0,0.0
1992-10-19 00:00:00-04:00,2.8069871957044423,2.884243726730347,2.7812351169325664,2.8842437267303467,7200,0.0,0.0
1992-10-20 00:00:00-04:00,2.7812351169325664,2.884243726730347,2.7812351169325664,2.8842437267303467,2850,0.0,0.0
1992-10-21 00:00:00-04:00,2.884243726730347,2.884243726730347,2.884243726730347,2.8842437267303467,1950,0.0,0.0
1992-10-22 00:00:00-04:00,2.884243089844227,2.884243089844227,2.7812345027923584,2.7812345027923584,2550,0.0,0.0
1992-10-23 00:00:00-04:00,2.884243726730347,2.884243726730347,2.8327395691865958,2.8842437267303467,7500,0.0,0.0
1992-10-26 00:00:00-05:00,2.884243726730347,2.884243726730347,2.884243726730347,2.8842437267303467,900,0.0,0.0
1992-10-27 00:00:00-05:00,2.8327386379241943,2.8584907082300806,2.8327386379241943,2.8327386379241943,11100,0.0,0.0
1992-10-28 00:00:00-05:00,2.8327395691865958,2.884243726730347,2.8327395691865958,2.8842437267303467,900,0.0,0.0
1992-10-29 00:00:00-05:00,2.8842427785359672,2.8842427785359672,2.8327386379241943,2.8327386379241943,4350,0.0,0.0
1992-10-30 00:00:00-05:00,2.8842427785359672,2.8842427785359672,2.8327386379241943,2.8327386379241943,1950,0.0,0.0
1992-11-02 00:00:00-05:00,2.8327386379241943,2.8327386379241943,2.8327386379241943,2.8327386379241943,4800,0.0,0.0
1992-11-03 00:00:00-05:00,2.729730061911318,2.7812345027923584,2.729730061911318,2.7812345027923584,4950,0.0,0.0
1992-11-04 00:00:00-05:00,2.7297308444976807,2.7297308444976807,2.7297308444976807,2.7297308444976807,600,0.0,0.0
1992-11-05 00:00:00-05:00,2.7297308444976807,2.7297308444976807,2.7297308444976807,2.7297308444976807,0,0.0,0.0
1992-11-06 00:00:00-05:00,2.7297308444976807,2.7297308444976807,2.7297308444976807,2.7297308444976807,0,0.0,0.0
1992-11-09 00:00:00-05:00,2.7297308444976807,2.7297308444976807,2.7297308444976807,2.7297308444976807,300,0.0,0.0
1992-11-10 00:00:00-05:00,2.729730061911318,2.7812345027923584,2.62672147485945,2.7812345027923584,7500,0.0,0.0
1992-11-11 00:00:00-05:00,2.781234831764704,2.781234831764704,2.6267217855555542,2.6782262325286865,1950,0.0,0.0
1992-11-12 00:00:00-05:00,2.6267211913465607,2.8327386379241943,2.6267211913465607,2.8327386379241943,750,0.0,0.0
1992-11-13 00:00:00-05:00,2.83273975579138,2.83273975579138,2.7297308444976807,2.7297308444976807,1050,0.0,0.0
1992-11-16 00:00:00-05:00,2.729729767280287,2.8327386379241943,2.729729767280287,2.8327386379241943,1650,0.0,0.0
1992-11-17 00:00:00-05:00,2.8327386379241943,2.8842427785359672,2.6267211913465607,2.8327386379241943,5550,0.0,0.0
1992-11-18 00:00:00-05:00,2.832740622344721,2.832740622344721,2.80698823928833,2.80698823928833,3150,0.0,0.0
1992-11-19 00:00:00-05:00,2.8327386379241943,2.8327386379241943,2.8327386379241943,2.8327386379241943,150,0.0,0.0
1992-11-20 00:00:00-05:00,2.67822591574049,2.832738943673399,2.67822591574049,2.7812345027923584,8400,0.0,0.0
1992-11-23 00:00:00-05:00,2.6782262325286865,2.781234831764704,2.6782262325286865,2.6782262325286865,2100,0.0,0.0
1992-11-24 00:00:00-05:00,2.832739278737837,2.832739278737837,2.6782262325286865,2.6782262325286865,7200,0.0,0.0
1992-11-25 00:00:00-05:00,2.7812351169325664,2.935748178984376,2.7297306646785375,2.8842437267303467,4950,0.0,0.0
1992-11-27 00:00:00-05:00,2.729729767280287,2.8327386379241943,2.729729767280287,2.8327386379241943,1650,0.0,0.0
1992-11-30 00:00:00-05:00,2.7812342026022407,2.8327386379241943,2.7812342026022407,2.8327386379241943,2550,0.0,0.0
1992-12-01 00:00:00-05:00,2.8327386379241943,2.8327386379241943,2.8327386379241943,2.8327386379241943,750,0.0,0.0
1992-12-02 00:00:00-05:00,2.7297308444976807,2.7297308444976807,2.7297308444976807,2.7297308444976807,450,0.0,0.0
1992-12-03 00:00:00-05:00,2.832739439554071,2.832739439554071,2.729730539759932,2.7554829120635986,3900,0.0,0.0
1992-12-04 00:00:00-05:00,2.755482912063599,2.755482912063599,2.755482912063599,2.7554829120635986,0,0.0,0.0
1992-12-07 00:00:00-05:00,2.8790183347430283,2.931363921148817,2.7743265628814697,2.7743265628814697,6150,0.14333,0.0
1992-12-08 00:00:00-05:00,2.7743265628814697,2.7743265628814697,2.7743265628814697,2.7743265628814697,0,0.0,0.0
1992-12-09 00:00:00-05:00,2.8266733441369762,2.852846145629883,2.8266733441369762,2.852846145629883,7200,0.0,0.0
1992-12-10 00:00:00-05:00,2.826672448812249,2.826672448812249,2.7743265628814697,2.7743265628814697,2250,0.0,0.0
1992-12-11 00:00:00-05:00,2.879016897970446,2.879016897970446,2.7219796180725098,2.7219796180725098,6000,0.0,0.0
1992-12-14 00:00:00-05:00,2.826671838760376,2.826671838760376,2.7219803890183,2.826671838760376,1650,0.0,0.0
1992-12-15 00:00:00-05:00,2.8266710381628535,2.8266710381628535,2.7219796180725098,2.7219796180725098,1950,0.0,0.0
1992-12-16 00:00:00-05:00,2.721980048336976,2.8790173530578613,2.721980048336976,2.8790173530578613,2850,0.0,0.0
1992-12-17 00:00:00-05:00,2.7743265628814697,2.8790183347430283,2.7743265628814697,2.7743265628814697,4050,0.0,0.0
1992-12-18 00:00:00-05:00,2.7743265628814697,2.7743265628814697,2.7743265628814697,2.7743265628814697,1500,0.0,0.0
1992-12-21 00:00:00-05:00,2.8790173530578613,2.8790173530578613,2.774325616894012,2.8790173530578613,5250,0.0,0.0
1992-12-22 00:00:00-05:00,2.826672448812249,2.8790183347430283,2.7743265628814697,2.7743265628814697,3000,0.0,0.0
1992-12-23 00:00:00-05:00,2.8790173530578613,2.8790173530578613,2.774325616894012,2.8790173530578613,4050,0.0,0.0
1992-12-24 00:00:00-05:00,2.8790173530578613,2.8790173530578613,2.8790173530578613,2.8790173530578613,600,0.0,0.0
1992-12-28 00:00:00-05:00,2.826671838760376,2.826671838760376,2.7219803890183,2.826671838760376,5550,0.0,0.0
1992-12-29 00:00:00-05:00,2.8266710381628535,2.8266710381628535,2.7219796180725098,2.7219796180725098,2850,0.0,0.0
1992-12-30 00:00:00-05:00,2.826671838760376,2.826671838760376,2.826671838760376,2.826671838760376,600,0.0,0.0
1992-12-31 00:00:00-05:00,2.8266710381628535,2.8266710381628535,2.7219796180725098,2.7219796180725098,1800,0.0,0.0
1993-01-04 00:00:00-05:00,2.7219803890183,2.826671838760376,2.7219803890183,2.826671838760376,12300,0.0,0.0
1993-01-05 00:00:00-05:00,2.8004996556093547,2.8528452420151433,2.7743265628814697,2.7743265628814697,12450,0.0,0.0
1993-01-06 00:00:00-05:00,2.8005005426440697,2.852846145629883,2.8005005426440697,2.852846145629883,4500,0.0,0.0
1993-01-07 00:00:00-05:00,2.852846145629883,2.852846145629883,2.8005005426440697,2.852846145629883,3300,0.0,0.0
1993-01-08 00:00:00-05:00,2.8266733441369762,2.852846145629883,2.8266733441369762,2.852846145629883,450,0.0,0.0
1993-01-11 00:00:00-05:00,2.8790186256611943,2.905191421508789,2.8790186256611943,2.905191421508789,5550,0.0,0.0
1993-01-12 00:00:00-05:00,2.852844269254455,2.9051901373363793,2.852844269254455,2.8790173530578613,10650,0.0,0.0
1993-01-13 00:00:00-05:00,2.852844269254455,2.8790173530578613,2.852844269254455,2.8790173530578613,1050,0.0,0.0
1993-01-14 00:00:00-05:00,2.9051896109815876,2.9313623905181885,2.9051896109815876,2.9313623905181885,1950,0.0,0.0
1993-01-15 00:00:00-05:00,2.931362425917299,2.9575355052948,2.931362425917299,2.9575355052948,5700,0.0,0.0
1993-01-18 00:00:00-05:00,2.9575354695796237,2.9575354695796237,2.9313623905181885,2.9313623905181885,3450,0.0,0.0
1993-01-19 00:00:00-05:00,2.9575354695796237,2.9575354695796237,2.9313623905181885,2.9313623905181885,900,0.0,0.0
1993-01-20 00:00:00-05:00,2.9313623905181885,2.9575354695796237,2.9313623905181885,2.9313623905181885,2100,0.0,0.0
1993-01-21 00:00:00-05:00,2.931362425917299,2.9837082851474634,2.931362425917299,2.9575355052948,3450,0.0,0.0
1993-01-22 00:00:00-05:00,2.9313623905181885,2.9575354695796237,2.9313623905181885,2.9313623905181885,2550,0.0,0.0
1993-01-25 00:00:00-05:00,2.9313629216148973,2.9313629216148973,2.8790173530578613,2.8790173530578613,1350,0.0,0.0
1993-01-26 00:00:00-05:00,2.852846145629883,2.8790192466478746,2.852846145629883,2.852846145629883,1050,0.0,0.0
1993-01-27 00:00:00-05:00,2.8790173530578613,2.8790173530578613,2.8790173530578613,2.8790173530578613,150,0.0,0.0
1993-01-28 00:00:00-05:00,2.905192048140781,2.905192048140781,2.852846145629883,2.852846145629883,1200,0.0,0.0
1993-01-29 00:00:00-05:00,2.852844269254455,2.9051901373363793,2.852844269254455,2.8790173530578613,4050,0.0,0.0
1993-02-01 00:00:00-05:00,2.852844269254455,2.9051901373363793,2.852844269254455,2.8790173530578613,3600,0.0,0.0
1993-02-02 00:00:00-05:00,2.8528455302885787,2.905191421508789,2.8528455302885787,2.905191421508789,6450,0.0,0.0
1993-02-03 00:00:00-05:00,2.8790192466478746,2.8790192466478746,2.852846145629883,2.852846145629883,3750,0.0,0.0
1993-02-04 00:00:00-05:00,2.8528446263146634,2.8790177133938766,2.826671838760376,2.826671838760376,8850,0.0,0.0
1993-02-05 00:00:00-05:00,2.8528446263146634,2.8528446263146634,2.826671838760376,2.826671838760376,750,0.0,0.0
1993-02-08 00:00:00-05:00,2.852844269254455,2.8790173530578613,2.852844269254455,2.8790173530578613,4950,0.0,0.0
1993-02-09 00:00:00-05:00,2.879016831444986,2.9313623905181885,2.879016831444986,2.9313623905181885,3300,0.0,0.0
1993-02-10 00:00:00-05:00,2.9313629216148973,2.9313629216148973,2.8790173530578613,2.8790173530578613,2850,0.0,0.0
1993-02-11 00:00:00-05:00,2.852843752383551,2.9313623905181885,2.852843752383551,2.9313623905181885,3300,0.0,0.0
1993-02-12 00:00:00-05:00,2.9313629216148973,2.9313629216148973,2.8790173530578613,2.8790173530578613,2700,0.0,0.0
1993-02-16 00:00:00-05:00,2.8528455302885787,2.905191421508789,2.8528455302885787,2.905191421508789,12150,0.0,0.0
1993-02-17 00:00:00-05:00,2.9051901373363793,2.9051901373363793,2.8790173530578613,2.8790173530578613,2700,0.0,0.0
1993-02-18 00:00:00-05:00,2.9051901373363793,2.9051901373363793,2.8790173530578613,2.8790173530578613,2250,0.0,0.0
1993-02-19 00:00:00-05:00,2.905191421508789,2.905191421508789,2.905191421508789,2.905191421508789,3150,0.0,0.0
1993-02-22 00:00:00-05:00,2.931362286493799,3.0098809218420683,2.931362286493799,2.983708143234253,5250,0.0,0.0
1993-02-23 00:00:00-05:00,2.983708143234253,2.983708143234253,2.931362286493799,2.983708143234253,1050,0.0,0.0
1993-02-24 00:00:00-05:00,3.0098809218420683,3.0098809218420683,2.983708143234253,2.983708143234253,5100,0.0,0.0
1993-02-25 00:00:00-05:00,3.0098812914409088,3.036054372787475,2.9837085096192024,3.0360543727874756,4350,0.0,0.0
1993-02-26 00:00:00-05:00,3.0098795890808105,3.0360526556241325,3.0098795890808105,3.0098795890808105,3600,0.0,0.0
1993-03-01 00:00:00-05:00,3.009882637492077,3.0884013175964355,3.009882637492077,3.0884013175964355,13800,0.0,0.0
1993-03-02 00:00:00-05:00,3.0884012340568985,3.11457432640038,3.0622284412384033,3.0622284412384033,4500,0.0,0.0
1993-03-03 00:00:00-05:00,3.0884016548554882,3.140747547149658,3.0884016548554882,3.140747547149658,9450,0.0,0.0
1993-03-04 00:00:00-05:00,3.1145730018615723,3.1669185652374923,3.1145730018615723,3.1145730018615723,6150,0.0,0.0
1993-03-05 00:00:00-05:00,3.0883999206487536,3.1145730018615723,3.0883999206487536,3.1145730018615723,22350,0.0,0.0
1993-03-08 00:00:00-05:00,3.13369369506836,3.13369369506836,3.13369369506836,3.1336936950683594,900,0.14333,0.0
1993-03-09 00:00:00-05:00,3.1336931959955026,3.1336931959955026,3.0540230274200444,3.054023027420044,8250,0.0,0.0
1993-03-10 00:00:00-05:00,3.080581285432275,3.1336945515123054,3.080581285432275,3.10713791847229,6150,0.0,0.0
1993-03-11 00:00:00-05:00,3.13369369506836,3.13369369506836,3.13369369506836,3.1336936950683594,3600,0.0,0.0
1993-03-12 00:00:00-05:00,3.1071379184722905,3.1336945515123054,3.1071379184722905,3.10713791847229,1200,0.0,0.0
1993-03-15 00:00:00-05:00,3.1071379184722905,3.1071379184722905,3.1071379184722905,3.10713791847229,900,0.0,0.0
1993-03-16 00:00:00-05:00,3.13369369506836,3.13369369506836,3.13369369506836,3.1336936950683594,3150,0.0,0.0
1993-03-17 00:00:00-05:00,3.133692512371728,3.133692512371728,3.0805792808532715,3.0805792808532715,6900,0.0,0.0
1993-03-18 00:00:00-05:00,3.1071370692863165,3.13369369506836,3.0805804435042736,3.1336936950683594,4350,0.0,0.0
1993-03-19 00:00:00-05:00,3.13369369506836,3.13369369506836,3.0805804435042736,3.1336936950683594,6600,0.0,0.0
1993-03-22 00:00:00-05:00,3.0805799528902464,3.1071365744428743,3.0540230274200444,3.054023027420044,10050,0.0,0.0
1993-03-23 00:00:00-05:00,3.080581285432275,3.1071379184722905,3.080581285432275,3.10713791847229,5100,0.0,0.0
1993-03-24 00:00:00-05:00,3.0805792808532715,3.0805792808532715,3.0540223611765356,3.0805792808532715,3450,0.0,0.0
1993-03-25 00:00:00-05:00,3.0805799528902464,3.0805799528902464,3.0540230274200444,3.054023027420044,1500,0.0,0.0
1993-03-26 00:00:00-05:00,3.0540230274200444,3.0540230274200444,3.0540230274200444,3.054023027420044,0,0.0,0.0
1993-03-29 00:00:00-05:00,3.0805799528902464,3.1071365744428743,3.0540230274200444,3.054023027420044,7200,0.0,0.0
1993-03-30 00:00:00-05:00,3.0540223611765356,3.0805792808532715,3.0540223611765356,3.0805792808532715,5400,0.0,0.0
1993-03-31 00:00:00-05:00,3.0540227597839547,3.0540227597839547,2.947795978964941,2.9743525981903076,17250,0.0,0.0
1993-04-01 00:00:00-05:00,3.0009097843147883,3.0540230274200444,3.0009097843147883,3.054023027420044,4650,0.0,0.0
1993-04-02 00:00:00-05:00,3.054022436728701,3.054022436728701,3.0274658203125,3.0274658203125,5550,0.0,0.0
1993-04-05 00:00:00-04:00,3.027466405867416,3.0540230274200444,3.027466405867416,3.054023027420044,2850,0.0,0.0
1993-04-06 00:00:00-04:00,3.0274657454173073,3.0805792808532715,3.0274657454173073,3.0805792808532715,7200,0.0,0.0
1993-04-07 00:00:00-04:00,3.0540230274200444,3.0805799528902464,3.0540230274200444,3.054023027420044,1500,0.0,0.0
1993-04-08 00:00:00-04:00,3.0805799528902464,3.0805799528902464,3.0009097843147883,3.054023027420044,7350,0.0,0.0
1993-04-12 00:00:00-04:00,3.054022436728701,3.054022436728701,3.000909203896299,3.0274658203125,8550,0.0,0.0
1993-04-13 00:00:00-04:00,3.0540230274200444,3.0540230274200444,3.027466405867416,3.054023027420044,4050,0.0,0.0
1993-04-14 00:00:00-04:00,3.054022436728701,3.054022436728701,3.0274658203125,3.0274658203125,4650,0.0,0.0
1993-04-15 00:00:00-04:00,3.054022436728701,3.054022436728701,3.000909203896299,3.0274658203125,11700,0.0,0.0
1993-04-16 00:00:00-04:00,3.0274658203125,3.0274658203125,3.0274658203125,3.0274658203125,1050,0.0,0.0
1993-04-19 00:00:00-04:00,3.027466405867416,3.0540230274200444,3.027466405867416,3.054023027420044,2850,0.0,0.0
1993-04-20 00:00:00-04:00,3.0540230274200444,3.0540230274200444,3.027466405867416,3.054023027420044,7650,0.0,0.0
1993-04-21 00:00:00-04:00,3.054022436728701,3.054022436728701,3.000909203896299,3.0274658203125,6900,0.0,0.0
1993-04-22 00:00:00-04:00,3.0274658203125,3.054022436728701,3.000909203896299,3.0274658203125,5250,0.0,0.0
1993-04-23 00:00:00-04:00,3.000908851623535,3.054022078221045,3.000908851623535,3.000908851623535,4950,0.0,0.0
1993-04-26 00:00:00-04:00,3.0540230274200444,3.0540230274200444,3.0009097843147883,3.054023027420044,28650,0.0,0.0
1993-04-27 00:00:00-04:00,3.0540230274200444,3.0540230274200444,3.0009097843147883,3.054023027420044,4950,0.0,0.0
1993-04-28 00:00:00-04:00,3.0540230274200444,3.0540230274200444,3.0009097843147883,3.054023027420044,2100,0.0,0.0
1993-04-29 00:00:00-04:00,3.0274658203125,3.054022436728701,3.000909203896299,3.0274658203125,5700,0.0,0.0
1993-04-30 00:00:00-04:00,3.0540230274200444,3.0540230274200444,3.027466405867416,3.054023027420044,1950,0.0,0.0
1993-05-03 00:00:00-04:00,3.0540223611765356,3.0805792808532715,3.0274657454173073,3.0805792808532715,4500,0.0,0.0
1993-05-04 00:00:00-04:00,3.0805792808532715,3.1071358966125,3.0540223611765356,3.0805792808532715,3600,0.0,0.0
1993-05-05 00:00:00-04:00,3.1071365744428743,3.1071365744428743,3.0540230274200444,3.054023027420044,6600,0.0,0.0
1993-05-06 00:00:00-04:00,3.0540223611765356,3.0805792808532715,3.0540223611765356,3.0805792808532715,2100,0.0,0.0
1993-05-07 00:00:00-04:00,3.1071365744428743,3.1071365744428743,3.0540230274200444,3.054023027420044,6150,0.0,0.0
1993-05-10 00:00:00-04:00,3.080581285432275,3.1336945515123054,3.080581285432275,3.10713791847229,7050,0.0,0.0
1993-05-11 00:00:00-04:00,3.1071366387972588,3.160250186920166,3.1071366387972588,3.160250186920166,3900,0.0,0.0
1993-05-12 00:00:00-04:00,3.160250186920166,3.160250186920166,3.133693260899922,3.160250186920166,4200,0.0,0.0
1993-05-13 00:00:00-04:00,3.160250186920166,3.160250186920166,3.160250186920166,3.160250186920166,750,0.0,0.0
1993-05-14 00:00:00-04:00,3.1602506247680253,3.1602506247680253,3.13369369506836,3.1336936950683594,1050,0.0,0.0
1993-05-17 00:00:00-04:00,3.160250186920166,3.160250186920166,3.133693260899922,3.160250186920166,1050,0.0,0.0
1993-05-18 00:00:00-04:00,3.1602514884700263,3.1602514884700263,3.1071379184722905,3.10713791847229,1650,0.0,0.0
1993-05-19 00:00:00-04:00,3.13369369506836,3.13369369506836,3.1071370692863165,3.1336936950683594,3750,0.0,0.0
1993-05-20 00:00:00-04:00,3.1071379184722905,3.1336945515123054,3.1071379184722905,3.10713791847229,3600,0.0,0.0
1993-05-21 00:00:00-04:00,3.1071370692863165,3.13369369506836,3.0805804435042736,3.1336936950683594,1800,0.0,0.0
1993-05-24 00:00:00-04:00,3.1071358966125,3.133692512371728,3.0805792808532715,3.0805792808532715,2850,0.0,0.0
1993-05-25 00:00:00-04:00,3.1071365744428743,3.1071365744428743,3.0540230274200444,3.054023027420044,4650,0.0,0.0
1993-05-26 00:00:00-04:00,3.0805792808532715,3.1071358966125,3.0805792808532715,3.0805792808532715,1050,0.0,0.0
1993-05-27 00:00:00-04:00,3.1071358966125,3.1071358966125,3.0805792808532715,3.0805792808532715,6600,0.0,0.0
1993-05-28 00:00:00-04:00,3.1071379184722905,3.1071379184722905,3.1071379184722905,3.10713791847229,3450,0.0,0.0
1993-06-01 00:00:00-04:00,3.1071379184722905,3.1071379184722905,3.080581285432275,3.10713791847229,750,0.0,0.0
1993-06-02 00:00:00-04:00,3.133693260899922,3.160250186920166,3.133693260899922,3.160250186920166,11250,0.0,0.0
1993-06-03 00:00:00-04:00,3.1336947739344168,3.1868083477020264,3.1336947739344168,3.1868083477020264,13050,0.0,0.0
1993-06-04 00:00:00-04:00,3.186807250550068,3.186807250550068,3.13369369506836,3.1336936950683594,6300,0.0,0.0
1993-06-07 00:00:00-04:00,3.12614473178166,3.12614473178166,3.0991950035095215,3.0991950035095215,3000,0.14333,0.0
1993-06-08 00:00:00-04:00,3.099195392778314,3.126145124435425,3.099195392778314,3.126145124435425,3450,0.0,0.0
1993-06-09 00:00:00-04:00,3.126145124435425,3.126145124435425,3.126145124435425,3.126145124435425,450,0.0,0.0
1993-06-10 00:00:00-04:00,3.099195392778314,3.153094547679686,3.099195392778314,3.126145124435425,1350,0.0,0.0
1993-06-11 00:00:00-04:00,3.153094547679686,3.153094547679686,3.0722459695340527,3.126145124435425,5550,0.0,0.0
1993-06-14 00:00:00-04:00,3.12614473178166,3.153094151640988,3.0991950035095215,3.0991950035095215,2550,0.0,0.0
1993-06-15 00:00:00-04:00,3.099195392778314,3.126145124435425,3.099195392778314,3.126145124435425,1200,0.0,0.0
1993-06-16 00:00:00-04:00,3.153094547679686,3.153094547679686,3.126145124435425,3.126145124435425,3900,0.0,0.0
1993-06-17 00:00:00-04:00,3.153094151640988,3.153094151640988,3.0991950035095215,3.0991950035095215,1800,0.0,0.0
1993-06-18 00:00:00-04:00,3.072246551513672,3.072246551513672,3.072246551513672,3.072246551513672,1800,0.0,0.0
1993-06-21 00:00:00-04:00,3.0452977491120543,3.0452977491120543,2.991398572921753,2.991398572921753,4800,0.0,0.0
1993-06-22 00:00:00-04:00,3.0183475017547607,3.0183475017547607,3.0183475017547607,3.0183475017547607,1950,0.0,0.0
1993-06-23 00:00:00-04:00,3.0183475017547607,3.0183475017547607,2.9913980723755045,3.0183475017547607,3150,0.0,0.0
1993-06-24 00:00:00-04:00,2.9913980723755045,3.0183475017547607,2.9913980723755045,3.0183475017547607,2250,0.0,0.0
1993-06-25 00:00:00-04:00,3.0452977491120543,3.0452977491120543,2.991398572921753,2.991398572921753,2250,0.0,0.0
1993-06-28 00:00:00-04:00,3.018349006555761,3.0452987577837636,2.9644501209259033,2.9644501209259033,7200,0.0,0.0
1993-06-29 00:00:00-04:00,2.964449139033088,2.991398572921753,2.964449139033088,2.991398572921753,7350,0.0,0.0
1993-06-30 00:00:00-04:00,2.991399563740832,2.991399563740832,2.9375003696979007,2.9644501209259033,7950,0.0,0.0
1993-07-01 00:00:00-04:00,2.964449139033088,2.991398572921753,2.964449139033088,2.991398572921753,7800,0.0,0.0
1993-07-02 00:00:00-04:00,3.0183480068104176,3.0183480068104176,2.991398572921753,2.991398572921753,4050,0.0,0.0
1993-07-06 00:00:00-04:00,2.9913994669914246,2.9913994669914246,2.910550832748413,2.910550832748413,9000,0.0,0.0
1993-07-07 00:00:00-04:00,2.9644501209259033,2.991399563740832,2.910550926882972,2.9644501209259033,13800,0.0,0.0
1993-07-08 00:00:00-04:00,2.9644501209259033,2.9644501209259033,2.9375003696979007,2.9644501209259033,6300,0.0,0.0
1993-07-09 00:00:00-04:00,2.964449139033088,2.991398572921753,2.964449139033088,2.991398572921753,51600,0.0,0.0
1993-07-12 00:00:00-04:00,2.991399563740832,2.991399563740832,2.9644501209259033,2.9644501209259033,4800,0.0,0.0
1993-07-13 00:00:00-04:00,2.991399563740832,2.991399563740832,2.9375003696979007,2.9644501209259033,14400,0.0,0.0
1993-07-14 00:00:00-04:00,2.9913979580527856,3.072246551513672,2.9644485297034597,3.072246551513672,135150,0.0,0.0
1993-07-15 00:00:00-04:00,3.0722455836501936,3.0991950035095215,3.0722455836501936,3.0991950035095215,11400,0.0,0.0
1993-07-16 00:00:00-04:00,3.099195392778314,3.126145124435425,3.099195392778314,3.126145124435425,13800,0.0,0.0
1993-07-19 00:00:00-04:00,3.153096700403409,3.2878445254472246,3.153096700403409,3.260894775390625,14700,0.0,0.0
1993-07-20 00:00:00-04:00,3.2608957650323482,3.422593080792847,3.2608957650323482,3.3417444229125977,14100,0.0,0.0
1993-07-21 00:00:00-04:00,3.3686928059359498,3.3686928059359498,3.287844181060791,3.287844181060791,4650,0.0,0.0
1993-07-22 00:00:00-04:00,3.3147949730902324,3.3417444229125977,3.3147949730902324,3.3417444229125977,4800,0.0,0.0
1993-07-23 00:00:00-04:00,3.287845523267867,3.3417444229125977,3.287845523267867,3.3417444229125977,6450,0.0,0.0
1993-07-26 00:00:00-04:00,3.341742544568283,3.3686922876557484,3.2878436752193143,3.314793109893799,9750,0.0,0.0
1993-07-27 00:00:00-04:00,3.3417430587022112,3.3417430587022112,3.287844181060791,3.287844181060791,9900,0.0,0.0
1993-07-28 00:00:00-04:00,3.287845523267867,3.3417444229125977,3.287845523267867,3.3417444229125977,7050,0.0,0.0
1993-07-29 00:00:00-04:00,3.3417430587022112,3.3417430587022112,3.287844181060791,3.287844181060791,1500,0.0,0.0
1993-07-30 00:00:00-04:00,3.3147939670907633,3.3147939670907633,3.2608947753906254,3.260894775390625,3600,0.0,0.0
1993-08-02 00:00:00-04:00,3.3147939670907633,3.3147939670907633,3.2608947753906254,3.260894775390625,2550,0.0,0.0
1993-08-03 00:00:00-04:00,3.287845523267867,3.368694181148117,3.287845523267867,3.3417444229125977,3600,0.0,0.0
1993-08-04 00:00:00-04:00,3.3686930779999784,3.3956425189971924,3.3686930779999784,3.3956425189971924,2400,0.0,0.0
1993-08-05 00:00:00-04:00,3.395642794932776,3.395642794932776,3.3417436001453567,3.3686933517456055,6300,0.0,0.0
1993-08-06 00:00:00-04:00,3.395643630970482,3.395643630970482,3.3417444229125977,3.3417444229125977,3150,0.0,0.0
1993-08-09 00:00:00-04:00,3.3147941569581865,3.395642794932776,3.3147941569581865,3.3686933517456055,2400,0.0,0.0
1993-08-10 00:00:00-04:00,3.3686933517456055,3.3686933517456055,3.3686933517456055,3.3686933517456055,0,0.0,0.0
1993-08-11 00:00:00-04:00,3.3956425189971924,3.3956425189971924,3.3956425189971924,3.3956425189971924,2700,0.0,0.0
1993-08-12 00:00:00-04:00,3.4225926399230957,3.4225926399230957,3.3956431935721327,3.4225926399230957,10650,0.0,0.0
1993-08-13 00:00:00-04:00,3.4225926399230957,3.4225926399230957,3.4225926399230957,3.4225926399230957,3750,0.0,0.0
1993-08-16 00:00:00-04:00,3.4495415687561035,3.4495415687561035,3.4225918204446617,3.4495415687561035,2550,0.0,0.0
1993-08-17 00:00:00-04:00,3.4495423946871733,3.4495423946871733,3.3956431935721327,3.4225926399230957,1350,0.0,0.0
1993-08-18 00:00:00-04:00,3.4495415687561035,3.4495415687561035,3.4225918204446617,3.4495415687561035,1650,0.0,0.0
1993-08-19 00:00:00-04:00,3.4225918204446617,3.4495415687561035,3.4225918204446617,3.4495415687561035,9750,0.0,0.0
1993-08-20 00:00:00-04:00,3.4225926399230957,3.4495423946871733,3.4225926399230957,3.4225926399230957,2700,0.0,0.0
1993-08-23 00:00:00-04:00,3.4225922381199467,3.4495419897201955,3.3417436001453567,3.3686933517456055,14400,0.0,0.0
1993-08-24 00:00:00-04:00,3.3417433285897116,3.3956425189971924,3.3417433285897116,3.3956425189971924,6300,0.0,0.0
1993-08-25 00:00:00-04:00,3.4225919599944064,3.4495417094046736,3.3686930779999784,3.3956425189971924,4800,0.0,0.0
1993-08-26 00:00:00-04:00,3.4225918204446617,3.4764910086545044,3.3956423805462603,3.4495415687561035,4050,0.0,0.0
1993-08-27 00:00:00-04:00,3.4225918204446617,3.4495415687561035,3.4225918204446617,3.4495415687561035,2850,0.0,0.0
1993-08-30 00:00:00-04:00,3.4764910086545044,3.5303901968643476,3.4495415687561035,3.4495415687561035,6600,0.0,0.0
1993-08-31 00:00:00-04:00,3.4764911773092173,3.503440618515014,3.44954173610342,3.5034406185150146,7800,0.0,0.0
1993-09-01 00:00:00-04:00,3.5034416967833675,3.557340904196793,3.5034416967833675,3.5303914546966553,6750,0.0,0.0
1993-09-02 00:00:00-04:00,3.5573390324910483,3.6381876468658447,3.5573390324910483,3.6381876468658447,6150,0.0,0.0
1993-09-03 00:00:00-04:00,3.657842419113159,3.7397344112396236,3.6305448801422315,3.739734411239624,5100,0.14333,0.0
1993-09-07 00:00:00-04:00,3.739732359030172,3.7943267822265625,3.739732359030172,3.7943267822265625,14850,0.0,0.0
1993-09-08 00:00:00-04:00,3.7397322223139877,3.7670294329142586,3.630542755126953,3.630542755126953,26700,0.0,0.0
1993-09-09 00:00:00-04:00,3.603245544526682,3.630542755126953,3.5759483339264113,3.630542755126953,8700,0.0,0.0
1993-09-10 00:00:00-04:00,3.6305451252509253,3.6851398944854736,3.6305451252509253,3.6851398944854736,7800,0.0,0.0
1993-09-13 00:00:00-04:00,3.712436608548555,3.712436608548555,3.630544622239446,3.6578421592712402,9900,0.0,0.0
1993-09-14 00:00:00-04:00,3.6578421592712402,3.6578421592712402,3.6578421592712402,3.6578421592712402,1350,0.0,0.0
1993-09-15 00:00:00-04:00,3.6578421592712402,3.6578421592712402,3.630544622239446,3.6578421592712402,3450,0.0,0.0
1993-09-16 00:00:00-04:00,3.6578417559308996,3.712436199188233,3.6578417559308996,3.7124361991882324,8100,0.0,0.0
1993-09-17 00:00:00-04:00,3.657840597927529,3.767029762268066,3.657840597927529,3.7670297622680664,8550,0.0,0.0
1993-09-20 00:00:00-04:00,3.767030954838668,3.767030954838668,3.712436199188233,3.7124361991882324,12900,0.0,0.0
1993-09-21 00:00:00-04:00,3.739734663720022,3.739734663720022,3.6851398944854736,3.6851398944854736,7800,0.0,0.0
1993-09-22 00:00:00-04:00,3.739733733210001,3.739733733210001,3.712436199188233,3.7124361991882324,9450,0.0,0.0
1993-09-23 00:00:00-04:00,3.6851398944854736,3.6851398944854736,3.6305451252509253,3.6851398944854736,2250,0.0,0.0
1993-09-24 00:00:00-04:00,3.685138977559566,3.712436199188233,3.685138977559566,3.7124361991882324,1650,0.0,0.0
1993-09-27 00:00:00-04:00,3.6851393839098976,3.6851393839098976,3.6578421592712402,3.6578421592712402,2850,0.0,0.0
1993-09-28 00:00:00-04:00,3.712436608548555,3.712436608548555,3.6578421592712402,3.6578421592712402,3600,0.0,0.0
1993-09-29 00:00:00-04:00,3.6851398944854736,3.712437122906158,3.6578426660647896,3.6851398944854736,3750,0.0,0.0
1993-09-30 00:00:00-04:00,3.7124373562931536,3.821626901626587,3.7124373562931536,3.821626901626587,7650,0.0,0.0
1993-10-01 00:00:00-04:00,3.7943288643951614,3.7943288643951614,3.7124368722686967,3.739734411239624,9150,0.0,0.0
1993-10-04 00:00:00-04:00,3.712436199188233,3.739733733210001,3.6578417559308996,3.7124361991882324,4350,0.0,0.0
1993-10-05 00:00:00-04:00,3.739733733210001,3.739733733210001,3.712436199188233,3.7124361991882324,4950,0.0,0.0
1993-10-06 00:00:00-04:00,3.7397344112396236,3.7397344112396236,3.7124368722686967,3.739734411239624,7200,0.0,0.0
1993-10-07 00:00:00-04:00,3.712437122906158,3.712437122906158,3.6851398944854736,3.6851398944854736,1500,0.0,0.0
1993-10-08 00:00:00-04:00,3.712437122906158,3.712437122906158,3.6851398944854736,3.6851398944854736,1350,0.0,0.0
1993-10-11 00:00:00-04:00,3.712436199188233,3.712436199188233,3.712436199188233,3.7124361991882324,150,0.0,0.0
1993-10-12 00:00:00-04:00,3.6851393839098976,3.6851393839098976,3.6578421592712402,3.6578421592712402,2100,0.0,0.0
1993-10-13 00:00:00-04:00,3.6578421592712402,3.6851393839098976,3.630544622239446,3.6578421592712402,2100,0.0,0.0
1993-10-14 00:00:00-04:00,3.6578421592712402,3.6578421592712402,3.6578421592712402,3.6578421592712402,1500,0.0,0.0
1993-10-15 00:00:00-04:00,3.6578417559308996,3.712436199188233,3.6578417559308996,3.7124361991882324,12900,0.0,0.0
1993-10-18 00:00:00-04:00,3.712436199188233,3.712436199188233,3.712436199188233,3.7124361991882324,4200,0.0,0.0
1993-10-19 00:00:00-04:00,3.712436199188233,3.739733733210001,3.712436199188233,3.7124361991882324,1950,0.0,0.0
1993-10-20 00:00:00-04:00,3.7124368722686967,3.7397344112396236,3.7124368722686967,3.739734411239624,1950,0.0,0.0
1993-10-21 00:00:00-04:00,3.739733733210001,3.739733733210001,3.685138977559566,3.7124361991882324,17700,0.0,0.0
1993-10-22 00:00:00-04:00,3.6851393839098976,3.6851393839098976,3.6578421592712402,3.6578421592712402,1650,0.0,0.0
1993-10-25 00:00:00-04:00,3.6851393839098976,3.6851393839098976,3.6578421592712402,3.6578421592712402,3150,0.0,0.0
1993-10-26 00:00:00-04:00,3.6578402781201995,3.6851374887204704,3.630542755126953,3.630542755126953,4050,0.0,0.0
1993-10-27 00:00:00-04:00,3.630542755126953,3.630542755126953,3.630542755126953,3.630542755126953,1500,0.0,0.0
1993-10-28 00:00:00-04:00,3.6851393839098976,3.6851393839098976,3.6578421592712402,3.6578421592712402,1650,0.0,0.0
1993-10-29 00:00:00-04:00,3.6305448801422315,3.7397344112396236,3.6305448801422315,3.739734411239624,62250,0.0,0.0
1993-11-01 00:00:00-05:00,3.739733162525826,3.739733162525826,3.6032464504241943,3.6032464504241943,7200,0.0,0.0
1993-11-02 00:00:00-05:00,3.6032464504241943,3.6032464504241943,3.6032464504241943,3.6032464504241943,6000,0.0,0.0
1993-11-03 00:00:00-05:00,3.6578394487427013,3.6851366531536116,3.5759475231170654,3.5759475231170654,3000,0.0,0.0
1993-11-04 00:00:00-05:00,3.5759501860575407,3.5759501860575407,3.548652648925781,3.5486526489257812,1200,0.0,0.0
1993-11-05 00:00:00-05:00,3.5213546355410026,3.5213546355410026,3.439462667272607,3.4940574169158936,6000,0.0,0.0
1993-11-08 00:00:00-05:00,3.4394621120630093,3.4394621120630093,3.3029754161834712,3.3029754161834717,10800,0.0,0.0
1993-11-09 00:00:00-05:00,3.35757015701389,3.35757015701389,3.24838098774607,3.3029754161834717,4500,0.0,0.0
1993-11-10 00:00:00-05:00,3.2756786416576373,3.384867825581872,3.2756786416576373,3.330273389816284,4800,0.0,0.0
1993-11-11 00:00:00-05:00,3.3575699785469415,3.3848671913146973,3.3575699785469415,3.3848671913146973,300,0.0,0.0
1993-11-12 00:00:00-05:00,3.4121642112731934,3.4121642112731934,3.4121642112731934,3.4121642112731934,450,0.0,0.0
1993-11-15 00:00:00-05:00,3.3848672082851974,3.4394619464874268,3.3848672082851974,3.4394619464874268,2550,0.0,0.0
1993-11-16 00:00:00-05:00,3.4394619464874268,3.4394619464874268,3.4394619464874268,3.4394619464874268,3900,0.0,0.0
1993-11-17 00:00:00-05:00,3.4940574169158936,3.4940574169158936,3.4940574169158936,3.4940574169158936,750,0.0,0.0
1993-11-18 00:00:00-05:00,3.4940561498446066,3.4940561498446066,3.4121642112731934,3.4121642112731934,1350,0.0,0.0
1993-11-19 00:00:00-05:00,3.494056510078185,3.5213537216186523,3.494056510078185,3.5213537216186523,4650,0.0,0.0
1993-11-22 00:00:00-05:00,3.5213546355410026,3.548651854166112,3.4940574169158936,3.4940574169158936,900,0.0,0.0
1993-11-23 00:00:00-05:00,3.466759094918416,3.466759094918416,3.357569932937622,3.357569932937622,5850,0.0,0.0
1993-11-24 00:00:00-05:00,3.357569932937622,3.357569932937622,3.357569932937622,3.357569932937622,0,0.0,0.0
1993-11-26 00:00:00-05:00,3.357569932937622,3.357569932937622,3.357569932937622,3.357569932937622,0,0.0,0.0
1993-11-29 00:00:00-05:00,3.412164733582813,3.4394619464874268,3.412164733582813,3.4394619464874268,3450,0.0,0.0
1993-11-30 00:00:00-05:00,3.3848671913146973,3.3848671913146973,3.3848671913146973,3.3848671913146973,1500,0.0,0.0
1993-12-01 00:00:00-05:00,3.4394619464874268,3.4394619464874268,3.4394619464874268,3.4394619464874268,2550,0.0,0.0
1993-12-02 00:00:00-05:00,3.4121642112731934,3.4121642112731934,3.4121642112731934,3.4121642112731934,600,0.0,0.0
1993-12-03 00:00:00-05:00,3.3848671913146973,3.3848671913146973,3.3848671913146973,3.3848671913146973,900,0.0,0.0
1993-12-06 00:00:00-05:00,3.404796550050737,3.432477717219702,3.3494338989257812,3.3494338989257812,5250,0.14333,0.0
1993-12-07 00:00:00-05:00,3.404795408248902,3.404795408248902,3.404795408248902,3.4047954082489014,1050,0.0,0.0
1993-12-08 00:00:00-05:00,3.3494356584845115,3.4324795204038567,3.3494356584845115,3.377117156982422,2700,0.0,0.0
1993-12-09 00:00:00-05:00,3.4324782314651463,3.4878408908843994,3.4324782314651463,3.4878408908843994,3000,0.0,0.0
1993-12-10 00:00:00-05:00,3.4324782314651463,3.4878408908843994,3.4324782314651463,3.4878408908843994,1350,0.0,0.0
1993-12-13 00:00:00-05:00,3.487840363682173,3.487840363682173,3.432477712631225,3.4324777126312256,2700,0.0,0.0
1993-12-14 00:00:00-05:00,3.487839198693997,3.487839198693997,3.404795408248902,3.4047954082489014,4050,0.0,0.0
1993-12-15 00:00:00-05:00,3.432477712631225,3.432477712631225,3.432477712631225,3.4324777126312256,150,0.0,0.0
1993-12-16 00:00:00-05:00,3.43247656613496,3.43247656613496,3.3771142503628435,3.4047954082489014,3600,0.0,0.0
1993-12-17 00:00:00-05:00,3.3771142503628435,3.404795408248902,3.3771142503628435,3.4047954082489014,600,0.0,0.0
1993-12-20 00:00:00-05:00,3.404796550050737,3.404796550050737,3.3494338989257812,3.3494338989257812,300,0.0,0.0
1993-12-21 00:00:00-05:00,3.432477717219702,3.432477717219702,3.321752731756817,3.3494338989257812,14700,0.0,0.0
1993-12-22 00:00:00-05:00,3.32175284243823,3.349434010529536,3.2940716743469234,3.294071674346924,2250,0.0,0.0
1993-12-23 00:00:00-05:00,3.32175284243823,3.32175284243823,3.2940716743469234,3.294071674346924,5550,0.0,0.0
1993-12-27 00:00:00-05:00,3.3217530250549316,3.3217530250549316,3.3217530250549316,3.3217530250549316,450,0.0,0.0
1993-12-28 00:00:00-05:00,3.3494338989257812,3.3494338989257812,3.321752731756817,3.3494338989257812,1350,0.0,0.0
1993-12-29 00:00:00-05:00,3.321752731756817,3.3494338989257812,3.321752731756817,3.3494338989257812,4500,0.0,0.0
1993-12-30 00:00:00-05:00,3.377117156982422,3.377117156982422,3.3217544767737945,3.377117156982422,2100,0.0,0.0
1993-12-31 00:00:00-05:00,3.3217516178038062,3.404795408248902,3.3217516178038062,3.4047954082489014,9900,0.0,0.0
1994-01-03 00:00:00-05:00,3.3494338989257812,3.3494338989257812,3.3494338989257812,3.3494338989257812,1950,0.0,0.0
1994-01-04 00:00:00-05:00,3.3494338989257812,3.3494338989257812,3.3494338989257812,3.3494338989257812,150,0.0,0.0
1994-01-05 00:00:00-05:00,3.3771156810681986,3.3771156810681986,3.3217530250549316,3.3217530250549316,1650,0.0,0.0
1994-01-06 00:00:00-05:00,3.3494338989257812,3.3494338989257812,3.321752731756817,3.3494338989257812,1950,0.0,0.0
1994-01-07 00:00:00-05:00,3.3494338989257812,3.3494338989257812,3.3494338989257812,3.3494338989257812,1950,0.0,0.0
1994-01-10 00:00:00-05:00,3.3771156810681986,3.3771156810681986,3.3217530250549316,3.3217530250549316,1950,0.0,0.0
1994-01-11 00:00:00-05:00,3.294071855441825,3.3494341946680377,3.294071855441825,3.3217530250549316,2100,0.0,0.0
1994-01-12 00:00:00-05:00,3.2940716743469234,3.2940716743469234,3.2940716743469234,3.294071674346924,2550,0.0,0.0
1994-01-13 00:00:00-05:00,3.2940716743469234,3.2940716743469234,3.2940716743469234,3.294071674346924,300,0.0,0.0
1994-01-14 00:00:00-05:00,3.294071855441825,3.3217530250549316,3.294071855441825,3.3217530250549316,1800,0.0,0.0
1994-01-17 00:00:00-05:00,3.294071855441825,3.3217530250549316,3.294071855441825,3.3217530250549316,4800,0.0,0.0
1994-01-18 00:00:00-05:00,3.294072290532487,3.3217534638018034,3.266390800476074,3.266390800476074,10500,0.0,0.0
1994-01-19 00:00:00-05:00,3.266390800476074,3.266390800476074,3.238709627206758,3.266390800476074,2850,0.0,0.0
1994-01-20 00:00:00-05:00,3.2387099266052246,3.2387099266052246,3.211028750776957,3.2387099266052246,2700,0.0,0.0
1994-01-21 00:00:00-05:00,3.211028750776957,3.2387099266052246,3.211028750776957,3.2387099266052246,8250,0.0,0.0
1994-01-24 00:00:00-05:00,3.1833457946777344,3.2110272745670843,3.1833457946777344,3.1833457946777344,3900,0.0,0.0
1994-01-25 00:00:00-05:00,3.2110280990600586,3.2110280990600586,3.2110280990600586,3.2110280990600586,450,0.0,0.0
1994-01-26 00:00:00-05:00,3.1833457946777344,3.1833457946777344,3.1833457946777344,3.1833457946777344,1200,0.0,0.0
1994-01-27 00:00:00-05:00,3.183347258161563,3.2387099266052246,3.183347258161563,3.2387099266052246,3600,0.0,0.0
1994-01-28 00:00:00-05:00,3.2387090213772742,3.2940716743469234,3.2387090213772742,3.294071674346924,3450,0.0,0.0
1994-01-31 00:00:00-05:00,3.294071855441825,3.3217530250549316,3.2663903690416647,3.3217530250549316,3450,0.0,0.0
1994-02-01 00:00:00-05:00,3.321753096687281,3.321753096687281,3.2110280990600586,3.2110280990600586,9000,0.0,0.0
1994-02-02 00:00:00-05:00,3.211028750776957,3.2387099266052246,3.183347258161563,3.2387099266052246,4500,0.0,0.0
1994-02-03 00:00:00-05:00,3.2387090213772742,3.2940716743469234,3.1833463684076246,3.294071674346924,4650,0.0,0.0
1994-02-04 00:00:00-05:00,3.266390800476074,3.266390800476074,3.266390800476074,3.266390800476074,1500,0.0,0.0
1994-02-07 00:00:00-05:00,3.294072290532487,3.3217534638018034,3.266390800476074,3.266390800476074,1650,0.0,0.0
1994-02-08 00:00:00-05:00,3.2110284539374416,3.266390800476074,3.2110284539374416,3.266390800476074,1200,0.0,0.0
1994-02-09 00:00:00-05:00,3.2387099266052246,3.2940725950488856,3.2387099266052246,3.2387099266052246,1200,0.0,0.0
1994-02-10 00:00:00-05:00,3.266391102433492,3.266391102433492,3.2387099266052246,3.2387099266052246,4050,0.0,0.0
1994-02-11 00:00:00-05:00,3.238709269270099,3.238709269270099,3.2110280990600586,3.2110280990600586,600,0.0,0.0
1994-02-14 00:00:00-05:00,3.2110284539374416,3.266390800476074,3.2110284539374416,3.266390800476074,9600,0.0,0.0
1994-02-15 00:00:00-05:00,3.2387099266052246,3.2940725950488856,3.2387099266052246,3.2387099266052246,2850,0.0,0.0
1994-02-16 00:00:00-05:00,3.2387099266052246,3.2387099266052246,3.2387099266052246,3.2387099266052246,1050,0.0,0.0
1994-02-17 00:00:00-05:00,3.2387090213772742,3.2940716743469234,3.2387090213772742,3.294071674346924,1650,0.0,0.0
1994-02-18 00:00:00-05:00,3.2663904394801393,3.2663904394801393,3.2110280990600586,3.2110280990600586,9000,0.0,0.0
1994-02-22 00:00:00-05:00,3.211028750776957,3.2387099266052246,3.183347258161563,3.2387099266052246,5100,0.0,0.0
1994-02-23 00:00:00-05:00,3.238709269270099,3.2663904394801393,3.2110280990600586,3.2110280990600586,9300,0.0,0.0
1994-02-24 00:00:00-05:00,3.1556664177998766,3.183347596570822,3.1279852390289307,3.1279852390289307,11550,0.0,0.0
1994-02-25 00:00:00-05:00,3.155665441852917,3.2110280990600586,3.100302784645775,3.2110280990600586,6750,0.0,0.0
1994-02-28 00:00:00-05:00,3.2110280990600586,3.2110280990600586,3.183346612062957,3.2110280990600586,4500,0.0,0.0
1994-03-01 00:00:00-05:00,3.155665441852917,3.2110280990600586,3.155665441852917,3.2110280990600586,1800,0.0,0.0
1994-03-02 00:00:00-05:00,3.238709269270099,3.238709269270099,3.155665441852917,3.2110280990600586,6600,0.0,0.0
1994-03-03 00:00:00-05:00,3.155665441852917,3.2110280990600586,3.155665441852917,3.2110280990600586,1200,0.0,0.0
1994-03-04 00:00:00-05:00,3.2110270836701127,3.2110270836701127,3.1556644439697266,3.1556644439697266,1800,0.0,0.0
1994-03-07 00:00:00-05:00,3.1770334647044365,3.205148696899414,3.1770334647044365,3.205148696899414,3600,0.14667,0.0
1994-03-08 00:00:00-05:00,3.2332648718884793,3.261380434036255,3.2332648718884793,3.261380434036255,2250,0.0,0.0
1994-03-09 00:00:00-05:00,3.2613797642133617,3.2613797642133617,3.233264207839966,3.233264207839966,600,0.0,0.0
1994-03-10 00:00:00-05:00,3.205149631495323,3.261380434036255,3.205149631495323,3.261380434036255,2400,0.0,0.0
1994-03-11 00:00:00-05:00,3.205149631495323,3.261380434036255,3.148918828954392,3.261380434036255,3750,0.0,0.0
1994-03-14 00:00:00-05:00,3.2332639290943916,3.2332639290943916,3.205148696899414,3.205148696899414,4050,0.0,0.0
1994-03-15 00:00:00-05:00,3.205148696899414,3.205148696899414,3.205148696899414,3.205148696899414,0,0.0,0.0
1994-03-16 00:00:00-05:00,3.2613794830438945,3.2613794830438945,3.205148696899414,3.205148696899414,2400,0.0,0.0
1994-03-17 00:00:00-05:00,3.205148696899414,3.2613794830438945,3.205148696899414,3.205148696899414,900,0.0,0.0
1994-03-18 00:00:00-05:00,3.205148696899414,3.205148696899414,3.205148696899414,3.205148696899414,1050,0.0,0.0
1994-03-21 00:00:00-05:00,3.2613824490241736,3.2613824490241736,3.148920774459839,3.148920774459839,3450,0.0,0.0
1994-03-22 00:00:00-05:00,3.148920774459839,3.148920774459839,3.120805516696164,3.148920774459839,8550,0.0,0.0
1994-03-23 00:00:00-05:00,3.120805516696164,3.148920774459839,3.0926902589324894,3.148920774459839,16200,0.0,0.0
1994-03-24 00:00:00-05:00,3.1489199975627944,3.1770355701446533,3.120804746735674,3.1770355701446533,5850,0.0,0.0
1994-03-25 00:00:00-05:00,3.148920774459839,3.148920774459839,3.148920774459839,3.148920774459839,600,0.0,0.0
1994-03-28 00:00:00-05:00,3.1770363539783317,3.1770363539783317,3.0926902589324894,3.148920774459839,4500,0.0,0.0
1994-03-29 00:00:00-05:00,3.148920774459839,3.1770363539783317,3.148920774459839,3.148920774459839,6750,0.0,0.0
1994-03-30 00:00:00-05:00,3.0926902589324894,3.148920774459839,3.0926902589324894,3.148920774459839,3150,0.0,0.0
1994-03-31 00:00:00-05:00,3.092689535495132,3.120804786682129,3.0645739625533923,3.120804786682129,2400,0.0,0.0
1994-04-04 00:00:00-04:00,3.1208043425080305,3.1208043425080305,3.0645735263824463,3.0645735263824463,900,0.0,0.0
1994-04-05 00:00:00-04:00,3.036458690419329,3.120804765153199,3.036458690419329,3.0926895141601562,4200,0.0,0.0
1994-04-06 00:00:00-04:00,3.120804765153199,3.1489200161462425,3.092689514160156,3.0926895141601562,5550,0.0,0.0
1994-04-07 00:00:00-04:00,3.1208043425080305,3.1208043425080305,3.036458279197003,3.0645735263824463,7200,0.0,0.0
1994-04-08 00:00:00-04:00,3.092687612514384,3.092687612514384,2.9802260341836146,3.036456823348999,4050,0.0,0.0
1994-04-11 00:00:00-04:00,3.0083420276641846,3.0364572654632402,3.0083420276641846,3.0083420276641846,1500,0.0,0.0
1994-04-12 00:00:00-04:00,3.0083420276641846,3.0364572654632402,3.0083420276641846,3.0083420276641846,2100,0.0,0.0
1994-04-13 00:00:00-04:00,3.0083420276641846,3.0083420276641846,3.0083420276641846,3.0083420276641846,750,0.0,0.0
1994-04-14 00:00:00-04:00,3.0083420276641846,3.0083420276641846,3.0083420276641846,3.0083420276641846,600,0.0,0.0
1994-04-15 00:00:00-04:00,2.9802260341836146,3.06457205705442,2.9802260341836146,3.036456823348999,5100,0.0,0.0
1994-04-18 00:00:00-04:00,3.008341589643578,3.036456823348999,3.008341589643578,3.036456823348999,1800,0.0,0.0
1994-04-19 00:00:00-04:00,2.9802264681105393,3.0364572654632402,2.9802264681105393,3.0083420276641846,3750,0.0,0.0
1994-04-20 00:00:00-04:00,2.9802260341836146,3.036456823348999,2.9802260341836146,3.036456823348999,4350,0.0,0.0
1994-04-21 00:00:00-04:00,3.0645739414123723,3.120804765153199,3.0645739414123723,3.0926895141601562,3450,0.0,0.0
1994-04-22 00:00:00-04:00,3.092689514160156,3.120804765153199,3.0645739414123723,3.0926895141601562,5100,0.0,0.0
1994-04-25 00:00:00-04:00,3.0364587113663957,3.120804786682129,3.0364587113663957,3.120804786682129,6450,0.0,0.0
1994-04-26 00:00:00-04:00,3.0926902589324894,3.148920774459839,3.0926902589324894,3.148920774459839,6000,0.0,0.0
1994-04-28 00:00:00-04:00,3.1770363539783317,3.1770363539783317,3.148920774459839,3.148920774459839,1050,0.0,0.0
1994-04-29 00:00:00-04:00,3.1770337386022796,3.233264207839966,3.1770337386022796,3.233264207839966,900,0.0,0.0
1994-05-02 00:00:00-04:00,3.1770363539783317,3.1770363539783317,3.0926902589324894,3.148920774459839,4050,0.0,0.0
1994-05-03 00:00:00-04:00,3.0926902589324894,3.148920774459839,3.0926902589324894,3.148920774459839,1350,0.0,0.0
1994-05-04 00:00:00-04:00,3.1489199975627944,3.1770355701446533,3.1489199975627944,3.1770355701446533,5250,0.0,0.0
1994-05-05 00:00:00-04:00,3.2051489732211227,3.233264207839966,3.2051489732211227,3.233264207839966,750,0.0,0.0
1994-05-06 00:00:00-04:00,3.1770337386022796,3.233264207839966,3.1770337386022796,3.233264207839966,5550,0.0,0.0
1994-05-09 00:00:00-04:00,3.205148696899414,3.205148696899414,3.205148696899414,3.205148696899414,450,0.0,0.0
1994-05-10 00:00:00-04:00,3.2332648718884793,3.261380434036255,3.1770343911021675,3.261380434036255,6600,0.0,0.0
1994-05-11 00:00:00-04:00,3.233264207839966,3.233264207839966,3.233264207839966,3.233264207839966,1500,0.0,0.0
1994-05-12 00:00:00-04:00,3.205148696899414,3.205148696899414,3.1770334647044365,3.205148696899414,2250,0.0,0.0
1994-05-13 00:00:00-04:00,3.1770355701446533,3.1770355701446533,3.1770355701446533,3.1770355701446533,1350,0.0,0.0
1994-05-16 00:00:00-04:00,3.1770363539783317,3.1770363539783317,3.148920774459839,3.148920774459839,2850,0.0,0.0
1994-05-17 00:00:00-04:00,3.148920774459839,3.148920774459839,3.0926902589324894,3.148920774459839,6900,0.0,0.0
1994-05-18 00:00:00-04:00,3.120804786682129,3.120804786682129,3.092689535495132,3.120804786682129,4500,0.0,0.0
1994-05-19 00:00:00-04:00,3.0364587113663957,3.120804786682129,3.0364587113663957,3.120804786682129,4050,0.0,0.0
1994-05-20 00:00:00-04:00,3.120804786682129,3.120804786682129,3.120804786682129,3.120804786682129,3000,0.0,0.0
1994-05-23 00:00:00-04:00,3.120804786682129,3.120804786682129,3.120804786682129,3.120804786682129,600,0.0,0.0
1994-05-24 00:00:00-04:00,3.148920774459839,3.148920774459839,3.148920774459839,3.148920774459839,300,0.0,0.0
1994-05-25 00:00:00-04:00,3.0645739625533923,3.120804786682129,3.0645739625533923,3.120804786682129,4950,0.0,0.0
1994-05-26 00:00:00-04:00,3.120805516696164,3.148920774459839,3.0645746794139965,3.148920774459839,5700,0.0,0.0
1994-05-27 00:00:00-04:00,3.148920774459839,3.148920774459839,3.0926902589324894,3.148920774459839,1800,0.0,0.0
1994-05-31 00:00:00-04:00,3.092689095322587,3.1208043425080305,3.0645735263824463,3.0645735263824463,4350,0.0,0.0
1994-06-01 00:00:00-04:00,3.120805516696164,3.148920774459839,3.120805516696164,3.148920774459839,1200,0.0,0.0
1994-06-02 00:00:00-04:00,3.148920774459839,3.148920774459839,3.148920774459839,3.148920774459839,5250,0.0,0.0
1994-06-03 00:00:00-04:00,3.1489199975627944,3.1770355701446533,3.1489199975627944,3.1770355701446533,3000,0.0,0.0
1994-06-06 00:00:00-04:00,3.141622674137032,3.1987428665161133,3.141622674137032,3.1987428665161133,750,0.14667,0.0
1994-06-07 00:00:00-04:00,3.170182228088379,3.170182228088379,3.170182228088379,3.170182228088379,750,0.0,0.0
1994-06-08 00:00:00-04:00,3.170182228088379,3.170182228088379,3.170182228088379,3.170182228088379,0,0.0,0.0
1994-06-09 00:00:00-04:00,3.1987423193929096,3.1987423193929096,3.170182228088379,3.170182228088379,2100,0.0,0.0
1994-06-10 00:00:00-04:00,3.1987423710765617,3.2273027896881104,3.1987423710765617,3.2273027896881104,4950,0.0,0.0
1994-06-13 00:00:00-04:00,3.1987423193929096,3.1987423193929096,3.170182228088379,3.170182228088379,1650,0.0,0.0
1994-06-14 00:00:00-04:00,3.170182228088379,3.170182228088379,3.1416221367838486,3.170182228088379,4200,0.0,0.0
1994-06-15 00:00:00-04:00,3.1416220664978027,3.1416220664978027,3.1416220664978027,3.1416220664978027,600,0.0,0.0
1994-06-16 00:00:00-04:00,3.1701821571633717,3.1987422478289407,3.1416220664978027,3.1416220664978027,10950,0.0,0.0
1994-06-17 00:00:00-04:00,3.1987428665161133,3.1987428665161133,3.170182770326573,3.1987428665161133,6900,0.0,0.0
1994-06-20 00:00:00-04:00,3.1987428665161133,3.1987428665161133,3.1987428665161133,3.1987428665161133,1950,0.0,0.0
1994-06-21 00:00:00-04:00,3.1987422478289407,3.1987422478289407,3.1416220664978027,3.1416220664978027,3300,0.0,0.0
1994-06-22 00:00:00-04:00,3.1416220664978027,3.1416220664978027,3.1416220664978027,3.1416220664978027,150,0.0,0.0
1994-06-23 00:00:00-04:00,3.1987428665161133,3.1987428665161133,3.141622674137032,3.1987428665161133,2250,0.0,0.0
1994-06-24 00:00:00-04:00,3.1987422478289407,3.1987422478289407,3.1416220664978027,3.1416220664978027,1500,0.0,0.0
1994-06-27 00:00:00-04:00,3.1987428665161133,3.1987428665161133,3.1987428665161133,3.1987428665161133,600,0.0,0.0
1994-06-28 00:00:00-04:00,3.1987428665161133,3.1987428665161133,3.1987428665161133,3.1987428665161133,0,0.0,0.0
1994-06-29 00:00:00-04:00,3.141619583747974,3.141619583747974,3.0844991207122803,3.0844991207122803,5700,0.0,0.0
1994-06-30 00:00:00-04:00,3.141622674137032,3.1987428665161133,3.1130622511018817,3.1987428665161133,23550,0.0,0.0
1994-07-01 00:00:00-04:00,3.1987428665161133,3.1987428665161133,3.1987428665161133,3.1987428665161133,8850,0.0,0.0
1994-07-05 00:00:00-04:00,3.2273027896881104,3.2273027896881104,3.2273027896881104,3.2273027896881104,3450,0.0,0.0
1994-07-06 00:00:00-04:00,3.227300731955438,3.2558608055114746,3.1987403315540512,3.2558608055114746,15450,0.0,0.0
1994-07-07 00:00:00-04:00,3.2273008184589482,3.284420967102051,3.2273008184589482,3.284420967102051,1500,0.0,0.0
1994-07-08 00:00:00-04:00,3.2273027896881104,3.2273027896881104,3.2273027896881104,3.2273027896881104,750,0.0,0.0
1994-07-11 00:00:00-04:00,3.1987423710765617,3.2558628814541004,3.1416221875445816,3.2273027896881104,7200,0.0,0.0
1994-07-12 00:00:00-04:00,3.2558608055114746,3.2558608055114746,3.1987403315540512,3.2558608055114746,3300,0.0,0.0
1994-07-13 00:00:00-04:00,3.2558608055114746,3.2558608055114746,3.2558608055114746,3.2558608055114746,3750,0.0,0.0
1994-07-14 00:00:00-04:00,3.2558608927804995,3.284420967102051,3.1987404172920377,3.284420967102051,1650,0.0,0.0
1994-07-15 00:00:00-04:00,3.2558608927804995,3.284420967102051,3.2558608927804995,3.284420967102051,2250,0.0,0.0
1994-07-18 00:00:00-04:00,3.284420967102051,3.284420967102051,3.284420967102051,3.284420967102051,0,0.0,0.0
1994-07-19 00:00:00-04:00,3.284420879067511,3.284420879067511,3.2558608055114746,3.2558608055114746,1050,0.0,0.0
1994-07-20 00:00:00-04:00,3.2558608055114746,3.2558608055114746,3.2558608055114746,3.2558608055114746,600,0.0,0.0
1994-07-21 00:00:00-04:00,3.2273008184589482,3.284420967102051,3.2273008184589482,3.284420967102051,4650,0.0,0.0
1994-07-22 00:00:00-04:00,3.3129813682689613,3.3129813682689613,3.284420967102051,3.284420967102051,3000,0.0,0.0
1994-07-25 00:00:00-04:00,3.312983108309989,3.341543197631836,3.312983108309989,3.341543197631836,750,0.0,0.0
1994-07-26 00:00:00-04:00,3.341543197631836,3.341543197631836,3.341543197631836,3.341543197631836,0,0.0,0.0
1994-07-27 00:00:00-04:00,3.370102882385254,3.370102882385254,3.3129827105986256,3.370102882385254,1350,0.0,0.0
1994-07-28 00:00:00-04:00,3.34154279649194,3.370102882385254,3.34154279649194,3.370102882385254,1500,0.0,0.0
1994-07-29 00:00:00-04:00,3.341543197631836,3.341543197631836,3.341543197631836,3.341543197631836,750,0.0,0.0
1994-08-01 00:00:00-04:00,3.284420879067511,3.3415413530249345,3.227300731955438,3.2558608055114746,4950,0.0,0.0
1994-08-02 00:00:00-04:00,3.284420967102051,3.3129813682689613,3.2558608927804995,3.284420967102051,1650,0.0,0.0
1994-08-03 00:00:00-04:00,3.3129813682689613,3.3129813682689613,3.2558608927804995,3.284420967102051,1950,0.0,0.0
1994-08-04 00:00:00-04:00,3.284420967102051,3.284420967102051,3.2558608927804995,3.284420967102051,1350,0.0,0.0
1994-08-05 00:00:00-04:00,3.2558628814541004,3.2558628814541004,3.2273027896881104,3.2273027896881104,2250,0.0,0.0
1994-08-08 00:00:00-04:00,3.3129818439483643,3.3129818439483643,3.3129818439483643,3.3129818439483643,450,0.0,0.0
1994-08-09 00:00:00-04:00,3.284420967102051,3.284420967102051,3.2273008184589482,3.284420967102051,2250,0.0,0.0
1994-08-10 00:00:00-04:00,3.3129833918316396,3.3129833918316396,3.2273027896881104,3.2273027896881104,1350,0.0,0.0
1994-08-11 00:00:00-04:00,3.2273027896881104,3.2273027896881104,3.2273027896881104,3.2273027896881104,0,0.0,0.0
1994-08-12 00:00:00-04:00,3.2558608055114746,3.2558608055114746,3.2558608055114746,3.2558608055114746,750,0.0,0.0
1994-08-15 00:00:00-04:00,3.2558608055114746,3.2558608055114746,3.227300731955438,3.2558608055114746,3300,0.0,0.0
1994-08-16 00:00:00-04:00,3.227300731955438,3.2558608055114746,3.227300731955438,3.2558608055114746,600,0.0,0.0
1994-08-17 00:00:00-04:00,3.284422692142611,3.341543197631836,3.284422692142611,3.341543197631836,3600,0.0,0.0
1994-08-18 00:00:00-04:00,3.341543197631836,3.341543197631836,3.341543197631836,3.341543197631836,1350,0.0,0.0
1994-08-19 00:00:00-04:00,3.3129818439483643,3.3415419223705842,3.3129818439483643,3.3129818439483643,5550,0.0,0.0
1994-08-22 00:00:00-04:00,3.3129818439483643,3.3415419223705842,3.3129818439483643,3.3129818439483643,4500,0.0,0.0
1994-08-23 00:00:00-04:00,3.312983108309989,3.341543197631836,3.284422692142611,3.341543197631836,2550,0.0,0.0
1994-08-24 00:00:00-04:00,3.2844229732200905,3.2844229732200905,3.2273027896881104,3.2273027896881104,5400,0.0,0.0
1994-08-25 00:00:00-04:00,3.2273027896881104,3.2273027896881104,3.2273027896881104,3.2273027896881104,750,0.0,0.0
1994-08-26 00:00:00-04:00,3.227300731955438,3.284420879067511,3.227300731955438,3.2558608055114746,1950,0.0,0.0
1994-08-29 00:00:00-04:00,3.2273008184589482,3.284420967102051,3.1987404172920377,3.284420967102051,900,0.0,0.0
1994-08-30 00:00:00-04:00,3.312983904965495,3.312983904965495,3.1987428665161133,3.1987428665161133,4500,0.0,0.0
1994-08-31 00:00:00-04:00,3.2558608055114746,3.312981279468898,3.2558608055114746,3.2558608055114746,2550,0.0,0.0
1994-09-01 00:00:00-04:00,3.2558608927804995,3.284420967102051,3.1987404172920377,3.284420967102051,1800,0.0,0.0
1994-09-02 00:00:00-04:00,3.2194539298144043,3.2774622193717997,3.2194539298144043,3.248457908630371,450,0.14667,0.0
1994-09-06 00:00:00-04:00,3.2194539298144043,3.2484579086303706,3.1904499509984374,3.248457908630371,3450,0.0,0.0
1994-09-07 00:00:00-04:00,3.2194539298144043,3.3064661981877665,3.2194539298144043,3.248457908630371,6300,0.0,0.0
1994-09-08 00:00:00-04:00,3.2774613709304776,3.2774613709304776,3.2194530963897705,3.2194530963897705,1800,0.0,0.0
1994-09-09 00:00:00-04:00,3.277462959289551,3.277462959289551,3.277462959289551,3.277462959289551,150,0.0,0.0
1994-09-12 00:00:00-04:00,3.2484579086303706,3.2774622193717997,3.2484579086303706,3.248457908630371,1500,0.0,0.0
1994-09-13 00:00:00-04:00,3.1904499509984374,3.2484579086303706,3.1904499509984374,3.248457908630371,8250,0.0,0.0
1994-09-14 00:00:00-04:00,3.2194530963897705,3.2774613709304776,3.2194530963897705,3.2194530963897705,3000,0.0,0.0
1994-09-15 00:00:00-04:00,3.2484576679955435,3.2484576679955435,3.1904497146606445,3.1904497146606445,2250,0.0,0.0
1994-09-16 00:00:00-04:00,3.1614454060677573,3.219453691328094,3.1614454060677573,3.1904497146606445,1050,0.0,0.0
1994-09-19 00:00:00-04:00,3.2194530963897705,3.2194530963897705,3.161444821849064,3.2194530963897705,1350,0.0,0.0
1994-09-20 00:00:00-04:00,3.219453691328094,3.219453691328094,3.1904497146606445,3.1904497146606445,1050,0.0,0.0
1994-09-21 00:00:00-04:00,3.1904495648080786,3.1904495648080786,3.132441282272339,3.132441282272339,900,0.0,0.0
1994-09-22 00:00:00-04:00,3.132440437515101,3.190448704407158,3.1034364700317387,3.1034364700317383,4350,0.0,0.0
1994-09-23 00:00:00-04:00,3.045430071704935,3.074434056984089,3.0164260864257812,3.0164260864257812,3300,0.0,0.0
1994-09-26 00:00:00-04:00,3.0454282760620117,3.07443224423987,3.0164243078841535,3.0454282760620117,3150,0.0,0.0
1994-09-27 00:00:00-04:00,3.074433144139971,3.1904497146606445,3.074433144139971,3.1904497146606445,7800,0.0,0.0
1994-09-28 00:00:00-04:00,3.21945267189052,3.21945267189052,3.1034364700317387,3.1034364700317383,3600,0.0,0.0
1994-09-29 00:00:00-04:00,3.132441282272339,3.1904495648080786,3.132441282272339,3.132441282272339,3450,0.0,0.0
1994-09-30 00:00:00-04:00,3.1034388306778946,3.1614468097686768,3.0744345092069185,3.1614468097686768,2100,0.0,0.0
1994-10-03 00:00:00-04:00,3.132441282272339,3.132441282272339,3.0744329997365996,3.132441282272339,1200,0.0,0.0
1994-10-04 00:00:00-04:00,3.132440437515101,3.132440437515101,3.0454282031396813,3.1034364700317383,2700,0.0,0.0
1994-10-05 00:00:00-04:00,3.132441282272339,3.132441282272339,3.016425049126282,3.132441282272339,9750,0.0,0.0
1994-10-06 00:00:00-04:00,3.1034364700317387,3.1034364700317387,3.016424235656319,3.1034364700317383,4500,0.0,0.0
1994-10-07 00:00:00-04:00,3.103437612250565,3.103437612250565,2.9874210357666016,2.9874210357666016,3300,0.0,0.0
1994-10-10 00:00:00-04:00,3.0164260864257812,3.074434056984089,3.0164260864257812,3.0164260864257812,1350,0.0,0.0
1994-10-11 00:00:00-04:00,3.07443224423987,3.07443224423987,3.0164243078841535,3.0454282760620117,4950,0.0,0.0
1994-10-12 00:00:00-04:00,3.074434056984089,3.103438374188779,3.0164260864257812,3.0164260864257812,3600,0.0,0.0
1994-10-13 00:00:00-04:00,3.01642498160032,3.01642498160032,2.958416700363159,2.958416700363159,4200,0.0,0.0
1994-10-14 00:00:00-04:00,3.0164260864257812,3.045430071704935,2.9874217692210907,3.0164260864257812,1800,0.0,0.0
1994-10-17 00:00:00-04:00,3.0164253458503194,3.0164253458503194,2.9874210357666016,2.9874210357666016,1050,0.0,0.0
1994-10-18 00:00:00-04:00,3.0164260864257812,3.074434056984089,3.0164260864257812,3.0164260864257812,2250,0.0,0.0
1994-10-19 00:00:00-04:00,3.07443224423987,3.07443224423987,3.0454282760620117,3.0454282760620117,900,0.0,0.0
1994-10-20 00:00:00-04:00,3.1034364700317387,3.1034364700317387,3.1034364700317387,3.1034364700317383,1500,0.0,0.0
1994-10-21 00:00:00-04:00,3.1034364700317387,3.1034364700317387,3.0744321706230435,3.1034364700317383,1500,0.0,0.0
1994-10-24 00:00:00-04:00,3.1034376370365564,3.1034376370365564,3.0744333267211914,3.0744333267211914,300,0.0,0.0
1994-10-25 00:00:00-04:00,3.1034364700317387,3.1034364700317387,3.1034364700317387,3.1034364700317383,2700,0.0,0.0
1994-10-26 00:00:00-04:00,3.0744321706230435,3.1034364700317387,3.0454282031396813,3.1034364700317383,3150,0.0,0.0
1994-10-27 00:00:00-04:00,3.0454282760620117,3.0454282760620117,3.0454282760620117,3.0454282760620117,1800,0.0,0.0
1994-10-28 00:00:00-04:00,3.0744333021668466,3.0744333021668466,2.958417057608338,2.9874210357666016,6450,0.0,0.0
1994-10-31 00:00:00-05:00,2.9874210357666016,2.9874210357666016,2.9874210357666016,2.9874210357666016,3150,0.0,0.0
1994-11-01 00:00:00-05:00,2.987420675019032,2.987420675019032,2.900408419125998,2.958416700363159,7800,0.0,0.0
1994-11-02 00:00:00-05:00,2.9584177621237853,2.9584177621237853,2.8714054750024975,2.900409460067749,6450,0.0,0.0
1994-11-03 00:00:00-05:00,2.900409006182139,2.9584172991604456,2.900409006182139,2.929413318634033,4500,0.0,0.0
1994-11-04 00:00:00-05:00,2.958417783941937,3.0164260864257812,2.958417783941937,3.0164260864257812,11400,0.0,0.0
1994-11-07 00:00:00-05:00,3.0164260864257812,3.0164260864257812,3.0164260864257812,3.0164260864257812,0,0.0,0.0
1994-11-08 00:00:00-05:00,3.0744321706230435,3.1034364700317387,3.0744321706230435,3.1034364700317383,2550,0.0,0.0
1994-11-09 00:00:00-05:00,3.1324416154264636,3.190449904131736,3.0744333267211914,3.0744333267211914,6750,0.0,0.0
1994-11-10 00:00:00-05:00,3.045429324008583,3.045429324008583,2.9874210357666016,2.9874210357666016,3600,0.0,0.0
1994-11-11 00:00:00-05:00,3.01642498160032,3.01642498160032,2.958416700363159,2.958416700363159,3300,0.0,0.0
1994-11-14 00:00:00-05:00,2.9584172991604456,2.987421279686858,2.929413318634033,2.929413318634033,3300,0.0,0.0
1994-11-15 00:00:00-05:00,2.9584177621237853,2.9584177621237853,2.900409460067749,2.900409460067749,4200,0.0,0.0
1994-11-16 00:00:00-05:00,2.900409460067749,2.900409460067749,2.900409460067749,2.900409460067749,1350,0.0,0.0
1994-11-17 00:00:00-05:00,2.929412725707286,2.987420675019032,2.900408419125998,2.958416700363159,6300,0.0,0.0
1994-11-18 00:00:00-05:00,2.9584172991604456,2.987421279686858,2.929413318634033,2.929413318634033,1050,0.0,0.0
1994-11-21 00:00:00-05:00,2.9584172991604456,2.9584172991604456,2.929413318634033,2.929413318634033,1050,0.0,0.0
1994-11-22 00:00:00-05:00,2.900408419125998,2.958416700363159,2.900408419125998,2.958416700363159,2250,0.0,0.0
1994-11-23 00:00:00-05:00,2.900408419125998,2.958416700363159,2.900408419125998,2.958416700363159,3150,0.0,0.0
1994-11-25 00:00:00-05:00,2.958416700363159,2.958416700363159,2.958416700363159,2.958416700363159,0,0.0,0.0
1994-11-28 00:00:00-05:00,2.929412725707286,2.958416700363159,2.929412725707286,2.958416700363159,1200,0.0,0.0
1994-11-29 00:00:00-05:00,2.9584177621237853,2.9584177621237853,2.900409460067749,2.900409460067749,1800,0.0,0.0
1994-11-30 00:00:00-05:00,2.9584172991604456,2.9584172991604456,2.900409006182139,2.929413318634033,4050,0.0,0.0
1994-12-01 00:00:00-05:00,2.929413318634033,2.929413318634033,2.929413318634033,2.929413318634033,300,0.0,0.0
1994-12-02 00:00:00-05:00,2.929413318634033,2.9584172991604456,2.900409006182139,2.929413318634033,2850,0.0,0.0
1994-12-05 00:00:00-05:00,2.9518487453460693,2.9518487453460693,2.9518487453460693,2.9518487453460693,2100,0.14667,0.0
1994-12-06 00:00:00-05:00,2.9223293272403934,2.9813663959503174,2.9223293272403934,2.9813663959503174,1800,0.0,0.0
1994-12-07 00:00:00-05:00,2.9813663959503174,3.010884761399193,2.9223293272403934,2.9813663959503174,25350,0.0,0.0
1994-12-08 00:00:00-05:00,3.010884761399193,3.010884761399193,2.9813663959503174,2.9813663959503174,1800,0.0,0.0
1994-12-09 00:00:00-05:00,2.9813663959503174,3.040403126848069,2.9813663959503174,2.9813663959503174,3600,0.0,0.0
1994-12-12 00:00:00-05:00,3.01088547706604,3.01088547706604,2.9813671046008494,3.01088547706604,2700,0.0,0.0
1994-12-13 00:00:00-05:00,2.9813671046008494,3.01088547706604,2.9813671046008494,3.01088547706604,1650,0.0,0.0
1994-12-14 00:00:00-05:00,2.951848394323406,3.01088547706604,2.951848394323406,3.01088547706604,1650,0.0,0.0
1994-12-15 00:00:00-05:00,3.010884761399193,3.010884761399193,2.9813663959503174,2.9813663959503174,1950,0.0,0.0
1994-12-16 00:00:00-05:00,2.9813663959503174,2.9813663959503174,2.951847692689269,2.9813663959503174,2850,0.0,0.0
1994-12-19 00:00:00-05:00,3.010884526109585,3.040402889251709,2.9813661629674617,3.040402889251709,4200,0.0,0.0
1994-12-20 00:00:00-05:00,3.040402889251709,3.040402889251709,2.9813661629674617,3.040402889251709,10950,0.0,0.0
1994-12-21 00:00:00-05:00,2.9813661629674617,3.040402889251709,2.9813661629674617,3.040402889251709,4200,0.0,0.0
1994-12-22 00:00:00-05:00,3.0404038495312307,3.0404038495312307,2.9813671046008494,3.01088547706604,12150,0.0,0.0
1994-12-23 00:00:00-05:00,3.010884526109585,3.040402889251709,3.010884526109585,3.040402889251709,6300,0.0,0.0
1994-12-27 00:00:00-05:00,3.040402889251709,3.040402889251709,3.010884526109585,3.040402889251709,5250,0.0,0.0
1994-12-28 00:00:00-05:00,3.0404038495312307,3.0404038495312307,3.01088547706604,3.01088547706604,3900,0.0,0.0
1994-12-29 00:00:00-05:00,2.9518474620131916,3.040402889251709,2.9518474620131916,3.040402889251709,13650,0.0,0.0
1994-12-30 00:00:00-05:00,3.069922559808674,3.069922559808674,3.01088547706604,3.01088547706604,6750,0.0,0.0
1995-01-03 00:00:00-05:00,3.010884526109585,3.040402889251709,3.010884526109585,3.040402889251709,900,0.0,0.0
1995-01-04 00:00:00-05:00,3.069921830109117,3.069921830109117,2.9813663959503174,2.9813663959503174,35400,0.0,0.0
1995-01-05 00:00:00-05:00,3.069922670288161,3.128959417343139,3.069922670288161,3.1289594173431396,3300,0.0,0.0
1995-01-06 00:00:00-05:00,3.158478128682894,3.158478128682894,3.128959417343139,3.1289594173431396,900,0.0,0.0
1995-01-09 00:00:00-05:00,3.158478128682894,3.158478128682894,3.0994410438156503,3.1289594173431396,4650,0.0,0.0
1995-01-10 00:00:00-05:00,3.128958130330773,3.1584768295288086,3.128958130330773,3.1584768295288086,3000,0.0,0.0
1995-01-11 00:00:00-05:00,3.158478128682894,3.158478128682894,3.128959417343139,3.1289594173431396,900,0.0,0.0
1995-01-12 00:00:00-05:00,3.1584768295288086,3.1584768295288086,3.1584768295288086,3.1584768295288086,450,0.0,0.0
1995-01-13 00:00:00-05:00,3.128958130330773,3.1584768295288086,3.128958130330773,3.1584768295288086,3000,0.0,0.0
1995-01-16 00:00:00-05:00,3.158478128682894,3.158478128682894,3.128959417343139,3.1289594173431396,750,0.0,0.0
1995-01-17 00:00:00-05:00,3.128958221637549,3.1584769216969755,3.099439859390259,3.099439859390259,5100,0.0,0.0
1995-01-18 00:00:00-05:00,3.0699236392974854,3.099442022142336,3.0699236392974854,3.0699236392974854,2100,0.0,0.0
1995-01-19 00:00:00-05:00,3.099439859390259,3.099439859390259,3.099439859390259,3.099439859390259,1500,0.0,0.0
1995-01-20 00:00:00-05:00,3.069922559808674,3.069922559808674,3.01088547706604,3.01088547706604,6000,0.0,0.0
1995-01-23 00:00:00-05:00,3.0404038495312307,3.0404038495312307,3.01088547706604,3.01088547706604,1200,0.0,0.0
1995-01-24 00:00:00-05:00,3.0404038495312307,3.069922559808674,3.01088547706604,3.01088547706604,7200,0.0,0.0
1995-01-25 00:00:00-05:00,3.0699215902059787,3.0994399533481025,3.010884526109585,3.040402889251709,6900,0.0,0.0
1995-01-26 00:00:00-05:00,3.040402889251709,3.0699215902059787,2.9813661629674617,3.040402889251709,10350,0.0,0.0
1995-01-27 00:00:00-05:00,3.0404038495312307,3.0404038495312307,3.01088547706604,3.01088547706604,750,0.0,0.0
1995-01-30 00:00:00-05:00,3.040404918640263,3.0699236392974854,3.0108865357954127,3.0699236392974854,1200,0.0,0.0
1995-01-31 00:00:00-05:00,3.069922559808674,3.069922559808674,3.01088547706604,3.01088547706604,2250,0.0,0.0
1995-02-01 00:00:00-05:00,3.040402889251709,3.0699215902059787,3.040402889251709,3.040402889251709,6750,0.0,0.0
1995-02-02 00:00:00-05:00,3.0108865357954127,3.0699236392974854,3.0108865357954127,3.0699236392974854,1500,0.0,0.0
1995-02-03 00:00:00-05:00,3.099439859390259,3.099439859390259,3.099439859390259,3.099439859390259,1350,0.0,0.0
1995-02-06 00:00:00-05:00,3.0699236392974854,3.0699236392974854,3.0699236392974854,3.0699236392974854,4650,0.0,0.0
1995-02-07 00:00:00-05:00,3.069921497142968,3.099439859390259,3.0404027970835417,3.099439859390259,9000,0.0,0.0
1995-02-08 00:00:00-05:00,3.069921497142968,3.1584769216969755,3.069921497142968,3.099439859390259,3750,0.0,0.0
1995-02-09 00:00:00-05:00,3.128959417343139,3.128959417343139,3.128959417343139,3.1289594173431396,1200,0.0,0.0
1995-02-10 00:00:00-05:00,3.099439859390259,3.099439859390259,3.069921497142968,3.099439859390259,5700,0.0,0.0
1995-02-13 00:00:00-05:00,3.099439859390259,3.099439859390259,3.099439859390259,3.099439859390259,1050,0.0,0.0
1995-02-14 00:00:00-05:00,3.0994399533481025,3.128958316490226,2.9813661629674617,3.040402889251709,9000,0.0,0.0
1995-02-15 00:00:00-05:00,3.040404918640263,3.0699236392974854,3.040404918640263,3.0699236392974854,600,0.0,0.0
1995-02-16 00:00:00-05:00,3.0699236392974854,3.0699236392974854,3.040404918640263,3.0699236392974854,2400,0.0,0.0
1995-02-17 00:00:00-05:00,3.0699236392974854,3.0699236392974854,3.0699236392974854,3.0699236392974854,0,0.0,0.0
1995-02-21 00:00:00-05:00,3.010884761399193,3.040403126848069,2.9813663959503174,2.9813663959503174,10800,0.0,0.0
1995-02-22 00:00:00-05:00,3.01088547706604,3.069922559808674,2.9813671046008494,3.01088547706604,11400,0.0,0.0
1995-02-23 00:00:00-05:00,3.0108844348362513,3.099439859390259,3.0108844348362513,3.099439859390259,2100,0.0,0.0
1995-02-24 00:00:00-05:00,3.099439859390259,3.099439859390259,3.099439859390259,3.099439859390259,1350,0.0,0.0
1995-02-27 00:00:00-05:00,3.040402889251709,3.0994399533481025,3.040402889251709,3.040402889251709,4950,0.0,0.0
1995-02-28 00:00:00-05:00,3.069921497142968,3.099439859390259,3.069921497142968,3.099439859390259,1650,0.0,0.0
1995-03-01 00:00:00-05:00,3.099439859390259,3.099439859390259,3.069921497142968,3.099439859390259,6450,0.0,0.0
1995-03-02 00:00:00-05:00,3.0994410438156503,3.128959417343139,3.0994410438156503,3.1289594173431396,3900,0.0,0.0
1995-03-03 00:00:00-05:00,3.069921407558955,3.1584768295288086,3.069921407558955,3.1584768295288086,7650,0.0,0.0
1995-03-06 00:00:00-05:00,3.2125203609466553,3.2125203609466553,3.1524731390062444,3.2125203609466553,6000,0.15,0.0
1995-03-07 00:00:00-05:00,3.2125200504497147,3.2125200504497147,3.122449398040772,3.1224493980407715,3750,0.0,0.0
1995-03-08 00:00:00-05:00,2.9423080876796037,2.9723315238952637,2.912284307871673,2.9723315238952637,28050,0.0,0.0
1995-03-09 00:00:00-05:00,3.0023560523986816,3.0023560523986816,2.9723326052601857,3.0023560523986816,6750,0.0,0.0
1995-03-10 00:00:00-05:00,2.9723326052601857,3.0023560523986816,2.9723326052601857,3.0023560523986816,1950,0.0,0.0
1995-03-13 00:00:00-05:00,3.0023560523986816,3.0023560523986816,3.0023560523986816,3.0023560523986816,600,0.0,0.0
1995-03-14 00:00:00-05:00,3.0023560523986816,3.0023560523986816,3.0023560523986816,3.0023560523986816,1500,0.0,0.0
1995-03-15 00:00:00-05:00,3.0023560523986816,3.0023560523986816,3.0023560523986816,3.0023560523986816,6150,0.0,0.0
1995-03-16 00:00:00-05:00,2.9423080876796037,2.9723315238952637,2.9423080876796037,2.9723315238952637,1200,0.0,0.0
1995-03-17 00:00:00-05:00,2.972333069827291,2.972333069827291,2.942309617996216,2.942309617996216,6300,0.0,0.0
1995-03-20 00:00:00-05:00,2.9423080876796037,2.9723315238952637,2.9423080876796037,2.9723315238952637,2100,0.0,0.0
1995-03-21 00:00:00-05:00,2.9723315238952637,2.9723315238952637,2.9723315238952637,2.9723315238952637,450,0.0,0.0
1995-03-22 00:00:00-05:00,2.942309617996216,2.972333069827291,2.9122858225726906,2.942309617996216,2550,0.0,0.0
1995-03-23 00:00:00-05:00,2.942309617996216,2.942309617996216,2.9122858225726906,2.942309617996216,7050,0.0,0.0
1995-03-24 00:00:00-05:00,2.912284307871673,2.9723315238952637,2.912284307871673,2.9723315238952637,48600,0.0,0.0
1995-03-27 00:00:00-05:00,3.0023551304606055,3.032378911972046,3.0023551304606055,3.032378911972046,3750,0.0,0.0
1995-03-28 00:00:00-05:00,3.0624020099639893,3.0624020099639893,3.0624020099639893,3.0624020099639893,1650,0.0,0.0
1995-03-29 00:00:00-05:00,3.0624033662473344,3.182497501373291,3.0023561268881536,3.182497501373291,14550,0.0,0.0
1995-03-30 00:00:00-05:00,3.122450605606515,3.182497501373291,3.122450605606515,3.182497501373291,8100,0.0,0.0
1995-03-31 00:00:00-05:00,3.182497501373291,3.182497501373291,3.182497501373291,3.182497501373291,0,0.0,0.0
1995-04-03 00:00:00-04:00,3.1224485906863264,3.1524720191955566,3.0924248185849135,3.1524720191955566,3450,0.0,0.0
1995-04-04 00:00:00-04:00,3.1524728343129955,3.182496270585219,3.122449398040772,3.1224493980407715,2550,0.0,0.0
1995-04-05 00:00:00-04:00,3.152473529425816,3.152473529425816,3.0924263000488277,3.092426300048828,4200,0.0,0.0
1995-04-06 00:00:00-04:00,3.1224500865334957,3.1224500865334957,3.0924263000488277,3.092426300048828,1500,0.0,0.0
1995-04-07 00:00:00-04:00,3.152474053489903,3.182497501373291,3.122450605606515,3.182497501373291,2100,0.0,0.0
1995-04-10 00:00:00-04:00,3.2125192198061994,3.2125192198061994,3.1524720191955566,3.1524720191955566,3450,0.0,0.0
1995-04-11 00:00:00-04:00,3.122449398040772,3.1524728343129955,3.122449398040772,3.1224493980407715,6450,0.0,0.0
1995-04-12 00:00:00-04:00,3.182496270585219,3.182496270585219,3.0924256181762764,3.1224493980407715,1800,0.0,0.0
1995-04-13 00:00:00-04:00,3.0924248185849135,3.1524720191955566,3.0924248185849135,3.1524720191955566,2700,0.0,0.0
1995-04-17 00:00:00-04:00,3.1224485906863264,3.1524720191955566,3.0924248185849135,3.1524720191955566,1800,0.0,0.0
1995-04-18 00:00:00-04:00,3.152474053489903,3.182497501373291,3.122450605606515,3.182497501373291,3750,0.0,0.0
1995-04-19 00:00:00-04:00,3.1524728343129955,3.2125200504497147,3.122449398040772,3.1224493980407715,6600,0.0,0.0
1995-04-20 00:00:00-04:00,3.122449398040772,3.182496270585219,3.122449398040772,3.1224493980407715,1500,0.0,0.0
1995-04-21 00:00:00-04:00,3.1224485906863264,3.1824954477047864,3.1224485906863264,3.1524720191955566,6750,0.0,0.0
1995-04-24 00:00:00-04:00,3.122449398040772,3.1524728343129955,3.122449398040772,3.1224493980407715,3000,0.0,0.0
1995-04-25 00:00:00-04:00,3.1224485906863264,3.1524720191955566,3.1224485906863264,3.1524720191955566,1950,0.0,0.0
1995-04-26 00:00:00-04:00,3.1524720191955566,3.1524720191955566,3.1524720191955566,3.1524720191955566,1650,0.0,0.0
1995-04-27 00:00:00-04:00,3.1524720191955566,3.1524720191955566,3.0624013900756832,3.1524720191955566,81750,0.0,0.0
1995-04-28 00:00:00-04:00,3.1524728343129955,3.1524728343129955,3.062402181904053,3.1224493980407715,6450,0.0,0.0
1995-05-01 00:00:00-04:00,3.092425444550533,3.092425444550533,3.032378575377446,3.0624020099639893,23100,0.0,0.0
1995-05-02 00:00:00-04:00,3.0624020099639893,3.0624020099639893,3.0624020099639893,3.0624020099639893,2100,0.0,0.0
1995-05-03 00:00:00-04:00,3.0624032902680702,3.0624032902680702,3.0023560523986816,3.0023560523986816,9600,0.0,0.0
1995-05-04 00:00:00-04:00,3.0023551304606055,3.032378911972046,3.0023551304606055,3.032378911972046,1200,0.0,0.0
1995-05-05 00:00:00-04:00,3.032378911972046,3.032378911972046,3.0023551304606055,3.032378911972046,2700,0.0,0.0
1995-05-08 00:00:00-04:00,3.032378911972046,3.032378911972046,3.0023551304606055,3.032378911972046,2700,0.0,0.0
1995-05-09 00:00:00-04:00,3.0023560523986816,3.032379843129574,3.0023560523986816,3.0023560523986816,16350,0.0,0.0
1995-05-10 00:00:00-04:00,3.032379843129574,3.032379843129574,2.9723326052601857,3.0023560523986816,4650,0.0,0.0
1995-05-11 00:00:00-04:00,3.0023549601109236,3.0023549601109236,2.9723315238952637,2.9723315238952637,9150,0.0,0.0
1995-05-12 00:00:00-04:00,3.0023549601109236,3.0023549601109236,2.9423080876796037,2.9723315238952637,7350,0.0,0.0
1995-05-15 00:00:00-04:00,2.9723326052601857,3.0023560523986816,2.9723326052601857,3.0023560523986816,1800,0.0,0.0
1995-05-16 00:00:00-04:00,2.9723326052601857,3.0023560523986816,2.9723326052601857,3.0023560523986816,2850,0.0,0.0
1995-05-17 00:00:00-04:00,3.0023549601109236,3.0023549601109236,2.9723315238952637,2.9723315238952637,3300,0.0,0.0
1995-05-18 00:00:00-04:00,3.0023549601109236,3.0023549601109236,2.9723315238952637,2.9723315238952637,3450,0.0,0.0
1995-05-19 00:00:00-04:00,3.0023560523986816,3.0023560523986816,2.9723326052601857,3.0023560523986816,1650,0.0,0.0
1995-05-22 00:00:00-04:00,2.9723315238952637,3.0023549601109236,2.9723315238952637,2.9723315238952637,3750,0.0,0.0
1995-05-23 00:00:00-04:00,3.0023551304606055,3.032378911972046,3.0023551304606055,3.032378911972046,3150,0.0,0.0
1995-05-24 00:00:00-04:00,3.032378911972046,3.032378911972046,3.0023551304606055,3.032378911972046,5100,0.0,0.0
1995-05-25 00:00:00-04:00,3.032379843129574,3.032379843129574,3.0023560523986816,3.0023560523986816,2250,0.0,0.0
1995-05-26 00:00:00-04:00,3.0023551304606055,3.032378911972046,3.0023551304606055,3.032378911972046,1500,0.0,0.0
1995-05-30 00:00:00-04:00,3.032379843129574,3.032379843129574,3.0023560523986816,3.0023560523986816,900,0.0,0.0
1995-05-31 00:00:00-04:00,3.0023551304606055,3.032378911972046,3.0023551304606055,3.032378911972046,1800,0.0,0.0
1995-06-01 00:00:00-04:00,3.032378575377446,3.0624020099639893,3.032378575377446,3.0624020099639893,3150,0.0,0.0
1995-06-02 00:00:00-04:00,3.062402857156507,3.0924263000488277,3.062402857156507,3.092426300048828,1950,0.0,0.0
1995-06-05 00:00:00-04:00,3.122449398040772,3.122449398040772,3.062402181904053,3.1224493980407715,13200,0.0,0.0
1995-06-06 00:00:00-04:00,3.146890640258789,3.146890640258789,3.146890640258789,3.146890640258789,750,0.15,0.0
1995-06-07 00:00:00-04:00,3.116340398788452,3.116340398788452,3.085788158485577,3.116340398788452,2400,0.0,0.0
1995-06-08 00:00:00-04:00,3.08578694661423,3.1774439811706543,3.08578694661423,3.1774439811706543,3300,0.0,0.0
1995-06-09 00:00:00-04:00,3.2079962094748495,3.2079962094748495,3.1774439811706543,3.1774439811706543,2700,0.0,0.0
1995-06-12 00:00:00-04:00,3.2079974693410533,3.2079974693410533,3.116340398788452,3.116340398788452,4350,0.0,0.0
1995-06-13 00:00:00-04:00,3.146889571570416,3.146889571570416,3.085785150527954,3.085785150527954,4500,0.0,0.0
1995-06-14 00:00:00-04:00,3.116338419361982,3.146890640258789,3.024681407027806,3.146890640258789,4050,0.0,0.0
1995-06-15 00:00:00-04:00,3.146889571570416,3.146889571570416,3.085785150527954,3.085785150527954,2400,0.0,0.0
1995-06-16 00:00:00-04:00,3.116337361049185,3.146889571570416,3.085785150527954,3.085785150527954,3300,0.0,0.0
1995-06-19 00:00:00-04:00,3.085788158485577,3.1468926390913268,3.085788158485577,3.116340398788452,5850,0.0,0.0
1995-06-20 00:00:00-04:00,3.085788158485577,3.116340398788452,3.085788158485577,3.116340398788452,3000,0.0,0.0
1995-06-21 00:00:00-04:00,3.1468914032226203,3.1774439811706543,3.1468914032226203,3.1774439811706543,3150,0.0,0.0
1995-06-22 00:00:00-04:00,3.1774432107993507,3.1774432107993507,3.146890640258789,3.146890640258789,4050,0.0,0.0
1995-06-23 00:00:00-04:00,3.1774439811706543,3.1774439811706543,3.1774439811706543,3.1774439811706543,600,0.0,0.0
1995-06-26 00:00:00-04:00,3.1774439811706543,3.1774439811706543,3.116339174918425,3.1774439811706543,4650,0.0,0.0
1995-06-27 00:00:00-04:00,3.1468926390913268,3.1468926390913268,3.116340398788452,3.116340398788452,3600,0.0,0.0
1995-06-28 00:00:00-04:00,3.0857861984651747,3.146890640258789,3.0857861984651747,3.146890640258789,3600,0.0,0.0
1995-06-29 00:00:00-04:00,3.116339174918425,3.1774439811706543,3.116339174918425,3.1774439811706543,5100,0.0,0.0
1995-06-30 00:00:00-04:00,3.177444610886232,3.2079968452453613,3.1468920268831946,3.2079968452453613,7200,0.0,0.0
1995-07-03 00:00:00-04:00,3.2079968452453613,3.2079968452453613,3.2079968452453613,3.2079968452453613,0,0.0,0.0
1995-07-05 00:00:00-04:00,3.1774439811706543,3.2079962094748495,3.1774439811706543,3.1774439811706543,1950,0.0,0.0
1995-07-06 00:00:00-04:00,3.1774439811706543,3.2079962094748495,3.1468914032226203,3.1774439811706543,4500,0.0,0.0
1995-07-07 00:00:00-04:00,3.2079962094748495,3.2079962094748495,3.1774439811706543,3.1774439811706543,2100,0.0,0.0
1995-07-10 00:00:00-04:00,3.116340398788452,3.116340398788452,3.0552355685387256,3.116340398788452,11700,0.0,0.0
1995-07-11 00:00:00-04:00,3.116340398788452,3.116340398788452,3.085788158485577,3.116340398788452,6900,0.0,0.0
1995-07-12 00:00:00-04:00,3.116338753369856,3.116338753369856,3.055233955383301,3.055233955383301,5700,0.0,0.0
1995-07-13 00:00:00-04:00,3.055233955383301,3.116338753369856,2.9941295070405376,3.055233955383301,25800,0.0,0.0
1995-07-14 00:00:00-04:00,3.116340398788452,3.116340398788452,3.085788158485577,3.116340398788452,6600,0.0,0.0
1995-07-17 00:00:00-04:00,3.116338419361982,3.146890640258789,3.116338419361982,3.146890640258789,4200,0.0,0.0
1995-07-18 00:00:00-04:00,3.1468926390913268,3.1468926390913268,3.116340398788452,3.116340398788452,9900,0.0,0.0
1995-07-19 00:00:00-04:00,3.116337361049185,3.116337361049185,3.055232590363087,3.085785150527954,8100,0.0,0.0
1995-07-20 00:00:00-04:00,3.0857865291984745,3.0857865291984745,3.024681731211919,3.055233955383301,11250,0.0,0.0
1995-07-21 00:00:00-04:00,3.0857878222487862,3.0857878222487862,3.0246829986572266,3.0246829986572266,18300,0.0,0.0
1995-07-24 00:00:00-04:00,3.055232590363087,3.085785150527954,3.055232590363087,3.085785150527954,14400,0.0,0.0
1995-07-25 00:00:00-04:00,3.0246803798418562,3.085785150527954,3.0246803798418562,3.085785150527954,10200,0.0,0.0
1995-07-26 00:00:00-04:00,3.055232590363087,3.116337361049185,3.0246803798418562,3.085785150527954,3450,0.0,0.0
1995-07-27 00:00:00-04:00,3.116338419361982,3.146890640258789,3.0857861984651747,3.146890640258789,2550,0.0,0.0
1995-07-28 00:00:00-04:00,3.146890640258789,3.146890640258789,3.116338419361982,3.146890640258789,4200,0.0,0.0
1995-07-31 00:00:00-04:00,3.116339174918425,3.1774439811706543,3.116339174918425,3.1774439811706543,4350,0.0,0.0
1995-08-01 00:00:00-04:00,3.146893102118399,3.2385501861572266,3.146893102118399,3.2385501861572266,4650,0.0,0.0
1995-08-02 00:00:00-04:00,3.2385470805467724,3.299651861190796,3.2385470805467724,3.299651861190796,26700,0.0,0.0
1995-08-03 00:00:00-04:00,3.2690996456906305,3.299651861190796,3.2385470805467724,3.299651861190796,11400,0.0,0.0
1995-08-04 00:00:00-04:00,3.2690996456906305,3.3302040766909613,3.2690996456906305,3.299651861190796,3300,0.0,0.0
1995-08-07 00:00:00-04:00,3.2690996456906305,3.3302040766909613,3.2385470805467724,3.299651861190796,5850,0.0,0.0
1995-08-08 00:00:00-04:00,3.299651861190796,3.299651861190796,3.2690996456906305,3.299651861190796,1800,0.0,0.0
1995-08-09 00:00:00-04:00,3.2690996456906305,3.299651861190796,3.2690996456906305,3.299651861190796,2700,0.0,0.0
1995-08-10 00:00:00-04:00,3.2690996456906305,3.299651861190796,3.2690996456906305,3.299651861190796,1950,0.0,0.0
1995-08-11 00:00:00-04:00,3.2690996456906305,3.299651861190796,3.2690996456906305,3.299651861190796,900,0.0,0.0
1995-08-14 00:00:00-04:00,3.2996532125089177,3.3302054405212402,3.2691009844965953,3.3302054405212402,4500,0.0,0.0
1995-08-15 00:00:00-04:00,3.2690996456906305,3.3302040766909613,3.2690996456906305,3.299651861190796,5700,0.0,0.0
1995-08-16 00:00:00-04:00,3.2996532125089177,3.3302054405212402,3.2996532125089177,3.3302054405212402,5550,0.0,0.0
1995-08-17 00:00:00-04:00,3.299651861190796,3.299651861190796,3.299651861190796,3.299651861190796,2550,0.0,0.0
1995-08-18 00:00:00-04:00,3.3302040766909613,3.3302040766909613,3.299651861190796,3.299651861190796,3750,0.0,0.0
1995-08-21 00:00:00-04:00,3.299651861190796,3.3302040766909613,3.2690996456906305,3.299651861190796,5100,0.0,0.0
1995-08-22 00:00:00-04:00,3.2996532125089177,3.3302054405212402,3.2996532125089177,3.3302054405212402,3900,0.0,0.0
1995-08-23 00:00:00-04:00,3.299653414133433,3.391310453414917,3.299653414133433,3.391310453414917,21450,0.0,0.0
1995-08-24 00:00:00-04:00,3.3607574414396058,3.4218618869781494,3.3607574414396058,3.4218618869781494,5700,0.0,0.0
1995-08-25 00:00:00-04:00,3.391310453414917,3.421862683294126,3.391310453414917,3.391310453414917,4350,0.0,0.0
1995-08-28 00:00:00-04:00,3.4218618869781494,3.452414459391197,3.3913096642088774,3.4218618869781494,7200,0.0,0.0
1995-08-29 00:00:00-04:00,3.452414459391197,3.452414459391197,3.4218618869781494,3.4218618869781494,2850,0.0,0.0
1995-08-30 00:00:00-04:00,3.4218618869781494,3.4218618869781494,3.4218618869781494,3.4218618869781494,600,0.0,0.0
1995-08-31 00:00:00-04:00,3.4218618869781494,3.452414459391197,3.4218618869781494,3.4218618869781494,2100,0.0,0.0
1995-09-01 00:00:00-04:00,3.452414459391197,3.452414459391197,3.4218618869781494,3.4218618869781494,2250,0.0,0.0
1995-09-05 00:00:00-04:00,3.452414202538421,3.482966423034668,3.452414202538421,3.482966423034668,6600,0.0,0.0
1995-09-06 00:00:00-04:00,3.476758271441901,3.5078009939010175,3.44571590423584,3.44571590423584,4650,0.15,0.0
1995-09-07 00:00:00-04:00,3.445716896639151,3.4767592727857486,3.4146745204925533,3.4146745204925537,1050,0.0,0.0
1995-09-08 00:00:00-04:00,3.4146735077732546,3.4767582416534424,3.4146735077732546,3.4767582416534424,2850,0.0,0.0
1995-09-11 00:00:00-04:00,3.4767582416534424,3.4767582416534424,3.4457158747133483,3.4767582416534424,2850,0.0,0.0
1995-09-12 00:00:00-04:00,3.4767582416534424,3.4767582416534424,3.4767582416534424,3.4767582416534424,0,0.0,0.0
1995-09-13 00:00:00-04:00,3.507800340652466,3.507800340652466,3.476757623974354,3.507800340652466,3600,0.0,0.0
1995-09-14 00:00:00-04:00,3.5078012621643206,3.5388436317443843,3.5078012621643206,3.5388436317443848,1200,0.0,0.0
1995-09-15 00:00:00-04:00,3.5388433611070784,3.5388433611070784,3.44571590423584,3.44571590423584,9900,0.0,0.0
1995-09-18 00:00:00-04:00,3.44571590423584,3.44571590423584,3.44571590423584,3.44571590423584,1050,0.0,0.0
1995-09-19 00:00:00-04:00,3.4457161677511112,3.569886001324448,3.4457161677511112,3.5388436317443848,9600,0.0,0.0
1995-09-20 00:00:00-04:00,3.5078012621643206,3.5388436317443843,3.5078012621643206,3.5388436317443848,2250,0.0,0.0
1995-09-21 00:00:00-04:00,3.507800340652466,3.507800340652466,3.476757623974354,3.507800340652466,2850,0.0,0.0
1995-09-22 00:00:00-04:00,3.4767592727857486,3.4767592727857486,3.4146745204925533,3.4146745204925537,6000,0.0,0.0
1995-09-25 00:00:00-04:00,3.4146725120300263,3.4146725120300263,3.38362979888916,3.38362979888916,3750,0.0,0.0
1995-09-26 00:00:00-04:00,3.3836317890927985,3.4146745204925533,3.3836317890927985,3.4146745204925537,1950,0.0,0.0
1995-09-27 00:00:00-04:00,3.4146745204925533,3.445716896639151,3.3836317890927985,3.4146745204925537,4950,0.0,0.0
1995-09-28 00:00:00-04:00,3.4146745204925533,3.4146745204925533,3.4146745204925533,3.4146745204925537,0,0.0,0.0
1995-09-29 00:00:00-04:00,3.4767582416534424,3.5078009638465883,3.4457158747133483,3.4767582416534424,6600,0.0,0.0
1995-10-02 00:00:00-04:00,3.476758537331175,3.600928726157594,3.476758537331175,3.5388436317443848,8700,0.0,0.0
1995-10-03 00:00:00-04:00,3.5388427020775888,3.5388427020775888,3.507800340652466,3.507800340652466,3000,0.0,0.0
1995-10-04 00:00:00-04:00,3.5388427020775888,3.5388427020775888,3.507800340652466,3.507800340652466,3150,0.0,0.0
1995-10-05 00:00:00-04:00,3.5388431271708325,3.6009282127318576,3.5388431271708325,3.569885492324829,8700,0.0,0.0
1995-10-06 00:00:00-04:00,3.6009282127318576,3.6009282127318576,3.5388431271708325,3.569885492324829,7650,0.0,0.0
1995-10-09 00:00:00-04:00,3.5388431271708325,3.569885492324829,3.5078007620168354,3.569885492324829,5850,0.0,0.0
1995-10-10 00:00:00-04:00,3.5388431271708325,3.569885492324829,3.5388431271708325,3.569885492324829,3300,0.0,0.0
1995-10-11 00:00:00-04:00,3.5698846199338963,3.6319696903228755,3.5698846199338963,3.631969690322876,7950,0.0,0.0
1995-10-12 00:00:00-04:00,3.6630147290567288,3.6940574645996094,3.6630147290567288,3.6940574645996094,6600,0.0,0.0
1995-10-13 00:00:00-04:00,3.7250983715057373,3.7250983715057373,3.7250983715057373,3.7250983715057373,1650,0.0,0.0
1995-10-16 00:00:00-04:00,3.7561407994184552,3.8182258916846763,3.7561407994184552,3.7871835231781006,6000,0.0,0.0
1995-10-17 00:00:00-04:00,3.7871834923418826,3.818225860595703,3.7561407688349946,3.818225860595703,7050,0.0,0.0
1995-10-18 00:00:00-04:00,3.8182258916846763,3.849268260191252,3.7250984309118795,3.7871835231781006,13950,0.0,0.0
1995-10-19 00:00:00-04:00,3.7871834627818544,3.7871834627818544,3.7250983715057373,3.7250983715057373,21000,0.0,0.0
1995-10-20 00:00:00-04:00,3.756142225178961,3.7871849607218415,3.6940574645996094,3.6940574645996094,13800,0.0,0.0
1995-10-23 00:00:00-04:00,3.7250983715057373,3.7250983715057373,3.694056003494211,3.7250983715057373,6150,0.0,0.0
1995-10-24 00:00:00-04:00,3.694055461707946,3.7250978251666647,3.631970379537498,3.663012742996216,18750,0.0,0.0
1995-10-25 00:00:00-04:00,3.694055461707946,3.7250978251666647,3.663012742996216,3.663012742996216,4050,0.0,0.0
1995-10-26 00:00:00-04:00,3.663012742996216,3.694055461707946,3.663012742996216,3.663012742996216,3900,0.0,0.0
1995-10-27 00:00:00-04:00,3.6319696903228755,3.6940547607118552,3.6319696903228755,3.631969690322876,4200,0.0,0.0
1995-10-30 00:00:00-05:00,3.6940574645996094,3.6940574645996094,3.6940574645996094,3.6940574645996094,750,0.0,0.0
1995-10-31 00:00:00-05:00,3.631970379537498,3.7250978251666647,3.631970379537498,3.663012742996216,5250,0.0,0.0
1995-11-01 00:00:00-05:00,3.663012047890893,3.663012047890893,3.6319696903228755,3.631969690322876,6900,0.0,0.0
1995-11-02 00:00:00-05:00,3.631970379537498,3.663012742996216,3.631970379537498,3.663012742996216,1200,0.0,0.0
1995-11-03 00:00:00-05:00,3.631972348767053,3.6940574645996094,3.631972348767053,3.6940574645996094,2550,0.0,0.0
1995-11-06 00:00:00-05:00,3.6940574645996094,3.6940574645996094,3.6940574645996094,3.6940574645996094,2850,0.0,0.0
1995-11-07 00:00:00-05:00,3.6940574645996094,3.7250998448892854,3.6630147290567288,3.6940574645996094,3000,0.0,0.0
1995-11-08 00:00:00-05:00,3.7250983715057373,3.7250983715057373,3.694056003494211,3.7250983715057373,3750,0.0,0.0
1995-11-09 00:00:00-05:00,3.7250983715057373,3.7250983715057373,3.694056003494211,3.7250983715057373,2850,0.0,0.0
1995-11-10 00:00:00-05:00,3.7250998448892854,3.7250998448892854,3.6940574645996094,3.6940574645996094,2100,0.0,0.0
1995-11-13 00:00:00-05:00,3.7250983715057373,3.7250983715057373,3.694056003494211,3.7250983715057373,2850,0.0,0.0
1995-11-14 00:00:00-05:00,3.694056003494211,3.7250983715057373,3.6630132802296202,3.7250983715057373,7650,0.0,0.0
1995-11-15 00:00:00-05:00,3.7250983715057373,3.7250983715057373,3.7250983715057373,3.7250983715057373,1500,0.0,0.0
1995-11-16 00:00:00-05:00,3.7250998448892854,3.7250998448892854,3.6940574645996094,3.6940574645996094,2100,0.0,0.0
1995-11-17 00:00:00-05:00,3.7250983715057373,3.7250983715057373,3.7250983715057373,3.7250983715057373,150,0.0,0.0
1995-11-20 00:00:00-05:00,3.7250983715057373,3.7250983715057373,3.694056003494211,3.7250983715057373,4950,0.0,0.0
1995-11-21 00:00:00-05:00,3.694056003494211,3.7250983715057373,3.694056003494211,3.7250983715057373,2400,0.0,0.0
1995-11-22 00:00:00-05:00,3.663012742996216,3.694055461707946,3.663012742996216,3.663012742996216,3450,0.0,0.0
1995-11-24 00:00:00-05:00,3.6630147290567288,3.6940574645996094,3.6630147290567288,3.6940574645996094,1950,0.0,0.0
1995-11-27 00:00:00-05:00,3.694055461707946,3.694055461707946,3.663012742996216,3.663012742996216,3300,0.0,0.0
1995-11-28 00:00:00-05:00,3.6940547607118552,3.7250971182798724,3.6319696903228755,3.631969690322876,3600,0.0,0.0
1995-11-29 00:00:00-05:00,3.663012742996216,3.694055461707946,3.631970379537498,3.663012742996216,3000,0.0,0.0
1995-11-30 00:00:00-05:00,3.6940574645996094,3.6940574645996094,3.6630147290567288,3.6940574645996094,1350,0.0,0.0
1995-12-01 00:00:00-05:00,3.6940574645996094,3.6940574645996094,3.631972348767053,3.6940574645996094,1500,0.0,0.0
1995-12-04 00:00:00-05:00,3.694056003494211,3.7250983715057373,3.694056003494211,3.7250983715057373,4800,0.0,0.0
1995-12-05 00:00:00-05:00,3.7250983715057373,3.7250983715057373,3.694056003494211,3.7250983715057373,4650,0.0,0.0
1995-12-06 00:00:00-05:00,3.7503123283386226,3.7503123283386226,3.7503123283386226,3.750312328338623,8250,0.15,0.0
1995-12-07 00:00:00-05:00,3.78182743675721,3.78182743675721,3.7503123283386226,3.750312328338623,8550,0.0,0.0
1995-12-08 00:00:00-05:00,3.78182743675721,3.78182743675721,3.7503123283386226,3.750312328338623,7050,0.0,0.0
1995-12-11 00:00:00-05:00,3.78182743675721,3.78182743675721,3.7503123283386226,3.750312328338623,7200,0.0,0.0
1995-12-12 00:00:00-05:00,3.7503109226807285,3.7818260192871094,3.7503109226807285,3.7818260192871094,22350,0.0,0.0
1995-12-13 00:00:00-05:00,3.8133414347550234,3.8133414347550234,3.7187957763671875,3.7187957763671875,6900,0.0,0.0
1995-12-14 00:00:00-05:00,3.7187968592568663,3.78182743675721,3.6872817508382796,3.750312328338623,12300,0.0,0.0
1995-12-15 00:00:00-05:00,3.7503123283386226,3.7503123283386226,3.7187968592568663,3.750312328338623,6300,0.0,0.0
1995-12-18 00:00:00-05:00,3.7503112362718425,3.7503112362718425,3.6872806771255973,3.7187957763671875,12150,0.0,0.0
1995-12-19 00:00:00-05:00,3.7187954654113127,3.7818260192871094,3.7187954654113127,3.7818260192871094,7050,0.0,0.0
1995-12-20 00:00:00-05:00,3.78182743675721,3.78182743675721,3.7187968592568663,3.750312328338623,5100,0.0,0.0
1995-12-21 00:00:00-05:00,3.7187945516772323,3.7187945516772323,3.687279462814331,3.687279462814331,10800,0.0,0.0
1995-12-22 00:00:00-05:00,3.7187945516772323,3.7187945516772323,3.687279462814331,3.687279462814331,1800,0.0,0.0
1995-12-26 00:00:00-05:00,3.6872806771255973,3.7187957763671875,3.6872806771255973,3.7187957763671875,12300,0.0,0.0
1995-12-27 00:00:00-05:00,3.7503123283386226,3.7503123283386226,3.7503123283386226,3.750312328338623,2100,0.0,0.0
1995-12-28 00:00:00-05:00,3.7187968592568663,3.7503123283386226,3.7187968592568663,3.750312328338623,15000,0.0,0.0
1995-12-29 00:00:00-05:00,3.7503100012030792,3.7503100012030792,3.65576437395143,3.687279462814331,6750,0.0,0.0
1996-01-02 00:00:00-05:00,3.6557655778840066,3.7187957763671875,3.6557655778840066,3.7187957763671875,3000,0.0,0.0
1996-01-03 00:00:00-05:00,3.7187968592568663,3.7503123283386226,3.7187968592568663,3.750312328338623,6750,0.0,0.0
1996-01-04 00:00:00-05:00,3.7818260192871094,3.7818260192871094,3.7503109226807285,3.7818260192871094,11100,0.0,0.0
1996-01-05 00:00:00-05:00,3.813340663909912,3.813340663909912,3.781825571038918,3.813340663909912,5100,0.0,0.0
1996-01-08 00:00:00-05:00,3.813340663909912,3.8448561174438973,3.781825571038918,3.813340663909912,9150,0.0,0.0
1996-01-09 00:00:00-05:00,3.813340663909912,3.813340663909912,3.750310478167924,3.813340663909912,5700,0.0,0.0
1996-01-10 00:00:00-05:00,3.8133410439507673,3.876371596637426,3.8133410439507673,3.8448565006256104,2250,0.0,0.0
1996-01-11 00:00:00-05:00,3.844856289386637,3.876371383666992,3.844856289386637,3.876371383666992,12900,0.0,0.0
1996-01-12 00:00:00-05:00,3.8133411158934907,3.8133411158934907,3.7818260192871094,3.7818260192871094,7800,0.0,0.0
1996-01-15 00:00:00-05:00,3.781825571038918,3.813340663909912,3.781825571038918,3.813340663909912,2700,0.0,0.0
1996-01-16 00:00:00-05:00,3.7818260192871094,3.8133411158934907,3.7818260192871094,3.7818260192871094,4500,0.0,0.0
1996-01-17 00:00:00-05:00,3.8133425451757965,3.8133425451757965,3.7503123283386226,3.750312328338623,5400,0.0,0.0
1996-01-18 00:00:00-05:00,3.7503112362718425,3.7503112362718425,3.7187957763671875,3.7187957763671875,1200,0.0,0.0
1996-01-19 00:00:00-05:00,3.687280368804932,3.7818260192871094,3.687280368804932,3.7818260192871094,2400,0.0,0.0
1996-01-22 00:00:00-05:00,3.7818260192871094,3.7818260192871094,3.7503109226807285,3.7818260192871094,6600,0.0,0.0
1996-01-23 00:00:00-05:00,3.781825571038918,3.876371210314891,3.781825571038918,3.813340663909912,11700,0.0,0.0
1996-01-24 00:00:00-05:00,3.8133421690980693,3.9709184169769287,3.8133421690980693,3.9709184169769287,18150,0.0,0.0
1996-01-25 00:00:00-05:00,3.9709184169769287,3.9709184169769287,3.87637274038224,3.9709184169769287,15000,0.0,0.0
1996-01-26 00:00:00-05:00,3.9709184169769287,3.9709184169769287,3.907887845692758,3.9709184169769287,11400,0.0,0.0
1996-01-29 00:00:00-05:00,3.9709187978232263,4.033949375152588,3.9709187978232263,4.033949375152588,13050,0.0,0.0
1996-01-30 00:00:00-05:00,3.9709187978232263,4.033949375152588,3.9709187978232263,4.033949375152588,12600,0.0,0.0
1996-01-31 00:00:00-05:00,4.03395020601723,4.03395020601723,3.9709196157055837,4.002434730529785,10200,0.0,0.0
1996-02-01 00:00:00-05:00,4.002434730529785,4.002434730529785,3.9394045008813823,4.002434730529785,16950,0.0,0.0
1996-02-02 00:00:00-05:00,4.002434730529785,4.002434730529785,3.9709196157055837,4.002434730529785,4350,0.0,0.0
1996-02-05 00:00:00-05:00,4.002433522287447,4.002433522287447,3.9394033116664104,3.9709184169769287,5250,0.0,0.0
1996-02-06 00:00:00-05:00,3.93940281867981,3.9709179200464506,3.9078873566500802,3.9394028186798096,4200,0.0,0.0
1996-02-07 00:00:00-05:00,3.9394045008813823,4.002434730529785,3.9394045008813823,4.002434730529785,4500,0.0,0.0
1996-02-08 00:00:00-05:00,4.002433522287447,4.002433522287447,3.9394033116664104,3.9709184169769287,7500,0.0,0.0
1996-02-09 00:00:00-05:00,3.9394045008813823,4.002434730529785,3.9394045008813823,4.002434730529785,5550,0.0,0.0
1996-02-12 00:00:00-05:00,4.002433021413091,4.002433021413091,3.93940281867981,3.9394028186798096,14700,0.0,0.0
1996-02-13 00:00:00-05:00,3.9709196157055837,4.002434730529785,3.9394045008813823,4.002434730529785,10500,0.0,0.0
1996-02-14 00:00:00-05:00,3.9709196157055837,4.002434730529785,3.9709196157055837,4.002434730529785,8250,0.0,0.0
1996-02-15 00:00:00-05:00,4.002433906156323,4.033949375152588,3.93940368949013,4.033949375152588,9000,0.0,0.0
1996-02-16 00:00:00-05:00,4.03395020601723,4.03395020601723,4.002434730529785,4.002434730529785,2400,0.0,0.0
1996-02-20 00:00:00-05:00,4.03395020601723,4.03395020601723,4.002434730529785,4.002434730529785,2850,0.0,0.0
1996-02-21 00:00:00-05:00,4.033949375152588,4.033949375152588,4.002433906156323,4.033949375152588,5700,0.0,0.0
1996-02-22 00:00:00-05:00,4.03395020601723,4.03395020601723,4.002434730529785,4.002434730529785,21300,0.0,0.0
1996-02-23 00:00:00-05:00,4.033948129393182,4.160008884458793,4.033948129393182,4.128493785858154,27750,0.0,0.0
1996-02-26 00:00:00-05:00,4.096978326594459,4.160008884458793,4.096978326594459,4.128493785858154,24750,0.0,0.0
1996-02-27 00:00:00-05:00,4.0654611973531045,4.096976280212402,4.0654611973531045,4.096976280212402,5550,0.0,0.0
1996-02-28 00:00:00-05:00,4.096976280212402,4.096976280212402,4.0654611973531045,4.096976280212402,7200,0.0,0.0
1996-02-29 00:00:00-05:00,4.065464483485684,4.096979591818781,4.033949375152588,4.033949375152588,7950,0.0,0.0
1996-03-01 00:00:00-05:00,4.033946114493808,4.096976280212402,4.002430670971632,4.096976280212402,12150,0.0,0.0
1996-03-04 00:00:00-05:00,4.0654632279938205,4.160008884458793,4.0654632279938205,4.128493785858154,5850,0.0,0.0
1996-03-05 00:00:00-05:00,4.160009384155273,4.160009384155273,4.096978818719766,4.160009384155273,11100,0.0,0.0
1996-03-06 00:00:00-05:00,4.12344217300415,4.155406719076403,4.091477626931898,4.12344217300415,15750,0.15467,0.0
1996-03-07 00:00:00-05:00,4.1554079354737175,4.1554079354737175,4.059513903379657,4.0914788246154785,8850,0.0,0.0
1996-03-08 00:00:00-05:00,4.09147550867169,4.155404567718506,4.09147550867169,4.155404567718506,4800,0.0,0.0
1996-03-11 00:00:00-05:00,4.155407291360535,4.187372207641602,4.155407291360535,4.187372207641602,8850,0.0,0.0
1996-03-12 00:00:00-05:00,4.1873716309552504,4.1873716309552504,4.12344217300415,4.12344217300415,11100,0.0,0.0
1996-03-13 00:00:00-05:00,4.155404567718506,4.155404567718506,4.123440038195097,4.155404567718506,5250,0.0,0.0
1996-03-14 00:00:00-05:00,4.155404567718506,4.187369463048319,4.155404567718506,4.155404567718506,5550,0.0,0.0
1996-03-15 00:00:00-05:00,4.155407291360535,4.187372207641602,4.155407291360535,4.187372207641602,4350,0.0,0.0
1996-03-18 00:00:00-05:00,4.2193367581160235,4.2193367581160235,4.187372207641602,4.187372207641602,2850,0.0,0.0
1996-03-19 00:00:00-05:00,4.187372434336836,4.251301538746661,4.187372434336836,4.219336986541748,10650,0.0,0.0
1996-03-20 00:00:00-05:00,4.251301538746661,4.251301538746661,4.187372434336836,4.219336986541748,9600,0.0,0.0
1996-03-21 00:00:00-05:00,4.187372434336836,4.251301538746661,4.187372434336836,4.219336986541748,6900,0.0,0.0
1996-03-22 00:00:00-05:00,4.25130033493042,4.25130033493042,4.25130033493042,4.25130033493042,600,0.0,0.0
1996-03-25 00:00:00-05:00,4.219336986541748,4.251301538746661,4.219336986541748,4.219336986541748,2700,0.0,0.0
1996-03-26 00:00:00-05:00,4.283265243890678,4.283265243890678,4.219335791776723,4.25130033493042,7350,0.0,0.0
1996-03-27 00:00:00-05:00,4.25130033493042,4.347194330198073,4.25130033493042,4.25130033493042,7800,0.0,0.0
1996-03-28 00:00:00-05:00,4.283264636993408,4.315229175618039,4.283264636993408,4.283264636993408,6900,0.0,0.0
1996-03-29 00:00:00-05:00,4.315229175618039,4.315229175618039,4.283264636993408,4.283264636993408,11400,0.0,0.0
1996-04-01 00:00:00-05:00,4.315228705973588,4.37915814207165,4.283264170827793,4.347193241119385,11850,0.0,0.0
1996-04-02 00:00:00-05:00,4.3471945400278695,4.443088539924121,4.3471945400278695,4.379159450531006,29100,0.0,0.0
1996-04-03 00:00:00-05:00,4.379158846879522,4.5709468202347345,4.379158846879522,4.475052833557129,15150,0.0,0.0
1996-04-04 00:00:00-05:00,4.475052961668962,4.507017502874402,4.4111235134515425,4.443088054656982,13350,0.0,0.0
1996-04-08 00:00:00-04:00,4.34719571069012,4.411125183105469,4.34719571069012,4.411125183105469,2550,0.0,0.0
1996-04-09 00:00:00-04:00,4.411122677217446,4.411122677217446,4.347193241119385,4.347193241119385,3450,0.0,0.0
1996-04-10 00:00:00-04:00,4.315231800079346,4.347196358144356,4.315231800079346,4.315231800079346,6900,0.0,0.0
1996-04-11 00:00:00-04:00,4.315229175618039,4.315229175618039,4.283264636993408,4.283264636993408,4050,0.0,0.0
1996-04-12 00:00:00-04:00,4.283264636993408,4.283264636993408,4.283264636993408,4.283264636993408,4050,0.0,0.0
1996-04-15 00:00:00-04:00,4.2832634174249495,4.2832634174249495,4.155404567718506,4.155404567718506,13950,0.0,0.0
1996-04-16 00:00:00-04:00,4.187372434336836,4.251301538746661,4.1554075163252575,4.219336986541748,3000,0.0,0.0
1996-04-17 00:00:00-04:00,4.251298522095136,4.2832634174249495,4.155404567718506,4.155404567718506,3450,0.0,0.0
1996-04-18 00:00:00-04:00,4.187372207641602,4.187372207641602,4.155407291360535,4.187372207641602,6300,0.0,0.0
1996-04-19 00:00:00-04:00,4.219336986541748,4.219336986541748,4.123442964120345,4.219336986541748,2100,0.0,0.0
1996-04-22 00:00:00-04:00,4.187372434336836,4.283266456758239,4.187372434336836,4.219336986541748,4350,0.0,0.0
1996-04-23 00:00:00-04:00,4.2193377600775825,4.315231800079346,4.187373202012572,4.315231800079346,5550,0.0,0.0
1996-04-24 00:00:00-04:00,4.283267242014335,4.315231800079346,4.283267242014335,4.315231800079346,2400,0.0,0.0
1996-04-25 00:00:00-04:00,4.3471945400278695,4.379159450531006,4.3471945400278695,4.379159450531006,2850,0.0,0.0
1996-04-26 00:00:00-04:00,4.443088054656982,4.443088054656982,4.379158972246103,4.443088054656982,5700,0.0,0.0
1996-04-29 00:00:00-04:00,4.411125183105469,4.475054655520817,4.411125183105469,4.411125183105469,3000,0.0,0.0
1996-04-30 00:00:00-04:00,4.475052833557129,4.475052833557129,4.443087927460241,4.475052833557129,8400,0.0,0.0
1996-05-01 00:00:00-04:00,4.443087927460241,4.475052833557129,4.443087927460241,4.475052833557129,6600,0.0,0.0
1996-05-02 00:00:00-04:00,4.443087927460241,4.475052833557129,4.411123387169882,4.475052833557129,5550,0.0,0.0
1996-05-03 00:00:00-04:00,4.475052961668962,4.475052961668962,4.443088054656982,4.443088054656982,1650,0.0,0.0
1996-05-06 00:00:00-04:00,4.443087927460241,4.475052833557129,4.411123387169882,4.475052833557129,8550,0.0,0.0
1996-05-07 00:00:00-04:00,4.475052597019308,4.538981674220927,4.443087692611988,4.507017135620117,10650,0.0,0.0
1996-05-08 00:00:00-04:00,4.475052833557129,4.475052833557129,4.411123387169882,4.475052833557129,3600,0.0,0.0
1996-05-09 00:00:00-04:00,4.443088054656982,4.443088054656982,4.443088054656982,4.443088054656982,1650,0.0,0.0
1996-05-10 00:00:00-04:00,4.443088054656982,4.507017502874402,4.443088054656982,4.443088054656982,4050,0.0,0.0
1996-05-13 00:00:00-04:00,4.443087927460241,4.475052833557129,4.443087927460241,4.475052833557129,5400,0.0,0.0
1996-05-14 00:00:00-04:00,4.475052961668962,4.475052961668962,4.443088054656982,4.443088054656982,3900,0.0,0.0
1996-05-15 00:00:00-04:00,4.443090398146119,4.475055322017862,4.315231800079346,4.315231800079346,9300,0.0,0.0
1996-05-16 00:00:00-04:00,4.315229995331312,4.379159450531006,4.315229995331312,4.379159450531006,5400,0.0,0.0
1996-05-17 00:00:00-04:00,4.411125183105469,4.411125183105469,4.411125183105469,4.411125183105469,600,0.0,0.0
1996-05-20 00:00:00-04:00,4.379159450531006,4.411123995227563,4.3471945400278695,4.379159450531006,8100,0.0,0.0
1996-05-21 00:00:00-04:00,4.379159450531006,4.379159450531006,4.379159450531006,4.379159450531006,4350,0.0,0.0
1996-05-22 00:00:00-04:00,4.379161282016099,4.379161282016099,4.315231800079346,4.315231800079346,4500,0.0,0.0
1996-05-23 00:00:00-04:00,4.283264636993408,4.283264636993408,4.283264636993408,4.283264636993408,1800,0.0,0.0
1996-05-24 00:00:00-04:00,4.219335791776723,4.283265243890678,4.219335791776723,4.25130033493042,8400,0.0,0.0
1996-05-28 00:00:00-04:00,4.251302318142593,4.315231800079346,4.251302318142593,4.315231800079346,1350,0.0,0.0
1996-05-29 00:00:00-04:00,4.251299732562268,4.283264636993408,4.251299732562268,4.283264636993408,2400,0.0,0.0
1996-05-30 00:00:00-04:00,4.283264636993408,4.283264636993408,4.2193351939376385,4.283264636993408,1350,0.0,0.0
1996-05-31 00:00:00-04:00,4.315231008963152,4.315231008963152,4.187372434336836,4.219336986541748,12900,0.0,0.0
1996-06-03 00:00:00-04:00,4.2193367581160235,4.2193367581160235,4.155407291360535,4.187372207641602,3300,0.0,0.0
1996-06-04 00:00:00-04:00,4.187372207641602,4.187372207641602,4.123442740886113,4.187372207641602,8250,0.0,0.0
1996-06-05 00:00:00-04:00,4.155404567718506,4.155404567718506,4.155404567718506,4.155404567718506,12450,0.0,0.0
1996-06-06 00:00:00-04:00,4.219336986541748,4.219336986541748,4.187372434336836,4.219336986541748,1800,0.0,0.0
1996-06-07 00:00:00-04:00,4.251301538746661,4.251301538746661,4.219336986541748,4.219336986541748,12450,0.0,0.0
1996-06-10 00:00:00-04:00,4.279510187548261,4.279510187548261,4.182248592376709,4.182248592376709,7200,0.15467,0.0
1996-06-11 00:00:00-04:00,4.214669556311691,4.279510751986009,4.214669556311691,4.2470903396606445,12150,0.0,0.0
1996-06-12 00:00:00-04:00,4.214669306220127,4.279510498046875,4.214669306220127,4.279510498046875,600,0.0,0.0
1996-06-13 00:00:00-04:00,4.214669556311691,4.2470903396606445,4.1822491439863265,4.2470903396606445,8400,0.0,0.0
1996-06-14 00:00:00-04:00,4.214666366577148,4.247087125389495,4.214666366577148,4.214666366577148,3750,0.0,0.0
1996-06-17 00:00:00-04:00,4.149828184327372,4.182248592376709,4.149828184327372,4.182248592376709,12900,0.0,0.0
1996-06-18 00:00:00-04:00,4.214669306220127,4.279510498046875,4.214669306220127,4.279510498046875,3300,0.0,0.0
1996-06-19 00:00:00-04:00,4.247090087645285,4.279510498046875,4.214669306220127,4.279510498046875,3600,0.0,0.0
1996-06-20 00:00:00-04:00,4.279510498046875,4.311930908448465,4.247090087645285,4.279510498046875,5700,0.0,0.0
1996-06-21 00:00:00-04:00,4.311930908448465,4.311930908448465,4.247090087645285,4.279510498046875,4800,0.0,0.0
1996-06-24 00:00:00-04:00,4.214669556311691,4.2470903396606445,4.149828731660963,4.2470903396606445,6000,0.0,0.0
1996-06-25 00:00:00-04:00,4.214669000426046,4.214669000426046,4.149828184327372,4.182248592376709,3300,0.0,0.0
1996-06-26 00:00:00-04:00,4.117406368255615,4.182247539047108,4.117406368255615,4.117406368255615,5250,0.0,0.0
1996-06-27 00:00:00-04:00,4.149827139163085,4.149827139163085,4.117406368255615,4.117406368255615,1800,0.0,0.0
1996-06-28 00:00:00-04:00,4.149828910827637,4.149828910827637,4.149828910827637,4.149828910827637,900,0.0,0.0
1996-07-01 00:00:00-04:00,4.182248592376709,4.279510187548261,4.149828184327372,4.182248592376709,8100,0.0,0.0
1996-07-02 00:00:00-04:00,4.214669000426046,4.214669000426046,4.182248592376709,4.182248592376709,4350,0.0,0.0
1996-07-03 00:00:00-04:00,4.149828910827637,4.182249324552735,4.149828910827637,4.149828910827637,2850,0.0,0.0
1996-07-05 00:00:00-04:00,4.149828910827637,4.149828910827637,4.149828910827637,4.149828910827637,300,0.0,0.0
1996-07-08 00:00:00-04:00,4.182248895818537,4.279510498046875,4.182248895818537,4.279510498046875,1350,0.0,0.0
1996-07-09 00:00:00-04:00,4.279510105773297,4.344351291656494,4.279510105773297,4.344351291656494,2850,0.0,0.0
1996-07-10 00:00:00-04:00,4.311930513203128,4.344351291656494,4.311930513203128,4.344351291656494,1650,0.0,0.0
1996-07-11 00:00:00-04:00,4.344351291656494,4.376771699086326,4.311930513203128,4.344351291656494,4650,0.0,0.0
1996-07-12 00:00:00-04:00,4.311930179595947,4.311930179595947,4.247089369752914,4.311930179595947,14400,0.0,0.0
1996-07-15 00:00:00-04:00,4.247090087645285,4.279510498046875,4.247090087645285,4.279510498046875,3750,0.0,0.0
1996-07-16 00:00:00-04:00,4.279510498046875,4.279510498046875,4.247090087645285,4.279510498046875,1350,0.0,0.0
1996-07-17 00:00:00-04:00,4.2470903396606445,4.2470903396606445,4.2470903396606445,4.2470903396606445,1950,0.0,0.0
1996-07-18 00:00:00-04:00,4.247089369752914,4.311930179595947,4.247089369752914,4.311930179595947,4800,0.0,0.0
1996-07-19 00:00:00-04:00,4.247089779498924,4.247089779498924,4.182248592376709,4.182248592376709,6450,0.0,0.0
1996-07-22 00:00:00-04:00,4.182247539047108,4.182247539047108,4.117406368255615,4.117406368255615,2250,0.0,0.0
1996-07-23 00:00:00-04:00,4.117408126078932,4.149828910827637,4.117408126078932,4.149828910827637,3300,0.0,0.0
1996-07-24 00:00:00-04:00,4.117405405579528,4.117405405579528,4.05256462097168,4.05256462097168,3300,0.0,0.0
1996-07-25 00:00:00-04:00,4.052566754174222,4.084987163543701,4.052566754174222,4.084987163543701,1200,0.0,0.0
1996-07-26 00:00:00-04:00,4.052566754174222,4.084987163543701,4.020145973781187,4.084987163543701,2700,0.0,0.0
1996-07-29 00:00:00-04:00,4.05256462097168,4.05256462097168,4.05256462097168,4.05256462097168,900,0.0,0.0
1996-07-30 00:00:00-04:00,4.020146644296726,4.020146644296726,3.955305814743042,3.955305814743042,3000,0.0,0.0
1996-07-31 00:00:00-04:00,3.9877262295198834,4.020146644296726,3.922885028942582,3.955305814743042,5400,0.0,0.0
1996-08-01 00:00:00-04:00,3.955304614516003,3.9877250194549556,3.955304614516003,3.987725019454956,2400,0.0,0.0
1996-08-02 00:00:00-04:00,3.987724538394698,4.020144939422607,3.987724538394698,4.020144939422607,2850,0.0,0.0
1996-08-05 00:00:00-04:00,4.020144939422607,4.020144939422607,4.020144939422607,4.020144939422607,2400,0.0,0.0
1996-08-06 00:00:00-04:00,3.9877250194549556,4.020145424393909,3.955304614516003,3.987725019454956,9000,0.0,0.0
1996-08-07 00:00:00-04:00,4.020143857644395,4.084985013275603,4.020143857644395,4.05256462097168,19800,0.0,0.0
1996-08-08 00:00:00-04:00,3.98772346534047,4.084985013275603,3.98772346534047,4.05256462097168,4350,0.0,0.0
1996-08-09 00:00:00-04:00,4.020144939422607,4.052565711473977,4.020144939422607,4.020144939422607,1200,0.0,0.0
1996-08-12 00:00:00-04:00,4.05256462097168,4.05256462097168,4.020143857644395,4.05256462097168,6000,0.0,0.0
1996-08-13 00:00:00-04:00,4.020144797580101,4.149827139163085,4.020144797580101,4.117406368255615,13650,0.0,0.0
1996-08-14 00:00:00-04:00,4.149828485416947,4.279510498046875,4.149828485416947,4.279510498046875,7050,0.0,0.0
1996-08-15 00:00:00-04:00,4.311929093465761,4.409190654754639,4.2795086967106055,4.409190654754639,10800,0.0,0.0
1996-08-16 00:00:00-04:00,4.409193108765027,4.506454724186488,4.409193108765027,4.474034309387207,8250,0.0,0.0
1996-08-19 00:00:00-04:00,4.538875510009388,4.571295924808668,4.474034309387207,4.474034309387207,12300,0.0,0.0
1996-08-20 00:00:00-04:00,4.506454724186488,4.506454724186488,4.474034309387207,4.474034309387207,10050,0.0,0.0
1996-08-21 00:00:00-04:00,4.538872850413286,4.538872850413286,4.474031687785407,4.5064520835876465,7050,0.0,0.0
1996-08-22 00:00:00-04:00,4.538875510009388,4.538875510009388,4.474034309387207,4.474034309387207,4950,0.0,0.0
1996-08-23 00:00:00-04:00,4.506452899787724,4.538873672485352,4.506452899787724,4.538873672485352,4050,0.0,0.0
1996-08-26 00:00:00-04:00,4.538872484012168,4.571292877197266,4.538872484012168,4.571292877197266,1500,0.0,0.0
1996-08-27 00:00:00-04:00,4.5712940741595105,4.60371447583367,4.538873672485352,4.538873672485352,9150,0.0,0.0
1996-08-28 00:00:00-04:00,4.571292877197266,4.571292877197266,4.571292877197266,4.571292877197266,2850,0.0,0.0
1996-08-29 00:00:00-04:00,4.5712940741595105,4.60371447583367,4.538873672485352,4.538873672485352,5850,0.0,0.0
1996-08-30 00:00:00-04:00,4.5064520835876465,4.5064520835876465,4.474031687785407,4.5064520835876465,3000,0.0,0.0
1996-09-03 00:00:00-04:00,4.506452899787724,4.538873672485352,4.506452899787724,4.538873672485352,70650,0.0,0.0
1996-09-04 00:00:00-04:00,4.534143448813005,4.599855798044966,4.534143448813005,4.566999435424805,72000,0.15467,0.0
1996-09-05 00:00:00-04:00,4.566999435424805,4.566999435424805,4.566999435424805,4.566999435424805,2400,0.0,0.0
1996-09-06 00:00:00-04:00,4.599855798044966,4.599855798044966,4.566999435424805,4.566999435424805,1350,0.0,0.0
1996-09-09 00:00:00-04:00,4.567000956757184,4.599857330322266,4.567000956757184,4.599857330322266,3300,0.0,0.0
1996-09-10 00:00:00-04:00,4.599857330322266,4.599857330322266,4.599857330322266,4.599857330322266,150,0.0,0.0
1996-09-11 00:00:00-04:00,4.566999435424805,4.599855798044966,4.566999435424805,4.566999435424805,4650,0.0,0.0
1996-09-12 00:00:00-04:00,4.567000956757184,4.599857330322266,4.567000956757184,4.599857330322266,10650,0.0,0.0
1996-09-13 00:00:00-04:00,4.599855426564085,4.632711410522461,4.599855426564085,4.632711410522461,1650,0.0,0.0
1996-09-16 00:00:00-04:00,4.599855426564085,4.632711410522461,4.599855426564085,4.632711410522461,2700,0.0,0.0
1996-09-17 00:00:00-04:00,4.599857330322266,4.599857330322266,4.599857330322266,4.599857330322266,3000,0.0,0.0
1996-09-18 00:00:00-04:00,4.599857330322266,4.632713327878862,4.599857330322266,4.599857330322266,5100,0.0,0.0
1996-09-19 00:00:00-04:00,4.599857330322266,4.632713327878862,4.599857330322266,4.599857330322266,7800,0.0,0.0
1996-09-20 00:00:00-04:00,4.599857330322266,4.599857330322266,4.599857330322266,4.599857330322266,3900,0.0,0.0
1996-09-23 00:00:00-04:00,4.599857330322266,4.599857330322266,4.599857330322266,4.599857330322266,1050,0.0,0.0
1996-09-24 00:00:00-04:00,4.599857330322266,4.599857330322266,4.599857330322266,4.599857330322266,5400,0.0,0.0
1996-09-25 00:00:00-04:00,4.599857330322266,4.599857330322266,4.599857330322266,4.599857330322266,1650,0.0,0.0
1996-09-26 00:00:00-04:00,4.599857330322266,4.599857330322266,4.599857330322266,4.599857330322266,1650,0.0,0.0
1996-09-27 00:00:00-04:00,4.599857330322266,4.599857330322266,4.599857330322266,4.599857330322266,600,0.0,0.0
1996-09-30 00:00:00-04:00,4.599857330322266,4.599857330322266,4.599857330322266,4.599857330322266,4050,0.0,0.0
1996-10-01 00:00:00-04:00,4.599857330322266,4.599857330322266,4.599857330322266,4.599857330322266,2850,0.0,0.0
1996-10-02 00:00:00-04:00,4.665567394480836,4.665567394480836,4.632711410522461,4.632711410522461,2100,0.0,0.0
1996-10-03 00:00:00-04:00,4.632714254962606,4.698426639234432,4.632714254962606,4.665570259094238,4350,0.0,0.0
1996-10-04 00:00:00-04:00,4.665570259094238,4.665570259094238,4.665570259094238,4.665570259094238,0,0.0,0.0
1996-10-07 00:00:00-04:00,4.665570259094238,4.698426639234432,4.665570259094238,4.665570259094238,2250,0.0,0.0
1996-10-08 00:00:00-04:00,4.665570259094238,4.665570259094238,4.632714254962606,4.665570259094238,1350,0.0,0.0
1996-10-09 00:00:00-04:00,4.632711410522461,4.665567394480836,4.632711410522461,4.632711410522461,2850,0.0,0.0
1996-10-10 00:00:00-04:00,4.632710576685377,4.698422908782959,4.632710576685377,4.698422908782959,1350,0.0,0.0
1996-10-11 00:00:00-04:00,4.632710576685377,4.698422908782959,4.632710576685377,4.698422908782959,750,0.0,0.0
1996-10-14 00:00:00-04:00,4.7312797384059175,4.7312797384059175,4.632711410522461,4.632711410522461,3450,0.0,0.0
1996-10-15 00:00:00-04:00,4.599857330322266,4.599857330322266,4.599857330322266,4.599857330322266,9300,0.0,0.0
1996-10-16 00:00:00-04:00,4.599855426564085,4.632711410522461,4.599855426564085,4.632711410522461,1650,0.0,0.0
1996-10-17 00:00:00-04:00,4.599857330322266,4.665569325435457,4.599857330322266,4.599857330322266,1350,0.0,0.0
1996-10-18 00:00:00-04:00,4.665567394480836,4.665567394480836,4.632711410522461,4.632711410522461,750,0.0,0.0
1996-10-21 00:00:00-04:00,4.632711410522461,4.632711410522461,4.599855426564085,4.632711410522461,1050,0.0,0.0
1996-10-22 00:00:00-04:00,4.599857330322266,4.665569325435457,4.599857330322266,4.599857330322266,15000,0.0,0.0
1996-10-23 00:00:00-04:00,4.5670008098624715,4.5670008098624715,4.3370080823469,4.4027204513549805,29250,0.0,0.0
1996-10-24 00:00:00-04:00,4.402719969165264,4.43557596206665,4.369863600255445,4.43557596206665,6600,0.0,0.0
1996-10-25 00:00:00-04:00,4.402720358786456,4.402720358786456,4.369863986968994,4.369863986968994,9000,0.0,0.0
1996-10-28 00:00:00-05:00,4.435576447854784,4.435576447854784,4.4027204513549805,4.4027204513549805,1500,0.0,0.0
1996-10-29 00:00:00-05:00,4.402719969165264,4.43557596206665,4.402719969165264,4.43557596206665,5700,0.0,0.0
1996-10-30 00:00:00-05:00,4.435575956753449,4.53414431134797,4.435575956753449,4.4684319496154785,2250,0.0,0.0
1996-10-31 00:00:00-05:00,4.435576447854784,4.435576447854784,4.4027204513549805,4.4027204513549805,3750,0.0,0.0
1996-11-01 00:00:00-05:00,4.4027204513549805,4.4027204513549805,4.4027204513549805,4.4027204513549805,750,0.0,0.0
1996-11-04 00:00:00-05:00,4.369863986968994,4.369863986968994,4.369863986968994,4.369863986968994,1800,0.0,0.0
1996-11-05 00:00:00-05:00,4.435576447854784,4.435576447854784,4.4027204513549805,4.4027204513549805,3150,0.0,0.0
1996-11-06 00:00:00-05:00,4.435576354595453,4.435576354595453,4.369863986968994,4.369863986968994,1950,0.0,0.0
1996-11-07 00:00:00-05:00,4.435576447854784,4.435576447854784,4.369864078846703,4.4027204513549805,3150,0.0,0.0
1996-11-08 00:00:00-05:00,4.4027204513549805,4.4027204513549805,4.4027204513549805,4.4027204513549805,300,0.0,0.0
1996-11-11 00:00:00-05:00,4.402720358786456,4.402720358786456,4.369863986968994,4.369863986968994,7650,0.0,0.0
1996-11-12 00:00:00-05:00,4.4027204513549805,4.4027204513549805,4.4027204513549805,4.4027204513549805,13050,0.0,0.0
1996-11-13 00:00:00-05:00,4.369863986968994,4.369863986968994,4.369863986968994,4.369863986968994,450,0.0,0.0
1996-11-14 00:00:00-05:00,4.369863986968994,4.369863986968994,4.369863986968994,4.369863986968994,29400,0.0,0.0
1996-11-15 00:00:00-05:00,4.43557596206665,4.43557596206665,4.43557596206665,4.43557596206665,3900,0.0,0.0
1996-11-18 00:00:00-05:00,4.4027204513549805,4.4027204513549805,4.369864078846703,4.4027204513549805,2250,0.0,0.0
1996-11-19 00:00:00-05:00,4.369863986968994,4.369863986968994,4.369863986968994,4.369863986968994,150,0.0,0.0
1996-11-20 00:00:00-05:00,4.4027204513549805,4.4027204513549805,4.4027204513549805,4.4027204513549805,450,0.0,0.0
1996-11-21 00:00:00-05:00,4.369863986968994,4.369863986968994,4.369863986968994,4.369863986968994,3600,0.0,0.0
1996-11-22 00:00:00-05:00,4.369864078846703,4.4027204513549805,4.369864078846703,4.4027204513549805,4200,0.0,0.0
1996-11-25 00:00:00-05:00,4.402720514494989,4.534144878387451,4.402720514494989,4.534144878387451,6600,0.0,0.0
1996-11-26 00:00:00-05:00,4.501288881416455,4.534144878387451,4.4684325084369805,4.534144878387451,2250,0.0,0.0
1996-11-27 00:00:00-05:00,4.4684319496154785,4.4684319496154785,4.4684319496154785,4.4684319496154785,1650,0.0,0.0
1996-11-29 00:00:00-05:00,4.4684319496154785,4.4684319496154785,4.4684319496154785,4.4684319496154785,900,0.0,0.0
1996-12-02 00:00:00-05:00,4.4684325084369805,4.534144878387451,4.4684325084369805,4.534144878387451,2100,0.0,0.0
1996-12-03 00:00:00-05:00,4.567001368716421,4.567001368716421,4.501289367675781,4.501289367675781,2400,0.0,0.0
1996-12-04 00:00:00-05:00,4.4684329911469405,4.567001368716421,4.4684329911469405,4.501289367675781,2100,0.0,0.0
1996-12-05 00:00:00-05:00,4.534144878387451,4.599857248337922,4.534144878387451,4.534144878387451,4650,0.0,0.0
1996-12-06 00:00:00-05:00,4.4684319496154785,4.4684319496154785,4.4684319496154785,4.4684319496154785,1500,0.0,0.0
1996-12-09 00:00:00-05:00,4.534145368196101,4.567001368716421,4.501289367675781,4.501289367675781,4650,0.0,0.0
1996-12-10 00:00:00-05:00,4.567000956757184,4.599857330322266,4.567000956757184,4.599857330322266,300,0.0,0.0
1996-12-11 00:00:00-05:00,4.595063209533691,4.595063209533691,4.595063209533691,4.595063209533691,0,0.15467,0.0
1996-12-12 00:00:00-05:00,4.561765777064426,4.628360642002957,4.561765777064426,4.595063209533691,3750,0.0,0.0
1996-12-13 00:00:00-05:00,4.561764986100819,4.561764986100819,4.528467178344727,4.528467178344727,2550,0.0,0.0
1996-12-16 00:00:00-05:00,4.52846760040984,4.52846760040984,4.395277500152588,4.395277500152588,9150,0.0,0.0
1996-12-17 00:00:00-05:00,4.461871267111564,4.495168685913086,4.461871267111564,4.495168685913086,7350,0.0,0.0
1996-12-18 00:00:00-05:00,4.5284661047146075,4.5284661047146075,4.461871267111564,4.495168685913086,3150,0.0,0.0
1996-12-19 00:00:00-05:00,4.46187162399292,4.46187162399292,4.46187162399292,4.46187162399292,900,0.0,0.0
1996-12-20 00:00:00-05:00,4.5284661047146075,4.5284661047146075,4.495168685913086,4.495168685913086,1200,0.0,0.0
1996-12-23 00:00:00-05:00,4.495168685913086,4.495168685913086,4.495168685913086,4.495168685913086,750,0.0,0.0
1996-12-24 00:00:00-05:00,4.495168685913086,4.495168685913086,4.495168685913086,4.495168685913086,0,0.0,0.0
1996-12-26 00:00:00-05:00,4.4618742918559695,4.4618742918559695,4.428576469421387,4.428576469421387,3600,0.0,0.0
1996-12-27 00:00:00-05:00,4.395276400003109,4.495169045457725,4.395276400003109,4.46187162399292,2700,0.0,0.0
1996-12-30 00:00:00-05:00,4.461871267111564,4.495168685913086,4.461871267111564,4.495168685913086,2400,0.0,0.0
1996-12-31 00:00:00-05:00,4.5284661047146075,4.5284661047146075,4.495168685913086,4.495168685913086,900,0.0,0.0
1997-01-02 00:00:00-05:00,4.495169045457725,4.495169045457725,4.46187162399292,4.46187162399292,2100,0.0,0.0
1997-01-03 00:00:00-05:00,4.46187162399292,4.46187162399292,4.46187162399292,4.46187162399292,1500,0.0,0.0
1997-01-06 00:00:00-05:00,4.428573821467913,4.495169045457725,4.428573821467913,4.46187162399292,2100,0.0,0.0
1997-01-07 00:00:00-05:00,4.46187162399292,4.46187162399292,4.395276400003109,4.46187162399292,2550,0.0,0.0
1997-01-08 00:00:00-05:00,4.4618742918559695,4.4618742918559695,4.428576469421387,4.428576469421387,750,0.0,0.0
1997-01-09 00:00:00-05:00,4.3952790280472325,4.428576469421387,4.3952790280472325,4.428576469421387,2100,0.0,0.0
1997-01-10 00:00:00-05:00,4.395276400003109,4.46187162399292,4.395276400003109,4.46187162399292,450,0.0,0.0
1997-01-13 00:00:00-05:00,4.46187162399292,4.46187162399292,4.46187162399292,4.46187162399292,0,0.0,0.0
1997-01-14 00:00:00-05:00,4.461871267111564,4.5284661047146075,4.461871267111564,4.495168685913086,6450,0.0,0.0
1997-01-15 00:00:00-05:00,4.561765777064426,4.595063209533691,4.561765777064426,4.595063209533691,4200,0.0,0.0
1997-01-16 00:00:00-05:00,4.628361017961511,4.628361017961511,4.561766147613525,4.561766147613525,750,0.0,0.0
1997-01-17 00:00:00-05:00,4.561765777064426,4.628360642002957,4.561765777064426,4.595063209533691,3900,0.0,0.0
1997-01-20 00:00:00-05:00,4.628358840942383,4.628358840942383,4.628358840942383,4.628358840942383,750,0.0,0.0
1997-01-21 00:00:00-05:00,4.561764001918295,4.661656641514607,4.561764001918295,4.628358840942383,4200,0.0,0.0
1997-01-22 00:00:00-05:00,4.661658763885498,4.694956198557276,4.628360948153367,4.661658763885498,5250,0.0,0.0
1997-01-23 00:00:00-05:00,4.661658763885498,4.661658763885498,4.661658763885498,4.661658763885498,300,0.0,0.0
1997-01-24 00:00:00-05:00,4.628360948153367,4.661658763885498,4.628360948153367,4.661658763885498,2250,0.0,0.0
1997-01-27 00:00:00-05:00,4.628360948153367,4.661658763885498,4.628360948153367,4.661658763885498,1050,0.0,0.0
1997-01-28 00:00:00-05:00,4.628358840942383,4.6949540610266505,4.628358840942383,4.628358840942383,9300,0.0,0.0
1997-01-29 00:00:00-05:00,4.628358840942383,4.628358840942383,4.628358840942383,4.628358840942383,0,0.0,0.0
1997-01-30 00:00:00-05:00,4.628358840942383,4.628358840942383,4.628358840942383,4.628358840942383,450,0.0,0.0
1997-01-31 00:00:00-05:00,4.628358840942383,4.661656641514607,4.628358840942383,4.628358840942383,3150,0.0,0.0
1997-02-03 00:00:00-05:00,4.628360642002957,4.628360642002957,4.561765777064426,4.595063209533691,4800,0.0,0.0
1997-02-04 00:00:00-05:00,4.561766147613525,4.561766147613525,4.561766147613525,4.561766147613525,150,0.0,0.0
1997-02-05 00:00:00-05:00,4.561766147613525,4.595063582787518,4.561766147613525,4.561766147613525,3450,0.0,0.0
1997-02-06 00:00:00-05:00,4.595063513481589,4.661658763885498,4.595063513481589,4.661658763885498,5250,0.0,0.0
1997-02-07 00:00:00-05:00,4.628360948153367,4.694956198557276,4.628360948153367,4.661658763885498,5100,0.0,0.0
1997-02-10 00:00:00-05:00,4.628360948153367,4.694956198557276,4.628360948153367,4.661658763885498,2100,0.0,0.0
1997-02-11 00:00:00-05:00,4.66165845553255,4.694955888001815,4.595063209533691,4.595063209533691,2850,0.0,0.0
1997-02-12 00:00:00-05:00,4.661656973411462,4.6949543952941895,4.661656973411462,4.6949543952941895,7200,0.0,0.0
1997-02-13 00:00:00-05:00,4.6949543952941895,4.728251817176916,4.6949543952941895,4.6949543952941895,6000,0.0,0.0
1997-02-14 00:00:00-05:00,4.661659439245781,4.761552138793474,4.661659439245781,4.728254318237305,9000,0.0,0.0
1997-02-18 00:00:00-05:00,4.761552138793474,4.761552138793474,4.728254318237305,4.728254318237305,4950,0.0,0.0
1997-02-19 00:00:00-05:00,4.794847042002576,4.794847042002576,4.6949543952941895,4.6949543952941895,4800,0.0,0.0
1997-02-20 00:00:00-05:00,4.694956878741543,4.794849578289235,4.694956878741543,4.728254318237305,22350,0.0,0.0
1997-02-21 00:00:00-05:00,4.728254318237305,4.728254318237305,4.728254318237305,4.728254318237305,300,0.0,0.0
1997-02-24 00:00:00-05:00,4.728254318237305,4.761552138793474,4.728254318237305,4.728254318237305,7800,0.0,0.0
1997-02-25 00:00:00-05:00,4.761552138793474,4.761552138793474,4.728254318237305,4.728254318237305,1800,0.0,0.0
1997-02-26 00:00:00-05:00,4.761552138793474,4.761552138793474,4.728254318237305,4.728254318237305,750,0.0,0.0
1997-02-27 00:00:00-05:00,4.6949543952941895,4.6949543952941895,4.6949543952941895,4.6949543952941895,2100,0.0,0.0
1997-02-28 00:00:00-05:00,4.661656641514607,4.661656641514607,4.628358840942383,4.628358840942383,6150,0.0,0.0
1997-03-03 00:00:00-05:00,4.661656641514607,4.661656641514607,4.628358840942383,4.628358840942383,6450,0.0,0.0
1997-03-04 00:00:00-05:00,4.595063513481589,4.661658763885498,4.595063513481589,4.661658763885498,15900,0.0,0.0
1997-03-05 00:00:00-05:00,4.661658763885498,4.661658763885498,4.661658763885498,4.661658763885498,2400,0.0,0.0
1997-03-06 00:00:00-05:00,4.661658763885498,4.661658763885498,4.661658763885498,4.661658763885498,1500,0.0,0.0
1997-03-07 00:00:00-05:00,4.661659439245781,4.761552138793474,4.661659439245781,4.728254318237305,13650,0.0,0.0
1997-03-10 00:00:00-05:00,4.72825167089606,4.761549472808838,4.72825167089606,4.761549472808838,3900,0.0,0.0
1997-03-11 00:00:00-05:00,4.728254318237305,4.761552138793474,4.728254318237305,4.728254318237305,3150,0.0,0.0
1997-03-12 00:00:00-05:00,4.793605447756655,4.8611211480328445,4.793605447756655,4.82736349105835,2250,0.16133,0.0
1997-03-13 00:00:00-05:00,4.79360818862915,4.79360818862915,4.79360818862915,4.79360818862915,750,0.0,0.0
1997-03-14 00:00:00-05:00,4.793605777122332,4.793605777122332,4.759848117828369,4.759848117828369,20850,0.0,0.0
1997-03-17 00:00:00-05:00,4.759850512352809,4.827366251232911,4.759850512352809,4.79360818862915,15150,0.0,0.0
1997-03-18 00:00:00-05:00,4.793605447756655,4.8611211480328445,4.793605447756655,4.82736349105835,9900,0.0,0.0
1997-03-19 00:00:00-05:00,4.79360818862915,4.827366251232911,4.79360818862915,4.79360818862915,4050,0.0,0.0
1997-03-20 00:00:00-05:00,4.79360818862915,4.827366251232911,4.759850512352809,4.79360818862915,5400,0.0,0.0
1997-03-21 00:00:00-05:00,4.7598500112846915,4.793607684007371,4.726092338562012,4.726092338562012,4500,0.0,0.0
1997-03-24 00:00:00-05:00,4.827363182855372,4.827363182855372,4.658574136104835,4.692331790924072,13500,0.0,0.0
1997-03-25 00:00:00-05:00,4.692331790924072,4.7260898320704845,4.658574136104835,4.692331790924072,4050,0.0,0.0
1997-03-26 00:00:00-05:00,4.658576606789272,4.726092338562012,4.658576606789272,4.726092338562012,2400,0.0,0.0
1997-03-27 00:00:00-05:00,4.726092338562012,4.7598500112846915,4.726092338562012,4.726092338562012,4500,0.0,0.0
1997-03-31 00:00:00-05:00,4.7260898320704845,4.7260898320704845,4.692331790924072,4.692331790924072,7350,0.0,0.0
1997-04-01 00:00:00-05:00,4.692331790924072,4.692331790924072,4.692331790924072,4.692331790924072,0,0.0,0.0
1997-04-02 00:00:00-05:00,4.7260898320704845,4.7260898320704845,4.658574136104835,4.692331790924072,3450,0.0,0.0
1997-04-03 00:00:00-05:00,4.726091734805342,4.726091734805342,4.658576011657715,4.658576011657715,2250,0.0,0.0
1997-04-04 00:00:00-05:00,4.658576011657715,4.692333680067864,4.5910602885100875,4.658576011657715,39150,0.0,0.0
1997-04-07 00:00:00-04:00,4.658576011657715,4.658576011657715,4.658576011657715,4.658576011657715,3150,0.0,0.0
1997-04-08 00:00:00-04:00,4.692334145395517,4.692334145395517,4.624818801879883,4.624818801879883,4200,0.0,0.0
1997-04-09 00:00:00-04:00,4.624817735051476,4.624817735051476,4.523544356811861,4.591059684753418,9300,0.0,0.0
1997-04-10 00:00:00-04:00,4.557301014364982,4.557301014364982,4.523543357849121,4.523543357849121,2400,0.0,0.0
1997-04-11 00:00:00-04:00,4.523543357849121,4.523543357849121,4.523543357849121,4.523543357849121,1950,0.0,0.0
1997-04-14 00:00:00-04:00,4.523543357849121,4.523543357849121,4.489785315006066,4.523543357849121,5850,0.0,0.0
1997-04-15 00:00:00-04:00,4.52354611886775,4.52354611886775,4.489788055419922,4.489788055419922,3300,0.0,0.0
1997-04-16 00:00:00-04:00,4.557301044464111,4.557301044464111,4.557301044464111,4.557301044464111,150,0.0,0.0
1997-04-17 00:00:00-04:00,4.557301044464111,4.557301044464111,4.523543387725295,4.557301044464111,1650,0.0,0.0
1997-04-18 00:00:00-04:00,4.523543357849121,4.523543357849121,4.523543357849121,4.523543357849121,1350,0.0,0.0
1997-04-21 00:00:00-04:00,4.523543357849121,4.523543357849121,4.523543357849121,4.523543357849121,1350,0.0,0.0
1997-04-22 00:00:00-04:00,4.523544356811861,4.591059684753418,4.489786306513804,4.591059684753418,2100,0.0,0.0
1997-04-23 00:00:00-04:00,4.557301014364982,4.557301014364982,4.523543357849121,4.523543357849121,3000,0.0,0.0
1997-04-24 00:00:00-04:00,4.523543357849121,4.523543357849121,4.523543357849121,4.523543357849121,1500,0.0,0.0
1997-04-25 00:00:00-04:00,4.523543357849121,4.523543357849121,4.523543357849121,4.523543357849121,750,0.0,0.0
1997-04-28 00:00:00-04:00,4.523543357849121,4.557301014364982,4.489785315006066,4.523543357849121,3150,0.0,0.0
1997-04-29 00:00:00-04:00,4.557301014364982,4.591058670880844,4.523543357849121,4.523543357849121,3750,0.0,0.0
1997-04-30 00:00:00-04:00,4.591058670880844,4.591058670880844,4.523543357849121,4.523543357849121,6150,0.0,0.0
1997-05-01 00:00:00-04:00,4.523543357849121,4.523543357849121,4.489785315006066,4.523543357849121,1500,0.0,0.0
1997-05-02 00:00:00-04:00,4.4897866045047605,4.4897866045047605,4.456028938293457,4.456028938293457,3450,0.0,0.0
1997-05-05 00:00:00-04:00,4.456029878688263,4.456029878688263,4.388514145689918,4.422272205352783,8550,0.0,0.0
1997-05-06 00:00:00-04:00,4.388510704040527,4.422268737228964,4.3209954103178205,4.388510704040527,13350,0.0,0.0
1997-05-07 00:00:00-04:00,4.422268737228964,4.422268737228964,4.388510704040527,4.388510704040527,300,0.0,0.0
1997-05-08 00:00:00-04:00,4.456029878688263,4.456029878688263,4.422272205352783,4.422272205352783,7350,0.0,0.0
1997-05-09 00:00:00-04:00,4.388514145689918,4.422272205352783,4.388514145689918,4.422272205352783,9000,0.0,0.0
1997-05-12 00:00:00-04:00,4.422272701179124,4.52354611886775,4.422272701179124,4.489788055419922,4350,0.0,0.0
1997-05-13 00:00:00-04:00,4.489788055419922,4.489788055419922,4.489788055419922,4.489788055419922,2100,0.0,0.0
1997-05-14 00:00:00-04:00,4.489788055419922,4.489788055419922,4.489788055419922,4.489788055419922,750,0.0,0.0
1997-05-15 00:00:00-04:00,4.489785315006066,4.557301014364982,4.489785315006066,4.523543357849121,9150,0.0,0.0
1997-05-16 00:00:00-04:00,4.489788055419922,4.52354611886775,4.489788055419922,4.489788055419922,7050,0.0,0.0
1997-05-19 00:00:00-04:00,4.456028938293457,4.4897866045047605,4.456028938293457,4.456028938293457,2400,0.0,0.0
1997-05-20 00:00:00-04:00,4.456029878688263,4.456029878688263,4.422272205352783,4.422272205352783,3150,0.0,0.0
1997-05-21 00:00:00-04:00,4.4897866045047605,4.523544657043368,4.456028938293457,4.456028938293457,3600,0.0,0.0
1997-05-22 00:00:00-04:00,4.456027658490205,4.523543357849121,4.4222700019743435,4.523543357849121,7350,0.0,0.0
1997-05-23 00:00:00-04:00,4.489788055419922,4.489788055419922,4.489788055419922,4.489788055419922,450,0.0,0.0
1997-05-27 00:00:00-04:00,4.4897866045047605,4.4897866045047605,4.456028938293457,4.456028938293457,2250,0.0,0.0
1997-05-28 00:00:00-04:00,4.456027658490205,4.523543357849121,4.456027658490205,4.523543357849121,450,0.0,0.0
1997-05-29 00:00:00-04:00,4.523544657043368,4.523544657043368,4.456028938293457,4.456028938293457,15450,0.0,0.0
1997-05-30 00:00:00-04:00,4.456028938293457,4.4897866045047605,4.456028938293457,4.456028938293457,3450,0.0,0.0
1997-06-02 00:00:00-04:00,4.523543357849121,4.523543357849121,4.523543357849121,4.523543357849121,3000,0.0,0.0
1997-06-03 00:00:00-04:00,4.52354611886775,4.52354611886775,4.489788055419922,4.489788055419922,5700,0.0,0.0
1997-06-04 00:00:00-04:00,4.489785315006066,4.523543357849121,4.489785315006066,4.523543357849121,10050,0.0,0.0
1997-06-05 00:00:00-04:00,4.489785315006066,4.523543357849121,4.489785315006066,4.523543357849121,10050,0.0,0.0
1997-06-06 00:00:00-04:00,4.523543387725295,4.557301044464111,4.523543387725295,4.557301044464111,1200,0.0,0.0
1997-06-09 00:00:00-04:00,4.523544356811861,4.591059684753418,4.523544356811861,4.591059684753418,1800,0.0,0.0
1997-06-10 00:00:00-04:00,4.5910602885100875,4.658576011657715,4.5910602885100875,4.658576011657715,3450,0.0,0.0
1997-06-11 00:00:00-04:00,4.6221442222595215,4.6221442222595215,4.5879062475174575,4.6221442222595215,7800,0.16133,0.0
1997-06-12 00:00:00-04:00,4.587906505683845,4.587906505683845,4.519430160522461,4.519430160522461,13350,0.0,0.0
1997-06-13 00:00:00-04:00,4.55366751993739,4.5879058837890625,4.55366751993739,4.5879058837890625,9750,0.0,0.0
1997-06-16 00:00:00-04:00,4.553667880951373,4.6221442222595215,4.553667880951373,4.6221442222595215,6900,0.0,0.0
1997-06-17 00:00:00-04:00,4.587906505683845,4.587906505683845,4.519430160522461,4.519430160522461,3750,0.0,0.0
1997-06-18 00:00:00-04:00,4.5879058837890625,4.622143855816746,4.5879058837890625,4.5879058837890625,10050,0.0,0.0
1997-06-19 00:00:00-04:00,4.6221442222595215,4.6221442222595215,4.6221442222595215,4.6221442222595215,8100,0.0,0.0
1997-06-20 00:00:00-04:00,4.622143636651422,4.690619969283878,4.622143636651422,4.656381607055664,8400,0.0,0.0
1997-06-23 00:00:00-04:00,4.6221442222595215,4.6221442222595215,4.6221442222595215,4.6221442222595215,2100,0.0,0.0
1997-06-24 00:00:00-04:00,4.622146432496609,4.690622806549072,4.622146432496609,4.690622806549072,6150,0.0,0.0
1997-06-25 00:00:00-04:00,4.6563832580370095,4.673502445220947,4.6563832580370095,4.673502445220947,1500,0.0,0.0
1997-06-26 00:00:00-04:00,4.656384423610737,4.690622806549072,4.656384423610737,4.690622806549072,2250,0.0,0.0
1997-06-27 00:00:00-04:00,4.656384423610737,4.690622806549072,4.656384423610737,4.690622806549072,7050,0.0,0.0
1997-06-30 00:00:00-04:00,4.656381607055664,4.656381607055664,4.656381607055664,4.656381607055664,150,0.0,0.0
1997-07-01 00:00:00-04:00,4.690619969283878,4.690619969283878,4.656381607055664,4.656381607055664,2400,0.0,0.0
1997-07-02 00:00:00-04:00,4.656381607055664,4.690619969283878,4.656381607055664,4.656381607055664,900,0.0,0.0
1997-07-03 00:00:00-04:00,4.6563832580370095,4.690621632404885,4.6563832580370095,4.673502445220947,5550,0.0,0.0
1997-07-07 00:00:00-04:00,4.656384423610737,4.707741606194032,4.656384423610737,4.690622806549072,7350,0.0,0.0
1997-07-08 00:00:00-04:00,4.70773983001709,4.70773983001709,4.65638266681027,4.70773983001709,1500,0.0,0.0
1997-07-09 00:00:00-04:00,4.70773983001709,4.70773983001709,4.70773983001709,4.70773983001709,1200,0.0,0.0
1997-07-10 00:00:00-04:00,4.656384423610737,4.690622806549072,4.656384423610737,4.690622806549072,2550,0.0,0.0
1997-07-11 00:00:00-04:00,4.673501851820563,4.70773983001709,4.673501851820563,4.70773983001709,1950,0.0,0.0
1997-07-14 00:00:00-04:00,4.690622204624678,4.724860191345215,4.690622204624678,4.724860191345215,8400,0.0,0.0
1997-07-15 00:00:00-04:00,4.707741002072868,4.724860191345215,4.690622204624678,4.724860191345215,4350,0.0,0.0
1997-07-16 00:00:00-04:00,4.724859015027382,4.724859015027382,4.70773983001709,4.70773983001709,12300,0.0,0.0
1997-07-17 00:00:00-04:00,4.707741606194032,4.7248607976632,4.690622806549072,4.690622806549072,13950,0.0,0.0
1997-07-18 00:00:00-04:00,4.690619969283878,4.690619969283878,4.656381607055664,4.656381607055664,10200,0.0,0.0
1997-07-21 00:00:00-04:00,4.656381607055664,4.656381607055664,4.639262817765529,4.656381607055664,1200,0.0,0.0
1997-07-22 00:00:00-04:00,4.6221442222595215,4.6221442222595215,4.6221442222595215,4.6221442222595215,1500,0.0,0.0
1997-07-23 00:00:00-04:00,4.587908311473251,4.587908311473251,4.519431939359735,4.5536699295043945,3300,0.0,0.0
1997-07-24 00:00:00-04:00,4.55366751993739,4.5879058837890625,4.55366751993739,4.5879058837890625,6600,0.0,0.0
1997-07-25 00:00:00-04:00,4.5536699295043945,4.587908311473251,4.5536699295043945,4.5536699295043945,2550,0.0,0.0
1997-07-28 00:00:00-04:00,4.570786952972412,4.622144109747383,4.553667770106085,4.570786952972412,22500,0.0,0.0
1997-07-29 00:00:00-04:00,4.570786952972412,4.58790613583874,4.570786952972412,4.570786952972412,1650,0.0,0.0
1997-07-30 00:00:00-04:00,4.5536699295043945,4.587908311473251,4.5536699295043945,4.5536699295043945,4200,0.0,0.0
1997-07-31 00:00:00-04:00,4.5536699295043945,4.587908311473251,4.519431939359735,4.5536699295043945,6750,0.0,0.0
1997-08-01 00:00:00-04:00,4.51943232951675,4.5365515219790575,4.502313137054443,4.502313137054443,3000,0.0,0.0
1997-08-04 00:00:00-04:00,4.502313750020002,4.502313750020002,4.468075752258301,4.468075752258301,2400,0.0,0.0
1997-08-05 00:00:00-04:00,4.502313137054443,4.51943232951675,4.450955951491753,4.502313137054443,3000,0.0,0.0
1997-08-06 00:00:00-04:00,4.46807514395406,4.51943232951675,4.46807514395406,4.502313137054443,16050,0.0,0.0
1997-08-07 00:00:00-04:00,4.51943219834445,4.51943219834445,4.485194206237793,4.485194206237793,3600,0.0,0.0
1997-08-08 00:00:00-04:00,4.502313750020002,4.502313750020002,4.468075752258301,4.468075752258301,1950,0.0,0.0
1997-08-11 00:00:00-04:00,4.51943232951675,4.5365515219790575,4.502313137054443,4.502313137054443,4650,0.0,0.0
1997-08-12 00:00:00-04:00,4.502313137054443,4.502313137054443,4.502313137054443,4.502313137054443,1200,0.0,0.0
1997-08-13 00:00:00-04:00,4.553670322617133,4.553670322617133,4.502313137054443,4.502313137054443,1950,0.0,0.0
1997-08-14 00:00:00-04:00,4.485194206237793,4.485194206237793,4.485194206237793,4.485194206237793,150,0.0,0.0
1997-08-15 00:00:00-04:00,4.553668361441618,4.553668361441618,4.502311197997449,4.5365495681762695,4200,0.0,0.0
1997-08-18 00:00:00-04:00,4.502310976276104,4.536549344768818,4.502310976276104,4.519430160522461,3000,0.0,0.0
1997-08-19 00:00:00-04:00,4.519430160522461,4.519430160522461,4.48519218385379,4.519430160522461,22800,0.0,0.0
1997-08-20 00:00:00-04:00,4.48519218385379,4.519430160522461,4.48519218385379,4.519430160522461,2250,0.0,0.0
1997-08-21 00:00:00-04:00,4.485194206237793,4.51943219834445,4.485194206237793,4.485194206237793,3300,0.0,0.0
1997-08-22 00:00:00-04:00,4.450955951491753,4.51943232951675,4.450955951491753,4.502313137054443,9900,0.0,0.0
1997-08-25 00:00:00-04:00,4.519430160522461,4.519430160522461,4.48519218385379,4.519430160522461,4050,0.0,0.0
1997-08-26 00:00:00-04:00,4.51943219834445,4.51943219834445,4.485194206237793,4.485194206237793,900,0.0,0.0
1997-08-27 00:00:00-04:00,4.485194206237793,4.485194206237793,4.468075014272355,4.485194206237793,6300,0.0,0.0
1997-08-28 00:00:00-04:00,4.450953456556143,4.570786952972412,4.450953456556143,4.570786952972412,18600,0.0,0.0
1997-08-29 00:00:00-04:00,4.5365495681762695,4.553668361441618,4.5365495681762695,4.5365495681762695,900,0.0,0.0
1997-09-02 00:00:00-04:00,4.570789120488823,4.570789120488823,4.5536699295043945,4.5536699295043945,1350,0.0,0.0
1997-09-03 00:00:00-04:00,4.553667880951373,4.6221442222595215,4.553667880951373,4.6221442222595215,3600,0.0,0.0
1997-09-04 00:00:00-04:00,4.654657344794931,4.672025203704834,4.637289088360218,4.672025203704834,5700,0.16133,0.0
1997-09-05 00:00:00-04:00,4.654656887054443,4.654656887054443,4.654656887054443,4.654656887054443,2100,0.0,0.0
1997-09-08 00:00:00-04:00,4.724130742344599,4.776235126993711,4.724130742344599,4.758867263793945,4950,0.0,0.0
1997-09-09 00:00:00-04:00,4.793602622070241,4.897811374723942,4.793602622070241,4.863075256347656,8700,0.0,0.0
1997-09-10 00:00:00-04:00,4.86307488032646,4.915179252624512,4.8283383671112166,4.915179252624512,7200,0.0,0.0
1997-09-11 00:00:00-04:00,4.897811374723942,4.897811374723942,4.863075256347656,4.863075256347656,3600,0.0,0.0
1997-09-12 00:00:00-04:00,4.8283371925354,4.863073697300393,4.8283371925354,4.8283371925354,9150,0.0,0.0
1997-09-15 00:00:00-04:00,4.828338740446527,4.863075256347656,4.828338740446527,4.863075256347656,1650,0.0,0.0
1997-09-16 00:00:00-04:00,4.880443057652766,4.880443057652766,4.845706939697266,4.845706939697266,1650,0.0,0.0
1997-09-17 00:00:00-04:00,4.845707541672815,4.9325480461120605,4.845707541672815,4.9325480461120605,3600,0.0,0.0
1997-09-18 00:00:00-04:00,4.89781192384134,4.9325480461120605,4.89781192384134,4.9325480461120605,2100,0.0,0.0
1997-09-19 00:00:00-04:00,4.9325480461120605,4.9499163060098645,4.9325480461120605,4.9325480461120605,1800,0.0,0.0
1997-09-22 00:00:00-04:00,4.89781292363217,4.967285579879957,4.89781292363217,4.949917316436768,13500,0.0,0.0
1997-09-23 00:00:00-04:00,4.949913737700157,5.054122447967529,4.949913737700157,5.054122447967529,13050,0.0,0.0
1997-09-24 00:00:00-04:00,5.0367541970814065,5.054122447967529,5.0367541970814065,5.054122447967529,2850,0.0,0.0
1997-09-25 00:00:00-04:00,5.036755683108607,5.088860053614989,5.00201956861262,5.0714921951293945,15150,0.0,0.0
1997-09-26 00:00:00-04:00,5.0714921951293945,5.106228309625383,5.054123939119001,5.0714921951293945,4200,0.0,0.0
1997-09-29 00:00:00-04:00,5.106227936664441,5.140964048623289,5.106227936664441,5.12359619140625,5250,0.0,0.0
1997-09-30 00:00:00-04:00,5.123596607746159,5.140964466374498,5.106228351593018,5.106228351593018,13050,0.0,0.0
1997-10-01 00:00:00-04:00,5.14096462795934,5.210437257230688,5.123596768785115,5.175701141357422,4050,0.0,0.0
1997-10-02 00:00:00-04:00,5.210439151532716,5.210439151532716,5.14096649700396,5.193070888519287,5250,0.0,0.0
1997-10-03 00:00:00-04:00,5.175698140290229,5.2104342360221825,5.140961647033691,5.140961647033691,4350,0.0,0.0
1997-10-06 00:00:00-04:00,5.140964466374498,5.140964466374498,5.106228351593018,5.106228351593018,7650,0.0,0.0
1997-10-07 00:00:00-04:00,5.1409623156119055,5.210434913635254,5.1409623156119055,5.210434913635254,5550,0.0,0.0
1997-10-08 00:00:00-04:00,5.175701081204214,5.175701081204214,5.123596709237476,5.158332824707031,3750,0.0,0.0
1997-10-09 00:00:00-04:00,5.175698140290229,5.175698140290229,5.140961647033691,5.140961647033691,1200,0.0,0.0
1997-10-10 00:00:00-04:00,5.175701081204214,5.175701081204214,5.158332824707031,5.158332824707031,10650,0.0,0.0
1997-10-13 00:00:00-04:00,5.158332824707031,5.175701081204214,5.140964568209848,5.158332824707031,6000,0.0,0.0
1997-10-14 00:00:00-04:00,5.140961647033691,5.140961647033691,5.140961647033691,5.140961647033691,600,0.0,0.0
1997-10-15 00:00:00-04:00,5.140961647033691,5.175698140290229,5.140961647033691,5.140961647033691,3300,0.0,0.0
1997-10-16 00:00:00-04:00,5.175701081204214,5.175701081204214,5.158332824707031,5.158332824707031,1800,0.0,0.0
1997-10-17 00:00:00-04:00,5.14096462795934,5.175701141357422,5.106228512086074,5.175701141357422,750,0.0,0.0
1997-10-20 00:00:00-04:00,5.158329893661961,5.158329893661961,5.140961647033691,5.140961647033691,450,0.0,0.0
1997-10-21 00:00:00-04:00,5.175701141357422,5.210437257230688,5.158332884658381,5.175701141357422,4200,0.0,0.0
1997-10-22 00:00:00-04:00,5.175703023030818,5.193070888519287,5.175703023030818,5.193070888519287,2550,0.0,0.0
1997-10-23 00:00:00-04:00,5.140961647033691,5.175698140290229,5.140961647033691,5.140961647033691,6600,0.0,0.0
1997-10-24 00:00:00-04:00,5.175701081204214,5.175701081204214,5.158332824707031,5.158332824707031,900,0.0,0.0
1997-10-27 00:00:00-05:00,5.158332824707031,5.158332824707031,5.158332824707031,5.158332824707031,0,0.0,0.0
1997-10-28 00:00:00-05:00,5.12359619140625,5.12359619140625,5.12359619140625,5.12359619140625,450,0.0,0.0
1997-10-29 00:00:00-05:00,5.12359619140625,5.12359619140625,5.12359619140625,5.12359619140625,0,0.0,0.0
1997-10-30 00:00:00-05:00,5.14096462795934,5.193069000531647,5.14096462795934,5.175701141357422,3450,0.0,0.0
1997-10-31 00:00:00-05:00,5.193069000531647,5.193069000531647,5.175701141357422,5.175701141357422,3300,0.0,0.0
1997-11-03 00:00:00-05:00,5.175698140290229,5.193065989393913,5.106225551301739,5.140961647033691,9150,0.0,0.0
1997-11-04 00:00:00-05:00,5.123596768785115,5.175701141357422,5.123596768785115,5.175701141357422,750,0.0,0.0
1997-11-05 00:00:00-05:00,5.175698140290229,5.175698140290229,5.140961647033691,5.140961647033691,2400,0.0,0.0
1997-11-06 00:00:00-05:00,5.14096649700396,5.193070888519287,5.14096649700396,5.193070888519287,6450,0.0,0.0
1997-11-07 00:00:00-05:00,5.193070888519287,5.193070888519287,5.175703023030818,5.193070888519287,3450,0.0,0.0
1997-11-10 00:00:00-05:00,5.193068940176586,5.193068940176586,5.158332824707031,5.158332824707031,3000,0.0,0.0
1997-11-11 00:00:00-05:00,5.193070888519287,5.193070888519287,5.193070888519287,5.193070888519287,2550,0.0,0.0
1997-11-12 00:00:00-05:00,5.175698813385898,5.210434913635254,5.175698813385898,5.210434913635254,8100,0.0,0.0
1997-11-13 00:00:00-05:00,5.175701691984356,5.262542189668622,5.175701691984356,5.245173931121826,2250,0.0,0.0
1997-11-14 00:00:00-05:00,5.2799072265625,5.2799072265625,5.2799072265625,5.2799072265625,150,0.0,0.0
1997-11-17 00:00:00-05:00,5.314643324936231,5.314643324936231,5.2799072265625,5.2799072265625,13350,0.0,0.0
1997-11-18 00:00:00-05:00,5.2799072265625,5.314643324936231,5.210434632290423,5.2799072265625,7200,0.0,0.0
1997-11-19 00:00:00-05:00,5.279910008114621,5.488327503204346,5.279910008114621,5.488327503204346,4800,0.0,0.0
1997-11-20 00:00:00-05:00,5.5577970231394245,5.62726962009323,5.488324823710249,5.575165271759033,8550,0.0,0.0
1997-11-21 00:00:00-05:00,5.644640705345643,5.644640705345643,5.557799816131592,5.557799816131592,10200,0.0,0.0
1997-11-24 00:00:00-05:00,5.557799816131592,5.557799816131592,5.557799816131592,5.557799816131592,7800,0.0,0.0
1997-11-25 00:00:00-05:00,5.557799816131592,5.557799816131592,5.557799816131592,5.557799816131592,0,0.0,0.0
1997-11-26 00:00:00-05:00,5.609902858734131,5.609902858734131,5.575166749810535,5.609902858734131,1800,0.0,0.0
1997-11-28 00:00:00-05:00,5.662005365577291,5.662005365577291,5.627269268035889,5.627269268035889,1500,0.0,0.0
1997-12-01 00:00:00-05:00,5.696744998402474,5.835689862623326,5.696744998402474,5.766217231750488,9000,0.0,0.0
1997-12-02 00:00:00-05:00,5.83568923421323,5.9051618576049805,5.800953121279744,5.9051618576049805,13350,0.0,0.0
1997-12-03 00:00:00-05:00,5.939897060394287,6.044105780752082,5.939897060394287,5.939897060394287,7950,0.0,0.0
1997-12-04 00:00:00-05:00,5.939897970538466,5.939897970538466,5.83568923421323,5.9051618576049805,4950,0.0,0.0
1997-12-05 00:00:00-05:00,5.835688315701175,5.853056568196621,5.696743488311768,5.696743488311768,5550,0.0,0.0
1997-12-08 00:00:00-05:00,5.766217388750484,5.835690021514893,5.731481271130698,5.835690021514893,6750,0.0,0.0
1997-12-09 00:00:00-05:00,5.853058139842313,5.853058139842313,5.731481134778138,5.748849391937256,4800,0.0,0.0
1997-12-10 00:00:00-05:00,5.69387728664144,5.69387728664144,5.570861285260803,5.6587300300598145,9750,0.16133,0.0
1997-12-11 00:00:00-05:00,5.623582363128662,5.623582363128662,5.553287850066906,5.623582363128662,4350,0.0,0.0
1997-12-12 00:00:00-05:00,5.588435106597784,5.658730021889506,5.588435106597784,5.623582363128662,3450,0.0,0.0
1997-12-15 00:00:00-05:00,5.693874835968018,5.729022077422087,5.658727594513948,5.693874835968018,3450,0.0,0.0
1997-12-16 00:00:00-05:00,5.729023990754428,5.729023990754428,5.676302909851074,5.676302909851074,1800,0.0,0.0
1997-12-17 00:00:00-05:00,5.658728494477271,5.764170637838773,5.6060074227965195,5.746596813201904,9450,0.0,0.0
1997-12-18 00:00:00-05:00,5.764172418402231,5.904761852235952,5.764172418402231,5.834466934204102,4800,0.0,0.0
1997-12-19 00:00:00-05:00,5.799320220947266,5.9047624067826705,5.799320220947266,5.799320220947266,3600,0.0,0.0
1997-12-22 00:00:00-05:00,5.816894052663173,5.834467482149061,5.76417295974547,5.799320220947266,7650,0.0,0.0
1997-12-23 00:00:00-05:00,5.799320220947266,5.816894052663173,5.729025296313657,5.799320220947266,4350,0.0,0.0
1997-12-24 00:00:00-05:00,5.8696125822692435,5.939907073974609,5.834464934186718,5.939907073974609,11100,0.0,0.0
1997-12-26 00:00:00-05:00,5.90476089969199,5.90476089969199,5.8696136474609375,5.8696136474609375,2400,0.0,0.0
1997-12-29 00:00:00-05:00,5.834466934204102,5.834466934204102,5.834466934204102,5.834466934204102,1650,0.0,0.0
1997-12-30 00:00:00-05:00,5.869614530120451,5.904761787636869,5.8520407002472545,5.887187957763672,7950,0.0,0.0
1997-12-31 00:00:00-05:00,5.869612790190484,5.869612790190484,5.7641706466674805,5.7641706466674805,5100,0.0,0.0
1998-01-02 00:00:00-05:00,5.729022077422087,5.729022077422087,5.623579950830086,5.693874835968018,3900,0.0,0.0
1998-01-05 00:00:00-05:00,5.623579085548311,5.623579085548311,5.412694864812378,5.606005668640137,18150,0.0,0.0
1998-01-06 00:00:00-05:00,5.623580071931584,5.623580071931584,5.48299070085798,5.535711765289307,23550,0.0,0.0
1998-01-07 00:00:00-05:00,5.465419105394763,5.623582363128662,5.395124592333006,5.623582363128662,29550,0.0,0.0
1998-01-08 00:00:00-05:00,5.6587300300598145,5.7290245432230655,5.606008944072394,5.6587300300598145,23100,0.0,0.0
1998-01-09 00:00:00-05:00,5.658732986172803,5.658732986172803,5.588438034057617,5.588438034057617,7950,0.0,0.0
1998-01-12 00:00:00-05:00,5.553286586619299,5.5708600097715655,5.4126967880219325,5.465417861938477,10050,0.0,0.0
1998-01-13 00:00:00-05:00,5.482992649078369,5.588434815406799,5.46541882061365,5.482992649078369,9300,0.0,0.0
1998-01-14 00:00:00-05:00,5.48299400756947,5.55328893661499,5.447846744161731,5.55328893661499,12750,0.0,0.0
1998-01-15 00:00:00-05:00,5.553287850066906,5.623582363128662,5.553287850066906,5.623582363128662,1350,0.0,0.0
1998-01-16 00:00:00-05:00,5.588435106597784,5.658730021889506,5.588435106597784,5.623582363128662,2850,0.0,0.0
1998-01-20 00:00:00-05:00,5.553284613456153,5.623579085548311,5.553284613456153,5.606005668640137,2250,0.0,0.0
1998-01-21 00:00:00-05:00,5.535715103796099,5.55328893661499,5.518141270977209,5.55328893661499,2700,0.0,0.0
1998-01-22 00:00:00-05:00,5.500566477543089,5.6938769817352295,5.482992649078369,5.482992649078369,16950,0.0,0.0
1998-01-23 00:00:00-05:00,5.553287850066906,5.623582363128662,5.535714020686484,5.623582363128662,3750,0.0,0.0
1998-01-26 00:00:00-05:00,5.693874835968018,5.693874835968018,5.658727594513948,5.693874835968018,2550,0.0,0.0
1998-01-27 00:00:00-05:00,5.693875750242192,5.7641706466674805,5.676301925578406,5.7641706466674805,14700,0.0,0.0
1998-01-28 00:00:00-05:00,5.693877278420383,5.729024534951262,5.623582363128662,5.623582363128662,10800,0.0,0.0
1998-01-29 00:00:00-05:00,5.693880261115308,5.693880261115308,5.588438034057617,5.588438034057617,6600,0.0,0.0
1998-01-30 00:00:00-05:00,5.623583463430467,5.623583463430467,5.518141270977209,5.55328893661499,5100,0.0,0.0
1998-02-02 00:00:00-05:00,5.623581136007044,5.658728787098318,5.412696838378906,5.412696838378906,12750,0.0,0.0
1998-02-03 00:00:00-05:00,5.377549955101984,5.518139362335205,5.377549955101984,5.518139362335205,6150,0.0,0.0
1998-02-04 00:00:00-05:00,5.342400590644306,5.342400590644306,5.201810836791992,5.201810836791992,15000,0.0,0.0
1998-02-05 00:00:00-05:00,5.2369601918420425,5.412696838378906,5.2369601918420425,5.412696838378906,18300,0.0,0.0
1998-02-06 00:00:00-05:00,5.412697862064168,5.4478455198028,5.377550606555489,5.395124435424805,8550,0.0,0.0
1998-02-09 00:00:00-05:00,5.3951249092089855,5.3951249092089855,5.359977248383788,5.377551078796387,13200,0.0,0.0
1998-02-10 00:00:00-05:00,5.342401504516602,5.570859189704577,5.342401504516602,5.342401504516602,9900,0.0,0.0
1998-02-11 00:00:00-05:00,5.37755155413397,5.37755155413397,5.307256628499989,5.359977722167969,24600,0.0,0.0
1998-02-12 00:00:00-05:00,5.342401504516602,5.412695991237603,5.307253858926287,5.342401504516602,9300,0.0,0.0
1998-02-13 00:00:00-05:00,5.377550546521819,5.447845458984375,5.342403291405516,5.447845458984375,8700,0.0,0.0
1998-02-17 00:00:00-05:00,5.395126265436895,5.430273532867432,5.35997859577627,5.430273532867432,9450,0.0,0.0
1998-02-18 00:00:00-05:00,5.430270663924543,5.44784448947018,5.3951234150631455,5.412696838378906,8250,0.0,0.0
1998-02-19 00:00:00-05:00,5.44784448947018,5.44784448947018,5.377549589517509,5.412696838378906,10650,0.0,0.0
1998-02-20 00:00:00-05:00,5.412698337391595,5.412698337391595,5.342403820201177,5.377551078796387,5550,0.0,0.0
1998-02-23 00:00:00-05:00,5.395124487905445,5.412697914715753,5.307255744934082,5.307255744934082,8400,0.0,0.0
1998-02-24 00:00:00-05:00,5.342402929043637,5.342402929043637,5.3072552740813626,5.3248291015625,10050,0.0,0.0
1998-02-25 00:00:00-05:00,5.377549589517509,5.412696838378906,5.324828515110474,5.412696838378906,12750,0.0,0.0
1998-02-26 00:00:00-05:00,5.412698337391595,5.412698337391595,5.342403820201177,5.377551078796387,2550,0.0,0.0
1998-02-27 00:00:00-05:00,5.412696838378906,5.412696838378906,5.342402340656111,5.412696838378906,6000,0.0,0.0
1998-03-02 00:00:00-05:00,5.342402340656111,5.44784448947018,5.342402340656111,5.412696838378906,4200,0.0,0.0
1998-03-03 00:00:00-05:00,5.412699698037119,5.447847367697744,5.412699698037119,5.430273532867432,6450,0.0,0.0
1998-03-04 00:00:00-05:00,5.430270663924543,5.465417912785941,5.3951234150631455,5.412696838378906,13950,0.0,0.0
1998-03-05 00:00:00-05:00,5.44784448947018,5.465417912785941,5.377549589517509,5.412696838378906,7800,0.0,0.0
1998-03-06 00:00:00-05:00,5.43026981403276,5.43026981403276,5.342401504516602,5.342401504516602,2250,0.0,0.0
1998-03-09 00:00:00-05:00,5.395124375194945,5.447845458984375,5.395124375194945,5.447845458984375,9450,0.0,0.0
1998-03-10 00:00:00-05:00,5.44784448947018,5.44784448947018,5.342402340656111,5.412696838378906,4050,0.0,0.0
1998-03-11 00:00:00-05:00,5.377088105610431,5.412698233195721,5.377088105610431,5.394893169403076,9450,0.16667,0.0
1998-03-12 00:00:00-05:00,5.3770876673702075,5.412697792053223,5.3770876673702075,5.412697792053223,3000,0.0,0.0
1998-03-13 00:00:00-05:00,5.448307509213811,5.448307509213811,5.3770876673702075,5.412697792053223,11250,0.0,0.0
1998-03-16 00:00:00-05:00,5.377088067589357,5.377088067589357,5.34147834777832,5.34147834777832,4650,0.0,0.0
1998-03-17 00:00:00-05:00,5.377090921138262,5.377090921138262,5.323676109313965,5.323676109313965,14250,0.0,0.0
1998-03-18 00:00:00-05:00,5.323673284111574,5.34147834777832,5.305868627967284,5.34147834777832,9150,0.0,0.0
1998-03-19 00:00:00-05:00,5.323676109313965,5.3414811824296216,5.3058714437209815,5.323676109313965,7200,0.0,0.0
1998-03-20 00:00:00-05:00,5.323674661359978,5.341479729632942,5.234650135040283,5.234650135040283,16200,0.0,0.0
1998-03-23 00:00:00-05:00,5.305869068134552,5.341478790899719,5.288064002990723,5.288064002990723,6000,0.0,0.0
1998-03-24 00:00:00-05:00,5.323676109313965,5.3414811824296216,5.252456631896686,5.323676109313965,10200,0.0,0.0
1998-03-25 00:00:00-05:00,5.25245475769043,5.305869550455002,5.25245475769043,5.25245475769043,7350,0.0,0.0
1998-03-26 00:00:00-05:00,5.288065909344767,5.288065909344767,5.199041366577148,5.199041366577148,14250,0.0,0.0
1998-03-27 00:00:00-05:00,5.234647760124407,5.3236722460544375,5.234647760124407,5.270257472991943,3750,0.0,0.0
1998-03-30 00:00:00-05:00,5.270259864063648,5.323674661359978,5.216845066767319,5.234650135040283,5400,0.0,0.0
1998-03-31 00:00:00-05:00,5.270259864063648,5.288064932336613,5.216845066767319,5.234650135040283,7500,0.0,0.0
1998-04-01 00:00:00-05:00,5.25245475769043,5.270259416930269,5.234649690928063,5.25245475769043,4800,0.0,0.0
1998-04-02 00:00:00-05:00,5.270260837782188,5.270260837782188,5.199041366577148,5.199041366577148,16050,0.0,0.0
1998-04-03 00:00:00-05:00,5.252454691793793,5.270259350810257,5.21684455871582,5.21684455871582,8850,0.0,0.0
1998-04-06 00:00:00-04:00,5.21684603061709,5.234651102179669,5.199041366577148,5.199041366577148,7650,0.0,0.0
1998-04-07 00:00:00-04:00,5.234650135040283,5.234650135040283,5.199040406016918,5.234650135040283,3300,0.0,0.0
1998-04-08 00:00:00-04:00,5.2524552033132474,5.270259864063648,5.199040406016918,5.234650135040283,7050,0.0,0.0
1998-04-09 00:00:00-04:00,5.199040406016918,5.2524552033132474,5.199040406016918,5.234650135040283,4200,0.0,0.0
1998-04-13 00:00:00-04:00,5.2524552033132474,5.2524552033132474,5.181235337743954,5.234650135040283,5700,0.0,0.0
1998-04-14 00:00:00-04:00,5.21684456215731,5.234649628708043,5.181234836578369,5.181234836578369,7350,0.0,0.0
1998-04-15 00:00:00-04:00,5.216843083570145,5.216843083570145,5.16342830657959,5.16342830657959,7800,0.0,0.0
1998-04-16 00:00:00-04:00,5.12782096862793,5.163430700624758,5.092211236631101,5.12782096862793,3900,0.0,0.0
1998-04-17 00:00:00-04:00,5.163431223451991,5.199041366577148,5.14562655941205,5.199041366577148,10950,0.0,0.0
1998-04-20 00:00:00-04:00,5.234649628708043,5.252454695258775,5.163429770027637,5.181234836578369,10650,0.0,0.0
1998-04-21 00:00:00-04:00,5.18123629501457,5.21684603061709,5.18123629501457,5.199041366577148,5700,0.0,0.0
1998-04-22 00:00:00-04:00,5.16342830657959,5.1990384295882315,5.127818591093355,5.16342830657959,4650,0.0,0.0
1998-04-23 00:00:00-04:00,5.181233368083911,5.181233368083911,5.127818591093355,5.16342830657959,6150,0.0,0.0
1998-04-24 00:00:00-04:00,5.1456260383876415,5.163430700624758,5.12782096862793,5.12782096862793,6450,0.0,0.0
1998-04-27 00:00:00-04:00,5.1278180975262275,5.1278180975262275,5.092208385467529,5.092208385467529,7950,0.0,0.0
1998-04-28 00:00:00-04:00,5.1456260383876415,5.163430700624758,5.12782096862793,5.12782096862793,8100,0.0,0.0
1998-04-29 00:00:00-04:00,5.127820044448695,5.181234836578369,5.127820044448695,5.181234836578369,8550,0.0,0.0
1998-04-30 00:00:00-04:00,5.1456260383876415,5.1456260383876415,5.110015898868217,5.12782096862793,3750,0.0,0.0
1998-05-01 00:00:00-04:00,5.12782096862793,5.12782096862793,5.092211236631101,5.12782096862793,6600,0.0,0.0
1998-05-04 00:00:00-04:00,5.056600595842028,5.110015392303467,5.038795935369919,5.110015392303467,13050,0.0,0.0
1998-05-05 00:00:00-04:00,5.127820460298132,5.127820460298132,5.110015392303467,5.110015392303467,7800,0.0,0.0
1998-05-06 00:00:00-04:00,5.14562463760376,5.163429294993947,5.127819572691087,5.14562463760376,2250,0.0,0.0
1998-05-07 00:00:00-04:00,5.181235337743954,5.234650135040283,5.1634302694709895,5.234650135040283,6900,0.0,0.0
1998-05-08 00:00:00-04:00,5.25245475769043,5.25245475769043,5.216844624165697,5.25245475769043,10800,0.0,0.0
1998-05-11 00:00:00-04:00,5.270260837782188,5.270260837782188,5.199041366577148,5.199041366577148,6600,0.0,0.0
1998-05-12 00:00:00-04:00,5.234648145074466,5.234648145074466,5.16342830657959,5.16342830657959,5550,0.0,0.0
1998-05-13 00:00:00-04:00,5.181233368083911,5.181233368083911,5.145623652597676,5.16342830657959,3600,0.0,0.0
1998-05-14 00:00:00-04:00,5.16342830657959,5.181233368083911,5.127818591093355,5.16342830657959,4500,0.0,0.0
1998-05-15 00:00:00-04:00,5.163429770027637,5.181234836578369,5.163429770027637,5.181234836578369,4500,0.0,0.0
1998-05-18 00:00:00-04:00,5.181233368083911,5.181233368083911,5.127818591093355,5.16342830657959,1500,0.0,0.0
1998-05-19 00:00:00-04:00,5.163431136892335,5.163431136892335,5.056601524353027,5.056601524353027,11550,0.0,0.0
1998-05-20 00:00:00-04:00,5.056598265886463,5.092208385467529,5.056598265886463,5.092208385467529,10950,0.0,0.0
1998-05-21 00:00:00-04:00,5.020989377011535,5.056599094908393,4.967574596405029,4.967574596405029,19350,0.0,0.0
1998-05-22 00:00:00-04:00,4.967577008722114,5.0209918152675135,4.914162202176715,4.985382080078125,12450,0.0,0.0
1998-05-26 00:00:00-04:00,4.985379622072429,5.020989339704701,4.914159779285452,4.949769496917725,9000,0.0,0.0
1998-05-27 00:00:00-04:00,4.949769496917725,5.003184277127349,4.949769496917725,4.949769496917725,2850,0.0,0.0
1998-05-28 00:00:00-04:00,4.9853811008325355,5.003185761168661,4.931966304779053,4.931966304779053,9600,0.0,0.0
1998-05-29 00:00:00-04:00,4.896357130820705,4.985382080078125,4.878552466987326,4.985382080078125,10350,0.0,0.0
1998-06-01 00:00:00-04:00,5.020988941192627,5.056598655998584,5.003183880028449,5.020988941192627,23550,0.0,0.0
1998-06-02 00:00:00-04:00,5.020992252471822,5.020992252471822,4.9675774412753135,5.00318717956543,27000,0.0,0.0
1998-06-03 00:00:00-04:00,4.985379659114676,5.003184314301888,4.967574596405029,4.967574596405029,7800,0.0,0.0
1998-06-04 00:00:00-04:00,4.985379622072429,5.003184277127349,4.914159779285452,4.949769496917725,10200,0.0,0.0
1998-06-05 00:00:00-04:00,4.949770965115178,4.949770965115178,4.914161236920374,4.931966304779053,9150,0.0,0.0
1998-06-08 00:00:00-04:00,4.914159815798524,4.967574596405029,4.878550097901664,4.967574596405029,9000,0.0,0.0
1998-06-09 00:00:00-04:00,4.967574559495077,4.967574559495077,4.931964841862804,4.949769496917725,12600,0.0,0.0
1998-06-10 00:00:00-04:00,4.94977331161499,4.985902904986558,4.94977331161499,4.94977331161499,10500,0.16667,0.0
1998-06-11 00:00:00-04:00,4.985900775604819,5.040095349252697,4.985900775604819,5.022030353546143,13050,0.0,0.0
1998-06-12 00:00:00-04:00,4.985901676289649,5.05816125869751,4.985901676289649,5.05816125869751,9750,0.0,0.0
1998-06-15 00:00:00-04:00,5.05816125869751,5.05816125869751,4.985901676289649,5.05816125869751,23700,0.0,0.0
1998-06-16 00:00:00-04:00,5.05816125869751,5.05816125869751,5.04009625972758,5.05816125869751,4950,0.0,0.0
1998-06-17 00:00:00-04:00,5.05816125869751,5.05816125869751,5.05816125869751,5.05816125869751,9900,0.0,0.0
1998-06-18 00:00:00-04:00,5.05816125869751,5.05816125869751,5.05816125869751,5.05816125869751,1650,0.0,0.0
1998-06-19 00:00:00-04:00,5.058161760558447,5.058161760558447,5.040096759796143,5.040096759796143,6000,0.0,0.0
1998-06-22 00:00:00-04:00,5.04009625972758,5.05816125869751,5.04009625972758,5.05816125869751,1200,0.0,0.0
1998-06-23 00:00:00-04:00,5.0581628684970825,5.0581628684970825,4.985903263092041,4.985903263092041,11100,0.0,0.0
1998-06-24 00:00:00-04:00,5.022030353546143,5.040095349252697,4.985900775604819,5.022030353546143,2550,0.0,0.0
1998-06-25 00:00:00-04:00,5.040096759796143,5.058161760558447,5.040096759796143,5.040096759796143,7800,0.0,0.0
1998-06-26 00:00:00-04:00,5.003966331481934,5.0220309157389496,4.9859013337530875,5.003966331481934,4200,0.0,0.0
1998-06-29 00:00:00-04:00,5.04009625972758,5.05816125869751,4.985901676289649,5.05816125869751,15450,0.0,0.0
1998-06-30 00:00:00-04:00,5.058159729282279,5.094289302825928,5.058159729282279,5.094289302825928,7050,0.0,0.0
1998-07-01 00:00:00-04:00,5.058161127048521,5.166550291103333,5.058161127048521,5.112355709075928,24150,0.0,0.0
1998-07-02 00:00:00-04:00,5.094292961923699,5.148487567901611,5.094292961923699,5.148487567901611,6150,0.0,0.0
1998-07-06 00:00:00-04:00,5.1846141411181845,5.2207441329956055,5.1846141411181845,5.2207441329956055,450,0.0,0.0
1998-07-07 00:00:00-04:00,5.220747024223064,5.238811616694079,5.202682018280029,5.202682018280029,5250,0.0,0.0
1998-07-08 00:00:00-04:00,5.202681721504151,5.220746726416705,5.130422115325928,5.130422115325928,9900,0.0,0.0
1998-07-09 00:00:00-04:00,5.094289443424868,5.2388081550598145,5.094289443424868,5.2388081550598145,8400,0.0,0.0
1998-07-10 00:00:00-04:00,5.25687453826814,5.27493953704834,5.25687453826814,5.27493953704834,7500,0.0,0.0
1998-07-13 00:00:00-04:00,5.3110694643164305,5.329134464263916,5.3110694643164305,5.329134464263916,1500,0.0,0.0
1998-07-14 00:00:00-04:00,5.329134464263916,5.347199050739521,5.27493987789334,5.329134464263916,2550,0.0,0.0
1998-07-15 00:00:00-04:00,5.329134303468431,5.329134303468431,5.184615135192871,5.184615135192871,14400,0.0,0.0
1998-07-16 00:00:00-04:00,5.148485161414909,5.202679742061382,5.148485161414909,5.166550159454346,2850,0.0,0.0
1998-07-17 00:00:00-04:00,5.184615135192871,5.184615135192871,5.184615135192871,5.184615135192871,1050,0.0,0.0
1998-07-20 00:00:00-04:00,5.184617167396209,5.184617167396209,5.148487567901611,5.148487567901611,900,0.0,0.0
1998-07-21 00:00:00-04:00,5.148485426603441,5.148485426603441,5.02203126075765,5.05816125869751,22650,0.0,0.0
1998-07-22 00:00:00-04:00,5.022033533817315,5.076228141784668,5.022033533817315,5.076228141784668,4800,0.0,0.0
1998-07-23 00:00:00-04:00,5.05816125869751,5.05816125869751,5.05816125869751,5.05816125869751,300,0.0,0.0
1998-07-24 00:00:00-04:00,5.0581629226197,5.130422115325928,5.0581629226197,5.130422115325928,5700,0.0,0.0
1998-07-27 00:00:00-04:00,5.112354296333619,5.130418876369576,5.094289302825928,5.094289302825928,3750,0.0,0.0
1998-07-28 00:00:00-04:00,5.058159729282279,5.094289302825928,5.058159729282279,5.094289302825928,300,0.0,0.0
1998-07-29 00:00:00-04:00,5.094289302825928,5.130418876369576,5.094289302825928,5.094289302825928,2400,0.0,0.0
1998-07-30 00:00:00-04:00,5.058160344959251,5.094289922900575,5.022030353546143,5.022030353546143,8700,0.0,0.0
1998-07-31 00:00:00-04:00,5.022030353546143,5.022030353546143,5.022030353546143,5.022030353546143,1800,0.0,0.0
1998-08-03 00:00:00-04:00,5.058163548110247,5.076228141784668,5.058163548110247,5.076228141784668,2400,0.0,0.0
1998-08-04 00:00:00-04:00,5.0762274597443495,5.0762274597443495,4.985903263092041,4.985903263092041,20700,0.0,0.0
1998-08-05 00:00:00-04:00,4.985901676289649,5.076225844195581,4.9497720918216475,5.05816125869751,10050,0.0,0.0
1998-08-06 00:00:00-04:00,5.058161760558447,5.076226347848851,5.022031759033839,5.040096759796143,4650,0.0,0.0
1998-08-07 00:00:00-04:00,5.022032859058567,5.0581628684970825,4.985903263092041,4.985903263092041,10500,0.0,0.0
1998-08-10 00:00:00-04:00,5.003968211071988,5.003968211071988,4.841384410858154,4.841384410858154,16500,0.0,0.0
1998-08-11 00:00:00-04:00,4.805253620751005,4.823318622329018,4.7691240310668945,4.7691240310668945,9750,0.0,0.0
1998-08-12 00:00:00-04:00,4.805253232692573,4.913642406463623,4.769123645926185,4.913642406463623,9000,0.0,0.0
1998-08-13 00:00:00-04:00,4.913641558682138,4.913641558682138,4.877511978149414,4.877511978149414,3600,0.0,0.0
1998-08-14 00:00:00-04:00,4.877511624539836,4.877511624539836,4.823317050933838,4.823317050933838,6450,0.0,0.0
1998-08-17 00:00:00-04:00,4.76912247732784,4.841382046626432,4.76912247732784,4.823317050933838,11250,0.0,0.0
1998-08-18 00:00:00-04:00,4.7871898681223115,4.823319464111886,4.769124863391529,4.8052544593811035,19650,0.0,0.0
1998-08-19 00:00:00-04:00,4.769124806272456,4.8594490019005905,4.769124806272456,4.841384410858154,9450,0.0,0.0
1998-08-20 00:00:00-04:00,4.82331740061442,4.877511978149414,4.82331740061442,4.877511978149414,11550,0.0,0.0
1998-08-21 00:00:00-04:00,4.841382397616689,4.877511978149414,4.769122823079427,4.877511978149414,5550,0.0,0.0
1998-08-24 00:00:00-04:00,4.805252744326555,4.93170690536499,4.805252744326555,4.93170690536499,10650,0.0,0.0
1998-08-25 00:00:00-04:00,4.94977331161499,5.022032498358127,4.931708308193226,4.94977331161499,8400,0.0,0.0
1998-08-26 00:00:00-04:00,4.913643304771462,4.985902904986558,4.913643304771462,4.94977331161499,5400,0.0,0.0
1998-08-27 00:00:00-04:00,4.91364190708183,4.967836488459468,4.91364190708183,4.93170690536499,3150,0.0,0.0
1998-08-28 00:00:00-04:00,4.895578215169156,4.895578215169156,4.7691240310668945,4.7691240310668945,12000,0.0,0.0
1998-08-31 00:00:00-04:00,4.769122823079427,4.877511978149414,4.769122823079427,4.877511978149414,6600,0.0,0.0
1998-09-01 00:00:00-04:00,4.841384468842669,4.91364366082182,4.7871898681223115,4.8052544593811035,15150,0.0,0.0
1998-09-02 00:00:00-04:00,4.841384410858154,4.913643601971868,4.841384410858154,4.841384410858154,4800,0.0,0.0
1998-09-03 00:00:00-04:00,4.877511978149414,4.877511978149414,4.841382397616689,4.877511978149414,5250,0.0,0.0
1998-09-04 00:00:00-04:00,4.913642494533288,4.913642494533288,4.877512907119331,4.895577907562256,3150,0.0,0.0
1998-09-08 00:00:00-04:00,4.931708715175809,5.130422115325928,4.931708715175809,5.130422115325928,21150,0.0,0.0
1998-09-09 00:00:00-04:00,5.203714061896824,5.203714061896824,5.130422592163086,5.130422592163086,3300,0.16667,0.0
1998-09-10 00:00:00-04:00,5.167067050933838,5.167067050933838,5.167067050933838,5.167067050933838,150,0.0,0.0
1998-09-11 00:00:00-04:00,5.112099647521973,5.167068460936187,5.112099647521973,5.112099647521973,3450,0.0,0.0
1998-09-14 00:00:00-04:00,5.167068614948004,5.167068614948004,5.112099799895366,5.148745536804199,3150,0.0,0.0
1998-09-15 00:00:00-04:00,5.148745536804199,5.148745536804199,5.093776721751561,5.148745536804199,2550,0.0,0.0
1998-09-16 00:00:00-04:00,5.222038405970141,5.2586841497278565,5.185392662212425,5.2037153244018555,12750,0.0,0.0
1998-09-17 00:00:00-04:00,5.2037153244018555,5.2037153244018555,5.2037153244018555,5.2037153244018555,1200,0.0,0.0
1998-09-18 00:00:00-04:00,5.240362307151372,5.240362307151372,5.222039222717285,5.222039222717285,1350,0.0,0.0
1998-09-21 00:00:00-04:00,5.1853914041527664,5.1853914041527664,5.130422592163086,5.130422592163086,3000,0.0,0.0
1998-09-22 00:00:00-04:00,5.167067050933838,5.2037127767504145,5.167067050933838,5.167067050933838,2100,0.0,0.0
1998-09-23 00:00:00-04:00,5.167066923429484,5.203712648341778,5.167066923429484,5.185389995574951,3000,0.0,0.0
1998-09-24 00:00:00-04:00,5.2220382789770765,5.277007102966309,5.2220382789770765,5.277007102966309,3750,0.0,0.0
1998-09-25 00:00:00-04:00,5.277004847430315,5.277004847430315,5.258681774139404,5.258681774139404,1650,0.0,0.0
1998-09-28 00:00:00-04:00,5.203712973645339,5.258681774139404,5.203712973645339,5.258681774139404,5400,0.0,0.0
1998-09-29 00:00:00-04:00,5.277008056640625,5.277008056640625,5.222039222717285,5.222039222717285,1350,0.0,0.0
1998-09-30 00:00:00-04:00,5.258681774139404,5.277004847430315,5.2403591202271596,5.258681774139404,3600,0.0,0.0
1998-10-01 00:00:00-04:00,5.258683166909476,5.258683166909476,5.148745536804199,5.148745536804199,4200,0.0,0.0
1998-10-02 00:00:00-04:00,5.222036046936249,5.258681774139404,5.222036046936249,5.258681774139404,6000,0.0,0.0
1998-10-05 00:00:00-04:00,5.2037153244018555,5.240361487538427,5.16706958064414,5.2037153244018555,3750,0.0,0.0
1998-10-06 00:00:00-04:00,5.258681774139404,5.258681774139404,5.203712973645339,5.258681774139404,5850,0.0,0.0
1998-10-07 00:00:00-04:00,5.240357875823975,5.258680525385226,5.240357875823975,5.240357875823975,9150,0.0,0.0
1998-10-08 00:00:00-04:00,5.2586841497278565,5.2586841497278565,5.185392662212425,5.2037153244018555,5550,0.0,0.0
1998-10-09 00:00:00-04:00,5.167067050933838,5.167067050933838,5.0937751799220345,5.167067050933838,3600,0.0,0.0
1998-10-12 00:00:00-04:00,5.167066019443271,5.240357875823975,5.130420300942203,5.240357875823975,6150,0.0,0.0
1998-10-13 00:00:00-04:00,5.16706958064414,5.240361487538427,5.130423836886424,5.2037153244018555,4950,0.0,0.0
1998-10-14 00:00:00-04:00,5.203712648341778,5.203712648341778,5.093775054226257,5.185389995574951,6450,0.0,0.0
1998-10-15 00:00:00-04:00,5.203715017183222,5.203715017183222,5.057131631427541,5.0754547119140625,35700,0.0,0.0
1998-10-16 00:00:00-04:00,5.148745517729857,5.167068595805781,5.093776702880859,5.093776702880859,17400,0.0,0.0
1998-10-19 00:00:00-04:00,5.148745249907144,5.148745249907144,5.093776437917463,5.130422592163086,4800,0.0,0.0
1998-10-20 00:00:00-04:00,5.130422725119632,5.148745383338528,5.093776569924313,5.112099647521973,7050,0.0,0.0
1998-10-21 00:00:00-04:00,5.112099647521973,5.112099647521973,5.112099647521973,5.112099647521973,4500,0.0,0.0
1998-10-22 00:00:00-04:00,5.112099647521973,5.112099647521973,5.093776569924313,5.112099647521973,3750,0.0,0.0
1998-10-23 00:00:00-04:00,5.112099647521973,5.130422725119632,5.057130834107758,5.112099647521973,20400,0.0,0.0
1998-10-26 00:00:00-05:00,5.130422859032708,5.148745517729857,5.093776702880859,5.093776702880859,12750,0.0,0.0
1998-10-27 00:00:00-05:00,5.1304228780391705,5.167068614948004,5.1304228780391705,5.148745536804199,12300,0.0,0.0
1998-10-28 00:00:00-05:00,5.1304228780391705,5.148745536804199,5.1304228780391705,5.148745536804199,12000,0.0,0.0
1998-10-29 00:00:00-05:00,5.148745249907144,5.148745249907144,5.075453780173405,5.130422592163086,14700,0.0,0.0
1998-10-30 00:00:00-05:00,5.130422592163086,5.130422592163086,5.093776437917463,5.130422592163086,16950,0.0,0.0
1998-11-02 00:00:00-05:00,5.148745249907144,5.148745249907144,5.0571307030505945,5.130422592163086,16050,0.0,0.0
1998-11-03 00:00:00-05:00,5.130422592163086,5.130422592163086,5.130422592163086,5.130422592163086,3450,0.0,0.0
1998-11-04 00:00:00-05:00,5.130422592163086,5.130422592163086,5.130422592163086,5.130422592163086,10350,0.0,0.0
1998-11-05 00:00:00-05:00,5.130423533994797,5.130423533994797,5.0754547119140625,5.0754547119140625,5700,0.0,0.0
1998-11-06 00:00:00-05:00,5.075455326816511,5.112101072850435,5.020486498076183,5.057132244110107,19350,0.0,0.0
1998-11-09 00:00:00-05:00,5.1304235218928635,5.1304235218928635,5.020485877990723,5.020485877990723,28500,0.0,0.0
1998-11-10 00:00:00-05:00,5.0388073673660285,5.0388073673660285,4.9838385581970215,4.9838385581970215,12900,0.0,0.0
1998-11-11 00:00:00-05:00,5.020485889833329,5.0754547119140625,5.020485889833329,5.0754547119140625,14400,0.0,0.0
1998-11-12 00:00:00-05:00,5.075453911705417,5.112099647521973,5.066292163217206,5.112099647521973,8250,0.0,0.0
1998-11-13 00:00:00-05:00,5.130422592163086,5.130422592163086,5.112099515040274,5.130422592163086,13650,0.0,0.0
1998-11-16 00:00:00-05:00,5.130422725119632,5.130422725119632,5.093776569924313,5.112099647521973,75900,0.0,0.0
1998-11-17 00:00:00-05:00,5.130422859032708,5.130422859032708,5.075454044183711,5.093776702880859,11400,0.0,0.0
1998-11-18 00:00:00-05:00,5.057130966107787,5.112099780956783,5.057130966107787,5.093776702880859,21000,0.0,0.0
1998-11-19 00:00:00-05:00,5.057132244110107,5.057132244110107,5.057132244110107,5.057132244110107,1650,0.0,0.0
1998-11-20 00:00:00-05:00,5.093776702880859,5.130422859032708,5.057130966107787,5.093776702880859,6150,0.0,0.0
1998-11-23 00:00:00-05:00,5.093775237481379,5.130421383090705,5.038806438446045,5.038806438446045,8850,0.0,0.0
1998-11-24 00:00:00-05:00,5.038807625927783,5.130422592163086,5.038807625927783,5.130422592163086,3600,0.0,0.0
1998-11-25 00:00:00-05:00,5.130422592163086,5.130422592163086,5.075453780173405,5.130422592163086,3900,0.0,0.0
1998-11-27 00:00:00-05:00,5.130422592163086,5.130422592163086,5.130422592163086,5.130422592163086,600,0.0,0.0
1998-11-30 00:00:00-05:00,5.130422592163086,5.130422592163086,5.093776437917463,5.130422592163086,18150,0.0,0.0
1998-12-01 00:00:00-05:00,5.130422725119632,5.148745383338528,5.093776569924313,5.112099647521973,13500,0.0,0.0
1998-12-02 00:00:00-05:00,5.112099515040274,5.130422592163086,5.0571307030505945,5.130422592163086,24450,0.0,0.0
1998-12-03 00:00:00-05:00,5.130422592163086,5.130422592163086,5.130422592163086,5.130422592163086,20100,0.0,0.0
1998-12-04 00:00:00-05:00,5.093776437917463,5.130422592163086,5.093776437917463,5.130422592163086,19050,0.0,0.0
1998-12-07 00:00:00-05:00,5.0571284445615,5.277003594325043,5.0571284445615,5.240357875823975,104700,0.0,0.0
1998-12-08 00:00:00-05:00,5.240358295671247,5.423587322235107,5.240358295671247,5.423587322235107,45300,0.0,0.0
1998-12-09 00:00:00-05:00,5.460735126720509,5.497882843017578,5.4050133397131574,5.497882843017578,16650,0.16667,0.0
1998-12-10 00:00:00-05:00,5.442164576180422,5.460738658905029,5.38644275313037,5.460738658905029,6450,0.0,0.0
1998-12-11 00:00:00-05:00,5.4607392886988935,5.497887033308633,5.4607392886988935,5.479313373565674,2400,0.0,0.0
1998-12-14 00:00:00-05:00,5.4607392886988935,5.479313373565674,5.405017459222375,5.479313373565674,6750,0.0,0.0
1998-12-15 00:00:00-05:00,5.4607387228110404,5.479312805753017,5.405016899108887,5.405016899108887,11250,0.0,0.0
1998-12-16 00:00:00-05:00,5.423591613769531,5.479313443961945,5.367869783577118,5.423591613769531,15450,0.0,0.0
1998-12-17 00:00:00-05:00,5.38644275313037,5.460738658905029,5.38644275313037,5.460738658905029,9300,0.0,0.0
1998-12-18 00:00:00-05:00,5.423590918579586,5.460738658905029,5.423590918579586,5.460738658905029,2700,0.0,0.0
1998-12-21 00:00:00-05:00,5.460738658905029,5.460738658905029,5.423590918579586,5.460738658905029,2850,0.0,0.0
1998-12-22 00:00:00-05:00,5.460738565793229,5.460738565793229,5.3864426612854,5.3864426612854,4200,0.0,0.0
1998-12-23 00:00:00-05:00,5.460739358856531,5.460739358856531,5.367869783577118,5.423591613769531,10200,0.0,0.0
1998-12-24 00:00:00-05:00,5.423591613769531,5.442165273751118,5.386443443558704,5.423591613769531,2100,0.0,0.0
1998-12-28 00:00:00-05:00,5.423591613769531,5.423591613769531,5.349295698471704,5.423591613769531,7200,0.0,0.0
1998-12-29 00:00:00-05:00,5.423591613769531,5.423591613769531,5.349295698471704,5.423591613769531,5550,0.0,0.0
1998-12-30 00:00:00-05:00,5.442164483385331,5.460738565793229,5.3864426612854,5.3864426612854,10950,0.0,0.0
1998-12-31 00:00:00-05:00,5.423590764010047,5.479312585472055,5.423590764010047,5.442164421081543,4800,0.0,0.0
1999-01-04 00:00:00-05:00,5.442163931581517,5.627903461456299,5.442163931581517,5.627903461456299,12450,0.0,0.0
1999-01-05 00:00:00-05:00,5.62790266770055,5.683624476291644,5.62790266770055,5.646476745605469,11700,0.0,0.0
1999-01-06 00:00:00-05:00,5.683627128601074,5.72077487662254,5.646479380579609,5.683627128601074,16050,0.0,0.0
1999-01-07 00:00:00-05:00,5.683627128601074,5.72077487662254,5.646479380579609,5.683627128601074,5700,0.0,0.0
1999-01-08 00:00:00-05:00,5.6836288904566254,5.720776649993443,5.665054798126221,5.665054798126221,4350,0.0,0.0
1999-01-11 00:00:00-05:00,5.665050929410815,5.720772743225098,5.665050929410815,5.720772743225098,4800,0.0,0.0
1999-01-12 00:00:00-05:00,5.757921953569796,5.795069694519043,5.702200129584035,5.795069694519043,5550,0.0,0.0
1999-01-13 00:00:00-05:00,5.72077487662254,5.72077487662254,5.646479380579609,5.683627128601074,7200,0.0,0.0
1999-01-14 00:00:00-05:00,5.665054798126221,5.720776649993443,5.665054798126221,5.665054798126221,1650,0.0,0.0
1999-01-15 00:00:00-05:00,5.683627128601074,5.72077487662254,5.683627128601074,5.683627128601074,1200,0.0,0.0
1999-01-19 00:00:00-05:00,5.720774540654929,5.720774540654929,5.55360904668978,5.572183132171631,16500,0.0,0.0
1999-01-20 00:00:00-05:00,5.553607835996436,5.553607835996436,5.5350341796875,5.5350341796875,5850,0.0,0.0
1999-01-21 00:00:00-05:00,5.460735126720509,5.535030984438144,5.442161056010226,5.497882843017578,22050,0.0,0.0
1999-01-22 00:00:00-05:00,5.423591613769531,5.460739358856531,5.423591613769531,5.423591613769531,6450,0.0,0.0
1999-01-25 00:00:00-05:00,5.423592013764278,5.423592013764278,5.312148345160381,5.3492960929870605,7800,0.0,0.0
1999-01-26 00:00:00-05:00,5.293574258685112,5.3492960929870605,5.275000172209843,5.3492960929870605,5550,0.0,0.0
1999-01-27 00:00:00-05:00,5.349298577559622,5.349298577559622,5.275002622274386,5.293576717376709,3000,0.0,0.0
1999-01-28 00:00:00-05:00,5.237854857193796,5.3121508124790315,5.237854857193796,5.293576717376709,8700,0.0,0.0
1999-01-29 00:00:00-05:00,5.25642378922996,5.29357151782259,5.237849712371826,5.237849712371826,5250,0.0,0.0
1999-02-01 00:00:00-05:00,5.274997440964456,5.274997440964456,5.182127906921062,5.237849712371826,8550,0.0,0.0
1999-02-02 00:00:00-05:00,5.182129063071413,5.256424961955975,5.182129063071413,5.200703144073486,1500,0.0,0.0
1999-02-03 00:00:00-05:00,5.200703558385245,5.256425380706787,5.182129475903475,5.256425380706787,4050,0.0,0.0
1999-02-04 00:00:00-05:00,5.182129859924316,5.237851686375116,5.182129859924316,5.182129859924316,10950,0.0,0.0
1999-02-05 00:00:00-05:00,5.182131534647865,5.2192792892456055,5.182131534647865,5.2192792892456055,6150,0.0,0.0
1999-02-08 00:00:00-05:00,5.163557444787027,5.2192792892456055,5.163557444787027,5.2192792892456055,2550,0.0,0.0
1999-02-09 00:00:00-05:00,5.256427468967282,5.256427468967282,5.182131534647865,5.2192792892456055,3600,0.0,0.0
1999-02-10 00:00:00-05:00,5.182129063071413,5.200703144073486,5.163554982069339,5.200703144073486,4350,0.0,0.0
1999-02-11 00:00:00-05:00,5.182129063071413,5.219276799951827,5.163554982069339,5.200703144073486,3000,0.0,0.0
1999-02-12 00:00:00-05:00,5.2007019837791955,5.237849712371826,5.2007019837791955,5.237849712371826,3600,0.0,0.0
1999-02-16 00:00:00-05:00,5.182129859924316,5.182129859924316,5.182129859924316,5.182129859924316,3300,0.0,0.0
1999-02-17 00:00:00-05:00,5.200703943782515,5.237851686375116,5.182129859924316,5.182129859924316,11100,0.0,0.0
1999-02-18 00:00:00-05:00,5.182128269747954,5.237850079100083,5.1635541915893555,5.1635541915893555,4050,0.0,0.0
1999-02-19 00:00:00-05:00,5.182128269747954,5.219276000941484,5.1635541915893555,5.1635541915893555,5250,0.0,0.0
1999-02-22 00:00:00-05:00,5.182127906921062,5.312145594680724,5.182127906921062,5.237849712371826,23850,0.0,0.0
1999-02-23 00:00:00-05:00,5.293575617120652,5.349297465721921,5.275001525878906,5.275001525878906,3150,0.0,0.0
1999-02-24 00:00:00-05:00,5.275001525878906,5.349297465721921,5.275001525878906,5.275001525878906,4200,0.0,0.0
1999-02-25 00:00:00-05:00,5.275000172209843,5.3492960929870605,5.2378524243831635,5.3492960929870605,16050,0.0,0.0
1999-02-26 00:00:00-05:00,5.349293323273354,5.349293323273354,5.237849712371826,5.237849712371826,6000,0.0,0.0
1999-03-01 00:00:00-05:00,5.200703943782515,5.256425770233315,5.163555776066118,5.182129859924316,6600,0.0,0.0
1999-03-02 00:00:00-05:00,5.219275635513692,5.237849712371826,5.219275635513692,5.237849712371826,1050,0.0,0.0
1999-03-03 00:00:00-05:00,5.200703558385245,5.256425380706787,5.1635553934217056,5.256425380706787,4800,0.0,0.0
1999-03-04 00:00:00-05:00,5.200706011159857,5.312149708362397,5.200706011159857,5.275001525878906,4800,0.0,0.0
1999-03-05 00:00:00-05:00,5.237849712371826,5.237849712371826,5.237849712371826,5.237849712371826,600,0.0,0.0
1999-03-08 00:00:00-05:00,5.274997440964456,5.274997440964456,5.182127906921062,5.237849712371826,4950,0.0,0.0
1999-03-09 00:00:00-05:00,5.1635541915893555,5.237850079100083,5.1635541915893555,5.1635541915893555,7050,0.0,0.0
1999-03-10 00:00:00-05:00,5.125868086849471,5.238938709583873,5.125868086849471,5.201248645782471,5400,0.16667,0.0
1999-03-11 00:00:00-05:00,5.163557856627779,5.163557856627779,5.1258673667907715,5.1258673667907715,3900,0.0,0.0
1999-03-12 00:00:00-05:00,5.201248546203598,5.238938609283417,5.1258679887137735,5.163558483123779,7200,0.0,0.0
1999-03-15 00:00:00-05:00,5.125869575148654,5.125869575148654,5.05048942565918,5.05048942565918,5400,0.0,0.0
1999-03-16 00:00:00-05:00,5.0881783969614816,5.0881783969614816,5.012797832489014,5.012797832489014,5550,0.0,0.0
1999-03-17 00:00:00-05:00,5.01279671539301,5.0504872048950755,5.01279671539301,5.031641960144043,2250,0.0,0.0
1999-03-18 00:00:00-05:00,5.088177846551997,5.107023093464101,5.0316425371458635,5.069332599639893,4800,0.0,0.0
1999-03-19 00:00:00-05:00,5.107024753441445,5.107024753441445,5.05048942565918,5.05048942565918,4950,0.0,0.0
1999-03-22 00:00:00-05:00,5.0881783969614816,5.0881783969614816,5.012797832489014,5.012797832489014,4200,0.0,0.0
1999-03-23 00:00:00-05:00,5.012797127104083,5.125867742236733,5.012797127104083,5.088177680969238,3300,0.0,0.0
1999-03-24 00:00:00-05:00,5.125867742236733,5.125867742236733,5.088177680969238,5.088177680969238,1500,0.0,0.0
1999-03-25 00:00:00-05:00,5.125867742236733,5.125867742236733,5.050487619701744,5.088177680969238,5850,0.0,0.0
1999-03-26 00:00:00-05:00,5.05048942565918,5.088179500403917,5.05048942565918,5.05048942565918,1950,0.0,0.0
1999-03-29 00:00:00-05:00,5.012795539652622,5.012795539652622,4.899724960327148,4.899724960327148,13500,0.0,0.0
1999-03-30 00:00:00-05:00,4.899727151570493,4.91857240032934,4.786656521677865,4.824347019195557,13650,0.0,0.0
1999-03-31 00:00:00-05:00,4.824345857124078,4.843190670013428,4.824345857124078,4.843190670013428,4050,0.0,0.0
1999-04-01 00:00:00-05:00,4.78665621348358,4.805501461029053,4.748966149722828,4.805501461029053,4350,0.0,0.0
1999-04-05 00:00:00-04:00,4.767810671390088,4.767810671390088,4.7112753686911155,4.7301201820373535,10950,0.0,0.0
1999-04-06 00:00:00-04:00,4.73012182796024,4.73012182796024,4.711277008056641,4.711277008056641,10350,0.0,0.0
1999-04-07 00:00:00-04:00,4.6735846692189655,4.711275156877177,4.654739856719971,4.654739856719971,35700,0.0,0.0
1999-04-08 00:00:00-04:00,4.6547415162060535,4.6547415162060535,4.485135555267334,4.485135555267334,7200,0.0,0.0
1999-04-09 00:00:00-04:00,4.522823333740234,4.522823333740234,4.485133283069081,4.522823333740234,3000,0.0,0.0
1999-04-12 00:00:00-04:00,4.560514172245929,4.748965320816959,4.560514172245929,4.692430019378662,27300,0.0,0.0
1999-04-13 00:00:00-04:00,4.730121537635523,4.824347356691262,4.673586218734181,4.786656856536865,8400,0.0,0.0
1999-04-14 00:00:00-04:00,4.824347356691262,4.824347356691262,4.711276718888578,4.786656856536865,5550,0.0,0.0
1999-04-15 00:00:00-04:00,4.748966455490397,4.824347019195557,4.748966455490397,4.824347019195557,3900,0.0,0.0
1999-04-16 00:00:00-04:00,4.786656521677865,4.824347019195557,4.748966455490397,4.824347019195557,2550,0.0,0.0
1999-04-19 00:00:00-04:00,4.78665621348358,4.8243467085745255,4.767811397268302,4.805501461029053,4050,0.0,0.0
1999-04-20 00:00:00-04:00,4.786656521677865,4.862037085383025,4.748966455490397,4.824347019195557,13500,0.0,0.0
1999-04-21 00:00:00-04:00,4.862034320831299,4.93741484167511,4.824344276074382,4.862034320831299,14250,0.0,0.0
1999-04-22 00:00:00-04:00,4.824347019195557,4.824347019195557,4.824347019195557,4.824347019195557,2100,0.0,0.0
1999-04-23 00:00:00-04:00,4.824347812363447,4.937418460845947,4.824347812363447,4.937418460845947,11100,0.0,0.0
1999-04-26 00:00:00-04:00,4.975106239318848,5.031641537492925,4.95626099615079,4.975106239318848,3750,0.0,0.0
1999-04-27 00:00:00-04:00,4.937416459780656,4.937416459780656,4.843190670013428,4.843190670013428,6150,0.0,0.0
1999-04-28 00:00:00-04:00,4.824347019195557,4.899727151570493,4.786656521677865,4.824347019195557,18900,0.0,0.0
1999-04-29 00:00:00-04:00,4.824347019195557,4.824347019195557,4.8055017704367105,4.824347019195557,1950,0.0,0.0
1999-04-30 00:00:00-04:00,4.862037110602719,4.975107741081851,4.824347044219749,4.918572425842285,14850,0.0,0.0
1999-05-03 00:00:00-04:00,4.9562596483885795,5.031640169232391,4.824344276074382,4.862034320831299,7950,0.0,0.0
1999-05-04 00:00:00-04:00,4.824347652799357,4.824347652799357,4.673586505588882,4.711277008056641,14400,0.0,0.0
1999-05-05 00:00:00-04:00,4.711276152745995,4.805501529148646,4.711276152745995,4.748966217041016,4050,0.0,0.0
1999-05-06 00:00:00-04:00,4.786656521677865,4.84319183662418,4.786656521677865,4.824347019195557,4200,0.0,0.0
1999-05-07 00:00:00-04:00,4.84319183662418,4.862037085383025,4.8055017704367105,4.824347019195557,12900,0.0,0.0
1999-05-10 00:00:00-04:00,4.786656856536865,4.786656856536865,4.711276718888578,4.786656856536865,7350,0.0,0.0
1999-05-11 00:00:00-04:00,4.748963755230571,4.862034320831299,4.748963755230571,4.862034320831299,6000,0.0,0.0
1999-05-12 00:00:00-04:00,4.862035914232897,4.899725971341717,4.824345857124078,4.843190670013428,5850,0.0,0.0
1999-05-13 00:00:00-04:00,4.862037884747516,4.937418460845947,4.862037884747516,4.937418460845947,7500,0.0,0.0
1999-05-14 00:00:00-04:00,4.880882359459315,4.9374176746988825,4.862037110602719,4.918572425842285,21450,0.0,0.0
1999-05-17 00:00:00-04:00,4.899725697976712,4.975106239318848,4.899725697976712,4.975106239318848,5850,0.0,0.0
1999-05-18 00:00:00-04:00,4.993952312135419,5.088177680969238,4.956261819537758,5.088177680969238,8550,0.0,0.0
1999-05-19 00:00:00-04:00,5.107023172838958,5.201248546203598,5.107023172838958,5.163558483123779,13050,0.0,0.0
1999-05-20 00:00:00-04:00,5.238936696443024,5.314317226409912,5.201246647124595,5.314317226409912,6150,0.0,0.0
1999-05-21 00:00:00-04:00,5.3143197063478205,5.3897002714912,5.3143197063478205,5.3520097732543945,11700,0.0,0.0
1999-05-24 00:00:00-04:00,5.352007275728341,5.3896977563768,5.314317226409912,5.314317226409912,4500,0.0,0.0
1999-05-25 00:00:00-04:00,5.2954719860856825,5.370852516052571,5.276627177091482,5.314317226409912,10800,0.0,0.0
1999-05-26 00:00:00-04:00,5.352007275728341,5.352007275728341,5.314317226409912,5.314317226409912,1050,0.0,0.0
1999-05-27 00:00:00-04:00,5.314317226409912,5.314317226409912,5.314317226409912,5.314317226409912,1200,0.0,0.0
1999-05-28 00:00:00-04:00,5.389699559804853,5.427389621734619,5.3143190046151485,5.427389621734619,4200,0.0,0.0
1999-06-01 00:00:00-04:00,5.389699559804853,5.427389621734619,5.389699559804853,5.427389621734619,1950,0.0,0.0
1999-06-02 00:00:00-04:00,5.389698970313549,5.55930487744233,5.389698970313549,5.540459632873535,15300,0.0,0.0
1999-06-03 00:00:00-04:00,5.55930487744233,5.578149690680999,5.521614388304739,5.540459632873535,7050,0.0,0.0
1999-06-04 00:00:00-04:00,5.540459527304153,5.540459527304153,5.427388924706109,5.502769470214844,25500,0.0,0.0
1999-06-07 00:00:00-04:00,5.427389028121014,5.578149690680999,5.427389028121014,5.540459632873535,16800,0.0,0.0
1999-06-08 00:00:00-04:00,5.502771638587408,5.540461710528526,5.483926386951704,5.521616458892822,12600,0.0,0.0
1999-06-09 00:00:00-04:00,5.5820207595825195,5.620253631637427,5.50555457793054,5.5820207595825195,16200,0.17333,0.0
1999-06-10 00:00:00-04:00,5.601139284438673,5.620255947113037,5.582023059306656,5.620255947113037,8550,0.0,0.0
1999-06-11 00:00:00-04:00,5.620254628286812,5.620254628286812,5.543788433074951,5.543788433074951,11100,0.0,0.0
1999-06-14 00:00:00-04:00,5.543787548792238,5.5820208590707425,5.505554676055908,5.505554676055908,7350,0.0,0.0
1999-06-15 00:00:00-04:00,5.50555457793054,5.5820207595825195,5.486437923132003,5.5820207595825195,4800,0.0,0.0
1999-06-16 00:00:00-04:00,5.505555554240143,5.601137970098286,5.505555554240143,5.543788433074951,16050,0.0,0.0
1999-06-17 00:00:00-04:00,5.543789686883757,5.582023011907833,5.505556799402024,5.5246734619140625,8850,0.0,0.0
1999-06-18 00:00:00-04:00,5.505556799402024,5.582023011907833,5.505556799402024,5.5246734619140625,9450,0.0,0.0
1999-06-21 00:00:00-04:00,5.582023059306656,5.620255947113037,5.582023059306656,5.620255947113037,10350,0.0,0.0
1999-06-22 00:00:00-04:00,5.620255947113037,5.620255947113037,5.620255947113037,5.620255947113037,450,0.0,0.0
1999-06-23 00:00:00-04:00,5.5820207595825195,5.60113697683889,5.5820207595825195,5.5820207595825195,17550,0.0,0.0
1999-06-24 00:00:00-04:00,5.601137970098286,5.601137970098286,5.543788433074951,5.543788433074951,4200,0.0,0.0
1999-06-25 00:00:00-04:00,5.524671232729077,5.5820207595825195,5.524671232729077,5.5820207595825195,900,0.0,0.0
1999-06-28 00:00:00-04:00,5.601137970098286,5.601137970098286,5.543788433074951,5.543788433074951,3750,0.0,0.0
1999-06-29 00:00:00-04:00,5.5820207595825195,5.60113697683889,5.543787449985447,5.5820207595825195,11400,0.0,0.0
1999-06-30 00:00:00-04:00,5.601136121137156,5.677602291107178,5.582019906801225,5.677602291107178,13650,0.0,0.0
1999-07-01 00:00:00-04:00,5.677602291107178,5.696718942985208,5.639369424893217,5.677602291107178,5400,0.0,0.0
1999-07-02 00:00:00-04:00,5.639371064480814,5.849652546107872,5.639371064480814,5.830535888671875,29700,0.0,0.0
1999-07-06 00:00:00-04:00,5.792302686946489,5.887885093688965,5.773186030581114,5.887885093688965,3300,0.0,0.0
1999-07-07 00:00:00-04:00,5.964352064987528,6.059934484284139,5.868769645690918,5.868769645690918,10800,0.0,0.0
1999-07-08 00:00:00-04:00,5.830536184701012,5.887885722378538,5.81141996383667,5.81141996383667,4200,0.0,0.0
1999-07-09 00:00:00-04:00,5.84965336337698,5.868770023483812,5.734954277820569,5.773187160491943,5700,0.0,0.0
1999-07-12 00:00:00-04:00,5.734952062786001,5.773184930690534,5.6584858894348145,5.6584858894348145,5700,0.0,0.0
1999-07-13 00:00:00-04:00,5.696719006493791,5.696719006493791,5.620252835671303,5.639369487762451,2400,0.0,0.0
1999-07-14 00:00:00-04:00,5.601136368806954,5.696719194881467,5.601136368806954,5.6584858894348145,4500,0.0,0.0
1999-07-15 00:00:00-04:00,5.696720123291016,5.773185871561908,5.696720123291016,5.696720123291016,5100,0.0,0.0
1999-07-16 00:00:00-04:00,5.6584879807065285,5.983469009399414,5.6584879807065285,5.983469009399414,18600,0.0,0.0
1999-07-19 00:00:00-04:00,5.96435022354126,5.96435022354126,5.9070007021610555,5.96435022354126,23100,0.0,0.0
1999-07-20 00:00:00-04:00,5.964351024442506,5.964351024442506,5.907001495361328,5.907001495361328,11100,0.0,0.0
1999-07-21 00:00:00-04:00,6.021701749144481,6.040818408481251,5.8496531277403525,5.926119327545166,32550,0.0,0.0
1999-07-22 00:00:00-04:00,5.92612137762469,5.92612137762469,5.830538485417207,5.8496551513671875,9000,0.0,0.0
1999-07-23 00:00:00-04:00,5.811419668778105,5.849652546107872,5.792303011342108,5.830535888671875,5850,0.0,0.0
1999-07-26 00:00:00-04:00,5.792302230013391,5.792302230013391,5.715836048126221,5.715836048126221,7800,0.0,0.0
1999-07-27 00:00:00-04:00,5.677604165310147,5.734953702333482,5.505555554240143,5.543788433074951,17400,0.0,0.0
1999-07-28 00:00:00-04:00,5.543787227043233,5.582020535102762,5.543787227043233,5.562903881072998,3900,0.0,0.0
1999-07-29 00:00:00-04:00,5.601139284438673,5.639372609787401,5.562906396632291,5.620255947113037,12600,0.0,0.0
1999-07-30 00:00:00-04:00,5.639372609787401,5.696722160268147,5.620255947113037,5.620255947113037,12450,0.0,0.0
1999-08-02 00:00:00-04:00,5.639369487762451,5.658485702311494,5.639369487762451,5.639369487762451,17850,0.0,0.0
1999-08-03 00:00:00-04:00,5.601139284438673,5.639372609787401,5.582023059306656,5.620255947113037,11250,0.0,0.0
1999-08-04 00:00:00-04:00,5.620252835671303,5.639369487762451,5.620252835671303,5.639369487762451,7050,0.0,0.0
1999-08-05 00:00:00-04:00,5.658488834919418,5.658488834919418,5.543789733957928,5.620255947113037,23250,0.0,0.0
1999-08-06 00:00:00-04:00,5.639372609787401,5.658488834919418,5.620255947113037,5.620255947113037,10500,0.0,0.0
1999-08-09 00:00:00-04:00,5.582021749452004,5.620254628286812,5.543788433074951,5.543788433074951,4800,0.0,0.0
1999-08-10 00:00:00-04:00,5.582021749452004,5.620254628286812,5.543788433074951,5.543788433074951,3900,0.0,0.0
1999-08-11 00:00:00-04:00,5.543787449985447,5.5820207595825195,5.543787449985447,5.5820207595825195,750,0.0,0.0
1999-08-12 00:00:00-04:00,5.5820207595825195,5.5820207595825195,5.5820207595825195,5.5820207595825195,1650,0.0,0.0
1999-08-13 00:00:00-04:00,5.639370059649907,5.639370059649907,5.562903881072998,5.562903881072998,4650,0.0,0.0
1999-08-16 00:00:00-04:00,5.582023011907833,5.620255899389567,5.5246734619140625,5.5246734619140625,5550,0.0,0.0
1999-08-17 00:00:00-04:00,5.562906349395796,5.562906349395796,5.5246734619140625,5.5246734619140625,4200,0.0,0.0
1999-08-18 00:00:00-04:00,5.5246734619140625,5.582023011907833,5.5246734619140625,5.5246734619140625,3150,0.0,0.0
1999-08-19 00:00:00-04:00,5.562903881072998,5.582020535102762,5.524671010555618,5.562903881072998,7800,0.0,0.0
1999-08-20 00:00:00-04:00,5.562903881072998,5.562903881072998,5.562903881072998,5.562903881072998,1500,0.0,0.0
1999-08-23 00:00:00-04:00,5.620252835671303,5.639369487762451,5.620252835671303,5.639369487762451,3450,0.0,0.0
1999-08-24 00:00:00-04:00,5.639369487762451,5.639369487762451,5.639369487762451,5.639369487762451,2400,0.0,0.0
1999-08-25 00:00:00-04:00,5.658488834919418,5.734955048074528,5.620255947113037,5.620255947113037,11250,0.0,0.0
1999-08-26 00:00:00-04:00,5.639372609787401,5.639372609787401,5.543789733957928,5.620255947113037,15600,0.0,0.0
1999-08-27 00:00:00-04:00,5.582019969031111,5.639369487762451,5.582019969031111,5.639369487762451,4500,0.0,0.0
1999-08-30 00:00:00-04:00,5.639369674253607,5.6584858894348145,5.639369674253607,5.6584858894348145,3450,0.0,0.0
1999-08-31 00:00:00-04:00,5.601136751590378,5.639370059649907,5.562903881072998,5.562903881072998,9450,0.0,0.0
1999-09-01 00:00:00-04:00,5.582019969031111,5.639369487762451,5.582019969031111,5.639369487762451,3150,0.0,0.0
1999-09-02 00:00:00-04:00,5.639369674253607,5.6584858894348145,5.620253021530281,5.6584858894348145,21150,0.0,0.0
1999-09-03 00:00:00-04:00,5.6967198308110545,5.734952702983556,5.6584865210963855,5.715836048126221,6300,0.0,0.0
1999-09-07 00:00:00-04:00,5.658485639229148,5.696718942985208,5.658485639229148,5.677602291107178,3450,0.0,0.0
1999-09-08 00:00:00-04:00,5.719481489612119,5.719481489612119,5.680705049084169,5.7000932693481445,12600,0.17333,0.0
1999-09-09 00:00:00-04:00,5.738869343060358,5.77764578410819,5.661317348480225,5.661317348480225,2850,0.0,0.0
1999-09-10 00:00:00-04:00,5.641929127956309,5.719481566294207,5.641929127956309,5.661317348480225,12450,0.0,0.0
1999-09-13 00:00:00-04:00,5.680704116821289,5.680704116821289,5.680704116821289,5.680704116821289,3000,0.0,0.0
1999-09-14 00:00:00-04:00,5.66131634349681,5.700092333903455,5.66131634349681,5.680704116821289,7650,0.0,0.0
1999-09-15 00:00:00-04:00,5.719480550985621,5.719480550985621,5.680704116821289,5.680704116821289,1800,0.0,0.0
1999-09-16 00:00:00-04:00,5.719481566294207,5.719481566294207,5.622540907432393,5.661317348480225,6900,0.0,0.0
1999-09-17 00:00:00-04:00,5.7000932693481445,5.738869266118335,5.7000932693481445,5.7000932693481445,2850,0.0,0.0
1999-09-20 00:00:00-04:00,5.661317370226074,5.700093367665084,5.622540929029297,5.6419291496276855,4200,0.0,0.0
1999-09-21 00:00:00-04:00,5.6807057081345445,5.6807057081345445,5.583765483083614,5.603153705596924,6600,0.0,0.0
1999-09-22 00:00:00-04:00,5.583764095074168,5.583764095074168,5.5449881034442745,5.564375877380371,1350,0.0,0.0
1999-09-23 00:00:00-04:00,5.544986724853516,5.544986724853516,5.544986724853516,5.544986724853516,150,0.0,0.0
1999-09-24 00:00:00-04:00,5.5643754684555455,5.5643754684555455,5.525599479675293,5.525599479675293,1050,0.0,0.0
1999-09-27 00:00:00-04:00,5.544991074849672,5.544991074849672,5.506214618682861,5.506214618682861,3900,0.0,0.0
1999-09-28 00:00:00-04:00,5.506214618682861,5.506214618682861,5.486826834357395,5.506214618682861,3450,0.0,0.0
1999-09-29 00:00:00-04:00,5.486823163831869,5.486823163831869,5.428658962249756,5.428658962249756,4800,0.0,0.0
1999-09-30 00:00:00-04:00,5.4674369977868125,5.506212998788017,5.3317203286458845,5.351108551025391,9750,0.0,0.0
1999-10-01 00:00:00-04:00,5.389883092738997,5.428659526999457,5.331718885105995,5.370495319366455,6750,0.0,0.0
1999-10-04 00:00:00-04:00,5.351106545554392,5.428658962249756,5.351106545554392,5.428658962249756,2100,0.0,0.0
1999-10-05 00:00:00-04:00,5.448047161102295,5.4674353777369,5.448047161102295,5.448047161102295,1500,0.0,0.0
1999-10-06 00:00:00-04:00,5.48682501211063,5.506212789997161,5.4286607909354565,5.467436790466309,11250,0.0,0.0
1999-10-07 00:00:00-04:00,5.448048694409273,5.448048694409273,5.351108471468602,5.3898844718933105,7200,0.0,0.0
1999-10-08 00:00:00-04:00,5.389883092738997,5.428659526999457,5.331718885105995,5.370495319366455,7800,0.0,0.0
1999-10-11 00:00:00-04:00,5.389883092738997,5.389883092738997,5.312331111733452,5.370495319366455,3600,0.0,0.0
1999-10-12 00:00:00-04:00,5.389882532023253,5.448046733605366,5.389882532023253,5.428658962249756,5100,0.0,0.0
1999-10-13 00:00:00-04:00,5.428658962249756,5.428658962249756,5.428658962249756,5.428658962249756,600,0.0,0.0
1999-10-14 00:00:00-04:00,5.4286609160758195,5.506212916925237,5.3898844718933105,5.3898844718933105,5400,0.0,0.0
1999-10-15 00:00:00-04:00,5.467434483189736,5.506210466356987,5.370494303392808,5.409270286560059,11700,0.0,0.0
1999-10-18 00:00:00-04:00,5.3898844718933105,5.3898844718933105,5.3898844718933105,5.3898844718933105,900,0.0,0.0
1999-10-19 00:00:00-04:00,5.4286609160758195,5.4286609160758195,5.3898844718933105,5.3898844718933105,5850,0.0,0.0
1999-10-20 00:00:00-04:00,5.467434483189736,5.486822696652164,5.389882073097631,5.409270286560059,12000,0.0,0.0
1999-10-21 00:00:00-04:00,5.3898844718933105,5.4286609160758195,5.3898844718933105,5.3898844718933105,750,0.0,0.0
1999-10-22 00:00:00-04:00,5.4286607909354565,5.467436790466309,5.389884347646814,5.467436790466309,4350,0.0,0.0
1999-10-25 00:00:00-04:00,5.4286609160758195,5.4286609160758195,5.3898844718933105,5.3898844718933105,3150,0.0,0.0
1999-10-26 00:00:00-04:00,5.428658962249756,5.428658962249756,5.389882532023253,5.428658962249756,3000,0.0,0.0
1999-10-27 00:00:00-04:00,5.409272569291135,5.506212789997161,5.409272569291135,5.467436790466309,6900,0.0,0.0
1999-10-28 00:00:00-04:00,5.467434317117056,5.544986724853516,5.467434317117056,5.544986724853516,7650,0.0,0.0
1999-10-29 00:00:00-04:00,5.506210299106491,5.564374493969439,5.486822529990569,5.544986724853516,3150,0.0,0.0
1999-11-01 00:00:00-05:00,5.583765232816655,5.583765232816655,5.467436790466309,5.467436790466309,10650,0.0,0.0
1999-11-02 00:00:00-05:00,5.46743860627399,5.525602846766266,5.46743860627399,5.506214618682861,4500,0.0,0.0
1999-11-03 00:00:00-05:00,5.5449881034442745,5.603152312767964,5.5062116680566815,5.564375877380371,14850,0.0,0.0
1999-11-04 00:00:00-05:00,5.564377284148918,5.583765506744385,5.564377284148918,5.583765506744385,6450,0.0,0.0
1999-11-05 00:00:00-05:00,5.62254008670406,5.62254008670406,5.5062116680566815,5.564375877380371,10200,0.0,0.0
1999-11-08 00:00:00-05:00,5.5449881034442745,5.583764095074168,5.5449881034442745,5.564375877380371,18750,0.0,0.0
1999-11-09 00:00:00-05:00,5.544986724853516,5.564374493969439,5.506210299106491,5.544986724853516,9450,0.0,0.0
1999-11-10 00:00:00-05:00,5.506211508005002,5.564375715638005,5.370495319366455,5.370495319366455,25350,0.0,0.0
1999-11-11 00:00:00-05:00,5.389882532023253,5.428658962249756,5.389882532023253,5.428658962249756,5550,0.0,0.0
1999-11-12 00:00:00-05:00,5.467434317117056,5.544986724853516,5.467434317117056,5.544986724853516,9300,0.0,0.0
1999-11-15 00:00:00-05:00,5.5643770111723345,5.5643770111723345,5.467436790466309,5.467436790466309,12150,0.0,0.0
1999-11-16 00:00:00-05:00,5.506210299106491,5.544986724853516,5.506210299106491,5.544986724853516,22800,0.0,0.0
1999-11-17 00:00:00-05:00,5.544987695944253,5.544987695944253,5.467435274626079,5.525599479675293,8100,0.0,0.0
1999-11-18 00:00:00-05:00,5.486822529990569,5.544986724853516,5.486822529990569,5.544986724853516,4350,0.0,0.0
1999-11-19 00:00:00-05:00,5.544989233285803,5.544989233285803,5.389884347646814,5.467436790466309,15450,0.0,0.0
1999-11-22 00:00:00-05:00,5.448048813006061,5.603153705596924,5.40927281173725,5.603153705596924,24300,0.0,0.0
1999-11-23 00:00:00-05:00,5.583762905630238,5.738867282867432,5.583762905630238,5.738867282867432,21900,0.0,0.0
1999-11-24 00:00:00-05:00,5.7000932693481445,5.738869266118335,5.680705049084169,5.7000932693481445,2250,0.0,0.0
1999-11-26 00:00:00-05:00,5.738867282867432,5.738867282867432,5.738867282867432,5.738867282867432,600,0.0,0.0
1999-11-29 00:00:00-05:00,5.700093345770291,5.758257563584274,5.661317348480225,5.661317348480225,7050,0.0,0.0
1999-11-30 00:00:00-05:00,5.622540907432393,5.700093345770291,5.622540907432393,5.661317348480225,25050,0.0,0.0
1999-12-01 00:00:00-05:00,5.661316088910452,5.855196475982666,5.6031518840372545,5.855196475982666,18150,0.0,0.0
1999-12-02 00:00:00-05:00,5.8551973359614085,5.932749768435363,5.8551973359614085,5.913361549377441,13950,0.0,0.0
1999-12-03 00:00:00-05:00,5.9327497482299805,6.010302180439812,5.91336152923809,5.9327497482299805,15600,0.0,0.0
1999-12-06 00:00:00-05:00,5.971523748085196,6.049076154394058,5.952135979326167,5.990911960601807,15000,0.0,0.0
1999-12-07 00:00:00-05:00,6.0102996826171875,6.049075660728315,5.893971304526258,6.0102996826171875,15000,0.0,0.0
1999-12-08 00:00:00-05:00,6.072399512224093,6.170658254076485,6.052747583936211,6.111702919006348,21450,0.17333,0.0
1999-12-09 00:00:00-05:00,6.072400837888194,6.111704253250766,5.974142074584961,5.974142074584961,22350,0.0,0.0
1999-12-10 00:00:00-05:00,6.0134453773498535,6.0724007241866165,5.974141962723212,6.0134453773498535,8850,0.0,0.0
1999-12-13 00:00:00-05:00,5.993791844193419,6.092051029205322,5.993791844193419,6.092051029205322,6150,0.0,0.0
1999-12-14 00:00:00-05:00,6.092051440511976,6.170658254076485,6.092051440511976,6.111702919006348,3900,0.0,0.0
1999-12-15 00:00:00-05:00,6.052748791976495,6.092052656396738,6.0134453773498535,6.0134453773498535,9900,0.0,0.0
1999-12-16 00:00:00-05:00,6.013443844992002,6.0527472496032715,5.993791917789625,6.0527472496032715,13500,0.0,0.0
1999-12-17 00:00:00-05:00,5.974141962723212,6.0134453773498535,5.954490030513091,6.0134453773498535,10200,0.0,0.0
1999-12-20 00:00:00-05:00,6.052747533631752,6.052747533631752,5.895533458015832,5.9348368644714355,14700,0.0,0.0
1999-12-21 00:00:00-05:00,5.895534038543701,5.934837448869475,5.856230628217927,5.895534038543701,6900,0.0,0.0
1999-12-22 00:00:00-05:00,5.856231570651365,5.856231570651365,5.7186689376831055,5.7186689376831055,5400,0.0,0.0
1999-12-23 00:00:00-05:00,5.757972354333912,5.757972354333912,5.659713587810084,5.7186689376831055,9150,0.0,0.0
1999-12-27 00:00:00-05:00,5.718668824574567,5.777624173281521,5.699016891741044,5.757972240447998,5850,0.0,0.0
1999-12-28 00:00:00-05:00,5.718669369614761,5.738321304321289,5.699017434908233,5.738321304321289,3000,0.0,0.0
1999-12-29 00:00:00-05:00,5.699017434908233,5.777624723940686,5.699017434908233,5.738321304321289,7050,0.0,0.0
1999-12-30 00:00:00-05:00,5.699015400869338,5.797274589538574,5.699015400869338,5.797274589538574,4050,0.0,0.0
1999-12-31 00:00:00-05:00,5.816925625505974,5.816925625505974,5.718666894095285,5.777622222900391,4350,0.0,0.0
2000-01-03 00:00:00-05:00,5.738319256254432,5.797274589538574,5.718667328561884,5.797274589538574,4800,0.0,0.0
2000-01-04 00:00:00-05:00,5.856230668341922,5.875882148742676,5.8169268079533065,5.875882148742676,3300,0.0,0.0
2000-01-05 00:00:00-05:00,5.895532880510602,5.895532880510602,5.777622222900391,5.777622222900391,5850,0.0,0.0
2000-01-06 00:00:00-05:00,5.757969725867727,5.816925048828125,5.757969725867727,5.816925048828125,7800,0.0,0.0
2000-01-07 00:00:00-05:00,5.856230776535159,5.856230776535159,5.757971573541845,5.836578845977783,8850,0.0,0.0
2000-01-10 00:00:00-05:00,5.875882694843115,5.934838041111754,5.836579280595222,5.856231212615967,37350,0.0,0.0
2000-01-11 00:00:00-05:00,5.836578845977783,5.836578845977783,5.836578845977783,5.836578845977783,2100,0.0,0.0
2000-01-12 00:00:00-05:00,5.836579599435506,5.915186882019043,5.836579599435506,5.915186882019043,11850,0.0,0.0
2000-01-13 00:00:00-05:00,5.895534038543701,5.915185968603364,5.895534038543701,5.895534038543701,4200,0.0,0.0
2000-01-14 00:00:00-05:00,5.875882257298971,5.875882257298971,5.836578845977783,5.836578845977783,2400,0.0,0.0
2000-01-18 00:00:00-05:00,5.8365769730793975,5.915184220291067,5.816925048828125,5.816925048828125,13950,0.0,0.0
2000-01-19 00:00:00-05:00,5.836579280595222,5.856231212615967,5.836579280595222,5.856231212615967,6450,0.0,0.0
2000-01-20 00:00:00-05:00,5.856230051560229,5.9348368644714355,5.856230051560229,5.9348368644714355,6450,0.0,0.0
2000-01-21 00:00:00-05:00,5.8955349489247535,5.934838365319711,5.875883015830464,5.915186882019043,3900,0.0,0.0
2000-01-24 00:00:00-05:00,5.875882694843115,5.875882694843115,5.856231212615967,5.856231212615967,3900,0.0,0.0
2000-01-25 00:00:00-05:00,5.875882257298971,5.875882257298971,5.8169269154204075,5.836578845977783,7950,0.0,0.0
2000-01-26 00:00:00-05:00,5.836578845977783,5.836578845977783,5.836578845977783,5.836578845977783,3450,0.0,0.0
2000-01-27 00:00:00-05:00,5.797275434656595,5.836578845977783,5.757971573541845,5.836578845977783,5250,0.0,0.0
2000-01-28 00:00:00-05:00,5.836579521988476,5.836579521988476,5.757972240447998,5.757972240447998,11550,0.0,0.0
2000-01-31 00:00:00-05:00,5.738320870905321,5.738320870905321,5.7186689376831055,5.7186689376831055,1800,0.0,0.0
2000-02-01 00:00:00-05:00,5.699014798179794,5.699014798179794,5.640059471130371,5.640059471130371,3150,0.0,0.0
2000-02-02 00:00:00-05:00,5.640060820611194,5.69901616176669,5.640060820611194,5.6793646812438965,5250,0.0,0.0
2000-02-03 00:00:00-05:00,5.699014798179794,5.738318649408376,5.640059471130371,5.640059471130371,9000,0.0,0.0
2000-02-04 00:00:00-05:00,5.679365408701136,5.757972240447998,5.679365408701136,5.757972240447998,2850,0.0,0.0
2000-02-07 00:00:00-05:00,5.816927704206934,5.816927704206934,5.640061654587869,5.7186689376831055,7200,0.0,0.0
2000-02-08 00:00:00-05:00,5.699016202563371,5.797275405054961,5.659712791442871,5.659712791442871,31800,0.0,0.0
2000-02-09 00:00:00-05:00,5.659713475867613,5.757972240447998,5.659713475867613,5.757972240447998,16200,0.0,0.0
2000-02-10 00:00:00-05:00,5.718669369614761,5.738321304321289,5.679365949995363,5.738321304321289,2400,0.0,0.0
2000-02-11 00:00:00-05:00,5.699015140533447,5.77762239791929,5.6793636635320945,5.699015140533447,18450,0.0,0.0
2000-02-14 00:00:00-05:00,5.699017434908233,5.738321304321289,5.699017434908233,5.738321304321289,14100,0.0,0.0
2000-02-15 00:00:00-05:00,5.757971502922185,5.757971502922185,5.6793646812438965,5.6793646812438965,9300,0.0,0.0
2000-02-16 00:00:00-05:00,5.659712791442871,5.738320063477431,5.581105519408311,5.659712791442871,14700,0.0,0.0
2000-02-17 00:00:00-05:00,5.699016202563371,5.699016202563371,5.659712791442871,5.659712791442871,9750,0.0,0.0
2000-02-18 00:00:00-05:00,5.659711396744662,5.659711396744662,5.640059471130371,5.640059471130371,15150,0.0,0.0
2000-02-22 00:00:00-05:00,5.640061654587869,5.7186689376831055,5.640061654587869,5.7186689376831055,12150,0.0,0.0
2000-02-23 00:00:00-05:00,5.659711396744662,5.718666723794086,5.640059471130371,5.640059471130371,5850,0.0,0.0
2000-02-24 00:00:00-05:00,5.640059471130371,5.640059471130371,5.640059471130371,5.640059471130371,4050,0.0,0.0
2000-02-25 00:00:00-05:00,5.699014798179794,5.699014798179794,5.640059471130371,5.640059471130371,2100,0.0,0.0
2000-02-28 00:00:00-05:00,5.640059471130371,5.718666723794086,5.640059471130371,5.640059471130371,1350,0.0,0.0
2000-02-29 00:00:00-05:00,5.640059471130371,5.659711396744662,5.640059471130371,5.640059471130371,6450,0.0,0.0
2000-03-01 00:00:00-05:00,5.718667758096875,5.718667758096875,5.62040901184082,5.62040901184082,11100,0.0,0.0
2000-03-02 00:00:00-05:00,5.581103898669291,5.600755823419449,5.502497099255515,5.541800498962402,4200,0.0,0.0
2000-03-03 00:00:00-05:00,5.58110455623903,5.58110455623903,5.463193893432617,5.463193893432617,2850,0.0,0.0
2000-03-06 00:00:00-05:00,5.463194138245764,5.463194138245764,5.345283470155614,5.364935398101807,7350,0.0,0.0
2000-03-07 00:00:00-05:00,5.443540096282959,5.443540096282959,5.38458479000478,5.443540096282959,5250,0.0,0.0
2000-03-08 00:00:00-05:00,5.38687749373372,5.38687749373372,5.267169104984081,5.346974849700928,7350,0.17333,0.0
2000-03-09 00:00:00-05:00,5.346976102423699,5.406830310821533,5.346976102423699,5.406830310821533,2700,0.0,0.0
2000-03-10 00:00:00-05:00,5.406829663363108,5.466683864593506,5.3270239095054706,5.466683864593506,13350,0.0,0.0
2000-03-13 00:00:00-05:00,5.426781409186565,5.446732964202966,5.406830310821533,5.406830310821533,1200,0.0,0.0
2000-03-14 00:00:00-05:00,5.386879365587718,5.406830922862591,5.307073593139648,5.307073593139648,8850,0.0,0.0
2000-03-15 00:00:00-05:00,5.2472191975190565,5.366927623748779,5.2472191975190565,5.366927623748779,5100,0.0,0.0
2000-03-16 00:00:00-05:00,5.38687749373372,5.426780137766511,5.346974849700928,5.346974849700928,8850,0.0,0.0
2000-03-17 00:00:00-05:00,5.426780137766511,5.446731688108539,5.346974849700928,5.346974849700928,7500,0.0,0.0
2000-03-20 00:00:00-05:00,5.227266355490511,5.267168998718262,5.187363255611507,5.267168998718262,23400,0.0,0.0
2000-03-21 00:00:00-05:00,5.267170754107813,5.3868791803375355,5.267170754107813,5.366927623748779,8250,0.0,0.0
2000-03-22 00:00:00-05:00,5.327024967222674,5.406830736926292,5.327024967222674,5.366927623748779,1350,0.0,0.0
2000-03-23 00:00:00-05:00,5.327023983001709,5.346975535904216,5.287121333848017,5.327023983001709,2100,0.0,0.0
2000-03-24 00:00:00-05:00,5.287122198020479,5.327024853696202,5.247219085693359,5.247219085693359,5400,0.0,0.0
2000-03-27 00:00:00-05:00,5.26717064185692,5.287122198020479,5.247219085693359,5.247219085693359,3300,0.0,0.0
2000-03-28 00:00:00-05:00,5.24721878399306,5.406830310821533,5.24721878399306,5.406830310821533,5850,0.0,0.0
2000-03-29 00:00:00-05:00,5.366927914833904,5.426782131195068,5.34697681381447,5.426782131195068,3600,0.0,0.0
2000-03-30 00:00:00-05:00,5.466683864593506,5.526538065823905,5.466683864593506,5.466683864593506,2100,0.0,0.0
2000-03-31 00:00:00-05:00,5.506587172600801,5.506587172600801,5.406830310821533,5.406830310821533,7500,0.0,0.0
2000-04-03 00:00:00-04:00,5.287122492516198,5.327025150414522,5.287122492516198,5.307073593139648,17250,0.0,0.0
2000-04-04 00:00:00-04:00,5.287121333848017,5.327023983001709,5.26716978094551,5.327023983001709,6300,0.0,0.0
2000-04-05 00:00:00-04:00,5.346976707689394,5.346976707689394,5.307073593139648,5.307073593139648,5550,0.0,0.0
2000-04-06 00:00:00-04:00,5.346974741825017,5.366925835113266,5.247217448778759,5.267168998718262,16050,0.0,0.0
2000-04-07 00:00:00-04:00,5.247217554642054,5.346974849700928,5.247217554642054,5.346974849700928,10200,0.0,0.0
2000-04-10 00:00:00-04:00,5.307073410633918,5.366927623748779,5.307073410633918,5.366927623748779,6150,0.0,0.0
2000-04-11 00:00:00-04:00,5.3868791803375355,5.3868791803375355,5.3469765238114295,5.366927623748779,2550,0.0,0.0
2000-04-12 00:00:00-04:00,5.386877059936523,5.386877059936523,5.267168680826822,5.386877059936523,15900,0.0,0.0
2000-04-13 00:00:00-04:00,5.386878755805132,5.406830310821533,5.386878755805132,5.406830310821533,7050,0.0,0.0
2000-04-14 00:00:00-04:00,5.406829044075747,5.406829044075747,5.287120655326109,5.346974849700928,7500,0.0,0.0
2000-04-17 00:00:00-04:00,5.307071913400535,5.307071913400535,5.227266622863026,5.287120819091797,44250,0.0,0.0
2000-04-18 00:00:00-04:00,5.307073593139648,5.386879365587718,5.307073593139648,5.307073593139648,3300,0.0,0.0
2000-04-19 00:00:00-04:00,5.287122310696568,5.426781836863641,5.287122310696568,5.366927623748779,9150,0.0,0.0
2000-04-20 00:00:00-04:00,5.307073410633918,5.406830736926292,5.307073410633918,5.366927623748779,4800,0.0,0.0
2000-04-24 00:00:00-04:00,5.406829663363108,5.466683864593506,5.346975462132709,5.466683864593506,5700,0.0,0.0
2000-04-25 00:00:00-04:00,5.466685322929824,5.506587982177734,5.4267822070304765,5.506587982177734,5850,0.0,0.0
2000-04-26 00:00:00-04:00,5.506587905227097,5.506587905227097,5.386879472504769,5.426782131195068,5700,0.0,0.0
2000-04-27 00:00:00-04:00,5.426779700756015,5.466682798226732,5.346974419117032,5.386877059936523,9750,0.0,0.0
2000-04-28 00:00:00-04:00,5.346974419117032,5.386877059936523,5.307071321646314,5.386877059936523,3300,0.0,0.0
2000-05-01 00:00:00-04:00,5.406827030859019,5.466681202947306,5.406827030859019,5.44672966003418,8400,0.0,0.0
2000-05-02 00:00:00-04:00,5.46668420310184,5.566441059112549,5.46668420310184,5.566441059112549,8850,0.0,0.0
2000-05-03 00:00:00-04:00,5.526538065823905,5.526538065823905,5.42678075933903,5.466683864593506,9450,0.0,0.0
2000-05-04 00:00:00-04:00,5.506586513196667,5.566440714427065,5.42678075933903,5.466683864593506,12450,0.0,0.0
2000-05-05 00:00:00-04:00,5.506586854175855,5.566441059112549,5.46668420310184,5.566441059112549,5700,0.0,0.0
2000-05-08 00:00:00-04:00,5.5863910195179844,5.666196298902427,5.5863910195179844,5.626293659210205,12750,0.0,0.0
2000-05-09 00:00:00-04:00,5.566440849537417,5.626295052220615,5.546489296425909,5.586392402648926,9150,0.0,0.0
2000-05-10 00:00:00-04:00,5.566442199375318,5.586393757324992,5.466685322929824,5.506587982177734,8100,0.0,0.0
2000-05-11 00:00:00-04:00,5.546488930021923,5.546488930021923,5.386877885627826,5.486634731292725,8550,0.0,0.0
2000-05-12 00:00:00-04:00,5.5065862830862224,5.5065862830862224,5.4267805325635265,5.486634731292725,4200,0.0,0.0
2000-05-15 00:00:00-04:00,5.526537432825386,5.526537432825386,5.287120655326109,5.346974849700928,8700,0.0,0.0
2000-05-16 00:00:00-04:00,5.386878185057908,5.386878185057908,5.307072430099202,5.327023983001709,7500,0.0,0.0
2000-05-17 00:00:00-04:00,5.287120655326109,5.346974849700928,5.267169104984081,5.346974849700928,12150,0.0,0.0
2000-05-18 00:00:00-04:00,5.406829437421325,5.486634731292725,5.386877885627826,5.486634731292725,5700,0.0,0.0
2000-05-19 00:00:00-04:00,5.54648792317455,5.626293659210205,5.54648792317455,5.626293659210205,10650,0.0,0.0
2000-05-22 00:00:00-04:00,5.586394265617684,5.6262969284962425,5.5464911460876465,5.5464911460876465,14550,0.0,0.0
2000-05-23 00:00:00-04:00,5.586394265617684,5.6262969284962425,5.5464911460876465,5.5464911460876465,3450,0.0,0.0
2000-05-24 00:00:00-04:00,5.566440849537417,5.626295052220615,5.566440849537417,5.586392402648926,9750,0.0,0.0
2000-05-25 00:00:00-04:00,5.666196093544004,5.706099188441241,5.626293455297963,5.646245002746582,11250,0.0,0.0
2000-05-26 00:00:00-04:00,5.686149808686212,5.686149808686212,5.646247155228344,5.666198253631592,2550,0.0,0.0
2000-05-30 00:00:00-04:00,5.70610237121582,5.70610237121582,5.666199254061249,5.70610237121582,5250,0.0,0.0
2000-05-31 00:00:00-04:00,5.666196093544004,5.686147640992623,5.646245002746582,5.646245002746582,4800,0.0,0.0
2000-06-01 00:00:00-04:00,5.706101186457338,5.726052284240723,5.666198077587853,5.726052284240723,5100,0.0,0.0
2000-06-02 00:00:00-04:00,5.746002674102783,5.746002674102783,5.706100029971935,5.746002674102783,1800,0.0,0.0
2000-06-05 00:00:00-04:00,5.706101483101898,5.785906791687012,5.706101483101898,5.785906791687012,10800,0.0,0.0
2000-06-06 00:00:00-04:00,5.726052284240723,5.785906490893592,5.726052284240723,5.726052284240723,11850,0.0,0.0
2000-06-07 00:00:00-04:00,5.746002674102783,5.805856868624687,5.746002674102783,5.746002674102783,11550,0.0,0.0
2000-06-08 00:00:00-04:00,5.691721439361572,5.732232222409873,5.671466511443004,5.691721439361572,10650,0.18,0.0
2000-06-09 00:00:00-04:00,5.67146437187169,5.772740364074707,5.67146437187169,5.772740364074707,6150,0.0,0.0
2000-06-12 00:00:00-04:00,5.813251541446404,5.934782935787482,5.813251541446404,5.874017238616943,10650,0.0,0.0
2000-06-13 00:00:00-04:00,5.833507061004639,5.874017372170897,5.79299674983838,5.833507061004639,31800,0.0,0.0
2000-06-14 00:00:00-04:00,5.833505689483328,5.91452675637239,5.813250306859718,5.894271373748779,19350,0.0,0.0
2000-06-15 00:00:00-04:00,5.89427174016049,5.995547732363507,5.772740364074707,5.772740364074707,176700,0.0,0.0
2000-06-16 00:00:00-04:00,5.772741231201205,5.874017238616943,5.772741231201205,5.874017238616943,3300,0.0,0.0
2000-06-19 00:00:00-04:00,5.914528012467621,5.914528012467621,5.833506928371744,5.874017238616943,3900,0.0,0.0
2000-06-20 00:00:00-04:00,5.833505337896503,5.853760719299316,5.772739657293415,5.853760719299316,4500,0.0,0.0
2000-06-21 00:00:00-04:00,5.833505446630217,5.833505446630217,5.752484383114122,5.8132500648498535,11700,0.0,0.0
2000-06-22 00:00:00-04:00,5.792995747957474,5.792995747957474,5.732230059914582,5.772740364074707,7500,0.0,0.0
2000-06-23 00:00:00-04:00,5.752485885025577,5.752485885025577,5.711975574493408,5.711975574493408,4500,0.0,0.0
2000-06-26 00:00:00-04:00,5.732230059914582,5.792995747957474,5.711974676031815,5.772740364074707,5250,0.0,0.0
2000-06-27 00:00:00-04:00,5.833507675664203,5.874017991098914,5.792997360229492,5.792997360229492,8100,0.0,0.0
2000-06-28 00:00:00-04:00,5.833506969695396,5.833506969695396,5.63095448982359,5.711975574493408,9300,0.0,0.0
2000-06-29 00:00:00-04:00,5.752487150328442,5.792997933376743,5.691721439361572,5.691721439361572,6150,0.0,0.0
2000-06-30 00:00:00-04:00,5.7322317794267486,5.772742095738857,5.711976389467921,5.752486705780029,3450,0.0,0.0
2000-07-03 00:00:00-04:00,5.711974692445206,5.711974692445206,5.610698699951172,5.610698699951172,9450,0.0,0.0
2000-07-05 00:00:00-04:00,5.671464687580817,5.671464687580817,5.5904436111450195,5.5904436111450195,6450,0.0,0.0
2000-07-06 00:00:00-04:00,5.6309556293917105,5.691721339290202,5.509424209594727,5.509424209594727,20100,0.0,0.0
2000-07-07 00:00:00-04:00,5.509421532887975,5.5499322955422015,5.509421532887975,5.529676914215088,6300,0.0,0.0
2000-07-10 00:00:00-04:00,5.549933382554686,5.549933382554686,5.4891676902771,5.4891676902771,9000,0.0,0.0
2000-07-11 00:00:00-04:00,5.509423347840403,5.529678735840187,5.40814733505249,5.40814733505249,14250,0.0,0.0
2000-07-12 00:00:00-04:00,5.428403572133788,5.509424209594727,5.428403572133788,5.509424209594727,10950,0.0,0.0
2000-07-13 00:00:00-04:00,5.529677814907498,5.529677814907498,5.468912124633789,5.468912124633789,6900,0.0,0.0
2000-07-14 00:00:00-04:00,5.50942243028112,5.50942243028112,5.468912124633789,5.468912124633789,5250,0.0,0.0
2000-07-17 00:00:00-04:00,5.509423135928493,5.549933910369873,5.489168212313288,5.549933910369873,10950,0.0,0.0
2000-07-18 00:00:00-04:00,5.5094225347092225,5.5904436111450195,5.5094225347092225,5.5904436111450195,14850,0.0,0.0
2000-07-19 00:00:00-04:00,5.590443316010202,5.651209004227703,5.549933011733669,5.610698699951172,6000,0.0,0.0
2000-07-20 00:00:00-04:00,5.6512111199188535,5.691721439361572,5.630955728394703,5.691721439361572,7950,0.0,0.0
2000-07-21 00:00:00-04:00,5.67146526396124,5.732230961562233,5.63095448982359,5.711975574493408,12150,0.0,0.0
2000-07-24 00:00:00-04:00,5.630954919460657,5.6714656966892445,5.630954919460657,5.651210308074951,5550,0.0,0.0
2000-07-25 00:00:00-04:00,5.691720621698022,5.711976010312316,5.651210308074951,5.651210308074951,3000,0.0,0.0
2000-07-26 00:00:00-04:00,5.651210009337561,5.6714653968811035,5.590444310312426,5.6714653968811035,4650,0.0,0.0
2000-07-27 00:00:00-04:00,5.651210009337561,5.6714653968811035,5.610699697855969,5.6714653968811035,5550,0.0,0.0
2000-07-28 00:00:00-04:00,5.711976830885723,5.711976830885723,5.691721439361572,5.691721439361572,4650,0.0,0.0
2000-07-31 00:00:00-04:00,5.711975708362696,5.711975708362696,5.6714653968811035,5.6714653968811035,7200,0.0,0.0
2000-08-01 00:00:00-04:00,5.63095448982359,5.711975574493408,5.63095448982359,5.711975574493408,9000,0.0,0.0
2000-08-02 00:00:00-04:00,5.752486019844289,5.752486019844289,5.6714653968811035,5.6714653968811035,6150,0.0,0.0
2000-08-03 00:00:00-04:00,5.63095448982359,5.732230961562233,5.63095448982359,5.711975574493408,3450,0.0,0.0
2000-08-04 00:00:00-04:00,5.732231095906239,5.732231095906239,5.6714653968811035,5.6714653968811035,3900,0.0,0.0
2000-08-07 00:00:00-04:00,5.711975663900375,5.833507061004639,5.711975663900375,5.833507061004639,18450,0.0,0.0
2000-08-08 00:00:00-04:00,5.853762448390512,5.874017372170897,5.833507061004639,5.833507061004639,4050,0.0,0.0
2000-08-09 00:00:00-04:00,5.81325068493924,5.83350606888021,5.610698699951172,5.610698699951172,27000,0.0,0.0
2000-08-10 00:00:00-04:00,5.590444221205768,5.590444221205768,5.468912825092599,5.549933910369873,21150,0.0,0.0
2000-08-11 00:00:00-04:00,5.5296786112872915,5.711975708362696,5.5296786112872915,5.6714653968811035,13950,0.0,0.0
2000-08-14 00:00:00-04:00,5.711976389467921,5.813252412050964,5.6714660731558135,5.752486705780029,7800,0.0,0.0
2000-08-15 00:00:00-04:00,5.752486324072958,5.7929971013025146,5.711976010448918,5.7626142501831055,3600,0.0,0.0
2000-08-16 00:00:00-04:00,5.813250991836669,5.813250991836669,5.5904436111450195,5.5904436111450195,25200,0.0,0.0
2000-08-17 00:00:00-04:00,5.590442594591078,5.671463656294181,5.509421532887975,5.529676914215088,10500,0.0,0.0
2000-08-18 00:00:00-04:00,5.529679600762749,5.5701899194932185,5.509424209594727,5.509424209594727,5700,0.0,0.0
2000-08-21 00:00:00-04:00,5.549934991930771,5.549934991930771,5.509424209594727,5.509424209594727,15750,0.0,0.0
2000-08-22 00:00:00-04:00,5.468912304982758,5.4891676902771,5.448656919688415,5.4891676902771,13950,0.0,0.0
2000-08-23 00:00:00-04:00,5.48916828766226,5.549933986552965,5.448657512664795,5.448657512664795,12750,0.0,0.0
2000-08-24 00:00:00-04:00,5.50942243028112,5.50942243028112,5.387891049733702,5.468912124633789,22950,0.0,0.0
2000-08-25 00:00:00-04:00,5.549931867897508,5.590442163824902,5.42840051651001,5.42840051651001,13500,0.0,0.0
2000-08-28 00:00:00-04:00,5.4486584996962355,5.509424209594727,5.428403572133788,5.509424209594727,14250,0.0,0.0
2000-08-29 00:00:00-04:00,5.468912304982758,5.509422611966001,5.428401997999513,5.4891676902771,8400,0.0,0.0
2000-08-30 00:00:00-04:00,5.509423341777681,5.630954742431641,5.509423341777681,5.630954742431641,12000,0.0,0.0
2000-08-31 00:00:00-04:00,5.630952893639955,5.671463656294181,5.529676914215088,5.529676914215088,17550,0.0,0.0
2000-09-01 00:00:00-04:00,5.549933304729838,5.5904436111450195,5.52967791971953,5.5904436111450195,3450,0.0,0.0
2000-09-05 00:00:00-04:00,5.630954742431641,5.732231218713609,5.630954742431641,5.630954742431641,17250,0.0,0.0
2000-09-06 00:00:00-04:00,5.671462609948624,5.7322282791137695,5.630951854768352,5.7322282791137695,8400,0.0,0.0
2000-09-07 00:00:00-04:00,5.656533196639944,5.677102565765381,5.635964298306411,5.677102565765381,13650,0.18,0.0
2000-09-08 00:00:00-04:00,5.759382724761963,5.759382724761963,5.6976750543923425,5.759382724761963,14700,0.0,0.0
2000-09-11 00:00:00-04:00,5.779948950474231,5.9033642339063634,5.779948950474231,5.882795333862305,20400,0.0,0.0
2000-09-12 00:00:00-04:00,5.800521254217692,5.8416595458984375,5.759382962536947,5.8416595458984375,24750,0.0,0.0
2000-09-13 00:00:00-04:00,5.882795044392201,5.903363943424143,5.800518035888672,5.800518035888672,3600,0.0,0.0
2000-09-14 00:00:00-04:00,5.779947053691941,5.779947053691941,5.635962917466451,5.656531810760498,11400,0.0,0.0
2000-09-15 00:00:00-04:00,5.71824356743356,5.903366565704346,5.677105280304096,5.903366565704346,18150,0.0,0.0
2000-09-18 00:00:00-04:00,5.903367218815647,5.903367218815647,5.8416595458984375,5.8416595458984375,10650,0.0,0.0
2000-09-19 00:00:00-04:00,5.800518035888672,5.841656304744476,5.800518035888672,5.800518035888672,900,0.0,0.0
2000-09-20 00:00:00-04:00,5.8622256745683385,5.8622256745683385,5.800518035888672,5.800518035888672,3450,0.0,0.0
2000-09-21 00:00:00-04:00,5.779949567989231,5.8210883140563965,5.779949567989231,5.8210883140563965,4200,0.0,0.0
2000-09-22 00:00:00-04:00,5.841656592190297,5.882795333862305,5.779948950474231,5.882795333862305,4950,0.0,0.0
2000-09-25 00:00:00-04:00,5.841659304726682,5.841659304726682,5.759382724761963,5.759382724761963,4650,0.0,0.0
2000-09-26 00:00:00-04:00,5.718241027385142,5.800518035888672,5.718241027385142,5.800518035888672,7500,0.0,0.0
2000-09-27 00:00:00-04:00,5.841656304744476,5.882795044392201,5.718241027385142,5.800518035888672,17400,0.0,0.0
2000-09-28 00:00:00-04:00,5.759382962536947,5.8416595458984375,5.759382962536947,5.8416595458984375,9450,0.0,0.0
2000-09-29 00:00:00-04:00,5.77995060729657,5.965073585510254,5.77995060729657,5.965073585510254,22200,0.0,0.0
2000-10-02 00:00:00-04:00,5.96507187562243,6.0473488881745,5.841656592190297,5.882795333862305,24300,0.0,0.0
2000-10-03 00:00:00-04:00,5.882795044392201,5.882795044392201,5.7593797670328675,5.800518035888672,15000,0.0,0.0
2000-10-04 00:00:00-04:00,5.800517838934193,5.800517838934193,5.677102565765381,5.677102565765381,17100,0.0,0.0
2000-10-05 00:00:00-04:00,5.697673740412112,5.7593813965509,5.697673740412112,5.718242645263672,6300,0.0,0.0
2000-10-06 00:00:00-04:00,5.7593827808561535,5.779951690651585,5.697675109885524,5.738813400268555,7500,0.0,0.0
2000-10-09 00:00:00-04:00,5.779951572418213,5.779951572418213,5.779951572418213,5.779951572418213,450,0.0,0.0
2000-10-10 00:00:00-04:00,5.779948666064809,5.800518035888672,5.697672128353201,5.800518035888672,10200,0.0,0.0
2000-10-11 00:00:00-04:00,5.800517838934193,5.841656106393162,5.656533196639944,5.677102565765381,9150,0.0,0.0
2000-10-12 00:00:00-04:00,5.718241996580441,5.718241996580441,5.594826698303223,5.594826698303223,11400,0.0,0.0
2000-10-13 00:00:00-04:00,5.594826698303223,5.635965444923629,5.5125501466464115,5.594826698303223,9750,0.0,0.0
2000-10-16 00:00:00-04:00,5.635965444923629,5.677103720752036,5.5125501466464115,5.594826698303223,16200,0.0,0.0
2000-10-17 00:00:00-04:00,5.59482707473886,5.6565347280293325,5.574258170836724,5.635965824127197,4650,0.0,0.0
2000-10-18 00:00:00-04:00,5.635966084273324,5.718242645263672,5.635966084273324,5.718242645263672,8250,0.0,0.0
2000-10-19 00:00:00-04:00,5.759382724761963,5.800521014744322,5.759382724761963,5.759382724761963,7350,0.0,0.0
2000-10-20 00:00:00-04:00,5.73881129271406,5.8210883140563965,5.73881129271406,5.8210883140563965,6000,0.0,0.0
2000-10-23 00:00:00-04:00,5.8210903327518855,5.8210903327518855,5.759382663043534,5.779951572418213,1500,0.0,0.0
2000-10-24 00:00:00-04:00,5.8210875951299,5.923933506011963,5.7593799544422755,5.923933506011963,9750,0.0,0.0
2000-10-25 00:00:00-04:00,5.862228927134901,5.903367218815647,5.8416595458984375,5.8416595458984375,13800,0.0,0.0
2000-10-26 00:00:00-04:00,5.800520952585049,5.882798002460237,5.779951572418213,5.779951572418213,11700,0.0,0.0
2000-10-27 00:00:00-04:00,5.779948469808756,5.841656106393162,5.677102565765381,5.677102565765381,11400,0.0,0.0
2000-10-30 00:00:00-05:00,5.718243902709861,5.779951572418213,5.718243902709861,5.779951572418213,10350,0.0,0.0
2000-10-31 00:00:00-05:00,5.7593813965509,5.800519677046074,5.677104364768498,5.718242645263672,14550,0.0,0.0
2000-11-01 00:00:00-05:00,5.7593813965509,5.77995030140246,5.697673740412112,5.718242645263672,6750,0.0,0.0
2000-11-02 00:00:00-05:00,5.697675109885524,5.779951690651585,5.697675109885524,5.738813400268555,4350,0.0,0.0
2000-11-03 00:00:00-05:00,5.7593797670328675,5.800518035888672,5.718241027385142,5.800518035888672,8100,0.0,0.0
2000-11-06 00:00:00-05:00,5.759381936367113,5.759381936367113,5.69767427444458,5.69767427444458,5250,0.0,0.0
2000-11-07 00:00:00-05:00,5.759382724761963,5.759382724761963,5.6976750543923425,5.759382724761963,8400,0.0,0.0
2000-11-08 00:00:00-05:00,5.759381936367113,5.759381936367113,5.69767427444458,5.69767427444458,4200,0.0,0.0
2000-11-09 00:00:00-05:00,5.7593827808561535,5.7593827808561535,5.718244019680955,5.738813400268555,14400,0.0,0.0
2000-11-10 00:00:00-05:00,5.759381936367113,5.759381936367113,5.69767427444458,5.69767427444458,10050,0.0,0.0
2000-11-13 00:00:00-05:00,5.738810397209005,5.821087405712534,5.718241027385142,5.800518035888672,19050,0.0,0.0
2000-11-14 00:00:00-05:00,5.821090635454156,5.882798308371365,5.779951872981228,5.8416595458984375,20400,0.0,0.0
2000-11-15 00:00:00-05:00,5.862225865324338,5.9650717762064005,5.862225865324338,5.923933506011963,18150,0.0,0.0
2000-11-16 00:00:00-05:00,6.006212989716203,6.006212989716203,5.759382325355155,5.903366565704346,36600,0.0,0.0
2000-11-17 00:00:00-05:00,5.903364135518776,5.9650717762064005,5.862225865324338,5.923933506011963,17550,0.0,0.0
2000-11-20 00:00:00-05:00,5.965074891732856,5.985644272969321,5.800521254217692,5.8416595458984375,28350,0.0,0.0
2000-11-21 00:00:00-05:00,5.882797657535679,5.923935944665144,5.841658899614084,5.903366565704346,4650,0.0,0.0
2000-11-22 00:00:00-05:00,5.923935944665144,5.965074231794608,5.841658899614084,5.903366565704346,18150,0.0,0.0
2000-11-24 00:00:00-05:00,5.9239358361073045,5.944505214691162,5.882797549731711,5.944505214691162,4950,0.0,0.0
2000-11-27 00:00:00-05:00,5.923933788876108,6.088487348303125,5.882795516717343,6.006210803985596,38250,0.0,0.0
2000-11-28 00:00:00-05:00,6.006210803985596,6.088487348303125,6.006210803985596,6.006210803985596,31650,0.0,0.0
2000-11-29 00:00:00-05:00,6.047351191742252,6.170766522185971,6.00621290519172,6.109058856964111,27150,0.0,0.0
2000-11-30 00:00:00-05:00,6.0884870562940545,6.150194696968629,6.067918156597154,6.1296257972717285,13050,0.0,0.0
2000-12-01 00:00:00-05:00,6.047349452972412,6.047349452972412,5.923934158013791,6.047349452972412,21300,0.0,0.0
2000-12-04 00:00:00-05:00,6.006213243507932,6.047351532375689,5.923936194980268,5.9856438636779785,5550,0.0,0.0
2000-12-05 00:00:00-05:00,6.0062110770637585,6.08848762512207,5.944503430624035,6.08848762512207,20550,0.0,0.0
2000-12-06 00:00:00-05:00,6.0884870562940545,6.1296257972717285,6.067918156597154,6.1296257972717285,6600,0.0,0.0
2000-12-07 00:00:00-05:00,6.136306927275398,6.261537680893263,6.094563501975247,6.15717887878418,14700,0.18,0.0
2000-12-08 00:00:00-05:00,6.136303302695385,6.178046703338623,6.136303302695385,6.178046703338623,2250,0.0,0.0
2000-12-11 00:00:00-05:00,6.219790581698992,6.26153398234223,6.136303302695385,6.178046703338623,22650,0.0,0.0
2000-12-12 00:00:00-05:00,6.178050186875875,6.178050186875875,6.0945633385147495,6.1363067626953125,7350,0.0,0.0
2000-12-13 00:00:00-05:00,6.094564599567731,6.1363080323856085,6.052820689032353,6.11543607711792,4800,0.0,0.0
2000-12-14 00:00:00-05:00,6.1363067626953125,6.178050186875875,6.1363067626953125,6.1363067626953125,4200,0.0,0.0
2000-12-15 00:00:00-05:00,6.094563797460912,6.157179177305657,6.031948417616168,6.0736918449401855,12450,0.0,0.0
2000-12-18 00:00:00-05:00,6.073690582335731,6.157177897345782,6.073690582335731,6.094562530517578,8700,0.0,0.0
2000-12-19 00:00:00-05:00,6.0945633385147495,6.219794088773837,6.0945633385147495,6.1363067626953125,17550,0.0,0.0
2000-12-20 00:00:00-05:00,6.094562530517578,6.094562530517578,6.094562530517578,6.094562530517578,1500,0.0,0.0
2000-12-21 00:00:00-05:00,6.136306092132203,6.178049511751129,6.031947304226214,6.052818775177002,5400,0.0,0.0
2000-12-22 00:00:00-05:00,6.052820689032353,6.11543607711792,6.052820689032353,6.11543607711792,13200,0.0,0.0
2000-12-26 00:00:00-05:00,6.073692644300041,6.11543607711792,6.0319492114821625,6.11543607711792,11100,0.0,0.0
2000-12-27 00:00:00-05:00,6.11543607711792,6.11543607711792,6.011077256214474,6.11543607711792,8550,0.0,0.0
2000-12-28 00:00:00-05:00,6.031947963385206,6.178050186875875,6.011076012436224,6.1363067626953125,7350,0.0,0.0
2000-12-29 00:00:00-05:00,6.136305063073457,6.219792366027832,6.094561650454904,6.219792366027832,41700,0.0,0.0
2001-01-02 00:00:00-05:00,6.261536429453986,6.261536429453986,6.136305700864906,6.240664482116699,5100,0.0,0.0
2001-01-03 00:00:00-05:00,6.2615370750427255,6.386767816543579,6.2615370750427255,6.261537075042725,13650,0.0,0.0
2001-01-04 00:00:00-05:00,6.261535985871776,6.303279399871826,6.1989206260130585,6.303279399871826,10800,0.0,0.0
2001-01-05 00:00:00-05:00,6.386767840621495,6.386767840621495,6.282409048216476,6.32415246963501,13050,0.0,0.0
2001-01-08 00:00:00-05:00,6.345023291589161,6.365894759730544,6.261535985871776,6.303279399871826,9300,0.0,0.0
2001-01-09 00:00:00-05:00,6.303280520067058,6.365895891053544,6.282409048216476,6.32415246963501,2100,0.0,0.0
2001-01-10 00:00:00-05:00,6.30327926439229,6.345023155212402,6.261535851289452,6.345023155212402,14700,0.0,0.0
2001-01-11 00:00:00-05:00,6.365894759730544,6.365894759730544,6.261535985871776,6.303279399871826,8850,0.0,0.0
2001-01-12 00:00:00-05:00,6.345023291589161,6.345023291589161,6.219792571871725,6.303279399871826,8550,0.0,0.0
2001-01-16 00:00:00-05:00,6.2615375129544,6.324152888083944,6.1363067626953125,6.1363067626953125,15300,0.0,0.0
2001-01-17 00:00:00-05:00,6.198922604629673,6.198922604629673,6.031948417616168,6.0736918449401855,16950,0.0,0.0
2001-01-18 00:00:00-05:00,6.052818577849107,6.136305892082538,5.802357112866146,5.969331741333008,20550,0.0,0.0
2001-01-19 00:00:00-05:00,5.990203547515458,6.094562815588725,5.8441013365606596,6.011075496673584,14550,0.0,0.0
2001-01-22 00:00:00-05:00,6.052818127806646,6.073690074242455,5.969331297498006,6.031946659088135,6750,0.0,0.0
2001-01-23 00:00:00-05:00,6.094562020678263,6.094562020678263,5.927587404626389,6.031946659088135,9150,0.0,0.0
2001-01-24 00:00:00-05:00,6.115436063832427,6.115436063832427,5.969333810428503,5.99020528793335,5100,0.0,0.0
2001-01-25 00:00:00-05:00,6.011075355558076,6.052818775177002,6.011075355558076,6.052818775177002,2850,0.0,0.0
2001-01-26 00:00:00-05:00,6.0736915504664655,6.15717887878418,6.052819598957683,6.15717887878418,14400,0.0,0.0
2001-01-29 00:00:00-05:00,6.1780490721993555,6.218122866834544,6.09456223890137,6.211443901062012,14400,0.0,0.0
2001-01-30 00:00:00-05:00,6.127957570818476,6.211444895195816,6.0511496910000195,6.144655704498291,24000,0.0,0.0
2001-01-31 00:00:00-05:00,6.111262608619629,6.1947499632708825,5.977683223351677,6.06117057800293,28500,0.0,0.0
2001-02-01 00:00:00-05:00,6.094563758528273,6.144656253171047,6.0110764266961265,6.044471263885498,27300,0.0,0.0
2001-02-02 00:00:00-05:00,6.0110764266961265,6.044471263885498,5.977681589506755,6.044471263885498,8700,0.0,0.0
2001-02-05 00:00:00-05:00,6.044471714580855,6.111261393939652,6.024434810773215,6.077866554260254,4350,0.0,0.0
2001-02-06 00:00:00-05:00,6.161351249980099,6.1747091801232195,6.094561599264496,6.164690971374512,6600,0.0,0.0
2001-02-07 00:00:00-05:00,6.174709796905518,6.174709796905518,6.164691587156105,6.174709796905518,4050,0.0,0.0
2001-02-08 00:00:00-05:00,6.174710567574567,6.174710567574567,6.077865313417279,6.161352634429932,11850,0.0,0.0
2001-02-09 00:00:00-05:00,6.12795775327076,6.158013343811034,6.12795775327076,6.158013343811035,2400,0.0,0.0
2001-02-12 00:00:00-05:00,6.127957820892334,6.15801341176427,6.097902707737808,6.127957820892334,4650,0.0,0.0
2001-02-13 00:00:00-05:00,6.144656711336521,6.158014169490811,6.077866554260253,6.077866554260254,9900,0.0,0.0
2001-02-14 00:00:00-05:00,6.084544727015102,6.124619007110596,6.084544727015102,6.124619007110596,2250,0.0,0.0
2001-02-15 00:00:00-05:00,6.094562851665822,6.147994105500887,6.094562851665822,6.117938995361328,9000,0.0,0.0
2001-02-16 00:00:00-05:00,6.077864876428633,6.094562530517578,6.054488733964915,6.094562530517578,2400,0.0,0.0
2001-02-20 00:00:00-05:00,6.141314625827695,6.1580118003849345,6.011074562325168,6.081203937530518,21900,0.0,0.0
2001-02-21 00:00:00-05:00,6.127956883260794,6.127956883260794,6.077864876428633,6.094562530517578,3150,0.0,0.0
2001-02-22 00:00:00-05:00,6.1112603476179235,6.141315937042236,6.061168335533918,6.141315937042236,5550,0.0,0.0
2001-02-23 00:00:00-05:00,6.161352634429932,6.174710567574567,6.111260146278866,6.161352634429932,5550,0.0,0.0
2001-02-26 00:00:00-05:00,6.1747124494923975,6.2047680470868025,6.1747124494923975,6.194749355316162,5100,0.0,0.0
2001-02-27 00:00:00-05:00,6.214784007080966,6.214784007080966,6.161352277596911,6.204765796661377,26250,0.0,0.0
2001-02-28 00:00:00-05:00,6.178049241503629,6.178049241503629,6.111259581948,6.154673099517822,12750,0.0,0.0
2001-03-01 00:00:00-05:00,6.178050060988358,6.211444895195816,6.144655704498292,6.144655704498291,21450,0.0,0.0
2001-03-02 00:00:00-05:00,6.127957525740129,6.141315937042236,6.127957525740129,6.141315937042236,600,0.0,0.0
2001-03-05 00:00:00-05:00,6.178050060988358,6.178050060988358,6.111260392573443,6.144655704498291,2550,0.0,0.0
2001-03-06 00:00:00-05:00,6.064505753311322,6.127955679867559,6.027771208159887,6.111258506774902,9150,0.0,0.0
2001-03-07 00:00:00-05:00,6.194747716950783,6.208105650633766,6.144655704498292,6.144655704498291,14100,0.0,0.0
2001-03-08 00:00:00-05:00,6.103987777339161,6.253113371756333,6.103987777339161,6.2497239112854,8100,0.18,0.0
2001-03-09 00:00:00-05:00,6.219216810956017,6.256498913456582,6.185325136466773,6.253109455108643,3300,0.0,0.0
2001-03-12 00:00:00-05:00,6.270055391084139,6.270055391084139,6.202271071374909,6.232774257659912,6900,0.0,0.0
2001-03-13 00:00:00-05:00,6.249720488620359,6.253109947235052,6.219217300415039,6.219217300415039,5850,0.0,0.0
2001-03-14 00:00:00-05:00,6.2531111799125005,6.2531111799125005,6.242943286895751,6.242943286895752,1350,0.0,0.0
2001-03-15 00:00:00-05:00,6.266667275484167,6.266667275484167,6.202271920528179,6.236164569854736,5700,0.0,0.0
2001-03-16 00:00:00-05:00,6.168379756033387,6.236164569854735,6.168379756033387,6.236164569854736,6150,0.0,0.0
2001-03-19 00:00:00-05:00,6.270053863525391,6.270053863525391,6.219215393713278,6.270053863525391,5100,0.0,0.0
2001-03-20 00:00:00-05:00,6.236162196759422,6.270053863525391,6.219215393713278,6.270053863525391,6000,0.0,0.0
2001-03-21 00:00:00-05:00,6.2836131153156805,6.2836131153156805,6.219217760359693,6.236164569854736,7500,0.0,0.0
2001-03-22 00:00:00-05:00,6.266670243976075,6.266670243976075,6.219220706374982,6.2497239112854,6450,0.0,0.0
2001-03-23 00:00:00-05:00,6.222604757387869,6.2666647962155935,6.222604757387869,6.239550590515137,2700,0.0,0.0
2001-03-26 00:00:00-05:00,6.266669247596876,6.266669247596876,6.15143585205078,6.151435852050781,7950,0.0,0.0
2001-03-27 00:00:00-05:00,6.168381676804192,6.1921064417540785,6.151435831695917,6.185328006744385,4950,0.0,0.0
2001-03-28 00:00:00-05:00,6.236164569854735,6.236164569854735,6.185326080696665,6.236164569854736,3750,0.0,0.0
2001-03-29 00:00:00-05:00,6.229384233232533,6.229384233232533,6.2022705078125,6.2022705078125,1650,0.0,0.0
2001-03-30 00:00:00-05:00,6.185326108369466,6.219217788184123,6.1005954543375225,6.168379783630371,11400,0.0,0.0
2001-04-02 00:00:00-04:00,6.16838035060773,6.181937217712402,6.100596015084367,6.181937217712402,7200,0.0,0.0
2001-04-03 00:00:00-04:00,6.100594997115069,6.134487159221371,6.066702835008767,6.083649158477783,7500,0.0,0.0
2001-04-04 00:00:00-04:00,6.100593565816627,6.117539400478144,5.965024464366405,6.032809257507324,8850,0.0,0.0
2001-04-05 00:00:00-04:00,6.0836497055769305,6.1649909019470215,6.0836497055769305,6.1649909019470215,7950,0.0,0.0
2001-04-06 00:00:00-04:00,6.185324671840807,6.215827855354171,6.168378351037458,6.2022705078125,4500,0.0,0.0
2001-04-09 00:00:00-04:00,6.21582929896713,6.21582929896713,6.16837978363037,6.168379783630371,1800,0.0,0.0
2001-04-10 00:00:00-04:00,6.219214232407965,6.236161032289656,6.168376256920338,6.175154685974121,7800,0.0,0.0
2001-04-11 00:00:00-04:00,6.16837978363037,6.16837978363037,6.066703289691098,6.168379783630371,16950,0.0,0.0
2001-04-12 00:00:00-04:00,6.181935213747475,6.232773691325865,6.181935213747475,6.2022705078125,4650,0.0,0.0
2001-04-16 00:00:00-04:00,6.151435831695917,6.185328006744385,6.151435831695917,6.185328006744385,1050,0.0,0.0
2001-04-17 00:00:00-04:00,6.15143585205078,6.185328027211397,6.100597346893898,6.151435852050781,5850,0.0,0.0
2001-04-18 00:00:00-04:00,6.181940181031659,6.181940181031659,6.171772768245301,6.178550720214844,900,0.0,0.0
2001-04-19 00:00:00-04:00,6.151434509142795,6.236165170962904,6.134488182846049,6.181937217712402,11250,0.0,0.0
2001-04-20 00:00:00-04:00,6.168378629088311,6.225995540618896,6.168378629088311,6.2259955406188965,16650,0.0,0.0
2001-04-23 00:00:00-04:00,6.25310898539089,6.25310898539089,6.188713645102483,6.2022705078125,16350,0.0,0.0
2001-04-24 00:00:00-04:00,6.236166511733044,6.266669226860708,6.168381676804192,6.185328006744385,18000,0.0,0.0
2001-04-25 00:00:00-04:00,6.178548524338148,6.354788303375244,6.178548524338148,6.354788303375244,23700,0.0,0.0
2001-04-26 00:00:00-04:00,6.354788303375244,6.354788303375244,6.270057631052951,6.354788303375244,17400,0.0,0.0
2001-04-27 00:00:00-04:00,6.354788320736779,6.38190205838089,6.320896148681641,6.320896148681641,5250,0.0,0.0
2001-04-30 00:00:00-04:00,6.388680475337788,6.405626803734995,6.303949803015494,6.354788303375244,16500,0.0,0.0
2001-05-01 00:00:00-04:00,6.354788303375244,6.354788303375244,6.303949803015494,6.354788303375244,14700,0.0,0.0
2001-05-02 00:00:00-04:00,6.303948859053424,6.337841510772705,6.270056692165941,6.337841510772705,14550,0.0,0.0
2001-05-03 00:00:00-04:00,6.351398861115329,6.351398861115329,6.320896148681641,6.320896148681641,4050,0.0,0.0
2001-05-04 00:00:00-04:00,6.253110948098584,6.35139799118042,6.23616510680798,6.35139799118042,16200,0.0,0.0
2001-05-07 00:00:00-04:00,6.266665367876345,6.354784968738708,6.242940617536054,6.303946495056152,19650,0.0,0.0
2001-05-08 00:00:00-04:00,6.35139647472351,6.35139647472351,6.236163617864021,6.253109455108643,14100,0.0,0.0
2001-05-09 00:00:00-04:00,6.287000181739955,6.303946015122939,6.270053863525391,6.270053863525391,3300,0.0,0.0
2001-05-10 00:00:00-04:00,6.219215867195763,6.3039464950561515,6.219215867195763,6.303946495056152,3600,0.0,0.0
2001-05-11 00:00:00-04:00,6.337841510772705,6.3513978926959,6.303948859053424,6.337841510772705,9900,0.0,0.0
2001-05-14 00:00:00-04:00,6.371730318318035,6.371730318318035,6.202269560330294,6.270053863525391,10800,0.0,0.0
2001-05-15 00:00:00-04:00,6.2700576481829975,6.337842477125146,6.253111804571365,6.320896148681641,16800,0.0,0.0
2001-05-16 00:00:00-04:00,6.3513978926959,6.37173319282839,6.287003018025581,6.337841510772705,14400,0.0,0.0
2001-05-17 00:00:00-04:00,6.303949820238135,6.354788320736779,6.303949820238135,6.320896148681641,9300,0.0,0.0
2001-05-18 00:00:00-04:00,6.3547874550902685,6.3547874550902685,6.273446253238203,6.317506313323975,11250,0.0,0.0
2001-05-21 00:00:00-04:00,6.3378391340656,6.371730803411816,6.283611202549452,6.303946495056152,6750,0.0,0.0
2001-05-22 00:00:00-04:00,6.337842459809909,6.388680475337788,6.337842459809909,6.354788303375244,17550,0.0,0.0
2001-05-23 00:00:00-04:00,6.337841510772705,6.368344218555541,6.303948859053424,6.337841510772705,7050,0.0,0.0
2001-05-24 00:00:00-04:00,6.371734146940581,6.388680475337788,6.354788303375244,6.354788303375244,6150,0.0,0.0
2001-05-25 00:00:00-04:00,6.405625820159912,6.405625820159912,6.405625820159912,6.405625820159912,1500,0.0,0.0
2001-05-29 00:00:00-04:00,6.439517951100854,6.541194450810657,6.42596108447288,6.507302284240723,15300,0.0,0.0
2001-05-30 00:00:00-04:00,6.54119474646463,6.547973180084994,6.48357781827563,6.497134685516357,7950,0.0,0.0
2001-05-31 00:00:00-04:00,6.483578022714185,6.483578022714185,6.456464287377786,6.473410129547119,2550,0.0,0.0
2001-06-01 00:00:00-04:00,6.46662998199463,6.46662998199463,6.439516255876462,6.466629981994629,5250,0.0,0.0
2001-06-04 00:00:00-04:00,6.466630079440959,6.500522237599393,6.436126894682531,6.446294784545898,8100,0.0,0.0
2001-06-05 00:00:00-04:00,6.473409632838994,6.507302284240723,6.473409632838994,6.507302284240723,9150,0.0,0.0
2001-06-06 00:00:00-04:00,6.473410532052569,6.625925545218847,6.473410532052569,6.60897970199585,15000,0.0,0.0
2001-06-07 00:00:00-04:00,6.6003832943845655,6.669137220440974,6.583195058753898,6.627884864807129,19800,0.18333,0.0
2001-06-08 00:00:00-04:00,6.634758032695691,6.634758032695691,6.497250226690955,6.531627178192139,10500,0.0,0.0
2001-06-11 00:00:00-04:00,6.531628654993894,6.600382573541529,6.4972516957200765,6.5866312980651855,8550,0.0,0.0
2001-06-12 00:00:00-04:00,6.586630129844825,6.634758356058849,6.548815727233886,6.548815727233887,8100,0.0,0.0
2001-06-13 00:00:00-04:00,6.548816121908881,6.6519469876541475,6.548816121908881,6.624445915222168,12450,0.0,0.0
2001-06-14 00:00:00-04:00,6.61756706237793,6.648506554098947,6.600378838351339,6.61756706237793,3150,0.0,0.0
2001-06-15 00:00:00-04:00,6.600382967445291,6.634759928770689,6.548817279573773,6.583194732666016,6150,0.0,0.0
2001-06-18 00:00:00-04:00,6.617570225271238,6.634758949279784,6.6003819930294645,6.634758949279785,3750,0.0,0.0
2001-06-19 00:00:00-04:00,6.6175696335871645,6.631320414857821,6.548815727233886,6.548815727233887,4200,0.0,0.0
2001-06-20 00:00:00-04:00,6.531628505597072,6.531628505597072,6.445685863494872,6.445685863494873,3900,0.0,0.0
2001-06-21 00:00:00-04:00,6.480061704187295,6.480061704187295,6.394119076909993,6.4628729820251465,6150,0.0,0.0
2001-06-22 00:00:00-04:00,6.462873098408924,6.566003957938841,6.462873098408924,6.548815727233887,6450,0.0,0.0
2001-06-25 00:00:00-04:00,6.548815727233886,6.548815727233886,6.548815727233886,6.548815727233887,450,0.0,0.0
2001-06-26 00:00:00-04:00,6.531628677721165,6.548816911534473,6.531628677721165,6.5350661277771,14100,0.0,0.0
2001-06-27 00:00:00-04:00,6.531631117734484,6.531631117734484,6.480065413497587,6.4835028648376465,19950,0.0,0.0
2001-06-28 00:00:00-04:00,6.480060407711153,6.514437353390878,6.394117797628526,6.497249126434326,7050,0.0,0.0
2001-06-29 00:00:00-04:00,6.514438184286246,6.528188964312004,6.462872513306312,6.490374565124512,5400,0.0,0.0
2001-07-02 00:00:00-04:00,6.5281887829830785,6.5281887829830785,6.480061054229737,6.480061054229736,5400,0.0,0.0
2001-07-03 00:00:00-04:00,6.486937999725342,6.511002115756316,6.480062608254604,6.486937999725342,6750,0.0,0.0
2001-07-05 00:00:00-04:00,6.528192398787488,6.531630341485967,6.480064643377372,6.521317005157471,9600,0.0,0.0
2001-07-06 00:00:00-04:00,6.548818579677538,6.548818579677538,6.497253373335885,6.521317005157471,17850,0.0,0.0
2001-07-09 00:00:00-04:00,6.497250426349444,6.566003839697879,6.462872982025147,6.4628729820251465,7800,0.0,0.0
2001-07-10 00:00:00-04:00,6.462872783423066,6.583192851327268,6.445684553555826,6.531627178192139,20400,0.0,0.0
2001-07-11 00:00:00-04:00,6.514437353390878,6.531626072114053,6.497249126434326,6.497249126434326,2850,0.0,0.0
2001-07-12 00:00:00-04:00,6.514437353390878,6.514437353390878,6.469747569890545,6.497249126434326,3000,0.0,0.0
2001-07-13 00:00:00-04:00,6.480060407711153,6.548814299070605,6.476622959026491,6.497249126434326,8250,0.0,0.0
2001-07-16 00:00:00-04:00,6.497249774667837,6.5281887829830785,6.480061054229737,6.480061054229736,2700,0.0,0.0
2001-07-17 00:00:00-04:00,6.4938146654324616,6.4938146654324616,6.394121223661223,6.39755916595459,8550,0.0,0.0
2001-07-18 00:00:00-04:00,6.383807003700174,6.394119844822625,6.1878581047058105,6.1878581047058105,22650,0.0,0.0
2001-07-19 00:00:00-04:00,6.222232818603516,6.239421536634342,6.222232818603516,6.222232818603516,8250,0.0,0.0
2001-07-20 00:00:00-04:00,6.239421536634342,6.2909867071936185,6.208482040885495,6.222232818603516,9300,0.0,0.0
2001-07-23 00:00:00-04:00,6.222235978744757,6.308178137247277,6.2050472519841415,6.239424705505371,12750,0.0,0.0
2001-07-24 00:00:00-04:00,6.27380166725975,6.290989902253514,6.239424705505372,6.239424705505371,15000,0.0,0.0
2001-07-25 00:00:00-04:00,6.222235857009041,6.239424583433365,6.205047130584717,6.205047130584717,3450,0.0,0.0
2001-07-26 00:00:00-04:00,6.232547780468713,6.290988355196235,6.232547780468713,6.260049343109131,12150,0.0,0.0
2001-07-27 00:00:00-04:00,6.239424787575751,6.273801749782308,6.222236060589044,6.270363807678223,11400,0.0,0.0
2001-07-30 00:00:00-04:00,6.273798480929394,6.273798480929394,6.222232818603516,6.222232818603516,3300,0.0,0.0
2001-07-31 00:00:00-04:00,6.239424304824868,6.266925380695469,6.136292934417725,6.136292934417725,13200,0.0,0.0
2001-08-01 00:00:00-04:00,6.153478693096152,6.187855636067644,6.136289975727114,6.15691614151001,11700,0.0,0.0
2001-08-02 00:00:00-04:00,6.17754477181658,6.1878581047058105,6.156918597804898,6.1878581047058105,10200,0.0,0.0
2001-08-03 00:00:00-04:00,6.205049447205135,6.249739759179781,6.153484232214263,6.2016119956970215,18750,0.0,0.0
2001-08-06 00:00:00-04:00,6.170670340669185,6.2738012185563825,6.170670340669185,6.26692533493042,16800,0.0,0.0
2001-08-07 00:00:00-04:00,6.25661146244089,6.342554092407227,6.25661146244089,6.342554092407227,35400,0.0,0.0
2001-08-08 00:00:00-04:00,6.3322396886343695,6.356303797987859,6.260048344107204,6.284112453460693,6000,0.0,0.0
2001-08-09 00:00:00-04:00,6.301301687069757,6.301301687069757,6.260049343109131,6.260049343109131,3750,0.0,0.0
2001-08-10 00:00:00-04:00,6.290988416074078,6.352866932613815,6.290988416074078,6.342554092407227,10650,0.0,0.0
2001-08-13 00:00:00-04:00,6.359743441358167,6.394120401034687,6.29786491394043,6.29786491394043,16950,0.0,0.0
2001-08-14 00:00:00-04:00,6.277236391365056,6.325364608686083,6.273798942565919,6.273798942565918,12150,0.0,0.0
2001-08-15 00:00:00-04:00,6.359744281061523,6.373495066747704,6.290990352630616,6.290990352630615,4200,0.0,0.0
2001-08-16 00:00:00-04:00,6.273800420431409,6.318490215947217,6.170669555664062,6.1706695556640625,12150,0.0,0.0
2001-08-17 00:00:00-04:00,6.187857682461891,6.215359245934161,6.187857682461891,6.191295623779297,4350,0.0,0.0
2001-08-20 00:00:00-04:00,6.119105531553349,6.290990352630616,6.101916803562179,6.290990352630615,13350,0.0,0.0
2001-08-21 00:00:00-04:00,6.325366497039794,6.359742962360356,6.277238265350726,6.325366497039795,10650,0.0,0.0
2001-08-22 00:00:00-04:00,6.308178901672364,6.349431260776579,6.29099066459573,6.308178901672363,6900,0.0,0.0
2001-08-23 00:00:00-04:00,6.315054473464876,6.315054473464876,6.290990352630616,6.290990352630615,10350,0.0,0.0
2001-08-24 00:00:00-04:00,6.290990352630616,6.304741630083684,6.2841154515544115,6.290990352630615,7050,0.0,0.0
2001-08-27 00:00:00-04:00,6.273799123233012,6.290987351256946,6.273799123233012,6.284112453460693,11100,0.0,0.0
2001-08-28 00:00:00-04:00,6.270364174101344,6.290990352630616,6.263488781258253,6.290990352630615,34200,0.0,0.0
2001-08-29 00:00:00-04:00,6.304738834725227,6.373492240905762,6.304738834725227,6.373492240905762,13050,0.0,0.0
2001-08-30 00:00:00-04:00,6.394118880420698,6.5660036379266185,6.394118880420698,6.531627178192139,15300,0.0,0.0
2001-08-31 00:00:00-04:00,6.5316294175726215,6.5316294175726215,6.442248821258545,6.442248821258545,11100,0.0,0.0
2001-09-04 00:00:00-04:00,6.4766236052021195,6.531626723777367,6.462872333791637,6.480061054229736,5700,0.0,0.0
2001-09-05 00:00:00-04:00,6.5144371975244875,6.6003798055508245,6.5144371975244875,6.566002368927002,9300,0.0,0.0
2001-09-06 00:00:00-04:00,6.504963368586591,6.592161434840695,6.470084241875027,6.487523555755615,11250,0.18333,0.0
2001-09-07 00:00:00-04:00,6.522404193878174,6.5921624581297475,6.438694276776285,6.522404193878174,9750,0.0,0.0
2001-09-10 00:00:00-04:00,6.470087364143484,6.470087364143484,6.400328578106489,6.438696384429932,10200,0.0,0.0
2001-09-17 00:00:00-04:00,6.375910606795662,6.487523309078396,6.354982632614089,6.382885932922363,18150,0.0,0.0
2001-09-18 00:00:00-04:00,6.4177662430878195,6.456133035636554,6.382886615024724,6.431717395782471,7350,0.0,0.0
2001-09-19 00:00:00-04:00,6.473571771875691,6.4875234222732585,6.4003253578132755,6.435204982757568,21150,0.0,0.0
2001-09-20 00:00:00-04:00,6.470085117008705,6.470085117008705,6.382887038960325,6.452645301818848,14250,0.0,0.0
2001-09-21 00:00:00-04:00,6.348007907531063,6.48752443324811,6.348007907531063,6.452645301818848,25650,0.0,0.0
2001-09-24 00:00:00-04:00,6.50496530532837,6.522405123351751,6.365448756943454,6.504965305328369,17100,0.0,0.0
2001-09-25 00:00:00-04:00,6.522405200859697,6.522405200859697,6.417767788327568,6.5014777183532715,8550,0.0,0.0
2001-09-26 00:00:00-04:00,6.470083912053901,6.470083912053901,6.348006725311278,6.348006725311279,4350,0.0,0.0
2001-09-27 00:00:00-04:00,6.348007954963087,6.348007954963087,6.260810375213623,6.260810375213623,11550,0.0,0.0
2001-09-28 00:00:00-04:00,6.2608092945811125,6.400325298309326,6.2608092945811125,6.400325298309326,20700,0.0,0.0
2001-10-01 00:00:00-04:00,6.36544772272092,6.48752443324811,6.36544772272092,6.452645301818848,8100,0.0,0.0
2001-10-02 00:00:00-04:00,6.452645785428556,6.480549591613739,6.365448199795387,6.375912189483643,5250,0.0,0.0
2001-10-03 00:00:00-04:00,6.4107892332306395,6.487523309078396,6.313127682151676,6.382885932922363,9450,0.0,0.0
2001-10-04 00:00:00-04:00,6.407301570167288,6.487523309078396,6.34800680753702,6.382885932922363,10050,0.0,0.0
2001-10-05 00:00:00-04:00,6.417765669235798,6.45264429627934,6.35498274349637,6.435204982757568,7500,0.0,0.0
2001-10-08 00:00:00-04:00,6.484034110838547,6.5398406982421875,6.477058287413092,6.5398406982421875,4500,0.0,0.0
2001-10-09 00:00:00-04:00,6.5224052395592995,6.5747236966605165,6.466598120260502,6.557283878326416,7650,0.0,0.0
2001-10-10 00:00:00-04:00,6.592165529358716,6.661923327159339,6.592165529358716,6.627044677734375,6000,0.0,0.0
2001-10-11 00:00:00-04:00,6.592159623408224,6.592159623408224,6.504961581114912,6.5398406982421875,9750,0.0,0.0
2001-10-12 00:00:00-04:00,6.539846067150247,6.627044181029136,6.525894408845677,6.609604358673096,9750,0.0,0.0
2001-10-15 00:00:00-04:00,6.592162609100341,6.679360690887009,6.592162609100341,6.592162609100342,9600,0.0,0.0
2001-10-16 00:00:00-04:00,6.60960177471741,6.627041590255534,6.4700852462142615,6.522404193878174,6450,0.0,0.0
2001-10-17 00:00:00-04:00,6.5572828270534975,6.5572828270534975,6.522404193878174,6.522404193878174,1500,0.0,0.0
2001-10-18 00:00:00-04:00,6.50496308597233,6.574721336364746,6.50496308597233,6.574721336364746,9750,0.0,0.0
2001-10-19 00:00:00-04:00,6.60960192608739,6.60960192608739,6.522404343251196,6.592162609100342,3750,0.0,0.0
2001-10-22 00:00:00-04:00,6.627043499636571,6.714241105599145,6.627043499636571,6.710753440856934,13500,0.0,0.0
2001-10-23 00:00:00-04:00,6.745630971370909,6.745630971370909,6.661920551199972,6.679360866546631,6450,0.0,0.0
2001-10-24 00:00:00-04:00,6.644482821248842,6.714241105599145,6.627043499636571,6.710753440856934,8850,0.0,0.0
2001-10-25 00:00:00-04:00,6.714240550994874,6.749119690288966,6.69680123082311,6.714240550994873,6600,0.0,0.0
2001-10-26 00:00:00-04:00,6.714238055948302,6.714238055948302,6.661919116973877,6.661919116973877,3300,0.0,0.0
2001-10-29 00:00:00-05:00,6.6619182271235635,6.696797847747803,6.609599794087832,6.696797847747803,5550,0.0,0.0
2001-10-30 00:00:00-05:00,6.6619210794195185,6.696800714977445,6.627042441762647,6.65843391418457,4350,0.0,0.0
2001-10-31 00:00:00-05:00,6.6967982095624885,6.6967982095624885,6.644479274749755,6.644479274749756,2700,0.0,0.0
2001-11-01 00:00:00-05:00,6.627045827042674,6.637509822845458,6.627045827042674,6.637509822845459,750,0.0,0.0
2001-11-02 00:00:00-05:00,6.627045827042674,6.647973319697461,6.592166672618029,6.637509822845459,10950,0.0,0.0
2001-11-05 00:00:00-05:00,6.647970076135906,6.672385222845554,6.627042593691692,6.634018421173096,3150,0.0,0.0
2001-11-06 00:00:00-05:00,6.637503093782159,6.640990257263183,6.592159989523314,6.640990257263184,3000,0.0,0.0
2001-11-07 00:00:00-05:00,6.644480180635086,6.665407657623291,6.609601052321413,6.665407657623291,8700,0.0,0.0
2001-11-08 00:00:00-05:00,6.6270426527122765,6.6270426527122765,6.504965421225198,6.557283878326416,8400,0.0,0.0
2001-11-09 00:00:00-05:00,6.627042392846585,6.64099354843604,6.60960257519635,6.623554229736328,8400,0.0,0.0
2001-11-12 00:00:00-05:00,6.592159989523314,6.640990257263183,6.592159989523314,6.640990257263184,4650,0.0,0.0
2001-11-13 00:00:00-05:00,6.644484002446857,6.644484002446857,6.588677365045802,6.627044677734375,6900,0.0,0.0
2001-11-14 00:00:00-05:00,6.627044677734375,6.627044677734375,6.592165529358716,6.627044677734375,3300,0.0,0.0
2001-11-15 00:00:00-05:00,6.627040489591433,6.661919116973877,6.59216136325861,6.661919116973877,6150,0.0,0.0
2001-11-16 00:00:00-05:00,6.661918587053773,6.714237521866506,6.644479274749755,6.644479274749756,4950,0.0,0.0
2001-11-19 00:00:00-05:00,6.592160482726026,6.696797847747803,6.592160482726026,6.696797847747803,8700,0.0,0.0
2001-11-20 00:00:00-05:00,6.731677868589904,6.766556994922728,6.644479803282655,6.661919116973877,12900,0.0,0.0
2001-11-21 00:00:00-05:00,6.696800665546477,6.696800665546477,6.592163256496638,6.623554229736328,7050,0.0,0.0
2001-11-23 00:00:00-05:00,6.658431952766165,6.661919116973877,6.609600676949832,6.661919116973877,3150,0.0,0.0
2001-11-26 00:00:00-05:00,6.696800183992314,6.714239501437997,6.627041916308606,6.679360866546631,4800,0.0,0.0
2001-11-27 00:00:00-05:00,6.696799122580803,6.731678250894477,6.627040865953454,6.665407657623291,18900,0.0,0.0
2001-11-28 00:00:00-05:00,6.654945903617311,6.6933127052897685,6.634018421173097,6.634018421173096,13950,0.0,0.0
2001-11-29 00:00:00-05:00,6.634016202722591,6.6967986290604555,6.435204936510831,6.456132411956787,20100,0.0,0.0
2001-11-30 00:00:00-05:00,6.4596219039869665,6.592162609100341,6.4596219039869665,6.592162609100342,5550,0.0,0.0
2001-12-03 00:00:00-05:00,6.627040489591433,6.661919116973877,6.59216136325861,6.661919116973877,1950,0.0,0.0
2001-12-04 00:00:00-05:00,6.627042392846585,6.6549457019265414,6.592163256496638,6.623554229736328,5850,0.0,0.0
2001-12-05 00:00:00-05:00,6.640991641174183,6.714238055948302,6.627040489591433,6.661919116973877,8550,0.0,0.0
2001-12-06 00:00:00-05:00,6.6601494318682795,6.691998958587646,6.653071196776088,6.6919989585876465,1950,0.18333,0.0
2001-12-07 00:00:00-05:00,6.688460826873779,6.688460826873779,6.688460826873779,6.688460826873779,150,0.0,0.0
2001-12-10 00:00:00-05:00,6.723851790106024,6.723851790106024,6.670768548494303,6.706157207489014,159750,0.0,0.0
2001-12-11 00:00:00-05:00,6.723847532280194,6.808780260084489,6.723847532280194,6.7946248054504395,4050,0.0,0.0
2001-12-12 00:00:00-05:00,6.830015414085738,6.847709484367664,6.688460826873779,6.688460826873779,9750,0.0,0.0
2001-12-13 00:00:00-05:00,6.741541862487794,6.776931006703182,6.734464641131527,6.741541862487793,4650,0.0,0.0
2001-12-14 00:00:00-05:00,6.776933046867259,6.812321189258063,6.723849820802728,6.808782577514648,9600,0.0,0.0
2001-12-17 00:00:00-05:00,6.7733941201220755,6.8654046091577765,6.7733941201220755,6.861865997314453,4050,0.0,0.0
2001-12-18 00:00:00-05:00,6.868941480429176,6.8937137820119085,6.830014228820801,6.830014228820801,3150,0.0,0.0
2001-12-19 00:00:00-05:00,6.90079215674352,6.9184862256127815,6.847708937657548,6.893714427947998,9750,0.0,0.0
2001-12-20 00:00:00-05:00,6.868941783905029,6.868941783905029,6.868941783905029,6.868941783905029,1050,0.0,0.0
2001-12-21 00:00:00-05:00,6.8300138903964225,6.953874379694752,6.8300138903964225,6.900791168212891,7500,0.0,0.0
2001-12-24 00:00:00-05:00,6.918485065766976,6.989262848095801,6.918485065766976,6.9361796379089355,3150,0.0,0.0
2001-12-26 00:00:00-05:00,6.971569962702932,7.006958609310009,6.883098599304805,6.886637210845947,6600,0.0,0.0
2001-12-27 00:00:00-05:00,6.900792318546239,6.971569608160986,6.900792318546239,6.957414150238037,3600,0.0,0.0
2001-12-28 00:00:00-05:00,6.936181810019567,6.982186800765205,6.918487232336436,6.975109577178955,4200,0.0,0.0
2001-12-31 00:00:00-05:00,7.010496648210965,7.0423466783753454,6.971568889814395,7.006957530975342,6450,0.0,0.0
2002-01-02 00:00:00-05:00,6.971568889814395,7.0246515984362885,6.936180248653447,7.006957530975342,17250,0.0,0.0
2002-01-03 00:00:00-05:00,6.999881441721024,6.999881441721024,6.900792724196523,6.968031406402588,11550,0.0,0.0
2002-01-04 00:00:00-05:00,6.999880854957413,6.999880854957413,6.953875364740328,6.992802619934082,6150,0.0,0.0
2002-01-07 00:00:00-05:00,6.999880073091102,7.003418177729382,6.953874588012695,6.953874588012695,11850,0.0,0.0
2002-01-08 00:00:00-05:00,6.996342323912692,6.996342323912692,6.943259100461679,6.968031406402588,6600,0.0,0.0
2002-01-09 00:00:00-05:00,6.975107701522738,6.982184923205872,6.936179944831302,6.971568584442139,15750,0.0,0.0
2002-01-10 00:00:00-05:00,6.946796894073485,6.953874622101857,6.9361800489114085,6.946796894073486,1800,0.0,0.0
2002-01-11 00:00:00-05:00,6.936180215093882,6.975107973302106,6.918485641479493,6.918485641479492,1200,0.0,0.0
2002-01-14 00:00:00-05:00,6.968030245104162,6.975107973302106,6.847708359500042,6.918485641479492,12150,0.0,0.0
2002-01-15 00:00:00-05:00,6.953876965997409,6.953876965997409,6.865405082702638,6.865405082702637,3750,0.0,0.0
2002-01-16 00:00:00-05:00,6.830019394936303,6.844174861907958,6.8123248081020185,6.844174861907959,2400,0.0,0.0
2002-01-17 00:00:00-05:00,6.861867540561156,6.879561616235556,6.830017495612229,6.840634346008301,5700,0.0,0.0
2002-01-18 00:00:00-05:00,6.865402599030111,6.932641266758147,6.865402599030111,6.883097171783447,8700,0.0,0.0
2002-01-22 00:00:00-05:00,6.918485234547496,6.946796651913106,6.883097101878285,6.900791168212891,15150,0.0,0.0
2002-01-23 00:00:00-05:00,6.90079116821289,6.90079116821289,6.794625251488188,6.900791168212891,7800,0.0,0.0
2002-01-24 00:00:00-05:00,6.900791238297755,6.900791238297755,6.812319387009133,6.883097171783447,5700,0.0,0.0
2002-01-25 00:00:00-05:00,6.883097171783447,6.883097171783447,6.830013959762469,6.883097171783447,3450,0.0,0.0
2002-01-28 00:00:00-05:00,6.8937137820119085,6.8937137820119085,6.794625588159074,6.830014228820801,9450,0.0,0.0
2002-01-29 00:00:00-05:00,6.812318293952491,6.876017834413469,6.723846963098385,6.815857410430908,10500,0.0,0.0
2002-01-30 00:00:00-05:00,6.8654027623214855,6.8654027623214855,6.653070415426344,6.7592363357543945,22200,0.0,0.0
2002-01-31 00:00:00-05:00,6.794627778562504,6.865405082702638,6.794627778562504,6.865405082702637,1500,0.0,0.0
2002-02-01 00:00:00-05:00,6.830016241567659,6.830016241567659,6.741544360721919,6.812321662902832,10200,0.0,0.0
2002-02-04 00:00:00-05:00,6.794628210217635,6.87602186203003,6.776934136178123,6.876021862030029,2850,0.0,0.0
2002-02-05 00:00:00-05:00,6.8760189376908905,6.883097171783447,6.865402599030111,6.883097171783447,2850,0.0,0.0
2002-02-06 00:00:00-05:00,6.876018416476727,6.876018416476727,6.7946248054504395,6.7946248054504395,12450,0.0,0.0
2002-02-07 00:00:00-05:00,6.776928619445538,6.847705364227295,6.776928619445538,6.847705364227295,900,0.0,0.0
2002-02-08 00:00:00-05:00,6.865405082702638,6.865405082702638,6.812321851477932,6.865405082702637,2550,0.0,0.0
2002-02-11 00:00:00-05:00,6.830014228820801,6.876019208561521,6.794625588159074,6.830014228820801,6300,0.0,0.0
2002-02-12 00:00:00-05:00,6.8477103139932884,6.8477103139932884,6.72385028829629,6.812321662902832,5400,0.0,0.0
2002-02-13 00:00:00-05:00,6.794626893639636,6.812320964250612,6.723849598717441,6.755699634552002,13650,0.0,0.0
2002-02-14 00:00:00-05:00,6.720312510982375,6.8300176043720215,6.720312510982375,6.822939872741699,16500,0.0,0.0
2002-02-15 00:00:00-05:00,6.847710938575415,6.87602186203003,6.794628210217635,6.876021862030029,4050,0.0,0.0
2002-02-19 00:00:00-05:00,6.876018416476727,6.876018416476727,6.7946248054504395,6.7946248054504395,5100,0.0,0.0
2002-02-20 00:00:00-05:00,6.759236682374655,6.81231989838036,6.688459904765493,6.7769317626953125,13800,0.0,0.0
2002-02-21 00:00:00-05:00,6.812323184473145,6.812323184473145,6.667229935714488,6.706157207489014,9150,0.0,0.0
2002-02-22 00:00:00-05:00,6.706153628709889,6.7592363357543945,6.706153628709889,6.7592363357543945,5250,0.0,0.0
2002-02-25 00:00:00-05:00,6.794625830537836,6.794625830537836,6.741542614532131,6.7769317626953125,3450,0.0,0.0
2002-02-26 00:00:00-05:00,6.794625588159074,6.854786024164485,6.759236441258301,6.830014228820801,4500,0.0,0.0
2002-02-27 00:00:00-05:00,6.8264786480710296,6.865406426084866,6.706157207489014,6.706157207489014,20100,0.0,0.0
2002-02-28 00:00:00-05:00,6.723848546689607,6.830014472461951,6.723848546689607,6.7769317626953125,6300,0.0,0.0
2002-03-01 00:00:00-05:00,6.723850727081299,6.773394841841087,6.68846207368145,6.723850727081299,11100,0.0,0.0
2002-03-04 00:00:00-05:00,6.688460826873779,6.7592376142406225,6.688460826873779,6.688460826873779,13050,0.0,0.0
2002-03-05 00:00:00-05:00,6.723848201884085,6.81231954903794,6.695536783557563,6.7592363357543945,17100,0.0,0.0
2002-03-06 00:00:00-05:00,6.730925259597218,6.7946248054504395,6.458432504772278,6.7946248054504395,18300,0.0,0.0
2002-03-07 00:00:00-05:00,6.7946248054504395,6.812318870623506,6.773391623499366,6.7946248054504395,15450,0.0,0.0
2002-03-08 00:00:00-05:00,6.821551087534246,6.8538639231197855,6.80718994140625,6.80718994140625,6450,0.18333,0.0
2002-03-11 00:00:00-05:00,6.7928275664359585,6.821550369262695,6.771285849512189,6.821550369262695,6900,0.0,0.0
2002-03-12 00:00:00-05:00,6.789238855259992,6.911308608195425,6.789238855259992,6.900537490844727,5400,0.0,0.0
2002-03-13 00:00:00-05:00,6.907720335322484,6.907720335322484,6.821553428978402,6.893359184265137,3300,0.0,0.0
2002-03-14 00:00:00-05:00,6.893356445811564,6.9113076207043305,6.82155071905036,6.871814727783203,7050,0.0,0.0
2002-03-15 00:00:00-05:00,6.87540800224109,6.907720335322484,6.843095155564422,6.893359184265137,6300,0.0,0.0
2002-03-18 00:00:00-05:00,6.907720335322484,6.911310366289183,6.846685186531122,6.893359184265137,7350,0.0,0.0
2002-03-19 00:00:00-05:00,6.857454728573987,6.918490381486327,6.839503549336422,6.8861775398254395,16200,0.0,0.0
2002-03-20 00:00:00-05:00,6.889769210211829,6.911310938581616,6.868227481842041,6.868227481842041,10950,0.0,0.0
2002-03-21 00:00:00-05:00,6.882588064174489,6.911310366289183,6.839504611002448,6.893359184265137,12750,0.0,0.0
2002-03-22 00:00:00-05:00,6.911307257287542,6.9148978002343355,6.839501534302093,6.907717227935791,11850,0.0,0.0
2002-03-25 00:00:00-05:00,6.911311302613931,6.9364435771667745,6.911311302613931,6.922082424163818,7500,0.0,0.0
2002-03-26 00:00:00-05:00,6.940032153498753,6.9436221839334165,6.857454776763916,6.857454776763916,5850,0.0,0.0
2002-03-27 00:00:00-05:00,6.893357411003851,6.904128014728572,6.843093395233154,6.843093395233154,4950,0.0,0.0
2002-03-28 00:00:00-05:00,6.87540800224109,6.893359184265137,6.839504611002448,6.893359184265137,4200,0.0,0.0
2002-04-01 00:00:00-05:00,6.875406430975455,6.972343921661377,6.861044769604964,6.972343921661377,17850,0.0,0.0
2002-04-02 00:00:00-05:00,6.975934377942723,7.001066644882376,6.896948573948584,6.997476100921631,17400,0.0,0.0
2002-04-03 00:00:00-05:00,7.001066207885742,7.001066207885742,6.893357599714223,7.001066207885742,7200,0.0,0.0
2002-04-04 00:00:00-05:00,6.997475664149113,7.011837325500472,6.983115029988067,7.001066207885742,10500,0.0,0.0
2002-04-05 00:00:00-05:00,7.015426766987969,7.015426766987969,6.911308197694356,6.965162754058838,3750,0.0,0.0
2002-04-08 00:00:00-04:00,7.019015629388506,7.06928014755249,7.019015629388506,7.06928014755249,15450,0.0,0.0
2002-04-09 00:00:00-04:00,7.036969596562503,7.036969596562503,7.00465726852417,7.00465726852417,2100,0.0,0.0
2002-04-10 00:00:00-04:00,7.019016541866725,7.072871096274973,7.001065366127372,7.036968231201172,7500,0.0,0.0
2002-04-11 00:00:00-04:00,7.047741115542191,7.087234020233154,7.040560027130863,7.087234020233154,9900,0.0,0.0
2002-04-12 00:00:00-04:00,7.087233852074148,7.137497874594264,7.087233852074148,7.105185031890869,13650,0.0,0.0
2002-04-15 00:00:00-04:00,7.13750083931822,7.144681930541993,7.108778528804829,7.144681930541992,3900,0.0,0.0
2002-04-16 00:00:00-04:00,7.159036439357286,7.176988124847412,7.10877243901791,7.176988124847412,8850,0.0,0.0
2002-04-17 00:00:00-04:00,7.176989775349983,7.176989775349983,7.015426623163876,7.072871208190918,19650,0.0,0.0
2002-04-18 00:00:00-04:00,7.144678808952233,7.144678808952233,7.076463094489422,7.0980048179626465,11100,0.0,0.0
2002-04-19 00:00:00-04:00,7.072871096274973,7.126725137088127,7.008245939142132,7.036968231201172,3300,0.0,0.0
2002-04-22 00:00:00-04:00,7.072875006088735,7.0908267053467,7.004659781537374,7.040562152862549,4350,0.0,0.0
2002-04-23 00:00:00-04:00,7.0800525205448555,7.137497111569665,6.947211647002405,7.001066207885742,12450,0.0,0.0
2002-04-24 00:00:00-04:00,7.0369680308726466,7.054919719696045,6.98311399159261,7.054919719696045,4500,0.0,0.0
2002-04-25 00:00:00-04:00,7.07287564066309,7.144681930541993,7.07287564066309,7.144681930541992,24300,0.0,0.0
2002-04-26 00:00:00-04:00,7.1410897624556045,7.1410897624556045,7.072874033687382,7.130318641662598,5400,0.0,0.0
2002-04-29 00:00:00-04:00,7.094415630210877,7.15545078185115,7.094415630210877,7.151860237121582,2550,0.0,0.0
2002-04-30 00:00:00-04:00,7.090822285923993,7.18057918548584,7.090822285923993,7.18057918548584,21750,0.0,0.0
2002-05-01 00:00:00-04:00,7.18057918548584,7.198530873555244,7.148266352398935,7.18057918548584,9000,0.0,0.0
2002-05-02 00:00:00-04:00,7.2164818479573745,7.252385223100785,7.162627812432345,7.198530673980713,3900,0.0,0.0
2002-05-03 00:00:00-04:00,7.198530078093446,7.198530078093446,7.144676047026402,7.191349506378174,3600,0.0,0.0
2002-05-06 00:00:00-04:00,7.180580463330491,7.378046499259389,7.180580463330491,7.2882890701293945,8250,0.0,0.0
2002-05-07 00:00:00-04:00,7.324193425260882,7.374456934846541,7.288290037965037,7.349325180053711,6450,0.0,0.0
2002-05-08 00:00:00-04:00,7.370867224605149,7.3995890092173475,7.216484101347554,7.338554382324219,19350,0.0,0.0
2002-05-09 00:00:00-04:00,7.302650802386816,7.324192523956299,7.266747419509191,7.324192523956299,2100,0.0,0.0
2002-05-10 00:00:00-04:00,7.395997748926087,7.395997748926087,7.313421406373981,7.324192523956299,4950,0.0,0.0
2002-05-13 00:00:00-04:00,7.28828816542717,7.467803001403809,7.28828816542717,7.467803001403809,5250,0.0,0.0
2002-05-14 00:00:00-04:00,7.449854136934967,7.536021044347771,7.342145502668962,7.374457836151123,22050,0.0,0.0
2002-05-15 00:00:00-04:00,7.3206019089666405,7.352914234208737,7.252386714791577,7.2882890701293945,11100,0.0,0.0
2002-05-16 00:00:00-04:00,7.288289141078673,7.324192523956299,7.212893372383061,7.324192523956299,5700,0.0,0.0
2002-05-17 00:00:00-04:00,7.360096078030559,7.360096078030559,7.252387460161812,7.306241512298584,3000,0.0,0.0
2002-05-20 00:00:00-04:00,7.288289141078673,7.324192523956299,7.216483402513731,7.324192523956299,8850,0.0,0.0
2002-05-21 00:00:00-04:00,7.288289859471741,7.395998477935791,7.216484113829041,7.395998477935791,6300,0.0,0.0
2002-05-22 00:00:00-04:00,7.334963810396917,7.334963810396917,7.288289819189526,7.306241512298584,1350,0.0,0.0
2002-05-23 00:00:00-04:00,7.288289461769873,7.288289461769873,7.184171393066996,7.194941997528076,8850,0.0,0.0
2002-05-24 00:00:00-04:00,7.198532737546264,7.209303855895997,7.194942193564623,7.209303855895996,1650,0.0,0.0
2002-05-28 00:00:00-04:00,7.245205803965693,7.360095500946046,7.202122360196246,7.360095500946045,8700,0.0,0.0
2002-05-29 00:00:00-04:00,7.3960012712304675,7.3960012712304675,7.33137607574463,7.331376075744629,2400,0.0,0.0
2002-05-30 00:00:00-04:00,7.367276501061573,7.3888182241923595,7.331373115581737,7.385227680206299,4350,0.0,0.0
2002-05-31 00:00:00-04:00,7.395996511842213,7.539608478546143,7.385225909656583,7.539608478546143,19500,0.0,0.0
2002-06-03 00:00:00-04:00,7.755027755356047,7.808882321632979,7.49293652575905,7.607826232910156,44400,0.0,0.0
2002-06-04 00:00:00-04:00,7.629366308698365,7.755026080209019,7.575511754054443,7.683220863342285,24450,0.0,0.0
2002-06-05 00:00:00-04:00,7.719123514203405,7.895047817451994,7.683221161175862,7.758616924285889,22050,0.0,0.0
2002-06-06 00:00:00-04:00,7.808879501384395,7.880685221423536,7.665267547711091,7.701170921325684,19800,0.0,0.0
2002-06-07 00:00:00-04:00,7.673892024831341,7.812094688415527,7.637522902835503,7.812094688415527,13500,0.18333,0.0
2002-06-10 00:00:00-04:00,7.812096593932955,7.812096593932955,7.662983417510986,7.662983417510986,2850,0.0,0.0
2002-06-11 00:00:00-04:00,7.662981820720298,7.702987596205113,7.579332577024355,7.637523174285889,108750,0.0,0.0
2002-06-12 00:00:00-04:00,7.637523969581682,7.637523969581682,7.437493510533492,7.484773635864258,24150,0.0,0.0
2002-06-13 00:00:00-04:00,7.393851604616091,7.4884118686622925,7.393851604616091,7.401125431060791,9750,0.0,0.0
2002-06-14 00:00:00-04:00,7.3465732107640145,7.361120345799915,7.255650104999596,7.310203552246094,5550,0.0,0.0
2002-06-17 00:00:00-04:00,7.277470474672241,7.382940699338137,7.2738333012707725,7.328387260437012,4200,0.0,0.0
2002-06-18 00:00:00-04:00,7.3829418330854235,7.3829418330854235,7.375668525695801,7.375668525695801,2850,0.0,0.0
2002-06-19 00:00:00-04:00,7.382938574783794,7.382938574783794,7.29201602935791,7.29201602935791,13800,0.0,0.0
2002-06-20 00:00:00-04:00,7.273832483461198,7.277469656453732,7.1392669677734375,7.1392669677734375,20250,0.0,0.0
2002-06-21 00:00:00-04:00,7.124719838541272,7.124719838541272,6.910141703940737,6.946510314941406,60750,0.0,0.0
2002-06-24 00:00:00-04:00,6.964695681312078,6.97196898732138,6.819218635559082,6.819218635559082,8100,0.0,0.0
2002-06-25 00:00:00-04:00,6.848313988777299,6.946510384039077,6.848313988777299,6.895594120025635,10050,0.0,0.0
2002-06-26 00:00:00-04:00,6.859221650904718,6.924686060946643,6.837400180890744,6.917412757873535,5550,0.0,0.0
2002-06-27 00:00:00-04:00,6.953786218142589,6.961060046024069,6.913779904661845,6.928327560424805,6450,0.0,0.0
2002-06-28 00:00:00-04:00,6.935600261991585,7.001064702293733,6.9101421286733125,6.913778781890869,6900,0.0,0.0
2002-07-01 00:00:00-04:00,6.946509999953709,7.030159778469519,6.946509999953709,6.971968650817871,6900,0.0,0.0
2002-07-02 00:00:00-04:00,7.062890479673954,7.091985778196011,6.968330239212294,7.019247531890869,13350,0.0,0.0
2002-07-03 00:00:00-04:00,7.055619995733193,7.088351961935926,7.0301618576049805,7.0301618576049805,8700,0.0,0.0
2002-07-05 00:00:00-04:00,7.066529090171779,7.091987743566309,7.062892436981201,7.062892436981201,3000,0.0,0.0
2002-07-08 00:00:00-04:00,7.1392657711661185,7.1392657711661185,7.048342704772949,7.048342704772949,7050,0.0,0.0
2002-07-09 00:00:00-04:00,7.084713583120829,7.091987409424396,7.019249146388723,7.022885799407959,4200,0.0,0.0
2002-07-10 00:00:00-04:00,7.00470350804332,7.062894135205066,6.982882022857666,6.982882022857666,29700,0.0,0.0
2002-07-11 00:00:00-04:00,7.019253713488152,7.019253713488152,6.910146247943527,6.953789234161377,10200,0.0,0.0
2002-07-12 00:00:00-04:00,6.990153758509243,7.06289254636363,6.964696145250695,6.979243278503418,8700,0.0,0.0
2002-07-15 00:00:00-04:00,6.979243494861787,7.001064975815036,6.655557933922688,6.855588436126709,23100,0.0,0.0
2002-07-16 00:00:00-04:00,6.85558770696226,6.910141663675564,6.85558770696226,6.902867317199707,9750,0.0,0.0
2002-07-17 00:00:00-04:00,6.9028680513928435,6.971969667877371,6.819219301204628,6.855588436126709,18000,0.0,0.0
2002-07-18 00:00:00-04:00,6.83740614863637,6.83740614863637,6.8010375204684514,6.815584659576416,1950,0.0,0.0
2002-07-19 00:00:00-04:00,6.801031696381434,6.801031696381434,6.6228227615356445,6.6228227615356445,8400,0.0,0.0
2002-07-22 00:00:00-04:00,6.546450145174372,6.5791826248168945,6.437342746807823,6.5791826248168945,22650,0.0,0.0
2002-07-23 00:00:00-04:00,6.546448787448661,6.546448787448661,6.382787463709443,6.473710536956787,16350,0.0,0.0
2002-07-24 00:00:00-04:00,6.455525966572366,6.542811870574951,6.3245971105684875,6.542811870574951,16950,0.0,0.0
2002-07-25 00:00:00-04:00,6.542815524201019,6.619190992985232,6.510083552054439,6.582821846008301,10350,0.0,0.0
2002-07-26 00:00:00-04:00,6.564639704112778,6.64828955685698,6.546455383300781,6.546455383300781,4350,0.0,0.0
2002-07-29 00:00:00-04:00,6.582818422645291,6.655556678771973,6.582818422645291,6.655556678771973,17400,0.0,0.0
2002-07-30 00:00:00-04:00,6.619186371901839,6.74647855758667,6.5537219530463435,6.74647855758667,5250,0.0,0.0
2002-07-31 00:00:00-04:00,6.728293418884278,6.728293418884278,6.619186059278249,6.728293418884277,19050,0.0,0.0
2002-08-01 00:00:00-04:00,6.637370859260578,6.637370859260578,6.586453571333576,6.601001739501953,13500,0.0,0.0
2002-08-02 00:00:00-04:00,6.626461180439154,6.637372178668143,6.546449101065008,6.619187355041504,10200,0.0,0.0
2002-08-05 00:00:00-04:00,6.637370859260578,6.637370859260578,6.550084971839879,6.601001739501953,9900,0.0,0.0
2002-08-06 00:00:00-04:00,6.550087865710984,6.891957742482374,6.550087865710984,6.870136260986328,22500,0.0,0.0
2002-08-07 00:00:00-04:00,6.848318198435031,6.848318198435031,6.641013760595638,6.644650936126709,7500,0.0,0.0
2002-08-08 00:00:00-04:00,6.644646004065794,6.7064732598133,6.5391752756673585,6.619187355041504,10650,0.0,0.0
2002-08-09 00:00:00-04:00,6.619186001148052,6.619186001148052,6.510078642500212,6.535536766052246,5850,0.0,0.0
2002-08-12 00:00:00-04:00,6.546450737809174,6.564635045717225,6.459164811214144,6.528266429901123,11250,0.0,0.0
2002-08-13 00:00:00-04:00,6.550086021423341,6.615550447478861,6.550086021423341,6.55008602142334,6900,0.0,0.0
2002-08-14 00:00:00-04:00,6.546449101065008,6.691926129283031,6.546449101065008,6.619187355041504,8100,0.0,0.0
2002-08-15 00:00:00-04:00,6.644649192458234,6.691929340362548,6.619190531217769,6.691929340362549,3150,0.0,0.0
2002-08-16 00:00:00-04:00,6.72829125028244,6.764660358428954,6.72829125028244,6.764660358428955,4050,0.0,0.0
2002-08-19 00:00:00-04:00,6.764666838228957,6.891959098805998,6.739208698272705,6.739208698272705,4350,0.0,0.0
2002-08-20 00:00:00-04:00,6.746482862118294,7.059257507324219,6.746482862118294,7.059257507324219,12300,0.0,0.0
2002-08-21 00:00:00-04:00,7.059253307226209,7.059253307226209,6.986515581186044,7.019247531890869,3450,0.0,0.0
2002-08-22 00:00:00-04:00,6.98287974272489,7.146541088309277,6.98287974272489,7.091987133026123,9150,0.0,0.0
2002-08-23 00:00:00-04:00,7.128359500256176,7.201097793488901,7.128359500256176,7.131996154785156,6000,0.0,0.0
2002-08-26 00:00:00-04:00,7.164724859744394,7.17563533782959,7.164724859744394,7.17563533782959,750,0.0,0.0
2002-08-27 00:00:00-04:00,7.212006368216466,7.219279674824387,7.106535618424554,7.110172271728516,6300,0.0,0.0
2002-08-28 00:00:00-04:00,7.11016856357933,7.11016856357933,6.982876919819486,6.986514091491699,4050,0.0,0.0
2002-08-29 00:00:00-04:00,7.019247927641616,7.055617052844707,6.917414377072961,6.964694499969482,8550,0.0,0.0
2002-08-30 00:00:00-04:00,6.968337802993266,6.993796476966667,6.837408817527168,6.8446831703186035,25800,0.0,0.0
2002-09-03 00:00:00-04:00,6.85558699515342,6.873771818924771,6.819217867875752,6.866497993469238,4800,0.0,0.0
2002-09-04 00:00:00-04:00,6.866497208838089,6.873771033462447,6.837401390075684,6.837401390075684,1500,0.0,0.0
2002-09-05 00:00:00-04:00,6.8228560149360105,6.96469589170401,6.8228560149360105,6.921052932739258,9750,0.0,0.0
2002-09-06 00:00:00-04:00,6.855589330409297,6.902868951842858,6.786487704910756,6.8010358810424805,9150,0.0,0.0
2002-09-09 00:00:00-04:00,6.837401883164128,7.041069507598877,6.728294505930342,7.041069507598877,13800,0.0,0.0
2002-09-10 00:00:00-04:00,7.065051197873151,7.120390704799806,7.065051197873151,7.083497524261475,8100,0.18333,0.0
2002-09-11 00:00:00-04:00,7.079806343881189,7.1572822694003735,7.079806343881189,7.1056318283081055,8550,0.0,0.0
2002-09-12 00:00:00-04:00,7.0834957406343975,7.10194206237793,7.0834957406343975,7.10194206237793,1650,0.0,0.0
2002-09-13 00:00:00-04:00,7.08349882549122,7.087188408103667,6.862139173836062,6.954372406005859,29100,0.0,0.0
2002-09-16 00:00:00-04:00,6.917473343360466,7.0281528113019665,6.917473343360466,7.009706497192383,12300,0.0,0.0
2002-09-17 00:00:00-04:00,7.013401090334209,7.013401090334209,7.002332870914177,7.0060224533081055,2250,0.0,0.0
2002-09-18 00:00:00-04:00,6.954370010983372,7.116699979266868,6.93592315979763,7.079806804656982,8400,0.0,0.0
2002-09-19 00:00:00-04:00,7.057670470097441,7.079806373515353,7.00970960990608,7.039224147796631,3300,0.0,0.0
2002-09-20 00:00:00-04:00,7.009709147794655,7.090873593881377,7.009709147794655,7.072427272796631,5100,0.0,0.0
2002-09-23 00:00:00-04:00,7.061363461580076,7.061363461580076,6.972819805145263,6.972819805145264,21450,0.0,0.0
2002-09-24 00:00:00-04:00,6.991264343261719,7.113012103515091,6.954371162542771,6.991264343261719,16050,0.0,0.0
2002-09-25 00:00:00-04:00,7.046603294041055,7.046603294041055,6.899031110579636,6.939613342285156,7950,0.0,0.0
2002-09-26 00:00:00-04:00,6.96174762230949,7.028155326843263,6.96174762230949,7.028155326843262,3750,0.0,0.0
2002-09-27 00:00:00-04:00,7.0133980591690905,7.046601647555216,6.965437203108793,7.028155326843262,3750,0.0,0.0
2002-09-30 00:00:00-04:00,6.954366921111859,6.958055973052978,6.954366921111859,6.9580559730529785,900,0.0,0.0
2002-10-01 00:00:00-04:00,6.958061460856525,6.958061460856525,6.862139173836062,6.954372406005859,7500,0.0,0.0
2002-10-02 00:00:00-04:00,6.954368389549382,6.954368389549382,6.91747522354126,6.91747522354126,1650,0.0,0.0
2002-10-03 00:00:00-04:00,6.887960653864329,6.899028867488258,6.82524200810551,6.85844612121582,10650,0.0,0.0
2002-10-04 00:00:00-04:00,6.858448946831984,6.950682163238526,6.858448946831984,6.950682163238525,6450,0.0,0.0
2002-10-07 00:00:00-04:00,7.009711111611847,7.020779329572756,6.622332454928612,6.880584716796875,27450,0.0,0.0
2002-10-08 00:00:00-04:00,6.9174771748700685,7.0207785965942495,6.762525833926234,6.884273052215576,25200,0.0,0.0
2002-10-09 00:00:00-04:00,6.862137690675658,6.862137690675658,6.644468196441113,6.692429065704346,5400,0.0,0.0
2002-10-10 00:00:00-04:00,6.651845309220805,6.65553436242944,6.603883923177736,6.6149516105651855,6900,0.0,0.0
2002-10-11 00:00:00-04:00,6.651844968253902,6.8584467146705155,6.651844968253902,6.751456260681152,7650,0.0,0.0
2002-10-14 00:00:00-04:00,6.755148976778476,6.755148976778476,6.0873815162467455,6.4194207191467285,164100,0.0,0.0
2002-10-15 00:00:00-04:00,6.419420711041393,6.430488402984476,6.349323393608726,6.4267988204956055,9450,0.0,0.0
2002-10-16 00:00:00-04:00,6.426796503724592,6.574369722607802,6.426796503724592,6.570680141448975,7800,0.0,0.0
2002-10-17 00:00:00-04:00,6.5337860581646385,6.637086391448975,6.49320278539732,6.637086391448975,6000,0.0,0.0
2002-10-18 00:00:00-04:00,6.633398339700817,6.633398339700817,6.09106847350377,6.378835201263428,43350,0.0,0.0
2002-10-21 00:00:00-04:00,6.290293352124293,6.603885650634766,6.27184649797112,6.603885650634766,31200,0.0,0.0
2002-10-22 00:00:00-04:00,6.603882807136412,6.651844185074117,6.530096477817989,6.637086391448975,4950,0.0,0.0
2002-10-23 00:00:00-04:00,6.666602444006923,6.692427399234575,6.6038837908628505,6.6887383460998535,4350,0.0,0.0
2002-10-24 00:00:00-04:00,6.7145606681324885,6.825240135192871,6.7145606681324885,6.825240135192871,10200,0.0,0.0
2002-10-25 00:00:00-04:00,6.82155867140499,6.82155867140499,6.7219467763675755,6.74039363861084,3750,0.0,0.0
2002-10-28 00:00:00-05:00,6.7403896476778025,6.82524368602203,6.707185526404598,6.769903659820557,4800,0.0,0.0
2002-10-29 00:00:00-05:00,6.858447807295234,6.899030563544528,6.769903659820557,6.769903659820557,9450,0.0,0.0
2002-10-30 00:00:00-05:00,6.788351173394708,6.80679749731959,6.548544740278324,6.622331619262695,13350,0.0,0.0
2002-10-31 00:00:00-05:00,6.585436431821562,6.8215532302856445,6.552232845134758,6.8215532302856445,7050,0.0,0.0
2002-11-01 00:00:00-05:00,6.788351649514272,6.821555246012531,6.780972486112825,6.814176082611084,5850,0.0,0.0
2002-11-04 00:00:00-05:00,6.814174179731361,6.825242393981047,6.762524272437836,6.806796073913574,11550,0.0,0.0
2002-11-05 00:00:00-05:00,6.862135173916147,6.869513807078275,6.821552955405183,6.85844612121582,3450,0.0,0.0
2002-11-06 00:00:00-05:00,6.817861504055513,6.825240135192871,6.755143403268627,6.825240135192871,7800,0.0,0.0
2002-11-07 00:00:00-05:00,6.862135743842331,6.862135743842331,6.792038459099541,6.817863941192627,3600,0.0,0.0
2002-11-08 00:00:00-05:00,6.847376028604947,6.854755187503636,6.788347507267406,6.825240135192871,6150,0.0,0.0
2002-11-11 00:00:00-05:00,6.8252442999516045,6.8252442999516045,6.814176082611084,6.814176082611084,3000,0.0,0.0
2002-11-12 00:00:00-05:00,6.806800885992902,6.8990341348192255,6.806800885992902,6.891654968261719,4950,0.0,0.0
2002-11-13 00:00:00-05:00,6.8990257493460625,6.913782481239266,6.862132072448731,6.8621320724487305,2250,0.0,0.0
2002-11-14 00:00:00-05:00,6.8658273186025625,6.913788188187908,6.828934139013193,6.869516372680664,6300,0.0,0.0
2002-11-15 00:00:00-05:00,6.862140413079195,6.891654968261718,6.8252472191010405,6.891654968261719,1950,0.0,0.0
2002-11-18 00:00:00-05:00,6.865825987436759,6.946990966796876,6.843690083974908,6.946990966796875,5700,0.0,0.0
2002-11-19 00:00:00-05:00,6.9100990295410165,6.939613572765876,6.873205850509942,6.910099029541016,4500,0.0,0.0
2002-11-20 00:00:00-05:00,6.92116302899956,6.943298922927392,6.902716186845696,6.928541660308838,3900,0.0,0.0
2002-11-21 00:00:00-05:00,6.9322360830470595,7.006022453308105,6.9248574460209555,7.0060224533081055,8700,0.0,0.0
2002-11-22 00:00:00-05:00,6.987575782210616,7.050293929978244,6.987575782210616,7.0429158210754395,11700,0.0,0.0
2002-11-25 00:00:00-05:00,7.05029074959556,7.05029074959556,6.935921669006347,6.935921669006348,8850,0.0,0.0
2002-11-26 00:00:00-05:00,6.958061460856525,7.006022868247647,6.954372406005859,6.954372406005859,3150,0.0,0.0
2002-11-27 00:00:00-05:00,6.958062001310972,6.972819805145263,6.946994308137532,6.972819805145264,6900,0.0,0.0
2002-11-29 00:00:00-05:00,6.958057569014438,6.983883049571287,6.935921669006347,6.935921669006348,7200,0.0,0.0
2002-12-02 00:00:00-05:00,6.972814158418149,7.002328158900226,6.935920470352416,6.998639106750488,6450,0.0,0.0
2002-12-03 00:00:00-05:00,6.954368389549382,6.958057442269455,6.825242044640218,6.91747522354126,17250,0.0,0.0
2002-12-04 00:00:00-05:00,6.917475168584292,6.9912615000143274,6.917475168584292,6.924853801727295,1800,0.0,0.0
2002-12-05 00:00:00-05:00,6.945448012445321,7.07649434284095,6.945448012445321,7.0502848625183105,5700,0.18333,0.0
2002-12-06 00:00:00-05:00,7.012841613852483,7.09521340681157,6.9828882345946335,7.057771682739258,7050,0.0,0.0
2002-12-09 00:00:00-05:00,7.039048396358858,7.0914673296092765,7.039048396358858,7.061513423919678,3600,0.0,0.0
2002-12-10 00:00:00-05:00,7.020330460338611,7.076493318264803,6.971655947761998,7.039051055908203,7050,0.0,0.0
2002-12-11 00:00:00-05:00,7.020329958666946,7.057771682739259,7.020329958666946,7.057771682739258,3600,0.0,0.0
2002-12-12 00:00:00-05:00,7.039048341970839,7.039048341970839,6.926723205034635,6.949188232421875,6300,0.0,0.0
2002-12-13 00:00:00-05:00,6.952930584020905,6.979140042574896,6.926721125466914,6.964162826538086,2250,0.0,0.0
2002-12-16 00:00:00-05:00,6.997864177259639,7.0016086170715175,6.967910801199063,6.986631393432617,2400,0.0,0.0
2002-12-17 00:00:00-05:00,7.001606576820595,7.031559944152832,6.975397112600658,7.031559944152832,2100,0.0,0.0
2002-12-18 00:00:00-05:00,7.054025762790649,7.054025762790649,6.994118485781878,7.027816295623779,2700,0.0,0.0
2002-12-19 00:00:00-05:00,7.024072392090522,7.027816295623779,7.0203279529487475,7.027816295623779,3000,0.0,0.0
2002-12-20 00:00:00-05:00,7.016586912916995,7.020331353872724,6.9791457170123685,7.00161075592041,3450,0.0,0.0
2002-12-23 00:00:00-05:00,6.979142717862295,7.054026148709411,6.964165496084326,7.035305023193359,11700,0.0,0.0
2002-12-24 00:00:00-05:00,7.0128430075700425,7.0128430075700425,6.994121874008953,7.00161075592041,1350,0.0,0.0
2002-12-26 00:00:00-05:00,6.982886422673395,7.016583697790363,6.982886422673395,7.0128397941589355,7800,0.0,0.0
2002-12-27 00:00:00-05:00,6.986630326304822,7.0128397941589355,6.979142519041968,7.0128397941589355,8100,0.0,0.0
2002-12-30 00:00:00-05:00,6.967907264449374,6.967907264449374,6.949186146109617,6.964162826538086,9600,0.0,0.0
2002-12-31 00:00:00-05:00,6.971653987975985,6.971653987975985,6.851840496063233,6.851840496063232,21900,0.0,0.0
2003-01-02 00:00:00-05:00,6.889279930735055,7.016581178227861,6.889279930735055,6.926721096038818,6600,0.0,0.0
2003-01-03 00:00:00-05:00,6.908003611260721,6.997863733747271,6.908003611260721,6.979143142700195,4950,0.0,0.0
2003-01-06 00:00:00-05:00,7.001607467768938,7.140141541504649,7.001607467768938,7.1139326095581055,13650,0.0,0.0
2003-01-07 00:00:00-05:00,7.132653668558115,7.1888165109564985,7.117676981999688,7.170095920562744,10950,0.0,0.0
2003-01-08 00:00:00-05:00,7.132657016493724,7.188819885253906,7.117680322905517,7.188819885253906,9750,0.0,0.0
2003-01-09 00:00:00-05:00,7.188818796093975,7.207539392438518,7.0016101546049,7.12891149520874,16500,0.0,0.0
2003-01-10 00:00:00-05:00,7.166352647094315,7.181329336089471,7.125167020161961,7.136399269104004,5550,0.0,0.0
2003-01-13 00:00:00-05:00,7.166355032348308,7.2262618082683385,7.162610591048893,7.21128511428833,5250,0.0,0.0
2003-01-14 00:00:00-05:00,7.226259231567383,7.241235920207083,7.181329165648283,7.226259231567383,7350,0.0,0.0
2003-01-15 00:00:00-05:00,7.226258789710661,7.244979381561279,7.188817070400822,7.244979381561279,4800,0.0,0.0
2003-01-16 00:00:00-05:00,7.244979381561279,7.244979381561279,7.192561510136107,7.244979381561279,6750,0.0,0.0
2003-01-17 00:00:00-05:00,7.241234007700551,7.2824201583862305,7.237490104333758,7.2824201583862305,2850,0.0,0.0
2003-01-21 00:00:00-05:00,7.319863371147643,7.331096155590388,7.256212711334228,7.2562127113342285,7500,0.0,0.0
2003-01-22 00:00:00-05:00,7.259958045893604,7.338585404246391,7.259958045893604,7.319864273071289,9300,0.0,0.0
2003-01-23 00:00:00-05:00,7.301142041996875,7.353560447692872,7.282421450624027,7.353560447692871,5100,0.0,0.0
2003-01-24 00:00:00-05:00,7.35355994881257,7.376024978301067,7.301141546672743,7.372281074523926,7050,0.0,0.0
2003-01-27 00:00:00-05:00,7.338587719457655,7.394750595092773,7.338587719457655,7.394750595092773,12150,0.0,0.0
2003-01-28 00:00:00-05:00,7.391002364471082,7.409722956346516,7.376025676727295,7.376025676727295,4950,0.0,0.0
2003-01-29 00:00:00-05:00,7.36853841188342,7.391003446788818,7.36853841188342,7.387259006500244,16950,0.0,0.0
2003-01-30 00:00:00-05:00,7.3835178057221995,7.394750595092773,7.368541110300685,7.394750595092773,18150,0.0,0.0
2003-01-31 00:00:00-05:00,7.3947465018955185,7.420955436571359,7.3947465018955185,7.417211532592773,5100,0.0,0.0
2003-02-03 00:00:00-05:00,7.420957723371924,7.4284466048539874,7.304888630139867,7.312376976013184,7350,0.0,0.0
2003-02-04 00:00:00-05:00,7.3123757663549735,7.331096360137019,7.30114298159882,7.31611967086792,3000,0.0,0.0
2003-02-05 00:00:00-05:00,7.323609513427717,7.349818992813693,7.25995883881966,7.3273539543151855,4950,0.0,0.0
2003-02-06 00:00:00-05:00,7.387257584281033,7.387257584281033,7.30114190152729,7.304886341094971,5250,0.0,0.0
2003-02-07 00:00:00-05:00,7.30488818143218,7.342329372890175,7.267445918756761,7.2936553955078125,7350,0.0,0.0
2003-02-10 00:00:00-05:00,7.2936543304460315,7.301142674765882,7.192561949932376,7.226259231567383,12750,0.0,0.0
2003-02-11 00:00:00-05:00,7.207538265892753,7.207538265892753,7.061515280550454,7.098957538604736,13200,0.0,0.0
2003-02-12 00:00:00-05:00,7.136399158269384,7.14763194264562,7.069004058837891,7.069004058837891,4800,0.0,0.0
2003-02-13 00:00:00-05:00,7.0877265946872345,7.0877265946872345,7.024075917804455,7.0502848625183105,3000,0.0,0.0
2003-02-14 00:00:00-05:00,7.0128432905903795,7.054029464721679,6.967913210961034,7.05402946472168,11400,0.0,0.0
2003-02-18 00:00:00-05:00,7.132655935842887,7.132655935842887,7.110190898864198,7.12891149520874,15750,0.0,0.0
2003-02-19 00:00:00-05:00,7.113932041265627,7.12890819003263,7.102699260179772,7.121420383453369,7500,0.0,0.0
2003-02-20 00:00:00-05:00,7.098956715010791,7.222514116942403,7.09521227539632,7.203793525695801,17550,0.0,0.0
2003-02-21 00:00:00-05:00,7.128912134435195,7.170098842668966,7.005354687777775,7.09521484375,44250,0.0,0.0
2003-02-24 00:00:00-05:00,7.076495170593263,7.106448024223264,7.039052898435852,7.076495170593262,22200,0.0,0.0
2003-02-25 00:00:00-05:00,7.065257808393538,7.072746150855951,6.922979301607678,6.949188232421875,41850,0.0,0.0
2003-02-26 00:00:00-05:00,6.967913144286606,7.143889555622064,6.967913144286606,7.080238342285156,13500,0.0,0.0
2003-02-27 00:00:00-05:00,7.087723331844883,7.087723331844883,7.016583805668703,7.042793273925781,6450,0.0,0.0
2003-02-28 00:00:00-05:00,7.0615153542567874,7.173840522766113,7.027818071508316,7.173840522766113,5400,0.0,0.0
2003-03-03 00:00:00-05:00,7.207540484434759,7.226261619224424,7.087726935729103,7.188819885253906,12300,0.0,0.0
2003-03-04 00:00:00-05:00,7.151377366546508,7.151377366546508,7.076494436822934,7.080238342285156,4200,0.0,0.0
2003-03-05 00:00:00-05:00,7.080238151087962,7.098959284719898,7.061517017456026,7.09521484375,6750,0.0,0.0
2003-03-06 00:00:00-05:00,7.098958004246456,7.098958004246456,7.020330114148863,7.024074554443359,11100,0.0,0.0
2003-03-07 00:00:00-05:00,7.0577724726041335,7.072749163909163,7.001610148014639,7.0165863037109375,3900,0.0,0.0
2003-03-10 00:00:00-05:00,7.014687534961821,7.257882847266955,7.014687534961821,7.197084426879883,24150,0.18333,0.0
2003-03-11 00:00:00-05:00,7.204680586629491,7.204680586629491,7.094482249393478,7.174281120300293,16200,0.0,0.0
2003-03-12 00:00:00-05:00,7.136281161771315,7.178080152516897,7.117281225188568,7.1628804206848145,5400,0.0,0.0
2003-03-13 00:00:00-05:00,7.140079243302053,7.140079243302053,7.113479446688069,7.136279582977295,2850,0.0,0.0
2003-03-14 00:00:00-05:00,7.162883866228442,7.181883811950684,7.121084311790839,7.181883811950684,7650,0.0,0.0
2003-03-17 00:00:00-05:00,7.178082503903642,7.178082503903642,7.064084477819704,7.170482635498047,5700,0.0,0.0
2003-03-18 00:00:00-05:00,7.159081935882568,7.159081935882568,7.143881657967524,7.159081935882568,1350,0.0,0.0
2003-03-19 00:00:00-05:00,7.140080822936691,7.162880420684815,7.086881761524404,7.1628804206848145,21900,0.0,0.0
2003-03-20 00:00:00-05:00,7.155283303347852,7.1628831721832515,7.143883228302003,7.143883228302002,1200,0.0,0.0
2003-03-21 00:00:00-05:00,7.15527970515545,7.15527970515545,7.140079975128174,7.140079975128174,1050,0.0,0.0
2003-03-24 00:00:00-05:00,7.102079922128623,7.143878903626812,7.102079922128623,7.136279582977295,2100,0.0,0.0
2003-03-25 00:00:00-05:00,7.147683806195698,7.15148401260376,7.136284274142565,7.15148401260376,4650,0.0,0.0
2003-03-26 00:00:00-05:00,7.143881031225382,7.14768123626709,7.105882242320278,7.14768123626709,6600,0.0,0.0
2003-03-27 00:00:00-05:00,7.151480893603398,7.162880420684815,7.140080822936691,7.1628804206848145,5550,0.0,0.0
2003-03-28 00:00:00-05:00,7.155283675426296,7.155283675426296,7.124884198503907,7.15148401260376,3300,0.0,0.0
2003-03-31 00:00:00-05:00,7.140083565677051,7.159083509558299,7.1286840342166995,7.143883228302002,16200,0.0,0.0
2003-04-01 00:00:00-05:00,7.136284218431469,7.219882779315406,7.136284218431469,7.216082572937012,29100,0.0,0.0
2003-04-02 00:00:00-05:00,7.185683532239684,7.257882021954567,7.185683532239684,7.223682880401611,10200,0.0,0.0
2003-04-03 00:00:00-05:00,7.22368288040161,7.22368288040161,7.1628839233425285,7.223682880401611,7950,0.0,0.0
2003-04-04 00:00:00-05:00,7.219880239791578,7.219880239791578,7.014683844343239,7.14768123626709,20250,0.0,0.0
2003-04-07 00:00:00-04:00,7.162884737852439,7.197084426879883,7.01088732792072,7.197084426879883,63750,0.0,0.0
2003-04-08 00:00:00-04:00,7.189480304718018,7.216080109529638,7.067882439488521,7.189480304718018,16200,0.0,0.0
2003-04-09 00:00:00-04:00,7.193279895288856,7.216079493071654,7.151480904479705,7.2046799659729,11700,0.0,0.0
2003-04-10 00:00:00-04:00,7.2008782304590735,7.22747802734375,7.197078570095647,7.22747802734375,15600,0.0,0.0
2003-04-11 00:00:00-04:00,7.223680242537998,7.223680242537998,7.18188124661635,7.2198805809021,28050,0.0,0.0
2003-04-14 00:00:00-04:00,7.197083171801605,7.223682442108279,7.174283564287805,7.216082572937012,15900,0.0,0.0
2003-04-15 00:00:00-04:00,7.204679813637581,7.204679813637581,7.1780800116607635,7.19327974319458,7500,0.0,0.0
2003-04-16 00:00:00-04:00,7.1818809817265095,7.1932805097991075,7.174281115149666,7.189480304718018,10500,0.0,0.0
2003-04-17 00:00:00-04:00,7.181883811950684,7.1970835510942575,7.181883811950684,7.181883811950684,58500,0.0,0.0
2003-04-21 00:00:00-04:00,7.189482441314403,7.189482441314403,7.1362839030520995,7.143883228302002,10200,0.0,0.0
2003-04-22 00:00:00-04:00,7.105884552001954,7.208482511281682,7.067884663574787,7.105884552001953,17550,0.0,0.0
2003-04-23 00:00:00-04:00,7.185684349342196,7.254083727397085,7.124885385369509,7.197084426879883,16650,0.0,0.0
2003-04-24 00:00:00-04:00,7.231280945358909,7.314878940582275,7.223680534609101,7.314878940582275,9750,0.0,0.0
2003-04-25 00:00:00-04:00,7.295880300913414,7.504876941397096,7.295880300913414,7.493476867675781,16050,0.0,0.0
2003-04-28 00:00:00-04:00,7.53147689844283,7.561876916627028,7.485877686544758,7.5466766357421875,12450,0.0,0.0
2003-04-29 00:00:00-04:00,7.561874124105392,7.561874124105392,7.485874922088839,7.516274929046631,2850,0.0,0.0
2003-04-30 00:00:00-04:00,7.546675980518299,7.558076054295772,7.527676582336426,7.527676582336426,4500,0.0,0.0
2003-05-01 00:00:00-04:00,7.539076982678494,7.55807638168335,7.523876702454965,7.55807638168335,3300,0.0,0.0
2003-05-02 00:00:00-04:00,7.542877325139829,7.561877814398052,7.504878520965576,7.504878520965576,3450,0.0,0.0
2003-05-05 00:00:00-04:00,7.542874095407386,7.656872633460071,7.542874095407386,7.637872695922852,14850,0.0,0.0
2003-05-06 00:00:00-04:00,7.675873858498676,7.8468711506743665,7.675873858498676,7.808871269226074,16650,0.0,0.0
2003-05-07 00:00:00-04:00,7.846870066000357,8.109065732803629,7.846870066000357,7.979867458343506,28200,0.0,0.0
2003-05-08 00:00:00-04:00,7.949466636126035,8.04066501883272,7.949466636126035,7.964666366577148,9900,0.0,0.0
2003-05-09 00:00:00-04:00,7.941869363816148,7.998868099824543,7.831671010274642,7.976068496704102,26700,0.0,0.0
2003-05-12 00:00:00-04:00,8.01406711167557,8.166064441778715,7.9608680461394705,8.12806510925293,40200,0.0,0.0
2003-05-13 00:00:00-04:00,8.131863611873959,8.131863611873959,8.025464959491229,8.082464218139648,22050,0.0,0.0
2003-05-14 00:00:00-04:00,8.120463742493873,8.245861788454372,8.082464416988454,8.158462524414062,49650,0.0,0.0
2003-05-15 00:00:00-04:00,8.19646640272548,8.264865222091842,8.19266619652349,8.245865821838379,21750,0.0,0.0
2003-05-16 00:00:00-04:00,8.24586272742165,8.264862120545232,8.173663728947345,8.207862854003906,10650,0.0,0.0
2003-05-19 00:00:00-04:00,8.230665282815181,8.230665282815181,8.207865677073855,8.215465545654297,17400,0.0,0.0
2003-05-20 00:00:00-04:00,8.215463014315535,8.226863085466361,8.1736640217949,8.188863754272461,25200,0.0,0.0
2003-05-21 00:00:00-04:00,8.196463372611008,8.24206256866455,8.196463372611008,8.24206256866455,14400,0.0,0.0
2003-05-22 00:00:00-04:00,8.245864756141705,8.257264286103407,8.215464741211171,8.2268648147583,24750,0.0,0.0
2003-05-23 00:00:00-04:00,8.169865571178715,8.261063985626894,8.169865571178715,8.21926498413086,14250,0.0,0.0
2003-05-27 00:00:00-04:00,8.26866268412945,8.454859136595587,8.264862479188654,8.378860473632812,42900,0.0,0.0
2003-05-28 00:00:00-04:00,8.397860281539822,8.49285888671875,8.394061163582386,8.49285888671875,48900,0.0,0.0
2003-05-29 00:00:00-04:00,8.508058254849937,8.549857245282421,8.435859257395713,8.527057647705078,27900,0.0,0.0
2003-05-30 00:00:00-04:00,8.561260380075465,8.720857620239258,8.561260380075465,8.720857620239258,32400,0.0,0.0
2003-06-02 00:00:00-04:00,8.73985675769449,8.777856099450632,8.72085735860915,8.732256889343262,21300,0.0,0.0
2003-06-03 00:00:00-04:00,8.736054098904397,8.736054098904397,8.508058126568617,8.59925651550293,18450,0.0,0.0
2003-06-04 00:00:00-04:00,8.637258522282268,8.720857620239258,8.519460831096971,8.720857620239258,28200,0.0,0.0
2003-06-05 00:00:00-04:00,8.739852905273438,8.777852230279938,8.671454120261737,8.739852905273438,12450,0.0,0.0
2003-06-06 00:00:00-04:00,8.777855501050986,8.853854179382324,8.705656484843502,8.853854179382324,17400,0.0,0.0
2003-06-09 00:00:00-04:00,8.891854211817101,8.937453419583512,8.808255120659913,8.865254402160645,14550,0.0,0.0
2003-06-10 00:00:00-04:00,8.970996538028002,8.997913622356922,8.921008452944525,8.974842071533203,27000,0.18333,0.0
2003-06-11 00:00:00-04:00,8.974841406571947,9.09404468536377,8.894090709637307,9.09404468536377,16200,0.0,0.0
2003-06-12 00:00:00-04:00,9.063280230927363,9.167102455911447,8.974839585634449,9.113268852233887,24150,0.0,0.0
2003-06-13 00:00:00-04:00,9.113272057074703,9.113272057074703,8.905627534084722,8.940235137939453,38550,0.0,0.0
2003-06-16 00:00:00-04:00,8.978684759185636,9.070971488952637,8.644147082745954,9.070971488952637,30300,0.0,0.0
2003-06-17 00:00:00-04:00,9.05558959497394,9.05558959497394,8.940231874350955,8.951767921447754,15600,0.0,0.0
2003-06-18 00:00:00-04:00,8.913318096827862,9.055592946622697,8.828722953796387,8.828722953796387,21450,0.0,0.0
2003-06-19 00:00:00-04:00,8.778734452385118,8.924854288215109,8.61723303113539,8.697983741760254,25500,0.0,0.0
2003-06-20 00:00:00-04:00,8.697984341362911,8.767199005211644,8.690293823157496,8.72874641418457,7950,0.0,0.0
2003-06-23 00:00:00-04:00,8.78642389347427,9.086354614905703,8.728745289400734,8.970996856689453,24900,0.0,0.0
2003-06-24 00:00:00-04:00,8.970996308635344,9.009448892358291,8.928698191505529,8.959460258483887,7350,0.0,0.0
2003-06-25 00:00:00-04:00,8.921007565732753,9.094044454736364,8.89409048408079,9.078662872314453,14100,0.0,0.0
2003-06-26 00:00:00-04:00,9.055592018647046,9.090199619130951,9.001758401281418,9.017139434814453,18750,0.0,0.0
2003-06-27 00:00:00-04:00,9.055592131129874,9.08250921518161,8.959460395319734,9.06712818145752,18150,0.0,0.0
2003-06-30 00:00:00-04:00,9.082511264267767,9.12096330718392,8.69029426574707,8.69029426574707,159900,0.0,0.0
2003-07-01 00:00:00-04:00,8.709519793913977,8.71720976152056,7.878942784789372,8.186563491821289,222750,0.0,0.0
2003-07-02 00:00:00-04:00,8.17118139176122,8.22501500485328,8.132728810981176,8.221169471740723,39900,0.0,0.0
2003-07-03 00:00:00-04:00,8.251933003633981,8.344219207763672,8.240396953083186,8.344219207763672,13050,0.0,0.0
2003-07-07 00:00:00-04:00,8.355756454167135,8.805652618408203,8.305767808117256,8.805652618408203,48900,0.0,0.0
2003-07-08 00:00:00-04:00,8.844102875334654,9.094045505038109,8.844102875334654,8.986377716064453,29550,0.0,0.0
2003-07-09 00:00:00-04:00,8.967150890200513,9.401664790152095,8.967150890200513,9.09404468536377,60900,0.0,0.0
2003-07-10 00:00:00-04:00,9.094045859949,9.124807379338776,8.75950807954813,8.955615997314453,21750,0.0,0.0
2003-07-11 00:00:00-04:00,8.917162174210413,9.036365451872099,8.917162174210413,9.005602836608887,5400,0.0,0.0
2003-07-14 00:00:00-04:00,9.036363957981482,9.132495120786087,9.017137395379146,9.090197563171387,11850,0.0,0.0
2003-07-15 00:00:00-04:00,9.082507648572099,9.082507648572099,9.005601943147685,9.036364555358887,2250,0.0,0.0
2003-07-16 00:00:00-04:00,8.99791137432307,9.263233867473213,8.99791137432307,9.201709747314453,16350,0.0,0.0
2003-07-17 00:00:00-04:00,9.27861655850139,9.301688657760145,9.159413829389525,9.224782943725586,25500,0.0,0.0
2003-07-18 00:00:00-04:00,9.251703662192558,9.267084700116106,9.151726365620188,9.182488441467285,11250,0.0,0.0
2003-07-21 00:00:00-04:00,9.259389629175836,9.270925677667268,9.074816703796387,9.074816703796387,24150,0.0,0.0
2003-07-22 00:00:00-04:00,9.03636616510094,9.224783554251776,9.03636616510094,9.170949935913086,18150,0.0,0.0
2003-07-23 00:00:00-04:00,9.132494417965948,9.1863285690819,9.063279788048414,9.178637504577637,24300,0.0,0.0
2003-07-24 00:00:00-04:00,9.1594127878195,9.194019832634018,9.132495708457933,9.147876739501953,12600,0.0,0.0
2003-07-25 00:00:00-04:00,9.147876018975392,9.255543777872218,9.140186054128137,9.163257598876953,5250,0.0,0.0
2003-07-28 00:00:00-04:00,9.155569799163569,9.190177403663869,9.094046207960435,9.151724815368652,12000,0.0,0.0
2003-07-29 00:00:00-04:00,9.151724903414182,9.182486974346306,9.03636713741872,9.144034385681152,15150,0.0,0.0
2003-07-30 00:00:00-04:00,9.167103441520645,9.228627566624105,9.024828627184359,9.074816703796387,23700,0.0,0.0
2003-07-31 00:00:00-04:00,9.036364675675792,9.074816703796387,8.978685533356765,9.074816703796387,6300,0.0,0.0
2003-08-01 00:00:00-04:00,9.074816999988123,9.213246836058168,9.074816999988123,9.19402027130127,21900,0.0,0.0
2003-08-04 00:00:00-04:00,9.194022387458784,9.194022387458784,9.078664622573138,9.151724815368652,9150,0.0,0.0
2003-08-05 00:00:00-04:00,9.113270025029632,9.113270025029632,8.94792366027832,8.94792366027832,7500,0.0,0.0
2003-08-06 00:00:00-04:00,8.921005288855277,8.921005288855277,8.740277379732717,8.855635643005371,19200,0.0,0.0
2003-08-07 00:00:00-04:00,8.844102393520867,8.921008110046387,8.767197227064486,8.921008110046387,12600,0.0,0.0
2003-08-08 00:00:00-04:00,8.90178082707761,9.009448051452637,8.821030133761793,9.009448051452637,12450,0.0,0.0
2003-08-11 00:00:00-04:00,9.067125864434363,9.247852689474714,9.067125864434363,9.190174102783203,23100,0.0,0.0
2003-08-12 00:00:00-04:00,9.190177403663869,9.190177403663869,9.07481908870901,9.151724815368652,10800,0.0,0.0
2003-08-13 00:00:00-04:00,9.113268983318981,9.132494995588724,8.997911259493478,9.04020881652832,10050,0.0,0.0
2003-08-14 00:00:00-04:00,9.024828507021054,9.036364555358887,8.93254232059463,9.036364555358887,6450,0.0,0.0
2003-08-15 00:00:00-04:00,9.074818316215069,9.19017662135005,9.074818316215069,9.136343002319336,6600,0.0,0.0
2003-08-18 00:00:00-04:00,9.190177403663869,9.301690184754598,9.101736175550267,9.151724815368652,20550,0.0,0.0
2003-08-19 00:00:00-04:00,9.190174567427684,9.213246113284562,9.174793536856432,9.20940113067627,7950,0.0,0.0
2003-08-20 00:00:00-04:00,9.20940307050988,9.20940307050988,9.082509266534103,9.170949935913086,17700,0.0,0.0
2003-08-21 00:00:00-04:00,9.170950834481655,9.186332419868952,9.113272227073438,9.151724815368652,5100,0.0,0.0
2003-08-22 00:00:00-04:00,9.094045505038109,9.094045505038109,8.978687198999847,8.986377716064453,17100,0.0,0.0
2003-08-25 00:00:00-04:00,8.986376048994698,9.105579316417185,8.9594589692274,9.074816703796387,7800,0.0,0.0
2003-08-26 00:00:00-04:00,9.03636326255942,9.178637504577637,8.959457568137623,9.178637504577637,8700,0.0,0.0
2003-08-27 00:00:00-04:00,9.082510156437266,9.151724815368652,9.055593069596009,9.151724815368652,10050,0.0,0.0
2003-08-28 00:00:00-04:00,9.09404381799482,9.109424299201617,9.020983644399927,9.074816703796387,7950,0.0,0.0
2003-08-29 00:00:00-04:00,9.078660754310812,9.209400048877976,9.078660754310812,9.159411430358887,3300,0.0,0.0
2003-09-02 00:00:00-04:00,9.197864617680006,9.197864617680006,9.036363804847152,9.190174102783203,12600,0.0,0.0
2003-09-03 00:00:00-04:00,9.128651591019892,9.209402286689746,9.05559141160102,9.15556812286377,15900,0.0,0.0
2003-09-04 00:00:00-04:00,9.155568644875538,9.224783295080691,9.074817944601621,9.10942554473877,6750,0.0,0.0
2003-09-05 00:00:00-04:00,9.070970789997544,9.167101944741134,9.005600592644985,9.159411430358887,13050,0.0,0.0
2003-09-08 00:00:00-04:00,9.136346151275527,9.286311559583128,9.136346151275527,9.274775505065918,11700,0.0,0.0
2003-09-09 00:00:00-04:00,9.313227326670265,9.313227326670265,9.151725886852562,9.247857093811035,14550,0.0,0.0
2003-09-10 00:00:00-04:00,9.207009946688384,9.257576772088756,9.140884740124243,9.218679428100586,12300,0.18333,0.0
2003-09-11 00:00:00-04:00,9.249797239664614,9.277025102053292,9.179781464536022,9.2459077835083,9600,0.0,0.0
2003-09-12 00:00:00-04:00,9.218681498929813,9.253688838167255,9.101989440752297,9.16811466217041,6900,0.0,0.0
2003-09-15 00:00:00-04:00,9.129216591082834,9.218680773528298,9.10198872453307,9.17978286743164,7200,0.0,0.0
2003-09-16 00:00:00-04:00,9.140886074198146,9.218680773528298,9.10198872453307,9.17978286743164,8550,0.0,0.0
2003-09-17 00:00:00-04:00,9.140886325577457,9.140886325577457,8.907502221168812,8.965847969055176,15300,0.0,0.0
2003-09-18 00:00:00-04:00,8.942511830772904,9.008637065607656,8.868606567382812,8.868606567382812,10650,0.0,0.0
2003-09-19 00:00:00-04:00,8.829702426007962,8.958063895688271,8.829702426007962,8.919166564941406,3600,0.0,0.0
2003-09-22 00:00:00-04:00,8.895833643427444,8.91917205624442,8.849156817793496,8.907503128051758,15300,0.0,0.0
2003-09-23 00:00:00-04:00,8.876380816139156,9.101985931396484,8.876380816139156,9.101985931396484,7800,0.0,0.0
2003-09-24 00:00:00-04:00,9.043642903751866,9.043642903751866,8.856935615409943,8.888052940368652,18000,0.0,0.0
2003-09-25 00:00:00-04:00,8.853043035638699,8.853043035638699,8.775248354714561,8.821925163269043,6000,0.0,0.0
2003-09-26 00:00:00-04:00,8.78302924576014,8.78302924576014,8.67022666192908,8.709124565124512,17100,0.0,0.0
2003-09-29 00:00:00-04:00,8.693568166385889,8.868606567382812,8.557427682438716,8.868606567382812,15900,0.0,0.0
2003-09-30 00:00:00-04:00,8.841376995599363,8.9308417481214,8.685788129640528,8.915282249450684,18750,0.0,0.0
2003-10-01 00:00:00-04:00,8.954176623425983,9.277024269104004,8.954176623425983,9.277024269104004,11400,0.0,0.0
2003-10-02 00:00:00-04:00,9.261466398698488,9.327592162910955,9.245908017248418,9.257576942443848,12000,0.0,0.0
2003-10-03 00:00:00-04:00,9.323701386619385,9.47540129675641,9.323701386619385,9.471511840820312,15150,0.0,0.0
2003-10-06 00:00:00-04:00,9.502628979365502,9.502628979365502,9.39371643153459,9.43261432647705,11100,0.0,0.0
2003-10-07 00:00:00-04:00,9.471511617320292,9.510408401489258,9.463731592768758,9.510408401489258,9900,0.0,0.0
2003-10-08 00:00:00-04:00,9.471515546789796,9.553199717723444,9.393720833314092,9.40149974822998,14850,0.0,0.0
2003-10-09 00:00:00-04:00,9.432614365906497,9.487070083618164,9.432614365906497,9.487070083618164,7800,0.0,0.0
2003-10-10 00:00:00-04:00,9.490960009404775,9.510408401489258,9.413165328203942,9.510408401489258,10500,0.0,0.0
2003-10-13 00:00:00-04:00,9.471510291844227,9.607651243109371,9.471510291844227,9.549304962158203,7500,0.0,0.0
2003-10-14 00:00:00-04:00,9.529855243202901,9.630988868742444,9.529855243202901,9.588201522827148,9300,0.0,0.0
2003-10-15 00:00:00-04:00,9.607651024610377,9.607651024610377,9.56875313390664,9.588201522827148,2250,0.0,0.0
2003-10-16 00:00:00-04:00,9.568759264137073,9.68545189814476,9.568759264137073,9.592098236083984,13200,0.0,0.0
2003-10-17 00:00:00-04:00,9.646549536603258,9.704895826716367,9.498740196228027,9.498740196228027,24600,0.0,0.0
2003-10-20 00:00:00-04:00,9.479290315306999,9.584312285583806,9.479290315306999,9.549304962158203,4050,0.0,0.0
2003-10-21 00:00:00-04:00,9.545415862190014,9.65821786012869,9.533746382992831,9.627099990844727,4950,0.0,0.0
2003-10-22 00:00:00-04:00,9.588204868373486,9.588204868373486,9.30036449432373,9.30036449432373,13650,0.0,0.0
2003-10-23 00:00:00-04:00,9.277025165867093,9.3353714600651,9.218679428100586,9.218679428100586,4350,0.0,0.0
2003-10-24 00:00:00-04:00,9.2070122041844,9.2070122041844,9.101989627881274,9.121438026428223,5850,0.0,0.0
2003-10-27 00:00:00-05:00,9.125328838933392,9.226461410522461,9.125328838933392,9.226461410522461,5700,0.0,0.0
2003-10-28 00:00:00-05:00,9.18756200557717,9.452064514160156,9.18756200557717,9.452064514160156,10800,0.0,0.0
2003-10-29 00:00:00-05:00,9.452064514160156,9.51430026760756,9.382048735100302,9.452064514160156,11550,0.0,0.0
2003-10-30 00:00:00-05:00,9.49096438340333,9.56098018518296,9.459846496582031,9.459846496582031,8400,0.0,0.0
2003-10-31 00:00:00-05:00,9.471513583475035,9.549308280824967,9.420947308413364,9.483181953430176,13200,0.0,0.0
2003-11-03 00:00:00-05:00,9.522079676018043,9.568756493533304,9.490961797674537,9.529858589172363,10050,0.0,0.0
2003-11-04 00:00:00-05:00,9.560977563083195,9.623213319657625,9.541528054506353,9.56486701965332,5250,0.0,0.0
2003-11-05 00:00:00-05:00,9.564867600383668,9.568757057189941,9.494851813554876,9.568757057189941,7650,0.0,0.0
2003-11-06 00:00:00-05:00,9.568757936082209,9.697120038247883,9.568757936082209,9.685450553894043,17100,0.0,0.0
2003-11-07 00:00:00-05:00,9.724345704887083,9.724345704887083,9.63488042546847,9.665999412536621,13500,0.0,0.0
2003-11-10 00:00:00-05:00,9.646552643669006,9.693229468221084,9.623214787824606,9.685450553894043,9900,0.0,0.0
2003-11-11 00:00:00-05:00,9.693227767944336,9.693227767944336,9.619323643347768,9.693227767944336,9600,0.0,0.0
2003-11-12 00:00:00-05:00,9.693229142933351,9.69711971282959,9.650442889843905,9.69711971282959,13500,0.0,0.0
2003-11-13 00:00:00-05:00,9.697117320374385,9.720455169677734,9.669888902134671,9.720455169677734,12300,0.0,0.0
2003-11-14 00:00:00-05:00,9.75935257195056,9.802138812304731,9.60765266418457,9.60765266418457,9450,0.0,0.0
2003-11-17 00:00:00-05:00,9.646548933827804,9.646548933827804,9.452062796087354,9.541525840759277,5550,0.0,0.0
2003-11-18 00:00:00-05:00,9.510412963882295,9.627105598095493,9.47151616105352,9.502634048461914,7200,0.0,0.0
2003-11-19 00:00:00-05:00,9.529855670130978,9.5609746518057,9.45206211096387,9.557084083557129,6300,0.0,0.0
2003-11-20 00:00:00-05:00,9.564867036956143,9.584315432705058,9.490961797674537,9.529858589172363,4650,0.0,0.0
2003-11-21 00:00:00-05:00,9.529856869501014,9.60765266418457,9.459842212293887,9.60765266418457,6900,0.0,0.0
2003-11-24 00:00:00-05:00,9.627104244988127,9.821590457523477,9.627104244988127,9.685450553894043,25950,0.0,0.0
2003-11-25 00:00:00-05:00,9.704895530179506,9.802138602154773,9.704895530179506,9.771021842956543,7500,0.0,0.0
2003-11-26 00:00:00-05:00,9.802140400155723,9.841038303798582,9.743795213986072,9.790472030639648,7650,0.0,0.0
2003-11-28 00:00:00-05:00,9.751569059922804,9.782686921522508,9.751569059922804,9.767127990722656,2250,0.0,0.0
2003-12-01 00:00:00-05:00,9.806028407791729,9.868264147071331,9.806028407791729,9.86048412322998,14400,0.0,0.0
2003-12-02 00:00:00-05:00,9.899382712561074,9.911052192711974,9.844925880432129,9.844925880432129,6450,0.0,0.0
2003-12-03 00:00:00-05:00,9.868267126289211,9.879935496279703,9.821589194874699,9.841038703918457,13500,0.0,0.0
2003-12-04 00:00:00-05:00,9.82936890592453,10.167776107788086,9.66211003326215,10.167776107788086,26700,0.0,0.0
2003-12-05 00:00:00-05:00,10.148326823965778,10.202783662194829,10.074421591881928,10.140546798706055,9900,0.0,0.0
2003-12-08 00:00:00-05:00,10.140545871097268,10.230010032653807,10.132766959412127,10.230010032653809,7200,0.0,0.0
2003-12-09 00:00:00-05:00,10.230013128932066,10.230013128932066,10.140548940297748,10.191116333007812,7800,0.0,0.0
2003-12-10 00:00:00-05:00,10.149837069477814,10.244180934789695,10.114458401152755,10.22059440612793,7800,0.18333,0.0
2003-12-11 00:00:00-05:00,10.161634219846288,10.299219357208665,10.141979521556811,10.263840675354004,15750,0.0,0.0
2003-12-12 00:00:00-05:00,10.263835365232255,10.397488594055176,10.263835365232255,10.397488594055176,10800,0.0,0.0
2003-12-15 00:00:00-05:00,10.397492324602394,10.397492324602394,10.173424750827696,10.189149856567383,25500,0.0,0.0
2003-12-16 00:00:00-05:00,10.220593670018676,10.220593670018676,10.047631054071623,10.083009719848633,17400,0.0,0.0
2003-12-17 00:00:00-05:00,10.055491907522985,10.055491907522985,9.976872029901017,9.996526718139648,5400,0.0,0.0
2003-12-18 00:00:00-05:00,10.024048805236816,10.024048805236816,9.835361007673356,10.024048805236816,12300,0.0,0.0
2003-12-19 00:00:00-05:00,10.000461377970781,10.000461377970781,9.906117487587501,9.984737396240234,5250,0.0,0.0
2003-12-22 00:00:00-05:00,10.024045187891865,10.41714574896013,10.024045187891865,10.090871810913086,5400,0.0,0.0
2003-12-23 00:00:00-05:00,10.110529862351573,10.212735176086426,10.083012614550716,10.212735176086426,5700,0.0,0.0
2003-12-24 00:00:00-05:00,10.220596326868968,10.287424087524414,10.208804184989594,10.287424087524414,3000,0.0,0.0
2003-12-26 00:00:00-05:00,10.141975138358363,10.26776695251465,10.141975138358363,10.267766952514648,13050,0.0,0.0
2003-12-29 00:00:00-05:00,10.287422981681729,10.405353385140973,10.287422981681729,10.401421546936035,6900,0.0,0.0
2003-12-30 00:00:00-05:00,10.43679963892919,10.448591777615862,10.358179757680565,10.36604118347168,8550,0.0,0.0
2003-12-31 00:00:00-05:00,10.338521318201307,10.495761040764501,10.240246772766112,10.240246772766113,12150,0.0,0.0
2004-01-02 00:00:00-05:00,10.220596054204815,10.263838405280099,10.20880391264003,10.244182586669922,8550,0.0,0.0
2004-01-05 00:00:00-05:00,10.224524579991414,10.314937717367602,10.220592742742628,10.303144454956055,13950,0.0,0.0
2004-01-06 00:00:00-05:00,10.314942243166525,10.342459492644508,10.1616331385525,10.208805084228516,11550,0.0,0.0
2004-01-07 00:00:00-05:00,10.208802973391792,10.263837460968482,10.130183080187713,10.193078994750977,21750,0.0,0.0
2004-01-08 00:00:00-05:00,10.21666032166905,10.240245715284326,10.102660691082752,10.161625862121582,17850,0.0,0.0
2004-01-09 00:00:00-05:00,10.185216508410814,10.216665590561785,10.102665901184082,10.102665901184082,6000,0.0,0.0
2004-01-12 00:00:00-05:00,10.141976410372038,10.216665590561785,10.02404600747584,10.102665901184082,15300,0.0,0.0
2004-01-13 00:00:00-05:00,10.14197839478897,10.189150340243751,10.043702664923922,10.1301851272583,6000,0.0,0.0
2004-01-14 00:00:00-05:00,10.161631441942022,10.259906031191917,10.149838176325076,10.224527359008789,8250,0.0,0.0
2004-01-15 00:00:00-05:00,10.216666496996925,10.216666496996925,10.122322616176733,10.141977310180664,3600,0.0,0.0
2004-01-16 00:00:00-05:00,10.141974196708178,10.240248761226411,10.13018093405911,10.216663360595703,6000,0.0,0.0
2004-01-20 00:00:00-05:00,10.228458333848748,10.31887149810791,10.161631701425774,10.31887149810791,23100,0.0,0.0
2004-01-21 00:00:00-05:00,10.248111615845309,10.377835273742676,10.248111615845309,10.377835273742676,10800,0.0,0.0
2004-01-22 00:00:00-05:00,10.397491205831948,10.421076612568008,10.181286208190757,10.252044677734375,13350,0.0,0.0
2004-01-23 00:00:00-05:00,10.279560793473317,10.287423345493574,10.102666306696305,10.134114265441895,42450,0.0,0.0
2004-01-26 00:00:00-05:00,10.122319508738016,10.216663360595703,10.122319508738016,10.216663360595703,15000,0.0,0.0
2004-01-27 00:00:00-05:00,10.220590963945305,10.275625429176028,10.200936279791708,10.240246772766113,6150,0.0,0.0
2004-01-28 00:00:00-05:00,10.279559965671277,10.279559965671277,10.07121753692627,10.07121753692627,6900,0.0,0.0
2004-01-29 00:00:00-05:00,10.05549597961449,10.208805084228516,10.024048015830479,10.208805084228516,7350,0.0,0.0
2004-01-30 00:00:00-05:00,10.240246926132953,10.279556295028877,10.122317694777951,10.138040542602539,6600,0.0,0.0
2004-02-02 00:00:00-05:00,10.098734727562686,10.173422779681939,9.94935637398894,10.110527992248535,18450,0.0,0.0
2004-02-03 00:00:00-05:00,10.090872635960928,10.106596614702575,10.02404600747584,10.102665901184082,11700,0.0,0.0
2004-02-04 00:00:00-05:00,10.063354926986582,10.067285639884153,9.886459350585938,9.886459350585938,12900,0.0,0.0
2004-02-05 00:00:00-05:00,9.925768728896639,9.925768728896639,9.886459350585938,9.886459350585938,3750,0.0,0.0
2004-02-06 00:00:00-05:00,9.906115961203772,10.130183509839533,9.906115961203772,10.122322082519531,7200,0.0,0.0
2004-02-09 00:00:00-05:00,10.122322082519531,10.157700754794968,10.071218306268664,10.122322082519531,7500,0.0,0.0
2004-02-10 00:00:00-05:00,10.102668315525264,10.173425674438477,10.102668315525264,10.173425674438477,6900,0.0,0.0
2004-02-11 00:00:00-05:00,10.161625862121582,10.189143091895316,10.122316497873758,10.161625862121582,5850,0.0,0.0
2004-02-12 00:00:00-05:00,10.220587391873568,10.232380648110896,10.122314005451907,10.126243591308594,7800,0.0,0.0
2004-02-13 00:00:00-05:00,10.126248603856368,10.208800313714377,10.122319016054513,10.157697677612305,3900,0.0,0.0
2004-02-17 00:00:00-05:00,10.220597404690071,10.299218440183735,10.220597404690071,10.27563190460205,9600,0.0,0.0
2004-02-18 00:00:00-05:00,10.236318379947464,10.28349030740341,10.200938590854907,10.271697044372559,21750,0.0,0.0
2004-02-19 00:00:00-05:00,10.232389045144313,10.248113024808754,10.169494251154285,10.20094108581543,9000,0.0,0.0
2004-02-20 00:00:00-05:00,10.161631468454969,10.16556218211497,10.114459530531816,10.122322082519531,4950,0.0,0.0
2004-02-23 00:00:00-05:00,10.102664125421827,10.200938694116322,9.98473374325445,9.988665580749512,11100,0.0,0.0
2004-02-24 00:00:00-05:00,10.004388518970059,10.102663077470513,9.961147308349608,9.96114730834961,10950,0.0,0.0
2004-02-25 00:00:00-05:00,9.933634696815725,10.004393176652437,9.933634696815725,9.972945213317871,12300,0.0,0.0
2004-02-26 00:00:00-05:00,10.004393176652437,10.004393176652437,9.937565411065574,9.972945213317871,8850,0.0,0.0
2004-02-27 00:00:00-05:00,9.933632848544447,10.138044572185871,9.933632848544447,10.102665901184082,7050,0.0,0.0
2004-03-01 00:00:00-05:00,10.141975331204424,10.161630021373188,10.063355445861816,10.063355445861816,8100,0.0,0.0
2004-03-02 00:00:00-05:00,10.024044940856735,10.08301013603058,10.016183514656252,10.063355445861816,8400,0.0,0.0
2004-03-03 00:00:00-05:00,10.04369864471283,10.051561194808748,9.969010604472542,9.996526718139648,5700,0.0,0.0
2004-03-04 00:00:00-05:00,9.976875967708905,9.984737396240234,9.953289432779142,9.984737396240234,7200,0.0,0.0
2004-03-05 00:00:00-05:00,9.965083587331238,10.173426082640564,9.94935960420095,10.024048805236816,21000,0.0,0.0
2004-03-08 00:00:00-05:00,10.102664826199343,10.24811133291628,10.063355445861816,10.063355445861816,17400,0.0,0.0
2004-03-09 00:00:00-05:00,10.027977409368622,10.114459860718144,9.972944042328905,10.008322715759277,22650,0.0,0.0
2004-03-10 00:00:00-05:00,10.054019927978516,10.121576234447735,10.054019927978516,10.054019927978516,10350,0.18333,0.0
2004-03-11 00:00:00-05:00,10.054016640799292,10.165286283229676,9.982486724853516,9.982486724853516,10500,0.0,0.0
2004-03-12 00:00:00-05:00,10.006331579472343,10.173236643755384,9.974540246937263,10.129523277282715,10800,0.0,0.0
2004-03-15 00:00:00-05:00,10.129522022834761,10.129522022834761,10.014277603956254,10.0182523727417,9300,0.0,0.0
2004-03-16 00:00:00-05:00,10.034151972906548,10.034151972906548,9.942752709690609,9.966595649719238,9750,0.0,0.0
2004-03-17 00:00:00-05:00,10.006334112707744,10.006334112707744,9.906986457621382,9.962620735168457,10050,0.0,0.0
2004-03-18 00:00:00-05:00,9.962620233413107,9.962620233413107,9.855324180110701,9.942750930786133,9150,0.0,0.0
2004-03-19 00:00:00-05:00,9.982486014198486,9.982486014198486,9.795710563659668,9.795710563659668,11700,0.0,0.0
2004-03-22 00:00:00-05:00,9.736101888619794,9.748023919829945,9.656624712412054,9.708285331726074,7650,0.0,0.0
2004-03-23 00:00:00-05:00,9.73610441518574,9.823531150817871,9.73610441518574,9.823531150817871,8250,0.0,0.0
2004-03-24 00:00:00-05:00,9.863271490740978,9.875193525775703,9.791740417480469,9.791740417480469,4200,0.0,0.0
2004-03-25 00:00:00-05:00,9.77584753962094,9.93480539923635,9.77584753962094,9.926856994628906,5700,0.0,0.0
2004-03-26 00:00:00-05:00,9.954669864603874,10.006330490112305,9.954669864603874,10.006330490112305,2550,0.0,0.0
2004-03-29 00:00:00-05:00,10.006332748224308,10.093758354433332,9.98248981451198,10.038124084472656,9300,0.0,0.0
2004-03-30 00:00:00-05:00,10.01427861602937,10.08183604883841,10.01427861602937,10.057991981506348,9900,0.0,0.0
2004-03-31 00:00:00-05:00,10.085812652494083,10.18118667602539,10.050047677906853,10.18118667602539,13800,0.0,0.0
2004-04-01 00:00:00-05:00,10.212975902937476,10.24874087012073,10.089784197142036,10.137471199035645,10500,0.0,0.0
2004-04-02 00:00:00-05:00,10.177213479413803,10.272587507038493,10.101708756640566,10.133500099182129,18750,0.0,0.0
2004-04-05 00:00:00-04:00,10.113627744860198,10.411671775557863,10.03414827552292,10.252715110778809,33750,0.0,0.0
2004-04-06 00:00:00-04:00,10.312326116741401,10.332195421592855,10.133500099182129,10.133500099182129,20400,0.0,0.0
2004-04-07 00:00:00-04:00,10.193105942352876,10.193105942352876,10.038122912007424,10.129523277282715,12450,0.0,0.0
2004-04-08 00:00:00-04:00,10.169263388873281,10.189132690429688,10.113629117125763,10.189132690429688,7800,0.0,0.0
2004-04-12 00:00:00-04:00,10.173237831171965,10.244767769250979,10.165289428636594,10.185158729553223,13950,0.0,0.0
2004-04-13 00:00:00-04:00,10.185157891343456,10.185157891343456,9.994409889566958,9.998383522033691,16050,0.0,0.0
2004-04-14 00:00:00-04:00,9.942751820379724,9.994412466611204,9.827508490494713,9.875195503234863,26550,0.0,0.0
2004-04-15 00:00:00-04:00,9.90300978406739,9.90300978406739,9.755975146364555,9.815584182739258,14700,0.0,0.0
2004-04-16 00:00:00-04:00,9.81558645307266,9.895064807639574,9.81558645307266,9.875195503234863,13650,0.0,0.0
2004-04-19 00:00:00-04:00,9.835455161273941,9.914933511023056,9.71623706817627,9.71623706817627,5850,0.0,0.0
2004-04-20 00:00:00-04:00,9.775845869403156,9.815585611754456,9.608941907592419,9.632784843444824,19650,0.0,0.0
2004-04-21 00:00:00-04:00,9.616890044709749,9.616890044709749,9.489724676787432,9.5374116897583,11850,0.0,0.0
2004-04-22 00:00:00-04:00,9.537408912163752,9.676496277059172,9.537408912163752,9.604965209960938,11550,0.0,0.0
2004-04-23 00:00:00-04:00,9.604967378527508,9.795715417925384,9.600993745277053,9.71623706817627,21900,0.0,0.0
2004-04-26 00:00:00-04:00,9.755975225045402,9.883140563964844,9.755975225045402,9.883140563964844,10800,0.0,0.0
2004-04-27 00:00:00-04:00,9.883143175732947,9.974543571472168,9.835456161036152,9.974543571472168,11550,0.0,0.0
2004-04-28 00:00:00-04:00,9.994410489065752,10.042097492370306,9.791740440784439,9.819558143615723,10050,0.0,0.0
2004-04-29 00:00:00-04:00,9.855322757955905,9.855322757955905,9.73610468550168,9.787766456604004,7650,0.0,0.0
2004-04-30 00:00:00-04:00,9.775843113624322,9.895061170123062,9.636756896972656,9.636756896972656,8100,0.0,0.0
2004-05-03 00:00:00-04:00,9.597015577638743,9.676493889836028,9.477797540869084,9.505615234375,11550,0.0,0.0
2004-05-04 00:00:00-04:00,9.505618776747626,9.557279414690896,9.390374896877807,9.394349098205566,28950,0.0,0.0
2004-05-05 00:00:00-04:00,9.354609137975299,9.374479575671039,9.159887489360754,9.175783157348633,22200,0.0,0.0
2004-05-06 00:00:00-04:00,9.136044639402249,9.163861776129332,8.861844062805176,8.861844062805176,27600,0.0,0.0
2004-05-07 00:00:00-04:00,8.861843144336563,8.881712444443167,8.464450888991445,8.667120933532715,29550,0.0,0.0
2004-05-10 00:00:00-04:00,8.683014329119732,8.76646684576451,8.583666149159166,8.635327339172363,27900,0.0,0.0
2004-05-11 00:00:00-04:00,8.62341149860718,8.742629051208496,8.62341149860718,8.742629051208496,9300,0.0,0.0
2004-05-12 00:00:00-04:00,8.702889513591913,8.702889513591913,8.583671397357799,8.683019638061523,22350,0.0,0.0
2004-05-13 00:00:00-04:00,8.683016962194145,8.718782499737245,8.388946533203125,8.388946533203125,36000,0.0,0.0
2004-05-14 00:00:00-04:00,8.444582204202048,8.543929848921893,8.40484303261932,8.412790298461914,47550,0.0,0.0
2004-05-17 00:00:00-04:00,8.365102689300485,8.373051091517771,8.265755051745248,8.29754638671875,28650,0.0,0.0
2004-05-18 00:00:00-04:00,8.297544629067321,8.325362325513527,8.226014140529095,8.285622596740723,53400,0.0,0.0
2004-05-19 00:00:00-04:00,8.245885951186043,8.305494994050406,8.146538304377392,8.194225311279297,34950,0.0,0.0
2004-05-20 00:00:00-04:00,8.218067681035295,8.218067681035295,8.114745278527357,8.178328514099121,24750,0.0,0.0
2004-05-21 00:00:00-04:00,8.218070013063198,8.253835557691826,8.166408797149412,8.190252304077148,18300,0.0,0.0
2004-05-24 00:00:00-04:00,8.22999255148593,8.28165320206876,8.20217484080742,8.210122108459473,25650,0.0,0.0
2004-05-25 00:00:00-04:00,8.285628189027591,8.623412132263184,8.257811042280322,8.623412132263184,60900,0.0,0.0
2004-05-26 00:00:00-04:00,8.663149149712252,8.94927181257046,8.663149149712252,8.91748046875,32700,0.0,0.0
2004-05-27 00:00:00-04:00,9.016823545821646,9.163858142667062,9.004901514469994,9.1400146484375,29700,0.0,0.0
2004-05-28 00:00:00-04:00,9.17180962295669,9.43408814756963,9.104252180572757,9.271157264709473,18150,0.0,0.0
2004-06-01 00:00:00-04:00,9.318842262180064,9.378450720699039,9.211546240982575,9.26320743560791,17100,0.0,0.0
2004-06-02 00:00:00-04:00,9.263210468804507,9.263210468804507,9.090254181691796,9.146565437316895,18300,0.18667,0.0
2004-06-03 00:00:00-04:00,9.090258709733192,9.122436586118841,8.844902114599707,8.84892463684082,24450,0.0,0.0
2004-06-04 00:00:00-04:00,8.808695642201862,8.828806512069493,8.647805806333901,8.667917251586914,34050,0.0,0.0
2004-06-07 00:00:00-04:00,8.67194489554062,8.788589973754863,8.615633617357892,8.696078300476074,56550,0.0,0.0
2004-06-08 00:00:00-04:00,8.748365099908938,8.997743545390643,8.728254222643534,8.96556568145752,14400,0.0,0.0
2004-06-09 00:00:00-04:00,9.009811653636524,9.09025632348341,8.768477068710192,8.788588523864746,13950,0.0,0.0
2004-06-10 00:00:00-04:00,8.856967665292228,9.29941339362815,8.792611347603097,9.18679141998291,39000,0.0,0.0
2004-06-14 00:00:00-04:00,9.218966274339886,9.2511441369701,8.937409400939941,8.937409400939941,21600,0.0,0.0
2004-06-15 00:00:00-04:00,8.969589788264631,9.311479940704444,8.909256570413897,9.29136848449707,25500,0.0,0.0
2004-06-16 00:00:00-04:00,9.323545096980697,9.323545096980697,9.062100229236592,9.130477905273438,47850,0.0,0.0
2004-06-17 00:00:00-04:00,9.13047727330498,9.13047727330498,8.989698834736313,9.050032615661621,23550,0.0,0.0
2004-06-18 00:00:00-04:00,9.050031228034287,9.050031228034287,8.929364260070928,8.989697456359863,46800,0.0,0.0
2004-06-21 00:00:00-04:00,8.989699259614916,8.989699259614916,8.780543139856873,8.897188186645508,29850,0.0,0.0
2004-06-22 00:00:00-04:00,8.869031239069272,8.977631807120968,8.848920363732612,8.89316463470459,19050,0.0,0.0
2004-06-23 00:00:00-04:00,8.893166472311632,8.96958919530757,8.808699857827342,8.909255981445312,31050,0.0,0.0
2004-06-24 00:00:00-04:00,8.94947694755721,9.19081093239674,8.94947694755721,9.033944129943848,44850,0.0,0.0
2004-06-25 00:00:00-04:00,9.05003281647546,9.082210680246808,8.828809715354648,8.905232429504395,303300,0.0,0.0
2004-06-28 00:00:00-04:00,8.945454152396648,9.050032202559395,8.921320756205246,8.961543083190918,34800,0.0,0.0
2004-06-29 00:00:00-04:00,9.00981388623641,9.11037003615531,8.989702426098306,9.029925346374512,15600,0.0,0.0
2004-06-30 00:00:00-04:00,9.07014412017211,9.162656345943597,9.07014412017211,9.130477905273438,9150,0.0,0.0
2004-07-01 00:00:00-04:00,9.090257548816009,9.170702229506539,9.050035208470744,9.134502410888672,23250,0.0,0.0
2004-07-02 00:00:00-04:00,9.1706976497659,9.251142290283305,9.138519793558938,9.23103141784668,12300,0.0,0.0
2004-07-06 00:00:00-04:00,9.22298988146849,9.247123281284427,9.1908114396616,9.214944839477539,14550,0.0,0.0
2004-07-07 00:00:00-04:00,9.251145048265492,9.251145048265492,9.090255719265821,9.11841106414795,23250,0.0,0.0
2004-07-08 00:00:00-04:00,9.138523269395153,9.138523269395153,8.88914421355445,9.09830093383789,36900,0.0,0.0
2004-07-09 00:00:00-04:00,9.198857833971939,9.210924823346689,9.150591027244383,9.18679141998291,18150,0.0,0.0
2004-07-12 00:00:00-04:00,9.166678251037803,9.255167961120605,9.114389504591403,9.255167961120605,32850,0.0,0.0
2004-07-13 00:00:00-04:00,9.251142644938508,9.251142644938508,9.170698001337149,9.239075660705566,11400,0.0,0.0
2004-07-14 00:00:00-04:00,9.210926129759711,9.214947501145454,9.13048086508494,9.194836616516113,12150,0.0,0.0
2004-07-15 00:00:00-04:00,9.251141634056012,9.251141634056012,9.122430218358277,9.150586128234863,8100,0.0,0.0
2004-07-16 00:00:00-04:00,9.190810203552246,9.271255434171607,9.158632916844287,9.190810203552246,14100,0.0,0.0
2004-07-19 00:00:00-04:00,9.16667477136344,9.206897665433711,9.154608363450706,9.17471981048584,22200,0.0,0.0
2004-07-20 00:00:00-04:00,9.23103141784668,9.251142290283305,9.1706976497659,9.23103141784668,12600,0.0,0.0
2004-07-21 00:00:00-04:00,9.271255916534342,9.408011837546907,9.271255916534342,9.331589698791504,8550,0.0,0.0
2004-07-22 00:00:00-04:00,9.291366209848984,9.387900370471584,9.27125533395071,9.311477661132812,8850,0.0,0.0
2004-07-23 00:00:00-04:00,9.35170424245175,9.448237871602425,9.35170424245175,9.432148933410645,6150,0.0,0.0
2004-07-26 00:00:00-04:00,9.452260292616778,9.552815867545617,9.432148832399525,9.476393699645996,16650,0.0,0.0
2004-07-27 00:00:00-04:00,9.460304862939166,9.508571677514503,9.416059995218866,9.432148933410645,9900,0.0,0.0
2004-07-28 00:00:00-04:00,9.452258110046387,9.492479870421882,9.43214665447296,9.452258110046387,6900,0.0,0.0
2004-07-29 00:00:00-04:00,9.452259385866588,9.532704068246966,9.395947532814567,9.399970054626465,16350,0.0,0.0
2004-07-30 00:00:00-04:00,9.480412243062016,9.580968357277783,9.4120345687192,9.51661205291748,18900,0.0,0.0
2004-08-02 00:00:00-04:00,9.492480074651192,9.496502596006692,9.432146857404211,9.472369194030762,9000,0.0,0.0
2004-08-03 00:00:00-04:00,9.476392901316775,9.64934868276278,9.476392901316775,9.57292652130127,8250,0.0,0.0
2004-08-04 00:00:00-04:00,9.593036696708992,9.613148153748247,9.500525605408436,9.536725997924805,4500,0.0,0.0
2004-08-05 00:00:00-04:00,9.633258607827742,9.757946981714971,9.564880351476292,9.593035697937012,15300,0.0,0.0
2004-08-06 00:00:00-04:00,9.552813363431941,9.593035697937012,9.516612974684548,9.593035697937012,5250,0.0,0.0
2004-08-09 00:00:00-04:00,9.633258491553859,9.753926068998267,9.516612859818585,9.528679847717285,12000,0.0,0.0
2004-08-10 00:00:00-04:00,9.528677882970293,9.737833976745605,9.516610897559719,9.737833976745605,8850,0.0,0.0
2004-08-11 00:00:00-04:00,9.749900451580048,9.834367043488637,9.721744537353516,9.721744537353516,7500,0.0,0.0
2004-08-12 00:00:00-04:00,9.774034133000994,9.774034133000994,9.725767346080264,9.745878219604492,3600,0.0,0.0
2004-08-13 00:00:00-04:00,9.725772456212491,9.814261036675498,9.725772456212491,9.774039268493652,8400,0.0,0.0
2004-08-16 00:00:00-04:00,9.782080117485025,9.782080117485025,9.653368658125613,9.677502632141113,7500,0.0,0.0
2004-08-17 00:00:00-04:00,9.713702493398738,9.866546776804999,9.657390654247699,9.854479789733887,12300,0.0,0.0
2004-08-18 00:00:00-04:00,9.83436668557665,9.83436668557665,9.653366523568135,9.713700294494629,18600,0.0,0.0
2004-08-19 00:00:00-04:00,9.693590308503238,9.761967974735008,9.665434392723897,9.681523323059082,7200,0.0,0.0
2004-08-20 00:00:00-04:00,9.713701156695526,9.794145808147569,9.713701156695526,9.737833976745605,7200,0.0,0.0
2004-08-23 00:00:00-04:00,9.753923192035947,9.774034065421123,9.693589421109452,9.713700294494629,8400,0.0,0.0
2004-08-24 00:00:00-04:00,9.68152234031735,9.814255714416504,9.68152234031735,9.814255714416504,7200,0.0,0.0
2004-08-25 00:00:00-04:00,9.850461250850296,9.870572133393438,9.729793654048466,9.794149398803711,6450,0.0,0.0
2004-08-26 00:00:00-04:00,9.85448014964761,9.914813936435507,9.85448014964761,9.882636070251465,16350,0.0,0.0
2004-08-27 00:00:00-04:00,9.882635064638777,9.934924954945512,9.814257393648308,9.870569229125977,6450,0.0,0.0
2004-08-30 00:00:00-04:00,9.854479789733887,9.886658805513926,9.854479789733887,9.854479789733887,3000,0.0,0.0
2004-08-31 00:00:00-04:00,9.830347682387561,9.934926326669142,9.778058935632425,9.910792350769043,9300,0.0,0.0
2004-09-01 00:00:00-04:00,9.959057426084819,10.055592162186294,9.914812578448958,10.00732421875,15000,0.0,0.0
2004-09-02 00:00:00-04:00,10.043527603149414,10.055594591924239,10.01537167959862,10.043527603149414,23550,0.0,0.0
2004-09-03 00:00:00-04:00,10.03145655909793,10.083745288288954,10.03145655909793,10.059611320495605,16050,0.0,0.0
2004-09-07 00:00:00-04:00,10.09983750794499,10.156148199862068,10.075704683058042,10.119948387145996,12000,0.0,0.0
2004-09-08 00:00:00-04:00,10.136039935978093,10.176262855529785,10.10788400736907,10.176262855529785,31050,0.0,0.0
2004-09-09 00:00:00-04:00,10.14372361965465,10.330816394492574,10.14372361965465,10.229135513305664,36900,0.18667,0.0
2004-09-10 00:00:00-04:00,10.188463626290812,10.24947145681309,10.188463626290812,10.229135513305664,1800,0.0,0.0
2004-09-13 00:00:00-04:00,10.188468707877288,10.265746728128319,10.17626667022705,10.17626667022705,4500,0.0,0.0
2004-09-14 00:00:00-04:00,10.188463115218509,10.261672973632812,10.188463115218509,10.261672973632812,8400,0.0,0.0
2004-09-15 00:00:00-04:00,10.188463124362487,10.241337040336907,10.046109199523926,10.046109199523926,8100,0.0,0.0
2004-09-16 00:00:00-04:00,10.046109334385743,10.131521224975586,10.046109334385743,10.131521224975586,1950,0.0,0.0
2004-09-17 00:00:00-04:00,10.10305118560791,10.159993227283772,10.094917273168415,10.10305118560791,2100,0.0,0.0
2004-09-20 00:00:00-04:00,10.143726087546508,10.159995079040527,10.10712114759748,10.159995079040527,3000,0.0,0.0
2004-09-21 00:00:00-04:00,10.155926801909988,10.269808563914564,10.107119833772352,10.249472618103027,9900,0.0,0.0
2004-09-22 00:00:00-04:00,10.221000437712828,10.24540450084156,10.090849701075431,10.229135513305664,6000,0.0,0.0
2004-09-23 00:00:00-04:00,10.229133927325504,10.2779408823659,10.127453061903745,10.168126106262207,18300,0.0,0.0
2004-09-24 00:00:00-04:00,10.20880126953125,10.257608240265146,10.12745631830809,10.20880126953125,7500,0.0,0.0
2004-09-27 00:00:00-04:00,10.221000021155547,10.249471039095473,10.168127268380935,10.18846321105957,16500,0.0,0.0
2004-09-28 00:00:00-04:00,10.249469867679936,10.249469867679936,10.086780017545284,10.168126106262207,8100,0.0,0.0
2004-09-29 00:00:00-04:00,10.172196388244629,10.245407434947417,10.164062473972157,10.172196388244629,3300,0.0,0.0
2004-09-30 00:00:00-04:00,10.20880126953125,10.233204173073212,10.139658351904057,10.20880126953125,8100,0.0,0.0
2004-10-01 00:00:00-04:00,10.26980957711067,10.310482636396367,10.188465785839323,10.212868690490723,27450,0.0,0.0
2004-10-04 00:00:00-04:00,10.172192063778953,10.249470034765086,10.172192063778953,10.225067138671875,15450,0.0,0.0
2004-10-05 00:00:00-04:00,10.184397462212793,10.225070520687206,10.184397462212793,10.192532539367676,2550,0.0,0.0
2004-10-06 00:00:00-04:00,10.25354009405359,10.367423012553905,10.196598052978516,10.196598052978516,43650,0.0,0.0
2004-10-07 00:00:00-04:00,10.180326972285108,10.196595957298573,10.147789002258177,10.168126106262207,16500,0.0,0.0
2004-10-08 00:00:00-04:00,10.184396128252107,10.208800192870289,10.090850316948668,10.10305118560791,10350,0.0,0.0
2004-10-11 00:00:00-04:00,10.086784303159199,10.12338924407959,10.066448354164546,10.12338924407959,2250,0.0,0.0
2004-10-12 00:00:00-04:00,10.103048812564289,10.103048812564289,10.066443887884772,10.098981857299805,10950,0.0,0.0
2004-10-13 00:00:00-04:00,10.078647172992754,10.078647172992754,10.013571226055095,10.046109199523926,2250,0.0,0.0
2004-10-14 00:00:00-04:00,10.005437306110583,10.115253270159883,10.005437306110583,10.066446304321289,5400,0.0,0.0
2004-10-15 00:00:00-04:00,10.050174903177256,10.098981857299805,10.009503023233252,10.098981857299805,3300,0.0,0.0
2004-10-18 00:00:00-04:00,10.123385731641818,10.253538785539565,10.090848922729492,10.090848922729492,11850,0.0,0.0
2004-10-19 00:00:00-04:00,10.06237795368511,10.06237795368511,9.997302008251559,10.033906936645508,4950,0.0,0.0
2004-10-20 00:00:00-04:00,10.042044498305385,10.09898655308315,9.968834614905532,9.985103607177734,8850,0.0,0.0
2004-10-21 00:00:00-04:00,9.964764252753493,10.066446304321289,9.964764252753493,10.066446304321289,14550,0.0,0.0
2004-10-22 00:00:00-04:00,10.033908556578627,10.098984512518422,10.005437534942498,10.078648567199707,8700,0.0,0.0
2004-10-25 00:00:00-04:00,10.127455302531995,10.127455302531995,10.066446304321289,10.066446304321289,2400,0.0,0.0
2004-10-26 00:00:00-04:00,10.090848136535847,10.168126106262207,10.06644407719085,10.168126106262207,15450,0.0,0.0
2004-10-27 00:00:00-04:00,10.208801181771024,10.208801181771024,10.08678317416023,10.094918251037598,3450,0.0,0.0
2004-10-28 00:00:00-04:00,10.06644407719085,10.168126106262207,10.06644407719085,10.168126106262207,5850,0.0,0.0
2004-10-29 00:00:00-04:00,10.20879798697107,10.24540291233897,10.127453061903745,10.168126106262207,5100,0.0,0.0
2004-11-01 00:00:00-05:00,10.119321499573733,10.20880153002744,10.119321499573733,10.192532539367676,3900,0.0,0.0
2004-11-02 00:00:00-05:00,10.12745631830809,10.20880126953125,10.094918337818827,10.20880126953125,6450,0.0,0.0
2004-11-03 00:00:00-05:00,10.147790575626182,10.229135513305664,10.127454632118754,10.229135513305664,4200,0.0,0.0
2004-11-04 00:00:00-05:00,10.20880072647995,10.249472618103027,10.168128834856875,10.249472618103027,10200,0.0,0.0
2004-11-05 00:00:00-05:00,10.208798709517662,10.371488571166992,10.208798709517662,10.371488571166992,14850,0.0,0.0
2004-11-08 00:00:00-05:00,10.334883643208313,10.371488571166992,10.31861465704338,10.371488571166992,18300,0.0,0.0
2004-11-09 00:00:00-05:00,10.351150765767628,10.41215974381458,10.314545844399243,10.334881782531738,10350,0.0,0.0
2004-11-10 00:00:00-05:00,10.371488571166992,10.371488571166992,10.33081552392982,10.371488571166992,11400,0.0,0.0
2004-11-11 00:00:00-05:00,10.391822817613189,10.432495858214862,10.371486879137098,10.41215991973877,18150,0.0,0.0
2004-11-12 00:00:00-05:00,10.412161248147592,10.4894380569458,10.395892262561185,10.4894380569458,7500,0.0,0.0
2004-11-15 00:00:00-05:00,10.452833800676625,10.574850618575356,10.416228871671976,10.534178733825684,13950,0.0,0.0
2004-11-16 00:00:00-05:00,10.562648305866459,10.570783379892955,10.460967444257353,10.538244247436523,20100,0.0,0.0
2004-11-17 00:00:00-05:00,10.534179065040194,10.534179065040194,10.41622919917792,10.452834129333496,14550,0.0,0.0
2004-11-18 00:00:00-05:00,10.432497466499967,10.469102394129886,10.420295436073438,10.465035438537598,7050,0.0,0.0
2004-11-19 00:00:00-05:00,10.465038064603858,10.489440967930841,10.452836031115387,10.473173141479492,1800,0.0,0.0
2004-11-22 00:00:00-05:00,10.477234320228192,10.574848217846508,10.469100410584723,10.55858039855957,9750,0.0,0.0
2004-11-23 00:00:00-05:00,10.534178806465055,10.570784899371837,10.440631841786148,10.46910285949707,10500,0.0,0.0
2004-11-24 00:00:00-05:00,10.452833800676625,10.534178733825684,10.452833800676625,10.534178733825684,4950,0.0,0.0
2004-11-26 00:00:00-05:00,10.534176399969741,10.550445382995145,10.416226563947921,10.493504524230957,6900,0.0,0.0
2004-11-29 00:00:00-05:00,10.534176576281059,10.570782661437988,10.456898614704617,10.570782661437988,6150,0.0,0.0
2004-11-30 00:00:00-05:00,10.513842791450847,10.656196715374127,10.49350684907601,10.534178733825684,18450,0.0,0.0
2004-12-01 00:00:00-05:00,10.53418098162193,10.53418098162193,10.416231094299933,10.473173141479492,13800,0.0,0.0
2004-12-02 00:00:00-05:00,10.51384046210035,10.51384046210035,10.452831484842719,10.493504524230957,6300,0.0,0.0
2004-12-03 00:00:00-05:00,10.473167384027713,10.509772300720217,10.473167384027713,10.509772300720215,3150,0.0,0.0
2004-12-06 00:00:00-05:00,10.574851835267257,10.595188943631696,10.497575012621832,10.517910957336426,11100,0.0,0.0
2004-12-07 00:00:00-05:00,10.50164263256675,10.623660635865866,10.50164263256675,10.562651634216309,11100,0.0,0.0
2004-12-08 00:00:00-05:00,10.574851241198068,10.656197342786308,10.574851241198068,10.615524291992188,10650,0.0,0.0
2004-12-09 00:00:00-05:00,10.689535079486669,10.853990496822808,10.685425193796899,10.738872528076172,16350,0.18667,0.0
2004-12-10 00:00:00-05:00,10.710088701437526,10.734757416425996,10.689531046857443,10.730645179748535,4800,0.0,0.0
2004-12-13 00:00:00-05:00,10.755311990724143,10.792313880387333,10.705975745750271,10.734755516052246,14550,0.0,0.0
2004-12-14 00:00:00-05:00,10.648416658045521,10.648416658045521,10.442848373776705,10.516853332519531,18750,0.0,0.0
2004-12-15 00:00:00-05:00,10.520967628964485,10.60730697010337,10.520967628964485,10.594972610473633,4350,0.0,0.0
2004-12-16 00:00:00-05:00,10.56619166209296,10.812872946072849,10.56619166209296,10.771759986877441,8700,0.0,0.0
2004-12-17 00:00:00-05:00,10.722421483472967,10.874541282653809,10.722421483472967,10.874541282653809,8400,0.0,0.0
2004-12-20 00:00:00-05:00,10.853988556118871,10.919770240783691,10.792317932678278,10.919770240783691,7650,0.0,0.0
2004-12-21 00:00:00-05:00,10.919767123201796,10.977325492716005,10.874541933839149,10.936212539672852,12150,0.0,0.0
2004-12-22 00:00:00-05:00,10.977327444372712,11.326793488715868,10.977327444372712,11.0965576171875,52350,0.0,0.0
2004-12-23 00:00:00-05:00,11.121226855614639,11.121226855614639,10.68953364840631,10.90743637084961,28500,0.0,0.0
2004-12-27 00:00:00-05:00,10.907437558171974,10.977330314809027,10.890992134476816,10.915660858154297,7650,0.0,0.0
2004-12-28 00:00:00-05:00,10.915658982935673,10.97732842899611,10.895102500915527,10.895102500915527,5850,0.0,0.0
2004-12-29 00:00:00-05:00,10.915654113554265,10.98965788632204,10.915654113554265,10.977323532104492,4350,0.0,0.0
2004-12-30 00:00:00-05:00,10.927991095661609,10.985550651201473,10.927991095661609,10.981439590454102,4950,0.0,0.0
2004-12-31 00:00:00-05:00,10.98965788632204,11.010214359172117,10.944433881305626,10.977323532104492,6750,0.0,0.0
2005-01-03 00:00:00-05:00,10.977325492716005,10.993772085456031,10.915656063151275,10.936212539672852,12450,0.0,0.0
2005-01-04 00:00:00-05:00,10.96088094708515,11.018440497441427,10.907433633375081,10.997882843017578,5700,0.0,0.0
2005-01-05 00:00:00-05:00,11.006107047807191,11.14178263786484,11.006107047807191,11.047221183776855,8700,0.0,0.0
2005-01-06 00:00:00-05:00,11.088332955696846,11.14178144435893,11.038996703579635,11.043108940124512,19500,0.0,0.0
2005-01-07 00:00:00-05:00,11.043106093393016,11.043106093393016,11.018437385559082,11.018437385559082,14400,0.0,0.0
2005-01-10 00:00:00-05:00,10.977326371853218,11.08011111523073,10.977326371853218,11.001995086669922,8700,0.0,0.0
2005-01-11 00:00:00-05:00,10.9978802205625,11.006103515625,10.94854397899385,11.006103515625,5550,0.0,0.0
2005-01-12 00:00:00-05:00,10.977325811793293,11.141781157553035,10.932101797385092,11.080110549926758,7950,0.0,0.0
2005-01-13 00:00:00-05:00,11.05955346079379,11.05955346079379,10.997882850021096,11.001995086669922,1500,0.0,0.0
2005-01-14 00:00:00-05:00,10.977323985075818,11.018438108741275,10.977323985075818,11.014327049255371,600,0.0,0.0
2005-01-18 00:00:00-05:00,11.059552411137313,11.09244441986084,10.997881806217743,11.09244441986084,4800,0.0,0.0
2005-01-19 00:00:00-05:00,11.080110542710758,11.080110542710758,11.05955288933605,11.075998306274414,6300,0.0,0.0
2005-01-20 00:00:00-05:00,11.076000100107489,11.096557756811647,10.977327582496626,10.985550880432129,10200,0.0,0.0
2005-01-21 00:00:00-05:00,11.059551056137922,11.059551056137922,10.977323985075818,11.014327049255371,8850,0.0,0.0
2005-01-24 00:00:00-05:00,10.98554878908602,11.059552575071285,10.936212539672852,10.936212539672852,9750,0.0,0.0
2005-01-25 00:00:00-05:00,10.8992073994472,10.92798716687033,10.83342692233093,10.866317749023438,4500,0.0,0.0
2005-01-26 00:00:00-05:00,10.812872297955275,10.833429952589912,10.689531075223762,10.710088729858398,11700,0.0,0.0
2005-01-27 00:00:00-05:00,10.66897201538086,10.66897201538086,10.648415541989168,10.66897201538086,750,0.0,0.0
2005-01-28 00:00:00-05:00,10.619638592447991,10.75120193910819,10.619638592447991,10.689531326293945,5550,0.0,0.0
2005-01-31 00:00:00-05:00,10.685421831551766,10.771759986877441,10.652529817418635,10.771759986877441,9000,0.0,0.0
2005-02-01 00:00:00-05:00,10.730645208223958,10.771759341224154,10.627861640127081,10.710088729858398,8850,0.0,0.0
2005-02-02 00:00:00-05:00,10.730645851412886,10.771759986877441,10.710089371815181,10.771759986877441,2250,0.0,0.0
2005-02-03 00:00:00-05:00,10.77175931263963,10.77175931263963,10.730645179748535,10.730645179748535,2100,0.0,0.0
2005-02-04 00:00:00-05:00,10.689526963565523,10.849870020933928,10.689526963565523,10.792311668395996,6000,0.0,0.0
2005-02-07 00:00:00-05:00,10.730645851412886,10.792316466475144,10.722423730081463,10.771759986877441,6150,0.0,0.0
2005-02-08 00:00:00-05:00,10.779979492505058,10.833427973266907,10.751199722290039,10.751199722290039,2400,0.0,0.0
2005-02-09 00:00:00-05:00,10.689531046857443,10.730645179748535,10.689531046857443,10.730645179748535,4350,0.0,0.0
2005-02-10 00:00:00-05:00,10.792317068794542,10.8745441680436,10.755315168199768,10.849875450134277,5700,0.0,0.0
2005-02-11 00:00:00-05:00,10.812871328005448,10.936212539672852,10.800536971584913,10.936212539672852,9450,0.0,0.0
2005-02-14 00:00:00-05:00,10.997884911016255,10.997884911016255,10.858099421756124,10.895102500915527,6900,0.0,0.0
2005-02-15 00:00:00-05:00,10.853985457317572,10.936212539672852,10.853985457317572,10.936212539672852,3150,0.0,0.0
2005-02-16 00:00:00-05:00,10.997880004954569,11.018437654073404,10.977323532104492,10.977323532104492,4500,0.0,0.0
2005-02-17 00:00:00-05:00,10.936210319893855,11.080107978875185,10.936210319893855,11.018437385559082,9600,0.0,0.0
2005-02-18 00:00:00-05:00,11.059554100036621,11.092446113783074,11.018441141324537,11.059554100036621,3150,0.0,0.0
2005-02-22 00:00:00-05:00,11.100667027045848,11.100667027045848,11.018439942300478,11.080110549926758,3600,0.0,0.0
2005-02-23 00:00:00-05:00,11.096555479850425,11.100666539840008,11.09244441986084,11.09244441986084,1950,0.0,0.0
2005-02-24 00:00:00-05:00,11.141783044636213,11.14589410550252,11.100668907165527,11.100668907165527,12300,0.0,0.0
2005-02-25 00:00:00-05:00,11.117112443994921,11.145892217723052,11.080110549926756,11.080110549926758,10800,0.0,0.0
2005-02-28 00:00:00-05:00,11.084223258574044,11.0965576171875,11.018441580994509,11.0965576171875,10350,0.0,0.0
2005-03-01 00:00:00-05:00,11.096554960979704,11.141780147557272,11.067775189860443,11.121222496032715,5550,0.0,0.0
2005-03-02 00:00:00-05:00,11.14177851267439,11.14177851267439,11.084218978881836,11.084218978881836,4350,0.0,0.0
2005-03-03 00:00:00-05:00,11.092446113783074,11.12122471437388,11.018441141324537,11.059554100036621,5700,0.0,0.0
2005-03-04 00:00:00-05:00,11.059554100036621,11.059554100036621,11.059554100036621,11.059554100036621,0,0.0,0.0
2005-03-07 00:00:00-05:00,11.141779899597168,11.15000201900889,11.100665773731947,11.141779899597168,6300,0.0,0.0
2005-03-08 00:00:00-05:00,11.150000262928318,11.265118150443909,11.100664025421635,11.232227325439453,5700,0.0,0.0
2005-03-09 00:00:00-05:00,11.252792159202516,11.343241397590509,11.19112152886967,11.22401237487793,12000,0.0,0.0
2005-03-10 00:00:00-05:00,11.26139428399174,11.27801012064353,11.111850565667233,11.1450834274292,8550,0.18667,0.0
2005-03-11 00:00:00-05:00,11.215701145823795,11.265548658933563,11.174160957336426,11.174160957336426,3900,0.0,0.0
2005-03-14 00:00:00-05:00,11.194932013313784,11.236471014706325,11.116006484517756,11.2115478515625,7200,0.0,0.0
2005-03-15 00:00:00-05:00,11.182473231324668,11.215704917907715,11.091085498991863,11.215704917907715,7200,0.0,0.0
2005-03-16 00:00:00-05:00,11.174160550031473,11.21154707484488,11.016310691833494,11.016310691833496,9900,0.0,0.0
2005-03-17 00:00:00-05:00,11.053695518655156,11.190775871276855,11.053695518655156,11.190775871276855,4950,0.0,0.0
2005-03-18 00:00:00-05:00,11.211552552737826,11.211552552737826,11.086933119388371,11.161705017089844,5250,0.0,0.0
2005-03-21 00:00:00-05:00,11.161703668221001,11.27801457067703,11.153395152387574,11.257245063781738,15600,0.0,0.0
2005-03-22 00:00:00-05:00,11.278009958006663,11.340319641666927,11.215700274346398,11.282163619995117,5700,0.0,0.0
2005-03-23 00:00:00-05:00,11.282163360471593,11.282163360471593,11.132620836201903,11.207392692565918,7200,0.0,0.0
2005-03-24 00:00:00-05:00,11.182470235330516,11.215701913010172,11.107699554780565,11.132622718811035,6750,0.0,0.0
2005-03-28 00:00:00-05:00,11.111850061812937,11.253085261178205,11.049541568537814,11.09938907623291,9900,0.0,0.0
2005-03-29 00:00:00-05:00,11.016308476384433,11.07030963897705,11.016308476384433,11.07030963897705,4800,0.0,0.0
2005-03-30 00:00:00-05:00,11.028770648816014,11.07030963897705,11.016308476384433,11.07030963897705,7350,0.0,0.0
2005-03-31 00:00:00-05:00,11.111852843283538,11.174162540614082,11.016312654296481,11.049544334411621,9900,0.0,0.0
2005-04-01 00:00:00-05:00,11.09938907623291,11.09938907623291,11.09938907623291,11.09938907623291,300,0.0,0.0
2005-04-04 00:00:00-04:00,11.099394014867054,11.215704917907715,11.070315991992175,11.215704917907715,14400,0.0,0.0
2005-04-05 00:00:00-04:00,11.132622424828144,11.203239440917969,11.062004220279814,11.203239440917969,14100,0.0,0.0
2005-04-06 00:00:00-04:00,11.26554431041781,11.26554431041781,11.120155489519995,11.24477481842041,11700,0.0,0.0
2005-04-07 00:00:00-04:00,11.22400752825379,11.315395222179442,11.111850336057165,11.307087898254395,15600,0.0,0.0
2005-04-08 00:00:00-04:00,11.340321540832518,11.381860544590328,11.340321540832518,11.34032154083252,3150,0.0,0.0
2005-04-11 00:00:00-04:00,11.33201140760572,11.431706428527832,11.298779733965015,11.431706428527832,6150,0.0,0.0
2005-04-12 00:00:00-04:00,11.381858918066776,11.431706428527832,11.377705255976286,11.431706428527832,4650,0.0,0.0
2005-04-13 00:00:00-04:00,11.423401417392121,11.631101223998309,11.402631912115007,11.577098846435547,14100,0.0,0.0
2005-04-14 00:00:00-04:00,11.651871088270378,11.734949111938477,11.631101582353352,11.734949111938477,21150,0.0,0.0
2005-04-15 00:00:00-04:00,11.73494271375963,11.838792563640858,11.73494271375963,11.780637741088867,16050,0.0,0.0
2005-04-18 00:00:00-04:00,11.776485476097733,11.801409825846212,11.410937061815032,11.631097793579102,6750,0.0,0.0
2005-04-19 00:00:00-04:00,11.639404039747394,11.730791729082418,11.485706670271064,11.506477355957031,13800,0.0,0.0
2005-04-20 00:00:00-04:00,11.498173863012301,11.631101793284794,11.498173863012301,11.597868919372559,21150,0.0,0.0
2005-04-21 00:00:00-04:00,11.597866796880798,11.62694481344576,11.402630383456904,11.539711952209473,12600,0.0,0.0
2005-04-22 00:00:00-04:00,11.518947125804317,11.518947125804317,11.381865501403809,11.381865501403809,8850,0.0,0.0
2005-04-25 00:00:00-04:00,11.394320844358333,11.45663052819067,11.298779487609865,11.298779487609863,12000,0.0,0.0
2005-04-26 00:00:00-04:00,11.298781730530276,11.323704895935686,11.278012227949334,11.319552421569824,3900,0.0,0.0
2005-04-27 00:00:00-04:00,11.27801462736564,11.27801462736564,11.174164715449479,11.215704917907715,4200,0.0,0.0
2005-04-28 00:00:00-04:00,11.111850863800875,11.111850863800875,11.016310691833494,11.016310691833496,5250,0.0,0.0
2005-04-29 00:00:00-04:00,11.111851850701004,11.269702911376953,11.028773846292847,11.269702911376953,9000,0.0,0.0
2005-05-02 00:00:00-04:00,11.215698481457029,11.215698481457029,11.016308476384433,11.07030963897705,5550,0.0,0.0
2005-05-03 00:00:00-04:00,11.028774831454315,11.066160174469191,11.028774831454315,11.049544334411621,3150,0.0,0.0
2005-05-04 00:00:00-04:00,11.01631133445557,11.07031251105825,10.6632238841909,10.775381088256836,12300,0.0,0.0
2005-05-05 00:00:00-04:00,10.571837143718328,10.696456520792825,9.803353163932776,10.052591323852539,74700,0.0,0.0
2005-05-06 00:00:00-04:00,10.426449151780352,10.974771842849874,10.384910148201334,10.862614631652832,62700,0.0,0.0
2005-05-09 00:00:00-04:00,11.09108313934504,11.319552421569824,11.082775813696104,11.319552421569824,37950,0.0,0.0
2005-05-10 00:00:00-04:00,11.38185861368287,11.838794708251953,11.340319616972058,11.838794708251953,27750,0.0,0.0
2005-05-11 00:00:00-04:00,11.838799035460807,12.05065132380365,11.635254074113197,11.901108741760254,22200,0.0,0.0
2005-05-12 00:00:00-04:00,11.838796418911826,12.046493809394063,11.838796418911826,12.034032821655273,11850,0.0,0.0
2005-05-13 00:00:00-04:00,12.254196867946034,12.254196867946034,11.764027709692629,11.921878814697266,28650,0.0,0.0
2005-05-16 00:00:00-04:00,11.880335348771851,11.921874347074771,11.631097793579102,11.631097793579102,14400,0.0,0.0
2005-05-17 00:00:00-04:00,11.585399828319852,11.631094854130001,11.423395161272323,11.481551170349121,8400,0.0,0.0
2005-05-18 00:00:00-04:00,11.56879208594493,11.734949324753206,11.56879208594493,11.597868919372559,9000,0.0,0.0
2005-05-19 00:00:00-04:00,11.597866740930147,11.755717811413923,11.589559415356577,11.685099601745605,6150,0.0,0.0
2005-05-20 00:00:00-04:00,11.631099969533553,11.793103519372774,11.535557403262484,11.72248649597168,6300,0.0,0.0
2005-05-23 00:00:00-04:00,11.793098927284168,11.909409762843623,11.75571359868317,11.822176933288574,3600,0.0,0.0
2005-05-24 00:00:00-04:00,11.780639875165148,11.94679705046675,11.651866846136583,11.838794708251953,8100,0.0,0.0
2005-05-25 00:00:00-04:00,11.830486053283991,11.984182225355516,11.830486053283991,11.917718887329102,8250,0.0,0.0
2005-05-26 00:00:00-04:00,11.913566761026537,11.917720423073881,11.635250011603606,11.718330383300781,16350,0.0,0.0
2005-05-27 00:00:00-04:00,11.797259219088309,11.955110321723513,11.75572020584252,11.880339622497559,12900,0.0,0.0
2005-05-31 00:00:00-04:00,11.8429495608694,11.9924932917462,11.8429495608694,11.971722602844238,18900,0.0,0.0
2005-06-01 00:00:00-04:00,11.992495415776638,12.121267292100207,11.921877200227811,12.10465145111084,15300,0.0,0.0
2005-06-02 00:00:00-04:00,12.129572384377726,12.420348925417583,12.071416363094738,12.378809928894043,13500,0.0,0.0
2005-06-03 00:00:00-04:00,12.420349087552747,12.420349087552747,12.16695787776798,12.241729736328125,16800,0.0,0.0
2005-06-06 00:00:00-04:00,12.31649664122751,12.370497796288017,12.254188164676775,12.274957656860352,11400,0.0,0.0
2005-06-07 00:00:00-04:00,12.316502408019684,12.603126525878906,12.316502408019684,12.603126525878906,20850,0.0,0.0
2005-06-08 00:00:00-04:00,12.52004251904482,12.69035571310128,12.482657188734615,12.569890022277832,21900,0.0,0.0
2005-06-09 00:00:00-04:00,12.639090090596289,12.689411571788943,12.626510620117188,12.626510620117188,21900,0.19,0.0
2005-06-10 00:00:00-04:00,12.626502401235276,12.949398062101544,12.626502401235276,12.90326976776123,28800,0.0,0.0
2005-06-13 00:00:00-04:00,12.819403079135876,12.93682101382433,12.815209924256484,12.890692710876465,21600,0.0,0.0
2005-06-14 00:00:00-04:00,12.894889521035765,12.894889521035765,12.831987380981444,12.831987380981445,15450,0.0,0.0
2005-06-15 00:00:00-04:00,12.894883934749389,12.936819076538086,12.794241034166133,12.936819076538086,16800,0.0,0.0
2005-06-16 00:00:00-04:00,12.936829078487078,12.936829078487078,12.7900565686303,12.861346244812012,16050,0.0,0.0
2005-06-17 00:00:00-04:00,12.861341367575255,12.894889014318132,12.790051718427776,12.811019897460938,24000,0.0,0.0
2005-06-20 00:00:00-04:00,12.81101879335924,12.88230723660433,12.790050616133195,12.806825637817383,5400,0.0,0.0
2005-06-21 00:00:00-04:00,12.70618155536661,12.97875583703226,12.685214579798085,12.794243812561035,15600,0.0,0.0
2005-06-22 00:00:00-04:00,12.727150577626844,12.873921829725798,12.685216619746267,12.798439025878906,5700,0.0,0.0
2005-06-23 00:00:00-04:00,12.714565045156917,12.85294873287244,12.689403720249727,12.748112678527832,4650,0.0,0.0
2005-06-24 00:00:00-04:00,12.79004964203914,12.827791638316553,12.639085256204362,12.75230884552002,13050,0.0,0.0
2005-06-27 00:00:00-04:00,12.710372590213828,12.710372590213828,12.647470474243164,12.647470474243164,1050,0.0,0.0
2005-06-28 00:00:00-04:00,12.685217999249804,12.806827930038585,12.59296136226618,12.634895324707031,5400,0.0,0.0
2005-06-29 00:00:00-04:00,12.647469778415086,12.756500186749564,12.647469778415086,12.748112678527832,3750,0.0,0.0
2005-06-30 00:00:00-04:00,12.790048117290276,12.823596954345703,12.727147197176487,12.823596954345703,3450,0.0,0.0
2005-07-01 00:00:00-04:00,12.748111477602372,12.911656474818463,12.706177539718084,12.827787399291992,8400,0.0,0.0
2005-07-05 00:00:00-04:00,12.827791063270801,12.957788467407227,12.827791063270801,12.957788467407227,4050,0.0,0.0
2005-07-06 00:00:00-04:00,12.873918174114843,12.957787265819434,12.852950001370102,12.857144355773926,21150,0.0,0.0
2005-07-07 00:00:00-04:00,12.857144355773926,13.020689384537407,12.852950001370102,12.857144355773926,13500,0.0,0.0
2005-07-08 00:00:00-04:00,12.831985287559444,12.95778954714426,12.827792132175507,12.873920440673828,8850,0.0,0.0
2005-07-11 00:00:00-04:00,12.91585650113436,12.97875864118868,12.831987380981444,12.831987380981445,9300,0.0,0.0
2005-07-12 00:00:00-04:00,12.97456148378486,12.999722811950283,12.873918570639487,12.961980819702148,5850,0.0,0.0
2005-07-13 00:00:00-04:00,13.02069106874991,13.205203094366441,13.02069106874991,13.024884223937988,7050,0.0,0.0
2005-07-14 00:00:00-04:00,13.06262869586323,13.083595677461838,13.020694732666014,13.020694732666016,9000,0.0,0.0
2005-07-15 00:00:00-04:00,13.041659225423633,13.125528335571289,12.999725270229,13.125528335571289,14850,0.0,0.0
2005-07-18 00:00:00-04:00,13.125529868134647,13.17165818404149,12.966177940368654,12.966177940368652,8250,0.0,0.0
2005-07-19 00:00:00-04:00,12.999726365651812,12.999726365651812,12.831986931463536,12.852953910827637,7050,0.0,0.0
2005-07-20 00:00:00-04:00,12.827793707103659,12.844567530457146,12.580379512700103,12.722957611083984,9450,0.0,0.0
2005-07-21 00:00:00-04:00,12.811019353083463,12.852953309850921,12.72715023979011,12.836180686950684,5400,0.0,0.0
2005-07-22 00:00:00-04:00,12.894882470948938,13.02068668227598,12.894882470948938,12.995525360107422,6600,0.0,0.0
2005-07-25 00:00:00-04:00,12.9997259028312,13.163269775758831,12.957790745837498,13.062626838684082,7650,0.0,0.0
2005-07-26 00:00:00-04:00,13.066821852231229,13.163271647246889,13.003919707676788,13.020694732666016,4500,0.0,0.0
2005-07-27 00:00:00-04:00,12.915854204378101,13.083592414855957,12.899080383330316,13.083592414855957,6300,0.0,0.0
2005-07-28 00:00:00-04:00,13.020690921145084,13.041657896606072,12.882306003682732,12.886500358581543,5850,0.0,0.0
2005-07-29 00:00:00-04:00,12.890693006774034,13.020690409084668,12.831984038082181,12.999723434448242,7950,0.0,0.0
2005-08-01 00:00:00-04:00,13.062623840835602,13.163266754812984,12.727147460910997,12.743921279907227,10200,0.0,0.0
2005-08-02 00:00:00-04:00,12.67263439906437,13.083592414855957,12.584570938744756,13.083592414855957,17400,0.0,0.0
2005-08-03 00:00:00-04:00,13.188428348240235,13.364554051119416,13.188428348240235,13.247136116027832,12150,0.0,0.0
2005-08-04 00:00:00-04:00,13.293266949506464,13.293266949506464,13.167462680680472,13.284880638122559,8550,0.0,0.0
2005-08-05 00:00:00-04:00,13.335203762689911,13.419071685983827,13.142304179789903,13.263914108276367,36300,0.0,0.0
2005-08-08 00:00:00-04:00,13.26391094593797,13.335200583354872,12.370705298323793,12.664246559143066,50100,0.0,0.0
2005-08-09 00:00:00-04:00,12.748113120325591,12.769080091969542,12.643277062347792,12.72714614868164,13800,0.0,0.0
2005-08-10 00:00:00-04:00,12.664241882449005,12.777465429703534,12.471343616531884,12.58037281036377,20250,0.0,0.0
2005-08-11 00:00:00-04:00,12.475539173861975,12.660052385501961,12.391671277310259,12.62231159210205,12750,0.0,0.0
2005-08-12 00:00:00-04:00,12.62231746329082,12.647477604007772,12.580382295750901,12.626510620117188,7650,0.0,0.0
2005-08-15 00:00:00-04:00,12.731344436797945,12.91585650113436,12.731344436797945,12.831987380981445,10950,0.0,0.0
2005-08-16 00:00:00-04:00,12.915852546691893,12.99552848638244,12.836177806759512,12.915852546691895,13650,0.0,0.0
2005-08-17 00:00:00-04:00,12.852954361080041,12.957791661090084,12.831987380981444,12.831987380981445,6900,0.0,0.0
2005-08-18 00:00:00-04:00,12.831987380981444,12.899082677103777,12.827794224913431,12.831987380981445,5700,0.0,0.0
2005-08-19 00:00:00-04:00,12.827788194984322,12.936818599810705,12.827788194984322,12.90326976776123,4650,0.0,0.0
2005-08-22 00:00:00-04:00,12.945214712675345,13.012310028076172,12.93682839812968,13.012310028076172,5550,0.0,0.0
2005-08-23 00:00:00-04:00,12.936820428351218,13.062623467346878,12.936820428351218,13.041656494140625,12450,0.0,0.0
2005-08-24 00:00:00-04:00,13.04165993012256,13.209398159481514,13.04165993012256,13.159076690673828,5550,0.0,0.0
2005-08-25 00:00:00-04:00,13.117139987640275,13.209396602794769,13.117139987640275,13.175848960876465,3300,0.0,0.0
2005-08-26 00:00:00-04:00,13.180042586625596,13.247137872857106,13.1674619205176,13.242944717407227,5250,0.0,0.0
2005-08-29 00:00:00-04:00,13.209397872308,13.490359700315727,13.125528759451843,13.461005210876465,19500,0.0,0.0
2005-08-30 00:00:00-04:00,13.461004152613215,13.50713246099724,13.247137631703948,13.27649211883545,19950,0.0,0.0
2005-08-31 00:00:00-04:00,13.293269042746694,13.985190230726982,13.293269042746694,13.838418960571289,29400,0.0,0.0
2005-09-01 00:00:00-04:00,13.943250939380844,14.257760341024651,13.943250939380844,14.131956100463867,22950,0.0,0.0
2005-09-02 00:00:00-04:00,14.048089584903229,14.194862038201437,14.006155626611008,14.04389762878418,13200,0.0,0.0
2005-09-06 00:00:00-04:00,13.943258680498365,14.048093606238428,13.838421355240662,13.947450637817383,13350,0.0,0.0
2005-09-07 00:00:00-04:00,13.85937972467928,14.048084873220125,13.628740631910727,13.771317481994629,29400,0.0,0.0
2005-09-08 00:00:00-04:00,13.838416287204279,13.859383264673566,13.586808958297695,13.796481132507324,25650,0.0,0.0
2005-09-09 00:00:00-04:00,13.900120350754888,14.268139295941225,13.815517153702084,13.997411727905273,25500,0.19,0.0
2005-09-12 00:00:00-04:00,14.065091762240264,14.246985090438892,13.959338391837706,14.213144302368164,13650,0.0,0.0
2005-09-13 00:00:00-04:00,14.263906010663666,14.382349983522605,14.128542853387264,14.31889820098877,14250,0.0,0.0
2005-09-14 00:00:00-04:00,14.25544675992301,14.373889525376981,14.234295358410355,14.352739334106445,11550,0.0,0.0
2005-09-15 00:00:00-04:00,14.297757075679353,14.373899511491402,14.001650561448622,14.107402801513672,15000,0.0,0.0
2005-09-16 00:00:00-04:00,14.17084670893531,14.301981312497427,14.124316519896118,14.221609115600586,10200,0.0,0.0
2005-09-19 00:00:00-04:00,14.242757447062381,14.32312963343788,14.094703674316404,14.094703674316406,15000,0.0,0.0
2005-09-20 00:00:00-04:00,14.09470268401408,14.170843858210029,13.99318031159139,14.043941497802734,6600,0.0,0.0
2005-09-21 00:00:00-04:00,14.001642195654565,14.297748532965718,14.001642195654565,14.246987342834473,17250,0.0,0.0
2005-09-22 00:00:00-04:00,14.16238839541338,14.301982605882175,14.137008400027916,14.255451202392578,15150,0.0,0.0
2005-09-23 00:00:00-04:00,14.255453932907466,14.255453932907466,14.128550300945307,14.234302520751953,10200,0.0,0.0
2005-09-26 00:00:00-04:00,14.318900524228635,14.318900524228635,14.137005949565577,14.162385940551758,5700,0.0,0.0
2005-09-27 00:00:00-04:00,14.255452829259953,14.382356451397321,14.137010013378307,14.373895645141602,29700,0.0,0.0
2005-09-28 00:00:00-04:00,14.47964141330564,14.526172801399001,14.382350051236733,14.4881010055542,15450,0.0,0.0
2005-09-29 00:00:00-04:00,14.593848523422773,14.953407675011157,14.593848523422773,14.847654342651367,29400,0.0,0.0
2005-09-30 00:00:00-04:00,14.911111737671867,15.05916549075904,14.847659956314212,14.873041152954102,23850,0.0,0.0
2005-10-03 00:00:00-04:00,14.91111767219554,14.91534746990493,14.593859849382868,14.885736465454102,21600,0.0,0.0
2005-10-04 00:00:00-04:00,14.932266177548476,15.122620365551395,14.851895189214575,14.94495677947998,18600,0.0,0.0
2005-10-05 00:00:00-04:00,15.122617871312375,15.122617871312375,14.839202139789037,14.966104507446289,13500,0.0,0.0
2005-10-06 00:00:00-04:00,15.059167423006668,15.135308602211905,14.433112751878916,14.581165313720703,28800,0.0,0.0
2005-10-07 00:00:00-04:00,14.61500574403451,14.758829715980363,14.551553956110098,14.6107759475708,12450,0.0,0.0
2005-10-10 00:00:00-04:00,14.615006440886987,14.615006440886987,14.204687118530275,14.204687118530273,15300,0.0,0.0
2005-10-11 00:00:00-04:00,14.213149398578029,14.327362401829003,13.47288159154289,13.519412994384766,45750,0.0,0.0
2005-10-12 00:00:00-04:00,13.134472515408284,13.324826698431787,12.85951512854947,12.986418724060059,64800,0.0,0.0
2005-10-13 00:00:00-04:00,12.986417774631851,13.219072332321412,12.859514188399098,13.100630760192871,26250,0.0,0.0
2005-10-14 00:00:00-04:00,13.15561992937314,13.316364288330078,13.15561992937314,13.316364288330078,14850,0.0,0.0
2005-10-17 00:00:00-04:00,13.324823061668269,13.519408198944797,13.155619120663486,13.405195236206055,24450,0.0,0.0
2005-10-18 00:00:00-04:00,13.451725718897672,13.642079837180141,13.324822166548046,13.39250373840332,33450,0.0,0.0
2005-10-19 00:00:00-04:00,13.324821865219104,13.409423828125,13.15984773499212,13.409423828125,16950,0.0,0.0
2005-10-20 00:00:00-04:00,13.45172562993884,13.578627971207268,13.29098129272461,13.29098129272461,12750,0.0,0.0
2005-10-21 00:00:00-04:00,13.185234758464526,13.329057553870772,13.17677395331226,13.303677558898926,15750,0.0,0.0
2005-10-24 00:00:00-04:00,13.303673751960295,13.599780063192176,13.303673751960295,13.485567092895508,6450,0.0,0.0
2005-10-25 00:00:00-04:00,13.536328852422852,13.684383829678714,13.472878275338857,13.578630447387695,11850,0.0,0.0
2005-10-26 00:00:00-04:00,13.663232008793903,13.663232008793903,13.54055944456302,13.620931625366211,6600,0.0,0.0
2005-10-27 00:00:00-04:00,13.53632915806558,13.616701343144015,13.498258568907135,13.561710357666016,27600,0.0,0.0
2005-10-28 00:00:00-04:00,13.55748154846901,13.747836928608265,13.494029755089258,13.726685523986816,49500,0.0,0.0
2005-10-31 00:00:00-05:00,13.620931666854167,13.88742819808365,13.587090875912079,13.853586196899414,19950,0.0,0.0
2005-11-01 00:00:00-05:00,13.9170314274756,13.9170314274756,13.874731063842775,13.874731063842773,21300,0.0,0.0
2005-11-02 00:00:00-05:00,13.7901408450889,13.959344863891602,13.743609437357504,13.959344863891602,25200,0.0,0.0
2005-11-03 00:00:00-05:00,14.001650561448622,14.124323208333799,13.938198733312408,14.107402801513672,10050,0.0,0.0
2005-11-04 00:00:00-05:00,14.043933859864987,14.11584640890229,13.83665943145752,13.83665943145752,9450,0.0,0.0
2005-11-07 00:00:00-05:00,13.730915317009332,13.739376120904026,13.536330140096625,13.612472534179688,10500,0.0,0.0
2005-11-08 00:00:00-05:00,13.570171863914315,13.616702048521807,13.536329859279899,13.565940856933594,9300,0.0,0.0
2005-11-09 00:00:00-05:00,13.612473797249422,13.66323499460071,13.595553398132324,13.595553398132324,3300,0.0,0.0
2005-11-10 00:00:00-05:00,13.663232391697862,13.680152787591554,13.47710803686727,13.52786922454834,12600,0.0,0.0
2005-11-11 00:00:00-05:00,13.422119334653809,13.49403072686703,13.354437739572571,13.430580139160156,13650,0.0,0.0
2005-11-14 00:00:00-05:00,13.40942673217545,13.413656528676299,13.282523155212404,13.282523155212402,7050,0.0,0.0
2005-11-15 00:00:00-05:00,13.261372851622236,13.324824639573405,13.197921063671066,13.307904243469238,11550,0.0,0.0
2005-11-16 00:00:00-05:00,13.307903865631015,13.307903865631015,13.219070880924647,13.223301887512207,8850,0.0,0.0
2005-11-17 00:00:00-05:00,13.223301386328561,13.244451577496099,13.202151195161024,13.23176097869873,8100,0.0,0.0
2005-11-18 00:00:00-05:00,13.274063562210708,13.286754161955454,13.244452566220371,13.282523155212402,6300,0.0,0.0
2005-11-21 00:00:00-05:00,13.240226686235205,13.282527084240725,13.113324281976087,13.252917289733887,26100,0.0,0.0
2005-11-22 00:00:00-05:00,13.282521498243696,13.282521498243696,13.197919527569663,13.278291702270508,5700,0.0,0.0
2005-11-23 00:00:00-05:00,13.252909413266849,13.28251919017601,13.117545073468241,13.193687438964844,9300,0.0,0.0
2005-11-25 00:00:00-05:00,13.151393020553174,13.197923209724042,13.134472621697661,13.18946361541748,12000,0.0,0.0
2005-11-28 00:00:00-05:00,13.113319794197396,13.13869978226639,13.05409780496617,13.134469985961914,6600,0.0,0.0
2005-11-29 00:00:00-05:00,13.134469180357808,13.159849166870115,13.07101739871393,13.159849166870117,5550,0.0,0.0
2005-11-30 00:00:00-05:00,13.134473629699459,13.176774024963379,13.092172024193054,13.176774024963379,12150,0.0,0.0
2005-12-01 00:00:00-05:00,13.04987007372865,13.142931658364278,13.007568473263483,13.096400260925293,17100,0.0,0.0
2005-12-02 00:00:00-05:00,13.011796815282919,13.282523155212404,12.944115230300547,13.282523155212402,14550,0.0,0.0
2005-12-05 00:00:00-05:00,13.28252874259934,13.320600557848747,13.197926725782956,13.257148742675781,21300,0.0,0.0
2005-12-06 00:00:00-05:00,13.214845662086852,13.240225656868473,13.159853454615483,13.219074249267578,17400,0.0,0.0
2005-12-07 00:00:00-05:00,13.231761174496405,13.240221977233887,13.1598497973174,13.240221977233887,11100,0.0,0.0
2005-12-08 00:00:00-05:00,13.197924613952637,13.219074812211762,13.155624217434385,13.197924613952637,18000,0.0,0.0
2005-12-09 00:00:00-05:00,13.242746730000537,13.38789658402072,13.242746730000537,13.353742599487305,61950,0.19,0.0
2005-12-12 00:00:00-05:00,13.362281400970447,13.396434164104708,13.28970586326078,13.353742599487305,14250,0.0,0.0
2005-12-13 00:00:00-05:00,13.319589203544433,13.383625936728599,13.29824403294941,13.323859214782715,8100,0.0,0.0
2005-12-14 00:00:00-05:00,13.323867706553049,13.409249664749169,13.302521300954114,13.366558074951172,14700,0.0,0.0
2005-12-15 00:00:00-05:00,13.404973607671062,13.434857584917626,13.383628433094655,13.387898445129395,15450,0.0,0.0
2005-12-16 00:00:00-05:00,13.345200744837207,13.4006986618042,13.340930734763775,13.4006986618042,10950,0.0,0.0
2005-12-19 00:00:00-05:00,13.358010376164179,13.396431922912598,13.358010376164179,13.396431922912598,7200,0.0,0.0
2005-12-20 00:00:00-05:00,13.366550001334216,13.426317946670611,13.362281211352798,13.392165184020996,4200,0.0,0.0
2005-12-21 00:00:00-05:00,13.362281052674584,13.362281052674584,13.007945839042804,13.127480506896973,32550,0.0,0.0
2005-12-22 00:00:00-05:00,13.106135335844224,13.144556888018997,13.080520153461627,13.127480506896973,12450,0.0,0.0
2005-12-23 00:00:00-05:00,13.127478570194455,13.153093748798035,13.08051822368719,13.148823738098145,12150,0.0,0.0
2005-12-27 00:00:00-05:00,13.0847918148255,13.144559772568112,12.995141099610972,13.033562660217285,19200,0.0,0.0
2005-12-28 00:00:00-05:00,12.995138169731506,13.170171991229381,12.943909026673397,13.089058876037598,23250,0.0,0.0
2005-12-29 00:00:00-05:00,13.042099657848404,13.165903125662817,13.042099657848404,13.14455795288086,11700,0.0,0.0
2005-12-30 00:00:00-05:00,13.148823738098145,13.153093748798035,13.063441845084451,13.148823738098145,11400,0.0,0.0
2006-01-03 00:00:00-05:00,13.170177456060111,13.170177456060111,12.956721994047268,13.097601890563965,24600,0.0,0.0
2006-01-04 00:00:00-05:00,13.054908733231208,13.059177523992728,12.956719217320096,12.982333183288574,19950,0.0,0.0
2006-01-05 00:00:00-05:00,13.025022220164828,13.127480506896973,13.00367704911208,13.127480506896973,10650,0.0,0.0
2006-01-06 00:00:00-05:00,13.170170426754773,13.234207153320312,13.148824036966946,13.234207153320312,6150,0.0,0.0
2006-01-09 00:00:00-05:00,13.234211809644481,13.319592513240252,13.234211809644481,13.298247337341309,9750,0.0,0.0
2006-01-10 00:00:00-05:00,13.298247337341309,13.332400107339376,13.26409456734324,13.298247337341309,4500,0.0,0.0
2006-01-11 00:00:00-05:00,13.404969049441362,13.639769554138184,13.404969049441362,13.639769554138184,16800,0.0,0.0
2006-01-12 00:00:00-05:00,13.554390843581736,13.65684912719377,13.554390843581736,13.597081184387207,9450,0.0,0.0
2006-01-13 00:00:00-05:00,13.618428786656192,13.618428786656192,13.558660833176765,13.60988998413086,7200,0.0,0.0
2006-01-17 00:00:00-05:00,13.597076005949484,13.729418210562354,13.56719204592749,13.72514820098877,13500,0.0,0.0
2006-01-18 00:00:00-05:00,13.71234853366831,13.861767185356747,13.71234853366831,13.797730445861816,7500,0.0,0.0
2006-01-19 00:00:00-05:00,13.797732245566936,13.831885014899049,13.772117057868162,13.780655860900879,5400,0.0,0.0
2006-01-20 00:00:00-05:00,13.767847777476772,13.767847777476772,13.622697902277029,13.66111946105957,6300,0.0,0.0
2006-01-23 00:00:00-05:00,13.59708371984018,13.59708371984018,13.490356626525976,13.545854568481445,3900,0.0,0.0
2006-01-24 00:00:00-05:00,13.545851112671684,13.554389913086048,13.473276805445087,13.48181438446045,3000,0.0,0.0
2006-01-25 00:00:00-05:00,13.46900785599952,13.66111683437388,13.362280781502552,13.4049711227417,11400,0.0,0.0
2006-01-26 00:00:00-05:00,13.42632711409624,13.447672299976846,13.345213942069973,13.383635520935059,1950,0.0,0.0
2006-01-27 00:00:00-05:00,13.362280781502552,13.447662685379946,13.34093438948388,13.4049711227417,10350,0.0,0.0
2006-01-30 00:00:00-05:00,13.362281400970447,13.362281400970447,13.281168283176791,13.353742599487305,15300,0.0,0.0
2006-01-31 00:00:00-05:00,13.353744456134388,13.503163120971092,13.353744456134388,13.469010353088379,16650,0.0,0.0
2006-02-01 00:00:00-05:00,13.447660732134649,13.481813488724988,13.426315564615416,13.439123153686523,5850,0.0,0.0
2006-02-02 00:00:00-05:00,13.490356640386821,13.554393385000864,13.451933860778809,13.451933860778809,5550,0.0,0.0
2006-02-03 00:00:00-05:00,13.426317723566056,13.426317723566056,13.353742188092257,13.358012199401855,7650,0.0,0.0
2006-02-06 00:00:00-05:00,13.383626572579573,13.417779335713831,13.353742599487306,13.353742599487305,3600,0.0,0.0
2006-02-07 00:00:00-05:00,13.353741980415265,13.404971122741701,13.328128019951595,13.4049711227417,10350,0.0,0.0
2006-02-08 00:00:00-05:00,13.40496972183014,13.40496972183014,13.234207153320312,13.234207153320312,9600,0.0,0.0
2006-02-09 00:00:00-05:00,13.238479842004711,13.400706115867182,13.238479842004711,13.345208168029785,7800,0.0,0.0
2006-02-10 00:00:00-05:00,13.370821905700547,13.383629500027133,13.234212044681513,13.238479614257812,7350,0.0,0.0
2006-02-13 00:00:00-05:00,13.323858559829082,13.3793564892077,13.234207870617618,13.302512168884277,9900,0.0,0.0
2006-02-14 00:00:00-05:00,13.319587608016812,13.413508301622889,13.319587608016812,13.396431922912598,8700,0.0,0.0
2006-02-15 00:00:00-05:00,13.34520464069376,13.362281021776298,13.251283934040245,13.33666706085205,4650,0.0,0.0
2006-02-16 00:00:00-05:00,13.298243889672433,13.332396650816143,13.242745958163676,13.32812786102295,4050,0.0,0.0
2006-02-17 00:00:00-05:00,13.328130795074227,13.396436332398409,13.17871212682774,13.285440444946289,7650,0.0,0.0
2006-02-21 00:00:00-05:00,13.234206363438798,13.319587031898294,13.101862907409668,13.101862907409668,9000,0.0,0.0
2006-02-22 00:00:00-05:00,13.063447342995852,13.148829271943574,13.020755767822266,13.020755767822266,13650,0.0,0.0
2006-02-23 00:00:00-05:00,13.084788751119977,13.084788751119977,12.926832533412098,12.97806167602539,6450,0.0,0.0
2006-02-24 00:00:00-05:00,13.012214771644846,13.127480650832112,12.978062009026333,13.029291152954102,4050,0.0,0.0
2006-02-27 00:00:00-05:00,12.943905973041069,12.999403892911575,12.935368395245064,12.939637184143066,6750,0.0,0.0
2006-02-28 00:00:00-05:00,12.914028218005228,12.914028218005228,12.854260264749719,12.879874229431152,3900,0.0,0.0
2006-03-01 00:00:00-05:00,12.837185926695492,12.94391303577321,12.837185926695492,12.87560749053955,16050,0.0,0.0
2006-03-02 00:00:00-05:00,12.918293922102837,13.127480506896973,12.896948751050088,13.127480506896973,13050,0.0,0.0
2006-03-03 00:00:00-05:00,13.042105249202484,13.200061549746048,12.990876079723511,13.187253952026367,45750,0.0,0.0
2006-03-06 00:00:00-05:00,13.229934950980828,13.328124419263014,13.229934950980828,13.242742538452148,4200,0.0,0.0
2006-03-07 00:00:00-05:00,13.191518748627637,13.21286392211914,13.127482006753862,13.21286392211914,6000,0.0,0.0
2006-03-08 00:00:00-05:00,13.255556518801788,13.264094100300989,13.187249759811404,13.251286506652832,13800,0.0,0.0
2006-03-09 00:00:00-05:00,13.206046784733228,13.292221164372746,13.171577525964594,13.175887107849121,6300,0.19,0.0
2006-03-10 00:00:00-05:00,13.141412627066805,13.18449980380673,13.046622810587058,13.098326683044434,4950,0.0,0.0
2006-03-13 00:00:00-05:00,13.012154405246596,13.141413478405031,12.951833833164027,13.055241584777832,6150,0.0,0.0
2006-03-14 00:00:00-05:00,12.969068103537698,13.055241227524428,12.913054648408123,12.99061107635498,10050,0.0,0.0
2006-03-15 00:00:00-05:00,12.947522829250282,13.162956237792969,12.947522829250282,13.162956237792969,4650,0.0,0.0
2006-03-16 00:00:00-05:00,13.206041034633154,13.206041034633154,12.990608877490406,13.115559577941895,18600,0.0,0.0
2006-03-17 00:00:00-05:00,13.046621435092897,13.119868271839108,13.033696392879396,13.089707374572754,7050,0.0,0.0
2006-03-20 00:00:00-05:00,13.012155554361641,13.231897354125975,12.969069603743081,13.231897354125977,6000,0.0,0.0
2006-03-21 00:00:00-05:00,13.141414641195823,13.240515286158143,13.141414641195823,13.171575546264648,5250,0.0,0.0
2006-03-22 00:00:00-05:00,13.098328515133716,13.23620552763852,13.098328515133716,13.184501647949219,20100,0.0,0.0
2006-03-23 00:00:00-05:00,13.227587699890138,13.23189604798316,13.141413341723947,13.227587699890137,19950,0.0,0.0
2006-03-24 00:00:00-05:00,13.184503381881434,13.2405168501163,13.128491146364457,13.167268753051758,4500,0.0,0.0
2006-03-27 00:00:00-05:00,13.22758608264829,13.287906646728514,13.12417834475293,13.287906646728516,9750,0.0,0.0
2006-03-28 00:00:00-05:00,13.184503199421306,13.249133364817649,13.154342291207294,13.210355758666992,2250,0.0,0.0
2006-03-29 00:00:00-05:00,13.274986022494877,13.593826037436664,13.21466420561958,13.443022727966309,23250,0.0,0.0
2006-03-30 00:00:00-05:00,13.443016587175345,13.486103755649395,13.378387683540247,13.464559555053711,4800,0.0,0.0
2006-03-31 00:00:00-05:00,13.486112676921298,13.486112676921298,13.378396533556256,13.460261344909668,13200,0.0,0.0
2006-04-03 00:00:00-04:00,13.417165857087008,13.44301717312438,13.214658745138536,13.244819641113281,19950,0.0,0.0
2006-04-04 00:00:00-04:00,13.214662302082134,13.335304685736624,13.214662302082134,13.313761711120605,4950,0.0,0.0
2006-04-05 00:00:00-04:00,13.335306255081138,13.335306255081138,13.218972206115723,13.218972206115723,3900,0.0,0.0
2006-04-06 00:00:00-04:00,13.270671906877613,13.292216109954188,13.162955822364584,13.214659690856934,11850,0.0,0.0
2006-04-07 00:00:00-04:00,13.21466124792363,13.382699148502821,13.162957373339077,13.240513801574707,13650,0.0,0.0
2006-04-10 00:00:00-04:00,13.24051217920845,13.313759017715526,13.24051217920845,13.270671844482422,4800,0.0,0.0
2006-04-11 00:00:00-04:00,13.35684312670591,13.35684312670591,13.2491258346937,13.253434181213379,5250,0.0,0.0
2006-04-12 00:00:00-04:00,13.296523724041805,13.296523724041805,13.115559577941895,13.115559577941895,15150,0.0,0.0
2006-04-13 00:00:00-04:00,13.124181997175443,13.124181997175443,12.753636883570014,12.805340766906738,49800,0.0,0.0
2006-04-17 00:00:00-04:00,12.79671859741211,12.83980576894454,12.732089689189575,12.79671859741211,13950,0.0,0.0
2006-04-18 00:00:00-04:00,12.732095460708111,12.796724398227244,12.637304379997968,12.770873069763184,26250,0.0,0.0
2006-04-19 00:00:00-04:00,12.775176165452931,12.84842300415039,12.714854369313288,12.84842300415039,7050,0.0,0.0
2006-04-20 00:00:00-04:00,12.796719377251792,12.852732826929184,12.753633435811086,12.809645652770996,6300,0.0,0.0
2006-04-21 00:00:00-04:00,12.809645663304753,12.882892503444674,12.732090475560714,12.869967460632324,11100,0.0,0.0
2006-04-24 00:00:00-04:00,12.92598141450281,12.947524388135609,12.779486481820953,12.8225736618042,11100,0.0,0.0
2006-04-25 00:00:00-04:00,12.796722758576223,12.882895896944957,12.796722758576223,12.861352920532227,25500,0.0,0.0
2006-04-26 00:00:00-04:00,12.79671817784423,12.874274590972789,12.77086686194629,12.81826114654541,11100,0.0,0.0
2006-04-27 00:00:00-04:00,12.88289374213882,12.930289268493652,12.86135076932939,12.930289268493652,49350,0.0,0.0
2006-04-28 00:00:00-04:00,12.900121898127592,12.943209054857881,12.78809750951941,12.831183433532715,6300,0.0,0.0
2006-05-01 00:00:00-04:00,12.796716894818312,12.874273300170898,12.770865581512277,12.874273300170898,9000,0.0,0.0
2006-05-02 00:00:00-04:00,12.960445452430259,12.986296763848129,12.882889052742343,12.904433250427246,14700,0.0,0.0
2006-05-03 00:00:00-04:00,12.882895896944957,12.921674733749244,12.861352920532225,12.861352920532227,4500,0.0,0.0
2006-05-04 00:00:00-04:00,12.861350729218389,12.861350729218389,12.796720578274055,12.801030158996582,4800,0.0,0.0
2006-05-05 00:00:00-04:00,12.796719036708808,12.943213945687184,12.796719036708808,12.8656587600708,40500,0.0,0.0
2006-05-08 00:00:00-04:00,12.839805647589413,12.904435787918505,12.723471641540527,12.723471641540527,8700,0.0,0.0
2006-05-09 00:00:00-04:00,12.745017977406876,12.762253836583811,12.602832617297793,12.645919799804688,15150,0.0,0.0
2006-05-10 00:00:00-04:00,12.645920227868539,12.645920227868539,12.51665990869012,12.594216346740723,12750,0.0,0.0
2006-05-11 00:00:00-04:00,12.546818485101177,12.594214008849647,12.538200556820756,12.555435180664062,5550,0.0,0.0
2006-05-12 00:00:00-04:00,12.551129596367405,12.551129596367405,12.482191085815431,12.48219108581543,3300,0.0,0.0
2006-05-15 00:00:00-04:00,12.439101978774353,12.439101978774353,12.331384658813477,12.331384658813477,6600,0.0,0.0
2006-05-16 00:00:00-04:00,12.348623982627183,12.348623982627183,12.189203964897098,12.197820663452148,15150,0.0,0.0
2006-05-17 00:00:00-04:00,12.219361293269378,12.240904266059818,12.064249670286529,12.068556785583496,9450,0.0,0.0
2006-05-18 00:00:00-04:00,12.068553410176245,12.124566849569845,12.02115912983632,12.107332229614258,18300,0.0,0.0
2006-05-19 00:00:00-04:00,12.107332229614258,12.1504181631446,12.072862989703083,12.107332229614258,5550,0.0,0.0
2006-05-22 00:00:00-04:00,12.133188397362936,12.133188397362936,12.051324844360352,12.051324844360352,12600,0.0,0.0
2006-05-23 00:00:00-04:00,12.081483243632196,12.171964716883835,12.081483243632196,12.146113395690918,8700,0.0,0.0
2006-05-24 00:00:00-04:00,12.146115050986076,12.215053560519083,12.13318877226919,12.184892654418945,14550,0.0,0.0
2006-05-25 00:00:00-04:00,12.236598968505861,12.258143181555024,12.210747638652109,12.23659896850586,3000,0.0,0.0
2006-05-26 00:00:00-04:00,12.258142917072467,12.258142917072467,12.120264640861208,12.176278114318848,7500,0.0,0.0
2006-05-30 00:00:00-04:00,12.193507552814769,12.258137697612506,12.193507552814769,12.22797679901123,3450,0.0,0.0
2006-05-31 00:00:00-04:00,12.249522161232715,12.516659487768438,12.115954730682576,12.495115280151367,31200,0.0,0.0
2006-06-01 00:00:00-04:00,12.546820392258159,12.620067246546578,12.495115280151367,12.495115280151367,44550,0.0,0.0
2006-06-02 00:00:00-04:00,12.538200908995737,12.611447754207767,12.508040008243405,12.559743881225586,5550,0.0,0.0
2006-06-05 00:00:00-04:00,12.538202635880833,12.602832794189453,12.495115452769172,12.602832794189453,3000,0.0,0.0
2006-06-06 00:00:00-04:00,12.520969732090132,12.641612135598583,12.520969732090132,12.585599899291992,12300,0.0,0.0
2006-06-07 00:00:00-04:00,12.611449314168539,12.658844845110806,12.568363364379366,12.645919799804688,5100,0.0,0.0
2006-06-08 00:00:00-04:00,12.667457517659656,12.69330883026123,12.624370353034086,12.69330883026123,18300,0.0,0.0
2006-06-09 00:00:00-04:00,12.867369487293212,12.867369487293212,12.784690856933594,12.784690856933594,14850,0.19333,0.0
2006-06-12 00:00:00-04:00,12.741174496383724,12.741174496383724,12.662847058036913,12.702010154724121,4500,0.0,0.0
2006-06-13 00:00:00-04:00,12.675905771414433,12.728123664855957,12.510549731336,12.728123664855957,15450,0.0,0.0
2006-06-14 00:00:00-04:00,12.614987189198633,12.649797877797884,12.575822830200197,12.575822830200195,3300,0.0,0.0
2006-06-15 00:00:00-04:00,12.614981682725531,12.74987693270596,12.575817340822436,12.693307876586914,8250,0.0,0.0
2006-06-16 00:00:00-04:00,12.749885643998642,12.749885643998642,12.636747454459478,12.741183280944824,4950,0.0,0.0
2006-06-19 00:00:00-04:00,12.732479529886715,12.736830711364746,12.684612798708665,12.736830711364746,2850,0.0,0.0
2006-06-20 00:00:00-04:00,12.70636820358242,12.728125350821808,12.575822830200197,12.575822830200195,18600,0.0,0.0
2006-06-21 00:00:00-04:00,12.575822790089585,12.575822790089585,12.493144136876078,12.541010856628418,6150,0.0,0.0
2006-06-22 00:00:00-04:00,12.606279002263788,12.619332538880066,12.562764723597871,12.614982604980469,13200,0.0,0.0
2006-06-23 00:00:00-04:00,12.575817262636232,12.710713756750387,12.575817262636232,12.702010154724121,16050,0.0,0.0
2006-06-26 00:00:00-04:00,12.71506888025238,12.741178449459534,12.702014095648803,12.728123664855957,1950,0.0,0.0
2006-06-27 00:00:00-04:00,12.697662915771872,12.784692738174412,12.693311735894941,12.728123664855957,12000,0.0,0.0
2006-06-28 00:00:00-04:00,12.758587848100655,12.828211724762971,12.710721121652032,12.815156936645508,1350,0.0,0.0
2006-06-29 00:00:00-04:00,12.858675998983438,13.041438102722168,12.83691884281901,13.041438102722168,15450,0.0,0.0
2006-06-30 00:00:00-04:00,13.019673439058778,13.119758042666476,13.019673439058778,13.0892972946167,7050,0.0,0.0
2006-07-03 00:00:00-04:00,13.054488774114795,13.11976146697998,13.054488774114795,13.11976146697998,10500,0.0,0.0
2006-07-05 00:00:00-04:00,13.076244368855821,13.376498222351074,13.054487222145024,13.376498222351074,10050,0.0,0.0
2006-07-06 00:00:00-04:00,13.367793198260628,13.493986129760742,13.280763375679035,13.493986129760742,13650,0.0,0.0
2006-07-07 00:00:00-04:00,13.467879831141033,13.546206060758916,13.411310749197787,13.520097732543945,10950,0.0,0.0
2006-07-10 00:00:00-04:00,13.489636736223293,13.546204566955566,13.489636736223293,13.546204566955566,1200,0.0,0.0
2006-07-11 00:00:00-04:00,13.51139509623564,13.659345191376993,13.467879556799806,13.654994010925293,10050,0.0,0.0
2006-07-12 00:00:00-04:00,13.681098215965198,13.77683162689209,13.554905306082086,13.77683162689209,9900,0.0,0.0
2006-07-13 00:00:00-04:00,13.715908754306167,13.820344512970495,13.711557575604932,13.772479057312012,4650,0.0,0.0
2006-07-14 00:00:00-04:00,14.31641532500561,15.077927639348577,14.307712967398963,14.607965469360352,116250,0.0,0.0
2006-07-17 00:00:00-04:00,14.642776263866644,15.017005001572912,14.642776263866644,14.799429893493652,55350,0.0,0.0
2006-07-18 00:00:00-04:00,14.803783961107472,15.230229377746582,14.795081603203418,15.230229377746582,36600,0.0,0.0
2006-07-19 00:00:00-04:00,15.382533163820767,15.513077247808967,14.621020819837423,14.638426780700684,56100,0.0,0.0
2006-07-20 00:00:00-04:00,14.63843211089967,14.63843211089967,13.924786210678091,13.990058898925781,35250,0.0,0.0
2006-07-21 00:00:00-04:00,13.924787517286632,14.316422438548184,13.924787517286632,14.20328426361084,20550,0.0,0.0
2006-07-24 00:00:00-04:00,14.20328224661132,14.564456359879202,14.09449402311517,14.555752754211426,12600,0.0,0.0
2006-07-25 00:00:00-04:00,14.555751971411807,14.842951023436331,14.555751971411807,14.694999694824219,7500,0.0,0.0
2006-07-26 00:00:00-04:00,14.694999796810743,14.742866513309178,14.577509218122897,14.66454029083252,16500,0.0,0.0
2006-07-27 00:00:00-04:00,14.751570809520745,14.790733922593441,14.516589641138728,14.555752754211426,9600,0.0,0.0
2006-07-28 00:00:00-04:00,14.55575047436977,14.790731605947103,14.55575047436977,14.564454078674316,10950,0.0,0.0
2006-07-31 00:00:00-04:00,15.086631237482163,15.086631237482163,14.799432248315261,15.012656211853027,36750,0.0,0.0
2006-08-01 00:00:00-04:00,15.077930450439453,15.108391197686691,14.951737526808664,15.077930450439453,7950,0.0,0.0
2006-08-02 00:00:00-04:00,15.077933004899634,15.108393757307446,14.79508636247175,14.856006622314453,9300,0.0,0.0
2006-08-03 00:00:00-04:00,14.81684280061507,14.81684280061507,14.577509218122897,14.66454029083252,14550,0.0,0.0
2006-08-04 00:00:00-04:00,14.729815554331287,14.93868717750502,14.37299257558962,14.38604736328125,17100,0.0,0.0
2006-08-07 00:00:00-04:00,14.35993603351239,14.651486283149648,14.15541561623156,14.2250394821167,27150,0.0,0.0
2006-08-08 00:00:00-04:00,14.290312463250066,14.299016069152222,14.146712303161621,14.146712303161621,6900,0.0,0.0
2006-08-09 00:00:00-04:00,14.29901265260783,14.39909600424496,14.211981594272899,14.359932899475098,8400,0.0,0.0
2006-08-10 00:00:00-04:00,14.403451737395157,14.433911245339603,14.185876531521883,14.285961151123047,24450,0.0,0.0
2006-08-11 00:00:00-04:00,14.316418384444438,14.381691060333052,14.316418384444438,14.3729887008667,6000,0.0,0.0
2006-08-14 00:00:00-04:00,14.27290848070599,14.494834899902346,13.929140276751085,14.494834899902344,50850,0.0,0.0
2006-08-15 00:00:00-04:00,14.603615630529259,14.703700222023928,14.577506065368652,14.577506065368652,11250,0.0,0.0
2006-08-16 00:00:00-04:00,14.686296515579393,14.686296515579393,14.355583190917969,14.355583190917969,15450,0.0,0.0
2006-08-17 00:00:00-04:00,14.312061053937015,14.451308705337302,14.14235391252207,14.412145614624023,9900,0.0,0.0
2006-08-18 00:00:00-04:00,14.420849754821901,14.44695931517642,14.35992952228196,14.364280700683594,2850,0.0,0.0
2006-08-21 00:00:00-04:00,14.355581800787311,14.359932980236733,14.299012733026844,14.35123062133789,5400,0.0,0.0
2006-08-22 00:00:00-04:00,14.316423864107158,14.412157324715816,13.968304452754248,14.185879707336426,26100,0.0,0.0
2006-08-23 00:00:00-04:00,14.081444414697708,14.103201567484046,13.87692394157565,13.924789428710938,15900,0.0,0.0
2006-08-24 00:00:00-04:00,13.92478167745038,13.92478167745038,13.77683162689209,13.77683162689209,20400,0.0,0.0
2006-08-25 00:00:00-04:00,13.820344512970495,13.820344512970495,13.772479057312013,13.772479057312012,11100,0.0,0.0
2006-08-28 00:00:00-04:00,13.7724875709427,14.599271793941574,13.759432781796571,14.52094554901123,75000,0.0,0.0
2006-08-29 00:00:00-04:00,14.51223464241232,14.577506065368652,14.51223464241232,14.577506065368652,2250,0.0,0.0
2006-08-30 00:00:00-04:00,14.494826216665798,14.494826216665798,14.246791614666199,14.251141548156738,6000,0.0,0.0
2006-08-31 00:00:00-04:00,14.185874191629745,14.185874191629745,14.016165733337402,14.016165733337402,7500,0.0,0.0
2006-09-01 00:00:00-04:00,14.08143416818677,14.08143416818677,13.794235229492186,13.794235229492188,9450,0.0,0.0
2006-09-05 00:00:00-04:00,13.859515708745652,13.868219315423884,13.711564355000188,13.855164527893066,19650,0.0,0.0
2006-09-06 00:00:00-04:00,13.837756591602197,13.837756591602197,13.493987208702086,13.59842300415039,17400,0.0,0.0
2006-09-07 00:00:00-04:00,13.554907886517789,13.624531745910643,13.511393596883659,13.624531745910645,4200,0.0,0.0
2006-09-08 00:00:00-04:00,13.62453380768855,13.863866171812457,13.62453380768855,13.763781547546387,3300,0.0,0.0
2006-09-11 00:00:00-04:00,13.719861187397516,13.829654786254277,13.579323722290342,13.66276741027832,6750,0.19333,0.0
2006-09-12 00:00:00-04:00,13.623238871435202,13.623238871435202,13.307032472713418,13.328990936279297,15450,0.0,0.0
2006-09-13 00:00:00-04:00,13.267508812307195,13.311427006132895,13.153323770047468,13.285077095031738,16950,0.0,0.0
2006-09-14 00:00:00-04:00,13.24115599460126,13.276290039352311,13.118186837972578,13.140145301818848,9900,0.0,0.0
2006-09-15 00:00:00-04:00,13.140145459163856,13.249939036202463,13.135754017640528,13.197237968444824,7650,0.0,0.0
2006-09-18 00:00:00-04:00,13.087444503627012,13.2499391498166,13.087444503627012,13.17527961730957,18450,0.0,0.0
2006-09-19 00:00:00-04:00,13.065484782836938,13.179671058870554,13.065484782836938,13.17527961730957,20550,0.0,0.0
2006-09-20 00:00:00-04:00,13.1752793465699,13.192846368945425,13.131361162384808,13.140145301818848,16800,0.0,0.0
2006-09-21 00:00:00-04:00,13.162104149371846,13.170888289061963,13.131361545195317,13.153321266174316,7800,0.0,0.0
2006-09-22 00:00:00-04:00,13.1752848563888,13.192851886110745,13.135759353637695,13.135759353637695,32250,0.0,0.0
2006-09-25 00:00:00-04:00,13.135754421312875,13.175279909222613,12.960082933562981,12.964475631713867,22950,0.0,0.0
2006-09-26 00:00:00-04:00,12.973263207883527,13.144542059439688,12.973263207883527,13.096232414245605,20400,0.0,0.0
2006-09-27 00:00:00-04:00,13.140141253973168,13.219193458557127,13.043522032425237,13.219193458557129,15000,0.0,0.0
2006-09-28 00:00:00-04:00,13.175279163679898,13.214804649353027,13.135753678006768,13.214804649353027,9300,0.0,0.0
2006-09-29 00:00:00-04:00,13.175279504335615,13.214804991030704,13.153321040226407,13.197237968444824,5550,0.0,0.0
2006-10-02 00:00:00-04:00,13.219202752530437,13.368521873459333,13.188460137106352,13.2631196975708,7350,0.0,0.0
2006-10-03 00:00:00-04:00,13.219196870200445,13.219196870200445,12.977650010483764,13.091835021972656,8100,0.0,0.0
2006-10-04 00:00:00-04:00,13.087449707779081,13.162109269974072,13.034748618613248,13.135759353637695,18000,0.0,0.0
2006-10-05 00:00:00-04:00,13.069871282288368,13.07865416124491,13.021561678551443,13.0523042678833,8700,0.0,0.0
2006-10-06 00:00:00-04:00,13.140150796944912,13.1752848563888,13.017181588891305,13.135759353637695,7350,0.0,0.0
2006-10-09 00:00:00-04:00,13.135753533976718,13.614455824185358,13.135753533976718,13.566144943237305,10350,0.0,0.0
2006-10-10 00:00:00-04:00,13.653983688341738,13.653983688341738,13.504663347597612,13.64080810546875,6300,0.0,0.0
2006-10-11 00:00:00-04:00,13.59688934395296,13.59688934395296,13.394867936690078,13.539796829223633,2850,0.0,0.0
2006-10-12 00:00:00-04:00,13.473918029118789,13.54857881271739,13.399258502012675,13.42121696472168,10350,0.0,0.0
2006-10-13 00:00:00-04:00,13.416827962374118,13.531014250904082,13.394868239180811,13.491487503051758,14100,0.0,0.0
2006-10-16 00:00:00-04:00,13.447570457177363,13.491487390211233,13.307034261080654,13.465137481689453,8100,0.0,0.0
2006-10-17 00:00:00-04:00,13.421217437510304,13.566145055584586,13.421217437510304,13.54418659210205,3900,0.0,0.0
2006-10-18 00:00:00-04:00,13.478312596339492,13.618848800659178,13.438787102997775,13.61884880065918,2550,0.0,0.0
2006-10-19 00:00:00-04:00,13.588109471041559,13.653986140745918,13.574933885802093,13.596892356872559,2850,0.0,0.0
2006-10-20 00:00:00-04:00,13.531014176076866,13.544188502128737,13.416827888178357,13.495880126953125,5400,0.0,0.0
2006-10-23 00:00:00-04:00,13.45196189918221,13.531014137732962,13.412436408153185,13.465137481689453,3300,0.0,0.0
2006-10-24 00:00:00-04:00,13.465141511248252,13.465141511248252,13.342171046370963,13.390481948852539,4800,0.0,0.0
2006-10-25 00:00:00-04:00,13.333388733611644,13.38169838167942,13.32899729010361,13.377306938171387,1800,0.0,0.0
2006-10-26 00:00:00-04:00,13.465137974930345,13.509054909572933,13.350951683172662,13.504663467407227,5700,0.0,0.0
2006-10-27 00:00:00-04:00,13.487093090225954,13.522227131805058,13.394865288711479,13.513442993164062,9000,0.0,0.0
2006-10-30 00:00:00-05:00,13.504665407457653,13.535408020019531,13.469531352099201,13.535408020019531,2850,0.0,0.0
2006-10-31 00:00:00-05:00,13.49148625701779,13.750600160930464,13.49148625701779,13.653982162475586,14700,0.0,0.0
2006-11-01 00:00:00-05:00,13.614461031311892,13.614461031311892,13.416831016540527,13.416831016540527,3000,0.0,0.0
2006-11-02 00:00:00-05:00,13.307038979512033,13.307038979512033,13.241162300109863,13.241162300109863,6000,0.0,0.0
2006-11-03 00:00:00-05:00,13.241160099115476,13.368520736694336,13.219201628462487,13.368520736694336,5400,0.0,0.0
2006-11-06 00:00:00-05:00,13.425608517758148,13.425608517758148,13.289463786142171,13.399258613586426,4800,0.0,0.0
2006-11-07 00:00:00-05:00,13.28508148902173,13.394873868667318,13.254338868825018,13.350956916809082,3750,0.0,0.0
2006-11-08 00:00:00-05:00,13.315817333329854,13.509054605694535,13.315817333329854,13.438786506652832,9000,0.0,0.0
2006-11-09 00:00:00-05:00,13.394867291868339,13.45196106034189,13.263115244489848,13.443178176879883,8700,0.0,0.0
2006-11-10 00:00:00-05:00,13.443180442469652,13.46953035378907,13.311427116394043,13.311427116394043,3000,0.0,0.0
2006-11-13 00:00:00-05:00,13.315817184775986,13.337776907851072,13.227982061953762,13.267507553100586,12900,0.0,0.0
2006-11-14 00:00:00-05:00,13.241160740524965,13.39048111248292,13.197242540598623,13.223593711853027,9750,0.0,0.0
2006-11-15 00:00:00-05:00,13.20602484874261,13.324602589929889,13.188457822510896,13.285077095031738,10800,0.0,0.0
2006-11-16 00:00:00-05:00,12.7800169592118,13.175275474752821,12.7800169592118,13.025955200195312,211800,0.0,0.0
2006-11-17 00:00:00-05:00,13.105004092320181,13.105004092320181,13.043518919374643,13.06547737121582,42450,0.0,0.0
2006-11-20 00:00:00-05:00,13.10940204347037,13.17088724695861,13.03474251622821,13.091835021972656,31950,0.0,0.0
2006-11-21 00:00:00-05:00,13.078660011291504,13.10501117293189,13.043525966766017,13.078660011291504,14250,0.0,0.0
2006-11-22 00:00:00-05:00,13.034736041234918,13.131353983231222,13.030344602165055,13.06547737121582,15900,0.0,0.0
2006-11-24 00:00:00-05:00,13.109400858836027,13.113793556182875,13.039132779194967,13.087442398071289,8550,0.0,0.0
2006-11-27 00:00:00-05:00,13.074274033777401,13.087449620103863,13.04353141784668,13.04353141784668,46500,0.0,0.0
2006-11-28 00:00:00-05:00,13.021570276952193,13.15771504261353,13.021570276952193,13.08305549621582,18150,0.0,0.0
2006-11-29 00:00:00-05:00,13.08305808450518,13.126975029959391,13.0171814098308,13.096232414245605,14250,0.0,0.0
2006-11-30 00:00:00-05:00,13.05231640552045,13.241162300109863,13.039140818341387,13.241162300109863,27150,0.0,0.0
2006-12-01 00:00:00-05:00,13.241155810796805,13.241155810796805,13.131360980104448,13.214804649353027,7950,0.0,0.0
2006-12-04 00:00:00-05:00,13.179671172259491,13.394866888510013,13.118187220399024,13.153321266174316,35400,0.0,0.0
2006-12-05 00:00:00-05:00,13.109408859521391,13.197244012678599,13.03474929346105,13.148934364318848,30450,0.0,0.0
2006-12-06 00:00:00-05:00,13.19724507231877,13.399266569047736,13.19724507231877,13.350956916809082,62250,0.0,0.0
2006-12-07 00:00:00-05:00,13.307032132480993,13.430001284395406,13.241155486975146,13.3465576171875,49500,0.0,0.0
2006-12-08 00:00:00-05:00,13.307032132480993,13.368516080191947,13.263113949979592,13.3465576171875,14850,0.0,0.0
2006-12-11 00:00:00-05:00,13.39047297848661,13.592493057250977,13.364121823239122,13.592493057250977,101550,0.0,0.0
2006-12-12 00:00:00-05:00,13.592501382349738,13.601285524976403,13.465140737960683,13.557367324829102,25200,0.0,0.0
2006-12-13 00:00:00-05:00,13.548578291235605,13.548578291235605,13.443176166498295,13.513442993164062,30300,0.0,0.0
2006-12-14 00:00:00-05:00,13.51344476343937,13.54447986550947,13.491277377009606,13.522311210632324,25050,0.19333,0.0
2006-12-15 00:00:00-05:00,13.526745312068511,13.673051834106445,13.491276987426144,13.673051834106445,16650,0.0,0.0
2006-12-18 00:00:00-05:00,13.63315067967591,13.686353168175776,13.477976437772794,13.522311210632324,23550,0.0,0.0
2006-12-19 00:00:00-05:00,13.526748796327698,13.557783905495722,13.442511186492071,13.517882347106934,17100,0.0,0.0
2006-12-20 00:00:00-05:00,13.473546295660093,13.584384521605688,13.420343794992485,13.517882347106934,33000,0.0,0.0
2006-12-21 00:00:00-05:00,13.486840403489984,13.562210257463544,13.477972690315255,13.540042877197266,12900,0.0,0.0
2006-12-22 00:00:00-05:00,13.535611611812191,13.655317523290277,13.522310673104109,13.557780265808105,14400,0.0,0.0
2006-12-26 00:00:00-05:00,13.557779865018668,13.655317119617484,13.54891214999298,13.615415573120117,13800,0.0,0.0
2006-12-27 00:00:00-05:00,13.593248590064775,13.642016584582194,13.548912550520274,13.557780265808105,18450,0.0,0.0
2006-12-28 00:00:00-05:00,13.557778549233,13.602113314716863,13.531176675184946,13.59768009185791,4200,0.0,0.0
2006-12-29 00:00:00-05:00,13.628719466357454,13.67748873845446,13.531180922163445,13.58881664276123,14250,0.0,0.0
2007-01-03 00:00:00-05:00,13.553346312702423,13.646451618912723,13.477976437772794,13.522311210632324,25350,0.0,0.0
2007-01-04 00:00:00-05:00,13.522317313927157,13.540052753212713,13.477982521057129,13.477982521057129,24300,0.0,0.0
2007-01-05 00:00:00-05:00,13.509011937025104,13.513445160751923,13.309501647949219,13.309501647949219,14100,0.0,0.0
2007-01-08 00:00:00-05:00,13.282897879093682,13.31393297469757,13.189792592282018,13.203093528747559,11550,0.0,0.0
2007-01-09 00:00:00-05:00,13.176494424643002,13.176494424643002,12.857278255357157,12.968117713928223,26400,0.0,0.0
2007-01-10 00:00:00-05:00,12.968115633086413,12.999150727244363,12.79077404996535,12.85284423828125,33750,0.0,0.0
2007-01-11 00:00:00-05:00,12.93708258215039,13.043487548828125,12.808510231193273,13.043487548828125,16200,0.0,0.0
2007-01-12 00:00:00-05:00,12.981415363855994,13.039051055908203,12.959247985135445,13.039051055908203,7050,0.0,0.0
2007-01-16 00:00:00-05:00,12.99028501371405,13.012453666352332,12.959251183225511,12.994719505310059,11850,0.0,0.0
2007-01-17 00:00:00-05:00,12.972552533709985,13.096691677092371,12.968119309986754,13.09225845336914,24750,0.0,0.0
2007-01-18 00:00:00-05:00,13.056788519716717,13.096690065209724,12.945950329592913,12.968117713928223,15150,0.0,0.0
2007-01-19 00:00:00-05:00,12.968124647794443,13.047929049897965,12.968124647794443,13.012460708618164,13800,0.0,0.0
2007-01-22 00:00:00-05:00,12.981418242629827,13.047921661986292,12.959250858993412,12.96368408203125,10950,0.0,0.0
2007-01-23 00:00:00-05:00,12.9104835962425,13.118860332603361,12.9104835962425,13.09225845336914,5700,0.0,0.0
2007-01-24 00:00:00-05:00,13.003591660082638,13.087829279124904,12.835116421998102,13.056794166564941,15000,0.0,0.0
2007-01-25 00:00:00-05:00,12.999153588744715,13.043488360060854,12.945951102096947,12.990285873413086,10050,0.0,0.0
2007-01-26 00:00:00-05:00,12.923788586970723,13.012460708618164,12.879453794594943,13.012460708618164,26250,0.0,0.0
2007-01-29 00:00:00-05:00,13.07895708737267,13.211962660966092,12.945950245331993,12.994719505310059,23400,0.0,0.0
2007-01-30 00:00:00-05:00,12.883877077850633,13.07451958222562,12.883877077850633,13.003582954406738,16950,0.0,0.0
2007-01-31 00:00:00-05:00,13.056789806475823,13.123293234482986,12.994720870530555,13.061223030090332,6000,0.0,0.0
2007-02-01 00:00:00-05:00,13.123297616779773,13.123297616779773,12.994725209892824,13.056794166564941,6150,0.0,0.0
2007-02-02 00:00:00-05:00,13.03905270633346,13.203093359144177,13.03905270633346,13.087821960449219,10350,0.0,0.0
2007-02-05 00:00:00-05:00,13.123297144632463,13.189799324006884,13.105562976443064,13.127730369567871,3450,0.0,0.0
2007-02-06 00:00:00-05:00,13.109996325229488,13.180932998657227,13.101129875274909,13.180932998657227,5700,0.0,0.0
2007-02-07 00:00:00-05:00,13.167628157016047,13.207530975341797,13.052356731045839,13.207530975341797,23100,0.0,0.0
2007-02-08 00:00:00-05:00,13.234130853380968,13.234130853380968,13.10112527166474,13.172061920166016,5550,0.0,0.0
2007-02-09 00:00:00-05:00,13.132161099249938,13.260733464662062,13.101125996701265,13.207530975341797,9300,0.0,0.0
2007-02-12 00:00:00-05:00,13.256303192392995,13.27847185466888,13.172066842156728,13.27403736114502,5400,0.0,0.0
2007-02-13 00:00:00-05:00,13.234136291235295,13.27847234898977,13.136597725244163,13.141032218933105,9300,0.0,0.0
2007-02-14 00:00:00-05:00,13.136597842466106,13.180933900616205,12.99029126062172,13.052361488342285,26550,0.0,0.0
2007-02-15 00:00:00-05:00,13.056787011356061,13.17205967978808,12.8661444838226,12.972549438476562,13200,0.0,0.0
2007-02-16 00:00:00-05:00,12.945949766878863,13.10555721036059,12.945949766878863,13.078956604003906,14400,0.0,0.0
2007-02-20 00:00:00-05:00,13.047923507381,13.220830646336314,12.954818199734985,13.207530975341797,6750,0.0,0.0
2007-02-21 00:00:00-05:00,13.21196181515982,13.229695975066782,13.074521758769055,13.123291015625,10950,0.0,0.0
2007-02-22 00:00:00-05:00,13.123291421385371,13.610981468129403,13.123291421385371,13.52674388885498,34650,0.0,0.0
2007-02-23 00:00:00-05:00,13.464678753064875,13.606550808210363,13.349406043421732,13.58881664276123,18300,0.0,0.0
2007-02-26 00:00:00-05:00,13.522309514058561,13.743988424332835,13.522309514058561,13.655316352844238,29100,0.0,0.0
2007-02-27 00:00:00-05:00,13.633142734717694,13.655310108229026,13.322794431772497,13.344963073730469,26700,0.0,0.0
2007-02-28 00:00:00-05:00,13.67748873845446,13.67748873845446,13.584383418510841,13.58881664276123,27450,0.0,0.0
2007-03-01 00:00:00-05:00,13.500141376767395,13.69965162380829,13.442505675119808,13.69521713256836,14250,0.0,0.0
2007-03-02 00:00:00-05:00,13.584379540805774,13.584379540805774,13.078956604003906,13.078956604003906,26550,0.0,0.0
2007-03-05 00:00:00-05:00,13.123287764683859,13.44250256393234,13.078953010122778,13.256293296813965,25350,0.0,0.0
2007-03-06 00:00:00-05:00,13.344968687954694,13.380437007872992,13.278465270996094,13.278465270996094,19950,0.0,0.0
2007-03-07 00:00:00-05:00,13.331671400456155,13.331671400456155,13.078959868969587,13.238567352294922,22950,0.0,0.0
2007-03-08 00:00:00-05:00,13.189796813497223,13.243000576386523,13.083391824613665,13.238567352294922,49500,0.0,0.0
2007-03-09 00:00:00-05:00,13.220658233968987,13.404215812683104,13.175888655160042,13.404215812683105,25650,0.19333,0.0
2007-03-12 00:00:00-04:00,13.413162059922204,13.43107013635886,13.310190300189765,13.399730682373047,10950,0.0,0.0
2007-03-13 00:00:00-04:00,13.431078265865173,13.471371142014286,13.341537829485235,13.422124862670898,19050,0.0,0.0
2007-03-14 00:00:00-04:00,13.417644008299597,13.722081426830188,13.359443057331715,13.623587608337402,28200,0.0,0.0
2007-03-15 00:00:00-04:00,13.717606358344977,13.717606358344977,13.583296356985713,13.66835880279541,32700,0.0,0.0
2007-03-16 00:00:00-04:00,13.668356331877366,13.766851425170898,13.645971549178684,13.766851425170898,10950,0.0,0.0
2007-03-19 00:00:00-04:00,13.72207587687567,13.856387088818805,13.58776594581918,13.672829627990723,71250,0.0,0.0
2007-03-20 00:00:00-04:00,13.668356179901181,13.807144136686599,13.543000885827539,13.77132797241211,58200,0.0,0.0
2007-03-21 00:00:00-04:00,13.766852289705565,13.860869407653809,13.68178857304422,13.860869407653809,22800,0.0,0.0
2007-03-22 00:00:00-04:00,13.874298835100571,13.878776816000082,13.766850349478043,13.807143211364746,22800,0.0,0.0
2007-03-23 00:00:00-04:00,13.780277357493146,13.874294432356578,13.722075152251737,13.869817733764648,24900,0.0,0.0
2007-03-26 00:00:00-04:00,13.87429881962933,13.923546362373152,13.784758415043735,13.78923511505127,47550,0.0,0.0
2007-03-27 00:00:00-04:00,13.78923620786958,13.78923620786958,13.654924949903322,13.766851425170898,11400,0.0,0.0
2007-03-28 00:00:00-04:00,13.699694984310675,13.789235390686104,13.659402121663485,13.744465827941895,33450,0.0,0.0
2007-03-29 00:00:00-04:00,13.69969579618777,13.78475950750726,13.69969579618777,13.766851425170898,52950,0.0,0.0
2007-03-30 00:00:00-04:00,13.77580599611118,13.851916313171388,13.66388079222296,13.851916313171387,28050,0.0,0.0
2007-04-02 00:00:00-04:00,13.789233699093051,13.811619758605957,13.726556062762729,13.811619758605957,35250,0.0,0.0
2007-04-03 00:00:00-04:00,13.869819793128691,13.878774472528704,13.807140879988907,13.86534309387207,27900,0.0,0.0
2007-04-04 00:00:00-04:00,13.83400618686845,13.87877703034611,13.816098105654786,13.874299049377441,17700,0.0,0.0
2007-04-05 00:00:00-04:00,13.878769947290445,14.004125170923816,13.847430500938927,13.932494163513184,17400,0.0,0.0
2007-04-09 00:00:00-04:00,13.977271852930166,13.990701954151724,13.869823357835106,13.945932388305664,17100,0.0,0.0
2007-04-10 00:00:00-04:00,13.945930807715726,14.304092417439628,13.945930807715726,14.138442993164062,29700,0.0,0.0
2007-04-11 00:00:00-04:00,14.142923552743133,14.219032595358287,13.954889296766009,14.210079193115234,61950,0.0,0.0
2007-04-12 00:00:00-04:00,14.147398948669432,14.147398948669432,14.080243320573086,14.147398948669434,13050,0.0,0.0
2007-04-13 00:00:00-04:00,14.138444267175954,14.151875648972638,14.004133010983258,14.147398948669434,37950,0.0,0.0
2007-04-16 00:00:00-04:00,14.098151402672974,14.147398948669432,14.030995774576626,14.147398948669434,24900,0.0,0.0
2007-04-17 00:00:00-04:00,14.147402116498055,14.147402116498055,13.990704761928166,14.111584663391113,18300,0.0,0.0
2007-04-18 00:00:00-04:00,14.03099443121136,14.147397594159415,14.03099443121136,14.04890251159668,6000,0.0,0.0
2007-04-19 00:00:00-04:00,14.048903884834495,14.183215141296387,14.013087720562933,14.183215141296387,81450,0.0,0.0
2007-04-20 00:00:00-04:00,14.192169316367426,14.192169316367426,14.066812734576427,14.151876449584961,11250,0.0,0.0
2007-04-23 00:00:00-04:00,14.102626099832476,14.210074577169772,14.066809940720043,14.205597877502441,21900,0.0,0.0
2007-04-24 00:00:00-04:00,14.196648829143783,14.505564284701574,14.196648829143783,14.335436820983887,37050,0.0,0.0
2007-04-25 00:00:00-04:00,14.326476837512354,14.769703419507152,14.25484579825606,14.451834678649902,47850,0.0,0.0
2007-04-26 00:00:00-04:00,14.532422414894564,14.532422414894564,14.120536516917557,14.375727653503418,29100,0.0,0.0
2007-04-27 00:00:00-04:00,14.416018725537132,14.478696366118797,14.098149980116503,14.142919540405273,30600,0.0,0.0
2007-04-30 00:00:00-04:00,14.151877157702813,14.286187147327215,14.022042587971674,14.250370979309082,38550,0.0,0.0
2007-05-01 00:00:00-04:00,14.241410572154292,14.241410572154292,13.395253058299842,13.834001541137695,98250,0.0,0.0
2007-05-02 00:00:00-04:00,13.865347184036436,14.35334213090553,13.744467302241679,14.241416931152344,44700,0.0,0.0
2007-05-03 00:00:00-04:00,14.147394651956883,14.684636951787391,14.147394651956883,14.577188491821289,48300,0.0,0.0
2007-05-04 00:00:00-04:00,14.57719356112506,14.801045237676835,14.541377395347748,14.769705772399902,22200,0.0,0.0
2007-05-07 00:00:00-04:00,14.769711385815567,15.105488387815962,14.666739549848261,14.899544715881348,86700,0.0,0.0
2007-05-08 00:00:00-04:00,14.872683221782875,14.953268984965908,14.742848610829482,14.899544715881348,50400,0.0,0.0
2007-05-09 00:00:00-04:00,14.787619053692561,15.09653327189507,14.787619053692561,15.047286987304688,24750,0.0,0.0
2007-05-10 00:00:00-04:00,15.024896787356472,15.109960507832849,14.966695833719886,15.038328170776367,28050,0.0,0.0
2007-05-11 00:00:00-04:00,15.011466093665375,15.132345988224037,14.877156095956968,15.118914604187012,57450,0.0,0.0
2007-05-14 00:00:00-04:00,15.127868948132608,15.132345649082191,14.859247677848778,15.101007461547852,26550,0.0,0.0
2007-05-15 00:00:00-04:00,15.101001550269993,15.105478249467176,14.998028502527529,15.069662094116211,25200,0.0,0.0
2007-05-16 00:00:00-04:00,15.109955284019327,15.374099755816886,15.096523905242927,15.244266510009766,26550,0.0,0.0
2007-05-17 00:00:00-04:00,15.244267246020714,15.378577197609014,14.993554140894835,15.342761039733887,33450,0.0,0.0
2007-05-18 00:00:00-04:00,15.253224755122075,15.418874209708092,15.253224755122075,15.351719856262207,25050,0.0,0.0
2007-05-21 00:00:00-04:00,15.400960689388997,15.539748609781808,15.400960689388997,15.49050235748291,25650,0.0,0.0
2007-05-22 00:00:00-04:00,15.553184662520259,15.66063315946201,15.481552331225759,15.548707962036133,37350,0.0,0.0
2007-05-23 00:00:00-04:00,15.481551619554057,15.929253669564261,15.481551619554057,15.651679039001465,65400,0.0,0.0
2007-05-24 00:00:00-04:00,15.539755089744935,15.732267322738235,15.490508816910705,15.64272689819336,43050,0.0,0.0
2007-05-25 00:00:00-04:00,15.696445681259634,15.884481147699786,15.584520509816615,15.597951889038086,23700,0.0,0.0
2007-05-29 00:00:00-04:00,15.508409797239713,15.830756485441434,15.356191773117724,15.647197723388672,69300,0.0,0.0
2007-05-30 00:00:00-04:00,15.423347784349772,15.835233593209432,15.36066886864511,15.58004379272461,46800,0.0,0.0
2007-05-31 00:00:00-04:00,15.19054726142665,15.606909893053713,15.060712692120207,15.584525108337402,84900,0.0,0.0
2007-06-01 00:00:00-04:00,15.360675625763525,15.36963030946911,14.81000164493515,15.020421981811523,100950,0.0,0.0
2007-06-04 00:00:00-04:00,14.917445172171758,15.083094596862793,14.836858169338281,15.083094596862793,43800,0.0,0.0
2007-06-05 00:00:00-04:00,15.083091046518048,15.665105448111682,15.083091046518048,15.472593307495117,66750,0.0,0.0
2007-06-06 00:00:00-04:00,15.445735174594315,15.669585555084034,15.306947221393948,15.494982719421387,61200,0.0,0.0
2007-06-07 00:00:00-04:00,15.44573705103359,15.633772571904691,15.392012799482872,15.459168434143066,109650,0.0,0.0
2007-06-08 00:00:00-04:00,15.409918988335203,15.432303770173489,15.141297763614675,15.275609016418457,54000,0.0,0.0
2007-06-11 00:00:00-04:00,15.250772955911678,15.661736689738584,15.250772955911678,15.539802551269531,58200,0.19667,0.0
2007-06-12 00:00:00-04:00,15.444971441861256,15.6662598098036,15.14691150978318,15.318521499633789,41550,0.0,0.0
2007-06-13 00:00:00-04:00,15.241738634554165,15.277867165751555,14.81722774695572,14.97077465057373,30150,0.0,0.0
2007-06-14 00:00:00-04:00,15.015936056697697,15.30948005154056,14.934646214954236,15.137868881225586,33450,0.0,0.0
2007-06-15 00:00:00-04:00,15.061093855822923,15.490120426338528,15.061093855822923,15.381734848022461,31800,0.0,0.0
2007-06-18 00:00:00-04:00,15.2688326741972,15.64366514256246,15.178511363978233,15.377218246459961,32250,0.0,0.0
2007-06-19 00:00:00-04:00,15.300453648220172,15.612063330680582,15.300453648220172,15.517226219177246,37500,0.0,0.0
2007-06-20 00:00:00-04:00,15.517224021524724,15.5985125935696,15.381741345371854,15.530771255493164,36600,0.0,0.0
2007-06-21 00:00:00-04:00,15.621088212126775,15.621088212126775,14.970774650573729,14.97077465057373,28950,0.0,0.0
2007-06-22 00:00:00-04:00,14.970774575199357,15.070128681521055,14.677230583713026,14.903033256530762,25800,0.0,0.0
2007-06-25 00:00:00-04:00,14.88948426836672,14.925612798251445,14.67271308905838,14.681744575500488,41700,0.0,0.0
2007-06-26 00:00:00-04:00,14.79013273704421,15.187547926941738,14.401751619276038,14.609491348266602,22500,0.0,0.0
2007-06-27 00:00:00-04:00,14.60949311736213,15.04755134842022,14.577880321373177,15.038519859313965,18900,0.0,0.0
2007-06-28 00:00:00-04:00,14.907549926644103,15.291416561591017,14.857872870395003,15.259803771972656,15750,0.0,0.0
2007-06-29 00:00:00-04:00,15.332055376594816,15.65721206011411,15.151412774639653,15.463022232055664,46800,0.0,0.0
2007-07-02 00:00:00-04:00,15.553349721172241,15.557866757436889,15.309482737276776,15.472061157226562,25650,0.0,0.0
2007-07-03 00:00:00-04:00,15.55335618459787,15.89206168992858,15.548840438515066,15.801741600036621,30300,0.0,0.0
2007-07-05 00:00:00-04:00,15.873987077186522,16.03205100775097,15.697860174052568,15.964309692382812,37050,0.0,0.0
2007-07-06 00:00:00-04:00,15.964306256640084,16.461072780959807,15.964306256640084,16.221721649169922,85050,0.0,0.0
2007-07-09 00:00:00-04:00,16.26688696801089,16.33914532662925,15.733991748159342,16.21269416809082,107550,0.0,0.0
2007-07-10 00:00:00-04:00,16.32560225644223,16.43850363763726,15.69335271286789,16.37979507446289,51000,0.0,0.0
2007-07-11 00:00:00-04:00,16.266888484069586,16.34366259348866,16.104310069157222,16.244308471679688,38700,0.0,0.0
2007-07-12 00:00:00-04:00,16.032053904575434,16.822364655791677,15.801734165942213,16.488176345825195,82650,0.0,0.0
2007-07-13 00:00:00-04:00,16.38882130387833,16.583012495797373,16.11334155705168,16.415918350219727,38250,0.0,0.0
2007-07-16 00:00:00-04:00,16.30301825037711,16.51075668927417,15.919151580926114,16.388822555541992,61050,0.0,0.0
2007-07-17 00:00:00-04:00,16.361726424230604,16.483659263110088,16.163019477985312,16.248825073242188,61650,0.0,0.0
2007-07-18 00:00:00-04:00,16.235271515257107,16.339141346147418,15.955274804519389,16.11785316467285,56250,0.0,0.0
2007-07-19 00:00:00-04:00,16.054634132742624,16.456563775732942,16.054634132742624,16.081729888916016,65550,0.0,0.0
2007-07-20 00:00:00-04:00,16.208184861500815,16.208184861500815,15.851415130655248,15.887543678283691,32550,0.0,0.0
2007-07-23 00:00:00-04:00,15.788191863283021,16.18560591349891,15.788191863283021,15.883028984069824,28200,0.0,0.0
2007-07-24 00:00:00-04:00,15.887540659490607,16.11334468529272,15.034002914905349,15.133357048034668,107400,0.0,0.0
2007-07-25 00:00:00-04:00,15.214643805220645,15.40883630375177,15.04754964712009,15.228192329406738,88650,0.0,0.0
2007-07-26 00:00:00-04:00,14.948196082259349,14.966259057540716,14.483039583189584,14.821744918823242,25500,0.0,0.0
2007-07-27 00:00:00-04:00,14.677226975007025,15.015932193013988,14.677226975007025,14.70883846282959,20850,0.0,0.0
2007-07-30 00:00:00-04:00,14.90303467044558,14.993356006553483,14.401750932032135,14.442395210266113,52200,0.0,0.0
2007-07-31 00:00:00-04:00,14.559813581452719,14.726907730102539,14.496588000199198,14.726907730102539,27000,0.0,0.0
2007-08-01 00:00:00-04:00,14.763041670496287,15.851415137303702,14.763041670496287,15.300454139709473,109350,0.0,0.0
2007-08-02 00:00:00-04:00,15.174008540392522,15.752065467163643,15.133364235743716,15.332071304321289,45750,0.0,0.0
2007-08-03 00:00:00-04:00,15.345617154550743,15.350132900487122,14.78110756661775,14.948203086853027,19500,0.0,0.0
2007-08-06 00:00:00-04:00,15.061093338179415,15.061093338179415,14.464971385871493,14.988836288452148,22350,0.0,0.0
2007-08-07 00:00:00-04:00,14.722392190441909,14.98884045845349,14.474008189887751,14.930131912231445,16800,0.0,0.0
2007-08-08 00:00:00-04:00,15.083679271740884,15.806250053015024,14.257238617643967,14.374655723571777,64650,0.0,0.0
2007-08-09 00:00:00-04:00,14.252719879217022,14.903033445752845,14.252719879217022,14.42432975769043,105900,0.0,0.0
2007-08-10 00:00:00-04:00,14.496588379891067,15.575929988849838,14.496588379891067,15.192063331604004,83100,0.0,0.0
2007-08-13 00:00:00-04:00,15.196582308086949,15.196582308086949,14.49659146356834,14.894006729125977,30150,0.0,0.0
2007-08-14 00:00:00-04:00,14.839810536739629,14.839810536739629,14.24820416395917,14.293365478515625,11850,0.0,0.0
2007-08-15 00:00:00-04:00,14.243690132034034,14.41530133909243,12.645001627996335,12.974674224853516,108150,0.0,0.0
2007-08-16 00:00:00-04:00,12.911449580442863,14.297883987426756,12.766935413207873,14.297883987426758,98250,0.0,0.0
2007-08-17 00:00:00-04:00,14.135300513014577,14.586907124720788,13.86433654599085,14.0404634475708,33000,0.0,0.0
2007-08-20 00:00:00-04:00,14.315945143504191,14.722391796448255,13.909498490560127,14.067561149597168,36000,0.0,0.0
2007-08-21 00:00:00-04:00,14.135306939414003,15.043037610672828,14.090145611682424,14.334013938903809,25050,0.0,0.0
2007-08-22 00:00:00-04:00,14.586910674733993,14.785618924302419,14.094659671189733,14.383687973022461,41100,0.0,0.0
2007-08-23 00:00:00-04:00,14.541750640219936,15.119807243552199,14.46497652854605,14.808198928833008,24300,0.0,0.0
2007-08-24 00:00:00-04:00,14.767550894524813,14.98883912016412,14.112720288616485,14.13530158996582,20100,0.0,0.0
2007-08-27 00:00:00-04:00,14.099172688818248,14.85335609107963,14.099172688818248,14.62303638458252,44550,0.0,0.0
2007-08-28 00:00:00-04:00,14.72239277050793,14.767552794901643,14.279817554334311,14.564330101013184,23550,0.0,0.0
2007-08-29 00:00:00-04:00,14.329496270688782,14.59142883543896,13.814663922346,13.84175968170166,32850,0.0,0.0
2007-08-30 00:00:00-04:00,13.968211547308796,14.496591155088987,13.91401873389394,14.388205528259277,37950,0.0,0.0
2007-08-31 00:00:00-04:00,14.451425649530336,14.871420801009053,14.275300025939941,14.275300025939941,41700,0.0,0.0
2007-09-04 00:00:00-04:00,14.139818437528861,14.198526983093364,13.89143443975663,13.986272811889648,13800,0.0,0.0
2007-09-05 00:00:00-04:00,13.99981854219572,14.392716599620385,13.557242144658124,13.868851661682129,51150,0.0,0.0
2007-09-06 00:00:00-04:00,13.846277410500608,13.963694527009155,13.561764816721192,13.796600341796875,62850,0.0,0.0
2007-09-07 00:00:00-04:00,13.43531164446205,14.577878887853068,13.43531164446205,14.510137557983398,37200,0.0,0.0
2007-09-10 00:00:00-04:00,14.460459629052034,14.672715094144898,13.909498826989882,14.293365478515625,36150,0.0,0.0
2007-09-11 00:00:00-04:00,14.277416188575671,14.560047426595842,14.263741493225096,14.263741493225098,55800,0.19667,0.0
2007-09-12 00:00:00-04:00,14.263732272227612,14.724145990100016,14.254614510339769,14.601064682006836,26100,0.0,0.0
2007-09-13 00:00:00-04:00,14.532693677942722,14.646658588316866,13.908171655469586,14.409613609313965,35700,0.0,0.0
2007-09-14 00:00:00-04:00,14.505341735496954,14.505341735496954,14.003899824892827,14.418728828430176,16800,0.0,0.0
2007-09-17 00:00:00-04:00,14.509900641073992,14.509900641073992,14.277413902542595,14.450639724731445,17250,0.0,0.0
2007-09-18 00:00:00-04:00,14.359468717752971,15.243829457021794,14.213594888942849,14.815325736999512,34950,0.0,0.0
2007-09-19 00:00:00-04:00,14.929285345636785,15.193682264825437,14.683123955978758,15.157215118408203,47400,0.0,0.0
2007-09-20 00:00:00-04:00,15.06148725342344,15.48087451354737,14.72871290568318,15.348676681518555,88200,0.0,0.0
2007-09-21 00:00:00-04:00,15.257508464474197,15.489995251058236,15.015903909683354,15.421616554260254,46050,0.0,0.0
2007-09-24 00:00:00-04:00,15.476306181951527,15.690558555412565,14.929278373718262,14.929278373718262,51150,0.0,0.0
2007-09-25 00:00:00-04:00,14.952082633972168,15.107072933626462,14.063163613990545,14.952082633972168,67050,0.0,0.0
2007-09-26 00:00:00-04:00,14.883702553333736,15.111631054338929,14.774297185862808,15.08427906036377,27450,0.0,0.0
2007-09-27 00:00:00-04:00,14.993105012475603,15.43528593172514,14.974870788100816,15.266619682312012,29400,0.0,0.0
2007-09-28 00:00:00-04:00,15.357794875747418,15.64498433623052,15.102515645143562,15.471759796142578,32400,0.0,0.0
2007-10-01 00:00:00-04:00,15.307649113720878,15.954963543318502,15.029576163841387,15.635865211486816,129450,0.0,0.0
2007-10-02 00:00:00-04:00,15.54469257842223,15.882026409683993,15.157215604095848,15.248385429382324,76350,0.0,0.0
2007-10-03 00:00:00-04:00,15.36235337547881,15.398821834534019,14.87458610534668,14.87458610534668,61500,0.0,0.0
2007-10-04 00:00:00-04:00,15.034132743849359,15.175447002227788,14.76061807859084,14.883699417114258,65400,0.0,0.0
2007-10-05 00:00:00-04:00,15.043255284461315,15.512787070098062,14.769741812859586,15.430733680725098,46800,0.0,0.0
2007-10-08 00:00:00-04:00,15.54469235038533,15.54469235038533,15.120745626262954,15.316763877868652,47100,0.0,0.0
2007-10-09 00:00:00-04:00,15.193685885247257,15.48999309539795,14.810767062368578,15.48999309539795,90300,0.0,0.0
2007-10-10 00:00:00-04:00,15.521908275262502,15.521908275262502,15.161780494300805,15.330448150634766,22350,0.0,0.0
2007-10-11 00:00:00-04:00,15.23926840308791,15.567484457113771,15.23926840308791,15.503664016723633,34200,0.0,0.0
2007-10-12 00:00:00-04:00,15.56292458292537,15.567482812696126,15.380582349949877,15.499105453491211,20700,0.0,0.0
2007-10-15 00:00:00-04:00,15.55837011607173,15.562929651541987,15.262064217037727,15.444406509399414,48300,0.0,0.0
2007-10-16 00:00:00-04:00,15.298533775375173,15.622191693639806,15.239272852150888,15.572047233581543,35100,0.0,0.0
2007-10-17 00:00:00-04:00,15.499112628092316,15.62675094604492,15.316769006494706,15.626750946044922,21450,0.0,0.0
2007-10-18 00:00:00-04:00,15.489985753209105,15.654093742370607,15.448957777757958,15.654093742370605,22500,0.0,0.0
2007-10-19 00:00:00-04:00,15.676894813330767,15.676894813330767,15.26662526692653,15.40338134765625,54150,0.0,0.0
2007-10-22 00:00:00-04:00,15.27573794924918,15.61763002277004,15.148098363528103,15.613070487976074,23400,0.0,0.0
2007-10-23 00:00:00-04:00,15.521904837925673,15.61307469091114,15.09339974697541,15.430733680725098,48150,0.0,0.0
2007-10-24 00:00:00-04:00,15.2301543116095,15.699686050415037,15.180011158311805,15.699686050415039,45000,0.0,0.0
2007-10-25 00:00:00-04:00,15.599390854885215,15.945841049241713,15.467193080460662,15.526453971862793,67200,0.0,0.0
2007-10-26 00:00:00-04:00,15.535573990240277,15.790853139318104,15.31676329103071,15.768060684204102,41550,0.0,0.0
2007-10-29 00:00:00-04:00,15.809087073463548,16.068924426505852,15.407932861171103,15.777176856994629,81450,0.0,0.0
2007-10-30 00:00:00-04:00,15.768069974273255,16.24216010188019,15.448970197814727,16.196575164794922,44550,0.0,0.0
2007-10-31 00:00:00-04:00,16.283182620774067,16.296857314760256,15.923056261504938,16.146425247192383,47250,0.0,0.0
2007-11-01 00:00:00-04:00,16.1874518669639,16.1874518669639,15.959524650942045,16.09172248840332,31800,0.0,0.0
2007-11-02 00:00:00-04:00,16.014228599458306,16.182896213307753,15.954966370920088,16.100841522216797,24150,0.0,0.0
2007-11-05 00:00:00-05:00,15.699684494678532,16.109955272613007,15.699684494678532,15.954963684082031,28200,0.0,0.0
2007-11-06 00:00:00-05:00,15.863794185948086,16.050694698960502,15.708802594127267,15.982316017150879,16650,0.0,0.0
2007-11-07 00:00:00-05:00,16.046135585963974,16.132747186999556,15.717919496376526,15.80453109741211,57300,0.0,0.0
2007-11-08 00:00:00-05:00,15.68144549997732,15.945842375023462,15.594833922347828,15.727031707763672,39600,0.0,0.0
2007-11-09 00:00:00-05:00,15.681449668649979,15.863793244054165,15.531017620972436,15.772622108459473,50700,0.0,0.0
2007-11-12 00:00:00-05:00,15.809087327259238,15.827321550646417,15.435285095714786,15.531014442443848,17400,0.0,0.0
2007-11-13 00:00:00-05:00,15.499107765205205,15.558367369492736,15.3851428744366,15.535574913024902,32250,0.0,0.0
2007-11-14 00:00:00-05:00,15.581160818125731,15.88658442385085,15.531016371528985,15.763503074645996,19200,0.0,0.0
2007-11-15 00:00:00-05:00,15.818201377330757,16.388021749542872,15.654093391843963,16.178327560424805,47400,0.0,0.0
2007-11-16 00:00:00-05:00,16.58404414964216,16.58404414964216,16.192008928467295,16.38802719116211,23250,0.0,0.0
2007-11-19 00:00:00-05:00,16.529341325435432,16.529341325435432,15.809090030587326,16.064369201660156,38100,0.0,0.0
2007-11-20 00:00:00-05:00,15.745275056265163,16.196572645121872,15.745275056265163,15.936735153198242,16800,0.0,0.0
2007-11-21 00:00:00-05:00,15.945846613981988,16.000549295338804,15.772622108459473,15.772622108459473,30900,0.0,0.0
2007-11-23 00:00:00-05:00,15.73159361253874,15.89570295553774,15.581161569706875,15.613070487976074,12750,0.0,0.0
2007-11-26 00:00:00-05:00,15.284857776411094,15.572047233581545,15.207362622639716,15.572047233581543,56250,0.0,0.0
2007-11-27 00:00:00-05:00,15.508218449405527,15.758939289804118,15.508218449405527,15.676884651184082,18600,0.0,0.0
2007-11-28 00:00:00-05:00,15.658650431958987,15.809083718726683,15.622181993508802,15.676884651184082,15600,0.0,0.0
2007-11-29 00:00:00-05:00,15.676894566109768,15.676894566109768,15.321327718447641,15.471759796142578,17550,0.0,0.0
2007-11-30 00:00:00-05:00,15.54013293080546,15.54013293080546,15.36234891843762,15.385141372680664,8550,0.0,0.0
2007-12-03 00:00:00-05:00,15.43073101599857,15.43073101599857,15.066045145958606,15.09339714050293,21600,0.0,0.0
2007-12-04 00:00:00-05:00,15.207365841500623,15.21648230659628,14.792536682695888,15.061491966247559,19950,0.0,0.0
2007-12-05 00:00:00-05:00,15.271178436917944,15.366909104510633,15.211918830871584,15.211918830871582,23850,0.0,0.0
2007-12-06 00:00:00-05:00,15.088838909483837,15.243829197852053,15.047810917667352,15.09339714050293,24300,0.0,0.0
2007-12-07 00:00:00-05:00,15.134420902825955,15.293970695589334,14.911051975486004,15.056925773620605,58050,0.0,0.0
2007-12-10 00:00:00-05:00,15.075160674679573,15.207358484115971,14.961195786613322,15.088836669921875,20550,0.0,0.0
2007-12-11 00:00:00-05:00,15.175448385739552,15.24838528866743,14.696800286329031,14.733268737792969,20400,0.0,0.0
2007-12-12 00:00:00-05:00,14.733274124780266,15.079724540361767,14.733274124780266,14.993111610412598,46800,0.0,0.0
2007-12-13 00:00:00-05:00,14.888259105817284,15.038692447291718,14.678566160578683,15.020458221435547,39300,0.0,0.0
2007-12-14 00:00:00-05:00,14.953762340471593,15.027359467487896,14.314399719238281,14.314399719238281,37500,0.19667,0.0
2007-12-17 00:00:00-05:00,14.052216863684311,14.383398088882128,13.610641896753888,14.130412101745605,90450,0.0,0.0
2007-12-18 00:00:00-05:00,14.328197123061978,14.34659607475905,13.854423787863178,14.250001907348633,80850,0.0,0.0
2007-12-19 00:00:00-05:00,14.268404944348905,14.4707934709642,14.259206123864995,14.374197959899902,38100,0.0,0.0
2007-12-20 00:00:00-05:00,14.438586475083214,14.479985090903439,14.305194444541874,14.387989044189453,32550,0.0,0.0
2007-12-21 00:00:00-05:00,14.447791856949303,14.86636836283755,14.29140009989341,14.742175102233887,36300,0.0,0.0
2007-12-24 00:00:00-05:00,14.709980520282866,15.004365159903626,14.709980520282866,14.930768013000488,9750,0.0,0.0
2007-12-26 00:00:00-05:00,14.88477831859369,14.99057270457097,14.67778895924739,14.83418083190918,22200,0.0,0.0
2007-12-27 00:00:00-05:00,14.581182445475001,14.792771039393077,14.479988873250932,14.512186050415039,34050,0.0,0.0
2007-12-28 00:00:00-05:00,14.62258051544768,14.792771807566346,14.387993549660019,14.5167875289917,35850,0.0,0.0
2007-12-31 00:00:00-05:00,14.535188632892597,14.686979679582745,14.535188632892597,14.650181770324707,16500,0.0,0.0
2008-01-02 00:00:00-05:00,14.765171228597866,14.916963553461716,14.07981066844308,14.162605285644531,60150,0.0,0.0
2008-01-03 00:00:00-05:00,14.093613771799081,14.181009143756832,13.900425387468438,14.029216766357422,37950,0.0,0.0
2008-01-04 00:00:00-05:00,13.964818003223,14.530586117373822,13.964818003223,14.332797050476074,51150,0.0,0.0
2008-01-07 00:00:00-05:00,14.378799076954904,14.387997897688837,13.882027225396921,14.09361457824707,57300,0.0,0.0
2008-01-08 00:00:00-05:00,14.277601302592448,14.42939365837451,14.116610127912857,14.23160457611084,17400,0.0,0.0
2008-01-09 00:00:00-05:00,14.190214144108007,15.225156784057617,14.098218014514707,15.225156784057617,95100,0.0,0.0
2008-01-10 00:00:00-05:00,15.206754123766128,15.455139402079956,15.022763225315142,15.16995620727539,100500,0.0,0.0
2008-01-11 00:00:00-05:00,15.202152349263383,15.340145184589915,14.834173209722241,15.077959060668945,35850,0.0,0.0
2008-01-14 00:00:00-05:00,15.077951933841858,15.413733726958599,14.89856185910774,14.939960479736328,29100,0.0,0.0
2008-01-15 00:00:00-05:00,14.811171451758945,14.861768900861811,14.047614254014642,14.42019271850586,52050,0.0,0.0
2008-01-16 00:00:00-05:00,14.35119879425221,14.35119879425221,13.684235654379128,13.707235336303711,60900,0.0,0.0
2008-01-17 00:00:00-05:00,13.661234313038479,14.006214990802045,13.661234313038479,13.693432807922363,20400,0.0,0.0
2008-01-18 00:00:00-05:00,13.684231721504904,13.716430214147705,13.06786753261129,13.316252708435059,54900,0.0,0.0
2008-01-22 00:00:00-05:00,13.01727342939423,13.26105925910639,12.962076563270886,13.178264617919922,29250,0.0,0.0
2008-01-23 00:00:00-05:00,13.044867351232336,13.339249204573232,12.888475634523518,13.155261039733887,31800,0.0,0.0
2008-01-24 00:00:00-05:00,13.293254606767356,13.3576515933011,12.879278867038476,12.966672897338867,33150,0.0,0.0
2008-01-25 00:00:00-05:00,12.948279313714808,13.109270530787278,12.929880355077877,13.063272476196289,28950,0.0,0.0
2008-01-28 00:00:00-05:00,13.086270681233382,13.233462333679197,12.957477985343292,13.2334623336792,22650,0.0,0.0
2008-01-29 00:00:00-05:00,13.270254549853185,13.509440882394635,13.063265390464085,13.10926342010498,32850,0.0,0.0
2008-01-30 00:00:00-05:00,13.13226740106525,13.656638320360656,13.13226740106525,13.555444717407227,26700,0.0,0.0
2008-01-31 00:00:00-05:00,13.555443533859533,13.849826812744139,13.477246988408012,13.84982681274414,15750,0.0,0.0
2008-02-01 00:00:00-05:00,13.845224275367661,13.854423092756257,13.638235092163088,13.638235092163086,27000,0.0,0.0
2008-02-04 00:00:00-05:00,13.642839802629343,14.323602561815079,13.587642928857306,14.066017150878906,67800,0.0,0.0
2008-02-05 00:00:00-05:00,13.997017957226657,14.015416911506325,13.688835144042967,13.688835144042969,15300,0.0,0.0
2008-02-06 00:00:00-05:00,13.675041455160368,13.822233152427064,13.491051833576998,13.495651245117188,56700,0.0,0.0
2008-02-07 00:00:00-05:00,13.541644211979929,13.721034354507852,13.454248845620544,13.661236763000488,65400,0.0,0.0
2008-02-08 00:00:00-05:00,13.661236054624958,13.799228869720974,13.624439462062638,13.688835144042969,40800,0.0,0.0
2008-02-11 00:00:00-05:00,13.730233717842738,13.8682265455586,13.527845202257375,13.77623176574707,60000,0.0,0.0
2008-02-12 00:00:00-05:00,13.799232803602488,13.87282864170184,13.721037554621274,13.808431625366211,115800,0.0,0.0
2008-02-13 00:00:00-05:00,14.001618667911957,14.038416579890777,13.955621935937003,14.020017623901367,77850,0.0,0.0
2008-02-14 00:00:00-05:00,13.94182419195159,14.102815406666611,13.767033429461609,13.900426864624023,67950,0.0,0.0
2008-02-15 00:00:00-05:00,13.928021796005735,14.056814478241202,13.615239567719605,13.822227478027344,96600,0.0,0.0
2008-02-19 00:00:00-05:00,13.790030933780299,14.043015584330703,13.78543020791796,13.987818717956543,78000,0.0,0.0
2008-02-20 00:00:00-05:00,13.914223967344372,14.296001299384974,13.84062683080977,14.107412338256836,114300,0.0,0.0
2008-02-21 00:00:00-05:00,14.006218221151103,14.360399114567283,13.725634468442374,13.780831336975098,74700,0.0,0.0
2008-02-22 00:00:00-05:00,13.790028744409666,13.790028744409666,13.454246873612702,13.532442092895508,42900,0.0,0.0
2008-02-25 00:00:00-05:00,13.504847163390812,13.652038814654237,13.376054468535317,13.463448524475098,41100,0.0,0.0
2008-02-26 00:00:00-05:00,13.477245985401204,13.707233562912146,13.431249259497195,13.537043571472168,61350,0.0,0.0
2008-02-27 00:00:00-05:00,13.836025147961216,14.029213487135554,13.592239361480507,13.629035949707031,59700,0.0,0.0
2008-02-28 00:00:00-05:00,13.633638705191892,13.790030479431152,13.445049746959688,13.790030479431152,29550,0.0,0.0
2008-02-29 00:00:00-05:00,13.698037918767518,13.698037918767518,13.155269268780492,13.182867050170898,29550,0.0,0.0
2008-03-03 00:00:00-05:00,13.201261141504672,13.297855314745936,12.773484501727664,13.054069519042969,59550,0.0,0.0
2008-03-04 00:00:00-05:00,13.049474244216587,13.104671120127376,12.883882300486889,13.063272476196289,21450,0.0,0.0
2008-03-05 00:00:00-05:00,13.109266886371948,13.17826329107856,12.975874802336934,13.031071662902832,22500,0.0,0.0
2008-03-06 00:00:00-05:00,13.28405694578045,13.28405694578045,12.690690994262695,12.690690994262695,26700,0.0,0.0
2008-03-07 00:00:00-05:00,12.534300463611823,13.242659547054302,12.51590019329166,13.173663139343262,48000,0.0,0.0
2008-03-10 00:00:00-04:00,13.224258653959211,13.224258653959211,12.630891536080261,12.71828556060791,54750,0.0,0.0
2008-03-11 00:00:00-04:00,12.808953380331047,13.678380929294773,12.76710962224865,13.613290786743164,57000,0.19667,0.0
2008-03-12 00:00:00-04:00,13.613291464056589,14.157264336759749,13.613291464056589,13.994538307189941,52950,0.0,0.0
2008-03-13 00:00:00-04:00,13.855057877589516,13.855057877589516,13.352928745315916,13.696979522705078,30600,0.0,0.0
2008-03-14 00:00:00-04:00,13.95734372055977,13.95734372055977,13.603993566540492,13.608642578125,29250,0.0,0.0
2008-03-17 00:00:00-04:00,13.62259004407133,14.157264916494569,13.515654803548841,13.948044776916504,48450,0.0,0.0
2008-03-18 00:00:00-04:00,14.04103089034047,14.166563499340777,13.683031767818026,13.738823890686035,44400,0.0,0.0
2008-03-19 00:00:00-04:00,13.738823809213514,14.2549012752295,13.659783971310697,13.864355087280273,42600,0.0,0.0
2008-03-20 00:00:00-04:00,13.831805157352354,14.22700023651123,13.738819644831118,14.22700023651123,27450,0.0,0.0
2008-03-24 00:00:00-04:00,14.185163125436933,14.222357879920043,13.882956077809,13.91085147857666,18150,0.0,0.0
2008-03-25 00:00:00-04:00,13.906201843253836,14.134019371700118,13.841110360732449,14.031734466552734,25350,0.0,0.0
2008-03-26 00:00:00-04:00,14.031732938909439,14.180510603783768,13.696978869827491,14.05497932434082,14250,0.0,0.0
2008-03-27 00:00:00-04:00,14.073576627894093,14.194458895680214,13.715577505371648,13.738823890686035,13050,0.0,0.0
2008-03-28 00:00:00-04:00,13.831806191615001,14.017781221129786,13.82715851186788,13.855053901672363,21000,0.0,0.0
2008-03-31 00:00:00-04:00,13.831803342083933,13.971284252937936,13.594687921933804,13.780661582946777,11850,0.0,0.0
2008-04-01 00:00:00-04:00,13.84110997137338,14.278148969753408,13.664434235376143,14.147967338562012,21300,0.0,0.0
2008-04-02 00:00:00-04:00,14.245602498639178,14.245602498639178,14.1340182490563,14.166563987731934,6900,0.0,0.0
2008-04-03 00:00:00-04:00,14.087524293879488,14.222354918256292,13.827161066715766,13.985238075256348,8400,0.0,0.0
2008-04-04 00:00:00-04:00,13.952693100140115,14.180510603783768,13.952693100140115,14.05497932434082,15300,0.0,0.0
2008-04-07 00:00:00-04:00,14.124714878695364,14.40367675349052,14.092170479466224,14.385079383850098,55500,0.0,0.0
2008-04-08 00:00:00-04:00,14.408333240723804,14.501320137182542,14.273502573406006,14.292099952697754,33300,0.0,0.0
2008-04-09 00:00:00-04:00,14.282796856970048,14.561757473280178,14.217706711592257,14.445524215698242,43650,0.0,0.0
2008-04-10 00:00:00-04:00,14.45947185404339,14.519912985332699,14.301393514299342,14.464120864868164,36300,0.0,0.0
2008-04-11 00:00:00-04:00,14.394383641918697,14.394383641918697,14.120073318481445,14.120073318481445,17550,0.0,0.0
2008-04-14 00:00:00-04:00,14.08752284371267,14.35253505439103,13.73882179639492,13.785314559936523,40500,0.0,0.0
2008-04-15 00:00:00-04:00,13.734173657720445,14.152615247623116,13.692329897786921,13.980589866638184,20250,0.0,0.0
2008-04-16 00:00:00-04:00,14.017785137759255,14.408330015463694,13.948044648479021,14.171213150024414,33450,0.0,0.0
2008-04-17 00:00:00-04:00,14.152615325672418,14.152615325672418,13.859706344144119,13.994538307189941,26700,0.0,0.0
2008-04-18 00:00:00-04:00,14.087528228759764,14.087528228759764,13.901553112936389,14.087528228759766,9000,0.0,0.0
2008-04-21 00:00:00-04:00,14.110773668750612,14.110773668750612,13.808565289813663,13.836462020874023,18000,0.0,0.0
2008-04-22 00:00:00-04:00,13.83645681095867,13.896897931912099,13.650483107879769,13.724872589111328,27750,0.0,0.0
2008-04-23 00:00:00-04:00,13.720224728477366,13.720224728477366,13.594693453854132,13.701628684997559,15600,0.0,0.0
2008-04-24 00:00:00-04:00,13.664433598418047,13.776017848523535,13.529602962087877,13.603992462158203,15300,0.0,0.0
2008-04-25 00:00:00-04:00,13.576099730157171,14.101475345004907,13.55285200917902,13.762073516845703,15150,0.0,0.0
2008-04-28 00:00:00-04:00,13.71557288652513,13.771364990604631,13.529597876071442,13.720220565795898,22350,0.0,0.0
2008-04-29 00:00:00-04:00,13.766718134127645,13.766718134127645,13.548198671980632,13.645835876464844,13950,0.0,0.0
2008-04-30 00:00:00-04:00,13.706282917318642,13.827166557312012,13.603996658078898,13.827166557312012,21450,0.0,0.0
2008-05-01 00:00:00-04:00,13.734172399299574,13.734172399299574,13.613290141636774,13.645835876464844,16050,0.0,0.0
2008-05-02 00:00:00-04:00,13.645836324312304,13.645836324312304,13.413368492439673,13.497056007385254,23550,0.0,0.0
2008-05-05 00:00:00-04:00,13.497050231134144,13.543544309686508,12.785700007583625,13.208791732788086,65400,0.0,0.0
2008-05-06 00:00:00-04:00,13.250642138998083,13.250642138998083,12.836850883581905,12.957733154296875,102300,0.0,0.0
2008-05-07 00:00:00-04:00,12.901944205294948,13.222748665962676,12.901944205294948,13.143710136413574,60750,0.0,0.0
2008-05-08 00:00:00-04:00,13.194852060921308,14.822123268102954,12.985631895200328,13.627242088317871,67200,0.0,0.0
2008-05-09 00:00:00-04:00,13.552845779804839,13.808559951513521,13.204144757491983,13.622586250305176,33750,0.0,0.0
2008-05-12 00:00:00-04:00,13.72487960294701,13.72487960294701,13.455216930582258,13.483112335205078,30300,0.0,0.0
2008-05-13 00:00:00-04:00,13.529602811777295,13.613291663521242,13.441264948877897,13.599343299865723,24450,0.0,0.0
2008-05-14 00:00:00-04:00,13.585392553091696,13.585392553091696,13.366874435036634,13.422666549682617,29850,0.0,0.0
2008-05-15 00:00:00-04:00,13.413368910269591,13.515653801743623,13.250641555908658,13.30643367767334,32100,0.0,0.0
2008-05-16 00:00:00-04:00,13.250634432341066,13.39011532686212,13.222737721361499,13.269231796264648,22050,0.0,0.0
2008-05-19 00:00:00-04:00,13.255293602114637,13.37617722537996,13.115813930858632,13.148358345031738,65100,0.0,0.0
2008-05-20 00:00:00-04:00,13.153003745170196,13.278536333266157,13.153003745170196,13.241341590881348,21600,0.0,0.0
2008-05-21 00:00:00-04:00,13.204145611117339,13.27388608612628,13.115809094974198,13.134405136108398,19050,0.0,0.0
2008-05-22 00:00:00-04:00,13.204143468701945,13.227391176725524,13.11580696689169,13.139053344726562,12900,0.0,0.0
2008-05-23 00:00:00-04:00,13.194847464801892,13.194847464801892,12.976328021290486,13.055366516113281,16200,0.0,0.0
2008-05-27 00:00:00-04:00,12.953083758449791,13.259939767450383,12.953083758449791,13.236693382263184,12750,0.0,0.0
2008-05-28 00:00:00-04:00,13.343626906251869,13.343626906251869,13.073965680186593,13.092561721801758,11700,0.0,0.0
2008-05-29 00:00:00-04:00,13.106512841418937,13.1297605587082,12.948435812911663,13.01352596282959,45750,0.0,0.0
2008-05-30 00:00:00-04:00,13.069316050705476,13.20879701192013,12.90193969536131,12.911237716674805,65700,0.0,0.0
2008-06-02 00:00:00-04:00,12.878689727360372,13.190195967874347,12.790351898524111,13.101858139038086,76500,0.0,0.0
2008-06-03 00:00:00-04:00,13.055366640532359,13.153003837620444,12.943782412593624,13.134405136108398,44850,0.0,0.0
2008-06-04 00:00:00-04:00,13.171603241891193,13.227395364471697,12.98562949995618,13.097213745117188,35850,0.0,0.0
2008-06-05 00:00:00-04:00,13.12045982299489,13.143706207644993,12.869394612168692,13.064667701721191,49500,0.0,0.0
2008-06-06 00:00:00-04:00,13.13440555513368,13.17160162915551,12.990276920423055,13.106510162353516,42000,0.0,0.0
2008-06-09 00:00:00-04:00,13.064666177571146,13.16695105621229,12.990276691217971,13.087912559509277,28350,0.0,0.0
2008-06-10 00:00:00-04:00,12.99492575911596,13.125107360810524,12.850795796121169,12.939133644104004,45900,0.0,0.0
2008-06-11 00:00:00-04:00,13.040203756887504,13.270545654982373,12.584219141461977,12.617125511169434,42150,0.20333,0.0
2008-06-12 00:00:00-04:00,12.692335820992046,13.345755785599154,12.640626017766262,12.997891426086426,82350,0.0,0.0
2008-06-13 00:00:00-04:00,13.016695992691027,13.143619577050007,12.913277722237039,13.03079891204834,32850,0.0,0.0
2008-06-16 00:00:00-04:00,12.913280101177365,13.209434737597736,12.913280101177365,12.960288047790527,28650,0.0,0.0
2008-06-17 00:00:00-04:00,13.044903726418,13.115416988519495,12.927381174605971,13.016697883605957,35100,0.0,0.0
2008-06-18 00:00:00-04:00,13.06841036953416,13.082513293822325,12.828666036350901,12.880375862121582,27150,0.0,0.0
2008-06-19 00:00:00-04:00,12.814557791483272,12.880370514216803,12.692336084875754,12.833362579345703,46200,0.0,0.0
2008-06-20 00:00:00-04:00,12.833362295660265,12.833362295660265,12.414984690928552,12.541908264160156,42900,0.0,0.0
2008-06-23 00:00:00-04:00,12.471394711339723,12.588915887953657,12.236351013183594,12.236351013183594,40800,0.0,0.0
2008-06-24 00:00:00-04:00,12.302163824900232,12.302163824900232,11.911992063099742,12.038915634155273,53100,0.0,0.0
2008-06-25 00:00:00-04:00,11.968406951820082,12.306869040364711,11.968406951820082,12.22225284576416,51900,0.0,0.0
2008-06-26 00:00:00-04:00,12.30216462563861,12.30216462563861,12.006010055541992,12.006010055541992,46200,0.0,0.0
2008-06-27 00:00:00-04:00,12.08122264655223,12.447890429811544,11.761564139705136,12.19874382019043,651150,0.0,0.0
2008-06-30 00:00:00-04:00,12.1987474363977,12.245756726745391,11.897892281944083,12.090628623962402,71550,0.0,0.0
2008-07-01 00:00:00-04:00,12.114132659597438,12.222251472594346,11.987209054420871,12.194046974182129,42000,0.0,0.0
2008-07-02 00:00:00-04:00,12.292760816289556,12.51370293219922,11.780367378315537,11.977804183959961,50550,0.0,0.0
2008-07-03 00:00:00-04:00,11.9401960977548,12.189342706030274,11.846178890366383,11.855581283569336,13500,0.0,0.0
2008-07-07 00:00:00-04:00,11.949599266052246,11.99660720033145,11.587631985432157,11.949599266052246,70500,0.0,0.0
2008-07-08 00:00:00-04:00,12.015417926688674,12.358580589294434,11.691057371145064,12.358580589294434,95100,0.0,0.0
2008-07-09 00:00:00-04:00,12.358574833230625,12.367977227311464,11.874385833740234,11.874385833740234,63750,0.0,0.0
2008-07-10 00:00:00-04:00,11.94020055272821,12.194047779853246,11.888492078067948,12.175244331359863,41250,0.0,0.0
2008-07-11 00:00:00-04:00,12.588913776148356,12.598316168062906,12.184640512239573,12.34446907043457,33750,0.0,0.0
2008-07-14 00:00:00-04:00,12.55130802470669,12.55130802470669,12.00600824764047,12.109426498413086,27000,0.0,0.0
2008-07-15 00:00:00-04:00,11.987210083007813,12.494903202349088,11.987210083007813,12.339775085449219,33150,0.0,0.0
2008-07-16 00:00:00-04:00,12.363277855380225,12.73934814094723,12.33037283177083,12.560714721679688,45300,0.0,0.0
2008-07-17 00:00:00-04:00,12.668832649945044,12.668832649945044,12.231651574654972,12.382079124450684,38850,0.0,0.0
2008-07-18 00:00:00-04:00,12.349171757926266,12.349171757926266,11.841478818632416,12.038915634155273,49200,0.0,0.0
2008-07-21 00:00:00-04:00,12.170542333046527,12.170542333046527,11.935498582851045,12.015414237976074,35700,0.0,0.0
2008-07-22 00:00:00-04:00,12.015411586473762,12.3773775100708,11.940196473269319,12.3773775100708,41850,0.0,0.0
2008-07-23 00:00:00-04:00,12.302165787933523,12.560713495617502,12.109429465973045,12.396183013916016,29850,0.0,0.0
2008-07-24 00:00:00-04:00,12.457294079434543,12.457294079434543,11.893189430236816,11.893189430236816,67650,0.0,0.0
2008-07-25 00:00:00-04:00,12.010710164779036,12.490198627869527,12.010710164779036,12.433788299560547,38850,0.0,0.0
2008-07-28 00:00:00-04:00,12.414984376126409,12.414984376126409,12.179940678141563,12.363274574279785,21450,0.0,0.0
2008-07-29 00:00:00-04:00,12.447893942740619,12.805159433570346,12.179943815921865,12.800458908081055,54150,0.0,0.0
2008-07-30 00:00:00-04:00,12.852169939702422,13.514992513858374,12.748750299577722,13.439777374267578,129000,0.0,0.0
2008-07-31 00:00:00-04:00,13.50559011706125,13.514992513858374,13.369264105539713,13.439777374267578,46350,0.0,0.0
2008-08-01 00:00:00-04:00,13.571399393694161,13.881655544970787,13.369260691005557,13.72182559967041,83100,0.0,0.0
2008-08-04 00:00:00-04:00,14.102597503920492,14.102597503920492,13.350458342744766,13.41157054901123,36900,0.0,0.0
2008-08-05 00:00:00-04:00,13.623109967223822,13.88635822211082,13.439776024909657,13.641913414001465,46950,0.0,0.0
2008-08-06 00:00:00-04:00,13.684221625127037,13.848750769088246,13.45387840270996,13.453878402709961,37200,0.0,0.0
2008-08-07 00:00:00-04:00,13.373965249540523,13.688923333802414,13.359862327575684,13.359862327575684,35850,0.0,0.0
2008-08-08 00:00:00-04:00,13.397466130581362,13.726527060857238,13.397466130581362,13.707723617553711,31200,0.0,0.0
2008-08-11 00:00:00-04:00,14.097895053641809,14.097895053641809,13.538492292965895,13.782937049865723,60150,0.0,0.0
2008-08-12 00:00:00-04:00,13.679518187210578,13.825245213381548,13.679518187210578,13.72182559967041,37500,0.0,0.0
2008-08-13 00:00:00-04:00,13.862854330353962,13.88165777724077,13.745333123543556,13.759434700012207,34350,0.0,0.0
2008-08-14 00:00:00-04:00,13.609004362059075,13.8487485974259,13.514988491640455,13.674817085266113,49500,0.0,0.0
2008-08-15 00:00:00-04:00,13.627813391115389,13.97097599769399,13.453880479898285,13.961573600769043,84450,0.0,0.0
2008-08-18 00:00:00-04:00,14.046188312519776,14.323539491098243,13.632511134939035,14.173111915588379,92550,0.0,0.0
2008-08-19 00:00:00-04:00,14.083795797720647,14.248326301574707,14.083795797720647,14.248326301574707,29250,0.0,0.0
2008-08-20 00:00:00-04:00,14.33293697702298,14.915843632438403,14.154303619834822,14.864133834838867,67050,0.0,0.0
2008-08-21 00:00:00-04:00,14.723111634445168,15.009865194001966,14.516273728906526,14.807727813720703,54900,0.0,0.0
2008-08-22 00:00:00-04:00,14.737211843410869,14.835930925222181,14.64789515531276,14.81242561340332,34350,0.0,0.0
2008-08-25 00:00:00-04:00,14.845338018984322,14.845338018984322,14.539782290200685,14.619696617126465,47550,0.0,0.0
2008-08-26 00:00:00-04:00,14.746616834738715,14.746616834738715,14.492769643834896,14.66200065612793,29400,0.0,0.0
2008-08-27 00:00:00-04:00,14.723115079559715,14.737218003560388,14.605593851054772,14.652603149414062,37200,0.0,0.0
2008-08-28 00:00:00-04:00,14.723114191671892,14.723114191671892,14.337642810115709,14.53978157043457,53400,0.0,0.0
2008-08-29 00:00:00-04:00,14.492766253045467,14.586783460100486,14.23421859741211,14.23421859741211,28050,0.0,0.0
2008-09-02 00:00:00-04:00,14.384648523472757,14.591486413428406,14.318837140041998,14.445760726928711,40650,0.0,0.0
2008-09-03 00:00:00-04:00,14.426956939607205,14.497470197767756,14.276530717755119,14.332941055297852,35550,0.0,0.0
2008-09-04 00:00:00-04:00,14.238918674654947,14.332937223687482,13.886353823031556,13.938063621520996,38700,0.0,0.0
2008-09-05 00:00:00-04:00,14.032085548077163,14.12140225826759,13.754734366395638,13.820547103881836,30300,0.0,0.0
2008-09-08 00:00:00-04:00,13.477382322413964,14.483368697919975,13.477382322413964,14.281229972839355,42450,0.0,0.0
2008-09-09 00:00:00-04:00,14.15430943443349,14.384651338917621,14.130805460388492,14.187215805053711,37050,0.0,0.0
2008-09-10 00:00:00-04:00,14.36114613364035,14.36114613364035,14.210718560763128,14.224820137023926,26250,0.0,0.0
2008-09-11 00:00:00-04:00,14.293675367038967,14.44088481124388,14.056238456805808,14.398146629333496,28500,0.20333,0.0
2008-09-12 00:00:00-04:00,14.455131624494845,14.502619550975105,14.203449554154243,14.231941223144531,30600,0.0,0.0
2008-09-15 00:00:00-04:00,14.246181220324237,14.33640728832901,13.866283416748047,13.866283416748047,20400,0.0,0.0
2008-09-16 00:00:00-04:00,13.852045162553617,14.417143821716309,13.495890419847317,14.417143821716309,55500,0.0,0.0
2008-09-17 00:00:00-04:00,14.355409630192801,14.355409630192801,14.004003300164038,14.046741485595703,30600,0.0,0.0
2008-09-18 00:00:00-04:00,14.24618607798349,15.623316764831545,14.146463210196702,15.623316764831543,53850,0.0,0.0
2008-09-19 00:00:00-04:00,13.871038426975108,16.54457355390938,13.871038426975108,16.083946228027344,154950,0.0,0.0
2008-09-22 00:00:00-04:00,16.09819534470621,16.09819534470621,15.433373763326708,15.651814460754395,28200,0.0,0.0
2008-09-23 00:00:00-04:00,15.62331593022544,16.079194784230694,15.466608380843008,15.808516502380371,46350,0.0,0.0
2008-09-24 00:00:00-04:00,15.784771583019266,15.784771583019266,15.214924772976751,15.219673156738281,21300,0.0,0.0
2008-09-25 00:00:00-04:00,15.200679086280655,16.02220930088268,15.200679086280655,15.988967895507812,57300,0.0,0.0
2008-09-26 00:00:00-04:00,15.85600638703555,15.884498054719085,15.200681726846957,15.704047203063965,29100,0.0,0.0
2008-09-29 00:00:00-04:00,15.628071069242283,15.765783770533893,15.010736068443308,15.376387596130371,29550,0.0,0.0
2008-09-30 00:00:00-04:00,15.533090427836141,15.808515721717914,15.343141480806631,15.770525932312012,35550,0.0,0.0
2008-10-01 00:00:00-04:00,15.70879001174365,15.822759359266533,15.267157771126138,15.343138694763184,31650,0.0,0.0
2008-10-02 00:00:00-04:00,15.30990056180956,15.30990056180956,14.740052343995172,14.825530052185059,44700,0.0,0.0
2008-10-03 00:00:00-04:00,15.02497703210313,15.423871225571727,14.545356225098123,14.559602737426758,22800,0.0,0.0
2008-10-06 00:00:00-04:00,14.28892187693478,15.153190210193072,14.089476174565606,15.034472465515137,37800,0.0,0.0
2008-10-07 00:00:00-04:00,15.043974115720806,15.428620459411496,13.462646484375,13.462646484375,48600,0.0,0.0
2008-10-08 00:00:00-04:00,13.139734308217939,13.296443248200884,11.43494037827933,11.819586753845215,93450,0.0,0.0
2008-10-09 00:00:00-04:00,11.933554728671098,12.137751572421218,11.150014877319336,11.150014877319336,73800,0.0,0.0
2008-10-10 00:00:00-04:00,10.926822872258924,12.622118113923854,10.41396007515682,12.60787296295166,65100,0.0,0.0
2008-10-13 00:00:00-04:00,13.206216117869,14.469377517700194,13.182471476336124,14.469377517700195,26400,0.0,0.0
2008-10-14 00:00:00-04:00,15.238667564670278,15.419119728076101,13.866285521929745,14.569096565246582,93000,0.0,0.0
2008-10-15 00:00:00-04:00,14.407642943691917,14.407642943691917,13.063752347616244,13.12548542022705,57450,0.0,0.0
2008-10-16 00:00:00-04:00,13.22046156533804,14.53111091864982,12.731342589983132,14.398146629333496,101700,0.0,0.0
2008-10-17 00:00:00-04:00,14.19394981971018,14.839776308150318,13.833046782052456,14.179704666137695,89100,0.0,0.0
2008-10-20 00:00:00-04:00,14.298428132848066,15.66606260060595,14.274684842136818,14.84928035736084,66600,0.0,0.0
2008-10-21 00:00:00-04:00,14.740052532805851,15.053468988687326,14.607088263957792,14.668821334838867,34200,0.0,0.0
2008-10-22 00:00:00-04:00,14.431389738992948,14.78279472278482,14.203450930493636,14.24618911743164,23100,0.0,0.0
2008-10-23 00:00:00-04:00,14.30792293359683,15.020232425737193,13.462649129728367,14.288928031921387,38550,0.0,0.0
2008-10-24 00:00:00-04:00,13.909025620933225,14.174954160695803,13.082746978788448,14.022994995117188,29550,0.0,0.0
2008-10-27 00:00:00-04:00,13.956515958145758,13.956515958145758,12.85006332397461,12.85006332397461,37200,0.0,0.0
2008-10-28 00:00:00-04:00,13.09224685424987,14.046741608518479,12.774081936160334,14.032496452331543,51150,0.0,0.0
2008-10-29 00:00:00-04:00,14.008753166730889,14.407646071036112,13.201467870084288,14.032496452331543,55650,0.0,0.0
2008-10-30 00:00:00-04:00,14.721061099150267,15.124702347596608,14.174956075793345,14.744804382324219,73350,0.0,0.0
2008-10-31 00:00:00-04:00,14.754299321804217,15.001232968597982,14.231939005044806,14.835028648376465,93300,0.0,0.0
2008-11-03 00:00:00-05:00,15.19593414807524,15.19593414807524,14.554855909716553,14.649831771850586,60300,0.0,0.0
2008-11-04 00:00:00-05:00,14.721058639000956,14.93475086909935,14.250933287264774,14.445631980895996,34050,0.0,0.0
2008-11-05 00:00:00-05:00,14.369654497394148,14.521615053272125,13.771314478889078,13.804555892944336,45000,0.0,0.0
2008-11-06 00:00:00-05:00,13.852046850790071,13.947021369845395,13.10649585723877,13.10649585723877,42750,0.0,0.0
2008-11-07 00:00:00-05:00,13.201467754558488,14.132219215081452,13.201467754558488,14.046741485595703,39450,0.0,0.0
2008-11-10 00:00:00-05:00,14.255683952658606,14.759049432385861,13.951765582596046,14.151212692260742,36900,0.0,0.0
2008-11-11 00:00:00-05:00,14.06573609948987,14.982239579535026,13.961263482181767,14.507367134094238,60900,0.0,0.0
2008-11-12 00:00:00-05:00,14.36964913279175,14.436131936082326,13.581361770629883,13.581361770629883,48600,0.0,0.0
2008-11-13 00:00:00-05:00,13.624102116598394,14.573846896663426,13.115988319608075,14.564350128173828,55800,0.0,0.0
2008-11-14 00:00:00-05:00,13.695333639695459,14.459877866131928,13.329680871728337,13.343927383422852,33600,0.0,0.0
2008-11-17 00:00:00-05:00,13.286944622969918,13.296442751684983,12.641118063504635,13.030512809753418,52350,0.0,0.0
2008-11-18 00:00:00-05:00,13.035261376617466,13.059004660802811,12.170992789496351,12.992523193359375,67500,0.0,0.0
2008-11-19 00:00:00-05:00,12.973528975871204,12.973528975871204,12.527148144899186,12.555641174316406,55050,0.0,0.0
2008-11-20 00:00:00-05:00,12.546140785520405,13.23945519255135,12.294458744565318,12.63161849975586,74700,0.0,0.0
2008-11-21 00:00:00-05:00,12.74084143798589,13.495889034609762,12.170993092972354,13.424657821655273,65850,0.0,0.0
2008-11-24 00:00:00-05:00,13.652598809953632,14.331666849930116,13.548126176746882,14.24618911743164,81150,0.0,0.0
2008-11-25 00:00:00-05:00,14.203443168025416,14.436130234878004,13.491134101445109,13.714323043823242,47850,0.0,0.0
2008-11-26 00:00:00-05:00,13.476894642311713,14.716312903328935,13.36292524074386,14.512117385864258,90900,0.0,0.0
2008-11-28 00:00:00-05:00,14.40289127555242,15.02972412109375,13.951762214250412,15.02972412109375,23250,0.0,0.0
2008-12-01 00:00:00-05:00,14.882522320549693,14.901517225533754,12.9545374267335,13.044763565063477,52650,0.0,0.0
2008-12-02 00:00:00-05:00,13.191965900080534,15.077211380004883,12.940283911212559,15.077211380004883,88350,0.0,0.0
2008-12-03 00:00:00-05:00,14.60234219456962,15.067717888622795,14.360156898262582,14.896763801574707,85950,0.0,0.0
2008-12-04 00:00:00-05:00,14.839778639914153,15.062970409708067,14.355409376786543,14.497870445251465,71700,0.0,0.0
2008-12-05 00:00:00-05:00,14.393394602865651,15.433366729470697,14.070480051886264,15.219673156738281,55800,0.0,0.0
2008-12-08 00:00:00-05:00,15.533095586606931,15.552089128995883,14.996488614066925,15.490357398986816,81150,0.0,0.0
2008-12-09 00:00:00-05:00,15.38588384587572,15.547341174148341,14.958497919313704,14.967994689941406,69000,0.0,0.0
2008-12-10 00:00:00-05:00,15.048722008394279,15.594825646051923,14.982239188456825,15.096208572387695,24000,0.0,0.0
2008-12-11 00:00:00-05:00,15.160936230149883,15.42464647203732,14.815715998808122,15.247241973876953,79650,0.20333,0.0
2008-12-12 00:00:00-05:00,14.959552493611971,15.822604179382324,14.959552493611971,15.822604179382324,42600,0.0,0.0
2008-12-15 00:00:00-05:00,15.947267020199776,15.98562618540776,14.858864288817248,15.01708984375,44400,0.0,0.0
2008-12-16 00:00:00-05:00,15.31436283969299,16.062339782714844,15.108189365016894,16.062339782714844,58650,0.0,0.0
2008-12-17 00:00:00-05:00,15.990425530695592,16.302083727862517,15.760278698698473,16.158241271972656,76800,0.0,0.0
2008-12-18 00:00:00-05:00,15.38628962759633,16.36920943193702,15.38628962759633,16.29249382019043,42450,0.0,0.0
2008-12-19 00:00:00-05:00,16.33564067170833,16.618529740544833,14.993116532986129,15.204084396362305,98550,0.0,0.0
2008-12-22 00:00:00-05:00,15.319157198628902,15.486972881112928,15.108189343209306,15.458205223083496,33300,0.0,0.0
2008-12-23 00:00:00-05:00,15.563694812845043,15.702741522229585,14.81092181104639,15.151349067687988,44100,0.0,0.0
2008-12-24 00:00:00-05:00,15.434233559958999,15.434233559958999,14.599950738976519,14.64789867401123,15000,0.0,0.0
2008-12-26 00:00:00-05:00,14.719820648222198,15.060246477604284,14.38418920105539,14.762972831726074,40800,0.0,0.0
2008-12-29 00:00:00-05:00,14.85407641466986,14.85407641466986,14.235555695899485,14.695849418640137,50100,0.0,0.0
2008-12-30 00:00:00-05:00,14.863668695913345,15.036278866825132,14.537625890185163,14.849284172058105,46500,0.0,0.0
2008-12-31 00:00:00-05:00,14.892432818260684,15.093811988830566,14.667080361508287,15.093811988830566,67350,0.0,0.0
2009-01-02 00:00:00-05:00,14.628724522384081,15.323960889449339,14.628724522384081,14.906819343566895,40800,0.0,0.0
2009-01-05 00:00:00-05:00,14.964354630519702,15.34793271148985,14.671875314942397,15.036275863647461,72300,0.0,0.0
2009-01-06 00:00:00-05:00,15.17052370996276,15.515745283842444,14.8684556901825,14.983529090881348,66450,0.0,0.0
2009-01-07 00:00:00-05:00,14.758178786826885,14.868456439214745,14.134863815748986,14.571184158325195,38850,0.0,0.0
2009-01-08 00:00:00-05:00,14.326656847714371,14.403372473577175,13.85197856974238,14.297887802124023,31800,0.0,0.0
2009-01-09 00:00:00-05:00,14.187603320559676,14.187603320559676,13.664977340956499,13.799229621887207,52800,0.0,0.0
2009-01-12 00:00:00-05:00,14.211576420879137,14.211576420879137,13.41565150802874,13.439624786376953,23550,0.0,0.0
2009-01-13 00:00:00-05:00,13.377296194481417,13.875947609859299,13.377296194481417,13.54031753540039,24000,0.0,0.0
2009-01-14 00:00:00-05:00,13.420449678213,13.44442296332937,13.022487109434717,13.190302848815918,18300,0.0,0.0
2009-01-15 00:00:00-05:00,13.257426666167017,13.525932638721082,12.979333301260125,13.482780456542969,31350,0.0,0.0
2009-01-16 00:00:00-05:00,13.477983028226534,13.569083135115873,13.219067223758517,13.4588041305542,43950,0.0,0.0
2009-01-20 00:00:00-05:00,13.324554731099703,13.324554731099703,12.634114265441895,12.634114265441895,43950,0.0,0.0
2009-01-21 00:00:00-05:00,12.8259036515029,12.8259036515029,12.135463092199096,12.341636657714844,36900,0.0,0.0
2009-01-22 00:00:00-05:00,12.12107472680571,12.916999693916326,12.049153515075098,12.854668617248535,36300,0.0,0.0
2009-01-23 00:00:00-05:00,12.605343866630653,13.693748142417345,12.471091568350397,13.290989875793457,47400,0.0,0.0
2009-01-26 00:00:00-05:00,13.425245472699418,13.899923652692303,13.425245472699418,13.68895435333252,45150,0.0,0.0
2009-01-27 00:00:00-05:00,13.693747586029193,14.019788868605351,13.693747586029193,13.943073272705078,21150,0.0,0.0
2009-01-28 00:00:00-05:00,14.110888055867006,14.379392623901367,14.091707786367294,14.379392623901367,24900,0.0,0.0
2009-01-29 00:00:00-05:00,14.086915679328513,14.168427036622543,13.42524428716035,13.545110702514648,33750,0.0,0.0
2009-01-30 00:00:00-05:00,13.708131038079973,14.072531498541123,13.621826676653033,13.890331268310547,31650,0.0,0.0
2009-02-02 00:00:00-05:00,13.851976864349641,14.307476179776916,13.545113026894521,14.221170425415039,41100,0.0,0.0
2009-02-03 00:00:00-05:00,14.24034932951952,14.293091658752697,13.799234535116462,14.221170425415039,37650,0.0,0.0
2009-02-04 00:00:00-05:00,14.221168032881959,14.614336186769918,14.182810231126217,14.259527206420898,32700,0.0,0.0
2009-02-05 00:00:00-05:00,14.197194804155597,14.825304153259548,14.077327016155184,14.211579322814941,32850,0.0,0.0
2009-02-06 00:00:00-05:00,14.178014996459213,14.73899884224756,14.115683915299323,14.599950790405273,23850,0.0,0.0
2009-02-09 00:00:00-05:00,14.408157770673265,14.628715741824669,14.235547721339323,14.288290023803711,24000,0.0,0.0
2009-02-10 00:00:00-05:00,14.240349496622985,14.47529210349738,13.655393600463867,13.655393600463867,32250,0.0,0.0
2009-02-11 00:00:00-05:00,13.895128250122069,14.000612902473359,13.732106888792808,13.89512825012207,20850,0.0,0.0
2009-02-12 00:00:00-05:00,14.024586296690373,14.024586296690373,13.501960157262602,13.717723846435547,27600,0.0,0.0
2009-02-13 00:00:00-05:00,13.569091729597151,14.235559188788145,13.569091729597151,13.828007698059082,32700,0.0,0.0
2009-02-17 00:00:00-05:00,13.59785030240779,14.173217153659413,13.305371124184466,13.746485710144043,45300,0.0,0.0
2009-02-18 00:00:00-05:00,13.573877322972743,13.81361422634886,12.682057908038399,13.295783996582031,85200,0.0,0.0
2009-02-19 00:00:00-05:00,13.52113930075769,13.631418338724197,13.338940403571765,13.45401382446289,22350,0.0,0.0
2009-02-20 00:00:00-05:00,13.38208575493602,13.38208575493602,12.90261341291,13.046454429626465,36450,0.0,0.0
2009-02-23 00:00:00-05:00,13.099199392753055,13.099199392753055,12.682058027456122,12.734800338745117,26250,0.0,0.0
2009-02-24 00:00:00-05:00,12.873848714332889,13.856768374753944,12.682059713048265,13.58346939086914,71400,0.0,0.0
2009-02-25 00:00:00-05:00,13.377294688881369,13.377294688881369,12.825899644206926,12.955357551574707,44550,0.0,0.0
2009-02-26 00:00:00-05:00,13.252633010445805,13.252633010445805,12.701239260696225,12.902618408203125,28950,0.0,0.0
2009-02-27 00:00:00-05:00,12.730000495910645,12.979326057477513,12.682052586641214,12.730000495910645,55500,0.0,0.0
2009-03-02 00:00:00-05:00,12.49506843354376,12.749189957005088,12.475889528289143,12.682063102722168,39600,0.0,0.0
2009-03-03 00:00:00-05:00,12.64370085818686,12.979332268331683,12.64370085818686,12.777953147888184,48900,0.0,0.0
2009-03-04 00:00:00-05:00,12.883444791238567,13.080028265260164,12.811523539645961,12.98413372039795,29850,0.0,0.0
2009-03-05 00:00:00-05:00,12.72521104811424,12.72521104811424,11.406660723237565,11.459403038024902,49200,0.0,0.0
2009-03-06 00:00:00-05:00,11.555301250539243,11.555301250539243,10.884038242800132,11.3826904296875,36450,0.0,0.0
2009-03-09 00:00:00-04:00,11.234051392764444,11.545708863108407,10.692247120649519,10.989520072937012,63150,0.0,0.0
2009-03-10 00:00:00-04:00,10.797731308993916,11.540914734898845,10.797731308993916,11.425841331481934,44100,0.0,0.0
2009-03-11 00:00:00-04:00,11.58854226031129,11.58854226031129,10.694874453015442,10.869722366333008,43800,0.20333,0.0
2009-03-12 00:00:00-04:00,10.787156531485872,11.821674479279661,10.787156531485872,11.753677368164062,65400,0.0,0.0
2009-03-13 00:00:00-04:00,11.850817085508101,12.093662164902035,11.753679331664136,11.879959106445312,24750,0.0,0.0
2009-03-16 00:00:00-04:00,12.025663737839457,12.550208941260339,11.787676614131462,12.054805755615234,31350,0.0,0.0
2009-03-17 00:00:00-04:00,11.88481659356717,12.904763784968443,11.88481659356717,12.788198471069336,31500,0.0,0.0
2009-03-18 00:00:00-04:00,12.773621272593713,13.856708526611328,12.739624114682291,13.856708526611328,38250,0.0,0.0
2009-03-19 00:00:00-04:00,14.084988625796223,14.084988625796223,13.715866503262424,13.919855117797852,32850,0.0,0.0
2009-03-20 00:00:00-04:00,14.02670255274354,14.939798723740413,13.681864608315948,13.754716873168945,58800,0.0,0.0
2009-03-23 00:00:00-04:00,14.094699937968883,14.78437861919821,14.094699937968883,14.711524963378906,48600,0.0,0.0
2009-03-24 00:00:00-04:00,14.541536822390722,14.624104965958127,13.910140646379478,13.919855117797852,25350,0.0,0.0
2009-03-25 00:00:00-04:00,14.060705555535904,14.871807700523535,13.749864680603313,14.507540702819824,34950,0.0,0.0
2009-03-26 00:00:00-04:00,14.648386398558085,15.250640440453617,14.628958848819519,15.090363502502441,44250,0.0,0.0
2009-03-27 00:00:00-04:00,14.862093339778305,14.973802127436462,14.507540811543285,14.599822044372559,31650,0.0,0.0
2009-03-30 00:00:00-04:00,14.444396529019286,14.624101000634255,13.96841951864917,14.570674896240234,26250,0.0,0.0
2009-03-31 00:00:00-04:00,14.716379236625093,15.056361952937454,14.34725450939793,14.803802490234375,21300,0.0,0.0
2009-04-01 00:00:00-04:00,14.692095613694615,15.372059678031144,14.565815878391172,14.842658042907715,44700,0.0,0.0
2009-04-02 00:00:00-04:00,15.172935503330628,15.172935503330628,14.740671369154056,14.886377334594727,50250,0.0,0.0
2009-04-03 00:00:00-04:00,14.871806086089535,15.114651188052322,14.774668323218053,14.949516296386719,12900,0.0,0.0
2009-04-06 00:00:00-04:00,14.832947614206784,14.832947614206784,14.075271846215841,14.337544441223145,31500,0.0,0.0
2009-04-07 00:00:00-04:00,14.337545329644167,14.424968607018519,14.2064090240147,14.211265563964844,22350,0.0,0.0
2009-04-08 00:00:00-04:00,14.308398528356177,14.560957975299141,13.774141794076382,14.332682609558105,22200,0.0,0.0
2009-04-09 00:00:00-04:00,14.468683379528814,15.313782573723172,14.468683379528814,14.808666229248047,47400,0.0,0.0
2009-04-13 00:00:00-04:00,14.643528575182327,15.143788284500499,14.643528575182327,15.056365013122559,26250,0.0,0.0
2009-04-14 00:00:00-04:00,14.847521175903275,14.915518307320223,14.502683146584339,14.585249900817871,18750,0.0,0.0
2009-04-15 00:00:00-04:00,14.526963038242767,15.226354755563014,14.526963038242767,14.91551399230957,24900,0.0,0.0
2009-04-16 00:00:00-04:00,15.061223681512796,15.333210807121112,14.85723507426677,14.949516296386719,31800,0.0,0.0
2009-04-17 00:00:00-04:00,15.032082389866785,15.075794033854772,14.24526585024248,14.400686264038086,40950,0.0,0.0
2009-04-20 00:00:00-04:00,14.123841147226466,14.133554226343206,13.565298800547012,13.749859809875488,36900,0.0,0.0
2009-04-21 00:00:00-04:00,13.414734879504918,14.381255724378233,13.414734879504918,14.186980247497559,45300,0.0,0.0
2009-04-22 00:00:00-04:00,14.055840414823752,14.594955074844004,13.95384616252917,14.167549133300781,36750,0.0,0.0
2009-04-23 00:00:00-04:00,14.220983079639783,14.220983079639783,13.565302800610343,13.686724662780762,36900,0.0,0.0
2009-04-24 00:00:00-04:00,13.55558275285159,14.099554027924064,13.55558275285159,13.934420585632324,39000,0.0,0.0
2009-04-27 00:00:00-04:00,13.706147008957947,13.958705108893938,13.599296199922728,13.812997817993164,21600,0.0,0.0
2009-04-28 00:00:00-04:00,13.963570947649709,14.177272686777279,13.963570947649709,13.997568130493164,31050,0.0,0.0
2009-04-29 00:00:00-04:00,14.084985097102756,14.83780433461561,13.98299081538754,14.638670921325684,48000,0.0,0.0
2009-04-30 00:00:00-04:00,14.721238976925534,14.934942008363876,14.172409694919347,14.225835800170898,52350,0.0,0.0
2009-05-01 00:00:00-04:00,14.250118976530855,14.764949668662227,13.861568035136527,14.429824829101562,63000,0.0,0.0
2009-05-04 00:00:00-04:00,14.55124477014507,14.939795661319145,14.254975063016737,14.594956398010254,87750,0.0,0.0
2009-05-05 00:00:00-04:00,14.594961378709668,14.701813605030896,13.963566659864842,14.284120559692383,63900,0.0,0.0
2009-05-06 00:00:00-04:00,14.449253478798012,14.828091406783003,14.075273480594175,14.56096363067627,43650,0.0,0.0
2009-05-07 00:00:00-04:00,14.76009118662162,14.98350864330192,14.400680918352144,14.551244735717773,36300,0.0,0.0
2009-05-08 00:00:00-04:00,14.745529006951994,15.381781817972582,14.745529006951994,15.274930953979492,65400,0.0,0.0
2009-05-11 00:00:00-04:00,15.138933252222856,15.352636301896307,15.027224492501556,15.104934692382812,18900,0.0,0.0
2009-05-12 00:00:00-04:00,15.124359827258768,15.250638187117382,14.726094421679326,14.86208724975586,25350,0.0,0.0
2009-05-13 00:00:00-04:00,14.692093910780821,14.90579548809237,14.463818550109863,14.463818550109863,21450,0.0,0.0
2009-05-14 00:00:00-04:00,15.075792382962266,15.294353358104638,14.570676093439907,14.876660346984863,43950,0.0,0.0
2009-05-15 00:00:00-04:00,14.862090032619442,14.862090032619442,14.172411294879428,14.322975158691406,43650,0.0,0.0
2009-05-18 00:00:00-04:00,14.434685751792854,14.910661494322197,14.128701445136004,14.313263893127441,65400,0.0,0.0
2009-05-19 00:00:00-04:00,14.313267227341845,15.095226069113808,13.987855291912483,14.692105293273926,60600,0.0,0.0
2009-05-20 00:00:00-04:00,14.764949515415479,15.192355546513154,14.648384234207022,14.86208724975586,54600,0.0,0.0
2009-05-21 00:00:00-04:00,14.716381671931318,15.104932617976717,14.347256883620396,14.565817832946777,67650,0.0,0.0
2009-05-22 00:00:00-04:00,14.614385354060488,15.114646411722989,14.604672275626823,14.755234718322754,50700,0.0,0.0
2009-05-26 00:00:00-04:00,14.658103821775631,15.542056818210277,14.638674878554225,15.396350860595703,60450,0.0,0.0
2009-05-27 00:00:00-04:00,15.338062703575295,15.493483077109065,15.02236541722676,15.051506042480469,53850,0.0,0.0
2009-05-28 00:00:00-04:00,15.221501602929438,15.488630790680604,15.002940600459505,15.20207405090332,31350,0.0,0.0
2009-05-29 00:00:00-04:00,15.381775081728618,16.1394508289948,14.896086390896333,15.959746360778809,233850,0.0,0.0
2009-06-01 00:00:00-04:00,15.954889658770961,16.270586984699992,15.289496448547885,15.984031677246094,70650,0.0,0.0
2009-06-02 00:00:00-04:00,15.974317823498986,16.20259188193544,15.83346843428908,15.998601913452148,72450,0.0,0.0
2009-06-03 00:00:00-04:00,15.857756045881297,15.993748925215025,15.542057248108929,15.682908058166504,47400,0.0,0.0
2009-06-04 00:00:00-04:00,15.726617113393273,15.940320174236035,15.72176057303886,15.911179542541504,28200,0.0,0.0
2009-06-05 00:00:00-04:00,15.916034978884293,15.916034978884293,15.614907264709473,15.614907264709473,44550,0.0,0.0
2009-06-08 00:00:00-04:00,15.614904903609986,15.634332450310502,15.396345350621106,15.454627990722656,49950,0.0,0.0
2009-06-09 00:00:00-04:00,14.993225126431511,15.814040110715611,14.993225126431511,15.522626876831055,40950,0.0,0.0
2009-06-10 00:00:00-04:00,15.819400845700509,15.819400845700509,14.995319812056131,15.407361030578613,46650,0.21,0.0
2009-06-11 00:00:00-04:00,15.220953547492575,15.824297603468294,15.220953547492575,15.618278503417969,27600,0.0,0.0
2009-06-12 00:00:00-04:00,15.539796427149872,15.907689320370844,15.1719035339289,15.736005783081055,29550,0.0,0.0
2009-06-15 00:00:00-04:00,15.436784740853165,15.593752218257714,15.088512799511832,15.564321517944336,32100,0.0,0.0
2009-06-16 00:00:00-04:00,15.721288760002523,15.721288760002523,15.132660728547172,15.26510238647461,34350,0.0,0.0
2009-06-17 00:00:00-04:00,15.265111317510907,15.682056066213653,15.063995569881872,15.50056266784668,29400,0.0,0.0
2009-06-18 00:00:00-04:00,15.480929972529065,15.83410672998456,15.471118805344348,15.677139282226562,34050,0.0,0.0
2009-06-19 00:00:00-04:00,15.94202770951202,15.94202770951202,15.260198383481217,15.35830307006836,62400,0.0,0.0
2009-06-22 00:00:00-04:00,15.206236280498544,15.338676506259722,14.769669532775879,14.769669532775879,35850,0.0,0.0
2009-06-23 00:00:00-04:00,14.985505240528274,15.608470350354075,14.980600357055666,14.980600357055664,47250,0.0,0.0
2009-06-24 00:00:00-04:00,15.186617501674865,15.422068718227973,15.024745141144592,15.073798179626465,24000,0.0,0.0
2009-06-25 00:00:00-04:00,15.010033658001198,15.56923116922286,15.010033658001198,15.510368347167969,37950,0.0,0.0
2009-06-26 00:00:00-04:00,15.515271342818217,16.560087359657583,15.515271342818217,16.373687744140625,297450,0.0,0.0
2009-06-29 00:00:00-04:00,16.17747271890952,16.94759386079183,15.971452254822761,16.849489212036133,82350,0.0,0.0
2009-06-30 00:00:00-04:00,16.913252600660233,16.913252600660233,15.873342270030077,15.956730842590332,57900,0.0,0.0
2009-07-01 00:00:00-04:00,16.123519765687224,16.530654533977835,15.966552279445064,16.309919357299805,24600,0.0,0.0
2009-07-02 00:00:00-04:00,16.089180557998187,16.089180557998187,15.637897693898594,15.794866561889648,35250,0.0,0.0
2009-07-06 00:00:00-04:00,16.04012973607106,16.334445176175134,15.775247804737425,16.309919357299805,28800,0.0,0.0
2009-07-07 00:00:00-04:00,16.33445147052039,16.33445147052039,15.525086505152158,15.770347595214844,37350,0.0,0.0
2009-07-08 00:00:00-04:00,15.765439769876723,16.020511985737652,15.603567368353518,15.917502403259277,29550,0.0,0.0
2009-07-09 00:00:00-04:00,15.97146049738165,16.11861824816023,15.422072777421885,15.426979064941406,22650,0.0,0.0
2009-07-10 00:00:00-04:00,15.328866590510675,15.87825408211031,15.328866590510675,15.79977035522461,20550,0.0,0.0
2009-07-13 00:00:00-04:00,15.721290008978059,16.260866449045327,15.569227404588187,16.123519897460938,40350,0.0,0.0
2009-07-14 00:00:00-04:00,16.162755965531687,16.275576657528035,15.986167605476352,16.01559829711914,18000,0.0,0.0
2009-07-15 00:00:00-04:00,16.148046220972095,16.246150903739842,15.93221591888305,16.157855987548828,47850,0.0,0.0
2009-07-16 00:00:00-04:00,16.15294753675475,16.305010112310562,15.8488237890429,16.29520034790039,37800,0.0,0.0
2009-07-17 00:00:00-04:00,16.29519934582127,16.29519934582127,15.863537460124236,16.113704681396484,30000,0.0,0.0
2009-07-20 00:00:00-04:00,16.113717422503246,16.113717422503246,15.804687163840407,16.03032875061035,13350,0.0,0.0
2009-07-21 00:00:00-04:00,16.03031603968206,16.03031603968206,15.250383682784586,15.677139282226562,48300,0.0,0.0
2009-07-22 00:00:00-04:00,15.64770849334642,16.216716942478893,15.363204268780182,15.99107551574707,69750,0.0,0.0
2009-07-23 00:00:00-04:00,15.932211818290835,16.584608843334127,15.873349023780143,16.481597900390625,46500,0.0,0.0
2009-07-24 00:00:00-04:00,16.408019945170008,16.60913555652509,16.11370595667454,16.447261810302734,25050,0.0,0.0
2009-07-27 00:00:00-04:00,16.44726282520984,16.614041464015205,16.324632339952885,16.6091365814209,22800,0.0,0.0
2009-07-28 00:00:00-04:00,16.609135089681715,16.854397441567425,16.32463087376627,16.829870223999023,49800,0.0,0.0
2009-07-29 00:00:00-04:00,16.717044284680323,16.780813346330383,16.51102526467045,16.535551071166992,14100,0.0,0.0
2009-07-30 00:00:00-04:00,16.672904696837787,16.800440067989637,16.589516076976967,16.682714462280273,29550,0.0,0.0
2009-07-31 00:00:00-04:00,16.66309800115077,16.67290776840046,16.187289204536384,16.260868072509766,79500,0.0,0.0
2009-08-03 00:00:00-04:00,16.290297265638223,16.6042336462926,16.143140946750282,16.58951759338379,23550,0.0,0.0
2009-08-04 00:00:00-04:00,16.52575035771589,17.168336437423893,16.192194406858327,16.98684310913086,40950,0.0,0.0
2009-08-05 00:00:00-04:00,16.98683769063129,16.98683769063129,16.030316903464605,16.24614715576172,46500,0.0,0.0
2009-08-06 00:00:00-04:00,16.260863700100245,16.260863700100245,15.986170643369103,16.11861228942871,26250,0.0,0.0
2009-08-07 00:00:00-04:00,16.28539463301772,16.349162333234826,15.892975857219767,15.927312850952148,40800,0.0,0.0
2009-08-10 00:00:00-04:00,15.682048630044507,16.24124602363015,15.682048630044507,15.94202709197998,30300,0.0,0.0
2009-08-11 00:00:00-04:00,15.829206753602417,16.187289939068233,15.77525022448038,15.927312850952148,25500,0.0,0.0
2009-08-12 00:00:00-04:00,15.892973899841309,16.32953938329907,15.721290355724188,15.892973899841309,43800,0.0,0.0
2009-08-13 00:00:00-04:00,15.932214390499482,15.932214390499482,15.569226397380357,15.691858291625977,25500,0.0,0.0
2009-08-14 00:00:00-04:00,15.696761725643965,15.696761725643965,14.843250368210823,14.985503196716309,68400,0.0,0.0
2009-08-17 00:00:00-04:00,14.784391950094255,14.833445002881996,14.534224608697606,14.710814476013184,24450,0.0,0.0
2009-08-18 00:00:00-04:00,14.813820934235894,14.941357721831992,14.62742133776469,14.828536987304688,22500,0.0,0.0
2009-08-19 00:00:00-04:00,14.745149255205945,15.014937496466075,14.578370584888722,14.794200897216797,26250,0.0,0.0
2009-08-20 00:00:00-04:00,14.80400858383876,15.446594486082494,14.80400858383876,15.382826805114746,25350,0.0,0.0
2009-08-21 00:00:00-04:00,15.59376064007738,15.637907416090046,15.059090232255334,15.534897804260254,49950,0.0,0.0
2009-08-24 00:00:00-04:00,15.549608726696437,16.157857829183264,15.549608726696437,15.927312850952148,38100,0.0,0.0
2009-08-25 00:00:00-04:00,16.05484535094952,16.18728701470474,15.76053132227125,15.87335205078125,37350,0.0,0.0
2009-08-26 00:00:00-04:00,15.83902178927774,15.83902178927774,15.108140588475369,15.407361030578613,39750,0.0,0.0
2009-08-27 00:00:00-04:00,15.495649837282862,15.78996390095677,15.426977257459027,15.765438079833984,19950,0.0,0.0
2009-08-28 00:00:00-04:00,15.760532203654247,15.848827118895477,15.279818561563255,15.387734413146973,28050,0.0,0.0
2009-08-31 00:00:00-04:00,15.250389991665848,15.588850840060813,14.96097938588716,15.108137130737305,68850,0.0,0.0
2009-09-01 00:00:00-04:00,14.990410018139302,14.990410018139302,14.534222176804901,14.91192626953125,36150,0.0,0.0
2009-09-02 00:00:00-04:00,14.843253721031354,14.965885642622602,14.725528086751947,14.750055313110352,22500,0.0,0.0
2009-09-03 00:00:00-04:00,14.745152966847124,14.921741448657206,14.71572085151186,14.779488563537598,26850,0.0,0.0
2009-09-04 00:00:00-04:00,14.80400617029286,14.960972204238237,14.637227566414039,14.89229965209961,28500,0.0,0.0
2009-09-08 00:00:00-04:00,15.044363700327612,15.27981487970259,14.691186931265143,14.745144844055176,48300,0.0,0.0
2009-09-09 00:00:00-04:00,14.725525246785471,14.936450651707048,14.70590571492299,14.804010391235352,59700,0.0,0.0
2009-09-10 00:00:00-04:00,14.841185855389654,14.890756278527077,14.553682223080235,14.875885009765625,59850,0.21,0.0
2009-09-11 00:00:00-04:00,14.895711729676545,14.895711729676545,14.692476272583008,14.692476272583008,24900,0.0,0.0
2009-09-14 00:00:00-04:00,14.55368181971483,14.692477015169665,14.4941981645199,14.682563781738281,25350,0.0,0.0
2009-09-15 00:00:00-04:00,14.628036181452327,15.093992216859684,14.628036181452327,14.831273078918457,26400,0.0,0.0
2009-09-16 00:00:00-04:00,14.831266231403388,14.984932633256939,14.628029427770588,14.930405616760254,26700,0.0,0.0
2009-09-17 00:00:00-04:00,14.95519697379399,15.2427020324101,14.9502403568012,15.178261756896973,18900,0.0,0.0
2009-09-18 00:00:00-04:00,15.148518592548974,15.35671209786806,15.148518592548974,15.30218505859375,40200,0.0,0.0
2009-09-21 00:00:00-04:00,15.366625234318684,15.366625234318684,14.870926731145765,14.994852066040039,16050,0.0,0.0
2009-09-22 00:00:00-04:00,15.133646956447615,15.40132411132818,14.747002492331731,15.198088645935059,31500,0.0,0.0
2009-09-23 00:00:00-04:00,15.267484284771996,15.480634384263523,15.05929080154253,15.1633882522583,24150,0.0,0.0
2009-09-24 00:00:00-04:00,15.153473208445105,15.341838803537966,14.851098351271869,14.885797500610352,48150,0.0,0.0
2009-09-25 00:00:00-04:00,14.890759709689359,15.25261835098407,14.890759709689359,15.188178062438965,25650,0.0,0.0
2009-09-28 00:00:00-04:00,15.217917817287715,15.758227371190495,15.193131895450046,15.584733009338379,24450,0.0,0.0
2009-09-29 00:00:00-04:00,15.58473617830768,15.599607450793714,15.460812216730137,15.510382652282715,19500,0.0,0.0
2009-09-30 00:00:00-04:00,15.564908886824716,15.58473677816841,15.079126258005592,15.361673355102539,22500,0.0,0.0
2009-10-01 00:00:00-04:00,15.644217424203193,15.644217424203193,15.009723663330078,15.009723663330078,30450,0.0,0.0
2009-10-02 00:00:00-04:00,14.950239895732496,15.108862980228094,14.74700300507083,14.786660194396973,37800,0.0,0.0
2009-10-05 00:00:00-04:00,14.826321054249817,14.826321054249817,14.637955367658808,14.756922721862793,26100,0.0,0.0
2009-10-06 00:00:00-04:00,14.975025965800087,14.975025965800087,14.796574977061338,14.945284843444824,21150,0.0,0.0
2009-10-07 00:00:00-04:00,14.920502620191703,15.222877598356307,14.885803456968809,15.183221817016602,14850,0.0,0.0
2009-10-08 00:00:00-04:00,15.272445138014652,15.272445138014652,15.029552459716797,15.029552459716797,19050,0.0,0.0
2009-10-09 00:00:00-04:00,15.069206894418867,15.247657860749882,14.99485338876594,15.208002090454102,17850,0.0,0.0
2009-10-12 00:00:00-04:00,15.203049707686455,15.212962943920077,15.128694763123853,15.183221817016602,8850,0.0,0.0
2009-10-13 00:00:00-04:00,15.27740232370337,15.832583177839892,15.27740232370337,15.6243896484375,40650,0.0,0.0
2009-10-14 00:00:00-04:00,15.733442655067027,15.837538703491502,15.416196474571644,15.574819564819336,20100,0.0,0.0
2009-10-15 00:00:00-04:00,15.510382052962507,15.59465023012291,15.034511279215257,15.307145118713379,39150,0.0,0.0
2009-10-16 00:00:00-04:00,15.267483357242602,15.510375975954457,15.267483357242602,15.445934295654297,29250,0.0,0.0
2009-10-19 00:00:00-04:00,15.540121986584458,15.559949874877931,15.331929868604211,15.55994987487793,29100,0.0,0.0
2009-10-20 00:00:00-04:00,15.559951669632692,15.728489448668336,15.356716145733104,15.510382652282715,24750,0.0,0.0
2009-10-21 00:00:00-04:00,15.485593138622518,15.604560443655032,15.242700493862861,15.282356262207031,28350,0.0,0.0
2009-10-22 00:00:00-04:00,15.183217983238311,15.48559430325519,15.113821092517918,15.465764999389648,26100,0.0,0.0
2009-10-23 00:00:00-04:00,15.46576383624829,15.46576383624829,15.237743877370376,15.282356262207031,30300,0.0,0.0
2009-10-26 00:00:00-04:00,15.282355381231739,15.386451412583874,15.044420784882822,15.069205284118652,34650,0.0,0.0
2009-10-27 00:00:00-04:00,15.173306318197548,15.287315608896618,15.074165461429182,15.079123497009277,43350,0.0,0.0
2009-10-28 00:00:00-04:00,15.089030442966443,15.297223886285424,15.034503419930305,15.11877155303955,119100,0.0,0.0
2009-10-29 00:00:00-04:00,15.208001342011174,15.297227529886632,15.128689805322832,15.282356262207031,43500,0.0,0.0
2009-10-30 00:00:00-04:00,15.232796706706193,15.708666221922032,15.089043393665808,15.703709602355957,125100,0.0,0.0
2009-11-02 00:00:00-05:00,15.564904344873337,15.564904344873337,14.930412007024637,15.396368026733398,75150,0.0,0.0
2009-11-03 00:00:00-05:00,15.356715497568663,15.639262571864766,15.118779402442552,15.634305953979492,76050,0.0,0.0
2009-11-04 00:00:00-05:00,15.629352622642074,15.857374111743567,15.515341878091327,15.698749542236328,71100,0.0,0.0
2009-11-05 00:00:00-05:00,15.69874231135445,16.070515505535138,15.460807693991162,16.020946502685547,45450,0.0,0.0
2009-11-06 00:00:00-05:00,15.901976820035067,16.04077199277658,14.861012315372733,15.78300952911377,37650,0.0,0.0
2009-11-09 00:00:00-05:00,15.857363795113832,15.92676066955923,15.21791356878526,15.862318992614746,58650,0.0,0.0
2009-11-10 00:00:00-05:00,15.83258332617034,15.981293194022749,15.470724727759674,15.718572616577148,51450,0.0,0.0
2009-11-11 00:00:00-05:00,15.847459845109904,15.862329702257963,15.698749928006318,15.738407135009766,54000,0.0,0.0
2009-11-12 00:00:00-05:00,15.673957196816632,15.797882535497438,15.168345445596396,15.232787132263184,61650,0.0,0.0
2009-11-13 00:00:00-05:00,15.37653571272889,15.37653571272889,15.004762611040867,15.217912673950195,35100,0.0,0.0
2009-11-16 00:00:00-05:00,15.252614341256898,15.530206149050253,15.123733798047818,15.440979957580566,43200,0.0,0.0
2009-11-17 00:00:00-05:00,15.416193126208814,15.515332536080761,15.049376600581612,15.356709480285645,61950,0.0,0.0
2009-11-18 00:00:00-05:00,15.356718760805952,15.470729505609262,15.09399810222392,15.45585823059082,72150,0.0,0.0
2009-11-19 00:00:00-05:00,15.361668617930604,15.564904086979816,15.282357077013623,15.515335083007812,98100,0.0,0.0
2009-11-20 00:00:00-05:00,15.450896889980735,15.738401973599,15.346799414865853,15.436025619506836,50400,0.0,0.0
2009-11-23 00:00:00-05:00,15.584732313369397,15.862322712655473,15.351755720477412,15.465764999389648,63750,0.0,0.0
2009-11-24 00:00:00-05:00,15.426111149418997,15.738400713352348,15.267486640736559,15.728486061096191,47100,0.0,0.0
2009-11-25 00:00:00-05:00,15.778055234847617,15.98624875240856,15.564905100207257,15.758227348327637,48600,0.0,0.0
2009-11-27 00:00:00-05:00,15.609515330009609,15.817707381639707,15.356709480285645,15.356709480285645,31500,0.0,0.0
2009-11-30 00:00:00-05:00,15.376539844320373,15.639258968338307,15.118775918843415,15.535162925720215,117000,0.0,0.0
2009-12-01 00:00:00-05:00,15.683876186750595,15.897026372591755,15.49055389219227,15.822672843933105,63150,0.0,0.0
2009-12-02 00:00:00-05:00,15.792927841164937,16.011034611347526,15.723530941571692,15.906938552856445,51900,0.0,0.0
2009-12-03 00:00:00-05:00,15.961464535882278,16.01103354397259,15.753271014576894,15.792926788330078,44250,0.0,0.0
2009-12-04 00:00:00-05:00,15.966418725529381,16.070514761254227,15.792924387186556,16.030858993530273,46500,0.0,0.0
2009-12-07 00:00:00-05:00,16.050689620887027,16.194442867109245,15.72848680760731,15.981292724609375,76200,0.0,0.0
2009-12-08 00:00:00-05:00,15.897021495019883,16.03086007466494,15.8871082615214,15.971376419067383,88050,0.0,0.0
2009-12-09 00:00:00-05:00,16.07547652942094,16.18452920688837,15.956507780416318,16.070518493652344,70350,0.0,0.0
2009-12-10 00:00:00-05:00,16.118067827538823,16.118067827538823,15.902826401437286,15.992926597595215,45000,0.21,0.0
2009-12-11 00:00:00-05:00,16.073017505314112,16.118067602764835,15.917843356187438,15.982915878295898,20400,0.0,0.0
2009-12-14 00:00:00-05:00,16.052996414132775,16.052996414132775,15.862784063173056,16.042985916137695,32400,0.0,0.0
2009-12-15 00:00:00-05:00,16.037982882598133,16.037982882598133,15.657555263893066,15.882808685302734,64350,0.0,0.0
2009-12-16 00:00:00-05:00,15.967909922111764,16.02797723829311,15.737651160691037,15.817742347717285,65700,0.0,0.0
2009-12-17 00:00:00-05:00,15.767676043835614,15.982917488621714,15.687586337135382,15.947877883911133,41250,0.0,0.0
2009-12-18 00:00:00-05:00,15.982920254079893,15.982920254079893,15.767678772051456,15.812728881835938,103350,0.0,0.0
2009-12-21 00:00:00-05:00,15.937865576805553,15.957886569090203,15.747651828933792,15.887808799743652,43650,0.0,0.0
2009-12-22 00:00:00-05:00,15.882804769613951,16.027966999626454,15.837753237168526,15.942872047424316,37200,0.0,0.0
2009-12-23 00:00:00-05:00,15.947879570298065,15.967901999090367,15.82774499754425,15.93786907196045,31050,0.0,0.0
2009-12-24 00:00:00-05:00,15.947877883911133,15.947877883911133,15.80772089718573,15.947877883911133,8850,0.0,0.0
2009-12-28 00:00:00-05:00,15.962894473361105,15.967899721816085,15.842759917740374,15.942872047424316,19200,0.0,0.0
2009-12-29 00:00:00-05:00,15.942879006165256,16.017962062112783,15.852777334063733,15.97791862487793,84450,0.0,0.0
2009-12-30 00:00:00-05:00,15.96288989592134,16.05799674987793,15.852765868789191,16.05799674987793,63000,0.0,0.0
2009-12-31 00:00:00-05:00,16.058003095247336,16.09304127034714,16.00294105992333,16.042985916137695,70050,0.0,0.0
2010-01-04 00:00:00-05:00,16.098045670836438,16.143095769666054,15.962893942230776,16.047988891601562,48750,0.0,0.0
2010-01-05 00:00:00-05:00,16.108057297311596,16.108057297311596,15.902827781921484,15.947877883911133,50250,0.0,0.0
2010-01-06 00:00:00-05:00,15.972904277659545,15.972904277659545,15.767674778735767,15.782691955566406,39150,0.0,0.0
2010-01-07 00:00:00-05:00,15.79270412968079,15.837754232841515,15.552435003334313,15.642535209655762,44250,0.0,0.0
2010-01-08 00:00:00-05:00,15.64253360202023,15.677573204040527,15.522399051193622,15.677573204040527,39600,0.0,0.0
2010-01-11 00:00:00-05:00,15.712613205896902,15.752658057191454,15.56745097798337,15.652545928955078,35700,0.0,0.0
2010-01-12 00:00:00-05:00,15.517394571412165,15.94787597740508,15.517394571412165,15.797708511352539,32550,0.0,0.0
2010-01-13 00:00:00-05:00,15.892812924738958,16.138087226192653,15.83774947634205,15.922845840454102,43050,0.0,0.0
2010-01-14 00:00:00-05:00,15.947880529169666,15.987925389161981,15.772683908673999,15.872796058654785,22350,0.0,0.0
2010-01-15 00:00:00-05:00,16.002941234029205,16.002941234029205,15.517397705176766,15.747654914855957,56550,0.0,0.0
2010-01-19 00:00:00-05:00,15.812725562776757,15.942872047424316,15.667563332764257,15.942872047424316,27300,0.0,0.0
2010-01-20 00:00:00-05:00,15.777685429335047,15.802714535002877,15.517395333017644,15.61750602722168,25650,0.0,0.0
2010-01-21 00:00:00-05:00,15.647546690231126,15.842765773297883,15.136973924074589,15.337198257446289,80250,0.0,0.0
2010-01-22 00:00:00-05:00,15.217058666096259,15.327182729387747,15.161996634450515,15.28213119506836,55200,0.0,0.0
2010-01-25 00:00:00-05:00,15.332185294216856,15.332185294216856,15.146976804929945,15.161993980407715,29550,0.0,0.0
2010-01-26 00:00:00-05:00,15.16199671779979,15.227070679246546,14.89169323886525,15.02684497833252,42000,0.0,0.0
2010-01-27 00:00:00-05:00,14.986801296694281,15.13196497701316,14.916723513192968,15.101930618286133,20550,0.0,0.0
2010-01-28 00:00:00-05:00,15.131960305041845,15.131960305041845,14.871668815612793,14.871668815612793,23700,0.0,0.0
2010-01-29 00:00:00-05:00,14.886687598352738,15.066889418191527,14.836630821228027,14.836630821228027,42450,0.0,0.0
2010-02-01 00:00:00-05:00,14.876679235708497,15.056881098737888,14.816611948032035,14.976791381835938,52050,0.0,0.0
2010-02-02 00:00:00-05:00,14.961769073913823,15.031848268242747,14.891689879584899,14.981791496276855,56400,0.0,0.0
2010-02-03 00:00:00-05:00,14.966778526756402,15.267114946588737,14.686464534912886,14.82662296295166,33450,0.0,0.0
2010-02-04 00:00:00-05:00,14.741528086228438,14.741528086228438,14.38112434535842,14.461214065551758,46500,0.0,0.0
2010-02-05 00:00:00-05:00,14.491249126114958,14.701485388605157,14.391138393264944,14.64642333984375,22200,0.0,0.0
2010-02-08 00:00:00-05:00,14.676453380840739,14.676453380840739,14.356094547341778,14.386127471923828,40200,0.0,0.0
2010-02-09 00:00:00-05:00,14.561328177098707,14.631407407765622,14.396142032862702,14.441193580627441,18900,0.0,0.0
2010-02-10 00:00:00-05:00,14.371110293574327,14.4411895044607,14.125835919705922,14.386127471923828,39900,0.0,0.0
2010-02-11 00:00:00-05:00,14.331066398688758,14.781571754511356,14.316050651451073,14.776566505432129,28350,0.0,0.0
2010-02-12 00:00:00-05:00,14.646419791232086,14.966778641509496,14.646419791232086,14.896700859069824,63600,0.0,0.0
2010-02-16 00:00:00-05:00,14.976787984619355,14.976787984619355,14.686462110646463,14.866663932800293,43800,0.0,0.0
2010-02-17 00:00:00-05:00,14.861654097996329,15.006817706240199,14.696469503364433,15.001811027526855,47250,0.0,0.0
2010-02-18 00:00:00-05:00,15.001818435759489,15.232077078324664,14.841639008624425,14.99180793762207,30600,0.0,0.0
2010-02-19 00:00:00-05:00,15.011828476971111,15.437304668728732,15.001816547976517,15.12195110321045,45150,0.0,0.0
2010-02-22 00:00:00-05:00,15.101928677338126,15.167002635510821,14.95676644779301,15.12195110321045,27600,0.0,0.0
2010-02-23 00:00:00-05:00,15.131966476411238,15.307163100699997,15.096926865130047,15.192033767700195,33150,0.0,0.0
2010-02-24 00:00:00-05:00,15.28213490831019,15.347208885210845,15.086915841842778,15.212057113647461,29400,0.0,0.0
2010-02-25 00:00:00-05:00,15.041861461897925,15.312164928350024,15.041861461897925,15.297147750854492,34950,0.0,0.0
2010-02-26 00:00:00-05:00,15.297150211751166,15.30215546101593,14.976791344932733,14.996813774108887,36300,0.0,0.0
2010-03-01 00:00:00-05:00,15.046870846675795,15.397262647803265,15.046870846675795,15.357217788696289,34200,0.0,0.0
2010-03-02 00:00:00-05:00,15.362218698687514,15.557437689719766,15.262108011315481,15.46233081817627,49200,0.0,0.0
2010-03-03 00:00:00-05:00,15.532411690799998,15.567451294424194,15.297147826633076,15.322176933288574,58950,0.0,0.0
2010-03-04 00:00:00-05:00,15.322181316964475,15.477354089192358,15.237084907800076,15.457331657409668,26550,0.0,0.0
2010-03-05 00:00:00-05:00,15.642539191487613,15.892821743317096,15.552438962231015,15.737646102905273,82200,0.0,0.0
2010-03-08 00:00:00-05:00,15.717618153542535,15.782692109738706,15.512388652613986,15.61750602722168,46800,0.0,0.0
2010-03-09 00:00:00-05:00,15.617507748145279,15.667564532879972,15.28213172998547,15.587474822998047,54450,0.0,0.0
2010-03-10 00:00:00-05:00,15.54241859624704,15.672563607475753,15.297142882272844,15.632518768310547,62850,0.0,0.0
2010-03-11 00:00:00-05:00,15.629997290762672,15.751355938154404,15.569317967066807,15.650223731994629,27750,0.21,0.0
2010-03-12 00:00:00-05:00,15.66033708335501,15.806978415060264,15.38727941370192,15.77663803100586,99150,0.0,0.0
2010-03-15 00:00:00-04:00,15.690679320581491,15.771585099462882,15.422677843004802,15.700793266296387,31350,0.0,0.0
2010-03-16 00:00:00-04:00,15.796869240395399,15.796869240395399,15.432791788719697,15.700793266296387,46350,0.0,0.0
2010-03-17 00:00:00-04:00,15.700788658793366,15.700788658793366,15.200183937193254,15.594598770141602,67200,0.0,0.0
2010-03-18 00:00:00-04:00,15.538982390986249,15.609774227261834,15.437848716233404,15.463132858276367,31500,0.0,0.0
2010-03-19 00:00:00-04:00,15.306367874145508,15.49851826269228,15.083877112996902,15.306367874145508,78000,0.0,0.0
2010-03-22 00:00:00-04:00,15.240634934086476,15.39739019188213,14.846220112368837,15.37210750579834,38250,0.0,0.0
2010-03-23 00:00:00-04:00,15.301313349733213,15.392333039679853,15.109162921393029,15.336709976196289,32250,0.0,0.0
2010-03-24 00:00:00-04:00,15.321539847299727,15.392331647112346,15.119274048685252,15.134444236755371,22200,0.0,0.0
2010-03-25 00:00:00-04:00,15.265922059907808,15.306374944256634,14.922071096233534,14.927128791809082,29550,0.0,0.0
2010-03-26 00:00:00-04:00,15.00297878215721,15.088940802417051,14.891732623354459,14.98275089263916,21150,0.0,0.0
2010-03-29 00:00:00-04:00,14.972638933088893,15.134450481378499,14.922072100893713,15.099055290222168,26700,0.0,0.0
2010-03-30 00:00:00-04:00,15.159734047708389,15.265922510581587,15.139506158227556,15.245696067810059,24900,0.0,0.0
2010-03-31 00:00:00-04:00,15.16984347420351,15.220410294248394,15.043427147445808,15.068711280822754,30000,0.0,0.0
2010-04-01 00:00:00-04:00,15.099055290222166,15.104111539428878,14.997921625831804,15.099055290222168,74250,0.0,0.0
2010-04-05 00:00:00-04:00,15.169842576258851,15.240634384080515,15.078822884249371,15.220409393310547,46500,0.0,0.0
2010-04-06 00:00:00-04:00,15.260863758049691,15.260863758049691,15.124334930061847,15.240635871887207,45600,0.0,0.0
2010-04-07 00:00:00-04:00,15.200188868037923,15.296264845109233,15.179960975982343,15.265924453735352,79500,0.0,0.0
2010-04-08 00:00:00-04:00,15.185011130664005,15.240632742708982,15.109161636609695,15.230520248413086,34050,0.0,0.0
2010-04-09 00:00:00-04:00,15.210298655798205,15.220412600022971,15.104110198338937,15.139505386352539,17250,0.0,0.0
2010-04-12 00:00:00-04:00,15.21535379461075,15.21535379461075,15.099052848119987,15.190071105957031,28050,0.0,0.0
2010-04-13 00:00:00-04:00,15.144562853796389,15.154675351159666,15.043429199908369,15.149619102478027,12150,0.0,0.0
2010-04-14 00:00:00-04:00,15.16984094251139,15.230520248413084,15.08387895416118,15.230520248413086,36900,0.0,0.0
2010-04-15 00:00:00-04:00,15.220415213592851,15.250754158058331,15.088942596350496,15.205245018005371,60000,0.0,0.0
2010-04-16 00:00:00-04:00,15.210302569687492,15.47830407674009,15.124340531848917,15.42773723602295,40800,0.0,0.0
2010-04-19 00:00:00-04:00,15.397394738399301,15.397394738399301,15.119280769229654,15.38222599029541,24000,0.0,0.0
2010-04-20 00:00:00-04:00,15.39739406628929,15.544036865234375,15.220413772460684,15.544036865234375,30150,0.0,0.0
2010-04-21 00:00:00-04:00,15.513696228200448,15.564263058990267,15.215355832655671,15.402451515197754,47850,0.0,0.0
2010-04-22 00:00:00-04:00,15.270979347923017,15.544037059213059,15.270979347923017,15.513696670532227,18300,0.0,0.0
2010-04-23 00:00:00-04:00,15.51369129244308,15.624937416761588,15.356937494298062,15.619879722595215,26850,0.0,0.0
2010-04-26 00:00:00-04:00,15.58448877286629,15.665394540977488,15.488412811556934,15.599658966064453,30450,0.0,0.0
2010-04-27 00:00:00-04:00,15.523810152173093,15.523810152173093,15.235582255148161,15.250752449035645,56700,0.0,0.0
2010-04-28 00:00:00-04:00,15.341773918491759,15.341773918491759,15.179960909719867,15.225471496582031,47250,0.0,0.0
2010-04-29 00:00:00-04:00,15.27603538856592,15.40750799320556,15.190073366326157,15.392337799072266,37800,0.0,0.0
2010-04-30 00:00:00-04:00,15.331652424915909,15.37210529551704,15.190067377811955,15.230520248413086,37650,0.0,0.0
2010-05-03 00:00:00-04:00,15.331662168860579,15.442908357069909,15.088944790996246,15.407511711120605,29400,0.0,0.0
2010-05-04 00:00:00-04:00,15.260861706071166,15.326597263778694,15.038370901999718,15.291200637817383,44100,0.0,0.0
2010-05-05 00:00:00-04:00,15.311427680426466,15.336710365666896,14.992860927586669,14.997917175292969,42450,0.0,0.0
2010-05-06 00:00:00-04:00,14.962524835353983,15.038374352184638,14.472032546997069,14.47203254699707,73500,0.0,0.0
2010-05-07 00:00:00-04:00,14.47709155400634,14.669243507027113,14.163580929617542,14.25965690612793,116400,0.0,0.0
2010-05-10 00:00:00-04:00,14.325391212640323,15.437845488527943,14.325391212640323,15.260865211486816,137400,0.0,0.0
2010-05-11 00:00:00-04:00,15.068716445189102,15.645170868376983,15.05860249903026,15.387283325195312,124350,0.0,0.0
2010-05-12 00:00:00-04:00,15.503581808061908,15.817090911938973,15.321543843862894,15.77663803100586,132150,0.0,0.0
2010-05-13 00:00:00-04:00,15.685618716347271,15.903053298402932,15.594599017020396,15.847430229187012,110250,0.0,0.0
2010-05-14 00:00:00-04:00,15.817097473752689,15.817097473752689,15.503588239814519,15.771588325500488,82950,0.0,0.0
2010-05-17 00:00:00-04:00,15.801922425896693,15.923282528507283,15.609771944074291,15.731130599975586,133800,0.0,0.0
2010-05-18 00:00:00-04:00,15.928338875107968,16.12554705383347,15.715960502624513,15.715960502624512,99150,0.0,0.0
2010-05-19 00:00:00-04:00,15.721017186024941,15.958678234995054,15.680562856372275,15.75135612487793,60900,0.0,0.0
2010-05-20 00:00:00-04:00,15.67045025408495,15.67045025408495,15.073769511308843,15.109166145324707,89850,0.0,0.0
2010-05-21 00:00:00-04:00,14.937238877409527,15.286146033607002,14.871503312635275,15.093994140625,64800,0.0,0.0
2010-05-24 00:00:00-04:00,15.023198126361137,15.240631198783964,14.790593420613863,14.967575073242188,31650,0.0,0.0
2010-05-25 00:00:00-04:00,14.719803077203592,14.846217935798117,14.502368536659047,14.765312194824219,71250,0.0,0.0
2010-05-26 00:00:00-04:00,14.98275415156427,15.301321056771382,14.871509415273787,14.942302703857422,96300,0.0,0.0
2010-05-27 00:00:00-04:00,15.190074104257786,15.326602964671297,14.927130328914073,15.270979881286621,55200,0.0,0.0
2010-05-28 00:00:00-04:00,15.27603685289781,15.356944080461208,15.038377206671536,15.205245018005371,38550,0.0,0.0
2010-06-01 00:00:00-04:00,15.028255989422513,15.286143402795224,14.745085893443125,14.770368576049805,70350,0.0,0.0
2010-06-02 00:00:00-04:00,14.815882022593435,15.114222393981487,14.77542913992079,15.109166145324707,64950,0.0,0.0
2010-06-03 00:00:00-04:00,15.169839090854442,15.483349523099955,15.06365068016521,15.306367874145508,64200,0.0,0.0
2010-06-04 00:00:00-04:00,15.11928317736638,15.270982256242517,14.790603768747596,14.795660018920898,78600,0.0,0.0
2010-06-07 00:00:00-04:00,14.775430200175755,15.00803501558931,14.60350471312539,14.643959045410156,48600,0.0,0.0
2010-06-08 00:00:00-04:00,14.659123904555146,14.815877694083582,14.573160468958392,14.770368576049805,71400,0.0,0.0
2010-06-09 00:00:00-04:00,14.856334610997346,14.95241056711914,14.755202406318924,14.815881729125977,79500,0.0,0.0
2010-06-10 00:00:00-04:00,14.957463920384928,15.34176767048308,14.93218123578654,15.336709976196289,75450,0.0,0.0
2010-06-11 00:00:00-04:00,15.040203542398558,15.500305248649966,15.040203542398558,15.336713790893555,94200,0.22,0.0
2010-06-14 00:00:00-04:00,15.249806060971478,15.592324575679982,15.249806060971478,15.408284187316895,47700,0.0,0.0
2010-06-15 00:00:00-04:00,15.56164622161233,15.617881129826834,15.433840808725009,15.5820951461792,59850,0.0,0.0
2010-06-16 00:00:00-04:00,15.43896360291936,16.062656975011073,15.43896360291936,15.939963340759277,91500,0.0,0.0
2010-06-17 00:00:00-04:00,16.042205482312934,16.098440421382534,15.888837732600074,16.077991485595703,25650,0.0,0.0
2010-06-18 00:00:00-04:00,16.103556466911375,16.21091304198455,15.924627866706984,16.175127029418945,92400,0.0,0.0
2010-06-21 00:00:00-04:00,16.32337392054735,16.32848578733679,16.03708890361916,16.144445419311523,69450,0.0,0.0
2010-06-22 00:00:00-04:00,16.231355378732438,16.34893563460216,15.77636556861376,15.822375297546387,54900,0.0,0.0
2010-06-23 00:00:00-04:00,15.699683150627905,15.88883541339072,15.592325156450078,15.781478881835938,46200,0.0,0.0
2010-06-24 00:00:00-04:00,15.73035806644098,16.016644629203462,15.648563786167314,15.771257400512695,34800,0.0,0.0
2010-06-25 00:00:00-04:00,15.883721807335554,16.425619198588358,15.868384743756964,16.410282135009766,148200,0.0,0.0
2010-06-28 00:00:00-04:00,16.435840817249368,16.461403074131425,16.262025661138487,16.26713752746582,66150,0.0,0.0
2010-06-29 00:00:00-04:00,16.08310211875584,16.113774788768893,15.934847711342595,16.031980514526367,52650,0.0,0.0
2010-06-30 00:00:00-04:00,16.072874315423768,16.221130161432505,16.001303788577232,16.052425384521484,75900,0.0,0.0
2010-07-01 00:00:00-04:00,16.2262433434272,16.272253076030097,15.720131896926246,15.893948554992676,61950,0.0,0.0
2010-07-02 00:00:00-04:00,16.031982790464507,16.07287920207995,15.79681928227976,15.888838768005371,43050,0.0,0.0
2010-07-06 00:00:00-04:00,16.062646576625596,16.231351311475997,15.87860624438906,15.93484115600586,93150,0.0,0.0
2010-07-07 00:00:00-04:00,15.94507680779824,16.19557743313384,15.934853068564431,16.175127029418945,72600,0.0,0.0
2010-07-08 00:00:00-04:00,16.30293002684073,16.30293002684073,15.945072913824847,16.231359481811523,67800,0.0,0.0
2010-07-09 00:00:00-04:00,16.16489973683222,16.36427723430089,16.10355292704365,16.354053497314453,49500,0.0,0.0
2010-07-12 00:00:00-04:00,16.251801761458562,16.37960866818955,16.134221513442906,16.14955711364746,43800,0.0,0.0
2010-07-13 00:00:00-04:00,16.31826492019609,16.425621454746516,16.205795055335194,16.400060653686523,85800,0.0,0.0
2010-07-14 00:00:00-04:00,16.277368699291323,16.527867792778526,16.10866388494187,16.246694564819336,46500,0.0,0.0
2010-07-15 00:00:00-04:00,16.236465334414692,16.374495980020352,16.09332428449688,16.292701721191406,56700,0.0,0.0
2010-07-16 00:00:00-04:00,16.175117387443333,16.175117387443333,15.689454960373139,15.704792022705078,52950,0.0,0.0
2010-07-19 00:00:00-04:00,15.699687941360303,15.9757478871151,15.459412541961328,15.939963340759277,94800,0.0,0.0
2010-07-20 00:00:00-04:00,15.72014099410222,16.16490590030845,15.520763420613376,16.154682159423828,89400,0.0,0.0
2010-07-21 00:00:00-04:00,16.262030225823963,16.308039960930092,15.638337017517653,15.735469818115234,81900,0.0,0.0
2010-07-22 00:00:00-04:00,15.93995824937445,16.15467277204484,15.878611451843344,16.123998641967773,53100,0.0,0.0
2010-07-23 00:00:00-04:00,16.006418792874207,16.481857626504567,15.919511185161507,16.44607162475586,91500,0.0,0.0
2010-07-26 00:00:00-04:00,16.543206759292424,16.890838701687226,16.49719555230203,16.87550163269043,105450,0.0,0.0
2010-07-27 00:00:00-04:00,17.197566479408327,17.31003632742376,16.839709467675082,17.0902099609375,118500,0.0,0.0
2010-07-28 00:00:00-04:00,17.05953950396878,17.233354702779224,16.79370191292388,16.8806095123291,43800,0.0,0.0
2010-07-29 00:00:00-04:00,17.07487811118968,17.172010925475547,16.56365469734737,17.131113052368164,96150,0.0,0.0
2010-07-30 00:00:00-04:00,16.90105877101312,17.24869060787269,16.895945441150904,16.993078231811523,58200,0.0,0.0
2010-08-02 00:00:00-04:00,17.25380085588817,17.36115737095217,17.100433152120033,17.29469871520996,72150,0.0,0.0
2010-08-03 00:00:00-04:00,17.18734237154989,17.417392466873483,17.131107448765903,17.289587020874023,76200,0.0,0.0
2010-08-04 00:00:00-04:00,17.396950062417996,17.59121570031223,17.27425643720797,17.509418487548828,73500,0.0,0.0
2010-08-05 00:00:00-04:00,17.50941280546888,17.892830625480943,16.993077665924744,17.049312591552734,57900,0.0,0.0
2010-08-06 00:00:00-04:00,16.844820793783796,16.99307515524165,16.394942917851086,16.74257469177246,60750,0.0,0.0
2010-08-09 00:00:00-04:00,16.768142446073142,17.601436895944353,16.768142446073142,17.28447914123535,85050,0.0,0.0
2010-08-10 00:00:00-04:00,17.079985803601527,18.475626479123218,16.9879663429204,18.286474227905273,218100,0.0,0.0
2010-08-11 00:00:00-04:00,18.11265597325776,18.138216767715164,17.402053893835706,17.575870513916016,115800,0.0,0.0
2010-08-12 00:00:00-04:00,16.599438058216478,17.580986856464616,16.599438058216478,17.207794189453125,58350,0.0,0.0
2010-08-13 00:00:00-04:00,17.202683310736276,17.499193617107977,17.202683310736276,17.4736328125,79650,0.0,0.0
2010-08-16 00:00:00-04:00,17.59632642976623,17.59632642976623,17.151561701520325,17.4736328125,40950,0.0,0.0
2010-08-17 00:00:00-04:00,17.69856273508729,18.16377617938488,17.67811380855358,17.831480026245117,64500,0.0,0.0
2010-08-18 00:00:00-04:00,17.887720318340403,17.887720318340403,17.38160891018117,17.69345474243164,55200,0.0,0.0
2010-08-19 00:00:00-04:00,17.6781189682486,17.6781189682486,17.085099925687086,17.253803253173828,91800,0.0,0.0
2010-08-20 00:00:00-04:00,17.197564488374585,17.289585395426553,16.79881112480991,17.105545043945312,81600,0.0,0.0
2010-08-23 00:00:00-04:00,17.223125244098654,17.412278924109152,17.120882067238387,17.269136428833008,67650,0.0,0.0
2010-08-24 00:00:00-04:00,17.085097360018604,17.320259317167224,17.085097360018604,17.15155601501465,35400,0.0,0.0
2010-08-25 00:00:00-04:00,17.136224607116848,17.662785079389867,17.110663802548533,17.62188720703125,62550,0.0,0.0
2010-08-26 00:00:00-04:00,17.67811864316403,17.698567575290117,17.504303451403818,17.586097717285156,36600,0.0,0.0
2010-08-27 00:00:00-04:00,17.6832348042154,17.949072449025667,17.509418107627663,17.86727523803711,58500,0.0,0.0
2010-08-30 00:00:00-04:00,17.877494583336627,17.93884137452056,17.54008650051356,17.560535430908203,40050,0.0,0.0
2010-08-31 00:00:00-04:00,17.534973972258292,17.724126205619363,17.46851531663783,17.606544494628906,61650,0.0,0.0
2010-09-01 00:00:00-04:00,17.882611551257842,18.00530516862381,17.6883473884067,17.928621292114258,74700,0.0,0.0
2010-09-02 00:00:00-04:00,18.030865570086032,18.046202637569664,17.683233661988766,17.805927276611328,38850,0.0,0.0
2010-09-03 00:00:00-04:00,17.954174938508324,17.974623864917252,17.662776640214183,17.88771629333496,52500,0.0,0.0
2010-09-07 00:00:00-04:00,17.892830722814317,17.974627909478205,17.652556880411154,17.69345474243164,81000,0.0,0.0
2010-09-08 00:00:00-04:00,17.770135020096586,17.790585411293836,17.478738153565548,17.550310134887695,66150,0.0,0.0
2010-09-09 00:00:00-04:00,17.673006310808432,17.82637402903043,17.52986378969195,17.800811767578125,75300,0.0,0.0
2010-09-10 00:00:00-04:00,17.87749612579766,17.96951558920151,17.678118671591974,17.90816879272461,89550,0.0,0.0
2010-09-13 00:00:00-04:00,18.078478963683125,18.161052585619473,17.877205391080075,18.073318481445312,79050,0.22,0.0
2010-09-14 00:00:00-04:00,18.068158860035023,18.161053450872807,17.773989210471942,17.970102310180664,83550,0.0,0.0
2010-09-15 00:00:00-04:00,17.94945793054034,18.114605173327348,17.763667282404956,17.985584259033203,51000,0.0,0.0
2010-09-16 00:00:00-04:00,17.975259012245314,18.07331554147717,17.784307911712542,17.86172103881836,39600,0.0,0.0
2010-09-17 00:00:00-04:00,17.954612915809093,18.140403507063336,17.794627680739435,17.825592041015625,67950,0.0,0.0
2010-09-20 00:00:00-04:00,17.95461434890502,18.269427316612745,17.77914618142562,18.253944396972656,64500,0.0,0.0
2010-09-21 00:00:00-04:00,18.181691781652205,18.181691781652205,17.820431560391654,17.825592041015625,49200,0.0,0.0
2010-09-22 00:00:00-04:00,17.815276036121773,18.217823200793866,17.768828740669733,18.197179794311523,81600,0.0,0.0
2010-09-23 00:00:00-04:00,18.145573869885006,18.217825061686977,17.81011737288148,17.851404190063477,35700,0.0,0.0
2010-09-24 00:00:00-04:00,17.98557858437991,18.377803162247766,17.98557858437991,18.351999282836914,74250,0.0,0.0
2010-09-27 00:00:00-04:00,18.32104264985197,18.666818618774414,18.32104264985197,18.666818618774414,45150,0.0,0.0
2010-09-28 00:00:00-04:00,18.69261999927587,18.69261999927587,18.181695402445534,18.61004638671875,46050,0.0,0.0
2010-09-29 00:00:00-04:00,18.49650467745248,18.790672767210705,18.424252037002404,18.759708404541016,67500,0.0,0.0
2010-09-30 00:00:00-04:00,18.82680262206035,19.059042030080814,18.61004761308056,18.6926212310791,70650,0.0,0.0
2010-10-01 00:00:00-04:00,18.759711371061194,18.904215198279626,18.63585094773111,18.86292839050293,24450,0.0,0.0
2010-10-04 00:00:00-04:00,18.75971436140418,18.899057728995363,18.475867143560308,18.630693435668945,38700,0.0,0.0
2010-10-05 00:00:00-04:00,18.79584222466714,19.389340598556156,18.78551978197007,19.353214263916016,101550,0.0,0.0
2010-10-06 00:00:00-04:00,19.394501081638154,19.492557642861502,19.15194065838732,19.353214263916016,38700,0.0,0.0
2010-10-07 00:00:00-04:00,19.482230276075292,19.51835512231403,19.136451445586978,19.327404022216797,48000,0.0,0.0
2010-10-08 00:00:00-04:00,19.389339340233693,19.8589772304779,19.275799860599722,19.755760192871094,44100,0.0,0.0
2010-10-11 00:00:00-04:00,19.7247950382144,19.838334521848292,19.62673847990022,19.673187255859375,20700,0.0,0.0
2010-10-12 00:00:00-04:00,19.559647127273962,19.78672461052117,19.353213051594683,19.724794387817383,40650,0.0,0.0
2010-10-13 00:00:00-04:00,19.853813634785773,20.04992523722323,19.440944072560765,19.90026092529297,39300,0.0,0.0
2010-10-14 00:00:00-04:00,19.936387127700304,19.936387127700304,19.39449809760541,19.508037567138672,34200,0.0,0.0
2010-10-15 00:00:00-04:00,19.724789374431392,19.724789374431392,19.389334455847298,19.533838272094727,53400,0.0,0.0
2010-10-18 00:00:00-04:00,19.39965293211405,19.95186424255371,19.39965293211405,19.95186424255371,25500,0.0,0.0
2010-10-19 00:00:00-04:00,19.72995363570024,20.111855884957116,19.569966879901894,19.71963119506836,42900,0.0,0.0
2010-10-20 00:00:00-04:00,19.853815348915475,19.96735334401707,19.64221932932995,19.693828582763672,24000,0.0,0.0
2010-10-21 00:00:00-04:00,19.693829379430387,19.791885931348094,18.625531226586034,18.837125778198242,103950,0.0,0.0
2010-10-22 00:00:00-04:00,18.842288212616165,18.88873551018404,18.568763433398374,18.806161880493164,35850,0.0,0.0
2010-10-25 00:00:00-04:00,18.873248381249947,19.11064825199415,18.64617095018415,18.87841033935547,78150,0.0,0.0
2010-10-26 00:00:00-04:00,18.72874160759509,19.00742824003333,18.579077329858023,18.852602005004883,49050,0.0,0.0
2010-10-27 00:00:00-04:00,18.857765667564454,18.9971089963841,18.661652615665318,18.904212951660156,71700,0.0,0.0
2010-10-28 00:00:00-04:00,18.981626009292004,19.09000349731095,18.7339051929444,19.043556213378906,36300,0.0,0.0
2010-10-29 00:00:00-04:00,18.924861606095078,19.30160341772414,18.801001163104733,18.935182571411133,107850,0.0,0.0
2010-11-01 00:00:00-04:00,18.924859070919744,19.002272206551677,18.439738329261225,18.65133285522461,45600,0.0,0.0
2010-11-02 00:00:00-04:00,18.84744588106488,19.32224418089122,18.062995039601645,19.27579689025879,38700,0.0,0.0
2010-11-03 00:00:00-04:00,19.265474319458008,19.55964243763774,18.95582328018128,19.265474319458008,70800,0.0,0.0
2010-11-04 00:00:00-04:00,19.508036296486452,19.7041478994527,18.940341938862492,19.27579689025879,94800,0.0,0.0
2010-11-05 00:00:00-04:00,18.837120623189826,19.02807319217646,18.656491969628316,18.924856185913086,51000,0.0,0.0
2010-11-08 00:00:00-05:00,18.971306183759204,19.477070325073967,18.92485889342876,19.44610595703125,51000,0.0,0.0
2010-11-09 00:00:00-05:00,19.544163861990505,19.740275477386973,19.21902985388988,19.35837173461914,62700,0.0,0.0
2010-11-10 00:00:00-05:00,19.45125484963594,19.760905728232725,19.36868128201013,19.714458465576172,39000,0.0,0.0
2010-11-11 00:00:00-05:00,19.49255559604014,20.049927576762013,19.415142451806652,19.977676391601562,60750,0.0,0.0
2010-11-12 00:00:00-05:00,19.41513819724093,20.055085141033583,19.41513819724093,19.889936447143555,83400,0.0,0.0
2010-11-15 00:00:00-05:00,20.029278873952446,20.307965528889873,19.93638283012913,20.132495880126953,47400,0.0,0.0
2010-11-16 00:00:00-05:00,20.049931390627055,20.075735284768953,19.492559303882782,19.63190269470215,82500,0.0,0.0
2010-11-17 00:00:00-05:00,19.621572474199088,19.652538316122744,19.21902686491983,19.286117553710938,51000,0.0,0.0
2010-11-18 00:00:00-05:00,19.52351486235451,19.5751241038585,19.193220441633077,19.260311126708984,58500,0.0,0.0
2010-11-19 00:00:00-05:00,19.24999174686536,19.58028619474023,18.997110429344325,19.559642791748047,45750,0.0,0.0
2010-11-22 00:00:00-05:00,19.5080376839977,19.77640195950872,19.322245555187983,19.59577178955078,62850,0.0,0.0
2010-11-23 00:00:00-05:00,19.2912812613728,19.35837196138385,19.03839843181401,19.229351043701172,40200,0.0,0.0
2010-11-24 00:00:00-05:00,19.30676272459976,19.698987406852996,19.30676272459976,19.611251831054688,61950,0.0,0.0
2010-11-26 00:00:00-05:00,19.477076202524515,19.611257632088435,19.409985487742553,19.502880096435547,11400,0.0,0.0
2010-11-29 00:00:00-05:00,19.48223193832004,19.6009304030021,19.100326752475844,19.564804077148438,31500,0.0,0.0
2010-11-30 00:00:00-05:00,19.50803527026107,19.50803527026107,19.06936184370718,19.399656295776367,47100,0.0,0.0
2010-12-01 00:00:00-05:00,19.595776054542537,20.003483777131404,19.575132644240988,19.791889190673828,59550,0.0,0.0
2010-12-02 00:00:00-05:00,19.884777494829414,20.029281321129194,19.735113186723535,19.962190628051758,38850,0.0,0.0
2010-12-03 00:00:00-05:00,19.8434882932466,20.153139312244626,19.544159713148105,20.024118423461914,49050,0.0,0.0
2010-12-06 00:00:00-05:00,19.941541416793104,19.987988692586757,19.771233754528183,19.812519073486328,32250,0.0,0.0
2010-12-07 00:00:00-05:00,20.36989768122202,20.83437499170644,20.06540711474589,20.725996017456055,116700,0.0,0.0
2010-12-08 00:00:00-05:00,20.77244508517475,21.329818496120765,20.746641198085115,20.89630699157715,64950,0.0,0.0
2010-12-09 00:00:00-05:00,20.93759558322878,21.102742837108206,20.648586412406864,20.885986328125,58200,0.0,0.0
2010-12-10 00:00:00-05:00,20.99436426530557,21.025328635584643,20.612460521644707,20.78276824951172,60000,0.0,0.0
2010-12-13 00:00:00-05:00,20.897248044186007,20.897248044186007,20.611057034742974,20.777568817138672,38850,0.22,0.0
2010-12-14 00:00:00-05:00,20.84000671392009,21.141808516905463,20.798378776354348,21.032535552978516,61350,0.0,0.0
2010-12-15 00:00:00-05:00,21.068958654465916,21.490441115806185,21.05855092655595,21.329133987426758,81750,0.0,0.0
2010-12-16 00:00:00-05:00,21.292705943757422,21.85468296989692,21.136600469908164,21.682968139648438,61200,0.0,0.0
2010-12-17 00:00:00-05:00,21.70379028462528,21.740213618685036,21.271898509342282,21.39678382873535,94200,0.0,0.0
2010-12-20 00:00:00-05:00,21.365556589261118,21.599713338878303,20.866021396087227,21.360353469848633,66150,0.0,0.0
2010-12-21 00:00:00-05:00,21.506054935698394,21.67776981572083,21.256287296126644,21.662158966064453,74850,0.0,0.0
2010-12-22 00:00:00-05:00,21.74541356380638,21.771430650763474,21.401982358789695,21.469627380371094,57600,0.0,0.0
2010-12-23 00:00:00-05:00,21.46962818068154,21.708989558059997,21.433203364344397,21.485239028930664,17850,0.0,0.0
2010-12-27 00:00:00-05:00,21.396778119411255,21.79224347764669,21.396778119411255,21.615324020385742,20250,0.0,0.0
2010-12-28 00:00:00-05:00,21.64654425982764,21.85468390807357,21.50604962507859,21.70378303527832,48750,0.0,0.0
2010-12-29 00:00:00-05:00,21.833873075561538,21.880704130952264,21.641344245496693,21.82346534729004,39300,0.0,0.0
2010-12-30 00:00:00-05:00,21.844282808388762,21.958758897485776,21.615327652729647,21.651752471923828,36900,0.0,0.0
2010-12-31 00:00:00-05:00,21.64134616001637,21.844282736305665,21.604921340942383,21.604921340942383,34800,0.0,0.0
2011-01-03 00:00:00-05:00,21.693379227834747,21.708990076456647,21.521664359191238,21.62053108215332,50700,0.0,0.0
2011-01-04 00:00:00-05:00,21.708991469184095,21.708991469184095,20.813990762608913,20.886838912963867,48150,0.0,0.0
2011-01-05 00:00:00-05:00,20.81919125640474,21.1053851880848,20.356080823169005,21.032535552978516,61050,0.0,0.0
2011-01-06 00:00:00-05:00,20.918054750001353,20.923259357942698,20.29883890215128,20.532997131347656,77100,0.0,0.0
2011-01-07 00:00:00-05:00,20.5850347986453,20.787971369604914,20.18436626555177,20.78276824951172,75900,0.0,0.0
2011-01-10 00:00:00-05:00,20.689101338296684,20.761950962890904,20.517386492799254,20.585031509399414,79050,0.0,0.0
2011-01-11 00:00:00-05:00,20.611047365323913,21.032529744596562,20.506976061417607,20.985698699951172,30150,0.0,0.0
2011-01-12 00:00:00-05:00,21.167819055231735,21.167819055231735,20.683893348267954,20.819183349609375,27000,0.0,0.0
2011-01-13 00:00:00-05:00,20.91805300445152,21.162617451657905,20.897239040619745,21.001310348510742,20550,0.0,0.0
2011-01-14 00:00:00-05:00,21.089775047176843,21.21986198425293,20.97009435047523,21.21986198425293,27450,0.0,0.0
2011-01-18 00:00:00-05:00,21.14181131969774,21.27710287908838,21.016927490444537,21.27189826965332,23100,0.0,0.0
2011-01-19 00:00:00-05:00,21.271889051539695,21.27709365871935,20.527789519176324,20.678691864013672,40800,0.0,0.0
2011-01-20 00:00:00-05:00,20.53819640598566,20.751539140945248,20.53819640598566,20.704708099365234,25800,0.0,0.0
2011-01-21 00:00:00-05:00,20.79316627069478,20.886829839011998,20.683893348267954,20.819183349609375,43650,0.0,0.0
2011-01-24 00:00:00-05:00,20.77235230981672,20.886829839011998,20.647468544548374,20.819183349609375,22200,0.0,0.0
2011-01-25 00:00:00-05:00,20.80358308910034,20.876432728383318,20.657885299266947,20.845211029052734,27750,0.0,0.0
2011-01-26 00:00:00-05:00,20.886838059161644,21.01172187357882,20.647476670495802,20.91285514831543,26700,0.0,0.0
2011-01-27 00:00:00-05:00,20.93367083095254,20.980501893009308,20.787973035539448,20.860822677612305,25050,0.0,0.0
2011-01-28 00:00:00-05:00,20.928459492059062,20.96488429879186,20.12712118759777,20.179155349731445,49800,0.0,0.0
2011-01-31 00:00:00-05:00,20.220792598134103,20.40811833411166,19.866953608110553,20.34567642211914,56100,0.0,0.0
2011-02-01 00:00:00-05:00,20.40811161315063,20.496570587158203,20.199970486322975,20.496570587158203,72900,0.0,0.0
2011-02-02 00:00:00-05:00,20.392500727256703,20.527790747381705,20.37168676348885,20.408111572265625,22050,0.0,0.0
2011-02-03 00:00:00-05:00,20.330065595223335,20.55381466357001,20.278029924136995,20.522594451904297,50400,0.0,0.0
2011-02-04 00:00:00-05:00,20.449739499801336,20.45494261856027,20.293634027176363,20.408111572265625,31950,0.0,0.0
2011-02-07 00:00:00-05:00,20.423725361977855,20.621457301915513,20.293636953123457,20.564218521118164,60000,0.0,0.0
2011-02-08 00:00:00-05:00,20.491369869070216,20.56942262035406,20.35607982299513,20.543405532836914,22500,0.0,0.0
2011-02-09 00:00:00-05:00,20.408110310706686,20.80877871628693,20.382091741056154,20.720319747924805,36000,0.0,0.0
2011-02-10 00:00:00-05:00,20.62145611283131,20.876428307596324,20.475758353850836,20.532997131347656,27900,0.0,0.0
2011-02-11 00:00:00-05:00,20.5538162047234,20.72032947144551,20.40811988771542,20.68390464782715,37800,0.0,0.0
2011-02-14 00:00:00-05:00,20.626666897313267,20.88163769809817,20.553817246384554,20.709922790527344,34950,0.0,0.0
2011-02-15 00:00:00-05:00,20.730730831780274,20.730730831780274,20.574626821039086,20.657882690429688,20550,0.0,0.0
2011-02-16 00:00:00-05:00,20.621453854030204,20.746337633762707,20.621453854030204,20.735931396484375,14400,0.0,0.0
2011-02-17 00:00:00-05:00,20.689106302183124,20.860822677612305,20.460152623676837,20.860822677612305,35100,0.0,0.0
2011-02-18 00:00:00-05:00,20.954477011032868,21.08456390781765,20.855610314434323,20.985698699951172,42150,0.0,0.0
2011-02-22 00:00:00-05:00,20.845209046532013,20.970092854511908,20.74634232636482,20.798377990722656,34650,0.0,0.0
2011-02-23 00:00:00-05:00,20.923264329500665,21.027334182071804,20.62146101267806,20.647478103637695,38550,0.0,0.0
2011-02-24 00:00:00-05:00,20.76715781934617,20.840007457050184,20.480965366193303,20.668291091918945,32700,0.0,0.0
2011-02-25 00:00:00-05:00,20.75154457326405,20.98570281992577,20.631863890134596,20.95448112487793,31800,0.0,0.0
2011-02-28 00:00:00-05:00,21.001315743875328,21.256286494135065,20.897244409247776,21.251083374023438,80250,0.0,0.0
2011-03-01 00:00:00-05:00,21.282296734917416,21.56848909121703,20.350871541700357,20.720319747924805,120900,0.0,0.0
2011-03-02 00:00:00-05:00,20.60584777381919,20.720325342742612,20.257213435939125,20.71512222290039,52500,0.0,0.0
2011-03-03 00:00:00-05:00,20.94406802671123,21.42279063648043,20.92845867192204,21.16781997680664,35400,0.0,0.0
2011-03-04 00:00:00-05:00,21.16782522153447,21.526865779088464,20.97009179122614,21.454017639160156,66450,0.0,0.0
2011-03-07 00:00:00-05:00,21.485234737936995,21.79744419690338,21.313519907688516,21.682968139648438,51750,0.0,0.0
2011-03-08 00:00:00-05:00,21.682966956733903,22.09404309412975,21.682966956733903,21.91192054748535,120450,0.0,0.0
2011-03-09 00:00:00-05:00,21.896321137150323,22.09925775256089,21.896321137150323,22.088850021362305,56100,0.0,0.0
2011-03-10 00:00:00-05:00,21.905295424502878,21.905295424502878,21.234030120782776,21.643081665039062,85800,0.22,0.0
2011-03-11 00:00:00-05:00,21.4438014026393,21.669304974902523,21.22354171567615,21.344160079956055,31050,0.0,0.0
2011-03-14 00:00:00-04:00,21.113409783300362,21.286469978102566,20.94559347309309,21.123897552490234,50100,0.0,0.0
2011-03-15 00:00:00-04:00,20.017360890576207,20.452634874824728,19.75514712281813,20.38970375061035,97800,0.0,0.0
2011-03-16 00:00:00-04:00,20.373970504802383,21.23403069901053,20.363482734344316,21.05572509765625,93300,0.0,0.0
2011-03-17 00:00:00-04:00,21.160613793104996,21.39660667207735,20.950843345393967,21.349407196044922,40200,0.0,0.0
2011-03-18 00:00:00-04:00,21.412327919815006,21.685030869649427,21.14487035392053,21.485748291015625,91950,0.0,0.0
2011-03-21 00:00:00-04:00,21.601127621181657,22.02066993713379,21.601127621181657,22.02066993713379,71100,0.0,0.0
2011-03-22 00:00:00-04:00,21.9000462763039,22.14128293705144,21.632588696030396,21.72174072265625,35400,0.0,0.0
2011-03-23 00:00:00-04:00,21.700762842544336,21.957732645166722,21.485748610085263,21.858091354370117,57900,0.0,0.0
2011-03-24 00:00:00-04:00,22.020674219100915,22.020674219100915,21.506735869910468,21.62211036682129,22200,0.0,0.0
2011-03-25 00:00:00-04:00,21.611620754669044,22.141292254279954,21.595887596174453,21.915788650512695,34800,0.0,0.0
2011-03-28 00:00:00-04:00,21.868580014007385,21.936756505458447,21.428062263473187,21.433307647705078,32250,0.0,0.0
2011-03-29 00:00:00-04:00,21.485755485832627,21.496244756829142,21.270741184565917,21.344160079956055,61200,0.0,0.0
2011-03-30 00:00:00-04:00,21.44380473534,21.821391542762804,21.354652669797655,21.62211036682129,149400,0.0,0.0
2011-03-31 00:00:00-04:00,21.63784047017739,21.936764463202586,21.459536351906408,21.826635360717773,65100,0.0,0.0
2011-04-01 00:00:00-04:00,21.879070070961046,22.151771545410156,21.847603766018917,22.151771545410156,31050,0.0,0.0
2011-04-04 00:00:00-04:00,22.157020085016963,22.387766018936397,22.010179308238065,22.24092674255371,62250,0.0,0.0
2011-04-05 00:00:00-04:00,22.298615065345267,22.361546186868683,22.19897374783412,22.314348220825195,53400,0.0,0.0
2011-04-06 00:00:00-04:00,22.38776958628604,22.59754151494049,22.28812825776438,22.49265480041504,89250,0.0,0.0
2011-04-07 00:00:00-04:00,22.539849193768337,22.5503384630162,22.340566581624042,22.40349769592285,33750,0.0,0.0
2011-04-08 00:00:00-04:00,22.25666005230031,22.445453408964568,22.025912616377326,22.073110580444336,74850,0.0,0.0
2011-04-11 00:00:00-04:00,21.994441986083984,22.01542052198849,21.742717559981106,21.994441986083984,46350,0.0,0.0
2011-04-12 00:00:00-04:00,21.884318123298932,22.057379832651755,21.695524758874633,21.732234954833984,39900,0.0,0.0
2011-04-13 00:00:00-04:00,21.942002395331627,21.942002395331627,21.281224958921086,21.370378494262695,37350,0.0,0.0
2011-04-14 00:00:00-04:00,21.260251724003997,21.59588438655797,21.087191507473694,21.5329532623291,41700,0.0,0.0
2011-04-15 00:00:00-04:00,21.459532584111003,22.041645809948225,21.41233311956479,22.031156539916992,69600,0.0,0.0
2011-04-18 00:00:00-04:00,21.98395952289916,21.98395952289916,21.39135700149968,21.648326873779297,35550,0.0,0.0
2011-04-19 00:00:00-04:00,21.58015480669766,21.88432270774254,21.470025696145463,21.742727279663086,59700,0.0,0.0
2011-04-20 00:00:00-04:00,21.952492501355138,21.962980270385742,21.758453770327595,21.962980270385742,21450,0.0,0.0
2011-04-21 00:00:00-04:00,22.01542694087158,22.06786879473515,21.76894482628588,21.884319305419922,30600,0.0,0.0
2011-04-25 00:00:00-04:00,21.784675541114368,21.8895622378792,21.637836266198278,21.847606658935547,19050,0.0,0.0
2011-04-26 00:00:00-04:00,21.842362633820876,22.52411715603302,21.816141709996305,22.455942153930664,77100,0.0,0.0
2011-04-27 00:00:00-04:00,22.44021283394598,22.62376233287435,22.225197020734377,22.434968948364258,46200,0.0,0.0
2011-04-28 00:00:00-04:00,22.41923652932776,22.560831947471165,22.361549284840226,22.445457458496094,52050,0.0,0.0
2011-04-29 00:00:00-04:00,22.445452319612375,22.58180382078375,22.387765088332326,22.440208435058594,69000,0.0,0.0
2011-05-02 00:00:00-04:00,22.44021069015346,22.529362738111548,22.073111727366985,22.083600997924805,39000,0.0,0.0
2011-05-03 00:00:00-04:00,22.13080177829042,22.387770184675713,21.936764502064577,21.94725227355957,51000,0.0,0.0
2011-05-04 00:00:00-04:00,21.863338943005306,21.879072096933243,21.144874251188533,21.317935943603516,141000,0.0,0.0
2011-05-05 00:00:00-04:00,21.134392417391407,21.53295625965316,21.024263309760325,21.087194442749023,63300,0.0,0.0
2011-05-06 00:00:00-04:00,21.19207797456694,21.53819842820728,21.160611660383392,21.41758155822754,56700,0.0,0.0
2011-05-09 00:00:00-04:00,21.459527691579595,21.921022459021252,21.459527691579595,21.858091354370117,70500,0.0,0.0
2011-05-10 00:00:00-04:00,21.847609452283418,22.115067112318556,21.664061460467742,22.10982322692871,52050,0.0,0.0
2011-05-11 00:00:00-04:00,21.999685319061534,21.999685319061534,21.223533577214877,21.30744171142578,79650,0.0,0.0
2011-05-12 00:00:00-04:00,21.25500893231383,22.130800831323896,21.202565575893402,22.12555694580078,127500,0.0,0.0
2011-05-13 00:00:00-04:00,22.130795433058072,22.130795433058072,21.291713938176056,21.726987838745117,40950,0.0,0.0
2011-05-16 00:00:00-04:00,21.52245865065057,21.784670834725393,21.218290896696228,21.234024047851562,47250,0.0,0.0
2011-05-17 00:00:00-04:00,21.18682446551763,21.695518680209585,21.18682446551763,21.42281723022461,44400,0.0,0.0
2011-05-18 00:00:00-04:00,21.50148695001649,21.53819714758242,21.213053755931433,21.5329532623291,28500,0.0,0.0
2011-05-19 00:00:00-04:00,21.685039114390104,21.690282999927934,21.323184005144018,21.5224666595459,43950,0.0,0.0
2011-05-20 00:00:00-04:00,21.386107715779804,21.401840867333245,21.176337363053616,21.291711807250977,54150,0.0,0.0
2011-05-23 00:00:00-04:00,21.08194898536825,21.16585866280048,20.767293321484473,20.793514251708984,37350,0.0,0.0
2011-05-24 00:00:00-04:00,20.887909482656898,21.003283964025798,20.484101798658543,20.52605438232422,50400,0.0,0.0
2011-05-25 00:00:00-04:00,20.494587410698166,20.75155577341175,20.269083857518623,20.615205764770508,55800,0.0,0.0
2011-05-26 00:00:00-04:00,20.615206706502676,21.029503637000857,20.321526635190548,20.835466384887695,37350,0.0,0.0
2011-05-27 00:00:00-04:00,20.84595648784845,21.019016718548233,20.819735559038644,20.97706413269043,21450,0.0,0.0
2011-05-31 00:00:00-04:00,21.0924364648232,21.25500891911018,21.01377218043964,21.207809448242188,91200,0.0,0.0
2011-06-01 00:00:00-04:00,21.218297354069218,21.29171774820759,20.53129888210109,20.662405014038086,48750,0.0,0.0
2011-06-02 00:00:00-04:00,20.630941237589667,20.783024418282356,20.45787951432239,20.777780532836914,39300,0.0,0.0
2011-06-03 00:00:00-04:00,20.484104680354584,20.751560878578637,20.12749341526263,20.1851806640625,52500,0.0,0.0
2011-06-06 00:00:00-04:00,20.158961664498644,20.526059236660792,19.985901401913583,20.16420555114746,42900,0.0,0.0
2011-06-07 00:00:00-04:00,20.332015093428502,20.861686477250583,20.332015093428502,20.489343643188477,37050,0.0,0.0
2011-06-08 00:00:00-04:00,20.452625285964604,20.79874705706863,20.37396104247792,20.43164825439453,34050,0.0,0.0
2011-06-09 00:00:00-04:00,20.536536690757657,20.536536690757657,20.242858201892943,20.394941329956055,69300,0.0,0.0
2011-06-10 00:00:00-04:00,20.253350488302384,20.368723447354718,19.928204148002568,19.943937301635742,61800,0.0,0.0
2011-06-13 00:00:00-04:00,19.983628911784457,20.195321217677037,19.941292267564314,20.11064338684082,41700,0.23,0.0
2011-06-14 00:00:00-04:00,20.3117556377251,20.3117556377251,20.110648576588908,20.216495513916016,31050,0.0,0.0
2011-06-15 00:00:00-04:00,20.19002781228404,20.19002781228404,20.020675178875557,20.11064338684082,51150,0.0,0.0
2011-06-16 00:00:00-04:00,20.12652727155664,20.380556306193718,19.93071360255701,20.131820678710938,36750,0.0,0.0
2011-06-17 00:00:00-04:00,20.237659765673314,20.454642452872594,19.994214593395483,20.01009178161621,90300,0.0,0.0
2011-06-20 00:00:00-04:00,19.967752480205178,20.22707331173743,19.967752480205178,20.168859481811523,39000,0.0,0.0
2011-06-21 00:00:00-04:00,20.26412860473386,20.512865764953748,20.168868466686085,20.44406509399414,22650,0.0,0.0
2011-06-22 00:00:00-04:00,20.322338937009867,20.586951711887654,20.322338937009867,20.391138076782227,32250,0.0,0.0
2011-06-23 00:00:00-04:00,20.11064691869287,20.682213670957598,20.11064691869287,20.65045928955078,28350,0.0,0.0
2011-06-24 00:00:00-04:00,20.66633301458656,21.07913081885703,20.64516393524274,21.026208877563477,114300,0.0,0.0
2011-06-27 00:00:00-04:00,21.063256377224157,21.121471731543274,20.930949992607044,21.09501075744629,78900,0.0,0.0
2011-06-28 00:00:00-04:00,21.084424228400405,21.169102066005127,21.03679417498008,21.12676239013672,35550,0.0,0.0
2011-06-29 00:00:00-04:00,21.15851052529124,21.17967959991307,21.04207985780538,21.132049560546875,34650,0.0,0.0
2011-06-30 00:00:00-04:00,21.147930309740758,21.25377570826941,21.142638418347328,21.18497657775879,26400,0.0,0.0
2011-07-01 00:00:00-04:00,21.190268416437256,21.59248244397756,21.190268416437256,21.460174560546875,28350,0.0,0.0
2011-07-05 00:00:00-04:00,21.439010138222443,21.460179222474203,21.163812042949576,21.243196487426758,74700,0.0,0.0
2011-07-06 00:00:00-04:00,21.20085676049495,21.43371667014728,21.20085676049495,21.301408767700195,38550,0.0,0.0
2011-07-07 00:00:00-04:00,21.454885309156396,21.454885309156396,21.179687239803823,21.23261070251465,36150,0.0,0.0
2011-07-08 00:00:00-04:00,21.100298248851836,21.169098886940297,21.026207234005945,21.073837280273438,25650,0.0,0.0
2011-07-11 00:00:00-04:00,20.819811126343115,21.105592956216643,20.819811126343115,20.967994689941406,28200,0.0,0.0
2011-07-12 00:00:00-04:00,20.883318041925385,21.031501603210735,20.883318041925385,20.893901824951172,23100,0.0,0.0
2011-07-13 00:00:00-04:00,20.978584773960584,21.216738136870955,20.851570252728067,20.98917007446289,26100,0.0,0.0
2011-07-14 00:00:00-04:00,20.9415330417096,21.089718125369835,20.90448677079454,20.936241149902344,25350,0.0,0.0
2011-07-15 00:00:00-04:00,20.925656528913322,21.17439208935426,20.666334157017257,20.967994689941406,70950,0.0,0.0
2011-07-18 00:00:00-04:00,20.840985617861868,20.89390909379866,20.666341024122346,20.70867919921875,38850,0.0,0.0
2011-07-19 00:00:00-04:00,20.81452342655487,20.909785072048418,20.692802315830463,20.867446899414062,31200,0.0,0.0
2011-07-20 00:00:00-04:00,20.946828433079993,21.14264207569773,20.729844192962325,20.862152099609375,76500,0.0,0.0
2011-07-21 00:00:00-04:00,20.862146503382498,21.132052622451415,20.777468678494248,21.073837280273438,35400,0.0,0.0
2011-07-22 00:00:00-04:00,21.116176164806298,21.132053352154333,20.729839348040976,20.930946350097656,30600,0.0,0.0
2011-07-25 00:00:00-04:00,20.682215717027617,20.840983097371655,20.650461332479374,20.788061141967773,26550,0.0,0.0
2011-07-26 00:00:00-04:00,20.740424108342513,20.83039231076989,20.645162500847963,20.735132217407227,34200,0.0,0.0
2011-07-27 00:00:00-04:00,20.6398742575185,20.719258692104617,20.380551872145993,20.39642906188965,35400,0.0,0.0
2011-07-28 00:00:00-04:00,20.37525985204246,20.698087942103445,20.36996644646649,20.54461097717285,102300,0.0,0.0
2011-07-29 00:00:00-04:00,20.295875325369128,20.72454881288898,20.02596917932136,20.433473587036133,47250,0.0,0.0
2011-08-01 00:00:00-04:00,20.63458187021135,20.71396478875933,20.528736464681927,20.586950302124023,47550,0.0,0.0
2011-08-02 00:00:00-04:00,20.645168120389062,21.163811426516943,20.645168120389062,20.809228897094727,79200,0.0,0.0
2011-08-03 00:00:00-04:00,20.75631011886994,21.01033916133498,20.69809475143857,20.98917007446289,48150,0.0,0.0
2011-08-04 00:00:00-04:00,20.851566833564487,21.084426750973922,20.29587877282504,20.375263214111328,68850,0.0,0.0
2011-08-05 00:00:00-04:00,19.05748547769582,21.105596227548137,19.052193585280094,20.846275329589844,133050,0.0,0.0
2011-08-08 00:00:00-04:00,20.364674611299144,21.142638678593755,19.808985126584684,20.269412994384766,231300,0.0,0.0
2011-08-09 00:00:00-04:00,20.534028301422413,21.962943543440254,20.115938572168073,21.95235824584961,162900,0.0,0.0
2011-08-10 00:00:00-04:00,21.380791671140535,21.93648118760087,20.518151234699104,20.613412857055664,71850,0.0,0.0
2011-08-11 00:00:00-04:00,20.798641251662215,21.465468019458726,20.518149809962278,21.18497657775879,92700,0.0,0.0
2011-08-12 00:00:00-04:00,21.38608174053568,21.38608174053568,20.69279406166118,20.735132217407227,57300,0.0,0.0
2011-08-15 00:00:00-04:00,20.978577985050826,21.01562425362151,20.724549024792488,20.957408905029297,67350,0.0,0.0
2011-08-16 00:00:00-04:00,20.761601570746013,21.3966741634095,20.507571019548124,21.190275192260742,65850,0.0,0.0
2011-08-17 00:00:00-04:00,21.37549591064453,21.66127921185838,21.105589795971863,21.37549591064453,54900,0.0,0.0
2011-08-18 00:00:00-04:00,20.883318855498004,21.06325528700273,20.507565774935067,20.67691993713379,63750,0.0,0.0
2011-08-19 00:00:00-04:00,20.40172211612177,20.81451844341419,20.317044276993034,20.43876838684082,40650,0.0,0.0
2011-08-22 00:00:00-04:00,20.645162640747568,20.899193091077148,20.301165501512845,20.57107162475586,39750,0.0,0.0
2011-08-23 00:00:00-04:00,20.571075675688615,21.30670166015625,20.491691238961184,21.30670166015625,79200,0.0,0.0
2011-08-24 00:00:00-04:00,21.216728211085062,21.857092410852054,21.216728211085062,21.592479705810547,45000,0.0,0.0
2011-08-25 00:00:00-04:00,21.6983253565134,21.6983253565134,20.91506944442215,21.179683685302734,145950,0.0,0.0
2011-08-26 00:00:00-04:00,21.08972362790723,21.698333740234375,20.64517128920227,21.698333740234375,101250,0.0,0.0
2011-08-29 00:00:00-04:00,21.698331813155338,21.952362347339644,21.566026924543795,21.798885345458984,93750,0.0,0.0
2011-08-30 00:00:00-04:00,21.73536938825614,21.862385361561103,21.37549508726547,21.783000946044922,48600,0.0,0.0
2011-08-31 00:00:00-04:00,21.825345855675156,21.88356121268447,21.43900895382448,21.58719253540039,115500,0.0,0.0
2011-09-01 00:00:00-04:00,21.57131224156162,21.920602819240443,21.280238526649985,21.359622955322266,64350,0.0,0.0
2011-09-02 00:00:00-04:00,21.052670778602195,21.423130440556953,20.867440947624818,20.90448570251465,111750,0.0,0.0
2011-09-06 00:00:00-04:00,20.433479822478134,21.11089058295806,20.396433542981267,21.068553924560547,68250,0.0,0.0
2011-09-07 00:00:00-04:00,21.28024060438956,21.28024060438956,21.00504102290504,21.09501075744629,147300,0.0,0.0
2011-09-08 00:00:00-04:00,21.042085481396487,21.20614623209451,20.692796413853145,20.90448570251465,125400,0.0,0.0
2011-09-09 00:00:00-04:00,20.67162379587774,20.883314562443008,20.30116419732262,20.592239379882812,62400,0.0,0.0
2011-09-12 00:00:00-04:00,20.380550229354373,20.6716269707517,20.29058201827922,20.54461097717285,37650,0.0,0.0
2011-09-13 00:00:00-04:00,20.65407752686063,20.85698785414136,20.509904560393707,20.792909622192383,39000,0.23,0.0
2011-09-14 00:00:00-04:00,20.910386212520912,21.2574695372864,20.77155257707286,20.95310401916504,52800,0.0,0.0
2011-09-15 00:00:00-04:00,21.134655716439045,21.134655716439045,20.867668657834987,21.03853988647461,31650,0.0,0.0
2011-09-16 00:00:00-04:00,21.236109041704047,21.513776311756125,21.022521536841918,21.25212860107422,121200,0.0,0.0
2011-09-19 00:00:00-04:00,20.990481392940104,21.35358273057784,20.80892996026664,20.979801177978516,82800,0.0,0.0
2011-09-20 00:00:00-04:00,21.107948694211657,21.529787277013646,20.931738182102542,21.017173767089844,130350,0.0,0.0
2011-09-21 00:00:00-04:00,20.9744658221088,21.20941379113196,20.803594571910143,20.873010635375977,64650,0.0,0.0
2011-09-22 00:00:00-04:00,20.387086721782183,21.17202658535868,20.387086721782183,20.584657669067383,81750,0.0,0.0
2011-09-23 00:00:00-04:00,20.5846611872606,20.937082291727076,20.4885453684094,20.798250198364258,57300,0.0,0.0
2011-09-26 00:00:00-04:00,20.86766624504567,20.942423162786504,20.4885453684094,20.798250198364258,36600,0.0,0.0
2011-09-27 00:00:00-04:00,21.091932828388693,21.561830155697287,20.97979898541151,21.193387985229492,68100,0.0,0.0
2011-09-28 00:00:00-04:00,21.230773093449923,21.35892806119903,20.504570266558883,20.52058982849121,56850,0.0,0.0
2011-09-29 00:00:00-04:00,20.873001927723806,21.310860087550026,20.782226995851985,21.289501190185547,64950,0.0,0.0
2011-09-30 00:00:00-04:00,21.03319951388425,21.78610197403908,21.03319951388425,21.417659759521484,83700,0.0,0.0
2011-10-03 00:00:00-04:00,21.36960335841701,21.625910197809418,20.49922614001038,20.531265258789062,75450,0.0,0.0
2011-10-04 00:00:00-04:00,20.472525964877697,21.74872222547257,20.451167063606427,21.64192771911621,98100,0.0,0.0
2011-10-05 00:00:00-04:00,21.43902072526521,21.51377765518804,21.11329781218132,21.38028335571289,67950,0.0,0.0
2011-10-06 00:00:00-04:00,21.40163418764238,21.417653741970348,21.054552500886235,21.262802124023438,73500,0.0,0.0
2011-10-07 00:00:00-04:00,21.33222161403095,21.406978527874553,20.76621000025905,20.824947357177734,63150,0.0,0.0
2011-10-10 00:00:00-04:00,21.129315541904116,21.460379322171175,21.043879924765434,21.455039978027344,52500,0.0,0.0
2011-10-11 00:00:00-04:00,21.27883056081305,21.364264654904613,21.12397735051669,21.198734283447266,71100,0.0,0.0
2011-10-12 00:00:00-04:00,21.25213078321817,21.492418087606094,21.054561289730742,21.198734283447266,88500,0.0,0.0
2011-10-13 00:00:00-04:00,21.006498712315512,21.604547910557326,21.006498712315512,21.583189010620117,25350,0.0,0.0
2011-10-14 00:00:00-04:00,21.583190127915657,21.70066331979701,21.28950485664861,21.465715408325195,57900,0.0,0.0
2011-10-17 00:00:00-04:00,21.412321139357395,21.52445499953006,21.16669298804566,21.25212860107422,40200,0.0,0.0
2011-10-18 00:00:00-04:00,21.34824340565158,21.609889576074778,21.14533307058639,21.561832427978516,73950,0.0,0.0
2011-10-19 00:00:00-04:00,21.556495155306862,21.89289675200841,21.396302609317164,21.455039978027344,65250,0.0,0.0
2011-10-20 00:00:00-04:00,21.609889576074778,21.71668408723825,21.230768679517166,21.561832427978516,33600,0.0,0.0
2011-10-21 00:00:00-04:00,21.78076406675119,22.06377070964134,21.625912384223177,22.04241180419922,48000,0.0,0.0
2011-10-24 00:00:00-04:00,22.010363986690344,22.09579957470634,21.684641189306557,21.90890884399414,57300,0.0,0.0
2011-10-25 00:00:00-04:00,21.823481012183976,22.063768290130582,21.689986722027633,21.871538162231445,56850,0.0,0.0
2011-10-26 00:00:00-04:00,22.122511095784294,22.405516249525213,21.8555239775254,22.346778869628906,50400,0.0,0.0
2011-10-27 00:00:00-04:00,22.58171882633867,22.88608430784035,22.506963437560266,22.789968490600586,89850,0.0,0.0
2011-10-28 00:00:00-04:00,22.715218081474443,23.003562540986714,22.63512180416737,22.886089324951172,51300,0.0,0.0
2011-10-31 00:00:00-04:00,22.6724950349547,22.832686024867286,22.533661417835326,22.635116577148438,66300,0.0,0.0
2011-11-01 00:00:00-04:00,21.99968691787822,22.77928747963879,21.930269351735017,22.44288444519043,109200,0.0,0.0
2011-11-02 00:00:00-04:00,22.69385663287832,22.896766989282284,22.08512861908513,22.191923141479492,39900,0.0,0.0
2011-11-03 00:00:00-04:00,22.528321790566405,23.307922412923894,22.282693674032863,22.918121337890625,86100,0.0,0.0
2011-11-04 00:00:00-04:00,22.99287802744834,23.11035121372496,22.346770155945304,22.37346839904785,57450,0.0,0.0
2011-11-07 00:00:00-05:00,22.325415411526954,22.68317743544665,21.83949996360999,22.581722259521484,40650,0.0,0.0
2011-11-08 00:00:00-05:00,22.70987480416758,22.896765588854308,22.20794134346836,22.784631729125977,90600,0.0,0.0
2011-11-09 00:00:00-05:00,22.66715394416225,22.72589130190101,21.79677837521013,22.021047592163086,89700,0.0,0.0
2011-11-10 00:00:00-05:00,22.314731051848824,22.79530550584066,22.04240471314202,22.14385986328125,58950,0.0,0.0
2011-11-11 00:00:00-05:00,22.261334698635096,22.410846999760977,22.106483054396268,22.266674041748047,60300,0.0,0.0
2011-11-14 00:00:00-05:00,22.266670750738335,22.277350963094744,21.68998053163035,21.90890884399414,88950,0.0,0.0
2011-11-15 00:00:00-05:00,21.770074796540097,22.352105832723737,21.647260768014313,22.245309829711914,125400,0.0,0.0
2011-11-16 00:00:00-05:00,22.04240377779017,22.741908058233,21.98900576977424,22.1331787109375,74700,0.0,0.0
2011-11-17 00:00:00-05:00,22.186583265064396,22.533665072592765,22.10114612148906,22.229299545288086,47100,0.0,0.0
2011-11-18 00:00:00-05:00,22.2026022393872,22.779294198663088,22.2026022393872,22.661819458007812,73500,0.0,0.0
2011-11-21 00:00:00-05:00,22.394833633206325,22.74725634713318,22.394833633206325,22.52832794189453,59850,0.0,0.0
2011-11-22 00:00:00-05:00,22.565703038933826,22.651140183926113,22.16522320099269,22.298717498779297,64050,0.0,0.0
2011-11-23 00:00:00-05:00,22.18658241340151,22.266677154419366,21.668627866314193,21.711345672607422,48300,0.0,0.0
2011-11-25 00:00:00-05:00,21.107956456861054,22.01037130094253,21.107956456861054,21.700666427612305,25200,0.0,0.0
2011-11-28 00:00:00-05:00,22.181240302405058,22.60841986917694,21.52979302897984,22.426868438720703,70050,0.0,0.0
2011-11-29 00:00:00-05:00,22.501627412393578,22.635121716625548,22.256000764700456,22.3414363861084,29550,0.0,0.0
2011-11-30 00:00:00-05:00,22.822006905369193,23.04093524943564,22.565698576496786,22.95549964904785,107400,0.0,0.0
2011-12-01 00:00:00-05:00,22.84870901523948,23.489477654293914,22.592402170701426,22.656478881835938,64350,0.0,0.0
2011-12-02 00:00:00-05:00,22.918127595652997,22.918127595652997,22.45357100681238,22.52832794189453,29850,0.0,0.0
2011-12-05 00:00:00-05:00,22.79530387558498,23.153067310698273,22.63511291161375,22.98753547668457,39150,0.0,0.0
2011-12-06 00:00:00-05:00,22.93414773270846,23.024924231544937,22.53366785201191,22.82201385498047,51450,0.0,0.0
2011-12-07 00:00:00-05:00,22.8273484953978,22.8433680539746,22.426868697232926,22.512304306030273,72000,0.0,0.0
2011-12-08 00:00:00-05:00,22.410845611881903,22.79530579096783,22.373467156987978,22.597736358642578,65100,0.0,0.0
2011-12-09 00:00:00-05:00,22.619098880428204,23.008899992440615,22.56036304499728,22.864727020263672,48750,0.0,0.0
2011-12-12 00:00:00-05:00,22.6885235437842,22.811336124344972,22.3948366363703,22.76327896118164,53400,0.0,0.0
2011-12-13 00:00:00-05:00,22.85209942141923,23.26661412773698,22.367603832975558,22.464502334594727,55350,0.23,0.0
2011-12-14 00:00:00-05:00,22.416048164832866,22.905928093780833,22.286849164242646,22.712129592895508,57600,0.0,0.0
2011-12-15 00:00:00-05:00,22.938221996234496,23.14278625139784,22.68520543452477,23.062036514282227,39300,0.0,0.0
2011-12-16 00:00:00-05:00,23.083570569652785,23.492700636012238,22.744424432932078,22.932838439941406,120150,0.0,0.0
2011-12-19 00:00:00-05:00,22.975915813040732,23.16971435873469,22.351453832471318,22.389137268066406,76500,0.0,0.0
2011-12-20 00:00:00-05:00,22.658303043227953,23.406582749236932,22.658303043227953,23.202016830444336,72750,0.0,0.0
2011-12-21 00:00:00-05:00,23.078198377311686,23.66497845263149,22.986682783977002,23.433496475219727,41100,0.0,0.0
2011-12-22 00:00:00-05:00,23.557310026763837,23.557310026763837,22.9489983468006,23.008214950561523,60900,0.0,0.0
2011-12-23 00:00:00-05:00,22.97591266348261,23.50347606897316,22.911313157106648,23.341978073120117,39300,0.0,0.0
2011-12-27 00:00:00-05:00,23.341974937696317,23.65958797958429,23.185858329794566,23.514240264892578,39600,0.0,0.0
2011-12-28 00:00:00-05:00,23.471179910183622,23.68651008384068,23.309680354723447,23.433496475219727,47400,0.0,0.0
2011-12-29 00:00:00-05:00,23.55192691415307,23.97182293658445,23.55192691415307,23.858774185180664,49800,0.0,0.0
2011-12-30 00:00:00-05:00,23.821086801985462,23.82646970826061,23.336589813232422,23.336589813232422,65100,0.0,0.0
2012-01-03 00:00:00-05:00,23.5949886673281,23.5949886673281,23.2881414358915,23.39580726623535,34050,0.0,0.0
2012-01-04 00:00:00-05:00,23.34197474800617,23.34197474800617,23.115875737811727,23.18047523498535,39000,0.0,0.0
2012-01-05 00:00:00-05:00,23.14818476249866,23.530397439426718,22.835952974673607,23.27738380432129,82200,0.0,0.0
2012-01-06 00:00:00-05:00,23.363504186590728,23.37427153853186,22.98667459177154,23.035123825073242,42450,0.0,0.0
2012-01-09 00:00:00-05:00,23.09434194294803,23.09434194294803,22.695977617809547,22.814409255981445,44550,0.0,0.0
2012-01-10 00:00:00-05:00,22.986679037508686,23.045895634204303,22.669064426330742,22.722896575927734,53550,0.0,0.0
2012-01-11 00:00:00-05:00,22.739047286705752,22.739047286705752,22.421432669244677,22.529098510742188,41700,0.0,0.0
2012-01-12 00:00:00-05:00,22.609846298660017,22.879010108766458,22.496797560022255,22.717512130737305,30750,0.0,0.0
2012-01-13 00:00:00-05:00,22.48064810009863,22.70136267866739,22.34068328350455,22.51833152770996,22650,0.0,0.0
2012-01-17 00:00:00-05:00,22.60984500864126,22.873627437310503,22.52909525414713,22.631378173828125,76200,0.0,0.0
2012-01-18 00:00:00-05:00,22.631379158668373,23.03512640853524,22.49679725543726,22.986677169799805,189300,0.0,0.0
2012-01-19 00:00:00-05:00,23.17509746303502,23.36889599749192,22.948998402748384,23.04051399230957,77100,0.0,0.0
2012-01-20 00:00:00-05:00,23.00821058331282,23.110493508544586,22.760578400138392,22.905927658081055,43950,0.0,0.0
2012-01-23 00:00:00-05:00,22.900543636736476,22.900543636736476,22.545245639080722,22.70136070251465,69750,0.0,0.0
2012-01-24 00:00:00-05:00,22.615235575135806,23.040516116671025,22.453737551618342,22.927467346191406,44700,0.0,0.0
2012-01-25 00:00:00-05:00,22.889773753672447,22.9113069165993,22.706742638880833,22.787490844726562,28050,0.0,0.0
2012-01-26 00:00:00-05:00,22.87363126685096,23.35274388742925,22.728281992461614,23.341978073120117,40500,0.0,0.0
2012-01-27 00:00:00-05:00,23.358126367876906,23.401192704674145,23.040511748953854,23.309677124023438,51150,0.0,0.0
2012-01-30 00:00:00-05:00,23.250458871822783,23.368892059676575,23.067427723542387,23.228925704956055,103800,0.0,0.0
2012-01-31 00:00:00-05:00,23.336591416945303,23.50347384433094,22.943611508731152,23.15894317626953,183600,0.0,0.0
2012-02-01 00:00:00-05:00,23.33659483106275,23.33659483106275,22.94899777278866,23.132030487060547,101250,0.0,0.0
2012-02-02 00:00:00-05:00,23.051272036616474,23.180471007400808,22.717507258670338,22.959754943847656,86550,0.0,0.0
2012-02-03 00:00:00-05:00,23.04050980394871,23.417340989200518,22.986677657583343,23.271991729736328,97200,0.0,0.0
2012-02-06 00:00:00-05:00,23.288142918859013,23.288142918859013,22.90054590493932,23.148178100585938,61800,0.0,0.0
2012-02-07 00:00:00-05:00,23.250456401194416,23.417338811721777,22.99744133235273,23.12664031982422,71700,0.0,0.0
2012-02-08 00:00:00-05:00,23.228921757695183,23.36350364269951,23.056656452034183,23.153554916381836,22350,0.0,0.0
2012-02-09 00:00:00-05:00,23.121255640179456,23.121255640179456,22.76595768179971,22.787490844726562,13950,0.0,0.0
2012-02-10 00:00:00-05:00,22.72289503893735,22.959759869524472,22.496797561645508,22.496797561645508,32250,0.0,0.0
2012-02-13 00:00:00-05:00,22.685212160036656,23.07281070506879,22.572163418662978,22.819795608520508,61950,0.0,0.0
2012-02-14 00:00:00-05:00,22.825176608637143,22.846709773775075,22.372980140740555,22.814409255981445,69900,0.0,0.0
2012-02-15 00:00:00-05:00,22.792879475108876,22.879010602455715,22.383747764213282,22.78211212158203,42600,0.0,0.0
2012-02-16 00:00:00-05:00,22.873625802290697,23.153555389537008,22.744426820404698,22.997440338134766,132000,0.0,0.0
2012-02-17 00:00:00-05:00,23.126641425374675,23.126641425374675,22.308381132272313,23.110492706298828,25800,0.0,0.0
2012-02-21 00:00:00-05:00,23.142797521808603,23.148181969698804,22.89516528477139,22.916698455810547,43350,0.0,0.0
2012-02-22 00:00:00-05:00,22.884398081223043,23.018980007010853,22.717515630748842,22.760581970214844,37650,0.0,0.0
2012-02-23 00:00:00-05:00,22.82518223171153,23.088963184591325,22.749815365075108,23.008214950561523,69150,0.0,0.0
2012-02-24 00:00:00-05:00,23.035124755408603,23.16970664898138,22.830558921825368,23.12664031982422,45600,0.0,0.0
2012-02-27 00:00:00-05:00,23.094341422197356,23.094341422197356,22.082281143361847,22.53447914123535,169950,0.0,0.0
2012-02-28 00:00:00-05:00,22.518328450361242,22.701359576305688,22.4375786994218,22.502178192138672,59250,0.0,0.0
2012-02-29 00:00:00-05:00,22.561403408119848,22.609852661145016,22.10920524597168,22.10920524597168,74250,0.0,0.0
2012-03-01 00:00:00-05:00,22.098432721718474,22.184565385472265,21.7539020667033,21.75928497314453,66000,0.0,0.0
2012-03-02 00:00:00-05:00,21.802351924462737,21.915400663808114,21.47396997944138,21.667768478393555,228600,0.0,0.0
2012-03-05 00:00:00-05:00,21.694686855553947,22.362215042114258,21.511654163345764,22.362215042114258,61050,0.0,0.0
2012-03-06 00:00:00-05:00,22.286846946670952,22.313763017405666,22.033831877313727,22.0822811126709,39000,0.0,0.0
2012-03-07 00:00:00-05:00,22.43219566345215,22.43219566345215,22.07689768548094,22.43219566345215,44550,0.0,0.0
2012-03-08 00:00:00-05:00,22.47526612925662,22.561400347646266,22.173801755501067,22.39451789855957,54300,0.0,0.0
2012-03-09 00:00:00-05:00,22.286847530838216,22.981291723071386,22.286847530838216,22.631378173828125,72300,0.0,0.0
2012-03-12 00:00:00-04:00,22.712131073487456,22.900546680007633,22.604465232643594,22.67983055114746,35550,0.0,0.0
2012-03-13 00:00:00-04:00,22.850801745518062,23.317586483006778,22.796523583731968,23.28502082824707,77400,0.23,0.0
2012-03-14 00:00:00-04:00,23.17103649237678,23.257881859331377,22.704251768223898,22.83994483947754,44700,0.0,0.0
2012-03-15 00:00:00-04:00,22.910511016845703,22.991927501957417,22.62284119605998,22.910511016845703,40650,0.0,0.0
2012-03-16 00:00:00-04:00,22.94307452618711,23.46956636569682,22.671686803947154,22.763957977294922,108150,0.0,0.0
2012-03-19 00:00:00-04:00,22.715105849887554,22.997349790800794,22.552274479395898,22.758527755737305,63150,0.0,0.0
2012-03-20 00:00:00-04:00,22.704259448021258,22.867090878025966,22.48172093453857,22.573993682861328,48300,0.0,0.0
2012-03-21 00:00:00-04:00,22.649975197556117,22.649975197556117,22.30259991691859,22.308027267456055,42450,0.0,0.0
2012-03-22 00:00:00-04:00,22.27546335752557,22.44372366049688,22.134341362258958,22.35687828063965,27450,0.0,0.0
2012-03-23 00:00:00-04:00,22.308028933143824,22.715109758759183,22.308028933143824,22.60112762451172,51900,0.0,0.0
2012-03-26 00:00:00-04:00,22.845379616341447,23.116767399962914,22.644553619253603,22.78024673461914,57450,0.0,0.0
2012-03-27 00:00:00-04:00,22.769387907520592,22.883370041671263,22.568560393909756,22.590272903442383,29400,0.0,0.0
2012-03-28 00:00:00-04:00,22.715115260616702,22.801959108295065,22.351456260240923,22.42201805114746,14700,0.0,0.0
2012-03-29 00:00:00-04:00,22.362310062004582,22.541425089949676,21.917234615082165,22.449153900146484,52650,0.0,0.0
2012-03-30 00:00:00-04:00,22.55770440531911,22.57941536072321,22.19947286470647,22.318883895874023,52950,0.0,0.0
2012-04-02 00:00:00-04:00,22.38401712311331,22.617410285694227,22.101774698307796,22.60655403137207,46350,0.0,0.0
2012-04-03 00:00:00-04:00,22.62825497799732,22.6336823263127,22.10719227037588,22.329729080200195,44250,0.0,0.0
2012-04-04 00:00:00-04:00,22.177756841847078,22.226606092122097,21.982358287857327,22.145191192626953,57900,0.0,0.0
2012-04-05 00:00:00-04:00,22.15605496482564,22.416586476839043,22.014934505596862,22.389448165893555,59850,0.0,0.0
2012-04-09 00:00:00-04:00,22.194045141719364,22.443721901122583,22.194045141719364,22.308027267456055,35100,0.0,0.0
2012-04-10 00:00:00-04:00,22.3514536335565,22.3514536335565,21.94437275718062,22.014934539794922,52050,0.0,0.0
2012-04-11 00:00:00-04:00,22.242893350959836,22.242893350959836,21.955223598501952,22.183189392089844,28800,0.0,0.0
2012-04-12 00:00:00-04:00,22.118062252941147,22.286321025414967,22.074638780788483,22.194049835205078,37200,0.0,0.0
2012-04-13 00:00:00-04:00,22.16690946298941,22.18319306942145,21.83038884354807,21.868383407592773,50550,0.0,0.0
2012-04-16 00:00:00-04:00,21.922656391036575,22.291742609267985,21.922656391036575,22.183189392089844,51150,0.0,0.0
2012-04-17 00:00:00-04:00,22.373160521539326,22.791097577989802,22.373160521539326,22.68254280090332,44400,0.0,0.0
2012-04-18 00:00:00-04:00,22.535998129370512,22.742251472091624,22.25375409762104,22.47086524963379,55800,0.0,0.0
2012-04-19 00:00:00-04:00,22.416581178832118,22.43286478270701,22.004073048971062,22.156049728393555,32850,0.0,0.0
2012-04-20 00:00:00-04:00,22.27003404278495,22.67168751154229,22.27003404278495,22.324312210083008,42150,0.0,0.0
2012-04-23 00:00:00-04:00,22.194053304405692,22.36774100860455,22.06921487879012,22.291751861572266,60600,0.0,0.0
2012-04-24 00:00:00-04:00,22.291744112123006,22.796524991638034,22.253749551815204,22.79109764099121,42000,0.0,0.0
2012-04-25 00:00:00-04:00,22.87794572621735,23.02449509122126,22.785674536466498,22.921367645263672,36900,0.0,0.0
2012-04-26 00:00:00-04:00,22.867089098504827,23.051633027898692,22.731395991912166,22.910511016845703,21450,0.0,0.0
2012-04-27 00:00:00-04:00,22.910508965945393,23.067913017618014,22.660832181390752,23.04620361328125,18600,0.0,0.0
2012-04-30 00:00:00-04:00,23.019064814573802,23.035348421468132,22.79652788094876,22.807382583618164,31500,0.0,0.0
2012-05-01 00:00:00-04:00,22.639115823240523,23.06790593209771,22.36772816481819,22.519704818725586,59550,0.0,0.0
2012-05-02 00:00:00-04:00,22.35687591035567,22.617408916525317,21.955224029661117,22.22661018371582,63000,0.0,0.0
2012-05-03 00:00:00-04:00,22.145197708955386,22.655405970949076,22.145197708955386,22.563133239746094,90000,0.0,0.0
2012-05-04 00:00:00-04:00,22.416589145999698,22.660837079372477,22.286323374482148,22.42201805114746,58500,0.0,0.0
2012-05-07 00:00:00-04:00,22.318885928409504,22.68797220389112,22.318885928409504,22.546850204467773,52500,0.0,0.0
2012-05-08 00:00:00-04:00,22.378591888856285,22.747678171585274,22.378591888856285,22.67711639404297,64950,0.0,0.0
2012-05-09 00:00:00-04:00,22.56313860441693,22.796531834074106,22.525145585595457,22.649982452392578,61500,0.0,0.0
2012-05-10 00:00:00-04:00,22.807385523983303,23.16018980535687,22.704259623767904,23.11676788330078,63300,0.0,0.0
2012-05-11 00:00:00-04:00,22.867088602493848,23.257887411975183,22.70968454014501,23.13304901123047,55500,0.0,0.0
2012-05-14 00:00:00-04:00,23.08962622951911,23.133048145292708,22.850805692764315,22.883371353149414,56100,0.0,0.0
2012-05-15 00:00:00-04:00,22.85080704379472,23.067915082608803,22.785674166283407,22.910511016845703,66000,0.0,0.0
2012-05-16 00:00:00-04:00,22.888794543012406,23.11133298556028,22.823661681193737,22.9593563079834,42000,0.0,0.0
2012-05-17 00:00:00-04:00,23.02449136042561,23.31216113927206,23.01906245675676,23.12761878967285,55800,0.0,0.0
2012-05-18 00:00:00-04:00,23.057055967523162,23.187321697619563,22.812808111814906,22.926790237426758,43800,0.0,0.0
2012-05-21 00:00:00-04:00,22.932224514353248,23.247032659407427,22.720542265122468,23.013639450073242,66900,0.0,0.0
2012-05-22 00:00:00-04:00,23.0570581560093,23.247029418653717,22.915937711455257,23.09505271911621,69000,0.0,0.0
2012-05-23 00:00:00-04:00,22.95936558269399,23.100486063863446,22.52514632849482,22.584850311279297,58500,0.0,0.0
2012-05-24 00:00:00-04:00,22.51428414013741,22.888797760009766,22.51428414013741,22.888797760009766,33900,0.0,0.0
2012-05-25 00:00:00-04:00,22.905079262413867,23.084194252917552,22.763957278487638,22.915935516357422,24000,0.0,0.0
2012-05-29 00:00:00-04:00,23.10048379130974,23.10048379130974,22.611986401947252,22.78024673461914,46050,0.0,0.0
2012-05-30 00:00:00-04:00,22.666257893044882,22.98106750494243,22.389442839165817,22.41115379333496,34350,0.0,0.0
2012-05-31 00:00:00-04:00,22.508854761222274,22.997352025954847,22.508854761222274,22.937644958496094,89250,0.0,0.0
2012-06-01 00:00:00-04:00,22.460001650346793,23.02991532638804,22.460001650346793,22.894222259521484,57000,0.0,0.0
2012-06-04 00:00:00-04:00,22.894223938401854,23.860362185929468,22.86165673034735,23.45328140258789,96300,0.0,0.0
2012-06-05 00:00:00-04:00,23.664970116695006,23.784379622385934,23.274171276813703,23.388154983520508,102450,0.0,0.0
2012-06-06 00:00:00-04:00,23.45871678845772,23.654115445046255,23.160190674891506,23.485855102539062,85800,0.0,0.0
2012-06-07 00:00:00-04:00,23.713815682929678,23.789803255967147,23.285023894055687,23.33930206298828,48900,0.0,0.0
2012-06-08 00:00:00-04:00,23.33930385418833,23.561840792243487,23.241603763767614,23.496707916259766,55800,0.0,0.0
2012-06-11 00:00:00-04:00,23.74095295175491,23.8277967759336,23.50755978605217,23.51298713684082,48750,0.0,0.0
2012-06-12 00:00:00-04:00,23.51298894906628,23.822371261215547,23.437001373498344,23.757238388061523,23400,0.0,0.0
2012-06-13 00:00:00-04:00,23.7216624066907,24.077433442833918,23.584828235992656,23.809236526489258,213150,0.24333,0.0
2012-06-14 00:00:00-04:00,23.918703438939147,24.356575590383216,23.776394715678798,24.263526916503906,38250,0.0,0.0
2012-06-15 00:00:00-04:00,24.203314777397818,24.712340411971436,24.061007646792262,24.06648063659668,88500,0.0,0.0
2012-06-18 00:00:00-04:00,24.006277131423918,24.274474034757592,23.743554784773657,23.847549438476562,42750,0.0,0.0
2012-06-19 00:00:00-04:00,23.853016403706295,24.323727938856035,23.650501704141085,23.995325088500977,51150,0.0,0.0
2012-06-20 00:00:00-04:00,24.022692478887073,24.022692478887073,23.535561957883342,23.595767974853516,39750,0.0,0.0
2012-06-21 00:00:00-04:00,23.535566952589186,23.661453568745625,23.19621490721771,23.283790588378906,48300,0.0,0.0
2012-06-22 00:00:00-04:00,23.39873000242132,23.902281138623454,23.322103438582264,23.754499435424805,82950,0.0,0.0
2012-06-25 00:00:00-04:00,23.65050649606498,24.214265228220327,23.65050649606498,24.04458999633789,58500,0.0,0.0
2012-06-26 00:00:00-04:00,24.170477588998335,24.170477588998335,23.601245880126953,23.601245880126953,25650,0.0,0.0
2012-06-27 00:00:00-04:00,23.6778718762643,23.85302009018948,23.601245315646313,23.66145133972168,41700,0.0,0.0
2012-06-28 00:00:00-04:00,23.601244972672994,23.754498091681896,23.360414616077062,23.694292068481445,35700,0.0,0.0
2012-06-29 00:00:00-04:00,24.11573971182193,24.11573971182193,23.74354979888984,23.929645538330078,55650,0.0,0.0
2012-07-02 00:00:00-04:00,24.033636644374848,24.31825400288512,23.891329531067964,24.29088592529297,54600,0.0,0.0
2012-07-03 00:00:00-04:00,24.170472713844905,24.72328377427964,24.170472713844905,24.40582847595215,48450,0.0,0.0
2012-07-05 00:00:00-04:00,24.41130411809414,25.01337684482967,24.38393760304665,24.876541137695312,46950,0.0,0.0
2012-07-06 00:00:00-04:00,24.821807473338296,25.007901650044193,24.706865294368697,24.898435592651367,35850,0.0,0.0
2012-07-09 00:00:00-04:00,24.975063348098043,24.991483883876672,24.635712916432638,24.816335678100586,26400,0.0,0.0
2012-07-10 00:00:00-04:00,24.99696027439045,25.39104379099751,24.854651554863555,25.166635513305664,51150,0.0,0.0
2012-07-11 00:00:00-04:00,25.09001008701155,25.25968534423418,25.09001008701155,25.161165237426758,36600,0.0,0.0
2012-07-12 00:00:00-04:00,25.051690027980683,25.292520378052085,24.99148400641132,25.11737060546875,42300,0.0,0.0
2012-07-13 00:00:00-04:00,25.068106924877462,25.64828605810908,25.068106924877462,25.451244354248047,26850,0.0,0.0
2012-07-16 00:00:00-04:00,25.445769497650847,25.631863643555004,25.237780264754043,25.407455444335938,35400,0.0,0.0
2012-07-17 00:00:00-04:00,25.456723278536554,25.719447177552343,25.199473935921137,25.27610206604004,54450,0.0,0.0
2012-07-18 00:00:00-04:00,25.36367640425787,25.544297618372305,25.046219465983782,25.21589469909668,66300,0.0,0.0
2012-07-19 00:00:00-04:00,25.369143813827502,25.369143813827502,24.914852817281396,25.040740966796875,46500,0.0,0.0
2012-07-20 00:00:00-04:00,24.89843600019376,25.582608265788043,24.89843600019376,25.401987075805664,34350,0.0,0.0
2012-07-23 00:00:00-04:00,25.407466372320886,25.544300546215595,25.1228504763265,25.19400405883789,30750,0.0,0.0
2012-07-24 00:00:00-04:00,25.11737043293052,25.11737043293052,24.471512208375348,24.860122680664062,40200,0.0,0.0
2012-07-25 00:00:00-04:00,25.040747319347144,25.040747319347144,24.40583498735129,24.903911590576172,42750,0.0,0.0
2012-07-26 00:00:00-04:00,25.232306254933405,25.232306254933405,24.788961297261544,24.92032241821289,33000,0.0,0.0
2012-07-27 00:00:00-04:00,25.084528869427768,25.65923347986412,25.084528869427768,25.615447998046875,30450,0.0,0.0
2012-07-30 00:00:00-04:00,25.63187655380382,26.157322889476422,25.6264035622731,25.801551818847656,30600,0.0,0.0
2012-07-31 00:00:00-04:00,25.779650558199446,26.031426884518886,24.92032850753816,25.03527069091797,34650,0.0,0.0
2012-08-01 00:00:00-04:00,25.193995977809884,25.484086337834057,24.767073053729156,24.849172592163086,48750,0.0,0.0
2012-08-02 00:00:00-04:00,24.996955842080794,25.090002931071737,24.58645186024936,24.882015228271484,33000,0.0,0.0
2012-08-03 00:00:00-04:00,25.21589005729779,25.779648689763455,25.09000190326209,25.5716609954834,38100,0.0,0.0
2012-08-06 00:00:00-04:00,25.462190078952897,25.774173948086172,25.292516454557333,25.555238723754883,32700,0.0,0.0
2012-08-07 00:00:00-04:00,25.62092862655919,25.949331582716407,25.073590366297168,25.237791061401367,59850,0.0,0.0
2012-08-08 00:00:00-04:00,25.3253565013809,25.63734037724219,25.122841805994234,25.462190628051758,25350,0.0,0.0
2012-08-09 00:00:00-04:00,25.533348159578804,25.703023369580944,25.42935352448571,25.604501724243164,36900,0.0,0.0
2012-08-10 00:00:00-04:00,25.65376035712461,25.993109171856666,25.374617554621175,25.87269401550293,50850,0.0,0.0
2012-08-13 00:00:00-04:00,25.8891185624181,26.06426833498116,25.347253406717144,25.69754981994629,39750,0.0,0.0
2012-08-14 00:00:00-04:00,25.817962966028084,25.91648460748057,25.456719035300132,25.51145362854004,59400,0.0,0.0
2012-08-15 00:00:00-04:00,25.588083707962767,25.77965088412076,25.48956205895571,25.741336822509766,49050,0.0,0.0
2012-08-16 00:00:00-04:00,25.812493963479472,26.129950895029157,25.48409105116011,26.07521629333496,62250,0.0,0.0
2012-08-17 00:00:00-04:00,26.129941625890265,26.370768776879977,25.790591287231205,26.321510314941406,39600,0.0,0.0
2012-08-20 00:00:00-04:00,26.348887183287246,26.38172512685922,26.09711082451811,26.283205032348633,29850,0.0,0.0
2012-08-21 00:00:00-04:00,26.272256881116853,26.551399735754604,26.025955099235798,26.113529205322266,22650,0.0,0.0
2012-08-22 00:00:00-04:00,26.16279236603969,26.16279236603969,25.763234284947856,25.91649055480957,21900,0.0,0.0
2012-08-23 00:00:00-04:00,25.9931163985744,25.9931163985744,25.292523485947537,25.456724166870117,20250,0.0,0.0
2012-08-24 00:00:00-04:00,25.418407630921074,25.752285082868106,25.418407630921074,25.54977035522461,24900,0.0,0.0
2012-08-27 00:00:00-04:00,25.533344688851635,25.708492864801336,25.314407902966295,25.41292953491211,22500,0.0,0.0
2012-08-28 00:00:00-04:00,25.325360977669614,25.538823255212776,25.325360977669614,25.42935562133789,21150,0.0,0.0
2012-08-29 00:00:00-04:00,25.391039370660106,25.790597374344554,25.391039370660106,25.692075729370117,53100,0.0,0.0
2012-08-30 00:00:00-04:00,25.697545794130512,25.867220984193935,25.46219003687624,25.59902572631836,21900,0.0,0.0
2012-08-31 00:00:00-04:00,25.599030762693214,25.834386566251585,25.46219504632992,25.63187026977539,26400,0.0,0.0
2012-09-04 00:00:00-04:00,25.708496435516285,25.85080513121512,25.456720114644664,25.675655364990234,36150,0.0,0.0
2012-09-05 00:00:00-04:00,25.812491709693717,25.987639914304527,25.571662928353852,25.686603546142578,39600,0.0,0.0
2012-09-06 00:00:00-04:00,25.87817078688358,25.88364377647341,25.642815009088636,25.72491455078125,35100,0.0,0.0
2012-09-07 00:00:00-04:00,25.724915328602197,25.73586287406125,25.533348159578804,25.604501724243164,20850,0.0,0.0
2012-09-10 00:00:00-04:00,25.451250249192825,25.577138425082293,25.073587287473046,25.434829711914062,61500,0.0,0.0
2012-09-11 00:00:00-04:00,25.412931772591275,25.60450049839147,25.297991163490497,25.5716609954834,33300,0.0,0.0
2012-09-12 00:00:00-04:00,25.5247710961536,25.684750162679737,25.083452798727137,25.33721160888672,27150,0.24333,0.0
2012-09-13 00:00:00-04:00,25.298596272601053,25.640618747779545,25.23239852691606,25.61855125427246,52050,0.0,0.0
2012-09-14 00:00:00-04:00,25.486159916193014,25.624073092553825,25.2986003953264,25.436511993408203,45450,0.0,0.0
2012-09-17 00:00:00-04:00,25.077932234121906,25.348239248432517,24.9345030239442,25.09999656677246,45150,0.0,0.0
2012-09-18 00:00:00-04:00,24.967599862976012,25.425469464893567,24.967599862976012,25.348237991333008,24000,0.0,0.0
2012-09-19 00:00:00-04:00,25.419952454146372,25.63509547510895,25.243425170952136,25.408920288085938,23250,0.0,0.0
2012-09-20 00:00:00-04:00,25.42547405055095,25.70129718409184,25.287560905501856,25.62958335876465,15150,0.0,0.0
2012-09-21 00:00:00-04:00,25.72336641505983,25.910927495808615,25.552355166375698,25.784048080444336,48900,0.0,0.0
2012-09-24 00:00:00-04:00,25.71784781690302,26.479122656405835,25.71784781690302,26.324661254882812,37350,0.0,0.0
2012-09-25 00:00:00-04:00,26.34120640232886,26.633582497024076,26.00470164038572,26.18674659729004,49350,0.0,0.0
2012-09-26 00:00:00-04:00,26.2474267144995,26.622547217458813,26.18122897868315,26.423954010009766,18000,0.0,0.0
2012-09-27 00:00:00-04:00,26.556352190490593,26.556352190490593,25.8998893095164,26.330175399780273,22950,0.0,0.0
2012-09-28 00:00:00-04:00,26.203299605403892,26.539804408179926,26.07090253964491,26.126068115234375,25800,0.0,0.0
2012-10-01 00:00:00-04:00,26.280528115893024,26.390857682909964,25.955055498623395,26.208812713623047,22950,0.0,0.0
2012-10-02 00:00:00-04:00,26.26397916783168,26.600485542237283,26.126067599001104,26.468090057373047,39750,0.0,0.0
2012-10-03 00:00:00-04:00,26.52877068133193,26.760461981670048,26.47912119273495,26.545320510864258,17550,0.0,0.0
2012-10-04 00:00:00-04:00,26.523254224239988,26.63358537394871,26.20329925623222,26.49567222595215,25950,0.0,0.0
2012-10-05 00:00:00-04:00,26.63909339904785,26.821138331329458,26.63909339904785,26.63909339904785,28650,0.0,0.0
2012-10-08 00:00:00-04:00,26.650128720924265,26.837688157587476,26.55634742431436,26.63909339904785,20250,0.0,0.0
2012-10-09 00:00:00-04:00,26.821146351851446,26.821146351851446,26.109519392736676,26.275012969970703,20400,0.0,0.0
2012-10-10 00:00:00-04:00,26.368793793792438,26.639100859165286,26.357760047104392,26.61151885986328,12750,0.0,0.0
2012-10-11 00:00:00-04:00,26.672192096715786,26.79906988474298,26.52324682228237,26.705291748046875,17550,0.0,0.0
2012-10-12 00:00:00-04:00,26.936990389918762,26.936990389918762,26.57290359498463,26.69978141784668,14100,0.0,0.0
2012-10-15 00:00:00-04:00,26.77701337516524,26.82114520430997,26.501190232150012,26.732881546020508,30000,0.0,0.0
2012-10-16 00:00:00-04:00,26.9645678566673,26.9645678566673,26.765976240643003,26.832172393798828,27150,0.0,0.0
2012-10-17 00:00:00-04:00,26.865266859403448,26.986630132729754,26.743903586077142,26.85423469543457,25350,0.0,0.0
2012-10-18 00:00:00-04:00,26.854241484003808,26.854241484003808,26.18122880686977,26.396371841430664,38400,0.0,0.0
2012-10-19 00:00:00-04:00,26.308109164695615,26.451538385786463,25.806109258295496,25.89988899230957,30150,0.0,0.0
2012-10-22 00:00:00-04:00,26.10951928609875,26.192266863517187,25.723364976998543,25.81714630126953,22800,0.0,0.0
2012-10-23 00:00:00-04:00,25.789555399902646,26.059862376005007,25.408917306472308,25.88333511352539,30900,0.0,0.0
2012-10-24 00:00:00-04:00,25.861271318154294,26.13709599428133,25.651645953182776,26.09296417236328,24450,0.0,0.0
2012-10-25 00:00:00-04:00,26.021258820605144,26.170204162597656,25.85024756047593,26.170204162597656,13950,0.0,0.0
2012-10-26 00:00:00-04:00,26.092965230648026,26.092965230648026,25.800592293152423,26.010217666625977,13800,0.0,0.0
2012-10-31 00:00:00-04:00,26.010216908109722,26.010216908109722,25.414437305426535,25.910921096801758,17250,0.0,0.0
2012-11-01 00:00:00-04:00,25.94954287446806,26.048838708882244,25.408927134870172,25.734399795532227,29400,0.0,0.0
2012-11-02 00:00:00-04:00,25.77300976674676,25.999184964019165,24.824173998301745,24.93450355529785,29100,0.0,0.0
2012-11-05 00:00:00-05:00,24.868306860933636,25.326174936182223,24.868306860933636,25.226879119873047,24900,0.0,0.0
2012-11-06 00:00:00-05:00,25.458571247157376,25.872307511365303,25.254461946038806,25.739912033081055,28050,0.0,0.0
2012-11-07 00:00:00-05:00,25.618545931654353,25.618545931654353,24.851755142211914,24.851755142211914,33150,0.0,0.0
2012-11-08 00:00:00-05:00,24.75246010157141,24.75246010157141,24.040833277516136,24.14012908935547,43800,0.0,0.0
2012-11-09 00:00:00-05:00,24.134618568962942,24.67523269662833,24.134618568962942,24.53180503845215,31950,0.0,0.0
2012-11-12 00:00:00-05:00,24.526288986206055,24.879345227209686,24.27253015823319,24.526288986206055,27150,0.0,0.0
2012-11-13 00:00:00-05:00,24.393882581983817,24.884850186549187,24.38836649991451,24.559377670288086,25050,0.0,0.0
2012-11-14 00:00:00-05:00,24.553866109775093,24.669713331678867,23.969120229930652,23.991186141967773,25050,0.0,0.0
2012-11-15 00:00:00-05:00,23.787077108425773,23.84224109997817,22.827207556972922,23.014768600463867,42900,0.0,0.0
2012-11-16 00:00:00-05:00,22.959609038373202,23.445057623836078,22.71136629365978,23.31266212463379,49950,0.0,0.0
2012-11-19 00:00:00-05:00,23.334730562772684,23.621587489307405,23.334730562772684,23.610553741455078,25650,0.0,0.0
2012-11-20 00:00:00-05:00,23.511254743137492,23.864309374512004,23.46712291421568,23.8532772064209,40500,0.0,0.0
2012-11-21 00:00:00-05:00,23.80362463257057,24.029801410213665,23.593997683199603,23.958086013793945,19950,0.0,0.0
2012-11-23 00:00:00-05:00,23.97463525680753,24.08496481213091,23.74846006296422,23.886371612548828,10200,0.0,0.0
2012-11-26 00:00:00-05:00,23.770528398427082,24.156681092304073,23.770528398427082,24.151165008544922,10500,0.0,0.0
2012-11-27 00:00:00-05:00,24.09599644228004,24.333205359978862,24.029798714895136,24.051864624023438,18450,0.0,0.0
2012-11-28 00:00:00-05:00,24.068411558969885,24.43801591127262,23.95256593693651,24.123577117919922,30600,0.0,0.0
2012-11-29 00:00:00-05:00,24.24494277909383,25.028285005666238,24.178745044517377,24.967601776123047,31200,0.0,0.0
2012-11-30 00:00:00-05:00,24.49870792872389,25.050355860475975,24.49870792872389,24.824180603027344,61200,0.0,0.0
2012-12-03 00:00:00-05:00,25.717845993549272,25.717845993549272,24.995186950232245,25.51925277709961,49650,0.0,0.0
2012-12-04 00:00:00-05:00,25.050350400852786,26.043318039872133,25.050350400852786,25.87230682373047,177450,0.0,0.0
2012-12-05 00:00:00-05:00,25.850239206876555,26.699777569747816,25.850239206876555,26.517732620239258,81000,0.0,0.0
2012-12-06 00:00:00-05:00,26.440501405960926,26.66667658795531,26.346721683418625,26.589445114135742,55350,0.0,0.0
2012-12-07 00:00:00-05:00,26.462567904221146,26.46808556552977,25.309622902149975,25.408920288085938,94500,0.0,0.0
2012-12-10 00:00:00-05:00,25.370308144116848,25.541319368505246,24.945539703330272,25.20481300354004,83850,0.0,0.0
2012-12-11 00:00:00-05:00,25.226877527462253,25.226877527462253,24.89588728524884,25.09999656677246,53700,0.0,0.0
2012-12-12 00:00:00-05:00,25.058292519603217,25.158391329375696,24.652331815965134,24.685697555541992,45600,0.24333,0.0
2012-12-13 00:00:00-05:00,24.624520725276728,24.813598506621382,24.335342567681018,24.4743709564209,91950,0.0,0.0
2012-12-14 00:00:00-05:00,24.379833102303756,24.63008165884325,24.379833102303756,24.596715927124023,58950,0.0,0.0
2012-12-17 00:00:00-05:00,24.574474188068507,25.53654374799843,24.574474188068507,25.514299392700195,77400,0.0,0.0
2012-12-18 00:00:00-05:00,25.547664473783428,25.742302963281396,25.23624193596169,25.581031799316406,42000,0.0,0.0
2012-12-19 00:00:00-05:00,25.664443037771086,25.79234844784151,25.430878158638627,25.703371047973633,56700,0.0,0.0
2012-12-20 00:00:00-05:00,25.708940449743007,26.098217501600715,25.703379758127255,26.064851760864258,45000,0.0,0.0
2012-12-21 00:00:00-05:00,25.9202607980127,26.00367593944202,25.553228129764715,25.786794662475586,116400,0.0,0.0
2012-12-24 00:00:00-05:00,25.62552037517558,25.62552037517558,25.247366346822854,25.33634376525879,12150,0.0,0.0
2012-12-26 00:00:00-05:00,25.386390365341185,25.525418759594313,24.77467147658539,24.897014617919922,19350,0.0,0.0
2012-12-27 00:00:00-05:00,24.93038854600445,25.047171027997443,24.524427818341778,24.952632904052734,12900,0.0,0.0
2012-12-28 00:00:00-05:00,24.913702663810994,25.25849097841392,24.618963752604675,24.663454055786133,20850,0.0,0.0
2012-12-31 00:00:00-05:00,24.74686690665499,25.3752694692862,24.46881011283967,25.247364044189453,31350,0.0,0.0
2013-01-02 00:00:00-05:00,25.781232284307222,26.17050769196469,25.59215447581402,26.01479721069336,66000,0.0,0.0
2013-01-03 00:00:00-05:00,26.04816760430764,26.05928898732965,25.786796010787352,25.914701461791992,29850,0.0,0.0
2013-01-04 00:00:00-05:00,26.07040177486307,26.242795883200746,25.97030299650016,26.059280395507812,17250,0.0,0.0
2013-01-07 00:00:00-05:00,26.06485047432568,26.06485047432568,25.597717398736933,25.842405319213867,77550,0.0,0.0
2013-01-08 00:00:00-05:00,25.914698672606804,26.03148113697828,25.80903759006035,25.859086990356445,42600,0.0,0.0
2013-01-09 00:00:00-05:00,25.814596011154208,25.99255083304139,25.725618600210616,25.953622817993164,47550,0.0,0.0
2013-01-10 00:00:00-05:00,25.953626426608487,26.070408896949086,25.514300001229767,25.725622177124023,45000,0.0,0.0
2013-01-11 00:00:00-05:00,25.842399883637224,25.964744613663175,25.492050946157455,25.87020492553711,47100,0.0,0.0
2013-01-14 00:00:00-05:00,25.931378799334777,26.531977921983223,25.875768712299404,26.520854949951172,34350,0.0,0.0
2013-01-15 00:00:00-05:00,26.3540198884408,26.520853321385438,26.259481791660992,26.4429988861084,28950,0.0,0.0
2013-01-16 00:00:00-05:00,26.493052713179253,26.493052713179253,26.131582336029297,26.220558166503906,52350,0.0,0.0
2013-01-17 00:00:00-05:00,26.36514763780203,26.75998694006168,26.181632101138632,26.665447235107422,23550,0.0,0.0
2013-01-18 00:00:00-05:00,26.58758718952374,26.737736965557865,26.50973275186556,26.620954513549805,53550,0.0,0.0
2013-01-22 00:00:00-05:00,26.54310305615563,26.832281277379092,26.43744196659804,26.615398406982422,80400,0.0,0.0
2013-01-23 00:00:00-05:00,26.45968374587692,26.715496203456198,26.40963434713407,26.604272842407227,43500,0.0,0.0
2013-01-24 00:00:00-05:00,26.54866598051454,26.754425882282337,26.359588152994643,26.470809936523438,31500,0.0,0.0
2013-01-25 00:00:00-05:00,26.46524605731334,26.48748882029802,25.964747296198937,26.326217651367188,70650,0.0,0.0
2013-01-28 00:00:00-05:00,26.40963443502613,26.58758926763001,26.159385849437353,26.481929779052734,109350,0.0,0.0
2013-01-29 00:00:00-05:00,26.520858127616204,26.75998694006168,26.39851496685455,26.665447235107422,83100,0.0,0.0
2013-01-30 00:00:00-05:00,26.56534459580971,26.56534459580971,25.93694040741225,26.020357131958008,48150,0.0,0.0
2013-01-31 00:00:00-05:00,25.95918971276557,26.66544843540267,25.95918971276557,26.392953872680664,59700,0.0,0.0
2013-02-01 00:00:00-05:00,26.137138141644602,26.776663675945933,26.137138141644602,26.648759841918945,79500,0.0,0.0
2013-02-04 00:00:00-05:00,26.537542039188587,26.709936195133892,26.365147883243278,26.431880950927734,31650,0.0,0.0
2013-02-05 00:00:00-05:00,26.582029906939262,26.79891276778769,26.392952092316026,26.63763999938965,84150,0.0,0.0
2013-02-06 00:00:00-05:00,26.53197926300187,26.587589352847967,26.176068005611647,26.465246200561523,19800,0.0,0.0
2013-02-07 00:00:00-05:00,26.37627015894119,26.543102028217966,26.098214922090836,26.237241744995117,15000,0.0,0.0
2013-02-08 00:00:00-05:00,26.187192635183372,26.365147479617605,26.13158254181858,26.159387588500977,15900,0.0,0.0
2013-02-11 00:00:00-05:00,26.15938396915313,26.709932090709508,26.148260997394033,26.587587356567383,30300,0.0,0.0
2013-02-12 00:00:00-05:00,26.409628540346745,26.693244389266003,26.404067850829456,26.543094635009766,15900,0.0,0.0
2013-02-13 00:00:00-05:00,26.68768459853527,26.693245288239833,26.426313089924058,26.59870719909668,16200,0.0,0.0
2013-02-14 00:00:00-05:00,26.554218932026046,26.748857405891663,26.381826400756836,26.381826400756836,25200,0.0,0.0
2013-02-15 00:00:00-05:00,26.493051962497063,26.58202938149229,26.17606871404525,26.303974151611328,41550,0.0,0.0
2013-02-19 00:00:00-05:00,26.38739491896205,27.004676255492964,26.38739491896205,26.687694549560547,52500,0.0,0.0
2013-02-20 00:00:00-05:00,26.65433090180054,26.748869039264076,26.103782563617354,26.120466232299805,56850,0.0,0.0
2013-02-21 00:00:00-05:00,26.153827870032092,26.604277307442423,26.114901437277737,26.459688186645508,38550,0.0,0.0
2013-02-22 00:00:00-05:00,26.476365107459063,26.632075571932813,26.17050486876809,26.51529312133789,38400,0.0,0.0
2013-02-25 00:00:00-05:00,26.559784690663893,26.648762108533226,25.981431474513222,26.01479721069336,75000,0.0,0.0
2013-02-26 00:00:00-05:00,26.14269683266307,26.481924356129053,26.020352114780597,26.137134552001953,99600,0.0,0.0
2013-02-27 00:00:00-05:00,26.09265236236269,26.726617238712453,26.09265236236269,26.42075538635254,24300,0.0,0.0
2013-02-28 00:00:00-05:00,26.37070663884115,26.965745104153907,26.20943546820151,26.70993423461914,59550,0.0,0.0
2013-03-01 00:00:00-05:00,26.459684778399005,26.999113168307083,26.18163113805133,26.98242950439453,78600,0.0,0.0
2013-03-04 00:00:00-05:00,26.871206027512976,27.054723147706106,26.63207881589775,26.92125701904297,34050,0.0,0.0
2013-03-05 00:00:00-05:00,26.843400012997993,27.076964934208025,26.787789923582917,26.987987518310547,36000,0.0,0.0
2013-03-06 00:00:00-05:00,26.971307020303726,27.071409011498467,26.65988602811555,26.949064254760742,32250,0.0,0.0
2013-03-07 00:00:00-05:00,26.871203559651118,27.082525706147386,26.682127356930717,27.076963424682617,24300,0.0,0.0
2013-03-08 00:00:00-05:00,27.18819207054185,27.54410178355427,27.065847311172867,27.449562072753906,28950,0.0,0.0
2013-03-11 00:00:00-04:00,27.282735942491403,27.58859470547944,27.277173659095787,27.538543701171875,38100,0.0,0.0
2013-03-12 00:00:00-04:00,27.405071083487208,28.022353929549357,27.405071083487208,27.97786521911621,55650,0.0,0.0
2013-03-13 00:00:00-04:00,27.91113282918929,27.99455115682838,27.40507330915286,27.621957778930664,49350,0.0,0.0
2013-03-14 00:00:00-04:00,27.594146216120222,27.805465171389823,27.47180148585466,27.655315399169922,38400,0.0,0.0
2013-03-15 00:00:00-04:00,27.66644411111577,27.849958051955014,27.471805606159833,27.838836669921875,71100,0.0,0.0
2013-03-18 00:00:00-04:00,27.66236908557063,28.015292856360894,27.66236908557063,27.841630935668945,30000,0.24333,0.0
2013-03-19 00:00:00-04:00,27.9536722509469,27.987284650474074,27.533526873221792,27.679176330566406,33300,0.0,0.0
2013-03-20 00:00:00-04:00,27.796820136313574,27.959275795802796,27.662370536234334,27.880847930908203,21300,0.0,0.0
2013-03-21 00:00:00-04:00,27.67357695361694,27.858438743798565,27.65677075351772,27.785614013671875,21300,0.0,0.0
2013-03-22 00:00:00-04:00,27.959276151814663,27.959276151814663,27.43269363146716,27.583946228027344,28650,0.0,0.0
2013-03-25 00:00:00-04:00,27.583947485622847,27.76880928560404,27.25903294223893,27.455101013183594,44100,0.0,0.0
2013-03-26 00:00:00-04:00,27.572741754555278,27.70158822951744,27.4158892180013,27.684782028198242,38400,0.0,0.0
2013-03-27 00:00:00-04:00,27.488709994719798,27.583944053328747,27.337457410084262,27.410282135009766,37800,0.0,0.0
2013-03-28 00:00:00-04:00,27.58394950337235,27.63436490457549,27.38788141808542,27.47751235961914,38400,0.0,0.0
2013-04-01 00:00:00-04:00,27.511121495630153,27.60635235628636,27.079769835971977,27.214216232299805,23100,0.0,0.0
2013-04-02 00:00:00-04:00,27.4438953924729,27.88645009612792,27.343061401375532,27.572738647460938,25050,0.0,0.0
2013-04-03 00:00:00-04:00,27.639967258557352,27.920063141562736,27.158200160078536,27.695985794067383,69000,0.0,0.0
2013-04-04 00:00:00-04:00,27.79121974660123,27.964878488100844,27.600754803431457,27.920063018798828,56400,0.0,0.0
2013-04-05 00:00:00-04:00,27.488705552927815,28.1777435691709,27.488705552927815,27.99848175048828,55350,0.0,0.0
2013-04-08 00:00:00-04:00,28.16654198261091,28.16654198261091,27.757599735269952,28.03769874572754,28500,0.0,0.0
2013-04-09 00:00:00-04:00,27.992885137634865,28.088119203040378,27.623158351836555,27.662370681762695,31350,0.0,0.0
2013-04-10 00:00:00-04:00,27.77441528950138,28.362619563082436,27.583950334368097,28.267385482788086,29550,0.0,0.0
2013-04-11 00:00:00-04:00,28.155339384428476,28.328998081196808,27.976074347940568,28.121726989746094,22500,0.0,0.0
2013-04-12 00:00:00-04:00,28.24496934551938,28.48585282351278,28.043298189694145,28.41302490234375,41850,0.0,0.0
2013-04-15 00:00:00-04:00,28.340205007902643,28.340205007902643,27.062965890389545,27.1525936126709,47400,0.0,0.0
2013-04-16 00:00:00-04:00,27.41028236046862,27.953671042669203,27.326254570737582,27.813621520996094,46050,0.0,0.0
2013-04-17 00:00:00-04:00,27.701582712720178,27.970475469366864,27.03495075012454,27.36546516418457,31800,0.0,0.0
2013-04-18 00:00:00-04:00,27.477506130256554,27.98167926071996,27.438290598816444,27.976076126098633,36750,0.0,0.0
2013-04-19 00:00:00-04:00,28.00968670095587,28.558678461770146,27.813618672872828,28.46904754638672,32250,0.0,0.0
2013-04-22 00:00:00-04:00,28.71553949432944,28.771561237182787,28.082519764274817,28.631511688232422,34800,0.0,0.0
2013-04-23 00:00:00-04:00,28.84437540490845,29.28132688846411,28.648307390422527,29.27012062072754,60450,0.0,0.0
2013-04-24 00:00:00-04:00,29.298129674656096,29.505400727300515,28.793953465177847,29.001224517822266,46950,0.0,0.0
2013-04-25 00:00:00-04:00,29.135675741359353,29.460590207736082,29.135675741359353,29.432580947875977,37050,0.0,0.0
2013-04-26 00:00:00-04:00,29.432584096064293,29.550224282241572,29.180494319450503,29.30373764038086,41400,0.0,0.0
2013-04-29 00:00:00-04:00,29.51101590147257,29.53342524046081,29.180501390948013,29.44939422607422,30300,0.0,0.0
2013-04-30 00:00:00-04:00,29.511009935755233,29.891942977905273,29.309341952905935,29.891942977905273,41850,0.0,0.0
2013-05-01 00:00:00-04:00,29.88634391381819,29.88634391381819,29.32054901123047,29.32054901123047,76200,0.0,0.0
2013-05-02 00:00:00-04:00,29.410176977285737,29.679069767498813,29.130081122177508,29.359758377075195,54900,0.0,0.0
2013-05-03 00:00:00-04:00,29.49420380437391,30.805058517740118,29.393369812716447,30.39051628112793,106500,0.0,0.0
2013-05-06 00:00:00-04:00,30.508154604144277,30.564173128806495,29.970369074295917,30.396114349365234,51150,0.0,0.0
2013-05-07 00:00:00-04:00,30.502555441229536,30.788254441844128,30.28968117324925,30.67061424255371,51450,0.0,0.0
2013-05-08 00:00:00-04:00,30.564172998878153,31.23640490833094,30.536163736666108,31.090755462646484,69450,0.0,0.0
2013-05-09 00:00:00-04:00,31.00112467317194,31.292426771233767,30.048793726641183,30.396114349365234,46650,0.0,0.0
2013-05-10 00:00:00-04:00,30.457739575912523,30.648204505344253,30.216856045106965,30.592185974121094,41250,0.0,0.0
2013-05-13 00:00:00-04:00,30.58098963662365,30.631408249089308,30.009591517168918,30.155241012573242,19500,0.0,0.0
2013-05-14 00:00:00-04:00,30.071204572452242,31.135572621848397,30.071204572452242,30.81066131591797,50850,0.0,0.0
2013-05-15 00:00:00-04:00,30.849876705255703,31.208400445431952,30.51936223159884,30.782651901245117,61350,0.0,0.0
2013-05-16 00:00:00-04:00,30.41291841631218,30.474540071303604,30.00397936839366,30.239259719848633,41100,0.0,0.0
2013-05-17 00:00:00-04:00,30.267273800092056,30.681816048279213,30.14403047048348,30.306486129760742,43050,0.0,0.0
2013-05-20 00:00:00-04:00,30.16083977032189,30.424132656587563,29.819122216658563,30.295286178588867,32700,0.0,0.0
2013-05-21 00:00:00-04:00,30.194450420849453,30.362506017335487,30.015188553566986,30.323293685913086,11700,0.0,0.0
2013-05-22 00:00:00-04:00,30.25606329525139,30.468934296692478,29.169286136604413,29.41016960144043,36900,0.0,0.0
2013-05-23 00:00:00-04:00,29.13008485945489,29.561433365080187,28.877998236970253,28.978832244873047,50550,0.0,0.0
2013-05-24 00:00:00-04:00,28.990034501398203,29.572635605330973,28.990034501398203,29.567035675048828,25350,0.0,0.0
2013-05-28 00:00:00-04:00,29.824711502506727,30.564168086791128,29.71827760538821,29.83031463623047,30750,0.0,0.0
2013-05-29 00:00:00-04:00,29.729490998550638,30.015190014116158,29.152489831748735,29.49420738220215,19200,0.0,0.0
2013-05-30 00:00:00-04:00,29.662263870677087,29.96476906412315,29.561429874680048,29.785507202148438,16050,0.0,0.0
2013-05-31 00:00:00-04:00,29.583841112023435,30.2728793389671,29.56143177510849,29.66226577758789,22950,0.0,0.0
2013-06-03 00:00:00-04:00,29.858333735376796,30.08241107637225,29.398975987699895,29.886343002319336,62100,0.0,0.0
2013-06-04 00:00:00-04:00,29.852728702437975,30.132824529440825,29.342949232674542,29.5222110748291,24150,0.0,0.0
2013-06-05 00:00:00-04:00,29.572628975618766,29.572628975618766,29.074055786787373,29.1580867767334,30150,0.0,0.0
2013-06-06 00:00:00-04:00,29.214110269642404,29.376565937235725,28.861189668193642,29.25332260131836,45300,0.0,0.0
2013-06-07 00:00:00-04:00,29.47179079145349,29.47179079145349,28.973217673701825,29.208498001098633,44400,0.0,0.0
2013-06-10 00:00:00-04:00,29.483001858548196,29.522214188609855,29.012441075988566,29.511011123657227,11550,0.0,0.0
2013-06-11 00:00:00-04:00,29.2477313659115,29.365371601365734,29.079672512924304,29.085275650024414,20250,0.0,0.0
2013-06-12 00:00:00-04:00,29.309345223097107,29.309345223097107,28.928412138444447,28.93401527404785,19350,0.0,0.0
2013-06-13 00:00:00-04:00,29.02148705574201,29.55202409002801,29.02148705574201,29.467365264892578,29550,0.25667,0.0
2013-06-14 00:00:00-04:00,29.320624815736263,29.563317373182848,29.224678773404058,29.309337615966797,25050,0.0,0.0
2013-06-17 00:00:00-04:00,29.63104371812678,29.68184095570203,29.18516546703951,29.314979553222656,17100,0.0,0.0
2013-06-18 00:00:00-04:00,29.34884693076892,30.054346956525528,29.29804968877579,29.631046295166016,59700,0.0,0.0
2013-06-19 00:00:00-04:00,29.65927580389091,29.794731931537136,29.128738496560988,29.298059463500977,46800,0.0,0.0
2013-06-20 00:00:00-04:00,29.021498402569897,29.230329399368287,28.411947518312772,29.06100845336914,73350,0.0,0.0
2013-06-21 00:00:00-04:00,29.179524680154373,29.52380847022146,28.82959567583807,29.004558563232422,66300,0.0,0.0
2013-06-24 00:00:00-04:00,28.64334904776917,29.473018112101425,28.64334904776917,29.15131187438965,46500,0.0,0.0
2013-06-25 00:00:00-04:00,29.309342457433335,29.704423580376627,29.123092327123995,29.59154510498047,58200,0.0,0.0
2013-06-26 00:00:00-04:00,29.72134965077895,29.72134965077895,29.19645774731186,29.32062339782715,51300,0.0,0.0
2013-06-27 00:00:00-04:00,29.41093973602923,29.749578423701053,29.219041142502242,29.574615478515625,63450,0.0,0.0
2013-06-28 00:00:00-04:00,29.382717927814674,29.85116748548444,29.049718021981683,29.06100845336914,143100,0.0,0.0
2013-07-01 00:00:00-04:00,29.12308285365197,29.456076185467985,29.12308285365197,29.326265335083008,68400,0.0,0.0
2013-07-02 00:00:00-04:00,29.235973339315457,29.523817997891562,28.795740142109143,28.925554275512695,78300,0.0,0.0
2013-07-03 00:00:00-04:00,28.891683651886492,29.42222082280385,28.891683651886492,29.33755874633789,21300,0.0,0.0
2013-07-05 00:00:00-04:00,29.743921598143505,30.048698558759757,29.269826974542585,29.947107315063477,44700,0.0,0.0
2013-07-08 00:00:00-04:00,29.95275928546928,30.551022913832234,29.91324923823858,30.36477279663086,36750,0.0,0.0
2013-07-09 00:00:00-04:00,30.517155861766074,30.96303417253837,30.511513876520794,30.70340919494629,55050,0.0,0.0
2013-07-10 00:00:00-04:00,30.793716006315556,31.747553927974213,30.70341193904118,31.493574142456055,48450,0.0,0.0
2013-07-11 00:00:00-04:00,31.719328050360552,32.165203083454635,31.527432752657948,32.029747009277344,48750,0.0,0.0
2013-07-12 00:00:00-04:00,32.16520794426221,32.17085315927886,31.459707854997895,32.04668426513672,61200,0.0,0.0
2013-07-15 00:00:00-04:00,32.00153372989374,32.723966268458994,31.89429724625943,32.611087799072266,39300,0.0,0.0
2013-07-16 00:00:00-04:00,32.170861487909384,32.56029745714978,31.96767567857199,32.39662170410156,34200,0.0,0.0
2013-07-17 00:00:00-04:00,32.453054319681854,32.75783135664886,31.956381945543413,32.148277282714844,24750,0.0,0.0
2013-07-18 00:00:00-04:00,32.187780256598586,32.876347816572896,32.108763407061076,32.424827575683594,29400,0.0,0.0
2013-07-19 00:00:00-04:00,32.38532686138431,32.667526257675036,32.27244516515115,32.53207015991211,20250,0.0,0.0
2013-07-22 00:00:00-04:00,32.53770975365314,32.67880781265752,32.1144091175849,32.571571350097656,31950,0.0,0.0
2013-07-23 00:00:00-04:00,32.58286691826967,32.58286691826967,32.22165066299381,32.520782470703125,48000,0.0,0.0
2013-07-24 00:00:00-04:00,32.582863090891486,32.582863090891486,32.08054558383069,32.38532257080078,40650,0.0,0.0
2013-07-25 00:00:00-04:00,32.458702701709896,33.45204754689849,32.458702701709896,33.21500015258789,42300,0.0,0.0
2013-07-26 00:00:00-04:00,33.07952548721275,33.44074159199363,32.661870173441535,33.09081268310547,48300,0.0,0.0
2013-07-29 00:00:00-04:00,33.113406325135024,33.6100787095056,33.09647390834044,33.305301666259766,45450,0.0,0.0
2013-07-30 00:00:00-04:00,33.54799580576104,33.655232297389354,32.97795174199615,33.19806671142578,25950,0.0,0.0
2013-07-31 00:00:00-04:00,33.21500184895394,33.86406283804795,33.18113701102901,33.452049255371094,32850,0.0,0.0
2013-08-01 00:00:00-04:00,33.8414907389137,33.909220425843195,33.299666161594644,33.68910217285156,34800,0.0,0.0
2013-08-02 00:00:00-04:00,33.62700014009119,33.677794144351836,33.299645571559175,33.44639205932617,29400,0.0,0.0
2013-08-05 00:00:00-04:00,33.497201646727454,33.497201646727454,32.961022368594534,33.24886703491211,45000,0.0,0.0
2013-08-06 00:00:00-04:00,33.24886375768428,33.34480981731391,32.836850211305446,32.98923873901367,63750,0.0,0.0
2013-08-07 00:00:00-04:00,32.84814039214625,33.384322895585235,32.79170114847753,33.310951232910156,46500,0.0,0.0
2013-08-08 00:00:00-04:00,33.418191346239745,33.73990091417121,32.94973842291332,33.36739730834961,41250,0.0,0.0
2013-08-09 00:00:00-04:00,33.102118513801095,33.32223672002145,32.571581253857104,32.67881774902344,57750,0.0,0.0
2013-08-12 00:00:00-04:00,32.690104408939014,33.243216009557386,32.182141612098626,32.27244567871094,55350,0.0,0.0
2013-08-13 00:00:00-04:00,32.3909803814476,33.15856843830411,32.2724566573897,32.870723724365234,43500,0.0,0.0
2013-08-14 00:00:00-04:00,32.97795273970137,32.97795273970137,32.17650325085716,32.19343566894531,41400,0.0,0.0
2013-08-15 00:00:00-04:00,31.967663549172713,32.018460789615425,30.88401492261597,31.098487854003906,60300,0.0,0.0
2013-08-16 00:00:00-04:00,30.917887016162783,30.917887016162783,30.009201066128874,30.455076217651367,76500,0.0,0.0
2013-08-19 00:00:00-04:00,30.319621095069973,30.443790007472522,29.89067834703641,30.161590576171875,40650,0.0,0.0
2013-08-20 00:00:00-04:00,30.099498276598336,30.79935630092583,30.099498276598336,30.494579315185547,71850,0.0,0.0
2013-08-21 00:00:00-04:00,30.280110722012544,30.466364068775878,29.732641112092303,29.828590393066406,53700,0.0,0.0
2013-08-22 00:00:00-04:00,30.037411661828127,30.18415492969806,29.82858395842997,30.01483726501465,36900,0.0,0.0
2013-08-23 00:00:00-04:00,30.009205311764244,30.381708860011123,29.65927617030621,30.285762786865234,33450,0.0,0.0
2013-08-26 00:00:00-04:00,30.297039012110446,30.297039012110446,29.597180982788327,29.75521469116211,33300,0.0,0.0
2013-08-27 00:00:00-04:00,29.439155690451216,29.81730438475856,29.10051381543367,29.34320640563965,57450,0.0,0.0
2013-08-28 00:00:00-04:00,29.224682199248914,29.789084237745676,29.224682199248914,29.60283088684082,35700,0.0,0.0
2013-08-29 00:00:00-04:00,29.602828234910625,29.930179643968174,29.546389004975445,29.924537658691406,27900,0.0,0.0
2013-08-30 00:00:00-04:00,29.817294221934592,29.992257085692014,29.19080793554004,29.467365264892578,69600,0.0,0.0
2013-09-03 00:00:00-04:00,29.732645195192895,29.732645195192895,28.846536831640346,29.05536460876465,32250,0.0,0.0
2013-09-04 00:00:00-04:00,29.04972298851645,29.12309788696587,28.69415184770301,28.981996536254883,42300,0.0,0.0
2013-09-05 00:00:00-04:00,28.874750771302075,29.32062585856859,28.801379125899228,28.919902801513672,44700,0.0,0.0
2013-09-06 00:00:00-04:00,29.19646651540448,29.213398934088797,28.72801369690052,28.925554275512695,23250,0.0,0.0
2013-09-09 00:00:00-04:00,29.066649577802604,29.066649577802604,28.79573736404701,28.94248390197754,43050,0.0,0.0
2013-09-10 00:00:00-04:00,29.02149594759644,29.34885061004426,28.874752647257022,29.19081687927246,40200,0.0,0.0
2013-09-11 00:00:00-04:00,29.165225043218275,29.296012717138765,28.9662030099141,29.290325164794922,27300,0.25667,0.0
2013-09-12 00:00:00-04:00,29.199349816627453,29.39837189060149,28.994640189147336,29.028759002685547,21300,0.0,0.0
2013-09-13 00:00:00-04:00,29.29601715140848,29.88170823528402,29.244838933812982,29.654254913330078,58650,0.0,0.0
2013-09-16 00:00:00-04:00,29.938575341245453,29.938575341245453,29.438177956247117,29.580337524414062,30150,0.0,0.0
2013-09-17 00:00:00-04:00,29.477981600257362,29.92151641845703,29.369940859045315,29.92151641845703,32400,0.0,0.0
2013-09-18 00:00:00-04:00,29.830535642452542,30.637995901078774,29.56896671319652,30.55838966369629,43050,0.0,0.0
2013-09-19 00:00:00-04:00,30.535639265064233,30.626620600765563,29.762297911602936,30.069360733032227,36600,0.0,0.0
2013-09-20 00:00:00-04:00,30.302502490108655,30.40485568225432,30.012499067571515,30.171714782714844,70800,0.0,0.0
2013-09-23 00:00:00-04:00,30.279753994881222,30.939370290989874,30.160341401135074,30.376422882080078,61350,0.0,0.0
2013-09-24 00:00:00-04:00,30.43327932322879,31.206620505099295,30.13190412230664,30.88250160217285,21150,0.0,0.0
2013-09-25 00:00:00-04:00,30.990545279985497,30.990545279985497,30.160341422924922,30.16602897644043,25500,0.0,0.0
2013-09-26 00:00:00-04:00,30.257007219728813,30.467404402198994,29.921516396733928,30.092103958129883,31200,0.0,0.0
2013-09-27 00:00:00-04:00,30.01251011627544,30.01251011627544,29.42112794589275,29.5974063873291,41250,0.0,0.0
2013-09-30 00:00:00-04:00,29.000335539302572,29.932896086318387,29.000335539302572,29.847599029541016,54900,0.0,0.0
2013-10-01 00:00:00-04:00,29.841908114993778,30.02955834456883,29.790729892268953,29.995439529418945,35700,0.0,0.0
2013-10-02 00:00:00-04:00,29.864650831710513,30.148969943526996,29.57464742005718,29.637197494506836,34950,0.0,0.0
2013-10-03 00:00:00-04:00,29.568963195315323,29.568963195315323,28.86385622131861,29.00601577758789,38850,0.0,0.0
2013-10-04 00:00:00-04:00,28.954840361089367,29.068568667870718,28.818368345201456,28.858171463012695,32700,0.0,0.0
2013-10-07 00:00:00-04:00,28.77855793997761,29.176602032293868,28.772870387266433,28.869539260864258,31350,0.0,0.0
2013-10-08 00:00:00-04:00,28.778563082192047,29.091310208466457,28.733072413620352,28.909347534179688,61050,0.0,0.0
2013-10-09 00:00:00-04:00,28.915030479445704,29.489349671909995,28.789930347374618,29.000324249267578,60000,0.0,0.0
2013-10-10 00:00:00-04:00,29.381317854317924,29.972696630829542,29.148176924190842,29.944265365600586,46200,0.0,0.0
2013-10-11 00:00:00-04:00,29.79072243354102,30.529944805462716,29.79072243354102,30.399160385131836,25500,0.0,0.0
2013-10-14 00:00:00-04:00,30.160337227996337,30.632303237915043,30.012493394647933,30.63230323791504,22050,0.0,0.0
2013-10-15 00:00:00-04:00,30.569762232868452,30.569762232868452,30.17740557606607,30.251327514648438,30600,0.0,0.0
2013-10-16 00:00:00-04:00,30.41622725937616,30.60956178805885,30.29112710692001,30.433286666870117,26100,0.0,0.0
2013-10-17 00:00:00-04:00,30.32523860433714,31.00759847069347,30.268376095577906,30.88250160217285,29550,0.0,0.0
2013-10-18 00:00:00-04:00,31.166822044953378,31.235056414884703,30.711915399581265,31.00191879272461,41700,0.0,0.0
2013-10-21 00:00:00-04:00,30.950732051700506,31.23504781332548,30.802888246105287,30.859750747680664,40200,0.0,0.0
2013-10-22 00:00:00-04:00,31.04172817983284,31.27486910287668,30.728981018066406,30.728981018066406,60750,0.0,0.0
2013-10-23 00:00:00-04:00,30.66642473414906,31.070153161749158,30.592502810996876,30.962112426757812,46350,0.0,0.0
2013-10-24 00:00:00-04:00,30.9621041542089,31.39426697870771,30.768769695024332,31.286226272583008,30150,0.0,0.0
2013-10-25 00:00:00-04:00,31.36584695638853,31.36584695638853,30.876821454782927,31.33741569519043,19950,0.0,0.0
2013-10-28 00:00:00-04:00,31.34309467371547,31.559176126633623,31.308979118319492,31.5023136138916,17550,0.0,0.0
2013-10-29 00:00:00-04:00,31.57056512187761,31.9686094347152,31.50233072028429,31.92880630493164,22350,0.0,0.0
2013-10-30 00:00:00-04:00,31.860554086083056,32.002713633901,31.343097366674492,31.37152862548828,36000,0.0,0.0
2013-10-31 00:00:00-04:00,31.371532762566087,31.371532762566087,30.73466337065373,30.939373016357422,53250,0.0,0.0
2013-11-01 00:00:00-04:00,30.871127848418922,31.155446912154602,30.512890123060167,30.922306060791016,90000,0.0,0.0
2013-11-04 00:00:00-05:00,30.882501622267625,31.257798735570685,30.723282693139964,31.0928955078125,44850,0.0,0.0
2013-11-05 00:00:00-05:00,31.03603346366677,31.92310302366045,30.854070810719232,31.530746459960938,46350,0.0,0.0
2013-11-06 00:00:00-05:00,31.587607480189565,32.264283097396955,31.530744967272597,32.15624237060547,24450,0.0,0.0
2013-11-07 00:00:00-05:00,32.213109507500455,32.213109507500455,30.592504880498634,30.717601776123047,55500,0.0,0.0
2013-11-08 00:00:00-05:00,30.694848388577853,30.871123449829035,30.137585445755068,30.751710891723633,49800,0.0,0.0
2013-11-11 00:00:00-05:00,30.785839672706206,31.422709024841204,30.575445739880262,31.10995864868164,39750,0.0,0.0
2013-11-12 00:00:00-05:00,31.29761281286895,31.29761281286895,29.932892600843275,30.728981018066406,94350,0.0,0.0
2013-11-13 00:00:00-05:00,30.655046118395877,31.428390580724475,30.569752352311166,31.411331176757812,15450,0.0,0.0
2013-11-14 00:00:00-05:00,31.371527657517543,31.991340794030176,31.371527657517543,31.917415618896484,43350,0.0,0.0
2013-11-15 00:00:00-05:00,31.803695678710938,31.90604887441833,31.485260983593943,31.803695678710938,50850,0.0,0.0
2013-11-18 00:00:00-05:00,31.8207415411856,32.099369747210375,31.724072686877147,32.025447845458984,15900,0.0,0.0
2013-11-19 00:00:00-05:00,31.945845590314864,32.66232099748479,31.843489171791923,32.508792877197266,144600,0.0,0.0
2013-11-20 00:00:00-05:00,32.50879397441296,32.56565648412371,32.036827985566944,32.34957504272461,63300,0.0,0.0
2013-11-21 00:00:00-05:00,32.41213661434363,32.83861209611131,32.41213661434363,32.77606201171875,43200,0.0,0.0
2013-11-22 00:00:00-05:00,32.72487477732981,32.83859979453246,32.20173058770185,32.406436920166016,64050,0.0,0.0
2013-11-25 00:00:00-05:00,32.423502750064856,32.92958763667234,32.423502750064856,32.58272171020508,71700,0.0,0.0
2013-11-26 00:00:00-05:00,32.73055289515009,32.88977179366532,32.38368710293576,32.67937469482422,34350,0.0,0.0
2013-11-27 00:00:00-05:00,32.673695062253536,33.1172297671595,32.57702619908546,33.04899215698242,31950,0.0,0.0
2013-11-29 00:00:00-05:00,33.174111245916656,33.27646446597127,32.86136403040245,33.0831298828125,13800,0.0,0.0
2013-12-02 00:00:00-05:00,32.94096054888928,33.07743255321861,32.34389430979253,32.480369567871094,62400,0.0,0.0
2013-12-03 00:00:00-05:00,32.36095924833944,32.53723765098842,32.070955782852224,32.241546630859375,92100,0.0,0.0
2013-12-04 00:00:00-05:00,31.968588693851725,32.474673463474545,31.91172618712397,32.1278076171875,30150,0.0,0.0
2013-12-05 00:00:00-05:00,31.991341890871084,32.40075787594234,31.88330115475865,32.25859832763672,62700,0.0,0.0
2013-12-06 00:00:00-05:00,32.531540157833554,33.00919373557858,32.468990090881896,32.940956115722656,25950,0.0,0.0
2013-12-09 00:00:00-05:00,32.940956595075406,33.060369177812134,32.26996850755581,32.918212890625,72300,0.0,0.0
2013-12-10 00:00:00-05:00,32.78742824435766,32.95233150504592,32.42919046290552,32.588409423828125,77100,0.0,0.0
2013-12-11 00:00:00-05:00,32.47468485455337,32.71351006958088,32.25291579452823,32.56566619873047,81450,0.0,0.0
2013-12-12 00:00:00-05:00,32.694469295040435,33.404348411992906,32.48265142446749,33.089481353759766,75600,0.25667,0.0
2013-12-13 00:00:00-05:00,33.09520173349139,33.54173830957806,33.00360465510284,33.23259735107422,50700,0.0,0.0
2013-12-16 00:00:00-05:00,33.261232569606804,33.833716146060986,33.23260888214975,33.39862823486328,42450,0.0,0.0
2013-12-17 00:00:00-05:00,33.10094445841036,33.450161396590524,33.10094445841036,33.38718795776367,29250,0.0,0.0
2013-12-18 00:00:00-05:00,33.07803981126393,33.72494565885291,33.072313763211014,33.656246185302734,69900,0.0,0.0
2013-12-19 00:00:00-05:00,33.518844635562765,34.03407749374468,33.25550215942311,33.85660934448242,47850,0.0,0.0
2013-12-20 00:00:00-05:00,33.82798544562586,35.01874771407355,33.82798544562586,34.761131286621094,99900,0.0,0.0
2013-12-23 00:00:00-05:00,34.7954793625709,34.7954793625709,34.14284761656977,34.337493896484375,52200,0.0,0.0
2013-12-24 00:00:00-05:00,34.32603883409272,34.70387926776194,34.27451752097067,34.54930877685547,40200,0.0,0.0
2013-12-26 00:00:00-05:00,34.58366896171276,34.58366896171276,34.20010564157023,34.39474868774414,19050,0.0,0.0
2013-12-27 00:00:00-05:00,34.549313484465216,34.62946176396164,34.217274823970804,34.589385986328125,37200,0.0,0.0
2013-12-30 00:00:00-05:00,34.46915601653223,34.82982154023831,34.10276772309732,34.33176040649414,55800,0.0,0.0
2013-12-31 00:00:00-05:00,34.38330207116676,34.75541331920479,34.25735521378249,34.36040115356445,29700,0.0,0.0
2014-01-02 00:00:00-05:00,34.34895277093078,34.3718536888253,33.91959086129415,34.245906829833984,47250,0.0,0.0
2014-01-03 00:00:00-05:00,34.24018248264337,34.38902699115314,33.776470811011116,34.1600341796875,70500,0.0,0.0
2014-01-06 00:00:00-05:00,34.40618937616358,34.48633765003524,33.644788963808836,33.78218460083008,72450,0.0,0.0
2014-01-07 00:00:00-05:00,33.942482926734776,34.52641523360839,33.89095833173867,34.32032012939453,41550,0.0,0.0
2014-01-08 00:00:00-05:00,34.314604736898254,34.45772647247861,33.942493465623826,34.1600341796875,102750,0.0,0.0
2014-01-09 00:00:00-05:00,34.326038820899086,34.3489397300991,33.77645630934072,33.988277435302734,25800,0.0,0.0
2014-01-10 00:00:00-05:00,34.03407481964886,34.39474041265479,33.93675495786184,34.17719650268555,33900,0.0,0.0
2014-01-13 00:00:00-05:00,34.05697657009246,34.469163489570334,34.05697657009246,34.337493896484375,56850,0.0,0.0
2014-01-14 00:00:00-05:00,34.48063034930664,34.7897715196161,34.33751186362422,34.35468673706055,22350,0.0,0.0
2014-01-15 00:00:00-05:00,34.5206977494665,34.56077026055633,34.22300547526471,34.36040115356445,35400,0.0,0.0
2014-01-16 00:00:00-05:00,34.44627310458842,34.56649390526955,34.211554275400275,34.400474548339844,32100,0.0,0.0
2014-01-17 00:00:00-05:00,34.47489947978803,34.50352317020296,34.25735550170885,34.469173431396484,34350,0.0,0.0
2014-01-21 00:00:00-05:00,34.6237363973618,34.6237363973618,33.98255670033115,34.297420501708984,76800,0.0,0.0
2014-01-22 00:00:00-05:00,33.95964931778591,34.44053563682898,33.95964931778591,34.28023910522461,81450,0.0,0.0
2014-01-23 00:00:00-05:00,34.26307166771662,34.40619007851213,34.09705234573156,34.337493896484375,24150,0.0,0.0
2014-01-24 00:00:00-05:00,34.24590828058039,34.31460448563127,33.799371482549255,33.99974060058594,50250,0.0,0.0
2014-01-27 00:00:00-05:00,34.205833318947,34.205833318947,33.696326352199094,33.87379455566406,49200,0.0,0.0
2014-01-28 00:00:00-05:00,33.83372046645131,33.845169287741875,33.238339174312806,33.78792190551758,54600,0.0,0.0
2014-01-29 00:00:00-05:00,33.56464958411851,33.77074473214801,33.28413218911958,33.42152786254883,59400,0.0,0.0
2014-01-30 00:00:00-05:00,33.59900008438964,34.22873108751653,33.52457783573021,33.91958999633789,37050,0.0,0.0
2014-01-31 00:00:00-05:00,33.530293345645234,34.03980343090424,33.31847546631582,33.690589904785156,47550,0.0,0.0
2014-02-03 00:00:00-05:00,33.53601747630106,33.74210929682339,32.64867023201948,33.03795623779297,50550,0.0,0.0
2014-02-04 00:00:00-05:00,33.123827314874454,33.15245099404484,32.60286849212518,32.91773223876953,49800,0.0,0.0
2014-02-05 00:00:00-05:00,32.7345413100309,32.946362453234315,32.31090557516494,32.476924896240234,29850,0.0,0.0
2014-02-06 00:00:00-05:00,32.48838522184918,32.77462869480504,32.27656727938652,32.6429557800293,57300,0.0,0.0
2014-02-07 00:00:00-05:00,32.66012942523588,32.83187484741211,32.42541057240265,32.83187484741211,42900,0.0,0.0
2014-02-10 00:00:00-05:00,32.6944748662677,32.6944748662677,32.19641353501717,32.44258117675781,62100,0.0,0.0
2014-02-11 00:00:00-05:00,32.36243349132682,32.974989521231684,32.36243349132682,32.711647033691406,45600,0.0,0.0
2014-02-12 00:00:00-05:00,32.72882290947461,32.957815671841146,32.49983014710807,32.86621856689453,40050,0.0,0.0
2014-02-13 00:00:00-05:00,32.91202381378886,33.822269000928834,32.71737746935741,33.667701721191406,48750,0.0,0.0
2014-02-14 00:00:00-05:00,33.69060030340153,33.988292601213956,33.38718523256316,33.87379455566406,58950,0.0,0.0
2014-02-18 00:00:00-05:00,34.068424086765745,34.62945871812426,33.925305681435766,34.463436126708984,47550,0.0,0.0
2014-02-19 00:00:00-05:00,34.25734980614102,34.555042033351064,33.59326916130069,33.598995208740234,35400,0.0,0.0
2014-02-20 00:00:00-05:00,33.467321868305504,34.675262351482445,33.467321868305504,34.50924301147461,30600,0.0,0.0
2014-02-21 00:00:00-05:00,34.68098205556803,34.83555256295181,34.25734630986166,34.434814453125,35850,0.0,0.0
2014-02-24 00:00:00-05:00,34.36039949124922,34.36039949124922,33.77074429548724,33.822265625,38100,0.0,0.0
2014-02-25 00:00:00-05:00,33.50739591365108,33.90813403817705,33.49022104822618,33.63334274291992,22350,0.0,0.0
2014-02-26 00:00:00-05:00,33.633351352894806,33.9711161492525,33.54747700378689,33.78792190551758,36600,0.0,0.0
2014-02-27 00:00:00-05:00,33.78218899780821,33.845162415777324,33.54174742066855,33.7134895324707,19800,0.0,0.0
2014-02-28 00:00:00-05:00,33.78792815609869,33.994020080540615,33.63908034869943,33.91387176513672,50100,0.0,0.0
2014-03-03 00:00:00-05:00,33.57608997602648,33.833709665335924,33.123830559600044,33.49594497680664,16350,0.0,0.0
2014-03-04 00:00:00-05:00,33.816551056848446,34.45773101344936,33.68487812554612,34.20583724975586,84450,0.0,0.0
2014-03-05 00:00:00-05:00,34.11995997084267,34.3432267225143,33.833719789675385,34.245906829833984,56850,0.0,0.0
2014-03-06 00:00:00-05:00,34.22300241410807,34.331774392504094,33.661970930176416,34.016910552978516,30600,0.0,0.0
2014-03-07 00:00:00-05:00,34.188658864147165,34.188658864147165,33.44443302422184,33.810821533203125,38100,0.0,0.0
2014-03-10 00:00:00-04:00,33.616171954555675,34.32032514352501,33.59899708704776,34.131404876708984,59100,0.0,0.0
2014-03-11 00:00:00-04:00,34.205833318947,34.205833318947,33.82799599259843,33.87379455566406,49200,0.0,0.0
2014-03-12 00:00:00-04:00,33.79936078121718,34.58366213483796,33.461596084248036,34.55503845214844,46350,0.0,0.0
2014-03-13 00:00:00-04:00,34.696193183789916,35.145596271779844,34.546389956594275,35.12831115722656,46050,0.25667,0.0
2014-03-14 00:00:00-04:00,35.14561164642371,35.67567443847656,34.9497157936564,35.67567443847656,50550,0.0,0.0
2014-03-17 00:00:00-04:00,35.72753136943514,36.136601621399016,35.59501648981869,36.009849548339844,61200,0.0,0.0
2014-03-18 00:00:00-04:00,35.92341689743323,36.38434242772787,35.77361692428733,36.1654052734375,24900,0.0,0.0
2014-03-19 00:00:00-04:00,36.03289250095545,36.30368835092,35.790907385633886,36.24031066894531,74250,0.0,0.0
2014-03-20 00:00:00-04:00,36.165406390109624,36.269113813428206,35.97527336669259,36.21725845336914,37350,0.0,0.0
2014-03-21 00:00:00-04:00,36.30367453270921,36.51108932495117,35.981023439357394,36.51108932495117,173850,0.0,0.0
2014-03-24 00:00:00-04:00,36.44196303395888,36.67242581455184,36.038652343721274,36.614810943603516,64200,0.0,0.0
2014-03-25 00:00:00-04:00,36.643612649441835,37.17367531352464,36.597520100530325,36.90864562988281,46950,0.0,0.0
2014-03-26 00:00:00-04:00,37.046924907966996,37.162154636920306,36.03864829562909,36.113548278808594,93900,0.0,0.0
2014-03-27 00:00:00-04:00,36.23454717210776,36.63209508164537,36.23454717210776,36.41315460205078,19650,0.0,0.0
2014-03-28 00:00:00-04:00,36.32672868229414,36.672424489088826,35.67567011435056,36.21725845336914,30450,0.0,0.0
2014-03-31 00:00:00-04:00,36.28641018977422,36.65515073978165,35.90038451438513,36.39011764526367,63450,0.0,0.0
2014-04-01 00:00:00-04:00,36.55719578201879,36.55719578201879,36.05017762302126,36.24031066894531,46650,0.0,0.0
2014-04-02 00:00:00-04:00,36.40739059448242,36.539905449022584,36.153879902736676,36.40739059448242,36600,0.0,0.0
2014-04-03 00:00:00-04:00,36.43619657485175,36.43619657485175,35.940700822058076,36.15964126586914,32850,0.0,0.0
2014-04-04 00:00:00-04:00,36.43043588384292,36.43043588384292,35.4624922462295,35.692955017089844,38100,0.0,0.0
2014-04-07 00:00:00-04:00,35.68719212927675,35.68719212927675,35.07646661210417,35.27812194824219,31950,0.0,0.0
2014-04-08 00:00:00-04:00,35.399101649686756,35.71598990443923,34.61552851480529,35.59499740600586,37200,0.0,0.0
2014-04-09 00:00:00-04:00,35.60654178371209,35.854289737591145,35.255083083929925,35.65839385986328,26250,0.0,0.0
2014-04-10 00:00:00-04:00,35.5258668678422,35.646859400047944,34.75957863267297,35.08798599243164,42900,0.0,0.0
2014-04-11 00:00:00-04:00,34.7768603736196,35.28387837670713,34.36778696972011,34.54639434814453,33900,0.0,0.0
2014-04-14 00:00:00-04:00,34.880573130294394,35.16865076114988,34.42540711080732,34.77110290527344,33450,0.0,0.0
2014-04-15 00:00:00-04:00,34.93818473764106,35.35301767422001,34.540636918852776,35.232025146484375,30600,0.0,0.0
2014-04-16 00:00:00-04:00,35.462498136414325,35.99832375556325,35.093757641791406,35.50859069824219,36750,0.0,0.0
2014-04-17 00:00:00-04:00,35.47400810202423,35.47400810202423,35.07646030676933,35.13407516479492,20700,0.0,0.0
2014-04-21 00:00:00-04:00,35.12256523550591,35.283890851013915,35.06495035716737,35.18018341064453,19350,0.0,0.0
2014-04-22 00:00:00-04:00,35.25508013574154,36.009849548339844,35.197465257369174,36.009849548339844,45300,0.0,0.0
2014-04-23 00:00:00-04:00,36.0386602195579,37.16216693257809,36.0386602195579,36.683956146240234,77550,0.0,0.0
2014-04-24 00:00:00-04:00,36.87407476647208,37.3810927958702,36.71274919962767,37.363807678222656,176700,0.0,0.0
2014-04-25 00:00:00-04:00,37.283143137612996,37.945723897811966,36.81645487352185,36.87407302856445,56850,0.0,0.0
2014-04-28 00:00:00-04:00,37.162158669913495,37.98030236210768,36.64361823975084,37.22553634643555,28800,0.0,0.0
2014-04-29 00:00:00-04:00,37.502090292647324,37.58851259553928,36.47653178510477,36.67242431640625,32250,0.0,0.0
2014-04-30 00:00:00-04:00,36.66666002190314,36.683945141139546,36.00984197491693,36.44771957397461,41250,0.0,0.0
2014-05-01 00:00:00-04:00,36.269118462573076,36.320973829279204,35.62958212706402,35.894615173339844,46950,0.0,0.0
2014-05-02 00:00:00-04:00,35.911900062247305,35.911900062247305,34.98428605470882,35.237796783447266,27300,0.0,0.0
2014-05-05 00:00:00-04:00,34.94394938657619,36.274870558703086,34.58673129258221,36.113548278808594,50700,0.0,0.0
2014-05-06 00:00:00-04:00,35.89461151879544,36.25182964942379,34.88633809985376,35.721763610839844,54150,0.0,0.0
2014-05-07 00:00:00-04:00,35.93494160112333,36.516859656330034,35.92341599055734,36.37858200073242,39300,0.0,0.0
2014-05-08 00:00:00-04:00,36.240309807157495,36.89712794603984,36.240309807157495,36.586002349853516,48150,0.0,0.0
2014-05-09 00:00:00-04:00,36.37858400855201,36.85679467265392,36.37858400855201,36.78189468383789,40800,0.0,0.0
2014-05-12 00:00:00-04:00,37.04691969774952,37.496319533623726,36.9893015445769,37.17367172241211,48000,0.0,0.0
2014-05-13 00:00:00-04:00,37.23705469868267,37.40413978409715,37.00082913831086,37.11606216430664,110550,0.0,0.0
2014-05-14 00:00:00-04:00,36.914407315289026,37.51937329173449,36.74732222772965,36.85679244995117,47100,0.0,0.0
2014-05-15 00:00:00-04:00,36.902879854879465,37.525127566704334,36.58599154611778,36.718509674072266,29700,0.0,0.0
2014-05-16 00:00:00-04:00,36.63209524415507,37.21977619860033,36.44196549781093,37.19673156738281,36150,0.0,0.0
2014-05-19 00:00:00-04:00,37.214015363853804,37.963018600546306,37.15063768506293,37.34077072143555,36600,0.0,0.0
2014-05-20 00:00:00-04:00,36.97201997706374,37.3350008600168,36.79341258644181,37.21400833129883,86700,0.0,0.0
2014-05-21 00:00:00-04:00,37.208241954955916,37.37532701651922,36.87983133938739,37.17367172241211,34500,0.0,0.0
2014-05-22 00:00:00-04:00,37.32925436059924,37.54243208019965,37.09302870809038,37.15640640258789,28350,0.0,0.0
2014-05-23 00:00:00-04:00,37.219771170407476,37.66341487780963,37.19096373687737,37.47328186035156,34500,0.0,0.0
2014-05-27 00:00:00-04:00,37.605797193374244,38.30294830280879,37.47904514358572,37.957252502441406,26250,0.0,0.0
2014-05-28 00:00:00-04:00,37.214013470010535,37.98606459460947,37.214013470010535,37.79016876220703,18300,0.0,0.0
2014-05-29 00:00:00-04:00,38.03791241998339,38.03791241998339,37.674934824156225,37.72102737426758,7950,0.0,0.0
2014-05-30 00:00:00-04:00,37.830499048586795,37.865065989901005,37.18520332219713,37.686458587646484,27300,0.0,0.0
2014-06-02 00:00:00-04:00,37.352288846075,37.991821774633955,37.15063351712772,37.450233459472656,37350,0.0,0.0
2014-06-03 00:00:00-04:00,37.36957276989296,37.81321316066529,37.17367695576549,37.72678756713867,57000,0.0,0.0
2014-06-04 00:00:00-04:00,37.513603719372625,38.16466213000331,37.455988864427965,38.147377014160156,43800,0.0,0.0
2014-06-05 00:00:00-04:00,38.41817564537731,39.1095638469164,38.02638734943899,39.09804153442383,28200,0.0,0.0
2014-06-06 00:00:00-04:00,39.34579300238558,39.74334084271642,39.00585672981368,39.599300384521484,47850,0.0,0.0
2014-06-09 00:00:00-04:00,39.45526150062617,40.26188282382387,39.14413594471853,40.23883819580078,54300,0.0,0.0
2014-06-10 00:00:00-04:00,40.02565284544924,40.26187838906297,39.703005011069024,39.80095291137695,24450,0.0,0.0
2014-06-11 00:00:00-04:00,39.75486005349738,40.35982597454085,39.437971729560736,39.58201217651367,28500,0.0,0.0
2014-06-12 00:00:00-04:00,39.51538019716579,39.810959929962955,38.99955827746,39.700843811035156,25650,0.27,0.0
2014-06-13 00:00:00-04:00,39.57332388886255,39.857316198954095,39.364675732879995,39.56173324584961,17850,0.0,0.0
2014-06-16 00:00:00-04:00,39.486394576443445,39.88630335484913,39.32991257001595,39.71822738647461,21900,0.0,0.0
2014-06-17 00:00:00-04:00,39.515374029124466,40.094946073824055,39.515374029124466,39.839935302734375,32100,0.0,0.0
2014-06-18 00:00:00-04:00,40.00799376926371,40.58177189877966,39.77616438947692,40.50642776489258,22200,0.0,0.0
2014-06-19 00:00:00-04:00,40.77883987390103,40.8136151217514,40.2630180852878,40.44268798828125,21300,0.0,0.0
2014-06-20 00:00:00-04:00,40.6571260869123,41.225107378760804,40.52961906741064,40.575984954833984,71100,0.0,0.0
2014-06-23 00:00:00-04:00,40.57018953202471,40.76724371593988,40.257218976403756,40.52961730957031,37050,0.0,0.0
2014-06-24 00:00:00-04:00,40.33255882613809,41.254082773191655,40.15289228294903,40.24562072753906,32100,0.0,0.0
2014-06-25 00:00:00-04:00,39.973226456460225,40.72667457737303,39.973226456460225,40.54700469970703,24600,0.0,0.0
2014-06-26 00:00:00-04:00,40.6571223527988,40.91793003105776,39.845717739238005,40.81940460205078,26700,0.0,0.0
2014-06-27 00:00:00-04:00,40.51222484507715,41.369995280841195,40.51222484507715,41.14396286010742,55500,0.0,0.0
2014-06-30 00:00:00-04:00,41.051232745049525,41.4569350392508,40.76724047583873,41.34101867675781,23700,0.0,0.0
2014-07-01 00:00:00-04:00,41.4105762513094,42.3610787238391,41.4105762513094,42.013336181640625,45900,0.0,0.0
2014-07-02 00:00:00-04:00,41.87422838517185,42.15821734081632,41.033845526997496,41.097599029541016,21150,0.0,0.0
2014-07-03 00:00:00-04:00,41.32943718161589,41.416371985462206,40.94691608545163,41.404781341552734,21150,0.0,0.0
2014-07-07 00:00:00-04:00,41.480124753258714,41.82207361504636,41.06862871291856,41.21352005004883,28050,0.0,0.0
2014-07-08 00:00:00-04:00,41.09180445788817,41.84524925839192,40.9063409182965,41.48591613769531,63150,0.0,0.0
2014-07-09 00:00:00-04:00,41.625029523957714,41.625029523957714,41.01067882961323,41.31785583496094,22200,0.0,0.0
2014-07-10 00:00:00-04:00,40.749859240452665,41.32363753127298,40.749859240452665,41.109195709228516,24600,0.0,0.0
2014-07-11 00:00:00-04:00,41.08020792855602,41.740920864577305,40.77303439967199,40.92951965332031,24600,0.0,0.0
2014-07-14 00:00:00-04:00,41.14396832302551,41.596036540866045,40.36733890300327,40.73826599121094,44400,0.0,0.0
2014-07-15 00:00:00-04:00,40.37892163745173,40.941109139046574,39.619679987925885,40.51222229003906,37500,0.0,0.0
2014-07-16 00:00:00-04:00,40.85418474276003,40.85418474276003,40.17029031581152,40.390525817871094,21300,0.0,0.0
2014-07-17 00:00:00-04:00,40.396329029448225,40.66872744620829,39.90948542504108,40.042789459228516,33150,0.0,0.0
2014-07-18 00:00:00-04:00,39.85730268221582,40.56438141146365,39.78775221502485,40.36153030395508,58200,0.0,0.0
2014-07-21 00:00:00-04:00,40.24562060861453,40.24562060861453,39.37625952328933,40.11231994628906,37800,0.0,0.0
2014-07-22 00:00:00-04:00,40.26302458054936,40.286209188306486,39.93266962172826,39.96744155883789,16950,0.0,0.0
2014-07-23 00:00:00-04:00,39.8283339464371,40.019594476505645,39.51536669225658,39.822540283203125,29700,0.0,0.0
2014-07-24 00:00:00-04:00,39.84572463862165,40.01380389600366,39.42843161788211,39.631282806396484,21150,0.0,0.0
2014-07-25 00:00:00-04:00,39.4110420716616,39.72980963078469,38.83726378159,38.99954605102539,32850,0.0,0.0
2014-07-28 00:00:00-04:00,39.06329843071353,39.46900077619392,38.83146899277472,39.295127868652344,39300,0.0,0.0
2014-07-29 00:00:00-04:00,39.46320647951401,40.23403899852175,38.83726529634976,39.06330108642578,21900,0.0,0.0
2014-07-30 00:00:00-04:00,39.242966457698756,39.242966457698756,38.414177429944296,38.58804702758789,20400,0.0,0.0
2014-07-31 00:00:00-04:00,38.24609119091482,38.68656871703274,37.718678881860164,37.7244758605957,47250,0.0,0.0
2014-08-01 00:00:00-04:00,37.67232458485414,38.309856471472386,36.77978193339883,37.78244400024414,32850,0.0,0.0
2014-08-04 00:00:00-04:00,38.07223379570585,38.07223379570585,37.09275623732934,37.649147033691406,26850,0.0,0.0
2014-08-05 00:00:00-04:00,37.55640617171159,38.054840302265156,37.289801483700394,37.510040283203125,29250,0.0,0.0
2014-08-06 00:00:00-04:00,37.23764044545585,37.70130266967613,37.150705643861485,37.6897087097168,28800,0.0,0.0
2014-08-07 00:00:00-04:00,37.57958977052399,38.22871224959106,37.527430215460654,37.65493392944336,36150,0.0,0.0
2014-08-08 00:00:00-04:00,37.5564132445288,38.72135765632371,37.533228637733345,38.280879974365234,41550,0.0,0.0
2014-08-11 00:00:00-04:00,38.38519629335274,39.324108050018204,38.38519629335274,38.872039794921875,24750,0.0,0.0
2014-08-12 00:00:00-04:00,38.651816367065244,38.86626159473331,38.10701611552067,38.344642639160156,27750,0.0,0.0
2014-08-13 00:00:00-04:00,38.52428866493507,39.01113209955224,38.52428866493507,38.80828094482422,15000,0.0,0.0
2014-08-14 00:00:00-04:00,39.01693198502492,40.060166099002025,39.01693198502492,39.68923568725586,38400,0.0,0.0
2014-08-15 00:00:00-04:00,40.19926857515099,40.599173983235154,39.689240441536136,40.181880950927734,57600,0.0,0.0
2014-08-18 00:00:00-04:00,40.622351111868674,40.622351111868674,40.03698219380758,40.27460861206055,42450,0.0,0.0
2014-08-19 00:00:00-04:00,40.17029096867033,40.51223652952687,39.99062105963693,40.448486328125,34950,0.0,0.0
2014-08-20 00:00:00-04:00,40.494848205182294,40.494848205182294,40.025392339030724,40.35574722290039,29400,0.0,0.0
2014-08-21 00:00:00-04:00,40.32097443251407,40.55859753402067,39.85151857638903,40.349952697753906,25950,0.0,0.0
2014-08-22 00:00:00-04:00,40.251427385236994,40.30938723702338,39.926866143903915,39.99061965942383,30000,0.0,0.0
2014-08-25 00:00:00-04:00,40.152906004923736,40.30359433885959,39.764591208742495,39.973236083984375,25200,0.0,0.0
2014-08-26 00:00:00-04:00,39.84572896704407,40.402119721803906,39.81095371578395,39.839935302734375,25350,0.0,0.0
2014-08-27 00:00:00-04:00,39.411037890218736,40.25142078157103,39.411037890218736,40.089141845703125,21900,0.0,0.0
2014-08-28 00:00:00-04:00,39.828339433581725,40.083353508806375,39.64867283792824,39.73561096191406,38100,0.0,0.0
2014-08-29 00:00:00-04:00,39.82254775004852,40.10074312793802,39.208197136613,39.973236083984375,25200,0.0,0.0
2014-09-02 00:00:00-04:00,40.17028154940746,40.489045747073014,39.70661940935379,40.158687591552734,40050,0.0,0.0
2014-09-03 00:00:00-04:00,40.48904575130081,40.53541163367607,39.70661941349989,39.874698638916016,14100,0.0,0.0
2014-09-04 00:00:00-04:00,39.822544023676116,40.176083535451276,39.480595155807464,39.89788818359375,16800,0.0,0.0
2014-09-05 00:00:00-04:00,39.78777155927316,40.28620576197733,39.78777155927316,40.25143051147461,12600,0.0,0.0
2014-09-08 00:00:00-04:00,40.13551680719378,40.50644396318427,39.747202026222446,40.228248596191406,35550,0.0,0.0
2014-09-09 00:00:00-04:00,40.3557456727495,40.3557456727495,38.94738144474305,39.21688461303711,49000,0.0,1.5
2014-09-10 00:00:00-04:00,39.39076350221255,39.46900615545251,38.92999973697707,39.30382537841797,31200,0.0,0.0
2014-09-11 00:00:00-04:00,39.20761280595369,39.87229535573683,39.20761280595369,39.53120803833008,25200,0.27,0.0
2014-09-12 00:00:00-04:00,39.40001927796382,39.40001927796382,38.131871464858456,38.27180480957031,29500,0.0,0.0
2014-09-15 00:00:00-04:00,38.2543136540482,38.988964501635266,37.74705322620941,37.99193572998047,32400,0.0,0.0
2014-09-16 00:00:00-04:00,38.01818289678372,38.682865537177506,37.983198721953904,38.070655822753906,20600,0.0,0.0
2014-09-17 00:00:00-04:00,38.18435086622492,38.5079461269806,37.405971363617645,37.63336181640625,21100,0.0,0.0
2014-09-18 00:00:00-04:00,37.650861262374974,38.13188205995845,37.44096285512311,37.71208190917969,23900,0.0,0.0
2014-09-19 00:00:00-04:00,37.76455012233394,38.149366011047995,37.31851026360183,37.336002349853516,43700,0.0,0.0
2014-09-22 00:00:00-04:00,37.16985014508222,37.18734223962125,36.33899400399579,36.67133712768555,27600,0.0,0.0
2014-09-23 00:00:00-04:00,36.41769549559163,36.65383369440611,35.167039481282444,35.68304443359375,50600,0.0,0.0
2014-09-24 00:00:00-04:00,35.46441177460701,36.015401114149604,35.210781390469414,35.55187225341797,33300,0.0,0.0
2014-09-25 00:00:00-04:00,35.55186019758126,35.55186019758126,34.35367706625274,34.948394775390625,51800,0.0,0.0
2014-09-26 00:00:00-04:00,35.14954097400156,37.2485445782337,35.14954097400156,37.03864288330078,78300,0.0,0.0
2014-09-29 00:00:00-04:00,36.54888823640549,37.2747916599925,36.54888823640549,37.12611389160156,35600,0.0,0.0
2014-09-30 00:00:00-04:00,37.01241777593851,37.29228456418084,36.38271583425563,36.4351921081543,42800,0.0,0.0
2014-10-01 00:00:00-04:00,36.513897734108426,36.95118992254086,36.12908180934675,36.27775955200195,37200,0.0,0.0
2014-10-02 00:00:00-04:00,36.02412473712839,36.968677346387594,36.02412473712839,36.513893127441406,25600,0.0,0.0
2014-10-03 00:00:00-04:00,36.94244581326763,37.37973800485507,36.43518526961437,36.84624099731445,29800,0.0,0.0
2014-10-06 00:00:00-04:00,37.10861346544444,37.12610555243351,36.225281422006354,36.522640228271484,31100,0.0,0.0
2014-10-07 00:00:00-04:00,36.38271181538587,36.95993741940918,35.75301327953538,36.172813415527344,29400,0.0,0.0
2014-10-08 00:00:00-04:00,36.26901840032826,37.60713154827519,36.02413248437021,37.572147369384766,37200,0.0,0.0
2014-10-09 00:00:00-04:00,37.66834558019528,37.72082183931826,36.36521683991418,36.57511520385742,45200,0.0,0.0
2014-10-10 00:00:00-04:00,36.338980128821696,37.48468686159802,36.338980128821696,36.95993423461914,37600,0.0,0.0
2014-10-13 00:00:00-04:00,37.143594709412206,38.27180587287673,36.819996130052786,37.58088684082031,51000,0.0,0.0
2014-10-14 00:00:00-04:00,38.01818900444803,38.85778931759907,37.449707749097286,38.65663528442383,42200,0.0,0.0
2014-10-15 00:00:00-04:00,38.42924022969546,39.25135176283836,38.21934182619831,38.8577880859375,80300,0.0,0.0
2014-10-16 00:00:00-04:00,38.31554337602429,39.5661993222278,38.05316538966855,39.041446685791016,57700,0.0,0.0
2014-10-17 00:00:00-04:00,39.5749447037543,39.5749447037543,38.38550936780435,38.577919006347656,31900,0.0,0.0
2014-10-20 00:00:00-04:00,38.516694031940546,39.242597278502124,38.516694031940546,39.0764274597168,30500,0.0,0.0
2014-10-21 00:00:00-04:00,39.14640342501723,39.45251002268374,38.94524937663513,39.38254165649414,28300,0.0,0.0
2014-10-22 00:00:00-04:00,38.595416555596685,40.12593949549062,38.51670381380827,39.35630416870117,43900,0.0,0.0
2014-10-23 00:00:00-04:00,39.592433908199354,40.25711654595897,39.17263382072887,39.93352127075195,36400,0.0,0.0
2014-10-24 00:00:00-04:00,40.14342143159343,40.14342143159343,39.81982283261484,40.0647087097168,28400,0.0,0.0
2014-10-27 00:00:00-04:00,40.04722010470218,40.22213765033229,39.81982629450063,40.17840576171875,17100,0.0,0.0
2014-10-28 00:00:00-04:00,40.42328745758474,41.48153366103018,40.16090949827983,41.47278594970703,47900,0.0,0.0
2014-10-29 00:00:00-04:00,41.350359610385034,41.76141544784636,40.8431022675572,41.551513671875,31100,0.0,0.0
2014-10-30 00:00:00-04:00,41.62147908362564,42.70596539920637,41.48154568835154,42.53104782104492,46600,0.0,0.0
2014-10-31 00:00:00-04:00,42.56601944251558,42.84588950868411,42.06750662137484,42.35612106323242,60800,0.0,0.0
2014-11-03 00:00:00-05:00,42.20744732861554,42.69721585926604,41.822631342138465,42.12873458862305,40500,0.0,0.0
2014-11-04 00:00:00-05:00,41.90134567032228,42.539791991671486,41.63897097249422,41.81388854980469,33700,0.0,0.0
2014-11-05 00:00:00-05:00,42.24242298604911,42.452324695765434,41.54275618078552,42.2161865234375,35200,0.0,0.0
2014-11-06 00:00:00-05:00,42.06751073107334,42.277412467137005,41.254146925273375,41.630218505859375,24900,0.0,0.0
2014-11-07 00:00:00-05:00,41.43780253592503,41.43780253592503,40.650675379516024,41.23664855957031,20900,0.0,0.0
2014-11-10 00:00:00-05:00,41.14045715332031,41.49028896407741,40.65068861473011,41.14045715332031,27300,0.0,0.0
2014-11-11 00:00:00-05:00,41.00926844983913,41.52527346067017,40.703165196072945,41.51652908325195,40800,0.0,0.0
2014-11-12 00:00:00-05:00,41.499021819973166,41.78763287711061,40.91304865892898,41.32410430908203,36900,0.0,0.0
2014-11-13 00:00:00-05:00,41.17544069388091,41.665205888566724,40.3008561761989,40.38831329345703,37400,0.0,0.0
2014-11-14 00:00:00-05:00,40.16966382620078,40.69441315869669,39.67989533593635,39.776100158691406,30100,0.0,0.0
2014-11-17 00:00:00-05:00,39.51372461812729,40.11718667077233,39.478740440395015,39.86355972290039,44300,0.0,0.0
2014-11-18 00:00:00-05:00,40.04721501307631,40.152164192601205,39.38252909144537,39.548702239990234,42200,0.0,0.0
2014-11-19 00:00:00-05:00,39.3475475764553,39.46124112886341,38.709098126659775,39.2513427734375,28400,0.0,0.0
2014-11-20 00:00:00-05:00,39.21637400958026,39.59244565843447,38.945251579671826,39.51373291015625,35200,0.0,0.0
2014-11-21 00:00:00-05:00,40.187155426412076,40.58071908913213,39.25135034854153,39.592437744140625,30900,0.0,0.0
2014-11-24 00:00:00-05:00,39.53122301617529,39.82858190180845,39.1376592945615,39.60993576049805,34000,0.0,0.0
2014-11-25 00:00:00-05:00,39.53120964560669,39.8373128053984,39.338800038723775,39.70612716674805,24500,0.0,0.0
2014-11-26 00:00:00-05:00,39.81982674386956,40.05596493269385,39.40002663138464,39.8723030090332,21200,0.0,0.0
2014-11-28 00:00:00-05:00,40.0559580120941,40.493250137414506,39.24259439209622,39.29507064819336,20600,0.0,0.0
2014-12-01 00:00:00-05:00,39.29508004437114,39.504978446401985,38.84029572493771,38.936500549316406,34700,0.0,0.0
2014-12-02 00:00:00-05:00,39.17263073239558,39.697379966294314,39.16388302127519,39.548702239990234,25400,0.0,0.0
2014-12-03 00:00:00-05:00,39.5662001894307,40.07345741253538,39.45250328193621,39.60118103027344,31000,0.0,0.0
2014-12-04 00:00:00-05:00,39.43501201148967,40.12593451065761,39.24260236962649,39.67115020751953,50100,0.0,0.0
2014-12-05 00:00:00-05:00,39.54870408559062,40.0822010555062,39.54870408559062,39.98599624633789,25600,0.0,0.0
2014-12-08 00:00:00-05:00,40.2046473863162,40.59820771149731,39.5749455279867,39.784847259521484,26800,0.0,0.0
2014-12-09 00:00:00-05:00,39.34755060853122,41.192920748639104,39.26009017346899,41.15793991088867,33700,0.0,0.0
2014-12-10 00:00:00-05:00,41.12295948136564,41.26289285393256,40.65943081028925,41.19292449951172,46300,0.0,0.0
2014-12-11 00:00:00-05:00,41.26329877520112,41.65033341288238,40.462838410432546,41.37765121459961,59300,0.27,0.0
2014-12-12 00:00:00-05:00,40.78829128598687,41.53597603364036,40.770698348399875,41.18412399291992,69600,0.0,0.0
2014-12-15 00:00:00-05:00,41.25449466791763,41.5095838675055,40.88504969924025,40.955421447753906,76800,0.0,0.0
2014-12-16 00:00:00-05:00,41.14015049062237,41.93181268683435,40.717929981540586,40.91144561767578,67100,0.0,0.0
2014-12-17 00:00:00-05:00,40.480431500582604,41.667926507404815,40.480431500582604,41.5535774230957,51100,0.0,0.0
2014-12-18 00:00:00-05:00,41.879033223593645,42.44199384864222,41.342460329247345,42.36282730102539,34600,0.0,0.0
2014-12-19 00:00:00-05:00,42.1956983629709,42.45958572995026,41.975791664569776,42.134124755859375,92000,0.0,0.0
2014-12-22 00:00:00-05:00,42.29246115190062,42.97856903076172,42.29246115190062,42.97856903076172,36200,0.0,0.0
2014-12-23 00:00:00-05:00,43.09291614982319,43.70865219314305,42.855416523609904,43.594303131103516,40400,0.0,0.0
2014-12-24 00:00:00-05:00,43.58552130207663,44.64107447303382,43.58552130207663,44.2540397644043,24900,0.0,0.0
2014-12-26 00:00:00-05:00,44.6498554221983,44.91374614974236,44.5267082056164,44.75541305541992,17600,0.0,0.0
2014-12-29 00:00:00-05:00,44.966524229409806,46.32115040171556,44.966524229409806,46.26837158203125,37600,0.0,0.0
2014-12-30 00:00:00-05:00,46.26837116732221,46.26837116732221,44.72902417318398,44.86096954345703,36500,0.0,0.0
2014-12-31 00:00:00-05:00,44.86097018521408,45.327171350630486,43.64708417007131,43.68227005004883,37400,0.0,0.0
2015-01-02 00:00:00-05:00,43.69106733880465,44.11329121164043,42.934591009124006,43.884586334228516,41900,0.0,0.0
2015-01-05 00:00:00-05:00,43.86698588170172,43.86698588170172,42.47717733626071,42.94337844848633,49500,0.0,0.0
2015-01-06 00:00:00-05:00,42.864213731334104,43.453565434536586,42.18690068998675,42.424400329589844,54800,0.0,0.0
2015-01-07 00:00:00-05:00,42.49478030500885,42.987369262725984,41.6943198932079,42.87302017211914,40300,0.0,0.0
2015-01-08 00:00:00-05:00,43.28642771184061,43.97253879755752,42.94337384673688,43.77022171020508,34800,0.0,0.0
2015-01-09 00:00:00-05:00,43.56791243778753,43.831803150732924,42.92578530434065,43.35680389404297,19100,0.0,0.0
2015-01-12 00:00:00-05:00,43.251266351786334,43.981358513760206,42.39803027836711,43.761451721191406,28100,0.0,0.0
2015-01-13 00:00:00-05:00,43.85818768334288,45.371146677120244,43.44476206166893,44.15726089477539,44900,0.0,0.0
2015-01-14 00:00:00-05:00,43.831800898099914,44.76420307015438,43.831800898099914,44.46512985229492,27700,0.0,0.0
2015-01-15 00:00:00-05:00,44.80818739792827,44.948927549867,44.04291303148079,44.289207458496094,50800,0.0,0.0
2015-01-16 00:00:00-05:00,44.01652413227823,45.11605758868699,43.98133825635079,45.001705169677734,45300,0.0,0.0
2015-01-20 00:00:00-05:00,45.089674592588096,45.089674592588096,44.29801237526401,44.49153137207031,29100,0.0,0.0
2015-01-21 00:00:00-05:00,44.53550716631239,44.74661572559186,43.981341326061205,44.28041458129883,31800,0.0,0.0
2015-01-22 00:00:00-05:00,44.30679608004354,44.931333589212485,44.03411394970444,44.60586929321289,36800,0.0,0.0
2015-01-23 00:00:00-05:00,44.75541584273284,45.080876843327175,44.37717602224069,44.79939651489258,25300,0.0,0.0
2015-01-26 00:00:00-05:00,44.53550449895789,45.23920524692628,43.72624612216186,45.0192985534668,49100,0.0,0.0
2015-01-27 00:00:00-05:00,44.79059553689064,45.107261725247355,44.3507821320641,44.50032043457031,33300,0.0,0.0
2015-01-28 00:00:00-05:00,44.70263979025725,45.03689895928276,43.34801352861057,43.532737731933594,33800,0.0,0.0
2015-01-29 00:00:00-05:00,43.779026954112474,45.25680027070353,43.60310092013545,45.20402145385742,55200,0.0,0.0
2015-01-30 00:00:00-05:00,45.089677174436716,45.30958391775929,42.83783427034031,42.89060974121094,60200,0.0,0.0
2015-02-02 00:00:00-05:00,42.70588309451352,43.576715156477825,42.38921689016286,43.48875045776367,42700,0.0,0.0
2015-02-03 00:00:00-05:00,44.3068000971012,45.353558115852586,43.76143243146789,45.03689193725586,66400,0.0,0.0
2015-02-04 00:00:00-05:00,44.79059867052459,45.93411628748422,44.71143547340699,44.896156311035156,56900,0.0,0.0
2015-02-05 00:00:00-05:00,45.177634204203855,45.6262424078872,44.96652229008167,45.476707458496094,29500,0.0,0.0
2015-02-06 00:00:00-05:00,45.50309434835383,45.50309434835383,43.45356563178725,43.71745300292969,31800,0.0,0.0
2015-02-09 00:00:00-05:00,43.66466934320185,43.98133549565208,42.41560102576994,42.56513595581055,40900,0.0,0.0
2015-02-10 00:00:00-05:00,42.92579459230236,43.47996051168024,42.415612704938845,43.18968200683594,24600,0.0,0.0
2015-02-11 00:00:00-05:00,42.97856345658055,43.33041214257637,42.222083916200404,42.30125045776367,30300,0.0,0.0
2015-02-12 00:00:00-05:00,42.29245439310789,42.565136529328875,42.17810197973573,42.503562927246094,25300,0.0,0.0
2015-02-13 00:00:00-05:00,42.336439219040784,42.441993496484066,41.650328026884516,42.0109748840332,31200,0.0,0.0
2015-02-17 00:00:00-05:00,42.59154141959043,43.268854670935795,41.500805724172416,41.80867385864258,39600,0.0,0.0
2015-02-18 00:00:00-05:00,41.993386447968305,43.16328838999359,41.993386447968305,43.00495529174805,45900,0.0,0.0
2015-02-19 00:00:00-05:00,42.987364220581625,43.435975803609715,42.38921768021765,42.48597717285156,17500,0.0,0.0
2015-02-20 00:00:00-05:00,42.57393788430479,42.57393788430479,41.975791399983244,42.292457580566406,41100,0.0,0.0
2015-02-23 00:00:00-05:00,42.09014178023185,42.65310576079044,41.7822737370053,42.36282730102539,17600,0.0,0.0
2015-02-24 00:00:00-05:00,42.44199587961592,42.96977065197702,41.870237079966245,42.019775390625,33600,0.0,0.0
2015-02-25 00:00:00-05:00,41.57996471399611,42.18690607793582,41.10496537412484,41.53598403930664,21900,0.0,0.0
2015-02-26 00:00:00-05:00,41.64153729822423,41.65033209074013,41.06977847489205,41.57996368408203,22200,0.0,0.0
2015-02-27 00:00:00-05:00,41.47440998129717,41.81746393793082,41.395243425496304,41.51839065551758,35800,0.0,0.0
2015-03-02 00:00:00-05:00,41.685516471467295,41.685516471467295,41.0170015324804,41.35125732421875,38300,0.0,0.0
2015-03-03 00:00:00-05:00,41.10496403975283,41.53598269094267,40.638762863259764,41.228111267089844,33700,0.0,0.0
2015-03-04 00:00:00-05:00,41.13135857167194,41.18413740161662,40.577195957051615,40.665157318115234,22100,0.0,0.0
2015-03-05 00:00:00-05:00,39.855889303513024,40.990605262335386,39.855889303513024,40.16375732421875,33600,0.0,0.0
2015-03-06 00:00:00-05:00,40.03181590831553,40.8674620752537,39.43367274573368,40.0845947265625,55600,0.0,0.0
2015-03-09 00:00:00-04:00,39.96144919111388,41.82625722617077,39.88228263816046,41.2896842956543,51300,0.0,0.0
2015-03-10 00:00:00-04:00,41.07857557797183,42.002183122120606,40.61237105424113,41.096168518066406,46900,0.0,0.0
2015-03-11 00:00:00-04:00,41.01699321115822,41.56236081565162,40.902640802704774,41.21930694580078,47700,0.0,0.0
2015-03-12 00:00:00-04:00,41.59755582723817,42.89060505494809,41.12255650823767,42.83782958984375,54800,0.0,0.0
2015-03-13 00:00:00-04:00,42.76705692762059,42.76705692762059,41.60832389904749,42.3513298034668,30600,0.27,0.0
2015-03-16 00:00:00-04:00,42.76706029400493,43.377388669308324,42.634382706403734,43.05010986328125,58500,0.0,0.0
2015-03-17 00:00:00-04:00,42.88204153151429,43.412761896841374,42.87319771048953,43.032413482666016,49400,0.0,0.0
2015-03-18 00:00:00-04:00,43.085490300798654,44.21769191001839,42.43978328401004,43.93463897705078,38500,0.0,0.0
2015-03-19 00:00:00-04:00,43.474689140920596,43.961180394565034,43.173948541068505,43.563140869140625,22100,0.0,0.0
2015-03-20 00:00:00-04:00,43.83734846505517,43.84619228856146,43.14741213395984,43.695823669433594,67600,0.0,0.0
2015-03-23 00:00:00-04:00,43.536605781693574,44.111548760338096,43.37738997241549,43.740047454833984,25000,0.0,0.0
2015-03-24 00:00:00-04:00,43.78426616483702,44.30613937126535,43.421608741672685,44.08500671386719,19900,0.0,0.0
2015-03-25 00:00:00-04:00,44.12038694435465,44.22652967078393,42.74936519940364,42.935115814208984,43600,0.0,0.0
2015-03-26 00:00:00-04:00,42.67860977539789,43.342007854808216,42.67860977539789,42.8112907409668,19600,0.0,0.0
2015-03-27 00:00:00-04:00,42.75821972824649,43.996564218822705,42.73168488354839,43.89926528930664,45200,0.0,0.0
2015-03-30 00:00:00-04:00,44.12923803819399,44.76610125015849,44.04078631396203,44.5361213684082,31500,0.0,0.0
2015-03-31 00:00:00-04:00,44.085012754146874,44.96954350493296,44.085012754146874,44.7661018371582,27600,0.0,0.0
2015-04-01 00:00:00-04:00,44.47420898206775,45.04030817249455,44.20000658470202,44.9960823059082,21600,0.0,0.0
2015-04-02 00:00:00-04:00,44.78379266881965,45.73024029824475,44.70418476661487,45.57986831665039,28200,0.0,0.0
2015-04-06 00:00:00-04:00,45.51796343044855,46.87129812459802,44.70419654830401,46.76515197753906,49600,0.0,0.0
2015-04-07 00:00:00-04:00,46.81821110687246,46.83590212611325,45.960215231887325,46.260955810546875,34000,0.0,0.0
2015-04-08 00:00:00-04:00,46.26095715560632,46.55285392024097,45.47372533469518,45.75677490234375,18500,0.0,0.0
2015-04-09 00:00:00-04:00,45.74792834809874,46.25211057125805,44.412285117176005,44.730716705322266,21000,0.0,0.0
2015-04-10 00:00:00-04:00,44.73957706291744,45.56218774199536,44.70419501511126,45.06685256958008,24200,0.0,0.0
2015-04-13 00:00:00-04:00,45.261437822507204,45.341045726672526,44.66880382700091,44.75725555419922,31800,0.0,0.0
2015-04-14 00:00:00-04:00,44.907637369103114,45.10223526059447,44.66881360433223,44.80149459838867,34400,0.0,0.0
2015-04-15 00:00:00-04:00,44.89877913163425,45.07568595547801,44.56265987796983,44.6511116027832,32200,0.0,0.0
2015-04-16 00:00:00-04:00,44.35923103371046,44.82803138432027,43.7312114588231,44.438838958740234,27000,0.0,0.0
2015-04-17 00:00:00-04:00,44.14692855506324,44.553811880643174,43.28008884543849,43.55429458618164,26900,0.0,0.0
2015-04-20 00:00:00-04:00,43.77543151693833,45.456038040828595,43.77543151693833,45.323360443115234,36100,0.0,0.0
2015-04-21 00:00:00-04:00,45.76563831613105,45.76563831613105,44.60690141820353,44.79265213012695,24600,0.0,0.0
2015-04-22 00:00:00-04:00,44.78379339044367,44.93416200024398,43.96117951247813,44.20884704589844,20400,0.0,0.0
2015-04-23 00:00:00-04:00,44.25307285897682,44.571504472566154,44.05847838617439,44.412288665771484,20600,0.0,0.0
2015-04-24 00:00:00-04:00,44.3857470282225,44.59803248864106,44.30613913701139,44.465354919433594,24800,0.0,0.0
2015-04-27 00:00:00-04:00,44.668804177926226,44.668804177926226,43.191639401963585,44.173465728759766,33600,0.0,0.0
2015-04-28 00:00:00-04:00,44.155779277027115,44.81033360350016,43.625062106321664,44.72188186645508,44900,0.0,0.0
2015-04-29 00:00:00-04:00,44.56266276062908,44.56266276062908,43.456999257853965,43.87272644042969,30100,0.0,0.0
2015-04-30 00:00:00-04:00,43.80197132442543,43.80197132442543,41.67025195381979,42.26288604736328,58800,0.0,0.0
2015-05-01 00:00:00-04:00,42.51054512594651,42.607840665100824,41.61716726155492,42.00636291503906,31600,0.0,0.0
2015-05-04 00:00:00-04:00,41.79408441492029,42.45748258023649,40.87417148253628,40.90955352783203,56500,0.0,0.0
2015-05-05 00:00:00-04:00,40.68841563412681,40.68841563412681,39.24662952665848,40.281532287597656,82600,0.0,0.0
2015-05-06 00:00:00-04:00,40.29037875828706,42.413254106646086,40.29037875828706,42.03290557861328,63100,0.0,0.0
2015-05-07 00:00:00-04:00,42.015209803654685,43.27124182447664,42.015209803654685,43.08549118041992,54400,0.0,0.0
2015-05-08 00:00:00-04:00,43.58967175006885,45.12875665038749,42.97934678271356,45.07568359375,48900,0.0,0.0
2015-05-11 00:00:00-04:00,45.29681883596256,45.29681883596256,44.40344426433544,44.67764663696289,42900,0.0,0.0
2015-05-12 00:00:00-04:00,44.3945930627753,44.3945930627753,43.42161067655359,43.952327728271484,32200,0.0,0.0
2015-05-13 00:00:00-04:00,44.0407800427691,44.13807895009956,43.4127641171844,43.8284912109375,42400,0.0,0.0
2015-05-14 00:00:00-04:00,44.226534258528275,45.049148065674245,44.19999941772253,44.907623291015625,27700,0.0,0.0
2015-05-15 00:00:00-04:00,44.96069968208059,45.23490205532537,44.58035118930521,44.7661018371582,18500,0.0,0.0
2015-05-18 00:00:00-04:00,44.81916665995639,45.97790303248473,44.76609698016603,45.792152404785156,35200,0.0,0.0
2015-05-19 00:00:00-04:00,45.9956096437308,45.9956096437308,45.34105525260649,45.90715789794922,30900,0.0,0.0
2015-05-20 00:00:00-04:00,45.995604741659825,46.16366439042068,45.588721355680406,46.03098678588867,27800,0.0,0.0
2015-05-21 00:00:00-04:00,46.15482082941897,46.207893896064604,45.59756543940095,45.85408020019531,27500,0.0,0.0
2015-05-22 00:00:00-04:00,45.64178597217924,45.97790860653966,45.64178597217924,45.83638381958008,32400,0.0,0.0
2015-05-26 00:00:00-04:00,45.86291310257785,45.86291310257785,45.19067128957222,45.792152404785156,29000,0.0,0.0
2015-05-27 00:00:00-04:00,46.128283445589695,46.18135313509838,45.73024390318811,46.048675537109375,21700,0.0,0.0
2015-05-28 00:00:00-04:00,45.730238170939835,46.53516097835893,45.730238170939835,46.52631378173828,21200,0.0,0.0
2015-05-29 00:00:00-04:00,46.49093575029592,47.22509449160361,46.02213217531365,46.552852630615234,56000,0.0,0.0
2015-06-01 00:00:00-04:00,48.23345707660029,48.51650662529548,46.58822946592402,47.81772994995117,66200,0.0,0.0
2015-06-02 00:00:00-04:00,47.8265762925072,48.57842606318435,47.410845769733015,48.118473052978516,113500,0.0,0.0
2015-06-03 00:00:00-04:00,48.118485598393626,48.834953516862086,47.76467186452483,48.136173248291016,38400,0.0,0.0
2015-06-04 00:00:00-04:00,48.012327454150395,48.53420072535712,47.304703537484585,47.56121826171875,34900,0.0,0.0
2015-06-05 00:00:00-04:00,47.410845075085206,47.62313393179186,46.897819013887556,47.455074310302734,32400,0.0,0.0
2015-06-08 00:00:00-04:00,47.66736279889864,48.03002028072151,47.26047945328607,47.40200424194336,33800,0.0,0.0
2015-06-09 00:00:00-04:00,47.623146335732166,48.003494912993666,47.18972468691634,47.44623947143555,114400,0.0,0.0
2015-06-10 00:00:00-04:00,47.68506303675352,48.91456050854059,47.40201340472561,48.57843780517578,86500,0.0,0.0
2015-06-11 00:00:00-04:00,48.95012469057082,49.536992542965464,48.4521782655121,49.43029022216797,80000,0.288,0.0
2015-06-12 00:00:00-04:00,49.23465676791776,49.545876614231226,48.75449472298535,48.967899322509766,57500,0.0,0.0
2015-06-15 00:00:00-04:00,48.76339451456202,48.76339451456202,45.10880697517438,46.78938293457031,141700,0.0,0.0
2015-06-16 00:00:00-04:00,46.65599704854847,47.52740651465148,46.29142774750533,47.385135650634766,94900,0.0,0.0
2015-06-17 00:00:00-04:00,47.47404845310538,47.96310428243446,47.136153916185194,47.4918327331543,85300,0.0,0.0
2015-06-18 00:00:00-04:00,47.820843821291916,48.30100931089636,47.58965491444829,48.069820404052734,89100,0.0,0.0
2015-06-19 00:00:00-04:00,47.927539277279514,48.132053410530425,46.77158481420235,47.47404861450195,177100,0.0,0.0
2015-06-22 00:00:00-04:00,47.4473777399864,47.99867690008832,46.91385946943191,47.79416275024414,56300,0.0,0.0
2015-06-23 00:00:00-04:00,48.00757317773501,48.27433063057267,47.225081709673496,48.220977783203125,75300,0.0,0.0
2015-06-24 00:00:00-04:00,48.06092831571777,48.42549766916962,47.776386546779996,47.92755126953125,54800,0.0,0.0
2015-06-25 00:00:00-04:00,48.318795382983765,48.318795382983765,47.5540881064999,48.06092834472656,50100,0.0,0.0
2015-06-26 00:00:00-04:00,48.20319557542943,48.61222391351891,47.927547665502054,48.363250732421875,61900,0.0,0.0
2015-06-29 00:00:00-04:00,48.19430032959732,48.81673661234954,47.847515321322405,47.96310806274414,47800,0.0,0.0
2015-06-30 00:00:00-04:00,48.665570936867745,48.665570936867745,47.803051959893395,47.883079528808594,53400,0.0,0.0
2015-07-01 00:00:00-04:00,48.15873843160675,48.57666062352232,47.77638480751491,48.069820404052734,52800,0.0,0.0
2015-07-02 00:00:00-04:00,48.22986301629218,48.39880858148186,47.45626213146574,48.14094161987305,50700,0.0,0.0
2015-07-06 00:00:00-04:00,47.4829465356447,48.861196138652076,47.4829465356447,48.41659927368164,76200,0.0,0.0
2015-07-07 00:00:00-04:00,48.523302318058825,49.5814416518465,48.04313688242208,49.30579376220703,67600,0.0,0.0
2015-07-08 00:00:00-04:00,49.03903552219286,49.8570921248947,48.88787082438629,49.20798110961914,52000,0.0,0.0
2015-07-09 00:00:00-04:00,49.57255176229214,49.92823062052762,48.4610595703125,48.4610595703125,67900,0.0,0.0
2015-07-10 00:00:00-04:00,48.71003562574273,49.51920185382991,47.79416709065646,49.02125549316406,35500,0.0,0.0
2015-07-13 00:00:00-04:00,48.7278148058553,49.37692580946267,48.292111785901994,48.469947814941406,67300,0.0,0.0
2015-07-14 00:00:00-04:00,48.44327077107189,48.77227147945855,48.01645821619075,48.21208190917969,65700,0.0,0.0
2015-07-15 00:00:00-04:00,48.398808912847024,48.46105219476435,48.06980822385483,48.29210662841797,46300,0.0,0.0
2015-07-16 00:00:00-04:00,48.16762239867509,49.31468311666286,48.16762239867509,48.45216751098633,96900,0.0,0.0
2015-07-17 00:00:00-04:00,48.57665759801679,48.57665759801679,47.73192282084508,47.98089599609375,48700,0.0,0.0
2015-07-20 00:00:00-04:00,47.87418877116442,47.87418877116442,46.99388551885451,47.12726593017578,45300,0.0,0.0
2015-07-21 00:00:00-04:00,46.98499340720019,47.225076103856765,46.18471775167827,46.61153030395508,33800,0.0,0.0
2015-07-22 00:00:00-04:00,46.23806633342096,47.2072874749363,45.909065657348215,47.13615036010742,44300,0.0,0.0
2015-07-23 00:00:00-04:00,47.180612166473665,47.180612166473665,45.72233185864545,45.926849365234375,92100,0.0,0.0
2015-07-24 00:00:00-04:00,45.78458904509641,46.94943072144417,45.50004391596784,46.30031967163086,66600,0.0,0.0
2015-07-27 00:00:00-04:00,46.29142337338304,47.038346186894564,46.19361152761296,46.478153228759766,70700,0.0,0.0
2015-07-28 00:00:00-04:00,46.487039860473736,46.51371797477154,45.660089549333335,46.00687789916992,85100,0.0,0.0
2015-07-29 00:00:00-04:00,46.0868988298201,46.62041355098488,45.63340826402655,45.74900436401367,120000,0.0,0.0
2015-07-30 00:00:00-04:00,45.3666601677343,46.522611227649776,45.09990275267759,45.60674285888672,66300,0.0,0.0
2015-07-31 00:00:00-04:00,45.571178325307784,46.43369732246736,45.091012900579464,45.72233963012695,39300,0.0,0.0
2015-08-03 00:00:00-04:00,45.69566481324158,46.104693111122714,44.868714380740016,45.26885223388672,87000,0.0,0.0
2015-08-04 00:00:00-04:00,45.06434395021367,45.23328955819559,44.521935166685786,44.77090835571289,71400,0.0,0.0
2015-08-05 00:00:00-04:00,45.055444521430346,45.411123369052056,44.50414536042109,45.09990692138672,76400,0.0,0.0
2015-08-06 00:00:00-04:00,45.09991111082206,45.51782989479341,42.59238483897324,42.8591423034668,114200,0.0,0.0
2015-08-07 00:00:00-04:00,42.41454307877845,42.41454307877845,40.23601768589265,41.4542121887207,107300,0.0,0.0
2015-08-10 00:00:00-04:00,41.72096078337057,49.42138037566811,41.72096078337057,45.926849365234375,238100,0.0,0.0
2015-08-11 00:00:00-04:00,45.25996322215041,45.9090742524714,43.970631606524364,44.0506591796875,72100,0.0,0.0
2015-08-12 00:00:00-04:00,44.04177263911546,44.68199333048659,43.552716674098306,44.53972244262695,71600,0.0,0.0
2015-08-13 00:00:00-04:00,44.09512249741245,45.2510738067156,43.98842018677046,44.63753128051758,43900,0.0,0.0
2015-08-14 00:00:00-04:00,44.5041424510172,45.41112040035559,44.5041424510172,45.331092834472656,41000,0.0,0.0
2015-08-17 00:00:00-04:00,44.97542023141193,45.971316253490016,44.97542023141193,45.251068115234375,60900,0.0,0.0
2015-08-18 00:00:00-04:00,45.366664052879365,46.17583020331664,44.922067192375266,46.06023406982422,83700,0.0,0.0
2015-08-19 00:00:00-04:00,45.57118019591015,47.42070484470657,45.25996373674008,46.99388885498047,100100,0.0,0.0
2015-08-20 00:00:00-04:00,46.780484369143096,47.65189384900411,46.442589789766785,46.84272766113281,63500,0.0,0.0
2015-08-21 00:00:00-04:00,45.757906948706186,46.70045349102018,45.08212122976741,45.997989654541016,79100,0.0,0.0
2015-08-24 00:00:00-04:00,45.75791817858298,45.75791817858298,43.52604293823242,43.52604293823242,67000,0.0,0.0
2015-08-25 00:00:00-04:00,44.6019494612172,44.6019494612172,43.383755216645284,43.801673889160156,59400,0.0,0.0
2015-08-26 00:00:00-04:00,44.67309492169645,45.12658223592008,43.25038290467138,44.3885498046875,51600,0.0,0.0
2015-08-27 00:00:00-04:00,45.10878952618524,45.76679426232152,43.179241102009435,43.801673889160156,56800,0.0,0.0
2015-08-28 00:00:00-04:00,43.632739856216304,43.766120284123666,43.01030351265725,43.6505241394043,37800,0.0,0.0
2015-08-31 00:00:00-04:00,43.06365449116114,44.0328758347617,42.89470889622344,43.810577392578125,67500,0.0,0.0
2015-09-01 00:00:00-04:00,43.232600161988636,44.0684444769493,42.86803085184783,43.019195556640625,50500,0.0,0.0
2015-09-02 00:00:00-04:00,43.51713689531495,43.51713689531495,42.547915661414166,42.956947326660156,33100,0.0,0.0
2015-09-03 00:00:00-04:00,43.30374585629564,43.36598916116624,42.31674003333934,42.610172271728516,43700,0.0,0.0
2015-09-04 00:00:00-04:00,42.058867618431655,42.58349211553113,41.30305421725686,42.281166076660156,37100,0.0,0.0
2015-09-08 00:00:00-04:00,42.61016540322266,43.28595459289273,41.76543400414282,42.894710540771484,51700,0.0,0.0
2015-09-09 00:00:00-04:00,43.170349641581666,43.170349641581666,42.04107333533665,42.17445373535156,45400,0.0,0.0
2015-09-10 00:00:00-04:00,41.96994025069397,42.91248333291766,41.88991268786324,42.10331726074219,35000,0.0,0.0
2015-09-11 00:00:00-04:00,41.77946528641169,42.584634933475236,41.56475133287057,42.47727966308594,23000,0.288,0.0
2015-09-14 00:00:00-04:00,42.477281873734036,42.79040626341236,42.26257132178124,42.629371643066406,29200,0.0,0.0
2015-09-15 00:00:00-04:00,42.41464792544938,43.22876569099297,42.41464792544938,43.166141510009766,39300,0.0,0.0
2015-09-16 00:00:00-04:00,43.38980871591159,43.8729125598528,43.30034655789103,43.434539794921875,44600,0.0,0.0
2015-09-17 00:00:00-04:00,43.327184249142775,44.481264509238144,43.13931167082843,43.81923294067383,46800,0.0,0.0
2015-09-18 00:00:00-04:00,43.30034655789103,44.713868448638834,43.09457745147111,43.434539794921875,131800,0.0,0.0
2015-09-21 00:00:00-04:00,43.26455551667727,44.463366729710735,43.26455551667727,44.239707946777344,72500,0.0,0.0
2015-09-22 00:00:00-04:00,43.8371218694012,44.454418887539184,43.613463084353235,44.11445999145508,61700,0.0,0.0
2015-09-23 00:00:00-04:00,44.07868200312211,44.6691411694687,43.83713006060356,44.1234130859375,60500,0.0,0.0
2015-09-24 00:00:00-04:00,43.79239005500711,45.16118070428901,43.79239005500711,45.09855651855469,49800,0.0,0.0
2015-09-25 00:00:00-04:00,45.322208178681535,45.921615392938165,44.8569975772058,45.06276321411133,44100,0.0,0.0
2015-09-28 00:00:00-04:00,45.05382726176062,46.306314439718925,44.43652681639644,45.93951416015625,78400,0.0,0.0
2015-09-29 00:00:00-04:00,45.7337562080645,46.44051892382701,45.7337562080645,46.19896697998047,69100,0.0,0.0
2015-09-30 00:00:00-04:00,46.61049056121939,47.73773277615071,46.18106609311871,47.48723602294922,73100,0.0,0.0
2015-10-01 00:00:00-04:00,47.72879254491232,47.72879254491232,45.46536629693375,46.19896697998047,57000,0.0,0.0
2015-10-02 00:00:00-04:00,46.00213163206116,46.977283951856414,45.6890107364781,46.896766662597656,48900,0.0,0.0
2015-10-05 00:00:00-04:00,47.34410491303977,47.86299509613358,46.83416299531698,47.81826400756836,54100,0.0,0.0
2015-10-06 00:00:00-04:00,47.809305499508106,47.97928837750736,47.09359799750819,47.2277946472168,56700,0.0,0.0
2015-10-07 00:00:00-04:00,47.34410308825762,47.639334404382936,46.70891278192901,47.45146179199219,46300,0.0,0.0
2015-10-08 00:00:00-04:00,47.28146629177194,48.28346011652372,46.93255912946609,47.871925354003906,48700,0.0,0.0
2015-10-09 00:00:00-04:00,47.99718480373074,48.11348493455683,47.093601247233856,47.26358413696289,37800,0.0,0.0
2015-10-12 00:00:00-04:00,47.192012097386645,48.131378480279686,47.192012097386645,47.74668502807617,68700,0.0,0.0
2015-10-13 00:00:00-04:00,47.46934669173729,48.14926796720409,47.22779476929495,47.317256927490234,61000,0.0,0.0
2015-10-14 00:00:00-04:00,47.42461126539599,47.93455647790106,46.69995892511051,46.78942108154297,40800,0.0,0.0
2015-10-15 00:00:00-04:00,47.03097881752311,48.21189717489048,46.77153375390498,48.19400405883789,41400,0.0,0.0
2015-10-16 00:00:00-04:00,48.4087084254256,48.82023977462207,47.70194583913455,47.82719421386719,61800,0.0,0.0
2015-10-19 00:00:00-04:00,47.52302478080903,48.28346681107069,47.50513166580447,48.03296661376953,72500,0.0,0.0
2015-10-20 00:00:00-04:00,48.11348007877504,48.551852829437024,47.75562804557823,48.1582145690918,63500,0.0,0.0
2015-10-21 00:00:00-04:00,48.13137937345715,48.57869703197025,47.45145803413291,47.49618911743164,123300,0.0,0.0
2015-10-22 00:00:00-04:00,47.728793097177146,48.23873495805491,47.44251006695675,47.889827728271484,65600,0.0,0.0
2015-10-23 00:00:00-04:00,48.050864150913654,48.050864150913654,46.82521466878728,47.21885299682617,50100,0.0,0.0
2015-10-26 00:00:00-04:00,47.27252941093535,47.88982653963356,47.27252941093535,47.74668502807617,31100,0.0,0.0
2015-10-27 00:00:00-04:00,47.585649251930576,47.64827344842708,46.753638169605395,46.86994171142578,42900,0.0,0.0
2015-10-28 00:00:00-04:00,47.0130781581711,47.80930292456002,46.279477581536646,47.41566467285156,76400,0.0,0.0
2015-10-29 00:00:00-04:00,47.24568633186999,47.27252429589466,46.413675319480575,46.78047561645508,51000,0.0,0.0
2015-10-30 00:00:00-04:00,46.7715246392588,47.022024802415636,46.41367262623259,46.708900451660156,40900,0.0,0.0
2015-11-02 00:00:00-05:00,46.67311367728863,47.09359328572763,46.44945489199337,46.744686126708984,37500,0.0,0.0
2015-11-03 00:00:00-05:00,46.55681742716106,46.86993838743719,46.22579994028342,46.78942108154297,38500,0.0,0.0
2015-11-04 00:00:00-05:00,46.735743395895554,47.156219610636576,46.252639578691095,46.682064056396484,38400,0.0,0.0
2015-11-05 00:00:00-05:00,46.896774716412665,47.45145098779109,46.19001551461255,46.77152633666992,67000,0.0,0.0
2015-11-06 00:00:00-05:00,46.4315686224207,46.60154808320752,44.28444275986758,44.75859832763672,62300,0.0,0.0
2015-11-09 00:00:00-05:00,45.03593578518917,48.12242788585729,44.62440441517006,47.549861907958984,195800,0.0,0.0
2015-11-10 00:00:00-05:00,47.45145410205301,47.997182146259135,47.17411594816196,47.40672302246094,75900,0.0,0.0
2015-11-11 00:00:00-05:00,47.49618684974722,47.67511458716221,47.16517275382525,47.29936599731445,50600,0.0,0.0
2015-11-12 00:00:00-05:00,46.97728993661095,47.66615940741521,46.127389279536125,46.31526184082031,59000,0.0,0.0
2015-11-13 00:00:00-05:00,46.71785283843286,47.32620506831938,46.31526630207229,46.49419403076172,144600,0.0,0.0
2015-11-16 00:00:00-05:00,46.46735216221037,46.69995923087778,46.11844497197178,46.574710845947266,97900,0.0,0.0
2015-11-17 00:00:00-05:00,46.494200416194076,46.87889389124258,45.90374121936012,46.13634490966797,61800,0.0,0.0
2015-11-18 00:00:00-05:00,46.0468825865534,46.97730075745906,45.27749563901057,46.82521438598633,66600,0.0,0.0
2015-11-19 00:00:00-05:00,46.95940874233167,47.657223189355165,46.789425849919276,47.53197479248047,44200,0.0,0.0
2015-11-20 00:00:00-05:00,47.854039439969725,48.81129885275988,47.657218599401176,47.9971809387207,80200,0.0,0.0
2015-11-23 00:00:00-05:00,47.72878229153259,48.489224191263766,47.72878229153259,48.02401351928711,32100,0.0,0.0
2015-11-24 00:00:00-05:00,47.791417921281564,48.19400450427844,47.37988648655719,48.068756103515625,32600,0.0,0.0
2015-11-25 00:00:00-05:00,47.925603905987685,48.399759435424684,47.925603905987685,48.29240417480469,29900,0.0,0.0
2015-11-27 00:00:00-05:00,48.22083803568273,48.73972467048849,48.22083803568273,48.498172760009766,11300,0.0,0.0
2015-11-30 00:00:00-05:00,48.28346978930456,49.043908453709065,47.67511749267578,47.67511749267578,74200,0.0,0.0
2015-12-01 00:00:00-05:00,47.81824433649589,48.85602086300832,47.81824433649589,48.84707260131836,53700,0.0,0.0
2015-12-02 00:00:00-05:00,48.72183117283146,49.20493498997785,48.54290345395179,48.79340362548828,82000,0.0,0.0
2015-12-03 00:00:00-05:00,48.48028940947037,48.48028940947037,47.576709188546076,47.61249542236328,61200,0.0,0.0
2015-12-04 00:00:00-05:00,47.531975207538956,48.3282000912776,47.523026943248134,48.01507568359375,47300,0.0,0.0
2015-12-07 00:00:00-05:00,48.0955929983967,48.12243437850627,47.26358529578343,48.01507568359375,93200,0.0,0.0
2015-12-08 00:00:00-05:00,47.567754617267774,47.9971825406153,47.451454491925354,47.8450927734375,50600,0.0,0.0
2015-12-09 00:00:00-05:00,47.83614600874649,48.05085654906758,47.10254540591817,47.47829055786133,39200,0.0,0.0
2015-12-10 00:00:00-05:00,47.433555594949844,47.44250044474627,46.020030433757945,46.744686126708984,62100,0.0,0.0
2015-12-11 00:00:00-05:00,46.27510547280853,47.00377771197728,46.27510547280853,46.670928955078125,55400,0.288,0.0
2015-12-14 00:00:00-05:00,46.67092410813948,47.17469440535975,46.31108524011548,47.04875183105469,82900,0.0,0.0
2015-12-15 00:00:00-05:00,47.20168669499486,47.705457015096826,46.805863235854254,47.41758728027344,103700,0.0,0.0
2015-12-16 00:00:00-05:00,47.60649588744774,49.081832404917634,47.417582038293794,49.03684997558594,64500,0.0,0.0
2015-12-17 00:00:00-05:00,49.06383642681078,49.29772925601531,48.66801304121917,48.820945739746094,36300,0.0,0.0
2015-12-18 00:00:00-05:00,48.623043239149546,49.54962716831034,48.40714265317196,49.225772857666016,113900,0.0,0.0
2015-12-21 00:00:00-05:00,49.34271531706303,49.8914680480957,49.06384345365007,49.8914680480957,61400,0.0,0.0
2015-12-22 00:00:00-05:00,50.02640980745297,50.863032283215354,49.4236802005903,50.854034423828125,61000,0.0,0.0
2015-12-23 00:00:00-05:00,50.9709821407127,52.16744348487735,50.9709821407127,52.14045333862305,76800,0.0,0.0
2015-12-24 00:00:00-05:00,52.36535542665933,52.563267165151196,51.771623642861805,52.050498962402344,35100,0.0,0.0
2015-12-28 00:00:00-05:00,52.02350405280073,52.77915944800987,52.02350405280073,52.73418045043945,31700,0.0,0.0
2015-12-29 00:00:00-05:00,53.01305725558501,54.425419096446184,52.833137828434786,54.25449752807617,117500,0.0,0.0
2015-12-30 00:00:00-05:00,54.54236612319284,54.992162966029085,53.45385515545417,54.20051956176758,105300,0.0,0.0
2015-12-31 00:00:00-05:00,54.0206154971763,54.1105769503275,49.702565264596814,51.05195617675781,252200,0.0,0.0
2016-01-04 00:00:00-05:00,49.73853403566552,49.99941701936032,47.939346724684775,48.50608825683594,190100,0.0,0.0
2016-01-05 00:00:00-05:00,48.32617656708315,48.90191600870953,47.00377267781911,48.164249420166016,139100,0.0,0.0
2016-01-06 00:00:00-05:00,47.516542593977704,49.9814310304537,47.516542593977704,49.86448287963867,102100,0.0,0.0
2016-01-07 00:00:00-05:00,49.05484217379773,50.01740713493142,48.90191289570992,49.76552200317383,71400,0.0,0.0
2016-01-08 00:00:00-05:00,49.97243696696817,50.521189756694014,49.18979128952348,49.432682037353516,76200,0.0,0.0
2016-01-11 00:00:00-05:00,49.72053358232556,49.981416523160725,48.90190362758653,48.97386932373047,147200,0.0,0.0
2016-01-12 00:00:00-05:00,49.270743338454515,49.8015037153916,48.69500396652493,49.6485710144043,124000,0.0,0.0
2016-01-13 00:00:00-05:00,49.64857453727671,50.34126209067911,49.24376012194282,49.51363754272461,56100,0.0,0.0
2016-01-14 00:00:00-05:00,49.79250859486145,51.26784510613821,49.79250859486145,51.14189910888672,105100,0.0,0.0
2016-01-15 00:00:00-05:00,49.99042579272043,50.99796985965924,49.855485353824896,50.94399642944336,81300,0.0,0.0
2016-01-19 00:00:00-05:00,50.944000753884076,52.38334954312031,50.944000753884076,52.158451080322266,83700,0.0,0.0
2016-01-20 00:00:00-05:00,51.87057908143421,52.4283262842063,50.1523550371592,51.31283187866211,108300,0.0,0.0
2016-01-21 00:00:00-05:00,51.31282673790938,52.6172383214354,50.440219729238194,51.942543029785156,112500,0.0,0.0
2016-01-22 00:00:00-05:00,52.464312457037074,53.094028831165915,51.51074175154608,52.96808624267578,134000,0.0,0.0
2016-01-25 00:00:00-05:00,52.860124984290806,53.75971869590124,52.356354702062674,53.39988327026367,96100,0.0,0.0
2016-01-26 00:00:00-05:00,53.53482524754336,54.848234796736484,53.53482524754336,54.70429992675781,110600,0.0,0.0
2016-01-27 00:00:00-05:00,54.3354651877055,56.12565487179234,54.0745821702889,55.59489440917969,158000,0.0,0.0
2016-01-28 00:00:00-05:00,56.01769207931119,57.20515531852543,55.88275167098711,56.70138168334961,95900,0.0,0.0
2016-01-29 00:00:00-05:00,57.14220254313698,58.02380411635935,56.143652806949724,56.64742660522461,107200,0.0,0.0
2016-02-01 00:00:00-05:00,56.377547502248305,56.80035772915901,55.74783452388559,55.89176940917969,120700,0.0,0.0
2016-02-02 00:00:00-05:00,55.657864535165366,58.45560508763735,55.612885533852605,58.419620513916016,123600,0.0,0.0
2016-02-03 00:00:00-05:00,58.77045599982691,59.49012681648553,58.04178046139048,58.66250228881836,101900,0.0,0.0
2016-02-04 00:00:00-05:00,58.473591012645095,58.788447437734426,57.484039306640625,57.484039306640625,123500,0.0,0.0
2016-02-05 00:00:00-05:00,57.43906931340627,58.086778021472504,56.431525103275334,56.50349426269531,80000,0.0,0.0
2016-02-08 00:00:00-05:00,56.45850306387561,59.373188366343456,56.45850306387561,59.24724578857422,110200,0.0,0.0
2016-02-09 00:00:00-05:00,58.90539777981475,60.596631444448,58.545558931517945,59.70603561401367,126600,0.0,0.0
2016-02-10 00:00:00-05:00,59.82298371647908,59.82298371647908,57.735926513987266,57.80789566040039,138500,0.0,0.0
2016-02-11 00:00:00-05:00,57.16018261836734,58.059776288414,56.59343764536824,57.28612518310547,161400,0.0,0.0
2016-02-12 00:00:00-05:00,57.35809219788485,58.221704748863054,56.61143121922211,57.43006134033203,50800,0.0,0.0
2016-02-16 00:00:00-05:00,57.996810221408126,58.35664909445631,56.9082991746924,58.248695373535156,140400,0.0,0.0
2016-02-17 00:00:00-05:00,58.43761124013073,58.70749212000387,57.47504616817182,57.62797546386719,66500,0.0,0.0
2016-02-18 00:00:00-05:00,57.547006872198494,58.08676168937334,57.28612389017043,57.529014587402344,70900,0.0,0.0
2016-02-19 00:00:00-05:00,57.57399305318549,58.491575547594515,57.457044918926535,57.564998626708984,83500,0.0,0.0
2016-02-22 00:00:00-05:00,58.923391968011856,58.923391968011856,57.358097297396625,57.57400131225586,64400,0.0,0.0
2016-02-23 00:00:00-05:00,57.55601129144938,58.01480262253415,57.484045571447744,57.600990295410156,79200,0.0,0.0
2016-02-24 00:00:00-05:00,57.28612558728459,58.34764639996335,57.26813330195541,58.23969268798828,81900,0.0,0.0
2016-02-25 00:00:00-05:00,57.582996327745995,57.9698219044921,56.17962887966634,57.45705032348633,103300,0.0,0.0
2016-02-26 00:00:00-05:00,57.376092222867065,57.53801938353772,55.28004042568491,55.83778762817383,104700,0.0,0.0
2016-02-29 00:00:00-05:00,55.56790559557085,56.8723172017132,55.45995530790489,56.0446891784668,83300,0.0,0.0
2016-03-01 00:00:00-05:00,56.314574908399095,56.37754620478616,54.992174252592505,55.3160285949707,92900,0.0,0.0
2016-03-02 00:00:00-05:00,54.94718734622959,55.25304592375193,53.12100971850043,55.055137634277344,98400,0.0,0.0
2016-03-03 00:00:00-05:00,53.930652918994845,53.930652918994845,50.467214478074,52.38335037231445,218600,0.0,0.0
2016-03-04 00:00:00-05:00,51.90656511349921,54.425427172329236,51.39379690062474,53.741737365722656,141200,0.0,0.0
2016-03-07 00:00:00-05:00,53.61578712534104,54.36245159894492,53.507836834201434,54.12855529785156,101900,0.0,0.0
2016-03-08 00:00:00-05:00,54.12855273851111,55.56790475625376,54.12855273851111,55.43296432495117,160500,0.0,0.0
2016-03-09 00:00:00-05:00,55.325017092229224,55.81079855371491,54.90220692037932,55.253047943115234,144800,0.0,0.0
2016-03-10 00:00:00-05:00,54.614335931334914,55.38798710812938,53.768719038759336,54.02960205078125,123500,0.0,0.0
2016-03-11 00:00:00-05:00,54.44360055792086,54.850368978549106,53.89220374864844,54.13626480102539,110200,0.288,0.0
2016-03-14 00:00:00-04:00,53.91027189690258,54.61533471885903,53.91027189690258,54.30800247192383,60000,0.0,0.0
2016-03-15 00:00:00-04:00,54.28089081532637,55.10346538629915,53.98259628538879,54.054908752441406,52800,0.0,0.0
2016-03-16 00:00:00-04:00,53.828929847162485,54.814211837066104,53.232337304078555,54.181461334228516,110600,0.0,0.0
2016-03-17 00:00:00-04:00,54.20858266003071,55.99836032665325,53.91932587238745,55.87181091308594,80700,0.0,0.0
2016-03-18 00:00:00-04:00,56.179143830369604,56.179143830369604,54.091068267822266,54.091068267822266,141500,0.0,0.0
2016-03-21 00:00:00-04:00,53.892202835807026,54.226658780554466,53.26849356688348,53.97355651855469,45900,0.0,0.0
2016-03-22 00:00:00-04:00,53.7294900529938,54.17241638067548,53.35887963522439,53.88315963745117,51400,0.0,0.0
2016-03-23 00:00:00-04:00,53.60294188187086,54.56110702079572,53.37695983055757,54.33512496948242,85100,0.0,0.0
2016-03-24 00:00:00-04:00,54.32608940374976,55.15770523210149,54.09106956316658,55.06731033325195,66100,0.0,0.0
2016-03-28 00:00:00-04:00,55.446959286134714,56.305691817818264,54.94075822210136,55.817569732666016,87000,0.0,0.0
2016-03-29 00:00:00-04:00,55.60966885547542,57.598311784580225,55.36560780321043,57.37232971191406,84500,0.0,0.0
2016-03-30 00:00:00-04:00,57.39944737790933,57.70678313959358,55.88084754937691,55.889888763427734,91700,0.0,0.0
2016-03-31 00:00:00-04:00,56.11586876967776,57.57119039080799,55.73621710244309,56.92036437988281,243500,0.0,0.0
2016-04-01 00:00:00-04:00,56.51360221530873,57.20058626062148,55.69102753494892,56.23338317871094,72300,0.0,0.0
2016-04-04 00:00:00-04:00,56.39608690821881,56.39608690821881,55.09443137858164,55.175785064697266,85000,0.0,0.0
2016-04-05 00:00:00-04:00,55.23905579234512,55.89892299966353,54.10010426875573,54.235694885253906,88100,0.0,0.0
2016-04-06 00:00:00-04:00,54.23569439178992,54.398401750822295,53.75661352809047,54.12722396850586,65500,0.0,0.0
2016-04-07 00:00:00-04:00,53.90124230513164,54.552068297837174,53.90124230513164,54.533992767333984,75800,0.0,0.0
2016-04-08 00:00:00-04:00,54.59726196670797,55.058263808759236,54.11817769955055,54.73284912109375,61100,0.0,0.0
2016-04-11 00:00:00-04:00,54.78709146044777,55.35656722008196,54.24473244472528,54.416481018066406,56600,0.0,0.0
2016-04-12 00:00:00-04:00,54.57918247913621,55.42887369592519,54.21760984106604,54.271846771240234,101800,0.0,0.0
2016-04-13 00:00:00-04:00,54.30800739424237,54.994991302490234,53.83796432093071,54.994991302490234,57000,0.0,0.0
2016-04-14 00:00:00-04:00,54.94074863535521,55.275204513976895,53.892192180704086,54.317039489746094,116200,0.0,0.0
2016-04-15 00:00:00-04:00,54.19049731982518,54.94979716032838,54.19049731982518,54.678619384765625,72200,0.0,0.0
2016-04-18 00:00:00-04:00,54.470714931649084,55.26617275866536,54.23569510341451,55.23001480102539,73200,0.0,0.0
2016-04-19 00:00:00-04:00,55.5373471318626,55.79044937157708,54.8322842422712,55.63677978515625,40600,0.0,0.0
2016-04-20 00:00:00-04:00,55.24809355761245,55.61870400139984,54.13626222625025,54.235694885253906,50300,0.0,0.0
2016-04-21 00:00:00-04:00,54.3170528278598,54.59727184811274,53.69334352909242,53.87412643432617,102200,0.0,0.0
2016-04-22 00:00:00-04:00,53.792770492963015,54.24473463352911,53.41312227002961,53.910282135009766,81800,0.0,0.0
2016-04-25 00:00:00-04:00,53.93740214823386,54.868450678999515,53.6029496294491,54.15434646606445,37400,0.0,0.0
2016-04-26 00:00:00-04:00,54.28089046506435,54.73285458791786,53.675260195582695,54.4707145690918,59200,0.0,0.0
2016-04-27 00:00:00-04:00,54.75093275121081,54.9226778739808,53.8289255405356,54.42551803588867,49900,0.0,0.0
2016-04-28 00:00:00-04:00,54.371282807846505,55.15769937921898,53.792765861235345,54.217613220214844,59900,0.0,0.0
2016-04-29 00:00:00-04:00,54.07298134264753,54.81420214547951,53.30464379890118,53.80180358886719,111700,0.0,0.0
2016-05-02 00:00:00-04:00,53.801810336633025,54.76901329695624,53.73853563442218,54.46167755126953,183700,0.0,0.0
2016-05-03 00:00:00-04:00,54.46167599274948,54.913640108871874,53.48543184678306,54.42551803588867,59100,0.0,0.0
2016-05-04 00:00:00-04:00,53.22330148030787,57.33617472650729,52.61766770108017,56.857093811035156,96700,0.0,0.0
2016-05-05 00:00:00-04:00,56.77574202056333,57.806219808099286,55.917009381545675,55.94412612915039,105800,0.0,0.0
2016-05-06 00:00:00-04:00,55.907959706388986,56.613026071332385,55.15770106775201,56.2514533996582,66700,0.0,0.0
2016-05-09 00:00:00-04:00,56.097789575840615,57.20057971845642,55.91700323252588,56.685340881347656,55300,0.0,0.0
2016-05-10 00:00:00-04:00,56.938439562867096,56.938439562867096,55.27521151568312,55.446956634521484,109300,0.0,0.0
2016-05-11 00:00:00-04:00,55.42888248073836,55.68198129857326,54.53399540441479,54.904605865478516,39000,0.0,0.0
2016-05-12 00:00:00-04:00,54.994987068053106,55.39271420028739,54.58821872360207,55.29328155517578,44400,0.0,0.0
2016-05-13 00:00:00-04:00,55.44695571512947,55.709095719703846,54.52494854084928,54.93171691894531,40200,0.0,0.0
2016-05-16 00:00:00-04:00,55.139617104539035,55.79948423970953,54.85939813691366,55.09442138671875,48300,0.0,0.0
2016-05-17 00:00:00-04:00,54.886519920068906,55.139618705782254,52.34648050554446,52.65381622314453,152100,0.0,0.0
2016-05-18 00:00:00-04:00,52.653825798883204,53.521596177611286,52.04819546629579,52.27417755126953,52000,0.0,0.0
2016-05-19 00:00:00-04:00,51.93067488669039,52.41879693386808,51.34312018750847,51.70469284057617,74400,0.0,0.0
2016-05-20 00:00:00-04:00,51.849326555021435,52.120504348659786,51.14426360191918,52.093387603759766,45800,0.0,0.0
2016-05-23 00:00:00-04:00,52.238013347537255,52.238013347537255,51.35216409408679,51.370243072509766,27600,0.0,0.0
2016-05-24 00:00:00-04:00,51.18041564365942,53.06962579065084,51.18041564365942,53.0153923034668,62100,0.0,0.0
2016-05-25 00:00:00-04:00,52.979232702087906,53.12386107711043,52.00298858452648,52.15665817260742,66900,0.0,0.0
2016-05-26 00:00:00-04:00,52.0843519073115,52.40072890691419,51.18946474868773,52.30129623413086,44700,0.0,0.0
2016-05-27 00:00:00-04:00,52.50015265259283,52.599581860256166,52.12050100726803,52.554386138916016,31600,0.0,0.0
2016-05-31 00:00:00-04:00,52.527265139955766,53.006345954128406,51.126177202653196,52.147613525390625,117500,0.0,0.0
2016-06-01 00:00:00-04:00,51.93972176822151,52.934045014583546,51.93972176822151,52.91596603393555,92200,0.0,0.0
2016-06-02 00:00:00-04:00,52.98826887146531,52.98826887146531,52.32840171478023,52.8255615234375,52300,0.0,0.0
2016-06-03 00:00:00-04:00,53.2504098509735,53.548707810585626,52.93403636188101,53.40407943725586,40500,0.0,0.0
2016-06-06 00:00:00-04:00,53.476400798773554,53.51255876017611,52.934045170587126,53.087711334228516,37700,0.0,0.0
2016-06-07 00:00:00-04:00,53.13289965656909,53.856044990981175,52.98827127932917,53.32272720336914,30000,0.0,0.0
2016-06-08 00:00:00-04:00,53.395044933821524,54.127228105427676,53.069630190885455,54.0639533996582,51400,0.0,0.0
2016-06-09 00:00:00-04:00,53.90123779488487,55.04922698568392,53.602939843353596,54.89555740356445,86000,0.0,0.0
2016-06-10 00:00:00-04:00,54.67861438747458,55.130578454843246,54.44359114144405,54.63341522216797,35300,0.0,0.0
2016-06-13 00:00:00-04:00,54.51985861865989,54.66522054673688,53.938410906351905,54.11103057861328,29200,0.305,0.0
2016-06-14 00:00:00-04:00,54.09285502896428,55.11947203723385,53.62951154231038,55.07404708862305,50000,0.0,0.0
2016-06-15 00:00:00-04:00,55.21940844312088,55.21940844312088,53.92932189402105,54.1837043762207,50200,0.0,0.0
2016-06-16 00:00:00-04:00,53.11166002586182,54.69247389925278,53.11166002586182,54.64704895019531,57700,0.0,0.0
2016-06-17 00:00:00-04:00,54.774235087955276,54.83783070384785,53.8112103154802,53.9747428894043,120300,0.0,0.0
2016-06-20 00:00:00-04:00,54.05651562481548,54.229131822015276,53.111661410697394,53.41147232055664,56900,0.0,0.0
2016-06-21 00:00:00-04:00,53.22068947566602,54.13828601648359,53.22068947566602,53.82939147949219,38800,0.0,0.0
2016-06-22 00:00:00-04:00,54.065599524760664,54.065599524760664,52.25766084903797,52.45753479003906,68800,0.0,0.0
2016-06-23 00:00:00-04:00,52.53930467192047,52.78460011444705,52.17589811179652,52.775516510009766,70400,0.0,0.0
2016-06-24 00:00:00-04:00,53.07532361010061,57.963124134967664,53.07532361010061,57.10912322998047,632200,0.0,0.0
2016-06-27 00:00:00-04:00,56.99101624939611,58.91706270974078,56.59127180387607,58.58091735839844,149400,0.0,0.0
2016-06-28 00:00:00-04:00,58.362870705506225,58.67176871674377,56.94559270362663,57.02735900878906,93100,0.0,0.0
2016-06-29 00:00:00-04:00,57.50886308381854,58.75352472597241,56.98192742957517,58.01763153076172,93200,0.0,0.0
2016-06-30 00:00:00-04:00,57.9540362845893,60.134468539137195,57.9540362845893,60.12538146972656,165400,0.0,0.0
2016-07-01 00:00:00-04:00,60.370676883402275,60.56147068398132,59.12601869905373,60.016357421875,49900,0.0,0.0
2016-07-05 00:00:00-04:00,59.961860385641465,60.743182151239445,59.961860385641465,60.27983856201172,57000,0.0,0.0
2016-07-06 00:00:00-04:00,59.89824979398614,61.32461462732106,59.607525972268284,60.07086944580078,96400,0.0,0.0
2016-07-07 00:00:00-04:00,60.02545101751184,60.02545101751184,58.59908594691291,58.771705627441406,50500,0.0,0.0
2016-07-08 00:00:00-04:00,58.4264640793567,59.42583384353017,57.89044477984869,59.27138137817383,64800,0.0,0.0
2016-07-11 00:00:00-04:00,58.962482428990725,59.843740958838396,58.30835210038616,59.6529541015625,47900,0.0,0.0
2016-07-12 00:00:00-04:00,59.434918609819505,60.025453444245876,58.55365989356227,59.425838470458984,72800,0.0,0.0
2016-07-13 00:00:00-04:00,59.62569062108763,60.44335350066009,59.5075864562503,59.88916015625,42300,0.0,0.0
2016-07-14 00:00:00-04:00,59.91643051206015,60.38886116101578,59.616626485250706,59.82558059692383,46800,0.0,0.0
2016-07-15 00:00:00-04:00,60.0072830483961,60.65232641035729,59.8800917900603,60.570556640625,76400,0.0,0.0
2016-07-18 00:00:00-04:00,60.57056557779674,60.57056557779674,59.68022663807686,59.71656799316406,28400,0.0,0.0
2016-07-19 00:00:00-04:00,59.85281853083125,59.85281853083125,59.18052102476081,59.58026885986328,44200,0.0,0.0
2016-07-20 00:00:00-04:00,59.40765031498257,59.73471547131489,59.03516367835003,59.244117736816406,40100,0.0,0.0
2016-07-21 00:00:00-04:00,59.14418270234601,59.271373941572776,58.417376611250575,58.95339584350586,51200,0.0,0.0
2016-07-22 00:00:00-04:00,59.489412332957414,60.35249659184126,58.499129924129164,59.78013610839844,45800,0.0,0.0
2016-07-25 00:00:00-04:00,59.78014277741452,59.78014277741452,59.14417968235128,59.58026885986328,34200,0.0,0.0
2016-07-26 00:00:00-04:00,59.443998123811305,59.6892935520402,58.40829399323915,58.62633514404297,47200,0.0,0.0
2016-07-27 00:00:00-04:00,58.4173867340269,58.94431898867395,57.34533768664378,58.072147369384766,42600,0.0,0.0
2016-07-28 00:00:00-04:00,58.135741251062434,58.5627399519145,57.645143459579664,57.88135528564453,49100,0.0,0.0
2016-07-29 00:00:00-04:00,58.0630578779937,58.853463111234575,57.92677956005146,58.20841979980469,40000,0.0,0.0
2016-08-01 00:00:00-04:00,57.99946132711048,58.62633395508532,57.390755906582854,58.11756896972656,70900,0.0,0.0
2016-08-02 00:00:00-04:00,57.890450253173526,58.17208706893909,57.40893599997383,57.508872985839844,35200,0.0,0.0
2016-08-03 00:00:00-04:00,57.69057267186943,58.317448829187775,57.236316194138176,57.92678451538086,53000,0.0,0.0
2016-08-04 00:00:00-04:00,55.864455081135254,58.64450557064909,55.737260374566816,57.463436126708984,53500,0.0,0.0
2016-08-05 00:00:00-04:00,57.23630985966377,59.362226613092126,57.23630985966377,58.70810317993164,74900,0.0,0.0
2016-08-08 00:00:00-04:00,59.2713879981751,60.216242378940045,59.05334681227683,60.025455474853516,101600,0.0,0.0
2016-08-09 00:00:00-04:00,60.05270096958889,60.54329876462763,59.37131629838009,60.143550872802734,62800,0.0,0.0
2016-08-10 00:00:00-04:00,60.36159246382491,60.59780080048631,59.10784036759525,59.33496856689453,29700,0.0,0.0
2016-08-11 00:00:00-04:00,59.280475069247125,60.27075094256353,59.05334681227683,60.025455474853516,49600,0.0,0.0
2016-08-12 00:00:00-04:00,60.28889426606141,61.0793026915804,60.025424790888415,60.77040481567383,43200,0.0,0.0
2016-08-15 00:00:00-04:00,60.63415493685845,61.19743548526765,58.81712895910443,58.844383239746094,41700,0.0,0.0
2016-08-16 00:00:00-04:00,58.862545416078966,58.862545416078966,57.52703048487617,57.53611755371094,35800,0.0,0.0
2016-08-17 00:00:00-04:00,57.30899241789204,58.544570452206486,56.82747824923328,58.44463348388672,39500,0.0,0.0
2016-08-18 00:00:00-04:00,58.41737977599919,61.66985055280328,58.253847183647906,60.016357421875,125300,0.0,0.0
2016-08-19 00:00:00-04:00,59.916412198014534,59.916412198014534,58.06304884953682,58.59907150268555,96500,0.0,0.0
2016-08-22 00:00:00-04:00,58.753521566537756,59.834654024942076,58.599076052880754,59.80739974975586,41700,0.0,0.0
2016-08-23 00:00:00-04:00,60.07996036275528,60.325262746861895,59.498512614996926,59.55302810668945,40700,0.0,0.0
2016-08-24 00:00:00-04:00,59.5621066247996,59.79832193196147,58.15391571490455,59.57119369506836,39900,0.0,0.0
2016-08-25 00:00:00-04:00,59.09876613595706,60.252574453880015,59.07150492693878,60.15263748168945,44800,0.0,0.0
2016-08-26 00:00:00-04:00,60.17079911262849,60.4796901032569,58.61723629749726,58.68083190917969,29500,0.0,0.0
2016-08-29 00:00:00-04:00,58.7898639285135,59.99818764631032,58.42645741313215,58.735355377197266,58800,0.0,0.0
2016-08-30 00:00:00-04:00,58.653582286078745,59.3167996588204,57.94494343362203,58.14481735229492,47800,0.0,0.0
2016-08-31 00:00:00-04:00,58.017630125061835,58.053971470184734,57.463436741892615,57.82684326171875,50700,0.0,0.0
2016-09-01 00:00:00-04:00,57.82683559966043,58.272004888476,57.10910972423831,57.19087600708008,45700,0.0,0.0
2016-09-02 00:00:00-04:00,57.19089454962345,58.035811924362214,56.4277434842369,57.935874938964844,54200,0.0,0.0
2016-09-06 00:00:00-04:00,58.14482636208456,58.33561324181674,57.54520797885363,57.5997200012207,67700,0.0,0.0
2016-09-07 00:00:00-04:00,57.854109975694016,59.3985793527451,57.1091295690193,59.2895622253418,88600,0.0,0.0
2016-09-08 00:00:00-04:00,59.48942546158627,60.37976418787369,58.153910440752064,58.27201461791992,49900,0.0,0.0
2016-09-09 00:00:00-04:00,57.89045249408156,58.11758075595011,55.582828521728516,55.582828521728516,93100,0.0,0.0
2016-09-12 00:00:00-04:00,55.70092505664154,56.5730965761475,54.61979252815874,55.41928482055664,109800,0.0,0.0
2016-09-13 00:00:00-04:00,55.469513673605924,55.79822246008168,54.62035046958278,55.00384521484375,59500,0.305,0.0
2016-09-14 00:00:00-04:00,55.250367042193304,55.706906197496274,54.05423668449463,54.51990509033203,58500,0.0,0.0
2016-09-15 00:00:00-04:00,54.492514825990064,54.96731597393428,53.98118970902305,54.89426803588867,38400,0.0,0.0
2016-09-16 00:00:00-04:00,55.095143131446406,56.0995278384868,54.28250402578546,56.06300735473633,74100,0.0,0.0
2016-09-19 00:00:00-04:00,56.145177055102344,56.976078033447266,55.323405325698914,56.976078033447266,39300,0.0,0.0
2016-09-20 00:00:00-04:00,57.04001255316804,57.16784298036413,56.66565052361467,56.77521896362305,26600,0.0,0.0
2016-09-21 00:00:00-04:00,57.12217833725553,58.24526420145058,56.437369628615826,58.208740234375,50400,0.0,0.0
2016-09-22 00:00:00-04:00,56.48302195988262,57.54219260663937,56.38258279355892,57.50566864013672,744500,0.0,0.0
2016-09-23 00:00:00-04:00,57.21347529838505,57.40522086910669,56.44648953238187,57.195213317871094,125800,0.0,0.0
2016-09-26 00:00:00-04:00,57.0856553715754,58.245265223187886,56.683902176048086,57.73394012451172,140500,0.0,0.0
2016-09-27 00:00:00-04:00,57.889162179275935,58.26352412074419,56.92129798476718,57.39609909057617,122400,0.0,0.0
2016-09-28 00:00:00-04:00,57.45087676098824,57.861762633943414,56.73867690327713,57.08564758300781,75200,0.0,0.0
2016-09-29 00:00:00-04:00,56.7386885122084,56.7386885122084,54.748177416508376,55.45124816894531,88000,0.0,0.0
2016-09-30 00:00:00-04:00,55.6338585131068,56.19996605753471,55.24123458369727,55.752559661865234,100400,0.0,0.0
2016-10-03 00:00:00-04:00,55.49690136770124,55.6429937653487,54.538169790444954,54.93079376220703,41400,0.0,0.0
2016-10-04 00:00:00-04:00,54.875997901755255,54.875997901755255,52.89461989860719,53.141151428222656,130700,0.0,0.0
2016-10-05 00:00:00-04:00,53.55203810995205,53.91726730203725,52.62069792299184,53.25985336303711,61200,0.0,0.0
2016-10-06 00:00:00-04:00,53.25985742152622,53.314639888799206,52.775923567539294,53.122894287109375,80700,0.0,0.0
2016-10-07 00:00:00-04:00,53.55204616233764,53.86249293800489,52.995067816306616,53.771183013916016,149900,0.0,0.0
2016-10-10 00:00:00-04:00,53.780312101627224,54.55642724661673,53.780312101627224,54.419464111328125,47900,0.0,0.0
2016-10-11 00:00:00-04:00,53.87161471427529,54.3738070361748,53.55203873209842,53.962921142578125,53300,0.0,0.0
2016-10-12 00:00:00-04:00,54.28251011642922,55.33254815831269,54.19120018901484,55.104278564453125,90800,0.0,0.0
2016-10-13 00:00:00-04:00,55.012958682313254,56.61084544901945,54.79381839316505,55.9260368347168,108400,0.0,0.0
2016-10-14 00:00:00-04:00,56.01735005897185,56.19996640825126,55.469504494250806,55.74342727661133,33900,0.0,0.0
2016-10-17 00:00:00-04:00,55.97169686475306,56.33692956345752,55.4695045163723,56.19996643066406,27200,0.0,0.0
2016-10-18 00:00:00-04:00,56.51954320939411,57.11304196250446,55.46950186318173,56.70215606689453,36500,0.0,0.0
2016-10-19 00:00:00-04:00,56.839114917507786,57.660886646911216,56.209092247042975,56.976078033447266,38900,0.0,0.0
2016-10-20 00:00:00-04:00,57.11304830929525,57.158701528743656,56.61085592912808,56.79347229003906,25100,0.0,0.0
2016-10-21 00:00:00-04:00,56.42824339577376,56.51955332398154,56.06301413229548,56.336936950683594,30300,0.0,0.0
2016-10-24 00:00:00-04:00,56.38258634876869,56.83912550948747,56.336933129320286,56.79347229003906,29600,0.0,0.0
2016-10-25 00:00:00-04:00,56.88477979201765,57.386972181569966,56.6108569870907,57.2956657409668,43800,0.0,0.0
2016-10-26 00:00:00-04:00,56.93042734178986,57.889162288215985,56.7934676945269,57.523929595947266,58700,0.0,0.0
2016-10-27 00:00:00-04:00,57.38697002352617,57.7978559570239,57.067394010315326,57.66089630126953,40500,0.0,0.0
2016-10-28 00:00:00-04:00,57.66089107256194,57.88916062790365,57.386964819658296,57.615234375,41200,0.0,0.0
2016-10-31 00:00:00-04:00,57.250011994797354,58.84789558938017,57.250011994797354,58.482669830322266,141600,0.0,0.0
2016-11-01 00:00:00-04:00,58.61961768614142,58.75658080946443,57.61523305882902,57.70654296875,76700,0.0,0.0
2016-11-02 00:00:00-04:00,57.75220383092501,57.934820191835996,56.51954949023127,56.79347229003906,51300,0.0,0.0
2016-11-03 00:00:00-04:00,55.46950338694675,56.42823484762858,55.10427069567886,55.241233825683594,44000,0.0,0.0
2016-11-04 00:00:00-04:00,55.28688691078803,55.97169559296075,53.36942399395122,53.415077209472656,69200,0.0,0.0
2016-11-07 00:00:00-05:00,53.917269611157906,54.4651186474239,53.41507727358522,54.328155517578125,70700,0.0,0.0
2016-11-08 00:00:00-05:00,54.09988329122555,55.515153803064614,54.09988329122555,54.830345153808594,45900,0.0,0.0
2016-11-09 00:00:00-05:00,54.282503448610434,55.834737192809605,52.95853927023122,55.74342727661133,92100,0.0,0.0
2016-11-10 00:00:00-05:00,55.8347437579741,56.56520575786379,53.09550864604964,55.69778060913086,79200,0.0,0.0
2016-11-11 00:00:00-05:00,55.60646132119158,57.93480993189597,54.96730591275277,57.15869140625,94300,0.0,0.0
2016-11-14 00:00:00-05:00,57.34131137106435,57.980466820034586,56.74781261946962,57.752197265625,62200,0.0,0.0
2016-11-15 00:00:00-05:00,57.79785216526249,58.52831406404995,56.88477392099889,58.117431640625,33400,0.0,0.0
2016-11-16 00:00:00-05:00,57.93482074238317,58.7565891496157,57.79785759961904,58.482669830322266,53300,0.0,0.0
2016-11-17 00:00:00-05:00,58.43701006282646,59.21312520947648,58.327441644231484,58.528316497802734,37400,0.0,0.0
2016-11-18 00:00:00-05:00,58.48266654837809,59.7153208316112,58.437009847940615,59.5783576965332,61300,0.0,0.0
2016-11-21 00:00:00-05:00,59.89793347210126,60.354472609794456,59.48705103467113,60.17185974121094,38600,0.0,0.0
2016-11-22 00:00:00-05:00,60.30881560012726,61.4501633066684,60.30881560012726,60.947967529296875,56400,0.0,0.0
2016-11-23 00:00:00-05:00,60.35448268066661,60.94798505194766,59.89794346679434,60.12621307373047,30400,0.0,0.0
2016-11-25 00:00:00-05:00,60.08055333910026,61.084938049316406,60.08055333910026,61.084938049316406,15900,0.0,0.0
2016-11-28 00:00:00-05:00,60.85666495748211,61.724086482856826,60.71970183078241,61.404510498046875,34000,0.0,0.0
2016-11-29 00:00:00-05:00,60.94796900538773,62.089316739571025,60.17185393938984,61.450164794921875,40600,0.0,0.0
2016-11-30 00:00:00-05:00,61.267552565290146,61.861054853813506,59.167476654052734,59.167476654052734,56100,0.0,0.0
2016-12-01 00:00:00-05:00,58.98484802246094,60.445771692141975,58.026116646537965,58.98484802246094,52000,0.0,0.0
2016-12-02 00:00:00-05:00,58.98484575898647,60.02575426908015,58.19046876177549,58.4370002746582,27900,0.0,0.0
2016-12-05 00:00:00-05:00,58.619615064556115,58.756578181753866,57.93480992791762,58.6652717590332,53900,0.0,0.0
2016-12-06 00:00:00-05:00,58.89354159927467,59.57835022252205,58.026116646537965,58.98484802246094,30700,0.0,0.0
2016-12-07 00:00:00-05:00,59.07615444564721,59.3957373761495,58.0717698581311,58.98484802246094,58300,0.0,0.0
2016-12-08 00:00:00-05:00,58.802248047981905,62.22629191374675,58.11743927482894,62.08932876586914,76600,0.0,0.0
2016-12-09 00:00:00-05:00,62.13498955452632,62.95675456333405,61.72410008388692,61.952369689941406,62800,0.0,0.0
2016-12-12 00:00:00-05:00,61.67842930854329,61.76973572658023,60.51881620415141,61.267539978027344,44300,0.0,0.0
2016-12-13 00:00:00-05:00,61.40971649144498,61.86834023521393,60.58419935109524,61.45558166503906,50000,0.305,0.0
2016-12-14 00:00:00-05:00,61.639039773731646,61.914216870150014,60.309033469812796,60.4007568359375,42800,0.0,0.0
2016-12-15 00:00:00-05:00,60.40075669520139,61.22628098448874,59.987998049579836,60.81352233886719,58300,0.0,0.0
2016-12-16 00:00:00-05:00,61.04283281741991,62.92318626753883,60.079720002888784,62.69387435913086,142500,0.0,0.0
2016-12-19 00:00:00-05:00,62.418709152652724,63.74871552628543,60.859383854621846,63.702850341796875,39700,0.0,0.0
2016-12-20 00:00:00-05:00,63.74868986947196,64.20731353759766,63.25337546813119,64.20731353759766,57600,0.0,0.0
2016-12-21 00:00:00-05:00,64.20733336711986,64.20733336711986,63.61112101481638,63.79457473754883,47000,0.0,0.0
2016-12-22 00:00:00-05:00,63.56525680130658,63.7578779433659,62.28110885620117,62.28110885620117,47400,0.0,0.0
2016-12-23 00:00:00-05:00,62.60215072397099,63.15249790215533,61.77662645767246,62.18939208984375,30600,0.0,0.0
2016-12-27 00:00:00-05:00,62.097653430564435,62.87731941002278,61.82248337726424,62.46455383300781,37200,0.0,0.0
2016-12-28 00:00:00-05:00,62.326957978026634,62.657167601590515,60.95108687919124,61.13454055786133,44000,0.0,0.0
2016-12-29 00:00:00-05:00,61.13454852009109,61.91420751136632,61.13454852009109,61.63903045654297,41100,0.0,0.0
2016-12-30 00:00:00-05:00,61.776621798309996,62.09765704486716,60.951097594274756,61.40972137451172,78500,0.0,0.0
2017-01-03 00:00:00-05:00,61.77662332275482,61.77662332275482,60.40075194809194,60.446617126464844,44900,0.0,0.0
2017-01-04 00:00:00-05:00,60.44660706331185,62.14351340995298,60.44660706331185,61.59316635131836,49800,0.0,0.0
2017-01-05 00:00:00-05:00,61.272141350871316,61.272141350871316,60.354893767762725,60.446617126464844,44100,0.0,0.0
2017-01-06 00:00:00-05:00,60.263163447087926,60.767652417317095,60.03385155117352,60.30902862548828,40100,0.0,0.0
2017-01-09 00:00:00-05:00,60.263163058434195,60.492474952869706,58.35528991622211,58.47453308105469,45600,0.0,0.0
2017-01-10 00:00:00-05:00,58.4745284880877,59.48349934474412,58.19935493618336,59.300052642822266,31700,0.0,0.0
2017-01-11 00:00:00-05:00,59.116604810718414,60.17144094657894,58.06177217387979,59.48350524902344,32400,0.0,0.0
2017-01-12 00:00:00-05:00,59.254194537676035,59.4835064414581,57.78659975307963,58.65798568725586,47400,0.0,0.0
2017-01-13 00:00:00-05:00,58.84142886573376,59.71281119656825,58.84142886573376,59.43764114379883,49000,0.0,0.0
2017-01-17 00:00:00-05:00,59.529375073222305,59.75868699030094,58.70385077213035,58.933162689208984,32300,0.0,0.0
2017-01-18 00:00:00-05:00,59.11659620381232,59.85039697358682,58.960665814599146,59.25418472290039,37400,0.0,0.0
2017-01-19 00:00:00-05:00,58.93315445274221,59.71281346223596,58.24521879765183,58.291080474853516,31100,0.0,0.0
2017-01-20 00:00:00-05:00,58.42867516954657,59.07074921517233,58.3828134875066,58.612125396728516,26600,0.0,0.0
2017-01-23 00:00:00-05:00,58.42866935244006,58.795566271253946,58.061768934604466,58.15349578857422,25000,0.0,0.0
2017-01-24 00:00:00-05:00,58.3828099846608,59.30005756651551,57.88749545069402,59.11660385131836,43000,0.0,0.0
2017-01-25 00:00:00-05:00,59.116609423654154,59.48350989058884,58.8414393219864,58.933162689208984,35000,0.0,0.0
2017-01-26 00:00:00-05:00,59.39178276129366,60.12558364868164,58.7497122333621,60.12558364868164,32800,0.0,0.0
2017-01-27 00:00:00-05:00,59.987992439516304,60.26316251151541,59.34591494209786,59.80453872680664,34500,0.0,0.0
2017-01-30 00:00:00-05:00,59.3917777556292,59.52936628517368,58.703842105950095,58.97901916503906,46300,0.0,0.0
2017-01-31 00:00:00-05:00,59.07075129324648,60.2631690643225,58.520400592339655,59.987998962402344,45200,0.0,0.0
2017-02-01 00:00:00-05:00,60.0338521505944,60.17144068912557,58.520395721861014,58.841434478759766,52500,0.0,0.0
2017-02-02 00:00:00-05:00,59.162464092986305,59.69446932560086,58.795563691250635,59.43764114379883,36500,0.0,0.0
2017-02-03 00:00:00-05:00,59.80453106457854,60.30901996233991,58.93314878449185,60.079708099365234,37200,0.0,0.0
2017-02-06 00:00:00-05:00,60.079722329709064,60.2631690643225,59.758687045113376,59.987998962402344,50700,0.0,0.0
2017-02-07 00:00:00-05:00,60.03384852794518,60.21730223426443,59.34591287484554,59.621089935302734,31700,0.0,0.0
2017-02-08 00:00:00-05:00,59.39177596931571,59.80453454749139,59.15328965848106,59.43764114379883,30900,0.0,0.0
2017-02-09 00:00:00-05:00,59.529373124569695,60.2173088532865,58.97902594120507,59.666961669921875,24400,0.0,0.0
2017-02-10 00:00:00-05:00,59.89626168923161,61.31799104751964,59.43763796113042,61.272132873535156,49600,0.0,0.0
2017-02-13 00:00:00-05:00,61.409726272437396,63.106639993091655,60.079720002888784,62.69387435913086,155000,0.0,0.0
2017-02-14 00:00:00-05:00,62.464552546161165,62.739729591835484,61.08868131387548,61.18040466308594,76000,0.0,0.0
2017-02-15 00:00:00-05:00,60.63005798806613,60.72178133790938,59.25418674628834,59.850399017333984,46400,0.0,0.0
2017-02-16 00:00:00-05:00,59.575222934613365,60.446612267344385,59.575222934613365,60.354888916015625,30600,0.0,0.0
2017-02-17 00:00:00-05:00,60.53834159947883,60.53834159947883,59.71281735987717,60.26316452026367,38600,0.0,0.0
2017-02-21 00:00:00-05:00,60.12557911327652,60.58420288378803,59.66695534276501,60.53833770751953,35800,0.0,0.0
2017-02-22 00:00:00-05:00,60.12558008239696,60.99696246119666,60.12558008239696,60.90523910522461,26800,0.0,0.0
2017-02-23 00:00:00-05:00,60.58421154895584,62.11601348202266,60.53834636612739,61.82249450683594,36500,0.0,0.0
2017-02-24 00:00:00-05:00,61.50144814939246,62.56545161863082,61.31799444914921,62.46455383300781,31900,0.0,0.0
2017-02-27 00:00:00-05:00,62.235241956236095,62.73973088435112,62.097653430564435,62.46455383300781,36700,0.0,0.0
2017-02-28 00:00:00-05:00,62.372838292015835,64.84940407204004,61.54731403265976,63.24422073364258,84100,0.0,0.0
2017-03-01 00:00:00-05:00,62.78559204088475,64.14312149494499,62.326968265573555,63.427669525146484,42400,0.0,0.0
2017-03-02 00:00:00-05:00,62.60214532997765,63.88629330045768,62.60214532997765,63.427669525146484,39500,0.0,0.0
2017-03-03 00:00:00-05:00,63.24422158385853,63.3818101286082,61.547314860063565,62.5562858581543,64600,0.0,0.0
2017-03-06 00:00:00-05:00,62.05180302394514,63.335951094271906,61.50145585038909,63.24422073364258,58800,0.0,0.0
2017-03-07 00:00:00-05:00,63.24421681872581,63.9780176700731,63.060770104910766,63.656982421875,35000,0.0,0.0
2017-03-08 00:00:00-05:00,62.92317341552078,63.38179713866312,61.50144407260511,61.54730224609375,35100,0.0,0.0
2017-03-09 00:00:00-05:00,61.62069418164442,62.2811135747646,61.226277432866745,61.31800079345703,27100,0.0,0.0
2017-03-10 00:00:00-05:00,61.730770111083984,62.051805391403114,61.042834368381165,61.730770111083984,29500,0.0,0.0
2017-03-13 00:00:00-04:00,61.689300537109375,61.87358945512333,61.04430689881907,61.689300537109375,36800,0.305,0.0
2017-03-14 00:00:00-04:00,61.55108649458924,62.011798198800534,61.04430080799574,61.50501251220703,22100,0.0,0.0
2017-03-15 00:00:00-04:00,61.689302388669,64.22321709071132,61.689302388669,63.67036437988281,45400,0.0,0.0
2017-03-16 00:00:00-04:00,63.301784447834784,63.301784447834784,62.01179731828214,62.795005798339844,48600,0.0,0.0
2017-03-17 00:00:00-04:00,63.16357570169032,64.45356281366358,62.85028809599501,64.08499908447266,111900,0.0,0.0
2017-03-20 00:00:00-04:00,64.17715332624716,64.49965017112198,63.11751481031223,63.20965576171875,28800,0.0,0.0
2017-03-21 00:00:00-04:00,63.20964880382492,64.1034306968822,62.70287011192146,63.16358184814453,45800,0.0,0.0
2017-03-22 00:00:00-04:00,63.48607872994991,63.8546495253295,62.51858127081638,63.11750793457031,42200,0.0,0.0
2017-03-23 00:00:00-04:00,63.11750258012251,64.22320784255777,62.33429410007231,63.34785842895508,45500,0.0,0.0
2017-03-24 00:00:00-04:00,63.25571749540257,63.88228568542325,63.025361646570005,63.34785842895508,49900,0.0,0.0
2017-03-27 00:00:00-04:00,63.34784330158397,63.992836712330636,62.97927262548548,63.90069580078125,22300,0.0,0.0
2017-03-28 00:00:00-04:00,63.762496879557986,63.90071179643054,63.07142932509788,63.808570861816406,31200,0.0,0.0
2017-03-29 00:00:00-04:00,63.624300326958895,64.03893812153966,63.25572949294047,63.85465621948242,20000,0.0,0.0
2017-03-30 00:00:00-04:00,63.854644912858284,63.946785847571675,63.02536244063232,63.76249694824219,28800,0.0,0.0
2017-03-31 00:00:00-04:00,63.946785847571675,64.49963848575474,63.62428906112344,63.76249694824219,66200,0.0,0.0
2017-04-03 00:00:00-04:00,63.67036595851604,64.03893678484121,63.255728172590096,63.44001007080078,35800,0.0,0.0
2017-04-04 00:00:00-04:00,63.532130436754805,64.40748674441696,63.48606349207881,64.26927185058594,32800,0.0,0.0
2017-04-05 00:00:00-04:00,64.45356891953739,64.49964290500223,63.624293420395624,64.31536102294922,42000,0.0,0.0
2017-04-06 00:00:00-04:00,64.36143403213597,64.68393087101333,63.42158509742138,64.54572296142578,31600,0.0,0.0
2017-04-07 00:00:00-04:00,64.68393329829598,64.68393329829598,64.06658117929244,64.17715454101562,72800,0.0,0.0
2017-04-10 00:00:00-04:00,64.17713699329045,64.45355977716095,63.25571365391773,63.946781158447266,37300,0.0,0.0
2017-04-11 00:00:00-04:00,63.8085798957403,64.73000343214088,63.8085798957403,64.68392944335938,37900,0.0,0.0
2017-04-12 00:00:00-04:00,64.68390649631354,65.2828329884815,64.13105397658204,64.72998046875,72500,0.0,0.0
2017-04-13 00:00:00-04:00,64.68392035518154,64.68392035518154,63.67035601352879,63.76249694824219,37900,0.0,0.0
2017-04-17 00:00:00-04:00,63.80858569091167,65.23679511400572,63.80858569091167,65.00643920898438,30000,0.0,0.0
2017-04-18 00:00:00-04:00,64.72999555245238,66.20427162524652,64.40749875995097,65.92784881591797,54100,0.0,0.0
2017-04-19 00:00:00-04:00,65.9278419804808,66.20426476114969,65.69748614830569,65.78962707519531,62100,0.0,0.0
2017-04-20 00:00:00-04:00,65.6514038406052,66.20425636170374,65.28283314990577,65.88175964355469,44800,0.0,0.0
2017-04-21 00:00:00-04:00,65.78961724177479,66.3424697503811,64.9695511641969,66.11211395263672,36300,0.0,0.0
2017-04-24 00:00:00-04:00,66.34247745879709,67.54033055820834,65.83569183291497,67.26390075683594,59200,0.0,0.0
2017-04-25 00:00:00-04:00,67.54033368753177,68.00104535789718,66.38855451161821,67.90889739990234,53000,0.0,0.0
2017-04-26 00:00:00-04:00,67.2639075194347,68.96853938620698,66.6189139579217,68.55390167236328,78300,0.0,0.0
2017-04-27 00:00:00-04:00,68.46175769904639,68.83032141502814,67.81675713627381,67.86283111572266,41300,0.0,0.0
2017-04-28 00:00:00-04:00,67.95497431818924,67.95497431818924,67.17176585067197,67.54033660888672,57800,0.0,0.0
2017-05-01 00:00:00-04:00,67.58639750516916,67.77068638271805,66.66497420713031,67.26390075683594,52100,0.0,0.0
2017-05-02 00:00:00-04:00,67.402099609375,67.58638141314533,67.12566987381932,67.402099609375,31000,0.0,0.0
2017-05-03 00:00:00-04:00,65.78961718416248,67.17175196941841,65.46712047358297,66.15818786621094,57800,0.0,0.0
2017-05-04 00:00:00-04:00,66.3885436637536,67.40210776696107,65.97389901023618,66.15818786621094,34800,0.0,0.0
2017-05-05 00:00:00-04:00,66.06603998112742,66.57282554812548,65.42104655940358,66.11211395263672,70600,0.0,0.0
2017-05-08 00:00:00-04:00,66.15819034521434,67.12568051320552,66.0199754555295,66.89532470703125,44900,0.0,0.0
2017-05-09 00:00:00-04:00,66.80319213867188,67.07962195258588,65.3749831499532,65.65141296386719,49500,0.0,0.0
2017-05-10 00:00:00-04:00,65.55928340083219,66.71106277530252,65.46714245685524,66.20427703857422,52000,0.0,0.0
2017-05-11 00:00:00-04:00,66.01999515062032,66.34249196949133,65.51320941389201,66.20427703857422,38500,0.0,0.0
2017-05-12 00:00:00-04:00,66.11212621512907,66.71105280633371,65.78962944445037,66.52676391601562,37000,0.0,0.0
2017-05-15 00:00:00-04:00,66.48069544081513,67.54033368865363,66.48069544081513,66.75711822509766,23800,0.0,0.0
2017-05-16 00:00:00-04:00,66.75712427380648,66.84927224015216,65.78963389630228,65.92784881591797,41600,0.0,0.0
2017-05-17 00:00:00-04:00,65.55926292540565,66.34247124945368,65.28283314990577,65.88175964355469,48100,0.0,0.0
2017-05-18 00:00:00-04:00,65.88175815489234,66.89532225898739,65.51318747252112,66.11211395263672,40900,0.0,0.0
2017-05-19 00:00:00-04:00,65.92783212640164,66.61889951963478,65.7435432702655,66.11211395263672,42500,0.0,0.0
2017-05-22 00:00:00-04:00,65.97390148233411,66.96904025218333,65.88176056584467,66.89532470703125,29500,0.0,0.0
2017-05-23 00:00:00-04:00,67.079631828874,67.88126575342706,67.079631828874,67.58641052246094,37400,0.0,0.0
2017-05-24 00:00:00-04:00,67.44818572953693,68.73817981254055,67.44818572953693,67.90889739990234,49100,0.0,0.0
2017-05-25 00:00:00-04:00,68.0931952716004,68.96854474884536,66.71106007811692,68.87640380859375,53000,0.0,0.0
2017-05-26 00:00:00-04:00,68.96854026501323,68.96854026501323,68.04711686259513,68.36961364746094,52800,0.0,0.0
2017-05-30 00:00:00-04:00,68.46176073927607,68.59996862395559,68.09318997702469,68.55390167236328,38400,0.0,0.0
2017-05-31 00:00:00-04:00,68.73816901486232,68.78424298662225,68.23139047500855,68.4156723022461,87700,0.0,0.0
2017-06-01 00:00:00-04:00,68.27748628867627,68.87641302531198,67.8628484871076,68.64605712890625,93200,0.0,0.0
2017-06-02 00:00:00-04:00,68.9685415531953,70.7653214394121,68.8303266342705,70.4888916015625,60200,0.0,0.0
2017-06-05 00:00:00-04:00,70.35067292790093,70.71924368206155,69.73332095687581,69.88996124267578,79000,0.0,0.0
2017-06-06 00:00:00-04:00,69.70568018023809,70.48888864812565,69.70568018023809,69.75174713134766,75000,0.0,0.0
2017-06-07 00:00:00-04:00,69.88995813126685,70.62709960677151,69.75174322587196,70.39674377441406,59300,0.0,0.0
2017-06-08 00:00:00-04:00,70.58103935489238,71.12468288053248,69.52140091398996,70.62711334228516,73000,0.0,0.0
2017-06-09 00:00:00-04:00,70.16640233119551,71.64067855463493,70.07426138533746,70.53497314453125,110200,0.0,0.0
2017-06-12 00:00:00-04:00,70.71925298436994,71.41032060310971,69.42925869007503,69.65961456298828,49600,0.0,0.0
2017-06-13 00:00:00-04:00,70.0066379530499,70.3120221995074,68.43345087327927,68.7573471069336,79900,0.325,0.0
2017-06-14 00:00:00-04:00,69.17376527395133,69.7290047871765,68.80360324505006,69.26630401611328,77300,0.0,0.0
2017-06-15 00:00:00-04:00,68.84987857572976,69.31257936312007,68.43344363092625,69.12749481201172,35500,0.0,0.0
2017-06-16 00:00:00-04:00,68.24836616411898,70.14544221718918,68.20209326126215,69.96035766601562,67400,0.0,0.0
2017-06-19 00:00:00-04:00,70.0529050064102,70.0529050064102,69.17377622629822,69.49766540527344,41700,0.0,0.0
2017-06-20 00:00:00-04:00,69.45139284151928,69.91409364110234,68.73882965641918,69.03495788574219,41700,0.0,0.0
2017-06-21 00:00:00-04:00,68.89614742758141,69.26630948571244,68.57225827431202,68.98869323730469,44500,0.0,0.0
2017-06-22 00:00:00-04:00,69.08122741627044,69.08122741627044,68.34090334898916,68.80360412597656,73800,0.0,0.0
2017-06-23 00:00:00-04:00,68.89615076784357,69.35885159787678,68.66480035282696,69.22004699707031,102600,0.0,0.0
2017-06-26 00:00:00-04:00,69.40511565948295,69.7290047871765,68.98868778962743,69.26630401611328,86200,0.0,0.0
2017-06-27 00:00:00-04:00,69.22005000306503,69.86782836914062,68.67405932858303,69.86782836914062,64800,0.0,0.0
2017-06-28 00:00:00-04:00,70.28425567552804,70.88576818731246,69.77528898113708,69.91410064697266,55000,0.0,0.0
2017-06-29 00:00:00-04:00,70.5618787592674,71.37622970358436,69.22004913483235,69.49766540527344,57600,0.0,0.0
2017-06-30 00:00:00-04:00,69.86782997209036,69.91410288226652,69.26631744107438,69.35885620117188,59700,0.0,0.0
2017-07-03 00:00:00-04:00,69.49764412333282,70.05288355444118,69.35883250049262,69.821533203125,24800,0.0,0.0
2017-07-05 00:00:00-04:00,69.91411221340428,70.09918975830078,69.31259960210699,70.09918975830078,63800,0.0,0.0
2017-07-06 00:00:00-04:00,69.86782565493586,69.86782565493586,69.22004731402497,69.59020233154297,54500,0.0,0.0
2017-07-07 00:00:00-04:00,69.82155114567675,70.99681518612049,69.5439348889077,70.93203735351562,41800,0.0,0.0
2017-07-10 00:00:00-04:00,71.07084225685921,71.07084225685921,70.14544070174517,70.46932983398438,69100,0.0,0.0
2017-07-11 00:00:00-04:00,70.79322079416727,70.93203244306932,69.59019591735444,70.37679290771484,57200,0.0,0.0
2017-07-12 00:00:00-04:00,70.88576778319283,71.39474153493674,70.60815151335898,71.16339111328125,39400,0.0,0.0
2017-07-13 00:00:00-04:00,70.97829614336027,70.97829614336027,69.5901938167476,70.05289459228516,62900,0.0,0.0
2017-07-14 00:00:00-04:00,70.19170805979229,70.5155971990289,69.77528017509577,69.96035766601562,59900,0.0,0.0
2017-07-17 00:00:00-04:00,70.05289641147554,70.14544221718918,69.5901956239222,69.96035766601562,42500,0.0,0.0
2017-07-18 00:00:00-04:00,70.05290675450725,70.23799133300781,69.40512838039216,70.23799133300781,63700,0.0,0.0
2017-07-19 00:00:00-04:00,70.05290858494246,70.5156094529018,69.96036982340158,70.14545440673828,55300,0.0,0.0
2017-07-20 00:00:00-04:00,70.23798585609524,70.83949833387241,69.91409669429343,70.5156021118164,34200,0.0,0.0
2017-07-21 00:00:00-04:00,71.20964146067337,71.71861510162482,70.70067487997494,71.57980346679688,79800,0.0,0.0
2017-07-24 00:00:00-04:00,71.71862301073577,71.71862301073577,70.19170897974676,70.33052062988281,28700,0.0,0.0
2017-07-25 00:00:00-04:00,70.51559695341169,71.30219393771551,70.51559695341169,71.20964813232422,45500,0.0,0.0
2017-07-26 00:00:00-04:00,71.02456913609659,71.76489320200747,69.86781719576928,71.71862030029297,31100,0.0,0.0
2017-07-27 00:00:00-04:00,71.71861448029482,71.81115321596074,71.07083627038044,71.6260757446289,31000,0.0,0.0
2017-07-28 00:00:00-04:00,71.62608218059724,71.76489382669553,71.30219304653696,71.67234802246094,21900,0.0,0.0
2017-07-31 00:00:00-04:00,71.67235166729581,71.81116332045325,71.34846251676444,71.48727416992188,27500,0.0,0.0
2017-08-01 00:00:00-04:00,71.81116303256276,72.78283754051543,71.39473513501387,72.73656463623047,40500,0.0,0.0
2017-08-02 00:00:00-04:00,72.7365655419704,73.19926634956596,71.9037026762476,73.10672760009766,34300,0.0,0.0
2017-08-03 00:00:00-04:00,71.99625780677822,73.73601052687862,71.99625780677822,73.01419830322266,38600,0.0,0.0
2017-08-04 00:00:00-04:00,72.87538209986927,73.19927127492889,72.55149292480964,72.82910919189453,43100,0.0,0.0
2017-08-07 00:00:00-04:00,72.73656156908278,73.06045070465797,72.69029572700269,72.92164611816406,52600,0.0,0.0
2017-08-08 00:00:00-04:00,72.7365688704129,73.6619705279506,72.7365688704129,73.33808135986328,31800,0.0,0.0
2017-08-09 00:00:00-04:00,73.24554197820386,73.43061948402294,72.69030240049234,73.38435363769531,33900,0.0,0.0
2017-08-10 00:00:00-04:00,73.2455383410074,73.70823914283278,72.50521423398523,73.56942749023438,41400,0.0,0.0
2017-08-11 00:00:00-04:00,72.0887950897259,74.03213728130932,72.0887950897259,72.6903076171875,41500,0.0,0.0
2017-08-14 00:00:00-04:00,73.06045135714669,73.70823669433594,72.82910096391917,73.70823669433594,31600,0.0,0.0
2017-08-15 00:00:00-04:00,73.52316158008898,73.93959657749896,73.15300655161958,73.61570739746094,19600,0.0,0.0
2017-08-16 00:00:00-04:00,73.61570437232324,74.30975561256416,73.0512087987736,73.75450897216797,23700,0.0,0.0
2017-08-17 00:00:00-04:00,73.33807800389543,74.3375134427628,73.01418885062935,73.10672760009766,65600,0.0,0.0
2017-08-18 00:00:00-04:00,72.64404258777476,73.3843668650008,72.64404258777476,73.06047058105469,43300,0.0,0.0
2017-08-21 00:00:00-04:00,73.24554260616037,74.27273901084757,73.11598693892545,73.33808135986328,41900,0.0,0.0
2017-08-22 00:00:00-04:00,73.66198400162311,73.80079568769499,72.64404340418879,73.43063354492188,59300,0.0,0.0
2017-08-23 00:00:00-04:00,73.43061431294565,74.35601589738165,73.43061431294565,74.07839965820312,35500,0.0,0.0
2017-08-24 00:00:00-04:00,73.93958800848696,74.4485546437745,73.43061431294565,74.07839965820312,30100,0.0,0.0
2017-08-25 00:00:00-04:00,74.30975005431212,75.05006708570865,73.70823761237797,74.07839965820312,71200,0.0,0.0
2017-08-28 00:00:00-04:00,74.17093903126006,74.49482817649842,73.75450407859317,74.0321273803711,30900,0.0,0.0
2017-08-29 00:00:00-04:00,73.9858593855816,74.77245643939145,73.56943146553878,73.75450897216797,41300,0.0,0.0
2017-08-30 00:00:00-04:00,73.66197420824632,73.84705878515365,73.01419583970738,73.15300750732422,31000,0.0,0.0
2017-08-31 00:00:00-04:00,73.24555416626742,74.03214428726857,73.15301539795944,73.5231704711914,45300,0.0,0.0
2017-09-01 00:00:00-04:00,73.66197204589844,73.66197204589844,73.2455441155269,73.66197204589844,28900,0.0,0.0
2017-09-05 00:00:00-04:00,73.7082333171979,74.494823206081,73.19925965131587,73.47688293457031,42100,0.0,0.0
2017-09-06 00:00:00-04:00,73.70822981399031,73.70822981399031,72.36639342237318,72.41266632080078,36000,0.0,0.0
2017-09-07 00:00:00-04:00,72.41267640044573,73.01418886246829,72.08878724712713,72.27386474609375,63400,0.0,0.0
2017-09-08 00:00:00-04:00,72.27386959747024,73.19927127492889,71.90370751443588,72.82910919189453,46600,0.0,0.0
2017-09-11 00:00:00-04:00,73.19926939202608,73.93959353905147,73.19926939202608,73.75450897216797,43200,0.0,0.0
2017-09-12 00:00:00-04:00,73.80078813739485,73.80078813739485,72.32014677803728,72.59776306152344,25400,0.0,0.0
2017-09-13 00:00:00-04:00,72.50520843906241,72.92164336357438,72.27385805664024,72.6440200805664,55000,0.0,0.0
2017-09-14 00:00:00-04:00,72.52787845090513,73.45712733770927,72.38848969996323,73.36419677734375,39100,0.325,0.0
2017-09-15 00:00:00-04:00,73.3641823589071,75.5479224854063,73.27125890641044,75.50145721435547,145900,0.0,0.0
2017-09-18 00:00:00-04:00,75.45500211433638,76.15193873641316,73.22481059537546,73.45712280273438,76900,0.0,0.0
2017-09-19 00:00:00-04:00,73.68941714970926,73.68941714970926,71.50567725813195,71.92384338378906,49300,0.0,0.0
2017-09-20 00:00:00-04:00,72.01679540050908,73.08543313727675,71.8774066366512,72.66726684570312,85700,0.0,0.0
2017-09-21 00:00:00-04:00,72.7601909236472,73.31773883973209,72.48141342080156,73.22481536865234,43900,0.0,0.0
2017-09-22 00:00:00-04:00,73.27126878308367,73.59650445546498,72.85310964568,73.45712280273438,125700,0.0,0.0
2017-09-25 00:00:00-04:00,73.50358192116445,74.57221950646806,73.23409890646312,74.15406036376953,42800,0.0,0.0
2017-09-26 00:00:00-04:00,74.06113072828283,75.40854581853309,74.06113072828283,74.85099792480469,52400,0.0,0.0
2017-09-27 00:00:00-04:00,74.525752363008,75.31561952994232,73.87528102629179,74.89745330810547,61600,0.0,0.0
2017-09-28 00:00:00-04:00,74.75805520069747,74.75805520069747,73.50357087157896,73.64295959472656,53000,0.0,0.0
2017-09-29 00:00:00-04:00,73.55002445722974,73.59648263116127,72.62077590335345,72.71369934082031,77600,0.0,0.0
2017-10-02 00:00:00-04:00,72.853112181787,73.82881923289649,72.620799966341,73.550048828125,68200,0.0,0.0
2017-10-03 00:00:00-04:00,73.82881038307976,74.99037132107412,73.6894287422047,74.57221221923828,91300,0.0,0.0
2017-10-04 00:00:00-04:00,74.57220090347788,74.85097832213633,73.6894175603999,73.78234100341797,54100,0.0,0.0
2017-10-05 00:00:00-04:00,73.87527395472704,73.87527395472704,72.99249049802835,73.3177261352539,53000,0.0,0.0
2017-10-06 00:00:00-04:00,72.29556341992642,73.50358267206647,72.15617467440093,73.13188171386719,61200,0.0,0.0
2017-10-09 00:00:00-04:00,73.22482102669669,74.15406998850956,73.22482102669669,73.96821594238281,42100,0.0,0.0
2017-10-10 00:00:00-04:00,74.10758715254048,74.33989933797163,73.5964975087498,74.01466369628906,43100,0.0,0.0
2017-10-11 00:00:00-04:00,73.92174340708323,74.94391564885244,73.92174340708323,74.38636779785156,33900,0.0,0.0
2017-10-12 00:00:00-04:00,74.29344663923077,75.7802505493164,74.29344663923077,75.7802505493164,43700,0.0,0.0
2017-10-13 00:00:00-04:00,75.91962366436624,76.15193586295929,74.99966934302735,75.36207580566406,36500,0.0,0.0
2017-10-16 00:00:00-04:00,75.1762381622627,75.5014738625184,74.38637800746844,74.75807189941406,31900,0.0,0.0
2017-10-17 00:00:00-04:00,74.71159212920637,75.640840769894,74.71159212920637,75.31560516357422,26900,0.0,0.0
2017-10-18 00:00:00-04:00,75.40854735502654,76.27274908927632,74.93462844537827,76.10548400878906,49000,0.0,0.0
2017-10-19 00:00:00-04:00,75.96609438868082,76.3377953510115,75.59439342635012,75.68731689453125,42500,0.0,0.0
2017-10-20 00:00:00-04:00,75.8731708780055,75.91962906726695,74.57222105537981,75.4085464477539,25800,0.0,0.0
2017-10-23 00:00:00-04:00,75.50145908036838,75.50145908036838,74.80452253501113,75.03683471679688,25300,0.0,0.0
2017-10-24 00:00:00-04:00,75.12975746085215,75.26914618652599,74.20050874249998,74.47928619384766,35000,0.0,0.0
2017-10-25 00:00:00-04:00,74.24697906269995,74.57221471831666,73.4571190163149,74.38636779785156,51600,0.0,0.0
2017-10-26 00:00:00-04:00,74.7115983734357,75.59438182002823,74.06112001682612,74.47928619384766,35600,0.0,0.0
2017-10-27 00:00:00-04:00,74.61868414320794,75.87316865013038,74.20051791449649,75.73377990722656,35400,0.0,0.0
2017-10-30 00:00:00-04:00,75.82669915547004,76.15193481108675,74.01466686731578,74.38636779785156,36800,0.0,0.0
2017-10-31 00:00:00-04:00,74.33990821995009,75.50146928588681,74.33990821995009,74.85099792480469,68200,0.0,0.0
2017-11-01 00:00:00-04:00,75.26914744903713,75.26914744903713,73.03894906966315,73.73588562011719,46700,0.0,0.0
2017-11-02 00:00:00-04:00,74.01466214455479,75.50145868222214,74.01466214455479,74.6186752319336,51000,0.0,0.0
2017-11-03 00:00:00-04:00,74.99037611618405,75.0647177224746,74.10759258270264,74.33990478515625,43800,0.0,0.0
2017-11-06 00:00:00-05:00,74.3399095684757,74.75806872395589,73.9403322709609,74.10759735107422,34700,0.0,0.0
2017-11-07 00:00:00-05:00,73.82881322144588,75.0089631499983,73.82881322144588,74.80452728271484,46700,0.0,0.0
2017-11-08 00:00:00-05:00,74.43282092208801,75.17622273261179,73.59649565765004,74.47928619384766,36500,0.0,0.0
2017-11-09 00:00:00-05:00,73.82882103507094,75.26915964183753,73.29914945450894,74.94392395019531,51300,0.0,0.0
2017-11-10 00:00:00-05:00,74.94392593499342,75.22269635395264,74.01467702591627,74.75807189941406,55200,0.0,0.0
2017-11-13 00:00:00-05:00,74.66513310167606,74.75805655559026,74.06112001682612,74.47928619384766,24100,0.0,0.0
2017-11-14 00:00:00-05:00,74.20052098599565,76.10548400878906,74.20052098599565,76.10548400878906,49600,0.0,0.0
2017-11-15 00:00:00-05:00,75.82670496642787,76.05901717961521,74.71160917897106,74.85099792480469,26500,0.0,0.0
2017-11-16 00:00:00-05:00,74.80452889629737,76.38424903093588,74.80452889629737,76.05901336669922,47500,0.0,0.0
2017-11-17 00:00:00-05:00,75.64086179654507,75.87317402129514,74.75807108873092,75.7802505493164,37500,0.0,0.0
2017-11-20 00:00:00-05:00,75.87316162400798,76.0125503540039,75.26914852042916,76.0125503540039,30000,0.0,0.0
2017-11-21 00:00:00-05:00,76.19839708840786,78.05689457836903,76.05900835873972,77.73165893554688,52200,0.0,0.0
2017-11-22 00:00:00-05:00,77.91752228255838,78.38214675304425,76.6165723472766,76.84888458251953,53000,0.0,0.0
2017-11-24 00:00:00-05:00,77.03471017006407,77.31348049562176,76.24485027991106,76.52362060546875,24800,0.0,0.0
2017-11-27 00:00:00-05:00,76.6630233211731,77.77811900636615,75.68730927942508,77.26703643798828,34000,0.0,0.0
2017-11-28 00:00:00-05:00,77.45289782848147,79.03262528223216,77.45289782848147,78.84677124023438,35500,0.0,0.0
2017-11-29 00:00:00-05:00,78.8467692787671,80.24064265584468,77.65733179799795,79.31139373779297,45600,0.0,0.0
2017-11-30 00:00:00-05:00,79.54370397955188,79.91540495540528,78.66092036530567,79.49724578857422,44200,0.0,0.0
2017-12-01 00:00:00-05:00,79.49725488097074,79.91541409562822,77.45290282476009,78.75385284423828,65500,0.0,0.0
2017-12-04 00:00:00-05:00,78.93969098476627,79.72955821910615,77.73167167211707,77.91751861572266,59600,0.0,0.0
2017-12-05 00:00:00-05:00,77.87104477418389,78.66090476017207,76.66301861471604,77.49934387207031,52400,0.0,0.0
2017-12-06 00:00:00-05:00,77.49936052105917,77.96398497611396,76.70950036538736,76.7559585571289,30800,0.0,0.0
2017-12-07 00:00:00-05:00,76.89532146248315,77.29489864309292,76.05899630660178,76.52362060546875,59000,0.0,0.0
2017-12-08 00:00:00-05:00,76.4771878547278,77.22058272629934,76.04972711880616,76.61656951904297,38100,0.0,0.0
2017-12-11 00:00:00-05:00,76.6165723472766,76.94181514830214,75.9196356415478,76.84888458251953,30800,0.0,0.0
2017-12-12 00:00:00-05:00,76.84888688743847,76.84888688743847,74.43284098636917,74.52576446533203,49300,0.0,0.0
2017-12-13 00:00:00-05:00,74.57224090265137,76.24489213257276,74.57224090265137,75.45502471923828,59500,0.0,0.0
2017-12-14 00:00:00-05:00,75.24509536966832,75.94483275912322,73.93891748573317,74.59200286865234,34800,0.325,0.0
2017-12-15 00:00:00-05:00,74.59198708756769,76.59790193657552,73.93890184281878,76.17806243896484,115900,0.0,0.0
2017-12-18 00:00:00-05:00,76.17806654347736,76.50460918344609,74.35874534691604,74.68529510498047,36400,0.0,0.0
2017-12-19 00:00:00-05:00,74.77859115166946,74.77859115166946,72.30618470273114,72.5860824584961,44300,0.0,0.0
2017-12-20 00:00:00-05:00,72.81933677917064,73.50974230832823,71.23326117347248,71.46650695800781,39800,0.0,0.0
2017-12-21 00:00:00-05:00,71.37320199164158,72.16623614570736,70.02037944165265,70.3002700805664,53900,0.0,0.0
2017-12-22 00:00:00-05:00,70.58016715929438,72.3994812080848,69.97372677033238,71.6530990600586,46900,0.0,0.0
2017-12-26 00:00:00-05:00,71.55979804243435,72.4927811048812,71.27990739455782,71.74639892578125,38100,0.0,0.0
2017-12-27 00:00:00-05:00,72.1662400164347,73.23917198505794,72.1662400164347,72.72602844238281,42300,0.0,0.0
2017-12-28 00:00:00-05:00,72.6794023302782,73.51908874511719,71.93301282417734,73.51908874511719,26400,0.0,0.0
2017-12-29 00:00:00-05:00,73.75231920126032,74.12550675841646,73.05258185444796,73.28582763671875,48400,0.0,0.0
2018-01-02 00:00:00-05:00,73.65902566865753,73.65902566865753,71.65311735035296,72.21290588378906,45100,0.0,0.0
2018-01-03 00:00:00-05:00,71.51314989955607,72.8379840794823,70.58016687964822,70.95336151123047,38900,0.0,0.0
2018-01-04 00:00:00-05:00,71.18660726620743,71.60644677792774,70.25362424629958,70.95336151123047,79000,0.0,0.0
2018-01-05 00:00:00-05:00,70.9067153930664,71.1399611673857,70.23496642413144,70.9067153930664,51700,0.0,0.0
2018-01-08 00:00:00-05:00,70.76676177978516,71.12129988865964,70.20697338241493,70.76676177978516,54400,0.0,0.0
2018-01-09 00:00:00-05:00,70.67346453208062,71.37320180467547,69.69382950320956,69.83377838134766,53100,0.0,0.0
2018-01-10 00:00:00-05:00,68.48095064290703,68.99408699971495,67.2680699484609,68.52759552001953,119900,0.0,0.0
2018-01-11 00:00:00-05:00,68.4809752757448,68.99411181712965,68.01448362825076,68.8075180053711,112600,0.0,0.0
2018-01-12 00:00:00-05:00,68.6209210923711,69.04076070890254,67.59463381978794,67.78123474121094,54100,0.0,0.0
2018-01-16 00:00:00-05:00,67.92117094915601,68.20106160179533,66.61499321588455,66.70829010009766,59300,0.0,0.0
2018-01-17 00:00:00-05:00,66.98818320996477,67.3800343672534,66.61498858098228,66.80158233642578,88200,0.0,0.0
2018-01-18 00:00:00-05:00,66.7549257332697,66.7549257332697,64.3291646299378,64.8423080444336,111700,0.0,0.0
2018-01-19 00:00:00-05:00,64.65574001403938,65.24351688031352,64.3758422007105,64.4691390991211,93200,0.0,0.0
2018-01-22 00:00:00-05:00,64.60909583124989,67.08150308812309,64.60909583124989,67.03485107421875,110200,0.0,0.0
2018-01-23 00:00:00-05:00,67.82785348691793,71.51314018583403,67.69723645132035,70.4402084350586,220500,0.0,0.0
2018-01-24 00:00:00-05:00,70.34691888285819,71.41985074517918,69.6471816402265,69.740478515625,470600,0.0,0.0
2018-01-25 00:00:00-05:00,69.83377865484051,70.62681280993469,68.43430410416998,70.53351593017578,59700,0.0,0.0
2018-01-26 00:00:00-05:00,70.53351263365518,70.53351263365518,68.80749552544941,69.740478515625,39100,0.0,0.0
2018-01-29 00:00:00-05:00,69.60053492440757,69.60053492440757,67.17478038951643,68.06111145019531,75100,0.0,0.0
2018-01-30 00:00:00-05:00,67.92118199471506,68.71421631663621,67.68793618720312,68.2010726928711,80400,0.0,0.0
2018-01-31 00:00:00-05:00,68.57427215576172,68.66756906160582,67.59463684915464,68.57427215576172,44900,0.0,0.0
2018-02-01 00:00:00-05:00,68.76084874591945,68.80750074620606,67.45467815504443,68.06111145019531,57500,0.0,0.0
2018-02-02 00:00:00-05:00,67.59461212158203,68.15440758805657,67.37069820584924,67.59461212158203,31800,0.0,0.0
2018-02-05 00:00:00-05:00,67.54797887761515,67.9678184316791,65.16886908966269,65.40211486816406,49800,0.0,0.0
2018-02-06 00:00:00-05:00,64.46913444377563,65.44876960158972,63.0230148275936,64.56243133544922,104600,0.0,0.0
2018-02-07 00:00:00-05:00,64.3758422007105,64.88898581911441,63.862698582306585,64.4691390991211,60300,0.0,0.0
2018-02-08 00:00:00-05:00,64.37583051291298,65.21551668235276,63.67609322472915,63.76939010620117,54000,0.0,0.0
2018-02-09 00:00:00-05:00,64.09592688701228,66.36307577805674,63.582790526809134,65.77529907226562,83600,0.0,0.0
2018-02-12 00:00:00-05:00,65.96190316848441,66.47504672730209,64.18924095023335,64.93562316894531,158000,0.0,0.0
2018-02-13 00:00:00-05:00,64.74902334408827,64.79566822447046,63.816040319297656,64.51577758789062,42900,0.0,0.0
2018-02-14 00:00:00-05:00,64.04928946011084,64.60907788094751,63.20960326980786,63.349552154541016,59400,0.0,0.0
2018-02-15 00:00:00-05:00,63.76939573086668,64.37583619106849,63.30290416426473,64.0492935180664,31900,0.0,0.0
2018-02-16 00:00:00-05:00,64.04929053770353,64.37583319551082,63.25625633500124,63.95599365234375,35700,0.0,0.0
2018-02-20 00:00:00-05:00,63.62944670455271,64.79567561862513,62.369920900973774,63.582801818847656,58600,0.0,0.0
2018-02-21 00:00:00-05:00,63.676099752669614,64.14259132594924,62.883065501713546,62.929710388183594,36900,0.0,0.0
2018-02-22 00:00:00-05:00,63.06965264489472,63.76938993115782,62.929703764022946,63.30289840698242,58300,0.0,0.0
2018-02-23 00:00:00-05:00,63.58278543870036,64.70236206054688,63.44283658144591,64.70236206054688,25500,0.0,0.0
2018-02-26 00:00:00-05:00,64.9356152392449,65.07556411256841,63.6294376183843,64.23587799072266,27600,0.0,0.0
2018-02-27 00:00:00-05:00,64.46912427357293,65.16886152788399,63.34954751391342,63.44284439086914,36000,0.0,0.0
2018-02-28 00:00:00-05:00,63.02300522511379,63.48949673050147,61.90342134132607,62.183319091796875,54800,0.0,0.0
2018-03-01 00:00:00-05:00,62.97636737026027,64.70238490419614,62.97636737026027,64.4691390991211,58600,0.0,0.0
2018-03-02 00:00:00-05:00,64.37582967579363,64.74902431492461,63.25625287649637,63.86268615722656,54600,0.0,0.0
2018-03-05 00:00:00-05:00,63.72273147219906,65.12220574653935,63.349536908756136,64.8423080444336,46500,0.0,0.0
2018-03-06 00:00:00-05:00,65.07556704616705,65.07556704616705,63.53614360640203,64.09593200683594,37800,0.0,0.0
2018-03-07 00:00:00-05:00,63.95598001868073,65.02890464874423,63.90932802689772,64.70236206054688,42900,0.0,0.0
2018-03-08 00:00:00-05:00,64.79565892601832,65.47673956833957,64.28252260687808,64.70236206054688,40600,0.0,0.0
2018-03-09 00:00:00-05:00,64.88894972667852,65.5420347703918,64.42245837599957,65.21549224853516,37100,0.0,0.0
2018-03-12 00:00:00-04:00,65.44876708231924,66.14850442008152,64.74902974455694,66.10185241699219,39700,0.0,0.0
2018-03-13 00:00:00-04:00,66.38174410950623,66.5216929878391,64.74902380451252,65.6820068359375,43800,0.0,0.0
2018-03-14 00:00:00-04:00,65.93977355957031,66.64275623536767,65.6585847799171,65.93977355957031,32900,0.325,0.0
2018-03-15 00:00:00-04:00,65.75233868916669,66.3147236075596,65.2836833986539,65.89293670654297,29400,0.0,0.0
2018-03-16 00:00:00-04:00,65.79916615532517,67.01767214569023,65.14305194581078,66.92394256591797,186200,0.0,0.0
2018-03-19 00:00:00-04:00,66.8770888184264,70.01707690933924,66.03350811386964,69.64215850830078,142500,0.0,0.0
2018-03-20 00:00:00-04:00,70.20454370998456,70.34514168682828,67.29888317669172,67.53321075439453,61100,0.0,0.0
2018-03-21 00:00:00-04:00,68.0487127624866,68.32990865678423,67.1582710157252,67.486328125,42700,0.0,0.0
2018-03-22 00:00:00-04:00,67.76753583043998,69.26723084215429,66.64275920832183,68.51737976074219,73700,0.0,0.0
2018-03-23 00:00:00-04:00,68.51736162214657,68.6579595565796,65.42424282016,65.61170196533203,93500,0.0,0.0
2018-03-26 00:00:00-04:00,66.22098027987604,66.34282805580109,65.18994028427201,66.12725067138672,89200,0.0,0.0
2018-03-27 00:00:00-04:00,65.93976667634436,65.93976667634436,62.89350873254423,64.11201477050781,238300,0.0,0.0
2018-03-28 00:00:00-04:00,64.34633388621997,66.45528141755275,64.11200638273854,65.6585693359375,409800,0.0,0.0
2018-03-29 00:00:00-04:00,66.12723989711536,67.53320524871008,65.51798681453573,65.93977355957031,180700,0.0,0.0
2018-04-02 00:00:00-04:00,65.93977352682977,66.26783067848372,64.81500410655629,65.04933166503906,71700,0.0,0.0
2018-04-03 00:00:00-04:00,65.56483938773768,67.3457300284175,65.36800512260956,66.59588623046875,75000,0.0,0.0
2018-04-04 00:00:00-04:00,66.4552850263893,67.90811133620473,66.36155545012835,67.62692260742188,69200,0.0,0.0
2018-04-05 00:00:00-04:00,67.90811298728623,68.56423433928202,67.20513042157475,68.47050476074219,53600,0.0,0.0
2018-04-06 00:00:00-04:00,68.47051406004059,69.03289875876816,68.23618650631164,68.70484161376953,97700,0.0,0.0
2018-04-09 00:00:00-04:00,68.93916656550417,69.92333796335414,68.4236431063143,69.40782165527344,64600,0.0,0.0
2018-04-10 00:00:00-04:00,69.59528083073748,69.82960837562213,68.56424106346691,69.40782165527344,46200,0.0,0.0
2018-04-11 00:00:00-04:00,69.22037256178464,69.97022375254188,68.79858573642802,69.31410217285156,45400,0.0,0.0
2018-04-12 00:00:00-04:00,69.6421502030225,69.73587979210424,69.07975836631346,69.36095428466797,121600,0.0,0.0
2018-04-13 00:00:00-04:00,69.54842175693105,69.82961770882001,69.17350335589259,69.64215850830078,44000,0.0,0.0
2018-04-16 00:00:00-04:00,69.78273997390106,71.235573611957,69.78273997390106,70.90751647949219,29900,0.0,0.0
2018-04-17 00:00:00-04:00,71.04811096191406,71.65735682764912,70.20453041175399,71.04811096191406,34700,0.0,0.0
2018-04-18 00:00:00-04:00,71.09497327239183,71.51676712951962,70.2045314925258,70.3919906616211,66300,0.0,0.0
2018-04-19 00:00:00-04:00,70.20452463542061,70.34512257406388,69.73586960734852,70.06392669677734,36300,0.0,0.0
2018-04-20 00:00:00-04:00,69.78273081949081,70.34512257406388,69.78273081949081,70.06392669677734,33200,0.0,0.0
2018-04-23 00:00:00-04:00,70.06393086159291,70.57945428355978,69.97020128062856,70.20452880859375,39900,0.0,0.0
2018-04-24 00:00:00-04:00,70.29826343285231,71.09497565486947,70.06393588807613,70.90751647949219,43100,0.0,0.0
2018-04-25 00:00:00-04:00,70.95436738508249,70.95436738508249,69.87646655666443,70.11079406738281,93800,0.0,0.0
2018-04-26 00:00:00-04:00,70.34511083044592,71.2355523746867,70.2513741195936,71.1418228149414,18400,0.0,0.0
2018-04-27 00:00:00-04:00,71.18870021030307,72.07914910817311,71.09497062924008,71.7042236328125,21000,0.0,0.0
2018-04-30 00:00:00-04:00,71.75109626812474,72.12601461468454,71.1887044460669,71.2355728149414,35800,0.0,0.0
2018-05-01 00:00:00-04:00,71.14183489373511,71.14183489373511,70.53258192528837,70.9543685913086,46100,0.0,0.0
2018-05-02 00:00:00-04:00,70.67318401234887,71.094970703125,70.39198811775901,71.094970703125,41400,0.0,0.0
2018-05-03 00:00:00-04:00,70.9075098445055,71.09496900234177,70.25138848986157,70.86064147949219,30000,0.0,0.0
2018-05-04 00:00:00-04:00,70.9543855031769,71.6573682148376,70.8887740694663,71.18871307373047,36500,0.0,0.0
2018-05-07 00:00:00-04:00,71.32929971122822,71.32929971122822,70.81378342859787,71.04811096191406,30100,0.0,0.0
2018-05-08 00:00:00-04:00,71.00124527278699,71.77921442900582,70.48572181960365,71.2355728149414,76500,0.0,0.0
2018-05-09 00:00:00-04:00,71.42302362071251,71.79794907445728,69.40781271516228,70.9543685913086,56300,0.0,0.0
2018-05-10 00:00:00-04:00,71.23557025524227,72.24786691724077,71.2168271990314,71.93855285644531,44400,0.0,0.0
2018-05-11 00:00:00-04:00,71.98542052714802,71.98542052714802,71.46989709747682,71.65735626220703,35600,0.0,0.0
2018-05-14 00:00:00-04:00,72.03227821212415,72.54780161652705,71.6573527499319,72.4072036743164,40800,0.0,0.0
2018-05-15 00:00:00-04:00,72.21975292684125,72.50094169289109,71.79795905110267,72.07915496826172,36700,0.0,0.0
2018-05-16 00:00:00-04:00,72.17287868923611,72.36033785136209,71.47927120803959,71.7042236328125,39800,0.0,0.0
2018-05-17 00:00:00-04:00,71.7042236328125,72.12601032315028,71.3761665235377,71.7042236328125,48600,0.0,0.0
2018-05-18 00:00:00-04:00,72.17288904989863,72.40721661174895,71.46990636434766,71.89169311523438,45600,0.0,0.0
2018-05-21 00:00:00-04:00,71.93855285644531,72.03228243971729,70.76691518777356,71.93855285644531,60000,0.0,0.0
2018-05-22 00:00:00-04:00,71.93855285644531,72.44470118744456,71.79795490598295,71.93855285644531,43900,0.0,0.0
2018-05-23 00:00:00-04:00,72.07915080690769,72.24786691724077,71.65735695552057,71.93855285644531,88800,0.0,0.0
2018-05-24 00:00:00-04:00,71.98542301225805,72.26661176906069,71.51676793314468,71.56362915039062,151000,0.0,0.0
2018-05-25 00:00:00-04:00,71.84483983896332,73.67259216308594,71.70424185608223,73.67259216308594,40000,0.0,0.0
2018-05-29 00:00:00-04:00,73.48511427744396,74.42242439029117,73.01645922102034,73.81317138671875,40500,0.0,0.0
2018-05-30 00:00:00-04:00,74.04750043752628,75.64092480168776,74.04750043752628,75.26600646972656,40000,0.0,0.0
2018-05-31 00:00:00-04:00,75.35974652722514,75.82840165842542,74.6098954568608,74.84422302246094,42100,0.0,0.0
2018-06-01 00:00:00-04:00,74.98481245070978,74.98481245070978,73.71944517082585,74.28182983398438,32200,0.0,0.0
2018-06-04 00:00:00-04:00,74.28182983398438,74.65675532645972,73.71944517082585,74.28182983398438,32100,0.0,0.0
2018-06-05 00:00:00-04:00,74.28183142564482,74.28183142564482,73.39138961915646,73.62571716308594,30000,0.0,0.0
2018-06-06 00:00:00-04:00,73.4382390773397,73.4382390773397,72.3134699070353,72.8758544921875,45100,0.0,0.0
2018-06-07 00:00:00-04:00,72.8290048650064,73.06333243169061,72.1260221649538,72.73527526855469,43200,0.0,0.0
2018-06-08 00:00:00-04:00,72.73526261392225,72.92272892531972,71.37616582405629,71.42302703857422,41000,0.0,0.0
2018-06-11 00:00:00-04:00,71.28244311347699,72.3603441156795,70.01706863070142,70.25139617919922,35000,0.0,0.0
2018-06-12 00:00:00-04:00,70.01704651513828,70.29824234496093,69.40780080236756,69.9233169555664,68600,0.0,0.0
2018-06-13 00:00:00-04:00,69.829609381186,70.20453488862228,68.93916755824546,69.36095428466797,56300,0.0,0.0
2018-06-14 00:00:00-04:00,69.33269652510708,70.93413543701172,69.33269652510708,70.93413543701172,36300,0.37,0.0
2018-06-15 00:00:00-04:00,70.74571808911088,71.54643385007148,70.41601244483817,71.26383209228516,67400,0.0,0.0
2018-06-18 00:00:00-04:00,71.2638346840115,72.6768650854643,71.2638346840115,72.53556060791016,42200,0.0,0.0
2018-06-19 00:00:00-04:00,72.58266887540296,73.57178590387197,72.58266887540296,73.3362808227539,43400,0.0,0.0
2018-06-20 00:00:00-04:00,73.38339091463612,73.85440111667224,72.53557111356206,73.71309661865234,42900,0.0,0.0
2018-06-21 00:00:00-04:00,73.71309661865234,74.37250802668478,73.38339091463612,73.71309661865234,30000,0.0,0.0
2018-06-22 00:00:00-04:00,74.04280610270291,74.70222473144531,73.71310038185456,74.70222473144531,110600,0.0,0.0
2018-06-25 00:00:00-04:00,74.37248057242104,75.26740393815996,74.04277499011414,74.84349060058594,34300,0.0,0.0
2018-06-26 00:00:00-04:00,74.79641676340901,75.59713261853278,74.37250329631182,74.9377212524414,61000,0.0,0.0
2018-06-27 00:00:00-04:00,74.8906021118164,74.93770599425126,73.71307692137904,74.8906021118164,40200,0.0,0.0
2018-06-28 00:00:00-04:00,74.89061505398631,76.0681404479169,74.79641445988078,75.45582580566406,41100,0.0,0.0
2018-06-29 00:00:00-04:00,75.40872193234922,75.59712310264727,74.66452509169721,75.31451416015625,34000,0.0,0.0
2018-07-02 00:00:00-04:00,74.51379183693085,77.19854780574049,74.51379183693085,77.15145111083984,43900,0.0,0.0
2018-07-03 00:00:00-04:00,77.62246479932129,78.84708672945537,77.62246479932129,78.23477935791016,26100,0.0,0.0
2018-07-05 00:00:00-04:00,78.98839076770376,80.44852492359365,78.1405711670917,80.30722045898438,47400,0.0,0.0
2018-07-06 00:00:00-04:00,80.54272371964969,80.96662991704099,80.1188175222584,80.77822875976562,42500,0.0,0.0
2018-07-09 00:00:00-04:00,80.9195350142622,80.9195350142622,79.20505857171048,80.30722045898438,123800,0.0,0.0
2018-07-10 00:00:00-04:00,80.16591865569451,82.19126355021459,79.74201243483759,81.57894897460938,75300,0.0,0.0
2018-07-11 00:00:00-04:00,81.4376449546241,81.90865506352776,81.20213990017228,81.48474884033203,46600,0.0,0.0
2018-07-12 00:00:00-04:00,81.67316865596966,81.67316865596966,80.26013800664808,80.68405151367188,31900,0.0,0.0
2018-07-13 00:00:00-04:00,80.82534792020704,81.29635808946921,80.26012996745658,80.73114013671875,83700,0.0,0.0
2018-07-16 00:00:00-04:00,80.9006992056212,80.9006992056212,79.4594093245373,80.02462005615234,63300,0.0,0.0
2018-07-17 00:00:00-04:00,80.02461605985896,80.21302441901811,78.94129853963099,79.08259582519531,37400,0.0,0.0
2018-07-18 00:00:00-04:00,79.1768063445472,79.27100693387212,77.95217712219055,78.42318725585938,26100,0.0,0.0
2018-07-19 00:00:00-04:00,78.23477407514403,79.88330929008168,78.14056631322735,79.60070037841797,41500,0.0,0.0
2018-07-20 00:00:00-04:00,79.50650923828306,79.55360593778701,78.51738511712756,79.12969970703125,39400,0.0,0.0
2018-07-23 00:00:00-04:00,79.08259627751431,79.20506350842922,78.42318498429582,78.98839569091797,23800,0.0,0.0
2018-07-24 00:00:00-04:00,79.17681981854196,79.17681981854196,77.5753807793149,78.89421081542969,23200,0.0,0.0
2018-07-25 00:00:00-04:00,78.89418837249224,79.12969341241012,78.328977714098,78.75288391113281,20500,0.0,0.0
2018-07-26 00:00:00-04:00,78.98840101068275,79.78911683124495,78.9413043077347,79.5536117553711,27100,0.0,0.0
2018-07-27 00:00:00-04:00,79.45940764587002,79.58187487961303,77.52827042139565,78.56449127197266,57600,0.0,0.0
2018-07-30 00:00:00-04:00,78.42319678746203,78.98840757915183,77.76378539499814,77.90508270263672,23300,0.0,0.0
2018-07-31 00:00:00-04:00,77.99927875109023,79.41230911116763,77.66956591743691,78.98839569091797,45600,0.0,0.0
2018-08-01 00:00:00-04:00,78.94129495447444,79.12969611803324,77.48116078224088,78.04637145996094,34900,0.0,0.0
2018-08-02 00:00:00-04:00,77.85797607561867,78.89419692619568,77.4811665334877,78.56449127197266,22800,0.0,0.0
2018-08-03 00:00:00-04:00,77.85797119452522,78.75288751231824,77.27391608148575,77.81086730957031,26200,0.0,0.0
2018-08-06 00:00:00-04:00,77.66958139882057,79.17681983296664,77.66958139882057,78.84710693359375,18900,0.0,0.0
2018-08-07 00:00:00-04:00,78.799988239013,78.799988239013,77.90506477004425,78.65868377685547,30600,0.0,0.0
2018-08-08 00:00:00-04:00,78.70579528808594,78.98839705274727,77.9992800958663,78.70579528808594,68400,0.0,0.0
2018-08-09 00:00:00-04:00,76.72755619364986,77.99928944165829,75.83263971776138,76.30364990234375,39600,0.0,0.0
2018-08-10 00:00:00-04:00,75.78552734369305,77.57536728222273,75.78552734369305,76.4920425415039,28400,0.0,0.0
2018-08-13 00:00:00-04:00,76.63335186548129,77.48117159388717,76.49204737957287,77.19856262207031,31600,0.0,0.0
2018-08-14 00:00:00-04:00,77.24566852423459,78.70580293823015,77.05726732948125,78.6115951538086,37300,0.0,0.0
2018-08-15 00:00:00-04:00,78.70579347627547,79.50650923828306,78.6115857031795,79.12969970703125,36300,0.0,0.0
2018-08-16 00:00:00-04:00,79.45941409763832,80.96664520149878,79.082604524912,80.82534790039062,41000,0.0,0.0
2018-08-17 00:00:00-04:00,80.73114153885165,81.2021517162943,80.07173016524992,80.40143585205078,49900,0.0,0.0
2018-08-20 00:00:00-04:00,80.35433198326922,80.61809650919636,79.74201736977015,80.26012420654297,64500,0.0,0.0
2018-08-21 00:00:00-04:00,80.4485181574511,80.96662490138482,79.7702625340063,80.07170867919922,26900,0.0,0.0
2018-08-22 00:00:00-04:00,80.02460655887037,80.02460655887037,78.94128916726018,79.60070037841797,57000,0.0,0.0
2018-08-23 00:00:00-04:00,79.64781234370956,80.44852809197268,79.41230728910018,79.50650787353516,19100,0.0,0.0
2018-08-24 00:00:00-04:00,79.69490904632016,79.69490904632016,78.70579212913853,79.45940399169922,40000,0.0,0.0
2018-08-27 00:00:00-04:00,79.74201292814453,79.74201292814453,78.84708940840255,79.50650787353516,31400,0.0,0.0
2018-08-28 00:00:00-04:00,79.69492675603954,80.1659369699488,78.65870572284824,78.84710693359375,18900,0.0,0.0
2018-08-29 00:00:00-04:00,78.75288882396758,79.6949090424051,78.75288882396758,79.50650787353516,19400,0.0,0.0
2018-08-30 00:00:00-04:00,79.55362268198728,80.87245272542987,79.55362268198728,80.68405151367188,32100,0.0,0.0
2018-08-31 00:00:00-04:00,80.7782506942749,81.10795640255674,80.26013659051387,81.01375579833984,37400,0.0,0.0
2018-09-04 00:00:00-04:00,80.91953859454632,82.47387339993271,80.58983295389925,81.39054870605469,58700,0.0,0.0
2018-09-05 00:00:00-04:00,81.43764937571396,83.08618484637249,81.0137431295052,82.28546905517578,61800,0.0,0.0
2018-09-06 00:00:00-04:00,82.33257066885335,83.08618255096505,81.90865724731167,82.85067749023438,33000,0.0,0.0
2018-09-07 00:00:00-04:00,82.6622853139337,82.85068650820733,82.04997065197706,82.56808471679688,47400,0.0,0.0
2018-09-10 00:00:00-04:00,82.56807801067781,82.56807801067781,81.39055267449315,82.28546905517578,21800,0.0,0.0
2018-09-11 00:00:00-04:00,82.09706787620395,82.61517471189863,81.57895385346498,82.28546905517578,29600,0.0,0.0
2018-09-12 00:00:00-04:00,82.23836517565748,82.70937526901854,81.90865236066982,82.1912612915039,31200,0.0,0.0
2018-09-13 00:00:00-04:00,82.54131153293874,83.77115631103516,82.02099092274723,83.77115631103516,33500,0.37,0.0
2018-09-14 00:00:00-04:00,83.771151868683,84.1968634597894,83.06162773840387,84.00765991210938,51300,0.0,0.0
2018-09-17 00:00:00-04:00,83.96034325493706,85.14288330078125,83.77113973466265,85.14288330078125,68200,0.0,0.0
2018-09-18 00:00:00-04:00,85.23749195071012,85.99432052828591,84.85907766192223,85.7578125,27300,0.0,0.0
2018-09-19 00:00:00-04:00,85.66320695562221,85.80510599221613,83.10891603215292,83.5819320678711,57600,0.0,0.0
2018-09-20 00:00:00-04:00,83.62922727241194,84.10224325560696,82.58859355291308,83.91303253173828,25700,0.0,0.0
2018-09-21 00:00:00-04:00,83.72383537574916,84.29145315510527,83.27919916299719,84.24415588378906,199600,0.0,0.0
2018-09-24 00:00:00-04:00,81.92639268734627,82.44671332004252,79.08829589297407,79.37210845947266,68800,0.0,0.0
2018-09-25 00:00:00-04:00,79.37208342006053,80.31811538640774,79.23017718157823,79.56128692626953,46500,0.0,0.0
2018-09-26 00:00:00-04:00,79.41939646324994,79.70320899658961,77.85844918283935,77.90574645996094,46300,0.0,0.0
2018-09-27 00:00:00-04:00,77.95304261211093,78.94637193718745,77.95304261211093,78.52066040039062,38300,0.0,0.0
2018-09-28 00:00:00-04:00,78.37877169438103,79.75052280891963,78.23686541113175,79.37210845947266,59200,0.0,0.0
2018-10-01 00:00:00-04:00,79.5612968228809,79.80726718566969,77.08269738203553,77.21514129638672,57700,0.0,0.0
2018-10-02 00:00:00-04:00,77.34758729839844,78.3882211753817,77.0164775035836,77.52732849121094,50400,0.0,0.0
2018-10-03 00:00:00-04:00,77.64086096442914,78.70041960766669,76.62860681739923,78.03819274902344,38500,0.0,0.0
2018-10-04 00:00:00-04:00,78.13279215604115,78.76663918481276,77.80168234557989,77.90574645996094,37800,0.0,0.0
2018-10-05 00:00:00-04:00,78.02872843927179,78.91799367854897,77.30027970227397,78.54904174804688,77500,0.0,0.0
2018-10-08 00:00:00-04:00,78.70987093559783,80.82898811984069,78.70987093559783,79.99647521972656,34500,0.0,0.0
2018-10-09 00:00:00-04:00,79.94916877786576,81.38713428592965,79.211264950198,79.96808624267578,36900,0.0,0.0
2018-10-10 00:00:00-04:00,79.8734892505822,81.30199972032771,79.23018714387214,79.69374084472656,62600,0.0,0.0
2018-10-11 00:00:00-04:00,79.64644260142451,79.9302478929682,77.03539205684137,77.11107635498047,54800,0.0,0.0
2018-10-12 00:00:00-04:00,77.29081171980188,78.42605445343108,74.812212492465,75.48389434814453,38000,0.0,0.0
2018-10-15 00:00:00-04:00,75.34199451161058,76.4583126582404,75.0487268755335,75.95691680908203,38500,0.0,0.0
2018-10-16 00:00:00-04:00,75.99475362943812,78.10440098467465,75.63525684381555,78.06655883789062,28600,0.0,0.0
2018-10-17 00:00:00-04:00,78.06656409205499,78.06656409205499,76.77050476131691,77.93412017822266,32500,0.0,0.0
2018-10-18 00:00:00-04:00,77.7638299742137,77.7638299742137,76.22180036376199,76.91240692138672,25400,0.0,0.0
2018-10-19 00:00:00-04:00,76.58128994441195,77.81113447052032,75.44605439542852,77.45164489746094,49000,0.0,0.0
2018-10-22 00:00:00-04:00,77.38543947321814,78.18956542697643,76.47724217886295,76.97864532470703,19200,0.0,0.0
2018-10-23 00:00:00-04:00,76.59074134446688,82.0115072779734,76.39207551265729,81.42496490478516,158000,0.0,0.0
2018-10-24 00:00:00-04:00,81.57635527763715,88.06612917107225,79.76943041093072,80.81952667236328,324100,0.0,0.0
2018-10-25 00:00:00-04:00,80.66813945507009,80.66813945507009,77.0448426503932,77.66921997070312,116700,0.0,0.0
2018-10-26 00:00:00-04:00,77.08270037610349,77.89628135972555,76.07044629558571,76.55291748046875,39900,0.0,0.0
2018-10-29 00:00:00-04:00,76.94079363451756,78.1611759288166,75.57850507945774,76.4110107421875,34900,0.0,0.0
2018-10-30 00:00:00-04:00,76.5150709034059,78.05710779035728,76.5150709034059,77.32865905761719,37300,0.0,0.0
2018-10-31 00:00:00-04:00,77.32866105749183,77.69761299537927,74.87844140753926,75.16224670410156,39200,0.0,0.0
2018-11-01 00:00:00-04:00,75.17170512079876,75.21900960991513,73.27017869721719,73.92294311523438,60500,0.0,0.0
2018-11-02 00:00:00-04:00,75.48390677159595,76.3731793099846,74.12161815409041,75.20955657958984,59400,0.0,0.0
2018-11-05 00:00:00-05:00,75.43660366731149,77.04486269654912,75.43660366731149,76.31641387939453,52500,0.0,0.0
2018-11-06 00:00:00-05:00,76.47723425801178,77.85844752536512,75.7771724997036,77.69761657714844,32500,0.0,0.0
2018-11-07 00:00:00-05:00,77.6976136562804,78.2557763476092,76.40155430055219,77.28136444091797,57900,0.0,0.0
2018-11-08 00:00:00-05:00,77.39488265963963,78.94637470354068,76.65697878725403,78.0760269165039,103800,0.0,0.0
2018-11-09 00:00:00-05:00,73.97024469802562,78.73824686402128,73.95132001606196,78.18008422851562,69500,0.0,0.0
2018-11-12 00:00:00-05:00,77.82059452094656,79.98700867207577,77.82059452094656,78.00033569335938,28300,0.0,0.0
2018-11-13 00:00:00-05:00,78.17065044167897,79.64646581491975,77.9625293876161,79.05046081542969,65300,0.0,0.0
2018-11-14 00:00:00-05:00,79.08828551578189,80.74384176193975,77.57463553425377,78.55850982666016,38500,0.0,0.0
2018-11-15 00:00:00-05:00,78.42606144185507,79.9870158286573,77.19621684191341,79.87348937988281,26200,0.0,0.0
2018-11-16 00:00:00-05:00,80.05322917660781,80.82897511567495,79.05043036441035,80.12890625,27300,0.0,0.0
2018-11-19 00:00:00-05:00,79.90187409758033,81.25470035358562,78.72879625876709,79.77889251708984,23200,0.0,0.0
2018-11-20 00:00:00-05:00,79.4666934351856,79.82618302141867,77.9719610407159,78.80447387695312,28500,0.0,0.0
2018-11-21 00:00:00-05:00,78.73825117249376,79.55183210016453,77.37596270262307,77.76383209228516,30800,0.0,0.0
2018-11-23 00:00:00-05:00,78.03818299653915,79.71266379295132,78.03818299653915,78.80447387695312,12900,0.0,0.0
2018-11-26 00:00:00-05:00,78.90854485307067,79.34371877461277,77.81114409797556,78.84231567382812,39100,0.0,0.0
2018-11-27 00:00:00-05:00,78.61526702613759,78.61526702613759,76.16504732170043,77.16783905029297,30200,0.0,0.0
2018-11-28 00:00:00-05:00,77.88682042825864,81.33983885515448,77.17729639058079,80.89520263671875,100100,0.0,0.0
2018-11-29 00:00:00-05:00,80.89520592229074,81.19793590195597,78.09495180597429,79.51399993896484,71000,0.0,0.0
2018-11-30 00:00:00-05:00,79.51399704885371,81.95475426346722,79.51399704885371,81.39659881591797,93200,0.0,0.0
2018-12-03 00:00:00-05:00,81.75610351175116,82.89134651733477,79.81674177256549,82.47509002685547,94000,0.0,0.0
2018-12-04 00:00:00-05:00,82.37100113485761,83.75220690797691,80.50731704900761,81.5479507446289,58100,0.0,0.0
2018-12-06 00:00:00-05:00,81.59526803671254,83.09945560039459,81.31145552169792,83.03323364257812,56800,0.0,0.0
2018-12-07 00:00:00-05:00,82.91026563766368,84.94423641440308,82.65484010647003,84.26309204101562,57100,0.0,0.0
2018-12-10 00:00:00-05:00,84.33875764407313,84.57526565360915,83.06161583610898,84.24415588378906,50900,0.0,0.0
2018-12-11 00:00:00-05:00,84.75500920050759,85.78618790406973,84.36713980721215,85.455078125,64800,0.0,0.0
2018-12-12 00:00:00-05:00,85.89972318696368,86.83629300629522,85.79565907174323,86.77953338623047,57700,0.0,0.0
2018-12-13 00:00:00-05:00,86.40906452071481,88.35627991415426,85.99112235474183,88.34678649902344,75000,0.37,0.0
2018-12-14 00:00:00-05:00,88.24231519920504,88.71724692014061,87.34944124484363,88.45128631591797,79800,0.0,0.0
2018-12-17 00:00:00-05:00,87.40642521543133,87.40642521543133,83.03705510798676,83.47399139404297,127800,0.0,0.0
2018-12-18 00:00:00-05:00,83.86343750263433,84.6328245105403,82.08719039830163,82.71410369873047,56000,0.0,0.0
2018-12-19 00:00:00-05:00,83.16054915225362,83.85394542255482,81.37480120235145,82.07770538330078,48800,0.0,0.0
2018-12-20 00:00:00-05:00,82.78059550138374,82.78059550138374,79.57955328315131,80.00699615478516,83700,0.0,0.0
2018-12-21 00:00:00-05:00,80.23495587174865,82.30565820107817,78.3637239701719,78.82915496826172,135200,0.0,0.0
2018-12-24 00:00:00-05:00,78.93364913922231,78.93364913922231,74.0988477862463,74.99171447753906,67000,0.0,0.0
2018-12-26 00:00:00-05:00,76.1125474338753,76.44500540303919,73.32944753554793,75.28617095947266,73600,0.0,0.0
2018-12-27 00:00:00-05:00,75.25768399906059,75.8180999535765,73.35795710746821,75.7516098022461,59500,0.0,0.0
2018-12-28 00:00:00-05:00,75.88458798633432,76.9769323678801,74.65926330584034,75.62812805175781,41800,0.0,0.0
2018-12-31 00:00:00-05:00,75.67561033429752,77.34737183687056,74.85872728456764,77.22389221191406,90600,0.0,0.0
2019-01-02 00:00:00-05:00,76.57799002454605,76.57799002454605,73.69989783111807,75.59962463378906,106800,0.0,0.0
2019-01-03 00:00:00-05:00,75.49514341091941,77.29987800624635,75.49514341091941,76.04605865478516,55700,0.0,0.0
2019-01-04 00:00:00-05:00,76.08405424780449,78.43971858660763,74.90622570184411,78.07876586914062,78000,0.0,0.0
2019-01-07 00:00:00-05:00,78.19275746848994,78.94315044974257,76.72996691290818,77.55635070800781,42500,0.0,0.0
2019-01-08 00:00:00-05:00,77.85080701441674,79.50356737814255,76.90094357024834,79.28510284423828,60100,0.0,0.0
2019-01-09 00:00:00-05:00,79.28510778946092,79.49407891971333,77.55635650312294,78.43022918701172,62700,0.0,0.0
2019-01-10 00:00:00-05:00,78.53471952887668,80.18748009621585,76.98644453301888,79.60806274414062,44400,0.0,0.0
2019-01-11 00:00:00-05:00,79.57955712080746,80.06398949993417,78.09777248687035,79.19011688232422,49700,0.0,0.0
2019-01-14 00:00:00-05:00,78.9146567243557,79.93101032030201,77.2713897764081,77.45186614990234,36700,0.0,0.0
2019-01-15 00:00:00-05:00,77.76530971218492,79.36108032004671,77.57533270715271,79.00962829589844,40700,0.0,0.0
2019-01-16 00:00:00-05:00,78.90515426525928,80.35844414306821,78.90515426525928,80.15897369384766,59900,0.0,0.0
2019-01-17 00:00:00-05:00,80.01649156451835,81.8117328282149,79.89301193019605,81.56477355957031,51900,0.0,0.0
2019-01-18 00:00:00-05:00,81.99221815599552,83.24603770333692,81.99221815599552,82.52413940429688,51200,0.0,0.0
2019-01-22 00:00:00-05:00,82.4861437367281,84.18640028939494,81.77374610416908,84.0249252319336,94700,0.0,0.0
2019-01-23 00:00:00-05:00,83.92993560560784,85.26923931104552,82.05870343658937,83.37901306152344,69300,0.0,0.0
2019-01-24 00:00:00-05:00,83.92993537089309,84.70882311325788,83.34101742056535,84.68032836914062,42200,0.0,0.0
2019-01-25 00:00:00-05:00,84.62332959119664,84.96528100611499,83.8634431945092,84.75631713867188,78400,0.0,0.0
2019-01-28 00:00:00-05:00,84.66131455687152,85.16474820060654,82.78058925365136,83.9679183959961,50700,0.0,0.0
2019-01-29 00:00:00-05:00,84.8892919772354,86.14311133563393,84.1768944498071,85.01277160644531,49800,0.0,0.0
2019-01-30 00:00:00-05:00,85.1837432538571,85.72516505909188,83.68295746149333,85.23123931884766,59500,0.0,0.0
2019-01-31 00:00:00-05:00,85.46870551344118,86.61803927165512,84.53783626259572,86.02912139892578,90600,0.0,0.0
2019-02-01 00:00:00-05:00,85.90566386910383,86.21911334059115,83.58799443176565,84.10092163085938,124000,0.0,0.0
2019-02-04 00:00:00-05:00,84.06291861146914,84.20539958391609,82.72360761610447,84.16740417480469,63200,0.0,0.0
2019-02-05 00:00:00-05:00,84.49985494592536,85.04127684371713,83.37901574123045,84.16740417480469,41500,0.0,0.0
2019-02-06 00:00:00-05:00,84.3478736136811,84.3858617727824,82.4576402121113,83.26502990722656,41300,0.0,0.0
2019-02-07 00:00:00-05:00,83.30301532127682,83.34101072600878,82.11568609921254,82.54312896728516,70300,0.0,0.0
2019-02-08 00:00:00-05:00,82.74260331334422,83.78745162871284,81.86873070390013,83.69246673583984,59700,0.0,0.0
2019-02-11 00:00:00-05:00,83.91092773325354,83.92042839620584,82.7046044260823,83.60697174072266,39600,0.0,0.0
2019-02-12 00:00:00-05:00,83.86344706893847,85.03177508481633,82.61912823581629,84.00592803955078,35400,0.0,0.0
2019-02-13 00:00:00-05:00,83.79695683562868,84.43336362395556,83.04656382154407,83.7399673461914,26500,0.0,0.0
2019-02-14 00:00:00-05:00,83.68296912035485,84.65183390484236,83.39801443135735,83.51199340820312,38900,0.0,0.0
2019-02-15 00:00:00-05:00,83.79694963901451,85.41171450737974,83.79694963901451,84.87029266357422,45900,0.0,0.0
2019-02-19 00:00:00-05:00,84.17689104147436,86.93148890515725,84.17689104147436,86.56104278564453,75700,0.0,0.0
2019-02-20 00:00:00-05:00,86.53255807654436,87.40643070352569,85.77267167142784,86.4185791015625,43100,0.0,0.0
2019-02-21 00:00:00-05:00,86.41858679649964,86.70354150621034,85.14576590309768,86.6845474243164,42800,0.0,0.0
2019-02-22 00:00:00-05:00,86.88400293604838,87.90035644414954,86.48506206301032,87.48241424560547,33200,0.0,0.0
2019-02-25 00:00:00-05:00,87.48242158568834,88.24231523827487,86.04812575870066,86.61804962158203,35500,0.0,0.0
2019-02-26 00:00:00-05:00,87.09298327538154,87.19746883610287,85.94364935433003,86.14311981201172,35000,0.0,0.0
2019-02-27 00:00:00-05:00,84.47136308300222,87.64390375977804,84.18640112838533,85.8201675415039,66300,0.0,0.0
2019-02-28 00:00:00-05:00,85.50669342771305,86.85550485841833,84.68981763439072,85.49720001220703,44800,0.0,0.0
2019-03-01 00:00:00-05:00,85.55418124838441,86.2665786743164,84.43334234170949,86.2665786743164,43200,0.0,0.0
2019-03-04 00:00:00-05:00,86.39957524437357,88.4607771129425,84.69931886414892,87.99534606933594,92700,0.0,0.0
2019-03-05 00:00:00-05:00,87.90986061949387,88.34679691412015,86.39007338111055,87.50141906738281,33900,0.0,0.0
2019-03-06 00:00:00-05:00,87.45392424638388,88.01434742908236,85.62068756729406,86.29508972167969,43100,0.0,0.0
2019-03-07 00:00:00-05:00,86.57054344808596,87.95734304236883,85.62068011664162,86.56104278564453,20000,0.0,0.0
2019-03-08 00:00:00-05:00,86.67502327155793,87.643880617034,86.20009163719322,87.52040100097656,19000,0.0,0.0
2019-03-11 00:00:00-04:00,87.56791422835649,89.19217986664889,87.24495688530347,89.01170349121094,39100,0.0,0.0
2019-03-12 00:00:00-04:00,89.15418034259521,90.11354441690108,88.87871908375956,89.0971908569336,28700,0.0,0.0
2019-03-13 00:00:00-04:00,89.1351840943176,90.01855740681358,88.24231736492561,88.77423858642578,39400,0.0,0.0
2019-03-14 00:00:00-04:00,88.77423283905758,89.49900036783707,88.26880543666583,88.60258483886719,20700,0.37,0.0
2019-03-15 00:00:00-04:00,88.9268248675636,89.58483801785984,87.87782356286918,88.07808685302734,106400,0.0,0.0
2019-03-18 00:00:00-04:00,87.99225210938503,88.83145894067461,87.91596653210254,88.54536437988281,21800,0.0,0.0
2019-03-19 00:00:00-04:00,88.53581193295753,88.53581193295753,87.00999149364769,87.35330200195312,27000,0.0,0.0
2019-03-20 00:00:00-04:00,87.44866514083539,88.77422234058032,85.95145268551339,87.5535659790039,68600,0.0,0.0
2019-03-21 00:00:00-04:00,87.524962240172,89.56574855815158,87.524962240172,88.8791275024414,54100,0.0,0.0
2019-03-22 00:00:00-04:00,88.87913986988006,89.94721802468295,87.86828499480634,87.91596984863281,37700,0.0,0.0
2019-03-25 00:00:00-04:00,87.99223233590594,88.61209889453477,86.83833047787274,88.20203399658203,63200,0.0,0.0
2019-03-26 00:00:00-04:00,88.37370687359616,89.28919925911924,87.49636091359739,88.51675415039062,34200,0.0,0.0
2019-03-27 00:00:00-04:00,88.4309283135199,88.7551620102139,87.08629412553384,88.36417388916016,39400,0.0,0.0
2019-03-28 00:00:00-04:00,88.45954419654198,88.45954419654198,85.98008457347429,86.93372344970703,43900,0.0,0.0
2019-03-29 00:00:00-04:00,86.99093796192395,87.58218939860681,86.0182222504665,86.98139953613281,132600,0.0,0.0
2019-04-01 00:00:00-04:00,87.23888275721114,87.23888275721114,85.57001481642801,86.14219665527344,64400,0.0,0.0
2019-04-02 00:00:00-04:00,86.3996642973922,86.3996642973922,84.69265016054581,85.14086151123047,78800,0.0,0.0
2019-04-03 00:00:00-04:00,85.33159858179073,87.39145449916985,84.94060320182163,86.66668701171875,31100,0.0,0.0
2019-04-04 00:00:00-04:00,86.88603057648923,87.05768584939572,85.8560989390503,86.19940948486328,31200,0.0,0.0
2019-04-05 00:00:00-04:00,86.31384796149854,88.65979848576224,86.31384796149854,88.28787994384766,139000,0.0,0.0
2019-04-08 00:00:00-04:00,87.71569601360997,88.36417065897933,86.67622598579325,86.704833984375,36400,0.0,0.0
2019-04-09 00:00:00-04:00,87.0195512346818,87.57266355307821,86.2566371902945,86.79067993164062,56200,0.0,0.0
2019-04-10 00:00:00-04:00,86.94324312626146,88.23065398414138,86.94324312626146,87.64894104003906,29200,0.0,0.0
2019-04-11 00:00:00-04:00,87.64893859256796,88.04946511038001,86.42827491458642,87.90641784667969,43500,0.0,0.0
2019-04-12 00:00:00-04:00,87.73478273935625,88.45001194647057,86.89558308892303,88.12577819824219,34600,0.0,0.0
2019-04-15 00:00:00-04:00,88.50721780458994,89.40364063625594,87.99225196144268,88.38324737548828,27000,0.0,0.0
2019-04-16 00:00:00-04:00,88.44045216609568,88.66933069560521,87.12443336200279,87.25794219970703,42900,0.0,0.0
2019-04-17 00:00:00-04:00,87.52496438983886,87.52496438983886,85.75119571091814,86.00868225097656,33200,0.0,0.0
2019-04-18 00:00:00-04:00,85.63676776326196,86.87649384672392,85.52232848719561,86.18987274169922,24300,0.0,0.0
2019-04-22 00:00:00-04:00,86.01820762301907,86.9146303270844,85.10271534630135,86.1612548828125,34500,0.0,0.0
2019-04-23 00:00:00-04:00,86.1135794391051,87.49635267464247,85.58907523214344,86.88602447509766,26700,0.0,0.0
2019-04-24 00:00:00-04:00,87.076769540591,88.33557265408469,87.06723838965799,88.12577819824219,36100,0.0,0.0
2019-04-25 00:00:00-04:00,87.50590827592002,88.19252945410895,86.27571321094608,88.18299102783203,56700,0.0,0.0
2019-04-26 00:00:00-04:00,88.2878884262802,89.02218715567226,87.42961198721423,87.91596984863281,55400,0.0,0.0
2019-04-29 00:00:00-04:00,87.67755404636748,88.58350800070276,87.3056354945299,87.74430847167969,31800,0.0,0.0
2019-04-30 00:00:00-04:00,87.89688898977032,88.54536368353659,86.87649573531172,88.34510040283203,69700,0.0,0.0
2019-05-01 00:00:00-04:00,88.47859890132534,88.52628374739702,86.8383391457891,87.7061538696289,64800,0.0,0.0
2019-05-02 00:00:00-04:00,87.60125589776698,88.40230895306657,86.49503145871185,87.20072937011719,47400,0.0,0.0
2019-05-03 00:00:00-04:00,87.31515805672315,89.99488778227708,86.89556197132181,89.832763671875,38500,0.0,0.0
2019-05-06 00:00:00-04:00,89.21291531166557,90.9294608374614,89.21291531166557,90.22377014160156,56300,0.0,0.0
2019-05-07 00:00:00-04:00,90.03304377622716,90.54800233234864,86.88603278485023,87.94457244873047,65300,0.0,0.0
2019-05-08 00:00:00-04:00,88.21158644061465,89.86138471804927,86.49503374014434,88.82191467285156,88000,0.0,0.0
2019-05-09 00:00:00-04:00,88.59305317240981,88.63119960059122,86.70484499371024,87.83013916015625,60900,0.0,0.0
2019-05-10 00:00:00-04:00,87.74431024507946,90.08072245391487,86.65716256763011,89.61344146728516,56500,0.0,0.0
2019-05-13 00:00:00-04:00,89.14615379569788,91.05343130092672,89.14615379569788,90.83409118652344,47900,0.0,0.0
2019-05-14 00:00:00-04:00,90.95806675938677,91.16786846096046,89.30827569826035,89.4990005493164,43300,0.0,0.0
2019-05-15 00:00:00-04:00,89.23198258033585,89.40363785604693,88.21158935129964,89.05078887939453,46500,0.0,0.0
2019-05-16 00:00:00-04:00,89.13661148718305,90.21422061143745,88.56442971568234,89.832763671875,35800,0.0,0.0
2019-05-17 00:00:00-04:00,89.64205264257649,90.54800664730642,89.23198764265211,89.55622863769531,37400,0.0,0.0
2019-05-20 00:00:00-04:00,88.783774088647,89.96628420692505,87.81106567819134,88.54536437988281,49200,0.0,0.0
2019-05-21 00:00:00-04:00,88.56443610992771,89.59436046271388,87.95410787283721,89.02217864990234,43800,0.0,0.0
2019-05-22 00:00:00-04:00,89.1175452043547,90.22376973267123,88.30695365898447,89.61344146728516,40500,0.0,0.0
2019-05-23 00:00:00-04:00,89.48944443254052,89.88043975830078,88.47858982554709,89.88043975830078,47400,0.0,0.0
2019-05-24 00:00:00-04:00,90.00442417947194,90.75779967822699,89.62297449335134,89.64204406738281,46300,0.0,0.0
2019-05-28 00:00:00-04:00,89.74695175277861,90.35728002790422,88.13529978606635,88.42139434814453,50600,0.0,0.0
2019-05-29 00:00:00-04:00,88.68841016016754,89.15569114424923,86.0277569822801,86.26616668701172,56700,0.0,0.0
2019-05-30 00:00:00-04:00,86.39012866637744,87.12443455952976,84.81663058956603,85.33159637451172,58900,0.0,0.0
2019-05-31 00:00:00-04:00,85.38881716048684,86.64762005797148,84.56868722834069,86.57132720947266,36600,0.0,0.0
2019-06-03 00:00:00-04:00,87.21025922185359,88.41184606261577,86.27569733790556,88.39277648925781,75700,0.0,0.0
2019-06-04 00:00:00-04:00,88.62166378117833,88.6693486367294,87.2484214290068,88.46907806396484,37900,0.0,0.0
2019-06-05 00:00:00-04:00,88.6598112656065,90.25238651061606,88.11623737401754,89.68974304199219,52900,0.0,0.0
2019-06-06 00:00:00-04:00,89.63252008882516,90.59569743559612,88.8886828950429,89.27967834472656,43900,0.0,0.0
2019-06-07 00:00:00-04:00,90.09026786417152,90.67198817404527,89.34643068779195,89.4131851196289,50500,0.0,0.0
2019-06-10 00:00:00-04:00,89.35594921603523,89.35594921603523,88.00178391823667,88.33555603027344,25400,0.0,0.0
2019-06-11 00:00:00-04:00,88.26880868522916,88.78377453181271,87.057690559964,87.56311798095703,37400,0.0,0.0
2019-06-12 00:00:00-04:00,87.7824487363349,90.6815040970252,87.7824487363349,90.30958557128906,63200,0.0,0.0
2019-06-13 00:00:00-04:00,90.80282633641883,91.02310853675881,89.31834190668224,89.76847839355469,46800,0.405,0.0
2019-06-14 00:00:00-04:00,89.85466639752838,90.4771953940719,89.54819159557495,89.6822738647461,34200,0.0,0.0
2019-06-17 00:00:00-04:00,89.93129144023465,90.93690850951062,88.86820531918859,89.67269897460938,52300,0.0,0.0
2019-06-18 00:00:00-04:00,90.20904263422875,90.20904263422875,88.25526277657187,89.02144622802734,62100,0.0,0.0
2019-06-19 00:00:00-04:00,89.05018023923373,90.85071893811354,88.46596145738101,90.71663665771484,63800,0.0,0.0
2019-06-20 00:00:00-04:00,91.62647120169328,91.9329459940371,90.38142055458071,91.4540786743164,67000,0.0,0.0
2019-06-21 00:00:00-04:00,91.17634393507197,91.21465420134037,90.02706517476433,90.49635314941406,148500,0.0,0.0
2019-06-24 00:00:00-04:00,91.0901405447622,91.2912639386864,89.91212374385162,90.53465270996094,89700,0.0,0.0
2019-06-25 00:00:00-04:00,90.62085696958107,91.61690190171507,90.04621032289695,90.66873931884766,60600,0.0,0.0
2019-06-26 00:00:00-04:00,90.74536261307438,90.8028243567207,87.75722772555592,87.9583511352539,113000,0.0,0.0
2019-06-27 00:00:00-04:00,88.19777886752165,89.13636202314606,87.26878241110688,88.97354888916016,141900,0.0,0.0
2019-06-28 00:00:00-04:00,88.90651045524544,91.04225466029705,88.90651045524544,91.00394439697266,644700,0.0,0.0
2019-07-01 00:00:00-04:00,90.21859931308146,90.79324593720206,88.84903849853998,89.06932067871094,124600,0.0,0.0
2019-07-02 00:00:00-04:00,89.16509190729454,91.17633315347173,89.1363610377247,90.53465270996094,87800,0.0,0.0
2019-07-03 00:00:00-04:00,90.70706153903585,91.60733458437115,90.3335455536173,90.8028335571289,58000,0.0,0.0
2019-07-05 00:00:00-04:00,90.31437895074377,91.17633427619413,88.8394667368694,90.8507080078125,58000,0.0,0.0
2019-07-08 00:00:00-04:00,90.73578587388911,91.77014113138972,90.42931105391887,91.11888122558594,89100,0.0,0.0
2019-07-09 00:00:00-04:00,91.11888638952324,91.74141545794386,90.40058530448478,91.664794921875,70600,0.0,0.0
2019-07-10 00:00:00-04:00,91.94251977535123,92.20110489716802,90.18029165365246,90.20902252197266,121800,0.0,0.0
2019-07-11 00:00:00-04:00,90.0845204555129,90.73578032146392,89.27044744980805,89.77804565429688,67700,0.0,0.0
2019-07-12 00:00:00-04:00,89.82593672703939,90.1036806617303,88.68623011691733,89.0118637084961,79300,0.0,0.0
2019-07-15 00:00:00-04:00,89.19383323774957,89.75890053099177,88.60961446485976,88.76285552978516,70900,0.0,0.0
2019-07-16 00:00:00-04:00,88.44679041722458,88.48510067873622,87.60398658477402,87.8625717163086,50800,0.0,0.0
2019-07-17 00:00:00-04:00,87.996663793141,88.85862650595696,87.996663793141,88.49468994140625,63200,0.0,0.0
2019-07-18 00:00:00-04:00,88.44680496199399,88.5617357654289,87.94878609431557,88.3414535522461,48200,0.0,0.0
2019-07-19 00:00:00-04:00,88.01581536916935,88.68622669814106,87.05808072381808,87.22089385986328,78000,0.0,0.0
2019-07-22 00:00:00-04:00,87.35498013958238,87.81469600552636,85.79387522642446,86.56005859375,62600,0.0,0.0
2019-07-23 00:00:00-04:00,86.62710293674596,87.89131248122436,85.97584303159428,87.46033477783203,75500,0.0,0.0
2019-07-24 00:00:00-04:00,87.5656780149115,88.01581446270033,86.51217137726218,87.84342193603516,55800,0.0,0.0
2019-07-25 00:00:00-04:00,87.41243701757386,87.87215285793124,86.78991534968725,86.8569564819336,56500,0.0,0.0
2019-07-26 00:00:00-04:00,87.24962658815124,89.1267856561828,86.63667698662812,88.8873519897461,77400,0.0,0.0
2019-07-29 00:00:00-04:00,88.95439121564348,89.74931272482367,88.38933128230472,89.28960418701172,70000,0.0,0.0
2019-07-30 00:00:00-04:00,89.02142638054787,90.52506938042985,88.64791047851529,90.20902252197266,69700,0.0,0.0
2019-07-31 00:00:00-04:00,90.1611476091292,91.91380393252452,89.11722025252064,89.5098876953125,95500,0.0,0.0
2019-08-01 00:00:00-04:00,89.6631384552128,90.64960417244616,89.12680197547408,90.0941162109375,57300,0.0,0.0
2019-08-02 00:00:00-04:00,89.92170408112085,90.73577705754211,89.19382371431503,89.96001434326172,59600,0.0,0.0
2019-08-05 00:00:00-04:00,89.59608112843483,90.28564395167865,85.8513350686297,86.96231079101562,61300,0.0,0.0
2019-08-06 00:00:00-04:00,86.71329572102121,87.61356862643228,85.79387133774279,87.26878356933594,61200,0.0,0.0
2019-08-07 00:00:00-04:00,87.11554251865513,88.32229021849233,86.05245647709731,87.26878356933594,71700,0.0,0.0
2019-08-08 00:00:00-04:00,86.25357873115898,89.15551350075924,85.6597879349903,88.97354888916016,103100,0.0,0.0
2019-08-09 00:00:00-04:00,89.64395933567438,90.10367517019803,87.13469929749438,87.57525634765625,65200,0.0,0.0
2019-08-12 00:00:00-04:00,87.90089200234264,88.57131069485051,87.15386008500947,88.39891815185547,74800,0.0,0.0
2019-08-13 00:00:00-04:00,88.31271286615892,88.87778011992839,87.43159872519651,88.79158020019531,58800,0.0,0.0
2019-08-14 00:00:00-04:00,88.4946905071689,88.81074472171136,87.61357630929548,88.1115951538086,47900,0.0,0.0
2019-08-15 00:00:00-04:00,88.35102238062159,89.97916837976666,88.11158871563345,89.27044677734375,91600,0.0,0.0
2019-08-16 00:00:00-04:00,89.44283635466444,91.90421405718084,89.44283635466444,91.1859130859375,61100,0.0,0.0
2019-08-19 00:00:00-04:00,90.9847960447574,91.83717933893763,90.43888756076629,91.0135269165039,41900,0.0,0.0
2019-08-20 00:00:00-04:00,91.0231089131389,91.54985862640959,89.80678172354732,90.32395935058594,54700,0.0,0.0
2019-08-21 00:00:00-04:00,90.57295995706237,90.76450395244281,89.60564597444049,90.620849609375,55000,0.0,0.0
2019-08-22 00:00:00-04:00,90.78366411293271,91.3008416766253,89.75888837754235,90.60169219970703,35100,0.0,0.0
2019-08-23 00:00:00-04:00,90.71664456458848,91.19551198116089,88.82990577418325,88.83948516845703,66400,0.0,0.0
2019-08-26 00:00:00-04:00,89.11721929875775,90.38142884652649,88.47553147819015,90.13241577148438,57900,0.0,0.0
2019-08-27 00:00:00-04:00,90.92734204239567,90.92734204239567,88.89694168519901,89.08848571777344,42900,0.0,0.0
2019-08-28 00:00:00-04:00,89.19382175282531,89.89297123438412,88.8969263614319,89.28002166748047,44700,0.0,0.0
2019-08-29 00:00:00-04:00,89.59608622240067,90.85071637079268,89.54819656349605,90.32395935058594,44900,0.0,0.0
2019-08-30 00:00:00-04:00,90.67831442037024,91.0518303388779,89.83551058241827,90.5825424194336,50000,0.0,0.0
2019-09-03 00:00:00-04:00,90.74535190973455,91.40619111146528,90.11324357643821,90.9560546875,91500,0.0,0.0
2019-09-04 00:00:00-04:00,91.54027859147254,91.61689911629236,90.66873656225188,91.4540786743164,62100,0.0,0.0
2019-09-05 00:00:00-04:00,91.40620850134574,91.94253763264989,89.78763440688465,91.49240112304688,55300,0.0,0.0
2019-09-06 00:00:00-04:00,91.9425258211803,91.9425258211803,90.18986966904954,90.22817993164062,48900,0.0,0.0
2019-09-09 00:00:00-04:00,90.1611404666062,90.1611404666062,88.6191870767362,89.12678527832031,52000,0.0,0.0
2019-09-10 00:00:00-04:00,88.99270525337103,90.390997017846,88.31271450326622,88.72454071044922,91200,0.0,0.0
2019-09-11 00:00:00-04:00,88.96396761765251,91.01351910493239,88.2552460499693,90.1228256225586,64700,0.0,0.0
2019-09-12 00:00:00-04:00,90.82020052367714,90.91638651867673,89.51205044382387,90.03146362304688,53400,0.405,0.0
2019-09-13 00:00:00-04:00,89.86794211699879,90.58934805050616,89.26196377472003,89.89679718017578,50600,0.0,0.0
2019-09-16 00:00:00-04:00,91.08951582603382,91.37808112288263,89.69480068114532,90.06031036376953,54100,0.0,0.0
2019-09-17 00:00:00-04:00,89.88716949606979,91.15684354827056,89.64670086998237,90.20458984375,46100,0.0,0.0
2019-09-18 00:00:00-04:00,90.62781449303831,90.76247633287927,89.78136025572957,90.32001495361328,43100,0.0,0.0
2019-09-19 00:00:00-04:00,90.98370802965358,91.41655597012132,90.05069590237746,90.79133605957031,47400,0.0,0.0
2019-09-20 00:00:00-04:00,90.5701077311522,91.07027924932,89.92564622970734,90.50276947021484,113600,0.0,0.0
2019-09-23 00:00:00-04:00,90.34887147046791,90.52200917284344,89.70441732105007,89.91603088378906,44000,0.0,0.0
2019-09-24 00:00:00-04:00,90.31039874973546,91.14723223006298,90.03145425629295,90.45468139648438,77600,0.0,0.0
2019-09-25 00:00:00-04:00,90.38736472151359,92.31111407869888,90.38736472151359,92.18606567382812,71200,0.0,0.0
2019-09-26 00:00:00-04:00,92.33995432469634,93.30182884891192,91.30112807729864,91.4935073852539,71200,0.0,0.0
2019-09-27 00:00:00-04:00,91.73396844216953,92.96516655734672,91.58006500851256,91.83015441894531,59200,0.0,0.0
2019-09-30 00:00:00-04:00,91.87824689913495,92.71508033676669,91.57044735975084,91.68587493896484,117100,0.0,0.0
2019-10-01 00:00:00-04:00,90.81057701677909,92.43613996647889,90.81057701677909,91.15684509277344,53000,0.0,0.0
2019-10-02 00:00:00-04:00,91.04143325914738,91.04143325914738,89.89680012548718,90.445068359375,53200,0.0,0.0
2019-10-03 00:00:00-04:00,90.32963663696135,91.24341446461106,89.80060273346733,90.61819458007812,51300,0.0,0.0
2019-10-04 00:00:00-04:00,90.65668765132277,91.55123138800134,90.36812231490205,91.2145767211914,64900,0.0,0.0
2019-10-07 00:00:00-04:00,91.02218298043867,91.63778208476862,90.63743904412259,91.17608642578125,42300,0.0,0.0
2019-10-08 00:00:00-04:00,90.86828568002393,90.86828568002393,89.57937002703093,89.85831451416016,51800,0.0,0.0
2019-10-09 00:00:00-04:00,90.27192315465429,90.51239178710595,89.60823471928146,90.43544006347656,43700,0.0,0.0
2019-10-10 00:00:00-04:00,90.58934665460421,90.58934665460421,89.53128610280132,89.95450592041016,45600,0.0,0.0
2019-10-11 00:00:00-04:00,90.32963506326577,91.45502643270686,90.18535242496105,90.34886932373047,54400,0.0,0.0
2019-10-14 00:00:00-04:00,90.63743390413825,90.63743390413825,89.47355934566801,89.69479370117188,32800,0.0,0.0
2019-10-15 00:00:00-04:00,89.55051571680802,89.81022594495953,88.30008325268203,88.4636001586914,68200,0.0,0.0
2019-10-16 00:00:00-04:00,88.3193166911693,88.94453658666751,88.21350990861484,88.5020751953125,39300,0.0,0.0
2019-10-17 00:00:00-04:00,88.46359792658228,90.15649908199043,88.30008102469876,89.92564392089844,43500,0.0,0.0
2019-10-18 00:00:00-04:00,89.72366263599775,89.81984862949658,88.86759481837271,89.75251770019531,48800,0.0,0.0
2019-10-21 00:00:00-04:00,89.31967239178219,90.2911677539419,89.31967239178219,89.96412658691406,40600,0.0,0.0
2019-10-22 00:00:00-04:00,90.09879370956564,90.91638566718642,89.52167040645222,89.73328399658203,37900,0.0,0.0
2019-10-23 00:00:00-04:00,90.00260758061553,90.1565110417597,89.29082241912614,89.74290466308594,29700,0.0,0.0
2019-10-24 00:00:00-04:00,90.03145048344692,91.349221172035,89.68517508116858,90.96446990966797,51700,0.0,0.0
2019-10-25 00:00:00-04:00,91.29152929472006,91.29152929472006,90.19498540936041,90.83944702148438,36900,0.0,0.0
2019-10-28 00:00:00-04:00,90.55087121910384,90.7817190605735,89.52166572517261,89.94489288330078,53700,0.0,0.0
2019-10-29 00:00:00-04:00,89.9256504561943,90.20459495889597,89.5408991649327,89.98336791992188,42300,0.0,0.0
2019-10-30 00:00:00-04:00,90.04107519323989,91.64740389447002,89.53128286733622,91.46464538574219,30300,0.0,0.0
2019-10-31 00:00:00-04:00,91.52235404776708,91.75320185760815,90.2526800858619,91.18569946289062,64300,0.0,0.0
2019-11-01 00:00:00-04:00,91.45504469243082,92.55158122084713,90.25270136403387,90.90677642822266,51300,0.0,0.0
2019-11-04 00:00:00-05:00,90.37774669842166,90.91639418666631,87.26127469875792,87.6652603149414,48000,0.0,0.0
2019-11-05 00:00:00-05:00,87.2804923882152,87.37667837306019,86.33785946280592,86.703369140625,39100,0.0,0.0
2019-11-06 00:00:00-05:00,86.81878979086558,88.04036711171553,86.81878979086558,87.35743713378906,44300,0.0,0.0
2019-11-07 00:00:00-05:00,87.5305874813586,87.5305874813586,84.9142874286316,85.77035522460938,51800,0.0,0.0
2019-11-08 00:00:00-05:00,85.69341308901302,85.895413232942,83.90433290704397,84.6642074584961,80100,0.0,0.0
2019-11-11 00:00:00-05:00,84.58725301002852,84.62572887389489,83.34643391979044,83.76004028320312,47300,0.0,0.0
2019-11-12 00:00:00-05:00,83.75042683696749,84.63534976803967,83.50995817057692,84.45259857177734,32800,0.0,0.0
2019-11-13 00:00:00-05:00,84.32753652138649,86.09738943562662,84.32753652138649,85.74149322509766,49800,0.0,0.0
2019-11-14 00:00:00-05:00,86.0685451129658,86.74185441849178,85.7415039227667,86.2801513671875,32000,0.0,0.0
2019-11-15 00:00:00-05:00,86.28015511653848,86.51101032148308,85.78960431770427,86.11663818359375,50600,0.0,0.0
2019-11-18 00:00:00-05:00,86.08777245498385,87.07850206996731,86.08777245498385,86.25128936767578,35300,0.0,0.0
2019-11-19 00:00:00-05:00,86.14548307485238,87.42477799836648,86.02044202416714,86.91498565673828,53700,0.0,0.0
2019-11-20 00:00:00-05:00,86.75145410724578,87.44400484639857,86.35708208247073,86.5494613647461,80800,0.0,0.0
2019-11-21 00:00:00-05:00,86.55908819604333,86.88612935717097,85.64531031426861,85.94348907470703,39400,0.0,0.0
2019-11-22 00:00:00-05:00,85.84730226034212,87.31896912492759,85.45293017844911,87.00154876708984,54600,0.0,0.0
2019-11-25 00:00:00-05:00,87.18432296085965,87.93458405906372,86.95347508568646,87.6652603149414,52500,0.0,0.0
2019-11-26 00:00:00-05:00,87.6171444862527,88.35779195916491,86.89573861286861,87.50172424316406,74800,0.0,0.0
2019-11-27 00:00:00-05:00,87.3959176288132,88.6559708750792,87.3959176288132,88.51168823242188,60800,0.0,0.0
2019-11-29 00:00:00-05:00,88.36743208085029,88.61751422123723,87.52097764101255,87.6652603149414,19100,0.0,0.0
2019-12-02 00:00:00-05:00,87.40554380691768,87.81915016077512,86.82841320077576,87.58829498291016,66500,0.0,0.0
2019-12-03 00:00:00-05:00,87.54981034211572,88.1461751506941,87.23239734678634,87.99227905273438,61300,0.0,0.0
2019-12-04 00:00:00-05:00,88.01151956202331,89.27157284895638,88.01151956202331,89.069580078125,91100,0.0,0.0
2019-12-05 00:00:00-05:00,89.1946268635226,89.51203987569416,88.55016536221876,89.48318481445312,45600,0.0,0.0
2019-12-06 00:00:00-05:00,89.04073074345824,90.60858368752908,89.04073074345824,89.50243377685547,68400,0.0,0.0
2019-12-09 00:00:00-05:00,89.42547167536391,89.42547167536391,88.51168651527509,88.9349136352539,75900,0.0,0.0
2019-12-10 00:00:00-05:00,89.12729782766874,91.29151552879817,89.09843542729662,91.10875701904297,97800,0.0,0.0
2019-12-11 00:00:00-05:00,91.41656027826339,92.59004843122636,90.8298162017819,91.96482849121094,69900,0.0,0.0
2019-12-12 00:00:00-05:00,92.09948279661934,92.66698522556582,90.55086427426299,90.93561553955078,54400,0.0,0.0
2019-12-13 00:00:00-05:00,90.89214114904154,90.99840314704024,90.19661812135838,90.83418273925781,27000,0.405,0.0
2019-12-16 00:00:00-05:00,90.79554634472063,91.80986279237239,90.59268452920892,91.67462158203125,49800,0.0,0.0
2019-12-17 00:00:00-05:00,91.87748053287093,92.73723135898744,91.86781834097835,92.51504516601562,53700,0.0,0.0
2019-12-18 00:00:00-05:00,92.6309667446981,93.79017915593899,91.79053295598816,93.76119995117188,50300,0.0,0.0
2019-12-19 00:00:00-05:00,93.77087004286736,93.9833940558547,93.28786360247553,93.46174621582031,48600,0.0,0.0
2019-12-20 00:00:00-05:00,94.50505008519126,95.2005805988414,93.72257457228783,94.18626403808594,301000,0.0,0.0
2019-12-23 00:00:00-05:00,94.40844235530616,94.45673857742922,92.62131262460481,93.16228485107422,50400,0.0,0.0
2019-12-24 00:00:00-05:00,93.33616176311361,93.33616176311361,92.44742436323925,92.708251953125,20600,0.0,0.0
2019-12-26 00:00:00-05:00,92.62131108136067,93.18160031332516,91.05637495289244,91.90646362304688,41400,0.0,0.0
2019-12-27 00:00:00-05:00,92.07068193999089,92.07068193999089,91.17228969893252,91.84850311279297,55900,0.0,0.0
2019-12-30 00:00:00-05:00,91.52971644016309,91.93544006347656,91.27855103854819,91.93544006347656,31500,0.0,0.0
2019-12-31 00:00:00-05:00,91.61665527644344,92.57301330566406,91.61665527644344,92.57301330566406,100000,0.0,0.0
2020-01-02 00:00:00-05:00,93.07534140667569,93.07534140667569,90.3511853244835,91.27855682373047,92000,0.0,0.0
2020-01-03 00:00:00-05:00,90.98875252774081,91.60700016096338,90.98875252774081,91.24957275390625,47200,0.0,0.0
2020-01-06 00:00:00-05:00,91.02739791456563,91.02739791456563,90.07103984650428,90.23526763916016,78000,0.0,0.0
2020-01-07 00:00:00-05:00,89.94545731244882,90.69894615840646,89.09536865523128,89.4334716796875,45900,0.0,0.0
2020-01-08 00:00:00-05:00,89.27890791567742,89.33687369969611,87.8202337845381,88.1679916381836,105000,0.0,0.0
2020-01-09 00:00:00-05:00,88.20662858482987,88.86351759983309,87.74294655664698,88.35153198242188,50100,0.0,0.0
2020-01-10 00:00:00-05:00,88.54473048265343,88.66064729354261,88.07137893788182,88.63166809082031,49100,0.0,0.0
2020-01-13 00:00:00-05:00,88.49644383812732,89.81022199369909,88.49644383812732,89.69429779052734,57100,0.0,0.0
2020-01-14 00:00:00-05:00,90.03239784729503,90.04206003976189,89.12435074793267,89.9164810180664,57600,0.0,0.0
2020-01-15 00:00:00-05:00,90.04205842025848,91.20127828234882,89.95512079990068,90.98875427246094,41900,0.0,0.0
2020-01-16 00:00:00-05:00,91.03704990130232,92.3411657888356,91.03704990130232,92.2928695678711,40300,0.0,0.0
2020-01-17 00:00:00-05:00,92.53436387687131,92.53436387687131,91.35582712138758,91.95475769042969,51400,0.0,0.0
2020-01-21 00:00:00-05:00,91.76155668295605,91.76155668295605,90.62166124844325,91.10466766357422,53900,0.0,0.0
2020-01-22 00:00:00-05:00,91.07568422684459,91.49107001936368,90.66029843432551,91.39447021484375,73500,0.0,0.0
2020-01-23 00:00:00-05:00,91.13364469149178,91.91612007696878,90.97908647479163,91.858154296875,59400,0.0,0.0
2020-01-24 00:00:00-05:00,91.71325321169299,92.56334178187316,91.52004623886175,92.4281005859375,41200,0.0,0.0
2020-01-27 00:00:00-05:00,91.80020362545052,93.01738192872605,91.7422452105638,92.66961669921875,44300,0.0,0.0
2020-01-28 00:00:00-05:00,92.64063877597958,93.26854863629937,91.81952928329686,92.60199737548828,42800,0.0,0.0
2020-01-29 00:00:00-05:00,92.63096915833715,92.8917967482229,91.71325992303356,92.708251953125,42100,0.0,0.0
2020-01-30 00:00:00-05:00,92.43778157410094,93.81918038785557,92.00307132440271,93.74189758300781,50000,0.0,0.0
2020-01-31 00:00:00-05:00,93.56800381106599,93.84814841769709,92.41844617869923,92.94009399414062,76000,0.0,0.0
2020-02-03 00:00:00-05:00,93.3168378628797,94.65959510638083,93.3168378628797,94.5436782836914,40900,0.0,0.0
2020-02-04 00:00:00-05:00,94.6692568384682,95.248863059379,93.72256102724262,94.73687744140625,44200,0.0,0.0
2020-02-05 00:00:00-05:00,94.66924732821519,95.32613627794936,94.18624096429573,94.78517150878906,53900,0.0,0.0
2020-02-06 00:00:00-05:00,94.88178808246434,95.41309075465367,94.48571925638194,94.52436065673828,28200,0.0,0.0
2020-02-07 00:00:00-05:00,94.91075623780571,94.91075623780571,94.16692963532222,94.53401184082031,40400,0.0,0.0
2020-02-10 00:00:00-05:00,94.5436862454511,94.96872691459438,94.09932119083689,94.86246490478516,36900,0.0,0.0
2020-02-11 00:00:00-05:00,95.36478020641736,95.36478020641736,94.19590565907284,94.3504638671875,35400,0.0,0.0
2020-02-12 00:00:00-05:00,94.44707488346432,94.81416449024933,93.85781381433324,94.74654388427734,43900,0.0,0.0
2020-02-13 00:00:00-05:00,94.29251370569186,97.84744124429427,94.29251370569186,96.99735260009766,59800,0.0,0.0
2020-02-14 00:00:00-05:00,96.92007502175443,97.57696408175296,95.47105568676591,96.02168273925781,27500,0.0,0.0
2020-02-18 00:00:00-05:00,96.0699715363117,96.28249553489867,95.79948912723478,96.12793731689453,26700,0.0,0.0
2020-02-19 00:00:00-05:00,96.09896467528344,96.09896467528344,94.58232474643484,94.67892456054688,30700,0.0,0.0
2020-02-20 00:00:00-05:00,94.7658578762844,95.26818867899173,93.94474843850121,95.07498168945312,27500,0.0,0.0
2020-02-21 00:00:00-05:00,95.36478555737185,96.06997077975574,94.76585496335179,94.89144134521484,43000,0.0,0.0
2020-02-24 00:00:00-05:00,93.99305823373084,94.05101664937224,91.73258421249984,93.00772094726562,39800,0.0,0.0
2020-02-25 00:00:00-05:00,93.27819716249196,94.55333381225759,91.2302546653462,91.42345428466797,51800,0.0,0.0
2020-02-26 00:00:00-05:00,91.43312382653035,94.86246525076488,91.28822041534441,91.7229232788086,43400,0.0,0.0
2020-02-27 00:00:00-05:00,96.55297848492722,96.60128207400139,86.92183685302734,86.92183685302734,68900,0.0,0.0
2020-02-28 00:00:00-05:00,85.86887608243462,86.19732426259904,78.53684256370833,82.5940933227539,144800,0.0,0.0
2020-03-02 00:00:00-05:00,82.7100164502931,88.23560333251953,82.49749246057428,88.23560333251953,93600,0.0,0.0
2020-03-03 00:00:00-05:00,87.81056919029149,89.85851170729876,86.75761135552473,89.11468505859375,95100,0.0,0.0
2020-03-04 00:00:00-05:00,89.8391881539901,93.16227446134151,89.50108515646134,92.4860610961914,68400,0.0,0.0
2020-03-05 00:00:00-05:00,92.60197780325572,92.60197780325572,90.21592526040953,91.48139953613281,83100,0.0,0.0
2020-03-06 00:00:00-05:00,89.27890263736589,92.70825108033885,89.26924781567801,92.68892669677734,56200,0.0,0.0
2020-03-09 00:00:00-04:00,88.39017750347625,91.30753312468435,87.60770943810483,89.17264556884766,73400,0.0,0.0
2020-03-10 00:00:00-04:00,91.01773347924687,91.83884294191922,87.83955026340811,90.98875427246094,94600,0.0,0.0
2020-03-11 00:00:00-04:00,89.35617513615726,90.84383558499731,88.2549212430055,90.2835464477539,75600,0.0,0.0
2020-03-12 00:00:00-04:00,79.55779885339737,83.80734690785908,78.7234115903224,83.69092559814453,189700,0.405,0.0
2020-03-13 00:00:00-04:00,83.52598461483286,91.33623504638672,82.71100582310665,91.33623504638672,107100,0.0,0.0
2020-03-16 00:00:00-04:00,82.20650587207638,85.69928628016406,78.68461273042843,78.83014678955078,107900,0.0,0.0
2020-03-17 00:00:00-04:00,80.22726439509229,92.32587432861328,77.67558836577672,92.32587432861328,104200,0.0,0.0
2020-03-18 00:00:00-04:00,87.89196648632642,90.70559765120852,83.99169687035611,87.31954193115234,114700,0.0,0.0
2020-03-19 00:00:00-04:00,87.22252227149029,91.37505044182308,81.99305248475623,87.07698822021484,96200,0.0,0.0
2020-03-20 00:00:00-04:00,87.75614536477424,90.74441620534124,76.8315047004535,79.98471069335938,140500,0.0,0.0
2020-03-23 00:00:00-04:00,73.241694750116,77.26809763224956,67.40099043159323,70.1952133178711,104900,0.0,0.0
2020-03-24 00:00:00-04:00,73.25139747530677,80.15934649802408,70.85495984375422,80.13023376464844,108100,0.0,0.0
2020-03-25 00:00:00-04:00,79.77125234004019,79.77125234004019,71.82517180344134,76.25906372070312,89100,0.0,0.0
2020-03-26 00:00:00-04:00,78.37413672097871,81.63406679274985,76.22025355904039,78.3353271484375,74800,0.0,0.0
2020-03-27 00:00:00-04:00,75.94860174517639,82.60429237435217,74.13430030629773,79.40257263183594,61300,0.0,0.0
2020-03-30 00:00:00-04:00,80.13023318609044,86.0970703118284,79.51899902866963,85.09774780273438,61800,0.0,0.0
2020-03-31 00:00:00-04:00,84.14694383767005,86.57248691909273,83.02148829484831,83.15731811523438,108200,0.0,0.0
2020-04-01 00:00:00-04:00,79.74215015862838,81.53705041090379,74.98808462939685,77.67558288574219,64600,0.0,0.0
2020-04-02 00:00:00-04:00,77.21958932402593,82.8371482316132,77.21958932402593,81.16838073730469,56300,0.0,0.0
2020-04-03 00:00:00-04:00,80.8578953029854,80.8578953029854,74.27012724007169,76.40460205078125,56400,0.0,0.0
2020-04-06 00:00:00-04:00,80.26607111764194,83.021484375,78.11218777868672,83.021484375,75100,0.0,0.0
2020-04-07 00:00:00-04:00,84.79698064221273,87.22252352441464,77.57856265608561,80.29517364501953,72400,0.0,0.0
2020-04-08 00:00:00-04:00,81.95423383598208,84.56412001943744,81.12955083963243,83.08938598632812,71400,0.0,0.0
2020-04-09 00:00:00-04:00,85.72838066983388,90.00703408804974,83.75884120730842,88.94950103759766,54100,0.0,0.0
2020-04-13 00:00:00-04:00,87.32925099946962,88.64874696482988,83.03118856866449,84.5932388305664,34000,0.0,0.0
2020-04-14 00:00:00-04:00,87.27103178281646,88.7554702758789,85.71868578587522,88.7554702758789,46800,0.0,0.0
2020-04-15 00:00:00-04:00,85.42761957101115,86.15528240414694,82.2453012296085,82.53636932373047,54700,0.0,0.0
2020-04-16 00:00:00-04:00,83.44838333944065,84.14694090690745,80.44071150366506,83.32225036621094,67100,0.0,0.0
2020-04-17 00:00:00-04:00,84.94251593895366,89.07563574116367,83.86557429131837,88.47410583496094,66600,0.0,0.0
2020-04-20 00:00:00-04:00,86.97997044845488,87.78525247308998,83.08939753857173,83.7491455078125,40200,0.0,0.0
2020-04-21 00:00:00-04:00,81.54676123705296,85.18507585377746,81.41093141686885,84.72907257080078,44500,0.0,0.0
2020-04-22 00:00:00-04:00,86.37842569230047,87.21281297563333,84.71935536906948,86.11647033691406,36800,0.0,0.0
2020-04-23 00:00:00-04:00,86.58218962738849,88.47411780036936,82.54608951560296,84.93282318115234,45300,0.0,0.0
2020-04-24 00:00:00-04:00,84.6708527558476,88.0181065754487,84.36038354438202,87.0381851196289,49800,0.0,0.0
2020-04-27 00:00:00-04:00,88.21213926566635,90.07495436993104,87.50388490933256,88.87188720703125,46000,0.0,0.0
2020-04-28 00:00:00-04:00,91.65641481864506,91.65641481864506,87.81435581496277,89.71598052978516,45600,0.0,0.0
2020-04-29 00:00:00-04:00,92.17064133993718,92.17064133993718,88.96892136410278,90.40484619140625,55700,0.0,0.0
2020-04-30 00:00:00-04:00,88.9688933301513,89.03680822207299,85.00070946955766,85.26266479492188,55700,0.0,0.0
2020-05-01 00:00:00-04:00,83.61331822100063,84.42829711234215,82.9341691448827,84.09842681884766,49400,0.0,0.0
2020-05-04 00:00:00-04:00,83.1573073853372,84.593231961215,82.49755945623158,83.57450103759766,61800,0.0,0.0
2020-05-05 00:00:00-04:00,85.69927596765315,85.87391533715103,83.70062376069558,84.26335144042969,31800,0.0,0.0
2020-05-06 00:00:00-04:00,83.76854506939453,83.76854506939453,80.39219353698516,80.80938720703125,44900,0.0,0.0
2020-05-07 00:00:00-04:00,81.9833518520994,83.11850417814621,79.70334295558146,81.9542465209961,70800,0.0,0.0
2020-05-08 00:00:00-04:00,83.93348753624498,87.06728477870263,83.5648002826598,86.05825805664062,62100,0.0,0.0
2020-05-11 00:00:00-04:00,84.61264038085938,86.39784386231398,83.22522950095374,84.61264038085938,62800,0.0,0.0
2020-05-12 00:00:00-04:00,84.7387683504878,84.89400665856218,81.40122615075818,81.53705596923828,58200,0.0,0.0
2020-05-13 00:00:00-04:00,80.71237213324947,81.4012254646409,78.12188655482525,79.41227722167969,118200,0.0,0.0
2020-05-14 00:00:00-04:00,77.85991977578529,80.304863532351,75.20152707972399,80.06230926513672,93000,0.0,0.0
2020-05-15 00:00:00-04:00,80.22725828740992,81.20717227672452,78.78162940821818,81.07134246826172,109400,0.0,0.0
2020-05-18 00:00:00-04:00,84.66115084948213,87.59120339479851,83.92378374054161,86.32992553710938,60100,0.0,0.0
2020-05-19 00:00:00-04:00,85.3402864483941,86.0582449559271,82.07065249297544,82.2161865234375,63100,0.0,0.0
2020-05-20 00:00:00-04:00,83.88497180026249,87.1157966053834,83.43867281069814,85.99034118652344,68200,0.0,0.0
2020-05-21 00:00:00-04:00,85.99034659516936,88.04720969581973,85.62166672899274,86.6986083984375,47800,0.0,0.0
2020-05-22 00:00:00-04:00,87.6882251142244,89.52193497239737,85.98064822547437,89.26968383789062,73200,0.0,0.0
2020-05-26 00:00:00-04:00,91.68552436182078,91.68552436182078,87.33894809808349,87.49418640136719,80400,0.0,0.0
2020-05-27 00:00:00-04:00,89.11444808042643,89.31819280357358,84.10813119211281,86.46575927734375,114100,0.0,0.0
2020-05-28 00:00:00-04:00,88.27036522244883,89.51224206971115,86.48516170288183,87.3001480102539,88800,0.0,0.0
2020-05-29 00:00:00-04:00,86.37842444180555,88.07630431202645,85.94182972175912,87.64940643310547,56600,0.0,0.0
2020-06-01 00:00:00-04:00,87.64940846500956,87.98899036866104,86.50455940348827,86.93144989013672,94700,0.0,0.0
2020-06-02 00:00:00-04:00,88.1054175377038,88.1054175377038,86.47545242009133,87.12550354003906,42800,0.0,0.0
2020-06-03 00:00:00-04:00,88.12482428673037,89.03682336158505,87.2904369571487,87.85316467285156,64400,0.0,0.0
2020-06-04 00:00:00-04:00,87.01878419298812,87.02848103555472,85.30149558095394,86.25231170654297,43800,0.0,0.0
2020-06-05 00:00:00-04:00,88.29947183942592,89.30849864305266,86.78592793290079,87.3486557006836,79900,0.0,0.0
2020-06-08 00:00:00-04:00,87.56209864757761,89.4540191477932,87.37775501857269,87.93077850341797,87700,0.0,0.0
2020-06-09 00:00:00-04:00,86.97998012425727,88.15394213793799,85.19477649035862,86.97027587890625,44900,0.0,0.0
2020-06-10 00:00:00-04:00,86.77622219886847,87.47477971458547,85.43731782635447,85.72838592529297,45000,0.0,0.0
2020-06-11 00:00:00-04:00,83.53570317681384,83.53570317681384,79.89738851404172,80.55713653564453,61000,0.0,0.0
2020-06-12 00:00:00-04:00,83.21017291799508,83.28820557989083,78.05038035540532,80.41082000732422,51000,0.44,0.0
2020-06-15 00:00:00-04:00,78.33324183884879,82.34207861578422,78.30398145153751,81.6690673828125,48700,0.0,0.0
2020-06-16 00:00:00-04:00,84.5854754256228,84.61473581507502,81.8446431367304,82.51765441894531,57200,0.0,0.0
2020-06-17 00:00:00-04:00,82.87855041082966,83.05412019018893,80.79122494600539,81.96168518066406,60600,0.0,0.0
2020-06-18 00:00:00-04:00,80.83998920483671,83.21993343215051,80.83998920483671,82.7029800415039,74500,0.0,0.0
2020-06-19 00:00:00-04:00,83.21993135251162,84.29285444008376,82.1860245970554,82.28356170654297,120300,0.0,0.0
2020-06-22 00:00:00-04:00,81.53251564783417,86.38018546538925,81.53251564783417,85.69741821289062,144600,0.0,0.0
2020-06-23 00:00:00-04:00,86.69230701552856,90.20370265040806,83.09313765218427,86.13633728027344,270800,0.0,0.0
2020-06-24 00:00:00-04:00,84.80981113098059,85.0536576350278,81.84464419037859,84.45867156982422,788700,0.0,0.0
2020-06-25 00:00:00-04:00,83.8441852416375,84.34163421836118,82.31282941748495,84.29286193847656,128600,0.0,0.0
2020-06-26 00:00:00-04:00,83.7368833550197,84.56595993445468,78.24546306756736,78.51856994628906,263800,0.0,0.0
2020-06-29 00:00:00-04:00,78.86971437217034,81.59104226785138,78.86971437217034,80.66442108154297,115600,0.0,0.0
2020-06-30 00:00:00-04:00,80.48885185511746,82.57618480387775,80.48885185511746,81.93242645263672,83700,0.0,0.0
2020-07-01 00:00:00-04:00,81.7666132745972,83.25895272067639,81.51301082130642,82.6054458618164,76400,0.0,0.0
2020-07-02 00:00:00-04:00,83.1223996379943,83.94172034079234,82.61519472917225,83.46378326416016,41900,0.0,0.0
2020-07-06 00:00:00-04:00,84.47817807537442,84.52695034971849,81.78611075855437,82.68346405029297,60800,0.0,0.0
2020-07-07 00:00:00-04:00,81.6593114398407,83.09312995092618,81.47398573139714,81.6690673828125,64700,0.0,0.0
2020-07-08 00:00:00-04:00,81.13259966603535,81.61053667460196,79.96213955969966,81.21063232421875,84100,0.0,0.0
2020-07-09 00:00:00-04:00,80.71319453761286,80.71319453761286,78.34300617074747,80.37181091308594,67500,0.0,0.0
2020-07-10 00:00:00-04:00,80.41082452073464,82.90781030871904,80.19623840927885,82.51765441894531,59400,0.0,0.0
2020-07-13 00:00:00-04:00,82.75174713823577,83.6393519967017,81.6690754921934,82.34208679199219,64900,0.0,0.0
2020-07-14 00:00:00-04:00,82.14700837359804,83.52229873488211,81.96168265620341,82.50789642333984,63700,0.0,0.0
2020-07-15 00:00:00-04:00,84.06851813634319,85.13168525903586,82.23478777191279,82.31282043457031,76600,0.0,0.0
2020-07-16 00:00:00-04:00,82.38110466731014,83.23944171001203,82.00070470416686,82.9078140258789,48900,0.0,0.0
2020-07-17 00:00:00-04:00,82.9468265506748,83.84417988704467,82.63470332751987,83.52230072021484,56800,0.0,0.0
2020-07-20 00:00:00-04:00,83.08338973259629,83.20043874559859,81.16187789170677,81.70809173583984,36700,0.0,0.0
2020-07-21 00:00:00-04:00,82.37134003133528,83.43451458040931,81.47398674843528,82.19577026367188,48200,0.0,0.0
2020-07-22 00:00:00-04:00,81.40571839616126,83.93197212152204,81.19113227567445,83.68812561035156,63600,0.0,0.0
2020-07-23 00:00:00-04:00,83.30772711693045,84.64400125907542,82.92731970652154,83.65885925292969,35800,0.0,0.0
2020-07-24 00:00:00-04:00,83.74663371217622,84.2245707180596,82.02019650717926,82.36158752441406,36300,0.0,0.0
2020-07-27 00:00:00-04:00,82.18602851301361,82.69322597147831,81.40571671672427,81.8934097290039,42300,0.0,0.0
2020-07-28 00:00:00-04:00,81.54226279646012,84.81956013816242,81.54226279646012,83.71737670898438,85000,0.0,0.0
2020-07-29 00:00:00-04:00,84.0002467842062,85.22922781236998,83.92221411656269,84.08802795410156,158400,0.0,0.0
2020-07-30 00:00:00-04:00,82.99559775305914,83.16141904183523,82.21529335611108,82.7712631225586,42400,0.0,0.0
2020-07-31 00:00:00-04:00,82.45912688708708,82.55666399114159,80.29376894569836,82.41035461425781,68600,0.0,0.0
2020-08-03 00:00:00-04:00,82.57618647972822,82.57618647972822,80.6644232750893,81.90316772460938,52700,0.0,0.0
2020-08-04 00:00:00-04:00,81.85439163881138,82.80051725299114,81.63005702527462,82.51765441894531,37200,0.0,0.0
2020-08-05 00:00:00-04:00,83.04436981026964,83.27846038456408,81.02532093316772,81.72760009765625,53300,0.0,0.0
2020-08-06 00:00:00-04:00,82.06897521002654,83.07362157201442,80.68392891372488,82.24454498291016,40900,0.0,0.0
2020-08-07 00:00:00-04:00,81.85438927628633,85.03414963999997,81.84464077448672,84.47817993164062,49200,0.0,0.0
2020-08-10 00:00:00-04:00,85.04391443435787,85.48283519236277,84.25384665170178,84.5952377319336,47600,0.0,0.0
2020-08-11 00:00:00-04:00,84.89760165859138,84.96587838360173,82.44938061904067,82.82978057861328,52300,0.0,0.0
2020-08-12 00:00:00-04:00,83.2004270570025,84.86833618953654,82.97608500733331,84.10753631591797,45400,0.0,0.0
2020-08-13 00:00:00-04:00,83.61983671886378,83.75639014992342,82.44936917057626,83.21992492675781,60700,0.0,0.0
2020-08-14 00:00:00-04:00,82.69322196632048,83.5905752794675,82.4493754719911,83.2882080078125,56700,0.0,0.0
2020-08-17 00:00:00-04:00,83.21017944320236,83.78566106780654,82.38110280995681,83.30772399902344,60500,0.0,0.0
2020-08-18 00:00:00-04:00,82.8492929760473,83.26870927271943,81.91292326660353,82.27381134033203,45800,0.0,0.0
2020-08-19 00:00:00-04:00,82.17626865362531,83.23943579776736,81.74709644195467,82.28356170654297,30600,0.0,0.0
2020-08-20 00:00:00-04:00,82.02996949774415,82.09824622706,80.32304382324219,80.32304382324219,56000,0.0,0.0
2020-08-21 00:00:00-04:00,80.0694322993118,81.7373488898277,79.21109530760204,81.17162322998047,61500,0.0,0.0
2020-08-24 00:00:00-04:00,81.73734410040684,81.87389753559555,80.64490917729313,81.6690673828125,32300,0.0,0.0
2020-08-25 00:00:00-04:00,81.83487201674357,81.83487201674357,80.44982593442847,80.73268127441406,20100,0.0,0.0
2020-08-26 00:00:00-04:00,80.4986091448174,80.83999277242292,78.90873256962308,79.4451904296875,35100,0.0,0.0
2020-08-27 00:00:00-04:00,79.87435451652972,80.8107241316259,79.42567787439638,79.59149169921875,34200,0.0,0.0
2020-08-28 00:00:00-04:00,80.04992891330568,80.36205213638611,78.74291524215784,80.28401947021484,31900,0.0,0.0
2020-08-31 00:00:00-04:00,79.79633144945372,80.48885466133636,79.63051760469416,79.78658294677734,64500,0.0,0.0
2020-09-01 00:00:00-04:00,79.40618841594626,79.95240226743711,77.95285772427786,78.3235092163086,48300,0.0,0.0
2020-09-02 00:00:00-04:00,78.28448367221812,81.21064171814021,78.28448367221812,80.58639526367188,33900,0.0,0.0
2020-09-03 00:00:00-04:00,80.63516797314976,81.15212142108417,79.82559571540828,80.21575164794922,37000,0.0,0.0
2020-09-04 00:00:00-04:00,81.04482506650176,81.04482506650176,78.31374853269578,79.0452880859375,43200,0.0,0.0
2020-09-08 00:00:00-04:00,79.01601760067226,79.01601760067226,76.73361061648636,77.17253875732422,50200,0.0,0.0
2020-09-09 00:00:00-04:00,77.80654195557844,78.70390277744488,76.76287917945581,77.25057220458984,43000,0.0,0.0
2020-09-10 00:00:00-04:00,76.74336768099393,76.99697011441012,75.59241194977194,76.099609375,41400,0.0,0.0
2020-09-11 00:00:00-04:00,76.31419979894997,76.31419979894997,73.48557886457152,74.92915344238281,46800,0.0,0.0
2020-09-14 00:00:00-04:00,75.31173716979261,76.13578511524052,74.76237686247589,75.6943359375,54100,0.44,0.0
2020-09-15 00:00:00-04:00,76.39085247380463,77.32280411325566,74.66428179446477,74.8801040649414,61100,0.0,0.0
2020-09-16 00:00:00-04:00,74.9683861299263,75.91996199753373,74.82123391085261,75.32154846191406,63100,0.0,0.0
2020-09-17 00:00:00-04:00,74.6446588948769,75.32155466770209,74.20320968575732,74.95858764648438,60800,0.0,0.0
2020-09-18 00:00:00-04:00,75.39022215320061,75.39022215320061,72.4766365153364,72.88866424560547,196200,0.0,0.0
2020-09-21 00:00:00-04:00,71.87821894816805,74.05605081820677,71.50543981574995,73.70288848876953,95700,0.0,0.0
2020-09-22 00:00:00-04:00,74.2620677858666,75.9886385020237,73.90890542382371,75.5275650024414,96600,0.0,0.0
2020-09-23 00:00:00-04:00,75.34116805251375,75.97881515462564,72.99656729072007,73.08485412597656,194200,0.0,0.0
2020-09-24 00:00:00-04:00,73.04561914689475,75.40003224878632,72.44720559853351,74.1541519165039,69500,0.0,0.0
2020-09-25 00:00:00-04:00,73.45764386963636,75.11554453781473,73.45764386963636,74.95858764648438,58900,0.0,0.0
2020-09-28 00:00:00-04:00,83.17940378782293,87.40753238057954,82.18858677391849,84.91577911376953,1039700,0.0,0.0
2020-09-29 00:00:00-04:00,84.386032992093,84.98444654288537,83.1303479951756,84.37622833251953,489300,0.0,0.0
2020-09-30 00:00:00-04:00,84.66071717930372,86.0341179108417,81.91390074728243,82.6987075805664,3359600,0.0,0.0
2020-10-01 00:00:00-04:00,82.62023406884283,82.77719096128392,80.86423439559708,82.20821380615234,246800,0.0,0.0
2020-10-02 00:00:00-04:00,81.4528291100729,83.75818894309322,81.3743469281002,83.63066101074219,179800,0.0,0.0
2020-10-05 00:00:00-04:00,83.19901875593463,84.03287886423374,82.25725500008097,82.55155944824219,153700,0.0,0.0
2020-10-06 00:00:00-04:00,83.00282958032771,85.79869219639211,82.0610657246257,84.82749938964844,186700,0.0,0.0
2020-10-07 00:00:00-04:00,85.02369459642192,85.15123002604945,83.62085726183409,84.6705322265625,133600,0.0,0.0
2020-10-08 00:00:00-04:00,85.51418923300157,87.36828776290417,84.45470222035068,87.34867095947266,117500,0.0,0.0
2020-10-09 00:00:00-04:00,88.06480226249478,88.3296777638145,85.69077231715414,87.13285064697266,91300,0.0,0.0
2020-10-12 00:00:00-04:00,86.99550410656543,88.15309004523708,86.66195858975878,87.6920166015625,89800,0.0,0.0
2020-10-13 00:00:00-04:00,86.89740321140215,88.3002403139379,86.33823079903321,87.9078369140625,91400,0.0,0.0
2020-10-14 00:00:00-04:00,87.90784986346375,88.10404785006654,86.48539574940999,87.5546875,74100,0.0,0.0
2020-10-15 00:00:00-04:00,86.36767505716749,87.82937030927674,86.32843396177529,86.66197204589844,101300,0.0,0.0
2020-10-16 00:00:00-04:00,86.37746985233562,87.79992372333828,85.19044753744997,86.5932846069336,87600,0.0,0.0
2020-10-19 00:00:00-04:00,86.76007238628249,87.16228048775778,85.818308616943,85.97526550292969,80700,0.0,0.0
2020-10-20 00:00:00-04:00,86.25975530461115,86.89740994324804,85.10216930176158,86.48538970947266,58200,0.0,0.0
2020-10-21 00:00:00-04:00,86.4657670519692,89.69327391301601,86.4657670519692,88.94770812988281,77200,0.0,0.0
2020-10-22 00:00:00-04:00,89.43820252026086,91.06667402073177,88.12365972930255,91.0568618774414,94800,0.0,0.0
2020-10-23 00:00:00-04:00,91.53755988704252,92.3714199946484,91.04705746349696,92.1065444946289,45700,0.0,0.0
2020-10-26 00:00:00-04:00,91.59642934279387,92.24388867875605,91.02744470989113,91.95939636230469,70800,0.0,0.0
2020-10-27 00:00:00-04:00,91.85147693286461,95.45177024503158,91.85147693286461,94.1666488647461,131200,0.0,0.0
2020-10-28 00:00:00-04:00,92.72456945117177,95.30461683875447,92.43027250487583,93.99006652832031,353300,0.0,0.0
2020-10-29 00:00:00-04:00,93.48976760234761,96.08942453410461,91.53756251183717,94.84355163574219,151500,0.0,0.0
2020-10-30 00:00:00-04:00,94.67677921993183,95.41253285005523,93.40146993392874,95.36347961425781,107000,0.0,0.0
2020-11-02 00:00:00-05:00,96.12866336838258,98.48307651048265,96.12866336838258,97.35491943359375,158000,0.0,0.0
2020-11-03 00:00:00-05:00,98.5811614906877,100.0919096464914,97.60996892069674,98.19857025146484,145600,0.0,0.0
2020-11-04 00:00:00-05:00,97.46283812814308,100.24889601639657,96.48183319985885,97.73751831054688,100300,0.0,0.0
2020-11-05 00:00:00-05:00,96.93308468357573,102.58367458990293,96.93308468357573,98.91471862792969,58600,0.0,0.0
2020-11-06 00:00:00-05:00,99.25807447985792,99.5719957434139,96.57012319288036,96.93309020996094,55400,0.0,0.0
2020-11-09 00:00:00-05:00,99.1403559355226,104.02576378525305,98.27707429062096,100.78844451904297,98200,0.0,0.0
2020-11-10 00:00:00-05:00,101.64191861863384,107.90072720659778,101.64191861863384,107.89092254638672,106000,0.0,0.0
2020-11-11 00:00:00-05:00,107.32193309685643,107.32193309685643,104.98713674182189,106.90010070800781,101200,0.0,0.0
2020-11-12 00:00:00-05:00,106.0858677969303,106.0858677969303,101.77925694518815,103.71183776855469,96600,0.0,0.0
2020-11-13 00:00:00-05:00,103.71183527326698,107.91053488774727,103.66278203634694,107.46908569335938,65200,0.0,0.0
2020-11-16 00:00:00-05:00,107.91053592419775,109.19564991153631,105.29125471212943,106.97858428955078,111900,0.0,0.0
2020-11-17 00:00:00-05:00,105.87003601709698,107.94976888352663,104.83017332611847,106.79218292236328,84100,0.0,0.0
2020-11-18 00:00:00-05:00,107.84185888394683,108.51875459675625,102.83873585813332,102.85835266113281,75100,0.0,0.0
2020-11-19 00:00:00-05:00,102.51501366522938,103.59411757533708,100.59224492907099,102.6229248046875,92600,0.0,0.0
2020-11-20 00:00:00-05:00,102.62292000414436,104.75169877483083,101.82830845482664,103.06436920166016,230700,0.0,0.0
2020-11-23 00:00:00-05:00,103.16246785927015,104.08460727734798,101.93621186522866,102.39727783203125,92800,0.0,0.0
2020-11-24 00:00:00-05:00,103.36849031700586,106.77257107617515,102.80931781630053,105.58555603027344,78500,0.0,0.0
2020-11-25 00:00:00-05:00,105.58555148047527,105.98776706978634,104.24157959842445,105.26182556152344,109500,0.0,0.0
2020-11-27 00:00:00-05:00,104.76151221985019,104.76151221985019,103.51563182872704,103.90803527832031,29400,0.0,0.0
2020-11-30 00:00:00-05:00,103.11342085970352,103.89822773712663,101.61248462976944,102.03431701660156,83000,0.0,0.0
2020-12-01 00:00:00-05:00,102.89759593100257,104.42796106944847,101.45551763463337,102.54443359375,66300,0.0,0.0
2020-12-02 00:00:00-05:00,103.09379948212742,103.21152276240669,100.31756135358594,102.09317779541016,47400,0.0,0.0
2020-12-03 00:00:00-05:00,101.61248415795721,101.98526330654208,100.02325360656751,100.41565704345703,64700,0.0,0.0
2020-12-04 00:00:00-05:00,100.93558461552564,103.58429461696022,100.93558461552564,102.2795639038086,51800,0.0,0.0
2020-12-07 00:00:00-05:00,102.13242074376149,102.90741551294386,100.71977129264695,101.21027374267578,102000,0.0,0.0
2020-12-08 00:00:00-05:00,100.70996324577679,102.32861528886092,99.84667417269387,101.7302017211914,70800,0.0,0.0
2020-12-09 00:00:00-05:00,102.26974893530553,103.45676382816853,101.45551316669348,102.50518798828125,85200,0.0,0.0
2020-12-10 00:00:00-05:00,103.08399831246793,103.08399831246793,101.17103423664317,102.6229248046875,76400,0.0,0.0
2020-12-11 00:00:00-05:00,102.0637380550567,103.95707757697363,102.0637380550567,103.28018188476562,65000,0.0,0.0
2020-12-14 00:00:00-05:00,103.78260188118549,108.99389819745589,103.78260188118549,105.98927307128906,109300,0.44,0.0
2020-12-15 00:00:00-05:00,106.52123431171321,109.69332821004797,106.52123431171321,108.72791290283203,77000,0.0,0.0
2020-12-16 00:00:00-05:00,109.48646435342401,109.48646435342401,106.91529519419252,107.67384338378906,77200,0.0,0.0
2020-12-17 00:00:00-05:00,107.86100059538148,109.06285058131677,107.67383253499834,108.51118469238281,128600,0.0,0.0
2020-12-18 00:00:00-05:00,108.41268339162262,109.74259664101372,104.98445538912462,105.4080581665039,548200,0.0,0.0
2020-12-21 00:00:00-05:00,103.34915431385281,103.34915431385281,100.6400687696518,101.84191131591797,95300,0.0,0.0
2020-12-22 00:00:00-05:00,101.30993823801575,103.59542838871644,101.30993823801575,103.57572174072266,79000,0.0,0.0
2020-12-23 00:00:00-05:00,103.63483901646912,106.16660244205667,103.63483901646912,105.08296966552734,75600,0.0,0.0
2020-12-24 00:00:00-05:00,105.85135242267401,105.85135242267401,104.47218768060573,105.46715545654297,17700,0.0,0.0
2020-12-28 00:00:00-05:00,106.27496711828003,107.17143181730118,105.41791572018838,106.1666030883789,52300,0.0,0.0
2020-12-29 00:00:00-05:00,106.03852763479605,106.43257792368848,104.04858457392132,104.91548919677734,64300,0.0,0.0
2020-12-30 00:00:00-05:00,105.19132991439595,106.8167827787168,104.89579781280968,105.09281921386719,38600,0.0,0.0
2020-12-31 00:00:00-05:00,104.81698344553291,107.02365464513485,104.81698344553291,106.60005187988281,73700,0.0,0.0
2021-01-04 00:00:00-05:00,105.40806117553912,106.33407832365974,103.5461810700644,104.0781478881836,113000,0.0,0.0
2021-01-05 00:00:00-05:00,104.26531073794337,104.94504733518858,101.13262993714088,101.9995346069336,61800,0.0,0.0
2021-01-06 00:00:00-05:00,101.04396320450792,105.34894904874123,101.04396320450792,104.78742980957031,121000,0.0,0.0
2021-01-07 00:00:00-05:00,104.57069931370444,105.26028169093406,101.07351329060677,101.39860534667969,93100,0.0,0.0
2021-01-08 00:00:00-05:00,101.15232094843005,102.27535935707836,100.28541634824585,101.23113250732422,95000,0.0,0.0
2021-01-11 00:00:00-05:00,100.63021846505869,101.58578805186872,99.3692634491841,100.53170776367188,97500,0.0,0.0
2021-01-12 00:00:00-05:00,100.41349803019754,101.26070365498867,100.03915433017474,100.5908203125,65700,0.0,0.0
2021-01-13 00:00:00-05:00,100.51200266316415,103.1127243024644,99.79286776765935,102.99451446533203,82900,0.0,0.0
2021-01-14 00:00:00-05:00,102.73837988517599,103.1028777507738,101.19173856145878,101.95027923583984,85200,0.0,0.0
2021-01-15 00:00:00-05:00,101.64489125391263,105.0829650307107,100.89619640741715,103.73335266113281,91600,0.0,0.0
2021-01-19 00:00:00-05:00,104.57070426321266,104.59040339668695,102.41328462737616,102.84674072265625,52200,0.0,0.0
2021-01-20 00:00:00-05:00,102.37387806247533,103.68409214710134,100.97500660406544,101.74340057373047,55700,0.0,0.0
2021-01-21 00:00:00-05:00,101.5562282396843,102.12760083088087,100.60066616722975,100.86664581298828,46700,0.0,0.0
2021-01-22 00:00:00-05:00,100.75827855098673,101.71384810864092,99.30030217682358,101.62519073486328,76700,0.0,0.0
2021-01-25 00:00:00-05:00,101.10306679055395,103.26048634653662,101.10306679055395,102.93539428710938,64500,0.0,0.0
2021-01-26 00:00:00-05:00,103.58558128091322,103.58558128091322,101.07351713872274,101.52667236328125,41100,0.0,0.0
2021-01-27 00:00:00-05:00,100.13765740335536,100.98486296354551,98.6107152268561,100.49230194091797,90300,0.0,0.0
2021-01-28 00:00:00-05:00,101.64488058646339,103.23092748798786,98.88653618836418,99.47761535644531,72800,0.0,0.0
2021-01-29 00:00:00-05:00,99.07371583353698,100.7484201696124,98.15755210439629,99.9209213256836,84100,0.0,0.0
2021-02-01 00:00:00-05:00,100.21645370896667,101.22127473511479,99.33968830759704,100.452880859375,47400,0.0,0.0
2021-02-02 00:00:00-05:00,100.93560385492886,102.8861488115232,98.79789082053769,100.49230194091797,40100,0.0,0.0
2021-02-03 00:00:00-05:00,99.66479093701376,101.55622337321718,98.26591950081442,99.41851043701172,44800,0.0,0.0
2021-02-04 00:00:00-05:00,99.08357352753757,101.13262911127973,99.08357352753757,100.8567886352539,42200,0.0,0.0
2021-02-05 00:00:00-05:00,101.75325455069911,102.63986587364478,101.2902459978339,102.61031341552734,39100,0.0,0.0
2021-02-08 00:00:00-05:00,103.29003850112123,103.29003850112123,100.97500334230381,102.54134368896484,33600,0.0,0.0
2021-02-09 00:00:00-05:00,103.00435650687521,103.73335221665613,101.70399573478886,103.18167877197266,42200,0.0,0.0
2021-02-10 00:00:00-05:00,103.43780860478019,104.0879927236347,102.51179153218776,102.93539428710938,54400,0.0,0.0
2021-02-11 00:00:00-05:00,102.7088208245689,103.58557879476284,102.04878337892228,103.46736145019531,67000,0.0,0.0
2021-02-12 00:00:00-05:00,103.15212833639886,103.58558444088847,99.61554380568417,100.37408447265625,95800,0.0,0.0
2021-02-16 00:00:00-05:00,100.54155341634187,101.1129260057355,99.25104594364656,100.37408447265625,93700,0.0,0.0
2021-02-17 00:00:00-05:00,100.42334075623873,102.87629247261093,100.34452919111496,101.76310729980469,62000,0.0,0.0
2021-02-18 00:00:00-05:00,101.91086951257859,102.93539731076012,101.01441238659756,101.74340057373047,91700,0.0,0.0
2021-02-19 00:00:00-05:00,101.22128282115072,102.08818745248948,99.6746416227184,100.98485565185547,95500,0.0,0.0
2021-02-22 00:00:00-05:00,100.23616779023135,100.64007143514344,98.55161000003633,100.11795043945312,57700,0.0,0.0
2021-02-23 00:00:00-05:00,100.54155478064226,103.43781603469691,99.13282993782003,102.4625473022461,54600,0.0,0.0
2021-02-24 00:00:00-05:00,103.21123171462388,104.11754969375627,102.0389416104238,103.83186340332031,85500,0.0,0.0
2021-02-25 00:00:00-05:00,104.40324054599499,106.393183825369,103.35900603838869,104.96475982666016,73900,0.0,0.0
2021-02-26 00:00:00-05:00,106.05823765648624,107.5654731072492,104.058433692027,104.15695190429688,87300,0.0,0.0
2021-03-01 00:00:00-05:00,105.26028867441809,107.86101026377764,105.26028867441809,105.84151458740234,63400,0.0,0.0
2021-03-02 00:00:00-05:00,105.851356203848,106.09763670456974,103.73334991034862,105.33909606933594,38000,0.0,0.0
2021-03-03 00:00:00-05:00,105.67402997896085,106.71826437365418,104.30471104758061,105.13221740722656,51800,0.0,0.0
2021-03-04 00:00:00-05:00,105.16178224669709,109.24018706464246,105.16178224669709,106.67887115478516,61300,0.0,0.0
2021-03-05 00:00:00-05:00,107.38815917354304,111.5158155444357,107.2009835747792,111.14147186279297,70400,0.0,0.0
2021-03-08 00:00:00-05:00,111.44685179344597,114.59924677762824,110.27456169648644,114.37266540527344,74200,0.0,0.0
2021-03-09 00:00:00-05:00,114.12638113155643,115.48585428903299,113.93921306410486,114.38251495361328,65500,0.0,0.0
2021-03-10 00:00:00-05:00,113.8604027713873,117.97821303952972,112.78661588116982,116.2739486694336,59300,0.0,0.0
2021-03-11 00:00:00-05:00,115.3577964036069,117.01280183219617,115.24943237133911,116.579345703125,53900,0.0,0.0
2021-03-12 00:00:00-05:00,116.93531286372452,118.07243264888653,115.63009914390334,117.3604965209961,81800,0.44,0.0
2021-03-15 00:00:00-04:00,116.64854896390212,119.49628565250929,116.35190642503478,118.74479675292969,52100,0.0,0.0
2021-03-16 00:00:00-04:00,117.76589436170042,119.39741331957448,117.0737384614792,119.03155517578125,38700,0.0,0.0
2021-03-17 00:00:00-04:00,119.68415843206783,119.68415843206783,114.78960185880086,115.01702880859375,50600,0.0,0.0
2021-03-18 00:00:00-04:00,114.44352762757111,115.14557360423544,113.60305047488472,114.69072723388672,52400,0.0,0.0
2021-03-19 00:00:00-04:00,114.54240308177216,117.46925298563069,114.18644259804499,116.78697967529297,215200,0.0,0.0
2021-03-22 00:00:00-04:00,116.69798481409383,116.69798481409383,112.06052540960336,113.6722640991211,48100,0.0,0.0
2021-03-23 00:00:00-04:00,112.45605470945719,116.52989962834849,111.43758593580064,114.60174560546875,35600,0.0,0.0
2021-03-24 00:00:00-04:00,115.26424067723235,117.49892739631531,114.30510492658433,115.62020874023438,85800,0.0,0.0
2021-03-25 00:00:00-04:00,115.60042937946073,117.16272518313599,113.16797857549612,115.05658721923828,49600,0.0,0.0
2021-03-26 00:00:00-04:00,115.9465089903711,117.18250705959835,114.79949916104012,116.26292419433594,34300,0.0,0.0
2021-03-29 00:00:00-04:00,115.31368003879368,116.91552872862526,114.3842070649373,116.816650390625,50100,0.0,0.0
2021-03-30 00:00:00-04:00,116.22337413744617,116.22337413744617,114.64129807968979,114.78961181640625,45100,0.0,0.0
2021-03-31 00:00:00-04:00,115.0368062825074,116.78698373669032,112.72302156618427,114.77972412109375,80500,0.0,0.0
2021-04-01 00:00:00-04:00,115.05659089586261,115.18513198150751,113.51406769238903,114.51274871826172,38500,0.0,0.0
2021-04-05 00:00:00-04:00,114.94782429605571,116.09483416388306,114.16667258481476,114.87860870361328,43900,0.0,0.0
2021-04-06 00:00:00-04:00,114.89837268423132,115.22467797138111,113.35584957251702,115.00714111328125,51900,0.0,0.0
2021-04-07 00:00:00-04:00,114.57208303804705,115.19502336704842,113.41518307856774,113.97879791259766,43300,0.0,0.0
2021-04-08 00:00:00-04:00,113.90958390644006,114.89838240404434,113.20753787841308,114.75006866455078,37400,0.0,0.0
2021-04-09 00:00:00-04:00,114.38420118478811,115.62019920608641,114.02823315113953,114.81927490234375,40000,0.0,0.0
2021-04-12 00:00:00-04:00,115.13569260509541,116.19370663264424,114.06778848085919,115.46199035644531,28700,0.0,0.0
2021-04-13 00:00:00-04:00,114.76983241848993,116.68810376920128,113.78103399753492,115.50154113769531,29600,0.0,0.0
2021-04-14 00:00:00-04:00,115.2939011062726,116.81665166872467,115.2939011062726,116.28269958496094,27900,0.0,0.0
2021-04-15 00:00:00-04:00,116.7770967903703,118.04275761401765,115.54109871353756,118.03287506103516,34900,0.0,0.0
2021-04-16 00:00:00-04:00,118.79424774775299,118.79424774775299,117.65712799688238,118.77447509765625,30400,0.0,0.0
2021-04-19 00:00:00-04:00,118.65581287596162,118.65581287596162,117.37037188556533,118.04275512695312,31500,0.0,0.0
2021-04-20 00:00:00-04:00,117.54836100602098,119.80282788536971,117.54836100602098,119.32820129394531,45100,0.0,0.0
2021-04-21 00:00:00-04:00,118.40861146164609,120.48508664655009,117.72633813394621,118.95245361328125,40300,0.0,0.0
2021-04-22 00:00:00-04:00,118.63604259056777,119.84237037527475,118.50749396260647,119.09088897705078,30000,0.0,0.0
2021-04-23 00:00:00-04:00,119.76326940567185,121.34534539609066,119.76326940567185,120.56419372558594,38000,0.0,0.0
2021-04-26 00:00:00-04:00,120.31700068014071,120.3466634278397,118.49760753395337,118.54705047607422,32900,0.0,0.0
2021-04-27 00:00:00-04:00,117.85489157192679,118.49760453965442,116.79687751510608,117.22206115722656,36400,0.0,0.0
2021-04-28 00:00:00-04:00,117.60768457636209,117.82522143225391,115.72896610012653,115.75862884521484,59300,0.0,0.0
2021-04-29 00:00:00-04:00,116.61889754740194,118.61626719881339,115.50155041386898,116.92542266845703,46600,0.0,0.0
2021-04-30 00:00:00-04:00,116.03549049737535,117.39014701846132,114.77971985123658,117.1923828125,61100,0.0,0.0
2021-05-03 00:00:00-04:00,118.08231551723784,120.58397452490686,116.7968819886148,119.53585052490234,81700,0.0,0.0
2021-05-04 00:00:00-04:00,119.32819957588598,119.38752506998472,116.9451916438047,117.4692611694336,29200,0.0,0.0
2021-05-05 00:00:00-04:00,118.96233144514338,119.69404768265835,113.81069275764298,115.79817962646484,38700,0.0,0.0
2021-05-06 00:00:00-04:00,116.68810263975975,118.39871966685196,114.73027846588828,117.7461166381836,53500,0.0,0.0
2021-05-07 00:00:00-04:00,118.19108140339017,118.74480613951823,117.31105135750076,118.45806121826172,38700,0.0,0.0
2021-05-10 00:00:00-04:00,117.85488320211701,118.5569291578193,117.31104106688767,117.38025665283203,66800,0.0,0.0
2021-05-11 00:00:00-04:00,117.29128222305614,117.40993321639237,115.45211638700503,116.82654571533203,32000,0.0,0.0
2021-05-12 00:00:00-04:00,116.52988817004905,116.97485196968398,114.80938109235305,115.36310577392578,71300,0.0,0.0
2021-05-13 00:00:00-04:00,115.28400773883207,120.43565430531912,115.28400773883207,120.2774429321289,72900,0.0,0.0
2021-05-14 00:00:00-04:00,120.29722728947151,120.37632543487086,117.65712960149874,118.27018737792969,51000,0.0,0.0
2021-05-17 00:00:00-04:00,118.58659557879321,118.58659557879321,114.66106461899282,115.12580108642578,35200,0.0,0.0
2021-05-18 00:00:00-04:00,115.68941779682562,115.92672731077415,113.87003228333111,114.21611022949219,30500,0.0,0.0
2021-05-19 00:00:00-04:00,114.61162737465546,115.41255167304952,113.72170729647696,114.75994110107422,34700,0.0,0.0
2021-05-20 00:00:00-04:00,114.49297524975114,116.27280796166771,114.49297524975114,115.51143646240234,28000,0.0,0.0
2021-05-21 00:00:00-04:00,116.66833511309093,116.78699365115523,114.12712322170262,115.39278411865234,44400,0.0,0.0
2021-05-24 00:00:00-04:00,115.68942193017024,116.57934206918905,114.60174511311777,115.63009643554688,43200,0.0,0.0
2021-05-25 00:00:00-04:00,115.68941738923395,116.52989455378787,113.87003188214942,113.96891021728516,42700,0.0,0.0
2021-05-26 00:00:00-04:00,113.72171083243174,116.6090004701338,113.72171083243174,115.05658721923828,73800,0.0,0.0
2021-05-27 00:00:00-04:00,116.14426311611564,116.53978399837885,114.20621909135257,114.34465026855469,61900,0.0,0.0
2021-05-28 00:00:00-04:00,114.2062139275346,115.29389064662928,112.94055319666566,113.27674102783203,65200,0.0,0.0
2021-06-01 00:00:00-04:00,113.13831474221107,115.155464448109,112.2187318989919,114.96759033203125,41800,0.0,0.0
2021-06-02 00:00:00-04:00,114.46331514895874,116.23326534876792,114.46331514895874,114.87860870361328,38700,0.0,0.0
2021-06-03 00:00:00-04:00,115.08625220231606,115.89706663808583,113.94913246407059,115.66964721679688,32300,0.0,0.0
2021-06-04 00:00:00-04:00,115.59054453455197,116.1937122145912,114.89838106791767,115.06648254394531,29600,0.0,0.0
2021-06-07 00:00:00-04:00,115.10602891160215,117.38026077531329,115.10602891160215,117.30115509033203,54100,0.0,0.0
2021-06-08 00:00:00-04:00,117.05395192407163,117.05395192407163,115.73885578492278,116.78697967529297,29500,0.0,0.0
2021-06-09 00:00:00-04:00,117.01440128196478,117.2813810796942,116.35190815178673,117.18250274658203,36300,0.0,0.0
2021-06-10 00:00:00-04:00,117.1825041711466,117.77578172096517,117.05395554699813,117.51869201660156,34200,0.0,0.0
2021-06-11 00:00:00-04:00,117.62746772940494,119.5457392183736,117.3110525136514,119.19966125488281,46100,0.0,0.0
2021-06-14 00:00:00-04:00,118.8025555246409,121.11566805193951,118.43524236239402,119.3882827758789,47700,0.48,0.0
2021-06-15 00:00:00-04:00,118.90182913723528,119.97400244259705,117.72046014852533,119.40813446044922,27900,0.0,0.0
2021-06-16 00:00:00-04:00,120.0037767990618,120.56964474832901,118.56429041512861,120.30160522460938,42900,0.0,0.0
2021-06-17 00:00:00-04:00,120.20233563491121,121.37378253437481,119.68610068987748,120.58950805664062,30000,0.0,0.0
2021-06-18 00:00:00-04:00,119.68609762208138,119.68609762208138,115.97320977790285,116.4795150756836,90200,0.0,0.0
2021-06-21 00:00:00-04:00,116.10227013380596,119.55704824715697,115.98314481637131,118.75292205810547,54400,0.0,0.0
2021-06-22 00:00:00-04:00,119.07060560359182,119.07060560359182,117.33329064974161,118.14734649658203,69200,0.0,0.0
2021-06-23 00:00:00-04:00,117.5616109265055,118.05798659254285,116.7177738090603,117.21414947509766,125700,0.0,0.0
2021-06-24 00:00:00-04:00,117.70060040691082,119.05074288066581,116.63835674033365,118.73306274414062,42600,0.0,0.0
2021-06-25 00:00:00-04:00,118.39552957479022,122.77355914349319,117.93886485707667,122.19776153564453,677200,0.0,0.0
2021-06-28 00:00:00-04:00,122.57501146519719,124.03435717427723,120.90718887969027,121.52269744873047,65300,0.0,0.0
2021-06-29 00:00:00-04:00,121.89000665404723,123.24014906399498,119.93428532901595,121.373779296875,85000,0.0,0.0
2021-06-30 00:00:00-04:00,120.7781401231668,121.56240707152156,119.12023951288424,119.45777893066406,46600,0.0,0.0
2021-07-01 00:00:00-04:00,119.02095950612959,121.59218945758772,117.56161380044954,121.20500946044922,62500,0.0,0.0
2021-07-02 00:00:00-04:00,120.99653607046122,121.55248199641314,120.36117579002358,120.71856689453125,28500,0.0,0.0
2021-07-06 00:00:00-04:00,120.86747227635932,121.07594914305795,117.29356906678423,119.11030578613281,40200,0.0,0.0
2021-07-07 00:00:00-04:00,118.52458203383432,119.33863783075007,118.02820636317614,118.72312927246094,34900,0.0,0.0
2021-07-08 00:00:00-04:00,118.21683077799328,118.67349548315751,117.29357173357012,117.67081451416016,43700,0.0,0.0
2021-07-09 00:00:00-04:00,118.17712015933394,118.17712015933394,117.46233798427095,118.10762786865234,29100,0.0,0.0
2021-07-12 00:00:00-04:00,117.44249137363462,120.01371381424084,117.12481123475486,120.0037841796875,39100,0.0,0.0
2021-07-13 00:00:00-04:00,119.26914517932715,119.6960285577666,118.17712022199815,118.20690155029297,28100,0.0,0.0
2021-07-14 00:00:00-04:00,118.98124722514773,119.7655216968637,118.02820684250459,119.31878662109375,27600,0.0,0.0
2021-07-15 00:00:00-04:00,118.66356804312375,120.65900038391885,118.40545057053087,120.62921905517578,28500,0.0,0.0
2021-07-16 00:00:00-04:00,121.11566496463615,122.34667452058021,120.05342132077884,120.45052337646484,38900,0.0,0.0
2021-07-19 00:00:00-04:00,119.67617312929609,120.47036963071207,116.55893463018042,118.3558120727539,42600,0.0,0.0
2021-07-20 00:00:00-04:00,118.67349695158168,121.0163907368695,118.67349695158168,119.65631866455078,31300,0.0,0.0
2021-07-21 00:00:00-04:00,120.59943232889795,120.90718281092505,118.41537490502382,118.57421875,26700,0.0,0.0
2021-07-22 00:00:00-04:00,118.14733883105491,118.96139462507851,117.63110389391315,118.10762786865234,23100,0.0,0.0
2021-07-23 00:00:00-04:00,118.57422407234132,120.88732896942503,117.13473006547405,120.70863342285156,28600,0.0,0.0
2021-07-26 00:00:00-04:00,120.12291422271852,121.38370511377808,120.12291422271852,121.32414245605469,20900,0.0,0.0
2021-07-27 00:00:00-04:00,120.4505217130184,123.49826801912401,120.4505217130184,123.37913513183594,31500,0.0,0.0
2021-07-28 00:00:00-04:00,122.76363800219058,124.49102326457546,122.20769208482355,123.42877960205078,42300,0.0,0.0
2021-07-29 00:00:00-04:00,123.61739397683081,125.30507580546532,123.17065890183173,124.21305084228516,20600,0.0,0.0
2021-07-30 00:00:00-04:00,124.19319496827497,124.70942992256585,123.34935781794043,123.6868896484375,26700,0.0,0.0
2021-08-02 00:00:00-04:00,123.73652348413947,126.1290577924975,123.73652348413947,124.79876708984375,30400,0.0,0.0
2021-08-03 00:00:00-04:00,124.57043321262009,127.61817932128906,124.45130033304957,127.61817932128906,60200,0.0,0.0
2021-08-04 00:00:00-04:00,127.34022455441114,127.34022455441114,124.8583385147208,126.40703582763672,28700,0.0,0.0
2021-08-05 00:00:00-04:00,127.21116379316108,128.9683380126953,125.48377847786493,128.9683380126953,34700,0.0,0.0
2021-08-06 00:00:00-04:00,129.91144939926224,130.5865130831962,128.7598541344739,129.92137145996094,45600,0.0,0.0
2021-08-09 00:00:00-04:00,130.63615233524382,130.63615233524382,127.06224883072255,127.89616394042969,27400,0.0,0.0
2021-08-10 00:00:00-04:00,127.72738686881476,128.32302856445312,126.82397954335303,128.32302856445312,31400,0.0,0.0
2021-08-11 00:00:00-04:00,127.95571592910792,129.55404614649777,127.60824691082118,128.91868591308594,20100,0.0,0.0
2021-08-12 00:00:00-04:00,128.71021623058667,128.7697940405796,127.73732407528651,128.20391845703125,26700,0.0,0.0
2021-08-13 00:00:00-04:00,128.2634751578102,131.04318204909444,128.2634751578102,130.6063690185547,25600,0.0,0.0
2021-08-16 00:00:00-04:00,130.43759118888738,131.47004586371756,129.5341838807969,130.0007781982422,26700,0.0,0.0
2021-08-17 00:00:00-04:00,129.06759418287422,131.3012846619258,127.73731104424742,131.1027374267578,22100,0.0,0.0
2021-08-18 00:00:00-04:00,131.4303495486311,131.4303495486311,128.95839325394627,129.1470184326172,30300,0.0,0.0
2021-08-19 00:00:00-04:00,128.71021145760793,129.8320253740131,126.55595033647289,126.80413818359375,45700,0.0,0.0
2021-08-20 00:00:00-04:00,126.44674368209671,128.4719573691071,126.10920428054908,127.46926879882812,67400,0.0,0.0
2021-08-23 00:00:00-04:00,128.24362612744602,129.10733019703648,127.83660954211489,128.948486328125,38900,0.0,0.0
2021-08-24 00:00:00-04:00,128.20391368140255,128.20391368140255,126.40703609225721,126.84384155273438,42500,0.0,0.0
2021-08-25 00:00:00-04:00,127.04239309947496,127.77703456123585,126.5360877837407,127.56855010986328,53900,0.0,0.0
2021-08-26 00:00:00-04:00,127.2310166778645,127.48912657557183,125.34478759765625,125.34478759765625,30500,0.0,0.0
2021-08-27 00:00:00-04:00,125.39442268760676,128.8591304102783,125.39442268760676,128.22377014160156,43900,0.0,0.0
2021-08-30 00:00:00-04:00,127.92594567829028,129.31579157541353,127.88624228759426,128.57122802734375,29300,0.0,0.0
2021-08-31 00:00:00-04:00,128.58116983321344,129.96109371904404,128.48188863064763,129.7526092529297,39100,0.0,0.0
2021-09-01 00:00:00-04:00,130.40781094611856,131.47004695657887,129.37535626270596,131.31121826171875,28100,0.0,0.0
2021-09-02 00:00:00-04:00,131.54948793224196,132.4330361083927,130.58651782306606,131.2615966796875,26400,0.0,0.0
2021-09-03 00:00:00-04:00,130.69572402364287,130.92406776678945,129.71290977026953,129.82211303710938,26100,0.0,0.0
2021-09-07 00:00:00-04:00,129.61361277516633,129.61361277516633,128.15426709071403,129.1470184326172,31400,0.0,0.0
2021-09-08 00:00:00-04:00,128.25356102671446,131.79767579237628,128.25356102671446,131.2615966796875,30700,0.0,0.0
2021-09-09 00:00:00-04:00,131.68846412845957,131.68846412845957,130.0901338052141,130.2489776611328,45800,0.0,0.0
2021-09-10 00:00:00-04:00,130.16955375598354,130.16955375598354,127.08209641381015,127.38986206054688,37300,0.0,0.0
2021-09-13 00:00:00-04:00,127.12181092117551,129.15695417867354,125.90072345185837,127.22107696533203,37200,0.0,0.0
2021-09-14 00:00:00-04:00,127.07160838360564,127.07160838360564,123.8031427989637,124.85942077636719,45300,0.48,0.0
2021-09-15 00:00:00-04:00,124.20174176325622,125.41745323073567,123.6038529963591,124.31135559082031,41200,0.0,0.0
2021-09-16 00:00:00-04:00,124.18181203959927,124.18181203959927,121.08274685964517,123.12553405761719,44200,0.0,0.0
2021-09-17 00:00:00-04:00,123.38462140950676,125.48720279477338,121.82014217807105,124.6302261352539,255800,0.0,0.0
2021-09-20 00:00:00-04:00,123.0258911508449,123.9725553386615,120.75390926419418,121.88990020751953,53800,0.0,0.0
2021-09-21 00:00:00-04:00,123.01592182516806,123.86293913554381,121.77031707763672,121.77031707763672,34600,0.0,0.0
2021-09-22 00:00:00-04:00,122.93620890371706,123.13550262230206,121.16246135701122,121.54113006591797,48800,0.0,0.0
2021-09-23 00:00:00-04:00,121.37173066380429,123.793186617524,121.37173066380429,122.14898681640625,29300,0.0,0.0
2021-09-24 00:00:00-04:00,121.8101773418659,123.04582272526596,121.67067021834782,121.77031707763672,32300,0.0,0.0
2021-09-27 00:00:00-04:00,122.19880742137289,124.6900169573408,121.38169099767815,121.61088562011719,38100,0.0,0.0
2021-09-28 00:00:00-04:00,121.38169126663837,121.38169126663837,117.36586270217066,119.3687973022461,34000,0.0,0.0
2021-09-29 00:00:00-04:00,120.31545198532507,122.50772090872526,119.78731678728803,121.82014465332031,45000,0.0,0.0
2021-09-30 00:00:00-04:00,122.44792730321353,123.66363876253595,119.57805667982231,119.62788391113281,49400,0.0,0.0
2021-10-01 00:00:00-04:00,120.52471179962302,124.19177246431765,120.34534441266526,123.96258544921875,81000,0.0,0.0
2021-10-04 00:00:00-04:00,124.22167446928802,127.06165178590868,122.84652195618997,126.86235046386719,44500,0.0,0.0
2021-10-05 00:00:00-04:00,127.53000338851653,128.23750599262345,125.89576291961745,126.1648178100586,63300,0.0,0.0
2021-10-06 00:00:00-04:00,126.21463822386211,128.52647266847168,123.68356853041108,128.32717895507812,45700,0.0,0.0
2021-10-07 00:00:00-04:00,128.32718085556348,129.4033851699898,125.97547851036583,126.56340789794922,42800,0.0,0.0
2021-10-08 00:00:00-04:00,127.02179449770749,127.13140832675663,125.91569684280682,126.39400482177734,17800,0.0,0.0
2021-10-11 00:00:00-04:00,126.64311943726725,126.89224038125674,124.43093184079753,125.90572357177734,20700,0.0,0.0
2021-10-12 00:00:00-04:00,126.45379509600836,128.15778147301538,126.45379509600836,127.40045166015625,21500,0.0,0.0
2021-10-13 00:00:00-04:00,126.55344229747016,128.16774118396756,125.47723797142652,127.45027923583984,23500,0.0,0.0
2021-10-14 00:00:00-04:00,128.45673334986546,129.26388281416186,126.79259958649696,128.63609313964844,36600,0.0,0.0
2021-10-15 00:00:00-04:00,130.01124395955236,130.18064438270434,126.87231843627262,127.01182556152344,44000,0.0,0.0
2021-10-18 00:00:00-04:00,126.49365330026396,127.36058932208446,125.88579758705507,125.95555114746094,26200,0.0,0.0
2021-10-19 00:00:00-04:00,126.97196561046626,126.97196561046626,124.69001676670038,126.37407684326172,27800,0.0,0.0
2021-10-20 00:00:00-04:00,126.09505771941384,128.61616805469347,126.09505771941384,127.91861724853516,25300,0.0,0.0
2021-10-21 00:00:00-04:00,128.27735109485053,129.29376879483752,128.27735109485053,128.91510009765625,30600,0.0,0.0
2021-10-22 00:00:00-04:00,129.68239824760246,130.12085354269988,128.3869662953063,129.57278442382812,30600,0.0,0.0
2021-10-25 00:00:00-04:00,129.21405366089263,131.34652840349298,128.48662473791572,130.39987182617188,36100,0.0,0.0
2021-10-26 00:00:00-04:00,130.60914345920642,132.92097804809438,130.090967607936,131.585693359375,51100,0.0,0.0
2021-10-27 00:00:00-04:00,130.5393771545563,131.9444229548418,127.40045167956289,127.85883331298828,70300,0.0,0.0
2021-10-28 00:00:00-04:00,128.15778911000086,130.62906481123179,128.15778911000086,130.37994384765625,32700,0.0,0.0
2021-10-29 00:00:00-04:00,129.6724488620377,130.91805368026172,129.61266226358484,130.60914611816406,56100,0.0,0.0
2021-11-01 00:00:00-04:00,130.75860538608487,133.30960147996913,130.72871208851092,132.7216796875,57100,0.0,0.0
2021-11-02 00:00:00-04:00,133.5288351460224,133.5288351460224,131.31663979510273,131.55580139160156,47900,0.0,0.0
2021-11-03 00:00:00-04:00,131.11733366036373,133.98721172624226,130.45965073607732,133.100341796875,53000,0.0,0.0
2021-11-04 00:00:00-04:00,134.1566214644954,134.7046754010278,130.50948703644815,131.74513244628906,40900,0.0,0.0
2021-11-05 00:00:00-04:00,132.80140749594275,136.9567433430046,132.80140749594275,134.96377563476562,49400,0.0,0.0
2021-11-08 00:00:00-05:00,134.5253156120106,134.5253156120106,129.8019768344509,131.74513244628906,65500,0.0,0.0
2021-11-09 00:00:00-05:00,132.12378995353703,132.12378995353703,130.25041065600462,130.28030395507812,40200,0.0,0.0
2021-11-10 00:00:00-05:00,130.49952567234834,132.2832249913885,130.45965780530895,131.6753692626953,46800,0.0,0.0
2021-11-11 00:00:00-05:00,131.93445555656945,132.07396268725677,130.36002445529965,130.73867797851562,31900,0.0,0.0
2021-11-12 00:00:00-05:00,131.42624831167575,132.37290488452285,130.6290582273859,131.6753692626953,25300,0.0,0.0
2021-11-15 00:00:00-05:00,131.3465304711029,133.39928471669762,131.3465304711029,133.2199249267578,53300,0.0,0.0
2021-11-16 00:00:00-05:00,133.08041052597736,134.38580183186986,132.4725548180653,133.49893188476562,56400,0.0,0.0
2021-11-17 00:00:00-05:00,132.68181710321878,133.2797134887745,132.04406805435644,132.37290954589844,54400,0.0,0.0
2021-11-18 00:00:00-05:00,131.86470220933484,133.16013418182226,128.73574370616706,129.64254760742188,51400,0.0,0.0
2021-11-19 00:00:00-05:00,129.31370620688494,132.2134624915679,129.31370620688494,131.70526123046875,42200,0.0,0.0
2021-11-22 00:00:00-05:00,131.88464091916003,134.0569683690503,131.3963583688456,133.54876708984375,30500,0.0,0.0
2021-11-23 00:00:00-05:00,133.13024240350222,134.52531364816952,133.13024240350222,134.19647216796875,33400,0.0,0.0
2021-11-24 00:00:00-05:00,133.27971546771332,134.5253202851686,132.81136683993918,133.81781005859375,40100,0.0,0.0
2021-11-26 00:00:00-05:00,132.10386378684004,132.54230388361296,128.76563699696294,130.10092163085938,35100,0.0,0.0
2021-11-29 00:00:00-05:00,131.1870893518022,131.49601210956686,129.3336288308966,129.7820587158203,40700,0.0,0.0
2021-11-30 00:00:00-05:00,129.34360095708115,129.8318682903461,126.91217803955078,126.91217803955078,63700,0.0,0.0
2021-12-01 00:00:00-05:00,128.67595900842318,132.74161477017685,127.87876892089844,127.87876892089844,39600,0.0,0.0
2021-12-02 00:00:00-05:00,128.93503284268152,132.3031528104502,128.93503284268152,130.54933166503906,50900,0.0,0.0
2021-12-03 00:00:00-05:00,131.1970566297404,131.89459222676854,130.33010541152234,131.4362030029297,48600,0.0,0.0
2021-12-06 00:00:00-05:00,132.63200770382542,135.35240438122878,132.63200770382542,134.1466522216797,66600,0.0,0.0
2021-12-07 00:00:00-05:00,139.97607778306508,139.97607778306508,133.67829299544738,133.9274139404297,54300,0.0,0.0
2021-12-08 00:00:00-05:00,133.23985243744306,137.0065598959582,133.23985243744306,136.8072509765625,53100,0.0,0.0
2021-12-09 00:00:00-05:00,136.15954916923846,136.15954916923846,134.15662215587548,134.36587524414062,53000,0.0,0.0
2021-12-10 00:00:00-05:00,134.87409043616051,135.92038627775378,134.06692577373278,134.62496948242188,51500,0.0,0.0
2021-12-13 00:00:00-05:00,134.06692446656558,137.2855781051849,133.70818968847416,136.02999877929688,53800,0.0,0.0
2021-12-14 00:00:00-05:00,136.0500030517578,138.24000549316406,136.0,136.39999389648438,91600,0.48,0.0
2021-12-15 00:00:00-05:00,136.9199981689453,139.41000366210938,135.99000549316406,135.99000549316406,155800,0.0,0.0
2021-12-16 00:00:00-05:00,137.07000732421875,141.55999755859375,136.25,140.27000427246094,93300,0.0,0.0
2021-12-17 00:00:00-05:00,139.27999877929688,141.4600067138672,139.2100067138672,140.75999450683594,230100,0.0,0.0
2021-12-20 00:00:00-05:00,139.61000061035156,141.3699951171875,137.50999450683594,140.9600067138672,58400,0.0,0.0
2021-12-21 00:00:00-05:00,140.99000549316406,143.16000366210938,139.7899932861328,139.9600067138672,54200,0.0,0.0
2021-12-22 00:00:00-05:00,140.0,141.36000061035156,139.52999877929688,141.30999755859375,25000,0.0,0.0
2021-12-23 00:00:00-05:00,142.0,142.0,140.16000366210938,141.72999572753906,23900,0.0,0.0
2021-12-27 00:00:00-05:00,142.0,143.0,140.72999572753906,142.8699951171875,46100,0.0,0.0
2021-12-28 00:00:00-05:00,142.19000244140625,143.0,141.19000244140625,141.8800048828125,29000,0.0,0.0
2021-12-29 00:00:00-05:00,142.27999877929688,143.22000122070312,141.3000030517578,143.22000122070312,61000,0.0,0.0
2021-12-30 00:00:00-05:00,143.17999267578125,145.0500030517578,142.49000549316406,143.9600067138672,69700,0.0,0.0
2021-12-31 00:00:00-05:00,144.0,146.07000732421875,143.97000122070312,145.80999755859375,33500,0.0,0.0
2022-01-03 00:00:00-05:00,145.8800048828125,146.3000030517578,142.1999969482422,142.64999389648438,59700,0.0,0.0
2022-01-04 00:00:00-05:00,142.47999572753906,143.82000732421875,140.92999267578125,141.4199981689453,53100,0.0,0.0
2022-01-05 00:00:00-05:00,141.4199981689453,143.32000732421875,140.63999938964844,140.7100067138672,42600,0.0,0.0
2022-01-06 00:00:00-05:00,141.22000122070312,141.22000122070312,139.32000732421875,139.91000366210938,34100,0.0,0.0
2022-01-07 00:00:00-05:00,138.97999572753906,140.0500030517578,138.66000366210938,139.0800018310547,57300,0.0,0.0
2022-01-10 00:00:00-05:00,138.49000549316406,139.9600067138672,137.69000244140625,138.36000061035156,53600,0.0,0.0
2022-01-11 00:00:00-05:00,138.57000732421875,138.57000732421875,132.33999633789062,135.3300018310547,41200,0.0,0.0
2022-01-12 00:00:00-05:00,135.0,135.47000122070312,134.07000732421875,134.42999267578125,37200,0.0,0.0
2022-01-13 00:00:00-05:00,134.02999877929688,136.66000366210938,132.5399932861328,135.4600067138672,45000,0.0,0.0
2022-01-14 00:00:00-05:00,135.8000030517578,136.13999938964844,134.6999969482422,135.91000366210938,36900,0.0,0.0
2022-01-18 00:00:00-05:00,134.8300018310547,135.6999969482422,132.5500030517578,133.64999389648438,40900,0.0,0.0
2022-01-19 00:00:00-05:00,133.49000549316406,135.6300048828125,132.61000061035156,132.74000549316406,39600,0.0,0.0
2022-01-20 00:00:00-05:00,132.74000549316406,134.35000610351562,132.47999572753906,132.9199981689453,41300,0.0,0.0
2022-01-21 00:00:00-05:00,133.75,136.07000732421875,133.19000244140625,133.32000732421875,71800,0.0,0.0
2022-01-24 00:00:00-05:00,133.44000244140625,134.61000061035156,130.39999389648438,133.35000610351562,84500,0.0,0.0
2022-01-25 00:00:00-05:00,132.86000061035156,134.6699981689453,130.3800048828125,133.0800018310547,54100,0.0,0.0
2022-01-26 00:00:00-05:00,134.17999267578125,136.35000610351562,130.88999938964844,132.7899932861328,135100,0.0,0.0
2022-01-27 00:00:00-05:00,133.9199981689453,135.74000549316406,131.22000122070312,131.77000427246094,45900,0.0,0.0
2022-01-28 00:00:00-05:00,132.19000244140625,134.4499969482422,131.2100067138672,134.42999267578125,35100,0.0,0.0
2022-01-31 00:00:00-05:00,132.94000244140625,136.27999877929688,132.5800018310547,136.2100067138672,70100,0.0,0.0
2022-02-01 00:00:00-05:00,135.14999389648438,135.33999633789062,132.6300048828125,134.17999267578125,44900,0.0,0.0
2022-02-02 00:00:00-05:00,134.1699981689453,135.1699981689453,132.35000610351562,134.1699981689453,36400,0.0,0.0
2022-02-03 00:00:00-05:00,134.1199951171875,134.9499969482422,132.7899932861328,133.22000122070312,61200,0.0,0.0
2022-02-04 00:00:00-05:00,132.27000427246094,133.3800048828125,130.05999755859375,132.0,56600,0.0,0.0
2022-02-07 00:00:00-05:00,131.30999755859375,133.1699981689453,131.30999755859375,132.1300048828125,42800,0.0,0.0
2022-02-08 00:00:00-05:00,132.16000366210938,133.5800018310547,131.49000549316406,132.0500030517578,36600,0.0,0.0
2022-02-09 00:00:00-05:00,132.94000244140625,132.94000244140625,130.61000061035156,131.69000244140625,50700,0.0,0.0
2022-02-10 00:00:00-05:00,130.07000732421875,131.47000122070312,127.9000015258789,129.0,66500,0.0,0.0
2022-02-11 00:00:00-05:00,129.9499969482422,131.1300048828125,128.91000366210938,130.35000610351562,39900,0.0,0.0
2022-02-14 00:00:00-05:00,130.74000549316406,130.74000549316406,127.70999908447266,129.00999450683594,41900,0.0,0.0
2022-02-15 00:00:00-05:00,130.1300048828125,130.41000366210938,128.91000366210938,129.47999572753906,33900,0.0,0.0
2022-02-16 00:00:00-05:00,128.75999450683594,129.91000366210938,128.2100067138672,129.0800018310547,46400,0.0,0.0
2022-02-17 00:00:00-05:00,128.17999267578125,129.5399932861328,126.77999877929688,129.3300018310547,54600,0.0,0.0
2022-02-18 00:00:00-05:00,128.35000610351562,130.7100067138672,127.80000305175781,129.5500030517578,57800,0.0,0.0
2022-02-22 00:00:00-05:00,129.64999389648438,131.69000244140625,129.25999450683594,130.75,43300,0.0,0.0
2022-02-23 00:00:00-05:00,131.61000061035156,131.6699981689453,129.39999389648438,129.99000549316406,48700,0.0,0.0
2022-02-24 00:00:00-05:00,126.30000305175781,130.49000549316406,125.38999938964844,127.4800033569336,69600,0.0,0.0
2022-02-25 00:00:00-05:00,128.6300048828125,132.57000732421875,128.47000122070312,132.02000427246094,49100,0.0,0.0
2022-02-28 00:00:00-05:00,130.38999938964844,133.24000549316406,130.38999938964844,132.9499969482422,66200,0.0,0.0
2022-03-01 00:00:00-05:00,132.0,133.14999389648438,129.80999755859375,131.97999572753906,67300,0.0,0.0
2022-03-02 00:00:00-05:00,132.91000366210938,135.39999389648438,132.27000427246094,135.08999633789062,40800,0.0,0.0
2022-03-03 00:00:00-05:00,136.22999572753906,136.9499969482422,135.27000427246094,136.5,38100,0.0,0.0
2022-03-04 00:00:00-05:00,135.44000244140625,140.32000732421875,135.44000244140625,140.19000244140625,43700,0.0,0.0
2022-03-07 00:00:00-05:00,140.0,142.80999755859375,139.41000366210938,141.88999938964844,51300,0.0,0.0
2022-03-08 00:00:00-05:00,141.9600067138672,141.9600067138672,138.24000549316406,138.6999969482422,76000,0.0,0.0
2022-03-09 00:00:00-05:00,140.1300048828125,140.1300048828125,137.3300018310547,138.32000732421875,77400,0.0,0.0
2022-03-10 00:00:00-05:00,137.11000061035156,141.08999633789062,137.11000061035156,141.0,56900,0.0,0.0
2022-03-11 00:00:00-05:00,140.27999877929688,142.75999450683594,137.39999389648438,140.50999450683594,63000,0.0,0.0
2022-03-14 00:00:00-04:00,141.10000610351562,141.10000610351562,137.27000427246094,137.50999450683594,73900,0.0,0.0
2022-03-15 00:00:00-04:00,138.7100067138672,139.3800048828125,137.00999450683594,137.5,76000,0.0,0.0
2022-03-16 00:00:00-04:00,137.33999633789062,137.39999389648438,133.47000122070312,135.32000732421875,80500,0.0,0.0
2022-03-17 00:00:00-04:00,135.3000030517578,137.57000732421875,135.3000030517578,135.86000061035156,55200,0.0,0.0
2022-03-18 00:00:00-04:00,136.3000030517578,136.41000366210938,131.1300048828125,131.24000549316406,248900,0.0,0.0
2022-03-21 00:00:00-04:00,132.1699981689453,135.60000610351562,132.1699981689453,134.60000610351562,99100,0.0,0.0
2022-03-22 00:00:00-04:00,135.38999938964844,135.38999938964844,132.27999877929688,132.61000061035156,57000,0.0,0.0
2022-03-23 00:00:00-04:00,132.2899932861328,132.5,129.97999572753906,131.24000549316406,68100,0.0,0.0
2022-03-24 00:00:00-04:00,131.6199951171875,132.25999450683594,131.24000549316406,132.10000610351562,38400,0.0,0.0
2022-03-25 00:00:00-04:00,131.38999938964844,135.14999389648438,130.80999755859375,134.52000427246094,44000,0.0,0.0
2022-03-28 00:00:00-04:00,134.44000244140625,134.69000244140625,132.85000610351562,134.13999938964844,52000,0.0,0.0
2022-03-29 00:00:00-04:00,135.4199981689453,138.82000732421875,134.8000030517578,138.49000549316406,88200,0.0,0.0
2022-03-30 00:00:00-04:00,138.9199981689453,139.66000366210938,137.47000122070312,138.24000549316406,49500,0.0,0.0
2022-03-31 00:00:00-04:00,137.4199981689453,139.7899932861328,137.3000030517578,137.75999450683594,56700,0.0,0.0
2022-04-01 00:00:00-04:00,137.58999633789062,140.72000122070312,137.5399932861328,140.57000732421875,94300,0.0,0.0
2022-04-04 00:00:00-04:00,140.8300018310547,141.47999572753906,137.86000061035156,140.2100067138672,76800,0.0,0.0
2022-04-05 00:00:00-04:00,140.72999572753906,142.38999938964844,138.66000366210938,138.99000549316406,83100,0.0,0.0
2022-04-06 00:00:00-04:00,139.3300018310547,141.08999633789062,139.02000427246094,139.3699951171875,92200,0.0,0.0
2022-04-07 00:00:00-04:00,140.35000610351562,140.99000549316406,138.60000610351562,138.91000366210938,85100,0.0,0.0
2022-04-08 00:00:00-04:00,138.80999755859375,140.4600067138672,138.19000244140625,139.67999267578125,56800,0.0,0.0
2022-04-11 00:00:00-04:00,140.16000366210938,140.16000366210938,137.25999450683594,137.9499969482422,48300,0.0,0.0
2022-04-12 00:00:00-04:00,139.0399932861328,139.97999572753906,137.8300018310547,139.1199951171875,66300,0.0,0.0
2022-04-13 00:00:00-04:00,139.0,139.17999267578125,137.1699981689453,137.49000549316406,41800,0.0,0.0
2022-04-14 00:00:00-04:00,138.0,138.72000122070312,136.55999755859375,136.55999755859375,36500,0.0,0.0
2022-04-18 00:00:00-04:00,136.60000610351562,137.44000244140625,134.49000549316406,135.5,40000,0.0,0.0
2022-04-19 00:00:00-04:00,136.27999877929688,138.52999877929688,136.27999877929688,137.94000244140625,44800,0.0,0.0
2022-04-20 00:00:00-04:00,139.17999267578125,140.5500030517578,138.64999389648438,138.72000122070312,30100,0.0,0.0
2022-04-21 00:00:00-04:00,139.55999755859375,140.0399932861328,137.38999938964844,137.52999877929688,31100,0.0,0.0
2022-04-22 00:00:00-04:00,136.6300048828125,137.7100067138672,134.86000061035156,135.16000366210938,53800,0.0,0.0
2022-04-25 00:00:00-04:00,135.6699981689453,135.6699981689453,130.5500030517578,131.55999755859375,71300,0.0,0.0
2022-04-26 00:00:00-04:00,130.57000732421875,133.99000549316406,130.57000732421875,132.58999633789062,71300,0.0,0.0
2022-04-27 00:00:00-04:00,131.7899932861328,132.6199951171875,128.80999755859375,129.60000610351562,62000,0.0,0.0
2022-04-28 00:00:00-04:00,130.4199981689453,130.75,128.8699951171875,129.0,43200,0.0,0.0
2022-04-29 00:00:00-04:00,128.6999969482422,128.6999969482422,124.69000244140625,125.16999816894531,55900,0.0,0.0
2022-05-02 00:00:00-04:00,125.80000305175781,126.11000061035156,121.5999984741211,122.0,86200,0.0,0.0
2022-05-03 00:00:00-04:00,122.0,124.3499984741211,121.0199966430664,122.08999633789062,74300,0.0,0.0
2022-05-04 00:00:00-04:00,125.0,130.47000122070312,125.0,130.36000061035156,64100,0.0,0.0
2022-05-05 00:00:00-04:00,129.4499969482422,130.91000366210938,127.23999786376953,128.52999877929688,57200,0.0,0.0
2022-05-06 00:00:00-04:00,128.3300018310547,128.3300018310547,125.36000061035156,127.55999755859375,37300,0.0,0.0
2022-05-09 00:00:00-04:00,126.02999877929688,128.52999877929688,126.02999877929688,127.66000366210938,48700,0.0,0.0
2022-05-10 00:00:00-04:00,128.0,129.99000549316406,123.87999725341797,125.56999969482422,67300,0.0,0.0
2022-05-11 00:00:00-04:00,126.4800033569336,130.0,126.4800033569336,127.66000366210938,45300,0.0,0.0
2022-05-12 00:00:00-04:00,128.3000030517578,128.83999633789062,125.55000305175781,127.01000213623047,66700,0.0,0.0
2022-05-13 00:00:00-04:00,127.02999877929688,127.18000030517578,124.7300033569336,126.56999969482422,39300,0.0,0.0
2022-05-16 00:00:00-04:00,127.4800033569336,127.68000030517578,125.9800033569336,127.44999694824219,48000,0.0,0.0
2022-05-17 00:00:00-04:00,127.76000213623047,128.41000366210938,126.20999908447266,127.83999633789062,62400,0.0,0.0
2022-05-18 00:00:00-04:00,128.41000366210938,130.52000427246094,127.36000061035156,128.47000122070312,80800,0.0,0.0
2022-05-19 00:00:00-04:00,128.75,129.99000549316406,125.9800033569336,128.83999633789062,111500,0.0,0.0
2022-05-20 00:00:00-04:00,128.6999969482422,131.61000061035156,127.9800033569336,131.1300048828125,78800,0.0,0.0
2022-05-23 00:00:00-04:00,133.17999267578125,134.3699951171875,132.7100067138672,133.27999877929688,75100,0.0,0.0
2022-05-24 00:00:00-04:00,132.67999267578125,135.2899932861328,130.7100067138672,133.94000244140625,99200,0.0,0.0
2022-05-25 00:00:00-04:00,134.6300048828125,135.32000732421875,132.67999267578125,133.52999877929688,68300,0.0,0.0
2022-05-26 00:00:00-04:00,135.1199951171875,137.7899932861328,134.91000366210938,135.69000244140625,66700,0.0,0.0
2022-05-27 00:00:00-04:00,135.35000610351562,136.89999389648438,134.75999450683594,135.5500030517578,27100,0.0,0.0
2022-05-31 00:00:00-04:00,134.0,134.50999450683594,132.63999938964844,133.57000732421875,54000,0.0,0.0
2022-06-01 00:00:00-04:00,134.7100067138672,134.7100067138672,132.35000610351562,133.5,43200,0.0,0.0
2022-06-02 00:00:00-04:00,134.36000061035156,135.82000732421875,131.41000366210938,135.7899932861328,44900,0.0,0.0
2022-06-03 00:00:00-04:00,135.22999572753906,135.22999572753906,133.32000732421875,133.3800048828125,66900,0.0,0.0
2022-06-06 00:00:00-04:00,135.22000122070312,135.89999389648438,134.16000366210938,134.94000244140625,68000,0.0,0.0
2022-06-07 00:00:00-04:00,134.47000122070312,134.47000122070312,133.2899932861328,134.1199951171875,61800,0.0,0.0
2022-06-08 00:00:00-04:00,134.41000366210938,134.41000366210938,129.9600067138672,130.47999572753906,73500,0.0,0.0
2022-06-09 00:00:00-04:00,130.22999572753906,132.74000549316406,128.9600067138672,129.02999877929688,61200,0.0,0.0
2022-06-10 00:00:00-04:00,127.98999786376953,130.89999389648438,127.66000366210938,129.30999755859375,58800,0.0,0.0
2022-06-13 00:00:00-04:00,127.80999755859375,127.80999755859375,123.6500015258789,124.30000305175781,72100,0.0,0.0
2022-06-14 00:00:00-04:00,123.8499984741211,124.04000091552734,118.06999969482422,119.95999908447266,80000,0.0,0.0
2022-06-15 00:00:00-04:00,121.45999908447266,122.80000305175781,118.75,120.77999877929688,67000,0.0,0.0
2022-06-16 00:00:00-04:00,119.5999984741211,120.9000015258789,117.43000030517578,120.29000091552734,89100,0.0,0.0
2022-06-17 00:00:00-04:00,121.22000122070312,121.22000122070312,118.11000061035156,119.0,108300,0.0,0.0
2022-06-21 00:00:00-04:00,120.23999786376953,122.2300033569336,118.2300033569336,120.95999908447266,96000,0.0,0.0
2022-06-22 00:00:00-04:00,119.91000366210938,121.79000091552734,119.55999755859375,120.56999969482422,64500,0.0,0.0
2022-06-23 00:00:00-04:00,120.66999816894531,121.33000183105469,119.5999984741211,120.80999755859375,103100,0.0,0.0
2022-06-24 00:00:00-04:00,121.54000091552734,122.93000030517578,120.05999755859375,120.52999877929688,305400,0.0,0.0
2022-06-27 00:00:00-04:00,121.97000122070312,126.70999908447266,121.86000061035156,126.58999633789062,115200,0.0,0.0
2022-06-28 00:00:00-04:00,127.0,129.9199981689453,126.33000183105469,126.55000305175781,79000,0.0,0.0
2022-06-29 00:00:00-04:00,126.63999938964844,127.2699966430664,125.5999984741211,126.44999694824219,54800,0.0,0.0
2022-06-30 00:00:00-04:00,126.41000366210938,129.97999572753906,125.5,129.5500030517578,108400,0.0,0.0
2022-07-01 00:00:00-04:00,128.88999938964844,132.05999755859375,128.22000122070312,132.05999755859375,85900,0.0,0.0
2022-07-05 00:00:00-04:00,131.22000122070312,131.22000122070312,123.11000061035156,125.79000091552734,119900,0.0,0.0
2022-07-06 00:00:00-04:00,125.23999786376953,128.60000610351562,125.1500015258789,128.08999633789062,69400,0.0,0.0
2022-07-07 00:00:00-04:00,128.11000061035156,128.75999450683594,125.54000091552734,125.80999755859375,43700,0.0,0.0
2022-07-08 00:00:00-04:00,125.33000183105469,127.19000244140625,124.5199966430664,125.31999969482422,38500,0.0,0.0
2022-07-11 00:00:00-04:00,124.58999633789062,126.5,123.9800033569336,125.4800033569336,35800,0.0,0.0
2022-07-12 00:00:00-04:00,125.2300033569336,127.52999877929688,124.18000030517578,124.8499984741211,44900,0.0,0.0
2022-07-13 00:00:00-04:00,124.22000122070312,126.97000122070312,123.58000183105469,125.80999755859375,48800,0.0,0.0
2022-07-14 00:00:00-04:00,124.04000091552734,126.72000122070312,123.66999816894531,126.27999877929688,51000,0.0,0.0
2022-07-15 00:00:00-04:00,128.02999877929688,128.42999267578125,125.6500015258789,127.79000091552734,62400,0.0,0.0
2022-07-18 00:00:00-04:00,128.77999877929688,128.77999877929688,125.94999694824219,126.20999908447266,37600,0.0,0.0
2022-07-19 00:00:00-04:00,126.52999877929688,128.3699951171875,126.2699966430664,128.05999755859375,43100,0.0,0.0
2022-07-20 00:00:00-04:00,128.61000061035156,128.61000061035156,125.55000305175781,127.05999755859375,70100,0.0,0.0
2022-07-21 00:00:00-04:00,126.47000122070312,126.5,124.13999938964844,126.5,73600,0.0,0.0
2022-07-22 00:00:00-04:00,127.77999877929688,128.00999450683594,126.47000122070312,128.00999450683594,70500,0.0,0.0
2022-07-25 00:00:00-04:00,128.3699951171875,130.0,128.1300048828125,129.74000549316406,48300,0.0,0.0
2022-07-26 00:00:00-04:00,130.3800048828125,132.17999267578125,129.64999389648438,131.6199951171875,53700,0.0,0.0
2022-07-27 00:00:00-04:00,130.69000244140625,132.77000427246094,130.1199951171875,132.58999633789062,87200,0.0,0.0
2022-07-28 00:00:00-04:00,134.08999633789062,136.89999389648438,132.19000244140625,136.6300048828125,57000,0.0,0.0
2022-07-29 00:00:00-04:00,136.24000549316406,138.0399932861328,136.24000549316406,137.1300048828125,52700,0.0,0.0
2022-08-01 00:00:00-04:00,137.1300048828125,137.9600067138672,134.97999572753906,136.6999969482422,75500,0.0,0.0
2022-08-02 00:00:00-04:00,136.74000549316406,138.41000366210938,135.88999938964844,136.1699981689453,47600,0.0,0.0
2022-08-03 00:00:00-04:00,135.27000427246094,137.25999450683594,132.60000610351562,136.4199981689453,59800,0.0,0.0
2022-08-04 00:00:00-04:00,133.97999572753906,137.66000366210938,133.0500030517578,133.74000549316406,63400,0.0,0.0
2022-08-05 00:00:00-04:00,133.0,133.52999877929688,130.4600067138672,132.72000122070312,56800,0.0,0.0
2022-08-08 00:00:00-04:00,133.97999572753906,135.00999450683594,132.3000030517578,132.72000122070312,60200,0.0,0.0
2022-08-09 00:00:00-04:00,133.19000244140625,134.22000122070312,130.22999572753906,133.0,64400,0.0,0.0
2022-08-10 00:00:00-04:00,133.0,133.77000427246094,131.22000122070312,131.52000427246094,78000,0.0,0.0
2022-08-11 00:00:00-04:00,132.77000427246094,133.69000244140625,131.42999267578125,132.25,41700,0.0,0.0
2022-08-12 00:00:00-04:00,132.3000030517578,134.3800048828125,132.3000030517578,133.6300048828125,50400,0.0,0.0
2022-08-15 00:00:00-04:00,132.6999969482422,135.55999755859375,132.6999969482422,135.35000610351562,43200,0.0,0.0
2022-08-16 00:00:00-04:00,135.0,136.9600067138672,134.1300048828125,135.77999877929688,70300,0.0,0.0
2022-08-17 00:00:00-04:00,135.2899932861328,136.75,135.22000122070312,136.14999389648438,52600,0.0,0.0
2022-08-18 00:00:00-04:00,137.25999450683594,138.11000061035156,136.14999389648438,137.75,42200,0.0,0.0
2022-08-19 00:00:00-04:00,137.88999938964844,138.49000549316406,137.30999755859375,138.16000366210938,51500,0.0,0.0
2022-08-22 00:00:00-04:00,137.66000366210938,137.66000366210938,133.3300018310547,134.25999450683594,48700,0.0,0.0
2022-08-23 00:00:00-04:00,133.5500030517578,134.38999938964844,131.9600067138672,132.5399932861328,43700,0.0,0.0
2022-08-24 00:00:00-04:00,132.55999755859375,132.77000427246094,131.3000030517578,132.5,41000,0.0,0.0
2022-08-25 00:00:00-04:00,133.0399932861328,134.07000732421875,132.33999633789062,133.83999633789062,37300,0.0,0.0
2022-08-26 00:00:00-04:00,133.13999938964844,134.41000366210938,131.25999450683594,131.35000610351562,56000,0.0,0.0
2022-08-29 00:00:00-04:00,130.27999877929688,132.00999450683594,129.55999755859375,130.74000549316406,29300,0.0,0.0
2022-08-30 00:00:00-04:00,130.61000061035156,130.61000061035156,126.98999786376953,127.33000183105469,36600,0.0,0.0
2022-08-31 00:00:00-04:00,127.29000091552734,127.83000183105469,125.9800033569336,126.30000305175781,43700,0.0,0.0
2022-09-01 00:00:00-04:00,125.9000015258789,129.3000030517578,125.8499984741211,127.05999755859375,64700,0.0,0.0
2022-09-02 00:00:00-04:00,127.43000030517578,128.74000549316406,125.75,127.02999877929688,49400,0.0,0.0
2022-09-06 00:00:00-04:00,127.1500015258789,127.1500015258789,124.6500015258789,126.2699966430664,83900,0.0,0.0
2022-09-07 00:00:00-04:00,126.88999938964844,129.49000549316406,125.79000091552734,128.8300018310547,135500,0.0,0.0
2022-09-08 00:00:00-04:00,128.5,128.92999267578125,126.5999984741211,127.43000030517578,62700,0.0,0.0
2022-09-09 00:00:00-04:00,128.16000366210938,128.8800048828125,126.88999938964844,127.72000122070312,57200,0.0,0.0
2022-09-12 00:00:00-04:00,128.7899932861328,130.38999938964844,127.55999755859375,130.38999938964844,58800,0.0,0.0
2022-09-13 00:00:00-04:00,128.6199951171875,128.6199951171875,125.33000183105469,126.4000015258789,64100,0.0,0.0
2022-09-14 00:00:00-04:00,125.9800033569336,127.68000030517578,125.9800033569336,127.68000030517578,61200,0.0,0.0
2022-09-15 00:00:00-04:00,126.56999969482422,127.0999984741211,125.22000122070312,126.45999908447266,60500,0.0,0.0
2022-09-16 00:00:00-04:00,126.41000366210938,128.38999938964844,126.05000305175781,128.22999572753906,143400,0.0,0.0
2022-09-19 00:00:00-04:00,127.5999984741211,129.8800048828125,127.25,129.22000122070312,67600,0.0,0.0
2022-09-20 00:00:00-04:00,127.97000122070312,130.11000061035156,127.20999908447266,128.7100067138672,67800,0.0,0.0
2022-09-21 00:00:00-04:00,130.02000427246094,132.35000610351562,127.16999816894531,127.41999816894531,99300,0.0,0.0
2022-09-22 00:00:00-04:00,126.76000213623047,129.86000061035156,126.44000244140625,128.1999969482422,70600,0.0,0.0
2022-09-23 00:00:00-04:00,127.01000213623047,128.1999969482422,124.01000213623047,125.83000183105469,75900,0.0,0.0
2022-09-26 00:00:00-04:00,125.45999908447266,126.9800033569336,123.12999725341797,124.80999755859375,84400,0.0,0.0
2022-09-27 00:00:00-04:00,126.16999816894531,126.16999816894531,120.98999786376953,121.16000366210938,69700,0.0,0.0
2022-09-28 00:00:00-04:00,121.79000091552734,124.02999877929688,121.06999969482422,122.22000122070312,85800,0.0,0.0
2022-09-29 00:00:00-04:00,121.2699966430664,121.2699966430664,117.0999984741211,118.12000274658203,55600,0.0,0.0
2022-09-30 00:00:00-04:00,118.94999694824219,118.94999694824219,114.48999786376953,115.38999938964844,105600,0.0,0.0
2022-10-03 00:00:00-04:00,116.91999816894531,120.2699966430664,116.91999816894531,119.51000213623047,69900,0.0,0.0
2022-10-04 00:00:00-04:00,120.66999816894531,122.02999877929688,119.69000244140625,121.41000366210938,76200,0.0,0.0
2022-10-05 00:00:00-04:00,119.70999908447266,119.73999786376953,116.41999816894531,116.5199966430664,74900,0.0,0.0
2022-10-06 00:00:00-04:00,116.66999816894531,117.16999816894531,113.25,114.63999938964844,87900,0.0,0.0
2022-10-07 00:00:00-04:00,113.93000030517578,114.5,111.56999969482422,112.1500015258789,82000,0.0,0.0
2022-10-10 00:00:00-04:00,112.58000183105469,115.18000030517578,111.88999938964844,114.12000274658203,49000,0.0,0.0
2022-10-11 00:00:00-04:00,114.08000183105469,117.91999816894531,113.58999633789062,117.52999877929688,78100,0.0,0.0
2022-10-12 00:00:00-04:00,117.81999969482422,117.81999969482422,113.94000244140625,114.16000366210938,48700,0.0,0.0
2022-10-13 00:00:00-04:00,111.83000183105469,118.87999725341797,111.79000091552734,118.12000274658203,110400,0.0,0.0
2022-10-14 00:00:00-04:00,119.18000030517578,120.04000091552734,115.69999694824219,116.69000244140625,87000,0.0,0.0
2022-10-17 00:00:00-04:00,117.3499984741211,120.62999725341797,117.3499984741211,119.3499984741211,60300,0.0,0.0
2022-10-18 00:00:00-04:00,120.51000213623047,121.51000213623047,120.0,120.4800033569336,42300,0.0,0.0
2022-10-19 00:00:00-04:00,118.72000122070312,120.61000061035156,118.72000122070312,120.22000122070312,74100,0.0,0.0
2022-10-20 00:00:00-04:00,120.13999938964844,120.13999938964844,116.69999694824219,117.41000366210938,61700,0.0,0.0
2022-10-21 00:00:00-04:00,118.70999908447266,120.55000305175781,117.51000213623047,119.37999725341797,41000,0.0,0.0
2022-10-24 00:00:00-04:00,119.66999816894531,119.80000305175781,118.52999877929688,119.13999938964844,52000,0.0,0.0
2022-10-25 00:00:00-04:00,119.0999984741211,122.55999755859375,119.0999984741211,122.51000213623047,87100,0.0,0.0
2022-10-26 00:00:00-04:00,123.12000274658203,124.47000122070312,121.55000305175781,123.48999786376953,116000,0.0,0.0
2022-10-27 00:00:00-04:00,123.63999938964844,125.80000305175781,123.19000244140625,124.0199966430664,50800,0.0,0.0
2022-10-28 00:00:00-04:00,124.94999694824219,126.8499984741211,124.5,126.19000244140625,103400,0.0,0.0
2022-10-31 00:00:00-04:00,125.80000305175781,126.12000274658203,124.2699966430664,124.37999725341797,72000,0.0,0.0
2022-11-01 00:00:00-04:00,125.22000122070312,126.37000274658203,123.54000091552734,123.88999938964844,65300,0.0,0.0
2022-11-02 00:00:00-04:00,123.48999786376953,126.56999969482422,122.5199966430664,123.8499984741211,78100,0.0,0.0
2022-11-03 00:00:00-04:00,117.66000366210938,117.66000366210938,107.44000244140625,109.47000122070312,104300,0.0,0.0
2022-11-04 00:00:00-04:00,109.0199966430664,109.0199966430664,106.16000366210938,107.56999969482422,97800,0.0,0.0
2022-11-07 00:00:00-05:00,107.16999816894531,108.41999816894531,105.79000091552734,106.25,89700,0.0,0.0
2022-11-08 00:00:00-05:00,107.30000305175781,109.20999908447266,105.87999725341797,107.83999633789062,165200,0.0,0.0
2022-11-09 00:00:00-05:00,108.86000061035156,109.4800033569336,107.69999694824219,107.94000244140625,63300,0.0,0.0
2022-11-10 00:00:00-05:00,110.05999755859375,111.37000274658203,109.0,110.16999816894531,99000,0.0,0.0
2022-11-11 00:00:00-05:00,110.08999633789062,111.33000183105469,108.80999755859375,110.4800033569336,58800,0.0,0.0
2022-11-14 00:00:00-05:00,111.5,111.88999938964844,110.02999877929688,110.41000366210938,64800,0.0,0.0
2022-11-15 00:00:00-05:00,111.13999938964844,111.97000122070312,109.95999908447266,111.72000122070312,59400,0.0,0.0
2022-11-16 00:00:00-05:00,112.0199966430664,113.26000213623047,110.06999969482422,113.0,71900,0.0,0.0
2022-11-17 00:00:00-05:00,111.75,114.33999633789062,111.5,113.70999908447266,81000,0.0,0.0
2022-11-18 00:00:00-05:00,114.9800033569336,117.19999694824219,114.63999938964844,116.69999694824219,63600,0.0,0.0
2022-11-21 00:00:00-05:00,117.01000213623047,118.9000015258789,117.01000213623047,118.5,106900,0.0,0.0
2022-11-22 00:00:00-05:00,119.5999984741211,119.87000274658203,116.91000366210938,118.62000274658203,79900,0.0,0.0
2022-11-23 00:00:00-05:00,118.36000061035156,119.73999786376953,116.97000122070312,119.16999816894531,137400,0.0,0.0
2022-11-25 00:00:00-05:00,119.8499984741211,120.23999786376953,119.0,119.62000274658203,22700,0.0,0.0
2022-11-28 00:00:00-05:00,116.73999786376953,119.08000183105469,116.73999786376953,118.20999908447266,59900,0.0,0.0
2022-11-29 00:00:00-05:00,117.0,118.7300033569336,115.68000030517578,115.98999786376953,59400,0.0,0.0
2022-11-30 00:00:00-05:00,115.52999877929688,119.7300033569336,114.19000244140625,119.7300033569336,100000,0.0,0.0
2022-12-01 00:00:00-05:00,120.7300033569336,120.7300033569336,117.01000213623047,118.16999816894531,69300,0.0,0.0
2022-12-02 00:00:00-05:00,117.55999755859375,117.91999816894531,115.08999633789062,116.91999816894531,55100,0.0,0.0
2022-12-05 00:00:00-05:00,114.91000366210938,117.83999633789062,114.02999877929688,117.5999984741211,132800,0.0,0.0
2022-12-06 00:00:00-05:00,116.73999786376953,119.91999816894531,116.62999725341797,119.88999938964844,77600,0.0,0.0
2022-12-07 00:00:00-05:00,119.38999938964844,122.45999908447266,118.66999816894531,120.27999877929688,68500,0.0,0.0
2022-12-08 00:00:00-05:00,120.31999969482422,120.31999969482422,117.26000213623047,118.56999969482422,57200,0.0,0.0
2022-12-09 00:00:00-05:00,117.66999816894531,119.66000366210938,117.04000091552734,119.58999633789062,63900,0.0,0.0
2022-12-12 00:00:00-05:00,120.05999755859375,120.51000213623047,118.5199966430664,120.25,41900,0.0,0.0
2022-12-13 00:00:00-05:00,122.19000244140625,124.0,119.68000030517578,119.93000030517578,106000,0.0,0.0
2022-12-14 00:00:00-05:00,120.44999694824219,121.19999694824219,117.7300033569336,118.11000061035156,92000,0.0,0.0
2022-12-15 00:00:00-05:00,117.7699966430664,117.80000305175781,115.01000213623047,116.29000091552734,90700,0.0,0.0
2022-12-16 00:00:00-05:00,115.0,117.19000244140625,112.9000015258789,117.16999816894531,257000,0.0,0.0
2022-12-19 00:00:00-05:00,115.98999786376953,118.20999908447266,115.94999694824219,118.12999725341797,93300,0.0,0.0
2022-12-20 00:00:00-05:00,117.06999969482422,118.2699966430664,116.73999786376953,117.7699966430664,85800,0.0,0.0
2022-12-21 00:00:00-05:00,117.79000091552734,120.22000122070312,117.47000122070312,119.44999694824219,51900,0.0,0.0
2022-12-22 00:00:00-05:00,118.63999938964844,119.30000305175781,115.95999908447266,118.19999694824219,66400,0.0,0.0
2022-12-23 00:00:00-05:00,117.63999938964844,120.91999816894531,117.63999938964844,119.47000122070312,62400,0.0,0.0
2022-12-27 00:00:00-05:00,119.0,119.47000122070312,118.11000061035156,119.33000183105469,83100,0.0,0.0
2022-12-28 00:00:00-05:00,120.12999725341797,120.12999725341797,118.47000122070312,118.73999786376953,52900,0.0,0.0
2022-12-29 00:00:00-05:00,119.83000183105469,121.04000091552734,118.37999725341797,120.91000366210938,52700,0.0,0.0
2022-12-30 00:00:00-05:00,120.76000213623047,121.2699966430664,117.22000122070312,118.18000030517578,80100,0.0,0.0
2023-01-03 00:00:00-05:00,118.51000213623047,118.91000366210938,115.62999725341797,117.11000061035156,100200,0.0,0.0
2023-01-04 00:00:00-05:00,118.26000213623047,118.91999816894531,117.01000213623047,117.43000030517578,61800,0.0,0.0
2023-01-05 00:00:00-05:00,117.12000274658203,117.16000366210938,113.83000183105469,115.45999908447266,86300,0.0,0.0
2023-01-06 00:00:00-05:00,117.29000091552734,120.95999908447266,117.29000091552734,120.11000061035156,86200,0.0,0.0
2023-01-09 00:00:00-05:00,119.5199966430664,122.16999816894531,118.4000015258789,121.87999725341797,77700,0.0,0.0
2023-01-10 00:00:00-05:00,121.80999755859375,122.58000183105469,118.9000015258789,121.08000183105469,94000,0.0,0.0
2023-01-11 00:00:00-05:00,121.7300033569336,123.66999816894531,121.5,123.66999816894531,54000,0.0,0.0
2023-01-12 00:00:00-05:00,123.70999908447266,124.80000305175781,122.69999694824219,122.79000091552734,73100,0.0,0.0
2023-01-13 00:00:00-05:00,123.12000274658203,124.94999694824219,121.9800033569336,124.0999984741211,61900,0.0,0.0
2023-01-17 00:00:00-05:00,124.23999786376953,124.76000213623047,121.30999755859375,122.95999908447266,63400,0.0,0.0
2023-01-18 00:00:00-05:00,123.81999969482422,123.81999969482422,120.36000061035156,120.7300033569336,55700,0.0,0.0
2023-01-19 00:00:00-05:00,120.45999908447266,121.5999984741211,118.97000122070312,120.55999755859375,68100,0.0,0.0
2023-01-20 00:00:00-05:00,121.56999969482422,121.56999969482422,119.0,121.44000244140625,85600,0.0,0.0
2023-01-23 00:00:00-05:00,121.05999755859375,123.08999633789062,120.4000015258789,121.02999877929688,44200,0.0,0.0
2023-01-24 00:00:00-05:00,121.23999786376953,123.9000015258789,120.58000183105469,122.86000061035156,43000,0.0,0.0
2023-01-25 00:00:00-05:00,122.61000061035156,123.66999816894531,121.41000366210938,122.79000091552734,84600,0.0,0.0
2023-01-26 00:00:00-05:00,123.2699966430664,124.44999694824219,121.51000213623047,123.12000274658203,77900,0.0,0.0
2023-01-27 00:00:00-05:00,122.41999816894531,124.62000274658203,122.01000213623047,124.31999969482422,77300,0.0,0.0
2023-01-30 00:00:00-05:00,124.08999633789062,125.0,122.9000015258789,123.08000183105469,83700,0.0,0.0
2023-01-31 00:00:00-05:00,123.48999786376953,126.13999938964844,122.66999816894531,126.08000183105469,94700,0.0,0.0
2023-02-01 00:00:00-05:00,125.5999984741211,127.31999969482422,124.25,125.52999877929688,61800,0.0,0.0
2023-02-02 00:00:00-05:00,126.0,129.27999877929688,125.27999877929688,126.16999816894531,89300,0.0,0.0
2023-02-03 00:00:00-05:00,126.54000091552734,126.9000015258789,122.69000244140625,126.5199966430664,101700,0.0,0.0
2023-02-06 00:00:00-05:00,126.51000213623047,126.73999786376953,123.81999969482422,125.66000366210938,74700,0.0,0.0
2023-02-07 00:00:00-05:00,125.0999984741211,126.0199966430664,123.31999969482422,125.08999633789062,83500,0.0,0.0
2023-02-08 00:00:00-05:00,124.11000061035156,124.52999877929688,121.5199966430664,122.0,75100,0.0,0.0
2023-02-09 00:00:00-05:00,122.30999755859375,122.94999694824219,119.51000213623047,120.0199966430664,74900,0.0,0.0
2023-02-10 00:00:00-05:00,120.12000274658203,123.3499984741211,119.69000244140625,123.3499984741211,67700,0.0,0.0
2023-02-13 00:00:00-05:00,122.94000244140625,124.04000091552734,121.87000274658203,122.5,95000,0.0,0.0
2023-02-14 00:00:00-05:00,121.94000244140625,122.80999755859375,119.94999694824219,120.52999877929688,103400,0.0,0.0
2023-02-15 00:00:00-05:00,119.69000244140625,121.8499984741211,119.55000305175781,121.3499984741211,70300,0.0,0.0
2023-02-16 00:00:00-05:00,120.18000030517578,122.2300033569336,119.22000122070312,120.61000061035156,72200,0.0,0.0
2023-02-17 00:00:00-05:00,121.19999694824219,123.8499984741211,119.86000061035156,122.83000183105469,83300,0.0,0.0
2023-02-21 00:00:00-05:00,121.94000244140625,123.22000122070312,120.5,122.9000015258789,100000,0.0,0.0
2023-02-22 00:00:00-05:00,122.27999877929688,125.58999633789062,121.9000015258789,123.5999984741211,107100,0.0,0.0
2023-02-23 00:00:00-05:00,124.83999633789062,128.02999877929688,121.94999694824219,125.48999786376953,121900,0.0,0.0
2023-02-24 00:00:00-05:00,124.7699966430664,128.13999938964844,123.5,128.13999938964844,94800,0.0,0.0
2023-02-27 00:00:00-05:00,128.3300018310547,130.0,127.04000091552734,127.58999633789062,88000,0.0,0.0
2023-02-28 00:00:00-05:00,127.66999816894531,129.60000610351562,126.68000030517578,128.08999633789062,78900,0.0,0.0
2023-03-01 00:00:00-05:00,127.7699966430664,127.7699966430664,123.9000015258789,125.41000366210938,83400,0.0,0.0
2023-03-02 00:00:00-05:00,124.80999755859375,127.41999816894531,123.76000213623047,127.41999816894531,44000,0.0,0.0
2023-03-03 00:00:00-05:00,127.5999984741211,129.6699981689453,126.30000305175781,129.3699951171875,101900,0.0,0.0
2023-03-06 00:00:00-05:00,129.33999633789062,129.47000122070312,126.91000366210938,127.51000213623047,91700,0.0,0.0
2023-03-07 00:00:00-05:00,127.43000030517578,128.0,125.31999969482422,126.16999816894531,99100,0.0,0.0
2023-03-08 00:00:00-05:00,126.77999877929688,128.11000061035156,125.54000091552734,126.66000366210938,78300,0.0,0.0
2023-03-09 00:00:00-05:00,127.08000183105469,127.58999633789062,124.66000366210938,124.7300033569336,82200,0.0,0.0
2023-03-10 00:00:00-05:00,124.5,125.20999908447266,122.0999984741211,123.80999755859375,93400,0.0,0.0
2023-03-13 00:00:00-04:00,123.08999633789062,127.11000061035156,122.55000305175781,123.19999694824219,77600,0.0,0.0
2023-03-14 00:00:00-04:00,124.25,128.10000610351562,124.25,126.62999725341797,80300,0.0,0.0
2023-03-15 00:00:00-04:00,125.4000015258789,129.0,124.51000213623047,127.98999786376953,121500,0.0,0.0
2023-03-16 00:00:00-04:00,127.06999969482422,131.17999267578125,126.19999694824219,129.44000244140625,104500,0.0,0.0
2023-03-17 00:00:00-04:00,128.80999755859375,128.80999755859375,126.6500015258789,128.42999267578125,290100,0.0,0.0
2023-03-20 00:00:00-04:00,128.77000427246094,129.72000122070312,127.87000274658203,128.08999633789062,107300,0.0,0.0
2023-03-21 00:00:00-04:00,129.41000366210938,130.24000549316406,124.1500015258789,126.87999725341797,191500,0.0,0.0
2023-03-22 00:00:00-04:00,127.30999755859375,128.02000427246094,123.87000274658203,124.1500015258789,96100,0.0,0.0
2023-03-23 00:00:00-04:00,124.29000091552734,124.76000213623047,121.08999633789062,121.33000183105469,70000,0.0,0.0
2023-03-24 00:00:00-04:00,121.12999725341797,125.94999694824219,121.12999725341797,125.80000305175781,71300,0.0,0.0
2023-03-27 00:00:00-04:00,126.41000366210938,126.91999816894531,125.19999694824219,125.73999786376953,58300,0.0,0.0
2023-03-28 00:00:00-04:00,124.95999908447266,127.05999755859375,124.5,125.91000366210938,64600,0.0,0.0
2023-03-29 00:00:00-04:00,126.2699966430664,128.0,126.19999694824219,127.48999786376953,107500,0.0,0.0
2023-03-30 00:00:00-04:00,128.0,128.9600067138672,126.2699966430664,126.5999984741211,48300,0.0,0.0
2023-03-31 00:00:00-04:00,127.2699966430664,128.47999572753906,126.56999969482422,127.98999786376953,92300,0.0,0.0
2023-04-03 00:00:00-04:00,127.91000366210938,128.5,126.08999633789062,127.11000061035156,71500,0.0,0.0
2023-04-04 00:00:00-04:00,127.05999755859375,127.30999755859375,125.52999877929688,127.13999938964844,54900,0.0,0.0
2023-04-05 00:00:00-04:00,127.66999816894531,131.42999267578125,126.7300033569336,130.33999633789062,94800,0.0,0.0
2023-04-06 00:00:00-04:00,131.42999267578125,131.47999572753906,129.16000366210938,130.47999572753906,60700,0.0,0.0
2023-04-10 00:00:00-04:00,130.05999755859375,131.47000122070312,128.5,130.7899932861328,88600,0.0,0.0
2023-04-11 00:00:00-04:00,130.7899932861328,132.10000610351562,130.5,131.47999572753906,63900,0.0,0.0
2023-04-12 00:00:00-04:00,131.52999877929688,132.02999877929688,130.17999267578125,130.66000366210938,47300,0.0,0.0
2023-04-13 00:00:00-04:00,130.55999755859375,130.8800048828125,127.83999633789062,129.72999572753906,77500,0.0,0.0
2023-04-14 00:00:00-04:00,129.16000366210938,130.16000366210938,128.60000610351562,129.5500030517578,51200,0.0,0.0
2023-04-17 00:00:00-04:00,129.4499969482422,130.25,128.86000061035156,129.9199981689453,30800,0.0,0.0
2023-04-18 00:00:00-04:00,128.97999572753906,130.0,126.93000030517578,128.24000549316406,59600,0.0,0.0
2023-04-19 00:00:00-04:00,127.93000030517578,129.9499969482422,124.94000244140625,128.52000427246094,60200,0.0,0.0
2023-04-20 00:00:00-04:00,127.91999816894531,129.38999938964844,127.52999877929688,129.07000732421875,53000,0.0,0.0
2023-04-21 00:00:00-04:00,129.80999755859375,130.5,127.9000015258789,128.77000427246094,57900,0.0,0.0
2023-04-24 00:00:00-04:00,128.1300048828125,129.07000732421875,127.69999694824219,127.98999786376953,44700,0.0,0.0
2023-04-25 00:00:00-04:00,127.18000030517578,128.5,126.94999694824219,127.63999938964844,45500,0.0,0.0
2023-04-26 00:00:00-04:00,126.36000061035156,127.98999786376953,122.94000244140625,123.45999908447266,76700,0.0,0.0
2023-04-27 00:00:00-04:00,123.52999877929688,124.80999755859375,123.37000274658203,124.27999877929688,44500,0.0,0.0
2023-04-28 00:00:00-04:00,123.66999816894531,125.83000183105469,123.01000213623047,123.5,48900,0.0,0.0
2023-05-01 00:00:00-04:00,123.22000122070312,126.12999725341797,123.0999984741211,123.5,58300,0.0,0.0
2023-05-02 00:00:00-04:00,122.6500015258789,123.48999786376953,121.02999877929688,122.63999938964844,61400,0.0,0.0
2023-05-03 00:00:00-04:00,122.41000366210938,126.12000274658203,120.75,124.12000274658203,68200,0.0,0.0
2023-05-04 00:00:00-04:00,120.76000213623047,124.94000244140625,120.51000213623047,124.94000244140625,107100,0.0,0.0
2023-05-05 00:00:00-04:00,125.41999816894531,128.25,125.08999633789062,127.80000305175781,78800,0.0,0.0
2023-05-08 00:00:00-04:00,127.44999694824219,127.44999694824219,125.73999786376953,126.54000091552734,59800,0.0,0.0
2023-05-09 00:00:00-04:00,126.2699966430664,127.38999938964844,125.44999694824219,126.88999938964844,53600,0.0,0.0
2023-05-10 00:00:00-04:00,128.27000427246094,128.5800018310547,125.80999755859375,127.87000274658203,45100,0.0,0.0
2023-05-11 00:00:00-04:00,127.33000183105469,127.33000183105469,124.91999816894531,125.4000015258789,34200,0.0,0.0
2023-05-12 00:00:00-04:00,126.0,127.4000015258789,125.05000305175781,126.47000122070312,66800,0.0,0.0
2023-05-15 00:00:00-04:00,125.12000274658203,126.79000091552734,124.76000213623047,125.94999694824219,56100,0.0,0.0
2023-05-16 00:00:00-04:00,125.55000305175781,125.55000305175781,123.61000061035156,123.63999938964844,50300,0.0,0.0
2023-05-17 00:00:00-04:00,123.80999755859375,124.25,122.75,123.3499984741211,83100,0.0,0.0
2023-05-18 00:00:00-04:00,122.5,125.41000366210938,122.27999877929688,125.2300033569336,304600,0.0,0.0
2023-05-19 00:00:00-04:00,126.33000183105469,126.33000183105469,124.80999755859375,125.7300033569336,73300,0.0,0.0
2023-05-22 00:00:00-04:00,126.08999633789062,127.2699966430664,125.0199966430664,126.80000305175781,57600,0.0,0.0
2023-05-23 00:00:00-04:00,126.43000030517578,128.7899932861328,126.05999755859375,127.48999786376953,81300,0.0,0.0
2023-05-24 00:00:00-04:00,126.61000061035156,127.13999938964844,126.01000213623047,126.47000122070312,87400,0.0,0.0
2023-05-25 00:00:00-04:00,125.73999786376953,127.51000213623047,125.29000091552734,126.87000274658203,66700,0.0,0.0
2023-05-26 00:00:00-04:00,126.44999694824219,127.30999755859375,126.0,126.75,63800,0.0,0.0
2023-05-30 00:00:00-04:00,126.43000030517578,126.94000244140625,125.30999755859375,125.4000015258789,94400,0.0,0.0
2023-05-31 00:00:00-04:00,125.1500015258789,127.9000015258789,125.08999633789062,127.69999694824219,99800,0.0,0.0
2023-06-01 00:00:00-04:00,127.5999984741211,127.5999984741211,124.58999633789062,126.51000213623047,65100,0.0,0.0
2023-06-02 00:00:00-04:00,127.33999633789062,130.3699951171875,125.41999816894531,130.0399932861328,148800,0.0,0.0
2023-06-05 00:00:00-04:00,129.0399932861328,129.0399932861328,126.06999969482422,127.81999969482422,89200,0.0,0.0
2023-06-06 00:00:00-04:00,128.2100067138672,129.55999755859375,127.47000122070312,128.6999969482422,108100,0.0,0.0
2023-06-07 00:00:00-04:00,129.5500030517578,132.91000366210938,128.83999633789062,131.75,119100,0.0,0.0
2023-06-08 00:00:00-04:00,131.4499969482422,131.7899932861328,129.4600067138672,130.99000549316406,43800,0.0,0.0
2023-06-09 00:00:00-04:00,130.50999450683594,131.14999389648438,129.67999267578125,130.52999877929688,76500,0.0,0.0
2023-06-12 00:00:00-04:00,130.6300048828125,131.17999267578125,128.4600067138672,129.24000549316406,64400,0.0,0.0
2023-06-13 00:00:00-04:00,128.97000122070312,129.9499969482422,127.91999816894531,128.02000427246094,70200,0.0,0.0
2023-06-14 00:00:00-04:00,127.93000030517578,128.1699981689453,126.62999725341797,126.66000366210938,69500,0.0,0.0
2023-06-15 00:00:00-04:00,126.95999908447266,127.83000183105469,125.44000244140625,126.55999755859375,72900,0.0,0.0
2023-06-16 00:00:00-04:00,127.76000213623047,127.9000015258789,125.56999969482422,126.6500015258789,199600,0.0,0.0
2023-06-20 00:00:00-04:00,126.20999908447266,126.75,124.68000030517578,125.4000015258789,72700,0.0,0.0
2023-06-21 00:00:00-04:00,125.58999633789062,126.94000244140625,124.91000366210938,125.61000061035156,51300,0.0,0.0
2023-06-22 00:00:00-04:00,126.2300033569336,126.2300033569336,123.41000366210938,124.3499984741211,79500,0.0,0.0
2023-06-23 00:00:00-04:00,124.3499984741211,124.73999786376953,119.72000122070312,120.30999755859375,160200,0.0,0.0
2023-06-26 00:00:00-04:00,120.70999908447266,122.70999908447266,120.5199966430664,121.66000366210938,54800,0.0,0.0
2023-06-27 00:00:00-04:00,121.97000122070312,123.16999816894531,121.5199966430664,121.87999725341797,63000,0.0,0.0
2023-06-28 00:00:00-04:00,122.05999755859375,122.1500015258789,118.12000274658203,118.4000015258789,91200,0.0,0.0
2023-06-29 00:00:00-04:00,118.08000183105469,119.37000274658203,117.43000030517578,118.83000183105469,106100,0.0,0.0
2023-06-30 00:00:00-04:00,118.91000366210938,119.58999633789062,118.33999633789062,119.0,64800,0.0,0.0
2023-07-03 00:00:00-04:00,118.20999908447266,119.7699966430664,118.1500015258789,118.79000091552734,36900,0.0,0.0
2023-07-05 00:00:00-04:00,118.87000274658203,120.76000213623047,118.41000366210938,118.6500015258789,75500,0.0,0.0
2023-07-06 00:00:00-04:00,118.0,118.83000183105469,116.91999816894531,118.75,61400,0.0,0.0
2023-07-07 00:00:00-04:00,118.2300033569336,118.2300033569336,116.75,118.0,88500,0.0,0.0
2023-07-10 00:00:00-04:00,117.80999755859375,118.69000244140625,117.06999969482422,118.29000091552734,83300,0.0,0.0
2023-07-11 00:00:00-04:00,119.02999877929688,119.23999786376953,117.81999969482422,118.83999633789062,80600,0.0,0.0
2023-07-12 00:00:00-04:00,119.66999816894531,121.12000274658203,118.9000015258789,120.79000091552734,59700,0.0,0.0
2023-07-13 00:00:00-04:00,120.55000305175781,121.95999908447266,120.0,121.83999633789062,56300,0.0,0.0
2023-07-14 00:00:00-04:00,121.7300033569336,122.18000030517578,119.94000244140625,121.44999694824219,54100,0.0,0.0
2023-07-17 00:00:00-04:00,121.38999938964844,121.41999816894531,119.30000305175781,119.66000366210938,70500,0.0,0.0
2023-07-18 00:00:00-04:00,120.06999969482422,121.16000366210938,117.16000366210938,119.55999755859375,78600,0.0,0.0
2023-07-19 00:00:00-04:00,119.69999694824219,121.45999908447266,118.77999877929688,121.0999984741211,80900,0.0,0.0
2023-07-20 00:00:00-04:00,120.76000213623047,123.13999938964844,120.76000213623047,122.7699966430664,61900,0.0,0.0
2023-07-21 00:00:00-04:00,123.26000213623047,124.2300033569336,120.05999755859375,123.01000213623047,46800,0.0,0.0
2023-07-24 00:00:00-04:00,122.94000244140625,123.66000366210938,121.16999816894531,122.05000305175781,89300,0.0,0.0
2023-07-25 00:00:00-04:00,121.80000305175781,123.58999633789062,121.47000122070312,122.30000305175781,41900,0.0,0.0
2023-07-26 00:00:00-04:00,122.4000015258789,124.69000244140625,121.66000366210938,122.70999908447266,50000,0.0,0.0
2023-07-27 00:00:00-04:00,123.37000274658203,124.72000122070312,119.08000183105469,120.04000091552734,50000,0.0,0.0
2023-07-28 00:00:00-04:00,120.66999816894531,120.66999816894531,118.31999969482422,118.36000061035156,49300,0.0,0.0
2023-07-31 00:00:00-04:00,117.83999633789062,119.30000305175781,117.83999633789062,118.23999786376953,64200,0.0,0.0
2023-08-01 00:00:00-04:00,118.13999938964844,118.2300033569336,116.80999755859375,116.87000274658203,44700,0.0,0.0
2023-08-02 00:00:00-04:00,116.5199966430664,118.16000366210938,115.8499984741211,117.22000122070312,33900,0.0,0.0
2023-08-03 00:00:00-04:00,117.29000091552734,117.29000091552734,114.95999908447266,114.95999908447266,57200,0.0,0.0
2023-08-04 00:00:00-04:00,115.19000244140625,118.62999725341797,111.7699966430664,112.70999908447266,44000,0.0,0.0
2023-08-07 00:00:00-04:00,112.94000244140625,114.1500015258789,111.05000305175781,113.25,53300,0.0,0.0
2023-08-08 00:00:00-04:00,112.19999694824219,112.58000183105469,110.95999908447266,112.08999633789062,44600,0.0,0.0
2023-08-09 00:00:00-04:00,112.08000183105469,113.95999908447266,111.87000274658203,113.94999694824219,44400,0.0,0.0
2023-08-10 00:00:00-04:00,113.19999694824219,113.95999908447266,112.94999694824219,113.33999633789062,41700,0.0,0.0
2023-08-11 00:00:00-04:00,113.12000274658203,113.86000061035156,112.5999984741211,113.80999755859375,37400,0.0,0.0
2023-08-14 00:00:00-04:00,112.91999816894531,113.05000305175781,111.0999984741211,111.94999694824219,67400,0.0,0.0
2023-08-15 00:00:00-04:00,111.44000244140625,111.83000183105469,110.44999694824219,110.54000091552734,36700,0.0,0.0
2023-08-16 00:00:00-04:00,110.91999816894531,112.29000091552734,110.0,111.11000061035156,67200,0.0,0.0
2023-08-17 00:00:00-04:00,111.0,112.37999725341797,110.5,111.16000366210938,86700,0.0,0.0
2023-08-18 00:00:00-04:00,111.37000274658203,112.2300033569336,110.80000305175781,110.87999725341797,51600,0.0,0.0
2023-08-21 00:00:00-04:00,111.25,111.25,109.0,110.91000366210938,52600,0.0,0.0
2023-08-22 00:00:00-04:00,110.7300033569336,111.58999633789062,110.63999938964844,111.0,34800,0.0,0.0
2023-08-23 00:00:00-04:00,111.30999755859375,111.9000015258789,110.95999908447266,111.69000244140625,97200,0.0,0.0
2023-08-24 00:00:00-04:00,110.98999786376953,111.80999755859375,110.29000091552734,110.77999877929688,57000,0.0,0.0
2023-08-25 00:00:00-04:00,111.43000030517578,112.56999969482422,110.01000213623047,111.55999755859375,41100,0.0,0.0
2023-08-28 00:00:00-04:00,111.9000015258789,112.80999755859375,110.37999725341797,110.58999633789062,47100,0.0,0.0
2023-08-29 00:00:00-04:00,110.43000030517578,111.41999816894531,110.4000015258789,110.83000183105469,40000,0.0,0.0
2023-08-30 00:00:00-04:00,110.81999969482422,111.80999755859375,110.18000030517578,111.1500015258789,42800,0.0,0.0
2023-08-31 00:00:00-04:00,111.11000061035156,111.18000030517578,109.87999725341797,110.0999984741211,54100,0.0,0.0
2023-09-01 00:00:00-04:00,110.19999694824219,110.79000091552734,109.61000061035156,110.44999694824219,50700,0.0,0.0
2023-09-05 00:00:00-04:00,109.30000305175781,110.0199966430664,105.44999694824219,106.80000305175781,66500,0.0,0.0
2023-09-06 00:00:00-04:00,105.27999877929688,107.54000091552734,105.01000213623047,107.2699966430664,54800,0.0,0.0
2023-09-07 00:00:00-04:00,107.08000183105469,108.98999786376953,106.66000366210938,107.37000274658203,55200,0.0,0.0
2023-09-08 00:00:00-04:00,107.37000274658203,108.45999908447266,106.11000061035156,108.1500015258789,112800,0.0,0.0
2023-09-11 00:00:00-04:00,108.31999969482422,109.91999816894531,108.31999969482422,109.30000305175781,71700,0.0,0.0
2023-09-12 00:00:00-04:00,109.0,109.4000015258789,107.91000366210938,109.38999938964844,46300,0.0,0.0
2023-09-13 00:00:00-04:00,109.56999969482422,110.93000030517578,108.97000122070312,110.37000274658203,44200,0.0,0.0
2023-09-14 00:00:00-04:00,110.48999786376953,111.51000213623047,110.30999755859375,111.08000183105469,51000,0.0,0.0
2023-09-15 00:00:00-04:00,111.06999969482422,112.19000244140625,109.3499984741211,111.12999725341797,262100,0.0,0.0
2023-09-18 00:00:00-04:00,111.18000030517578,111.18000030517578,110.0,110.27999877929688,54400,0.0,0.0
2023-09-19 00:00:00-04:00,110.7300033569336,111.75,109.37000274658203,109.56999969482422,133700,0.0,0.0
2023-09-20 00:00:00-04:00,109.83000183105469,110.16000366210938,108.72000122070312,109.01000213623047,35100,0.0,0.0
2023-09-21 00:00:00-04:00,108.30000305175781,108.94000244140625,107.26000213623047,107.41000366210938,35800,0.0,0.0
2023-09-22 00:00:00-04:00,107.05999755859375,108.11000061035156,106.26000213623047,107.12999725341797,36400,0.0,0.0
2023-09-25 00:00:00-04:00,106.86000061035156,107.94000244140625,106.41000366210938,107.48999786376953,35600,0.0,0.0
2023-09-26 00:00:00-04:00,107.0199966430664,107.06999969482422,105.80000305175781,105.9000015258789,59100,0.0,0.0
2023-09-27 00:00:00-04:00,105.94000244140625,107.08000183105469,100.8499984741211,101.27999877929688,178400,0.0,0.0
2023-09-28 00:00:00-04:00,101.13999938964844,102.95999908447266,100.4000015258789,100.88999938964844,197900,0.0,0.0
2023-09-29 00:00:00-04:00,101.88999938964844,102.62000274658203,97.44999694824219,97.75,149500,0.0,0.0
2023-10-02 00:00:00-04:00,97.30999755859375,97.30999755859375,89.0,91.98999786376953,205300,0.0,0.0
2023-10-03 00:00:00-04:00,91.91999816894531,94.5,91.13999938964844,93.97000122070312,165400,0.0,0.0
2023-10-04 00:00:00-04:00,94.29000091552734,94.66999816894531,91.9800033569336,94.19000244140625,86800,0.0,0.0
2023-10-05 00:00:00-04:00,93.94000244140625,95.98999786376953,93.86000061035156,95.01000213623047,86100,0.0,0.0
2023-10-06 00:00:00-04:00,94.30000305175781,95.37000274658203,91.62000274658203,93.41999816894531,83200,0.0,0.0
2023-10-09 00:00:00-04:00,92.83999633789062,95.23999786376953,92.08000183105469,92.19000244140625,90400,0.0,0.0
2023-10-10 00:00:00-04:00,93.0,94.11000061035156,91.62000274658203,92.5999984741211,127200,0.0,0.0
2023-10-11 00:00:00-04:00,92.69000244140625,93.68000030517578,91.79000091552734,92.94000244140625,71300,0.0,0.0
2023-10-12 00:00:00-04:00,93.6500015258789,93.8499984741211,91.23999786376953,92.05000305175781,87700,0.0,0.0
2023-10-13 00:00:00-04:00,92.72000122070312,93.22000122070312,91.1500015258789,91.80000305175781,112900,0.0,0.0
2023-10-16 00:00:00-04:00,93.80000305175781,95.38999938964844,92.20999908447266,94.5999984741211,139600,0.0,0.0
2023-10-17 00:00:00-04:00,94.45999908447266,95.25,92.9000015258789,93.55999755859375,164800,0.0,0.0
2023-10-18 00:00:00-04:00,93.41000366210938,94.30999755859375,91.62000274658203,92.31999969482422,113700,0.0,0.0
2023-10-19 00:00:00-04:00,91.61000061035156,93.72000122070312,90.5199966430664,91.29000091552734,72800,0.0,0.0
2023-10-20 00:00:00-04:00,91.69999694824219,94.69000244140625,90.01000213623047,90.43000030517578,73000,0.0,0.0
2023-10-23 00:00:00-04:00,90.08000183105469,91.37000274658203,88.69999694824219,89.18000030517578,120100,0.0,0.0
2023-10-24 00:00:00-04:00,90.12999725341797,91.61000061035156,89.26000213623047,91.4800033569336,132500,0.0,0.0
2023-10-25 00:00:00-04:00,88.2300033569336,92.2300033569336,87.05000305175781,91.63999938964844,291500,0.0,0.0
2023-10-26 00:00:00-04:00,92.44999694824219,92.75,90.80000305175781,91.48999786376953,55300,0.0,0.0
2023-10-27 00:00:00-04:00,90.98999786376953,91.7699966430664,87.91999816894531,88.37999725341797,75100,0.0,0.0
2023-10-30 00:00:00-04:00,89.37000274658203,90.1500015258789,87.70999908447266,88.61000061035156,111600,0.0,0.0
2023-10-31 00:00:00-04:00,89.1500015258789,90.3499984741211,87.76000213623047,88.61000061035156,86100,0.0,0.0
2023-11-01 00:00:00-04:00,88.80000305175781,89.77999877929688,86.23999786376953,89.26000213623047,79300,0.0,0.0
2023-11-02 00:00:00-04:00,84.0999984741211,91.51000213623047,84.0999984741211,91.33000183105469,107800,0.0,0.0
2023-11-03 00:00:00-04:00,95.33000183105469,96.0,92.16000366210938,92.70999908447266,110700,0.0,0.0
2023-11-06 00:00:00-05:00,91.0,92.3499984741211,88.51000213623047,91.33000183105469,175200,0.0,0.0
2023-11-07 00:00:00-05:00,90.87999725341797,90.87999725341797,88.11000061035156,88.69999694824219,70100,0.0,0.0
2023-11-08 00:00:00-05:00,89.43000030517578,89.43000030517578,86.6500015258789,88.06999969482422,74500,0.0,0.0
2023-11-09 00:00:00-05:00,84.69000244140625,87.30999755859375,83.80000305175781,87.0199966430664,349600,0.0,0.0
2023-11-10 00:00:00-05:00,87.44000244140625,88.2699966430664,86.0,86.70999908447266,1864700,0.0,0.0
2023-11-13 00:00:00-05:00,86.29000091552734,91.87000274658203,85.1500015258789,90.95999908447266,1654100,0.0,0.0
2023-11-14 00:00:00-05:00,92.20999908447266,94.37000274658203,90.7300033569336,94.20999908447266,858300,0.0,0.0
2023-11-15 00:00:00-05:00,93.95999908447266,94.8499984741211,92.0,92.76000213623047,330600,0.0,0.0
2023-11-16 00:00:00-05:00,93.33000183105469,94.6500015258789,91.6500015258789,93.04000091552734,278200,0.0,0.0
2023-11-17 00:00:00-05:00,93.48999786376953,94.08999633789062,91.98999786376953,93.66000366210938,162000,0.0,0.0
2023-11-20 00:00:00-05:00,93.16999816894531,93.51000213623047,91.43000030517578,93.23999786376953,159900,0.0,0.0
2023-11-21 00:00:00-05:00,92.97000122070312,92.97000122070312,90.83000183105469,91.23999786376953,189400,0.0,0.0
2023-11-22 00:00:00-05:00,91.69000244140625,91.8499984741211,90.22000122070312,91.69000244140625,210000,0.0,0.0
2023-11-24 00:00:00-05:00,92.0,92.69000244140625,90.8499984741211,92.69000244140625,53100,0.0,0.0
2023-11-27 00:00:00-05:00,92.47000122070312,93.12999725341797,90.80000305175781,92.58999633789062,142800,0.0,0.0
2023-11-28 00:00:00-05:00,92.45999908447266,94.52999877929688,91.16999816894531,92.29000091552734,352000,0.0,0.0
2023-11-29 00:00:00-05:00,92.79000091552734,92.97000122070312,91.9800033569336,92.43000030517578,175600,0.0,0.0
2023-11-30 00:00:00-05:00,92.51000213623047,96.27999877929688,91.44999694824219,95.5999984741211,318600,0.0,0.0
2023-12-01 00:00:00-05:00,95.22000122070312,99.30000305175781,94.69000244140625,99.12000274658203,237500,0.0,0.0
2023-12-04 00:00:00-05:00,98.30000305175781,101.98999786376953,98.30000305175781,100.75,208400,0.0,0.0
2023-12-05 00:00:00-05:00,100.94999694824219,102.12000274658203,98.22000122070312,99.04000091552734,158300,0.0,0.0
2023-12-06 00:00:00-05:00,99.5,101.08000183105469,98.55000305175781,100.55000305175781,167500,0.0,0.0
2023-12-07 00:00:00-05:00,100.56999969482422,101.48999786376953,99.87000274658203,100.48999786376953,226600,0.0,0.0
2023-12-08 00:00:00-05:00,100.43000030517578,102.41999816894531,99.26000213623047,100.26000213623047,141200,0.0,0.0
2023-12-11 00:00:00-05:00,99.94000244140625,101.2300033569336,99.05000305175781,100.9800033569336,154500,0.0,0.0
2023-12-12 00:00:00-05:00,101.0199966430664,102.80000305175781,99.73999786376953,102.36000061035156,163700,0.0,0.0
2023-12-13 00:00:00-05:00,102.0,107.66000366210938,101.01000213623047,106.87999725341797,209400,0.0,0.0
2023-12-14 00:00:00-05:00,107.4000015258789,107.9800033569336,105.12000274658203,105.58000183105469,178900,0.0,0.0
2023-12-15 00:00:00-05:00,105.79000091552734,106.63999938964844,101.44000244140625,102.01000213623047,532200,0.0,0.0
2023-12-18 00:00:00-05:00,102.6500015258789,102.91000366210938,101.12999725341797,102.37999725341797,200000,0.0,0.0
2023-12-19 00:00:00-05:00,102.94000244140625,104.86000061035156,101.88999938964844,104.41999816894531,300700,0.0,0.0
2023-12-20 00:00:00-05:00,104.27999877929688,105.61000061035156,102.19000244140625,102.36000061035156,148600,0.0,0.0
2023-12-21 00:00:00-05:00,102.7699966430664,104.5999984741211,102.20999908447266,104.0999984741211,191700,0.0,0.0
2023-12-22 00:00:00-05:00,105.01000213623047,107.5,103.31999969482422,106.41999816894531,242100,0.0,0.0
2023-12-26 00:00:00-05:00,106.80000305175781,107.58000183105469,106.43000030517578,106.62000274658203,90400,0.0,0.0
2023-12-27 00:00:00-05:00,106.66000366210938,106.93000030517578,104.41999816894531,106.0999984741211,128400,0.0,0.0
2023-12-28 00:00:00-05:00,105.68000030517578,107.29000091552734,104.25,106.19000244140625,219100,0.0,0.0
2023-12-29 00:00:00-05:00,106.06999969482422,106.54000091552734,104.2699966430664,105.62999725341797,158000,0.0,0.0
2024-01-02 00:00:00-05:00,105.0199966430664,107.4800033569336,105.0199966430664,105.77999877929688,137200,0.0,0.0
2024-01-03 00:00:00-05:00,105.31999969482422,107.41999816894531,104.69000244140625,105.80000305175781,147500,0.0,0.0
2024-01-04 00:00:00-05:00,106.44999694824219,107.0,104.81999969482422,105.05999755859375,152600,0.0,0.0
2024-01-05 00:00:00-05:00,104.05999755859375,106.0999984741211,102.88999938964844,102.9800033569336,104000,0.0,0.0
2024-01-08 00:00:00-05:00,102.76000213623047,105.81999969482422,102.76000213623047,105.1500015258789,163100,0.0,0.0
2024-01-09 00:00:00-05:00,104.04000091552734,104.04000091552734,102.16000366210938,103.12999725341797,189200,0.0,0.0
2024-01-10 00:00:00-05:00,104.91999816894531,106.16999816894531,103.62999725341797,105.58000183105469,156600,0.0,0.0
2024-01-11 00:00:00-05:00,104.9800033569336,104.9800033569336,101.05999755859375,102.55999755859375,107000,0.0,0.0
2024-01-12 00:00:00-05:00,104.05999755859375,104.5199966430664,102.94000244140625,103.29000091552734,77100,0.0,0.0
2024-01-16 00:00:00-05:00,102.30000305175781,103.38999938964844,100.5999984741211,100.72000122070312,151900,0.0,0.0
2024-01-17 00:00:00-05:00,100.0,101.18000030517578,99.31999969482422,101.12000274658203,122400,0.0,0.0
2024-01-18 00:00:00-05:00,101.33000183105469,102.2699966430664,100.2699966430664,100.31999969482422,126800,0.0,0.0
2024-01-19 00:00:00-05:00,100.83999633789062,100.83999633789062,99.22000122070312,100.73999786376953,115300,0.0,0.0
2024-01-22 00:00:00-05:00,101.7699966430664,103.22000122070312,101.66999816894531,102.01000213623047,212200,0.0,0.0
2024-01-23 00:00:00-05:00,102.88999938964844,104.0,102.27999877929688,103.98999786376953,148200,0.0,0.0
2024-01-24 00:00:00-05:00,105.16000366210938,105.16000366210938,103.5999984741211,103.81999969482422,274800,0.0,0.0
2024-01-25 00:00:00-05:00,105.11000061035156,105.2699966430664,101.87999725341797,102.8499984741211,184000,0.0,0.0
2024-01-26 00:00:00-05:00,103.79000091552734,104.19999694824219,101.52999877929688,101.8499984741211,118100,0.0,0.0
2024-01-29 00:00:00-05:00,101.63999938964844,103.1500015258789,101.12999725341797,103.08000183105469,116800,0.0,0.0
2024-01-30 00:00:00-05:00,102.41999816894531,103.16000366210938,101.98999786376953,102.30000305175781,104500,0.0,0.0
2024-01-31 00:00:00-05:00,103.04000091552734,103.5,100.36000061035156,101.27999877929688,810700,0.0,0.0
2024-02-01 00:00:00-05:00,101.63999938964844,104.4000015258789,100.93000030517578,104.04000091552734,110800,0.0,0.0
2024-02-02 00:00:00-05:00,102.58999633789062,103.06999969482422,100.30000305175781,102.61000061035156,96800,0.0,0.0
2024-02-05 00:00:00-05:00,101.3499984741211,101.4000015258789,99.97000122070312,99.9800033569336,87100,0.0,0.0
2024-02-06 00:00:00-05:00,100.18000030517578,101.16000366210938,99.41000366210938,100.80999755859375,141900,0.0,0.0
2024-02-07 00:00:00-05:00,100.86000061035156,100.9000015258789,99.45999908447266,99.87999725341797,71100,0.0,0.0
2024-02-08 00:00:00-05:00,99.48999786376953,101.88999938964844,99.48999786376953,101.87999725341797,109300,0.0,0.0
2024-02-09 00:00:00-05:00,101.62999725341797,103.6500015258789,101.62999725341797,103.41999816894531,119500,0.0,0.0
2024-02-12 00:00:00-05:00,103.69000244140625,105.73999786376953,103.25,105.22000122070312,113000,0.0,0.0
2024-02-13 00:00:00-05:00,103.37999725341797,103.37999725341797,99.63999938964844,100.41000366210938,168200,0.0,0.0
2024-02-14 00:00:00-05:00,101.36000061035156,102.45999908447266,99.75,102.1500015258789,99300,0.0,0.0
2024-02-15 00:00:00-05:00,102.75,106.1500015258789,102.75,105.56999969482422,104900,0.0,0.0
2024-02-16 00:00:00-05:00,105.44000244140625,105.9800033569336,104.91999816894531,105.0,104100,0.0,0.0
2024-02-20 00:00:00-05:00,104.16999816894531,107.4000015258789,104.11000061035156,105.0199966430664,168700,0.0,0.0
2024-02-21 00:00:00-05:00,105.30999755859375,106.47000122070312,105.06999969482422,105.52999877929688,128100,0.0,0.0
2024-02-22 00:00:00-05:00,103.44999694824219,106.8499984741211,99.25,103.73999786376953,253100,0.0,0.0
2024-02-23 00:00:00-05:00,103.16000366210938,103.44999694824219,99.2300033569336,99.81999969482422,237100,0.0,0.0
2024-02-26 00:00:00-05:00,99.81999969482422,100.9000015258789,98.25,100.80000305175781,146100,0.0,0.0
2024-02-27 00:00:00-05:00,101.0,101.63999938964844,100.0999984741211,101.19000244140625,102300,0.0,0.0
2024-02-28 00:00:00-05:00,100.62999725341797,101.7300033569336,100.5199966430664,100.54000091552734,71600,0.0,0.0
2024-02-29 00:00:00-05:00,101.68000030517578,102.7699966430664,100.77999877929688,102.02999877929688,200600,0.0,0.0
2024-03-01 00:00:00-05:00,101.52999877929688,103.08999633789062,99.36000061035156,102.58000183105469,159700,0.0,0.0
2024-03-04 00:00:00-05:00,102.33000183105469,103.70999908447266,102.05000305175781,103.47000122070312,112700,0.0,0.0
2024-03-05 00:00:00-05:00,103.7699966430664,105.80999755859375,102.76000213623047,103.19000244140625,167700,0.0,0.0
2024-03-06 00:00:00-05:00,104.20999908447266,105.2699966430664,102.56999969482422,103.01000213623047,181200,0.0,0.0
2024-03-07 00:00:00-05:00,104.13999938964844,105.30999755859375,103.80000305175781,104.55000305175781,122400,0.0,0.0
2024-03-08 00:00:00-05:00,105.31999969482422,106.27999877929688,104.98999786376953,105.02999877929688,69100,0.0,0.0
2024-03-11 00:00:00-04:00,104.66999816894531,105.9800033569336,104.66999816894531,105.43000030517578,102900,0.0,0.0
2024-03-12 00:00:00-04:00,105.08999633789062,105.0999984741211,103.5,104.2699966430664,76400,0.0,0.0
2024-03-13 00:00:00-04:00,104.12999725341797,105.6500015258789,103.86000061035156,103.91999816894531,102900,0.0,0.0
2024-03-14 00:00:00-04:00,102.87000274658203,102.87000274658203,100.2300033569336,101.94000244140625,116300,0.0,0.0
2024-03-15 00:00:00-04:00,101.5,103.37000274658203,101.5,103.01000213623047,487600,0.0,0.0
2024-03-18 00:00:00-04:00,102.5,102.9000015258789,102.0199966430664,102.52999877929688,95800,0.0,0.0
2024-03-19 00:00:00-04:00,102.77999877929688,104.23999786376953,102.77999877929688,103.98999786376953,86000,0.0,0.0
2024-03-20 00:00:00-04:00,103.54000091552734,105.55000305175781,103.54000091552734,105.04000091552734,143500,0.0,0.0
2024-03-21 00:00:00-04:00,105.27999877929688,106.38999938964844,104.16000366210938,105.68000030517578,158300,0.0,0.0
2024-03-22 00:00:00-04:00,106.38999938964844,106.38999938964844,104.63999938964844,104.8499984741211,78100,0.0,0.0
2024-03-25 00:00:00-04:00,105.19000244140625,106.01000213623047,104.0199966430664,105.05999755859375,136300,0.0,0.0
2024-03-26 00:00:00-04:00,105.19999694824219,105.36000061035156,103.25,103.5,117700,0.0,0.0
2024-03-27 00:00:00-04:00,103.94999694824219,106.5,103.81999969482422,106.48999786376953,187200,0.0,0.0
2024-03-28 00:00:00-04:00,106.58000183105469,108.22000122070312,106.58000183105469,107.30000305175781,128000,0.0,0.0
2024-04-01 00:00:00-04:00,107.75,107.75,105.37000274658203,106.5199966430664,57800,0.0,0.0
2024-04-02 00:00:00-04:00,105.52999877929688,106.43000030517578,104.51000213623047,105.05999755859375,103900,0.0,0.0
2024-04-03 00:00:00-04:00,104.47000122070312,105.0999984741211,104.0999984741211,104.61000061035156,84400,0.0,0.0
2024-04-04 00:00:00-04:00,105.70999908447266,105.70999908447266,103.16999816894531,104.11000061035156,90300,0.0,0.0
2024-04-05 00:00:00-04:00,103.58999633789062,103.97000122070312,102.56999969482422,103.22000122070312,81900,0.0,0.0
2024-04-08 00:00:00-04:00,103.62999725341797,104.30000305175781,103.30999755859375,104.26000213623047,53300,0.0,0.0
2024-04-09 00:00:00-04:00,104.7300033569336,105.62000274658203,104.69000244140625,104.8499984741211,67100,0.0,0.0
2024-04-10 00:00:00-04:00,102.41000366210938,102.55000305175781,100.18000030517578,100.91000366210938,100600,0.0,0.0
2024-04-11 00:00:00-04:00,101.61000061035156,101.61000061035156,100.25,100.72000122070312,70300,0.0,0.0
2024-04-12 00:00:00-04:00,101.0,102.5,101.0,102.05999755859375,114500,0.0,0.0
2024-04-15 00:00:00-04:00,101.73999786376953,101.73999786376953,99.41000366210938,100.5,78700,0.0,0.0
2024-04-16 00:00:00-04:00,99.7300033569336,99.83999633789062,98.31999969482422,99.66000366210938,87500,0.0,0.0
2024-04-17 00:00:00-04:00,100.47000122070312,101.41999816894531,100.33000183105469,100.75,70900,0.0,0.0
2024-04-18 00:00:00-04:00,100.93000030517578,102.55999755859375,100.93000030517578,102.51000213623047,101300,0.0,0.0
2024-04-19 00:00:00-04:00,102.29000091552734,105.0199966430664,102.1500015258789,104.80999755859375,86100,0.0,0.0
2024-04-22 00:00:00-04:00,104.80000305175781,105.77999877929688,104.80000305175781,105.72000122070312,54500,0.0,0.0
2024-04-23 00:00:00-04:00,105.30000305175781,106.25,105.01000213623047,105.66999816894531,73100,0.0,0.0
2024-04-24 00:00:00-04:00,104.77999877929688,107.16000366210938,104.66000366210938,106.88999938964844,148700,0.0,0.0
2024-04-25 00:00:00-04:00,106.16000366210938,106.16999816894531,104.73999786376953,106.16999816894531,70900,0.0,0.0
2024-04-26 00:00:00-04:00,106.5,106.5,105.12999725341797,105.12999725341797,72200,0.0,0.0
2024-04-29 00:00:00-04:00,105.7300033569336,106.55000305175781,104.9000015258789,106.33000183105469,81600,0.0,0.0
2024-04-30 00:00:00-04:00,105.26000213623047,106.83999633789062,104.62999725341797,105.87000274658203,97100,0.0,0.0
2024-05-01 00:00:00-04:00,106.12000274658203,108.37000274658203,105.76000213623047,107.13999938964844,58800,0.0,0.0
2024-05-02 00:00:00-04:00,107.83000183105469,109.2300033569336,107.33999633789062,109.22000122070312,82500,0.0,0.0
2024-05-03 00:00:00-04:00,110.52999877929688,110.94999694824219,109.11000061035156,110.05000305175781,79300,0.0,0.0
2024-05-06 00:00:00-04:00,110.94000244140625,111.81999969482422,109.41999816894531,109.58999633789062,75500,0.0,0.0
2024-05-07 00:00:00-04:00,109.81999969482422,111.0,109.77999877929688,110.87000274658203,106600,0.0,0.0
2024-05-08 00:00:00-04:00,110.41999816894531,111.66999816894531,109.95999908447266,110.52999877929688,64300,0.0,0.0
2024-05-09 00:00:00-04:00,109.7300033569336,113.01000213623047,109.7300033569336,111.4000015258789,112800,0.0,0.0
2024-05-10 00:00:00-04:00,111.61000061035156,112.2699966430664,110.36000061035156,111.76000213623047,79000,0.0,0.0
2024-05-13 00:00:00-04:00,112.47000122070312,113.23999786376953,110.19999694824219,110.37000274658203,71500,0.0,0.0
2024-05-14 00:00:00-04:00,112.19999694824219,112.19999694824219,110.5199966430664,110.75,68700,0.0,0.0
2024-05-15 00:00:00-04:00,111.91999816894531,113.1500015258789,111.44000244140625,112.77999877929688,89300,0.0,0.0
2024-05-16 00:00:00-04:00,112.27999877929688,114.18000030517578,110.33000183105469,113.94999694824219,69400,0.0,0.0
2024-05-17 00:00:00-04:00,114.23999786376953,114.29000091552734,112.91999816894531,113.41999816894531,66100,0.0,0.0
2024-05-20 00:00:00-04:00,113.1500015258789,113.5199966430664,112.2300033569336,112.4000015258789,79900,0.0,0.0
2024-05-21 00:00:00-04:00,112.27999877929688,113.19000244140625,111.37000274658203,112.26000213623047,98900,0.0,0.0
2024-05-22 00:00:00-04:00,112.06999969482422,112.5999984741211,109.91999816894531,110.16000366210938,85000,0.0,0.0
2024-05-23 00:00:00-04:00,109.9800033569336,109.9800033569336,107.38999938964844,107.72000122070312,87100,0.0,0.0
2024-05-24 00:00:00-04:00,108.4800033569336,109.55000305175781,107.41999816894531,108.36000061035156,108700,0.0,0.0
2024-05-28 00:00:00-04:00,109.20999908447266,109.69999694824219,107.5,108.16000366210938,96400,0.0,0.0
2024-05-29 00:00:00-04:00,107.43000030517578,108.4000015258789,106.54000091552734,106.87000274658203,80200,0.0,0.0
2024-05-30 00:00:00-04:00,107.25,109.3499984741211,107.12000274658203,108.51000213623047,125500,0.0,0.0
2024-05-31 00:00:00-04:00,109.08999633789062,112.12999725341797,109.0,112.01000213623047,127900,0.0,0.0
2024-06-03 00:00:00-04:00,111.91000366210938,113.30999755859375,111.12999725341797,111.3499984741211,77500,0.0,0.0
2024-06-04 00:00:00-04:00,110.94000244140625,112.2300033569336,110.41999816894531,111.69000244140625,48200,0.0,0.0
2024-06-05 00:00:00-04:00,112.19999694824219,112.19999694824219,110.18000030517578,110.18000030517578,49900,0.0,0.0
2024-06-06 00:00:00-04:00,109.5199966430664,110.93000030517578,109.18000030517578,109.58000183105469,54400,0.0,0.0
2024-06-07 00:00:00-04:00,108.3499984741211,108.87999725341797,107.5199966430664,108.08999633789062,66500,0.0,0.0
2024-06-10 00:00:00-04:00,107.33000183105469,107.33000183105469,105.62000274658203,106.83999633789062,81700,0.0,0.0
2024-06-11 00:00:00-04:00,106.5199966430664,106.94999694824219,105.19000244140625,106.44000244140625,72500,0.0,0.0
2024-06-12 00:00:00-04:00,108.97000122070312,109.19999694824219,106.70999908447266,107.16000366210938,68600,0.0,0.0
2024-06-13 00:00:00-04:00,106.54000091552734,106.91999816894531,105.79000091552734,106.76000213623047,52000,0.0,0.0
2024-06-14 00:00:00-04:00,105.0199966430664,105.93000030517578,104.9800033569336,105.47000122070312,53200,0.0,0.0
2024-06-17 00:00:00-04:00,104.6500015258789,106.12999725341797,104.36000061035156,104.72000122070312,78400,0.0,0.0
2024-06-18 00:00:00-04:00,104.54000091552734,105.44999694824219,103.52999877929688,103.54000091552734,58200,0.0,0.0
2024-06-20 00:00:00-04:00,102.9000015258789,104.30999755859375,102.63999938964844,103.63999938964844,99300,0.0,0.0
2024-06-21 00:00:00-04:00,103.91000366210938,106.11000061035156,103.27999877929688,105.04000091552734,359300,0.0,0.0
2024-06-24 00:00:00-04:00,105.69999694824219,107.26000213623047,105.33999633789062,106.93000030517578,89900,0.0,0.0
2024-06-25 00:00:00-04:00,106.69999694824219,107.16000366210938,104.80999755859375,105.20999908447266,83800,0.0,0.0
2024-06-26 00:00:00-04:00,104.5,105.5199966430664,103.73999786376953,105.23999786376953,121400,0.0,0.0
2024-06-27 00:00:00-04:00,105.70999908447266,107.36000061035156,105.12000274658203,107.27999877929688,90800,0.0,0.0
2024-06-28 00:00:00-04:00,108.04000091552734,108.04000091552734,105.62999725341797,106.19999694824219,735200,0.0,0.0
