Date,Open,High,Low,Close,Volume,Dividends,Stock Splits
2020-03-03 00:00:00-05:00,17.432237463099046,17.88049575784969,16.685141571823372,16.734947204589844,14423200,0.0,0.0
2020-03-04 00:00:00-05:00,17.27285457713182,17.68126678466797,17.033784155644522,17.68126678466797,8290000,0.0,0.0
2020-03-05 00:00:00-05:00,17.631464917244372,17.651386031642108,17.083593422097373,17.38243293762207,7298700,0.0,0.0
2020-03-06 00:00:00-05:00,17.07363145583138,17.213090652645,16.167155226377098,16.944135665893555,5631300,0.0,0.0
2020-03-09 00:00:00-04:00,15.808550686111367,16.256808080239114,15.798589178468568,16.13727378845215,2120300,0.0,0.0
2020-03-10 00:00:00-04:00,16.585525512695312,16.92420907631479,16.13726919611384,16.585525512695312,3672900,0.0,0.0
2020-03-11 00:00:00-04:00,16.386303156940464,16.565604565923024,16.187076835898054,16.456031799316406,1879800,0.0,0.0
2020-03-12 00:00:00-04:00,15.589402267878064,16.356421256703793,15.41009988021596,16.13727378845215,1515700,0.0,0.0
2020-03-13 00:00:00-04:00,16.585530291199863,17.1832074521364,16.0575836840093,16.635337829589844,2599700,0.0,0.0
2020-03-16 00:00:00-04:00,16.336496964886866,16.336496964886866,14.593273162841797,14.593273162841797,2199800,0.0,0.0
2020-03-17 00:00:00-04:00,14.643079536497789,15.44994353125568,14.593272952873944,15.400136947631836,1406800,0.0,0.0
2020-03-18 00:00:00-04:00,15.041530449804197,15.270639392227418,14.085247705379828,14.443853378295898,2868500,0.0,0.0
2020-03-19 00:00:00-04:00,14.364162712581864,15.489787221818144,14.364162712581864,15.260677337646484,847900,0.0,0.0
2020-03-20 00:00:00-04:00,15.340368715682795,15.898200737153786,15.340368715682795,15.62924575805664,815500,0.0,0.0
2020-03-23 00:00:00-04:00,15.499751557752996,15.8683187909089,14.17589702070461,14.613197326660156,828700,0.0,0.0
2020-03-24 00:00:00-04:00,14.653040885925293,15.171026880100861,14.105170371907274,14.653040885925293,1842700,0.0,0.0
2020-03-25 00:00:00-04:00,14.692886618480733,15.146124739865847,13.846177518101067,14.035442352294922,920600,0.0,0.0
2020-03-26 00:00:00-04:00,14.055363880448784,15.171026979004873,13.74656477324944,15.101298332214355,1189800,0.0,0.0
2020-03-27 00:00:00-04:00,14.941917983116522,15.076395472960145,14.344240883799236,14.90207290649414,552600,0.0,0.0
2020-03-30 00:00:00-04:00,14.902075380836209,15.041533647160989,14.443856448605324,14.812423706054688,829300,0.0,0.0
2020-03-31 00:00:00-04:00,14.653040400474072,15.190949390057163,13.88602151626366,14.991724014282227,1328600,0.0,0.0
2020-04-01 00:00:00-04:00,14.633115399856111,15.051489107134142,13.68679428100586,13.68679428100586,1079400,0.0,0.0
2020-04-02 00:00:00-04:00,13.696756542122175,14.443852353510657,12.949660730733692,13.089118957519531,1366400,0.0,0.0
2020-04-03 00:00:00-04:00,13.178772076167247,13.338153343172623,11.873845018049055,12.601017951965332,1419200,0.0,0.0
2020-04-06 00:00:00-04:00,12.720553927323897,12.889894798847987,11.893766884099927,12.48148250579834,1197000,0.0,0.0
2020-04-07 00:00:00-04:00,12.80024217166898,13.288344548959143,12.222488143451754,13.208654403686523,377700,0.0,0.0
2020-04-08 00:00:00-04:00,13.268422234610435,13.915905886438154,13.089119873319426,13.666873931884766,595700,0.0,0.0
2020-04-09 00:00:00-04:00,13.686795529897248,15.649167531194015,13.557298803925228,15.310483932495117,1720300,0.0,0.0
2020-04-13 00:00:00-04:00,15.13118208835622,15.250718270012275,14.443854268732562,15.071414947509766,182900,0.0,0.0
2020-04-14 00:00:00-04:00,15.35032882292071,15.928082854998266,14.981761661076854,15.340367317199707,779300,0.0,0.0
2020-04-15 00:00:00-04:00,15.280599616540336,15.280599616540336,14.25458831483764,14.802457809448242,678900,0.0,0.0
2020-04-16 00:00:00-04:00,14.702847162891489,15.190949577043549,14.702847162891489,14.961840629577637,221300,0.0,0.0
2020-04-17 00:00:00-04:00,15.330652887703954,15.340621030528677,14.931935730244787,15.031615257263184,1042000,0.01,0.0
2020-04-20 00:00:00-04:00,14.981776390000478,15.689498412448376,14.812321754300665,15.340621948242188,550600,0.0,0.0
2020-04-21 00:00:00-04:00,15.091424465140246,15.300750729440454,14.732578897417318,15.161199569702148,642200,0.0,0.0
2020-04-22 00:00:00-04:00,15.310716290361604,15.609753914714618,14.941903568884836,15.320684432983398,590500,0.0,0.0
2020-04-23 00:00:00-04:00,15.300749853519614,15.819080937447813,15.230973802337672,15.410396575927734,430600,0.0,0.0
2020-04-24 00:00:00-04:00,15.470204464692296,15.669562573646692,14.991744052587297,15.131295204162598,834300,0.0,0.0
2020-04-27 00:00:00-04:00,15.350589411404787,15.490140569913738,14.902033406317116,15.221007347106934,571800,0.0,0.0
2020-04-28 00:00:00-04:00,15.450268674030223,15.450268674030223,15.191102648769983,15.340621948242188,548000,0.0,0.0
2020-04-29 00:00:00-04:00,15.430332941149963,16.915552142084714,15.430332941149963,16.636451721191406,367200,0.0,0.0
2020-04-30 00:00:00-04:00,16.94545677253224,17.653177878089227,16.576643053295168,17.24449348449707,1681700,0.0,0.0
2020-05-01 00:00:00-04:00,17.08500645553835,18.161541246994798,16.686290218189477,17.48372459411621,1389000,0.0,0.0
2020-05-04 00:00:00-04:00,17.324238453116067,17.693052208941918,17.124881259104967,17.194656372070312,760100,0.0,0.0
2020-05-05 00:00:00-04:00,17.2345281418108,17.60333997907804,16.82584182564814,16.995296478271484,333000,0.0,0.0
2020-05-06 00:00:00-04:00,17.114911353272568,17.284365996422952,16.85574531661733,17.13484764099121,625400,0.0,0.0
2020-05-07 00:00:00-04:00,17.354142628068182,17.613308687510536,16.90558562110465,17.03516960144043,495400,0.0,0.0
2020-05-08 00:00:00-04:00,17.334206048685974,17.442857493628235,17.045137461100133,17.154783248901367,156600,0.0,0.0
2020-05-11 00:00:00-04:00,17.18468377688056,17.58339996287676,17.124876824288314,17.493688583374023,883800,0.0,0.0
2020-05-12 00:00:00-04:00,17.942248347425615,18.939039922282596,17.453820703893182,17.523595809936523,950700,0.0,0.0
2020-05-13 00:00:00-04:00,17.822631291720345,17.899385804299197,17.483723928792294,17.782760620117188,290900,0.0,0.0
2020-05-14 00:00:00-04:00,17.75285569261791,17.75285569261791,16.965391413557875,17.57343292236328,706500,0.0,0.0
2020-05-15 00:00:00-04:00,17.5136290885543,17.792731436626312,17.374078865132898,17.593372344970703,80200,0.0,0.0
2020-05-18 00:00:00-04:00,17.90237659846175,18.221351514176657,17.72295570373535,17.72295570373535,101000,0.0,0.0
2020-05-19 00:00:00-04:00,17.90237659846175,17.932281031530714,17.55350105213614,17.72295570373535,577000,0.0,0.0
2020-05-20 00:00:00-04:00,17.56346686835989,18.002053754526194,17.32423523797787,17.34417152404785,165200,0.0,0.0
2020-05-21 00:00:00-04:00,17.39401546731065,17.673115919172034,16.975362888289332,17.194656372070312,178500,0.0,0.0
2020-05-22 00:00:00-04:00,17.254461696170026,17.65317794743234,17.035168233283017,17.633243560791016,90600,0.0,0.0
2020-05-26 00:00:00-04:00,17.932282233096018,18.475533778927165,17.563470373345268,18.02199363708496,524700,0.0,0.0
2020-05-27 00:00:00-04:00,18.380834967068512,18.390803109768424,17.762823428275706,18.201412200927734,1143800,0.0,0.0
2020-05-28 00:00:00-04:00,18.29112432641816,19.018781661987305,18.00205388007407,19.018781661987305,956700,0.0,0.0
2020-05-29 00:00:00-04:00,19.03871870166757,19.28791658545581,18.50045036009506,19.10849380493164,274100,0.0,0.0
2020-06-01 00:00:00-04:00,18.939037534698567,20.902716005169676,18.939037534698567,20.165090560913086,845900,0.0,0.0
2020-06-02 00:00:00-04:00,20.474100853924266,20.748218170069237,19.297886434305287,19.337757110595703,832700,0.0,0.0
2020-06-03 00:00:00-04:00,19.347721052743875,19.72650285199353,19.018779964568505,19.068618774414062,409500,0.0,0.0
2020-06-04 00:00:00-04:00,19.0387179256422,19.168299983389524,18.610097278800527,18.73967933654785,261600,0.0,0.0
2020-06-05 00:00:00-04:00,18.939038363370027,19.507209210074507,18.869263263070025,19.188236236572266,382200,0.0,0.0
2020-06-08 00:00:00-04:00,19.885993534548906,20.42426001949326,19.317820715400515,20.065414428710938,503700,0.0,0.0
2020-06-09 00:00:00-04:00,19.806247395361833,19.95576573599292,19.248042801870124,19.367658615112305,499700,0.0,0.0
2020-06-10 00:00:00-04:00,19.128430772436,19.277949127782367,18.889201023636012,19.088558197021484,324000,0.0,0.0
2020-06-11 00:00:00-04:00,18.540322039359094,18.64697907829946,17.792728424072266,17.792728424072266,525700,0.0,0.0
2020-06-12 00:00:00-04:00,18.340965979499284,18.689843437240274,17.737907487552672,18.041929244995117,709000,0.0,0.0
2020-06-15 00:00:00-04:00,17.882436792256193,18.39080059300982,17.37407299150257,18.330991744995117,1439200,0.0,0.0
2020-06-16 00:00:00-04:00,18.81942450775519,18.968944768232337,18.440644537578166,18.460580825805664,474400,0.0,0.0
2020-06-17 00:00:00-04:00,18.49048157452484,18.635016798398073,18.231317457465885,18.40077018737793,540400,0.0,0.0
2020-06-18 00:00:00-04:00,18.321026062145684,18.689839736146315,18.10173262701727,18.370866775512695,486500,0.0,0.0
2020-06-19 00:00:00-04:00,18.600128136301127,18.65993509041494,18.091764273261724,18.321025848388672,884100,0.0,0.0
2020-06-22 00:00:00-04:00,18.111705823640307,18.50045399023649,17.722957657044123,17.832603454589844,311000,0.0,0.0
2020-06-23 00:00:00-04:00,17.862504145059575,18.12167016885117,17.722953940413692,17.94224739074707,326000,0.0,0.0
2020-06-24 00:00:00-04:00,19.11846249327002,19.576985699917508,17.912343712723793,18.31106185913086,1589700,0.0,0.0
2020-06-25 00:00:00-04:00,18.40077463862298,18.89917050945757,18.281160694311122,18.659940719604492,1937900,0.0,0.0
2020-06-26 00:00:00-04:00,18.829392305101702,18.829392305101702,18.24128512182487,18.470548629760742,1010500,0.0,0.0
2020-06-29 00:00:00-04:00,18.111703180704108,18.689842224121094,18.111703180704108,18.689842224121094,681500,0.0,0.0
2020-06-30 00:00:00-04:00,18.61009639969318,18.829389833686896,18.360898537833993,18.709775924682617,483400,0.0,0.0
2020-07-01 00:00:00-04:00,18.809453165810734,19.048682856000603,18.430671397088673,18.889196395874023,1434200,0.0,0.0
2020-07-02 00:00:00-04:00,18.94900675249389,19.078588811700932,18.49048167120891,18.789520263671875,435800,0.0,0.0
2020-07-06 00:00:00-04:00,19.108497169756735,19.387599533189274,18.620069459671768,18.899169921875,586400,0.0,0.0
2020-07-07 00:00:00-04:00,18.789521486328756,19.18823773432874,18.789521486328756,19.088558197021484,830400,0.0,0.0
2020-07-08 00:00:00-04:00,19.138397455340314,19.21814069885303,18.610097278800527,18.73967933654785,393900,0.0,0.0
2020-07-09 00:00:00-04:00,18.789520664188398,18.93903901299255,18.510418352186083,18.610097885131836,434800,0.0,0.0
2020-07-10 00:00:00-04:00,18.71974495159134,18.799488195104058,18.51041774910241,18.73967933654785,763900,0.0,0.0
2020-07-13 00:00:00-04:00,18.849324411349937,19.088554108915222,18.699806088025213,18.759613037109375,322500,0.0,0.0
2020-07-14 00:00:00-04:00,18.64997112706993,18.869266510009766,18.630036738717486,18.869266510009766,276800,0.0,0.0
2020-07-15 00:00:00-04:00,19.048686035972256,19.33775458024783,18.90913393414336,19.188236236572266,805400,0.0,0.0
2020-07-16 00:00:00-04:00,19.05865440231342,19.746439171523956,18.98887739996711,19.51717758178711,1024500,0.0,0.0
2020-07-17 00:00:00-04:00,19.547096932864633,20.39480303113945,19.457339704682568,19.96596336364746,1012900,0.01,0.0
2020-07-20 00:00:00-04:00,19.936046581288274,20.125534302189354,19.61691056852899,19.736587524414062,805300,0.0,0.0
2020-07-21 00:00:00-04:00,19.916096014970538,19.946015723347664,19.39750105183572,19.596960067749023,597300,0.0,0.0
2020-07-22 00:00:00-04:00,19.507204720439777,20.02580163563809,19.487260148470977,19.926071166992188,509300,0.0,0.0
2020-07-23 00:00:00-04:00,19.926071320815634,20.44466824001736,19.796423042115446,20.195343017578125,403500,0.0,0.0
2020-07-24 00:00:00-04:00,20.20531697627008,20.80369791193248,20.195343738752307,20.484561920166016,780400,0.0,0.0
2020-07-27 00:00:00-04:00,21.013129147578088,21.14277932665709,20.494532235662994,21.043048858642578,1443700,0.0,0.0
2020-07-28 00:00:00-04:00,21.152751565401566,21.392105459744922,20.62418329607806,21.272428512573242,1058000,0.0,0.0
2020-07-29 00:00:00-04:00,21.282401107273728,21.501806617894932,21.072966931598522,21.382131576538086,409800,0.0,0.0
2020-07-30 00:00:00-04:00,21.302347055014703,21.671347309311248,21.132805832116162,21.5616455078125,429800,0.0,0.0
2020-07-31 00:00:00-04:00,21.721214834033926,21.830916642301396,21.332266179738454,21.54170036315918,1072200,0.0,0.0
2020-08-03 00:00:00-04:00,21.521751463649334,22.06029481560532,21.222561980696238,21.72121238708496,582900,0.0,0.0
2020-08-04 00:00:00-04:00,21.68132201905928,22.35948695672231,21.55167373495338,22.339540481567383,652300,0.0,0.0
2020-08-05 00:00:00-04:00,22.369457186816,22.52902516220102,22.150049794011363,22.49910545349121,666100,0.0,0.0
2020-08-06 00:00:00-04:00,22.588864982661786,23.20719237703059,20.215289679931004,22.050323486328125,1846600,0.0,0.0
2020-08-07 00:00:00-04:00,22.110162360851113,22.229839313027846,21.392106354392574,21.501808166503906,606300,0.0,0.0
2020-08-10 00:00:00-04:00,21.521752374259247,21.571616656127798,19.88318741954121,20.434694290161133,1461300,0.0,0.0
2020-08-11 00:00:00-04:00,20.59426490714682,20.853563390847828,20.115560892099108,20.723915100097656,1091100,0.0,0.0
2020-08-12 00:00:00-04:00,20.843586366190067,21.162722318245752,20.25517874126228,20.265151977539062,1251700,0.0,0.0
2020-08-13 00:00:00-04:00,21.342238845095036,22.055309139619563,20.963265340675253,21.521753311157227,3381200,0.0,0.0
2020-08-14 00:00:00-04:00,21.44196735436193,21.56164428819163,21.062993884601816,21.322290420532227,1045400,0.0,0.0
2020-08-17 00:00:00-04:00,21.112859547525133,21.591563509810904,20.928359418723414,21.172697067260742,1570400,0.0,0.0
2020-08-18 00:00:00-04:00,19.846286086098587,20.245206036644216,18.699390514954768,19.427419662475586,12927400,0.0,0.0
2020-08-19 00:00:00-04:00,19.876207440550452,20.414748942803428,17.52257668425832,18.360309600830078,8734500,0.0,0.0
2020-08-20 00:00:00-04:00,18.20074223051017,19.40747545986031,17.841713281916462,19.30774688720703,2826700,0.0,0.0
2020-08-21 00:00:00-04:00,19.208015262752316,19.397502963413768,18.89885252118925,19.267852783203125,970800,0.0,0.0
2020-08-24 00:00:00-04:00,19.247906626702676,19.377556809053395,18.27055220033799,18.94871711730957,1684300,0.0,0.0
2020-08-25 00:00:00-04:00,18.858956932073507,19.02849813477825,18.43011730745562,18.649524688720703,1491800,0.0,0.0
2020-08-26 00:00:00-04:00,18.529851625242333,19.04844857717908,18.410174673949005,18.519878387451172,1779400,0.0,0.0
2020-08-27 00:00:00-04:00,18.65949670410116,18.799120106972126,18.290496480271415,18.410171508789062,1024300,0.0,0.0
2020-08-28 00:00:00-04:00,18.17082175841822,18.74925620576939,17.143603046270748,18.61960792541504,2312300,0.0,0.0
2020-08-31 00:00:00-04:00,18.75923073272622,18.75923073272622,18.150878433885662,18.200742721557617,1293800,0.0,0.0
2020-09-01 00:00:00-04:00,17.95141680957357,18.290499279263784,17.422846629832808,17.582414627075195,3170700,0.0,0.0
2020-09-02 00:00:00-04:00,17.7120619902684,18.340360641479492,17.602358296326674,18.340360641479492,984200,0.0,0.0
2020-09-03 00:00:00-04:00,18.35033400953121,18.898850580986387,18.270550023054128,18.739282608032227,2630300,0.0,0.0
2020-09-04 00:00:00-04:00,18.6594980294638,19.477286326022277,18.6594980294638,19.048446655273438,1666600,0.0,0.0
2020-09-08 00:00:00-04:00,18.948720273733674,19.39750651478138,18.619610997698963,19.257883071899414,929000,0.0,0.0
2020-09-09 00:00:00-04:00,19.357608792071705,19.741569836592078,19.34763555559321,19.686717987060547,678800,0.0,0.0
2020-09-10 00:00:00-04:00,19.696693972759302,22.110162373610745,19.586990258384038,20.245208740234375,2946600,0.0,0.0
2020-09-11 00:00:00-04:00,20.245205852909088,20.48455972326458,19.963967432991822,20.474586486816406,970500,0.0,0.0
2020-09-14 00:00:00-04:00,20.604236783851764,21.12283371698853,20.494533074326533,20.54439926147461,1509900,0.0,0.0
2020-09-15 00:00:00-04:00,20.63415731158467,20.943320075318436,20.359899929133718,20.903427124023438,1379200,0.0,0.0
2020-09-16 00:00:00-04:00,21.122832804733772,21.35221154910688,20.773777118574436,20.84358787536621,2210700,0.0,0.0
2020-09-17 00:00:00-04:00,20.713940534371684,21.810971925193492,20.46461530473948,21.80099868774414,1307700,0.0,0.0
2020-09-18 00:00:00-04:00,21.771080097180523,22.548975538507314,21.771080097180523,22.369461059570312,2161900,0.0,0.0
2020-09-21 00:00:00-04:00,22.150051955981496,22.17997166761164,20.75383108398338,21.122833251953125,1404400,0.0,0.0
2020-09-22 00:00:00-04:00,21.212590882660848,21.402076686605625,20.354911488508904,21.202617645263672,897000,0.0,0.0
2020-09-23 00:00:00-04:00,21.06299712581265,21.22256512733997,20.035776451555005,20.245208740234375,1458100,0.0,0.0
2020-09-24 00:00:00-04:00,20.265152732625577,20.38482967020582,19.557070050393666,20.225261688232422,1085000,0.0,0.0
2020-09-25 00:00:00-04:00,20.245207167552294,20.544398573824786,20.085639178420493,20.454641342163086,519900,0.0,0.0
2020-09-28 00:00:00-04:00,20.733885913334966,21.59156336443894,20.574316024780273,20.574316024780273,1138400,0.0,0.0
2020-09-29 00:00:00-04:00,20.833614862938543,21.22754916873898,20.664073636530787,20.983211517333984,1177600,0.0,0.0
2020-09-30 00:00:00-04:00,21.01312993911836,21.332265927025915,20.893454894753297,21.202617645263672,1158500,0.0,0.0
2020-10-01 00:00:00-04:00,21.212590257159665,21.880781925463157,21.18267054585038,21.84088897705078,1195100,0.0,0.0
2020-10-02 00:00:00-04:00,21.631457557654905,22.429297535365325,21.511780609898068,22.399377822875977,925100,0.0,0.0
2020-10-05 00:00:00-04:00,22.399376560789857,23.027677172260887,22.239808574238584,22.289674758911133,1430200,0.0,0.0
2020-10-06 00:00:00-04:00,22.7484311246239,22.79829730684117,21.810969725343373,22.120132446289062,1666800,0.0,0.0
2020-10-07 00:00:00-04:00,22.140079772836387,22.618783727377608,22.060295780412847,22.479162216186523,804300,0.0,0.0
2020-10-08 00:00:00-04:00,22.658676366916595,22.937921311148866,22.269729614257812,22.269729614257812,695800,0.0,0.0
2020-10-09 00:00:00-04:00,22.459219333711594,22.459219333711594,22.01043311569398,22.14008331298828,1152500,0.0,0.0
2020-10-12 00:00:00-04:00,22.289675619806825,22.608811605235385,22.0403503934157,22.31959342956543,567400,0.0,0.0
2020-10-13 00:00:00-04:00,22.45921567722062,22.878082111776262,22.145065375753788,22.608810424804688,762100,0.0,0.0
2020-10-14 00:00:00-04:00,22.54897140100327,22.588862443335987,22.23980678747334,22.35948371887207,412000,0.0,0.0
2020-10-15 00:00:00-04:00,22.18994268144549,22.439267880113416,21.84088702287033,22.299646377563477,584100,0.0,0.0
2020-10-16 00:00:00-04:00,22.249760644222356,22.559063630369653,22.140009751992608,22.169940948486328,287100,0.01,0.0
2020-10-19 00:00:00-04:00,22.239782859436904,22.69874559312998,21.730931630961,21.80077362060547,407800,0.0,0.0
2020-10-20 00:00:00-04:00,21.88059472098324,22.189895796387493,21.341810360874266,21.920503616333008,808300,0.0,0.0
2020-10-21 00:00:00-04:00,21.800774008134166,22.688768297487027,21.775830711825108,22.4792423248291,1091800,0.0,0.0
2020-10-22 00:00:00-04:00,22.41937615164103,22.44930924907167,22.04522099748983,22.319602966308594,333200,0.0,0.0
2020-10-23 00:00:00-04:00,22.369490387429465,22.509174374509293,22.13501920650125,22.34953498840332,251400,0.0,0.0
2020-10-26 00:00:00-04:00,22.209852707879048,22.434346206543772,21.00756741842102,21.192150115966797,677300,0.0,0.0
2020-10-27 00:00:00-04:00,21.192148482906916,21.281945875453047,20.22433446697277,20.284198760986328,531100,0.0,0.0
2020-10-28 00:00:00-04:00,19.954941784843932,20.204378557154484,19.56582102901597,19.715482711791992,530000,0.0,0.0
2020-10-29 00:00:00-04:00,19.885103067137816,19.885103067137816,19.23157793098368,19.625688552856445,943700,0.0,0.0
2020-10-30 00:00:00-04:00,19.715482064108578,19.885099139829634,18.99710486855253,19.096878051757812,552300,0.0,0.0
2020-11-02 00:00:00-05:00,19.16672101963453,19.88510015491349,19.16672101963453,19.70550537109375,824700,0.0,0.0
2020-11-03 00:00:00-05:00,19.81525792798493,20.53862304986801,19.765369431373006,20.453815460205078,461400,0.0,0.0
2020-11-04 00:00:00-05:00,20.593500167467127,20.992600542165086,20.17444629647557,20.433860778808594,1099400,0.0,0.0
2020-11-05 00:00:00-05:00,21.641134163940148,22.060188003319745,20.852913076729116,21.43160629272461,2091100,0.0,0.0
2020-11-06 00:00:00-05:00,21.691020607422594,22.110074443941674,21.31187756631079,21.700998306274414,1714000,0.0,0.0
2020-11-09 00:00:00-05:00,22.149986592596573,22.42935456530956,21.47151825363374,21.611202239990234,1044400,0.0,0.0
2020-11-10 00:00:00-05:00,21.62118062609994,21.930481707019965,21.34680054287806,21.750886917114258,1164400,0.0,0.0
2020-11-11 00:00:00-05:00,22.618927303715243,23.39717074300538,22.529129910602855,22.9282283782959,2350300,0.0,0.0
2020-11-12 00:00:00-05:00,22.758611239628305,23.17766510551112,22.159962587931197,22.559062957763672,1038800,0.0,0.0
2020-11-13 00:00:00-05:00,22.45928876313099,22.958162342312793,22.4094002633818,22.79852294921875,966200,0.0,0.0
2020-11-16 00:00:00-05:00,22.788544334794967,24.3380451071486,22.788544334794967,23.93595314025879,2026400,0.0,0.0
2020-11-17 00:00:00-05:00,23.84615454115955,24.125524405257906,23.455037492642454,24.07563591003418,759000,0.0,0.0
2020-11-18 00:00:00-05:00,24.175410809541155,24.833923716964414,24.055682228037742,24.664306640625,1127900,0.0,0.0
2020-11-19 00:00:00-05:00,24.58448999318758,25.452530880200907,24.58448999318758,25.372711181640625,2198300,0.0,0.0
2020-11-20 00:00:00-05:00,25.532347276050412,25.941423416137695,25.252977415701164,25.941423416137695,1000900,0.0,0.0
2020-11-23 00:00:00-05:00,26.330544253087503,26.330544253087503,25.781784132378004,26.150949478149414,1589200,0.0,0.0
2020-11-24 00:00:00-05:00,26.28065733474844,26.919214834989997,25.68200872674625,25.84164810180664,2187400,0.0,0.0
2020-11-25 00:00:00-05:00,25.801738924933375,26.779530562154537,25.592211058070873,26.38043212890625,1179800,0.0,0.0
2020-11-27 00:00:00-05:00,27.537820532041007,27.79723500821053,26.98905848139532,27.068878173828125,1215600,0.0,0.0
2020-11-30 00:00:00-05:00,28.246220064500733,28.535567638976904,26.275669147692028,27.068878173828125,4488000,0.0,0.0
2020-12-01 00:00:00-05:00,26.929196433628775,28.006763322862565,26.819443633736345,27.587709426879883,3391700,0.0,0.0
2020-12-02 00:00:00-05:00,27.587706554338855,27.817187927445122,26.879307036562583,27.667526245117188,1876900,0.0,0.0
2020-12-03 00:00:00-05:00,27.597684781951667,28.834890964229107,27.597684781951667,28.076602935791016,1130800,0.0,0.0
2020-12-04 00:00:00-05:00,28.126491520043587,28.625365074268295,27.79723505037734,28.286130905151367,1259400,0.0,0.0
2020-12-07 00:00:00-05:00,28.176377174862697,28.804958897938196,28.01673779507719,28.206310272216797,766100,0.0,0.0
2020-12-08 00:00:00-05:00,28.036693417362702,28.635342047868075,28.026715718164933,28.30608558654785,577700,0.0,0.0
2020-12-09 00:00:00-05:00,28.53557003518048,28.715164833998223,28.116516138956335,28.485681533813477,479500,0.0,0.0
2020-12-10 00:00:00-05:00,28.355972108669057,28.685228569167002,27.762313280770936,27.936918258666992,1102200,0.0,0.0
2020-12-11 00:00:00-05:00,27.7972354888916,28.475703837828615,27.53782100823618,27.7972354888916,1394000,0.0,0.0
2020-12-14 00:00:00-05:00,28.0666256825581,28.206311573603905,26.899261474609375,26.899261474609375,943800,0.0,0.0
2020-12-15 00:00:00-05:00,27.13872059793101,27.72240171036614,27.098809802353493,27.42806625366211,783600,0.0,0.0
2020-12-16 00:00:00-05:00,27.438045329675845,27.69745980479533,26.699712701898026,27.018991470336914,1677400,0.0,0.0
2020-12-17 00:00:00-05:00,27.158676035335326,27.90698637847733,26.9790831515446,27.7972354888916,1711400,0.0,0.0
2020-12-18 00:00:00-05:00,27.96684924363473,28.19633059812121,27.29835867396222,27.35822296142578,1510700,0.0,0.0
2020-12-21 00:00:00-05:00,26.93917038018441,27.1736415461736,26.44029685462544,26.739620208740234,829200,0.0,0.0
2020-12-22 00:00:00-05:00,26.599935009032233,27.39813185205103,26.599935009032233,27.35822296142578,294300,0.0,0.0
2020-12-23 00:00:00-05:00,27.647571514236148,28.455748043813937,27.572741622791114,27.96685218811035,650100,0.0,0.0
2020-12-24 00:00:00-05:00,28.1364688873291,28.25619747322069,27.916963308108592,28.1364688873291,128700,0.0,0.0
2020-12-28 00:00:00-05:00,28.146444545222966,28.445769814583368,28.036693659203884,28.246219635009766,153000,0.0,0.0
2020-12-29 00:00:00-05:00,28.316062597709127,28.595432478079537,28.09655891509413,28.166400909423828,266000,0.0,0.0
2020-12-30 00:00:00-05:00,28.326037731911267,28.848857346037953,28.326037731911267,28.715160369873047,511000,0.0,0.0
2020-12-31 00:00:00-05:00,28.7251389726911,29.17412401101483,28.415836011720824,29.114259719848633,478100,0.0,0.0
2021-01-04 00:00:00-05:00,29.064373148177626,29.263923336006727,27.737369537353516,27.737369537353516,922600,0.0,0.0
2021-01-05 00:00:00-05:00,27.70743673462422,28.605408721680558,27.70743673462422,28.206310272216797,695600,0.0,0.0
2021-01-06 00:00:00-05:00,28.296110402394742,29.18410477635692,28.276155002225508,28.765050888061523,578600,0.0,0.0
2021-01-07 00:00:00-05:00,28.785002409959382,29.76279404989123,28.765047012478785,29.40360450744629,786600,0.0,0.0
2021-01-08 00:00:00-05:00,29.43353591813856,29.932409408276502,29.044415204807393,29.822656631469727,374800,0.0,0.0
2021-01-11 00:00:00-05:00,29.77277176412814,29.87254684853161,28.864822111854348,29.24396514892578,1052700,0.0,0.0
2021-01-12 00:00:00-05:00,29.29385426719311,29.42356054754692,28.535566273832224,29.014484405517578,441300,0.0,0.0
2021-01-13 00:00:00-05:00,28.984551178809074,29.393627319005997,28.745092114039036,29.124237060546875,357000,0.0,0.0
2021-01-14 00:00:00-05:00,29.293857217566458,30.151918480827398,29.11426242433343,29.832639694213867,615300,0.0,0.0
2021-01-15 00:00:00-05:00,29.623042988509404,29.95739919398135,29.248762631148566,29.942428588867188,645600,0.02,0.0
2021-01-19 00:00:00-05:00,30.24204588425565,32.209575880141486,30.24204588425565,31.46051597595215,1862800,0.01,0.0
2021-01-20 00:00:00-05:00,31.460517059680026,31.889978391002256,31.165886744351372,31.260766983032227,383300,0.0,0.0
2021-01-21 00:00:00-05:00,31.250779493727894,31.510451912303676,30.391856877805843,30.44179344177246,532400,0.0,0.0
2021-01-22 00:00:00-05:00,30.291984284886613,31.270755495150155,29.96239798326897,31.18086814880371,226500,0.0,0.0
2021-01-25 00:00:00-05:00,31.68023918717341,32.05976202968945,30.2819944287532,30.531681060791016,858600,0.0,0.0
2021-01-26 00:00:00-05:00,30.73143218330032,30.84129300979675,29.423072814941406,29.423072814941406,872300,0.0,0.0
2021-01-27 00:00:00-05:00,29.203348397642227,29.343172302682028,28.474263885709224,28.664026260375977,1258500,0.0,0.0
2021-01-28 00:00:00-05:00,29.04355103542813,29.383125031633327,28.693989344633604,29.013587951660156,481200,0.0,0.0
2021-01-29 00:00:00-05:00,28.723951599499205,29.233312579108105,28.00485475444083,28.254541397094727,1134900,0.0,0.0
2021-02-01 00:00:00-05:00,28.23456438035477,28.614087217122144,26.756419998270356,28.344425201416016,1078300,0.0,0.0
2021-02-02 00:00:00-05:00,28.664027370402803,29.862522113494382,28.664027370402803,29.44304847717285,722100,0.0,0.0
2021-02-03 00:00:00-05:00,29.812584149571986,29.852533019990343,29.03356117435693,29.20334815979004,354000,0.0,0.0
2021-02-04 00:00:00-05:00,29.213338292728633,30.81133324699769,29.133438640263076,30.781370162963867,922100,0.0,0.0
2021-02-05 00:00:00-05:00,31.011081151843406,31.09098080360342,30.61158289304335,30.971132278442383,490200,0.0,0.0
2021-02-08 00:00:00-05:00,31.06101821215816,31.760139657023196,29.822572713722668,29.9623966217041,849900,0.0,0.0
2021-02-09 00:00:00-05:00,30.032309661311363,30.262020919858205,29.233313151166715,29.34317398071289,684500,0.0,0.0
2021-02-10 00:00:00-05:00,29.482999248113796,29.552911203326108,28.713963930862533,29.163400650024414,390400,0.0,0.0
2021-02-11 00:00:00-05:00,29.38312280700272,29.587865768187648,28.69398717217826,28.78387451171875,329500,0.0,0.0
2021-02-12 00:00:00-05:00,28.723951068652603,28.84379958813513,28.394364782638853,28.773887634277344,276800,0.0,0.0
2021-02-16 00:00:00-05:00,28.903727121367858,28.963651383946413,28.51421465221234,28.524202346801758,269700,0.0,0.0
2021-02-17 00:00:00-05:00,28.47426444443993,29.223324358922,27.85504074361996,29.053537368774414,741200,0.0,0.0
2021-02-18 00:00:00-05:00,28.923698079402236,28.993611935421917,28.05478968055048,28.064777374267578,877400,0.0,0.0
2021-02-19 00:00:00-05:00,28.394366126632647,30.002348761304013,28.264528001930085,29.922447204589844,780500,0.0,0.0
2021-02-22 00:00:00-05:00,29.92244581996278,29.952408902344082,29.08849336240744,29.403099060058594,780500,0.0,0.0
2021-02-23 00:00:00-05:00,28.384377900450044,29.991360402095737,28.06477929941078,29.043550491333008,1449500,0.0,0.0
2021-02-24 00:00:00-05:00,29.38312529175852,31.840041033744367,29.103475555655606,30.991107940673828,1570900,0.0,0.0
2021-02-25 00:00:00-05:00,31.300718030717135,31.410580764318198,30.581621177497816,31.001094818115234,855500,0.0,0.0
2021-02-26 00:00:00-05:00,30.23205736479857,31.120941150579494,29.762645285150654,30.981117248535156,1168600,0.0,0.0
2021-03-01 00:00:00-05:00,31.33067977172036,32.28947743989478,31.13092970190465,31.600339889526367,1403000,0.0,0.0
2021-03-02 00:00:00-05:00,31.610330020148464,32.858765195293664,31.610330020148464,32.61906433105469,659500,0.0,0.0
2021-03-03 00:00:00-05:00,32.79883794667022,33.62779562962015,32.32942583336472,33.44802474975586,798500,0.0,0.0
2021-03-04 00:00:00-05:00,33.2183088057062,33.64777012996097,30.00234748327205,31.989850997924805,1294100,0.0,0.0
2021-03-05 00:00:00-05:00,32.16962594150038,32.58910147992047,30.881243863339414,31.52044105529785,773400,0.0,0.0
2021-03-08 00:00:00-05:00,31.570379536978486,32.42930219267564,31.410580238935932,31.800090789794922,424800,0.0,0.0
2021-03-09 00:00:00-05:00,32.38934777147507,33.89745323895103,32.14964694642271,33.4080696105957,643000,0.0,0.0
2021-03-10 00:00:00-05:00,33.667744776098516,34.42479407042303,33.418058142380936,33.677734375,496700,0.0,0.0
2021-03-11 00:00:00-05:00,33.94739524171108,33.94739524171108,33.048521866941286,33.10844802856445,2129800,0.0,0.0
2021-03-12 00:00:00-05:00,32.98859571179869,33.213315960493055,32.11968732262756,33.17835998535156,589700,0.0,0.0
2021-03-15 00:00:00-04:00,33.28822487589431,33.28822487589431,32.49921417431871,32.56912612915039,339500,0.0,0.0
2021-03-16 00:00:00-04:00,33.47798873547263,34.147147173611714,31.480495401446216,32.24953079223633,1096500,0.0,0.0
2021-03-17 00:00:00-04:00,32.47923558442679,33.11843271412174,31.860011936316525,33.02854537963867,910600,0.0,0.0
2021-03-18 00:00:00-04:00,32.95863175499901,33.20831835920355,32.39933239001137,32.76887130737305,695400,0.0,0.0
2021-03-19 00:00:00-04:00,32.53916228660605,33.108447477852486,32.25951068026509,33.06849670410156,1559000,0.0,0.0
2021-03-22 00:00:00-04:00,33.308197567209916,33.617810384604674,32.67898995270497,33.418060302734375,624400,0.0,0.0
2021-03-23 00:00:00-04:00,33.34814559293134,33.627793398517404,32.7688745942294,33.00857162475586,984700,0.0,0.0
2021-03-24 00:00:00-04:00,33.038537168664206,33.80756864700633,32.84877288888583,33.18834686279297,845800,0.0,0.0
2021-03-25 00:00:00-04:00,33.16837038678796,33.90244967467491,32.5191874470294,33.17835998535156,726100,0.0,0.0
2021-03-26 00:00:00-04:00,33.39808649113013,34.68647057963927,33.098463259129794,34.65650939941406,1144800,0.0,0.0
2021-03-29 00:00:00-04:00,34.65651001205707,34.65651001205707,33.53791481485427,33.57786178588867,1006500,0.0,0.0
2021-03-30 00:00:00-04:00,33.44801835618185,34.26699009311607,33.08846904534924,34.157127380371094,711600,0.0,0.0
2021-03-31 00:00:00-04:00,34.33690754928397,35.38559066765664,33.98734396988259,34.906192779541016,772600,0.0,0.0
2021-04-01 00:00:00-04:00,34.8862152600874,35.48546163114486,34.8362786974852,35.3755989074707,486400,0.0,0.0
2021-04-05 00:00:00-04:00,35.65525436401367,35.845014846348306,35.30569076824029,35.65525436401367,467700,0.0,0.0
2021-04-06 00:00:00-04:00,35.655256016198834,35.74514336671535,35.1359073032052,35.21580505371094,524600,0.0,0.0
2021-04-07 00:00:00-04:00,34.976104167602486,35.3056885435119,34.476730899321325,34.58659362792969,375800,0.0,0.0
2021-04-08 00:00:00-04:00,35.155879440638984,35.73515046043792,34.816305460096245,35.46548843383789,409800,0.0,0.0
2021-04-09 00:00:00-04:00,35.52541463668918,36.65399930998443,35.12591449094629,36.30443572998047,765100,0.0,0.0
2021-04-12 00:00:00-04:00,36.364359009952345,36.364359009952345,35.02404218508129,35.055999755859375,609300,0.0,0.0
2021-04-13 00:00:00-04:00,33.068502658641854,33.827548447010905,32.54915393610885,33.64777374267578,1672400,0.0,0.0
2021-04-14 00:00:00-04:00,33.727669857366166,34.097204996632605,33.657757906962125,33.80756759643555,1096800,0.0,0.0
2021-04-15 00:00:00-04:00,34.05725805487114,34.626543320750514,33.95738491731602,34.50669479370117,2625200,0.0,0.0
2021-04-16 00:00:00-04:00,34.4177799890242,34.4177799890242,32.82926694918833,32.85923767089844,2740300,0.011,0.0
2021-04-19 00:00:00-04:00,32.60947331058991,32.85923950176922,31.93010896569182,32.13991165161133,1575900,0.0,0.0
2021-04-20 00:00:00-04:00,32.27977791762595,33.236881967186676,32.179869173054385,32.989112854003906,1043500,0.0,0.0
2021-04-21 00:00:00-04:00,32.78930373762172,33.73841598188254,32.78930373762172,33.568572998046875,1134100,0.0,0.0
2021-04-22 00:00:00-04:00,33.66847798061941,33.66847798061941,33.04905899208556,33.148963928222656,566800,0.0,0.0
2021-04-23 00:00:00-04:00,33.059052736636204,33.21890294422337,32.684403455310374,32.88920974731445,454300,0.0,0.0
2021-04-26 00:00:00-04:00,32.80928522189277,33.41871530464434,32.769321718830184,33.168949127197266,762600,0.0,0.0
2021-04-27 00:00:00-04:00,33.33878630395339,33.33878630395339,32.819272228609016,33.06903839111328,925800,0.0,0.0
2021-04-28 00:00:00-04:00,33.05904953317263,33.13897272365678,32.69438925778786,32.959144592285156,449500,0.0,0.0
2021-04-29 00:00:00-04:00,33.298829227880326,33.62851860647456,32.969136038156606,33.23888397216797,1398900,0.0,0.0
2021-04-30 00:00:00-04:00,32.969134662635035,33.40872175279694,32.73935024201885,32.899200439453125,915500,0.0,0.0
2021-05-03 00:00:00-04:00,32.969134038197126,33.22888917493453,32.66941540007573,32.82926559448242,885000,0.0,0.0
2021-05-04 00:00:00-04:00,32.58949032191834,32.68939908127854,31.92011878428768,32.30975341796875,1160300,0.0,0.0
2021-05-05 00:00:00-04:00,32.71936739857433,33.0090970627289,32.31974001276602,32.959144592285156,955500,0.0,0.0
2021-05-06 00:00:00-04:00,32.80928317609077,33.518618161139266,32.040002940186234,32.44961929321289,1716800,0.0,0.0
2021-05-07 00:00:00-04:00,32.73934700981872,32.93416429961056,32.55951507906796,32.659420013427734,1549100,0.0,0.0
2021-05-10 00:00:00-04:00,32.759329008994555,32.97912062848971,31.99004881293907,32.02001953125,1185000,0.0,0.0
2021-05-11 00:00:00-04:00,31.47053652085277,31.64037758782281,30.911060849595696,31.090892791748047,849500,0.0,0.0
2021-05-12 00:00:00-04:00,30.8411266966155,31.030947608802435,29.91199626383092,30.67128562927246,1161600,0.0,0.0
2021-05-13 00:00:00-04:00,31.220770614705298,31.280713960727443,30.676280298962254,31.18080711364746,682900,0.0,0.0
2021-05-14 00:00:00-04:00,31.470537219351872,32.169883253118876,31.300696148612147,31.78024673461914,813100,0.0,0.0
2021-05-17 00:00:00-04:00,31.530481043067816,31.95008828856109,31.410594347535262,31.65036964416504,749400,0.0,0.0
2021-05-18 00:00:00-04:00,31.760265762618218,32.18986386192872,31.550461197705488,32.04999542236328,351600,0.0,0.0
2021-05-19 00:00:00-04:00,31.670350624798782,32.06997420389503,31.470536929686038,31.900135040283203,1024400,0.0,0.0
2021-05-20 00:00:00-04:00,31.82020863682388,32.39966604218097,31.730292668271527,32.17987060546875,945500,0.0,0.0
2021-05-21 00:00:00-04:00,32.17987589553156,32.60947405911139,32.14990517146357,32.40966033935547,873700,0.0,0.0
2021-05-24 00:00:00-04:00,32.72936064282332,32.90919260881106,32.449623722900036,32.51955795288086,350500,0.0,0.0
2021-05-25 00:00:00-04:00,32.54953248796528,32.84425476986593,32.33473340698713,32.51955795288086,900800,0.0,0.0
2021-05-26 00:00:00-04:00,32.679407417252,32.75933442747327,32.12992256093443,32.24980926513672,517100,0.0,0.0
2021-05-27 00:00:00-04:00,32.369696146252195,32.78930146941501,31.920116292056907,32.75933074951172,1191600,0.0,0.0
2021-05-28 00:00:00-04:00,32.869227316775,33.09901172060166,32.45961097758331,32.50956344604492,732100,0.0,0.0
2021-06-01 00:00:00-04:00,33.17893641087776,33.75839574244256,32.84924705519337,33.468666076660156,996400,0.0,0.0
2021-06-02 00:00:00-04:00,33.52861184980206,33.52861184980206,32.52455078476618,32.60947036743164,709600,0.0,0.0
2021-06-03 00:00:00-04:00,32.22982294539119,32.57949784886345,31.730292541248843,31.770254135131836,926100,0.0,0.0
2021-06-04 00:00:00-04:00,32.13990790470811,32.469601067971055,31.66035923645048,31.72030258178711,531200,0.0,0.0
2021-06-07 00:00:00-04:00,31.83019938430313,32.03001307041169,31.63038569819456,31.770254135131836,953000,0.0,0.0
2021-06-08 00:00:00-04:00,31.930105579551586,33.218899904033215,31.770255386593888,32.42963790893555,1463700,0.0,0.0
2021-06-09 00:00:00-04:00,32.649432569124784,32.65942153857565,31.870161468002113,32.159889221191406,501400,0.0,0.0
2021-06-10 00:00:00-04:00,32.209845888837336,33.17893600463867,32.0699736369407,33.17893600463867,566800,0.0,0.0
2021-06-11 00:00:00-04:00,33.29882635360554,33.29882635360554,32.859235471918346,32.979122161865234,369600,0.0,0.0
2021-06-14 00:00:00-04:00,33.01908801047107,33.448686142056125,32.86923059016221,33.059051513671875,401100,0.0,0.0
2021-06-15 00:00:00-04:00,32.919183254267665,33.00909923142555,32.119932241269474,32.2198371887207,892200,0.0,0.0
2021-06-16 00:00:00-04:00,32.20984863748754,32.39966956456628,31.630389263568997,31.990053176879883,800000,0.0,0.0
2021-06-17 00:00:00-04:00,31.750274560701204,31.85517588929533,30.83113502680958,31.1308536529541,1074400,0.0,0.0
2021-06-18 00:00:00-04:00,30.771190717740296,31.010967912662863,30.53141542838234,30.871097564697266,592000,0.0,0.0
2021-06-21 00:00:00-04:00,30.90107070305428,31.065915383537874,30.721238756661528,31.05093002319336,1492300,0.0,0.0
2021-06-22 00:00:00-04:00,30.971004777300948,31.51050061389915,30.73122948511218,31.370630264282227,1097400,0.0,0.0
2021-06-23 00:00:00-04:00,31.400604451116493,32.030016291765115,31.210781620778764,31.7003231048584,981800,0.0,0.0
2021-06-24 00:00:00-04:00,31.900134339370464,32.1499004999912,31.530479583203363,31.73029327392578,1128700,0.0,0.0
2021-06-25 00:00:00-04:00,31.91012653777716,31.980058855196148,31.310687346315717,31.970069885253906,2061300,0.0,0.0
2021-06-28 00:00:00-04:00,31.800227896396528,31.830200522053527,31.020956779396005,31.50050926208496,1064400,0.0,0.0
2021-06-29 00:00:00-04:00,31.560453879558334,32.14990220227881,31.52049037707201,31.950088500976562,562000,0.0,0.0
2021-06-30 00:00:00-04:00,31.780246624644818,32.10993788957932,31.74028502873151,31.89014434814453,984200,0.0,0.0
2021-07-01 00:00:00-04:00,32.08995500164794,32.2697869407966,31.80022724845865,32.159889221191406,331700,0.0,0.0
2021-07-02 00:00:00-04:00,32.299760005673114,32.379683191040606,31.790234930830664,32.23981475830078,540900,0.0,0.0
2021-07-06 00:00:00-04:00,32.26979008228635,32.32973533821467,31.550464161229325,31.990053176879883,532700,0.0,0.0
2021-07-07 00:00:00-04:00,32.00004272941522,32.97912572727783,31.99005375881021,32.88920974731445,699100,0.0,0.0
2021-07-08 00:00:00-04:00,32.14990068542291,32.64943300954554,31.72030258178711,31.72030258178711,1059700,0.0,0.0
2021-07-09 00:00:00-04:00,31.880153695976574,32.089956363510765,31.44056470446468,31.670351028442383,871000,0.0,0.0
2021-07-12 00:00:00-04:00,31.500509995336518,31.6104058141744,30.9310415279854,31.460546493530273,1673900,0.0,0.0
2021-07-13 00:00:00-04:00,31.440564153829563,31.699322678154605,31.000977075581034,31.18080711364746,453000,0.0,0.0
2021-07-14 00:00:00-04:00,31.530482132022946,32.61946473836883,31.41059543234992,32.41965103149414,2303400,0.0,0.0
2021-07-15 00:00:00-04:00,32.41965024398305,32.42963921407588,31.69033156550172,31.840192794799805,1125200,0.0,0.0
2021-07-16 00:00:00-04:00,31.831199199794774,31.91115189922825,31.481405424939787,31.701274871826172,1461900,0.011,0.0
2021-07-19 00:00:00-04:00,31.09163475778335,31.191574197600467,30.362064266049067,30.67188262939453,1070900,0.0,0.0
2021-07-20 00:00:00-04:00,30.761829817146058,31.47140975605598,30.731846841304634,31.311504364013672,808100,0.0,0.0
2021-07-21 00:00:00-04:00,31.591340644796176,31.98110981062187,31.501393620955987,31.781227111816406,471700,0.0,0.0
2021-07-22 00:00:00-04:00,31.641309099594018,32.24095335955766,31.641309099594018,31.921144485473633,1967500,0.0,0.0
2021-07-23 00:00:00-04:00,32.09104240754004,32.670697984787665,31.93113702632224,32.66070556640625,650100,0.0,0.0
2021-07-26 00:00:00-04:00,32.660709941977316,32.660709941977316,32.2309634575477,32.48081588745117,344100,0.0,0.0
2021-07-27 00:00:00-04:00,32.38087069137649,33.05047325465873,32.23095773507263,33.00050354003906,1390800,0.0,0.0
2021-07-28 00:00:00-04:00,33.11044211462818,33.899972824994876,32.850593475817725,33.580162048339844,1426800,0.0,0.0
2021-07-29 00:00:00-04:00,33.36029515528392,34.27975020250538,33.18040111344576,33.51020431518555,1579100,0.0,0.0
2021-07-30 00:00:00-04:00,33.78004676205457,34.91937319874909,33.78004676205457,34.84941482543945,1014700,0.0,0.0
2021-08-02 00:00:00-04:00,34.979336410662626,35.25916988196549,34.3996770058837,34.4896240234375,698600,0.0,0.0
2021-08-03 00:00:00-04:00,34.6495301392327,34.86940147843136,34.01790328180211,34.52960205078125,1197100,0.0,0.0
2021-08-04 00:00:00-04:00,34.479633219506,35.339126135838555,34.36869868640933,35.20920181274414,1318000,0.0,0.0
2021-08-05 00:00:00-04:00,35.27916138253986,35.42907436139209,34.79944518763632,34.9593505859375,1126500,0.0,0.0
2021-08-06 00:00:00-04:00,34.94935889011103,35.43906751460289,34.5795745512713,34.99932861328125,692400,0.0,0.0
2021-08-09 00:00:00-04:00,34.99932607197081,34.99932607197081,34.55958720257874,34.85940933227539,344000,0.0,0.0
2021-08-10 00:00:00-04:00,34.91937065566451,35.30914360886188,34.70949555102025,35.129249572753906,618600,0.0,0.0
2021-08-11 00:00:00-04:00,35.17922001674876,35.45905349537972,34.80943951820853,35.16922378540039,771300,0.0,0.0
2021-08-12 00:00:00-04:00,35.41907565200053,35.7888599573182,35.04529971660607,35.76887130737305,995400,0.0,0.0
2021-08-13 00:00:00-04:00,35.70890553792658,35.97874659488162,35.53900773120222,35.56898880004883,445200,0.0,0.0
2021-08-16 00:00:00-04:00,35.27915818588549,35.46904845021836,34.98932848633696,35.30914306640625,399600,0.0,0.0
2021-08-17 00:00:00-04:00,35.209201837048674,35.209201837048674,34.25976189829464,34.36969757080078,1541200,0.0,0.0
2021-08-18 00:00:00-04:00,34.21978657873334,34.33971466394004,33.42025584416845,33.43025207519531,1986900,0.0,0.0
2021-08-19 00:00:00-04:00,33.00050852369931,33.27534390183492,32.55577151526486,33.170406341552734,1377100,0.0,0.0
2021-08-20 00:00:00-04:00,33.2703507254491,34.04988909249447,32.96053233761143,33.76005935668945,817100,0.0,0.0
2021-08-23 00:00:00-04:00,33.919961387275826,34.35970406337193,33.86999166838632,34.30973434448242,508100,0.0,0.0
2021-08-24 00:00:00-04:00,34.4496524355876,34.839421595659765,34.29973946058508,34.69950485229492,433000,0.0,0.0
2021-08-25 00:00:00-04:00,34.62954720175498,35.10926339432944,34.459645572384325,34.739479064941406,430200,0.0,0.0
2021-08-26 00:00:00-04:00,34.61954834044745,34.78944995691356,34.339714869144586,34.4896240234375,310500,0.0,0.0
2021-08-27 00:00:00-04:00,34.42966530078561,34.99932853096643,34.42966530078561,34.8893928527832,664900,0.0,0.0
2021-08-30 00:00:00-04:00,34.89938551711758,35.44906391188786,34.729487695058054,35.219200134277344,496300,0.0,0.0
2021-08-31 00:00:00-04:00,35.269167036658025,35.76387373993639,35.05929192768481,35.16922378540039,575800,0.0,0.0
2021-09-01 00:00:00-04:00,35.22918909653538,35.27915881503434,34.499620531604094,34.81943130493164,1274600,0.0,0.0
2021-09-02 00:00:00-04:00,34.939361278837154,35.64894123220311,34.7294861623394,35.44906234741211,679200,0.0,0.0
2021-09-03 00:00:00-04:00,35.35911280510937,36.22859809182864,35.29914685647715,36.148643493652344,684600,0.0,0.0
2021-09-07 00:00:00-04:00,36.17863021057353,36.448471274447705,35.40908432006836,35.40908432006836,1855600,0.0,0.0
2021-09-08 00:00:00-04:00,35.72889249619499,36.558404277828494,35.409081735490375,36.41848373413086,1108100,0.0,0.0
2021-09-09 00:00:00-04:00,36.56839942360037,37.04811560043679,36.34952694021277,36.77827453613281,717700,0.0,0.0
2021-09-10 00:00:00-04:00,37.04811586542651,37.44788125520552,36.78827103078187,37.10808181762695,529800,0.0,0.0
2021-09-13 00:00:00-04:00,37.32795007793371,37.9076095231602,37.00813928485887,37.14805603027344,803600,0.0,0.0
2021-09-14 00:00:00-04:00,37.35793566446552,37.547822135040974,36.01872651357406,36.23859405517578,1487300,0.0,0.0
2021-09-15 00:00:00-04:00,36.31854500173591,36.93817788599944,35.459052136094044,35.61895751953125,1368600,0.0,0.0
2021-09-16 00:00:00-04:00,35.47904348373413,36.00872939181863,35.16922511181838,35.9787483215332,1552100,0.0,0.0
2021-09-17 00:00:00-04:00,35.78886290388266,36.68832935079857,35.42907480013811,36.458465576171875,1713400,0.0,0.0
2021-09-20 00:00:00-04:00,35.73888878932718,36.19862014357343,35.16922557178149,35.68891906738281,1329900,0.0,0.0
2021-09-21 00:00:00-04:00,35.91878055964409,36.92318830052286,35.82883354087218,36.71831130981445,1589100,0.0,0.0
2021-09-22 00:00:00-04:00,36.90819812834046,37.797672093566575,36.8282435275607,37.158050537109375,3568600,0.0,0.0
2021-09-23 00:00:00-04:00,37.56781198791722,37.77768711670357,37.18304091847556,37.35793685913086,564200,0.0,0.0
2021-09-24 00:00:00-04:00,37.15805241026755,38.137473444521454,37.08809403728123,37.787681579589844,832500,0.0,0.0
2021-09-27 00:00:00-04:00,37.8276508610555,38.0375297691099,37.09808232933346,37.34793472290039,508000,0.0,0.0
2021-09-28 00:00:00-04:00,37.16804159345774,37.707723691601494,36.70131825647321,37.18803024291992,1067800,0.0,0.0
2021-09-29 00:00:00-04:00,37.38791438662355,37.55781600747118,36.738296597266185,37.26798629760742,805600,0.0,0.0
2021-09-30 00:00:00-04:00,37.58779450339531,37.82765066500728,36.99814270513552,37.12806701660156,1008700,0.0,0.0
2021-10-01 00:00:00-04:00,37.427894230215,37.57780339855971,36.54841262196662,37.40790557861328,839000,0.0,0.0
2021-10-04 00:00:00-04:00,37.537826341927534,38.0175424974622,36.39849618353195,36.89820098876953,864500,0.0,0.0
2021-10-05 00:00:00-04:00,37.11807403802588,37.8276539792612,36.578391908447486,37.72771453857422,1745300,0.0,0.0
2021-10-06 00:00:00-04:00,37.5278308517402,39.09190936297725,37.32794816320999,39.03694152832031,2183500,0.0,0.0
2021-10-07 00:00:00-04:00,39.226830779715264,39.92641833318017,39.16686482515126,39.50666427612305,1079100,0.0,0.0
2021-10-08 00:00:00-04:00,39.84646116750304,39.84646116750304,38.787089392040656,38.94699478149414,1017200,0.0,0.0
2021-10-11 00:00:00-04:00,38.90701649008736,39.54663803161062,38.79708082280459,39.41671371459961,594400,0.0,0.0
2021-10-12 00:00:00-04:00,39.866448896388874,39.96639214526577,39.09690303603979,39.526649475097656,967200,0.0,0.0
2021-10-13 00:00:00-04:00,39.88643671707267,39.99637238232954,38.76709904003413,39.376739501953125,1037300,0.0,0.0
2021-10-14 00:00:00-04:00,39.93640633738458,40.04634200237481,39.11189266240292,39.26680374145508,474000,0.0,0.0
2021-10-15 00:00:00-04:00,39.38776859444503,39.5177254862532,38.80794684263795,39.107852935791016,512300,0.011,0.0
2021-10-18 00:00:00-04:00,38.7979525740318,39.732659856988015,38.7979525740318,39.57770919799805,431900,0.0,0.0
2021-10-19 00:00:00-04:00,39.64768784620781,40.16752687567378,39.52772616664275,39.99757766723633,718100,0.0,0.0
2021-10-20 00:00:00-04:00,40.177518982408934,40.75734071351855,40.10754102362159,40.41744613647461,1724900,0.0,0.0
2021-10-21 00:00:00-04:00,40.31747853909688,41.30716898824398,40.31747853909688,40.52741241455078,941600,0.0,0.0
2021-10-22 00:00:00-04:00,40.817325838450266,41.85700006406684,40.38745903022388,41.297176361083984,753900,0.0,0.0
2021-10-25 00:00:00-04:00,41.477120783760746,41.637070957971986,40.99726644761407,41.297176361083984,383900,0.0,0.0
2021-10-26 00:00:00-04:00,41.267182456155695,41.66705979237946,40.947282112581846,41.46712112426758,902500,0.0,0.0
2021-10-27 00:00:00-04:00,41.24718779257014,41.46712070662943,39.777646795801104,39.80763626098633,1051700,0.0,0.0
2021-10-28 00:00:00-04:00,39.767647836122094,41.77702590440567,39.75965089962594,40.82732009887695,1508500,0.0,0.0
2021-10-29 00:00:00-04:00,40.73734876325016,41.57708812956074,40.30748195588207,41.13722610473633,721000,0.0,0.0
2021-11-01 00:00:00-04:00,41.32716502166448,41.837005000304515,41.19720431592765,41.57708740234375,947900,0.0,0.0
2021-11-02 00:00:00-04:00,41.497108818798914,41.727040756098255,41.097235313153305,41.70704650878906,546700,0.0,0.0
2021-11-03 00:00:00-04:00,41.7770270486219,42.23688332460526,41.07724360361815,41.6170768737793,623000,0.0,0.0
2021-11-04 00:00:00-04:00,43.136602952535405,43.69642662542589,40.437440570985764,41.167213439941406,2395900,0.0,0.0
2021-11-05 00:00:00-04:00,40.52741257419967,41.18720748073443,39.367772925941225,39.55771255493164,1445900,0.0,0.0
2021-11-08 00:00:00-05:00,39.967585082628894,40.53740778299917,38.807945434601855,39.127845764160156,2223200,0.0,0.0
2021-11-09 00:00:00-05:00,39.117851078531764,39.17783000769306,38.238123253542504,38.797950744628906,1922300,0.0,0.0
2021-11-10 00:00:00-05:00,38.70797906327475,39.96758616844165,38.70797906327475,39.32778549194336,1364300,0.0,0.0
2021-11-11 00:00:00-05:00,39.417756171936766,39.447745635761976,38.51803412205362,38.75796127319336,1332400,0.0,0.0
2021-11-12 00:00:00-05:00,38.80794787146488,39.90760484668309,38.62800344810001,39.7376594543457,804900,0.0,0.0
2021-11-15 00:00:00-05:00,39.827630610168654,40.197514664607,38.977896043982845,39.107852935791016,1116200,0.0,0.0
2021-11-16 00:00:00-05:00,39.22781736573432,40.69735832659888,39.08785763342614,40.197513580322266,1076300,0.0,0.0
2021-11-17 00:00:00-05:00,40.217509050159244,41.26718228654117,40.01757038286914,41.147220611572266,1158500,0.0,0.0
2021-11-18 00:00:00-05:00,41.397144555165696,42.2268887210153,40.98727198782794,41.87699508666992,1278100,0.0,0.0
2021-11-19 00:00:00-05:00,37.99819844592776,40.50742137367928,37.618319159374266,40.267494201660156,4429100,0.0,0.0
2021-11-22 00:00:00-05:00,40.56740373244255,40.73734912530113,38.94790391719203,39.03787612915039,1615500,0.0,0.0
2021-11-23 00:00:00-05:00,38.98788986206055,40.18751800513419,38.7379674911499,39.987579345703125,2807100,0.0,0.0
2021-11-24 00:00:00-05:00,39.77764827268451,40.44743844344194,39.07786482211539,40.37746047973633,505300,0.0,0.0
2021-11-26 00:00:00-05:00,39.527725483502536,40.06755875248516,39.27780309751203,39.57770919799805,387600,0.0,0.0
2021-11-29 00:00:00-05:00,39.98758226629725,40.5873944748865,39.537721203098805,40.1075439453125,1736500,0.0,0.0
2021-11-30 00:00:00-05:00,39.9875795033343,40.107541174060735,38.478050055029044,38.5880126953125,1185700,0.0,0.0
2021-12-01 00:00:00-05:00,38.22813079688153,38.817947795137854,36.27873537460976,36.718597412109375,4376700,0.0,0.0
2021-12-02 00:00:00-05:00,37.04849507359377,38.51803607835621,36.98851232938418,37.978206634521484,1953500,0.0,0.0
2021-12-03 00:00:00-05:00,38.01819214594983,38.11816338847853,37.028501632750036,37.26842498779297,1646400,0.0,0.0
2021-12-06 00:00:00-05:00,37.3783887889522,38.008194224787154,37.16845491484478,37.62831115722656,1055400,0.0,0.0
2021-12-07 00:00:00-05:00,38.2681129820749,38.687984556663935,37.86823946869462,37.98820114135742,900600,0.0,0.0
2021-12-08 00:00:00-05:00,38.05818078842409,38.48804759915806,37.57833026299121,38.018192291259766,1274200,0.0,0.0
2021-12-09 00:00:00-05:00,37.918222101814706,38.06817704850928,37.183449727334214,37.358394622802734,1454300,0.0,0.0
2021-12-10 00:00:00-05:00,37.35839676659278,37.648307646298534,36.818567317242504,36.89854049682617,965700,0.0,0.0
2021-12-13 00:00:00-05:00,36.93852956224116,37.0085075255219,35.898851517051625,36.13877868652344,1294300,0.0,0.0
2021-12-14 00:00:00-05:00,35.89885196076899,36.92853098763805,35.75889603247762,36.07879638671875,1792300,0.0,0.0
2021-12-15 00:00:00-05:00,36.16876593069825,36.29872663174136,35.379010321031814,36.00881576538086,1395400,0.0,0.0
2021-12-16 00:00:00-05:00,36.228751104294965,36.6186294200787,35.41400167737527,35.59894561767578,1331800,0.0,0.0
2021-12-17 00:00:00-05:00,35.61894023484088,36.00881855465781,35.02912323951159,35.37901306152344,1204800,0.0,0.0
2021-12-20 00:00:00-05:00,35.758896083799854,35.758896083799854,34.48928988267126,35.21906280517578,2505500,0.0,0.0
2021-12-21 00:00:00-05:00,35.54896211543123,36.53865264395676,35.54896211543123,36.508663177490234,976000,0.0,0.0
2021-12-22 00:00:00-05:00,36.51865557189663,37.51534763329099,36.49366562294417,37.40837860107422,1005700,0.0,0.0
2021-12-23 00:00:00-05:00,37.48835849271942,38.288109377861495,37.41838052861406,37.958213806152344,537400,0.0,0.0
2021-12-27 00:00:00-05:00,38.2281276831332,38.66798968480529,38.01319429076227,38.5880126953125,355300,0.0,0.0
2021-12-28 00:00:00-05:00,38.27811381190068,38.54303093267656,37.67330209134314,37.74827575683594,631100,0.0,0.0
2021-12-29 00:00:00-05:00,37.6683024948594,38.09816930582166,37.40838107666626,37.58832550048828,612000,0.0,0.0
2021-12-30 00:00:00-05:00,37.6283120441301,38.12815679246023,37.418378165074515,37.50835037231445,967700,0.0,0.0
2021-12-31 00:00:00-05:00,37.32840543365398,37.9931998548408,37.31841021677336,37.8382453918457,570500,0.0,0.0
2022-01-03 00:00:00-05:00,37.96820867831613,38.03818664178474,36.778579485836794,37.74827575683594,714700,0.0,0.0
2022-01-04 00:00:00-05:00,37.8782351418209,37.99819681592798,36.778578199894795,37.06848907470703,1159800,0.0,0.0
2022-01-05 00:00:00-05:00,37.1484618114148,37.25842826700298,35.23405549625314,35.409000396728516,1626500,0.0,0.0
2022-01-06 00:00:00-05:00,35.25905075573327,36.47867322254725,34.98913412060986,35.5489616394043,2187800,0.0,0.0
2022-01-07 00:00:00-05:00,35.47898306297908,35.69491560464275,34.439305037551854,35.289039611816406,1072200,0.0,0.0
2022-01-10 00:00:00-05:00,34.98913335707169,35.0791055668161,33.94945533636132,34.53927230834961,1027800,0.0,0.0
2022-01-11 00:00:00-05:00,34.6292446028928,34.79919380549858,34.009438163976235,34.699222564697266,1255700,0.0,0.0
2022-01-12 00:00:00-05:00,34.97913661870009,35.319031194786085,34.569264084023985,34.82918167114258,1459800,0.0,0.0
2022-01-13 00:00:00-05:00,34.91915397633142,35.92883867708501,34.68922585266502,35.41899871826172,1787300,0.0,0.0
2022-01-14 00:00:00-05:00,35.04999923706055,35.22999954223633,33.689998626708984,34.130001068115234,1120600,0.011,0.0
2022-01-18 00:00:00-05:00,33.97999954223633,34.40999984741211,33.439998626708984,33.560001373291016,1578800,0.0,0.0
2022-01-19 00:00:00-05:00,33.59000015258789,34.029998779296875,33.0,33.0,1327200,0.0,0.0
2022-01-20 00:00:00-05:00,33.29999923706055,33.720001220703125,32.29999923706055,32.380001068115234,983200,0.0,0.0
2022-01-21 00:00:00-05:00,32.08000183105469,32.45000076293945,31.450000762939453,31.559999465942383,1147900,0.0,0.0
2022-01-24 00:00:00-05:00,30.8799991607666,32.52000045776367,30.59000015258789,32.5,1737100,0.0,0.0
2022-01-25 00:00:00-05:00,32.08000183105469,32.5,31.5,32.11000061035156,1343500,0.0,0.0
2022-01-26 00:00:00-05:00,32.619998931884766,33.09000015258789,31.829999923706055,32.0099983215332,1187000,0.0,0.0
2022-01-27 00:00:00-05:00,32.2599983215332,32.279998779296875,31.170000076293945,31.239999771118164,1210600,0.0,0.0
2022-01-28 00:00:00-05:00,31.1299991607666,31.799999237060547,30.68000030517578,31.719999313354492,1389200,0.0,0.0
2022-01-31 00:00:00-05:00,31.780000686645508,32.88999938964844,31.469999313354492,32.869998931884766,1012100,0.0,0.0
2022-02-01 00:00:00-05:00,33.130001068115234,33.540000915527344,32.63999938964844,33.4900016784668,901100,0.0,0.0
2022-02-02 00:00:00-05:00,33.4900016784668,33.540000915527344,32.619998931884766,32.720001220703125,807300,0.0,0.0
2022-02-03 00:00:00-05:00,32.220001220703125,32.38999938964844,31.299999237060547,31.489999771118164,1053400,0.0,0.0
2022-02-04 00:00:00-05:00,31.309999465942383,31.850000381469727,31.290000915527344,31.600000381469727,1021900,0.0,0.0
2022-02-07 00:00:00-05:00,31.549999237060547,32.09000015258789,31.420000076293945,31.780000686645508,881100,0.0,0.0
2022-02-08 00:00:00-05:00,31.649999618530273,32.125,31.399999618530273,31.90999984741211,787900,0.0,0.0
2022-02-09 00:00:00-05:00,32.45000076293945,33.060001373291016,32.31999969482422,32.90999984741211,1630200,0.0,0.0
2022-02-10 00:00:00-05:00,32.095001220703125,33.7599983215332,31.8700008392334,32.400001525878906,2689500,0.0,0.0
2022-02-11 00:00:00-05:00,32.43000030517578,32.5,30.299999237060547,30.989999771118164,3705300,0.0,0.0
2022-02-14 00:00:00-05:00,30.729999542236328,31.010000228881836,29.96500015258789,30.06999969482422,2476900,0.0,0.0
2022-02-15 00:00:00-05:00,30.520000457763672,30.75,29.719999313354492,29.8700008392334,1644600,0.0,0.0
2022-02-16 00:00:00-05:00,29.899999618530273,29.940000534057617,28.864999771118164,29.459999084472656,2576400,0.0,0.0
2022-02-17 00:00:00-05:00,29.190000534057617,29.950000762939453,28.829999923706055,28.8700008392334,2230200,0.0,0.0
2022-02-18 00:00:00-05:00,28.889999389648438,29.059999465942383,27.981000900268555,28.420000076293945,1788900,0.0,0.0
2022-02-22 00:00:00-05:00,28.200000762939453,28.670000076293945,27.920000076293945,28.239999771118164,1091200,0.0,0.0
2022-02-23 00:00:00-05:00,28.479999542236328,28.6200008392334,27.559999465942383,27.6200008392334,873500,0.0,0.0
2022-02-24 00:00:00-05:00,26.829999923706055,28.545000076293945,26.760000228881836,28.43000030517578,1365200,0.0,0.0
2022-02-25 00:00:00-05:00,28.5,29.270000457763672,28.139999389648438,29.229999542236328,1302600,0.0,0.0
2022-02-28 00:00:00-05:00,28.799999237060547,29.510000228881836,28.729999542236328,29.25,855300,0.0,0.0
2022-03-01 00:00:00-05:00,29.559999465942383,29.56999969482422,29.020000457763672,29.209999084472656,1152900,0.0,0.0
2022-03-02 00:00:00-05:00,29.3799991607666,30.0049991607666,29.360000610351562,29.43000030517578,1424900,0.0,0.0
2022-03-03 00:00:00-05:00,29.549999237060547,29.549999237060547,28.65999984741211,28.809999465942383,1263800,0.0,0.0
2022-03-04 00:00:00-05:00,28.530000686645508,29.030000686645508,28.079999923706055,28.1200008392334,1756400,0.0,0.0
2022-03-07 00:00:00-05:00,28.06999969482422,28.1299991607666,26.229999542236328,26.290000915527344,2168800,0.0,0.0
2022-03-08 00:00:00-05:00,26.290000915527344,27.780000686645508,25.90999984741211,27.5,2526000,0.0,0.0
2022-03-09 00:00:00-05:00,28.020000457763672,29.399999618530273,28.020000457763672,28.59000015258789,2869800,0.0,0.0
2022-03-10 00:00:00-05:00,28.040000915527344,28.850000381469727,27.860000610351562,28.739999771118164,1147600,0.0,0.0
2022-03-11 00:00:00-05:00,28.899999618530273,29.280000686645508,28.020000457763672,28.579999923706055,1916300,0.0,0.0
2022-03-14 00:00:00-04:00,28.68000030517578,29.190000534057617,27.6299991607666,28.139999389648438,1684200,0.0,0.0
2022-03-15 00:00:00-04:00,28.329999923706055,29.440000534057617,27.90999984741211,28.440000534057617,1554500,0.0,0.0
2022-03-16 00:00:00-04:00,28.770000457763672,30.34000015258789,28.719999313354492,29.65999984741211,1777500,0.0,0.0
2022-03-17 00:00:00-04:00,29.389999389648438,30.065000534057617,29.260000228881836,29.889999389648438,819700,0.0,0.0
2022-03-18 00:00:00-04:00,29.760000228881836,31.049999237060547,29.719999313354492,30.889999389648438,2084600,0.0,0.0
2022-03-21 00:00:00-04:00,30.809999465942383,31.19499969482422,30.540000915527344,30.920000076293945,1314800,0.0,0.0
2022-03-22 00:00:00-04:00,31.049999237060547,31.5,30.6299991607666,30.719999313354492,1432400,0.0,0.0
2022-03-23 00:00:00-04:00,30.540000915527344,31.56999969482422,30.40999984741211,31.100000381469727,1201100,0.0,0.0
2022-03-24 00:00:00-04:00,31.270000457763672,31.31999969482422,30.69700050354004,30.920000076293945,1153900,0.0,0.0
2022-03-25 00:00:00-04:00,30.899999618530273,31.075000762939453,30.600000381469727,30.979999542236328,733600,0.0,0.0
2022-03-28 00:00:00-04:00,30.81999969482422,32.220001220703125,30.81999969482422,32.20000076293945,1673400,0.0,0.0
2022-03-29 00:00:00-04:00,32.709999084472656,33.2599983215332,32.22999954223633,32.369998931884766,1432700,0.0,0.0
2022-03-30 00:00:00-04:00,32.25,32.43000030517578,31.68000030517578,31.84000015258789,885600,0.0,0.0
2022-03-31 00:00:00-04:00,31.920000076293945,32.83000183105469,31.780000686645508,32.540000915527344,1679800,0.0,0.0
2022-04-01 00:00:00-04:00,32.70000076293945,32.959999084472656,32.099998474121094,32.2400016784668,1058200,0.0,0.0
2022-04-04 00:00:00-04:00,32.34000015258789,32.58000183105469,31.5,31.56999969482422,586100,0.0,0.0
2022-04-05 00:00:00-04:00,31.700000762939453,31.93000030517578,30.850000381469727,31.059999465942383,1050000,0.0,0.0
2022-04-06 00:00:00-04:00,30.889999389648438,30.979999542236328,30.389999389648438,30.940000534057617,927800,0.0,0.0
2022-04-07 00:00:00-04:00,30.940000534057617,33.22999954223633,30.760000228881836,33.150001525878906,2709100,0.0,0.0
2022-04-08 00:00:00-04:00,32.93000030517578,32.939998626708984,32.25,32.56999969482422,1357300,0.0,0.0
2022-04-11 00:00:00-04:00,32.29999923706055,32.9900016784668,31.889999389648438,32.52000045776367,964200,0.0,0.0
2022-04-12 00:00:00-04:00,32.79999923706055,33.0099983215332,32.29999923706055,32.439998626708984,1020100,0.0,0.0
2022-04-13 00:00:00-04:00,32.41999816894531,33.5099983215332,32.41999816894531,33.09000015258789,1373600,0.0,0.0
2022-04-14 00:00:00-04:00,33.119998931884766,33.599998474121094,32.72999954223633,32.84000015258789,587100,0.0,0.0
2022-04-18 00:00:00-04:00,32.66999816894531,32.869998931884766,32.345001220703125,32.720001220703125,540300,0.0,0.0
2022-04-19 00:00:00-04:00,32.70000076293945,33.60499954223633,32.68000030517578,33.470001220703125,950900,0.0,0.0
2022-04-20 00:00:00-04:00,33.84000015258789,34.15999984741211,33.2400016784668,33.529998779296875,1035800,0.0,0.0
2022-04-21 00:00:00-04:00,33.88999938964844,34.0099983215332,33.02000045776367,33.209999084472656,1082300,0.0,0.0
2022-04-22 00:00:00-04:00,32.88999938964844,33.09000015258789,31.030000686645508,31.059999465942383,2560600,0.0,0.0
2022-04-25 00:00:00-04:00,30.889999389648438,31.344999313354492,30.31999969482422,30.93000030517578,1383800,0.0,0.0
2022-04-26 00:00:00-04:00,30.709999084472656,31.709999084472656,30.65999984741211,31.079999923706055,2022200,0.0,0.0
2022-04-27 00:00:00-04:00,31.200000762939453,31.899999618530273,31.1200008392334,31.799999237060547,1294900,0.0,0.0
2022-04-28 00:00:00-04:00,32.02000045776367,32.2400016784668,31.360000610351562,32.0,870200,0.0,0.0
2022-04-29 00:00:00-04:00,31.790000915527344,32.025001525878906,30.049999237060547,30.1299991607666,1501900,0.0,0.0
2022-05-02 00:00:00-04:00,29.989999771118164,30.489999771118164,29.5,30.059999465942383,1808500,0.0,0.0
2022-05-03 00:00:00-04:00,30.06999969482422,30.260000228881836,29.520000457763672,29.719999313354492,1278900,0.0,0.0
2022-05-04 00:00:00-04:00,29.68000030517578,29.739999771118164,28.420000076293945,29.489999771118164,2145100,0.0,0.0
2022-05-05 00:00:00-04:00,29.729999542236328,30.600000381469727,28.639999389648438,28.860000610351562,2085800,0.0,0.0
2022-05-06 00:00:00-04:00,28.700000762939453,29.690000534057617,28.09000015258789,29.59000015258789,1284200,0.0,0.0
2022-05-09 00:00:00-04:00,29.09000015258789,29.299999237060547,28.0,28.09000015258789,1862000,0.0,0.0
2022-05-10 00:00:00-04:00,28.93000030517578,29.049999237060547,27.670000076293945,28.299999237060547,1017700,0.0,0.0
2022-05-11 00:00:00-04:00,28.239999771118164,28.719999313354492,27.200000762939453,27.219999313354492,838000,0.0,0.0
2022-05-12 00:00:00-04:00,26.90999984741211,27.31999969482422,26.219999313354492,26.729999542236328,2167100,0.0,0.0
2022-05-13 00:00:00-04:00,27.059999465942383,28.3799991607666,26.959999084472656,28.0,1465100,0.0,0.0
2022-05-16 00:00:00-04:00,27.950000762939453,28.899999618530273,27.790000915527344,28.690000534057617,1035500,0.0,0.0
2022-05-17 00:00:00-04:00,28.979999542236328,29.260000228881836,28.3799991607666,28.860000610351562,597100,0.0,0.0
2022-05-18 00:00:00-04:00,28.3700008392334,28.825000762939453,27.639999389648438,27.780000686645508,1312200,0.0,0.0
2022-05-19 00:00:00-04:00,27.649999618530273,29.020000457763672,27.56999969482422,28.389999389648438,1235800,0.0,0.0
2022-05-20 00:00:00-04:00,28.790000915527344,29.344999313354492,28.389999389648438,29.260000228881836,1241200,0.0,0.0
2022-05-23 00:00:00-04:00,29.530000686645508,30.15999984741211,29.05299949645996,29.809999465942383,984800,0.0,0.0
2022-05-24 00:00:00-04:00,29.690000534057617,29.969999313354492,29.170000076293945,29.56999969482422,911300,0.0,0.0
2022-05-25 00:00:00-04:00,29.639999389648438,30.079999923706055,28.459999084472656,29.190000534057617,1882000,0.0,0.0
2022-05-26 00:00:00-04:00,29.350000381469727,30.15999984741211,29.280000686645508,29.739999771118164,2022100,0.0,0.0
2022-05-27 00:00:00-04:00,29.850000381469727,30.770000457763672,29.850000381469727,30.700000762939453,620500,0.0,0.0
2022-05-31 00:00:00-04:00,31.0,31.079999923706055,30.360000610351562,30.56999969482422,1569900,0.0,0.0
2022-06-01 00:00:00-04:00,30.6299991607666,31.010000228881836,30.204999923706055,30.829999923706055,1309100,0.0,0.0
2022-06-02 00:00:00-04:00,30.65999984741211,31.790000915527344,30.65999984741211,31.690000534057617,856100,0.0,0.0
2022-06-03 00:00:00-04:00,31.420000076293945,31.81999969482422,31.260000228881836,31.559999465942383,818700,0.0,0.0
2022-06-06 00:00:00-04:00,31.700000762939453,32.41999816894531,31.700000762939453,32.060001373291016,1395400,0.0,0.0
2022-06-07 00:00:00-04:00,31.84000015258789,32.0099983215332,31.43000030517578,31.889999389648438,375800,0.0,0.0
2022-06-08 00:00:00-04:00,31.690000534057617,31.690000534057617,30.315000534057617,30.530000686645508,1149900,0.0,0.0
2022-06-09 00:00:00-04:00,30.190000534057617,30.510000228881836,29.3799991607666,29.579999923706055,739700,0.0,0.0
2022-06-10 00:00:00-04:00,29.100000381469727,29.190000534057617,28.209999084472656,28.469999313354492,1394600,0.0,0.0
2022-06-13 00:00:00-04:00,27.59000015258789,28.0,27.045000076293945,27.229999542236328,1182500,0.0,0.0
2022-06-14 00:00:00-04:00,27.389999389648438,27.389999389648438,26.315000534057617,26.34000015258789,1208900,0.0,0.0
2022-06-15 00:00:00-04:00,26.549999237060547,27.059999465942383,26.0,26.68000030517578,932400,0.0,0.0
2022-06-16 00:00:00-04:00,26.260000228881836,26.559999465942383,24.530000686645508,24.75,1607800,0.0,0.0
2022-06-17 00:00:00-04:00,24.719999313354492,25.020000457763672,24.15999984741211,24.889999389648438,1082600,0.0,0.0
2022-06-21 00:00:00-04:00,25.510000228881836,26.209999084472656,25.1299991607666,25.6299991607666,1045700,0.0,0.0
2022-06-22 00:00:00-04:00,25.299999237060547,26.084999084472656,25.079999923706055,25.700000762939453,899100,0.0,0.0
2022-06-23 00:00:00-04:00,25.790000915527344,27.010000228881836,25.729999542236328,26.959999084472656,1130900,0.0,0.0
2022-06-24 00:00:00-04:00,27.219999313354492,27.729999542236328,27.06999969482422,27.360000610351562,929000,0.0,0.0
2022-06-27 00:00:00-04:00,27.360000610351562,27.690000534057617,27.139999389648438,27.270000457763672,432000,0.0,0.0
2022-06-28 00:00:00-04:00,27.25,27.790000915527344,26.34000015258789,26.34000015258789,931300,0.0,0.0
2022-06-29 00:00:00-04:00,26.610000610351562,26.610000610351562,25.809999465942383,26.260000228881836,999900,0.0,0.0
2022-06-30 00:00:00-04:00,25.790000915527344,25.93000030517578,25.329999923706055,25.799999237060547,2607800,0.0,0.0
2022-07-01 00:00:00-04:00,25.81999969482422,25.93000030517578,25.049999237060547,25.93000030517578,876900,0.0,0.0
2022-07-05 00:00:00-04:00,25.450000762939453,25.649999618530273,24.639999389648438,25.489999771118164,1524000,0.0,0.0
2022-07-06 00:00:00-04:00,25.440000534057617,26.0,25.389999389648438,25.700000762939453,1812700,0.0,0.0
2022-07-07 00:00:00-04:00,25.969999313354492,26.309999465942383,25.469999313354492,26.110000610351562,823600,0.0,0.0
2022-07-08 00:00:00-04:00,25.979999542236328,26.31999969482422,25.690000534057617,25.809999465942383,862100,0.0,0.0
2022-07-11 00:00:00-04:00,25.610000610351562,25.809999465942383,24.81999969482422,25.030000686645508,1155600,0.0,0.0
2022-07-12 00:00:00-04:00,24.8799991607666,25.149999618530273,24.530000686645508,24.989999771118164,1754500,0.0,0.0
2022-07-13 00:00:00-04:00,24.530000686645508,24.889999389648438,24.43000030517578,24.700000762939453,1041500,0.0,0.0
2022-07-14 00:00:00-04:00,24.06999969482422,24.790000915527344,24.0,24.729999542236328,1271200,0.0,0.0
2022-07-15 00:00:00-04:00,25.1200008392334,25.200000762939453,24.850000381469727,25.06999969482422,572700,0.0,0.0
2022-07-18 00:00:00-04:00,25.280000686645508,25.920000076293945,25.059999465942383,25.170000076293945,772600,0.0,0.0
2022-07-19 00:00:00-04:00,25.59000015258789,26.030000686645508,25.170000076293945,25.940000534057617,1534100,0.0,0.0
2022-07-20 00:00:00-04:00,26.059999465942383,26.700000762939453,25.94499969482422,26.59000015258789,831500,0.0,0.0
2022-07-21 00:00:00-04:00,26.610000610351562,27.170000076293945,26.5,26.989999771118164,870800,0.0,0.0
2022-07-22 00:00:00-04:00,27.1200008392334,27.31999969482422,26.850000381469727,27.229999542236328,1038000,0.0,0.0
2022-07-25 00:00:00-04:00,27.360000610351562,27.360000610351562,26.829999923706055,27.34000015258789,751200,0.0,0.0
2022-07-26 00:00:00-04:00,27.06999969482422,27.145000457763672,26.469999313354492,26.559999465942383,1191600,0.0,0.0
2022-07-27 00:00:00-04:00,26.860000610351562,27.520000457763672,26.860000610351562,27.440000534057617,1784100,0.0,0.0
2022-07-28 00:00:00-04:00,27.670000076293945,28.020000457763672,26.635000228881836,27.940000534057617,2046300,0.0,0.0
2022-07-29 00:00:00-04:00,27.950000762939453,28.559999465942383,27.43000030517578,27.649999618530273,1768200,0.0,0.0
2022-08-01 00:00:00-04:00,27.420000076293945,28.0,27.25,27.559999465942383,1061000,0.0,0.0
2022-08-02 00:00:00-04:00,27.540000915527344,27.8799991607666,27.34000015258789,27.690000534057617,729400,0.0,0.0
2022-08-03 00:00:00-04:00,28.0,28.665000915527344,27.709999084472656,28.5,910300,0.0,0.0
2022-08-04 00:00:00-04:00,28.6299991607666,28.790000915527344,28.309999465942383,28.479999542236328,851400,0.0,0.0
2022-08-05 00:00:00-04:00,28.209999084472656,28.670000076293945,28.110000610351562,28.59000015258789,647000,0.0,0.0
2022-08-08 00:00:00-04:00,28.809999465942383,29.31999969482422,28.780000686645508,29.0,1122200,0.0,0.0
2022-08-09 00:00:00-04:00,28.940000534057617,29.020000457763672,28.110000610351562,28.209999084472656,707400,0.0,0.0
2022-08-10 00:00:00-04:00,28.770000457763672,28.940000534057617,28.440000534057617,28.760000228881836,788900,0.0,0.0
2022-08-11 00:00:00-04:00,28.989999771118164,29.489999771118164,28.760000228881836,28.860000610351562,1134000,0.0,0.0
2022-08-12 00:00:00-04:00,29.06999969482422,29.3700008392334,28.940000534057617,29.360000610351562,648600,0.0,0.0
2022-08-15 00:00:00-04:00,29.059999465942383,29.25,28.940000534057617,29.149999618530273,741500,0.0,0.0
2022-08-16 00:00:00-04:00,29.139999389648438,30.079999923706055,29.030000686645508,29.549999237060547,672200,0.0,0.0
2022-08-17 00:00:00-04:00,29.43000030517578,29.459999084472656,28.8700008392334,29.350000381469727,873100,0.0,0.0
2022-08-18 00:00:00-04:00,29.420000076293945,29.469999313354492,29.149999618530273,29.239999771118164,671800,0.0,0.0
2022-08-19 00:00:00-04:00,28.950000762939453,29.139999389648438,28.56999969482422,28.8799991607666,623200,0.0,0.0
2022-08-22 00:00:00-04:00,28.3799991607666,28.610000610351562,28.0,28.15999984741211,885100,0.0,0.0
2022-08-23 00:00:00-04:00,28.0,28.3799991607666,27.934999465942383,28.1200008392334,628200,0.0,0.0
2022-08-24 00:00:00-04:00,28.030000686645508,29.079999923706055,28.030000686645508,28.8799991607666,652400,0.0,0.0
2022-08-25 00:00:00-04:00,29.100000381469727,29.479999542236328,28.920000076293945,29.34000015258789,789800,0.0,0.0
2022-08-26 00:00:00-04:00,29.350000381469727,29.40999984741211,28.260000228881836,28.270000457763672,677400,0.0,0.0
2022-08-29 00:00:00-04:00,28.200000762939453,28.56999969482422,27.979999542236328,28.40999984741211,566900,0.0,0.0
2022-08-30 00:00:00-04:00,28.540000915527344,28.6299991607666,28.010000228881836,28.229999542236328,607600,0.0,0.0
2022-08-31 00:00:00-04:00,28.6200008392334,28.68000030517578,27.969999313354492,28.100000381469727,897600,0.0,0.0
2022-09-01 00:00:00-04:00,28.540000915527344,29.440000534057617,28.3799991607666,29.190000534057617,2494500,0.0,0.0
2022-09-02 00:00:00-04:00,29.440000534057617,29.5,28.415000915527344,28.700000762939453,1018600,0.0,0.0
2022-09-06 00:00:00-04:00,28.8700008392334,28.90999984741211,28.31999969482422,28.549999237060547,776600,0.0,0.0
2022-09-07 00:00:00-04:00,28.5,29.05500030517578,28.309999465942383,28.829999923706055,2195800,0.0,0.0
2022-09-08 00:00:00-04:00,28.790000915527344,28.950000762939453,28.510000228881836,28.809999465942383,666200,0.0,0.0
2022-09-09 00:00:00-04:00,29.280000686645508,30.479999542236328,29.020000457763672,30.399999618530273,1349200,0.0,0.0
2022-09-12 00:00:00-04:00,30.610000610351562,31.100000381469727,30.31999969482422,30.75,1465200,0.0,0.0
2022-09-13 00:00:00-04:00,30.229999542236328,30.549999237060547,29.989999771118164,30.010000228881836,1098100,0.0,0.0
2022-09-14 00:00:00-04:00,30.040000915527344,30.280000686645508,29.829999923706055,30.040000915527344,981900,0.0,0.0
2022-09-15 00:00:00-04:00,29.850000381469727,30.30500030517578,29.204999923706055,29.309999465942383,1428700,0.0,0.0
2022-09-16 00:00:00-04:00,28.850000381469727,28.850000381469727,27.739999771118164,28.020000457763672,2217300,0.0,0.0
2022-09-19 00:00:00-04:00,27.600000381469727,28.43000030517578,27.59000015258789,28.399999618530273,705900,0.0,0.0
2022-09-20 00:00:00-04:00,28.200000762939453,28.59000015258789,27.979999542236328,28.309999465942383,1184200,0.0,0.0
2022-09-21 00:00:00-04:00,28.299999237060547,28.75,27.93000030517578,27.940000534057617,474400,0.0,0.0
2022-09-22 00:00:00-04:00,27.809999465942383,27.860000610351562,26.5,26.75,1653100,0.0,0.0
2022-09-23 00:00:00-04:00,26.40999984741211,26.489999771118164,25.739999771118164,26.200000762939453,1236900,0.0,0.0
2022-09-26 00:00:00-04:00,26.040000915527344,26.440000534057617,25.579999923706055,25.75,1142800,0.0,0.0
2022-09-27 00:00:00-04:00,25.920000076293945,26.110000610351562,25.18000030517578,25.299999237060547,1086900,0.0,0.0
2022-09-28 00:00:00-04:00,25.25,26.3799991607666,25.084999084472656,26.229999542236328,1234300,0.0,0.0
2022-09-29 00:00:00-04:00,26.100000381469727,26.149999618530273,25.450000762939453,25.760000228881836,713600,0.0,0.0
2022-09-30 00:00:00-04:00,25.59000015258789,25.850000381469727,25.135000228881836,25.290000915527344,1102600,0.0,0.0
2022-10-03 00:00:00-04:00,25.739999771118164,26.219999313354492,25.219999313354492,25.84000015258789,1589900,0.0,0.0
2022-10-04 00:00:00-04:00,26.290000915527344,27.459999084472656,26.18000030517578,27.389999389648438,1599100,0.0,0.0
2022-10-05 00:00:00-04:00,26.860000610351562,27.459999084472656,26.7549991607666,27.280000686645508,850800,0.0,0.0
2022-10-06 00:00:00-04:00,27.209999084472656,27.450000762939453,26.010000228881836,26.600000381469727,1524800,0.0,0.0
2022-10-07 00:00:00-04:00,26.239999771118164,26.239999771118164,24.709999084472656,24.75,1716800,0.0,0.0
2022-10-10 00:00:00-04:00,24.709999084472656,25.010000228881836,24.3700008392334,24.729999542236328,1768900,0.0,0.0
2022-10-11 00:00:00-04:00,24.579999923706055,24.920000076293945,24.209999084472656,24.43000030517578,1432200,0.0,0.0
2022-10-12 00:00:00-04:00,24.25,24.610000610351562,24.1299991607666,24.229999542236328,1282400,0.0,0.0
2022-10-13 00:00:00-04:00,23.540000915527344,24.7549991607666,23.100000381469727,24.579999923706055,1537500,0.0,0.0
2022-10-14 00:00:00-04:00,24.700000762939453,25.020000457763672,23.8700008392334,23.940000534057617,710900,0.0,0.0
2022-10-17 00:00:00-04:00,24.34000015258789,25.260000228881836,24.34000015258789,25.229999542236328,853100,0.0,0.0
2022-10-18 00:00:00-04:00,25.809999465942383,26.049999237060547,25.489999771118164,25.739999771118164,879300,0.0,0.0
2022-10-19 00:00:00-04:00,25.649999618530273,25.729999542236328,25.270000457763672,25.600000381469727,1060100,0.0,0.0
2022-10-20 00:00:00-04:00,25.610000610351562,25.760000228881836,24.940000534057617,25.020000457763672,1125500,0.0,0.0
2022-10-21 00:00:00-04:00,25.399999618530273,26.125,25.110000610351562,26.110000610351562,1039300,0.0,0.0
2022-10-24 00:00:00-04:00,26.239999771118164,26.43000030517578,25.6200008392334,26.049999237060547,1171000,0.0,0.0
2022-10-25 00:00:00-04:00,26.0,27.059999465942383,26.0,26.690000534057617,1140700,0.0,0.0
2022-10-26 00:00:00-04:00,26.68000030517578,27.059999465942383,26.190000534057617,26.25,1124500,0.0,0.0
2022-10-27 00:00:00-04:00,26.540000915527344,26.739999771118164,26.25,26.270000457763672,819200,0.0,0.0
2022-10-28 00:00:00-04:00,26.06999969482422,26.670000076293945,25.934999465942383,26.6299991607666,813200,0.0,0.0
2022-10-31 00:00:00-04:00,26.440000534057617,27.049999237060547,26.440000534057617,26.989999771118164,1702500,0.0,0.0
2022-11-01 00:00:00-04:00,27.18000030517578,27.6200008392334,26.315000534057617,26.540000915527344,904100,0.0,0.0
2022-11-02 00:00:00-04:00,26.360000610351562,27.05500030517578,25.989999771118164,26.020000457763672,853800,0.0,0.0
2022-11-03 00:00:00-04:00,26.030000686645508,26.094999313354492,24.979999542236328,25.440000534057617,2912700,0.0,0.0
2022-11-04 00:00:00-04:00,25.950000762939453,26.040000915527344,24.81999969482422,25.0,1639300,0.0,0.0
2022-11-07 00:00:00-05:00,25.280000686645508,25.684999465942383,25.075000762939453,25.639999389648438,1263500,0.0,0.0
2022-11-08 00:00:00-05:00,25.579999923706055,25.81999969482422,25.139999389648438,25.729999542236328,856500,0.0,0.0
2022-11-09 00:00:00-05:00,25.549999237060547,25.799999237060547,25.209999084472656,25.270000457763672,556200,0.0,0.0
2022-11-10 00:00:00-05:00,26.40999984741211,27.079999923706055,26.079999923706055,27.020000457763672,2319400,0.0,0.0
2022-11-11 00:00:00-05:00,27.239999771118164,28.385000228881836,27.200000762939453,28.270000457763672,2162000,0.0,0.0
2022-11-14 00:00:00-05:00,28.139999389648438,28.209999084472656,26.90999984741211,26.93000030517578,1470900,0.0,0.0
2022-11-15 00:00:00-05:00,27.43000030517578,27.84000015258789,26.90999984741211,27.020000457763672,949900,0.0,0.0
2022-11-16 00:00:00-05:00,26.90999984741211,27.440000534057617,26.75,27.260000228881836,907400,0.0,0.0
2022-11-17 00:00:00-05:00,26.760000228881836,27.049999237060547,26.549999237060547,26.8700008392334,1003100,0.0,0.0
2022-11-18 00:00:00-05:00,27.270000457763672,27.725000381469727,27.1299991607666,27.65999984741211,815700,0.0,0.0
2022-11-21 00:00:00-05:00,27.559999465942383,27.690000534057617,27.200000762939453,27.559999465942383,774600,0.0,0.0
2022-11-22 00:00:00-05:00,27.81999969482422,28.450000762939453,27.56999969482422,28.40999984741211,783100,0.0,0.0
2022-11-23 00:00:00-05:00,28.479999542236328,29.1200008392334,28.40999984741211,28.959999084472656,709000,0.0,0.0
2022-11-25 00:00:00-05:00,28.790000915527344,29.030000686645508,28.729999542236328,28.799999237060547,329900,0.0,0.0
2022-11-28 00:00:00-05:00,28.510000228881836,28.915000915527344,28.219999313354492,28.309999465942383,719100,0.0,0.0
2022-11-29 00:00:00-05:00,28.049999237060547,28.219999313354492,27.81999969482422,28.15999984741211,891600,0.0,0.0
2022-11-30 00:00:00-05:00,28.34000015258789,29.045000076293945,27.93000030517578,28.969999313354492,966000,0.0,0.0
2022-12-01 00:00:00-05:00,29.299999237060547,29.799999237060547,29.1200008392334,29.5,839700,0.0,0.0
2022-12-02 00:00:00-05:00,29.1200008392334,29.670000076293945,28.889999389648438,29.469999313354492,629100,0.0,0.0
2022-12-05 00:00:00-05:00,29.31999969482422,29.43000030517578,28.579999923706055,28.670000076293945,550900,0.0,0.0
2022-12-06 00:00:00-05:00,28.760000228881836,28.760000228881836,27.635000228881836,28.079999923706055,1803700,0.0,0.0
2022-12-07 00:00:00-05:00,27.899999618530273,28.290000915527344,27.850000381469727,27.889999389648438,784200,0.0,0.0
2022-12-08 00:00:00-05:00,28.190000534057617,28.450000762939453,27.850000381469727,28.329999923706055,727800,0.0,0.0
2022-12-09 00:00:00-05:00,28.1299991607666,28.614999771118164,28.024999618530273,28.170000076293945,829200,0.0,0.0
2022-12-12 00:00:00-05:00,28.40999984741211,28.5,28.15999984741211,28.489999771118164,569300,0.0,0.0
2022-12-13 00:00:00-05:00,29.260000228881836,29.469999313354492,28.6200008392334,28.84000015258789,1226300,0.0,0.0
2022-12-14 00:00:00-05:00,28.68000030517578,29.6299991607666,28.6200008392334,29.010000228881836,1775100,0.0,0.0
2022-12-15 00:00:00-05:00,28.450000762939453,29.0,28.385000228881836,28.739999771118164,2065800,0.0,0.0
2022-12-16 00:00:00-05:00,28.43000030517578,28.6299991607666,28.040000915527344,28.309999465942383,1393300,0.0,0.0
2022-12-19 00:00:00-05:00,28.34000015258789,28.40999984741211,27.899999618530273,27.989999771118164,2178800,0.0,0.0
2022-12-20 00:00:00-05:00,27.75,28.239999771118164,27.75,28.0,1616900,0.0,0.0
2022-12-21 00:00:00-05:00,27.969999313354492,28.549999237060547,27.93000030517578,28.219999313354492,1500800,0.0,0.0
2022-12-22 00:00:00-05:00,27.920000076293945,28.139999389648438,27.68000030517578,28.010000228881836,939500,0.0,0.0
2022-12-23 00:00:00-05:00,27.969999313354492,28.219999313354492,27.84000015258789,28.219999313354492,738200,0.0,0.0
2022-12-27 00:00:00-05:00,28.260000228881836,28.8799991607666,27.93000030517578,28.579999923706055,879700,0.0,0.0
2022-12-28 00:00:00-05:00,28.559999465942383,28.969999313354492,28.290000915527344,28.6200008392334,824900,0.0,0.0
2022-12-29 00:00:00-05:00,28.860000610351562,29.600000381469727,28.709999084472656,29.530000686645508,1738200,0.0,0.0
2022-12-30 00:00:00-05:00,29.3700008392334,29.459999084472656,28.670000076293945,29.229999542236328,1003000,0.0,0.0
2023-01-03 00:00:00-05:00,29.6299991607666,29.889999389648438,29.1200008392334,29.360000610351562,1109400,0.0,0.0
2023-01-04 00:00:00-05:00,29.760000228881836,30.635000228881836,29.709999084472656,30.3799991607666,1574600,0.0,0.0
2023-01-05 00:00:00-05:00,30.219999313354492,30.434999465942383,29.729999542236328,30.3799991607666,747700,0.0,0.0
2023-01-06 00:00:00-05:00,30.690000534057617,31.68000030517578,30.6200008392334,31.549999237060547,1863500,0.0,0.0
2023-01-09 00:00:00-05:00,31.790000915527344,31.790000915527344,30.770000457763672,30.809999465942383,1024100,0.0,0.0
2023-01-10 00:00:00-05:00,30.65999984741211,30.68000030517578,29.93000030517578,30.510000228881836,1271000,0.0,0.0
2023-01-11 00:00:00-05:00,30.450000762939453,30.75,29.729999542236328,30.110000610351562,2861500,0.0,0.0
2023-01-12 00:00:00-05:00,30.149999618530273,30.299999237060547,29.739999771118164,29.84000015258789,4720000,0.0,0.0
2023-01-13 00:00:00-05:00,29.579999923706055,30.3700008392334,29.219999313354492,30.299999237060547,1022100,0.0,0.0
2023-01-17 00:00:00-05:00,30.670000076293945,31.059999465942383,30.540000915527344,30.56999969482422,2750600,0.0,0.0
2023-01-18 00:00:00-05:00,30.579999923706055,30.645000457763672,29.905000686645508,30.020000457763672,938200,0.0,0.0
2023-01-19 00:00:00-05:00,29.729999542236328,30.639999389648438,29.729999542236328,30.34000015258789,1452300,0.0,0.0
2023-01-20 00:00:00-05:00,30.579999923706055,31.31999969482422,30.110000610351562,31.229999542236328,1583400,0.0,0.0
2023-01-23 00:00:00-05:00,31.260000228881836,31.969999313354492,31.139999389648438,31.670000076293945,1341900,0.0,0.0
2023-01-24 00:00:00-05:00,31.549999237060547,31.969999313354492,31.450000762939453,31.649999618530273,962000,0.0,0.0
2023-01-25 00:00:00-05:00,31.440000534057617,31.700000762939453,31.09000015258789,31.530000686645508,1717700,0.0,0.0
2023-01-26 00:00:00-05:00,31.59000015258789,31.690000534057617,30.309999465942383,30.969999313354492,1353100,0.0,0.0
2023-01-27 00:00:00-05:00,30.739999771118164,31.65999984741211,30.719999313354492,31.489999771118164,887400,0.0,0.0
2023-01-30 00:00:00-05:00,31.1299991607666,31.34000015258789,30.799999237060547,30.829999923706055,549100,0.0,0.0
2023-01-31 00:00:00-05:00,30.81999969482422,31.0,30.31999969482422,30.860000610351562,829600,0.0,0.0
2023-02-01 00:00:00-05:00,30.719999313354492,31.354999542236328,30.510000228881836,31.1299991607666,1040400,0.0,0.0
2023-02-02 00:00:00-05:00,31.440000534057617,32.16999816894531,31.25,31.850000381469727,1320600,0.0,0.0
2023-02-03 00:00:00-05:00,31.479999542236328,31.649999618530273,31.200000762939453,31.399999618530273,741400,0.0,0.0
2023-02-06 00:00:00-05:00,30.940000534057617,31.440000534057617,30.899999618530273,31.309999465942383,850600,0.0,0.0
2023-02-07 00:00:00-05:00,31.280000686645508,31.93000030517578,31.079999923706055,31.780000686645508,1139000,0.0,0.0
2023-02-08 00:00:00-05:00,31.860000610351562,32.08000183105469,31.6299991607666,31.739999771118164,683800,0.0,0.0
2023-02-09 00:00:00-05:00,31.989999771118164,32.209999084472656,31.459999084472656,31.489999771118164,1298400,0.0,0.0
2023-02-10 00:00:00-05:00,31.600000381469727,31.920000076293945,31.239999771118164,31.84000015258789,683600,0.0,0.0
2023-02-13 00:00:00-05:00,32.02000045776367,32.16999816894531,31.760000228881836,31.8799991607666,996400,0.0,0.0
2023-02-14 00:00:00-05:00,31.649999618530273,31.790000915527344,31.139999389648438,31.459999084472656,559200,0.0,0.0
2023-02-15 00:00:00-05:00,31.299999237060547,31.670000076293945,31.149999618530273,31.489999771118164,804500,0.0,0.0
2023-02-16 00:00:00-05:00,30.959999084472656,31.729999542236328,30.920000076293945,31.329999923706055,1144200,0.0,0.0
2023-02-17 00:00:00-05:00,31.309999465942383,31.440000534057617,30.899999618530273,30.950000762939453,1542700,0.0,0.0
2023-02-21 00:00:00-05:00,30.59000015258789,30.78499984741211,29.524999618530273,29.84000015258789,1629400,0.0,0.0
2023-02-22 00:00:00-05:00,30.200000762939453,32.45000076293945,30.149999618530273,31.420000076293945,2844200,0.0,0.0
2023-02-23 00:00:00-05:00,31.65999984741211,31.65999984741211,30.600000381469727,30.81999969482422,1057000,0.0,0.0
2023-02-24 00:00:00-05:00,30.479999542236328,30.829999923706055,30.200000762939453,30.739999771118164,1675300,0.0,0.0
2023-02-27 00:00:00-05:00,31.0,31.40999984741211,30.40999984741211,30.65999984741211,3327200,0.0,0.0
2023-02-28 00:00:00-05:00,30.700000762939453,30.809999465942383,30.15999984741211,30.3700008392334,1691000,0.0,0.0
2023-03-01 00:00:00-05:00,30.190000534057617,30.670000076293945,29.600000381469727,30.65999984741211,3140700,0.0,0.0
2023-03-02 00:00:00-05:00,30.510000228881836,31.290000915527344,30.31999969482422,31.260000228881836,3247500,0.0,0.0
2023-03-03 00:00:00-05:00,31.399999618530273,31.600000381469727,30.969999313354492,31.5,1363800,0.0,0.0
2023-03-06 00:00:00-05:00,31.56999969482422,32.349998474121094,31.440000534057617,32.150001525878906,2073900,0.0,0.0
2023-03-07 00:00:00-05:00,32.22999954223633,32.900001525878906,31.969999313354492,32.70000076293945,4524900,0.0,0.0
2023-03-08 00:00:00-05:00,32.720001220703125,32.72999954223633,32.1150016784668,32.36000061035156,2346700,0.0,0.0
2023-03-09 00:00:00-05:00,32.54999923706055,33.38999938964844,32.41999816894531,32.63999938964844,2144500,0.0,0.0
2023-03-10 00:00:00-05:00,32.880001068115234,32.880001068115234,31.969999313354492,32.09000015258789,1653200,0.0,0.0
2023-03-13 00:00:00-04:00,31.709999084472656,32.17499923706055,31.15999984741211,31.639999389648438,2135300,0.0,0.0
2023-03-14 00:00:00-04:00,31.510000228881836,33.22999954223633,31.200000762939453,32.43000030517578,3391800,0.0,0.0
2023-03-15 00:00:00-04:00,31.670000076293945,32.224998474121094,31.489999771118164,32.130001068115234,1513200,0.0,0.0
2023-03-16 00:00:00-04:00,31.979999542236328,33.369998931884766,31.799999237060547,33.20000076293945,2577900,0.0,0.0
2023-03-17 00:00:00-04:00,33.220001220703125,33.22999954223633,32.595001220703125,32.790000915527344,1523200,0.0,0.0
2023-03-20 00:00:00-04:00,32.779998779296875,33.369998931884766,32.72999954223633,33.20000076293945,1116300,0.0,0.0
2023-03-21 00:00:00-04:00,33.5,33.5099983215332,32.900001525878906,33.0,796000,0.0,0.0
2023-03-22 00:00:00-04:00,32.90999984741211,33.08000183105469,32.4900016784668,32.5099983215332,775200,0.0,0.0
2023-03-23 00:00:00-04:00,32.75,33.400001525878906,32.189998626708984,32.459999084472656,701700,0.0,0.0
2023-03-24 00:00:00-04:00,32.15999984741211,32.599998474121094,32.0099983215332,32.540000915527344,768500,0.0,0.0
2023-03-27 00:00:00-04:00,32.65999984741211,32.849998474121094,32.150001525878906,32.470001220703125,570200,0.0,0.0
2023-03-28 00:00:00-04:00,32.4900016784668,32.869998931884766,32.369998931884766,32.849998474121094,424800,0.0,0.0
2023-03-29 00:00:00-04:00,33.0099983215332,33.41999816894531,32.959999084472656,33.40999984741211,684500,0.0,0.0
2023-03-30 00:00:00-04:00,33.58000183105469,34.56999969482422,33.5620002746582,34.290000915527344,1350200,0.0,0.0
2023-03-31 00:00:00-04:00,34.43000030517578,34.900001525878906,34.380001068115234,34.439998626708984,1141800,0.0,0.0
2023-04-03 00:00:00-04:00,34.45000076293945,34.709999084472656,34.20000076293945,34.529998779296875,780100,0.0,0.0
2023-04-04 00:00:00-04:00,34.56999969482422,34.709999084472656,33.81999969482422,34.150001525878906,691900,0.0,0.0
2023-04-05 00:00:00-04:00,33.959999084472656,34.31999969482422,33.7400016784668,33.849998474121094,630400,0.0,0.0
2023-04-06 00:00:00-04:00,33.959999084472656,34.29999923706055,33.88999938964844,34.060001373291016,1175100,0.0,0.0
2023-04-10 00:00:00-04:00,33.86000061035156,34.25,33.73500061035156,34.22999954223633,694900,0.0,0.0
2023-04-11 00:00:00-04:00,34.189998626708984,34.709999084472656,34.189998626708984,34.59000015258789,784900,0.0,0.0
2023-04-12 00:00:00-04:00,34.869998931884766,35.900001525878906,34.584999084472656,34.95000076293945,1136700,0.0,0.0
2023-04-13 00:00:00-04:00,34.95000076293945,35.46500015258789,34.95000076293945,35.34000015258789,983300,0.0,0.0
2023-04-14 00:00:00-04:00,35.22999954223633,35.38999938964844,34.5099983215332,34.689998626708984,835600,0.0,0.0
2023-04-17 00:00:00-04:00,34.7400016784668,34.97999954223633,34.349998474121094,34.54999923706055,1023600,0.0,0.0
2023-04-18 00:00:00-04:00,34.66999816894531,34.8650016784668,34.154998779296875,34.45000076293945,669600,0.0,0.0
2023-04-19 00:00:00-04:00,34.09000015258789,34.790000915527344,34.07500076293945,34.75,1158400,0.0,0.0
2023-04-20 00:00:00-04:00,34.70000076293945,35.029998779296875,34.577999114990234,34.880001068115234,1277800,0.0,0.0
2023-04-21 00:00:00-04:00,35.02000045776367,35.040000915527344,34.72999954223633,34.91999816894531,1452200,0.0,0.0
2023-04-24 00:00:00-04:00,35.08000183105469,35.560001373291016,34.970001220703125,35.09000015258789,1343300,0.0,0.0
2023-04-25 00:00:00-04:00,34.849998474121094,35.0099983215332,34.18000030517578,34.34000015258789,1306300,0.0,0.0
2023-04-26 00:00:00-04:00,34.20000076293945,34.29999923706055,33.30500030517578,33.43000030517578,1092700,0.0,0.0
2023-04-27 00:00:00-04:00,33.68000030517578,33.779998779296875,32.93000030517578,33.689998626708984,1220700,0.0,0.0
2023-04-28 00:00:00-04:00,34.810001373291016,36.52000045776367,34.61000061035156,36.29999923706055,3328300,0.0,0.0
2023-05-01 00:00:00-04:00,36.2599983215332,36.75,35.939998626708984,36.63999938964844,1552100,0.0,0.0
2023-05-02 00:00:00-04:00,36.58000183105469,36.9900016784668,36.43000030517578,36.790000915527344,1283900,0.0,0.0
2023-05-03 00:00:00-04:00,36.86000061035156,37.209999084472656,36.59000015258789,36.650001525878906,1399000,0.0,0.0
2023-05-04 00:00:00-04:00,36.56999969482422,36.939998626708984,35.15999984741211,35.47999954223633,1063000,0.0,0.0
2023-05-05 00:00:00-04:00,35.779998779296875,36.060001373291016,35.40999984741211,35.58000183105469,1027300,0.0,0.0
2023-05-08 00:00:00-04:00,35.66999816894531,36.560001373291016,35.66999816894531,36.529998779296875,779700,0.0,0.0
2023-05-09 00:00:00-04:00,36.400001525878906,37.54999923706055,36.005001068115234,37.38999938964844,1529200,0.0,0.0
2023-05-10 00:00:00-04:00,37.939998626708984,38.2599983215332,37.290000915527344,37.619998931884766,1024700,0.0,0.0
2023-05-11 00:00:00-04:00,37.619998931884766,37.959999084472656,37.40999984741211,37.869998931884766,1009800,0.0,0.0
2023-05-12 00:00:00-04:00,37.95000076293945,38.150001525878906,37.224998474121094,37.709999084472656,632000,0.0,0.0
2023-05-15 00:00:00-04:00,37.66999816894531,38.060001373291016,37.470001220703125,37.599998474121094,846200,0.0,0.0
2023-05-16 00:00:00-04:00,37.45000076293945,37.77000045776367,37.220001220703125,37.439998626708984,484400,0.0,0.0
2023-05-17 00:00:00-04:00,37.599998474121094,37.606998443603516,36.86000061035156,37.369998931884766,450600,0.0,0.0
2023-05-18 00:00:00-04:00,35.97999954223633,37.369998931884766,35.84000015258789,37.279998779296875,4118000,0.0,0.0
2023-05-19 00:00:00-04:00,37.5,37.52000045776367,37.040000915527344,37.25,1800700,0.0,0.0
2023-05-22 00:00:00-04:00,37.2599983215332,37.459999084472656,37.029998779296875,37.099998474121094,793500,0.0,0.0
2023-05-23 00:00:00-04:00,36.970001220703125,37.22999954223633,36.5,36.709999084472656,1378800,0.0,0.0
2023-05-24 00:00:00-04:00,36.400001525878906,36.560001373291016,36.08000183105469,36.2599983215332,1002300,0.0,0.0
2023-05-25 00:00:00-04:00,36.38999938964844,36.630001068115234,36.20000076293945,36.369998931884766,927500,0.0,0.0
2023-05-26 00:00:00-04:00,36.380001068115234,36.779998779296875,36.33000183105469,36.599998474121094,770200,0.0,0.0
2023-05-30 00:00:00-04:00,36.83000183105469,37.18600082397461,36.560001373291016,36.849998474121094,883400,0.0,0.0
2023-05-31 00:00:00-04:00,36.81999969482422,36.939998626708984,36.040000915527344,36.13999938964844,1740500,0.0,0.0
2023-06-01 00:00:00-04:00,36.310001373291016,36.97999954223633,35.744998931884766,36.90999984741211,826600,0.0,0.0
2023-06-02 00:00:00-04:00,37.16999816894531,38.005001068115234,36.83000183105469,37.5099983215332,892100,0.0,0.0
2023-06-05 00:00:00-04:00,37.529998779296875,38.02000045776367,37.400001525878906,37.470001220703125,707500,0.0,0.0
2023-06-06 00:00:00-04:00,37.279998779296875,38.029998779296875,37.150001525878906,37.290000915527344,547900,0.0,0.0
2023-06-07 00:00:00-04:00,37.18000030517578,37.33000183105469,36.34000015258789,36.709999084472656,886200,0.0,0.0
2023-06-08 00:00:00-04:00,36.66999816894531,37.27000045776367,36.599998474121094,36.959999084472656,638300,0.0,0.0
2023-06-09 00:00:00-04:00,37.150001525878906,37.27000045776367,36.400001525878906,37.2599983215332,726200,0.0,0.0
2023-06-12 00:00:00-04:00,37.369998931884766,37.880001068115234,37.130001068115234,37.880001068115234,683000,0.0,0.0
2023-06-13 00:00:00-04:00,37.970001220703125,37.970001220703125,36.79999923706055,37.04999923706055,1089100,0.0,0.0
2023-06-14 00:00:00-04:00,37.040000915527344,37.84000015258789,37.040000915527344,37.47999954223633,806100,0.0,0.0
2023-06-15 00:00:00-04:00,37.439998626708984,37.68000030517578,36.849998474121094,37.459999084472656,576600,0.0,0.0
2023-06-16 00:00:00-04:00,37.4900016784668,37.80500030517578,37.029998779296875,37.279998779296875,696300,0.0,0.0
2023-06-20 00:00:00-04:00,37.11000061035156,37.380001068115234,36.81999969482422,37.25,599600,0.0,0.0
2023-06-21 00:00:00-04:00,37.13999938964844,37.290000915527344,36.650001525878906,37.189998626708984,495800,0.0,0.0
2023-06-22 00:00:00-04:00,37.099998474121094,37.40999984741211,36.68000030517578,36.81999969482422,643000,0.0,0.0
2023-06-23 00:00:00-04:00,36.56999969482422,36.880001068115234,36.380001068115234,36.779998779296875,596000,0.0,0.0
2023-06-26 00:00:00-04:00,36.650001525878906,37.33000183105469,36.650001525878906,37.27000045776367,601700,0.0,0.0
2023-06-27 00:00:00-04:00,37.400001525878906,37.849998474121094,37.22999954223633,37.63999938964844,446300,0.0,0.0
2023-06-28 00:00:00-04:00,37.58000183105469,37.79999923706055,37.36000061035156,37.79999923706055,726300,0.0,0.0
2023-06-29 00:00:00-04:00,37.720001220703125,38.310001373291016,37.619998931884766,38.20000076293945,1116600,0.0,0.0
2023-06-30 00:00:00-04:00,38.290000915527344,38.93000030517578,38.220001220703125,38.79999923706055,915700,0.0,0.0
2023-07-03 00:00:00-04:00,38.77000045776367,38.939998626708984,38.56999969482422,38.72999954223633,260100,0.0,0.0
2023-07-05 00:00:00-04:00,38.869998931884766,39.05500030517578,38.63999938964844,38.84000015258789,561900,0.0,0.0
2023-07-06 00:00:00-04:00,38.529998779296875,38.624000549316406,38.08000183105469,38.439998626708984,500900,0.0,0.0
2023-07-07 00:00:00-04:00,38.290000915527344,38.77000045776367,38.290000915527344,38.459999084472656,276400,0.0,0.0
2023-07-10 00:00:00-04:00,38.4900016784668,38.7400016784668,38.11000061035156,38.25,497100,0.0,0.0
2023-07-11 00:00:00-04:00,38.20000076293945,38.33000183105469,37.15999984741211,37.380001068115234,908100,0.0,0.0
2023-07-12 00:00:00-04:00,37.709999084472656,37.709999084472656,36.81999969482422,37.130001068115234,753800,0.0,0.0
2023-07-13 00:00:00-04:00,37.209999084472656,37.279998779296875,36.73500061035156,37.11000061035156,997900,0.0,0.0
2023-07-14 00:00:00-04:00,37.15999984741211,37.724998474121094,36.91999816894531,37.61000061035156,777100,0.0,0.0
2023-07-17 00:00:00-04:00,37.560001373291016,38.0099983215332,37.4379997253418,37.58000183105469,430200,0.0,0.0
2023-07-18 00:00:00-04:00,37.439998626708984,37.56999969482422,36.88999938964844,37.060001373291016,588500,0.0,0.0
2023-07-19 00:00:00-04:00,37.189998626708984,37.5099983215332,36.75,37.060001373291016,719900,0.0,0.0
2023-07-20 00:00:00-04:00,36.95000076293945,37.63999938964844,36.790000915527344,37.599998474121094,873600,0.0,0.0
2023-07-21 00:00:00-04:00,37.849998474121094,38.16999816894531,37.349998474121094,37.400001525878906,987900,0.0,0.0
2023-07-24 00:00:00-04:00,37.34000015258789,37.529998779296875,36.97999954223633,37.400001525878906,495500,0.0,0.0
2023-07-25 00:00:00-04:00,37.27000045776367,37.349998474121094,36.58000183105469,36.599998474121094,808600,0.0,0.0
2023-07-26 00:00:00-04:00,36.47999954223633,36.83000183105469,36.02000045776367,36.20000076293945,1295500,0.0,0.0
2023-07-27 00:00:00-04:00,36.31999969482422,36.36000061035156,33.70000076293945,34.7599983215332,4236900,0.0,0.0
2023-07-28 00:00:00-04:00,35.06999969482422,35.2599983215332,33.959999084472656,34.43000030517578,2061600,0.0,0.0
2023-07-31 00:00:00-04:00,34.45000076293945,34.47999954223633,33.59000015258789,34.13999938964844,2111100,0.0,0.0
2023-08-01 00:00:00-04:00,34.209999084472656,34.849998474121094,34.025001525878906,34.150001525878906,1517400,0.0,0.0
2023-08-02 00:00:00-04:00,33.9900016784668,33.9900016784668,33.23500061035156,33.529998779296875,1063000,0.0,0.0
2023-08-03 00:00:00-04:00,33.34000015258789,33.790000915527344,32.900001525878906,33.06999969482422,718600,0.0,0.0
2023-08-04 00:00:00-04:00,33.02000045776367,33.61000061035156,32.79999923706055,32.9900016784668,856100,0.0,0.0
2023-08-07 00:00:00-04:00,33.189998626708984,33.54999923706055,33.0369987487793,33.459999084472656,979700,0.0,0.0
2023-08-08 00:00:00-04:00,33.25,33.78499984741211,33.119998931884766,33.54999923706055,1925600,0.0,0.0
2023-08-09 00:00:00-04:00,33.72999954223633,33.72999954223633,32.65999984741211,33.08000183105469,1151300,0.0,0.0
2023-08-10 00:00:00-04:00,33.04999923706055,33.41999816894531,32.720001220703125,32.849998474121094,1470100,0.0,0.0
2023-08-11 00:00:00-04:00,32.939998626708984,33.33000183105469,32.650001525878906,32.880001068115234,1248100,0.0,0.0
2023-08-14 00:00:00-04:00,32.81999969482422,33.255001068115234,32.70000076293945,32.970001220703125,753100,0.0,0.0
2023-08-15 00:00:00-04:00,32.75,32.939998626708984,32.61000061035156,32.7599983215332,1112600,0.0,0.0
2023-08-16 00:00:00-04:00,32.70000076293945,33.63999938964844,32.43000030517578,33.47999954223633,1360100,0.0,0.0
2023-08-17 00:00:00-04:00,33.40999984741211,33.79999923706055,33.09000015258789,33.58000183105469,2494100,0.0,0.0
2023-08-18 00:00:00-04:00,33.630001068115234,34.459999084472656,33.27000045776367,34.060001373291016,3497100,0.0,0.0
2023-08-21 00:00:00-04:00,34.060001373291016,34.25,33.06999969482422,33.59000015258789,866500,0.0,0.0
2023-08-22 00:00:00-04:00,33.5,34.029998779296875,33.5,34.0,2697200,0.0,0.0
2023-08-23 00:00:00-04:00,33.90999984741211,34.65999984741211,33.525001525878906,33.529998779296875,1561600,0.0,0.0
2023-08-24 00:00:00-04:00,33.66999816894531,33.7400016784668,32.650001525878906,32.689998626708984,853400,0.0,0.0
2023-08-25 00:00:00-04:00,32.5,32.97999954223633,32.2400016784668,32.29999923706055,820100,0.0,0.0
2023-08-28 00:00:00-04:00,32.349998474121094,32.630001068115234,32.150001525878906,32.540000915527344,584700,0.0,0.0
2023-08-29 00:00:00-04:00,32.5,32.5099983215332,31.959999084472656,32.43000030517578,1239300,0.0,0.0
2023-08-30 00:00:00-04:00,32.59000015258789,32.63999938964844,32.279998779296875,32.560001373291016,1387400,0.0,0.0
2023-08-31 00:00:00-04:00,32.66999816894531,32.66999816894531,32.08000183105469,32.400001525878906,1022200,0.0,0.0
2023-09-01 00:00:00-04:00,32.36000061035156,32.900001525878906,32.29999923706055,32.45000076293945,1308900,0.0,0.0
2023-09-05 00:00:00-04:00,32.380001068115234,32.709999084472656,31.889999389648438,32.54999923706055,839800,0.0,0.0
2023-09-06 00:00:00-04:00,32.45000076293945,32.584999084472656,32.15399932861328,32.290000915527344,604100,0.0,0.0
2023-09-07 00:00:00-04:00,32.34000015258789,32.845001220703125,32.220001220703125,32.650001525878906,577200,0.0,0.0
2023-09-08 00:00:00-04:00,32.709999084472656,32.81999969482422,32.209999084472656,32.29999923706055,441500,0.0,0.0
2023-09-11 00:00:00-04:00,32.38999938964844,33.16999816894531,32.380001068115234,33.06999969482422,695400,0.0,0.0
2023-09-12 00:00:00-04:00,33.0,33.400001525878906,32.95000076293945,33.16999816894531,843400,0.0,0.0
2023-09-13 00:00:00-04:00,33.41999816894531,33.77000045776367,32.93000030517578,33.63999938964844,1321800,0.0,0.0
2023-09-14 00:00:00-04:00,33.880001068115234,34.09000015258789,33.529998779296875,33.7599983215332,915300,0.0,0.0
2023-09-15 00:00:00-04:00,33.83000183105469,34.400001525878906,33.349998474121094,33.79999923706055,1733400,0.0,0.0
2023-09-18 00:00:00-04:00,33.88999938964844,34.5099983215332,33.7599983215332,34.18000030517578,1082500,0.0,0.0
2023-09-19 00:00:00-04:00,34.25,34.630001068115234,33.59000015258789,33.59000015258789,1434300,0.0,0.0
2023-09-20 00:00:00-04:00,33.689998626708984,33.790000915527344,33.220001220703125,33.380001068115234,1580100,0.0,0.0
2023-09-21 00:00:00-04:00,32.900001525878906,33.310001373291016,32.779998779296875,33.08000183105469,1733700,0.0,0.0
2023-09-22 00:00:00-04:00,33.310001373291016,33.31999969482422,32.47999954223633,32.90999984741211,1756400,0.0,0.0
2023-09-25 00:00:00-04:00,32.790000915527344,33.7400016784668,32.790000915527344,33.43000030517578,1070500,0.0,0.0
2023-09-26 00:00:00-04:00,33.220001220703125,33.58000183105469,33.04999923706055,33.369998931884766,2493700,0.0,0.0
2023-09-27 00:00:00-04:00,33.439998626708984,33.7400016784668,32.209999084472656,32.220001220703125,1136100,0.0,0.0
2023-09-28 00:00:00-04:00,32.349998474121094,32.45000076293945,31.815000534057617,31.8799991607666,1113200,0.0,0.0
2023-09-29 00:00:00-04:00,32.06999969482422,32.310001373291016,31.719999313354492,31.760000228881836,1028900,0.0,0.0
2023-10-02 00:00:00-04:00,31.5,31.799999237060547,31.21500015258789,31.290000915527344,1310300,0.0,0.0
2023-10-03 00:00:00-04:00,31.1299991607666,31.190000534057617,30.75,31.030000686645508,1245900,0.0,0.0
2023-10-04 00:00:00-04:00,31.1299991607666,31.860000610351562,30.950000762939453,31.610000610351562,1094700,0.0,0.0
2023-10-05 00:00:00-04:00,31.56999969482422,32.60499954223633,31.56999969482422,32.439998626708984,1518000,0.0,0.0
2023-10-06 00:00:00-04:00,32.40999984741211,32.939998626708984,32.2599983215332,32.54999923706055,1538600,0.0,0.0
2023-10-09 00:00:00-04:00,32.36000061035156,32.604000091552734,32.130001068115234,32.56999969482422,481100,0.0,0.0
2023-10-10 00:00:00-04:00,32.61000061035156,33.33000183105469,32.4900016784668,33.099998474121094,736300,0.0,0.0
2023-10-11 00:00:00-04:00,33.06999969482422,33.06999969482422,32.349998474121094,32.369998931884766,846200,0.0,0.0
2023-10-12 00:00:00-04:00,32.47999954223633,32.47999954223633,30.68000030517578,31.059999465942383,1514500,0.0,0.0
2023-10-13 00:00:00-04:00,31.030000686645508,31.190000534057617,30.139999389648438,30.329999923706055,1469300,0.0,0.0
2023-10-16 00:00:00-04:00,30.40999984741211,30.96500015258789,30.077999114990234,30.889999389648438,923900,0.0,0.0
2023-10-17 00:00:00-04:00,30.809999465942383,31.479999542236328,30.719999313354492,31.030000686645508,765000,0.0,0.0
2023-10-18 00:00:00-04:00,30.780000686645508,30.780000686645508,29.989999771118164,30.40999984741211,1270600,0.0,0.0
2023-10-19 00:00:00-04:00,30.18000030517578,30.68000030517578,30.0,30.030000686645508,1400300,0.0,0.0
2023-10-20 00:00:00-04:00,30.329999923706055,30.600000381469727,29.940000534057617,30.049999237060547,1712500,0.0,0.0
2023-10-23 00:00:00-04:00,29.969999313354492,30.059999465942383,29.6299991607666,29.81999969482422,970700,0.0,0.0
2023-10-24 00:00:00-04:00,29.780000686645508,30.049999237060547,29.25,29.350000381469727,1088900,0.0,0.0
2023-10-25 00:00:00-04:00,29.280000686645508,29.719999313354492,29.06999969482422,29.459999084472656,1626300,0.0,0.0
2023-10-26 00:00:00-04:00,29.469999313354492,29.56999969482422,28.280000686645508,28.350000381469727,1685900,0.0,0.0
2023-10-27 00:00:00-04:00,28.3799991607666,28.639999389648438,28.09000015258789,28.200000762939453,1696200,0.0,0.0
2023-10-30 00:00:00-04:00,28.450000762939453,28.850000381469727,28.399999618530273,28.850000381469727,2312500,0.0,0.0
2023-10-31 00:00:00-04:00,28.860000610351562,29.0,28.4950008392334,28.81999969482422,1128300,0.0,0.0
2023-11-01 00:00:00-04:00,28.780000686645508,29.040000915527344,28.440000534057617,28.90999984741211,1358500,0.0,0.0
2023-11-02 00:00:00-04:00,28.889999389648438,29.5,28.209999084472656,28.280000686645508,4590100,0.0,0.0
2023-11-03 00:00:00-04:00,28.5,30.200000762939453,28.5,29.93000030517578,2220800,0.0,0.0
2023-11-06 00:00:00-05:00,30.299999237060547,30.920000076293945,28.68000030517578,28.809999465942383,2583400,0.0,0.0
2023-11-07 00:00:00-05:00,28.709999084472656,29.639999389648438,28.34000015258789,29.0,1377500,0.0,0.0
2023-11-08 00:00:00-05:00,29.1299991607666,29.1299991607666,28.219999313354492,28.760000228881836,1300600,0.0,0.0
2023-11-09 00:00:00-05:00,28.8700008392334,28.959999084472656,28.389999389648438,28.479999542236328,687800,0.0,0.0
2023-11-10 00:00:00-05:00,28.549999237060547,28.760000228881836,28.21299934387207,28.75,734300,0.0,0.0
2023-11-13 00:00:00-05:00,28.6200008392334,28.809999465942383,28.350000381469727,28.68000030517578,788300,0.0,0.0
2023-11-14 00:00:00-05:00,29.049999237060547,30.760000228881836,29.049999237060547,30.6200008392334,2126800,0.0,0.0
2023-11-15 00:00:00-05:00,30.59000015258789,31.030000686645508,30.440000534057617,30.510000228881836,961800,0.0,0.0
2023-11-16 00:00:00-05:00,30.530000686645508,30.729999542236328,30.010000228881836,30.030000686645508,574900,0.0,0.0
2023-11-17 00:00:00-05:00,30.139999389648438,30.31999969482422,30.020000457763672,30.139999389648438,1057700,0.0,0.0
2023-11-20 00:00:00-05:00,30.059999465942383,30.170000076293945,29.905000686645508,30.0,762500,0.0,0.0
2023-11-21 00:00:00-05:00,30.0,30.020000457763672,29.1299991607666,29.5,873400,0.0,0.0
2023-11-22 00:00:00-05:00,29.850000381469727,29.889999389648438,29.174999237060547,29.290000915527344,616700,0.0,0.0
2023-11-24 00:00:00-05:00,29.200000762939453,29.3700008392334,29.079999923706055,29.329999923706055,270000,0.0,0.0
2023-11-27 00:00:00-05:00,29.020000457763672,29.219999313354492,28.5,28.510000228881836,1107700,0.0,0.0
2023-11-28 00:00:00-05:00,28.360000610351562,28.65999984741211,27.40999984741211,27.450000762939453,1751900,0.0,0.0
2023-11-29 00:00:00-05:00,27.40999984741211,27.665000915527344,26.8700008392334,27.5,2674300,0.0,0.0
2023-11-30 00:00:00-05:00,27.700000762939453,28.871000289916992,27.639999389648438,28.700000762939453,3070200,0.0,0.0
2023-12-01 00:00:00-05:00,28.68000030517578,29.979999542236328,28.639999389648438,29.579999923706055,1867000,0.0,0.0
2023-12-04 00:00:00-05:00,29.43000030517578,29.700000762939453,29.040000915527344,29.059999465942383,1189400,0.0,0.0
2023-12-05 00:00:00-05:00,28.90999984741211,29.290000915527344,28.59000015258789,28.850000381469727,932000,0.0,0.0
2023-12-06 00:00:00-05:00,28.950000762939453,29.280000686645508,28.75,29.139999389648438,1286200,0.0,0.0
2023-12-07 00:00:00-05:00,29.200000762939453,29.25,28.34000015258789,28.639999389648438,691100,0.0,0.0
2023-12-08 00:00:00-05:00,28.709999084472656,28.809999465942383,28.209999084472656,28.459999084472656,604200,0.0,0.0
2023-12-11 00:00:00-05:00,28.5,29.079999923706055,28.5,28.799999237060547,1522900,0.0,0.0
2023-12-12 00:00:00-05:00,28.989999771118164,30.139999389648438,28.829999923706055,30.1200008392334,1295500,0.0,0.0
2023-12-13 00:00:00-05:00,30.1200008392334,31.969999313354492,30.1200008392334,31.780000686645508,3924500,0.0,0.0
2023-12-14 00:00:00-05:00,32.2400016784668,33.27000045776367,32.154998779296875,32.34000015258789,3961800,0.0,0.0
2023-12-15 00:00:00-05:00,32.099998474121094,32.939998626708984,31.940000534057617,32.81999969482422,2477900,0.0,0.0
2023-12-18 00:00:00-05:00,32.93000030517578,32.9900016784668,32.540000915527344,32.849998474121094,1802100,0.0,0.0
2023-12-19 00:00:00-05:00,33.11000061035156,33.310001373291016,32.67499923706055,32.90999984741211,1222800,0.0,0.0
2023-12-20 00:00:00-05:00,32.68000030517578,33.369998931884766,32.68000030517578,32.75,1303400,0.0,0.0
2023-12-21 00:00:00-05:00,33.150001525878906,33.44499969482422,32.97100067138672,33.34000015258789,1041200,0.0,0.0
2023-12-22 00:00:00-05:00,33.599998474121094,33.970001220703125,33.310001373291016,33.31999969482422,838400,0.0,0.0
2023-12-26 00:00:00-05:00,33.540000915527344,34.29499816894531,33.310001373291016,34.15999984741211,882500,0.0,0.0
2023-12-27 00:00:00-05:00,34.15999984741211,34.45000076293945,33.779998779296875,34.439998626708984,954100,0.0,0.0
2023-12-28 00:00:00-05:00,34.31999969482422,34.678001403808594,34.30500030517578,34.58000183105469,604800,0.0,0.0
2023-12-29 00:00:00-05:00,34.5,34.869998931884766,34.41999816894531,34.5099983215332,984900,0.0,0.0
2024-01-02 00:00:00-05:00,34.2599983215332,34.400001525878906,33.5,33.83000183105469,1336900,0.0,0.0
2024-01-03 00:00:00-05:00,33.529998779296875,33.58000183105469,32.150001525878906,32.56999969482422,1762500,0.0,0.0
2024-01-04 00:00:00-05:00,32.5099983215332,32.81999969482422,32.45000076293945,32.540000915527344,614900,0.0,0.0
2024-01-05 00:00:00-05:00,32.34000015258789,32.709999084472656,32.16999816894531,32.310001373291016,711600,0.0,0.0
2024-01-08 00:00:00-05:00,32.400001525878906,33.18000030517578,32.34000015258789,33.15999984741211,524300,0.0,0.0
2024-01-09 00:00:00-05:00,32.93000030517578,33.2599983215332,32.505001068115234,32.599998474121094,815200,0.0,0.0
2024-01-10 00:00:00-05:00,32.439998626708984,33.0099983215332,32.439998626708984,32.75,587800,0.0,0.0
2024-01-11 00:00:00-05:00,32.849998474121094,32.849998474121094,32.2599983215332,32.689998626708984,522000,0.0,0.0
2024-01-12 00:00:00-05:00,32.86000061035156,33.040000915527344,32.494998931884766,32.630001068115234,374700,0.0,0.0
2024-01-16 00:00:00-05:00,32.36000061035156,32.97999954223633,32.20000076293945,32.619998931884766,654200,0.0,0.0
2024-01-17 00:00:00-05:00,32.2599983215332,32.75,32.220001220703125,32.470001220703125,553200,0.0,0.0
2024-01-18 00:00:00-05:00,32.650001525878906,34.029998779296875,32.540000915527344,33.83000183105469,1033000,0.0,0.0
2024-01-19 00:00:00-05:00,33.22999954223633,33.779998779296875,32.91999816894531,33.709999084472656,1239200,0.0,0.0
2024-01-22 00:00:00-05:00,33.88999938964844,33.95000076293945,33.40999984741211,33.560001373291016,997600,0.0,0.0
2024-01-23 00:00:00-05:00,33.58000183105469,34.06999969482422,33.58000183105469,33.83000183105469,922600,0.0,0.0
2024-01-24 00:00:00-05:00,34.02000045776367,34.02000045776367,33.06999969482422,33.38999938964844,792700,0.0,0.0
2024-01-25 00:00:00-05:00,33.939998626708984,34.02000045776367,33.220001220703125,33.41999816894531,586600,0.0,0.0
2024-01-26 00:00:00-05:00,33.5,33.70000076293945,33.220001220703125,33.59000015258789,748300,0.0,0.0
2024-01-29 00:00:00-05:00,33.470001220703125,33.70000076293945,33.22999954223633,33.59000015258789,810700,0.0,0.0
2024-01-30 00:00:00-05:00,33.5099983215332,34.13999938964844,33.2400016784668,34.02000045776367,2900100,0.0,0.0
2024-01-31 00:00:00-05:00,34.150001525878906,34.47999954223633,33.83000183105469,33.970001220703125,1679600,0.0,0.0
2024-02-01 00:00:00-05:00,34.220001220703125,35.060001373291016,34.209999084472656,35.04999923706055,1252600,0.0,0.0
2024-02-02 00:00:00-05:00,34.88999938964844,35.689998626708984,34.57500076293945,35.619998931884766,1468500,0.0,0.0
2024-02-05 00:00:00-05:00,35.56999969482422,36.0099983215332,35.40999984741211,35.779998779296875,1854700,0.0,0.0
2024-02-06 00:00:00-05:00,35.86000061035156,36.02000045776367,35.0099983215332,35.29999923706055,1243500,0.0,0.0
2024-02-07 00:00:00-05:00,35.41999816894531,35.7400016784668,35.22999954223633,35.650001525878906,422000,0.0,0.0
2024-02-08 00:00:00-05:00,35.65999984741211,35.814998626708984,35.11000061035156,35.290000915527344,1011400,0.0,0.0
2024-02-09 00:00:00-05:00,35.41999816894531,35.43000030517578,34.900001525878906,35.22999954223633,961700,0.0,0.0
2024-02-12 00:00:00-05:00,35.130001068115234,35.38999938964844,34.97999954223633,35.2400016784668,953400,0.0,0.0
2024-02-13 00:00:00-05:00,34.81999969482422,35.31999969482422,34.43299865722656,34.880001068115234,933800,0.0,0.0
2024-02-14 00:00:00-05:00,35.2400016784668,36.029998779296875,35.16999816894531,35.959999084472656,1299100,0.0,0.0
2024-02-15 00:00:00-05:00,36.130001068115234,36.41999816894531,35.83000183105469,36.400001525878906,948400,0.0,0.0
2024-02-16 00:00:00-05:00,36.36000061035156,37.0,36.06999969482422,36.970001220703125,786700,0.0,0.0
2024-02-20 00:00:00-05:00,36.75,37.20000076293945,35.95000076293945,36.400001525878906,2627700,0.0,0.0
2024-02-21 00:00:00-05:00,35.52000045776367,36.5,33.79999923706055,35.43000030517578,3112700,0.0,0.0
2024-02-22 00:00:00-05:00,36.06999969482422,36.06999969482422,34.939998626708984,35.279998779296875,1557200,0.0,0.0
2024-02-23 00:00:00-05:00,35.54999923706055,35.755001068115234,35.08000183105469,35.61000061035156,881000,0.0,0.0
2024-02-26 00:00:00-05:00,35.70000076293945,36.84000015258789,35.58000183105469,36.790000915527344,1290700,0.0,0.0
2024-02-27 00:00:00-05:00,36.9900016784668,37.040000915527344,35.435001373291016,35.61000061035156,1125300,0.0,0.0
2024-02-28 00:00:00-05:00,35.279998779296875,35.935001373291016,35.279998779296875,35.58000183105469,401900,0.0,0.0
2024-02-29 00:00:00-05:00,35.275001525878906,36.38999938964844,35.08000183105469,36.08000183105469,4457300,0.0,0.0
2024-03-01 00:00:00-05:00,35.709999084472656,35.81999969482422,34.939998626708984,35.529998779296875,2083900,0.0,0.0
2024-03-04 00:00:00-05:00,35.470001220703125,35.59000015258789,34.72999954223633,35.2599983215332,1151500,0.0,0.0
2024-03-05 00:00:00-05:00,35.189998626708984,35.34000015258789,34.36000061035156,34.880001068115234,1562500,0.0,0.0
2024-03-06 00:00:00-05:00,34.90999984741211,35.16999816894531,34.36000061035156,34.91999816894531,984800,0.0,0.0
2024-03-07 00:00:00-05:00,35.040000915527344,35.34000015258789,34.66999816894531,35.29999923706055,1287500,0.0,0.0
2024-03-08 00:00:00-05:00,35.31999969482422,35.35499954223633,34.5,34.72999954223633,1479300,0.0,0.0
2024-03-11 00:00:00-04:00,34.75,35.04999923706055,34.560001373291016,34.849998474121094,805500,0.0,0.0
2024-03-12 00:00:00-04:00,35.099998474121094,35.099998474121094,34.119998931884766,34.91999816894531,1097600,0.0,0.0
2024-03-13 00:00:00-04:00,34.790000915527344,35.029998779296875,34.54999923706055,34.72999954223633,753700,0.0,0.0
2024-03-14 00:00:00-04:00,34.599998474121094,34.66999816894531,33.85200119018555,34.150001525878906,1125200,0.0,0.0
2024-03-15 00:00:00-04:00,34.040000915527344,34.34000015258789,33.53499984741211,33.779998779296875,2181900,0.0,0.0
2024-03-18 00:00:00-04:00,33.97999954223633,34.380001068115234,33.86000061035156,34.029998779296875,1494100,0.0,0.0
2024-03-19 00:00:00-04:00,34.08000183105469,34.959999084472656,33.86000061035156,34.95000076293945,1675500,0.0,0.0
2024-03-20 00:00:00-04:00,34.91999816894531,35.5099983215332,34.68000030517578,35.349998474121094,1181200,0.0,0.0
2024-03-21 00:00:00-04:00,35.4900016784668,35.619998931884766,35.0,35.06999969482422,944500,0.0,0.0
2024-03-22 00:00:00-04:00,35.150001525878906,35.459999084472656,35.0099983215332,35.369998931884766,952400,0.0,0.0
2024-03-25 00:00:00-04:00,35.34000015258789,35.34000015258789,34.55500030517578,34.650001525878906,530800,0.0,0.0
2024-03-26 00:00:00-04:00,34.68000030517578,34.68000030517578,33.650001525878906,33.709999084472656,1846700,0.0,0.0
2024-03-27 00:00:00-04:00,33.869998931884766,34.900001525878906,33.45000076293945,34.88999938964844,1297000,0.0,0.0
2024-03-28 00:00:00-04:00,34.93000030517578,35.13999938964844,34.43000030517578,34.5,736900,0.0,0.0
2024-04-01 00:00:00-04:00,34.56999969482422,34.599998474121094,34.130001068115234,34.56999969482422,1031200,0.0,0.0
2024-04-02 00:00:00-04:00,34.36000061035156,34.5,33.48500061035156,33.619998931884766,1325200,0.0,0.0
2024-04-03 00:00:00-04:00,33.58000183105469,34.189998626708984,33.529998779296875,33.63999938964844,886500,0.0,0.0
2024-04-04 00:00:00-04:00,34.2599983215332,34.5,33.595001220703125,33.66999816894531,866000,0.0,0.0
2024-04-05 00:00:00-04:00,33.54999923706055,34.58000183105469,33.54999923706055,34.349998474121094,1097000,0.0,0.0
2024-04-08 00:00:00-04:00,34.72999954223633,35.5099983215332,34.5,35.400001525878906,848300,0.0,0.0
2024-04-09 00:00:00-04:00,35.45000076293945,35.84000015258789,35.119998931884766,35.220001220703125,734100,0.0,0.0
2024-04-10 00:00:00-04:00,34.689998626708984,35.15999984741211,34.47999954223633,35.06999969482422,813700,0.0,0.0
2024-04-11 00:00:00-04:00,35.220001220703125,35.38999938964844,33.779998779296875,34.11000061035156,859200,0.0,0.0
2024-04-12 00:00:00-04:00,33.849998474121094,33.94499969482422,32.72999954223633,33.400001525878906,1294600,0.0,0.0
2024-04-15 00:00:00-04:00,33.709999084472656,34.11000061035156,33.25,33.599998474121094,717400,0.0,0.0
2024-04-16 00:00:00-04:00,33.439998626708984,33.90999984741211,33.13999938964844,33.65999984741211,816400,0.0,0.0
2024-04-17 00:00:00-04:00,33.79999923706055,33.91999816894531,33.13999938964844,33.189998626708984,486000,0.0,0.0
2024-04-18 00:00:00-04:00,33.279998779296875,33.40999984741211,32.84000015258789,33.02000045776367,428300,0.0,0.0
2024-04-19 00:00:00-04:00,32.959999084472656,33.2599983215332,32.619998931884766,33.150001525878906,827000,0.0,0.0
2024-04-22 00:00:00-04:00,33.36000061035156,33.529998779296875,32.95000076293945,33.099998474121094,834300,0.0,0.0
2024-04-23 00:00:00-04:00,33.36000061035156,33.36000061035156,32.959999084472656,33.209999084472656,974400,0.0,0.0
2024-04-24 00:00:00-04:00,33.09000015258789,33.27000045776367,32.68000030517578,32.86000061035156,923900,0.0,0.0
2024-04-25 00:00:00-04:00,32.61000061035156,32.66999816894531,31.899999618530273,32.290000915527344,1257700,0.0,0.0
2024-04-26 00:00:00-04:00,32.189998626708984,32.56999969482422,31.979999542236328,32.04999923706055,796900,0.0,0.0
2024-04-29 00:00:00-04:00,32.189998626708984,32.65999984741211,32.189998626708984,32.61000061035156,1020000,0.0,0.0
2024-04-30 00:00:00-04:00,32.45000076293945,32.560001373291016,31.75,31.899999618530273,906000,0.0,0.0
2024-05-01 00:00:00-04:00,31.81999969482422,32.2599983215332,31.190000534057617,31.860000610351562,1394200,0.0,0.0
2024-05-02 00:00:00-04:00,32.58000183105469,34.56999969482422,32.58000183105469,33.439998626708984,2857900,0.0,0.0
2024-05-03 00:00:00-04:00,33.63999938964844,33.88999938964844,32.39500045776367,32.779998779296875,1825200,0.0,0.0
2024-05-06 00:00:00-04:00,33.25,33.83000183105469,32.84000015258789,32.86000061035156,1143600,0.0,0.0
2024-05-07 00:00:00-04:00,32.9900016784668,33.630001068115234,32.650001525878906,33.45000076293945,1552000,0.0,0.0
2024-05-08 00:00:00-04:00,33.29999923706055,33.560001373291016,32.380001068115234,32.66999816894531,720800,0.0,0.0
2024-05-09 00:00:00-04:00,32.689998626708984,33.0,32.130001068115234,32.15999984741211,1135400,0.0,0.0
2024-05-10 00:00:00-04:00,32.4900016784668,32.61000061035156,32.220001220703125,32.310001373291016,1315400,0.0,0.0
2024-05-13 00:00:00-04:00,32.36000061035156,32.560001373291016,32.029998779296875,32.43000030517578,1293000,0.0,0.0
2024-05-14 00:00:00-04:00,32.5,32.720001220703125,31.25,31.25,1016100,0.0,0.0
2024-05-15 00:00:00-04:00,31.5,31.68000030517578,30.969999313354492,31.43000030517578,1625500,0.0,0.0
2024-05-16 00:00:00-04:00,31.459999084472656,31.989999771118164,31.149999618530273,31.90999984741211,1323600,0.0,0.0
2024-05-17 00:00:00-04:00,31.950000762939453,32.220001220703125,31.614999771118164,31.90999984741211,787200,0.0,0.0
2024-05-20 00:00:00-04:00,31.920000076293945,32.51499938964844,31.8700008392334,32.45000076293945,706400,0.0,0.0
2024-05-21 00:00:00-04:00,32.400001525878906,32.400001525878906,31.545000076293945,31.610000610351562,613800,0.0,0.0
2024-05-22 00:00:00-04:00,31.610000610351562,32.04999923706055,31.56999969482422,31.790000915527344,925600,0.0,0.0
2024-05-23 00:00:00-04:00,32.0,32.0,31.040000915527344,31.280000686645508,387300,0.0,0.0
2024-05-24 00:00:00-04:00,31.3700008392334,31.489999771118164,31.0,31.059999465942383,767500,0.0,0.0
2024-05-28 00:00:00-04:00,31.360000610351562,31.520000457763672,30.989999771118164,31.229999542236328,690800,0.0,0.0
2024-05-29 00:00:00-04:00,30.959999084472656,31.104999542236328,30.565000534057617,30.610000610351562,816200,0.0,0.0
2024-05-30 00:00:00-04:00,30.780000686645508,31.34000015258789,30.6299991607666,31.059999465942383,822000,0.0,0.0
2024-05-31 00:00:00-04:00,31.31999969482422,31.579999923706055,31.09000015258789,31.469999313354492,1581300,0.0,0.0
2024-06-03 00:00:00-04:00,32.709999084472656,35.25,32.54999923706055,34.72999954223633,5423100,0.0,0.0
2024-06-04 00:00:00-04:00,34.68000030517578,37.029998779296875,34.59000015258789,37.0,4286600,0.0,0.0
2024-06-05 00:00:00-04:00,38.5099983215332,40.27000045776367,37.599998474121094,38.040000915527344,6982200,0.0,0.0
2024-06-06 00:00:00-04:00,38.04999923706055,38.66999816894531,36.130001068115234,38.650001525878906,4251800,0.0,0.0
2024-06-07 00:00:00-04:00,38.0099983215332,38.11000061035156,35.90999984741211,36.41999816894531,2877000,0.0,0.0
2024-06-10 00:00:00-04:00,36.2599983215332,37.630001068115234,36.2599983215332,37.08000183105469,1392100,0.0,0.0
2024-06-11 00:00:00-04:00,37.040000915527344,37.33000183105469,36.54800033569336,37.029998779296875,975200,0.0,0.0
2024-06-12 00:00:00-04:00,37.220001220703125,37.59000015258789,36.86000061035156,37.4900016784668,819300,0.0,0.0
2024-06-13 00:00:00-04:00,37.459999084472656,37.9900016784668,37.2599983215332,37.81999969482422,935600,0.0,0.0
2024-06-14 00:00:00-04:00,37.720001220703125,38.060001373291016,37.40999984741211,37.90999984741211,468900,0.0,0.0
2024-06-17 00:00:00-04:00,37.75,38.38999938964844,37.61000061035156,38.13999938964844,787600,0.0,0.0
2024-06-18 00:00:00-04:00,38.2400016784668,38.720001220703125,37.66999816894531,38.369998931884766,737800,0.0,0.0
2024-06-20 00:00:00-04:00,38.27000045776367,38.650001525878906,37.880001068115234,38.099998474121094,488300,0.0,0.0
2024-06-21 00:00:00-04:00,38.150001525878906,38.5,37.939998626708984,38.36000061035156,862300,0.0,0.0
2024-06-24 00:00:00-04:00,38.33000183105469,38.529998779296875,37.470001220703125,37.90999984741211,867700,0.0,0.0
2024-06-25 00:00:00-04:00,37.65999984741211,38.119998931884766,37.470001220703125,37.7599983215332,911000,0.0,0.0
2024-06-26 00:00:00-04:00,37.630001068115234,38.52000045776367,37.59000015258789,38.400001525878906,2228900,0.0,0.0
2024-06-27 00:00:00-04:00,38.540000915527344,38.9900016784668,38.220001220703125,38.849998474121094,857400,0.0,0.0
2024-06-28 00:00:00-04:00,38.84000015258789,39.1349983215332,38.77000045776367,38.93000030517578,1206700,0.0,0.0
