Date,Open,High,Low,Close,Volume,Dividends,Stock Splits
2011-02-09 00:00:00-05:00,6.406775835806034,6.4520766924294755,6.219102621707418,6.270874500274658,16637000,0.0,0.0
2011-02-10 00:00:00-05:00,6.115559188619359,6.406776175283232,5.992601124799327,6.374419212341309,1611900,0.0,0.0
2011-02-11 00:00:00-05:00,6.393833880743753,6.393833880743753,6.21263228575048,6.342061996459961,622000,0.0,0.0
2011-02-14 00:00:00-05:00,6.665635211353343,6.730349744817901,6.361474990844727,6.361474990844727,352700,0.0,0.0
2011-02-15 00:00:00-05:00,6.432662485371826,6.432662485371826,6.219103308408798,6.342061996459961,145600,0.0,0.0
2011-02-16 00:00:00-05:00,6.4650210535811174,6.4650210535811174,6.309705377036321,6.329119682312012,153300,0.0,0.0
2011-02-17 00:00:00-05:00,6.251460669794444,6.355004434708465,6.206160426936941,6.277346611022949,164000,0.0,0.0
2011-02-18 00:00:00-05:00,6.277347444006238,6.355005277996692,6.225575554679269,6.257933139801025,260200,0.0,0.0
2011-02-22 00:00:00-05:00,6.2902891708258455,6.322646747953246,6.212631356021755,6.225574016571045,155000,0.0,0.0
2011-02-23 00:00:00-05:00,6.23204780426072,6.264405392545122,6.180275909873542,6.1867475509643555,180900,0.0,0.0
2011-02-24 00:00:00-05:00,6.219102256794864,6.3032317088226115,6.0637866302064545,6.199687957763672,84200,0.0,0.0
2011-02-25 00:00:00-05:00,6.147917121810969,6.3808906010880335,6.147917121810969,6.342061996459961,235900,0.0,0.0
2011-02-28 00:00:00-05:00,6.342062843708239,6.387363094215918,6.212633115707995,6.3097052574157715,183100,0.0,0.0
2011-03-01 00:00:00-05:00,6.309704052118444,6.374419212341308,6.2644038102641435,6.374419212341309,191000,0.0,0.0
2011-03-02 00:00:00-05:00,6.270874832550824,6.406776175283232,6.2644038102641435,6.374419212341309,67000,0.0,0.0
2011-03-03 00:00:00-05:00,6.406776543229929,6.406776543229929,6.296761134834486,6.342061996459961,63500,0.0,0.0
2011-03-04 00:00:00-05:00,6.316174876330726,6.400304326893855,6.316174876330726,6.3873610496521,72300,0.0,0.0
2011-03-07 00:00:00-05:00,6.387362963649728,6.393834604209858,6.2449899571749405,6.3808913230896,202800,0.0,0.0
2011-03-08 00:00:00-05:00,6.35500549083608,6.406777381896973,6.342062826655669,6.406777381896973,127000,0.0,0.0
2011-03-09 00:00:00-05:00,6.406777381896973,6.406777381896973,6.27734765424474,6.406777381896973,65200,0.0,0.0
2011-03-10 00:00:00-05:00,6.322648897484805,6.387363456571374,6.225576133100459,6.2902913093566895,107100,0.0,0.0
2011-03-11 00:00:00-05:00,6.238519047925936,6.361477134970007,6.238519047925936,6.322648525238037,76300,0.0,0.0
2011-03-14 00:00:00-04:00,6.303232198318148,6.3744189955764625,6.2644035972404195,6.296760559082031,63800,0.0,0.0
2011-03-15 00:00:00-04:00,6.283818599407847,6.4067766727756945,6.186746468705313,6.355004787445068,132000,0.0,0.0
2011-03-16 00:00:00-04:00,6.393833513540364,6.406776175283232,6.316175691574632,6.374419212341309,313900,0.0,0.0
2011-03-17 00:00:00-04:00,6.374420299699082,6.426192189840894,6.277347542805976,6.3808913230896,161400,0.0,0.0
2011-03-18 00:00:00-04:00,6.406777268160505,6.44560649435167,6.342062714068047,6.3808913230896,281800,0.0,0.0
2011-03-21 00:00:00-04:00,6.465019100588879,6.600920430804086,6.290289171551871,6.4456048011779785,253800,0.0,0.0
2011-03-22 00:00:00-04:00,6.471493936504591,6.542680147625029,6.393836083326907,6.523265838623047,192500,0.0,0.0
2011-03-23 00:00:00-04:00,6.536207955996796,6.536207955996796,6.348534690025424,6.458549499511719,125600,0.0,0.0
2011-03-24 00:00:00-04:00,6.4973810130661525,6.4973810130661525,6.355007948993088,6.4391374588012695,133500,0.0,0.0
2011-03-25 00:00:00-04:00,6.4456044508812615,6.503847963118077,6.3938325771528515,6.4650187492370605,96200,0.0,0.0
2011-03-28 00:00:00-04:00,6.465018861594351,6.4714905002152285,6.355003473717138,6.3873610496521,163000,0.0,0.0
2011-03-29 00:00:00-04:00,6.413248908720635,6.44560649435167,6.3485343546281765,6.3808913230896,229900,0.0,0.0
2011-03-30 00:00:00-04:00,6.4132469869661834,6.4132469869661834,6.186745189760307,6.3873610496521,165600,0.0,0.0
2011-03-31 00:00:00-04:00,6.374419107553149,6.452076928242275,6.270874729464816,6.432662010192871,2520500,0.0,0.0
2011-04-01 00:00:00-04:00,6.439135654516349,6.49737919246104,6.406778064861555,6.471493244171143,216400,0.0,0.0
2011-04-04 00:00:00-04:00,6.471491807642465,6.503849390114588,6.439134225170343,6.477963447570801,290300,0.0,0.0
2011-04-05 00:00:00-04:00,6.445606088468896,6.53620719909668,6.445606088468896,6.53620719909668,243600,0.0,0.0
2011-04-06 00:00:00-04:00,6.536205792117332,6.956852436775517,6.465019000101419,6.730350017547607,298600,0.0,0.0
2011-04-07 00:00:00-04:00,6.762707953166038,6.762707953166038,6.575034739363441,6.704464435577393,90200,0.0,0.0
2011-04-08 00:00:00-04:00,6.743296421049302,6.820954270655066,6.633280979815371,6.678581237792969,100700,0.0,0.0
2011-04-11 00:00:00-04:00,6.78859436972651,6.892138133978009,6.549149260602537,6.613864421844482,244200,0.0,0.0
2011-04-12 00:00:00-04:00,6.600920316495609,6.736821644357406,6.581506017420907,6.633277893066406,317000,0.0,0.0
2011-04-13 00:00:00-04:00,6.6397492859475085,6.717407096540124,6.439132812372856,6.4650187492370605,324800,0.0,0.0
2011-04-14 00:00:00-04:00,6.432663738061518,6.7238814153311806,6.406777790878622,6.620337009429932,142100,0.0,0.0
2011-04-15 00:00:00-04:00,6.607394433729546,6.743295812569023,6.510322284774063,6.665637969970703,212100,0.0,0.0
2011-04-18 00:00:00-04:00,6.607392893729009,6.69152235789469,6.575035312562282,6.646222114562988,52400,0.0,0.0
2011-04-19 00:00:00-04:00,6.678578129963858,6.730350005609358,6.613863593991704,6.633277893066406,48300,0.0,0.0
2011-04-20 00:00:00-04:00,6.704466492066761,6.730352439249657,6.613865985511455,6.620337009429932,56600,0.0,0.0
2011-04-21 00:00:00-04:00,6.659163830889156,6.730350005609358,6.613863593991704,6.633277893066406,69500,0.0,0.0
2011-04-25 00:00:00-04:00,6.633278717563474,6.7691800623174085,6.633278717563474,6.717408180236816,29600,0.0,0.0
2011-04-26 00:00:00-04:00,6.7044665207615735,6.879197127871209,6.523264889705764,6.872725486755371,198100,0.0,0.0
2011-04-27 00:00:00-04:00,6.846839539461684,6.879197127871209,6.801539285990149,6.872725486755371,17300,0.0,0.0
2011-04-28 00:00:00-04:00,6.879197068050903,7.079813003540039,6.8597827620418785,7.079813003540039,63100,0.0,0.0
2011-04-29 00:00:00-04:00,7.10569944230195,7.338673599210017,7.073342469104455,7.332201957702637,87000,0.0,0.0
2011-05-02 00:00:00-04:00,7.319258484925818,7.332201149343976,7.170413832514375,7.248071670532227,77000,0.0,0.0
2011-05-03 00:00:00-04:00,7.248070125256617,7.280427705157886,7.105697143992735,7.118640422821045,121000,0.0,0.0
2011-05-04 00:00:00-04:00,7.1186394645149145,7.2092405526079135,7.053924313424283,7.125111103057861,84000,0.0,0.0
2011-05-05 00:00:00-04:00,7.086281888969599,7.267483447986177,7.021567355048388,7.125111103057861,80400,0.0,0.0
2011-05-06 00:00:00-04:00,7.125112637876775,7.319257515799952,7.125112637876775,7.254542350769043,104400,0.0,0.0
2011-05-09 00:00:00-04:00,7.228656075738679,7.312785539541857,7.040982846383752,7.060397148132324,104000,0.0,0.0
2011-05-10 00:00:00-04:00,7.1056977180657706,7.293371573221499,7.1056977180657706,7.254542350769043,56200,0.0,0.0
2011-05-11 00:00:00-04:00,7.258442681723063,7.27795445100762,7.134867315896924,7.193403244018555,53500,0.056,0.0
2011-05-12 00:00:00-04:00,7.186902630805253,7.342998101997013,7.050318938445397,7.336493968963623,102000,0.0,0.0
2011-05-13 00:00:00-04:00,7.3169813292053405,7.3169813292053405,6.907230300337658,6.926742076873779,253500,0.0,0.0
2011-05-16 00:00:00-04:00,6.9267427903188175,7.043814702130171,6.868207454681397,6.8682074546813965,92300,0.0,0.0
2011-05-17 00:00:00-04:00,6.855197684645059,6.972269570768623,6.855197684645059,6.900725364685059,62900,0.0,0.0
2011-05-18 00:00:00-04:00,6.894221816464177,7.17389264698313,6.894221816464177,7.13486909866333,110000,0.0,0.0
2011-05-19 00:00:00-04:00,7.167388986943514,7.206412534452985,7.043812972537948,7.173892498016357,65000,0.0,0.0
2011-05-20 00:00:00-04:00,7.154380798339844,7.1673890611564275,7.115356630158203,7.154380798339844,107700,0.0,0.0
2011-05-23 00:00:00-04:00,7.09584744899812,7.121863363869296,6.991783789513412,7.030807971954346,76600,0.0,0.0
2011-05-24 00:00:00-04:00,7.017795282813299,7.1283630064195425,6.991779384333473,7.069827079772949,78700,0.0,0.0
2011-05-25 00:00:00-04:00,7.07633112570345,7.1868988480009985,7.07633112570345,7.160882949829102,25600,0.0,0.0
2011-05-26 00:00:00-04:00,7.147878232155196,7.375517919148468,7.0698304989693375,7.369013786315918,64900,0.0,0.0
2011-05-27 00:00:00-04:00,7.375517037914571,7.564132525644831,7.316981089952047,7.362508773803711,48000,0.0,0.0
2011-05-31 00:00:00-04:00,7.414541226815226,7.460069534847144,7.316981718673536,7.323485851287842,181200,0.0,0.0
2011-06-01 00:00:00-04:00,7.329987748041653,7.3364912584039725,7.056820464247054,7.063323974609375,86200,0.0,0.0
2011-06-02 00:00:00-04:00,7.08283622289332,7.121859765348168,6.991780256718635,7.089339733123779,43100,0.0,0.0
2011-06-03 00:00:00-04:00,7.0373105873560595,7.076334764816655,6.926742808197341,6.946255207061768,51300,0.0,0.0
2011-06-06 00:00:00-04:00,6.965765439257732,6.991781345033177,6.894221853442287,6.900725364685059,53500,0.0,0.0
2011-06-07 00:00:00-04:00,6.946255207061768,7.056822986220486,6.9202392955107905,6.946255207061768,41500,0.0,0.0
2011-06-08 00:00:00-04:00,6.9137335186460405,7.32998862475506,6.9137335186460405,7.154380798339844,100500,0.0,0.0
2011-06-09 00:00:00-04:00,7.180395864397263,7.2454359303415075,7.115355798453019,7.212915897369385,74700,0.0,0.0
2011-06-10 00:00:00-04:00,7.173892868956434,7.199908775397319,7.06332511151564,7.102349281311035,65800,0.0,0.0
2011-06-13 00:00:00-04:00,7.134870101346429,7.316981466390382,7.134870101346429,7.290965557098389,73900,0.0,0.0
2011-06-14 00:00:00-04:00,7.323484128604468,7.414539482713147,7.29746822453512,7.388523578643799,68000,0.0,0.0
2011-06-15 00:00:00-04:00,7.3495014339958304,7.479580979144708,7.232429533227743,7.297469615936279,181000,0.0,0.0
2011-06-16 00:00:00-04:00,7.297468624593219,7.3560045670253,7.167389097115324,7.232428550720215,128000,0.0,0.0
2011-06-17 00:00:00-04:00,7.2714524655257335,7.375516083879117,7.238932429723278,7.3495001792907715,393000,0.0,0.0
2011-06-20 00:00:00-04:00,7.375516043443068,7.375516043443068,7.251940032124858,7.284460067749023,170700,0.0,0.0
2011-06-21 00:00:00-04:00,7.329988661529721,7.329988661529721,7.199908513783712,7.232428550720215,95100,0.0,0.0
2011-06-22 00:00:00-04:00,7.225926024327774,7.284461979762071,7.225926024327774,7.271454334259033,96700,0.0,0.0
2011-06-23 00:00:00-04:00,7.2194207971348785,7.24543670223056,7.154380724261622,7.173892498016357,84600,0.0,0.0
2011-06-24 00:00:00-04:00,7.1934047517606965,7.3495001792907715,7.154380584744131,7.3495001792907715,587800,0.0,0.0
2011-06-27 00:00:00-04:00,7.310475037263989,7.440554542856797,7.141371369859332,7.186899662017822,79300,0.0,0.0
2011-06-28 00:00:00-04:00,7.225926024327774,7.310477891036396,7.193406600436055,7.271454334259033,76800,0.0,0.0
2011-06-29 00:00:00-04:00,7.3039756763020804,7.5251112903420445,7.212920273063329,7.492591857910156,185600,0.0,0.0
2011-06-30 00:00:00-04:00,7.512101456693724,7.564133277774534,7.382021903991698,7.382021903991699,113600,0.0,0.0
2011-07-01 00:00:00-04:00,7.4015342140219476,7.447061905674172,7.180398648394092,7.310478210449219,119200,0.0,0.0
2011-07-05 00:00:00-04:00,7.342996048076662,7.41453963062759,7.3039718810600975,7.3495001792907715,104100,0.0,0.0
2011-07-06 00:00:00-04:00,7.31047805709833,7.336493968963623,7.193406763838643,7.336493968963623,141000,0.0,0.0
2011-07-07 00:00:00-04:00,7.3495014339958304,7.427549161085157,7.264949574582011,7.297469615936279,167200,0.0,0.0
2011-07-08 00:00:00-04:00,7.219420616768781,7.388523685531881,7.219420616768781,7.284460067749023,179200,0.0,0.0
2011-07-11 00:00:00-04:00,7.238932721206951,7.297468663954767,7.089340798599408,7.13486909866333,115400,0.0,0.0
2011-07-12 00:00:00-04:00,7.121861549094419,7.141373325208775,6.926741927146315,6.952757835388184,102400,0.0,0.0
2011-07-13 00:00:00-04:00,6.998287168559753,6.998287168559753,6.764143339702342,6.842191696166992,139200,0.0,0.0
2011-07-14 00:00:00-04:00,6.822677391484343,6.822677391484343,6.5365024386870125,6.679590225219727,105400,0.0,0.0
2011-07-15 00:00:00-04:00,6.731623462651809,7.1153579847744455,6.503983782168616,6.933246612548828,230200,0.0,0.0
2011-07-18 00:00:00-04:00,6.939749202094261,7.089340498092732,6.7966614170280035,6.861701488494873,149400,0.0,0.0
2011-07-19 00:00:00-04:00,6.8682074724088364,7.128366587918609,6.725119648744332,6.946255207061768,188800,0.0,0.0
2011-07-20 00:00:00-04:00,6.959262699257244,7.323486073208365,6.946255053902692,7.30397367477417,212200,0.0,0.0
2011-07-21 00:00:00-04:00,7.342998659966422,7.342998659966422,7.06983125448965,7.316982746124268,55600,0.0,0.0
2011-07-22 00:00:00-04:00,7.297469958511112,7.414541244506835,7.297469958511112,7.414541244506836,64500,0.0,0.0
2011-07-25 00:00:00-04:00,7.329990456198499,7.369014013862306,7.2779580121996466,7.336493968963623,170600,0.0,0.0
2011-07-26 00:00:00-04:00,7.310477684804409,7.414541326966029,7.290965906966163,7.382021903991699,161700,0.0,0.0
2011-07-27 00:00:00-04:00,7.382020399295628,7.460068115008179,7.28446028945386,7.401532173156738,261300,0.0,0.0
2011-07-28 00:00:00-04:00,7.382022051981018,7.434053874104924,7.349502008086516,7.369013786315918,119600,0.0,0.0
2011-07-29 00:00:00-04:00,7.342998101997013,7.427549970626282,7.251942100334354,7.336493968963623,162700,0.0,0.0
2011-08-01 00:00:00-04:00,7.362509653483369,7.414541475607274,7.316981964192013,7.369013786315918,117200,0.0,0.0
2011-08-02 00:00:00-04:00,7.349503008265858,7.447062532957802,7.108855643126508,7.1283674240112305,213300,0.0,0.0
2011-08-03 00:00:00-04:00,7.147877079839681,7.232428932227411,6.959261599980327,6.99828577041626,202600,0.0,0.0
2011-08-04 00:00:00-04:00,6.959262768571002,7.0308069896724685,6.640567700857244,6.660079479217529,178400,0.0,0.0
2011-08-05 00:00:00-04:00,6.718614806439982,7.3169813292053405,6.543007577078514,6.926742076873779,218800,0.0,0.0
2011-08-08 00:00:00-04:00,6.549510423202268,6.783654198903534,5.983663999037758,6.055208206176758,443000,0.0,0.0
2011-08-09 00:00:00-04:00,6.165775193513117,6.165775193513117,5.521881066393351,5.918624401092529,373700,0.0,0.0
2011-08-10 00:00:00-04:00,5.801551855796717,5.801551855796717,5.463344502102681,5.4698486328125,349700,0.0,0.0
2011-08-11 00:00:00-04:00,5.469849662344208,5.638953371019821,5.359281900538473,5.450337886810303,365900,0.0,0.0
2011-08-12 00:00:00-04:00,5.515377598267045,5.528385862731615,5.235706735228873,5.495865821838379,185800,0.0,0.0
2011-08-15 00:00:00-04:00,5.541393354587926,5.7170005584982775,5.33326549405034,5.697488784790039,129500,0.0,0.0
2011-08-16 00:00:00-04:00,5.547897745792708,5.684481423954931,5.430826464702377,5.541394233703613,127700,0.0,0.0
2011-08-17 00:00:00-04:00,5.573912122734677,5.580416253304045,5.352776645520385,5.411312580108643,121500,0.0,0.0
2011-08-18 00:00:00-04:00,5.353949532620021,5.472633345840418,4.945150500071148,4.991305351257324,205500,0.113,0.0
2011-08-19 00:00:00-04:00,4.9253703395075865,4.9253703395075865,4.635255086029099,4.6616291999816895,246400,0.0,0.0
2011-08-22 00:00:00-04:00,4.760531721575501,4.760531721575501,4.404480887399139,4.569319248199463,269900,0.0,0.0
2011-08-23 00:00:00-04:00,4.589099908875237,4.727564154657145,4.411074494927673,4.417667865753174,398500,0.0,0.0
2011-08-24 00:00:00-04:00,4.5495382045555015,5.011085426499955,4.5495382045555015,4.806685924530029,307900,0.0,0.0
2011-08-25 00:00:00-04:00,4.859433533482434,4.951743217825127,4.648440687908598,4.70778226852417,186000,0.0,0.0
2011-08-26 00:00:00-04:00,4.69459618585962,4.859434537731692,4.635254592980534,4.714376926422119,161300,0.0,0.0
2011-08-29 00:00:00-04:00,4.753938138814565,5.10339527207428,4.753938138814565,5.030866622924805,154400,0.0,0.0
2011-08-30 00:00:00-04:00,5.024273384288698,5.215485866134555,4.99130589931086,5.1429572105407715,103100,0.0,0.0
2011-08-31 00:00:00-04:00,5.175924557800365,5.459446430206299,5.044053992589287,5.459446430206299,149400,0.0,0.0
2011-09-01 00:00:00-04:00,5.459446871137789,5.584724389812678,5.281421750926772,5.571537017822266,185000,0.0,0.0
2011-09-02 00:00:00-04:00,5.466039886484469,5.466039886484469,5.063834207848339,5.129769802093506,182600,0.0,0.0
2011-09-06 00:00:00-04:00,5.011085863051203,5.024272918701172,4.813280028301673,5.024272918701172,133100,0.0,0.0
2011-09-07 00:00:00-04:00,5.077021431862433,5.637472115071593,4.97152498062505,5.624284744262695,224700,0.0,0.0
2011-09-08 00:00:00-04:00,5.564943991948945,5.78253125394172,5.307796495717758,5.314390182495117,149800,0.0,0.0
2011-09-09 00:00:00-04:00,5.274827665399295,5.545162482641655,5.235266495637307,5.34735631942749,181600,0.0,0.0
2011-09-12 00:00:00-04:00,5.281421946129571,5.624285456042029,5.281421946129571,5.591317653656006,104600,0.0,0.0
2011-09-13 00:00:00-04:00,5.617692387644096,5.716595165800545,5.558350469226816,5.650659561157227,157600,0.0,0.0
2011-09-14 00:00:00-04:00,5.709999992615009,6.158360478290101,5.709999992615009,5.868244647979736,211400,0.0,0.0
2011-09-15 00:00:00-04:00,5.96715030075,5.973743987769024,5.584725256967041,5.7363762855529785,161400,0.0,0.0
2011-09-16 00:00:00-04:00,5.828685024167103,5.940775169155585,5.630878848963398,5.914401054382324,437100,0.0,0.0
2011-09-19 00:00:00-04:00,5.894619691523802,5.934181176039791,5.749562382184924,5.920993804931641,147500,0.0,0.0
2011-09-20 00:00:00-04:00,5.9473681081410374,6.0001163310630865,5.703406791116037,5.756155014038086,137700,0.0,0.0
2011-09-21 00:00:00-04:00,5.75615456529306,5.75615456529306,5.1825175285339355,5.1825175285339355,262000,0.0,0.0
2011-09-22 00:00:00-04:00,5.07042749180625,5.255046260751837,4.945150312819649,5.215485095977783,143300,0.0,0.0
2011-09-23 00:00:00-04:00,5.202298347028538,5.202298347028538,4.978118400123655,5.030866622924805,212400,0.0,0.0
2011-09-26 00:00:00-04:00,5.090207811867968,5.248452782100292,4.945150210692171,5.175923824310303,82600,0.0,0.0
2011-09-27 00:00:00-04:00,5.274828510899698,5.353950863106166,5.109990119934082,5.109990119934082,110600,0.0,0.0
2011-09-28 00:00:00-04:00,5.109987120861827,5.142954905467734,4.852839469909668,4.852839469909668,157500,0.0,0.0
2011-09-29 00:00:00-04:00,4.95833855368081,4.95833855368081,4.7605323680950224,4.819874286651611,81100,0.0,0.0
2011-09-30 00:00:00-04:00,4.773719986061124,4.826468538967093,4.655036449432373,4.655036449432373,136700,0.0,0.0
2011-10-03 00:00:00-04:00,4.615473308829359,4.674815209123642,4.424260868330191,4.457228660583496,180600,0.0,0.0
2011-10-04 00:00:00-04:00,4.411074511696494,4.549538758004777,4.061617053298394,4.483603477478027,342900,0.0,0.0
2011-10-05 00:00:00-04:00,4.503384734828792,4.648442693139604,4.463823559217919,4.496791362762451,125400,0.0,0.0
2011-10-06 00:00:00-04:00,4.477010965107351,4.64184936681058,4.404481980324726,4.509978771209717,154000,0.0,0.0
2011-10-07 00:00:00-04:00,4.54294469763096,4.655034822473063,4.503383532581546,4.52316427230835,169500,0.0,0.0
2011-10-10 00:00:00-04:00,4.608880044826294,4.688002690567308,4.523164343080173,4.668221950531006,127800,0.0,0.0
2011-10-11 00:00:00-04:00,4.655036166197179,4.931964715885545,4.655036166197179,4.800094127655029,148600,0.0,0.0
2011-10-12 00:00:00-04:00,4.82646708383226,5.202298327049175,4.813280028182618,5.083614826202393,134000,0.0,0.0
2011-10-13 00:00:00-04:00,5.090209029925394,5.499008450779785,5.083615658223558,5.353950500488281,92200,0.0,0.0
2011-10-14 00:00:00-04:00,5.334169638072583,5.406698292927858,5.136363472602736,5.307795524597168,278800,0.0,0.0
2011-10-17 00:00:00-04:00,5.255046760281989,5.353949838820672,5.17592442321273,5.222079277038574,185800,0.0,0.0
2011-10-18 00:00:00-04:00,5.255047409726666,5.406698731720007,4.978119195760107,5.353950500488281,169600,0.0,0.0
2011-10-19 00:00:00-04:00,5.367136361528736,5.433071317599478,5.083614226880359,5.096801280975342,128500,0.0,0.0
2011-10-20 00:00:00-04:00,5.123176736365666,5.136363793928343,4.918777186942057,4.997899532318115,115800,0.0,0.0
2011-10-21 00:00:00-04:00,5.096801844802368,5.472633399691495,5.096801844802368,5.3671369552612305,165400,0.0,0.0
2011-10-24 00:00:00-04:00,5.3473567069376085,5.578130685545848,5.255047304136864,5.564943313598633,71800,0.0,0.0
2011-10-25 00:00:00-04:00,5.558349305286947,5.558349305286947,5.162737017886843,5.208891868591309,78200,0.0,0.0
2011-10-26 00:00:00-04:00,5.288015525852882,5.446260219548059,5.208892864601036,5.353950500488281,100600,0.0,0.0
2011-10-27 00:00:00-04:00,5.512194883409054,5.802310767635493,5.4924144550144955,5.670440196990967,184200,0.0,0.0
2011-10-28 00:00:00-04:00,5.637472164847596,5.696814076394696,5.446259688089419,5.459446430206299,93700,0.0,0.0
2011-10-31 00:00:00-04:00,5.380323406529864,5.380323406529864,5.281420652407273,5.320981502532959,107600,0.0,0.0
2011-11-01 00:00:00-04:00,5.156144023140734,5.268233844040215,5.024273146264053,5.050647258758545,103500,0.0,0.0
2011-11-02 00:00:00-04:00,5.136363297714339,5.208892264504303,4.958337880614769,5.116582870483398,207700,0.0,0.0
2011-11-03 00:00:00-04:00,5.175924343038538,5.386917553025865,5.044053783299093,5.373730182647705,157400,0.0,0.0
2011-11-04 00:00:00-04:00,5.340762844153664,5.406697807518375,5.274827251980543,5.3671369552612305,41800,0.0,0.0
2011-11-07 00:00:00-05:00,5.314388505226906,5.439665370415328,5.16273690125315,5.340762615203857,50400,0.0,0.0
2011-11-08 00:00:00-05:00,5.439665792617692,5.512194443481559,5.327575659313623,5.499007701873779,68900,0.0,0.0
2011-11-09 00:00:00-05:00,5.380324980508322,5.512195567519103,5.103396433381404,5.109990119934082,192200,0.0,0.0
2011-11-10 00:00:00-05:00,5.208891725717535,5.22207878064222,4.991305162258141,5.215485095977783,115500,0.0,0.0
2011-11-11 00:00:00-05:00,5.360543040484475,5.373729781068759,5.2154851212070525,5.340762615203857,234200,0.0,0.0
2011-11-14 00:00:00-05:00,5.301201110190329,5.327575220039699,5.175923931203728,5.215485095977783,119200,0.0,0.0
2011-11-15 00:00:00-05:00,5.182519242475182,5.36713838377029,5.182519242475182,5.301202774047852,161900,0.0,0.0
2011-11-16 00:00:00-05:00,5.396832908144791,5.905085002386835,5.396832908144791,5.604146480560303,710600,0.113,0.0
2011-11-17 00:00:00-05:00,5.590771127620456,5.65764663819843,5.450333065624418,5.517208576202393,277400,0.0,0.0
2011-11-18 00:00:00-05:00,5.517209561301904,5.697773089438828,5.483771800042595,5.6509599685668945,246100,0.0,0.0
2011-11-21 00:00:00-05:00,5.570708444740446,5.584083801281049,5.2229571468360625,5.336645126342773,259100,0.0,0.0
2011-11-22 00:00:00-05:00,5.316582189370254,5.350019941559416,5.216269570574846,5.28983211517334,203200,0.0,0.0
2011-11-23 00:00:00-05:00,5.236332893371582,5.296520730408159,5.142707617114979,5.236332893371582,129400,0.0,0.0
2011-11-25 00:00:00-05:00,5.222957862646784,5.383458655384218,5.222957862646784,5.263082981109619,61300,0.0,0.0
2011-11-28 00:00:00-05:00,5.363397125851833,5.3901472091674805,5.329959043378053,5.3901472091674805,266600,0.0,0.0
2011-11-29 00:00:00-05:00,5.416894948954602,5.436957343318606,5.2764565939765244,5.410207271575928,560400,0.0,0.0
2011-11-30 00:00:00-05:00,5.543959598501315,5.697773043957455,5.503834157755987,5.630897521972656,2250700,0.0,0.0
2011-12-01 00:00:00-05:00,5.54395826973428,6.185960703379706,5.423582614121984,5.965272426605225,265200,0.0,0.0
2011-12-02 00:00:00-05:00,6.045522740741425,6.379898999936795,5.9719601933163995,6.326398849487305,207800,0.0,0.0
2011-12-05 00:00:00-05:00,6.386586152714851,6.486898767111169,6.333086006667208,6.393273830413818,194600,0.0,0.0
2011-12-06 00:00:00-05:00,6.373211432020361,6.533712523919524,6.359836713062496,6.4802117347717285,123200,0.0,0.0
2011-12-07 00:00:00-05:00,6.232773241660923,6.252836276325979,6.0254603189654565,6.18596076965332,153000,0.0,0.0
2011-12-08 00:00:00-05:00,6.12577189951815,6.1324595766026,5.838208162606712,5.844895839691162,198300,0.0,0.0
2011-12-09 00:00:00-05:00,5.844896833612537,6.212710844767964,5.844896833612537,6.18596076965332,112900,0.0,0.0
2011-12-12 00:00:00-05:00,6.105710972529071,6.125773370829092,5.958585230193921,6.07896089553833,91100,0.0,0.0
2011-12-13 00:00:00-05:00,6.139148296027643,6.206023164910578,5.998710242269753,6.0120849609375,124700,0.0,0.0
2011-12-14 00:00:00-05:00,5.958585214613719,6.152523431732531,5.958585214613719,6.139148712158203,128000,0.0,0.0
2011-12-15 00:00:00-05:00,6.18596076965332,6.206023166546279,6.045522715858415,6.18596076965332,115200,0.0,0.0
2011-12-16 00:00:00-05:00,6.272899712249353,6.286274433135987,5.965273478590311,6.286274433135986,432400,0.0,0.0
2011-12-19 00:00:00-05:00,6.299648811250178,6.366524318590744,6.185960831434478,6.319711208343506,230000,0.0,0.0
2011-12-20 00:00:00-05:00,6.420025864098059,6.433400585808553,6.319712581294257,6.4133381843566895,258700,0.0,0.0
2011-12-21 00:00:00-05:00,6.359836640302266,6.379899037395594,6.212710906816284,6.319711208343506,343300,0.0,0.0
2011-12-22 00:00:00-05:00,6.319710628825077,6.3732107746827165,6.192647941856196,6.279585838317871,193000,0.0,0.0
2011-12-23 00:00:00-05:00,6.313023567199707,6.3263989238553595,6.206023265042915,6.313023567199707,47700,0.0,0.0
2011-12-27 00:00:00-05:00,6.286273430145708,6.353148937225342,6.286273430145708,6.353148937225342,64000,0.0,0.0
2011-12-28 00:00:00-05:00,6.359835576568962,6.393273324646515,6.20602219052102,6.21939754486084,65100,0.0,0.0
2011-12-29 00:00:00-05:00,6.226088060927232,6.366526156670622,6.206025020269399,6.306338310241699,68500,0.0,0.0
2011-12-30 00:00:00-05:00,6.272898772776964,6.379899074933756,6.246148697237766,6.313023567199707,70800,0.0,0.0
2012-01-03 00:00:00-05:00,6.466837015813864,6.560462599607366,6.333086637374654,6.4802117347717285,88400,0.0,0.0
2012-01-04 00:00:00-05:00,6.460150169347483,6.486900248480037,6.31971209445853,6.359837532043457,39200,0.0,0.0
2012-01-05 00:00:00-05:00,6.339774062869273,6.366524777953321,6.179273598997883,6.26621150970459,70100,0.0,0.0
2012-01-06 00:00:00-05:00,6.266210549050886,6.279585904542375,6.1592102562071815,6.179272651672363,73900,0.0,0.0
2012-01-09 00:00:00-05:00,6.199336088978763,6.226086163933243,6.159210657660995,6.192648410797119,54800,0.0,0.0
2012-01-10 00:00:00-05:00,6.232774623920231,6.232774623920231,6.112399578094482,6.112399578094482,64100,0.0,0.0
2012-01-11 00:00:00-05:00,6.085648110979197,6.239460882524436,6.085648110979197,6.192648410797119,48400,0.0,0.0
2012-01-12 00:00:00-05:00,6.192649821235728,6.22608758198764,6.085649497047401,6.112399578094482,68000,0.0,0.0
2012-01-13 00:00:00-05:00,6.045522573375991,6.092335044280306,5.885022126470844,5.891709804534912,99100,0.0,0.0
2012-01-17 00:00:00-05:00,5.958585709645579,6.052211305532737,5.818147634700941,5.992023468017578,92600,0.0,0.0
2012-01-18 00:00:00-05:00,6.012084506146057,6.132460153910315,5.918459569237901,6.125772476196289,55700,0.0,0.0
2012-01-19 00:00:00-05:00,6.172586297685706,6.286274292656428,6.139149177330237,6.2260870933532715,68100,0.0,0.0
2012-01-20 00:00:00-05:00,6.212711301712688,6.339774008409681,6.172585867203449,6.333086967468262,90500,0.0,0.0
2012-01-23 00:00:00-05:00,6.339774062869273,6.379899497723196,6.219399033851805,6.26621150970459,62100,0.0,0.0
2012-01-24 00:00:00-05:00,6.206023639083712,6.319711626420374,6.1658988422426235,6.272899150848389,77800,0.0,0.0
2012-01-25 00:00:00-05:00,6.279588227136877,6.346463116012789,6.2662128666983214,6.306338310241699,77200,0.0,0.0
2012-01-26 00:00:00-05:00,6.353149382302712,6.353149382302712,6.199336598124962,6.272899150848389,69500,0.0,0.0
2012-01-27 00:00:00-05:00,6.219398143891764,6.393273940424554,6.219398143891764,6.373210906982422,315800,0.0,0.0
2012-01-30 00:00:00-05:00,6.313022951149861,6.326398306500294,6.219398014785015,6.279585838317871,124300,0.0,0.0
2012-01-31 00:00:00-05:00,6.333085486219241,6.339772525596625,6.212709848618395,6.252835273742676,121400,0.0,0.0
2012-02-01 00:00:00-05:00,6.266210083407418,6.567148544110544,6.239460012184296,6.5337114334106445,181200,0.0,0.0
2012-02-02 00:00:00-05:00,6.527024746194009,6.667462800860326,6.453461560843207,6.613962650299072,143400,0.0,0.0
2012-02-03 00:00:00-05:00,6.667463825941786,6.781151822806304,6.660776146650414,6.687526226043701,266200,0.0,0.0
2012-02-06 00:00:00-05:00,6.6808385766749625,6.714276335509385,6.620650738327444,6.654088497161865,81300,0.0,0.0
2012-02-07 00:00:00-05:00,6.660776176483191,6.687526255996287,6.620650738327444,6.654088497161865,96800,0.0,0.0
2012-02-08 00:00:00-05:00,6.634024143218994,6.667461892205843,6.547086250961994,6.634024143218994,96700,0.0,0.0
2012-02-09 00:00:00-05:00,6.6273383879657555,6.707588626145616,6.6273383879657555,6.687526226043701,66000,0.0,0.0
2012-02-10 00:00:00-05:00,6.620648788515449,6.667461892205843,6.600586394232145,6.634024143218994,245000,0.0,0.0
2012-02-13 00:00:00-05:00,6.687525284480385,6.720963038457208,6.647399852153773,6.714275360107422,59600,0.0,0.0
2012-02-14 00:00:00-05:00,6.680839094280274,6.741026937290912,6.52033860476674,6.647401332855225,112900,0.0,0.0
2012-02-15 00:00:00-05:00,6.6697239256093575,6.771190704526588,6.635902311076226,6.723839282989502,33800,0.113,0.0
2012-02-16 00:00:00-05:00,6.737366794979005,6.865890576006274,6.717073702207497,6.784717559814453,198200,0.0,0.0
2012-02-17 00:00:00-05:00,6.798245928043003,6.798245928043003,6.74413059020651,6.771188259124756,141700,0.0,0.0
2012-02-21 00:00:00-05:00,6.764425048879432,6.7914827232707164,6.676487445831298,6.676487445831299,71500,0.0,0.0
2012-02-22 00:00:00-05:00,6.690016605579862,6.737367374488148,6.656194351314296,6.676487445831299,118400,0.0,0.0
2012-02-23 00:00:00-05:00,6.683252966885168,6.825305938720702,6.64943070785653,6.825305938720703,52300,0.0,0.0
2012-02-24 00:00:00-05:00,6.838833751543871,6.872656007092156,6.723838469743222,6.737367630004883,74000,0.0,0.0
2012-02-27 00:00:00-05:00,6.703545346993633,6.784718372913448,6.649429996380422,6.764425277709961,38100,0.0,0.0
2012-02-28 00:00:00-05:00,6.7644236806187665,6.798245928043003,6.710308342782273,6.771188259124756,72400,0.0,0.0
2012-02-29 00:00:00-05:00,6.696780847816018,6.696780847816018,6.230035781860352,6.230035781860352,591700,0.0,0.0
2012-03-01 00:00:00-05:00,6.0541607634174746,6.2706228205900825,6.027103086909135,6.047396183013916,381900,0.0,0.0
2012-03-02 00:00:00-05:00,6.027101752135882,6.121803921495096,5.939164161682129,5.939164161682129,568700,0.0,0.0
2012-03-05 00:00:00-05:00,5.87152173714873,5.87152173714873,5.553593547367465,5.634766578674316,755500,0.0,0.0
2012-03-06 00:00:00-05:00,5.594179906875676,5.614473001689416,5.479184627754726,5.48594856262207,322200,0.0,0.0
2012-03-07 00:00:00-05:00,5.519770622253418,5.519770622253418,5.425069086399844,5.519770622253418,136100,0.0,0.0
2012-03-08 00:00:00-05:00,5.553593866477438,5.573886964193717,5.431833989967875,5.492713928222656,371600,0.0,0.0
2012-03-09 00:00:00-05:00,5.465654991927355,5.519770336789543,5.465654991927355,5.479184150695801,95100,0.0,0.0
2012-03-12 00:00:00-04:00,5.499477219047033,5.526534891356623,5.445361874427852,5.506241798400879,71300,0.0,0.0
2012-03-13 00:00:00-04:00,5.560358510707974,5.580651608655235,5.418305534865239,5.4385986328125,298300,0.0,0.0
2012-03-14 00:00:00-04:00,5.445361660025897,5.445361660025897,5.181548881565231,5.215371131896973,222000,0.0,0.0
2012-03-15 00:00:00-04:00,5.2289016853580055,5.2289016853580055,5.046262183180812,5.113906383514404,174900,0.0,0.0
2012-03-16 00:00:00-04:00,5.107141987438555,5.154492765122424,5.005675528389866,5.093613147735596,2306700,0.0,0.0
2012-03-19 00:00:00-04:00,5.073318976104926,5.377717985650048,5.073318976104926,5.364189147949219,611900,0.0,0.0
2012-03-20 00:00:00-04:00,5.343895845550776,5.465655380138969,5.303309334021378,5.4115400314331055,315800,0.0,0.0
2012-03-21 00:00:00-04:00,5.4453623535352955,5.4724200282255415,5.323602494876263,5.34389591217041,276800,0.0,0.0
2012-03-22 00:00:00-04:00,5.310073637795635,5.350660149680159,5.154491847628495,5.208607196807861,214500,0.0,0.0
2012-03-23 00:00:00-04:00,5.2289002154603414,5.316837812450342,5.14096261847034,5.289780139923096,275200,0.0,0.0
2012-03-26 00:00:00-04:00,5.350660770907757,5.3844830293481865,5.296545415445436,5.377718448638916,182500,0.0,0.0
2012-03-27 00:00:00-04:00,5.3574248459110025,5.3574248459110025,5.242429565131898,5.249194145202637,260900,0.0,0.0
2012-03-28 00:00:00-04:00,5.2694868658206415,5.357424465173165,5.242429192566467,5.310073375701904,379600,0.0,0.0
2012-03-29 00:00:00-04:00,5.2762524386820555,5.303310117029925,5.249194760334186,5.2694878578186035,229600,0.0,0.0
2012-03-30 00:00:00-04:00,5.2830165376128795,5.2830165376128795,5.127434730529785,5.127434730529785,362800,0.0,0.0
2012-04-02 00:00:00-04:00,5.140962866074548,5.519770622253418,5.140962866074548,5.519770622253418,181700,0.0,0.0
2012-04-03 00:00:00-04:00,5.499477777250269,5.5130062922253265,5.398011334513898,5.425069332122803,104200,0.0,0.0
2012-04-04 00:00:00-04:00,5.377717824269843,5.377717824269843,5.201842939436903,5.208607196807861,123200,0.0,0.0
2012-04-05 00:00:00-04:00,5.20860774395842,5.438598324683556,5.20860774395842,5.431833744049072,181500,0.0,0.0
2012-04-09 00:00:00-04:00,5.3438965127514475,5.499478320982097,5.3438965127514475,5.377718448638916,124900,0.0,0.0
2012-04-10 00:00:00-04:00,5.540063186827854,5.5535923450028575,5.181548881565231,5.215371131896973,162800,0.0,0.0
2012-04-11 00:00:00-04:00,5.255958571298834,5.296545085366233,5.20860747694373,5.242429733276367,87900,0.0,0.0
2012-04-12 00:00:00-04:00,5.242430179470734,5.357425473725664,5.208607920259413,5.2694878578186035,92500,0.0,0.0
2012-04-13 00:00:00-04:00,5.242428601451976,5.26948627165524,5.140962176913298,5.262722015380859,122700,0.0,0.0
2012-04-16 00:00:00-04:00,5.296545300356031,5.296545300356031,5.168021172649261,5.1950788497924805,93100,0.0,0.0
2012-04-17 00:00:00-04:00,5.2086062213164235,5.269486139017805,5.181548551794224,5.235663890838623,88800,0.0,0.0
2012-04-18 00:00:00-04:00,5.195078894297387,5.228901152292636,5.13419928148008,5.154492378234863,155900,0.0,0.0
2012-04-19 00:00:00-04:00,5.14096312194134,5.262722982791182,5.14096312194134,5.249194145202637,89900,0.0,0.0
2012-04-20 00:00:00-04:00,5.31007389406161,5.452127176342373,5.269487380218366,5.418304920196533,127600,0.0,0.0
2012-04-23 00:00:00-04:00,5.343896150207449,5.485948787382332,5.343896150207449,5.418304920196533,130600,0.0,0.0
2012-04-24 00:00:00-04:00,5.411539978665078,5.479184486440726,5.411539978665078,5.465655326843262,151400,0.0,0.0
2012-04-25 00:00:00-04:00,5.506241798400879,5.56035714302006,5.445361874427852,5.506241798400879,110700,0.0,0.0
2012-04-26 00:00:00-04:00,5.472419993994416,5.54682843765069,5.458890834180995,5.533299922943115,155000,0.0,0.0
2012-04-27 00:00:00-04:00,5.533299869830718,5.614472892614549,5.499477615727662,5.5874152183532715,183600,0.0,0.0
2012-04-30 00:00:00-04:00,5.573885841162555,5.655058860778809,5.560357327112754,5.655058860778809,220000,0.0,0.0
2012-05-01 00:00:00-04:00,5.62800116167384,5.763290172184155,5.62800116167384,5.675352573394775,101600,0.0,0.0
2012-05-02 00:00:00-04:00,5.62800116167384,5.71593876046322,5.6009434885929394,5.675352573394775,386000,0.0,0.0
2012-05-03 00:00:00-04:00,5.661823581721799,5.7159389294837935,5.580650560078807,5.668588161468506,114000,0.0,0.0
2012-05-04 00:00:00-04:00,5.648294448852539,5.675352119770753,5.580649949004124,5.648294448852539,126200,0.0,0.0
2012-05-07 00:00:00-04:00,5.655059365531388,5.675353106076168,5.560357823412576,5.628001689910889,100000,0.0,0.0
2012-05-08 00:00:00-04:00,5.580650946665762,5.648295458607091,5.546828690695097,5.6009440422058105,85300,0.0,0.0
2012-05-09 00:00:00-04:00,5.553594144703729,5.607709504728864,5.506243365958231,5.526536464691162,82000,0.0,0.0
2012-05-10 00:00:00-04:00,5.567122321122616,5.628002258697963,5.519771545277762,5.5468292236328125,69600,0.0,0.0
2012-05-11 00:00:00-04:00,5.4927133676326765,5.546828719423668,5.343896150207449,5.418304920196533,117000,0.0,0.0
2012-05-14 00:00:00-04:00,5.357423949361069,5.3777170410714294,5.296544029124232,5.350659370422363,89800,0.0,0.0
2012-05-15 00:00:00-04:00,5.330367659042358,5.452127531046473,5.296545400696113,5.391247272491455,94000,0.0,0.0
2012-05-16 00:00:00-04:00,5.438598015841685,5.594180136070195,5.411540339946189,5.418304920196533,136100,0.0,0.0
2012-05-17 00:00:00-04:00,5.413501222965041,5.564447883726525,5.413501222965041,5.502697467803955,108400,0.113,0.0
2012-05-18 00:00:00-04:00,5.52328193183236,5.537004030834231,5.11846986905531,5.1390533447265625,292600,0.0,0.0
2012-05-21 00:00:00-04:00,5.132191275285079,5.35175037754477,5.09788505309287,5.3380279541015625,158200,0.0,0.0
2012-05-22 00:00:00-04:00,5.3105829448444215,5.386056439708338,5.24197082549922,5.331166744232178,122200,0.0,0.0
2012-05-23 00:00:00-04:00,5.269415702338656,5.324305725286349,5.214526006559357,5.235109806060791,107000,0.0,0.0
2012-05-24 00:00:00-04:00,5.262555300690879,5.2900001519533575,5.15963694487237,5.2282490730285645,73000,0.0,0.0
2012-05-25 00:00:00-04:00,5.241969867057081,5.530141369954411,5.235108819961232,5.509557247161865,92100,0.0,0.0
2012-05-29 00:00:00-04:00,5.537003672362755,5.5713098991517525,5.49583672368544,5.523281574249268,107700,0.0,0.0
2012-05-30 00:00:00-04:00,5.537002580499558,5.612476395419745,5.454668045043945,5.454668045043945,101100,0.0,0.0
2012-05-31 00:00:00-04:00,5.482113843419006,5.509558693342953,5.386056868685189,5.468391418457031,129800,0.0,0.0
2012-06-01 00:00:00-04:00,5.386056932336654,5.468391483081512,5.283138580321371,5.303722381591797,115800,0.0,0.0
2012-06-04 00:00:00-04:00,5.3380281492311745,5.351750573175999,5.180220110281491,5.235109806060791,92900,0.0,0.0
2012-06-05 00:00:00-04:00,5.24197018255849,5.420361998144203,5.22824776037254,5.406639575958252,128900,0.0,0.0
2012-06-06 00:00:00-04:00,5.454669756664283,5.52328221824222,5.392918999279989,5.516420841217041,211600,0.0,0.0
2012-06-07 00:00:00-04:00,5.564448016576701,5.667366687578369,5.537003168510282,5.605615615844727,140100,0.0,0.0
2012-06-08 00:00:00-04:00,5.605616556325609,5.653644884915586,5.571310326902668,5.633061408996582,121000,0.0,0.0
2012-06-11 00:00:00-04:00,5.68795108795166,5.825175350669929,5.59875515360056,5.68795108795166,128200,0.0,0.0
2012-06-12 00:00:00-04:00,5.729117419591648,5.797729208520817,5.633060129886707,5.681088447570801,96300,0.0,0.0
2012-06-13 00:00:00-04:00,5.6948121086980255,5.832036362838622,5.6948121086980255,5.756563186645508,114000,0.0,0.0
2012-06-14 00:00:00-04:00,5.756562846636264,5.832036018371582,5.749701470750284,5.832036018371582,105600,0.0,0.0
2012-06-15 00:00:00-04:00,5.818313140061015,5.87320349161826,5.708533745620136,5.763423442840576,198400,0.0,0.0
2012-06-18 00:00:00-04:00,5.742841076554407,5.825175638250101,5.7153962226558415,5.749702453613281,150500,0.0,0.0
2012-06-19 00:00:00-04:00,5.770283990219173,5.92123096307446,5.742839145548823,5.886924743652344,251300,0.0,0.0
2012-06-20 00:00:00-04:00,5.900648478448311,5.900648478448311,5.735978728592879,5.804591178894043,93900,0.0,0.0
2012-06-21 00:00:00-04:00,5.784008502960205,5.838898209033869,5.6948125670062755,5.784008502960205,76800,0.0,0.0
2012-06-22 00:00:00-04:00,5.804591512010503,5.811452888301747,5.6948121086980255,5.756563186645508,480900,0.0,0.0
2012-06-25 00:00:00-04:00,5.687949877004088,5.722256098964188,5.475252151489258,5.475252151489258,85800,0.0,0.0
2012-06-26 00:00:00-04:00,5.495836877609786,5.571310055189909,5.461530649859959,5.543865203857422,64000,0.0,0.0
2012-06-27 00:00:00-04:00,5.5438651920608715,5.660505973559966,5.516420340786783,5.571310043334961,145900,0.0,0.0
2012-06-28 00:00:00-04:00,5.523281884345419,5.585032965165163,5.488975655630352,5.5301432609558105,66700,0.0,0.0
2012-06-29 00:00:00-04:00,5.633060889509664,5.763423764090354,5.578171189229705,5.74284029006958,104100,0.0,0.0
2012-07-02 00:00:00-04:00,5.742841020018583,5.866343188514764,5.687951312761818,5.8594818115234375,103000,0.0,0.0
2012-07-03 00:00:00-04:00,5.845759711877709,5.941816372408583,5.804592104266673,5.8594818115234375,84400,0.0,0.0
2012-07-05 00:00:00-04:00,5.8526188732560005,5.934953412177142,5.749700863188761,5.790867805480957,104200,0.0,0.0
2012-07-06 00:00:00-04:00,5.71539481592019,5.866341802378035,5.6810885934065745,5.6948113441467285,72200,0.0,0.0
2012-07-09 00:00:00-04:00,5.674227255127181,5.763422507888386,5.598753442939962,5.6536431312561035,80600,0.0,0.0
2012-07-10 00:00:00-04:00,5.701672758840543,5.749701078088788,5.543864395924236,5.557587146759033,71000,0.0,0.0
2012-07-11 00:00:00-04:00,5.571309259163514,5.571309259163514,5.4478074458132095,5.502697467803955,188300,0.0,0.0
2012-07-12 00:00:00-04:00,5.482113203205455,5.502697328997183,5.420362461672173,5.461529731750488,78500,0.0,0.0
2012-07-13 00:00:00-04:00,5.468390776229886,5.530142172059093,5.434084881438166,5.475252151489258,97700,0.0,0.0
2012-07-16 00:00:00-04:00,5.454668993495058,5.516420069408149,5.454668993495058,5.468391418457031,43200,0.0,0.0
2012-07-17 00:00:00-04:00,5.482113472377443,5.660505311977566,5.440946200277813,5.605615615844727,58500,0.0,0.0
2012-07-18 00:00:00-04:00,5.612477635589064,5.653644585245025,5.543865180379974,5.5987548828125,34000,0.0,0.0
2012-07-19 00:00:00-04:00,5.605616011429857,5.653644335351225,5.413501734239129,5.427224159240723,294600,0.0,0.0
2012-07-20 00:00:00-04:00,5.399779304014531,5.440946578979492,5.324306130162979,5.440946578979492,125800,0.0,0.0
2012-07-23 00:00:00-04:00,5.365473452800636,5.420363153241617,5.317444801330566,5.317444801330566,83500,0.0,0.0
2012-07-24 00:00:00-04:00,5.344889848470153,5.3517512248622765,5.235110443543643,5.241971492767334,65300,0.0,0.0
2012-07-25 00:00:00-04:00,5.289999924731681,5.413501750108051,5.248832649606225,5.386056900024414,64400,0.0,0.0
2012-07-26 00:00:00-04:00,5.440946836198822,5.585032796140439,5.365473658779295,5.571310043334961,127500,0.0,0.0
2012-07-27 00:00:00-04:00,5.605616378211683,5.67422883487746,5.591893625143775,5.667367458343506,95000,0.0,0.0
2012-07-30 00:00:00-04:00,5.6879499687766515,5.722256191290267,5.6330602744895755,5.6948113441467285,52900,0.0,0.0
2012-07-31 00:00:00-04:00,5.674227872373268,5.777145885577344,5.674227872373268,5.6948113441467285,51800,0.0,0.0
2012-08-01 00:00:00-04:00,5.729117618478652,5.735978339574013,5.56444787979126,5.56444787979126,98200,0.0,0.0
2012-08-02 00:00:00-04:00,5.550724983215332,5.626198139080253,5.523280139779298,5.550724983215332,70700,0.0,0.0
2012-08-03 00:00:00-04:00,5.578170896154039,5.79772968573831,5.578170896154039,5.708533763885498,135000,0.0,0.0
2012-08-06 00:00:00-04:00,5.694812142873289,5.756563221191348,5.6673672918804705,5.674228668212891,62000,0.0,0.0
2012-08-07 00:00:00-04:00,5.7153943665271045,5.7153943665271045,5.598753611754166,5.61933708190918,73900,0.0,0.0
2012-08-08 00:00:00-04:00,5.578171431607248,5.6261997578548835,5.509558976107595,5.543865203857422,57200,0.0,0.0
2012-08-09 00:00:00-04:00,5.559869822133308,5.601621328002943,5.518118648072509,5.5250773429870605,62100,0.113,0.0
2012-08-10 00:00:00-04:00,5.559869309017434,5.796459605336067,5.559869309017434,5.754708766937256,193300,0.0,0.0
2012-08-13 00:00:00-04:00,5.761668145529669,5.77558553733031,5.692083177379766,5.719917297363281,58000,0.0,0.0
2012-08-14 00:00:00-04:00,5.768625513170075,5.949547583213435,5.754708788191609,5.879961967468262,282200,0.0,0.0
2012-08-15 00:00:00-04:00,5.873003273170221,5.907796081042808,5.852127853893715,5.879961967468262,66600,0.0,0.0
2012-08-16 00:00:00-04:00,5.87996211599114,5.935630344546365,5.824293887435915,5.9286723136901855,150500,0.0,0.0
2012-08-17 00:00:00-04:00,5.907795222345968,6.033049047034616,5.893878499390294,6.019131660461426,143500,0.0,0.0
2012-08-20 00:00:00-04:00,5.991298326470723,6.088718054240915,5.87996187394342,6.046966552734375,77800,0.0,0.0
2012-08-21 00:00:00-04:00,6.0817593600535576,6.10263544261563,5.935630100207072,6.046966552734375,123600,0.0,0.0
2012-08-22 00:00:00-04:00,6.026090525670883,6.046965942508723,5.95650558167224,5.991297721862793,51900,0.0,0.0
2012-08-23 00:00:00-04:00,5.991298549841793,5.991298549841793,5.873003398716784,5.9356303215026855,39900,0.0,0.0
2012-08-24 00:00:00-04:00,5.914753743757984,5.956505238646798,5.879960941953555,5.942587852478027,40000,0.0,0.0
2012-08-27 00:00:00-04:00,5.956505753196208,5.998256588074146,5.914754254700713,5.96346378326416,76600,0.0,0.0
2012-08-28 00:00:00-04:00,5.942588365825191,6.0330493928841324,5.942588365825191,5.96346378326416,60300,0.0,0.0
2012-08-29 00:00:00-04:00,5.970423576972386,6.046967230763122,5.949548155687218,6.0121750831604,66300,0.0,0.0
2012-08-30 00:00:00-04:00,5.963464189928407,5.977381578248487,5.89387923918081,5.921713352203369,60200,0.0,0.0
2012-08-31 00:00:00-04:00,5.970423153297789,6.0052159620492125,5.817335192962104,5.9286723136901855,612200,0.0,0.0
2012-09-04 00:00:00-04:00,5.942588025161428,6.053924463276886,5.873002419530509,6.019131660461426,125000,0.0,0.0
2012-09-05 00:00:00-04:00,6.053925835727721,6.053925835727721,5.942589372371812,5.977382183074951,98400,0.0,0.0
2012-09-06 00:00:00-04:00,6.026090680756294,6.074800209170669,5.970422458677706,6.040008068084717,214500,0.0,0.0
2012-09-07 00:00:00-04:00,6.05392404455917,6.05392404455917,6.012173214962314,6.033048629760742,76200,0.0,0.0
2012-09-10 00:00:00-04:00,6.0469657699902895,6.053924463276886,6.012173630792347,6.019131660461426,53700,0.0,0.0
2012-09-11 00:00:00-04:00,6.0191330581135,6.067843258812736,5.998257637023926,5.998257637023926,88800,0.0,0.0
2012-09-12 00:00:00-04:00,6.012174209171115,6.012174209171115,5.921713178595461,5.949547290802002,180300,0.0,0.0
2012-09-13 00:00:00-04:00,5.977382149985229,6.012174960495761,5.942589339474698,5.956506729125977,125500,0.0,0.0
2012-09-14 00:00:00-04:00,5.998257464227584,6.151345429582241,5.998257464227584,6.12351131439209,172500,0.0,0.0
2012-09-17 00:00:00-04:00,6.116551739943288,6.200054073503557,6.053924823868698,6.165261268615723,95400,0.0,0.0
2012-09-18 00:00:00-04:00,6.137425755125409,6.151343139347666,6.026089335816974,6.081757545471191,83700,0.0,0.0
2012-09-19 00:00:00-04:00,6.116552951868824,6.116552951868824,6.026091906683647,6.074801445007324,97800,0.0,0.0
2012-09-20 00:00:00-04:00,6.026092017232925,6.109594368870095,5.998257900020534,6.102636337280273,53400,0.0,0.0
2012-09-21 00:00:00-04:00,6.193095036170644,6.234846532442921,6.165260926528299,6.220929145812988,146800,0.0,0.0
2012-09-24 00:00:00-04:00,6.158302454789192,6.25572149973592,6.116550961513828,6.137426376342773,180700,0.0,0.0
2012-09-25 00:00:00-04:00,6.123511113633475,6.207013456466313,5.921713619216375,5.9286723136901855,105500,0.0,0.0
2012-09-26 00:00:00-04:00,5.956506020373285,6.033049663494549,5.93562993838037,5.970422744750977,78300,0.0,0.0
2012-09-27 00:00:00-04:00,5.6016190961905785,5.817333243654867,5.5041993970541006,5.73383092880249,721800,0.0,0.0
2012-09-28 00:00:00-04:00,5.879960941953555,5.970421961198071,5.824292724513468,5.942587852478027,4290500,0.0,0.0
2012-10-01 00:00:00-04:00,5.9565062555118065,6.019132513110023,5.740791378392578,5.754708766937256,536200,0.0,0.0
2012-10-02 00:00:00-04:00,5.768625317412095,5.817334848610193,5.754708592905891,5.782542705535889,225100,0.0,0.0
2012-10-03 00:00:00-04:00,5.782542169395671,5.796458892611557,5.705997869046946,5.768624782562256,216100,0.0,0.0
2012-10-04 00:00:00-04:00,5.768626542004652,5.803419356082537,5.678165490849243,5.69208288192749,242600,0.0,0.0
2012-10-05 00:00:00-04:00,5.705997943878174,5.768624858214803,5.671205139955876,5.705997943878174,196300,0.0,0.0
2012-10-08 00:00:00-04:00,5.68512252697181,5.712956637386141,5.671205139955876,5.705997943878174,165600,0.0,0.0
2012-10-09 00:00:00-04:00,5.69208288192749,5.726875032387643,5.67120679531012,5.69208288192749,354500,0.0,0.0
2012-10-10 00:00:00-04:00,5.685122013092041,5.7268728431308995,5.664246598072612,5.685122013092041,140500,0.0,0.0
2012-10-11 00:00:00-04:00,5.705999074885291,5.705999074885291,5.671206264066581,5.678164958953857,85300,0.0,0.0
2012-10-12 00:00:00-04:00,5.678163259760449,5.705997367362512,5.664246537768154,5.671204566955566,240800,0.0,0.0
2012-10-15 00:00:00-04:00,5.671204627334103,5.705997428111471,5.657287905193643,5.685122013092041,198100,0.0,0.0
2012-10-16 00:00:00-04:00,5.705997943878174,5.719915330894109,5.6433710295415445,5.705997943878174,239200,0.0,0.0
2012-10-17 00:00:00-04:00,5.705999252121908,5.747750759124756,5.671206440222483,5.747750759124756,704600,0.0,0.0
2012-10-18 00:00:00-04:00,5.75470700522864,5.789499138704074,5.705996823851698,5.73383092880249,246500,0.0,0.0
2012-10-19 00:00:00-04:00,5.699038735232501,5.754707614646776,5.643370519435705,5.685122013092041,401700,0.0,0.0
2012-10-22 00:00:00-04:00,5.671204763896116,5.740790367126465,5.664246734467077,5.740790367126465,112700,0.0,0.0
2012-10-23 00:00:00-04:00,5.712957769772567,5.726874495929449,5.650330843022423,5.678164958953857,187300,0.0,0.0
2012-10-24 00:00:00-04:00,5.678163833463843,5.705997943878174,5.6572884165574795,5.705997943878174,102300,0.0,0.0
2012-10-25 00:00:00-04:00,5.74078962094454,5.74078962094454,5.657287306092163,5.73383092880249,210700,0.0,0.0
2012-10-26 00:00:00-04:00,5.754710113247116,5.761668145529669,5.671207089678806,5.719917297363281,163300,0.0,0.0
2012-10-31 00:00:00-04:00,5.705999252121908,5.845169836101917,5.705999252121908,5.747750759124756,1125000,0.0,0.0
2012-11-01 00:00:00-04:00,5.775583475978964,5.859085806126867,5.733831979096247,5.768624782562256,206800,0.0,0.0
2012-11-02 00:00:00-04:00,5.796460683512599,5.81733610659496,5.726875055081088,5.810378074645996,185600,0.0,0.0
2012-11-05 00:00:00-05:00,5.83821138882271,5.83821138882271,5.7616670753718715,5.789501190185547,135900,0.0,0.0
2012-11-06 00:00:00-05:00,5.796460683512599,5.852128920810715,5.692082904483066,5.810378074645996,156000,0.0,0.0
2012-11-07 00:00:00-05:00,5.740790747800473,5.761666164706837,5.6572884165574795,5.705997943878174,178900,0.0,0.0
2012-11-08 00:00:00-05:00,5.699038674557628,5.803417075778465,5.671204566955566,5.671204566955566,262300,0.0,0.0
2012-11-09 00:00:00-05:00,5.708605934063669,5.82150779576436,5.6803804686384956,5.78622579574585,158600,0.113,0.0
2012-11-12 00:00:00-05:00,5.807393730593928,5.849732257944604,5.786224803392622,5.814450263977051,92600,0.0,0.0
2012-11-13 00:00:00-05:00,5.842676300285333,5.913240295173652,5.7509433761097695,5.877958297729492,248400,0.0,0.0
2012-11-14 00:00:00-05:00,5.906182584278127,5.906182584278127,5.743886370500173,5.750942230224609,191700,0.0,0.0
2012-11-15 00:00:00-05:00,5.779169754150814,5.807395221983791,5.715662956237793,5.715662956237793,192100,0.0,0.0
2012-11-16 00:00:00-05:00,5.694492219131086,5.786225139597582,5.659210896061596,5.779168605804443,145600,0.0,0.0
2012-11-19 00:00:00-05:00,5.814449208690275,5.976746082305908,5.814449208690275,5.976746082305908,180300,0.0,0.0
2012-11-20 00:00:00-05:00,5.983802571891177,5.997915637582889,5.885013803841245,5.934408187866211,142800,0.0,0.0
2012-11-21 00:00:00-05:00,5.969689037650671,6.23077464649162,5.969689037650671,6.181380271911621,961100,0.0,0.0
2012-11-23 00:00:00-05:00,6.216665312954522,6.273116246785928,6.167270241140882,6.188439846038818,179100,0.0,0.0
2012-11-26 00:00:00-05:00,6.188438494160662,6.202550888061523,6.13198689971302,6.202550888061523,166100,0.0,0.0
2012-11-27 00:00:00-05:00,6.209608197243645,6.287228055765486,6.174326198661663,6.195495128631592,196500,0.0,0.0
2012-11-28 00:00:00-05:00,6.181382219285112,6.181382219285112,6.089649299774368,6.153156757354736,121400,0.0,0.0
2012-11-29 00:00:00-05:00,6.209609247594691,6.244891252144599,6.139045238494873,6.139045238494873,376200,0.0,0.0
2012-11-30 00:00:00-05:00,6.167269664355636,6.202551662937618,6.117875270109751,6.195495128631592,434200,0.0,0.0
2012-12-03 00:00:00-05:00,6.230776668602265,6.259002130800708,6.181382277992014,6.244889736175537,316700,0.0,0.0
2012-12-04 00:00:00-05:00,6.230777102200172,6.322510028965804,6.216664706592923,6.273115634918213,265600,0.0,0.0
2012-12-05 00:00:00-05:00,6.28017152145946,6.301341124377539,6.195495128631592,6.195495128631592,176600,0.0,0.0
2012-12-06 00:00:00-05:00,6.174325466156006,6.202550927083368,6.139043471759786,6.174325466156006,157400,0.0,0.0
2012-12-07 00:00:00-05:00,6.188438311663262,6.195494171931581,6.089648865478276,6.1249308586120605,93400,0.0,0.0
2012-12-10 00:00:00-05:00,6.139043290372615,6.15315635689334,6.068479976613144,6.096705436706543,97800,0.0,0.0
2012-12-11 00:00:00-05:00,6.096705373793591,6.103761234033092,6.047310314428822,6.075535774230957,159200,0.0,0.0
2012-12-12 00:00:00-05:00,6.07553603203687,6.103761493036709,6.012029249498287,6.02614164352417,200300,0.0,0.0
2012-12-13 00:00:00-05:00,6.040254710498126,6.047310571037031,5.962634188037515,6.02614164352417,125500,0.0,0.0
2012-12-14 00:00:00-05:00,6.00497161923637,6.019084010684702,5.934407643150858,5.990858554840088,200900,0.0,0.0
2012-12-17 00:00:00-05:00,6.019086371596388,6.188439846038819,6.012030509578623,6.188439846038818,118800,0.0,0.0
2012-12-18 00:00:00-05:00,6.195493655729875,6.336620943558393,6.167268198164171,6.301339626312256,212300,0.0,0.0
2012-12-19 00:00:00-05:00,6.294283280550706,6.41424164700331,6.259001289309115,6.378959655761719,141200,0.0,0.0
2012-12-20 00:00:00-05:00,6.364846554282266,6.576537132263184,6.364846554282266,6.576537132263184,171600,0.0,0.0
2012-12-21 00:00:00-05:00,6.576538484298127,6.583595017800988,6.463636640044642,6.5624260902404785,373200,0.0,0.0
2012-12-24 00:00:00-05:00,6.534199285846174,6.611819119575982,6.527142753794028,6.576537132263184,49200,0.0,0.0
2012-12-26 00:00:00-05:00,6.590651669698807,6.597708203328432,6.52714421292835,6.548313140869141,80600,0.0,0.0
2012-12-27 00:00:00-05:00,6.534202230642713,6.569484233856201,6.456581688983393,6.569484233856201,99300,0.0,0.0
2012-12-28 00:00:00-05:00,6.555369043504903,6.6612143459686886,6.555369043504903,6.590651035308838,147700,0.0,0.0
2012-12-31 00:00:00-05:00,6.576539227823225,6.724723083396193,6.505975903661142,6.703554153442383,199900,0.0,0.0
2013-01-02 00:00:00-05:00,6.774118023769903,6.894076412843297,6.731779491706531,6.7882304191589355,342300,0.0,0.0
2013-01-03 00:00:00-05:00,6.809399050196379,6.858794114262884,6.774117726796442,6.795286655426025,165900,0.0,0.0
2013-01-04 00:00:00-05:00,6.844680049202275,6.87996204040936,6.79528566528116,6.823511123657227,229200,0.0,0.0
2013-01-07 00:00:00-05:00,6.774118150552615,6.823512544760888,6.703554153442383,6.703554153442383,198700,0.0,0.0
2013-01-08 00:00:00-05:00,6.583597124686433,6.632991529117531,6.336623756634362,6.449526309967041,758400,0.0,0.0
2013-01-09 00:00:00-05:00,6.505975935706454,6.548313795822609,6.364848613739014,6.364848613739014,8206500,0.0,0.0
2013-01-10 00:00:00-05:00,6.407186389065993,6.4636373171059285,6.386017459288054,6.421299457550049,1791600,0.0,0.0
2013-01-11 00:00:00-05:00,6.442468941770705,6.456581338521138,6.37896147402325,6.435412406921387,788800,0.0,0.0
2013-01-14 00:00:00-05:00,6.449526309967042,6.49892071439814,6.442469774205945,6.449526309967041,634300,0.0,0.0
2013-01-15 00:00:00-05:00,6.442467175870138,6.477749167497619,6.421298250072857,6.4706926345825195,556400,0.0,0.0
2013-01-16 00:00:00-05:00,6.449524956377671,6.477750420549969,6.421299492205372,6.463637351989746,377000,0.0,0.0
2013-01-17 00:00:00-05:00,6.46363591385029,6.618876268731497,6.449523521378179,6.541256427764893,367300,0.0,0.0
2013-01-18 00:00:00-05:00,6.548313023234756,6.583595017800988,6.484805567605153,6.5624260902404785,365600,0.0,0.0
2013-01-22 00:00:00-05:00,6.548314055007271,6.703554451790004,6.527145124111319,6.696497917175293,394900,0.0,0.0
2013-01-23 00:00:00-05:00,6.710610250958365,6.724722645692965,6.640046258441049,6.675328254699707,349000,0.0,0.0
2013-01-24 00:00:00-05:00,6.668269634246826,6.717664682731665,6.611818727076636,6.668269634246826,292100,0.0,0.0
2013-01-25 00:00:00-05:00,6.7106114343623835,6.7106114343623835,6.6329908943154745,6.654160499572754,506300,0.0,0.0
2013-01-28 00:00:00-05:00,6.682384967803955,6.717666965009095,6.63298990253751,6.682384967803955,745600,0.0,0.0
2013-01-29 00:00:00-05:00,6.689440649434307,6.75294810811027,6.654159326123755,6.675328254699707,743300,0.0,0.0
2013-01-30 00:00:00-05:00,6.689441650696853,6.703554720491976,6.520088850844626,6.5271453857421875,621300,0.0,0.0
2013-01-31 00:00:00-05:00,6.53420112611959,6.597708586579095,6.456580597581026,6.484806060791016,2511600,0.0,0.0
2013-02-01 00:00:00-05:00,6.527143043857072,6.696495782946933,6.484804522610624,6.647101402282715,1328900,0.0,0.0
2013-02-04 00:00:00-05:00,6.625932478133474,6.703552315312669,6.590650489252761,6.647101402282715,410200,0.0,0.0
2013-02-05 00:00:00-05:00,6.647102575039865,6.668271502923969,6.5835951184394705,6.625933647155762,303000,0.0,0.0
2013-02-06 00:00:00-05:00,6.611821174621582,6.696497566722131,6.56948331504538,6.611821174621582,438800,0.0,0.0
2013-02-07 00:00:00-05:00,6.640045193913663,6.640045193913663,6.498917904452564,6.541256427764893,511000,0.0,0.0
2013-02-08 00:00:00-05:00,6.569483745134914,6.654160142779039,6.562427210427523,6.640047073364258,231800,0.0,0.0
2013-02-11 00:00:00-05:00,6.663613796234131,6.713608537496418,6.585050534089499,6.663613796234131,441900,0.113,0.0
2013-02-12 00:00:00-05:00,6.663616397213813,6.720753461280558,6.656474093923587,6.706469535827637,259300,0.0,0.0
2013-02-13 00:00:00-05:00,6.72075132770188,6.72075132770188,6.642188059832788,6.67789888381958,195800,0.0,0.0
2013-02-14 00:00:00-05:00,6.7493209475359786,6.870737360146749,6.7493209475359786,6.820742607116699,462600,0.0,0.0
2013-02-15 00:00:00-05:00,6.83502658586861,6.83502658586861,6.570767533077582,6.7136101722717285,373400,0.0,0.0
2013-02-19 00:00:00-05:00,6.7064685759409475,6.73503710388535,6.656473141192668,6.692183971405029,258000,0.0,0.0
2013-02-20 00:00:00-05:00,6.685040292130935,6.699324893724465,6.613619327545167,6.613619327545166,431000,0.0,0.0
2013-02-21 00:00:00-05:00,6.592191724959503,6.606476325035781,6.485059948896297,6.585050106048584,409800,0.0,0.0
2013-02-22 00:00:00-05:00,6.627903491269476,6.670756616495572,6.520771699895212,6.620761871337891,285100,0.0,0.0
2013-02-25 00:00:00-05:00,6.620762378753212,6.777888927327337,6.549340724945068,6.549340724945068,723500,0.0,0.0
2013-02-26 00:00:00-05:00,6.613619570278988,6.670756616495572,6.56362414399399,6.620761871337891,561100,0.0,0.0
2013-02-27 00:00:00-05:00,6.713608238187404,6.856451517358091,6.685039718578714,6.770745277404785,760100,0.0,0.0
2013-02-28 00:00:00-05:00,6.7850317593402965,6.920732094831036,6.7421786274799755,6.8564534187316895,1098300,0.0,0.0
2013-03-01 00:00:00-05:00,6.813600874474469,6.999296660004508,6.785032344479655,6.985012054443359,496500,0.0,0.0
2013-03-04 00:00:00-05:00,6.999296378681005,7.134996720420286,6.999296378681005,7.049291133880615,450700,0.0,0.0
2013-03-05 00:00:00-05:00,7.099285961081853,7.120712868779676,6.885022333123321,6.970727920532227,589000,0.0,0.0
2013-03-06 00:00:00-05:00,7.020722389221191,7.070717142883993,6.956443031010483,7.020722389221191,262900,0.0,0.0
2013-03-07 00:00:00-05:00,6.99929497076782,7.049289715910952,6.93501562351104,7.01357889175415,210700,0.0,0.0
2013-03-08 00:00:00-05:00,7.063575478370106,7.134996457288838,6.985011516093843,7.077859401702881,270200,0.0,0.0
2013-03-11 00:00:00-04:00,7.013578701589165,7.04928952477771,6.8635937890991165,6.927873134613037,786000,0.0,0.0
2013-03-12 00:00:00-04:00,7.035007062965136,7.035007062965136,6.827885062875298,6.942159175872803,841700,0.0,0.0
2013-03-13 00:00:00-04:00,6.920732483698102,7.020722676238889,6.842169198855138,6.970727920532227,483000,0.0,0.0
2013-03-14 00:00:00-04:00,6.956442072486415,7.063574548451685,6.920731247164659,7.056432247161865,765900,0.0,0.0
2013-03-15 00:00:00-04:00,7.142140202328797,7.399257004406709,7.127855594982907,7.363546848297119,1498100,0.0,0.0
2013-03-18 00:00:00-04:00,7.313548609708992,7.349259433303494,7.184990598347014,7.220700740814209,365700,0.0,0.0
2013-03-19 00:00:00-04:00,7.256412529793114,7.26355483168768,7.127853820200533,7.234986305236816,352100,0.0,0.0
2013-03-20 00:00:00-04:00,7.242128910063767,7.249270531129662,7.092143969641139,7.149281024932861,262400,0.0,0.0
2013-03-21 00:00:00-04:00,7.13499566609648,7.206417318222767,7.035006170472503,7.199275016784668,376200,0.0,0.0
2013-03-22 00:00:00-04:00,7.199275031304847,7.24926977921767,7.099284854351845,7.163564205169678,343800,0.0,0.0
2013-03-25 00:00:00-04:00,7.163565853639886,7.213561294184949,7.113571094222336,7.206418991088867,234500,0.0,0.0
2013-03-26 00:00:00-04:00,7.234986305236817,7.242128607131382,7.177849252335092,7.234986305236816,192000,0.0,0.0
2013-03-27 00:00:00-04:00,7.199274443296774,7.377827878261728,7.170705920947474,7.370685577392578,338200,0.0,0.0
2013-03-28 00:00:00-04:00,7.3992545371246035,7.477818489074706,7.292122742263805,7.477818489074707,489200,0.0,0.0
2013-04-01 00:00:00-04:00,7.442108292287421,7.456392214949154,7.177849252335092,7.234986305236816,309300,0.0,0.0
2013-04-02 00:00:00-04:00,7.292122311213826,7.513528870266382,7.284980010344676,7.370685577392578,481500,0.0,0.0
2013-04-03 00:00:00-04:00,7.342117700835789,7.370686225697899,7.092143278574169,7.120711803436279,550200,0.0,0.0
2013-04-04 00:00:00-04:00,7.106425493498199,7.256410383280167,7.077856975498166,7.24212646484375,335500,0.0,0.0
2013-04-05 00:00:00-04:00,7.127853543971561,7.342117824613249,7.127853543971561,7.284980773925781,188300,0.0,0.0
2013-04-08 00:00:00-04:00,7.2778384877150035,7.292123090980796,7.1635643860981535,7.249269962310791,320500,0.0,0.0
2013-04-09 00:00:00-04:00,7.27783917117271,7.363545436561346,7.234986719605828,7.327834606170654,365200,0.0,0.0
2013-04-10 00:00:00-04:00,7.363543694076706,7.470675478770035,7.34211679223622,7.434964656829834,351200,0.0,0.0
2013-04-11 00:00:00-04:00,7.413541582615751,7.449252419712557,7.37068844187407,7.384973049163818,272600,0.0,0.0
2013-04-12 00:00:00-04:00,7.370687650725917,7.456393241882324,7.356403726096929,7.456393241882324,229800,0.0,0.0
2013-04-15 00:00:00-04:00,7.399253245242199,7.420680145375173,7.106425754697103,7.142136573791504,393500,0.0,0.0
2013-04-16 00:00:00-04:00,7.163565334023672,7.28498175333996,7.156423712573127,7.263555526733398,276300,0.0,0.0
2013-04-17 00:00:00-04:00,7.234986645127978,7.2778390962537305,7.020722346116924,7.077859401702881,292000,0.0,0.0
2013-04-18 00:00:00-04:00,7.070716226836295,7.0850008295335565,6.942158208197668,6.977869033813477,385600,0.0,0.0
2013-04-19 00:00:00-04:00,6.977868998053624,7.077858491912652,6.906447347188025,7.035006046295166,286900,0.0,0.0
2013-04-22 00:00:00-04:00,7.077856824032345,7.077856824032345,6.927871937460047,7.006435871124268,472700,0.0,0.0
2013-04-23 00:00:00-04:00,7.07071704512683,7.206418061946045,7.035006896505649,7.184991836547852,419200,0.0,0.0
2013-04-24 00:00:00-04:00,7.156421173880154,7.1921313118473345,7.08499953569135,7.142136573791504,165500,0.0,0.0
2013-04-25 00:00:00-04:00,7.163565826588585,7.334977694609703,7.1207133704289385,7.227845191955566,277700,0.0,0.0
2013-04-26 00:00:00-04:00,7.242129895028004,7.242129895028004,7.0064393396127524,7.0992865562438965,262500,0.0,0.0
2013-04-29 00:00:00-04:00,7.1278532388421665,7.163564064274966,7.02072144367111,7.035006046295166,203500,0.0,0.0
2013-04-30 00:00:00-04:00,7.070716584215519,7.142138239057041,7.035006437922138,7.134995937347412,264700,0.0,0.0
2013-05-01 00:00:00-04:00,7.142137841466223,7.177848666899022,7.027863744983138,7.035006046295166,368400,0.0,0.0
2013-05-02 00:00:00-04:00,7.070716817087785,7.142138474281562,6.999295841021411,7.127853870391846,248900,0.0,0.0
2013-05-03 00:00:00-04:00,7.177851011355422,7.3992569753260025,7.170708707710547,7.384973049163818,374000,0.0,0.0
2013-05-06 00:00:00-04:00,7.363544256009156,7.370685876040373,7.26355408317152,7.299264907836914,192700,0.0,0.0
2013-05-07 00:00:00-04:00,7.284981473476336,7.356403134257721,7.184991965735321,7.327834606170654,304000,0.0,0.0
2013-05-08 00:00:00-04:00,7.334975896048808,7.4563916128146035,7.3135489920954235,7.406396865844727,427000,0.0,0.0
2013-05-09 00:00:00-04:00,7.392112477416544,7.542097389979778,7.392112477416544,7.420680999755859,347600,0.0,0.0
2013-05-10 00:00:00-04:00,7.442110145316812,7.477820982553969,7.342119937278285,7.363546848297119,306500,0.0,0.0
2013-05-13 00:00:00-04:00,7.3564043006282045,7.3992567589894165,7.213561637544923,7.3421196937561035,526300,0.0,0.0
2013-05-14 00:00:00-04:00,7.38761346784764,7.52482271194458,7.38761346784764,7.52482271194458,333800,0.113,0.0
2013-05-15 00:00:00-04:00,7.510377931810808,7.553707339879799,7.445384852753688,7.532042980194092,235900,0.0,0.0
2013-05-16 00:00:00-04:00,7.539265104722135,7.546486788599377,7.438164285231479,7.488714694976807,136100,0.0,0.0
2013-05-17 00:00:00-04:00,7.5103816775351255,7.553711107214216,7.416502509176617,7.467052936553955,198700,0.0,0.0
2013-05-20 00:00:00-04:00,7.430941412981245,7.560928947192966,7.380391011320052,7.474270820617676,217300,0.0,0.0
2013-05-21 00:00:00-04:00,7.4959351800871055,7.510377856834203,7.423719730258912,7.474270820617676,102700,0.0,0.0
2013-05-22 00:00:00-04:00,7.459829677428565,7.575373880615808,7.2937350575213475,7.337063789367676,197200,0.0,0.0
2013-05-23 00:00:00-04:00,7.2576277528770685,7.358728592321336,7.199855647852396,7.286513805389404,197800,0.0,0.0
2013-05-24 00:00:00-04:00,7.279291938559949,7.387614460605469,7.250405886767957,7.358728408813477,145600,0.0,0.0
2013-05-28 00:00:00-04:00,7.430944324424256,7.510380799400413,7.250406317816574,7.308178424835205,132500,0.0,0.0
2013-05-29 00:00:00-04:00,7.2937351522966605,7.387614302082836,7.192633628845215,7.192633628845215,293300,0.0,0.0
2013-05-30 00:00:00-04:00,7.185410771321174,7.264847915604938,7.134860362193449,7.214296817779541,140900,0.0,0.0
2013-05-31 00:00:00-04:00,7.170969191183172,7.199855242067486,7.04098161785487,7.1276397705078125,342400,0.0,0.0
2013-06-03 00:00:00-04:00,7.113196358378191,7.228740550040757,6.990430482562289,7.1059746742248535,470900,0.0,0.0
2013-06-04 00:00:00-04:00,7.142082141403345,7.149303136591158,6.853220984262707,6.8748860359191895,245200,0.0,0.0
2013-06-05 00:00:00-04:00,6.874886664007153,6.896551028945206,6.766563461921402,6.817113876342773,255700,0.0,0.0
2013-06-06 00:00:00-04:00,6.795448404031965,6.882106538360282,6.679904224927542,6.867663860321045,258500,0.0,0.0
2013-06-07 00:00:00-04:00,6.918213694700956,6.918213694700956,6.723233080752179,6.802669525146484,275400,0.0,0.0
2013-06-10 00:00:00-04:00,6.802671712691507,6.8532221309527666,6.7232352427527005,6.838779449462891,247400,0.0,0.0
2013-06-11 00:00:00-04:00,6.788227780316857,6.817113829602122,6.694348636663052,6.766563415527344,186200,0.0,0.0
2013-06-12 00:00:00-04:00,6.78100488941719,6.831555289364542,6.7160111245148535,6.773783206939697,203100,0.0,0.0
2013-06-13 00:00:00-04:00,6.846000100952794,6.99765203679404,6.781007004476056,6.961544990539551,305100,0.0,0.0
2013-06-14 00:00:00-04:00,6.925436897044021,6.997651674512063,6.802671017780851,6.860443115234375,431900,0.0,0.0
2013-06-17 00:00:00-04:00,6.92543746422236,7.012095617499761,6.817114256102271,6.932659149169922,328100,0.0,0.0
2013-06-18 00:00:00-04:00,6.925437227612842,7.0482031127359415,6.867665127401708,6.947101593017578,329700,0.0,0.0
2013-06-19 00:00:00-04:00,6.968767065767238,7.012096492159562,6.838780163986001,6.853222846984863,213100,0.0,0.0
2013-06-20 00:00:00-04:00,6.795448784721298,6.795448784721298,6.557138729793598,6.5932464599609375,444200,0.0,0.0
2013-06-21 00:00:00-04:00,6.629355102293037,6.795449719739813,6.557139632021885,6.7882280349731445,554500,0.0,0.0
2013-06-24 00:00:00-04:00,6.679905624037977,6.766563776516898,6.586025786678034,6.65101957321167,455500,0.0,0.0
2013-06-25 00:00:00-04:00,6.716011397980631,6.845998244380624,6.6726819900489165,6.802669525146484,540900,0.0,0.0
2013-06-26 00:00:00-04:00,6.853221862727703,6.925437333444062,6.752121030162123,6.8098931312561035,238900,0.0,0.0
2013-06-27 00:00:00-04:00,6.846000307194738,6.947101830367265,6.846000307194738,6.932659149169922,286600,0.0,0.0
2013-06-28 00:00:00-04:00,6.896548633895992,6.9254346733477,6.8026688335035645,6.824333190917969,1070500,0.0,0.0
2013-07-01 00:00:00-04:00,6.8171134781276645,6.910993305638985,6.737677018863179,6.882107257843018,220700,0.0,0.0
2013-07-02 00:00:00-04:00,6.860443442700877,6.961544962419241,6.809893027190574,6.947101593017578,223800,0.0,0.0
2013-07-03 00:00:00-04:00,6.925437604495533,6.9326592895893695,6.831557764369054,6.838779449462891,180500,0.0,0.0
2013-07-05 00:00:00-04:00,6.961544930912805,6.968765926883196,6.687127111802994,6.903772830963135,197900,0.0,0.0
2013-07-08 00:00:00-04:00,6.90377281685554,6.932658866771347,6.824335663063753,6.896551132202148,158400,0.0,0.0
2013-07-09 00:00:00-04:00,6.92543710847444,7.069867356517639,6.860443324680563,7.048202991485596,235500,0.0,0.0
2013-07-10 00:00:00-04:00,7.062644551185796,7.13486000809656,7.00487246113624,7.120416641235352,209900,0.0,0.0
2013-07-11 00:00:00-04:00,7.1637471911105335,7.279291389564292,7.14208282607489,7.264848709106445,325600,0.0,0.0
2013-07-12 00:00:00-04:00,7.235962155295825,7.315398614023266,7.098752912669327,7.2504048347473145,194200,0.0,0.0
2013-07-15 00:00:00-04:00,7.214297813379928,7.308177649499812,7.1998551325064355,7.235962867736816,237600,0.0,0.0
2013-07-16 00:00:00-04:00,7.2215187871466355,7.315398614023266,7.214297103072041,7.2504048347473145,348800,0.0,0.0
2013-07-17 00:00:00-04:00,7.243181444451829,7.293732532368358,7.199852727606276,7.221517086029053,206800,0.0,0.0
2013-07-18 00:00:00-04:00,7.257625346562946,7.344283475367874,7.178188211968572,7.272068023681641,344900,0.0,0.0
2013-07-19 00:00:00-04:00,7.26484983015354,7.452608837265326,7.26484983015354,7.445387840270996,298000,0.0,0.0
2013-07-22 00:00:00-04:00,7.4598305229575095,7.4598305229575095,7.33706462098181,7.445387840270996,185600,0.0,0.0
2013-07-23 00:00:00-04:00,7.474272156768675,7.4959365201109724,7.394835010017432,7.402056694030762,144800,0.0,0.0
2013-07-24 00:00:00-04:00,7.423721955795655,7.4381653255702584,7.308177752389929,7.344285488128662,185000,0.0,0.0
2013-07-25 00:00:00-04:00,7.3370624952023284,7.503157774510208,7.308176449500651,7.452606678009033,272000,0.0,0.0
2013-07-26 00:00:00-04:00,7.373171569047382,7.423721986069084,7.3081777821921765,7.3876142501831055,230200,0.0,0.0
2013-07-29 00:00:00-04:00,7.380392907560205,7.394835588018051,7.221519290337413,7.264848709106445,174200,0.0,0.0
2013-07-30 00:00:00-04:00,7.322619801183694,7.329840796070571,7.192632251452767,7.24318265914917,115900,0.0,0.0
2013-07-31 00:00:00-04:00,7.257628003368363,7.358728846302046,7.134862103779312,7.308178424835205,243600,0.0,0.0
2013-08-01 00:00:00-04:00,7.387613337691657,7.416500073790677,7.170968326530558,7.199854373931885,131300,0.0,0.0
2013-08-02 00:00:00-04:00,7.228741562971786,7.2792919817331345,7.113197355118531,7.1565260887146,133200,0.0,0.0
2013-08-05 00:00:00-04:00,7.163746398565854,7.163746398565854,6.93987902230544,7.004872798919678,346300,0.0,0.0
2013-08-06 00:00:00-04:00,7.012095120709657,7.113196636719383,6.9109936046999305,6.925436973571777,240100,0.0,0.0
2013-08-07 00:00:00-04:00,7.004873904579294,7.062646006533524,6.903773070508282,6.918215751647949,485100,0.0,0.0
2013-08-08 00:00:00-04:00,6.97598735830821,7.069867189492826,6.824335429271174,6.910993576049805,437800,0.0,0.0
2013-08-09 00:00:00-04:00,6.88933072462524,7.0193183176910745,6.846001297370668,6.990432262420654,221000,0.0,0.0
2013-08-12 00:00:00-04:00,7.004872798919678,7.0482022128950605,6.97598675250198,7.004872798919678,150700,0.0,0.0
2013-08-13 00:00:00-04:00,6.997651605947099,7.033759338676189,6.975987241788732,7.012094974517822,175000,0.0,0.0
2013-08-14 00:00:00-04:00,7.050819943413691,7.094659546726654,6.99236760353431,6.999674320220947,149600,0.113,0.0
2013-08-15 00:00:00-04:00,6.977753218138191,6.977753218138191,6.795089524976493,6.853541851043701,538600,0.0,0.0
2013-08-16 00:00:00-04:00,6.817010861044889,6.91930280839596,6.787784689916996,6.890076637268066,760800,0.0,0.0
2013-08-19 00:00:00-04:00,6.860848764434308,6.933913825728171,6.795089721505133,6.83162260055542,619000,0.0,0.0
2013-08-20 00:00:00-04:00,6.831625303117362,6.999675637699287,6.831625303117362,6.9339165687561035,219500,0.0,0.0
2013-08-21 00:00:00-04:00,6.890075483607979,6.955834531836901,6.846235885853109,6.911994934082031,204500,0.0,0.0
2013-08-22 00:00:00-04:00,6.911995399758853,7.006980620621469,6.897381967253767,6.985061168670654,67600,0.0,0.0
2013-08-23 00:00:00-04:00,6.985061514699803,7.058126590424321,6.955835345048626,7.0508198738098145,145800,0.0,0.0
2013-08-26 00:00:00-04:00,7.09465997048062,7.09465997048062,6.890076768683325,6.919302940368652,217100,0.0,0.0
2013-08-27 00:00:00-04:00,6.838929170092836,7.01428686430555,6.838929170092836,6.911994934082031,293500,0.0,0.0
2013-08-28 00:00:00-04:00,6.926609850694198,6.985062898382461,6.89007765399864,6.9339165687561035,246000,0.0,0.0
2013-08-29 00:00:00-04:00,6.926608546968294,7.014287753594219,6.926608546968294,6.999674320220947,135100,0.0,0.0
2013-08-30 00:00:00-04:00,6.970448970794678,7.080046946767924,6.93391607986795,6.970448970794678,276900,0.0,0.0
2013-09-03 00:00:00-04:00,7.043512966691805,7.043512966691805,6.890075421150791,6.963140487670898,209900,0.0,0.0
2013-09-04 00:00:00-04:00,6.992367876465917,7.080046389707325,6.941222251276817,7.021594047546387,148500,0.0,0.0
2013-09-05 00:00:00-04:00,7.0508198738098145,7.065433307038827,7.006980967736474,7.0508198738098145,130700,0.0,0.0
2013-09-06 00:00:00-04:00,7.094659877284732,7.109272614531993,6.985061909106162,7.043514251708984,151100,0.0,0.0
2013-09-09 00:00:00-04:00,7.0508198738098145,7.065433307038827,7.021593704158637,7.0508198738098145,245000,0.0,0.0
2013-09-10 00:00:00-04:00,7.101966442602166,7.182338237762451,7.058126838183091,7.182338237762451,279400,0.0,0.0
2013-09-11 00:00:00-04:00,7.189643324118121,7.28462853147901,7.167723875283059,7.204256057739258,262600,0.0,0.0
2013-09-12 00:00:00-04:00,7.226177914020143,7.233483934156893,7.1092725333426925,7.131192684173584,148900,0.0,0.0
2013-09-13 00:00:00-04:00,6.663572849723862,6.707412451932955,6.605120511316298,6.648960113525391,10870900,0.0,0.0
2013-09-16 00:00:00-04:00,6.663571636165893,6.751250127809387,6.656264920993924,6.722023963928223,2037100,0.0,0.0
2013-09-17 00:00:00-04:00,6.722025058188803,6.743944510466207,6.700105605911397,6.714718341827393,1117500,0.0,0.0
2013-09-18 00:00:00-04:00,6.722025310206509,6.8535434224153775,6.663572970737423,6.846236705780029,1498700,0.0,0.0
2013-09-19 00:00:00-04:00,6.8170091702126205,6.846235334091508,6.765863557626245,6.83162260055542,875100,0.0,0.0
2013-09-20 00:00:00-04:00,6.868154441539192,6.868154441539192,6.685490752170526,6.787782669067383,947400,0.0,0.0
2013-09-23 00:00:00-04:00,6.722023629405594,6.824315546302451,6.714716914597245,6.787782669067383,790900,0.0,0.0
2013-09-24 00:00:00-04:00,6.773172033327908,6.868156568018304,6.722025710640511,6.802398204803467,617100,0.0,0.0
2013-09-25 00:00:00-04:00,6.78778355338446,6.941221100316355,6.78778355338446,6.911994934082031,773100,0.0,0.0
2013-09-26 00:00:00-04:00,6.9339165687561035,6.977756180320555,6.911997111377372,6.9339165687561035,797400,0.0,0.0
2013-09-27 00:00:00-04:00,6.868155548376537,6.95583474659331,6.780477046966553,6.780477046966553,1041700,0.0,0.0
2013-09-30 00:00:00-04:00,6.729331774550212,6.7804773954664315,6.685492173188578,6.714718341827393,1746300,0.0,0.0
2013-10-01 00:00:00-04:00,6.736637730078237,6.838928960357943,6.722024299005853,6.76586389541626,512700,0.0,0.0
2013-10-02 00:00:00-04:00,6.751250127809387,6.758556842981355,6.714717248756253,6.722023963928223,917800,0.0,0.0
2013-10-03 00:00:00-04:00,6.692798827661734,6.7074122602494235,6.568587437893647,6.597813606262207,1111000,0.0,0.0
2013-10-04 00:00:00-04:00,6.583200997871431,6.663572788238525,6.583200997871431,6.663572788238525,437200,0.0,0.0
2013-10-07 00:00:00-04:00,6.597813123201236,6.700105053405271,6.597813123201236,6.670878887176514,385200,0.0,0.0
2013-10-08 00:00:00-04:00,6.6854933911859264,6.73663971822707,6.663573934915123,6.678187370300293,474300,0.0,0.0
2013-10-09 00:00:00-04:00,6.678185808048614,6.714717994351532,6.590507306669391,6.6124267578125,309100,0.0,0.0
2013-10-10 00:00:00-04:00,6.678184317435472,6.736636638641357,6.648958156832529,6.736636638641357,417300,0.0,0.0
2013-10-11 00:00:00-04:00,6.692799216464344,6.795091160100128,6.692799216464344,6.75855827331543,384100,0.0,0.0
2013-10-14 00:00:00-04:00,6.692797466978875,6.795089383875731,6.692797466978875,6.787782669067383,314000,0.0,0.0
2013-10-15 00:00:00-04:00,6.743945194278475,6.773172062687616,6.67088011367631,6.6927995681762695,495700,0.0,0.0
2013-10-16 00:00:00-04:00,6.722023964106593,6.7585568431606955,6.678185066687039,6.68549108505249,250900,0.0,0.0
2013-10-17 00:00:00-04:00,6.678185066509831,6.722023963928222,6.648958902628666,6.722023963928223,947500,0.0,0.0
2013-10-18 00:00:00-04:00,6.7585568431606955,6.765863558332859,6.670878351514876,6.68549108505249,710700,0.0,0.0
2013-10-21 00:00:00-04:00,6.648958902628666,6.729330679100191,6.648958902628666,6.722023963928223,733000,0.0,0.0
2013-10-22 00:00:00-04:00,6.722024979972744,6.838929653167725,6.692798811673999,6.838929653167725,594000,0.0,0.0
2013-10-23 00:00:00-04:00,6.82431588538402,6.882768213141795,6.758556842454845,6.83162260055542,580700,0.0,0.0
2013-10-24 00:00:00-04:00,6.831622879945566,6.831622879945566,6.7512504033866305,6.817009449005127,523400,0.0,0.0
2013-10-25 00:00:00-04:00,6.831623080131721,6.8754619806241655,6.765864032586297,6.795090198516846,476200,0.0,0.0
2013-10-28 00:00:00-04:00,6.780476568460768,6.817009449005126,6.722024238312492,6.817009449005127,265400,0.0,0.0
2013-10-29 00:00:00-04:00,6.817010613448203,6.817010613448203,6.736638819967354,6.75855827331543,272700,0.0,0.0
2013-10-30 00:00:00-04:00,6.758558628483046,6.780478082983006,6.656266679471739,6.6927995681762695,303100,0.0,0.0
2013-10-31 00:00:00-04:00,6.678186153633993,6.743944510466207,6.6489599849951775,6.714718341827393,513800,0.0,0.0
2013-11-01 00:00:00-04:00,6.678184317435472,6.773169513596694,6.648958156832529,6.736636638641357,649000,0.0,0.0
2013-11-04 00:00:00-05:00,6.736637531352654,6.846235473935497,6.707411366876781,6.824316024780273,386400,0.0,0.0
2013-11-05 00:00:00-05:00,6.809704181364848,6.82431761541229,6.722025667500863,6.743945121765137,198500,0.0,0.0
2013-11-06 00:00:00-05:00,6.707412122669883,6.729331574294997,6.539361135392535,6.568587303161621,605800,0.0,0.0
2013-11-07 00:00:00-05:00,6.575894989746107,6.575894989746107,6.385924522808673,6.437070846557617,1154500,0.0,0.0
2013-11-08 00:00:00-05:00,6.4297637939453125,6.4882161350606165,6.305552394873573,6.4297637939453125,746600,0.0,0.0
2013-11-11 00:00:00-05:00,6.407844348771324,6.437070519367938,6.349391310771223,6.39323091506958,723100,0.0,0.0
2013-11-12 00:00:00-05:00,6.3566974126340465,6.568587303161621,6.349390696490074,6.568587303161621,559900,0.0,0.0
2013-11-13 00:00:00-05:00,6.489413320419327,6.556008755969138,6.437615929644706,6.548609733581543,526900,0.113,0.0
2013-11-14 00:00:00-05:00,6.526409766532446,6.622604102801575,6.489412542001631,6.5412092208862305,555200,0.0,0.0
2013-11-15 00:00:00-05:00,6.533810503200846,6.600406646728516,6.504212295597096,6.600406646728516,332300,0.0,0.0
2013-11-18 00:00:00-05:00,6.630005249010129,6.740998357712269,6.5560093727573845,6.644804000854492,450600,0.0,0.0
2013-11-19 00:00:00-05:00,6.681801340325562,6.681801340325562,6.496812371944745,6.578207969665527,576700,0.0,0.0
2013-11-20 00:00:00-05:00,6.585604939133904,6.681799257386185,6.533808269950634,6.563406467437744,388600,0.0,0.0
2013-11-21 00:00:00-05:00,6.570806742926417,6.667001069226083,6.5486082693731875,6.622603416442871,332300,0.0,0.0
2013-11-22 00:00:00-05:00,6.644803719542732,6.644803719542732,6.519011864321701,6.533810615539551,386200,0.0,0.0
2013-11-25 00:00:00-05:00,6.541210057489723,6.556008808059405,6.408017773978013,6.422817230224609,424500,0.0,0.0
2013-11-26 00:00:00-05:00,6.637402869262859,6.659601342816089,6.556007290106431,6.622603416442871,1096100,0.0,0.0
2013-11-27 00:00:00-05:00,6.622603358261253,6.726197410060806,6.615203631916268,6.71879768371582,626200,0.0,0.0
2013-11-29 00:00:00-05:00,6.777994083122209,6.777994083122209,6.711397957370836,6.71879768371582,373300,0.0,0.0
2013-12-02 00:00:00-05:00,6.74099775375327,6.74099775375327,6.541210034853982,6.578207969665527,419800,0.0,0.0
2013-12-03 00:00:00-05:00,6.570808182360856,6.578207910391871,6.467214106957355,6.519011497497559,405700,0.0,0.0
2013-12-04 00:00:00-05:00,6.474614764895708,6.496813246500074,6.341422463915497,6.43761682510376,594400,0.0,0.0
2013-12-05 00:00:00-05:00,6.393218747179139,6.5116115693289025,6.385819019375559,6.4450154304504395,311600,0.0,0.0
2013-12-06 00:00:00-05:00,6.50421340344638,6.593008041381836,6.467215461220676,6.593008041381836,383000,0.0,0.0
2013-12-09 00:00:00-05:00,6.593005791692199,6.593005791692199,6.46721325445443,6.5560078620910645,335200,0.0,0.0
2013-12-10 00:00:00-05:00,6.526410350050096,6.607805944919736,6.474613666534424,6.474613666534424,356600,0.0,0.0
2013-12-11 00:00:00-05:00,6.511611850673444,6.541210057489723,6.363620816592053,6.422817230224609,477700,0.0,0.0
2013-12-12 00:00:00-05:00,6.430214784444146,6.437614510877847,6.39321756362915,6.39321756362915,369800,0.0,0.0
2013-12-13 00:00:00-05:00,6.393218964600662,6.474613856177491,6.363620758056641,6.363620758056641,589600,0.0,0.0
2013-12-16 00:00:00-05:00,6.363619931913373,6.474613015624786,6.348820477724216,6.430215358734131,276400,0.0,0.0
2013-12-17 00:00:00-05:00,6.452414025669238,6.452414025669238,6.385817898480317,6.400616645812988,262000,0.0,0.0
2013-12-18 00:00:00-05:00,6.422818072593185,6.43761682510376,6.319223982311131,6.43761682510376,458500,0.0,0.0
2013-12-19 00:00:00-05:00,6.430216339376567,6.5116119384765625,6.39321910961503,6.5116119384765625,540700,0.0,0.0
2013-12-20 00:00:00-05:00,6.474614473420947,6.644804000854492,6.452415992815914,6.644804000854492,1213200,0.0,0.0
2013-12-23 00:00:00-05:00,6.652203729615161,6.674402915897169,6.585607582123087,6.644804000854492,340400,0.0,0.0
2013-12-24 00:00:00-05:00,6.630003929138184,6.659602132611607,6.585606271089633,6.630003929138184,205700,0.0,0.0
2013-12-26 00:00:00-05:00,6.667001069226083,6.667001069226083,6.585605490069654,6.622603416442871,226800,0.0,0.0
2013-12-27 00:00:00-05:00,6.652201961591042,6.667001415178978,6.556007630299822,6.65960168838501,416400,0.0,0.0
2013-12-30 00:00:00-05:00,6.659602030135475,6.733597890518821,6.6226040999438025,6.696599960327148,377900,0.0,0.0
2013-12-31 00:00:00-05:00,6.7261978181771465,6.7261978181771465,6.65960168838501,6.65960168838501,295200,0.0,0.0
2014-01-02 00:00:00-05:00,6.659602033009214,6.681800508863066,6.504211290678592,6.5412092208862305,727400,0.0,0.0
2014-01-03 00:00:00-05:00,6.533808269950634,6.585604939133904,6.504210072463524,6.563406467437744,623300,0.0,0.0
2014-01-06 00:00:00-05:00,6.570809558317236,6.600407770962388,6.519012862607482,6.593008041381836,441700,0.0,0.0
2014-01-07 00:00:00-05:00,6.615203831616916,6.659601485350362,6.585605631020207,6.6374030113220215,490000,0.0,0.0
2014-01-08 00:00:00-05:00,6.615204334259033,6.630003788520276,6.548608907113903,6.615204334259033,492900,0.0,0.0
2014-01-09 00:00:00-05:00,6.622604846559895,6.674402236938477,6.593006640205092,6.674402236938477,551700,0.0,0.0
2014-01-10 00:00:00-05:00,6.689201667741534,6.689201667741534,6.578208559039393,6.644804000854492,242200,0.0,0.0
2014-01-13 00:00:00-05:00,6.607804116506755,6.630002588202915,6.496810346672573,6.563406467437744,636900,0.0,0.0
2014-01-14 00:00:00-05:00,6.570806742926417,6.733597195562523,6.5486082693731875,6.622603416442871,656400,0.0,0.0
2014-01-15 00:00:00-05:00,6.622603927118443,6.703999512551365,6.622603927118443,6.652202129364014,721200,0.0,0.0
2014-01-16 00:00:00-05:00,6.659601342816089,6.674400795636076,6.570806742926417,6.622603416442871,505900,0.0,0.0
2014-01-17 00:00:00-05:00,6.622605126012094,6.659603061936014,6.593006918408345,6.600406646728516,344600,0.0,0.0
2014-01-21 00:00:00-05:00,6.622603548448573,6.652201749001765,6.5412086733464845,6.585605621337891,698700,0.0,0.0
2014-01-22 00:00:00-05:00,6.585604939133904,6.600404390715805,6.556006741646794,6.563406467437744,443000,0.0,0.0
2014-01-23 00:00:00-05:00,6.548609733581543,6.59300669061475,6.511611798935931,6.548609733581543,302300,0.0,0.0
2014-01-24 00:00:00-05:00,6.541210147616375,6.541210147616375,6.385819383270667,6.459814548492432,979100,0.0,0.0
2014-01-27 00:00:00-05:00,6.482013363791461,6.5116115693289025,6.289624674959655,6.4450154304504395,1613100,0.0,0.0
2014-01-28 00:00:00-05:00,6.467212690216759,6.630003142852865,6.430214763843542,6.622603416442871,1455100,0.0,0.0
2014-01-29 00:00:00-05:00,6.548609762951673,6.652203133611708,6.489413349523965,6.578207969665527,1501800,0.0,0.0
2014-01-30 00:00:00-05:00,6.600405585674611,6.65220226423532,6.548608907113903,6.615204334259033,1006300,0.0,0.0
2014-01-31 00:00:00-05:00,6.48941464996233,6.607807500542939,6.482014920381779,6.593008041381836,804500,0.0,0.0
2014-02-03 00:00:00-05:00,6.600405518747788,6.667001650894467,6.504211184055564,6.5560078620910645,1050100,0.0,0.0
2014-02-04 00:00:00-05:00,6.600406646728516,6.659603061936014,6.556008982484425,6.600406646728516,679300,0.0,0.0
2014-02-05 00:00:00-05:00,6.563408536182703,6.570808264306001,6.385819295285033,6.422817230224609,625800,0.0,0.0
2014-02-06 00:00:00-05:00,6.422816408763247,6.5412092208862305,6.422816408763247,6.5412092208862305,607700,0.0,0.0
2014-02-07 00:00:00-05:00,6.570808241567836,6.585606992086308,6.445015686614728,6.578207969665527,413100,0.0,0.0
2014-02-10 00:00:00-05:00,6.563407522627302,6.659601856344607,6.526409593401137,6.652202129364014,475400,0.0,0.0
2014-02-11 00:00:00-05:00,6.674401820415876,6.792794638446665,6.6300041608159015,6.681800842285156,711000,0.0,0.0
2014-02-12 00:00:00-05:00,6.646582063151721,6.766475200653076,6.564155709774407,6.766475200653076,413700,0.113,0.0
2014-02-13 00:00:00-05:00,6.729008157798274,6.8489020053091725,6.684048590273698,6.811435222625732,363000,0.0,0.0
2014-02-14 00:00:00-05:00,6.811434970602213,6.878875034013231,6.736501408007879,6.8414082527160645,410200,0.0,0.0
2014-02-18 00:00:00-05:00,6.841408259214609,6.863888042166497,6.788955194120399,6.82642126083374,417100,0.0,0.0
2014-02-19 00:00:00-05:00,6.788955187671679,6.9163411006909845,6.788955187671679,6.8414082527160645,379700,0.0,0.0
2014-02-20 00:00:00-05:00,6.841407755721637,6.908847814233469,6.788954694487707,6.893860816955566,457800,0.0,0.0
2014-02-21 00:00:00-05:00,6.9163411006909845,6.9163411006909845,6.803941471418897,6.8414082527160645,541100,0.0,0.0
2014-02-24 00:00:00-05:00,6.878873579387953,6.931326633340474,6.818927027836712,6.908846855163574,707000,0.0,0.0
2014-02-25 00:00:00-05:00,6.893861774368361,6.946315557506384,6.84890220552944,6.886368274688721,379000,0.0,0.0
2014-02-26 00:00:00-05:00,6.87887475397807,6.968794596659036,6.871381255099809,6.938821315765381,383000,0.0,0.0
2014-02-27 00:00:00-05:00,6.901354823499253,6.923834606451141,6.781461694929965,6.82642126083374,361100,0.0,0.0
2014-02-28 00:00:00-05:00,6.8264219224979925,6.96130206252167,6.773968852319667,6.923835277557373,728600,0.0,0.0
2014-03-03 00:00:00-05:00,6.901354533075377,6.946314811706543,6.743994629795377,6.946314811706543,479600,0.0,0.0
2014-03-04 00:00:00-05:00,6.9687940617408275,7.148633733298432,6.961300563437761,7.103673458099365,740500,0.0,0.0
2014-03-05 00:00:00-05:00,7.0662091035084345,7.081195389116961,6.976289245998764,7.021248817443848,412300,0.0,0.0
2014-03-06 00:00:00-05:00,7.028743261879711,7.051223050622445,6.968796682152687,7.036236763000488,206600,0.0,0.0
2014-03-07 00:00:00-05:00,7.043728159493471,7.081194943084071,6.8788754550859625,6.953808307647705,449800,0.0,0.0
2014-03-10 00:00:00-04:00,6.953808307647705,6.991275091238306,6.871381955443951,6.953808307647705,294900,0.0,0.0
2014-03-11 00:00:00-04:00,6.946313628537916,7.021246460667336,6.893859859966132,6.908846855163574,317400,0.0,0.0
2014-03-12 00:00:00-04:00,6.886369446092828,6.946316739107811,6.826422867697429,6.916342735290527,337000,0.0,0.0
2014-03-13 00:00:00-04:00,6.923835336656136,6.946315836598289,6.788955910100673,6.818929195404053,396400,0.0,0.0
2014-03-14 00:00:00-04:00,6.818929634789548,6.931329283264948,6.818929634789548,6.878876209259033,304000,0.0,0.0
2014-03-17 00:00:00-04:00,6.961300666610199,6.968794165024325,6.758981211764178,6.803940773010254,442800,0.0,0.0
2014-03-18 00:00:00-04:00,6.781460992387216,6.826420553633291,6.6840476568615985,6.803940773010254,782900,0.0,0.0
2014-03-19 00:00:00-04:00,6.818928497145741,6.818928497145741,6.721515151230012,6.781461715698242,736500,0.0,0.0
2014-03-20 00:00:00-04:00,6.781462665051305,6.818929451743868,6.684049305498447,6.788956165313721,521700,0.0,0.0
2014-03-21 00:00:00-04:00,6.79644696801247,7.051220185645366,6.79644696801247,7.028740406036377,1222300,0.0,0.0
2014-03-24 00:00:00-04:00,7.0287421925277105,7.0287421925277105,6.818929195404053,6.818929195404053,451000,0.0,0.0
2014-03-25 00:00:00-04:00,6.833914052047417,6.9088476069499976,6.766473995558964,6.803940773010254,511100,0.0,0.0
2014-03-26 00:00:00-04:00,6.848901751899381,6.893861317760449,6.758981905557828,6.8414082527160645,642400,0.0,0.0
2014-03-27 00:00:00-04:00,6.826422429629025,6.886369004177504,6.80394264282823,6.863889217376709,523000,0.0,0.0
2014-03-28 00:00:00-04:00,6.848901758405043,6.931328105641575,6.788955194120399,6.82642126083374,269900,0.0,0.0
2014-03-31 00:00:00-04:00,6.841408671495362,6.983781591596293,6.79644838826275,6.953808307647705,455600,0.0,0.0
2014-04-01 00:00:00-04:00,6.961302671360787,7.111169109705889,6.931329383691767,7.096182823181152,462900,0.0,0.0
2014-04-02 00:00:00-04:00,7.118662610278031,7.1261561108501725,7.051222534367849,7.096182823181152,342600,0.0,0.0
2014-04-03 00:00:00-04:00,7.073699472721542,7.133646738536973,7.03623341418838,7.081192970275879,579200,0.0,0.0
2014-04-04 00:00:00-04:00,7.1336486945514865,7.193595262184738,7.006262059675963,7.013754844665527,578900,0.0,0.0
2014-04-07 00:00:00-04:00,6.9762900283055105,6.983782814640247,6.87138315880377,6.916342735290527,956100,0.0,0.0
2014-04-08 00:00:00-04:00,6.93132781395636,6.976288092587525,6.886367535325194,6.946314811706543,544200,0.0,0.0
2014-04-09 00:00:00-04:00,6.946314811706543,6.983780876843231,6.9163408162061755,6.946314811706543,329700,0.0,0.0
2014-04-10 00:00:00-04:00,6.961301608927051,6.9987683914500325,6.826421477692088,6.871381759643555,382500,0.0,0.0
2014-04-11 00:00:00-04:00,6.841409430575913,6.908849505597837,6.80394264282823,6.863889217376709,416100,0.0,0.0
2014-04-14 00:00:00-04:00,6.916341849007866,6.916341849007866,6.7814624222119,6.796448707580566,715700,0.0,0.0
2014-04-15 00:00:00-04:00,6.826422496284272,6.848902997924112,6.729009133036936,6.758983135223389,670200,0.0,0.0
2014-04-16 00:00:00-04:00,6.78895592220598,6.811435707568725,6.766475422223742,6.796448707580566,721900,0.0,0.0
2014-04-17 00:00:00-04:00,6.773969137827521,6.848902710914401,6.773969137827521,6.833915710449219,584100,0.0,0.0
2014-04-21 00:00:00-04:00,6.86388849026926,6.901355274048002,6.8414087058498,6.886368274688721,246800,0.0,0.0
2014-04-22 00:00:00-04:00,6.901355963243348,6.968796037856009,6.8713826761510015,6.931329250335693,516100,0.0,0.0
2014-04-23 00:00:00-04:00,6.908848773727643,6.961301842246203,6.84890220552944,6.886368274688721,403600,0.0,0.0
2014-04-24 00:00:00-04:00,6.908849283536099,6.931329069614357,6.818929424603552,6.833915710449219,351000,0.0,0.0
2014-04-25 00:00:00-04:00,6.811435252314929,6.818928751808167,6.736501686621433,6.75148868560791,340300,0.0,0.0
2014-04-28 00:00:00-04:00,6.7664756731594204,6.803942459899785,6.6840493140262325,6.7739691734313965,429400,0.0,0.0
2014-04-29 00:00:00-04:00,6.80394175282169,6.818928751808167,6.736501686621433,6.75148868560791,437300,0.0,0.0
2014-04-30 00:00:00-04:00,6.7589828788835735,6.818929451743868,6.729008877833909,6.788956165313721,408300,0.0,0.0
2014-05-01 00:00:00-04:00,6.788955910100673,6.8264219807652795,6.73650212485514,6.818929195404053,804200,0.0,0.0
2014-05-02 00:00:00-04:00,6.856396442652878,6.88636973309979,6.7964498617590525,6.848903656005859,625000,0.0,0.0
2014-05-05 00:00:00-04:00,6.80394242413837,6.856395496527477,6.743995851516672,6.833915710449219,477700,0.0,0.0
2014-05-06 00:00:00-04:00,6.80394242413837,6.886368782838326,6.781462638060112,6.833915710449219,594000,0.0,0.0
2014-05-07 00:00:00-04:00,6.833914753532748,6.878875034013231,6.803941471418897,6.8414082527160645,437900,0.0,0.0
2014-05-08 00:00:00-04:00,6.848901758405043,6.878875040547366,6.796447978691418,6.82642126083374,419300,0.0,0.0
2014-05-09 00:00:00-04:00,6.78895585215318,6.923835277557373,6.7814623522364235,6.923835277557373,793900,0.0,0.0
2014-05-12 00:00:00-04:00,6.8863670096457605,7.111166956402432,6.878874225962025,7.103673458099365,619900,0.0,0.0
2014-05-13 00:00:00-04:00,7.103672748319628,7.171112797070135,7.058713192232129,7.081192970275879,756700,0.0,0.0
2014-05-14 00:00:00-04:00,7.227564842088836,7.235149029361071,7.113804926076946,7.204813003540039,552800,0.113,0.0
2014-05-15 00:00:00-04:00,7.159309709688321,7.174478086577153,7.030382122473346,7.053133964538574,456400,0.0,0.0
2014-05-16 00:00:00-04:00,7.0379665275006476,7.151727199554443,7.0379665275006476,7.151727199554443,377400,0.0,0.0
2014-05-19 00:00:00-04:00,7.144142528618011,7.257902469736845,7.128974150725864,7.250319004058838,512600,0.0,0.0
2014-05-20 00:00:00-04:00,7.204815079218679,7.219983458133098,7.128974631182815,7.151727199554443,399800,0.0,0.0
2014-05-21 00:00:00-04:00,7.1593117565885445,7.182064328426921,7.098639678222659,7.121392250061035,357400,0.0,0.0
2014-05-22 00:00:00-04:00,7.113805834836603,7.273070171559362,7.091053993381351,7.227565765380859,362400,0.0,0.0
2014-05-23 00:00:00-04:00,7.250320316008485,7.333744239706698,7.227567745053174,7.318575859069824,607700,0.0,0.0
2014-05-27 00:00:00-04:00,7.326158303446716,7.584014926676605,7.326158303446716,7.561263084411621,659900,0.0,0.0
2014-05-28 00:00:00-04:00,7.553679085076697,7.553679085076697,7.288238266688045,7.447502613067627,647800,0.0,0.0
2014-05-29 00:00:00-04:00,7.4854230880737305,7.5385109642511114,7.439919400855424,7.4854230880737305,358100,0.0,0.0
2014-05-30 00:00:00-04:00,7.500592272708188,7.652272451863086,7.379247406116123,7.614352226257324,1243900,0.0,0.0
2014-06-02 00:00:00-04:00,7.644685913843784,7.690190315246582,7.56126202175123,7.690190315246582,624300,0.0,0.0
2014-06-03 00:00:00-04:00,7.652273043093506,7.720529309803867,7.599185157104649,7.6826090812683105,722600,0.0,0.0
2014-06-04 00:00:00-04:00,7.659854823934766,7.743278721856219,7.5915985786954066,7.705358505249023,447700,0.0,0.0
2014-06-05 00:00:00-04:00,7.728111133381678,7.970800110436363,7.690191636178552,7.955631732940674,582500,0.0,0.0
2014-06-06 00:00:00-04:00,7.963213652446012,8.076973558173819,7.887373233115581,8.046637535095215,724500,0.0,0.0
2014-06-09 00:00:00-04:00,7.9935513149575925,8.031471532400035,7.841871168455814,7.8494553565979,599500,0.0,0.0
2014-06-10 00:00:00-04:00,7.819119513218624,7.872207384939559,7.750863264852846,7.834287166595459,1110900,0.0,0.0
2014-06-11 00:00:00-04:00,7.826704578474634,7.849457148093753,7.690192777100692,7.781200885772705,462500,0.0,0.0
2014-06-12 00:00:00-04:00,7.803952180525734,7.826704025268555,7.705359888949369,7.826704025268555,468200,0.0,0.0
2014-06-13 00:00:00-04:00,7.857038405185769,7.879790968406539,7.773614509846802,7.864622592926025,271200,0.0,0.0
2014-06-16 00:00:00-04:00,7.826703836961989,7.894960092816346,7.773615959416639,7.841872215270996,295700,0.0,0.0
2014-06-17 00:00:00-04:00,7.849454342816991,7.940462418964088,7.78878229205226,7.894958019256592,630000,0.0,0.0
2014-06-18 00:00:00-04:00,7.894959669494015,7.963215921688518,7.841871794795201,7.955631732940674,326300,0.0,0.0
2014-06-19 00:00:00-04:00,8.00113582611084,8.084559729237698,7.940463765060757,8.00113582611084,409500,0.0,0.0
2014-06-20 00:00:00-04:00,7.985967576813975,8.03905617353206,7.87220764134442,7.970799922943115,517800,0.0,0.0
2014-06-23 00:00:00-04:00,7.963218034676574,8.039058495742694,7.932881994903774,8.016305923461914,747500,0.0,0.0
2014-06-24 00:00:00-04:00,8.001138265209635,8.152818464073635,7.993554074449374,8.016305923461914,406500,0.0,0.0
2014-06-25 00:00:00-04:00,7.925295573638419,8.016303667343388,7.925295573638419,7.985967636108398,319100,0.0,0.0
2014-06-26 00:00:00-04:00,7.970800177160611,8.03147224111516,7.948047610726615,8.008720397949219,395300,0.0,0.0
2014-06-27 00:00:00-04:00,7.9556321439539275,8.114896499546523,7.9556321439539275,8.039056777954102,792800,0.0,0.0
2014-06-30 00:00:00-04:00,8.023888399674766,8.054224432965352,7.9632163330935954,8.039056777954102,462800,0.0,0.0
2014-07-01 00:00:00-04:00,8.092143595754203,8.145231466244013,8.084559407607662,8.107311248779297,410600,0.0,0.0
2014-07-02 00:00:00-04:00,8.084559088729547,8.122479304698581,8.016302844638876,8.05422306060791,301800,0.0,0.0
2014-07-03 00:00:00-04:00,8.06180664835782,8.099726861504186,8.023886435211455,8.084558486938477,180900,0.0,0.0
2014-07-07 00:00:00-04:00,8.084559729237698,8.107311571314474,7.98596744921431,8.00113582611084,257000,0.0,0.0
2014-07-08 00:00:00-04:00,8.001135160405784,8.122479272409958,7.9404631044036975,8.076974868774414,761100,0.0,0.0
2014-07-09 00:00:00-04:00,8.107311666257308,8.122480043331471,8.04663960449671,8.092144012451172,183900,0.0,0.0
2014-07-10 00:00:00-04:00,8.016303607568274,8.12248007773303,8.008720142267101,8.069392204284668,221100,0.0,0.0
2014-07-11 00:00:00-04:00,8.069390094855049,8.069390094855049,7.963213652446012,8.046637535095215,178000,0.0,0.0
2014-07-14 00:00:00-04:00,8.069394411833045,8.130066490448701,8.046641839901001,8.122482299804688,224400,0.0,0.0
2014-07-15 00:00:00-04:00,8.114893767839035,8.122477954425646,7.970797839032624,8.046637535095215,233800,0.0,0.0
2014-07-16 00:00:00-04:00,8.04663960449671,8.15281607421177,8.001135919810274,8.092144012451172,308900,0.0,0.0
2014-07-17 00:00:00-04:00,8.046640506297823,8.092144919352044,7.955632403457487,7.978384971618652,223100,0.0,0.0
2014-07-18 00:00:00-04:00,7.948048635257251,8.145233230161335,7.940465168736438,8.099729537963867,322100,0.0,0.0
2014-07-21 00:00:00-04:00,8.076976968596986,8.152817419950294,8.046640932709293,8.099729537963867,229700,0.0,0.0
2014-07-22 00:00:00-04:00,8.114898109160674,8.167986720400545,8.09214626049686,8.122482299804688,200400,0.0,0.0
2014-07-23 00:00:00-04:00,8.183151328412045,8.183151328412045,8.076974868774414,8.076974868774414,217400,0.0,0.0
2014-07-24 00:00:00-04:00,8.069392394354196,8.130064457800856,7.940464078713034,7.955631732940674,344200,0.0,0.0
2014-07-25 00:00:00-04:00,7.910126996099613,7.970799051485762,7.857038405185769,7.864622592926025,359500,0.0,0.0
2014-07-28 00:00:00-04:00,7.902542808359357,7.917710460571918,7.8418707529732075,7.864622592926025,170400,0.0,0.0
2014-07-29 00:00:00-04:00,7.879790968406539,7.9328788360524305,7.857038405185769,7.864622592926025,354200,0.0,0.0
2014-07-30 00:00:00-04:00,7.917711973494979,7.925296162684429,7.773615995235883,7.819120407104492,403100,0.0,0.0
2014-07-31 00:00:00-04:00,7.735694954816388,7.811535392157613,7.735694954816388,7.788783550262451,569700,0.0,0.0
2014-08-01 00:00:00-04:00,7.796367839536143,7.834288062215301,7.712943928256465,7.819120407104492,520300,0.0,0.0
2014-08-04 00:00:00-04:00,7.826703666521562,8.001136396936122,7.788784168110983,7.993552207946777,367500,0.0,0.0
2014-08-05 00:00:00-04:00,7.948046909373064,8.001135503099679,7.781199109855103,7.8494553565979,271100,0.0,0.0
2014-08-06 00:00:00-04:00,7.819117229432184,7.96321314913101,7.803948857217678,7.948044776916504,320200,0.0,0.0
2014-08-07 00:00:00-04:00,8.11489563395874,8.19073607072961,8.054223573849248,8.130064010620117,651900,0.0,0.0
2014-08-08 00:00:00-04:00,8.130063345980789,8.213487240994366,8.099727318406037,8.205903053283691,359000,0.0,0.0
2014-08-11 00:00:00-04:00,8.22865606726278,8.25899209649964,8.152815632536639,8.167984008789062,319400,0.0,0.0
2014-08-12 00:00:00-04:00,8.122481384062601,8.183153455837989,8.046640932709293,8.099729537963867,218200,0.0,0.0
2014-08-13 00:00:00-04:00,8.105864441088116,8.259239949064266,8.082858407431143,8.228564262390137,504400,0.118,0.0
2014-08-14 00:00:00-04:00,8.228563879136347,8.351264426072087,8.228563879136347,8.343595504760742,561600,0.0,0.0
2014-08-15 00:00:00-04:00,8.420281457087668,8.420281457087668,8.259238518043032,8.328256607055664,469800,0.0,0.0
2014-08-18 00:00:00-04:00,8.412616177643361,8.450960061255254,8.343597333411708,8.435622215270996,451800,0.0,0.0
2014-08-19 00:00:00-04:00,8.427952438980405,8.48163416314148,8.412615325897724,8.450959205627441,351500,0.0,0.0
2014-08-20 00:00:00-04:00,8.435618825305779,8.466293773598407,8.351262900338165,8.427949905395508,170000,0.0,0.0
2014-08-21 00:00:00-04:00,8.489300727844238,8.504638569337562,8.404944793676565,8.489300727844238,339300,0.0,0.0
2014-08-22 00:00:00-04:00,8.466295811987191,8.4893018459086,8.404945900631015,8.412614822387695,175000,0.0,0.0
2014-08-25 00:00:00-04:00,8.473964733743871,8.473964733743871,8.33592706751816,8.412614822387695,168500,0.0,0.0
2014-08-26 00:00:00-04:00,8.39727693667793,8.504639646686055,8.366601981153984,8.47396469116211,455000,0.0,0.0
2014-08-27 00:00:00-04:00,8.458628252898631,8.50464105950265,8.412616177643361,8.435622215270996,257000,0.0,0.0
2014-08-28 00:00:00-04:00,8.427951934552423,8.466295811987191,8.374270944952928,8.412614822387695,288900,0.0,0.0
2014-08-29 00:00:00-04:00,8.42795087650978,8.489300780164106,8.37426989364938,8.397275924682617,223300,0.0,0.0
2014-09-02 00:00:00-04:00,8.443288202325913,8.443288202325913,8.266906691582868,8.358931541442871,448400,0.0,0.0
2014-09-03 00:00:00-04:00,8.366600477406124,8.42795037742746,8.312919497724579,8.328256607055664,237700,0.0,0.0
2014-09-04 00:00:00-04:00,8.320587595196121,8.381937489150232,8.25156878166064,8.282243728637695,354000,0.0,0.0
2014-09-05 00:00:00-04:00,8.251568769163704,8.358930717746588,8.251568769163704,8.312918663024902,192600,0.0,0.0
2014-09-08 00:00:00-04:00,8.29758127629053,8.343594064869373,8.213225350469191,8.243900299072266,224000,0.0,0.0
2014-09-09 00:00:00-04:00,8.228564347411115,8.228564347411115,8.0905274126944,8.105864524841309,275600,0.0,0.0
2014-09-10 00:00:00-04:00,8.090525641676724,8.136537699394037,7.967825845965926,8.059850692749023,416000,0.0,0.0
2014-09-11 00:00:00-04:00,8.036843367682769,8.144206047058105,8.029175179501147,8.144206047058105,464600,0.0,0.0
2014-09-12 00:00:00-04:00,8.182551057188,8.182551057188,7.852794784784172,7.9064764976501465,512900,0.0,0.0
2014-09-15 00:00:00-04:00,7.937149863992784,8.021505779727647,7.875799974122271,8.013836860656738,748500,0.0,0.0
2014-09-16 00:00:00-04:00,8.029176173461613,8.266906857535105,7.975494461454284,8.251569747924805,789700,0.0,0.0
2014-09-17 00:00:00-04:00,8.274575658650027,8.312919529145418,8.205556838028025,8.26690673828125,372200,0.0,0.0
2014-09-18 00:00:00-04:00,8.328256271782891,8.450956798234474,8.305250243038174,8.381937980651855,604700,0.0,0.0
2014-09-19 00:00:00-04:00,8.42028097164285,8.535312576062443,8.335925046813912,8.458624839782715,993400,0.0,0.0
2014-09-22 00:00:00-04:00,8.420281955715854,8.450957638891557,8.37426989364938,8.397275924682617,364500,0.0,0.0
2014-09-23 00:00:00-04:00,8.358933064557954,8.389608020100697,8.289914963098255,8.305252075195312,527900,0.0,0.0
2014-09-24 00:00:00-04:00,8.343595012163913,8.358932122532526,8.274576187133789,8.274576187133789,507600,0.0,0.0
2014-09-25 00:00:00-04:00,8.28224598272124,8.320589859715275,8.197889307064631,8.228564262390137,351900,0.0,0.0
2014-09-26 00:00:00-04:00,8.228562505424494,8.38960616933445,8.228562505424494,8.381937980651855,299900,0.0,0.0
2014-09-29 00:00:00-04:00,8.328257100234365,8.412613766270468,8.274576117373966,8.397275924682617,249800,0.0,0.0
2014-09-30 00:00:00-04:00,8.366600509029865,8.42795040928309,8.26690673828125,8.26690673828125,384200,0.0,0.0
2014-10-01 00:00:00-04:00,8.251571149595573,8.27457718359325,8.167214472689706,8.213227272033691,742700,0.0,0.0
2014-10-02 00:00:00-04:00,8.190218887706529,8.297580836452012,8.098194046775362,8.282243728637695,394800,0.0,0.0
2014-10-03 00:00:00-04:00,8.381937848630793,8.489299801980764,8.274575163932367,8.427949905395508,793200,0.0,0.0
2014-10-06 00:00:00-04:00,8.420283012795743,8.4893018459086,8.381939866709608,8.412614822387695,992600,0.0,0.0
2014-10-07 00:00:00-04:00,8.358930730406122,8.489299437895715,8.282243728637695,8.282243728637695,659700,0.0,0.0
2014-10-08 00:00:00-04:00,8.259235740951484,8.658009957006033,8.259235740951484,8.61966609954834,1431900,0.0,0.0
2014-10-09 00:00:00-04:00,8.581325095519826,8.658012835935125,8.381938286867344,8.389606475830078,768700,0.0,0.0
2014-10-10 00:00:00-04:00,8.389605558622634,8.512306076142371,8.251568664854101,8.29758071899414,893200,0.0,0.0
2014-10-13 00:00:00-04:00,8.305249149584231,8.366599039058574,8.167211532592773,8.167211532592773,582000,0.0,0.0
2014-10-14 00:00:00-04:00,8.251571149595573,8.389608084930263,8.159546282256237,8.213227272033691,927300,0.0,0.0
2014-10-15 00:00:00-04:00,8.090524723792859,8.266905477279312,8.059849778345285,8.259237289428711,934300,0.0,0.0
2014-10-16 00:00:00-04:00,8.182550447935059,8.481631747010253,8.182550447935059,8.381937980651855,908100,0.0,0.0
2014-10-17 00:00:00-04:00,8.466294216245375,8.466294216245375,8.335925496348466,8.389606475830078,470600,0.0,0.0
2014-10-20 00:00:00-04:00,8.374268847591114,8.61199951171875,8.374268847591114,8.61199951171875,374500,0.0,0.0
2014-10-21 00:00:00-04:00,8.635005473113642,8.803717305820765,8.604330527953403,8.796049118041992,525700,0.0,0.0
2014-10-22 00:00:00-04:00,8.849729555812026,8.888073417788219,8.719360863901974,8.788379669189453,591900,0.0,0.0
2014-10-23 00:00:00-04:00,8.888075299988637,8.95709411989202,8.757706580470801,8.880406379699707,603800,0.0,0.0
2014-10-24 00:00:00-04:00,8.911080917333283,8.911080917333283,8.765375095325565,8.857399940490723,273700,0.0,0.0
2014-10-27 00:00:00-04:00,8.857400453188394,8.903412512760083,8.765375602696512,8.895744323730469,333700,0.0,0.0
2014-10-28 00:00:00-04:00,8.918749255843975,9.003105175575662,8.86506828250094,8.972430229187012,450900,0.0,0.0
2014-10-29 00:00:00-04:00,8.995436814321096,9.010774654141361,8.888074860973063,8.918749809265137,345500,0.0,0.0
2014-10-30 00:00:00-04:00,8.918750337753115,8.972431317608043,8.872737546914248,8.926419258117676,662600,0.0,0.0
2014-10-31 00:00:00-04:00,9.072125088301839,9.072125088301839,8.926419258117676,8.926419258117676,899900,0.0,0.0
2014-11-03 00:00:00-05:00,9.110471801344262,9.202496680386277,8.964765194349525,9.018446922302246,1471900,0.0,0.0
2014-11-04 00:00:00-05:00,9.087462777151853,9.095130966039754,8.918750188693707,9.003106117248535,673800,0.0,0.0
2014-11-05 00:00:00-05:00,9.072125088301839,9.08746292903096,8.849731517169065,8.926419258117676,364400,0.0,0.0
2014-11-06 00:00:00-05:00,8.957093226470208,9.010774200441343,8.888074413451081,8.987768173217773,472400,0.0,0.0
2014-11-07 00:00:00-05:00,9.003105720242955,9.010774640141173,8.895743767061731,8.949424743652344,400500,0.0,0.0
2014-11-10 00:00:00-05:00,8.95709405852717,9.026112877957706,8.918750188693707,9.003106117248535,338800,0.0,0.0
2014-11-11 00:00:00-05:00,9.010774668238184,9.010774668238184,8.857399926537864,8.88807487487793,553200,0.0,0.0
2014-11-12 00:00:00-05:00,8.816796303078442,9.041477372133446,8.801300700240368,8.994991302490234,718800,0.118,0.0
2014-11-13 00:00:00-05:00,9.025982594857984,9.025982594857984,8.94850679019431,8.964001655578613,779800,0.0,0.0
2014-11-14 00:00:00-05:00,8.987244777563191,9.025982309233653,8.90976823648016,8.94075870513916,306900,0.0,0.0
2014-11-17 00:00:00-05:00,8.94850652693421,9.00273966249038,8.886525589478286,8.902020454406738,315900,0.0,0.0
2014-11-18 00:00:00-05:00,8.948505128207236,8.956252928895944,8.878776399750745,8.886524200439453,554100,0.0,0.0
2014-11-19 00:00:00-05:00,8.855534856572108,8.886525324375564,8.747067849824496,8.840039253234863,524300,0.0,0.0
2014-11-20 00:00:00-05:00,8.832292427404203,8.871030701156288,8.785807089998594,8.801301956176758,456000,0.0,0.0
2014-11-21 00:00:00-05:00,8.894272387173151,8.971748926117309,8.809048785431408,8.840039253234863,385600,0.0,0.0
2014-11-24 00:00:00-05:00,8.847786867542679,8.948506070488838,8.847786867542679,8.925263404846191,326400,0.0,0.0
2014-11-25 00:00:00-05:00,8.979497148869534,9.010487618126254,8.894272804260254,8.894272804260254,474400,0.0,0.0
2014-11-26 00:00:00-05:00,8.925263404846191,8.987244339140593,8.886525136194436,8.925263404846191,570400,0.0,0.0
2014-11-28 00:00:00-05:00,8.948506336215972,9.08021601022047,8.940758534481345,8.987244606018066,314600,0.0,0.0
2014-12-01 00:00:00-05:00,8.933009663769397,9.025981056846286,8.909767000217911,8.91751480102539,528700,0.0,0.0
2014-12-02 00:00:00-05:00,8.902021102417068,9.095711730784043,8.83229235798558,9.056973457336426,733900,0.0,0.0
2014-12-03 00:00:00-05:00,9.111207138634212,9.180935881557454,9.04922619800713,9.142197608947754,1095700,0.0,0.0
2014-12-04 00:00:00-05:00,9.13444995880127,9.165440429631008,9.01048807548231,9.13444995880127,503100,0.0,0.0
2014-12-05 00:00:00-05:00,9.118955628453248,9.235169716173205,9.10346002269264,9.219674110412598,686700,0.0,0.0
2014-12-08 00:00:00-05:00,9.211924839156291,9.35912936425499,9.134448306659518,9.235167503356934,629100,0.0,0.0
2014-12-09 00:00:00-05:00,9.14994804885941,9.359133599059042,9.072471481306179,9.328143119812012,702300,0.0,0.0
2014-12-10 00:00:00-05:00,9.28940063278209,9.335886700054347,9.173186572907905,9.235167503356934,373900,0.0,0.0
2014-12-11 00:00:00-05:00,9.297149810227557,9.397869021836218,9.24291667277331,9.28940200805664,386300,0.0,0.0
2014-12-12 00:00:00-05:00,9.157694290521233,9.297151804020336,9.072470664978027,9.072470664978027,390500,0.0,0.0
2014-12-15 00:00:00-05:00,9.149945190908904,9.188682723714692,8.917516299718796,9.002739906311035,574700,0.0,0.0
2014-12-16 00:00:00-05:00,9.018237515893373,9.087965533771683,8.933013151478926,9.072470664978027,627800,0.0,0.0
2014-12-17 00:00:00-05:00,9.087963296345272,9.498587931915708,9.049225764462566,9.444354057312012,972500,0.0,0.0
2014-12-18 00:00:00-05:00,9.506334050520712,9.661286367226765,9.467595786626466,9.62254810333252,856000,0.0,0.0
2014-12-19 00:00:00-05:00,9.645792474134748,9.676782942963548,9.421111390408177,9.444354057312012,2849900,0.0,0.0
2014-12-22 00:00:00-05:00,9.444354532510895,9.52957888023151,9.38237359173468,9.506336212158203,506800,0.0,0.0
2014-12-23 00:00:00-05:00,9.59930872636535,9.645794067853528,9.521832172056817,9.638046264648438,297900,0.0,0.0
2014-12-24 00:00:00-05:00,9.684530928758694,9.700026532902823,9.59155952050714,9.661288261413574,225200,0.0,0.0
2014-12-26 00:00:00-05:00,9.684532266308892,9.762008819987832,9.65354179261155,9.754261016845703,201500,0.0,0.0
2014-12-29 00:00:00-05:00,9.800746889516523,9.870475643835196,9.738765938760197,9.839485168457031,350000,0.0,0.0
2014-12-30 00:00:00-05:00,9.816240982133612,9.878221923327153,9.645793024415823,9.792998313903809,313300,0.0,0.0
2014-12-31 00:00:00-05:00,9.792999373265507,9.87047518870286,9.622551397109438,9.638046264648438,283700,0.0,0.0
2015-01-02 00:00:00-05:00,9.700025727293312,9.700025727293312,9.490839521947406,9.653539657592773,471400,0.0,0.0
2015-01-05 00:00:00-05:00,9.583810905134232,9.7387632390706,9.55282043834696,9.692277908325195,495800,0.0,0.0
2015-01-06 00:00:00-05:00,9.692276400167252,9.777499985853362,9.498585828168085,9.568314552307129,712400,0.0,0.0
2015-01-07 00:00:00-05:00,9.684530542200774,9.746511478561176,9.537326003062581,9.707773208618164,637600,0.0,0.0
2015-01-08 00:00:00-05:00,9.808491939991017,9.947949409484863,9.70002567604781,9.947949409484863,699700,0.0,0.0
2015-01-09 00:00:00-05:00,9.978941579463914,10.017679854143418,9.769755339517273,9.808493614196777,414500,0.0,0.0
2015-01-12 00:00:00-05:00,9.777502709169873,9.839483650363414,9.707773965609364,9.792998313903809,366000,0.0,0.0
2015-01-13 00:00:00-05:00,9.932453537637636,9.955696941170947,9.769753407259392,9.885968208312988,474800,0.0,0.0
2015-01-14 00:00:00-05:00,9.792999079305874,10.033175060484766,9.67678425133153,9.978941917419434,530100,0.0,0.0
2015-01-15 00:00:00-05:00,10.087409123284568,10.087409123284568,9.83173679270537,9.932456016540527,417100,0.0,0.0
2015-01-16 00:00:00-05:00,9.963444207165718,10.420554141805294,9.963444207165718,10.281097412109375,1393000,0.0,0.0
2015-01-20 00:00:00-05:00,10.304340380767277,10.420554448748865,10.211368978607803,10.265602111816406,721000,0.0,0.0
2015-01-21 00:00:00-05:00,10.257854059801643,10.327582794436545,10.102901726652421,10.16488265991211,440700,0.0,0.0
2015-01-22 00:00:00-05:00,10.226863279952996,10.428301676313021,10.180377950867442,10.397311210632324,503200,0.0,0.0
2015-01-23 00:00:00-05:00,10.41280649327941,10.467040364557443,10.281097562986796,10.451544761657715,471900,0.0,0.0
2015-01-26 00:00:00-05:00,10.45929489256089,10.45929489256089,10.34308080041424,10.366323471069336,234600,0.0,0.0
2015-01-27 00:00:00-05:00,10.281100156749336,10.420556923674598,10.281100156749336,10.350828170776367,238800,0.0,0.0
2015-01-28 00:00:00-05:00,10.40505933044666,10.40505933044666,10.118397329402846,10.16488265991211,520300,0.0,0.0
2015-01-29 00:00:00-05:00,10.172630878521623,10.226864012630493,10.025425601838927,10.2191162109375,544400,0.0,0.0
2015-01-30 00:00:00-05:00,10.15713713467398,10.226865884934563,9.932456016540527,9.932456016540527,481200,0.0,0.0
2015-02-02 00:00:00-05:00,9.924706524962067,9.947949189740623,9.69227766056354,9.769753456115723,567800,0.0,0.0
2015-02-03 00:00:00-05:00,9.785249009614933,9.978939605833272,9.777501208437164,9.885968208312988,671800,0.0,0.0
2015-02-04 00:00:00-05:00,10.296594235104331,10.358575179845108,10.19587501518278,10.203622817993164,3157600,0.0,0.0
2015-02-05 00:00:00-05:00,10.226863709766924,10.350825577699576,10.226863709766924,10.234611511230469,1597100,0.0,0.0
2015-02-06 00:00:00-05:00,10.234613161366799,10.265603633346585,10.064165196042408,10.172632217407227,1091000,0.0,0.0
2015-02-09 00:00:00-05:00,10.172631297547992,10.257854903068283,9.947950211293527,9.955698013305664,9619500,0.0,0.0
2015-02-10 00:00:00-05:00,9.955697748842278,9.986688217196521,9.82398807361898,9.893716812133789,897700,0.0,0.0
2015-02-11 00:00:00-05:00,9.93828585838446,10.008659362792969,9.820997181505762,10.008659362792969,596900,0.117,0.0
2015-02-12 00:00:00-05:00,10.039935775341528,10.165043888502902,9.985201162259221,10.141586303710938,503800,0.0,0.0
2015-02-13 00:00:00-05:00,10.165044190197879,10.227598248635148,10.063393658811517,10.204140663146973,687500,0.0,0.0
2015-02-17 00:00:00-05:00,10.172865490917644,10.579466944982304,10.157226600601954,10.532551765441895,1280100,0.0,0.0
2015-02-18 00:00:00-05:00,10.485633331917997,10.66547679901123,10.407441136153981,10.66547679901123,969200,0.0,0.0
2015-02-19 00:00:00-05:00,10.65765765630381,10.65765765630381,10.258874985839968,10.305790901184082,818400,0.0,0.0
2015-02-20 00:00:00-05:00,10.321428927525417,10.36834484234693,10.258874871565514,10.352705955505371,621700,0.0,0.0
2015-02-23 00:00:00-05:00,10.376166590801642,10.532551765441895,10.36052770048595,10.532551765441895,454600,0.0,0.0
2015-02-24 00:00:00-05:00,10.485633331917997,10.673295496595424,10.376164108707743,10.66547679901123,816100,0.0,0.0
2015-02-25 00:00:00-05:00,10.66547679901123,10.79840435208353,10.587283857544058,10.66547679901123,528200,0.0,0.0
2015-02-26 00:00:00-05:00,10.626380328277644,10.696753826457469,10.493452775205345,10.66547679901123,1167100,0.0,0.0
2015-02-27 00:00:00-05:00,10.626384203250996,10.649841795963834,10.266697883605957,10.266697883605957,1408200,0.0,0.0
2015-03-02 00:00:00-05:00,10.2588758156465,10.540369093370707,10.2588758156465,10.516911506652832,807500,0.0,0.0
2015-03-03 00:00:00-05:00,10.493455161154916,10.642020888878891,10.227599994561494,10.579466819763184,1270300,0.0,0.0
2015-03-04 00:00:00-05:00,10.595104749307483,10.77494749528419,10.532550685863127,10.743670463562012,831400,0.0,0.0
2015-03-05 00:00:00-05:00,10.915696528924322,10.915696528924322,10.673298928986762,10.79058837890625,690400,0.0,0.0
2015-03-06 00:00:00-05:00,10.681116105084428,10.720212580083043,10.477815031654215,10.516911506652832,981700,0.0,0.0
2015-03-09 00:00:00-04:00,10.556009040832391,10.571647930682325,10.368346836853053,10.39962387084961,565300,0.0,0.0
2015-03-10 00:00:00-04:00,10.266695410923374,10.30579188649753,10.204141348286022,10.211960792541504,657800,0.0,0.0
2015-03-11 00:00:00-04:00,10.243237175973087,10.462176381355864,10.243237175973087,10.438718795776367,500400,0.0,0.0
2015-03-12 00:00:00-04:00,10.55601046421097,10.657661024832226,10.501275833762376,10.642022132873535,420100,0.0,0.0
2015-03-13 00:00:00-04:00,10.696755081007074,10.767128587440528,10.571646956549044,10.728032112121582,486100,0.0,0.0
2015-03-16 00:00:00-04:00,10.798403870971132,10.814042011145931,10.673295021057129,10.673295021057129,384200,0.0,0.0
2015-03-17 00:00:00-04:00,10.626381486554768,10.767128498255861,10.626381486554768,10.681116104125977,644800,0.0,0.0
2015-03-18 00:00:00-04:00,10.66547675965999,10.884415950975857,10.571645677667474,10.85313892364502,408500,0.0,0.0
2015-03-19 00:00:00-04:00,10.798403725353257,10.915692385043524,10.759307256888798,10.892234802246094,274900,0.0,0.0
2015-03-20 00:00:00-04:00,10.939152642553502,11.158092621205853,10.892237465487494,11.126814842224121,965800,0.0,0.0
2015-03-23 00:00:00-04:00,11.158092790708201,11.275381480858245,11.1111768672262,11.220646858215332,382700,0.0,0.0
2015-03-24 00:00:00-04:00,11.220647040930873,11.2441046302022,10.88441836332746,10.931333541870117,348700,0.0,0.0
2015-03-25 00:00:00-04:00,10.907873849142751,10.970427905605685,10.649838179807356,10.657657623291016,419000,0.0,0.0
2015-03-26 00:00:00-04:00,10.595105378705604,10.751490546606492,10.556008900304557,10.610743522644043,402800,0.0,0.0
2015-03-27 00:00:00-04:00,10.6107429191582,10.82968288747054,10.587285331733042,10.814043998718262,508600,0.0,0.0
2015-03-30 00:00:00-04:00,10.892236296254245,11.158091423434234,10.853139822427208,11.040802001953125,407200,0.0,0.0
2015-03-31 00:00:00-04:00,10.954790948783923,11.00170612335205,10.82186337800214,11.00170612335205,570700,0.0,0.0
2015-04-01 00:00:00-04:00,11.00170591456981,11.118995340170803,10.868778346310627,10.986067771911621,413400,0.0,0.0
2015-04-02 00:00:00-04:00,10.915695397590337,11.040803534641844,10.79840670553038,10.931333541870117,450500,0.0,0.0
2015-04-06 00:00:00-04:00,10.923514330080467,11.087718938682366,10.884417852660341,11.017345428466797,270300,0.0,0.0
2015-04-07 00:00:00-04:00,11.00170552411835,11.040801997931144,10.868777960576779,10.87659740447998,410500,0.0,0.0
2015-04-08 00:00:00-04:00,10.900054986393933,10.993886821790694,10.67329633320872,10.712392807006836,866900,0.0,0.0
2015-04-09 00:00:00-04:00,10.71239341489105,10.728032303579024,10.30579200314605,10.344887733459473,680800,0.0,0.0
2015-04-10 00:00:00-04:00,10.41526173259712,10.571647644042969,10.39180414416156,10.571647644042969,471400,0.0,0.0
2015-04-13 00:00:00-04:00,10.54818865751511,10.634201052631253,10.469996452331543,10.469996452331543,437100,0.0,0.0
2015-04-14 00:00:00-04:00,10.516911143310791,10.57946520286614,10.282333047126622,10.313610076904297,528000,0.0,0.0
2015-04-15 00:00:00-04:00,10.360527050599078,10.368346495266433,10.180684297469654,10.196322441101074,544600,0.0,0.0
2015-04-16 00:00:00-04:00,10.196321725826145,10.290152818142255,10.165044695054107,10.282333374023438,287500,0.0,0.0
2015-04-17 00:00:00-04:00,10.243238633793908,10.297973256503651,9.97738347371235,10.18850326538086,499800,0.0,0.0
2015-04-20 00:00:00-04:00,10.227597635510632,10.337067604064941,10.219778192248935,10.337067604064941,308600,0.0,0.0
2015-04-21 00:00:00-04:00,10.376164737095573,10.454356937594964,10.352706405812876,10.438718795776367,300600,0.0,0.0
2015-04-22 00:00:00-04:00,10.430900211260855,10.556008338928223,10.383984290533961,10.556008338928223,357600,0.0,0.0
2015-04-23 00:00:00-04:00,10.540369417028204,10.7202129092629,10.532550718350986,10.649839401245117,519100,0.0,0.0
2015-04-24 00:00:00-04:00,10.688936479446138,10.751490546606492,10.595105378705604,10.610743522644043,274400,0.0,0.0
2015-04-27 00:00:00-04:00,10.634203901179589,10.735853720576495,10.477817957515388,10.563830375671387,303900,0.0,0.0
2015-04-28 00:00:00-04:00,10.587285040417786,10.782766670222918,10.548188565316114,10.751489639282227,445700,0.0,0.0
2015-04-29 00:00:00-04:00,10.704572143034671,10.759307498394762,10.681114559710705,10.720211029052734,408100,0.0,0.0
2015-04-30 00:00:00-04:00,10.657660894397113,10.743672562007013,10.211962918876916,10.297974586486816,670700,0.0,0.0
2015-05-01 00:00:00-04:00,10.305791234653881,10.49345341069626,10.211960146632691,10.438718795776367,450800,0.0,0.0
2015-05-04 00:00:00-04:00,10.438721629578838,10.48563681347391,10.219781619057159,10.297974586486816,363800,0.0,0.0
2015-05-05 00:00:00-04:00,10.219780299172614,10.32143084542164,10.11031105375313,10.18850326538086,461200,0.0,0.0
2015-05-06 00:00:00-04:00,10.290153811629885,10.297973256503651,10.118129752923588,10.18850326538086,373700,0.0,0.0
2015-05-07 00:00:00-04:00,10.196320608166994,10.39180221549052,10.165043580823356,10.337067604064941,246700,0.0,0.0
2015-05-08 00:00:00-04:00,10.430901464235854,10.642021268608739,10.38398553787335,10.45435905456543,410600,0.0,0.0
2015-05-11 00:00:00-04:00,10.430897993210761,10.50909018352427,10.321428031928129,10.32924747467041,272800,0.0,0.0
2015-05-12 00:00:00-04:00,10.305791557924856,10.415260791198461,10.07121345766206,10.407442092895508,447600,0.0,0.0
2015-05-13 00:00:00-04:00,10.460295261348202,10.531292859642749,10.302523238647185,10.349854469299316,513700,0.117,0.0
2015-05-14 00:00:00-04:00,10.444518128466743,10.61017894744873,10.373520527143551,10.61017894744873,239300,0.0,0.0
2015-05-15 00:00:00-04:00,10.633844375610352,10.665399533254604,10.531293122531997,10.633844375610352,298200,0.0,0.0
2015-05-18 00:00:00-04:00,10.578627017962448,10.712733462451771,10.539183813292079,10.689067840576172,628100,0.0,0.0
2015-05-19 00:00:00-04:00,10.649622142885658,10.66539972198698,10.483961323903669,10.61017894744873,381000,0.0,0.0
2015-05-20 00:00:00-04:00,10.641735460496427,10.767953109033742,10.578626636227769,10.736398696899414,333400,0.0,0.0
2015-05-21 00:00:00-04:00,10.720619020012379,10.77583903850404,10.633843845449679,10.75217342376709,398600,0.0,0.0
2015-05-22 00:00:00-04:00,10.712733462451771,10.79950791087334,10.681179049178786,10.689067840576172,281300,0.0,0.0
2015-05-26 00:00:00-04:00,10.61806696921739,10.649621372821986,10.570734987652331,10.586512565612793,347600,0.0,0.0
2015-05-27 00:00:00-04:00,10.633845917537268,10.74428672835717,10.547071478382222,10.720621109008789,659100,0.0,0.0
2015-05-28 00:00:00-04:00,10.728510081515946,10.744286910576946,10.618069268823003,10.67328929901123,244200,0.0,0.0
2015-05-29 00:00:00-04:00,10.641734682986883,10.673289092815773,10.531294624744,10.539182662963867,827400,0.0,0.0
2015-06-01 00:00:00-04:00,10.60229037790321,10.791617569465854,10.507627158280082,10.744285583496094,336300,0.0,0.0
2015-06-02 00:00:00-04:00,10.68117677041401,10.870503209660262,10.641733574158609,10.744285583496094,403200,0.0,0.0
2015-06-03 00:00:00-04:00,10.77584113143481,10.791618712534719,10.657512282451384,10.704843521118164,288700,0.0,0.0
2015-06-04 00:00:00-04:00,10.641734873104692,10.665401245136522,10.45240841074897,10.507628440856934,679600,0.0,0.0
2015-06-05 00:00:00-04:00,10.412961909121616,10.476070709903498,10.270967483520508,10.270967483520508,666200,0.0,0.0
2015-06-08 00:00:00-04:00,10.302524315250606,10.302524315250606,9.915981878844383,9.986979484558105,1254200,0.0,0.0
2015-06-09 00:00:00-04:00,9.971202479999423,10.065865701833784,9.923870492924037,10.034311294555664,1080300,0.0,0.0
2015-06-10 00:00:00-04:00,10.121086145610436,10.341967005704062,10.08164294680032,10.286746978759766,868300,0.0,0.0
2015-06-11 00:00:00-04:00,10.302523012978,10.310411049703008,10.16841660854055,10.223636627197266,534500,0.0,0.0
2015-06-12 00:00:00-04:00,10.207859997152273,10.247303193705859,10.168417552915086,10.21574878692627,337100,0.0,0.0
2015-06-15 00:00:00-04:00,10.207860552145691,10.207860552145691,10.0500885096698,10.113197326660156,494200,0.0,0.0
2015-06-16 00:00:00-04:00,10.089532284312332,10.223638716151196,10.089532284312332,10.17630672454834,355400,0.0,0.0
2015-06-17 00:00:00-04:00,10.207859418931696,10.207859418931696,10.057976183297827,10.168416976928711,260600,0.0,0.0
2015-06-18 00:00:00-04:00,10.223636671477772,10.405074306316438,10.207859093326757,10.38140869140625,413000,0.0,0.0
2015-06-19 00:00:00-04:00,10.389297490213979,10.452406298244487,10.26307987415296,10.397186279296875,704900,0.0,0.0
2015-06-22 00:00:00-04:00,10.428741627398189,10.507627268419464,10.349855234060511,10.373520851135254,269800,0.0,0.0
2015-06-23 00:00:00-04:00,10.34985637336808,10.412965194058652,10.263081932997665,10.341967582702637,553700,0.0,0.0
2015-06-24 00:00:00-04:00,10.341966223309306,10.373520629506944,10.223637388147266,10.23941421508789,397200,0.0,0.0
2015-06-25 00:00:00-04:00,10.294633078349172,10.334076266850298,10.192081089172742,10.24730110168457,477700,0.0,0.0
2015-06-26 00:00:00-04:00,10.294632722433187,10.34196394514516,10.128971938308837,10.310409545898438,1456000,0.0,0.0
2015-06-29 00:00:00-04:00,10.29463515758335,10.397187167472476,10.065865520851116,10.07375431060791,356400,0.0,0.0
2015-06-30 00:00:00-04:00,10.184194205172,10.286746213522822,10.073754159499108,10.263080596923828,974900,0.0,0.0
2015-07-01 00:00:00-04:00,10.36563246417551,10.468184471130371,10.231526051412722,10.468184471130371,527300,0.0,0.0
2015-07-02 00:00:00-04:00,10.531294624744,10.586514653865441,10.436630642940852,10.539182662963867,397700,0.0,0.0
2015-07-06 00:00:00-04:00,10.507626808381259,10.838948442187549,10.48396119234263,10.823171615600586,557200,0.0,0.0
2015-07-07 00:00:00-04:00,10.854724754091697,11.122937545610716,10.783727161946512,11.036162376403809,918500,0.0,0.0
2015-07-08 00:00:00-04:00,10.917834652272374,11.028274693511454,10.752173838097395,10.862614631652832,1130600,0.0,0.0
2015-07-09 00:00:00-04:00,10.965165913570878,11.075606707428484,10.902057103456922,11.004609107971191,816000,0.0,0.0
2015-07-10 00:00:00-04:00,11.107162862139015,11.233380502249338,11.028276460911826,11.193937301635742,528800,0.0,0.0
2015-07-13 00:00:00-04:00,11.241267575047038,11.34381958004473,11.083495549018423,11.186047554016113,574300,0.0,0.0
2015-07-14 00:00:00-04:00,11.367484449684762,11.367484449684762,11.170269242015515,11.296486854553223,501700,0.0,0.0
2015-07-15 00:00:00-04:00,11.25704364276663,11.430592471944337,11.193934088510064,11.264931678771973,883400,0.0,0.0
2015-07-16 00:00:00-04:00,11.335930099579372,11.525256519271593,11.335930099579372,11.46214771270752,489000,0.0,0.0
2015-07-17 00:00:00-04:00,11.477925477369668,11.525256706905127,11.43059349551788,11.438482284545898,380600,0.0,0.0
2015-07-20 00:00:00-04:00,11.264931678771973,11.375372458325636,11.225488489480217,11.264931678771973,1270400,0.0,0.0
2015-07-21 00:00:00-04:00,11.099270590709434,11.257043343684682,10.98094177829424,10.98883056640625,1012400,0.0,0.0
2015-07-22 00:00:00-04:00,10.933613226881468,11.07560844811255,10.90205881686528,11.059831619262695,461200,0.0,0.0
2015-07-23 00:00:00-04:00,11.067717461314194,11.067717461314194,10.67328703822215,10.75217342376709,501400,0.0,0.0
2015-07-24 00:00:00-04:00,10.704841020908422,10.704841020908422,10.554957797048194,10.641732215881348,353500,0.0,0.0
2015-07-27 00:00:00-04:00,10.618067594925629,10.807394027709961,10.554958783997519,10.807394027709961,321900,0.0,0.0
2015-07-28 00:00:00-04:00,10.846835481464414,10.86261305782198,10.665397867249899,10.767949104309082,532400,0.0,0.0
2015-07-29 00:00:00-04:00,10.736396614369529,10.87050302800705,10.681176591924567,10.78372859954834,405000,0.0,0.0
2015-07-30 00:00:00-04:00,10.728507995605469,10.823171208515852,10.689064802147058,10.728507995605469,494300,0.0,0.0
2015-07-31 00:00:00-04:00,10.79950465324099,10.870502249768172,10.70484144197686,10.75217342376709,430400,0.0,0.0
2015-08-03 00:00:00-04:00,10.79161546884543,10.870501093684513,10.657509079071117,10.767949104309082,314700,0.0,0.0
2015-08-04 00:00:00-04:00,10.831059481764946,10.831059481764946,10.144750608947293,10.168416976928711,644400,0.0,0.0
2015-08-05 00:00:00-04:00,10.1999721208449,10.334078539856014,10.018533714758398,10.034311294555664,615200,0.0,0.0
2015-08-06 00:00:00-04:00,10.026422648887017,10.026422648887017,9.58466018832217,9.813429832458496,637200,0.0,0.0
2015-08-07 00:00:00-04:00,9.734541887206586,9.85287070013952,9.6556555103738,9.726653099060059,511600,0.0,0.0
2015-08-10 00:00:00-04:00,9.805540664850666,9.908092666241597,9.69509987435666,9.852871894836426,453500,0.0,0.0
2015-08-11 00:00:00-04:00,9.766098234098909,9.908093439774547,9.742432617258434,9.884427070617676,246500,0.0,0.0
2015-08-12 00:00:00-04:00,9.715205480536293,9.755022048950195,9.611682706435296,9.755022048950195,370600,0.1175,0.0
2015-08-13 00:00:00-04:00,9.962067214524911,10.05762651938527,9.739094743746227,9.834654808044434,511600,0.0,0.0
2015-08-14 00:00:00-04:00,9.84261837142808,9.906324580218843,9.699279781367816,9.858545303344727,240800,0.0,0.0
2015-08-17 00:00:00-04:00,9.834655474215834,10.017810631078465,9.747058869248576,9.95410442352295,306100,0.0,0.0
2015-08-18 00:00:00-04:00,9.93021640869848,9.99392262666713,9.858546723624238,9.914289474487305,208500,0.0,0.0
2015-08-19 00:00:00-04:00,9.906325721278106,9.962069229969272,9.762987114707398,9.922252655029297,307500,0.0,0.0
2015-08-20 00:00:00-04:00,9.890398215967435,10.017810631078465,9.778911973026334,9.95410442352295,509100,0.0,0.0
2015-08-21 00:00:00-04:00,9.739097409581388,9.890400253270723,9.555942214990994,9.72317123413086,572000,0.0,0.0
2015-08-24 00:00:00-04:00,9.173704898436354,9.420566313907196,9.165741430985538,9.221484184265137,562400,0.0,0.0
2015-08-25 00:00:00-04:00,9.508160511234935,9.508160511234935,9.046290112163769,9.102033615112305,532100,0.0,0.0
2015-08-26 00:00:00-04:00,9.285189988870863,9.516125218528545,9.109997509994614,9.412602424621582,507600,0.0,0.0
2015-08-27 00:00:00-04:00,9.46038233735458,9.667427922314799,9.253336752394363,9.643537521362305,592000,0.0,0.0
2015-08-28 00:00:00-04:00,9.938178170268165,10.12133409907042,9.683353322652453,9.802803039550781,580200,0.0,0.0
2015-08-31 00:00:00-04:00,9.715207588331197,9.834657319488514,9.619648259068166,9.659464836120605,774000,0.0,0.0
2015-09-01 00:00:00-04:00,9.484274594275231,9.611687063405387,9.372789063505452,9.4444580078125,356000,0.0,0.0
2015-09-02 00:00:00-04:00,9.540014747661926,9.627611365784153,9.42056578041636,9.532052040100098,336700,0.0,0.0
2015-09-03 00:00:00-04:00,9.57983179018035,9.731134632800352,9.500199394614393,9.58779525756836,373800,0.0,0.0
2015-09-04 00:00:00-04:00,9.436493770985821,9.603722799516444,9.364824078838682,9.460383415222168,273100,0.0,0.0
2015-09-08 00:00:00-04:00,9.619648152053864,9.747060589653831,9.563905400463387,9.731134414672852,233200,0.0,0.0
2015-09-09 00:00:00-04:00,9.826692009840322,9.842618182012567,9.627609921340925,9.635573387145996,262200,0.0,0.0
2015-09-10 00:00:00-04:00,9.532052881874971,9.707244614714567,9.436493547752079,9.60372257232666,321200,0.0,0.0
2015-09-11 00:00:00-04:00,9.563905308174784,9.74706049559784,9.563905308174784,9.707243919372559,297300,0.0,0.0
2015-09-14 00:00:00-04:00,9.755023669947171,9.81076641932671,9.691317453673985,9.76298713684082,288400,0.0,0.0
2015-09-15 00:00:00-04:00,9.762985895673946,9.762985895673946,9.532050701182902,9.675389289855957,188200,0.0,0.0
2015-09-16 00:00:00-04:00,9.667426680748425,9.74705906204903,9.651499748825557,9.69927978515625,225100,0.0,0.0
2015-09-17 00:00:00-04:00,9.69928025534741,9.91428853066368,9.635574043443482,9.802803039550781,336700,0.0,0.0
2015-09-18 00:00:00-04:00,9.64353869195392,9.762988432901896,9.460383485713699,9.547979354858398,1002400,0.0,0.0
2015-09-21 00:00:00-04:00,9.619647024768417,9.778912553104727,9.51612424149033,9.667427062988281,346700,0.0,0.0
2015-09-22 00:00:00-04:00,9.563905759417468,9.619648513100092,9.33297051774052,9.356860160827637,363800,0.0,0.0
2015-09-23 00:00:00-04:00,9.404640436377782,9.651501859669066,9.332970745926092,9.60372257232666,324000,0.0,0.0
2015-09-24 00:00:00-04:00,9.524089743040694,9.56390632349296,9.428530405618117,9.436493873596191,333100,0.0,0.0
2015-09-25 00:00:00-04:00,9.500199317932129,9.595758647502786,9.356859943857122,9.500199317932129,403800,0.0,0.0
2015-09-28 00:00:00-04:00,9.468345086479145,9.468345086479145,9.189629838668765,9.229446411132812,416500,0.0,0.0
2015-09-29 00:00:00-04:00,9.237409016411023,9.309077928839859,9.133886241429972,9.15777587890625,309300,0.0,0.0
2015-09-30 00:00:00-04:00,9.221483129162133,9.309078982784403,9.15777691572085,9.293152809143066,258300,0.0,0.0
2015-10-01 00:00:00-04:00,9.293152133804597,9.675389386674896,9.221482459031938,9.65149974822998,494500,0.0,0.0
2015-10-02 00:00:00-04:00,9.595758417267403,9.707243919372559,9.317043143128464,9.707243919372559,501900,0.0,0.0
2015-10-05 00:00:00-04:00,9.723169981589628,9.898362445605448,9.675389942516967,9.890398979187012,286200,0.0,0.0
2015-10-06 00:00:00-04:00,9.86650991066149,10.033738917941788,9.778913293862573,9.874472618103027,250600,0.0,0.0
2015-10-07 00:00:00-04:00,9.882437164671106,10.169115928151063,9.882437164671106,10.145225524902344,636700,0.0,0.0
2015-10-08 00:00:00-04:00,10.13726173588479,10.344307334183538,10.121335560328456,10.312454223632812,329200,0.0,0.0
2015-10-09 00:00:00-04:00,10.33634311062484,10.33634311062484,10.161151395129439,10.264674186706543,233600,0.0,0.0
2015-10-12 00:00:00-04:00,10.27263689418324,10.392086619589744,10.24874725287714,10.264674186706543,176900,0.0,0.0
2015-10-13 00:00:00-04:00,10.232820136727376,10.320415986413359,9.985958001157162,10.05762767791748,285600,0.0,0.0
2015-10-14 00:00:00-04:00,10.05762940879798,10.216894962653289,9.962070076484798,9.99392318725586,253200,0.0,0.0
2015-10-15 00:00:00-04:00,10.057628603552336,10.27263689418324,9.970032745804636,10.264674186706543,182800,0.0,0.0
2015-10-16 00:00:00-04:00,10.304490369247794,10.360233880197189,10.193004866225069,10.344306945800781,332000,0.0,0.0
2015-10-19 00:00:00-04:00,10.28856508968341,10.575243098825494,10.240785041774012,10.551353454589844,302600,0.0,0.0
2015-10-20 00:00:00-04:00,10.511535621077552,10.718581204931382,10.471719045807507,10.670801162719727,258100,0.0,0.0
2015-10-21 00:00:00-04:00,10.646910691045866,10.750433474899676,10.224856848747985,10.280599594116211,352400,0.0,0.0
2015-10-22 00:00:00-04:00,10.37616078626347,10.495610524338902,10.288564919225289,10.48764705657959,349800,0.0,0.0
2015-10-23 00:00:00-04:00,10.511536101065873,10.511536101065873,10.097445673887607,10.113371849060059,508000,0.0,0.0
2015-10-26 00:00:00-04:00,10.121334075927734,10.248746499444259,9.97799471975267,10.121334075927734,475300,0.0,0.0
2015-10-27 00:00:00-04:00,10.073553656688413,10.224856473474683,10.01781091336606,10.153186798095703,311500,0.0,0.0
2015-10-28 00:00:00-04:00,10.185041731500862,10.567279815673828,10.185041731500862,10.567279815673828,397900,0.0,0.0
2015-10-29 00:00:00-04:00,10.511538111845958,10.57524434359838,10.431905701874525,10.543391227722168,246200,0.0,0.0
2015-10-30 00:00:00-04:00,10.519496429090372,10.543386064438806,10.2965247271501,10.415973663330078,278500,0.0,0.0
2015-11-02 00:00:00-05:00,10.408012847058618,10.591168789840761,10.360233564202762,10.55931568145752,290100,0.0,0.0
2015-11-03 00:00:00-05:00,10.55931601126334,10.949516791004932,10.55931601126334,10.845993995666504,481300,0.0,0.0
2015-11-04 00:00:00-05:00,10.853955747113543,10.941551594197032,10.678763293508652,10.750432968139648,427000,0.0,0.0
2015-11-05 00:00:00-05:00,10.798215497235317,10.798215497235317,10.678765758795002,10.734508514404297,260800,0.0,0.0
2015-11-06 00:00:00-05:00,10.654876003834753,10.830068496058466,10.551353202040652,10.806178092956543,329700,0.0,0.0
2015-11-09 00:00:00-05:00,10.694691563544557,10.766361247143038,10.487645979690729,10.670801162719727,252700,0.0,0.0
2015-11-10 00:00:00-05:00,10.66283824378581,10.893773464447317,10.599132028392154,10.861920356750488,471300,0.0,0.0
2015-11-11 00:00:00-05:00,10.86988406214576,10.94155375090368,10.646912287795166,10.654875755310059,409100,0.0,0.0
2015-11-12 00:00:00-05:00,10.620731926753578,10.765340460843737,10.556461296898764,10.580562591552734,215000,0.1175,0.0
2015-11-13 00:00:00-05:00,10.500223186138008,10.588595870627067,10.347580642459352,10.35561466217041,336000,0.0,0.0
2015-11-16 00:00:00-05:00,10.347580987895268,10.42791888918892,10.235107006684576,10.419885635375977,271300,0.0,0.0
2015-11-17 00:00:00-05:00,10.347578374937605,10.540390208753344,10.291341781616211,10.291341781616211,206100,0.0,0.0
2015-11-18 00:00:00-05:00,10.315443069301649,10.315443069301649,10.130664487270307,10.291341781616211,335100,0.0,0.0
2015-11-19 00:00:00-05:00,10.28330951660638,10.379715449948053,10.154768272150816,10.267241477966309,135500,0.0,0.0
2015-11-20 00:00:00-05:00,10.339545516348924,10.387748863290907,10.275274897870416,10.331511497497559,374900,0.0,0.0
2015-11-23 00:00:00-05:00,10.307412294865705,10.452021598815918,10.283310999596123,10.452021598815918,193800,0.0,0.0
2015-11-24 00:00:00-05:00,10.395783652886237,10.500223614895742,10.259209143052923,10.49219036102295,151300,0.0,0.0
2015-11-25 00:00:00-05:00,10.476122437517011,10.685002363860315,10.460055163426318,10.660901069641113,156300,0.0,0.0
2015-11-27 00:00:00-05:00,10.644832469445076,10.821577072143555,10.588595863836314,10.821577072143555,131000,0.0,0.0
2015-11-30 00:00:00-05:00,10.837644840794706,10.926017529266744,10.676968270163263,10.70910358428955,431700,0.0,0.0
2015-12-01 00:00:00-05:00,10.757307623353949,10.893882908626408,10.668934929256258,10.837645530700684,259400,0.0,0.0
2015-12-02 00:00:00-05:00,10.81354401577406,10.821578036195685,10.339547537227178,10.379716873168945,357900,0.0,0.0
2015-12-03 00:00:00-05:00,10.411849981818524,10.452019309246097,10.026225511146476,10.042293548583984,409000,0.0,0.0
2015-12-04 00:00:00-05:00,10.066396409299358,10.299377625333433,10.066396409299358,10.098531723022461,380000,0.0,0.0
2015-12-07 00:00:00-05:00,10.090497550505686,10.194936735972147,9.945888268834825,10.074429512023926,232200,0.0,0.0
2015-12-08 00:00:00-05:00,10.00212398045721,10.050327325443535,9.72897347992245,9.801278114318848,501300,0.0,0.0
2015-12-09 00:00:00-05:00,9.769146650005531,10.018195959117431,9.745045351112921,9.777180671691895,672000,0.0,0.0
2015-12-10 00:00:00-05:00,9.785212787600896,9.953923379323887,9.745043453158978,9.897686004638672,409300,0.0,0.0
2015-12-11 00:00:00-05:00,9.753078957956571,9.961958149752077,9.664706255498428,9.761112213134766,682400,0.0,0.0
2015-12-14 00:00:00-05:00,9.737008007315753,9.849481974051086,9.560263421350577,9.664703369140625,314600,0.0,0.0
2015-12-15 00:00:00-05:00,9.72897384256346,9.793244460830087,9.664703224296833,9.720940589904785,362000,0.0,0.0
2015-12-16 00:00:00-05:00,9.785213237982099,9.905720480688077,9.720942606383396,9.889653205871582,592900,0.0,0.0
2015-12-17 00:00:00-05:00,9.889654256149658,9.913755554017131,9.70487559605518,9.761112213134766,362800,0.0,0.0
2015-12-18 00:00:00-05:00,9.761111154215897,9.761111154215897,9.32728400883222,9.351386070251465,1138100,0.0,0.0
2015-12-21 00:00:00-05:00,9.41565576140888,9.608467636509497,9.399587722067352,9.592399597167969,405900,0.0,0.0
2015-12-22 00:00:00-05:00,9.61650272364371,9.75307800854186,9.536164050350788,9.640604019165039,415600,0.0,0.0
2015-12-23 00:00:00-05:00,9.70487559605518,9.761112213134766,9.584368340551372,9.761112213134766,324000,0.0,0.0
2015-12-24 00:00:00-05:00,9.761110341708623,9.809313694368338,9.648637129113117,9.737009048461914,99600,0.0,0.0
2015-12-28 00:00:00-05:00,9.712907488733935,9.76914409348879,9.624534805643414,9.74504280090332,192100,0.0,0.0
2015-12-29 00:00:00-05:00,9.77717921749067,9.913754501179506,9.745043901691318,9.889653205871582,508700,0.0,0.0
2015-12-30 00:00:00-05:00,9.889650785766081,9.937853364586228,9.76110878785794,9.801278114318848,288800,0.0,0.0
2015-12-31 00:00:00-05:00,9.769143927167905,9.785211966062176,9.59239933016224,9.600433349609375,412600,0.0,0.0
2016-01-04 00:00:00-05:00,9.36745323331228,9.391554528277723,9.11037071057062,9.1826753616333,505700,0.0,0.0
2016-01-05 00:00:00-05:00,9.19874195690434,9.351385268134422,9.110370037779653,9.295147895812988,846100,0.0,0.0
2016-01-06 00:00:00-05:00,9.166605174752867,9.246943827383573,8.877387404381436,8.941658020019531,587800,0.0,0.0
2016-01-07 00:00:00-05:00,8.74081217825505,8.877387428397018,8.684575580961125,8.692608833312988,667200,0.0,0.0
2016-01-08 00:00:00-05:00,8.957729334492745,9.070203345714873,8.636376111238839,8.644410133361816,749100,0.0,0.0
2016-01-11 00:00:00-05:00,8.660475645732356,8.94166023337614,8.644408370928737,8.909524917602539,600300,0.0,0.0
2016-01-12 00:00:00-05:00,8.989862555712621,9.005930596203164,8.539968148306214,8.59620475769043,499800,0.0,0.0
2016-01-13 00:00:00-05:00,8.596204185090018,8.596204185090018,8.03383583020867,8.049903869628906,763300,0.0,0.0
2016-01-14 00:00:00-05:00,8.106141112140476,8.106141112140476,7.832990549866218,7.873159885406494,931100,0.0,0.0
2016-01-15 00:00:00-05:00,7.656244828257961,7.776752817487366,7.358993014024744,7.49556827545166,952400,0.0,0.0
2016-01-19 00:00:00-05:00,7.583938825040843,7.624108147565132,7.391126996323573,7.455397605895996,743200,0.0,0.0
2016-01-20 00:00:00-05:00,7.326858157518884,7.75265124038412,7.2304522198606955,7.6080427169799805,1587900,0.0,0.0
2016-01-21 00:00:00-05:00,7.6000105612188475,7.7285518429547855,7.543773942000993,7.632145881652832,585900,0.0,0.0
2016-01-22 00:00:00-05:00,7.704449517688856,7.857092077871734,7.567874232499052,7.7687201499938965,669000,0.0,0.0
2016-01-25 00:00:00-05:00,7.728550988540067,7.969566248233221,7.656246334015482,7.6803483963012695,524700,0.0,0.0
2016-01-26 00:00:00-05:00,7.744619258394863,8.130243072339962,7.688381877569727,8.114175796508789,723600,0.0,0.0
2016-01-27 00:00:00-05:00,8.074005796941526,8.122208386656776,7.865125865065169,7.873159885406494,447800,0.0,0.0
2016-01-28 00:00:00-05:00,7.969564773369837,8.025801375963306,7.8731588405669255,7.913328170776367,332500,0.0,0.0
2016-01-29 00:00:00-05:00,7.9534958355214584,8.18647700499365,7.945462583320885,8.154341697692871,682400,0.0,0.0
2016-02-01 00:00:00-05:00,8.057935897878595,8.057935897878595,7.7928194170887695,7.945462703704834,408300,0.0,0.0
2016-02-02 00:00:00-05:00,7.849058823458384,7.849058823458384,7.65624616037689,7.7687201499938965,350400,0.0,0.0
2016-02-03 00:00:00-05:00,7.832990587322789,7.8570918822956655,7.688381285152828,7.849058628082275,506000,0.0,0.0
2016-02-04 00:00:00-05:00,7.849058079317872,7.929395978999444,7.76871941347,7.897260665893555,522100,0.0,0.0
2016-02-05 00:00:00-05:00,7.832990587322789,7.897261218028027,7.72855062088519,7.849058628082275,547500,0.0,0.0
2016-02-08 00:00:00-05:00,7.744617786412241,7.784786351438732,7.583940461641212,7.720515727996826,420900,0.0,0.0
2016-02-09 00:00:00-05:00,7.616076946258544,7.816922866986878,7.583941629588667,7.616076946258545,521900,0.0,0.0
2016-02-10 00:00:00-05:00,7.7124831970125705,7.953497674409063,7.632144527102847,7.70444917678833,500300,0.0,0.0
2016-02-11 00:00:00-05:00,7.580411383753107,7.734948106762806,7.531610884875266,7.596678733825684,438400,0.1175,0.0
2016-02-12 00:00:00-05:00,7.6942818509892925,7.913885685631324,7.5966800605183815,7.848817825317383,421200,0.0,0.0
2016-02-16 00:00:00-05:00,7.938286670122035,8.076556066424965,7.897619063738219,8.027754783630371,368800,0.0,0.0
2016-02-17 00:00:00-05:00,8.084689413579575,8.385629252034827,8.084689413579575,8.182291984558105,456000,0.0,0.0
2016-02-18 00:00:00-05:00,8.206691352855122,8.442562526618897,8.166023748619292,8.328693389892578,544400,0.0,0.0
2016-02-19 00:00:00-05:00,8.320559713911406,8.393761246401892,8.27989288534561,8.328693389892578,336800,0.0,0.0
2016-02-22 00:00:00-05:00,8.43443211582895,8.564567879226566,8.36936423413014,8.39376449584961,354700,0.0,0.0
2016-02-23 00:00:00-05:00,8.353097045127562,8.491365701946835,8.263628132534159,8.312429428100586,336900,0.0,0.0
2016-02-24 00:00:00-05:00,8.239224027871728,8.410027319145927,8.133488583209612,8.353093147277832,245200,0.0,0.0
2016-02-25 00:00:00-05:00,8.751637248411033,9.215246026728405,8.605234149712825,8.74350357055664,510800,0.0,0.0
2016-02-26 00:00:00-05:00,8.76790184505359,8.849237053858165,8.65403348353123,8.78416919708252,437500,0.0,0.0
2016-02-29 00:00:00-05:00,8.792303085327148,8.889904872846545,8.767902056694757,8.792303085327148,503600,0.0,0.0
2016-03-01 00:00:00-05:00,8.865503980787109,8.898037910461426,8.816703474110668,8.898037910461426,278600,0.0,0.0
2016-03-02 00:00:00-05:00,8.889904996940176,9.223377969537225,8.8329700383399,9.21524429321289,439900,0.0,0.0
2016-03-03 00:00:00-05:00,9.247778252110551,9.418581577111858,9.18271039265006,9.353513717651367,432500,0.0,0.0
2016-03-04 00:00:00-05:00,9.361649018194859,9.597520243578986,9.288447469684233,9.52431869506836,542100,0.0,0.0
2016-03-07 00:00:00-05:00,9.499916430199496,9.55685061115794,9.264045254653038,9.426714897155762,696100,0.0,0.0
2016-03-08 00:00:00-05:00,9.402314786896293,9.434848715888872,9.288445647587235,9.345379829406738,665700,0.0,0.0
2016-03-09 00:00:00-05:00,9.353513645758134,9.459249110486244,9.320979716277954,9.394181251525879,652600,0.0,0.0
2016-03-10 00:00:00-05:00,9.613782654790015,9.711384418592923,9.312843689146911,9.369778633117676,473600,0.0,0.0
2016-03-11 00:00:00-05:00,9.48364998386147,9.621919387111879,9.475516307042007,9.605652809143066,297600,0.0,0.0
2016-03-14 00:00:00-04:00,9.589385318165714,9.719521042732865,9.483649848037377,9.556851387023926,374700,0.0,0.0
2016-03-15 00:00:00-04:00,9.524316436075553,9.73578735368919,9.475515156753167,9.597517967224121,329100,0.0,0.0
2016-03-16 00:00:00-04:00,9.532451343407237,9.678853648948103,9.491783734663061,9.564985275268555,405300,0.0,0.0
2016-03-17 00:00:00-04:00,9.548717880271708,9.703254637698265,9.508050271703134,9.613785743713379,664900,0.0,0.0
2016-03-18 00:00:00-04:00,9.670717002256325,9.906588110815267,9.662583328523645,9.711383819580078,589300,0.0,0.0
2016-03-21 00:00:00-04:00,9.670718071059824,9.703251993916354,9.491781107513956,9.573116302490234,403700,0.0,0.0
2016-03-22 00:00:00-04:00,9.540583115084301,9.58938439493362,9.31284561901755,9.377913475036621,334900,0.0,0.0
2016-03-23 00:00:00-04:00,9.377914089354396,9.377914089354396,9.125776324681244,9.133909225463867,463700,0.0,0.0
2016-03-24 00:00:00-04:00,9.052575789086054,9.255913068870548,8.97937424425641,9.223379135131836,362900,0.0,0.0
2016-03-28 00:00:00-04:00,9.280311337207326,9.353512866355569,9.166442981350057,9.264044761657715,297800,0.0,0.0
2016-03-29 00:00:00-04:00,9.272180114161781,9.556852630443059,9.264047212070759,9.52431869506836,506300,0.0,0.0
2016-03-30 00:00:00-04:00,9.589383934365797,9.621917860812763,9.483648479495658,9.540582656860352,277900,0.0,0.0
2016-03-31 00:00:00-04:00,9.52431647322414,9.735787391662598,9.442981265926264,9.735787391662598,519100,0.0,0.0
2016-04-01 00:00:00-04:00,9.64631861201212,9.662585963914262,9.47551529538977,9.516182899475098,330700,0.0,0.0
2016-04-04 00:00:00-04:00,9.508049964904785,9.59751885600276,9.47551603423373,9.508049964904785,283300,0.0,0.0
2016-04-05 00:00:00-04:00,9.43484853826265,9.467382466642725,9.272178120692228,9.288445472717285,457900,0.0,0.0
2016-04-06 00:00:00-04:00,9.296579148729814,9.296579148729814,9.150176083184451,9.288445472717285,326300,0.0,0.0
2016-04-07 00:00:00-04:00,9.215245077976435,9.36164816160177,9.101375926748938,9.158310890197754,475700,0.0,0.0
2016-04-08 00:00:00-04:00,9.22337842648797,9.377914405956117,9.19897817197618,9.239645004272461,172000,0.0,0.0
2016-04-11 00:00:00-04:00,9.304712157108344,9.353513438080105,9.142042513319222,9.19897747039795,860200,0.0,0.0
2016-04-12 00:00:00-04:00,9.25591192846063,9.47551576022227,9.239644575760472,9.353513717651367,335500,0.0,0.0
2016-04-13 00:00:00-04:00,9.394182659410335,9.426716593766303,9.345381370041293,9.418582916259766,551100,0.0,0.0
2016-04-14 00:00:00-04:00,9.394181251525879,9.4185815047185,9.320979716277954,9.394181251525879,358600,0.0,0.0
2016-04-15 00:00:00-04:00,9.361646898866868,9.410447403046158,9.353513222946976,9.377913475036621,312000,0.0,0.0
2016-04-18 00:00:00-04:00,9.353513717651367,9.394181323731692,9.304712435220964,9.353513717651367,349400,0.0,0.0
2016-04-19 00:00:00-04:00,9.353513717651367,9.394181323731692,9.272178505490718,9.353513717651367,305800,0.0,0.0
2016-04-20 00:00:00-04:00,9.345379796619133,9.353513472756253,9.15017622334851,9.207110404968262,260200,0.0,0.0
2016-04-21 00:00:00-04:00,9.231514014756044,9.239646917497291,9.02817670848979,9.101377487182617,293100,0.0,0.0
2016-04-22 00:00:00-04:00,9.142044024143825,9.198978990631689,8.979374353471727,8.995641708374023,423000,0.0,0.0
2016-04-25 00:00:00-04:00,8.995641228208568,9.166444567214747,8.938706264759752,9.158310890197754,296300,0.0,0.0
2016-04-26 00:00:00-04:00,9.231510555716886,9.345378908130643,9.166442704146176,9.296578407287598,228200,0.0,0.0
2016-04-27 00:00:00-04:00,9.26404553360515,9.410447828430938,9.223377927837406,9.394181251525879,396600,0.0,0.0
2016-04-28 00:00:00-04:00,9.394181323731692,9.442981830492025,9.296579534540955,9.353513717651367,884400,0.0,0.0
2016-04-29 00:00:00-04:00,9.345380186853008,9.345380186853008,9.182710535668246,9.272178649902344,396700,0.0,0.0
2016-05-02 00:00:00-04:00,9.410449238753229,9.467384205628807,9.280313501329358,9.418582916259766,584400,0.0,0.0
2016-05-03 00:00:00-04:00,9.345379547027084,9.47551525906523,9.198977258819186,9.377913475036621,655700,0.0,0.0
2016-05-04 00:00:00-04:00,9.43484925118613,10.028593682905019,9.19084438206285,9.784588813781738,1183400,0.0,0.0
2016-05-05 00:00:00-04:00,9.792721713416178,10.0041926349221,9.686986252663218,9.971658706665039,1125800,0.0,0.0
2016-05-06 00:00:00-04:00,9.939124880272466,10.264464166177438,9.849655994896066,10.256330490112305,733700,0.0,0.0
2016-05-09 00:00:00-04:00,10.25633087542093,10.394600271042544,10.240064298349601,10.321398735046387,547900,0.0,0.0
2016-05-10 00:00:00-04:00,10.402735058179386,10.524737114086534,10.313266935558822,10.50847053527832,573300,0.0,0.0
2016-05-11 00:00:00-04:00,10.467800254820606,10.573535704950505,10.183128605089296,10.199395179748535,627600,0.0,0.0
2016-05-12 00:00:00-04:00,10.185010695368465,10.357638021864657,10.078146085256213,10.094586372375488,1059100,0.1325,0.0
2016-05-13 00:00:00-04:00,10.069927351176636,10.119249789264822,9.979503795960781,10.078147888183594,550700,0.0,0.0
2016-05-16 00:00:00-04:00,10.119249307752044,10.300096409578357,10.119249307752044,10.283656120300293,593400,0.0,0.0
2016-05-17 00:00:00-04:00,10.209674447071743,10.341199917572885,10.012386241320028,10.086369514465332,983200,0.0,0.0
2016-05-18 00:00:00-04:00,10.061705958270043,10.086367567193074,9.675350159251126,9.839756965637207,477800,0.0,0.0
2016-05-19 00:00:00-04:00,9.823313445750353,9.823313445750353,9.338312899773959,9.469839096069336,422700,0.0,0.0
2016-05-20 00:00:00-04:00,9.486280956474,9.568484744819946,9.461620133551586,9.527382850646973,444400,0.0,0.0
2016-05-23 00:00:00-04:00,9.552045387885011,9.584926752333958,9.37941802853965,9.436960220336914,359900,0.0,0.0
2016-05-24 00:00:00-04:00,9.5191630656035,9.650688510164997,9.412298445908911,9.593146324157715,561700,0.0,0.0
2016-05-25 00:00:00-04:00,9.584925015986677,9.708230698298086,9.510941763390516,9.691789627075195,451500,0.0,0.0
2016-05-26 00:00:00-04:00,9.716451957886301,9.757553858368853,9.560265676796861,9.568486213684082,282800,0.0,0.0
2016-05-27 00:00:00-04:00,9.609585898968488,9.68356915202736,9.51094182287447,9.617806434631348,344100,0.0,0.0
2016-05-31 00:00:00-04:00,9.642467257666494,9.667128864655073,9.486280999839321,9.617806434631348,579700,0.0,0.0
2016-06-01 00:00:00-04:00,9.667129139478972,9.798654578010096,9.617806708053076,9.634247779846191,710700,0.0,0.0
2016-06-02 00:00:00-04:00,9.626028159469884,9.815095799352012,9.626028159469884,9.79865550994873,424100,0.0,0.0
2016-06-03 00:00:00-04:00,9.856196497026932,9.987721932030423,9.757552420774314,9.773993492126465,420900,0.0,0.0
2016-06-06 00:00:00-04:00,9.782213347903474,9.864417137631781,9.658908447264452,9.790433883666992,339600,0.0,0.0
2016-06-07 00:00:00-04:00,9.815093040466309,9.94661923849001,9.765771402166564,9.815093040466309,292700,0.0,0.0
2016-06-08 00:00:00-04:00,9.889078956002908,10.053485768048613,9.864418130184433,10.0370454788208,289800,0.0,0.0
2016-06-09 00:00:00-04:00,10.06992568634482,10.135688403621002,9.995942433420758,10.10280704498291,464000,0.0,0.0
2016-06-10 00:00:00-04:00,10.119249834118882,10.119249834118882,9.847977599361771,9.913741111755371,297200,0.0,0.0
2016-06-13 00:00:00-04:00,9.930178590181548,10.069924544536278,9.872636415077837,10.004161834716797,394700,0.0,0.0
2016-06-14 00:00:00-04:00,9.98772277208946,10.06992656785745,9.930180585423965,10.020604133605957,349100,0.0,0.0
2016-06-15 00:00:00-04:00,10.028823927904893,10.226112082405818,9.995942568821407,10.111027717590332,301900,0.0,0.0
2016-06-16 00:00:00-04:00,10.028823246802755,10.308315172007573,10.028823246802755,10.291874885559082,375200,0.0,0.0
2016-06-17 00:00:00-04:00,10.291877560754017,10.456284387740556,10.102809121754305,10.448063850402832,722000,0.0,0.0
2016-06-20 00:00:00-04:00,10.522045576521087,10.68645237941368,10.472723143676571,10.48094367980957,468400,0.0,0.0
2016-06-21 00:00:00-04:00,10.480945215800139,10.513826581197447,10.300097314138151,10.448063850402832,576600,0.0,0.0
2016-06-22 00:00:00-04:00,10.423401222908739,10.51382476615275,10.365858255432135,10.464502334594727,455000,0.0,0.0
2016-06-23 00:00:00-04:00,10.538485225482262,10.686451731085466,10.51382440253287,10.587807655334473,323400,0.0,0.0
2016-06-24 00:00:00-04:00,10.28365495357493,10.530265536395019,10.069925729533956,10.193230628967285,934300,0.0,0.0
2016-06-27 00:00:00-04:00,10.078146300908731,10.185010913307678,9.782213286895209,9.86441707611084,656500,0.0,0.0
2016-06-28 00:00:00-04:00,9.930178726565696,10.209670639113785,9.921958191737023,10.176789283752441,550000,0.0,0.0
2016-06-29 00:00:00-04:00,10.324758673291626,10.686453683803878,10.267215697290407,10.67823314666748,694600,0.0,0.0
2016-06-30 00:00:00-04:00,10.711112149404245,10.883739471435547,10.54670536269667,10.883739471435547,882200,0.0,0.0
2016-07-01 00:00:00-04:00,10.883741886361882,11.015267344911313,10.850860521724524,10.924843788146973,521400,0.0,0.0
2016-07-05 00:00:00-04:00,10.867301643242927,10.93306437280341,10.735776184121963,10.76043701171875,374000,0.0,0.0
2016-07-06 00:00:00-04:00,10.743996231649318,10.891962769190261,10.620691306334262,10.867301940917969,411200,0.0,0.0
2016-07-07 00:00:00-04:00,10.867300208840689,10.965944290161133,10.76043559142184,10.965944290161133,525000,0.0,0.0
2016-07-08 00:00:00-04:00,11.039928366255204,11.245437080242361,10.998826466667067,11.113911628723145,534700,0.0,0.0
2016-07-11 00:00:00-04:00,11.179673848409658,11.524928534995633,11.07280922789938,11.483826637268066,601700,0.0,0.0
2016-07-12 00:00:00-04:00,11.516709511427184,11.722218243105953,11.401624339463776,11.705777168273926,705100,0.0,0.0
2016-07-13 00:00:00-04:00,11.796198006589922,11.796198006589922,11.2947563485716,11.319417953491211,713100,0.0,0.0
2016-07-14 00:00:00-04:00,11.319419072811401,11.442723973788999,11.245435818643468,11.261876106262207,496700,0.0,0.0
2016-07-15 00:00:00-04:00,11.319420636589308,11.492047208224927,11.171454107811863,11.475606918334961,611200,0.0,0.0
2016-07-18 00:00:00-04:00,11.508487935986592,11.83730156343337,11.467386036567362,11.689335823059082,995300,0.0,0.0
2016-07-19 00:00:00-04:00,11.533148762056719,11.763319085222989,11.533148762056719,11.689335823059082,556800,0.0,0.0
2016-07-20 00:00:00-04:00,11.738655233736752,11.738655233736752,11.566027916301504,11.58246898651123,417000,0.0,0.0
2016-07-21 00:00:00-04:00,11.566029148442027,11.771537844236397,11.566029148442027,11.697554588317871,365500,0.0,0.0
2016-07-22 00:00:00-04:00,11.72221613305096,11.812639676489654,11.72221613305096,11.771537780761719,496600,0.0,0.0
2016-07-25 00:00:00-04:00,11.7962007522583,11.870183232377109,11.755098851778822,11.7962007522583,481100,0.0,0.0
2016-07-26 00:00:00-04:00,11.829081360796405,11.829081360796405,11.483826673132196,11.574250221252441,666000,0.0,0.0
2016-07-27 00:00:00-04:00,11.57424939077344,11.598910214136128,11.327638805286238,11.42628288269043,465300,0.0,0.0
2016-07-28 00:00:00-04:00,11.393400653903493,11.6153503990867,11.311197654317896,11.508485794067383,299500,0.0,0.0
2016-07-29 00:00:00-04:00,11.45094444289448,11.681113955890622,11.442723907156259,11.656453132629395,1105700,0.0,0.0
2016-08-01 00:00:00-04:00,11.66467305066224,11.705774945985704,11.516707325032591,11.598910331726074,551500,0.0,0.0
2016-08-02 00:00:00-04:00,11.574248702953755,11.640011417315154,11.385181095153081,11.442723274230957,652200,0.0,0.0
2016-08-03 00:00:00-04:00,11.385183293135523,11.631793127623679,11.105691311165165,11.549590110778809,513700,0.0,0.0
2016-08-04 00:00:00-04:00,11.664674287575995,11.664674287575995,11.39340284721052,11.459165573120117,523800,0.0,0.0
2016-08-05 00:00:00-04:00,11.508487020914716,11.59891056528437,11.409842940524149,11.524928092956543,869500,0.0,0.0
2016-08-08 00:00:00-04:00,11.63179180565881,11.985267011384218,11.598910445867153,11.771537780761719,834500,0.0,0.0
2016-08-09 00:00:00-04:00,11.779756926863728,11.861960708620787,11.730435284972181,11.812638282775879,784300,0.0,0.0
2016-08-10 00:00:00-04:00,11.837300215149643,11.837300215149643,11.557809055631049,11.656453132629395,675400,0.0,0.0
2016-08-11 00:00:00-04:00,11.681115186338724,11.681115186338724,11.434504575889035,11.516708374023438,571700,0.0,0.0
2016-08-12 00:00:00-04:00,11.502184827750368,11.709655699190991,11.493886594386051,11.634966850280762,308300,0.1325,0.0
2016-08-15 00:00:00-04:00,11.693058441023796,11.709655699190991,11.61006977587212,11.634966850280762,437700,0.0,0.0
2016-08-16 00:00:00-04:00,11.576874884170971,11.668162577406399,11.560277625407272,11.568575859069824,310100,0.0,0.0
2016-08-17 00:00:00-04:00,11.585172503340269,11.593471527434279,11.352805368777492,11.427495002746582,427600,0.0,0.0
2016-08-18 00:00:00-04:00,11.444093402181045,11.59347268503464,11.394300044083653,11.460691452026367,276900,0.0,0.0
2016-08-19 00:00:00-04:00,11.444091950983678,11.618367495067226,11.410896646941024,11.60176944732666,300000,0.0,0.0
2016-08-22 00:00:00-04:00,11.601770365307491,11.734552383422852,11.510483469826811,11.734552383422852,369900,0.0,0.0
2016-08-23 00:00:00-04:00,11.767748404002193,11.900529638734408,11.759449378971782,11.82583999633789,334100,0.0,0.0
2016-08-24 00:00:00-04:00,11.834136919728222,11.834136919728222,11.66816040578894,11.792642593383789,330500,0.0,0.0
2016-08-25 00:00:00-04:00,11.776044887540952,11.900527870181769,11.7262523276354,11.81753921508789,340500,0.0,0.0
2016-08-26 00:00:00-04:00,11.834139638722867,11.95032282945522,11.701358397063819,11.800944328308105,283200,0.0,0.0
2016-08-29 00:00:00-04:00,11.917125824611526,12.091401377369426,11.817539907526799,11.875632286071777,302800,0.0,0.0
2016-08-30 00:00:00-04:00,11.859033434774492,11.892228738222432,11.751148500709073,11.867332458496094,294000,0.0,0.0
2016-08-31 00:00:00-04:00,11.834137155048154,11.942022089113573,11.751148500709073,11.867332458496094,630500,0.0,0.0
2016-09-01 00:00:00-04:00,11.875631202453018,11.883929434540669,11.634965060265426,11.751148223876953,358000,0.0,0.0
2016-09-02 00:00:00-04:00,11.842438147337514,11.97521938320149,11.51878329134013,11.568575859069824,572300,0.0,0.0
2016-09-06 00:00:00-04:00,11.60177134283848,11.618369393290855,11.220025679697128,11.39430046081543,766900,0.0,0.0
2016-09-07 00:00:00-04:00,11.435792773116475,11.485586124229163,11.228321927784123,11.444091796875,711300,0.0,0.0
2016-09-08 00:00:00-04:00,11.410898910589982,11.410898910589982,11.236623331934336,11.29471492767334,553200,0.0,0.0
2016-09-09 00:00:00-04:00,11.095541384030133,11.145334738152396,10.763588328010092,10.995955467224121,660000,0.0,0.0
2016-09-12 00:00:00-04:00,10.971058699234673,11.170230524011954,10.962759675342667,11.145334243774414,512200,0.0,0.0
2016-09-13 00:00:00-04:00,11.078944708456344,11.078944708456344,10.763588892965759,10.9295654296875,457900,0.0,0.0
2016-09-14 00:00:00-04:00,10.97935718766889,11.17023078444281,10.904668345214919,11.087242126464844,523300,0.0,0.0
2016-09-15 00:00:00-04:00,11.070644721932092,11.269816548693937,11.045748441446484,11.261517524719238,398700,0.0,0.0
2016-09-16 00:00:00-04:00,11.203425514521147,11.28641416824113,11.037448998519636,11.153632164001465,1342800,0.0,0.0
2016-09-19 00:00:00-04:00,11.161931187661155,11.261517097262061,11.078943325379628,11.153632164001465,445400,0.0,0.0
2016-09-20 00:00:00-04:00,11.244919841381138,11.28641416824113,11.078943325379628,11.153632164001465,299400,0.0,0.0
2016-09-21 00:00:00-04:00,11.236619903317285,11.236619903317285,10.937862198826618,11.195125579833984,436100,0.0,0.0
2016-09-22 00:00:00-04:00,11.286414678366363,11.37770156843358,11.211725044930235,11.34450626373291,524900,0.0,0.0
2016-09-23 00:00:00-04:00,11.344507018517767,11.50218452847709,11.186828717119898,11.477288246154785,345100,0.0,0.0
2016-09-26 00:00:00-04:00,11.477287749481206,11.477287749481206,11.112139389281008,11.120437622070312,231400,0.0,0.0
2016-09-27 00:00:00-04:00,11.170230979068688,11.170230979068688,10.912966768005322,10.954461097717285,273800,0.0,0.0
2016-09-28 00:00:00-04:00,11.004254151566599,11.137035369873047,10.946161774978659,11.137035369873047,367400,0.0,0.0
2016-09-29 00:00:00-04:00,11.070645102688259,11.145334738152396,10.937863880280242,10.995955467224121,334800,0.0,0.0
2016-09-30 00:00:00-04:00,11.06234584581338,11.06234584581338,10.829978711485479,10.921265602111816,600300,0.0,0.0
2016-10-03 00:00:00-04:00,10.888069730123224,10.99595466330182,10.796782844251393,10.987655639648438,558700,0.0,0.0
2016-10-04 00:00:00-04:00,11.004255500637056,11.220025402556665,10.838278957406043,10.871474266052246,657100,0.0,0.0
2016-10-05 00:00:00-04:00,10.871474557333983,10.91296810067454,10.597613055805535,10.647405624389648,764100,0.0,0.0
2016-10-06 00:00:00-04:00,10.639104657971565,10.788483919345895,10.52292149151461,10.771885871887207,579000,0.0,0.0
2016-10-07 00:00:00-04:00,10.82167875818712,10.946160943028673,10.564414573692567,10.630805969238281,397700,0.0,0.0
2016-10-10 00:00:00-04:00,10.672300568918915,10.829978862997653,10.672300568918915,10.746990203857422,650000,0.0,0.0
2016-10-11 00:00:00-04:00,10.763588102016804,10.805082431007719,10.506323895423932,10.589312553405762,527500,0.0,0.0
2016-10-12 00:00:00-04:00,10.59761327403963,10.722095489501953,10.56441717238181,10.722095489501953,463600,0.0,0.0
2016-10-13 00:00:00-04:00,10.746992358028184,10.912968918139152,10.746992358028184,10.863176345825195,468000,0.0,0.0
2016-10-14 00:00:00-04:00,10.888069721593542,11.0042536783345,10.805081859440104,10.82167911529541,268500,0.0,0.0
2016-10-17 00:00:00-04:00,10.829981033803001,10.99595759391397,10.829981033803001,10.863176345825195,194300,0.0,0.0
2016-10-18 00:00:00-04:00,10.962759971618652,10.987656252529032,10.788484422368999,10.962759971618652,407800,0.0,0.0
2016-10-19 00:00:00-04:00,10.962760566282592,11.278116376861387,10.88807092806149,11.269817352294922,477500,0.0,0.0
2016-10-20 00:00:00-04:00,11.23662139424978,11.253219442420773,10.9544609068509,11.087242126464844,318200,0.0,0.0
2016-10-21 00:00:00-04:00,10.954461097717285,11.054047014162892,10.904668535213737,10.954461097717285,289100,0.0,0.0
2016-10-24 00:00:00-04:00,11.00425362299408,11.161931114299568,11.00425362299408,11.078943252563477,206900,0.0,0.0
2016-10-25 00:00:00-04:00,11.037448990130272,11.05404624599858,10.929564056951678,10.987655639648438,226300,0.0,0.0
2016-10-26 00:00:00-04:00,10.946162036067765,10.962760084471215,10.730392946892481,10.746990203857422,295000,0.0,0.0
2016-10-27 00:00:00-04:00,10.771887896714723,10.771887896714723,10.481429134535375,10.522923469543457,506400,0.0,0.0
2016-10-28 00:00:00-04:00,10.506323054076493,10.589311705412582,10.473127751829743,10.539518356323242,511700,0.0,0.0
2016-10-31 00:00:00-04:00,10.58101667190123,10.805085640137966,10.522925068923735,10.78018856048584,829800,0.0,0.0
2016-11-01 00:00:00-04:00,10.879771662886139,10.90466873603493,10.597611956813237,10.6557035446167,695500,0.0,0.0
2016-11-02 00:00:00-04:00,10.672300723147343,10.780185665013315,10.572714805603027,10.572714805603027,539400,0.0,0.0
2016-11-03 00:00:00-04:00,10.846577627109276,10.846577627109276,10.381843287376341,10.431635856628418,396900,0.0,0.0
2016-11-04 00:00:00-04:00,10.415037300684158,10.655703465942551,10.332048640344635,10.572714805603027,308500,0.0,0.0
2016-11-07 00:00:00-05:00,10.713794858521352,10.763588212107438,10.62250796695845,10.705495834350586,341300,0.0,0.0
2016-11-08 00:00:00-05:00,10.655703872622109,10.904669071704024,10.630807590145483,10.846576690673828,249800,0.0,0.0
2016-11-09 00:00:00-05:00,10.672301681784196,10.99595653645433,10.481428853872115,10.946163177490234,618100,0.0,0.0
2016-11-10 00:00:00-05:00,11.045750769803657,11.103842366994824,10.813382798161683,11.03745174407959,686700,0.0,0.0
2016-11-11 00:00:00-05:00,11.078945450334498,11.56027783477823,10.995956780697188,11.435794830322266,739500,0.0,0.0
2016-11-14 00:00:00-05:00,11.488280895930968,12.092926668750456,11.437893347754558,11.966958999633789,642200,0.1625,0.0
2016-11-15 00:00:00-05:00,11.933367093784376,11.958560466430379,11.631044219383728,11.874582290649414,438600,0.0,0.0
2016-11-16 00:00:00-05:00,11.874582451145617,11.958560628061626,11.673033064604844,11.840991020202637,2622100,0.0,0.0
2016-11-17 00:00:00-05:00,11.840990860160453,12.109722304072141,11.807399429671493,11.874582290649414,460200,0.0,0.0
2016-11-18 00:00:00-05:00,11.8493895687046,11.941766614527854,11.731819948032062,11.748615264892578,623000,0.0,0.0
2016-11-21 00:00:00-05:00,11.815799096774219,11.866186653226965,11.706626725195804,11.740218162536621,514600,0.0,0.0
2016-11-22 00:00:00-05:00,11.824194744474536,11.91657097809846,11.799001371828533,11.874582290649414,582200,0.0,0.0
2016-11-23 00:00:00-05:00,11.824194585561003,11.992151735748514,11.76540978321609,11.908173561096191,557500,0.0,0.0
2016-11-25 00:00:00-05:00,11.891378243129465,12.034142030583999,11.840991495135464,11.916571617126465,150200,0.0,0.0
2016-11-28 00:00:00-05:00,11.958559350067555,12.034140261832759,11.849387010949236,11.891376495361328,562300,0.0,0.0
2016-11-29 00:00:00-05:00,11.866185652601049,12.042540883989798,11.857787593753256,11.958561897277832,395500,0.0,0.0
2016-11-30 00:00:00-05:00,11.958560145895834,12.008947690720136,11.840990542777218,11.941764831542969,627800,0.0,0.0
2016-12-01 00:00:00-05:00,11.958560305711012,12.067732653553612,11.849387957868412,11.908173561096191,605600,0.0,0.0
2016-12-02 00:00:00-05:00,11.966960697656422,12.344864559511073,11.824196891929528,12.20210075378418,1240400,0.0,0.0
2016-12-05 00:00:00-05:00,12.34486261021439,12.45403496211291,12.17690545378701,12.437239646911621,850900,0.0,0.0
2016-12-06 00:00:00-05:00,12.378454349238096,12.630390490583945,12.378454349238096,12.563207626342773,837100,0.0,0.0
2016-12-07 00:00:00-05:00,12.588398948193005,12.890722588879786,12.563205578430036,12.806743621826172,1011300,0.0,0.0
2016-12-08 00:00:00-05:00,12.806745990803456,13.0166926463904,12.63878882651049,12.92431640625,1087900,0.0,0.0
2016-12-09 00:00:00-05:00,12.941111587977767,12.991499137184368,12.596799204528587,12.722766876220703,1487200,0.0,0.0
2016-12-12 00:00:00-05:00,12.63878885439271,12.714369778712015,12.504423122661914,12.6975736618042,1590100,0.0,0.0
2016-12-13 00:00:00-05:00,12.789948937928903,12.840336483970761,12.596798413348013,12.71436882019043,1532300,0.0,0.0
2016-12-14 00:00:00-05:00,12.739563985277425,12.764757361401724,12.462434445261167,12.512821197509766,1065200,0.0,0.0
2016-12-15 00:00:00-05:00,12.5044245979152,12.655585663504635,12.344864671998039,12.395252227783203,1346300,0.0,0.0
2016-12-16 00:00:00-05:00,12.504422782430744,13.125864675218411,12.504422782430744,12.991498947143555,3493400,0.0,0.0
2016-12-19 00:00:00-05:00,13.041885497156235,13.50376828107859,13.041885497156235,13.47017765045166,1446600,0.0,0.0
2016-12-20 00:00:00-05:00,13.570951809804395,13.688521425414585,13.26862891138584,13.302220344543457,932000,0.0,0.0
2016-12-21 00:00:00-05:00,13.302218919269983,13.386197092724668,13.109067598646782,13.176250457763672,487200,0.0,0.0
2016-12-22 00:00:00-05:00,13.142659028205227,13.260229432101212,13.050282797140216,13.176250457763672,370500,0.0,0.0
2016-12-23 00:00:00-05:00,13.193048310949711,13.277027296350091,13.176252193516452,13.235037803649902,324900,0.0,0.0
2016-12-27 00:00:00-05:00,13.23503764568629,13.411392872215872,13.23503764568629,13.251832962036133,270400,0.0,0.0
2016-12-28 00:00:00-05:00,13.251834409116071,13.310620024967198,13.109070600579537,13.167856216430664,398900,0.0,0.0
2016-12-29 00:00:00-05:00,13.209844865744923,13.411394289421784,13.209844865744923,13.369404792785645,537200,0.0,0.0
2016-12-30 00:00:00-05:00,13.352605494953886,13.512165384008552,13.235035893421864,13.46177864074707,601800,0.0,0.0
2017-01-03 00:00:00-05:00,13.520564075548519,13.570950821172845,13.302219375488752,13.537360191345215,508600,0.0,0.0
2017-01-04 00:00:00-05:00,13.596145303711568,13.713714913427573,13.528962440764449,13.680124282836914,548200,0.0,0.0
2017-01-05 00:00:00-05:00,13.579351475083305,13.604545653594808,13.302221918521036,13.369404792785645,414400,0.0,0.0
2017-01-06 00:00:00-05:00,13.394596583010658,13.394596583010658,13.151058492442571,13.31061840057373,589400,0.0,0.0
2017-01-09 00:00:00-05:00,13.352605502383197,13.352605502383197,12.949508352535677,12.999895095825195,557100,0.0,0.0
2017-01-10 00:00:00-05:00,12.991498469902934,13.159455623826627,12.966304296152218,13.07547664642334,589900,0.0,0.0
2017-01-11 00:00:00-05:00,13.109068234376878,13.134262408429654,12.97470250962697,13.05868148803711,409500,0.0,0.0
2017-01-12 00:00:00-05:00,13.067080502946304,13.100671936593653,12.806746291517129,13.050284385681152,367200,0.0,0.0
2017-01-13 00:00:00-05:00,13.17625220155503,13.30222067973245,13.058682582982323,13.209843635559082,420200,0.0,0.0
2017-01-17 00:00:00-05:00,13.344209836211213,13.436586077173926,13.14266043638257,13.302220344543457,469000,0.0,0.0
2017-01-18 00:00:00-05:00,13.327414348337689,13.361005783081055,13.16785523352744,13.361005783081055,384200,0.0,0.0
2017-01-19 00:00:00-05:00,13.352605663166223,13.361003720776548,12.974701880413,13.176250457763672,348000,0.0,0.0
2017-01-20 00:00:00-05:00,13.125865895827275,13.377802059837295,13.125865895827275,13.344210624694824,528700,0.0,0.0
2017-01-23 00:00:00-05:00,13.386198994724255,13.436586546662747,13.243435999478296,13.394597053527832,332600,0.0,0.0
2017-01-24 00:00:00-05:00,13.4785737991333,13.57095083433899,13.37780030778688,13.4785737991333,487500,0.0,0.0
2017-01-25 00:00:00-05:00,13.5457566474778,13.587746936969543,13.444983156229148,13.537360191345215,415900,0.0,0.0
2017-01-26 00:00:00-05:00,13.58774881551156,13.772501309520452,13.54575852021455,13.738910675048828,453400,0.0,0.0
2017-01-27 00:00:00-05:00,13.738910717555333,13.738910717555333,13.428188938460059,13.5205659866333,322600,0.0,0.0
2017-01-30 00:00:00-05:00,13.512165716088179,13.512165716088179,13.151057243347168,13.151057243347168,462700,0.0,0.0
2017-01-31 00:00:00-05:00,13.117466123159144,13.327412765592964,13.092272750314292,13.293821334838867,791100,0.0,0.0
2017-02-01 00:00:00-05:00,13.310619686145897,13.503770245200428,13.159457821923729,13.243436813354492,787600,0.0,0.0
2017-02-02 00:00:00-05:00,13.209843635559082,13.235037811724343,13.02509114897827,13.209843635559082,852200,0.0,0.0
2017-02-03 00:00:00-05:00,13.319015019647352,13.486972177351797,13.193047351589746,13.41978931427002,523900,0.0,0.0
2017-02-06 00:00:00-05:00,13.419789957653443,13.428188016162016,13.209843300236715,13.31061840057373,486100,0.0,0.0
2017-02-07 00:00:00-05:00,13.327415003902239,13.495372185880749,13.18465119899975,13.243436813354492,361400,0.0,0.0
2017-02-08 00:00:00-05:00,13.235035111799572,13.44498173171689,13.134260830345195,13.41139030456543,529800,0.0,0.0
2017-02-09 00:00:00-05:00,13.352606773376465,13.436585754696486,13.310618083599374,13.352606773376465,476200,0.0,0.0
2017-02-10 00:00:00-05:00,13.363637912394287,13.541819783593343,13.304244225054036,13.465456008911133,472600,0.163,0.0
2017-02-13 00:00:00-05:00,13.524849692310617,13.541819779647632,13.380607995837508,13.499395370483398,336600,0.0,0.0
2017-02-14 00:00:00-05:00,13.414547345893304,13.677578035066166,13.329698527662497,13.635152816772461,540900,0.0,0.0
2017-02-15 00:00:00-05:00,13.567272332282265,13.694544734000152,13.465454249072316,13.66909122467041,505800,0.0,0.0
2017-02-16 00:00:00-05:00,13.686062746165298,13.80485175019122,13.65212418669843,13.728487968444824,535500,0.0,0.0
2017-02-17 00:00:00-05:00,13.770909526403319,13.770909526403319,13.380607249559972,13.524848937988281,1200800,0.0,0.0
2017-02-21 00:00:00-05:00,13.652122881097931,13.906667717005062,13.516365419499914,13.838788986206055,867600,0.0,0.0
2017-02-22 00:00:00-05:00,13.864242553710938,13.906666148792613,13.70302997935902,13.796363830566406,661900,0.0,0.0
2017-02-23 00:00:00-05:00,13.847273635027815,13.855758678430334,13.592728806378434,13.720001220703125,464800,0.0,0.0
2017-02-24 00:00:00-05:00,13.448486521058117,13.736971527946928,13.287273930536351,13.54181957244873,677800,0.0,0.0
2017-02-27 00:00:00-05:00,13.448487462419507,13.669093754797359,13.40606305093479,13.575759887695312,750400,0.0,0.0
2017-02-28 00:00:00-05:00,13.533333800464161,13.533333800464161,13.032727587123738,13.058182716369629,934600,0.0,0.0
2017-03-01 00:00:00-05:00,13.109091006844212,13.253333498677211,13.007272920111191,13.13454532623291,703300,0.0,0.0
2017-03-02 00:00:00-05:00,13.117577005282472,13.126062048756227,13.007273867658505,13.100606918334961,488600,0.0,0.0
2017-03-03 00:00:00-05:00,13.44848543984926,13.44848543984926,12.88848474899271,13.066666603088379,937100,0.0,0.0
2017-03-06 00:00:00-05:00,13.024243353220019,13.185455125886103,12.930909497674909,13.058182716369629,942700,0.0,0.0
2017-03-07 00:00:00-05:00,13.04121187970858,13.143029963297971,12.973333157315654,13.049696922302246,668500,0.0,0.0
2017-03-08 00:00:00-05:00,13.015757964305745,13.109091008192724,12.956364282666597,13.066666603088379,861000,0.0,0.0
2017-03-09 00:00:00-05:00,13.015760217820404,13.19394210276602,12.9818208496964,13.024245262145996,1131900,0.0,0.0
2017-03-10 00:00:00-05:00,13.075152410455852,13.126061861393412,12.7696981323653,12.905455589294434,1706700,0.0,0.0
2017-03-13 00:00:00-04:00,12.99878842378145,13.244849012692933,12.880001055521033,13.083637237548828,1054000,0.0,0.0
2017-03-14 00:00:00-04:00,13.015757561105783,13.143029963297971,12.956363881306523,13.049696922302246,628300,0.0,0.0
2017-03-15 00:00:00-04:00,13.0836379679614,13.321213526923485,13.0836379679614,13.261819839477539,878700,0.0,0.0
2017-03-16 00:00:00-04:00,13.261818884254064,13.363636973618338,13.21939447805772,13.295758247375488,639400,0.0,0.0
2017-03-17 00:00:00-04:00,13.389091091778434,13.482424945838709,13.202425002014351,13.236364364624023,4740400,0.0,0.0
2017-03-20 00:00:00-04:00,13.261820266961598,13.440002144221287,12.998789568462694,13.109092712402344,649300,0.0,0.0
2017-03-21 00:00:00-04:00,13.100606927842268,13.109091971322181,12.829092009911324,12.998788833618164,887100,0.0,0.0
2017-03-22 00:00:00-04:00,13.007273877098077,13.109091971322181,12.769698323908502,12.998788833618164,565600,0.0,0.0
2017-03-23 00:00:00-04:00,12.981819891063857,13.244849772307061,12.922425394349016,13.092123031616211,524500,0.0,0.0
2017-03-24 00:00:00-04:00,13.075153355944314,13.244850189376823,13.01575966653752,13.041213989257812,465900,0.0,0.0
2017-03-27 00:00:00-04:00,12.947880722128767,13.151516918928738,12.947880722128767,13.11757755279541,1110900,0.0,0.0
2017-03-28 00:00:00-04:00,13.092123230489992,13.12606259662332,12.829092536072958,13.11757755279541,631000,0.0,0.0
2017-03-29 00:00:00-04:00,13.092122266320668,13.321212768554688,13.041212816280742,13.321212768554688,545100,0.0,0.0
2017-03-30 00:00:00-04:00,13.338184126584158,13.558789606647027,13.2618203488331,13.516366004943848,643800,0.0,0.0
2017-03-31 00:00:00-04:00,13.490911470165027,13.660609121203777,13.482427234955786,13.55879020690918,1071500,0.0,0.0
2017-04-03 00:00:00-04:00,13.558787904826797,13.558787904826797,13.117576190901053,13.236364364624023,688500,0.0,0.0
2017-04-04 00:00:00-04:00,13.210909840852969,13.37212242751625,13.160001199195921,13.24484920501709,586800,0.0,0.0
2017-04-05 00:00:00-04:00,13.27878837002256,13.380607270166088,13.185455322265625,13.185455322265625,497900,0.0,0.0
2017-04-06 00:00:00-04:00,13.193941297347939,13.372123171416522,13.066668067768484,13.35515308380127,372300,0.0,0.0
2017-04-07 00:00:00-04:00,13.329698578679242,13.414547397234792,13.168486794437664,13.193941116333008,693800,0.0,0.0
2017-04-10 00:00:00-04:00,13.185457531727396,13.440003206383432,13.14303311775499,13.380609512329102,415600,0.0,0.0
2017-04-11 00:00:00-04:00,13.380609129839556,13.55879020690918,13.33818471707987,13.55879020690918,430000,0.0,0.0
2017-04-12 00:00:00-04:00,13.541820317239953,13.59272977209373,13.304244749338432,13.584244728088379,830400,0.0,0.0
2017-04-13 00:00:00-04:00,13.609699691046155,13.770910670075294,13.567274471546396,13.75394058227539,821800,0.0,0.0
2017-04-17 00:00:00-04:00,13.796365728576744,13.86424446105957,13.745457083803784,13.86424446105957,446600,0.0,0.0
2017-04-18 00:00:00-04:00,13.864245959650168,13.915154609925859,13.796367219830307,13.881216049194336,676000,0.0,0.0
2017-04-19 00:00:00-04:00,13.90666649264612,14.16121292449929,13.90666649264612,14.025455474853516,771900,0.0,0.0
2017-04-20 00:00:00-04:00,14.033941862507877,14.144244194030762,13.898182781496974,14.144244194030762,688800,0.0,0.0
2017-04-21 00:00:00-04:00,14.203636515603863,14.330908922307183,14.12727274791058,14.22909164428711,1096400,0.0,0.0
2017-04-24 00:00:00-04:00,14.356364106645762,14.398787702925848,14.135757845605102,14.322423934936523,851200,0.0,0.0
2017-04-25 00:00:00-04:00,14.37333622277236,14.560002338470866,14.339396046268982,14.4921236038208,594500,0.0,0.0
2017-04-26 00:00:00-04:00,14.466667104133176,14.806062363662413,14.432728549194175,14.64484977722168,716600,0.0,0.0
2017-04-27 00:00:00-04:00,14.704244980096185,14.780608759537873,14.56848750961245,14.593942642211914,531100,0.0,0.0
2017-04-28 00:00:00-04:00,14.619393912464664,14.619393912464664,14.008485389058679,14.025455474853516,648600,0.0,0.0
2017-05-01 00:00:00-04:00,14.093337013331114,14.37333701142049,14.016973230365213,14.29697322845459,921500,0.0,0.0
2017-05-02 00:00:00-04:00,14.305457297590172,14.432729721069336,14.280002165551672,14.432729721069336,514300,0.0,0.0
2017-05-03 00:00:00-04:00,14.390302803875205,14.500606744676602,14.178181583641031,14.356364250183105,751000,0.0,0.0
2017-05-04 00:00:00-04:00,14.407272889899494,14.670304368206532,14.0848493472204,14.356364250183105,742000,0.0,0.0
2017-05-05 00:00:00-04:00,14.39030414081005,14.560001780105782,14.38182071536623,14.543031692504883,583400,0.0,0.0
2017-05-08 00:00:00-04:00,14.585454244582715,14.653332964218178,14.339392874431452,14.534543991088867,495500,0.0,0.0
2017-05-09 00:00:00-04:00,14.551516126793999,14.619394855997767,14.449698842166628,14.568486213684082,819800,0.0,0.0
2017-05-10 00:00:00-04:00,14.101819294149264,14.398787704862732,14.093334251220814,14.254545211791992,8381200,0.0,0.0
2017-05-11 00:00:00-04:00,14.220608940781593,14.29697272103725,14.067881380270284,14.076366424560547,2508100,0.0,0.0
2017-05-12 00:00:00-04:00,14.144946125630309,14.170664798135316,13.844901486852168,13.90491008758545,3005500,0.17,0.0
2017-05-15 00:00:00-04:00,13.94777284457045,14.247817446838626,13.94777284457045,14.067790031433105,1479400,0.0,0.0
2017-05-16 00:00:00-04:00,14.119227131245708,14.256390111255335,14.050645641240893,14.179237365722656,1260200,0.0,0.0
2017-05-17 00:00:00-04:00,14.076364369696153,14.28210884053695,14.050645697674163,14.196381568908691,1412400,0.0,0.0
2017-05-18 00:00:00-04:00,14.239245765614044,14.565007429795475,14.084937006486959,14.487853050231934,1043200,0.0,0.0
2017-05-19 00:00:00-04:00,14.504997854993096,14.75360512287815,14.410697700737611,14.702169418334961,1626000,0.0,0.0
2017-05-22 00:00:00-04:00,14.736462007001379,15.062223672001606,14.633588955620858,15.010787963867188,1101000,0.0,0.0
2017-05-23 00:00:00-04:00,15.036507366452565,15.16509746059554,14.993642911663734,15.087943077087402,1624900,0.0,0.0
2017-05-24 00:00:00-04:00,15.096517304444315,15.190815843103879,15.002217130672848,15.122234344482422,1043100,0.0,0.0
2017-05-25 00:00:00-04:00,15.302258917263284,15.456567668866763,15.259394466755875,15.387986183166504,1235400,0.0,0.0
2017-05-26 00:00:00-04:00,15.396556273414511,15.499429311738401,15.345120571808303,15.465139389038086,846500,0.0,0.0
2017-05-30 00:00:00-04:00,15.4308530611129,15.499434564868922,15.310835838317871,15.310835838317871,1245200,0.0,0.0
2017-05-31 00:00:00-04:00,15.353694273573502,15.405129977901,15.09651411682445,15.345121383666992,1453400,0.0,0.0
2017-06-01 00:00:00-04:00,15.37941095539309,15.559436714825486,15.233675116042956,15.516573905944824,1099400,0.0,0.0
2017-06-02 00:00:00-04:00,15.576584987239647,15.730893740102982,15.542293426553746,15.688029289245605,913000,0.0,0.0
2017-06-05 00:00:00-04:00,15.688029353993391,15.72232091482082,15.44799496864785,15.52514934539795,849400,0.0,0.0
2017-06-06 00:00:00-04:00,15.490857842262894,15.593730890016696,15.387986429620717,15.542293548583984,1166700,0.0,0.0
2017-06-07 00:00:00-04:00,15.550866786361988,15.619448274693344,15.465141152281538,15.585158348083496,864500,0.0,0.0
2017-06-08 00:00:00-04:00,15.58515748824666,15.910919131070338,15.482284443869325,15.89377498626709,923100,0.0,0.0
2017-06-09 00:00:00-04:00,16.013796799393916,16.33098564384772,15.953788187476277,16.296695709228516,1461700,0.0,0.0
2017-06-12 00:00:00-04:00,16.288120320638022,16.41671041719965,16.073802947998047,16.073802947998047,1186400,0.0,0.0
2017-06-13 00:00:00-04:00,16.150955811317456,16.37384605407715,16.022365726870767,16.37384605407715,814900,0.0,0.0
2017-06-14 00:00:00-04:00,16.399566741081916,16.4167125255219,16.030942186294325,16.210968017578125,1172500,0.0,0.0
2017-06-15 00:00:00-04:00,16.082374773702988,16.305265022696094,16.056656102049736,16.245256423950195,690000,0.0,0.0
2017-06-16 00:00:00-04:00,16.099520520383575,16.29669209730187,16.099520520383575,16.193819046020508,2761200,0.0,0.0
2017-06-19 00:00:00-04:00,16.296693160867633,16.34812887230931,16.159530173615313,16.28812026977539,824400,0.0,0.0
2017-06-20 00:00:00-04:00,16.330985238433993,16.365276807313954,16.168105191590172,16.210968017578125,921400,0.0,0.0
2017-06-21 00:00:00-04:00,16.16810266603561,16.32241143166749,16.099521174100527,16.228111267089844,746700,0.0,0.0
2017-06-22 00:00:00-04:00,16.22810934036541,16.26239926470592,16.159527856572844,16.202390670776367,630900,0.0,0.0
2017-06-23 00:00:00-04:00,16.202390882668336,16.450999786612382,16.142382287954,16.365272521972656,2203600,0.0,0.0
2017-06-26 00:00:00-04:00,16.41670839989189,16.54529848065219,16.38241847474122,16.476716995239258,752800,0.0,0.0
2017-06-27 00:00:00-04:00,16.47671856218762,16.536728798353597,16.202392594447282,16.228111267089844,686800,0.0,0.0
2017-06-28 00:00:00-04:00,16.31383681723345,16.62245268078026,16.28811814730806,16.365272521972656,730400,0.0,0.0
2017-06-29 00:00:00-04:00,16.37384521774657,16.42528092187573,15.902346085376061,15.988073348999023,841400,0.0,0.0
2017-06-30 00:00:00-04:00,16.073800612621984,16.09094639236889,15.910918975249514,15.988073348999023,819200,0.0,0.0
2017-07-03 00:00:00-04:00,16.090946814173723,16.37384564696726,15.996646658205345,16.3138370513916,418100,0.0,0.0
2017-07-05 00:00:00-04:00,16.356700695919468,16.356700695919468,16.099520520383575,16.193819046020508,1102600,0.0,0.0
2017-07-06 00:00:00-04:00,16.10809480989807,16.176676305004698,15.679460056703702,15.808050155639648,1285600,0.0,0.0
2017-07-07 00:00:00-04:00,15.816621837449732,15.979501853927953,15.790903165584472,15.833765983581543,754700,0.0,0.0
2017-07-10 00:00:00-04:00,15.799478175365168,15.876632566197847,15.456570680059883,15.473714828491211,670900,0.0,0.0
2017-07-11 00:00:00-04:00,15.58515799977791,15.610875035382644,15.32797619794922,15.542293548583984,1012700,0.0,0.0
2017-07-12 00:00:00-04:00,15.662314728073616,15.78233193921059,15.602306122505128,15.653741836547852,656500,0.0,0.0
2017-07-13 00:00:00-04:00,15.636596666307888,15.73089684167514,15.525152342329081,15.610877990722656,819700,0.0,0.0
2017-07-14 00:00:00-04:00,15.147950343288027,15.422276289305865,15.139377453086018,15.259394645690918,1634700,0.0,0.0
2017-07-17 00:00:00-04:00,15.15652616783375,15.645169558169632,15.122234600386774,15.610877990722656,1099600,0.0,0.0
2017-07-18 00:00:00-04:00,15.585157941734336,15.61087497724329,15.439422078440993,15.52514934539795,729800,0.0,0.0
2017-07-19 00:00:00-04:00,15.5337227500443,15.696602764033933,15.508004078571986,15.679458618164062,705300,0.0,0.0
2017-07-20 00:00:00-04:00,15.688031394107503,15.688031394107503,15.319406877945404,15.327978134155273,644500,0.0,0.0
2017-07-21 00:00:00-04:00,15.473716205239118,15.490861990307879,15.250827539793475,15.302263259887695,643100,0.0,0.0
2017-07-24 00:00:00-04:00,15.285112810193286,15.285112810193286,15.122231171971496,15.130804061889648,513200,0.0,0.0
2017-07-25 00:00:00-04:00,15.199388434501978,15.259397040221078,15.130806937235596,15.156525611877441,1280500,0.0,0.0
2017-07-26 00:00:00-04:00,15.156523832841108,15.216532431516544,14.967923511162104,15.010787963867188,641500,0.0,0.0
2017-07-27 00:00:00-04:00,15.053648948669434,15.139376208530573,14.779323025202977,15.053648948669434,759900,0.0,0.0
2017-07-28 00:00:00-04:00,15.070798428529963,15.276542921653526,15.045079753722561,15.250825881958008,590500,0.0,0.0
2017-07-31 00:00:00-04:00,15.319405318722957,15.396558062541919,15.156523670412563,15.370841026306152,735000,0.0,0.0
2017-08-01 00:00:00-04:00,15.456569742635132,15.499432563781738,15.310833861580125,15.499432563781738,609400,0.0,0.0
2017-08-02 00:00:00-04:00,15.465140558968244,15.490857594161092,15.216531651360063,15.387986183166504,816800,0.0,0.0
2017-08-03 00:00:00-04:00,14.9336317357433,14.985067437511415,13.862045077423922,13.939199447631836,2319300,0.0,0.0
2017-08-04 00:00:00-04:00,13.802039418928718,14.119228221527298,13.776320745024039,14.033502578735352,1128400,0.0,0.0
2017-08-07 00:00:00-04:00,13.973491552182,14.213527589763544,13.973491552182,14.144946098327637,1033700,0.0,0.0
2017-08-08 00:00:00-04:00,14.016356034141674,14.076364634878436,13.519139811464846,13.553430557250977,988700,0.0,0.0
2017-08-09 00:00:00-04:00,13.339112934578427,13.519139550874447,13.227667808532715,13.227667808532715,956200,0.0,0.0
2017-08-10 00:00:00-04:00,13.304821520151293,13.450556566435074,13.261957886512151,13.313393592834473,985700,0.0,0.0
2017-08-11 00:00:00-04:00,13.090503746707556,13.484846874294682,13.090503746707556,13.46770191192627,1367900,0.0,0.0
2017-08-14 00:00:00-04:00,13.363705044009242,13.389704238616407,12.982379666106537,13.08637809753418,1801500,0.17,0.0
2017-08-15 00:00:00-04:00,13.147043160450727,13.207708223367273,13.051712229224798,13.08637809753418,810200,0.0,0.0
2017-08-16 00:00:00-04:00,13.060378459813041,13.190376089663909,13.043045938399302,13.155710220336914,817400,0.0,0.0
2017-08-17 00:00:00-04:00,13.138375825784573,13.225040905447841,12.861048893261243,12.89571475982666,1199400,0.0,0.0
2017-08-18 00:00:00-04:00,12.80038592330612,12.878383515938326,12.67905495726782,12.731053352355957,750100,0.0,0.0
2017-08-21 00:00:00-04:00,12.731052081749818,12.765717950515324,12.601055280504049,12.748385429382324,470000,0.0,0.0
2017-08-22 00:00:00-04:00,12.791716939456863,12.921713730209701,12.66171932220459,12.66171932220459,1326200,0.0,0.0
2017-08-23 00:00:00-04:00,12.670387455990214,12.739719195917694,12.332394603969098,12.531723976135254,2318200,0.0,0.0
2017-08-24 00:00:00-04:00,12.62705262676901,12.73105021783959,12.592386763078819,12.635719299316406,1219500,0.0,0.0
2017-08-25 00:00:00-04:00,12.713719686266552,12.774384750580863,12.618388752844133,12.722386360168457,685800,0.0,0.0
2017-08-28 00:00:00-04:00,12.791719377830482,12.835051925174678,12.635722537991214,12.70505428314209,847000,0.0,0.0
2017-08-29 00:00:00-04:00,12.661721735797894,12.835051925174678,12.644389212759972,12.70505428314209,721500,0.0,0.0
2017-08-30 00:00:00-04:00,12.670386144058783,12.843715475930422,12.635720277684456,12.835049629211426,501700,0.0,0.0
2017-08-31 00:00:00-04:00,12.91304804176606,12.956380584154436,12.82638378348881,12.86104965209961,681100,0.0,0.0
2017-09-01 00:00:00-04:00,12.84371675216218,13.04304612349576,12.84371675216218,12.991046905517578,569600,0.0,0.0
2017-09-05 00:00:00-04:00,12.973713793032614,12.982379640218058,12.670386826055765,12.713719367980957,610900,0.0,0.0
2017-09-06 00:00:00-04:00,12.739719264095948,12.895716093017382,12.65305500197257,12.765718460083008,913600,0.0,0.0
2017-09-07 00:00:00-04:00,12.817717166913335,12.817717166913335,12.705052886800566,12.748385429382324,481900,0.0,0.0
2017-09-08 00:00:00-04:00,12.722385426999578,13.043044899354543,12.722385426999578,12.89571475982666,494300,0.0,0.0
2017-09-11 00:00:00-04:00,12.982379732957314,13.233708312618887,12.973713885709968,13.147043228149414,881800,0.0,0.0
2017-09-12 00:00:00-04:00,13.155708701122652,13.311704681830033,13.103709489887242,13.199040412902832,474000,0.0,0.0
2017-09-13 00:00:00-04:00,13.207708302179283,13.329039255235868,13.077711501868265,13.320372581481934,774600,0.0,0.0
2017-09-14 00:00:00-04:00,13.294372311701602,13.363704043127733,13.190374714562408,13.346370697021484,861600,0.0,0.0
2017-09-15 00:00:00-04:00,13.398369984615783,13.459035043331882,13.268373194081446,13.433035850524902,1479100,0.0,0.0
2017-09-18 00:00:00-04:00,13.415702077980445,13.415702077980445,13.095042621886533,13.164374351501465,1325400,0.0,0.0
2017-09-19 00:00:00-04:00,13.155709776534248,13.181708971027543,13.043045498397323,13.173042297363281,835500,0.0,0.0
2017-09-20 00:00:00-04:00,13.173043001484988,13.450370788068565,13.147043805601994,13.424370765686035,989400,0.0,0.0
2017-09-21 00:00:00-04:00,13.389703875298183,13.563033212141953,13.346371334462372,13.363704681396484,835500,0.0,0.0
2017-09-22 00:00:00-04:00,13.38103828330977,13.441704175982816,13.259708150962757,13.31170654296875,525800,0.0,0.0
2017-09-25 00:00:00-04:00,13.346371527741942,13.658365165078433,13.346371527741942,13.398370742797852,600900,0.0,0.0
2017-09-26 00:00:00-04:00,14.083022353444727,14.204352478607039,13.753696193076543,13.831694602966309,1269600,0.0,0.0
2017-09-27 00:00:00-04:00,13.883694648742676,14.013691455334087,13.805696234188014,13.883694648742676,1506700,0.0,0.0
2017-09-28 00:00:00-04:00,13.823027804375764,13.89236036648407,13.667031812505657,13.857693672180176,651900,0.0,0.0
2017-09-29 00:00:00-04:00,13.831694477951737,13.944358754940945,13.805695283723301,13.857693672180176,853800,0.0,0.0
2017-10-02 00:00:00-04:00,13.831696698347002,13.90102927158523,13.814363348412542,13.866362571716309,699900,0.0,0.0
2017-10-03 00:00:00-04:00,13.892361772275393,13.909693468182198,13.667033195495605,13.667033195495605,812800,0.0,0.0
2017-10-04 00:00:00-04:00,13.693029960724276,13.693029960724276,13.511033962028913,13.597698211669922,684300,0.0,0.0
2017-10-05 00:00:00-04:00,13.632366180419922,13.779696336693334,13.580367787911392,13.632366180419922,855400,0.0,0.0
2017-10-06 00:00:00-04:00,13.632363083171644,13.71036148071289,13.563031357912616,13.71036148071289,698900,0.0,0.0
2017-10-09 00:00:00-04:00,13.710362162719056,13.753694699786315,13.563032032590014,13.615031242370605,748400,0.0,0.0
2017-10-10 00:00:00-04:00,13.693031387422582,13.996357532519268,13.693031387422582,13.92702579498291,1075700,0.0,0.0
2017-10-11 00:00:00-04:00,13.90969063250062,13.953023995931362,13.719028792401742,13.72769546508789,676800,0.0,0.0
2017-10-12 00:00:00-04:00,13.701697434019662,13.953025177708852,13.675697413759098,13.90969181060791,880600,0.0,0.0
2017-10-13 00:00:00-04:00,13.98768926820552,13.99635594103698,13.771028232914889,13.961690902709961,669400,0.0,0.0
2017-10-16 00:00:00-04:00,14.0396905845424,14.126354014756448,13.944358827708179,13.970358848571777,500300,0.0,0.0
2017-10-17 00:00:00-04:00,13.970358901936722,14.022357290863573,13.788362061194274,13.831694602966309,773900,0.0,0.0
2017-10-18 00:00:00-04:00,13.840361605092284,14.117689383115405,13.805695736151831,14.039690971374512,489200,0.0,0.0
2017-10-19 00:00:00-04:00,14.048357325075864,14.178355792310327,13.996358929981584,14.109024047851562,453000,0.0,0.0
2017-10-20 00:00:00-04:00,14.204352605731886,14.204352605731886,13.771029663631886,13.779695510864258,648100,0.0,0.0
2017-10-23 00:00:00-04:00,13.805694801795344,13.823027321842766,13.51970119576752,13.528367042541504,574900,0.0,0.0
2017-10-24 00:00:00-04:00,13.545700268358226,13.589032807839748,13.450369342698437,13.580366134643555,1386500,0.0,0.0
2017-10-25 00:00:00-04:00,13.5457005836465,13.65836485832104,13.493701369758456,13.563033103942871,470200,0.0,0.0
2017-10-26 00:00:00-04:00,13.641030749740136,13.684363287810351,13.493700616201059,13.597698211669922,430100,0.0,0.0
2017-10-27 00:00:00-04:00,13.606367111206055,13.701698875861034,13.545702043879835,13.606367111206055,403300,0.0,0.0
2017-10-30 00:00:00-04:00,14.16968776310137,14.16968776310137,13.597699686245388,13.840361595153809,1033000,0.0,0.0
2017-10-31 00:00:00-04:00,14.117689562287048,14.117689562287048,13.329039587508651,13.701698303222656,972900,0.0,0.0
2017-11-01 00:00:00-04:00,13.675697326660156,13.866360008192654,13.61503226610414,13.675697326660156,496100,0.0,0.0
2017-11-02 00:00:00-04:00,13.727696272981062,13.788361332355523,13.459035189395184,13.580366134643555,725200,0.0,0.0
2017-11-03 00:00:00-04:00,13.571699511163217,13.606365377575534,13.441702718741894,13.46770191192627,587400,0.0,0.0
2017-11-06 00:00:00-05:00,13.511034896494337,13.519701570007678,13.381037273292652,13.450369834899902,795200,0.0,0.0
2017-11-07 00:00:00-05:00,13.467701837222647,13.762362113342615,13.320371699162662,13.381036758422852,642300,0.0,0.0
2017-11-08 00:00:00-05:00,13.277041110107675,13.693032392354944,13.277041110107675,13.667033195495605,418800,0.0,0.0
2017-11-09 00:00:00-05:00,13.571700919855566,13.623700138121091,13.32903982978203,13.424370765686035,773500,0.0,0.0
2017-11-10 00:00:00-05:00,13.35503806120029,13.450369816719228,13.233707938175423,13.2510404586792,705200,0.0,0.0
2017-11-13 00:00:00-05:00,13.173042615677097,13.242374353667541,13.051712487443575,13.181709289550781,848900,0.0,0.0
2017-11-14 00:00:00-05:00,13.16437605995431,13.225041951115061,12.939048322712795,12.956380844116211,654300,0.0,0.0
2017-11-15 00:00:00-05:00,12.921315338251192,13.219364812800702,12.921315338251192,13.114171028137207,831300,0.17,0.0
2017-11-16 00:00:00-05:00,13.105404659814306,13.526180634133851,13.026509112379024,13.508647918701172,1199700,0.0,0.0
2017-11-17 00:00:00-05:00,13.447286975096942,13.49111793382792,13.394689657418567,13.429754257202148,868500,0.0,0.0
2017-11-20 00:00:00-05:00,13.193067183841235,13.359623808235279,13.008977843192065,13.324559211730957,994500,0.0,0.0
2017-11-21 00:00:00-05:00,13.447285569592887,13.578777596036335,13.377156377355593,13.491116523742676,564200,0.0,0.0
2017-11-22 00:00:00-05:00,13.570011608064274,13.666439877024624,13.438519578034992,13.473584175109863,494400,0.0,0.0
2017-11-24 00:00:00-05:00,13.543712799551841,13.605076468856096,13.473583608352039,13.53494644165039,284700,0.0,0.0
2017-11-27 00:00:00-05:00,13.499882194252564,13.534946790756885,13.271962734977437,13.324559211730957,466400,0.0,0.0
2017-11-28 00:00:00-05:00,13.315792030719445,13.315792030719445,12.921315135422073,13.044041633605957,963200,0.0,0.0
2017-11-29 00:00:00-05:00,13.06157494981992,13.298261614642383,13.06157494981992,13.140470504760742,504900,0.0,0.0
2017-11-30 00:00:00-05:00,13.19306716620011,13.25443000099914,13.008977825797098,13.2456636428833,993800,0.0,0.0
2017-12-01 00:00:00-05:00,13.298260484682089,13.517414413782314,13.07034019777644,13.228131294250488,722400,0.0,0.0
2017-12-04 00:00:00-05:00,13.394689007319954,13.841763259866806,13.377157126282057,13.420988082885742,1071500,0.0,0.0
2017-12-05 00:00:00-05:00,13.412220731331365,13.412220731331365,13.210598680284772,13.263195991516113,549300,0.0,0.0
2017-12-06 00:00:00-05:00,13.245664113761572,13.456052535991331,13.131703962222188,13.149236679077148,505400,0.0,0.0
2017-12-07 00:00:00-05:00,13.122938439800661,13.210599516057604,13.044042885965247,13.149236679077148,419600,0.0,0.0
2017-12-08 00:00:00-05:00,13.210598455077271,13.210598455077271,13.017743601197143,13.114171028137207,346600,0.0,0.0
2017-12-11 00:00:00-05:00,13.149236948816604,13.193067905847188,13.061575034755439,13.096639633178711,334800,0.0,0.0
2017-12-12 00:00:00-05:00,13.175535864570328,13.219366823849548,13.061575704846762,13.070342063903809,258700,0.0,0.0
2017-12-13 00:00:00-05:00,13.105404670413778,13.23689752824756,13.087872790972805,13.114171028137207,334600,0.0,0.0
2017-12-14 00:00:00-05:00,13.14923568343057,13.14923568343057,12.912549039845993,12.99144458770752,736300,0.0,0.0
2017-12-15 00:00:00-05:00,13.000211747930589,13.245663928423914,13.000211747930589,13.158002853393555,1717100,0.0,0.0
2017-12-18 00:00:00-05:00,13.210599474498387,13.543713569641113,13.210599474498387,13.543713569641113,1283300,0.0,0.0
2017-12-19 00:00:00-05:00,13.552479113273744,13.578777350886464,13.236897753903392,13.263195991516113,658000,0.0,0.0
2017-12-20 00:00:00-05:00,13.27196168193286,13.368389105667367,13.219364373346673,13.289493560791016,586200,0.0,0.0
2017-12-21 00:00:00-05:00,13.350858319590353,13.385923754384256,13.20183440174616,13.368391036987305,556700,0.0,0.0
2017-12-22 00:00:00-05:00,13.456052177115192,13.499882296071727,13.307027431846368,13.359623908996582,850300,0.0,0.0
2017-12-26 00:00:00-05:00,13.307027431846368,13.394688505765368,13.307027431846368,13.359623908996582,232000,0.0,0.0
2017-12-27 00:00:00-05:00,13.412221522465556,13.508648956737341,13.31579325218782,13.464818000793457,469200,0.0,0.0
2017-12-28 00:00:00-05:00,13.49111603927438,13.587543466136454,13.280727634111663,13.508647918701172,849800,0.0,0.0
2017-12-29 00:00:00-05:00,13.552478827805505,13.561245185493725,13.324558543947083,13.35085678100586,841500,0.0,0.0
2018-01-02 00:00:00-05:00,13.37715662538394,13.438519460727834,13.219365521921436,13.359623908996582,619200,0.0,0.0
2018-01-03 00:00:00-05:00,13.359623420100023,13.385922493718645,13.193066800544925,13.263195991516113,455100,0.0,0.0
2018-01-04 00:00:00-05:00,13.298261614642383,13.298261614642383,13.122938623666096,13.140470504760742,700200,0.0,0.0
2018-01-05 00:00:00-05:00,13.193068504333496,13.236899463352414,13.096640227290678,13.193068504333496,561500,0.0,0.0
2018-01-08 00:00:00-05:00,13.149236820747666,13.447286322445567,13.096639505622052,13.420988082885742,453600,0.0,0.0
2018-01-09 00:00:00-05:00,13.438519849457535,13.447286207904796,13.245664143647598,13.307027816772461,634800,0.0,0.0
2018-01-10 00:00:00-05:00,13.236897088210688,13.350856390803353,13.114170592180157,13.289493560791016,442000,0.0,0.0
2018-01-11 00:00:00-05:00,13.342091898648848,13.64890690838554,13.280728227896772,13.605076789855957,3441000,0.0,0.0
2018-01-12 00:00:00-05:00,13.605077993112886,13.622609874874083,13.377157678175324,13.394689559936523,695900,0.0,0.0
2018-01-16 00:00:00-05:00,13.438519594324566,13.70150449070785,13.438519594324566,13.55247974395752,1259200,0.0,0.0
2018-01-17 00:00:00-05:00,13.605076843779193,14.157344030695311,13.543713172783903,14.069682121276855,1192200,0.0,0.0
2018-01-18 00:00:00-05:00,14.008319696758567,14.008319696758567,13.473584374453797,13.543713569641113,1065700,0.0,0.0
2018-01-19 00:00:00-05:00,13.499883208237724,13.762868119776067,13.473584967885687,13.640142440795898,928100,0.0,0.0
2018-01-22 00:00:00-05:00,13.675207129559453,13.832997408711806,13.613843453661211,13.789166450500488,604900,0.0,0.0
2018-01-23 00:00:00-05:00,13.81546545219242,13.911892890930176,13.692738937066741,13.911892890930176,349400,0.0,0.0
2018-01-24 00:00:00-05:00,13.946955474536884,13.973253711118279,13.77163250398447,13.876826286315918,479700,0.0,0.0
2018-01-25 00:00:00-05:00,13.88559408434132,13.982021519147096,13.797932171968103,13.859295845031738,592200,0.0,0.0
2018-01-26 00:00:00-05:00,13.9206584795614,13.964489435110323,13.762867373987651,13.903125762939453,331400,0.0,0.0
2018-01-29 00:00:00-05:00,13.903124210477099,13.920656925141293,13.710269365206063,13.771632194519043,394100,0.0,0.0
2018-01-30 00:00:00-05:00,13.701503855436133,13.78039940429371,13.64890654419578,13.736568450927734,571600,0.0,0.0
2018-01-31 00:00:00-05:00,13.797932212477239,13.806698570941487,13.570011908442488,13.578778266906738,781700,0.0,0.0
2018-02-01 00:00:00-05:00,13.570010935056434,13.666439199234402,13.482349864719797,13.499881744384766,660800,0.0,0.0
2018-02-02 00:00:00-05:00,13.420987479122285,13.499882194252564,13.254430018722315,13.324559211730957,928200,0.0,0.0
2018-02-05 00:00:00-05:00,13.245664424624017,13.298261740417352,12.62326717376709,12.62326717376709,703700,0.0,0.0
2018-02-06 00:00:00-05:00,12.439177765024738,12.921316619546372,12.298919371565201,12.824889183044434,1267700,0.0,0.0
2018-02-07 00:00:00-05:00,12.789824471555818,13.061574897478593,12.710928916931152,12.710928916931152,599400,0.0,0.0
2018-02-08 00:00:00-05:00,12.71092984946105,12.71092984946105,12.272621923617564,12.281388282775879,911400,0.0,0.0
2018-02-09 00:00:00-05:00,12.360282742365202,12.763526031668057,12.220023516341904,12.640799522399902,801500,0.0,0.0
2018-02-12 00:00:00-05:00,12.658332075328417,12.719695751223986,12.246323241775556,12.614501953125,793300,0.0,0.0
2018-02-13 00:00:00-05:00,12.526840036706183,12.667098434171496,12.38658163924087,12.614501953125,507300,0.0,0.0
2018-02-14 00:00:00-05:00,12.447943818123072,12.649565880777473,12.421645578996305,12.640799522399902,452500,0.0,0.0
2018-02-15 00:00:00-05:00,12.676306899513504,12.773954064921403,12.623045578903218,12.738446235656738,482700,0.18,0.0
2018-02-16 00:00:00-05:00,12.720692546327752,12.871601040040309,12.667431223001833,12.809462547302246,1158500,0.0,0.0
2018-02-20 00:00:00-05:00,12.782828953058116,12.809460456948598,12.516520686739959,12.596412658691406,479000,0.0,0.0
2018-02-21 00:00:00-05:00,12.409996802654145,12.694060261505934,12.303473323049735,12.33010482788086,747400,0.0,0.0
2018-02-22 00:00:00-05:00,12.738445028949076,12.738445028949076,12.26796527754383,12.463258743286133,683700,0.0,0.0
2018-02-23 00:00:00-05:00,12.507646237845973,12.578661903845537,12.392245568953301,12.472138404846191,465700,0.0,0.0
2018-02-26 00:00:00-05:00,12.365613434507637,12.436629092057307,12.170319952959334,12.267966270446777,1694500,0.0,0.0
2018-02-27 00:00:00-05:00,12.188073359998667,12.267966185834378,11.84187224347513,11.948395729064941,1738800,0.0,0.0
2018-02-28 00:00:00-05:00,11.983904519315562,12.019412350695038,11.655456867412026,11.690964698791504,1170800,0.0,0.0
2018-03-01 00:00:00-05:00,11.664334481986131,11.726472977627918,11.33588681754974,11.486794471740723,1074400,0.0,0.0
2018-03-02 00:00:00-05:00,11.39802430009195,11.584440617021434,11.353639301475706,11.424654960632324,899700,0.0,0.0
2018-03-05 00:00:00-05:00,11.398025160541776,11.557810828993286,11.371394497991025,11.513425827026367,941700,0.0,0.0
2018-03-06 00:00:00-05:00,11.513423992204846,11.611070303711996,11.44240833900449,11.575562477111816,687800,0.0,0.0
2018-03-07 00:00:00-05:00,11.513426269695849,11.726473271440117,11.513426269695849,11.673211097717285,1199900,0.0,0.0
2018-03-08 00:00:00-05:00,11.708717842334949,11.726472180782439,11.477917368531752,11.548933029174805,733300,0.0,0.0
2018-03-09 00:00:00-05:00,11.637701498317586,11.797487148668454,11.513424522776605,11.779733657836914,1048400,0.0,0.0
2018-03-12 00:00:00-04:00,11.77973401025845,11.930641649848239,11.735349011991605,11.921765327453613,642000,0.0,0.0
2018-03-13 00:00:00-04:00,11.975025762901538,12.046041416249526,11.91288727786539,11.983902931213379,988800,0.0,0.0
2018-03-14 00:00:00-04:00,12.01053421734898,12.028288554900653,11.904010731759168,11.948395729064941,436100,0.0,0.0
2018-03-15 00:00:00-04:00,11.975026758152902,12.037166094926851,11.850749777751874,11.939518928527832,383100,0.0,0.0
2018-03-16 00:00:00-04:00,11.93951974613927,12.099305413680835,11.895134744425114,12.072674751281738,1205000,0.0,0.0
2018-03-19 00:00:00-04:00,12.063796051991739,12.143688875632487,11.797486922047039,11.912887573242188,679400,0.0,0.0
2018-03-20 00:00:00-04:00,11.904011141249173,12.028288968665734,11.850749819908819,11.895133972167969,344100,0.0,0.0
2018-03-21 00:00:00-04:00,11.91288846068826,11.921765629881508,11.744225632310343,11.850749969482422,658200,0.0,0.0
2018-03-22 00:00:00-04:00,11.744224437272159,11.966148565080688,11.708716610685729,11.726470947265625,863600,0.0,0.0
2018-03-23 00:00:00-04:00,11.71759401157048,11.71759401157048,11.433531393240383,11.442408561706543,803600,0.0,0.0
2018-03-26 00:00:00-04:00,11.557808657369325,11.57556214687625,11.37139236139326,11.540054321289062,565800,0.0,0.0
2018-03-27 00:00:00-04:00,11.566686521048842,11.682087181237167,11.362516708343428,11.548933029174805,568800,0.0,0.0
2018-03-28 00:00:00-04:00,11.66433379956808,12.125935598109153,11.655456630260463,12.081550598144531,1087700,0.0,0.0
2018-03-29 00:00:00-04:00,12.099304936759763,12.161443428766159,12.010534936830519,12.081550598144531,1200300,0.0,0.0
2018-04-02 00:00:00-04:00,12.072671738954353,12.14368738534805,11.832993297445666,11.966147422790527,1011200,0.0,0.0
2018-04-03 00:00:00-04:00,12.0105338316095,12.40999710138518,11.948395345321149,12.259089469909668,740100,0.0,0.0
2018-04-04 00:00:00-04:00,12.17032020978715,12.267966529335203,12.090427381714452,12.24133586883545,983200,0.0,0.0
2018-04-05 00:00:00-04:00,12.27684426446509,12.27684426446509,12.125935770385455,12.14369010925293,929400,0.0,0.0
2018-04-06 00:00:00-04:00,12.09042607747765,12.267965205946629,12.063795419850639,12.099303245544434,741300,0.0,0.0
2018-04-09 00:00:00-04:00,12.108182084001795,12.134812745302654,11.975027084350586,11.975027084350586,594600,0.0,0.0
2018-04-10 00:00:00-04:00,12.037164800738555,12.046041122260398,11.859624825128163,11.904009819030762,613500,0.0,0.0
2018-04-11 00:00:00-04:00,11.815241211957792,12.170319486084727,11.779733384545098,12.10818099975586,604500,0.0,0.0
2018-04-12 00:00:00-04:00,12.658553491955294,12.773954149472655,12.303474350384931,12.649676322937012,1195700,0.0,0.0
2018-04-13 00:00:00-04:00,12.729568918352683,12.862723064900106,12.640798922938792,12.782830238342285,792100,0.0,0.0
2018-04-16 00:00:00-04:00,12.889353934607579,13.066893070089767,12.818337433841327,12.969245910644531,783400,0.0,0.0
2018-04-17 00:00:00-04:00,13.049138765693293,13.11127809819656,12.942615284139176,13.075769424438477,663700,0.0,0.0
2018-04-18 00:00:00-04:00,13.11127931477054,13.120155637460302,13.013632146022045,13.049139976501465,422400,0.0,0.0
2018-04-19 00:00:00-04:00,13.040261157248127,13.075768983234724,12.942614847428322,13.022507667541504,580300,0.0,0.0
2018-04-20 00:00:00-04:00,12.969247080630815,13.129032740266114,12.969247080630815,12.987001419067383,415300,0.0,0.0
2018-04-23 00:00:00-04:00,13.022508262029353,13.040261752546437,12.809461296384004,12.880476951599121,497000,0.0,0.0
2018-04-24 00:00:00-04:00,12.907106730173576,12.951491723298545,12.827213911863295,12.942614555358887,498100,0.0,0.0
2018-04-25 00:00:00-04:00,12.898229562233915,12.995876716423517,12.791706086677985,12.942614555358887,625900,0.0,0.0
2018-04-26 00:00:00-04:00,12.987000586329358,12.987000586329358,12.773953618192024,12.853845596313477,620100,0.0,0.0
2018-04-27 00:00:00-04:00,12.836093337380367,12.9958790021036,12.818338998378461,12.93373966217041,257700,0.0,0.0
2018-04-30 00:00:00-04:00,13.013631245703177,13.013631245703177,12.827214936939658,12.853845596313477,557900,0.0,0.0
2018-05-01 00:00:00-04:00,12.827214747408794,13.004753884899978,12.702937774451657,12.924861907958984,426100,0.0,0.0
2018-05-02 00:00:00-04:00,12.951491979635643,12.951491979635643,12.738445024307138,12.915984153747559,674000,0.0,0.0
2018-05-03 00:00:00-04:00,12.818336332824453,12.969244796665542,12.587535899808644,12.694059371948242,586600,0.0,0.0
2018-05-04 00:00:00-04:00,12.667430104584378,12.82721490702808,12.605290770759176,12.747322082519531,509200,0.0,0.0
2018-05-07 00:00:00-04:00,12.685183437415846,12.987000394437551,12.67630626889794,12.924861907958984,524800,0.0,0.0
2018-05-08 00:00:00-04:00,12.969247317246394,13.191171472311638,12.862723824403894,13.111279487609863,583800,0.0,0.0
2018-05-09 00:00:00-04:00,13.129031549211295,13.191170034955224,12.969245904071617,13.12015438079834,476500,0.0,0.0
2018-05-10 00:00:00-04:00,13.173416793840873,13.24443244934082,13.120154628929217,13.24443244934082,461700,0.0,0.0
2018-05-11 00:00:00-04:00,13.253309917254839,13.271063408244101,13.111278603047092,13.173417091369629,691000,0.0,0.0
2018-05-14 00:00:00-04:00,13.191172168842371,13.217803678389316,13.084648670375133,13.137910842895508,726700,0.0,0.0
2018-05-15 00:00:00-04:00,13.092977692119316,13.173854151611568,12.96717062801701,12.976156234741211,860300,0.18,0.0
2018-05-16 00:00:00-04:00,13.021087665253186,13.057032663053201,12.81440414215219,13.039060592651367,688800,0.0,0.0
2018-05-17 00:00:00-04:00,13.075004531519733,13.182839516186327,13.039059536630868,13.119935989379883,245900,0.0,0.0
2018-05-18 00:00:00-04:00,13.182839282432061,13.263715733746999,13.083990762489504,13.254729270935059,382900,0.0,0.0
2018-05-21 00:00:00-04:00,13.37155158127875,13.37155158127875,13.182840135004795,13.344593048095703,491100,0.0,0.0
2018-05-22 00:00:00-04:00,13.326620111625617,13.434455101275757,13.263716581912114,13.335606575012207,435200,0.0,0.0
2018-05-23 00:00:00-04:00,13.34459363548309,13.560263624433208,13.281689245958704,13.551277160644531,845900,0.0,0.0
2018-05-24 00:00:00-04:00,13.578235459049607,13.748974840081917,13.524318391247233,13.695056915283203,422000,0.0,0.0
2018-05-25 00:00:00-04:00,13.73998820063224,13.829851121814762,13.58722174881975,13.802891731262207,565100,0.0,0.0
2018-05-29 00:00:00-04:00,13.784919797539057,13.820864794968251,13.596208346786705,13.748974800109863,441800,0.0,0.0
2018-05-30 00:00:00-04:00,13.79390524804158,13.94667169014469,13.766945859202483,13.784918785095215,470500,0.0,0.0
2018-05-31 00:00:00-04:00,13.784919788030951,13.802891858234984,13.641139798413349,13.739988327026367,864900,0.0,0.0
2018-06-01 00:00:00-04:00,13.784918729111677,13.901740175951165,13.722015202735134,13.820863723754883,803600,0.0,0.0
2018-06-04 00:00:00-04:00,13.874781627839887,14.027548078578098,13.811878097652269,13.892754554748535,478200,0.0,0.0
2018-06-05 00:00:00-04:00,13.87478214406971,13.901741535435743,13.542290696855854,13.551277160644531,773100,0.0,0.0
2018-06-06 00:00:00-04:00,13.560261870008807,13.623165394398388,13.380536902469826,13.434453964233398,879600,0.0,0.0
2018-06-07 00:00:00-04:00,13.425467892610595,13.443440818386058,13.17385293072799,13.182839393615723,1142600,0.0,0.0
2018-06-08 00:00:00-04:00,13.1558820497505,13.236757652053273,12.931225599251324,13.039060592651367,875200,0.0,0.0
2018-06-11 00:00:00-04:00,13.01210052579684,13.083991374659709,12.805417013429535,12.850348472595215,697200,0.0,0.0
2018-06-12 00:00:00-04:00,12.859335089557693,12.859335089557693,12.679609250746395,12.724540710449219,845700,0.0,0.0
2018-06-13 00:00:00-04:00,12.742513831369985,12.79643089823821,12.61670591368358,12.634678840637207,620500,0.0,0.0
2018-06-14 00:00:00-04:00,12.670624552135825,12.805418083904694,12.625693089214078,12.778459548950195,603700,0.0,0.0
2018-06-15 00:00:00-04:00,12.769472160367059,12.841362153037965,12.697582167696153,12.715554237365723,906700,0.0,0.0
2018-06-18 00:00:00-04:00,12.679609203124242,12.805417118420376,12.652650670202323,12.769472122192383,870400,0.0,0.0
2018-06-19 00:00:00-04:00,12.73352719326264,12.850348645870115,12.670623663780276,12.742513656616211,632000,0.0,0.0
2018-06-20 00:00:00-04:00,12.778460061837114,13.021088600158691,12.751500668804175,13.021088600158691,358700,0.0,0.0
2018-06-21 00:00:00-04:00,13.021087765317526,13.021087765317526,12.8683213092444,12.949197769165039,280300,0.0,0.0
2018-06-22 00:00:00-04:00,12.985142767241284,13.048047156621976,12.823390704396362,12.949197769165039,916300,0.0,0.0
2018-06-25 00:00:00-04:00,12.94021130539689,13.030074229085677,12.895280700548849,12.949197769165039,609300,0.0,0.0
2018-06-26 00:00:00-04:00,12.958183345529205,12.967169808681943,12.778458367455933,12.92223834991455,605400,0.0,0.0
2018-06-27 00:00:00-04:00,12.895278953612882,12.958182477475619,12.814402504648655,12.832374572753906,649900,0.0,0.0
2018-06-28 00:00:00-04:00,12.859336782032214,12.913253855174819,12.76048738627673,12.886295318603516,939700,0.0,0.0
2018-06-29 00:00:00-04:00,12.859334945678711,12.92223847436107,12.760485564039229,12.859334945678711,606800,0.0,0.0
2018-07-02 00:00:00-04:00,12.850349458817556,12.850349458817556,12.607720074899653,12.787445068359375,425200,0.0,0.0
2018-07-03 00:00:00-04:00,12.823390615074109,13.08399206356073,12.751499762426027,13.048047065734863,348200,0.0,0.0
2018-07-05 00:00:00-04:00,13.075006353648531,13.137909889221191,12.98514342540496,13.137909889221191,481000,0.0,0.0
2018-07-06 00:00:00-04:00,13.146893331428295,13.299659760128803,13.137906869270335,13.245741844177246,420900,0.0,0.0
2018-07-09 00:00:00-04:00,13.263717164136201,13.263717164136201,12.913252789642021,12.967170715332031,777900,0.0,0.0
2018-07-10 00:00:00-04:00,12.976156303473134,13.12892275954626,12.922239234856944,12.949197769165039,494400,0.0,0.0
2018-07-11 00:00:00-04:00,12.913251021718134,12.958182477475619,12.814402504648655,12.832374572753906,464900,0.0,0.0
2018-07-12 00:00:00-04:00,12.859334935827611,12.895279931760895,12.67960909916489,12.850348472595215,709800,0.0,0.0
2018-07-13 00:00:00-04:00,12.886293391445173,12.985141915421334,12.850348395726906,12.86832046508789,475200,0.0,0.0
2018-07-16 00:00:00-04:00,12.814403620035453,12.91325214570887,12.67960924103027,12.715554237365723,514900,0.0,0.0
2018-07-17 00:00:00-04:00,12.688596005909643,12.75149953674252,12.535829553604373,12.544816017150879,615300,0.0,0.0
2018-07-18 00:00:00-04:00,12.53582951434533,12.598733901977539,12.410022453073575,12.598733901977539,446400,0.0,0.0
2018-07-19 00:00:00-04:00,12.562788621279774,12.823390933228406,12.544816550419117,12.796431541442871,359100,0.0,0.0
2018-07-20 00:00:00-04:00,12.78744329190789,12.868319741978375,12.67960831081266,12.733526229858398,328100,0.0,0.0
2018-07-23 00:00:00-04:00,12.715555107312992,12.832376567644747,12.616706574876755,12.82339096069336,378600,0.0,0.0
2018-07-24 00:00:00-04:00,12.859335265996721,12.859335265996721,12.5717744341509,12.616705894470215,523700,0.0,0.0
2018-07-25 00:00:00-04:00,12.598734109767946,12.607719716438178,12.365091196415035,12.427994728088379,605700,0.0,0.0
2018-07-26 00:00:00-04:00,12.499883641538682,12.598733019322722,12.374076589080845,12.490897178649902,363100,0.0,0.0
2018-07-27 00:00:00-04:00,12.463939955866561,12.463939955866561,12.239283502032636,12.275228500366211,401700,0.0,0.0
2018-07-30 00:00:00-04:00,12.266241887017628,12.43698126976819,12.230296889122195,12.410022735595703,469500,0.0,0.0
2018-07-31 00:00:00-04:00,12.454952799684612,12.751499233701177,12.374077200677078,12.715554237365723,689200,0.0,0.0
2018-08-01 00:00:00-04:00,12.679609318097922,12.733527241426975,12.472925802161908,12.697582244873047,398300,0.0,0.0
2018-08-02 00:00:00-04:00,12.922239526272243,13.290675979111613,12.42799514883069,12.760486602783203,758200,0.0,0.0
2018-08-03 00:00:00-04:00,12.670624216557046,12.73352774878368,12.302186915953799,12.347118377685547,583100,0.0,0.0
2018-08-06 00:00:00-04:00,12.347118368340869,12.419008364258715,12.24826983820292,12.33813190460205,503500,0.0,0.0
2018-08-07 00:00:00-04:00,12.374077948861917,12.374077948861917,12.185366492441485,12.239283561706543,326000,0.0,0.0
2018-08-08 00:00:00-04:00,12.212323343012512,12.266240404842486,12.059556906167174,12.095501899719238,390900,0.0,0.0
2018-08-09 00:00:00-04:00,12.077528953552246,12.149419797528259,12.023611891815541,12.077528953552246,325500,0.0,0.0
2018-08-10 00:00:00-04:00,12.068545262885863,12.221311723706927,12.023613799645013,12.086517333984375,424700,0.0,0.0
2018-08-13 00:00:00-04:00,12.086515648722989,12.095502111517424,11.933749209202634,11.94273567199707,423100,0.0,0.0
2018-08-14 00:00:00-04:00,11.93374894623897,12.140433300975323,11.93374894623897,12.131446838378906,563800,0.0,0.0
2018-08-15 00:00:00-04:00,12.186094662094533,12.459325655493085,12.149663920879883,12.331817626953125,802000,0.18,0.0
2018-08-16 00:00:00-04:00,12.304494476383333,12.523078918132164,12.295386574166125,12.340925216674805,701700,0.0,0.0
2018-08-17 00:00:00-04:00,12.295386453783818,12.43200151139492,12.249847811721,12.422894477844238,467300,0.0,0.0
2018-08-20 00:00:00-04:00,12.459325601068544,12.486648439715834,12.32270967067734,12.38646411895752,330600,0.0,0.0
2018-08-21 00:00:00-04:00,12.386462964476333,12.523078013556944,12.34092432525703,12.46843147277832,527600,0.0,0.0
2018-08-22 00:00:00-04:00,12.413787896078682,12.577726677510837,12.413787896078682,12.568618774414062,375300,0.0,0.0
2018-08-23 00:00:00-04:00,12.568617683846345,12.632371262837031,12.441109657287598,12.441109657287598,412100,0.0,0.0
2018-08-24 00:00:00-04:00,12.468432634899388,12.468432634899388,12.35914041173285,12.38646411895752,362000,0.0,0.0
2018-08-27 00:00:00-04:00,12.395571395814088,12.432002137583856,12.331817814861344,12.404679298400879,459400,0.0,0.0
2018-08-28 00:00:00-04:00,12.422894273268932,12.504862785339355,12.386463533934077,12.504862785339355,448300,0.0,0.0
2018-08-29 00:00:00-04:00,12.523078850995681,12.83274057610177,12.523078850995681,12.732555389404297,663300,0.0,0.0
2018-08-30 00:00:00-04:00,12.759878342066468,12.759878342066468,12.6050474886607,12.650586128234863,382000,0.0,0.0
2018-08-31 00:00:00-04:00,12.614155871921266,12.650586611256122,12.4684320460045,12.504862785339355,526500,0.0,0.0
2018-09-04 00:00:00-04:00,12.504863684846182,12.52307949011259,12.158772070558456,12.167879104614258,501600,0.0,0.0
2018-09-05 00:00:00-04:00,12.176986451074502,12.413786697257748,12.104124970491558,12.340925216674805,461700,0.0,0.0
2018-09-06 00:00:00-04:00,12.413786628094806,12.441109466016842,12.295386505662844,12.368247985839844,405500,0.0,0.0
2018-09-07 00:00:00-04:00,12.331817245751344,12.42289453026127,12.277170701329917,12.368247985839844,309400,0.0,0.0
2018-09-10 00:00:00-04:00,12.432001826776016,12.441109729135103,12.222525283981243,12.231633186340332,272400,0.0,0.0
2018-09-11 00:00:00-04:00,12.204307886928516,12.258954425375764,12.11323148095279,12.22252368927002,336600,0.0,0.0
2018-09-12 00:00:00-04:00,12.240740220122044,12.277170960981021,12.122340963763401,12.231633186340332,388300,0.0,0.0
2018-09-13 00:00:00-04:00,12.30449414818592,12.404678464170914,12.249847604917617,12.322709083557129,340200,0.0,0.0
2018-09-14 00:00:00-04:00,12.31360121096452,12.322708243740793,12.085908888589383,12.240738868713379,456100,0.0,0.0
2018-09-17 00:00:00-04:00,12.249846524205012,12.322707996416499,12.140554315887782,12.22252368927002,341200,0.0,0.0
2018-09-18 00:00:00-04:00,12.204309027094242,12.240739766603461,12.085909775122284,12.113232612609863,412700,0.0,0.0
2018-09-19 00:00:00-04:00,12.113233505133719,12.140556344634492,11.867325343894539,11.958402633666992,468400,0.0,0.0
2018-09-20 00:00:00-04:00,11.994832989239669,12.176986694335938,11.912863604802002,12.176986694335938,356700,0.0,0.0
2018-09-21 00:00:00-04:00,12.158770561218262,12.258954872014826,12.095016119277455,12.158770561218262,877500,0.0,0.0
2018-09-24 00:00:00-04:00,12.158771322875156,12.158771322875156,11.867324536576481,12.085909843444824,510300,0.0,0.0
2018-09-25 00:00:00-04:00,12.104125143412524,12.295386749819478,12.095017241065198,12.204309463500977,769400,0.0,0.0
2018-09-26 00:00:00-04:00,12.231631703495387,12.368246748010316,12.140554428100586,12.140554428100586,794300,0.0,0.0
2018-09-27 00:00:00-04:00,12.1860945273837,12.304494652166802,12.131447981877125,12.204309463500977,474900,0.0,0.0
2018-09-28 00:00:00-04:00,12.204308963623587,12.331816985531402,12.158771190906897,12.322709083557129,600400,0.0,0.0
2018-10-01 00:00:00-04:00,12.331816477468722,12.395570051507354,12.16787772299532,12.258955001831055,631000,0.0,0.0
2018-10-02 00:00:00-04:00,12.249848820724765,12.295387466538541,12.067695106047086,12.186095237731934,345000,0.0,0.0
2018-10-03 00:00:00-04:00,12.204309479263067,12.313602570417373,12.167878738404092,12.231633186340332,464400,0.0,0.0
2018-10-04 00:00:00-04:00,12.204308824688965,12.24984746546458,11.858217239379883,11.858217239379883,436400,0.0,0.0
2018-10-05 00:00:00-04:00,11.885539415476654,11.903754349627595,11.630524257322495,11.66695499420166,524400,0.0,0.0
2018-10-08 00:00:00-04:00,11.71249340546141,12.076801662786632,11.71249340546141,12.013047218322754,478600,0.0,0.0
2018-10-09 00:00:00-04:00,11.985723873929278,12.067693250071944,11.894647464886429,11.94929313659668,358400,0.0,0.0
2018-10-10 00:00:00-04:00,11.949294336682076,12.013047916272665,11.776248534117315,11.785355567932129,383600,0.0,0.0
2018-10-11 00:00:00-04:00,11.785356279632039,11.830894925765632,11.484802431158727,11.557663917541504,611500,0.0,0.0
2018-10-12 00:00:00-04:00,11.639631897145954,11.666955602663288,11.229785868736503,11.284432411193848,534400,0.0,0.0
2018-10-15 00:00:00-04:00,11.275324179648957,11.457477868218144,11.248001343507903,11.266216278076172,732400,0.0,0.0
2018-10-16 00:00:00-04:00,11.275324773361266,11.53944785283855,11.193355392044635,11.512125015258789,486800,0.0,0.0
2018-10-17 00:00:00-04:00,11.475693083928599,11.4848001164579,11.193354229666172,11.229784965515137,593700,0.0,0.0
2018-10-18 00:00:00-04:00,11.193354436110107,11.220677271356445,10.829047070901368,10.883692741394043,554100,0.0,0.0
2018-10-19 00:00:00-04:00,10.856370738297828,11.038524434864435,10.75618642233053,10.965662956237793,432100,0.0,0.0
2018-10-22 00:00:00-04:00,11.020310396836436,11.038525333687597,10.783510137729476,10.810832977294922,610200,0.0,0.0
2018-10-23 00:00:00-04:00,10.455632089426036,10.555817277344971,9.936493819581978,10.173294067382812,1655400,0.0,0.0
2018-10-24 00:00:00-04:00,10.237047576520126,10.300802023464877,10.018463134765625,10.018463134765625,1066700,0.0,0.0
2018-10-25 00:00:00-04:00,10.064001607839936,10.428309004630696,9.97292432435357,10.33723258972168,733300,0.0,0.0
2018-10-26 00:00:00-04:00,10.246155306235316,10.50117048398885,10.136863087198087,10.33723258972168,1018100,0.0,0.0
2018-10-29 00:00:00-04:00,10.428307754015512,10.555815761889548,10.41919985304367,10.52849292755127,713200,0.0,0.0
2018-10-30 00:00:00-04:00,10.528492595803304,10.79261563562358,10.446523226794042,10.510276794433594,785100,0.0,0.0
2018-10-31 00:00:00-04:00,10.510277502684485,10.583138975918772,9.972923486148666,10.49206256866455,1048500,0.0,0.0
2018-11-01 00:00:00-04:00,10.400987240569458,10.756187640536012,10.400987240569458,10.437417984008789,886600,0.0,0.0
2018-11-02 00:00:00-04:00,10.519386996586684,10.555817738719332,10.255263898980633,10.291694641113281,636600,0.0,0.0
2018-11-05 00:00:00-05:00,10.291695010251466,10.555818117330974,10.291695010251466,10.437417984008789,675800,0.0,0.0
2018-11-06 00:00:00-05:00,10.564924860087025,10.683324111829076,10.264371042575238,10.364555358886719,721600,0.0,0.0
2018-11-07 00:00:00-05:00,10.36455555131279,10.62867863428975,10.227939624449105,10.6195707321167,563900,0.0,0.0
2018-11-08 00:00:00-05:00,10.583139923636935,10.737970785269187,10.455631899769976,10.646893501281738,657300,0.0,0.0
2018-11-09 00:00:00-05:00,10.610462518027768,10.756186342780659,10.546708941845294,10.628678321838379,738400,0.0,0.0
2018-11-12 00:00:00-05:00,10.646892547854453,10.829047099517444,10.473846766067341,10.49206256866455,697500,0.0,0.0
2018-11-13 00:00:00-05:00,10.519385684476973,10.637785798784083,10.20972398068565,10.273477554321289,719200,0.0,0.0
2018-11-14 00:00:00-05:00,10.364556571158806,10.437418058557878,10.036679877862975,10.200617790222168,725700,0.0,0.0
2018-11-15 00:00:00-05:00,10.16359077739792,10.172847447550255,9.95069266048208,10.126564979553223,1391500,0.18,0.0
2018-11-16 00:00:00-05:00,10.071027619566154,10.219130824112538,10.024745147454226,10.209874153137207,902800,0.0,0.0
2018-11-19 00:00:00-05:00,10.191361177947023,10.256156105964216,9.969206382375486,10.06177043914795,481400,0.0,0.0
2018-11-20 00:00:00-05:00,10.006231576684078,10.098795627860335,9.969205779660648,10.024744033813477,640100,0.0,0.0
2018-11-21 00:00:00-05:00,10.052512853291448,10.219129376180874,9.950692135283802,10.034000396728516,336300,0.0,0.0
2018-11-23 00:00:00-05:00,9.987718930086736,10.006232271265871,9.895153989720457,9.950693130493164,250600,0.0,0.0
2018-11-26 00:00:00-05:00,10.043257066392284,10.200616919617941,10.006231270501813,10.034000396728516,429200,0.0,0.0
2018-11-27 00:00:00-05:00,10.043257367975729,10.191360555984923,10.024744028092261,10.080283164978027,368300,0.0,0.0
2018-11-28 00:00:00-05:00,10.089539431897379,10.302438436857095,9.950692907227975,10.256155967712402,647400,0.0,0.0
2018-11-29 00:00:00-05:00,10.228386532973609,10.36723305348432,10.172847395110535,10.265412330627441,406300,0.0,0.0
2018-11-30 00:00:00-05:00,10.24689891336684,10.36723297552811,10.08028326655978,10.320950508117676,1087100,0.0,0.0
2018-12-03 00:00:00-05:00,10.404257774353027,10.432027781792842,10.135820548453397,10.404257774353027,384100,0.0,0.0
2018-12-04 00:00:00-05:00,10.357976436773736,10.385746447230748,10.071026724168505,10.126564979553223,738600,0.0,0.0
2018-12-06 00:00:00-05:00,10.071027567378495,10.432029788663156,9.885898562654846,10.293182373046875,1473900,0.0,0.0
2018-12-07 00:00:00-05:00,10.29318088779166,10.339463352985424,10.117308579372883,10.1450777053833,404700,0.0,0.0
2018-12-10 00:00:00-05:00,10.154334809806082,10.154334809806082,9.867384219528574,9.941435813903809,567300,0.0,0.0
2018-12-11 00:00:00-05:00,9.987718365314707,10.13582155531426,9.830358505249023,9.830358505249023,736500,0.0,0.0
2018-12-12 00:00:00-05:00,9.913665884624736,10.0617690613927,9.663741111755371,9.663741111755371,611300,0.0,0.0
2018-12-13 00:00:00-05:00,9.672998774680138,9.756307040861333,9.626716306494513,9.63597297668457,453900,0.0,0.0
2018-12-14 00:00:00-05:00,9.608203848879057,9.811846179237016,9.57117805088349,9.63597297668457,464000,0.0,0.0
2018-12-17 00:00:00-05:00,9.63597297668457,9.959949371219292,9.608203848879057,9.63597297668457,1254500,0.0,0.0
2018-12-18 00:00:00-05:00,9.719280846819577,9.848871575905768,9.645229253845931,9.811845779418945,795700,0.0,0.0
2018-12-19 00:00:00-05:00,9.839615403204084,9.932179457715296,9.450844079068858,9.469356536865234,665900,0.0,0.0
2018-12-20 00:00:00-05:00,9.358279448570013,9.450844388880295,9.04356059359738,9.108355522155762,813300,0.0,0.0
2018-12-21 00:00:00-05:00,9.10835495258273,9.247201471600967,9.043560028076172,9.043560028076172,3844200,0.0,0.0
2018-12-24 00:00:00-05:00,8.978764662444373,9.080586271979719,8.83991813659668,8.83991813659668,431800,0.0,0.0
2018-12-26 00:00:00-05:00,8.839917701786739,9.071329155326891,8.784378564520662,9.043560028076172,889600,0.0,0.0
2018-12-27 00:00:00-05:00,8.923227267625341,8.950996398925781,8.599250832316061,8.950996398925781,695900,0.0,0.0
2018-12-28 00:00:00-05:00,8.978765530226221,9.145382083558395,8.913970596270271,8.950996398925781,694500,0.0,0.0
2018-12-31 00:00:00-05:00,8.950994418752886,9.006532669067383,8.82140369674477,9.006532669067383,494800,0.0,0.0
2019-01-02 00:00:00-05:00,8.923226960459855,9.071330165983714,8.738097070790294,8.96025276184082,718600,0.0,0.0
2019-01-03 00:00:00-05:00,8.960251892882411,9.126867541556125,8.830661159234277,8.849174499511719,692700,0.0,0.0
2019-01-04 00:00:00-05:00,8.941738559624355,9.32125320796331,8.913969431951045,9.256458282470703,833900,0.0,0.0
2019-01-07 00:00:00-05:00,9.052815915124347,9.30274071143017,8.867686926804097,9.28422737121582,1330100,0.0,0.0
2019-01-08 00:00:00-05:00,9.302741257622067,9.543409397951065,9.25645878713346,9.460101127624512,1040900,0.0,0.0
2019-01-09 00:00:00-05:00,9.487870078741953,9.682255744934082,9.413818480455873,9.682255744934082,760600,0.0,0.0
2019-01-10 00:00:00-05:00,9.67299850491665,9.858127489731563,9.561921114027703,9.617460250854492,830200,0.0,0.0
2019-01-11 00:00:00-05:00,9.58969016514633,9.69151176806198,9.49712611485393,9.672998428344727,642300,0.0,0.0
2019-01-14 00:00:00-05:00,9.635972286090169,9.77481968069608,9.589689821221532,9.765563011169434,624200,0.0,0.0
2019-01-15 00:00:00-05:00,9.793332753119794,9.885897688680673,9.728537827885969,9.747050285339355,458000,0.0,0.0
2019-01-16 00:00:00-05:00,9.765563916816875,9.941436240310384,9.765563916816875,9.848872184753418,451100,0.0,0.0
2019-01-17 00:00:00-05:00,9.830358726265993,9.941436121263022,9.811846268482155,9.93217945098877,583400,0.0,0.0
2019-01-18 00:00:00-05:00,9.959948126842457,10.061768837917823,9.895152326372182,10.052512168884277,701000,0.0,0.0
2019-01-22 00:00:00-05:00,10.015487710189957,10.052513508493695,9.858127846707907,9.98771858215332,675200,0.0,0.0
2019-01-23 00:00:00-05:00,10.043257582449082,10.10805250789564,9.76556365761938,9.774820327758789,725600,0.0,0.0
2019-01-24 00:00:00-05:00,9.793332136984779,9.885897066722052,9.719280546300796,9.765563011169434,596500,0.0,0.0
2019-01-25 00:00:00-05:00,9.802589932118872,9.987718930086736,9.774820803114867,9.950693130493164,391100,0.0,0.0
2019-01-28 00:00:00-05:00,9.895152326105736,10.163589548719514,9.895152326105736,10.108051300048828,458400,0.0,0.0
2019-01-29 00:00:00-05:00,10.098795890808105,10.200617497347197,10.006231837221709,10.098795890808105,833700,0.0,0.0
2019-01-30 00:00:00-05:00,10.126565574618802,10.283925445396834,10.108053115990936,10.219130516052246,501700,0.0,0.0
2019-01-31 00:00:00-05:00,10.172847652580513,10.348720857960974,10.098796055398635,10.33946418762207,782500,0.0,0.0
2019-02-01 00:00:00-05:00,10.339465536185207,10.367234668059135,9.987719962311237,10.274670600891113,813600,0.0,0.0
2019-02-04 00:00:00-05:00,10.26541280703521,10.45054180389603,10.219130337128833,10.441285133361816,496200,0.0,0.0
2019-02-05 00:00:00-05:00,10.432030590979524,10.515337987438704,10.395003904422385,10.487568855285645,455500,0.0,0.0
2019-02-06 00:00:00-05:00,10.4968236121127,10.607901003227191,10.459797815074536,10.543106079101562,351100,0.0,0.0
2019-02-07 00:00:00-05:00,10.515336069249464,10.570875206189028,10.432028687987073,10.543106079101562,571200,0.0,0.0
2019-02-08 00:00:00-05:00,10.459798616145296,10.51533687457366,10.191361346369,10.246899604797363,380700,0.0,0.0
2019-02-11 00:00:00-05:00,10.311693731180654,10.413514443499633,10.265411268212189,10.404257774353027,486800,0.0,0.0
2019-02-12 00:00:00-05:00,10.413515521242774,10.496823786655058,10.2468989904182,10.265412330627441,503200,0.0,0.0
2019-02-13 00:00:00-05:00,10.331276411204128,10.566505847495614,10.284231241809099,10.519460678100586,495300,0.18,0.0
2019-02-14 00:00:00-05:00,10.500641395465147,10.566505347363996,10.303048642439554,10.528868675231934,632100,0.0,0.0
2019-02-15 00:00:00-05:00,10.575915144660629,10.754690017129656,10.547687863813074,10.698234558105469,482300,0.0,0.0
2019-02-19 00:00:00-05:00,10.698233163737656,10.764097109573848,10.613550434903146,10.707642555236816,414100,0.0,0.0
2019-02-20 00:00:00-05:00,10.71705340043144,10.933464050292969,10.679416726658605,10.933464050292969,697400,0.0,0.0
2019-02-21 00:00:00-05:00,10.933463268251032,11.0275553946175,10.877008710294369,11.008736610412598,507300,0.0,0.0
2019-02-22 00:00:00-05:00,11.008737603430907,11.234557650285188,11.008737603430907,11.225149154663086,658500,0.0,0.0
2019-02-25 00:00:00-05:00,11.272193745870501,11.272193745870501,10.980509757995605,10.980509757995605,597100,0.0,0.0
2019-02-26 00:00:00-05:00,10.980510382820034,11.065193125192437,10.811144898075229,10.829963684082031,413900,0.0,0.0
2019-02-27 00:00:00-05:00,11.41333165936109,11.601515017433314,10.999327374273161,11.065192222595215,974600,0.0,0.0
2019-02-28 00:00:00-05:00,11.074602263329954,11.074602263329954,10.698234627817397,10.717053413391113,1040000,0.0,0.0
2019-03-01 00:00:00-05:00,10.77350738944283,10.82996284576407,10.58532403058709,10.688824653625488,747000,0.0,0.0
2019-03-04 00:00:00-05:00,10.679415974854999,10.858189938358462,10.679415974854999,10.81114387512207,472500,0.0,0.0
2019-03-05 00:00:00-05:00,10.81114403114049,10.961690717806306,10.801734638891618,10.867599487304688,309100,0.0,0.0
2019-03-06 00:00:00-05:00,10.88641764805661,10.989919170737199,10.782917022705078,10.782917022705078,333800,0.0,0.0
2019-03-07 00:00:00-05:00,10.820553367009607,10.820553367009607,10.594733338187504,10.651187896728516,564900,0.0,0.0
2019-03-08 00:00:00-05:00,10.613551651733589,10.679416502450067,10.557097090924112,10.622961044311523,424200,0.0,0.0
2019-03-11 00:00:00-04:00,10.660597274914663,10.87700880858147,10.575914539885435,10.848780632019043,595400,0.0,0.0
2019-03-12 00:00:00-04:00,10.858190913415914,10.877009699331992,10.547688124433439,10.594734191894531,766600,0.0,0.0
2019-03-13 00:00:00-04:00,10.632369217901465,10.801733778241525,10.622959826402305,10.707642555236816,556700,0.0,0.0
2019-03-14 00:00:00-04:00,10.726460440906173,10.773506501073008,10.641778609400625,10.707642555236816,689000,0.0,0.0
2019-03-15 00:00:00-04:00,10.735870892436681,10.764098172392284,10.519460250561975,10.547687530517578,844600,0.0,0.0
2019-03-18 00:00:00-04:00,10.557097325330867,10.792326761027809,10.557097325330867,10.717053413391113,727300,0.0,0.0
2019-03-19 00:00:00-04:00,10.77350808736885,10.782917480253452,10.491232582134437,10.557097434997559,341400,0.0,0.0
2019-03-20 00:00:00-04:00,10.557096681119424,10.651187911259147,10.425367882128974,10.453595161437988,409000,0.0,0.0
2019-03-21 00:00:00-04:00,10.406550549101565,10.717053330019699,10.397141156387907,10.67941665649414,1311400,0.0,0.0
2019-03-22 00:00:00-04:00,10.622960368832691,10.660597039422173,10.331275498767448,10.34068489074707,464600,0.0,0.0
2019-03-25 00:00:00-04:00,10.303048220157589,10.481823078454385,10.180728816409518,10.34068489074707,498100,0.0,0.0
2019-03-26 00:00:00-04:00,10.350095114884793,10.49123241661068,10.246594486774413,10.481823921203613,814400,0.0,0.0
2019-03-27 00:00:00-04:00,10.434777066390271,10.811143774106732,10.434777066390271,10.75468921661377,1078900,0.0,0.0
2019-03-28 00:00:00-04:00,10.79232570596542,10.924053602787316,10.688824190086503,10.877008438110352,712600,0.0,0.0
2019-03-29 00:00:00-04:00,10.914646188858988,10.952282862724195,10.688825248338661,10.735871315002441,617200,0.0,0.0
2019-04-01 00:00:00-04:00,10.792326228319844,10.914645636524073,10.679416212438028,10.90523624420166,482500,0.0,0.0
2019-04-02 00:00:00-04:00,10.895826936450455,10.971100280955921,10.792326312087699,10.942873001098633,538800,0.0,0.0
2019-04-03 00:00:00-04:00,10.989919079932735,11.018146359826458,10.877009063028789,10.961690902709961,471000,0.0,0.0
2019-04-04 00:00:00-04:00,10.980510008482248,11.102829421369147,10.971100615799624,11.093420028686523,473900,0.0,0.0
2019-04-05 00:00:00-04:00,11.112238271628698,11.281602845003356,11.065192207841113,11.262784957885742,462600,0.0,0.0
2019-04-08 00:00:00-04:00,11.225148834256046,11.281603395693645,11.046373962602473,11.093420028686523,463600,0.0,0.0
2019-04-09 00:00:00-04:00,11.093420503828813,11.168693853855695,10.877009846833806,10.886418342590332,418900,0.0,0.0
2019-04-10 00:00:00-04:00,10.914645186322613,11.131055816837444,10.914645186322613,11.112237930297852,516200,0.0,0.0
2019-04-11 00:00:00-04:00,11.11223907827091,11.168693641050847,10.914646313882939,10.989919662475586,271700,0.0,0.0
2019-04-12 00:00:00-04:00,11.055783713971785,11.074602499947579,10.971100971738919,11.046374320983887,244400,0.0,0.0
2019-04-15 00:00:00-04:00,11.074601457800732,11.131056015757395,10.952282052455933,11.008736610412598,298800,0.0,0.0
2019-04-16 00:00:00-04:00,11.046373639720183,11.055783032127774,10.933463622816237,10.961690902709961,296400,0.0,0.0
2019-04-17 00:00:00-04:00,11.008736953208656,11.008736953208656,10.848780871802274,10.942873001098633,379600,0.0,0.0
2019-04-18 00:00:00-04:00,10.924053876148582,11.04637328149338,10.886417205067799,11.008736610412598,569300,0.0,0.0
2019-04-22 00:00:00-04:00,10.933463992269607,10.942873384995151,10.566505751935082,10.698234558105469,803900,0.0,0.0
2019-04-23 00:00:00-04:00,10.745280080056455,10.961690717806306,10.688824623892257,10.867599487304688,771400,0.0,0.0
2019-04-24 00:00:00-04:00,10.81114455372089,10.942873359585397,10.81114455372089,10.895827293395996,252900,0.0,0.0
2019-04-25 00:00:00-04:00,10.839372564719309,10.924054405759781,10.726461648673887,10.82055377960205,383400,0.0,0.0
2019-04-26 00:00:00-04:00,10.877009639586616,11.0087375509592,10.858190853773905,10.989919662475586,448200,0.0,0.0
2019-04-29 00:00:00-04:00,11.027555652405889,11.140465668287705,10.867599572241055,10.90523624420166,443900,0.0,0.0
2019-04-30 00:00:00-04:00,10.961690817822847,10.999327489832703,10.867599586462722,10.924054145812988,790700,0.0,0.0
2019-05-01 00:00:00-04:00,10.914645281169053,11.008736509342658,10.801734371634307,10.952281951904297,1140300,0.0,0.0
2019-05-02 00:00:00-04:00,11.432149263334992,11.695606855439422,11.225148023247382,11.563878059387207,1147200,0.0,0.0
2019-05-03 00:00:00-04:00,11.601514548839429,11.686197280883789,11.262784517990985,11.686197280883789,655800,0.0,0.0
2019-05-06 00:00:00-04:00,11.620333658982519,11.883790357043289,11.620333658982519,11.817926406860352,680500,0.0,0.0
2019-05-07 00:00:00-04:00,11.77088054332489,11.846153886905256,11.629742351114928,11.714425086975098,723500,0.0,0.0
2019-05-08 00:00:00-04:00,11.714424742116018,11.733243526121624,11.516831996702201,11.563878059387207,452100,0.0,0.0
2019-05-09 00:00:00-04:00,11.592105594835168,11.705015609382768,11.52624164401466,11.676788330078125,491600,0.0,0.0
2019-05-10 00:00:00-04:00,11.6391512340767,11.714424574363177,11.526241223646984,11.705015182495117,424900,0.0,0.0
2019-05-13 00:00:00-04:00,11.563877442245497,11.610923502419746,11.441558044724035,11.498013496398926,407700,0.0,0.0
2019-05-14 00:00:00-04:00,11.526242325914415,11.620334458935146,11.48860565217194,11.545061111450195,503700,0.0,0.0
2019-05-15 00:00:00-04:00,11.498014100129076,11.789698073332838,11.488604708134371,11.761470794677734,463900,0.0,0.0
2019-05-16 00:00:00-04:00,11.799657738349122,11.828298340627878,11.666005236139148,11.694644927978516,390200,0.18,0.0
2019-05-17 00:00:00-04:00,11.599177845743647,11.694644697243834,11.513258771920722,11.560991287231445,725700,0.0,0.0
2019-05-20 00:00:00-04:00,11.51325939897809,11.589632520162072,11.31277972826028,11.398698806762695,302900,0.0,0.0
2019-05-21 00:00:00-04:00,11.436884424552652,11.599177521299803,11.436884424552652,11.551445007324219,400900,0.0,0.0
2019-05-22 00:00:00-04:00,11.522804642843159,11.522804642843159,11.398698100993593,11.455978393554688,218700,0.0,0.0
2019-05-23 00:00:00-04:00,11.360511441029312,11.475072025125575,11.245951767372404,11.427338600158691,479700,0.0,0.0
2019-05-24 00:00:00-04:00,11.475072127888172,11.541898377176645,11.389152144266214,11.455978393554688,358100,0.0,0.0
2019-05-28 00:00:00-04:00,11.484618117483572,11.494164984677637,11.303232192993164,11.303232192993164,460700,0.0,0.0
2019-05-29 00:00:00-04:00,11.24595118144539,11.26504491461308,11.102751824444944,11.207764625549316,495700,0.0,0.0
2019-05-30 00:00:00-04:00,11.23640572578339,11.360511355143954,11.026379203780513,11.093205451965332,379400,0.0,0.0
2019-05-31 00:00:00-04:00,10.997739439636117,10.997739439636117,10.816352609434286,10.911819458007812,540200,0.0,0.0
2019-06-03 00:00:00-04:00,10.930913072423879,10.97864650016465,10.739980271900201,10.959552764892578,626500,0.0,0.0
2019-06-04 00:00:00-04:00,11.01683235168457,11.121845157608487,10.892725811716659,11.01683235168457,438700,0.0,0.0
2019-06-05 00:00:00-04:00,11.035925968247573,11.140938773053595,10.950005986842946,11.064565658569336,428100,0.0,0.0
2019-06-06 00:00:00-04:00,11.055018553798854,11.10275197693436,10.825899215275607,10.930912017822266,367000,0.0,0.0
2019-06-07 00:00:00-04:00,10.978646040665001,11.13139227469091,10.930912614922061,11.074112892150879,379500,0.0,0.0
2019-06-10 00:00:00-04:00,11.112300219561279,11.24595272836221,11.083659615870138,11.198219299316406,306400,0.0,0.0
2019-06-11 00:00:00-04:00,11.255498048029235,11.35096489298907,11.131391513757173,11.207764625549316,432100,0.0,0.0
2019-06-12 00:00:00-04:00,11.198218139420597,11.303231854532077,11.112299068564848,11.140938758850098,424100,0.0,0.0
2019-06-13 00:00:00-04:00,11.188672653137024,11.226859211935198,11.026379550634948,11.179125785827637,362700,0.0,0.0
2019-06-14 00:00:00-04:00,11.188672404603231,11.20776522835852,11.05501899655878,11.121845245361328,516600,0.0,0.0
2019-06-17 00:00:00-04:00,11.150486439746716,11.370058932028046,11.150486439746716,11.265046119689941,763500,0.0,0.0
2019-06-18 00:00:00-04:00,11.33187178136334,11.465525189550005,11.198218373176676,11.274592399597168,777800,0.0,0.0
2019-06-19 00:00:00-04:00,11.293685211355713,11.303232078453036,10.997739614853556,11.121845245361328,667700,0.0,0.0
2019-06-20 00:00:00-04:00,11.226859332180489,11.331872142390358,11.083659052324062,11.131392478942871,627000,0.0,0.0
2019-06-21 00:00:00-04:00,11.06456568737398,11.06456568737398,10.911819458007812,10.911819458007812,794400,0.0,0.0
2019-06-24 00:00:00-04:00,10.950006520841315,10.978646212559747,10.749526857933517,10.797260284423828,458700,0.0,0.0
2019-06-25 00:00:00-04:00,10.82590071218871,10.92136666122062,10.65406072931605,10.663607597351074,697600,0.0,0.0
2019-06-26 00:00:00-04:00,10.663606864946631,10.787713409559652,10.577686879411509,10.644513130187988,580600,0.0,0.0
2019-06-27 00:00:00-04:00,10.654059256163512,10.930912017822266,10.654059256163512,10.930912017822266,1137300,0.0,0.0
2019-06-28 00:00:00-04:00,10.959552441900648,11.121845545172642,10.940459617630674,10.950006484985352,1086700,0.0,0.0
2019-07-01 00:00:00-04:00,11.035926488240433,11.083659004212661,10.768619664511172,10.87363338470459,380600,0.0,0.0
2019-07-02 00:00:00-04:00,10.902273159714715,11.016832837714665,10.825900041048083,10.978646278381348,435900,0.0,0.0
2019-07-03 00:00:00-04:00,11.007285571511522,11.150485846653297,10.978645880658911,11.121845245361328,214700,0.0,0.0
2019-07-05 00:00:00-04:00,11.026379567831421,11.169578935938054,10.950006450115966,11.102752685546875,245800,0.0,0.0
2019-07-08 00:00:00-04:00,11.09320605867948,11.15048635342737,10.959552644560668,11.007286071777344,383900,0.0,0.0
2019-07-09 00:00:00-04:00,11.016833204807336,11.074113500935646,10.892726655228849,10.98819351196289,1466200,0.0,0.0
2019-07-10 00:00:00-04:00,11.026379686819602,11.112299672786515,10.969099392695197,11.05501937866211,771400,0.0,0.0
2019-07-11 00:00:00-04:00,11.074112181904013,11.093205004713033,10.844991935120584,10.90227222442627,814300,0.0,0.0
2019-07-12 00:00:00-04:00,10.92136561961661,11.083658718975858,10.864086237748264,10.969099044799805,495500,0.0,0.0
2019-07-15 00:00:00-04:00,11.007285499770811,11.045472057471862,10.854539268966604,10.940459251403809,462800,0.0,0.0
2019-07-16 00:00:00-04:00,10.911819545760654,11.074112643377202,10.864086121090018,11.01683235168457,361200,0.0,0.0
2019-07-17 00:00:00-04:00,11.05501939704798,11.08365908893812,10.950006586491208,10.978646278381348,802600,0.0,0.0
2019-07-18 00:00:00-04:00,10.978646418239958,10.978646418239958,10.749527059321276,10.85453987121582,577600,0.0,0.0
2019-07-19 00:00:00-04:00,10.835446817950826,10.92136589290331,10.71134027354473,10.72088623046875,690100,0.0,0.0
2019-07-22 00:00:00-04:00,10.730432290574374,10.825899136147607,10.673152911581886,10.749526023864746,398200,0.0,0.0
2019-07-23 00:00:00-04:00,10.825899476379508,10.92136541451369,10.778166052092745,10.911819458007812,371200,0.0,0.0
2019-07-24 00:00:00-04:00,10.88317826199688,11.007284794179634,10.88317826199688,10.9977388381958,572700,0.0,0.0
2019-07-25 00:00:00-04:00,10.997739543175062,11.026379233841011,10.883178959632556,10.940459251403809,509600,0.0,0.0
2019-07-26 00:00:00-04:00,10.940459266631452,11.035926116236633,10.778166168566255,10.864086151123047,868000,0.0,0.0
2019-07-29 00:00:00-04:00,10.911819662931459,11.093205586100368,10.873633104872775,10.969099044799805,462300,0.0,0.0
2019-07-30 00:00:00-04:00,10.911819647286478,11.14093899531008,10.911819647286478,11.045472145080566,504200,0.0,0.0
2019-07-31 00:00:00-04:00,11.03592601193419,11.09320539280446,10.596780146691634,10.60632610321045,1279900,0.0,0.0
2019-08-01 00:00:00-04:00,10.997739069789308,11.265044962190776,10.844991935120584,10.90227222442627,1298800,0.0,0.0
2019-08-02 00:00:00-04:00,10.88317859468676,10.978645440957772,10.816352348560642,10.930912017822266,519300,0.0,0.0
2019-08-05 00:00:00-04:00,10.835447580223736,10.844993537819313,10.529954176179066,10.663607597351074,723100,0.0,0.0
2019-08-06 00:00:00-04:00,10.711339673687146,10.911819324894422,10.663606249982683,10.806805610656738,718700,0.0,0.0
2019-08-07 00:00:00-04:00,10.730432302640885,10.768618858825256,10.520406698846498,10.673152923583984,1473600,0.0,0.0
2019-08-08 00:00:00-04:00,10.711340363048135,11.11229969126765,10.634967244381503,10.978646278381348,925100,0.0,0.0
2019-08-09 00:00:00-04:00,10.969099163615274,11.016832589315511,10.873633222654172,10.921365737915039,671800,0.0,0.0
2019-08-12 00:00:00-04:00,10.92136561961661,10.988192779048827,10.83544654681409,10.969099044799805,443000,0.0,0.0
2019-08-13 00:00:00-04:00,10.940459353865633,10.997739646173338,10.873633104872775,10.969099044799805,744600,0.0,0.0
2019-08-14 00:00:00-04:00,10.883179093426824,10.883179093426824,10.749526595049739,10.816352844238281,514500,0.0,0.0
2019-08-15 00:00:00-04:00,10.826052876267873,10.874556883088683,10.641738760513176,10.690242767333984,481200,0.18,0.0
2019-08-16 00:00:00-04:00,10.7193456136193,10.893958756213573,10.680542590249788,10.864856719970703,759600,0.0,0.0
2019-08-19 00:00:00-04:00,10.990966215507287,11.010368188769021,10.903659186103491,10.932762145996094,489500,0.0,0.0
2019-08-20 00:00:00-04:00,10.913360866439234,10.952163890292201,10.777549820385314,10.816352844238281,897300,0.0,0.0
2019-08-21 00:00:00-04:00,10.88425907220015,10.932763084380694,10.787251047839062,10.806653022766113,479300,0.0,0.0
2019-08-22 00:00:00-04:00,10.835754472504073,10.893958543855229,10.748447440340305,10.874557495117188,314900,0.0,0.0
2019-08-23 00:00:00-04:00,10.845455471373718,10.90365954278891,10.505928329282638,10.535030364990234,646100,0.0,0.0
2019-08-26 00:00:00-04:00,10.602936512702419,10.641739535959182,10.379818435123243,10.486527442932129,619900,0.0,0.0
2019-08-27 00:00:00-04:00,10.554432481936452,10.602936492197868,10.350716378948139,10.360417366027832,716600,0.0,0.0
2019-08-28 00:00:00-04:00,10.399220345374,10.738746565498626,10.360417322355842,10.699943542480469,776400,0.0,0.0
2019-08-29 00:00:00-04:00,10.767848808192488,10.864855896697124,10.680541780942427,10.690242767333984,440200,0.0,0.0
2019-08-30 00:00:00-04:00,10.699943563049068,10.893958678512817,10.680542514071215,10.826053619384766,605400,0.0,0.0
2019-09-03 00:00:00-04:00,10.777550259373129,10.81635328480661,10.622338157639206,10.670842170715332,490400,0.0,0.0
2019-09-04 00:00:00-04:00,10.729047109411091,10.864857235074625,10.70964513423796,10.758149147033691,494400,0.0,0.0
2019-09-05 00:00:00-04:00,10.787250407997584,11.097674587321047,10.787250407997584,10.961864471435547,716800,0.0,0.0
2019-09-06 00:00:00-04:00,10.961864549330318,11.155879662786148,10.913360539682103,11.000667572021484,839300,0.0,0.0
2019-09-09 00:00:00-04:00,11.020069079287971,11.243187162897769,10.990967042343067,11.23348617553711,1436600,0.0,0.0
2019-09-10 00:00:00-04:00,11.243186577031306,11.320792621598494,11.175281519319274,11.301390647888184,854100,0.0,0.0
2019-09-11 00:00:00-04:00,11.349894671004332,11.78642890351661,11.301390661805852,11.767027854919434,1291800,0.0,0.0
2019-09-12 00:00:00-04:00,11.757326923630687,11.757326923630687,11.543909837230737,11.679720878601074,788300,0.0,0.0
2019-09-13 00:00:00-04:00,11.708822970385702,11.834933025448198,11.534209830799739,11.592413902282715,1011800,0.0,0.0
2019-09-16 00:00:00-04:00,11.592414191255234,11.679721225793099,11.52450913112003,11.621516227722168,636300,0.0,0.0
2019-09-17 00:00:00-04:00,11.621515434411355,11.621515434411355,11.495406309950775,11.573012351989746,613500,0.0,0.0
2019-09-18 00:00:00-04:00,11.611815425842762,11.62151548728902,11.40809933327931,11.485705375671387,509000,0.0,0.0
2019-09-19 00:00:00-04:00,11.553611818509417,11.621516882470344,11.456604716441966,11.466304779052734,495300,0.0,0.0
2019-09-20 00:00:00-04:00,11.485706312903345,11.485706312903345,11.311092240704188,11.359596252441406,1722900,0.0,0.0
2019-09-23 00:00:00-04:00,11.31109193290613,11.378996992408155,11.175281813902082,11.204383850097656,1394800,0.0,0.0
2019-09-24 00:00:00-04:00,11.204382976727484,11.378996105427067,11.117075949809204,11.243185997009277,981000,0.0,0.0
2019-09-25 00:00:00-04:00,11.291690321855214,11.495406415359769,11.243186313851844,11.398398399353027,607400,0.0,0.0
2019-09-26 00:00:00-04:00,11.378996771025644,11.39839874486992,11.223784680819552,11.340193748474121,627900,0.0,0.0
2019-09-27 00:00:00-04:00,11.369296551693012,11.446902595720648,11.204383476850028,11.262587547302246,640200,0.0,0.0
2019-09-30 00:00:00-04:00,11.262587787687805,11.359595807361373,11.233485751840549,11.252887725830078,1290700,0.0,0.0
2019-10-01 00:00:00-04:00,11.262587443129641,11.359595459835427,11.06857233485508,11.097674369812012,2007100,0.0,0.0
2019-10-02 00:00:00-04:00,11.068572255854816,11.107375277232777,10.952163191720931,11.058871269226074,869000,0.0,0.0
2019-10-03 00:00:00-04:00,11.010368055237322,11.165580138900795,10.952163061295023,11.107375144958496,1060500,0.0,0.0
2019-10-04 00:00:00-04:00,11.136477632605967,11.175281580238115,10.971565480854492,11.087974548339844,511700,0.0,0.0
2019-10-07 00:00:00-04:00,11.029769313200168,11.136477391466924,11.000667278243236,11.097674369812012,418400,0.0,0.0
2019-10-08 00:00:00-04:00,11.107375197397273,11.31109128945159,10.923061078460986,11.020068168640137,639200,0.0,0.0
2019-10-09 00:00:00-04:00,11.078273695572383,11.117076718537344,11.02006869855642,11.039470672607422,530200,0.0,0.0
2019-10-10 00:00:00-04:00,11.078274153282313,11.311092300691193,11.0588721784297,11.272289276123047,1485100,0.0,0.0
2019-10-11 00:00:00-04:00,11.369296260353199,11.670019441969961,11.369296260353199,11.573012351989746,945000,0.0,0.0
2019-10-14 00:00:00-04:00,11.534209462907413,11.582712545883838,11.35959540375386,11.524508476257324,802500,0.0,0.0
2019-10-15 00:00:00-04:00,11.543910569903176,11.776729644905677,11.495407482534032,11.689422607421875,6717200,0.0,0.0
2019-10-16 00:00:00-04:00,11.650619121111625,11.767028191434848,11.378997031887048,11.45660400390625,1105000,0.0,0.0
2019-10-17 00:00:00-04:00,11.495406415359769,11.563311471482287,11.369296364605807,11.398398399353027,689200,0.0,0.0
2019-10-18 00:00:00-04:00,11.398398611014759,11.446902619918824,11.330493553631285,11.388697624206543,1287200,0.0,0.0
2019-10-21 00:00:00-04:00,11.427500072708556,11.834932246832732,11.427500072708556,11.79612922668457,723500,0.0,0.0
2019-10-22 00:00:00-04:00,11.834932912715091,11.844633899582192,11.660319774792397,11.767027854919434,1128600,0.0,0.0
2019-10-23 00:00:00-04:00,11.767028373248623,11.980445468040594,11.747626398659776,11.9125394821167,613800,0.0,0.0
2019-10-24 00:00:00-04:00,11.92224031519114,12.01924833660639,11.757327233867446,11.834933280944824,538200,0.0,0.0
2019-10-25 00:00:00-04:00,11.776728841786536,11.805830877250813,11.699122797123776,11.767027854919434,587100,0.0,0.0
2019-10-28 00:00:00-04:00,11.74762638122935,11.883437427738563,11.74762638122935,11.786429405212402,869600,0.0,0.0
2019-10-29 00:00:00-04:00,11.75732721466895,11.82523227446651,11.68942215487139,11.708823204040527,686300,0.0,0.0
2019-10-30 00:00:00-04:00,11.679720977719608,11.883437078935412,11.573012896182584,11.844634056091309,776300,0.0,0.0
2019-10-31 00:00:00-04:00,11.844633922531273,11.961042989750954,11.757326890832253,11.89313793182373,856100,0.0,0.0
2019-11-01 00:00:00-04:00,11.893137638558407,12.048349724357374,11.893137638558407,11.990144729614258,776200,0.0,0.0
2019-11-04 00:00:00-05:00,12.0677518236281,12.164759848270462,11.990145773969045,12.155058860778809,617800,0.0,0.0
2019-11-05 00:00:00-05:00,12.155057616022678,12.213262609874945,12.038648553455133,12.125955581665039,834400,0.0,0.0
2019-11-06 00:00:00-05:00,12.164759752933962,12.164759752933962,11.679721483797621,11.737926483154297,904400,0.0,0.0
2019-11-07 00:00:00-05:00,11.728224865242673,11.825231958772703,11.543909814802666,11.553610801696777,624000,0.0,0.0
2019-11-08 00:00:00-05:00,11.51480780162889,11.718523901115882,11.437201756599277,11.679720878601074,546900,0.0,0.0
2019-11-11 00:00:00-05:00,11.631216289212173,11.78642837153214,11.582712282202936,11.747625350952148,653500,0.0,0.0
2019-11-12 00:00:00-05:00,11.73792550303739,11.825231607076725,11.611815452575684,11.611815452575684,504100,0.0,0.0
2019-11-13 00:00:00-05:00,11.58271241339187,11.631216420950476,11.476004336872535,11.573012351989746,716800,0.0,0.0
2019-11-14 00:00:00-05:00,11.582861846969497,11.769999504089355,11.573012249408103,11.769999504089355,579100,0.18,0.0
2019-11-15 00:00:00-05:00,11.819247196030808,11.868494247209478,11.661657383706565,11.829096794128418,907700,0.0,0.0
2019-11-18 00:00:00-05:00,11.799547738427473,11.888192240723367,11.75030162764918,11.87834358215332,520100,0.0,0.0
2019-11-19 00:00:00-05:00,11.898042218089016,11.907891816282566,11.612410445641705,11.632109642028809,1257800,0.0,0.0
2019-11-20 00:00:00-05:00,11.592712337998156,11.691205503275132,11.523766089063937,11.602560997009277,1129400,0.0,0.0
2019-11-21 00:00:00-05:00,11.592711646241154,11.63210909786291,11.464669693643112,11.553313255310059,1035400,0.0,0.0
2019-11-22 00:00:00-05:00,11.632108949054105,11.691204656076064,11.543464449211843,11.58286190032959,791700,0.0,0.0
2019-11-25 00:00:00-05:00,11.63210927102444,11.907891436482167,11.61241007526564,11.87834358215332,863900,0.0,0.0
2019-11-26 00:00:00-05:00,11.888191965208716,12.00638431909429,11.858644111564654,11.927589416503906,583100,0.0,0.0
2019-11-27 00:00:00-05:00,11.937439393544935,12.035933494567871,11.878343684378661,12.035933494567871,246100,0.0,0.0
2019-11-29 00:00:00-05:00,11.966986818365754,12.035933062329534,11.927589367233306,11.93743896484375,239000,0.0,0.0
2019-12-02 00:00:00-05:00,11.937439014155037,11.97683646545023,11.858644111564654,11.927589416503906,796400,0.0,0.0
2019-12-03 00:00:00-05:00,11.82909637016051,11.93743912742296,11.809397174671334,11.907891273498535,360900,0.0,0.0
2019-12-04 00:00:00-05:00,11.927589742717837,12.016234245383737,11.829096581440783,11.868494033813477,542700,0.0,0.0
2019-12-05 00:00:00-05:00,11.888192127373204,11.95713837256227,11.829096419278969,11.898041725158691,689600,0.0,0.0
2019-12-06 00:00:00-05:00,11.976836733221209,12.163975335539302,11.966987135349868,12.055631637573242,527700,0.0,0.0
2019-12-09 00:00:00-05:00,12.055631538671852,12.154125637958549,11.976836634966233,12.07533073425293,701300,0.0,0.0
2019-12-10 00:00:00-05:00,12.075330996942707,12.124578047657389,11.976836895513346,12.026083946228027,388200,0.0,0.0
2019-12-11 00:00:00-05:00,12.035933326287612,12.035933326287612,11.848794724822381,11.888192176818848,587400,0.0,0.0
2019-12-12 00:00:00-05:00,11.878343631733989,11.96698719509053,11.760150335306552,11.868494033813477,744800,0.0,0.0
2019-12-13 00:00:00-05:00,11.888191856898107,11.917740649582287,11.622259297905748,11.769999504089355,622800,0.0,0.0
2019-12-16 00:00:00-05:00,11.838946656699973,11.888192769669393,11.671507242537638,11.779850006103516,1524400,0.0,0.0
2019-12-17 00:00:00-05:00,11.819247345553315,11.898042252712251,11.75030203661659,11.799548149108887,972500,0.0,0.0
2019-12-18 00:00:00-05:00,11.84879531235316,11.98668687083292,11.829097055032848,11.957139015197754,946100,0.0,0.0
2019-12-19 00:00:00-05:00,11.986686806387075,12.035933858387171,11.957138950910775,11.966987609863281,850500,0.0,0.0
2019-12-20 00:00:00-05:00,12.016233876376239,12.163975022718862,11.986686022831446,12.114727973937988,2213400,0.0,0.0
2019-12-23 00:00:00-05:00,12.124578263132781,12.163975716542817,11.95713885131279,11.986686706542969,1040100,0.0,0.0
2019-12-24 00:00:00-05:00,11.986686493518155,12.075330996942707,11.986686493518155,12.026083946228027,281900,0.0,0.0
2019-12-26 00:00:00-05:00,12.055631376616788,12.114728023256282,12.006384327635432,12.104878425598145,278800,0.0,0.0
2019-12-27 00:00:00-05:00,12.163975121837066,12.17382378022603,12.055631425774438,12.0950288772583,521200,0.0,0.0
2019-12-30 00:00:00-05:00,12.1147288133261,12.144276668918161,12.065481761133064,12.134427070617676,357200,0.0,0.0
2019-12-31 00:00:00-05:00,12.144276569077853,12.232921074434673,12.114728713728708,12.154126167297363,792000,0.0,0.0
2020-01-02 00:00:00-05:00,12.213221446277307,12.213221446277307,11.976836733221209,12.055631637573242,958400,0.0,0.0
2020-01-03 00:00:00-05:00,11.92758973221935,12.134426591821274,11.92758973221935,12.045782089233398,758800,0.0,0.0
2020-01-06 00:00:00-05:00,11.937439020000447,12.00638432497346,11.74045176342803,11.750301361083984,665500,0.0,0.0
2020-01-07 00:00:00-05:00,11.71090438434014,11.720753043085866,11.543464974640967,11.661657333374023,899400,0.0,0.0
2020-01-08 00:00:00-05:00,11.661656748841999,11.829096150148393,11.661656748841999,11.769999504089355,669600,0.0,0.0
2020-01-09 00:00:00-05:00,11.73060237775747,11.769999829783911,11.661657071538539,11.710904121398926,1762000,0.0,0.0
2020-01-10 00:00:00-05:00,11.681355058469295,11.7109038512896,11.573012302722821,11.58286190032959,744100,0.0,0.0
2020-01-13 00:00:00-05:00,11.848794513913523,11.99653566075249,11.760150013672009,11.927589416503906,1411200,0.0,0.0
2020-01-14 00:00:00-05:00,11.927589529678372,11.927589529678372,11.740451869077896,11.907891273498535,626300,0.0,0.0
2020-01-15 00:00:00-05:00,11.89804230064878,11.986686806387075,11.89804230064878,11.966987609863281,1496600,0.0,0.0
2020-01-16 00:00:00-05:00,12.016234611777106,12.035933808218791,11.907891849276004,11.976837158203125,654200,0.0,0.0
2020-01-17 00:00:00-05:00,12.026083514396552,12.055631368040613,11.907891160510976,11.927589416503906,453800,0.0,0.0
2020-01-21 00:00:00-05:00,11.917740920729665,11.986686226609388,11.760150174089903,11.898041725158691,872200,0.0,0.0
2020-01-22 00:00:00-05:00,11.947289254049117,11.957138852229726,11.760150645855065,11.80939769744873,721800,0.0,0.0
2020-01-23 00:00:00-05:00,11.809396955025607,11.809396955025607,11.671506346403392,11.769999504089355,692500,0.0,0.0
2020-01-24 00:00:00-05:00,11.779849639783134,11.779849639783134,11.454820419883607,11.494217872619629,646800,0.0,0.0
2020-01-27 00:00:00-05:00,11.33662779751413,11.425272298931965,11.29723034569613,11.366175651550293,732000,0.0,0.0
2020-01-28 00:00:00-05:00,11.395724032716878,11.504067734710024,11.366176177313923,11.444971084594727,391100,0.0,0.0
2020-01-29 00:00:00-05:00,11.454820267298452,11.484368121629531,11.316928714904488,11.346477508544922,360800,0.0,0.0
2020-01-30 00:00:00-05:00,11.346477174605582,11.346477174605582,11.139640321756751,11.228283882141113,404000,0.0,0.0
2020-01-31 00:00:00-05:00,11.188887135848312,11.208586332269633,10.854009250470318,10.922954559326172,761500,0.0,0.0
2020-02-03 00:00:00-05:00,10.97220086147485,11.070694018924478,10.932803410633136,11.060844421386719,873300,0.0,0.0
2020-02-04 00:00:00-05:00,11.169188126269937,11.297230076454204,11.119941077843785,11.238133430480957,512700,0.0,0.0
2020-02-05 00:00:00-05:00,11.29723076993285,11.504067634571879,11.29723076993285,11.464670181274414,677600,0.0,0.0
2020-02-06 00:00:00-05:00,11.523765514475283,11.56316296648355,11.405573158450485,11.533615112304688,519700,0.0,0.0
2020-02-07 00:00:00-05:00,11.494217972133185,11.5336154252103,11.415423065978956,11.474518775939941,397700,0.0,0.0
2020-02-10 00:00:00-05:00,11.474518775939941,11.494217972133185,11.34647775792135,11.474518775939941,477800,0.0,0.0
2020-02-11 00:00:00-05:00,11.513915754505735,11.681355158010303,11.484367900742969,11.563162803649902,463600,0.0,0.0
2020-02-12 00:00:00-05:00,11.622259297905748,11.779849101650749,11.582861846969497,11.769999504089355,754800,0.0,0.0
2020-02-13 00:00:00-05:00,11.770000457763672,11.800000190734863,11.529999732971191,11.569999694824219,486900,0.18,0.0
2020-02-14 00:00:00-05:00,11.550000190734863,11.569999694824219,11.4399995803833,11.489999771118164,445500,0.0,0.0
2020-02-18 00:00:00-05:00,11.420000076293945,11.529999732971191,11.359999656677246,11.489999771118164,566500,0.0,0.0
2020-02-19 00:00:00-05:00,11.5,11.550000190734863,11.279999732971191,11.3100004196167,426800,0.0,0.0
2020-02-20 00:00:00-05:00,11.279999732971191,11.430000305175781,11.270000457763672,11.329999923706055,544300,0.0,0.0
2020-02-21 00:00:00-05:00,11.350000381469727,11.420000076293945,11.220000267028809,11.319999694824219,814600,0.0,0.0
2020-02-24 00:00:00-05:00,11.050000190734863,11.130000114440918,10.569999694824219,10.75,1197000,0.0,0.0
2020-02-25 00:00:00-05:00,10.720000267028809,10.729999542236328,10.0,10.100000381469727,1824200,0.0,0.0
2020-02-26 00:00:00-05:00,10.130000114440918,10.300000190734863,9.84000015258789,9.859999656677246,1287200,0.0,0.0
2020-02-27 00:00:00-05:00,9.630000114440918,9.739999771118164,9.270000457763672,9.270000457763672,2110300,0.0,0.0
2020-02-28 00:00:00-05:00,9.069999694824219,9.399999618530273,8.989999771118164,9.270000457763672,2208900,0.0,0.0
2020-03-02 00:00:00-05:00,9.319999694824219,9.380000114440918,8.859999656677246,9.350000381469727,1742000,0.0,0.0
2020-03-03 00:00:00-05:00,9.34000015258789,9.579999923706055,8.699999809265137,8.819999694824219,1517700,0.0,0.0
2020-03-04 00:00:00-05:00,8.960000038146973,9.039999961853027,8.789999961853027,8.949999809265137,1308200,0.0,0.0
2020-03-05 00:00:00-05:00,8.699999809265137,8.760000228881836,8.220000267028809,8.279999732971191,1158200,0.0,0.0
2020-03-06 00:00:00-05:00,8.039999961853027,8.65999984741211,8.0,8.470000267028809,1908000,0.0,0.0
2020-03-09 00:00:00-04:00,7.769999980926514,7.900000095367432,7.099999904632568,7.170000076293945,1212000,0.0,0.0
2020-03-10 00:00:00-04:00,7.360000133514404,7.559999942779541,6.989999771118164,7.320000171661377,1539900,0.0,0.0
2020-03-11 00:00:00-04:00,7.119999885559082,7.119999885559082,6.440000057220459,6.519999980926514,1861300,0.0,0.0
2020-03-12 00:00:00-04:00,5.929999828338623,5.949999809265137,5.230000019073486,5.730000019073486,2233300,0.0,0.0
2020-03-13 00:00:00-04:00,6.0,6.170000076293945,5.300000190734863,6.0,1869000,0.0,0.0
2020-03-16 00:00:00-04:00,5.25,5.25,4.230000019073486,4.659999847412109,2160800,0.0,0.0
2020-03-17 00:00:00-04:00,4.769999980926514,4.929999828338623,4.5,4.559999942779541,1448400,0.0,0.0
2020-03-18 00:00:00-04:00,4.239999771118164,4.25,2.319999933242798,2.609999895095825,2200400,0.0,0.0
2020-03-19 00:00:00-04:00,2.740000009536743,3.3499999046325684,2.6500000953674316,3.0999999046325684,2441600,0.0,0.0
2020-03-20 00:00:00-04:00,3.1500000953674316,3.630000114440918,3.049999952316284,3.359999895095825,2646400,0.0,0.0
2020-03-23 00:00:00-04:00,3.4800000190734863,3.869999885559082,3.240000009536743,3.619999885559082,2433800,0.0,0.0
2020-03-24 00:00:00-04:00,3.9800000190734863,4.369999885559082,3.880000114440918,4.019999980926514,3497000,0.0,0.0
2020-03-25 00:00:00-04:00,4.139999866485596,4.360000133514404,3.700000047683716,4.159999847412109,3325800,0.0,0.0
2020-03-26 00:00:00-04:00,4.199999809265137,5.0,3.940000057220459,4.369999885559082,3300100,0.0,0.0
2020-03-27 00:00:00-04:00,4.25,5.429999828338623,4.0,4.239999771118164,2549000,0.0,0.0
2020-03-30 00:00:00-04:00,4.210000038146973,4.230000019073486,3.6500000953674316,4.059999942779541,2206500,0.0,0.0
2020-03-31 00:00:00-04:00,4.190000057220459,4.260000228881836,3.799999952316284,4.21999979019165,3890900,0.0,0.0
2020-04-01 00:00:00-04:00,3.9200000762939453,4.099999904632568,3.6500000953674316,3.9800000190734863,1628000,0.0,0.0
2020-04-02 00:00:00-04:00,3.930000066757202,4.0,3.640000104904175,3.7100000381469727,1257400,0.0,0.0
2020-04-03 00:00:00-04:00,3.6500000953674316,3.6500000953674316,3.380000114440918,3.450000047683716,1526500,0.0,0.0
2020-04-06 00:00:00-04:00,3.799999952316284,3.940000057220459,3.630000114440918,3.6600000858306885,1967300,0.0,0.0
2020-04-07 00:00:00-04:00,3.9200000762939453,3.9800000190734863,3.450000047683716,3.549999952316284,2332600,0.0,0.0
2020-04-08 00:00:00-04:00,3.6600000858306885,4.099999904632568,3.5899999141693115,4.070000171661377,2630400,0.0,0.0
2020-04-09 00:00:00-04:00,4.300000190734863,4.710000038146973,4.289999961853027,4.630000114440918,2333300,0.0,0.0
2020-04-13 00:00:00-04:00,5.0,5.0,4.269999980926514,4.570000171661377,2834500,0.0,0.0
2020-04-14 00:00:00-04:00,4.610000133514404,4.739999771118164,4.449999809265137,4.650000095367432,2321500,0.0,0.0
2020-04-15 00:00:00-04:00,4.480000019073486,4.760000228881836,4.289999961853027,4.639999866485596,1598500,0.0,0.0
2020-04-16 00:00:00-04:00,4.599999904632568,4.670000076293945,4.389999866485596,4.599999904632568,1239000,0.0,0.0
2020-04-17 00:00:00-04:00,4.800000190734863,5.050000190734863,4.789999961853027,4.900000095367432,2050500,0.0,0.0
2020-04-20 00:00:00-04:00,4.75,4.909999847412109,4.510000228881836,4.570000171661377,1181300,0.0,0.0
2020-04-21 00:00:00-04:00,4.46999979019165,4.710000038146973,4.369999885559082,4.610000133514404,1158800,0.0,0.0
2020-04-22 00:00:00-04:00,4.78000020980835,4.860000133514404,4.510000228881836,4.610000133514404,1027100,0.0,0.0
2020-04-23 00:00:00-04:00,4.630000114440918,4.840000152587891,4.559999942779541,4.699999809265137,1028600,0.0,0.0
2020-04-24 00:00:00-04:00,4.800000190734863,4.869999885559082,4.659999847412109,4.800000190734863,655100,0.0,0.0
2020-04-27 00:00:00-04:00,4.849999904632568,5.300000190734863,4.800000190734863,5.239999771118164,1005600,0.0,0.0
2020-04-28 00:00:00-04:00,5.460000038146973,5.659999847412109,5.170000076293945,5.539999961853027,1238500,0.0,0.0
2020-04-29 00:00:00-04:00,5.760000228881836,6.579999923706055,5.760000228881836,6.449999809265137,1552600,0.0,0.0
2020-04-30 00:00:00-04:00,6.300000190734863,6.300000190734863,5.75,6.059999942779541,1440400,0.0,0.0
2020-05-01 00:00:00-04:00,5.809999942779541,6.050000190734863,5.619999885559082,5.679999828338623,978800,0.0,0.0
2020-05-04 00:00:00-04:00,5.460000038146973,5.650000095367432,5.139999866485596,5.429999828338623,930100,0.0,0.0
2020-05-05 00:00:00-04:00,5.619999885559082,5.769999980926514,5.159999847412109,5.21999979019165,859100,0.0,0.0
2020-05-06 00:00:00-04:00,5.199999809265137,5.289999961853027,4.900000095367432,4.900000095367432,780600,0.0,0.0
2020-05-07 00:00:00-04:00,4.989999771118164,5.289999961853027,4.989999771118164,5.239999771118164,897300,0.0,0.0
2020-05-08 00:00:00-04:00,5.400000095367432,5.940000057220459,5.260000228881836,5.940000057220459,1308400,0.0,0.0
2020-05-11 00:00:00-04:00,5.960000038146973,5.989999771118164,5.260000228881836,5.269999980926514,1737000,0.0,0.0
2020-05-12 00:00:00-04:00,5.389999866485596,5.539999961853027,5.0,5.199999809265137,2403000,0.0,0.0
2020-05-13 00:00:00-04:00,5.050000190734863,5.059999942779541,4.639999866485596,4.739999771118164,2405900,0.0,0.0
2020-05-14 00:00:00-04:00,4.559999942779541,5.019999980926514,4.349999904632568,4.769999980926514,1589600,0.0,0.0
2020-05-15 00:00:00-04:00,4.71999979019165,4.820000171661377,4.510000228881836,4.670000076293945,2793100,0.0,0.0
2020-05-18 00:00:00-04:00,5.090000152587891,5.389999866485596,5.059999942779541,5.289999961853027,2258800,0.0,0.0
2020-05-19 00:00:00-04:00,5.21999979019165,5.570000171661377,5.0,5.340000152587891,1353300,0.0,0.0
2020-05-20 00:00:00-04:00,5.449999809265137,5.579999923706055,5.309999942779541,5.480000019073486,990700,0.0,0.0
2020-05-21 00:00:00-04:00,5.510000228881836,5.739999771118164,5.46999979019165,5.650000095367432,829800,0.0,0.0
2020-05-22 00:00:00-04:00,5.650000095367432,5.730000019073486,5.28000020980835,5.460000038146973,658400,0.0,0.0
2020-05-26 00:00:00-04:00,5.809999942779541,6.150000095367432,5.699999809265137,6.099999904632568,1724300,0.0,0.0
2020-05-27 00:00:00-04:00,6.369999885559082,6.5,5.639999866485596,6.46999979019165,2687200,0.0,0.0
2020-05-28 00:00:00-04:00,6.570000171661377,6.590000152587891,6.239999771118164,6.309999942779541,1287200,0.0,0.0
2020-05-29 00:00:00-04:00,6.159999847412109,6.360000133514404,6.010000228881836,6.25,1755000,0.0,0.0
2020-06-01 00:00:00-04:00,6.449999809265137,6.900000095367432,6.349999904632568,6.5,1589300,0.0,0.0
2020-06-02 00:00:00-04:00,6.670000076293945,6.940000057220459,6.659999847412109,6.71999979019165,996300,0.0,0.0
2020-06-03 00:00:00-04:00,6.949999809265137,7.25,6.909999847412109,7.21999979019165,1227700,0.0,0.0
2020-06-04 00:00:00-04:00,7.289999961853027,8.0600004196167,7.150000095367432,8.050000190734863,1832300,0.0,0.0
2020-06-05 00:00:00-04:00,8.779999732971191,9.3100004196167,7.96999979019165,8.020000457763672,4231600,0.0,0.0
2020-06-08 00:00:00-04:00,8.449999809265137,8.859999656677246,8.40999984741211,8.59000015258789,1801000,0.0,0.0
2020-06-09 00:00:00-04:00,8.279999732971191,8.420000076293945,8.020000457763672,8.239999771118164,1458800,0.0,0.0
2020-06-10 00:00:00-04:00,8.039999961853027,8.069999694824219,6.739999771118164,7.019999980926514,3065100,0.0,0.0
2020-06-11 00:00:00-04:00,6.380000114440918,6.940000057220459,6.25,6.75,2630400,0.0,0.0
2020-06-12 00:00:00-04:00,7.269999980926514,7.5,6.940000057220459,7.269999980926514,1515400,0.0,0.0
2020-06-15 00:00:00-04:00,6.849999904632568,7.360000133514404,6.699999809265137,7.170000076293945,1281800,0.0,0.0
2020-06-16 00:00:00-04:00,7.579999923706055,7.630000114440918,7.050000190734863,7.239999771118164,1141500,0.0,0.0
2020-06-17 00:00:00-04:00,7.210000038146973,7.210000038146973,6.71999979019165,6.760000228881836,1269000,0.0,0.0
2020-06-18 00:00:00-04:00,6.539999961853027,6.710000038146973,6.389999866485596,6.420000076293945,988600,0.0,0.0
2020-06-19 00:00:00-04:00,6.340000152587891,6.5,6.010000228881836,6.090000152587891,3898600,0.0,0.0
2020-06-22 00:00:00-04:00,6.059999942779541,6.139999866485596,5.889999866485596,6.039999961853027,1789700,0.0,0.0
2020-06-23 00:00:00-04:00,6.139999866485596,6.159999847412109,5.760000228881836,5.78000020980835,1885000,0.0,0.0
2020-06-24 00:00:00-04:00,5.650000095367432,5.699999809265137,5.349999904632568,5.510000228881836,2238100,0.0,0.0
2020-06-25 00:00:00-04:00,5.420000076293945,5.730000019073486,5.360000133514404,5.71999979019165,1462000,0.0,0.0
2020-06-26 00:00:00-04:00,5.650000095367432,5.809999942779541,5.599999904632568,5.659999847412109,1601300,0.0,0.0
2020-06-29 00:00:00-04:00,5.679999828338623,6.079999923706055,5.599999904632568,6.070000171661377,1256100,0.0,0.0
2020-06-30 00:00:00-04:00,6.03000020980835,6.199999809265137,5.800000190734863,5.929999828338623,1185600,0.0,0.0
2020-07-01 00:00:00-04:00,5.940000057220459,6.320000171661377,5.78000020980835,5.809999942779541,1311000,0.0,0.0
2020-07-02 00:00:00-04:00,5.989999771118164,6.159999847412109,5.679999828338623,5.690000057220459,855500,0.0,0.0
2020-07-06 00:00:00-04:00,5.869999885559082,6.010000228881836,5.610000133514404,5.829999923706055,958700,0.0,0.0
2020-07-07 00:00:00-04:00,5.699999809265137,5.699999809265137,5.349999904632568,5.400000095367432,1061100,0.0,0.0
2020-07-08 00:00:00-04:00,5.360000133514404,5.400000095367432,5.179999828338623,5.309999942779541,1494600,0.0,0.0
2020-07-09 00:00:00-04:00,5.309999942779541,5.349999904632568,5.079999923706055,5.300000190734863,961600,0.0,0.0
2020-07-10 00:00:00-04:00,5.289999961853027,5.610000133514404,5.230000019073486,5.539999961853027,889300,0.0,0.0
2020-07-13 00:00:00-04:00,5.630000114440918,5.739999771118164,5.349999904632568,5.429999828338623,933700,0.0,0.0
2020-07-14 00:00:00-04:00,5.389999866485596,5.53000020980835,5.300000190734863,5.360000133514404,759200,0.0,0.0
2020-07-15 00:00:00-04:00,5.650000095367432,5.840000152587891,5.590000152587891,5.78000020980835,1017700,0.0,0.0
2020-07-16 00:00:00-04:00,5.699999809265137,5.699999809265137,5.539999961853027,5.670000076293945,662700,0.0,0.0
2020-07-17 00:00:00-04:00,5.659999847412109,5.659999847412109,5.380000114440918,5.429999828338623,674100,0.0,0.0
2020-07-20 00:00:00-04:00,5.380000114440918,5.429999828338623,5.150000095367432,5.21999979019165,869100,0.0,0.0
2020-07-21 00:00:00-04:00,5.25,5.599999904632568,5.25,5.5,780400,0.0,0.0
2020-07-22 00:00:00-04:00,5.409999847412109,5.610000133514404,5.389999866485596,5.599999904632568,617300,0.0,0.0
2020-07-23 00:00:00-04:00,5.53000020980835,5.539999961853027,5.340000152587891,5.46999979019165,657300,0.0,0.0
2020-07-24 00:00:00-04:00,5.46999979019165,5.53000020980835,5.25,5.340000152587891,665900,0.0,0.0
2020-07-27 00:00:00-04:00,5.300000190734863,5.380000114440918,5.159999847412109,5.230000019073486,605100,0.0,0.0
2020-07-28 00:00:00-04:00,5.199999809265137,5.46999979019165,5.070000171661377,5.420000076293945,1058700,0.0,0.0
2020-07-29 00:00:00-04:00,5.440000057220459,5.53000020980835,5.28000020980835,5.5,697100,0.0,0.0
2020-07-30 00:00:00-04:00,5.429999828338623,5.449999809265137,5.25,5.349999904632568,463500,0.0,0.0
2020-07-31 00:00:00-04:00,5.28000020980835,5.340000152587891,5.110000133514404,5.179999828338623,951300,0.0,0.0
2020-08-03 00:00:00-04:00,5.159999847412109,5.159999847412109,5.019999980926514,5.059999942779541,856900,0.0,0.0
2020-08-04 00:00:00-04:00,5.03000020980835,5.409999847412109,5.03000020980835,5.409999847412109,869400,0.0,0.0
2020-08-05 00:00:00-04:00,5.550000190734863,5.789999961853027,5.360000133514404,5.769999980926514,1045100,0.0,0.0
2020-08-06 00:00:00-04:00,5.53000020980835,5.860000133514404,5.349999904632568,5.71999979019165,1973000,0.0,0.0
2020-08-07 00:00:00-04:00,5.619999885559082,6.079999923706055,5.480000019073486,6.059999942779541,990100,0.0,0.0
2020-08-10 00:00:00-04:00,6.099999904632568,6.429999828338623,6.099999904632568,6.300000190734863,961200,0.0,0.0
2020-08-11 00:00:00-04:00,6.480000019073486,6.650000095367432,6.28000020980835,6.329999923706055,959100,0.0,0.0
2020-08-12 00:00:00-04:00,6.400000095367432,6.53000020980835,6.340000152587891,6.429999828338623,717300,0.0,0.0
2020-08-13 00:00:00-04:00,6.340000152587891,6.389999866485596,6.059999942779541,6.179999828338623,728000,0.0,0.0
2020-08-14 00:00:00-04:00,6.099999904632568,6.340000152587891,6.059999942779541,6.179999828338623,593200,0.0,0.0
2020-08-17 00:00:00-04:00,6.179999828338623,6.179999828338623,6.019999980926514,6.059999942779541,465200,0.0,0.0
2020-08-18 00:00:00-04:00,6.0,6.0,5.730000019073486,5.800000190734863,913800,0.0,0.0
2020-08-19 00:00:00-04:00,5.820000171661377,5.900000095367432,5.650000095367432,5.71999979019165,581600,0.0,0.0
2020-08-20 00:00:00-04:00,5.650000095367432,5.869999885559082,5.630000114440918,5.840000152587891,545700,0.0,0.0
2020-08-21 00:00:00-04:00,5.809999942779541,5.869999885559082,5.599999904632568,5.659999847412109,503500,0.0,0.0
2020-08-24 00:00:00-04:00,5.659999847412109,5.989999771118164,5.570000171661377,5.96999979019165,598200,0.0,0.0
2020-08-25 00:00:00-04:00,5.96999979019165,6.090000152587891,5.909999847412109,6.050000190734863,466100,0.0,0.0
2020-08-26 00:00:00-04:00,6.019999980926514,6.110000133514404,5.829999923706055,5.880000114440918,593200,0.0,0.0
2020-08-27 00:00:00-04:00,5.900000095367432,6.150000095367432,5.900000095367432,6.090000152587891,710100,0.0,0.0
2020-08-28 00:00:00-04:00,6.150000095367432,6.260000228881836,6.03000020980835,6.25,401500,0.0,0.0
2020-08-31 00:00:00-04:00,6.239999771118164,6.25,5.840000152587891,5.889999866485596,629700,0.0,0.0
2020-09-01 00:00:00-04:00,5.820000171661377,5.96999979019165,5.769999980926514,5.880000114440918,1008300,0.0,0.0
2020-09-02 00:00:00-04:00,5.880000114440918,5.940000057220459,5.730000019073486,5.860000133514404,1484400,0.0,0.0
2020-09-03 00:00:00-04:00,5.900000095367432,6.179999828338623,5.840000152587891,5.869999885559082,1148900,0.0,0.0
2020-09-04 00:00:00-04:00,5.920000076293945,6.079999923706055,5.800000190734863,6.050000190734863,1101300,0.0,0.0
2020-09-08 00:00:00-04:00,6.019999980926514,6.019999980926514,5.730000019073486,5.789999961853027,821000,0.0,0.0
2020-09-09 00:00:00-04:00,5.849999904632568,5.849999904632568,5.679999828338623,5.71999979019165,830200,0.0,0.0
2020-09-10 00:00:00-04:00,5.739999771118164,5.849999904632568,5.659999847412109,5.679999828338623,695400,0.0,0.0
2020-09-11 00:00:00-04:00,5.679999828338623,5.699999809265137,5.440000057220459,5.510000228881836,534200,0.0,0.0
2020-09-14 00:00:00-04:00,5.570000171661377,5.829999923706055,5.539999961853027,5.789999961853027,810500,0.0,0.0
2020-09-15 00:00:00-04:00,5.829999923706055,6.130000114440918,5.829999923706055,6.0,640000,0.0,0.0
2020-09-16 00:00:00-04:00,6.059999942779541,6.130000114440918,5.840000152587891,6.079999923706055,622100,0.0,0.0
2020-09-17 00:00:00-04:00,5.960000038146973,6.0,5.849999904632568,5.909999847412109,606700,0.0,0.0
2020-09-18 00:00:00-04:00,5.960000038146973,5.960000038146973,5.71999979019165,5.820000171661377,1749000,0.0,0.0
2020-09-21 00:00:00-04:00,5.650000095367432,5.650000095367432,5.199999809265137,5.210000038146973,976900,0.0,0.0
2020-09-22 00:00:00-04:00,5.25,5.369999885559082,5.150000095367432,5.159999847412109,927400,0.0,0.0
2020-09-23 00:00:00-04:00,5.159999847412109,5.340000152587891,4.880000114440918,4.909999847412109,744000,0.0,0.0
2020-09-24 00:00:00-04:00,4.860000133514404,5.0,4.769999980926514,4.78000020980835,707300,0.0,0.0
2020-09-25 00:00:00-04:00,4.739999771118164,4.96999979019165,4.71999979019165,4.940000057220459,618200,0.0,0.0
2020-09-28 00:00:00-04:00,5.039999961853027,5.360000133514404,5.039999961853027,5.260000228881836,681800,0.0,0.0
2020-09-29 00:00:00-04:00,5.260000228881836,5.329999923706055,5.150000095367432,5.230000019073486,926400,0.0,0.0
2020-09-30 00:00:00-04:00,5.28000020980835,5.480000019073486,5.079999923706055,5.179999828338623,750900,0.0,0.0
2020-10-01 00:00:00-04:00,5.179999828338623,5.360000133514404,5.179999828338623,5.349999904632568,545800,0.0,0.0
2020-10-02 00:00:00-04:00,5.199999809265137,5.460000038146973,5.099999904632568,5.389999866485596,790500,0.0,0.0
2020-10-05 00:00:00-04:00,5.389999866485596,5.460000038146973,5.210000038146973,5.289999961853027,1046200,0.0,0.0
2020-10-06 00:00:00-04:00,5.389999866485596,5.460000038146973,5.260000228881836,5.28000020980835,878300,0.0,0.0
2020-10-07 00:00:00-04:00,5.300000190734863,5.429999828338623,5.269999980926514,5.380000114440918,1479500,0.0,0.0
2020-10-08 00:00:00-04:00,5.46999979019165,5.510000228881836,5.369999885559082,5.46999979019165,620900,0.0,0.0
2020-10-09 00:00:00-04:00,5.519999980926514,5.550000190734863,5.380000114440918,5.489999771118164,866900,0.0,0.0
2020-10-12 00:00:00-04:00,5.46999979019165,5.570000171661377,5.360000133514404,5.5,509600,0.0,0.0
2020-10-13 00:00:00-04:00,5.460000038146973,5.46999979019165,5.110000133514404,5.110000133514404,659200,0.0,0.0
2020-10-14 00:00:00-04:00,5.059999942779541,5.190000057220459,5.050000190734863,5.070000171661377,398900,0.0,0.0
2020-10-15 00:00:00-04:00,5.0,5.28000020980835,4.949999809265137,5.21999979019165,612300,0.0,0.0
2020-10-16 00:00:00-04:00,5.159999847412109,5.210000038146973,5.03000020980835,5.139999866485596,495800,0.0,0.0
2020-10-19 00:00:00-04:00,5.25,5.289999961853027,5.119999885559082,5.159999847412109,632600,0.0,0.0
2020-10-20 00:00:00-04:00,5.269999980926514,5.539999961853027,5.239999771118164,5.360000133514404,832300,0.0,0.0
2020-10-21 00:00:00-04:00,5.349999904632568,5.480000019073486,5.269999980926514,5.46999979019165,507100,0.0,0.0
2020-10-22 00:00:00-04:00,5.460000038146973,5.760000228881836,5.460000038146973,5.75,630500,0.0,0.0
2020-10-23 00:00:00-04:00,5.820000171661377,5.949999809265137,5.730000019073486,5.820000171661377,636300,0.0,0.0
2020-10-26 00:00:00-04:00,5.760000228881836,5.78000020980835,5.449999809265137,5.670000076293945,761100,0.0,0.0
2020-10-27 00:00:00-04:00,5.659999847412109,5.739999771118164,5.28000020980835,5.28000020980835,943400,0.0,0.0
2020-10-28 00:00:00-04:00,5.130000114440918,5.210000038146973,4.980000019073486,5.170000076293945,973400,0.0,0.0
2020-10-29 00:00:00-04:00,5.210000038146973,5.5,5.059999942779541,5.440000057220459,1045100,0.0,0.0
2020-10-30 00:00:00-04:00,5.429999828338623,5.480000019073486,5.239999771118164,5.28000020980835,581300,0.0,0.0
2020-11-02 00:00:00-05:00,5.360000133514404,5.519999980926514,5.260000228881836,5.519999980926514,591400,0.0,0.0
2020-11-03 00:00:00-05:00,5.619999885559082,5.989999771118164,5.619999885559082,5.96999979019165,1035300,0.0,0.0
2020-11-04 00:00:00-05:00,5.880000114440918,5.880000114440918,5.510000228881836,5.659999847412109,566400,0.0,0.0
2020-11-05 00:00:00-05:00,5.639999866485596,5.940000057220459,5.599999904632568,5.929999828338623,772700,0.0,0.0
2020-11-06 00:00:00-05:00,5.96999979019165,6.050000190734863,5.809999942779541,5.809999942779541,1069600,0.0,0.0
2020-11-09 00:00:00-05:00,6.610000133514404,8.289999961853027,6.610000133514404,8.020000457763672,2858500,0.0,0.0
2020-11-10 00:00:00-05:00,7.710000038146973,8.270000457763672,7.559999942779541,8.039999961853027,1858600,0.0,0.0
2020-11-11 00:00:00-05:00,7.96999979019165,7.96999979019165,6.940000057220459,7.050000190734863,1470000,0.0,0.0
2020-11-12 00:00:00-05:00,6.960000038146973,7.070000171661377,6.75,6.820000171661377,993000,0.0,0.0
2020-11-13 00:00:00-05:00,6.880000114440918,7.599999904632568,6.809999942779541,7.559999942779541,1258500,0.0,0.0
2020-11-16 00:00:00-05:00,8.050000190734863,8.220000267028809,7.840000152587891,7.849999904632568,1338200,0.0,0.0
2020-11-17 00:00:00-05:00,7.690000057220459,8.319999694824219,7.590000152587891,8.210000038146973,1376100,0.0,0.0
2020-11-18 00:00:00-05:00,8.300000190734863,8.520000457763672,8.100000381469727,8.100000381469727,1624500,0.0,0.0
2020-11-19 00:00:00-05:00,8.050000190734863,8.270000457763672,7.900000095367432,8.1899995803833,567600,0.0,0.0
2020-11-20 00:00:00-05:00,8.140000343322754,8.25,7.989999771118164,8.25,724100,0.0,0.0
2020-11-23 00:00:00-05:00,8.460000038146973,8.84000015258789,8.380000114440918,8.75,918600,0.0,0.0
2020-11-24 00:00:00-05:00,9.0,9.550000190734863,8.819999694824219,9.34000015258789,1301300,0.0,0.0
2020-11-25 00:00:00-05:00,9.210000038146973,9.210000038146973,8.880000114440918,9.180000305175781,959000,0.0,0.0
2020-11-27 00:00:00-05:00,9.15999984741211,9.279999732971191,9.0,9.100000381469727,329000,0.0,0.0
2020-11-30 00:00:00-05:00,8.989999771118164,9.149999618530273,8.6899995803833,8.6899995803833,1007700,0.0,0.0
2020-12-01 00:00:00-05:00,8.9399995803833,9.149999618530273,8.75,8.970000267028809,737500,0.0,0.0
2020-12-02 00:00:00-05:00,8.890000343322754,9.34000015258789,8.779999732971191,9.229999542236328,707600,0.0,0.0
2020-12-03 00:00:00-05:00,9.329999923706055,9.430000305175781,9.109999656677246,9.15999984741211,1063700,0.0,0.0
2020-12-04 00:00:00-05:00,9.319999694824219,9.640000343322754,9.239999771118164,9.619999885559082,856700,0.0,0.0
2020-12-07 00:00:00-05:00,9.479999542236328,9.5,9.09000015258789,9.1899995803833,929900,0.0,0.0
2020-12-08 00:00:00-05:00,9.050000190734863,9.550000190734863,9.050000190734863,9.529999732971191,970700,0.0,0.0
2020-12-09 00:00:00-05:00,9.649999618530273,9.6899995803833,9.229999542236328,9.5600004196167,975400,0.0,0.0
2020-12-10 00:00:00-05:00,9.420000076293945,9.649999618530273,9.329999923706055,9.5,819300,0.0,0.0
2020-12-11 00:00:00-05:00,9.359999656677246,9.699999809265137,9.210000038146973,9.229999542236328,956000,0.0,0.0
2020-12-14 00:00:00-05:00,9.430000305175781,9.619999885559082,9.25,9.300000190734863,945000,0.0,0.0
2020-12-15 00:00:00-05:00,9.399999618530273,9.850000381469727,9.329999923706055,9.819999694824219,476600,0.0,0.0
2020-12-16 00:00:00-05:00,9.819999694824219,10.0,9.720000267028809,9.829999923706055,698700,0.0,0.0
2020-12-17 00:00:00-05:00,9.930000305175781,9.949999809265137,9.420000076293945,9.609999656677246,560300,0.0,0.0
2020-12-18 00:00:00-05:00,9.640000343322754,9.649999618530273,9.09000015258789,9.119999885559082,1893700,0.0,0.0
2020-12-21 00:00:00-05:00,8.90999984741211,9.130000114440918,8.699999809265137,9.0600004196167,962800,0.0,0.0
2020-12-22 00:00:00-05:00,9.140000343322754,9.140000343322754,8.720000267028809,8.779999732971191,380700,0.0,0.0
2020-12-23 00:00:00-05:00,8.890000343322754,9.09000015258789,8.75,8.930000305175781,464800,0.0,0.0
2020-12-24 00:00:00-05:00,8.890000343322754,9.199999809265137,8.880000114440918,9.149999618530273,421900,0.0,0.0
2020-12-28 00:00:00-05:00,9.199999809265137,9.449999809265137,9.100000381469727,9.1899995803833,460500,0.0,0.0
2020-12-29 00:00:00-05:00,9.220000267028809,9.319999694824219,8.8100004196167,8.819999694824219,641500,0.0,0.0
2020-12-30 00:00:00-05:00,8.84000015258789,9.149999618530273,8.819999694824219,8.899999618530273,422300,0.0,0.0
2020-12-31 00:00:00-05:00,8.930000305175781,9.130000114440918,8.75,9.010000228881836,716200,0.0,0.0
2021-01-04 00:00:00-05:00,9.09000015258789,9.229999542236328,8.569999694824219,8.600000381469727,569200,0.0,0.0
2021-01-05 00:00:00-05:00,8.609999656677246,8.930000305175781,8.609999656677246,8.850000381469727,629700,0.0,0.0
2021-01-06 00:00:00-05:00,9.0,9.729999542236328,9.0,9.510000228881836,1341600,0.0,0.0
2021-01-07 00:00:00-05:00,8.789999961853027,8.949999809265137,8.470000267028809,8.720000267028809,4018500,0.0,0.0
2021-01-08 00:00:00-05:00,8.739999771118164,8.75,8.600000381469727,8.609999656677246,5868100,0.0,0.0
2021-01-11 00:00:00-05:00,8.510000228881836,8.720000267028809,8.479999542236328,8.649999618530273,4375500,0.0,0.0
2021-01-12 00:00:00-05:00,8.6899995803833,8.789999961853027,8.5,8.680000305175781,1343900,0.0,0.0
2021-01-13 00:00:00-05:00,8.680000305175781,8.800000190734863,8.579999923706055,8.739999771118164,891200,0.0,0.0
2021-01-14 00:00:00-05:00,8.890000343322754,8.989999771118164,8.65999984741211,8.770000457763672,1874700,0.0,0.0
2021-01-15 00:00:00-05:00,8.6899995803833,8.920000076293945,8.609999656677246,8.850000381469727,1495900,0.0,0.0
2021-01-19 00:00:00-05:00,8.930000305175781,8.9399995803833,8.640000343322754,8.859999656677246,1230900,0.0,0.0
2021-01-20 00:00:00-05:00,8.819999694824219,8.920000076293945,8.699999809265137,8.90999984741211,914500,0.0,0.0
2021-01-21 00:00:00-05:00,8.880000114440918,8.880000114440918,8.680000305175781,8.699999809265137,786100,0.0,0.0
2021-01-22 00:00:00-05:00,8.600000381469727,8.800000190734863,8.420000076293945,8.760000228881836,741800,0.0,0.0
2021-01-25 00:00:00-05:00,8.710000038146973,8.789999961853027,8.40999984741211,8.65999984741211,1577000,0.0,0.0
2021-01-26 00:00:00-05:00,8.789999961853027,8.789999961853027,8.449999809265137,8.479999542236328,954200,0.0,0.0
2021-01-27 00:00:00-05:00,8.369999885559082,8.510000228881836,8.0600004196167,8.180000305175781,1376200,0.0,0.0
2021-01-28 00:00:00-05:00,8.279999732971191,8.84000015258789,8.199999809265137,8.569999694824219,1627100,0.0,0.0
2021-01-29 00:00:00-05:00,8.489999771118164,8.489999771118164,8.0600004196167,8.100000381469727,2586000,0.0,0.0
2021-02-01 00:00:00-05:00,8.199999809265137,8.579999923706055,8.100000381469727,8.569999694824219,2148400,0.0,0.0
2021-02-02 00:00:00-05:00,8.619999885559082,8.819999694824219,8.510000228881836,8.739999771118164,527900,0.0,0.0
2021-02-03 00:00:00-05:00,8.670000076293945,8.84000015258789,8.489999771118164,8.760000228881836,610500,0.0,0.0
2021-02-04 00:00:00-05:00,8.760000228881836,9.069999694824219,8.739999771118164,8.949999809265137,1364800,0.0,0.0
2021-02-05 00:00:00-05:00,9.0600004196167,9.149999618530273,8.710000038146973,8.8100004196167,1007400,0.0,0.0
2021-02-08 00:00:00-05:00,8.880000114440918,9.470000267028809,8.8100004196167,9.279999732971191,3502900,0.0,0.0
2021-02-09 00:00:00-05:00,9.220000267028809,9.279999732971191,8.9399995803833,9.170000076293945,2693300,0.0,0.0
2021-02-10 00:00:00-05:00,9.279999732971191,9.640000343322754,9.239999771118164,9.4399995803833,3143100,0.0,0.0
2021-02-11 00:00:00-05:00,9.489999771118164,9.760000228881836,9.399999618530273,9.739999771118164,1486200,0.0,0.0
2021-02-12 00:00:00-05:00,9.670000076293945,10.050000190734863,9.649999618530273,9.6899995803833,1255000,0.0,0.0
2021-02-16 00:00:00-05:00,9.800000190734863,10.119999885559082,9.699999809265137,10.100000381469727,2278400,0.0,0.0
2021-02-17 00:00:00-05:00,9.979999542236328,10.15999984741211,9.729999542236328,10.050000190734863,646000,0.0,0.0
2021-02-18 00:00:00-05:00,10.010000228881836,10.100000381469727,9.850000381469727,9.859999656677246,890600,0.0,0.0
2021-02-19 00:00:00-05:00,9.920000076293945,10.210000038146973,9.800000190734863,9.989999771118164,991700,0.0,0.0
2021-02-22 00:00:00-05:00,9.930000305175781,10.460000038146973,9.930000305175781,10.069999694824219,1551000,0.0,0.0
2021-02-23 00:00:00-05:00,10.0,10.210000038146973,9.520000457763672,10.1899995803833,2521100,0.0,0.0
2021-02-24 00:00:00-05:00,10.1899995803833,10.850000381469727,10.020000457763672,10.520000457763672,1226500,0.0,0.0
2021-02-25 00:00:00-05:00,10.5,10.6899995803833,10.0,10.069999694824219,1116200,0.0,0.0
2021-02-26 00:00:00-05:00,10.15999984741211,10.710000038146973,10.029999732971191,10.350000381469727,1869300,0.0,0.0
2021-03-01 00:00:00-05:00,10.729999542236328,10.729999542236328,10.329999923706055,10.470000267028809,1251700,0.0,0.0
2021-03-02 00:00:00-05:00,10.399999618530273,10.4399995803833,10.029999732971191,10.180000305175781,824700,0.0,0.0
2021-03-03 00:00:00-05:00,10.390000343322754,10.670000076293945,10.350000381469727,10.529999732971191,1097600,0.0,0.0
2021-03-04 00:00:00-05:00,10.470000267028809,10.630000114440918,10.039999961853027,10.279999732971191,1119200,0.0,0.0
2021-03-05 00:00:00-05:00,10.449999809265137,10.460000038146973,9.680000305175781,10.199999809265137,792700,0.0,0.0
2021-03-08 00:00:00-05:00,10.34000015258789,10.569999694824219,10.1899995803833,10.470000267028809,541900,0.0,0.0
2021-03-09 00:00:00-05:00,10.600000381469727,10.600000381469727,10.260000228881836,10.369999885559082,669000,0.0,0.0
2021-03-10 00:00:00-05:00,10.420000076293945,10.760000228881836,10.350000381469727,10.6899995803833,604300,0.0,0.0
2021-03-11 00:00:00-05:00,10.729999542236328,10.850000381469727,10.5,10.710000038146973,589600,0.0,0.0
2021-03-12 00:00:00-05:00,10.760000228881836,10.8100004196167,10.569999694824219,10.760000228881836,1043300,0.0,0.0
2021-03-15 00:00:00-04:00,10.779999732971191,11.239999771118164,10.630000114440918,11.100000381469727,1177200,0.0,0.0
2021-03-16 00:00:00-04:00,11.029999732971191,11.029999732971191,10.760000228881836,10.850000381469727,901300,0.0,0.0
2021-03-17 00:00:00-04:00,10.930000305175781,11.270000457763672,10.90999984741211,11.25,961300,0.0,0.0
2021-03-18 00:00:00-04:00,11.25,11.319999694824219,10.949999809265137,10.989999771118164,747900,0.0,0.0
2021-03-19 00:00:00-04:00,10.970000267028809,10.989999771118164,10.430000305175781,10.760000228881836,1832100,0.0,0.0
2021-03-22 00:00:00-04:00,10.6899995803833,10.760000228881836,10.270000457763672,10.4399995803833,869100,0.0,0.0
2021-03-23 00:00:00-04:00,10.319999694824219,10.460000038146973,9.949999809265137,10.029999732971191,757200,0.0,0.0
2021-03-24 00:00:00-04:00,10.1899995803833,10.579999923706055,10.020000457763672,10.020000457763672,1069400,0.0,0.0
2021-03-25 00:00:00-04:00,9.899999618530273,10.470000267028809,9.720000267028809,10.430000305175781,897700,0.0,0.0
2021-03-26 00:00:00-04:00,10.569999694824219,10.640000343322754,10.3100004196167,10.550000190734863,882100,0.0,0.0
2021-03-29 00:00:00-04:00,10.489999771118164,10.729999542236328,10.260000228881836,10.300000190734863,822300,0.0,0.0
2021-03-30 00:00:00-04:00,10.319999694824219,10.59000015258789,10.319999694824219,10.390000343322754,555100,0.0,0.0
2021-03-31 00:00:00-04:00,10.399999618530273,10.430000305175781,10.119999885559082,10.15999984741211,1027400,0.0,0.0
2021-04-01 00:00:00-04:00,10.260000228881836,10.529999732971191,10.210000038146973,10.5,617800,0.0,0.0
2021-04-05 00:00:00-04:00,10.65999984741211,10.680000305175781,10.260000228881836,10.390000343322754,501600,0.0,0.0
2021-04-06 00:00:00-04:00,10.350000381469727,10.520000457763672,10.289999961853027,10.460000038146973,739200,0.0,0.0
2021-04-07 00:00:00-04:00,10.5,10.579999923706055,10.170000076293945,10.34000015258789,441000,0.0,0.0
2021-04-08 00:00:00-04:00,10.300000190734863,10.3100004196167,10.039999961853027,10.1899995803833,504700,0.0,0.0
2021-04-09 00:00:00-04:00,10.289999961853027,10.300000190734863,9.84000015258789,9.979999542236328,862200,0.0,0.0
2021-04-12 00:00:00-04:00,9.9399995803833,10.09000015258789,9.920000076293945,10.079999923706055,427400,0.0,0.0
2021-04-13 00:00:00-04:00,9.989999771118164,10.140000343322754,9.779999732971191,10.020000457763672,1579700,0.0,0.0
2021-04-14 00:00:00-04:00,10.079999923706055,10.520000457763672,10.050000190734863,10.079999923706055,932400,0.0,0.0
2021-04-15 00:00:00-04:00,10.140000343322754,10.140000343322754,9.84000015258789,9.970000267028809,633000,0.0,0.0
2021-04-16 00:00:00-04:00,10.109999656677246,10.109999656677246,9.920000076293945,9.9399995803833,517400,0.0,0.0
2021-04-19 00:00:00-04:00,9.859999656677246,9.869999885559082,9.720000267028809,9.789999961853027,593600,0.0,0.0
2021-04-20 00:00:00-04:00,9.680000305175781,9.739999771118164,9.470000267028809,9.600000381469727,694100,0.0,0.0
2021-04-21 00:00:00-04:00,9.550000190734863,9.979999542236328,9.470000267028809,9.859999656677246,817200,0.0,0.0
2021-04-22 00:00:00-04:00,9.899999618530273,10.010000228881836,9.710000038146973,9.710000038146973,620800,0.0,0.0
2021-04-23 00:00:00-04:00,9.699999809265137,10.0600004196167,9.640000343322754,9.970000267028809,488200,0.0,0.0
2021-04-26 00:00:00-04:00,10.119999885559082,10.270000457763672,10.0,10.0600004196167,333500,0.0,0.0
2021-04-27 00:00:00-04:00,10.069999694824219,10.229999542236328,9.930000305175781,10.229999542236328,495900,0.0,0.0
2021-04-28 00:00:00-04:00,10.220000267028809,10.479999542236328,10.170000076293945,10.390000343322754,713200,0.0,0.0
2021-04-29 00:00:00-04:00,10.40999984741211,10.640000343322754,10.289999961853027,10.470000267028809,570400,0.0,0.0
2021-04-30 00:00:00-04:00,10.300000190734863,10.350000381469727,10.140000343322754,10.170000076293945,717900,0.0,0.0
2021-05-03 00:00:00-04:00,10.289999961853027,10.510000228881836,10.289999961853027,10.399999618530273,757400,0.0,0.0
2021-05-04 00:00:00-04:00,10.3100004196167,10.3100004196167,10.050000190734863,10.140000343322754,535100,0.0,0.0
2021-05-05 00:00:00-04:00,10.1899995803833,10.210000038146973,9.829999923706055,9.850000381469727,1007700,0.0,0.0
2021-05-06 00:00:00-04:00,9.869999885559082,9.890000343322754,9.600000381469727,9.6899995803833,958300,0.0,0.0
2021-05-07 00:00:00-04:00,9.65999984741211,10.020000457763672,9.640000343322754,10.020000457763672,507400,0.0,0.0
2021-05-10 00:00:00-04:00,10.0600004196167,10.140000343322754,9.609999656677246,9.609999656677246,820800,0.0,0.0
2021-05-11 00:00:00-04:00,9.5,9.600000381469727,9.319999694824219,9.489999771118164,473800,0.0,0.0
2021-05-12 00:00:00-04:00,9.4399995803833,9.569999694824219,9.220000267028809,9.270000457763672,693000,0.0,0.0
2021-05-13 00:00:00-04:00,9.449999809265137,9.829999923706055,9.210000038146973,9.630000114440918,1107000,0.0,0.0
2021-05-14 00:00:00-04:00,9.699999809265137,10.069999694824219,9.630000114440918,10.020000457763672,673100,0.0,0.0
2021-05-17 00:00:00-04:00,9.890000343322754,9.9399995803833,9.649999618530273,9.84000015258789,524100,0.0,0.0
2021-05-18 00:00:00-04:00,9.899999618530273,10.010000228881836,9.760000228881836,9.789999961853027,477200,0.0,0.0
2021-05-19 00:00:00-04:00,9.600000381469727,9.699999809265137,9.329999923706055,9.6899995803833,657900,0.0,0.0
2021-05-20 00:00:00-04:00,9.760000228881836,9.760000228881836,9.390000343322754,9.510000228881836,675600,0.0,0.0
2021-05-21 00:00:00-04:00,9.59000015258789,9.670000076293945,9.369999885559082,9.420000076293945,591200,0.0,0.0
2021-05-24 00:00:00-04:00,9.460000038146973,9.510000228881836,9.329999923706055,9.470000267028809,378800,0.0,0.0
2021-05-25 00:00:00-04:00,9.550000190734863,9.8100004196167,9.359999656677246,9.369999885559082,767200,0.0,0.0
2021-05-26 00:00:00-04:00,9.369999885559082,9.640000343322754,9.279999732971191,9.630000114440918,422900,0.0,0.0
2021-05-27 00:00:00-04:00,9.75,9.75,9.619999885559082,9.640000343322754,436300,0.0,0.0
2021-05-28 00:00:00-04:00,9.75,9.770000457763672,9.5,9.609999656677246,754300,0.0,0.0
2021-06-01 00:00:00-04:00,9.699999809265137,9.9399995803833,9.609999656677246,9.869999885559082,505300,0.0,0.0
2021-06-02 00:00:00-04:00,9.930000305175781,10.050000190734863,9.859999656677246,9.890000343322754,571700,0.0,0.0
2021-06-03 00:00:00-04:00,9.829999923706055,9.850000381469727,9.609999656677246,9.670000076293945,534700,0.0,0.0
2021-06-04 00:00:00-04:00,9.699999809265137,9.75,9.649999618530273,9.6899995803833,277000,0.0,0.0
2021-06-07 00:00:00-04:00,9.699999809265137,10.119999885559082,9.699999809265137,10.09000015258789,640300,0.0,0.0
2021-06-08 00:00:00-04:00,10.210000038146973,10.390000343322754,10.0600004196167,10.270000457763672,516900,0.0,0.0
2021-06-09 00:00:00-04:00,10.279999732971191,10.399999618530273,10.140000343322754,10.15999984741211,318000,0.0,0.0
2021-06-10 00:00:00-04:00,10.210000038146973,10.210000038146973,10.020000457763672,10.069999694824219,383100,0.0,0.0
2021-06-11 00:00:00-04:00,10.079999923706055,10.180000305175781,10.029999732971191,10.15999984741211,548700,0.0,0.0
2021-06-14 00:00:00-04:00,10.239999771118164,10.359999656677246,10.050000190734863,10.140000343322754,363500,0.0,0.0
2021-06-15 00:00:00-04:00,10.109999656677246,10.180000305175781,10.010000228881836,10.119999885559082,377900,0.0,0.0
2021-06-16 00:00:00-04:00,10.149999618530273,10.260000228881836,10.039999961853027,10.15999984741211,356300,0.0,0.0
2021-06-17 00:00:00-04:00,10.210000038146973,10.270000457763672,9.84000015258789,9.970000267028809,436400,0.0,0.0
2021-06-18 00:00:00-04:00,9.84000015258789,9.899999618530273,9.579999923706055,9.59000015258789,1024100,0.0,0.0
2021-06-21 00:00:00-04:00,9.670000076293945,9.819999694824219,9.569999694824219,9.770000457763672,626400,0.0,0.0
2021-06-22 00:00:00-04:00,9.789999961853027,9.819999694824219,9.65999984741211,9.699999809265137,488400,0.0,0.0
2021-06-23 00:00:00-04:00,9.699999809265137,9.829999923706055,9.65999984741211,9.680000305175781,501800,0.0,0.0
2021-06-24 00:00:00-04:00,9.6899995803833,9.779999732971191,9.520000457763672,9.729999542236328,340600,0.0,0.0
2021-06-25 00:00:00-04:00,9.739999771118164,9.899999618530273,9.65999984741211,9.899999618530273,1617100,0.0,0.0
2021-06-28 00:00:00-04:00,9.770000457763672,9.770000457763672,9.220000267028809,9.390000343322754,1193000,0.0,0.0
2021-06-29 00:00:00-04:00,9.4399995803833,9.489999771118164,9.289999961853027,9.319999694824219,632300,0.0,0.0
2021-06-30 00:00:00-04:00,9.239999771118164,9.430000305175781,9.210000038146973,9.329999923706055,470300,0.0,0.0
2021-07-01 00:00:00-04:00,9.420000076293945,9.539999961853027,9.380000114440918,9.460000038146973,469500,0.0,0.0
2021-07-02 00:00:00-04:00,9.460000038146973,9.489999771118164,9.300000190734863,9.40999984741211,385400,0.0,0.0
2021-07-06 00:00:00-04:00,9.300000190734863,9.3100004196167,9.020000457763672,9.130000114440918,682100,0.0,0.0
2021-07-07 00:00:00-04:00,9.100000381469727,9.210000038146973,8.890000343322754,9.010000228881836,608200,0.0,0.0
2021-07-08 00:00:00-04:00,8.779999732971191,9.09000015258789,8.619999885559082,8.890000343322754,499600,0.0,0.0
2021-07-09 00:00:00-04:00,9.010000228881836,9.180000305175781,8.979999542236328,9.15999984741211,405500,0.0,0.0
2021-07-12 00:00:00-04:00,9.149999618530273,9.359999656677246,9.09000015258789,9.34000015258789,394100,0.0,0.0
2021-07-13 00:00:00-04:00,9.210000038146973,9.270000457763672,9.010000228881836,9.050000190734863,622500,0.0,0.0
2021-07-14 00:00:00-04:00,9.079999923706055,9.289999961853027,9.079999923706055,9.15999984741211,816100,0.0,0.0
2021-07-15 00:00:00-04:00,9.050000190734863,9.270000457763672,9.010000228881836,9.140000343322754,647400,0.0,0.0
2021-07-16 00:00:00-04:00,9.279999732971191,9.3100004196167,8.869999885559082,8.880000114440918,801300,0.0,0.0
2021-07-19 00:00:00-04:00,8.569999694824219,8.640000343322754,8.220000267028809,8.4399995803833,932800,0.0,0.0
2021-07-20 00:00:00-04:00,8.390000343322754,8.970000267028809,8.319999694824219,8.880000114440918,1003700,0.0,0.0
2021-07-21 00:00:00-04:00,8.989999771118164,9.489999771118164,8.960000038146973,9.300000190734863,905200,0.0,0.0
2021-07-22 00:00:00-04:00,9.210000038146973,9.40999984741211,9.100000381469727,9.220000267028809,735500,0.0,0.0
2021-07-23 00:00:00-04:00,9.3100004196167,9.34000015258789,9.050000190734863,9.069999694824219,403100,0.0,0.0
2021-07-26 00:00:00-04:00,9.119999885559082,9.34000015258789,9.09000015258789,9.289999961853027,559600,0.0,0.0
2021-07-27 00:00:00-04:00,9.239999771118164,9.34000015258789,9.100000381469727,9.170000076293945,350400,0.0,0.0
2021-07-28 00:00:00-04:00,9.260000228881836,9.34000015258789,8.949999809265137,9.149999618530273,530900,0.0,0.0
2021-07-29 00:00:00-04:00,9.180000305175781,9.350000381469727,9.140000343322754,9.270000457763672,369000,0.0,0.0
2021-07-30 00:00:00-04:00,9.220000267028809,9.420000076293945,8.979999542236328,9.010000228881836,510500,0.0,0.0
2021-08-02 00:00:00-04:00,9.029999732971191,9.300000190734863,8.729999542236328,8.75,603800,0.0,0.0
2021-08-03 00:00:00-04:00,8.800000190734863,8.850000381469727,8.489999771118164,8.720000267028809,1160100,0.0,0.0
2021-08-04 00:00:00-04:00,8.829999923706055,9.079999923706055,8.479999542236328,8.579999923706055,773500,0.0,0.0
2021-08-05 00:00:00-04:00,8.649999618530273,9.020000457763672,8.649999618530273,8.9399995803833,528000,0.0,0.0
2021-08-06 00:00:00-04:00,9.0,9.289999961853027,8.90999984741211,9.079999923706055,556400,0.0,0.0
2021-08-09 00:00:00-04:00,9.069999694824219,9.069999694824219,8.720000267028809,8.8100004196167,361000,0.0,0.0
2021-08-10 00:00:00-04:00,8.75,8.979999542236328,8.680000305175781,8.869999885559082,545900,0.0,0.0
2021-08-11 00:00:00-04:00,8.890000343322754,9.170000076293945,8.779999732971191,9.100000381469727,1002900,0.0,0.0
2021-08-12 00:00:00-04:00,9.100000381469727,9.180000305175781,8.90999984741211,9.109999656677246,619300,0.0,0.0
2021-08-13 00:00:00-04:00,9.0600004196167,9.130000114440918,8.970000267028809,9.109999656677246,524800,0.0,0.0
2021-08-16 00:00:00-04:00,8.84000015258789,8.970000267028809,8.710000038146973,8.880000114440918,882400,0.0,0.0
2021-08-17 00:00:00-04:00,8.75,8.8100004196167,8.520000457763672,8.760000228881836,1093500,0.0,0.0
2021-08-18 00:00:00-04:00,8.710000038146973,8.899999618530273,8.569999694824219,8.760000228881836,906000,0.0,0.0
2021-08-19 00:00:00-04:00,8.619999885559082,8.6899995803833,8.380000114440918,8.479999542236328,828400,0.0,0.0
2021-08-20 00:00:00-04:00,8.470000267028809,8.739999771118164,8.279999732971191,8.680000305175781,561600,0.0,0.0
2021-08-23 00:00:00-04:00,8.800000190734863,8.90999984741211,8.729999542236328,8.8100004196167,558800,0.0,0.0
2021-08-24 00:00:00-04:00,8.850000381469727,8.989999771118164,8.819999694824219,8.949999809265137,1056900,0.0,0.0
2021-08-25 00:00:00-04:00,9.029999732971191,9.199999809265137,8.90999984741211,9.100000381469727,1329300,0.0,0.0
2021-08-26 00:00:00-04:00,9.119999885559082,9.229999542236328,9.0,9.029999732971191,1093500,0.0,0.0
2021-08-27 00:00:00-04:00,9.050000190734863,9.460000038146973,9.050000190734863,9.40999984741211,930100,0.0,0.0
2021-08-30 00:00:00-04:00,9.460000038146973,9.5,9.199999809265137,9.300000190734863,495000,0.0,0.0
2021-08-31 00:00:00-04:00,9.239999771118164,9.399999618530273,9.109999656677246,9.319999694824219,1401900,0.0,0.0
2021-09-01 00:00:00-04:00,9.40999984741211,9.569999694824219,9.289999961853027,9.470000267028809,1198800,0.0,0.0
2021-09-02 00:00:00-04:00,9.510000228881836,9.520000457763672,9.34000015258789,9.369999885559082,753400,0.0,0.0
2021-09-03 00:00:00-04:00,9.359999656677246,9.359999656677246,9.039999961853027,9.149999618530273,568100,0.0,0.0
2021-09-07 00:00:00-04:00,9.079999923706055,9.180000305175781,8.989999771118164,9.109999656677246,771300,0.0,0.0
2021-09-08 00:00:00-04:00,9.109999656677246,9.15999984741211,8.880000114440918,9.039999961853027,859800,0.0,0.0
2021-09-09 00:00:00-04:00,8.970000267028809,9.140000343322754,8.869999885559082,8.960000038146973,1309000,0.0,0.0
2021-09-10 00:00:00-04:00,9.069999694824219,9.069999694824219,8.8100004196167,8.829999923706055,1014500,0.0,0.0
2021-09-13 00:00:00-04:00,8.949999809265137,9.350000381469727,8.850000381469727,9.260000228881836,1707700,0.0,0.0
2021-09-14 00:00:00-04:00,9.359999656677246,9.380000114440918,9.119999885559082,9.15999984741211,1271000,0.0,0.0
2021-09-15 00:00:00-04:00,9.140000343322754,9.229999542236328,9.050000190734863,9.180000305175781,2007000,0.0,0.0
2021-09-16 00:00:00-04:00,9.210000038146973,9.329999923706055,9.140000343322754,9.210000038146973,1285900,0.0,0.0
2021-09-17 00:00:00-04:00,9.239999771118164,9.399999618530273,9.180000305175781,9.279999732971191,2678600,0.0,0.0
2021-09-20 00:00:00-04:00,9.079999923706055,9.260000228881836,8.9399995803833,9.229999542236328,1488200,0.0,0.0
2021-09-21 00:00:00-04:00,9.34000015258789,9.710000038146973,9.300000190734863,9.569999694824219,1353100,0.0,0.0
2021-09-22 00:00:00-04:00,9.6899995803833,9.90999984741211,9.649999618530273,9.800000190734863,796100,0.0,0.0
2021-09-23 00:00:00-04:00,9.899999618530273,10.029999732971191,9.829999923706055,9.949999809265137,856400,0.0,0.0
2021-09-24 00:00:00-04:00,9.869999885559082,10.039999961853027,9.859999656677246,9.920000076293945,499700,0.0,0.0
2021-09-27 00:00:00-04:00,9.65999984741211,10.199999809265137,9.449999809265137,9.90999984741211,1467700,0.0,0.0
2021-09-28 00:00:00-04:00,9.869999885559082,10.119999885559082,9.75,9.819999694824219,1063800,0.0,0.0
2021-09-29 00:00:00-04:00,9.90999984741211,10.0,9.75,9.9399995803833,1103300,0.0,0.0
2021-09-30 00:00:00-04:00,9.949999809265137,9.960000038146973,9.609999656677246,9.630000114440918,936400,0.0,0.0
2021-10-01 00:00:00-04:00,9.75,10.069999694824219,9.680000305175781,9.989999771118164,1035400,0.0,0.0
2021-10-04 00:00:00-04:00,10.0,10.100000381469727,9.789999961853027,9.800000190734863,794200,0.0,0.0
2021-10-05 00:00:00-04:00,9.84000015258789,9.84000015258789,9.6899995803833,9.75,572200,0.0,0.0
2021-10-06 00:00:00-04:00,9.59000015258789,9.710000038146973,9.369999885559082,9.710000038146973,593800,0.0,0.0
2021-10-07 00:00:00-04:00,9.84000015258789,9.930000305175781,9.770000457763672,9.869999885559082,1866400,0.0,0.0
2021-10-08 00:00:00-04:00,9.869999885559082,10.0,9.800000190734863,9.949999809265137,424000,0.0,0.0
2021-10-11 00:00:00-04:00,10.0,10.15999984741211,9.880000114440918,9.989999771118164,468300,0.0,0.0
2021-10-12 00:00:00-04:00,9.989999771118164,10.010000228881836,9.850000381469727,9.90999984741211,466800,0.0,0.0
2021-10-13 00:00:00-04:00,9.859999656677246,9.859999656677246,9.65999984741211,9.829999923706055,489100,0.0,0.0
2021-10-14 00:00:00-04:00,9.9399995803833,10.100000381469727,9.8100004196167,10.069999694824219,796900,0.0,0.0
2021-10-15 00:00:00-04:00,10.359999656677246,10.399999618530273,10.149999618530273,10.1899995803833,570700,0.0,0.0
2021-10-18 00:00:00-04:00,10.109999656677246,10.359999656677246,10.050000190734863,10.180000305175781,650900,0.0,0.0
2021-10-19 00:00:00-04:00,10.300000190734863,10.300000190734863,9.989999771118164,10.15999984741211,821400,0.0,0.0
2021-10-20 00:00:00-04:00,10.149999618530273,10.229999542236328,9.989999771118164,10.170000076293945,647300,0.0,0.0
2021-10-21 00:00:00-04:00,10.1899995803833,10.210000038146973,9.970000267028809,10.09000015258789,459100,0.0,0.0
2021-10-22 00:00:00-04:00,10.079999923706055,10.210000038146973,9.979999542236328,10.100000381469727,455100,0.0,0.0
2021-10-25 00:00:00-04:00,10.039999961853027,10.170000076293945,9.880000114440918,10.039999961853027,403000,0.0,0.0
2021-10-26 00:00:00-04:00,10.069999694824219,10.09000015258789,9.819999694824219,9.829999923706055,536500,0.0,0.0
2021-10-27 00:00:00-04:00,9.770000457763672,9.989999771118164,9.609999656677246,9.90999984741211,565700,0.0,0.0
2021-10-28 00:00:00-04:00,9.970000267028809,10.069999694824219,9.75,10.0600004196167,498900,0.0,0.0
2021-10-29 00:00:00-04:00,10.039999961853027,10.140000343322754,9.949999809265137,10.0,1041300,0.0,0.0
2021-11-01 00:00:00-04:00,10.069999694824219,10.420000076293945,10.039999961853027,10.380000114440918,661700,0.0,0.0
2021-11-02 00:00:00-04:00,10.420000076293945,10.489999771118164,10.210000038146973,10.220000267028809,720200,0.0,0.0
2021-11-03 00:00:00-04:00,10.149999618530273,10.550000190734863,10.149999618530273,10.4399995803833,1081800,0.0,0.0
2021-11-04 00:00:00-04:00,10.399999618530273,10.9399995803833,10.180000305175781,10.319999694824219,615000,0.0,0.0
2021-11-05 00:00:00-04:00,10.59000015258789,10.9399995803833,10.369999885559082,10.539999961853027,912100,0.0,0.0
2021-11-08 00:00:00-05:00,10.579999923706055,10.680000305175781,10.270000457763672,10.329999923706055,782300,0.0,0.0
2021-11-09 00:00:00-05:00,10.229999542236328,10.329999923706055,10.170000076293945,10.270000457763672,503100,0.0,0.0
2021-11-10 00:00:00-05:00,10.239999771118164,10.350000381469727,10.130000114440918,10.180000305175781,913300,0.0,0.0
2021-11-11 00:00:00-05:00,10.300000190734863,10.300000190734863,10.020000457763672,10.0600004196167,686200,0.0,0.0
2021-11-12 00:00:00-05:00,10.069999694824219,10.149999618530273,9.920000076293945,9.930000305175781,440400,0.0,0.0
2021-11-15 00:00:00-05:00,9.970000267028809,10.010000228881836,9.819999694824219,10.0,482200,0.0,0.0
2021-11-16 00:00:00-05:00,10.020000457763672,10.029999732971191,9.75,9.829999923706055,733300,0.0,0.0
2021-11-17 00:00:00-05:00,9.779999732971191,9.850000381469727,9.680000305175781,9.770000457763672,1080900,0.0,0.0
2021-11-18 00:00:00-05:00,9.770000457763672,9.859999656677246,9.520000457763672,9.569999694824219,531500,0.0,0.0
2021-11-19 00:00:00-05:00,9.399999618530273,9.470000267028809,9.210000038146973,9.420000076293945,652300,0.0,0.0
2021-11-22 00:00:00-05:00,9.510000228881836,9.579999923706055,9.239999771118164,9.279999732971191,923600,0.0,0.0
2021-11-23 00:00:00-05:00,9.239999771118164,9.40999984741211,9.140000343322754,9.350000381469727,1276800,0.0,0.0
2021-11-24 00:00:00-05:00,9.300000190734863,9.479999542236328,9.210000038146973,9.399999618530273,536200,0.0,0.0
2021-11-26 00:00:00-05:00,8.920000076293945,8.979999542236328,8.329999923706055,8.930000305175781,1584600,0.0,0.0
2021-11-29 00:00:00-05:00,9.140000343322754,9.15999984741211,8.930000305175781,9.149999618530273,1484900,0.0,0.0
2021-11-30 00:00:00-05:00,9.0,9.09000015258789,8.869999885559082,8.949999809265137,1441200,0.0,0.0
2021-12-01 00:00:00-05:00,9.210000038146973,9.210000038146973,8.510000228881836,8.529999732971191,899700,0.0,0.0
2021-12-02 00:00:00-05:00,8.59000015258789,9.010000228881836,8.430000305175781,8.899999618530273,981400,0.0,0.0
2021-12-03 00:00:00-05:00,8.899999618530273,8.949999809265137,8.710000038146973,8.819999694824219,708400,0.0,0.0
2021-12-06 00:00:00-05:00,9.0,9.479999542236328,8.979999542236328,9.34000015258789,832000,0.0,0.0
2021-12-07 00:00:00-05:00,9.4399995803833,9.630000114440918,9.300000190734863,9.399999618530273,947200,0.0,0.0
2021-12-08 00:00:00-05:00,9.369999885559082,9.65999984741211,9.34000015258789,9.59000015258789,577600,0.0,0.0
2021-12-09 00:00:00-05:00,9.470000267028809,9.600000381469727,9.34000015258789,9.520000457763672,630000,0.0,0.0
2021-12-10 00:00:00-05:00,9.59000015258789,9.640000343322754,9.3100004196167,9.449999809265137,590600,0.0,0.0
2021-12-13 00:00:00-05:00,9.40999984741211,9.40999984741211,8.960000038146973,8.989999771118164,691700,0.0,0.0
2021-12-14 00:00:00-05:00,8.920000076293945,9.170000076293945,8.850000381469727,8.960000038146973,1006300,0.0,0.0
2021-12-15 00:00:00-05:00,8.920000076293945,9.039999961853027,8.680000305175781,9.039999961853027,828600,0.0,0.0
2021-12-16 00:00:00-05:00,9.149999618530273,9.149999618530273,8.789999961853027,8.859999656677246,620800,0.0,0.0
2021-12-17 00:00:00-05:00,8.800000190734863,9.010000228881836,8.729999542236328,8.930000305175781,1439200,0.0,0.0
2021-12-20 00:00:00-05:00,8.770000457763672,8.949999809265137,8.539999961853027,8.890000343322754,769200,0.0,0.0
2021-12-21 00:00:00-05:00,9.050000190734863,9.510000228881836,8.9399995803833,9.510000228881836,728500,0.0,0.0
2021-12-22 00:00:00-05:00,9.430000305175781,9.779999732971191,9.430000305175781,9.75,758200,0.0,0.0
2021-12-23 00:00:00-05:00,9.789999961853027,9.899999618530273,9.6899995803833,9.770000457763672,409300,0.0,0.0
2021-12-27 00:00:00-05:00,9.699999809265137,9.800000190734863,9.5600004196167,9.779999732971191,321500,0.0,0.0
2021-12-28 00:00:00-05:00,9.75,9.869999885559082,9.670000076293945,9.699999809265137,306000,0.0,0.0
2021-12-29 00:00:00-05:00,9.710000038146973,9.729999542236328,9.520000457763672,9.6899995803833,792900,0.0,0.0
2021-12-30 00:00:00-05:00,9.739999771118164,9.930000305175781,9.6899995803833,9.859999656677246,753700,0.0,0.0
2021-12-31 00:00:00-05:00,9.84000015258789,9.899999618530273,9.760000228881836,9.760000228881836,374000,0.0,0.0
2022-01-03 00:00:00-05:00,9.760000228881836,10.119999885559082,9.760000228881836,9.949999809265137,517600,0.0,0.0
2022-01-04 00:00:00-05:00,9.970000267028809,10.210000038146973,9.970000267028809,10.050000190734863,383600,0.0,0.0
2022-01-05 00:00:00-05:00,10.09000015258789,10.239999771118164,9.850000381469727,9.90999984741211,760000,0.0,0.0
2022-01-06 00:00:00-05:00,9.890000343322754,10.119999885559082,9.890000343322754,10.09000015258789,628400,0.0,0.0
2022-01-07 00:00:00-05:00,10.109999656677246,10.520000457763672,10.100000381469727,10.300000190734863,1021700,0.0,0.0
2022-01-10 00:00:00-05:00,10.3100004196167,10.329999923706055,10.010000228881836,10.020000457763672,688600,0.0,0.0
2022-01-11 00:00:00-05:00,10.020000457763672,10.180000305175781,9.90999984741211,10.119999885559082,501900,0.0,0.0
2022-01-12 00:00:00-05:00,10.15999984741211,10.220000267028809,9.920000076293945,9.920000076293945,444300,0.0,0.0
2022-01-13 00:00:00-05:00,10.0,10.180000305175781,9.930000305175781,9.9399995803833,484900,0.0,0.0
2022-01-14 00:00:00-05:00,9.899999618530273,10.119999885559082,9.819999694824219,10.119999885559082,381300,0.0,0.0
2022-01-18 00:00:00-05:00,10.029999732971191,10.210000038146973,10.029999732971191,10.069999694824219,542000,0.0,0.0
2022-01-19 00:00:00-05:00,10.069999694824219,10.109999656677246,9.770000457763672,9.779999732971191,420300,0.0,0.0
2022-01-20 00:00:00-05:00,9.770000457763672,9.970000267028809,9.5600004196167,9.569999694824219,471700,0.0,0.0
2022-01-21 00:00:00-05:00,9.510000228881836,9.680000305175781,9.3100004196167,9.5,711100,0.0,0.0
2022-01-24 00:00:00-05:00,9.279999732971191,9.529999732971191,9.079999923706055,9.510000228881836,658400,0.0,0.0
2022-01-25 00:00:00-05:00,9.399999618530273,9.539999961853027,9.149999618530273,9.4399995803833,530400,0.0,0.0
2022-01-26 00:00:00-05:00,9.539999961853027,9.75,9.199999809265137,9.300000190734863,459100,0.0,0.0
2022-01-27 00:00:00-05:00,9.380000114440918,9.489999771118164,8.770000457763672,8.890000343322754,794000,0.0,0.0
2022-01-28 00:00:00-05:00,8.90999984741211,9.0600004196167,8.630000114440918,9.0600004196167,629400,0.0,0.0
2022-01-31 00:00:00-05:00,8.989999771118164,9.449999809265137,8.920000076293945,9.420000076293945,845000,0.0,0.0
2022-02-01 00:00:00-05:00,9.369999885559082,9.59000015258789,9.239999771118164,9.5,529300,0.0,0.0
2022-02-02 00:00:00-05:00,9.470000267028809,9.5,9.199999809265137,9.359999656677246,632100,0.0,0.0
2022-02-03 00:00:00-05:00,9.270000457763672,9.420000076293945,9.25,9.270000457763672,379800,0.0,0.0
2022-02-04 00:00:00-05:00,9.180000305175781,9.489999771118164,9.149999618530273,9.470000267028809,543800,0.0,0.0
2022-02-07 00:00:00-05:00,9.489999771118164,9.699999809265137,9.489999771118164,9.619999885559082,526300,0.0,0.0
2022-02-08 00:00:00-05:00,9.680000305175781,9.880000114440918,9.649999618530273,9.800000190734863,477100,0.0,0.0
2022-02-09 00:00:00-05:00,9.880000114440918,10.100000381469727,9.880000114440918,9.970000267028809,497500,0.0,0.0
2022-02-10 00:00:00-05:00,9.800000190734863,10.140000343322754,9.760000228881836,9.920000076293945,503300,0.0,0.0
2022-02-11 00:00:00-05:00,9.989999771118164,10.109999656677246,9.729999542236328,9.850000381469727,654300,0.0,0.0
2022-02-14 00:00:00-05:00,9.829999923706055,9.960000038146973,9.649999618530273,9.729999542236328,567900,0.0,0.0
2022-02-15 00:00:00-05:00,9.850000381469727,10.199999809265137,9.819999694824219,10.1899995803833,537300,0.0,0.0
2022-02-16 00:00:00-05:00,10.239999771118164,10.529999732971191,10.140000343322754,10.520000457763672,602300,0.0,0.0
2022-02-17 00:00:00-05:00,10.449999809265137,10.529999732971191,10.319999694824219,10.479999542236328,528100,0.0,0.0
2022-02-18 00:00:00-05:00,10.420000076293945,10.579999923706055,10.25,10.279999732971191,365800,0.0,0.0
2022-02-22 00:00:00-05:00,10.270000457763672,10.329999923706055,9.949999809265137,10.050000190734863,629000,0.0,0.0
2022-02-23 00:00:00-05:00,10.180000305175781,10.239999771118164,9.729999542236328,9.739999771118164,581700,0.0,0.0
2022-02-24 00:00:00-05:00,9.800000190734863,10.039999961853027,9.390000343322754,10.029999732971191,817600,0.0,0.0
2022-02-25 00:00:00-05:00,10.170000076293945,10.220000267028809,9.819999694824219,10.0600004196167,803300,0.0,0.0
2022-02-28 00:00:00-05:00,9.920000076293945,10.079999923706055,9.710000038146973,9.890000343322754,1312400,0.0,0.0
2022-03-01 00:00:00-05:00,9.84000015258789,9.9399995803833,9.5,9.5600004196167,1453300,0.0,0.0
2022-03-02 00:00:00-05:00,9.6899995803833,9.960000038146973,9.609999656677246,9.899999618530273,675100,0.0,0.0
2022-03-03 00:00:00-05:00,9.979999542236328,10.050000190734863,9.670000076293945,9.789999961853027,912200,0.0,0.0
2022-03-04 00:00:00-05:00,9.609999656677246,9.779999732971191,9.539999961853027,9.760000228881836,676100,0.0,0.0
2022-03-07 00:00:00-05:00,9.760000228881836,9.789999961853027,9.229999542236328,9.239999771118164,749700,0.0,0.0
2022-03-08 00:00:00-05:00,9.289999961853027,9.6899995803833,9.100000381469727,9.5,1065700,0.0,0.0
2022-03-09 00:00:00-05:00,9.8100004196167,9.960000038146973,9.699999809265137,9.829999923706055,894500,0.0,0.0
2022-03-10 00:00:00-05:00,9.630000114440918,10.010000228881836,9.630000114440918,10.0,691100,0.0,0.0
2022-03-11 00:00:00-05:00,10.119999885559082,10.359999656677246,9.989999771118164,10.0,521400,0.0,0.0
2022-03-14 00:00:00-04:00,10.050000190734863,10.109999656677246,9.819999694824219,9.880000114440918,485700,0.0,0.0
2022-03-15 00:00:00-04:00,9.989999771118164,10.15999984741211,9.8100004196167,9.850000381469727,664400,0.0,0.0
2022-03-16 00:00:00-04:00,9.949999809265137,10.100000381469727,9.800000190734863,10.0600004196167,728300,0.0,0.0
2022-03-17 00:00:00-04:00,9.9399995803833,10.0600004196167,9.819999694824219,10.010000228881836,977000,0.0,0.0
2022-03-18 00:00:00-04:00,10.050000190734863,10.140000343322754,9.890000343322754,10.119999885559082,1041400,0.0,0.0
2022-03-21 00:00:00-04:00,10.100000381469727,10.15999984741211,9.779999732971191,9.84000015258789,462700,0.0,0.0
2022-03-22 00:00:00-04:00,9.899999618530273,10.079999923706055,9.800000190734863,9.880000114440918,631900,0.0,0.0
2022-03-23 00:00:00-04:00,9.770000457763672,9.890000343322754,9.579999923706055,9.609999656677246,462400,0.0,0.0
2022-03-24 00:00:00-04:00,9.609999656677246,9.760000228881836,9.539999961853027,9.75,573500,0.0,0.0
2022-03-25 00:00:00-04:00,9.789999961853027,10.0,9.760000228881836,9.880000114440918,470100,0.0,0.0
2022-03-28 00:00:00-04:00,9.859999656677246,9.949999809265137,9.6899995803833,9.770000457763672,608800,0.0,0.0
2022-03-29 00:00:00-04:00,9.930000305175781,10.229999542236328,9.930000305175781,10.220000267028809,993200,0.0,0.0
2022-03-30 00:00:00-04:00,10.220000267028809,10.260000228881836,9.979999542236328,10.050000190734863,519600,0.0,0.0
2022-03-31 00:00:00-04:00,10.020000457763672,10.170000076293945,9.949999809265137,9.960000038146973,809300,0.0,0.0
2022-04-01 00:00:00-04:00,10.050000190734863,10.1899995803833,9.970000267028809,10.170000076293945,959300,0.0,0.0
2022-04-04 00:00:00-04:00,10.130000114440918,10.220000267028809,9.800000190734863,10.09000015258789,765100,0.0,0.0
2022-04-05 00:00:00-04:00,10.050000190734863,10.1899995803833,9.65999984741211,9.680000305175781,881000,0.0,0.0
2022-04-06 00:00:00-04:00,9.609999656677246,9.609999656677246,9.34000015258789,9.399999618530273,912400,0.0,0.0
2022-04-07 00:00:00-04:00,9.369999885559082,9.369999885559082,9.029999732971191,9.180000305175781,1048600,0.0,0.0
2022-04-08 00:00:00-04:00,9.130000114440918,9.220000267028809,8.960000038146973,9.020000457763672,1081100,0.0,0.0
2022-04-11 00:00:00-04:00,8.970000267028809,9.130000114440918,8.899999618530273,8.960000038146973,890200,0.0,0.0
2022-04-12 00:00:00-04:00,9.029999732971191,9.25,8.949999809265137,9.149999618530273,724200,0.0,0.0
2022-04-13 00:00:00-04:00,9.210000038146973,9.760000228881836,9.210000038146973,9.65999984741211,842300,0.0,0.0
2022-04-14 00:00:00-04:00,9.699999809265137,9.949999809265137,9.649999618530273,9.710000038146973,545000,0.0,0.0
2022-04-18 00:00:00-04:00,9.619999885559082,9.819999694824219,9.520000457763672,9.569999694824219,340200,0.0,0.0
2022-04-19 00:00:00-04:00,9.579999923706055,9.869999885559082,9.579999923706055,9.770000457763672,663500,0.0,0.0
2022-04-20 00:00:00-04:00,9.880000114440918,10.0,9.739999771118164,9.75,838800,0.0,0.0
2022-04-21 00:00:00-04:00,9.920000076293945,9.989999771118164,9.65999984741211,9.6899995803833,746500,0.0,0.0
2022-04-22 00:00:00-04:00,9.619999885559082,9.819999694824219,9.609999656677246,9.640000343322754,564500,0.0,0.0
2022-04-25 00:00:00-04:00,9.550000190734863,9.770000457763672,9.449999809265137,9.760000228881836,952700,0.0,0.0
2022-04-26 00:00:00-04:00,9.640000343322754,9.739999771118164,9.579999923706055,9.600000381469727,649800,0.0,0.0
2022-04-27 00:00:00-04:00,9.600000381469727,9.779999732971191,9.460000038146973,9.699999809265137,841600,0.0,0.0
2022-04-28 00:00:00-04:00,9.779999732971191,10.109999656677246,9.579999923706055,10.100000381469727,704800,0.0,0.0
2022-04-29 00:00:00-04:00,10.020000457763672,10.0600004196167,9.829999923706055,9.869999885559082,1975900,0.0,0.0
2022-05-02 00:00:00-04:00,9.890000343322754,9.979999542236328,9.520000457763672,9.75,1814700,0.0,0.0
2022-05-03 00:00:00-04:00,9.65999984741211,9.789999961853027,9.4399995803833,9.75,1888300,0.0,0.0
2022-05-04 00:00:00-04:00,9.710000038146973,9.84000015258789,9.319999694824219,9.569999694824219,1327800,0.0,0.0
2022-05-05 00:00:00-04:00,9.4399995803833,9.619999885559082,8.979999542236328,9.140000343322754,998100,0.0,0.0
2022-05-06 00:00:00-04:00,9.069999694824219,9.430000305175781,9.039999961853027,9.350000381469727,978100,0.0,0.0
2022-05-09 00:00:00-04:00,9.279999732971191,9.3100004196167,8.710000038146973,8.75,1405000,0.0,0.0
2022-05-10 00:00:00-04:00,8.739999771118164,9.020000457763672,8.619999885559082,8.869999885559082,1645700,0.0,0.0
2022-05-11 00:00:00-04:00,8.930000305175781,9.100000381469727,8.520000457763672,8.600000381469727,622900,0.0,0.0
2022-05-12 00:00:00-04:00,8.59000015258789,8.6899995803833,8.390000343322754,8.649999618530273,966200,0.0,0.0
2022-05-13 00:00:00-04:00,8.770000457763672,8.84000015258789,8.59000015258789,8.760000228881836,866200,0.0,0.0
2022-05-16 00:00:00-04:00,8.720000267028809,8.779999732971191,8.609999656677246,8.699999809265137,503900,0.0,0.0
2022-05-17 00:00:00-04:00,8.899999618530273,9.199999809265137,8.800000190734863,9.0600004196167,1230600,0.0,0.0
2022-05-18 00:00:00-04:00,9.020000457763672,9.279999732971191,8.850000381469727,8.869999885559082,916400,0.0,0.0
2022-05-19 00:00:00-04:00,8.770000457763672,8.949999809265137,8.65999984741211,8.729999542236328,650700,0.0,0.0
2022-05-20 00:00:00-04:00,8.850000381469727,8.850000381469727,8.119999885559082,8.329999923706055,864900,0.0,0.0
2022-05-23 00:00:00-04:00,8.399999618530273,8.40999984741211,8.149999618530273,8.229999542236328,928900,0.0,0.0
2022-05-24 00:00:00-04:00,8.1899995803833,8.220000267028809,7.909999847412109,8.1899995803833,1018800,0.0,0.0
2022-05-25 00:00:00-04:00,8.170000076293945,8.550000190734863,8.050000190734863,8.460000038146973,974600,0.0,0.0
2022-05-26 00:00:00-04:00,8.449999809265137,8.6899995803833,8.420000076293945,8.65999984741211,3025800,0.0,0.0
2022-05-27 00:00:00-04:00,8.770000457763672,8.819999694824219,8.640000343322754,8.789999961853027,790600,0.0,0.0
2022-05-31 00:00:00-04:00,8.680000305175781,8.819999694824219,8.609999656677246,8.739999771118164,638500,0.0,0.0
2022-06-01 00:00:00-04:00,8.8100004196167,8.960000038146973,8.619999885559082,8.899999618530273,929500,0.0,0.0
2022-06-02 00:00:00-04:00,8.930000305175781,9.050000190734863,8.819999694824219,9.039999961853027,894800,0.0,0.0
2022-06-03 00:00:00-04:00,8.989999771118164,9.039999961853027,8.880000114440918,8.930000305175781,788700,0.0,0.0
2022-06-06 00:00:00-04:00,9.039999961853027,9.210000038146973,8.949999809265137,9.1899995803833,663200,0.0,0.0
2022-06-07 00:00:00-04:00,9.079999923706055,9.430000305175781,9.010000228881836,9.40999984741211,718600,0.0,0.0
2022-06-08 00:00:00-04:00,9.369999885559082,9.479999542236328,9.25,9.369999885559082,846700,0.0,0.0
2022-06-09 00:00:00-04:00,9.329999923706055,9.350000381469727,9.020000457763672,9.029999732971191,578700,0.0,0.0
2022-06-10 00:00:00-04:00,8.850000381469727,8.960000038146973,8.520000457763672,8.529999732971191,603200,0.0,0.0
2022-06-13 00:00:00-04:00,8.25,8.289999961853027,7.550000190734863,7.590000152587891,1218000,0.0,0.0
2022-06-14 00:00:00-04:00,7.610000133514404,7.679999828338623,7.389999866485596,7.510000228881836,678000,0.0,0.0
2022-06-15 00:00:00-04:00,7.639999866485596,7.940000057220459,7.570000171661377,7.800000190734863,794900,0.0,0.0
2022-06-16 00:00:00-04:00,7.559999942779541,7.579999923706055,7.170000076293945,7.199999809265137,1251600,0.0,0.0
2022-06-17 00:00:00-04:00,7.210000038146973,7.28000020980835,7.010000228881836,7.130000114440918,1031900,0.0,0.0
2022-06-21 00:00:00-04:00,7.25,7.420000076293945,7.099999904632568,7.119999885559082,890600,0.0,0.0
2022-06-22 00:00:00-04:00,6.989999771118164,7.150000095367432,6.909999847412109,6.909999847412109,811700,0.0,0.0
2022-06-23 00:00:00-04:00,6.869999885559082,6.989999771118164,6.699999809265137,6.800000190734863,1173400,0.0,0.0
2022-06-24 00:00:00-04:00,6.849999904632568,7.349999904632568,6.820000171661377,7.340000152587891,2127100,0.0,0.0
2022-06-27 00:00:00-04:00,7.369999885559082,7.460000038146973,7.190000057220459,7.309999942779541,657100,0.0,0.0
2022-06-28 00:00:00-04:00,7.449999809265137,7.659999847412109,7.25,7.269999980926514,633500,0.0,0.0
2022-06-29 00:00:00-04:00,7.21999979019165,7.21999979019165,6.980000019073486,7.139999866485596,693500,0.0,0.0
2022-06-30 00:00:00-04:00,7.130000114440918,7.429999828338623,6.909999847412109,7.269999980926514,1134800,0.0,0.0
2022-07-01 00:00:00-04:00,7.139999866485596,7.420000076293945,7.139999866485596,7.210000038146973,672100,0.0,0.0
2022-07-05 00:00:00-04:00,7.019999980926514,7.28000020980835,6.880000114440918,7.239999771118164,821000,0.0,0.0
2022-07-06 00:00:00-04:00,7.230000019073486,7.389999866485596,6.96999979019165,7.010000228881836,659800,0.0,0.0
2022-07-07 00:00:00-04:00,7.099999904632568,7.349999904632568,7.099999904632568,7.260000228881836,678000,0.0,0.0
2022-07-08 00:00:00-04:00,7.289999961853027,7.360000133514404,7.110000133514404,7.289999961853027,398900,0.0,0.0
2022-07-11 00:00:00-04:00,7.230000019073486,7.289999961853027,7.059999942779541,7.239999771118164,515800,0.0,0.0
2022-07-12 00:00:00-04:00,7.170000076293945,7.46999979019165,7.170000076293945,7.369999885559082,391700,0.0,0.0
2022-07-13 00:00:00-04:00,7.25,7.389999866485596,7.159999847412109,7.369999885559082,359900,0.0,0.0
2022-07-14 00:00:00-04:00,7.079999923706055,7.360000133514404,7.059999942779541,7.309999942779541,608100,0.0,0.0
2022-07-15 00:00:00-04:00,7.489999771118164,7.489999771118164,7.289999961853027,7.409999847412109,473300,0.0,0.0
2022-07-18 00:00:00-04:00,7.5,7.679999828338623,7.429999828338623,7.550000190734863,579300,0.0,0.0
2022-07-19 00:00:00-04:00,7.670000076293945,7.820000171661377,7.670000076293945,7.769999980926514,549800,0.0,0.0
2022-07-20 00:00:00-04:00,7.730000019073486,7.900000095367432,7.659999847412109,7.869999885559082,403700,0.0,0.0
2022-07-21 00:00:00-04:00,7.699999809265137,7.940000057220459,7.489999771118164,7.639999866485596,607400,0.0,0.0
2022-07-22 00:00:00-04:00,7.690000057220459,7.71999979019165,7.380000114440918,7.429999828338623,402900,0.0,0.0
2022-07-25 00:00:00-04:00,7.429999828338623,7.599999904632568,7.380000114440918,7.53000020980835,497800,0.0,0.0
2022-07-26 00:00:00-04:00,7.510000228881836,7.590000152587891,7.409999847412109,7.460000038146973,564000,0.0,0.0
2022-07-27 00:00:00-04:00,7.570000171661377,7.760000228881836,7.570000171661377,7.730000019073486,501200,0.0,0.0
2022-07-28 00:00:00-04:00,7.769999980926514,7.860000133514404,7.630000114440918,7.820000171661377,404700,0.0,0.0
2022-07-29 00:00:00-04:00,7.789999961853027,7.920000076293945,7.75,7.849999904632568,344100,0.0,0.0
2022-08-01 00:00:00-04:00,7.75,7.980000019073486,7.650000095367432,7.940000057220459,741200,0.0,0.0
2022-08-02 00:00:00-04:00,7.889999866485596,7.940000057220459,7.739999771118164,7.809999942779541,677200,0.0,0.0
2022-08-03 00:00:00-04:00,7.960000038146973,8.380000114440918,7.849999904632568,8.180000305175781,1324700,0.0,0.0
2022-08-04 00:00:00-04:00,8.220000267028809,8.359999656677246,8.0600004196167,8.15999984741211,772700,0.0,0.0
2022-08-05 00:00:00-04:00,8.100000381469727,8.270000457763672,8.050000190734863,8.149999618530273,533000,0.0,0.0
2022-08-08 00:00:00-04:00,8.260000228881836,8.3100004196167,8.109999656677246,8.1899995803833,623400,0.0,0.0
2022-08-09 00:00:00-04:00,8.15999984741211,8.289999961853027,8.109999656677246,8.260000228881836,554700,0.0,0.0
2022-08-10 00:00:00-04:00,8.40999984741211,8.59000015258789,8.390000343322754,8.470000267028809,635600,0.0,0.0
2022-08-11 00:00:00-04:00,8.609999656677246,8.729999542236328,8.5,8.710000038146973,537600,0.0,0.0
2022-08-12 00:00:00-04:00,8.760000228881836,8.90999984741211,8.6899995803833,8.880000114440918,831100,0.0,0.0
2022-08-15 00:00:00-04:00,8.850000381469727,9.010000228881836,8.819999694824219,8.970000267028809,572000,0.0,0.0
2022-08-16 00:00:00-04:00,8.899999618530273,9.09000015258789,8.899999618530273,8.960000038146973,712800,0.0,0.0
2022-08-17 00:00:00-04:00,8.8100004196167,8.930000305175781,8.75,8.829999923706055,514800,0.0,0.0
2022-08-18 00:00:00-04:00,8.930000305175781,9.039999961853027,8.869999885559082,8.989999771118164,702100,0.0,0.0
2022-08-19 00:00:00-04:00,8.84000015258789,8.850000381469727,8.550000190734863,8.569999694824219,473000,0.0,0.0
2022-08-22 00:00:00-04:00,8.5,8.529999732971191,8.369999885559082,8.430000305175781,463500,0.0,0.0
2022-08-23 00:00:00-04:00,8.40999984741211,8.5600004196167,8.390000343322754,8.449999809265137,486600,0.0,0.0
2022-08-24 00:00:00-04:00,8.399999618530273,8.539999961853027,8.380000114440918,8.520000457763672,294900,0.0,0.0
2022-08-25 00:00:00-04:00,8.59000015258789,8.699999809265137,8.529999732971191,8.649999618530273,532300,0.0,0.0
2022-08-26 00:00:00-04:00,8.600000381469727,8.630000114440918,8.239999771118164,8.270000457763672,431100,0.0,0.0
2022-08-29 00:00:00-04:00,8.1899995803833,8.220000267028809,8.109999656677246,8.149999618530273,536400,0.0,0.0
2022-08-30 00:00:00-04:00,8.199999809265137,8.239999771118164,8.079999923706055,8.109999656677246,642500,0.0,0.0
2022-08-31 00:00:00-04:00,8.149999618530273,8.180000305175781,7.840000152587891,7.860000133514404,670900,0.0,0.0
2022-09-01 00:00:00-04:00,7.769999980926514,7.900000095367432,7.570000171661377,7.670000076293945,710800,0.0,0.0
2022-09-02 00:00:00-04:00,7.75,7.820000171661377,7.610000133514404,7.639999866485596,449800,0.0,0.0
2022-09-06 00:00:00-04:00,7.630000114440918,7.679999828338623,7.46999979019165,7.539999961853027,607100,0.0,0.0
2022-09-07 00:00:00-04:00,7.53000020980835,7.869999885559082,7.510000228881836,7.869999885559082,480300,0.0,0.0
2022-09-08 00:00:00-04:00,7.769999980926514,7.880000114440918,7.659999847412109,7.809999942779541,524000,0.0,0.0
2022-09-09 00:00:00-04:00,7.940000057220459,8.130000114440918,7.860000133514404,8.119999885559082,474000,0.0,0.0
2022-09-12 00:00:00-04:00,8.140000343322754,8.3100004196167,8.140000343322754,8.25,415300,0.0,0.0
2022-09-13 00:00:00-04:00,7.989999771118164,8.1899995803833,7.860000133514404,7.949999809265137,972700,0.0,0.0
2022-09-14 00:00:00-04:00,7.949999809265137,8.119999885559082,7.809999942779541,8.109999656677246,432800,0.0,0.0
2022-09-15 00:00:00-04:00,7.690000057220459,7.909999847412109,7.510000228881836,7.53000020980835,808500,0.0,0.0
2022-09-16 00:00:00-04:00,7.449999809265137,7.809999942779541,7.289999961853027,7.809999942779541,2348500,0.0,0.0
2022-09-19 00:00:00-04:00,7.659999847412109,7.940000057220459,7.610000133514404,7.820000171661377,678100,0.0,0.0
2022-09-20 00:00:00-04:00,7.710000038146973,7.739999771118164,7.599999904632568,7.739999771118164,392200,0.0,0.0
2022-09-21 00:00:00-04:00,7.840000152587891,7.869999885559082,7.46999979019165,7.5,1602200,0.0,0.0
2022-09-22 00:00:00-04:00,7.519999980926514,7.519999980926514,7.090000152587891,7.190000057220459,1592300,0.0,0.0
2022-09-23 00:00:00-04:00,7.039999961853027,7.070000171661377,6.869999885559082,6.960000038146973,1425300,0.0,0.0
2022-09-26 00:00:00-04:00,6.889999866485596,7.019999980926514,6.679999828338623,6.739999771118164,1001800,0.0,0.0
2022-09-27 00:00:00-04:00,6.820000171661377,7.019999980926514,6.71999979019165,6.769999980926514,797500,0.0,0.0
2022-09-28 00:00:00-04:00,6.809999942779541,7.039999961853027,6.699999809265137,7.0,540600,0.0,0.0
2022-09-29 00:00:00-04:00,6.860000133514404,6.860000133514404,6.579999923706055,6.659999847412109,836300,0.0,0.0
2022-09-30 00:00:00-04:00,6.679999828338623,6.820000171661377,6.639999866485596,6.71999979019165,898100,0.0,0.0
2022-10-03 00:00:00-04:00,6.820000171661377,6.96999979019165,6.659999847412109,6.869999885559082,617400,0.0,0.0
2022-10-04 00:00:00-04:00,7.010000228881836,7.190000057220459,7.010000228881836,7.059999942779541,882100,0.0,0.0
2022-10-05 00:00:00-04:00,6.900000095367432,7.059999942779541,6.809999942779541,7.039999961853027,573300,0.0,0.0
2022-10-06 00:00:00-04:00,6.980000019073486,7.139999866485596,6.920000076293945,6.949999809265137,506200,0.0,0.0
2022-10-07 00:00:00-04:00,6.920000076293945,6.949999809265137,6.78000020980835,6.889999866485596,1122000,0.0,0.0
2022-10-10 00:00:00-04:00,6.900000095367432,7.0,6.78000020980835,6.789999961853027,422600,0.0,0.0
2022-10-11 00:00:00-04:00,6.809999942779541,6.940000057220459,6.730000019073486,6.889999866485596,748100,0.0,0.0
2022-10-12 00:00:00-04:00,6.849999904632568,7.110000133514404,6.739999771118164,7.019999980926514,1017600,0.0,0.0
2022-10-13 00:00:00-04:00,6.909999847412109,7.260000228881836,6.789999961853027,7.210000038146973,815500,0.0,0.0
2022-10-14 00:00:00-04:00,7.340000152587891,7.429999828338623,7.079999923706055,7.139999866485596,554500,0.0,0.0
2022-10-17 00:00:00-04:00,7.360000133514404,7.559999942779541,7.340000152587891,7.519999980926514,750400,0.0,0.0
2022-10-18 00:00:00-04:00,7.75,7.960000038146973,7.679999828338623,7.880000114440918,879700,0.0,0.0
2022-10-19 00:00:00-04:00,7.800000190734863,8.039999961853027,7.800000190734863,7.960000038146973,668700,0.0,0.0
2022-10-20 00:00:00-04:00,7.980000019073486,8.119999885559082,7.880000114440918,7.909999847412109,486800,0.0,0.0
2022-10-21 00:00:00-04:00,7.940000057220459,8.149999618530273,7.900000095367432,8.119999885559082,715100,0.0,0.0
2022-10-24 00:00:00-04:00,8.180000305175781,8.270000457763672,8.069999694824219,8.210000038146973,589600,0.0,0.0
2022-10-25 00:00:00-04:00,8.130000114440918,8.420000076293945,8.0600004196167,8.239999771118164,842400,0.0,0.0
2022-10-26 00:00:00-04:00,8.34000015258789,8.420000076293945,8.220000267028809,8.319999694824219,602900,0.0,0.0
2022-10-27 00:00:00-04:00,8.399999618530273,8.5,8.319999694824219,8.369999885559082,732600,0.0,0.0
2022-10-28 00:00:00-04:00,8.40999984741211,8.520000457763672,8.260000228881836,8.479999542236328,580600,0.0,0.0
2022-10-31 00:00:00-04:00,8.420000076293945,8.65999984741211,8.40999984741211,8.640000343322754,725100,0.0,0.0
2022-11-01 00:00:00-04:00,8.710000038146973,8.75,8.479999542236328,8.609999656677246,475200,0.0,0.0
2022-11-02 00:00:00-04:00,8.5,8.5,8.0600004196167,8.109999656677246,814800,0.0,0.0
2022-11-03 00:00:00-04:00,8.170000076293945,8.180000305175781,7.550000190734863,7.760000228881836,675900,0.0,0.0
2022-11-04 00:00:00-04:00,7.869999885559082,7.989999771118164,7.730000019073486,7.940000057220459,432300,0.0,0.0
2022-11-07 00:00:00-05:00,8.100000381469727,8.119999885559082,7.690000057220459,7.949999809265137,406600,0.0,0.0
2022-11-08 00:00:00-05:00,7.920000076293945,8.039999961853027,7.809999942779541,7.909999847412109,425200,0.0,0.0
2022-11-09 00:00:00-05:00,7.840000152587891,7.889999866485596,7.590000152587891,7.650000095367432,634000,0.0,0.0
2022-11-10 00:00:00-05:00,8.050000190734863,8.420000076293945,8.039999961853027,8.319999694824219,614400,0.0,0.0
2022-11-11 00:00:00-05:00,8.359999656677246,8.460000038146973,8.300000190734863,8.4399995803833,496300,0.0,0.0
2022-11-14 00:00:00-05:00,8.369999885559082,8.399999618530273,8.199999809265137,8.199999809265137,377100,0.0,0.0
2022-11-15 00:00:00-05:00,8.300000190734863,8.380000114440918,8.109999656677246,8.180000305175781,2168400,0.0,0.0
2022-11-16 00:00:00-05:00,8.119999885559082,8.180000305175781,8.020000457763672,8.079999923706055,384800,0.0,0.0
2022-11-17 00:00:00-05:00,7.949999809265137,8.1899995803833,7.889999866485596,8.109999656677246,429000,0.0,0.0
2022-11-18 00:00:00-05:00,8.329999923706055,8.569999694824219,8.279999732971191,8.5600004196167,823100,0.0,0.0
2022-11-21 00:00:00-05:00,8.520000457763672,8.539999961853027,8.34000015258789,8.470000267028809,387600,0.0,0.0
2022-11-22 00:00:00-05:00,8.550000190734863,8.609999656677246,8.460000038146973,8.5600004196167,343800,0.0,0.0
2022-11-23 00:00:00-05:00,8.5,8.600000381469727,8.380000114440918,8.399999618530273,215800,0.0,0.0
2022-11-25 00:00:00-05:00,8.350000381469727,8.510000228881836,8.350000381469727,8.479999542236328,148200,0.0,0.0
2022-11-28 00:00:00-05:00,8.350000381469727,8.479999542236328,8.3100004196167,8.350000381469727,347600,0.0,0.0
2022-11-29 00:00:00-05:00,8.300000190734863,8.470000267028809,8.260000228881836,8.460000038146973,266500,0.0,0.0
2022-11-30 00:00:00-05:00,8.430000305175781,8.550000190734863,8.220000267028809,8.550000190734863,977500,0.0,0.0
2022-12-01 00:00:00-05:00,8.600000381469727,8.649999618530273,8.40999984741211,8.579999923706055,1080800,0.0,0.0
2022-12-02 00:00:00-05:00,8.460000038146973,8.460000038146973,8.289999961853027,8.329999923706055,413600,0.0,0.0
2022-12-05 00:00:00-05:00,8.25,8.319999694824219,7.949999809265137,7.96999979019165,524100,0.0,0.0
2022-12-06 00:00:00-05:00,8.0,8.020000457763672,7.699999809265137,7.769999980926514,565000,0.0,0.0
2022-12-07 00:00:00-05:00,7.739999771118164,7.949999809265137,7.730000019073486,7.789999961853027,616900,0.0,0.0
2022-12-08 00:00:00-05:00,7.860000133514404,8.09000015258789,7.860000133514404,7.949999809265137,747200,0.0,0.0
2022-12-09 00:00:00-05:00,7.900000095367432,7.960000038146973,7.829999923706055,7.900000095367432,341400,0.0,0.0
2022-12-12 00:00:00-05:00,7.980000019073486,8.079999923706055,7.820000171661377,8.0600004196167,377100,0.0,0.0
2022-12-13 00:00:00-05:00,8.350000381469727,8.420000076293945,7.949999809265137,8.050000190734863,862000,0.0,0.0
2022-12-14 00:00:00-05:00,8.119999885559082,8.15999984741211,7.920000076293945,8.0,580900,0.0,0.0
2022-12-15 00:00:00-05:00,7.840000152587891,7.96999979019165,7.710000038146973,7.71999979019165,401500,0.0,0.0
2022-12-16 00:00:00-05:00,7.590000152587891,7.670000076293945,7.550000190734863,7.599999904632568,1752300,0.0,0.0
2022-12-19 00:00:00-05:00,7.570000171661377,7.670000076293945,7.480000019073486,7.480000019073486,569700,0.0,0.0
2022-12-20 00:00:00-05:00,7.460000038146973,7.519999980926514,7.420000076293945,7.449999809265137,358400,0.0,0.0
2022-12-21 00:00:00-05:00,7.409999847412109,7.420000076293945,7.090000152587891,7.119999885559082,835600,0.0,0.0
2022-12-22 00:00:00-05:00,7.03000020980835,7.119999885559082,6.949999809265137,7.070000171661377,598800,0.0,0.0
2022-12-23 00:00:00-05:00,7.039999961853027,7.25,6.989999771118164,7.230000019073486,431300,0.0,0.0
2022-12-27 00:00:00-05:00,7.25,7.25,7.130000114440918,7.179999828338623,332200,0.0,0.0
2022-12-28 00:00:00-05:00,7.150000095367432,7.21999979019165,7.0,7.010000228881836,389900,0.0,0.0
2022-12-29 00:00:00-05:00,7.019999980926514,7.21999979019165,6.96999979019165,7.21999979019165,485100,0.0,0.0
2022-12-30 00:00:00-05:00,7.130000114440918,7.25,7.099999904632568,7.21999979019165,320700,0.0,0.0
2023-01-03 00:00:00-05:00,7.340000152587891,7.480000019073486,7.079999923706055,7.099999904632568,436500,0.0,0.0
2023-01-04 00:00:00-05:00,7.210000038146973,7.389999866485596,7.110000133514404,7.309999942779541,575900,0.0,0.0
2023-01-05 00:00:00-05:00,7.320000171661377,7.320000171661377,7.059999942779541,7.110000133514404,547500,0.0,0.0
2023-01-06 00:00:00-05:00,7.199999809265137,7.360000133514404,7.119999885559082,7.360000133514404,362900,0.0,0.0
2023-01-09 00:00:00-05:00,7.420000076293945,7.429999828338623,7.289999961853027,7.340000152587891,283700,0.0,0.0
2023-01-10 00:00:00-05:00,7.28000020980835,7.420000076293945,7.230000019073486,7.400000095367432,398600,0.0,0.0
2023-01-11 00:00:00-05:00,7.389999866485596,7.650000095367432,7.389999866485596,7.650000095367432,581800,0.0,0.0
2023-01-12 00:00:00-05:00,7.380000114440918,7.659999847412109,7.380000114440918,7.630000114440918,589500,0.0,0.0
2023-01-13 00:00:00-05:00,7.449999809265137,7.610000133514404,7.449999809265137,7.53000020980835,378400,0.0,0.0
2023-01-17 00:00:00-05:00,7.489999771118164,7.590000152587891,7.489999771118164,7.559999942779541,326900,0.0,0.0
2023-01-18 00:00:00-05:00,7.630000114440918,7.670000076293945,7.46999979019165,7.480000019073486,383000,0.0,0.0
2023-01-19 00:00:00-05:00,7.380000114440918,7.590000152587891,7.380000114440918,7.550000190734863,472600,0.0,0.0
2023-01-20 00:00:00-05:00,7.650000095367432,7.800000190734863,7.539999961853027,7.789999961853027,438400,0.0,0.0
2023-01-23 00:00:00-05:00,7.789999961853027,7.900000095367432,7.730000019073486,7.889999866485596,302100,0.0,0.0
2023-01-24 00:00:00-05:00,7.769999980926514,7.929999828338623,7.769999980926514,7.909999847412109,252200,0.0,0.0
2023-01-25 00:00:00-05:00,7.869999885559082,8.170000076293945,7.849999904632568,8.170000076293945,502400,0.0,0.0
2023-01-26 00:00:00-05:00,8.229999542236328,8.289999961853027,8.109999656677246,8.279999732971191,526600,0.0,0.0
2023-01-27 00:00:00-05:00,8.25,8.399999618530273,8.25,8.34000015258789,415700,0.0,0.0
2023-01-30 00:00:00-05:00,8.260000228881836,8.380000114440918,7.429999828338623,8.149999618530273,1772800,0.0,0.0
2023-01-31 00:00:00-05:00,8.1899995803833,8.529999732971191,8.170000076293945,8.520000457763672,1192200,0.0,0.0
2023-02-01 00:00:00-05:00,8.539999961853027,8.619999885559082,8.279999732971191,8.520000457763672,785300,0.0,0.0
2023-02-02 00:00:00-05:00,8.630000114440918,8.8100004196167,8.569999694824219,8.680000305175781,901200,0.0,0.0
2023-02-03 00:00:00-05:00,8.59000015258789,8.699999809265137,8.529999732971191,8.640000343322754,1072000,0.0,0.0
2023-02-06 00:00:00-05:00,8.510000228881836,8.569999694824219,8.380000114440918,8.479999542236328,558100,0.0,0.0
2023-02-07 00:00:00-05:00,8.40999984741211,8.6899995803833,8.369999885559082,8.59000015258789,752900,0.0,0.0
2023-02-08 00:00:00-05:00,8.489999771118164,8.630000114440918,8.289999961853027,8.289999961853027,525600,0.0,0.0
2023-02-09 00:00:00-05:00,8.390000343322754,8.460000038146973,8.239999771118164,8.279999732971191,473000,0.0,0.0
2023-02-10 00:00:00-05:00,8.210000038146973,8.289999961853027,7.929999828338623,8.069999694824219,453400,0.0,0.0
2023-02-13 00:00:00-05:00,8.0,8.25,7.929999828338623,8.239999771118164,309100,0.0,0.0
2023-02-14 00:00:00-05:00,8.15999984741211,8.319999694824219,8.109999656677246,8.25,325600,0.0,0.0
2023-02-15 00:00:00-05:00,8.170000076293945,8.300000190734863,8.140000343322754,8.289999961853027,278400,0.0,0.0
2023-02-16 00:00:00-05:00,8.029999732971191,8.119999885559082,7.929999828338623,8.0,470700,0.0,0.0
2023-02-17 00:00:00-05:00,8.020000457763672,8.020000457763672,7.869999885559082,7.920000076293945,614900,0.0,0.0
2023-02-21 00:00:00-05:00,7.769999980926514,7.880000114440918,7.659999847412109,7.820000171661377,533800,0.0,0.0
2023-02-22 00:00:00-05:00,7.860000133514404,7.960000038146973,7.789999961853027,7.840000152587891,603000,0.0,0.0
2023-02-23 00:00:00-05:00,7.900000095367432,8.0600004196167,7.769999980926514,8.0600004196167,530800,0.0,0.0
2023-02-24 00:00:00-05:00,7.889999866485596,7.949999809265137,7.730000019073486,7.900000095367432,692000,0.0,0.0
2023-02-27 00:00:00-05:00,8.010000228881836,8.09000015258789,7.869999885559082,7.949999809265137,587000,0.0,0.0
2023-02-28 00:00:00-05:00,7.829999923706055,7.889999866485596,7.349999904632568,7.400000095367432,1253000,0.0,0.0
2023-03-01 00:00:00-05:00,7.380000114440918,7.789999961853027,7.309999942779541,7.730000019073486,725000,0.0,0.0
2023-03-02 00:00:00-05:00,7.670000076293945,7.739999771118164,7.619999885559082,7.739999771118164,425600,0.0,0.0
2023-03-03 00:00:00-05:00,7.789999961853027,7.820000171661377,7.699999809265137,7.75,415900,0.0,0.0
2023-03-06 00:00:00-05:00,7.769999980926514,7.78000020980835,7.559999942779541,7.630000114440918,583900,0.0,0.0
2023-03-07 00:00:00-05:00,7.650000095367432,7.71999979019165,7.449999809265137,7.550000190734863,456200,0.0,0.0
2023-03-08 00:00:00-05:00,7.579999923706055,7.730000019073486,7.519999980926514,7.71999979019165,966700,0.0,0.0
2023-03-09 00:00:00-05:00,7.75,7.75,7.210000038146973,7.230000019073486,513500,0.0,0.0
2023-03-10 00:00:00-05:00,7.150000095367432,7.289999961853027,7.0,7.019999980926514,1009000,0.0,0.0
2023-03-13 00:00:00-04:00,6.900000095367432,6.960000038146973,6.760000228881836,6.809999942779541,849900,0.0,0.0
2023-03-14 00:00:00-04:00,7.079999923706055,7.139999866485596,6.849999904632568,6.909999847412109,865500,0.0,0.0
2023-03-15 00:00:00-04:00,6.699999809265137,6.920000076293945,6.679999828338623,6.900000095367432,918900,0.0,0.0
2023-03-16 00:00:00-04:00,6.769999980926514,6.940000057220459,6.610000133514404,6.929999828338623,743900,0.0,0.0
2023-03-17 00:00:00-04:00,6.840000152587891,6.849999904632568,6.369999885559082,6.420000076293945,2417700,0.0,0.0
2023-03-20 00:00:00-04:00,6.519999980926514,6.690000057220459,6.510000228881836,6.619999885559082,775600,0.0,0.0
2023-03-21 00:00:00-04:00,6.849999904632568,7.059999942779541,6.78000020980835,6.860000133514404,1451600,0.0,0.0
2023-03-22 00:00:00-04:00,6.789999961853027,6.909999847412109,6.489999771118164,6.510000228881836,824500,0.0,0.0
2023-03-23 00:00:00-04:00,6.510000228881836,6.570000171661377,6.329999923706055,6.360000133514404,757000,0.0,0.0
2023-03-24 00:00:00-04:00,6.25,6.5,6.170000076293945,6.480000019073486,1135300,0.0,0.0
2023-03-27 00:00:00-04:00,6.610000133514404,6.650000095367432,6.5,6.590000152587891,836100,0.0,0.0
2023-03-28 00:00:00-04:00,6.53000020980835,6.690000057220459,6.5,6.599999904632568,593100,0.0,0.0
2023-03-29 00:00:00-04:00,6.699999809265137,6.840000152587891,6.639999866485596,6.820000171661377,749000,0.0,0.0
2023-03-30 00:00:00-04:00,6.900000095367432,6.940000057220459,6.739999771118164,6.809999942779541,825900,0.0,0.0
2023-03-31 00:00:00-04:00,6.909999847412109,7.010000228881836,6.849999904632568,7.0,1486800,0.0,0.0
2023-04-03 00:00:00-04:00,7.03000020980835,7.090000152587891,6.760000228881836,6.820000171661377,1558800,0.0,0.0
2023-04-04 00:00:00-04:00,6.829999923706055,6.860000133514404,6.650000095367432,6.710000038146973,997700,0.0,0.0
2023-04-05 00:00:00-04:00,6.639999866485596,6.71999979019165,6.639999866485596,6.650000095367432,610800,0.0,0.0
2023-04-06 00:00:00-04:00,6.699999809265137,6.730000019073486,6.599999904632568,6.639999866485596,1123300,0.0,0.0
2023-04-10 00:00:00-04:00,6.659999847412109,6.71999979019165,6.550000190734863,6.639999866485596,1001100,0.0,0.0
2023-04-11 00:00:00-04:00,6.679999828338623,6.769999980926514,6.579999923706055,6.699999809265137,1995700,0.0,0.0
2023-04-12 00:00:00-04:00,6.820000171661377,6.880000114440918,6.639999866485596,6.699999809265137,1589700,0.0,0.0
2023-04-13 00:00:00-04:00,6.760000228881836,6.840000152587891,6.730000019073486,6.75,918900,0.0,0.0
2023-04-14 00:00:00-04:00,6.789999961853027,6.840000152587891,6.619999885559082,6.679999828338623,475200,0.0,0.0
2023-04-17 00:00:00-04:00,6.679999828338623,6.739999771118164,6.449999809265137,6.679999828338623,5134700,0.0,0.0
2023-04-18 00:00:00-04:00,6.710000038146973,6.840000152587891,6.630000114440918,6.78000020980835,1314700,0.0,0.0
2023-04-19 00:00:00-04:00,6.690000057220459,6.78000020980835,6.599999904632568,6.710000038146973,1236300,0.0,0.0
2023-04-20 00:00:00-04:00,6.610000133514404,6.71999979019165,6.519999980926514,6.570000171661377,730800,0.0,0.0
2023-04-21 00:00:00-04:00,6.570000171661377,6.610000133514404,6.5,6.570000171661377,650200,0.0,0.0
2023-04-24 00:00:00-04:00,6.510000228881836,6.579999923706055,6.480000019073486,6.5,693000,0.0,0.0
2023-04-25 00:00:00-04:00,6.389999866485596,6.440000057220459,6.260000228881836,6.28000020980835,999200,0.0,0.0
2023-04-26 00:00:00-04:00,6.210000038146973,6.340000152587891,6.139999866485596,6.159999847412109,1026000,0.0,0.0
2023-04-27 00:00:00-04:00,6.199999809265137,6.25,6.070000171661377,6.210000038146973,831400,0.0,0.0
2023-04-28 00:00:00-04:00,6.260000228881836,6.5,6.239999771118164,6.440000057220459,912000,0.0,0.0
2023-05-01 00:00:00-04:00,6.480000019073486,6.670000076293945,6.480000019073486,6.610000133514404,798400,0.0,0.0
2023-05-02 00:00:00-04:00,6.570000171661377,6.579999923706055,6.329999923706055,6.480000019073486,815000,0.0,0.0
2023-05-03 00:00:00-04:00,6.46999979019165,6.739999771118164,6.46999979019165,6.559999942779541,526100,0.0,0.0
2023-05-04 00:00:00-04:00,6.619999885559082,6.710000038146973,6.440000057220459,6.610000133514404,1096100,0.0,0.0
2023-05-05 00:00:00-04:00,6.78000020980835,6.960000038146973,6.659999847412109,6.760000228881836,731400,0.0,0.0
2023-05-08 00:00:00-04:00,6.75,6.769999980926514,6.670000076293945,6.75,428700,0.0,0.0
2023-05-09 00:00:00-04:00,6.659999847412109,6.929999828338623,6.639999866485596,6.869999885559082,846900,0.0,0.0
2023-05-10 00:00:00-04:00,6.989999771118164,7.119999885559082,6.809999942779541,6.929999828338623,699500,0.0,0.0
2023-05-11 00:00:00-04:00,6.840000152587891,6.860000133514404,6.650000095367432,6.71999979019165,959800,0.0,0.0
2023-05-12 00:00:00-04:00,6.769999980926514,6.829999923706055,6.71999979019165,6.820000171661377,1204400,0.0,0.0
2023-05-15 00:00:00-04:00,6.860000133514404,6.869999885559082,6.769999980926514,6.829999923706055,428600,0.0,0.0
2023-05-16 00:00:00-04:00,6.710000038146973,6.820000171661377,6.650000095367432,6.690000057220459,549400,0.0,0.0
2023-05-17 00:00:00-04:00,6.760000228881836,6.840000152587891,6.659999847412109,6.840000152587891,583000,0.0,0.0
2023-05-18 00:00:00-04:00,6.829999923706055,6.949999809265137,6.75,6.949999809265137,959300,0.0,0.0
2023-05-19 00:00:00-04:00,7.019999980926514,7.019999980926514,6.75,6.78000020980835,670400,0.0,0.0
2023-05-22 00:00:00-04:00,6.840000152587891,6.840000152587891,6.650000095367432,6.699999809265137,494800,0.0,0.0
2023-05-23 00:00:00-04:00,6.650000095367432,6.769999980926514,6.650000095367432,6.670000076293945,448000,0.0,0.0
2023-05-24 00:00:00-04:00,6.610000133514404,6.659999847412109,6.480000019073486,6.489999771118164,428100,0.0,0.0
2023-05-25 00:00:00-04:00,6.440000057220459,6.489999771118164,6.340000152587891,6.409999847412109,394400,0.0,0.0
2023-05-26 00:00:00-04:00,6.400000095367432,6.480000019073486,6.380000114440918,6.449999809265137,331000,0.0,0.0
2023-05-30 00:00:00-04:00,6.46999979019165,6.599999904632568,6.429999828338623,6.570000171661377,610200,0.0,0.0
2023-05-31 00:00:00-04:00,6.539999961853027,6.579999923706055,6.440000057220459,6.550000190734863,1569800,0.0,0.0
2023-06-01 00:00:00-04:00,6.559999942779541,6.679999828338623,6.510000228881836,6.630000114440918,928800,0.0,0.0
2023-06-02 00:00:00-04:00,6.769999980926514,7.039999961853027,6.739999771118164,6.960000038146973,1299900,0.0,0.0
2023-06-05 00:00:00-04:00,6.860000133514404,7.010000228881836,6.829999923706055,6.840000152587891,794300,0.0,0.0
2023-06-06 00:00:00-04:00,6.869999885559082,7.099999904632568,6.820000171661377,7.059999942779541,890400,0.0,0.0
2023-06-07 00:00:00-04:00,7.139999866485596,7.260000228881836,7.039999961853027,7.119999885559082,1162800,0.0,0.0
2023-06-08 00:00:00-04:00,7.059999942779541,7.139999866485596,6.940000057220459,7.130000114440918,573300,0.0,0.0
2023-06-09 00:00:00-04:00,7.090000152587891,7.110000133514404,6.860000133514404,6.860000133514404,1131100,0.0,0.0
2023-06-12 00:00:00-04:00,6.869999885559082,6.900000095367432,6.769999980926514,6.78000020980835,609900,0.0,0.0
2023-06-13 00:00:00-04:00,6.800000190734863,6.840000152587891,6.659999847412109,6.670000076293945,533200,0.0,0.0
2023-06-14 00:00:00-04:00,6.659999847412109,6.71999979019165,6.53000020980835,6.579999923706055,768800,0.0,0.0
2023-06-15 00:00:00-04:00,6.550000190734863,6.550000190734863,6.349999904632568,6.489999771118164,715000,0.0,0.0
2023-06-16 00:00:00-04:00,6.559999942779541,6.559999942779541,6.429999828338623,6.489999771118164,1587500,0.0,0.0
2023-06-20 00:00:00-04:00,6.46999979019165,6.46999979019165,6.190000057220459,6.199999809265137,1047300,0.0,0.0
2023-06-21 00:00:00-04:00,6.170000076293945,6.289999961853027,6.070000171661377,6.230000019073486,862200,0.0,0.0
2023-06-22 00:00:00-04:00,6.239999771118164,6.239999771118164,6.110000133514404,6.179999828338623,704100,0.0,0.0
2023-06-23 00:00:00-04:00,6.050000190734863,6.159999847412109,6.03000020980835,6.079999923706055,1438600,0.0,0.0
2023-06-26 00:00:00-04:00,6.050000190734863,6.170000076293945,6.050000190734863,6.079999923706055,932700,0.0,0.0
2023-06-27 00:00:00-04:00,6.110000133514404,6.329999923706055,6.010000228881836,6.300000190734863,1583900,0.0,0.0
2023-06-28 00:00:00-04:00,6.300000190734863,6.300000190734863,6.210000038146973,6.28000020980835,1288200,0.0,0.0
2023-06-29 00:00:00-04:00,6.25,6.510000228881836,6.239999771118164,6.510000228881836,750400,0.0,0.0
2023-06-30 00:00:00-04:00,6.559999942779541,6.559999942779541,6.420000076293945,6.510000228881836,1211700,0.0,0.0
2023-07-03 00:00:00-04:00,6.46999979019165,6.730000019073486,6.449999809265137,6.71999979019165,568600,0.0,0.0
2023-07-05 00:00:00-04:00,6.670000076293945,6.670000076293945,6.5,6.570000171661377,681300,0.0,0.0
2023-07-06 00:00:00-04:00,6.46999979019165,6.53000020980835,6.389999866485596,6.489999771118164,825700,0.0,0.0
2023-07-07 00:00:00-04:00,6.5,6.699999809265137,6.5,6.610000133514404,1151300,0.0,0.0
2023-07-10 00:00:00-04:00,6.579999923706055,6.75,6.570000171661377,6.739999771118164,942300,0.0,0.0
2023-07-11 00:00:00-04:00,6.789999961853027,6.800000190734863,6.690000057220459,6.710000038146973,616900,0.0,0.0
2023-07-12 00:00:00-04:00,6.869999885559082,6.869999885559082,6.579999923706055,6.579999923706055,880300,0.0,0.0
2023-07-13 00:00:00-04:00,6.590000152587891,6.610000133514404,6.519999980926514,6.570000171661377,790000,0.0,0.0
2023-07-14 00:00:00-04:00,6.550000190734863,6.550000190734863,6.389999866485596,6.420000076293945,773200,0.0,0.0
2023-07-17 00:00:00-04:00,6.409999847412109,6.460000038146973,6.329999923706055,6.360000133514404,479700,0.0,0.0
2023-07-18 00:00:00-04:00,6.329999923706055,6.460000038146973,6.329999923706055,6.389999866485596,918800,0.0,0.0
2023-07-19 00:00:00-04:00,6.460000038146973,6.579999923706055,6.420000076293945,6.53000020980835,991600,0.0,0.0
2023-07-20 00:00:00-04:00,6.550000190734863,6.550000190734863,6.329999923706055,6.369999885559082,1030900,0.0,0.0
2023-07-21 00:00:00-04:00,6.409999847412109,6.440000057220459,6.349999904632568,6.400000095367432,686000,0.0,0.0
2023-07-24 00:00:00-04:00,6.400000095367432,6.420000076293945,6.239999771118164,6.25,526500,0.0,0.0
2023-07-25 00:00:00-04:00,6.269999980926514,6.289999961853027,6.150000095367432,6.150000095367432,574300,0.0,0.0
2023-07-26 00:00:00-04:00,6.130000114440918,6.269999980926514,6.119999885559082,6.139999866485596,542600,0.0,0.0
2023-07-27 00:00:00-04:00,6.199999809265137,6.269999980926514,6.070000171661377,6.070000171661377,683300,0.0,0.0
2023-07-28 00:00:00-04:00,6.119999885559082,6.420000076293945,6.099999904632568,6.340000152587891,1016800,0.0,0.0
2023-07-31 00:00:00-04:00,6.349999904632568,6.460000038146973,6.320000171661377,6.440000057220459,847100,0.0,0.0
2023-08-01 00:00:00-04:00,6.409999847412109,6.420000076293945,6.199999809265137,6.349999904632568,561400,0.0,0.0
2023-08-02 00:00:00-04:00,6.239999771118164,6.260000228881836,6.050000190734863,6.070000171661377,991700,0.0,0.0
2023-08-03 00:00:00-04:00,6.079999923706055,6.110000133514404,5.460000038146973,5.789999961853027,1970200,0.0,0.0
2023-08-04 00:00:00-04:00,5.840000152587891,5.889999866485596,5.71999979019165,5.800000190734863,704800,0.0,0.0
2023-08-07 00:00:00-04:00,5.789999961853027,5.889999866485596,5.679999828338623,5.869999885559082,693800,0.0,0.0
2023-08-08 00:00:00-04:00,5.769999980926514,5.909999847412109,5.659999847412109,5.909999847412109,596600,0.0,0.0
2023-08-09 00:00:00-04:00,5.909999847412109,6.0,5.840000152587891,5.96999979019165,706200,0.0,0.0
2023-08-10 00:00:00-04:00,6.010000228881836,6.039999961853027,5.860000133514404,5.889999866485596,1071500,0.0,0.0
2023-08-11 00:00:00-04:00,5.860000133514404,5.940000057220459,5.789999961853027,5.849999904632568,555300,0.0,0.0
2023-08-14 00:00:00-04:00,5.800000190734863,5.849999904632568,5.699999809265137,5.760000228881836,472900,0.0,0.0
2023-08-15 00:00:00-04:00,5.659999847412109,5.730000019073486,5.639999866485596,5.710000038146973,420900,0.0,0.0
2023-08-16 00:00:00-04:00,5.619999885559082,5.699999809265137,5.599999904632568,5.619999885559082,514700,0.0,0.0
2023-08-17 00:00:00-04:00,5.619999885559082,5.690000057220459,5.519999980926514,5.519999980926514,507800,0.0,0.0
2023-08-18 00:00:00-04:00,5.449999809265137,5.630000114440918,5.440000057220459,5.619999885559082,463600,0.0,0.0
2023-08-21 00:00:00-04:00,5.619999885559082,5.630000114440918,5.489999771118164,5.53000020980835,648000,0.0,0.0
2023-08-22 00:00:00-04:00,5.550000190734863,5.630000114440918,5.489999771118164,5.610000133514404,488500,0.0,0.0
2023-08-23 00:00:00-04:00,5.650000095367432,5.670000076293945,5.579999923706055,5.659999847412109,597400,0.0,0.0
2023-08-24 00:00:00-04:00,5.639999866485596,5.690000057220459,5.5,5.510000228881836,624100,0.0,0.0
2023-08-25 00:00:00-04:00,5.53000020980835,5.570000171661377,5.420000076293945,5.440000057220459,476100,0.0,0.0
2023-08-28 00:00:00-04:00,5.510000228881836,5.78000020980835,5.510000228881836,5.769999980926514,821300,0.0,0.0
2023-08-29 00:00:00-04:00,5.78000020980835,5.880000114440918,5.710000038146973,5.880000114440918,566300,0.0,0.0
2023-08-30 00:00:00-04:00,5.829999923706055,5.889999866485596,5.78000020980835,5.809999942779541,512300,0.0,0.0
2023-08-31 00:00:00-04:00,5.869999885559082,5.869999885559082,5.75,5.809999942779541,530300,0.0,0.0
2023-09-01 00:00:00-04:00,5.869999885559082,5.909999847412109,5.800000190734863,5.809999942779541,435800,0.0,0.0
2023-09-05 00:00:00-04:00,5.75,5.900000095367432,5.739999771118164,5.900000095367432,538800,0.0,0.0
2023-09-06 00:00:00-04:00,5.900000095367432,5.960000038146973,5.849999904632568,5.880000114440918,551000,0.0,0.0
2023-09-07 00:00:00-04:00,5.71999979019165,5.829999923706055,5.710000038146973,5.809999942779541,965300,0.0,0.0
2023-09-08 00:00:00-04:00,5.78000020980835,5.900000095367432,5.78000020980835,5.889999866485596,486800,0.0,0.0
2023-09-11 00:00:00-04:00,5.900000095367432,5.940000057220459,5.880000114440918,5.900000095367432,481100,0.0,0.0
2023-09-12 00:00:00-04:00,5.889999866485596,5.920000076293945,5.769999980926514,5.800000190734863,982600,0.0,0.0
2023-09-13 00:00:00-04:00,5.800000190734863,5.840000152587891,5.630000114440918,5.630000114440918,621200,0.0,0.0
2023-09-14 00:00:00-04:00,5.699999809265137,5.739999771118164,5.579999923706055,5.650000095367432,815800,0.0,0.0
2023-09-15 00:00:00-04:00,5.610000133514404,5.840000152587891,5.610000133514404,5.760000228881836,3932400,0.0,0.0
2023-09-18 00:00:00-04:00,5.769999980926514,5.769999980926514,5.650000095367432,5.659999847412109,480400,0.0,0.0
2023-09-19 00:00:00-04:00,5.679999828338623,5.730000019073486,5.599999904632568,5.690000057220459,506800,0.0,0.0
2023-09-20 00:00:00-04:00,5.730000019073486,5.78000020980835,5.619999885559082,5.619999885559082,910700,0.0,0.0
2023-09-21 00:00:00-04:00,5.590000152587891,5.619999885559082,5.539999961853027,5.539999961853027,364400,0.0,0.0
2023-09-22 00:00:00-04:00,5.539999961853027,5.590000152587891,5.480000019073486,5.480000019073486,743300,0.0,0.0
2023-09-25 00:00:00-04:00,5.420000076293945,5.650000095367432,5.400000095367432,5.639999866485596,570100,0.0,0.0
2023-09-26 00:00:00-04:00,5.590000152587891,5.639999866485596,5.480000019073486,5.489999771118164,1081200,0.0,0.0
2023-09-27 00:00:00-04:00,5.539999961853027,5.710000038146973,5.539999961853027,5.650000095367432,1672600,0.0,0.0
2023-09-28 00:00:00-04:00,5.670000076293945,5.900000095367432,5.670000076293945,5.849999904632568,1863900,0.0,0.0
2023-09-29 00:00:00-04:00,5.920000076293945,5.920000076293945,5.739999771118164,5.800000190734863,1295500,0.0,0.0
2023-10-02 00:00:00-04:00,5.75,5.889999866485596,5.75,5.860000133514404,1533600,0.0,0.0
2023-10-03 00:00:00-04:00,5.820000171661377,5.869999885559082,5.710000038146973,5.760000228881836,2621500,0.0,0.0
2023-10-04 00:00:00-04:00,5.739999771118164,6.03000020980835,5.739999771118164,6.03000020980835,1011700,0.0,0.0
2023-10-05 00:00:00-04:00,6.039999961853027,6.130000114440918,5.800000190734863,5.900000095367432,5988000,0.0,0.0
2023-10-06 00:00:00-04:00,5.880000114440918,5.940000057220459,5.789999961853027,5.840000152587891,1420500,0.0,0.0
2023-10-09 00:00:00-04:00,5.78000020980835,5.900000095367432,5.659999847412109,5.820000171661377,1650300,0.0,0.0
2023-10-10 00:00:00-04:00,5.920000076293945,5.929999828338623,5.800000190734863,5.829999923706055,3265700,0.0,0.0
2023-10-11 00:00:00-04:00,5.860000133514404,5.929999828338623,5.78000020980835,5.809999942779541,3084400,0.0,0.0
2023-10-12 00:00:00-04:00,5.820000171661377,5.909999847412109,5.730000019073486,5.900000095367432,1816600,0.0,0.0
2023-10-13 00:00:00-04:00,5.920000076293945,5.929999828338623,5.71999979019165,5.760000228881836,1817900,0.0,0.0
2023-10-16 00:00:00-04:00,5.829999923706055,5.909999847412109,5.78000020980835,5.880000114440918,975100,0.0,0.0
2023-10-17 00:00:00-04:00,5.849999904632568,6.050000190734863,5.849999904632568,5.949999809265137,1495100,0.0,0.0
2023-10-18 00:00:00-04:00,5.889999866485596,5.940000057220459,5.829999923706055,5.869999885559082,1012600,0.0,0.0
2023-10-19 00:00:00-04:00,5.840000152587891,5.909999847412109,5.730000019073486,5.739999771118164,1406200,0.0,0.0
2023-10-20 00:00:00-04:00,5.769999980926514,5.769999980926514,5.659999847412109,5.659999847412109,1178300,0.0,0.0
2023-10-23 00:00:00-04:00,5.590000152587891,5.78000020980835,5.550000190734863,5.690000057220459,878400,0.0,0.0
2023-10-24 00:00:00-04:00,5.71999979019165,5.800000190734863,5.670000076293945,5.78000020980835,781100,0.0,0.0
2023-10-25 00:00:00-04:00,5.75,5.789999961853027,5.539999961853027,5.559999942779541,2038100,0.0,0.0
2023-10-26 00:00:00-04:00,5.599999904632568,5.710000038146973,5.559999942779541,5.659999847412109,968500,0.0,0.0
2023-10-27 00:00:00-04:00,5.670000076293945,5.670000076293945,5.309999942779541,5.369999885559082,1837000,0.0,0.0
2023-10-30 00:00:00-04:00,5.449999809265137,5.579999923706055,5.420000076293945,5.559999942779541,682200,0.0,0.0
2023-10-31 00:00:00-04:00,5.599999904632568,5.650000095367432,5.5,5.639999866485596,718900,0.0,0.0
2023-11-01 00:00:00-04:00,5.679999828338623,5.679999828338623,5.46999979019165,5.53000020980835,1170200,0.0,0.0
2023-11-02 00:00:00-04:00,5.809999942779541,6.150000095367432,5.78000020980835,6.139999866485596,1402600,0.0,0.0
2023-11-03 00:00:00-04:00,6.28000020980835,6.429999828338623,6.159999847412109,6.380000114440918,2290700,0.0,0.0
2023-11-06 00:00:00-05:00,6.360000133514404,6.389999866485596,6.199999809265137,6.21999979019165,781900,0.0,0.0
2023-11-07 00:00:00-05:00,6.190000057220459,6.260000228881836,6.130000114440918,6.150000095367432,470400,0.0,0.0
2023-11-08 00:00:00-05:00,6.119999885559082,6.159999847412109,5.920000076293945,5.929999828338623,1397100,0.0,0.0
2023-11-09 00:00:00-05:00,6.0,6.03000020980835,5.900000095367432,5.909999847412109,1928800,0.0,0.0
2023-11-10 00:00:00-05:00,5.940000057220459,5.980000019073486,5.880000114440918,5.960000038146973,830400,0.0,0.0
2023-11-13 00:00:00-05:00,5.880000114440918,6.0,5.869999885559082,5.909999847412109,774000,0.0,0.0
2023-11-14 00:00:00-05:00,6.139999866485596,6.340000152587891,6.139999866485596,6.340000152587891,1067400,0.0,0.0
2023-11-15 00:00:00-05:00,6.309999942779541,6.380000114440918,6.210000038146973,6.300000190734863,784900,0.0,0.0
2023-11-16 00:00:00-05:00,6.300000190734863,6.340000152587891,6.21999979019165,6.21999979019165,800500,0.0,0.0
2023-11-17 00:00:00-05:00,6.300000190734863,6.320000171661377,6.21999979019165,6.300000190734863,1640800,0.0,0.0
2023-11-20 00:00:00-05:00,6.340000152587891,6.360000133514404,6.269999980926514,6.309999942779541,551200,0.0,0.0
2023-11-21 00:00:00-05:00,6.239999771118164,6.289999961853027,6.170000076293945,6.199999809265137,780900,0.0,0.0
2023-11-22 00:00:00-05:00,6.300000190734863,6.300000190734863,6.190000057220459,6.230000019073486,639800,0.0,0.0
2023-11-24 00:00:00-05:00,6.239999771118164,6.28000020980835,6.199999809265137,6.28000020980835,406700,0.0,0.0
2023-11-27 00:00:00-05:00,6.21999979019165,6.289999961853027,6.170000076293945,6.260000228881836,572400,0.0,0.0
2023-11-28 00:00:00-05:00,6.260000228881836,6.349999904632568,6.190000057220459,6.349999904632568,1264300,0.0,0.0
2023-11-29 00:00:00-05:00,6.400000095367432,6.449999809265137,6.239999771118164,6.25,670100,0.0,0.0
2023-11-30 00:00:00-05:00,6.25,6.309999942779541,6.190000057220459,6.260000228881836,1078200,0.0,0.0
2023-12-01 00:00:00-05:00,6.21999979019165,6.440000057220459,6.139999866485596,6.420000076293945,760400,0.0,0.0
2023-12-04 00:00:00-05:00,6.420000076293945,6.550000190734863,6.420000076293945,6.519999980926514,1245300,0.0,0.0
2023-12-05 00:00:00-05:00,6.510000228881836,6.510000228881836,6.289999961853027,6.289999961853027,839300,0.0,0.0
2023-12-06 00:00:00-05:00,6.349999904632568,6.440000057220459,6.28000020980835,6.28000020980835,953400,0.0,0.0
2023-12-07 00:00:00-05:00,6.289999961853027,6.380000114440918,6.239999771118164,6.369999885559082,917700,0.0,0.0
2023-12-08 00:00:00-05:00,6.329999923706055,6.389999866485596,6.289999961853027,6.389999866485596,379500,0.0,0.0
2023-12-11 00:00:00-05:00,6.420000076293945,6.5,6.380000114440918,6.489999771118164,987700,0.0,0.0
2023-12-12 00:00:00-05:00,6.489999771118164,6.570000171661377,6.460000038146973,6.510000228881836,1322200,0.0,0.0
2023-12-13 00:00:00-05:00,6.539999961853027,6.710000038146973,6.429999828338623,6.659999847412109,1590900,0.0,0.0
2023-12-14 00:00:00-05:00,6.860000133514404,6.980000019073486,6.710000038146973,6.730000019073486,2278000,0.0,0.0
2023-12-15 00:00:00-05:00,6.769999980926514,6.769999980926514,6.590000152587891,6.599999904632568,3345900,0.0,0.0
2023-12-18 00:00:00-05:00,6.610000133514404,6.670000076293945,6.53000020980835,6.610000133514404,1296600,0.0,0.0
2023-12-19 00:00:00-05:00,6.699999809265137,6.75,6.579999923706055,6.590000152587891,1584900,0.0,0.0
2023-12-20 00:00:00-05:00,6.550000190734863,6.699999809265137,6.46999979019165,6.539999961853027,1227800,0.0,0.0
2023-12-21 00:00:00-05:00,6.650000095367432,6.679999828338623,6.570000171661377,6.619999885559082,745200,0.0,0.0
2023-12-22 00:00:00-05:00,6.670000076293945,6.710000038146973,6.559999942779541,6.659999847412109,609300,0.0,0.0
2023-12-26 00:00:00-05:00,6.659999847412109,6.829999923706055,6.630000114440918,6.820000171661377,1007300,0.0,0.0
2023-12-27 00:00:00-05:00,6.800000190734863,6.840000152587891,6.75,6.800000190734863,447700,0.0,0.0
2023-12-28 00:00:00-05:00,6.78000020980835,6.840000152587891,6.710000038146973,6.840000152587891,551400,0.0,0.0
2023-12-29 00:00:00-05:00,6.829999923706055,6.829999923706055,6.71999979019165,6.71999979019165,528100,0.0,0.0
2024-01-02 00:00:00-05:00,6.71999979019165,6.849999904632568,6.659999847412109,6.789999961853027,646500,0.0,0.0
2024-01-03 00:00:00-05:00,6.71999979019165,6.849999904632568,6.699999809265137,6.710000038146973,674200,0.0,0.0
2024-01-04 00:00:00-05:00,6.710000038146973,6.760000228881836,6.650000095367432,6.650000095367432,491900,0.0,0.0
2024-01-05 00:00:00-05:00,6.579999923706055,6.769999980926514,6.559999942779541,6.760000228881836,714900,0.0,0.0
2024-01-08 00:00:00-05:00,6.75,6.820000171661377,6.699999809265137,6.789999961853027,555100,0.0,0.0
2024-01-09 00:00:00-05:00,6.679999828338623,6.690000057220459,6.610000133514404,6.619999885559082,532400,0.0,0.0
2024-01-10 00:00:00-05:00,6.610000133514404,6.679999828338623,6.570000171661377,6.610000133514404,622100,0.0,0.0
2024-01-11 00:00:00-05:00,6.550000190734863,6.610000133514404,6.480000019073486,6.590000152587891,745500,0.0,0.0
2024-01-12 00:00:00-05:00,6.699999809265137,6.769999980926514,6.510000228881836,6.550000190734863,512900,0.0,0.0
2024-01-16 00:00:00-05:00,6.460000038146973,6.5,6.420000076293945,6.480000019073486,1510800,0.0,0.0
2024-01-17 00:00:00-05:00,6.349999904632568,6.46999979019165,6.329999923706055,6.440000057220459,798500,0.0,0.0
2024-01-18 00:00:00-05:00,6.46999979019165,6.550000190734863,6.360000133514404,6.449999809265137,731800,0.0,0.0
2024-01-19 00:00:00-05:00,6.519999980926514,6.789999961853027,6.420000076293945,6.78000020980835,1021200,0.0,0.0
2024-01-22 00:00:00-05:00,6.829999923706055,6.880000114440918,6.78000020980835,6.849999904632568,1339500,0.0,0.0
2024-01-23 00:00:00-05:00,6.929999828338623,6.949999809265137,6.659999847412109,6.670000076293945,835100,0.0,0.0
2024-01-24 00:00:00-05:00,6.769999980926514,6.769999980926514,6.610000133514404,6.610000133514404,778500,0.0,0.0
2024-01-25 00:00:00-05:00,6.78000020980835,6.78000020980835,6.670000076293945,6.730000019073486,518300,0.0,0.0
2024-01-26 00:00:00-05:00,6.78000020980835,6.809999942779541,6.739999771118164,6.760000228881836,443200,0.0,0.0
2024-01-29 00:00:00-05:00,6.75,6.789999961853027,6.690000057220459,6.71999979019165,539300,0.0,0.0
2024-01-30 00:00:00-05:00,6.659999847412109,6.739999771118164,6.659999847412109,6.670000076293945,371200,0.0,0.0
2024-01-31 00:00:00-05:00,6.630000114440918,6.679999828338623,6.46999979019165,6.480000019073486,1044200,0.0,0.0
2024-02-01 00:00:00-05:00,6.480000019073486,6.639999866485596,6.449999809265137,6.630000114440918,729000,0.0,0.0
2024-02-02 00:00:00-05:00,6.510000228881836,6.670000076293945,6.460000038146973,6.610000133514404,658500,0.0,0.0
2024-02-05 00:00:00-05:00,6.5,6.570000171661377,6.46999979019165,6.5,523300,0.0,0.0
2024-02-06 00:00:00-05:00,6.449999809265137,6.550000190734863,6.449999809265137,6.510000228881836,466300,0.0,0.0
2024-02-07 00:00:00-05:00,6.53000020980835,6.53000020980835,6.420000076293945,6.460000038146973,671500,0.0,0.0
2024-02-08 00:00:00-05:00,6.420000076293945,6.590000152587891,6.420000076293945,6.590000152587891,529600,0.0,0.0
2024-02-09 00:00:00-05:00,6.619999885559082,6.670000076293945,6.489999771118164,6.639999866485596,731800,0.0,0.0
2024-02-12 00:00:00-05:00,6.679999828338623,6.699999809265137,6.599999904632568,6.619999885559082,853200,0.0,0.0
2024-02-13 00:00:00-05:00,6.400000095367432,6.440000057220459,6.260000228881836,6.300000190734863,1209900,0.0,0.0
2024-02-14 00:00:00-05:00,6.309999942779541,6.449999809265137,6.260000228881836,6.380000114440918,776200,0.0,0.0
2024-02-15 00:00:00-05:00,6.460000038146973,6.599999904632568,6.440000057220459,6.570000171661377,670700,0.0,0.0
2024-02-16 00:00:00-05:00,6.46999979019165,6.570000171661377,6.329999923706055,6.489999771118164,1039800,0.0,0.0
2024-02-20 00:00:00-05:00,6.400000095367432,6.539999961853027,6.340000152587891,6.53000020980835,758800,0.0,0.0
2024-02-21 00:00:00-05:00,6.539999961853027,6.619999885559082,6.519999980926514,6.570000171661377,755100,0.0,0.0
2024-02-22 00:00:00-05:00,6.570000171661377,6.699999809265137,6.5,6.679999828338623,1126400,0.0,0.0
2024-02-23 00:00:00-05:00,6.679999828338623,6.75,6.630000114440918,6.670000076293945,1305800,0.0,0.0
2024-02-26 00:00:00-05:00,6.630000114440918,6.659999847412109,6.449999809265137,6.449999809265137,689300,0.0,0.0
2024-02-27 00:00:00-05:00,6.5,6.570000171661377,6.420000076293945,6.46999979019165,669000,0.0,0.0
2024-02-28 00:00:00-05:00,6.389999866485596,6.639999866485596,6.389999866485596,6.590000152587891,921000,0.0,0.0
2024-02-29 00:00:00-05:00,6.659999847412109,6.71999979019165,6.369999885559082,6.420000076293945,1746500,0.0,0.0
2024-03-01 00:00:00-05:00,6.449999809265137,6.559999942779541,6.380000114440918,6.550000190734863,891300,0.0,0.0
2024-03-04 00:00:00-05:00,6.480000019073486,6.559999942779541,6.420000076293945,6.429999828338623,654700,0.0,0.0
2024-03-05 00:00:00-05:00,6.380000114440918,6.46999979019165,6.340000152587891,6.340000152587891,661500,0.0,0.0
2024-03-06 00:00:00-05:00,6.400000095367432,6.5,6.349999904632568,6.400000095367432,587100,0.0,0.0
2024-03-07 00:00:00-05:00,6.449999809265137,6.46999979019165,6.309999942779541,6.309999942779541,635000,0.0,0.0
2024-03-08 00:00:00-05:00,6.389999866485596,6.570000171661377,6.369999885559082,6.559999942779541,781100,0.0,0.0
2024-03-11 00:00:00-04:00,6.550000190734863,6.550000190734863,6.440000057220459,6.440000057220459,347400,0.0,0.0
2024-03-12 00:00:00-04:00,6.409999847412109,6.489999771118164,6.360000133514404,6.389999866485596,1212500,0.0,0.0
2024-03-13 00:00:00-04:00,6.360000133514404,6.400000095367432,6.320000171661377,6.349999904632568,727900,0.0,0.0
2024-03-14 00:00:00-04:00,6.360000133514404,6.369999885559082,6.25,6.309999942779541,575500,0.0,0.0
2024-03-15 00:00:00-04:00,6.230000019073486,6.340000152587891,6.150000095367432,6.199999809265137,1557500,0.0,0.0
2024-03-18 00:00:00-04:00,6.199999809265137,6.269999980926514,6.159999847412109,6.230000019073486,939800,0.0,0.0
2024-03-19 00:00:00-04:00,6.199999809265137,6.309999942779541,6.179999828338623,6.25,1043400,0.0,0.0
2024-03-20 00:00:00-04:00,6.210000038146973,6.400000095367432,6.210000038146973,6.380000114440918,746200,0.0,0.0
2024-03-21 00:00:00-04:00,6.440000057220459,6.510000228881836,6.369999885559082,6.489999771118164,924400,0.0,0.0
2024-03-22 00:00:00-04:00,6.510000228881836,6.53000020980835,6.300000190734863,6.309999942779541,573800,0.0,0.0
2024-03-25 00:00:00-04:00,6.340000152587891,6.409999847412109,6.300000190734863,6.329999923706055,595800,0.0,0.0
2024-03-26 00:00:00-04:00,6.389999866485596,6.389999866485596,6.28000020980835,6.320000171661377,753700,0.0,0.0
2024-03-27 00:00:00-04:00,6.389999866485596,6.519999980926514,6.369999885559082,6.46999979019165,696800,0.0,0.0
2024-03-28 00:00:00-04:00,6.480000019073486,6.53000020980835,6.449999809265137,6.510000228881836,635700,0.0,0.0
2024-04-01 00:00:00-04:00,6.570000171661377,6.570000171661377,6.429999828338623,6.489999771118164,407900,0.0,0.0
2024-04-02 00:00:00-04:00,6.400000095367432,6.409999847412109,6.300000190734863,6.360000133514404,939100,0.0,0.0
2024-04-03 00:00:00-04:00,6.309999942779541,6.380000114440918,6.269999980926514,6.380000114440918,458300,0.0,0.0
2024-04-04 00:00:00-04:00,6.440000057220459,6.460000038146973,6.25,6.260000228881836,951500,0.0,0.0
2024-04-05 00:00:00-04:00,6.269999980926514,6.449999809265137,6.260000228881836,6.449999809265137,786900,0.0,0.0
2024-04-08 00:00:00-04:00,6.5,6.570000171661377,6.449999809265137,6.570000171661377,709800,0.0,0.0
2024-04-09 00:00:00-04:00,6.599999904632568,6.630000114440918,6.510000228881836,6.619999885559082,505500,0.0,0.0
2024-04-10 00:00:00-04:00,6.440000057220459,6.5,6.349999904632568,6.420000076293945,892100,0.0,0.0
2024-04-11 00:00:00-04:00,6.449999809265137,6.610000133514404,6.400000095367432,6.599999904632568,920300,0.0,0.0
2024-04-12 00:00:00-04:00,6.570000171661377,6.579999923706055,6.46999979019165,6.5,505500,0.0,0.0
2024-04-15 00:00:00-04:00,6.539999961853027,6.539999961853027,6.380000114440918,6.420000076293945,629200,0.0,0.0
2024-04-16 00:00:00-04:00,6.400000095367432,6.409999847412109,6.300000190734863,6.340000152587891,552200,0.0,0.0
2024-04-17 00:00:00-04:00,6.380000114440918,6.389999866485596,6.150000095367432,6.170000076293945,653400,0.0,0.0
2024-04-18 00:00:00-04:00,6.159999847412109,6.230000019073486,6.110000133514404,6.139999866485596,629500,0.0,0.0
2024-04-19 00:00:00-04:00,6.130000114440918,6.199999809265137,6.090000152587891,6.150000095367432,505800,0.0,0.0
2024-04-22 00:00:00-04:00,6.190000057220459,6.269999980926514,6.110000133514404,6.260000228881836,727600,0.0,0.0
2024-04-23 00:00:00-04:00,6.260000228881836,6.389999866485596,6.260000228881836,6.369999885559082,614300,0.0,0.0
2024-04-24 00:00:00-04:00,6.320000171661377,6.360000133514404,6.25,6.269999980926514,510400,0.0,0.0
2024-04-25 00:00:00-04:00,6.210000038146973,6.25,6.059999942779541,6.070000171661377,909500,0.0,0.0
2024-04-26 00:00:00-04:00,6.119999885559082,6.179999828338623,6.079999923706055,6.130000114440918,427800,0.0,0.0
2024-04-29 00:00:00-04:00,6.139999866485596,6.179999828338623,6.090000152587891,6.179999828338623,640700,0.0,0.0
2024-04-30 00:00:00-04:00,6.150000095367432,6.150000095367432,5.989999771118164,6.010000228881836,659700,0.0,0.0
2024-05-01 00:00:00-04:00,6.010000228881836,6.139999866485596,5.980000019073486,6.070000171661377,703400,0.0,0.0
2024-05-02 00:00:00-04:00,6.369999885559082,6.440000057220459,6.050000190734863,6.179999828338623,775700,0.0,0.0
2024-05-03 00:00:00-04:00,6.320000171661377,6.369999885559082,6.190000057220459,6.25,454700,0.0,0.0
2024-05-06 00:00:00-04:00,6.289999961853027,6.309999942779541,6.199999809265137,6.199999809265137,378100,0.0,0.0
2024-05-07 00:00:00-04:00,6.239999771118164,6.309999942779541,6.210000038146973,6.269999980926514,776000,0.0,0.0
2024-05-08 00:00:00-04:00,6.190000057220459,6.25,6.019999980926514,6.019999980926514,531200,0.0,0.0
2024-05-09 00:00:00-04:00,6.059999942779541,6.130000114440918,6.019999980926514,6.119999885559082,725200,0.0,0.0
2024-05-10 00:00:00-04:00,6.119999885559082,6.119999885559082,6.03000020980835,6.059999942779541,320800,0.0,0.0
2024-05-13 00:00:00-04:00,6.130000114440918,6.150000095367432,6.0,6.019999980926514,273100,0.0,0.0
2024-05-14 00:00:00-04:00,6.119999885559082,6.159999847412109,6.050000190734863,6.130000114440918,505200,0.0,0.0
2024-05-15 00:00:00-04:00,6.190000057220459,6.190000057220459,6.050000190734863,6.050000190734863,364500,0.0,0.0
2024-05-16 00:00:00-04:00,5.989999771118164,6.090000152587891,5.980000019073486,6.070000171661377,545500,0.0,0.0
2024-05-17 00:00:00-04:00,6.099999904632568,6.099999904632568,5.980000019073486,6.010000228881836,438100,0.0,0.0
2024-05-20 00:00:00-04:00,6.03000020980835,6.039999961853027,6.0,6.0,531800,0.0,0.0
2024-05-21 00:00:00-04:00,5.980000019073486,6.039999961853027,5.980000019073486,6.039999961853027,369500,0.0,0.0
2024-05-22 00:00:00-04:00,6.0,6.070000171661377,6.0,6.03000020980835,350200,0.0,0.0
2024-05-23 00:00:00-04:00,6.039999961853027,6.059999942779541,5.96999979019165,6.019999980926514,861000,0.0,0.0
2024-05-24 00:00:00-04:00,6.059999942779541,6.059999942779541,5.980000019073486,6.019999980926514,440600,0.0,0.0
2024-05-28 00:00:00-04:00,6.039999961853027,6.090000152587891,5.980000019073486,6.019999980926514,389800,0.0,0.0
2024-05-29 00:00:00-04:00,5.940000057220459,6.010000228881836,5.940000057220459,6.0,744900,0.0,0.0
2024-05-30 00:00:00-04:00,6.050000190734863,6.070000171661377,5.980000019073486,6.019999980926514,499100,0.0,0.0
2024-05-31 00:00:00-04:00,6.03000020980835,6.150000095367432,6.019999980926514,6.119999885559082,1757200,0.0,0.0
2024-06-03 00:00:00-04:00,6.260000228881836,6.260000228881836,6.110000133514404,6.170000076293945,563200,0.0,0.0
2024-06-04 00:00:00-04:00,6.119999885559082,6.239999771118164,6.110000133514404,6.110000133514404,465500,0.0,0.0
2024-06-05 00:00:00-04:00,6.119999885559082,6.119999885559082,6.0,6.010000228881836,420400,0.0,0.0
2024-06-06 00:00:00-04:00,6.0,6.110000133514404,5.980000019073486,6.099999904632568,524000,0.0,0.0
2024-06-07 00:00:00-04:00,6.019999980926514,6.079999923706055,5.989999771118164,5.989999771118164,502400,0.0,0.0
2024-06-10 00:00:00-04:00,5.940000057220459,6.019999980926514,5.889999866485596,6.010000228881836,1223500,0.0,0.0
2024-06-11 00:00:00-04:00,5.96999979019165,5.989999771118164,5.880000114440918,5.880000114440918,706400,0.0,0.0
2024-06-12 00:00:00-04:00,6.050000190734863,6.150000095367432,5.909999847412109,5.940000057220459,1075600,0.0,0.0
2024-06-13 00:00:00-04:00,5.949999809265137,5.989999771118164,5.869999885559082,5.900000095367432,622200,0.0,0.0
2024-06-14 00:00:00-04:00,5.840000152587891,5.880000114440918,5.760000228881836,5.809999942779541,594200,0.0,0.0
2024-06-17 00:00:00-04:00,5.75,5.840000152587891,5.730000019073486,5.829999923706055,506700,0.0,0.0
2024-06-18 00:00:00-04:00,5.860000133514404,5.869999885559082,5.75,5.789999961853027,513500,0.0,0.0
2024-06-20 00:00:00-04:00,5.75,5.929999828338623,5.739999771118164,5.920000076293945,477700,0.0,0.0
2024-06-21 00:00:00-04:00,5.949999809265137,6.0,5.820000171661377,5.840000152587891,1820600,0.0,0.0
2024-06-24 00:00:00-04:00,5.880000114440918,5.960000038146973,5.860000133514404,5.889999866485596,364600,0.0,0.0
2024-06-25 00:00:00-04:00,5.860000133514404,5.909999847412109,5.820000171661377,5.860000133514404,386700,0.0,0.0
2024-06-26 00:00:00-04:00,5.809999942779541,5.840000152587891,5.760000228881836,5.760000228881836,536100,0.0,0.0
2024-06-27 00:00:00-04:00,5.760000228881836,5.829999923706055,5.71999979019165,5.820000171661377,427300,0.0,0.0
2024-06-28 00:00:00-04:00,5.849999904632568,6.050000190734863,5.840000152587891,5.989999771118164,1723000,0.0,0.0
