Date,Open,High,Low,Close,Volume,Dividends,Stock Splits
2020-10-21 00:00:00-04:00,241.89999389648438,241.89999389648438,239.0,239.39999389648438,92,0.0,0.0
2020-10-22 00:00:00-04:00,240.0,244.1999969482422,239.75,243.0,48,0.0,0.0
2020-10-23 00:00:00-04:00,240.5,240.5,240.5,240.5,8,0.0,0.0
2020-10-26 00:00:00-04:00,243.25,243.5,241.25,241.25,328,0.0,0.0
2020-10-27 00:00:00-04:00,242.75,242.75,241.5,241.5,68,0.0,0.0
2020-10-28 00:00:00-04:00,241.5,241.5,241.5,241.5,0,0.0,0.0
2020-10-29 00:00:00-04:00,245.25,245.25,242.5,242.5,2012,0.0,0.0
2020-10-30 00:00:00-04:00,240.75,242.5,240.5,242.0,13524,0.0,0.0
2020-11-02 00:00:00-05:00,241.25,242.5,241.25,242.5,128,0.0,0.0
2020-11-03 00:00:00-05:00,241.25,242.5,241.25,242.0,1572,0.0,0.0
2020-11-04 00:00:00-05:00,242.25,243.25,242.25,242.75,8024,0.0,0.0
2020-11-05 00:00:00-05:00,243.25,243.75,243.0,243.25,11096,0.0,0.0
2020-11-06 00:00:00-05:00,243.0,243.0,243.0,243.0,168,0.0,0.0
2020-11-09 00:00:00-05:00,243.0,243.0,242.75,242.75,23184,0.0,0.0
2020-11-10 00:00:00-05:00,243.25,243.75,243.0,243.0,9568,0.0,0.0
2020-11-11 00:00:00-05:00,242.75,243.125,242.75,243.125,80,0.0,0.0
2020-11-12 00:00:00-05:00,242.25,243.75,242.25,243.75,32,0.0,0.0
2020-11-13 00:00:00-05:00,243.25,243.75,243.25,243.75,11004,0.0,0.0
2020-11-16 00:00:00-05:00,243.75,243.75,243.75,243.75,1600,0.0,0.0
2020-11-17 00:00:00-05:00,243.75,243.75,243.4499969482422,243.75,37236,0.0,0.0
2020-11-18 00:00:00-05:00,244.0,244.25,243.75,244.25,148,0.0,0.0
2020-11-19 00:00:00-05:00,244.5,245.5,244.5,245.25,4284,0.0,0.0
2020-11-20 00:00:00-05:00,245.0,246.0,245.0,246.0,60,0.0,0.0
2020-11-23 00:00:00-05:00,246.0,246.0,245.0,245.0,108,0.0,0.0
2020-11-24 00:00:00-05:00,247.0,249.75,245.0,245.5,416,0.0,0.0
2020-11-25 00:00:00-05:00,245.0,245.0,245.0,245.0,36,0.0,0.0
2020-11-27 00:00:00-05:00,247.5,247.5,247.0,247.5,328,0.0,0.0
2020-11-30 00:00:00-05:00,249.5,249.5,245.0,248.75,112,0.0,0.0
2020-12-01 00:00:00-05:00,248.25,248.25,244.0,247.25,176,0.0,0.0
2020-12-02 00:00:00-05:00,247.25,249.75,245.0,247.25,444,0.0,0.0
2020-12-03 00:00:00-05:00,245.5,247.25,245.25,246.4499969482422,132,0.0,0.0
2020-12-04 00:00:00-05:00,245.5,249.0,245.0,249.0,256,0.0,0.0
2020-12-07 00:00:00-05:00,249.5,249.5,245.9499969482422,248.25,564,0.0,0.0
2020-12-08 00:00:00-05:00,248.0,248.5,246.25,246.25,752,0.0,0.0
2020-12-09 00:00:00-05:00,246.25,248.5500030517578,246.25,248.0,8624,0.0,0.0
2020-12-10 00:00:00-05:00,248.0,248.75,247.0,247.0,1388,0.0,0.0
2020-12-11 00:00:00-05:00,250.5,257.5,248.5,252.5,4780,0.0,0.0
2020-12-14 00:00:00-05:00,251.75,262.25,248.5,251.25,2712,0.0,0.0
2020-12-15 00:00:00-05:00,249.0,250.75,249.0,250.0,584,0.0,0.0
2020-12-16 00:00:00-05:00,250.0,254.60000610351562,249.25,250.25,2272,0.0,0.0
2020-12-17 00:00:00-05:00,251.25,251.25,251.25,251.25,24,0.0,0.0
2020-12-18 00:00:00-05:00,250.3000030517578,251.0,249.25,249.25,4424,0.0,0.0
2020-12-21 00:00:00-05:00,249.5,249.5,248.25,248.25,664,0.0,0.0
2020-12-22 00:00:00-05:00,249.5,249.75,248.5,248.5,808,0.0,0.0
2020-12-23 00:00:00-05:00,250.5,253.75,249.77499389648438,251.25,2088,0.0,0.0
2020-12-24 00:00:00-05:00,251.25,253.0,251.0,252.5,868,0.0,0.0
2020-12-28 00:00:00-05:00,256.25,257.8500061035156,251.25,252.0,16788,0.0,0.0
2020-12-29 00:00:00-05:00,251.0,253.0,251.0,251.5,980,0.0,0.0
2020-12-30 00:00:00-05:00,252.75,254.25,250.6999969482422,252.75,20964,0.0,0.0
2020-12-31 00:00:00-05:00,252.75,254.5,252.0,252.0,2864,0.0,0.0
2021-01-04 00:00:00-05:00,252.0,261.0,252.0,253.75,9340,0.0,0.0
2021-01-05 00:00:00-05:00,255.0,256.25,252.5,252.5,448,0.0,0.0
2021-01-06 00:00:00-05:00,253.75,254.25,252.5,253.375,2456,0.0,0.0
2021-01-07 00:00:00-05:00,253.5,254.75,253.0,254.5,820,0.0,0.0
2021-01-08 00:00:00-05:00,255.5,257.25,254.75,255.0,3136,0.0,0.0
2021-01-11 00:00:00-05:00,256.25,259.0,254.60000610351562,255.75,2000,0.0,0.0
2021-01-12 00:00:00-05:00,255.75,259.0,255.25,256.25,2344,0.0,0.0
2021-01-13 00:00:00-05:00,257.5,258.75,256.75,258.0,2640,0.0,0.0
2021-01-14 00:00:00-05:00,261.5,266.0,255.0,260.0,1972,0.0,0.0
2021-01-15 00:00:00-05:00,260.5,260.5,256.25,258.75,6304,0.0,0.0
2021-01-19 00:00:00-05:00,261.0,262.5,257.5,261.0,5776,0.0,0.0
2021-01-20 00:00:00-05:00,261.25,261.25,257.0,261.0,3428,0.0,0.0
2021-01-21 00:00:00-05:00,261.25,263.0,259.25,263.0,3532,0.0,0.0
2021-01-22 00:00:00-05:00,262.5,263.0,260.5,261.5,13364,0.0,0.0
2021-01-25 00:00:00-05:00,267.5,268.75,259.0,261.25,18852,0.0,0.0
2021-01-26 00:00:00-05:00,259.5,261.75,255.0,258.25,4564,0.0,0.0
2021-01-27 00:00:00-05:00,256.0,257.5,253.875,255.5,13452,0.0,0.0
2021-01-28 00:00:00-05:00,255.5,261.25,253.5,260.0,1340,0.0,0.0
2021-01-29 00:00:00-05:00,260.0,260.0,254.5,254.75,13112,0.0,0.0
2021-02-01 00:00:00-05:00,254.25,259.75,254.25,258.75,4316,0.0,0.0
2021-02-02 00:00:00-05:00,260.0,260.0,258.75,259.5,2604,0.0,0.0
2021-02-03 00:00:00-05:00,261.5,280.0,258.75,261.25,2408,0.0,0.0
2021-02-04 00:00:00-05:00,262.5,267.5,262.25,266.0,2348,0.0,0.0
2021-02-05 00:00:00-05:00,264.75,272.5,261.5,264.5,7272,0.0,0.0
2021-02-08 00:00:00-05:00,266.0,266.0,260.75,263.0,4600,0.0,0.0
2021-02-09 00:00:00-05:00,264.5,269.5,264.0,267.5,6392,0.0,0.0
2021-02-10 00:00:00-05:00,295.0,295.0,263.0,263.75,3692,0.0,0.0
2021-02-11 00:00:00-05:00,265.0,266.0,262.0,263.5,2668,0.0,0.0
2021-02-12 00:00:00-05:00,260.25,264.75,260.25,263.0,276,0.0,0.0
2021-02-16 00:00:00-05:00,263.0,265.5,260.5,261.5,1048,0.0,0.0
2021-02-17 00:00:00-05:00,262.75,262.75,259.0,261.25,1720,0.0,0.0
2021-02-18 00:00:00-05:00,260.0,268.25,259.0,268.25,1560,0.0,0.0
2021-02-19 00:00:00-05:00,272.0,272.0,263.25,264.0,3032,0.0,0.0
2021-02-22 00:00:00-05:00,267.0,267.0,262.5,262.5,244,0.0,0.0
2021-02-23 00:00:00-05:00,255.5,264.2250061035156,255.5,258.25,12212,0.0,0.0
2021-02-24 00:00:00-05:00,256.75,264.92498779296875,256.25,258.5,1396,0.0,0.0
2021-02-25 00:00:00-05:00,260.75,261.75,256.0,257.25,3100,0.0,0.0
2021-02-26 00:00:00-05:00,256.5,262.0,256.25,262.0,3556,0.0,0.0
2021-03-01 00:00:00-05:00,260.5,260.5,256.25,258.0,2408,0.0,0.0
2021-03-02 00:00:00-05:00,256.5,256.5,252.5,255.0,3276,0.0,0.0
2021-03-03 00:00:00-05:00,256.8500061035156,256.8500061035156,248.75,250.0,948,0.0,0.0
2021-03-04 00:00:00-05:00,250.25,252.25,249.75,250.5,7360,0.0,0.0
2021-03-05 00:00:00-05:00,250.0,252.5,248.75,250.0,8976,0.0,0.0
2021-03-08 00:00:00-05:00,259.25,259.25,250.5,252.5,384,0.0,0.0
2021-03-09 00:00:00-05:00,250.0,252.25,249.5,249.5,10320,0.0,0.0
2021-03-10 00:00:00-05:00,249.875,251.5,248.25,249.0,13808,0.0,0.0
2021-03-11 00:00:00-05:00,248.75,249.75,248.0,248.0,1244,0.0,0.0
2021-03-12 00:00:00-05:00,247.75,248.125,244.375,246.5,3240,0.0,0.0
2021-03-15 00:00:00-04:00,247.5,247.5,243.0,245.25,16876,0.0,0.0
2021-03-16 00:00:00-04:00,244.5,245.5,244.5,244.75,11384,0.0,0.0
2021-03-17 00:00:00-04:00,246.0,248.0,244.75,247.0,556,0.0,0.0
2021-03-18 00:00:00-04:00,246.5,246.5,245.25,245.75,236,0.0,0.0
2021-03-19 00:00:00-04:00,245.5,246.75,245.25,246.75,3996,0.0,0.0
2021-03-22 00:00:00-04:00,246.75,246.75,245.25,245.25,676,0.0,0.0
2021-03-23 00:00:00-04:00,245.5,246.125,245.25,245.25,2728,0.0,0.0
2021-03-24 00:00:00-04:00,245.25,245.5,244.5,244.5,4404,0.0,0.0
2021-03-25 00:00:00-04:00,244.25,246.25,243.75,244.75,3248,0.0,0.0
2021-03-26 00:00:00-04:00,245.25,247.35000610351562,245.25,245.5,2116,0.0,0.0
2021-03-29 00:00:00-04:00,245.25,246.25,244.25,245.25,1180,0.0,0.0
2021-03-30 00:00:00-04:00,246.14999389648438,247.75,245.5,247.75,1528,0.0,0.0
2021-03-31 00:00:00-04:00,248.5,248.5,245.25,245.5,1692,0.0,0.0
2021-04-01 00:00:00-04:00,246.75,249.5,246.5,246.5,1316,0.0,0.0
2021-04-05 00:00:00-04:00,247.75,248.75,246.5,247.5,164,0.0,0.0
2021-04-06 00:00:00-04:00,246.625,246.625,246.5,246.5,40,0.0,0.0
2021-04-07 00:00:00-04:00,246.5,247.75,246.25,246.75,596,0.0,0.0
2021-04-08 00:00:00-04:00,248.75,248.75,246.75,248.25,164,0.0,0.0
2021-04-09 00:00:00-04:00,247.5,247.5,247.0,247.5,476,0.0,0.0
2021-04-12 00:00:00-04:00,246.75,248.25,246.5,248.25,68,0.0,0.0
2021-04-13 00:00:00-04:00,247.5,248.25,246.5,248.25,376,0.0,0.0
2021-04-14 00:00:00-04:00,247.5,248.0,246.5,247.5,468,0.0,0.0
2021-04-15 00:00:00-04:00,246.75,247.0,246.5,246.5,180,0.0,0.0
2021-04-16 00:00:00-04:00,246.25,247.5,246.25,247.5,2548,0.0,0.0
2021-04-19 00:00:00-04:00,246.25,247.25,246.25,247.25,88,0.0,0.0
2021-04-20 00:00:00-04:00,245.25,247.0,244.0,245.75,828,0.0,0.0
2021-04-21 00:00:00-04:00,245.25,246.5,245.0,245.75,1164,0.0,0.0
2021-04-22 00:00:00-04:00,245.5,246.75,245.5,246.25,280,0.0,0.0
2021-04-23 00:00:00-04:00,245.75,246.75,245.75,246.25,488,0.0,0.0
2021-04-26 00:00:00-04:00,246.25,247.25,245.75,246.25,1700,0.0,0.0
2021-04-27 00:00:00-04:00,246.75,248.75,246.25,247.25,1892,0.0,0.0
2021-04-28 00:00:00-04:00,247.25,247.25,247.25,247.25,0,0.0,0.0
2021-04-29 00:00:00-04:00,248.25,248.5,246.0,247.25,388,0.0,0.0
2021-04-30 00:00:00-04:00,247.5,247.5,247.5,247.5,40,0.0,0.0
2021-05-03 00:00:00-04:00,247.5,248.0,245.5,247.5,4576,0.0,0.0
2021-05-04 00:00:00-04:00,245.5,247.0,245.5,246.25,128,0.0,0.0
2021-05-05 00:00:00-04:00,246.0,246.5,246.0,246.25,2236,0.0,0.0
2021-05-06 00:00:00-04:00,246.25,246.5,246.0,246.5,656,0.0,0.0
2021-05-07 00:00:00-04:00,246.5,246.5,246.0,246.25,204,0.0,0.0
2021-05-10 00:00:00-04:00,246.25,246.25,246.0,246.0,1628,0.0,0.0
2021-05-11 00:00:00-04:00,245.75,246.5,245.5,245.75,4304,0.0,0.0
2021-05-12 00:00:00-04:00,245.625,245.625,245.5,245.5,792,0.0,0.0
2021-05-13 00:00:00-04:00,245.5,245.52499389648438,245.25,245.25,1496,0.0,0.0
2021-05-14 00:00:00-04:00,245.0,246.0,245.0,245.5,268,0.0,0.0
2021-05-17 00:00:00-04:00,244.5,245.5,244.5,245.0,2016,0.0,0.0
2021-05-18 00:00:00-04:00,245.0,245.85000610351562,245.0,245.75,412,0.0,0.0
2021-05-19 00:00:00-04:00,245.25,245.25,245.0,245.0,64,0.0,0.0
2021-05-20 00:00:00-04:00,247.0,247.0,243.75,245.0,1456,0.0,0.0
2021-05-21 00:00:00-04:00,244.75,245.0,244.75,245.0,1352,0.0,0.0
2021-05-24 00:00:00-04:00,244.75,246.0,244.75,245.375,144,0.0,0.0
2021-05-25 00:00:00-04:00,245.25,245.5,244.75,245.0,1072,0.0,0.0
2021-05-26 00:00:00-04:00,245.75,246.125,245.25,246.0,1128,0.0,0.0
2021-05-27 00:00:00-04:00,245.5,246.0,245.5,245.75,4488,0.0,0.0
2021-05-28 00:00:00-04:00,250.0,250.0,246.0,246.0,344,0.0,0.0
2021-06-01 00:00:00-04:00,247.0,248.0,246.0,246.25,432,0.0,0.0
2021-06-02 00:00:00-04:00,246.0,246.0,245.75,246.0,416,0.0,0.0
2021-06-03 00:00:00-04:00,245.75,246.25,245.75,246.25,2280,0.0,0.0
2021-06-04 00:00:00-04:00,246.25,247.125,246.25,247.0,20496,0.0,0.0
2021-06-07 00:00:00-04:00,245.25,246.75,245.25,246.25,644,0.0,0.0
2021-06-08 00:00:00-04:00,246.25,247.5,246.25,247.5,36,0.0,0.0
2021-06-09 00:00:00-04:00,248.5,248.5,246.25,246.25,1980,0.0,0.0
2021-06-10 00:00:00-04:00,246.25,246.75,246.25,246.75,164,0.0,0.0
2021-06-11 00:00:00-04:00,246.75,247.125,246.25,246.5,8996,0.0,0.0
2021-06-14 00:00:00-04:00,246.75,247.0,246.5,246.75,120,0.0,0.0
2021-06-15 00:00:00-04:00,246.75,247.0,246.5,246.75,512,0.0,0.0
2021-06-16 00:00:00-04:00,247.0,247.0,246.25,246.25,1144,0.0,0.0
2021-06-17 00:00:00-04:00,246.5,246.5,246.25,246.5,272,0.0,0.0
2021-06-18 00:00:00-04:00,246.5,246.75,246.5,246.5,240,0.0,0.0
2021-06-21 00:00:00-04:00,246.875,247.0,246.5,246.5,208,0.0,0.0
2021-06-22 00:00:00-04:00,246.5,246.75,246.5,246.75,204,0.0,0.0
2021-06-23 00:00:00-04:00,246.75,246.75,246.75,246.75,2300,0.0,0.0
2021-06-24 00:00:00-04:00,246.75,247.0,246.75,246.75,472,0.0,0.0
2021-06-25 00:00:00-04:00,246.25,246.5,246.25,246.25,2172,0.0,0.0
2021-06-28 00:00:00-04:00,246.25,246.3249969482422,245.25,245.75,792,0.0,0.0
2021-06-29 00:00:00-04:00,246.25,246.25,246.25,246.25,64,0.0,0.0
2021-06-30 00:00:00-04:00,246.75,246.875,246.75,246.75,152,0.0,0.0
2021-07-01 00:00:00-04:00,246.75,246.75,246.25,246.25,200,0.0,0.0
2021-07-02 00:00:00-04:00,246.5,246.52499389648438,246.5,246.52499389648438,72,0.0,0.0
2021-07-06 00:00:00-04:00,245.75,246.25,245.75,246.0,212,0.0,0.0
2021-07-07 00:00:00-04:00,246.1750030517578,260.0,246.1750030517578,247.5,4400,0.0,0.0
2021-07-08 00:00:00-04:00,247.5,247.5,246.5,247.25,848,0.0,0.0
2021-07-09 00:00:00-04:00,249.25,249.25,246.5,247.25,1304,0.0,0.0
2021-07-12 00:00:00-04:00,249.5,253.25,247.75,251.0,578852,0.0,0.0
2021-07-13 00:00:00-04:00,251.0,252.0,249.5,252.0,59904,0.0,0.0
2021-07-14 00:00:00-04:00,252.0,252.5,249.5,250.0,24388,0.0,0.0
2021-07-15 00:00:00-04:00,249.75,250.75,248.375,249.75,4456,0.0,0.0
2021-07-16 00:00:00-04:00,250.0,250.0,249.5,249.75,3348,0.0,0.0
2021-07-19 00:00:00-04:00,250.0,250.0,247.5,249.5,2880,0.0,0.0
2021-07-20 00:00:00-04:00,248.75,249.25,248.25,248.75,14908,0.0,0.0
2021-07-21 00:00:00-04:00,248.75,249.25,247.25,247.75,28756,0.0,0.0
2021-07-22 00:00:00-04:00,247.25,248.5,247.25,248.25,944,0.0,0.0
2021-07-23 00:00:00-04:00,248.25,249.25,247.75,248.5,2812,0.0,0.0
2021-07-26 00:00:00-04:00,247.75,248.25,246.25,246.75,5936,0.0,0.0
2021-07-27 00:00:00-04:00,246.5,247.25,246.25,246.375,2640,0.0,0.0
2021-07-28 00:00:00-04:00,246.25,246.375,244.75,246.0,32000,0.0,0.0
2021-07-29 00:00:00-04:00,245.75,246.25,244.5,245.0,2576,0.0,0.0
2021-07-30 00:00:00-04:00,245.0,246.0,244.75,244.75,7964,0.0,0.0
2021-08-02 00:00:00-04:00,245.0,245.0,244.75,245.0,1432,0.0,0.0
2021-08-03 00:00:00-04:00,244.75,245.0,244.75,245.0,592,0.0,0.0
2021-08-04 00:00:00-04:00,244.75,245.25,244.75,244.75,2224,0.0,0.0
2021-08-05 00:00:00-04:00,244.75,245.25,244.75,245.25,9608,0.0,0.0
2021-08-06 00:00:00-04:00,244.75,245.75,244.75,245.5,1400,0.0,0.0
2021-08-09 00:00:00-04:00,245.25,245.52499389648438,245.0,245.0,5812,0.0,0.0
2021-08-10 00:00:00-04:00,245.0,246.5,245.0,246.5,8752,0.0,0.0
2021-08-11 00:00:00-04:00,246.5,246.5,246.0,246.5,1084,0.0,0.0
2021-08-12 00:00:00-04:00,246.0,246.5,246.0,246.0,11852,0.0,0.0
2021-08-13 00:00:00-04:00,246.625,247.0,246.1750030517578,246.75,40,0.0,0.0
2021-08-16 00:00:00-04:00,246.0,247.0,246.0,246.5,1860,0.0,0.0
2021-08-17 00:00:00-04:00,247.0,247.75,246.0,247.5,17328,0.0,0.0
2021-08-18 00:00:00-04:00,246.5,247.5,246.0,247.25,864,0.0,0.0
2021-08-19 00:00:00-04:00,247.6999969482422,248.0,247.5,247.5,40,0.0,0.0
2021-08-20 00:00:00-04:00,247.375,247.5,247.0,247.5,164,0.0,0.0
2021-08-23 00:00:00-04:00,247.25,247.5,247.0,247.0,320,0.0,0.0
2021-08-24 00:00:00-04:00,247.0,247.5,246.75,246.75,936,0.0,0.0
2021-08-25 00:00:00-04:00,248.0,248.0,248.0,248.0,24,0.0,0.0
2021-08-26 00:00:00-04:00,247.25,247.5,246.75,247.5,12148,0.0,0.0
2021-08-27 00:00:00-04:00,247.5,248.0,247.0,247.5,1396,0.0,0.0
2021-08-30 00:00:00-04:00,247.25,247.5,247.0,247.25,308,0.0,0.0
2021-08-31 00:00:00-04:00,247.75,247.75,246.25,246.75,12876,0.0,0.0
2021-09-01 00:00:00-04:00,247.0,247.75,246.5,246.5,5032,0.0,0.0
2021-09-02 00:00:00-04:00,247.125,247.75,247.0,247.25,63060,0.0,0.0
2021-09-03 00:00:00-04:00,247.27499389648438,248.25,247.0,247.5,4472,0.0,0.0
2021-09-07 00:00:00-04:00,247.75,248.0,247.75,247.75,668,0.0,0.0
2021-09-08 00:00:00-04:00,247.75,247.875,247.5,247.75,5488,0.0,0.0
2021-09-09 00:00:00-04:00,248.0,248.0,247.5,248.0,964,0.0,0.0
2021-09-10 00:00:00-04:00,247.75,247.75,247.75,247.75,252,0.0,0.0
2021-09-13 00:00:00-04:00,247.5,247.875,247.5,247.75,360,0.0,0.0
2021-09-14 00:00:00-04:00,247.5,248.0,247.5,247.625,2700,0.0,0.0
2021-09-15 00:00:00-04:00,247.25,247.5500030517578,247.25,247.25,64,0.0,0.0
2021-09-16 00:00:00-04:00,247.75,248.0,247.25,248.0,12096,0.0,0.0
2021-09-17 00:00:00-04:00,247.75,248.0,247.5,248.0,844,0.0,0.0
2021-09-20 00:00:00-04:00,248.0,248.0,247.5,248.0,6092,0.0,0.0
2021-09-21 00:00:00-04:00,248.25,248.25,247.75,248.25,2172,0.0,0.0
2021-09-22 00:00:00-04:00,248.0,248.25,247.75,248.0,1108,0.0,0.0
2021-09-23 00:00:00-04:00,248.25,248.25,247.75,248.25,436,0.0,0.0
2021-09-24 00:00:00-04:00,248.25,248.25,248.0,248.25,596,0.0,0.0
2021-09-27 00:00:00-04:00,248.25,248.25,248.25,248.25,1320,0.0,0.0
2021-09-28 00:00:00-04:00,248.0,248.5,247.0,247.0,3768,0.0,0.0
2021-09-29 00:00:00-04:00,247.0,248.5,247.0,247.5,204,0.0,0.0
2021-09-30 00:00:00-04:00,248.25,248.5,247.25,247.75,5512,0.0,0.0
2021-10-01 00:00:00-04:00,248.5,248.75,247.75,248.75,2384,0.0,0.0
2021-10-04 00:00:00-04:00,248.75,248.75,248.0,248.5,100,0.0,0.0
2021-10-05 00:00:00-04:00,248.0,248.0,247.5,247.5,588,0.0,0.0
2021-10-06 00:00:00-04:00,247.5,247.5,247.5,247.5,20,0.0,0.0
2021-10-07 00:00:00-04:00,248.47500610351562,248.47500610351562,248.125,248.125,20,0.0,0.0
2021-10-08 00:00:00-04:00,247.75,248.25,247.75,247.75,240,0.0,0.0
2021-10-11 00:00:00-04:00,248.5,248.5,247.75,247.75,8612,0.0,0.0
2021-10-12 00:00:00-04:00,248.75,248.75,247.9499969482422,248.47500610351562,64,0.0,0.0
2021-10-13 00:00:00-04:00,248.3249969482422,248.3249969482422,248.25,248.25,72,0.0,0.0
2021-10-14 00:00:00-04:00,248.0,248.0,247.875,248.0,2376,0.0,0.0
2021-10-15 00:00:00-04:00,248.0,248.25,247.75,248.0,7300,0.0,0.0
2021-10-18 00:00:00-04:00,248.0,248.0,248.0,248.0,20,0.0,0.0
2021-10-19 00:00:00-04:00,248.0,248.25,248.0,248.25,7692,0.0,0.0
2021-10-20 00:00:00-04:00,248.25,248.25,248.0,248.0,56,0.0,0.0
2021-10-21 00:00:00-04:00,248.25,248.5,248.0,248.5,216,0.0,0.0
2021-10-22 00:00:00-04:00,248.5,248.5,248.0,248.0,576,0.0,0.0
2021-10-25 00:00:00-04:00,248.25,248.5,248.25,248.5,140,0.0,0.0
2021-10-26 00:00:00-04:00,248.5,248.75,248.25,248.60000610351562,44,0.0,0.0
2021-10-27 00:00:00-04:00,248.25,248.5,248.0,248.5,480,0.0,0.0
2021-10-28 00:00:00-04:00,248.75,248.75,248.25,248.25,4256,0.0,0.0
2021-10-29 00:00:00-04:00,248.75,249.25,248.25,249.0,1036,0.0,0.0
2021-11-01 00:00:00-04:00,249.0,249.25,248.75,249.25,1044,0.0,0.0
2021-11-02 00:00:00-04:00,248.5,248.75,248.5,248.5,300,0.0,0.0
2021-11-03 00:00:00-04:00,249.5,249.5,248.75,248.75,388,0.0,0.0
2021-11-04 00:00:00-04:00,248.25,248.75,248.25,248.5,512,0.0,0.0
2021-11-05 00:00:00-04:00,248.5,249.1999969482422,248.5,248.75,952,0.0,0.0
2021-11-08 00:00:00-05:00,249.0,249.5,249.0,249.5,640,0.0,0.0
2021-11-09 00:00:00-05:00,249.5,249.5,248.75,249.5,220,0.0,0.0
2021-11-10 00:00:00-05:00,249.3249969482422,249.3249969482422,248.25,248.5,1016,0.0,0.0
2021-11-11 00:00:00-05:00,248.3000030517578,248.75,248.3000030517578,248.75,36,0.0,0.0
2021-11-12 00:00:00-05:00,248.75,249.25,248.5,249.25,660,0.0,0.0
2021-11-15 00:00:00-05:00,249.5,249.5,248.75,249.25,260,0.0,0.0
2021-11-16 00:00:00-05:00,250.0,250.0,249.0,249.0,1884,0.0,0.0
2021-11-17 00:00:00-05:00,249.75,249.75,248.75,249.25,632,0.0,0.0
2021-11-18 00:00:00-05:00,248.75,248.75,248.25,248.5,860,0.0,0.0
2021-11-19 00:00:00-05:00,249.0,249.0,248.5,248.5,436,0.0,0.0
2021-11-22 00:00:00-05:00,248.75,248.75,248.5,248.5,4300,0.0,0.0
2021-11-23 00:00:00-05:00,248.75,248.75,248.5,248.75,320,0.0,0.0
2021-11-24 00:00:00-05:00,248.5,248.97500610351562,248.5,248.75,6588,0.0,0.0
2021-11-26 00:00:00-05:00,248.5,248.5,248.5,248.5,40,0.0,0.0
2021-11-29 00:00:00-05:00,248.75,249.75,248.5,249.75,7084,0.0,0.0
2021-11-30 00:00:00-05:00,249.0,249.75,249.0,249.25,5304,0.0,0.0
2021-12-01 00:00:00-05:00,249.25,249.25,249.0,249.0,2052,0.0,0.0
2021-12-02 00:00:00-05:00,248.75,248.75,247.25,248.5,5384,0.0,0.0
2021-12-03 00:00:00-05:00,248.5,249.0,248.5,248.625,688,0.0,0.0
2021-12-06 00:00:00-05:00,249.0,249.125,249.0,249.125,344,0.0,0.0
2021-12-07 00:00:00-05:00,249.25,249.25,248.5,248.5,3888,0.0,0.0
2021-12-08 00:00:00-05:00,248.5,248.75,248.5,248.75,148,0.0,0.0
2021-12-09 00:00:00-05:00,248.75,248.75,248.25,248.5,2468,0.0,0.0
2021-12-10 00:00:00-05:00,248.75,248.75,248.75,248.75,24,0.0,0.0
2021-12-13 00:00:00-05:00,248.75,248.75,248.25,248.75,11876,0.0,0.0
2021-12-14 00:00:00-05:00,248.75,248.75,248.25,248.5,10140,0.0,0.0
2021-12-15 00:00:00-05:00,248.5,248.5,248.5,248.5,26344,0.0,0.0
2021-12-16 00:00:00-05:00,248.5,248.75,248.5,248.5,34276,0.0,0.0
2021-12-17 00:00:00-05:00,248.25,248.75,248.0,248.0,12956,0.0,0.0
2021-12-20 00:00:00-05:00,248.5,248.5,248.5,248.5,368,0.0,0.0
2021-12-21 00:00:00-05:00,248.5,248.5,248.5,248.5,476,0.0,0.0
2021-12-22 00:00:00-05:00,248.5,248.5,248.5,248.5,0,0.0,0.0
2021-12-23 00:00:00-05:00,248.5,248.5,248.5,248.5,0,0.0,0.0
2021-12-27 00:00:00-05:00,248.75,248.8000030517578,248.75,248.8000030517578,112,0.0,0.0
2021-12-28 00:00:00-05:00,248.75,249.0,248.75,249.0,132,0.0,0.0
2021-12-29 00:00:00-05:00,248.5,248.75,248.5,248.75,28,0.0,0.0
2021-12-30 00:00:00-05:00,248.75,248.75,248.75,248.75,16,0.0,0.0
2021-12-31 00:00:00-05:00,248.75,249.0,248.75,249.0,4188,0.0,0.0
2022-01-03 00:00:00-05:00,249.0,249.25,249.0,249.0,4760,0.0,0.0
2022-01-04 00:00:00-05:00,249.25,249.25,249.0,249.0,60,0.0,0.0
2022-01-05 00:00:00-05:00,249.5,249.5,249.375,249.5,6928,0.0,0.0
2022-01-06 00:00:00-05:00,249.5,250.25,249.5,249.5,10964,0.0,0.0
2022-01-07 00:00:00-05:00,249.5,249.75,249.5,249.75,772,0.0,0.0
2022-01-10 00:00:00-05:00,249.25,249.75,249.25,249.25,312,0.0,0.0
2022-01-11 00:00:00-05:00,249.5,249.72500610351562,249.5,249.5,1220,0.0,0.0
2022-01-12 00:00:00-05:00,249.5,249.75,249.5,249.75,36,0.0,0.0
2022-01-13 00:00:00-05:00,249.5,249.5,249.5,249.5,900,0.0,0.0
2022-01-14 00:00:00-05:00,249.5,249.625,249.5,249.5500030517578,1244,0.0,0.0
2022-01-18 00:00:00-05:00,250.0,250.0,249.5,249.75,2216,0.0,0.0
2022-01-19 00:00:00-05:00,250.0,250.0,249.5,250.0,844,0.0,0.0
2022-01-20 00:00:00-05:00,249.75,249.75,249.5,249.5,3660,0.0,0.0
2022-01-21 00:00:00-05:00,249.5,249.75,249.5,249.75,11916,0.0,0.0
2022-01-24 00:00:00-05:00,250.0,250.0,249.25,250.0,17220,0.0,0.0
2022-01-25 00:00:00-05:00,250.0,250.25,249.5,249.75,200,0.0,0.0
2022-01-26 00:00:00-05:00,250.5,250.5,250.47500610351562,250.5,52,0.0,0.0
2022-01-27 00:00:00-05:00,249.875,249.875,249.25,249.75,468,0.0,0.0
2022-01-28 00:00:00-05:00,250.75,251.75,250.0,250.5,12444,0.0,0.0
2022-01-31 00:00:00-05:00,251.25,251.75,250.0,250.5,36008,0.0,0.0
2022-02-01 00:00:00-05:00,251.25,251.375,250.875,250.875,4384,0.0,0.0
2022-02-02 00:00:00-05:00,250.5,251.5,250.5,250.625,2172,0.0,0.0
2022-02-03 00:00:00-05:00,250.5,251.25,250.5,251.25,844,0.0,0.0
2022-02-04 00:00:00-05:00,250.5,250.5,250.5,250.5,12,0.0,0.0
2022-02-07 00:00:00-05:00,250.75,251.25,250.5,250.5,3428,0.0,0.0
2022-02-08 00:00:00-05:00,250.75,251.0,250.75,251.0,2964,0.0,0.0
2022-02-09 00:00:00-05:00,250.75,251.0,250.75,250.75,3752,0.0,0.0
2022-02-10 00:00:00-05:00,250.5500030517578,251.0,250.0,250.5,1660,0.0,0.0
2022-02-11 00:00:00-05:00,250.0,250.25,250.0,250.0,1140,0.0,0.0
2022-02-14 00:00:00-05:00,250.0,251.0,250.0,250.75,4180,0.0,0.0
2022-02-15 00:00:00-05:00,250.5,251.0,250.5,250.75,2020,0.0,0.0
2022-02-16 00:00:00-05:00,251.25,251.25,250.25,250.8249969482422,52,0.0,0.0
2022-02-17 00:00:00-05:00,250.25,250.25,250.25,250.25,56,0.0,0.0
2022-02-18 00:00:00-05:00,250.0,250.0,250.0,250.0,4,0.0,0.0
2022-02-22 00:00:00-05:00,250.25,250.25,250.25,250.25,240,0.0,0.0
2022-02-23 00:00:00-05:00,250.72500610351562,251.0,250.4250030517578,250.75,1972,0.0,0.0
2022-02-24 00:00:00-05:00,251.0,251.0,250.75,251.0,2132,0.0,0.0
2022-02-25 00:00:00-05:00,250.75,250.75,250.75,250.75,44,0.0,0.0
2022-02-28 00:00:00-05:00,251.02499389648438,251.02499389648438,250.5,250.75,6960,0.0,0.0
2022-03-01 00:00:00-05:00,250.75,250.75,250.5,250.75,2364,0.0,0.0
2022-03-02 00:00:00-05:00,250.5,251.5,250.5,251.5,7716,0.0,0.0
2022-03-03 00:00:00-05:00,251.0,251.0,250.625,250.75,776,0.0,0.0
2022-03-04 00:00:00-05:00,252.375,252.375,250.5,250.52499389648438,148,0.0,0.0
2022-03-07 00:00:00-05:00,250.5749969482422,251.25,250.5749969482422,251.0,476,0.0,0.0
2022-03-08 00:00:00-05:00,251.75,251.75,251.75,251.75,8,0.0,0.0
2022-03-09 00:00:00-05:00,250.75,251.0,250.5,251.0,1116,0.0,0.0
2022-03-10 00:00:00-05:00,251.25,251.25,251.25,251.25,20,0.0,0.0
2022-03-11 00:00:00-05:00,250.875,251.25,250.875,251.25,804,0.0,0.0
2022-03-14 00:00:00-04:00,251.5,251.5,250.77499389648438,251.0,64,0.0,0.0
2022-03-15 00:00:00-04:00,251.625,251.625,250.75,250.75,40,0.0,0.0
2022-03-16 00:00:00-04:00,251.0,251.25,250.75,251.25,3680,0.0,0.0
2022-03-17 00:00:00-04:00,251.0,251.5,251.0,251.25,44,0.0,0.0
2022-03-18 00:00:00-04:00,251.25,251.25,251.0,251.0,120,0.0,0.0
2022-03-21 00:00:00-04:00,251.0,251.5,251.0,251.0,552,0.0,0.0
2022-03-22 00:00:00-04:00,251.5,252.5,251.5,252.0,2460,0.0,0.0
2022-03-23 00:00:00-04:00,251.25,251.5,251.0749969482422,251.5,2856,0.0,0.0
2022-03-24 00:00:00-04:00,251.5,251.5,251.5,251.5,0,0.0,0.0
2022-03-25 00:00:00-04:00,252.0,253.5,252.0,253.5,5496,0.0,0.0
2022-03-28 00:00:00-04:00,253.5,253.5,252.25,252.25,408,0.0,0.0
2022-03-29 00:00:00-04:00,253.25,253.5,252.25,253.25,3324,0.0,0.0
2022-03-30 00:00:00-04:00,253.25,256.5,252.25,254.5,21256,0.0,0.0
2022-03-31 00:00:00-04:00,256.25,256.5,252.75,256.5,1748,0.0,0.0
2022-04-01 00:00:00-04:00,255.0,255.0,251.8000030517578,251.8000030517578,32,0.0,0.0
2022-04-04 00:00:00-04:00,253.5,255.10000610351562,253.5,255.10000610351562,116,0.0,0.0
2022-04-05 00:00:00-04:00,254.5,255.0,253.375,254.5,1292,0.0,0.0
2022-04-06 00:00:00-04:00,252.4499969482422,255.0,252.25,254.25,1452,0.0,0.0
2022-04-07 00:00:00-04:00,253.5,254.75,253.5,254.25,48,0.0,0.0
2022-04-08 00:00:00-04:00,255.0,255.0,253.5,253.5,100,0.0,0.0
2022-04-11 00:00:00-04:00,252.0,252.75,252.0,252.5,168,0.0,0.0
2022-04-12 00:00:00-04:00,253.5,253.5,253.5,253.5,20,0.0,0.0
2022-04-13 00:00:00-04:00,252.0,254.0,252.0,252.5,184,0.0,0.0
2022-04-14 00:00:00-04:00,253.0,253.0,253.0,253.0,4,0.0,0.0
2022-04-18 00:00:00-04:00,254.25,254.25,254.25,254.25,12,0.0,0.0
2022-04-19 00:00:00-04:00,252.5,252.5,252.5,252.5,44,0.0,0.0
2022-04-20 00:00:00-04:00,252.5,254.25,252.5,253.9250030517578,244,0.0,0.0
2022-04-21 00:00:00-04:00,252.75,252.75,252.75,252.75,12,0.0,0.0
2022-04-22 00:00:00-04:00,252.75,253.5,252.75,253.5,36,0.0,0.0
2022-04-25 00:00:00-04:00,253.75,253.75,253.35000610351562,253.35000610351562,12,0.0,0.0
2022-04-26 00:00:00-04:00,253.25,254.375,253.125,253.25,9092,0.0,0.0
2022-04-27 00:00:00-04:00,253.25,253.25,253.25,253.25,4,0.0,0.0
2022-04-28 00:00:00-04:00,253.25,253.25,253.25,253.25,24,0.0,0.0
2022-04-29 00:00:00-04:00,253.25,253.75,252.75,252.75,3932,0.0,0.0
2022-05-02 00:00:00-04:00,252.75,252.75,252.75,252.75,0,0.0,0.0
2022-05-03 00:00:00-04:00,253.75,254.25,253.0,253.0,25536,0.0,0.0
2022-05-04 00:00:00-04:00,252.75,252.75,252.0,252.25,8048,0.0,0.0
2022-05-05 00:00:00-04:00,252.5,252.5,252.0,252.25,20316,0.0,0.0
2022-05-06 00:00:00-04:00,252.25,252.5,252.0,252.0,4088,0.0,0.0
2022-05-09 00:00:00-04:00,252.0,252.25,252.0,252.0,4576,0.0,0.0
2022-05-10 00:00:00-04:00,252.0,252.5,252.0,252.5,19000,0.0,0.0
2022-05-11 00:00:00-04:00,252.0,252.5,252.0,252.5,2956,0.0,0.0
2022-05-12 00:00:00-04:00,252.0,252.5,252.0,252.5,6924,0.0,0.0
2022-05-13 00:00:00-04:00,251.25,251.25,226.5,243.75,288,0.0,0.0
2022-05-16 00:00:00-04:00,244.5,256.25,244.5,254.5,2348,0.0,0.0
2022-05-17 00:00:00-04:00,253.5,272.75,250.5,260.0,4500,0.0,0.0
2022-05-18 00:00:00-04:00,262.25,292.5,249.75,257.25,51984,0.0,0.0
2022-05-19 00:00:00-04:00,249.5,270.0,224.25,258.5,9228,0.0,0.0
2022-05-20 00:00:00-04:00,246.75,262.0,230.75,238.0,3712,0.0,0.0
2022-05-23 00:00:00-04:00,239.75,269.8999938964844,223.625,269.5,1968,0.0,0.0
2022-05-24 00:00:00-04:00,131.25,147.25,83.25,126.5,47696,0.0,0.0
2022-05-25 00:00:00-04:00,120.5,121.25,91.0,93.25,21308,0.0,0.0
2022-05-26 00:00:00-04:00,91.25,91.25,61.25,64.25,49408,0.0,0.0
2022-05-27 00:00:00-04:00,58.75,62.5,42.0,43.5,109300,0.0,0.0
2022-05-31 00:00:00-04:00,39.75,39.75,27.25,34.0,190788,0.0,0.0
2022-06-01 00:00:00-04:00,32.25,36.0,28.024999618530273,31.25,135260,0.0,0.0
2022-06-02 00:00:00-04:00,31.5,34.0,28.5,29.75,86344,0.0,0.0
2022-06-03 00:00:00-04:00,30.0,31.25,25.25,25.5,119628,0.0,0.0
2022-06-06 00:00:00-04:00,25.5,27.875,23.524999618530273,27.75,88000,0.0,0.0
2022-06-07 00:00:00-04:00,26.25,28.0,25.25,27.25,27768,0.0,0.0
2022-06-08 00:00:00-04:00,27.0,30.75,27.0,28.5,41796,0.0,0.0
2022-06-09 00:00:00-04:00,29.25,30.0,27.5,27.75,18252,0.0,0.0
2022-06-10 00:00:00-04:00,26.75,27.75,25.0,27.25,18752,0.0,0.0
2022-06-13 00:00:00-04:00,27.75,27.75,24.75,25.0,18588,0.0,0.0
2022-06-14 00:00:00-04:00,25.0,38.67499923706055,24.75,28.5,413436,0.0,0.0
2022-06-15 00:00:00-04:00,29.25,31.75,29.0,30.75,51248,0.0,0.0
2022-06-16 00:00:00-04:00,29.5,31.25,29.25,30.75,22688,0.0,0.0
2022-06-17 00:00:00-04:00,31.25,35.25,30.0,34.25,66140,0.0,0.0
2022-06-21 00:00:00-04:00,34.75,39.25,32.5,38.75,41760,0.0,0.0
2022-06-22 00:00:00-04:00,39.25,48.5,37.5,47.25,108384,0.0,0.0
2022-06-23 00:00:00-04:00,48.75,66.5,48.5,60.75,688804,0.0,0.0
2022-06-24 00:00:00-04:00,57.75,60.75,50.5,54.75,107788,0.0,0.0
2022-06-27 00:00:00-04:00,54.25,75.5,50.75,63.25,245588,0.0,0.0
2022-06-28 00:00:00-04:00,68.25,72.5,56.5,67.25,112096,0.0,0.0
2022-06-29 00:00:00-04:00,70.5,72.25,58.0,62.5,65308,0.0,0.0
2022-06-30 00:00:00-04:00,60.0,60.75,50.75,53.5,41164,0.0,0.0
2022-07-01 00:00:00-04:00,53.75,58.599998474121094,51.5,53.0,28060,0.0,0.0
2022-07-05 00:00:00-04:00,52.0,53.25,44.25,49.0,57860,0.0,0.0
2022-07-06 00:00:00-04:00,49.25,54.25,45.75,47.5,32340,0.0,0.0
2022-07-07 00:00:00-04:00,46.75,49.5,46.375,47.5,14620,0.0,0.0
2022-07-08 00:00:00-04:00,46.75,46.775001525878906,43.75,45.0,14792,0.0,0.0
2022-07-11 00:00:00-04:00,45.75,46.25,40.75,40.75,13424,0.0,0.0
2022-07-12 00:00:00-04:00,41.5,42.92499923706055,40.375,42.25,11100,0.0,0.0
2022-07-13 00:00:00-04:00,40.5,42.0,39.0,40.5,17376,0.0,0.0
2022-07-14 00:00:00-04:00,40.5,43.0,38.775001525878906,42.5,9960,0.0,0.0
2022-07-15 00:00:00-04:00,40.5,52.25,40.0,48.25,59272,0.0,0.0
2022-07-18 00:00:00-04:00,49.25,51.75,42.75,44.25,11772,0.0,0.0
2022-07-19 00:00:00-04:00,45.5,45.5,43.5,44.75,6420,0.0,0.0
2022-07-20 00:00:00-04:00,44.5,48.150001525878906,42.95000076293945,44.25,11192,0.0,0.0
2022-07-21 00:00:00-04:00,44.25,44.5,41.25,43.75,8624,0.0,0.0
2022-07-22 00:00:00-04:00,41.5,41.75,40.0,41.0,7188,0.0,0.0
2022-07-25 00:00:00-04:00,40.25,42.5,39.25,41.0,1800,0.0,0.0
2022-07-26 00:00:00-04:00,42.5,42.5,36.5,36.5,27172,0.0,0.0
2022-07-27 00:00:00-04:00,38.5,40.0,34.5,35.75,9296,0.0,0.0
2022-07-28 00:00:00-04:00,35.5,38.75,35.5,37.5,3024,0.0,0.0
2022-07-29 00:00:00-04:00,38.5,39.75,36.07500076293945,39.5,5680,0.0,0.0
2022-08-01 00:00:00-04:00,40.0,41.5,38.75,40.25,3068,0.0,0.0
2022-08-02 00:00:00-04:00,39.75,42.5,38.25,41.25,1708,0.0,0.0
2022-08-03 00:00:00-04:00,43.75,60.75,40.5,51.5,206836,0.0,0.0
2022-08-04 00:00:00-04:00,49.5,50.25,40.25,41.5,32388,0.0,0.0
2022-08-05 00:00:00-04:00,42.0,42.0,40.0,40.75,8384,0.0,0.0
2022-08-08 00:00:00-04:00,40.25,40.45000076293945,36.275001525878906,38.75,13120,0.0,0.0
2022-08-09 00:00:00-04:00,39.75,41.25,37.5,37.5,5428,0.0,0.0
2022-08-10 00:00:00-04:00,37.5,41.25,37.0,40.5,11584,0.0,0.0
2022-08-11 00:00:00-04:00,38.75,40.75,35.75,35.75,19292,0.0,0.0
2022-08-12 00:00:00-04:00,38.0,39.0,36.5,36.75,4424,0.0,0.0
2022-08-15 00:00:00-04:00,36.75,42.25,36.0,41.25,9448,0.0,0.0
2022-08-16 00:00:00-04:00,41.75,46.25,38.849998474121094,44.75,17268,0.0,0.0
2022-08-17 00:00:00-04:00,47.0,47.75,44.75,46.75,6028,0.0,0.0
2022-08-18 00:00:00-04:00,46.75,48.75,45.25,48.5,4808,0.0,0.0
2022-08-19 00:00:00-04:00,49.5,57.5,46.25,53.75,37668,0.0,0.0
2022-08-22 00:00:00-04:00,64.5,70.75,50.29999923706055,51.0,499368,0.0,0.0
2022-08-23 00:00:00-04:00,48.0,50.5,43.25,45.0,29640,0.0,0.0
2022-08-24 00:00:00-04:00,45.25,47.5,43.0,46.75,15596,0.0,0.0
2022-08-25 00:00:00-04:00,47.5,63.0,45.75,57.25,358532,0.0,0.0
2022-08-26 00:00:00-04:00,56.25,57.25,47.5,48.75,49296,0.0,0.0
2022-08-29 00:00:00-04:00,47.0,49.0,45.75,46.75,17960,0.0,0.0
2022-08-30 00:00:00-04:00,46.0,48.25,45.25,47.75,16756,0.0,0.0
2022-08-31 00:00:00-04:00,50.75,51.25,41.25,43.0,46756,0.0,0.0
2022-09-01 00:00:00-04:00,42.5,42.5,40.75,41.25,12620,0.0,0.0
2022-09-02 00:00:00-04:00,41.0,42.5,38.75,39.5,14564,0.0,0.0
2022-09-06 00:00:00-04:00,42.25,42.25,37.25,38.5,15944,0.0,0.0
2022-09-07 00:00:00-04:00,38.5,38.974998474121094,35.5,36.75,20552,0.0,0.0
2022-09-08 00:00:00-04:00,35.75,37.75,35.75,36.5,7472,0.0,0.0
2022-09-09 00:00:00-04:00,38.75,38.75,36.0,37.75,18432,0.0,0.0
2022-09-12 00:00:00-04:00,37.0,37.75,35.25,36.25,9084,0.0,0.0
2022-09-13 00:00:00-04:00,35.25,36.25,32.75,33.25,15580,0.0,0.0
2022-09-14 00:00:00-04:00,32.75,35.5,32.75,35.0,5196,0.0,0.0
2022-09-15 00:00:00-04:00,35.25,36.20000076293945,34.5,34.5,6076,0.0,0.0
2022-09-16 00:00:00-04:00,35.75,36.0,34.25,34.75,12688,0.0,0.0
2022-09-19 00:00:00-04:00,35.0,35.474998474121094,33.25,35.0,3464,0.0,0.0
2022-09-20 00:00:00-04:00,35.0,35.5,31.375,31.75,22104,0.0,0.0
2022-09-21 00:00:00-04:00,31.25,32.0,27.0,28.75,28712,0.0,0.0
2022-09-22 00:00:00-04:00,29.25,32.5,27.875,32.125,15832,0.0,0.0
2022-09-23 00:00:00-04:00,30.5,31.125,28.75,30.25,5084,0.0,0.0
2022-09-26 00:00:00-04:00,29.75,31.75,29.0,31.5,2220,0.0,0.0
2022-09-27 00:00:00-04:00,31.600000381469727,32.75,28.25,29.0,4740,0.0,0.0
2022-09-28 00:00:00-04:00,28.850000381469727,31.5,28.75,30.25,3280,0.0,0.0
2022-09-29 00:00:00-04:00,30.25,31.649999618530273,28.75,31.0,4660,0.0,0.0
2022-09-30 00:00:00-04:00,29.5,30.899999618530273,29.25,30.0,2392,0.0,0.0
2022-10-03 00:00:00-04:00,30.5,31.5,28.75,31.5,7192,0.0,0.0
2022-10-04 00:00:00-04:00,30.5,34.0,30.0,32.75,7060,0.0,0.0
2022-10-05 00:00:00-04:00,32.75,32.75,30.049999237060547,32.5,5156,0.0,0.0
2022-10-06 00:00:00-04:00,30.75,32.25,28.5,29.0,9932,0.0,0.0
2022-10-07 00:00:00-04:00,28.25,29.0,28.0,28.75,4752,0.0,0.0
2022-10-10 00:00:00-04:00,27.75,29.424999237060547,27.75,28.5,2248,0.0,0.0
2022-10-11 00:00:00-04:00,28.25,30.0,27.5,29.75,6144,0.0,0.0
2022-10-12 00:00:00-04:00,29.0,29.5,28.0,29.25,336,0.0,0.0
2022-10-13 00:00:00-04:00,29.25,30.25,28.25,29.0,2880,0.0,0.0
2022-10-14 00:00:00-04:00,29.75,30.5,28.075000762939453,29.0,2956,0.0,0.0
2022-10-17 00:00:00-04:00,28.75,29.75,28.5,29.0,1532,0.0,0.0
2022-10-18 00:00:00-04:00,28.0,30.125,26.75,29.5,7316,0.0,0.0
2022-10-19 00:00:00-04:00,28.825000762939453,30.0,28.0,28.5,3416,0.0,0.0
2022-10-20 00:00:00-04:00,29.700000762939453,29.700000762939453,27.5,29.0,3420,0.0,0.0
2022-10-21 00:00:00-04:00,27.75,30.75,27.75,30.25,4964,0.0,0.0
2022-10-24 00:00:00-04:00,30.0,30.0,26.75,28.75,7672,0.0,0.0
2022-10-25 00:00:00-04:00,29.25,30.875,27.75,28.5,10252,0.0,0.0
2022-10-26 00:00:00-04:00,29.25,30.0,28.25,28.5,964,0.0,0.0
2022-10-27 00:00:00-04:00,28.75,29.5,28.5,29.0,444,0.0,0.0
2022-10-28 00:00:00-04:00,27.75,29.5,27.5,28.0,2392,0.0,0.0
2022-10-31 00:00:00-04:00,27.75,28.75,27.5,27.75,1752,0.0,0.0
2022-11-01 00:00:00-04:00,29.25,29.25,25.25,27.5,8056,0.0,0.0
2022-11-02 00:00:00-04:00,29.25,29.25,26.25,27.25,2500,0.0,0.0
2022-11-03 00:00:00-04:00,27.5,28.0,26.125,28.0,3956,0.0,0.0
2022-11-04 00:00:00-04:00,27.75,29.25,26.5,28.75,3456,0.0,0.0
2022-11-07 00:00:00-05:00,28.25,31.75,28.0,31.25,6828,0.0,0.0
2022-11-08 00:00:00-05:00,32.25,32.5,29.5,29.5,8976,0.0,0.0
2022-11-09 00:00:00-05:00,30.0,30.5,28.350000381469727,29.5,3664,0.0,0.0
2022-11-10 00:00:00-05:00,30.0,30.0,28.0,29.25,8520,0.0,0.0
2022-11-11 00:00:00-05:00,28.5,29.25,26.25,26.75,8856,0.0,0.0
2022-11-14 00:00:00-05:00,26.75,27.25,25.5,25.5,9672,0.0,0.0
2022-11-15 00:00:00-05:00,26.5,27.25,26.0,27.0,3344,0.0,0.0
2022-11-16 00:00:00-05:00,27.0,27.0,25.75,26.225000381469727,792,0.0,0.0
2022-11-17 00:00:00-05:00,26.25,26.25,25.0,25.75,2956,0.0,0.0
2022-11-18 00:00:00-05:00,25.5,26.325000762939453,25.25,25.75,836,0.0,0.0
2022-11-21 00:00:00-05:00,29.75,29.75,24.875,25.5,7804,0.0,0.0
2022-11-22 00:00:00-05:00,25.5,25.75,24.75,25.25,2172,0.0,0.0
2022-11-23 00:00:00-05:00,25.0,25.75,24.5,24.5,4436,0.0,0.0
2022-11-25 00:00:00-05:00,26.75,26.75,24.5,25.25,724,0.0,0.0
2022-11-28 00:00:00-05:00,24.75,27.75,24.75,25.475000381469727,2368,0.0,0.0
2022-11-29 00:00:00-05:00,25.25,27.5,25.0,26.75,1208,0.0,0.0
2022-11-30 00:00:00-05:00,27.0,27.75,25.75,27.75,5896,0.0,0.0
2022-12-01 00:00:00-05:00,24.274999618530273,28.5,22.75,28.5,12412,0.0,0.0
2022-12-02 00:00:00-05:00,23.850000381469727,27.825000762939453,23.850000381469727,27.5,4440,0.0,0.0
2022-12-05 00:00:00-05:00,28.0,31.25,26.5,31.25,10180,0.0,0.0
2022-12-06 00:00:00-05:00,29.75,30.0,28.0,30.0,12572,0.0,0.0
2022-12-07 00:00:00-05:00,29.25,29.5,27.0,27.0,5568,0.0,0.0
2022-12-08 00:00:00-05:00,27.725000381469727,28.75,27.0,28.0,4360,0.0,0.0
2022-12-09 00:00:00-05:00,27.5,28.5,26.5,27.5,7524,0.0,0.0
2022-12-12 00:00:00-05:00,27.0,28.5,26.25,26.5,5420,0.0,0.0
2022-12-13 00:00:00-05:00,26.950000762939453,29.25,25.75,28.0,6616,0.0,0.0
2022-12-14 00:00:00-05:00,27.75,32.5,27.5,31.25,38512,0.0,0.0
2022-12-15 00:00:00-05:00,30.5,33.25,28.5,32.75,37408,0.0,0.0
2022-12-16 00:00:00-05:00,32.5,34.75,30.5,34.0,50628,0.0,0.0
2022-12-19 00:00:00-05:00,32.0,36.25,30.25,34.0,42576,0.0,0.0
2022-12-20 00:00:00-05:00,34.5,35.75,32.0,35.0,41252,0.0,0.0
2022-12-21 00:00:00-05:00,35.0,35.25,32.25,34.25,10488,0.0,0.0
2022-12-22 00:00:00-05:00,35.25,35.25,31.075000762939453,34.25,9076,0.0,0.0
2022-12-23 00:00:00-05:00,34.0,36.5,32.75,36.5,4956,0.0,0.0
2022-12-27 00:00:00-05:00,35.5,37.0,34.0,35.25,4972,0.0,0.0
2022-12-28 00:00:00-05:00,35.75,36.25,34.5,35.25,2136,0.0,0.0
2022-12-29 00:00:00-05:00,35.25,36.25,34.75,36.25,5164,0.0,0.0
2022-12-30 00:00:00-05:00,36.25,40.0,34.5,40.0,16956,0.0,0.0
2023-01-03 00:00:00-05:00,43.5,43.5,35.0,36.5,4208,0.0,0.0
2023-01-04 00:00:00-05:00,39.5,39.5,35.0,38.25,3880,0.0,0.0
2023-01-05 00:00:00-05:00,37.0,38.5,36.25,37.75,5300,0.0,0.0
2023-01-06 00:00:00-05:00,38.5,38.5,35.0,36.5,3180,0.0,0.0
2023-01-09 00:00:00-05:00,36.0,40.0,35.5,39.75,5696,0.0,0.0
2023-01-10 00:00:00-05:00,39.75,39.75,37.0,39.25,2720,0.0,0.0
2023-01-11 00:00:00-05:00,38.25,40.0,36.5,40.0,2928,0.0,0.0
2023-01-12 00:00:00-05:00,39.75,39.75,36.75,38.75,11508,0.0,0.0
2023-01-13 00:00:00-05:00,37.5,39.0,36.5,38.25,4752,0.0,0.0
2023-01-17 00:00:00-05:00,38.75,38.75,33.75,34.75,3420,0.0,0.0
2023-01-18 00:00:00-05:00,34.75,35.75,33.75,34.75,4096,0.0,0.0
2023-01-19 00:00:00-05:00,37.25,37.25,33.75,35.25,3124,0.0,0.0
2023-01-20 00:00:00-05:00,36.75,37.0,32.25,33.25,5864,0.0,0.0
2023-01-23 00:00:00-05:00,33.0,33.25,31.25,32.0,5344,0.0,0.0
2023-01-24 00:00:00-05:00,33.75,33.75,27.25,27.5,4936,0.0,0.0
2023-01-25 00:00:00-05:00,30.5,31.25,25.0,26.5,17664,0.0,0.0
2023-01-26 00:00:00-05:00,27.5,27.5,26.0,26.75,4804,0.0,0.0
2023-01-27 00:00:00-05:00,26.75,30.0,26.299999237060547,29.0,5796,0.0,0.0
2023-01-30 00:00:00-05:00,28.25,29.5,27.149999618530273,28.75,2540,0.0,0.0
2023-01-31 00:00:00-05:00,30.25,30.25,27.5,29.0,9120,0.0,0.0
2023-02-01 00:00:00-05:00,28.75,29.75,27.75,27.75,1020,0.0,0.0
2023-02-02 00:00:00-05:00,28.75,29.75,28.0,29.5,4476,0.0,0.0
2023-02-03 00:00:00-05:00,29.5,29.75,28.5,29.0,3100,0.0,0.0
2023-02-06 00:00:00-05:00,28.5,29.25,28.0,28.5,956,0.0,0.0
2023-02-07 00:00:00-05:00,29.0,29.0,28.0,28.5,880,0.0,0.0
2023-02-08 00:00:00-05:00,29.0,29.0,27.25,27.75,1884,0.0,0.0
2023-02-09 00:00:00-05:00,28.5,28.5,26.25,27.25,1544,0.0,0.0
2023-02-10 00:00:00-05:00,28.0,29.0,26.75,28.0,2224,0.0,0.0
2023-02-13 00:00:00-05:00,29.0,29.0,27.25,27.75,1168,0.0,0.0
2023-02-14 00:00:00-05:00,28.25,28.5,27.5,27.75,948,0.0,0.0
2023-02-15 00:00:00-05:00,28.0,29.0,27.25,28.875,2588,0.0,0.0
2023-02-16 00:00:00-05:00,28.75,29.0,27.5,28.5,2604,0.0,0.0
2023-02-17 00:00:00-05:00,28.25,29.75,28.0,29.5,1580,0.0,0.0
2023-02-21 00:00:00-05:00,29.75,29.75,28.0,29.5,984,0.0,0.0
2023-02-22 00:00:00-05:00,29.149999618530273,29.149999618530273,27.75,28.25,956,0.0,0.0
2023-02-23 00:00:00-05:00,29.75,29.75,27.5,27.75,364,0.0,0.0
2023-02-24 00:00:00-05:00,29.5,29.5,27.100000381469727,28.75,2056,0.0,0.0
2023-02-27 00:00:00-05:00,30.25,30.25,28.0,28.375,3628,0.0,0.0
2023-02-28 00:00:00-05:00,27.75,29.0,27.25,28.5,1452,0.0,0.0
2023-03-01 00:00:00-05:00,28.350000381469727,29.25,27.5,28.75,2148,0.0,0.0
2023-03-02 00:00:00-05:00,28.25,29.0,27.5,28.25,3036,0.0,0.0
2023-03-03 00:00:00-05:00,28.5,28.5,25.5,26.25,5516,0.0,0.0
2023-03-06 00:00:00-05:00,28.0,28.0,26.5,26.5,1808,0.0,0.0
2023-03-07 00:00:00-05:00,26.75,27.75,26.5,27.0,1624,0.0,0.0
2023-03-08 00:00:00-05:00,27.25,28.0,26.25,27.25,1368,0.0,0.0
2023-03-09 00:00:00-05:00,28.0,28.0,26.0,26.75,1592,0.0,0.0
2023-03-10 00:00:00-05:00,27.25,27.75,24.5,25.149999618530273,7676,0.0,0.0
2023-03-13 00:00:00-04:00,26.5,26.5,23.75,24.25,4720,0.0,0.0
2023-03-14 00:00:00-04:00,24.25,25.25,22.5,23.0,3752,0.0,0.0
2023-03-15 00:00:00-04:00,23.0,23.75,21.75,23.75,2872,0.0,0.0
2023-03-16 00:00:00-04:00,23.75,24.0,23.0,23.899999618530273,14092,0.0,0.0
2023-03-17 00:00:00-04:00,23.325000762939453,24.125,22.524999618530273,23.799999237060547,5508,0.0,0.0
2023-03-20 00:00:00-04:00,23.25,23.875,22.424999237060547,23.575000762939453,7052,0.0,0.0
2023-03-21 00:00:00-04:00,22.875,23.299999237060547,20.875,21.875,7252,0.0,0.0
2023-03-22 00:00:00-04:00,21.25,21.5,18.75,19.5,10316,0.0,0.0
2023-03-23 00:00:00-04:00,20.75,20.850000381469727,19.0,19.75,4320,0.0,0.0
2023-03-24 00:00:00-04:00,19.725000381469727,20.75,18.75,20.125,8736,0.0,0.0
2023-03-27 00:00:00-04:00,20.325000762939453,22.0,20.325000762939453,22.0,2768,0.0,0.0
2023-03-28 00:00:00-04:00,22.5,22.75,21.25,22.125,2312,0.0,0.0
2023-03-29 00:00:00-04:00,22.5,22.5,20.924999237060547,21.975000381469727,3124,0.0,0.0
2023-03-30 00:00:00-04:00,22.5,23.625,21.024999618530273,22.5,4744,0.0,0.0
2023-03-31 00:00:00-04:00,22.5,22.5,20.924999237060547,21.25,4492,0.0,0.0
2023-04-03 00:00:00-04:00,20.924999237060547,21.625,18.325000762939453,20.0,6104,0.0,0.0
2023-04-04 00:00:00-04:00,19.5,20.0,18.125,18.75,3904,0.0,0.0
2023-04-05 00:00:00-04:00,18.200000762939453,18.399999618530273,16.0,16.0,7128,0.0,0.0
2023-04-06 00:00:00-04:00,16.375,17.475000381469727,16.0,16.674999237060547,6392,0.0,0.0
2023-04-10 00:00:00-04:00,17.0,20.0,15.75,18.25,7688,0.0,0.0
2023-04-11 00:00:00-04:00,19.700000762939453,25.5,17.75,23.149999618530273,89620,0.0,0.0
2023-04-12 00:00:00-04:00,24.274999618530273,25.75,20.125,22.549999237060547,12228,0.0,0.0
2023-04-13 00:00:00-04:00,23.5,23.5,20.674999237060547,21.75,10592,0.0,0.0
2023-04-14 00:00:00-04:00,21.5,23.0,21.049999237060547,21.975000381469727,2712,0.0,0.0
2023-04-17 00:00:00-04:00,21.600000381469727,22.524999618530273,20.024999618530273,22.0,6680,0.0,0.0
2023-04-18 00:00:00-04:00,21.549999237060547,22.0,19.700000762939453,20.25,7060,0.0,0.0
2023-04-19 00:00:00-04:00,21.375,21.5,19.75,20.0,6372,0.0,0.0
2023-04-20 00:00:00-04:00,19.649999618530273,20.799999237060547,18.149999618530273,19.274999618530273,5000,0.0,0.0
2023-04-21 00:00:00-04:00,19.0,20.75,17.5,18.25,10080,0.0,0.0
2023-04-24 00:00:00-04:00,18.0,18.75,17.049999237060547,18.075000762939453,4592,0.0,0.0
2023-04-25 00:00:00-04:00,17.524999618530273,18.125,17.0,18.0,7304,0.0,0.0
2023-04-26 00:00:00-04:00,18.475000381469727,18.475000381469727,16.5,17.5,5468,0.0,0.0
2023-04-27 00:00:00-04:00,17.174999237060547,17.174999237060547,13.524999618530273,15.149999618530273,7132,0.0,0.0
2023-04-28 00:00:00-04:00,15.75,16.75,14.625,15.5,3152,0.0,0.0
2023-05-01 00:00:00-04:00,16.450000762939453,17.0,15.050000190734863,16.25,2788,0.0,0.0
2023-05-02 00:00:00-04:00,15.75,16.25,14.0,14.0,4464,0.0,0.0
2023-05-03 00:00:00-04:00,14.25,15.0,13.699999809265137,14.875,1828,0.0,0.0
2023-05-04 00:00:00-04:00,14.850000381469727,15.5,12.75,13.574999809265137,7304,0.0,0.0
2023-05-05 00:00:00-04:00,14.5,14.5,12.5,13.75,10448,0.0,0.0
2023-05-08 00:00:00-04:00,14.25,14.699999809265137,12.875,13.25,6044,0.0,0.0
2023-05-09 00:00:00-04:00,12.850000381469727,13.0,10.5,11.25,11496,0.0,0.0
2023-05-10 00:00:00-04:00,11.5,11.5,10.774999618530273,11.449999809265137,4436,0.0,0.0
2023-05-11 00:00:00-04:00,11.0,11.0,8.274999618530273,9.75,24820,0.0,0.0
2023-05-12 00:00:00-04:00,9.5,10.75,9.125,10.25,6144,0.0,0.0
2023-05-15 00:00:00-04:00,10.0,12.600000381469727,9.5,11.5,14064,0.0,0.0
2023-05-16 00:00:00-04:00,11.5,13.25,10.550000190734863,12.75,17936,0.0,0.0
2023-05-17 00:00:00-04:00,12.75,13.0,11.725000381469727,12.225000381469727,4096,0.0,0.0
2023-05-18 00:00:00-04:00,12.199999809265137,13.0,11.125,13.0,3288,0.0,0.0
2023-05-19 00:00:00-04:00,13.0,13.25,11.524999618530273,12.75,4204,0.0,0.0
2023-05-22 00:00:00-04:00,12.199999809265137,13.125,12.0,13.0,4860,0.0,0.0
2023-05-23 00:00:00-04:00,12.875,13.75,12.5,13.25,2804,0.0,0.0
2023-05-24 00:00:00-04:00,13.5,15.25,13.225000381469727,14.524999618530273,4120,0.0,0.0
2023-05-25 00:00:00-04:00,14.75,16.5,14.199999809265137,15.350000381469727,9072,0.0,0.0
2023-05-26 00:00:00-04:00,15.0,16.125,13.75,15.75,2928,0.0,0.0
2023-05-30 00:00:00-04:00,15.175000190734863,16.75,15.0,15.725000381469727,1524,0.0,0.0
2023-05-31 00:00:00-04:00,15.5,15.725000381469727,14.699999809265137,15.725000381469727,1108,0.0,0.0
2023-06-01 00:00:00-04:00,15.75,15.875,14.0,14.274999618530273,7260,0.0,0.0
2023-06-02 00:00:00-04:00,14.5,15.0,14.25,14.5,1372,0.0,0.0
2023-06-05 00:00:00-04:00,14.100000381469727,14.75,12.524999618530273,13.475000381469727,5096,0.0,0.0
2023-06-06 00:00:00-04:00,13.725000381469727,13.725000381469727,11.75,12.75,4792,0.0,0.0
2023-06-07 00:00:00-04:00,12.375,13.5,12.0,12.0,1796,0.0,0.0
2023-06-08 00:00:00-04:00,11.675000190734863,12.850000381469727,11.300000190734863,12.5,5244,0.0,0.0
2023-06-09 00:00:00-04:00,12.5,14.25,11.75,11.75,8700,0.0,0.0
2023-06-12 00:00:00-04:00,11.875,12.475000381469727,10.074999809265137,11.25,4356,0.0,0.0
2023-06-13 00:00:00-04:00,10.875,12.25,10.5,10.824999809265137,3240,0.0,0.0
2023-06-14 00:00:00-04:00,10.625,11.774999618530273,10.324999809265137,11.574999809265137,6560,0.0,0.0
2023-06-15 00:00:00-04:00,11.225000381469727,12.25,11.0,12.0,7896,0.0,0.0
2023-06-16 00:00:00-04:00,12.225000381469727,12.225000381469727,11.100000381469727,11.949999809265137,5568,0.0,0.0
2023-06-20 00:00:00-04:00,11.600000381469727,12.0,11.25,11.625,2984,0.0,0.0
2023-06-21 00:00:00-04:00,11.5,11.574999809265137,11.024999618530273,11.550000190734863,3500,0.0,0.0
2023-06-22 00:00:00-04:00,11.25,11.625,10.375,11.25,5552,0.0,0.0
2023-06-23 00:00:00-04:00,11.5,11.5,10.050000190734863,10.574999809265137,5860,0.0,0.0
2023-06-26 00:00:00-04:00,11.375,11.5,8.75,10.550000190734863,3744,0.0,0.0
2023-06-27 00:00:00-04:00,10.524999618530273,10.524999618530273,8.75,9.550000190734863,6100,0.0,0.0
2023-06-28 00:00:00-04:00,9.649999618530273,9.75,8.75,8.75,5204,0.0,0.0
2023-06-29 00:00:00-04:00,8.75,8.75,7.5,8.350000381469727,4544,0.0,0.0
2023-06-30 00:00:00-04:00,8.75,8.75,7.800000190734863,8.199999809265137,1916,0.0,0.0
2023-07-03 00:00:00-04:00,8.5,8.5,7.5,8.25,1632,0.0,0.0
2023-07-05 00:00:00-04:00,8.899999618530273,8.899999618530273,7.5,7.75,11524,0.0,0.0
2023-07-06 00:00:00-04:00,8.0,8.0,6.925000190734863,7.25,10776,0.0,0.0
2023-07-07 00:00:00-04:00,7.599999904632568,7.75,7.025000095367432,7.75,4808,0.0,0.0
2023-07-10 00:00:00-04:00,7.724999904632568,8.125,7.275000095367432,7.5,2392,0.0,0.0
2023-07-11 00:00:00-04:00,7.375,7.75,7.175000190734863,7.175000190734863,4776,0.0,0.0
2023-07-12 00:00:00-04:00,7.349999904632568,7.5,6.875,7.375,13944,0.0,0.0
2023-07-13 00:00:00-04:00,7.574999809265137,7.625,6.75,7.375,13036,0.0,0.0
2023-07-14 00:00:00-04:00,7.099999904632568,7.099999904632568,6.474999904632568,6.474999904632568,35600,0.0,0.0
2023-07-17 00:00:00-04:00,6.949999809265137,6.949999809265137,6.25,6.375,9504,0.0,0.0
2023-07-18 00:00:00-04:00,6.175000190734863,6.5,5.625,6.300000190734863,8920,0.0,0.0
2023-07-19 00:00:00-04:00,5.75,6.5,5.75,6.150000095367432,6420,0.0,0.0
2023-07-20 00:00:00-04:00,6.150000095367432,6.5,5.75,6.5,6740,0.0,0.0
2023-07-21 00:00:00-04:00,6.0,6.300000190734863,5.75,5.974999904632568,8944,0.0,0.0
2023-07-24 00:00:00-04:00,6.150000095367432,6.25,5.599999904632568,5.974999904632568,4996,0.0,0.0
2023-07-25 00:00:00-04:00,6.050000190734863,6.050000190734863,5.574999809265137,5.650000095367432,8732,0.0,0.0
2023-07-26 00:00:00-04:00,5.849999904632568,5.875,5.5,5.650000095367432,3288,0.0,0.0
2023-07-27 00:00:00-04:00,5.925000190734863,5.925000190734863,5.050000190734863,5.050000190734863,15536,0.0,0.0
2023-07-28 00:00:00-04:00,5.400000095367432,6.25,5.0,5.400000095367432,16496,0.0,0.0
2023-07-31 00:00:00-04:00,5.574999809265137,5.574999809265137,5.0,5.074999809265137,14344,0.0,0.0
2023-08-01 00:00:00-04:00,5.525000095367432,5.75,5.025000095367432,5.125,8904,0.0,0.0
2023-08-02 00:00:00-04:00,5.324999809265137,5.5,4.449999809265137,4.5,30176,0.0,0.0
2023-08-03 00:00:00-04:00,4.5,4.75,4.275000095367432,4.5,14432,0.0,0.0
2023-08-04 00:00:00-04:00,4.5,5.125,3.7750000953674316,3.7750000953674316,73440,0.0,0.0
2023-08-07 00:00:00-04:00,4.025000095367432,4.224999904632568,3.5250000953674316,3.799999952316284,21648,0.0,0.0
2023-08-08 00:00:00-04:00,3.825000047683716,3.9749999046325684,3.5250000953674316,3.75,12172,0.0,0.0
2023-08-09 00:00:00-04:00,3.924999952316284,3.950000047683716,3.5250000953674316,3.7249999046325684,16536,0.0,0.0
2023-08-10 00:00:00-04:00,3.799999952316284,3.799999952316284,3.575000047683716,3.674999952316284,12948,0.0,0.0
2023-08-11 00:00:00-04:00,3.4749999046325684,3.549999952316284,2.674999952316284,3.0,73368,0.0,0.0
2023-08-14 00:00:00-04:00,2.9000000953674316,3.125,2.700000047683716,3.075000047683716,84092,0.0,0.0
2023-08-15 00:00:00-04:00,3.049999952316284,3.125,2.7750000953674316,3.0,60708,0.0,0.0
2023-08-16 00:00:00-04:00,4.199999809265137,4.199999809265137,3.125,3.2750000953674316,468188,0.0,0.0
2023-08-17 00:00:00-04:00,2.75,3.0,2.75,2.9000000953674316,105248,0.0,0.0
2023-08-18 00:00:00-04:00,2.825000047683716,2.875,2.549999952316284,2.825000047683716,50680,0.0,0.0
2023-08-21 00:00:00-04:00,2.75,2.825000047683716,2.299999952316284,2.3499999046325684,61464,0.0,0.0
2023-08-22 00:00:00-04:00,2.4000000953674316,2.5,2.0999999046325684,2.2249999046325684,69104,0.0,0.0
2023-08-23 00:00:00-04:00,2.125,2.25,2.0,2.0,68952,0.0,0.0
2023-08-24 00:00:00-04:00,2.0999999046325684,2.0999999046325684,1.725000023841858,1.8250000476837158,97344,0.0,0.0
2023-08-25 00:00:00-04:00,1.725000023841858,2.0,1.649999976158142,1.6749999523162842,80356,0.0,0.0
2023-08-28 00:00:00-04:00,1.875,2.674999952316284,1.725000023841858,1.8250000476837158,534948,0.0,0.0
2023-08-29 00:00:00-04:00,1.850000023841858,1.850000023841858,1.7000000476837158,1.8250000476837158,107632,0.0,0.0
2023-08-30 00:00:00-04:00,1.725000023841858,1.899999976158142,1.725000023841858,1.899999976158142,65048,0.0,0.0
2023-08-31 00:00:00-04:00,1.850000023841858,1.9249999523162842,1.75,1.774999976158142,52600,0.0,0.0
2023-09-01 00:00:00-04:00,1.625,1.8250000476837158,1.600000023841858,1.7999999523162842,90292,0.0,0.0
2023-09-05 00:00:00-04:00,1.899999976158142,1.899999976158142,1.7000000476837158,1.7999999523162842,61800,0.0,0.0
2023-09-06 00:00:00-04:00,1.774999976158142,1.8250000476837158,1.75,1.8250000476837158,30944,0.0,0.0
2023-09-07 00:00:00-04:00,1.774999976158142,1.875,1.774999976158142,1.8250000476837158,46720,0.0,0.0
2023-09-08 00:00:00-04:00,1.9249999523162842,1.9249999523162842,1.75,1.774999976158142,36420,0.0,0.0
2023-09-11 00:00:00-04:00,1.7999999523162842,1.7999999523162842,1.5,1.5,94328,0.0,0.0
2023-09-12 00:00:00-04:00,1.475000023841858,1.5,1.399999976158142,1.4249999523162842,67020,0.0,0.0
2023-09-13 00:00:00-04:00,1.100000023841858,1.475000023841858,1.0750000476837158,1.399999976158142,114112,0.0,0.0
2023-09-14 00:00:00-04:00,1.475000023841858,1.475000023841858,1.3250000476837158,1.399999976158142,94792,0.0,0.0
2023-09-15 00:00:00-04:00,2.674999952316284,6.074999809265137,2.0999999046325684,4.699999809265137,28143256,0.0,0.0
2023-09-18 00:00:00-04:00,3.875,4.375,2.875,3.049999952316284,2693888,0.0,0.0
2023-09-19 00:00:00-04:00,2.825000047683716,2.950000047683716,2.174999952316284,2.3499999046325684,1227680,0.0,0.0
2023-09-20 00:00:00-04:00,3.424999952316284,6.800000190734863,3.375,3.8499999046325684,20638672,0.0,0.0
2023-09-21 00:00:00-04:00,6.224999904632568,7.699999809265137,4.824999809265137,5.949999809265137,16866488,0.0,0.0
2023-09-22 00:00:00-04:00,5.125,6.949999809265137,4.175000190734863,5.925000190734863,6238800,0.0,0.0
2023-09-25 00:00:00-04:00,5.474999904632568,6.224999904632568,4.849999904632568,5.074999809265137,1859312,0.0,0.0
2023-09-26 00:00:00-04:00,4.875,5.25,3.799999952316284,3.799999952316284,951980,0.0,0.0
2023-09-27 00:00:00-04:00,4.949999809265137,6.199999809265137,4.400000095367432,5.574999809265137,5855924,0.0,0.0
2023-09-28 00:00:00-04:00,5.0,5.875,4.925000190734863,5.449999809265137,1255612,0.0,0.0
2023-09-29 00:00:00-04:00,5.425000190734863,5.75,5.125,5.375,762920,0.0,0.0
2023-10-02 00:00:00-04:00,5.224999904632568,5.650000095367432,4.574999809265137,5.0,964168,0.0,0.0
2023-10-03 00:00:00-04:00,6.0,8.0,5.925000190734863,6.25,5371476,0.0,0.0
2023-10-04 00:00:00-04:00,5.550000190734863,5.724999904632568,4.800000190734863,5.050000190734863,732980,0.0,0.0
2023-10-05 00:00:00-04:00,5.050000190734863,5.099999904632568,4.5,4.875,407584,0.0,0.0
2023-10-06 00:00:00-04:00,4.775000095367432,4.824999809265137,4.5,4.574999809265137,233428,0.0,0.0
2023-10-09 00:00:00-04:00,4.5,4.599999904632568,4.0,4.099999904632568,249960,0.0,0.0
2023-10-10 00:00:00-04:00,4.025000095367432,4.099999904632568,3.75,3.9000000953674316,247852,0.0,0.0
2023-10-11 00:00:00-04:00,3.9749999046325684,4.050000190734863,3.049999952316284,3.299999952316284,511460,0.0,0.0
2023-10-12 00:00:00-04:00,3.0999999046325684,3.9000000953674316,3.0250000953674316,3.2750000953674316,540072,0.0,0.0
2023-10-13 00:00:00-04:00,2.640000104904175,2.75,1.6799999475479126,2.1700000762939453,983200,0.0,0.0
2023-10-16 00:00:00-04:00,2.180000066757202,2.180000066757202,1.8600000143051147,1.8899999856948853,297800,0.0,0.0
2023-10-17 00:00:00-04:00,1.840000033378601,1.899999976158142,1.809999942779541,1.8250000476837158,138300,0.0,0.0
2023-10-18 00:00:00-04:00,1.8200000524520874,1.8300000429153442,1.6200000047683716,1.7400000095367432,246800,0.0,0.0
2023-10-19 00:00:00-04:00,1.7100000381469727,1.7799999713897705,1.5,1.559999942779541,175400,0.0,0.0
2023-10-20 00:00:00-04:00,1.559999942779541,1.5640000104904175,1.25,1.2599999904632568,260200,0.0,0.0
2023-10-23 00:00:00-04:00,1.3700000047683716,1.3899999856948853,1.2899999618530273,1.309999942779541,128000,0.0,0.0
2023-10-24 00:00:00-04:00,1.309999942779541,1.309999942779541,1.1200000047683716,1.149999976158142,229000,0.0,0.0
2023-10-25 00:00:00-04:00,1.1699999570846558,1.190000057220459,1.0499999523162842,1.0750000476837158,140500,0.0,0.0
2023-10-26 00:00:00-04:00,1.090000033378601,1.649999976158142,1.0499999523162842,1.4500000476837158,13777700,0.0,0.0
2023-10-27 00:00:00-04:00,1.399999976158142,1.7799999713897705,1.2699999809265137,1.690000057220459,1942300,0.0,0.0
2023-10-30 00:00:00-04:00,1.6299999952316284,1.7899999618530273,1.440000057220459,1.6799999475479126,857700,0.0,0.0
2023-10-31 00:00:00-04:00,1.690000057220459,2.990000009536743,1.6799999475479126,2.4700000286102295,12547400,0.0,0.0
2023-11-01 00:00:00-04:00,2.7100000381469727,3.240000009536743,2.559999942779541,2.7100000381469727,7687000,0.0,0.0
2023-11-02 00:00:00-04:00,2.609999895095825,2.8499999046325684,2.4200000762939453,2.619999885559082,1233600,0.0,0.0
2023-11-03 00:00:00-04:00,2.630000114440918,3.0899999141693115,2.621000051498413,2.740000009536743,1140300,0.0,0.0
2023-11-06 00:00:00-05:00,3.200000047683716,17.479999542236328,3.049999952316284,9.649999618530273,64047500,0.0,0.0
2023-11-07 00:00:00-05:00,7.75,9.079999923706055,5.869999885559082,6.199999809265137,11914000,0.0,0.0
2023-11-08 00:00:00-05:00,6.380000114440918,11.220000267028809,6.349999904632568,6.849999904632568,23816500,0.0,0.0
2023-11-09 00:00:00-05:00,7.0,7.880000114440918,5.900000095367432,6.619999885559082,3012200,0.0,0.0
2023-11-10 00:00:00-05:00,6.868000030517578,7.3979997634887695,5.079999923706055,5.309999942779541,1916900,0.0,0.0
2023-11-13 00:00:00-05:00,5.989999771118164,8.25,5.920000076293945,6.429999828338623,19319800,0.0,0.0
2023-11-14 00:00:00-05:00,7.119999885559082,7.449999809265137,6.03000020980835,6.860000133514404,3862300,0.0,0.0
2023-11-15 00:00:00-05:00,6.900000095367432,7.360000133514404,6.599999904632568,6.829999923706055,2230300,0.0,0.0
2023-11-16 00:00:00-05:00,6.869999885559082,7.650000095367432,6.449999809265137,6.730000019073486,2410400,0.0,0.0
2023-11-17 00:00:00-05:00,6.730000019073486,7.099999904632568,6.449999809265137,6.71999979019165,866500,0.0,0.0
2023-11-20 00:00:00-05:00,6.730000019073486,6.730000019073486,6.059999942779541,6.329999923706055,838600,0.0,0.0
2023-11-21 00:00:00-05:00,6.289999961853027,6.289999961853027,5.150000095367432,5.480000019073486,956900,0.0,0.0
2023-11-22 00:00:00-05:00,5.519999980926514,5.879000186920166,4.9079999923706055,5.110000133514404,964200,0.0,0.0
2023-11-24 00:00:00-05:00,5.010000228881836,5.039999961853027,4.369999885559082,4.519999980926514,647400,0.0,0.0
2023-11-27 00:00:00-05:00,4.409999847412109,4.5,4.010000228881836,4.429999828338623,575700,0.0,0.0
2023-11-28 00:00:00-05:00,4.420000076293945,4.420000076293945,4.099999904632568,4.099999904632568,353500,0.0,0.0
2023-11-29 00:00:00-05:00,4.230000019073486,4.294000148773193,3.7200000286102295,3.869999885559082,580000,0.0,0.0
2023-11-30 00:00:00-05:00,3.8399999141693115,3.869999885559082,3.259999990463257,3.3299999237060547,507600,0.0,0.0
2023-12-01 00:00:00-05:00,3.309999942779541,3.5299999713897705,2.9100000858306885,3.380000114440918,636600,0.0,0.0
2023-12-04 00:00:00-05:00,3.299999952316284,3.440000057220459,3.130000114440918,3.359999895095825,341100,0.0,0.0
2023-12-05 00:00:00-05:00,3.319999933242798,4.349999904632568,3.2950000762939453,3.690000057220459,3207000,0.0,0.0
2023-12-06 00:00:00-05:00,3.8399999141693115,4.019999980926514,3.4700000286102295,3.5899999141693115,685300,0.0,0.0
2023-12-07 00:00:00-05:00,3.549999952316284,3.5889999866485596,3.109999895095825,3.259999990463257,324000,0.0,0.0
2023-12-08 00:00:00-05:00,3.180000066757202,3.299999952316284,2.9100000858306885,2.930000066757202,423200,0.0,0.0
2023-12-11 00:00:00-05:00,2.9800000190734863,2.999000072479248,2.4800000190734863,2.4800000190734863,307500,0.0,0.0
2023-12-12 00:00:00-05:00,2.430000066757202,2.4800000190734863,2.1600000858306885,2.2799999713897705,351500,0.0,0.0
2023-12-13 00:00:00-05:00,2.309999942779541,2.619999885559082,2.190000057220459,2.5299999713897705,513100,0.0,0.0
2023-12-14 00:00:00-05:00,2.5799999237060547,2.799999952316284,2.509999990463257,2.549999952316284,474900,0.0,0.0
2023-12-15 00:00:00-05:00,2.6700000762939453,2.680000066757202,2.1600000858306885,2.359999895095825,498200,0.0,0.0
2023-12-18 00:00:00-05:00,2.3399999141693115,2.440000057220459,2.2139999866485596,2.2300000190734863,176500,0.0,0.0
2023-12-19 00:00:00-05:00,2.25,2.382999897003174,2.109999895095825,2.130000114440918,392600,0.0,0.0
2023-12-20 00:00:00-05:00,2.2699999809265137,2.9700000286102295,2.177000045776367,2.3299999237060547,2632100,0.0,0.0
2023-12-21 00:00:00-05:00,2.559999942779541,2.619999885559082,2.2699999809265137,2.369999885559082,647900,0.0,0.0
2023-12-22 00:00:00-05:00,2.2699999809265137,2.4600000381469727,2.2699999809265137,2.369999885559082,245200,0.0,0.0
2023-12-26 00:00:00-05:00,2.319999933242798,2.4100000858306885,2.180000066757202,2.190000057220459,460600,0.0,0.0
2023-12-27 00:00:00-05:00,2.1700000762939453,2.390000104904175,2.1600000858306885,2.380000114440918,274800,0.0,0.0
2023-12-28 00:00:00-05:00,2.4200000762939453,2.450000047683716,2.309999942779541,2.369999885559082,182000,0.0,0.0
2023-12-29 00:00:00-05:00,2.3299999237060547,2.4100000858306885,2.259999990463257,2.2699999809265137,131900,0.0,0.0
2024-01-02 00:00:00-05:00,2.2799999713897705,2.319999933242798,2.059999942779541,2.0899999141693115,196500,0.0,0.0
2024-01-03 00:00:00-05:00,2.109999895095825,2.190000057220459,2.069999933242798,2.1500000953674316,356200,0.0,0.0
2024-01-04 00:00:00-05:00,2.190000057220459,2.190000057220459,2.0399999618530273,2.140000104904175,100500,0.0,0.0
2024-01-05 00:00:00-05:00,2.109999895095825,2.190000057220459,1.9600000381469727,2.049999952316284,159900,0.0,0.0
2024-01-08 00:00:00-05:00,2.0299999713897705,2.0299999713897705,1.8799999952316284,1.8899999856948853,309100,0.0,0.0
2024-01-09 00:00:00-05:00,1.899999976158142,1.909999966621399,1.7000000476837158,1.7100000381469727,219100,0.0,0.0
2024-01-10 00:00:00-05:00,1.7300000190734863,1.7300000190734863,1.6399999856948853,1.659999966621399,308000,0.0,0.0
2024-01-11 00:00:00-05:00,1.690000057220459,1.690000057220459,1.472000002861023,1.5,210200,0.0,0.0
2024-01-12 00:00:00-05:00,1.5,1.555999994277954,1.4500000476837158,1.4500000476837158,218600,0.0,0.0
2024-01-16 00:00:00-05:00,1.4700000286102295,1.4700000286102295,1.2799999713897705,1.2899999618530273,207900,0.0,0.0
2024-01-17 00:00:00-05:00,1.2899999618530273,1.3170000314712524,1.2599999904632568,1.2899999618530273,252700,0.0,0.0
2024-01-18 00:00:00-05:00,1.3200000524520874,1.3200000524520874,1.2300000190734863,1.2300000190734863,123800,0.0,0.0
2024-01-19 00:00:00-05:00,1.2100000381469727,1.2640000581741333,1.2000000476837158,1.2100000381469727,81200,0.0,0.0
2024-01-22 00:00:00-05:00,1.4199999570846558,1.5499999523162842,1.2699999809265137,1.2799999713897705,15366700,0.0,0.0
2024-01-23 00:00:00-05:00,1.2000000476837158,1.3300000429153442,1.100000023841858,1.25,1826200,0.0,0.0
2024-01-24 00:00:00-05:00,1.2000000476837158,1.2400000095367432,1.1749999523162842,1.2000000476837158,492300,0.0,0.0
2024-01-25 00:00:00-05:00,1.1799999475479126,1.2200000286102295,1.149999976158142,1.1699999570846558,325900,0.0,0.0
2024-01-26 00:00:00-05:00,1.159999966621399,1.2300000190734863,1.149999976158142,1.1799999475479126,495800,0.0,0.0
2024-01-29 00:00:00-05:00,1.1699999570846558,1.2350000143051147,1.149999976158142,1.2300000190734863,309600,0.0,0.0
2024-01-30 00:00:00-05:00,1.2000000476837158,1.2100000381469727,1.100000023841858,1.1100000143051147,757400,0.0,0.0
2024-01-31 00:00:00-05:00,1.1200000047683716,1.1299999952316284,1.0800000429153442,1.090000033378601,377100,0.0,0.0
2024-02-01 00:00:00-05:00,1.090000033378601,1.1100000143051147,1.059999942779541,1.0800000429153442,514200,0.0,0.0
2024-02-02 00:00:00-05:00,1.0800000429153442,1.1100000143051147,1.059999942779541,1.0700000524520874,216800,0.0,0.0
2024-02-05 00:00:00-05:00,1.059999942779541,1.059999942779541,0.875,0.878000020980835,749000,0.0,0.0
2024-02-06 00:00:00-05:00,0.9010000228881836,0.925000011920929,0.800000011920929,0.8169999718666077,449000,0.0,0.0
2024-02-07 00:00:00-05:00,0.8080000281333923,0.8259999752044678,0.7210000157356262,0.8220000267028809,609000,0.0,0.0
2024-02-08 00:00:00-05:00,0.800000011920929,0.8140000104904175,0.7599999904632568,0.7699999809265137,230700,0.0,0.0
2024-02-09 00:00:00-05:00,0.7549999952316284,0.8299999833106995,0.7549999952316284,0.7799999713897705,261100,0.0,0.0
2024-02-12 00:00:00-05:00,0.7900000214576721,0.8330000042915344,0.7519999742507935,0.7689999938011169,125800,0.0,0.0
2024-02-13 00:00:00-05:00,0.7720000147819519,0.800000011920929,0.7400000095367432,0.7699999809265137,239300,0.0,0.0
2024-02-14 00:00:00-05:00,0.7509999871253967,0.8100000023841858,0.7509999871253967,0.800000011920929,482000,0.0,0.0
2024-02-15 00:00:00-05:00,0.7950000166893005,0.8299999833106995,0.7799999713897705,0.8209999799728394,194000,0.0,0.0
2024-02-16 00:00:00-05:00,0.8199999928474426,0.8349999785423279,0.800000011920929,0.8199999928474426,291100,0.0,0.0
2024-02-20 00:00:00-05:00,0.8399999737739563,0.8539999723434448,0.8100000023841858,0.8489999771118164,219200,0.0,0.0
2024-02-21 00:00:00-05:00,0.8550000190734863,0.8600000143051147,0.8040000200271606,0.8370000123977661,92600,0.0,0.0
2024-02-22 00:00:00-05:00,0.8259999752044678,0.8489999771118164,0.800000011920929,0.8220000267028809,98800,0.0,0.0
2024-02-23 00:00:00-05:00,0.8109999895095825,0.8399999737739563,0.800000011920929,0.8019999861717224,136700,0.0,0.0
2024-02-26 00:00:00-05:00,0.8050000071525574,0.8389999866485596,0.8019999861717224,0.8100000023841858,111600,0.0,0.0
2024-02-27 00:00:00-05:00,0.800000011920929,0.8299999833106995,0.7799999713897705,0.8080000281333923,124500,0.0,0.0
2024-02-28 00:00:00-05:00,0.8100000023841858,0.8299999833106995,0.800000011920929,0.8199999928474426,113300,0.0,0.0
2024-02-29 00:00:00-05:00,0.8149999976158142,0.8809999823570251,0.800000011920929,0.8500000238418579,187900,0.0,0.0
2024-03-01 00:00:00-05:00,0.8500000238418579,1.1200000047683716,0.8500000238418579,1.0299999713897705,3310000,0.0,0.0
2024-03-04 00:00:00-05:00,1.0800000429153442,1.4199999570846558,1.0299999713897705,1.1399999856948853,11513000,0.0,0.0
2024-03-05 00:00:00-05:00,1.2400000095367432,1.2999999523162842,1.1200000047683716,1.2100000381469727,4414100,0.0,0.0
2024-03-06 00:00:00-05:00,1.100000023841858,1.125,0.9559999704360962,1.0199999809265137,1553500,0.0,0.0
2024-03-07 00:00:00-05:00,0.9800000190734863,1.0399999618530273,0.9039999842643738,1.0,1036900,0.0,0.0
2024-03-08 00:00:00-05:00,0.9890000224113464,1.0299999713897705,0.9359999895095825,0.9700000286102295,312700,0.0,0.0
2024-03-11 00:00:00-04:00,0.953000009059906,1.0099999904632568,0.921999990940094,0.9309999942779541,302600,0.0,0.0
2024-03-12 00:00:00-04:00,0.9319999814033508,0.9570000171661377,0.8740000128746033,0.878000020980835,458000,0.0,0.0
2024-03-13 00:00:00-04:00,0.8899999856948853,0.8899999856948853,0.8270000219345093,0.8299999833106995,299900,0.0,0.0
2024-03-14 00:00:00-04:00,0.8190000057220459,0.8320000171661377,0.7509999871253967,0.7599999904632568,507300,0.0,0.0
2024-03-15 00:00:00-04:00,0.7799999713897705,0.8299999833106995,0.7620000243186951,0.7680000066757202,353500,0.0,0.0
2024-03-18 00:00:00-04:00,0.7879999876022339,0.8199999928474426,0.7749999761581421,0.7929999828338623,280800,0.0,0.0
2024-03-19 00:00:00-04:00,0.7829999923706055,0.8090000152587891,0.7580000162124634,0.7599999904632568,188800,0.0,0.0
2024-03-20 00:00:00-04:00,0.7599999904632568,0.7799999713897705,0.75,0.765999972820282,211600,0.0,0.0
2024-03-21 00:00:00-04:00,0.7900000214576721,0.800000011920929,0.7480000257492065,0.7670000195503235,200500,0.0,0.0
2024-03-22 00:00:00-04:00,0.7519999742507935,0.7730000019073486,0.7300000190734863,0.753000020980835,197700,0.0,0.0
2024-03-25 00:00:00-04:00,0.7549999952316284,0.7599999904632568,0.7110000252723694,0.7590000033378601,244700,0.0,0.0
2024-03-26 00:00:00-04:00,0.75,0.7509999871253967,0.7149999737739563,0.7300000190734863,212200,0.0,0.0
2024-03-27 00:00:00-04:00,0.734000027179718,0.7390000224113464,0.6819999814033508,0.7020000219345093,289300,0.0,0.0
2024-03-28 00:00:00-04:00,0.7239999771118164,0.7239999771118164,0.6740000247955322,0.6850000023841858,359700,0.0,0.0
2024-04-01 00:00:00-04:00,0.7139999866485596,0.7139999866485596,0.6499999761581421,0.6669999957084656,9224100,0.0,0.0
2024-04-02 00:00:00-04:00,0.8489999771118164,0.9869999885559082,0.7200000286102295,0.9100000262260437,29902100,0.0,0.0
2024-04-03 00:00:00-04:00,0.9190000295639038,1.2999999523162842,0.8610000014305115,1.0800000429153442,12993500,0.0,0.0
2024-04-04 00:00:00-04:00,1.0800000429153442,1.2000000476837158,0.8999999761581421,1.149999976158142,3517700,0.0,0.0
2024-04-05 00:00:00-04:00,1.100000023841858,1.340000033378601,1.0299999713897705,1.309999942779541,4224500,0.0,0.0
2024-04-08 00:00:00-04:00,1.440000057220459,2.640000104904175,1.409999966621399,1.559999942779541,24044900,0.0,0.0
2024-04-09 00:00:00-04:00,1.7300000190734863,1.9500000476837158,1.340000033378601,1.409999966621399,5598000,0.0,0.0
2024-04-10 00:00:00-04:00,1.3700000047683716,1.6399999856948853,1.3600000143051147,1.5199999809265137,1891200,0.0,0.0
2024-04-11 00:00:00-04:00,1.4800000190734863,1.5800000429153442,1.1200000047683716,1.1799999475479126,2533400,0.0,0.0
2024-04-12 00:00:00-04:00,1.1699999570846558,1.2000000476837158,0.9909999966621399,1.1399999856948853,1469600,0.0,0.0
2024-04-15 00:00:00-04:00,1.090000033378601,1.090000033378601,0.9100000262260437,0.9520000219345093,1376500,0.0,0.0
2024-04-16 00:00:00-04:00,0.9169999957084656,1.0199999809265137,0.8040000200271606,0.9319999814033508,1042100,0.0,0.0
2024-04-17 00:00:00-04:00,0.9110000133514404,0.9599999785423279,0.8500000238418579,0.9430000185966492,639000,0.0,0.0
2024-04-18 00:00:00-04:00,0.9300000071525574,0.949999988079071,0.828000009059906,0.8299999833106995,432300,0.0,0.0
2024-04-19 00:00:00-04:00,0.8600000143051147,1.0499999523162842,0.8600000143051147,0.9480000138282776,1544200,0.0,0.0
2024-04-22 00:00:00-04:00,0.9940000176429749,1.3300000429153442,0.9340000152587891,1.2200000286102295,2834500,0.0,0.0
2024-04-23 00:00:00-04:00,1.2000000476837158,1.3600000143051147,1.100000023841858,1.1299999952316284,1238100,0.0,0.0
2024-04-24 00:00:00-04:00,1.0800000429153442,1.1699999570846558,1.0800000429153442,1.1299999952316284,376300,0.0,0.0
2024-04-25 00:00:00-04:00,1.1100000143051147,1.1699999570846558,0.9350000023841858,0.9350000023841858,827600,0.0,0.0
2024-04-26 00:00:00-04:00,0.9990000128746033,1.0199999809265137,0.9629999995231628,1.0099999904632568,310800,0.0,0.0
2024-04-29 00:00:00-04:00,1.0299999713897705,1.0479999780654907,0.925000011920929,0.9700000286102295,421200,0.0,0.0
2024-04-30 00:00:00-04:00,0.9950000047683716,0.9950000047683716,0.949999988079071,0.9900000095367432,172500,0.0,0.0
2024-05-01 00:00:00-04:00,0.9610000252723694,0.9800000190734863,0.9100000262260437,0.9200000166893005,237200,0.0,0.0
2024-05-02 00:00:00-04:00,0.9399999976158142,0.9660000205039978,0.8999999761581421,0.9200000166893005,168700,0.0,0.0
2024-05-03 00:00:00-04:00,0.9359999895095825,0.949999988079071,0.8730000257492065,0.8949999809265137,351300,0.0,0.0
2024-05-06 00:00:00-04:00,0.8809999823570251,0.9200000166893005,0.8619999885559082,0.8859999775886536,226400,0.0,0.0
2024-05-07 00:00:00-04:00,0.8999999761581421,0.906000018119812,0.8700000047683716,0.8799999952316284,186800,0.0,0.0
2024-05-08 00:00:00-04:00,0.8799999952316284,0.906000018119812,0.8510000109672546,0.8600000143051147,170100,0.0,0.0
2024-05-09 00:00:00-04:00,0.8539999723434448,0.8899999856948853,0.8360000252723694,0.8600000143051147,198900,0.0,0.0
2024-05-10 00:00:00-04:00,0.8560000061988831,0.8799999952316284,0.8299999833106995,0.8610000014305115,129100,0.0,0.0
2024-05-13 00:00:00-04:00,0.847000002861023,0.8889999985694885,0.800000011920929,0.8080000281333923,323600,0.0,0.0
2024-05-14 00:00:00-04:00,0.800000011920929,0.8199999928474426,0.765999972820282,0.8090000152587891,671800,0.0,0.0
2024-05-15 00:00:00-04:00,0.8100000023841858,0.8330000042915344,0.7609999775886536,0.7900000214576721,438700,0.0,0.0
2024-05-16 00:00:00-04:00,0.8299999833106995,0.8799999952316284,0.7699999809265137,0.7900000214576721,655100,0.0,0.0
2024-05-17 00:00:00-04:00,0.8080000281333923,0.8289999961853027,0.7590000033378601,0.765999972820282,498200,0.0,0.0
2024-05-20 00:00:00-04:00,0.7749999761581421,0.7799999713897705,0.6899999976158142,0.7049999833106995,899200,0.0,0.0
2024-05-21 00:00:00-04:00,0.7099999785423279,0.7400000095367432,0.7049999833106995,0.7200000286102295,320000,0.0,0.0
2024-05-22 00:00:00-04:00,0.699999988079071,0.7300000190734863,0.6909999847412109,0.7129999995231628,194500,0.0,0.0
2024-05-23 00:00:00-04:00,0.7360000014305115,0.7360000014305115,0.6909999847412109,0.7059999704360962,197400,0.0,0.0
2024-05-24 00:00:00-04:00,0.6990000009536743,0.7089999914169312,0.6819999814033508,0.6990000009536743,218600,0.0,0.0
2024-05-28 00:00:00-04:00,0.699999988079071,0.7250000238418579,0.6850000023841858,0.7250000238418579,267600,0.0,0.0
2024-05-29 00:00:00-04:00,0.7250000238418579,0.7300000190734863,0.6919999718666077,0.7129999995231628,183000,0.0,0.0
2024-05-30 00:00:00-04:00,0.7020000219345093,0.7200000286102295,0.6809999942779541,0.6869999766349792,171600,0.0,0.0
2024-05-31 00:00:00-04:00,0.6809999942779541,0.7149999737739563,0.6700000166893005,0.7149999737739563,210400,0.0,0.0
2024-06-03 00:00:00-04:00,0.6919999718666077,0.7059999704360962,0.6740000247955322,0.703000009059906,225700,0.0,0.0
2024-06-04 00:00:00-04:00,0.718999981880188,0.7200000286102295,0.6819999814033508,0.7089999914169312,240900,0.0,0.0
2024-06-05 00:00:00-04:00,0.6909999847412109,0.7080000042915344,0.6890000104904175,0.7049999833106995,224400,0.0,0.0
2024-06-06 00:00:00-04:00,0.699999988079071,0.699999988079071,0.6510000228881836,0.6990000009536743,238900,0.0,0.0
2024-06-07 00:00:00-04:00,0.6850000023841858,0.7149999737739563,0.6600000262260437,0.6990000009536743,359600,0.0,0.0
2024-06-10 00:00:00-04:00,0.6899999976158142,0.6949999928474426,0.6520000100135803,0.6779999732971191,300700,0.0,0.0
2024-06-11 00:00:00-04:00,0.6800000071525574,0.6949999928474426,0.6499999761581421,0.6779999732971191,160300,0.0,0.0
2024-06-12 00:00:00-04:00,0.6710000038146973,0.6800000071525574,0.6290000081062317,0.6759999990463257,266600,0.0,0.0
2024-06-13 00:00:00-04:00,0.656000018119812,0.6600000262260437,0.6150000095367432,0.6499999761581421,253400,0.0,0.0
2024-06-14 00:00:00-04:00,0.6200000047683716,0.6460000276565552,0.6000000238418579,0.6110000014305115,199900,0.0,0.0
2024-06-17 00:00:00-04:00,0.6000000238418579,0.6060000061988831,0.5329999923706055,0.5440000295639038,407900,0.0,0.0
2024-06-18 00:00:00-04:00,0.5220000147819519,0.550000011920929,0.5210000276565552,0.5249999761581421,270000,0.0,0.0
2024-06-20 00:00:00-04:00,0.5239999890327454,0.5429999828338623,0.5199999809265137,0.5210000276565552,135400,0.0,0.0
2024-06-21 00:00:00-04:00,0.5350000262260437,0.5350000262260437,0.5019999742507935,0.503000020980835,216600,0.0,0.0
2024-06-24 00:00:00-04:00,0.5070000290870667,0.5109999775886536,0.4699999988079071,0.47699999809265137,287300,0.0,0.0
2024-06-25 00:00:00-04:00,0.4699999988079071,0.5009999871253967,0.4569999873638153,0.4569999873638153,274200,0.0,0.0
2024-06-26 00:00:00-04:00,0.46399998664855957,0.5820000171661377,0.45100000500679016,0.49399998784065247,1407400,0.0,0.0
2024-06-27 00:00:00-04:00,0.47999998927116394,0.49399998784065247,0.46000000834465027,0.4699999988079071,343500,0.0,0.0
2024-06-28 00:00:00-04:00,0.4860000014305115,0.4860000014305115,0.4440000057220459,0.46000000834465027,334000,0.0,0.0
