Date,Open,High,Low,Close,Volume,Dividends,Stock Splits
1999-07-29 00:00:00-04:00,12.780588054656981,13.281787586212157,12.529988288879393,12.529988288879395,4780800,0.0,0.0
1999-07-30 00:00:00-04:00,12.697051604329957,12.822351455688477,12.44645190161292,12.822351455688477,1036200,0.0,0.0
1999-08-02 00:00:00-04:00,12.697054799397785,12.697054799397785,12.529988288879393,12.529988288879395,168800,0.0,0.0
1999-08-03 00:00:00-04:00,12.529988288879393,12.571754916508992,12.19585526784261,12.529988288879395,246200,0.0,0.0
1999-08-04 00:00:00-04:00,12.52999209717616,12.52999209717616,12.112325693936956,12.44645881652832,178200,0.0,0.0
1999-08-05 00:00:00-04:00,12.44646075018521,12.44646075018521,11.945260988432786,12.112327575683594,67700,0.0,0.0
1999-08-06 00:00:00-04:00,12.112319707870483,12.154086327552795,11.611120271682738,11.694653511047363,103900,0.0,0.0
1999-08-09 00:00:00-04:00,11.65288971482421,11.736422974428685,11.48582319561526,11.611123085021973,75800,0.0,0.0
1999-08-10 00:00:00-04:00,11.52758490338045,11.52758490338045,11.193452007630292,11.360518455505371,81500,0.0,0.0
1999-08-11 00:00:00-04:00,11.360523784459705,11.6528902053833,11.360523784459705,11.6528902053833,18700,0.0,0.0
1999-08-12 00:00:00-04:00,12.195854025827327,12.195854025827327,11.778187792066118,11.86172103881836,63400,0.0,0.0
1999-08-13 00:00:00-04:00,11.945257568359374,11.987024203213778,11.485824584960938,11.485824584960938,62700,0.0,0.0
1999-08-16 00:00:00-04:00,11.360522600181202,11.360522600181202,10.859323073702619,10.984622955322266,72600,0.0,0.0
1999-08-17 00:00:00-04:00,10.984623475182325,11.276989879464745,10.942856845999122,11.109923362731934,37400,0.0,0.0
1999-08-18 00:00:00-04:00,11.109920399789592,11.151687017833913,10.942853927612305,10.942853927612305,36800,0.0,0.0
1999-08-19 00:00:00-04:00,10.942855871084966,11.10992237293359,10.942855871084966,11.026389122009277,32600,0.0,0.0
1999-08-20 00:00:00-04:00,10.984618947786444,11.48581829141168,10.984618947786444,11.360518455505371,136100,0.0,0.0
1999-08-23 00:00:00-04:00,11.94525612343987,11.987022753242108,11.527589825417499,11.611123085021973,193800,0.0,0.0
1999-08-24 00:00:00-04:00,11.444057932703487,11.652891106657929,11.276991393539932,11.402291297912598,126600,0.0,0.0
1999-08-25 00:00:00-04:00,11.33344937087898,11.417400847700307,11.081594940415004,11.165546417236328,125500,0.085,0.0
1999-08-26 00:00:00-04:00,11.165542209849638,11.417396545410156,11.165542209849638,11.417396545410156,32700,0.0,0.0
1999-08-27 00:00:00-04:00,11.585304014144405,11.753206970871135,11.50135253578104,11.711231231689453,34300,0.0,0.0
1999-08-30 00:00:00-04:00,11.711228905252106,12.34086486790007,11.585301712722513,12.130986213684082,136000,0.0,0.0
1999-08-31 00:00:00-04:00,12.047031907658829,12.92852204724362,11.921104744861001,12.760619163513184,309100,0.0,0.0
1999-09-01 00:00:00-04:00,12.802600163180813,12.802600163180813,12.25691556606163,12.340867042541504,49100,0.0,0.0
1999-09-02 00:00:00-04:00,12.340867042541504,12.340867042541504,11.921109660142134,12.340867042541504,50900,0.0,0.0
1999-09-03 00:00:00-04:00,12.382844462736475,12.466795950619435,12.214941486970558,12.298892974853516,52300,0.0,0.0
1999-09-07 00:00:00-04:00,12.13098909143816,12.13098909143816,11.963086128234865,11.963086128234863,12700,0.0,0.0
1999-09-08 00:00:00-04:00,11.963083682464939,11.963083682464939,11.16554477030061,11.375423431396484,54400,0.0,0.0
1999-09-09 00:00:00-04:00,11.291470278554888,11.375421730440054,11.165543100727138,11.249494552612305,28100,0.0,0.0
1999-09-10 00:00:00-04:00,11.333450867579533,11.333450867579533,10.91369342803955,10.91369342803955,91800,0.0,0.0
1999-09-13 00:00:00-04:00,10.997641841423908,11.459374895834836,10.997641841423908,11.375423431396484,33600,0.0,0.0
1999-09-14 00:00:00-04:00,11.459376096725464,11.501351833343506,10.997642993927002,11.081594467163086,18500,0.0,0.0
1999-09-15 00:00:00-04:00,11.0815907646628,11.417396545410156,10.955663596882541,11.417396545410156,69500,0.0,0.0
1999-09-16 00:00:00-04:00,11.58530061572901,11.58530061572901,11.291470527648926,11.291470527648926,84500,0.0,0.0
1999-09-17 00:00:00-04:00,11.417400833464017,11.501352310180664,11.33344935674737,11.501352310180664,22500,0.0,0.0
1999-09-20 00:00:00-04:00,11.459374895834836,11.459374895834836,11.291471966958134,11.375423431396484,18200,0.0,0.0
1999-09-21 00:00:00-04:00,11.249497413635254,11.291473150253296,11.081594467163086,11.081594467163086,23800,0.0,0.0
1999-09-22 00:00:00-04:00,11.081591648841972,11.291470278554888,11.081591648841972,11.249494552612305,19600,0.0,0.0
1999-09-23 00:00:00-04:00,11.249496894154124,11.249496894154124,10.326030731201172,10.326030731201172,55700,0.0,0.0
1999-09-24 00:00:00-04:00,10.32602899942438,10.409980454704254,9.73836881246527,10.032198905944824,80200,0.0,0.0
1999-09-27 00:00:00-04:00,10.116154706930812,10.242081943946548,9.906275978571252,9.948251724243164,69600,0.0,0.0
1999-09-28 00:00:00-04:00,9.864298820495605,9.90627456015729,9.738371601510556,9.864298820495605,37600,0.0,0.0
1999-09-29 00:00:00-04:00,9.822324259806487,9.906275749206543,9.822324259806487,9.906275749206543,114600,0.0,0.0
1999-09-30 00:00:00-04:00,10.409981727600098,10.661836124235583,10.242078796509773,10.409981727600098,83000,0.0,0.0
1999-10-01 00:00:00-04:00,10.074176788330078,10.577885627746582,10.074176788330078,10.577885627746582,65000,0.0,0.0
1999-10-04 00:00:00-04:00,10.57788803100586,10.57788803100586,10.368009300231934,10.493936538696289,107500,0.0,0.0
1999-10-05 00:00:00-04:00,10.326030230522155,10.451957428455353,10.074175834655762,10.074175834655762,83000,0.0,0.0
1999-10-06 00:00:00-04:00,10.07417532113882,10.116151051643566,9.822320938110352,9.822320938110352,58700,0.0,0.0
1999-10-07 00:00:00-04:00,9.822320267745141,10.07417463358476,9.822320267745141,10.032198905944824,68100,0.0,0.0
1999-10-08 00:00:00-04:00,9.864296421984234,9.990223610349991,9.654417774707975,9.78034496307373,60000,0.0,0.0
1999-10-11 00:00:00-04:00,9.822321637749152,9.822321637749152,9.570467236781225,9.612442970275879,40900,0.0,0.0
1999-10-12 00:00:00-04:00,9.612443932580732,9.612443932580732,8.898856391734126,9.27663803100586,177700,0.0,0.0
1999-10-13 00:00:00-04:00,9.192684353146094,10.20010181650457,9.192684353146094,10.032198905944824,75500,0.0,0.0
1999-10-14 00:00:00-04:00,9.990227238606598,10.15813021740671,9.78034851510646,9.906275749206543,50400,0.0,0.0
1999-10-15 00:00:00-04:00,9.822321389850817,9.822321389850817,9.570466995239258,9.570466995239258,15700,0.0,0.0
1999-10-18 00:00:00-04:00,9.570466007505145,9.696393191814423,9.318611638886589,9.402563095092773,29100,0.0,0.0
1999-10-19 00:00:00-04:00,9.234660113299334,9.234660113299334,8.98280574657299,9.066757202148438,36200,0.0,0.0
1999-10-20 00:00:00-04:00,9.066757202148438,9.234660113299334,8.898854290997539,9.066757202148438,25700,0.0,0.0
1999-10-21 00:00:00-04:00,9.02478289381366,9.066758628203491,8.856879956254335,8.982807159423828,15200,0.0,0.0
1999-10-22 00:00:00-04:00,8.940831899642944,9.06675910949707,8.898856163024902,8.898856163024902,17100,0.0,0.0
1999-10-25 00:00:00-04:00,8.814905166625977,8.814905166625977,8.647002211071197,8.814905166625977,38200,0.0,0.0
1999-10-26 00:00:00-04:00,8.898856163024902,9.192686319351196,8.898856163024902,8.898856163024902,319000,0.0,0.0
1999-10-27 00:00:00-04:00,8.814902186393738,8.814902186393738,6.63216450214386,6.716115951538086,991200,0.0,0.0
1999-10-28 00:00:00-04:00,6.71611686805626,6.842044059332315,6.128456642101337,6.46426248550415,958900,0.0,0.0
1999-10-29 00:00:00-04:00,6.50623804221124,6.884019605952537,6.4642623129066505,6.842043876647949,553200,0.0,0.0
1999-11-01 00:00:00-05:00,7.177850458357069,7.387729126730083,6.716117387936439,6.8000688552856445,218600,0.0,0.0
1999-11-02 00:00:00-05:00,7.051926358917056,7.2198293674627,6.884023350371412,7.093902111053467,365500,0.0,0.0
1999-11-03 00:00:00-05:00,7.093902111053467,7.303780871735523,7.051926358917056,7.093902111053467,157100,0.0,0.0
1999-11-04 00:00:00-05:00,7.051921593214938,7.135873040753211,7.009945869445801,7.009945869445801,81800,0.0,0.0
1999-11-05 00:00:00-05:00,7.009950606780645,7.135877863189878,6.884023350371412,7.093902111053467,226100,0.0,0.0
1999-11-08 00:00:00-05:00,7.1778507260228865,7.261802196502686,7.051923520303187,7.2618021965026855,125900,0.0,0.0
1999-11-09 00:00:00-05:00,7.261805831684786,7.261805831684786,7.093902806674733,7.135878562927246,79100,0.0,0.0
1999-11-10 00:00:00-05:00,7.135874990782987,7.261802196502686,7.051923520303187,7.2618021965026855,124000,0.0,0.0
1999-11-11 00:00:00-05:00,7.345753908157349,7.681559801101685,7.219826698303223,7.303778171539307,271200,0.0,0.0
1999-11-12 00:00:00-05:00,7.261805831684786,7.261805831684786,7.009951294169706,7.135878562927246,262600,0.0,0.0
1999-11-15 00:00:00-05:00,7.261802925950004,7.303778665406363,7.009948489211854,7.051924228668213,92700,0.0,0.0
1999-11-16 00:00:00-05:00,7.051922523170892,7.051922523170892,6.758092418038771,6.842043876647949,353700,0.0,0.0
1999-11-17 00:00:00-05:00,6.842046941619322,6.9679741859436035,6.758095445403134,6.9679741859436035,204200,0.0,0.0
1999-11-18 00:00:00-05:00,7.051926328424822,7.2198293362444605,7.009950576469913,7.177853584289551,162300,0.0,0.0
1999-11-19 00:00:00-05:00,7.261805831684786,7.261805831684786,7.05192705042222,7.135878562927246,480500,0.0,0.0
1999-11-22 00:00:00-05:00,7.303781184404255,7.555635708004402,7.2198296765375405,7.513659954071045,254500,0.0,0.0
1999-11-23 00:00:00-05:00,7.597609043121338,7.639584783691069,7.471681821412145,7.597609043121338,134100,0.0,0.0
1999-11-24 00:00:00-05:00,7.597609286838108,7.723536512586806,7.555633544921876,7.555633544921875,126800,0.0,0.0
1999-11-26 00:00:00-05:00,7.639584783691069,7.639584783691069,7.555633302551607,7.597609043121338,40100,0.0,0.0
1999-11-29 00:00:00-05:00,7.597607148801043,7.681558609008789,7.597607148801043,7.681558609008789,81800,0.0,0.0
1999-11-30 00:00:00-05:00,7.681561239473113,7.723536983951108,7.639585494995118,7.639585494995117,179400,0.0,0.0
1999-12-01 00:00:00-05:00,7.6395850287543405,7.6395850287543405,7.513657803005643,7.555633544921875,143600,0.0,0.0
1999-12-02 00:00:00-05:00,7.555635708004402,7.555635708004402,7.429708446204329,7.513659954071045,114200,0.0,0.0
1999-12-03 00:00:00-05:00,7.513658261561132,7.639585494995118,7.513658261561132,7.639585494995117,244700,0.0,0.0
1999-12-06 00:00:00-05:00,7.555627769298768,7.639579188957644,7.429700639810456,7.471676349639893,154100,0.0,0.0
1999-12-07 00:00:00-05:00,7.261805430470898,7.513659954071045,7.261805430470898,7.513659954071045,220800,0.0,0.0
1999-12-08 00:00:00-05:00,7.5136575619818755,7.597609043121338,7.471681821412145,7.597609043121338,248600,0.0,0.0
1999-12-09 00:00:00-05:00,7.555627769298768,7.681554898787081,7.4716763496398935,7.471676349639893,351900,0.0,0.0
1999-12-10 00:00:00-05:00,7.0519256821597915,7.093901430267886,6.758095445403134,6.9679741859436035,440700,0.0,0.0
1999-12-13 00:00:00-05:00,6.967972278594971,7.387729644775391,6.967972278594971,7.303778171539307,216200,0.0,0.0
1999-12-14 00:00:00-05:00,7.261803351508247,7.681560770670574,7.261803351508247,7.555633544921875,698600,0.0,0.0
1999-12-15 00:00:00-05:00,7.577649116516113,7.619982351803913,7.535315881228314,7.577649116516113,316700,0.095,0.0
1999-12-16 00:00:00-05:00,7.57764526345264,7.57764526345264,7.2813127671165025,7.365979194641113,108800,0.0,0.0
1999-12-17 00:00:00-05:00,7.365981888352779,7.365981888352779,7.154315742135744,7.238982200622559,67800,0.0,0.0
1999-12-20 00:00:00-05:00,7.154316551280472,7.154316551280472,6.646317742905526,6.730984210968018,316200,0.0,0.0
1999-12-21 00:00:00-05:00,6.688647042551349,6.73098025168142,6.561647415161133,6.561647415161133,185000,0.0,0.0
1999-12-22 00:00:00-05:00,6.56165144801919,6.603984683167701,6.392318507425146,6.476984977722168,215700,0.0,0.0
1999-12-23 00:00:00-05:00,6.392314192536589,6.56164701882895,6.392314192536589,6.519313812255859,137500,0.0,0.0
1999-12-27 00:00:00-05:00,6.60397972931733,6.60397972931733,6.011314881814492,6.265314102172852,256500,0.0,0.0
1999-12-28 00:00:00-05:00,6.349980508958971,6.349980508958971,6.180647695386732,6.265314102172852,165800,0.0,0.0
1999-12-29 00:00:00-05:00,6.222980898779792,6.265314102172852,6.138314491993672,6.265314102172852,117500,0.0,0.0
1999-12-30 00:00:00-05:00,6.2229854846822805,6.2653187192719555,6.13831901550293,6.13831901550293,142900,0.0,0.0
1999-12-31 00:00:00-05:00,6.053650015876406,6.26531610034761,6.011316798982166,6.222982883453369,144700,0.0,0.0
2000-01-03 00:00:00-05:00,6.476982299855213,6.476982299855213,6.3076494292707626,6.392315864562988,102200,0.0,0.0
2000-01-04 00:00:00-05:00,6.307646976758356,6.349980177944654,6.095980970826868,6.180647373199463,97100,0.0,0.0
2000-01-05 00:00:00-05:00,6.180649666559129,6.222982883453369,6.095983232770648,6.222982883453369,101600,0.0,0.0
2000-01-06 00:00:00-05:00,6.138315851038153,6.1806490638039335,6.0113162127408115,6.053649425506592,122300,0.0,0.0
2000-01-07 00:00:00-05:00,6.095985780913254,6.180652250092605,6.011319311733903,6.13831901550293,130900,0.0,0.0
2000-01-10 00:00:00-05:00,6.2229855668311025,6.476984977722168,6.2229855668311025,6.476984977722168,165700,0.0,0.0
2000-01-11 00:00:00-05:00,6.561647669265144,6.561647669265144,6.434648036956787,6.434648036956787,63000,0.0,0.0
2000-01-12 00:00:00-05:00,6.519313812255859,6.603980225402039,6.4346473991096795,6.519313812255859,433800,0.0,0.0
2000-01-13 00:00:00-05:00,6.519313812255859,6.56164701882895,6.519313812255859,6.519313812255859,54500,0.0,0.0
2000-01-14 00:00:00-05:00,6.519318212870679,6.56165144801919,6.434651742573657,6.476984977722168,45200,0.0,0.0
2000-01-18 00:00:00-05:00,6.476982299855213,6.476982299855213,6.349982646916875,6.392315864562988,84000,0.0,0.0
2000-01-19 00:00:00-05:00,6.392315864562988,6.392315864562988,6.3076494292707626,6.392315864562988,86800,0.0,0.0
2000-01-20 00:00:00-05:00,6.476983956842615,6.476983956842615,6.053651672081659,6.307651042938232,162300,0.0,0.0
2000-01-21 00:00:00-05:00,6.773315334912413,7.196647543344439,6.6886488932260075,6.815648555755615,1517200,0.0,0.0
2000-01-24 00:00:00-05:00,6.815648944514572,6.942648614288135,6.603982828225299,6.646316051483154,274100,0.0,0.0
2000-01-25 00:00:00-05:00,6.646315170439663,6.646315170439663,6.3076494292707626,6.392315864562988,215600,0.0,0.0
2000-01-26 00:00:00-05:00,6.47698060568277,6.56164701882895,6.3499809859635,6.519313812255859,127900,0.0,0.0
2000-01-27 00:00:00-05:00,6.561647669265144,6.561647669265144,6.265315193878977,6.434648036956787,141400,0.0,0.0
2000-01-28 00:00:00-05:00,6.265314102172852,6.39231371235203,6.265314102172852,6.265314102172852,149200,0.0,0.0
2000-01-31 00:00:00-05:00,6.3499809859635,6.519313812255859,6.26531457281732,6.519313812255859,148000,0.0,0.0
2000-02-01 00:00:00-05:00,6.392316344456795,6.646315669402098,6.392316344456795,6.603982448577881,158400,0.0,0.0
2000-02-02 00:00:00-05:00,6.561648961974353,7.027314372178985,6.561648961974353,6.942647933959961,182200,0.0,0.0
2000-02-03 00:00:00-05:00,7.027312779426575,7.0696459889411924,6.73098031282425,6.773313522338867,115300,0.0,0.0
2000-02-04 00:00:00-05:00,6.857980728149414,7.027313585634585,6.773314299406828,6.857980728149414,129200,0.0,0.0
2000-02-07 00:00:00-05:00,6.900314997442021,6.942648218285224,6.6886488932260075,6.815648555755615,73600,0.0,0.0
2000-02-08 00:00:00-05:00,6.900311649916414,7.154310851753828,6.900311649916414,7.069644451141357,186000,0.0,0.0
2000-02-09 00:00:00-05:00,7.069647677337067,7.11198089696184,6.561649041839793,6.688648700714111,87100,0.0,0.0
2000-02-10 00:00:00-05:00,6.773315057521914,6.984981153069474,6.730981838412402,6.942647933959961,109600,0.0,0.0
2000-02-11 00:00:00-05:00,6.942650685165868,7.069650392821341,6.90031744928071,6.984983921051025,73000,0.0,0.0
2000-02-14 00:00:00-05:00,6.8156467318534855,6.942646360397339,6.6886471033096315,6.773313522338867,88800,0.0,0.0
2000-02-15 00:00:00-05:00,6.730982111050532,6.77331533187475,6.561649227753664,6.603982448577881,50700,0.0,0.0
2000-02-16 00:00:00-05:00,6.603984683167701,6.688651153464723,6.307652037128125,6.476984977722168,163600,0.0,0.0
2000-02-17 00:00:00-05:00,6.561647415161133,6.6039806242912045,6.519314206031061,6.561647415161133,85200,0.0,0.0
2000-02-18 00:00:00-05:00,6.561647415161133,6.6039806242912045,6.434647787770917,6.561647415161133,80400,0.0,0.0
2000-02-22 00:00:00-05:00,6.603982448577881,6.646315669402098,6.519316006929446,6.603982448577881,68800,0.0,0.0
2000-02-23 00:00:00-05:00,6.51931718531871,6.561650413794805,6.180651357509945,6.307651042938232,106900,0.0,0.0
2000-02-24 00:00:00-05:00,6.307651953861631,6.519318126810008,6.13831901550293,6.13831901550293,129500,0.0,0.0
2000-02-25 00:00:00-05:00,6.2229836483796435,6.265316870477465,6.053650759988361,6.095983982086182,191800,0.0,0.0
2000-02-28 00:00:00-05:00,6.18064815967114,6.519313812255859,6.18064815967114,6.519313812255859,71100,0.0,0.0
2000-02-29 00:00:00-05:00,6.603980880034597,6.603980880034597,6.095982350801167,6.434648036956787,159600,0.0,0.0
2000-03-01 00:00:00-05:00,6.349980508958971,6.56164652592427,6.265314102172852,6.265314102172852,124000,0.0,0.0
2000-03-02 00:00:00-05:00,6.307652037128125,6.56165144801919,6.307652037128125,6.476984977722168,174900,0.0,0.0
2000-03-03 00:00:00-05:00,6.4769809969009895,6.773313460811492,6.4769809969009895,6.561647415161133,160400,0.0,0.0
2000-03-06 00:00:00-05:00,6.603980225402039,6.603980225402039,6.4346473991096795,6.519313812255859,167900,0.0,0.0
2000-03-07 00:00:00-05:00,6.519316006929446,6.900314994347402,6.4346495652810125,6.603982448577881,799900,0.0,0.0
2000-03-08 00:00:00-05:00,6.603980684280396,6.8156467318534855,6.603980684280396,6.773313522338867,242400,0.0,0.0
2000-03-09 00:00:00-05:00,6.73098211406921,6.857981776598819,6.73098211406921,6.815648555755615,211800,0.0,0.0
2000-03-10 00:00:00-05:00,6.815648276631426,7.027314372178985,6.773315057521914,6.942647933959961,168200,0.0,0.0
2000-03-13 00:00:00-05:00,6.773315334912413,6.942648218285224,6.773315334912413,6.815648555755615,121100,0.0,0.0
2000-03-14 00:00:00-05:00,6.688651153464723,6.815650858910256,6.349985272276635,6.476984977722168,501600,0.0,0.0
2000-03-15 00:00:00-05:00,6.519315517501325,6.603981952793551,6.349982646916875,6.392315864562988,180100,0.0,0.0
2000-03-16 00:00:00-05:00,6.4769809969009895,6.688647042551349,6.4769809969009895,6.561647415161133,327100,0.0,0.0
2000-03-17 00:00:00-05:00,6.4346473991096795,6.519313812255859,6.392314192536589,6.519313812255859,128200,0.0,0.0
2000-03-20 00:00:00-05:00,6.4346495652810125,6.857981773523184,6.4346495652810125,6.603982448577881,559300,0.0,0.0
2000-03-21 00:00:00-05:00,6.646315481089339,6.773315139963657,6.603982261464566,6.688648700714111,174800,0.0,0.0
2000-03-22 00:00:00-05:00,6.6039806242912045,6.73098025168142,6.519314206031061,6.561647415161133,154800,0.0,0.0
2000-03-23 00:00:00-05:00,6.4556205774608415,6.62663039408232,6.4556205774608415,6.498373031616211,90800,0.095,0.0
2000-03-24 00:00:00-05:00,6.455620265986822,6.455620265986822,6.156353101338426,6.241858005523682,149100,0.0,0.0
2000-03-27 00:00:00-05:00,6.284612655639648,6.3701175897299835,6.241860188594481,6.284612655639648,62000,0.0,0.0
2000-03-28 00:00:00-05:00,6.327367966750572,6.3701204530124,6.199110507965088,6.199110507965088,115200,0.0,0.0
2000-03-29 00:00:00-05:00,6.241862994226916,6.327367966750572,6.15635802170326,6.199110507965088,59300,0.0,0.0
2000-03-30 00:00:00-05:00,6.156354823582609,6.199107287635266,5.942592503319324,6.070849895477295,91100,0.0,0.0
2000-03-31 00:00:00-05:00,6.1991067102977215,6.24185917036874,5.985344409942627,5.985344409942627,121100,0.0,0.0
2000-04-03 00:00:00-04:00,5.985343292967914,6.241858005523682,5.985343292967914,6.241858005523682,72100,0.0,0.0
2000-04-04 00:00:00-04:00,6.284615480488744,6.3701204530124,6.113605535441431,6.199110507965088,153400,0.0,0.0
2000-04-05 00:00:00-04:00,6.156355381011963,6.199107848935657,6.113602913088268,6.156355381011963,85600,0.0,0.0
2000-04-06 00:00:00-04:00,6.156355254504145,6.284612655639648,6.07085032041381,6.284612655639648,73100,0.0,0.0
2000-04-07 00:00:00-04:00,6.284613482601992,6.284613482601992,6.028098646577422,6.113603591918945,94000,0.0,0.0
2000-04-10 00:00:00-04:00,6.113602359529952,6.156354823582609,6.028097431424638,6.070849895477295,35300,0.0,0.0
2000-04-11 00:00:00-04:00,6.113603591918945,6.1563560645897075,5.899841228565136,6.113603591918945,91000,0.0,0.0
2000-04-12 00:00:00-04:00,6.0280994854385055,6.070851964058637,5.85708957095798,5.942594528198242,82300,0.0,0.0
2000-04-13 00:00:00-04:00,5.985347006818373,6.070851964058637,5.899842049578111,5.942594528198242,52000,0.0,0.0
2000-04-14 00:00:00-04:00,5.857087568136362,5.857087568136362,5.4723153921274035,5.5578203201293945,101800,0.0,0.0
2000-04-17 00:00:00-04:00,5.515065670013428,5.686075458230898,5.386808328850324,5.515065670013428,127000,0.0,0.0
2000-04-18 00:00:00-04:00,5.600574901138527,6.070852182913518,5.600574901138527,5.899842262268066,71800,0.0,0.0
2000-04-19 00:00:00-04:00,5.942593701235898,6.113603591918945,5.899841228565136,6.113603591918945,75900,0.0,0.0
2000-04-20 00:00:00-04:00,6.028097960200623,6.028097960200623,5.814335621186416,5.857088088989258,81300,0.0,0.0
2000-04-24 00:00:00-04:00,5.857088146787701,5.857088146787701,5.6433258056640625,5.6433258056640625,224000,0.0,0.0
2000-04-25 00:00:00-04:00,5.72883155964039,5.857088982617413,5.72883155964039,5.7715840339660645,100100,0.0,0.0
2000-04-26 00:00:00-04:00,5.72883155964039,5.899841456943087,5.72883155964039,5.7715840339660645,77600,0.0,0.0
2000-04-27 00:00:00-04:00,5.728829383850098,5.728829383850098,5.643324467673231,5.728829383850098,49400,0.0,0.0
2000-04-28 00:00:00-04:00,5.686079085314715,5.7715840339660645,5.643326610989041,5.7715840339660645,63100,0.0,0.0
2000-05-01 00:00:00-04:00,5.771581841938532,5.814334300026965,5.686076925761665,5.728829383850098,63500,0.0,0.0
2000-05-02 00:00:00-04:00,5.728829383850098,5.857086758115399,5.707453154805881,5.728829383850098,133700,0.0,0.0
2000-05-03 00:00:00-04:00,5.771581453221445,5.814333908430492,5.515066721967158,5.600571632385254,70400,0.0,0.0
2000-05-04 00:00:00-04:00,5.68607654280335,5.68607654280335,5.515066721967158,5.600571632385254,118600,0.0,0.0
2000-05-05 00:00:00-04:00,5.557819639935213,5.814334392547607,5.51506718116648,5.814334392547607,262100,0.0,0.0
2000-05-08 00:00:00-04:00,5.771582109587533,5.985344409942627,5.7288296495165145,5.985344409942627,70700,0.0,0.0
2000-05-09 00:00:00-04:00,6.028097000989047,6.626631454987959,6.028097000989047,6.583878993988037,372600,0.0,0.0
2000-05-10 00:00:00-04:00,6.583883129575717,7.054160495973983,6.541130641721329,6.797645568847656,388500,0.0,0.0
2000-05-11 00:00:00-04:00,6.797642575369941,7.054157389534844,6.797642575369941,6.925899982452393,267800,0.0,0.0
2000-05-12 00:00:00-04:00,6.968650436401367,7.011402893066406,6.84039306640625,6.84039306640625,312000,0.0,0.0
2000-05-15 00:00:00-04:00,6.840392700926272,7.182412335972586,6.840392700926272,7.139659881591797,122300,0.0,0.0
2000-05-16 00:00:00-04:00,7.182417217053865,7.438932117662931,7.182417217053865,7.310674667358398,179500,0.0,0.0
2000-05-17 00:00:00-04:00,7.310673610730604,7.65269342877648,7.26792113347487,7.524435997009277,104700,0.0,0.0
2000-05-18 00:00:00-04:00,7.524436204329781,8.037465945534084,7.524436204329781,7.866456031799316,208000,0.0,0.0
2000-05-19 00:00:00-04:00,7.909208942245651,7.951961423014546,7.609941576863383,7.780951499938965,72800,0.0,0.0
2000-05-22 00:00:00-04:00,7.6954436710902625,7.738196135929653,7.43892888205392,7.4816813468933105,91400,0.0,0.0
2000-05-23 00:00:00-04:00,7.438929182584168,7.866453848249924,7.438929182584168,7.82370138168335,119900,0.0,0.0
2000-05-24 00:00:00-04:00,7.80301122875004,7.932342906574626,7.58745843237573,7.846121788024902,169800,0.095,0.0
2000-05-25 00:00:00-04:00,7.846120177722368,7.889230728149414,7.759899076868276,7.889230728149414,46900,0.0,0.0
2000-05-26 00:00:00-04:00,7.846119056577268,7.975450689377992,7.846119056577268,7.932340145111084,103800,0.0,0.0
2000-05-30 00:00:00-04:00,7.932341278576461,8.018562379430552,7.846120177722368,7.889230728149414,123500,0.0,0.0
2000-05-31 00:00:00-04:00,7.803011975389846,8.191007045989341,7.803011975389846,8.104785919189453,128000,0.0,0.0
2000-06-01 00:00:00-04:00,8.147892863933857,8.449666673709185,8.104782319680238,8.406556129455566,153700,0.0,0.0
2000-06-02 00:00:00-04:00,8.363443960057626,9.010101998206412,8.363443960057626,8.708328247070312,229300,0.0,0.0
2000-06-05 00:00:00-04:00,8.751441538333893,9.311878681182861,8.708330988883972,8.966994285583496,208600,0.0,0.0
2000-06-06 00:00:00-04:00,8.880770390576656,8.923880926453242,8.53588610356397,8.708328247070312,141400,0.0,0.0
2000-06-07 00:00:00-04:00,8.794554423816098,9.010107228321393,8.622112180211861,8.751443862915039,187000,0.0,0.0
2000-06-08 00:00:00-04:00,8.708328247070312,8.751438782946899,8.53588610356397,8.708328247070312,60100,0.0,0.0
2000-06-09 00:00:00-04:00,8.708329727536155,9.053214073181152,8.708329727536155,9.053214073181152,95400,0.0,0.0
2000-06-12 00:00:00-04:00,8.966995309252257,9.398100852966309,8.880774200509448,9.398100852966309,73900,0.0,0.0
2000-06-13 00:00:00-04:00,9.311877332414898,9.354987875620523,9.053214073181152,9.053214073181152,123900,0.0,0.0
2000-06-14 00:00:00-04:00,9.139434169715559,9.182544708251953,9.010102554106377,9.182544708251953,73900,0.0,0.0
2000-06-15 00:00:00-04:00,9.139439440788108,9.139439440788108,7.932343665589678,8.104785919189453,161800,0.0,0.0
2000-06-16 00:00:00-04:00,8.191002423490458,8.665218353271484,8.191002423490458,8.665218353271484,189300,0.0,0.0
2000-06-19 00:00:00-04:00,8.665217711193726,8.751438782946899,8.53588610356397,8.708328247070312,65200,0.0,0.0
2000-06-20 00:00:00-04:00,8.70833330201398,8.751443862915039,8.622112180211861,8.751443862915039,97000,0.0,0.0
2000-06-21 00:00:00-04:00,8.665221286542488,8.70833184020688,8.449668518220536,8.535889625549316,58300,0.0,0.0
2000-06-22 00:00:00-04:00,8.53588610356397,8.751438782946899,8.492775567687383,8.708328247070312,84500,0.0,0.0
2000-06-23 00:00:00-04:00,8.708329727536155,9.1394351595924,8.708329727536155,9.053214073181152,65600,0.0,0.0
2000-06-26 00:00:00-04:00,8.966994744760019,9.39810026133502,8.966994744760019,9.31187915802002,162900,0.0,0.0
2000-06-27 00:00:00-04:00,9.22565729628764,9.742983873649564,9.22565729628764,9.613652229309082,180200,0.0,0.0
2000-06-28 00:00:00-04:00,9.527436161454107,9.958541870117188,9.527436161454107,9.958541870117188,308200,0.0,0.0
2000-06-29 00:00:00-04:00,9.872314038658947,10.346529996847805,9.57054024708422,10.217198371887207,254400,0.0,0.0
2000-06-30 00:00:00-04:00,10.303418361915734,10.43274997315317,9.139433860778809,9.139433860778809,804100,0.0,0.0
2000-07-03 00:00:00-04:00,9.139433860778809,9.182544397857955,9.096323323699664,9.139433860778809,43100,0.0,0.0
2000-07-05 00:00:00-04:00,9.182544397857955,9.182544397857955,9.096323323699664,9.139433860778809,67900,0.0,0.0
2000-07-06 00:00:00-04:00,9.225657007715723,9.570541381835938,9.182546460950697,9.570541381835938,64100,0.0,0.0
2000-07-07 00:00:00-04:00,9.570541381835938,9.65676247536599,9.527430835070911,9.570541381835938,55700,0.0,0.0
2000-07-10 00:00:00-04:00,9.613650895001596,9.91542468991196,9.570540352871543,9.829203605651855,70800,0.0,0.0
2000-07-11 00:00:00-04:00,9.829208475748699,9.872319039238823,9.656766221788194,9.69987678527832,72200,0.0,0.0
2000-07-12 00:00:00-04:00,9.699871313982996,10.0016450881958,9.656760774809738,10.0016450881958,99600,0.0,0.0
2000-07-13 00:00:00-04:00,9.95853515771719,10.174087866758688,9.95853515771719,10.08786678314209,127800,0.0,0.0
2000-07-14 00:00:00-04:00,10.044760326628989,10.174092004654256,9.915428648603724,10.1309814453125,54200,0.0,0.0
2000-07-17 00:00:00-04:00,10.04475624133379,10.130977324950388,10.00164569952549,10.08786678314209,68000,0.0,0.0
2000-07-18 00:00:00-04:00,10.001648750625739,10.346533190302488,9.958538195666144,10.2603120803833,160900,0.0,0.0
2000-07-19 00:00:00-04:00,10.130979059026105,10.130979059026105,9.699873567152652,9.786094665527344,48500,0.0,0.0
2000-07-20 00:00:00-04:00,9.699877068004776,9.915429891738215,9.656766503258089,9.742987632751465,82700,0.0,0.0
2000-07-21 00:00:00-04:00,9.69987332553607,9.742983873649564,9.613652229309082,9.613652229309082,28600,0.0,0.0
2000-07-24 00:00:00-04:00,9.570546549016779,9.570546549016779,9.311883128773083,9.484325408935547,82000,0.0,0.0
2000-07-25 00:00:00-04:00,9.398100470575157,9.398100470575157,8.923884391784668,8.923884391784668,142300,0.0,0.0
2000-07-26 00:00:00-04:00,8.966998568448153,9.484325408935547,8.837666858326305,9.484325408935547,71000,0.0,0.0
2000-07-27 00:00:00-04:00,9.484325408935547,9.527435978976163,9.354993698813699,9.484325408935547,32300,0.0,0.0
2000-07-28 00:00:00-04:00,9.484315854366695,9.527426380977452,9.225652694702148,9.225652694702148,29500,0.0,0.0
2000-07-31 00:00:00-04:00,9.225658489064582,9.225658489064582,9.09632682800293,9.09632682800293,47300,0.0,0.0
2000-08-01 00:00:00-04:00,9.096323323699664,9.182544397857955,9.096323323699664,9.139433860778809,27300,0.0,0.0
2000-08-02 00:00:00-04:00,9.096328350123512,9.096328350123512,8.70833330201398,8.751443862915039,77800,0.0,0.0
2000-08-03 00:00:00-04:00,8.751443862915039,8.794554423816098,8.70833330201398,8.751443862915039,60600,0.0,0.0
2000-08-04 00:00:00-04:00,8.794554423816098,8.794554423816098,8.70833330201398,8.751443862915039,14800,0.0,0.0
2000-08-07 00:00:00-04:00,8.751443862915039,8.794554423816098,8.70833330201398,8.751443862915039,23500,0.0,0.0
2000-08-08 00:00:00-04:00,8.708328247070312,8.751438782946899,8.665217711193726,8.708328247070312,30200,0.0,0.0
2000-08-09 00:00:00-04:00,8.57899727512948,8.708328892342486,8.57899727512948,8.665218353271484,67900,0.0,0.0
2000-08-10 00:00:00-04:00,8.708328892342486,8.708328892342486,8.665218353271484,8.665218353271484,35500,0.0,0.0
2000-08-11 00:00:00-04:00,8.665222083821016,8.837664314344817,8.622111526190066,8.794553756713867,45100,0.0,0.0
2000-08-14 00:00:00-04:00,8.880770938497195,9.182544708251953,8.8376603999608,9.182544708251953,51600,0.0,0.0
2000-08-15 00:00:00-04:00,9.096324616386775,9.1394351595924,8.966992986769903,9.053214073181152,63700,0.0,0.0
2000-08-16 00:00:00-04:00,8.966995166941276,9.09632682800293,8.966995166941276,9.09632682800293,205500,0.0,0.0
2000-08-17 00:00:00-04:00,9.096330278570003,9.484325408935547,9.053219708529385,9.484325408935547,48000,0.0,0.0
2000-08-18 00:00:00-04:00,9.441214561462402,9.441214561462402,9.3549934239148,9.441214561462402,35400,0.0,0.0
2000-08-21 00:00:00-04:00,9.398097684306483,9.398097684306483,9.354987144470215,9.354987144470215,59500,0.0,0.0
2000-08-22 00:00:00-04:00,9.311879744223498,9.398100852966309,9.311879744223498,9.398100852966309,85600,0.0,0.0
2000-08-23 00:00:00-04:00,9.311876604633946,9.398097684306483,9.225655524961411,9.354987144470215,63200,0.0,0.0
2000-08-24 00:00:00-04:00,9.268772286367199,9.441214561462402,9.268772286367199,9.441214561462402,63100,0.0,0.0
2000-08-25 00:00:00-04:00,9.354987144470215,9.398097684306483,9.354987144470215,9.354987144470215,30500,0.0,0.0
2000-08-28 00:00:00-04:00,9.354987144470215,9.398097684306483,9.26876606479768,9.354987144470215,80700,0.0,0.0
2000-08-29 00:00:00-04:00,9.290735129956845,9.594637680936742,9.290735129956845,9.377564430236816,114200,0.095,0.0
2000-08-30 00:00:00-04:00,9.334150607432793,9.464394569396973,9.290735953444734,9.464394569396973,84600,0.0,0.0
2000-08-31 00:00:00-04:00,9.377565547891331,9.681468135091514,9.290736237262708,9.59463882446289,180600,0.0,0.0
2000-09-01 00:00:00-04:00,9.594640452067058,9.898543090820313,9.594640452067058,9.768299102783203,113000,0.0,0.0
2000-09-05 00:00:00-04:00,9.72488106246543,9.855125005266308,9.72488106246543,9.811710357666016,131300,0.0,0.0
2000-09-06 00:00:00-04:00,9.811711430549622,9.811711430549622,9.724882125854492,9.724882125854492,143700,0.0,0.0
2000-09-07 00:00:00-04:00,9.811709610191551,9.811709610191551,9.551221744434253,9.63805103302002,112800,0.0,0.0
2000-09-08 00:00:00-04:00,9.63804756816308,9.63804756816308,8.639511108398438,8.639511108398438,201000,0.0,0.0
2000-09-11 00:00:00-04:00,8.682928223540817,8.986830711364746,8.552684300187705,8.986830711364746,35600,0.0,0.0
2000-09-12 00:00:00-04:00,8.986830711364746,9.03024535248245,8.856586788011633,8.986830711364746,67900,0.0,0.0
2000-09-13 00:00:00-04:00,8.943416595458984,9.030245882793539,8.856587308124432,8.943416595458984,42500,0.0,0.0
2000-09-14 00:00:00-04:00,8.986833697993582,8.986833697993582,8.856589731355994,8.900004386901855,45400,0.0,0.0
2000-09-15 00:00:00-04:00,8.813169623140114,8.813169623140114,8.46585259365676,8.639511108398438,81800,0.0,0.0
2000-09-18 00:00:00-04:00,7.814635756593313,7.814635756593313,6.642440393104317,6.989757537841797,263500,0.0,0.0
2000-09-19 00:00:00-04:00,6.989757108688355,7.033171749114991,6.7726839065551765,6.946342468261719,145800,0.0,0.0
2000-09-20 00:00:00-04:00,6.902927827835083,6.989757108688355,6.859513187408448,6.946342468261719,85600,0.0,0.0
2000-09-21 00:00:00-04:00,6.859517499335906,7.03317617020517,6.859517499335906,6.902932167053223,63100,0.0,0.0
2000-09-22 00:00:00-04:00,6.816098965473056,7.033172180933982,6.816098965473056,6.989757537841797,33200,0.0,0.0
2000-09-25 00:00:00-04:00,6.946342571361645,6.946342571361645,6.25170831422548,6.4253668785095215,933700,0.0,0.0
2000-09-26 00:00:00-04:00,6.512197911344616,6.555612564086914,6.4253686058600215,6.555612564086914,35000,0.0,0.0
2000-09-27 00:00:00-04:00,6.512196160651541,6.599025442793562,6.4253668785095215,6.4253668785095215,14900,0.0,0.0
2000-09-28 00:00:00-04:00,6.512197911344616,6.642441869571509,6.468783258602319,6.555612564086914,39000,0.0,0.0
2000-09-29 00:00:00-04:00,6.555610224405925,6.599024861653646,6.338537038167318,6.512195587158203,55100,0.0,0.0
2000-10-02 00:00:00-04:00,6.512198042362295,6.599027349593792,6.078051506204808,6.121466159820557,97400,0.0,0.0
2000-10-03 00:00:00-04:00,6.034635648240139,6.20829422804561,5.947806358337402,5.947806358337402,113900,0.0,0.0
2000-10-04 00:00:00-04:00,5.947806743475107,5.947806743475107,5.557074913611779,5.643904209136963,127100,0.0,0.0
2000-10-05 00:00:00-04:00,5.60048919872646,5.947806358337402,5.557074553775092,5.947806358337402,90300,0.0,0.0
2000-10-06 00:00:00-04:00,5.90439277931496,6.078051390471281,5.6439048625804755,5.860978126525879,80600,0.0,0.0
2000-10-09 00:00:00-04:00,5.730732867592259,5.860976796401174,5.643903581719649,5.7741475105285645,48000,0.0,0.0
2000-10-10 00:00:00-04:00,5.73073410987854,5.904392719268799,5.557075500488281,5.904392719268799,87700,0.0,0.0
2000-10-11 00:00:00-04:00,5.817563414573669,5.817563414573669,5.557075500488281,5.557075500488281,124500,0.0,0.0
2000-10-12 00:00:00-04:00,5.643904805183411,5.687319457530975,5.470246195793152,5.557075500488281,65400,0.0,0.0
2000-10-13 00:00:00-04:00,5.470246195793152,5.73073410987854,5.470246195793152,5.557075500488281,77200,0.0,0.0
2000-10-16 00:00:00-04:00,5.557074483235677,5.557074483235677,5.209757328033447,5.209757328033447,75200,0.0,0.0
2000-10-17 00:00:00-04:00,5.079514210341406,5.2965874671936035,5.079514210341406,5.2965874671936035,35400,0.0,0.0
2000-10-18 00:00:00-04:00,5.036099558970967,5.470246072675361,5.036099558970967,5.2965874671936035,125000,0.0,0.0
2000-10-19 00:00:00-04:00,5.29658683013916,5.470245414733887,5.253172183990478,5.426830768585205,72900,0.0,0.0
2000-10-20 00:00:00-04:00,5.4268305500348415,5.47024519443512,5.209757328033447,5.209757328033447,56300,0.0,0.0
2000-10-23 00:00:00-04:00,5.166341871277899,5.2531711464254265,4.9492686834090796,5.079512596130371,63400,0.0,0.0
2000-10-24 00:00:00-04:00,5.079514084191158,5.209758035067854,4.949270133314462,5.036099433898926,74900,0.0,0.0
2000-10-25 00:00:00-04:00,4.992685380734896,4.992685380734896,4.732197447826988,4.949270725250244,191500,0.0,0.0
2000-10-26 00:00:00-04:00,4.905854045835316,5.079512596130371,4.819024770687788,5.079512596130371,140400,0.0,0.0
2000-10-27 00:00:00-04:00,5.036099320751125,5.122928619384766,4.992684671434306,5.122928619384766,65700,0.0,0.0
2000-10-30 00:00:00-05:00,5.0361009348993715,5.2097595878269365,4.9926862716674805,4.9926862716674805,102400,0.0,0.0
2000-10-31 00:00:00-05:00,4.99268507394265,5.513660907745361,4.949270421125757,5.513660907745361,103000,0.0,0.0
2000-11-01 00:00:00-05:00,5.426831209837501,5.817563056945801,5.296587260801401,5.817563056945801,93900,0.0,0.0
2000-11-02 00:00:00-05:00,5.730732621373357,6.4253668785095215,5.687317980302346,6.4253668785095215,64800,0.0,0.0
2000-11-03 00:00:00-05:00,6.425366312662761,6.512195587158203,6.381951675415039,6.512195587158203,29500,0.0,0.0
2000-11-06 00:00:00-05:00,6.338536739349365,6.338536739349365,6.121463563344251,6.338536739349365,35800,0.0,0.0
2000-11-07 00:00:00-05:00,6.251707763671876,6.512195587158203,6.208293126424154,6.512195587158203,26700,0.0,0.0
2000-11-08 00:00:00-05:00,6.425366009751412,6.599024550555504,6.2951221041483425,6.338536739349365,52700,0.0,0.0
2000-11-09 00:00:00-05:00,6.1648774896349225,6.295121380261013,5.991218968800136,6.078048229217529,51800,0.0,0.0
2000-11-10 00:00:00-05:00,5.904392473625414,5.904392473625414,5.643904570377234,5.730733871459961,45600,0.0,0.0
2000-11-13 00:00:00-05:00,5.557074913611779,5.643904209136963,5.426830970324003,5.643904209136963,55400,0.0,0.0
2000-11-14 00:00:00-05:00,5.730733871459961,5.774148522001324,5.600489919835871,5.730733871459961,28100,0.0,0.0
2000-11-15 00:00:00-05:00,5.643904570377234,5.860977823084051,5.643904570377234,5.730733871459961,47400,0.0,0.0
2000-11-16 00:00:00-05:00,5.73073410987854,5.73073410987854,5.557075500488281,5.557075500488281,34500,0.0,0.0
2000-11-17 00:00:00-05:00,5.470246195793152,5.557075500488281,5.470246195793152,5.557075500488281,47700,0.0,0.0
2000-11-20 00:00:00-05:00,5.470245414733887,5.513660060882568,5.426830768585205,5.426830768585205,21800,0.0,0.0
2000-11-21 00:00:00-05:00,5.4268323309053255,5.557076306847053,5.34000301361084,5.34000301361084,26600,0.0,0.0
2000-11-22 00:00:00-05:00,5.079512422735041,5.253170967102051,5.079512422735041,5.253170967102051,87500,0.0,0.0
2000-11-24 00:00:00-05:00,5.209759037669112,5.34000301361084,5.209759037669112,5.34000301361084,138100,0.0,0.0
2000-11-27 00:00:00-05:00,5.2965874671936035,5.383416769934482,5.253172815823164,5.2965874671936035,20800,0.0,0.0
2000-11-28 00:00:00-05:00,5.122929347188849,5.166344002673501,4.949270725250244,4.949270725250244,65800,0.0,0.0
2000-11-29 00:00:00-05:00,4.949270133314462,5.1229287344833905,4.949270133314462,5.036099433898926,56500,0.0,0.0
2000-11-30 00:00:00-05:00,4.862441062927246,4.99268501996994,4.862441062927246,4.862441062927246,97500,0.0,0.0
2000-12-01 00:00:00-05:00,4.819025883632423,4.9492698264333,4.819025883632423,4.905855178833008,37500,0.0,0.0
2000-12-04 00:00:00-05:00,4.819027974388816,4.9492719736966215,4.775613307952881,4.775613307952881,52900,0.0,0.0
2000-12-05 00:00:00-05:00,4.775612103311639,4.992685380734896,4.775612103311639,4.949270725250244,168300,0.0,0.0
2000-12-06 00:00:00-05:00,5.036097958556607,5.29658578399919,5.036097958556607,5.079512596130371,44300,0.0,0.0
2000-12-07 00:00:00-05:00,5.079512422735041,5.296585603193804,5.036097786643288,5.253170967102051,28100,0.0,0.0
2000-12-08 00:00:00-05:00,5.253172990844005,5.513660907745361,5.253172990844005,5.513660907745361,86700,0.0,0.0
2000-12-11 00:00:00-05:00,5.470245859516201,5.817563056945801,5.426831209837501,5.817563056945801,79100,0.0,0.0
2000-12-12 00:00:00-05:00,5.730733871459961,5.8175631725426875,5.643904570377234,5.730733871459961,47100,0.0,0.0
2000-12-13 00:00:00-05:00,5.730733871459961,5.774148522001324,5.600489919835871,5.730733871459961,41000,0.0,0.0
2000-12-14 00:00:00-05:00,5.6439048661960385,5.6439048661960385,5.426831602111576,5.513660907745361,33500,0.0,0.0
2000-12-15 00:00:00-05:00,5.426831602111576,5.513660907745361,5.426831602111576,5.513660907745361,54000,0.0,0.0
2000-12-18 00:00:00-05:00,5.426831602111576,5.513660907745361,5.340002296477791,5.513660907745361,79800,0.0,0.0
2000-12-19 00:00:00-05:00,5.426831421304922,5.470246072675361,5.2965874671936035,5.2965874671936035,143700,0.0,0.0
2000-12-20 00:00:00-05:00,5.2097595878269365,5.2097595878269365,4.905856945203698,4.9926862716674805,125200,0.0,0.0
2000-12-21 00:00:00-05:00,4.927570840586786,5.103555513464886,4.883574672367262,5.059559345245361,117700,0.095,0.0
2000-12-22 00:00:00-05:00,5.0155616998672485,5.323534786701202,4.971565544605255,5.279538631439209,59200,0.0,0.0
2000-12-26 00:00:00-05:00,5.191546030281004,5.411526794275962,5.191546030281004,5.3235344886779785,78000,0.0,0.0
2000-12-27 00:00:00-05:00,5.235542825010957,5.455523615977803,5.191546666817588,5.3675312995910645,145700,0.0,0.0
2000-12-28 00:00:00-05:00,5.323536138981581,5.763497803360224,5.279539972543716,5.631509304046631,231000,0.0,0.0
2000-12-29 00:00:00-05:00,5.631508119644657,5.719500434014105,5.455523490905762,5.455523490905762,87400,0.0,0.0
2001-01-02 00:00:00-05:00,5.455524274004184,5.543516601004251,5.323535783504083,5.41152811050415,72100,0.0,0.0
2001-01-03 00:00:00-05:00,5.323535563395573,5.80749334188608,5.323535563395573,5.71950101852417,134000,0.0,0.0
2001-01-04 00:00:00-05:00,5.6755058209698905,5.939482835898723,5.6755058209698905,5.851490497589111,79800,0.0,0.0
2001-01-05 00:00:00-05:00,5.939484109049258,6.291453537733658,5.939484109049258,6.071472644805908,47000,0.0,0.0
2001-01-08 00:00:00-05:00,5.983477720573767,6.0274738802838685,5.719500762313159,5.8954854011535645,96300,0.0,0.0
2001-01-09 00:00:00-05:00,5.807494827796672,6.511433594802329,5.807494827796672,6.3794450759887695,100400,0.0,0.0
2001-01-10 00:00:00-05:00,6.379442746574814,6.5114312171936035,6.379442746574814,6.5114312171936035,27800,0.0,0.0
2001-01-11 00:00:00-05:00,6.4674355807127775,7.171374147320971,6.4674355807127775,7.127377986907959,94600,0.0,0.0
2001-01-12 00:00:00-05:00,7.03938994017787,7.083386127303981,6.819409004547311,6.995393753051758,46900,0.0,0.0
2001-01-16 00:00:00-05:00,6.863401433695917,8.095293998718262,6.863401433695917,8.095293998718262,251600,0.0,0.0
2001-01-17 00:00:00-05:00,7.919309897856278,7.919309897856278,7.479348236864263,7.743325233459473,164800,0.0,0.0
2001-01-18 00:00:00-05:00,7.655332221541294,7.69932838373406,7.523343734962996,7.567339897155762,19300,0.0,0.0
2001-01-19 00:00:00-05:00,7.479353289632402,7.523349485453769,7.391360897989668,7.435357093811035,44900,0.0,0.0
2001-01-22 00:00:00-05:00,7.34736436956069,7.523349144879509,7.34736436956069,7.479352951049805,47300,0.0,0.0
2001-01-23 00:00:00-05:00,7.391356501086005,7.655333518981934,7.391356501086005,7.655333518981934,84600,0.0,0.0
2001-01-24 00:00:00-05:00,7.56734006804538,7.699328557604311,7.523343904859069,7.6113362312316895,35300,0.0,0.0
2001-01-25 00:00:00-05:00,7.523343734962996,7.655332221541294,7.47934757277023,7.567339897155762,30000,0.0,0.0
2001-01-26 00:00:00-05:00,7.479344756303433,7.479344756303433,7.303360173802176,7.34735631942749,12200,0.0,0.0
2001-01-29 00:00:00-05:00,7.2646461863210785,7.6588521003723145,7.2646461863210785,7.6588521003723145,30800,0.0,0.0
2001-01-30 00:00:00-05:00,7.588456179060291,7.637732326258351,7.292801981183967,7.377274513244629,45800,0.0,0.0
2001-01-31 00:00:00-05:00,7.306878570614823,7.313918113708495,7.250563568521003,7.313918113708496,45300,0.0,0.0
2001-02-01 00:00:00-05:00,7.250570300303639,7.6518152305893885,7.250570300303639,7.623657703399658,47700,0.0,0.0
2001-02-02 00:00:00-05:00,7.553262973433602,7.799641821040891,7.553262973433602,7.679972171783447,171300,0.0,0.0
2001-02-05 00:00:00-05:00,7.391354807176194,7.729244990409609,7.391354807176194,7.708127021789551,42300,0.0,0.0
2001-02-06 00:00:00-05:00,7.672930154027179,7.743324279646125,7.65181218487275,7.7362847328186035,30800,0.0,0.0
2001-02-07 00:00:00-05:00,7.672929012912153,7.743323128062114,7.672929012912153,7.72220516204834,37600,0.0,0.0
2001-02-08 00:00:00-05:00,7.672933096532899,7.736287699620284,7.588460516192516,7.687012195587158,70100,0.0,0.0
2001-02-09 00:00:00-05:00,7.616615077820511,7.672930109457296,7.405434044846634,7.447669982910156,26300,0.0,0.0
2001-02-12 00:00:00-05:00,7.377277942296007,8.165689950648673,7.377277942296007,8.144571304321289,309400,0.0,0.0
2001-02-13 00:00:00-05:00,8.27127735464204,8.306474413821023,7.743323480941484,7.982662677764893,207200,0.0,0.0
2001-02-14 00:00:00-05:00,7.954506874732679,7.954506874732679,7.194253186872174,7.94746732711792,181500,0.0,0.0
2001-02-15 00:00:00-05:00,7.95450412213225,8.27127627056931,7.855952503613352,8.236079216003418,137600,0.0,0.0
2001-02-16 00:00:00-05:00,8.222002224475457,8.271277706626112,8.024898953216649,8.22904109954834,152400,0.0,0.0
2001-02-20 00:00:00-05:00,8.40502892052426,8.412068469596084,8.292398820688437,8.36279296875,162800,0.0,0.0
2001-02-21 00:00:00-05:00,8.376871395565303,8.40502892052426,8.306477918832089,8.36279296875,148700,0.0,0.0
2001-02-22 00:00:00-05:00,8.306475444878233,8.412065964193744,8.285357475280762,8.285357475280762,55200,0.0,0.0
2001-02-23 00:00:00-05:00,8.21495997443779,8.376865460406773,8.207920430353605,8.341669082641602,77200,0.0,0.0
2001-02-26 00:00:00-05:00,8.236080130779555,8.454301356263386,8.236080130779555,8.447261810302734,237100,0.0,0.0
2001-02-27 00:00:00-05:00,8.447260872070784,8.552851364440476,8.236079216003418,8.236079216003418,98600,0.0,0.0
2001-02-28 00:00:00-05:00,8.16568722580839,8.397986887266063,8.130490165002785,8.37686824798584,59800,0.0,0.0
2001-03-01 00:00:00-05:00,8.30647508763633,8.30647508763633,7.813718233142674,7.8629937171936035,97000,0.0,0.0
2001-03-02 00:00:00-05:00,7.792597300004373,8.229038995343322,7.792597300004373,8.222000122070312,85900,0.0,0.0
2001-03-05 00:00:00-05:00,8.214962708139383,8.447262369597055,8.214962708139383,8.37686824798584,83300,0.0,0.0
2001-03-06 00:00:00-05:00,8.306474168592292,8.468379696176452,8.16568660736084,8.16568660736084,114500,0.0,0.0
2001-03-07 00:00:00-05:00,8.095291395335394,8.503575603306942,8.095291395335394,8.489497184753418,127300,0.0,0.0
2001-03-08 00:00:00-05:00,8.447262369597055,8.545814005587134,8.37686824798584,8.37686824798584,81200,0.0,0.0
2001-03-09 00:00:00-05:00,8.306477918832089,8.40502892052426,8.306477918832089,8.36279296875,48200,0.0,0.0
2001-03-12 00:00:00-05:00,8.292399219272795,8.35575382130775,8.144572038300696,8.271281242370605,102000,0.0,0.0
2001-03-13 00:00:00-05:00,8.236083770770525,8.36279296875,8.165690294037312,8.36279296875,71100,0.0,0.0
2001-03-14 00:00:00-05:00,8.010819122841044,8.433181762695312,7.954504104193807,8.433181762695312,96200,0.0,0.0
2001-03-15 00:00:00-05:00,8.376867693352324,8.454301356263386,8.341671306205171,8.447261810302734,69900,0.0,0.0
2001-03-16 00:00:00-05:00,8.447261002110025,8.447261002110025,8.306473453007122,8.320551872253418,94700,0.0,0.0
2001-03-19 00:00:00-05:00,7.743323513111335,7.743323513111335,6.546628195350652,6.567746162414551,494100,0.0,0.0
2001-03-20 00:00:00-05:00,6.617022826756584,7.356158519538419,6.617022826756584,7.053465366363525,162900,0.0,0.0
2001-03-21 00:00:00-05:00,7.05346297825854,7.10977799565826,7.0182659245517245,7.039383888244629,103000,0.0,0.0
2001-03-22 00:00:00-05:00,6.983069540624692,7.074581620508591,6.8985970064229445,7.060502529144287,86100,0.0,0.0
2001-03-23 00:00:00-05:00,7.067542163889947,7.4617479997938165,7.067542163889947,7.36319637298584,97300,0.0,0.0
2001-03-26 00:00:00-05:00,7.320960780338093,7.33503987382342,7.12385817084041,7.166094779968262,94800,0.0,0.0
2001-03-27 00:00:00-05:00,7.109784296430185,7.532147301230997,7.046429677877923,7.3561625480651855,79800,0.0,0.0
2001-03-28 00:00:00-05:00,7.352606590753964,7.352606590753964,7.032927513122559,7.032927513122559,78800,0.095,0.0
2001-03-29 00:00:00-05:00,7.040030431591549,7.189213749649434,6.961887046889615,7.103966236114502,50400,0.0,0.0
2001-03-30 00:00:00-05:00,7.11107259203036,7.317087650299072,7.103968460972453,7.317087650299072,71100,0.0,0.0
2001-04-02 00:00:00-04:00,7.388126069562504,7.523101834023182,7.281566826030093,7.352606773376465,69900,0.0,0.0
2001-04-03 00:00:00-04:00,7.281567307429031,7.565725760626505,7.210527355386065,7.274463176727295,50100,0.0,0.0
2001-04-04 00:00:00-04:00,7.281565392017364,7.31708535869534,7.040030431591549,7.103966236114502,15600,0.0,0.0
2001-04-05 00:00:00-04:00,7.0684506272474215,7.246049892643022,7.0684506272474215,7.139490604400635,50100,0.0,0.0
2001-04-06 00:00:00-04:00,7.139487429335623,7.139487429335623,7.011615798321744,7.111071586608887,79600,0.0,0.0
2001-04-09 00:00:00-04:00,7.118177933949028,7.246048927307128,7.047137966259928,7.246048927307129,132800,0.0,0.0
2001-04-10 00:00:00-04:00,7.175008719109533,7.565726458947753,7.175008719109533,7.53020715713501,151700,0.0,0.0
2001-04-11 00:00:00-04:00,7.5302059976183955,7.615453528319449,7.423646076126715,7.459166049957275,114700,0.0,0.0
2001-04-12 00:00:00-04:00,7.459166173503674,7.565725419273147,7.281566978896444,7.331294536590576,41300,0.0,0.0
2001-04-16 00:00:00-04:00,7.260251430515568,7.4236422780604965,7.246043177257676,7.30997896194458,152500,0.0,0.0
2001-04-17 00:00:00-04:00,7.31708788057727,7.636766335884278,7.31708788057727,7.601246356964111,43200,0.0,0.0
2001-04-18 00:00:00-04:00,7.565726458947753,7.67228639684775,7.459167198535012,7.53020715713501,66600,0.0,0.0
2001-04-19 00:00:00-04:00,7.4946862577707245,7.6864930384644845,7.487582127285393,7.636765480041504,52800,0.0,0.0
2001-04-20 00:00:00-04:00,7.6154544080312085,7.6367661237965425,7.565726167929125,7.6083502769470215,53200,0.0,0.0
2001-04-23 00:00:00-04:00,7.6012464382477525,7.608350569605203,7.4946871778350115,7.53020715713501,18800,0.0,0.0
2001-04-24 00:00:00-04:00,7.565723734747812,7.587036121146186,7.317085324149886,7.508892059326172,39300,0.0,0.0
2001-04-25 00:00:00-04:00,7.43785121503715,7.494682878319315,7.317083761190833,7.452058792114258,71700,0.0,0.0
2001-04-26 00:00:00-04:00,7.523100003144505,7.665179185772635,7.381020820516376,7.565723419189453,74400,0.0,0.0
2001-04-27 00:00:00-04:00,7.587036035554329,7.807258605957031,7.587036035554329,7.807258605957031,95400,0.0,0.0
2001-04-30 00:00:00-04:00,7.814367746092614,7.814367746092614,7.579936767908831,7.587040901184082,122300,0.0,0.0
2001-05-01 00:00:00-04:00,7.530204922017363,7.601244182044211,7.494684953260412,7.59414005279541,107400,0.0,0.0
2001-05-02 00:00:00-04:00,7.587040901184082,7.6154567567976486,7.565728501358328,7.587040901184082,90400,0.0,0.0
2001-05-03 00:00:00-04:00,7.565725530162529,7.6864930384644845,7.544413816193704,7.636765480041504,45500,0.0,0.0
2001-05-04 00:00:00-04:00,7.636764098062921,7.74332332611084,7.601244129551265,7.74332332611084,52900,0.0,0.0
2001-05-07 00:00:00-04:00,7.81436261765803,7.81436261765803,7.672283432834373,7.686491012573242,20500,0.0,0.0
2001-05-08 00:00:00-04:00,7.686493595237677,7.757533550262451,7.672286010725055,7.757533550262451,28600,0.0,0.0
2001-05-09 00:00:00-04:00,7.743327881086619,7.778847870492739,7.6864961690318045,7.750432014465332,39500,0.0,0.0
2001-05-10 00:00:00-04:00,7.72201247236332,7.764636574801694,7.700700759887695,7.700700759887695,19900,0.0,0.0
2001-05-11 00:00:00-04:00,7.700697245214537,7.700697245214537,7.473370609262963,7.494682312011719,16700,0.0,0.0
2001-05-14 00:00:00-04:00,7.565728501358328,7.587040901184082,7.423649223290496,7.587040901184082,26200,0.0,0.0
2001-05-15 00:00:00-04:00,7.530204131647658,7.5870358046989095,7.430748365064476,7.565723419189453,54800,0.0,0.0
2001-05-16 00:00:00-04:00,7.56572661332202,7.700702401918667,7.473375613739812,7.69359827041626,73400,0.0,0.0
2001-05-17 00:00:00-04:00,7.70780542992048,7.778844702312284,7.565725530162529,7.636765480041504,52500,0.0,0.0
2001-05-18 00:00:00-04:00,7.601246356964111,7.636766335884278,7.551518792968226,7.601246356964111,74500,0.0,0.0
2001-05-21 00:00:00-04:00,7.743324186264008,7.743324186264008,7.59414084393293,7.622556686401367,50700,0.0,0.0
2001-05-22 00:00:00-04:00,7.629660240863645,7.636764370316651,7.565724430760736,7.579932689666748,47000,0.0,0.0
2001-05-23 00:00:00-04:00,7.587038452718439,7.587038452718439,7.388126850128174,7.388126850128174,30600,0.0,0.0
2001-05-24 00:00:00-04:00,7.348694324493408,7.348694324493408,7.291338716171595,7.348694324493408,24500,0.095,0.0
2001-05-25 00:00:00-04:00,7.348694255421388,7.348694255421388,7.1694578101672075,7.233983039855957,38800,0.0,0.0
2001-05-29 00:00:00-04:00,7.22681714490903,7.233986770512529,7.1336140632629395,7.1336140632629395,52200,0.0,0.0
2001-05-30 00:00:00-04:00,7.097761438557813,7.097761438557813,6.689102649688721,6.689102649688721,56600,0.0,0.0
2001-05-31 00:00:00-04:00,6.760801599694197,6.825326854826476,6.560056209564209,6.560056209564209,82800,0.0,0.0
2001-06-01 00:00:00-04:00,6.595899982045388,6.6174081605528245,6.502696963536279,6.552883625030518,60400,0.0,0.0
2001-06-04 00:00:00-04:00,6.552885813594317,6.710613420304346,6.552885813594317,6.703444480895996,31300,0.0,0.0
2001-06-05 00:00:00-04:00,6.69627242618506,6.968711853027344,6.69627242618506,6.968711853027344,47600,0.0,0.0
2001-06-06 00:00:00-04:00,6.9902242627872155,6.9902242627872155,6.940038256105375,6.9830546379089355,31800,0.0,0.0
2001-06-07 00:00:00-04:00,7.026071703445557,7.040410269469057,6.975885013030655,6.9830546379089355,22300,0.0,0.0
2001-06-08 00:00:00-04:00,7.054744163578968,7.155116100744759,7.054744163578968,7.119269371032715,34800,0.0,0.0
2001-06-11 00:00:00-04:00,7.133612126293706,7.133612126293706,7.076256504505585,7.1121039390563965,20900,0.0,0.0
2001-06-12 00:00:00-04:00,7.083424025362296,7.1407796301237125,6.9687128158394644,7.097762584686279,34700,0.0,0.0
2001-06-13 00:00:00-04:00,7.133607926171024,7.155116100744759,7.112099751597289,7.119269371032715,16300,0.0,0.0
2001-06-14 00:00:00-04:00,7.097764691742894,7.169459560844516,7.033240130030967,7.1121039390563965,33800,0.0,0.0
2001-06-15 00:00:00-04:00,7.097764691742894,7.133612126293706,7.069086880848833,7.1121039390563965,43300,0.0,0.0
2001-06-18 00:00:00-04:00,7.097760907183323,7.097760907183323,6.954371929168701,6.954371929168701,16300,0.0,0.0
2001-06-19 00:00:00-04:00,6.990220368216795,7.011728547135388,6.882678789891147,6.94003438949585,24000,0.0,0.0
2001-06-20 00:00:00-04:00,6.940032891376255,6.954371446315879,6.8109824782569754,6.846829891204834,51700,0.0,0.0
2001-06-21 00:00:00-04:00,6.839663680342533,7.054747581481934,6.839663680342533,7.054747581481934,81600,0.0,0.0
2001-06-22 00:00:00-04:00,7.054747053715948,7.097763420486047,6.796646118164063,6.7966461181640625,68600,0.0,0.0
2001-06-25 00:00:00-04:00,6.8468344381633335,6.975884253251605,6.825326249604119,6.9041900634765625,58400,0.0,0.0
2001-06-26 00:00:00-04:00,6.91135973115596,7.241154920653159,6.882681918318507,7.205307483673096,130900,0.0,0.0
2001-06-27 00:00:00-04:00,7.198133961254193,7.305675530220361,7.155116923428154,7.269828796386719,147900,0.0,0.0
2001-06-28 00:00:00-04:00,7.241154855220514,7.348696481455943,7.241154855220514,7.312849044799805,97600,0.0,0.0
2001-06-29 00:00:00-04:00,7.31284569104148,7.850554943084717,7.2913375124048985,7.850554943084717,207800,0.0,0.0
2001-07-02 00:00:00-04:00,7.879233971997627,7.879233971997627,7.707167148590087,7.707167148590088,104200,0.0,0.0
2001-07-03 00:00:00-04:00,7.635470164095219,7.671317579891447,7.492081184642896,7.563776016235352,41100,0.0,0.0
2001-07-05 00:00:00-04:00,7.49208331159318,7.563778163539304,7.355863913374881,7.456235885620117,67000,0.0,0.0
2001-07-06 00:00:00-04:00,7.420386727137594,7.420386727137594,7.241150339368402,7.327183723449707,28200,0.0,0.0
2001-07-09 00:00:00-04:00,7.255488585277819,7.363030823590345,7.183794443468663,7.3056745529174805,53900,0.0,0.0
2001-07-10 00:00:00-04:00,7.305677140444729,7.391711235059347,7.276999336817446,7.320016384124756,141700,0.0,0.0
2001-07-11 00:00:00-04:00,6.524209804646613,6.667598888364906,6.380820037195237,6.531378746032715,199000,0.0,0.0
2001-07-12 00:00:00-04:00,6.560050801582573,6.588728593140708,6.452509254172688,6.581559658050537,74000,0.0,0.0
2001-07-13 00:00:00-04:00,6.667598529362356,6.667598529362356,6.5242094533645405,6.560056209564209,66800,0.0,0.0
2001-07-16 00:00:00-04:00,6.560055296897309,6.6317501667881995,6.488361110739369,6.5242085456848145,28600,0.0,0.0
2001-07-17 00:00:00-04:00,6.4668538229654144,6.560056209564209,6.4525145734991085,6.560056209564209,86800,0.0,0.0
2001-07-18 00:00:00-04:00,6.524207118458738,6.595901288932964,6.438173019917182,6.452512264251709,48100,0.0,0.0
2001-07-19 00:00:00-04:00,6.452512973922119,6.509868590102797,6.402326980697246,6.488360404968262,200500,0.0,0.0
2001-07-20 00:00:00-04:00,6.488358012163277,6.595899581909179,6.452510594337102,6.59589958190918,49300,0.0,0.0
2001-07-23 00:00:00-04:00,6.5959036494969245,6.660428904629203,6.5098702038982355,6.560056209564209,26100,0.0,0.0
2001-07-24 00:00:00-04:00,6.5672221827912525,6.595899982045388,6.4525109857747065,6.552883625030518,84800,0.0,0.0
2001-07-25 00:00:00-04:00,6.4525094520288615,6.739287376403809,6.416662040548866,6.739287376403809,38100,0.0,0.0
2001-07-26 00:00:00-04:00,6.667598220139091,6.667598220139091,6.452514274250795,6.646090030670166,61100,0.0,0.0
2001-07-27 00:00:00-04:00,6.646086964812295,6.646086964812295,6.531375078517896,6.631747722625732,18800,0.0,0.0
2001-07-30 00:00:00-04:00,6.631750146953006,6.760800638877446,6.631750146953006,6.746461391448975,128700,0.0,0.0
2001-07-31 00:00:00-04:00,6.753629548977747,6.775137731718165,6.681934694865952,6.72495174407959,36400,0.0,0.0
2001-08-01 00:00:00-04:00,6.8253231902864435,6.94003438949585,6.810983948518928,6.94003438949585,56300,0.0,0.0
2001-08-02 00:00:00-04:00,6.882679396481495,6.897017955780029,6.861170531934583,6.897017955780029,35100,0.0,0.0
2001-08-03 00:00:00-04:00,6.897015527979463,6.897015527979463,6.810982151274423,6.875507354736328,29600,0.0,0.0
2001-08-06 00:00:00-04:00,6.825322911496611,6.918525244247764,6.810983670314802,6.882678508758545,49400,0.0,0.0
2001-08-07 00:00:00-04:00,6.839660193541053,6.961540985928477,6.839660193541053,6.911355018615723,106200,0.0,0.0
2001-08-08 00:00:00-04:00,6.882678508758545,6.940034106020478,6.8611696469858305,6.882678508758545,125900,0.0,0.0
2001-08-09 00:00:00-04:00,6.882677304152693,6.882677304152693,6.775135065309116,6.846829891204834,62600,0.0,0.0
2001-08-10 00:00:00-04:00,6.882678508758545,6.918525244247764,6.810983670314802,6.882678508758545,61100,0.0,0.0
2001-08-13 00:00:00-04:00,6.882680112359031,6.91135791767166,6.846832684785042,6.861171245574951,68400,0.0,0.0
2001-08-14 00:00:00-04:00,6.882678508758545,6.897017066207702,6.846831089536674,6.882678508758545,86500,0.0,0.0
2001-08-15 00:00:00-04:00,6.882681169511464,7.033239841461182,6.882681169511464,7.033239841461182,94800,0.0,0.0
2001-08-16 00:00:00-04:00,6.975879621065712,7.241150066658378,6.954371446788547,7.219641208648682,130300,0.0,0.0
2001-08-17 00:00:00-04:00,7.169456520674623,7.190964698791504,7.133609101324719,7.190964698791504,57700,0.0,0.0
2001-08-20 00:00:00-04:00,7.169455528259277,7.226811117786747,7.133608113871469,7.169455528259277,106200,0.0,0.0
2001-08-21 00:00:00-04:00,7.097763025504438,7.198135681937095,7.097763025504438,7.147949695587158,76100,0.0,0.0
2001-08-22 00:00:00-04:00,7.133608746381444,7.32718439099969,7.133608746381444,7.269828796386719,113900,0.0,0.0
2001-08-23 00:00:00-04:00,7.269830398723204,7.298508202350537,7.183796987841202,7.248321533203125,103200,0.0,0.0
2001-08-24 00:00:00-04:00,7.241150833210627,7.298506426509782,7.169455999720381,7.2769975662231445,42600,0.0,0.0
2001-08-27 00:00:00-04:00,7.276997732913874,7.276997732913874,7.219642138300903,7.269828796386719,65000,0.0,0.0
2001-08-28 00:00:00-04:00,7.2411526617619915,7.262660843747315,7.2124748578706335,7.233983039855957,48500,0.0,0.0
2001-08-29 00:00:00-04:00,7.273793220520019,7.309981383852318,7.23760505718772,7.2737932205200195,32000,0.095,0.0
2001-08-30 00:00:00-04:00,7.252080598613361,7.309981383852318,7.24484282790054,7.2737932205200195,23100,0.0,0.0
2001-08-31 00:00:00-04:00,7.309977405006638,7.309977405006638,7.237601117736699,7.266551494598389,37000,0.0,0.0
2001-09-04 00:00:00-04:00,7.237599097127686,7.592241287231445,7.223123567622437,7.592241287231445,128800,0.0,0.0
2001-09-05 00:00:00-04:00,7.541582137919125,7.541582137919125,7.38235468379112,7.454730987548828,30900,0.0,0.0
2001-09-06 00:00:00-04:00,7.418540803223935,7.498154163360596,7.346164519295044,7.498154163360596,21700,0.0,0.0
2001-09-07 00:00:00-04:00,7.454732111594201,7.454732111594201,7.150752694347501,7.223128318786621,59100,0.0,0.0
2001-09-10 00:00:00-04:00,7.201412191439374,7.201412191439374,6.803344035180329,6.890195846557617,174800,0.0,0.0
2001-09-17 00:00:00-04:00,6.8178213360487865,6.8178213360487865,6.658593894187072,6.796108722686768,50600,0.0,0.0
2001-09-18 00:00:00-04:00,6.730972396024125,6.759922786728737,6.550032281562356,6.622407913208008,34400,0.0,0.0
2001-09-19 00:00:00-04:00,6.622406804680816,6.658594959561972,6.477654875387834,6.5500311851501465,107900,0.0,0.0
2001-09-20 00:00:00-04:00,6.535554037680351,6.550029572160772,6.07958505501919,6.1157732009887695,78500,0.0,0.0
2001-09-21 00:00:00-04:00,5.7900825000820415,5.826270653753879,5.710468769073486,5.710468769073486,99700,0.0,0.0
2001-09-24 00:00:00-04:00,5.78284243620452,5.847980948915303,5.78284243620452,5.833506107330322,105900,0.0,0.0
2001-09-25 00:00:00-04:00,5.790082367525418,5.949309825897217,5.790082367525418,5.949309825897217,75900,0.0,0.0
2001-09-26 00:00:00-04:00,6.021686577987013,6.224339996069383,5.999973958275236,6.188151836395264,64800,0.0,0.0
2001-09-27 00:00:00-04:00,6.180910718015432,6.296712214053818,5.93483219381818,6.224336624145508,42300,0.0,0.0
2001-09-28 00:00:00-04:00,6.151960308280857,6.730968475341797,6.151960308280857,6.730968475341797,91400,0.0,0.0
2001-10-01 00:00:00-04:00,6.730966544609838,6.730966544609838,6.528313985848992,6.644115447998047,22300,0.0,0.0
2001-10-02 00:00:00-04:00,6.586220531116703,6.615170922210834,6.40528041422044,6.499368667602539,27700,0.0,0.0
2001-10-03 00:00:00-04:00,6.441466559514628,6.550031021444738,6.441466559514628,6.528318405151367,74700,0.0,0.0
2001-10-04 00:00:00-04:00,6.528318405151367,6.673070330826553,6.499367329784702,6.528318405151367,73500,0.0,0.0
2001-10-05 00:00:00-04:00,6.513843119068065,6.513843119068065,6.441466808319092,6.441466808319092,44800,0.0,0.0
2001-10-08 00:00:00-04:00,6.441466277913301,6.513842582702637,6.405278815750231,6.513842582702637,10600,0.0,0.0
2001-10-09 00:00:00-04:00,6.550030762180888,6.550030762180888,6.441466304547984,6.477654457092285,47500,0.0,0.0
2001-10-10 00:00:00-04:00,6.477652936509974,6.846770763397217,6.477652936509974,6.846770763397217,62200,0.0,0.0
2001-10-11 00:00:00-04:00,6.8033480276697755,6.817823568137962,6.615170833205674,6.622407913208008,47300,0.0,0.0
2001-10-12 00:00:00-04:00,6.6224071864943195,6.6224071864943195,6.43423001267995,6.455942630767822,33600,0.0,0.0
2001-10-15 00:00:00-04:00,6.49936749222387,6.550031185150147,6.463180027574357,6.5500311851501465,60300,0.0,0.0
2001-10-16 00:00:00-04:00,6.49936704565213,6.521080351227889,6.477654430307969,6.513842582702637,33900,0.0,0.0
2001-10-17 00:00:00-04:00,6.513842609636587,6.513842609636587,6.477654457092285,6.477654457092285,37800,0.0,0.0
2001-10-18 00:00:00-04:00,6.4776549636935785,6.4776549636935785,6.332903032427286,6.441466808319092,48900,0.0,0.0
2001-10-19 00:00:00-04:00,6.441466136642771,6.5066046714782715,6.405278675273343,6.5066046714782715,39800,0.0,0.0
2001-10-22 00:00:00-04:00,6.499368667602539,6.506606437934015,6.441467885414276,6.499368667602539,31400,0.0,0.0
2001-10-23 00:00:00-04:00,6.513840345485404,6.513840345485404,6.434226989746094,6.434226989746094,28100,0.0,0.0
2001-10-24 00:00:00-04:00,6.4052795564591785,6.506605566603709,6.303952856082971,6.325665473937988,49000,0.0,0.0
2001-10-25 00:00:00-04:00,6.296714358566229,6.513842582702637,6.282239511747321,6.513842582702637,42200,0.0,0.0
2001-10-26 00:00:00-04:00,6.51384420826549,6.52831974892844,6.40528041422044,6.499368667602539,63900,0.0,0.0
2001-10-29 00:00:00-05:00,6.499364018796417,6.513839549105441,6.224335845237709,6.246048450469971,43200,0.0,0.0
2001-10-30 00:00:00-05:00,6.246050834087484,6.296713829040527,6.1736745353846745,6.296713829040527,39200,0.0,0.0
2001-10-31 00:00:00-05:00,6.3329028154867775,6.506605127055967,6.296714661351956,6.492130279541016,45700,0.0,0.0
2001-11-01 00:00:00-05:00,6.455941673375807,6.535555054712763,6.369090523672333,6.5066046714782715,64900,0.0,0.0
2001-11-02 00:00:00-05:00,6.477652366862722,6.477652366862722,6.369088634493112,6.405276775360107,24900,0.0,0.0
2001-11-05 00:00:00-05:00,6.405277231922238,6.586217258923075,6.405277231922238,6.5789794921875,93100,0.0,0.0
2001-11-06 00:00:00-05:00,6.557268925030565,6.586219310760498,6.477654846599516,6.586219310760498,70100,0.0,0.0
2001-11-07 00:00:00-05:00,6.550031156040171,6.658594929969512,6.550031156040171,6.586219310760498,38300,0.0,0.0
2001-11-08 00:00:00-05:00,6.586218887491971,6.658594502049709,6.513842582702637,6.513842582702637,41000,0.0,0.0
2001-11-09 00:00:00-05:00,6.513842867468035,6.542793252603072,6.499367329784702,6.528318405151367,23200,0.0,0.0
2001-11-12 00:00:00-05:00,6.550029115476623,6.636880245609254,6.550029115476623,6.5789794921875,54100,0.0,0.0
2001-11-13 00:00:00-05:00,6.50660526124643,6.60069418784478,6.50660526124643,6.5500311851501465,108300,0.0,0.0
2001-11-14 00:00:00-05:00,6.513839410906548,6.586215680453569,6.477651276133037,6.57174015045166,77100,0.0,0.0
2001-11-15 00:00:00-05:00,6.550031803505828,6.644120738986643,6.542794033799987,6.55726957321167,46500,0.0,0.0
2001-11-16 00:00:00-05:00,6.557268925030565,6.586219310760498,6.550031156040171,6.586219310760498,65200,0.0,0.0
2001-11-19 00:00:00-05:00,6.550031185150147,6.586219340031303,6.470417106365273,6.5500311851501465,91800,0.0,0.0
2001-11-20 00:00:00-05:00,6.550027875564797,6.5862160121608815,6.4993642082377585,6.564502716064453,79800,0.0,0.0
2001-11-21 00:00:00-05:00,6.5138430302689905,6.586219340031303,6.477654875387834,6.5500311851501465,59000,0.0,0.0
2001-11-23 00:00:00-05:00,6.51384420826549,6.51384420826549,6.40528041422044,6.499368667602539,24400,0.0,0.0
2001-11-26 00:00:00-05:00,6.470414600643048,6.477652366862722,6.405276775360107,6.405276775360107,116600,0.0,0.0
2001-11-27 00:00:00-05:00,6.369087106281705,6.557264841453243,6.369087106281705,6.53555154800415,51500,0.0,0.0
2001-11-28 00:00:00-05:00,6.535552642512839,6.56450301506207,6.369088172912598,6.369088172912598,43600,0.0,0.0
2001-11-29 00:00:00-05:00,6.3690877186769095,6.8757195472717285,6.3690877186769095,6.8757195472717285,57900,0.0,0.0
2001-11-30 00:00:00-05:00,6.803344064829816,6.803344064829816,6.63687958779915,6.730968475341797,69500,0.0,0.0
2001-12-03 00:00:00-05:00,6.6947835031861995,6.80334728390195,6.658595346203721,6.774396896362305,53400,0.0,0.0
2001-12-04 00:00:00-05:00,6.702017171592406,6.810580885876849,6.69477940657844,6.781630516052246,76700,0.0,0.0
2001-12-05 00:00:00-05:00,6.65859317779541,6.694781322993016,6.6296427996836185,6.65859317779541,250600,0.0,0.0
2001-12-06 00:00:00-05:00,6.658592835592032,6.803344718711797,6.651355068878187,6.752681732177734,75000,0.0,0.0
2001-12-07 00:00:00-05:00,6.7309717350503275,6.7309717350503275,6.6441205714651765,6.651357650756836,70300,0.0,0.0
2001-12-10 00:00:00-05:00,6.586218236881617,6.730970141929575,6.4993664036213135,6.542792320251465,63700,0.0,0.0
2001-12-11 00:00:00-05:00,6.550029115476623,6.5789794921875,6.492128362054869,6.5789794921875,35900,0.0,0.0
2001-12-12 00:00:00-05:00,6.550029757372342,6.62964312857142,6.542791989927473,6.6006927490234375,100200,0.0,0.0
2001-12-13 00:00:00-05:00,6.586217577631659,6.68030578882139,6.550029432434053,6.65859317779541,42400,0.0,0.0
2001-12-14 00:00:00-05:00,6.64412049754974,6.810585053344783,6.586219722470449,6.774396896362305,102900,0.0,0.0
2001-12-17 00:00:00-05:00,6.774392905460254,6.89019507762963,6.774392905460254,6.8757195472717285,150000,0.0,0.0
2001-12-18 00:00:00-05:00,6.9119067344697145,6.933619336795842,6.5355512795838555,6.803342342376709,103700,0.0,0.0
2001-12-19 00:00:00-05:00,6.803344075914382,6.897432963610327,6.803344075914382,6.86848258972168,98300,0.0,0.0
2001-12-20 00:00:00-05:00,6.911909284639841,6.933621894976903,6.839532996541051,6.846770763397217,127800,0.0,0.0
2001-12-21 00:00:00-05:00,6.872357952902204,7.055133437790381,6.857736276672384,6.945468425750732,155300,0.095,0.0
2001-12-24 00:00:00-05:00,7.018578052520752,7.040510912838082,6.960089960185834,7.018578052520752,32100,0.0,0.0
2001-12-26 00:00:00-05:00,7.018580604333977,7.311021172334012,7.018580604333977,7.303709983825684,62300,0.0,0.0
2001-12-27 00:00:00-05:00,7.311023269363228,7.354889715762153,7.128247687629147,7.230602264404297,88200,0.0,0.0
2001-12-28 00:00:00-05:00,7.157490140921692,7.420686668341788,7.0332027175538645,7.186734199523926,76800,0.0,0.0
2001-12-31 00:00:00-05:00,7.172110292077316,7.201354341599997,7.055133396753451,7.091688632965088,113200,0.0,0.0
2002-01-02 00:00:00-05:00,7.091688799568673,7.28177547454834,7.069755936219683,7.28177547454834,134300,0.0,0.0
2002-01-03 00:00:00-05:00,7.281777745479666,7.354888242421111,7.252533686149763,7.31102180480957,418900,0.0,0.0
2002-01-04 00:00:00-05:00,7.311020266190713,7.420685291290283,7.311020266190713,7.420685291290283,168000,0.0,0.0
2002-01-07 00:00:00-05:00,7.34757635202748,7.420686144757953,7.311021107045591,7.369509220123291,85600,0.0,0.0
2002-01-08 00:00:00-05:00,7.347575506968312,7.420685291290283,7.303709078588549,7.420685291290283,76800,0.0,0.0
2002-01-09 00:00:00-05:00,7.420687429693298,7.4937979323165855,7.347577624303435,7.362199306488037,103400,0.0,0.0
2002-01-10 00:00:00-05:00,7.340265584616502,7.420686570402901,7.318332715262638,7.354887962341309,53600,0.0,0.0
2002-01-11 00:00:00-05:00,7.362196170588027,7.4206842688805,7.325641632080078,7.325641632080078,40700,0.0,0.0
2002-01-14 00:00:00-05:00,7.32564354935067,7.3841316629506775,7.237910681717348,7.303709983825684,55300,0.0,0.0
2002-01-15 00:00:00-05:00,7.237911870368503,7.420687429693298,7.223290188183901,7.362199306488037,73700,0.0,0.0
2002-01-16 00:00:00-05:00,7.384131228446121,7.384131228446121,7.303709554053381,7.340264797210693,52700,0.0,0.0
2002-01-17 00:00:00-05:00,7.340264319366147,7.420685291290283,7.25984334744201,7.420685291290283,105400,0.0,0.0
2002-01-18 00:00:00-05:00,7.354888242421111,7.420686852988364,7.274466556338847,7.31102180480957,147800,0.0,0.0
2002-01-22 00:00:00-05:00,7.274465463757693,7.274465463757693,7.142867565155029,7.142867565155029,69600,0.0,0.0
2002-01-23 00:00:00-05:00,7.142868309958268,7.435308889827931,7.091690685556072,7.398753643035889,82000,0.0,0.0
2002-01-24 00:00:00-05:00,7.398753276662141,7.427997333200992,7.354887540470519,7.369509220123291,128600,0.0,0.0
2002-01-25 00:00:00-05:00,7.362200719266527,7.4499329209098955,7.347579034276079,7.384134292602539,41300,0.0,0.0
2002-01-28 00:00:00-05:00,7.420685291290283,7.442618854096778,7.347575506968312,7.420685291290283,70700,0.0,0.0
2002-01-29 00:00:00-05:00,7.457241759009822,7.457241759009822,7.354887904672109,7.398753643035889,51000,0.0,0.0
2002-01-30 00:00:00-05:00,7.398754006524807,7.457242125372167,7.354888266005974,7.427998065948486,34500,0.0,0.0
2002-01-31 00:00:00-05:00,7.449932728449431,7.457243919372559,7.340267653536682,7.457243919372559,32700,0.0,0.0
2002-02-01 00:00:00-05:00,7.420686852988364,7.427998042129183,7.31102180480957,7.31102180480957,68700,0.0,0.0
2002-02-04 00:00:00-05:00,7.2744688987731925,7.384134679498576,7.201359075523201,7.274468898773193,44500,0.0,0.0
2002-02-05 00:00:00-05:00,7.274467896490847,7.376822471618652,7.237912641285667,7.376822471618652,27700,0.0,0.0
2002-02-06 00:00:00-05:00,7.376823488003497,7.384134679498576,7.2744688987731925,7.274468898773193,28400,0.0,0.0
2002-02-07 00:00:00-05:00,7.311020742131498,7.4572410175274735,7.259843820051223,7.340264797210693,84100,0.0,0.0
2002-02-08 00:00:00-05:00,7.311020266190713,7.420685291290283,7.311020266190713,7.420685291290283,71800,0.0,0.0
2002-02-11 00:00:00-05:00,7.38413016354627,7.49379517996963,7.38413016354627,7.471862316131592,78700,0.0,0.0
2002-02-12 00:00:00-05:00,7.457243512207373,7.603463836518595,7.420688256821191,7.530354022979736,71400,0.0,0.0
2002-02-13 00:00:00-05:00,7.457243007728822,7.7496843338012695,7.457243007728822,7.7496843338012695,124800,0.0,0.0
2002-02-14 00:00:00-05:00,7.713130263213633,7.808173656463622,7.69119738699704,7.808173656463623,121200,0.0,0.0
2002-02-15 00:00:00-05:00,7.749683799665444,7.990947476137223,7.727750231089167,7.932459354400635,102000,0.0,0.0
2002-02-19 00:00:00-05:00,7.932457240182335,7.990945346330232,7.910523677451956,7.9690117835998535,91200,0.0,0.0
2002-02-20 00:00:00-05:00,7.954391576723558,8.224899291992188,7.954391576723558,8.224899291992188,138700,0.0,0.0
2002-02-21 00:00:00-05:00,8.224895514487036,8.298005975731245,7.895899833354161,7.910521507263184,97800,0.0,0.0
2002-02-22 00:00:00-05:00,7.910524113734513,8.3491856312701,7.85934719234089,8.334563255310059,49700,0.0,0.0
2002-02-25 00:00:00-05:00,8.276077346181594,8.349187850952148,8.173723476182955,8.349187850952148,183400,0.0,0.0
2002-02-26 00:00:00-05:00,8.312630228417914,8.334563094702066,8.159098769962354,8.26876449584961,164900,0.0,0.0
2002-02-27 00:00:00-05:00,8.261453308010477,8.298008549972895,8.246830932332209,8.26876449584961,72400,0.0,0.0
2002-02-28 00:00:00-05:00,8.268764655189656,8.35649681925012,8.056745084401882,8.334563255310059,131400,0.0,0.0
2002-03-01 00:00:00-05:00,8.334565240356586,8.407675743103027,8.188344932097133,8.407675743103027,63300,0.0,0.0
2002-03-04 00:00:00-05:00,8.407670338769359,8.429603196601784,8.349182253060906,8.400359153747559,105200,0.0,0.0
2002-03-05 00:00:00-05:00,8.444228380875135,8.773224146938693,8.444228380875135,8.729357719421387,156400,0.0,0.0
2002-03-06 00:00:00-05:00,8.70011256205516,8.846333503723145,8.69280207275826,8.846333503723145,220100,0.0,0.0
2002-03-07 00:00:00-05:00,8.80977716269365,9.102217614862578,8.7366667010349,9.065662384033203,207900,0.0,0.0
2002-03-08 00:00:00-05:00,9.065665433443105,9.219196896783293,9.065665433443105,9.211886405944824,131900,0.0,0.0
2002-03-11 00:00:00-05:00,9.13877669865731,9.32886342132538,9.13877669865731,9.28499698638916,106600,0.0,0.0
2002-03-12 00:00:00-05:00,9.314240250016104,9.314240250016104,9.211886405944824,9.211886405944824,71100,0.0,0.0
2002-03-13 00:00:00-05:00,9.2484408375893,9.358106565610868,9.233819158859713,9.321551322937012,65200,0.0,0.0
2002-03-14 00:00:00-05:00,9.350794206186624,9.35810539325212,9.160707525882739,9.19726276397705,54700,0.0,0.0
2002-03-15 00:00:00-05:00,9.138775704831488,9.277684788762295,9.138775704831488,9.270374298095703,108000,0.0,0.0
2002-03-18 00:00:00-05:00,9.248442997766569,9.314242310501735,9.233821315621768,9.299620628356934,53000,0.0,0.0
2002-03-19 00:00:00-05:00,9.284994276589064,9.284994276589064,9.168018080542764,9.189950942993164,52900,0.0,0.0
2002-03-20 00:00:00-05:00,9.175332766377588,9.175332766377588,8.919446717012054,8.977934837341309,77300,0.0,0.0
2002-03-21 00:00:00-05:00,8.977933510913395,9.358106934118936,8.963311831608031,9.35079574584961,107500,0.0,0.0
2002-03-22 00:00:00-05:00,9.284996080263156,9.3873506203033,9.255752025570722,9.321551322937012,96800,0.0,0.0
2002-03-25 00:00:00-05:00,9.394666319955556,9.782150405022984,9.372732745477961,9.635930061340332,240200,0.0,0.0
2002-03-26 00:00:00-05:00,9.720612525939941,9.79425381190656,9.573330656302057,9.720612525939941,66000,0.095,0.0
2002-03-27 00:00:00-05:00,9.750071767705155,9.779528150296885,9.573333472154768,9.713251113891602,65000,0.0,0.0
2002-03-28 00:00:00-05:00,9.720612533958905,9.757433176972588,9.595422769089591,9.73534107208252,152500,0.0,0.0
2002-04-01 00:00:00-05:00,9.720614653106436,10.000450617802723,9.676430433693895,9.941537857055664,116600,0.0,0.0
2002-04-02 00:00:00-05:00,9.904718131857216,10.059364318847656,9.904718131857216,10.059364318847656,127100,0.0,0.0
2002-04-03 00:00:00-05:00,10.125640611076227,10.30974316764125,10.125640611076227,10.27292251586914,364200,0.0,0.0
2002-04-04 00:00:00-05:00,10.236099000446819,10.353925193613623,9.985720183492582,10.162458419799805,128100,0.0,0.0
2002-04-05 00:00:00-05:00,10.199280494018655,10.272921085010358,10.162459847375093,10.214008331298828,64000,0.0,0.0
2002-04-08 00:00:00-04:00,10.236099269683999,10.376017570495605,10.14773014920604,10.376017570495605,162100,0.0,0.0
2002-04-09 00:00:00-04:00,10.376015926179944,10.464385032653809,10.346559557355322,10.464385032653809,82400,0.0,0.0
2002-04-10 00:00:00-04:00,10.457021993729887,10.677945137023926,10.434929890089077,10.677945137023926,122500,0.0,0.0
2002-04-11 00:00:00-04:00,10.604302873314797,10.66321561243247,10.420200387998253,10.552754402160645,63800,0.0,0.0
2002-04-12 00:00:00-04:00,10.552755861237982,10.744222640991211,10.361289081484754,10.744222640991211,72600,0.0,0.0
2002-04-15 00:00:00-04:00,10.744220739035757,10.758948572096758,10.611666730010654,10.751585006713867,73900,0.0,0.0
2002-04-16 00:00:00-04:00,10.751585998127942,10.972508430480957,10.677944719146746,10.972508430480957,93300,0.0,0.0
2002-04-17 00:00:00-04:00,10.972508430480957,11.024057606685906,10.928324224928467,10.972508430480957,103100,0.0,0.0
2002-04-18 00:00:00-04:00,10.972512024925203,11.00196840570813,10.82523012101057,10.906235694885254,52500,0.0,0.0
2002-04-19 00:00:00-04:00,10.906233056659572,10.994602177631798,10.839956040356565,10.854683876037598,81900,0.0,0.0
2002-04-22 00:00:00-04:00,11.046149827366612,11.642642227054338,11.009329187482999,11.487996101379395,406700,0.0,0.0
2002-04-23 00:00:00-04:00,11.487997516801771,11.487997516801771,11.348079208463929,11.406991958618164,201600,0.0,0.0
2002-04-24 00:00:00-04:00,11.406989632644075,11.598456382751465,11.377533263573342,11.598456382751465,291200,0.0,0.0
2002-04-25 00:00:00-04:00,11.591094501367545,11.80465409896859,11.591094501367545,11.657371520996094,230000,0.0,0.0
2002-04-26 00:00:00-04:00,11.708923099058904,11.789928678829794,11.613190381267868,11.753108024597168,355300,0.0,0.0
2002-04-29 00:00:00-04:00,11.02405684827134,11.031420413826643,10.530662139008815,10.825225830078125,939600,0.0,0.0
2002-04-30 00:00:00-04:00,10.751584626417753,11.156609502254529,10.604302087245983,11.046148300170898,652500,0.0,0.0
2002-05-01 00:00:00-04:00,11.0829710754142,11.0829710754142,10.714766060963862,11.001965522766113,508500,0.0,0.0
2002-05-02 00:00:00-04:00,11.031419876377669,11.37016845575122,10.655851364135742,10.655851364135742,1322900,0.0,0.0
2002-05-03 00:00:00-04:00,10.309738413492838,11.046148300170898,10.236097143906953,11.046148300170898,2913800,0.0,0.0
2002-05-06 00:00:00-04:00,11.082973232960375,11.230255126953125,11.053516854161824,11.230255126953125,474400,0.0,0.0
2002-05-07 00:00:00-04:00,11.237618219786405,11.576366891624508,11.200797574572295,11.502725601196289,452300,0.0,0.0
2002-05-08 00:00:00-04:00,11.598462059628618,11.996124290162498,11.576369947586373,11.863570213317871,938000,0.0,0.0
2002-05-09 00:00:00-04:00,11.922478179016027,11.922478179016027,11.708918606859369,11.848836898803711,213600,0.0,0.0
2002-05-10 00:00:00-04:00,11.797289559745682,11.804653828934924,11.267074117141457,11.333351135253906,168600,0.0,0.0
2002-05-13 00:00:00-04:00,11.451174760476018,11.73101062324704,11.451174760476018,11.561635971069336,256300,0.0,0.0
2002-05-14 00:00:00-04:00,11.627914704262187,11.959299087524414,11.576366225306721,11.959299087524414,510100,0.0,0.0
2002-05-15 00:00:00-04:00,11.819379853744541,12.062395095825195,11.738375007149422,12.062395095825195,200000,0.0,0.0
2002-05-16 00:00:00-04:00,12.077125068980417,12.106582146476418,11.760469211147594,11.812018394470215,416500,0.0,0.0
2002-05-17 00:00:00-04:00,11.819379407159174,12.055031776428223,11.819379407159174,12.055031776428223,211600,0.0,0.0
2002-05-20 00:00:00-04:00,12.003485209630405,12.231773373644753,11.870932558881632,12.224409103393555,398200,0.0,0.0
2002-05-21 00:00:00-04:00,12.408506331769859,12.445326262666224,12.143398334626967,12.268588066101074,644700,0.0,0.0
2002-05-22 00:00:00-04:00,12.268593811011469,12.268593811011469,11.907752981815953,12.032942771911621,462200,0.0,0.0
2002-05-23 00:00:00-04:00,12.110713009579978,12.903279304504395,12.014419089693174,12.903279304504395,489700,0.095,0.0
2002-05-24 00:00:00-04:00,12.93291146281229,12.940318798523531,12.481075286865234,12.481075286865234,255400,0.0,0.0
2002-05-28 00:00:00-04:00,12.444038668640893,12.444038668640893,11.932945217330829,12.407003402709961,397700,0.0,0.0
2002-05-29 00:00:00-04:00,12.406998966679428,12.406998966679428,12.110712706752427,12.221819877624512,112800,0.0,0.0
2002-05-30 00:00:00-04:00,12.221822918075416,12.429224058022138,12.051458452835973,12.118123054504395,119000,0.0,0.0
2002-05-31 00:00:00-04:00,12.221821739660475,12.407000856928057,12.169971812874278,12.295893669128418,179500,0.0,0.0
2002-06-03 00:00:00-04:00,12.295891196509428,12.318111781918223,11.84405378914046,11.866275787353516,261200,0.0,0.0
2002-06-04 00:00:00-04:00,11.836647444203264,11.836647444203264,11.41443933255062,11.792204856872559,151400,0.0,0.0
2002-06-05 00:00:00-04:00,11.866283637617725,12.103312790815725,11.814432980553715,12.08849811553955,139600,0.0,0.0
2002-06-06 00:00:00-04:00,12.073681804783359,12.629219337140968,11.992203927411646,12.592184066772461,220200,0.0,0.0
2002-06-07 00:00:00-04:00,12.518112113230446,12.651441347045074,12.407004889319925,12.592184066772461,241800,0.0,0.0
2002-06-10 00:00:00-04:00,12.592187281029895,12.636629899377441,12.510707970054927,12.621816635131836,165800,0.0,0.0
2002-06-11 00:00:00-04:00,12.592181682884037,12.666253622403126,12.451445139078242,12.47366714477539,168600,0.0,0.0
2002-06-12 00:00:00-04:00,12.555146876283581,13.184754853089157,12.377373649848478,13.066240310668945,366400,0.0,0.0
2002-06-13 00:00:00-04:00,13.073644888326417,13.481039778161406,12.777358594776553,12.82180118560791,250000,0.0,0.0
2002-06-14 00:00:00-04:00,12.762547041744309,12.762547041744309,12.407003402709961,12.407003402709961,201600,0.0,0.0
2002-06-17 00:00:00-04:00,12.481073036501906,12.695880082178418,12.429223108676698,12.688472747802734,141600,0.0,0.0
2002-06-18 00:00:00-04:00,12.703288918463528,13.332898286789536,12.703288918463528,13.325490951538086,327000,0.0,0.0
2002-06-19 00:00:00-04:00,13.258822984162515,13.332894905084974,13.16993780929907,13.303265571594238,235300,0.0,0.0
2002-06-20 00:00:00-04:00,13.295868455324776,13.444010982462785,13.05143194338201,13.19957447052002,311700,0.0,0.0
2002-06-21 00:00:00-04:00,13.258822815324066,13.318080068746573,12.962536548211531,13.2884521484375,257600,0.0,0.0
2002-06-24 00:00:00-04:00,13.281047631237938,13.281047631237938,13.14771842956543,13.14771842956543,97100,0.0,0.0
2002-06-25 00:00:00-04:00,13.155119516235212,13.236598748069925,12.88846123954269,12.95512580871582,327400,0.0,0.0
2002-06-26 00:00:00-04:00,12.59217981492111,12.629215072784362,12.340336105598325,12.614401817321777,178300,0.0,0.0
2002-06-27 00:00:00-04:00,12.606994443458461,13.33289623260498,12.606994443458461,13.33289623260498,400700,0.0,0.0
2002-06-28 00:00:00-04:00,13.30326894578373,13.332898286789536,13.10327654521349,13.325490951538086,563600,0.0,0.0
2002-07-01 00:00:00-04:00,13.325488121012834,13.325488121012834,12.925501992030416,12.940315246582031,364500,0.0,0.0
2002-07-02 00:00:00-04:00,12.90328249083357,12.925504496172868,12.547738882233093,12.555146217346191,158900,0.0,0.0
2002-07-03 00:00:00-04:00,12.503292174488575,12.503292174488575,11.82183373833401,12.258855819702148,192500,0.0,0.0
2002-07-05 00:00:00-04:00,12.26626579915418,12.555146217346191,12.2070085310541,12.555146217346191,43600,0.0,0.0
2002-07-08 00:00:00-04:00,12.503302921964506,12.577374907982971,12.429232348751665,12.53293228149414,112600,0.0,0.0
2002-07-09 00:00:00-04:00,12.532924994000467,13.11068445362916,12.532924994000467,13.036612510681152,327700,0.0,0.0
2002-07-10 00:00:00-04:00,13.036608699543441,13.036608699543441,12.74772834777832,12.74772834777832,230100,0.0,0.0
2002-07-11 00:00:00-04:00,12.740327274819302,12.740327274819302,12.147753091801587,12.414411544799805,258000,0.0,0.0
2002-07-12 00:00:00-04:00,12.369963113136363,12.85142843873177,12.3107058640293,12.806985855102539,361100,0.0,0.0
2002-07-15 00:00:00-04:00,12.79958754361454,12.999580017304494,12.332935141792387,12.94773006439209,540800,0.0,0.0
2002-07-16 00:00:00-04:00,12.947726134234772,12.947726134234772,12.281081461076221,12.481075286865234,494600,0.0,0.0
2002-07-17 00:00:00-04:00,12.481075970789183,12.888469567597518,11.925538477247867,12.140345573425293,407700,0.0,0.0
2002-07-18 00:00:00-04:00,12.147749767687412,12.229229031097505,11.784798868649464,11.844056129455566,315900,0.0,0.0
2002-07-19 00:00:00-04:00,11.81442909944847,11.84405773386505,11.258891674335823,11.444070816040039,286700,0.0,0.0
2002-07-22 00:00:00-04:00,11.40703635240883,11.40703635240883,10.932978139157008,11.251485824584961,649500,0.0,0.0
2002-07-23 00:00:00-04:00,11.481109210050274,11.510737850723334,10.925571667628486,10.98482894897461,299200,0.0,0.0
2002-07-24 00:00:00-04:00,10.962604592459968,12.110715335046393,10.814461430346114,11.85146427154541,574500,0.0,0.0
2002-07-25 00:00:00-04:00,11.85146867619727,12.14775511054117,11.70332545902532,11.962575912475586,1051500,0.0,0.0
2002-07-26 00:00:00-04:00,11.88849695220393,12.221819877624512,11.88849695220393,12.221819877624512,510000,0.0,0.0
2002-07-29 00:00:00-04:00,12.221821004431924,12.740323066711426,12.207006336868634,12.740323066711426,397100,0.0,0.0
2002-07-30 00:00:00-04:00,12.59217875616778,12.710693266730889,12.303299813270753,12.547736167907715,179700,0.0,0.0
2002-07-31 00:00:00-04:00,12.444036115259758,12.473665452168751,12.221821739660475,12.295893669128418,204000,0.0,0.0
2002-08-01 00:00:00-04:00,12.221822577430936,12.725510036973803,12.221822577430936,12.562551498413086,208700,0.0,0.0
2002-08-02 00:00:00-04:00,12.592178055734346,12.592178055734346,12.147747959441679,12.221819877624512,581300,0.0,0.0
2002-08-05 00:00:00-04:00,12.184791797837383,12.221827072328434,11.925540637984534,11.962575912475586,103300,0.0,0.0
2002-08-06 00:00:00-04:00,11.962578756421557,12.569966444426287,11.962578756421557,12.332937240600586,206100,0.0,0.0
2002-08-07 00:00:00-04:00,12.355151594582791,12.407001524157396,12.036643269704935,12.310708999633789,178500,0.0,0.0
2002-08-08 00:00:00-04:00,12.236642094710776,12.977358908006027,12.147755455481057,12.762550354003906,280500,0.0,0.0
2002-08-09 00:00:00-04:00,12.703291744521561,12.858842993797527,12.444040604264988,12.710699081420898,203100,0.0,0.0
2002-08-12 00:00:00-04:00,12.666253195641026,12.74032513266442,12.45885205453646,12.518109321594238,91000,0.0,0.0
2002-08-13 00:00:00-04:00,12.481073134860255,12.66625225729793,12.33292927178828,12.421815872192383,107500,0.0,0.0
2002-08-14 00:00:00-04:00,12.481072035571675,12.814393578918962,12.444035366663448,12.740323066711426,267000,0.0,0.0
2002-08-15 00:00:00-04:00,12.666254536859414,13.303269871982339,12.65884720109225,13.184755325317383,334400,0.0,0.0
2002-08-16 00:00:00-04:00,13.110685348510742,13.184755883709698,12.925506184903556,13.110685348510742,167100,0.0,0.0
2002-08-19 00:00:00-04:00,13.051427673255809,13.644000413542342,13.04402033740162,13.29586410522461,380100,0.0,0.0
2002-08-20 00:00:00-04:00,13.258821519759552,13.258821519759552,12.814391456115342,12.992164611816406,150500,0.0,0.0
2002-08-21 00:00:00-04:00,12.999573569884905,13.26623195295686,12.792173861099657,13.221789360046387,220000,0.0,0.0
2002-08-22 00:00:00-04:00,11.481110268527932,12.184791785592031,10.829279407223844,11.94035530090332,2309600,0.0,0.0
2002-08-23 00:00:00-04:00,11.92553539286566,11.977385319470432,11.777391534448133,11.844056129455566,498700,0.0,0.0
2002-08-26 00:00:00-04:00,11.925538704440154,11.925538704440154,11.592215636843298,11.799616813659668,286200,0.0,0.0
2002-08-27 00:00:00-04:00,11.807022371519688,11.851465678631612,11.495922047345816,11.592214584350586,263100,0.0,0.0
2002-08-28 00:00:00-04:00,11.476703643798828,11.730085532549161,11.476703643798828,11.476703643798828,374600,0.095,0.0
2002-08-29 00:00:00-04:00,11.45434632524909,11.603394282136781,11.17860742732768,11.402179718017578,167000,0.0,0.0
2002-08-30 00:00:00-04:00,11.402179372992078,11.752442594116866,11.25313142061452,11.290392875671387,148700,0.0,0.0
2002-09-03 00:00:00-04:00,11.327651821875607,11.58103362425909,10.835793363468373,11.2382230758667,594900,0.0,0.0
2002-09-04 00:00:00-04:00,11.275489216573774,11.99092014824344,11.275489216573774,11.864229202270508,263400,0.0,0.0
2002-09-05 00:00:00-04:00,11.715179966905827,12.132514927841703,11.551226870389948,11.812061309814453,416600,0.0,0.0
2002-09-06 00:00:00-04:00,11.81206090351738,12.221942564633459,11.81206090351738,12.16977596282959,348800,0.0,0.0
2002-09-09 00:00:00-04:00,12.16232204434844,12.16232204434844,11.744987854592637,11.774797439575195,166200,0.0,0.0
2002-09-10 00:00:00-04:00,11.774800682942791,12.050539597662842,11.55122837863236,11.722633361816406,235700,0.0,0.0
2002-09-11 00:00:00-04:00,11.722632134833113,11.998371731408843,11.707727695154707,11.886585235595703,86900,0.0,0.0
2002-09-12 00:00:00-04:00,11.87167755881748,11.87167755881748,11.141341735085426,11.260580062866211,414500,0.0,0.0
2002-09-13 00:00:00-04:00,11.253131789663113,11.431989338381852,10.910321132593838,11.379822731018066,334100,0.0,0.0
2002-09-16 00:00:00-04:00,11.305299727369139,11.476704720715363,11.171156194686489,11.327656745910645,214900,0.0,0.0
2002-09-17 00:00:00-04:00,11.476700173898926,11.476700173898926,11.104080029152643,11.118985176086426,169600,0.0,0.0
2002-09-18 00:00:00-04:00,11.096630472044778,11.11153491135886,10.947581814603922,11.044463157653809,164400,0.0,0.0
2002-09-19 00:00:00-04:00,10.992293748947645,11.014650757572007,10.209791339930108,10.299220085144043,353200,0.0,0.0
2002-09-20 00:00:00-04:00,10.306672116702561,10.45572001756086,10.28431510925293,10.28431510925293,417400,0.0,0.0
2002-09-23 00:00:00-04:00,10.284318634827267,10.284318634827267,9.41238722750325,9.464553833007812,660400,0.0,0.0
2002-09-24 00:00:00-04:00,9.464552484398643,9.799910506187913,9.427290324040593,9.539076805114746,467100,0.0,0.0
2002-09-25 00:00:00-04:00,9.539077505445823,9.650863284010365,9.255886060936783,9.621053695678711,408300,0.0,0.0
2002-09-26 00:00:00-04:00,9.650864395914722,10.127818574889126,9.650864395914722,10.008580207824707,324800,0.0,0.0
2002-09-27 00:00:00-04:00,10.008579333882162,10.14272212975801,9.613601389074576,9.799911499023438,178000,0.0,0.0
2002-09-30 00:00:00-04:00,9.762649819415467,10.187436632827621,9.576339713783238,9.859530448913574,305900,0.0,0.0
2002-10-01 00:00:00-04:00,9.93405670082773,10.39610576706195,9.703032523069012,10.157629013061523,321400,0.0,0.0
2002-10-02 00:00:00-04:00,10.098008252303789,10.396104148390858,9.9116981395702,9.948960304260254,282800,0.0,0.0
2002-10-03 00:00:00-04:00,9.986220359802246,10.254507339427423,9.948958911046818,9.986220359802246,218600,0.0,0.0
2002-10-04 00:00:00-04:00,10.023483250019336,10.053292837626842,9.568886861325707,9.762649536132812,159200,0.0,0.0
2002-10-07 00:00:00-04:00,9.747743773720732,9.747743773720732,8.79383631957612,8.980146408081055,244700,0.0,0.0
2002-10-08 00:00:00-04:00,8.99505212610698,9.397481946138099,8.875813766203937,9.37512493133545,230900,0.0,0.0
2002-10-09 00:00:00-04:00,9.36767135035935,9.36767135035935,9.054670333862305,9.054670333862305,199800,0.0,0.0
2002-10-10 00:00:00-04:00,9.01740693660373,9.546527520664222,8.890716042482454,9.390027046203613,179800,0.0,0.0
2002-10-11 00:00:00-04:00,9.44964893533134,9.710482660933337,9.091933157257653,9.240981101989746,167300,0.0,0.0
2002-10-14 00:00:00-04:00,9.218626792408008,9.23353194661224,8.942887836081518,9.017412185668945,100500,0.0,0.0
2002-10-15 00:00:00-04:00,9.091936168761901,10.209797190594516,9.091936168761901,9.911701202392578,217400,0.0,0.0
2002-10-16 00:00:00-04:00,9.84462538845621,9.852077962782946,9.017408827536702,9.181361198425293,356700,0.0,0.0
2002-10-17 00:00:00-04:00,9.390028489453096,10.023482346705022,9.390028489453096,10.00112533569336,295600,0.0,0.0
2002-10-18 00:00:00-04:00,10.075650021850828,10.098007033680153,9.755196439191936,10.030935287475586,128700,0.0,0.0
2002-10-21 00:00:00-04:00,10.030939633958402,10.068201810297658,9.792462842534206,10.045844078063965,56000,0.0,0.0
2002-10-22 00:00:00-04:00,10.045840787298602,10.083102951431707,9.799911499023438,9.799911499023438,109500,0.0,0.0
2002-10-23 00:00:00-04:00,9.80736407411268,10.507890485530252,9.539077771641056,10.485532760620117,269000,0.0,0.0
2002-10-24 00:00:00-04:00,10.507890614731899,11.178606734516201,10.507890614731899,10.91777229309082,320300,0.0,0.0
2002-10-25 00:00:00-04:00,10.843249320983887,10.843249320983887,10.560057848209262,10.843249320983887,283300,0.0,0.0
2002-10-28 00:00:00-05:00,10.917775033255335,10.917775033255335,10.485535521227058,10.612226486206055,131100,0.0,0.0
2002-10-29 00:00:00-05:00,10.545151508995332,10.552604083661517,9.688125322449881,9.874435424804688,283800,0.0,0.0
2002-10-30 00:00:00-05:00,9.911696604780898,10.247054613629082,9.762648679816879,9.978768348693848,312000,0.0,0.0
2002-10-31 00:00:00-05:00,9.98622130290604,10.105460366620772,9.553981917929658,9.643410682678223,398800,0.0,0.0
2002-11-01 00:00:00-05:00,9.643410483347997,9.911697482764817,9.464552957547872,9.680672645568848,320300,0.0,0.0
2002-11-04 00:00:00-05:00,9.72538632253188,9.777552917526124,9.427289767967434,9.546528816223145,212100,0.0,0.0
2002-11-05 00:00:00-05:00,9.598698849005716,9.777556419372559,9.390031683577734,9.777556419372559,748400,0.0,0.0
2002-11-06 00:00:00-05:00,9.74029181238971,10.098007574396416,9.553981712163639,9.762649536132812,308400,0.0,0.0
2002-11-07 00:00:00-05:00,9.703030559757563,9.81481633789733,9.449648704543007,9.725387573242188,182200,0.0,0.0
2002-11-08 00:00:00-05:00,9.688125811957956,9.874435923726379,9.643411072418198,9.650863647460938,102200,0.0,0.0
2002-11-11 00:00:00-05:00,9.874433797246493,9.874433797246493,9.54652838386452,9.665766716003418,201900,0.0,0.0
2002-11-12 00:00:00-05:00,9.740290470567047,9.934053118681405,9.613599563008929,9.755195617675781,278900,0.0,0.0
2002-11-13 00:00:00-05:00,9.777553528686502,10.038387941394662,9.576338999191101,9.881887435913086,349500,0.0,0.0
2002-11-14 00:00:00-05:00,10.023483958703642,10.2396036618174,9.814816830697833,10.187437057495117,776800,0.0,0.0
2002-11-15 00:00:00-05:00,10.299223585594707,10.873059117478862,10.261962128795357,10.805987358093262,287300,0.0,0.0
2002-11-18 00:00:00-05:00,10.813434863790993,10.88050659172958,10.455719218357325,10.478076934814453,377700,0.0,0.0
2002-11-19 00:00:00-05:00,10.455724386825592,10.507891706963148,10.291771982726843,10.403557777404785,99900,0.0,0.0
2002-11-20 00:00:00-05:00,10.396103269965737,10.53024676722872,10.060745237524896,10.425912857055664,140300,0.0,0.0
2002-11-21 00:00:00-05:00,10.425916241365181,10.955037117004395,10.36629704783261,10.955037117004395,321100,0.0,0.0
2002-11-22 00:00:00-05:00,10.94012865737131,10.94012865737131,10.507889307596052,10.545150756835938,115200,0.0,0.0
2002-11-25 00:00:00-05:00,10.507887763228226,10.731459268675074,10.35883914530835,10.679292678833008,109200,0.0,0.0
2002-11-26 00:00:00-05:00,10.619673781802456,10.679292946176307,10.291768377746273,10.388648986816406,115900,0.0,0.0
2002-11-27 00:00:00-05:00,10.45572272639527,11.17115354658303,10.440818287806273,11.029558181762695,138600,0.0,0.0
2002-11-29 00:00:00-05:00,11.066821363363813,11.104082818625727,10.582414627075195,10.582414627075195,74500,0.0,0.0
2002-12-02 00:00:00-05:00,10.604770787243327,11.07427233499482,10.604770787243327,10.776176452636719,272200,0.0,0.0
2002-12-03 00:00:00-05:00,10.805981886432935,10.805981886432935,10.366290095960009,10.470623970031738,138600,0.0,0.0
2002-12-04 00:00:00-05:00,10.43336301011123,10.54514875807584,10.135267208394632,10.28431510925293,153800,0.0,0.0
2002-12-05 00:00:00-05:00,10.329032430962746,10.329032430962746,9.904245599843179,10.187437057495117,82400,0.0,0.0
2002-12-06 00:00:00-05:00,10.120363384949156,10.209792137145996,10.023482059056775,10.209792137145996,64000,0.0,0.0
2002-12-09 00:00:00-05:00,10.194889498804573,10.209793938108183,9.844626291211334,10.098008155822754,197900,0.0,0.0
2002-12-10 00:00:00-05:00,10.135267958281206,10.34393503492165,10.075648793526794,10.321578025817871,135800,0.0,0.0
2002-12-11 00:00:00-05:00,10.254507187556424,10.254507187556424,9.799910128020459,9.978768348693848,162500,0.0,0.0
2002-12-12 00:00:00-05:00,9.948957677401923,10.32902966688202,9.90424294943671,10.299220085144043,115300,0.0,0.0
2002-12-13 00:00:00-05:00,10.24705593402569,10.24705593402569,9.688125610351562,9.688125610351562,224400,0.0,0.0
2002-12-16 00:00:00-05:00,9.725386376622552,9.948958616110213,9.673219070621611,9.80736255645752,183300,0.0,0.0
2002-12-17 00:00:00-05:00,9.874435974880148,10.060746087613735,9.79991164550004,9.948960304260254,139500,0.0,0.0
2002-12-18 00:00:00-05:00,9.87443698328182,9.87443698328182,9.375125773307587,9.524173736572266,195700,0.0,0.0
2002-12-19 00:00:00-05:00,9.501816842036781,9.650864807219497,9.472007249000239,9.613602638244629,90300,0.0,0.0
2002-12-20 00:00:00-05:00,9.835078890679732,9.842586040118801,9.549786448300852,9.64738655090332,203300,0.095,0.0
2002-12-23 00:00:00-05:00,9.647386384499184,9.647386384499184,9.294524591328862,9.527262687683105,203400,0.0,0.0
2002-12-24 00:00:00-05:00,9.45969344797971,9.714954408051675,9.45969344797971,9.654892921447754,54400,0.0,0.0
2002-12-26 00:00:00-05:00,9.69243488139287,9.99274313425393,9.69243488139287,9.92517375946045,78700,0.0,0.0
2002-12-27 00:00:00-05:00,9.917662268643566,9.917662268643566,9.68492347560663,9.790031433105469,64300,0.0,0.0
2002-12-30 00:00:00-05:00,9.79002883802811,9.79002883802811,9.234459887063823,9.437167167663574,160600,0.0,0.0
2002-12-31 00:00:00-05:00,9.49723188481513,9.722462830492328,9.339570294440035,9.422155380249023,98900,0.0,0.0
2003-01-02 00:00:00-05:00,9.609850023114433,11.00628107603354,9.572311403823086,10.36061954498291,895300,0.0,0.0
2003-01-03 00:00:00-05:00,10.368125021455546,10.368125021455546,9.880124515165779,9.970216751098633,210800,0.0,0.0
2003-01-06 00:00:00-05:00,9.947695600967156,10.07532646973043,9.91015698380333,9.962711334228516,154200,0.0,0.0
2003-01-07 00:00:00-05:00,9.93267773477946,9.947693464816366,9.654893173001431,9.737478256225586,128500,0.0,0.0
2003-01-08 00:00:00-05:00,9.684926451673713,9.767511556510753,9.602342062826276,9.60984992980957,79700,0.0,0.0
2003-01-09 00:00:00-05:00,9.609850278414273,9.812557682389386,9.609850278414273,9.760004043579102,133500,0.0,0.0
2003-01-10 00:00:00-05:00,9.76000445390088,9.820065962491867,9.71495796446281,9.767512321472168,155900,0.0,0.0
2003-01-13 00:00:00-05:00,9.797538806744338,9.925169635885778,9.797538806744338,9.820061683654785,359300,0.0,0.0
2003-01-14 00:00:00-05:00,9.827569448583079,9.850092325265784,9.549784916198577,9.775015830993652,276100,0.0,0.0
2003-01-15 00:00:00-05:00,9.73747632737838,9.797537803649902,9.534768307970038,9.797537803649902,178600,0.0,0.0
2003-01-16 00:00:00-05:00,9.797538730145982,9.902645965565886,9.775015853411624,9.857600212097168,154300,0.0,0.0
2003-01-17 00:00:00-05:00,9.84258326840641,9.84258326840641,9.54227589572774,9.572306632995605,62300,0.0,0.0
2003-01-21 00:00:00-05:00,9.572305832056204,9.744982377900836,9.437167167663574,9.437167167663574,168000,0.0,0.0
2003-01-22 00:00:00-05:00,9.422152589944671,9.609844869760344,9.159383111807037,9.384613990783691,120500,0.0,0.0
2003-01-23 00:00:00-05:00,9.407140520358157,9.639879352828409,9.249478915391729,9.542279243469238,70900,0.0,0.0
2003-01-24 00:00:00-05:00,9.534773901553551,9.542281769489309,9.339573631162057,9.392127990722656,103700,0.0,0.0
2003-01-27 00:00:00-05:00,9.369597484959334,9.369597484959334,9.0843058734528,9.129351615905762,173100,0.0,0.0
2003-01-28 00:00:00-05:00,9.16689454163658,9.272002516986543,8.934155709072199,9.099325180053711,94200,0.0,0.0
2003-01-29 00:00:00-05:00,9.136859878676567,9.309536425627996,8.934151880788333,9.196921348571777,205000,0.0,0.0
2003-01-30 00:00:00-05:00,9.264495025799622,9.302033641085217,9.016741167300047,9.084310531616211,111800,0.0,0.0
2003-01-31 00:00:00-05:00,9.084307296854638,9.707445654342512,9.009230093017116,9.617353439331055,252900,0.0,0.0
2003-02-03 00:00:00-05:00,9.722463057220212,9.82006315982268,9.5347707174438,9.64738655090332,146200,0.0,0.0
2003-02-04 00:00:00-05:00,9.662402279612804,9.662402279612804,9.30954045428727,9.564802169799805,201900,0.0,0.0
2003-02-05 00:00:00-05:00,9.534773037837043,9.850096302678,9.534773037837043,9.760004043579102,131000,0.0,0.0
2003-02-06 00:00:00-05:00,9.722464604993867,9.722464604993867,8.934156509239862,9.279510498046875,552100,0.0,0.0
2003-02-07 00:00:00-05:00,9.309538917967625,9.354585390443424,9.046770095825195,9.046770095825195,118500,0.0,0.0
2003-02-10 00:00:00-05:00,9.04676668006229,9.18190461448725,9.024243810322984,9.174397468566895,128200,0.0,0.0
2003-02-11 00:00:00-05:00,9.174395512665221,9.339564143526442,9.174395512665221,9.332056999206543,100300,0.0,0.0
2003-02-12 00:00:00-05:00,9.309535725167871,9.542274440492182,9.309535725167871,9.399628639221191,106300,0.0,0.0
2003-02-13 00:00:00-05:00,9.384613903484082,9.609844780365544,9.384613903484082,9.482213973999023,127200,0.0,0.0
2003-02-14 00:00:00-05:00,9.414643647570648,9.654889509075117,9.38461291488259,9.399628639221191,99700,0.0,0.0
2003-02-18 00:00:00-05:00,9.422156787585893,9.752495032194373,9.347079555816464,9.534771919250488,147000,0.0,0.0
2003-02-19 00:00:00-05:00,9.497232151503026,9.760001714836722,9.459694256160606,9.669909477233887,151900,0.0,0.0
2003-02-20 00:00:00-05:00,9.647388824481682,9.654895975689946,9.40714208607664,9.497234344482422,142300,0.0,0.0
2003-02-21 00:00:00-05:00,9.55729036853901,9.91015204857141,9.489721750480612,9.579813957214355,106600,0.0,0.0
2003-02-24 00:00:00-05:00,9.572308492342152,9.662400721645469,9.497231276594693,9.549785614013672,144200,0.0,0.0
2003-02-25 00:00:00-05:00,9.587327392636956,9.857604169933648,9.48221939902676,9.760004043579102,383600,0.0,0.0
2003-02-26 00:00:00-05:00,9.66991034465139,9.827571953596394,9.62486386381445,9.707448959350586,113200,0.0,0.0
2003-02-27 00:00:00-05:00,9.647385571553754,9.932677268981934,9.609846964211293,9.932677268981934,250400,0.0,0.0
2003-02-28 00:00:00-05:00,9.910152398297873,10.08282967095652,9.910152398297873,10.030275344848633,139700,0.0,0.0
2003-03-03 00:00:00-05:00,10.045293427600003,10.172924267247302,9.887631844270361,9.977724075317383,148100,0.0,0.0
2003-03-04 00:00:00-05:00,10.022767590574436,10.142890529849018,9.970213267649909,10.075321197509766,985800,0.0,0.0
2003-03-05 00:00:00-05:00,10.097847479272813,10.12037035899459,9.97772449943742,10.067816734313965,88600,0.0,0.0
2003-03-06 00:00:00-05:00,9.985228178760428,10.172920435067997,9.962705308480478,10.000243186950684,489000,0.0,0.0
2003-03-07 00:00:00-05:00,9.910156616666464,10.330587824544594,9.895141599950929,10.060310363769531,274200,0.0,0.0
2003-03-10 00:00:00-05:00,10.060308086232428,10.07532381553812,9.842585023225572,9.850092887878418,159600,0.0,0.0
2003-03-11 00:00:00-05:00,9.910155351992577,10.323078640823402,9.910155351992577,10.210463523864746,159300,0.0,0.0
2003-03-12 00:00:00-05:00,10.210462745576429,10.285539245829709,10.060308313091078,10.21796989440918,113300,0.0,0.0
2003-03-13 00:00:00-05:00,10.247997994941107,10.510767468037736,10.247997994941107,10.48073673248291,266600,0.0,0.0
2003-03-14 00:00:00-05:00,10.548312637157093,10.69095854090116,10.465727525946093,10.578343391418457,109700,0.0,0.0
2003-03-17 00:00:00-05:00,10.510771900920057,11.246525590309494,10.510771900920057,11.239018440246582,209400,0.0,0.0
2003-03-18 00:00:00-05:00,11.201480724900678,11.216495742220982,10.938711119894425,10.998772621154785,511300,0.0,0.0
2003-03-19 00:00:00-05:00,10.976249109173622,10.976249109173622,10.841110381074987,10.961234092712402,179200,0.0,0.0
2003-03-20 00:00:00-05:00,10.886157857790087,10.931204343271538,10.62338824379242,10.90117359161377,144500,0.0,0.0
2003-03-21 00:00:00-05:00,10.901170540208113,11.261539459228516,10.796062580832464,11.261539459228516,471000,0.0,0.0
2003-03-24 00:00:00-05:00,11.261536226434222,11.261536226434222,10.953721017469958,11.073843955993652,162100,0.0,0.0
2003-03-25 00:00:00-05:00,11.036310115174043,11.186463853042428,10.90867925898854,11.15643310546875,185600,0.0,0.0
2003-03-26 00:00:00-05:00,11.077094026908227,11.077094026908227,10.653958501408395,10.699294090270996,392500,0.095,0.0
2003-03-27 00:00:00-05:00,10.729522360479224,10.910866229867311,10.653962775199096,10.903310775756836,323100,0.0,0.0
2003-03-28 00:00:00-05:00,10.903304611806345,11.016644285950614,10.653956752212093,10.910860061645508,170700,0.0,0.0
2003-03-31 00:00:00-05:00,10.88064193725586,10.88064193725586,10.389502125038097,10.88064193725586,146900,0.0,0.0
2003-04-01 00:00:00-05:00,10.880635877834157,11.031756401062012,10.74462841576357,11.031756401062012,182300,0.0,0.0
2003-04-02 00:00:00-05:00,11.107318888521991,11.326442840614193,11.107318888521991,11.296218872070312,168400,0.0,0.0
2003-04-03 00:00:00-05:00,11.318890545141986,11.334002894888156,11.001539127033896,11.107322692871094,140400,0.0,0.0
2003-04-04 00:00:00-05:00,11.129986831475776,11.175323145187264,10.963755362591598,11.024203300476074,116100,0.0,0.0
2003-04-07 00:00:00-04:00,11.258439471259608,11.326443585102322,11.182879905231495,11.303775787353516,141100,0.0,0.0
2003-04-08 00:00:00-04:00,11.281103608164278,11.303771397109195,10.918415382065513,10.993975639343262,229800,0.0,0.0
2003-04-09 00:00:00-04:00,10.963752309728688,11.197987823658957,10.880635877834157,11.031756401062012,143300,0.0,0.0
2003-04-10 00:00:00-04:00,11.024201418334977,11.099760967492301,10.92597335589393,10.971309661865234,422800,0.0,0.0
2003-04-11 00:00:00-04:00,11.046872731809183,11.069540531721298,10.91842066464658,10.948644638061523,130600,0.0,0.0
2003-04-14 00:00:00-04:00,10.971310081414513,11.031758011290393,10.895749808771583,10.956197738647461,178700,0.0,0.0
2003-04-15 00:00:00-04:00,10.895752864734465,10.948644638061523,10.752188450566207,10.948644638061523,182700,0.0,0.0
2003-04-16 00:00:00-04:00,10.948640730359305,10.99397703459883,10.805077088027014,10.925972938537598,184100,0.0,0.0
2003-04-17 00:00:00-04:00,11.031763105929738,11.129990496893852,10.956202798391885,11.107322692871094,163400,0.0,0.0
2003-04-21 00:00:00-04:00,11.10732067863907,11.122433025644725,10.880640517728809,10.948644638061523,199900,0.0,0.0
2003-04-22 00:00:00-04:00,10.948641626601338,11.099761452110048,10.850413559871637,11.092206001281738,188300,0.0,0.0
2003-04-23 00:00:00-04:00,11.069539764345869,11.077095937324879,10.827747993788089,11.00153636932373,217300,0.0,0.0
2003-04-24 00:00:00-04:00,10.933529745928602,11.213101596660923,10.880637267803571,11.205545425415039,251700,0.0,0.0
2003-04-25 00:00:00-04:00,11.205545201027922,11.447336911285182,10.971309661865234,10.971309661865234,198800,0.0,0.0
2003-04-28 00:00:00-04:00,10.918414737860823,11.235766646749443,10.918414737860823,11.009086608886719,200200,0.0,0.0
2003-04-29 00:00:00-04:00,11.00908941279629,11.30377360913067,10.993977790741177,11.175321578979492,167900,0.0,0.0
2003-04-30 00:00:00-04:00,11.167760638272647,11.45488854065856,11.016640879278969,11.228208541870117,164500,0.0,0.0
2003-05-01 00:00:00-04:00,11.152659021513106,11.167770650662778,10.978870602414641,11.107322692871094,108500,0.0,0.0
2003-05-02 00:00:00-04:00,11.06953846888391,11.470006942749023,11.06953846888391,11.470006942749023,201300,0.0,0.0
2003-05-05 00:00:00-04:00,11.432226399827657,11.515342128150575,11.054426455566054,11.182878494262695,147900,0.0,0.0
2003-05-06 00:00:00-04:00,11.182877632273541,11.25843718294392,11.031757810336632,11.205545425415039,220300,0.0,0.0
2003-05-07 00:00:00-04:00,11.129982436921244,11.129982436921244,10.873079162645864,11.009086608886719,172000,0.0,0.0
2003-05-08 00:00:00-04:00,11.009090823619218,11.009090823619218,10.797523043561952,10.865527153015137,63300,0.0,0.0
2003-05-09 00:00:00-04:00,10.94108607731947,11.092206632017511,10.888194315532882,11.069538116455078,114100,0.0,0.0
2003-05-12 00:00:00-04:00,11.039318560206326,11.107322692871094,10.933534994369127,11.107322692871094,116600,0.0,0.0
2003-05-13 00:00:00-04:00,11.069537667800713,11.069537667800713,10.744630217799504,10.895750045776367,133300,0.0,0.0
2003-05-14 00:00:00-04:00,10.88064193725586,10.918422089102563,10.729522050465507,10.88064193725586,107000,0.0,0.0
2003-05-15 00:00:00-04:00,11.107316131757822,11.228211975927778,11.031756589449634,11.077092170715332,111700,0.0,0.0
2003-05-16 00:00:00-04:00,10.9939811328437,11.031761280360655,10.540620803833008,10.540620803833008,167900,0.0,0.0
2003-05-19 00:00:00-04:00,10.548176977455674,10.699296846927112,10.072148848173361,10.540620803833008,156700,0.0,0.0
2003-05-20 00:00:00-04:00,10.54062100241197,10.548177176176992,10.102373012390283,10.26860523223877,172500,0.0,0.0
2003-05-21 00:00:00-04:00,10.268601070207866,10.359272956848145,10.200596975078632,10.359272956848145,48700,0.0,0.0
2003-05-22 00:00:00-04:00,10.309816139036021,10.385902906568647,10.157641878346656,10.25655460357666,160500,0.095,0.0
2003-05-23 00:00:00-04:00,10.21090473442457,10.538080004689986,10.21090473442457,10.484818458557129,136000,0.0,0.0
2003-05-27 00:00:00-04:00,10.538079520322617,10.538079520322617,10.271773978771446,10.492426872253418,77900,0.0,0.0
2003-05-28 00:00:00-04:00,10.492428077803197,10.492428077803197,10.248949195123714,10.461993217468262,166900,0.0,0.0
2003-05-29 00:00:00-04:00,10.538079202671403,10.728297233581543,10.492426555978321,10.728297233581543,219700,0.0,0.0
2003-05-30 00:00:00-04:00,10.713084079451109,10.903302192687988,10.690258109037547,10.903302192687988,185700,0.0,0.0
2003-06-02 00:00:00-04:00,10.903295278142608,11.070687314810879,10.804381834912451,10.88046932220459,114700,0.0,0.0
2003-06-03 00:00:00-04:00,10.84243039577146,10.880474156320094,10.659821215887265,10.758734703063965,59500,0.0,0.0
2003-06-04 00:00:00-04:00,10.804385940326554,11.222865828197778,10.804385940326554,11.200039863586426,88400,0.0,0.0
2003-06-05 00:00:00-04:00,11.200039341538131,11.200039341538131,10.773950576782227,10.773950576782227,107300,0.0,0.0
2003-06-06 00:00:00-04:00,11.078296931935197,11.200036339051392,10.888078926910119,10.910904884338379,111600,0.0,0.0
2003-06-09 00:00:00-04:00,10.880473460192988,11.017429973531538,10.713081359863281,10.713081359863281,95900,0.0,0.0
2003-06-10 00:00:00-04:00,10.751126458608255,10.857648849487305,10.728300491142894,10.857648849487305,55300,0.0,0.0
2003-06-11 00:00:00-04:00,10.918513273610625,11.108731269836426,10.842425784870676,11.108731269836426,69800,0.0,0.0
2003-06-12 00:00:00-04:00,11.108731269836426,11.222861777322278,10.941339229982981,11.108731269836426,82300,0.0,0.0
2003-06-13 00:00:00-04:00,11.032648679100776,11.413084840449079,10.796777939790095,10.834821701049805,100600,0.0,0.0
2003-06-16 00:00:00-04:00,10.834821633786227,10.956561088562012,10.713082179010442,10.956561088562012,142600,0.0,0.0
2003-06-17 00:00:00-04:00,10.461996059668891,10.461996059668891,10.005472304997173,10.165255546569824,650200,0.0,0.0
2003-06-18 00:00:00-04:00,10.165252203188839,10.210904853890524,10.013077910223668,10.172861099243164,414300,0.0,0.0
2003-06-19 00:00:00-04:00,10.340253202616571,10.347862098684361,10.111991399952718,10.119600296020508,207400,0.0,0.0
2003-06-20 00:00:00-04:00,10.119603767130185,10.119603767130185,9.701123772974988,9.936994552612305,595100,0.0,0.0
2003-06-23 00:00:00-04:00,9.967426640501012,9.982643707985913,9.556555659668298,9.746773719787598,240300,0.0,0.0
2003-06-24 00:00:00-04:00,9.754378768962443,9.906553748855814,9.67829200463984,9.898944854736328,109200,0.0,0.0
2003-06-25 00:00:00-04:00,9.85329389084178,9.876119851456886,9.716337401526934,9.860902786254883,214000,0.0,0.0
2003-06-26 00:00:00-04:00,10.119598615488117,10.264163988647255,9.860901997138365,10.195685386657715,144000,0.0,0.0
2003-06-27 00:00:00-04:00,10.119598413240645,10.241337825178267,9.936989295334211,10.03590202331543,122300,0.0,0.0
2003-06-30 00:00:00-04:00,10.005465271399741,10.081552752232223,9.792421340942383,9.792421340942383,148400,0.0,0.0
2003-07-01 00:00:00-04:00,9.777207160197234,9.883728793991722,9.586989127707982,9.723945617675781,186600,0.0,0.0
2003-07-02 00:00:00-04:00,9.723944793159285,10.226120240250383,9.723944793159285,10.195685386657715,176100,0.0,0.0
2003-07-03 00:00:00-04:00,10.119600296020508,10.195687079825614,9.982643069297342,10.119600296020508,63100,0.0,0.0
2003-07-07 00:00:00-04:00,10.27177575293724,10.27177575293724,10.066339889578806,10.210906028747559,134500,0.0,0.0
2003-07-08 00:00:00-04:00,10.21090552448287,10.271775245666504,10.0891660821156,10.271775245666504,98400,0.0,0.0
2003-07-09 00:00:00-04:00,10.27177515896884,10.461993217468262,10.256557365989217,10.461993217468262,263400,0.0,0.0
2003-07-10 00:00:00-04:00,10.385910863681575,10.385910863681575,9.929387731850598,10.013083457946777,242800,0.0,0.0
2003-07-11 00:00:00-04:00,10.013079576135356,10.150036825402207,9.936992779806074,10.134819030761719,193600,0.0,0.0
2003-07-14 00:00:00-04:00,10.134814247970414,10.401119723509787,10.134814247970414,10.218510627746582,297900,0.0,0.0
2003-07-15 00:00:00-04:00,10.157641898304032,10.157641898304032,9.921771249554002,10.096772193908691,166800,0.0,0.0
2003-07-16 00:00:00-04:00,10.17285896159081,10.195684919333035,10.043510658344683,10.096772193908691,191100,0.0,0.0
2003-07-17 00:00:00-04:00,10.081558697214739,10.134819529830397,9.891340608588045,10.089167594909668,208500,0.0,0.0
2003-07-18 00:00:00-04:00,10.165252959819245,10.210905613918994,9.99025269128957,10.081557273864746,113600,0.0,0.0
2003-07-21 00:00:00-04:00,10.005470899263333,10.043514661078378,9.739166017806827,9.754383087158203,249400,0.0,0.0
2003-07-22 00:00:00-04:00,9.754381096183305,9.959816932678223,9.488076269082502,9.959816932678223,786400,0.0,0.0
2003-07-23 00:00:00-04:00,10.423951480658014,11.74026107788086,10.408734410353846,11.74026107788086,729100,0.0,0.0
2003-07-24 00:00:00-04:00,11.717431907080163,12.402216615375698,11.671779980193419,11.976128578186035,435000,0.0,0.0
2003-07-25 00:00:00-04:00,11.968518298736429,12.044605802253985,11.626125984155854,11.808735847473145,273600,0.0,0.0
2003-07-28 00:00:00-04:00,11.869605221265344,12.166344880141255,11.84677853548705,12.151127815246582,144200,0.0,0.0
2003-07-29 00:00:00-04:00,12.16634446564424,12.173953360644443,11.732647609371016,11.938082695007324,201100,0.0,0.0
2003-07-30 00:00:00-04:00,11.92286854771044,11.938085615809726,11.58808434203403,11.816346168518066,230200,0.0,0.0
2003-07-31 00:00:00-04:00,11.854388371530657,12.1663458456829,11.854388371530657,12.135910987854004,263900,0.0,0.0
2003-08-01 00:00:00-04:00,12.135911538684578,12.18917308652079,11.610910035901048,11.953302383422852,268700,0.0,0.0
2003-08-04 00:00:00-04:00,11.907648428830802,11.91525732420686,11.565256118774414,11.565256118774414,147300,0.0,0.0
2003-08-05 00:00:00-04:00,11.603300539363387,11.938083973355598,11.572865681727732,11.679388046264648,145600,0.0,0.0
2003-08-06 00:00:00-04:00,11.679389166771427,11.717432198247618,11.336996078491211,11.336996078491211,97800,0.0,0.0
2003-08-07 00:00:00-04:00,11.413081862054511,11.58047393253942,11.413081862054511,11.496777534484863,266000,0.0,0.0
2003-08-08 00:00:00-04:00,11.641344292814017,11.694605112270354,11.466343317190816,11.679388046264648,78300,0.0,0.0
2003-08-11 00:00:00-04:00,11.67938714778425,11.747865027978378,11.35982080438158,11.489169120788574,113000,0.0,0.0
2003-08-12 00:00:00-04:00,11.603302135757659,11.938085615809726,11.56525837707293,11.816346168518066,127900,0.0,0.0
2003-08-13 00:00:00-04:00,11.869606453637914,11.983736991882324,11.801127840441561,11.983736991882324,91700,0.0,0.0
2003-08-14 00:00:00-04:00,11.945693237259432,12.014171850455785,11.808736736490992,11.983736991882324,147600,0.0,0.0
2003-08-15 00:00:00-04:00,11.983736769970655,12.173954813938442,11.907649262133837,11.945693016052246,79200,0.0,0.0
2003-08-18 00:00:00-04:00,11.94569296140135,12.097867250754542,11.717431164559441,12.082650184631348,93600,0.0,0.0
2003-08-19 00:00:00-04:00,12.021781550016053,12.333738327026367,12.021781550016053,12.333738327026367,344500,0.0,0.0
2003-08-20 00:00:00-04:00,12.25004342247522,12.288086454187647,12.113086186312671,12.21199893951416,125100,0.0,0.0
2003-08-21 00:00:00-04:00,12.219606825545705,12.348955154418945,12.173954901016478,12.348955154418945,140100,0.0,0.0
2003-08-22 00:00:00-04:00,12.402216562390613,12.402216562390613,11.99134631966806,12.097867965698242,161800,0.0,0.0
2003-08-25 00:00:00-04:00,12.05982729025983,12.158740059281389,11.945695999995484,12.120697021484375,103600,0.0,0.0
2003-08-26 00:00:00-04:00,12.097867783265649,12.158737501686224,11.709823509740552,11.953302383422852,116700,0.0,0.0
2003-08-27 00:00:00-04:00,11.903543841941708,12.087263955286994,11.673893335240681,11.788718223571777,118000,0.095,0.0
2003-08-28 00:00:00-04:00,11.826992032725899,12.209742588671972,11.819336846397677,12.20208740234375,135700,0.0,0.0
2003-08-29 00:00:00-04:00,12.171473809942992,12.508294885737348,12.079613715646113,12.370504379272461,126500,0.0,0.0
2003-09-02 00:00:00-04:00,12.248023171913674,12.37050328682656,12.056647809852523,12.309263229370117,107100,0.0,0.0
2003-09-03 00:00:00-04:00,12.248022850130447,12.454708586145143,12.20974763271598,12.278643608093262,129200,0.0,0.0
2003-09-04 00:00:00-04:00,12.309262373304774,12.424087290540172,12.17147188859108,12.378157615661621,110100,0.0,0.0
2003-09-05 00:00:00-04:00,12.362851170715293,12.439401626586914,12.171475761075495,12.439401626586914,127700,0.0,0.0
2003-09-08 00:00:00-04:00,12.324571668412451,12.661392661433933,12.316916479925837,12.401122093200684,143300,0.0,0.0
2003-09-09 00:00:00-04:00,12.286291838706765,12.324567769029676,11.980091696510723,12.094917297363281,240800,0.0,0.0
2003-09-10 00:00:00-04:00,12.094920946217746,12.110230592926875,11.604999840863577,11.727479934692383,228600,0.0,0.0
2003-09-11 00:00:00-04:00,11.72747743181246,11.934163093566895,11.658582211227648,11.934163093566895,84500,0.0,0.0
2003-09-12 00:00:00-04:00,11.926508664406468,12.0183687210083,11.589688456866417,12.0183687210083,268700,0.0,0.0
2003-09-15 00:00:00-04:00,12.018373538235043,12.171473693937317,11.788722939662067,11.880583763122559,144100,0.0,0.0
2003-09-16 00:00:00-04:00,11.8652671703099,12.094917648646227,11.7657519386962,12.071952819824219,117800,0.0,0.0
2003-09-17 00:00:00-04:00,12.148509636301698,12.148509636301698,11.86527414748262,11.957134246826172,81300,0.0,0.0
2003-09-18 00:00:00-04:00,11.957128319073348,12.133193969726562,11.926508301138721,12.133193969726562,89500,0.0,0.0
2003-09-19 00:00:00-04:00,12.133192665119306,12.209742336705554,11.980091861869344,12.156157493591309,93600,0.0,0.0
2003-09-22 00:00:00-04:00,12.217401219716715,12.401122093200684,12.148505983415095,12.401122093200684,206800,0.0,0.0
2003-09-23 00:00:00-04:00,12.24802148412622,12.301606344506801,11.949475697636615,12.225056648254395,67900,0.0,0.0
2003-09-24 00:00:00-04:00,12.28629422594612,12.324570163706085,11.94181954657284,12.056644439697266,82100,0.0,0.0
2003-09-25 00:00:00-04:00,12.056648158227576,12.094923377753576,11.528452464893853,11.559072494506836,123700,0.0,0.0
2003-09-26 00:00:00-04:00,11.520797457427696,11.643277577819259,11.398317337036133,11.398317337036133,89400,0.0,0.0
2003-09-29 00:00:00-04:00,11.405969578790247,11.444244791478596,11.138044550049727,11.191629409790039,257300,0.0,0.0
2003-09-30 00:00:00-04:00,11.214593334032479,11.360038984420756,10.98494353664282,11.18397331237793,246600,0.0,0.0
2003-10-01 00:00:00-04:00,11.183973326295213,11.40596866607666,11.176318868401227,11.40596866607666,203800,0.0,0.0
2003-10-02 00:00:00-04:00,11.405968925207267,11.405968925207267,11.107423889431042,11.176319122314453,149100,0.0,0.0
2003-10-03 00:00:00-04:00,11.252869981946011,11.666240692138672,11.191629930809246,11.666240692138672,295200,0.0,0.0
2003-10-06 00:00:00-04:00,11.66624117148161,11.926511764526367,11.66624117148161,11.926511764526367,106000,0.0,0.0
2003-10-07 00:00:00-04:00,11.918854778105807,12.35519027709961,11.90354513202056,12.35519027709961,393500,0.0,0.0
2003-10-08 00:00:00-04:00,12.347535126180588,12.554220824245022,12.347535126180588,12.523601531982422,359000,0.0,0.0
2003-10-09 00:00:00-04:00,12.55422374046014,12.64608455874192,12.194438577352695,12.347537994384766,211900,0.0,0.0
2003-10-10 00:00:00-04:00,12.324568150488076,12.401118553425764,12.194432903517253,12.209742546081543,115900,0.0,0.0
2003-10-13 00:00:00-04:00,12.171467642747595,12.615458238568557,12.171467642747595,12.569528579711914,85300,0.0,0.0
2003-10-14 00:00:00-04:00,12.63077253552815,12.63077253552815,12.362846765486198,12.554222106933594,108700,0.0,0.0
2003-10-15 00:00:00-04:00,12.592498958104212,12.630773445118791,12.362847655782472,12.477672576904297,58100,0.0,0.0
2003-10-16 00:00:00-04:00,12.439401626586914,12.538916197165069,12.332231864413748,12.439401626586914,129800,0.0,0.0
2003-10-17 00:00:00-04:00,12.439397707996674,12.477672193836217,12.24802235864288,12.286296844482422,91600,0.0,0.0
2003-10-20 00:00:00-04:00,12.278639580576806,12.439394126918181,12.248018832657902,12.416428565979004,86400,0.0,0.0
2003-10-21 00:00:00-04:00,12.401119837260381,12.515944723515494,12.17146860467251,12.19443416595459,101400,0.0,0.0
2003-10-22 00:00:00-04:00,12.15616021485153,12.15616021485153,11.635619119367052,11.643274307250977,291100,0.0,0.0
2003-10-23 00:00:00-04:00,11.643271418626107,12.03367714338218,11.528446549010187,12.026021957397461,489700,0.0,0.0
2003-10-24 00:00:00-04:00,11.980096509555285,12.156162209582046,11.903546808271534,12.079611778259277,289000,0.0,0.0
2003-10-27 00:00:00-05:00,12.056646681291273,12.240366836463494,12.056646681291273,12.17147159576416,102700,0.0,0.0
2003-10-28 00:00:00-05:00,12.209742845153976,12.569528579711914,12.171467642747595,12.569528579711914,233200,0.0,0.0
2003-10-29 00:00:00-05:00,12.569527395053445,12.822142685072677,12.43173697139252,12.806832313537598,268100,0.0,0.0
2003-10-30 00:00:00-05:00,12.783868216312372,12.837453056607755,12.584837766588524,12.806832313537598,211200,0.0,0.0
2003-10-31 00:00:00-05:00,12.78387326609533,12.852768505140236,12.630772410422656,12.661393165588379,94500,0.0,0.0
2003-11-03 00:00:00-05:00,12.661393400816905,12.990557764495959,12.600151889347691,12.70732307434082,301600,0.0,0.0
2003-11-04 00:00:00-05:00,12.630773617284046,13.051798820495604,12.623118427761169,13.051798820495605,181600,0.0,0.0
2003-11-05 00:00:00-05:00,12.975249845423036,13.051798820495604,12.50063831555133,13.051798820495605,216900,0.0,0.0
2003-11-06 00:00:00-05:00,12.97524671615247,13.013521194458008,12.768561029115943,13.013521194458008,85900,0.0,0.0
2003-11-07 00:00:00-05:00,13.013527650192723,13.090078104856612,12.783877746279538,12.967597961425781,96900,0.0,0.0
2003-11-10 00:00:00-05:00,12.936968983015028,13.013519389083973,12.623113632202148,12.623113632202148,82500,0.0,0.0
2003-11-11 00:00:00-05:00,12.623117199778664,12.707322816260659,12.39346737674518,12.492981910705566,91400,0.0,0.0
2003-11-12 00:00:00-05:00,12.554220218674244,13.090071678161621,12.554220218674244,13.090071678161621,131900,0.0,0.0
2003-11-13 00:00:00-05:00,12.9752467825794,13.143656532094806,12.921660468568453,13.090071678161621,170900,0.0,0.0
2003-11-14 00:00:00-05:00,13.090074530593078,13.128349017434878,12.914009554995863,12.921663284301758,69400,0.0,0.0
2003-11-17 00:00:00-05:00,12.921656185059328,12.982896206407391,12.737936121015142,12.906347274780273,108400,0.0,0.0
2003-11-18 00:00:00-05:00,12.822150230407713,12.936975164336014,12.630774853834465,12.822150230407715,178500,0.0,0.0
2003-11-19 00:00:00-05:00,12.78387002325361,12.929314193162547,12.60014845901925,12.914005279541016,84200,0.0,0.0
2003-11-20 00:00:00-05:00,13.013521490012932,13.02883186571397,12.69966608853061,12.776216506958008,137200,0.0,0.0
2003-11-21 00:00:00-05:00,12.66904290711676,12.975244522094727,12.66904290711676,12.975244522094727,70000,0.0,0.0
2003-11-24 00:00:00-05:00,12.936975439696672,13.204901264617614,12.860424995422363,12.860424995422363,136800,0.0,0.0
2003-11-25 00:00:00-05:00,12.898696430765845,13.197241452805804,12.822146013297768,13.166622161865234,172100,0.0,0.0
2003-11-26 00:00:00-05:00,13.181932181392956,13.227863311767578,12.990556851732372,13.227863311767578,103500,0.0,0.0
2003-11-28 00:00:00-05:00,13.22786206917119,13.22786206917119,13.013521194458008,13.013521194458008,34900,0.0,0.0
2003-12-01 00:00:00-05:00,12.975246714954373,13.465167045593262,12.975246714954373,13.465167045593262,139800,0.0,0.0
2003-12-02 00:00:00-05:00,13.434546296129957,13.472822234513252,12.936970777769174,13.013521194458008,254200,0.0,0.0
2003-12-03 00:00:00-05:00,13.051797815887177,13.128348245145698,12.70732307434082,12.70732307434082,137000,0.0,0.0
2003-12-04 00:00:00-05:00,12.898692698940858,12.929311981022714,12.538906278956938,12.783867835998535,115400,0.0,0.0
2003-12-05 00:00:00-05:00,12.86042115682037,12.959937142696745,12.53125682682349,12.592496871948242,100400,0.0,0.0
2003-12-08 00:00:00-05:00,12.745595531337198,13.090071678161621,12.630770635754978,13.090071678161621,109200,0.0,0.0
2003-12-09 00:00:00-05:00,13.074765669081273,13.113040160364623,12.730289407218123,12.822150230407715,108700,0.0,0.0
2003-12-10 00:00:00-05:00,12.975252481083267,13.013526976394242,12.42409040410345,12.584846496582031,81200,0.0,0.0
2003-12-11 00:00:00-05:00,12.58484105419798,13.074761390686035,12.58484105419798,13.074761390686035,89300,0.0,0.0
2003-12-12 00:00:00-05:00,13.03648525749076,13.120689392089844,12.898694815320782,13.120689392089844,73500,0.0,0.0
2003-12-15 00:00:00-05:00,13.166622711671774,13.166622711671774,12.79918098449707,12.79918098449707,112300,0.0,0.0
2003-12-16 00:00:00-05:00,12.837455202314306,12.944624900817871,12.515944646725979,12.944624900817871,112400,0.0,0.0
2003-12-17 00:00:00-05:00,12.66904133567732,12.676696521109989,12.40111714592058,12.630766868591309,103500,0.0,0.0
2003-12-18 00:00:00-05:00,12.47766743459133,12.75324829977343,12.47766743459133,12.737937927246094,142400,0.0,0.0
2003-12-19 00:00:00-05:00,12.734096233307735,12.895773887634277,12.549319673417555,12.895773887634277,121000,0.095,0.0
2003-12-22 00:00:00-05:00,12.81878255706172,12.918869972229004,12.672501740988935,12.918869972229004,55100,0.0,0.0
2003-12-23 00:00:00-05:00,12.91886674452026,13.126737730890454,12.849575926243071,13.08824348449707,114000,0.0,0.0
2003-12-24 00:00:00-05:00,13.011257027118539,13.088247009099714,12.818782806396484,12.818782806396484,34600,0.0,0.0
2003-12-26 00:00:00-05:00,12.895768205558467,13.072844073263793,12.864971636325585,13.011252403259277,23600,0.0,0.0
2003-12-29 00:00:00-05:00,13.095942627468022,13.234524264022397,13.049749238103686,13.08824348449707,169600,0.0,0.0
2003-12-30 00:00:00-05:00,13.165236752210955,13.234527587890625,13.04205337066082,13.234527587890625,71600,0.0,0.0
2003-12-31 00:00:00-05:00,13.242219416226678,13.242219416226678,12.857271194458008,12.857271194458008,134500,0.0,0.0
2004-01-02 00:00:00-05:00,12.857272714529826,13.11133851219605,12.803378723603327,12.941960334777832,84600,0.0,0.0
2004-01-05 00:00:00-05:00,12.94196142733774,12.94966056954863,11.355974843425136,11.93339729309082,1760100,0.0,0.0
2004-01-06 00:00:00-05:00,11.93340336726262,12.54932037302687,11.841015816397983,12.510826110839844,663700,0.0,0.0
2004-01-07 00:00:00-05:00,12.395341855816794,12.54932037302687,12.256760162404344,12.510826110839844,252600,0.0,0.0
2004-01-08 00:00:00-05:00,12.472328854035277,12.549317359924316,12.379940591122159,12.549317359924316,113000,0.0,0.0
2004-01-09 00:00:00-05:00,12.472325977970664,12.541616792061934,12.395336021373556,12.403035163879395,91300,0.0,0.0
2004-01-12 00:00:00-05:00,12.403037375994634,12.657103250155531,12.403037375994634,12.587812423706055,93700,0.0,0.0
2004-01-13 00:00:00-05:00,12.549317512202903,12.657104064986404,12.395339030094764,12.626307487487793,103300,0.0,0.0
2004-01-14 00:00:00-05:00,12.626304484925809,12.926565170288086,12.626304484925809,12.926565170288086,297600,0.0,0.0
2004-01-15 00:00:00-05:00,12.91886674452026,13.08824348449707,12.66480090032436,13.08824348449707,175000,0.0,0.0
2004-01-16 00:00:00-05:00,13.04975249851271,13.04975249851271,12.734094900145255,12.918869972229004,144800,0.0,0.0
2004-01-20 00:00:00-05:00,12.89576846667973,13.003553524254817,12.818778510499834,12.965059280395508,156300,0.0,0.0
2004-01-21 00:00:00-05:00,12.85727519720602,13.095942757835912,12.787984378239052,13.080544471740723,248700,0.0,0.0
2004-01-22 00:00:00-05:00,13.088245378528326,13.088245378528326,12.926567758125714,12.972761154174805,91600,0.0,0.0
2004-01-23 00:00:00-05:00,12.93426466234143,13.165234565734863,12.93426466234143,13.165234565734863,161300,0.0,0.0
2004-01-26 00:00:00-05:00,13.088242960035352,13.149834632873535,12.972758757021419,13.149834632873535,89500,0.0,0.0
2004-01-27 00:00:00-05:00,13.11134227177575,13.14983652215723,12.98045976463259,13.03435230255127,173100,0.0,0.0
2004-01-28 00:00:00-05:00,13.01125578194028,13.057449179323566,12.718695640563965,12.718695640563965,247400,0.0,0.0
2004-01-29 00:00:00-05:00,12.780286957431741,13.011255406138785,12.749490381091292,12.972761154174805,235300,0.0,0.0
2004-01-30 00:00:00-05:00,12.934260249130162,12.934260249130162,12.703291893005371,12.703291893005371,392200,0.0,0.0
2004-02-02 00:00:00-05:00,12.780281386496958,12.92656212342704,12.641699790295926,12.880367279052734,169000,0.0,0.0
2004-02-03 00:00:00-05:00,12.85727759460448,13.018955223366605,12.85727759460448,12.903470993041992,151100,0.0,0.0
2004-02-04 00:00:00-05:00,12.903466821368063,12.903466821368063,12.39533519744873,12.39533519744873,178600,0.0,0.0
2004-02-05 00:00:00-05:00,13.065145511589176,13.473191261291504,12.795682861132393,13.473191261291504,1069400,0.0,0.0
2004-02-06 00:00:00-05:00,13.434702162049975,14.050619125366211,13.388507288454853,14.050619125366211,481500,0.0,0.0
2004-02-09 00:00:00-05:00,14.127606078770162,14.435564494289357,13.912034453675947,13.973626136779785,320100,0.0,0.0
2004-02-10 00:00:00-05:00,13.896638347291997,14.24309253692627,13.858144089982318,14.24309253692627,251200,0.0,0.0
2004-02-11 00:00:00-05:00,14.243091196381348,14.381672859191895,14.166101220546416,14.381672859191895,131400,0.0,0.0
2004-02-12 00:00:00-05:00,14.320080108740237,14.504855155944824,14.24309013862294,14.504855155944824,461200,0.0,0.0
2004-02-13 00:00:00-05:00,14.3585765106625,14.39707223571906,14.089112309113622,14.258490562438965,229600,0.0,0.0
2004-02-17 00:00:00-05:00,14.258486709461076,14.612638473510742,14.258486709461076,14.612638473510742,341800,0.0,0.0
2004-02-18 00:00:00-05:00,14.474059647156425,14.474059647156425,14.173800356879523,14.266188621520996,161500,0.0,0.0
2004-02-19 00:00:00-05:00,14.350869884958065,14.358569025956038,14.081407292334,14.12760066986084,154800,0.0,0.0
2004-02-20 00:00:00-05:00,14.204598015821542,14.28158652901114,14.019821472473575,14.258490562438965,230600,0.0,0.0
2004-02-23 00:00:00-05:00,14.243081716990902,14.39706156618048,14.035209361123176,14.17379093170166,282600,0.0,0.0
2004-02-24 00:00:00-05:00,14.166096349415495,14.281580539226862,14.012117919154054,14.273882865905762,258200,0.0,0.0
2004-02-25 00:00:00-05:00,14.219993763092374,14.381672859191895,14.14300525571909,14.381672859191895,426600,0.0,0.0
2004-02-26 00:00:00-05:00,14.381671747839588,14.38937089167429,14.150701838183132,14.304681777954102,182900,0.0,0.0
2004-02-27 00:00:00-05:00,14.28158585568184,14.358575833703377,14.235392456253594,14.327780723571777,163900,0.0,0.0
2004-03-01 00:00:00-05:00,14.320085340664027,14.589549600294081,14.281589607309975,14.55875301361084,183700,0.0,0.0
2004-03-02 00:00:00-05:00,14.589548509241695,14.589548509241695,14.358578531776278,14.481761932373047,215900,0.0,0.0
2004-03-03 00:00:00-05:00,14.435562172787577,14.551046376477613,14.350873071466266,14.520251274108887,385700,0.0,0.0
2004-03-04 00:00:00-05:00,14.520256967759261,14.697332914082692,14.450966124682806,14.666536331176758,319000,0.0,0.0
2004-03-05 00:00:00-05:00,14.62804113103784,14.76662280828577,14.62804113103784,14.751224517822266,308700,0.0,0.0
2004-03-08 00:00:00-05:00,14.666534291928485,14.782019993306605,14.651137471078203,14.674233436584473,292800,0.0,0.0
2004-03-09 00:00:00-05:00,14.628041134917574,14.72812708603329,14.628041134917574,14.635740280151367,267800,0.0,0.0
2004-03-10 00:00:00-05:00,14.635739458522277,14.72812625921774,14.628040313720703,14.628040313720703,270200,0.0,0.0
2004-03-11 00:00:00-05:00,13.858140999440225,14.073712610299864,13.78115103352882,14.058314323425293,782100,0.0,0.0
2004-03-12 00:00:00-05:00,14.058312402880922,14.412464141845703,14.012119017029269,14.412464141845703,217600,0.0,0.0
2004-03-15 00:00:00-05:00,14.397069542668534,14.674231368922328,14.250788751739748,14.597241401672363,447200,0.0,0.0
2004-03-16 00:00:00-05:00,14.597243458486291,14.68193258124046,14.558749203668047,14.674233436584473,319300,0.0,0.0
2004-03-17 00:00:00-05:00,14.628041134917574,14.774321957436054,14.551051151041436,14.635740280151367,302500,0.0,0.0
2004-03-18 00:00:00-05:00,14.635742072132023,14.635742072132023,14.37397697598007,14.52795696258545,190100,0.0,0.0
2004-03-19 00:00:00-05:00,14.589546058174546,14.666534569266858,14.474060354612638,14.628040313720703,144300,0.0,0.0
2004-03-22 00:00:00-05:00,14.628041277470665,14.628041277470665,14.343178774891458,14.397072792053223,250300,0.0,0.0
2004-03-23 00:00:00-05:00,14.435564199279376,14.797415146561828,14.41246676791438,14.512554168701172,351100,0.0,0.0
2004-03-24 00:00:00-05:00,14.489456490515575,14.504854777829937,13.927432219694865,14.004422187805176,468000,0.0,0.0
2004-03-25 00:00:00-05:00,14.016028221015201,14.426214725563552,13.938634067423024,14.395257949829102,343000,0.095,0.0
2004-03-26 00:00:00-05:00,14.403002672986162,14.403002672986162,14.20951795777107,14.224995613098145,181300,0.0,0.0
2004-03-29 00:00:00-05:00,14.279174393976785,14.526834624842074,14.248216127032915,14.48039722442627,233700,0.0,0.0
2004-03-30 00:00:00-05:00,13.930892623754602,14.410735130310059,13.930892623754602,14.410735130310059,480600,0.0,0.0
2004-03-31 00:00:00-05:00,14.317865317943205,14.449434950181951,14.16307699430791,14.356561660766602,276700,0.0,0.0
2004-04-01 00:00:00-05:00,14.433955509054469,14.658398425833285,14.248210410429325,14.255949974060059,162300,0.0,0.0
2004-04-02 00:00:00-05:00,14.35656724105663,14.704840366521772,14.35656724105663,14.627446174621582,141100,0.0,0.0
2004-04-05 00:00:00-04:00,14.666135667208962,14.882837509873367,14.588741519327137,14.735790252685547,244700,0.0,0.0
2004-04-06 00:00:00-04:00,14.704839141757136,14.906063433469106,14.704839141757136,14.751275062561035,173400,0.0,0.0
2004-04-07 00:00:00-04:00,14.743524868821453,14.743524868821453,14.495864834826401,14.511343955993652,121800,0.0,0.0
2004-04-08 00:00:00-04:00,14.550048656649956,14.588746481839628,14.163079261779785,14.163079261779785,241400,0.0,0.0
2004-04-12 00:00:00-04:00,14.16308234675845,14.480397201575288,14.15534425620611,14.47265911102295,94700,0.0,0.0
2004-04-13 00:00:00-04:00,14.379785394796205,14.464919150266994,13.992815926178254,14.008295059204102,218400,0.0,0.0
2004-04-14 00:00:00-04:00,14.008289558786036,14.008289558786036,13.721931614933085,13.884459495544434,209000,0.0,0.0
2004-04-15 00:00:00-04:00,13.838024307258063,13.892201260159743,13.43557727604278,13.512969970703125,353800,0.0,0.0
2004-04-16 00:00:00-04:00,13.621325225923732,13.80707038874712,13.613585659618007,13.745155334472656,221700,0.0,0.0
2004-04-19 00:00:00-04:00,13.698712881878308,13.768367469250315,13.621318731890453,13.675494194030762,137400,0.0,0.0
2004-04-20 00:00:00-04:00,13.737420427626905,13.938644791313047,13.404626344460281,13.412365913391113,143100,0.0,0.0
2004-04-21 00:00:00-04:00,13.412358681436157,13.528449200458871,13.334964510030668,13.458794593811035,160300,0.0,0.0
2004-04-22 00:00:00-04:00,13.46653059050884,13.714190692450144,13.427834253144505,13.590360641479492,303500,0.0,0.0
2004-04-23 00:00:00-04:00,13.667754416387789,13.690973103870048,13.365918859971456,13.52844524383545,174900,0.0,0.0
2004-04-26 00:00:00-04:00,13.520708451249401,13.629060872193525,13.280787869464033,13.327223777770996,122100,0.0,0.0
2004-04-27 00:00:00-04:00,13.396880648154635,13.474274825893099,13.311748381196368,13.389141082763672,344300,0.0,0.0
2004-04-28 00:00:00-04:00,13.350447511693297,13.381405779703007,13.002174377441408,13.002174377441406,176400,0.0,0.0
2004-04-29 00:00:00-04:00,13.156961564919447,13.249834884304853,12.824167595031131,12.886082649230957,207700,0.0,0.0
2004-04-30 00:00:00-04:00,13.002168787578459,13.064083820808039,12.769987782010242,12.932514190673828,294700,0.0,0.0
2004-05-03 00:00:00-04:00,12.92477509631413,12.971210998576193,12.576502138921853,12.6693754196167,408400,0.0,0.0
2004-05-04 00:00:00-04:00,12.746770436651849,13.273049012747519,12.731292783838613,13.18791675567627,315200,0.0,0.0
2004-05-05 00:00:00-04:00,13.234349070601064,13.319481304541343,13.06408165037933,13.071821212768555,141700,0.0,0.0
2004-05-06 00:00:00-04:00,13.040867839006314,13.040867839006314,12.429455536403893,12.530068397521973,324700,0.0,0.0
2004-05-07 00:00:00-04:00,12.530068636436972,12.692595063566857,12.383019862244934,12.406238555908203,248500,0.0,0.0
2004-05-10 00:00:00-04:00,12.40624065948718,12.40624065948718,11.872222424052852,12.21275520324707,158300,0.0,0.0
2004-05-11 00:00:00-04:00,12.406237013636149,12.468152046203613,12.32110329029183,12.468152046203613,219300,0.0,0.0
2004-05-12 00:00:00-04:00,12.537809371948242,12.537809371948242,12.15857879230413,12.537809371948242,142500,0.0,0.0
2004-05-13 00:00:00-04:00,12.537806537906127,12.537806537906127,12.266927719116211,12.266927719116211,125400,0.0,0.0
2004-05-14 00:00:00-04:00,12.266930124432596,12.290148081483213,11.965093730432375,12.259190559387207,106700,0.0,0.0
2004-05-17 00:00:00-04:00,12.189536240842353,12.212754198446666,11.980572408146841,12.119881629943848,120500,0.0,0.0
2004-05-18 00:00:00-04:00,12.150838115287053,12.282407760620117,12.07344468385234,12.282407760620117,82300,0.0,0.0
2004-05-19 00:00:00-04:00,12.38302196188699,12.460416144383034,12.034749616826044,12.21275520324707,183000,0.0,0.0
2004-05-20 00:00:00-04:00,12.212752588153013,12.45267391204834,12.158577114857652,12.45267391204834,124000,0.0,0.0
2004-05-21 00:00:00-04:00,12.573347620033065,12.620059332734552,12.4877097275701,12.588918685913086,189900,0.095,0.0
2004-05-24 00:00:00-04:00,12.596703681879003,12.822478187760655,12.542206438560623,12.80690860748291,174900,0.0,0.0
2004-05-25 00:00:00-04:00,12.767978672262592,13.149460792541504,12.713481438642496,13.149460792541504,461200,0.0,0.0
2004-05-26 00:00:00-04:00,13.180605094535059,13.414165130038898,13.133893384421988,13.157248497009277,180300,0.0,0.0
2004-05-27 00:00:00-04:00,13.079393528452842,13.180603957394258,12.806907338852946,12.838047981262207,150300,0.0,0.0
2004-05-28 00:00:00-04:00,12.884759420936245,12.884759420936245,12.767979415673958,12.830262184143066,120200,0.0,0.0
2004-06-01 00:00:00-04:00,12.806905901666504,12.822475478654741,12.627841659388917,12.783549308776855,122000,0.0,0.0
2004-06-02 00:00:00-04:00,12.845834309332567,12.970399856567383,12.612274279501902,12.970399856567383,110000,0.0,0.0
2004-06-03 00:00:00-04:00,12.923690243067519,12.923690243067519,12.705699757591857,12.729056358337402,125700,0.0,0.0
2004-06-04 00:00:00-04:00,12.736841201782227,12.947044657347615,12.612275641099547,12.736841201782227,113400,0.0,0.0
2004-06-07 00:00:00-04:00,12.845836620980274,13.281816114757975,12.73684211877053,13.258460998535156,113300,0.0,0.0
2004-06-08 00:00:00-04:00,13.196178213709771,13.328529317081056,13.14946501138669,13.258460998535156,304600,0.0,0.0
2004-06-09 00:00:00-04:00,13.25845845283429,13.336310805213879,13.024896940880216,13.102750778198242,175900,0.0,0.0
2004-06-10 00:00:00-04:00,13.157250504374513,13.27403053994324,13.079396652349123,13.188392639160156,147600,0.0,0.0
2004-06-14 00:00:00-04:00,13.157247859468296,13.211745099449267,13.04825337950635,13.126107215881348,285300,0.0,0.0
2004-06-15 00:00:00-04:00,13.079394656861835,13.250673402173907,13.009326349222984,13.157248497009277,146700,0.0,0.0
2004-06-16 00:00:00-04:00,13.23510085441155,13.274027027655077,13.048252549953633,13.266242980957031,111600,0.0,0.0
2004-06-17 00:00:00-04:00,13.23509881107503,13.546512603759766,13.110533294001137,13.546512603759766,159600,0.0,0.0
2004-06-18 00:00:00-04:00,13.624369940978031,13.624369940978031,13.40637948734453,13.46866226196289,199600,0.0,0.0
2004-06-21 00:00:00-04:00,13.468661672178648,13.47644720428233,13.235101648821862,13.274027824401855,167300,0.0,0.0
2004-06-22 00:00:00-04:00,13.196178075569405,13.468664328241323,13.102753156839956,13.460880279541016,192100,0.0,0.0
2004-06-23 00:00:00-04:00,13.429738028562628,13.538732528686523,13.235104144090705,13.538732528686523,115900,0.0,0.0
2004-06-24 00:00:00-04:00,13.507592365104324,13.61658686914792,13.351884657951688,13.484235763549805,84600,0.0,0.0
2004-06-25 00:00:00-04:00,13.406379172758585,13.624369621276855,13.390809593173202,13.624369621276855,230300,0.0,0.0
2004-06-28 00:00:00-04:00,13.54651818690553,13.9357859594312,13.523163070914764,13.748937606811523,188800,0.0,0.0
2004-06-29 00:00:00-04:00,13.772295376861434,14.24720108989884,13.772295376861434,14.16934871673584,228700,0.0,0.0
2004-06-30 00:00:00-04:00,14.239416739008997,14.286128458905427,14.083709026102493,14.0914945602417,116200,0.0,0.0
2004-07-01 00:00:00-04:00,14.130418520214537,14.216057897317317,13.865716340931916,14.013638496398926,149800,0.0,0.0
2004-07-02 00:00:00-04:00,14.005854665592786,14.254985809326172,14.005854665592786,14.254985809326172,111400,0.0,0.0
2004-07-06 00:00:00-04:00,14.208274720420299,14.208274720420299,13.81900691986084,13.81900691986084,115200,0.0,0.0
2004-07-07 00:00:00-04:00,13.857932107938325,13.974713627646992,13.748937606811523,13.748937606811523,103000,0.0,0.0
2004-07-08 00:00:00-04:00,13.663300549973474,13.834579349432346,13.546520495303582,13.554306030273438,92400,0.0,0.0
2004-07-09 00:00:00-04:00,13.608800344635677,13.857931469993247,13.569874163150546,13.717796325683594,143600,0.0,0.0
2004-07-12 00:00:00-04:00,13.741152355744575,13.912431129538858,13.639943386179647,13.64772891998291,57700,0.0,0.0
2004-07-13 00:00:00-04:00,13.663298744752776,13.803435385817114,13.61658702604425,13.764509201049805,51200,0.0,0.0
2004-07-14 00:00:00-04:00,13.702221616919386,13.74114778805753,13.421948432922362,13.421948432922363,122500,0.0,0.0
2004-07-15 00:00:00-04:00,13.468661945915457,13.92021242253738,13.453092366330072,13.624369621276855,80200,0.0,0.0
2004-07-16 00:00:00-04:00,13.632152712292987,13.717792066899305,13.530942295951306,13.608796119689941,106300,0.0,0.0
2004-07-19 00:00:00-04:00,13.585444866718701,13.873502165864547,13.554302734411799,13.678868293762207,127400,0.0,0.0
2004-07-20 00:00:00-04:00,13.71779689877159,13.857932048935666,13.632157514000182,13.787863731384277,184700,0.0,0.0
2004-07-21 00:00:00-04:00,13.741145983950828,13.826785331136852,13.554297714130632,13.56208324432373,205500,0.0,0.0
2004-07-22 00:00:00-04:00,13.468660802932991,13.507588460939068,13.1806035583796,13.196174621582031,248700,0.0,0.0
2004-07-23 00:00:00-04:00,13.157247179195423,13.414163786492589,13.149461647466618,13.242886543273926,183300,0.0,0.0
2004-07-26 00:00:00-04:00,13.219533329932588,13.421952751849773,13.219533329932588,13.258460998535156,132400,0.0,0.0
2004-07-27 00:00:00-04:00,13.25846012467715,13.507591247558594,13.235103525055031,13.507591247558594,80700,0.0,0.0
2004-07-28 00:00:00-04:00,13.468663327218243,13.468663327218243,13.133894315253757,13.3908109664917,132600,0.0,0.0
2004-07-29 00:00:00-04:00,13.39080699949519,13.6710786819458,13.344093814971625,13.6710786819458,77400,0.0,0.0
2004-07-30 00:00:00-04:00,13.624371411205185,13.826790821792871,13.624371411205185,13.717796325683594,119900,0.0,0.0
2004-08-02 00:00:00-04:00,13.663297375463442,13.857931249671974,13.585445013730922,13.780078887939453,124200,0.0,0.0
2004-08-03 00:00:00-04:00,13.74114902878523,13.74114902878523,13.312955167849811,13.320740699768066,164000,0.0,0.0
2004-08-04 00:00:00-04:00,13.32852917755521,13.507591996436387,13.219533191547736,13.460880279541016,162400,0.0,0.0
2004-08-05 00:00:00-04:00,13.429734849950197,13.453091445136609,13.196174837839443,13.242886543273926,121600,0.0,0.0
2004-08-06 00:00:00-04:00,13.196180490728283,13.29738947668126,12.923692703247069,12.92369270324707,149800,0.0,0.0
2004-08-09 00:00:00-04:00,12.962612066116245,13.001539720932328,12.503276133853845,12.783549308776855,268500,0.0,0.0
2004-08-10 00:00:00-04:00,12.783555327642512,13.126111426618325,12.783555327642512,13.040472030639648,152400,0.0,0.0
2004-08-11 00:00:00-04:00,13.001541259834998,13.250672340393066,12.799121885646972,13.250672340393066,146800,0.0,0.0
2004-08-12 00:00:00-04:00,13.172825253333638,13.172825253333638,12.682348372890088,12.767986297607422,228700,0.0,0.0
2004-08-13 00:00:00-04:00,12.806907496584689,12.923687505699833,12.783550900786308,12.814691543579102,98600,0.0,0.0
2004-08-16 00:00:00-04:00,12.845834002775304,13.398593419821255,12.845834002775304,13.235101699829102,117700,0.0,0.0
2004-08-17 00:00:00-04:00,13.274031047376031,13.429738757379123,13.094968220329614,13.312958717346191,188600,0.0,0.0
2004-08-18 00:00:00-04:00,13.235101601675549,13.460877577062803,13.219530537523655,13.437520980834961,126000,0.0,0.0
2004-08-19 00:00:00-04:00,13.328525816834269,13.328525816834269,12.767979415673958,12.830262184143066,475800,0.0,0.0
2004-08-20 00:00:00-04:00,12.838054635519233,12.97040577547053,12.67456283701776,12.767986297607422,263800,0.0,0.0
2004-08-23 00:00:00-04:00,12.806910516879888,12.838051167016683,12.495495105879558,12.503280639648438,165500,0.0,0.0
2004-08-24 00:00:00-04:00,12.612274541425647,12.651200718893,12.37871302180607,12.635629653930664,194000,0.0,0.0
2004-08-25 00:00:00-04:00,12.635630826037454,12.674558492054304,12.542207397474266,12.573348045349121,135400,0.0,0.0
2004-08-26 00:00:00-04:00,12.612276324487071,12.729056358337402,12.495494805698044,12.729056358337402,259400,0.0,0.0
2004-08-27 00:00:00-04:00,12.643409927958334,12.744620323181152,12.565556120464905,12.744620323181152,128100,0.0,0.0
2004-08-30 00:00:00-04:00,12.69012962870742,12.705700697022404,12.472140612052842,12.549994468688965,355300,0.0,0.0
2004-08-31 00:00:00-04:00,12.526635954684748,12.697913225196713,12.526635954684748,12.658987045288086,121300,0.0,0.0
2004-09-01 00:00:00-04:00,12.697914265754344,12.86919303524069,12.690128732146901,12.799124717712402,179600,0.0,0.0
2004-09-02 00:00:00-04:00,12.923686293443494,12.931471824645996,12.806906295282444,12.931471824645996,200900,0.0,0.0
2004-09-03 00:00:00-04:00,12.939258569565421,12.97818474429101,12.682341955536751,12.814691543579102,77200,0.0,0.0
2004-09-07 00:00:00-04:00,12.822476244254132,12.954827308654785,12.783550072052057,12.954827308654785,162800,0.0,0.0
2004-09-08 00:00:00-04:00,12.982236388109204,12.982236388109204,12.69252357865021,12.723844528198242,313600,0.095,0.0
2004-09-09 00:00:00-04:00,12.731666129305221,13.185809135437012,12.614215635100528,13.185809135437012,228400,0.0,0.0
2004-09-10 00:00:00-04:00,13.115348685819445,13.115348685819445,12.896106498498566,12.958746910095215,225100,0.0,0.0
2004-09-13 00:00:00-04:00,12.919592643851665,13.115344047546387,12.89610193776101,13.115344047546387,86500,0.0,0.0
2004-09-14 00:00:00-04:00,13.07619693919874,13.084025682639263,12.692522798153853,12.79431438446045,153900,0.0,0.0
2004-09-15 00:00:00-04:00,12.841293206322302,12.88044438747748,12.55158193309825,12.590731620788574,228600,0.0,0.0
2004-09-16 00:00:00-04:00,12.64553793530207,12.747329481884817,12.481106758117676,12.481106758117676,263500,0.0,0.0
2004-09-17 00:00:00-04:00,12.512431676612573,12.637712478637695,12.394981111397142,12.637712478637695,382600,0.0,0.0
2004-09-20 00:00:00-04:00,12.449787130846873,12.449787130846873,11.76074294910363,12.003474235534668,598700,0.0,0.0
2004-09-21 00:00:00-04:00,12.042629911722678,12.308852016864323,11.956499538125552,12.261871337890625,205800,0.0,0.0
2004-09-22 00:00:00-04:00,12.214887642010055,12.214887642010055,11.948665618896484,11.948665618896484,231900,0.0,0.0
2004-09-23 00:00:00-04:00,11.948670211976422,11.979990418103869,11.862539085076483,11.901689529418945,163100,0.0,0.0
2004-09-24 00:00:00-04:00,11.90168933918893,11.979990226622336,11.862538895472227,11.917349815368652,99900,0.0,0.0
2004-09-27 00:00:00-04:00,11.862537280769677,11.862537280769677,11.572825231473209,11.61197566986084,221600,0.0,0.0
2004-09-28 00:00:00-04:00,11.666784689947066,11.752915795288734,11.62763500213623,11.62763500213623,239800,0.0,0.0
2004-09-29 00:00:00-04:00,11.5493346777368,11.713765913187435,11.541504441112373,11.66678524017334,146000,0.0,0.0
2004-09-30 00:00:00-04:00,11.705938911884274,11.776409567516067,11.64329849504105,11.698108673095703,161000,0.0,0.0
2004-10-01 00:00:00-04:00,11.776402670777133,12.042624659816775,11.776402670777133,12.003474235534668,241000,0.0,0.0
2004-10-04 00:00:00-04:00,12.081779176108395,12.144419577482715,11.737256221817155,11.807726860046387,713700,0.0,0.0
2004-10-05 00:00:00-04:00,11.86253833770752,11.91734925502679,11.666786875060644,11.86253833770752,292700,0.0,0.0
2004-10-06 00:00:00-04:00,11.82338521541754,12.01130638587157,11.807724744513527,11.979986190795898,224900,0.0,0.0
2004-10-07 00:00:00-04:00,12.034796776153595,12.034796776153595,11.63546371459961,11.63546371459961,174300,0.0,0.0
2004-10-08 00:00:00-04:00,11.635464082881759,11.799895304800728,11.611974121674022,11.752915382385254,323500,0.0,0.0
2004-10-11 00:00:00-04:00,11.792066377394333,11.831216065695076,11.651125109967856,11.768575668334961,575800,0.0,0.0
2004-10-12 00:00:00-04:00,11.705934330684856,11.792065430185781,11.674614134520622,11.745084762573242,270400,0.0,0.0
2004-10-13 00:00:00-04:00,11.823385638510672,11.893855519903394,11.596314029403336,11.63546371459961,230900,0.0,0.0
2004-10-14 00:00:00-04:00,11.690273699606388,11.690273699606388,11.298770904541016,11.298770904541016,159100,0.0,0.0
2004-10-15 00:00:00-04:00,11.306602604429823,11.635465076346861,11.29877311451368,11.533674240112305,141700,0.0,0.0
2004-10-18 00:00:00-04:00,11.510182791806104,11.510182791806104,10.938589031391288,11.361412048339844,499000,0.0,0.0
2004-10-19 00:00:00-04:00,11.384902605506205,11.525843867456972,11.173491459312466,11.220471382141113,160000,0.0,0.0
2004-10-20 00:00:00-04:00,11.19698216388258,11.353583161592537,11.079530855550768,11.283112525939941,209800,0.0,0.0
2004-10-21 00:00:00-04:00,11.290940669423952,11.361411292012889,11.165659894480203,11.298770904541016,166500,0.0,0.0
2004-10-22 00:00:00-04:00,11.353584834507533,11.36924530995228,10.962081909179688,10.962081909179688,169900,0.0,0.0
2004-10-25 00:00:00-04:00,10.962077151916716,11.275279057564296,10.962077151916716,11.204809188842773,157900,0.0,0.0
2004-10-26 00:00:00-04:00,11.20480766708249,11.251787573183014,11.071696688577429,11.236127853393555,140900,0.0,0.0
2004-10-27 00:00:00-04:00,11.236129935786684,11.377070426940918,11.204809743671046,11.377070426940918,210900,0.0,0.0
2004-10-28 00:00:00-04:00,11.353582550656121,11.447543144226074,11.236131995376784,11.447543144226074,185500,0.0,0.0
2004-10-29 00:00:00-04:00,11.431884796730222,11.471034488721054,11.251793077295854,11.322263717651367,70800,0.0,0.0
2004-11-01 00:00:00-05:00,11.337923754652882,11.541505444186505,11.298774061593173,11.510185241699219,88900,0.0,0.0
2004-11-02 00:00:00-05:00,11.51018649962227,11.682448005494688,11.43971584964116,11.674617767333984,272500,0.0,0.0
2004-11-03 00:00:00-05:00,11.745085296721111,11.94083671833313,11.698104626971965,11.893856048583984,392600,0.0,0.0
2004-11-04 00:00:00-05:00,11.893855251258282,12.20705795288086,11.776404704857542,12.20705795288086,231900,0.0,0.0
2004-11-05 00:00:00-05:00,12.222717061874402,12.669030758537577,12.152247185621366,12.661200523376465,427800,0.0,0.0
2004-11-08 00:00:00-05:00,12.645541056638788,12.645541056638788,12.371489524841309,12.371489524841309,217000,0.0,0.0
2004-11-09 00:00:00-05:00,12.371489678861565,12.606391528135546,12.371489678861565,12.512430191040039,82700,0.0,0.0
2004-11-10 00:00:00-05:00,12.528093558911555,13.076198249499988,12.528093558911555,12.935256958007812,505100,0.0,0.0
2004-11-11 00:00:00-05:00,12.997895288339434,13.49118823624363,12.997895288339434,13.4755277633667,499900,0.0,0.0
2004-11-12 00:00:00-05:00,13.467699980238272,13.545999363273554,13.334588938227297,13.514679908752441,197500,0.0,0.0
2004-11-15 00:00:00-05:00,13.553826328632505,13.859199523925781,13.444206024071383,13.859199523925781,329900,0.0,0.0
2004-11-16 00:00:00-05:00,13.859197592665687,13.859197592665687,13.639955520629883,13.639955520629883,301200,0.0,0.0
2004-11-17 00:00:00-05:00,13.702600063981503,13.882691020676544,13.663450375470367,13.827880859375,310500,0.0,0.0
2004-11-18 00:00:00-05:00,13.757412314935728,14.000143706196683,13.757412314935728,13.851373672485352,261300,0.0,0.0
2004-11-19 00:00:00-05:00,13.851374945171472,13.890524643226302,13.538172880337077,13.56949234008789,343400,0.0,0.0
2004-11-22 00:00:00-05:00,13.545994583386943,14.078438563550822,13.499014671450269,14.007967948913574,349300,0.0,0.0
2004-11-23 00:00:00-05:00,13.85920326161509,14.09410440430075,13.85920326161509,14.000143051147461,334700,0.0,0.0
2004-11-24 00:00:00-05:00,13.898349341638747,14.242872222362148,13.898349341638747,14.203721046447754,326300,0.0,0.0
2004-11-26 00:00:00-05:00,14.172404554682407,14.180234791498197,13.820051365296683,13.890522003173828,164800,0.0,0.0
2004-11-29 00:00:00-05:00,13.97664644711981,14.274187836852807,13.953155747878684,14.156737327575684,394800,0.0,0.0
2004-11-30 00:00:00-05:00,14.094105338445184,14.250707106258409,14.01580445453857,14.086275100708008,234900,0.0,0.0
2004-12-01 00:00:00-05:00,14.133249110217024,14.368151663485808,14.133249110217024,14.235040664672852,281700,0.0,0.0
2004-12-02 00:00:00-05:00,14.328999187807057,14.579562187194824,14.31334021378513,14.579562187194824,289200,0.0,0.0
2004-12-03 00:00:00-05:00,14.579558682689893,14.798799200941577,14.203715020682397,14.41512680053711,386600,0.0,0.0
2004-12-06 00:00:00-05:00,14.368157630274457,14.38381810568874,14.219386100769043,14.219386100769043,127700,0.0,0.0
2004-12-07 00:00:00-05:00,14.250699778412633,14.368150297145803,14.05494841603589,14.094098091125488,181500,0.0,0.0
2004-12-08 00:00:00-05:00,14.133250820473188,14.344662695958563,14.101931372326112,14.164571762084961,302100,0.0,0.0
2004-12-09 00:00:00-05:00,14.117591446365394,14.329001822444509,14.094100740816756,14.203721046447754,187500,0.0,0.0
2004-12-10 00:00:00-05:00,14.172397842127229,14.422959327697754,14.101927237627486,14.422959327697754,135700,0.0,0.0
2004-12-13 00:00:00-05:00,14.430796542762815,14.69701862335205,14.415136068971687,14.69701862335205,208600,0.0,0.0
2004-12-14 00:00:00-05:00,14.697010995257678,14.790970802307129,14.61087992757551,14.790970802307129,235000,0.0,0.0
2004-12-15 00:00:00-05:00,14.877109086551654,15.049369812011719,14.853618376662356,15.049369812011719,351600,0.0,0.0
2004-12-16 00:00:00-05:00,15.205973373914839,15.2529533058399,14.884941101074219,14.884941101074219,338700,0.0,0.0
2004-12-17 00:00:00-05:00,14.892765043341841,15.440868000020108,14.884934809086719,15.38605785369873,473500,0.0,0.0
2004-12-20 00:00:00-05:00,15.386065073339418,15.54266684499554,15.386065073339418,15.46436595916748,218100,0.0,0.0
2004-12-21 00:00:00-05:00,15.464361357844393,15.581811904907227,15.346910810781559,15.581811904907227,382400,0.0,0.0
2004-12-22 00:00:00-05:00,15.566077471362588,15.888731119821388,15.542468118667603,15.739208221435547,169000,0.1,0.0
2004-12-23 00:00:00-05:00,15.754951499379827,15.959561434554551,15.754951499379827,15.81790828704834,126900,0.0,0.0
2004-12-27 00:00:00-05:00,15.794289710993576,15.888725587886162,15.739202741559293,15.778550148010254,128900,0.0,0.0
2004-12-28 00:00:00-05:00,15.739210238506082,16.124820709228516,15.739210238506082,16.124820709228516,173600,0.0,0.0
2004-12-29 00:00:00-05:00,16.05399040246402,16.132686735521766,15.912337303161621,15.912337303161621,158700,0.0,0.0
2004-12-30 00:00:00-05:00,15.857256088142478,16.014648811507012,15.857256088142478,15.904473304748535,140800,0.0,0.0
2004-12-31 00:00:00-05:00,15.93594258777623,16.06185608814227,15.872985837593209,16.014638900756836,137000,0.0,0.0
2005-01-03 00:00:00-05:00,15.581814679875064,15.794294339393453,15.51885791050011,15.660511016845703,442800,0.0,0.0
2005-01-04 00:00:00-05:00,15.621166394132251,15.81790652125984,15.463773692026958,15.534600257873535,365500,0.0,0.0
2005-01-05 00:00:00-05:00,15.51885276168374,15.77854953681968,15.471635575570101,15.503114700317383,282400,0.0,0.0
2005-01-06 00:00:00-05:00,15.503116916931248,15.676247624773433,15.400811247882345,15.463768005371094,293200,0.0,0.0
2005-01-07 00:00:00-05:00,15.503120878390558,15.605425072573402,15.322118840978014,15.581815719604492,285800,0.0,0.0
2005-01-10 00:00:00-05:00,15.42442350694157,15.778554771797769,15.416553723143728,15.660511016845703,381900,0.0,0.0
2005-01-11 00:00:00-05:00,15.668384488163634,15.723471486705352,15.259164640413545,15.345730781555176,382800,0.0,0.0
2005-01-12 00:00:00-05:00,15.345735763896075,15.526736389587137,15.211952366426893,15.448040008544922,229200,0.0,0.0
2005-01-13 00:00:00-05:00,15.424422560009623,15.731336604244568,15.400813210065516,15.455900192260742,381400,0.0,0.0
2005-01-14 00:00:00-05:00,15.306381372636695,15.975296555192733,15.306381372636695,15.959558486938477,315700,0.0,0.0
2005-01-18 00:00:00-05:00,15.786422705416683,16.242859605142346,15.629031550929534,16.20351219177246,359700,0.0,0.0
2005-01-19 00:00:00-05:00,16.101208252688618,16.101208252688618,15.534597333584937,15.54246711730957,290400,0.0,0.0
2005-01-20 00:00:00-05:00,15.54246234960015,15.605419099077224,15.227678602214771,15.400809288024902,334700,0.0,0.0
2005-01-21 00:00:00-05:00,15.440159929429205,15.739204147794002,15.345724044099152,15.353593826293945,212800,0.0,0.0
2005-01-24 00:00:00-05:00,15.353592746944432,15.56607234824424,15.274896431536277,15.44015884399414,240000,0.0,0.0
2005-01-25 00:00:00-05:00,15.432297925426209,15.699864650878373,15.3299922063372,15.47164535522461,151900,0.0,0.0
2005-01-26 00:00:00-05:00,15.534597603881418,15.6526413597893,15.400814280250408,15.644771575927734,134600,0.0,0.0
2005-01-27 00:00:00-05:00,15.652641336592854,15.81003401157531,15.605424134501233,15.715598106384277,144500,0.0,0.0
2005-01-28 00:00:00-05:00,15.723474364516575,15.731344151606931,15.3378638031395,15.416560173034668,173000,0.0,0.0
2005-01-31 00:00:00-05:00,15.440157614411106,15.754941349968432,15.440157614411106,15.707722663879395,179600,0.0,0.0
2005-02-01 00:00:00-05:00,15.581813763817951,16.022512624541662,15.400813250131979,15.998903274536133,335600,0.0,0.0
2005-02-02 00:00:00-05:00,15.975292896014357,16.172032963704225,15.88872828691598,16.077598571777344,622800,0.0,0.0
2005-02-03 00:00:00-05:00,16.038251372629635,16.038251372629635,15.73920709820711,15.896599769592285,219100,0.0,0.0
2005-02-04 00:00:00-05:00,15.896599242646497,16.132686740890595,15.857250325600676,16.116947174072266,144300,0.0,0.0
2005-02-07 00:00:00-05:00,15.991031484297514,16.400251160322707,15.967423638262506,16.290077209472656,299300,0.0,0.0
2005-02-08 00:00:00-05:00,16.290081087932137,16.305819155366674,16.187775394064413,16.282211303710938,191500,0.0,0.0
2005-02-09 00:00:00-05:00,15.975289406914834,16.329422051814934,15.975289406914834,16.038246154785156,271400,0.0,0.0
2005-02-10 00:00:00-05:00,16.486813742259653,16.8566844275139,16.36876853327832,16.675683975219727,952500,0.0,0.0
2005-02-11 00:00:00-05:00,16.675687045026528,17.037688016255192,16.58125116065831,16.998340606689453,397300,0.0,0.0
2005-02-14 00:00:00-05:00,16.911771781959953,17.092772238436627,16.911771781959953,17.053424835205078,384700,0.0,0.0
2005-02-15 00:00:00-05:00,16.958995644005494,17.218692510213668,16.762255548362702,17.11638832092285,312500,0.0,0.0
2005-02-16 00:00:00-05:00,16.91964361884377,17.31312370300293,16.90390405523563,17.31312370300293,401800,0.0,0.0
2005-02-17 00:00:00-05:00,17.313132064467165,17.627915983619488,17.273784637451172,17.273784637451172,381300,0.0,0.0
2005-02-18 00:00:00-05:00,17.313129481875993,17.344608619599562,17.05343259968817,17.171476364135742,181800,0.0,0.0
2005-02-22 00:00:00-05:00,17.11639209869701,17.313132237762492,16.840955603803707,16.8566951751709,336200,0.0,0.0
2005-02-23 00:00:00-05:00,16.86455846877167,17.17934226989746,16.6992960350509,17.17934226989746,404000,0.0,0.0
2005-02-24 00:00:00-05:00,17.179344900588003,17.195084468306398,16.74651729538665,17.139997482299805,312600,0.0,0.0
2005-02-25 00:00:00-05:00,17.13999230200028,17.360340179429894,17.13999230200028,17.35247039794922,291600,0.0,0.0
2005-02-28 00:00:00-05:00,17.313130083377246,17.313130083377246,16.896040500096657,17.01408576965332,309300,0.0,0.0
2005-03-01 00:00:00-05:00,17.07704079181955,17.265911102294922,17.02195230454907,17.265911102294922,242400,0.0,0.0
2005-03-02 00:00:00-05:00,17.155728984211436,17.761688600423494,17.053424835205078,17.053424835205078,391000,0.0,0.0
2005-03-03 00:00:00-05:00,17.061302111933195,17.18721565880291,16.84095265440725,16.935388565063477,396700,0.0,0.0
2005-03-04 00:00:00-05:00,16.99834378541866,17.651520813004744,16.974734434659734,17.572824478149414,283200,0.0,0.0
2005-03-07 00:00:00-05:00,17.446912900017523,17.785306127151735,17.439043115548365,17.564956665039062,319100,0.0,0.0
2005-03-08 00:00:00-05:00,17.572820540724162,18.021387597582045,17.517733568970726,17.588560104370117,1027100,0.0,0.0
2005-03-09 00:00:00-05:00,17.588560104370117,17.848256900498754,17.54921119525523,17.588560104370117,255700,0.0,0.0
2005-03-10 00:00:00-05:00,17.50986374508251,17.769560540587257,17.31312370300293,17.31312370300293,248700,0.0,0.0
2005-03-11 00:00:00-05:00,17.391828419507277,17.525611772773033,17.15573935438694,17.273784637451172,137800,0.0,0.0
2005-03-14 00:00:00-05:00,17.31312590181193,17.70660603594402,17.281646770597717,17.690866470336914,172800,0.0,0.0
2005-03-15 00:00:00-05:00,17.816776029280543,17.871862995642005,17.706602096557617,17.706602096557617,241900,0.0,0.0
2005-03-16 00:00:00-05:00,17.714484091233416,17.832527886396786,17.42330799555602,17.533483505249023,217200,0.0,0.0
2005-03-17 00:00:00-05:00,17.52559964916199,18.092210311674275,17.50199030867965,17.86399269104004,248600,0.0,0.0
2005-03-18 00:00:00-05:00,17.903344019810728,17.94269142824251,17.289514541625977,17.289514541625977,516900,0.0,0.0
2005-03-21 00:00:00-05:00,17.265906696969875,17.48625458579972,17.179340597211052,17.289514541625977,181300,0.0,0.0
2005-03-22 00:00:00-05:00,17.313228125584228,17.676885762484744,17.273700809948934,17.589923858642578,414800,0.1,0.0
2005-03-23 00:00:00-05:00,17.534591111031375,17.534591111031375,17.194650650024414,17.194650650024414,145800,0.0,0.0
2005-03-24 00:00:00-05:00,17.210458625934784,17.748038638418304,17.170929796857674,17.629453659057617,159300,0.0,0.0
2005-03-28 00:00:00-05:00,17.59783651468629,17.59783651468629,17.170934100871335,17.242084503173828,224400,0.0,0.0
2005-03-29 00:00:00-05:00,17.234177593041103,17.313233757900562,16.69659898931283,16.76774787902832,182700,0.0,0.0
2005-03-30 00:00:00-05:00,16.783558863834557,17.574117470792803,16.783558863834557,17.455533981323242,198300,0.0,0.0
2005-03-31 00:00:00-05:00,17.45553551700139,17.700608284515262,17.242084312454946,17.32904624938965,253600,0.0,0.0
2005-04-01 00:00:00-05:00,17.352758347370564,17.716414505703963,17.06025106133976,17.163022994995117,172800,0.0,0.0
2005-04-04 00:00:00-04:00,17.076065244549017,17.392288367844763,16.838896771174113,17.099781036376953,195900,0.0,0.0
2005-04-05 00:00:00-04:00,17.068168261239787,17.35276997259702,17.052356719970703,17.052356719970703,179500,0.0,0.0
2005-04-06 00:00:00-04:00,17.091881791693652,17.218371078118388,16.8468074798584,16.8468074798584,222700,0.0,0.0
2005-04-07 00:00:00-04:00,16.902142343339246,17.03653736675775,16.728219992744485,16.933765411376953,119400,0.0,0.0
2005-04-08 00:00:00-04:00,16.94957086848213,16.989098181486696,16.491047101425604,16.498952865600586,117800,0.0,0.0
2005-04-11 00:00:00-04:00,16.601724389499793,16.680780521500044,16.285501369369097,16.48314094543457,326900,0.0,0.0
2005-04-12 00:00:00-04:00,16.40408937826956,16.712406720209973,16.13529935939356,16.64125633239746,249900,0.0,0.0
2005-04-13 00:00:00-04:00,16.712406474223826,16.72031224029449,16.166922186184376,16.206449508666992,144500,0.0,0.0
2005-04-14 00:00:00-04:00,16.2064537525177,16.514771170656605,15.668873581906519,15.811174392700195,282300,0.0,0.0
2005-04-15 00:00:00-04:00,15.811177200851779,15.88232761888532,15.281502704308389,15.336841583251953,208100,0.0,0.0
2005-04-18 00:00:00-04:00,15.415893173931867,15.747927856454467,15.22615928504337,15.550288200378418,294400,0.0,0.0
2005-04-19 00:00:00-04:00,15.62935083162677,15.747934372766709,15.566106175827366,15.653066635131836,240100,0.0,0.0
2005-04-20 00:00:00-04:00,15.700494564130782,15.842795355978755,15.455420308005545,15.597721099853516,494600,0.0,0.0
2005-04-21 00:00:00-04:00,15.676779682297704,16.14320945739746,15.676779682297704,16.14320945739746,368400,0.0,0.0
2005-04-22 00:00:00-04:00,16.08787648424995,16.08787648424995,15.660973886336665,15.771653175354004,188300,0.0,0.0
2005-04-25 00:00:00-04:00,15.811178538997428,15.945573616893766,15.67678346110109,15.937667846679688,137000,0.0,0.0
2005-04-26 00:00:00-04:00,15.890227104500275,16.079960974934007,15.574003987110723,15.732114791870117,186700,0.0,0.0
2005-04-27 00:00:00-04:00,15.692587267980091,15.866509603363715,15.37636415461407,15.613531112670898,107000,0.0,0.0
2005-04-28 00:00:00-04:00,15.574005910677226,15.58191017020131,14.743918428649817,14.783447265625,484700,0.0,0.0
2005-04-29 00:00:00-04:00,15.89023452497117,16.008818060884913,15.281503797310098,15.455426216125488,670300,0.0,0.0
2005-05-02 00:00:00-04:00,15.376371598432966,15.842801481901645,15.376371598432966,15.779555320739746,350800,0.0,0.0
2005-05-03 00:00:00-04:00,15.732121013273247,15.811177200851779,15.162919176876272,15.336841583251953,257900,0.0,0.0
2005-05-04 00:00:00-04:00,15.415896549025685,15.85860905335786,15.194539542923978,15.684686660766602,383700,0.0,0.0
2005-05-05 00:00:00-04:00,15.376368288823588,15.779551924349125,15.29731211225874,15.62934684753418,378400,0.0,0.0
2005-05-06 00:00:00-04:00,15.692591266953658,15.9692871271114,15.692591266953658,15.826986312866211,248100,0.0,0.0
2005-05-09 00:00:00-04:00,15.826982478499643,15.826982478499643,15.447514737692666,15.676775932312012,206800,0.0,0.0
2005-05-10 00:00:00-04:00,15.653060352551147,15.653060352551147,15.28149833734535,15.352648735046387,252000,0.0,0.0
2005-05-11 00:00:00-04:00,15.439612928501237,15.629346847534181,15.186632861919493,15.62934684753418,201900,0.0,0.0
2005-05-12 00:00:00-04:00,15.629344945678875,15.8823234736058,15.41589374728892,15.423799514770508,279200,0.0,0.0
2005-05-13 00:00:00-04:00,15.494955938883754,15.58982216980615,15.131298032690426,15.226165771484375,139900,0.0,0.0
2005-05-16 00:00:00-04:00,15.25778009983368,15.55819320678711,15.13129084675987,15.55819320678711,228000,0.0,0.0
2005-05-17 00:00:00-04:00,15.494947800895833,15.494947800895833,14.988989306178109,15.360552787780762,290900,0.0,0.0
2005-05-18 00:00:00-04:00,15.535371958936809,16.39359196840826,15.535371958936809,16.38564682006836,237700,0.1,0.0
2005-05-19 00:00:00-04:00,16.330032860299536,16.40155137629742,16.091638817421494,16.2823543548584,180700,0.0,0.0
2005-05-20 00:00:00-04:00,16.32207018885358,16.393587112426758,16.075728224493105,16.393587112426758,100700,0.0,0.0
2005-05-23 00:00:00-04:00,16.330020730915017,16.449219179489837,16.234663790860637,16.2902889251709,83100,0.0,0.0
2005-05-24 00:00:00-04:00,16.25055428566568,16.33796454619444,16.043945597347836,16.17108917236328,132700,0.0,0.0
2005-05-25 00:00:00-04:00,16.17109930549568,16.17109930549568,15.877078656738922,15.892971992492676,148100,0.0,0.0
2005-05-26 00:00:00-04:00,16.012166350739705,16.48100906880662,16.012166350739705,16.40949058532715,319600,0.0,0.0
2005-05-27 00:00:00-04:00,16.409493143452746,16.67172711853404,16.409493143452746,16.512798309326172,201600,0.0,0.0
2005-05-31 00:00:00-04:00,16.512794595001328,16.918065468179957,16.488954596930267,16.878332138061523,313200,0.0,0.0
2005-06-01 00:00:00-04:00,16.910117740727966,17.076993169736117,16.751187461573227,17.0213680267334,192500,0.0,0.0
2005-06-02 00:00:00-04:00,16.926005937705433,17.100829510536578,16.80680901165675,17.06109619140625,174900,0.0,0.0
2005-06-03 00:00:00-04:00,17.08494640531994,17.10083974248153,16.6876220703125,16.6876220703125,237000,0.0,0.0
2005-06-06 00:00:00-04:00,16.727353897544422,16.862444232073834,16.48895990280878,16.6876220703125,185800,0.0,0.0
2005-06-07 00:00:00-04:00,16.72735094873743,17.220033704189017,16.385653354032247,16.417438507080078,547700,0.0,0.0
2005-06-08 00:00:00-04:00,16.44921861648583,16.536628889265362,16.369753492046197,16.38564682006836,383600,0.0,0.0
2005-06-09 00:00:00-04:00,16.290290999023092,16.767080307006836,16.22671919233669,16.767080307006836,268100,0.0,0.0
2005-06-10 00:00:00-04:00,16.83065211369324,16.894223920379645,16.568418221652895,16.767080307006836,270800,0.0,0.0
2005-06-13 00:00:00-04:00,16.775033950805664,16.854497605467404,16.679675443270693,16.775033950805664,134900,0.0,0.0
2005-06-14 00:00:00-04:00,16.727342744933335,16.83064785193507,16.639932480167687,16.79091453552246,162200,0.0,0.0
2005-06-15 00:00:00-04:00,16.79886659165463,16.84654658665621,16.53663268183206,16.711456298828125,394300,0.0,0.0
2005-06-16 00:00:00-04:00,16.687616301327335,16.751188112324577,16.624044490330093,16.711456298828125,358200,0.0,0.0
2005-06-17 00:00:00-04:00,16.846545319982077,17.084939214379265,16.655828385658623,16.703508377075195,547900,0.0,0.0
2005-06-20 00:00:00-04:00,16.687611610767327,16.687611610767327,16.488949567782,16.56841468811035,131400,0.0,0.0
2005-06-21 00:00:00-04:00,16.58431455732444,16.735296678268003,16.512796072384138,16.60020637512207,109700,0.0,0.0
2005-06-22 00:00:00-04:00,16.647879808438702,16.711451601567163,16.47305624058211,16.56841468811035,152100,0.0,0.0
2005-06-23 00:00:00-04:00,16.608150725302906,16.68761586589384,16.40948863166131,16.43332862854004,128400,0.0,0.0
2005-06-24 00:00:00-04:00,16.409488751615516,16.52074055552468,16.210826656521693,16.49690055847168,393000,0.0,0.0
2005-06-27 00:00:00-04:00,16.5286840662278,16.64788252399923,16.2585035224429,16.298236846923828,373900,0.0,0.0
2005-06-28 00:00:00-04:00,16.409490599941535,16.790921501723986,16.401543933362106,16.520742416381836,181400,0.0,0.0
2005-06-29 00:00:00-04:00,16.520740031321164,16.870384216308594,16.31413127709871,16.870384216308594,340900,0.0,0.0
2005-06-30 00:00:00-04:00,16.926002168532005,16.965735478814302,16.751180150302318,16.82269859313965,432500,0.0,0.0
2005-07-01 00:00:00-04:00,16.82270286752522,16.82270286752522,16.337966968613035,16.44921875,382300,0.0,0.0
2005-07-05 00:00:00-04:00,16.369752645125025,16.647879808438702,16.290287524796675,16.56841468811035,165300,0.0,0.0
2005-07-06 00:00:00-04:00,16.552530443935368,16.639942275829977,16.457171944080162,16.592262268066406,164100,0.0,0.0
2005-07-07 00:00:00-04:00,16.488948417283073,16.75118223509977,16.353858176851986,16.647878646850586,186400,0.0,0.0
2005-07-08 00:00:00-04:00,16.687623004305184,17.323341369628906,16.67967633527962,17.323341369628906,175900,0.0,0.0
2005-07-11 00:00:00-04:00,17.323337771613275,17.641198403928385,17.243874129206322,17.56173324584961,140200,0.0,0.0
2005-07-12 00:00:00-04:00,17.45843033846085,17.522002169992742,17.30744818586762,17.363073348999023,322500,0.0,0.0
2005-07-13 00:00:00-04:00,17.331278235364387,17.601458766719684,17.331278235364387,17.52199363708496,218200,0.0,0.0
2005-07-14 00:00:00-04:00,17.65708524934284,17.665031914479474,17.482263163351032,17.617353439331055,287300,0.0,0.0
2005-07-15 00:00:00-04:00,17.64119574176241,17.831911182968238,17.5855690785314,17.784231185913086,385200,0.0,0.0
2005-07-18 00:00:00-04:00,17.704768467808886,17.784232102318978,17.601463317871094,17.601463317871094,158000,0.0,0.0
2005-07-19 00:00:00-04:00,17.68093258424398,17.93521991148738,17.68093258424398,17.90343475341797,187700,0.0,0.0
2005-07-20 00:00:00-04:00,17.776281337765717,18.316640853881836,17.657082892299368,18.316640853881836,172300,0.0,0.0
2005-07-21 00:00:00-04:00,18.276910712834233,18.28485737763342,17.784228104984184,17.863693237304688,172600,0.0,0.0
2005-07-22 00:00:00-04:00,17.800125027575646,18.539148330688477,17.77628654403758,18.539148330688477,147700,0.0,0.0
2005-07-25 00:00:00-04:00,18.47556852596769,18.56298030293322,18.15770958564438,18.3245849609375,230100,0.0,0.0
2005-07-26 00:00:00-04:00,18.26102467872134,18.396115002934902,17.839861885804655,18.388168334960938,422500,0.0,0.0
2005-07-27 00:00:00-04:00,18.91263092562508,19.30995511747159,18.586825209564665,19.055667877197266,884900,0.0,0.0
2005-07-28 00:00:00-04:00,19.063606149402826,19.866200845439064,19.047712824965473,19.58807373046875,3265600,0.0,0.0
2005-07-29 00:00:00-04:00,19.468887215164,19.675495996062665,19.357636916092275,19.405315399169922,516600,0.0,0.0
2005-08-01 00:00:00-04:00,19.36558269899585,19.46093966080048,19.270224221519637,19.286117553710938,391000,0.0,0.0
2005-08-02 00:00:00-04:00,19.34969210056817,19.588086054432107,19.270226944056258,19.429157257080078,381400,0.0,0.0
2005-08-03 00:00:00-04:00,19.413264038016873,19.413264038016873,19.00799310150221,19.103351593017578,591700,0.0,0.0
2005-08-04 00:00:00-04:00,19.071558520025086,19.111290327339955,18.992093389724054,19.00004005432129,241300,0.0,0.0
2005-08-05 00:00:00-04:00,19.01593855215201,19.047723703509025,18.658346126437444,18.682186126708984,329300,0.0,0.0
2005-08-08 00:00:00-04:00,18.753708130415077,19.04772727723596,18.753708130415077,18.968263626098633,465200,0.0,0.0
2005-08-09 00:00:00-04:00,19.007988504159133,19.13513211831366,18.841111563286667,18.93647003173828,221500,0.0,0.0
2005-08-10 00:00:00-04:00,18.952367069813004,19.23843949978534,18.76959827817229,18.872901916503906,290400,0.0,0.0
2005-08-11 00:00:00-04:00,18.841112449838988,19.055667877197266,18.713968829701827,19.055667877197266,290700,0.0,0.0
2005-08-12 00:00:00-04:00,18.952370243994547,19.047727231398664,18.7298680805983,18.88085174560547,116900,0.0,0.0
2005-08-15 00:00:00-04:00,18.912640982577916,19.071571350097656,18.841122468761263,19.071571350097656,261100,0.0,0.0
2005-08-16 00:00:00-04:00,19.031836438255926,19.06362159721624,18.634512099383542,18.674243927001953,311800,0.0,0.0
2005-08-17 00:00:00-04:00,18.698075079560788,18.71396689368024,18.562984807681648,18.64244842529297,101400,0.0,0.0
2005-08-18 00:00:00-04:00,18.594770991538134,18.682182794604874,18.427895566415927,18.634504318237305,231200,0.0,0.0
2005-08-19 00:00:00-04:00,18.634504363753514,18.69807617095603,18.58682437159805,18.61066436767578,122900,0.0,0.0
2005-08-22 00:00:00-04:00,18.650403921027667,18.72192242327846,18.547100259816556,18.674243927001953,433800,0.0,0.0
2005-08-23 00:00:00-04:00,18.674237883421196,18.674237883421196,18.434825182180074,18.498668670654297,427200,0.1,0.0
2005-08-24 00:00:00-04:00,18.5066535617805,18.59443742731904,18.418868174092776,18.44281005859375,251600,0.0,0.0
2005-08-25 00:00:00-04:00,19.759574851694616,19.823418327703784,19.153061068533237,19.520160675048828,2778800,0.0,0.0
2005-08-26 00:00:00-04:00,19.552096645037334,19.560077275305503,19.081250114262428,19.153074264526367,498100,0.0,0.0
2005-08-29 00:00:00-04:00,19.009413776587444,19.256807067692325,18.91364931906557,19.177003860473633,520600,0.0,0.0
2005-08-30 00:00:00-04:00,19.169025704495567,19.169025704495567,18.83384701569723,18.921630859375,382700,0.0,0.0
2005-08-31 00:00:00-04:00,18.953554143677863,19.58400993845692,18.82586716385026,19.46430206298828,584800,0.0,0.0
2005-09-01 00:00:00-04:00,19.448342576407054,19.448342576407054,19.08922198978805,19.27277183532715,419600,0.0,0.0
2005-09-02 00:00:00-04:00,19.23287022443565,19.33661532604287,19.177007360328005,19.27277183532715,622400,0.0,0.0
2005-09-06 00:00:00-04:00,19.208931590394545,19.59997322737229,19.161049344804187,19.472286224365234,462100,0.0,0.0
2005-09-07 00:00:00-04:00,19.512186550932377,19.831404012426074,19.320654551887237,19.823423385620117,470100,0.0,0.0
2005-09-08 00:00:00-04:00,19.671783447265625,19.679764069579253,19.512175567437264,19.671783447265625,174900,0.0,0.0
2005-09-09 00:00:00-04:00,19.711699272034675,19.831405639648438,19.520167257273794,19.831405639648438,290200,0.0,0.0
2005-09-12 00:00:00-04:00,19.831399890484555,19.8713014940719,19.49622124504557,19.59198570251465,416000,0.0,0.0
2005-09-13 00:00:00-04:00,19.59198636368221,19.99100850161585,19.4004559201319,19.911205291748047,553600,0.0,0.0
2005-09-14 00:00:00-04:00,19.927156703277557,20.142628933144053,19.871293870826545,19.975040435791016,719300,0.0,0.0
2005-09-15 00:00:00-04:00,20.00696860031995,20.20647965779765,19.943125122813033,20.118694305419922,525600,0.0,0.0
2005-09-16 00:00:00-04:00,20.23840432940526,20.461855763583735,19.631890466930322,19.83938217163086,821100,0.0,0.0
2005-09-19 00:00:00-04:00,19.352576169100672,19.911207842635285,19.352576169100672,19.751598358154297,415700,0.0,0.0
2005-09-20 00:00:00-04:00,19.855348023846908,20.310234702586797,19.671798139985615,19.871309280395508,525900,0.0,0.0
2005-09-21 00:00:00-04:00,19.85535307055552,20.206493193129294,19.759588551221505,19.847373962402344,393800,0.0,0.0
2005-09-22 00:00:00-04:00,19.839383934635258,20.82097816467285,19.75159856503635,20.82097816467285,584600,0.0,0.0
2005-09-23 00:00:00-04:00,20.749153226562175,21.188077012879926,20.573584016464835,21.116252899169922,663000,0.0,0.0
2005-09-26 00:00:00-04:00,21.2279826431125,21.347689006006103,20.81299916440896,20.828960418701172,383600,0.0,0.0
2005-09-27 00:00:00-04:00,20.90876500711807,20.956647247477253,20.581566907390524,20.876842498779297,452200,0.0,0.0
2005-09-28 00:00:00-04:00,20.972605030671122,21.044429140397465,20.52569912078528,20.964624404907227,335500,0.0,0.0
2005-09-29 00:00:00-04:00,20.996544458374114,21.88237409110513,20.90876062314621,21.547195434570312,1192600,0.0,0.0
2005-09-30 00:00:00-04:00,21.547201068504922,21.874399185180664,21.427494700331927,21.874399185180664,433700,0.0,0.0
2005-10-03 00:00:00-04:00,21.890352104617172,22.04198092504419,21.84246988001071,21.938234329223633,508400,0.0,0.0
2005-10-04 00:00:00-04:00,21.986119240861356,22.18563031027806,21.523253620700547,21.730745315551758,608900,0.0,0.0
2005-10-05 00:00:00-04:00,21.64296949440415,21.64296949440415,20.940689417601636,21.028474807739258,480800,0.0,0.0
2005-10-06 00:00:00-04:00,20.964627404564872,21.068372510042117,20.42195695216343,20.749155044555664,273400,0.0,0.0
2005-10-07 00:00:00-04:00,20.828957443334566,21.25191996661604,20.81299619132238,21.044429779052734,390400,0.0,0.0
2005-10-10 00:00:00-04:00,21.164134550268095,21.531234186344058,21.00452508631849,21.21999740600586,451000,0.0,0.0
2005-10-11 00:00:00-04:00,21.387585449027455,21.547194909065162,20.852895736694336,20.852895736694336,416700,0.0,0.0
2005-10-12 00:00:00-04:00,20.749151883230173,20.812995366600315,20.10273642383887,20.501758575439453,312400,0.0,0.0
2005-10-13 00:00:00-04:00,20.533678115267225,20.645405344936968,20.04687215953327,20.390029907226562,230100,0.0,0.0
2005-10-14 00:00:00-04:00,20.70924934669846,20.805013806377712,20.222441856524892,20.757131576538086,465900,0.0,0.0
2005-10-17 00:00:00-04:00,20.84492442701325,21.100298440832535,20.429940893482318,20.805021286010742,180100,0.0,0.0
2005-10-18 00:00:00-04:00,20.709251250058067,20.82097697066864,20.24638559333727,20.517719268798828,281800,0.0,0.0
2005-10-19 00:00:00-04:00,20.350132008599264,20.781076711177533,19.959090438935025,20.773096084594727,331500,0.0,0.0
2005-10-20 00:00:00-04:00,20.70925472096377,20.757136963229332,19.79948298502386,20.062837600708008,384700,0.0,0.0
2005-10-21 00:00:00-04:00,20.11071865429273,20.46983770610045,20.030913913174736,20.270326614379883,297200,0.0,0.0
2005-10-24 00:00:00-04:00,20.390026164955138,21.251913732864494,20.390026164955138,21.243934631347656,515600,0.0,0.0
2005-10-25 00:00:00-04:00,21.28384691921378,21.531240288515658,20.75713766991348,21.395572662353516,424000,0.0,0.0
2005-10-26 00:00:00-04:00,22.345249440040686,22.345249440040686,21.267888894751717,21.411537170410156,1512800,0.0,0.0
2005-10-27 00:00:00-04:00,21.411529387329214,21.4673922470793,21.19605705216565,21.45941162109375,589600,0.0,0.0
2005-10-28 00:00:00-04:00,21.547196225819913,21.906316771776396,21.3077835432814,21.579118728637695,626800,0.0,0.0
2005-10-31 00:00:00-05:00,21.68286817370909,22.54475613497436,21.68286817370909,22.25745964050293,750000,0.0,0.0
2005-11-01 00:00:00-05:00,21.946216102118964,22.34523821306658,21.946216102118964,22.145727157592773,328500,0.0,0.0
2005-11-02 00:00:00-05:00,22.177654858706124,22.39312569232204,22.177654858706124,22.345243453979492,348000,0.0,0.0
2005-11-03 00:00:00-05:00,22.425048547932043,22.5447549067238,22.37716630884513,22.433029174804688,408000,0.0,0.0
2005-11-04 00:00:00-05:00,22.433027112848414,22.504851225951462,22.20159352126108,22.48090934753418,387000,0.0,0.0
2005-11-07 00:00:00-05:00,22.53677486173839,23.04752281758321,22.425049126934578,23.023582458496094,437400,0.0,0.0
2005-11-08 00:00:00-05:00,23.023582046751894,23.326838259574206,22.74426619258856,23.26299476623535,609900,0.0,0.0
2005-11-09 00:00:00-05:00,23.262993171097726,23.35875916561383,23.071462704214365,23.16722869873047,495600,0.0,0.0
2005-11-10 00:00:00-05:00,23.167223678373254,23.23106715349944,22.82406442876432,23.10338020324707,309900,0.0,0.0
2005-11-11 00:00:00-05:00,23.127326054731437,23.19116954503954,22.959737463478497,23.05550193786621,252200,0.0,0.0
2005-11-14 00:00:00-05:00,22.784171265600527,23.14329192151824,22.784171265600527,23.08742904663086,248500,0.0,0.0
2005-11-15 00:00:00-05:00,22.991662411651536,23.143291298082108,22.800131907704614,22.824073791503906,223700,0.0,0.0
2005-11-16 00:00:00-05:00,22.90387074853222,23.199146270751953,22.84800637202574,23.199146270751953,318900,0.0,0.0
2005-11-17 00:00:00-05:00,23.111363295767912,23.350777510435623,23.055500435656743,23.32683563232422,300000,0.0,0.0
2005-11-18 00:00:00-05:00,23.326829815937753,23.342791064032195,23.127318781202433,23.143280029296875,237600,0.0,0.0
2005-11-21 00:00:00-05:00,23.223091169075186,23.430582885231594,23.071462314547652,23.406641006469727,389900,0.0,0.0
2005-11-22 00:00:00-05:00,23.255010198325024,23.462501897050377,23.17520698678724,23.22308921813965,505700,0.0,0.0
2005-11-23 00:00:00-05:00,23.231065982949602,23.54230271823882,23.231065982949602,23.36673355102539,403500,0.0,0.0
2005-11-25 00:00:00-05:00,23.366730676463202,23.502398227849245,23.25500347275524,23.438554763793945,57000,0.0,0.0
2005-11-28 00:00:00-05:00,23.462502379425892,23.502405508163857,23.11136245727539,23.11136245727539,328000,0.0,0.0
2005-11-29 00:00:00-05:00,23.223082501801716,23.677967373464256,23.215101878526273,23.438554763793945,385200,0.0,0.0
2005-11-30 00:00:00-05:00,23.470488260051987,23.654038126896005,23.30289964827677,23.31087875366211,639000,0.0,0.0
2005-12-01 00:00:00-05:00,23.46250603273908,23.82162663655533,23.310877164222333,23.638076782226562,430100,0.0,0.0
2005-12-02 00:00:00-05:00,23.693933023761893,23.805658726086907,23.406636621042107,23.5103816986084,281000,0.0,0.0
2005-12-05 00:00:00-05:00,23.510390743481814,24.02912089732377,23.454527870827846,23.98921775817871,645800,0.0,0.0
2005-12-06 00:00:00-05:00,24.100938493458848,24.42015590935493,24.061035365128898,24.19670295715332,396200,0.0,0.0
2005-12-07 00:00:00-05:00,24.260547333347514,24.260547333347514,23.725857571234233,23.757780075073242,303100,0.0,0.0
2005-12-08 00:00:00-05:00,23.821627585417083,23.933353323432854,23.35078122928059,23.470487594604492,324800,0.0,0.0
2005-12-09 00:00:00-05:00,23.34279546576689,23.54230653812387,23.310872963558403,23.45452117919922,253500,0.0,0.0
2005-12-12 00:00:00-05:00,23.566250292525094,24.11689980015874,23.566250292525094,24.021135330200195,451500,0.0,0.0
2005-12-13 00:00:00-05:00,23.757787583673032,23.98921972105444,23.622119943777296,23.90143585205078,547700,0.0,0.0
2005-12-14 00:00:00-05:00,24.021139322355108,24.22065044376645,24.021139322355108,24.15680694580078,365400,0.0,0.0
2005-12-15 00:00:00-05:00,24.292466140916364,24.292466140916364,23.42259783159392,23.566246032714844,775900,0.0,0.0
2005-12-16 00:00:00-05:00,23.566250600846015,23.566250600846015,23.143286540240457,23.175209045410156,972700,0.0,0.0
2005-12-19 00:00:00-05:00,23.17520970095947,23.17520970095947,22.504852294921875,22.504852294921875,698300,0.0,0.0
2005-12-20 00:00:00-05:00,22.62455840683521,23.127325694920945,22.504852054638494,22.696382522583008,374900,0.0,0.0
2005-12-21 00:00:00-05:00,22.744259194031013,23.071457186980282,22.744259194031013,23.0634765625,255500,0.0,0.0
2005-12-22 00:00:00-05:00,23.087518065674477,23.191661092754607,22.847190588968505,22.99939727783203,234900,0.11,0.0
2005-12-23 00:00:00-05:00,23.039449305895445,23.039449305895445,22.83917593035181,22.943317413330078,95600,0.0,0.0
2005-12-27 00:00:00-05:00,22.967349465156364,22.991382818925054,22.598845680525617,22.670944213867188,204800,0.0,0.0
2005-12-28 00:00:00-05:00,22.64690856333286,22.743038906243612,22.358514478672106,22.622875213623047,210600,0.0,0.0
2005-12-29 00:00:00-05:00,22.590834094429994,22.94331408410513,22.438625923273147,22.831161499023438,217600,0.0,0.0
2005-12-30 00:00:00-05:00,22.751055263046535,22.751055263046535,22.510727822450974,22.590837478637695,182300,0.0,0.0
2006-01-03 00:00:00-05:00,22.62288009722425,23.528116601505356,22.350508186906445,23.40795135498047,475800,0.0,0.0
2006-01-04 00:00:00-05:00,23.45602109405776,23.960709388376003,23.431987736056023,23.840545654296875,366700,0.0,0.0
2006-01-05 00:00:00-05:00,23.79248253494398,23.848558847192255,23.520110565768142,23.584197998046875,338200,0.0,0.0
2006-01-06 00:00:00-05:00,23.57618867111157,24.152975605487885,23.57618867111157,24.08888816833496,292400,0.0,0.0
2006-01-09 00:00:00-05:00,24.193016507156692,24.57754089640776,24.136938696755657,24.385278701782227,393300,0.0,0.0
2006-01-10 00:00:00-05:00,24.27313484740103,24.72975947120146,24.27313484740103,24.72174835205078,572000,0.0,0.0
2006-01-11 00:00:00-05:00,24.721743547853478,24.962070963811946,24.585557604686493,24.89798355102539,334100,0.0,0.0
2006-01-12 00:00:00-05:00,24.817874495055484,24.825885612840455,24.513459659048966,24.577547073364258,207100,0.0,0.0
2006-01-13 00:00:00-05:00,24.593567897239993,24.697709366537843,24.353238961379393,24.513458251953125,127900,0.0,0.0
2006-01-17 00:00:00-05:00,24.393297457113935,24.577548593672173,24.249100383993724,24.481416702270508,96600,0.0,0.0
2006-01-18 00:00:00-05:00,24.313184981848487,24.433348686187678,24.000757517009312,24.257108688354492,224600,0.0,0.0
2006-01-19 00:00:00-05:00,24.409318045612256,24.67367883571042,24.120925428755353,24.593570709228516,186100,0.0,0.0
2006-01-20 00:00:00-05:00,24.737769215956824,24.737769215956824,24.19302686201141,24.20103645324707,169200,0.0,0.0
2006-01-23 00:00:00-05:00,24.353240669814245,25.082235589933024,24.28114213679463,25.0742244720459,274400,0.0,0.0
2006-01-24 00:00:00-05:00,25.082239642230746,25.61897240366683,25.026163335925666,25.474775314331055,339500,0.0,0.0
2006-01-25 00:00:00-05:00,25.466758808243334,25.466758808243334,25.122288416799147,25.258474349975586,320300,0.0,0.0
2006-01-26 00:00:00-05:00,25.458752575433095,25.634992599487305,25.154336182653992,25.634992599487305,252600,0.0,0.0
2006-01-27 00:00:00-05:00,25.634992599487305,25.699081547832066,25.490795521640848,25.634992599487305,329900,0.0,0.0
2006-01-30 00:00:00-05:00,25.63499221116016,25.659024038460775,25.346598059835934,25.490795135498047,252200,0.0,0.0
2006-01-31 00:00:00-05:00,25.354611197647277,25.63499425288111,25.242458586739637,25.594940185546875,373000,0.0,0.0
2006-02-01 00:00:00-05:00,25.434715524117355,25.61896663994281,25.290518467222856,25.42670440673828,260500,0.0,0.0
2006-02-02 00:00:00-05:00,25.314552393618243,25.48278127850181,24.946048625643453,25.058202743530273,196600,0.0,0.0
2006-02-03 00:00:00-05:00,24.857939368927134,25.034179442132327,24.705731130088754,24.994125366210938,290800,0.0,0.0
2006-02-06 00:00:00-05:00,24.914007440757732,25.02616003859117,24.6176021819578,24.905996322631836,254100,0.0,0.0
2006-02-07 00:00:00-05:00,24.79384691528716,24.833900983106272,24.257114155501434,24.265125274658203,319600,0.0,0.0
2006-02-08 00:00:00-05:00,24.401303665183256,24.705720005789797,24.225063671334034,24.673675537109375,246300,0.0,0.0
2006-02-09 00:00:00-05:00,24.673685174322372,24.801860043178724,24.072864903571357,24.12093162536621,293900,0.0,0.0
2006-02-10 00:00:00-05:00,24.072855155853826,24.329206317728325,23.68031958793336,24.22506332397461,293300,0.0,0.0
2006-02-13 00:00:00-05:00,24.225065378540517,24.56152468357432,24.04882537227118,24.377273559570312,260700,0.0,0.0
2006-02-14 00:00:00-05:00,24.377276119058966,25.106271101845522,24.241090159199683,24.922019958496094,158700,0.0,0.0
2006-02-15 00:00:00-05:00,24.857929388403488,25.21040939329223,24.593568620754713,25.058202743530273,171200,0.0,0.0
2006-02-16 00:00:00-05:00,25.234453288226252,25.442737847929326,25.010146486707924,25.386661529541016,236100,0.0,0.0
2006-02-17 00:00:00-05:00,24.625619490127452,25.562899154953772,24.625619490127452,25.498811721801758,172500,0.0,0.0
2006-02-21 00:00:00-05:00,25.594934223246295,25.883328330358957,25.034168243408203,25.034168243408203,402000,0.0,0.0
2006-02-22 00:00:00-05:00,24.83390364437586,24.873957716487276,24.32120418711816,24.74578285217285,508300,0.0,0.0
2006-02-23 00:00:00-05:00,24.737767677278327,25.634993108375934,24.5855610058319,25.61897087097168,437000,0.0,0.0
2006-02-24 00:00:00-05:00,25.554882053484693,25.634991708165625,25.35460868076465,25.602947235107422,270800,0.0,0.0
2006-02-27 00:00:00-05:00,25.610960516215375,25.675047939779382,25.506819025910627,25.546873092651367,398800,0.0,0.0
2006-02-28 00:00:00-05:00,25.39466666204298,25.763168969105536,25.314556999822724,25.755159378051758,512800,0.0,0.0
2006-03-01 00:00:00-05:00,25.77117414670805,26.035536445150843,25.394662313071375,26.02752685546875,233300,0.0,0.0
2006-03-02 00:00:00-05:00,26.019518920053375,26.139684178540147,25.739137391490196,25.89134407043457,244800,0.0,0.0
2006-03-03 00:00:00-05:00,25.79521486413874,25.79521486413874,25.314558392341688,25.554885864257812,307300,0.0,0.0
2006-03-06 00:00:00-05:00,24.793843133466115,25.699079596563294,24.793843133466115,25.274497985839844,157700,0.0,0.0
2006-03-07 00:00:00-05:00,25.074231132974177,25.17036304519245,24.689706540030905,24.74578285217285,184200,0.0,0.0
2006-03-08 00:00:00-05:00,24.6736822875499,24.6736822875499,24.289157725969464,24.4974422454834,140200,0.0,0.0
2006-03-09 00:00:00-05:00,24.57754143892693,24.64162883855009,24.072851829925906,24.11290740966797,189100,0.0,0.0
2006-03-10 00:00:00-05:00,24.1209274266148,24.513463085153965,23.952696985546755,24.433353424072266,215100,0.0,0.0
2006-03-13 00:00:00-05:00,24.569542029623086,24.922023659479393,24.569542029623086,24.817880630493164,197700,0.0,0.0
2006-03-14 00:00:00-05:00,24.75378904540829,25.482784014090573,24.449374185240856,25.442729949951172,243300,0.0,0.0
2006-03-15 00:00:00-05:00,25.418699641136243,25.60295080300348,25.114284744484486,25.466766357421875,461200,0.0,0.0
2006-03-16 00:00:00-05:00,25.514828490763268,25.795211523665753,25.274499522004877,25.490795135498047,251500,0.0,0.0
2006-03-17 00:00:00-05:00,25.498803282141818,25.498803282141818,24.986103986620225,25.21040916442871,579000,0.0,0.0
2006-03-20 00:00:00-05:00,25.274500008043358,25.362620784412492,24.905997721344498,24.922019958496094,282900,0.0,0.0
2006-03-21 00:00:00-05:00,24.914009336333958,24.930031573804797,23.664303844937184,23.68032455444336,859900,0.0,0.0
2006-03-22 00:00:00-05:00,23.720528620825373,24.717594724575385,23.704446538424943,24.677391052246094,637400,0.11,0.0
2006-03-23 00:00:00-05:00,24.444199269147358,24.894486726643503,24.315545709862747,24.870365142822266,233500,0.0,0.0
2006-03-24 00:00:00-05:00,24.846253026875075,24.918620877724987,24.645231559774675,24.806049346923828,322300,0.0,0.0
2006-03-27 00:00:00-05:00,24.685432570434294,24.685432570434294,24.235143456552123,24.275348663330078,221000,0.0,0.0
2006-03-28 00:00:00-05:00,24.275346154477482,24.275346154477482,22.948605141359824,23.069217681884766,697500,0.0,0.0
2006-03-29 00:00:00-05:00,23.149634901687094,23.479310013722912,23.149634901687094,23.302410125732422,589900,0.0,0.0
2006-03-30 00:00:00-05:00,23.366735239445898,23.519511986048418,22.868202852786037,22.892324447631836,503500,0.0,0.0
2006-03-31 00:00:00-05:00,24.042168590069448,24.548743576182936,23.68837035747757,24.010005950927734,926600,0.0,0.0
2006-04-03 00:00:00-04:00,24.066279613856267,24.58893488979839,23.937626054660402,24.307504653930664,460400,0.0,0.0
2006-04-04 00:00:00-04:00,24.339675194658238,24.950780527962102,24.339675194658238,24.942739486694336,386500,0.0,0.0
2006-04-05 00:00:00-04:00,24.886450806219187,25.167879549151444,24.725633067110792,24.91861343383789,372600,0.0,0.0
2006-04-06 00:00:00-04:00,24.910577047009834,24.910577047009834,24.259267995927196,24.524616241455078,353700,0.0,0.0
2006-04-07 00:00:00-04:00,24.564814049902136,24.645222915272683,24.02607664569248,24.15473175048828,299600,0.0,0.0
2006-04-10 00:00:00-04:00,24.20297791986634,24.492447705565223,24.074324340962026,24.40399932861328,389800,0.0,0.0
2006-04-11 00:00:00-04:00,24.50852901166409,24.605019959628194,24.178854034433424,24.484407424926758,373500,0.0,0.0
2006-04-12 00:00:00-04:00,24.44421139316444,24.99099005815499,24.339680899526677,24.846254348754883,362300,0.0,0.0
2006-04-13 00:00:00-04:00,24.7819237433823,25.007068316167906,24.524616536582712,24.69347381591797,230100,0.0,0.0
2006-04-17 00:00:00-04:00,24.61305816708371,24.8703652871461,24.331627929388695,24.51656723022461,207000,0.0,0.0
2006-04-18 00:00:00-04:00,24.63718635528986,25.42519153880288,24.63718635528986,25.417150497436523,332900,0.0,0.0
2006-04-19 00:00:00-04:00,25.384981893960873,26.896663665771484,25.384981893960873,26.896663665771484,822500,0.0,0.0
2006-04-20 00:00:00-04:00,26.75997354330197,27.162016429793134,26.22927705582738,27.05748748779297,527600,0.0,0.0
2006-04-21 00:00:00-04:00,27.740952923899815,27.78919916366316,26.711724347693327,26.896663665771484,551700,0.0,0.0
2006-04-24 00:00:00-04:00,26.824299104146544,26.824299104146544,26.229274344026955,26.30968475341797,301600,0.0,0.0
2006-04-25 00:00:00-04:00,26.28555959531498,26.671520350996023,25.875477250948688,26.414213180541992,374400,0.0,0.0
2006-04-26 00:00:00-04:00,26.53483321784842,27.017283503962563,26.13279029030526,26.14887237548828,592200,0.0,0.0
2006-04-27 00:00:00-04:00,25.746823352801382,26.534826936157582,25.497555692490828,26.2453556060791,559000,0.0,0.0
2006-04-28 00:00:00-04:00,26.18102847712136,26.52678553363711,25.996089155529262,26.237314224243164,329700,0.0,0.0
2006-05-01 00:00:00-04:00,26.414216841732994,27.081609516401926,26.213195395243872,26.671524047851562,461900,0.0,0.0
2006-05-02 00:00:00-04:00,26.623278104096904,26.623278104096904,25.971967580741463,26.534828186035156,359400,0.0,0.0
2006-05-03 00:00:00-04:00,26.486590948681187,26.695655020181658,26.076508450498835,26.19712257385254,342500,0.0,0.0
2006-05-04 00:00:00-04:00,26.13278146685013,26.542863764852825,26.00412789616859,26.478538513183594,481900,0.0,0.0
2006-05-05 00:00:00-04:00,26.75997966551172,27.3389225360609,26.75997966551172,27.330883026123047,448100,0.0,0.0
2006-05-08 00:00:00-04:00,27.330866993432146,27.740949241281164,27.202213438485128,27.58013153076172,449400,0.0,0.0
2006-05-09 00:00:00-04:00,27.58012570336969,27.87763641119701,27.4836363243823,27.773107528686523,268300,0.0,0.0
2006-05-10 00:00:00-04:00,27.652509878402764,27.950020762396022,27.354998994409506,27.387163162231445,294900,0.0,0.0
2006-05-11 00:00:00-04:00,27.29871374213098,27.338917418984227,26.67152472731335,26.687606811523438,389100,0.0,0.0
2006-05-12 00:00:00-04:00,26.615235648643573,26.615235648643573,25.76290676315988,25.971967697143555,348100,0.0,0.0
2006-05-15 00:00:00-04:00,25.851356944578693,25.97196796133106,25.344782085656735,25.610130310058594,534600,0.0,0.0
2006-05-16 00:00:00-04:00,25.730751385985545,25.811158757128915,25.248299490763856,25.376953125,296800,0.0,0.0
2006-05-17 00:00:00-04:00,25.175213686850974,25.376938150562808,24.852453313683625,25.046110153198242,350900,0.11,0.0
2006-05-18 00:00:00-04:00,25.094533036856408,25.296257576478993,24.521634544029506,24.553911209106445,403900,0.0,0.0
2006-05-19 00:00:00-04:00,24.570046551761923,24.691080952999805,24.085907407774496,24.56197738647461,546600,0.0,0.0
2006-05-22 00:00:00-04:00,24.561979647398875,24.674944893747863,23.981012005521663,24.368324279785156,572200,0.0,0.0
2006-05-23 00:00:00-04:00,24.61039752693111,25.094536802481283,24.594259191970963,24.73143196105957,681800,0.0,0.0
2006-05-24 00:00:00-04:00,24.610391667298273,24.68301261829187,23.60176905798277,24.57004737854004,847800,0.0,0.0
2006-05-25 00:00:00-04:00,24.691084003330076,24.80404925323634,24.04556455192089,24.319910049438477,822000,0.0,0.0
2006-05-26 00:00:00-04:00,24.42480358676727,24.489355367207548,24.126250640333566,24.336044311523438,772800,0.0,0.0
2006-05-30 00:00:00-04:00,24.142390737066066,24.150459902591123,23.02080289269422,23.09342384338379,1084100,0.0,0.0
2006-05-31 00:00:00-04:00,23.222520199208173,23.279002801300262,22.67382942625278,22.964311599731445,1182800,0.0,0.0
2006-06-01 00:00:00-04:00,23.036938278209366,23.464594790711544,22.75452519725458,23.295146942138672,465900,0.0,0.0
2006-06-02 00:00:00-04:00,23.408119751797738,23.521085020746842,22.633496587333756,22.843290328979492,386200,0.0,0.0
2006-06-05 00:00:00-04:00,22.76259537285347,22.770664538789685,21.08424733402112,21.100385665893555,1293200,0.0,0.0
2006-06-06 00:00:00-04:00,21.26176802914345,21.487698541768413,20.92287072116981,21.22142219543457,951700,0.0,0.0
2006-06-07 00:00:00-04:00,21.18106673745548,21.221411010865054,20.527479966201046,20.57589340209961,351000,0.0,0.0
2006-06-08 00:00:00-04:00,20.57590698091896,20.57590698091896,19.62376672536002,20.16438865661621,927100,0.0,0.0
2006-06-09 00:00:00-04:00,20.164381049709778,20.616243503584098,19.970725712335067,20.26120948791504,577700,0.0,0.0
2006-06-12 00:00:00-04:00,20.237004943755085,20.317695064183173,19.551141228670406,19.583417892456055,674900,0.0,0.0
2006-06-13 00:00:00-04:00,19.534999727954506,19.849690992673555,18.96210289001465,18.96210289001465,587700,0.0,0.0
2006-06-14 00:00:00-04:00,18.84913984947362,19.236450562782704,18.49410425942231,18.808794021606445,620500,0.0,0.0
2006-06-15 00:00:00-04:00,19.010522923814268,20.099835902627685,19.010522923814268,19.99493980407715,722600,0.0,0.0
2006-06-16 00:00:00-04:00,20.035279514876912,20.253142368564447,19.526934395308633,19.615692138671875,1112000,0.0,0.0
2006-06-19 00:00:00-04:00,19.688309570499737,20.059483425881133,19.2687222692984,19.422033309936523,762200,0.0,0.0
2006-06-20 00:00:00-04:00,19.357485643715336,19.66410779006037,19.12348599006509,19.365554809570312,934100,0.0,0.0
2006-06-21 00:00:00-04:00,19.38976511775173,20.059490590433718,19.38976511775173,19.672178268432617,477200,0.0,0.0
2006-06-22 00:00:00-04:00,19.56728916879272,19.88197910004648,19.45432386814507,19.74480628967285,610300,0.0,0.0
2006-06-23 00:00:00-04:00,19.7448016183783,20.059493014218056,19.47852523053631,19.930389404296875,624300,0.0,0.0
2006-06-26 00:00:00-04:00,20.059487944607394,20.293487601312417,19.946521160198998,20.253143310546875,817200,0.0,0.0
2006-06-27 00:00:00-04:00,20.317705040893337,20.737292641922878,19.607633479299224,19.74480628967285,691400,0.0,0.0
2006-06-28 00:00:00-04:00,19.809348020510075,19.841624683705405,19.34134717742988,19.68024444580078,531500,0.0,0.0
2006-06-29 00:00:00-04:00,19.898115013105173,20.60011731917497,19.865839876443577,20.527496337890625,615700,0.0,0.0
2006-06-30 00:00:00-04:00,20.61624560120131,21.366661071777344,20.18859059812514,21.366661071777344,3179200,0.0,0.0
2006-07-03 00:00:00-04:00,21.36666354697685,21.463492006250995,21.05197374764913,21.294042587280273,542100,0.0,0.0
2006-07-05 00:00:00-04:00,21.22141877001404,21.277902928089173,20.737281155943286,20.98741912841797,500600,0.0,0.0
2006-07-06 00:00:00-04:00,21.068106758164266,21.528038360690413,21.027760935727734,21.19721031188965,613300,0.0,0.0
2006-07-07 00:00:00-04:00,21.19721568060268,21.261767473814693,20.624317169189453,20.624317169189453,288000,0.0,0.0
2006-07-10 00:00:00-04:00,20.680796291413508,20.93093579437938,20.608176883012323,20.66465950012207,212000,0.0,0.0
2006-07-11 00:00:00-04:00,20.72921542331717,20.72921542331717,20.22086868970899,20.60818099975586,219600,0.0,0.0
2006-07-12 00:00:00-04:00,20.503291331682128,20.608189001457912,19.712531149075005,19.74480628967285,364400,0.0,0.0
2006-07-13 00:00:00-04:00,19.4785169182194,19.486586082775567,18.502171092459463,18.566722869873047,784300,0.0,0.0
2006-07-14 00:00:00-04:00,18.639353815515516,18.752319101858397,18.461835178077727,18.671628952026367,496700,0.0,0.0
2006-07-17 00:00:00-04:00,18.671627024966472,18.873351609208676,18.243971891356328,18.276247024536133,314300,0.0,0.0
2006-07-18 00:00:00-04:00,18.227830747484507,18.461830428861862,17.800174140712944,17.969623565673828,362500,0.0,0.0
2006-07-19 00:00:00-04:00,18.155204403784968,18.85720631790705,18.155204403784968,18.760377883911133,423300,0.0,0.0
2006-07-20 00:00:00-04:00,18.711961459302085,18.760374899079444,17.348303670116476,17.356372833251953,738200,0.0,0.0
2006-07-21 00:00:00-04:00,17.396721235402275,17.396721235402275,17.0658931635717,17.299894332885742,590400,0.0,0.0
2006-07-24 00:00:00-04:00,17.291824210360026,17.96154948198641,17.291824210360026,17.880859375,833600,0.0,0.0
2006-07-25 00:00:00-04:00,17.824374565979067,18.453755476094706,17.792097911546453,18.074512481689453,552000,0.0,0.0
2006-07-26 00:00:00-04:00,18.04224763227168,18.098730270631595,17.687211926676746,17.727556228637695,390100,0.0,0.0
2006-07-27 00:00:00-04:00,18.744237670810268,18.744237670810268,18.026099039076126,18.074512481689453,720900,0.0,0.0
2006-07-28 00:00:00-04:00,18.235896775019373,18.833001164925193,18.12292999814707,18.38920783996582,626600,0.0,0.0
2006-07-31 00:00:00-04:00,18.356936264534962,18.453764737392028,18.22783266008312,18.405349731445312,570800,0.0,0.0
2006-08-01 00:00:00-04:00,18.373075179160658,18.46183294812214,18.276246703250557,18.33272933959961,553400,0.0,0.0
2006-08-02 00:00:00-04:00,18.54252382925479,19.083145788687347,18.494110358883116,18.97018051147461,758900,0.0,0.0
2006-08-03 00:00:00-04:00,18.800727020376407,19.067003358809682,18.55865818145021,18.88948631286621,546100,0.0,0.0
2006-08-04 00:00:00-04:00,19.083137089181722,19.405895976249642,18.348860043963786,18.566722869873047,756200,0.0,0.0
2006-08-07 00:00:00-04:00,18.34079284743372,18.582863192986416,18.211689278753322,18.38920783996582,790300,0.0,0.0
2006-08-08 00:00:00-04:00,18.38921464329993,18.48604158611467,17.95348878352407,17.98576545715332,717700,0.0,0.0
2006-08-09 00:00:00-04:00,18.171346348924626,18.29238076122991,18.001896940468384,18.131000518798828,590600,0.0,0.0
2006-08-10 00:00:00-04:00,18.034174425832397,18.292381594251857,18.034174425832397,18.139070510864258,553300,0.0,0.0
2006-08-11 00:00:00-04:00,18.114863725784563,18.316588259305387,17.977690981428957,18.131000518798828,473100,0.0,0.0
2006-08-14 00:00:00-04:00,18.243962439807138,18.316583375634917,17.82437515258789,17.82437515258789,421400,0.0,0.0
2006-08-15 00:00:00-04:00,18.155212143407542,18.42955769447528,18.098729507429432,18.171350479125977,445300,0.0,0.0
2006-08-16 00:00:00-04:00,18.397273242454947,18.671618677496383,18.316584676060437,18.582860946655273,416100,0.0,0.0
2006-08-17 00:00:00-04:00,18.590925182454484,18.76844213611087,18.42954501437752,18.631269454956055,578900,0.0,0.0
2006-08-18 00:00:00-04:00,18.687763272555117,18.79266090649825,18.445694414132344,18.647418975830078,479900,0.0,0.0
2006-08-21 00:00:00-04:00,18.60687082589067,18.631192542350597,18.20959859789038,18.298782348632812,304400,0.11,0.0
2006-08-22 00:00:00-04:00,18.282570040018026,18.720379569677657,18.282570040018026,18.598766326904297,534900,0.0,0.0
2006-08-23 00:00:00-04:00,18.785242433205315,19.004147225586234,18.598768667723707,18.704166412353516,868600,0.0,0.0
2006-08-24 00:00:00-04:00,18.89063429949849,18.97171029512128,18.533902392991802,18.56633186340332,697400,0.0,0.0
2006-08-25 00:00:00-04:00,18.55011688842116,18.866313125802893,18.525795171512133,18.80145263671875,532800,0.0,0.0
2006-08-28 00:00:00-04:00,18.801459324080877,19.563569955290447,18.801459324080877,19.37709617614746,755500,0.0,0.0
2006-08-29 00:00:00-04:00,19.433845805762626,19.555460599590994,19.12575880917506,19.25547981262207,816600,0.0,0.0
2006-08-30 00:00:00-04:00,19.239268051200444,19.368989079935982,19.06900978088379,19.06900978088379,426900,0.0,0.0
2006-08-31 00:00:00-04:00,19.174410219543955,19.393315066061117,19.028473655199182,19.085227966308594,401600,0.0,0.0
2006-09-01 00:00:00-04:00,19.21493823215784,19.32844369789779,19.020355224609375,19.020355224609375,391200,0.0,0.0
2006-09-05 00:00:00-04:00,19.028466379379392,19.21494166607212,18.9230686489846,18.963605880737305,591300,0.0,0.0
2006-09-06 00:00:00-04:00,18.809569887356528,18.898752138374267,18.485265731811523,18.485265731811523,392700,0.0,0.0
2006-09-07 00:00:00-04:00,18.33121912661523,18.64741391113101,18.128529844972505,18.387971878051758,451300,0.0,0.0
2006-09-08 00:00:00-04:00,17.674509498786215,18.582558405413074,17.674509498786215,18.323116302490234,516400,0.0,0.0
2006-09-11 00:00:00-04:00,18.24203675538678,18.37986553939446,18.023131943186954,18.05556297302246,326100,0.0,0.0
2006-09-12 00:00:00-04:00,18.055566463747617,18.623095678021215,18.047458704721247,18.420406341552734,400200,0.0,0.0
2006-09-13 00:00:00-04:00,18.420397653736455,18.825776135480275,18.420397653736455,18.57444190979004,320100,0.0,0.0
2006-09-14 00:00:00-04:00,18.56634018218646,18.606878971359553,18.225822085115936,18.30689811706543,583500,0.0,0.0
2006-09-15 00:00:00-04:00,18.566341770697775,18.728493848470276,18.428512968510194,18.485265731811523,490600,0.0,0.0
2006-09-18 00:00:00-04:00,18.647413716479516,18.947394530593854,18.525800458042642,18.841995239257812,617300,0.0,0.0
2006-09-19 00:00:00-04:00,18.81767089142632,19.117651688362397,18.67984367378123,18.99603843688965,664200,0.0,0.0
2006-09-20 00:00:00-04:00,19.133871872727582,19.34466894840098,19.012258591561288,19.247377395629883,460000,0.0,0.0
2006-09-21 00:00:00-04:00,19.26359442223349,19.401423230732178,18.93118403933611,19.101442337036133,398400,0.0,0.0
2006-09-22 00:00:00-04:00,19.028469419050413,19.052792689825274,18.720382387884726,18.939287185668945,325900,0.0,0.0
2006-09-25 00:00:00-04:00,19.06089935191824,19.133867613655116,18.793349574348504,19.052791595458984,331500,0.0,0.0
2006-09-26 00:00:00-04:00,18.979828668457866,19.158194721506273,18.785247097933194,19.093334197998047,246600,0.0,0.0
2006-09-27 00:00:00-04:00,19.077122106550544,19.206843166348158,18.85821723824319,18.94740104675293,269500,0.0,0.0
2006-09-28 00:00:00-04:00,18.94738958798769,19.109540041472883,18.744700361334147,18.906850814819336,398400,0.0,0.0
2006-09-29 00:00:00-04:00,18.906849807902248,18.906849807902248,18.56633186340332,18.56633186340332,259300,0.0,0.0
2006-10-02 00:00:00-04:00,18.51769981410851,18.647420879121064,18.35554770964428,18.371763229370117,332100,0.0,0.0
2006-10-03 00:00:00-04:00,18.363641627939394,18.74469832229029,18.19338343834118,18.720375061035156,360800,0.0,0.0
2006-10-04 00:00:00-04:00,18.720385782247334,18.947398378118216,18.566341465535064,18.931182861328125,217000,0.0,0.0
2006-10-05 00:00:00-04:00,18.890643642690772,18.96361192020133,18.501480526898966,18.736600875854492,314100,0.0,0.0
2006-10-06 00:00:00-04:00,18.73659626010119,18.833886241883413,18.49336821285288,18.631196975708008,211600,0.0,0.0
2006-10-09 00:00:00-04:00,18.56634825300359,18.801468693224635,18.444734925412213,18.63931655883789,195500,0.0,0.0
2006-10-10 00:00:00-04:00,18.671741903627836,18.931184002318794,18.647418626976727,18.82578468322754,177100,0.0,0.0
2006-10-11 00:00:00-04:00,18.809561145994696,18.882529392442127,18.590656406652396,18.777130126953125,122700,0.0,0.0
2006-10-12 00:00:00-04:00,18.84199873201,19.133871843480375,18.76903045414241,19.109548568725586,257100,0.0,0.0
2006-10-13 00:00:00-04:00,18.931181502963973,19.563571148433866,18.931181502963973,19.49871063232422,540800,0.0,0.0
2006-10-16 00:00:00-04:00,19.579786063034522,20.195961720360234,19.579786063034522,20.033809661865234,469100,0.0,0.0
2006-10-17 00:00:00-04:00,19.79868745793204,20.06623722575289,19.620321461516927,19.993268966674805,752700,0.0,0.0
2006-10-18 00:00:00-04:00,20.06623614422694,20.22028041024429,19.944622901116944,20.106773376464844,481600,0.0,0.0
2006-10-19 00:00:00-04:00,20.147317593931252,20.520265179666463,20.1392098360157,20.463512420654297,513300,0.0,0.0
2006-10-20 00:00:00-04:00,20.50405108328533,20.50405108328533,19.960843677480074,20.001380920410156,196000,0.0,0.0
2006-10-23 00:00:00-04:00,20.033806680197724,20.260819219024714,19.920301183982435,20.228389739990234,236600,0.0,0.0
2006-10-24 00:00:00-04:00,20.114884614862326,20.23649787902832,20.041916347083422,20.23649787902832,207700,0.0,0.0
2006-10-25 00:00:00-04:00,20.14731226717644,20.512151998535995,20.017591267617977,20.333786010742188,377200,0.0,0.0
2006-10-26 00:00:00-04:00,20.731065060367094,21.485069638500228,20.731065060367094,21.355348587036133,784900,0.0,0.0
2006-10-27 00:00:00-04:00,21.193193092205508,21.517497215123182,20.763492758213918,21.363452911376953,777500,0.0,0.0
2006-10-30 00:00:00-05:00,21.371562268869525,21.760725389825755,21.314809507029672,21.679649353027344,672200,0.0,0.0
2006-10-31 00:00:00-05:00,21.76883281307636,22.044490406109926,21.48506746184807,21.858015060424805,1047100,0.0,0.0
2006-11-01 00:00:00-05:00,21.906656997956897,22.085023001502176,21.736397204503124,21.833688735961914,830400,0.0,0.0
2006-11-02 00:00:00-05:00,21.793149980412267,21.98773304356994,21.622891733144847,21.882333755493164,464300,0.0,0.0
2006-11-03 00:00:00-05:00,21.890448415507283,22.214751045716895,21.849911166629926,22.141782760620117,443900,0.0,0.0
2006-11-06 00:00:00-05:00,22.16610871095397,22.43365860644227,22.117463697155312,22.34447479248047,441400,0.0,0.0
2006-11-07 00:00:00-05:00,22.498508615737034,22.92821041807363,22.466077590777417,22.86334991455078,486400,0.0,0.0
2006-11-08 00:00:00-05:00,22.66066707812764,22.879570373137387,22.547160004955632,22.839033126831055,387000,0.0,0.0
2006-11-09 00:00:00-05:00,22.920098105192707,23.14710904919346,22.757946105424107,22.895774841308594,396000,0.0,0.0
2006-11-10 00:00:00-05:00,22.782274798180616,23.171437834685065,22.782274798180616,23.163330078125,228600,0.0,0.0
2006-11-13 00:00:00-05:00,23.14710807800293,23.17953909515436,22.936312652102664,23.14710807800293,316400,0.0,0.0
2006-11-14 00:00:00-05:00,23.130895244061744,23.73896292774626,23.106571980011772,23.71463966369629,415800,0.0,0.0
2006-11-15 00:00:00-05:00,23.001184952579635,23.747081719771842,23.001184952579635,23.520069122314453,486100,0.0,0.0
2006-11-16 00:00:00-05:00,23.4308773433823,23.593029364381373,23.325479612210295,23.511953353881836,433000,0.0,0.0
2006-11-17 00:00:00-05:00,23.455200610451044,23.528168865260998,23.366016844261924,23.511953353881836,358500,0.0,0.0
2006-11-20 00:00:00-05:00,23.536286961211406,23.83626632153528,23.536286961211406,23.76329803466797,215700,0.0,0.0
2006-11-21 00:00:00-05:00,23.682224650678396,23.706547931167346,23.455213551703416,23.50385856628418,316600,0.0,0.0
2006-11-22 00:00:00-05:00,23.6092483506799,23.755183335382924,23.43898854893161,23.593032836914062,180900,0.0,0.0
2006-11-24 00:00:00-05:00,23.511960999248547,23.560606002807617,23.301163921963532,23.560606002807617,157800,0.0,0.0
2006-11-27 00:00:00-05:00,23.511959712507256,23.552496955521868,23.03361282223072,23.066043853759766,286200,0.0,0.0
2006-11-28 00:00:00-05:00,23.049835195609692,23.16334074693728,22.709316995229774,23.139019012451172,378800,0.0,0.0
2006-11-29 00:00:00-05:00,23.268735148622742,23.430885680924465,23.163335833549635,23.390348434448242,406500,0.0,0.0
2006-11-30 00:00:00-05:00,23.430883481329527,23.706541061401367,23.18765693251164,23.706541061401367,352900,0.0,0.0
2006-12-01 00:00:00-05:00,23.706535134280156,23.706535134280156,23.066037891118963,23.333587646484375,256300,0.0,0.0
2006-12-04 00:00:00-05:00,23.34981158296325,23.876805109351277,23.34981158296325,23.803836822509766,280700,0.0,0.0
2006-12-05 00:00:00-05:00,23.779507091575663,23.88490484041267,23.617355043399375,23.876798629760742,325900,0.0,0.0
2006-12-06 00:00:00-05:00,23.836262148091226,23.96598318061008,23.71464887340439,23.93355369567871,223300,0.0,0.0
2006-12-07 00:00:00-05:00,23.876794653387442,24.99563865100581,23.836255874896313,24.971315383911133,1479000,0.0,0.0
2006-12-08 00:00:00-05:00,24.987534764003097,25.16590232418726,24.84970598858648,25.109148025512695,505600,0.0,0.0
2006-12-11 00:00:00-05:00,25.117258110611598,25.33616292945731,24.98753708012451,25.25508689880371,572600,0.0,0.0
2006-12-12 00:00:00-05:00,25.214557260935354,25.417246625498503,25.05240515072598,25.29563331604004,652500,0.0,0.0
2006-12-13 00:00:00-05:00,25.328057039826152,25.44967032157782,25.068614959716797,25.068614959716797,334000,0.0,0.0
2006-12-14 00:00:00-05:00,25.036182384458336,25.052397900065607,24.874031867575663,24.987537384033203,604400,0.0,0.0
2006-12-15 00:00:00-05:00,25.060508347663113,25.092939382358544,24.93078730167509,25.052400588989258,345400,0.0,0.0
2006-12-18 00:00:00-05:00,25.052398597490953,25.157797905475714,24.663235490462746,24.72809600830078,364500,0.0,0.0
2006-12-19 00:00:00-05:00,24.711878608375365,24.963214448934735,24.58215758258835,24.817277908325195,177900,0.0,0.0
2006-12-20 00:00:00-05:00,24.80106277475558,24.987536558891396,24.728094503329107,24.82538604736328,199700,0.0,0.0
2006-12-21 00:00:00-05:00,24.849709285947505,25.011861353740954,24.525406696757333,24.72809600830078,127200,0.0,0.0
2006-12-22 00:00:00-05:00,24.687382916249703,24.687382916249703,24.434972771243704,24.443115234375,106900,0.13,0.0
2006-12-26 00:00:00-05:00,24.467539926296965,24.711809149762157,24.418686702810316,24.70366668701172,186400,0.0,0.0
2006-12-27 00:00:00-05:00,24.711808044519536,25.03749877489054,24.703665582133272,24.988645553588867,120700,0.0,0.0
2006-12-28 00:00:00-05:00,24.956073808714358,25.102635014504457,24.956073808714358,24.99678611755371,141800,0.0,0.0
2006-12-29 00:00:00-05:00,24.97235517902408,25.1596271139915,24.92350196838379,24.92350196838379,114100,0.0,0.0
2007-01-03 00:00:00-05:00,25.004928981647584,25.086352052677647,24.353547519438898,24.516393661499023,265600,0.0,0.0
2007-01-04 00:00:00-05:00,24.426831763222353,24.467542528287932,23.938294817354677,24.109283447265625,368200,0.0,0.0
2007-01-05 00:00:00-05:00,24.10114346162623,24.190707464582328,23.889444044883668,23.946439743041992,170800,0.0,0.0
2007-01-08 00:00:00-05:00,23.881301289523574,24.08485823933302,23.783593270287877,24.01972007751465,133000,0.0,0.0
2007-01-09 00:00:00-05:00,24.141850077794988,24.141850077794988,23.79173193160547,23.995288848876953,142900,0.0,0.0
2007-01-10 00:00:00-05:00,24.00343075516765,24.21513013058153,23.816158768345524,24.141849517822266,344200,0.0,0.0
2007-01-11 00:00:00-05:00,24.182562393058905,24.329122068960906,23.95457808662907,23.995288848876953,305700,0.0,0.0
2007-01-12 00:00:00-05:00,23.881292052660513,24.418682068063156,23.881292052660513,24.394254684448242,161100,0.0,0.0
2007-01-16 00:00:00-05:00,24.329119876130992,24.4675386295203,24.02785653541161,24.08485221862793,242900,0.0,0.0
2007-01-17 00:00:00-05:00,24.019717594117882,24.345408369536596,24.019717594117882,24.15813636779785,144800,0.0,0.0
2007-01-18 00:00:00-05:00,24.10113879021445,24.2802683144231,24.036000640228032,24.174419403076172,141900,0.0,0.0
2007-01-19 00:00:00-05:00,24.304690717224922,24.44310945167807,24.076706462532776,24.394254684448242,215600,0.0,0.0
2007-01-22 00:00:00-05:00,24.41054403824315,24.42682896360939,24.239556980945547,24.30469512939453,99200,0.0,0.0
2007-01-23 00:00:00-05:00,24.30469964056318,24.630390443259227,24.288414712174315,24.54082489013672,207200,0.0,0.0
2007-01-24 00:00:00-05:00,24.49197488455685,24.73624263050463,24.443121645970585,24.711816787719727,163700,0.0,0.0
2007-01-25 00:00:00-05:00,24.752513824578745,24.817651957550705,24.19883891780929,24.26397705078125,188500,0.0,0.0
2007-01-26 00:00:00-05:00,24.26398439065865,24.361692396181144,23.66145609014876,24.32912254333496,149600,0.0,0.0
2007-01-29 00:00:00-05:00,24.32912014410518,24.353547531330896,23.979003578631986,24.003429412841797,305500,0.0,0.0
2007-01-30 00:00:00-05:00,23.97900815798011,24.345409718243328,23.97900815798011,24.312841415405273,184500,0.0,0.0
2007-01-31 00:00:00-05:00,24.223272255847746,24.74437744774793,24.223272255847746,24.70366668701172,270300,0.0,0.0
2007-02-01 00:00:00-05:00,24.882794721879286,25.550461097366426,24.86651135036722,25.485322952270508,236700,0.0,0.0
2007-02-02 00:00:00-05:00,25.48533031439803,25.64003403607215,25.412049685869043,25.5911808013916,147700,0.0,0.0
2007-02-05 00:00:00-05:00,25.61559406824829,25.908716438478702,25.61559406824829,25.819150924682617,248000,0.0,0.0
2007-02-06 00:00:00-05:00,25.819148192195236,25.827290651952747,25.49345756697186,25.583023071289062,226800,0.0,0.0
2007-02-07 00:00:00-05:00,25.574890162264442,25.729593849399148,25.322480027582756,25.59931755065918,224100,0.0,0.0
2007-02-08 00:00:00-05:00,26.055296429949195,29.067940700868746,25.729605535178166,28.864383697509766,1424900,0.0,0.0
2007-02-09 00:00:00-05:00,28.799231183053205,29.0353579475932,28.49796782148645,28.70152473449707,737000,0.0,0.0
2007-02-12 00:00:00-05:00,28.432829595847277,28.51425422890169,28.294412378703015,28.416547775268555,616000,0.0,0.0
2007-02-13 00:00:00-05:00,28.48168663736961,28.734098360833702,28.25370385877779,28.652673721313477,627400,0.0,0.0
2007-02-14 00:00:00-05:00,28.652663982173927,28.905075619842428,28.449107111611657,28.774799346923828,454000,0.0,0.0
2007-02-15 00:00:00-05:00,28.742232696838784,29.002785271635975,28.416543531358137,28.856224060058594,325000,0.0,0.0
2007-02-16 00:00:00-05:00,28.65267449697369,29.067932404687326,28.65267449697369,28.97836685180664,298100,0.0,0.0
2007-02-20 00:00:00-05:00,28.74223413666502,29.165632868428307,28.465396623821018,29.084211349487305,464300,0.0,0.0
2007-02-21 00:00:00-05:00,29.084211331845044,29.20634361018246,28.799229803660698,29.06792640686035,287600,0.0,0.0
2007-02-22 00:00:00-05:00,29.05978239135208,29.320334979043462,28.905080263045274,29.06792640686035,317800,0.0,0.0
2007-02-23 00:00:00-05:00,28.90508270263672,29.027218097314226,28.823661176873124,28.90508270263672,298200,0.0,0.0
2007-02-26 00:00:00-05:00,28.84808699715089,28.94579344921861,28.70966667619219,28.888797760009766,541400,0.0,0.0
2007-02-27 00:00:00-05:00,28.33513060527426,28.68524885454387,27.846595102403295,27.911731719970703,302100,0.0,0.0
2007-02-28 00:00:00-05:00,27.903598449236306,28.17229211759008,27.455773597957464,27.94430923461914,541900,0.0,0.0
2007-03-01 00:00:00-05:00,27.740752201671135,28.00944897605874,27.4964843833403,27.94430923461914,494600,0.0,0.0
2007-03-02 00:00:00-05:00,27.82216454818867,28.090861233491726,27.732602092453785,27.838449478149414,328700,0.0,0.0
2007-03-05 00:00:00-05:00,27.602310071055417,28.1722667655831,27.358039366508084,27.520885467529297,347600,0.0,0.0
2007-03-06 00:00:00-05:00,27.928003614377744,28.489822597064542,27.846582103916933,28.367687225341797,485400,0.0,0.0
2007-03-07 00:00:00-05:00,28.367684775207348,28.774798504411798,28.33511493142349,28.497961044311523,368000,0.0,0.0
2007-03-08 00:00:00-05:00,28.514249262641496,29.00278455175228,28.45725358244629,28.660810470581055,523600,0.0,0.0
2007-03-09 00:00:00-05:00,28.905080263045274,29.39361558845865,28.839940563106506,29.06792640686035,562200,0.0,0.0
2007-03-12 00:00:00-04:00,28.986502280857216,29.18191827800521,28.81551522462266,28.87251091003418,791500,0.0,0.0
2007-03-13 00:00:00-04:00,28.88064894948867,28.88064894948867,27.439465975091988,27.602312088012695,824100,0.0,0.0
2007-03-14 00:00:00-04:00,27.78143673574565,28.253690096838366,27.61859064205744,27.90357208251953,1120300,0.0,0.0
2007-03-15 00:00:00-04:00,27.838442864211494,28.8073757774606,27.838442864211494,28.57124900817871,503600,0.0,0.0
2007-03-16 00:00:00-04:00,28.57125221715446,28.84808977974259,28.497971594527236,28.685243606567383,211500,0.0,0.0
2007-03-19 00:00:00-04:00,28.685246189294777,29.01093856496949,28.67710527761762,28.91322898864746,306500,0.0,0.0
2007-03-20 00:00:00-04:00,29.05978738695788,30.012435473123062,28.970224943193358,29.67860221862793,443400,0.0,0.0
2007-03-21 00:00:00-04:00,29.6786076515807,29.971730193290405,29.47505067606373,29.768173217773438,503500,0.0,0.0
2007-03-22 00:00:00-04:00,29.76002387305675,30.167137751227244,29.605321717523623,30.053146362304688,574800,0.0,0.0
2007-03-23 00:00:00-04:00,30.085702382615324,30.818505162711713,30.085702382615324,30.647518157958984,467500,0.0,0.0
2007-03-26 00:00:00-04:00,30.647523285113007,30.688234039812762,30.191557862825345,30.264835357666016,473100,0.0,0.0
2007-03-27 00:00:00-04:00,30.264827423098446,30.297397260731973,29.670441863424628,29.90656852722168,911300,0.0,0.0
2007-03-28 00:00:00-04:00,29.91475259251761,29.963777779394544,28.97506369456228,29.203859329223633,858200,0.13,0.0
2007-03-29 00:00:00-04:00,29.399963077693634,29.416305843876792,29.05677433903909,29.18751335144043,643400,0.0,0.0
2007-03-30 00:00:00-04:00,29.261054845688193,29.457161809812636,29.056774939771234,29.171171188354492,451400,0.0,0.0
2007-04-02 00:00:00-04:00,29.1221426317995,29.416306192454275,29.1221426317995,29.40813636779785,561800,0.0,0.0
2007-04-03 00:00:00-04:00,29.416310069942202,29.416310069942202,28.901523770940187,29.032262802124023,605300,0.0,0.0
2007-04-04 00:00:00-04:00,29.122138099097697,29.41630161396753,28.893345639560486,29.334590911865234,421000,0.0,0.0
2007-04-05 00:00:00-04:00,29.3264240093626,29.3264240093626,29.056776143257103,29.138486862182617,290000,0.0,0.0
2007-04-09 00:00:00-04:00,29.171177430781103,29.261061107349278,29.089463580689735,29.105806350708008,435100,0.0,0.0
2007-04-10 00:00:00-04:00,29.195688116052708,29.195688116052708,28.901524509109795,29.073122024536133,907300,0.0,0.0
2007-04-11 00:00:00-04:00,29.00774059710966,29.048595946368977,28.550152581040617,28.59101104736328,738500,0.0,0.0
2007-04-12 00:00:00-04:00,28.599173514747722,28.787110566654274,28.239642169847695,28.754425048828125,650100,0.0,0.0
2007-04-13 00:00:00-04:00,28.75444270563834,29.138489983265412,28.74627287969635,29.073122024536133,562900,0.0,0.0
2007-04-16 00:00:00-04:00,29.187511265970702,29.53887292114373,29.09762761691755,29.498014450073242,962800,0.0,0.0
2007-04-17 00:00:00-04:00,29.514362289954065,30.462221004384705,29.3672804965886,29.922922134399414,674500,0.0,0.0
2007-04-18 00:00:00-04:00,29.92292180566643,29.947437515667506,29.57973303629344,29.702299118041992,315900,0.0,0.0
2007-04-19 00:00:00-04:00,29.702305046829085,30.39685878363213,29.040439968907094,29.841217041015625,503400,0.0,0.0
2007-04-20 00:00:00-04:00,29.55521741934344,29.94743760995344,29.24471418428483,29.751327514648438,385300,0.0,0.0
2007-04-23 00:00:00-04:00,29.751323507797782,30.184395883729692,29.694125387092203,30.029144287109375,374200,0.0,0.0
2007-04-24 00:00:00-04:00,28.051716546853207,28.87700594729879,26.76066612027962,27.708524703979492,1687000,0.0,0.0
2007-04-25 00:00:00-04:00,27.708523021258813,27.79840666791154,27.20190978756409,27.438875198364258,971400,0.0,0.0
2007-04-26 00:00:00-04:00,27.47973820107483,27.945496211511312,27.218260129147843,27.929153442382812,778600,0.0,0.0
2007-04-27 00:00:00-04:00,27.757565368945706,28.174295166982418,27.700367222490964,27.953672409057617,442700,0.0,0.0
2007-04-30 00:00:00-04:00,27.87195106133883,28.002690077377977,27.447048479945607,27.626815795898438,685500,0.0,0.0
2007-05-01 00:00:00-04:00,27.536932005168506,27.536932005168506,26.964947643855737,27.128372192382812,1023700,0.0,0.0
2007-05-02 00:00:00-04:00,27.177394190395315,27.749378484683938,27.103853308028725,27.520586013793945,684200,0.0,0.0
2007-05-03 00:00:00-04:00,27.504243513924127,27.79023410528976,27.438875571782127,27.692180633544922,510700,0.0,0.0
2007-05-04 00:00:00-04:00,27.692188911570515,27.7820725863154,27.479739139771823,27.71670150756836,316100,0.0,0.0
2007-05-07 00:00:00-04:00,27.692192002697155,27.692192002697155,27.373515750894743,27.61048126220703,484500,0.0,0.0
2007-05-08 00:00:00-04:00,27.5941306504819,27.904636986838312,27.438879040835726,27.888294219970703,419200,0.0,0.0
2007-05-09 00:00:00-04:00,27.733044621318346,28.06806361139178,27.69218925512688,27.945497512817383,354600,0.0,0.0
2007-05-10 00:00:00-04:00,27.961839935805173,28.321371517720117,27.65133354588591,27.71670150756836,343300,0.0,0.0
2007-05-11 00:00:00-04:00,27.798405237353926,27.888288879381072,27.536927251673205,27.741207122802734,232700,0.0,0.0
2007-05-14 00:00:00-04:00,27.7412177446488,27.888864926938655,27.560759382062006,27.683799743652344,237600,0.13,0.0
2007-05-15 00:00:00-04:00,27.724812645563976,27.733017005306714,27.199846267700195,27.199846267700195,935000,0.0,0.0
2007-05-16 00:00:00-04:00,27.167024530410437,27.60176468550019,27.167024530410437,27.536142349243164,570300,0.0,0.0
2007-05-17 00:00:00-04:00,27.42951059898383,28.044705987562782,27.191637426807922,27.970882415771484,353500,0.0,0.0
2007-05-18 00:00:00-04:00,28.011907908298493,28.282592348447647,27.82324516846989,28.085731506347656,312300,0.0,0.0
2007-05-21 00:00:00-04:00,27.938084286418302,28.315403507660324,27.806842682114702,28.233375549316406,383300,0.0,0.0
2007-05-22 00:00:00-04:00,28.159549420882907,28.56967974303468,27.929874312726607,28.553274154663086,438200,0.0,0.0
2007-05-23 00:00:00-04:00,28.668105859811547,28.946994562357087,28.47944631530215,28.71731948852539,495200,0.0,0.0
2007-05-24 00:00:00-04:00,28.709118735033496,29.234084976969665,28.143140092142115,28.208759307861328,437700,0.0,0.0
2007-05-25 00:00:00-04:00,28.27439066675464,28.610697468277966,28.192362709647355,28.438440322875977,247500,0.0,0.0
2007-05-29 00:00:00-04:00,28.47125331880126,28.47125331880126,27.89707009867208,28.06112289428711,750200,0.0,0.0
2007-05-30 00:00:00-04:00,27.872452138978918,28.167746427301523,27.69199382299387,27.94627571105957,685000,0.0,0.0
2007-05-31 00:00:00-04:00,27.970892730760422,28.528670339090546,27.913474723642324,28.09393310546875,620300,0.0,0.0
2007-06-01 00:00:00-04:00,28.05291151615886,28.92238569905999,28.03650592962639,28.659902572631836,691600,0.0,0.0
2007-06-04 00:00:00-04:00,28.545081901667235,28.553286263855448,28.1349514055828,28.446651458740234,340500,0.0,0.0
2007-06-05 00:00:00-04:00,28.46303998506601,28.504052384270253,27.47872675893679,27.798627853393555,587100,0.0,0.0
2007-06-06 00:00:00-04:00,27.79863523657642,27.79863523657642,26.724095698423568,26.765108108520508,569300,0.0,0.0
2007-06-07 00:00:00-04:00,26.765109010617692,28.06932372155432,26.043278678206836,26.07608985900879,609800,0.0,0.0
2007-06-08 00:00:00-04:00,26.076087239566917,26.174517643038648,25.805399718712025,26.06788444519043,392300,0.0,0.0
2007-06-11 00:00:00-04:00,26.125301462934505,26.560040161469402,25.953045916525205,26.38778305053711,335700,0.0,0.0
2007-06-12 00:00:00-04:00,26.338573047331572,26.363179868409823,25.953049495524677,26.07608985900879,340900,0.0,0.0
2007-06-13 00:00:00-04:00,26.174510463055256,26.27294083952635,25.903824580975815,26.051471710205078,366500,0.0,0.0
2007-06-14 00:00:00-04:00,26.051473748604884,26.56003594857344,26.035068163068505,26.37957763671875,222000,0.0,0.0
2007-06-15 00:00:00-04:00,26.691281966503933,26.896347126426587,26.330365282450604,26.33856964111328,403500,0.0,0.0
2007-06-18 00:00:00-04:00,27.97908536474101,28.668104290425802,27.478725973237776,28.5778751373291,897400,0.0,0.0
2007-06-19 00:00:00-04:00,28.577873456713775,28.88957329570492,27.380293981965167,28.397415161132812,1331500,0.0,0.0
2007-06-20 00:00:00-04:00,28.405625347575587,28.897780454111032,28.331801768690685,28.58608055114746,917300,0.0,0.0
2007-06-21 00:00:00-04:00,28.627089684575314,28.659897723043066,28.10212039150424,28.20055389404297,883200,0.0,0.0
2007-06-22 00:00:00-04:00,28.200568324693023,28.266187564252025,27.83965155545486,27.88886833190918,1022000,0.0,0.0
2007-06-25 00:00:00-04:00,27.888861748396863,27.97088656074433,27.25726068037412,27.29827308654785,1087400,0.0,0.0
2007-06-26 00:00:00-04:00,27.33928733353676,27.445918958754767,26.748698699516364,26.978370666503906,980200,0.0,0.0
2007-06-27 00:00:00-04:00,26.986571922405,27.897058456455806,26.978367565072404,27.749414443969727,820800,0.0,0.0
2007-06-28 00:00:00-04:00,27.78223327276034,28.356416476196653,27.6263848424327,28.003704071044922,335800,0.0,0.0
2007-06-29 00:00:00-04:00,28.151347775445057,28.586084957531856,27.83964782443469,28.077524185180664,294000,0.0,0.0
2007-07-02 00:00:00-04:00,28.077519296063503,28.134937286376953,27.8970609670522,28.134937286376953,378400,0.0,0.0
2007-07-03 00:00:00-04:00,28.134932861503003,28.134932861503003,27.847842955087327,27.897056579589844,183800,0.0,0.0
2007-07-05 00:00:00-04:00,27.798629858542117,28.175948964910393,27.733010640891237,28.05291175842285,343800,0.0,0.0
2007-07-06 00:00:00-04:00,27.929880315539883,28.298998310618156,27.774031886083147,28.09393310546875,315300,0.0,0.0
2007-07-09 00:00:00-04:00,28.05291539431152,28.05291539431152,27.74941982411853,27.823240280151367,326700,0.0,0.0
2007-07-10 00:00:00-04:00,27.64278066905542,27.667387483823056,27.126015655615667,27.15882682800293,511200,0.0,0.0
2007-07-11 00:00:00-04:00,27.109606368140494,27.347482641902424,26.90454126228611,27.13421630859375,367200,0.0,0.0
2007-07-12 00:00:00-04:00,27.117815376181262,27.683794038965882,27.117815376181262,27.61817169189453,410500,0.0,0.0
2007-07-13 00:00:00-04:00,27.84784841007318,28.290789891633377,27.69199689116538,27.864253997802734,343800,0.0,0.0
2007-07-16 00:00:00-04:00,27.724802039975327,28.266173801186824,27.683789644089426,28.069313049316406,437100,0.0,0.0
2007-07-17 00:00:00-04:00,28.216971964851147,29.12745879841973,28.05291918373235,28.356414794921875,481100,0.0,0.0
2007-07-18 00:00:00-04:00,28.2497711170891,28.37281144642311,27.618170142662574,27.970882415771484,331700,0.0,0.0
2007-07-19 00:00:00-04:00,28.192357397359455,28.4630449112379,27.9954965954897,28.298992156982422,436800,0.0,0.0
2007-07-20 00:00:00-04:00,28.504053976500334,28.65170112511953,27.32287991659244,27.72480583190918,831600,0.0,0.0
2007-07-23 00:00:00-04:00,27.314684208632585,27.765827026034756,27.306482977354722,27.454130172729492,382400,0.0,0.0
2007-07-24 00:00:00-04:00,27.273670667204964,27.757624647814975,26.67488067916996,26.85533905029297,900400,0.0,0.0
2007-07-25 00:00:00-04:00,27.51974214142172,31.63745067462701,27.51974214142172,30.349641799926758,2190100,0.0,0.0
2007-07-26 00:00:00-04:00,29.73444635803635,30.489084598146587,29.36532846709294,30.349641799926758,1231100,0.0,0.0
2007-07-27 00:00:00-04:00,29.94771120208381,30.849999681449045,29.94771120208381,30.423463821411133,930000,0.0,0.0
2007-07-30 00:00:00-04:00,30.612131968092683,31.16170831615988,30.202001579314327,30.923831939697266,777400,0.0,0.0
2007-07-31 00:00:00-04:00,31.169905623590964,31.555429141809093,30.981246043986346,31.415983200073242,878400,0.0,0.0
2007-08-01 00:00:00-04:00,30.85821284828157,31.41599048650011,30.18559918967337,30.497299194335938,1050200,0.0,0.0
2007-08-02 00:00:00-04:00,30.69414912850844,30.77617706320594,30.366046776855722,30.66954231262207,717000,0.0,0.0
2007-08-03 00:00:00-04:00,30.759775605791795,30.759775605791795,28.586083544697367,29.06183624267578,1330300,0.0,0.0
2007-08-06 00:00:00-04:00,29.62779303866264,29.701616570588836,28.569659919779017,28.709102630615234,977800,0.0,0.0
2007-08-07 00:00:00-04:00,28.545065752927865,29.152059920520152,27.929870356834396,28.110328674316406,1168600,0.0,0.0
2007-08-08 00:00:00-04:00,28.143144905476426,28.4466404793067,26.371381971393657,27.216249465942383,1561200,0.0,0.0
2007-08-09 00:00:00-04:00,26.494420309781844,28.5204652649748,23.959814590472114,25.87922477722168,2493800,0.0,0.0
2007-08-10 00:00:00-04:00,25.6085336709201,29.242289702847845,24.714449551036246,27.790428161621094,1855400,0.0,0.0
2007-08-13 00:00:00-04:00,28.348214690997892,29.93951953430989,28.093932713701747,28.233375549316406,980000,0.0,0.0
2007-08-14 00:00:00-04:00,28.463040460509347,28.74192916042039,27.503334032062746,27.56895637512207,581100,0.0,0.0
2007-08-15 00:00:00-04:00,27.470527203969535,28.167747420046428,26.65026665373993,26.86353302001953,698600,0.0,0.0
2007-08-16 00:00:00-04:00,26.79791163468156,27.011181137651892,25.936640216398533,26.83072280883789,1010000,0.0,0.0
2007-08-17 00:00:00-04:00,27.954490101215413,28.241580135093965,27.4213193193876,27.5279541015625,698900,0.0,0.0
2007-08-20 00:00:00-04:00,27.67560152716873,28.233376007730396,27.339294715114857,27.880666732788086,695500,0.0,0.0
2007-08-21 00:00:00-04:00,27.683793753506116,29.029020564140286,27.683793753506116,28.848562240600586,729500,0.0,0.0
2007-08-22 00:00:00-04:00,29.210819698083867,30.00119062617461,28.576875368056434,28.82386589050293,832000,0.13,0.0
2007-08-23 00:00:00-04:00,29.07086134818636,30.182320338134836,28.3134201398504,28.40398406982422,1141900,0.0,0.0
2007-08-24 00:00:00-04:00,28.403980404187795,29.34254621069099,28.0911240884685,28.428678512573242,1135700,0.0,0.0
2007-08-27 00:00:00-04:00,28.88149911132317,29.54014153002936,28.618039003185906,29.103788375854492,630900,0.0,0.0
2007-08-28 00:00:00-04:00,28.848562233764046,29.383707751255123,28.412209139660074,28.914424896240234,791300,0.0,0.0
2007-08-29 00:00:00-04:00,29.07086448259217,29.507214584252978,28.667444153027247,29.227291107177734,444900,0.0,0.0
2007-08-30 00:00:00-04:00,29.013232853901247,29.498982314615077,28.74154104032072,28.93090057373047,394300,0.0,0.0
2007-08-31 00:00:00-04:00,29.474279256314503,29.77066916547856,29.227288712229512,29.614242553710938,285100,0.0,0.0
2007-09-04 00:00:00-04:00,29.43310768646028,29.7788937377801,29.02145583070559,29.416641235351562,374600,0.0,0.0
2007-09-05 00:00:00-04:00,29.120251178733604,29.359010007041235,28.79916323615305,28.99675750732422,384700,0.0,0.0
2007-09-06 00:00:00-04:00,29.02145620924477,29.1778827858363,28.56040499415024,28.733301162719727,331400,0.0,0.0
2007-09-07 00:00:00-04:00,28.403979471436696,28.790933240259935,28.15698897372903,28.478076934814453,313900,0.0,0.0
2007-09-10 00:00:00-04:00,28.626281591253804,28.626281591253804,27.5312857203477,27.753578186035156,448300,0.0,0.0
2007-09-11 00:00:00-04:00,27.868830014273474,27.90999771331189,27.588906620346496,27.62183952331543,913300,0.0,0.0
2007-09-12 00:00:00-04:00,27.687711407075973,27.819439907213393,27.078465131030914,27.374855041503906,578100,0.0,0.0
2007-09-13 00:00:00-04:00,27.580681513373012,27.64654733494931,27.053767503383558,27.152563095092773,717000,0.0,0.0
2007-09-14 00:00:00-04:00,26.97966306046374,27.201955439922923,26.73267257461612,27.1196231842041,641700,0.0,0.0
2007-09-17 00:00:00-04:00,27.243128642082272,27.58891480386086,26.68328168816468,27.004369735717773,700900,0.0,0.0
2007-09-18 00:00:00-04:00,27.119627644424007,27.901766928787744,26.930268136109408,27.811203002929688,722100,0.0,0.0
2007-09-19 00:00:00-04:00,28.609813810460395,28.68391129559572,27.92646998747289,27.98410415649414,652000,0.0,0.0
2007-09-20 00:00:00-04:00,28.074668664132062,28.354592184859005,27.588919117595776,28.280494689941406,655400,0.0,0.0
2007-09-21 00:00:00-04:00,28.371046502931083,28.708600915181922,27.72063578594753,27.852367401123047,668300,0.0,0.0
2007-09-24 00:00:00-04:00,27.95939604413851,28.124057430796523,27.745338439941406,27.745338439941406,484400,0.0,0.0
2007-09-25 00:00:00-04:00,27.498347930281756,27.802969454173503,27.012598567000722,27.745338439941406,513100,0.0,0.0
2007-09-26 00:00:00-04:00,27.720631165120583,27.95115831259597,27.49834195320231,27.827661514282227,330700,0.0,0.0
2007-09-27 00:00:00-04:00,28.05819509528762,28.165222328335748,27.654774850195036,27.89353370666504,317500,0.0,0.0
2007-09-28 00:00:00-04:00,27.992322865149205,28.379276568588505,27.737097614272685,27.827661514282227,338100,0.0,0.0
2007-10-01 00:00:00-04:00,27.827667798253707,28.93089501534012,27.761805127426406,28.88973045349121,339500,0.0,0.0
2007-10-02 00:00:00-04:00,28.76622919051124,29.177881026818437,27.975858418558452,28.222848892211914,350900,0.0,0.0
2007-10-03 00:00:00-04:00,28.14051813402122,28.807395200439103,27.802963773634065,27.97585678100586,502200,0.0,0.0
2007-10-04 00:00:00-04:00,28.115827229549943,28.428680425667864,27.959397490836093,28.198156356811523,252500,0.0,0.0
2007-10-05 00:00:00-04:00,28.214619538734713,28.939127709113993,28.124055624855487,28.766231536865234,184100,0.0,0.0
2007-10-08 00:00:00-04:00,28.81563217811692,29.120253696045136,28.57687332916969,28.799165725708008,148600,0.0,0.0
2007-10-09 00:00:00-04:00,28.79094270500367,28.96383579617051,28.379290693279422,28.519250869750977,265300,0.0,0.0
2007-10-10 00:00:00-04:00,28.519232157088055,28.519232157088055,28.181677854583914,28.231077194213867,293900,0.0,0.0
2007-10-11 00:00:00-04:00,28.37105341884661,28.963833269018096,27.844139392318777,28.15699577331543,323700,0.0,0.0
2007-10-12 00:00:00-04:00,28.22285873168982,28.403986607821878,27.96763651421868,28.37105369567871,193500,0.0,0.0
2007-10-15 00:00:00-04:00,28.56041480940858,28.955600355021165,28.24756154870833,28.552183151245117,288400,0.0,0.0
2007-10-16 00:00:00-04:00,28.412208954378517,28.412208954378517,26.81500092673077,27.127857208251953,714200,0.0,0.0
2007-10-17 00:00:00-04:00,27.267827790326436,27.44072401842752,26.510389612571373,26.559785842895508,710900,0.0,0.0
2007-10-18 00:00:00-04:00,26.181067690291123,26.181067690291123,24.839082803907434,25.193103790283203,921000,0.0,0.0
2007-10-19 00:00:00-04:00,25.21779888891401,25.604752744153323,25.119003295898438,25.119003295898438,447800,0.0,0.0
2007-10-22 00:00:00-04:00,24.839074910037944,26.403351765668443,24.839074910037944,26.205759048461914,951600,0.0,0.0
2007-10-23 00:00:00-04:00,26.617415576456064,26.658580141750583,26.106964916707998,26.36219024658203,512800,0.0,0.0
2007-10-24 00:00:00-04:00,27.802968829650315,27.88529795080264,26.164594507547225,27.778270721435547,1495900,0.0,0.0
2007-10-25 00:00:00-04:00,27.910009380542313,28.609816587573146,27.65478398682284,28.49455451965332,1342800,0.0,0.0
2007-10-26 00:00:00-04:00,28.55217564907359,28.758001596289716,27.753569968865506,28.412212371826172,559500,0.0,0.0
2007-10-29 00:00:00-04:00,28.33812172412275,28.906203485154155,28.33812172412275,28.585115432739258,388400,0.0,0.0
2007-10-30 00:00:00-04:00,28.576877929778842,29.037929249489327,28.28872281786927,28.659210205078125,394500,0.0,0.0
2007-10-31 00:00:00-04:00,28.42044435206654,29.630701806772542,28.42044435206654,29.391942977905273,599400,0.0,0.0
2007-11-01 00:00:00-04:00,28.980293070696803,29.515438631976416,28.35458045237482,28.626272201538086,561500,0.0,0.0
2007-11-02 00:00:00-04:00,28.865034724512306,29.18612273032501,28.40398342808726,28.66744041442871,741400,0.0,0.0
2007-11-05 00:00:00-05:00,28.543947720866196,28.815639544082167,28.34635652275955,28.585115432739258,316500,0.0,0.0
2007-11-06 00:00:00-05:00,28.30519553700112,29.227295239831893,28.264030960569148,29.21082878112793,285400,0.0,0.0
2007-11-07 00:00:00-05:00,28.856796820850427,28.947360739029584,27.984096825279686,28.033493041992188,639700,0.0,0.0
2007-11-08 00:00:00-05:00,28.066430971258086,28.922667808308308,27.580681529148368,28.856801986694336,618200,0.0,0.0
2007-11-09 00:00:00-05:00,28.601579779578284,29.15319190264674,28.255790497415404,28.856801986694336,664900,0.0,0.0
2007-11-12 00:00:00-05:00,28.65097412247916,29.326083046384813,28.27225509505014,28.46161460876465,404400,0.0,0.0
2007-11-13 00:00:00-05:00,28.601571067345827,29.43310639767189,28.24755023564596,29.38370704650879,406300,0.0,0.0
2007-11-14 00:00:00-05:00,29.52366708637084,29.770657533955607,29.153179844666717,29.219045639038086,383100,0.0,0.0
2007-11-15 00:00:00-05:00,29.021455710971896,29.754195508687477,28.815629783943727,29.622467041015625,782000,0.0,0.0
2007-11-16 00:00:00-05:00,29.688341848024827,29.885933039123977,28.766239154044275,28.93090057373047,601800,0.0,0.0
2007-11-19 00:00:00-05:00,28.55216810975169,29.424871026142835,28.222845424903063,28.6756649017334,451900,0.0,0.0
2007-11-20 00:00:00-05:00,28.70861205504908,28.897971614359648,26.600955644875274,27.201967239379883,1139600,0.0,0.0
2007-11-21 00:00:00-05:00,26.749141637179925,27.43248215275883,26.485681533813477,26.485681533813477,570200,0.0,0.0
2007-11-23 00:00:00-05:00,26.732674648902865,27.58067653435257,26.732674648902865,27.47364616394043,192800,0.0,0.0
2007-11-26 00:00:00-05:00,27.53951106369022,28.107589520514544,26.444515568753193,26.592710494995117,532400,0.0,0.0
2007-11-27 00:00:00-05:00,26.584479428615396,27.704173055858668,26.584479428615396,27.42424964904785,522300,0.0,0.0
2007-11-28 00:00:00-05:00,27.42425754351823,28.585116065210048,27.366626514407365,28.552183151245117,585200,0.0,0.0
2007-11-29 00:00:00-05:00,28.115822063088867,28.255782181845973,27.60537151776995,27.77003288269043,600300,0.0,0.0
2007-11-30 00:00:00-05:00,28.132290052930202,28.40398182134434,27.547745093842302,27.8606014251709,645200,0.0,0.0
2007-12-03 00:00:00-05:00,27.844132982382167,28.124056387116447,27.070228576660156,27.070228576660156,574700,0.0,0.0
2007-12-04 00:00:00-05:00,26.93027583158216,27.99233885360884,26.839711879844963,27.79474449157715,867500,0.0,0.0
2007-12-05 00:00:00-05:00,28.033493845568636,28.412212840942235,27.621841944339568,27.89353370666504,465500,0.0,0.0
2007-12-06 00:00:00-05:00,27.893533466264795,28.947361319319278,27.893533466264795,28.865032196044922,517300,0.0,0.0
2007-12-07 00:00:00-05:00,28.69214149124263,29.243756772613768,28.618044009883977,29.13672637939453,387600,0.0,0.0
2007-12-10 00:00:00-05:00,28.930899711385045,30.05059356308995,28.930899711385045,29.894166946411133,747100,0.0,0.0
2007-12-11 00:00:00-05:00,29.927094326664715,30.05059116304884,28.585111283942638,28.66744041442871,592800,0.0,0.0
2007-12-12 00:00:00-05:00,29.186127413574315,29.86123644198516,28.379289870855395,28.75800895690918,512100,0.0,0.0
2007-12-13 00:00:00-05:00,28.535719677544847,29.424889603623562,28.06643659677748,29.21082878112793,529900,0.0,0.0
2007-12-14 00:00:00-05:00,28.543947720866196,29.062630112043205,28.543947720866196,28.585115432739258,348000,0.0,0.0
2007-12-17 00:00:00-05:00,29.301392059427087,30.7586406443088,29.169663533482424,29.30962371826172,982500,0.0,0.0
2007-12-18 00:00:00-05:00,29.416642755692028,30.289345865631475,28.85679595167873,29.968257904052734,578700,0.0,0.0
2007-12-19 00:00:00-05:00,29.721261597348832,30.40460515939189,29.655398936076633,30.10821533203125,653900,0.0,0.0
2007-12-20 00:00:00-05:00,29.927096273003244,31.260850886335792,29.927096273003244,31.162052154541016,745800,0.0,0.0
2007-12-21 00:00:00-05:00,31.359645177309513,32.059452224904945,31.170285660203163,32.018287658691406,703400,0.0,0.0
2007-12-24 00:00:00-05:00,31.99357506883261,32.75924758839898,31.828913737838633,32.685150146484375,407800,0.0,0.0
2007-12-26 00:00:00-05:00,32.652103796769254,34.668072610039474,32.02417696603744,34.28801345825195,958300,0.14,0.0
2007-12-27 00:00:00-05:00,34.10625379711403,34.35412154240796,33.131316997717086,33.263511657714844,610700,0.0,0.0
2007-12-28 00:00:00-05:00,33.83360386833527,34.10625397712056,33.131317172578086,33.883174896240234,469100,0.0,0.0
2007-12-31 00:00:00-05:00,34.131031146229866,34.6432848899073,33.841853256523116,34.2219123840332,500800,0.0,0.0
2008-01-02 00:00:00-05:00,34.21365242452245,34.8828894578787,32.957801964762275,33.50310516357422,968600,0.0,0.0
2008-01-03 00:00:00-05:00,33.41223069891003,33.66835922890799,32.87519127711785,32.89171600341797,801300,0.0,0.0
2008-01-04 00:00:00-05:00,33.065222596824675,33.065222596824675,31.39626297619363,31.528457641601562,946300,0.0,0.0
2008-01-07 00:00:00-05:00,31.454101484994066,32.34641794074103,31.032731926515638,32.20595932006836,940700,0.0,0.0
2008-01-08 00:00:00-05:00,32.552950571381714,32.61904629146896,30.016464671650763,30.049510955810547,894600,0.0,0.0
2008-01-09 00:00:00-05:00,29.752098292333976,30.33871526063619,29.586857272072383,30.231306076049805,515300,0.0,0.0
2008-01-10 00:00:00-05:00,30.156924438877883,30.247808825031377,29.363756771704352,29.719030380249023,811400,0.0,0.0
2008-01-11 00:00:00-05:00,29.578589512726705,29.859503623396595,28.64496274024,28.78542137145996,673400,0.0,0.0
2008-01-14 00:00:00-05:00,28.90935171089332,29.851239156581332,28.843252798045917,29.272886276245117,452800,0.0,0.0
2008-01-15 00:00:00-05:00,28.711049702920317,29.380286816243828,28.529280897673967,28.768884658813477,477500,0.0,0.0
2008-01-16 00:00:00-05:00,28.65322238891592,29.1489516150035,28.554077174052313,28.975446701049805,833800,0.0,0.0
2008-01-17 00:00:00-05:00,29.091120909245628,29.495968919602355,27.141246870995307,27.339540481567383,747500,0.0,0.0
2008-01-18 00:00:00-05:00,27.513035725386395,28.554071298432014,27.298220612089864,27.686540603637695,664400,0.0,0.0
2008-01-22 00:00:00-05:00,26.96772823655588,28.62016259567591,21.903017619242053,27.66175079345703,588100,0.0,0.0
2008-01-23 00:00:00-05:00,26.653769670721825,29.066325912490445,26.405905102152804,28.777151107788086,682800,0.0,0.0
2008-01-24 00:00:00-05:00,29.140689747867903,29.776877560575123,28.388831996808353,28.727581024169922,640400,0.0,0.0
2008-01-25 00:00:00-05:00,29.16548086857731,29.942127435540037,28.90935542778751,29.48770523071289,596400,0.0,0.0
2008-01-28 00:00:00-05:00,29.652950271574543,29.72730998443351,28.68627715617808,29.033287048339844,521200,0.0,0.0
2008-01-29 00:00:00-05:00,29.305927585287062,29.776871177203386,29.000224926011107,29.586841583251953,676900,0.0,0.0
2008-01-30 00:00:00-05:00,29.743835512481713,30.115634086741778,29.44639665307366,29.529020309448242,509500,0.0,0.0
2008-01-31 00:00:00-05:00,29.16548178198086,30.884015969551676,29.16548178198086,30.68572235107422,577000,0.0,0.0
2008-02-01 00:00:00-05:00,30.768333468225343,31.255801798593996,29.89254200044318,30.429584503173828,643100,0.0,0.0
2008-02-04 00:00:00-05:00,30.239564483603925,30.56179201197289,29.487706554283367,30.206518173217773,588200,0.0,0.0
2008-02-05 00:00:00-05:00,29.760355081401734,30.206513293121354,28.975447816732697,29.215051651000977,436500,0.0,0.0
2008-02-06 00:00:00-05:00,32.98259757653561,32.98259757653561,30.049526394080946,30.669189453125,1174700,0.0,0.0
2008-02-07 00:00:00-05:00,30.27260849781714,30.87574689066191,29.801664778037388,30.156938552856445,604800,0.0,0.0
2008-02-08 00:00:00-05:00,29.950371273877504,30.570034127819795,29.206774588439448,29.289398193359375,529500,0.0,0.0
2008-02-11 00:00:00-05:00,29.28941248282062,30.330445198555534,28.942399476395785,30.08258056640625,512100,0.0,0.0
2008-02-12 00:00:00-05:00,30.363485781899474,30.900528287729056,30.223030353716617,30.842693328857422,508800,0.0,0.0
2008-02-13 00:00:00-05:00,31.189701468165524,31.255800361609293,30.79311756280904,31.007932662963867,403100,0.0,0.0
2008-02-14 00:00:00-05:00,31.30537585191326,32.64384711766382,30.67745203334175,31.77631950378418,1405500,0.0,0.0
2008-02-15 00:00:00-05:00,31.586302339906457,31.726760988036595,31.01621326069337,31.602827072143555,581300,0.0,0.0
2008-02-19 00:00:00-05:00,31.809365353012623,33.098265447407826,31.445830883614963,32.51991271972656,1157500,0.0,0.0
2008-02-20 00:00:00-05:00,32.272039932840485,32.29682543640852,31.50365780455133,31.825881958007812,501700,0.0,0.0
2008-02-21 00:00:00-05:00,31.809368398840284,32.445556145029386,31.338424755206777,31.544979095458984,544200,0.0,0.0
2008-02-22 00:00:00-05:00,31.611087862376902,31.792856765214584,31.231028476234844,31.602827072143555,308800,0.0,0.0
2008-02-25 00:00:00-05:00,31.553237605025114,32.222474753778855,31.189703127055175,31.941560745239258,502700,0.0,0.0
2008-02-26 00:00:00-05:00,31.85068160984223,32.420773659289445,31.693701431233112,32.33815002441406,914400,0.0,0.0
2008-02-27 00:00:00-05:00,31.96635154689836,32.949552315414266,31.867206336817308,32.33815002441406,837200,0.0,0.0
2008-02-28 00:00:00-05:00,31.89200262523874,32.52819064573563,31.78459659127065,32.115081787109375,538300,0.0,0.0
2008-02-29 00:00:00-05:00,31.93329708217474,32.395976712132665,31.016195455981578,31.09881591796875,1185100,0.0,0.0
2008-03-03 00:00:00-05:00,30.90052472310607,31.173174761795845,29.537265074351666,29.77686882019043,1562500,0.0,0.0
2008-03-04 00:00:00-05:00,29.628159936276425,30.346968275917966,29.39682004576412,29.611635208129883,1418300,0.0,0.0
2008-03-05 00:00:00-05:00,29.58685319736644,29.983437264563424,29.215054649441143,29.45465850830078,872500,0.0,0.0
2008-03-06 00:00:00-05:00,29.289418811166662,29.628167950374635,28.917620206726088,29.347253799438477,1107500,0.0,0.0
2008-03-07 00:00:00-05:00,29.2480921810925,29.661200809911495,28.496234602712672,28.768884658813477,729000,0.0,0.0
2008-03-10 00:00:00-04:00,28.777148489630356,28.95065335666622,27.61217913498432,27.67001724243164,730500,0.0,0.0
2008-03-11 00:00:00-04:00,28.256644244869968,28.942403255073675,28.256644244869968,28.51276969909668,1209600,0.0,0.0
2008-03-12 00:00:00-04:00,28.463187614348833,29.73556305743093,28.463187614348833,29.33071517944336,1158500,0.0,0.0
2008-03-13 00:00:00-04:00,28.644962492032356,29.6612129069515,28.438408093381636,29.45465850830078,703600,0.0,0.0
2008-03-14 00:00:00-04:00,29.61989492518527,29.71077935081981,28.380568724938698,28.82672691345215,1108000,0.0,0.0
2008-03-17 00:00:00-04:00,28.471457850030394,28.91761611218607,27.901368838455937,28.570606231689453,787700,0.0,0.0
2008-03-18 00:00:00-04:00,28.752376015593907,29.628167933125095,28.752376015593907,29.553808212280273,578100,0.0,0.0
2008-03-19 00:00:00-04:00,29.47943859225489,30.14041191571521,29.190263748168945,29.190263748168945,542300,0.0,0.0
2008-03-20 00:00:00-04:00,29.62814935402454,29.917324113880706,28.917602056356813,29.231565475463867,771100,0.0,0.0
2008-03-24 00:00:00-04:00,29.289413007816115,30.603099048701147,29.23983881978975,30.099105834960938,761900,0.0,0.0
2008-03-25 00:00:00-04:00,29.942125169710987,31.189712273887782,29.7355707837912,31.123613357543945,533900,0.0,0.0
2008-03-26 00:00:00-04:00,31.032365726111724,31.173348195077722,30.23623947961684,30.592838287353516,309200,0.14,0.0
2008-03-27 00:00:00-04:00,29.854773357770224,30.186494327155696,28.411791253526722,29.56451988220215,1099900,0.0,0.0
2008-03-28 00:00:00-04:00,29.448419114968615,29.639160753182743,28.60253654496956,28.677173614501953,839200,0.0,0.0
2008-03-31 00:00:00-04:00,28.818165506632504,30.086993076322376,28.818165506632504,29.829912185668945,758200,0.0,0.0
2008-04-01 00:00:00-04:00,30.103579901087276,30.99093036897363,30.02065119257596,30.8167781829834,830400,0.0,0.0
2008-04-02 00:00:00-04:00,30.742134875746117,31.79534571163078,30.59286069972928,31.54655647277832,859500,0.0,0.0
2008-04-03 00:00:00-04:00,31.355817950873874,31.65436313938074,30.858236309642145,31.54655647277832,500500,0.0,0.0
2008-04-04 00:00:00-04:00,31.59631382475305,31.911448561833566,31.248009507606383,31.364110946655273,533900,0.0,0.0
2008-04-07 00:00:00-04:00,31.704112486587835,31.704112486587835,31.024087300216777,31.098724365234375,411900,0.0,0.0
2008-04-08 00:00:00-04:00,31.057260425796326,31.057260425796326,30.41869956444611,30.833349227905273,365200,0.0,0.0
2008-04-09 00:00:00-04:00,30.83336317735382,31.256304633475462,30.211388400774915,30.327489852905273,347300,0.0,0.0
2008-04-10 00:00:00-04:00,28.97572862978785,30.136749405104837,28.320584310621413,29.87966537475586,773100,0.0,0.0
2008-04-11 00:00:00-04:00,29.680630307386885,29.838196075869835,28.41179990224483,28.917673110961914,1115600,0.0,0.0
2008-04-14 00:00:00-04:00,28.71863130899617,28.776681998149915,28.196171943087176,28.320568084716797,532200,0.0,0.0
2008-04-15 00:00:00-04:00,28.362051963663152,28.62742762946711,27.856178612122026,27.99715805053711,564700,0.0,0.0
2008-04-16 00:00:00-04:00,28.171305447934344,29.124997989057334,28.030322885795634,28.917673110961914,724100,0.0,0.0
2008-04-17 00:00:00-04:00,28.859613065551788,28.9425448880874,28.320570454935314,28.70204734802246,468600,0.0,0.0
2008-04-18 00:00:00-04:00,28.088363407264566,29.299142660314356,28.088363407264566,28.834733963012695,343700,0.0,0.0
2008-04-21 00:00:00-04:00,28.668878633784008,29.116701047612477,28.668878633784008,28.892789840698242,510500,0.0,0.0
2008-04-22 00:00:00-04:00,28.925967888430787,29.17475710953261,28.022031293057122,28.063495635986328,583100,0.0,0.0
2008-04-23 00:00:00-04:00,27.275650257584406,27.922502623052686,20.873460985239163,26.78636360168457,1914400,0.0,0.0
2008-04-24 00:00:00-04:00,26.778076712658173,27.342000522516965,25.849260746697286,27.126380920410156,847800,0.0,0.0
2008-04-25 00:00:00-04:00,27.27565905592046,27.673722421806584,26.89418205905373,27.557621002197266,665500,0.0,0.0
2008-04-28 00:00:00-04:00,27.46639251039734,28.096661763285226,27.06832921761197,27.963973999023438,883900,0.0,0.0
2008-04-29 00:00:00-04:00,27.96397936276196,28.337161596403885,27.35859112447836,27.972270965576172,563000,0.0,0.0
2008-04-30 00:00:00-04:00,28.022028531025647,28.31228206644742,27.482982635498047,27.482982635498047,668900,0.0,0.0
2008-05-01 00:00:00-04:00,27.75665749946598,28.146426144471963,27.28395699970473,27.856172561645508,790400,0.0,0.0
2008-05-02 00:00:00-04:00,27.889348623572296,28.503028604181463,27.30054345706069,27.897640228271484,775200,0.0,0.0
2008-05-05 00:00:00-04:00,27.939099222118582,27.939099222118582,27.035162633913018,27.184436798095703,426700,0.0,0.0
2008-05-06 00:00:00-04:00,27.093210220336914,27.408344882088596,26.943939236903166,27.093210220336914,429000,0.0,0.0
2008-05-07 00:00:00-04:00,27.17614841429986,27.22590752943079,26.355141995801134,26.421485900878906,853600,0.0,0.0
2008-05-08 00:00:00-04:00,26.37172218490917,26.943940836740705,26.02341634857581,26.695148468017578,637300,0.0,0.0
2008-05-09 00:00:00-04:00,26.50441074299013,27.15126649155185,26.20586400442126,27.051748275756836,340200,0.0,0.0
2008-05-12 00:00:00-04:00,27.184433439705874,27.82299436014861,26.728319400397112,27.78982162475586,381100,0.0,0.0
2008-05-13 00:00:00-04:00,27.69860759299941,28.527907183645773,27.69860759299941,28.42009735107422,525400,0.0,0.0
2008-05-14 00:00:00-04:00,28.444970968805496,29.224514489247234,28.212768131325692,28.237646102905273,719100,0.0,0.0
2008-05-15 00:00:00-04:00,27.690305912832887,29.19133893605043,27.690305912832887,29.008892059326172,493000,0.0,0.0
2008-05-16 00:00:00-04:00,29.738670230074124,29.738670230074124,28.52789414054977,28.834733963012695,390400,0.0,0.0
2008-05-19 00:00:00-04:00,28.83473918664031,29.199629766927906,28.461553841160942,28.635705947875977,403300,0.0,0.0
2008-05-20 00:00:00-04:00,28.619112517291708,28.619112517291708,27.706884709964417,28.138120651245117,555300,0.0,0.0
2008-05-21 00:00:00-04:00,27.96398508180587,28.22936071550403,27.623972353409656,27.74836540222168,535800,0.0,0.0
2008-05-22 00:00:00-04:00,27.74835976722856,27.92251189831574,27.10150718688965,27.10150718688965,581000,0.0,0.0
2008-05-23 00:00:00-04:00,27.151267171676704,27.151267171676704,26.645393967722832,26.811254501342773,433900,0.0,0.0
2008-05-27 00:00:00-04:00,26.902469716772757,27.45810192510096,26.695144879722495,27.126380920410156,655500,0.0,0.0
2008-05-28 00:00:00-04:00,27.259649606029303,27.509508273879067,27.026448606319565,27.35959243774414,339100,0.14,0.0
2008-05-29 00:00:00-04:00,27.20966675365679,27.651086856791732,26.984796257966767,27.259639739990234,261000,0.0,0.0
2008-05-30 00:00:00-04:00,27.20134566893408,27.259645910958863,26.401796769344294,26.83488655090332,827600,0.0,0.0
2008-06-02 00:00:00-04:00,27.54281237900807,27.54281237900807,26.801563923225494,27.151365280151367,422500,0.0,0.0
2008-06-03 00:00:00-04:00,27.401234240021523,28.267410618353075,27.143045186820604,27.4428768157959,1160300,0.0,0.0
2008-06-04 00:00:00-04:00,27.5345005230216,28.092518192922615,27.134725958661363,27.392911911010742,529700,0.0,0.0
2008-06-05 00:00:00-04:00,27.342929699199505,27.85097412716342,26.851539757226742,27.009782791137695,941500,0.0,0.0
2008-06-06 00:00:00-04:00,26.60168049875492,26.85986793175107,26.060319137222773,26.143604278564453,1195500,0.0,0.0
2008-06-09 00:00:00-04:00,26.17692744687828,26.210241195681167,25.027573724768448,25.71885108947754,1595000,0.0,0.0
2008-06-10 00:00:00-04:00,25.485639806941855,26.218559459298785,25.33572402636469,26.12694549560547,1126700,0.0,0.0
2008-06-11 00:00:00-04:00,25.918737238274993,26.076980308599556,25.28576019128908,25.42734718322754,742800,0.0,0.0
2008-06-12 00:00:00-04:00,25.568938813543024,26.26021623168904,25.18582034703646,25.77715492248535,672900,0.0,0.0
2008-06-13 00:00:00-04:00,26.01034593166908,26.6183363543986,25.7854722393514,26.201904296875,436200,0.0,0.0
2008-06-16 00:00:00-04:00,26.176919045426324,26.39346390311477,25.93538769273306,26.13527488708496,418300,0.0,0.0
2008-06-17 00:00:00-04:00,26.185251811434824,26.185251811434824,25.76881969682545,25.952049255371094,448800,0.0,0.0
2008-06-18 00:00:00-04:00,25.643890157800115,25.868762290431878,24.985926659912455,25.702190399169922,551200,0.0,0.0
2008-06-19 00:00:00-04:00,25.68552945191356,25.68552945191356,24.90263673846053,25.435670852661133,474600,0.0,0.0
2008-06-20 00:00:00-04:00,25.07754683959483,25.902082380217458,24.69442840104214,25.135847091674805,944600,0.0,0.0
2008-06-23 00:00:00-04:00,25.294091621194514,25.727179886378057,24.994259939591302,25.285762786865234,406000,0.0,0.0
2008-06-24 00:00:00-04:00,24.99425697967804,25.310744703897438,24.652782755429797,25.027570724487305,496100,0.0,0.0
2008-06-25 00:00:00-04:00,25.21080063430542,25.3773725272403,24.752724354468985,25.16082763671875,514100,0.0,0.0
2008-06-26 00:00:00-04:00,25.08586857648501,25.18581138361331,24.56949211111452,24.594478607177734,502100,0.0,0.0
2008-06-27 00:00:00-04:00,24.619466224448914,24.744395541390922,23.953175475049907,24.302978515625,1128500,0.0,0.0
2008-06-30 00:00:00-04:00,23.60337409915183,24.47788096798475,23.60337409915183,24.119749069213867,433000,0.0,0.0
2008-07-01 00:00:00-04:00,24.028139811432585,25.735511306410416,23.73663693487072,25.45233726501465,1236200,0.0,0.0
2008-07-02 00:00:00-04:00,25.593915896423148,25.61057356129522,23.83657355504123,23.94484519958496,1255600,0.0,0.0
2008-07-03 00:00:00-04:00,24.094762456521938,24.80269737057038,23.48677194915899,24.61113739013672,632100,0.0,0.0
2008-07-07 00:00:00-04:00,24.827683956238076,25.12751560796531,23.5867163589574,23.719974517822266,838500,0.0,0.0
2008-07-08 00:00:00-04:00,23.728307726523095,24.711088020785738,23.203603827814202,24.494543075561523,807100,0.0,0.0
2008-07-09 00:00:00-04:00,24.744394628958112,25.1774843943788,23.97816108968482,24.22801971435547,626900,0.0,0.0
2008-07-10 00:00:00-04:00,24.253007426835186,25.11918541249226,23.645015322846955,24.644453048706055,735200,0.0,0.0
2008-07-11 00:00:00-04:00,24.336287254768468,24.60280508828893,23.645010148696983,23.97815704345703,614100,0.0,0.0
2008-07-14 00:00:00-04:00,24.336291917013686,24.652781209955002,23.95317513863069,24.511194229125977,842500,0.0,0.0
2008-07-15 00:00:00-04:00,24.352944917218895,24.611132330952017,23.703310378711354,23.97815704345703,782100,0.0,0.0
2008-07-16 00:00:00-04:00,24.003149435754555,25.28576125039799,24.003149435754555,25.110858917236328,751800,0.0,0.0
2008-07-17 00:00:00-04:00,25.71884442038159,27.875964298564956,25.202469533616497,27.342931747436523,1240300,0.0,0.0
2008-07-18 00:00:00-04:00,27.559472250646596,27.759361025724072,26.72660817921832,27.576129913330078,912500,0.0,0.0
2008-07-21 00:00:00-04:00,26.8681966212405,28.575570704766314,26.8681966212405,27.509502410888672,706900,0.0,0.0
2008-07-22 00:00:00-04:00,27.309613544728066,27.942588838299507,27.051424539954247,27.484514236450195,1232000,0.0,0.0
2008-07-23 00:00:00-04:00,27.959250264063094,31.79042422061482,27.959250264063094,31.390649795532227,2756600,0.0,0.0
2008-07-24 00:00:00-04:00,31.398980380424252,31.432295710302885,28.192451364912085,28.34236717224121,1601100,0.0,0.0
2008-07-25 00:00:00-04:00,28.21744663938222,30.008103185351356,27.234666397468708,29.525043487548828,826500,0.0,0.0
2008-07-28 00:00:00-04:00,29.41676009292136,29.458402662970837,28.64219621692822,28.933700561523438,738400,0.0,0.0
2008-07-29 00:00:00-04:00,29.041966352889325,29.94146098435801,28.692165003178598,29.899818420410156,709800,0.0,0.0
2008-07-30 00:00:00-04:00,30.541119604349838,30.70769303022658,29.316811754972047,30.18299102783203,721000,0.0,0.0
2008-07-31 00:00:00-04:00,29.891486950549343,30.182991242184798,29.258511740271086,29.733243942260742,1013500,0.0,0.0
2008-08-01 00:00:00-04:00,29.73325055762658,30.232967772864175,29.17522992939085,29.56667709350586,462400,0.0,0.0
2008-08-04 00:00:00-04:00,29.616659079492116,29.808217509407392,29.166911542929892,29.525043487548828,449200,0.0,0.0
2008-08-05 00:00:00-04:00,30.38288667981941,30.607760402809326,29.883169413480648,30.199655532836914,646800,0.0,0.0
2008-08-06 00:00:00-04:00,30.207975929720195,30.557777264649896,29.63330094642547,30.18299102783203,684300,0.0,0.0
2008-08-07 00:00:00-04:00,29.974772909710605,30.307916560666513,29.483383085711296,30.06638526916504,426000,0.0,0.0
2008-08-08 00:00:00-04:00,30.149681758239325,31.199089150767154,30.124693674212235,31.04917335510254,674700,0.0,0.0
2008-08-11 00:00:00-04:00,31.23240168369875,32.806514220217295,31.007528010321213,32.5483283996582,1031900,0.0,0.0
2008-08-12 00:00:00-04:00,32.26515740802112,32.80651717976801,31.74045212280534,32.540000915527344,753400,0.0,0.0
2008-08-13 00:00:00-04:00,32.36510148233784,32.6232873363157,31.299036383559212,31.64051055908203,825300,0.0,0.0
2008-08-14 00:00:00-04:00,31.490603406715852,32.731569555898936,31.3073722261148,32.03196334838867,680100,0.0,0.0
2008-08-15 00:00:00-04:00,32.20684461633067,34.66379369026023,32.20684461633067,34.14741897583008,1274900,0.0,0.0
2008-08-18 00:00:00-04:00,32.873150438516085,33.073036063968765,31.457280686873215,31.88204002380371,724100,0.0,0.0
2008-08-19 00:00:00-04:00,31.6904806087414,31.740453602037146,30.815973877375928,31.165775299072266,519300,0.0,0.0
2008-08-20 00:00:00-04:00,31.241013393758056,31.374771957281485,30.413383278536752,31.073814392089844,567700,0.14,0.0
2008-08-21 00:00:00-04:00,30.83973254722201,31.709164659295432,30.4050164911853,31.60048484802246,466000,0.0,0.0
2008-08-22 00:00:00-04:00,31.99340207960158,31.99340207960158,31.082171017896773,31.87636375427246,552800,0.0,0.0
2008-08-25 00:00:00-04:00,31.734251327455834,31.834572650213104,31.015297792975232,31.257736206054688,462600,0.0,0.0
2008-08-26 00:00:00-04:00,31.27444999700293,31.391488327102625,30.338140167150048,30.806293487548828,333600,0.0,0.0
2008-08-27 00:00:00-04:00,30.93170749151017,31.34970353869274,30.697630725586095,31.123985290527344,291900,0.0,0.0
2008-08-28 00:00:00-04:00,31.249378507538164,31.767692599114334,31.057100750809198,31.633934020996094,307700,0.0,0.0
2008-08-29 00:00:00-04:00,31.500172547472964,31.709170505888228,30.806297794787522,30.931697845458984,387600,0.0,0.0
2008-09-02 00:00:00-04:00,31.190865880171526,32.436492302577584,31.190865880171526,31.608861923217773,465000,0.0,0.0
2008-09-03 00:00:00-04:00,31.650658272611988,32.77924621989458,31.50853797141827,32.428131103515625,614300,0.0,0.0
2008-09-04 00:00:00-04:00,32.3696132943303,32.37797181167066,30.881545272274362,31.24102210998535,517400,0.0,0.0
2008-09-05 00:00:00-04:00,30.83138110736473,31.032017370611186,30.012109456153922,30.9400577545166,678500,0.0,0.0
2008-09-08 00:00:00-04:00,31.14068794194252,32.327794515291664,31.14068794194252,32.02684020996094,825500,0.0,0.0
2008-09-09 00:00:00-04:00,31.851306748679004,31.91818766635436,30.455201077311614,30.75615882873535,606000,0.0,0.0
2008-09-10 00:00:00-04:00,31.015296646266673,31.617211804332204,30.672540112158437,31.04037857055664,416000,0.0,0.0
2008-09-11 00:00:00-04:00,30.463547174344836,32.50336968478847,30.271269398026302,32.185691833496094,417900,0.0,0.0
2008-09-12 00:00:00-04:00,32.0352119363252,32.79596449911314,31.717534095770684,32.74580383300781,413500,0.0,0.0
2008-09-15 00:00:00-04:00,31.399851557941634,31.826205951057535,30.52205766137309,30.95677375793457,660100,0.0,0.0
2008-09-16 00:00:00-04:00,30.062285524168633,33.15545799933581,29.159415402926285,32.8377799987793,766600,0.0,0.0
2008-09-17 00:00:00-04:00,32.2692861669816,32.62876294024908,31.098899416693826,31.567052841186523,650400,0.0,0.0
2008-09-18 00:00:00-04:00,31.801139036597313,31.85965822624107,29.493799142718817,30.363231658935547,1443400,0.0,0.0
2008-09-19 00:00:00-04:00,32.662202903344856,34.26730899124857,30.647462575009705,31.851289749145508,1386200,0.0,0.0
2008-09-22 00:00:00-04:00,31.959976598091405,33.439682951376625,31.541980561199196,31.759340286254883,682500,0.0,0.0
2008-09-23 00:00:00-04:00,31.842933479930103,32.93808408169477,31.12397989320339,31.37477684020996,769200,0.0,0.0
2008-09-24 00:00:00-04:00,31.49181526737544,32.25257100437488,29.669355747898422,30.104068756103516,637400,0.0,0.0
2008-09-25 00:00:00-04:00,30.313065814235927,30.321427519362018,29.017278967573848,29.40183448791504,800100,0.0,0.0
2008-09-26 00:00:00-04:00,28.774835165413688,29.184472535510334,28.11440409142108,29.059072494506836,704200,0.0,0.0
2008-09-29 00:00:00-04:00,28.524033720084866,28.524033720084866,26.860412150741414,27.671321868896484,673200,0.0,0.0
2008-09-30 00:00:00-04:00,28.231449666075193,28.231449666075193,27.24497887039995,27.813453674316406,652700,0.0,0.0
2008-10-01 00:00:00-04:00,27.537571809030528,28.13112847677909,27.19481526044197,27.780010223388672,428600,0.0,0.0
2008-10-02 00:00:00-04:00,27.42890187867033,27.55429877991446,26.39227027414563,26.751747131347656,748600,0.0,0.0
2008-10-03 00:00:00-04:00,27.144656352812664,27.571010792544044,25.756908416748047,25.756908416748047,589600,0.0,0.0
2008-10-06 00:00:00-04:00,25.113197312111044,26.367185155656532,24.118366509763785,26.041147232055664,797800,0.0,0.0
2008-10-07 00:00:00-04:00,26.634700533070163,26.676499487259665,24.293922424316406,24.293922424316406,847600,0.0,0.0
2008-10-08 00:00:00-04:00,23.717090542579594,25.639871245419467,23.717090542579594,24.91255760192871,1409300,0.0,0.0
2008-10-09 00:00:00-04:00,25.11320479285931,25.71511856302978,24.335731843142156,24.452770233154297,1499400,0.0,0.0
2008-10-10 00:00:00-04:00,23.081735531666723,25.949187837622883,22.906176413685778,25.288753509521484,1125200,0.0,0.0
2008-10-13 00:00:00-04:00,26.14982816149224,27.596092224121094,26.03278820693679,27.596092224121094,704100,0.0,0.0
2008-10-14 00:00:00-04:00,28.331770048594144,28.40700946061483,25.071401374301562,25.606435775756836,1022700,0.0,0.0
2008-10-15 00:00:00-04:00,25.129917828595335,25.24695778707635,22.98977886108577,23.173696517944336,1047300,0.0,0.0
2008-10-16 00:00:00-04:00,23.207132705416324,24.77879659771663,23.190412486624407,24.40260124206543,1207200,0.0,0.0
2008-10-17 00:00:00-04:00,23.909367330285843,26.116385313395085,23.867566780891853,24.954357147216797,862400,0.0,0.0
2008-10-20 00:00:00-04:00,25.221877069950498,26.04950890499452,24.82896142943306,25.85723114013672,387100,0.0,0.0
2008-10-21 00:00:00-04:00,25.455950844475808,26.082944691930603,24.787156450474008,24.87911605834961,556400,0.0,0.0
2008-10-22 00:00:00-04:00,23.53316916743222,25.246953337185957,22.814217294046834,24.594879150390625,1423500,0.0,0.0
2008-10-23 00:00:00-04:00,24.201958681598033,25.230228018906526,22.889450463827195,23.95952033996582,1050700,0.0,0.0
2008-10-24 00:00:00-04:00,22.295902221261063,24.04312527754969,22.27082189227323,22.496540069580078,957600,0.0,0.0
2008-10-27 00:00:00-04:00,22.15379071703144,23.056662123982154,21.317798614501953,21.317798614501953,604500,0.0,0.0
2008-10-28 00:00:00-04:00,22.212304479101885,25.63151147015625,20.983396962830394,23.03157615661621,769600,0.0,0.0
2008-10-29 00:00:00-04:00,23.01485784612803,24.9543588213438,22.697180027533154,23.825769424438477,838400,0.0,0.0
2008-10-30 00:00:00-04:00,24.377518936721707,24.720275421517393,23.01485310625687,23.391048431396484,805800,0.0,0.0
2008-10-31 00:00:00-04:00,23.365977084549943,24.946001457461424,23.223858380484536,24.92928123474121,749200,0.0,0.0
2008-11-03 00:00:00-05:00,24.78715681597755,25.58970978170834,24.511279582810555,25.129913330078125,443300,0.0,0.0
2008-11-04 00:00:00-05:00,25.52283367625184,25.52283367625184,24.34408520656113,24.695201873779297,428100,0.0,0.0
2008-11-05 00:00:00-05:00,24.32736235937208,24.33572246894239,22.797497387618705,22.839296340942383,554600,0.0,0.0
2008-11-06 00:00:00-05:00,22.588508452087865,22.68882661793533,21.811035491391767,21.92807388305664,738100,0.0,0.0
2008-11-07 00:00:00-05:00,22.145420974798775,22.86437438058868,22.02002253285413,22.387859344482422,347900,0.0,0.0
2008-11-10 00:00:00-05:00,22.571788090348356,23.165341752535696,21.627117660752237,21.802675247192383,398200,0.0,0.0
2008-11-11 00:00:00-05:00,21.585305249690368,21.62710579104058,20.707514610194846,21.00847053527832,500800,0.0,0.0
2008-11-12 00:00:00-05:00,20.565401209512675,20.71588000773916,19.486970885241536,19.553850173950195,362100,0.0,0.0
2008-11-13 00:00:00-05:00,19.687619234415116,20.231015538358694,17.940395092714645,20.113975524902344,656600,0.0,0.0
2008-11-14 00:00:00-05:00,19.86316912258824,20.331324172816373,19.102416568019475,19.186016082763672,540700,0.0,0.0
2008-11-17 00:00:00-05:00,19.052260287792695,19.445175991758845,18.809821818974527,18.951940536499023,807800,0.0,0.0
2008-11-18 00:00:00-05:00,18.94358283001851,19.74613615870017,18.826544434086657,19.66253662109375,508600,0.0,0.0
2008-11-19 00:00:00-05:00,19.39501481570762,19.787930477177962,17.263234283402966,17.296674728393555,623600,0.0,0.0
2008-11-20 00:00:00-05:00,17.12947364221079,17.756467559983633,16.48575950394395,16.627878189086914,923500,0.0,0.0
2008-11-21 00:00:00-05:00,16.895400063148436,18.241347893235265,16.561003532404996,18.19118881225586,1091000,0.0,0.0
2008-11-24 00:00:00-05:00,18.232984217251154,19.15257569296975,17.89022764091039,18.642620086669922,804300,0.0,0.0
2008-11-25 00:00:00-05:00,19.177653795793045,20.732597577675552,19.002094675297702,20.590478897094727,650700,0.0,0.0
2008-11-26 00:00:00-05:00,20.105606309997704,22.764061038886553,20.105606309997704,22.56342315673828,628000,0.0,0.0
2008-11-28 00:00:00-05:00,22.471463165053315,23.90937035558965,22.42966420489833,23.1068172454834,370100,0.0,0.0
2008-12-01 00:00:00-05:00,22.203945886510947,22.78914089303775,21.050277689778362,21.117156982421875,773200,0.0,0.0
2008-12-02 00:00:00-05:00,21.459914697719913,22.362785993683772,21.075357548673864,22.203947067260742,462500,0.0,0.0
2008-12-03 00:00:00-05:00,21.819393460893604,23.073381572502104,21.484996950037004,22.738985061645508,444200,0.0,0.0
2008-12-04 00:00:00-05:00,22.446386109257734,23.47465591361502,21.936430465596604,22.521625518798828,661000,0.0,0.0
2008-12-05 00:00:00-05:00,22.2206595630102,23.148610870314666,21.576945564348048,23.023212432861328,555200,0.0,0.0
2008-12-08 00:00:00-05:00,23.79233060971132,26.21670858904943,23.79233060971132,25.698392868041992,960600,0.0,0.0
2008-12-09 00:00:00-05:00,25.42250633883015,26.668133725090414,25.046309452749593,25.556264877319336,952900,0.0,0.0
2008-12-10 00:00:00-05:00,25.723475448018036,26.41734877728939,25.088121306409718,25.35563850402832,517000,0.0,0.0
2008-12-11 00:00:00-05:00,25.08811103745146,25.09647114577115,22.12033955412096,22.755693435668945,739500,0.0,0.0
2008-12-12 00:00:00-05:00,22.095271474005507,23.57497787475586,21.560237039870035,23.57497787475586,679700,0.0,0.0
2008-12-15 00:00:00-05:00,23.508098570488926,23.917734508439946,22.973062541825065,23.57497787475586,458200,0.0,0.0
2008-12-16 00:00:00-05:00,23.859208899863706,23.926088186144227,22.52998168982636,23.12353515625,848700,0.0,0.0
2008-12-17 00:00:00-05:00,22.964699525608516,25.52283617803337,22.75570152688592,24.937641143798828,680400,0.0,0.0
2008-12-18 00:00:00-05:00,25.104833529519237,25.656587972407326,24.18524225986316,24.62831687927246,610800,0.0,0.0
2008-12-19 00:00:00-05:00,24.678479899088707,26.693220138549805,24.076564744044447,26.693220138549805,1768300,0.0,0.0
2008-12-22 00:00:00-05:00,26.12474822456514,26.425705834361118,24.56980269999003,25.054677963256836,1389500,0.0,0.0
2008-12-23 00:00:00-05:00,25.44103651347838,26.457333309744367,24.676712077346405,24.811100006103516,637900,0.14,0.0
2008-12-24 00:00:00-05:00,24.819497831794195,25.382241177656077,24.75230466819926,25.256254196166992,197100,0.0,0.0
2008-12-26 00:00:00-05:00,25.298252772268096,25.83579812028594,25.1470677426352,25.751806259155273,341500,0.0,0.0
2008-12-29 00:00:00-05:00,25.911392644775194,26.045778992202585,25.147069693027557,25.55862808227539,489100,0.0,0.0
2008-12-30 00:00:00-05:00,25.72660714617651,26.297749855607115,25.340246843921353,26.289350509643555,627900,0.0,0.0
2008-12-31 00:00:00-05:00,26.35654605852925,27.549226059003864,26.280955142045066,27.12087059020996,477300,0.0,0.0
2009-01-02 00:00:00-05:00,27.179667698545813,28.237959881304395,26.55813038406388,28.086774826049805,454100,0.0,0.0
2009-01-05 00:00:00-05:00,27.809602339259545,28.683115216339925,27.767607205635613,28.439538955688477,788100,0.0,0.0
2009-01-06 00:00:00-05:00,28.38913800939854,29.37184062876664,28.380740265721755,28.977079391479492,649000,0.0,0.0
2009-01-07 00:00:00-05:00,28.456334563476144,28.657912464616548,27.67521298750539,27.927186965942383,627500,0.0,0.0
2009-01-08 00:00:00-05:00,27.784394750967703,28.12035888917162,27.31404111265578,28.05316734313965,605600,0.0,0.0
2009-01-09 00:00:00-05:00,28.03637344044374,28.053172130824183,26.558122329201826,27.2132568359375,443100,0.0,0.0
2009-01-12 00:00:00-05:00,27.179666139804382,27.179666139804382,25.667817275974098,26.180166244506836,489600,0.0,0.0
2009-01-13 00:00:00-05:00,26.163368792706798,26.423742161962572,25.32345325135498,25.61742401123047,776300,0.0,0.0
2009-01-14 00:00:00-05:00,25.75179894639565,25.75179894639565,24.055169920993094,24.491926193237305,975800,0.0,0.0
2009-01-15 00:00:00-05:00,24.441536806547074,24.995880804876045,23.50923026298863,24.811100006103516,777900,0.0,0.0
2009-01-16 00:00:00-05:00,25.12187129524719,25.64261958563925,24.20636331514661,25.583824157714844,650500,0.0,0.0
2009-01-20 00:00:00-05:00,25.09667757972018,25.432645103426143,23.55963208620936,23.652023315429688,490500,0.0,0.0
2009-01-21 00:00:00-05:00,23.878799880780242,24.21476578794676,22.828905419627482,24.10557746887207,646500,0.0,0.0
2009-01-22 00:00:00-05:00,23.92919495927688,24.181170597404154,23.013686838306,23.42524528503418,658600,0.0,0.0
2009-01-23 00:00:00-05:00,22.912896169328295,23.75281169691642,22.90449682181101,23.34125328063965,604500,0.0,0.0
2009-01-26 00:00:00-05:00,23.484034014431963,24.273554945698816,23.324451240525253,23.73600959777832,731800,0.0,0.0
2009-01-27 00:00:00-05:00,23.895597883502397,24.69351668962619,23.75281217684693,24.567529678344727,406100,0.0,0.0
2009-01-28 00:00:00-05:00,25.18066857058454,25.75181141828221,25.096676692626914,25.575429916381836,399400,0.0,0.0
2009-01-29 00:00:00-05:00,25.14707834534591,25.57543557590932,23.971196599766532,24.189573287963867,714800,0.0,0.0
2009-01-30 00:00:00-05:00,24.2399600776678,24.24835942429762,23.274056041388494,23.610023498535156,548400,0.0,0.0
2009-02-02 00:00:00-05:00,23.274056428267652,24.10557413631504,22.828902263568295,23.727611541748047,689600,0.0,0.0
2009-02-03 00:00:00-05:00,23.853595710722683,24.592722118672658,23.15646603163998,24.181163787841797,831100,0.0,0.0
2009-02-04 00:00:00-05:00,24.407939586550896,24.811100171486807,23.694011219698275,23.769603729248047,671900,0.0,0.0
2009-02-05 00:00:00-05:00,23.517629964473358,25.197460676221453,23.39164298149453,24.626317977905273,835400,0.0,0.0
2009-02-06 00:00:00-05:00,24.634720841726043,25.760207707486042,24.609522800727248,25.063077926635742,666100,0.0,0.0
2009-02-09 00:00:00-05:00,24.92868921128853,25.34864690931694,24.483533474654273,25.138668060302734,463500,0.0,0.0
2009-02-10 00:00:00-05:00,24.928688118249593,25.457834089679075,23.568024531412988,23.93758773803711,856800,0.0,0.0
2009-02-11 00:00:00-05:00,23.945993031793677,24.139173227917542,23.156471949446466,23.551233291625977,420600,0.0,0.0
2009-02-12 00:00:00-05:00,22.90449505592518,23.694014437539376,22.324952938007502,23.593225479125977,562100,0.0,0.0
2009-02-13 00:00:00-05:00,23.206859740060313,23.710809255792554,22.249356781576992,23.290851593017578,798700,0.0,0.0
2009-02-17 00:00:00-05:00,22.728106322243686,23.215257105431085,22.014178036017874,22.820497512817383,1062900,0.0,0.0
2009-02-18 00:00:00-05:00,23.148077242244593,23.265666534686613,22.2829650592039,22.40055274963379,1156000,0.0,0.0
2009-02-19 00:00:00-05:00,22.576925853221912,23.274055589856808,22.12337235809165,22.14017105102539,636100,0.0,0.0
2009-02-20 00:00:00-05:00,21.837798548617826,22.20736174184992,20.661917408709904,22.106571197509766,943000,0.0,0.0
2009-02-23 00:00:00-05:00,22.056176004501918,22.308149954088798,21.073475037895008,21.157466888427734,603100,0.0,0.0
2009-02-24 00:00:00-05:00,21.2918632630533,22.282964042938467,21.1994720236366,22.165374755859375,693900,0.0,0.0
2009-02-25 00:00:00-05:00,22.551732627641957,22.887698524107236,21.854602791722098,22.29975700378418,765700,0.0,0.0
2009-02-26 00:00:00-05:00,22.6357226096963,22.6357226096963,21.720214617116376,21.829402923583984,662600,0.0,0.0
2009-02-27 00:00:00-05:00,21.300262953509613,22.19057315902027,21.165876567848084,21.753816604614258,834300,0.0,0.0
2009-03-02 00:00:00-05:00,21.275057748001984,21.594224906069584,20.157970291748075,20.3763484954834,731800,0.0,0.0
2009-03-03 00:00:00-05:00,20.74591227762269,21.11547392256301,20.082378302459304,20.275558471679688,5222300,0.0,0.0
2009-03-04 00:00:00-05:00,20.334353799689872,21.74541211777718,20.334353799689872,21.48503875732422,1234900,0.0,0.0
2009-03-05 00:00:00-05:00,21.098673934498898,21.350647894366492,19.92279118308648,20.23356056213379,868600,0.0,0.0
2009-03-06 00:00:00-05:00,20.359554228492797,20.62832696782415,19.71281882321929,20.38475227355957,788300,0.0,0.0
2009-03-09 00:00:00-04:00,19.989985020121274,20.661918272451686,19.931191200969792,20.04878044128418,904700,0.0,0.0
2009-03-10 00:00:00-04:00,20.32595145994552,21.862996437147213,20.32595145994552,21.854597091674805,617100,0.0,0.0
2009-03-11 00:00:00-04:00,22.0309809212372,22.366946766381524,21.552229391655104,21.946989059448242,1022800,0.0,0.0
2009-03-12 00:00:00-04:00,21.711814903117013,22.333352149607105,21.10707474825301,22.15696907043457,1154100,0.0,0.0
2009-03-13 00:00:00-04:00,22.089785439346514,22.25776924425905,20.93910166233623,21.26666831970215,819200,0.0,0.0
2009-03-16 00:00:00-04:00,21.84620664511514,21.84620664511514,20.964294235406697,21.18267250061035,610100,0.0,0.0
2009-03-17 00:00:00-04:00,21.006288290658784,21.34225419334187,20.258763956937447,21.115476608276367,906200,0.0,0.0
2009-03-18 00:00:00-04:00,21.20786447364313,22.383745747819056,20.603125944584193,22.114973068237305,1145400,0.0,0.0
2009-03-19 00:00:00-04:00,22.28295219382133,22.492931006647353,21.459834030014814,21.661415100097656,596300,0.0,0.0
2009-03-20 00:00:00-04:00,21.728604876860352,21.728604876860352,20.502327967622758,20.84669303894043,712100,0.0,0.0
2009-03-23 00:00:00-04:00,21.476636646322476,23.047279158323093,21.132271458484798,22.98848533630371,775600,0.0,0.0
2009-03-24 00:00:00-04:00,22.66091771587908,22.862497225049363,22.11497301162478,22.14017105102539,709200,0.0,0.0
2009-03-25 00:00:00-04:00,22.385049595727015,23.989409660813916,22.258389887271708,23.440549850463867,1455800,0.14,0.0
2009-03-26 00:00:00-04:00,23.62631502462032,24.740922927856445,23.516543717420276,24.740922927856445,874000,0.0,0.0
2009-03-27 00:00:00-04:00,24.656488528483866,24.681819505822084,23.7951998665391,23.888084411621094,964500,0.0,0.0
2009-03-30 00:00:00-04:00,23.3307725260038,23.524985760311004,21.72641276321494,22.317493438720703,741400,0.0,0.0
2009-03-31 00:00:00-04:00,22.477930427967166,22.81569013168909,21.574421005983716,22.342824935913086,578000,0.0,0.0
2009-04-01 00:00:00-04:00,21.954403545360346,22.65525559411654,21.28732666456452,22.4694881439209,587000,0.0,0.0
2009-04-02 00:00:00-04:00,23.077455243556077,24.732480318285305,23.069011049077844,23.972518920898438,684300,0.0,0.0
2009-04-03 00:00:00-04:00,23.97252035770553,24.33561268920465,23.676981586081144,24.065404891967773,729000,0.0,0.0
2009-04-06 00:00:00-04:00,23.82896768713075,24.048511882857927,23.25477703357337,23.837411880493164,429500,0.0,0.0
2009-04-07 00:00:00-04:00,23.254777855144305,23.575649161426153,22.435708786270308,22.8072452545166,662000,0.0,0.0
2009-04-08 00:00:00-04:00,22.97612244778119,23.38987985104755,22.52859149371921,23.128114700317383,447400,0.0,0.0
2009-04-09 00:00:00-04:00,23.812077882218617,24.9182413029544,23.575645329839404,24.75780487060547,612200,0.0,0.0
2009-04-13 00:00:00-04:00,24.318720304043627,24.842249033106476,23.871189317354588,24.555152893066406,624500,0.0,0.0
2009-04-14 00:00:00-04:00,24.259616124796672,24.512937138243505,23.55876405888842,23.95563316345215,458600,0.0,0.0
2009-04-15 00:00:00-04:00,23.75297264263006,24.98579755025792,23.54187263062083,23.93874168395996,672000,0.0,0.0
2009-04-16 00:00:00-04:00,24.19206459560187,24.42849722346689,23.474324127587973,24.065404891967773,970700,0.0,0.0
2009-04-17 00:00:00-04:00,24.124507543252047,24.80002850401726,23.710751739933876,24.132951736450195,855900,0.0,0.0
2009-04-20 00:00:00-04:00,23.59254327302675,23.845862702051043,22.275277732516592,23.09434700012207,823700,0.0,0.0
2009-04-21 00:00:00-04:00,22.942349136046396,24.428493398731153,22.942349136046396,24.386272430419922,910400,0.0,0.0
2009-04-22 00:00:00-04:00,22.33438437649671,26.024412091216057,22.33438437649671,25.137792587280273,1486600,0.0,0.0
2009-04-23 00:00:00-04:00,25.32355838204605,25.652873900155377,24.29339085708522,25.087125778198242,1138300,0.0,0.0
2009-04-24 00:00:00-04:00,25.20534602860461,27.561221724481086,24.8084769079917,27.248794555664062,1493000,0.0,0.0
2009-04-27 00:00:00-04:00,26.471945320422616,27.3501206487417,26.26084528056369,26.623937606811523,983700,0.0,0.0
2009-04-28 00:00:00-04:00,25.880861493005458,26.89414220829658,25.872417299145415,26.48883056640625,520600,0.0,0.0
2009-04-29 00:00:00-04:00,26.488831639392107,27.367006899060154,26.21017967298446,27.11368751525879,554200,0.0,0.0
2009-04-30 00:00:00-04:00,27.443003977859682,27.822984677163905,26.86881163694015,26.927919387817383,690300,0.0,0.0
2009-05-01 00:00:00-04:00,26.86881039109783,26.919473945134104,26.51416229171321,26.792814254760742,520600,0.0,0.0
2009-05-04 00:00:00-04:00,27.096796170391663,27.86520004272461,26.826588427667794,27.86520004272461,508900,0.0,0.0
2009-05-05 00:00:00-04:00,27.696321482810248,28.059413768385628,26.885698193626876,27.299455642700195,673300,0.0,0.0
2009-05-06 00:00:00-04:00,27.95809246238104,28.101638957041104,27.020807680579917,27.941204071044922,1210100,0.0,0.0
2009-05-07 00:00:00-04:00,28.126965092073394,28.126965092073394,26.51415961422581,26.691484451293945,559800,0.0,0.0
2009-05-08 00:00:00-04:00,26.978580685591268,28.05096907377116,26.86036359022568,27.86520004272461,608500,0.0,0.0
2009-05-11 00:00:00-04:00,27.51055521597416,27.603436515862345,26.835034208632376,26.93636131286621,347000,0.0,0.0
2009-05-12 00:00:00-04:00,27.02924695916298,27.367008302304004,26.007523566801176,26.514163970947266,409800,0.0,0.0
2009-05-13 00:00:00-04:00,26.091963157318407,26.091963157318407,25.137791738725838,25.76264762878418,950100,0.0,0.0
2009-05-14 00:00:00-04:00,25.889307888846442,26.319952148944783,25.374223293530996,25.711984634399414,515200,0.0,0.0
2009-05-15 00:00:00-04:00,25.610658265168343,26.666158526031804,25.492442751332625,25.939973831176758,693700,0.0,0.0
2009-05-18 00:00:00-04:00,26.19329181185398,26.775926728438694,26.04974372865947,26.61549186706543,785000,0.0,0.0
2009-05-19 00:00:00-04:00,26.632377740223227,26.9870242069596,26.23550869504925,26.34528160095215,596000,0.0,0.0
2009-05-20 00:00:00-04:00,26.61549322163802,26.87725681823304,25.348892991541145,25.450220108032227,579900,0.0,0.0
2009-05-21 00:00:00-04:00,25.146235538229032,25.382666535283146,24.445383520197208,24.876026153564453,507800,0.0,0.0
2009-05-22 00:00:00-04:00,24.95203084830717,24.95203084830717,24.11607465654604,24.217403411865234,389600,0.0,0.0
2009-05-26 00:00:00-04:00,24.06539714858393,25.517764396695068,23.837408789061744,25.247556686401367,477100,0.0,0.0
2009-05-27 00:00:00-04:00,25.281348593215178,25.678216204021343,24.715600257072033,24.850704193115234,583100,0.0,0.0
2009-05-28 00:00:00-04:00,25.078674850212654,25.112450004915566,23.660082920264447,25.104005813598633,662900,0.0,0.0
2009-05-29 00:00:00-04:00,25.120904405544756,26.243956538075903,25.120904405544756,26.18484878540039,914000,0.0,0.0
2009-06-01 00:00:00-04:00,26.59016575375257,27.56967160189239,26.387509871209573,27.206579208374023,399400,0.0,0.0
2009-06-02 00:00:00-04:00,27.003909462203097,28.498497729672657,26.8519172166211,28.481609344482422,624400,0.0,0.0
2009-06-03 00:00:00-04:00,28.118509462979176,28.90380144438425,27.93274371870486,28.650482177734375,839100,0.0,0.0
2009-06-04 00:00:00-04:00,28.785595034557197,28.98825244415051,28.126964090356854,28.498498916625977,475700,0.0,0.0
2009-06-05 00:00:00-04:00,28.96291732850261,28.96291732850261,28.3296173728307,28.557605743408203,449900,0.0,0.0
2009-06-08 00:00:00-04:00,28.287400889908444,28.90381252276482,28.101631853302518,28.616716384887695,258200,0.0,0.0
2009-06-09 00:00:00-04:00,28.582928655358817,28.760255041030042,28.397162911084504,28.650482177734375,430100,0.0,0.0
2009-06-10 00:00:00-04:00,28.937578205572027,29.300670335517566,28.118509462979176,28.650482177734375,410800,0.0,0.0
2009-06-11 00:00:00-04:00,28.76870509095755,28.962916686523172,28.194512886185233,28.69270896911621,427000,0.0,0.0
2009-06-12 00:00:00-04:00,28.574493852463654,28.574493852463654,27.932751320885313,28.481609344482422,359200,0.0,0.0
2009-06-15 00:00:00-04:00,27.907412155207606,28.169177247274884,27.189673628847967,27.4936580657959,352200,0.0,0.0
2009-06-16 00:00:00-04:00,27.544323205927107,27.932749599099516,26.902580713906026,27.012351989746094,459400,0.0,0.0
2009-06-17 00:00:00-04:00,26.902588033454446,27.23190356113845,26.091963089954458,26.61549186706543,440200,0.0,0.0
2009-06-18 00:00:00-04:00,26.556385301516357,26.640824027872537,25.973748748379005,26.18484878540039,335200,0.0,0.0
2009-06-19 00:00:00-04:00,26.463502075167163,26.666157927435904,25.821757737700043,26.117298126220703,830400,0.0,0.0
2009-06-22 00:00:00-04:00,25.91464615184788,26.007529091433355,25.47555760094381,25.669769287109375,443900,0.0,0.0
2009-06-23 00:00:00-04:00,25.821757737700043,26.2186252470723,25.39111344766689,26.117298126220703,448300,0.0,0.0
2009-06-24 00:00:00-04:00,26.583826009803236,27.27090116840026,26.10881234369878,26.660167694091797,393900,0.14,0.0
2009-06-25 00:00:00-04:00,26.660166233480226,27.737430725743046,26.532930639266212,27.508405685424805,648200,0.0,0.0
2009-06-26 00:00:00-04:00,27.432061636771248,27.559298837887667,27.041870681264783,27.109729766845703,329000,0.0,0.0
2009-06-29 00:00:00-04:00,27.007944023964,27.678053961250185,26.990978846792324,27.610193252563477,591200,0.0,0.0
2009-06-30 00:00:00-04:00,27.51689596208632,27.79681662906666,27.1097412757513,27.23697853088379,554700,0.0,0.0
2009-07-01 00:00:00-04:00,27.4999240043978,27.4999240043978,26.906157304239496,26.948570251464844,705700,0.0,0.0
2009-07-02 00:00:00-04:00,26.58382934104513,27.135184760528954,26.312392926400086,26.990983963012695,432900,0.0,0.0
2009-07-06 00:00:00-04:00,26.677131246013126,26.940085021482794,26.151222077185437,26.380247116088867,446800,0.0,0.0
2009-07-07 00:00:00-04:00,26.33783644003232,26.414178126237857,25.98157577703598,26.023988723754883,466700,0.0,0.0
2009-07-08 00:00:00-04:00,26.134259342988013,26.320873074156204,25.565938795853846,25.896753311157227,453000,0.0,0.0
2009-07-09 00:00:00-04:00,26.05792727048246,26.125786392883878,25.506571698734767,25.794973373413086,457700,0.0,0.0
2009-07-10 00:00:00-04:00,25.684696803745126,26.363287866531653,25.616837697466472,26.25301742553711,239500,0.0,0.0
2009-07-13 00:00:00-04:00,26.30391381586684,26.838304125655966,25.66773402817609,26.821340560913086,227600,0.0,0.0
2009-07-14 00:00:00-04:00,26.728028480902502,27.482962782438115,26.329356473854116,27.338760375976562,615500,0.0,0.0
2009-07-15 00:00:00-04:00,27.695017791549333,28.755317044889253,27.695017791549333,28.662010192871094,707000,0.0,0.0
2009-07-16 00:00:00-04:00,28.37360589494532,29.43390504471326,28.339675545566454,29.272737503051758,447200,0.0,0.0
2009-07-17 00:00:00-04:00,29.27274290313613,30.316080306460346,29.094613389700996,30.010713577270508,740400,0.0,0.0
2009-07-20 00:00:00-04:00,30.163392602133328,30.952255460451173,30.10401610619769,30.570547103881836,483400,0.0,0.0
2009-07-21 00:00:00-04:00,30.825018441817992,30.918325289051364,28.831657242069394,29.908918380737305,1065900,0.0,0.0
2009-07-22 00:00:00-04:00,30.4772521740055,30.502698329134297,28.831668348198605,29.1624813079834,1042600,0.0,0.0
2009-07-23 00:00:00-04:00,29.22185595406454,30.528145763238633,28.882558807133446,29.83258628845215,596000,0.0,0.0
2009-07-24 00:00:00-04:00,29.459360158127378,30.11250502153564,28.967382885450093,30.036163330078125,452400,0.0,0.0
2009-07-27 00:00:00-04:00,29.82410995201835,30.10403062711661,29.459366594890383,29.90045166015625,418000,0.0,0.0
2009-07-28 00:00:00-04:00,29.645975716980217,30.112506866345587,29.349089905000515,29.535703659057617,370000,0.0,0.0
2009-07-29 00:00:00-04:00,29.086139038568547,29.65445806385925,28.9334556392235,29.56963539123535,278100,0.0,0.0
2009-07-30 00:00:00-04:00,29.917400377318746,30.112495027230203,29.39149291948021,29.48479652404785,442200,0.0,0.0
2009-07-31 00:00:00-04:00,29.586585623277575,30.06159752719939,29.450867474189067,29.56113624572754,333100,0.0,0.0
2009-08-03 00:00:00-04:00,29.917411245388436,30.120986938476562,29.493291443047987,30.120986938476562,514900,0.0,0.0
2009-08-04 00:00:00-04:00,29.976785271848588,30.485727698122115,29.637488163814883,30.23125648498535,552800,0.0,0.0
2009-08-05 00:00:00-04:00,30.316084134500205,30.40938777062147,29.433914191176445,29.807138442993164,209700,0.0,0.0
2009-08-06 00:00:00-04:00,30.10402484485115,30.112505817113966,29.476326116752404,29.696866989135742,376900,0.0,0.0
2009-08-07 00:00:00-04:00,30.070097828372887,30.528148040160012,29.86651887787495,30.43484115600586,494800,0.0,0.0
2009-08-10 00:00:00-04:00,30.23126064465586,30.23126064465586,29.459362691658058,29.849552154541016,257400,0.0,0.0
2009-08-11 00:00:00-04:00,29.696862802607185,29.764723514252154,29.069167398775363,29.332122802734375,196500,0.0,0.0
2009-08-12 00:00:00-04:00,29.54417763978725,30.256695576013264,29.35756395033209,29.874990463256836,237000,0.0,0.0
2009-08-13 00:00:00-04:00,30.146425006011526,30.26517798834699,29.264255371839383,30.248212814331055,210000,0.0,0.0
2009-08-14 00:00:00-04:00,30.21428858798392,30.21428858798392,29.069166613993044,29.46784019470215,179900,0.0,0.0
2009-08-17 00:00:00-04:00,28.780774216126535,28.891046286731527,28.365135325863257,28.619609832763672,224300,0.0,0.0
2009-08-18 00:00:00-04:00,28.78925814987233,29.39999185198667,28.62809374993798,29.349096298217773,185600,0.0,0.0
2009-08-19 00:00:00-04:00,29.09461260546363,29.662934721865042,28.848622387382772,29.41694450378418,180000,0.0,0.0
2009-08-20 00:00:00-04:00,29.213370087456894,29.993752186790136,29.213370087456894,29.807138442993164,378900,0.0,0.0
2009-08-21 00:00:00-04:00,30.154923766674802,30.672350554228718,29.942863820023394,30.56207847595215,244700,0.0,0.0
2009-08-24 00:00:00-04:00,30.901369091677562,31.367900227614292,30.25670517936943,31.274593353271484,524500,0.0,0.0
2009-08-25 00:00:00-04:00,31.308502852134264,32.1397767234439,31.19823087086381,31.554492950439453,390800,0.0,0.0
2009-08-26 00:00:00-04:00,31.43575058860569,32.06344587785425,30.918324081985833,31.410301208496094,344800,0.0,0.0
2009-08-27 00:00:00-04:00,31.622358374930712,31.630842579510954,30.68081228463358,31.22368812561035,246800,0.0,0.0
2009-08-28 00:00:00-04:00,31.579960364461268,31.775055086915597,30.918334502592028,31.452726364135742,222500,0.0,0.0
2009-08-31 00:00:00-04:00,31.198254939873422,31.249150486442318,30.25670836090355,30.43484115600586,282200,0.0,0.0
2009-09-01 00:00:00-04:00,30.38393698088997,31.724156871271294,29.908921721809868,30.14643096923828,444300,0.0,0.0
2009-09-02 00:00:00-04:00,30.34153063683747,30.42635330184595,29.79017360695056,30.002233505249023,545800,0.0,0.0
2009-09-03 00:00:00-04:00,30.18884521398162,30.350009560932868,29.569630741029517,30.15491485595703,369400,0.0,0.0
2009-09-04 00:00:00-04:00,30.392416725542624,30.392416725542624,29.75623722849329,29.976778030395508,402600,0.0,0.0
2009-09-08 00:00:00-04:00,30.290629803027905,30.536620018653462,29.756241282460685,30.044639587402344,696400,0.0,0.0
2009-09-09 00:00:00-04:00,30.027682348978097,30.027682348978097,29.450879177201408,29.662939071655273,670600,0.0,0.0
2009-09-10 00:00:00-04:00,29.713828499117593,30.214289931014953,29.425426941146622,30.197324752807617,481100,0.0,0.0
2009-09-11 00:00:00-04:00,30.55359158220633,31.08798345024968,30.392427218856216,30.79109764099121,768300,0.0,0.0
2009-09-14 00:00:00-04:00,30.536628366548758,31.172808124185188,30.26519192881942,30.918336868286133,340400,0.0,0.0
2009-09-15 00:00:00-04:00,31.172820492627856,31.376399519587718,30.79959605161012,31.206750869750977,286200,0.0,0.0
2009-09-16 00:00:00-04:00,31.24914430014704,31.944700453336644,31.087979954917206,31.919254302978516,481300,0.0,0.0
2009-09-17 00:00:00-04:00,31.76657068405198,32.25854792324768,31.461203939003692,31.571475982666016,263600,0.0,0.0
2009-09-18 00:00:00-04:00,31.817459171193434,32.054968408753766,31.35092813807111,32.02103805541992,662700,0.0,0.0
2009-09-21 00:00:00-04:00,31.758088317487847,32.08890446764866,31.257626842047227,31.81746482849121,238700,0.0,0.0
2009-09-22 00:00:00-04:00,31.987108571997165,32.17372228463182,31.25762213436354,31.283071517944336,367000,0.0,0.0
2009-09-23 00:00:00-04:00,31.38487045079061,31.546034836874114,30.621453388757548,30.960750579833984,533000,0.0,0.0
2009-09-24 00:00:00-04:00,30.9861859725618,31.401824725455615,30.689303460335285,30.977705001831055,438500,0.0,0.0
2009-09-25 00:00:00-04:00,30.884401927375762,31.24914519322576,30.31608298128866,30.60448455810547,314400,0.0,0.0
2009-09-28 00:00:00-04:00,30.638412697821934,31.393345405662842,30.536624854325133,30.986190795898438,167700,0.0,0.0
2009-09-29 00:00:00-04:00,30.969226790210303,31.57996034590133,30.714755553931486,31.249147415161133,469200,0.0,0.0
2009-09-30 00:00:00-04:00,31.34244897210505,31.461201979833888,30.22277313383773,30.638408660888672,350600,0.0,0.0
2009-10-01 00:00:00-04:00,30.519196579582353,30.715050408065597,29.505865054377484,29.531410217285156,385100,0.14,0.0
2009-10-02 00:00:00-04:00,29.24188010316963,29.642104893008728,28.722440247855115,28.739471435546875,471900,0.0,0.0
2009-10-05 00:00:00-04:00,29.046027546885604,29.53140504736434,28.739472652190184,29.301488876342773,325900,0.0,0.0
2009-10-06 00:00:00-04:00,29.582494272733385,29.94013943183205,29.22484586526815,29.505855560302734,315700,0.0,0.0
2009-10-07 00:00:00-04:00,29.361101186475025,29.591017394886887,28.824630033514012,29.267431259155273,386500,0.0,0.0
2009-10-08 00:00:00-04:00,29.378129186476478,30.485130506148526,29.378129186476478,30.127485275268555,647400,0.0,0.0
2009-10-09 00:00:00-04:00,29.982718912507128,30.544735113069358,29.795382344564324,30.02529525756836,227800,0.0,0.0
2009-10-12 00:00:00-04:00,30.170061135720417,30.42552247483488,29.89756860754936,30.076391220092773,278000,0.0,0.0
2009-10-13 00:00:00-04:00,29.957177641879554,30.280763753388406,29.735775421448693,29.97420883178711,489000,0.0,0.0
2009-10-14 00:00:00-04:00,30.34888316416028,30.51919180308117,29.999751916137654,30.39997673034668,168600,0.0,0.0
2009-10-15 00:00:00-04:00,30.27224946441877,30.885359366966643,30.136003180337873,30.749113082885742,280400,0.0,0.0
2009-10-16 00:00:00-04:00,30.57028706754297,30.979025874639568,30.187093420775135,30.919418334960938,649100,0.0,0.0
2009-10-19 00:00:00-04:00,30.89386967233052,31.651739740615714,30.81723094360689,31.46440315246582,743000,0.0,0.0
2009-10-20 00:00:00-04:00,31.336676821289984,31.489954307919565,30.851299196418946,31.038639068603516,1067300,0.0,0.0
2009-10-21 00:00:00-04:00,31.225980740373096,31.50699059407765,29.846486386067443,30.144527435302734,782700,0.0,0.0
2009-10-22 00:00:00-04:00,30.229667020645962,30.97902305633431,29.68468199409698,30.60434341430664,507700,0.0,0.0
2009-10-23 00:00:00-04:00,30.570277632359783,31.01307543377425,30.212629256304982,30.451059341430664,735300,0.0,0.0
2009-10-26 00:00:00-04:00,30.417008431536544,31.081208561314543,30.15302987434334,30.35740089416504,660900,0.0,0.0
2009-10-27 00:00:00-04:00,30.49365395391513,30.64693144084992,29.965696721865132,30.136005401611328,439400,0.0,0.0
2009-10-28 00:00:00-04:00,29.854992198739055,30.153029885708918,28.969389859789807,29.12266731262207,571000,0.0,0.0
2009-10-29 00:00:00-04:00,29.344073723998555,29.77836103341659,29.173765038900658,29.454774856567383,664700,0.0,0.0
2009-10-30 00:00:00-04:00,29.41218871084335,29.454765055859077,28.637287537436272,28.67134666442871,496300,0.0,0.0
2009-11-02 00:00:00-05:00,28.91830729893306,29.46329256159301,28.237075720608118,28.952369689941406,673100,0.0,0.0
2009-11-03 00:00:00-05:00,28.679873884690466,30.229676772005533,28.679873884690466,30.153038024902344,767200,0.0,0.0
2009-11-04 00:00:00-05:00,30.297795091378223,31.072696369938956,30.05936167987445,30.689502716064453,1371700,0.0,0.0
2009-11-05 00:00:00-05:00,31.004575949076674,31.787994556456177,30.936454427947215,31.4814395904541,463000,0.0,0.0
2009-11-06 00:00:00-05:00,31.31964659924,31.779479073380873,31.03864003062145,31.719871520996094,304700,0.0,0.0
2009-11-09 00:00:00-05:00,31.873146717541537,32.4266490908263,31.830570361527574,32.358524322509766,297100,0.0,0.0
2009-11-10 00:00:00-05:00,32.196744715022454,32.6395461268769,31.98385960826756,32.409629821777344,423800,0.0,0.0
2009-11-11 00:00:00-05:00,32.56289944035145,32.963121134839845,32.40962194089015,32.741722106933594,376200,0.0,0.0
2009-11-12 00:00:00-05:00,32.74172483348637,32.988672297446044,32.16267717582775,32.29892349243164,318300,0.0,0.0
2009-11-13 00:00:00-05:00,32.32446738001591,32.809845066695075,31.83057572004777,32.75875473022461,362400,0.0,0.0
2009-11-16 00:00:00-05:00,32.90351644537064,34.0616117651238,32.90351644537064,33.92536544799805,598400,0.0,0.0
2009-11-17 00:00:00-05:00,33.755030202748316,34.04455380507562,33.559176478874825,33.68690872192383,612200,0.0,0.0
2009-11-18 00:00:00-05:00,33.75504702936923,33.84871695451675,33.13342318327906,33.42294692993164,336500,0.0,0.0
2009-11-19 00:00:00-05:00,33.16748936369727,33.29521843668177,32.27337285933426,32.61398696899414,252200,0.0,0.0
2009-11-20 00:00:00-05:00,32.503289011330246,32.95460754200185,32.452198676499336,32.84390640258789,392400,0.0,0.0
2009-11-23 00:00:00-05:00,33.3548223878287,33.74653328180223,32.82686846338723,32.99717712402344,296900,0.0,0.0
2009-11-24 00:00:00-05:00,32.96311702366419,32.99717940782246,32.23079200610013,32.358524322509766,406500,0.0,0.0
2009-11-25 00:00:00-05:00,32.290415120516805,32.97165013861593,32.13714081465074,32.93758773803711,445200,0.0,0.0
2009-11-27 00:00:00-05:00,32.02642045197026,32.50328078093989,31.85611179946652,32.26485061645508,166500,0.0,0.0
2009-11-30 00:00:00-05:00,32.25633354457685,32.25633354457685,31.38776242383999,31.609161376953125,387100,0.0,0.0
2009-12-01 00:00:00-05:00,31.91571717161038,32.281879612680605,31.813533286399448,31.92423439025879,334200,0.0,0.0
2009-12-02 00:00:00-05:00,31.873141795353472,32.179696708700945,31.609163231444867,31.7965030670166,530500,0.0,0.0
2009-12-03 00:00:00-05:00,31.822055865563343,32.10306568637446,31.57511168019457,31.72838592529297,229400,0.0,0.0
2009-12-04 00:00:00-05:00,32.179702669823605,32.88647929686388,31.873147699688417,32.23079299926758,474400,0.0,0.0
2009-12-07 00:00:00-05:00,32.256346142222746,32.40962364976598,31.643236112049813,31.668781280517578,355900,0.0,0.0
2009-12-08 00:00:00-05:00,31.46439893158447,31.660252712412102,31.081205339370914,31.268545150756836,254100,0.0,0.0
2009-12-09 00:00:00-05:00,31.217462355862143,31.54956250086579,30.962000955733792,31.45589256286621,263100,0.0,0.0
2009-12-10 00:00:00-05:00,31.541041367162236,31.822047868991117,31.081209002314385,31.50697898864746,332600,0.0,0.0
2009-12-11 00:00:00-05:00,31.575112524508945,32.12861171161106,31.387772638958758,31.94978904724121,368900,0.0,0.0
2009-12-14 00:00:00-05:00,32.10306293805824,32.358524322509766,32.00087903395117,32.358524322509766,275500,0.0,0.0
2009-12-15 00:00:00-05:00,32.21376902218286,32.7672682323194,31.81354406762191,32.70766067504883,422400,0.0,0.0
2009-12-16 00:00:00-05:00,32.80982489921463,33.35480980903125,32.588425997738995,33.269657135009766,543700,0.0,0.0
2009-12-17 00:00:00-05:00,33.073814589474445,33.61028571295939,32.758745690829116,33.601768493652344,521300,0.0,0.0
2009-12-18 00:00:00-05:00,33.60177488186018,34.07863855432442,33.60177488186018,34.061607360839844,1190400,0.0,0.0
2009-12-21 00:00:00-05:00,34.292336258239786,34.292336258239786,33.38653205790118,33.565982818603516,377800,0.14,0.0
2009-12-22 00:00:00-05:00,33.69415954372682,34.1726981049831,33.66852465536966,33.89070129394531,244900,0.0,0.0
2009-12-23 00:00:00-05:00,33.924875971054696,34.18123457843767,33.69415224647706,34.07014465332031,278600,0.0,0.0
2009-12-24 00:00:00-05:00,34.121429312323585,35.12977633696302,33.97615732075129,34.8306884765625,185200,0.0,0.0
2009-12-28 00:00:00-05:00,34.873396256908066,35.052846907238006,34.223951151272566,34.33504104614258,221700,0.0,0.0
2009-12-29 00:00:00-05:00,34.309417980138086,34.309417980138086,33.873605382437034,34.01033020019531,198700,0.0,0.0
2009-12-30 00:00:00-05:00,33.79668691922698,34.18122636782011,33.668509276213115,33.813777923583984,159000,0.0,0.0
2009-12-31 00:00:00-05:00,33.8821499672716,33.98469275792896,33.36088562011719,33.36088562011719,211000,0.0,0.0
2010-01-04 00:00:00-05:00,33.59161589174941,34.18978500366211,33.377983134701395,34.18978500366211,379400,0.0,0.0
2010-01-05 00:00:00-05:00,34.03597804785397,34.326515516114235,33.642891232430095,33.69416427612305,333600,0.0,0.0
2010-01-06 00:00:00-05:00,33.77106684044008,34.29233129252196,33.38652722334875,33.55743408203125,527200,0.0,0.0
2010-01-07 00:00:00-05:00,33.642888953127375,34.55723698181623,33.50616410565364,33.83088684082031,469100,0.0,0.0
2010-01-08 00:00:00-05:00,33.856526611463934,34.565789101071225,33.83943559559386,34.39488220214844,361200,0.0,0.0
2010-01-11 00:00:00-05:00,34.608499862268054,34.608499862268054,34.26668621403874,34.47177505493164,250300,0.0,0.0
2010-01-12 00:00:00-05:00,34.28378510695434,34.51450888360411,33.61725192537321,33.94197463989258,210200,0.0,0.0
2010-01-13 00:00:00-05:00,34.147057554667526,34.147057554667526,33.37798162006045,34.05305862426758,285000,0.0,0.0
2010-01-14 00:00:00-05:00,34.05306615661579,34.129974093065805,33.745437670593475,33.84798049926758,453100,0.0,0.0
2010-01-15 00:00:00-05:00,33.899234153664,34.24959489949801,33.514697914163044,33.54033279418945,341200,0.0,0.0
2010-01-19 00:00:00-05:00,33.40361335145516,34.3350521723287,33.40361335145516,34.28377914428711,286300,0.0,0.0
2010-01-20 00:00:00-05:00,33.97615414492486,34.03597431923558,33.2925299361313,33.66852569580078,226400,0.0,0.0
2010-01-21 00:00:00-05:00,33.617252968042365,33.69416089597765,33.24126046467949,33.36943817138672,293700,0.0,0.0
2010-01-22 00:00:00-05:00,33.36944203409008,34.26669912401283,33.258352067595936,33.47198486328125,413400,0.0,0.0
2010-01-25 00:00:00-05:00,33.72832616157474,34.01031958402586,33.266878823262985,33.813777923583984,224200,0.0,0.0
2010-01-26 00:00:00-05:00,33.61724524095691,34.010328666817436,33.52324632177795,33.745426177978516,199200,0.0,0.0
2010-01-27 00:00:00-05:00,33.58306322311426,33.89069486414481,33.35233949234135,33.745426177978516,605400,0.0,0.0
2010-01-28 00:00:00-05:00,33.75396677418209,33.91632645350045,33.36088338649996,33.49760818481445,559100,0.0,0.0
2010-01-29 00:00:00-05:00,33.60015025507035,33.90778185968915,32.6601676940918,32.6601676940918,551000,0.0,0.0
2010-02-01 00:00:00-05:00,33.01052430898813,33.36088179165592,32.523442034542086,32.984886169433594,544000,0.0,0.0
2010-02-02 00:00:00-05:00,33.20707212519259,33.839423181515976,33.18143724068068,33.32670593261719,2195300,0.0,0.0
2010-02-03 00:00:00-05:00,33.258341401892345,34.36923419102309,33.20707163362747,34.28377914428711,526100,0.0,0.0
2010-02-04 00:00:00-05:00,34.12996045929947,34.12996045929947,33.420701559610066,33.45488357543945,583500,0.0,0.0
2010-02-05 00:00:00-05:00,33.78815898082216,35.01013866051735,33.78815898082216,34.5999641418457,808100,0.0,0.0
2010-02-08 00:00:00-05:00,34.728150716755394,35.02723862078694,34.30943221480062,34.6854248046875,632900,0.0,0.0
2010-02-09 00:00:00-05:00,35.069961891314875,35.8219470144476,34.83069093415638,35.223777770996094,585200,0.0,0.0
2010-02-10 00:00:00-05:00,35.181034727499174,35.548483266290596,34.78795130546353,35.2835807800293,512500,0.0,0.0
2010-02-11 00:00:00-05:00,35.266491010007734,36.01847912275913,35.17249208844172,35.97574996948242,523100,0.0,0.0
2010-02-12 00:00:00-05:00,35.035774044662915,36.14666378924554,34.693960311047945,36.121028900146484,702100,0.0,0.0
2010-02-16 00:00:00-05:00,36.309019593766315,36.53119619480137,36.08683973295455,36.37738037109375,499900,0.0,0.0
2010-02-17 00:00:00-05:00,36.599569986700246,36.74483871459961,36.027032432574465,36.74483871459961,396100,0.0,0.0
2010-02-18 00:00:00-05:00,36.58247573067068,37.018285135521836,36.565384718354146,36.97555923461914,425300,0.0,0.0
2010-02-19 00:00:00-05:00,37.0951828274821,37.44554033387353,36.95845802644584,37.43699645996094,607300,0.0,0.0
2010-02-22 00:00:00-05:00,37.44554096994204,37.7702636003352,37.112274465491154,37.291725158691406,423700,0.0,0.0
2010-02-23 00:00:00-05:00,37.1635678227852,37.428470440606915,36.44576139746821,36.693572998046875,662100,0.0,0.0
2010-02-24 00:00:00-05:00,36.693562660226036,36.82174362354687,36.001394585669956,36.57392883300781,523200,0.0,0.0
2010-02-25 00:00:00-05:00,35.99284064999605,36.21502050980885,35.46303240392785,36.17229461669922,628900,0.0,0.0
2010-02-26 00:00:00-05:00,36.06974687724198,36.403013391622764,35.66811958903321,36.06120300292969,561400,0.0,0.0
2010-03-01 00:00:00-05:00,36.25774679419154,36.96700575484014,36.14665686308632,36.93282699584961,694900,0.0,0.0
2010-03-02 00:00:00-05:00,36.967003277429185,37.402815838063134,36.91573351249097,37.120819091796875,521000,0.0,0.0
2010-03-03 00:00:00-05:00,37.16354912049045,37.47972463092821,36.770462441274844,36.924278259277344,249500,0.0,0.0
2010-03-04 00:00:00-05:00,36.97556187952733,37.29173748055646,36.787563990375,36.992652893066406,272500,0.0,0.0
2010-03-05 00:00:00-05:00,37.129378513795494,37.437010244341785,37.0353795672644,37.402828216552734,201800,0.0,0.0
2010-03-08 00:00:00-05:00,37.34299531934079,38.14625307001683,37.34299531934079,38.0778923034668,804900,0.0,0.0
2010-03-09 00:00:00-05:00,37.82153277660059,38.24025431400528,37.82153277660059,38.0437126159668,239700,0.0,0.0
2010-03-10 00:00:00-05:00,37.906993594972896,38.07790043752074,37.59936193034216,37.727542877197266,420800,0.0,0.0
2010-03-11 00:00:00-05:00,37.54808308386121,37.94971361267397,37.35154138629524,37.94116973876953,206500,0.0,0.0
2010-03-12 00:00:00-05:00,38.12917665379064,38.45389938354492,37.53100423364668,38.45389938354492,452000,0.0,0.0
2010-03-15 00:00:00-04:00,38.45389523348965,38.881160736083984,38.32571427880052,38.881160736083984,528400,0.0,0.0
2010-03-16 00:00:00-04:00,38.77861461842274,38.88115741755571,38.49661784608606,38.530799865722656,323900,0.0,0.0
2010-03-17 00:00:00-04:00,38.65042635495611,38.7358813878639,37.96680239057477,38.0778923034668,636100,0.0,0.0
2010-03-18 00:00:00-04:00,37.983909302200615,38.069361111113544,37.744638369644825,37.93263626098633,406400,0.0,0.0
2010-03-19 00:00:00-04:00,37.103736877441406,38.120630920081645,36.88156023723961,37.103736877441406,402500,0.0,0.0
2010-03-22 00:00:00-04:00,37.00119474029633,37.90699884951563,36.83028787405794,37.88990783691406,326300,0.0,0.0
2010-03-23 00:00:00-04:00,38.035176133968044,38.86407230720736,37.82154336847562,38.795711517333984,466100,0.0,0.0
2010-03-24 00:00:00-04:00,38.58137327056673,38.88144930999328,38.0926761374529,38.33273696899414,274600,0.15,0.0
2010-03-25 00:00:00-04:00,38.624241540465604,38.8814500463572,38.11839672829257,38.12697219848633,181400,0.0,0.0
2010-03-26 00:00:00-04:00,38.16983759445105,38.478489092423494,37.79259869169775,38.27272033691406,348600,0.0,0.0
2010-03-29 00:00:00-04:00,38.31557819160564,38.45275623708671,38.066945232696725,38.22984313964844,291500,0.0,0.0
2010-03-30 00:00:00-04:00,38.33273526489769,38.84715551465329,38.28986772839724,38.66710662841797,202100,0.0,0.0
2010-03-31 00:00:00-04:00,38.538484262021235,38.85570779419884,37.99834442138672,37.99834442138672,321500,0.0,0.0
2010-04-01 00:00:00-04:00,38.221284013658554,38.50421239833966,37.989795369510176,38.38418197631836,160100,0.0,0.0
2010-04-05 00:00:00-04:00,38.40989315295809,38.804279670501536,38.255567425122315,38.70139694213867,164100,0.0,0.0
2010-04-06 00:00:00-04:00,38.59850607885642,38.855714480846494,38.35844533974332,38.52134323120117,328800,0.0,0.0
2010-04-07 00:00:00-04:00,38.36703576409534,38.87288061225537,38.32416822182764,38.73570251464844,385300,0.0,0.0
2010-04-08 00:00:00-04:00,38.67566317411684,39.198655367039784,38.18696630184697,39.16436004638672,315700,0.0,0.0
2010-04-09 00:00:00-04:00,39.224390123438106,39.875985110475845,38.94145852643837,39.764530181884766,501100,0.0,0.0
2010-04-12 00:00:00-04:00,39.76453317534895,41.4706852721659,39.75595770599145,40.956268310546875,1171100,0.0,0.0
2010-04-13 00:00:00-04:00,40.89625130053352,41.29921003678471,40.793368566871855,41.00770950317383,303200,0.0,0.0
2010-04-14 00:00:00-04:00,41.213478812579396,41.82220634348502,41.213478812579396,41.78791427612305,365700,0.0,0.0
2010-04-15 00:00:00-04:00,41.63357529956638,41.985094225375796,41.10200754203418,41.33349609375,461000,0.0,0.0
2010-04-16 00:00:00-04:00,41.29065101256856,41.55643503579389,40.673347872475766,41.153472900390625,256300,0.0,0.0
2010-04-19 00:00:00-04:00,41.11915610035049,41.367792321002,40.57044393793505,41.222042083740234,159000,0.0,0.0
2010-04-20 00:00:00-04:00,41.47925460484778,41.75361071319924,41.20489849649633,41.30778121948242,413600,0.0,0.0
2010-04-21 00:00:00-04:00,41.23919390145644,41.71931876529932,41.23919390145644,41.60786056518555,392900,0.0,0.0
2010-04-22 00:00:00-04:00,41.607852744950826,42.851030567782104,41.0334207265277,42.69670486450195,350500,0.0,0.0
2010-04-23 00:00:00-04:00,42.69671332325853,43.8027133256847,42.55953525656418,42.77387619018555,364400,0.0,0.0
2010-04-26 00:00:00-04:00,42.81672725480574,43.57120796673104,42.58523874305883,42.80815505981445,458600,0.0,0.0
2010-04-27 00:00:00-04:00,42.30231782264823,43.24541642242109,39.12149982695017,39.267250061035156,1105500,0.0,0.0
2010-04-28 00:00:00-04:00,39.550193099556296,40.244655685959636,39.121511198583036,39.27583694458008,706300,0.0,0.0
2010-04-29 00:00:00-04:00,39.6359223129674,39.92742609336564,39.24153580730592,39.71308517456055,589800,0.0,0.0
2010-04-30 00:00:00-04:00,39.644498625106095,40.25322606252984,38.778559463175014,38.80427932739258,455800,0.0,0.0
2010-05-03 00:00:00-04:00,38.85572765478849,39.38729230187134,38.19555712781594,39.15580368041992,613700,0.0,0.0
2010-05-04 00:00:00-04:00,38.49561651404289,38.49561651404289,37.37246932506084,37.70684051513672,417800,0.0,0.0
2010-05-05 00:00:00-04:00,37.35534804614963,37.58683671135565,36.223627863309524,36.83235549926758,435400,0.0,0.0
2010-05-06 00:00:00-04:00,36.55798212060451,37.50965620709485,34.56032670216382,36.103580474853516,590600,0.0,0.0
2010-05-07 00:00:00-04:00,36.11215984016884,36.5922847123395,35.19478089932624,35.434844970703125,945400,0.0,0.0
2010-05-10 00:00:00-04:00,37.038109189124235,38.169828910491745,36.575132047496794,38.10123825073242,550700,0.0,0.0
2010-05-11 00:00:00-04:00,37.44107628050411,38.53850418914685,37.321045869539304,37.98979187011719,498700,0.0,0.0
2010-05-12 00:00:00-04:00,38.16125745693004,39.44730302745306,38.16125745693004,39.181522369384766,409700,0.0,0.0
2010-05-13 00:00:00-04:00,38.98433066192774,39.66164553709651,38.82142945666052,39.52446746826172,675300,0.0,0.0
2010-05-14 00:00:00-04:00,39.06148581648862,39.13007320207032,38.27270962351284,38.555641174316406,419800,0.0,0.0
2010-05-17 00:00:00-04:00,38.761401133026766,39.0186095161895,37.218147563468335,38.19554138183594,320800,0.0,0.0
2010-05-18 00:00:00-04:00,38.74426481777854,39.28440487000933,37.981211640347816,38.10981750488281,597700,0.0,0.0
2010-05-19 00:00:00-04:00,38.00693213171694,38.53849667835708,36.86663690861719,37.08955001831055,590600,0.0,0.0
2010-05-20 00:00:00-04:00,35.99211924751143,36.60084654604923,35.297653636838746,35.683467864990234,632900,0.0,0.0
2010-05-21 00:00:00-04:00,34.997593305509845,36.0607259553279,34.73180932540942,35.96641540527344,578300,0.0,0.0
2010-05-24 00:00:00-04:00,35.91495505354875,36.712303338266764,35.76062936808191,36.120723724365234,445600,0.0,0.0
2010-05-25 00:00:00-04:00,35.066171441413935,36.64372054644391,34.72322470400558,36.583702087402344,596900,0.0,0.0
2010-05-26 00:00:00-04:00,36.87520236698228,38.332720958096274,36.84091031293067,37.16670608520508,707300,0.0,0.0
2010-05-27 00:00:00-04:00,37.89546944652722,39.473018504455396,37.7411437463595,39.17293930053711,780700,0.0,0.0
2010-05-28 00:00:00-04:00,39.21581882255103,39.21581882255103,37.8611825463764,38.367027282714844,539500,0.0,0.0
2010-06-01 00:00:00-04:00,38.08409074943275,38.5384956958341,37.56110168414272,37.71542739868164,400900,0.0,0.0
2010-06-02 00:00:00-04:00,38.01550649079435,38.478483672540406,37.5525293090483,38.4184684753418,278500,0.0,0.0
2010-06-03 00:00:00-04:00,38.315573041971305,38.79569777191732,38.0497924542755,38.65851974487305,220000,0.0,0.0
2010-06-04 00:00:00-04:00,37.78401939026917,37.98978812491138,36.395091060829266,36.51512145996094,335800,0.0,0.0
2010-06-07 00:00:00-04:00,36.49796493124067,36.49796493124067,35.14333226490653,35.16905212402344,315500,0.0,0.0
2010-06-08 00:00:00-04:00,35.19479524766172,35.85496598956839,34.80898075296505,35.649200439453125,724200,0.0,0.0
2010-06-09 00:00:00-04:00,35.74348982425767,36.377940372002854,35.391970854321,35.61488723754883,459300,0.0,0.0
2010-06-10 00:00:00-04:00,36.3436412730511,37.321035221280255,36.3436412730511,37.2867431640625,414300,0.0,0.0
2010-06-11 00:00:00-04:00,36.90093576698783,37.86118222993957,36.86664043280807,37.492515563964844,356700,0.0,0.0
2010-06-14 00:00:00-04:00,37.732573469337,38.229845965071526,37.201008912634755,37.37248229980469,323000,0.0,0.0
2010-06-15 00:00:00-04:00,37.50110311401765,38.178418194062296,37.41536475094709,38.058387756347656,632400,0.0,0.0
2010-06-16 00:00:00-04:00,37.70686264557974,38.15269225086892,37.56111235742284,37.92120361328125,323400,0.0,0.0
2010-06-17 00:00:00-04:00,38.04979591427483,38.04979591427483,36.97809145848078,37.38105010986328,233000,0.0,0.0
2010-06-18 00:00:00-04:00,37.466785269877406,37.715421467599064,36.99523600320051,37.16670608520508,377700,0.0,0.0
2010-06-21 00:00:00-04:00,37.75829214414795,38.76998141133191,37.75829214414795,38.07551574707031,515200,0.0,0.0
2010-06-22 00:00:00-04:00,38.25556714572269,38.49563120426001,37.080979799624956,37.14957046508789,373300,0.0,0.0
2010-06-23 00:00:00-04:00,37.04668126177069,37.663984115198886,36.11215478447864,37.13241958618164,302300,0.0,0.0
2010-06-24 00:00:00-04:00,36.90012688292694,37.57119366619039,36.44414594372993,36.80548858642578,345100,0.15,0.0
2010-06-25 00:00:00-04:00,36.99476819144629,37.7432660707924,36.59040572145538,37.71745681762695,414900,0.0,0.0
2010-06-28 00:00:00-04:00,37.88950970294788,38.328283225893166,37.304476151055255,37.77766418457031,205500,0.0,0.0
2010-06-29 00:00:00-04:00,37.19263521973264,37.218444464868895,36.2204465088987,36.44413757324219,791600,0.0,0.0
2010-06-30 00:00:00-04:00,36.41833963276393,36.81409683012828,35.6526312092332,35.76447677612305,331300,0.0,0.0
2010-07-01 00:00:00-04:00,35.84189858028339,36.22044841733883,35.110608152668654,35.89352035522461,542200,0.0,0.0
2010-07-02 00:00:00-04:00,36.10860992111744,36.10860992111744,35.411730655617035,35.73005676269531,224900,0.0,0.0
2010-07-06 00:00:00-04:00,36.17742890930688,36.64201499936401,35.83329361744687,36.254859924316406,700800,0.0,0.0
2010-07-07 00:00:00-04:00,36.44414352837832,37.46795089677948,36.41833427902471,37.42493438720703,390500,0.0,0.0
2010-07-08 00:00:00-04:00,37.889520106984016,38.09600066320314,37.2528646144183,37.58839797973633,464500,0.0,0.0
2010-07-09 00:00:00-04:00,37.424940315597205,38.070197907245436,37.0377851042183,38.06159591674805,330700,0.0,0.0
2010-07-12 00:00:00-04:00,38.01857777027178,38.28528543457644,37.68304433314817,38.19064712524414,326600,0.0,0.0
2010-07-13 00:00:00-04:00,38.526169554499965,39.25746328369652,38.345498260278674,39.04237747192383,408800,0.0,0.0
2010-07-14 00:00:00-04:00,38.97354879225928,39.02517056905716,38.379913127854365,38.71544647216797,385700,0.0,0.0
2010-07-15 00:00:00-04:00,38.7928833458191,38.92193616629866,37.958349212470274,38.164833068847656,470400,0.0,0.0
2010-07-16 00:00:00-04:00,38.01857261568254,38.027177887336926,36.75387008429753,36.80548858642578,337900,0.0,0.0
2010-07-19 00:00:00-04:00,36.93453005285658,37.14101056180147,35.9709466865672,36.719444274902344,405900,0.0,0.0
2010-07-20 00:00:00-04:00,36.20325390481959,37.53678559421622,35.988168042595944,37.46795654296875,658600,0.0,0.0
2010-07-21 00:00:00-04:00,37.69165006913111,38.302493168936664,37.442149665452774,37.769081115722656,577400,0.0,0.0
2010-07-22 00:00:00-04:00,38.28527386081623,39.20584085738556,38.17342832160296,38.68963623046875,1374000,0.0,0.0
2010-07-23 00:00:00-04:00,38.6552307791987,39.429541183119895,38.50036869841446,39.31769561767578,777100,0.0,0.0
2010-07-26 00:00:00-04:00,39.40373461842457,39.601613244529574,38.69825315771972,39.025184631347656,893900,0.0,0.0
2010-07-27 00:00:00-04:00,40.427540449908825,40.427540449908825,37.356111291955976,37.390525817871094,1059100,0.0,0.0
2010-07-28 00:00:00-04:00,37.46795722874112,37.545388271836835,36.392527897939424,36.54738998413086,623700,0.0,0.0
2010-07-29 00:00:00-04:00,36.94313796866591,37.13241453386484,36.03977821267388,36.93453598022461,670200,0.0,0.0
2010-07-30 00:00:00-04:00,36.58179706653024,37.82069022201543,36.45274426031443,37.571189880371094,652100,0.0,0.0
2010-08-02 00:00:00-04:00,38.0787917847918,39.085395119913116,38.01856801829171,38.982154846191406,654900,0.0,0.0
2010-08-03 00:00:00-04:00,38.672428239525736,39.19723812672239,38.311082381968646,38.9305305480957,592700,0.0,0.0
2010-08-04 00:00:00-04:00,38.973558588633594,39.575799674858374,38.896127544948264,39.35211181640625,695000,0.0,0.0
2010-08-05 00:00:00-04:00,39.05099255464322,39.31770023217356,38.887528464385994,39.17144012451172,659400,0.0,0.0
2010-08-06 00:00:00-04:00,38.68103642945743,39.48976128311009,38.62941792863666,39.3262939453125,616900,0.0,0.0
2010-08-09 00:00:00-04:00,39.57577690164595,40.03175762876764,39.386500396675586,39.95432662963867,535200,0.0,0.0
2010-08-10 00:00:00-04:00,39.52418084281952,39.64463169463814,39.00797603425449,39.17144012451172,629800,0.0,0.0
2010-08-11 00:00:00-04:00,38.38852447204079,38.38852447204079,37.39052618436889,37.4765625,367900,0.0,0.0
2010-08-12 00:00:00-04:00,36.86570316716383,36.99475595420216,36.55598238577952,36.68503189086914,570600,0.0,0.0
2010-08-13 00:00:00-04:00,36.47855510800795,37.25286206373724,36.43553531995434,36.93453598022461,330200,0.0,0.0
2010-08-16 00:00:00-04:00,36.61621864045925,37.321700011276036,36.332303724863564,37.132423400878906,291000,0.0,0.0
2010-08-17 00:00:00-04:00,37.47656618956356,38.577804882459766,37.47656618956356,38.242271423339844,328700,0.0,0.0
2010-08-18 00:00:00-04:00,38.15622941288846,38.96495432916779,37.84650853813115,38.706851959228516,352300,0.0,0.0
2010-08-19 00:00:00-04:00,38.37130586168224,38.629411450298264,37.72604845403994,37.90672302246094,397600,0.0,0.0
2010-08-20 00:00:00-04:00,37.57120003180991,37.96696054622678,37.18404807245549,37.880924224853516,337700,0.0,0.0
2010-08-23 00:00:00-04:00,38.1476293521734,38.1476293521734,37.41633872003315,37.4765625,264400,0.0,0.0
2010-08-24 00:00:00-04:00,36.805493378608794,36.891529696607265,35.6612382458037,36.47856521606445,558000,0.0,0.0
2010-08-25 00:00:00-04:00,36.22905389878433,36.564587232986966,35.81608954269271,36.409725189208984,433700,0.0,0.0
2010-08-26 00:00:00-04:00,36.62480978148742,36.814086335814636,35.86770684612741,35.962345123291016,304200,0.0,0.0
2010-08-27 00:00:00-04:00,36.297885341128364,36.83130058974542,35.549387533487625,36.71084976196289,346000,0.0,0.0
2010-08-30 00:00:00-04:00,36.65063208685962,36.934547019516785,36.297891380253766,36.332305908203125,292900,0.0,0.0
2010-08-31 00:00:00-04:00,36.19464961050341,36.95175278493529,36.005372996407964,36.4699592590332,426000,0.0,0.0
2010-09-01 00:00:00-04:00,37.020562325529426,37.622803148385,36.82268380752445,37.4593391418457,244200,0.0,0.0
2010-09-02 00:00:00-04:00,37.545387865604596,37.769079001882986,36.771080724975114,37.132423400878906,557900,0.0,0.0
2010-09-03 00:00:00-04:00,37.588399964690616,38.070193424559726,37.184040819929386,37.54538345336914,309500,0.0,0.0
2010-09-07 00:00:00-04:00,37.38191401288868,37.442137776453706,36.693640085039135,36.917327880859375,341100,0.0,0.0
2010-09-08 00:00:00-04:00,36.90872817519611,37.295880027214565,36.67643509481553,36.79688262939453,262000,0.0,0.0
2010-09-09 00:00:00-04:00,37.31308210035683,37.41632564303056,36.839894016589405,37.19263458251953,251200,0.0,0.0
2010-09-10 00:00:00-04:00,37.201247566569094,37.62281396642097,36.76247062408722,36.848506927490234,283100,0.0,0.0
2010-09-13 00:00:00-04:00,37.2528646694891,37.32169370963007,35.79888565697847,36.22905731201172,766000,0.0,0.0
2010-09-14 00:00:00-04:00,36.203247372923016,36.39252066580471,35.945141759262974,36.125816345214844,529800,0.0,0.0
2010-09-15 00:00:00-04:00,36.12582728802594,36.392531689402766,35.79889581845573,36.28929138183594,286500,0.0,0.0
2010-09-16 00:00:00-04:00,36.1258101370435,36.32368866674829,35.60100029298146,35.988155364990234,248600,0.0,0.0
2010-09-17 00:00:00-04:00,36.117207555594355,36.521569914446665,35.72145046673191,36.04838180541992,658600,0.0,0.0
2010-09-20 00:00:00-04:00,36.151635760307,36.78828813876881,35.92794460315546,36.69365310668945,222500,0.0,0.0
2010-09-21 00:00:00-04:00,36.633411440578385,36.76246093875982,36.05697984646602,36.1344108581543,341700,0.0,0.0
2010-09-22 00:00:00-04:00,35.97955995524395,36.28067882601817,35.50637175176322,35.70425033569336,483500,0.0,0.0
2010-09-23 00:00:00-04:00,35.36872597836444,35.68705219193362,34.59441542433089,34.62882995605469,518800,0.0,0.0
2010-09-24 00:00:00-04:00,35.033183548282494,35.790283361071836,34.49976828869738,35.70425033569336,564000,0.0,0.0
2010-09-27 00:00:00-04:00,35.70425829424587,36.16884461152581,35.49777439258247,35.88492965698242,530500,0.0,0.0
2010-09-28 00:00:00-04:00,35.85050766336395,36.04838953215876,35.23106265122445,35.79888916015625,739700,0.0,0.0
2010-09-29 00:00:00-04:00,35.65210235507181,35.98884969946174,35.31535501068188,35.539852142333984,524500,0.15,0.0
2010-09-30 00:00:00-04:00,35.68664088204437,36.239252238716276,35.38442928186077,35.99748229980469,490000,0.0,0.0
2010-10-01 00:00:00-04:00,36.24788727041717,36.55873199846858,36.04929275945625,36.368770599365234,424900,0.0,0.0
2010-10-04 00:00:00-04:00,36.204695887521616,36.567345681685914,35.35850974064966,35.479393005371094,268000,0.0,0.0
2010-10-05 00:00:00-04:00,35.83341597003998,36.6882386677638,35.75570481570145,36.437835693359375,474200,0.0,0.0
2010-10-06 00:00:00-04:00,36.46373553736902,36.72277160083493,36.32558275059905,36.541446685791016,276500,0.0,0.0
2010-10-07 00:00:00-04:00,36.645077685106116,36.645077685106116,35.84206320506108,35.88523864746094,662800,0.0,0.0
2010-10-08 00:00:00-04:00,35.893868972907235,36.8695752653281,35.816157793974185,36.731422424316406,668400,0.0,0.0
2010-10-11 00:00:00-04:00,36.64509351663178,37.35312759940228,36.62782399097576,37.17180252075195,428700,0.0,0.0
2010-10-12 00:00:00-04:00,37.17178488667728,37.17178488667728,36.39467636376363,36.98182678222656,360600,0.0,0.0
2010-10-13 00:00:00-04:00,37.171779245368235,37.86254336995567,37.03362642045075,37.63804626464844,273300,0.0,0.0
2010-10-14 00:00:00-04:00,37.57760647473372,37.81073999594514,36.85230328446151,37.266761779785156,318500,0.0,0.0
2010-10-15 00:00:00-04:00,37.4999011398323,37.62942088083522,36.8609421347478,37.189056396484375,318200,0.0,0.0
2010-10-18 00:00:00-04:00,37.11998261699641,37.13724884202648,36.56736789514042,37.00773239135742,318900,0.0,0.0
2010-10-19 00:00:00-04:00,36.524175897800184,37.024981790957916,36.28240935286728,36.74003982543945,615200,0.0,0.0
2010-10-20 00:00:00-04:00,36.91275095230134,36.91275095230134,36.54146453886585,36.58463668823242,788400,0.0,0.0
2010-10-21 00:00:00-04:00,36.78322030413882,37.18904563426975,36.50691467752884,36.86956787109375,610000,0.0,0.0
2010-10-22 00:00:00-04:00,37.007725374672724,37.1372418007854,36.247883158283166,36.39467239379883,587600,0.0,0.0
2010-10-25 00:00:00-04:00,36.731417651232434,37.931620919152415,36.731417651232434,37.36174011230469,1004700,0.0,0.0
2010-10-26 00:00:00-04:00,36.43785852098863,36.886856216919526,33.88202852306619,35.842071533203125,1464900,0.0,0.0
2010-10-27 00:00:00-04:00,35.496686040209866,35.496686040209866,34.918168654985365,35.31536102294922,610700,0.0,0.0
2010-10-28 00:00:00-04:00,35.47941507466717,35.71254864185563,35.03041745939575,35.22037887573242,440900,0.0,0.0
2010-10-29 00:00:00-04:00,35.17719390825496,35.66936349505877,35.03904109957007,35.41032409667969,285500,0.0,0.0
2010-11-01 00:00:00-04:00,35.73842918697985,35.73842918697985,34.86634042096478,35.168548583984375,386700,0.0,0.0
2010-11-02 00:00:00-04:00,35.56574644402523,35.729805168960915,34.90952142575083,34.96996307373047,701500,0.0,0.0
2010-11-03 00:00:00-04:00,34.98723345925247,35.11674986794392,34.520966482788374,34.78000259399414,603700,0.0,0.0
2010-11-04 00:00:00-04:00,35.3153562293712,35.824795466209395,35.26354767697584,35.781620025634766,467200,0.0,0.0
2010-11-05 00:00:00-04:00,35.816150549547274,35.98884238933792,35.617556086626045,35.97157287597656,795100,0.0,0.0
2010-11-08 00:00:00-05:00,35.73844878347367,36.15290733165607,35.43624045474393,36.049293518066406,542900,0.0,0.0
2010-11-09 00:00:00-05:00,36.109716459025755,36.109716459025755,35.10810799684902,35.27216339111328,593600,0.0,0.0
2010-11-10 00:00:00-05:00,35.31533775875242,35.367142990228956,34.86634042096478,35.168548583984375,444900,0.0,0.0
2010-11-11 00:00:00-05:00,34.86635698876475,35.393065717870655,34.74547366611556,35.263545989990234,529100,0.0,0.0
2010-11-12 00:00:00-05:00,34.98724419888294,35.30672205764238,34.33965207517321,34.814552307128906,589300,0.0,0.0
2010-11-15 00:00:00-05:00,34.95269029299083,35.34124606069091,34.805904388427734,34.805904388427734,339800,0.0,0.0
2010-11-16 00:00:00-05:00,34.58142915567814,34.59006556446836,33.92520372209025,34.11516189575195,675600,0.0,0.0
2010-11-17 00:00:00-05:00,34.192854698252106,34.719563360860434,33.79566574717219,34.693660736083984,569500,0.0,0.0
2010-11-18 00:00:00-05:00,35.04767170139692,35.997471781419236,35.04767170139692,35.81614685058594,1386300,0.0,0.0
2010-11-19 00:00:00-05:00,35.85069418142036,36.4205750202567,35.41896617339818,36.39467239379883,849900,0.0,0.0
2010-11-22 00:00:00-05:00,36.265141312357805,36.99044427035785,35.902491480268914,36.83502197265625,761600,0.0,0.0
2010-11-23 00:00:00-05:00,36.394678572254726,36.67098428078943,36.29969786735394,36.58463668823242,495500,0.0,0.0
2010-11-24 00:00:00-05:00,36.869579302700586,37.258135239914346,36.78323170897314,37.154518127441406,506400,0.0,0.0
2010-11-26 00:00:00-05:00,36.860940615648104,37.46536055904618,36.83503798604455,37.25813293457031,192700,0.0,0.0
2010-11-29 00:00:00-05:00,36.90410482766372,37.49125178090556,36.67097135069786,37.102699279785156,830100,0.0,0.0
2010-11-30 00:00:00-05:00,36.731417160068816,38.49286810088923,36.68824502103189,37.983428955078125,1085700,0.0,0.0
2010-12-01 00:00:00-05:00,38.54467169478734,40.0643559566751,38.44969101669149,39.82258605957031,915600,0.0,0.0
2010-12-02 00:00:00-05:00,39.727624669353055,40.21979781242151,39.56356915087992,39.96939468383789,630400,0.0,0.0
2010-12-03 00:00:00-05:00,39.770786526444894,40.09026434008505,39.57219203181326,39.908939361572266,321700,0.0,0.0
2010-12-06 00:00:00-05:00,39.89168746859324,40.1938958996226,39.64128431498328,40.10755157470703,406600,0.0,0.0
2010-12-07 00:00:00-05:00,40.51335456305561,41.60131098435612,40.444279794779625,40.5565299987793,977400,0.0,0.0
2010-12-08 00:00:00-05:00,40.521989436442006,40.79829508675119,40.03845290148936,40.452911376953125,429100,0.0,0.0
2010-12-09 00:00:00-05:00,40.69469065017737,40.72059328153112,40.064368034586,40.40111541748047,257200,0.0,0.0
2010-12-10 00:00:00-05:00,40.470184326171875,40.755126405009264,40.34930100563121,40.470184326171875,333800,0.0,0.0
2010-12-13 00:00:00-05:00,40.5824299483418,40.72921587988583,40.40973809830764,40.50471878051758,303500,0.0,0.0
2010-12-14 00:00:00-05:00,40.59107435852961,41.13505268473399,40.58244124584497,40.660152435302734,427700,0.0,0.0
2010-12-15 00:00:00-05:00,40.73786153632401,42.5856571755655,40.73786153632401,41.186859130859375,991000,0.0,0.0
2010-12-16 00:00:00-05:00,41.37680829329252,41.7567310262288,41.14367808112922,41.67038345336914,367200,0.0,0.0
2010-12-17 00:00:00-05:00,41.5235948480627,41.63584503864503,41.31636398035862,41.34226989746094,582700,0.0,0.0
2010-12-20 00:00:00-05:00,41.58403649826329,41.65311455210561,41.09186689301685,41.34226989746094,323000,0.0,0.0
2010-12-21 00:00:00-05:00,41.592674611428095,42.1280197116362,41.44588867009004,42.0244026184082,229100,0.0,0.0
2010-12-22 00:00:00-05:00,42.119382613998944,42.240265926952844,41.8258074423295,42.06757736206055,133800,0.0,0.0
2010-12-23 00:00:00-05:00,42.05025265132011,42.31008877720762,41.91167316391373,41.9723014831543,150300,0.15,0.0
2010-12-27 00:00:00-05:00,41.84239824248666,42.0416061118361,41.695155632273895,41.90302658081055,84300,0.0,0.0
2010-12-28 00:00:00-05:00,41.95497407346273,42.032925233154764,41.14082008645331,41.84238052368164,177100,0.0,0.0
2010-12-29 00:00:00-05:00,41.89434894684077,41.99828603699797,41.625853057256734,41.677818298339844,140700,0.0,0.0
2010-12-30 00:00:00-05:00,41.591207360537666,42.01560558136201,41.44396480147938,41.677818298339844,144400,0.0,0.0
2010-12-31 00:00:00-05:00,41.65183601870787,41.85970689672815,40.950275522384395,40.95893859863281,184100,0.0,0.0
2011-01-03 00:00:00-05:00,41.37469179837646,41.747124913916956,41.331386313685016,41.51327133178711,147400,0.0,0.0
2011-01-04 00:00:00-05:00,41.72113165543414,41.72113165543414,40.447933448242686,41.140830993652344,351700,0.0,0.0
2011-01-05 00:00:00-05:00,41.036892765374,41.47861387047045,40.915636120994414,41.175472259521484,338700,0.0,0.0
2011-01-06 00:00:00-05:00,41.14948332415626,41.296725884419686,40.77705364536227,40.95893859863281,189500,0.0,0.0
2011-01-07 00:00:00-05:00,41.062877243658,41.51326144598913,40.56052779367061,40.9156379699707,229200,0.0,0.0
2011-01-10 00:00:00-05:00,40.88965021036318,42.04159494041202,40.629814071734316,41.88569259643555,363000,0.0,0.0
2011-01-11 00:00:00-05:00,42.076241470109615,42.734493254556185,42.041595769876686,42.3793830871582,202900,0.0,0.0
2011-01-12 00:00:00-05:00,42.613227271115406,43.011642824513196,42.483307575705425,42.80377197265625,270100,0.0,0.0
2011-01-13 00:00:00-05:00,42.82110896180545,42.87307751793248,42.42269327682011,42.68252944946289,114600,0.0,0.0
2011-01-14 00:00:00-05:00,42.67386656989338,43.21952480553083,42.61323824415543,43.011653900146484,136300,0.0,0.0
2011-01-18 00:00:00-05:00,43.13291003047688,43.28881238163249,42.95102505546064,43.21086120605469,263100,0.0,0.0
2011-01-19 00:00:00-05:00,43.176213310377264,43.184876387221095,41.95498049106096,42.06757736206055,378300,0.0,0.0
2011-01-20 00:00:00-05:00,41.894340121303735,42.67385161329198,41.65182690334952,42.29275894165039,530300,0.0,0.0
2011-01-21 00:00:00-05:00,42.55260870960918,42.55260870960918,41.03689400122615,41.10618209838867,318300,0.0,0.0
2011-01-24 00:00:00-05:00,41.17548392559845,41.85105873797576,41.123515361570696,41.51327133178711,269900,0.0,0.0
2011-01-25 00:00:00-05:00,41.340025224693235,41.478604688162754,40.854995450552394,41.41797637939453,328400,0.0,0.0
2011-01-26 00:00:00-05:00,41.52191504747446,41.96363941087054,41.33137032773075,41.72978591918945,534300,0.0,0.0
2011-01-27 00:00:00-05:00,41.74712419540722,42.188845418052225,41.617204439572234,41.90302658081055,313900,0.0,0.0
2011-01-28 00:00:00-05:00,42.00696160437079,42.15420091479757,41.20146702475074,41.66917419433594,467500,0.0,0.0
2011-01-31 00:00:00-05:00,41.573877350261874,43.028963321840635,41.573877350261874,42.561256408691406,587800,0.0,0.0
2011-02-01 00:00:00-05:00,42.80379448244852,43.85180576003253,42.80379448244852,43.70456314086914,487600,0.0,0.0
2011-02-02 00:00:00-05:00,43.44470582850873,44.111620570875615,43.19352950268317,43.28014373779297,815500,0.0,0.0
2011-02-03 00:00:00-05:00,43.098269764234885,43.20220688077622,42.07624788354913,42.613243103027344,580100,0.0,0.0
2011-02-04 00:00:00-05:00,42.64788350299294,44.40611153913314,42.621897575092184,44.284854888916016,949200,0.0,0.0
2011-02-07 00:00:00-05:00,44.27618742276424,45.0730219514846,44.042333918813554,44.83050537109375,544300,0.0,0.0
2011-02-08 00:00:00-05:00,44.79587282890089,45.8178980098972,44.79587282890089,45.79191207885742,405200,0.0,0.0
2011-02-09 00:00:00-05:00,45.55804313927527,45.80921946253171,44.631292309048604,44.726566314697266,515200,0.0,0.0
2011-02-10 00:00:00-05:00,44.54467580485714,45.142299078241706,44.37145066208059,44.639949798583984,426500,0.0,0.0
2011-02-11 00:00:00-05:00,44.475400345222894,44.960430257804965,44.20690441661158,44.76988220214844,361700,0.0,0.0
2011-02-14 00:00:00-05:00,44.71791653282077,45.194283363484615,44.53602825231616,44.977752685546875,204800,0.0,0.0
2011-02-15 00:00:00-05:00,44.61396627539395,44.69191742862972,43.973037507895306,44.3454704284668,238700,0.0,0.0
2011-02-16 00:00:00-05:00,44.49272713152153,44.80453186690398,44.18958547434207,44.423439025878906,262800,0.0,0.0
2011-02-17 00:00:00-05:00,44.26753665818768,44.57067831536714,44.26753665818768,44.423439025878906,262500,0.0,0.0
2011-02-18 00:00:00-05:00,44.58799880826829,44.58799880826829,43.903761042275995,44.17226028442383,261200,0.0,0.0
2011-02-22 00:00:00-05:00,43.70455814076412,43.99038026667704,43.089611711310596,43.418739318847656,541300,0.0,0.0
2011-02-23 00:00:00-05:00,43.48800716030473,43.66989208075335,42.431340024368794,42.561256408691406,552900,0.0,0.0
2011-02-24 00:00:00-05:00,42.561265038702885,42.71716737469778,41.980964468940684,42.16284942626953,694100,0.0,0.0
2011-02-25 00:00:00-05:00,42.31876597034353,42.34474860040087,41.87704143538844,42.04160690307617,443500,0.0,0.0
2011-02-28 00:00:00-05:00,42.214821277347696,42.78646211940963,41.894353503831205,42.00695037841797,533700,0.0,0.0
2011-03-01 00:00:00-05:00,42.29275768159476,42.59589919500583,41.4266352958549,41.6258430480957,483500,0.0,0.0
2011-03-02 00:00:00-05:00,41.651836921915475,42.16284939980114,41.556562905090004,41.8077392578125,271400,0.0,0.0
2011-03-03 00:00:00-05:00,42.13687131437459,43.08094520382376,42.13687131437459,42.84709167480469,232500,0.0,0.0
2011-03-04 00:00:00-05:00,42.68252346740999,43.08960217336159,42.41402755837446,42.60457229614258,301700,0.0,0.0
2011-03-07 00:00:00-05:00,42.68252697776223,42.751818381919016,42.21482321568795,42.62189865112305,502200,0.0,0.0
2011-03-08 00:00:00-05:00,42.665201859206924,44.38012767698859,42.61323661284712,44.15493392944336,389100,0.0,0.0
2011-03-09 00:00:00-05:00,44.128950699229435,44.93444504668433,44.0509995267662,44.89979934692383,492800,0.0,0.0
2011-03-10 00:00:00-05:00,44.336820136725684,44.518708416047296,43.85179353585717,44.284854888916016,412300,0.0,0.0
2011-03-11 00:00:00-05:00,43.825814377852105,44.80453411206951,43.825814377852105,44.66595458984375,233400,0.0,0.0
2011-03-14 00:00:00-04:00,44.32815623598753,44.882474187650445,44.18091367157953,44.30217361450195,332600,0.0,0.0
2011-03-15 00:00:00-04:00,43.10692708593811,44.25886855646744,42.7691397622791,43.93840408325195,236600,0.0,0.0
2011-03-16 00:00:00-04:00,43.886449752197706,44.3108514655908,43.28882608623301,43.297489166259766,315600,0.0,0.0
2011-03-17 00:00:00-04:00,43.921088852881255,44.1462826437211,43.33212505160292,43.418739318847656,137500,0.0,0.0
2011-03-18 00:00:00-04:00,43.98171294146987,44.22422956234341,43.791168179921705,44.146278381347656,522200,0.0,0.0
2011-03-21 00:00:00-04:00,44.726571773786944,44.93444265730067,44.35413878115507,44.64862060546875,175300,0.0,0.0
2011-03-22 00:00:00-04:00,44.72656934469307,44.86514882484412,44.21555689213693,44.24154281616211,99100,0.0,0.0
2011-03-23 00:00:00-04:00,44.30238596389639,44.30238596389639,43.598344515762214,44.11116409301758,128000,0.18,0.0
2011-03-24 00:00:00-04:00,44.337154371034174,44.51099214779465,43.55488934913173,44.345848083496094,193900,0.0,0.0
2011-03-25 00:00:00-04:00,44.510998029652264,44.63268349476065,44.07640518816217,44.17201614379883,215800,0.0,0.0
2011-03-28 00:00:00-04:00,44.198091726952136,44.36323913276557,44.02425723867742,44.13724899291992,282500,0.0,0.0
2011-03-29 00:00:00-04:00,44.067697733203595,44.476212591420236,43.928628210382804,44.450138092041016,92700,0.0,0.0
2011-03-30 00:00:00-04:00,44.56313583286148,45.74522850675951,44.45014080252968,45.38016891479492,315300,0.0,0.0
2011-03-31 00:00:00-04:00,45.267189409569,45.78000575056847,45.12811652507823,45.7017822265625,172200,0.0,0.0
2011-04-01 00:00:00-04:00,45.97122707328173,46.849106409355954,45.693087939156044,46.27544403076172,248700,0.0,0.0
2011-04-04 00:00:00-04:00,46.362353338798236,46.99685833725162,46.03206193012405,46.50142288208008,270200,0.0,0.0
2011-04-05 00:00:00-04:00,46.36235723992446,46.9273291721158,46.1711353584419,46.61442184448242,302400,0.0,0.0
2011-04-06 00:00:00-04:00,46.88385733029201,47.02292685587452,46.33627293838032,46.562259674072266,174100,0.0,0.0
2011-04-07 00:00:00-04:00,46.49274127070703,46.82302942610735,46.17114019711397,46.57965850830078,266800,0.0,0.0
2011-04-08 00:00:00-04:00,45.68438286354826,46.04074872187735,44.86734651834574,45.24979019165039,668100,0.0,0.0
2011-04-11 00:00:00-04:00,45.29325795734534,45.84084576308944,45.29325795734534,45.64093017578125,433100,0.0,0.0
2011-04-12 00:00:00-04:00,45.45840146519503,45.75392467093182,45.19764647558718,45.66700744628906,272000,0.0,0.0
2011-04-13 00:00:00-04:00,45.87560072013427,46.032054345005996,44.98034089000741,45.154178619384766,457700,0.0,0.0
2011-04-14 00:00:00-04:00,44.80651656444051,44.876053003264744,44.25023831656619,44.415382385253906,563300,0.0,0.0
2011-04-15 00:00:00-04:00,44.51969008504979,44.98904781646006,44.18070821182232,44.771751403808594,136000,0.0,0.0
2011-04-18 00:00:00-04:00,44.32845886459867,44.684824773824154,43.9373247408928,44.16331481933594,299300,0.0,0.0
2011-04-19 00:00:00-04:00,44.38061748152169,44.797826167427424,44.04163231577337,44.415382385253906,136600,0.0,0.0
2011-04-20 00:00:00-04:00,45.08465468719618,46.0494512025382,45.06727057787616,45.67570114135742,310500,0.0,0.0
2011-04-21 00:00:00-04:00,45.99729273810362,46.16244009677163,45.7278473687895,46.07551956176758,182600,0.0,0.0
2011-04-25 00:00:00-04:00,45.97122794752066,46.457973099337096,45.51056061955444,46.023380279541016,277400,0.0,0.0
2011-04-26 00:00:00-04:00,44.86735889179048,44.86735889179048,43.18114005344859,43.42451095581055,1700000,0.0,0.0
2011-04-27 00:00:00-04:00,43.41581127969245,43.4505794913646,41.94688583549601,42.4597053527832,1204200,0.0,0.0
2011-04-28 00:00:00-04:00,42.372795638453745,42.58140162972676,42.09465652720956,42.355411529541016,650300,0.0,0.0
2011-04-29 00:00:00-04:00,42.329333087199004,42.65093078297515,42.164185725727364,42.25110626220703,300000,0.0,0.0
2011-05-02 00:00:00-04:00,42.32063464506206,42.781305147711386,42.13810651237713,42.38147735595703,506100,0.0,0.0
2011-05-03 00:00:00-04:00,42.242416034016216,42.38148558817187,41.84259148027868,41.92951202392578,531100,0.0,0.0
2011-05-04 00:00:00-04:00,41.85999512537645,42.18159299776355,41.451476668775776,41.79915237426758,361500,0.0,0.0
2011-05-05 00:00:00-04:00,41.53838171212511,43.00730422110955,41.5036134914476,42.59009552001953,576700,0.0,0.0
2011-05-06 00:00:00-04:00,43.42451106455087,43.8417197477932,42.71177914955191,42.98122787475586,585700,0.0,0.0
2011-05-09 00:00:00-04:00,42.90299213189814,43.155056695173364,42.53793253755486,42.78999710083008,387800,0.0,0.0
2011-05-10 00:00:00-04:00,42.91169409012198,43.11160638930859,42.69439768026523,42.90300369262695,482000,0.0,0.0
2011-05-11 00:00:00-04:00,42.79000151025036,42.88561244518514,42.13811238916365,42.3293342590332,392300,0.0,0.0
2011-05-12 00:00:00-04:00,42.172881475839574,42.95514644789435,42.05119603456525,42.633548736572266,326000,0.0,0.0
2011-05-13 00:00:00-04:00,42.72047409494685,42.894308564554144,41.7556775364985,41.93820571899414,274500,0.0,0.0
2011-05-16 00:00:00-04:00,41.764365598882954,42.112041150020794,41.46015197839719,41.790443420410156,217700,0.0,0.0
2011-05-17 00:00:00-04:00,41.62530109514964,41.64268520638506,40.9907959556178,41.29500961303711,253800,0.0,0.0
2011-05-18 00:00:00-04:00,41.08641441899929,41.69484516072192,41.01687796134834,41.19071578979492,792400,0.0,0.0
2011-05-19 00:00:00-04:00,41.3558520443891,41.64268156549501,40.65181052147114,40.964717864990234,965700,0.0,0.0
2011-05-20 00:00:00-04:00,40.89517505600893,40.89517505600893,40.48666014620761,40.58226776123047,591900,0.0,0.0
2011-05-23 00:00:00-04:00,40.25197959116202,40.3128223077221,39.852151762179446,40.03468322753906,410000,0.0,0.0
2011-05-24 00:00:00-04:00,40.10421334296893,40.434504719385124,39.400175299474384,39.773921966552734,421600,0.0,0.0
2011-05-25 00:00:00-04:00,39.6783207920463,40.5040443934453,39.4610244094298,40.26936721801758,457800,0.0,0.0
2011-05-26 00:00:00-04:00,40.10422279844759,40.599658322042465,39.93038501641713,40.51274108886719,386800,0.0,0.0
2011-05-27 00:00:00-04:00,40.53881219322608,40.6518072394141,40.14767804540575,40.39105224609375,367700,0.0,0.0
2011-05-31 00:00:00-04:00,40.68657887089765,40.79088021384396,40.11291651117306,40.51274108886719,528800,0.0,0.0
2011-06-01 00:00:00-04:00,40.45188068196617,40.51272338173197,38.974265154057264,39.11333465576172,599700,0.0,0.0
2011-06-02 00:00:00-04:00,39.09597006879069,39.487104273723126,38.95690049766806,38.982975006103516,278300,0.0,0.0
2011-06-03 00:00:00-04:00,38.46145472234127,38.93950603880514,38.16593154777973,38.504913330078125,420500,0.0,0.0
2011-06-06 00:00:00-04:00,38.50491397431543,39.3306407978481,38.33107622478025,38.60052490234375,660900,0.0,0.0
2011-06-07 00:00:00-04:00,38.66137650831956,38.86998251887095,37.548819960525634,37.56620407104492,742400,0.0,0.0
2011-06-08 00:00:00-04:00,37.50537119187351,37.783510401867986,37.25330649666572,37.60097885131836,451900,0.0,0.0
2011-06-09 00:00:00-04:00,37.661819383927785,37.72266211995348,37.32283416305263,37.548824310302734,553300,0.0,0.0
2011-06-10 00:00:00-04:00,37.42712427518697,37.91386597399913,37.244592822453264,37.6444206237793,471000,0.0,0.0
2011-06-13 00:00:00-04:00,37.74002823198944,38.14854642836034,37.627036518010414,37.6444206237793,423100,0.0,0.0
2011-06-14 00:00:00-04:00,38.00078594270838,38.71351769033115,38.00078594270838,38.557064056396484,339000,0.0,0.0
2011-06-15 00:00:00-04:00,38.16594411671467,38.19201862680788,37.227225280875516,37.366294860839844,616700,0.0,0.0
2011-06-16 00:00:00-04:00,37.444521706799804,37.65312441890614,37.28806801487989,37.366294860839844,748100,0.0,0.0
2011-06-17 00:00:00-04:00,37.679194869409585,37.92256909488605,37.035999374753125,37.69657897949219,1028100,0.0,0.0
2011-06-20 00:00:00-04:00,37.50535626522249,37.50535626522249,37.13160622884996,37.374977111816406,459900,0.0,0.0
2011-06-21 00:00:00-04:00,37.548815531357164,37.6009645410836,37.33151914901792,37.46189498901367,474500,0.0,0.0
2011-06-22 00:00:00-04:00,37.314147430309774,37.62705485528457,36.93170686405212,37.322837829589844,640600,0.0,0.0
2011-06-23 00:00:00-04:00,36.89693930880459,37.566212798727854,36.77525382257869,37.52275085449219,857200,0.0,0.0
2011-06-24 00:00:00-04:00,37.6274825263708,37.86314565239208,37.11251569459751,37.41800308227539,829200,0.18,0.0
2011-06-27 00:00:00-04:00,37.374360011064915,37.55765243145285,37.112513220573206,37.287078857421875,480500,0.0,0.0
2011-06-28 00:00:00-04:00,37.40054662779288,37.53147169809976,37.31326546729685,37.37436294555664,320900,0.0,0.0
2011-06-29 00:00:00-04:00,37.54892393053842,38.06389070442954,37.26089014347753,37.50528335571289,288300,0.0,0.0
2011-06-30 00:00:00-04:00,37.644934315457824,38.02024924342187,37.522739376969504,37.59256362915039,296700,0.0,0.0
2011-07-01 00:00:00-04:00,37.66239790055564,38.14245095684008,37.45291844768015,38.09008026123047,514500,0.0,0.0
2011-07-05 00:00:00-04:00,38.04643718810866,38.07262086941729,37.45291599498637,37.618751525878906,560500,0.0,0.0
2011-07-06 00:00:00-04:00,37.54892307422875,37.854410420603216,37.339443658456005,37.409271240234375,766400,0.0,0.0
2011-07-07 00:00:00-04:00,37.758393657332604,37.95041614967439,37.65365562949248,37.74094009399414,355000,0.0,0.0
2011-07-08 00:00:00-04:00,37.39181348767468,37.671117149261086,37.19979097174817,37.31325912475586,287900,0.0,0.0
2011-07-11 00:00:00-04:00,36.92921572884307,36.92921572884307,36.388061995970425,36.7546501159668,356700,0.0,0.0
2011-07-12 00:00:00-04:00,36.66737190002296,37.47909930824654,36.49280958692934,37.18233871459961,617600,0.0,0.0
2011-07-13 00:00:00-04:00,37.24343276479219,38.52648629131575,37.234705981765195,38.2122688293457,1087300,0.0,0.0
2011-07-14 00:00:00-04:00,38.16862351837326,38.71850400858087,37.313255716695856,37.339439392089844,682900,0.0,0.0
2011-07-15 00:00:00-04:00,37.365627215691624,37.44418157315662,36.789563037469,36.8419303894043,471600,0.0,0.0
2011-07-18 00:00:00-04:00,36.79829234686177,36.79829234686177,35.79454252471307,36.01274871826172,359200,0.0,0.0
2011-07-19 00:00:00-04:00,36.204785407498335,36.85067745826364,36.204785407498335,36.80703353881836,489000,0.0,0.0
2011-07-20 00:00:00-04:00,36.92049239559614,37.400545421972716,36.719743069277314,37.06887435913086,556500,0.0,0.0
2011-07-21 00:00:00-04:00,37.13869087819038,37.98533191539594,35.96037884727633,36.248409271240234,2330500,0.0,0.0
2011-07-22 00:00:00-04:00,36.14367797754557,37.138697803333535,36.10876418341481,36.67610168457031,618100,0.0,0.0
2011-07-25 00:00:00-04:00,36.27460099785727,36.7371970905682,35.855645480570715,35.977840423583984,824300,0.0,0.0
2011-07-26 00:00:00-04:00,32.24214430600454,35.00027031777831,32.24214430600454,32.713470458984375,3905700,0.0,0.0
2011-07-27 00:00:00-04:00,32.40799421184703,32.40799421184703,31.273322341712277,31.35187339782715,1157600,0.0,0.0
2011-07-28 00:00:00-04:00,30.767071651446525,31.334409056276762,30.5837792577243,31.15984344482422,1460800,0.0,0.0
2011-07-29 00:00:00-04:00,30.819438325508738,32.39052196512911,30.58377528013143,32.27705383300781,1673200,0.0,0.0
2011-08-01 00:00:00-04:00,32.6610936530811,32.844389342360415,31.43041114852194,31.901737213134766,1207800,0.0,0.0
2011-08-02 00:00:00-04:00,31.727180334413006,31.727180334413006,30.531411283671332,30.54886817932129,1003800,0.0,0.0
2011-08-03 00:00:00-04:00,30.618698368549403,30.83690458840658,29.457839680719125,30.129915237426758,1476300,0.0,0.0
2011-08-04 00:00:00-04:00,29.780777606936905,29.95534321153168,29.248354011225725,29.2919979095459,1167200,0.0,0.0
2011-08-05 00:00:00-04:00,29.684771294793038,30.033902562046457,28.803219672843813,29.19599151611328,995400,0.0,0.0
2011-08-08 00:00:00-04:00,28.253335925173474,28.864313909597353,27.31941371895666,27.328142166137695,1177000,0.0,0.0
2011-08-09 00:00:00-04:00,27.81693342469664,28.139879406529406,26.45532522888351,28.131149291992188,1657300,0.0,0.0
2011-08-10 00:00:00-04:00,27.476526660688382,27.659820750092894,25.966540026747715,25.992725372314453,1914800,0.0,0.0
2011-08-11 00:00:00-04:00,26.123655495589944,27.82566344082341,25.826894828563887,27.371795654296875,1013500,0.0,0.0
2011-08-12 00:00:00-04:00,27.616176419088443,28.01767503206162,27.136123440136824,27.36305809020996,583900,0.0,0.0
2011-08-15 00:00:00-04:00,27.63363809538572,28.04386689197118,27.581269063934077,28.008953094482422,498600,0.0,0.0
2011-08-16 00:00:00-04:00,27.703458381968314,27.851838661505248,27.2146769701683,27.232133865356445,639900,0.0,0.0
2011-08-17 00:00:00-04:00,27.4241557975533,27.624905105775422,26.429136039599115,26.690982818603516,452700,0.0,0.0
2011-08-18 00:00:00-04:00,26.00144863555821,26.027632311121998,24.57874344099702,24.831863403320312,783600,0.0,0.0
2011-08-19 00:00:00-04:00,24.482738342723103,25.050075872609312,24.05505433165083,24.116151809692383,1208900,0.0,0.0
2011-08-22 00:00:00-04:00,24.779497172263728,24.82313941400851,24.28198726984232,24.482736587524414,559400,0.0,0.0
2011-08-23 00:00:00-04:00,24.58747661275952,25.818159544188205,24.25580389522624,25.774518966674805,706500,0.0,0.0
2011-08-24 00:00:00-04:00,25.626135515038566,26.280754085771928,25.46029834431407,26.132373809814453,306000,0.0,0.0
2011-08-25 00:00:00-04:00,26.333117759078526,26.402943659189283,24.98896710097048,25.119892120361328,569900,0.0,0.0
2011-08-26 00:00:00-04:00,25.48648328844935,26.455317625953548,25.137352057685614,26.437862396240234,604400,0.0,0.0
2011-08-29 00:00:00-04:00,26.795721253748827,27.563806323111447,26.68225310074114,27.493980407714844,974900,0.0,0.0
2011-08-30 00:00:00-04:00,27.354336273828157,27.476531243959894,26.848097828563183,27.162315368652344,771700,0.0,0.0
2011-08-31 00:00:00-04:00,27.37178844117802,27.912938928008824,27.083756300824508,27.249591827392578,647500,0.0,0.0
2011-09-01 00:00:00-04:00,27.35432856805094,27.738371934998277,26.429134773150714,26.455318450927734,369600,0.0,0.0
2011-09-02 00:00:00-04:00,25.975268764124095,26.010180893819985,25.111172328188623,25.320650100708008,585200,0.0,0.0
2011-09-06 00:00:00-04:00,24.604929216896384,25.346830558655142,24.48273262457192,25.30318832397461,702800,0.0,0.0
2011-09-07 00:00:00-04:00,25.71341707623275,26.74335057725105,25.634864378069707,26.56878662109375,355200,0.0,0.0
2011-09-08 00:00:00-04:00,26.333124182545745,26.61242785111962,25.83561431480089,26.00145149230957,433700,0.0,0.0
2011-09-09 00:00:00-04:00,25.678504286329368,25.88798202716533,25.06752629363866,25.355558395385742,640300,0.0,0.0
2011-09-12 00:00:00-04:00,24.997707661831182,25.56504524807212,24.954067077404147,25.547588348388672,674000,0.0,0.0
2011-09-13 00:00:00-04:00,25.65232253907217,26.333126540775407,25.53012758932338,25.992725372314453,438600,0.0,0.0
2011-09-14 00:00:00-04:00,26.114920691473422,26.83063683260852,25.565041745044205,26.42913818359375,442400,0.0,0.0
2011-09-15 00:00:00-04:00,26.690982371100805,27.301960398242333,26.41167870090394,27.179763793945312,463200,0.0,0.0
2011-09-16 00:00:00-04:00,27.083755070561576,27.729645244900553,26.516417599313243,26.83063507080078,1521600,0.0,0.0
2011-09-19 00:00:00-04:00,26.289492098983764,26.359318038677966,25.661056976954224,26.167295455932617,351100,0.0,0.0
2011-09-20 00:00:00-04:00,26.254567857034093,26.43786191633598,25.37301467844183,25.407928466796875,514300,0.0,0.0
2011-09-21 00:00:00-04:00,25.434112066899758,25.434112066899758,23.86302822082407,23.88921356201172,733500,0.0,0.0
2011-09-22 00:00:00-04:00,23.182228240113258,23.217142034247832,21.27074296034121,22.073741912841797,1575800,0.0,0.0
2011-09-23 00:00:00-04:00,22.05628185885333,23.697191658343908,21.91663003186609,23.68846321105957,924200,0.0,0.0
2011-09-26 00:00:00-04:00,23.854300623517926,24.980245362980252,23.29569330986406,24.945331573486328,817200,0.0,0.0
2011-09-27 00:00:00-04:00,25.565041383412368,26.551332759487572,25.460301665926742,25.992725372314453,982700,0.0,0.0
2011-09-28 00:00:00-04:00,26.01907810917363,26.124454798259553,24.903850555419922,24.903850555419922,560000,0.18,0.0
2011-09-29 00:00:00-04:00,25.580007547963984,25.86979130293908,24.877501982844162,25.448287963867188,451500,0.0,0.0
2011-09-30 00:00:00-04:00,24.675523170819137,24.675523170819137,22.5328794378086,22.638256072998047,1720500,0.0,0.0
2011-10-03 00:00:00-04:00,22.488973940461538,24.02570582089344,22.251877762646316,22.322128295898438,1371600,0.0,0.0
2011-10-04 00:00:00-04:00,22.041127598385618,23.042198181152344,21.531810780410712,23.042198181152344,1300000,0.0,0.0
2011-10-05 00:00:00-04:00,23.103669632532792,23.858864250117605,22.963168542038655,23.551517486572266,752800,0.0,0.0
2011-10-06 00:00:00-04:00,23.507611225888695,25.02678029441453,23.44614220893986,24.675527572631836,385200,0.0,0.0
2011-10-07 00:00:00-04:00,24.816023712560238,24.912618819876997,23.81495323638568,24.052047729492188,478400,0.0,0.0
2011-10-10 00:00:00-04:00,24.684311152356127,25.492193317078254,24.535028523823605,25.48341178894043,370800,0.0,0.0
2011-10-11 00:00:00-04:00,25.228750770612432,25.544879062312397,25.044343717057533,25.33412742614746,393300,0.0,0.0
2011-10-12 00:00:00-04:00,25.588786210053954,26.440575996600106,25.580004682110623,26.203479766845703,336900,0.0,0.0
2011-10-13 00:00:00-04:00,25.93125731318633,26.221041015725266,25.263876309631936,25.790756225585938,360300,0.0,0.0
2011-10-14 00:00:00-04:00,26.177133503490822,26.177133503490822,25.14093672133265,25.913694381713867,604900,0.0,0.0
2011-10-17 00:00:00-04:00,25.74685736848468,25.869795443330208,24.824818457331897,24.903850555419922,483900,0.0,0.0
2011-10-18 00:00:00-04:00,24.99165453586369,25.975163845576557,24.666746391739835,25.738067626953125,933700,0.0,0.0
2011-10-19 00:00:00-04:00,25.755630049255835,25.96638168010836,25.14971806373915,25.237531661987305,641100,0.0,0.0
2011-10-20 00:00:00-04:00,25.29021742289416,25.448281553959305,24.052050629423807,24.543806076049805,1140200,0.0,0.0
2011-10-21 00:00:00-04:00,24.877498626708984,25.20240845356033,24.57015185534261,24.877498626708984,1195100,0.0,0.0
2011-10-24 00:00:00-04:00,25.044338501501493,26.440569265867076,24.98286949645096,25.86100196838379,956900,0.0,0.0
2011-10-25 00:00:00-04:00,30.67316774615602,30.67316774615602,27.74898665935003,28.188051223754883,2986800,0.0,0.0
2011-10-26 00:00:00-04:00,28.86421743013308,28.916906591710706,28.152932172790166,28.354902267456055,1559200,0.0,0.0
2011-10-27 00:00:00-04:00,29.268158605858957,30.339478006281144,28.697371125861025,30.02334976196289,1151600,0.0,0.0
2011-10-28 00:00:00-04:00,29.847721650977387,30.1550666500349,29.514030402136907,29.795032501220703,527200,0.0,0.0
2011-10-31 00:00:00-04:00,29.276939817570415,29.52281586354972,28.267086029052734,28.267086029052734,901100,0.0,0.0
2011-11-01 00:00:00-04:00,27.828025214614847,27.95974478218497,26.87086045541735,27.327489852905273,863000,0.0,0.0
2011-11-02 00:00:00-04:00,27.889492266134447,28.346119956489847,27.397738466956675,28.293434143066406,1114300,0.0,0.0
2011-11-03 00:00:00-04:00,28.53052624656925,29.259374475776337,28.152929005600768,29.136436462402344,687900,0.0,0.0
2011-11-04 00:00:00-04:00,28.758838352404144,29.32962579703216,28.35489822072161,29.197904586791992,582400,0.0,0.0
2011-11-07 00:00:00-05:00,29.10130797678446,29.36474703385416,28.21439570302763,29.022275924682617,576400,0.0,0.0
2011-11-08 00:00:00-05:00,29.180350899031094,29.549168396166536,28.363687173028257,29.47891616821289,516700,0.0,0.0
2011-11-09 00:00:00-05:00,28.319773934034156,28.627118977890476,27.538236522676883,27.819238662719727,513000,0.0,0.0
2011-11-10 00:00:00-05:00,27.74898997335752,28.416370937800746,27.362611167647238,27.959741592407227,502600,0.0,0.0
2011-11-11 00:00:00-05:00,28.310997879985184,29.259379392381472,28.267088567993625,29.057409286499023,422600,0.0,0.0
2011-11-14 00:00:00-05:00,28.85543520752309,29.320844372221938,28.837872155106755,29.074968338012695,648000,0.0,0.0
2011-11-15 00:00:00-05:00,28.881779142907348,29.118875334282425,28.39002705692335,28.706151962280273,846500,0.0,0.0
2011-11-16 00:00:00-05:00,28.363676956412426,28.56564701431351,27.85436021154183,27.88948631286621,862300,0.0,0.0
2011-11-17 00:00:00-05:00,27.89827397665167,27.90705550391496,27.06404731059456,27.178205490112305,562500,0.0,0.0
2011-11-18 00:00:00-05:00,27.38895392863434,27.64361148997947,27.090388736088418,27.54701805114746,749600,0.0,0.0
2011-11-21 00:00:00-05:00,27.099168082879743,27.34504409821015,26.76547681221028,27.14307403564453,411500,0.0,0.0
2011-11-22 00:00:00-05:00,27.064047724147436,27.24845644968432,26.651325985896456,26.870859146118164,534300,0.0,0.0
2011-11-23 00:00:00-05:00,26.624976525617736,26.730353160175852,25.957595639829098,25.97515869140625,345800,0.0,0.0
2011-11-25 00:00:00-05:00,25.86978716376295,26.185915454938907,25.553660547492104,25.606348037719727,109000,0.0,0.0
2011-11-28 00:00:00-05:00,26.502036080881783,27.020134330500703,26.25615840609335,26.57228660583496,777600,0.0,0.0
2011-11-29 00:00:00-05:00,26.67767306778429,27.081615016752906,26.563516543563697,26.967456817626953,418300,0.0,0.0
2011-11-30 00:00:00-05:00,28.21440423721663,29.101316779243497,27.880712877429623,29.09253692626953,519800,0.0,0.0
2011-12-01 00:00:00-05:00,28.943247762645917,29.628193422857247,28.66224561736274,29.28571891784668,866500,0.0,0.0
2011-12-02 00:00:00-05:00,29.672101725096528,29.909197932007398,29.435005518185662,29.83016586303711,534800,0.0,0.0
2011-12-05 00:00:00-05:00,30.2516631741888,30.831230449566227,29.85650290692932,30.39216423034668,632800,0.0,0.0
2011-12-06 00:00:00-05:00,30.22531757742508,30.629261053706013,29.944315459026726,30.488759994506836,332300,0.0,0.0
2011-12-07 00:00:00-05:00,30.25165711259724,30.67316019661337,29.733558943738274,30.567785263061523,356200,0.0,0.0
2011-12-08 00:00:00-05:00,30.198980077206954,30.348264363575776,29.47013174906061,29.549163818359375,317700,0.0,0.0
2011-12-09 00:00:00-05:00,29.795034051382842,30.576571389484194,29.698438946707945,30.51510238647461,390600,0.0,0.0
2011-12-12 00:00:00-05:00,30.023347448309035,30.269226813725176,29.5228122166472,30.198974609375,586000,0.0,0.0
2011-12-13 00:00:00-05:00,30.436072313563113,30.910264667479343,29.601845768668184,29.803815841674805,704000,0.0,0.0
2011-12-14 00:00:00-05:00,29.51404271753057,29.90920313107207,28.065122317815316,28.091466903686523,746400,0.0,0.0
2011-12-15 00:00:00-05:00,28.504178078393384,28.82030629143144,28.231959167017926,28.59199333190918,638600,0.0,0.0
2011-12-16 00:00:00-05:00,29.22424831411853,29.487690742037657,28.47783703450665,28.73249626159668,1187100,0.0,0.0
2011-12-19 00:00:00-05:00,28.785183144471723,29.259375512698846,28.091459319541702,28.22317886352539,400400,0.0,0.0
2011-12-20 00:00:00-05:00,28.90811796608677,29.85650259768649,28.899338115709458,29.57550048828125,349100,0.0,0.0
2011-12-21 00:00:00-05:00,29.60185547763431,30.049705075379716,29.16278908366236,29.935546875,245200,0.0,0.0
2011-12-22 00:00:00-05:00,30.102376248677864,30.427287633954318,29.812594311587834,29.891626358032227,162100,0.0,0.0
2011-12-23 00:00:00-05:00,29.988222700519287,30.08481445035932,29.636968401759912,29.795032501220703,132700,0.0,0.0
2011-12-27 00:00:00-05:00,29.426217807663832,29.90919334948907,29.3823118538096,29.58428192138672,183600,0.0,0.0
2011-12-28 00:00:00-05:00,29.469522035888232,29.504833462088563,28.516042804592846,28.683786392211914,234800,0.18,0.0
2011-12-29 00:00:00-05:00,28.816203058009926,30.237591090453456,28.772061262825357,30.06985092163086,471400,0.0,0.0
2011-12-30 00:00:00-05:00,30.069851901202195,30.361190453153622,29.787340361454,29.796167373657227,171300,0.0,0.0
2012-01-03 00:00:00-05:00,30.793783447931837,31.14692113487576,30.467126793560276,30.670185089111328,391500,0.0,0.0
2012-01-04 00:00:00-05:00,30.502441380733885,31.385290644244577,30.370016011888882,31.182235717773438,301500,0.0,0.0
2012-01-05 00:00:00-05:00,30.84676074512069,31.561870062441248,29.84914322111248,31.37647247314453,506800,0.0,0.0
2012-01-06 00:00:00-05:00,31.34999755101392,31.59719780589737,30.47597806152655,31.2352294921875,546300,0.0,0.0
2012-01-09 00:00:00-05:00,31.34998503086506,31.888523777901373,31.252874412442015,31.853212356567383,798200,0.0,0.0
2012-01-10 00:00:00-05:00,32.40939690467758,33.5306159166986,32.35642810221855,33.51295852661133,649900,0.0,0.0
2012-01-11 00:00:00-05:00,33.34522024602262,33.72484573472171,32.93027997516478,33.55710220336914,600200,0.0,0.0
2012-01-12 00:00:00-05:00,33.601242836616976,34.025010062003,33.150987844280074,33.795467376708984,625700,0.0,0.0
2012-01-13 00:00:00-05:00,33.46881975582905,33.53061894281044,32.453541624900836,33.407020568847656,409200,0.0,0.0
2012-01-17 00:00:00-05:00,33.99852512915385,34.05149729966879,33.01856523314858,33.680702209472656,357000,0.0,0.0
2012-01-18 00:00:00-05:00,33.371696574145986,33.96320724487305,32.48002043110637,33.96320724487305,666500,0.0,0.0
2012-01-19 00:00:00-05:00,33.85728971619033,33.96323412086894,33.17749830909587,33.36289596557617,770100,0.0,0.0
2012-01-20 00:00:00-05:00,33.34522255525146,33.40702174440751,32.60362891757569,32.75371170043945,395000,0.0,0.0
2012-01-23 00:00:00-05:00,32.86847972823324,33.65421508296009,32.329941105024176,32.59479522705078,414900,0.0,0.0
2012-01-24 00:00:00-05:00,32.37408466668387,33.09802424589847,32.303458468591636,32.886138916015625,432700,0.0,0.0
2012-01-25 00:00:00-05:00,32.833169106402515,33.70719152439148,32.31228780771892,33.6189079284668,226400,0.0,0.0
2012-01-26 00:00:00-05:00,33.84845051449394,33.98970630207614,32.78903042372565,32.92145919799805,262000,0.0,0.0
2012-01-27 00:00:00-05:00,32.753720664868574,33.43351529944261,32.67426406166371,33.21280288696289,249000,0.0,0.0
2012-01-30 00:00:00-05:00,32.77136690884339,32.91262267004433,32.25048565795189,32.4447135925293,394300,0.0,0.0
2012-01-31 00:00:00-05:00,32.79786969802296,32.96560993882116,31.74727633569474,31.95916175842285,493900,0.0,0.0
2012-02-01 00:00:00-05:00,32.45355363898047,32.63012425335099,32.0651009816088,32.31229782104492,831800,0.0,0.0
2012-02-02 00:00:00-05:00,32.444726378395075,34.45762261070424,32.02978594293318,34.113311767578125,572700,0.0,0.0
2012-02-03 00:00:00-05:00,34.51058123326457,35.28748960440817,34.51058123326457,35.18154525756836,453300,0.0,0.0
2012-02-06 00:00:00-05:00,34.84607632352101,35.11975755617314,34.63419092836069,34.83724594116211,513300,0.0,0.0
2012-02-07 00:00:00-05:00,34.74012736739635,34.92552832667424,34.351674789859345,34.731300354003906,642300,0.0,0.0
2012-02-08 00:00:00-05:00,34.70482169471245,34.86373490452892,34.12214104798682,34.43113708496094,299200,0.0,0.0
2012-02-09 00:00:00-05:00,34.43113209935938,34.748958472971296,34.289876307510056,34.581214904785156,390200,0.0,0.0
2012-02-10 00:00:00-05:00,34.025013587606196,34.64300878492218,33.91024223306681,34.55472183227539,406400,0.0,0.0
2012-02-13 00:00:00-05:00,34.8725505172683,35.29631781562025,34.448783218916354,34.943180084228516,323000,0.0,0.0
2012-02-14 00:00:00-05:00,34.793104760114936,34.90787615822133,34.14862491626301,34.590049743652344,335600,0.0,0.0
2012-02-15 00:00:00-05:00,34.73129873487261,34.899038923938456,34.06033461080575,34.263389587402344,512800,0.0,0.0
2012-02-16 00:00:00-05:00,34.28105610549557,35.102103243394765,34.219253526965474,34.987335205078125,309500,0.0,0.0
2012-02-17 00:00:00-05:00,35.04913108249081,35.28750088739332,34.91670229049916,35.1727294921875,280500,0.0,0.0
2012-02-21 00:00:00-05:00,35.172732837255225,35.24335906331128,34.71365058057546,34.987335205078125,408900,0.0,0.0
2012-02-22 00:00:00-05:00,34.9696752985478,35.0667892992386,34.42230945660457,34.93436050415039,408500,0.0,0.0
2012-02-23 00:00:00-05:00,34.810761834808005,35.38461545221876,34.616533834858984,35.26984405517578,325700,0.0,0.0
2012-02-24 00:00:00-05:00,35.24335716375246,35.24335716375246,34.34285346519811,34.43113708496094,346600,0.0,0.0
2012-02-27 00:00:00-05:00,34.060337734313,34.987329101282455,33.63656698068898,34.598873138427734,322500,0.0,0.0
2012-02-28 00:00:00-05:00,34.59004020558076,34.66066640722998,33.919072766995356,34.20158767700195,339100,0.0,0.0
2012-02-29 00:00:00-05:00,34.316359493740784,35.02263842783071,34.02502090684277,34.545902252197266,424300,0.0,0.0
2012-03-01 00:00:00-05:00,34.68716098924604,35.06678658007067,34.52824779458439,34.87255859375,365900,0.0,0.0
2012-03-02 00:00:00-05:00,34.73130523190196,35.66712706970599,34.55473462902141,35.26984405517578,693100,0.0,0.0
2012-03-05 00:00:00-05:00,35.137425895440145,35.375795776301146,34.748973145780646,34.99617004394531,499200,0.0,0.0
2012-03-06 00:00:00-05:00,34.44878092681053,34.51058010988725,33.74250214321736,33.87492752075195,546000,0.0,0.0
2012-03-07 00:00:00-05:00,34.02502490534643,34.342851304987654,33.874938719825174,34.21042251586914,242800,0.0,0.0
2012-03-08 00:00:00-05:00,34.501763120209134,35.225699504648794,34.30753513537766,34.9520149230957,327600,0.0,0.0
2012-03-09 00:00:00-05:00,34.90787706756189,36.461691018614935,34.60770804240566,36.073238372802734,444200,0.0,0.0
2012-03-12 00:00:00-04:00,36.082071895270545,36.302784354520945,35.98495787435159,36.13504409790039,396200,0.0,0.0
2012-03-13 00:00:00-04:00,36.49699436896152,37.450469970703125,36.30276642306095,37.450469970703125,559500,0.0,0.0
2012-03-14 00:00:00-04:00,37.326873193421626,37.79478568607504,36.938420652772834,37.229759216308594,457900,0.0,0.0
2012-03-15 00:00:00-04:00,37.12382130318453,37.759474029472806,36.911939306290854,37.724159240722656,504500,0.0,0.0
2012-03-16 00:00:00-04:00,37.52109845479329,37.52109845479329,36.75302044117416,37.079673767089844,1294400,0.0,0.0
2012-03-19 00:00:00-04:00,37.08849983528496,37.185613802957135,36.5323071677493,36.80598831176758,681600,0.0,0.0
2012-03-20 00:00:00-04:00,36.55879191880258,36.620591104672854,35.508202391204854,35.61414337158203,634000,0.0,0.0
2012-03-21 00:00:00-04:00,35.61413605409195,35.84367535904719,35.15505407637913,35.199195861816406,557900,0.0,0.0
2012-03-22 00:00:00-04:00,34.71362832566201,34.84605704534809,34.007349678874824,34.828399658203125,903000,0.0,0.0
2012-03-23 00:00:00-04:00,34.740117807211156,34.907861325738914,33.68070136587015,34.77543258666992,541600,0.0,0.0
2012-03-26 00:00:00-04:00,35.119752198401066,35.411094151324676,34.85489802070916,35.2256965637207,353200,0.0,0.0
2012-03-27 00:00:00-04:00,35.137418780975516,35.6847846737142,35.137418780975516,35.34930419921875,402800,0.0,0.0
2012-03-28 00:00:00-04:00,35.340421464477735,35.40249972827188,34.781717090330446,35.278343200683594,358400,0.18,0.0
2012-03-29 00:00:00-04:00,35.003427580976854,35.641947375255405,34.71076999704819,35.47344970703125,343400,0.0,0.0
2012-03-30 00:00:00-04:00,35.739498138427734,35.82818378812312,35.37589543220571,35.739498138427734,461400,0.0,0.0
2012-04-02 00:00:00-04:00,35.44685796627988,35.89914311800174,35.05664771936937,35.367042541503906,540300,0.0,0.0
2012-04-03 00:00:00-04:00,35.41138369237657,35.7483825284321,35.127596267175996,35.367042541503906,520300,0.0,0.0
2012-04-04 00:00:00-04:00,34.914727004098474,34.914727004098474,34.18752186655795,34.80830764770508,662500,0.0,0.0
2012-04-05 00:00:00-04:00,34.693037925154144,35.109852102555166,34.18754146375866,34.267356872558594,548100,0.0,0.0
2012-04-09 00:00:00-04:00,33.513551397371,33.83281307151256,33.48694400251741,33.65544509887695,393800,0.0,0.0
2012-04-10 00:00:00-04:00,33.48694346554889,33.77960112315673,32.60897725875065,32.76860809326172,737000,0.0,0.0
2012-04-11 00:00:00-04:00,33.18542117228644,33.48694572638529,33.0878719961772,33.362789154052734,494100,0.0,0.0
2012-04-12 00:00:00-04:00,33.398256240149,34.480197651392466,33.37165223266339,34.07225036621094,337000,0.0,0.0
2012-04-13 00:00:00-04:00,33.9569608304897,34.05451335928902,33.353911909741015,33.78845977783203,340300,0.0,0.0
2012-04-16 00:00:00-04:00,34.06337677426734,34.2762189412173,33.469198170843285,33.992431640625,337300,0.0,0.0
2012-04-17 00:00:00-04:00,34.32943101912798,34.79945654020269,34.285089882463694,34.2939567565918,272600,0.0,0.0
2012-04-18 00:00:00-04:00,34.072250765963034,34.22301470384534,33.77072965622279,33.8416748046875,283500,0.0,0.0
2012-04-19 00:00:00-04:00,33.921488668167704,34.16980175101789,33.12333464041777,33.49580764770508,324600,0.0,0.0
2012-04-20 00:00:00-04:00,33.67318747937559,34.54228695934698,33.57563491008059,34.38265609741211,456500,0.0,0.0
2012-04-23 00:00:00-04:00,33.84166652586962,33.974693298339844,33.282958817710565,33.974693298339844,559300,0.0,0.0
2012-04-24 00:00:00-04:00,34.67530579530825,38.4709683155942,34.586623498517156,37.77036666870117,1671700,0.0,0.0
2012-04-25 00:00:00-04:00,38.586249594775616,39.10948319686576,37.29146928553977,37.54865264892578,611400,0.0,0.0
2012-04-26 00:00:00-04:00,37.5486430574443,38.54189860696015,37.49543167009094,38.071876525878906,480500,0.0,0.0
2012-04-27 00:00:00-04:00,38.21377362544531,38.79021853327014,37.805829767944665,38.73700714111328,629600,0.0,0.0
2012-04-30 00:00:00-04:00,38.568512454900585,38.61285359361937,37.93885610625047,38.48869705200195,835000,0.0,0.0
2012-05-01 00:00:00-04:00,38.42661365321142,39.45534349605999,38.2403754826265,38.87889862060547,1052300,0.0,0.0
2012-05-02 00:00:00-04:00,38.70153692304358,39.57063612100144,38.67493291569156,39.26911163330078,530000,0.0,0.0
2012-05-03 00:00:00-04:00,39.3489249669272,39.455347756757114,38.56851147291284,38.6483268737793,455900,0.0,0.0
2012-05-04 00:00:00-04:00,38.55964862772664,38.55964862772664,38.107363524550685,38.240386962890625,510800,0.0,0.0
2012-05-07 00:00:00-04:00,38.018676632456526,39.07401414444347,37.947731477548466,38.807960510253906,485800,0.0,0.0
2012-05-08 00:00:00-04:00,38.42661904838451,38.55077559086523,37.823570085182126,38.23151397705078,815400,0.0,0.0
2012-05-09 00:00:00-04:00,37.83242747396402,38.50642141401518,37.69940070722478,38.116214752197266,468000,0.0,0.0
2012-05-10 00:00:00-04:00,38.54190051457669,38.75474269151322,37.841299103299676,38.39113998413086,283400,0.0,0.0
2012-05-11 00:00:00-04:00,38.33792770468867,39.49968431986525,37.98319526203989,38.90550231933594,570600,0.0,0.0
2012-05-14 00:00:00-04:00,38.426619007470805,38.47982702104186,37.70828037715314,38.00093460083008,435000,0.0,0.0
2012-05-15 00:00:00-04:00,37.92112471927727,38.68380459963109,37.628470452986015,38.16944122314453,619200,0.0,0.0
2012-05-16 00:00:00-04:00,38.37339467280931,38.94983605121749,37.78808303978864,37.83242416381836,517700,0.0,0.0
2012-05-17 00:00:00-04:00,37.89451449138166,37.90338474882119,36.315946968345905,36.32481384277344,575800,0.0,0.0
2012-05-18 00:00:00-04:00,36.519930183215024,36.723902188129905,35.79272446725309,35.99669647216797,415600,0.0,0.0
2012-05-21 00:00:00-04:00,36.19180119050829,37.264872614970244,35.97009205075931,37.22053146362305,508900,0.0,0.0
2012-05-22 00:00:00-04:00,37.25599452415849,37.97433320384424,37.25599452415849,37.62846755981445,628100,0.0,0.0
2012-05-23 00:00:00-04:00,37.176174081256036,37.89451266367112,36.68841481897944,37.814697265625,629000,0.0,0.0
2012-05-24 00:00:00-04:00,37.94773091189696,38.400015993854936,37.495442446926546,38.151702880859375,316000,0.0,0.0
2012-05-25 00:00:00-04:00,38.24037831723684,38.26698570529932,37.76148931126602,38.0452766418457,201200,0.0,0.0
2012-05-29 00:00:00-04:00,38.3024620494419,39.41100752487968,38.28472491587341,39.127220153808594,444100,0.0,0.0
2012-05-30 00:00:00-04:00,38.683798947670475,38.73701034422732,37.442230141785835,37.646202087402344,416000,0.0,0.0
2012-05-31 00:00:00-04:00,37.62846736800942,38.32906891071061,36.82144640838281,38.03641128540039,506500,0.0,0.0
2012-06-01 00:00:00-04:00,36.86578072243153,37.087489773388185,36.18291643952364,36.555389404296875,698900,0.0,0.0
2012-06-04 00:00:00-04:00,36.67068920008594,36.768241759768536,34.34717843633505,34.88814926147461,761800,0.0,0.0
2012-06-05 00:00:00-04:00,34.71076424799074,35.171919423763576,34.37376558434689,35.003421783447266,545600,0.0,0.0
2012-06-06 00:00:00-04:00,35.24286708951275,36.56425094604492,35.20739283460971,36.56425094604492,507700,0.0,0.0
2012-06-07 00:00:00-04:00,36.981065701178,37.83242753730309,36.79483093384024,36.86577606201172,417800,0.0,0.0
2012-06-08 00:00:00-04:00,36.83917643394489,37.6107229780632,36.43123259526271,37.57524871826172,303800,0.0,0.0
2012-06-11 00:00:00-04:00,38.000938119276654,38.337936896147724,37.55751992239822,37.67280960083008,872400,0.0,0.0
2012-06-12 00:00:00-04:00,37.832435915259026,38.08074899336473,37.14070469310058,37.80583190917969,504500,0.0,0.0
2012-06-13 00:00:00-04:00,37.65443216273815,37.65443216273815,36.16713711590764,36.38087844848633,508400,0.18,0.0
2012-06-14 00:00:00-04:00,36.5055614369695,37.42287498119847,36.18494607077303,36.59461975097656,500500,0.0,0.0
2012-06-15 00:00:00-04:00,36.83507393472681,38.20659344018831,36.71929543170572,38.01956558227539,570400,0.0,0.0
2012-06-18 00:00:00-04:00,37.779106835892144,38.55392833823497,37.58317789049207,38.464866638183594,305000,0.0,0.0
2012-06-19 00:00:00-04:00,38.62518103307848,39.43562395934118,38.589559744205815,38.95470428466797,277900,0.0,0.0
2012-06-20 00:00:00-04:00,38.785476960262095,38.99031374792125,38.31346190162823,38.39361572265625,385600,0.0,0.0
2012-06-21 00:00:00-04:00,38.482697316812086,38.589571407803724,37.07555575900318,37.18242645263672,470600,0.0,0.0
2012-06-22 00:00:00-04:00,37.413971849278695,38.580654935712055,37.22694732776599,38.3134765625,802700,0.0,0.0
2012-06-25 00:00:00-04:00,37.8147445728769,38.322384547703884,37.62772003422646,37.88599395751953,638000,0.0,0.0
2012-06-26 00:00:00-04:00,38.01957269866863,38.892357075321314,37.56536986696371,38.63408660888672,619100,0.0,0.0
2012-06-27 00:00:00-04:00,38.91907388721594,39.40890136024484,38.580646212410485,39.06156921386719,464600,0.0,0.0
2012-06-28 00:00:00-04:00,38.60736906110591,39.150633640582235,38.39362773638687,39.07938766479492,515400,0.0,0.0
2012-06-29 00:00:00-04:00,39.99670252347239,41.662117603675654,39.71171181661485,41.52853012084961,773500,0.0,0.0
2012-07-02 00:00:00-04:00,41.564149866989275,41.644303712649894,40.57559030031776,41.154476165771484,577400,0.0,0.0
2012-07-03 00:00:00-04:00,41.10105127863795,42.20538961231306,41.10105127863795,42.178672790527344,209400,0.0,0.0
2012-07-05 00:00:00-04:00,41.8580445292857,43.09597338774494,41.599770673207466,43.01581954956055,571900,0.0,0.0
2012-07-06 00:00:00-04:00,42.472558985737365,42.74864520909465,41.97382696593979,42.36568832397461,248100,0.0,0.0
2012-07-09 00:00:00-04:00,41.92930520641341,42.19648360665098,41.190108121819875,42.107421875,436000,0.0,0.0
2012-07-10 00:00:00-04:00,42.241010758312136,42.668496857766726,41.10104782643323,41.43947219848633,287300,0.0,0.0
2012-07-11 00:00:00-04:00,41.52852358428906,41.61758189215537,40.76260990615473,41.08322525024414,413300,0.0,0.0
2012-07-12 00:00:00-04:00,40.762610515073575,41.79570252959603,40.27278301977837,41.466182708740234,469500,0.0,0.0
2012-07-13 00:00:00-04:00,41.671023002493186,43.41659182779367,41.671023002493186,42.766456604003906,753200,0.0,0.0
2012-07-16 00:00:00-04:00,42.69519874514648,42.87331874029649,41.83132237430688,42.21427917480469,376000,0.0,0.0
2012-07-17 00:00:00-04:00,41.86696165609585,41.8936818751383,40.61122007655056,41.14558029174805,1221900,0.0,0.0
2012-07-18 00:00:00-04:00,41.02979806245218,42.04507796387247,40.86949035197977,41.7066535949707,759600,0.0,0.0
2012-07-19 00:00:00-04:00,42.0094444172944,42.32115529854944,41.11884772346303,41.76007843017578,536500,0.0,0.0
2012-07-20 00:00:00-04:00,41.19009722850177,41.341497036232035,40.70026972471527,41.10994338989258,536100,0.0,0.0
2012-07-23 00:00:00-04:00,40.1748246116506,41.75118145029092,39.84530472706081,41.28807067871094,708400,0.0,0.0
2012-07-24 00:00:00-04:00,40.34403343761662,40.6112117920332,37.13788638990346,39.59593200683594,2007300,0.0,0.0
2012-07-25 00:00:00-04:00,39.00814029780389,39.00814029780389,37.440691378942354,37.45850372314453,988800,0.0,0.0
2012-07-26 00:00:00-04:00,37.75241077815536,38.625195534315196,37.155712347892766,38.52722930908203,903800,0.0,0.0
2012-07-27 00:00:00-04:00,38.732051548692525,40.09466339744085,38.45596535170307,39.72951889038086,626100,0.0,0.0
2012-07-30 00:00:00-04:00,39.8185632459132,40.06793254196061,39.275298911744045,39.756221771240234,702500,0.0,0.0
2012-07-31 00:00:00-04:00,39.81858608164208,40.19263854155234,38.80330617201891,38.892364501953125,477600,0.0,0.0
2012-08-01 00:00:00-04:00,39.115005819849074,39.4445290482027,37.86817246594049,37.9037971496582,461300,0.0,0.0
2012-08-02 00:00:00-04:00,37.43177294637706,38.25112356170205,37.24474848106112,38.01066207885742,625000,0.0,0.0
2012-08-03 00:00:00-04:00,38.99031154543142,40.05902796631653,38.90125325925593,39.765132904052734,594400,0.0,0.0
2012-08-06 00:00:00-04:00,39.693903435383035,39.898740314050805,39.061580453753294,39.106109619140625,677100,0.0,0.0
2012-08-07 00:00:00-04:00,39.41780692736506,40.1748161315918,39.28421946592975,40.1748161315918,532400,0.0,0.0
2012-08-08 00:00:00-04:00,40.121369793995406,40.539951216832506,39.916533016131,40.23714828491211,414700,0.0,0.0
2012-08-09 00:00:00-04:00,40.290593330138925,40.62901760591256,39.693891817057896,40.361839294433594,338000,0.0,0.0
2012-08-10 00:00:00-04:00,40.19263457388503,40.753708112327054,39.99670219054244,40.49543762207031,276300,0.0,0.0
2012-08-13 00:00:00-04:00,40.36184464646509,40.58449383511388,39.5692140784525,40.13029098510742,304800,0.0,0.0
2012-08-14 00:00:00-04:00,40.46871589006726,41.20791283778557,40.174820723433065,40.8160514831543,496500,0.0,0.0
2012-08-15 00:00:00-04:00,40.62902262502284,41.50180702893047,40.49543515145889,41.12775802612305,509000,0.0,0.0
2012-08-16 00:00:00-04:00,41.19900944652265,42.06288949202374,40.76261888554807,41.884769439697266,400100,0.0,0.0
2012-08-17 00:00:00-04:00,42.240999418099435,42.65958093111832,41.90257173954466,42.303340911865234,345200,0.0,0.0
2012-08-20 00:00:00-04:00,42.14304218177562,42.401316080648,41.74227292444904,42.02726364135742,215300,0.0,0.0
2012-08-21 00:00:00-04:00,41.982728598382636,42.45474377014314,41.83132878757525,42.053977966308594,341000,0.0,0.0
2012-08-22 00:00:00-04:00,42.08960836149154,42.534906815324895,41.89367935200802,42.249916076660156,323400,0.0,0.0
2012-08-23 00:00:00-04:00,42.06287940847289,42.57051922762675,41.89366726787381,42.303340911865234,293100,0.0,0.0
2012-08-24 00:00:00-04:00,42.10741978797482,42.615059742472674,41.95601994770871,42.04507827758789,296100,0.0,0.0
2012-08-27 00:00:00-04:00,42.338980515957246,42.561629757125694,41.88477416145325,42.178672790527344,224400,0.0,0.0
2012-08-28 00:00:00-04:00,42.143033393096594,42.499273413619,41.751172088407245,41.95600891113281,378100,0.0,0.0
2012-08-29 00:00:00-04:00,41.93819672229552,42.18756269915058,41.181190922638876,41.60867691040039,390300,0.0,0.0
2012-08-30 00:00:00-04:00,41.430563159452674,41.76008302113667,41.1722892744822,41.49290466308594,292500,0.0,0.0
2012-08-31 00:00:00-04:00,42.00944142505426,42.61504740551215,41.65320481130973,42.3122444152832,417600,0.0,0.0
2012-09-04 00:00:00-04:00,42.43694680400477,43.033645140706206,41.61759582836598,42.739749908447266,479800,0.0,0.0
2012-09-05 00:00:00-04:00,42.61505937716473,42.784274958785126,41.590875002903694,41.92039489746094,420300,0.0,0.0
2012-09-06 00:00:00-04:00,42.276629627100554,42.39240476074211,41.77789421440866,41.938201904296875,602800,0.0,0.0
2012-09-07 00:00:00-04:00,41.68883198036969,42.00053946067209,40.68245677668996,40.726985931396484,879900,0.0,0.0
2012-09-10 00:00:00-04:00,40.78043252935836,41.02089409805411,40.290604917877786,40.62012481689453,1033000,0.0,0.0
2012-09-11 00:00:00-04:00,40.67354005461294,41.528515266731155,40.67354005461294,41.0030632019043,517800,0.0,0.0
2012-09-12 00:00:00-04:00,41.26134775540143,41.43055990951003,40.664646185116695,41.2702522277832,371700,0.0,0.0
2012-09-13 00:00:00-04:00,41.20791761281451,41.72446203116759,40.52215761472852,40.93183135986328,685000,0.0,0.0
2012-09-14 00:00:00-04:00,40.95854888715754,41.58196393780023,40.89620398473605,41.39493942260742,813500,0.0,0.0
2012-09-17 00:00:00-04:00,41.34149689842293,41.67992459335104,40.85166939626924,41.54633712768555,546200,0.0,0.0
2012-09-18 00:00:00-04:00,41.51962688416206,42.36569462591695,41.40385173226285,42.249916076660156,521500,0.0,0.0
2012-09-19 00:00:00-04:00,42.35677528967991,43.55907933422669,42.26771359174835,43.41658401489258,625400,0.0,0.0
2012-09-20 00:00:00-04:00,43.229561485642996,43.6303306509327,42.91785062492587,43.612518310546875,783100,0.0,0.0
2012-09-21 00:00:00-04:00,44.218112719589975,45.68759474452136,42.944559592902706,45.04636764526367,2300500,0.0,0.0
2012-09-24 00:00:00-04:00,45.019656021088615,45.660886639882655,44.529828586112636,45.16215133666992,721200,0.0,0.0
2012-09-25 00:00:00-04:00,45.29575095696348,45.39371714240989,44.342812712387044,44.414058685302734,560500,0.0,0.0
2012-09-26 00:00:00-04:00,44.51202973373663,44.51202973373663,43.167229997810686,43.49674987792969,537400,0.0,0.0
2012-09-27 00:00:00-04:00,43.630339419381826,43.79955159101915,42.65958875607881,43.3809700012207,776500,0.0,0.0
2012-09-28 00:00:00-04:00,43.149409665654815,43.550178849641796,42.7575449535979,43.06925582885742,352700,0.0,0.0
2012-10-01 00:00:00-04:00,43.185037562093285,43.185037562093285,42.01835460573676,42.08069610595703,768700,0.0,0.0
2012-10-02 00:00:00-04:00,42.11647282285233,42.74254126653007,41.78555224717353,42.411617279052734,582300,0.2,0.0
2012-10-03 00:00:00-04:00,42.393713256880716,43.323868055641775,42.06278942063795,43.04661178588867,434500,0.0,0.0
2012-10-04 00:00:00-04:00,43.279175999907174,43.68164887581126,42.912479248927674,43.52960205078125,207200,0.0,0.0
2012-10-05 00:00:00-04:00,43.82473590466602,44.2719270873667,43.162891453077926,43.44015121459961,287000,0.0,0.0
2012-10-08 00:00:00-04:00,43.395437851690815,43.57431502804173,42.91247049908286,43.27916717529297,265700,0.0,0.0
2012-10-09 00:00:00-04:00,43.15395450592041,43.15395450592041,41.93759379157564,42.03597640991211,554400,0.0,0.0
2012-10-10 00:00:00-04:00,41.83921628365864,41.946544650479815,41.39202499063347,41.66928482055664,472000,0.0,0.0
2012-10-11 00:00:00-04:00,42.053856283908274,42.08068666121498,40.85538386177452,41.00742721557617,502200,0.0,0.0
2012-10-12 00:00:00-04:00,40.88222442125486,41.0432135487867,40.22038326300046,40.75701141357422,638200,0.0,0.0
2012-10-15 00:00:00-04:00,40.81068789070221,41.946554449755595,40.69441717204961,41.901832580566406,482200,0.0,0.0
2012-10-16 00:00:00-04:00,42.11647760934578,42.554726593266295,42.06281342402931,42.53683853149414,303500,0.0,0.0
2012-10-17 00:00:00-04:00,42.76042711685351,43.8157987043457,42.76042711685351,43.27916717529297,381100,0.0,0.0
2012-10-18 00:00:00-04:00,43.16289972712056,43.69058556033316,42.98402594918974,43.22550964355469,281300,0.0,0.0
2012-10-19 00:00:00-04:00,42.984024953619475,43.44910427142467,42.54577601952274,43.3775520324707,575500,0.0,0.0
2012-10-22 00:00:00-04:00,44.33453374086283,46.15012885743986,43.404375258638964,44.40608596801758,1066300,0.0,0.0
2012-10-23 00:00:00-04:00,43.44909952278321,44.880110027479176,42.81408541276359,44.423973083496094,693400,0.0,0.0
2012-10-24 00:00:00-04:00,44.74594374972224,45.211022938222065,44.56707002566641,44.90693283081055,726600,0.0,0.0
2012-10-25 00:00:00-04:00,45.32729873085939,45.45251171662341,44.2808695850638,44.611793518066406,444400,0.0,0.0
2012-10-26 00:00:00-04:00,44.56707444354301,44.772781976036796,44.236150515280976,44.48657989501953,271100,0.0,0.0
2012-10-31 00:00:00-04:00,44.862222334389465,45.32730160514591,44.62073867004679,44.76383972167969,716600,0.0,0.0
2012-11-01 00:00:00-04:00,45.264700191168664,46.81198155188395,44.719126304367606,46.463172912597656,761100,0.0,0.0
2012-11-02 00:00:00-04:00,46.75831217521828,46.75831217521828,45.69399831571271,45.863929748535156,411500,0.0,0.0
2012-11-05 00:00:00-05:00,45.854981863571886,46.695700014433456,45.640328606012666,46.588375091552734,246700,0.0,0.0
2012-11-06 00:00:00-05:00,46.9550813369105,47.071352017429284,46.46317164335971,46.62416076660156,227900,0.0,0.0
2012-11-07 00:00:00-05:00,46.23062865573096,46.38267544979794,45.38096803849177,46.16802215576172,294100,0.0,0.0
2012-11-08 00:00:00-05:00,46.16802058906589,46.26640320333564,45.38096649850435,45.6492805480957,389400,0.0,0.0
2012-11-09 00:00:00-05:00,45.49724366000074,45.97126877629123,44.82645668415096,44.98744583129883,270800,0.0,0.0
2012-11-12 00:00:00-05:00,44.88905015321378,45.24680446777527,43.92311896277456,44.808555603027344,369300,0.0,0.0
2012-11-13 00:00:00-05:00,44.531301168803786,45.372019408902986,44.468694672828214,44.84433364868164,339700,0.0,0.0
2012-11-14 00:00:00-05:00,45.094768746969116,45.14843293085093,43.672703697988865,43.86052322387695,325900,0.0,0.0
2012-11-15 00:00:00-05:00,43.97677862159779,44.012554734518574,42.93035290714903,43.314937591552734,318900,0.0,0.0
2012-11-16 00:00:00-05:00,43.30600039984109,44.039397212193386,43.00191361542483,43.98573303222656,309600,0.0,0.0
2012-11-19 00:00:00-05:00,44.79067896355231,45.6135092575946,42.41161814655502,45.01427459716797,460300,0.0,0.0
2012-11-20 00:00:00-05:00,45.023211228409934,45.926535972805894,44.638626514275515,45.66716766357422,415500,0.0,0.0
2012-11-21 00:00:00-05:00,45.76554150619078,46.176959964823936,45.54194592702401,45.97125244140625,463500,0.0,0.0
2012-11-23 00:00:00-05:00,46.39162192181734,47.116073015699484,46.293239295411276,46.50789260864258,144500,0.0,0.0
2012-11-26 00:00:00-05:00,46.44528607615678,46.95508385651217,45.9533763562102,46.713600158691406,444000,0.0,0.0
2012-11-27 00:00:00-05:00,46.79409469774926,47.86735443906984,46.72254586795384,46.919307708740234,748000,0.0,0.0
2012-11-28 00:00:00-05:00,46.77620028219812,46.77620028219812,45.72977447954515,46.55260467529297,486500,0.0,0.0
2012-11-29 00:00:00-05:00,46.84775157648987,47.16078405517297,46.30217776067236,46.98190689086914,210300,0.0,0.0
2012-11-30 00:00:00-05:00,46.99979974782558,47.07135198557286,46.50789005460769,47.03557586669922,372200,0.0,0.0
2012-12-03 00:00:00-05:00,47.36649713381501,47.40227325321512,46.2485189910505,46.33795928955078,190200,0.0,0.0
2012-12-04 00:00:00-05:00,46.212733062939996,46.8477471062146,45.908646347977424,46.65098190307617,264600,0.0,0.0
2012-12-05 00:00:00-05:00,46.77620578775435,46.77620578775435,45.38097121999804,46.11436462402344,306600,0.0,0.0
2012-12-06 00:00:00-05:00,46.15013475282261,46.32901193176191,45.09476315005898,45.67611312866211,412100,0.0,0.0
2012-12-07 00:00:00-05:00,45.93548459570404,46.454224658580046,45.47934762151816,45.68505859375,375900,0.0,0.0
2012-12-10 00:00:00-05:00,45.81922017124548,46.48106479618653,45.38097460801868,46.185916900634766,351700,0.0,0.0
2012-12-11 00:00:00-05:00,46.37373462128097,46.498951046266924,45.50618585342714,45.60456848144531,604400,0.0,0.0
2012-12-12 00:00:00-05:00,45.79238445274809,46.49894744303688,45.3362474694281,46.07858657836914,728500,0.0,0.0
2012-12-13 00:00:00-05:00,46.68912937636538,47.50618900344801,45.63862560944233,46.07857894897461,563200,0.2,0.0
2012-12-14 00:00:00-05:00,46.09654217724438,46.563433937319324,45.602715473830635,45.728416442871094,401500,0.0,0.0
2012-12-17 00:00:00-05:00,45.98879693475519,47.03930077941173,45.94390079772662,46.823814392089844,711600,0.0,0.0
2012-12-18 00:00:00-05:00,46.88666623643675,47.97308565225192,46.88666623643675,47.919212341308594,471300,0.0,0.0
2012-12-19 00:00:00-05:00,47.811467196756546,48.54771862418262,47.29070215413626,48.341209411621094,491700,0.0,0.0
2012-12-20 00:00:00-05:00,48.260399859816694,48.66444110180145,47.29070087905328,47.71269989013672,789400,0.0,0.0
2012-12-21 00:00:00-05:00,46.841772590509464,47.43436876713409,46.50956238475189,47.0572624206543,1559900,0.0,0.0
2012-12-24 00:00:00-05:00,47.10215267509882,47.48823617449262,46.92257839687702,47.012367248535156,237200,0.0,0.0
2012-12-26 00:00:00-05:00,47.10214920975178,47.389466663730666,46.383855574804564,46.43772888183594,266700,0.0,0.0
2012-12-27 00:00:00-05:00,46.482626378713036,46.59935017675441,45.73739430095714,46.39283752441406,316500,0.0,0.0
2012-12-28 00:00:00-05:00,46.105519364712364,46.55445335433993,46.01573393682467,46.1324577331543,203500,0.0,0.0
2012-12-31 00:00:00-05:00,46.141433194899435,47.26376812735017,45.96185892068844,47.15602493286133,295000,0.0,0.0
2013-01-02 00:00:00-05:00,48.27836429180957,49.34682601243271,48.27836429180957,48.897891998291016,442800,0.0,0.0
2013-01-03 00:00:00-05:00,48.96074248626327,49.37376438234562,48.52078907045745,48.897891998291016,293200,0.0,0.0
2013-01-04 00:00:00-05:00,49.11337081521485,49.42762318458438,48.7811606782965,49.13132858276367,274100,0.0,0.0
2013-01-07 00:00:00-05:00,49.02359524087517,49.09542633050446,48.5118107150985,48.74525833129883,154100,0.0,0.0
2013-01-08 00:00:00-05:00,48.790138164615406,49.2480492522388,48.50282073216661,49.23009490966797,265800,0.0,0.0
2013-01-09 00:00:00-05:00,49.43662052091547,49.885554586370255,49.16725734156651,49.553340911865234,347700,0.0,0.0
2013-01-10 00:00:00-05:00,49.975326725939894,50.15490098933798,48.93380010834405,49.436607360839844,378200,0.0,0.0
2013-01-11 00:00:00-05:00,49.44558961613095,49.60720612729532,49.158272135193094,49.490482330322266,225100,0.0,0.0
2013-01-14 00:00:00-05:00,49.5712875440542,49.77779675673782,49.13133417684389,49.652095794677734,214600,0.0,0.0
2013-01-15 00:00:00-05:00,49.40070434575823,49.81372285870422,49.25704558364245,49.526405334472656,258100,0.0,0.0
2013-01-16 00:00:00-05:00,49.499458691723454,49.499458691723454,48.65546066674575,48.75422668457031,473000,0.0,0.0
2013-01-17 00:00:00-05:00,49.050517800111024,50.49608547450615,48.81707025916483,50.298553466796875,797800,0.0,0.0
2013-01-18 00:00:00-05:00,50.289587053312616,51.01686139353985,49.84065303652674,50.84626770019531,368600,0.0,0.0
2013-01-22 00:00:00-05:00,50.900130378429836,50.900130378429836,49.97532753091073,50.505069732666016,329500,0.0,0.0
2013-01-23 00:00:00-05:00,50.567936141804026,51.555589779887214,50.567936141804026,51.070743560791016,593600,0.0,0.0
2013-01-24 00:00:00-05:00,51.23236110318983,52.23797253558573,51.23236110318983,51.564571380615234,263600,0.0,0.0
2013-01-25 00:00:00-05:00,51.83392270822885,51.84290330688463,51.367030905878394,51.80698776245117,450300,0.0,0.0
2013-01-28 00:00:00-05:00,51.87881637838078,52.507324717122295,51.34009690237086,51.528648376464844,395100,0.0,0.0
2013-01-29 00:00:00-05:00,51.55557646249452,51.708215796279816,50.59485802222138,51.69025802612305,561700,0.0,0.0
2013-01-30 00:00:00-05:00,51.753112606015264,51.753112606015264,50.40631056349192,50.747501373291016,1235800,0.0,0.0
2013-01-31 00:00:00-05:00,50.78342627144497,51.71720658987086,50.29857662479793,51.63639831542969,455200,0.0,0.0
2013-02-01 00:00:00-05:00,52.049403935540695,53.23458930493757,51.6184277489504,51.681278228759766,576300,0.0,0.0
2013-02-04 00:00:00-05:00,51.36702035163064,52.28284599594252,51.241319397035824,51.797996520996094,638500,0.0,0.0
2013-02-05 00:00:00-05:00,51.16951173364216,52.90239425964396,49.55334618591742,52.79465103149414,1050600,0.0,0.0
2013-02-06 00:00:00-05:00,52.87544063329523,52.91135617169164,52.29182854727772,52.45344161987305,752600,0.0,0.0
2013-02-07 00:00:00-05:00,52.39958281247681,52.70485810318035,51.83392495100657,52.291839599609375,315500,0.0,0.0
2013-02-08 00:00:00-05:00,52.480376485173245,52.74075898353533,52.25590952281159,52.55220413208008,203400,0.0,0.0
2013-02-11 00:00:00-05:00,52.534257172079286,52.866470810789345,52.3008129902375,52.5252799987793,149200,0.0,0.0
2013-02-12 00:00:00-05:00,52.53426287344471,53.51293927390314,52.53426287344471,53.31541061401367,278300,0.0,0.0
2013-02-13 00:00:00-05:00,53.3602927092626,53.81820385815207,53.171741261196026,53.7104606628418,253800,0.0,0.0
2013-02-14 00:00:00-05:00,53.44110046421767,53.557824256021604,52.84850775788952,53.243568420410156,327500,0.0,0.0
2013-02-15 00:00:00-05:00,53.27949586832729,53.521920678520665,53.04605165763839,53.30643081665039,266000,0.0,0.0
2013-02-19 00:00:00-05:00,53.360300007702925,53.854126764271236,52.58813291466035,52.97421646118164,511000,0.0,0.0
2013-02-20 00:00:00-05:00,52.97421476593803,53.019107483263085,52.04043117515976,52.04941177368164,446000,0.0,0.0
2013-02-21 00:00:00-05:00,52.06737261430469,52.30979398716645,51.48375697939825,51.88779830932617,506000,0.0,0.0
2013-02-22 00:00:00-05:00,51.968601098894354,52.426512274494954,51.968601098894354,52.23796081542969,417100,0.0,0.0
2013-02-25 00:00:00-05:00,52.47141387338142,52.47141387338142,51.05278396606445,51.05278396606445,688400,0.0,0.0
2013-02-26 00:00:00-05:00,51.43885348159755,51.91472237875249,50.78341031708975,51.681278228759766,447100,0.0,0.0
2013-02-27 00:00:00-05:00,51.63639258411464,53.432128772296046,51.63639258411464,53.064002990722656,349200,0.0,0.0
2013-02-28 00:00:00-05:00,52.99217850564665,53.6296640686999,52.69588037276279,53.037071228027344,245100,0.0,0.0
2013-03-01 00:00:00-05:00,52.72280806674751,52.93829446056402,51.780043962243234,52.56119155883789,283800,0.0,0.0
2013-03-04 00:00:00-05:00,52.42651236218146,54.35692994658689,52.23796090280083,54.321014404296875,431500,0.0,0.0
2013-03-05 00:00:00-05:00,54.65322718556589,55.425394255748785,54.5813995226926,54.904632568359375,359200,0.0,0.0
2013-03-06 00:00:00-05:00,55.16501296815975,55.45233047645005,54.56344300551909,54.95850372314453,260200,0.0,0.0
2013-03-07 00:00:00-05:00,55.039297501399915,55.35355329814058,54.87768101738334,55.1201057434082,262500,0.0,0.0
2013-03-08 00:00:00-05:00,55.61393427650633,55.81146630266396,54.95849114663992,55.54210662841797,224900,0.0,0.0
2013-03-11 00:00:00-04:00,55.64087864553488,56.053897085619234,55.515177678995684,55.89228057861328,220300,0.0,0.0
2013-03-12 00:00:00-04:00,55.91921622600783,55.91921622600783,55.05726379451162,55.416412353515625,419000,0.0,0.0
2013-03-13 00:00:00-04:00,55.44335473887124,56.12573298246173,55.35356929961551,56.089820861816406,252400,0.0,0.0
2013-03-14 00:00:00-04:00,56.23347685917968,57.014621102662055,56.16164577122532,56.98768615722656,324100,0.0,0.0
2013-03-15 00:00:00-04:00,56.91585722977115,57.203174742305464,56.56568922543838,56.933815002441406,629400,0.0,0.0
2013-03-18 00:00:00-04:00,56.188583548619,57.427638976899,56.09879468962387,57.19419479370117,356500,0.0,0.0
2013-03-19 00:00:00-04:00,57.32887552341593,57.714959071725566,56.58364679825437,57.37377166748047,313500,0.0,0.0
2013-03-20 00:00:00-04:00,57.63415187182223,58.81035681608324,57.63415187182223,58.66669464111328,329900,0.0,0.0
2013-03-21 00:00:00-04:00,58.208779352119905,58.612817179199055,56.96074005649642,57.25703811645508,682500,0.0,0.0
2013-03-22 00:00:00-04:00,57.4456042373413,57.63415915326383,57.122371153011485,57.23011779785156,248100,0.0,0.0
2013-03-25 00:00:00-04:00,57.47252010780927,57.8945190721284,56.71830758962049,57.292945861816406,252000,0.0,0.0
2013-03-26 00:00:00-04:00,57.68024690869297,57.91442847021954,57.094796440739714,57.56315612792969,143400,0.2,0.0
2013-03-27 00:00:00-04:00,57.265942896257144,57.265942896257144,56.64446382626837,57.0858039855957,266900,0.0,0.0
2013-03-28 00:00:00-04:00,57.25692516513543,57.500112141365435,57.04076125461769,57.184871673583984,407400,0.0,0.0
2013-04-01 00:00:00-04:00,57.292954883551225,57.662234619117584,56.57240277293976,57.00473403930664,268800,0.0,0.0
2013-04-02 00:00:00-04:00,57.19387712311836,57.527131823053836,56.55438735312064,56.6984977722168,228900,0.0,0.0
2013-04-03 00:00:00-04:00,56.82458650753422,56.833591904356524,54.06847123840759,54.37470626831055,664700,0.0,0.0
2013-04-04 00:00:00-04:00,54.581869764246846,55.36547335837493,54.36570586203882,55.167320251464844,335800,0.0,0.0
2013-04-05 00:00:00-04:00,54.19458367003666,55.518600731276464,53.88835198411267,55.464561462402344,224100,0.0,0.0
2013-04-08 00:00:00-04:00,55.33846412910443,56.14008215480963,55.14931980841782,55.91490936279297,229000,0.0,0.0
2013-04-09 00:00:00-04:00,56.02297839753572,56.20311727670312,55.27540325154315,55.824825286865234,196700,0.0,0.0
2013-04-10 00:00:00-04:00,55.90590374999847,56.54539369158494,55.69874518170416,56.48234558105469,118000,0.0,0.0
2013-04-11 00:00:00-04:00,56.37426102428186,57.256937967292274,56.284193280738336,56.842620849609375,326800,0.0,0.0
2013-04-12 00:00:00-04:00,56.63545229517505,57.247922463595835,56.230140649034304,56.47332763671875,193900,0.0,0.0
2013-04-15 00:00:00-04:00,56.185103908528205,56.356233956641944,53.401968662009935,53.58210754394531,472400,0.0,0.0
2013-04-16 00:00:00-04:00,54.28465491083882,54.969178659036864,53.82530050966434,54.762020111083984,401500,0.0,0.0
2013-04-17 00:00:00-04:00,54.09549688489383,54.23960729197607,53.37494141361947,53.825286865234375,367200,0.0,0.0
2013-04-18 00:00:00-04:00,53.81627400064486,55.05922823667619,53.71719746529895,54.12250900268555,357700,0.0,0.0
2013-04-19 00:00:00-04:00,54.42875151589498,55.82482172767305,53.89734374595665,55.689720153808594,469900,0.0,0.0
2013-04-22 00:00:00-04:00,55.878871892501756,56.824596779495536,54.86109007445221,56.04099655151367,937500,0.0,0.0
2013-04-23 00:00:00-04:00,56.22113205832832,56.68949180302417,54.77102239608552,55.71674728393555,566300,0.0,0.0
2013-04-24 00:00:00-04:00,55.599670149344924,56.47334175659409,55.473573924765546,56.2481689453125,420400,0.0,0.0
2013-04-25 00:00:00-04:00,56.48232392366502,56.84260164786366,56.16708349188847,56.626434326171875,387100,0.0,0.0
2013-04-26 00:00:00-04:00,56.52736571920504,56.752538469487796,55.54561239053764,56.086029052734375,165100,0.0,0.0
2013-04-29 00:00:00-04:00,56.19411206604556,56.66247180773223,55.86085735141097,56.41928482055664,481900,0.0,0.0
2013-04-30 00:00:00-04:00,56.185113320873505,56.46432537057779,55.33846146470187,55.84284973144531,698700,0.0,0.0
2013-05-01 00:00:00-04:00,55.70774273682238,56.02298668094229,53.56410040895349,54.23060989379883,938400,0.0,0.0
2013-05-02 00:00:00-04:00,54.44676711854099,55.383486505408264,54.32967633621678,54.671939849853516,431800,0.0,0.0
2013-05-03 00:00:00-04:00,55.30242510785902,56.33821762766909,55.30242510785902,55.68071365356445,443800,0.0,0.0
2013-05-06 00:00:00-04:00,55.59064833215211,56.248152334622525,55.44653791292384,56.21212387084961,280100,0.0,0.0
2013-05-07 00:00:00-04:00,56.338231353161305,56.99573548745144,56.05901929260188,56.779571533203125,393200,0.0,0.0
2013-05-08 00:00:00-04:00,56.76154692865724,57.076787402625456,56.4553118528609,57.03175354003906,324100,0.0,0.0
2013-05-09 00:00:00-04:00,56.98672725907371,57.78834523755955,56.98672725907371,57.193885803222656,438500,0.0,0.0
2013-05-10 00:00:00-04:00,57.17585890132516,57.401031630191056,57.04075732552352,57.13082504272461,278700,0.0,0.0
2013-05-13 00:00:00-04:00,57.085793515646586,57.50011052907439,56.84260654623549,57.12181854248047,233000,0.0,0.0
2013-05-14 00:00:00-04:00,57.15785589392527,58.15762355613703,57.15785589392527,58.10358428955078,244800,0.0,0.0
2013-05-15 00:00:00-04:00,57.90543184387035,58.761085643138486,57.824366071291564,58.734066009521484,328800,0.0,0.0
2013-05-16 00:00:00-04:00,58.535922616705655,58.76109542998766,57.46410126239452,57.7162971496582,464600,0.0,0.0
2013-05-17 00:00:00-04:00,57.932444098628515,58.63498197009948,57.932444098628515,58.54491424560547,304100,0.0,0.0
2013-05-20 00:00:00-04:00,58.49987561145819,58.9232014658116,58.19364398082697,58.34675979614258,267200,0.0,0.0
2013-05-21 00:00:00-04:00,58.40080308212672,59.04029976049582,58.01351253611565,58.616973876953125,239300,0.0,0.0
2013-05-22 00:00:00-04:00,58.79712390472025,59.40959423171646,57.23892844911252,57.7162971496582,437800,0.0,0.0
2013-05-23 00:00:00-04:00,57.11282573893239,58.21166660660046,56.93268682158653,57.806358337402344,303800,0.0,0.0
2013-05-24 00:00:00-04:00,57.4370686616082,57.626212957470635,56.788570006235645,57.57217025756836,149300,0.0,0.0
2013-05-28 00:00:00-04:00,58.44583787489076,58.99525992931413,57.61720381212096,58.03152084350586,162700,0.0,0.0
2013-05-29 00:00:00-04:00,57.707288313042824,58.07657502525519,56.83361669803202,57.7162971496582,292200,0.0,0.0
2013-05-30 00:00:00-04:00,58.03152748540856,58.31073952571174,57.301966462054345,58.07656478881836,206500,0.0,0.0
2013-05-31 00:00:00-04:00,57.78833883320645,58.52690519079556,57.63521957397461,57.63521957397461,294900,0.0,0.0
2013-06-03 00:00:00-04:00,57.653242685585475,57.79734969691174,55.8428515421512,57.157859802246094,589300,0.0,0.0
2013-06-04 00:00:00-04:00,57.17586289124842,57.99549154408219,56.473325027637586,56.6984977722168,403800,0.0,0.0
2013-06-05 00:00:00-04:00,56.62643692263086,57.157844700465525,56.13105760604065,56.3202018737793,347100,0.0,0.0
2013-06-06 00:00:00-04:00,56.2301317078718,57.37400953359701,56.0950267020201,57.2479133605957,479700,0.0,0.0
2013-06-07 00:00:00-04:00,57.527142977453806,57.950465482957,56.77056227153363,57.77933883666992,286900,0.0,0.0
2013-06-10 00:00:00-04:00,57.959470548643964,58.24769142397464,56.788572813130074,58.07656478881836,357100,0.0,0.0
2013-06-11 00:00:00-04:00,57.22088523465899,57.79732679500826,56.66245790255348,57.022735595703125,305100,0.0,0.0
2013-06-12 00:00:00-04:00,57.464087434991804,57.491110502471,56.65346756375218,56.88764572143555,335900,0.0,0.0
2013-06-13 00:00:00-04:00,56.869627625076554,57.6802508771117,56.707502974669524,57.37401580810547,519500,0.0,0.0
2013-06-14 00:00:00-04:00,56.89665232920881,57.86940031840594,56.89665232920881,57.653236389160156,274200,0.0,0.0
2013-06-17 00:00:00-04:00,58.229677627288225,58.86916744675812,57.81536056981734,58.22066879272461,298900,0.0,0.0
2013-06-18 00:00:00-04:00,58.38279876553201,58.941229739894794,57.96848167038336,58.68903732299805,409600,0.0,0.0
2013-06-19 00:00:00-04:00,58.65300263745365,58.923205824753445,57.46408731098009,57.61720657348633,262200,0.0,0.0
2013-06-20 00:00:00-04:00,56.914672662886936,57.05878310978483,55.04123685321437,55.12229919433594,663100,0.0,0.0
2013-06-21 00:00:00-04:00,54.85209274291992,55.59966461531685,53.62715222173239,54.85209274291992,1000400,0.0,0.0
2013-06-24 00:00:00-04:00,54.06848237109431,55.44654200733124,53.41097832007101,55.050235748291016,673700,0.0,0.0
2013-06-25 00:00:00-04:00,55.82483174958982,56.56339814740147,55.81582635072742,56.14007568359375,577800,0.0,0.0
2013-06-26 00:00:00-04:00,56.67353284518918,57.595789213468166,56.47461379051791,57.270286560058594,539900,0.24,0.0
2013-06-27 00:00:00-04:00,57.794721788231314,58.988229568398616,57.2703033753192,58.789310455322266,381800,0.0,0.0
2013-06-28 00:00:00-04:00,58.5090009414825,58.78929220564929,58.02074696957706,58.35529327392578,403700,0.0,0.0
2013-07-01 00:00:00-04:00,58.73503985569457,59.77483952331422,58.43666130008153,59.096710205078125,456700,0.0,0.0
2013-07-02 00:00:00-04:00,59.02439710684008,59.61211078485712,58.581354382675556,58.870689392089844,310700,0.0,0.0
2013-07-03 00:00:00-04:00,58.59037897373854,59.63921545466447,58.445708066968876,59.04246520996094,261500,0.0,0.0
2013-07-05 00:00:00-04:00,59.37700019482984,59.95566998230391,58.60845503005534,59.91950225830078,250900,0.0,0.0
2013-07-08 00:00:00-04:00,60.25406592004583,60.416817275883545,59.40414140641665,59.67539596557617,346700,0.0,0.0
2013-07-09 00:00:00-04:00,60.127475074709274,60.57956135346649,59.85622054813928,60.07322692871094,435700,0.0,0.0
2013-07-10 00:00:00-04:00,60.009942293205604,60.4077735751923,59.67539592358294,60.29023361206055,279000,0.0,0.0
2013-07-11 00:00:00-04:00,61.73691693406832,62.23421472737395,61.34812235883598,62.143798828125,440700,0.0,0.0
2013-07-12 00:00:00-04:00,62.02623102315741,62.53257230503705,61.447561185256625,61.953895568847656,495300,0.0,0.0
2013-07-15 00:00:00-04:00,62.125689702803705,62.47831641490414,61.61935532610329,61.718814849853516,420800,0.0,0.0
2013-07-16 00:00:00-04:00,61.773065165337684,61.908692420525156,60.941228117678044,61.131103515625,264500,0.0,0.0
2013-07-17 00:00:00-04:00,61.52895089185288,61.601279460329756,60.579566860837275,61.10398864746094,274700,0.0,0.0
2013-07-18 00:00:00-04:00,61.16727056711894,62.96657189772742,60.95027110019202,62.794776916503906,672700,0.0,0.0
2013-07-19 00:00:00-04:00,62.85808163359304,63.74417389460972,62.59587762707503,63.29208755493164,598100,0.0,0.0
2013-07-22 00:00:00-04:00,66.91779668752433,67.90334122507006,63.90690114546738,65.42591094970703,1263200,0.0,0.0
2013-07-23 00:00:00-04:00,66.28488797205216,66.74601790782286,65.02808866919545,66.26680755615234,678300,0.0,0.0
2013-07-24 00:00:00-04:00,66.59230306215521,67.6049718025038,65.79662688240883,66.40242767333984,928100,0.0,0.0
2013-07-25 00:00:00-04:00,66.00456778294698,66.00456778294698,64.66638994881393,65.80564880371094,515300,0.0,0.0
2013-07-26 00:00:00-04:00,65.48921419845979,66.04075997319659,65.0190475355194,65.16371154785156,297000,0.0,0.0
2013-07-29 00:00:00-04:00,65.00097175867695,65.85993302349526,64.55792908827624,64.99192810058594,440400,0.0,0.0
2013-07-30 00:00:00-04:00,65.11851198449067,65.97748015107852,64.7749288568295,64.85630798339844,298700,0.0,0.0
2013-07-31 00:00:00-04:00,64.92861656194206,65.76046039631109,64.6302449184982,64.93766021728516,396200,0.0,0.0
2013-08-01 00:00:00-04:00,65.53442301773569,66.83642667092252,65.5072920493396,65.96842193603516,548200,0.0,0.0
2013-08-02 00:00:00-04:00,65.98649544555454,66.21253851355367,65.64290556729217,65.85086822509766,356700,0.0,0.0
2013-08-05 00:00:00-04:00,65.6429327033831,65.99555948337095,65.4440136175869,65.72431182861328,299300,0.0,0.0
2013-08-06 00:00:00-04:00,65.58866791355618,65.65195970677276,64.35899287538716,64.56695556640625,405200,0.0,0.0
2013-08-07 00:00:00-04:00,64.35898697068657,64.54886233291595,63.59044186691414,63.762229919433594,482200,0.0,0.0
2013-08-08 00:00:00-04:00,64.0606449216591,65.07332099512836,63.662813559249834,63.78035354614258,412900,0.0,0.0
2013-08-09 00:00:00-04:00,63.64469941581138,63.81649439203565,62.8490301280409,63.337284088134766,390100,0.0,0.0
2013-08-12 00:00:00-04:00,63.05700781558945,64.01543565428985,62.79479688130384,63.86172103881836,534400,0.0,0.0
2013-08-13 00:00:00-04:00,64.03348831197533,64.06965603532927,62.74956517520595,63.27398681640625,292000,0.0,0.0
2013-08-14 00:00:00-04:00,63.364405354163345,63.364405354163345,61.9358112635892,62.12568664550781,494800,0.0,0.0
2013-08-15 00:00:00-04:00,61.09493602924872,62.116648478895,60.52530983315564,61.6645622253418,756700,0.0,0.0
2013-08-16 00:00:00-04:00,61.74593117234626,62.89422703207086,61.31192540514209,62.64105987548828,509400,0.0,0.0
2013-08-19 00:00:00-04:00,62.55065792434616,62.55065792434616,61.601273977825585,61.6555290222168,354000,0.0,0.0
2013-08-20 00:00:00-04:00,61.782085949210476,62.88517709886366,61.46562706979019,62.577754974365234,291700,0.0,0.0
2013-08-21 00:00:00-04:00,62.18899077441771,63.29208245812856,61.94486720589804,62.30653762817383,348300,0.0,0.0
2013-08-22 00:00:00-04:00,62.51446990361527,63.472890297881804,62.44213446676464,63.26493453979492,251100,0.0,0.0
2013-08-23 00:00:00-04:00,63.4005959301591,63.744179092949224,62.1166653780683,62.695335388183594,232500,0.0,0.0
2013-08-26 00:00:00-04:00,62.65915431940135,63.255904556673144,62.33365168151186,62.50543975830078,195300,0.0,0.0
2013-08-27 00:00:00-04:00,61.88156232824738,62.05335039636751,61.185345705226325,61.456600189208984,315300,0.0,0.0
2013-08-28 00:00:00-04:00,61.33907024641872,62.243242910888036,61.085903004093716,61.872535705566406,357600,0.0,0.0
2013-08-29 00:00:00-04:00,61.79115280006483,63.011791341087154,61.700736918804914,62.839996337890625,339400,0.0,0.0
2013-08-30 00:00:00-04:00,62.821925762652455,62.821925762652455,61.96295751039318,62.07146072387695,454100,0.0,0.0
2013-09-03 00:00:00-04:00,62.56875175461404,63.50909224562406,62.098584958254364,62.695335388183594,557800,0.0,0.0
2013-09-04 00:00:00-04:00,62.541630038898504,63.02988417181158,61.999127746203165,62.758636474609375,461800,0.0,0.0
2013-09-05 00:00:00-04:00,62.76766211987448,63.156456625472586,62.69532665411444,62.85807800292969,193300,0.0,0.0
2013-09-06 00:00:00-04:00,63.2106911424554,64.10581982104742,62.46022645010543,63.762229919433594,304000,0.0,0.0
2013-09-09 00:00:00-04:00,63.69895340556899,65.54346623586709,63.69895340556899,65.51634216308594,355800,0.0,0.0
2013-09-10 00:00:00-04:00,65.55248170224185,66.07690321144847,65.15464374376978,65.80564880371094,319500,0.0,0.0
2013-09-11 00:00:00-04:00,65.6429323481067,66.4114777131953,65.38072145445722,66.38435363769531,233000,0.0,0.0
2013-09-12 00:00:00-04:00,66.42053109701551,67.05345617728278,65.67006603960715,65.78761291503906,284600,0.0,0.0
2013-09-13 00:00:00-04:00,66.01362391184882,66.21254292867812,65.29932694154701,65.81470489501953,225400,0.0,0.0
2013-09-16 00:00:00-04:00,66.85451767042244,66.92684622860254,65.82376155975125,66.0498046875,225500,0.0,0.0
2013-09-17 00:00:00-04:00,65.92321443651299,66.63750457763672,65.89608346935792,66.63750457763672,249100,0.0,0.0
2013-09-18 00:00:00-04:00,66.4566803276639,68.08419362561614,65.82376232195409,67.59593963623047,439000,0.0,0.0
2013-09-19 00:00:00-04:00,67.59592270466254,68.5091317558315,67.05342070732847,67.09862518310547,232600,0.0,0.0
2013-09-20 00:00:00-04:00,67.06248302273043,67.49648892498068,66.76410439607649,66.90877532958984,638700,0.0,0.0
2013-09-23 00:00:00-04:00,66.74601571855248,66.99013926578314,65.86896726296159,66.5923080444336,241200,0.0,0.0
2013-09-24 00:00:00-04:00,66.54709203829269,67.87622666544802,66.24871346928059,67.28851318359375,341200,0.0,0.0
2013-09-25 00:00:00-04:00,67.27043343891168,67.75868740262025,66.71888767796064,67.60497283935547,320200,0.0,0.0
2013-09-26 00:00:00-04:00,67.54169786432026,68.31928693741945,67.04440701878303,68.28311920166016,313800,0.0,0.0
2013-09-27 00:00:00-04:00,67.80387857496366,68.21076024731265,67.34275567057018,67.623046875,236600,0.0,0.0
2013-09-30 00:00:00-04:00,66.7369577566779,68.22884348724739,66.61037418179684,68.04801177978516,244500,0.0,0.0
2013-10-01 00:00:00-04:00,67.83939976580115,69.00951457707855,67.56727746723152,68.13873291015625,558400,0.24,0.0
2013-10-02 00:00:00-04:00,67.62171741117866,67.6489282615241,66.78721211855257,67.63078308105469,349600,0.0,0.0
2013-10-03 00:00:00-04:00,67.52191474982918,67.74868097946148,66.24294989293203,67.11373138427734,261000,0.0,0.0
2013-10-04 00:00:00-04:00,67.05934781811466,67.53101879887619,66.33369270270917,67.06842041015625,248300,0.0,0.0
2013-10-07 00:00:00-04:00,66.51507806969317,66.81441118039342,65.94362269101875,65.97084045410156,303300,0.0,0.0
2013-10-08 00:00:00-04:00,65.7712917624263,66.07969057195257,63.70318445980381,63.97529983520508,786000,0.0,0.0
2013-10-09 00:00:00-04:00,64.12949839451096,64.85515322672919,63.53991162873567,64.29277038574219,252700,0.0,0.0
2013-10-10 00:00:00-04:00,64.73723756057969,66.3155288696289,64.73723756057969,66.3155288696289,311800,0.0,0.0
2013-10-11 00:00:00-04:00,66.06157030819776,67.70335635747014,65.97086515835872,67.63986206054688,321600,0.0,0.0
2013-10-14 00:00:00-04:00,67.1228350940691,67.81220668949258,66.87793049746776,67.63986206054688,205400,0.0,0.0
2013-10-15 00:00:00-04:00,67.3858721491596,67.6126384411192,66.65115157772505,67.09561157226562,293000,0.0,0.0
2013-10-16 00:00:00-04:00,67.14096788673739,67.22260735919389,66.10691403801358,66.76000213623047,468800,0.0,0.0
2013-10-17 00:00:00-04:00,66.47881822162175,67.24074976966227,66.27926274369898,67.02305603027344,289100,0.0,0.0
2013-10-18 00:00:00-04:00,67.15002498899314,68.8734499794792,67.15002498899314,68.44712829589844,601300,0.0,0.0
2013-10-21 00:00:00-04:00,68.12060000024282,70.45175745389037,67.15004044375202,69.93473052978516,1207500,0.0,0.0
2013-10-22 00:00:00-04:00,70.46082996932212,70.69666887561233,69.73517499013322,70.41547393798828,710500,0.0,0.0
2013-10-23 00:00:00-04:00,70.13426556608236,70.93248027524216,69.7714381817891,70.35195922851562,354200,0.0,0.0
2013-10-24 00:00:00-04:00,70.61501045445965,71.53114806276866,70.49709449313549,70.96876525878906,350700,0.0,0.0
2013-10-25 00:00:00-04:00,71.24995546084574,71.94839243591922,70.86898291772194,71.24088287353516,294100,0.0,0.0
2013-10-28 00:00:00-04:00,71.12300872802734,71.43140767430845,70.7964645964588,71.12300872802734,429300,0.0,0.0
2013-10-29 00:00:00-04:00,71.45859897405168,71.91213159706076,70.97785550091946,71.34068298339844,356600,0.0,0.0
2013-10-30 00:00:00-04:00,71.5220913505913,71.67629077740207,70.5878152794504,70.82365417480469,230100,0.0,0.0
2013-10-31 00:00:00-04:00,70.76922040854092,71.8304919002687,70.40639988251762,70.80550384521484,394500,0.0,0.0
2013-11-01 00:00:00-04:00,70.91435903448813,71.36789164358045,69.93472693796272,71.1139144897461,327700,0.0,0.0
2013-11-04 00:00:00-05:00,71.30439998461307,71.85771034173878,71.03227764097926,71.72164916992188,189300,0.0,0.0
2013-11-05 00:00:00-05:00,71.35881804115617,71.90305578027284,70.92343061800618,71.31346893310547,391400,0.0,0.0
2013-11-06 00:00:00-05:00,71.62186669825294,72.61057135568267,71.40417298996937,72.4745101928711,519100,0.0,0.0
2013-11-07 00:00:00-05:00,72.54709282055666,73.00969118605414,71.74887084960938,71.74887084960938,568200,0.0,0.0
2013-11-08 00:00:00-05:00,71.38602781073678,72.62870961455704,71.07762896736489,72.4745101928711,434800,0.0,0.0
2013-11-11 00:00:00-05:00,72.28402439469717,73.19108954942402,71.79420838070172,72.6831283569336,412000,0.0,0.0
2013-11-12 00:00:00-05:00,72.3838053416724,72.61057164046164,71.7942115807487,72.22959899902344,323500,0.0,0.0
2013-11-13 00:00:00-05:00,71.84863695603833,72.51079762735807,71.60373238576635,72.11168670654297,846100,0.0,0.0
2013-11-14 00:00:00-05:00,72.07537255232116,73.20013103489123,71.82139550016232,73.12757110595703,266900,0.0,0.0
2013-11-15 00:00:00-05:00,73.29086722161468,73.73532720943675,72.90989459740926,73.5992660522461,176200,0.0,0.0
2013-11-18 00:00:00-05:00,73.608323721904,73.80787912262159,72.2749371083424,72.58333587646484,260400,0.0,0.0
2013-11-19 00:00:00-05:00,72.60148695730176,73.14572459966857,72.26587039966964,72.69219207763672,316500,0.0,0.0
2013-11-20 00:00:00-05:00,72.68311973232727,73.68996248823038,72.58334202351834,72.83732604980469,207300,0.0,0.0
2013-11-21 00:00:00-05:00,73.08223480996003,74.1616444931757,73.0096679410943,74.10721588134766,221100,0.0,0.0
2013-11-22 00:00:00-05:00,74.10720454031859,74.36118854248006,73.74438409222941,74.1344223022461,213200,0.0,0.0
2013-11-25 00:00:00-05:00,74.14351869350747,74.51541880337385,73.5992808754907,74.32493591308594,157300,0.0,0.0
2013-11-26 00:00:00-05:00,74.24329387526478,75.0142980009112,73.94396066354683,74.91452026367188,227900,0.0,0.0
2013-11-27 00:00:00-05:00,75.1956971746384,75.26826404255971,74.47911492471965,75.22290802001953,297700,0.0,0.0
2013-11-29 00:00:00-05:00,75.28641765027061,75.28641765027061,74.66054039745835,74.74217987060547,112000,0.0,0.0
2013-12-02 00:00:00-05:00,74.86913627921244,75.4496572507501,74.04370391384603,74.17069244384766,376800,0.0,0.0
2013-12-03 00:00:00-05:00,73.76253408887618,73.92580608465045,72.5289249919945,73.00060272216797,382000,0.0,0.0
2013-12-04 00:00:00-05:00,72.22049373006836,73.4722405217031,71.62182770775101,72.81915283203125,322200,0.0,0.0
2013-12-05 00:00:00-05:00,72.61056494163093,73.15480262444376,72.4563586132086,72.90082550048828,266200,0.0,0.0
2013-12-06 00:00:00-05:00,73.93487821823845,74.74216560338644,73.6355450744355,74.10721588134766,240400,0.0,0.0
2013-12-09 00:00:00-05:00,74.33399339675381,75.27734207358479,74.16165570758444,74.95079803466797,365600,0.0,0.0
2013-12-10 00:00:00-05:00,74.70586415205594,75.51315134250954,74.40653108044347,74.46095275878906,269200,0.0,0.0
2013-12-11 00:00:00-05:00,74.64238057060571,74.64238057060571,72.9189556659813,73.04594421386719,281100,0.0,0.0
2013-12-12 00:00:00-05:00,73.05502612970936,74.18885753800441,72.94617582318426,73.80789184570312,369700,0.0,0.0
2013-12-13 00:00:00-05:00,73.80788441061036,74.26141692824143,72.93710280720153,73.08222961425781,375600,0.0,0.0
2013-12-16 00:00:00-05:00,73.47227774243552,73.90767206290376,72.89175659538319,73.30900573730469,501000,0.0,0.0
2013-12-17 00:00:00-05:00,73.22736365250876,73.93487327575939,73.16386937658517,73.75345611572266,409600,0.0,0.0
2013-12-18 00:00:00-05:00,77.26380082356961,77.5812722053043,74.47003882359014,77.173095703125,653900,0.0,0.0
2013-12-19 00:00:00-05:00,77.15496271181735,77.2456747669451,75.72180497359847,75.79436492919922,767300,0.0,0.0
2013-12-20 00:00:00-05:00,76.07556101922111,77.05518617837434,75.88507815715359,76.17533874511719,974200,0.0,0.0
2013-12-23 00:00:00-05:00,76.6288609836759,76.97354322265872,76.25696097919989,76.57443237304688,366200,0.0,0.0
2013-12-24 00:00:00-05:00,76.81025630928887,77.51776582679963,76.60162833651611,77.2002944946289,147200,0.0,0.0
2013-12-26 00:00:00-05:00,77.3907980261264,77.69013118537107,76.77399344966372,76.97354888916016,184600,0.0,0.0
2013-12-27 00:00:00-05:00,77.28279760422714,77.3555702664681,76.84617551074744,76.92803955078125,330800,0.24,0.0
2013-12-30 00:00:00-05:00,77.00992749526436,77.46474632448756,76.80980610000863,77.42835998535156,294000,0.0,0.0
2013-12-31 00:00:00-05:00,77.53755258553883,78.35622829399473,77.29195334299617,77.37381744384766,462700,0.0,0.0
2014-01-02 00:00:00-05:00,77.22824639729753,77.79221736095744,76.50963174168012,76.66426849365234,372900,0.0,0.0
2014-01-03 00:00:00-05:00,76.91895927140952,77.94685428166328,76.78251917268972,77.47383880615234,373600,0.0,0.0
2014-01-06 00:00:00-05:00,77.79221731202054,77.93776268318656,76.71884448961963,76.97354888916016,375300,0.0,0.0
2014-01-07 00:00:00-05:00,77.31010084862133,77.92865471956623,76.90986500741069,77.69215393066406,268200,0.0,0.0
2014-01-08 00:00:00-05:00,77.81950236990035,79.09298950559804,77.21913820022768,79.05661010742188,552300,0.0,0.0
2014-01-09 00:00:00-05:00,79.12937514756453,79.56600426166534,78.51082128424592,79.36588287353516,384100,0.0,0.0
2014-01-10 00:00:00-05:00,79.42955305044545,80.28461459474423,79.42955305044545,80.05720520019531,326300,0.0,0.0
2014-01-13 00:00:00-05:00,80.01172132189515,80.13907002887989,78.44714356181521,78.75642395019531,250900,0.0,0.0
2014-01-14 00:00:00-05:00,78.96562255332954,79.82068395264812,78.48351582902703,79.7115249633789,178700,0.0,0.0
2014-01-15 00:00:00-05:00,80.30281604006515,80.30281604006515,79.44775437068098,80.0481185913086,206500,0.0,0.0
2014-01-16 00:00:00-05:00,79.87529689283686,80.10270635392794,79.08391640983092,80.03903198242188,160500,0.0,0.0
2014-01-17 00:00:00-05:00,79.90259034655861,79.96627166237734,79.27494491049384,79.8662109375,237600,0.0,0.0
2014-01-21 00:00:00-05:00,80.55751641883847,80.81221387685883,79.94806079572045,80.22095489501953,310700,0.0,0.0
2014-01-22 00:00:00-05:00,80.43926474109574,80.79402290059515,79.89348349109551,80.54842376708984,185100,0.0,0.0
2014-01-23 00:00:00-05:00,80.30282023842506,80.30282023842506,79.5933038969414,79.89348602294922,253500,0.0,0.0
2014-01-24 00:00:00-05:00,79.45684080533978,79.48412882219822,77.53750496647832,77.71943664550781,461300,0.0,0.0
2014-01-27 00:00:00-05:00,77.77403613875737,78.47445422933713,77.21005817362521,77.78313446044922,325900,0.0,0.0
2014-01-28 00:00:00-05:00,77.91045837073268,79.23852837500169,77.91045837073268,78.64726257324219,257900,0.0,0.0
2014-01-29 00:00:00-05:00,78.17427879665357,78.7473481419029,77.65578550143198,78.15608215332031,306300,0.0,0.0
2014-01-30 00:00:00-05:00,78.96563079786016,79.7388282409408,78.11966762765225,78.94744110107422,424200,0.0,0.0
2014-01-31 00:00:00-05:00,77.86497658759053,79.48413039304057,77.85587826846326,78.73822784423828,391600,0.0,0.0
2014-02-03 00:00:00-05:00,78.81098025034782,79.22031428601805,75.30887780522616,75.4999008178711,691200,0.0,0.0
2014-02-04 00:00:00-05:00,76.2549353977695,77.72854413339608,75.19975226066788,76.79161834716797,794300,0.0,0.0
2014-02-05 00:00:00-05:00,79.13849093508215,80.04812876192217,76.68247157860843,76.84620666503906,667900,0.0,0.0
2014-02-06 00:00:00-05:00,77.49205348612013,78.36530502114324,77.32831838955414,77.87409973144531,511000,0.0,0.0
2014-02-07 00:00:00-05:00,79.05661015327603,79.73883837921737,78.35618528825165,78.8292007446289,462600,0.0,0.0
2014-02-10 00:00:00-05:00,78.82013389142561,79.51146071289791,78.5381413929376,79.18399047851562,440000,0.0,0.0
2014-02-11 00:00:00-05:00,79.02023476029306,79.9480622224948,78.82921166336875,79.43866729736328,526500,0.0,0.0
2014-02-12 00:00:00-05:00,79.55689932455822,80.70304458124862,79.41136092528691,80.6302719116211,528500,0.0,0.0
2014-02-13 00:00:00-05:00,79.90257603286186,80.8849864611311,79.45685548188209,80.36649322509766,457000,0.0,0.0
2014-02-14 00:00:00-05:00,80.28461216563473,80.78490865451488,79.82069507159581,80.40286254882812,337700,0.0,0.0
2014-02-18 00:00:00-05:00,80.55750743334337,81.1032955710636,80.11178693152404,80.69395446777344,389200,0.0,0.0
2014-02-19 00:00:00-05:00,81.57630157703885,81.9765443483663,80.93045970329591,81.26702117919922,326500,0.0,0.0
2014-02-20 00:00:00-05:00,81.24884428668622,82.04023163473308,81.13968525730499,81.77643585205078,295700,0.0,0.0
2014-02-21 00:00:00-05:00,81.84011627552499,82.07662405336517,81.32162299255843,81.3580093383789,211800,0.0,0.0
2014-02-24 00:00:00-05:00,81.4125682785706,82.23124353752517,81.4125682785706,81.5399169921875,317400,0.0,0.0
2014-02-25 00:00:00-05:00,81.54903411865234,82.42228561626595,81.33072297924545,81.54903411865234,192700,0.0,0.0
2014-02-26 00:00:00-05:00,81.85830926033148,83.8504183989593,81.57632374389965,83.1681900024414,498200,0.0,0.0
2014-02-27 00:00:00-05:00,82.958950381262,83.532026538741,82.85888968519374,83.11359405517578,279600,0.0,0.0
2014-02-28 00:00:00-05:00,83.11359680192366,83.96865149660424,83.07721046215231,83.57750701904297,302400,0.0,0.0
2014-03-03 00:00:00-05:00,82.38590560292354,83.47746832385536,82.25855685014771,83.07723236083984,209400,0.0,0.0
2014-03-04 00:00:00-05:00,84.02321852665709,85.02381839048556,83.95044586092834,84.96014404296875,298200,0.0,0.0
2014-03-05 00:00:00-05:00,84.86010502857349,85.26034785228589,84.55082459025432,85.06022644042969,233800,0.0,0.0
2014-03-06 00:00:00-05:00,85.18760067176589,85.77886676381513,85.15121431871809,85.52416229248047,200600,0.0,0.0
2014-03-07 00:00:00-05:00,85.76064726945742,86.13360208384663,85.11480528989146,85.37860107421875,203800,0.0,0.0
2014-03-10 00:00:00-04:00,85.22394912637087,85.64238159036609,84.39617557760911,85.15117645263672,191800,0.0,0.0
2014-03-11 00:00:00-04:00,85.17845872544149,85.56050482680257,84.00502546556072,84.28701782226562,137000,0.0,0.0
2014-03-12 00:00:00-04:00,83.83221179489922,84.35070499412615,83.28642363572585,84.32341003417969,324600,0.0,0.0
2014-03-13 00:00:00-04:00,84.60540949452397,84.72365990422163,81.98564831980978,82.60420227050781,363000,0.0,0.0
2014-03-14 00:00:00-04:00,82.35859011695945,83.66847049734345,82.35859011695945,83.31370544433594,292000,0.0,0.0
2014-03-17 00:00:00-04:00,83.45016698230349,84.65088855974723,82.79522667824592,84.01414489746094,241400,0.0,0.0
2014-03-18 00:00:00-04:00,84.1869698777481,84.932872496134,84.01413649812713,84.55081939697266,289800,0.0,0.0
2014-03-19 00:00:00-04:00,84.80552337492055,85.10569853286124,83.16817278622273,83.80491638183594,216200,0.0,0.0
2014-03-20 00:00:00-04:00,83.45016719645227,83.63209891470481,82.68607479974791,83.25004577636719,246900,0.0,0.0
2014-03-21 00:00:00-04:00,83.59569918063879,83.97774531779456,81.35799145446086,82.61328887939453,510400,0.0,0.0
2014-03-24 00:00:00-04:00,82.85890224933402,83.24095539224669,81.50354389705312,82.258544921875,229200,0.0,0.0
2014-03-25 00:00:00-04:00,82.47684818164822,83.23184913447534,82.14937805608429,82.85889434814453,154500,0.0,0.0
2014-03-26 00:00:00-04:00,83.24094007780428,83.30461443324417,81.13058108895963,81.26702117919922,436500,0.0,0.0
2014-03-27 00:00:00-04:00,81.21230794237785,81.51329862128168,80.16340545929627,81.47681427001953,300500,0.24,0.0
2014-03-28 00:00:00-04:00,81.85989177794487,82.58044207821837,81.49505521393975,82.28857421875,197700,0.0,0.0
2014-03-31 00:00:00-04:00,82.9270235828681,83.6110894533005,82.39801097298437,82.91790771484375,220900,0.0,0.0
2014-04-01 00:00:00-04:00,83.10034894829711,83.63847759749568,82.34331414063261,82.616943359375,552100,0.0,0.0
2014-04-02 00:00:00-04:00,83.21890188451223,84.33165028720586,82.64428898614302,84.21308135986328,325400,0.0,0.0
2014-04-03 00:00:00-04:00,84.30431293134411,84.49585061904536,83.64760831140799,84.22222137451172,330400,0.0,0.0
2014-04-04 00:00:00-04:00,84.49584244326861,85.57210669765162,81.81430115755434,82.4162826538086,354200,0.0,0.0
2014-04-07 00:00:00-04:00,83.65671091434294,83.96681748839771,80.33671121290955,80.87483978271484,523900,0.0,0.0
2014-04-08 00:00:00-04:00,80.87484407130634,80.98429714019508,79.16924390620325,80.13605499267578,690200,0.0,0.0
2014-04-09 00:00:00-04:00,80.25461671450438,82.38890613448646,79.60703510551033,82.09703826904297,866800,0.0,0.0
2014-04-10 00:00:00-04:00,82.00584688957677,82.35243787292679,80.75628364968723,81.62276458740234,797200,0.0,0.0
2014-04-11 00:00:00-04:00,81.07548917585518,82.0970300823794,80.70153677242669,81.17581939697266,724100,0.0,0.0
2014-04-14 00:00:00-04:00,81.83252721092137,81.95109613237626,79.4246157201626,79.83505249023438,403600,0.0,0.0
2014-04-15 00:00:00-04:00,79.62528457148966,80.25462055475087,78.43956739713114,79.39726257324219,694600,0.0,0.0
2014-04-16 00:00:00-04:00,79.83507871627562,81.13936511545478,79.80771718377294,80.69244384765625,925200,0.0,0.0
2014-04-17 00:00:00-04:00,80.69243381446528,81.82342108892782,80.54649638102245,81.44034576416016,939300,0.0,0.0
2014-04-21 00:00:00-04:00,81.61363099348416,81.72307709146982,76.67923195472306,79.0506591796875,1390800,0.0,0.0
2014-04-22 00:00:00-04:00,80.07220276932053,80.07220276932053,77.39978477064716,77.9835205078125,1057100,0.0,0.0
2014-04-23 00:00:00-04:00,77.94702425565693,78.66757446843816,76.96196774005641,77.16262817382812,747800,0.0,0.0
2014-04-24 00:00:00-04:00,77.5092412002538,78.12946131778824,76.26880096518488,77.60044860839844,713400,0.0,0.0
2014-04-25 00:00:00-04:00,77.19912843330697,77.39978890843715,76.25055607003291,76.60626983642578,492200,0.0,0.0
2014-04-28 00:00:00-04:00,76.84342263908822,77.3906741088769,75.24726845964129,76.28704833984375,481000,0.0,0.0
2014-04-29 00:00:00-04:00,76.29614481062815,76.95284913096937,75.7853709177641,76.06812286376953,310500,0.0,0.0
2014-04-30 00:00:00-04:00,75.98605272743254,76.60627287576966,75.63946177579807,76.46034240722656,349500,0.0,0.0
2014-05-01 00:00:00-04:00,76.57890168338268,77.77373464358902,76.18670359556766,76.8890151977539,425400,0.0,0.0
2014-05-02 00:00:00-04:00,77.04407155716926,78.23890456516592,76.86164978886664,77.34506225585938,293000,0.0,0.0
2014-05-05 00:00:00-04:00,76.63359444483906,79.49755581195897,76.63359444483906,78.56722259521484,934000,0.0,0.0
2014-05-06 00:00:00-04:00,78.13857812615265,78.40308448402489,76.64275434683874,76.72484588623047,526700,0.0,0.0
2014-05-07 00:00:00-04:00,76.68835037565184,77.39065497919125,75.67593227538977,76.46944427490234,519000,0.0,0.0
2014-05-08 00:00:00-04:00,76.46945241540618,77.57308498780613,75.96780820481247,76.35088348388672,446300,0.0,0.0
2014-05-09 00:00:00-04:00,76.29616546942161,76.98023149522274,75.51176920314195,76.89813995361328,353100,0.0,0.0
2014-05-12 00:00:00-04:00,77.20826539038652,78.20243816077543,77.0440892405714,78.00177764892578,319100,0.0,0.0
2014-05-13 00:00:00-04:00,78.05649761004543,78.35748833902299,76.63363550882403,76.90726470947266,340300,0.0,0.0
2014-05-14 00:00:00-04:00,76.87077216521047,77.13527850868566,76.19582902315453,76.4238510131836,375700,0.0,0.0
2014-05-15 00:00:00-04:00,76.12286066381627,76.60626617149634,75.17428834592299,76.18670654296875,443600,0.0,0.0
2014-05-16 00:00:00-04:00,76.34175445401262,76.84340558253318,76.04077073557873,76.47856903076172,207200,0.0,0.0
2014-05-19 00:00:00-04:00,76.35085792144274,77.39063730719744,75.92217560371154,76.69744873046875,304500,0.0,0.0
2014-05-20 00:00:00-04:00,76.30525320328593,76.98931891446618,74.68173140346336,75.3931655883789,607400,0.0,0.0
2014-05-21 00:00:00-04:00,75.6759434694416,76.28704076740192,75.27462251738204,75.76715087890625,294400,0.0,0.0
2014-05-22 00:00:00-04:00,75.48439880632866,76.34175672602728,75.32933857010309,75.73065948486328,489200,0.0,0.0
2014-05-23 00:00:00-04:00,75.8674756933382,77.27209196645475,75.66681523165316,77.09879302978516,347300,0.0,0.0
2014-05-27 00:00:00-04:00,77.5001155399074,77.82846776417317,77.28121637662319,77.34506225585938,193300,0.0,0.0
2014-05-28 00:00:00-04:00,77.22647848925232,77.84669852085736,77.09878674380523,77.14439392089844,341300,0.0,0.0
2014-05-29 00:00:00-04:00,77.40890218360744,77.85582330389973,76.79779800512634,77.67340850830078,420400,0.0,0.0
2014-05-30 00:00:00-04:00,77.52747462543464,77.62780485517361,76.91637737788174,77.45450592041016,317900,0.0,0.0
2014-06-02 00:00:00-04:00,77.45451709707328,78.02913703371013,76.43298291403839,77.7919921875,369500,0.0,0.0
2014-06-03 00:00:00-04:00,77.64602480256673,78.74053423760179,77.64602480256673,78.59459686279297,507900,0.0,0.0
2014-06-04 00:00:00-04:00,78.40309383436659,79.11452145343634,78.25716335391438,78.89562225341797,340100,0.0,0.0
2014-06-05 00:00:00-04:00,79.01417926963354,80.45527994934503,78.40308199259557,80.15428924560547,399800,0.0,0.0
2014-06-06 00:00:00-04:00,81.60450486826382,82.68989168728747,80.68329414826324,82.58956146240234,703500,0.0,0.0
2014-06-09 00:00:00-04:00,82.34330082080842,83.84824736309169,82.34330082080842,83.14594268798828,449400,0.0,0.0
2014-06-10 00:00:00-04:00,83.082081796688,83.39219529495183,82.55307611394335,82.82669830322266,220500,0.0,0.0
2014-06-11 00:00:00-04:00,82.52571061432657,83.17329214403192,81.9875751715879,82.20647430419922,301300,0.0,0.0
2014-06-12 00:00:00-04:00,82.10615585924144,82.17912456680145,81.23055224455821,81.38561248779297,405300,0.0,0.0
2014-06-13 00:00:00-04:00,81.50417131763656,81.67747023694466,80.64680650675834,80.97515869140625,262800,0.0,0.0
2014-06-16 00:00:00-04:00,81.06637943164509,81.56803061819086,80.12692989927687,80.96604919433594,225400,0.0,0.0
2014-06-17 00:00:00-04:00,80.64682523697236,82.29770937061366,80.43704887836338,81.31265258789062,334800,0.0,0.0
2014-06-18 00:00:00-04:00,81.22144968076613,81.66837091009734,80.45529204323252,81.37650299072266,200300,0.0,0.0
2014-06-19 00:00:00-04:00,81.412957959038,82.04229380127258,81.0846057984471,81.7413101196289,282400,0.0,0.0
2014-06-20 00:00:00-04:00,81.71395236828258,81.72307519579599,80.93867903792673,81.67747497558594,618700,0.0,0.0
2014-06-23 00:00:00-04:00,81.85079148722839,82.26123534425139,81.23969407549882,81.36738586425781,148600,0.0,0.0
2014-06-24 00:00:00-04:00,80.80183968615314,81.50415105710903,79.86239054198286,79.87151336669922,583000,0.0,0.0
2014-06-25 00:00:00-04:00,79.84419119741163,81.15760025674358,79.83506836819966,81.03902435302734,304900,0.0,0.0
2014-06-26 00:00:00-04:00,81.13966804936597,81.57894948844714,80.31600662327303,81.37760925292969,308600,0.3,0.0
2014-06-27 00:00:00-04:00,81.99080598821065,82.09147614191737,81.06648109654726,82.03656768798828,511100,0.0,0.0
2014-06-30 00:00:00-04:00,81.81694028778617,82.5673862041435,81.3685048820041,81.97251892089844,363100,0.0,0.0
2014-07-01 00:00:00-04:00,82.32941536484914,83.29950184967942,81.99995071297201,82.69548797607422,428500,0.0,0.0
2014-07-02 00:00:00-04:00,82.50329827068377,82.91512557865187,81.79860729913332,82.21044158935547,210500,0.0,0.0
2014-07-03 00:00:00-04:00,82.31110382080078,82.48498287653128,81.74369100050048,82.31110382080078,343200,0.0,0.0
2014-07-07 00:00:00-04:00,82.2745064352221,83.14392277231852,81.35017466829814,81.8169174194336,263400,0.0,0.0
2014-07-08 00:00:00-04:00,81.73453933899896,81.73453933899896,80.81021464962703,81.19458770751953,308500,0.0,0.0
2014-07-09 00:00:00-04:00,81.44168369431598,81.70708613729161,80.37092717014971,80.48075103759766,262400,0.0,0.0
2014-07-10 00:00:00-04:00,78.88836511755967,80.31604798545119,77.92743211078826,79.70287322998047,252500,0.0,0.0
2014-07-11 00:00:00-04:00,79.5198084933246,79.9865511851086,78.98900362676662,79.89503479003906,199500,0.0,0.0
2014-07-14 00:00:00-04:00,80.54481062919854,80.6271732904504,80.05061371492715,80.10552215576172,225600,0.0,0.0
2014-07-15 00:00:00-04:00,79.94078768981414,80.53565471770237,79.5472609158807,79.9865493774414,175500,0.0,0.0
2014-07-16 00:00:00-04:00,80.43500885442164,80.70041136176287,79.28188240444894,80.40755462646484,292400,0.0,0.0
2014-07-17 00:00:00-04:00,79.57474550689541,79.76693908248195,78.38501797928821,78.49483489990234,542200,0.0,0.0
2014-07-18 00:00:00-04:00,78.40330404937359,79.72116271236514,78.40330404937359,79.62964630126953,427100,0.0,0.0
2014-07-21 00:00:00-04:00,78.68701319097231,80.37093748101788,78.11044654071937,80.24281311035156,869100,0.0,0.0
2014-07-22 00:00:00-04:00,80.38924691399107,82.24706445985638,80.38924691399107,81.48746490478516,587000,0.0,0.0
2014-07-23 00:00:00-04:00,83.08901585035854,84.17807996225302,82.32941639446145,83.37271881103516,687400,0.0,0.0
2014-07-24 00:00:00-04:00,83.32697443619712,83.94929586559651,82.37518830992421,82.51246643066406,486700,0.0,0.0
2014-07-25 00:00:00-04:00,81.90843114433424,82.56736042265602,81.68879037897834,82.05486297607422,406800,0.0,0.0
2014-07-28 00:00:00-04:00,81.83523869714585,82.50332190210754,80.71872009782292,81.0298843383789,418000,0.0,0.0
2014-07-29 00:00:00-04:00,80.97494514057506,82.073155847697,80.36177062988281,80.36177062988281,322300,0.0,0.0
2014-07-30 00:00:00-04:00,80.48991450463943,80.77362447556592,79.39170353111679,79.666259765625,465900,0.0,0.0
2014-07-31 00:00:00-04:00,78.65041315483603,79.42831319290252,78.01893799131777,78.08300018310547,455500,0.0,0.0
2014-08-01 00:00:00-04:00,77.82674197578062,78.7144657987712,77.53388527995166,78.01892852783203,547100,0.0,0.0
2014-08-04 00:00:00-04:00,77.79928955204053,78.13790096871574,77.08545177582792,77.77183532714844,488800,0.0,0.0
2014-08-05 00:00:00-04:00,77.36001066780376,77.90911618098214,76.87496734812527,77.22273254394531,338100,0.0,0.0
2014-08-06 00:00:00-04:00,76.76513004188837,77.13120264747369,76.45397286560609,76.8200454711914,420700,0.0,0.0
2014-08-07 00:00:00-04:00,76.87497009288316,77.22273530111987,76.24349488994123,76.51805114746094,236200,0.0,0.0
2014-08-08 00:00:00-04:00,76.71022362029882,77.95486632279996,76.50888333279798,77.86334991455078,475100,0.0,0.0
2014-08-11 00:00:00-04:00,78.26602932953418,78.57719351943427,77.77183929177477,77.7992935180664,211400,0.0,0.0
2014-08-12 00:00:00-04:00,77.524721233162,78.03721863713363,76.87494574391127,77.02137756347656,330300,0.0,0.0
2014-08-13 00:00:00-04:00,77.40576173807975,77.63455625233354,77.36915377792862,77.56134033203125,259100,0.0,0.0
2014-08-14 00:00:00-04:00,77.79013726687847,77.79013726687847,76.84750495598176,77.42406463623047,437400,0.0,0.0
2014-08-15 00:00:00-04:00,77.9182714784778,77.95487944439031,76.28925539777678,76.92073059082031,444600,0.0,0.0
2014-08-18 00:00:00-04:00,77.51557807005933,78.21111534334146,77.22272137324387,77.76268005371094,484400,0.0,0.0
2014-08-19 00:00:00-04:00,78.21108994591646,78.55885497850085,77.79926274990198,77.89993286132812,362400,0.0,0.0
2014-08-20 00:00:00-04:00,77.57051296123642,78.14707276397517,77.52475125433784,77.84506225585938,346400,0.0,0.0
2014-08-21 00:00:00-04:00,77.79015507550277,77.79015507550277,77.00310118321717,77.1312255859375,265500,0.0,0.0
2014-08-22 00:00:00-04:00,77.05797919829385,77.56132985455817,76.88410013888269,77.28677368164062,376400,0.0,0.0
2014-08-25 00:00:00-04:00,77.60708362189946,77.75350844552234,77.24101108946306,77.38743591308594,306200,0.0,0.0
2014-08-26 00:00:00-04:00,77.41491883060411,77.55219695394149,76.83835909129354,76.8566665649414,190800,0.0,0.0
2014-08-27 00:00:00-04:00,76.89324951171875,77.14035147221712,76.63700079879729,76.89324951171875,258500,0.0,0.0
2014-08-28 00:00:00-04:00,76.6461510285417,76.89324599548696,76.10619940561331,76.3532943725586,519800,0.0,0.0
2014-08-29 00:00:00-04:00,76.3533087666908,76.93902218907574,76.12451424287623,76.65531921386719,253800,0.0,0.0
2014-09-02 00:00:00-04:00,76.59125791595292,77.40576587161141,76.32585542737529,76.66446685791016,316600,0.0,0.0
2014-09-03 00:00:00-04:00,76.83835998697222,76.94818388337339,76.28010073254669,76.55465698242188,303600,0.0,0.0
2014-09-04 00:00:00-04:00,76.57294088874069,77.3783019900681,76.02383549017907,76.13365936279297,452000,0.0,0.0
2014-09-05 00:00:00-04:00,75.73097472086619,75.88655329530717,74.38566202860382,75.74927520751953,806200,0.0,0.0
2014-09-08 00:00:00-04:00,75.63030062362553,76.23432138532314,75.41065988403241,75.72181701660156,346900,0.0,0.0
2014-09-09 00:00:00-04:00,75.85912048230328,75.85912048230328,74.91648805293129,74.96224975585938,284800,0.0,0.0
2014-09-10 00:00:00-04:00,74.9805355962351,75.35575495435525,74.4314301796728,75.07205200195312,507500,0.0,0.0
2014-09-11 00:00:00-04:00,74.70595941319097,75.20015625057704,74.42225653667859,74.57783508300781,386200,0.0,0.0
2014-09-12 00:00:00-04:00,74.52293892668398,74.6419095436654,73.54369882340367,73.83655548095703,424700,0.0,0.0
2014-09-15 00:00:00-04:00,73.79080097048514,73.96468702797375,73.10441745798268,73.26914978027344,434800,0.0,0.0
2014-09-16 00:00:00-04:00,73.0861280110791,74.35822508784771,72.85733347234726,74.1660385131836,509200,0.0,0.0
2014-09-17 00:00:00-04:00,74.42229399759937,75.41068816988579,74.111136748318,74.77921295166016,382300,0.0,0.0
2014-09-18 00:00:00-04:00,74.82495418019374,74.85240840264606,73.29660163522648,73.56200408935547,361400,0.0,0.0
2014-09-19 00:00:00-04:00,73.73589988889479,73.73589988889479,72.60108098990419,73.05867004394531,572000,0.0,0.0
2014-09-22 00:00:00-04:00,72.88476841733434,73.00373903238798,71.95129001846314,72.07941436767578,354100,0.0,0.0
2014-09-23 00:00:00-04:00,71.74080868908892,71.98791067922383,71.35643557360639,71.54862213134766,455300,0.0,0.0
2014-09-24 00:00:00-04:00,71.29235243361916,71.9238203713825,70.9994958151956,71.61266326904297,306100,0.0,0.0
2014-09-25 00:00:00-04:00,72.20756006148105,72.23501428982019,70.76157685607248,71.4021987915039,531700,0.0,0.0
2014-09-26 00:00:00-04:00,71.50287416231153,71.6584597713335,70.76158201409794,71.38390350341797,425100,0.0,0.0
2014-09-29 00:00:00-04:00,70.76836072078994,71.9351284982109,70.72242934158363,71.38389587402344,377400,0.3,0.0
2014-09-30 00:00:00-04:00,71.50333849262447,71.88919575247097,70.41925832742629,70.62137603759766,339000,0.0,0.0
2014-10-01 00:00:00-04:00,70.22631086197627,70.685666622174,69.48214976419136,69.53727722167969,660900,0.0,0.0
2014-10-02 00:00:00-04:00,69.2433044463082,70.6581213277669,69.2433044463082,70.52949523925781,556800,0.0,0.0
2014-10-03 00:00:00-04:00,71.08072502360845,71.44820408730001,70.68567872184755,70.94291687011719,542400,0.0,0.0
2014-10-06 00:00:00-04:00,71.10827047309287,71.32875926732348,70.25386851008533,70.55704498291016,450900,0.0,0.0
2014-10-07 00:00:00-04:00,70.5478597265826,71.20014407637026,70.08850395834796,70.16200256347656,697600,0.0,0.0
2014-10-08 00:00:00-04:00,70.15282268140786,70.87860573146229,69.26167125274337,70.80510711669922,543600,0.0,0.0
2014-10-09 00:00:00-04:00,70.74999957194203,70.74999957194203,69.13306479813632,69.25249481201172,503200,0.0,0.0
2014-10-10 00:00:00-04:00,69.09630484432654,69.7945276860572,68.56345038592121,68.57263946533203,551700,0.0,0.0
2014-10-13 00:00:00-04:00,68.66448225888917,69.22489672617002,67.6447121305067,67.67227935791016,670800,0.0,0.0
2014-10-14 00:00:00-04:00,67.9662839292408,68.65531759555455,67.57123768018575,68.51750946044922,895600,0.0,0.0
2014-10-15 00:00:00-04:00,67.74579080824576,69.51890446056565,66.98326551414954,68.89418029785156,738700,0.0,0.0
2014-10-16 00:00:00-04:00,67.79171616159404,70.11605492033205,67.71821756617491,70.02418518066406,717900,0.0,0.0
2014-10-17 00:00:00-04:00,70.53867725951933,71.41145750648974,69.84964354259115,70.14363098144531,1055100,0.0,0.0
2014-10-20 00:00:00-04:00,77.02478643135731,77.98943653091091,75.46297932744721,77.3739013671875,2339800,0.0,0.0
2014-10-21 00:00:00-04:00,78.0904758648909,79.92789882641775,78.0904758648909,79.55122375488281,1424700,0.0,0.0
2014-10-22 00:00:00-04:00,80.06570542472745,80.91091828871336,79.77171803685357,79.79927825927734,900600,0.0,0.0
2014-10-23 00:00:00-04:00,80.74555640545123,81.48971050728197,80.15758158265928,80.75474548339844,720200,0.0,0.0
2014-10-24 00:00:00-04:00,80.65368665361737,81.19572309588601,80.22189110986425,80.75474548339844,379100,0.0,0.0
2014-10-27 00:00:00-04:00,80.62613833658546,81.32435416101173,79.90035527424615,81.26923370361328,516900,0.0,0.0
2014-10-28 00:00:00-04:00,81.27841324328296,82.09606597505649,81.06710649936696,81.71939086914062,733800,0.0,0.0
2014-10-29 00:00:00-04:00,81.76535177935982,82.05933928066982,80.00142677149982,80.70883178710938,525500,0.0,0.0
2014-10-30 00:00:00-04:00,80.38725772146451,81.5907675655464,79.68903500610425,81.30596923828125,538600,0.0,0.0
2014-10-31 00:00:00-04:00,82.39925304617132,82.49112281257833,80.94768690561355,81.69184112548828,620200,0.0,0.0
2014-11-03 00:00:00-05:00,81.63670459747411,82.46354635080282,81.16815976905244,82.16036987304688,531400,0.0,0.0
2014-11-04 00:00:00-05:00,81.62752546284133,82.34411939994293,81.17735873477734,81.22329711914062,557400,0.0,0.0
2014-11-05 00:00:00-05:00,81.83884083483643,82.32575691981583,81.21411659147073,82.25225830078125,497900,0.0,0.0
2014-11-06 00:00:00-05:00,82.10525333493197,83.5843794837489,82.05012587594378,83.44657135009766,749400,0.0,0.0
2014-11-07 00:00:00-05:00,83.44658523687966,83.64870293197525,83.00560053765165,83.51089477539062,573400,0.0,0.0
2014-11-10 00:00:00-05:00,83.56601295301928,84.31016716536156,83.47414318754221,84.04374694824219,489500,0.0,0.0
2014-11-11 00:00:00-05:00,84.21828676832985,84.55821256781864,83.62112285429296,83.9702377319336,358800,0.0,0.0
2014-11-12 00:00:00-05:00,83.51088090374277,84.4387815274546,83.48332067884657,83.95185852050781,322300,0.0,0.0
2014-11-13 00:00:00-05:00,84.34690582560388,84.51227418627236,83.6578721576874,83.9702377319336,403600,0.0,0.0
2014-11-14 00:00:00-05:00,83.97944483994388,84.55823072193877,83.74057782120329,84.44798278808594,375800,0.0,0.0
2014-11-17 00:00:00-05:00,84.19072654308725,84.46634281393902,83.83242959650771,83.9702377319336,397800,0.0,0.0
2014-11-18 00:00:00-05:00,83.91511696344887,84.69602745672606,83.63950767983351,84.05292510986328,512200,0.0,0.0
2014-11-19 00:00:00-05:00,84.383660971244,84.67764840954054,83.46494935041562,84.52146911621094,380600,0.0,0.0
2014-11-20 00:00:00-05:00,84.22748159262439,85.42180950217725,83.79568600979815,85.31156158447266,491500,0.0,0.0
2014-11-21 00:00:00-05:00,86.23943897543717,86.96522180010679,85.75251606075133,85.8995132446289,701800,0.0,0.0
2014-11-24 00:00:00-05:00,85.8995393090914,87.20410817039787,85.76173115969398,86.6804428100586,553000,0.0,0.0
2014-11-25 00:00:00-05:00,86.73555094131441,87.25921618492463,86.28537728634915,86.87335205078125,393000,0.0,0.0
2014-11-26 00:00:00-05:00,86.77230081488447,87.24084565565853,85.91789881545542,86.36807250976562,276800,0.0,0.0
2014-11-28 00:00:00-05:00,86.19350269099853,86.79985557536368,85.58715681584508,86.05569458007812,156300,0.0,0.0
2014-12-01 00:00:00-05:00,85.88117004469879,85.91791234341163,84.236675313354,84.73278045654297,443600,0.0,0.0
2014-12-02 00:00:00-05:00,85.13699785171559,86.41400634840986,85.05431717644798,86.03733825683594,332100,0.0,0.0
2014-12-03 00:00:00-05:00,86.1843365544095,87.17654680608186,85.89953818945696,86.94686889648438,417400,0.0,0.0
2014-12-04 00:00:00-05:00,87.02954864501953,87.64508370434594,86.3680752042813,87.02954864501953,573700,0.0,0.0
2014-12-05 00:00:00-05:00,86.91930992424987,88.25143901547081,86.91930992424987,87.67265319824219,291200,0.0,0.0
2014-12-08 00:00:00-05:00,87.53483473295893,88.23305746851679,86.53344251508331,87.01116943359375,339200,0.0,0.0
2014-12-09 00:00:00-05:00,85.55041847397409,87.25922244609666,85.41261034540693,87.22247314453125,399100,0.0,0.0
2014-12-10 00:00:00-05:00,86.84579835234105,87.09385438643834,85.21968205557737,85.55960083007812,327300,0.0,0.0
2014-12-11 00:00:00-05:00,85.80766352301174,87.06629390977058,85.76172514003248,85.92709350585938,258100,0.0,0.0
2014-12-12 00:00:00-05:00,85.02673982005139,85.5595870859139,84.65925387140686,84.90730285644531,381800,0.0,0.0
2014-12-15 00:00:00-05:00,85.17375114936851,86.01896413473621,84.53983790573614,84.95326232910156,429800,0.0,0.0
2014-12-16 00:00:00-05:00,84.70520794646326,85.97303445877202,84.19073168593992,84.80626678466797,687700,0.0,0.0
2014-12-17 00:00:00-05:00,84.81545484884172,87.27760222351576,84.53983856445058,86.85499572753906,944800,0.0,0.0
2014-12-18 00:00:00-05:00,87.71857921063493,88.22386634224202,86.90091950752316,87.36027526855469,647500,0.0,0.0
2014-12-19 00:00:00-05:00,87.39703969749128,88.70161561162247,87.35110831896579,88.15038299560547,1044500,0.0,0.0
2014-12-22 00:00:00-05:00,88.22387273345821,88.22387273345821,87.2959720663749,87.81045532226562,309500,0.0,0.0
2014-12-23 00:00:00-05:00,88.24225182270358,88.74753899625382,87.77370694497864,88.23306274414062,268300,0.0,0.0
2014-12-24 00:00:00-05:00,88.26062546394196,88.56380198216468,87.59915197298824,87.90232849121094,138900,0.0,0.0
2014-12-26 00:00:00-05:00,88.2790047082263,88.85779757049723,87.83802701329178,87.92070770263672,155300,0.0,0.0
2014-12-29 00:00:00-05:00,87.83772316489348,88.65794687706808,87.83772316489348,88.10498809814453,217100,0.3,0.0
2014-12-30 00:00:00-05:00,87.9391273253076,88.55659803812699,87.64421541535992,87.92991638183594,221200,0.0,0.0
2014-12-31 00:00:00-05:00,88.38149201516187,88.81464538819368,87.37694378368857,87.61656188964844,284400,0.0,0.0
2015-01-02 00:00:00-05:00,87.63499485139573,88.14187797754263,86.6488825224635,87.13733673095703,264000,0.0,0.0
2015-01-05 00:00:00-05:00,86.75950205080768,87.55207933146673,86.2526187790177,86.93460845947266,619000,0.0,0.0
2015-01-06 00:00:00-05:00,86.99908583011599,87.54282673276342,85.6535499868024,86.49220275878906,597400,0.0,0.0
2015-01-07 00:00:00-05:00,87.70871969824077,87.98520266641874,86.7779082366331,87.23870849609375,295700,0.0,0.0
2015-01-08 00:00:00-05:00,87.76403267914863,89.03583904034511,87.616573200674,88.82386779785156,536700,0.0,0.0
2015-01-09 00:00:00-05:00,88.81464970833576,89.3860375633168,88.35384942205849,88.3999252319336,306600,0.0,0.0
2015-01-12 00:00:00-05:00,88.17875232490847,89.358400056679,87.45990492781425,89.04505920410156,391200,0.0,0.0
2015-01-13 00:00:00-05:00,89.99428895075357,91.20158333857418,87.7087166495225,88.75012969970703,428300,0.0,0.0
2015-01-14 00:00:00-05:00,87.95757005233519,89.56115324678639,87.88384031135338,89.27545928955078,348900,0.0,0.0
2015-01-15 00:00:00-05:00,89.27543752426901,89.92055502244291,86.86084183020468,87.34928894042969,497400,0.0,0.0
2015-01-16 00:00:00-05:00,87.00829812747267,87.48752724716569,85.85629761438518,87.21104431152344,497600,0.0,0.0
2015-01-20 00:00:00-05:00,87.8008805611337,88.80542880837802,87.3308693471174,88.22482299804688,368500,0.0,0.0
2015-01-21 00:00:00-05:00,88.71327712119754,89.6072308422701,88.38150033747462,89.3399658203125,385300,0.0,0.0
2015-01-22 00:00:00-05:00,90.99883390324074,90.99883390324074,89.3491681191331,90.64862823486328,347800,0.0,0.0
2015-01-23 00:00:00-05:00,90.53802433587202,91.4411958516362,90.02193034472295,90.88823699951172,325300,0.0,0.0
2015-01-26 00:00:00-05:00,90.85137403990431,92.52868657749546,90.1140908674727,92.06788635253906,406400,0.0,0.0
2015-01-27 00:00:00-05:00,91.22923500340268,91.8190587833832,90.5841174413159,91.45042419433594,417000,0.0,0.0
2015-01-28 00:00:00-05:00,92.06790415191256,92.19692767734404,91.29375596806891,91.67161560058594,556200,0.0,0.0
2015-01-29 00:00:00-05:00,91.9296735476104,92.4181208133888,91.19239014525265,91.88359069824219,514800,0.0,0.0
2015-01-30 00:00:00-05:00,91.51492858130784,91.97572881176508,90.36292800516476,90.6025390625,635000,0.0,0.0
2015-02-02 00:00:00-05:00,93.06321609662369,93.37655687314688,90.1601732865401,92.4918212890625,857500,0.0,0.0
2015-02-03 00:00:00-05:00,92.79595827533959,93.45029379843776,92.69458165600356,93.14616394042969,426400,0.0,0.0
2015-02-04 00:00:00-05:00,93.13695156173212,93.8189410475549,92.48261599932461,93.11852264404297,498800,0.0,0.0
2015-02-05 00:00:00-05:00,93.22911687561606,93.97561108602883,92.69458685843573,93.08165740966797,341800,0.0,0.0
2015-02-06 00:00:00-05:00,93.25677490234375,93.89267458922063,92.95264499095404,93.25677490234375,346400,0.0,0.0
2015-02-09 00:00:00-05:00,92.94342514980131,93.81894999550772,92.57478347956993,92.76832580566406,267900,0.0,0.0
2015-02-10 00:00:00-05:00,93.08166372603785,94.00326435698871,92.65772827955102,93.66226959228516,259400,0.0,0.0
2015-02-11 00:00:00-05:00,93.64382131863456,94.1138395120251,93.29361568250727,93.83735656738281,284000,0.0,0.0
2015-02-12 00:00:00-05:00,94.19681258268501,95.95707340455691,94.19681258268501,95.2843017578125,448400,0.0,0.0
2015-02-13 00:00:00-05:00,95.34878933413727,96.30725472249439,95.21054784933743,96.09528350830078,361100,0.0,0.0
2015-02-17 00:00:00-05:00,96.00316270028661,97.02614024723991,95.78198045618385,96.55612182617188,271600,0.0,0.0
2015-02-18 00:00:00-05:00,96.07686470392801,97.11827087402344,96.07686470392801,97.11827087402344,253500,0.0,0.0
2015-02-19 00:00:00-05:00,96.65746854059682,97.51455738112256,96.25196905724646,97.09062194824219,306800,0.0,0.0
2015-02-20 00:00:00-05:00,97.01689942641715,98.49146612325815,96.34413487489444,98.24263000488281,375600,0.0,0.0
2015-02-23 00:00:00-05:00,98.04906297235739,98.3531927824871,97.36708066612186,98.05828094482422,344900,0.0,0.0
2015-02-24 00:00:00-05:00,98.09516976067728,98.2149753069941,97.16435118927866,97.51455688476562,364500,0.0,0.0
2015-02-25 00:00:00-05:00,97.32103446006559,97.47770489469755,96.02158110333069,96.49159240722656,366400,0.0,0.0
2015-02-26 00:00:00-05:00,96.49158566286869,96.66669203713315,95.45939743037508,96.1045150756836,315300,0.0,0.0
2015-02-27 00:00:00-05:00,96.02156307217578,96.59295091030296,95.82802780139843,96.08607482910156,842800,0.0,0.0
2015-03-02 00:00:00-05:00,96.08606227598493,99.22871606887642,95.8833090574913,98.79556274414062,768200,0.0,0.0
2015-03-03 00:00:00-05:00,98.53753046418342,99.12735426173805,97.93848869225172,98.68498992919922,358300,0.0,0.0
2015-03-04 00:00:00-05:00,98.52832241954903,99.17344001983538,97.91084468069836,98.86009216308594,367500,0.0,0.0
2015-03-05 00:00:00-05:00,99.04442690505103,99.46836237709852,98.46381397254157,98.96147918701172,364500,0.0,0.0
2015-03-06 00:00:00-05:00,98.74950384249024,98.82323357660725,97.83712123436909,98.25183868408203,337700,0.0,0.0
2015-03-09 00:00:00-04:00,98.3716528802464,99.00755958823761,98.18733555999783,98.59284210205078,288000,0.0,0.0
2015-03-10 00:00:00-04:00,97.94771992358977,99.14580362961058,97.49613755555343,98.7310791015625,376500,0.0,0.0
2015-03-11 00:00:00-04:00,98.95225232882636,99.69874651485034,98.38085746382713,99.54207611083984,425000,0.0,0.0
2015-03-12 00:00:00-04:00,99.85540451474925,100.80465182628431,99.7632458786178,100.17796325683594,210800,0.0,0.0
2015-03-13 00:00:00-04:00,99.95679805302177,99.95679805302177,98.75872151789461,99.40383911132812,430300,0.0,0.0
2015-03-16 00:00:00-04:00,99.02597974476002,100.50975724460046,98.74950378885305,99.90150451660156,371800,0.0,0.0
2015-03-17 00:00:00-04:00,99.06285520677588,99.9936738631009,98.7771612457401,99.61581420898438,365600,0.0,0.0
2015-03-18 00:00:00-04:00,99.2287185034331,101.10878426024662,98.65733072593571,100.66641998291016,352200,0.0,0.0
2015-03-19 00:00:00-04:00,100.3070002098934,101.17330697450153,100.09503602148132,100.8783950805664,225600,0.0,0.0
2015-03-20 00:00:00-04:00,101.2286124114713,101.53274231464563,100.71251829548214,101.16410064697266,602700,0.0,0.0
2015-03-23 00:00:00-04:00,102.260805178385,102.43591154828746,100.81389246887498,101.32998657226562,371300,0.0,0.0
2015-03-24 00:00:00-04:00,101.1272386767045,102.2331566032853,100.83232676086597,101.33920288085938,388100,0.0,0.0
2015-03-25 00:00:00-04:00,101.38527223796389,101.77234275765387,100.6295601146985,100.6387710571289,524400,0.0,0.0
2015-03-26 00:00:00-04:00,100.5742767911979,101.55117826521952,100.05818267520874,101.16410064697266,346900,0.0,0.0
2015-03-27 00:00:00-04:00,101.09940549307342,102.2638064539159,100.61885593122334,102.1344223022461,323000,0.3,0.0
2015-03-30 00:00:00-04:00,102.94766742307453,103.47441911257417,102.82752649618193,102.9199447631836,267600,0.0,0.0
2015-03-31 00:00:00-04:00,102.47634114716666,103.70543053408788,102.39317318364934,103.21564483642578,338500,0.0,0.0
2015-04-01 00:00:00-04:00,103.03082478394023,103.9364715333399,102.44862783466247,103.44668579101562,394600,0.0,0.0
2015-04-02 00:00:00-04:00,103.26186654808464,103.86255002852636,102.87373521014649,103.55758666992188,286700,0.0,0.0
2015-04-06 00:00:00-04:00,103.35428031842464,104.39854753269157,103.2064237791139,103.58531188964844,407500,0.0,0.0
2015-04-07 00:00:00-04:00,103.52060481510759,104.25066529565252,102.845996696094,102.93840789794922,287400,0.0,0.0
2015-04-08 00:00:00-04:00,102.86450373170942,103.71470534838546,102.62423595248707,103.65001678466797,261800,0.0,0.0
2015-04-09 00:00:00-04:00,103.52060842592182,103.99191473750227,102.56875961761918,102.9476547241211,240700,0.0,0.0
2015-04-10 00:00:00-04:00,102.76282501220703,103.23413132263524,101.34891313144541,102.76282501220703,395600,0.0,0.0
2015-04-13 00:00:00-04:00,102.87371909180246,103.27109360424687,101.51525257134081,101.84793853759766,426300,0.0,0.0
2015-04-14 00:00:00-04:00,102.16216364792534,103.16021467753191,101.42285979956401,103.04932403564453,321800,0.0,0.0
2015-04-15 00:00:00-04:00,103.39123107134284,105.42431283062488,103.39123107134284,104.96224975585938,1005300,0.0,0.0
2015-04-16 00:00:00-04:00,104.60184457184126,105.1840415270611,103.81633167841161,103.96419525146484,499200,0.0,0.0
2015-04-17 00:00:00-04:00,104.36156296819246,104.36156296819246,102.44862218264606,102.93840789794922,528300,0.0,0.0
2015-04-20 00:00:00-04:00,99.80562201726566,101.718562823909,98.08674685181536,98.62274169921875,1530700,0.0,0.0
2015-04-21 00:00:00-04:00,98.38246778210696,99.1772168246405,96.97779915490986,97.59696197509766,936500,0.0,0.0
2015-04-22 00:00:00-04:00,97.31972792182198,99.75942052718369,97.07021694990871,99.52838897705078,766800,0.0,0.0
2015-04-23 00:00:00-04:00,99.39902573407113,99.6393005538619,98.53035177879192,99.112548828125,532100,0.0,0.0
2015-04-24 00:00:00-04:00,99.47294753573024,99.99969920852972,98.49337598117913,99.80563354492188,392900,0.0,0.0
2015-04-27 00:00:00-04:00,99.9442444750982,100.97926125016795,99.02936156127105,99.12177276611328,470800,0.0,0.0
2015-04-28 00:00:00-04:00,98.82605451737886,99.88879396860422,98.15143931349651,99.43597412109375,366900,0.0,0.0
2015-04-29 00:00:00-04:00,99.00163888870856,99.47294523257153,97.9573788037999,98.58578491210938,354500,0.0,0.0
2015-04-30 00:00:00-04:00,98.32702793564336,98.91846813265737,97.66165595137177,97.92041015625,538300,0.0,0.0
2015-05-01 00:00:00-04:00,98.13295674743786,98.87225342674854,97.8834387421468,98.41943359375,420800,0.0,0.0
2015-05-04 00:00:00-04:00,98.87224428066476,99.69471590249812,98.40094507075277,99.27886199951172,413000,0.0,0.0
2015-05-05 00:00:00-04:00,98.94618912626525,99.77790409261775,98.24385126017613,98.6966781616211,352900,0.0,0.0
2015-05-06 00:00:00-04:00,98.63199591972794,98.81681834606117,97.69862645054083,98.4471664428711,411300,0.0,0.0
2015-05-07 00:00:00-04:00,98.25309944291018,99.93500888153798,97.88344754475081,99.57460021972656,324900,0.0,0.0
2015-05-08 00:00:00-04:00,100.43401586152227,100.99773329622556,100.33236143555793,100.37857055664062,245400,0.0,0.0
2015-05-11 00:00:00-04:00,100.39706055854225,101.86642474750285,100.39706055854225,101.21028900146484,361400,0.0,0.0
2015-05-12 00:00:00-04:00,101.00700144629457,102.04201832884699,100.43404063593611,101.7000961303711,433200,0.0,0.0
2015-05-13 00:00:00-04:00,101.80174126575916,103.57606180250522,101.60766856751601,103.38199615478516,560900,0.0,0.0
2015-05-14 00:00:00-04:00,103.91799069332706,105.19328939017684,103.10476215733223,104.94377136230469,381000,0.0,0.0
2015-05-15 00:00:00-04:00,104.96223856830895,105.57215809571832,104.79589559710234,105.40581512451172,317300,0.0,0.0
2015-05-18 00:00:00-04:00,105.22099779008144,106.21905566527487,105.22099779008144,105.37809753417969,264200,0.0,0.0
2015-05-19 00:00:00-04:00,105.368870637975,106.46858311823347,105.21177086951626,105.44280242919922,274900,0.0,0.0
2015-05-20 00:00:00-04:00,105.62764206786474,105.69233062877758,104.54640890614378,105.38736724853516,245700,0.0,0.0
2015-05-21 00:00:00-04:00,105.39658508853192,105.73850723502495,104.5094178233303,104.9899673461914,230100,0.0,0.0
2015-05-22 00:00:00-04:00,105.15630668519971,105.70153768397991,104.79589808079733,105.35037231445312,252100,0.0,0.0
2015-05-26 00:00:00-04:00,105.42431025533617,105.42431025533617,104.35232056381554,104.93452453613281,333300,0.0,0.0
2015-05-27 00:00:00-04:00,105.22103157771076,106.61646440405023,105.07316797070996,106.29301452636719,270800,0.0,0.0
2015-05-28 00:00:00-04:00,106.06198000058878,106.13591180204837,104.75896548985563,105.27647399902344,378200,0.0,0.0
2015-05-29 00:00:00-04:00,104.94377042527402,104.94377042527402,103.80709913230112,104.05661010742188,252700,0.0,0.0
2015-06-01 00:00:00-04:00,104.46323382613767,105.10088320506054,103.80710502414804,104.8328857421875,246700,0.0,0.0
2015-06-02 00:00:00-04:00,104.4355111662756,105.23949650437083,103.56683022113707,104.8328857421875,248500,0.0,0.0
2015-06-03 00:00:00-04:00,105.01771401746359,105.33192063126975,103.80711079931093,105.13784790039062,249100,0.0,0.0
2015-06-04 00:00:00-04:00,104.80515351778419,104.93453061901607,103.93647265192166,104.04736328125,190200,0.0,0.0
2015-06-05 00:00:00-04:00,103.89027531747749,104.8790901608815,103.4189759882784,104.67578125,208700,0.0,0.0
2015-06-08 00:00:00-04:00,104.50944638044703,105.09165049798004,104.08434910208022,104.1213150024414,215000,0.0,0.0
2015-06-09 00:00:00-04:00,104.38005522184025,105.24873613723338,103.71469025636266,104.82363891601562,394800,0.0,0.0
2015-06-10 00:00:00-04:00,104.96226358746496,109.44427459321152,104.69426612272233,106.62568664550781,1231000,0.0,0.0
2015-06-11 00:00:00-04:00,105.99727580169184,107.05077914025647,105.99727580169184,106.46858215332031,532400,0.0,0.0
2015-06-12 00:00:00-04:00,106.06198292832207,107.08776378768438,105.82171514273303,106.29301452636719,399400,0.0,0.0
2015-06-15 00:00:00-04:00,105.23025380316692,105.61838511825383,104.67577243815884,104.9807357788086,387200,0.0,0.0
2015-06-16 00:00:00-04:00,104.85135915875446,105.8032080289517,103.50213573540927,103.97344207763672,644500,0.0,0.0
2015-06-17 00:00:00-04:00,104.3061352278159,104.53716679663317,102.97539113526068,103.52062225341797,548600,0.0,0.0
2015-06-18 00:00:00-04:00,103.84404937569043,104.78665486805212,103.11398893185586,103.25260925292969,561400,0.0,0.0
2015-06-19 00:00:00-04:00,103.04007198663975,103.66847808884826,101.91263688704298,101.97732543945312,709200,0.0,0.0
2015-06-22 00:00:00-04:00,102.19910745128904,102.96613384721687,101.8109761607676,102.22683715820312,358200,0.0,0.0
2015-06-23 00:00:00-04:00,102.20835185334137,102.49483575720582,101.21953714447724,101.921875,372700,0.0,0.0
2015-06-24 00:00:00-04:00,101.99582219024275,102.4301556284663,100.75748928292867,101.55223846435547,430100,0.0,0.0
2015-06-25 00:00:00-04:00,101.57072045558937,102.19911954286404,100.37859673606617,100.65583038330078,262700,0.0,0.0
2015-06-26 00:00:00-04:00,100.85050683093291,100.9988607053151,99.9974932749416,100.62798309326172,487300,0.36,0.0
2015-06-29 00:00:00-04:00,100.00678565995382,100.84125867296032,99.34848113688852,99.39483642578125,377200,0.0,0.0
2015-06-30 00:00:00-04:00,100.35911750119115,100.71145448786778,99.57100683578338,99.84916687011719,366300,0.0,0.0
2015-07-01 00:00:00-04:00,100.43330326673413,100.83199557818334,99.77499867320712,100.23859405517578,263200,0.0,0.0
2015-07-02 00:00:00-04:00,100.40549176237862,100.82272478941563,99.82136410974593,100.1180648803711,216300,0.0,0.0
2015-07-06 00:00:00-04:00,99.6729985250306,101.38829987556437,99.21867707058624,100.60018920898438,307100,0.0,0.0
2015-07-07 00:00:00-04:00,101.12869063643518,101.2306821806287,99.71008997943913,101.16577911376953,351700,0.0,0.0
2015-07-08 00:00:00-04:00,100.5074900506333,101.28632697300137,99.580299196059,99.9882583618164,353200,0.0,0.0
2015-07-09 00:00:00-04:00,100.9154296680714,101.59228197331575,100.2200366618452,100.27567291259766,347200,0.0,0.0
2015-07-10 00:00:00-04:00,100.79489007565617,101.57373386425589,100.11804489367964,100.12731170654297,498400,0.0,0.0
2015-07-13 00:00:00-04:00,100.95251412996146,101.51810098511605,100.70217577019127,101.03596496582031,304900,0.0,0.0
2015-07-14 00:00:00-04:00,101.08232608955603,101.62009838844133,100.76708464987378,101.1379623413086,251500,0.0,0.0
2015-07-15 00:00:00-04:00,100.85053346577293,101.38830579158203,99.20940897193253,99.73790740966797,660800,0.0,0.0
2015-07-16 00:00:00-04:00,100.18297356541424,100.57239202231901,99.47830654298794,99.59883880615234,490300,0.0,0.0
2015-07-17 00:00:00-04:00,99.51538234277287,100.07169536372322,99.03323920375307,99.7564468383789,475800,0.0,0.0
2015-07-20 00:00:00-04:00,110.47476622700866,110.47476622700866,102.44529188504838,107.91571807861328,2153800,0.0,0.0
2015-07-21 00:00:00-04:00,107.49849715704512,108.80583242806897,106.41367861005462,107.28524017333984,786400,0.0,0.0
2015-07-22 00:00:00-04:00,107.50777477326288,109.31580115064156,107.47069336480084,108.9449234008789,548500,0.0,0.0
2015-07-23 00:00:00-04:00,109.0932714995094,110.14099454322817,108.62967610556059,108.84292602539062,347400,0.0,0.0
2015-07-24 00:00:00-04:00,109.00981043555551,109.72374416282061,107.94353971460579,108.68529510498047,312200,0.0,0.0
2015-07-27 00:00:00-04:00,108.01771054854491,108.28659668547405,107.09051990005955,107.27595520019531,299700,0.0,0.0
2015-07-28 00:00:00-04:00,107.36868295411907,108.18460820120649,107.00707915691756,107.84154510498047,267300,0.0,0.0
2015-07-29 00:00:00-04:00,107.79518255269915,108.78727622477525,107.46139336640223,108.46276092529297,202800,0.0,0.0
2015-07-30 00:00:00-04:00,108.19388071960753,109.77010201700762,107.85081762772248,109.0376205444336,272700,0.0,0.0
2015-07-31 00:00:00-04:00,109.38996778803975,110.07608696228718,108.99127548261815,109.4734115600586,278200,0.0,0.0
2015-08-03 00:00:00-04:00,109.362145974842,110.00190985506643,108.48131759317695,109.6866683959961,292800,0.0,0.0
2015-08-04 00:00:00-04:00,109.57540589002402,110.40060511248781,109.35288208508769,109.9740982055664,283500,0.0,0.0
2015-08-05 00:00:00-04:00,110.46551583273991,110.98474043817924,109.21380961668166,109.6959457397461,252400,0.0,0.0
2015-08-06 00:00:00-04:00,109.7886625044442,110.61386172408194,109.04690705865775,109.84429168701172,325100,0.0,0.0
2015-08-07 00:00:00-04:00,109.6588699210123,110.31718171680933,108.87075903277064,110.28936004638672,259400,0.0,0.0
2015-08-10 00:00:00-04:00,110.83639277514159,112.38479976501428,110.50260351010374,112.18081665039062,364100,0.0,0.0
2015-08-11 00:00:00-04:00,111.33706950837096,112.59804952317121,110.85492634593922,112.58877563476562,295400,0.0,0.0
2015-08-12 00:00:00-04:00,111.88412022380116,113.84049351909489,111.04964702871534,113.54379272460938,324700,0.0,0.0
2015-08-13 00:00:00-04:00,113.66430905798224,114.94383680239284,112.81129527764446,114.03518676757812,345500,0.0,0.0
2015-08-14 00:00:00-04:00,113.89612290263612,116.05647932419777,113.28418060779453,115.94522094726562,262300,0.0,0.0
2015-08-17 00:00:00-04:00,115.48159885834121,116.55713633923213,114.24843359000404,116.49223327636719,396400,0.0,0.0
2015-08-18 00:00:00-04:00,116.46444287452509,117.61415754427901,114.75840803736642,117.50289916992188,280500,0.0,0.0
2015-08-19 00:00:00-04:00,116.68695650888996,117.55851809274789,116.10282887280248,116.78894805908203,263600,0.0,0.0
2015-08-20 00:00:00-04:00,115.75049168695517,115.82466864587924,113.71994872221384,113.76630401611328,420800,0.0,0.0
2015-08-21 00:00:00-04:00,112.38478596613908,113.64576590725483,110.97545918872348,111.26288604736328,461000,0.0,0.0
2015-08-24 00:00:00-04:00,106.0613437264397,110.28006424574853,101.7962679164209,107.72101593017578,598200,0.0,0.0
2015-08-25 00:00:00-04:00,109.77941054097424,109.99266049934238,105.8481228705271,106.30244445800781,494200,0.0,0.0
2015-08-26 00:00:00-04:00,108.23098465340246,109.09327237603158,105.87591918435191,108.41641998291016,508900,0.0,0.0
2015-08-27 00:00:00-04:00,109.3436062157636,110.3171593398173,108.4349561617199,110.01118469238281,317900,0.0,0.0
2015-08-28 00:00:00-04:00,109.70522165382246,111.11454864055978,109.15818244498053,110.96620178222656,331600,0.0,0.0
2015-08-31 00:00:00-04:00,110.55821312880443,111.20725083990803,109.16742712860109,109.44558715820312,404000,0.0,0.0
2015-09-01 00:00:00-04:00,107.39650947648774,109.01909333742888,107.15543789359756,107.70248413085938,371300,0.0,0.0
2015-09-02 00:00:00-04:00,108.4813357172679,110.36353211968284,107.98065178047342,110.31717681884766,319700,0.0,0.0
2015-09-03 00:00:00-04:00,110.49334279909323,111.90267699153831,109.99265884182239,110.71587371826172,233900,0.0,0.0
2015-09-04 00:00:00-04:00,109.7052137410916,110.0297291020749,108.46278148078284,108.84292602539062,288300,0.0,0.0
2015-09-08 00:00:00-04:00,110.72513541137403,111.96757489390964,110.01120153198127,111.90267181396484,501200,0.0,0.0
2015-09-09 00:00:00-04:00,112.68150916709297,112.85767770208957,110.79003887849923,111.0032958984375,276400,0.0,0.0
2015-09-10 00:00:00-04:00,110.91985729018865,111.69870141217828,109.86286011127167,110.37281799316406,344300,0.0,0.0
2015-09-11 00:00:00-04:00,110.54895921020778,113.56232922880622,110.01118686299782,113.4696044921875,385800,0.0,0.0
2015-09-14 00:00:00-04:00,113.54378530472783,114.24845229829658,112.84839219991649,113.88684844970703,235700,0.0,0.0
2015-09-15 00:00:00-04:00,114.4709728585502,114.5451498186928,112.2086250915305,114.22063446044922,340600,0.0,0.0
2015-09-16 00:00:00-04:00,114.04445450383297,115.29616051653335,114.04445450383297,115.04582214355469,329700,0.0,0.0
2015-09-17 00:00:00-04:00,115.27762303359873,115.80612145700019,114.4246092754602,114.7120361328125,277900,0.0,0.0
2015-09-18 00:00:00-04:00,113.39543694004203,114.20208840355369,112.90401987712382,113.08946228027344,533500,0.0,0.0
2015-09-21 00:00:00-04:00,113.74777747562156,115.21274076420008,113.41398819280862,114.12792205810547,240400,0.0,0.0
2015-09-22 00:00:00-04:00,112.77419786350772,113.66430005166725,112.22715876747459,112.6165771484375,361800,0.0,0.0
2015-09-23 00:00:00-04:00,112.81128972899904,113.0709019907759,109.87209693489113,110.41913604736328,486700,0.0,0.0
2015-09-24 00:00:00-04:00,109.399234888154,109.399234888154,107.2852411046386,108.8521957397461,364400,0.0,0.0
2015-09-25 00:00:00-04:00,109.55686079463814,110.3264237295858,108.88000844463403,109.64030456542969,491900,0.0,0.0
2015-09-28 00:00:00-04:00,108.9078366877531,109.68668068229772,105.98718408754426,106.7845687866211,370100,0.0,0.0
2015-09-29 00:00:00-04:00,107.15660176355462,107.93788786126723,103.62223322424967,104.30120086669922,637300,0.36,0.0
2015-09-30 00:00:00-04:00,105.1010783344183,105.79865186318656,102.18987402894932,105.40801239013672,776800,0.0,0.0
2015-10-01 00:00:00-04:00,105.40802733715591,107.92859252699505,104.51513394524909,105.75215911865234,1019600,0.0,0.0
2015-10-02 00:00:00-04:00,104.58953832499341,105.43593108157019,104.04078380059961,105.42662811279297,400200,0.0,0.0
2015-10-05 00:00:00-04:00,105.73354479881735,107.86347014840604,105.60333164173201,107.42632293701172,580200,0.0,0.0
2015-10-06 00:00:00-04:00,107.40772313656407,107.92857576024022,105.38940502764942,105.85445404052734,464600,0.0,0.0
2015-10-07 00:00:00-04:00,106.5241303967839,107.71465478626108,106.06838433120578,107.5379409790039,671200,0.0,0.0
2015-10-08 00:00:00-04:00,107.51933871451222,110.19802577836964,107.24031354275063,109.63996124267578,350800,0.0,0.0
2015-10-09 00:00:00-04:00,109.71437806050389,110.5793696328196,108.81218171027196,109.44464874267578,216800,0.0,0.0
2015-10-12 00:00:00-04:00,109.54694815510423,110.92349640346339,109.03539848076541,110.73747253417969,282000,0.0,0.0
2015-10-13 00:00:00-04:00,110.0399107733295,111.54667234348462,109.88179578957161,110.28173828125,377200,0.0,0.0
2015-10-14 00:00:00-04:00,110.14220863860211,110.57005288719998,108.66335615514981,108.77496337890625,278600,0.0,0.0
2015-10-15 00:00:00-04:00,109.08190601640989,109.7608807640354,108.17041383564113,109.58415985107422,388800,0.0,0.0
2015-10-16 00:00:00-04:00,109.08190063371164,109.67716283147686,108.47733546833238,109.52835083007812,406400,0.0,0.0
2015-10-19 00:00:00-04:00,108.82144683934389,116.36454085888593,106.97985000132448,115.99250030517578,1184000,0.0,0.0
2015-10-20 00:00:00-04:00,116.06692656199944,118.47587689888812,114.9601077066266,115.47166442871094,557900,0.0,0.0
2015-10-21 00:00:00-04:00,116.26226148304688,118.0759499237483,115.86231901970179,116.30876922607422,614400,0.0,0.0
2015-10-22 00:00:00-04:00,116.69939164239565,119.49898138000017,116.457564186999,118.84791564941406,590100,0.0,0.0
2015-10-23 00:00:00-04:00,119.30368505963797,120.85694715491958,118.73632466141902,118.9688491821289,418600,0.0,0.0
2015-10-26 00:00:00-04:00,119.05253513070238,121.22896088244018,118.52237959404184,120.382568359375,442900,0.0,0.0
2015-10-27 00:00:00-04:00,120.23378601735445,120.38259092811725,117.387680990475,118.19686889648438,589700,0.0,0.0
2015-10-28 00:00:00-04:00,118.63401403379662,122.32650458073898,118.38288357607865,121.99166870117188,448100,0.0,0.0
2015-10-29 00:00:00-04:00,121.64750589506123,122.57760385468823,119.53619374506931,121.25686645507812,591400,0.0,0.0
2015-10-30 00:00:00-04:00,121.31268348086587,124.94937031139865,121.31268348086587,123.52632141113281,490700,0.0,0.0
2015-11-02 00:00:00-05:00,123.8425479809161,125.75856185904192,123.45190850833794,125.01448059082031,325800,0.0,0.0
2015-11-03 00:00:00-05:00,124.90287964432657,126.07481244628306,123.81466646548989,125.26561737060547,335900,0.0,0.0
2015-11-04 00:00:00-05:00,125.33070766314292,126.24219974506742,124.60523234599513,125.90736389160156,345300,0.0,0.0
2015-11-05 00:00:00-05:00,125.89809985024726,127.33044491254059,124.3355274082997,126.7630844116211,393200,0.0,0.0
2015-11-06 00:00:00-05:00,126.68864710640585,127.2466973571067,125.41440327336052,125.9631576538086,276300,0.0,0.0
2015-11-09 00:00:00-05:00,125.20050135309087,126.1213035485031,123.0891747674203,124.14019012451172,466200,0.0,0.0
2015-11-10 00:00:00-05:00,123.93555772160585,125.90736092772754,123.74023089827818,125.49811553955078,371700,0.0,0.0
2015-11-11 00:00:00-05:00,124.78195331545814,126.71655889308185,124.27969243887007,125.78646087646484,299700,0.0,0.0
2015-11-12 00:00:00-05:00,124.80056921106235,126.03760151563587,124.00999425923338,124.27971649169922,311100,0.0,0.0
2015-11-13 00:00:00-05:00,124.3634134103373,125.54462768603355,123.47051306003777,124.00997161865234,230900,0.0,0.0
2015-11-16 00:00:00-05:00,123.95416567157045,126.1026898022778,123.7123311061673,125.66554260253906,202500,0.0,0.0
2015-11-17 00:00:00-05:00,123.95415442192096,126.80954767136036,123.95415442192096,124.7912368774414,282000,0.0,0.0
2015-11-18 00:00:00-05:00,125.38652104599599,127.36763451609129,124.99588155186758,127.1816177368164,300600,0.0,0.0
2015-11-19 00:00:00-05:00,126.53984037592697,127.59084150376951,125.49812092707448,126.95838165283203,212600,0.0,0.0
2015-11-20 00:00:00-05:00,127.18162683270069,127.64667591023293,126.27012042237396,126.78167724609375,241400,0.0,0.0
2015-11-23 00:00:00-05:00,127.15371488317945,128.88369788132374,126.63284803645726,127.1351089477539,308700,0.0,0.0
2015-11-24 00:00:00-05:00,126.34451996643224,127.52574850357288,125.74925776204579,127.06069946289062,236000,0.0,0.0
2015-11-25 00:00:00-05:00,127.01419261544558,128.79997924118922,126.42822627856215,127.30252075195312,158400,0.0,0.0
2015-11-27 00:00:00-05:00,127.22812143013947,128.59536686467104,127.00490695408315,128.00941467285156,68700,0.0,0.0
2015-11-30 00:00:00-05:00,128.26983809377677,128.30703577487947,125.81437956803015,126.41893768310547,509400,0.0,0.0
2015-12-01 00:00:00-05:00,127.35834856728589,128.65119877964588,125.98180710940153,128.15823364257812,206000,0.0,0.0
2015-12-02 00:00:00-05:00,128.1768363102987,128.47447455963575,125.51675477358347,125.98180389404297,313800,0.0,0.0
2015-12-03 00:00:00-05:00,126.54914735522372,126.90258918069513,123.96347572887316,124.16809844970703,454300,0.0,0.0
2015-12-04 00:00:00-05:00,124.36341770759546,126.83746775836983,124.04717358150106,126.8002700805664,562600,0.0,0.0
2015-12-07 00:00:00-05:00,125.77715140719103,128.04659284919924,125.01447840989209,127.85128021240234,448100,0.0,0.0
2015-12-08 00:00:00-05:00,126.17711319175523,128.6976711258959,125.69345820004578,126.11199951171875,601100,0.0,0.0
2015-12-09 00:00:00-05:00,125.47952564548709,127.5629361000881,123.80534639291892,124.48431396484375,248000,0.0,0.0
2015-12-10 00:00:00-05:00,124.43781229413966,125.1539917689174,123.26589385627881,123.70304107666016,323100,0.0,0.0
2015-12-11 00:00:00-05:00,122.41020858825758,124.75405971814642,120.6802255958442,121.06156921386719,404100,0.0,0.0
2015-12-14 00:00:00-05:00,121.04298114211869,121.85216204773837,118.84794878685578,120.63373565673828,505700,0.0,0.0
2015-12-15 00:00:00-05:00,121.67544139842087,121.81495043786445,119.35019612655535,120.1872787475586,550500,0.0,0.0
2015-12-16 00:00:00-05:00,122.25207585173679,122.25207585173679,118.57818472064662,121.31266784667969,614200,0.0,0.0
2015-12-17 00:00:00-05:00,119.14557243932612,120.31749093764424,117.3783775317624,117.50859069824219,658800,0.0,0.0
2015-12-18 00:00:00-05:00,117.266759290211,117.46207902159091,114.99731786565165,115.52747344970703,1071400,0.0,0.0
2015-12-21 00:00:00-05:00,116.19714823244563,117.25745942863786,114.6717880170082,115.0996322631836,367600,0.0,0.0
2015-12-22 00:00:00-05:00,115.83442782636129,117.11796075615501,114.9973380477628,116.56920623779297,231500,0.0,0.0
2015-12-23 00:00:00-05:00,117.10863819627006,117.61088485288876,116.17854023113505,116.3831558227539,163200,0.0,0.0
2015-12-24 00:00:00-05:00,116.30876601348847,117.83412627432696,115.95532420684789,117.57369995117188,156000,0.0,0.0
2015-12-28 00:00:00-05:00,116.87613129033286,118.22477070426308,116.33667268632661,118.19686889648438,212600,0.0,0.0
2015-12-29 00:00:00-05:00,118.73787787512795,119.69859952741227,118.29948866690209,119.27886199951172,239100,0.36,0.0
2015-12-30 00:00:00-05:00,119.04565462345512,119.64261502606561,117.79578590395275,118.04762268066406,183800,0.0,0.0
2015-12-31 00:00:00-05:00,117.52530359828263,118.47669578197794,116.41534012043368,116.4992904663086,253500,0.0,0.0
2016-01-04 00:00:00-05:00,115.31470236253179,115.93964388912875,114.13012509042828,115.88367462158203,407100,0.0,0.0
2016-01-05 00:00:00-05:00,115.88365744921973,116.48061069546054,114.27934293135601,114.81100463867188,243800,0.0,0.0
2016-01-06 00:00:00-05:00,113.23468128556347,114.16742164686754,111.20130701327082,112.65637969970703,329200,0.0,0.0
2016-01-07 00:00:00-05:00,110.96810422465785,112.54443746105073,110.2498902759048,110.93079376220703,364600,0.0,0.0
2016-01-08 00:00:00-05:00,111.45315298140758,111.87289044839507,109.335835317586,109.55036163330078,298200,0.0,0.0
2016-01-11 00:00:00-05:00,109.97941892600235,110.61367553726214,108.18855203195078,108.88810729980469,340900,0.0,0.0
2016-01-12 00:00:00-05:00,110.04471180220993,110.97745217067121,108.59896138459723,110.42713165283203,380000,0.0,0.0
2016-01-13 00:00:00-05:00,110.73492879621324,111.37852187600349,107.03194869197469,107.89006805419922,452500,0.0,0.0
2016-01-14 00:00:00-05:00,108.17921088807049,110.25921753668663,106.55623782596338,109.50370025634766,465800,0.0,0.0
2016-01-15 00:00:00-05:00,107.34908132175586,108.6176087417207,106.10854208937711,107.98334503173828,427700,0.0,0.0
2016-01-19 00:00:00-05:00,109.34517355162379,110.29656574444482,107.8341313575894,108.67359924316406,509300,0.0,0.0
2016-01-20 00:00:00-05:00,107.11591035912,108.58031970400857,103.62746305248542,107.38640594482422,467700,0.0,0.0
2016-01-21 00:00:00-05:00,107.58226746926198,109.5969900207599,106.34172822460651,106.6961669921875,480400,0.0,0.0
2016-01-22 00:00:00-05:00,108.4590432874574,112.3205876435438,108.42173282070249,110.73493194580078,537200,0.0,0.0
2016-01-25 00:00:00-05:00,109.65294444841555,109.65294444841555,107.14387794778867,108.2258529663086,412000,0.0,0.0
2016-01-26 00:00:00-05:00,108.6735936027993,112.61908178585385,108.04865208271275,112.33926391601562,393900,0.0,0.0
2016-01-27 00:00:00-05:00,112.17137606365347,112.32994024293309,108.56166771721196,109.38247680664062,237300,0.0,0.0
2016-01-28 00:00:00-05:00,110.07269042250442,110.43645858880087,107.65688922156103,107.93671417236328,389100,0.0,0.0
2016-01-29 00:00:00-05:00,108.82280723371119,111.77026994714664,107.9273774149601,111.76094055175781,675000,0.0,0.0
2016-02-01 00:00:00-05:00,111.15467125981363,111.36920468199563,109.35448201126619,110.74427032470703,332200,0.0,0.0
2016-02-02 00:00:00-05:00,109.32650542443785,109.7089324182077,107.81546335938192,108.89744567871094,313200,0.0,0.0
2016-02-03 00:00:00-05:00,110.51107402162958,110.60434662850446,107.41437650617466,109.54102325439453,408100,0.0,0.0
2016-02-04 00:00:00-05:00,109.17725516387775,112.28327496029009,109.17725516387775,110.2499008178711,361700,0.0,0.0
2016-02-05 00:00:00-05:00,110.08201241832315,110.91215787256333,105.23176546938572,106.64020538330078,725700,0.0,0.0
2016-02-08 00:00:00-05:00,101.56610444321325,107.19052807479916,98.5440274547668,106.77079772949219,1181400,0.0,0.0
2016-02-09 00:00:00-05:00,105.12917316452506,108.86013488996112,104.83069651113996,106.30442810058594,585100,0.0,0.0
2016-02-10 00:00:00-05:00,107.33043233674073,109.9700892485894,106.41634365793567,108.00200653076172,593400,0.0,0.0
2016-02-11 00:00:00-05:00,106.57490881181319,110.57636555806637,106.05256940407509,109.54102325439453,598600,0.0,0.0
2016-02-12 00:00:00-05:00,111.11736973102553,113.01083886450562,110.78158259221838,111.46248626708984,462500,0.0,0.0
2016-02-16 00:00:00-05:00,112.87091835450657,113.43056117402418,111.0613996923633,111.69566345214844,485900,0.0,0.0
2016-02-17 00:00:00-05:00,112.22732901540101,114.8856378357121,112.15270807259532,114.7270736694336,486800,0.0,0.0
2016-02-18 00:00:00-05:00,115.87435885219656,116.46198282262108,111.82626126275792,113.10411834716797,520900,0.0,0.0
2016-02-19 00:00:00-05:00,112.67504688896864,113.94357444417683,111.69566659011483,113.13208770751953,315200,0.0,0.0
2016-02-22 00:00:00-05:00,114.14875898590398,114.96957503042941,112.40453912377541,113.27198791503906,678500,0.0,0.0
2016-02-23 00:00:00-05:00,113.8689439048799,115.64115199731503,113.0761160287559,115.11881256103516,393100,0.0,0.0
2016-02-24 00:00:00-05:00,113.934244640808,118.6072761750673,113.77568047603391,118.07560729980469,528500,0.0,0.0
2016-02-25 00:00:00-05:00,118.20618982131364,120.7525741539458,118.20618982131364,120.01570129394531,562900,0.0,0.0
2016-02-26 00:00:00-05:00,121.42412732659169,122.86055538131089,120.99507475205624,122.78593444824219,777600,0.0,0.0
2016-02-29 00:00:00-05:00,122.68335979108501,123.77466449455788,120.51007266566793,120.5194091796875,572400,0.0,0.0
2016-03-01 00:00:00-05:00,121.72262666293781,122.59006843514769,119.81984243946775,120.61266326904297,573200,0.0,0.0
2016-03-02 00:00:00-05:00,120.2395578410588,120.49138747959438,117.41334869912455,120.37946319580078,423300,0.0,0.0
2016-03-03 00:00:00-05:00,120.27687841290371,120.27687841290371,118.69122249134443,119.86647033691406,328300,0.0,0.0
2016-03-04 00:00:00-05:00,119.88511413000894,120.46340858336612,118.72851810705059,120.45408630371094,439900,0.0,0.0
2016-03-07 00:00:00-05:00,119.9317618729763,120.42611314445256,119.18556670938361,120.22090911865234,331200,0.0,0.0
2016-03-08 00:00:00-05:00,119.4280950083042,121.65734437681097,118.11293451950216,119.91312408447266,334400,0.0,0.0
2016-03-09 00:00:00-05:00,120.37016211482639,121.25626272671586,119.64262567706531,120.65930938720703,235200,0.0,0.0
2016-03-10 00:00:00-05:00,121.27490265566945,121.75059510405491,119.77319014313333,120.92977905273438,237400,0.0,0.0
2016-03-11 00:00:00-05:00,121.9371487618172,122.43150003625153,120.46341721883763,122.17033386230469,311900,0.0,0.0
2016-03-14 00:00:00-04:00,121.84386762331715,124.7540127495079,121.84386762331715,123.75597381591797,429300,0.0,0.0
2016-03-15 00:00:00-04:00,122.47814137887543,124.17573576247737,122.44083802464306,123.94255065917969,305000,0.0,0.0
2016-03-16 00:00:00-04:00,122.09574329835743,123.90526240552742,120.56604922788769,123.46687316894531,419600,0.0,0.0
2016-03-17 00:00:00-04:00,123.47617206917066,124.25967054725784,121.81589538501478,123.41087341308594,378100,0.0,0.0
2016-03-18 00:00:00-04:00,122.77662787559083,124.86595733885159,122.59940491594149,123.84927368164062,682600,0.0,0.0
2016-03-21 00:00:00-04:00,123.73732925766397,124.37158581799285,122.89785446415627,123.75597381591797,260600,0.0,0.0
2016-03-22 00:00:00-04:00,122.97247994021194,124.60477549446722,122.97247994021194,123.78397369384766,224400,0.0,0.0
2016-03-23 00:00:00-04:00,123.12173786451662,124.19438367564346,122.37554266732467,123.08443450927734,262900,0.0,0.0
2016-03-24 00:00:00-04:00,122.49681691029204,124.28767704042397,121.92784461120134,123.96121215820312,418700,0.0,0.0
2016-03-28 00:00:00-04:00,123.05645736654466,124.77271084316847,121.57340326642482,124.76337432861328,314100,0.0,0.0
2016-03-29 00:00:00-04:00,124.62306962930167,126.29717437927324,123.19212670693723,126.22236633300781,371300,0.36,0.0
2016-03-30 00:00:00-04:00,127.29790301221949,127.29790301221949,124.92235516459695,126.58711242675781,245400,0.0,0.0
2016-03-31 00:00:00-04:00,126.24108197188633,127.49433815187008,125.9137503352213,126.43749237060547,235000,0.0,0.0
2016-04-01 00:00:00-04:00,126.08203025364207,128.5604705810547,125.12806384263189,128.5604705810547,366500,0.0,0.0
2016-04-04 00:00:00-04:00,128.4202064978655,128.54179454093125,126.85832816766236,128.06480407714844,418200,0.0,0.0
2016-04-05 00:00:00-04:00,127.8497099356235,129.0655476590551,126.6993470936443,128.16769409179688,349700,0.0,0.0
2016-04-06 00:00:00-04:00,128.15834248819777,129.3741801721141,127.45689931719579,129.27130126953125,348300,0.0,0.0
2016-04-07 00:00:00-04:00,128.6914632042954,129.85117360067943,127.73749636944743,129.2526092529297,339500,0.0,0.0
2016-04-08 00:00:00-04:00,130.4871211875952,131.2072591367305,129.49575059089807,130.55258178710938,389100,0.0,0.0
2016-04-11 00:00:00-04:00,131.2072506097132,131.57200041443286,130.03817889318935,130.30006408691406,412100,0.0,0.0
2016-04-12 00:00:00-04:00,130.5152119622419,131.6094617341942,129.9259950577677,131.1885986328125,364500,0.0,0.0
2016-04-13 00:00:00-04:00,132.0583403078203,133.264830329826,131.06696976006072,132.80654907226562,245700,0.0,0.0
2016-04-14 00:00:00-04:00,132.01159347448046,132.7785114922754,130.84252157240076,131.4410858154297,500600,0.0,0.0
2016-04-15 00:00:00-04:00,131.6375099267721,132.0209689757308,130.46843790255565,131.7216796875,693300,0.0,0.0
2016-04-18 00:00:00-04:00,128.54178436798742,132.48857189206012,125.38060966563354,128.2892608642578,1166000,0.0,0.0
2016-04-19 00:00:00-04:00,133.91952975673178,133.91952975673178,129.1029448516557,130.09432983398438,753500,0.0,0.0
2016-04-20 00:00:00-04:00,130.44038794631135,130.7303155397111,127.29792161464087,128.74757385253906,535800,0.0,0.0
2016-04-21 00:00:00-04:00,128.78500729793075,129.86056242310804,128.03679813930802,128.15838623046875,390000,0.0,0.0
2016-04-22 00:00:00-04:00,127.8403533241741,129.07488583581096,127.8216441778304,128.71949768066406,266700,0.0,0.0
2016-04-25 00:00:00-04:00,128.17702507293853,129.36480592554082,127.59715580086694,128.03672790527344,323200,0.0,0.0
2016-04-26 00:00:00-04:00,128.56050238035564,130.54324371599992,128.3266880050807,128.476318359375,525600,0.0,0.0
2016-04-27 00:00:00-04:00,128.47629052915948,128.98133746205357,127.01729142683227,128.65399169921875,309100,0.0,0.0
2016-04-28 00:00:00-04:00,127.77487216606015,129.42093446185262,126.1007675584766,126.38134765625,444800,0.0,0.0
2016-04-29 00:00:00-04:00,126.20363474133804,126.83960291777517,125.52090084112872,126.21298217773438,379400,0.0,0.0
2016-05-02 00:00:00-04:00,126.37202428699064,127.27922545817772,126.27850707329253,126.97058868408203,310900,0.0,0.0
2016-05-03 00:00:00-04:00,126.42810237047678,126.59645614183654,124.22090836406946,125.3525619506836,347800,0.0,0.0
2016-05-04 00:00:00-04:00,125.24033893195687,126.52163717793876,124.27702482030816,126.32524108886719,387800,0.0,0.0
2016-05-05 00:00:00-04:00,126.58712727669544,126.87705486173861,125.66121707561321,126.652587890625,434400,0.0,0.0
2016-05-06 00:00:00-04:00,126.48422455529692,128.02739366237262,126.0727089878377,127.92451477050781,224700,0.0,0.0
2016-05-09 00:00:00-04:00,127.75617340796491,129.252576765774,127.3540052835057,128.2705535888672,267900,0.0,0.0
2016-05-10 00:00:00-04:00,129.05620291074507,130.58066311283412,128.50439007423816,129.8043975830078,457900,0.0,0.0
2016-05-11 00:00:00-04:00,129.8511546291285,130.87994364099922,127.18567917802326,127.69071197509766,344500,0.0,0.0
2016-05-12 00:00:00-04:00,128.63528364167306,129.6266683739973,128.12090353987378,129.3086700439453,515400,0.0,0.0
2016-05-13 00:00:00-04:00,128.89719584164214,130.35619526216536,127.70005310924424,128.6072540283203,253900,0.0,0.0
2016-05-16 00:00:00-04:00,128.8130122206087,129.98208410233798,128.22380969642708,128.5417938232422,288600,0.0,0.0
2016-05-17 00:00:00-04:00,128.51370616746388,129.3554320104361,126.31584585285687,127.082763671875,383400,0.0,0.0
2016-05-18 00:00:00-04:00,126.62453387713076,126.90511402900167,123.76264772402604,125.69862365722656,565100,0.0,0.0
2016-05-19 00:00:00-04:00,124.8288230451885,125.37127412237767,123.3604618804165,124.46407318115234,417500,0.0,0.0
2016-05-20 00:00:00-04:00,125.09069560017677,125.25903510684154,124.23026037846269,124.91299438476562,257000,0.0,0.0
2016-05-23 00:00:00-04:00,124.71659876835916,124.97846973809943,123.80003610337067,124.57630157470703,266600,0.0,0.0
2016-05-24 00:00:00-04:00,125.34321511850821,127.51300511447927,124.2676604226238,126.74610137939453,390200,0.0,0.0
2016-05-25 00:00:00-04:00,127.2604877572779,127.73746391807747,126.52162638190057,127.41011810302734,285000,0.0,0.0
2016-05-26 00:00:00-04:00,127.89645488957171,128.36408360946047,127.04536719435916,127.62523651123047,189800,0.0,0.0
2016-05-27 00:00:00-04:00,127.47563047330073,129.39291165924305,127.31663837293092,128.01808166503906,399600,0.0,0.0
2016-05-31 00:00:00-04:00,128.17703100656036,128.9439346625641,126.95184608173422,128.45761108398438,514700,0.0,0.0
2016-06-01 00:00:00-04:00,127.98064746169393,129.0562022718194,126.82093716288892,128.9533233642578,230100,0.0,0.0
2016-06-02 00:00:00-04:00,128.68211020654456,129.13104420092694,127.78427075958119,128.9813995361328,220100,0.0,0.0
2016-06-03 00:00:00-04:00,128.02742963811272,129.860541061655,127.84038094695136,128.86915588378906,297800,0.0,0.0
2016-06-06 00:00:00-04:00,129.37417110637614,129.82309070850852,128.279921548799,129.2806396484375,289100,0.0,0.0
2016-06-07 00:00:00-04:00,129.6080072856259,130.53391749976518,128.89721660675787,130.22528076171875,269200,0.0,0.0
2016-06-08 00:00:00-04:00,130.34683794120446,132.21735300912283,130.22526416600002,131.96484375,384700,0.0,0.0
2016-06-09 00:00:00-04:00,131.4317263742918,132.57274158818632,130.88927534876032,131.6842498779297,318000,0.0,0.0
2016-06-10 00:00:00-04:00,130.83322340470914,130.93610234167085,128.83177212546542,129.09364318847656,291300,0.0,0.0
2016-06-13 00:00:00-04:00,127.9245066052858,128.29860385860903,125.86694317021714,126.06333923339844,562700,0.0,0.0
2016-06-14 00:00:00-04:00,125.79215257437139,127.02669950914769,124.1461042655687,126.652587890625,413300,0.0,0.0
2016-06-15 00:00:00-04:00,127.07344434773437,127.60654802474149,126.2410656624149,126.70869445800781,269900,0.0,0.0
2016-06-16 00:00:00-04:00,126.2317041221466,126.37198703679356,125.45543869567445,126.16622924804688,307300,0.0,0.0
2016-06-17 00:00:00-04:00,126.15689123286768,127.28855915549424,125.84825452669679,126.41876220703125,531400,0.0,0.0
2016-06-20 00:00:00-04:00,127.7187771058231,130.15980004196166,127.65331649390447,129.8043975830078,288600,0.0,0.0
2016-06-21 00:00:00-04:00,129.9166429392859,130.1598047895508,128.76626576046954,129.76699829101562,384000,0.0,0.0
2016-06-22 00:00:00-04:00,129.81375519131836,130.8051259445551,129.32741725299343,129.57994079589844,215000,0.0,0.0
2016-06-23 00:00:00-04:00,130.73967071942664,132.75983082458455,130.37492077857038,132.65695190429688,431300,0.0,0.0
2016-06-24 00:00:00-04:00,128.06482012327893,131.2447046203049,127.3072637281127,131.17922973632812,803100,0.0,0.0
2016-06-27 00:00:00-04:00,130.00084539682985,130.08501518106294,127.06413622273038,128.15838623046875,811500,0.0,0.0
2016-06-28 00:00:00-04:00,128.89953617290595,129.88465086067788,128.47734825409583,129.76268005371094,381600,0.43,0.0
2016-06-29 00:00:00-04:00,131.07616343888972,131.49835133310117,129.33110773577036,129.73452758789062,476200,0.0,0.0
2016-06-30 00:00:00-04:00,129.89402152350405,133.83446577066118,129.73452895360393,133.78756713867188,411000,0.0,0.0
2016-07-01 00:00:00-04:00,133.72188560457684,135.02598537981658,133.16835004379502,133.88137817382812,308000,0.0,0.0
2016-07-05 00:00:00-04:00,133.35599492193268,134.22852998547896,133.1308213503479,133.83447265625,224000,0.0,0.0
2016-07-06 00:00:00-04:00,133.88140118023097,137.08067292568523,133.69376367332796,136.59280395507812,401200,0.0,0.0
2016-07-07 00:00:00-04:00,136.292579596398,137.07128880887942,134.89465375965574,135.45758056640625,249600,0.0,0.0
2016-07-08 00:00:00-04:00,136.49897784314538,138.6099317819127,136.22689131862137,138.30032348632812,308500,0.0,0.0
2016-07-11 00:00:00-04:00,139.03208833875112,139.707594592018,138.1876983642578,138.1876983642578,320200,0.0,0.0
2016-07-12 00:00:00-04:00,138.81629891401948,139.74510922803037,138.3940967903942,138.9101104736328,347900,0.0,0.0
2016-07-13 00:00:00-04:00,139.2760159378485,139.42613162024782,138.70371242504316,138.9945526123047,345700,0.0,0.0
2016-07-14 00:00:00-04:00,139.59499324232027,139.82016675336362,137.68106850381682,137.78427124023438,407000,0.0,0.0
2016-07-15 00:00:00-04:00,138.0751270178243,139.06961841798997,137.31518601640786,138.8538360595703,377800,0.0,0.0
2016-07-18 00:00:00-04:00,140.45821320201065,140.7302854549272,136.53652180310436,139.97972106933594,731800,0.0,0.0
2016-07-19 00:00:00-04:00,140.6364449881177,142.09066065053116,139.79206908907682,141.63095092773438,300000,0.0,0.0
2016-07-20 00:00:00-04:00,142.03433982427356,142.43777395699124,140.95541370928822,141.66844177246094,374000,0.0,0.0
2016-07-21 00:00:00-04:00,141.4995799221693,142.34395568201987,140.8146824093218,140.90850830078125,260600,0.0,0.0
2016-07-22 00:00:00-04:00,140.41126254813997,142.62541901750626,140.32682783533278,142.22198486328125,243100,0.0,0.0
2016-07-25 00:00:00-04:00,141.70595646236933,142.70983899706275,141.33068156697755,142.65354919433594,265200,0.0,0.0
2016-07-26 00:00:00-04:00,143.00069536147012,145.18670694811902,141.98743585033108,145.14918518066406,537100,0.0,0.0
2016-07-27 00:00:00-04:00,145.18666918936756,147.21318768460827,145.18666918936756,147.1475067138672,657300,0.0,0.0
2016-07-28 00:00:00-04:00,147.02557414917138,149.71820807063028,147.02557414917138,149.14590454101562,505300,0.0,0.0
2016-07-29 00:00:00-04:00,148.75189955104412,149.1740875015631,147.06313343314477,147.11004638671875,354900,0.0,0.0
2016-08-01 00:00:00-04:00,147.05374824612602,147.9168921429079,146.36885065751974,146.7628936767578,245800,0.0,0.0
2016-08-02 00:00:00-04:00,146.40635674090552,146.60337105223823,145.02719929829755,145.48692321777344,261100,0.0,0.0
2016-08-03 00:00:00-04:00,145.11163402324266,145.95602401938754,144.42675089072026,145.74961853027344,211700,0.0,0.0
2016-08-04 00:00:00-04:00,146.0123214216774,147.29765304874724,145.5995104219649,146.69720458984375,340700,0.0,0.0
2016-08-05 00:00:00-04:00,147.37271858493037,149.1740640556281,146.83793676672167,148.2452392578125,346500,0.0,0.0
2016-08-08 00:00:00-04:00,148.35782617647894,149.02394130723687,146.64091550063694,148.91136169433594,343100,0.0,0.0
2016-08-09 00:00:00-04:00,149.54933886679464,149.736990651438,147.48529807810903,147.90748596191406,346900,0.0,0.0
2016-08-10 00:00:00-04:00,148.08570119519888,148.61109167325256,147.28823861808772,148.58294677734375,211800,0.0,0.0
2016-08-11 00:00:00-04:00,148.7894369047248,149.7182619457862,148.0951766560956,149.39927673339844,186100,0.0,0.0
2016-08-12 00:00:00-04:00,149.18344116978972,149.18344116978972,147.64479101623857,148.92074584960938,181000,0.0,0.0
2016-08-15 00:00:00-04:00,148.6111449320692,148.6111449320692,146.9880599844449,148.0106964111328,275800,0.0,0.0
2016-08-16 00:00:00-04:00,147.71047207779807,148.43289136656463,146.22811173271532,146.42514038085938,273300,0.0,0.0
2016-08-17 00:00:00-04:00,146.12489322947476,146.96926890864626,145.3555610773152,146.65028381347656,278700,0.0,0.0
2016-08-18 00:00:00-04:00,147.10061663630978,148.37657133351664,146.63151585521638,147.70106506347656,255300,0.0,0.0
2016-08-19 00:00:00-04:00,147.21320312821354,147.91685426433813,146.79101530970257,147.4852752685547,221900,0.0,0.0
2016-08-22 00:00:00-04:00,146.884850233519,148.67681884765625,146.86608219180798,148.67681884765625,277000,0.0,0.0
2016-08-23 00:00:00-04:00,149.1365277823318,149.42736797833714,148.59236915413928,148.69557189941406,220200,0.0,0.0
2016-08-24 00:00:00-04:00,148.59236095587895,149.69005501370066,148.16078195877222,148.94886779785156,206700,0.0,0.0
2016-08-25 00:00:00-04:00,149.08961477426413,149.76512104924902,148.3578186956671,149.67129516601562,186300,0.0,0.0
2016-08-26 00:00:00-04:00,150.13106465285193,151.03173041563446,148.84571837839107,149.4461669921875,188700,0.0,0.0
2016-08-29 00:00:00-04:00,149.64318143127645,151.33194747046795,148.88324029259596,150.77841186523438,176500,0.0,0.0
2016-08-30 00:00:00-04:00,151.09732818586718,152.18564517257485,150.3279962179412,152.15748596191406,233400,0.0,0.0
2016-08-31 00:00:00-04:00,151.98867058410266,152.13878628714335,150.1216441065652,151.11614990234375,167300,0.0,0.0
2016-09-01 00:00:00-04:00,151.7353292570996,152.9831390084064,150.72206988801247,152.72044372558594,197300,0.0,0.0
2016-09-02 00:00:00-04:00,153.60237121035772,153.88383456105868,152.45776408244234,153.0769805908203,190500,0.0,0.0
2016-09-06 00:00:00-04:00,153.43351809088125,153.43351809088125,151.29441910401528,152.2138671875,202500,0.0,0.0
2016-09-07 00:00:00-04:00,151.87608270078763,152.5234441085824,150.90034499993678,151.89483642578125,370300,0.0,0.0
2016-09-08 00:00:00-04:00,151.81980826261793,152.92687941377335,151.54772174864104,152.10125732421875,276600,0.0,0.0
2016-09-09 00:00:00-04:00,150.71271440689944,150.8628301086124,145.13041738131733,146.08738708496094,670500,0.0,0.0
2016-09-12 00:00:00-04:00,145.29927169132134,147.36332658556844,145.13040228133008,146.87545776367188,393000,0.0,0.0
2016-09-13 00:00:00-04:00,145.6651843580074,146.37822678065655,144.98967801856142,145.6558074951172,357500,0.0,0.0
2016-09-14 00:00:00-04:00,146.22813449426621,146.65971362528265,145.09290400663983,145.8528594970703,243700,0.0,0.0
2016-09-15 00:00:00-04:00,146.13427803241464,147.12878376711114,144.81142463860402,146.7722625732422,180300,0.0,0.0
2016-09-16 00:00:00-04:00,146.5752261709101,147.044326952384,145.29927147266827,145.74961853027344,542400,0.0,0.0
2016-09-19 00:00:00-04:00,146.53770448776945,147.77612310731394,145.85282135487122,146.80039978027344,488100,0.0,0.0
2016-09-20 00:00:00-04:00,147.90744726240501,147.90744726240501,145.25234985741852,146.41571044921875,314500,0.0,0.0
2016-09-21 00:00:00-04:00,147.2976606092869,148.339065024444,146.36883581225882,147.90748596191406,394700,0.0,0.0
2016-09-22 00:00:00-04:00,149.17407971658105,149.88710789989491,147.99195065365527,148.99581909179688,347900,0.0,0.0
2016-09-23 00:00:00-04:00,148.42350015636552,148.8175431367489,147.2038351318524,147.47592163085938,483100,0.0,0.0
2016-09-26 00:00:00-04:00,146.73474937579505,147.8324580317081,146.31256144742537,147.26953125,369500,0.0,0.0
2016-09-27 00:00:00-04:00,147.35398861050774,148.44230625390287,146.9318006172773,147.95443725585938,278800,0.0,0.0
2016-09-28 00:00:00-04:00,148.3588695863895,148.5187981638438,146.90067868553794,148.20834350585938,187200,0.43,0.0
2016-09-29 00:00:00-04:00,148.22723089900995,148.4624226246951,146.08228350915854,146.83489990234375,330500,0.0,0.0
2016-09-30 00:00:00-04:00,147.60631814818868,148.47183631260847,146.53384447614883,147.72862243652344,347300,0.0,0.0
2016-10-03 00:00:00-04:00,147.96382494366037,149.09274241416335,146.74082503604697,148.78228759765625,459900,0.0,0.0
2016-10-04 00:00:00-04:00,148.93277659743535,149.98643072636403,148.3777276798719,149.74183654785156,323400,0.0,0.0
2016-10-05 00:00:00-04:00,150.1839913243188,151.41639337096703,149.60072057978857,149.8170928955078,267700,0.0,0.0
2016-10-06 00:00:00-04:00,149.5348930513616,153.30737743607602,148.84813724676067,152.77113342285156,404800,0.0,0.0
2016-10-07 00:00:00-04:00,152.66763320054136,152.9216442526779,150.54150542755494,151.8867950439453,351200,0.0,0.0
2016-10-10 00:00:00-04:00,151.88679979282628,153.87181835166805,151.88679979282628,153.326171875,321200,0.0,0.0
2016-10-11 00:00:00-04:00,153.4672698478142,153.4672698478142,149.0456550616034,150.2404327392578,391000,0.0,0.0
2016-10-12 00:00:00-04:00,150.07112210609282,151.2282612364442,149.34672765962998,149.7042236328125,541900,0.0,0.0
2016-10-13 00:00:00-04:00,149.07394345193345,150.3063459112152,148.41539507540162,149.64781188964844,263000,0.0,0.0
2016-10-14 00:00:00-04:00,150.68260363391553,152.6770244842676,148.02023209700465,148.2836456298828,579100,0.0,0.0
2016-10-17 00:00:00-04:00,148.93279928153996,148.94221613731455,142.05579583303924,146.0258331298828,1352100,0.0,0.0
2016-10-18 00:00:00-04:00,143.81500284269572,145.91292294854887,142.20629980202037,142.72372436523438,732300,0.0,0.0
2016-10-19 00:00:00-04:00,142.6954873351623,142.99653957201087,140.53173539139652,140.64462280273438,1002600,0.0,0.0
2016-10-20 00:00:00-04:00,140.64466394288084,141.03978435310117,139.10180666513077,140.08961486816406,564500,0.0,0.0
2016-10-21 00:00:00-04:00,139.0076995514147,141.31258973436977,138.001086522969,141.1620635986328,365200,0.0,0.0
2016-10-24 00:00:00-04:00,142.78019545080448,142.78019545080448,140.82339858966142,140.86102294921875,213400,0.0,0.0
2016-10-25 00:00:00-04:00,140.2589398736656,140.2589398736656,136.6369957615949,136.73106384277344,511800,0.0,0.0
2016-10-26 00:00:00-04:00,136.70284086565013,138.4056267191829,136.42060791449256,136.99447631835938,513900,0.0,0.0
2016-10-27 00:00:00-04:00,137.2954831675368,137.40837056863586,135.35750622221894,136.42056274414062,326700,0.0,0.0
2016-10-28 00:00:00-04:00,136.51466812653214,139.11117927357216,136.44880756149908,137.7470703125,352100,0.0,0.0
2016-10-31 00:00:00-04:00,138.17040624635493,138.20804495466137,136.64636872405293,137.2484588623047,329200,0.0,0.0
2016-11-01 00:00:00-04:00,137.0508827587219,137.73765276922362,135.70559329958186,135.77145385742188,380300,0.0,0.0
2016-11-02 00:00:00-04:00,135.49861453776361,136.7874602079414,133.11847614796702,133.14669799804688,427400,0.0,0.0
2016-11-03 00:00:00-04:00,133.30667557003133,134.41678804915355,132.61991970754457,134.12515258789062,364600,0.0,0.0
2016-11-04 00:00:00-04:00,134.40735371026588,138.37739091971326,133.68297357972324,136.05369567871094,438300,0.0,0.0
2016-11-07 00:00:00-05:00,138.2738982616782,138.2738982616782,135.50804161254834,136.495849609375,299100,0.0,0.0
2016-11-08 00:00:00-05:00,136.15716898778498,138.8101381381004,136.15716898778498,138.5373077392578,435900,0.0,0.0
2016-11-09 00:00:00-05:00,136.7310118085983,139.86376625442935,135.14111398559805,137.79408264160156,658300,0.0,0.0
2016-11-10 00:00:00-05:00,138.42442382337921,139.1676232654812,134.30386072183035,136.18539428710938,1024100,0.0,0.0
2016-11-11 00:00:00-05:00,136.17597721031393,138.49026956406036,135.61151145916787,138.16099548339844,432100,0.0,0.0
2016-11-14 00:00:00-05:00,138.55613691717758,140.22129821777344,136.71224197789763,140.22129821777344,480400,0.0,0.0
2016-11-15 00:00:00-05:00,139.94844028426445,142.63903345050952,139.94844028426445,142.18746948242188,430400,0.0,0.0
2016-11-16 00:00:00-05:00,142.0933910013521,142.78016100351368,141.34078915207053,141.81117248535156,226700,0.0,0.0
2016-11-17 00:00:00-05:00,142.3097742733342,145.28258595894036,141.5665605857128,144.84043884277344,361700,0.0,0.0
2016-11-18 00:00:00-05:00,144.68053886371766,145.69656886379752,143.12827918176907,143.18472290039062,232100,0.0,0.0
2016-11-21 00:00:00-05:00,143.76801115084632,144.44535014338612,142.1969177233267,144.0596466064453,252100,0.0,0.0
2016-11-22 00:00:00-05:00,144.0408054800575,145.00979413672246,143.49515901286404,144.7557830810547,236600,0.0,0.0
2016-11-23 00:00:00-05:00,144.54881484874306,144.6617166275004,142.98715285138388,143.9185028076172,350000,0.0,0.0
2016-11-25 00:00:00-05:00,143.78679314270184,144.95334913336822,143.78679314270184,144.39830017089844,133000,0.0,0.0
2016-11-28 00:00:00-05:00,144.0784230807121,144.0784230807121,141.63243812569024,141.76414489746094,225600,0.0,0.0
2016-11-29 00:00:00-05:00,141.6606594843015,143.0247684060737,141.01152812750252,142.3380126953125,437800,0.0,0.0
2016-11-30 00:00:00-05:00,142.65786306188062,146.18573821774515,139.4592619958811,139.86378479003906,302500,0.0,0.0
2016-12-01 00:00:00-05:00,139.67562745970707,140.24949569774262,137.58712432160792,139.05471801757812,497700,0.0,0.0
2016-12-02 00:00:00-05:00,138.87599292145626,140.4658911388601,138.19863966487046,139.4969024658203,373300,0.0,0.0
2016-12-05 00:00:00-05:00,140.25889955707657,141.51952345123175,139.24286982963562,140.55995178222656,352300,0.0,0.0
2016-12-06 00:00:00-05:00,141.43487097672514,144.35125366900866,140.43766050986838,144.05020141601562,592900,0.0,0.0
2016-12-07 00:00:00-05:00,144.48293084198164,147.70975327104088,143.10000284239666,147.58746337890625,424300,0.0,0.0
2016-12-08 00:00:00-05:00,146.9854176724539,148.32130487559203,146.9854176724539,147.7474365234375,265000,0.0,0.0
2016-12-09 00:00:00-05:00,147.43698752593284,148.5000587007272,146.78785607778275,148.03907775878906,186300,0.0,0.0
2016-12-12 00:00:00-05:00,148.01083346427464,148.2178032962231,146.41153287145926,147.0230255126953,214500,0.0,0.0
2016-12-13 00:00:00-05:00,147.16415616963207,148.650569562846,146.23280614547184,148.40597534179688,385200,0.0,0.0
2016-12-14 00:00:00-05:00,146.74078712458765,154.8219840577375,146.74078712458765,150.68260192871094,637300,0.0,0.0
2016-12-15 00:00:00-05:00,150.4192338216528,151.7080800074893,147.70982029029392,147.98265075683594,361100,0.0,0.0
2016-12-16 00:00:00-05:00,147.87913513183594,149.01745491753962,147.76624770977264,147.87913513183594,598600,0.0,0.0
2016-12-19 00:00:00-05:00,147.69096736999893,148.49061044102726,146.57145271559884,147.62510681152344,293400,0.0,0.0
2016-12-20 00:00:00-05:00,145.86589369763755,148.40596116029198,143.7679877747927,148.14254760742188,295600,0.0,0.0
2016-12-21 00:00:00-05:00,148.1519512443161,149.7888906396796,147.98262011115546,149.28086853027344,173700,0.0,0.0
2016-12-22 00:00:00-05:00,149.53488466727174,149.66659144919376,146.7972497484327,146.8725128173828,202500,0.0,0.0
2016-12-23 00:00:00-05:00,147.07006672085836,147.7380030699056,146.22336803880697,147.0230255126953,159100,0.0,0.0
2016-12-27 00:00:00-05:00,147.3993254935162,148.7634487464196,147.3993254935162,148.17076110839844,143200,0.0,0.0
2016-12-28 00:00:00-05:00,148.25564327787438,148.42543794134758,145.8595463576407,146.1614227294922,110600,0.43,0.0
2016-12-29 00:00:00-05:00,146.17089507815493,147.5670377336368,145.51055830828253,146.58596801757812,154200,0.0,0.0
2016-12-30 00:00:00-05:00,147.24627181086757,147.4915499806474,144.01061516600436,144.49171447753906,266800,0.0,0.0
2017-01-03 00:00:00-05:00,145.69919992959143,145.69919992959143,141.9258311291138,144.96339416503906,372900,0.0,0.0
2017-01-04 00:00:00-05:00,145.3407576637423,147.97267639423202,145.3407576637423,146.19918823242188,227000,0.0,0.0
2017-01-05 00:00:00-05:00,146.038822438523,146.09542067471187,143.14276899752176,144.54833984375,255100,0.0,0.0
2017-01-06 00:00:00-05:00,144.52002093896112,144.71812913276,142.8031456344955,143.30311584472656,257200,0.0,0.0
2017-01-09 00:00:00-05:00,143.24654038025196,143.87857802203575,141.55794952740501,141.9730224609375,296100,0.0,0.0
2017-01-10 00:00:00-05:00,141.57681615118824,143.01070049824116,141.33155233158843,141.7371826171875,307400,0.0,0.0
2017-01-11 00:00:00-05:00,141.67112756533137,142.81257798399844,140.91646530540532,142.74655151367188,271100,0.0,0.0
2017-01-12 00:00:00-05:00,142.85976467037142,142.85976467037142,139.1807209490784,140.09576416015625,415300,0.0,0.0
2017-01-13 00:00:00-05:00,140.78443653516013,141.84097550387915,139.31281017896217,140.91650390625,462500,0.0,0.0
2017-01-17 00:00:00-05:00,140.56745144776312,143.0201475432794,139.59580988855598,142.47300720214844,311400,0.0,0.0
2017-01-18 00:00:00-05:00,142.73711143470584,143.28425165893015,141.69000097691213,142.83145141601562,255100,0.0,0.0
2017-01-19 00:00:00-05:00,142.4823905971038,143.77477911795194,141.77488399158253,142.76539611816406,257200,0.0,0.0
2017-01-20 00:00:00-05:00,142.77486592735886,143.30313532361635,142.03906006910572,143.1804962158203,264700,0.0,0.0
2017-01-23 00:00:00-05:00,141.94471747976806,143.09559624093504,141.80322189202673,142.52015686035156,209400,0.0,0.0
2017-01-24 00:00:00-05:00,143.31256233575675,148.21793948012692,142.96353028642184,147.27459716796875,433700,0.0,0.0
2017-01-25 00:00:00-05:00,147.57645368046727,149.43483893590377,147.57645368046727,149.04806518554688,269700,0.0,0.0
2017-01-26 00:00:00-05:00,148.22738466281433,149.1518561142229,147.076505870663,147.1425323486328,266300,0.0,0.0
2017-01-27 00:00:00-05:00,147.06705404395774,148.9348821012654,146.34069086037658,147.8877716064453,354000,0.0,0.0
2017-01-30 00:00:00-05:00,146.70857100520055,148.40658970551993,144.52001037050925,147.70851135253906,355100,0.0,0.0
2017-01-31 00:00:00-05:00,146.9255508820925,148.6046988834899,144.86907175009836,147.9254913330078,360000,0.0,0.0
2017-02-01 00:00:00-05:00,148.8405345203798,149.56691206115022,146.80291186781503,148.28396606445312,263500,0.0,0.0
2017-02-02 00:00:00-05:00,148.10473865851083,148.3971724636083,146.21805408961262,146.60482788085938,264200,0.0,0.0
2017-02-03 00:00:00-05:00,147.5010172759208,148.79339174931167,147.227454315184,148.34059143066406,342700,0.0,0.0
2017-02-06 00:00:00-05:00,148.02925881200855,149.54804035558615,147.70852591318098,148.4254608154297,567100,0.0,0.0
2017-02-07 00:00:00-05:00,152.83091155143526,153.03844805067925,146.98219099502546,151.21780395507812,585300,0.0,0.0
2017-02-08 00:00:00-05:00,151.6422707830114,154.31193114992408,151.6422707830114,154.0760955810547,452900,0.0,0.0
2017-02-09 00:00:00-05:00,154.07606695228344,155.17034724313245,153.65156588604697,154.6609344482422,235900,0.0,0.0
2017-02-10 00:00:00-05:00,154.9911668868066,155.58546284018658,152.05737130151243,153.99122619628906,295300,0.0,0.0
2017-02-13 00:00:00-05:00,154.85903824411147,154.9156364654416,151.89694470902043,151.98184204101562,306400,0.0,0.0
2017-02-14 00:00:00-05:00,151.3970133094113,151.43474066853457,150.33103188734606,151.08570861816406,249900,0.0,0.0
2017-02-15 00:00:00-05:00,150.96308475260253,150.96308475260253,148.45379048685015,150.29331970214844,424500,0.0,0.0
2017-02-16 00:00:00-05:00,150.8215601400648,161.1228555507959,150.5291263522313,158.2079315185547,1793200,0.0,0.0
2017-02-17 00:00:00-05:00,152.9346221444953,154.6043417519212,151.25547429766337,153.32139587402344,731700,0.0,0.0
2017-02-21 00:00:00-05:00,154.06666842587407,155.94391035497554,153.538384656705,155.7363739013672,329200,0.0,0.0
2017-02-22 00:00:00-05:00,154.79303317093655,156.5570930442909,154.01005734161282,154.73643493652344,181600,0.0,0.0
2017-02-23 00:00:00-05:00,155.17978499324562,156.057086290954,153.5383644563686,155.2080841064453,314600,0.0,0.0
2017-02-24 00:00:00-05:00,154.53832713673066,156.62310535175246,154.17985249219345,156.5382080078125,250900,0.0,0.0
2017-02-27 00:00:00-05:00,156.2929284090179,159.283335842739,156.2929284090179,157.75511169433594,290900,0.0,0.0
2017-02-28 00:00:00-05:00,157.0570282293602,157.91545858333444,155.17977230645567,155.29296875,613600,0.0,0.0
2017-03-01 00:00:00-05:00,156.84953319350123,159.29278637286203,156.84009055787655,158.0004119873047,512700,0.0,0.0
2017-03-02 00:00:00-05:00,157.68909033561124,158.6229899292921,157.00988277970148,157.84945678710938,277500,0.0,0.0
2017-03-03 00:00:00-05:00,158.14187027866814,159.56631167863807,157.4532345707895,158.1135711669922,257600,0.0,0.0
2017-03-06 00:00:00-05:00,157.46268881351347,157.46268881351347,156.19861363570908,157.08535766601562,254100,0.0,0.0
2017-03-07 00:00:00-05:00,156.89670557564133,157.62306881670983,156.24579705514836,156.35899353027344,205300,0.0,0.0
2017-03-08 00:00:00-05:00,156.00995721448538,157.66080627159366,155.8967463481859,156.12315368652344,177100,0.0,0.0
2017-03-09 00:00:00-05:00,156.11371964722807,158.0947298056266,156.0382505372518,157.10421752929688,220300,0.0,0.0
2017-03-10 00:00:00-05:00,157.43437797973033,158.9908868401377,156.8872377805983,157.82115173339844,238100,0.0,0.0
2017-03-13 00:00:00-04:00,158.1324777197958,159.2361865069684,157.14196540486813,158.8588409423828,278800,0.0,0.0
2017-03-14 00:00:00-04:00,158.54755488016286,159.86822840584767,157.6419398952205,158.87771606445312,241700,0.0,0.0
2017-03-15 00:00:00-04:00,159.42483406533918,162.32090156973533,158.3399962776281,161.9341278076172,234600,0.0,0.0
2017-03-16 00:00:00-04:00,158.1890862384789,162.83032902760937,158.1890862384789,162.35865783691406,260700,0.0,0.0
2017-03-17 00:00:00-04:00,162.2642864742594,162.66048847054338,161.14172134858458,162.2831573486328,400600,0.0,0.0
2017-03-20 00:00:00-04:00,162.42465283085903,163.16047298841863,161.07568039622893,161.9246826171875,145400,0.0,0.0
2017-03-21 00:00:00-04:00,162.4435334110101,163.00010188676515,159.05693817062328,159.09466552734375,404900,0.0,0.0
2017-03-22 00:00:00-04:00,159.20786061232326,161.10397317483321,158.434313130719,160.3115692138672,173200,0.0,0.0
2017-03-23 00:00:00-04:00,160.34929167365937,162.20767682647656,160.34929167365937,160.93417358398438,145500,0.0,0.0
2017-03-24 00:00:00-04:00,160.96247837933208,162.21712518733423,159.6323624707442,160.028564453125,183200,0.0,0.0
2017-03-27 00:00:00-04:00,158.41545232248387,161.29264897646107,158.17018852686581,160.35874938964844,405800,0.0,0.0
2017-03-28 00:00:00-04:00,159.94367473716548,161.01908428182256,159.09465811079843,159.9908447265625,234000,0.0,0.0
2017-03-29 00:00:00-04:00,159.5936225833693,159.69765455902788,158.28849678526095,159.53688049316406,189900,0.43,0.0
2017-03-30 00:00:00-04:00,159.4517860657258,159.83952853790294,158.25069210235625,159.1018524169922,273100,0.0,0.0
2017-03-31 00:00:00-04:00,159.18699484463818,159.61257504166105,158.13722266219511,158.2223358154297,296100,0.0,0.0
2017-04-03 00:00:00-04:00,158.88434147951736,159.896290343129,156.58619989563906,157.3333282470703,297600,0.0,0.0
2017-04-04 00:00:00-04:00,157.2387263263694,158.02369225368528,156.4253893536798,156.86988830566406,197000,0.0,0.0
2017-04-05 00:00:00-04:00,157.4562843967064,158.0804619347148,155.14867609790977,155.56480407714844,240000,0.0,0.0
2017-04-06 00:00:00-04:00,155.78228255073046,157.69268125152067,155.59313745074587,156.2835235595703,223000,0.0,0.0
2017-04-07 00:00:00-04:00,155.72557358417174,157.6170538479974,155.10138163370544,155.67828369140625,294600,0.0,0.0
2017-04-10 00:00:00-04:00,155.6877633975253,158.08048519943523,155.6877633975253,157.31443786621094,251300,0.0,0.0
2017-04-11 00:00:00-04:00,157.5224458007286,158.8748614507632,156.18894899057577,158.78973388671875,219500,0.0,0.0
2017-04-12 00:00:00-04:00,158.11828171103681,158.5533140539797,155.90525345124567,156.49160766601562,210900,0.0,0.0
2017-04-13 00:00:00-04:00,156.50105292258567,157.7305178226069,155.79174791459428,156.26461791992188,324300,0.0,0.0
2017-04-17 00:00:00-04:00,157.13472798405408,158.3641931265185,156.78480872898083,158.2412567138672,225900,0.0,0.0
2017-04-18 00:00:00-04:00,157.71160301332162,158.31687605837956,156.84152391297877,158.04261779785156,159100,0.0,0.0
2017-04-19 00:00:00-04:00,158.4209238986746,160.2934997453106,157.89131173508633,158.68572998046875,249500,0.0,0.0
2017-04-20 00:00:00-04:00,159.68825855039395,160.70964539521987,158.78034149506288,160.123291015625,221800,0.0,0.0
2017-04-21 00:00:00-04:00,160.0003040098591,163.367150904999,157.83456551935117,163.07395935058594,330800,0.0,0.0
2017-04-24 00:00:00-04:00,160.27453045910124,160.27453045910124,152.3681448875514,159.1869354248047,1254200,0.0,0.0
2017-04-25 00:00:00-04:00,159.19641429875645,160.7757983508544,157.96694942519818,159.7071075439453,593300,0.0,0.0
2017-04-26 00:00:00-04:00,160.38805144418274,160.6244864564293,157.11579895596498,158.38308715820312,498000,0.0,0.0
2017-04-27 00:00:00-04:00,157.92916315607786,159.46125768124887,157.06853609997668,159.13970947265625,332000,0.0,0.0
2017-04-28 00:00:00-04:00,159.06401423937305,159.94354551992296,156.3024551479766,156.4159393310547,468000,0.0,0.0
2017-05-01 00:00:00-04:00,157.28600328955923,159.5557877488989,155.72553819882552,157.44677734375,318600,0.0,0.0
2017-05-02 00:00:00-04:00,157.88185377561373,157.88185377561373,155.79176181599266,156.48216247558594,283300,0.0,0.0
2017-05-03 00:00:00-04:00,155.67826823415663,157.88184425442304,155.67826823415663,157.6548614501953,232500,0.0,0.0
2017-05-04 00:00:00-04:00,158.43984189344292,158.83705101400702,156.90774750971718,158.75193786621094,263800,0.0,0.0
2017-05-05 00:00:00-04:00,158.81807812569104,159.6219627302482,157.97637027860085,158.742431640625,249300,0.0,0.0
2017-05-08 00:00:00-04:00,158.58168793815014,158.82758959198037,157.42789832965903,157.9480438232422,170500,0.0,0.0
2017-05-09 00:00:00-04:00,158.11829447156651,159.50853361562153,157.41844158102242,157.8913116455078,300300,0.0,0.0
2017-05-10 00:00:00-04:00,157.82511194503832,159.18697999313468,156.92664730855205,159.1018524169922,307100,0.0,0.0
2017-05-11 00:00:00-04:00,158.64788863933552,158.89377584987113,156.17005440036584,158.49656677246094,205400,0.0,0.0
2017-05-12 00:00:00-04:00,158.4020329935028,158.4020329935028,156.85101962608715,157.16310119628906,176400,0.0,0.0
2017-05-15 00:00:00-04:00,157.14416947262492,159.70711691545333,157.14416947262492,158.77084350585938,314200,0.0,0.0
2017-05-16 00:00:00-04:00,159.5179681495322,163.56573429862567,159.40448396449983,162.6862030029297,609500,0.0,0.0
2017-05-17 00:00:00-04:00,162.68619119065397,162.68619119065397,160.78524464429987,162.01470947265625,476500,0.0,0.0
2017-05-18 00:00:00-04:00,161.41888614178433,163.9912999347953,160.20834017223166,162.383544921875,382800,0.0,0.0
2017-05-19 00:00:00-04:00,163.23473786708678,166.89474723071413,162.93209412527213,165.96792602539062,410600,0.0,0.0
2017-05-22 00:00:00-04:00,167.09334740122083,167.21629822728013,165.84497802212286,166.15707397460938,217200,0.0,0.0
2017-05-23 00:00:00-04:00,166.44080891077468,167.78375814944752,165.50452099688664,165.86390686035156,267700,0.0,0.0
2017-05-24 00:00:00-04:00,166.09088508325846,167.40546335060122,165.52344963619566,166.04360961914062,258100,0.0,0.0
2017-05-25 00:00:00-04:00,166.3367626305333,167.45272894943332,165.53287782526965,166.59210205078125,344400,0.0,0.0
2017-05-26 00:00:00-04:00,165.9490312736049,166.52593336319242,164.3507280533944,165.5896453857422,272100,0.0,0.0
2017-05-30 00:00:00-04:00,164.9276287074724,166.3651578155612,164.28453231463124,166.04360961914062,264200,0.0,0.0
2017-05-31 00:00:00-04:00,166.72452368835528,168.01073086183172,165.6747515509528,167.49058532714844,1472400,0.0,0.0
2017-06-01 00:00:00-04:00,168.04857939186675,168.89028759736564,166.56376034270957,168.1620635986328,337800,0.0,0.0
2017-06-02 00:00:00-04:00,169.05106657121428,169.84548490316575,168.08640749335854,169.16455078125,230100,0.0,0.0
2017-06-05 00:00:00-04:00,168.91863790915,170.63987736745176,168.22825168467196,169.37258911132812,228100,0.0,0.0
2017-06-06 00:00:00-04:00,169.10776443157656,169.7697795349959,167.622960158968,168.0674591064453,369500,0.0,0.0
2017-06-07 00:00:00-04:00,167.77428575888328,170.3088766975563,167.52839853122597,169.05104064941406,346800,0.0,0.0
2017-06-08 00:00:00-04:00,168.8051461079968,170.0629821016412,167.4527303373559,168.7389373779297,279300,0.0,0.0
2017-06-09 00:00:00-04:00,169.20234686523693,170.3183131384424,168.3606388424617,168.96591186523438,213700,0.0,0.0
2017-06-12 00:00:00-04:00,168.40793530727092,172.32329848302808,168.08637272726216,171.64236450195312,407200,0.0,0.0
2017-06-13 00:00:00-04:00,171.7180298350818,175.3118305228836,170.9898059473365,174.5363311767578,379000,0.0,0.0
2017-06-14 00:00:00-04:00,174.56469511107335,177.41136738412249,174.56469511107335,176.2859344482422,326600,0.0,0.0
2017-06-15 00:00:00-04:00,175.24562790882763,178.21525098281415,175.20779022690058,177.53431701660156,348800,0.0,0.0
2017-06-16 00:00:00-04:00,177.64782888974307,178.5084559021321,176.45620147856187,178.3760528564453,386800,0.0,0.0
2017-06-19 00:00:00-04:00,179.55822172113116,181.38349324585482,178.05449837731493,180.68365478515625,342000,0.0,0.0
2017-06-20 00:00:00-04:00,179.95541845784322,181.20380227075634,179.89867636286502,180.87278747558594,358200,0.0,0.0
2017-06-21 00:00:00-04:00,180.76876597465974,182.1306340565093,179.76628375631188,181.4591522216797,403100,0.0,0.0
2017-06-22 00:00:00-04:00,180.6930745030427,181.10920239450337,178.36656228201662,178.45167541503906,332100,0.0,0.0
2017-06-23 00:00:00-04:00,178.4327493423144,179.0947644015091,176.65475367118057,177.43026733398438,629100,0.0,0.0
2017-06-26 00:00:00-04:00,178.46112349154663,178.49896117035686,176.14406352861465,176.43724060058594,292500,0.0,0.0
2017-06-27 00:00:00-04:00,175.59556673770638,177.05201460700837,174.12966666228908,174.26206970214844,304200,0.0,0.0
2017-06-28 00:00:00-04:00,175.0681851840828,175.49494654086715,173.92065716429227,174.9733428955078,428700,0.51,0.0
2017-06-29 00:00:00-04:00,175.51387201704617,175.51387201704617,171.89111170973965,173.96803283691406,282500,0.0,0.0
2017-06-30 00:00:00-04:00,174.0439614425732,175.41908789787254,173.85429132303233,174.1577606201172,478400,0.0,0.0
2017-07-03 00:00:00-04:00,174.97331371579864,177.00281390309715,174.17669071986444,174.37583923339844,250000,0.0,0.0
2017-07-05 00:00:00-04:00,174.6888280865307,177.11664014312254,174.6888280865307,176.22518920898438,293800,0.0,0.0
2017-07-06 00:00:00-04:00,175.73206056312628,177.808982502297,174.04397179823664,174.41383361816406,336400,0.0,0.0
2017-07-07 00:00:00-04:00,174.65090830723878,176.8985288093537,174.65090830723878,176.6045379638672,253800,0.0,0.0
2017-07-10 00:00:00-04:00,177.12611667658763,177.61925600624053,174.8595251412023,175.16299438476562,363200,0.0,0.0
2017-07-11 00:00:00-04:00,174.8405423017062,175.874256503229,171.59713628874448,173.49386596679688,389400,0.0,0.0
2017-07-12 00:00:00-04:00,174.2430682851529,176.10186974177608,173.8163070006376,174.31893920898438,218000,0.0,0.0
2017-07-13 00:00:00-04:00,174.669881782873,175.56134731575025,173.6361672696019,174.41383361816406,187700,0.0,0.0
2017-07-14 00:00:00-04:00,174.53706648592538,175.4190533509008,173.55077337601168,174.29049682617188,174500,0.0,0.0
2017-07-17 00:00:00-04:00,174.48018772608455,175.33372490411483,173.9301342924832,174.80264282226562,185400,0.0,0.0
2017-07-18 00:00:00-04:00,174.5465708820335,174.7267625367837,173.18092304698,174.42327880859375,255300,0.0,0.0
2017-07-19 00:00:00-04:00,175.00177892662487,175.56131076087445,174.38534751206518,174.9069366455078,253900,0.0,0.0
2017-07-20 00:00:00-04:00,175.38113288387655,175.5139178762296,173.06713443442123,173.14300537109375,210500,0.0,0.0
2017-07-21 00:00:00-04:00,172.7636286740631,173.3136820416746,172.09977615139397,172.99124145507812,425500,0.0,0.0
2017-07-24 00:00:00-04:00,169.2167595474172,171.805806409481,166.52340642770028,167.23468017578125,574900,0.0,0.0
2017-07-25 00:00:00-04:00,168.23996565332004,168.28738680326214,162.48339692874774,163.08087158203125,907600,0.0,0.0
2017-07-26 00:00:00-04:00,163.0713435520855,164.18092876144624,160.56766076588434,161.1461639404297,544700,0.0,0.0
2017-07-27 00:00:00-04:00,161.13668822637416,163.69727063520193,160.9185538741067,163.20411682128906,453300,0.0,0.0
2017-07-28 00:00:00-04:00,163.08082685141017,163.44119565613937,161.1461544432881,162.18936157226562,370700,0.0,0.0
2017-07-31 00:00:00-04:00,162.71098513613669,163.61192896504673,162.00918984757354,162.17041015625,278900,0.0,0.0
2017-08-01 00:00:00-04:00,162.91012668117716,163.23256728468456,161.34533033346736,162.25575256347656,345800,0.0,0.0
2017-08-02 00:00:00-04:00,162.17988473019042,163.27999154412274,161.32636206439165,163.07135009765625,385800,0.0,0.0
2017-08-03 00:00:00-04:00,163.08082427726183,163.72570542252387,162.2936797234397,163.4980926513672,321400,0.0,0.0
2017-08-04 00:00:00-04:00,163.76366333658072,164.95861251315407,162.89116926199324,163.3843231201172,287900,0.0,0.0
2017-08-07 00:00:00-04:00,163.39379388374581,164.56977165297283,162.64459192661556,164.41802978515625,311100,0.0,0.0
2017-08-08 00:00:00-04:00,164.33265834137597,165.39482233164244,163.39377194011607,163.4980926513672,223300,0.0,0.0
2017-08-09 00:00:00-04:00,162.95756974978013,163.5740012494866,162.08507563240838,162.6446075439453,253500,0.0,0.0
2017-08-10 00:00:00-04:00,161.8574118873422,163.66879205234545,158.54761366471044,158.87954711914062,292200,0.0,0.0
2017-08-11 00:00:00-04:00,159.27788235903003,161.55396680583144,158.60455138247335,158.7278289794922,271600,0.0,0.0
2017-08-14 00:00:00-04:00,159.5908479323187,160.35902120387087,159.1830579618504,159.83741760253906,178400,0.0,0.0
2017-08-15 00:00:00-04:00,159.8374170437594,160.57715499363496,157.78895981708166,159.2494354248047,217000,0.0,0.0
2017-08-16 00:00:00-04:00,159.3822220240284,159.80898338637977,158.56662753270953,158.83216857910156,238900,0.0,0.0
2017-08-17 00:00:00-04:00,158.27266837383016,159.79953693165726,156.4043877636037,156.58457946777344,273300,0.0,0.0
2017-08-18 00:00:00-04:00,155.74997556712452,157.172523027567,155.4654631808558,155.5508270263672,247900,0.0,0.0
2017-08-21 00:00:00-04:00,155.48442467888057,156.55608166185627,155.1145629414403,155.8827362060547,186300,0.0,0.0
2017-08-22 00:00:00-04:00,156.3664008572174,157.6466847202008,155.24732281107796,157.28631591796875,184900,0.0,0.0
2017-08-23 00:00:00-04:00,156.7457466223525,157.40012070662323,154.2705137001848,155.07662963867188,372400,0.0,0.0
2017-08-24 00:00:00-04:00,154.74467824698309,155.07661170583455,151.9090623666831,152.30738830566406,342700,0.0,0.0
2017-08-25 00:00:00-04:00,152.86693460403396,154.30845324785062,152.09876138023873,153.49285888671875,275200,0.0,0.0
2017-08-28 00:00:00-04:00,154.12826977511244,154.3179398636093,153.0660912319096,153.8153076171875,229100,0.0,0.0
2017-08-29 00:00:00-04:00,153.17990870051153,153.5497704471645,152.30741469484053,152.91436767578125,391900,0.0,0.0
2017-08-30 00:00:00-04:00,153.0376258434755,154.94384838645857,152.18410329678665,154.5265655517578,445700,0.0,0.0
2017-08-31 00:00:00-04:00,155.01973789610147,157.41910001243,154.83005333329413,157.17251586914062,666700,0.0,0.0
2017-09-01 00:00:00-04:00,157.8553297839094,158.50970385982936,157.0776781150491,157.39064025878906,333600,0.0,0.0
2017-09-05 00:00:00-04:00,156.80264553506635,157.7889531123906,156.38536267319068,157.56134033203125,376700,0.0,0.0
2017-09-06 00:00:00-04:00,158.34847492358404,158.80368598467268,152.3358454465136,154.820556640625,692700,0.0,0.0
2017-09-07 00:00:00-04:00,155.42750909313608,155.42750909313608,152.7815776240706,154.76365661621094,430100,0.0,0.0
2017-09-08 00:00:00-04:00,154.74471309662192,161.6393305997022,154.51710029035817,160.150390625,638500,0.0,0.0
2017-09-11 00:00:00-04:00,161.02290572914836,161.02290572914836,158.44336594206678,159.8943634033203,290800,0.0,0.0
2017-09-12 00:00:00-04:00,160.18830846517238,163.2515228439918,160.03656661788187,162.96701049804688,328100,0.0,0.0
2017-09-13 00:00:00-04:00,162.73944227911608,162.73944227911608,158.47179971379907,158.83216857910156,628700,0.0,0.0
2017-09-14 00:00:00-04:00,158.5381534830676,159.18304911913538,157.390640094783,158.39590454101562,295900,0.0,0.0
2017-09-15 00:00:00-04:00,158.29156559850205,159.8089405322882,157.494942672947,158.87954711914062,514900,0.0,0.0
2017-09-18 00:00:00-04:00,159.24940377565213,160.36848168227405,158.35793861382552,158.60452270507812,375500,0.0,0.0
2017-09-19 00:00:00-04:00,158.7657828890637,158.90803184601364,156.21467880782043,157.26736450195312,405200,0.0,0.0
2017-09-20 00:00:00-04:00,157.6940979315834,161.7720694695194,157.50442786558838,161.57290649414062,442900,0.0,0.0
2017-09-21 00:00:00-04:00,161.5444716221293,163.0334114429961,160.78577681720543,162.81527709960938,298100,0.0,0.0
2017-09-22 00:00:00-04:00,162.83422323900854,164.41799062097738,162.4264333461502,164.0386505126953,400300,0.0,0.0
2017-09-25 00:00:00-04:00,163.2041434613804,163.93438862625243,160.7668527259128,161.74366760253906,415400,0.0,0.0
2017-09-26 00:00:00-04:00,161.89540522711033,165.5750518075895,161.74366334499302,164.7120361328125,464000,0.0,0.0
2017-09-27 00:00:00-04:00,164.892222441183,166.1535496622808,161.65830870038388,164.38011169433594,378900,0.0,0.0
2017-09-28 00:00:00-04:00,164.33254519085216,167.84234132421605,163.81890870062048,167.32870483398438,460600,0.51,0.0
2017-09-29 00:00:00-04:00,167.2145647000063,171.1714087809774,166.88165163273814,170.22975158691406,699900,0.0,0.0
2017-10-02 00:00:00-04:00,169.89683908091493,172.78838457794816,169.64003535645324,170.27731323242188,522400,0.0,0.0
2017-10-03 00:00:00-04:00,170.48656380706018,171.69453109325786,169.0027364438619,171.32357788085938,379100,0.0,0.0
2017-10-04 00:00:00-04:00,171.4377229023884,173.1307928546264,170.96214112898213,172.53155517578125,264000,0.0,0.0
2017-10-05 00:00:00-04:00,173.0927546207052,174.21513525959074,171.62796900551473,172.66473388671875,329900,0.0,0.0
2017-10-06 00:00:00-04:00,172.43647240519093,176.1840599578675,172.0750400440911,175.31851196289062,422500,0.0,0.0
2017-10-09 00:00:00-04:00,175.18528727714178,175.93671457324967,174.46240823868143,175.11871337890625,213300,0.0,0.0
2017-10-10 00:00:00-04:00,175.65137141066688,175.65137141066688,172.30327164373276,172.6361846923828,369000,0.0,0.0
2017-10-11 00:00:00-04:00,173.06419489364575,173.06419489364575,169.868284972097,171.48526000976562,471800,0.0,0.0
2017-10-12 00:00:00-04:00,171.22849365184354,172.88350920417082,169.91588309908218,172.23672485351562,457500,0.0,0.0
2017-10-13 00:00:00-04:00,172.93107159726858,173.7585793796783,171.7421169611138,172.36038208007812,236700,0.0,0.0
2017-10-16 00:00:00-04:00,171.90381156630013,172.63621167965997,171.38066862818596,172.24623107910156,202100,0.0,0.0
2017-10-17 00:00:00-04:00,172.35086791269188,172.82644978580285,170.42951308151365,171.39019775390625,360200,0.0,0.0
2017-10-18 00:00:00-04:00,171.80864972990148,173.64438812690645,171.80864972990148,172.94053649902344,206500,0.0,0.0
2017-10-19 00:00:00-04:00,172.5601183706149,172.5601183706149,169.49737006609436,170.62925720214844,448300,0.0,0.0
2017-10-20 00:00:00-04:00,171.53285217240088,172.33182616917742,169.42126767120163,171.49481201171875,806800,0.0,0.0
2017-10-23 00:00:00-04:00,176.64062602000962,186.9036764745325,174.82389977813654,183.9835968017578,1053200,0.0,0.0
2017-10-24 00:00:00-04:00,186.15222885100252,191.5643373781174,184.52573275874113,186.97023010253906,792800,0.0,0.0
2017-10-25 00:00:00-04:00,186.43756874690308,186.7419480601042,181.0635003064356,183.78382873535156,757700,0.0,0.0
2017-10-26 00:00:00-04:00,183.9455590877185,186.67539443637267,183.72679548658357,186.0000762939453,339900,0.0,0.0
2017-10-27 00:00:00-04:00,185.4008200705281,186.32344998781292,183.0038835679403,183.89797973632812,293600,0.0,0.0
2017-10-30 00:00:00-04:00,183.93601629033637,184.23087467562817,181.24422163858839,181.80540466308594,229500,0.0,0.0
2017-10-31 00:00:00-04:00,182.64246409700831,184.39260188267866,181.62471193604148,181.79592895507812,290900,0.0,0.0
2017-11-01 00:00:00-04:00,182.96584540652316,182.96584540652316,179.9791920426217,180.59744262695312,276200,0.0,0.0
2017-11-02 00:00:00-04:00,179.98871366499287,181.03499960308744,177.87712896346176,180.55941772460938,277600,0.0,0.0
2017-11-03 00:00:00-04:00,180.3882032755145,182.7280725370048,179.30387715765494,180.8828125,328800,0.0,0.0
2017-11-06 00:00:00-05:00,180.50234661341574,182.69002611340798,180.29308942997955,181.9385986328125,225600,0.0,0.0
2017-11-07 00:00:00-05:00,182.5187965913289,182.5187965913289,180.37867832754904,182.29051208496094,197000,0.0,0.0
2017-11-08 00:00:00-05:00,182.29049457148665,184.30697123332357,181.76736621259556,183.76480102539062,245300,0.0,0.0
2017-11-09 00:00:00-05:00,182.27152281717701,183.0990306750944,178.54296247960804,179.67483520507812,230100,0.0,0.0
2017-11-10 00:00:00-05:00,178.97096716162395,180.29308413801482,178.19100595287213,179.5701904296875,212500,0.0,0.0
2017-11-13 00:00:00-05:00,179.06604815611007,180.42621960595088,178.2005003392342,179.98867797851562,235800,0.0,0.0
2017-11-14 00:00:00-05:00,179.22775337844618,181.25373652693818,178.22904319151547,181.0444793701172,201100,0.0,0.0
2017-11-15 00:00:00-05:00,180.72106548645803,182.55680407986983,179.5035773642691,181.9766082763672,316900,0.0,0.0
2017-11-16 00:00:00-05:00,182.22393548092805,186.98926018626216,182.22393548092805,185.47691345214844,369100,0.0,0.0
2017-11-17 00:00:00-05:00,185.20107620030743,186.1141851546142,184.08820198473796,184.76353454589844,286100,0.0,0.0
2017-11-20 00:00:00-05:00,184.9918389537618,186.94171298812384,184.5257635014628,185.2866973876953,157900,0.0,0.0
2017-11-21 00:00:00-05:00,186.49468151889405,187.57900760224376,185.25816575383743,187.3602294921875,201400,0.0,0.0
2017-11-22 00:00:00-05:00,187.41724413805676,187.78819731159496,186.11415482576157,186.57070922851562,183400,0.0,0.0
2017-11-24 00:00:00-05:00,187.3792213977331,188.61573692896687,186.1997733579463,186.8085174560547,85400,0.0,0.0
2017-11-27 00:00:00-05:00,186.63734510266144,188.24481410133046,185.99054623013367,186.71343994140625,135500,0.0,0.0
2017-11-28 00:00:00-05:00,186.95120965112034,191.6309328507349,186.95120965112034,191.31704711914062,327000,0.0,0.0
2017-11-29 00:00:00-05:00,190.67023980735198,195.17874546635267,190.34683319004733,193.8756561279297,334700,0.0,0.0
2017-11-30 00:00:00-05:00,194.4844486600229,200.58141164085868,194.4844486600229,199.49708557128906,436800,0.0,0.0
2017-12-01 00:00:00-05:00,199.24022508455653,200.23894969024016,194.24661656974197,198.22247314453125,374600,0.0,0.0
2017-12-04 00:00:00-05:00,200.16289112492817,203.33977439608762,198.6600507389866,198.82174682617188,480200,0.0,0.0
2017-12-05 00:00:00-05:00,198.6790737784834,199.57316995831104,195.45462948941494,196.5104217529297,411100,0.0,0.0
2017-12-06 00:00:00-05:00,195.57826139257764,196.5674796976035,195.00757192146756,195.4736328125,224200,0.0,0.0
2017-12-07 00:00:00-05:00,195.21682156047734,195.99676816169358,194.20857595784443,194.56051635742188,378800,0.0,0.0
2017-12-08 00:00:00-05:00,195.62581717008044,196.78623793087849,194.1990717606013,196.56747436523438,317000,0.0,0.0
2017-12-11 00:00:00-05:00,196.2631087909784,197.95617896772146,193.98982819319832,196.41529846191406,262800,0.0,0.0
2017-12-12 00:00:00-05:00,196.20604240929703,197.67084260157793,195.33097356684618,196.5865020751953,222100,0.0,0.0
2017-12-13 00:00:00-05:00,193.81862477839766,198.90734169629812,192.08749993533672,196.3106689453125,349700,0.0,0.0
2017-12-14 00:00:00-05:00,196.09193275782349,196.3106963683107,194.08497655655103,194.18008422851562,297600,0.0,0.0
2017-12-15 00:00:00-05:00,193.1147595140438,197.53766479139398,193.1147595140438,194.67466735839844,477900,0.0,0.0
2017-12-18 00:00:00-05:00,196.12995035733078,196.99551280018233,194.43688014692125,196.8623504638672,211300,0.0,0.0
2017-12-19 00:00:00-05:00,196.96697082326796,198.40322271307573,195.3595019290032,195.9111785888672,228700,0.0,0.0
2017-12-20 00:00:00-05:00,196.71964016133464,198.62196714320106,194.8933934867722,197.337890625,137300,0.0,0.0
2017-12-21 00:00:00-05:00,197.43301240298342,198.07979660905497,196.93840332483262,197.31886291503906,128700,0.0,0.0
2017-12-22 00:00:00-05:00,197.38545134111104,197.6327486234041,195.3689748747721,195.6067657470703,238000,0.0,0.0
2017-12-26 00:00:00-05:00,195.93021946167156,197.88961439823402,195.64486744359982,197.4615936279297,159300,0.0,0.0
2017-12-27 00:00:00-05:00,197.84204567129999,199.45902102646923,197.08111182368918,198.3651885986328,148500,0.0,0.0
2017-12-28 00:00:00-05:00,198.88958473602509,201.02541948439978,197.74539326514662,200.8633270263672,254600,0.51,0.0
2017-12-29 00:00:00-05:00,201.18750294445692,201.48308415171928,198.45097616204112,198.57492065429688,257300,0.0,0.0
2018-01-02 00:00:00-05:00,199.7668066102977,200.22449485616082,196.30562836471276,197.49749755859375,253200,0.0,0.0
2018-01-03 00:00:00-05:00,197.63098222595954,201.5689080673941,197.63098222595954,201.16844177246094,201900,0.0,0.0
2018-01-04 00:00:00-05:00,201.9503149310334,201.9503149310334,199.99564658378648,201.16844177246094,220600,0.0,0.0
2018-01-05 00:00:00-05:00,202.5510120223329,204.02893273784326,201.0731058560071,203.55218505859375,169400,0.0,0.0
2018-01-08 00:00:00-05:00,203.25659640917678,204.34358049623785,202.58915259241718,204.18148803710938,139000,0.0,0.0
2018-01-09 00:00:00-05:00,204.3531263372995,204.71544466965872,201.59751086330706,201.82635498046875,268000,0.0,0.0
2018-01-10 00:00:00-05:00,202.16008812479666,202.16961784058765,194.76095489936733,195.4188690185547,665100,0.0,0.0
2018-01-11 00:00:00-05:00,196.47721806476702,199.2995702509466,194.7609237994674,199.23281860351562,367900,0.0,0.0
2018-01-12 00:00:00-05:00,200.01474596353856,201.97894427586004,198.41286603120392,200.88241577148438,270100,0.0,0.0
2018-01-16 00:00:00-05:00,202.09330677084733,202.86563556277696,198.81328092185737,200.2149200439453,247600,0.0,0.0
2018-01-17 00:00:00-05:00,200.9968534165663,202.2554599053957,199.97660625249085,201.2924346923828,210800,0.0,0.0
2018-01-18 00:00:00-05:00,201.93126656480737,204.40081630474057,201.49266680246762,204.0384979248047,198900,0.0,0.0
2018-01-19 00:00:00-05:00,204.79174986743257,206.70827046813264,204.03849486989947,206.41268920898438,208200,0.0,0.0
2018-01-22 00:00:00-05:00,206.05037017086227,206.05037017086227,202.9229062951308,205.59268188476562,136200,0.0,0.0
2018-01-23 00:00:00-05:00,205.78340675497216,205.9931623807003,203.03733504640354,205.41152954101562,199100,0.0,0.0
2018-01-24 00:00:00-05:00,205.85964129598312,208.37686845086304,205.03010499298838,207.14686584472656,276600,0.0,0.0
2018-01-25 00:00:00-05:00,207.9191838060792,210.08362222142665,205.51637156456698,209.33035278320312,266900,0.0,0.0
2018-01-26 00:00:00-05:00,209.84524829588628,212.6771305133172,207.74756153646652,210.8082733154297,164000,0.0,0.0
2018-01-29 00:00:00-05:00,209.8738341537192,212.1240834623656,209.81662676819826,210.68431091308594,412500,0.0,0.0
2018-01-30 00:00:00-05:00,208.9680579483163,211.12295234134382,206.09802744723146,209.94061279296875,303600,0.0,0.0
2018-01-31 00:00:00-05:00,210.26482307530912,211.61878488365213,207.0896814451554,207.7761993408203,269900,0.0,0.0
2018-02-01 00:00:00-05:00,207.2136328451087,208.43410582576578,203.6094067516099,204.21011352539062,259400,0.0,0.0
2018-02-02 00:00:00-05:00,202.9229051141895,204.48663704295487,200.19590759277344,200.19590759277344,242400,0.0,0.0
2018-02-05 00:00:00-05:00,198.02187227639752,203.4377324719645,186.8850555419922,186.8850555419922,542000,0.0,0.0
2018-02-06 00:00:00-05:00,186.98043159256463,192.45348522823863,182.66109910656968,188.62997436523438,703200,0.0,0.0
2018-02-07 00:00:00-05:00,188.83974960391126,193.6930372541058,188.83974960391126,191.63348388671875,349400,0.0,0.0
2018-02-08 00:00:00-05:00,191.43330573863574,193.5309930397994,183.67185253989902,184.06277465820312,343100,0.0,0.0
2018-02-09 00:00:00-05:00,185.70276634270184,190.38443243699055,181.3262257723064,188.84930419921875,577300,0.0,0.0
2018-02-12 00:00:00-05:00,190.9946683458579,195.51424194756788,190.31769473423688,192.42491149902344,463200,0.0,0.0
2018-02-13 00:00:00-05:00,191.0137431921545,193.47376317262638,189.5167483681289,190.72769165039062,267400,0.0,0.0
2018-02-14 00:00:00-05:00,189.2879123104249,194.96120707340714,189.09721613882266,194.255615234375,272700,0.0,0.0
2018-02-15 00:00:00-05:00,196.90633187234204,198.5272857086158,194.75143748354782,197.5928497314453,288900,0.0,0.0
2018-02-16 00:00:00-05:00,197.25917986681694,202.01711373158946,194.0077562886342,196.1721954345703,396800,0.0,0.0
2018-02-20 00:00:00-05:00,195.914699717234,198.38424929523558,192.3486217069117,193.71212768554688,273700,0.0,0.0
2018-02-21 00:00:00-05:00,194.46537160003294,197.36400557993701,192.95884721757483,193.17816162109375,282900,0.0,0.0
2018-02-22 00:00:00-05:00,194.63700961714073,197.1637664641388,194.19839535637922,196.49632263183594,354400,0.0,0.0
2018-02-23 00:00:00-05:00,198.02191055373885,200.4533266459729,197.49749974198133,199.95751953125,301400,0.0,0.0
2018-02-26 00:00:00-05:00,200.60587692367142,201.8549534471371,198.14585728735372,200.30076599121094,280200,0.0,0.0
2018-02-27 00:00:00-05:00,200.3007917956563,201.0635764996678,197.80262387770603,197.91705322265625,219300,0.0,0.0
2018-02-28 00:00:00-05:00,198.32704439283697,199.20425842021075,194.9707364908786,195.11376953125,367000,0.0,0.0
2018-03-01 00:00:00-05:00,195.9814298986684,195.9814298986684,186.50369824129766,187.19021606445312,607400,0.0,0.0
2018-03-02 00:00:00-05:00,185.73133195672332,189.1257872426489,182.51805764399484,188.6585693359375,492000,0.0,0.0
2018-03-05 00:00:00-05:00,187.60974175843728,191.08046428617698,186.5227576302217,189.9076690673828,346100,0.0,0.0
2018-03-06 00:00:00-05:00,190.6704556112206,193.49279354140927,189.48811620581617,193.20675659179688,282000,0.0,0.0
2018-03-07 00:00:00-05:00,191.6144623161559,195.65727392962432,190.68002624959783,194.78005981445312,324600,0.0,0.0
2018-03-08 00:00:00-05:00,196.17213216896968,197.03980185188078,194.81817056189035,196.4295654296875,258300,0.0,0.0
2018-03-09 00:00:00-05:00,197.3926058834577,199.9670403462716,197.0016693091399,199.7667999267578,169800,0.0,0.0
2018-03-12 00:00:00-04:00,200.2149395504744,203.1803105232952,200.00516941998418,201.77867126464844,223000,0.0,0.0
2018-03-13 00:00:00-04:00,202.42704991796305,204.4198515521458,201.54029174608743,202.36984252929688,234200,0.0,0.0
2018-03-14 00:00:00-04:00,203.67614275375905,203.67614275375905,199.07075845699435,202.3317108154297,320600,0.0,0.0
2018-03-15 00:00:00-04:00,202.3126022750655,202.90377918585477,200.64398569384824,201.60702514648438,263400,0.0,0.0
2018-03-16 00:00:00-04:00,194.35092587703892,203.61890026647833,190.72764125352782,202.24586486816406,650000,0.0,0.0
2018-03-19 00:00:00-04:00,201.9693889726827,201.9693889726827,197.9170337963369,199.0707550048828,210800,0.0,0.0
2018-03-20 00:00:00-04:00,199.1184573272916,201.54032937786798,197.45937000026981,199.8621826171875,256100,0.0,0.0
2018-03-21 00:00:00-04:00,200.54865842286608,203.04681133140105,200.41516966933787,201.4449462890625,187200,0.0,0.0
2018-03-22 00:00:00-04:00,199.52843970990884,201.78823367353456,196.43912396341977,196.4677276611328,318300,0.0,0.0
2018-03-23 00:00:00-04:00,196.35333085208248,197.68823334632063,193.09237782986924,193.27354431152344,332800,0.0,0.0
2018-03-26 00:00:00-04:00,195.2091113341074,196.87772830262102,191.7765365855335,195.07562255859375,371100,0.0,0.0
2018-03-27 00:00:00-04:00,196.2388855694055,196.2388855694055,191.49048256029297,192.4344482421875,403700,0.0,0.0
2018-03-28 00:00:00-04:00,193.33073624154792,193.96957646048628,190.24142023051388,191.3951416015625,277700,0.0,0.0
2018-03-29 00:00:00-04:00,192.48488670511156,196.15563192663754,191.79662015279482,195.36221313476562,441900,0.51,0.0
2018-04-02 00:00:00-04:00,194.96073937071932,195.67768252696337,189.45462118181342,191.20396423339844,574500,0.0,0.0
2018-04-03 00:00:00-04:00,192.36057510751772,195.87838287834649,188.99573325780236,195.0658416748047,340600,0.0,0.0
2018-04-04 00:00:00-04:00,191.0510185712446,197.00642248301259,190.89806719264072,196.68141174316406,381200,0.0,0.0
2018-04-05 00:00:00-04:00,198.10573044259212,199.04253204599271,194.75999584420182,196.08872985839844,319100,0.0,0.0
2018-04-06 00:00:00-04:00,194.00482048993234,195.60121221132457,189.37815069528403,191.08924865722656,397400,0.0,0.0
2018-04-09 00:00:00-04:00,193.1253662007545,193.46949949841687,189.93258285292623,190.28627014160156,274800,0.0,0.0
2018-04-10 00:00:00-04:00,192.3127944426382,195.40043964333296,191.27084072306624,192.12161254882812,406200,0.0,0.0
2018-04-11 00:00:00-04:00,191.08926115186554,192.30328909330683,188.68989641724284,190.77381896972656,255200,0.0,0.0
2018-04-12 00:00:00-04:00,191.68189698633878,194.8460032975939,190.48699190890142,193.20181274414062,268700,0.0,0.0
2018-04-13 00:00:00-04:00,195.0371838035432,195.33351792683797,189.77004751076328,189.95167541503906,266300,0.0,0.0
2018-04-16 00:00:00-04:00,191.92086827372282,195.85927054172825,190.2766778036104,194.42538452148438,302000,0.0,0.0
2018-04-17 00:00:00-04:00,196.2703237244803,197.7902393918597,194.79819258836073,196.77696228027344,212200,0.0,0.0
2018-04-18 00:00:00-04:00,197.38878362017164,198.47853657123102,196.38506034219049,196.69094848632812,326900,0.0,0.0
2018-04-19 00:00:00-04:00,196.71007764109132,197.05421093117383,190.67819836696745,193.899658203125,517600,0.0,0.0
2018-04-20 00:00:00-04:00,193.83273465557485,194.5305551673585,187.20817302989346,188.39352416992188,558800,0.0,0.0
2018-04-23 00:00:00-04:00,190.64951908860107,195.2666345870737,187.7435014390833,189.74139404296875,882800,0.0,0.0
2018-04-24 00:00:00-04:00,189.98036551905713,194.45408341478304,177.96439228756577,180.93731689453125,604900,0.0,0.0
2018-04-25 00:00:00-04:00,181.42482132137366,186.95962980902658,178.9776580562862,185.7647247314453,890300,0.0,0.0
2018-04-26 00:00:00-04:00,186.481684779301,188.69942122063347,184.98087686363513,187.6765899658203,626000,0.0,0.0
2018-04-27 00:00:00-04:00,187.92512727159954,189.91345127641958,186.75889862852006,189.50241088867188,530400,0.0,0.0
2018-04-30 00:00:00-04:00,190.17153465020584,191.5193910742286,184.81835408477508,184.84703063964844,469400,0.0,0.0
2018-05-01 00:00:00-04:00,184.43600322201237,188.31705284014723,182.02707034011175,187.86776733398438,366900,0.0,0.0
2018-05-02 00:00:00-04:00,187.32292058838473,190.12377161168223,184.27351992735683,184.6558837890625,440400,0.0,0.0
2018-05-03 00:00:00-04:00,183.62346017855128,187.56187746019668,182.66753606131846,185.95591735839844,254800,0.0,0.0
2018-05-04 00:00:00-04:00,184.94263374803435,191.96868160181833,184.94263374803435,190.75465393066406,363000,0.0,0.0
2018-05-07 00:00:00-04:00,191.20393747082792,194.49231862099617,190.61125462597604,193.0201873779297,480300,0.0,0.0
2018-05-08 00:00:00-04:00,192.07382952267645,198.66971480861983,191.89221618939777,194.87469482421875,474300,0.0,0.0
2018-05-09 00:00:00-04:00,195.14237311356885,195.4387072931724,192.17900214504095,193.59378051757812,331300,0.0,0.0
2018-05-10 00:00:00-04:00,194.3298323981082,196.30860257698313,194.0239442260517,195.257080078125,161100,0.0,0.0
2018-05-11 00:00:00-04:00,195.16147336874974,196.71961977790966,194.55923650083372,195.55340576171875,93700,0.0,0.0
2018-05-14 00:00:00-04:00,195.7636731380028,196.56666039829716,192.56133643092522,193.6702117919922,189200,0.0,0.0
2018-05-15 00:00:00-04:00,191.69146790204226,193.1827072365598,189.78917359974395,190.35317993164062,349000,0.0,0.0
2018-05-16 00:00:00-04:00,191.93999322218627,192.60915175979108,189.693580343601,190.90760803222656,328800,0.0,0.0
2018-05-17 00:00:00-04:00,190.71641470507342,194.77909218897656,190.71641470507342,194.148193359375,187900,0.0,0.0
2018-05-18 00:00:00-04:00,193.55551484978113,195.43868656340058,193.02975365806725,194.87469482421875,174500,0.0,0.0
2018-05-21 00:00:00-04:00,195.96444722885303,198.06747740381618,195.17102844826005,197.55128479003906,214200,0.0,0.0
2018-05-22 00:00:00-04:00,197.52261292313386,198.45941451139691,194.9702971782392,195.1041259765625,289500,0.0,0.0
2018-05-23 00:00:00-04:00,193.9761287410616,196.8725777781289,193.43125955486573,196.76742553710938,179900,0.0,0.0
2018-05-24 00:00:00-04:00,196.7483345497952,197.71381278346072,194.90339317732486,196.17477416992188,202400,0.0,0.0
2018-05-25 00:00:00-04:00,196.2225426337126,199.01383923463106,195.79237970915648,198.18218994140625,213900,0.0,0.0
2018-05-29 00:00:00-04:00,196.58576697518765,198.8704247774182,195.41953851517948,197.5225830078125,227800,0.0,0.0
2018-05-30 00:00:00-04:00,199.3292987790277,199.3292987790277,197.78069180779335,198.4976348876953,236800,0.0,0.0
2018-05-31 00:00:00-04:00,198.59325917035898,198.59325917035898,194.0430650777209,194.3489532470703,456900,0.0,0.0
2018-06-01 00:00:00-04:00,195.88796392177136,197.0159619394365,194.7982110362273,195.75413513183594,234100,0.0,0.0
2018-06-04 00:00:00-04:00,197.03507907510385,198.60279408130103,195.38133439700286,196.62403869628906,193400,0.0,0.0
2018-06-05 00:00:00-04:00,196.8247798737738,198.4498626243827,194.99897580291997,197.84762573242188,236800,0.0,0.0
2018-06-06 00:00:00-04:00,197.6755384817061,198.95648786294075,195.47692471780238,197.75201416015625,187400,0.0,0.0
2018-06-07 00:00:00-04:00,198.33514311437125,200.54332561780248,198.08660808070962,200.42861938476562,167900,0.0,0.0
2018-06-08 00:00:00-04:00,199.86461528274555,204.51040705505815,199.86461528274555,204.3383331298828,257600,0.0,0.0
2018-06-11 00:00:00-04:00,204.41480775165516,205.4854526712489,200.97348971464157,201.33673095703125,252100,0.0,0.0
2018-06-12 00:00:00-04:00,202.08233373052596,204.95010581517624,200.3425595840179,203.01914978027344,261400,0.0,0.0
2018-06-13 00:00:00-04:00,203.4780016711369,203.4780016711369,198.98516138105634,199.35797119140625,252200,0.0,0.0
2018-06-14 00:00:00-04:00,200.3043270636311,202.44560227267615,198.8800095071238,202.1970672607422,180500,0.0,0.0
2018-06-15 00:00:00-04:00,201.22202314082384,202.50295793470337,199.78813699017664,202.01544189453125,466900,0.0,0.0
2018-06-18 00:00:00-04:00,200.38083069096712,202.2735711520852,199.44402903782284,200.0366973876953,159300,0.0,0.0
2018-06-19 00:00:00-04:00,198.86090655139256,199.778600184692,195.1614846321056,196.91082763671875,260300,0.0,0.0
2018-06-20 00:00:00-04:00,198.30647430120268,198.69840672771304,193.16361197383748,195.87843322753906,491600,0.0,0.0
2018-06-21 00:00:00-04:00,196.31813131679723,196.31813131679723,191.38557395671086,193.05844116210938,257600,0.0,0.0
2018-06-22 00:00:00-04:00,193.66061863799305,195.2952549185047,190.68769473724575,191.12742614746094,310900,0.0,0.0
2018-06-25 00:00:00-04:00,190.98406018862923,192.06425903644353,187.88687559116923,189.36856079101562,252900,0.0,0.0
2018-06-26 00:00:00-04:00,189.56927025448957,190.35313487033957,187.7147755157629,187.83905029296875,345400,0.0,0.0
2018-06-27 00:00:00-04:00,187.9729336014409,189.8465514463743,185.0573618819953,185.2867889404297,306300,0.0,0.0
2018-06-28 00:00:00-04:00,185.44024246382406,187.4447390524585,183.74264737157756,185.95814514160156,529200,0.64,0.0
2018-06-29 00:00:00-04:00,187.88588490803113,194.69543555210288,186.04443229836588,191.96202087402344,618500,0.0,0.0
2018-07-02 00:00:00-04:00,189.38207705521378,193.65002821642625,188.64357303666915,193.53492736816406,310000,0.0,0.0
2018-07-03 00:00:00-04:00,193.68837066142274,195.95182537737458,193.00742443614075,193.736328125,179600,0.0,0.0
2018-07-05 00:00:00-04:00,194.3213873878066,197.90839224482414,192.78683625544642,197.73574829101562,315400,0.0,0.0
2018-07-06 00:00:00-04:00,197.8892176635056,199.27031083480674,197.0931704985316,198.05226135253906,266200,0.0,0.0
2018-07-09 00:00:00-04:00,200.79528315820497,204.57410386683975,199.18400274195244,203.69174194335938,410100,0.0,0.0
2018-07-10 00:00:00-04:00,203.97944259921272,205.65785164962486,203.35603937717156,204.09454345703125,237300,0.0,0.0
2018-07-11 00:00:00-04:00,202.74221892107093,204.14249803391334,200.78567998068192,202.79017639160156,242100,0.0,0.0
2018-07-12 00:00:00-04:00,205.10158293783783,206.95262124302056,203.62457484204015,205.79212951660156,312600,0.0,0.0
2018-07-13 00:00:00-04:00,206.35799116253003,207.81579872021635,205.31258564648041,206.2908477783203,350300,0.0,0.0
2018-07-16 00:00:00-04:00,206.52100421036042,206.52100421036042,202.83809939857534,203.86431884765625,211400,0.0,0.0
2018-07-17 00:00:00-04:00,203.20257163524505,206.41553180382212,203.13544288640307,205.74417114257812,288300,0.0,0.0
2018-07-18 00:00:00-04:00,205.71540479551058,206.15657839782506,204.47816938494628,205.87844848632812,387500,0.0,0.0
2018-07-19 00:00:00-04:00,205.9168089252546,209.0338542839856,204.91936084966946,207.58563232421875,533600,0.0,0.0
2018-07-20 00:00:00-04:00,206.54982712576847,208.31455095761402,204.0945566406675,207.3842315673828,518700,0.0,0.0
2018-07-23 00:00:00-04:00,210.0408793664235,210.99997013978617,196.4217933115864,199.47169494628906,1074300,0.0,0.0
2018-07-24 00:00:00-04:00,198.82915510353624,203.183436487841,197.33297546824824,200.82406616210938,534500,0.0,0.0
2018-07-25 00:00:00-04:00,199.673161419886,200.38287940722827,193.34315484596124,196.93016052246094,577300,0.0,0.0
2018-07-26 00:00:00-04:00,196.53689662392864,202.2243130148602,194.8584876244892,201.08299255371094,504100,0.0,0.0
2018-07-27 00:00:00-04:00,201.49541386098352,203.84518375792922,201.16932645078478,202.4832763671875,254100,0.0,0.0
2018-07-30 00:00:00-04:00,203.1066947909754,206.18536854832857,202.5887774820781,204.75633239746094,266700,0.0,0.0
2018-07-31 00:00:00-04:00,205.12074446949254,208.92833611173864,205.12074446949254,208.19943237304688,250200,0.0,0.0
2018-08-01 00:00:00-04:00,207.31710472186666,209.6285174399133,205.1495497935048,205.2071075439453,351800,0.0,0.0
2018-08-02 00:00:00-04:00,204.20004006202532,209.5421685827263,204.20004006202532,208.3529052734375,181300,0.0,0.0
2018-08-03 00:00:00-04:00,204.20004639099776,209.2640451563536,204.20004639099776,208.93795776367188,128500,0.0,0.0
2018-08-06 00:00:00-04:00,209.3311674747124,212.49617026441484,209.3311674747124,211.18222045898438,180900,0.0,0.0
2018-08-07 00:00:00-04:00,209.33117475987564,215.06654888408704,209.33117475987564,210.90408325195312,223000,0.0,0.0
2018-08-08 00:00:00-04:00,210.90406042134848,210.9999753548809,207.0101541267841,207.24034118652344,204200,0.0,0.0
2018-08-09 00:00:00-04:00,207.99803342291105,211.66176759079016,206.61694022108364,208.0939483642578,238800,0.0,0.0
2018-08-10 00:00:00-04:00,207.99805807201835,208.1131589421877,206.25252008225954,206.7991943359375,154700,0.0,0.0
2018-08-13 00:00:00-04:00,207.0101576997892,207.72947581000543,203.77802634094508,204.85220336914062,151000,0.0,0.0
2018-08-14 00:00:00-04:00,205.53318296856003,210.40536650077684,205.18790965888905,208.63104248046875,146500,0.0,0.0
2018-08-15 00:00:00-04:00,207.25954422186817,213.55117802885394,206.16618120827084,212.99490356445312,410100,0.0,0.0
2018-08-16 00:00:00-04:00,213.79092584666722,215.40219130658497,211.7768293872064,212.218017578125,164500,0.0,0.0
2018-08-17 00:00:00-04:00,211.78643914614364,214.00193657003672,211.64256674427367,213.55116271972656,181100,0.0,0.0
2018-08-20 00:00:00-04:00,214.32804717562001,216.543544839778,213.80054424735243,216.1023712158203,217100,0.0,0.0
2018-08-21 00:00:00-04:00,204.28635452526407,213.53198989116572,201.6104974474517,213.0524444580078,868800,0.0,0.0
2018-08-22 00:00:00-04:00,212.50578968385219,214.27051352676241,210.38619223648763,213.69505310058594,331400,0.0,0.0
2018-08-23 00:00:00-04:00,212.61126465962718,213.79095700890895,210.99999896485082,212.06459045410156,306300,0.0,0.0
2018-08-24 00:00:00-04:00,212.85105457315814,212.8798407664147,210.29988368375862,211.24937438964844,149800,0.0,0.0
2018-08-27 00:00:00-04:00,212.1029345410375,216.85044593195678,210.9328425392448,213.1195831298828,366300,0.0,0.0
2018-08-28 00:00:00-04:00,213.7430007924443,215.40222396910048,212.63045182452527,214.7884063720703,140700,0.0,0.0
2018-08-29 00:00:00-04:00,215.21041798937338,215.47896228498772,213.40732231776295,214.04991149902344,195800,0.0,0.0
2018-08-30 00:00:00-04:00,213.9635842790333,214.56781622601713,211.73850101233936,214.1937713623047,151200,0.0,0.0
2018-08-31 00:00:00-04:00,213.2346935403847,214.52945754743192,212.42906065139087,213.69505310058594,196600,0.0,0.0
2018-09-04 00:00:00-04:00,213.10997385987167,216.12151840099904,212.2467979895385,215.219970703125,183400,0.0,0.0
2018-09-05 00:00:00-04:00,215.30630346813976,217.6848446042594,214.76920031586093,216.7257537841797,300200,0.0,0.0
2018-09-06 00:00:00-04:00,216.71619658552657,218.44254858057909,215.4406038712683,216.58192443847656,236700,0.0,0.0
2018-09-07 00:00:00-04:00,215.0377866342579,220.11137128033397,214.44314029846603,217.6944580078125,304700,0.0,0.0
2018-09-10 00:00:00-04:00,218.61518647792278,219.68936362443418,215.6324131336379,215.84341430664062,359900,0.0,0.0
2018-09-11 00:00:00-04:00,215.32547844771517,218.36579464346363,215.2391637847203,218.27947998046875,208100,0.0,0.0
2018-09-12 00:00:00-04:00,217.37793626091354,219.1906173900549,215.43098299756042,218.31785583496094,215300,0.0,0.0
2018-09-13 00:00:00-04:00,219.32487709083722,220.57169805758764,216.3325184782876,219.267333984375,321300,0.0,0.0
2018-09-14 00:00:00-04:00,218.67274867561216,218.67274867561216,215.7762897489844,216.84088134765625,241400,0.0,0.0
2018-09-17 00:00:00-04:00,216.5243560607061,217.76159151560668,213.6662692797485,214.79800415039062,244700,0.0,0.0
2018-09-18 00:00:00-04:00,214.86513164705968,215.13367592640822,210.0792628212311,214.34722900390625,302200,0.0,0.0
2018-09-19 00:00:00-04:00,214.45274310708407,215.77627867172149,211.00000981984186,211.6234130859375,243000,0.0,0.0
2018-09-20 00:00:00-04:00,212.67842356553678,213.8772872834936,210.2039670955259,210.95205688476562,353800,0.0,0.0
2018-09-21 00:00:00-04:00,211.5658486874075,213.4456732068166,207.56644156884312,207.8541717529297,933100,0.0,0.0
2018-09-24 00:00:00-04:00,208.1035267323477,208.41044282627982,204.90975247337022,207.25953674316406,344900,0.0,0.0
2018-09-25 00:00:00-04:00,207.50890634247875,208.22822451274044,206.36758583746635,207.22117614746094,290500,0.0,0.0
2018-09-26 00:00:00-04:00,207.0677413636311,210.14642991756065,206.24292251698387,208.1035614013672,235100,0.0,0.0
2018-09-27 00:00:00-04:00,208.49793893575477,210.26788331453,207.12238864466542,208.90194702148438,248600,0.64,0.0
2018-09-28 00:00:00-04:00,207.95926041776514,211.01818505591353,207.62257967579353,210.08511352539062,316600,0.0,0.0
2018-10-01 00:00:00-04:00,211.5472460657169,212.46107491186433,208.10354137957896,208.55564880371094,189800,0.0,0.0
2018-10-02 00:00:00-04:00,208.35366344229897,210.81619739754476,207.61297458489983,209.58493041992188,182200,0.0,0.0
2018-10-03 00:00:00-04:00,209.7580762203531,211.624219412723,209.7099768712781,209.90237426757812,193300,0.0,0.0
2018-10-04 00:00:00-04:00,209.2770699530206,210.01775868164836,205.81413768469693,206.3335723876953,303400,0.0,0.0
2018-10-05 00:00:00-04:00,206.76649690299828,208.59416958360833,203.66908642669816,206.35287475585938,154500,0.0,0.0
2018-10-08 00:00:00-04:00,205.69873136951742,207.94963992898474,204.3424090280973,207.0550537109375,188900,0.0,0.0
2018-10-09 00:00:00-04:00,207.70916188396285,208.1805120148197,202.64942452654256,203.10153198242188,269400,0.0,0.0
2018-10-10 00:00:00-04:00,203.6882972540215,203.6882972540215,196.45459304811578,197.00289916992188,420800,0.0,0.0
2018-10-11 00:00:00-04:00,196.3776375199633,198.22455259328075,190.72150964570474,190.9427490234375,442600,0.0,0.0
2018-10-12 00:00:00-04:00,194.67505704531834,196.9452084553512,186.07541556258482,189.6922607421875,383700,0.0,0.0
2018-10-15 00:00:00-04:00,189.8172805373698,193.2705990174504,189.2112611157356,192.10667419433594,396700,0.0,0.0
2018-10-16 00:00:00-04:00,192.9146849802494,196.43534537794667,191.25055346333667,196.0794219970703,289600,0.0,0.0
2018-10-17 00:00:00-04:00,195.51189220533126,195.95438560289747,191.07740294384263,193.0974578857422,310900,0.0,0.0
2018-10-18 00:00:00-04:00,191.85655204707268,192.78000945937032,187.84531372680303,189.5094451904297,431800,0.0,0.0
2018-10-19 00:00:00-04:00,190.4232907072551,190.74071405969443,184.90181819959906,185.76754760742188,357500,0.0,0.0
2018-10-22 00:00:00-04:00,179.59197456597346,188.86496092644828,170.60756957304915,187.4797821044922,1211500,0.0,0.0
2018-10-23 00:00:00-04:00,183.64171990193987,192.73193864037108,179.82286369641028,189.93272399902344,744000,0.0,0.0
2018-10-24 00:00:00-04:00,188.99963605542095,194.39605348560784,188.92268004319632,190.1443328857422,700100,0.0,0.0
2018-10-25 00:00:00-04:00,191.03895190342368,199.0710437984677,190.62531513300155,197.3299560546875,710900,0.0,0.0
2018-10-26 00:00:00-04:00,193.9728047912598,195.1559869790292,189.4998447830074,191.4910430908203,693700,0.0,0.0
2018-10-29 00:00:00-04:00,193.41491714564486,198.4554117003171,190.08663899619958,192.24136352539062,438000,0.0,0.0
2018-10-30 00:00:00-04:00,192.27021040043024,201.85100690770025,192.1547690372345,201.35081481933594,595300,0.0,0.0
2018-10-31 00:00:00-04:00,203.16884699649523,204.98689057687898,198.6189163690372,202.86102294921875,496200,0.0,0.0
2018-11-01 00:00:00-04:00,203.50551432727588,206.4778687480953,199.99448249816203,204.60211181640625,284900,0.0,0.0
2018-11-02 00:00:00-04:00,205.94882221082378,206.1412049047146,200.70630206568183,204.38087463378906,376200,0.0,0.0
2018-11-05 00:00:00-05:00,204.7367796669767,207.18969933405393,202.81292340697235,206.18930053710938,350200,0.0,0.0
2018-11-06 00:00:00-05:00,205.8430236509653,206.53561313877972,203.27467708276168,204.59251403808594,238600,0.0,0.0
2018-11-07 00:00:00-05:00,206.7279966280005,208.796136423305,203.3323911963861,208.4883270263672,169700,0.0,0.0
2018-11-08 00:00:00-05:00,207.54560961882103,209.4790945686142,205.57366867965234,207.1416015625,251600,0.0,0.0
2018-11-09 00:00:00-05:00,206.00652847633674,206.43939319218993,201.84137798017255,203.6882781982422,302600,0.0,0.0
2018-11-12 00:00:00-05:00,204.05383295442147,206.81456218056798,202.67826800138474,204.64060974121094,229200,0.0,0.0
2018-11-13 00:00:00-05:00,205.80452654482795,212.96127439145863,205.14079376710444,210.79693603515625,371200,0.0,0.0
2018-11-14 00:00:00-05:00,212.63424379258268,212.82662650809135,205.84303265788947,207.01658630371094,294600,0.0,0.0
2018-11-15 00:00:00-05:00,204.85224810557816,208.25746767770798,201.27387381467,207.0069580078125,300900,0.0,0.0
2018-11-16 00:00:00-05:00,205.41977855870581,209.03662345656792,205.1889104971086,207.64183044433594,226400,0.0,0.0
2018-11-19 00:00:00-05:00,207.38209176815323,211.22980446894343,207.24742241073994,208.2093505859375,184700,0.0,0.0
2018-11-20 00:00:00-05:00,205.6602618871196,209.64264423760764,203.27468394734214,204.50595092773438,326400,0.0,0.0
2018-11-21 00:00:00-05:00,204.9772557942239,208.25743414571767,204.86182911886368,205.67947387695312,226600,0.0,0.0
2018-11-23 00:00:00-05:00,204.49629999397936,206.57406830144362,203.55361452550076,203.81333923339844,189300,0.0,0.0
2018-11-26 00:00:00-05:00,206.1027252701001,208.89232578131933,205.2658524556639,208.41136169433594,134800,0.0,0.0
2018-11-27 00:00:00-05:00,206.88190291597476,207.04542894696905,202.1780599750543,206.80494689941406,208700,0.0,0.0
2018-11-28 00:00:00-05:00,207.5263840883341,212.79774623350534,205.33318908348699,212.3841094970703,165800,0.0,0.0
2018-11-29 00:00:00-05:00,211.11437965390562,215.73163787130392,209.38290598764885,214.0482635498047,191900,0.0,0.0
2018-11-30 00:00:00-05:00,214.26949240870022,218.48274234355034,213.34603493938815,217.30918884277344,250100,0.0,0.0
2018-12-03 00:00:00-05:00,220.28153983250277,221.87834403694401,212.43220283805599,217.1552734375,265500,0.0,0.0
2018-12-04 00:00:00-05:00,216.35685654198346,216.35685654198346,206.3431819587534,207.17044067382812,234500,0.0,0.0
2018-12-06 00:00:00-05:00,203.78447366743586,209.02697887200964,203.78447366743586,208.42095947265625,474100,0.0,0.0
2018-12-07 00:00:00-05:00,207.94961976752631,210.0177740902362,202.89949699591136,203.0149383544922,221200,0.0,0.0
2018-12-10 00:00:00-05:00,203.66902085595066,203.66902085595066,197.14714988514646,199.96560668945312,291100,0.0,0.0
2018-12-11 00:00:00-05:00,202.4281724423206,204.34240016351995,198.62855899378891,199.359619140625,260000,0.0,0.0
2018-12-12 00:00:00-05:00,202.00490994565317,207.79572147389564,201.2738498413075,205.5640411376953,310800,0.0,0.0
2018-12-13 00:00:00-05:00,207.6129608405368,212.5091717538099,207.30513677757952,208.97889709472656,299500,0.0,0.0
2018-12-14 00:00:00-05:00,206.40093064940848,209.61376715485997,204.4578316722913,205.73719787597656,306800,0.0,0.0
2018-12-17 00:00:00-05:00,204.77525676057877,204.77525676057877,201.25459642394603,202.1876678466797,415900,0.0,0.0
2018-12-18 00:00:00-05:00,204.1115266261151,208.04580904666693,203.06302851600663,206.06423950195312,313100,0.0,0.0
2018-12-19 00:00:00-05:00,206.00654011082392,210.68151159735154,203.0053142438367,203.54400634765625,313200,0.0,0.0
2018-12-20 00:00:00-05:00,203.06305185229274,204.6021281880205,200.30230789708997,202.0530242919922,196400,0.0,0.0
2018-12-21 00:00:00-05:00,202.3030977742175,206.40092090264127,198.38805801238442,198.6285400390625,366900,0.0,0.0
2018-12-24 00:00:00-05:00,198.10909916862238,201.62014571595577,195.87743349748314,197.1471710205078,188100,0.0,0.0
2018-12-26 00:00:00-05:00,197.3876705855238,207.02619559533133,196.5604117175705,206.8819122314453,171700,0.0,0.0
2018-12-27 00:00:00-05:00,204.05384285959832,210.78734055977642,203.84221747193533,210.75848388671875,197700,0.0,0.0
2018-12-28 00:00:00-05:00,211.24082955585817,212.74583123780045,208.32729197723296,210.31466674804688,227500,0.64,0.0
2018-12-31 00:00:00-05:00,211.4820457600197,212.6107971797804,209.19558698791525,211.14437866210938,196400,0.0,0.0
2019-01-02 00:00:00-05:00,208.3755562255846,209.86125903321636,205.95403361925128,208.5106201171875,251200,0.0,0.0
2019-01-03 00:00:00-05:00,207.3336390708809,208.41415025896498,202.97298150047445,204.7674102783203,217300,0.0,0.0
2019-01-04 00:00:00-05:00,208.28870493540512,212.12840552552387,208.05717526181428,211.867919921875,182100,0.0,0.0
2019-01-07 00:00:00-05:00,212.14768324374646,213.66234184198868,210.2181908460012,211.269775390625,248000,0.0,0.0
2019-01-08 00:00:00-05:00,213.49835997550866,214.36662576058612,210.90319006294416,214.10614013671875,287300,0.0,0.0
2019-01-09 00:00:00-05:00,215.05159877932655,218.8816427237079,213.72988635342475,216.7784881591797,182600,0.0,0.0
2019-01-10 00:00:00-05:00,215.61114946598207,217.3283966511766,214.4438000005652,217.12579345703125,217800,0.0,0.0
2019-01-11 00:00:00-05:00,216.56622031973802,218.93950242114192,215.80407730783506,217.10647583007812,198300,0.0,0.0
2019-01-14 00:00:00-05:00,215.91986881663948,217.72393970174448,214.77181835489614,216.2478790283203,133000,0.0,0.0
2019-01-15 00:00:00-05:00,216.65309454062788,217.7336057402323,211.5785193263549,216.48907470703125,193100,0.0,0.0
2019-01-16 00:00:00-05:00,216.151393772938,217.1836645746268,211.86791819608874,212.32135009765625,225700,0.0,0.0
2019-01-17 00:00:00-05:00,211.58816061075936,215.76549903725595,211.58816061075936,212.8616180419922,407200,0.0,0.0
2019-01-18 00:00:00-05:00,214.89725024590638,217.87831294526717,214.39557802023646,217.4248809814453,335500,0.0,0.0
2019-01-22 00:00:00-05:00,216.75919704621631,216.98109929979273,214.2122673392688,216.08387756347656,383600,0.0,0.0
2019-01-23 00:00:00-05:00,216.8363633544637,217.68534477102727,214.82004721098485,216.82672119140625,195600,0.0,0.0
2019-01-24 00:00:00-05:00,216.86529751141535,218.987750983796,216.21891930695728,217.61781311035156,173000,0.0,0.0
2019-01-25 00:00:00-05:00,219.76915887055773,220.65672349322207,216.02593938817864,216.39254760742188,237300,0.0,0.0
2019-01-28 00:00:00-05:00,214.95510626278173,217.01002045398536,214.1350807955558,216.05491638183594,298000,0.0,0.0
2019-01-29 00:00:00-05:00,215.74617529173779,219.93316983735215,215.74617529173779,218.7465362548828,308200,0.0,0.0
2019-01-30 00:00:00-05:00,219.63413951263882,220.0007330853069,215.15771740558682,216.3829345703125,274100,0.0,0.0
2019-01-31 00:00:00-05:00,215.8137504703879,222.51873450087464,214.89724440363543,221.19703674316406,494000,0.0,0.0
2019-02-01 00:00:00-05:00,221.19699399500777,222.79847612181445,220.0586006148238,221.6793670654297,288000,0.0,0.0
2019-02-04 00:00:00-05:00,222.24861009343502,225.16214816808423,221.91095770625526,224.2842254638672,252800,0.0,0.0
2019-02-05 00:00:00-05:00,227.8247955695472,229.34909624057468,220.74356241950878,226.7828826904297,622400,0.0,0.0
2019-02-06 00:00:00-05:00,226.7925578853593,230.5743615467356,225.6348652903845,226.7057342529297,241100,0.0,0.0
2019-02-07 00:00:00-05:00,225.98216797171375,228.11424895064837,223.72465054814938,224.7183380126953,192300,0.0,0.0
2019-02-08 00:00:00-05:00,223.63782741396963,225.05600558901074,222.28718854291125,224.9981231689453,201300,0.0,0.0
2019-02-11 00:00:00-05:00,225.5094452608296,229.75432304798352,225.5094452608296,229.22372436523438,373500,0.0,0.0
2019-02-12 00:00:00-05:00,231.11460865252525,237.09603244173434,231.11460865252525,235.29196166992188,516000,0.0,0.0
2019-02-13 00:00:00-05:00,236.23742349202948,238.59140683652302,233.1598804172626,235.9383544921875,292400,0.0,0.0
2019-02-14 00:00:00-05:00,234.9060756452634,238.22479046356543,234.9060756452634,235.61033630371094,298600,0.0,0.0
2019-02-15 00:00:00-05:00,237.01885578530326,240.33758529876735,236.20847245411593,238.01255798339844,246400,0.0,0.0
2019-02-19 00:00:00-05:00,237.12497323199676,239.07376476997533,236.31458991868828,237.9835968017578,280000,0.0,0.0
2019-02-20 00:00:00-05:00,238.15726373517418,239.83592753697096,236.3049526715673,239.7780303955078,274100,0.0,0.0
2019-02-21 00:00:00-05:00,238.88082419629592,240.9936208802161,238.20550475233645,240.15428161621094,189900,0.0,0.0
2019-02-22 00:00:00-05:00,240.8006840731164,241.55318501477498,238.47564194064955,239.93240356445312,318600,0.0,0.0
2019-02-25 00:00:00-05:00,241.7557324287824,241.76538931156094,238.0704098175603,239.2184600830078,264300,0.0,0.0
2019-02-26 00:00:00-05:00,236.87414662792293,240.2604006808251,236.4785971306748,236.78732299804688,265000,0.0,0.0
2019-02-27 00:00:00-05:00,235.5138487683265,238.16690094376176,235.45596634892723,237.9835968017578,168100,0.0,0.0
2019-02-28 00:00:00-05:00,237.73277051748838,237.76171172748505,235.27266462175336,236.60401916503906,164100,0.0,0.0
2019-03-01 00:00:00-05:00,238.2826622391949,239.72012461362732,235.50418855412332,236.94166564941406,243700,0.0,0.0
2019-03-04 00:00:00-05:00,237.655553374548,238.80360360160714,235.01215845260415,236.7583465576172,198000,0.0,0.0
2019-03-05 00:00:00-05:00,237.10568296701692,240.20251009418263,235.21477389580164,238.96763610839844,376900,0.0,0.0
2019-03-06 00:00:00-05:00,237.44330859582183,238.2344074744099,234.66484980085818,237.31790161132812,216000,0.0,0.0
2019-03-07 00:00:00-05:00,236.6136782670535,236.67157541205128,233.9606258744577,235.40774536132812,220300,0.0,0.0
2019-03-08 00:00:00-05:00,233.55542314117895,235.9480045120267,233.06340783841733,235.5235137939453,135000,0.0,0.0
2019-03-11 00:00:00-04:00,235.90938926646288,237.182861328125,234.95428522021632,237.182861328125,191600,0.0,0.0
2019-03-12 00:00:00-04:00,237.13462888801035,239.32460697605325,235.97693634344097,238.71681213378906,244900,0.0,0.0
2019-03-13 00:00:00-04:00,239.58508273686832,242.07412985481014,238.5528118932505,239.48861694335938,265300,0.0,0.0
2019-03-14 00:00:00-04:00,239.09307936256593,240.2893700844181,238.19585764096172,239.46932983398438,191300,0.0,0.0
2019-03-15 00:00:00-04:00,239.87449160731506,242.54684267004723,239.19917221985347,241.3312530517578,362000,0.0,0.0
2019-03-18 00:00:00-04:00,241.19621701811315,243.94574985980003,239.96134293252626,243.3572540283203,191400,0.0,0.0
2019-03-19 00:00:00-04:00,243.7720716635911,245.9041673207297,243.06781103368004,243.9071502685547,374400,0.0,0.0
2019-03-20 00:00:00-04:00,243.11605350227836,250.2744835875351,243.11605350227836,247.5442352294922,413600,0.0,0.0
2019-03-21 00:00:00-04:00,246.01992162638274,252.88892453767775,246.01992162638274,251.18130493164062,311500,0.0,0.0
2019-03-22 00:00:00-04:00,249.3869137593886,253.06259473644278,247.60212725032943,248.06521606445312,290600,0.0,0.0
2019-03-25 00:00:00-04:00,248.952775211636,253.59320263895222,248.49934326518394,250.99806213378906,274800,0.0,0.0
2019-03-26 00:00:00-04:00,252.71528016338047,254.18168379588636,251.36461192307613,252.86961364746094,267500,0.0,0.0
2019-03-27 00:00:00-04:00,253.46776178619604,255.30077354812371,250.9883571616602,253.58352661132812,281400,0.0,0.0
2019-03-28 00:00:00-04:00,254.74122782192893,256.1594059441535,251.33567484022208,254.93418884277344,348300,0.0,0.0
2019-03-29 00:00:00-04:00,256.5105319115399,256.82968762852255,253.72531244389748,255.69818115234375,363000,0.64,0.0
2019-04-01 00:00:00-04:00,257.99022622628405,261.11393316257465,257.4970310881773,259.0346984863281,470900,0.0,0.0
2019-04-02 00:00:00-04:00,259.2474405965271,259.42150945633045,256.93608474295615,258.6575012207031,412800,0.0,0.0
2019-04-03 00:00:00-04:00,260.2241268382222,262.4871396062818,258.8605582017177,260.97845458984375,382900,0.0,0.0
2019-04-04 00:00:00-04:00,261.50076463549044,262.8256713617405,259.66330210609544,261.5877990722656,396200,0.0,0.0
2019-04-05 00:00:00-04:00,262.7193079364742,264.9049377441406,262.2454439390683,264.9049377441406,356200,0.0,0.0
2019-04-08 00:00:00-04:00,264.52767928022627,267.8544656166593,263.8023630065248,267.2645263671875,282800,0.0,0.0
2019-04-09 00:00:00-04:00,264.015161041823,265.3303872381867,262.9997299200186,263.8894348144531,540100,0.0,0.0
2019-04-10 00:00:00-04:00,264.26659516882006,264.479355805029,259.208712029469,260.9107971191406,429300,0.0,0.0
2019-04-11 00:00:00-04:00,261.84885160372227,262.71922521779027,261.2395812199164,262.1099548339844,366000,0.0,0.0
2019-04-12 00:00:00-04:00,262.9803518135938,265.7655712366308,262.5645108684979,264.4986877441406,323500,0.0,0.0
2019-04-15 00:00:00-04:00,265.32074253872014,267.93186384635504,265.32074253872014,267.2452392578125,306900,0.0,0.0
2019-04-16 00:00:00-04:00,265.97833122015874,266.8100426215046,262.00361191681054,263.01904296875,512200,0.0,0.0
2019-04-17 00:00:00-04:00,263.2511700246274,265.078981578881,259.23775838237015,259.82769775390625,312300,0.0,0.0
2019-04-18 00:00:00-04:00,259.9340491414491,262.9610409068968,258.9186180088686,261.73284912109375,299500,0.0,0.0
2019-04-22 00:00:00-04:00,256.12371424123654,260.1468059340684,250.20513735622382,258.8218994140625,767000,0.0,0.0
2019-04-23 00:00:00-04:00,256.0560098541035,257.80643766665764,250.52426248957036,255.86260986328125,711400,0.0,0.0
2019-04-24 00:00:00-04:00,255.572482419871,258.06758742516524,254.6053938625447,257.1391906738281,466800,0.0,0.0
2019-04-25 00:00:00-04:00,256.6459669794892,260.3885949875604,254.88585871571797,260.0984802246094,372000,0.0,0.0
2019-04-26 00:00:00-04:00,260.12751003887126,264.0151957024845,259.3925132366468,262.4485168457031,477900,0.0,0.0
2019-04-29 00:00:00-04:00,262.6902371294768,266.5295794087686,260.3208586511574,265.6205139160156,366600,0.0,0.0
2019-04-30 00:00:00-04:00,265.0112495578187,265.0112495578187,261.6554514205267,262.51617431640625,459900,0.0,0.0
2019-05-01 00:00:00-04:00,262.4968487759143,263.28018817238626,255.50481716198271,256.58795166015625,613800,0.0,0.0
2019-05-02 00:00:00-04:00,256.6459622220699,258.47374422118105,255.52413597078674,257.3229064941406,378100,0.0,0.0
2019-05-03 00:00:00-04:00,258.58979533193764,264.31494244006217,258.58979533193764,263.0577392578125,294300,0.0,0.0
2019-05-06 00:00:00-04:00,258.8702420140145,263.43490090426565,258.8702420140145,262.0519714355469,200400,0.0,0.0
2019-05-07 00:00:00-04:00,260.2338564204558,261.36536301864504,255.35007100990381,257.0037841796875,320000,0.0,0.0
2019-05-08 00:00:00-04:00,257.2648783174532,261.75218323144645,256.01735537202626,260.2918701171875,335400,0.0,0.0
2019-05-09 00:00:00-04:00,258.8025964451885,261.44275925771365,257.0425174167104,261.11395263671875,256000,0.0,0.0
2019-05-10 00:00:00-04:00,260.91082178641005,269.23743983190775,259.78899555426545,267.6030578613281,374400,0.0,0.0
2019-05-13 00:00:00-04:00,262.8933562864821,264.63413343999787,259.19907082432906,262.9610595703125,385000,0.0,0.0
2019-05-14 00:00:00-04:00,263.4349013997472,267.54502752322423,262.88365387178374,265.7752685546875,232400,0.0,0.0
2019-05-15 00:00:00-04:00,264.00548228133795,267.1195084567606,263.15443967242254,266.35552978515625,192300,0.0,0.0
2019-05-16 00:00:00-04:00,266.91643905105747,269.3921833710547,264.6824668678818,265.1273193359375,632500,0.0,0.0
2019-05-17 00:00:00-04:00,263.9861767942096,269.4115296835665,263.1835062405842,267.4386901855469,395200,0.0,0.0
2019-05-20 00:00:00-04:00,266.5682898948509,267.41930298883517,264.324637478313,264.8758850097656,220600,0.0,0.0
2019-05-21 00:00:00-04:00,267.02277361001626,272.54486982313017,265.6495245597656,271.3650207519531,253100,0.0,0.0
2019-05-22 00:00:00-04:00,269.9821241907987,272.9124013243844,268.2316667586062,268.579833984375,177800,0.0,0.0
2019-05-23 00:00:00-04:00,266.99379752760075,268.5121336549085,263.75407445162153,267.2742614746094,234500,0.0,0.0
2019-05-24 00:00:00-04:00,263.08684057497675,266.7327546591381,263.08684057497675,265.30145263671875,185100,0.0,0.0
2019-05-28 00:00:00-04:00,266.6939786518657,266.6939786518657,260.9784822117621,262.4194641113281,368500,0.0,0.0
2019-05-29 00:00:00-04:00,261.1429438881687,261.1429438881687,258.46411898412765,260.64971923828125,266000,0.0,0.0
2019-05-30 00:00:00-04:00,261.43301224757715,267.1678692858048,259.392469748938,266.9551086425781,216600,0.0,0.0
2019-05-31 00:00:00-04:00,260.97848337640517,261.6554571185403,253.3771820803304,255.417724609375,703300,0.0,0.0
2019-06-03 00:00:00-04:00,255.52410859488222,260.89143762735097,255.36937090302115,260.5046081542969,291500,0.0,0.0
2019-06-04 00:00:00-04:00,261.88756653804853,269.68229786032794,260.4562943779438,269.4792175292969,239300,0.0,0.0
2019-06-05 00:00:00-04:00,271.70352229820776,271.70352229820776,266.2974716828648,268.8312683105469,329500,0.0,0.0
2019-06-06 00:00:00-04:00,269.7693261457768,269.7693261457768,264.1408644669413,269.0826721191406,617300,0.0,0.0
2019-06-07 00:00:00-04:00,268.24132509910316,269.8080037036323,264.1311990878541,269.150390625,347400,0.0,0.0
2019-06-10 00:00:00-04:00,271.7131998552835,277.9606133472736,270.95887194151766,276.1037902832031,274700,0.0,0.0
2019-06-11 00:00:00-04:00,277.2062431627967,277.2062431627967,269.0923570271616,271.3650207519531,273700,0.0,0.0
2019-06-12 00:00:00-04:00,270.6203482436043,273.4829513079192,268.10594188169154,271.4037170410156,230100,0.0,0.0
2019-06-13 00:00:00-04:00,272.593258822313,274.15028681439213,267.3516551403514,268.0672912597656,264600,0.0,0.0
2019-06-14 00:00:00-04:00,267.20654067861614,267.32261608967445,263.1254260290978,266.7616882324219,326300,0.0,0.0
2019-06-17 00:00:00-04:00,265.94930497325464,267.2645310060614,263.13507424086333,263.30914306640625,289900,0.0,0.0
2019-06-18 00:00:00-04:00,264.87587937666916,266.6263071738181,260.4756090611083,261.8778991699219,294200,0.0,0.0
2019-06-19 00:00:00-04:00,262.50654158114554,263.338223641338,258.4737689853017,262.400146484375,158000,0.0,0.0
2019-06-20 00:00:00-04:00,264.7985470071687,265.82365863877266,258.1739836991287,263.19317626953125,324200,0.0,0.0
2019-06-21 00:00:00-04:00,261.5974752097991,262.8546786273377,259.2957995412936,259.44085693359375,402400,0.0,0.0
2019-06-24 00:00:00-04:00,259.93406885701444,262.7676313296538,259.1507294637346,261.5684509277344,417300,0.0,0.0
2019-06-25 00:00:00-04:00,262.34207370832354,265.8235980376194,259.83731815961835,261.9359130859375,295900,0.0,0.0
2019-06-26 00:00:00-04:00,262.4871650827315,264.3439584146955,261.30731597073856,261.974609375,302300,0.0,0.0
2019-06-27 00:00:00-04:00,262.21703512507844,265.20417483739504,260.0057893108493,265.0877685546875,186900,0.77,0.0
2019-06-28 00:00:00-04:00,264.6901932873848,267.95856722501867,264.65139118798754,266.70745849609375,349800,0.0,0.0
2019-07-01 00:00:00-04:00,269.42302998473605,274.7280853038902,267.8034048031384,274.5729064941406,344800,0.0,0.0
2019-07-02 00:00:00-04:00,274.747510271271,277.65704645663595,273.5545897802316,276.01800537109375,465000,0.0,0.0
2019-07-03 00:00:00-04:00,277.036294414655,280.14948943240046,274.29164533369686,279.8682556152344,208600,0.0,0.0
2019-07-05 00:00:00-04:00,279.3251801312139,279.7519144704266,275.8531170619227,279.36395263671875,248100,0.0,0.0
2019-07-08 00:00:00-04:00,275.17420499467505,279.79064828461514,274.3983110318876,278.7335205078125,441800,0.0,0.0
2019-07-09 00:00:00-04:00,278.84987535470265,282.39951226335046,277.7733614121745,278.79168701171875,504400,0.0,0.0
2019-07-10 00:00:00-04:00,279.2960612200946,282.24436963332346,275.65914133114757,275.8434143066406,465600,0.0,0.0
2019-07-11 00:00:00-04:00,275.6785764603555,278.51053827215117,274.6505426239278,276.03741455078125,320200,0.0,0.0
2019-07-12 00:00:00-04:00,276.2022204727125,281.36177439935835,276.2022204727125,280.7410888671875,291200,0.0,0.0
2019-07-15 00:00:00-04:00,282.8068825606847,286.0170679901633,281.6915664357834,283.87371826171875,512400,0.0,0.0
2019-07-16 00:00:00-04:00,284.41682972222515,289.4891014773132,279.315434195973,283.5439453125,587600,0.0,0.0
2019-07-17 00:00:00-04:00,284.1064929688136,284.61080188471925,276.939321782708,277.4533386230469,313100,0.0,0.0
2019-07-18 00:00:00-04:00,276.4156025794769,279.8197392611611,274.69895755458725,275.3972473144531,402500,0.0,0.0
2019-07-19 00:00:00-04:00,276.4835054559564,279.1409018997787,270.4898681640625,270.4898681640625,457100,0.0,0.0
2019-07-22 00:00:00-04:00,256.7181187850127,263.79797918146306,255.06936957619408,256.0392150878906,1073900,0.0,0.0
2019-07-23 00:00:00-04:00,256.28160946658727,256.66954165038226,250.00670946245262,256.54345703125,754200,0.0,0.0
2019-07-24 00:00:00-04:00,255.53485336689783,256.01006809845757,251.90761177516626,252.5089111328125,437500,0.0,0.0
2019-07-25 00:00:00-04:00,252.5089292007275,254.18677236496544,251.20933994181442,252.82899475097656,250600,0.0,0.0
2019-07-26 00:00:00-04:00,252.82895869293893,256.2816053892424,251.21901203834133,255.1274871826172,215700,0.0,0.0
2019-07-29 00:00:00-04:00,254.4680251558649,254.69107064187048,247.3590570347215,248.08644104003906,271800,0.0,0.0
2019-07-30 00:00:00-04:00,246.87414576324488,252.17918640553432,245.86549827538036,251.88824462890625,264900,0.0,0.0
2019-07-31 00:00:00-04:00,251.8106405131118,253.6145385114852,247.11657815180334,248.7459259033203,318000,0.0,0.0
2019-08-01 00:00:00-04:00,248.9786806657332,251.00565374274274,243.00443020844398,246.4570770263672,400700,0.0,0.0
2019-08-02 00:00:00-04:00,246.51525640150115,248.3288622676837,243.97426660413345,245.58421325683594,255700,0.0,0.0
2019-08-05 00:00:00-04:00,242.47102817754958,243.88700888566413,240.59923377431014,242.70379638671875,312200,0.0,0.0
2019-08-06 00:00:00-04:00,243.65420645535306,246.83529754055465,241.80181336271198,245.89454650878906,284200,0.0,0.0
2019-08-07 00:00:00-04:00,243.84818050967633,248.15429572398793,241.84060856707444,247.09716796875,359500,0.0,0.0
2019-08-08 00:00:00-04:00,248.56163557310762,252.11127257075128,248.56163557310762,251.03472900390625,390100,0.0,0.0
2019-08-09 00:00:00-04:00,250.2685657768784,252.38285100753728,248.84289201365857,250.0358123779297,210900,0.0,0.0
2019-08-12 00:00:00-04:00,249.10475591046446,249.10475591046446,245.00229988862895,245.3805389404297,194900,0.0,0.0
2019-08-13 00:00:00-04:00,244.99258905427806,249.75451759332827,244.99258905427806,246.81590270996094,184200,0.0,0.0
2019-08-14 00:00:00-04:00,243.1595846256208,245.2738400138985,240.7931600194899,241.42355346679688,244200,0.0,0.0
2019-08-15 00:00:00-04:00,241.76304059504983,244.32343165223838,240.7641010976517,243.45057678222656,154600,0.0,0.0
2019-08-16 00:00:00-04:00,245.06050408157412,248.57133934318935,244.65317083011587,248.3967742919922,221000,0.0,0.0
2019-08-19 00:00:00-04:00,250.80201109773964,253.2751048783146,240.76410589909662,249.51210021972656,210900,0.0,0.0
2019-08-20 00:00:00-04:00,248.85259704532908,251.33539859635619,245.7781892810756,250.65652465820312,256800,0.0,0.0
2019-08-21 00:00:00-04:00,253.12960018352578,254.8171213802713,250.70498715494793,253.5175323486328,367700,0.0,0.0
2019-08-22 00:00:00-04:00,254.29345098747507,255.69970892230896,247.80516872604375,248.8428955078125,293200,0.0,0.0
2019-08-23 00:00:00-04:00,247.9894738893127,251.82036038422828,243.26633137320502,244.11009216308594,274600,0.0,0.0
2019-08-26 00:00:00-04:00,245.53573338960643,245.57453548894793,241.81153098072465,242.40313720703125,260200,0.0,0.0
2019-08-27 00:00:00-04:00,243.39235861864825,244.22642608504577,238.63041512097553,239.939697265625,334800,0.0,0.0
2019-08-28 00:00:00-04:00,239.10563781188446,241.50115672709316,239.10563781188446,241.14231872558594,240200,0.0,0.0
2019-08-29 00:00:00-04:00,242.7522632568423,246.2534051179561,241.09382140740365,244.4106903076172,273300,0.0,0.0
2019-08-30 00:00:00-04:00,245.67150612808476,246.7383418582389,243.98398480777766,246.12733459472656,257200,0.0,0.0
2019-09-03 00:00:00-04:00,245.0993169681948,245.0993169681948,237.28236584903343,238.98928833007812,322600,0.0,0.0
2019-09-04 00:00:00-04:00,241.76301675002784,245.21566338675368,240.94835031187847,245.1865692138672,338000,0.0,0.0
2019-09-05 00:00:00-04:00,245.90426882975308,249.50240125864818,242.84924737910683,244.06155395507812,390200,0.0,0.0
2019-09-06 00:00:00-04:00,245.28357814053257,247.70819138821804,239.36751589671408,239.590576171875,446100,0.0,0.0
2019-09-09 00:00:00-04:00,241.171431504767,241.171431504767,232.0936788096054,233.95578002929688,676600,0.0,0.0
2019-09-10 00:00:00-04:00,233.6357326646421,238.00974454763644,227.3511391078739,234.31463623046875,628100,0.0,0.0
2019-09-11 00:00:00-04:00,235.95362085793226,240.12395797726106,227.67114975935493,234.7510223388672,791000,0.0,0.0
2019-09-12 00:00:00-04:00,235.32325837107777,235.32325837107777,225.4211315414471,226.02244567871094,554500,0.0,0.0
2019-09-13 00:00:00-04:00,226.76922495471354,230.95894876705444,225.97394474110706,227.91363525390625,461000,0.0,0.0
2019-09-16 00:00:00-04:00,226.9437673879755,229.3877813342408,224.8586062139186,227.72933959960938,401100,0.0,0.0
2019-09-17 00:00:00-04:00,228.46645975643875,232.27794460420515,228.11731486362572,230.38674926757812,273500,0.0,0.0
2019-09-18 00:00:00-04:00,229.7078787319453,231.64756944600464,227.5742071075474,231.15293884277344,271300,0.0,0.0
2019-09-19 00:00:00-04:00,232.11307650990392,237.0980807403076,231.01714658965108,234.57647705078125,646200,0.0,0.0
2019-09-20 00:00:00-04:00,235.91483019226854,236.49674319545542,231.0268172004157,231.82208251953125,563800,0.0,0.0
2019-09-23 00:00:00-04:00,231.4244782544198,233.35447570812335,230.47403401429688,231.8900146484375,231100,0.0,0.0
2019-09-24 00:00:00-04:00,231.90938386178217,234.20792709221922,231.06562325744278,232.58828735351562,327200,0.0,0.0
2019-09-25 00:00:00-04:00,233.44174388222464,234.8771106788817,232.35552196028567,233.15078735351562,267300,0.0,0.0
2019-09-26 00:00:00-04:00,233.00531416693232,234.66375600498515,231.85119598703938,233.81028747558594,202000,0.0,0.0
2019-09-27 00:00:00-04:00,234.8286602138086,234.84804646584223,231.6087665363453,234.2952423095703,190000,0.0,0.0
2019-09-30 00:00:00-04:00,234.46062085749026,237.02919877654793,233.37092563303668,236.39678955078125,305900,0.77,0.0
2019-10-01 00:00:00-04:00,238.0702400910881,239.3253343257578,230.81205393010356,231.90176391601562,330800,0.0,0.0
2019-10-02 00:00:00-04:00,230.16020253971936,230.2088528298739,223.30092731548663,224.3614501953125,363800,0.0,0.0
2019-10-03 00:00:00-04:00,223.85550590310422,227.49433072529538,221.40367685755356,226.18084716796875,408200,0.0,0.0
2019-10-04 00:00:00-04:00,226.45327232521677,230.71478226512363,225.14952772534937,230.60775756835938,302800,0.0,0.0
2019-10-07 00:00:00-04:00,229.4402217530085,229.96560626436215,226.51164365677334,227.4456787109375,351100,0.0,0.0
2019-10-08 00:00:00-04:00,225.13006428506588,227.8640412619265,223.41768398552617,226.1419219970703,304900,0.0,0.0
2019-10-09 00:00:00-04:00,228.40888869483226,229.595884475832,224.61440372015022,224.70196533203125,296900,0.0,0.0
2019-10-10 00:00:00-04:00,224.68251178621983,227.3483903469855,224.48792546956184,226.33653259277344,406100,0.0,0.0
2019-10-11 00:00:00-04:00,229.67373645083237,236.21193777793331,229.4013126327019,231.72665405273438,445900,0.0,0.0
2019-10-14 00:00:00-04:00,230.63692990451372,235.68652371962753,229.80019546901917,234.10061645507812,373500,0.0,0.0
2019-10-15 00:00:00-04:00,234.39250873184835,237.45728379582843,233.46821266858316,235.74490356445312,326500,0.0,0.0
2019-10-16 00:00:00-04:00,234.89846647422675,237.61299552419544,234.12012115066617,235.1903533935547,396300,0.0,0.0
2019-10-17 00:00:00-04:00,236.82489393991324,244.5987264092784,236.82489393991324,244.0538787841797,409400,0.0,0.0
2019-10-18 00:00:00-04:00,242.50687436042762,247.77051760366376,241.72851432207017,246.48622131347656,603700,0.0,0.0
2019-10-21 00:00:00-04:00,234.56765316050567,248.41269166153535,230.47155697051932,241.45611572265625,786600,0.0,0.0
2019-10-22 00:00:00-04:00,242.75985238554244,244.79332165677093,236.4065135428515,240.86260986328125,475800,0.0,0.0
2019-10-23 00:00:00-04:00,238.42053053953575,239.15024037702912,232.06719140877212,232.80662536621094,451500,0.0,0.0
2019-10-24 00:00:00-04:00,233.25418288786446,238.58592517687748,231.405575759984,238.255126953125,334100,0.0,0.0
2019-10-25 00:00:00-04:00,238.25513657308022,240.81397569658216,236.04654392699842,236.5038299560547,203200,0.0,0.0
2019-10-28 00:00:00-04:00,237.22380136993226,241.0766608488384,237.19459931925832,240.2107391357422,314000,0.0,0.0
2019-10-29 00:00:00-04:00,239.40319575250433,242.65283325972356,238.55673711066774,241.53395080566406,336900,0.0,0.0
2019-10-30 00:00:00-04:00,241.13504588230154,242.30257865928925,238.46918209661013,241.44639587402344,239900,0.0,0.0
2019-10-31 00:00:00-04:00,241.12528521987775,241.6312214567591,239.27667832765007,240.66799926757812,242000,0.0,0.0
2019-11-01 00:00:00-04:00,242.3998476097984,243.10037015376915,238.34266320279113,241.95228576660156,219000,0.0,0.0
2019-11-04 00:00:00-05:00,243.37279197982005,244.5403245950498,240.7653029673397,242.13714599609375,289500,0.0,0.0
2019-11-05 00:00:00-05:00,242.93499551347662,243.60633092285752,240.43451607227354,241.7869110107422,153100,0.0,0.0
2019-11-06 00:00:00-05:00,241.76747294810625,244.42361264634616,239.65618089607096,244.35549926757812,227100,0.0,0.0
2019-11-07 00:00:00-05:00,245.45493448906086,245.49386066164814,239.20861992744975,239.63671875,266100,0.0,0.0
2019-11-08 00:00:00-05:00,240.03559718676112,241.53392801259267,238.20645332360482,238.38157653808594,175800,0.0,0.0
2019-11-11 00:00:00-05:00,237.06812982567274,241.81609829135581,237.06812982567274,241.4269256591797,180200,0.0,0.0
2019-11-12 00:00:00-05:00,242.16634793717972,244.60845285133598,240.4734307381532,244.33602905273438,201100,0.0,0.0
2019-11-13 00:00:00-05:00,242.91552714549664,246.32083956286579,241.91339353606386,245.58140563964844,203300,0.0,0.0
2019-11-14 00:00:00-05:00,244.58898566463373,248.96724429927764,244.58898566463373,248.0915985107422,241700,0.0,0.0
2019-11-15 00:00:00-05:00,248.9867094413267,249.61911864427555,246.5154173444848,247.6537628173828,188300,0.0,0.0
2019-11-18 00:00:00-05:00,248.10132160423348,248.67535639314454,245.22139384867327,246.1846160888672,205000,0.0,0.0
2019-11-19 00:00:00-05:00,246.57380702071072,248.43213826800044,245.33817574175566,247.29379272460938,241200,0.0,0.0
2019-11-20 00:00:00-05:00,247.22568628284412,249.13265291389882,245.32842892525542,248.39321899414062,226800,0.0,0.0
2019-11-21 00:00:00-05:00,248.13051225599546,248.13051225599546,242.91551910419003,243.6549530029297,242100,0.0,0.0
2019-11-22 00:00:00-05:00,244.67655927404542,245.49384554220873,243.23660274268428,245.28952026367188,125100,0.0,0.0
2019-11-25 00:00:00-05:00,245.84409889824718,250.4947816855417,245.43546317568817,249.88182067871094,216400,0.0,0.0
2019-11-26 00:00:00-05:00,250.20285873350014,252.68385976962787,250.10555817107175,252.12930297851562,353300,0.0,0.0
2019-11-27 00:00:00-05:00,252.1195640146839,254.02653033203597,251.9930762527233,252.12930297851562,196100,0.0,0.0
2019-11-29 00:00:00-05:00,251.15638492196672,253.0341642505038,248.8115658105603,248.92832946777344,127500,0.0,0.0
2019-12-02 00:00:00-05:00,249.16184507588065,249.16184507588065,243.98577784261568,244.1317138671875,231300,0.0,0.0
2019-12-03 00:00:00-05:00,242.30257757004514,243.83011062384256,240.85289685981297,241.84530639648438,336700,0.0,0.0
2019-12-04 00:00:00-05:00,243.0323032126067,248.88944538407068,243.0323032126067,247.35218811035156,262800,0.0,0.0
2019-12-05 00:00:00-05:00,247.93592458759022,255.17463309046485,247.92620046847017,254.4644012451172,329000,0.0,0.0
2019-12-06 00:00:00-05:00,257.92805891262884,257.92805891262884,254.31843660950037,255.71945190429688,252200,0.0,0.0
2019-12-09 00:00:00-05:00,254.73683486482852,255.3400568851702,252.52822752277808,253.54010009765625,150300,0.0,0.0
2019-12-10 00:00:00-05:00,252.20716594879437,253.98764478893796,250.75748532024153,251.2050323486328,177400,0.0,0.0
2019-12-11 00:00:00-05:00,252.547685826579,253.25791764412156,251.10771457008397,251.38987731933594,176400,0.0,0.0
2019-12-12 00:00:00-05:00,250.91319401559696,254.16283185164497,250.1737451538953,252.67422485351562,301900,0.0,0.0
2019-12-13 00:00:00-05:00,253.3357972347681,253.3357972347681,246.91434483199632,248.4807891845703,255700,0.0,0.0
2019-12-16 00:00:00-05:00,249.32723972248996,251.99310320477153,248.00401725425644,251.02015686035156,319800,0.0,0.0
2019-12-17 00:00:00-05:00,250.43638781556993,252.61580785851157,247.81917457058535,251.58445739746094,197100,0.0,0.0
2019-12-18 00:00:00-05:00,249.74563381573958,249.74563381573958,233.86714016854387,238.73187255859375,752600,0.0,0.0
2019-12-19 00:00:00-05:00,237.49623219840097,238.39134114264772,231.6293663465556,231.91151428222656,431400,0.0,0.0
2019-12-20 00:00:00-05:00,233.6920084510843,237.68107995862528,233.51687037148363,237.204345703125,796300,0.0,0.0
2019-12-23 00:00:00-05:00,238.74160698659918,241.36855945809376,237.09732509466062,237.9145965576172,240300,0.0,0.0
2019-12-24 00:00:00-05:00,238.02161231065753,238.17728730136184,235.62815757802773,237.36001586914062,90300,0.0,0.0
2019-12-26 00:00:00-05:00,237.42810967837988,237.97295728902824,234.70385677915414,237.26271057128906,171600,0.0,0.0
2019-12-27 00:00:00-05:00,237.71998615588603,238.25510962361295,236.23137941128957,236.74703979492188,141800,0.0,0.0
2019-12-30 00:00:00-05:00,236.86417088220855,238.33799329012598,236.3859232552578,236.8544158935547,121700,0.77,0.0
2019-12-31 00:00:00-05:00,236.2882947882965,238.93335602573305,236.2882947882965,238.1232452392578,191000,0.0,0.0
2020-01-02 00:00:00-05:00,239.0895278175184,239.8898687318077,236.30782225379127,238.5819854736328,262000,0.0,0.0
2020-01-03 00:00:00-05:00,235.6050752924503,238.59173984777615,234.7754396301436,237.65475463867188,226100,0.0,0.0
2020-01-06 00:00:00-05:00,236.51281054256498,238.18182206790374,235.73197955669963,237.32290649414062,183300,0.0,0.0
2020-01-07 00:00:00-05:00,236.2102346416642,236.75682677421597,233.66278259183318,234.18984985351562,287200,0.0,0.0
2020-01-08 00:00:00-05:00,235.45867236419676,238.5917361558676,234.93160516075886,237.92803955078125,275600,0.0,0.0
2020-01-09 00:00:00-05:00,238.97240162939943,241.4417689445894,237.40098471126834,241.38320922851562,284900,0.0,0.0
2020-01-10 00:00:00-05:00,241.19774663202264,243.52071452636628,240.90494806812308,241.57839965820312,255400,0.0,0.0
2020-01-13 00:00:00-05:00,242.02738455475387,242.60324159332143,239.5189676176034,239.78250122070312,347400,0.0,0.0
2020-01-14 00:00:00-05:00,239.78251382689893,240.065572313694,236.1223826201876,236.73728942871094,253500,0.0,0.0
2020-01-15 00:00:00-05:00,236.63967072521518,239.47993600497819,236.63967072521518,238.25013732910156,205500,0.0,0.0
2020-01-16 00:00:00-05:00,240.1045976053142,242.91558302600134,239.48969082126104,241.5003204345703,282100,0.0,0.0
2020-01-17 00:00:00-05:00,242.25188456918377,242.38852887376828,236.55184373064117,237.79141235351562,291100,0.0,0.0
2020-01-21 00:00:00-05:00,237.81090927857707,240.26076653125153,237.72306970754633,239.0797576904297,288200,0.0,0.0
2020-01-22 00:00:00-05:00,239.05048556882065,241.92978578185344,239.05048556882065,241.28561401367188,165100,0.0,0.0
2020-01-23 00:00:00-05:00,240.29981902595048,242.21285421876144,239.6165974903439,240.03628540039062,214600,0.0,0.0
2020-01-24 00:00:00-05:00,240.16317458853285,240.4559880730947,234.4143289176487,235.19515991210938,208500,0.0,0.0
2020-01-27 00:00:00-05:00,231.54477909438936,235.605088272497,230.82252272531218,232.45249938964844,213600,0.0,0.0
2020-01-28 00:00:00-05:00,233.33092071411397,236.17118608973377,230.92988299544862,234.38504028320312,193400,0.0,0.0
2020-01-29 00:00:00-05:00,234.99017815744196,236.12238231694417,231.1153180667976,231.23245239257812,233900,0.0,0.0
2020-01-30 00:00:00-05:00,229.88549182446482,233.57490244297716,227.9236670965607,230.36375427246094,244800,0.0,0.0
2020-01-31 00:00:00-05:00,230.16858776494928,232.22800737944436,226.00091401964488,227.39663696289062,361300,0.0,0.0
2020-02-03 00:00:00-05:00,228.27507028078344,234.21911984901507,227.3087902704695,228.10914611816406,343200,0.0,0.0
2020-02-04 00:00:00-05:00,237.03984494981597,243.99897880333563,226.20585121224366,233.2821044921875,772100,0.0,0.0
2020-02-05 00:00:00-05:00,235.62459670192854,241.2465525533445,234.638791888208,236.7665557861328,415000,0.0,0.0
2020-02-06 00:00:00-05:00,237.99636537879522,238.4843828676263,229.417024478114,232.8624267578125,388000,0.0,0.0
2020-02-07 00:00:00-05:00,231.62285620366984,234.3069523694996,229.1437339343817,229.74887084960938,376200,0.0,0.0
2020-02-10 00:00:00-05:00,228.9778111193456,232.28656908926274,228.34337944965344,231.271484375,194700,0.0,0.0
2020-02-11 00:00:00-05:00,232.28658161691735,233.89703345546792,230.70539474463777,231.80831909179688,214400,0.0,0.0
2020-02-12 00:00:00-05:00,232.9502691593804,235.70269497849478,231.1836482112637,235.5758056640625,268800,0.0,0.0
2020-02-13 00:00:00-05:00,234.14102937127691,237.27410819151058,233.86774076994266,235.84909057617188,226400,0.0,0.0
2020-02-14 00:00:00-05:00,236.04431863632334,239.98750867399866,235.36109706339343,238.9138641357422,373100,0.0,0.0
2020-02-18 00:00:00-05:00,238.3965378272824,242.7398903996587,237.44978272921134,240.10459899902344,343500,0.0,0.0
2020-02-19 00:00:00-05:00,239.45065736615882,242.7691702568682,239.45065736615882,240.10459899902344,280100,0.0,0.0
2020-02-20 00:00:00-05:00,238.71862010327814,244.81883829150146,238.71862010327814,242.74964904785156,375900,0.0,0.0
2020-02-21 00:00:00-05:00,241.79314120109052,242.35924327613893,239.01145044653737,241.1196746826172,470500,0.0,0.0
2020-02-24 00:00:00-05:00,234.53144918314888,243.26697455570314,234.53144918314888,241.29537963867188,359100,0.0,0.0
2020-02-25 00:00:00-05:00,241.64673778562337,243.9306560233631,239.42137926273162,240.13388061523438,483600,0.0,0.0
2020-02-26 00:00:00-05:00,241.24656501909826,244.53579814680543,236.20046594294513,237.80116271972656,448000,0.0,0.0
2020-02-27 00:00:00-05:00,234.1117536131734,240.56334550150746,232.95026959060746,234.0824737548828,352300,0.0,0.0
2020-02-28 00:00:00-05:00,228.03106488674794,231.06653437335186,219.67620755712892,222.66287231445312,668100,0.0,0.0
2020-03-02 00:00:00-05:00,224.76134601572167,234.6583406461597,222.07724967726534,234.3264923095703,354300,0.0,0.0
2020-03-03 00:00:00-05:00,234.39479040695224,240.6609479753437,232.64769437615323,239.13832092285156,475000,0.0,0.0
2020-03-04 00:00:00-05:00,243.49144835570883,252.83211028999588,242.08595559754923,251.63157653808594,622800,0.0,0.0
2020-03-05 00:00:00-05:00,246.75140230205199,252.66617193130074,246.18530022328696,249.64047241210938,512400,0.0,0.0
2020-03-06 00:00:00-05:00,240.51454390598465,255.47716230494333,240.51454390598465,253.97406005859375,515700,0.0,0.0
2020-03-09 00:00:00-04:00,239.98749595488755,246.44884303418587,232.89171717547535,245.04335021972656,597600,0.0,0.0
2020-03-10 00:00:00-04:00,249.92351280878967,252.236710929053,227.123335243301,240.59262084960938,571800,0.0,0.0
2020-03-11 00:00:00-04:00,235.65389838909928,236.44448437500938,221.33546638563755,223.619384765625,766200,0.0,0.0
2020-03-12 00:00:00-04:00,212.44377458348367,214.142065895207,201.69762006057272,203.24952697753906,670700,0.0,0.0
2020-03-13 00:00:00-04:00,210.23792062537757,212.4925738524242,196.77840532331237,206.7437286376953,813900,0.0,0.0
2020-03-16 00:00:00-04:00,190.67822033210177,198.0765682781705,187.39874175565328,194.23098754882812,797300,0.0,0.0
2020-03-17 00:00:00-04:00,196.82722392111424,201.79523855347682,176.0474301937717,189.89736938476562,899900,0.0,0.0
2020-03-18 00:00:00-04:00,180.8397623613022,182.70399277279157,164.93038899240645,180.42007446289062,570100,0.0,0.0
2020-03-19 00:00:00-04:00,178.68274796366916,195.9097610449572,173.59759868034467,191.097900390625,462600,0.0,0.0
2020-03-20 00:00:00-04:00,192.16175827007527,194.5920756697402,174.7395291309364,177.43338012695312,761600,0.0,0.0
2020-03-23 00:00:00-04:00,171.38198285084428,176.2621578729182,159.48411376413017,162.87095642089844,506800,0.0,0.0
2020-03-24 00:00:00-04:00,167.7511289324374,171.22581111325457,160.96768873189694,166.1602020263672,664200,0.0,0.0
2020-03-25 00:00:00-04:00,165.896669809405,184.56822408782958,163.60298160675097,176.10598754882812,706200,0.0,0.0
2020-03-26 00:00:00-04:00,177.5700465096575,194.1821669511804,174.64194140893161,192.8059539794922,516400,0.0,0.0
2020-03-27 00:00:00-04:00,186.99855265025465,193.7234335848162,178.64369496069284,180.8592987060547,407600,0.0,0.0
2020-03-30 00:00:00-04:00,181.90362794458866,184.94886710048408,178.721759385221,182.6942138671875,230900,0.0,0.0
2020-03-31 00:00:00-04:00,181.54756291721094,183.04706378857054,176.86284523531359,178.16632080078125,384100,0.77,0.0
2020-04-01 00:00:00-04:00,172.873964331079,177.1862518221489,170.4140023017837,172.276123046875,404000,0.0,0.0
2020-04-02 00:00:00-04:00,172.1291083184352,178.36233273071585,170.74721077053866,173.40318298339844,405100,0.0,0.0
2020-04-03 00:00:00-04:00,175.43192956823145,176.53940966327792,165.0530273800937,167.5522003173828,325900,0.0,0.0
2020-04-06 00:00:00-04:00,173.05038049174468,176.7256305338,170.3747876937943,174.86349487304688,475500,0.0,0.0
2020-04-07 00:00:00-04:00,183.42928373492896,186.46748147540137,176.8628399585064,184.43875122070312,549900,0.0,0.0
2020-04-08 00:00:00-04:00,185.65403243505457,193.38677324744097,182.4394147752167,191.77944946289062,352900,0.0,0.0
2020-04-09 00:00:00-04:00,196.01333965823568,208.0877685594059,193.3671625637757,200.2178192138672,384700,0.0,0.0
2020-04-13 00:00:00-04:00,198.06166108082115,198.39488014492278,191.8088461690938,192.8183135986328,298600,0.0,0.0
2020-04-14 00:00:00-04:00,196.50337672749515,201.2273054809128,193.73958140776818,198.24789428710938,234700,0.0,0.0
2020-04-15 00:00:00-04:00,192.73991394909558,194.00419336704647,185.08559568734916,187.95718383789062,336900,0.0,0.0
2020-04-16 00:00:00-04:00,189.6134923792974,191.24040657658384,182.65501331428635,183.26266479492188,356000,0.0,0.0
2020-04-17 00:00:00-04:00,188.80005511282383,190.35835763137683,180.165669575675,180.2146759033203,793700,0.0,0.0
2020-04-20 00:00:00-04:00,168.5714741912336,186.0166646275317,166.43493594075372,177.39207458496094,1181300,0.0,0.0
2020-04-21 00:00:00-04:00,170.45319885539195,176.19639032184244,167.8952241674162,169.50253295898438,866900,0.0,0.0
2020-04-22 00:00:00-04:00,170.90401816337797,174.51065606618954,165.57245347693524,167.3169708251953,691400,0.0,0.0
2020-04-23 00:00:00-04:00,168.77728037819261,176.0983643219958,167.2973702007884,174.0010223388672,368400,0.0,0.0
2020-04-24 00:00:00-04:00,174.275461784426,174.618476144862,166.93475706997245,172.99156188964844,410000,0.0,0.0
2020-04-27 00:00:00-04:00,175.745572097204,181.50835426423356,173.77562841132158,180.9693145751953,282900,0.0,0.0
2020-04-28 00:00:00-04:00,185.49721551821384,189.88790983972766,182.74323067663394,183.26266479492188,545500,0.0,0.0
2020-04-29 00:00:00-04:00,187.33975471439177,189.13327867517373,184.34075282918096,186.2812957763672,349100,0.0,0.0
2020-04-30 00:00:00-04:00,184.1349390667544,184.1349390667544,179.25419606224332,182.95884704589844,383000,0.0,0.0
2020-05-01 00:00:00-04:00,180.47926024710154,180.93989275016543,175.36331134660335,179.6756134033203,285200,0.0,0.0
2020-05-04 00:00:00-04:00,175.79455003844978,182.66482681862183,174.5008698382305,182.3708038330078,319200,0.0,0.0
2020-05-05 00:00:00-04:00,184.5073348596563,188.06498144415653,182.82161909185007,186.9281005859375,369900,0.0,0.0
2020-05-06 00:00:00-04:00,188.43743453853213,188.55503776075872,184.50735737663618,184.84059143066406,456600,0.0,0.0
2020-05-07 00:00:00-04:00,186.24207329072573,190.22114168900518,185.22281050557586,188.79025268554688,317900,0.0,0.0
2020-05-08 00:00:00-04:00,191.6618204652095,193.5337512462754,187.10451679125504,187.66314697265625,380200,0.0,0.0
2020-05-11 00:00:00-04:00,185.39922059727212,187.09473184444096,182.5766236434311,182.97845458984375,432900,0.0,0.0
2020-05-12 00:00:00-04:00,183.7625121525627,184.92879395576534,177.89190704732815,178.04872131347656,250700,0.0,0.0
2020-05-13 00:00:00-04:00,176.88242606766818,178.11731962644885,173.22678162436284,174.98109436035156,296000,0.0,0.0
2020-05-14 00:00:00-04:00,172.80535733677772,181.52794446070575,169.78675028763755,180.8125,528900,0.0,0.0
2020-05-15 00:00:00-04:00,179.59721679752155,183.3606692111523,176.05917553009184,177.31365966796875,925400,0.0,0.0
2020-05-18 00:00:00-04:00,182.4491988301199,191.22079176424256,181.82195681467033,189.95651245117188,325100,0.0,0.0
2020-05-19 00:00:00-04:00,189.10386106936605,192.31847855202003,185.4874126627227,185.49722290039062,301500,0.0,0.0
2020-05-20 00:00:00-04:00,187.888596751622,193.18095103749965,185.9774546912366,188.05520629882812,368600,0.0,0.0
2020-05-21 00:00:00-04:00,187.72197519132916,193.08294140957176,187.3299544805403,191.32862854003906,451200,0.0,0.0
2020-05-22 00:00:00-04:00,191.34820946496032,194.7098307440155,189.8585040371213,194.474609375,245100,0.0,0.0
2020-05-26 00:00:00-04:00,200.7274569574018,209.15603649724073,199.1397537005653,208.0779571533203,513100,0.0,0.0
2020-05-27 00:00:00-04:00,212.5274838019889,214.21319983281015,208.38179062202218,210.54774475097656,495000,0.0,0.0
2020-05-28 00:00:00-04:00,212.68425160764897,213.28209284343015,206.16681457308576,210.07728576660156,392100,0.0,0.0
2020-05-29 00:00:00-04:00,207.43109010570726,210.37128990850752,204.69671086914,209.5774383544922,495600,0.0,0.0
2020-06-01 00:00:00-04:00,209.24423762540127,213.71333932433168,207.4507137940564,212.8508758544922,254400,0.0,0.0
2020-06-02 00:00:00-04:00,214.7228023800288,214.7228023800288,211.23376743993782,212.34124755859375,248800,0.0,0.0
2020-06-03 00:00:00-04:00,214.79143937130766,220.02499239415485,214.64442038133842,219.08412170410156,250400,0.0,0.0
2020-06-04 00:00:00-04:00,217.32977550699084,221.30884363762493,216.93775483629358,221.21084594726562,274300,0.0,0.0
2020-06-05 00:00:00-04:00,227.3264613107016,235.01999065865766,227.17945729192766,231.17813110351562,325900,0.0,0.0
2020-06-08 00:00:00-04:00,234.36335392707167,237.6857794301284,231.84457533876272,233.24607849121094,319100,0.0,0.0
2020-06-09 00:00:00-04:00,230.91350262380027,230.91350262380027,226.199384458232,228.49273681640625,251700,0.0,0.0
2020-06-10 00:00:00-04:00,228.120317178292,228.120317178292,219.61334549486418,219.95635986328125,254800,0.0,0.0
2020-06-11 00:00:00-04:00,213.08609256120155,216.0752988810995,211.57679647677452,214.03675842285156,307700,0.0,0.0
2020-06-12 00:00:00-04:00,220.63260004700922,220.63260004700922,208.57779218377834,214.6248016357422,346300,0.0,0.0
2020-06-15 00:00:00-04:00,209.871452058049,221.3578333101355,207.84272206011022,220.42677307128906,207800,0.0,0.0
2020-06-16 00:00:00-04:00,226.7188115870064,227.8360869286621,222.43592526976448,224.10203552246094,383600,0.0,0.0
2020-06-17 00:00:00-04:00,224.99391069646092,227.01284562674817,221.96549334639954,225.60154724121094,254000,0.0,0.0
2020-06-18 00:00:00-04:00,224.7782868722379,224.7782868722379,219.15269904989307,220.58360290527344,190900,0.0,0.0
2020-06-19 00:00:00-04:00,223.30820395174135,224.43527467678103,214.58560133431925,217.35919189453125,409000,0.0,0.0
2020-06-22 00:00:00-04:00,215.24224817318895,219.53494519052137,214.02697501184835,219.250732421875,150800,0.0,0.0
2020-06-23 00:00:00-04:00,221.44605076305598,225.28791013564182,220.5149904609247,224.4352569580078,245600,0.0,0.0
2020-06-24 00:00:00-04:00,223.28860096822694,224.16085974441984,218.88809604415772,220.93643188476562,369600,0.0,0.0
2020-06-25 00:00:00-04:00,219.1429217979203,221.48528063086388,216.81035824838537,220.7698211669922,294000,0.0,0.0
2020-06-26 00:00:00-04:00,220.46599456230442,222.01450169642047,217.378790531742,220.8384246826172,903600,0.0,0.0
2020-06-29 00:00:00-04:00,224.79179254687514,233.20992702924062,223.18880139921387,226.00140380859375,433700,0.77,0.0
2020-06-30 00:00:00-04:00,225.99157272835785,232.629706303895,224.79179034830662,229.1287078857422,293600,0.0,0.0
2020-07-01 00:00:00-04:00,229.7384244270574,231.24306681399557,226.10957572706258,227.51588439941406,253000,0.0,0.0
2020-07-02 00:00:00-04:00,231.73477613240388,233.9868177334955,228.863170616616,229.3057098388672,221800,0.0,0.0
2020-07-06 00:00:00-04:00,232.74771435879273,234.7735719962493,230.74152946705266,234.2917022705078,204500,0.0,0.0
2020-07-07 00:00:00-04:00,232.66903832112772,235.7078247765197,231.79378871082656,233.58363342285156,207100,0.0,0.0
2020-07-08 00:00:00-04:00,235.92419036290065,241.51989379476876,233.76065342242515,240.5463104248047,481300,0.0,0.0
2020-07-09 00:00:00-04:00,240.57579852896274,242.53280903521255,236.91744817808046,238.41224670410156,312900,0.0,0.0
2020-07-10 00:00:00-04:00,238.3532492913708,238.46142688525427,233.56396355633782,234.77357482910156,273500,0.0,0.0
2020-07-13 00:00:00-04:00,235.7176773317858,237.0748117235826,226.19809385459027,227.94859313964844,395500,0.0,0.0
2020-07-14 00:00:00-04:00,227.44703165669253,235.76683200700722,225.56868218551864,234.98008728027344,432700,0.0,0.0
2020-07-15 00:00:00-04:00,238.95313456481864,243.88994326317095,237.45833603939494,242.9458465576172,312700,0.0,0.0
2020-07-16 00:00:00-04:00,242.24762705738846,249.8495152084079,241.33303194668522,248.37437438964844,539500,0.0,0.0
2020-07-17 00:00:00-04:00,248.9840872836952,248.9840872836952,239.6907033945311,243.7325897216797,365500,0.0,0.0
2020-07-20 00:00:00-04:00,235.2849670108639,255.6910822270621,235.2849670108639,250.5379180908203,707800,0.0,0.0
2020-07-21 00:00:00-04:00,250.35109699140733,251.7573908389601,246.55506698242723,249.82003784179688,467900,0.0,0.0
2020-07-22 00:00:00-04:00,250.77396403076406,255.54359248626216,250.1248984047955,253.498046875,287800,0.0,0.0
2020-07-23 00:00:00-04:00,254.53065908637072,260.6278902937059,254.53065908637072,259.89031982421875,494300,0.0,0.0
2020-07-24 00:00:00-04:00,260.89337448254497,262.94873344701995,258.14960456783086,261.375244140625,389100,0.0,0.0
2020-07-27 00:00:00-04:00,260.6770742245991,267.54137737645686,260.6770742245991,267.4922180175781,229500,0.0,0.0
2020-07-28 00:00:00-04:00,265.64339424456807,269.36074847277735,265.17136831833284,266.45965576171875,324300,0.0,0.0
2020-07-29 00:00:00-04:00,264.9451472295426,272.82240934979126,264.9451472295426,270.0294494628906,185800,0.0,0.0
2020-07-30 00:00:00-04:00,266.96113885575386,268.35761868258373,265.0827893055228,266.38092041015625,227700,0.0,0.0
2020-07-31 00:00:00-04:00,266.11542014410884,266.11542014410884,259.54613330974314,263.6961975097656,193800,0.0,0.0
2020-08-03 00:00:00-04:00,265.1811772863189,267.17753359400865,263.2143225984741,265.702392578125,224900,0.0,0.0
2020-08-04 00:00:00-04:00,266.7153296647825,269.2820907167383,263.68638655845524,268.4953308105469,207500,0.0,0.0
2020-08-05 00:00:00-04:00,270.0687520045953,270.8751694491513,265.72202092291224,268.7411193847656,190700,0.0,0.0
2020-08-06 00:00:00-04:00,269.1246733045203,269.56719750808134,266.07604318434835,266.3907470703125,156100,0.0,0.0
2020-08-07 00:00:00-04:00,266.73500212008486,266.9808589494509,260.5393920129681,262.3390808105469,419200,0.0,0.0
2020-08-10 00:00:00-04:00,263.13560270184644,265.31881211702097,260.6573471424616,265.2008056640625,393900,0.0,0.0
2020-08-11 00:00:00-04:00,267.7872126722511,274.0614829660224,266.4399222196156,268.9378356933594,259300,0.0,0.0
2020-08-12 00:00:00-04:00,271.80945502269617,276.43154480134416,269.6164015881882,272.910888671875,171700,0.0,0.0
2020-08-13 00:00:00-04:00,271.7701211429164,276.10703883070994,269.5475659982713,272.7142028808594,169300,0.0,0.0
2020-08-14 00:00:00-04:00,271.24888832634633,274.89739471155303,268.93782848220144,273.3632507324219,122300,0.0,0.0
2020-08-17 00:00:00-04:00,272.64534409635695,274.4155310424894,268.93783440050424,272.2716369628906,260400,0.0,0.0
2020-08-18 00:00:00-04:00,272.8715692775396,275.1039384045744,272.01599234365,273.6386413574219,199700,0.0,0.0
2020-08-19 00:00:00-04:00,273.78617156283025,277.4445225497346,273.7665138198471,275.1629638671875,190500,0.0,0.0
2020-08-20 00:00:00-04:00,274.02218118145834,274.74006386072506,270.76700939879504,271.1407165527344,140700,0.0,0.0
2020-08-21 00:00:00-04:00,271.042378344392,273.3632823322734,269.85243973842154,272.79290771484375,161700,0.0,0.0
2020-08-24 00:00:00-04:00,274.09096194729443,277.8968200683594,273.5500890404888,277.8968200683594,184200,0.0,0.0
2020-08-25 00:00:00-04:00,279.57850671388064,279.57850671388064,275.95947207267807,279.2933044433594,130900,0.0,0.0
2020-08-26 00:00:00-04:00,279.29331588234464,283.1680213275731,277.7198264102219,281.86004638671875,215700,0.0,0.0
2020-08-27 00:00:00-04:00,284.1908122024977,284.515329983738,276.89376893855706,278.3787536621094,174000,0.0,0.0
2020-08-28 00:00:00-04:00,280.375102065897,281.49619347312466,278.84095802749084,279.9718933105469,201200,0.0,0.0
2020-08-31 00:00:00-04:00,278.7229596272685,285.1348943832142,274.37619805150376,275.68414306640625,312200,0.0,0.0
2020-09-01 00:00:00-04:00,275.7431717588127,283.17787911780795,273.72712795702967,281.9387512207031,203400,0.0,0.0
2020-09-02 00:00:00-04:00,281.44703109574084,284.35796718712675,277.08061195275394,283.03033447265625,199800,0.0,0.0
2020-09-03 00:00:00-04:00,283.1975677670056,283.2172255092355,272.74373050825346,274.0812072753906,210100,0.0,0.0
2020-09-04 00:00:00-04:00,278.25088659700066,278.25088659700066,268.00356225402385,272.9305419921875,256700,0.0,0.0
2020-09-08 00:00:00-04:00,270.7964788842385,270.7964788842385,264.26653837676696,264.6304016113281,245700,0.0,0.0
2020-09-09 00:00:00-04:00,265.73187918838596,271.0817260380892,265.73187918838596,268.8887023925781,208400,0.0,0.0
2020-09-10 00:00:00-04:00,269.9212969522967,269.9212969522967,264.63045318387066,265.9482421875,150100,0.0,0.0
2020-09-11 00:00:00-04:00,267.62990236936423,270.9932067093468,266.76448159992714,270.0884704589844,155500,0.0,0.0
2020-09-14 00:00:00-04:00,272.9993828247887,273.04854217755957,269.2230261704496,271.89794921875,153800,0.0,0.0
2020-09-15 00:00:00-04:00,272.6846807227859,275.7333109099516,268.51495918348166,268.7018127441406,194200,0.0,0.0
2020-09-16 00:00:00-04:00,270.40313212406267,272.3011694123047,268.8001410003085,269.5770568847656,196100,0.0,0.0
2020-09-17 00:00:00-04:00,267.0988301038598,270.26546684780385,266.1449045315961,270.07861328125,231800,0.0,0.0
2020-09-18 00:00:00-04:00,271.5537997064306,272.0160117626784,262.12273499533495,263.2143249511719,433600,0.0,0.0
2020-09-21 00:00:00-04:00,259.33956730448847,263.0471068958748,255.5140512679061,262.53570556640625,321400,0.0,0.0
2020-09-22 00:00:00-04:00,263.3027988823305,266.90214617187576,262.04401321919585,265.97772216796875,212400,0.0,0.0
2020-09-23 00:00:00-04:00,265.42702774185966,269.55743449177385,255.96646172263405,256.0353088378906,263400,0.0,0.0
2020-09-24 00:00:00-04:00,256.241811863659,261.54249935378954,255.31738781162068,259.6838073730469,170100,0.0,0.0
2020-09-25 00:00:00-04:00,257.9333250685852,261.37532080574283,257.10724969308586,259.60516357421875,179200,0.0,0.0
2020-09-28 00:00:00-04:00,261.85715047812215,267.96425501585054,261.85715047812215,267.2955017089844,155900,0.0,0.0
2020-09-29 00:00:00-04:00,267.2857061623127,271.03256166070787,267.2758622858291,268.1314392089844,239000,0.0,0.0
2020-09-30 00:00:00-04:00,268.2596455122927,272.7468999095804,266.1984652005549,268.8513488769531,226600,0.77,0.0
2020-10-01 00:00:00-04:00,271.0801687945889,271.8789983460399,267.352287522214,270.24188232421875,160700,0.0,0.0
2020-10-02 00:00:00-04:00,266.58309701358564,273.3090734501452,265.51800076199305,271.7804260253906,157500,0.0,0.0
2020-10-05 00:00:00-04:00,275.63651633889066,281.248067756506,275.63651633889066,278.0428771972656,197300,0.0,0.0
2020-10-06 00:00:00-04:00,279.32497718385224,280.8634662759637,273.5556280400259,274.5615539550781,198000,0.0,0.0
2020-10-07 00:00:00-04:00,276.7114686844756,278.5458394434669,271.780406564455,273.9007873535156,277100,0.0,0.0
2020-10-08 00:00:00-04:00,274.30513401976714,276.2676870836556,269.7981360851995,273.0033264160156,294100,0.0,0.0
2020-10-09 00:00:00-04:00,275.5674827392853,283.14158676697883,275.547739229275,279.5715026855469,244300,0.0,0.0
2020-10-12 00:00:00-04:00,281.16916566664923,285.9621435593078,280.4097628447848,285.41973876953125,263600,0.0,0.0
2020-10-13 00:00:00-04:00,283.82207435516955,287.6781684417124,281.3663850191152,281.4748840332031,369800,0.0,0.0
2020-10-14 00:00:00-04:00,282.5498865445455,286.15942797380075,281.93843959857867,284.0292053222656,147400,0.0,0.0
2020-10-15 00:00:00-04:00,281.8792174262897,285.4493012712681,281.5833356670587,284.18695068359375,156200,0.0,0.0
2020-10-16 00:00:00-04:00,286.504589732635,287.2935476573569,283.11201648206264,284.24615478515625,230700,0.0,0.0
2020-10-19 00:00:00-04:00,288.86162228981294,292.9050993780311,271.2281387642915,274.6108703613281,638000,0.0,0.0
2020-10-20 00:00:00-04:00,279.44327442910793,285.81419776105093,275.71539296282396,280.1138916015625,633100,0.0,0.0
2020-10-21 00:00:00-04:00,280.02514879013125,284.13763760758764,279.08823497968194,280.0646057128906,281200,0.0,0.0
2020-10-22 00:00:00-04:00,282.0962404334532,284.99570767862923,279.54195359304913,284.6406555175781,294400,0.0,0.0
2020-10-23 00:00:00-04:00,286.2777581836275,288.6249487072009,283.5065035158634,284.1179504394531,183800,0.0,0.0
2020-10-26 00:00:00-04:00,281.208634364495,282.2342736498089,276.94818932809426,277.9245300292969,246000,0.0,0.0
2020-10-27 00:00:00-04:00,278.9797780015968,284.7787119260179,276.3860344860235,279.72930908203125,240700,0.0,0.0
2020-10-28 00:00:00-04:00,275.76469991467303,278.4965274596696,268.72315919646803,269.26556396484375,350500,0.0,0.0
2020-10-29 00:00:00-04:00,268.75272483468495,275.2321168041908,268.52588516970985,272.7567443847656,261400,0.0,0.0
2020-10-30 00:00:00-04:00,272.8060952894886,275.4984662331077,265.6165977807325,267.91448974609375,255500,0.0,0.0
2020-11-02 00:00:00-05:00,272.51022327302013,279.9364015959819,272.51022327302013,279.67010498046875,353300,0.0,0.0
2020-11-03 00:00:00-05:00,283.1316975298709,288.44739649740603,281.9088038573033,287.2343444824219,399700,0.0,0.0
2020-11-04 00:00:00-05:00,287.0075210427589,293.87158099804043,281.21845908578825,289.4533386230469,428400,0.0,0.0
2020-11-05 00:00:00-05:00,292.23444834519626,302.2247841831129,292.23444834519626,299.8775939941406,291600,0.0,0.0
2020-11-06 00:00:00-05:00,299.4633894435772,303.8224614971294,296.9091029374639,302.4023132324219,265900,0.0,0.0
2020-11-09 00:00:00-05:00,308.89159295785834,315.36114422044733,287.50064251512083,287.8063659667969,505800,0.0,0.0
2020-11-10 00:00:00-05:00,291.208809964781,295.01560565817226,288.72356543474353,290.2620544433594,338800,0.0,0.0
2020-11-11 00:00:00-05:00,292.40209996195284,292.4711420520352,285.429601283971,288.5558776855469,264300,0.0,0.0
2020-11-12 00:00:00-05:00,288.0036276173764,290.8833812844458,283.74318250588317,287.1061706542969,272300,0.0,0.0
2020-11-13 00:00:00-05:00,290.80446098188514,296.7316074509379,290.80446098188514,294.70001220703125,173100,0.0,0.0
2020-11-16 00:00:00-05:00,296.5638853208351,298.3883840522243,291.9385473350322,297.59942626953125,199800,0.0,0.0
2020-11-17 00:00:00-05:00,294.23649049411006,296.2680857334839,291.36660865282397,294.9662780761719,169600,0.0,0.0
2020-11-18 00:00:00-05:00,295.8144282430604,296.66255648015573,291.57369676713984,292.0668029785156,192900,0.0,0.0
2020-11-19 00:00:00-05:00,290.68611867862603,294.7986378241591,289.9661727576473,294.394287109375,174200,0.0,0.0
2020-11-20 00:00:00-05:00,290.87350162981164,294.3844155346403,286.9089384263092,290.54803466796875,210500,0.0,0.0
2020-11-23 00:00:00-05:00,292.5500974151751,294.4534803622787,289.57171633226557,291.78082275390625,168500,0.0,0.0
2020-11-24 00:00:00-05:00,294.4139984307811,299.04920893627053,292.39227496804654,296.5639343261719,196900,0.0,0.0
2020-11-25 00:00:00-05:00,297.73749703931276,297.73749703931276,283.8713540578395,284.98577880859375,312300,0.0,0.0
2020-11-27 00:00:00-05:00,285.00556132275744,287.2541247812416,282.5203164781652,285.9621887207031,87500,0.0,0.0
2020-11-30 00:00:00-05:00,282.0567860449745,284.0292111222121,278.47682971429737,283.8615417480469,466500,0.0,0.0
2020-12-01 00:00:00-05:00,287.14564445587393,287.4908248614702,282.38222107164574,284.3743896484375,249900,0.0,0.0
2020-12-02 00:00:00-05:00,281.9285666112188,283.6248533394695,272.47079221191535,277.1158447265625,235000,0.0,0.0
2020-12-03 00:00:00-05:00,278.34858522997354,281.3269660157448,275.5970742336439,276.66217041015625,325900,0.0,0.0
2020-12-04 00:00:00-05:00,277.18484271554604,278.37815124068777,271.85930200586216,272.1946105957031,251200,0.0,0.0
2020-12-07 00:00:00-05:00,273.5950569255308,275.65623722746415,269.90660208807964,273.2301330566406,252600,0.0,0.0
2020-12-08 00:00:00-05:00,273.6049013680088,279.3742499792283,273.1216669186458,279.05865478515625,196300,0.0,0.0
2020-12-09 00:00:00-05:00,276.28741697991967,283.6938822479689,276.28741697991967,282.1159362792969,231900,0.0,0.0
2020-12-10 00:00:00-05:00,280.36047097768665,281.55377960186473,269.29516620734046,273.97967529296875,379500,0.0,0.0
2020-12-11 00:00:00-05:00,272.4115765113418,277.19471242803695,271.1295124951116,276.5536804199219,250700,0.0,0.0
2020-12-14 00:00:00-05:00,278.9008305594325,278.9008305594325,268.7724409222794,269.2359619140625,264100,0.0,0.0
2020-12-15 00:00:00-05:00,270.3701054777661,273.9993596454101,268.36809564264837,273.1808166503906,479200,0.0,0.0
2020-12-16 00:00:00-05:00,272.92440860168017,275.9225027100314,267.8848777089555,272.65814208984375,455800,0.0,0.0
2020-12-17 00:00:00-05:00,274.59109123666013,277.64835547254256,270.5771998388329,276.7213134765625,256400,0.0,0.0
2020-12-18 00:00:00-05:00,279.1473893492335,281.10010060714944,270.9618390084492,273.73309326171875,482900,0.0,0.0
2020-12-21 00:00:00-05:00,270.57722093983807,275.42939921414876,270.57722093983807,273.5358581542969,322900,0.0,0.0
2020-12-22 00:00:00-05:00,272.87513976704537,275.7450217613862,268.82179073079305,269.0585021972656,234800,0.0,0.0
2020-12-23 00:00:00-05:00,269.08805922856914,273.7824097844539,267.362187529408,269.65020751953125,184700,0.0,0.0
2020-12-24 00:00:00-05:00,269.5219801017762,271.2675651169884,268.2497577500454,269.6600341796875,72400,0.0,0.0
2020-12-28 00:00:00-05:00,270.10384968509914,272.24391368150106,267.31285181371936,268.4272766113281,163300,0.0,0.0
2020-12-29 00:00:00-05:00,270.51803537396364,270.51803537396364,264.32462302423903,266.38580322265625,166900,0.0,0.0
2020-12-30 00:00:00-05:00,267.0485110713509,271.954100809135,267.0485110713509,269.00677490234375,181900,0.77,0.0
2020-12-31 00:00:00-05:00,268.7595054799177,271.5683523142682,265.5847216900255,270.9650573730469,251200,0.0,0.0
2021-01-04 00:00:00-05:00,271.66726224703643,273.06180078226816,263.8440166647281,265.28802490234375,233900,0.0,0.0
2021-01-05 00:00:00-05:00,265.5550459686219,268.86830863087243,264.3879956548054,265.31768798828125,254300,0.0,0.0
2021-01-06 00:00:00-05:00,266.95949284584214,273.64532769295016,266.95949284584214,270.5002136230469,249400,0.0,0.0
2021-01-07 00:00:00-05:00,269.90682519425,275.17838262600475,268.91779320000006,275.0992431640625,253800,0.0,0.0
2021-01-08 00:00:00-05:00,276.928919292084,277.2058470040618,268.3441300379151,270.9156188964844,168900,0.0,0.0
2021-01-11 00:00:00-05:00,268.8980098442127,274.683852754911,268.8980098442127,270.8958435058594,189900,0.0,0.0
2021-01-12 00:00:00-05:00,271.6079372114056,280.05427814031066,267.6320398148959,279.7476806640625,262400,0.0,0.0
2021-01-13 00:00:00-05:00,280.6971276046601,282.8532097989269,277.8091714981585,277.9080505371094,242300,0.0,0.0
2021-01-14 00:00:00-05:00,278.2641210193278,284.1983122043163,276.52341527988347,281.38946533203125,251900,0.0,0.0
2021-01-15 00:00:00-05:00,278.6201771699282,280.6773804913133,275.24757465917014,278.3531494140625,205100,0.0,0.0
2021-01-19 00:00:00-05:00,280.77627063920795,285.3257930718669,278.46190951422176,278.70916748046875,272000,0.0,0.0
2021-01-20 00:00:00-05:00,279.84658890404256,286.76981222200084,277.6904764174775,286.42364501953125,255600,0.0,0.0
2021-01-21 00:00:00-05:00,286.1664770784704,291.576482603996,284.5148107612337,290.2808532714844,285500,0.0,0.0
2021-01-22 00:00:00-05:00,289.39073691670734,291.556719169434,285.642297604141,289.9346923828125,190700,0.0,0.0
2021-01-25 00:00:00-05:00,289.0050196950654,289.0050196950654,283.29831616917687,287.2148742675781,201200,0.0,0.0
2021-01-26 00:00:00-05:00,287.9170559981281,289.7863407384447,284.70270238925457,287.4522399902344,190700,0.0,0.0
2021-01-27 00:00:00-05:00,284.1191580562761,290.6863437824036,280.12349126338967,290.17205810546875,348400,0.0,0.0
2021-01-28 00:00:00-05:00,291.76441122170456,295.79964810322844,282.01257115135456,282.1114501953125,413400,0.0,0.0
2021-01-29 00:00:00-05:00,281.37957071340395,282.5960907953223,271.3903426585358,272.4683837890625,246400,0.0,0.0
2021-02-01 00:00:00-05:00,275.1585291852792,280.97404101033953,273.18046558126434,280.0146789550781,361000,0.0,0.0
2021-02-02 00:00:00-05:00,279.0553351350653,282.94222312706313,267.4836804051265,273.7145690917969,440200,0.0,0.0
2021-02-03 00:00:00-05:00,272.320046664174,273.9519433041915,267.1078592841696,267.8793029785156,212800,0.0,0.0
2021-02-04 00:00:00-05:00,267.4935068971512,272.1716377348692,265.7923711546039,269.7781677246094,307600,0.0,0.0
2021-02-05 00:00:00-05:00,271.8156173204405,276.6025581633052,269.738674526211,271.25189208984375,248700,0.0,0.0
2021-02-08 00:00:00-05:00,272.04309123416,280.6674499511719,271.6672543115905,280.6674499511719,309500,0.0,0.0
2021-02-09 00:00:00-05:00,279.84659059970653,282.86312584766586,275.1486890340547,281.6960754394531,219000,0.0,0.0
2021-02-10 00:00:00-05:00,282.6059399332475,286.41371844104515,281.19163168782006,283.5455322265625,177600,0.0,0.0
2021-02-11 00:00:00-05:00,284.4356867954263,289.5786648624164,282.78402038826505,288.75775146484375,252500,0.0,0.0
2021-02-12 00:00:00-05:00,287.03682923596995,291.3489936821277,285.5335116661168,289.6478576660156,163300,0.0,0.0
2021-02-16 00:00:00-05:00,289.49951800255815,290.3006314241754,286.9873987168522,287.83795166015625,187600,0.0,0.0
2021-02-17 00:00:00-05:00,286.9181492249203,293.34685632841655,286.32472407110305,290.3797607421875,274700,0.0,0.0
2021-02-18 00:00:00-05:00,289.3709019063827,290.0236664963453,283.0905743148972,287.1851501464844,324200,0.0,0.0
2021-02-19 00:00:00-05:00,288.3126498312354,292.55557422952853,288.1346011805209,290.4588317871094,208200,0.0,0.0
2021-02-22 00:00:00-05:00,288.6390350211193,291.635800148401,283.45651808118976,286.4730529785156,237800,0.0,0.0
2021-02-23 00:00:00-05:00,286.14670953891135,287.10607166571333,279.97513010982277,285.1873474121094,202500,0.0,0.0
2021-02-24 00:00:00-05:00,284.6038191877261,288.52037692270795,282.00266055299977,287.3335266113281,290400,0.0,0.0
2021-02-25 00:00:00-05:00,279.17404279675,285.6917598452159,277.3146880501449,279.1246032714844,283900,0.0,0.0
2021-02-26 00:00:00-05:00,279.9256693444162,283.71364786063555,275.7321841679677,276.701416015625,405000,0.0,0.0
2021-03-01 00:00:00-05:00,279.62901150447124,281.8345334155534,277.9476451318697,278.8872375488281,327400,0.0,0.0
2021-03-02 00:00:00-05:00,280.1135974399097,282.43782828809947,275.10909877079786,281.8345031738281,248700,0.0,0.0
2021-03-03 00:00:00-05:00,282.3784960046477,288.12476869656894,280.855378489061,285.4346008300781,258100,0.0,0.0
2021-03-04 00:00:00-05:00,285.1379201925027,287.22479345637527,274.35747717706136,275.3366394042969,559700,0.0,0.0
2021-03-05 00:00:00-05:00,278.5410197123443,283.1400113649627,276.78054438487203,279.97509765625,447100,0.0,0.0
2021-03-08 00:00:00-05:00,280.9246191724548,292.8622108349674,277.6706958878759,289.014892578125,325900,0.0,0.0
2021-03-09 00:00:00-05:00,290.57755558272476,291.9918941164819,287.0368347167969,287.0368347167969,194600,0.0,0.0
2021-03-10 00:00:00-05:00,289.8259010253532,291.764394995138,286.542308047963,288.9456481933594,234300,0.0,0.0
2021-03-11 00:00:00-05:00,289.5490014207921,293.0106132228414,287.51159803192894,289.4105224609375,221000,0.0,0.0
2021-03-12 00:00:00-05:00,288.817068167153,296.2743767207728,286.087360802546,293.9897155761719,193800,0.0,0.0
2021-03-15 00:00:00-04:00,293.78201684140157,301.43711338050485,293.5446286830252,300.8931579589844,162700,0.0,0.0
2021-03-16 00:00:00-04:00,298.3414451469913,301.6349380395822,296.4721906854813,299.5480651855469,186500,0.0,0.0
2021-03-17 00:00:00-04:00,299.52830078834734,301.65471322202967,296.92714220245443,301.24920654296875,188300,0.0,0.0
2021-03-18 00:00:00-04:00,299.6865467284499,301.65471042648903,296.45239330291486,301.3975524902344,226400,0.0,0.0
2021-03-19 00:00:00-04:00,301.6547090837227,301.9316367896656,296.81832893228153,297.8172607421875,475800,0.0,0.0
2021-03-22 00:00:00-04:00,296.9271400454009,300.4184212313264,294.25674200575764,300.0326843261719,212900,0.0,0.0
2021-03-23 00:00:00-04:00,298.4996804110079,300.9030204030205,294.3853045662939,298.2919921875,205000,0.0,0.0
2021-03-24 00:00:00-04:00,301.2392937762083,305.48224866930514,300.43818042907986,302.9404296875,168300,0.0,0.0
2021-03-25 00:00:00-04:00,301.5854615416952,309.77464369300304,300.4085112772165,308.5680236816406,187000,0.0,0.0
2021-03-26 00:00:00-04:00,310.3977905974658,318.17159759565214,307.38125515477645,317.3210144042969,224300,0.0,0.0
2021-03-29 00:00:00-04:00,317.4396584918462,323.24527070195745,312.9989150827687,313.5725402832031,270900,0.0,0.0
2021-03-30 00:00:00-04:00,313.8006248457895,315.37701051745296,310.79656342312103,313.5527648925781,196200,0.77,0.0
2021-03-31 00:00:00-04:00,312.66038494294264,314.48466047458584,307.24713307388635,308.92266845703125,388500,0.0,0.0
2021-04-01 00:00:00-04:00,310.0628362455313,314.4549370284759,308.57567672359187,314.0285949707031,155200,0.0,0.0
2021-04-05 00:00:00-04:00,317.2508067786002,321.4346838770499,315.78349526243807,320.48291015625,209700,0.0,0.0
2021-04-06 00:00:00-04:00,322.50542829098083,326.14399504424483,319.4220350925376,323.8339538574219,263900,0.0,0.0
2021-04-07 00:00:00-04:00,322.8623394915564,325.45990672277367,320.03673023194506,323.9231872558594,240800,0.0,0.0
2021-04-08 00:00:00-04:00,322.8821648371583,325.132721955318,318.67844013762016,322.8424987792969,228000,0.0,0.0
2021-04-09 00:00:00-04:00,323.8537753622041,329.5942197573955,323.46712960843075,329.57440185546875,226000,0.0,0.0
2021-04-12 00:00:00-04:00,329.58430543713496,331.9439368588514,327.3238240406655,328.2359619140625,197400,0.0,0.0
2021-04-13 00:00:00-04:00,327.47252221524064,330.1296036174804,326.0052108169894,328.6622619628906,236600,0.0,0.0
2021-04-14 00:00:00-04:00,327.6014374360969,330.14944491815817,324.75601012421316,325.4202880859375,163800,0.0,0.0
2021-04-15 00:00:00-04:00,325.8565122141808,329.70327298480913,323.80422469365817,325.8465881347656,219100,0.0,0.0
2021-04-16 00:00:00-04:00,327.2345999893207,332.13231475274904,326.9569980708257,331.1309509277344,189000,0.0,0.0
2021-04-19 00:00:00-04:00,332.0430799399767,333.61946546251585,330.6848123658835,332.9254455566406,180800,0.0,0.0
2021-04-20 00:00:00-04:00,334.05571275901104,336.1178941322311,327.4329024712325,331.6861572265625,284700,0.0,0.0
2021-04-21 00:00:00-04:00,331.0219025809265,336.5937890340847,330.3278826659493,330.8335266113281,288300,0.0,0.0
2021-04-22 00:00:00-04:00,331.97365452390693,335.0371994646968,330.38734500517,332.1917724609375,226800,0.0,0.0
2021-04-23 00:00:00-04:00,331.30945858193166,333.39145800275253,330.15938475781934,331.5969543457031,337700,0.0,0.0
2021-04-26 00:00:00-04:00,344.1584596954835,345.26886729199146,317.26069643485215,329.6437683105469,514100,0.0,0.0
2021-04-27 00:00:00-04:00,329.88174436795686,336.2765123197591,325.75735155900725,336.1872863769531,264200,0.0,0.0
2021-04-28 00:00:00-04:00,336.0386092748669,336.0386092748669,328.47391873638725,328.8110046386719,242600,0.0,0.0
2021-04-29 00:00:00-04:00,329.30670583881545,339.72674725941044,329.30670583881545,338.24951171875,322400,0.0,0.0
2021-04-30 00:00:00-04:00,337.69426728232315,338.9930811466481,331.38872520901776,332.4693908691406,239100,0.0,0.0
2021-05-03 00:00:00-04:00,334.87856816433765,339.43919672103925,334.1250945855756,337.0696716308594,177500,0.0,0.0
2021-05-04 00:00:00-04:00,336.4252321014599,341.80877285951544,336.2467802106089,338.4081115722656,144900,0.0,0.0
2021-05-05 00:00:00-04:00,338.4477760014341,341.6501372236255,336.5144866805247,341.0552673339844,150200,0.0,0.0
2021-05-06 00:00:00-04:00,341.9277555783429,343.29594731340035,337.93225448207994,339.3500061035156,186200,0.0,0.0
2021-05-07 00:00:00-04:00,338.4279584471784,346.57759425152716,336.75242288019666,345.0210266113281,142600,0.0,0.0
2021-05-10 00:00:00-04:00,345.80428974143655,353.3094658899739,345.2986457710175,350.48388671875,195700,0.0,0.0
2021-05-11 00:00:00-04:00,346.9245793522031,347.0336231918279,340.67849133658,343.4346923828125,234200,0.0,0.0
2021-05-12 00:00:00-04:00,341.87814293001986,341.87814293001986,333.15348555792525,333.1832275390625,217500,0.0,0.0
2021-05-13 00:00:00-04:00,334.5514362020188,346.7957233320021,332.18188064430905,344.9516296386719,257100,0.0,0.0
2021-05-14 00:00:00-04:00,346.3197989099181,350.07736384169203,346.18101308532493,347.8367004394531,165000,0.0,0.0
2021-05-17 00:00:00-04:00,345.169753667367,347.06340727963754,341.2436606067978,345.34820556640625,136800,0.0,0.0
2021-05-18 00:00:00-04:00,344.41622732178126,344.76320698694326,336.950657867585,337.24810791015625,241200,0.0,0.0
2021-05-19 00:00:00-04:00,332.7073304831392,336.67308939363363,329.2968056559462,335.8700256347656,187700,0.0,0.0
2021-05-20 00:00:00-04:00,336.57398207346563,340.95612888807693,335.87003805625454,340.22247314453125,132100,0.0,0.0
2021-05-21 00:00:00-04:00,341.35267992744656,343.05795743828554,338.1106829691969,339.796142578125,158200,0.0,0.0
2021-05-24 00:00:00-04:00,342.11609579303746,342.11609579303746,339.13185269031254,339.8159484863281,173400,0.0,0.0
2021-05-25 00:00:00-04:00,340.5992159925478,343.9800291291764,340.50006596750075,341.6104736328125,155200,0.0,0.0
2021-05-26 00:00:00-04:00,343.603274176504,345.52666967146956,342.0665244425918,343.3950500488281,140200,0.0,0.0
2021-05-27 00:00:00-04:00,346.42885292753994,346.99395052851247,343.1967500134588,343.801513671875,210100,0.0,0.0
2021-05-28 00:00:00-04:00,346.04218910212234,347.8466165749964,343.1967620713875,346.9344787597656,135200,0.0,0.0
2021-06-01 00:00:00-04:00,347.33107216510297,349.423025758013,341.3130559144932,346.0818786621094,231400,0.0,0.0
2021-06-02 00:00:00-04:00,346.33962707190847,346.33962707190847,339.5879249407888,342.58209228515625,191000,0.0,0.0
2021-06-03 00:00:00-04:00,342.07644432350753,342.07644432350753,335.3743021550047,338.77496337890625,193200,0.0,0.0
2021-06-04 00:00:00-04:00,340.4703374901782,341.40229330117455,336.7921043888532,338.5370178222656,145300,0.0,0.0
2021-06-07 00:00:00-04:00,340.0142732577493,340.0142732577493,334.5514305710107,338.24951171875,175000,0.0,0.0
2021-06-08 00:00:00-04:00,338.9930858296936,339.81596749288997,336.544228486085,339.0723876953125,335500,0.0,0.0
2021-06-09 00:00:00-04:00,338.1106747789376,339.2904904253401,335.22558166300405,335.33465576171875,235700,0.0,0.0
2021-06-10 00:00:00-04:00,336.6830262147601,338.0908839940555,333.5005130404206,335.4933166503906,167200,0.0,0.0
2021-06-11 00:00:00-04:00,335.41396170366755,337.97189306724715,333.52030825032654,335.989013671875,210300,0.0,0.0
2021-06-14 00:00:00-04:00,334.97772367538204,335.6023355219466,329.08856948825644,330.7541809082031,268400,0.0,0.0
2021-06-15 00:00:00-04:00,331.8447976030305,334.0061593007357,329.9214020249088,330.912841796875,303900,0.0,0.0
2021-06-16 00:00:00-04:00,330.37746122923556,330.37746122923556,323.883513058006,325.7672424316406,225500,0.0,0.0
2021-06-17 00:00:00-04:00,326.0448294917718,326.114237528945,320.2647496323702,322.8424987792969,213300,0.0,0.0
2021-06-18 00:00:00-04:00,319.739321176363,322.3666304773969,317.3003878493976,318.3116455078125,289400,0.0,0.0
2021-06-21 00:00:00-04:00,321.37515934555955,326.2827977591057,320.3143116491332,325.73748779296875,156700,0.0,0.0
2021-06-22 00:00:00-04:00,325.1922315912483,326.897509137895,321.3851066570383,324.8848876953125,123100,0.0,0.0
2021-06-23 00:00:00-04:00,326.59014655461544,326.59014655461544,322.5054199398562,323.69512939453125,158000,0.0,0.0
2021-06-24 00:00:00-04:00,326.01509768539006,329.97096259532236,323.05070271490916,327.80963134765625,245500,0.0,0.0
2021-06-25 00:00:00-04:00,327.8195491090154,329.7330205756333,327.6510212941287,328.1764831542969,249200,0.0,0.0
2021-06-28 00:00:00-04:00,328.67219715692977,336.88131697558083,326.42160958808813,334.8984375,259600,0.0,0.0
2021-06-29 00:00:00-04:00,336.52883313344444,346.71884359135106,335.57442982210904,345.8638610839844,380500,0.92,0.0
2021-06-30 00:00:00-04:00,345.45623159145396,350.92404167850566,342.55333849869567,348.7468566894531,662200,0.0,0.0
2021-07-01 00:00:00-04:00,348.418828523594,348.70713975460257,342.811822817485,344.0445861816406,298800,0.0,0.0
2021-07-02 00:00:00-04:00,343.78608637886873,345.93344825620943,343.6170983222872,345.05859375,118100,0.0,0.0
2021-07-06 00:00:00-04:00,346.5100462989609,346.5100462989609,338.7060138818243,343.1001281738281,197500,0.0,0.0
2021-07-07 00:00:00-04:00,342.03637566314154,352.5445201891752,341.94690604440234,351.83868408203125,185300,0.0,0.0
2021-07-08 00:00:00-04:00,347.17615433847646,347.17615433847646,338.30834622993905,339.5311584472656,226800,0.0,0.0
2021-07-09 00:00:00-04:00,342.05629830247744,343.03054332358874,337.5925559098801,340.14752197265625,220100,0.0,0.0
2021-07-12 00:00:00-04:00,339.8989588178407,342.0264486214207,336.47908964838166,340.61474609375,235200,0.0,0.0
2021-07-13 00:00:00-04:00,338.606579951658,340.9030578113043,333.67561778754396,334.2025146484375,164200,0.0,0.0
2021-07-14 00:00:00-04:00,318.1271619812781,326.2195362268826,308.2353834028346,308.5932922363281,1039200,0.0,0.0
2021-07-15 00:00:00-04:00,306.54533238002693,317.32188569483833,296.91204241613127,315.562255859375,687800,0.0,0.0
2021-07-16 00:00:00-04:00,317.4809520061509,319.55871625966967,314.43886364081067,316.04937744140625,251800,0.0,0.0
2021-07-19 00:00:00-04:00,310.48215634068595,317.6102061867911,310.48215634068595,315.2839050292969,279900,0.0,0.0
2021-07-20 00:00:00-04:00,317.65991003316515,326.0107419288565,315.06519994293075,323.7142639160156,319000,0.0,0.0
2021-07-21 00:00:00-04:00,324.59905260988364,326.54757287086585,317.9283022188644,318.82305908203125,296100,0.0,0.0
2021-07-22 00:00:00-04:00,320.2844946941731,320.56285476433584,312.9079073264013,314.2002868652344,225200,0.0,0.0
2021-07-23 00:00:00-04:00,316.6955915201196,320.39382104069665,315.54237690198585,318.73358154296875,237400,0.0,0.0
2021-07-26 00:00:00-04:00,310.17398226415213,326.08034032898047,308.18568750604857,325.4043273925781,390400,0.0,0.0
2021-07-27 00:00:00-04:00,324.81777995262274,331.7768115175667,321.96455152626095,330.1364440917969,397600,0.0,0.0
2021-07-28 00:00:00-04:00,330.27565610782716,331.66745642391095,320.6125420004862,325.3546142578125,277500,0.0,0.0
2021-07-29 00:00:00-04:00,328.2674915929963,332.8902710475428,324.84762202677047,331.99554443359375,176100,0.0,0.0
2021-07-30 00:00:00-04:00,331.0510664338871,334.3317405422388,326.95518421993114,327.501953125,380500,0.0,0.0
2021-08-02 00:00:00-04:00,329.9078073675506,333.6457808093341,326.51776123046875,326.51776123046875,331200,0.0,0.0
2021-08-03 00:00:00-04:00,328.95344039983917,334.69961102991005,327.1838289419604,330.4844055175781,501500,0.0,0.0
2021-08-04 00:00:00-04:00,329.1423028463969,335.49491919866875,326.7265319824219,326.7265319824219,415200,0.0,0.0
2021-08-05 00:00:00-04:00,328.10838671621224,331.1603959005652,324.34055991606925,327.67095947265625,373300,0.0,0.0
2021-08-06 00:00:00-04:00,328.943481228893,333.73527875482336,326.7961193043395,331.84637451171875,233100,0.0,0.0
2021-08-09 00:00:00-04:00,331.62766430297256,335.3557169176241,329.79843679405997,332.80078125,222500,0.0,0.0
2021-08-10 00:00:00-04:00,333.20838550005396,339.2329161016516,332.15456138185874,337.2744445800781,288200,0.0,0.0
2021-08-11 00:00:00-04:00,339.28263133844735,343.1399281942703,337.6522453408457,342.3943176269531,205400,0.0,0.0
2021-08-12 00:00:00-04:00,342.9708852509385,343.62702614392134,338.49722216703077,338.984375,241800,0.0,0.0
2021-08-13 00:00:00-04:00,338.51709737453,339.4714702609573,335.7931132181301,338.4872741699219,170700,0.0,0.0
2021-08-16 00:00:00-04:00,336.9761640999414,340.117673243921,335.62413831945224,337.2247009277344,293700,0.0,0.0
2021-08-17 00:00:00-04:00,333.158667651191,335.6142129119222,330.3154206855921,332.1645202636719,233800,0.0,0.0
2021-08-18 00:00:00-04:00,331.59782258488184,332.3633354292979,323.5551745005135,323.9230041503906,223700,0.0,0.0
2021-08-19 00:00:00-04:00,320.8213018486982,328.88385311158186,320.62249057029015,328.2674865722656,213000,0.0,0.0
2021-08-20 00:00:00-04:00,328.2475428197496,333.79490165209404,328.05865240874704,331.6972351074219,182500,0.0,0.0
2021-08-23 00:00:00-04:00,331.7370422200774,332.56217119772526,328.8838440888897,329.3908386230469,163500,0.0,0.0
2021-08-24 00:00:00-04:00,329.3908412445936,333.23821712705256,327.3031559976255,328.6551818847656,207700,0.0,0.0
2021-08-25 00:00:00-04:00,330.9814835268196,332.0750517244578,328.9931887452849,329.5002136230469,196600,0.0,0.0
2021-08-26 00:00:00-04:00,329.99726351678,329.99726351678,326.61716869976055,327.0545959472656,214100,0.0,0.0
2021-08-27 00:00:00-04:00,327.35286466140485,332.97974275802255,325.4043441927755,331.8663024902344,273100,0.0,0.0
2021-08-30 00:00:00-04:00,332.73118933376634,337.19490136544596,331.3990354840639,333.7452087402344,116800,0.0,0.0
2021-08-31 00:00:00-04:00,334.75923878940915,334.75923878940915,330.82239354869915,333.2182922363281,220700,0.0,0.0
2021-09-01 00:00:00-04:00,334.22239959574114,334.4510644079774,329.3311812908564,332.8206481933594,132300,0.0,0.0
2021-09-02 00:00:00-04:00,333.80485268309536,335.5645129511578,331.1305938212225,333.0294189453125,145100,0.0,0.0
2021-09-03 00:00:00-04:00,332.4428477305531,333.18845819810326,330.4843763555628,330.84228515625,121300,0.0,0.0
2021-09-07 00:00:00-04:00,328.8838496770497,332.37328641553836,322.7499468787112,322.83941650390625,262200,0.0,0.0
2021-09-08 00:00:00-04:00,323.03825572766925,327.6411630032179,321.6762786559436,326.5972900390625,202200,0.0,0.0
2021-09-09 00:00:00-04:00,327.2435032147814,328.0686321829432,323.02829773441607,323.843505859375,222800,0.0,0.0
2021-09-10 00:00:00-04:00,325.0563620986454,326.62710157146546,319.46925881398647,319.509033203125,237300,0.0,0.0
2021-09-13 00:00:00-04:00,324.39028570672406,326.85578219004367,317.90845555632984,318.84295654296875,340900,0.0,0.0
2021-09-14 00:00:00-04:00,319.3698563261022,320.13533891184244,305.81962223692585,311.4564514160156,427100,0.0,0.0
2021-09-15 00:00:00-04:00,312.3113776809177,314.79674600615016,304.0102414068475,310.5915222167969,510500,0.0,0.0
2021-09-16 00:00:00-04:00,311.7546511939363,312.18212725573545,306.3464874022973,308.8020324707031,263900,0.0,0.0
2021-09-17 00:00:00-04:00,307.36054841512555,307.9570125517503,302.8272086039923,304.0400695800781,630300,0.0,0.0
2021-09-20 00:00:00-04:00,299.5763614613583,306.9827714200369,299.5763614613583,305.11376953125,317000,0.0,0.0
2021-09-21 00:00:00-04:00,305.9588000496978,306.41609933863396,302.61844915663306,304.1494445800781,231200,0.0,0.0
2021-09-22 00:00:00-04:00,305.9090737046861,306.02836653289205,302.1015026892541,303.9108581542969,319600,0.0,0.0
2021-09-23 00:00:00-04:00,304.7359893286714,307.49971777846497,304.5172756957106,306.8038024902344,159300,0.0,0.0
2021-09-24 00:00:00-04:00,306.7441511737466,308.9114154435309,305.6704853902595,306.8236999511719,121700,0.0,0.0
2021-09-27 00:00:00-04:00,304.9547068731429,308.8915219779628,304.3880355887984,306.4260559082031,155000,0.0,0.0
2021-09-28 00:00:00-04:00,305.1237434385786,308.5237106690913,300.4611895514079,300.5506591796875,275800,0.0,0.0
2021-09-29 00:00:00-04:00,301.4381366197119,303.691747106574,298.51637041278303,299.63323974609375,158600,0.92,0.0
2021-09-30 00:00:00-04:00,300.5506088453977,301.21873408666534,293.34100341796875,293.34100341796875,328000,0.0,0.0
2021-10-01 00:00:00-04:00,294.7769279152519,298.6759128101067,291.80534531874093,296.55194091796875,292100,0.0,0.0
2021-10-04 00:00:00-04:00,294.7968754006808,296.98070608830784,292.86234017573645,295.1857604980469,215600,0.0,0.0
2021-10-05 00:00:00-04:00,295.4051663759841,300.0221235992366,293.1714885820353,298.4665222167969,603400,0.0,0.0
2021-10-06 00:00:00-04:00,297.060477809759,298.93518462484883,294.11880950444345,296.1829528808594,495800,0.0,0.0
2021-10-07 00:00:00-04:00,297.07045313373715,305.546498988514,297.07045313373715,303.1133728027344,416100,0.0,0.0
2021-10-08 00:00:00-04:00,303.5022668645302,303.5022668645302,293.97919194275084,294.218505859375,280900,0.0,0.0
2021-10-11 00:00:00-04:00,293.291122644753,298.53630894590145,292.8723233068764,294.5276184082031,124200,0.0,0.0
2021-10-12 00:00:00-04:00,295.20574431668047,299.174508884747,293.93930380121725,296.9208984375,331400,0.0,0.0
2021-10-13 00:00:00-04:00,297.81835746303756,300.93954175829094,295.42512692862374,300.43096923828125,269900,0.0,0.0
2021-10-14 00:00:00-04:00,303.462393717171,308.5679600180637,301.2187345116289,308.31866455078125,152700,0.0,0.0
2021-10-15 00:00:00-04:00,309.9340990381689,312.4370353059745,307.9098210302153,308.2987365722656,140900,0.0,0.0
2021-10-18 00:00:00-04:00,307.0721868815254,313.13503924936987,304.85844191719366,312.22760009765625,146200,0.0,0.0
2021-10-19 00:00:00-04:00,314.5809606729307,314.5809606729307,307.4012391520875,308.3385925292969,274700,0.0,0.0
2021-10-20 00:00:00-04:00,309.2959134097431,310.94125740574657,307.949711801531,310.14349365234375,226300,0.0,0.0
2021-10-21 00:00:00-04:00,309.7147193707362,311.02102521129785,305.01800119259786,309.7247009277344,232200,0.0,0.0
2021-10-22 00:00:00-04:00,310.5623270806432,315.79753194961353,308.49815328587096,311.30023193359375,244800,0.0,0.0
2021-10-25 00:00:00-04:00,295.73424947347667,323.7650186522583,289.69132946962543,303.4324951171875,859200,0.0,0.0
2021-10-26 00:00:00-04:00,302.05637282406576,308.45826357706125,301.4879718377823,301.8968200683594,456900,0.0,0.0
2021-10-27 00:00:00-04:00,303.38261450036885,306.71319842732174,295.71428317945737,296.1530456542969,345700,0.0,0.0
2021-10-28 00:00:00-04:00,297.78843959180796,299.8625645812575,294.8567223326329,297.06048583984375,301700,0.0,0.0
2021-10-29 00:00:00-04:00,296.50204923861656,300.7300905674908,295.91371559570814,298.43658447265625,291300,0.0,0.0
2021-11-01 00:00:00-04:00,299.6232514436848,304.21029434246583,296.5120487355865,302.1361389160156,461200,0.0,0.0
2021-11-02 00:00:00-04:00,302.2358708040704,307.3913148282211,298.24714304062246,304.8385314941406,352000,0.0,0.0
2021-11-03 00:00:00-04:00,304.1005852617106,305.7459293188279,298.7557048574742,299.1545715332031,231500,0.0,0.0
2021-11-04 00:00:00-04:00,299.94236422947415,304.13051011819283,299.4736875004485,300.1517639160156,292700,0.0,0.0
2021-11-05 00:00:00-04:00,302.8042703967176,305.047929753156,298.77564685364865,301.32843017578125,443300,0.0,0.0
2021-11-08 00:00:00-05:00,302.0862857408394,302.8940006413569,296.1929370889172,300.7301025390625,311000,0.0,0.0
2021-11-09 00:00:00-05:00,300.9494763143719,308.74744584448536,300.9494763143719,308.7075500488281,170500,0.0,0.0
2021-11-10 00:00:00-05:00,308.7773691819149,310.9711815340711,307.0323008572922,308.4084167480469,153800,0.0,0.0
2021-11-11 00:00:00-05:00,308.8771026600472,311.73900992863594,306.67333911671227,310.45263671875,194200,0.0,0.0
2021-11-12 00:00:00-05:00,310.64207812059686,321.6709069173888,308.0992765825703,318.7691345214844,271200,0.0,0.0
2021-11-15 00:00:00-05:00,318.6893585430787,321.7507142678787,313.2447539108678,313.7533264160156,201300,0.0,0.0
2021-11-16 00:00:00-05:00,313.0452918382148,323.51570129570155,312.1179200184154,320.454345703125,251600,0.0,0.0
2021-11-17 00:00:00-05:00,321.0925576673635,321.99001525154733,317.6622496478197,321.232177734375,176500,0.0,0.0
2021-11-18 00:00:00-05:00,322.60827384654567,322.60827384654567,316.3958501528857,318.1907653808594,160300,0.0,0.0
2021-11-19 00:00:00-05:00,320.0853984540493,324.71233693425955,319.6665991106707,322.9074401855469,162900,0.0,0.0
2021-11-22 00:00:00-05:00,323.83482245268806,328.37198793104966,320.05549452585524,321.6908874511719,223000,0.0,0.0
2021-11-23 00:00:00-05:00,320.51422842397386,324.4231645368347,317.23349136271116,320.7435607910156,127600,0.0,0.0
2021-11-24 00:00:00-05:00,320.9230453765331,323.1068762257455,317.4129759576107,317.75201416015625,118800,0.0,0.0
2021-11-26 00:00:00-05:00,314.2917950571742,321.9800896888994,314.2917950571742,316.56536865234375,161700,0.0,0.0
2021-11-29 00:00:00-05:00,318.76914191463953,321.91025872022215,313.81314680127116,321.21221923828125,218100,0.0,0.0
2021-11-30 00:00:00-05:00,320.2250280228903,327.23521555402033,308.1292067216889,308.1491394042969,582500,0.0,0.0
2021-12-01 00:00:00-05:00,310.4825431209026,315.18924292654066,300.70019107408154,301.1090393066406,273800,0.0,0.0
2021-12-02 00:00:00-05:00,300.40104977258227,312.8259278249071,300.40104977258227,310.7418212890625,170200,0.0,0.0
2021-12-03 00:00:00-05:00,311.2105027754516,316.15651659393234,308.29874860124346,315.1493835449219,230300,0.0,0.0
2021-12-06 00:00:00-05:00,322.6381929912838,328.5515048122878,320.01563014527443,326.89617919921875,420700,0.0,0.0
2021-12-07 00:00:00-05:00,330.31651049449096,333.0886750105854,325.6297433050326,326.876220703125,317400,0.0,0.0
2021-12-08 00:00:00-05:00,327.3349307125313,332.9889348794183,325.53998508578604,331.7624206542969,349900,0.0,0.0
2021-12-09 00:00:00-05:00,330.595725125937,333.8365664091253,326.806445952071,326.9859313964844,285100,0.0,0.0
2021-12-10 00:00:00-05:00,328.0529133874275,330.96466750235476,324.48298513318827,330.80511474609375,234800,0.0,0.0
2021-12-13 00:00:00-05:00,331.45331861641,333.0587669276766,328.0030472039682,330.3663635253906,253500,0.0,0.0
2021-12-14 00:00:00-05:00,329.07999392659025,330.65552786865015,318.17082199107324,323.1866455078125,235100,0.0,0.0
2021-12-15 00:00:00-05:00,326.06848789765013,326.06848789765013,311.90852369099184,321.3518371582031,352200,0.0,0.0
2021-12-16 00:00:00-05:00,324.2735897804708,325.47022025260384,319.3475086796604,324.0143127441406,259800,0.0,0.0
2021-12-17 00:00:00-05:00,321.48147154702866,324.2336727622832,310.9811174418178,311.5993957519531,488800,0.0,0.0
2021-12-20 00:00:00-05:00,310.20333525937434,310.32302265113225,302.2557942171959,307.0921325683594,245400,0.0,0.0
2021-12-21 00:00:00-05:00,310.3230268095976,313.25474409962726,306.0251751532326,313.0652770996094,157700,0.0,0.0
2021-12-22 00:00:00-05:00,312.8259110786926,315.08953336479186,310.3728522372728,312.6364440917969,110700,0.0,0.0
2021-12-23 00:00:00-05:00,312.7162409250318,316.9143680823507,312.7162409250318,315.2191467285156,148700,0.0,0.0
2021-12-27 00:00:00-05:00,319.008466313219,320.12530517578125,312.7561467353517,320.12530517578125,96600,0.0,0.0
2021-12-28 00:00:00-05:00,320.2350130025855,324.68243579781677,320.1951172053666,321.940185546875,120200,0.0,0.0
2021-12-29 00:00:00-05:00,321.6011279812427,326.1682074615044,321.6011279812427,325.53997802734375,86900,0.0,0.0
2021-12-30 00:00:00-05:00,327.1199951171875,327.32000732421875,322.6600036621094,323.1099853515625,96400,0.92,0.0
2021-12-31 00:00:00-05:00,321.489990234375,326.1000061035156,321.45001220703125,324.3599853515625,81200,0.0,0.0
2022-01-03 00:00:00-05:00,323.8900146484375,324.0400085449219,311.1300048828125,314.1199951171875,335800,0.0,0.0
2022-01-04 00:00:00-05:00,316.1499938964844,323.8900146484375,313.5400085449219,315.1700134277344,208700,0.0,0.0
2022-01-05 00:00:00-05:00,316.55999755859375,318.4100036621094,308.7099914550781,308.760009765625,193800,0.0,0.0
2022-01-06 00:00:00-05:00,309.69000244140625,312.42999267578125,307.82000732421875,309.0400085449219,208500,0.0,0.0
2022-01-07 00:00:00-05:00,308.0199890136719,312.9599914550781,304.3500061035156,304.9800109863281,247600,0.0,0.0
2022-01-10 00:00:00-05:00,303.8299865722656,305.9800109863281,297.0,305.79998779296875,186000,0.0,0.0
2022-01-11 00:00:00-05:00,307.7200012207031,308.6499938964844,303.2200012207031,308.5799865722656,216100,0.0,0.0
2022-01-12 00:00:00-05:00,309.4700012207031,311.8800048828125,304.8800048828125,305.8800048828125,163200,0.0,0.0
2022-01-13 00:00:00-05:00,307.5400085449219,309.2799987792969,299.2699890136719,300.95001220703125,223300,0.0,0.0
2022-01-14 00:00:00-05:00,297.6499938964844,297.7200012207031,289.8299865722656,291.4200134277344,219700,0.0,0.0
2022-01-18 00:00:00-05:00,287.0400085449219,294.2699890136719,283.0899963378906,292.8399963378906,269600,0.0,0.0
2022-01-19 00:00:00-05:00,294.6099853515625,297.30999755859375,290.5,290.7699890136719,220800,0.0,0.0
2022-01-20 00:00:00-05:00,292.510009765625,295.5299987792969,283.05999755859375,283.8299865722656,233500,0.0,0.0
2022-01-21 00:00:00-05:00,283.2799987792969,287.9800109863281,280.1400146484375,280.4599914550781,167400,0.0,0.0
2022-01-24 00:00:00-05:00,276.4200134277344,289.19000244140625,273.9700012207031,288.6000061035156,275800,0.0,0.0
2022-01-25 00:00:00-05:00,284.95001220703125,286.3399963378906,276.2099914550781,283.79998779296875,339400,0.0,0.0
2022-01-26 00:00:00-05:00,285.9100036621094,288.8399963378906,271.5199890136719,275.1300048828125,265000,0.0,0.0
2022-01-27 00:00:00-05:00,276.1300048828125,279.7200012207031,269.45001220703125,272.45001220703125,244700,0.0,0.0
2022-01-28 00:00:00-05:00,273.5299987792969,279.5299987792969,269.0299987792969,279.2300109863281,256300,0.0,0.0
2022-01-31 00:00:00-05:00,277.70001220703125,283.79998779296875,277.70001220703125,283.6199951171875,379700,0.0,0.0
2022-02-01 00:00:00-05:00,284.7300109863281,287.32000732421875,271.3399963378906,277.2699890136719,500800,0.0,0.0
2022-02-02 00:00:00-05:00,279.94000244140625,284.1400146484375,270.1199951171875,272.1499938964844,470500,0.0,0.0
2022-02-03 00:00:00-05:00,269.4599914550781,271.239990234375,265.20001220703125,268.739990234375,352500,0.0,0.0
2022-02-04 00:00:00-05:00,267.5799865722656,270.5199890136719,260.489990234375,266.9800109863281,336200,0.0,0.0
2022-02-07 00:00:00-05:00,268.1300048828125,271.0299987792969,264.1199951171875,268.95001220703125,338300,0.0,0.0
2022-02-08 00:00:00-05:00,268.3800048828125,276.8699951171875,267.2099914550781,273.260009765625,330900,0.0,0.0
2022-02-09 00:00:00-05:00,276.5400085449219,279.5,273.0400085449219,275.5199890136719,1512200,0.0,0.0
2022-02-10 00:00:00-05:00,270.2099914550781,273.1700134277344,264.8900146484375,266.5799865722656,332900,0.0,0.0
2022-02-11 00:00:00-05:00,266.7900085449219,269.95001220703125,261.2200012207031,263.2300109863281,248800,0.0,0.0
2022-02-14 00:00:00-05:00,263.9800109863281,265.55999755859375,260.32000732421875,262.75,344200,0.0,0.0
2022-02-15 00:00:00-05:00,264.3500061035156,268.239990234375,263.69000244140625,265.1499938964844,192300,0.0,0.0
2022-02-16 00:00:00-05:00,263.20001220703125,265.6300048828125,260.0,261.92999267578125,296700,0.0,0.0
2022-02-17 00:00:00-05:00,258.7200012207031,259.1700134277344,252.57000732421875,252.74000549316406,546700,0.0,0.0
2022-02-18 00:00:00-05:00,253.2100067138672,255.27999877929688,249.24000549316406,251.97999572753906,391800,0.0,0.0
2022-02-22 00:00:00-05:00,250.74000549316406,253.82000732421875,246.3300018310547,251.8699951171875,354200,0.0,0.0
2022-02-23 00:00:00-05:00,251.64999389648438,253.1999969482422,248.86000061035156,249.14999389648438,461700,0.0,0.0
2022-02-24 00:00:00-05:00,244.27000427246094,257.0299987792969,243.9199981689453,255.82000732421875,563400,0.0,0.0
2022-02-25 00:00:00-05:00,255.11000061035156,264.8699951171875,253.72000122070312,264.3800048828125,388900,0.0,0.0
2022-02-28 00:00:00-05:00,260.80999755859375,272.2099914550781,260.80999755859375,266.92999267578125,665000,0.0,0.0
2022-03-01 00:00:00-05:00,271.5199890136719,271.5199890136719,262.70001220703125,267.5199890136719,439800,0.0,0.0
2022-03-02 00:00:00-05:00,266.30999755859375,275.2300109863281,264.3900146484375,274.6499938964844,450300,0.0,0.0
2022-03-03 00:00:00-05:00,276.6700134277344,277.7900085449219,271.05999755859375,273.6700134277344,275400,0.0,0.0
2022-03-04 00:00:00-05:00,271.1700134277344,275.07000732421875,266.760009765625,269.6400146484375,272000,0.0,0.0
2022-03-07 00:00:00-05:00,268.8500061035156,269.3299865722656,258.9700012207031,259.1099853515625,320800,0.0,0.0
2022-03-08 00:00:00-05:00,259.70001220703125,260.9599914550781,252.2100067138672,252.6300048828125,551700,0.0,0.0
2022-03-09 00:00:00-05:00,257.739990234375,263.30999755859375,255.14999389648438,261.29998779296875,277500,0.0,0.0
2022-03-10 00:00:00-05:00,257.20001220703125,259.8699951171875,254.5,255.99000549316406,330400,0.0,0.0
2022-03-11 00:00:00-05:00,257.9800109863281,260.3500061035156,256.239990234375,256.2799987792969,263600,0.0,0.0
2022-03-14 00:00:00-04:00,257.3399963378906,263.8800048828125,255.8000030517578,263.19000244140625,433200,0.0,0.0
2022-03-15 00:00:00-04:00,264.8399963378906,269.25,262.6400146484375,268.489990234375,305300,0.0,0.0
2022-03-16 00:00:00-04:00,270.0,271.8299865722656,263.4599914550781,269.4700012207031,269400,0.0,0.0
2022-03-17 00:00:00-04:00,267.6400146484375,272.20001220703125,267.6400146484375,271.42999267578125,185300,0.0,0.0
2022-03-18 00:00:00-04:00,270.75,277.4800109863281,267.79998779296875,276.6600036621094,422500,0.0,0.0
2022-03-21 00:00:00-04:00,274.2799987792969,279.30999755859375,268.7300109863281,274.5899963378906,356000,0.0,0.0
2022-03-22 00:00:00-04:00,275.010009765625,276.67999267578125,272.42999267578125,275.4200134277344,219200,0.0,0.0
2022-03-23 00:00:00-04:00,271.32000732421875,271.510009765625,261.0199890136719,262.8500061035156,403100,0.0,0.0
2022-03-24 00:00:00-04:00,263.9700012207031,263.9700012207031,258.94000244140625,261.3900146484375,318000,0.0,0.0
2022-03-25 00:00:00-04:00,262.239990234375,262.239990234375,256.92999267578125,260.2300109863281,295300,0.0,0.0
2022-03-28 00:00:00-04:00,258.32000732421875,263.3599853515625,258.32000732421875,262.5,242700,0.0,0.0
2022-03-29 00:00:00-04:00,266.44000244140625,270.6199951171875,264.3399963378906,268.2799987792969,240200,0.0,0.0
2022-03-30 00:00:00-04:00,265.69000244140625,268.8299865722656,264.80999755859375,266.9599914550781,203100,0.0,0.0
2022-03-31 00:00:00-04:00,267.3900146484375,267.8900146484375,256.9599914550781,257.8599853515625,341200,0.0,0.0
2022-04-01 00:00:00-04:00,259.4800109863281,262.2900085449219,256.17999267578125,262.2300109863281,257900,0.0,0.0
2022-04-04 00:00:00-04:00,260.7699890136719,265.0400085449219,259.29998779296875,261.67999267578125,343400,0.0,0.0
2022-04-05 00:00:00-04:00,262.3599853515625,266.1400146484375,260.19000244140625,262.1600036621094,322500,0.0,0.0
2022-04-06 00:00:00-04:00,259.9599914550781,260.94000244140625,257.3999938964844,259.2799987792969,239100,0.0,0.0
2022-04-07 00:00:00-04:00,257.4100036621094,258.8999938964844,253.41000366210938,257.7900085449219,359900,0.0,0.0
2022-04-08 00:00:00-04:00,256.8900146484375,260.3299865722656,253.7100067138672,254.89999389648438,358400,0.0,0.0
2022-04-11 00:00:00-04:00,253.1300048828125,255.3300018310547,246.8800048828125,247.22999572753906,614900,0.0,0.0
2022-04-12 00:00:00-04:00,249.3300018310547,253.5399932861328,242.1699981689453,242.6199951171875,408900,0.0,0.0
2022-04-13 00:00:00-04:00,243.1300048828125,247.94000244140625,243.11000061035156,247.07000732421875,349200,0.0,0.0
2022-04-14 00:00:00-04:00,246.91000366210938,246.91000366210938,239.5500030517578,239.9600067138672,250100,0.0,0.0
2022-04-18 00:00:00-04:00,239.99000549316406,242.47999572753906,236.77999877929688,237.82000732421875,312600,0.0,0.0
2022-04-19 00:00:00-04:00,239.00999450683594,246.86000061035156,239.00999450683594,246.47000122070312,296500,0.0,0.0
2022-04-20 00:00:00-04:00,249.5500030517578,252.97000122070312,248.6199951171875,250.77000427246094,232500,0.0,0.0
2022-04-21 00:00:00-04:00,254.69000244140625,258.5299987792969,250.24000549316406,252.27999877929688,286500,0.0,0.0
2022-04-22 00:00:00-04:00,250.47999572753906,250.47999572753906,245.3300018310547,246.83999633789062,358200,0.0,0.0
2022-04-25 00:00:00-04:00,240.92999267578125,247.5,232.0,238.94000244140625,422900,0.0,0.0
2022-04-26 00:00:00-04:00,234.64999389648438,236.0,223.6199951171875,224.07000732421875,547300,0.0,0.0
2022-04-27 00:00:00-04:00,224.3800048828125,228.72999572753906,223.19000244140625,223.6999969482422,318900,0.0,0.0
2022-04-28 00:00:00-04:00,222.52000427246094,224.66000366210938,216.8300018310547,222.99000549316406,332000,0.0,0.0
2022-04-29 00:00:00-04:00,220.3300018310547,221.94000244140625,212.60000610351562,213.19000244140625,340000,0.0,0.0
2022-05-02 00:00:00-04:00,213.77000427246094,219.30999755859375,210.91000366210938,216.58999633789062,233100,0.0,0.0
2022-05-03 00:00:00-04:00,217.55999755859375,218.50999450683594,214.1199951171875,215.74000549316406,275300,0.0,0.0
2022-05-04 00:00:00-04:00,213.52999877929688,222.2899932861328,210.2899932861328,221.85000610351562,356100,0.0,0.0
2022-05-05 00:00:00-04:00,219.25,219.9499969482422,211.64999389648438,213.52000427246094,317600,0.0,0.0
2022-05-06 00:00:00-04:00,212.3300018310547,213.41000366210938,206.57000732421875,212.74000549316406,253100,0.0,0.0
2022-05-09 00:00:00-04:00,209.66000366210938,218.8000030517578,209.5500030517578,215.8300018310547,363300,0.0,0.0
2022-05-10 00:00:00-04:00,218.3800048828125,220.6300048828125,212.77000427246094,216.25,524400,0.0,0.0
2022-05-11 00:00:00-04:00,215.94000244140625,218.82000732421875,208.8000030517578,209.50999450683594,294100,0.0,0.0
2022-05-12 00:00:00-04:00,207.5399932861328,218.52000427246094,207.0800018310547,217.82000732421875,411500,0.0,0.0
2022-05-13 00:00:00-04:00,216.97000122070312,222.9499969482422,216.97000122070312,221.6300048828125,485500,0.0,0.0
2022-05-16 00:00:00-04:00,220.27999877929688,220.49000549316406,214.49000549316406,215.22000122070312,283700,0.0,0.0
2022-05-17 00:00:00-04:00,217.27000427246094,218.67999267578125,210.5,215.5800018310547,668700,0.0,0.0
2022-05-18 00:00:00-04:00,212.35000610351562,212.35000610351562,201.82000732421875,202.55999755859375,426600,0.0,0.0
2022-05-19 00:00:00-04:00,201.30999755859375,208.6699981689453,199.6699981689453,206.55999755859375,430900,0.0,0.0
2022-05-20 00:00:00-04:00,210.25999450683594,210.4499969482422,203.61000061035156,207.75,342600,0.0,0.0
2022-05-23 00:00:00-04:00,209.27999877929688,209.27999877929688,203.88999938964844,204.97000122070312,282100,0.0,0.0
2022-05-24 00:00:00-04:00,202.99000549316406,203.5800018310547,198.7100067138672,201.72000122070312,360400,0.0,0.0
2022-05-25 00:00:00-04:00,201.32000732421875,207.9499969482422,199.99000549316406,205.3000030517578,269800,0.0,0.0
2022-05-26 00:00:00-04:00,206.89999389648438,212.66000366210938,205.39999389648438,208.47999572753906,210800,0.0,0.0
2022-05-27 00:00:00-04:00,209.25,212.4600067138672,208.58999633789062,211.50999450683594,297900,0.0,0.0
2022-05-31 00:00:00-04:00,209.30999755859375,209.44000244140625,205.07000732421875,208.89999389648438,589700,0.0,0.0
2022-06-01 00:00:00-04:00,209.83999633789062,210.77999877929688,205.1999969482422,206.7899932861328,407600,0.0,0.0
2022-06-02 00:00:00-04:00,209.0399932861328,214.44000244140625,207.42999267578125,213.85000610351562,248200,0.0,0.0
2022-06-03 00:00:00-04:00,211.16000366210938,212.80999755859375,209.52999877929688,210.75,172300,0.0,0.0
2022-06-06 00:00:00-04:00,212.36000061035156,213.4499969482422,210.3000030517578,211.60000610351562,148500,0.0,0.0
2022-06-07 00:00:00-04:00,209.38999938964844,213.8800048828125,207.5,213.7100067138672,151700,0.0,0.0
2022-06-08 00:00:00-04:00,212.86000061035156,212.86000061035156,209.5800018310547,209.9600067138672,177200,0.0,0.0
2022-06-09 00:00:00-04:00,208.58999633789062,210.5399932861328,206.0800018310547,206.25999450683594,506400,0.0,0.0
2022-06-10 00:00:00-04:00,203.00999450683594,204.74000549316406,199.80999755859375,201.39999389648438,276800,0.0,0.0
2022-06-13 00:00:00-04:00,196.74000549316406,199.89999389648438,195.4199981689453,197.4600067138672,307400,0.0,0.0
2022-06-14 00:00:00-04:00,198.27999877929688,200.3000030517578,192.9499969482422,195.49000549316406,330000,0.0,0.0
2022-06-15 00:00:00-04:00,197.5500030517578,200.27000427246094,195.16000366210938,197.3699951171875,323100,0.0,0.0
2022-06-16 00:00:00-04:00,192.4600067138672,192.99000549316406,184.77000427246094,186.27000427246094,442900,0.0,0.0
2022-06-17 00:00:00-04:00,188.07000732421875,190.3800048828125,182.85000610351562,186.4499969482422,509800,0.0,0.0
2022-06-21 00:00:00-04:00,187.83999633789062,190.7100067138672,185.02000427246094,186.88999938964844,277500,0.0,0.0
2022-06-22 00:00:00-04:00,184.27000427246094,188.91000366210938,184.27000427246094,188.2899932861328,307900,0.0,0.0
2022-06-23 00:00:00-04:00,187.22999572753906,198.5399932861328,187.22999572753906,198.16000366210938,441900,0.0,0.0
2022-06-24 00:00:00-04:00,199.6999969482422,205.82000732421875,199.6999969482422,203.63999938964844,440000,0.0,0.0
2022-06-27 00:00:00-04:00,204.5,204.67999267578125,201.83999633789062,203.32000732421875,267800,0.0,0.0
2022-06-28 00:00:00-04:00,203.7100067138672,206.38999938964844,201.9499969482422,202.4600067138672,351800,0.0,0.0
2022-06-29 00:00:00-04:00,200.2899932861328,203.8300018310547,197.9199981689453,202.58999633789062,288700,0.0,0.0
2022-06-30 00:00:00-04:00,201.8300018310547,209.14999389648438,200.5,206.58999633789062,459600,0.0,0.0
2022-07-01 00:00:00-04:00,205.8300018310547,212.49000549316406,205.8300018310547,211.97000122070312,474000,0.0,0.0
2022-07-05 00:00:00-04:00,209.3800048828125,217.27000427246094,208.1699981689453,216.86000061035156,560100,0.0,0.0
2022-07-06 00:00:00-04:00,218.10000610351562,220.22000122070312,214.75999450683594,216.88999938964844,468200,0.0,0.0
2022-07-07 00:00:00-04:00,215.64999389648438,218.32000732421875,213.2899932861328,218.14999389648438,362500,0.0,0.0
2022-07-08 00:00:00-04:00,221.47999572753906,221.5500030517578,212.91000366210938,214.49000549316406,448800,0.0,0.0
2022-07-11 00:00:00-04:00,213.22999572753906,217.91000366210938,211.52999877929688,215.97999572753906,319200,0.0,0.0
2022-07-12 00:00:00-04:00,215.74000549316406,220.36000061035156,215.74000549316406,216.22999572753906,357700,0.0,0.0
2022-07-13 00:00:00-04:00,213.7100067138672,218.57000732421875,211.08999633789062,215.85000610351562,343200,0.0,0.0
2022-07-14 00:00:00-04:00,213.9199981689453,214.52999877929688,209.6999969482422,213.22999572753906,234500,0.0,0.0
2022-07-15 00:00:00-04:00,215.9199981689453,218.33999633789062,210.8000030517578,216.22000122070312,329800,0.0,0.0
2022-07-18 00:00:00-04:00,216.08999633789062,220.0399932861328,211.77999877929688,212.22999572753906,232000,0.0,0.0
2022-07-19 00:00:00-04:00,214.8300018310547,220.50999450683594,213.4600067138672,219.8300018310547,242100,0.0,0.0
2022-07-20 00:00:00-04:00,220.27999877929688,222.9199981689453,219.22000122070312,220.9600067138672,245600,0.0,0.0
2022-07-21 00:00:00-04:00,220.4199981689453,226.0399932861328,218.49000549316406,225.38999938964844,215700,0.0,0.0
2022-07-22 00:00:00-04:00,226.1699981689453,230.80999755859375,225.02999877929688,227.66000366210938,343300,0.0,0.0
2022-07-25 00:00:00-04:00,227.8699951171875,228.2899932861328,222.25999450683594,224.35000610351562,327900,0.0,0.0
2022-07-26 00:00:00-04:00,223.08999633789062,224.8800048828125,218.24000549316406,224.42999267578125,270900,0.0,0.0
2022-07-27 00:00:00-04:00,225.47000122070312,229.1199951171875,222.77000427246094,227.05999755859375,454200,0.0,0.0
2022-07-28 00:00:00-04:00,233.8699951171875,237.77000427246094,220.5,234.57000732421875,554200,0.0,0.0
2022-07-29 00:00:00-04:00,235.3699951171875,240.72000122070312,231.3699951171875,239.52999877929688,328000,0.0,0.0
2022-08-01 00:00:00-04:00,238.9199981689453,246.75999450683594,237.0,244.3699951171875,305000,0.0,0.0
2022-08-02 00:00:00-04:00,243.27999877929688,243.4600067138672,238.52999877929688,239.30999755859375,245800,0.0,0.0
2022-08-03 00:00:00-04:00,240.3800048828125,244.35000610351562,238.0399932861328,244.05999755859375,177800,0.0,0.0
2022-08-04 00:00:00-04:00,241.2100067138672,246.91000366210938,241.2100067138672,244.5,264500,0.0,0.0
2022-08-05 00:00:00-04:00,242.05999755859375,244.25999450683594,238.27999877929688,244.07000732421875,193400,0.0,0.0
2022-08-08 00:00:00-04:00,244.97999572753906,249.94000244140625,244.97999572753906,246.5800018310547,174500,0.0,0.0
2022-08-09 00:00:00-04:00,245.1300048828125,245.1300048828125,240.8699951171875,243.1199951171875,239700,0.0,0.0
2022-08-10 00:00:00-04:00,248.27000427246094,253.1300048828125,246.57000732421875,249.50999450683594,230100,0.0,0.0
2022-08-11 00:00:00-04:00,251.16000366210938,255.07000732421875,250.00999450683594,251.3300018310547,205400,0.0,0.0
2022-08-12 00:00:00-04:00,252.8699951171875,262.1700134277344,252.0,261.80999755859375,313300,0.0,0.0
2022-08-15 00:00:00-04:00,261.6700134277344,267.67999267578125,259.0,267.32000732421875,372600,0.0,0.0
2022-08-16 00:00:00-04:00,265.3399963378906,267.2900085449219,263.20001220703125,266.9599914550781,309300,0.0,0.0
2022-08-17 00:00:00-04:00,265.19000244140625,271.19000244140625,264.25,267.489990234375,411300,0.0,0.0
2022-08-18 00:00:00-04:00,266.239990234375,267.17999267578125,262.25,267.1000061035156,192000,0.0,0.0
2022-08-19 00:00:00-04:00,264.94000244140625,264.94000244140625,257.0199890136719,258.67999267578125,288500,0.0,0.0
2022-08-22 00:00:00-04:00,255.3699951171875,255.3699951171875,249.9199981689453,250.2899932861328,179800,0.0,0.0
2022-08-23 00:00:00-04:00,248.32000732421875,250.57000732421875,245.77000427246094,246.22000122070312,210900,0.0,0.0
2022-08-24 00:00:00-04:00,244.8800048828125,250.52999877929688,244.3000030517578,250.0399932861328,238600,0.0,0.0
2022-08-25 00:00:00-04:00,249.57000732421875,252.6699981689453,248.72000122070312,252.47000122070312,210400,0.0,0.0
2022-08-26 00:00:00-04:00,252.3800048828125,253.44000244140625,242.3800048828125,242.64999389648438,227600,0.0,0.0
2022-08-29 00:00:00-04:00,241.30999755859375,245.3000030517578,239.5500030517578,243.32000732421875,220800,0.0,0.0
2022-08-30 00:00:00-04:00,243.60000610351562,245.52000427246094,239.85000610351562,241.27999877929688,304200,0.0,0.0
2022-08-31 00:00:00-04:00,242.49000549316406,244.02999877929688,239.2100067138672,240.1199951171875,334800,0.0,0.0
2022-09-01 00:00:00-04:00,240.0,249.3699951171875,238.99000549316406,248.85000610351562,431300,0.0,0.0
2022-09-02 00:00:00-04:00,252.4600067138672,252.4600067138672,244.5800018310547,245.89999389648438,226000,0.0,0.0
2022-09-06 00:00:00-04:00,247.19000244140625,250.4199981689453,242.61000061035156,249.97999572753906,340800,0.0,0.0
2022-09-07 00:00:00-04:00,250.8000030517578,257.9599914550781,249.2899932861328,257.8999938964844,319800,0.0,0.0
2022-09-08 00:00:00-04:00,255.11000061035156,260.2099914550781,254.0,257.8900146484375,285500,0.0,0.0
2022-09-09 00:00:00-04:00,258.3699951171875,262.239990234375,256.9200134277344,258.2099914550781,357000,0.0,0.0
2022-09-12 00:00:00-04:00,259.0,263.69000244140625,257.4200134277344,262.80999755859375,406000,0.0,0.0
2022-09-13 00:00:00-04:00,255.97999572753906,257.7300109863281,253.33999633789062,254.0399932861328,454600,0.0,0.0
2022-09-14 00:00:00-04:00,254.9499969482422,255.30999755859375,246.5500030517578,250.3000030517578,369200,0.0,0.0
2022-09-15 00:00:00-04:00,248.9600067138672,254.33999633789062,248.00999450683594,250.0399932861328,322200,0.0,0.0
2022-09-16 00:00:00-04:00,247.75,247.75,240.1300048828125,244.42999267578125,636400,0.0,0.0
2022-09-19 00:00:00-04:00,243.30999755859375,246.4600067138672,241.75,245.58999633789062,292800,0.0,0.0
2022-09-20 00:00:00-04:00,244.25999450683594,244.25999450683594,232.27999877929688,235.30999755859375,515900,0.0,0.0
2022-09-21 00:00:00-04:00,236.77999877929688,243.25,232.3300018310547,232.4600067138672,462400,0.0,0.0
2022-09-22 00:00:00-04:00,231.7899932861328,232.08999633789062,223.19000244140625,223.75999450683594,513800,0.0,0.0
2022-09-23 00:00:00-04:00,222.0800018310547,225.24000549316406,220.0399932861328,224.22000122070312,421600,0.0,0.0
2022-09-26 00:00:00-04:00,223.89999389648438,225.3699951171875,219.52999877929688,220.30999755859375,511100,0.0,0.0
2022-09-27 00:00:00-04:00,223.36000061035156,224.8800048828125,218.1199951171875,221.27999877929688,235300,0.0,0.0
2022-09-28 00:00:00-04:00,224.25,231.82000732421875,220.91000366210938,231.3800048828125,433100,0.0,0.0
2022-09-29 00:00:00-04:00,228.99000549316406,231.07000732421875,219.8699951171875,222.50999450683594,365400,0.0,0.0
2022-09-30 00:00:00-04:00,223.8300018310547,226.74000549316406,220.08999633789062,222.6699981689453,369400,0.0,0.0
2022-10-03 00:00:00-04:00,223.5399932861328,231.13999938964844,216.77999877929688,228.75999450683594,355500,0.0,0.0
2022-10-04 00:00:00-04:00,231.63999938964844,238.2100067138672,231.63999938964844,237.27999877929688,474100,0.0,0.0
2022-10-05 00:00:00-04:00,233.05999755859375,238.52999877929688,233.05999755859375,236.02999877929688,184900,0.0,0.0
2022-10-06 00:00:00-04:00,234.4199981689453,236.47999572753906,229.50999450683594,230.97000122070312,311600,0.0,0.0
2022-10-07 00:00:00-04:00,228.5500030517578,228.5500030517578,219.8000030517578,221.02999877929688,256500,0.0,0.0
2022-10-10 00:00:00-04:00,222.42999267578125,225.4199981689453,220.8800048828125,224.19000244140625,223500,0.0,0.0
2022-10-11 00:00:00-04:00,224.4600067138672,228.35000610351562,222.72999572753906,224.36000061035156,329300,0.0,0.0
2022-10-12 00:00:00-04:00,223.77999877929688,225.94000244140625,220.89999389648438,221.3800048828125,279500,0.0,0.0
2022-10-13 00:00:00-04:00,215.0,221.44000244140625,202.97000122070312,217.63999938964844,1175400,0.0,0.0
2022-10-14 00:00:00-04:00,219.52000427246094,221.72000122070312,211.25,214.58999633789062,354700,0.0,0.0
2022-10-17 00:00:00-04:00,219.72000122070312,223.33999633789062,219.3699951171875,221.67999267578125,254500,0.0,0.0
2022-10-18 00:00:00-04:00,228.39999389648438,230.97000122070312,224.99000549316406,227.52999877929688,273700,0.0,0.0
2022-10-19 00:00:00-04:00,224.27000427246094,225.97000122070312,214.22999572753906,216.5399932861328,434700,0.0,0.0
2022-10-20 00:00:00-04:00,217.3800048828125,218.5399932861328,211.75999450683594,214.0,402500,0.0,0.0
2022-10-21 00:00:00-04:00,215.58999633789062,225.25,215.10000610351562,224.55999755859375,340900,0.0,0.0
2022-10-24 00:00:00-04:00,226.7100067138672,229.7899932861328,222.6199951171875,227.3800048828125,331400,0.0,0.0
2022-10-25 00:00:00-04:00,227.55999755859375,236.58999633789062,227.55999755859375,235.5500030517578,297900,0.0,0.0
2022-10-26 00:00:00-04:00,235.1300048828125,240.25999450683594,232.8699951171875,234.1699981689453,479400,0.0,0.0
2022-10-27 00:00:00-04:00,230.0,230.41000366210938,219.60000610351562,227.61000061035156,681100,0.0,0.0
2022-10-28 00:00:00-04:00,224.02000427246094,237.44000244140625,224.02000427246094,237.4199981689453,223300,0.0,0.0
2022-10-31 00:00:00-04:00,233.86000061035156,235.75999450683594,231.6300048828125,233.57000732421875,326300,0.0,0.0
2022-11-01 00:00:00-04:00,238.42999267578125,240.22000122070312,234.22999572753906,234.74000549316406,339100,0.0,0.0
2022-11-02 00:00:00-04:00,235.49000549316406,242.55999755859375,231.17999267578125,231.44000244140625,347600,0.0,0.0
2022-11-03 00:00:00-04:00,227.3699951171875,237.0399932861328,227.3699951171875,235.9499969482422,283000,0.0,0.0
2022-11-04 00:00:00-04:00,239.77999877929688,241.19000244140625,229.9600067138672,234.3800048828125,299700,0.0,0.0
2022-11-07 00:00:00-05:00,235.5500030517578,238.0500030517578,231.83999633789062,237.66000366210938,223500,0.0,0.0
2022-11-08 00:00:00-05:00,240.1300048828125,246.72999572753906,237.5399932861328,245.49000549316406,323300,0.0,0.0
2022-11-09 00:00:00-05:00,243.67999267578125,244.08999633789062,236.22999572753906,236.2899932861328,304300,0.0,0.0
2022-11-10 00:00:00-05:00,249.5,263.6199951171875,247.77999877929688,263.239990234375,501800,0.0,0.0
2022-11-11 00:00:00-05:00,263.04998779296875,275.8500061035156,261.6600036621094,270.0299987792969,503400,0.0,0.0
2022-11-14 00:00:00-05:00,267.2699890136719,270.17999267578125,264.6199951171875,264.8599853515625,266700,0.0,0.0
2022-11-15 00:00:00-05:00,270.5400085449219,274.70001220703125,269.2900085449219,271.3399963378906,230800,0.0,0.0
2022-11-16 00:00:00-05:00,271.1099853515625,272.29998779296875,264.2799987792969,266.67999267578125,280900,0.0,0.0
2022-11-17 00:00:00-05:00,262.0299987792969,265.3800048828125,256.8999938964844,264.989990234375,342800,0.0,0.0
2022-11-18 00:00:00-05:00,270.3999938964844,272.80999755859375,265.2799987792969,268.57000732421875,331400,0.0,0.0
2022-11-21 00:00:00-05:00,267.1400146484375,270.8299865722656,263.760009765625,267.1499938964844,247600,0.0,0.0
2022-11-22 00:00:00-05:00,268.69000244140625,269.6099853515625,266.2300109863281,266.4100036621094,214800,0.0,0.0
2022-11-23 00:00:00-05:00,267.3800048828125,270.4200134277344,265.1499938964844,266.489990234375,203000,0.0,0.0
2022-11-25 00:00:00-05:00,267.6099853515625,268.54998779296875,264.7900085449219,267.44000244140625,51200,0.0,0.0
2022-11-28 00:00:00-05:00,264.94000244140625,266.0199890136719,257.2699890136719,260.0199890136719,235600,0.0,0.0
2022-11-29 00:00:00-05:00,258.45001220703125,262.0,257.4800109863281,260.8299865722656,178600,0.0,0.0
2022-11-30 00:00:00-05:00,258.6000061035156,260.5199890136719,250.77000427246094,260.42999267578125,723600,0.0,0.0
2022-12-01 00:00:00-05:00,266.6700134277344,272.69000244140625,263.6099853515625,268.3599853515625,484600,0.0,0.0
2022-12-02 00:00:00-05:00,261.8599853515625,268.510009765625,261.8599853515625,266.0899963378906,213200,0.0,0.0
2022-12-05 00:00:00-05:00,263.9800109863281,263.9800109863281,255.25,260.010009765625,258900,0.0,0.0
2022-12-06 00:00:00-05:00,261.25,261.57000732421875,251.13999938964844,256.0199890136719,324500,0.0,0.0
2022-12-07 00:00:00-05:00,256.760009765625,259.9200134277344,255.50999450683594,258.2900085449219,191600,0.0,0.0
2022-12-08 00:00:00-05:00,258.2200012207031,262.42999267578125,258.2200012207031,260.2200012207031,199200,0.0,0.0
2022-12-09 00:00:00-05:00,259.6000061035156,261.5199890136719,257.5899963378906,257.5899963378906,170100,0.0,0.0
2022-12-12 00:00:00-05:00,257.2799987792969,261.57000732421875,252.9499969482422,260.05999755859375,336900,0.0,0.0
2022-12-13 00:00:00-05:00,272.3900146484375,273.25,263.3999938964844,266.1499938964844,365700,0.0,0.0
2022-12-14 00:00:00-05:00,264.7799987792969,264.7799987792969,256.9700012207031,258.75,516700,0.0,0.0
2022-12-15 00:00:00-05:00,255.0,255.0,245.07000732421875,248.63999938964844,644400,0.0,0.0
2022-12-16 00:00:00-05:00,247.3300018310547,251.27000427246094,245.97999572753906,246.5,633000,0.0,0.0
2022-12-19 00:00:00-05:00,245.4499969482422,251.99000549316406,243.35000610351562,244.8800048828125,287800,0.0,0.0
2022-12-20 00:00:00-05:00,243.6999969482422,245.69000244140625,240.5399932861328,244.38999938964844,351600,0.0,0.0
2022-12-21 00:00:00-05:00,245.33999633789062,248.33999633789062,243.75999450683594,247.22000122070312,223500,0.0,0.0
2022-12-22 00:00:00-05:00,243.4199981689453,244.6999969482422,238.17999267578125,241.57000732421875,204300,0.0,0.0
2022-12-23 00:00:00-05:00,240.47000122070312,243.8699951171875,239.1199951171875,243.07000732421875,157200,0.0,0.0
2022-12-27 00:00:00-05:00,242.77999877929688,245.99000549316406,241.83999633789062,242.92999267578125,134400,0.0,0.0
2022-12-28 00:00:00-05:00,243.89999389648438,246.16000366210938,239.1999969482422,239.49000549316406,170700,0.0,0.0
2022-12-29 00:00:00-05:00,240.57000732421875,245.6199951171875,240.57000732421875,242.07000732421875,164600,0.0,0.0
2022-12-30 00:00:00-05:00,240.13999938964844,240.77999877929688,235.82000732421875,239.22999572753906,190700,0.0,0.0
2023-01-03 00:00:00-05:00,243.69000244140625,244.22000122070312,238.3300018310547,241.32000732421875,288400,0.0,0.0
2023-01-04 00:00:00-05:00,244.9499969482422,246.4499969482422,239.41000366210938,242.30999755859375,304500,0.0,0.0
2023-01-05 00:00:00-05:00,238.75,241.0399932861328,233.22999572753906,234.75,433100,0.0,0.0
2023-01-06 00:00:00-05:00,236.2899932861328,244.38999938964844,236.2899932861328,243.2100067138672,311800,0.0,0.0
2023-01-09 00:00:00-05:00,245.02000427246094,249.25999450683594,240.63999938964844,245.17999267578125,430000,0.0,0.0
2023-01-10 00:00:00-05:00,243.27000427246094,249.1300048828125,243.27000427246094,248.36000061035156,290700,0.0,0.0
2023-01-11 00:00:00-05:00,249.72000122070312,255.22999572753906,249.72000122070312,254.24000549316406,242900,0.0,0.0
2023-01-12 00:00:00-05:00,254.97000122070312,256.739990234375,250.57000732421875,252.61000061035156,225100,0.0,0.0
2023-01-13 00:00:00-05:00,251.75,253.36000061035156,250.24000549316406,253.0800018310547,209400,0.0,0.0
2023-01-17 00:00:00-05:00,253.02999877929688,254.3800048828125,251.55999755859375,252.72000122070312,344500,0.0,0.0
2023-01-18 00:00:00-05:00,253.67999267578125,254.64999389648438,241.88999938964844,242.0,402400,0.0,0.0
2023-01-19 00:00:00-05:00,238.9199981689453,241.57000732421875,232.97999572753906,233.13999938964844,303000,0.0,0.0
2023-01-20 00:00:00-05:00,234.77999877929688,239.66000366210938,232.44000244140625,239.66000366210938,245700,0.0,0.0
2023-01-23 00:00:00-05:00,240.9499969482422,245.16000366210938,239.47000122070312,244.67999267578125,300900,0.0,0.0
2023-01-24 00:00:00-05:00,244.58999633789062,251.50999450683594,243.14999389648438,249.5,271500,0.0,0.0
2023-01-25 00:00:00-05:00,247.25999450683594,250.6699981689453,245.4600067138672,247.72999572753906,459000,0.0,0.0
2023-01-26 00:00:00-05:00,248.9199981689453,250.85000610351562,245.5,248.24000549316406,256800,0.0,0.0
2023-01-27 00:00:00-05:00,247.72999572753906,251.67999267578125,246.67999267578125,249.13999938964844,267600,0.0,0.0
2023-01-30 00:00:00-05:00,247.57000732421875,251.0500030517578,243.47000122070312,245.1699981689453,616000,0.0,0.0
2023-01-31 00:00:00-05:00,266.9700012207031,268.8399963378906,244.00999450683594,260.6199951171875,735600,0.0,0.0
2023-02-01 00:00:00-05:00,256.489990234375,269.3800048828125,255.16000366210938,268.1600036621094,521700,0.0,0.0
2023-02-02 00:00:00-05:00,270.20001220703125,278.8399963378906,269.07000732421875,278.7799987792969,461700,0.0,0.0
2023-02-03 00:00:00-05:00,274.2300109863281,278.7200012207031,273.42999267578125,274.7900085449219,331900,0.0,0.0
2023-02-06 00:00:00-05:00,270.6600036621094,271.17999267578125,266.4599914550781,268.4100036621094,235600,0.0,0.0
2023-02-07 00:00:00-05:00,265.4599914550781,266.1600036621094,259.1199951171875,263.3500061035156,265700,0.0,0.0
2023-02-08 00:00:00-05:00,260.9599914550781,265.6400146484375,260.9599914550781,263.0799865722656,233500,0.0,0.0
2023-02-09 00:00:00-05:00,266.0199890136719,269.2699890136719,261.92999267578125,262.6700134277344,227900,0.0,0.0
2023-02-10 00:00:00-05:00,261.5899963378906,264.4599914550781,258.2900085449219,259.67999267578125,229700,0.0,0.0
2023-02-13 00:00:00-05:00,260.9100036621094,266.94000244140625,260.510009765625,265.7699890136719,184100,0.0,0.0
2023-02-14 00:00:00-05:00,264.1400146484375,266.7200012207031,261.5299987792969,264.3699951171875,194100,0.0,0.0
2023-02-15 00:00:00-05:00,262.3999938964844,266.6300048828125,261.1499938964844,266.05999755859375,159700,0.0,0.0
2023-02-16 00:00:00-05:00,261.42999267578125,269.75,261.3699951171875,266.8500061035156,284000,0.0,0.0
2023-02-17 00:00:00-05:00,265.739990234375,269.6199951171875,261.95001220703125,269.3699951171875,257800,0.0,0.0
2023-02-21 00:00:00-05:00,265.80999755859375,267.0400085449219,254.00999450683594,254.3000030517578,400800,0.0,0.0
2023-02-22 00:00:00-05:00,256.3599853515625,258.8900146484375,251.42999267578125,253.6699981689453,187100,0.0,0.0
2023-02-23 00:00:00-05:00,253.8300018310547,256.67999267578125,250.83999633789062,254.8000030517578,261400,0.0,0.0
2023-02-24 00:00:00-05:00,251.22000122070312,253.19000244140625,248.42999267578125,251.1199951171875,200800,0.0,0.0
2023-02-27 00:00:00-05:00,254.30999755859375,258.1000061035156,251.85000610351562,253.02999877929688,185600,0.0,0.0
2023-02-28 00:00:00-05:00,252.60000610351562,256.9800109863281,252.3300018310547,254.8300018310547,282600,0.0,0.0
2023-03-01 00:00:00-05:00,253.14999389648438,256.0299987792969,251.7899932861328,252.22999572753906,294400,0.0,0.0
2023-03-02 00:00:00-05:00,249.83999633789062,255.49000549316406,249.55999755859375,255.49000549316406,142400,0.0,0.0
2023-03-03 00:00:00-05:00,258.07000732421875,262.7699890136719,255.6199951171875,262.3399963378906,185300,0.0,0.0
2023-03-06 00:00:00-05:00,262.0799865722656,264.3999938964844,259.3299865722656,259.8800048828125,303600,0.0,0.0
2023-03-07 00:00:00-05:00,260.260009765625,263.2300109863281,255.9499969482422,257.07000732421875,270700,0.0,0.0
2023-03-08 00:00:00-05:00,257.8699951171875,258.4100036621094,254.4600067138672,257.92999267578125,123500,0.0,0.0
2023-03-09 00:00:00-05:00,259.2900085449219,259.2900085449219,250.3300018310547,251.1999969482422,370900,0.0,0.0
2023-03-10 00:00:00-05:00,251.13999938964844,252.41000366210938,242.52000427246094,245.2899932861328,296500,0.0,0.0
2023-03-13 00:00:00-04:00,242.11000061035156,246.25999450683594,240.0,244.10000610351562,415200,0.0,0.0
2023-03-14 00:00:00-04:00,249.49000549316406,251.97999572753906,244.47000122070312,247.75,240800,0.0,0.0
2023-03-15 00:00:00-04:00,244.08999633789062,244.9499969482422,236.50999450683594,241.9499969482422,435000,0.0,0.0
2023-03-16 00:00:00-04:00,240.1199951171875,249.05999755859375,237.8699951171875,245.35000610351562,381000,0.0,0.0
2023-03-17 00:00:00-04:00,243.4199981689453,244.4499969482422,240.66000366210938,243.99000549316406,477200,0.0,0.0
2023-03-20 00:00:00-04:00,245.7100067138672,251.11000061035156,243.4499969482422,249.49000549316406,343100,0.0,0.0
2023-03-21 00:00:00-04:00,252.44000244140625,253.75,246.5399932861328,249.3800048828125,261800,0.0,0.0
2023-03-22 00:00:00-04:00,249.77999877929688,253.80999755859375,244.7100067138672,244.94000244140625,221900,0.0,0.0
2023-03-23 00:00:00-04:00,246.25,253.69000244140625,244.52999877929688,245.97000122070312,398400,0.0,0.0
2023-03-24 00:00:00-04:00,243.00999450683594,244.39999389648438,238.89999389648438,244.14999389648438,304400,0.0,0.0
2023-03-27 00:00:00-04:00,247.36000061035156,247.36000061035156,242.50999450683594,242.8300018310547,258100,0.0,0.0
2023-03-28 00:00:00-04:00,242.86000061035156,246.33999633789062,242.35000610351562,244.2899932861328,287800,0.0,0.0
2023-03-29 00:00:00-04:00,247.22000122070312,248.77999877929688,243.19000244140625,245.2100067138672,266100,0.0,0.0
2023-03-30 00:00:00-04:00,246.35000610351562,247.17999267578125,243.8699951171875,245.32000732421875,225900,0.0,0.0
2023-03-31 00:00:00-04:00,247.5,251.8800048828125,247.39999389648438,251.27999877929688,288900,0.0,0.0
2023-04-03 00:00:00-04:00,250.3300018310547,251.57000732421875,245.5,247.32000732421875,312300,0.0,0.0
2023-04-04 00:00:00-04:00,247.25,248.52000427246094,236.05999755859375,237.66000366210938,230800,0.0,0.0
2023-04-05 00:00:00-04:00,237.57000732421875,240.50999450683594,233.08999633789062,235.47000122070312,348000,0.0,0.0
2023-04-06 00:00:00-04:00,235.35000610351562,236.41000366210938,232.0,235.17999267578125,181800,0.0,0.0
2023-04-10 00:00:00-04:00,232.16000366210938,237.72999572753906,232.16000366210938,236.94000244140625,336800,0.0,0.0
2023-04-11 00:00:00-04:00,238.50999450683594,244.25999450683594,238.50999450683594,242.82000732421875,388000,0.0,0.0
2023-04-12 00:00:00-04:00,246.55999755859375,248.8800048828125,245.41000366210938,247.10000610351562,364400,0.0,0.0
2023-04-13 00:00:00-04:00,248.55999755859375,251.74000549316406,243.6699981689453,251.22999572753906,310800,0.0,0.0
2023-04-14 00:00:00-04:00,251.8699951171875,255.1699981689453,246.22000122070312,249.27999877929688,333400,0.0,0.0
2023-04-17 00:00:00-04:00,250.08999633789062,253.25999450683594,248.0500030517578,250.49000549316406,339500,0.0,0.0
2023-04-18 00:00:00-04:00,253.47999572753906,254.99000549316406,250.9499969482422,254.42999267578125,394500,0.0,0.0
2023-04-19 00:00:00-04:00,254.25,258.8999938964844,253.5800018310547,258.8599853515625,300700,0.0,0.0
2023-04-20 00:00:00-04:00,257.79998779296875,265.2900085449219,257.32000732421875,263.5299987792969,375200,0.0,0.0
2023-04-21 00:00:00-04:00,264.69000244140625,266.0299987792969,259.8399963378906,262.6099853515625,215400,0.0,0.0
2023-04-24 00:00:00-04:00,260.0,263.9700012207031,258.0799865722656,260.9800109863281,310200,0.0,0.0
2023-04-25 00:00:00-04:00,260.8699951171875,263.6199951171875,258.9599914550781,258.9800109863281,425600,0.0,0.0
2023-04-26 00:00:00-04:00,258.1099853515625,261.1499938964844,256.739990234375,257.07000732421875,408100,0.0,0.0
2023-04-27 00:00:00-04:00,269.6400146484375,280.9100036621094,264.8800048828125,280.20001220703125,925800,0.0,0.0
2023-04-28 00:00:00-04:00,280.8900146484375,284.95001220703125,275.6300048828125,281.9100036621094,383800,0.0,0.0
2023-05-01 00:00:00-04:00,280.9800109863281,285.2200012207031,279.82000732421875,282.42999267578125,292800,0.0,0.0
2023-05-02 00:00:00-04:00,282.57000732421875,282.57000732421875,277.17999267578125,281.6099853515625,264000,0.0,0.0
2023-05-03 00:00:00-04:00,283.1499938964844,286.8699951171875,282.30999755859375,283.2699890136719,426300,0.0,0.0
2023-05-04 00:00:00-04:00,284.7799987792969,284.80999755859375,277.3800048828125,278.739990234375,326100,0.0,0.0
2023-05-05 00:00:00-04:00,280.0,284.8900146484375,279.6099853515625,282.55999755859375,183300,0.0,0.0
2023-05-08 00:00:00-04:00,283.7900085449219,283.7900085449219,279.2099914550781,281.95001220703125,189200,0.0,0.0
2023-05-09 00:00:00-04:00,280.8299865722656,284.510009765625,279.9800109863281,281.510009765625,183000,0.0,0.0
2023-05-10 00:00:00-04:00,284.2900085449219,288.9200134277344,279.8800048828125,288.0899963378906,367800,0.0,0.0
2023-05-11 00:00:00-04:00,286.57000732421875,290.6000061035156,285.4200134277344,289.4200134277344,468100,0.0,0.0
2023-05-12 00:00:00-04:00,289.7099914550781,291.79998779296875,283.9100036621094,288.9100036621094,365800,0.0,0.0
2023-05-15 00:00:00-04:00,288.010009765625,288.9200134277344,283.760009765625,286.4800109863281,382900,0.0,0.0
2023-05-16 00:00:00-04:00,283.5799865722656,284.6499938964844,279.8599853515625,280.9100036621094,365300,0.0,0.0
2023-05-17 00:00:00-04:00,281.42999267578125,288.3900146484375,280.54998779296875,286.6700134277344,275800,0.0,0.0
2023-05-18 00:00:00-04:00,285.8399963378906,293.0899963378906,284.8800048828125,292.4800109863281,235100,0.0,0.0
2023-05-19 00:00:00-04:00,293.9800109863281,294.7300109863281,285.7099914550781,288.04998779296875,272100,0.0,0.0
2023-05-22 00:00:00-04:00,287.25,288.45001220703125,279.95001220703125,280.9100036621094,414500,0.0,0.0
2023-05-23 00:00:00-04:00,278.55999755859375,279.0,273.94000244140625,275.4200134277344,337100,0.0,0.0
2023-05-24 00:00:00-04:00,274.0,275.8900146484375,271.510009765625,273.92999267578125,330500,0.0,0.0
2023-05-25 00:00:00-04:00,275.6099853515625,278.1700134277344,272.7300109863281,276.4100036621094,333600,0.0,0.0
2023-05-26 00:00:00-04:00,276.489990234375,282.0,276.1400146484375,280.5400085449219,281100,0.0,0.0
2023-05-30 00:00:00-04:00,281.3900146484375,282.510009765625,277.9100036621094,280.9700012207031,261400,0.0,0.0
2023-05-31 00:00:00-04:00,279.3599853515625,280.9100036621094,275.4599914550781,275.510009765625,520100,0.0,0.0
2023-06-01 00:00:00-04:00,275.5799865722656,283.1700134277344,273.8299865722656,282.9800109863281,414600,0.0,0.0
2023-06-02 00:00:00-04:00,286.0,299.25,284.6199951171875,298.2300109863281,454200,0.0,0.0
2023-06-05 00:00:00-04:00,297.6000061035156,297.79998779296875,294.1099853515625,294.69000244140625,284200,0.0,0.0
2023-06-06 00:00:00-04:00,300.57000732421875,303.44000244140625,295.04998779296875,299.739990234375,432400,0.0,0.0
2023-06-07 00:00:00-04:00,298.7900085449219,309.57000732421875,298.6199951171875,307.82000732421875,320900,0.0,0.0
2023-06-08 00:00:00-04:00,305.5299987792969,307.3399963378906,303.70001220703125,304.9800109863281,359800,0.0,0.0
2023-06-09 00:00:00-04:00,306.19000244140625,306.19000244140625,298.5799865722656,303.3800048828125,316400,0.0,0.0
2023-06-12 00:00:00-04:00,303.739990234375,307.20001220703125,301.2699890136719,305.05999755859375,280700,0.0,0.0
2023-06-13 00:00:00-04:00,305.6099853515625,311.510009765625,304.42999267578125,309.80999755859375,336800,0.0,0.0
2023-06-14 00:00:00-04:00,309.80999755859375,310.989990234375,304.4200134277344,306.6400146484375,347200,0.0,0.0
2023-06-15 00:00:00-04:00,305.7799987792969,309.94000244140625,304.3599853515625,308.739990234375,328200,0.0,0.0
2023-06-16 00:00:00-04:00,310.5400085449219,312.6199951171875,308.45001220703125,311.0400085449219,379400,0.0,0.0
2023-06-20 00:00:00-04:00,309.0799865722656,314.0400085449219,309.0799865722656,312.1700134277344,219600,0.0,0.0
2023-06-21 00:00:00-04:00,312.79998779296875,314.5400085449219,310.42999267578125,313.55999755859375,318900,0.0,0.0
2023-06-22 00:00:00-04:00,314.17999267578125,315.25,310.2099914550781,312.989990234375,210100,0.0,0.0
2023-06-23 00:00:00-04:00,310.0199890136719,314.760009765625,309.8900146484375,311.7099914550781,339400,0.0,0.0
2023-06-26 00:00:00-04:00,312.07000732421875,316.1000061035156,312.07000732421875,314.9800109863281,193400,0.0,0.0
2023-06-27 00:00:00-04:00,317.4100036621094,324.239990234375,315.7099914550781,322.70001220703125,333500,0.0,0.0
2023-06-28 00:00:00-04:00,321.3299865722656,322.8999938964844,320.739990234375,321.44000244140625,250700,0.0,0.0
2023-06-29 00:00:00-04:00,320.2799987792969,323.5199890136719,317.8800048828125,322.989990234375,193800,0.0,0.0
2023-06-30 00:00:00-04:00,325.1300048828125,328.7699890136719,323.57000732421875,326.07000732421875,231300,0.0,0.0
2023-07-03 00:00:00-04:00,324.7900085449219,327.9800109863281,323.3599853515625,327.04998779296875,98300,0.0,0.0
2023-07-05 00:00:00-04:00,324.260009765625,324.7900085449219,319.9599914550781,321.6400146484375,235400,0.0,0.0
2023-07-06 00:00:00-04:00,319.32000732421875,319.5400085449219,314.1099853515625,318.3999938964844,224400,0.0,0.0
2023-07-07 00:00:00-04:00,317.67999267578125,323.70001220703125,316.5899963378906,320.0799865722656,284100,0.0,0.0
2023-07-10 00:00:00-04:00,320.3599853515625,326.7900085449219,318.1000061035156,324.6400146484375,249900,0.0,0.0
2023-07-11 00:00:00-04:00,326.1499938964844,329.010009765625,326.1499938964844,327.1700134277344,125700,0.0,0.0
2023-07-12 00:00:00-04:00,332.0,337.45001220703125,328.0799865722656,334.29998779296875,288700,0.0,0.0
2023-07-13 00:00:00-04:00,334.2900085449219,337.3900146484375,332.1400146484375,337.3299865722656,236800,0.0,0.0
2023-07-14 00:00:00-04:00,337.2900085449219,337.7300109863281,333.75,336.1300048828125,213000,0.0,0.0
2023-07-17 00:00:00-04:00,336.8299865722656,342.17999267578125,334.3900146484375,340.4599914550781,257600,0.0,0.0
2023-07-18 00:00:00-04:00,338.3599853515625,342.8599853515625,338.3599853515625,339.3399963378906,169900,0.0,0.0
2023-07-19 00:00:00-04:00,338.2699890136719,339.5199890136719,332.05999755859375,334.25,496600,0.0,0.0
2023-07-20 00:00:00-04:00,335.30999755859375,336.6499938964844,330.6700134277344,332.010009765625,304100,0.0,0.0
2023-07-21 00:00:00-04:00,332.54998779296875,334.19000244140625,328.94000244140625,330.9599914550781,270400,0.0,0.0
2023-07-24 00:00:00-04:00,332.5400085449219,337.3500061035156,330.2200012207031,331.9100036621094,217900,0.0,0.0
2023-07-25 00:00:00-04:00,329.8299865722656,335.42999267578125,329.4800109863281,333.5299987792969,236000,0.0,0.0
2023-07-26 00:00:00-04:00,333.1000061035156,336.260009765625,331.6000061035156,335.989990234375,339700,0.0,0.0
2023-07-27 00:00:00-04:00,351.6400146484375,357.3399963378906,340.7699890136719,356.4599914550781,759500,0.0,0.0
2023-07-28 00:00:00-04:00,360.75,370.2799987792969,360.05999755859375,363.3599853515625,531100,0.0,0.0
2023-07-31 00:00:00-04:00,364.8699951171875,368.4200134277344,361.8699951171875,367.44000244140625,294000,0.0,0.0
2023-08-01 00:00:00-04:00,366.6300048828125,375.239990234375,366.6300048828125,374.9800109863281,369800,0.0,0.0
2023-08-02 00:00:00-04:00,373.4200134277344,374.6199951171875,366.7099914550781,372.75,272900,0.0,0.0
2023-08-03 00:00:00-04:00,371.8299865722656,375.20001220703125,369.4800109863281,373.6099853515625,265700,0.0,0.0
2023-08-04 00:00:00-04:00,376.57000732421875,379.8699951171875,371.260009765625,371.9100036621094,320400,0.0,0.0
2023-08-07 00:00:00-04:00,373.9100036621094,382.4100036621094,373.9100036621094,377.1499938964844,229800,0.0,0.0
2023-08-08 00:00:00-04:00,374.3999938964844,377.8900146484375,369.0,377.3800048828125,179700,0.0,0.0
2023-08-09 00:00:00-04:00,376.6199951171875,376.6199951171875,370.25,371.8699951171875,190700,0.0,0.0
2023-08-10 00:00:00-04:00,374.0,376.4700012207031,369.07000732421875,371.7200012207031,145300,0.0,0.0
2023-08-11 00:00:00-04:00,371.5299987792969,374.6400146484375,370.8800048828125,371.010009765625,218800,0.0,0.0
2023-08-14 00:00:00-04:00,369.3900146484375,375.2300109863281,367.9599914550781,372.6600036621094,154100,0.0,0.0
2023-08-15 00:00:00-04:00,369.9200134277344,374.010009765625,368.7699890136719,369.3699951171875,151800,0.0,0.0
2023-08-16 00:00:00-04:00,368.69000244140625,373.44000244140625,366.9100036621094,366.9599914550781,164300,0.0,0.0
2023-08-17 00:00:00-04:00,364.7699890136719,367.9700012207031,352.1300048828125,352.19000244140625,305900,0.0,0.0
2023-08-18 00:00:00-04:00,350.1400146484375,353.5199890136719,347.2099914550781,348.6000061035156,351200,0.0,0.0
2023-08-21 00:00:00-04:00,349.510009765625,351.70001220703125,343.1700134277344,347.95001220703125,265800,0.0,0.0
2023-08-22 00:00:00-04:00,348.82000732421875,352.5,346.4100036621094,350.510009765625,237800,0.0,0.0
2023-08-23 00:00:00-04:00,351.7799987792969,365.1700134277344,351.05999755859375,364.80999755859375,408800,0.0,0.0
2023-08-24 00:00:00-04:00,363.489990234375,367.55999755859375,357.6700134277344,357.6700134277344,155000,0.0,0.0
2023-08-25 00:00:00-04:00,359.42999267578125,363.8999938964844,352.25,360.7200012207031,166700,0.0,0.0
2023-08-28 00:00:00-04:00,361.19000244140625,366.0400085449219,360.8500061035156,363.20001220703125,181700,0.0,0.0
2023-08-29 00:00:00-04:00,359.8999938964844,372.1400146484375,359.8999938964844,371.6199951171875,198100,0.0,0.0
2023-08-30 00:00:00-04:00,372.7099914550781,375.7900085449219,372.0299987792969,373.3999938964844,216700,0.0,0.0
2023-08-31 00:00:00-04:00,375.2099914550781,378.0299987792969,374.5,376.80999755859375,400600,0.0,0.0
2023-09-01 00:00:00-04:00,377.9599914550781,383.5899963378906,377.3399963378906,382.3599853515625,371500,0.0,0.0
2023-09-05 00:00:00-04:00,380.45001220703125,380.9200134277344,368.04998779296875,373.5400085449219,250900,0.0,0.0
2023-09-06 00:00:00-04:00,374.29998779296875,387.3500061035156,374.239990234375,378.6300048828125,349100,0.0,0.0
2023-09-07 00:00:00-04:00,378.1300048828125,386.0899963378906,371.8500061035156,385.1000061035156,421900,0.0,0.0
2023-09-08 00:00:00-04:00,384.489990234375,389.989990234375,381.82000732421875,387.239990234375,522500,0.0,0.0
2023-09-11 00:00:00-04:00,389.29998779296875,392.82000732421875,385.9200134277344,392.07000732421875,284700,0.0,0.0
2023-09-12 00:00:00-04:00,389.17999267578125,393.0199890136719,382.0899963378906,385.7799987792969,290400,0.0,0.0
2023-09-13 00:00:00-04:00,383.80999755859375,386.8900146484375,376.7699890136719,378.54998779296875,305800,0.0,0.0
2023-09-14 00:00:00-04:00,380.6300048828125,385.6300048828125,374.7699890136719,381.1300048828125,253800,0.0,0.0
2023-09-15 00:00:00-04:00,377.6199951171875,379.20001220703125,369.489990234375,376.42999267578125,506900,0.0,0.0
2023-09-18 00:00:00-04:00,376.6700134277344,380.3299865722656,373.489990234375,377.6199951171875,208300,0.0,0.0
2023-09-19 00:00:00-04:00,376.1499938964844,377.7099914550781,370.239990234375,376.45001220703125,170600,0.0,0.0
2023-09-20 00:00:00-04:00,377.3500061035156,382.6099853515625,373.25,373.5299987792969,141700,0.0,0.0
2023-09-21 00:00:00-04:00,370.5400085449219,370.8999938964844,362.7900085449219,368.19000244140625,360500,0.0,0.0
2023-09-22 00:00:00-04:00,373.1300048828125,380.2099914550781,373.1300048828125,374.5,407100,0.0,0.0
2023-09-25 00:00:00-04:00,373.07000732421875,380.3900146484375,371.8699951171875,380.0899963378906,261500,0.0,0.0
2023-09-26 00:00:00-04:00,378.44000244140625,380.17999267578125,364.8500061035156,365.3800048828125,370700,0.0,0.0
2023-09-27 00:00:00-04:00,367.8999938964844,374.9700012207031,365.92999267578125,374.3999938964844,337500,0.0,0.0
2023-09-28 00:00:00-04:00,372.2099914550781,384.9800109863281,371.2300109863281,379.0799865722656,230400,0.0,0.0
2023-09-29 00:00:00-04:00,381.760009765625,384.1099853515625,374.1099853515625,374.44000244140625,231100,0.0,0.0
2023-10-02 00:00:00-04:00,374.1300048828125,378.57000732421875,366.3599853515625,368.8399963378906,411100,0.0,0.0
2023-10-03 00:00:00-04:00,367.1400146484375,369.54998779296875,359.7699890136719,363.3800048828125,273700,0.0,0.0
2023-10-04 00:00:00-04:00,364.25,373.80999755859375,362.9599914550781,372.3800048828125,257500,0.0,0.0
2023-10-05 00:00:00-04:00,371.260009765625,374.75,367.6600036621094,372.0199890136719,385000,0.0,0.0
2023-10-06 00:00:00-04:00,367.04998779296875,375.45001220703125,359.29998779296875,373.6199951171875,371100,0.0,0.0
2023-10-09 00:00:00-04:00,377.010009765625,380.0400085449219,369.2799987792969,379.7300109863281,363000,0.0,0.0
2023-10-10 00:00:00-04:00,380.489990234375,389.75,379.9100036621094,382.010009765625,330900,0.0,0.0
2023-10-11 00:00:00-04:00,382.54998779296875,391.5899963378906,382.54998779296875,390.20001220703125,268800,0.0,0.0
2023-10-12 00:00:00-04:00,388.79998779296875,389.3399963378906,378.54998779296875,384.6700134277344,242900,0.0,0.0
2023-10-13 00:00:00-04:00,384.6000061035156,385.04998779296875,367.239990234375,369.739990234375,364500,0.0,0.0
2023-10-16 00:00:00-04:00,376.3699951171875,380.4200134277344,374.2900085449219,377.29998779296875,201800,0.0,0.0
2023-10-17 00:00:00-04:00,382.42999267578125,383.7300109863281,372.1499938964844,378.45001220703125,420800,0.0,0.0
2023-10-18 00:00:00-04:00,373.5400085449219,373.5400085449219,360.3500061035156,361.7300109863281,375900,0.0,0.0
2023-10-19 00:00:00-04:00,357.4200134277344,369.54998779296875,354.1499938964844,357.3399963378906,537900,0.0,0.0
2023-10-20 00:00:00-04:00,356.2099914550781,358.42999267578125,346.9599914550781,348.5,368100,0.0,0.0
2023-10-23 00:00:00-04:00,349.010009765625,354.4700012207031,347.8500061035156,349.7900085449219,314900,0.0,0.0
2023-10-24 00:00:00-04:00,352.7699890136719,355.7300109863281,344.3800048828125,345.510009765625,358000,0.0,0.0
2023-10-25 00:00:00-04:00,343.54998779296875,343.54998779296875,334.5299987792969,339.29998779296875,726600,0.0,0.0
2023-10-26 00:00:00-04:00,353.3500061035156,369.5899963378906,348.7900085449219,358.1099853515625,933800,0.0,0.0
2023-10-27 00:00:00-04:00,358.9800109863281,365.6499938964844,354.80999755859375,358.739990234375,488200,0.0,0.0
2023-10-30 00:00:00-04:00,363.1099853515625,369.3399963378906,358.8500061035156,365.3999938964844,370600,0.0,0.0
2023-10-31 00:00:00-04:00,366.8299865722656,375.989990234375,366.6700134277344,370.5400085449219,447000,0.0,0.0
2023-11-01 00:00:00-04:00,372.5199890136719,383.510009765625,372.010009765625,383.32000732421875,438900,0.0,0.0
2023-11-02 00:00:00-04:00,389.3299865722656,395.0799865722656,381.3399963378906,382.4100036621094,402000,0.0,0.0
2023-11-03 00:00:00-04:00,387.7799987792969,396.0299987792969,386.0799865722656,387.1199951171875,312200,0.0,0.0
2023-11-06 00:00:00-05:00,385.8699951171875,390.1600036621094,381.489990234375,385.1600036621094,201400,0.0,0.0
2023-11-07 00:00:00-05:00,384.739990234375,394.70001220703125,383.30999755859375,391.4200134277344,220500,0.0,0.0
2023-11-08 00:00:00-05:00,392.5799865722656,396.5899963378906,391.5400085449219,394.1300048828125,218700,0.0,0.0
2023-11-09 00:00:00-05:00,395.239990234375,396.4100036621094,386.1099853515625,387.92999267578125,227100,0.0,0.0
2023-11-10 00:00:00-05:00,391.010009765625,396.7799987792969,388.489990234375,396.6099853515625,205700,0.0,0.0
2023-11-13 00:00:00-05:00,394.67999267578125,396.6600036621094,391.6300048828125,392.9599914550781,185500,0.0,0.0
2023-11-14 00:00:00-05:00,401.54998779296875,410.9200134277344,401.54998779296875,404.989990234375,253300,0.0,0.0
2023-11-15 00:00:00-05:00,404.010009765625,409.44000244140625,402.32000732421875,403.6300048828125,242600,0.0,0.0
2023-11-16 00:00:00-05:00,404.69000244140625,408.92999267578125,403.4100036621094,405.1099853515625,204200,0.0,0.0
2023-11-17 00:00:00-05:00,406.0899963378906,407.8800048828125,401.2699890136719,405.6099853515625,288100,0.0,0.0
2023-11-20 00:00:00-05:00,405.1400146484375,408.1300048828125,399.6300048828125,407.510009765625,219600,0.0,0.0
2023-11-21 00:00:00-05:00,405.42999267578125,413.7900085449219,405.42999267578125,410.5299987792969,313200,0.0,0.0
2023-11-22 00:00:00-05:00,411.32000732421875,415.9800109863281,410.739990234375,411.1600036621094,206500,0.0,0.0
2023-11-24 00:00:00-05:00,409.95001220703125,418.0899963378906,409.8900146484375,416.42999267578125,120300,0.0,0.0
2023-11-27 00:00:00-05:00,414.0,415.1600036621094,408.80999755859375,412.2099914550781,275900,0.0,0.0
2023-11-28 00:00:00-05:00,410.739990234375,413.94000244140625,400.0799865722656,401.3599853515625,298800,0.0,0.0
2023-11-29 00:00:00-05:00,408.1700134277344,410.3299865722656,401.0199890136719,401.1499938964844,273600,0.0,0.0
2023-11-30 00:00:00-05:00,400.05999755859375,410.7099914550781,397.3399963378906,406.6600036621094,913400,0.0,0.0
2023-12-01 00:00:00-05:00,405.6499938964844,418.3999938964844,405.6499938964844,418.2900085449219,240500,0.0,0.0
2023-12-04 00:00:00-05:00,414.30999755859375,422.4800109863281,414.30999755859375,420.0199890136719,222100,0.0,0.0
2023-12-05 00:00:00-05:00,419.6199951171875,419.6199951171875,411.45001220703125,413.44000244140625,203600,0.0,0.0
2023-12-06 00:00:00-05:00,415.4700012207031,423.2200012207031,415.4700012207031,418.6199951171875,211200,0.0,0.0
2023-12-07 00:00:00-05:00,418.239990234375,423.1199951171875,415.8900146484375,418.6600036621094,201000,0.0,0.0
2023-12-08 00:00:00-05:00,420.25,424.1199951171875,417.19000244140625,420.6199951171875,263800,0.0,0.0
2023-12-11 00:00:00-05:00,430.2300109863281,434.6300048828125,423.8999938964844,429.04998779296875,235200,0.0,0.0
2023-12-12 00:00:00-05:00,428.7300109863281,434.989990234375,426.25,432.510009765625,176200,0.0,0.0
2023-12-13 00:00:00-05:00,432.3699951171875,434.7200012207031,406.3999938964844,424.6600036621094,735300,0.0,0.0
2023-12-14 00:00:00-05:00,428.2799987792969,444.3500061035156,424.32000732421875,444.07000732421875,550800,0.0,0.0
2023-12-15 00:00:00-05:00,440.260009765625,451.30999755859375,439.05999755859375,441.510009765625,521000,0.0,0.0
2023-12-18 00:00:00-05:00,442.9100036621094,444.69000244140625,434.0199890136719,437.8999938964844,180000,0.0,0.0
2023-12-19 00:00:00-05:00,439.70001220703125,443.6600036621094,437.8999938964844,440.80999755859375,152000,0.0,0.0
2023-12-20 00:00:00-05:00,441.3500061035156,447.9800109863281,434.9100036621094,436.0400085449219,184400,0.0,0.0
2023-12-21 00:00:00-05:00,440.4700012207031,443.69000244140625,438.0,443.69000244140625,156200,0.0,0.0
2023-12-22 00:00:00-05:00,446.3699951171875,447.4800109863281,442.3900146484375,443.9700012207031,105100,0.0,0.0
2023-12-26 00:00:00-05:00,444.1499938964844,447.42999267578125,440.9200134277344,446.239990234375,101500,0.0,0.0
2023-12-27 00:00:00-05:00,446.760009765625,451.3500061035156,446.760009765625,448.9700012207031,128200,0.0,0.0
2023-12-28 00:00:00-05:00,445.7900085449219,448.80999755859375,445.7900085449219,447.3800048828125,85300,0.0,0.0
2023-12-29 00:00:00-05:00,446.3800048828125,450.9599914550781,445.9700012207031,447.5199890136719,98700,0.0,0.0
2024-01-02 00:00:00-05:00,442.4599914550781,446.5299987792969,437.7099914550781,441.1099853515625,126800,0.0,0.0
2024-01-03 00:00:00-05:00,436.5799865722656,436.5799865722656,427.8599853515625,429.94000244140625,197900,0.0,0.0
2024-01-04 00:00:00-05:00,428.2699890136719,438.739990234375,425.69000244140625,430.6099853515625,191800,0.0,0.0
2024-01-05 00:00:00-05:00,428.6499938964844,434.239990234375,428.32000732421875,430.5899963378906,223400,0.0,0.0
2024-01-08 00:00:00-05:00,434.19000244140625,435.80999755859375,429.760009765625,435.2699890136719,146400,0.0,0.0
2024-01-09 00:00:00-05:00,433.32000732421875,443.9700012207031,432.9100036621094,443.239990234375,203100,0.0,0.0
2024-01-10 00:00:00-05:00,444.3999938964844,447.0199890136719,441.510009765625,444.07000732421875,213000,0.0,0.0
2024-01-11 00:00:00-05:00,440.6099853515625,444.6000061035156,435.2699890136719,441.7300109863281,205000,0.0,0.0
2024-01-12 00:00:00-05:00,444.57000732421875,444.57000732421875,426.70001220703125,430.7300109863281,370700,0.0,0.0
2024-01-16 00:00:00-05:00,426.04998779296875,433.9200134277344,422.739990234375,433.8900146484375,383600,0.0,0.0
2024-01-17 00:00:00-05:00,430.3900146484375,436.45001220703125,430.3900146484375,433.1300048828125,215400,0.0,0.0
2024-01-18 00:00:00-05:00,436.1700134277344,441.4100036621094,432.79998779296875,441.1000061035156,205400,0.0,0.0
2024-01-19 00:00:00-05:00,440.6600036621094,444.20001220703125,436.04998779296875,444.04998779296875,216900,0.0,0.0
2024-01-22 00:00:00-05:00,447.5400085449219,458.1300048828125,447.5400085449219,454.6400146484375,212700,0.0,0.0
2024-01-23 00:00:00-05:00,452.8299865722656,457.0199890136719,437.30999755859375,442.3399963378906,300700,0.0,0.0
2024-01-24 00:00:00-05:00,445.5299987792969,445.5299987792969,429.1600036621094,432.69000244140625,292400,0.0,0.0
2024-01-25 00:00:00-05:00,436.29998779296875,439.7799987792969,431.7099914550781,439.4800109863281,251700,0.0,0.0
2024-01-26 00:00:00-05:00,440.0,456.989990234375,427.2699890136719,444.25,678500,0.0,0.0
2024-01-29 00:00:00-05:00,444.8699951171875,444.8699951171875,434.3399963378906,437.07000732421875,590300,0.0,0.0
2024-01-30 00:00:00-05:00,433.20001220703125,448.3399963378906,432.05999755859375,447.75,627100,0.0,0.0
2024-01-31 00:00:00-05:00,435.0,450.55999755859375,427.8699951171875,428.1600036621094,581200,0.0,0.0
2024-02-01 00:00:00-05:00,427.8599853515625,432.2200012207031,417.8500061035156,424.6099853515625,575000,0.0,0.0
2024-02-02 00:00:00-05:00,421.5199890136719,422.6700134277344,414.5299987792969,419.9800109863281,421600,0.0,0.0
2024-02-05 00:00:00-05:00,418.0899963378906,425.2900085449219,412.0899963378906,422.70001220703125,374000,0.0,0.0
2024-02-06 00:00:00-05:00,421.20001220703125,425.9800109863281,421.07000732421875,425.2799987792969,244400,0.0,0.0
2024-02-07 00:00:00-05:00,431.20001220703125,444.2799987792969,426.2099914550781,437.760009765625,286700,0.0,0.0
2024-02-08 00:00:00-05:00,439.2099914550781,450.8399963378906,438.57000732421875,448.3500061035156,284800,0.0,0.0
2024-02-09 00:00:00-05:00,449.0,458.1000061035156,448.239990234375,457.1300048828125,252800,0.0,0.0
2024-02-12 00:00:00-05:00,456.29998779296875,456.29998779296875,445.67999267578125,450.1099853515625,287200,0.0,0.0
2024-02-13 00:00:00-05:00,434.7699890136719,438.239990234375,423.0899963378906,432.5899963378906,486300,0.0,0.0
2024-02-14 00:00:00-05:00,438.70001220703125,448.8500061035156,436.8699951171875,446.94000244140625,254600,0.0,0.0
2024-02-15 00:00:00-05:00,448.510009765625,452.07000732421875,443.3299865722656,451.29998779296875,215900,0.0,0.0
2024-02-16 00:00:00-05:00,448.70001220703125,454.8800048828125,444.9599914550781,448.4100036621094,211800,0.0,0.0
2024-02-20 00:00:00-05:00,444.8599853515625,449.05999755859375,442.739990234375,448.8599853515625,208600,0.0,0.0
2024-02-21 00:00:00-05:00,449.989990234375,453.739990234375,444.4599914550781,448.67999267578125,230400,0.0,0.0
2024-02-22 00:00:00-05:00,452.3599853515625,459.95001220703125,452.3599853515625,456.7300109863281,156200,0.0,0.0
2024-02-23 00:00:00-05:00,458.9599914550781,462.3999938964844,455.8299865722656,459.2900085449219,232300,0.0,0.0
2024-02-26 00:00:00-05:00,459.55999755859375,464.260009765625,457.17999267578125,463.29998779296875,199600,0.0,0.0
2024-02-27 00:00:00-05:00,465.1600036621094,469.94000244140625,461.989990234375,469.0400085449219,258400,0.0,0.0
2024-02-28 00:00:00-05:00,468.42999267578125,474.94000244140625,464.7799987792969,471.70001220703125,231700,0.0,0.0
2024-02-29 00:00:00-05:00,474.3299865722656,474.9800109863281,466.510009765625,471.2099914550781,306100,0.0,0.0
2024-03-01 00:00:00-05:00,470.1199951171875,476.6499938964844,468.92999267578125,472.95001220703125,237900,0.0,0.0
2024-03-04 00:00:00-05:00,474.3399963378906,482.1600036621094,474.3399963378906,478.0299987792969,215200,0.0,0.0
2024-03-05 00:00:00-05:00,476.7900085449219,477.3299865722656,471.1099853515625,472.3800048828125,208100,0.0,0.0
2024-03-06 00:00:00-05:00,477.489990234375,479.9100036621094,472.70001220703125,475.1099853515625,247400,0.0,0.0
2024-03-07 00:00:00-05:00,477.6099853515625,483.1600036621094,475.760009765625,481.3800048828125,200400,0.0,0.0
2024-03-08 00:00:00-05:00,482.0,485.3299865722656,467.2799987792969,470.739990234375,266600,0.0,0.0
2024-03-11 00:00:00-04:00,468.79998779296875,468.79998779296875,457.5299987792969,462.69000244140625,246100,0.0,0.0
2024-03-12 00:00:00-04:00,464.6499938964844,471.9599914550781,462.0299987792969,469.2699890136719,141300,0.0,0.0
2024-03-13 00:00:00-04:00,468.82000732421875,476.1300048828125,467.29998779296875,470.6199951171875,149300,0.0,0.0
2024-03-14 00:00:00-04:00,471.0299987792969,478.8599853515625,462.95001220703125,469.3900146484375,270700,0.0,0.0
2024-03-15 00:00:00-04:00,466.2200012207031,474.1600036621094,465.6600036621094,472.0799865722656,390600,0.0,0.0
2024-03-18 00:00:00-04:00,475.0799865722656,477.7799987792969,470.9599914550781,472.6099853515625,253000,0.0,0.0
2024-03-19 00:00:00-04:00,468.5199890136719,483.42999267578125,468.5199890136719,482.989990234375,171400,0.0,0.0
2024-03-20 00:00:00-04:00,485.1700134277344,488.79998779296875,480.5199890136719,488.75,143400,0.0,0.0
2024-03-21 00:00:00-04:00,492.9599914550781,501.7200012207031,489.2200012207031,499.260009765625,237300,0.0,0.0
2024-03-22 00:00:00-04:00,497.7799987792969,498.0,490.3800048828125,493.8500061035156,218100,0.0,0.0
2024-03-25 00:00:00-04:00,493.6000061035156,494.1000061035156,484.1700134277344,489.010009765625,165200,0.0,0.0
2024-03-26 00:00:00-04:00,488.8699951171875,491.5799865722656,483.9200134277344,484.0799865722656,222100,0.0,0.0
2024-03-27 00:00:00-04:00,486.0400085449219,487.760009765625,480.3699951171875,486.67999267578125,150900,0.0,0.0
2024-03-28 00:00:00-04:00,487.0,489.94000244140625,485.5799865722656,488.760009765625,139800,0.0,0.0
2024-04-01 00:00:00-04:00,490.8699951171875,490.8699951171875,482.7300109863281,484.1600036621094,145800,0.0,0.0
2024-04-02 00:00:00-04:00,481.6199951171875,481.6199951171875,472.4100036621094,478.1199951171875,212400,0.0,0.0
2024-04-03 00:00:00-04:00,478.25,483.8299865722656,477.05999755859375,481.30999755859375,206100,0.0,0.0
2024-04-04 00:00:00-04:00,486.55999755859375,486.55999755859375,465.0400085449219,465.989990234375,252500,0.0,0.0
2024-04-05 00:00:00-04:00,467.92999267578125,483.19000244140625,467.92999267578125,480.239990234375,240300,0.0,0.0
2024-04-08 00:00:00-04:00,483.17999267578125,487.7799987792969,478.05999755859375,484.760009765625,189500,0.0,0.0
2024-04-09 00:00:00-04:00,486.07000732421875,487.1000061035156,470.7300109863281,481.6300048828125,218000,0.0,0.0
2024-04-10 00:00:00-04:00,468.239990234375,473.80999755859375,460.3900146484375,467.1400146484375,241400,0.0,0.0
2024-04-11 00:00:00-04:00,469.7200012207031,470.3399963378906,461.0799865722656,464.9599914550781,192300,0.0,0.0
2024-04-12 00:00:00-04:00,461.4599914550781,472.1400146484375,460.4200134277344,471.1600036621094,300000,0.0,0.0
2024-04-15 00:00:00-04:00,478.20001220703125,481.239990234375,460.82000732421875,461.9800109863281,159700,0.0,0.0
2024-04-16 00:00:00-04:00,458.70001220703125,462.8599853515625,453.739990234375,460.989990234375,234300,0.0,0.0
2024-04-17 00:00:00-04:00,462.260009765625,462.8800048828125,454.8500061035156,457.8500061035156,323100,0.0,0.0
2024-04-18 00:00:00-04:00,462.45001220703125,467.0899963378906,458.1400146484375,458.6400146484375,231900,0.0,0.0
2024-04-19 00:00:00-04:00,458.8699951171875,464.30999755859375,454.5799865722656,457.1499938964844,218900,0.0,0.0
2024-04-22 00:00:00-04:00,460.2200012207031,468.0799865722656,457.3999938964844,459.2900085449219,394100,0.0,0.0
2024-04-23 00:00:00-04:00,461.54998779296875,479.55999755859375,459.5199890136719,476.6600036621094,550600,0.0,0.0
2024-04-24 00:00:00-04:00,470.20001220703125,499.2699890136719,456.55999755859375,467.8500061035156,609700,0.0,0.0
2024-04-25 00:00:00-04:00,463.55999755859375,480.8399963378906,449.8699951171875,475.5,532200,0.0,0.0
2024-04-26 00:00:00-04:00,478.80999755859375,484.3699951171875,476.7900085449219,477.1099853515625,272000,0.0,0.0
2024-04-29 00:00:00-04:00,478.989990234375,482.2099914550781,472.9100036621094,477.30999755859375,319000,0.0,0.0
2024-04-30 00:00:00-04:00,476.4700012207031,480.9800109863281,462.7900085449219,463.4200134277344,270100,0.0,0.0
2024-05-01 00:00:00-04:00,463.8599853515625,465.3999938964844,451.7699890136719,455.1499938964844,600300,0.0,0.0
2024-05-02 00:00:00-04:00,458.4100036621094,458.4100036621094,445.6300048828125,455.7900085449219,305100,0.0,0.0
2024-05-03 00:00:00-04:00,463.2900085449219,470.44000244140625,458.489990234375,458.7300109863281,235000,0.0,0.0
2024-05-06 00:00:00-04:00,463.6600036621094,471.3900146484375,463.6600036621094,470.1199951171875,186500,0.0,0.0
2024-05-07 00:00:00-04:00,469.1300048828125,476.489990234375,467.3900146484375,471.20001220703125,247900,0.0,0.0
2024-05-08 00:00:00-04:00,471.4599914550781,481.2099914550781,467.6499938964844,480.6600036621094,222900,0.0,0.0
2024-05-09 00:00:00-04:00,480.3599853515625,488.7900085449219,478.6099853515625,488.70001220703125,188000,0.0,0.0
2024-05-10 00:00:00-04:00,490.3699951171875,495.54998779296875,488.3999938964844,494.510009765625,257500,0.0,0.0
2024-05-13 00:00:00-04:00,495.6400146484375,495.8999938964844,484.3299865722656,485.4800109863281,167700,0.0,0.0
2024-05-14 00:00:00-04:00,486.29998779296875,496.95001220703125,486.04998779296875,496.8500061035156,247600,0.0,0.0
2024-05-15 00:00:00-04:00,500.0,506.4100036621094,498.7699890136719,503.32000732421875,195800,0.0,0.0
2024-05-16 00:00:00-04:00,503.1099853515625,503.1099853515625,490.8500061035156,491.1600036621094,233500,0.0,0.0
2024-05-17 00:00:00-04:00,493.8699951171875,494.8800048828125,484.8500061035156,489.8599853515625,241600,0.0,0.0
2024-05-20 00:00:00-04:00,489.8999938964844,497.94000244140625,487.7200012207031,490.9200134277344,281500,0.0,0.0
2024-05-21 00:00:00-04:00,490.760009765625,494.260009765625,483.80999755859375,493.3500061035156,246700,0.0,0.0
2024-05-22 00:00:00-04:00,490.2200012207031,499.0799865722656,490.2200012207031,498.44000244140625,279900,0.0,0.0
2024-05-23 00:00:00-04:00,503.92999267578125,504.239990234375,489.19000244140625,491.82000732421875,212800,0.0,0.0
2024-05-24 00:00:00-04:00,493.4700012207031,503.54998779296875,488.05999755859375,503.4200134277344,173800,0.0,0.0
2024-05-28 00:00:00-04:00,504.3500061035156,513.780029296875,499.2099914550781,502.92999267578125,317700,0.0,0.0
2024-05-29 00:00:00-04:00,497.7300109863281,498.4800109863281,483.9800109863281,486.80999755859375,320300,0.0,0.0
2024-05-30 00:00:00-04:00,487.5899963378906,495.92999267578125,485.80999755859375,494.05999755859375,193200,0.0,0.0
2024-05-31 00:00:00-04:00,497.7099914550781,503.6499938964844,485.6199951171875,502.6000061035156,941200,0.0,0.0
2024-06-03 00:00:00-04:00,504.55999755859375,511.1400146484375,483.4200134277344,496.30999755859375,285700,0.0,0.0
2024-06-04 00:00:00-04:00,494.79998779296875,497.92999267578125,484.5400085449219,487.19000244140625,256400,0.0,0.0
2024-06-05 00:00:00-04:00,489.0400085449219,501.0,489.0400085449219,499.5899963378906,174900,0.0,0.0
2024-06-06 00:00:00-04:00,498.3900146484375,500.6700134277344,488.1700134277344,491.54998779296875,164200,0.0,0.0
2024-06-07 00:00:00-04:00,489.6400146484375,498.80999755859375,487.5299987792969,497.0299987792969,258900,0.0,0.0
2024-06-10 00:00:00-04:00,493.79998779296875,508.9800109863281,493.79998779296875,506.9599914550781,326700,0.0,0.0
2024-06-11 00:00:00-04:00,505.1300048828125,506.8399963378906,500.9200134277344,505.3500061035156,210700,0.0,0.0
2024-06-12 00:00:00-04:00,516.1500244140625,537.1799926757812,514.9000244140625,533.1599731445312,458900,0.0,0.0
2024-06-13 00:00:00-04:00,532.97998046875,541.27001953125,524.6300048828125,540.0,308200,0.0,0.0
2024-06-14 00:00:00-04:00,533.3699951171875,535.989990234375,521.8400268554688,534.0,491500,0.0,0.0
2024-06-17 00:00:00-04:00,530.9600219726562,543.260009765625,529.9299926757812,541.4199829101562,274400,0.0,0.0
2024-06-18 00:00:00-04:00,539.5399780273438,551.280029296875,538.0599975585938,550.4199829101562,375600,0.0,0.0
2024-06-20 00:00:00-04:00,550.0,551.0599975585938,541.0,543.5499877929688,322900,0.0,0.0
2024-06-21 00:00:00-04:00,543.5499877929688,543.5499877929688,520.0800170898438,543.0,436600,0.0,0.0
2024-06-24 00:00:00-04:00,543.8800048828125,550.6400146484375,540.6500244140625,547.3200073242188,246800,0.0,0.0
2024-06-25 00:00:00-04:00,548.4000244140625,549.0700073242188,528.0700073242188,536.9199829101562,312500,0.0,0.0
2024-06-26 00:00:00-04:00,530.0800170898438,534.9400024414062,527.6799926757812,534.27001953125,212400,0.0,0.0
2024-06-27 00:00:00-04:00,539.280029296875,543.8599853515625,535.1500244140625,542.6900024414062,240100,0.0,0.0
2024-06-28 00:00:00-04:00,543.1699829101562,553.47998046875,532.8300170898438,534.97998046875,1252000,0.0,0.0
