Date,Open,High,Low,Close,Volume,Dividends,Stock Splits,Capital Gains
2023-05-11 00:00:00-04:00,21.180523564295125,21.247302161990028,21.1377179851296,21.189085006713867,5600,0.0,0.0,0.0
2023-05-12 00:00:00-04:00,21.034985851819673,21.05210873954105,21.008445865730074,21.026424407958984,1700,0.0,0.0,0.0
2023-05-15 00:00:00-04:00,21.12059501451361,21.197646363041166,21.12059501451361,21.177099227905273,2100,0.0,0.0,0.0
2023-05-16 00:00:00-04:00,21.129160748394693,21.129160748394693,21.01786360772595,21.03498649597168,41600,0.0,0.0,0.0
2023-05-17 00:00:00-04:00,21.136863217163583,21.171964645385742,21.119741963213578,21.171964645385742,400,0.0,0.0,0.0
2023-05-18 00:00:00-04:00,21.069228912141874,21.086350164728444,20.992177560253474,21.039264678955078,5500,0.0,0.0,0.0
2023-05-19 00:00:00-04:00,21.034128189086914,21.034128189086914,21.034128189086914,21.034128189086914,0,0.0,0.0,0.0
2023-05-22 00:00:00-04:00,21.096622467041016,21.096622467041016,21.096622467041016,21.096622467041016,100,0.0,0.0,0.0
2023-05-23 00:00:00-04:00,21.154838935901264,21.223330474276214,21.14713478088379,21.14713478088379,2400,0.0,0.0,0.0
2023-05-24 00:00:00-04:00,21.240453549793905,21.24901499282592,21.216482162475586,21.216482162475586,1200,0.0,0.0,0.0
2023-05-25 00:00:00-04:00,20.940807342529297,20.940807342529297,20.940807342529297,20.940807342529297,0,0.0,0.0,0.0
2023-05-26 00:00:00-04:00,21.163403201946554,21.171964645385742,21.120597617678985,21.171964645385742,400,0.0,0.0,0.0
2023-05-30 00:00:00-04:00,20.83721761352328,20.83721761352328,20.752460479736328,20.752460479736328,900,0.0,0.0,0.0
2023-05-31 00:00:00-04:00,20.658286746782952,20.743899536962743,20.60691972584634,20.616336822509766,38700,0.0,0.0,0.0
2023-06-01 00:00:00-04:00,20.872318267822266,20.872318267822266,20.872318267822266,20.872318267822266,100,0.0,0.0,0.0
2023-06-02 00:00:00-04:00,21.13343620300293,21.13343620300293,21.13343620300293,21.13343620300293,0,0.0,0.0,0.0
2023-06-05 00:00:00-04:00,21.103471755981445,21.103471755981445,21.103471755981445,21.103471755981445,0,0.0,0.0,0.0
2023-06-06 00:00:00-04:00,21.1291561126709,21.1291561126709,21.1291561126709,21.1291561126709,100,0.0,0.0,0.0
2023-06-07 00:00:00-04:00,21.236173629760742,21.236173629760742,21.236173629760742,21.236173629760742,100,0.0,0.0,0.0
2023-06-08 00:00:00-04:00,21.223331451416016,21.223331451416016,21.223331451416016,21.223331451416016,100,0.0,0.0,0.0
2023-06-09 00:00:00-04:00,21.165115356445312,21.165115356445312,21.165115356445312,21.165115356445312,100,0.0,0.0,0.0
2023-06-12 00:00:00-04:00,20.94936977551876,20.94936977551876,20.91598129272461,20.91598129272461,500,0.0,0.0,0.0
2023-06-13 00:00:00-04:00,21.204498291015625,21.204498291015625,21.204498291015625,21.204498291015625,100,0.0,0.0,0.0
2023-06-14 00:00:00-04:00,21.308942898941464,21.308942898941464,21.219905853271484,21.219905853271484,100,0.0,0.0,0.0
2023-06-15 00:00:00-04:00,21.659953240060343,21.659953240060343,21.647111892700195,21.647111892700195,400,0.0,0.0,0.0
2023-06-16 00:00:00-04:00,21.939048767089844,21.939048767089844,21.939048767089844,21.939048767089844,200,0.0,0.0,0.0
2023-06-20 00:00:00-04:00,21.685637294170817,21.808920105814703,21.685637294170817,21.793508529663086,2500,0.0,0.0,0.0
2023-06-21 00:00:00-04:00,22.052913665771484,22.052913665771484,22.052913665771484,22.052913665771484,100,0.0,0.0,0.0
2023-06-22 00:00:00-04:00,21.74128607082154,21.74128607082154,21.660810470581055,21.660810470581055,500,0.0,0.0,0.0
2023-06-23 00:00:00-04:00,21.462189694215688,21.53838539123535,21.462189694215688,21.53838539123535,1500,0.0,0.0,0.0
2023-06-26 00:00:00-04:00,21.625705795991593,21.625705795991593,21.556360244750977,21.556360244750977,200,0.0,0.0,0.0
2023-06-27 00:00:00-04:00,21.41167925815604,21.41167925815604,21.254152297973633,21.254152297973633,200,0.0,0.0,0.0
2023-06-28 00:00:00-04:00,21.113745773441046,21.272128369670494,21.113745773441046,21.2575740814209,700,0.0,0.0,0.0
2023-06-29 00:00:00-04:00,21.296100616455078,21.296100616455078,21.296100616455078,21.296100616455078,100,0.0,0.0,0.0
2023-06-30 00:00:00-04:00,21.44592090846114,21.608585042196385,21.44592090846114,21.586326599121094,2200,0.0,0.0,0.0
2023-07-03 00:00:00-04:00,21.60347059263239,21.688340530203057,21.566606521606445,21.566606521606445,11500,0.034,0.0,0.0
2023-07-05 00:00:00-04:00,21.757782092278465,21.772356033325195,21.757782092278465,21.772356033325195,300,0.0,0.0,0.0
2023-07-06 00:00:00-04:00,21.697772321481494,21.697772321481494,21.684913635253906,21.684913635253906,300,0.0,0.0,0.0
2023-07-07 00:00:00-04:00,21.820362201814987,21.869228150593855,21.820362201814987,21.834936141967773,1400,0.0,0.0,0.0
2023-07-10 00:00:00-04:00,21.847797393798828,21.847797393798828,21.847797393798828,21.847797393798828,100,0.0,0.0,0.0
2023-07-11 00:00:00-04:00,22.027827303022114,22.07926368713379,22.00725242235081,22.07926368713379,500,0.0,0.0,0.0
2023-07-12 00:00:00-04:00,22.183847427368164,22.183847427368164,22.183847427368164,22.183847427368164,100,0.0,0.0,0.0
2023-07-13 00:00:00-04:00,22.332156819809867,22.35787582397461,22.332156819809867,22.35787582397461,1600,0.0,0.0,0.0
2023-07-14 00:00:00-04:00,22.297868798087723,22.32358780496152,22.258434295654297,22.258434295654297,1700,0.0,0.0,0.0
2023-07-17 00:00:00-04:00,22.16927719116211,22.194994563085245,22.16927719116211,22.16927719116211,1500,0.0,0.0,0.0
2023-07-18 00:00:00-04:00,22.41103172302246,22.41103172302246,22.41103172302246,22.41103172302246,1100,0.0,0.0,0.0
2023-07-19 00:00:00-04:00,22.5893444030581,22.5893444030581,22.529335021972656,22.529335021972656,1100,0.0,0.0,0.0
2023-07-20 00:00:00-04:00,22.606487532831878,22.61505889892578,22.606487532831878,22.61505889892578,200,0.0,0.0,0.0
2023-07-21 00:00:00-04:00,22.687932648825353,22.713651657104492,22.687932648825353,22.713651657104492,400,0.0,0.0,0.0
2023-07-24 00:00:00-04:00,22.86367635940773,23.00084114074707,22.86367635940773,23.00084114074707,300,0.0,0.0,0.0
2023-07-25 00:00:00-04:00,23.112285614013672,23.112285614013672,23.112285614013672,23.112285614013672,100,0.0,0.0,0.0
2023-07-26 00:00:00-04:00,23.06170780316871,23.06170780316871,23.043704986572266,23.043704986572266,500,0.0,0.0,0.0
2023-07-27 00:00:00-04:00,23.06084639541492,23.06084639541492,23.021411895751953,23.021411895751953,300,0.0,0.0,0.0
2023-07-28 00:00:00-04:00,23.15772247314453,23.15772247314453,23.15772247314453,23.15772247314453,100,0.0,0.0,0.0
2023-07-31 00:00:00-04:00,23.20315933227539,23.20315933227539,23.20315933227539,23.20315933227539,100,0.0,0.0,0.0
2023-08-01 00:00:00-04:00,23.18943977355957,23.18943977355957,23.18943977355957,23.18943977355957,100,0.0,0.0,0.0
2023-08-02 00:00:00-04:00,22.906538009643555,22.906538009643555,22.906538009643555,22.906538009643555,100,0.0,0.0,0.0
2023-08-03 00:00:00-04:00,23.03512954711914,23.03512954711914,23.03512954711914,23.03512954711914,100,0.0,0.0,0.0
2023-08-04 00:00:00-04:00,23.095142364501953,23.12943274200801,23.095142364501953,23.095142364501953,400,0.0,0.0,0.0
2023-08-07 00:00:00-04:00,23.12085723876953,23.12085723876953,23.12085723876953,23.12085723876953,100,0.0,0.0,0.0
2023-08-08 00:00:00-04:00,23.133716583251953,23.133716583251953,23.133716583251953,23.133716583251953,100,0.0,0.0,0.0
2023-08-09 00:00:00-04:00,23.27516990173302,23.309461913453283,23.27516990173302,23.283742904663086,2100,0.0,0.0,0.0
2023-08-10 00:00:00-04:00,23.142289714155716,23.142289714155716,23.138002395629883,23.138002395629883,200,0.0,0.0,0.0
2023-08-11 00:00:00-04:00,23.206587411410556,23.232306420087692,23.116573333740234,23.116573333740234,900,0.0,0.0,0.0
2023-08-14 00:00:00-04:00,23.050559542064015,23.050559542064015,22.997407913208008,22.997407913208008,200,0.0,0.0,0.0
2023-08-15 00:00:00-04:00,22.75223047617864,22.76937484741211,22.75223047617864,22.76937484741211,1300,0.0,0.0,0.0
2023-08-16 00:00:00-04:00,22.76508927567631,22.76508927567631,22.636497497558594,22.636497497558594,200,0.0,0.0,0.0
2023-08-17 00:00:00-04:00,22.782233110587196,22.782233110587196,22.700790405273438,22.700790405273438,400,0.0,0.0,0.0
2023-08-18 00:00:00-04:00,22.781374639694707,22.889393161811196,22.781374639694707,22.868818283081055,4200,0.0,0.0,0.0
2023-08-21 00:00:00-04:00,22.893679384857915,22.893679384857915,22.87224769592285,22.87224769592285,400,0.0,0.0,0.0
2023-08-22 00:00:00-04:00,22.9836890924598,23.000835094403257,22.863670349121094,22.863670349121094,2500,0.0,0.0,0.0
2023-08-23 00:00:00-04:00,22.84566879272461,22.84566879272461,22.84566879272461,22.84566879272461,100,0.0,0.0,0.0
2023-08-24 00:00:00-04:00,22.932259016213425,22.932259016213425,22.9314022064209,22.9314022064209,1700,0.0,0.0,0.0
2023-08-25 00:00:00-04:00,23.060847225862112,23.17229461669922,23.060847225862112,23.17229461669922,1200,0.0,0.0,0.0
2023-08-28 00:00:00-04:00,23.12085901761987,23.12085901761987,23.09514164407584,23.116573333740234,2000,0.0,0.0,0.0
2023-08-29 00:00:00-04:00,23.120859163996926,23.185155868530273,23.11228616105027,23.185155868530273,538100,0.0,0.0,0.0
2023-08-30 00:00:00-04:00,23.27516549348982,23.309457498715286,23.216012929068857,23.2314453125,11500,0.0,0.0,0.0
2023-08-31 00:00:00-04:00,23.266594675724637,23.335177057479132,23.266594675724637,23.309459686279297,4100,0.0,0.0,0.0
2023-09-01 00:00:00-04:00,23.540927156125733,23.609511181617563,23.51949546572612,23.567502975463867,156200,0.0,0.0,0.0
2023-09-05 00:00:00-04:00,23.686664581298828,23.806684988958676,23.64380120114876,23.686664581298828,96300,0.0,0.0,0.0
2023-09-06 00:00:00-04:00,23.60950913352939,23.76381827210043,23.600936131086605,23.72095489501953,86300,0.0,0.0,0.0
2023-09-07 00:00:00-04:00,23.60951001155283,23.610366821289062,23.56235931393052,23.610366821289062,1300,0.0,0.0,0.0
2023-09-08 00:00:00-04:00,23.708097649349188,23.708097649349188,23.67809295654297,23.67809295654297,300,0.0,0.0,0.0
2023-09-11 00:00:00-04:00,23.866696850171124,23.875269854116777,23.768109757496084,23.823833465576172,16400,0.0,0.0,0.0
2023-09-12 00:00:00-04:00,23.88384250975477,23.986715285335748,23.88384250975477,23.932706832885742,3100,0.0,0.0,0.0
2023-09-13 00:00:00-04:00,23.960993812044382,24.01243019104004,23.918128800270498,24.01243019104004,5400,0.0,0.0,0.0
2023-09-14 00:00:00-04:00,24.13245130598788,24.2267527059492,24.13245130598788,24.21817970275879,3600,0.0,0.0,0.0
2023-09-15 00:00:00-04:00,24.132451016571125,24.141024019658715,24.08101463317871,24.08101463317871,2000,0.0,0.0,0.0
2023-09-18 00:00:00-04:00,24.063869066070044,24.11530545040096,23.97814066876307,24.064725875854492,1500,0.0,0.0,0.0
2023-09-19 00:00:00-04:00,24.132449286031974,24.132449286031974,24.0552938989096,24.05615234375,4200,0.0,0.0,0.0
2023-09-20 00:00:00-04:00,23.952420825688147,23.952420825688147,23.849546432495117,23.849546432495117,800,0.0,0.0,0.0
2023-09-21 00:00:00-04:00,23.849545560635953,23.909554939832727,23.80239486694336,23.80239486694336,10400,0.0,0.0,0.0
2023-09-22 00:00:00-04:00,23.866693137054323,23.866693137054323,23.763818740844727,23.763818740844727,4400,0.0,0.0,0.0
2023-09-25 00:00:00-04:00,23.678093613789546,23.69095230102539,23.600938220108155,23.69095230102539,6100,0.0,0.0,0.0
2023-09-26 00:00:00-04:00,23.583786830887327,23.68665957556049,23.583786830887327,23.66522789001465,4700,0.0,0.0,0.0
2023-09-27 00:00:00-04:00,23.798112185751613,23.815258192008883,23.72610092163086,23.72610092163086,7300,0.0,0.0,0.0
2023-09-28 00:00:00-04:00,23.75524565045017,23.823829671091833,23.63522688459336,23.660945892333984,82000,0.0,0.0,0.0
2023-09-29 00:00:00-04:00,23.56664468069557,23.58379068598812,23.37804352787674,23.408905029296875,46500,0.0,0.0,0.0
2023-10-02 00:00:00-04:00,23.213721718819286,23.335168162926404,23.213721718819286,23.265769958496094,12400,0.321,0.0,0.0
2023-10-03 00:00:00-04:00,23.248423962271957,23.278785578481497,23.213725681425622,23.222400665283203,11000,0.0,0.0,0.0
2023-10-04 00:00:00-04:00,22.89796103944511,22.89796103944511,22.699308395385742,22.699308395385742,1200,0.0,0.0,0.0
2023-10-05 00:00:00-04:00,22.667213439941406,22.667213439941406,22.597815223176557,22.667213439941406,51800,0.0,0.0,0.0
2023-10-06 00:00:00-04:00,22.723596362070865,22.723596362070865,22.675884785465954,22.68889808654785,2200,0.0,0.0,0.0
2023-10-09 00:00:00-04:00,22.98817649701333,23.073189005507622,22.98817649701333,23.071455001831055,1600,0.0,0.0,0.0
2023-10-10 00:00:00-04:00,23.03155230256599,23.075794219970703,22.99685402477347,23.075794219970703,3500,0.0,0.0,0.0
2023-10-11 00:00:00-04:00,22.839839346562325,22.976900100708008,22.839839346562325,22.976900100708008,1800,0.0,0.0,0.0
2023-10-12 00:00:00-04:00,23.022876739501953,23.05757501392673,23.022876739501953,23.022876739501953,3200,0.0,0.0,0.0
2023-10-13 00:00:00-04:00,23.352519066093368,23.499990463256836,23.335169100642663,23.499990463256836,1000,0.0,0.0,0.0
2023-10-16 00:00:00-04:00,23.4219162401486,23.439266204833984,23.387216310777834,23.439266204833984,1900,0.0,0.0,0.0
2023-10-17 00:00:00-04:00,23.482639776585224,23.5173397064209,23.378543296245635,23.5173397064209,1700,0.0,0.0,0.0
2023-10-18 00:00:00-04:00,23.62143673821942,23.699509927588643,23.62143673821942,23.695173263549805,2300,0.0,0.0,0.0
2023-10-19 00:00:00-04:00,23.68215758264432,23.812280654907227,23.68215758264432,23.812280654907227,1700,0.0,0.0,0.0
2023-10-20 00:00:00-04:00,23.76457267699435,23.813151258698184,23.687366485595703,23.687366485595703,1700,0.0,0.0,0.0
2023-10-23 00:00:00-04:00,23.664814662365757,23.664814662365757,23.542499542236328,23.542499542236328,600,0.0,0.0,0.0
2023-10-24 00:00:00-04:00,23.44794299499298,23.44794299499298,23.283121626941654,23.395893096923828,1700,0.0,0.0,0.0
2023-10-25 00:00:00-04:00,23.36119435759476,23.57806396484375,23.36119435759476,23.57806396484375,1300,0.0,0.0,0.0
2023-10-26 00:00:00-04:00,23.499993379007293,23.534691659630106,23.477438090206082,23.495655059814453,1400,0.0,0.0,0.0
2023-10-27 00:00:00-04:00,23.578060521337257,23.69603729248047,23.578060521337257,23.69603729248047,2100,0.0,0.0,0.0
2023-10-30 00:00:00-04:00,23.45748440749709,23.45748440749709,23.31868799186739,23.369869232177734,3000,0.0,0.0,0.0
2023-10-31 00:00:00-04:00,23.482639041496387,23.499989005871115,23.38114356994629,23.38114356994629,1800,0.0,0.0,0.0
2023-11-01 00:00:00-04:00,23.473965614708305,23.48264059747048,23.291795940454037,23.326494216918945,1700,0.0,0.0,0.0
2023-11-02 00:00:00-04:00,23.421917224157514,23.58673858642578,23.421917224157514,23.58673858642578,800,0.0,0.0,0.0
2023-11-03 00:00:00-04:00,23.604089875459714,23.604089875459714,23.495655059814453,23.495655059814453,3400,0.0,0.0,0.0
2023-11-06 00:00:00-05:00,23.526014493932948,23.56071276889738,23.520809173583984,23.520809173583984,2900,0.0,0.0,0.0
2023-11-07 00:00:00-05:00,23.170347725994247,23.2007109928091,23.074926225232463,23.11829948425293,2100,0.0,0.0,0.0
2023-11-08 00:00:00-05:00,23.074925599872635,23.074925599872635,22.840706036508703,22.898826599121094,5200,0.0,0.0,0.0
2023-11-09 00:00:00-05:00,22.91010693177113,22.95348019470874,22.87714265628833,22.884950637817383,4100,0.0,0.0,0.0
2023-11-10 00:00:00-05:00,23.01593749102564,23.04890176422808,23.001190185546875,23.001190185546875,3100,0.0,0.0,0.0
2023-11-13 00:00:00-05:00,23.04890083912039,23.275312423706055,23.04890083912039,23.275312423706055,2500,0.0,0.0,0.0
2023-11-14 00:00:00-05:00,23.35251983248971,23.387218109946097,23.2310733795166,23.2310733795166,6100,0.0,0.0,0.0
2023-11-15 00:00:00-05:00,23.2224023125561,23.248425611390804,23.184232711791992,23.184232711791992,3800,0.0,0.0,0.0
2023-11-16 00:00:00-05:00,22.745282629038186,22.76089859008789,22.73660764664959,22.76089859008789,2900,0.0,0.0,0.0
2023-11-17 00:00:00-05:00,23.022877220410376,23.032419204711914,23.022877220410376,23.032419204711914,1800,0.0,0.0,0.0
2023-11-20 00:00:00-05:00,23.26577165697299,23.30047158901321,23.2310733795166,23.2310733795166,7100,0.0,0.0,0.0
2023-11-21 00:00:00-05:00,23.231070006725453,23.331696816781736,23.231070006725453,23.327360153198242,3300,0.0,0.0,0.0
2023-11-22 00:00:00-05:00,22.953481129450168,23.222400665283203,22.953481129450168,23.222400665283203,6000,0.0,0.0,0.0
2023-11-24 00:00:00-05:00,23.205047928752386,23.213722911574873,23.093143463134766,23.093143463134766,4300,0.0,0.0,0.0
2023-11-27 00:00:00-05:00,22.99685239389755,22.99685239389755,22.916176545969282,22.9873104095459,16600,0.0,0.0,0.0
2023-11-28 00:00:00-05:00,23.04889930197134,23.257093905679834,23.04889930197134,23.139984130859375,10700,0.0,0.0,0.0
2023-11-29 00:00:00-05:00,23.2484196333513,23.309144509047226,23.079261616086143,23.274444580078125,57800,0.0,0.0,0.0
2023-11-30 00:00:00-05:00,23.109624217896755,23.109624217896755,22.988177770462997,23.041961669921875,5000,0.0,0.0,0.0
2023-12-01 00:00:00-05:00,23.0445670890455,23.08360368819175,22.910107324300863,22.97950553894043,33200,0.0,0.0,0.0
2023-12-04 00:00:00-05:00,22.814683037402784,22.814683037402784,22.693236581398402,22.710586547851562,14400,0.0,0.0,0.0
2023-12-05 00:00:00-05:00,22.675886823976718,22.701911773896363,22.58046531677246,22.58046531677246,4800,0.0,0.0,0.0
2023-12-06 00:00:00-05:00,22.34624639549651,22.34624639549651,22.19877498406933,22.20311164855957,1200,0.0,0.0,0.0
2023-12-07 00:00:00-05:00,22.2811832716299,22.31154488466798,22.263834960310863,22.28291893005371,2900,0.0,0.0,0.0
2023-12-08 00:00:00-05:00,22.380944315449742,22.43299421599965,22.36359600318368,22.403499603271484,10500,0.0,0.0,0.0
2023-12-11 00:00:00-05:00,22.317511607924136,22.426080939861215,22.278426582161327,22.37396812438965,30000,0.032,0.0,0.0
2023-12-12 00:00:00-05:00,22.148141126985582,22.148141126985582,22.052599595922015,22.069971084594727,24700,0.0,0.0,0.0
2023-12-13 00:00:00-05:00,22.07431511538933,22.232391357421875,22.07431511538933,22.232391357421875,4900,0.0,0.0,0.0
2023-12-14 00:00:00-05:00,22.46516305821245,22.573732376098633,22.459083202917004,22.573732376098633,2700,0.0,0.0,0.0
2023-12-15 00:00:00-05:00,22.512937668297624,22.604135513305664,22.512937668297624,22.604135513305664,2600,0.0,0.0,0.0
2023-12-18 00:00:00-05:00,22.830824123334853,22.830824123334853,22.727466583251953,22.727466583251953,2500,0.0,0.0,0.0
2023-12-19 00:00:00-05:00,22.836906128875267,22.880334854125977,22.81693040623277,22.880334854125977,3000,0.0,0.0,0.0
2023-12-20 00:00:00-05:00,22.964585215844217,22.971533149368014,22.723995208740234,22.723995208740234,8100,0.0,0.0,0.0
2023-12-21 00:00:00-05:00,22.695331867036376,22.730074847596494,22.677962033392813,22.725732803344727,2900,0.0,0.0,0.0
2023-12-22 00:00:00-05:00,22.75613289994577,22.75613289994577,22.69533268178288,22.710968017578125,3900,0.0,0.0,0.0
2023-12-26 00:00:00-05:00,22.812589011407226,22.98195691541441,22.72139116411669,22.898576736450195,2000,0.0,0.0,0.0
2023-12-27 00:00:00-05:00,22.871650099793868,22.871650099793868,22.833433151245117,22.833433151245117,400,0.0,0.0,0.0
2023-12-28 00:00:00-05:00,22.799156207326426,22.85189087071167,22.667318710660957,22.70247459411621,11200,0.31,0.0,0.0
2023-12-29 00:00:00-05:00,22.667314202836504,22.667314202836504,22.500319179521178,22.579421997070312,5500,0.0,0.0,0.0
2024-01-02 00:00:00-05:00,22.526688668748687,22.526688668748687,22.34739048972884,22.407155990600586,5400,0.0,0.0,0.0
2024-01-03 00:00:00-05:00,22.658530611767333,22.658530611767333,22.605794268972478,22.64534568786621,1700,0.0,0.0,0.0
2024-01-04 00:00:00-05:00,22.632161458623692,22.632161458623692,22.40364234563989,22.553058624267578,8200,0.0,0.0,0.0
2024-01-05 00:00:00-05:00,22.72004832639469,22.72004832639469,22.66467669068124,22.686649322509766,1200,0.0,0.0,0.0
2024-01-08 00:00:00-05:00,22.263016089714093,22.394853591918945,22.263016089714093,22.394853591918945,4600,0.0,0.0,0.0
2024-01-09 00:00:00-05:00,22.412429643317846,22.589092511793076,22.412429643317846,22.53459930419922,5700,0.0,0.0,0.0
2024-01-10 00:00:00-05:00,22.623368812509465,22.623368812509465,22.35090446472168,22.35090446472168,1800,0.0,0.0,0.0
2024-01-11 00:00:00-05:00,22.623370462358025,22.667317409660644,22.45637541541733,22.522294998168945,2100,0.0,0.0,0.0
2024-01-12 00:00:00-05:00,22.705987111650245,22.705987111650245,22.607548638876136,22.610185623168945,4400,0.0,0.0,0.0
2024-01-16 00:00:00-05:00,22.57942708464007,22.57942708464007,22.500324249267578,22.500324249267578,800,0.0,0.0,0.0
2024-01-17 00:00:00-05:00,22.350906358118365,22.46516506964252,22.34211696855425,22.447587966918945,6300,0.0,0.0,0.0
2024-01-18 00:00:00-05:00,22.49152963950323,22.604909896850586,22.473950863187756,22.604909896850586,1100,0.0,0.0,0.0
2024-01-19 00:00:00-05:00,22.71126014667213,22.71126014667213,22.583816528320312,22.583816528320312,1800,0.0,0.0,0.0
2024-01-22 00:00:00-05:00,22.676106620547788,22.755209454512876,22.676106620547788,22.720932006835938,1200,0.0,0.0,0.0
2024-01-23 00:00:00-05:00,22.702471228263974,22.76311683654785,22.680498594811496,22.76311683654785,3700,0.0,0.0,0.0
2024-01-24 00:00:00-05:00,22.97493495897961,22.97493495897961,22.88704442751161,22.921321868896484,38100,0.0,0.0,0.0
2024-01-25 00:00:00-05:00,22.94856920953405,23.133141343249317,22.94856920953405,23.088315963745117,339400,0.0,0.0,0.0
2024-01-26 00:00:00-05:00,23.021519496720927,23.212244033813477,22.860676869390836,23.212244033813477,419400,0.0,0.0,0.0
2024-01-29 00:00:00-05:00,22.96614772296197,23.04525054982031,22.922202453109378,22.983726501464844,15400,0.0,0.0,0.0
2024-01-30 00:00:00-05:00,23.0452512203423,23.20345687866211,23.0452512203423,23.20345687866211,3000,0.0,0.0,0.0
2024-01-31 00:00:00-05:00,23.133144026962558,23.133144026962558,22.957361261565342,23.001306533813477,31500,0.0,0.0,0.0
2024-02-01 00:00:00-05:00,23.010093281511793,23.041733739785098,22.728839548046217,22.737628936767578,24000,0.0,0.0,0.0
2024-02-02 00:00:00-05:00,22.61458140758637,22.658528355539392,22.5618467464474,22.632160186767578,14500,0.0,0.0,0.0
2024-02-05 00:00:00-05:00,22.491532332087456,22.720051422332734,22.491532332087456,22.658527374267578,17000,0.0,0.0,0.0
2024-02-06 00:00:00-05:00,22.737628981977885,22.799153026745252,22.67610326080603,22.781574249267578,30300,0.0,0.0,0.0
2024-02-07 00:00:00-05:00,22.771911196356086,22.851892471313477,22.771911196356086,22.851892471313477,8600,0.0,0.0,0.0
2024-02-08 00:00:00-05:00,22.974937752753274,23.080408750306443,22.96614836325679,23.062829971313477,5700,0.0,0.0,0.0
2024-02-09 00:00:00-05:00,23.112048529413318,23.112048529413318,23.027673410265034,23.078649520874023,7100,0.0,0.0,0.0
2024-02-12 00:00:00-05:00,23.12435531616211,23.12435531616211,23.03646309268065,23.12435531616211,34800,0.0,0.0,0.0
2024-02-13 00:00:00-05:00,23.07161936080996,23.115564631887743,22.948571260668455,23.062829971313477,9300,0.0,0.0,0.0
2024-02-14 00:00:00-05:00,22.988125510705895,22.99164093165718,22.79915780423457,22.851892471313477,5400,0.0,0.0,0.0
2024-02-15 00:00:00-05:00,23.01009717595315,23.05404245059317,23.001307785744192,23.01888656616211,9900,0.0,0.0,0.0
2024-02-16 00:00:00-05:00,22.996910488260806,23.054039001464844,22.974936177823615,23.054039001464844,10600,0.0,0.0,0.0
2024-02-20 00:00:00-05:00,22.84310019358592,22.939781801348328,22.799154922641897,22.878257751464844,48100,0.0,0.0,0.0
2024-02-21 00:00:00-05:00,22.93099381834714,23.009218215942383,22.93099381834714,23.009218215942383,2600,0.0,0.0,0.0
2024-02-22 00:00:00-05:00,22.89583210728021,23.03645896911621,22.89583210728021,23.03645896911621,7200,0.0,0.0,0.0
2024-02-23 00:00:00-05:00,22.82551793178612,22.887043648686255,22.772783279418945,22.772783279418945,4800,0.0,0.0,0.0
2024-02-26 00:00:00-05:00,22.83430954458064,22.992515193499948,22.83430954458064,22.957359313964844,12600,0.0,0.0,0.0
2024-02-27 00:00:00-05:00,23.071620286463865,23.08919906616211,23.046132229384703,23.08919906616211,10400,0.0,0.0,0.0
2024-02-28 00:00:00-05:00,23.062831899955217,23.071621290186716,22.930994399292246,22.966150283813477,2300,0.0,0.0,0.0
2024-02-29 00:00:00-05:00,23.054041662056083,23.054041662056083,22.930993556148938,22.945056915283203,3000,0.0,0.0,0.0
2024-03-01 00:00:00-05:00,23.150722830901966,23.25619215497088,23.14193344116211,23.14193344116211,18800,0.0,0.0,0.0
2024-03-04 00:00:00-05:00,23.238614723413615,23.238614723413615,23.106777231988683,23.15072250366211,7800,0.0,0.0,0.0
2024-03-05 00:00:00-05:00,23.124354287817013,23.133143677414765,22.988122940063477,22.988122940063477,15000,0.0,0.0,0.0
2024-03-06 00:00:00-05:00,23.2122458720372,23.256191142418466,23.150721822941584,23.166542053222656,22200,0.0,0.0,0.0
2024-03-07 00:00:00-05:00,23.203455572612334,23.29134778633223,23.182361374263376,23.23861312866211,9300,0.0,0.0,0.0
2024-03-08 00:00:00-05:00,23.15951193404242,23.19466781616211,23.117323534375064,23.19466781616211,11100,0.0,0.0,0.0
2024-03-11 00:00:00-04:00,23.11556058813619,23.352869033813477,23.10677287658163,23.352869033813477,5200,0.0,0.0,0.0
2024-03-12 00:00:00-04:00,23.273767498502703,23.31771444071402,23.238611621138087,23.27552604675293,6600,0.0,0.0,0.0
2024-03-13 00:00:00-04:00,23.440762264501124,23.58138912519909,23.440762264501124,23.563810348510742,20400,0.0,0.0,0.0
2024-03-14 00:00:00-04:00,23.53744673243194,23.651705442041703,23.53744673243194,23.634126663208008,4400,0.0,0.0,0.0
2024-03-15 00:00:00-04:00,23.581393579430706,23.678075193074164,23.581393579430706,23.64291763305664,2900,0.0,0.0,0.0
2024-03-18 00:00:00-04:00,23.853857677568882,23.941749900152764,23.853857677568882,23.932960510253906,7800,0.0,0.0,0.0
2024-03-19 00:00:00-04:00,23.853858134687766,23.93296096888866,23.853858134687766,23.89692497253418,12400,0.0,0.0,0.0
2024-03-20 00:00:00-04:00,23.765966129639626,23.818700790405273,23.682467767322322,23.818700790405273,21300,0.0,0.0,0.0
2024-03-21 00:00:00-04:00,23.783545427028038,23.81870298838589,23.686865486103535,23.765968322753906,77600,0.0,0.0,0.0
2024-03-22 00:00:00-04:00,23.818698888897224,23.818698888897224,23.722017288208008,23.722017288208008,5500,0.0,0.0,0.0
2024-03-25 00:00:00-04:00,23.8187024465288,23.915382385253906,23.8187024465288,23.915382385253906,5000,0.0,0.0,0.0
2024-03-26 00:00:00-04:00,23.889016434696796,23.889016434696796,23.72202137105659,23.765968322753906,32000,0.0,0.0,0.0
2024-03-27 00:00:00-04:00,23.660495471533576,23.71323013305664,23.62621802536382,23.71323013305664,8100,0.0,0.0,0.0
2024-03-28 00:00:00-04:00,23.818698927755943,23.897801750920802,23.774751983550736,23.86264419555664,387300,0.0,0.0,0.0
2024-04-01 00:00:00-04:00,23.92478865430409,24.022439698723044,23.871522601082688,23.969175338745117,11200,0.27,0.0,0.0
2024-04-02 00:00:00-04:00,24.111213184523468,24.333149978705933,24.093457834610465,24.27544593811035,177600,0.0,0.0,0.0
2024-04-03 00:00:00-04:00,24.391742583035267,24.466313024765082,24.350906630646573,24.404170989990234,10500,0.0,0.0,0.0
2024-04-04 00:00:00-04:00,24.386416309933733,24.572844112629866,24.324274273449525,24.52845573425293,7000,0.0,0.0,0.0
2024-04-05 00:00:00-04:00,24.572842677016123,24.697126742723523,24.515138635119087,24.58172035217285,171900,0.0,0.0,0.0
2024-04-08 00:00:00-04:00,24.634985270492958,24.634985270492958,24.48406817588092,24.53733253479004,2900,0.0,0.0,0.0
2024-04-09 00:00:00-04:00,24.617230855044234,24.617230855044234,24.430804745157815,24.51070213317871,6300,0.0,0.0,0.0
2024-04-10 00:00:00-04:00,24.48406833313013,24.59770020791124,24.439681649294695,24.55508804321289,3500,0.0,0.0,0.0
2024-04-11 00:00:00-04:00,24.43080649125131,24.55953025817871,24.41127492602667,24.55953025817871,77900,0.0,0.0,0.0
2024-04-12 00:00:00-04:00,24.92794346564817,24.92794346564817,24.55065155029297,24.55065155029297,5500,0.0,0.0,0.0
2024-04-15 00:00:00-04:00,24.528456770722354,24.6971292291951,24.528456770722354,24.67049789428711,3700,0.0,0.0,0.0
2024-04-16 00:00:00-04:00,24.643864866135548,24.70600690524562,24.537334446772874,24.67049789428711,16300,0.0,0.0,0.0
2024-04-17 00:00:00-04:00,24.57284333483368,24.661618395534084,24.29764217058153,24.368661880493164,24100,0.0,0.0,0.0
2024-04-18 00:00:00-04:00,24.38641666169227,24.448560392316367,24.279887938538014,24.334928512573242,6300,0.0,0.0,0.0
2024-04-19 00:00:00-04:00,24.39973299889637,24.519579077352198,24.39973299889637,24.404170989990234,6400,0.0,0.0,0.0
2024-04-22 00:00:00-04:00,24.235499568230377,24.42192737368261,24.235499568230377,24.413049697875977,15700,0.0,0.0,0.0
2024-04-23 00:00:00-04:00,24.207091409429292,24.51070181866152,24.207091409429292,24.475191116333008,955800,0.0,0.0,0.0
2024-04-24 00:00:00-04:00,24.501824609786112,24.501824609786112,24.386416518263662,24.461875915527344,8300,0.0,0.0,0.0
2024-04-25 00:00:00-04:00,24.368660361415625,24.599473134307594,24.368660361415625,24.59059715270996,8600,0.0,0.0,0.0
2024-04-26 00:00:00-04:00,24.697128343636088,24.697128343636088,24.51070223299051,24.54621124267578,12600,0.0,0.0,0.0
2024-04-29 00:00:00-04:00,24.67049830186175,24.697129637209706,24.54621252834474,24.608354568481445,8800,0.0,0.0,0.0
2024-04-30 00:00:00-04:00,24.413046154245976,24.413046154245976,24.191109371025558,24.237272262573242,7100,0.0,0.0,0.0
2024-05-01 00:00:00-04:00,24.173354446977175,24.173354446977175,23.83601127557841,23.89815330505371,22600,0.0,0.0,0.0
2024-05-02 00:00:00-04:00,23.862645697941144,23.978053790412947,23.862645697941144,23.924789428710938,93100,0.0,0.0,0.0
2024-05-03 00:00:00-04:00,24.014450818247134,24.014450818247134,23.907033146172836,23.951419830322266,3800,0.0,0.0,0.0
2024-05-06 00:00:00-04:00,24.075707864249864,24.217747298815286,24.075707864249864,24.173358917236328,18100,0.0,0.0,0.0
2024-05-07 00:00:00-04:00,24.084581382264304,24.226622495535437,24.066827724693432,24.15116310119629,11100,0.0,0.0,0.0
2024-05-08 00:00:00-04:00,23.955861116237386,24.14495070616653,23.955861116237386,24.11565589904785,3600,0.0,0.0,0.0
2024-05-09 00:00:00-04:00,24.189333524618988,24.226620435455803,24.14228337288099,24.199987411499023,12300,0.0,0.0,0.0
2024-05-10 00:00:00-04:00,23.356626125099886,24.203537292863224,23.356626125099886,24.057947158813477,6300,0.0,0.0,0.0
2024-05-13 00:00:00-04:00,24.20886792175611,24.217745597448218,24.075706172861477,24.10677719116211,19000,0.0,0.0,0.0
2024-05-14 00:00:00-04:00,23.960296630859375,23.98692965632257,23.87596125675769,23.960296630859375,16900,0.0,0.0,0.0
2024-05-15 00:00:00-04:00,23.924790502150607,24.18134907998164,23.924790502150607,24.120094299316406,5100,0.0,0.0,0.0
2024-05-16 00:00:00-04:00,24.226624137117437,24.342030538743508,24.199991109091314,24.29054069519043,28300,0.0,0.0,0.0
2024-05-17 00:00:00-04:00,24.501823641953102,24.714882771836102,24.46631294035088,24.706005096435547,15000,0.0,0.0,0.0
2024-05-20 00:00:00-04:00,24.759269413660927,24.901308833342355,24.759269413660927,24.856922149658203,6200,0.0,0.0,0.0
2024-05-21 00:00:00-04:00,24.860477478375575,24.972333161079334,24.73264265432039,24.81254005432129,12900,0.0,0.0,0.0
2024-05-22 00:00:00-04:00,24.69713000797424,24.69713000797424,24.484070855774032,24.492948532104492,9700,0.0,0.0,0.0
2024-05-23 00:00:00-04:00,24.51069642309784,24.51069642309784,24.306513316142897,24.359779357910156,76700,0.0,0.0,0.0
2024-05-24 00:00:00-04:00,24.448560039661444,24.589710511142652,24.448560039661444,24.52845573425293,5100,0.0,0.0,0.0
2024-05-28 00:00:00-04:00,24.794778024823792,25.025592485657647,24.794778024823792,24.990081787109375,3800,0.0,0.0,0.0
2024-05-29 00:00:00-04:00,24.910188730229905,24.910188730229905,24.7592716217041,24.7592716217041,10700,0.0,0.0,0.0
2024-05-30 00:00:00-04:00,24.679372422603628,24.68825009813094,24.492946316260525,24.524017333984375,5100,0.0,0.0,0.0
2024-05-31 00:00:00-04:00,24.430802174744528,24.430802174744528,24.235496716467033,24.283435821533203,33000,0.0,0.0,0.0
2024-06-03 00:00:00-04:00,24.244375462826522,24.244375462826522,23.960296630859375,23.960296630859375,4400,0.0,0.0,0.0
2024-06-04 00:00:00-04:00,23.791623966758678,23.862643674085827,23.720604259431532,23.756114959716797,3900,0.0,0.0,0.0
2024-06-05 00:00:00-04:00,23.738361672117616,23.80050370977275,23.69397498614781,23.77387237548828,4800,0.0,0.0,0.0
2024-06-06 00:00:00-04:00,23.889278619684177,24.093460083007812,23.889278619684177,24.093460083007812,36800,0.0,0.0,0.0
2024-06-07 00:00:00-04:00,23.809381447643926,23.880401161326752,23.729484058095306,23.767658233642578,4800,0.0,0.0,0.0
2024-06-10 00:00:00-04:00,23.871521433708246,24.07570457458496,23.862643758605486,24.07570457458496,121500,0.0,0.0,0.0
2024-06-11 00:00:00-04:00,24.031317216386007,24.057950242821743,23.93366447936511,23.951419830322266,5100,0.0,0.0,0.0
2024-06-12 00:00:00-04:00,24.155599067747012,24.164476742410116,24.004683678204152,24.049070358276367,25000,0.0,0.0,0.0
2024-06-13 00:00:00-04:00,24.173356903578345,24.173356903578345,24.053510823163855,24.071266174316406,9900,0.0,0.0,0.0
2024-06-14 00:00:00-04:00,24.155599067747012,24.155599067747012,23.995806003541045,24.049070358276367,8800,0.0,0.0,0.0
2024-06-17 00:00:00-04:00,23.98692832887794,24.075703382265683,23.969172979551733,24.049070358276367,7600,0.0,0.0,0.0
2024-06-18 00:00:00-04:00,24.146725060940796,24.235498428344727,24.08458133321722,24.235498428344727,956700,0.0,0.0,0.0
2024-06-20 00:00:00-04:00,24.359783470454456,24.360670729994105,24.22750898958112,24.262130737304688,21600,0.0,0.0,0.0
2024-06-21 00:00:00-04:00,24.262130672012763,24.262130672012763,24.066826899482198,24.07570457458496,12200,0.0,0.0,0.0
2024-06-24 00:00:00-04:00,24.23549641164394,24.324271464904108,24.208865080936203,24.31450653076172,5400,0.0,0.0,0.0
2024-06-25 00:00:00-04:00,24.28876597922235,24.28876597922235,24.120093522910096,24.164480209350586,37300,0.0,0.0,0.0
2024-06-26 00:00:00-04:00,24.12896903436291,24.26124351544166,24.102336008941595,24.11121368408203,6500,0.0,0.0,0.0
2024-06-27 00:00:00-04:00,24.271010477194285,24.288765828958056,24.18223541161897,24.279888153076172,66400,0.0,0.0,0.0
2024-06-28 00:00:00-04:00,24.28876374789189,24.28876374789189,24.137846657317517,24.184009552001953,17700,0.0,0.0,0.0
2024-07-01 00:00:00-04:00,24.23599609010581,24.41525538441084,24.23599609010581,24.365062713623047,47400,0.26,0.0,0.0
2024-07-02 00:00:00-04:00,24.40629162753297,24.52281179035522,24.343550790425414,24.38388442993164,31100,0.0,0.0,0.0
2024-07-03 00:00:00-04:00,24.40629052884546,24.567625079607637,24.40629052884546,24.45558738708496,7000,0.0,0.0,0.0
2024-07-05 00:00:00-04:00,24.515644558520123,24.545223363892493,24.424222423801698,24.486963272094727,6600,0.0,0.0,0.0
2024-07-08 00:00:00-04:00,24.316659649856565,24.316659649856565,24.25391881656174,24.267364501953125,70800,0.0,0.0,0.0
2024-07-09 00:00:00-04:00,24.308595503631036,24.343550868766364,24.128438693894097,24.159809112548828,23800,0.0,0.0,0.0
2024-07-10 00:00:00-04:00,24.101547381133116,24.168770679111404,24.092584160765377,24.128437042236328,6800,0.0,0.0,0.0
2024-07-11 00:00:00-04:00,24.101549030950213,24.218069194147443,24.074661077565928,24.159809112548828,16500,0.0,0.0,0.0
2024-07-12 00:00:00-04:00,24.151744457275587,24.20910873619103,24.11051500370373,24.119478225708008,21500,0.0,0.0,0.0
2024-07-15 00:00:00-04:00,24.128440701240407,24.155330366421353,24.057632446289062,24.057632446289062,123800,0.0,0.0,0.0
2024-07-16 00:00:00-04:00,23.911531838427635,24.011021363264824,23.868509063974876,23.985029220581055,23900,0.0,0.0,0.0
2024-07-17 00:00:00-04:00,23.976066923824522,24.029844539182587,23.964414565803075,23.99847412109375,10400,0.0,0.0,0.0
2024-07-18 00:00:00-04:00,23.9491792110363,23.95814243258559,23.886438369750977,23.886438369750977,9500,0.0,0.0,0.0
2024-07-19 00:00:00-04:00,23.841623332245696,23.850586553554635,23.599621485583327,23.64443588256836,4400,0.0,0.0,0.0
2024-07-22 00:00:00-04:00,23.554804740772273,23.71613757957333,23.518951859110153,23.680286407470703,78200,0.0,0.0,0.0
2024-07-23 00:00:00-04:00,23.5906593688723,23.5906593688723,23.50551132678994,23.57273292541504,12600,0.0,0.0,0.0
2024-07-24 00:00:00-04:00,23.52791581565235,23.59065665096456,23.48310142173207,23.501026153564453,8100,0.0,0.0,0.0
2024-07-25 00:00:00-04:00,23.438287702440963,23.635475158691406,23.438287702440963,23.635475158691406,42300,0.0,0.0,0.0
2024-07-26 00:00:00-04:00,23.483101991708523,23.483101991708523,23.33073065529788,23.41139793395996,25000,0.0,0.0,0.0
2024-07-29 00:00:00-04:00,23.33969556714395,23.33969556714395,23.25006506107473,23.330732345581055,16900,0.0,0.0,0.0
2024-07-30 00:00:00-04:00,23.223173731174093,23.28591456805582,23.173876870892855,23.214210510253906,6900,0.0,0.0,0.0
2024-07-31 00:00:00-04:00,23.456214597076396,23.59962272644043,23.37554731061416,23.59962272644043,32100,0.0,0.0,0.0
2024-08-01 00:00:00-04:00,23.447254048288904,23.447254048288904,23.33969879378443,23.420364379882812,15200,0.0,0.0,0.0
2024-08-02 00:00:00-04:00,23.29487903459918,23.29487903459918,23.0708036282915,23.169397354125977,17600,0.0,0.0,0.0
2024-08-05 00:00:00-04:00,22.783987096334023,23.03495216369629,22.783987096334023,23.03495216369629,8100,0.0,0.0,0.0
2024-08-06 00:00:00-04:00,22.98117181412268,22.98117181412268,22.866444980131497,22.882579803466797,7200,0.0,0.0,0.0
2024-08-07 00:00:00-04:00,23.039435622785465,23.151473337681246,23.03495486639597,23.106658935546875,12300,0.0,0.0,0.0
2024-08-08 00:00:00-04:00,23.124582426105466,23.223176156966616,23.124582426105466,23.151472091674805,20300,0.0,0.0,0.0
2024-08-09 00:00:00-04:00,23.151469339735826,23.223173396504407,23.151469339735826,23.191802978515625,15100,0.0,0.0,0.0
2024-08-12 00:00:00-04:00,23.37554311611311,23.536877660087757,23.357616675769382,23.482202529907227,15200,0.0,0.0,0.0
2024-08-13 00:00:00-04:00,23.33969520606354,23.366583160776532,23.276952656093954,23.3011531829834,4300,0.0,0.0,0.0
2024-08-14 00:00:00-04:00,23.320871059155532,23.33073179933564,23.187323676806407,23.227657318115234,6700,0.0,0.0,0.0
2024-08-15 00:00:00-04:00,23.420363757046502,23.420363757046502,23.33073495052966,23.341489791870117,15100,0.0,0.0,0.0
2024-08-16 00:00:00-04:00,23.276953016203695,23.353139544708434,23.259924091925996,23.330732345581055,9400,0.0,0.0,0.0
2024-08-19 00:00:00-04:00,23.357619495753802,23.3845091595158,23.241101038571102,23.2590274810791,10500,0.0,0.0,0.0
2024-08-20 00:00:00-04:00,23.21421307077573,23.23213951459339,23.160435448882538,23.178361892700195,27000,0.0,0.0,0.0
2024-08-21 00:00:00-04:00,23.232136142269905,23.232136142269905,23.093208787189102,23.142505645751953,12800,0.0,0.0,0.0
2024-08-22 00:00:00-04:00,23.02598866754647,23.051980812277282,22.945321386484373,22.981172561645508,7000,0.0,0.0,0.0
2024-08-23 00:00:00-04:00,23.142506082342994,23.33073029953756,23.142506082342994,23.30384063720703,11100,0.0,0.0,0.0
2024-08-26 00:00:00-04:00,23.51447130806055,23.52791528402095,23.456211229632977,23.48310089111328,23600,0.0,0.0,0.0
2024-08-27 00:00:00-04:00,23.48310360583932,23.544946928142153,23.465177162780094,23.51357650756836,15700,0.0,0.0,0.0
2024-08-28 00:00:00-04:00,23.339693320481484,23.38361190522029,23.330730099781384,23.345069885253906,4500,0.0,0.0,0.0
2024-08-29 00:00:00-04:00,23.42036070202751,23.483103251788844,23.42036070202751,23.447250366210938,7400,0.0,0.0,0.0
2024-08-30 00:00:00-04:00,23.39347164870979,23.411398090656814,23.214210648358765,23.241100311279297,12600,0.0,0.0,0.0
2024-09-03 00:00:00-04:00,22.990137025946957,22.990137025946957,22.8825817850882,22.936359405517578,9000,0.0,0.0,0.0
2024-09-04 00:00:00-04:00,22.819838220796854,22.855691105865276,22.73917264851221,22.783987045288086,40700,0.0,0.0,0.0
2024-09-05 00:00:00-04:00,23.017023454078856,23.017023454078856,22.907674900440824,22.927392959594727,10200,0.0,0.0,0.0
2024-09-06 00:00:00-04:00,22.864657561932532,22.864657561932532,22.48821076325418,22.792953491210938,133900,0.0,0.0,0.0
2024-09-09 00:00:00-04:00,22.658502801750043,22.783984466165823,22.658502801750043,22.73917007446289,9400,0.0,0.0,0.0
2024-09-10 00:00:00-04:00,22.56887435913086,22.604725533838337,22.515096742289835,22.56887435913086,8600,0.0,0.0,0.0
2024-09-11 00:00:00-04:00,22.667466470052815,22.752614499795232,22.591279951180557,22.703317642211914,9800,0.0,0.0,0.0
2024-09-12 00:00:00-04:00,22.936360275772177,23.097694852741423,22.936360275772177,23.06184196472168,15800,0.0,0.0,0.0
2024-09-13 00:00:00-04:00,23.250063540080795,23.250063540080795,23.12458015596899,23.163122177124023,36500,0.0,0.0,0.0
2024-09-16 00:00:00-04:00,23.371067035990958,23.371067035990958,23.25006610380476,23.285917282104492,36600,0.0,0.0,0.0
2024-09-17 00:00:00-04:00,23.393473925935407,23.429325103759766,23.35762103855128,23.429325103759766,5500,0.0,0.0,0.0
2024-09-18 00:00:00-04:00,23.429322823044238,23.483102148885305,23.241100311279297,23.241100311279297,10900,0.0,0.0,0.0
2024-09-19 00:00:00-04:00,23.501025923197144,23.62650930215107,23.501025923197144,23.61754608154297,16200,0.0,0.0,0.0
2024-09-20 00:00:00-04:00,23.608583862695543,23.70717758400869,23.54584302533612,23.684768676757812,5600,0.0,0.0,0.0
2024-09-23 00:00:00-04:00,23.841621769627857,23.841621769627857,23.725101609808227,23.751991271972656,7600,0.0,0.0,0.0
2024-09-24 00:00:00-04:00,24.011920279433348,24.10154907027333,24.011920279433348,24.047771453857422,16300,0.0,0.0,0.0
2024-09-25 00:00:00-04:00,24.09258650098114,24.09258650098114,23.958141601524837,24.011920928955078,28000,0.0,0.0,0.0
2024-09-26 00:00:00-04:00,23.98502804258984,24.029842433200756,23.924976348876953,23.924976348876953,172600,0.0,0.0,0.0
2024-09-27 00:00:00-04:00,23.940215747518614,24.002958297729492,23.913327792702216,24.002958297729492,27100,0.0,0.0,0.0
2024-09-30 00:00:00-04:00,23.9222901519214,24.020882165294093,23.9222901519214,23.958141326904297,7900,0.0,0.0,0.0
2024-10-01 00:00:00-04:00,24.004269370360156,24.31793021221645,24.004269370360156,24.262577056884766,9100,0.76,0.0,0.0
2024-10-02 00:00:00-04:00,24.414795465366176,24.456309451850515,24.234902110463754,24.373281478881836,20900,0.0,0.0,0.0
2024-10-03 00:00:00-04:00,24.37328057872283,24.6777158818348,24.37328057872283,24.520885467529297,14300,0.0,0.0,0.0
2024-10-04 00:00:00-04:00,24.61314137568275,24.650041721707062,24.5301133976415,24.594690322875977,37200,0.0,0.0,0.0
2024-10-07 00:00:00-04:00,24.603915799825327,24.71462035685423,24.567013694285947,24.710006713867188,33800,0.0,0.0,0.0
2024-10-08 00:00:00-04:00,24.336378233060916,24.336378233060916,24.10574537666137,24.28102684020996,19700,0.0,0.0,0.0
2024-10-09 00:00:00-04:00,24.041167266704633,24.10574418176124,23.958139301749295,24.068843841552734,24100,0.0,0.0,0.0
2024-10-10 00:00:00-04:00,24.22567564258284,24.400957107543945,24.17032424928583,24.400957107543945,10700,0.0,0.0,0.0
2024-10-11 00:00:00-04:00,24.41940658245332,24.511660078367754,24.41940658245332,24.465534210205078,12800,0.0,0.0,0.0
2024-10-14 00:00:00-04:00,24.269956958501435,24.36405450111679,24.253351716815082,24.3271541595459,6900,0.0,0.0,0.0
2024-10-15 00:00:00-04:00,23.9212406753365,24.041168989092398,23.9212406753365,24.004268646240234,7300,0.0,0.0,0.0
2024-10-16 00:00:00-04:00,24.05039300969939,24.05039300969939,23.954449660862892,23.982126235961914,10800,0.0,0.0,0.0
2024-10-17 00:00:00-04:00,23.912017859887396,23.995967864990234,23.912017859887396,23.995967864990234,6700,0.0,0.0,0.0
2024-10-18 00:00:00-04:00,23.967367671473404,24.133423621093872,23.93969285292944,24.041170120239258,8800,0.0,0.0,0.0
2024-10-21 00:00:00-04:00,24.198926568524502,24.198926568524502,24.050397872924805,24.050397872924805,28700,0.0,0.0,0.0
2024-10-22 00:00:00-04:00,24.23490125403707,24.400957194106244,24.23490125403707,24.369590759277344,24600,0.0,0.0,0.0
2024-10-23 00:00:00-04:00,24.224755784511323,24.262578154900424,24.198001230346808,24.23490333557129,11000,0.0,0.0,0.0
2024-10-24 00:00:00-04:00,24.36405545084187,24.36405545084187,24.124197062719638,24.29947853088379,10600,0.0,0.0,0.0
2024-10-25 00:00:00-04:00,24.308703919808558,24.373280839403424,24.24412700021369,24.354829788208008,23800,0.0,0.0,0.0
2024-10-28 00:00:00-04:00,23.975670770594025,24.013494898864717,23.939692451336914,23.99135398864746,9200,0.0,0.0,0.0
2024-10-29 00:00:00-04:00,23.976592378362678,24.01349448127944,23.958141326904297,23.958141326904297,8600,0.0,0.0,0.0
2024-10-30 00:00:00-04:00,23.9581410640999,24.124197006225586,23.9581410640999,24.124197006225586,13500,0.0,0.0,0.0
2024-10-31 00:00:00-04:00,23.943383169087305,24.05962163220776,23.87511462697184,23.995044708251953,15900,0.0,0.0,0.0
2024-11-01 00:00:00-04:00,24.022718362585103,24.031942128093785,23.847436904907227,23.847436904907227,288800,0.0,0.0,0.0
2024-11-04 00:00:00-05:00,24.031944284023343,24.124197783687276,24.031944284023343,24.087297439575195,8900,0.0,0.0,0.0
2024-11-05 00:00:00-05:00,24.207224026893417,24.29025199469651,24.12419605909032,24.151872634887695,13300,0.0,0.0,0.0
2024-11-06 00:00:00-05:00,23.709057547620056,23.92123934609965,23.644478871936318,23.847436904907227,21400,0.0,0.0,0.0
2024-11-07 00:00:00-05:00,24.06884850016818,24.271804809570312,24.06884850016818,24.271804809570312,12900,0.0,0.0,0.0
2024-11-08 00:00:00-05:00,24.11497092780531,24.12511847788676,23.921240172825673,23.930465698242188,18700,0.0,0.0,0.0
2024-11-11 00:00:00-05:00,23.667546673531437,23.681384083201188,23.58913057969465,23.65370750427246,15300,0.0,0.0,0.0
2024-11-12 00:00:00-05:00,23.718282839265164,23.718282839265164,23.590974807739258,23.590974807739258,16000,0.0,0.0,0.0
2024-11-13 00:00:00-05:00,23.552231148964776,23.570680442711392,23.423075535202702,23.506103515625,32300,0.0,0.0,0.0
2024-11-14 00:00:00-05:00,23.58912894036636,23.764410408888665,23.441524048849406,23.48764991760254,39700,0.0,0.0,0.0
2024-11-15 00:00:00-05:00,23.487651155177357,23.51532773364099,23.349271782037576,23.404624938964844,17800,0.0,0.0,0.0
2024-11-18 00:00:00-05:00,23.63525762151599,23.819762864336226,23.63525762151599,23.810537338256836,36100,0.0,0.0,0.0
2024-11-19 00:00:00-05:00,23.882496555670972,23.893566131591797,23.773637807631285,23.893566131591797,971700,0.0,0.0,0.0
2024-11-20 00:00:00-05:00,23.921239532738014,23.96736539899729,23.893562957229044,23.91201400756836,168500,0.0,0.0,0.0
2024-11-21 00:00:00-05:00,24.00427023447267,24.031023028800302,23.93046778429614,23.995044708251953,32400,0.0,0.0,0.0
2024-11-22 00:00:00-05:00,23.99504158807558,24.160173735062724,23.99504158807558,24.133420944213867,11700,0.0,0.0,0.0
2024-11-25 00:00:00-05:00,24.031945646741303,24.031945646741303,23.828989343643457,23.87419319152832,256400,0.0,0.0,0.0
2024-11-26 00:00:00-05:00,24.004268141985246,24.01349366740176,23.847437729082614,23.930465698242188,33800,0.0,0.0,0.0
2024-11-27 00:00:00-05:00,23.976592378362678,24.00334517126495,23.902789932118267,23.958141326904297,16000,0.0,0.0,0.0
2024-11-29 00:00:00-05:00,24.013493211194486,24.0780701282942,23.946148460563492,23.976591110229492,6900,0.0,0.0,0.0
2024-12-02 00:00:00-05:00,23.884339294644306,23.884339294644306,23.718283347818875,23.79208755493164,8600,0.0,0.0,0.0
2024-12-03 00:00:00-05:00,23.893566131591797,23.971982226157287,23.893566131591797,23.893566131591797,12400,0.0,0.0,0.0
2024-12-04 00:00:00-05:00,23.948917672489703,23.976594251839863,23.819763821367474,23.838214874267578,27900,0.0,0.0,0.0
2024-12-05 00:00:00-05:00,23.83821423599983,23.856665288405907,23.782862838370797,23.81976318359375,76300,0.0,0.0,0.0
2024-12-06 00:00:00-05:00,23.75149559293745,23.842825307937947,23.709059581518925,23.79208755493164,10800,0.0,0.0,0.0
2024-12-09 00:00:00-05:00,24.05962054263243,24.183240476884677,24.031943965223654,24.07807159423828,18300,0.0,0.0,0.0
2024-12-10 00:00:00-05:00,24.179548079839385,24.225675707367802,24.114971160888672,24.114971160888672,14300,0.0,0.0,0.0
2024-12-11 00:00:00-05:00,24.253354742780033,24.375128876458458,24.18877605769302,24.364057540893555,41800,0.0,0.0,0.0
2024-12-12 00:00:00-05:00,24.225676765543465,24.225676765543465,24.092831303965827,24.202613830566406,15300,0.0,0.0,0.0
2024-12-13 00:00:00-05:00,24.17032591368954,24.20261437530198,24.10574723087547,24.161100387573242,11500,0.0,0.0,0.0
2024-12-16 00:00:00-05:00,24.09744530964012,24.15187468160852,24.03563622066931,24.09652328491211,36500,0.0,0.0,0.0
2024-12-17 00:00:00-05:00,23.885263937527075,23.995044708251953,23.799468127304692,23.995044708251953,13600,0.0,0.0,0.0
2024-12-18 00:00:00-05:00,23.930467377161737,24.00426982608265,23.690608978271484,23.690608978271484,15500,0.0,0.0,0.0
2024-12-19 00:00:00-05:00,23.828989306242093,23.828989306242093,23.62418719434031,23.662933349609375,11400,0.0,0.0,0.0
2024-12-20 00:00:00-05:00,23.708133763397992,23.88064738758767,23.679535163471893,23.847436904907227,590000,0.0,0.0,0.0
2024-12-23 00:00:00-05:00,23.82898870979679,23.865890814608946,23.782862838370797,23.81976318359375,34000,0.0,0.0,0.0
2024-12-24 00:00:00-05:00,23.9396915435791,23.985817411689023,23.9212404924995,23.9396915435791,25900,0.0,0.0,0.0
2024-12-26 00:00:00-05:00,23.985817904091867,23.985817904091867,23.93046650930584,23.958141326904297,9900,0.0,0.0,0.0
2024-12-27 00:00:00-05:00,24.031943773148708,24.05039482460709,23.948915801175108,23.958141326904297,183500,0.0,0.0,0.0
2024-12-30 00:00:00-05:00,24.179548858892204,24.179548858892204,24.021796414717176,24.07807159423828,12200,0.0,0.0,0.0
2024-12-31 00:00:00-05:00,24.06276523001255,24.16416758532035,24.05415674935862,24.145034790039062,14500,0.93,0.0,0.0
2025-01-02 00:00:00-05:00,24.36505889892578,24.441588263101522,24.31722873054243,24.36505889892578,86300,0.0,0.0,0.0
2025-01-03 00:00:00-05:00,24.30765890951929,26.73746907304802,24.24069595336914,24.24069595336914,28600,0.0,0.0,0.0
2025-01-06 00:00:00-05:00,24.42245477796365,24.45115214619973,24.269396065358627,24.33635902404785,51200,0.0,0.0,0.0
2025-01-07 00:00:00-05:00,24.393757048693832,24.434890918755503,24.33636048417423,24.374624252319336,10800,0.0,0.0,0.0
2025-01-08 00:00:00-05:00,24.432022930671554,24.44158750436814,24.28852878076802,24.34783935546875,14800,0.0,0.0,0.0
2025-01-10 00:00:00-05:00,24.89119585885273,24.89119585885273,24.652041406307113,24.747703552246094,24900,0.0,0.0,0.0
2025-01-13 00:00:00-05:00,24.74770379262028,24.834755634674853,24.74770379262028,24.814666748046875,290000,0.0,0.0,0.0
2025-01-14 00:00:00-05:00,24.72856983052709,24.81179547471322,24.652040481567383,24.652040481567383,86700,0.0,0.0,0.0
2025-01-15 00:00:00-05:00,24.843365010647172,25.07295307664663,24.814667642774587,24.996423721313477,25900,0.0,0.0,0.0
2025-01-16 00:00:00-05:00,24.996423120967535,25.025122312754597,24.90554508388073,24.96772575378418,29100,0.0,0.0,0.0
2025-01-17 00:00:00-05:00,25.024167630933682,25.044256518935853,24.89119780331822,24.91989517211914,26100,0.0,0.0,0.0
2025-01-21 00:00:00-05:00,24.881633127425783,24.98686168592158,24.881633127425783,24.939029693603516,21500,0.0,0.0,0.0
2025-01-22 00:00:00-05:00,24.9868605095805,25.063389869082577,24.92946212150105,25.053823471069336,13400,0.0,0.0,0.0
2025-01-23 00:00:00-05:00,24.967726172938193,25.05764811918947,24.939026980669333,25.01555633544922,589300,0.0,0.0,0.0
2025-01-24 00:00:00-05:00,25.07295184935836,25.08251824638221,24.948592337255633,25.025121688842773,19900,0.0,0.0,0.0
2025-01-27 00:00:00-05:00,24.833800622049306,24.833800622049306,24.611866750852773,24.71900749206543,18900,0.0,0.0,0.0
2025-01-28 00:00:00-05:00,24.728573443313024,24.795536405360448,24.680741452847816,24.75727081298828,20200,0.0,0.0,0.0
2025-01-29 00:00:00-05:00,24.9390279677223,24.967727161127037,24.84049571250947,24.91989517211914,20000,0.0,0.0,0.0
2025-01-30 00:00:00-05:00,25.053820879914326,25.11026134513248,24.979203712969756,25.025121688842773,27700,0.0,0.0,0.0
2025-01-31 00:00:00-05:00,24.996423301702333,25.014600004013346,24.87206378559997,24.948593139648438,50500,0.0,0.0,0.0
2025-02-03 00:00:00-05:00,25.072954858218797,25.178183413505362,25.044257488307107,25.101654052734375,18700,0.0,0.0,0.0
2025-02-04 00:00:00-05:00,25.182963883323584,25.320715982950237,25.16957129274039,25.221227645874023,2040700,0.0,0.0,0.0
2025-02-05 00:00:00-05:00,25.29297860131772,25.29297860131772,25.168617248535156,25.168617248535156,272700,0.0,0.0,0.0
2025-02-06 00:00:00-05:00,25.13035457018056,25.245147705078125,25.13035457018056,25.245147705078125,346800,0.0,0.0,0.0
2025-02-07 00:00:00-05:00,25.254710731845236,25.321673689028852,25.178181377263428,25.206880569458008,192800,0.0,0.0,0.0
2025-02-10 00:00:00-05:00,25.413509998445562,25.484299150653985,25.388638824546728,25.446035385131836,132800,0.0,0.0,0.0
2025-02-11 00:00:00-05:00,25.47473507733695,25.570397236775808,25.4670826884551,25.493867874145508,23400,0.0,0.0,0.0
2025-02-12 00:00:00-05:00,25.508215010488506,25.780850942839486,25.426901547108137,25.45560073852539,14400,0.0,0.0,0.0
2025-02-13 00:00:00-05:00,25.394376997737965,25.55126190185547,25.38959471131283,25.55126190185547,602700,0.0,0.0,0.0
2025-02-14 00:00:00-05:00,25.69953678867014,25.71388547169124,25.39820167300163,25.42690086364746,70400,0.0,0.0,0.0
2025-02-18 00:00:00-05:00,25.618228283707797,25.761720605270504,25.570396293450987,25.67562484741211,35900,0.0,0.0,0.0
2025-02-19 00:00:00-05:00,25.857379588323216,25.87555446516793,25.666055299980346,25.790414810180664,21100,0.0,0.0,0.0
2025-02-20 00:00:00-05:00,25.838250433688255,25.838250433688255,25.75980706300673,25.809551239013672,18200,0.0,0.0,0.0
2025-02-21 00:00:00-05:00,25.790417235436713,25.790417235436713,25.560829162597656,25.560829162597656,31900,0.0,0.0,0.0
2025-02-24 00:00:00-05:00,25.53691237730207,25.541696488173457,25.446034341386305,25.45560073852539,14700,0.0,0.0,0.0
2025-02-25 00:00:00-05:00,25.43646950408038,25.43646950408038,25.125567964107745,25.216447830200195,9700,0.0,0.0,0.0
2025-02-26 00:00:00-05:00,25.13035183912776,25.149484634399414,25.05382248264492,25.149484634399414,41100,0.0,0.0,0.0
2025-02-27 00:00:00-05:00,25.168616598020524,25.168616598020524,25.00599148100313,25.053823471069336,24000,0.0,0.0,0.0
2025-02-28 00:00:00-05:00,24.872064534489883,24.90076372734858,24.07807177810378,24.785968780517578,1015000,0.0,0.0,0.0
2025-03-03 00:00:00-05:00,24.929461095603493,24.934245206715165,24.766835985278448,24.785968780517578,54300,0.0,0.0,0.0
2025-03-04 00:00:00-05:00,24.89119780331822,24.967727161127037,24.766836456501508,24.91989517211914,1169400,0.0,0.0,0.0
2025-03-05 00:00:00-05:00,24.881630241130022,25.03468894958496,24.83188606965198,25.03468894958496,761200,0.0,0.0,0.0
2025-03-06 00:00:00-05:00,24.843363671993085,24.95815861110911,24.843363671993085,24.852930068969727,25000,0.0,0.0,0.0
2025-03-07 00:00:00-05:00,24.958162058976598,25.130353579136354,24.891199095493118,25.029909133911133,80700,0.0,0.0,0.0
2025-03-10 00:00:00-04:00,24.983032385422447,25.015557773609647,24.835713870767755,24.88163185119629,10700,0.0,0.0,0.0
2025-03-11 00:00:00-04:00,24.948592337255633,25.055733064556897,24.948592337255633,25.025121688842773,862300,0.0,0.0,0.0
2025-03-12 00:00:00-04:00,25.025123234004802,25.072953397473636,24.95816027530692,25.06338882446289,764900,0.0,0.0,0.0
2025-03-13 00:00:00-04:00,25.072950868923986,25.240360073389628,25.063386296877805,25.12078285217285,586400,0.0,0.0,0.0
2025-03-14 00:00:00-04:00,25.072953453312792,25.16765951268484,25.063388880280748,25.149484634399414,82900,0.0,0.0,0.0
2025-03-17 00:00:00-04:00,25.226014463713962,25.34080758828799,25.187748872453408,25.283411026000977,72400,0.0,0.0,0.0
2025-03-18 00:00:00-04:00,25.465170405178473,25.465170405178473,25.302545282141725,25.32167625427246,157700,0.0,0.0,0.0
2025-03-19 00:00:00-04:00,25.398202115169425,25.446034100411875,25.35993835157914,25.38863754272461,591400,0.0,0.0,0.0
2025-03-20 00:00:00-04:00,25.273842782029053,25.407768692450585,25.25949409865637,25.369504928588867,56900,0.0,0.0,0.0
2025-03-21 00:00:00-04:00,25.3312399050128,25.3312399050128,25.211662675297365,25.22601318359375,21900,0.0,0.0,0.0
2025-03-24 00:00:00-04:00,25.47473263870628,25.47473263870628,25.197314409954448,25.27384376525879,20700,0.0,0.0,0.0
2025-03-25 00:00:00-04:00,25.45560087378041,25.465167270970323,25.359938726484973,25.39150619506836,20600,0.0,0.0,0.0
2025-03-26 00:00:00-04:00,25.436472076033738,25.446038474726745,25.33124351501465,25.33124351501465,91900,0.0,0.0,0.0
2025-03-27 00:00:00-04:00,25.441250470179803,25.541696728784576,25.331239638949533,25.522563934326172,25800,0.0,0.0,0.0
2025-03-28 00:00:00-04:00,25.541696329978887,25.541696329978887,25.417334992544728,25.467079162597656,43000,0.0,0.0,0.0
2025-03-31 00:00:00-04:00,25.570394155257013,25.62300842783797,25.44603464019596,25.608659744262695,30400,0.0,0.0,0.0
2025-04-01 00:00:00-04:00,25.705041885375977,26.890538310637762,25.63757487816665,25.705041885375977,53400,0.2,0.0,0.0
2025-04-02 00:00:00-04:00,25.647212829262216,25.791785247620506,25.637574422926594,25.743593215942383,105700,0.0,0.0,0.0
2025-04-03 00:00:00-04:00,24.933988871058503,25.121933210558996,24.92435046411769,24.991817474365234,47900,0.0,0.0,0.0
2025-04-04 00:00:00-04:00,24.220756864007,24.247745501318345,23.912335253830655,24.056907653808594,153800,0.0,0.0,0.0
2025-04-07 00:00:00-04:00,23.835234512719882,24.230400007832674,23.60584667658364,23.63283348083496,904100,0.0,0.0,0.0
2025-04-08 00:00:00-04:00,23.854509845222395,24.0472742964786,23.24730494894002,23.372600555419922,59500,0.0,0.0,0.0
2025-04-09 00:00:00-04:00,23.37259743602205,24.114738084470012,23.25693841303702,24.056907653808594,63400,0.0,0.0,0.0
2025-04-10 00:00:00-04:00,23.801499224756864,23.924868251382215,23.72921393521395,23.883424758911133,34500,0.0,0.0,0.0
2025-04-11 00:00:00-04:00,23.97016901421861,24.246783742122297,23.97016901421861,24.19184684753418,49900,0.0,0.0,0.0
2025-04-14 00:00:00-04:00,24.268953022337307,24.268953022337307,24.124380597740018,24.211124420166016,14300,0.0,0.0,0.0
2025-04-15 00:00:00-04:00,24.19184505923837,24.24003524958362,24.10510124594658,24.22075843811035,178800,0.0,0.0,0.0
2025-04-16 00:00:00-04:00,24.374974196370108,24.548460006713867,24.374974196370108,24.548460006713867,23000,0.0,0.0,0.0
2025-04-17 00:00:00-04:00,24.55809484236938,24.67375387078391,24.529181464019164,24.6400203704834,25200,0.0,0.0,0.0
2025-04-21 00:00:00-04:00,24.741224955538716,24.741224955538716,24.53978720953825,24.635204315185547,23700,0.0,0.0,0.0
2025-04-22 00:00:00-04:00,24.664116934900875,24.779774131869267,24.61592674255371,24.61592674255371,12800,0.0,0.0,0.0
2025-04-23 00:00:00-04:00,24.58701209718876,24.60628890991211,24.44243967843974,24.60628890991211,12500,0.0,0.0,0.0
2025-04-24 00:00:00-04:00,24.615928104871927,24.760500528252482,24.587012884860574,24.75086212158203,16500,0.0,0.0,0.0
2025-04-25 00:00:00-04:00,24.635203409021898,24.745079040527344,24.63134841396983,24.745079040527344,27300,0.0,0.0,0.0
2025-04-28 00:00:00-04:00,24.67375510945564,24.81447252872718,24.63038320141507,24.80868911743164,17500,0.0,0.0,0.0
2025-04-29 00:00:00-04:00,24.76050190868712,24.76050190868712,24.587014255623018,24.601470947265625,18800,0.0,0.0,0.0
2025-04-30 00:00:00-04:00,24.457859382929726,24.48099119027003,24.278590173964922,24.29497528076172,10900,0.0,0.0,0.0
2025-05-01 00:00:00-04:00,24.172571092991188,24.269916612549927,24.114742490102604,24.268953323364258,8900,0.0,0.0,0.0
2025-05-02 00:00:00-04:00,24.384607769280105,24.384607769280105,24.26895057659307,24.34605598449707,52400,0.0,0.0,0.0
2025-05-05 00:00:00-04:00,24.471354262995202,24.471354262995202,24.355697057641727,24.36533546447754,479100,0.0,0.0,0.0
2025-05-06 00:00:00-04:00,24.741222768884388,24.7894129620559,24.60628875733374,24.702669143676758,1164100,0.0,0.0,0.0
2025-05-07 00:00:00-04:00,24.693034272840908,24.693034272840908,24.52532819766707,24.548460006713867,10000,0.0,0.0,0.0
2025-05-08 00:00:00-04:00,24.635201395048114,24.673755019093196,24.558095985295928,24.620744705200195,73200,0.0,0.0,0.0
2025-05-09 00:00:00-04:00,24.75086193675778,24.85591744350643,24.75086193675778,24.8164005279541,23900,0.0,0.0,0.0
2025-05-12 00:00:00-04:00,24.86651790272464,24.86651790272464,24.774955802099356,24.837604522705078,12400,0.0,0.0,0.0
2025-05-13 00:00:00-04:00,24.918566024138336,25.068921857202636,24.918566024138336,25.040006637573242,73900,0.0,0.0,0.0
2025-05-14 00:00:00-04:00,24.866518290338014,24.885795102876873,24.764354492890515,24.79905128479004,45600,0.0,0.0,0.0
2025-05-15 00:00:00-04:00,24.664118852944686,24.717129171651795,24.63327705391052,24.70941734313965,6600,0.0,0.0,0.0
2025-05-16 00:00:00-04:00,24.59279474858614,24.615926555471617,24.514724210970915,24.587011337280273,85500,0.0,0.0,0.0
2025-05-19 00:00:00-04:00,24.577374380372955,24.6352029818274,24.47135374575806,24.625564575195312,397400,0.0,0.0,0.0
2025-05-20 00:00:00-04:00,24.60628885921583,24.827966690063477,24.60628885921583,24.827966690063477,57100,0.0,0.0,0.0
2025-05-21 00:00:00-04:00,24.943625013169967,24.943625013169967,24.85688302886208,24.872303009033203,7800,0.0,0.0,0.0
2025-05-22 00:00:00-04:00,24.760499954223633,24.789413335226577,24.702669515541626,24.760499954223633,128300,0.0,0.0,0.0
2025-05-23 00:00:00-04:00,24.765318270026846,24.905072406180434,24.7604999859662,24.88579559326172,68300,0.0,0.0,0.0
2025-05-27 00:00:00-04:00,24.770138934922933,24.770138934922933,24.673756706556528,24.75086212158203,16300,0.0,0.0,0.0
2025-05-28 00:00:00-04:00,24.72194610957611,24.72194610957611,24.59086709206582,24.60628890991211,15800,0.0,0.0,0.0
2025-05-29 00:00:00-04:00,24.55809669206136,24.577373504638672,24.49062968637879,24.577373504638672,42000,0.0,0.0,0.0
2025-05-30 00:00:00-04:00,24.43280086652884,24.443402561849293,24.346057049051637,24.42316246032715,55500,0.0,0.0,0.0
2025-06-02 00:00:00-04:00,24.818328283721662,24.856881909088926,24.741222871325174,24.827966690063477,56300,0.0,0.0,0.0
2025-06-03 00:00:00-04:00,24.760500441303964,24.885796050903636,24.760500441303964,24.847244262695312,12000,0.0,0.0,0.0
2025-06-04 00:00:00-04:00,24.914710812639793,24.93398762555851,24.833750404386866,24.88579559326172,21300,0.0,0.0,0.0
2025-06-05 00:00:00-04:00,25.087234118003277,25.087234118003277,25.001455422977394,25.03036880493164,13400,0.0,0.0,0.0
2025-06-06 00:00:00-04:00,25.174940682462108,25.174940682462108,25.08819686814303,25.165302276611328,88700,0.0,0.0,0.0
2025-06-09 00:00:00-04:00,25.126753088468256,25.252050548307395,25.117114680916146,25.21735191345215,48700,0.0,0.0,0.0
2025-06-10 00:00:00-04:00,25.280959470144804,25.280959470144804,25.136387059058986,25.165302276611328,24500,0.0,0.0,0.0
2025-06-11 00:00:00-04:00,25.232770077374006,25.30987548828125,25.165303072622418,25.30987548828125,13800,0.0,0.0,0.0
2025-06-12 00:00:00-04:00,25.338790893554688,25.36770427389681,25.26746705514461,25.338790893554688,24100,0.0,0.0,0.0
2025-06-13 00:00:00-04:00,25.676126851191356,25.79178589176939,25.608659843495037,25.733957290649414,17100,0.0,0.0,0.0
2025-06-16 00:00:00-04:00,25.695402718965873,25.73395634385279,25.48336329710187,25.68576431274414,131000,0.0,0.0,0.0
2025-06-17 00:00:00-04:00,25.91708125904083,25.93635807201386,25.820700870851823,25.926719665527344,27400,0.0,0.0,0.0
2025-06-18 00:00:00-04:00,25.984546866370398,25.984546866370398,25.753230638168823,25.855396270751953,768700,0.0,0.0,0.0
2025-06-20 00:00:00-04:00,25.835157259189955,25.90262426546825,25.81106216242457,25.8688907623291,87200,0.0,0.0,0.0
2025-06-23 00:00:00-04:00,25.82070079196751,25.907442773405,25.454448699951172,25.454448699951172,278900,0.0,0.0,0.0
2025-06-24 00:00:00-04:00,25.088200249768644,25.088200249768644,24.96097621673059,25.045791625976562,32200,0.0,0.0,0.0
2025-06-25 00:00:00-04:00,24.94362144360112,25.049642064627026,24.905069660352154,24.96289825439453,34500,0.0,0.0,0.0
2025-06-26 00:00:00-04:00,25.001456180620632,25.05928478461968,24.971577670247854,25.049646377563477,16800,0.0,0.0,0.0
2025-06-27 00:00:00-04:00,24.94362277664935,25.01109161803199,24.924347803163695,24.972537994384766,21800,0.0,0.0,0.0
2025-06-30 00:00:00-04:00,24.90507183214052,24.90507183214052,24.808689608106533,24.89543342590332,101800,0.0,0.0,0.0
2025-07-01 00:00:00-04:00,24.880857812153067,24.914867819670206,24.856565214413173,24.879886627197266,14900,0.21,0.0,0.0
2025-07-02 00:00:00-04:00,25.002322750331157,25.16751501036618,24.827413080481552,25.1500244140625,21400,0.0,0.0,0.0
2025-07-03 00:00:00-04:00,25.216103445575428,25.259830865441536,25.148081573134192,25.19666862487793,12000,0.0,0.0,0.0
2025-07-07 00:00:00-04:00,25.002322395943676,25.90602110841983,25.000380026052138,25.23553466796875,1241700,0.0,0.0,0.0
2025-07-08 00:00:00-04:00,25.089776680908795,25.137390689899526,25.05090889645786,25.118928909301758,15200,0.0,0.0,0.0
2025-07-09 00:00:00-04:00,24.953736436397936,25.109211279650996,24.953736436397936,25.080059051513672,30900,0.0,0.0,0.0
2025-07-10 00:00:00-04:00,25.080059271444476,25.118928909301758,25.021756668064896,25.118928909301758,54800,0.0,0.0,0.0
2025-07-11 00:00:00-04:00,25.30161276619428,25.420162200927734,25.30161276619428,25.420162200927734,15000,0.0,0.0,0.0
2025-07-14 00:00:00-04:00,25.391009736076924,25.391009736076924,25.274404525756836,25.274404525756836,19400,0.0,0.0,0.0
2025-07-15 00:00:00-04:00,25.245253140451172,25.322990567732216,25.196667943427943,25.25497055053711,92900,0.0,0.0,0.0
2025-07-16 00:00:00-04:00,25.225816270574573,25.34242332872455,25.148078849610027,25.322988510131836,1452900,0.0,0.0,0.0
2025-07-17 00:00:00-04:00,25.23553533703566,25.81856695925939,25.23553533703566,25.45903205871582,5061600,0.0,0.0,0.0
2025-07-18 00:00:00-04:00,25.51733292034688,25.60478775037165,25.45903031813247,25.49789810180664,25000,0.0,0.0,0.0
2025-07-21 00:00:00-04:00,25.56592040724078,25.643657834970565,25.51247557816284,25.575637817382812,55200,0.0,0.0,0.0
2025-07-22 00:00:00-04:00,25.585353558901822,25.73111099471336,25.52219132380116,25.721393585205078,31100,0.0,0.0,0.0
2025-07-23 00:00:00-04:00,25.590210961451817,25.590210961451817,25.5173331713186,25.55911636352539,23800,0.0,0.0,0.0
2025-07-24 00:00:00-04:00,25.45903108720748,25.65337371826172,25.361858844977185,25.65337371826172,23500,0.0,0.0,0.0
2025-07-25 00:00:00-04:00,25.438624917586186,25.478463887109665,25.303556076321097,25.332706451416016,26400,0.0,0.0,0.0
2025-07-28 00:00:00-04:00,25.46874763010358,25.565919876098633,25.37157723751496,25.565919876098633,27400,0.0,0.0,0.0
2025-07-29 00:00:00-04:00,25.47846390771706,25.78941545176306,25.473606129666095,25.721393585205078,24000,0.0,0.0,0.0
2025-07-30 00:00:00-04:00,25.51733379717924,25.76512125515974,25.25496929808951,25.50664520263672,38600,0.0,0.0,0.0
2025-07-31 00:00:00-04:00,25.361858503733384,25.429878516357473,25.274403672243455,25.37837791442871,25900,0.0,0.0,0.0
2025-08-01 00:00:00-04:00,25.45903368848652,25.45903368848652,25.17723434256642,25.313274383544922,61100,0.0,0.0,0.0
2025-08-04 00:00:00-04:00,25.118929002625755,25.332706451416016,25.118929002625755,25.332706451416016,51800,0.0,0.0,0.0
2025-08-05 00:00:00-04:00,25.206384053742017,25.293838886599374,25.1869492345723,25.230676651000977,75400,0.0,0.0,0.0
2025-08-06 00:00:00-04:00,25.39101127163335,25.420163502679596,25.186951214529184,25.19666862487793,15700,0.0,0.0,0.0
2025-08-07 00:00:00-04:00,25.332706139777276,25.468746164296963,25.308413543028237,25.361858367919922,20600,0.0,0.0,0.0
2025-08-08 00:00:00-04:00,25.468745797596654,25.48818061607859,25.31327095655374,25.391008377075195,83400,0.0,0.0,0.0
2025-08-11 00:00:00-04:00,25.361857525023797,25.391007898791305,25.26468528785081,25.38129234313965,22700,0.0,0.0,0.0
2025-08-12 00:00:00-04:00,25.483323665981096,25.483323665981096,25.225816946246105,25.264686584472656,30900,0.0,0.0,0.0
2025-08-13 00:00:00-04:00,25.361859064810456,25.42016166929145,25.250111633969226,25.410444259643555,36600,0.0,0.0,0.0
2025-08-14 00:00:00-04:00,25.31327337525767,25.31327337525767,25.192781566650417,25.293840408325195,23800,0.0,0.0,0.0
2025-08-15 00:00:00-04:00,25.264685763755192,25.76997992384781,25.12864574119422,25.391008377075195,541000,0.0,0.0,0.0
2025-08-18 00:00:00-04:00,25.22581771071807,25.604789281286273,25.22581771071807,25.420162200927734,47800,0.0,0.0,0.0
2025-08-19 00:00:00-04:00,25.25496917491602,25.274403994029296,25.148079523199367,25.264686584472656,20100,0.0,0.0,0.0
2025-08-20 00:00:00-04:00,25.29189376826739,25.439595423280046,25.29189376826739,25.391008377075195,12300,0.0,0.0,0.0
2025-08-21 00:00:00-04:00,25.42016227041105,25.57563712164119,25.395869672420044,25.52705192565918,36300,0.0,0.0,0.0
2025-08-22 00:00:00-04:00,25.478464797649703,26.064411822961773,25.478464797649703,25.701961517333984,27800,0.0,0.0,0.0
2025-08-25 00:00:00-04:00,25.721393273537373,25.81856551403641,25.721393273537373,25.750545501708984,27800,0.0,0.0,0.0
2025-08-26 00:00:00-04:00,25.6533747808977,25.711677387288397,25.614506994439385,25.672809600830078,23300,0.0,0.0,0.0
2025-08-27 00:00:00-04:00,25.58049667434735,25.735971525097728,25.58049667434735,25.701961517333984,53800,0.0,0.0,0.0
2025-08-28 00:00:00-04:00,25.697100388124433,25.886585235595703,25.67280779162412,25.886585235595703,14000,0.0,0.0,0.0
2025-08-29 00:00:00-04:00,25.857433948420297,25.959463962163856,25.831197129627313,25.94002914428711,11500,0.0,0.0,0.0
2025-09-02 00:00:00-04:00,26.071211639938404,26.236403886694585,26.00416281499196,26.226686477661133,32800,0.0,0.0,0.0
2025-09-03 00:00:00-04:00,26.22668639856906,26.22668639856906,26.07509815423561,26.119796752929688,43500,0.0,0.0,0.0
2025-09-04 00:00:00-04:00,25.993477085047385,26.051779692265644,25.933230254445714,26.032346725463867,24600,0.0,0.0,0.0
2025-09-05 00:00:00-04:00,25.935172814803952,25.978900230765355,25.857435392362163,25.896303176879883,87300,0.0,0.0,0.0
2025-09-08 00:00:00-04:00,26.042061071229785,26.080930709838867,25.974041057070274,26.080930709838867,21700,0.0,0.0,0.0
2025-09-09 00:00:00-04:00,26.197536767344257,26.197536767344257,26.03817532137963,26.06149673461914,23800,0.0,0.0,0.0
2025-09-10 00:00:00-04:00,26.077044429415164,26.235434687174703,26.03234582720373,26.05177879333496,814400,0.0,0.0,0.0
2025-09-11 00:00:00-04:00,26.100364009604856,26.19753439365763,26.068296374278674,26.158666610717773,48400,0.0,0.0,0.0
2025-09-12 00:00:00-04:00,26.304424506641382,26.411314155082362,26.304424506641382,26.343294143676758,13700,0.0,0.0,0.0
2025-09-15 00:00:00-04:00,26.52792097623287,27.441337114766878,26.508488009937064,26.620235443115234,21300,0.0,0.0,0.0
2025-09-16 00:00:00-04:00,26.741698853320234,26.809718865227083,26.72226403465933,26.770849227905273,30400,0.0,0.0,0.0
2025-09-17 00:00:00-04:00,26.566790769675183,26.70088843162907,26.39188109815384,26.41131591796875,22700,0.0,0.0,0.0
2025-09-18 00:00:00-04:00,26.35301009172972,26.391877873203672,26.26555526665557,26.330659866333008,77600,0.0,0.0,0.0
2025-09-19 00:00:00-04:00,26.226688698074316,26.29470871366096,26.178103502199974,26.19753646850586,21700,0.0,0.0,0.0
2025-09-22 00:00:00-04:00,26.23640449523578,26.362727108788143,26.197534858200406,26.343294143676758,19800,0.0,0.0,0.0
2025-09-23 00:00:00-04:00,26.353014469317397,26.459902276180912,26.333579648648936,26.362730026245117,20700,0.0,0.0,0.0
2025-09-24 00:00:00-04:00,26.537638003329022,26.989487361153397,26.469617988758706,26.542497634887695,17300,0.0,0.0,0.0
2025-09-25 00:00:00-04:00,26.595942168193833,26.595942168193833,26.353012488319017,26.53763771057129,81600,0.0,0.0,0.0
2025-09-26 00:00:00-04:00,26.479335706567316,26.81943763678249,26.479335706567316,26.654245376586914,19500,0.0,0.0,0.0
2025-09-29 00:00:00-04:00,26.59594011471877,26.68242190272411,26.576505297011817,26.605655670166016,23900,0.0,0.0,0.0
2025-09-30 00:00:00-04:00,26.586223769172197,26.634808961976493,26.51820375788366,26.625091552734375,94800,0.0,0.0,0.0
2025-10-01 00:00:00-04:00,29.35712522678299,29.35712522678299,26.478208976992164,26.649572372436523,21200,0.21,0.0,0.0
2025-10-02 00:00:00-04:00,26.674053630887926,26.674053630887926,26.458625087110985,26.507585525512695,38900,0.0,0.0,0.0
2025-10-03 00:00:00-04:00,26.585922241210938,26.855208376655984,26.57612978039391,26.585922241210938,65200,0.0,0.0,0.0
2025-10-06 00:00:00-04:00,26.771976299302953,27.712030161534614,26.458625011892398,26.918859481811523,85700,0.0,0.0,0.0
2025-10-07 00:00:00-04:00,26.869900546568118,27.016783737292883,26.869900546568118,26.948238372802734,76200,0.0,0.0,0.0
2025-10-08 00:00:00-04:00,27.04615810245435,27.104910998639475,26.948235363665216,27.026573181152344,74900,0.0,0.0,0.0
2025-10-09 00:00:00-04:00,27.15387294736944,28.62760567235601,26.851292806958963,26.918859481811523,34500,0.0,0.0,0.0
2025-10-10 00:00:00-04:00,26.830728024363015,26.830728024363015,26.478208775316645,26.595714569091797,37000,0.0,0.0,0.0
2025-10-13 00:00:00-04:00,26.811145846051758,26.918861057800793,26.811145846051758,26.87479591369629,16900,0.0,0.0,0.0
2025-10-14 00:00:00-04:00,26.723014526261792,26.86695977644938,26.678949386938115,26.742597579956055,14100,0.0,0.0,0.0
2025-10-15 00:00:00-04:00,26.801352617402866,26.928650872457276,26.786662992331298,26.860105514526367,30600,0.0,0.0,0.0
2025-10-16 00:00:00-04:00,26.938441965366017,27.032448090166852,26.879689071225908,26.958026885986328,12500,0.0,0.0,0.0
2025-10-17 00:00:00-04:00,26.869898508010593,26.894378726653947,26.72301532842952,26.82093620300293,74200,0.0,0.0,0.0
2025-10-20 00:00:00-04:00,26.92865112410638,27.075534302148228,26.92865112410638,27.05986785888672,17600,0.0,0.0,0.0
2025-10-21 00:00:00-04:00,26.92865060611994,26.9580279882516,26.79155989161402,26.879690170288086,126100,0.0,0.0,0.0
2025-10-22 00:00:00-04:00,26.996217316441935,27.104911202448204,26.92865064484659,27.08043098449707,26800,0.0,0.0,0.0
2025-10-23 00:00:00-04:00,27.330133838407164,27.379094277251802,27.232211092996874,27.300756454467773,57900,0.0,0.0,0.0
2025-10-24 00:00:00-04:00,27.26158620353307,27.281171124526104,27.104910571030537,27.19304084777832,59000,0.0,0.0,0.0
2025-10-27 00:00:00-04:00,27.222417600061746,27.23221006100378,27.026573984383884,27.10491180419922,22900,0.0,0.0,0.0
2025-10-28 00:00:00-04:00,26.997196636358844,27.07455577049598,26.929629963176364,26.96782112121582,29900,0.0,0.0,0.0
2025-10-29 00:00:00-04:00,27.10491180419922,27.28019181221509,27.04126174193646,27.10491180419922,25600,0.0,0.0,0.0
2025-10-30 00:00:00-04:00,26.987405468383617,27.183250961417937,26.929631253387807,27.144081115722656,23700,0.0,0.0,0.0
2025-10-31 00:00:00-04:00,27.251794815063477,27.2909646585904,27.153872073967108,27.251794815063477,23500,0.0,0.0,0.0
2025-11-03 00:00:00-05:00,27.33992506141979,27.942147396993395,27.232209859575086,27.388885498046875,106700,0.0,0.0,0.0
2025-11-04 00:00:00-05:00,27.212628479617912,27.222419073368876,27.085328348202776,27.134288787841797,30700,0.0,0.0,0.0
2025-11-05 00:00:00-05:00,27.01678195865051,27.07553485752821,26.938444137573242,26.938444137573242,30900,0.0,0.0,0.0
2025-11-06 00:00:00-05:00,26.92865060611994,26.92865060611994,26.79155989161402,26.879690170288086,34500,0.0,0.0,0.0
2025-11-07 00:00:00-05:00,26.850312086427586,27.006987718259918,26.850312086427586,26.92864990234375,46900,0.0,0.0,0.0
2025-11-10 00:00:00-05:00,27.046159271454016,27.34971809387207,27.046159271454016,27.34971809387207,19100,0.0,0.0,0.0
2025-11-11 00:00:00-05:00,27.388885631083184,27.447640396586195,27.343841805040963,27.379093170166016,54200,0.0,0.0,0.0
2025-11-12 00:00:00-05:00,27.33013097174493,27.418261246598085,27.295858294604347,27.314462661743164,30700,0.0,0.0,0.0
2025-11-13 00:00:00-05:00,27.339925496003058,27.408470855458912,27.20381346287758,27.2224178314209,19500,0.0,0.0,0.0
2025-11-14 00:00:00-05:00,27.016781258376305,27.250816029748243,27.016781258376305,27.124496459960938,25000,0.0,0.0,0.0
2025-11-17 00:00:00-05:00,27.01678072050134,27.114703459290478,26.938442903014213,27.026573181152344,20400,0.0,0.0,0.0
2025-11-18 00:00:00-05:00,27.016782210701695,27.04615959427511,26.88948208293789,26.973695755004883,26500,0.0,0.0,0.0
2025-11-19 00:00:00-05:00,26.879690469212356,26.938443366408144,26.71811766727278,26.72301483154297,30900,0.0,0.0,0.0
2025-11-20 00:00:00-05:00,26.82093694900497,26.892420235355544,26.625093326689964,26.634885787963867,14900,0.0,0.0,0.0
2025-11-21 00:00:00-05:00,26.419454407165656,26.63488481185443,26.419454407165656,26.56633758544922,34500,0.0,0.0,0.0
2025-11-24 00:00:00-05:00,26.536962722847324,26.718118584926813,26.52717026169154,26.709304809570312,35300,0.0,0.0,0.0
2025-11-25 00:00:00-05:00,26.654468536376953,26.732806357946604,26.58592317596863,26.654468536376953,26700,0.0,0.0,0.0
2025-11-26 00:00:00-05:00,26.80624831704538,27.01678155826816,26.80624831704538,26.96782112121582,1326100,0.0,0.0,0.0
2025-11-28 00:00:00-05:00,27.104911100536704,27.19304137900615,27.066721811258848,27.153871536254883,150100,0.0,0.0,0.0
2025-12-01 00:00:00-05:00,27.242003288210665,27.320341110229492,27.223398919302156,27.320341110229492,39100,0.0,0.0,0.0
2025-12-02 00:00:00-05:00,27.36930237794715,27.36930237794715,27.114703999114976,27.124496459960938,20600,0.0,0.0,0.0
2025-12-03 00:00:00-05:00,27.286068201077093,27.300755958919677,27.183250160737042,27.202835083007812,17400,0.0,0.0,0.0
2025-12-04 00:00:00-05:00,27.418265231636017,27.437850155054534,27.28606980014267,27.359512329101562,18300,0.0,0.0,0.0
2025-12-05 00:00:00-05:00,27.44764272335062,27.49856240380384,27.39868041461419,27.431974411010742,41700,0.0,0.0,0.0
2025-12-08 00:00:00-05:00,27.349717352674908,27.349717352674908,27.193041715174775,27.19793701171875,23700,0.0,0.0,0.0
2025-12-09 00:00:00-05:00,27.173457296518404,27.173457296518404,27.026574117108442,27.09511947631836,47600,0.0,0.0,0.0
2025-12-10 00:00:00-05:00,27.03636525865162,27.22241640522133,27.03636525865162,27.201852798461914,59700,0.0,0.0,0.0
2025-12-11 00:00:00-05:00,27.1734575299774,27.428055914745148,27.124497092327093,27.34971809387207,1167800,0.0,0.0,0.0
2025-12-12 00:00:00-05:00,27.124497566505237,27.153873082520562,27.006989899280917,27.046159744262695,54800,0.0,0.0,0.0
2025-12-15 00:00:00-05:00,26.967823033598407,26.967823033598407,26.779810758289877,26.830730438232422,1334800,0.0,0.0,0.0
2025-12-16 00:00:00-05:00,26.69363908939098,27.01678284540618,26.5859238814789,26.60550880432129,16900,0.0,0.0,0.0
2025-12-17 00:00:00-05:00,26.68384549861809,26.781768240964553,26.674053037611348,26.76609992980957,71100,0.0,0.0,0.0
2025-12-18 00:00:00-05:00,26.781769199256942,26.869899483750096,26.674053992049526,26.752391815185547,244500,0.0,0.0,0.0
2025-12-19 00:00:00-05:00,28.103720578389346,28.103720578389346,26.76218330471469,26.82093620300293,655700,0.0,0.0,0.0
2025-12-22 00:00:00-05:00,27.036365845096668,27.09511874172357,27.02167622014926,27.08043098449707,52100,0.0,0.0,0.0
2025-12-23 00:00:00-05:00,27.163664800181035,27.25179508125652,27.119599659643292,27.232210159301758,162400,0.0,0.0,0.0
2025-12-24 00:00:00-05:00,27.32033893776498,27.36930123995898,27.281170963730634,27.339923858642578,180700,0.0,0.0,0.0
2025-12-26 00:00:00-05:00,27.379093342891778,27.437848108765454,27.31054798376011,27.36930274963379,141800,0.0,0.0,0.0
2025-12-29 00:00:00-05:00,27.46722341562128,27.46722341562128,27.17835235595703,27.17835235595703,86600,0.0,0.0,0.0
2025-12-30 00:00:00-05:00,27.31054931431797,27.96662929010363,27.26452679996778,27.408472061157227,202000,0.0,0.0,0.0
2025-12-31 00:00:00-05:00,27.378860797307834,27.43610626943372,27.013678773702605,27.23081398010254,88500,0.22,0.0,0.0
2026-01-02 00:00:00-05:00,27.11237531360715,27.477559218608874,27.013678690784843,27.15185546875,77000,0.0,0.0,0.0
2026-01-05 00:00:00-05:00,27.31964185897598,27.586127253720857,27.31964185897598,27.566387176513672,113700,0.0,0.0,0.0
2026-01-06 00:00:00-05:00,27.813134578138417,27.842742813650414,27.669035392259634,27.724306106567383,114300,0.0,0.0,0.0
2026-01-07 00:00:00-05:00,27.75391560010938,27.92170250013292,27.57625866096475,27.595996856689453,110700,0.0,0.0,0.0
2026-01-08 00:00:00-05:00,27.583167685583337,27.773653982600596,27.556518768028948,27.753915786743164,33900,0.0,0.0,0.0
2026-01-09 00:00:00-05:00,27.842739968531067,27.872350083534865,27.674954964394857,27.744043350219727,31300,0.0,0.0,0.0
2026-01-12 00:00:00-05:00,27.80326267635941,28.000659684964937,27.80326267635941,27.995723724365234,135700,0.0,0.0,0.0
2026-01-13 00:00:00-05:00,28.128968212775458,28.415193705215614,28.045075702415936,28.109228134155273,30100,0.0,0.0,0.0
2026-01-14 00:00:00-05:00,28.21779485416929,28.349062791697733,28.074682117229848,28.18818473815918,53400,0.0,0.0,0.0
2026-01-15 00:00:00-05:00,28.030269023161402,28.059879140374377,27.901962280273438,27.901962280273438,483200,0.0,0.0,0.0
2026-01-16 00:00:00-05:00,27.95131103138619,28.000661227514957,27.803264208034875,27.872352600097656,474800,0.0,0.0,0.0
2026-01-20 00:00:00-05:00,27.9710508333423,28.080605820392467,27.91775299855358,28.059879302978516,267700,0.0,0.0,0.0
2026-01-21 00:00:00-05:00,28.26714371074893,28.523759073572116,27.832873295987312,28.23753547668457,42300,0.0,0.0,0.0
2026-01-22 00:00:00-05:00,28.28688422609769,28.28688422609769,28.128967366919888,28.20792579650879,67100,0.0,0.0,0.0
2026-01-23 00:00:00-05:00,28.395452175867288,28.55336903172575,28.395452175867288,28.543498992919922,283400,0.0,0.0,0.0
2026-01-26 00:00:00-05:00,28.721156501962454,28.721156501962454,28.585939038381966,28.632328033447266,379900,0.0,0.0,0.0
2026-01-27 00:00:00-05:00,28.780373715779266,29.382432893578937,28.529680759052884,28.918550491333008,54700,0.0,0.0,0.0
2026-01-28 00:00:00-05:00,28.948160830698956,29.115947723388672,28.918550714629927,29.115947723388672,215700,0.0,0.0,0.0
2026-01-29 00:00:00-05:00,31.484703651575145,31.484703651575145,28.652068324575342,29.29360580444336,41500,0.0,0.0,0.0
2026-01-30 00:00:00-05:00,29.11594980569417,29.185038198945556,28.563240777165564,28.809986114501953,61700,0.0,0.0,0.0
2026-02-02 00:00:00-05:00,28.06974737846791,28.178314036248167,27.74404364009245,28.020397186279297,44700,0.0,0.0,0.0
2026-02-03 00:00:00-05:00,28.24740484364968,28.770503713196742,28.207924689146378,28.494150161743164,44300,0.0,0.0,0.0
2026-02-04 00:00:00-05:00,28.425061900336686,28.637263039496037,28.35597350759039,28.61258888244629,50600,0.0,0.0,0.0
2026-02-05 00:00:00-05:00,28.31649385091727,28.4151923568171,28.12896687795933,28.198055267333984,65300,0.0,0.0,0.0
2026-02-06 00:00:00-05:00,28.277015431177098,28.681677635938662,28.277015431177098,28.50402069091797,58600,0.0,0.0,0.0
2026-02-09 00:00:00-05:00,28.43493069583919,28.785310487682086,28.43493069583919,28.78037452697754,33100,0.0,0.0,0.0
2026-02-10 00:00:00-05:00,28.780374526573247,28.780374526573247,28.55336927962057,28.695493698120117,21200,0.0,0.0,0.0
2026-02-11 00:00:00-05:00,28.770504652599843,28.938291549682617,28.6915462235325,28.938291549682617,794400,0.0,0.0,0.0
2026-02-12 00:00:00-05:00,28.755700614795508,28.760634693024453,28.365842546598223,28.553369522094727,586700,0.0,0.0,0.0
2026-02-13 00:00:00-05:00,28.267144365129468,28.464541381876224,28.267144365129468,28.32044219970703,152400,0.0,0.0,0.0
2026-02-17 00:00:00-05:00,28.237535885012626,28.237535885012626,28.0006605964853,28.168447494506836,240300,0.0,0.0,0.0
2026-02-18 00:00:00-05:00,28.59284803999245,28.790245056152344,28.474411336310485,28.790245056152344,90700,0.0,0.0,0.0
2026-02-19 00:00:00-05:00,28.859333528417316,28.977772114950664,28.77050505914667,28.869203567504883,59600,0.0,0.0,0.0
2026-02-20 00:00:00-05:00,29.03699083431832,29.066600951955635,28.84946385431698,28.992576599121094,59600,0.0,0.0,0.0
2026-02-23 00:00:00-05:00,29.155427823407248,29.273864522426212,29.04685928054204,29.076467514038086,86100,0.0,0.0,0.0
2026-02-24 00:00:00-05:00,29.096207591380377,29.135687746064956,28.997509087186312,29.076467514038086,2820500,0.0,0.0,0.0
2026-02-25 00:00:00-05:00,29.135689840152544,29.293606705206148,29.076469603869302,29.23438835144043,352400,0.0,0.0,0.0
2026-02-26 00:00:00-05:00,29.027121211005284,29.31630602225493,29.007381132297574,29.15542984008789,88900,0.0,0.0,0.0
2026-02-27 00:00:00-05:00,29.333084106445312,29.342954145531845,29.20971144163983,29.333084106445312,89700,0.0,0.0,0.0
2026-03-02 00:00:00-05:00,30.063449666531913,30.063449666531913,29.688397598692074,29.86605453491211,63800,0.0,0.0,0.0
2026-03-03 00:00:00-05:00,30.27071716268402,30.27071716268402,29.742682307033377,29.836444854736328,128100,0.0,0.0,0.0
2026-03-04 00:00:00-05:00,29.796967122237596,29.964754025003437,29.77722704367279,29.88579559326172,75600,0.0,0.0,0.0
2026-03-05 00:00:00-05:00,30.023971150161408,30.28058651345547,30.019037071980772,30.093059539794922,135900,0.0,0.0,0.0
2026-03-06 00:00:00-05:00,30.64576933366293,30.921138342718827,30.64576933366293,30.84316635131836,124600,0.0,0.0,0.0
2026-03-09 00:00:00-04:00,31.455095910933505,31.593270812630042,29.954883832973323,30.57076072692871,157900,0.0,0.0,0.0
2026-03-10 00:00:00-04:00,30.843165102391904,31.139258734367903,30.280586072127058,31.01095199584961,213600,0.0,0.0,0.0
2026-03-11 00:00:00-04:00,31.03069353581769,31.504444122314453,30.84810063439327,31.504444122314453,196600,0.0,0.0,0.0
2026-03-12 00:00:00-04:00,30.902384108248707,32.10650062169961,30.902384108248707,32.06702423095703,291600,0.0,0.0,0.0
2026-03-13 00:00:00-04:00,31.65248882442093,31.800537519984044,31.608076474772833,31.770925521850586,167300,0.0,0.0,0.0
2026-03-16 00:00:00-04:00,31.543921536520923,31.603141770106436,31.19847958652595,31.371200561523438,101400,0.0,0.0,0.0
2026-03-17 00:00:00-04:00,31.642621994018555,31.6524901504533,31.49457329225317,31.642621994018555,128400,0.0,0.0,0.0
2026-03-18 00:00:00-04:00,31.48470494961305,31.968325589221827,31.48470494961305,31.948585510253906,100700,0.0,0.0,0.0
2026-03-19 00:00:00-04:00,31.464963039857395,31.904171300009352,29.954882854508813,31.52418327331543,210400,0.0,0.0,0.0
2026-03-20 00:00:00-04:00,31.553791075563726,31.701837892147214,31.46496260911015,31.59326934814453,143900,0.0,0.0,0.0
2026-03-23 00:00:00-04:00,30.912255340413065,31.010953851149058,30.576681533421198,30.971473693847656,283400,0.0,0.0,0.0
2026-03-24 00:00:00-04:00,31.124454379924174,31.356395582129117,31.109650263193604,31.237957000732422,303000,0.0,0.0,0.0
2026-03-25 00:00:00-04:00,31.030692891654898,31.33665657043457,31.00799161371432,31.33665657043457,92100,0.0,0.0,0.0
2026-03-26 00:00:00-04:00,31.534054239914557,31.613010788479862,31.42548569123166,31.504444122314453,171700,0.0,0.0,0.0
2026-03-27 00:00:00-04:00,31.70677222761997,31.8992332675654,31.701836267226987,31.83014488220215,202700,0.0,0.0,0.0
2026-03-30 00:00:00-04:00,32.096633396357554,32.73816900369448,31.988064847337537,32.086761474609375,234800,0.0,0.0,0.0
2026-03-31 00:00:00-04:00,32.10650133609396,32.32363843266658,31.84988784790039,31.84988784790039,86200,0.0,0.0,0.0
2026-04-01 00:00:00-04:00,31.770460197709635,31.859814768509054,31.601679552162622,31.820100784301758,97800,0.19,0.0,0.0
2026-04-02 00:00:00-04:00,32.17751895542954,32.17751895542954,31.86974125989594,31.998809814453125,105200,0.0,0.0,0.0
2026-04-06 00:00:00-04:00,32.08816535080727,32.22716051189852,31.988884174980406,32.1378059387207,118300,0.0,0.0,0.0
2026-04-07 00:00:00-04:00,32.31651427902356,32.36615486569883,32.03852396377482,32.09809494018555,80500,0.0,0.0,0.0
2026-04-08 00:00:00-04:00,31.373330573633,31.88463771735106,31.303832993276597,31.8101749420166,194300,0.0,0.0,0.0
2026-04-09 00:00:00-04:00,32.09809394012425,33.68661538824441,31.671176197149922,31.842937469482422,139600,0.0,0.0,0.0
2026-04-10 00:00:00-04:00,31.962075730589365,32.13780423570438,31.929311505115756,32.00873947143555,38300,0.0,0.0,0.0
2026-04-13 00:00:00-04:00,32.554794145708165,32.713646294241634,32.376085005191264,32.455509185791016,119200,0.0,0.0,0.0
2026-04-14 00:00:00-04:00,32.445584009574524,32.460475807383155,32.25396762647942,32.38601303100586,66500,0.0,0.0,0.0
2026-04-15 00:00:00-04:00,32.376085101397024,32.57465123448739,32.35622810935459,32.50515365600586,54500,0.0,0.0,0.0
2026-04-16 00:00:00-04:00,32.64910976498754,32.78314351257056,32.63421796799697,32.713645935058594,49300,0.0,0.0,0.0
2026-04-17 00:00:00-04:00,31.929311505115756,32.05838005671848,31.671176295577265,32.00873947143555,103500,0.0,0.0,0.0
2026-04-20 00:00:00-04:00,32.237089641410016,32.465439366750594,32.237089641410016,32.30658721923828,48600,0.0,0.0,0.0
2026-04-21 00:00:00-04:00,32.33637059711251,32.664005279541016,32.31750588687559,32.664005279541016,52000,0.0,0.0,0.0
2026-04-22 00:00:00-04:00,32.793071150352205,32.951923302157894,32.76328755543052,32.90228271484375,111300,0.0,0.0,0.0
2026-04-23 00:00:00-04:00,32.882426154857264,33.23984444795366,32.882426154857264,33.200130462646484,55400,0.0,0.0,0.0
2026-04-24 00:00:00-04:00,33.071065556419555,33.20013032713996,32.956888795960964,33.10084915161133,69500,0.0,0.0,0.0
2026-04-27 00:00:00-04:00,33.2477858907431,33.398696002334226,33.21105253802709,33.30934143066406,55900,0.0,0.0,0.0
2026-04-28 00:00:00-04:00,33.3689133707844,33.44833755493164,33.24977520089647,33.44833755493164,50200,0.0,0.0,0.0
2026-04-29 00:00:00-04:00,33.63697596500184,33.73625713868851,33.5575479961853,33.716400146484375,50200,0.0,0.0,0.0
2026-04-30 00:00:00-04:00,33.57740656941619,33.74618911743164,33.57740656941619,33.74618911743164,55700,0.0,0.0,0.0
2026-05-01 00:00:00-04:00,33.60718775591491,33.6955500434817,33.54762056810253,33.67668533325195,51700,0.0,0.0,0.0
2026-05-04 00:00:00-04:00,33.77596968849123,34.043041109392306,33.72136390908269,33.96857833862305,50100,0.0,0.0,0.0
2026-05-05 00:00:00-04:00,34.01821865441401,34.10360030798965,33.92489117448981,34.09367370605469,54700,0.0,0.0,0.0
2026-05-06 00:00:00-04:00,33.58733576907615,33.58733576907615,33.3758623976081,33.45826721191406,161900,0.0,0.0,0.0
2026-05-07 00:00:00-04:00,33.080991178842716,33.488050046183396,32.96681820910117,33.46819305419922,129800,0.0,0.0,0.0
2026-05-08 00:00:00-04:00,33.433443673379706,33.636974997115075,33.433443673379706,33.5774040222168,42700,0.0,0.0,0.0
2026-05-11 00:00:00-04:00,33.924893732718786,34.28727722167969,33.924893732718786,34.28727722167969,32200,0.0,0.0,0.0
2026-05-12 00:00:00-04:00,34.550373388041045,34.748939514160156,34.45109221864841,34.748939514160156,40000,0.0,0.0,0.0
2026-05-13 00:00:00-04:00,34.679442459354924,34.80851101137234,34.58313813291638,34.590087890625,119200,0.0,0.0,0.0
2026-05-14 00:00:00-04:00,34.43123560490066,34.490806579589844,34.28231006184464,34.490806579589844,36400,0.0,0.0,0.0
2026-05-15 00:00:00-04:00,34.18303014038594,34.33195568888359,34.08374896627686,34.322025299072266,61300,0.0,0.0,0.0
2026-05-18 00:00:00-04:00,34.39152162177454,34.739013293127286,34.37166463021147,34.490806579589844,50500,0.0,0.0,0.0
2026-05-19 00:00:00-04:00,34.600016834105524,34.67944480605527,34.44116467754017,34.634765625,109700,0.0,0.0,0.0
2026-05-20 00:00:00-04:00,34.451092882127945,34.451092882127945,33.95964464570227,34.18302917480469,82700,0.0,0.0,0.0
2026-05-21 00:00:00-04:00,34.37166460489693,34.37166460489693,33.77597000777934,33.98446273803711,71300,0.0,0.0,0.0
2026-05-22 00:00:00-04:00,33.944750130281726,33.99935591241893,33.701508601792234,33.89014434814453,73600,0.0,0.0,0.0
2026-05-26 00:00:00-04:00,33.67668435964005,33.75611232420546,33.47315682827533,33.537689208984375,81600,0.0,0.0,0.0
2026-05-27 00:00:00-04:00,33.03135246282748,33.289485798569665,32.95192449039346,33.19020462036133,44200,0.0,0.0,0.0
2026-05-28 00:00:00-04:00,33.309340974453306,33.54762109142156,33.130631833560614,33.5178337097168,41700,0.0,0.0,0.0
2026-05-29 00:00:00-04:00,33.398696002334226,33.46819358170724,33.210060256512335,33.30934143066406,512600,0.0,0.0,0.0
2026-06-01 00:00:00-04:00,33.68661572277663,33.8057538857353,33.55754717029328,33.67668533325195,54000,0.0,0.0,0.0
2026-06-02 00:00:00-04:00,33.62704564362432,33.77597119179122,33.60421180684343,33.76604080200195,37600,0.0,0.0,0.0
2026-06-03 00:00:00-04:00,33.76604156239559,33.78589855508728,33.60222800052382,33.7561149597168,61200,0.0,0.0,0.0
2026-06-04 00:00:00-04:00,33.46819374624676,33.48308554370933,33.29941499189225,33.408626556396484,49000,0.0,0.0,0.0
2026-06-05 00:00:00-04:00,33.18027138639417,33.18027138639417,32.753359326819854,32.82285690307617,100000,0.0,0.0,0.0
2026-06-08 00:00:00-04:00,32.88242654940064,33.0015685067517,32.88242654940064,32.94199752807617,111200,0.0,0.0,0.0
2026-06-09 00:00:00-04:00,32.673933975891444,32.67889917097391,32.29665868364189,32.53493881225586,46100,0.0,0.0,0.0
2026-06-10 00:00:00-04:00,31.373331077858754,32.60443623248312,31.373331077858754,32.43565368652344,48100,0.0,0.0,0.0
2026-06-11 00:00:00-04:00,32.286728736627985,32.507136412516296,32.177517180130714,32.32644271850586,68500,0.0,0.0,0.0
2026-06-12 00:00:00-04:00,32.187445031886405,32.305594700661324,32.06830686895999,32.15766143798828,28600,0.0,0.0,0.0
2026-06-15 00:00:00-04:00,31.770461024409663,31.869742200177306,31.73074703916897,31.85981559753418,77800,0.0,0.0,0.0
2026-06-16 00:00:00-04:00,31.631465268227345,31.740674938250287,31.561967689030833,31.71585464477539,50600,0.0,0.0,0.0
2026-06-17 00:00:00-04:00,31.720819584564474,32.01866689120188,31.45275587239061,31.542110443115234,129700,0.0,0.0,0.0
2026-06-18 00:00:00-04:00,31.413042150715263,31.482539729933606,31.144980329968373,31.462684631347656,91800,0.0,0.0,0.0
2026-06-22 00:00:00-04:00,31.353472349185637,31.353472349185637,31.115194128611112,31.244260787963867,95300,0.0,0.0,0.0
2026-06-23 00:00:00-04:00,31.055625279221122,31.055625279221122,30.718063990798406,30.886844635009766,28400,0.0,0.0,0.0
2026-06-24 00:00:00-04:00,30.15215301513672,30.330860261886357,30.092582039219856,30.15215301513672,120500,0.0,0.0,0.0
2026-06-25 00:00:00-04:00,30.271290688128225,30.628708963158147,30.23157859849543,30.5889949798584,60900,0.0,0.0,0.0
2026-06-26 00:00:00-04:00,30.31100560444576,30.450000762939453,30.231579529068366,30.450000762939453,128300,0.0,0.0,0.0
2026-06-29 00:00:00-04:00,30.281219482421875,30.370574052060086,30.201793408706465,30.281219482421875,29500,0.0,0.0,0.0
2026-06-30 00:00:00-04:00,30.489712853794646,30.56914082283905,30.400360175953708,30.450000762939453,58600,0.0,0.0,0.0
2026-07-01 00:00:00-04:00,30.3700008392334,30.479999542236328,30.295000076293945,30.3799991607666,60200,0.22,0.0,0.0
2026-07-02 00:00:00-04:00,30.360000610351562,30.469999313354492,30.309999465942383,30.43000030517578,77500,0.0,0.0,0.0
2026-07-06 00:00:00-04:00,30.790000915527344,31.010000228881836,30.753999710083008,30.989999771118164,86800,0.0,0.0,0.0
2026-07-07 00:00:00-04:00,31.040000915527344,31.190000534057617,30.969999313354492,31.170000076293945,31400,0.0,0.0,0.0
2026-07-08 00:00:00-04:00,31.280000686645508,31.469999313354492,31.270000457763672,31.43000030517578,70600,0.0,0.0,0.0
2026-07-09 00:00:00-04:00,31.43000030517578,31.530000686645508,31.3700008392334,31.420000076293945,23900,0.0,0.0,0.0
2026-07-10 00:00:00-04:00,32.099998474121094,32.099998474121094,31.25,31.389999389648438,32600,0.0,0.0,0.0
2026-07-13 00:00:00-04:00,31.549999237060547,31.8799991607666,31.479999542236328,31.8700008392334,39200,0.0,0.0,0.0
2026-07-14 00:00:00-04:00,32.189998626708984,32.189998626708984,31.707000732421875,32.095001220703125,74500,0.0,0.0,0.0
2026-07-15 00:00:00-04:00,32.119998931884766,32.20000076293945,32.0099983215332,32.189998626708984,37800,0.0,0.0,0.0
2026-07-16 00:00:00-04:00,32.099998474121094,32.1150016784668,31.940000534057617,31.989999771118164,37700,0.0,0.0,0.0
2026-07-17 00:00:00-04:00,32.099998474121094,32.29800033569336,32.05500030517578,32.25,70600,0.0,0.0,0.0
2026-07-20 00:00:00-04:00,32.16999816894531,32.369998931884766,32.16999816894531,32.34000015258789,19800,0.0,0.0,0.0
2026-07-21 00:00:00-04:00,32.61000061035156,32.65999984741211,32.564998626708984,32.65999984741211,201400,0.0,0.0,0.0
2026-07-22 00:00:00-04:00,32.900001525878906,32.9900016784668,32.880001068115234,32.95000076293945,56700,0.0,0.0,0.0
2026-07-23 00:00:00-04:00,33.099998474121094,33.150001525878906,32.970001220703125,33.0099983215332,35000,0.0,0.0,0.0
2026-07-24 00:00:00-04:00,32.869998931884766,33.029998779296875,32.869998931884766,32.91999816894531,37900,0.0,0.0,0.0
2026-07-27 00:00:00-04:00,32.5099983215332,32.560001373291016,32.33000183105469,32.34000015258789,25900,0.0,0.0,0.0
2026-07-28 00:00:00-04:00,32.02000045776367,32.18000030517578,31.93000030517578,31.989999771118164,51900,0.0,0.0,0.0
2026-07-29 00:00:00-04:00,32.279998779296875,32.5099983215332,32.279998779296875,32.5099983215332,46800,0.0,0.0,0.0
2026-07-30 00:00:00-04:00,32.439998626708984,33.09000015258789,32.43000030517578,32.47999954223633,66100,0.0,0.0,0.0
2026-07-31 00:00:00-04:00,32.54999923706055,32.54999923706055,32.380001068115234,32.5099983215332,33900,0.0,0.0,0.0
2026-08-03 00:00:00-04:00,32.1150016784668,32.29899978637695,32.00600051879883,32.27000045776367,47100,0.0,0.0,0.0
2026-08-04 00:00:00-04:00,32.029998779296875,32.07500076293945,31.944000244140625,32.05500030517578,25300,0.0,0.0,0.0
2026-08-05 00:00:00-04:00,32.18000030517578,32.279998779296875,32.08599853515625,32.25,32600,0.0,0.0,0.0
2026-08-06 00:00:00-04:00,32.369998931884766,32.470001220703125,32.290000915527344,32.459999084472656,41600,0.0,0.0,0.0
2026-08-07 00:00:00-04:00,32.41999816894531,32.630001068115234,32.435001373291016,32.435001373291016,68786,0.0,0.0,0.0
