Date,Open,High,Low,Close,Volume,Dividends,Stock Splits
2008-05-08 00:00:00-04:00,38.72633361816406,41.30809020996094,34.93975830078125,36.14457702636719,6937605,0.0,0.0
2008-05-09 00:00:00-04:00,35.266780853271484,36.798622131347656,34.45783233642578,35.283992767333984,963007,0.0,0.0
2008-05-12 00:00:00-04:00,35.88640213012695,36.66093063354492,34.44062042236328,35.95524978637695,429998,0.0,0.0
2008-05-13 00:00:00-04:00,37.33218765258789,38.81239318847656,36.833045959472656,37.98623275756836,1447910,0.0,0.0
2008-05-14 00:00:00-04:00,38.51979446411133,40.361446380615234,37.86574935913086,39.8623046875,1371857,0.0,0.0
2008-05-15 00:00:00-04:00,40.8433723449707,41.996559143066406,40.0172119140625,41.39414978027344,783653,0.0,0.0
2008-05-16 00:00:00-04:00,42.32358169555664,42.34079360961914,40.56798553466797,40.9810676574707,493734,0.0,0.0
2008-05-19 00:00:00-04:00,41.738380432128906,41.962135314941406,40.154903411865234,40.9982795715332,494024,0.0,0.0
2008-05-20 00:00:00-04:00,40.9982795715332,40.9982795715332,38.9845085144043,39.586917877197266,308279,0.0,0.0
2008-05-21 00:00:00-04:00,40.361446380615234,40.395870208740234,38.72633361816406,39.707401275634766,328904,0.0,0.0
2008-05-22 00:00:00-04:00,39.586917877197266,40.44750213623047,38.55421829223633,38.55421829223633,317168,0.0,0.0
2008-05-23 00:00:00-04:00,38.020652770996094,38.46815872192383,36.746986389160156,38.072288513183594,472179,0.0,0.0
2008-05-27 00:00:00-04:00,38.60585021972656,41.27366638183594,37.951805114746094,40.8777961730957,423898,0.0,0.0
2008-05-28 00:00:00-04:00,41.61790084838867,41.61790084838867,40.275386810302734,41.29087829589844,258603,0.0,0.0
2008-05-29 00:00:00-04:00,41.58347702026367,42.28915786743164,40.06884765625,41.824440002441406,267376,0.0,0.0
2008-05-30 00:00:00-04:00,42.34079360961914,44.33734893798828,42.16867446899414,42.66781234741211,380148,0.0,0.0
2008-06-02 00:00:00-04:00,43.012046813964844,43.218589782714844,41.30809020996094,41.858863830566406,208056,0.0,0.0
2008-06-03 00:00:00-04:00,42.444061279296875,42.444061279296875,40.481929779052734,41.32530212402344,206952,0.0,0.0
2008-06-04 00:00:00-04:00,41.23924255371094,42.16867446899414,40.103271484375,41.20481872558594,187140,0.0,0.0
2008-06-05 00:00:00-04:00,41.738380432128906,42.633392333984375,40.9638557434082,42.426849365234375,178541,0.0,0.0
2008-06-06 00:00:00-04:00,42.18588638305664,42.426849365234375,40.44750213623047,41.54905319213867,274871,0.0,0.0
2008-06-09 00:00:00-04:00,41.22203063964844,41.65232467651367,39.1910514831543,39.93115234375,189638,0.0,0.0
2008-06-10 00:00:00-04:00,39.43201446533203,39.55249786376953,37.14285659790039,37.86574935913086,500880,0.0,0.0
2008-06-11 00:00:00-04:00,37.79690170288086,40.8433723449707,37.79690170288086,39.0705680847168,442315,0.0,0.0
2008-06-12 00:00:00-04:00,39.0533561706543,40.430294036865234,39.0533561706543,39.621341705322266,226997,0.0,0.0
2008-06-13 00:00:00-04:00,40.172115325927734,42.943199157714844,39.759037017822266,41.65232467651367,369458,0.0,0.0
2008-06-16 00:00:00-04:00,43.012046813964844,43.54561233520508,41.996559143066406,42.16867446899414,629688,0.0,0.0
2008-06-17 00:00:00-04:00,43.115318298339844,43.201377868652344,40.103271484375,40.56798553466797,585532,0.0,0.0
2008-06-18 00:00:00-04:00,40.361446380615234,42.90877914428711,40.361446380615234,41.962135314941406,406816,0.0,0.0
2008-06-19 00:00:00-04:00,42.409637451171875,42.409637451171875,39.621341705322266,40.9466438293457,323036,0.0,0.0
2008-06-20 00:00:00-04:00,39.31153106689453,41.27366638183594,39.1566276550293,41.27366638183594,321932,0.0,0.0
2008-06-23 00:00:00-04:00,41.60068893432617,42.11703872680664,40.63683319091797,41.54905319213867,196204,0.0,0.0
2008-06-24 00:00:00-04:00,41.0154914855957,43.51118850708008,40.9638557434082,42.90877914428711,634103,0.0,0.0
2008-06-25 00:00:00-04:00,42.994834899902344,43.39070510864258,41.0499153137207,41.63511276245117,181214,0.0,0.0
2008-06-26 00:00:00-04:00,41.70396041870117,41.996559143066406,40.8950080871582,41.27366638183594,300028,0.0,0.0
2008-06-27 00:00:00-04:00,41.66953659057617,43.83821105957031,41.66953659057617,43.80378723144531,1796742,0.0,0.0
2008-06-30 00:00:00-04:00,43.80378723144531,44.750431060791016,42.16867446899414,43.184165954589844,903978,0.0,0.0
2008-07-01 00:00:00-04:00,42.66781234741211,43.78657531738281,42.598968505859375,43.76936340332031,312869,0.0,0.0
2008-07-02 00:00:00-04:00,44.33734893798828,44.38898468017578,42.16867446899414,43.029258728027344,395835,0.0,0.0
2008-07-03 00:00:00-04:00,43.029258728027344,43.029258728027344,38.29603958129883,40.9982795715332,318214,0.0,0.0
2008-07-07 00:00:00-04:00,40.72289276123047,43.029258728027344,40.44750213623047,42.28915786743164,311300,0.0,0.0
2008-07-08 00:00:00-04:00,42.34079360961914,43.029258728027344,41.13597106933594,42.18588638305664,575190,0.0,0.0
2008-07-09 00:00:00-04:00,41.738380432128906,43.82099914550781,41.738380432128906,43.012046813964844,394499,0.0,0.0
2008-07-10 00:00:00-04:00,43.029258728027344,45.00860595703125,43.029258728027344,44.629947662353516,331228,0.0,0.0
2008-07-11 00:00:00-04:00,44.32013702392578,46.48881149291992,42.32358169555664,46.07572937011719,361440,0.0,0.0
2008-07-14 00:00:00-04:00,46.59208297729492,48.45094680786133,45.57659149169922,45.73149871826172,539633,0.0,0.0
2008-07-15 00:00:00-04:00,44.784854888916016,46.987953186035156,44.04475021362305,45.370052337646484,344475,0.0,0.0
2008-07-16 00:00:00-04:00,44.97418212890625,45.197933197021484,43.52840042114258,43.88984680175781,153442,0.0,0.0
2008-07-17 00:00:00-04:00,44.44062042236328,44.612735748291016,42.82271957397461,42.92599105834961,133746,0.0,0.0
2008-07-18 00:00:00-04:00,42.581756591796875,45.95524978637695,42.581756591796875,44.06196212768555,148387,0.0,0.0
2008-07-21 00:00:00-04:00,44.526676177978516,47.22891616821289,43.149742126464844,46.919105529785156,240185,0.0,0.0
2008-07-22 00:00:00-04:00,45.74871063232422,47.33218765258789,45.62822723388672,47.19449234008789,137174,0.0,0.0
2008-07-23 00:00:00-04:00,46.54044723510742,47.24612808227539,44.38898468017578,44.629947662353516,93076,0.0,0.0
2008-07-24 00:00:00-04:00,44.750431060791016,45.02581787109375,42.426849365234375,44.44062042236328,202304,0.0,0.0
2008-07-25 00:00:00-04:00,45.06024169921875,46.19621276855469,44.11359786987305,46.05852127075195,105393,0.0,0.0
2008-07-28 00:00:00-04:00,45.86919021606445,46.66093063354492,43.046470642089844,43.166954040527344,139440,0.0,0.0
2008-07-29 00:00:00-04:00,43.45955276489258,44.32013702392578,41.927711486816406,43.95869064331055,206952,0.0,0.0
2008-07-30 00:00:00-04:00,44.647159576416016,46.59208297729492,43.97590255737305,46.59208297729492,155418,0.0,0.0
2008-07-31 00:00:00-04:00,46.781410217285156,48.227195739746094,45.61101531982422,46.970741271972656,141009,0.0,0.0
2008-08-01 00:00:00-04:00,46.26506042480469,47.19449234008789,45.12908935546875,45.473323822021484,92728,0.0,0.0
2008-08-04 00:00:00-04:00,44.767642974853516,47.76247787475586,44.28571319580078,47.538726806640625,327626,0.0,0.0
2008-08-05 00:00:00-04:00,48.020652770996094,48.79518127441406,39.690189361572266,39.845096588134766,723461,0.0,0.0
2008-08-06 00:00:00-04:00,40.0516357421875,42.28915786743164,40.0516357421875,41.11875915527344,327626,0.0,0.0
2008-08-07 00:00:00-04:00,41.0327033996582,41.13597106933594,39.36316680908203,39.93115234375,214621,0.0,0.0
2008-08-08 00:00:00-04:00,39.672977447509766,40.0172119140625,38.29603958129883,38.51979446411133,183596,0.0,0.0
2008-08-11 00:00:00-04:00,38.33046340942383,38.84681701660156,34.681583404541016,34.99139404296875,626434,0.0,0.0
2008-08-12 00:00:00-04:00,35.283992767333984,38.209983825683594,34.526676177978516,37.607574462890625,366785,0.0,0.0
2008-08-13 00:00:00-04:00,38.192771911621094,40.0172119140625,38.175559997558594,39.810672760009766,186966,0.0,0.0
2008-08-14 00:00:00-04:00,39.810672760009766,41.721168518066406,39.810672760009766,41.35972595214844,202188,0.0,0.0
2008-08-15 00:00:00-04:00,41.20481872558594,42.15146255493164,40.361446380615234,40.61962127685547,167328,0.0,0.0
2008-08-18 00:00:00-04:00,40.292598724365234,41.790016174316406,40.240962982177734,40.8261604309082,81050,0.0,0.0
2008-08-19 00:00:00-04:00,40.240962982177734,41.0327033996582,39.759037017822266,40.189327239990234,94064,0.0,0.0
2008-08-20 00:00:00-04:00,40.49913787841797,42.16867446899414,40.034423828125,40.9122200012207,153035,0.0,0.0
2008-08-21 00:00:00-04:00,40.44750213623047,42.01376724243164,40.395870208740234,41.44578170776367,64665,0.0,0.0
2008-08-22 00:00:00-04:00,41.738380432128906,42.82271957397461,41.66953659057617,42.23752212524414,55195,0.0,0.0
2008-08-25 00:00:00-04:00,42.444061279296875,42.77108383178711,41.25645446777344,41.755592346191406,90985,0.0,0.0
2008-08-26 00:00:00-04:00,41.44578170776367,42.16867446899414,41.41136169433594,41.772804260253906,53626,0.0,0.0
2008-08-27 00:00:00-04:00,41.61790084838867,42.82271957397461,40.72289276123047,42.444061279296875,81050,0.0,0.0
2008-08-28 00:00:00-04:00,42.426849365234375,43.115318298339844,41.70396041870117,42.78829574584961,155534,0.0,0.0
2008-08-29 00:00:00-04:00,42.32358169555664,43.012046813964844,41.48020553588867,42.32358169555664,65130,0.0,0.0
2008-09-02 00:00:00-04:00,41.893287658691406,42.598968505859375,38.72633361816406,38.89845275878906,339304,0.0,0.0
2008-09-03 00:00:00-04:00,38.72633361816406,39.1566276550293,37.19449234008789,37.401031494140625,140776,0.0,0.0
2008-09-04 00:00:00-04:00,37.21170425415039,37.69363021850586,34.698795318603516,35.283992767333984,167793,0.0,0.0
2008-09-05 00:00:00-04:00,35.163509368896484,36.43717575073242,34.87091064453125,36.26506042480469,269061,0.0,0.0
2008-09-08 00:00:00-04:00,36.57487106323242,37.435455322265625,36.36832809448242,36.57487106323242,145192,0.0,0.0
2008-09-09 00:00:00-04:00,36.884681701660156,36.919105529785156,29.965576171875,30.808950424194336,498498,0.0,0.0
2008-09-10 00:00:00-04:00,31.08433723449707,33.99311447143555,30.981067657470703,33.45955276489258,224382,0.0,0.0
2008-09-11 00:00:00-04:00,32.80550765991211,34.25128936767578,32.09982681274414,32.97762680053711,173835,0.0,0.0
2008-09-12 00:00:00-04:00,33.012046813964844,33.52840042114258,31.635112762451172,31.876075744628906,140602,0.0,0.0
2008-09-15 00:00:00-04:00,31.82444190979004,31.82444190979004,27.81411361694336,28.364887237548828,240592,0.0,0.0
2008-09-16 00:00:00-04:00,28.347675323486328,31.11876106262207,25.352840423583984,30.998279571533203,349530,0.0,0.0
2008-09-17 00:00:00-04:00,30.826162338256836,30.981067657470703,27.573150634765625,28.382099151611328,222523,0.0,0.0
2008-09-18 00:00:00-04:00,28.571428298950195,31.514629364013672,27.12564468383789,30.826162338256836,431509,0.0,0.0
2008-09-19 00:00:00-04:00,33.64888000488281,37.005165100097656,31.583477020263672,34.23407745361328,444930,0.0,0.0
2008-09-22 00:00:00-04:00,34.42340850830078,36.12736511230469,33.78657531738281,33.78657531738281,112017,0.0,0.0
2008-09-23 00:00:00-04:00,33.73493957519531,34.11359786987305,32.547332763671875,32.65060043334961,109402,0.0,0.0
2008-09-24 00:00:00-04:00,32.633392333984375,32.82271957397461,31.273666381835938,31.273666381835938,64781,0.0,0.0
2008-09-25 00:00:00-04:00,31.841651916503906,32.34079360961914,29.672977447509766,29.690189361572266,113702,0.0,0.0
2008-09-26 00:00:00-04:00,29.672977447509766,31.290878295898438,28.485370635986328,31.03270149230957,117652,0.0,0.0
2008-09-29 00:00:00-04:00,31.256454467773438,31.256454467773438,25.66265106201172,25.834768295288086,225835,0.0,0.0
2008-09-30 00:00:00-04:00,26.006885528564453,29.965576171875,25.903614044189453,28.760757446289062,160821,0.0,0.0
2008-10-01 00:00:00-04:00,28.623064041137695,28.674699783325195,26.850257873535156,28.158348083496094,234956,0.0,0.0
2008-10-02 00:00:00-04:00,27.86574935913086,27.86574935913086,24.61273765563965,24.647159576416016,217526,0.0,0.0
2008-10-03 00:00:00-04:00,24.99139404296875,25.66265106201172,22.20309829711914,22.306367874145508,288176,0.0,0.0
2008-10-06 00:00:00-04:00,21.531841278076172,21.531841278076172,17.22891616821289,18.502582550048828,439817,0.0,0.0
2008-10-07 00:00:00-04:00,18.433734893798828,19.070568084716797,16.81583595275879,16.953527450561523,207591,0.0,0.0
2008-10-08 00:00:00-04:00,16.781410217285156,18.072288513183594,14.802064895629883,15.86919116973877,404376,0.0,0.0
2008-10-09 00:00:00-04:00,15.938037872314453,18.055076599121094,15.283992767333984,15.283992767333984,374571,0.0,0.0
2008-10-10 00:00:00-04:00,14.647159576416016,15.283992767333984,13.493975639343262,14.543889999389648,452134,0.0,0.0
2008-10-13 00:00:00-04:00,15.2323579788208,17.056798934936523,14.905336380004883,17.056798934936523,126077,0.0,0.0
2008-10-14 00:00:00-04:00,18.89845085144043,19.27710723876953,17.900171279907227,18.502582550048828,384041,0.0,0.0
2008-10-15 00:00:00-04:00,18.192771911621094,18.27882957458496,14.165231704711914,14.165231704711914,378231,0.0,0.0
2008-10-16 00:00:00-04:00,14.97418212890625,15.077452659606934,13.253011703491211,14.836488723754883,248726,0.0,0.0
2008-10-17 00:00:00-04:00,14.698795318603516,15.800344467163086,13.97590446472168,15.180723190307617,211252,0.0,0.0
2008-10-20 00:00:00-04:00,15.473321914672852,15.920825958251953,14.698795318603516,15.645439147949219,210496,0.0,0.0
2008-10-21 00:00:00-04:00,15.628227233886719,16.09294319152832,14.509466171264648,15.043028831481934,191381,0.0,0.0
2008-10-22 00:00:00-04:00,14.629947662353516,14.7676420211792,12.667814254760742,13.115318298339844,215667,0.0,0.0
2008-10-23 00:00:00-04:00,12.925990104675293,13.511187553405762,11.824440956115723,12.289156913757324,248494,0.0,0.0
2008-10-24 00:00:00-04:00,10.705679893493652,11.531842231750488,10.705679893493652,10.912220001220703,168258,0.0,0.0
2008-10-27 00:00:00-04:00,10.757314682006836,11.153183937072754,10.154905319213867,10.24096393585205,150363,0.0,0.0
2008-10-28 00:00:00-04:00,10.481927871704102,11.032702445983887,9.604130744934082,11.032702445983887,249946,0.0,0.0
2008-10-29 00:00:00-04:00,11.342513084411621,12.306367874145508,11.10154914855957,11.583477020263672,268945,0.0,0.0
2008-10-30 00:00:00-04:00,12.22031021118164,13.88984489440918,11.91049861907959,13.562823295593262,344765,0.0,0.0
2008-10-31 00:00:00-04:00,13.442340850830078,15.335627555847168,12.908778190612793,14.664372444152832,237164,0.0,0.0
2008-11-03 00:00:00-05:00,14.802064895629883,15.938037872314453,14.629947662353516,15.85197925567627,184061,0.0,0.0
2008-11-04 00:00:00-05:00,16.351118087768555,17.19449234008789,15.490533828735352,16.299484252929688,362718,0.0,0.0
2008-11-05 00:00:00-05:00,15.85197925567627,16.437177658081055,14.888124465942383,14.97418212890625,299912,0.0,0.0
2008-11-06 00:00:00-05:00,14.492255210876465,14.509466171264648,12.530119895935059,13.321859359741211,343894,0.0,0.0
2008-11-07 00:00:00-05:00,13.218588829040527,13.838210105895996,12.719449043273926,13.838210105895996,161925,0.0,0.0
2008-11-10 00:00:00-05:00,14.14802074432373,14.612736701965332,13.92426872253418,14.027539253234863,170582,0.0,0.0
2008-11-11 00:00:00-05:00,13.88984489440918,13.88984489440918,12.117039680480957,12.254733085632324,244136,0.0,0.0
2008-11-12 00:00:00-05:00,12.099827766418457,12.271944999694824,11.325301170349121,11.376935958862305,252212,0.0,0.0
2008-11-13 00:00:00-05:00,11.428570747375488,13.08089542388916,11.153183937072754,13.08089542388916,272373,0.0,0.0
2008-11-14 00:00:00-05:00,12.22031021118164,12.633391380310059,11.772806167602539,11.772806167602539,154953,0.0,0.0
2008-11-17 00:00:00-05:00,11.531842231750488,12.340791702270508,11.359724998474121,11.89328670501709,159601,0.0,0.0
2008-11-18 00:00:00-05:00,11.876075744628906,12.530119895935059,11.790017127990723,12.512908935546875,143217,0.0,0.0
2008-11-19 00:00:00-05:00,12.444062232971191,12.85714340209961,12.030981063842773,12.340791702270508,190394,0.0,0.0
2008-11-20 00:00:00-05:00,12.15146255493164,13.063682556152344,11.738382339477539,12.15146255493164,161169,0.0,0.0
2008-11-21 00:00:00-05:00,12.444062232971191,14.320137977600098,11.944923400878906,14.268503189086914,260927,0.0,0.0
2008-11-24 00:00:00-05:00,14.302926063537598,15.576592445373535,14.251291275024414,15.2495698928833,255698,0.0,0.0
2008-11-25 00:00:00-05:00,15.387263298034668,15.662651062011719,14.629947662353516,15.283992767333984,585241,0.0,0.0
2008-11-26 00:00:00-05:00,15.094663619995117,16.247848510742188,13.97590446472168,16.247848510742188,140312,0.0,0.0
2008-11-28 00:00:00-05:00,15.989672660827637,16.643718719482422,15.938037872314453,16.454389572143555,50373,0.0,0.0
2008-12-01 00:00:00-05:00,15.576592445373535,15.817556381225586,13.063682556152344,13.235799789428711,140834,0.0,0.0
2008-12-02 00:00:00-05:00,13.562823295593262,14.285714149475098,13.253011703491211,13.87263298034668,205384,0.0,0.0
2008-12-03 00:00:00-05:00,13.459551811218262,14.11359691619873,12.908778190612793,13.476763725280762,160472,0.0,0.0
2008-12-04 00:00:00-05:00,13.08089542388916,13.287434577941895,12.048192977905273,12.15146255493164,147458,0.0,0.0
2008-12-05 00:00:00-05:00,11.91049861907959,12.392427444458008,11.290878295898438,12.18588638305664,221129,0.0,0.0
2008-12-08 00:00:00-05:00,12.99483585357666,14.11359691619873,12.547331809997559,13.666092872619629,230308,0.0,0.0
2008-12-09 00:00:00-05:00,13.373494148254395,14.509466171264648,13.253011703491211,13.92426872253418,294916,0.0,0.0
2008-12-10 00:00:00-05:00,14.14802074432373,14.99139404296875,14.14802074432373,14.595524787902832,106788,0.0,0.0
2008-12-11 00:00:00-05:00,14.337348937988281,14.905336380004883,13.700515747070312,14.199655532836914,126019,0.0,0.0
2008-12-12 00:00:00-05:00,13.820998191833496,15.146299362182617,13.339071273803711,14.716007232666016,95516,0.0,0.0
2008-12-15 00:00:00-05:00,14.7676420211792,15.094663619995117,13.545611381530762,13.803787231445312,69836,0.0,0.0
2008-12-16 00:00:00-05:00,14.285714149475098,15.85197925567627,14.199655532836914,15.800344467163086,163377,0.0,0.0
2008-12-17 00:00:00-05:00,15.697073936462402,17.71084213256836,15.490533828735352,17.14285659790039,163319,0.0,0.0
2008-12-18 00:00:00-05:00,17.074010848999023,17.504302978515625,15.645439147949219,16.419965744018555,127936,0.0,0.0
2008-12-19 00:00:00-05:00,16.643718719482422,16.781410217285156,15.88640308380127,16.265060424804688,165643,0.0,0.0
2008-12-22 00:00:00-05:00,16.402753829956055,16.471601486206055,15.129088401794434,15.611015319824219,125380,0.0,0.0
2008-12-23 00:00:00-05:00,15.662651062011719,16.17900276184082,15.473321914672852,15.576592445373535,59611,0.0,0.0
2008-12-24 00:00:00-05:00,15.559379577636719,15.714285850524902,15.387263298034668,15.611015319824219,41425,0.0,0.0
2008-12-26 00:00:00-05:00,15.611015319824219,15.817556381225586,15.370052337646484,15.507744789123535,66002,0.0,0.0
2008-12-29 00:00:00-05:00,15.404475212097168,15.920825958251953,15.2323579788208,15.611015319824219,170059,0.0,0.0
2008-12-30 00:00:00-05:00,15.714285850524902,17.332185745239258,15.507744789123535,17.332185745239258,134095,0.0,0.0
2008-12-31 00:00:00-05:00,17.641996383666992,18.106712341308594,17.21170425415039,17.882959365844727,113004,0.0,0.0
2009-01-02 00:00:00-05:00,18.072288513183594,18.82960319519043,17.79690170288086,18.519792556762695,113585,0.0,0.0
2009-01-05 00:00:00-05:00,18.657487869262695,18.84681510925293,17.521514892578125,18.158348083496094,93309,0.0,0.0
2009-01-06 00:00:00-05:00,18.31325340270996,21.06712532043457,18.17555809020996,20.4991397857666,147225,0.0,0.0
2009-01-07 00:00:00-05:00,20.120481491088867,20.137693405151367,19.27710723876953,19.759035110473633,235770,0.0,0.0
2009-01-08 00:00:00-05:00,19.741823196411133,21.428571701049805,19.001720428466797,21.239242553710938,212588,0.0,0.0
2009-01-09 00:00:00-05:00,21.962133407592773,22.753873825073242,19.018932342529297,19.225473403930664,301946,0.0,0.0
2009-01-12 00:00:00-05:00,19.139415740966797,19.225473403930664,18.399311065673828,18.502582550048828,106033,0.0,0.0
2009-01-13 00:00:00-05:00,18.623064041137695,19.087779998779297,17.951807022094727,18.22719383239746,91275,0.0,0.0
2009-01-14 00:00:00-05:00,18.141136169433594,18.691909790039062,17.79690170288086,18.123924255371094,136535,0.0,0.0
2009-01-15 00:00:00-05:00,18.26161766052246,19.41480255126953,17.590360641479492,19.34595489501953,133049,0.0,0.0
2009-01-16 00:00:00-05:00,19.690189361572266,19.690189361572266,17.21170425415039,17.435455322265625,134676,0.0,0.0
2009-01-20 00:00:00-05:00,17.22891616821289,17.263338088989258,15.611015319824219,15.765920639038086,126832,0.0,0.0
2009-01-21 00:00:00-05:00,16.05851936340332,17.693632125854492,15.507744789123535,17.693632125854492,177321,0.0,0.0
2009-01-22 00:00:00-05:00,17.22891616821289,17.641996383666992,15.903614044189453,16.71256446838379,105916,0.0,0.0
2009-01-23 00:00:00-05:00,16.02409553527832,17.72805404663086,15.748708724975586,17.538726806640625,148213,0.0,0.0
2009-01-26 00:00:00-05:00,17.659208297729492,18.416522979736328,16.196212768554688,16.385541915893555,97318,0.0,0.0
2009-01-27 00:00:00-05:00,16.402753829956055,16.781410217285156,15.783132553100586,15.86919116973877,122998,0.0,0.0
2009-01-28 00:00:00-05:00,16.196212768554688,18.502582550048828,16.07573127746582,18.27882957458496,172673,0.0,0.0
2009-01-29 00:00:00-05:00,17.986230850219727,17.986230850219727,14.629947662353516,15.628227233886719,223627,0.0,0.0
2009-01-30 00:00:00-05:00,15.88640308380127,16.02409553527832,15.456110000610352,15.697073936462402,87905,0.0,0.0
2009-02-02 00:00:00-05:00,15.697073936462402,16.04130744934082,14.97418212890625,15.783132553100586,119802,0.0,0.0
2009-02-03 00:00:00-05:00,15.88640308380127,16.523235321044922,15.611015319824219,16.385541915893555,64375,0.0,0.0
2009-02-04 00:00:00-05:00,16.454389572143555,17.332185745239258,16.16179084777832,16.265060424804688,56473,0.0,0.0
2009-02-05 00:00:00-05:00,15.714285850524902,17.263338088989258,15.559379577636719,16.781410217285156,72916,0.0,0.0
2009-02-06 00:00:00-05:00,16.71256446838379,17.72805404663086,16.71256446838379,17.17728042602539,68965,0.0,0.0
2009-02-09 00:00:00-05:00,17.12564468383789,17.297761917114258,16.69535255432129,17.091222763061523,75123,0.0,0.0
2009-02-10 00:00:00-05:00,17.056798934936523,17.383821487426758,15.628227233886719,15.920825958251953,67512,0.0,0.0
2009-02-11 00:00:00-05:00,15.972460746765137,18.88123893737793,15.972460746765137,16.798622131347656,47874,0.0,0.0
2009-02-12 00:00:00-05:00,16.437177658081055,16.523235321044922,15.490533828735352,16.230636596679688,95516,0.0,0.0
2009-02-13 00:00:00-05:00,16.333906173706055,17.435455322265625,16.02409553527832,16.71256446838379,115154,0.0,0.0
2009-02-17 00:00:00-05:00,16.299484252929688,16.333906173706055,15.352840423583984,15.85197925567627,112888,0.0,0.0
2009-02-18 00:00:00-05:00,16.09294319152832,16.71256446838379,15.2323579788208,15.662651062011719,95981,0.0,0.0
2009-02-19 00:00:00-05:00,15.938037872314453,17.487091064453125,15.748708724975586,17.435455322265625,101326,0.0,0.0
2009-02-20 00:00:00-05:00,18.072288513183594,18.072288513183594,13.92426872253418,14.096385955810547,419656,0.0,0.0
2009-02-23 00:00:00-05:00,14.199655532836914,14.870911598205566,12.271944999694824,12.685026168823242,320538,0.0,0.0
2009-02-24 00:00:00-05:00,13.01204776763916,13.97590446472168,12.409639358520508,13.734939575195312,365275,0.0,0.0
2009-02-25 00:00:00-05:00,13.528399467468262,13.97590446472168,12.426850318908691,12.444062232971191,136651,0.0,0.0
2009-02-26 00:00:00-05:00,12.616179466247559,13.407917022705078,12.564543724060059,12.598966598510742,83490,0.0,0.0
2009-02-27 00:00:00-05:00,12.444062232971191,12.99483585357666,11.394147872924805,12.512908935546875,125961,0.0,0.0
2009-03-02 00:00:00-05:00,12.082615852355957,12.099827766418457,11.462994575500488,11.89328670501709,145250,0.0,0.0
2009-03-03 00:00:00-05:00,12.099827766418457,12.340791702270508,11.308090209960938,11.445782661437988,225428,0.0,0.0
2009-03-04 00:00:00-05:00,11.652323722839355,12.323579788208008,11.325301170349121,11.428570747375488,132294,0.0,0.0
2009-03-05 00:00:00-05:00,11.187607765197754,11.445782661437988,10.327021598815918,10.516350746154785,224324,0.0,0.0
2009-03-06 00:00:00-05:00,10.550774574279785,10.654045104980469,9.79345989227295,10.344234466552734,240476,0.0,0.0
2009-03-09 00:00:00-04:00,10.189329147338867,10.327021598815918,9.173837661743164,9.311532020568848,119279,0.0,0.0
2009-03-10 00:00:00-04:00,9.621342658996582,10.671256065368652,9.466437339782715,10.154905319213867,458409,0.0,0.0
2009-03-11 00:00:00-04:00,10.154905319213867,10.327021598815918,9.896730422973633,10.172117233276367,156696,0.0,0.0
2009-03-12 00:00:00-04:00,10.309810638427734,12.13425064086914,10.051634788513184,11.97934627532959,310080,0.0,0.0
2009-03-13 00:00:00-04:00,12.048192977905273,12.891566276550293,11.876075744628906,12.80550765991211,81050,0.0,0.0
2009-03-16 00:00:00-04:00,13.063682556152344,13.321859359741211,12.598966598510742,12.685026168823242,88486,0.0,0.0
2009-03-17 00:00:00-04:00,12.633391380310059,13.01204776763916,12.13425064086914,12.943201065063477,149898,0.0,0.0
2009-03-18 00:00:00-04:00,12.736660957336426,12.908778190612793,12.375214576721191,12.650602340698242,141067,0.0,0.0
2009-03-19 00:00:00-04:00,12.943201065063477,12.943201065063477,12.15146255493164,12.616179466247559,121022,0.0,0.0
2009-03-20 00:00:00-04:00,12.77108383178711,12.822718620300293,11.876075744628906,12.23752212524414,160763,0.0,0.0
2009-03-23 00:00:00-04:00,12.512908935546875,12.736660957336426,11.96213436126709,12.564543724060059,150653,0.0,0.0
2009-03-24 00:00:00-04:00,12.478485107421875,12.77108383178711,12.289156913757324,12.323579788208008,108415,0.0,0.0
2009-03-25 00:00:00-04:00,12.495697021484375,12.702238082885742,12.030981063842773,12.650602340698242,109112,0.0,0.0
2009-03-26 00:00:00-04:00,12.891566276550293,12.908778190612793,12.495697021484375,12.908778190612793,104929,0.0,0.0
2009-03-27 00:00:00-04:00,12.753872871398926,12.78829574584961,12.117039680480957,12.168675422668457,94529,0.0,0.0
2009-03-30 00:00:00-04:00,11.96213436126709,12.340791702270508,11.566265106201172,11.703959465026855,90287,0.0,0.0
2009-03-31 00:00:00-04:00,11.96213436126709,12.409639358520508,11.669534683227539,11.824440956115723,74136,0.0,0.0
2009-04-01 00:00:00-04:00,11.652323722839355,12.530119895935059,11.617899894714355,12.512908935546875,66873,0.0,0.0
2009-04-02 00:00:00-04:00,12.908778190612793,13.545611381530762,12.753872871398926,13.166954040527344,94413,0.0,0.0
2009-04-03 00:00:00-04:00,13.253011703491211,13.287434577941895,12.822718620300293,12.99483585357666,51535,0.0,0.0
2009-04-06 00:00:00-04:00,12.85714340209961,13.115318298339844,12.667814254760742,12.99483585357666,90985,0.0,0.0
2009-04-07 00:00:00-04:00,12.736660957336426,13.063682556152344,12.564543724060059,12.598966598510742,44214,0.0,0.0
2009-04-08 00:00:00-04:00,12.736660957336426,12.77108383178711,11.824440956115723,12.20309829711914,59494,0.0,0.0
2009-04-09 00:00:00-04:00,12.512908935546875,13.01204776763916,12.340791702270508,12.633391380310059,116955,0.0,0.0
2009-04-13 00:00:00-04:00,12.598966598510742,12.702238082885742,12.117039680480957,12.22031021118164,127239,0.0,0.0
2009-04-14 00:00:00-04:00,12.065403938293457,12.117039680480957,10.636833190917969,10.757314682006836,204628,0.0,0.0
2009-04-15 00:00:00-04:00,10.981066703796387,11.91049861907959,10.688467979431152,11.89328670501709,107369,0.0,0.0
2009-04-16 00:00:00-04:00,11.99655818939209,12.581755638122559,11.772806167602539,11.89328670501709,140718,0.0,0.0
2009-04-17 00:00:00-04:00,11.91049861907959,12.030981063842773,11.376935958862305,11.376935958862305,161983,0.0,0.0
2009-04-20 00:00:00-04:00,11.11876106262207,11.256454467773438,10.413081169128418,10.636833190917969,139905,0.0,0.0
2009-04-21 00:00:00-04:00,10.654045104980469,11.583477020263672,10.499138832092285,11.445782661437988,99642,0.0,0.0
2009-04-22 00:00:00-04:00,11.273666381835938,12.78829574584961,11.273666381835938,12.667814254760742,265575,0.0,0.0
2009-04-23 00:00:00-04:00,12.667814254760742,13.287434577941895,12.426850318908691,13.218588829040527,240185,0.0,0.0
2009-04-24 00:00:00-04:00,13.356282234191895,13.597246170043945,12.822718620300293,13.287434577941895,146296,0.0,0.0
2009-04-27 00:00:00-04:00,13.02925968170166,13.270223617553711,12.564543724060059,13.166954040527344,125961,0.0,0.0
2009-04-28 00:00:00-04:00,12.977624893188477,13.597246170043945,12.925990104675293,13.304647445678711,132642,0.0,0.0
2009-04-29 00:00:00-04:00,13.373494148254395,14.939759254455566,13.184165000915527,14.681583404541016,205093,0.0,0.0
2009-04-30 00:00:00-04:00,14.99139404296875,15.542168617248535,14.475043296813965,14.853700637817383,114050,0.0,0.0
2009-05-01 00:00:00-04:00,14.853700637817383,15.559379577636719,14.698795318603516,14.99139404296875,112249,0.0,0.0
2009-05-04 00:00:00-04:00,15.060240745544434,16.17900276184082,15.060240745544434,16.17900276184082,126890,0.0,0.0
2009-05-05 00:00:00-04:00,16.12736701965332,16.316694259643555,15.748708724975586,16.05851936340332,69604,0.0,0.0
2009-05-06 00:00:00-04:00,16.17900276184082,16.196212768554688,15.163511276245117,15.679862022399902,75937,0.0,0.0
2009-05-07 00:00:00-04:00,15.989672660827637,16.05851936340332,13.648880958557129,14.457831382751465,194461,0.0,0.0
2009-05-08 00:00:00-04:00,14.647159576416016,15.714285850524902,12.977624893188477,14.268503189086914,371724,0.0,0.0
2009-05-11 00:00:00-04:00,14.096385955810547,15.060240745544434,13.769363403320312,14.664372444152832,113411,0.0,0.0
2009-05-12 00:00:00-04:00,14.698795318603516,14.956971168518066,13.683304786682129,13.97590446472168,77854,0.0,0.0
2009-05-13 00:00:00-04:00,13.769363403320312,14.388984680175781,12.306367874145508,12.358002662658691,87266,0.0,0.0
2009-05-14 00:00:00-04:00,12.444062232971191,12.839930534362793,11.97934627532959,12.375214576721191,89300,0.0,0.0
2009-05-15 00:00:00-04:00,12.598966598510742,12.960412979125977,12.289156913757324,12.512908935546875,75123,0.0,0.0
2009-05-18 00:00:00-04:00,12.753872871398926,13.115318298339844,12.478485107421875,13.08089542388916,70998,0.0,0.0
2009-05-19 00:00:00-04:00,12.960412979125977,14.268503189086914,12.960412979125977,13.769363403320312,109518,0.0,0.0
2009-05-20 00:00:00-04:00,13.87263298034668,15.077452659606934,13.803787231445312,14.440620422363281,195623,0.0,0.0
2009-05-21 00:00:00-04:00,14.165231704711914,14.182443618774414,13.545611381530762,13.769363403320312,80817,0.0,0.0
2009-05-22 00:00:00-04:00,13.769363403320312,13.993115425109863,12.977624893188477,12.99483585357666,60192,0.0,0.0
2009-05-26 00:00:00-04:00,12.977624893188477,14.423407554626465,12.908778190612793,14.423407554626465,97143,0.0,0.0
2009-05-27 00:00:00-04:00,14.337348937988281,14.543889999389648,14.061962127685547,14.216867446899414,77564,0.0,0.0
2009-05-28 00:00:00-04:00,14.320137977600098,14.388984680175781,13.201376914978027,13.390706062316895,167793,0.0,0.0
2009-05-29 00:00:00-04:00,13.425128936767578,14.010327339172363,12.87435531616211,14.010327339172363,294567,0.0,0.0
2009-06-01 00:00:00-04:00,14.199655532836914,15.2495698928833,14.199655532836914,15.043028831481934,192195,0.0,0.0
2009-06-02 00:00:00-04:00,14.99139404296875,15.2323579788208,14.802064895629883,14.939759254455566,164539,0.0,0.0
2009-06-03 00:00:00-04:00,14.612736701965332,14.664372444152832,14.11359691619873,14.354560852050781,86395,0.0,0.0
2009-06-04 00:00:00-04:00,14.423407554626465,15.490533828735352,14.165231704711914,15.352840423583984,207301,0.0,0.0
2009-06-05 00:00:00-04:00,15.490533828735352,15.731496810913086,15.2323579788208,15.352840423583984,128633,0.0,0.0
2009-06-08 00:00:00-04:00,15.2495698928833,15.765920639038086,14.836488723754883,15.611015319824219,125786,0.0,0.0
2009-06-09 00:00:00-04:00,15.662651062011719,15.86919116973877,15.404475212097168,15.507744789123535,160007,0.0,0.0
2009-06-10 00:00:00-04:00,15.817556381225586,15.903614044189453,15.283992767333984,15.679862022399902,139208,0.0,0.0
2009-06-11 00:00:00-04:00,15.748708724975586,16.04130744934082,15.283992767333984,15.714285850524902,141590,0.0,0.0
2009-06-12 00:00:00-04:00,14.853700637817383,15.387263298034668,14.251291275024414,15.318416595458984,169129,0.0,0.0
2009-06-15 00:00:00-04:00,15.00860595703125,15.077452659606934,13.820998191833496,13.941479682922363,116142,0.0,0.0
2009-06-16 00:00:00-04:00,14.285714149475098,14.526678085327148,13.442340850830078,13.597246170043945,120499,0.0,0.0
2009-06-17 00:00:00-04:00,13.580034255981445,13.683304786682129,13.08089542388916,13.459551811218262,108589,0.0,0.0
2009-06-18 00:00:00-04:00,13.597246170043945,13.597246170043945,12.908778190612793,12.943201065063477,74368,0.0,0.0
2009-06-19 00:00:00-04:00,13.993115425109863,14.595524787902832,13.373494148254395,13.562823295593262,321642,0.0,0.0
2009-06-22 00:00:00-04:00,13.597246170043945,14.216867446899414,13.425128936767578,14.061962127685547,179936,0.0,0.0
2009-06-23 00:00:00-04:00,14.251291275024414,14.251291275024414,12.822718620300293,13.132530212402344,161053,0.0,0.0
2009-06-24 00:00:00-04:00,13.04647159576416,13.648880958557129,12.925990104675293,13.132530212402344,135896,0.0,0.0
2009-06-25 00:00:00-04:00,12.960412979125977,13.683304786682129,12.960412979125977,13.235799789428711,203989,0.0,0.0
2009-06-26 00:00:00-04:00,14.096385955810547,14.234079360961914,13.390706062316895,13.511187553405762,912867,0.0,0.0
2009-06-29 00:00:00-04:00,13.648880958557129,13.717727661132812,13.08089542388916,13.184165000915527,155069,0.0,0.0
2009-06-30 00:00:00-04:00,13.235799789428711,13.511187553405762,12.960412979125977,13.287434577941895,178716,0.0,0.0
2009-07-01 00:00:00-04:00,13.253011703491211,13.666092872619629,13.166954040527344,13.511187553405762,92263,0.0,0.0
2009-07-02 00:00:00-04:00,13.253011703491211,13.339071273803711,12.85714340209961,12.925990104675293,100804,0.0,0.0
2009-07-06 00:00:00-04:00,12.977624893188477,13.115318298339844,12.719449043273926,12.908778190612793,102779,0.0,0.0
2009-07-07 00:00:00-04:00,12.891566276550293,12.99483585357666,12.77108383178711,12.822718620300293,77331,0.0,0.0
2009-07-08 00:00:00-04:00,12.85714340209961,12.908778190612793,12.426850318908691,12.547331809997559,104812,0.0,0.0
2009-07-09 00:00:00-04:00,12.547331809997559,12.650602340698242,12.409639358520508,12.495697021484375,70708,0.0,0.0
2009-07-10 00:00:00-04:00,12.478485107421875,12.564543724060059,12.426850318908691,12.530119895935059,110622,0.0,0.0
2009-07-13 00:00:00-04:00,12.598966598510742,13.08089542388916,12.478485107421875,13.01204776763916,70069,0.0,0.0
2009-07-14 00:00:00-04:00,12.960412979125977,13.166954040527344,12.685026168823242,13.149742126464844,170291,0.0,0.0
2009-07-15 00:00:00-04:00,13.339071273803711,13.855422019958496,13.218588829040527,13.786575317382812,184758,0.0,0.0
2009-07-16 00:00:00-04:00,13.666092872619629,14.681583404541016,13.648880958557129,13.958691596984863,191846,0.0,0.0
2009-07-17 00:00:00-04:00,14.044750213623047,14.629947662353516,13.97590446472168,14.440620422363281,119395,0.0,0.0
2009-07-20 00:00:00-04:00,14.543889999389648,14.939759254455566,14.543889999389648,14.836488723754883,154720,0.0,0.0
2009-07-21 00:00:00-04:00,15.02581787109375,15.111875534057617,14.733219146728516,15.043028831481934,96446,0.0,0.0
2009-07-22 00:00:00-04:00,14.888124465942383,14.939759254455566,14.578312873840332,14.7504301071167,38056,0.0,0.0
2009-07-23 00:00:00-04:00,14.905336380004883,15.679862022399902,14.888124465942383,15.387263298034668,158090,0.0,0.0
2009-07-24 00:00:00-04:00,15.318416595458984,15.628227233886719,14.905336380004883,15.542168617248535,95575,0.0,0.0
2009-07-27 00:00:00-04:00,15.542168617248535,15.86919116973877,15.2151460647583,15.86919116973877,83838,0.0,0.0
2009-07-28 00:00:00-04:00,15.765920639038086,16.006885528564453,14.836488723754883,15.955249786376953,76576,0.0,0.0
2009-07-29 00:00:00-04:00,15.180723190307617,15.283992767333984,14.733219146728516,15.077452659606934,107311,0.0,0.0
2009-07-30 00:00:00-04:00,15.266780853271484,15.662651062011719,15.180723190307617,15.335627555847168,80294,0.0,0.0
2009-07-31 00:00:00-04:00,15.783132553100586,16.833045959472656,15.783132553100586,16.299484252929688,164655,0.0,0.0
2009-08-03 00:00:00-04:00,16.72977638244629,16.867469787597656,16.351118087768555,16.471601486206055,168316,0.0,0.0
2009-08-04 00:00:00-04:00,15.2323579788208,16.936317443847656,14.716007232666016,16.798622131347656,234666,0.0,0.0
2009-08-05 00:00:00-04:00,16.781410217285156,17.693632125854492,16.781410217285156,17.056798934936523,180691,0.0,0.0
2009-08-06 00:00:00-04:00,17.22891616821289,19.018932342529297,17.17728042602539,18.96729850769043,384332,0.0,0.0
2009-08-07 00:00:00-04:00,19.122203826904297,20.309810638427734,18.95008659362793,20.0172119140625,252270,0.0,0.0
2009-08-10 00:00:00-04:00,19.793460845947266,20.4302921295166,19.5524959564209,20.361446380615234,111261,0.0,0.0
2009-08-11 00:00:00-04:00,20.223751068115234,20.4819278717041,19.070568084716797,19.5180721282959,113295,0.0,0.0
2009-08-12 00:00:00-04:00,19.879518508911133,21.790016174316406,19.707401275634766,20.120481491088867,177612,0.0,0.0
2009-08-13 00:00:00-04:00,20.172117233276367,20.292598724365234,19.001720428466797,19.672977447509766,95575,0.0,0.0
2009-08-14 00:00:00-04:00,19.672977447509766,19.810670852661133,18.82960319519043,19.053356170654297,66466,0.0,0.0
2009-08-17 00:00:00-04:00,18.26161766052246,18.519792556762695,18.072288513183594,18.158348083496094,103011,0.0,0.0
2009-08-18 00:00:00-04:00,18.31325340270996,18.743545532226562,18.22719383239746,18.640274047851562,102605,0.0,0.0
2009-08-19 00:00:00-04:00,18.27882957458496,19.259897232055664,18.037866592407227,18.89845085144043,62457,0.0,0.0
2009-08-20 00:00:00-04:00,18.777969360351562,19.4836483001709,18.571428298950195,18.864028930664062,54207,0.0,0.0
2009-08-21 00:00:00-04:00,19.104991912841797,19.6041316986084,18.760757446289062,19.34595489501953,82793,0.0,0.0
2009-08-24 00:00:00-04:00,19.4492244720459,19.879518508911133,18.433734893798828,18.82960319519043,80701,0.0,0.0
2009-08-25 00:00:00-04:00,19.001720428466797,19.191049575805664,18.709121704101562,18.88123893737793,74426,0.0,0.0
2009-08-26 00:00:00-04:00,18.795181274414062,19.001720428466797,18.399311065673828,18.984508514404297,114341,0.0,0.0
2009-08-27 00:00:00-04:00,18.864028930664062,18.95008659362793,18.364887237548828,18.537004470825195,55544,0.0,0.0
2009-08-28 00:00:00-04:00,18.795181274414062,18.91566276550293,18.072288513183594,18.33046531677246,53626,0.0,0.0
2009-08-31 00:00:00-04:00,18.106712341308594,18.399311065673828,17.951807022094727,18.24440574645996,110971,0.0,0.0
2009-09-01 00:00:00-04:00,18.24440574645996,18.81239128112793,17.607572555541992,17.900171279907227,129505,0.0,0.0
2009-09-02 00:00:00-04:00,17.81411361694336,18.055076599121094,17.693632125854492,17.900171279907227,73613,0.0,0.0
2009-09-03 00:00:00-04:00,17.934595108032227,18.089500427246094,17.72805404663086,18.020654678344727,51477,0.0,0.0
2009-09-04 00:00:00-04:00,18.020654678344727,18.640274047851562,17.607572555541992,18.640274047851562,51883,0.0,0.0
2009-09-08 00:00:00-04:00,18.89845085144043,18.91566276550293,18.364887237548828,18.623064041137695,60656,0.0,0.0
2009-09-09 00:00:00-04:00,18.674699783325195,19.4492244720459,18.588640213012695,19.087779998779297,52058,0.0,0.0
2009-09-10 00:00:00-04:00,19.087779998779297,19.29431915283203,18.91566276550293,19.122203826904297,61818,0.0,0.0
2009-09-11 00:00:00-04:00,19.122203826904297,19.965576171875,19.122203826904297,19.9139404296875,59727,0.0,0.0
2009-09-14 00:00:00-04:00,19.776248931884766,20.361446380615234,19.5524959564209,20.223751068115234,66466,0.0,0.0
2009-09-15 00:00:00-04:00,20.258176803588867,20.65404510498047,20.189329147338867,20.3786563873291,54672,0.0,0.0
2009-09-16 00:00:00-04:00,19.6041316986084,20.189329147338867,19.036144256591797,19.776248931884766,209857,0.0,0.0
2009-09-17 00:00:00-04:00,19.638553619384766,19.9139404296875,18.91566276550293,19.328744888305664,123753,0.0,0.0
2009-09-18 00:00:00-04:00,19.31153106689453,19.879518508911133,19.31153106689453,19.793460845947266,175694,0.0,0.0
2009-09-21 00:00:00-04:00,19.4836483001709,19.690189361572266,19.104991912841797,19.655765533447266,65827,0.0,0.0
2009-09-22 00:00:00-04:00,19.759035110473633,19.793460845947266,19.38037872314453,19.5180721282959,64026,0.0,0.0
2009-09-23 00:00:00-04:00,19.5008602142334,19.638553619384766,18.96729850769043,19.018932342529297,85872,0.0,0.0
2009-09-24 00:00:00-04:00,19.036144256591797,19.191049575805664,17.401033401489258,17.72805404663086,198063,0.0,0.0
2009-09-25 00:00:00-04:00,17.745267868041992,17.917383193969727,17.418243408203125,17.900171279907227,57984,0.0,0.0
2009-09-28 00:00:00-04:00,17.969018936157227,18.485370635986328,17.607572555541992,18.468158721923828,65362,0.0,0.0
2009-09-29 00:00:00-04:00,18.347675323486328,18.864028930664062,18.123924255371094,18.554216384887695,94994,0.0,0.0
2009-09-30 00:00:00-04:00,18.588640213012695,18.588640213012695,17.882959365844727,18.29604148864746,50663,0.0,0.0
2009-10-01 00:00:00-04:00,18.17555809020996,18.31325340270996,17.71084213256836,17.71084213256836,126251,0.0,0.0
2009-10-02 00:00:00-04:00,17.383821487426758,18.003442764282227,17.383821487426758,17.745267868041992,74833,0.0,0.0
2009-10-05 00:00:00-04:00,17.900171279907227,18.450946807861328,17.590360641479492,18.433734893798828,198353,0.0,0.0
2009-10-06 00:00:00-04:00,18.537004470825195,19.5352840423584,18.502582550048828,19.208261489868164,111203,0.0,0.0
2009-10-07 00:00:00-04:00,19.070568084716797,19.43201446533203,18.95008659362793,19.036144256591797,56415,0.0,0.0
2009-10-08 00:00:00-04:00,19.242685317993164,20.034423828125,18.96729850769043,19.690189361572266,54382,0.0,0.0
2009-10-09 00:00:00-04:00,19.6213436126709,20.0516357421875,19.5524959564209,19.827882766723633,56938,0.0,0.0
2009-10-12 00:00:00-04:00,20.0516357421875,20.3958683013916,19.896730422973633,20.258176803588867,52116,0.0,0.0
2009-10-13 00:00:00-04:00,20.258176803588867,20.4475040435791,19.862306594848633,20.344234466552734,48746,0.0,0.0
2009-10-14 00:00:00-04:00,20.58519744873047,20.72289276123047,19.9827880859375,20.72289276123047,79829,0.0,0.0
2009-10-15 00:00:00-04:00,20.4475040435791,20.757314682006836,20.344234466552734,20.65404510498047,85698,0.0,0.0
2009-10-16 00:00:00-04:00,19.9827880859375,20.240964889526367,19.4492244720459,20.137693405151367,126774,0.0,0.0
2009-10-19 00:00:00-04:00,20.292598724365234,21.445783615112305,19.862306594848633,20.877796173095703,170988,0.0,0.0
2009-10-20 00:00:00-04:00,20.860584259033203,20.860584259033203,20.240964889526367,20.740102767944336,58100,0.0,0.0
2009-10-21 00:00:00-04:00,20.68846893310547,21.308090209960938,20.275386810302734,20.361446380615234,56822,0.0,0.0
2009-10-22 00:00:00-04:00,20.344234466552734,21.239242553710938,20.258176803588867,21.04991340637207,116607,0.0,0.0
2009-10-23 00:00:00-04:00,21.06712532043457,21.06712532043457,20.4819278717041,20.63683319091797,133746,0.0,0.0
2009-10-26 00:00:00-04:00,20.72289276123047,20.929431915283203,20.189329147338867,20.344234466552734,120325,0.0,0.0
2009-10-27 00:00:00-04:00,20.3786563873291,21.015491485595703,20.206539154052734,20.65404510498047,74600,0.0,0.0
2009-10-28 00:00:00-04:00,20.671255111694336,20.843372344970703,19.43201446533203,19.5180721282959,119570,0.0,0.0
2009-10-29 00:00:00-04:00,19.827882766723633,20.172117233276367,19.328744888305664,20.06884765625,105684,0.0,0.0
2009-10-30 00:00:00-04:00,19.9483642578125,20.258176803588867,18.691909790039062,18.726333618164062,255059,0.0,0.0
2009-11-02 00:00:00-05:00,18.93287467956543,19.104991912841797,18.158348083496094,18.743545532226562,81050,0.0,0.0
2009-11-03 00:00:00-05:00,18.640274047851562,19.93115234375,18.519792556762695,19.862306594848633,177960,0.0,0.0
2009-11-04 00:00:00-05:00,20.154905319213867,20.3786563873291,19.5180721282959,19.6041316986084,89648,0.0,0.0
2009-11-05 00:00:00-05:00,19.793460845947266,20.877796173095703,19.793460845947266,20.808950424194336,112714,0.0,0.0
2009-11-06 00:00:00-05:00,20.60240936279297,21.18760871887207,20.4302921295166,20.72289276123047,24925,0.0,0.0
2009-11-09 00:00:00-05:00,20.963855743408203,21.73838233947754,20.740102767944336,21.514629364013672,50838,0.0,0.0
2009-11-10 00:00:00-05:00,21.411359786987305,22.030981063842773,20.998279571533203,21.376935958862305,47700,0.0,0.0
2009-11-11 00:00:00-05:00,21.652324676513672,21.962133407592773,21.10154914855957,21.376935958862305,35383,0.0,0.0
2009-11-12 00:00:00-05:00,21.239242553710938,21.514629364013672,20.843372344970703,20.895008087158203,49385,0.0,0.0
2009-11-13 00:00:00-05:00,21.03270149230957,21.308090209960938,20.4647159576416,20.61962127685547,45609,0.0,0.0
2009-11-16 00:00:00-05:00,20.808950424194336,22.030981063842773,20.808950424194336,21.514629364013672,89765,0.0,0.0
2009-11-17 00:00:00-05:00,21.497417449951172,21.531841278076172,20.981067657470703,21.239242553710938,129737,0.0,0.0
2009-11-18 00:00:00-05:00,21.514629364013672,21.600688934326172,20.65404510498047,20.895008087158203,50489,0.0,0.0
2009-11-19 00:00:00-05:00,20.757314682006836,20.774526596069336,19.879518508911133,20.240964889526367,52116,0.0,0.0
2009-11-20 00:00:00-05:00,20.0860595703125,20.808950424194336,20.0860595703125,20.791738510131836,52232,0.0,0.0
2009-11-23 00:00:00-05:00,21.204818725585938,21.68674659729004,21.17039680480957,21.394147872924805,50605,0.0,0.0
2009-11-24 00:00:00-05:00,21.359725952148438,21.514629364013672,20.946643829345703,21.497417449951172,59436,0.0,0.0
2009-11-25 00:00:00-05:00,21.566265106201172,21.75559425354004,21.10154914855957,21.135971069335938,32245,0.0,0.0
2009-11-27 00:00:00-05:00,20.292598724365234,21.08433723449707,20.275386810302734,20.4647159576416,30967,0.0,0.0
2009-11-30 00:00:00-05:00,20.361446380615234,21.531841278076172,19.776248931884766,21.376935958862305,115793,0.0,0.0
2009-12-01 00:00:00-05:00,21.617900848388672,22.048192977905273,21.256454467773438,21.497417449951172,71695,0.0,0.0
2009-12-02 00:00:00-05:00,21.566265106201172,21.927711486816406,21.239242553710938,21.566265106201172,53801,0.0,0.0
2009-12-03 00:00:00-05:00,21.72117042541504,21.944923400878906,21.342512130737305,21.394147872924805,45783,0.0,0.0
2009-12-04 00:00:00-05:00,21.841651916503906,22.426849365234375,21.462995529174805,21.962133407592773,192543,0.0,0.0
2009-12-07 00:00:00-05:00,22.16867446899414,23.631669998168945,22.117040634155273,23.459552764892578,128866,0.0,0.0
2009-12-08 00:00:00-05:00,23.166954040527344,23.94148063659668,22.994836807250977,23.046472549438477,85988,0.0,0.0
2009-12-09 00:00:00-05:00,22.375215530395508,22.616178512573242,21.08433723449707,21.18760871887207,126542,0.0,0.0
2009-12-10 00:00:00-05:00,21.359725952148438,21.82444190979004,21.10154914855957,21.308090209960938,105800,0.0,0.0
2009-12-11 00:00:00-05:00,21.394147872924805,21.480207443237305,20.60240936279297,21.480207443237305,133514,0.0,0.0
2009-12-14 00:00:00-05:00,21.583477020263672,22.117040634155273,21.342512130737305,21.979345321655273,33582,0.0,0.0
2009-12-15 00:00:00-05:00,21.979345321655273,22.753873825073242,21.841651916503906,22.18588638305664,55021,0.0,0.0
2009-12-16 00:00:00-05:00,22.478485107421875,22.478485107421875,21.445783615112305,21.70395851135254,98944,0.0,0.0
2009-12-17 00:00:00-05:00,21.566265106201172,21.77280616760254,21.17039680480957,21.549053192138672,64317,0.0,0.0
2009-12-18 00:00:00-05:00,21.841651916503906,22.28915786743164,21.428571701049805,22.28915786743164,95342,0.0,0.0
2009-12-21 00:00:00-05:00,22.340791702270508,22.495697021484375,21.514629364013672,21.876075744628906,89125,0.0,0.0
2009-12-22 00:00:00-05:00,22.13425064086914,22.13425064086914,21.325300216674805,21.790016174316406,101966,0.0,0.0
2009-12-23 00:00:00-05:00,21.996557235717773,22.15146255493164,21.73838233947754,21.858863830566406,106730,0.0,0.0
2009-12-24 00:00:00-05:00,21.893287658691406,21.893287658691406,21.514629364013672,21.72117042541504,13305,0.0,0.0
2009-12-28 00:00:00-05:00,21.75559425354004,21.75559425354004,21.359725952148438,21.497417449951172,63097,0.0,0.0
2009-12-29 00:00:00-05:00,21.497417449951172,21.600688934326172,21.204818725585938,21.480207443237305,36661,0.0,0.0
2009-12-30 00:00:00-05:00,21.273666381835938,21.342512130737305,20.63683319091797,20.843372344970703,105858,0.0,0.0
2009-12-31 00:00:00-05:00,20.826162338256836,21.11876106262207,20.63683319091797,20.72289276123047,40612,0.0,0.0
2010-01-04 00:00:00-05:00,21.06712532043457,21.342512130737305,20.877796173095703,21.308090209960938,79307,0.0,0.0
2010-01-05 00:00:00-05:00,21.308090209960938,21.342512130737305,20.63683319091797,20.65404510498047,261043,0.0,0.0
2010-01-06 00:00:00-05:00,20.58519744873047,20.70568084716797,20.154905319213867,20.258176803588867,147225,0.0,0.0
2010-01-07 00:00:00-05:00,20.120481491088867,20.895008087158203,20.0516357421875,20.895008087158203,74078,0.0,0.0
2010-01-08 00:00:00-05:00,20.70568084716797,21.222030639648438,20.70568084716797,21.06712532043457,40205,0.0,0.0
2010-01-11 00:00:00-05:00,21.17039680480957,21.256454467773438,20.808950424194336,21.11876106262207,44505,0.0,0.0
2010-01-12 00:00:00-05:00,20.877796173095703,21.04991340637207,20.671255111694336,20.791738510131836,25796,0.0,0.0
2010-01-13 00:00:00-05:00,20.671255111694336,20.998279571533203,20.327022552490234,20.72289276123047,48746,0.0,0.0
2010-01-14 00:00:00-05:00,20.65404510498047,21.11876106262207,20.65404510498047,21.015491485595703,77389,0.0,0.0
2010-01-15 00:00:00-05:00,21.11876106262207,21.11876106262207,20.740102767944336,21.10154914855957,89067,0.0,0.0
2010-01-19 00:00:00-05:00,21.239242553710938,21.445783615112305,20.946643829345703,21.394147872924805,165992,0.0,0.0
2010-01-20 00:00:00-05:00,21.08433723449707,21.08433723449707,20.60240936279297,20.929431915283203,106846,0.0,0.0
2010-01-21 00:00:00-05:00,20.912220001220703,20.998279571533203,20.154905319213867,20.189329147338867,100048,0.0,0.0
2010-01-22 00:00:00-05:00,20.172117233276367,20.5507755279541,19.9483642578125,20.103269577026367,84594,0.0,0.0
2010-01-25 00:00:00-05:00,20.292598724365234,20.292598724365234,19.827882766723633,20.189329147338867,235247,0.0,0.0
2010-01-26 00:00:00-05:00,20.0516357421875,20.206539154052734,19.5524959564209,19.9483642578125,66002,0.0,0.0
2010-01-27 00:00:00-05:00,19.827882766723633,20.58519744873047,19.5008602142334,20.4819278717041,71579,0.0,0.0
2010-01-28 00:00:00-05:00,20.5163516998291,20.5507755279541,19.6041316986084,19.9483642578125,63213,0.0,0.0
2010-01-29 00:00:00-05:00,20.103269577026367,20.327022552490234,19.27710723876953,19.39759063720703,58216,0.0,0.0
2010-02-01 00:00:00-05:00,19.39759063720703,19.845094680786133,19.139415740966797,19.724613189697266,66873,0.0,0.0
2010-02-02 00:00:00-05:00,19.690189361572266,19.9139404296875,19.173837661743164,19.208261489868164,124915,0.0,0.0
2010-02-03 00:00:00-05:00,19.41480255126953,19.5697078704834,18.95008659362793,19.27710723876953,53336,0.0,0.0
2010-02-04 00:00:00-05:00,19.139415740966797,19.191049575805664,18.537004470825195,18.605852127075195,76111,0.0,0.0
2010-02-05 00:00:00-05:00,18.605852127075195,18.605852127075195,17.969018936157227,18.485370635986328,66757,0.0,0.0
2010-02-08 00:00:00-05:00,18.485370635986328,18.691909790039062,18.141136169433594,18.416522979736328,64491,0.0,0.0
2010-02-09 00:00:00-05:00,18.674699783325195,18.709121704101562,18.27882957458496,18.519792556762695,117246,0.0,0.0
2010-02-10 00:00:00-05:00,18.364887237548828,19.225473403930664,18.364887237548828,19.156627655029297,118117,0.0,0.0
2010-02-11 00:00:00-05:00,19.018932342529297,19.793460845947266,18.82960319519043,19.724613189697266,52522,0.0,0.0
2010-02-12 00:00:00-05:00,19.43201446533203,20.0172119140625,19.173837661743164,20.0172119140625,63445,0.0,0.0
2010-02-16 00:00:00-05:00,20.0516357421875,20.946643829345703,19.9483642578125,20.929431915283203,75588,0.0,0.0
2010-02-17 00:00:00-05:00,20.998279571533203,21.04991340637207,20.275386810302734,20.4475040435791,87034,0.0,0.0
2010-02-18 00:00:00-05:00,19.39759063720703,19.965576171875,19.27710723876953,19.5352840423584,238907,0.0,0.0
2010-02-19 00:00:00-05:00,19.5352840423584,20.0172119140625,19.4664363861084,19.724613189697266,106788,0.0,0.0
2010-02-22 00:00:00-05:00,19.896730422973633,20.0,19.43201446533203,19.672977447509766,124741,0.0,0.0
2010-02-23 00:00:00-05:00,19.690189361572266,19.827882766723633,19.27710723876953,19.31153106689453,103650,0.0,0.0
2010-02-24 00:00:00-05:00,19.29431915283203,19.5352840423584,19.053356170654297,19.328744888305664,86860,0.0,0.0
2010-02-25 00:00:00-05:00,18.984508514404297,20.06884765625,18.554216384887695,19.845094680786133,80991,0.0,0.0
2010-02-26 00:00:00-05:00,19.810670852661133,19.896730422973633,19.43201446533203,19.5008602142334,36254,0.0,0.0
2010-03-01 00:00:00-05:00,19.5697078704834,20.309810638427734,19.5697078704834,20.292598724365234,106962,0.0,0.0
2010-03-02 00:00:00-05:00,19.4492244720459,20.223751068115234,19.4492244720459,19.965576171875,115677,0.0,0.0
2010-03-03 00:00:00-05:00,19.9483642578125,20.361446380615234,19.724613189697266,19.9483642578125,101675,0.0,0.0
2010-03-04 00:00:00-05:00,19.965576171875,20.137693405151367,19.104991912841797,19.6213436126709,113702,0.0,0.0
2010-03-05 00:00:00-05:00,19.672977447509766,20.206539154052734,19.672977447509766,20.103269577026367,60598,0.0,0.0
2010-03-08 00:00:00-05:00,20.0516357421875,20.154905319213867,19.776248931884766,19.879518508911133,41367,0.0,0.0
2010-03-09 00:00:00-05:00,19.862306594848633,20.0,19.638553619384766,19.845094680786133,40612,0.0,0.0
2010-03-10 00:00:00-05:00,19.9139404296875,19.93115234375,19.259897232055664,19.4664363861084,84187,0.0,0.0
2010-03-11 00:00:00-05:00,19.242685317993164,19.6213436126709,19.087779998779297,19.41480255126953,137755,0.0,0.0
2010-03-12 00:00:00-05:00,19.41480255126953,19.690189361572266,19.242685317993164,19.6213436126709,78784,0.0,0.0
2010-03-15 00:00:00-04:00,19.5180721282959,19.672977447509766,19.225473403930664,19.5008602142334,97724,0.0,0.0
2010-03-16 00:00:00-04:00,19.5180721282959,19.741823196411133,19.053356170654297,19.5008602142334,75181,0.0,0.0
2010-03-17 00:00:00-04:00,19.5352840423584,19.827882766723633,19.27710723876953,19.759035110473633,105452,0.0,0.0
2010-03-18 00:00:00-04:00,19.707401275634766,19.9139404296875,19.5697078704834,19.5697078704834,30328,0.0,0.0
2010-03-19 00:00:00-04:00,19.122203826904297,19.707401275634766,18.95008659362793,19.122203826904297,89125,0.0,0.0
2010-03-22 00:00:00-04:00,19.036144256591797,19.38037872314453,18.88123893737793,19.36316680908203,71056,0.0,0.0
2010-03-23 00:00:00-04:00,19.31153106689453,20.0172119140625,19.053356170654297,19.965576171875,96620,0.0,0.0
2010-03-24 00:00:00-04:00,19.9139404296875,20.4819278717041,19.724613189697266,20.3786563873291,217352,0.0,0.0
2010-03-25 00:00:00-04:00,20.4819278717041,20.5335636138916,20.0516357421875,20.0516357421875,87963,0.0,0.0
2010-03-26 00:00:00-04:00,20.0860595703125,20.3786563873291,19.9827880859375,20.0860595703125,67106,0.0,0.0
2010-03-29 00:00:00-04:00,20.275386810302734,20.4475040435791,20.154905319213867,20.3958683013916,63736,0.0,0.0
2010-03-30 00:00:00-04:00,20.3786563873291,20.65404510498047,20.327022552490234,20.56798553466797,144204,0.0,0.0
2010-03-31 00:00:00-04:00,20.4130802154541,20.740102767944336,20.240964889526367,20.258176803588867,95052,0.0,0.0
2010-04-01 00:00:00-04:00,20.361446380615234,20.5163516998291,19.776248931884766,19.93115234375,88138,0.0,0.0
2010-04-05 00:00:00-04:00,20.06884765625,20.60240936279297,19.9483642578125,20.60240936279297,80759,0.0,0.0
2010-04-06 00:00:00-04:00,20.4819278717041,20.843372344970703,20.3958683013916,20.826162338256836,132584,0.0,0.0
2010-04-07 00:00:00-04:00,20.740102767944336,20.740102767944336,20.0,20.344234466552734,215609,0.0,0.0
2010-04-08 00:00:00-04:00,20.206539154052734,20.826162338256836,20.103269577026367,20.70568084716797,83838,0.0,0.0
2010-04-09 00:00:00-04:00,20.70568084716797,20.808950424194336,20.327022552490234,20.774526596069336,154604,0.0,0.0
2010-04-12 00:00:00-04:00,20.826162338256836,20.826162338256836,20.61962127685547,20.808950424194336,84884,0.0,0.0
2010-04-13 00:00:00-04:00,20.740102767944336,20.860584259033203,20.5335636138916,20.60240936279297,107311,0.0,0.0
2010-04-14 00:00:00-04:00,20.774526596069336,21.600688934326172,20.70568084716797,21.428571701049805,155069,0.0,0.0
2010-04-15 00:00:00-04:00,21.514629364013672,22.065404891967773,21.480207443237305,22.030981063842773,57461,0.0,0.0
2010-04-16 00:00:00-04:00,21.979345321655273,22.082616806030273,21.428571701049805,21.962133407592773,89648,0.0,0.0
2010-04-19 00:00:00-04:00,21.82444190979004,22.16867446899414,21.66953468322754,21.841651916503906,119395,0.0,0.0
2010-04-20 00:00:00-04:00,21.910499572753906,22.28915786743164,21.858863830566406,22.22031021118164,61586,0.0,0.0
2010-04-21 00:00:00-04:00,22.22031021118164,22.71944808959961,22.22031021118164,22.71944808959961,56125,0.0,0.0
2010-04-22 00:00:00-04:00,22.444061279296875,23.27022361755371,22.306367874145508,23.27022361755371,75123,0.0,0.0
2010-04-23 00:00:00-04:00,23.28743553161621,23.786575317382812,23.201377868652344,23.648881912231445,74717,0.0,0.0
2010-04-26 00:00:00-04:00,23.580034255981445,24.044750213623047,23.580034255981445,23.94148063659668,72102,0.0,0.0
2010-04-27 00:00:00-04:00,23.90705680847168,24.010326385498047,23.029260635375977,23.18416404724121,105684,0.0,0.0
2010-04-28 00:00:00-04:00,23.27022361755371,23.614458084106445,23.201377868652344,23.32185935974121,67106,0.0,0.0
2010-04-29 00:00:00-04:00,23.442340850830078,23.83820915222168,23.30464744567871,23.528398513793945,66292,0.0,0.0
2010-04-30 00:00:00-04:00,23.769363403320312,23.769363403320312,22.444061279296875,22.461273193359375,90578,0.0,0.0
2010-05-03 00:00:00-04:00,22.80550765991211,23.580034255981445,22.598966598510742,23.528398513793945,77389,0.0,0.0
2010-05-04 00:00:00-04:00,23.098106384277344,23.132530212402344,22.392427444458008,22.702238082885742,91798,0.0,0.0
2010-05-05 00:00:00-04:00,22.28915786743164,22.77108383178711,21.996557235717773,22.512908935546875,68209,0.0,0.0
2010-05-06 00:00:00-04:00,22.409639358520508,22.82271957397461,20.223751068115234,21.376935958862305,107950,0.0,0.0
2010-05-07 00:00:00-04:00,21.308090209960938,22.048192977905273,20.929431915283203,21.325300216674805,151757,0.0,0.0
2010-05-10 00:00:00-04:00,21.77280616760254,22.650602340698242,21.77280616760254,22.358003616333008,121661,0.0,0.0
2010-05-11 00:00:00-04:00,22.117040634155273,22.78829574584961,22.099828720092773,22.616178512573242,107427,0.0,0.0
2010-05-12 00:00:00-04:00,22.685026168823242,23.700515747070312,22.306367874145508,23.218589782714844,113992,0.0,0.0
2010-05-13 00:00:00-04:00,23.063682556152344,23.459552764892578,22.83993148803711,23.166954040527344,46771,0.0,0.0
2010-05-14 00:00:00-04:00,22.908777236938477,22.908777236938477,21.962133407592773,22.375215530395508,91275,0.0,0.0
2010-05-17 00:00:00-04:00,22.478485107421875,22.736661911010742,21.77280616760254,22.254732131958008,81398,0.0,0.0
2010-05-18 00:00:00-04:00,22.616178512573242,22.85714340209961,21.68674659729004,21.790016174316406,89242,0.0,0.0
2010-05-19 00:00:00-04:00,21.652324676513672,22.117040634155273,21.11876106262207,21.411359786987305,88835,0.0,0.0
2010-05-20 00:00:00-04:00,20.912220001220703,20.946643829345703,20.0172119140625,20.0860595703125,197308,0.0,0.0
2010-05-21 00:00:00-04:00,19.776248931884766,20.4647159576416,19.672977447509766,20.154905319213867,115096,0.0,0.0
2010-05-24 00:00:00-04:00,20.120481491088867,20.5507755279541,20.0172119140625,20.172117233276367,90636,0.0,0.0
2010-05-25 00:00:00-04:00,19.5180721282959,19.9827880859375,19.139415740966797,19.6041316986084,184526,0.0,0.0
2010-05-26 00:00:00-04:00,19.707401275634766,20.361446380615234,19.707401275634766,20.172117233276367,179878,0.0,0.0
2010-05-27 00:00:00-04:00,20.68846893310547,20.929431915283203,20.327022552490234,20.929431915283203,101791,0.0,0.0
2010-05-28 00:00:00-04:00,20.808950424194336,21.03270149230957,20.309810638427734,20.5335636138916,65827,0.0,0.0
2010-06-01 00:00:00-04:00,20.275386810302734,20.774526596069336,19.776248931884766,19.776248931884766,80469,0.0,0.0
2010-06-02 00:00:00-04:00,19.879518508911133,20.4991397857666,19.6213436126709,20.4991397857666,63852,0.0,0.0
2010-06-03 00:00:00-04:00,20.4991397857666,20.808950424194336,20.137693405151367,20.4647159576416,54265,0.0,0.0
2010-06-04 00:00:00-04:00,19.879518508911133,19.879518508911133,18.93287467956543,18.96729850769043,127007,0.0,0.0
2010-06-07 00:00:00-04:00,19.018932342529297,19.5352840423584,18.657487869262695,18.726333618164062,101443,0.0,0.0
2010-06-08 00:00:00-04:00,19.6041316986084,19.810670852661133,18.554216384887695,18.93287467956543,95168,0.0,0.0
2010-06-09 00:00:00-04:00,19.156627655029297,19.827882766723633,18.93287467956543,19.104991912841797,57170,0.0,0.0
2010-06-10 00:00:00-04:00,19.5008602142334,19.862306594848633,19.39759063720703,19.776248931884766,62864,0.0,0.0
2010-06-11 00:00:00-04:00,19.5697078704834,20.189329147338867,19.4492244720459,20.189329147338867,48223,0.0,0.0
2010-06-14 00:00:00-04:00,20.327022552490234,20.68846893310547,19.793460845947266,19.879518508911133,51360,0.0,0.0
2010-06-15 00:00:00-04:00,19.9483642578125,20.63683319091797,19.862306594848633,20.5507755279541,88951,0.0,0.0
2010-06-16 00:00:00-04:00,20.309810638427734,20.63683319091797,20.223751068115234,20.4647159576416,53626,0.0,0.0
2010-06-17 00:00:00-04:00,20.5163516998291,20.72289276123047,20.189329147338867,20.3786563873291,38578,0.0,0.0
2010-06-18 00:00:00-04:00,20.361446380615234,20.58519744873047,20.189329147338867,20.361446380615234,87441,0.0,0.0
2010-06-21 00:00:00-04:00,20.70568084716797,21.03270149230957,20.292598724365234,20.4819278717041,42529,0.0,0.0
2010-06-22 00:00:00-04:00,20.4991397857666,21.015491485595703,20.137693405151367,20.189329147338867,81514,0.0,0.0
2010-06-23 00:00:00-04:00,20.103269577026367,20.137693405151367,19.5524959564209,19.741823196411133,87905,0.0,0.0
2010-06-24 00:00:00-04:00,19.5352840423584,19.896730422973633,19.29431915283203,19.36316680908203,78958,0.0,0.0
2010-06-25 00:00:00-04:00,19.5008602142334,19.9483642578125,18.95008659362793,19.4492244720459,446789,0.0,0.0
2010-06-28 00:00:00-04:00,19.5008602142334,19.810670852661133,19.31153106689453,19.41480255126953,90636,0.0,0.0
2010-06-29 00:00:00-04:00,18.96729850769043,18.96729850769043,18.072288513183594,18.27882957458496,136128,0.0,0.0
2010-06-30 00:00:00-04:00,18.29604148864746,18.519792556762695,17.81411361694336,17.917383193969727,97259,0.0,0.0
2010-07-01 00:00:00-04:00,18.020654678344727,18.31325340270996,17.21170425415039,17.72805404663086,70766,0.0,0.0
2010-07-02 00:00:00-04:00,17.81411361694336,18.106712341308594,17.573150634765625,17.659208297729492,59320,0.0,0.0
2010-07-06 00:00:00-04:00,17.934595108032227,18.33046531677246,17.900171279907227,18.209983825683594,175404,0.0,0.0
2010-07-07 00:00:00-04:00,18.347675323486328,18.588640213012695,18.072288513183594,18.571428298950195,108589,0.0,0.0
2010-07-08 00:00:00-04:00,18.777969360351562,18.777969360351562,18.26161766052246,18.433734893798828,380846,0.0,0.0
2010-07-09 00:00:00-04:00,18.364887237548828,18.519792556762695,18.209983825683594,18.416522979736328,139556,0.0,0.0
2010-07-12 00:00:00-04:00,18.31325340270996,18.347675323486328,17.693632125854492,18.037866592407227,85465,0.0,0.0
2010-07-13 00:00:00-04:00,18.26161766052246,18.82960319519043,18.141136169433594,18.709121704101562,262786,0.0,0.0
2010-07-14 00:00:00-04:00,18.674699783325195,18.777969360351562,18.24440574645996,18.743545532226562,174649,0.0,0.0
2010-07-15 00:00:00-04:00,18.777969360351562,18.88123893737793,18.24440574645996,18.571428298950195,52581,0.0,0.0
2010-07-16 00:00:00-04:00,18.364887237548828,18.450946807861328,17.83132553100586,17.900171279907227,128633,0.0,0.0
2010-07-19 00:00:00-04:00,18.020654678344727,18.158348083496094,17.504302978515625,17.986230850219727,37184,0.0,0.0
2010-07-20 00:00:00-04:00,17.659208297729492,18.31325340270996,17.590360641479492,18.27882957458496,49443,0.0,0.0
2010-07-21 00:00:00-04:00,18.450946807861328,18.795181274414062,18.27882957458496,18.571428298950195,109228,0.0,0.0
2010-07-22 00:00:00-04:00,18.91566276550293,19.43201446533203,18.84681510925293,19.39759063720703,60947,0.0,0.0
2010-07-23 00:00:00-04:00,19.242685317993164,20.189329147338867,19.001720428466797,20.154905319213867,89823,0.0,0.0
2010-07-26 00:00:00-04:00,20.292598724365234,20.70568084716797,20.154905319213867,20.5163516998291,68907,0.0,0.0
2010-07-27 00:00:00-04:00,20.70568084716797,20.791738510131836,20.034423828125,20.06884765625,46887,0.0,0.0
2010-07-28 00:00:00-04:00,19.9827880859375,20.740102767944336,19.638553619384766,19.845094680786133,43459,0.0,0.0
2010-07-29 00:00:00-04:00,20.206539154052734,21.82444190979004,20.206539154052734,21.497417449951172,131538,0.0,0.0
2010-07-30 00:00:00-04:00,21.204818725585938,22.409639358520508,21.18760871887207,22.28915786743164,108473,0.0,0.0
2010-08-02 00:00:00-04:00,22.547332763671875,22.977624893188477,22.048192977905273,22.392427444458008,76750,0.0,0.0
2010-08-03 00:00:00-04:00,22.358003616333008,22.753873825073242,21.82444190979004,22.254732131958008,58739,0.0,0.0
2010-08-04 00:00:00-04:00,22.426849365234375,22.78829574584961,22.323579788208008,22.736661911010742,46654,0.0,0.0
2010-08-05 00:00:00-04:00,22.512908935546875,22.78829574584961,22.323579788208008,22.461273193359375,32710,0.0,0.0
2010-08-06 00:00:00-04:00,22.16867446899414,22.650602340698242,21.910499572753906,22.392427444458008,111842,0.0,0.0
2010-08-09 00:00:00-04:00,22.547332763671875,22.83993148803711,22.23752212524414,22.78829574584961,57984,0.0,0.0
2010-08-10 00:00:00-04:00,22.478485107421875,22.598966598510742,22.20309829711914,22.392427444458008,72974,0.0,0.0
2010-08-11 00:00:00-04:00,21.893287658691406,21.893287658691406,20.912220001220703,21.08433723449707,136361,0.0,0.0
2010-08-12 00:00:00-04:00,20.5507755279541,21.394147872924805,20.5507755279541,21.10154914855957,80236,0.0,0.0
2010-08-13 00:00:00-04:00,21.204818725585938,21.996557235717773,21.204818725585938,21.325300216674805,73032,0.0,0.0
2010-08-16 00:00:00-04:00,21.239242553710938,21.893287658691406,21.015491485595703,21.72117042541504,55253,0.0,0.0
2010-08-17 00:00:00-04:00,22.030981063842773,22.85714340209961,22.013769149780273,22.616178512573242,87673,0.0,0.0
2010-08-18 00:00:00-04:00,22.495697021484375,22.616178512573242,22.28915786743164,22.495697021484375,86511,0.0,0.0
2010-08-19 00:00:00-04:00,22.323579788208008,22.581756591796875,21.66953468322754,21.68674659729004,77389,0.0,0.0
2010-08-20 00:00:00-04:00,21.635112762451172,22.117040634155273,21.290878295898438,21.77280616760254,73555,0.0,0.0
2010-08-23 00:00:00-04:00,21.893287658691406,21.944923400878906,21.342512130737305,21.514629364013672,73322,0.0,0.0
2010-08-24 00:00:00-04:00,21.10154914855957,21.66953468322754,20.843372344970703,21.376935958862305,53626,0.0,0.0
2010-08-25 00:00:00-04:00,21.239242553710938,21.583477020263672,20.5335636138916,21.531841278076172,120848,0.0,0.0
2010-08-26 00:00:00-04:00,21.652324676513672,21.962133407592773,21.428571701049805,21.549053192138672,61063,0.0,0.0
2010-08-27 00:00:00-04:00,21.77280616760254,22.495697021484375,21.480207443237305,22.461273193359375,52406,0.0,0.0
2010-08-30 00:00:00-04:00,22.27194595336914,22.392427444458008,21.549053192138672,21.566265106201172,36022,0.0,0.0
2010-08-31 00:00:00-04:00,21.549053192138672,21.876075744628906,21.15318489074707,21.497417449951172,50663,0.0,0.0
2010-09-01 00:00:00-04:00,21.910499572753906,22.908777236938477,21.910499572753906,22.87435531616211,60831,0.0,0.0
2010-09-02 00:00:00-04:00,22.753873825073242,23.25301170349121,22.512908935546875,23.18416404724121,48514,0.0,0.0
2010-09-03 00:00:00-04:00,23.511188507080078,23.683305740356445,23.115318298339844,23.631669998168945,47584,0.0,0.0
2010-09-07 00:00:00-04:00,23.511188507080078,23.511188507080078,23.012048721313477,23.115318298339844,37416,0.0,0.0
2010-09-08 00:00:00-04:00,23.18416404724121,23.769363403320312,23.098106384277344,23.666093826293945,51883,0.0,0.0
2010-09-09 00:00:00-04:00,23.97590446472168,24.096385955810547,23.373493194580078,23.648881912231445,56008,0.0,0.0
2010-09-10 00:00:00-04:00,23.786575317382812,24.061962127685547,23.459552764892578,23.476764678955078,49792,0.0,0.0
2010-09-13 00:00:00-04:00,23.82099723815918,24.54388999938965,23.562822341918945,24.40619659423828,123114,0.0,0.0
2010-09-14 00:00:00-04:00,24.37177276611328,24.802064895629883,23.90705680847168,24.30292510986328,60540,0.0,0.0
2010-09-15 00:00:00-04:00,24.148021697998047,24.681583404541016,23.803787231445312,24.52667808532715,25506,0.0,0.0
2010-09-16 00:00:00-04:00,24.40619659423828,24.49225425720215,23.717727661132812,24.010326385498047,39973,0.0,0.0
2010-09-17 00:00:00-04:00,24.199655532836914,24.234079360961914,23.597246170043945,23.92426872253418,77157,0.0,0.0
2010-09-20 00:00:00-04:00,23.97590446472168,24.33734893798828,23.648881912231445,24.165231704711914,86395,0.0,0.0
2010-09-21 00:00:00-04:00,24.148021697998047,24.251291275024414,23.90705680847168,23.94148063659668,63038,0.0,0.0
2010-09-22 00:00:00-04:00,23.83820915222168,24.096385955810547,23.545610427856445,23.683305740356445,51244,0.0,0.0
2010-09-23 00:00:00-04:00,23.493976593017578,23.88984489440918,23.218589782714844,23.769363403320312,100571,0.0,0.0
2010-09-24 00:00:00-04:00,24.165231704711914,25.094663619995117,24.096385955810547,25.04302978515625,69023,0.0,0.0
2010-09-27 00:00:00-04:00,25.06024169921875,25.163511276245117,24.629947662353516,24.92254638671875,31897,0.0,0.0
2010-09-28 00:00:00-04:00,25.06024169921875,25.352840423583984,24.234079360961914,25.266780853271484,51360,0.0,0.0
2010-09-29 00:00:00-04:00,25.094663619995117,25.765920639038086,24.93975830078125,25.57659149169922,65188,0.0,0.0
2010-09-30 00:00:00-04:00,25.869190216064453,26.11015510559082,25.129087448120117,25.59380340576172,51709,0.0,0.0
2010-10-01 00:00:00-04:00,25.869190216064453,25.955249786376953,25.335628509521484,25.851978302001953,29805,0.0,0.0
2010-10-04 00:00:00-04:00,25.817556381225586,25.920825958251953,24.888124465942383,25.266780853271484,40031,0.0,0.0
2010-10-05 00:00:00-04:00,25.64543914794922,26.557659149169922,25.40447425842285,26.316694259643555,49850,0.0,0.0
2010-10-06 00:00:00-04:00,26.11015510559082,26.592082977294922,25.938037872314453,26.282272338867188,39276,0.0,0.0
2010-10-07 00:00:00-04:00,26.506023406982422,26.74698829650879,26.14457893371582,26.351118087768555,32943,0.0,0.0
2010-10-08 00:00:00-04:00,26.351118087768555,27.091222763061523,26.07573127746582,26.798622131347656,35732,0.0,0.0
2010-10-11 00:00:00-04:00,26.81583595275879,27.022375106811523,26.66092872619629,26.850257873535156,31432,0.0,0.0
2010-10-12 00:00:00-04:00,26.67814064025879,26.67814064025879,25.972461700439453,26.402753829956055,32478,0.0,0.0
2010-10-13 00:00:00-04:00,26.523235321044922,27.349397659301758,26.385541915893555,26.987951278686523,48049,0.0,0.0
2010-10-14 00:00:00-04:00,27.366609573364258,27.435455322265625,26.67814064025879,27.005163192749023,50721,0.0,0.0
2010-10-15 00:00:00-04:00,27.383821487426758,27.401033401489258,26.66092872619629,27.108434677124023,64723,0.0,0.0
2010-10-18 00:00:00-04:00,27.21170425415039,27.401033401489258,26.919105529785156,27.022375106811523,90752,0.0,0.0
2010-10-19 00:00:00-04:00,26.540447235107422,27.022375106811523,26.07573127746582,26.368330001831055,48165,0.0,0.0
2010-10-20 00:00:00-04:00,26.557659149169922,26.970739364624023,26.282272338867188,26.66092872619629,27946,0.0,0.0
2010-10-21 00:00:00-04:00,26.867469787597656,27.538726806640625,26.282272338867188,27.074010848999023,73903,0.0,0.0
2010-10-22 00:00:00-04:00,27.246126174926758,27.383821487426758,26.901893615722656,27.263338088989258,58274,0.0,0.0
2010-10-25 00:00:00-04:00,27.538726806640625,27.969018936157227,27.383821487426758,27.624784469604492,53452,0.0,0.0
2010-10-26 00:00:00-04:00,27.452667236328125,27.745267868041992,27.21170425415039,27.332185745239258,28992,0.0,0.0
2010-10-27 00:00:00-04:00,27.074010848999023,27.263338088989258,26.351118087768555,27.17728042602539,57170,0.0,0.0
2010-10-28 00:00:00-04:00,27.452667236328125,27.71084213256836,27.108434677124023,27.573150634765625,78261,0.0,0.0
2010-10-29 00:00:00-04:00,27.418243408203125,28.192771911621094,27.297761917114258,27.659208297729492,60947,0.0,0.0
2010-11-01 00:00:00-04:00,27.86574935913086,28.364887237548828,27.366609573364258,27.71084213256836,69894,0.0,0.0
2010-11-02 00:00:00-04:00,28.106712341308594,28.554216384887695,27.882959365844727,28.485370635986328,53917,0.0,0.0
2010-11-03 00:00:00-04:00,28.485370635986328,28.502582550048828,27.624784469604492,28.485370635986328,56008,0.0,0.0
2010-11-04 00:00:00-04:00,29.191049575805664,29.38037872314453,28.691909790039062,28.82960319519043,91566,0.0,0.0
2010-11-05 00:00:00-04:00,28.795181274414062,29.018932342529297,28.502582550048828,28.95008659362793,78784,0.0,0.0
2010-11-08 00:00:00-05:00,28.795181274414062,29.5008602142334,28.795181274414062,29.208261489868164,93309,0.0,0.0
2010-11-09 00:00:00-05:00,29.31153106689453,29.38037872314453,28.33046531677246,28.657487869262695,48397,0.0,0.0
2010-11-10 00:00:00-05:00,28.709121704101562,28.84681510925293,28.502582550048828,28.84681510925293,79132,0.0,0.0
2010-11-11 00:00:00-05:00,28.416522979736328,28.84681510925293,28.31325340270996,28.795181274414062,119686,0.0,0.0
2010-11-12 00:00:00-05:00,28.468158721923828,28.726333618164062,28.072288513183594,28.209983825683594,48688,0.0,0.0
2010-11-15 00:00:00-05:00,28.347675323486328,29.104991912841797,28.22719383239746,28.674699783325195,38230,0.0,0.0
2010-11-16 00:00:00-05:00,28.347675323486328,28.364887237548828,27.84853744506836,28.158348083496094,77796,0.0,0.0
2010-11-17 00:00:00-05:00,28.24440574645996,28.33046531677246,28.055076599121094,28.29604148864746,26610,0.0,0.0
2010-11-18 00:00:00-05:00,28.726333618164062,29.39759063720703,28.502582550048828,29.122203826904297,90578,0.0,0.0
2010-11-19 00:00:00-05:00,29.156627655029297,29.43201446533203,29.070568084716797,29.191049575805664,83664,0.0,0.0
2010-11-22 00:00:00-05:00,29.087779998779297,29.39759063720703,28.89845085144043,29.259897232055664,56299,0.0,0.0
2010-11-23 00:00:00-05:00,28.84681510925293,29.328744888305664,28.691909790039062,29.259897232055664,67106,0.0,0.0
2010-11-24 00:00:00-05:00,29.638553619384766,30.120481491088867,29.4664363861084,29.845094680786133,67338,0.0,0.0
2010-11-26 00:00:00-05:00,29.5697078704834,29.9827880859375,29.39759063720703,29.724613189697266,15571,0.0,0.0
2010-11-29 00:00:00-05:00,29.43201446533203,29.43201446533203,28.777969360351562,29.242685317993164,73438,0.0,0.0
2010-11-30 00:00:00-05:00,28.864028930664062,29.31153106689453,28.640274047851562,29.053356170654297,196204,0.0,0.0
2010-12-01 00:00:00-05:00,29.5352840423584,29.776248931884766,29.070568084716797,29.29431915283203,95168,0.0,0.0
2010-12-02 00:00:00-05:00,29.29431915283203,29.707401275634766,29.242685317993164,29.638553619384766,80759,0.0,0.0
2010-12-03 00:00:00-05:00,29.4836483001709,29.776248931884766,29.34595489501953,29.655765533447266,46945,0.0,0.0
2010-12-06 00:00:00-05:00,29.5697078704834,30.0172119140625,29.43201446533203,29.845094680786133,72625,0.0,0.0
2010-12-07 00:00:00-05:00,30.172117233276367,30.309810638427734,29.776248931884766,30.0,131132,0.0,0.0
2010-12-08 00:00:00-05:00,30.103269577026367,30.5335636138916,29.9827880859375,30.327022552490234,37242,0.0,0.0
2010-12-09 00:00:00-05:00,30.60240936279297,30.791738510131836,30.292598724365234,30.56798553466797,39043,0.0,0.0
2010-12-10 00:00:00-05:00,30.70568084716797,31.394147872924805,30.60240936279297,31.239242553710938,56996,0.0,0.0
2010-12-13 00:00:00-05:00,31.566265106201172,31.566265106201172,31.015491485595703,31.15318489074707,86569,0.0,0.0
2010-12-14 00:00:00-05:00,31.273666381835938,31.635112762451172,31.222030639648438,31.549053192138672,44911,0.0,0.0
2010-12-15 00:00:00-05:00,31.549053192138672,32.34079360961914,31.325300216674805,31.497417449951172,69546,0.0,0.0
2010-12-16 00:00:00-05:00,31.68674659729004,32.06540298461914,31.359725952148438,32.048194885253906,61760,0.0,0.0
2010-12-17 00:00:00-05:00,32.11703872680664,32.11703872680664,31.462995529174805,31.893287658691406,75995,0.0,0.0
2010-12-20 00:00:00-05:00,31.18760871887207,32.34079360961914,31.18760871887207,31.927711486816406,54033,0.0,0.0
2010-12-21 00:00:00-05:00,32.22031021118164,32.77108383178711,32.22031021118164,32.530120849609375,47816,0.0,0.0
2010-12-22 00:00:00-05:00,32.581756591796875,32.70223617553711,32.20309829711914,32.426849365234375,27539,0.0,0.0
2010-12-23 00:00:00-05:00,32.409637451171875,32.633392333984375,32.11703872680664,32.13425064086914,24518,0.0,0.0
2010-12-27 00:00:00-05:00,32.09982681274414,32.30636978149414,31.996557235717773,32.28915786743164,22369,0.0,0.0
2010-12-28 00:00:00-05:00,32.409637451171875,32.495697021484375,31.807228088378906,31.962133407592773,28295,0.0,0.0
2010-12-29 00:00:00-05:00,31.996557235717773,31.996557235717773,31.325300216674805,31.600688934326172,44447,0.0,0.0
2010-12-30 00:00:00-05:00,31.514629364013672,31.927711486816406,31.445783615112305,31.66953468322754,29573,0.0,0.0
2010-12-31 00:00:00-05:00,31.531841278076172,32.09982681274414,31.411359786987305,31.68674659729004,52639,0.0,0.0
2011-01-03 00:00:00-05:00,32.048194885253906,32.96041488647461,32.03097915649414,32.27194595336914,59785,0.0,0.0
2011-01-04 00:00:00-05:00,32.375213623046875,32.478485107421875,31.11876106262207,31.70395851135254,60192,0.0,0.0
2011-01-05 00:00:00-05:00,31.428571701049805,32.03097915649414,30.963855743408203,31.549053192138672,59088,0.0,0.0
2011-01-06 00:00:00-05:00,31.497417449951172,31.497417449951172,30.895008087158203,31.273666381835938,61470,0.0,0.0
2011-01-07 00:00:00-05:00,31.325300216674805,31.72117042541504,30.61962127685547,31.342512130737305,39043,0.0,0.0
2011-01-10 00:00:00-05:00,31.15318489074707,31.979345321655273,30.912220001220703,31.70395851135254,40089,0.0,0.0
2011-01-11 00:00:00-05:00,31.858863830566406,32.530120849609375,31.858863830566406,32.409637451171875,34976,0.0,0.0
2011-01-12 00:00:00-05:00,32.78829574584961,32.92599105834961,32.461273193359375,32.70223617553711,37591,0.0,0.0
2011-01-13 00:00:00-05:00,32.73666000366211,32.85714340209961,32.08261489868164,32.392425537109375,25448,0.0,0.0
2011-01-14 00:00:00-05:00,32.530120849609375,32.97762680053711,32.27194595336914,32.77108383178711,54672,0.0,0.0
2011-01-18 00:00:00-05:00,32.633392333984375,32.68502426147461,32.358001708984375,32.564544677734375,25157,0.0,0.0
2011-01-19 00:00:00-05:00,32.478485107421875,32.478485107421875,31.239242553710938,31.480207443237305,63968,0.0,0.0
2011-01-20 00:00:00-05:00,31.308090209960938,31.514629364013672,30.963855743408203,31.411359786987305,83315,0.0,0.0
2011-01-21 00:00:00-05:00,31.600688934326172,31.73838233947754,31.325300216674805,31.376935958862305,46596,0.0,0.0
2011-01-24 00:00:00-05:00,31.411359786987305,31.66953468322754,31.04991340637207,31.411359786987305,64665,0.0,0.0
2011-01-25 00:00:00-05:00,31.256454467773438,31.566265106201172,31.03270149230957,31.531841278076172,73380,0.0,0.0
2011-01-26 00:00:00-05:00,31.600688934326172,33.28743362426758,31.566265106201172,32.71944808959961,108821,0.0,0.0
2011-01-27 00:00:00-05:00,32.71944808959961,33.029258728027344,32.25473403930664,32.495697021484375,37765,0.0,0.0
2011-01-28 00:00:00-05:00,32.426849365234375,32.461273193359375,31.08433723449707,31.290878295898438,82793,0.0,0.0
2011-01-31 00:00:00-05:00,31.480207443237305,32.34079360961914,31.239242553710938,32.08261489868164,59785,0.0,0.0
2011-02-01 00:00:00-05:00,32.30636978149414,32.89156723022461,31.858863830566406,32.82271957397461,48688,0.0,0.0
2011-02-02 00:00:00-05:00,32.616180419921875,32.92599105834961,32.18588638305664,32.375213623046875,32071,0.0,0.0
2011-02-03 00:00:00-05:00,32.27194595336914,32.30636978149414,31.68674659729004,32.03097915649414,39276,0.0,0.0
2011-02-04 00:00:00-05:00,31.979345321655273,32.06540298461914,31.462995529174805,31.790016174316406,44098,0.0,0.0
2011-02-07 00:00:00-05:00,31.790016174316406,32.70223617553711,31.790016174316406,32.512908935546875,53045,0.0,0.0
2011-02-08 00:00:00-05:00,32.444061279296875,32.581756591796875,32.01376724243164,32.444061279296875,40263,0.0,0.0
2011-02-09 00:00:00-05:00,32.22031021118164,32.478485107421875,31.910499572753906,32.30636978149414,105161,0.0,0.0
2011-02-10 00:00:00-05:00,32.15146255493164,32.581756591796875,31.893287658691406,32.358001708984375,32420,0.0,0.0
2011-02-11 00:00:00-05:00,32.15146255493164,32.89156723022461,32.08261489868164,32.75387191772461,41309,0.0,0.0
2011-02-14 00:00:00-05:00,32.83993148803711,32.85714340209961,32.478485107421875,32.530120849609375,33233,0.0,0.0
2011-02-15 00:00:00-05:00,36.36832809448242,37.607574462890625,35.283992767333984,35.80034255981445,262612,0.0,0.0
2011-02-16 00:00:00-05:00,37.86574935913086,39.586917877197266,36.67814254760742,37.72805404663086,248203,0.0,0.0
2011-02-17 00:00:00-05:00,37.91738510131836,38.9328727722168,37.90017318725586,38.48537063598633,129505,0.0,0.0
2011-02-18 00:00:00-05:00,38.55421829223633,38.82960510253906,38.31325149536133,38.72633361816406,91043,0.0,0.0
2011-02-22 00:00:00-05:00,38.46815872192383,39.41480255126953,38.278831481933594,38.70912170410156,153616,0.0,0.0
2011-02-23 00:00:00-05:00,38.62306213378906,38.62306213378906,37.07400894165039,37.22891616821289,70708,0.0,0.0
2011-02-24 00:00:00-05:00,37.418243408203125,37.86574935913086,36.746986389160156,37.469879150390625,85349,0.0,0.0
2011-02-25 00:00:00-05:00,37.469879150390625,38.089500427246094,37.469879150390625,37.96902084350586,76692,0.0,0.0
2011-02-28 00:00:00-05:00,38.29603958129883,38.79518127441406,37.951805114746094,38.175559997558594,98363,0.0,0.0
2011-03-01 00:00:00-05:00,38.244407653808594,38.41652297973633,37.76247787475586,38.003440856933594,205267,0.0,0.0
2011-03-02 00:00:00-05:00,37.88296127319336,38.261619567871094,37.65920639038086,37.96902084350586,55660,0.0,0.0
2011-03-03 00:00:00-05:00,37.951805114746094,39.2082633972168,37.951805114746094,39.0705680847168,76983,0.0,0.0
2011-03-04 00:00:00-05:00,38.45094680786133,38.70912170410156,37.34939956665039,37.84853744506836,76750,0.0,0.0
2011-03-07 00:00:00-05:00,37.98623275756836,37.98623275756836,36.746986389160156,37.09122085571289,72276,0.0,0.0
2011-03-08 00:00:00-05:00,37.12564468383789,38.089500427246094,36.55765914916992,37.504302978515625,39740,0.0,0.0
2011-03-09 00:00:00-05:00,37.504302978515625,37.71084213256836,37.09122085571289,37.504302978515625,40031,0.0,0.0
2011-03-10 00:00:00-05:00,37.005165100097656,37.005165100097656,35.81755447387695,36.07572937011719,98828,0.0,0.0
2011-03-11 00:00:00-05:00,35.80034255981445,36.19621276855469,35.180721282958984,35.78313446044922,63213,0.0,0.0
2011-03-14 00:00:00-04:00,35.12908935546875,36.00688552856445,34.802066802978516,35.83476638793945,94354,0.0,0.0
2011-03-15 00:00:00-04:00,34.38898468017578,36.07572937011719,34.28571319580078,35.66265106201172,85698,0.0,0.0
2011-03-16 00:00:00-04:00,35.421688079833984,35.80034255981445,34.681583404541016,35.146297454833984,76692,0.0,0.0
2011-03-17 00:00:00-04:00,35.76592254638672,36.02409744262695,35.404476165771484,35.55937957763672,48397,0.0,0.0
2011-03-18 00:00:00-04:00,35.95524978637695,36.919105529785156,35.83476638793945,36.60929489135742,97550,0.0,0.0
2011-03-21 00:00:00-04:00,37.21170425415039,37.69363021850586,36.970741271972656,37.366607666015625,61993,0.0,0.0
2011-03-22 00:00:00-04:00,37.366607666015625,37.521514892578125,37.12564468383789,37.34939956665039,37358,0.0,0.0
2011-03-23 00:00:00-04:00,37.19449234008789,37.34939956665039,36.54044723510742,36.919105529785156,49153,0.0,0.0
2011-03-24 00:00:00-04:00,37.21170425415039,37.65920639038086,36.69535446166992,37.573150634765625,108008,0.0,0.0
2011-03-25 00:00:00-04:00,37.74526596069336,39.0877799987793,37.69363021850586,38.9845085144043,99642,0.0,0.0
2011-03-28 00:00:00-04:00,39.2082633972168,39.29431915283203,38.86402893066406,39.0017204284668,71173,0.0,0.0
2011-03-29 00:00:00-04:00,38.9672966003418,39.27710723876953,38.74354553222656,39.2082633972168,58042,0.0,0.0
2011-03-30 00:00:00-04:00,39.31153106689453,39.55249786376953,39.24268341064453,39.41480255126953,63329,0.0,0.0
2011-03-31 00:00:00-04:00,39.2082633972168,39.655765533447266,39.2082633972168,39.50086212158203,53336,0.0,0.0
2011-04-01 00:00:00-04:00,39.9139404296875,40.44750213623047,39.9139404296875,40.378658294677734,48223,0.0,0.0
2011-04-04 00:00:00-04:00,39.569705963134766,40.172115325927734,39.36316680908203,39.707401275634766,76343,0.0,0.0
2011-04-05 00:00:00-04:00,39.707401275634766,40.309810638427734,39.29431915283203,39.9827880859375,45318,0.0,0.0
2011-04-06 00:00:00-04:00,40.172115325927734,40.378658294677734,39.1394157409668,39.604129791259766,43866,0.0,0.0
2011-04-07 00:00:00-04:00,39.518070220947266,40.034423828125,38.76075744628906,39.24268341064453,60075,0.0,0.0
2011-04-08 00:00:00-04:00,39.535282135009766,39.690189361572266,38.278831481933594,38.55421829223633,39682,0.0,0.0
2011-04-11 00:00:00-04:00,38.58863830566406,38.64027404785156,37.76247787475586,38.089500427246094,46829,0.0,0.0
2011-04-12 00:00:00-04:00,37.76247787475586,37.93459701538086,37.21170425415039,37.34939956665039,44737,0.0,0.0
2011-04-13 00:00:00-04:00,37.590362548828125,37.83132553100586,36.867469787597656,37.401031494140625,33698,0.0,0.0
2011-04-14 00:00:00-04:00,36.987953186035156,37.21170425415039,36.764198303222656,36.901893615722656,44911,0.0,0.0
2011-04-15 00:00:00-04:00,36.746986389160156,37.69363021850586,36.38554382324219,37.624786376953125,67628,0.0,0.0
2011-04-18 00:00:00-04:00,37.12564468383789,37.19449234008789,36.00688552856445,36.64371871948242,37068,0.0,0.0
2011-04-19 00:00:00-04:00,36.764198303222656,36.815834045410156,36.24784851074219,36.64371871948242,45376,0.0,0.0
2011-04-20 00:00:00-04:00,37.31497573852539,37.641998291015625,37.26333999633789,37.487091064453125,25390,0.0,0.0
2011-04-21 00:00:00-04:00,37.79690170288086,38.158348083496094,37.383819580078125,37.96902084350586,45899,0.0,0.0
2011-04-25 00:00:00-04:00,37.88296127319336,38.055076599121094,37.418243408203125,37.951805114746094,38869,0.0,0.0
2011-04-26 00:00:00-04:00,38.106712341308594,38.82960510253906,37.91738510131836,38.38209915161133,41251,0.0,0.0
2011-04-27 00:00:00-04:00,38.38209915161133,38.38209915161133,37.469879150390625,38.003440856933594,47410,0.0,0.0
2011-04-28 00:00:00-04:00,37.86574935913086,37.93459701538086,37.24612808227539,37.65920639038086,27075,0.0,0.0
2011-04-29 00:00:00-04:00,37.641998291015625,37.90017318725586,37.573150634765625,37.607574462890625,34860,0.0,0.0
2011-05-02 00:00:00-04:00,37.84853744506836,37.98623275756836,37.02237319946289,37.02237319946289,65072,0.0,0.0
2011-05-03 00:00:00-04:00,38.72633361816406,38.72633361816406,35.232357025146484,35.88640213012695,136535,0.0,0.0
2011-05-04 00:00:00-04:00,35.93803787231445,36.31669616699219,35.318416595458984,36.12736511230469,100513,0.0,0.0
2011-05-05 00:00:00-04:00,35.97246170043945,36.919105529785156,35.78313446044922,36.14457702636719,86104,0.0,0.0
2011-05-06 00:00:00-04:00,36.729774475097656,36.987953186035156,36.04130935668945,36.16178894042969,69952,0.0,0.0
2011-05-09 00:00:00-04:00,36.19621276855469,36.987953186035156,35.92082595825195,36.884681701660156,46480,0.0,0.0
2011-05-10 00:00:00-04:00,37.005165100097656,38.9672966003418,37.005165100097656,38.60585021972656,115619,0.0,0.0
2011-05-11 00:00:00-04:00,38.55421829223633,38.69190979003906,38.037864685058594,38.141136169433594,100920,0.0,0.0
2011-05-12 00:00:00-04:00,37.79690170288086,38.53700637817383,37.452667236328125,38.29603958129883,51709,0.0,0.0
2011-05-13 00:00:00-04:00,38.29603958129883,38.29603958129883,37.81411361694336,37.96902084350586,79016,0.0,0.0
2011-05-16 00:00:00-04:00,37.72805404663086,37.91738510131836,36.850257873535156,36.884681701660156,44214,0.0,0.0
2011-05-17 00:00:00-04:00,36.60929489135742,36.815834045410156,36.23063659667969,36.55765914916992,75065,0.0,0.0
2011-05-18 00:00:00-04:00,36.71256637573242,37.34939956665039,36.50602340698242,37.28055191040039,48165,0.0,0.0
2011-05-19 00:00:00-04:00,37.555938720703125,37.590362548828125,36.54044723510742,37.29776382446289,46945,0.0,0.0
2011-05-20 00:00:00-04:00,37.09122085571289,37.09122085571289,35.95524978637695,36.48881149291992,71870,0.0,0.0
2011-05-23 00:00:00-04:00,35.66265106201172,35.83476638793945,35.215145111083984,35.80034255981445,64898,0.0,0.0
2011-05-24 00:00:00-04:00,35.85197830200195,36.33390808105469,35.473323822021484,35.93803787231445,75879,0.0,0.0
2011-05-25 00:00:00-04:00,35.74871063232422,36.798622131347656,35.66265106201172,36.62650680541992,75472,0.0,0.0
2011-05-26 00:00:00-04:00,36.50602340698242,37.573150634765625,36.40275573730469,37.33218765258789,66292,0.0,0.0
2011-05-27 00:00:00-04:00,37.538726806640625,37.90017318725586,37.16006851196289,37.86574935913086,80410,0.0,0.0
2011-05-31 00:00:00-04:00,38.261619567871094,38.81239318847656,37.77968978881836,38.77796936035156,103883,0.0,0.0
2011-06-01 00:00:00-04:00,38.58863830566406,39.39759063720703,37.24612808227539,37.33218765258789,125670,0.0,0.0
2011-06-02 00:00:00-04:00,37.469879150390625,38.106712341308594,37.418243408203125,37.76247787475586,42820,0.0,0.0
2011-06-03 00:00:00-04:00,37.21170425415039,37.96902084350586,36.867469787597656,37.67641830444336,68442,0.0,0.0
2011-06-06 00:00:00-04:00,37.65920639038086,38.037864685058594,37.487091064453125,37.67641830444336,82851,0.0,0.0
2011-06-07 00:00:00-04:00,38.003440856933594,38.60585021972656,37.72805404663086,38.227195739746094,69836,0.0,0.0
2011-06-08 00:00:00-04:00,38.175559997558594,39.827884674072266,37.90017318725586,39.31153106689453,184642,0.0,0.0
2011-06-09 00:00:00-04:00,39.638553619384766,41.10154724121094,39.586917877197266,40.481929779052734,151176,0.0,0.0
2011-06-10 00:00:00-04:00,40.378658294677734,41.30809020996094,39.55249786376953,39.827884674072266,206778,0.0,0.0
2011-06-13 00:00:00-04:00,39.8795166015625,40.0860595703125,38.81239318847656,38.89845275878906,128110,0.0,0.0
2011-06-14 00:00:00-04:00,39.25989532470703,39.776248931884766,39.1566276550293,39.690189361572266,180168,0.0,0.0
2011-06-15 00:00:00-04:00,39.2082633972168,39.50086212158203,38.62306213378906,38.84681701660156,98305,0.0,0.0
2011-06-16 00:00:00-04:00,38.9500846862793,39.965576171875,38.77796936035156,39.586917877197266,69430,0.0,0.0
2011-06-17 00:00:00-04:00,39.845096588134766,41.0154914855957,39.604129791259766,39.93115234375,178774,0.0,0.0
2011-06-20 00:00:00-04:00,39.793460845947266,40.309810638427734,39.39759063720703,39.9827880859375,48514,0.0,0.0
2011-06-21 00:00:00-04:00,39.9483642578125,40.9466438293457,39.9483642578125,40.68846893310547,91043,0.0,0.0
2011-06-22 00:00:00-04:00,40.395870208740234,40.8777961730957,40.0516357421875,40.103271484375,63271,0.0,0.0
2011-06-23 00:00:00-04:00,39.586917877197266,40.74010467529297,38.84681701660156,40.68846893310547,54788,0.0,0.0
2011-06-24 00:00:00-04:00,40.8433723449707,40.9810676574707,39.672977447509766,40.206539154052734,121778,0.0,0.0
2011-06-27 00:00:00-04:00,40.1204833984375,40.8777961730957,39.741825103759766,40.55077362060547,50838,0.0,0.0
2011-06-28 00:00:00-04:00,40.70568084716797,42.16867446899414,40.70568084716797,42.16867446899414,82095,0.0,0.0
2011-06-29 00:00:00-04:00,42.27194595336914,43.149742126464844,41.721168518066406,42.616180419921875,69488,0.0,0.0
2011-06-30 00:00:00-04:00,42.80550765991211,43.149742126464844,42.598968505859375,42.68502426147461,114108,0.0,0.0
2011-07-01 00:00:00-04:00,42.83993148803711,43.61445617675781,42.71944808959961,43.51118850708008,95110,0.0,0.0
2011-07-05 00:00:00-04:00,43.51118850708008,44.750431060791016,43.51118850708008,44.47504425048828,116084,0.0,0.0
2011-07-06 00:00:00-04:00,44.33734893798828,44.647159576416016,44.14802169799805,44.49225616455078,50896,0.0,0.0
2011-07-07 00:00:00-04:00,44.853702545166016,45.197933197021484,44.44062042236328,44.784854888916016,100745,0.0,0.0
2011-07-08 00:00:00-04:00,44.11359786987305,45.163509368896484,44.11359786987305,45.07745361328125,71056,0.0,0.0
2011-07-11 00:00:00-04:00,44.47504425048828,44.784854888916016,43.85542297363281,44.19965744018555,104929,0.0,0.0
2011-07-12 00:00:00-04:00,43.78657531738281,44.13080978393555,43.42512893676758,43.61445617675781,71173,0.0,0.0
2011-07-13 00:00:00-04:00,43.87263488769531,44.54389190673828,43.71772766113281,44.04475021362305,124857,0.0,0.0
2011-07-14 00:00:00-04:00,44.11359786987305,44.44062042236328,42.87435531616211,43.184165954589844,40496,0.0,0.0
2011-07-15 00:00:00-04:00,43.42512893676758,43.75215148925781,42.943199157714844,43.51118850708008,50431,0.0,0.0
2011-07-18 00:00:00-04:00,43.35628128051758,43.59724426269531,42.77108383178711,43.45955276489258,74194,0.0,0.0
2011-07-19 00:00:00-04:00,43.99311447143555,45.146297454833984,43.94147872924805,44.99139404296875,71870,0.0,0.0
2011-07-20 00:00:00-04:00,45.11187744140625,45.352840423583984,44.32013702392578,44.526676177978516,42762,0.0,0.0
2011-07-21 00:00:00-04:00,44.716007232666016,45.88640213012695,44.40619659423828,45.00860595703125,94296,0.0,0.0
2011-07-22 00:00:00-04:00,45.07745361328125,45.180721282958984,44.14802169799805,44.681583404541016,26842,0.0,0.0
2011-07-25 00:00:00-04:00,43.99311447143555,44.93975830078125,43.87263488769531,44.733219146728516,58390,0.0,0.0
2011-07-26 00:00:00-04:00,44.836490631103516,44.853702545166016,43.046470642089844,43.54561233520508,106846,0.0,0.0
2011-07-27 00:00:00-04:00,43.184165954589844,43.184165954589844,41.772804260253906,42.375213623046875,179180,0.0,0.0
2011-07-28 00:00:00-04:00,42.30636978149414,42.461273193359375,41.10154724121094,41.42856979370117,141648,0.0,0.0
2011-07-29 00:00:00-04:00,45.04302978515625,47.86574935913086,44.06196212768555,46.59208297729492,311590,0.0,0.0
2011-08-01 00:00:00-04:00,47.29776382446289,48.74354553222656,46.919105529785156,48.141136169433594,205674,0.0,0.0
2011-08-02 00:00:00-04:00,47.72805404663086,49.48365020751953,47.19449234008789,47.22891616821289,153791,0.0,0.0
2011-08-03 00:00:00-04:00,47.19449234008789,47.573150634765625,45.02581787109375,46.901893615722656,108589,0.0,0.0
2011-08-04 00:00:00-04:00,46.26506042480469,46.26506042480469,43.253013610839844,43.30464553833008,177147,0.0,0.0
2011-08-05 00:00:00-04:00,43.97590255737305,43.97590255737305,40.75731658935547,42.68502426147461,141996,0.0,0.0
2011-08-08 00:00:00-04:00,42.66781234741211,44.09638595581055,40.275386810302734,40.44750213623047,328323,0.0,0.0
2011-08-09 00:00:00-04:00,41.721168518066406,43.39070510864258,39.2082633972168,43.33906936645508,371898,0.0,0.0
2011-08-10 00:00:00-04:00,42.495697021484375,43.71772766113281,41.63511276245117,42.478485107421875,225893,0.0,0.0
2011-08-11 00:00:00-04:00,42.70223617553711,44.32013702392578,42.547332763671875,43.78657531738281,217236,0.0,0.0
2011-08-12 00:00:00-04:00,44.30292510986328,44.40619659423828,42.943199157714844,43.71772766113281,103709,0.0,0.0
2011-08-15 00:00:00-04:00,42.92599105834961,43.99311447143555,42.616180419921875,43.184165954589844,162564,0.0,0.0
2011-08-16 00:00:00-04:00,42.598968505859375,43.30464553833008,41.51462936401367,42.03097915649414,311184,0.0,0.0
2011-08-17 00:00:00-04:00,42.25473403930664,42.71944808959961,41.51462936401367,41.910499572753906,89706,0.0,0.0
2011-08-18 00:00:00-04:00,40.413082122802734,40.49913787841797,37.98623275756836,38.244407653808594,168083,0.0,0.0
2011-08-19 00:00:00-04:00,37.21170425415039,38.65748596191406,36.746986389160156,37.26333999633789,146296,0.0,0.0
2011-08-22 00:00:00-04:00,38.36488723754883,38.53700637817383,37.26333999633789,37.607574462890625,90636,0.0,0.0
2011-08-23 00:00:00-04:00,37.79690170288086,40.1376953125,37.69363021850586,39.93115234375,117536,0.0,0.0
2011-08-24 00:00:00-04:00,39.759037017822266,41.63511276245117,39.621341705322266,41.41136169433594,87731,0.0,0.0
2011-08-25 00:00:00-04:00,41.824440002441406,42.13425064086914,39.1222038269043,39.22547149658203,65944,0.0,0.0
2011-08-26 00:00:00-04:00,38.9328727722168,41.25645446777344,38.34767532348633,41.08433532714844,103360,0.0,0.0
2011-08-29 00:00:00-04:00,41.58347702026367,42.392425537109375,41.58347702026367,42.15146255493164,87150,0.0,0.0
2011-08-30 00:00:00-04:00,41.996559143066406,43.37349319458008,41.54905319213867,43.115318298339844,83083,0.0,0.0
2011-08-31 00:00:00-04:00,43.37349319458008,44.04475021362305,42.358001708984375,43.166954040527344,87324,0.0,0.0
2011-09-01 00:00:00-04:00,43.30464553833008,44.56110382080078,42.633392333984375,42.77108383178711,113585,0.0,0.0
2011-09-02 00:00:00-04:00,41.910499572753906,42.375213623046875,40.0172119140625,40.258174896240234,75240,0.0,0.0
2011-09-06 00:00:00-04:00,39.0533561706543,40.154903411865234,38.72633361816406,39.41480255126953,184816,0.0,0.0
2011-09-07 00:00:00-04:00,40.154903411865234,42.25473403930664,39.93115234375,41.68674850463867,291778,0.0,0.0
2011-09-08 00:00:00-04:00,41.34251403808594,41.772804260253906,39.8795166015625,40.344234466552734,90578,0.0,0.0
2011-09-09 00:00:00-04:00,39.8623046875,40.481929779052734,39.32874298095703,39.655765533447266,131655,0.0,0.0
2011-09-12 00:00:00-04:00,38.209983825683594,38.244407653808594,34.612735748291016,36.24784851074219,1296502,0.0,0.0
2011-09-13 00:00:00-04:00,36.798622131347656,37.88296127319336,36.12736511230469,37.71084213256836,534869,0.0,0.0
2011-09-14 00:00:00-04:00,38.209983825683594,38.278831481933594,36.09294128417969,37.34939956665039,416461,0.0,0.0
2011-09-15 00:00:00-04:00,37.34939956665039,38.106712341308594,36.62650680541992,38.089500427246094,213459,0.0,0.0
2011-09-16 00:00:00-04:00,39.0189323425293,40.464717864990234,38.38209915161133,40.361446380615234,569090,0.0,0.0
2011-09-19 00:00:00-04:00,39.724613189697266,41.858863830566406,38.88124084472656,41.70396041870117,484147,0.0,0.0
2011-09-20 00:00:00-04:00,41.65232467651367,42.13425064086914,40.63683319091797,41.10154724121094,475142,0.0,0.0
2011-09-21 00:00:00-04:00,41.15318298339844,41.34251403808594,40.68846893310547,40.8089485168457,361905,0.0,0.0
2011-09-22 00:00:00-04:00,38.089500427246094,40.240962982177734,37.71084213256836,38.38209915161133,602671,0.0,0.0
2011-09-23 00:00:00-04:00,38.261619567871094,38.51979446411133,37.056800842285156,37.67641830444336,306013,0.0,0.0
2011-09-26 00:00:00-04:00,37.67641830444336,38.209983825683594,36.815834045410156,37.86574935913086,342674,0.0,0.0
2011-09-27 00:00:00-04:00,38.70912170410156,39.690189361572266,34.93975830078125,37.67641830444336,1421823,0.0,0.0
2011-09-28 00:00:00-04:00,37.69363021850586,38.38209915161133,35.301204681396484,36.14457702636719,1795290,0.0,0.0
2011-09-29 00:00:00-04:00,36.67814254760742,37.65920639038086,36.16178894042969,37.401031494140625,573912,0.0,0.0
2011-09-30 00:00:00-04:00,37.26333999633789,37.26333999633789,34.595523834228516,34.87091064453125,668441,0.0,0.0
2011-10-03 00:00:00-04:00,34.26850128173828,34.595523834228516,32.09982681274414,32.82271957397461,643574,0.0,0.0
2011-10-04 00:00:00-04:00,32.512908935546875,34.38898468017578,30.808950424194336,34.23407745361328,755300,0.0,0.0
2011-10-05 00:00:00-04:00,34.23407745361328,35.61101531982422,33.56282424926758,35.335628509521484,389619,0.0,0.0
2011-10-06 00:00:00-04:00,35.283992767333984,37.521514892578125,34.93975830078125,37.487091064453125,410535,0.0,0.0
2011-10-07 00:00:00-04:00,37.487091064453125,37.77968978881836,36.66093063354492,36.746986389160156,463754,0.0,0.0
2011-10-10 00:00:00-04:00,37.521514892578125,38.089500427246094,37.24612808227539,38.037864685058594,230250,0.0,0.0
2011-10-11 00:00:00-04:00,37.607574462890625,37.84853744506836,36.38554382324219,37.67641830444336,490073,0.0,0.0
2011-10-12 00:00:00-04:00,38.020652770996094,38.055076599121094,36.953529357910156,37.14285659790039,184700,0.0,0.0
2011-10-13 00:00:00-04:00,36.987953186035156,37.12564468383789,35.92082595825195,36.60929489135742,185281,0.0,0.0
2011-10-14 00:00:00-04:00,36.884681701660156,37.383819580078125,36.05852127075195,37.17728042602539,189348,0.0,0.0
2011-10-17 00:00:00-04:00,36.764198303222656,36.764198303222656,35.52495574951172,35.81755447387695,186850,0.0,0.0
2011-10-18 00:00:00-04:00,35.76592254638672,36.41996765136719,35.197933197021484,36.21342468261719,239256,0.0,0.0
2011-10-19 00:00:00-04:00,36.09294128417969,36.09294128417969,35.146297454833984,35.421688079833984,219269,0.0,0.0
2011-10-20 00:00:00-04:00,34.750431060791016,35.11187744140625,33.75215148925781,34.647159576416016,354817,0.0,0.0
2011-10-21 00:00:00-04:00,35.490535736083984,36.12736511230469,34.38898468017578,34.733219146728516,268713,0.0,0.0
2011-10-24 00:00:00-04:00,34.99139404296875,35.88640213012695,34.629947662353516,35.80034255981445,249772,0.0,0.0
2011-10-25 00:00:00-04:00,35.67986297607422,35.67986297607422,34.664371490478516,35.146297454833984,208405,0.0,0.0
2011-10-26 00:00:00-04:00,35.83476638793945,36.62650680541992,34.836490631103516,36.35111999511719,377650,0.0,0.0
2011-10-27 00:00:00-04:00,38.278831481933594,41.30809020996094,38.055076599121094,40.8433723449707,1194536,0.0,0.0
2011-10-28 00:00:00-04:00,40.8261604309082,44.578311920166016,40.53356170654297,44.07917404174805,628700,0.0,0.0
2011-10-31 00:00:00-04:00,43.80378723144531,44.90533447265625,43.37349319458008,43.47676467895508,477640,0.0,0.0
2011-11-01 00:00:00-04:00,41.10154724121094,42.80550765991211,40.44750213623047,42.27194595336914,325360,0.0,0.0
2011-11-02 00:00:00-04:00,42.581756591796875,43.201377868652344,42.01376724243164,42.633392333984375,298460,0.0,0.0
2011-11-03 00:00:00-04:00,43.87263488769531,47.951805114746094,43.52840042114258,47.71084213256836,682036,0.0,0.0
2011-11-04 00:00:00-04:00,47.16006851196289,47.86574935913086,46.26506042480469,47.401031494140625,261334,0.0,0.0
2011-11-07 00:00:00-05:00,46.47159957885742,48.36488723754883,45.83476638793945,47.98623275756836,321932,0.0,0.0
2011-11-08 00:00:00-05:00,48.36488723754883,49.50086212158203,47.12564468383789,48.81239318847656,222581,0.0,0.0
2011-11-09 00:00:00-05:00,46.71256637573242,47.90017318725586,46.28227233886719,46.867469787597656,273361,0.0,0.0
2011-11-10 00:00:00-05:00,48.45094680786133,48.45094680786133,46.21342468261719,46.47159957885742,226590,0.0,0.0
2011-11-11 00:00:00-05:00,47.12564468383789,48.36488723754883,46.764198303222656,48.34767532348633,162331,0.0,0.0
2011-11-14 00:00:00-05:00,48.192771911621094,48.192771911621094,46.36832809448242,47.03958511352539,186850,0.0,0.0
2011-11-15 00:00:00-05:00,47.72805404663086,52.444061279296875,47.418243408203125,51.65232467651367,1131207,0.0,0.0
2011-11-16 00:00:00-05:00,50.77452850341797,56.26506042480469,50.49913787841797,53.080894470214844,895321,0.0,0.0
2011-11-17 00:00:00-05:00,52.495697021484375,53.149742126464844,50.103271484375,50.8777961730957,388050,0.0,0.0
2011-11-18 00:00:00-05:00,51.13597106933594,51.13597106933594,48.86402893066406,49.24268341064453,245647,0.0,0.0
2011-11-21 00:00:00-05:00,47.98623275756836,49.29431915283203,47.72805404663086,48.89845275878906,276730,0.0,0.0
2011-11-22 00:00:00-05:00,48.261619567871094,51.42856979370117,47.29776382446289,50.481929779052734,236002,0.0,0.0
2011-11-23 00:00:00-05:00,50.172115325927734,50.172115325927734,48.037864685058594,48.34767532348633,272315,0.0,0.0
2011-11-25 00:00:00-05:00,47.90017318725586,48.53700637817383,47.607574462890625,47.86574935913086,114747,0.0,0.0
2011-11-28 00:00:00-05:00,49.810672760009766,50.9982795715332,48.89845275878906,49.690189361572266,205325,0.0,0.0
2011-11-29 00:00:00-05:00,49.8623046875,50.0516357421875,47.86574935913086,48.123924255371094,369167,0.0,0.0
2011-11-30 00:00:00-05:00,50.8433723449707,50.8433723449707,49.0533561706543,50.44750213623047,391071,0.0,0.0
2011-12-01 00:00:00-05:00,50.8950080871582,51.29087829589844,49.759037017822266,50.68846893310547,297472,0.0,0.0
2011-12-02 00:00:00-05:00,52.994834899902344,53.35628128051758,50.9294319152832,52.30636978149414,314902,0.0,0.0
2011-12-05 00:00:00-05:00,54.01032638549805,54.13080978393555,53.029258728027344,53.52840042114258,302527,0.0,0.0
2011-12-06 00:00:00-05:00,53.45955276489258,54.90533447265625,52.77108383178711,54.47504425048828,268887,0.0,0.0
2011-12-07 00:00:00-05:00,54.30292510986328,55.07745361328125,53.35628128051758,54.733219146728516,353945,0.0,0.0
2011-12-08 00:00:00-05:00,54.02753829956055,54.44062042236328,53.30464553833008,53.78657531738281,276847,0.0,0.0
2011-12-09 00:00:00-05:00,53.87263488769531,54.612735748291016,53.115318298339844,53.59724426269531,377301,0.0,0.0
2011-12-12 00:00:00-05:00,52.598968505859375,53.76936340332031,51.51462936401367,52.66781234741211,174010,0.0,0.0
2011-12-13 00:00:00-05:00,52.994834899902344,53.28743362426758,51.20481872558594,51.772804260253906,246925,0.0,0.0
2011-12-14 00:00:00-05:00,51.39414978027344,51.51462936401367,48.89845275878906,49.1222038269043,225428,0.0,0.0
2011-12-15 00:00:00-05:00,51.42856979370117,53.184165954589844,49.1910514831543,49.43201446533203,311126,0.0,0.0
2011-12-16 00:00:00-05:00,52.01376724243164,52.01376724243164,49.9139404296875,50.223751068115234,525456,0.0,0.0
2011-12-19 00:00:00-05:00,50.72289276123047,51.790016174316406,50.65404510498047,51.48020553588867,302294,0.0,0.0
2011-12-20 00:00:00-05:00,49.9139404296875,52.358001708984375,49.9139404296875,51.772804260253906,195507,0.0,0.0
2011-12-21 00:00:00-05:00,51.25645446777344,52.20309829711914,49.46643829345703,50.60240936279297,213401,0.0,0.0
2011-12-22 00:00:00-05:00,50.68846893310547,50.9810676574707,49.896728515625,50.189327239990234,162215,0.0,0.0
2011-12-23 00:00:00-05:00,50.395870208740234,50.9982795715332,49.707401275634766,50.8433723449707,158381,0.0,0.0
2011-12-27 00:00:00-05:00,50.44750213623047,50.9466438293457,49.8795166015625,49.896728515625,122649,0.0,0.0
2011-12-28 00:00:00-05:00,49.896728515625,50.0172119140625,47.81411361694336,48.175559997558594,211310,0.0,0.0
2011-12-29 00:00:00-05:00,48.209983825683594,48.82960510253906,47.88296127319336,48.192771911621094,167502,0.0,0.0
2011-12-30 00:00:00-05:00,48.020652770996094,49.604129791259766,48.020652770996094,49.0189323425293,122591,0.0,0.0
2012-01-03 00:00:00-05:00,49.724613189697266,50.378658294677734,48.43373489379883,48.62306213378906,306652,0.0,0.0
2012-01-04 00:00:00-05:00,48.261619567871094,48.88124084472656,47.521514892578125,48.81239318847656,574377,0.0,0.0
2012-01-05 00:00:00-05:00,48.53700637817383,49.827884674072266,48.175559997558594,49.38037872314453,513778,0.0,0.0
2012-01-06 00:00:00-05:00,49.586917877197266,51.46299362182617,49.0533561706543,50.8777961730957,641075,0.0,0.0
2012-01-09 00:00:00-05:00,51.17039489746094,52.73666000366211,50.75731658935547,52.409637451171875,676633,0.0,0.0
2012-01-10 00:00:00-05:00,52.92599105834961,55.50774383544922,52.444061279296875,55.50774383544922,1500665,0.0,0.0
2012-01-11 00:00:00-05:00,55.404476165771484,55.93803787231445,54.698795318603516,54.95697021484375,593492,0.0,0.0
2012-01-12 00:00:00-05:00,54.99139404296875,57.12564468383789,53.42512893676758,56.62650680541992,2403248,0.0,0.0
2012-01-13 00:00:00-05:00,56.09294128417969,58.089500427246094,55.73149871826172,56.31669616699219,669428,0.0,0.0
2012-01-17 00:00:00-05:00,57.005165100097656,57.005165100097656,55.146297454833984,56.05852127075195,517555,0.0,0.0
2012-01-18 00:00:00-05:00,56.43717575073242,57.504302978515625,55.83476638793945,57.33218765258789,327626,0.0,0.0
2012-01-19 00:00:00-05:00,58.244407653808594,58.72633361816406,55.55937957763672,56.26506042480469,694121,0.0,0.0
2012-01-20 00:00:00-05:00,56.40275573730469,56.66093063354492,55.215145111083984,55.83476638793945,321467,0.0,0.0
2012-01-23 00:00:00-05:00,56.62650680541992,58.192771911621094,55.95524978637695,56.40275573730469,319841,0.0,0.0
2012-01-24 00:00:00-05:00,55.93803787231445,56.05852127075195,54.01032638549805,54.95697021484375,604182,0.0,0.0
2012-01-25 00:00:00-05:00,54.784854888916016,55.04302978515625,51.41136169433594,53.99311447143555,1171006,0.0,0.0
2012-01-26 00:00:00-05:00,54.733219146728516,54.733219146728516,52.994834899902344,53.45955276489258,476420,0.0,0.0
2012-01-27 00:00:00-05:00,53.92427062988281,55.98967361450195,52.358001708984375,55.490535736083984,800269,0.0,0.0
2012-01-30 00:00:00-05:00,54.95697021484375,55.00860595703125,51.807228088378906,53.012046813964844,1322007,0.0,0.0
2012-01-31 00:00:00-05:00,53.201377868652344,54.40619659423828,51.08433532714844,52.25473403930664,1311666,0.0,0.0
2012-02-01 00:00:00-05:00,52.426849365234375,54.32013702392578,52.22031021118164,53.218589782714844,1641325,0.0,0.0
2012-02-02 00:00:00-05:00,53.51118850708008,54.629947662353516,53.40791702270508,54.49225616455078,566940,0.0,0.0
2012-02-03 00:00:00-05:00,55.249568939208984,57.573150634765625,54.95697021484375,57.24612808227539,1127779,0.0,0.0
2012-02-06 00:00:00-05:00,58.43373489379883,58.64027404785156,56.64371871948242,57.624786376953125,1212140,0.0,0.0
2012-02-07 00:00:00-05:00,51.790016174316406,57.22891616821289,51.63511276245117,56.11015319824219,1882730,0.0,0.0
2012-02-08 00:00:00-05:00,57.28055191040039,58.70912170410156,55.11187744140625,56.50602340698242,756694,0.0,0.0
2012-02-09 00:00:00-05:00,56.40275573730469,59.2082633972168,55.78313446044922,58.79518127441406,752860,0.0,0.0
2012-02-10 00:00:00-05:00,57.951805114746094,59.0017204284668,57.33218765258789,57.77968978881836,358245,0.0,0.0
2012-02-13 00:00:00-05:00,58.278831481933594,60.67125701904297,57.79690170288086,59.965576171875,895495,0.0,0.0
2012-02-14 00:00:00-05:00,59.707401275634766,60.464717864990234,58.62306213378906,59.793460845947266,430753,0.0,0.0
2012-02-15 00:00:00-05:00,60.154903411865234,61.32530212402344,59.655765533447266,60.44750213623047,795157,0.0,0.0
2012-02-16 00:00:00-05:00,60.60240936279297,62.32358169555664,60.53356170654297,62.22031021118164,470552,0.0,0.0
2012-02-17 00:00:00-05:00,62.27194595336914,62.530120849609375,60.75731658935547,61.41136169433594,234956,0.0,0.0
2012-02-21 00:00:00-05:00,61.41136169433594,62.530120849609375,61.41136169433594,62.01376724243164,287130,0.0,0.0
2012-02-22 00:00:00-05:00,61.755592346191406,64.78485107421875,61.0327033996582,61.32530212402344,208811,0.0,0.0
2012-02-23 00:00:00-05:00,61.35972595214844,61.807228088378906,61.0154914855957,61.27366638183594,207417,0.0,0.0
2012-02-24 00:00:00-05:00,61.08433532714844,61.25645446777344,60.103271484375,60.154903411865234,231645,0.0,0.0
2012-02-27 00:00:00-05:00,59.621341705322266,60.74010467529297,59.1049919128418,60.481929779052734,283354,0.0,0.0
2012-02-28 00:00:00-05:00,58.227195739746094,59.41480255126953,56.884681701660156,59.41480255126953,828216,0.0,0.0
2012-02-29 00:00:00-05:00,59.965576171875,60.378658294677734,58.244407653808594,58.55421829223633,3909491,0.0,0.0
2012-03-01 00:00:00-05:00,58.57143020629883,59.43201446533203,58.175559997558594,58.38209915161133,668731,0.0,0.0
2012-03-02 00:00:00-05:00,58.261619567871094,58.41652297973633,57.67641830444336,57.83132553100586,749316,0.0,0.0
2012-03-05 00:00:00-05:00,57.65920639038086,58.089500427246094,57.14285659790039,57.469879150390625,394209,0.0,0.0
2012-03-06 00:00:00-05:00,56.884681701660156,56.884681701660156,55.83476638793945,56.09294128417969,835885,0.0,0.0
2012-03-07 00:00:00-05:00,55.93803787231445,57.69363021850586,55.62822723388672,57.573150634765625,730549,0.0,0.0
2012-03-08 00:00:00-05:00,57.83132553100586,59.604129791259766,57.81411361694336,58.9845085144043,825601,0.0,0.0
2012-03-09 00:00:00-05:00,58.84681701660156,60.464717864990234,58.64027404785156,59.896728515625,520634,0.0,0.0
2012-03-12 00:00:00-04:00,59.9139404296875,60.65404510498047,58.86402893066406,59.50086212158203,321584,0.0,0.0
2012-03-13 00:00:00-04:00,60.0516357421875,60.9982795715332,59.707401275634766,60.9982795715332,274000,0.0,0.0
2012-03-14 00:00:00-04:00,60.55077362060547,61.29087829589844,59.690189361572266,60.53356170654297,356095,0.0,0.0
2012-03-15 00:00:00-04:00,60.55077362060547,61.23924255371094,60.154903411865234,60.8950080871582,173370,0.0,0.0
2012-03-16 00:00:00-04:00,60.9466438293457,61.41136169433594,60.8089485168457,60.9982795715332,390955,0.0,0.0
2012-03-19 00:00:00-04:00,61.08433532714844,61.53184127807617,60.206539154052734,60.51634979248047,323327,0.0,0.0
2012-03-20 00:00:00-04:00,59.965576171875,60.06884765625,58.51979446411133,59.845096588134766,314263,0.0,0.0
2012-03-21 00:00:00-04:00,60.206539154052734,60.240962982177734,58.39931106567383,58.41652297973633,302236,0.0,0.0
2012-03-22 00:00:00-04:00,57.71084213256836,57.71084213256836,56.38554382324219,57.33218765258789,573563,0.0,0.0
2012-03-23 00:00:00-04:00,57.31497573852539,57.91738510131836,56.953529357910156,57.72805404663086,324198,0.0,0.0
2012-03-26 00:00:00-04:00,58.31325149536133,60.67125701904297,58.31325149536133,60.65404510498047,473399,0.0,0.0
2012-03-27 00:00:00-04:00,60.9466438293457,61.944923400878906,60.258174896240234,61.53184127807617,685929,0.0,0.0
2012-03-28 00:00:00-04:00,61.944923400878906,62.25473403930664,60.103271484375,60.75731658935547,445395,0.0,0.0
2012-03-29 00:00:00-04:00,60.189327239990234,60.55077362060547,59.724613189697266,60.223751068115234,401355,0.0,0.0
2012-03-30 00:00:00-04:00,60.65404510498047,61.08433532714844,59.9827880859375,60.65404510498047,666058,0.0,0.0
2012-04-02 00:00:00-04:00,60.275386810302734,61.20481872558594,60.06884765625,61.0154914855957,349936,0.0,0.0
2012-04-03 00:00:00-04:00,60.8433723449707,60.9810676574707,59.690189361572266,60.1204833984375,263832,0.0,0.0
2012-04-04 00:00:00-04:00,59.29431915283203,59.621341705322266,57.504302978515625,58.106712341308594,429127,0.0,0.0
2012-04-05 00:00:00-04:00,57.69363021850586,57.88296127319336,56.746986389160156,57.03958511352539,362602,0.0,0.0
2012-04-09 00:00:00-04:00,56.29948425292969,56.29948425292969,54.97418212890625,55.71428680419922,305490,0.0,0.0
2012-04-10 00:00:00-04:00,55.55937957763672,55.76592254638672,53.201377868652344,53.59724426269531,739962,0.0,0.0
2012-04-11 00:00:00-04:00,54.23407745361328,54.578311920166016,53.71772766113281,54.35456085205078,293115,0.0,0.0
2012-04-12 00:00:00-04:00,54.30292510986328,55.69707489013672,54.09638595581055,55.490535736083984,364752,0.0,0.0
2012-04-13 00:00:00-04:00,55.266780853271484,55.67986297607422,54.578311920166016,55.11187744140625,279461,0.0,0.0
2012-04-16 00:00:00-04:00,55.50774383544922,55.88640213012695,54.32013702392578,55.06024169921875,226241,0.0,0.0
2012-04-17 00:00:00-04:00,55.61101531982422,56.02409744262695,55.11187744140625,55.473323822021484,187837,0.0,0.0
2012-04-18 00:00:00-04:00,55.09466552734375,56.04130935668945,54.819278717041016,55.64543914794922,184468,0.0,0.0
2012-04-19 00:00:00-04:00,55.54216766357422,56.11015319824219,54.54389190673828,54.612735748291016,319899,0.0,0.0
2012-04-20 00:00:00-04:00,55.249568939208984,55.69707489013672,54.819278717041016,55.04302978515625,181388,0.0,0.0
2012-04-23 00:00:00-04:00,54.04475021362305,55.50774383544922,52.80550765991211,55.352840423583984,445685,0.0,0.0
2012-04-24 00:00:00-04:00,55.249568939208984,58.089500427246094,55.12908935546875,57.84853744506836,606448,0.0,0.0
2012-04-25 00:00:00-04:00,58.53700637817383,59.1910514831543,57.93459701538086,58.69190979003906,258894,0.0,0.0
2012-04-26 00:00:00-04:00,58.43373489379883,58.91566467285156,57.69363021850586,58.79518127441406,200096,0.0,0.0
2012-04-27 00:00:00-04:00,59.0189323425293,60.292598724365234,58.58863830566406,60.258174896240234,288989,0.0,0.0
2012-04-30 00:00:00-04:00,60.034423828125,60.06884765625,57.72805404663086,58.33046340942383,284748,0.0,0.0
2012-05-01 00:00:00-04:00,58.33046340942383,58.9845085144043,57.17728042602539,57.19449234008789,308627,0.0,0.0
2012-05-02 00:00:00-04:00,56.66093063354492,58.62306213378906,56.40275573730469,58.45094680786133,216887,0.0,0.0
2012-05-03 00:00:00-04:00,58.244407653808594,58.72633361816406,57.21170425415039,57.77968978881836,275975,0.0,0.0
2012-05-04 00:00:00-04:00,57.366607666015625,57.418243408203125,56.07572937011719,56.19621276855469,316355,0.0,0.0
2012-05-07 00:00:00-04:00,55.86919021606445,56.901893615722656,55.43889617919922,56.67814254760742,267260,0.0,0.0
2012-05-08 00:00:00-04:00,55.54216766357422,57.056800842285156,53.029258728027344,54.33734893798828,1064624,0.0,0.0
2012-05-09 00:00:00-04:00,53.32185745239258,54.19965744018555,52.77108383178711,53.44234085083008,524353,0.0,0.0
2012-05-10 00:00:00-04:00,53.95869064331055,54.56110382080078,53.49397659301758,54.21686553955078,542712,0.0,0.0
2012-05-11 00:00:00-04:00,53.78657531738281,54.647159576416016,53.64888000488281,54.13080978393555,296659,0.0,0.0
2012-05-14 00:00:00-04:00,53.44234085083008,53.44234085083008,49.965576171875,50.172115325927734,1098497,0.0,0.0
2012-05-15 00:00:00-04:00,50.06884765625,50.06884765625,48.38209915161133,48.51979446411133,723461,0.0,0.0
2012-05-16 00:00:00-04:00,48.84681701660156,49.93115234375,48.55421829223633,49.776248931884766,667976,0.0,0.0
2012-05-17 00:00:00-04:00,50.034423828125,50.75731658935547,47.69363021850586,47.79690170288086,650313,0.0,0.0
2012-05-18 00:00:00-04:00,47.77968978881836,48.39931106567383,46.05852127075195,46.29948425292969,678085,0.0,0.0
2012-05-21 00:00:00-04:00,46.60929489135742,48.84681701660156,46.33390808105469,48.50258255004883,292127,0.0,0.0
2012-05-22 00:00:00-04:00,48.45094680786133,49.25989532470703,47.76247787475586,48.9500846862793,331344,0.0,0.0
2012-05-23 00:00:00-04:00,48.41652297973633,49.845096588134766,46.936317443847656,49.638553619384766,420644,0.0,0.0
2012-05-24 00:00:00-04:00,49.655765533447266,50.154903411865234,48.51979446411133,50.1376953125,386016,0.0,0.0
2012-05-25 00:00:00-04:00,50.344234466552734,50.344234466552734,49.55249786376953,49.759037017822266,173022,0.0,0.0
2012-05-29 00:00:00-04:00,50.0172119140625,51.60068893432617,49.9139404296875,50.8089485168457,287072,0.0,0.0
2012-05-30 00:00:00-04:00,50.172115325927734,51.22203063964844,49.586917877197266,51.15318298339844,506225,0.0,0.0
2012-05-31 00:00:00-04:00,51.15318298339844,51.20481872558594,48.53700637817383,48.76075744628906,436099,0.0,0.0
2012-06-01 00:00:00-04:00,47.74526596069336,47.81411361694336,46.31669616699219,46.59208297729492,1101286,0.0,0.0
2012-06-04 00:00:00-04:00,46.62650680541992,46.798622131347656,45.54216766357422,46.48881149291992,697258,0.0,0.0
2012-06-05 00:00:00-04:00,46.16178894042969,48.003440856933594,46.05852127075195,47.90017318725586,356211,0.0,0.0
2012-06-06 00:00:00-04:00,48.261619567871094,49.535282135009766,48.209983825683594,49.535282135009766,310254,0.0,0.0
2012-06-07 00:00:00-04:00,50.327022552490234,50.9466438293457,49.9139404296875,50.06884765625,365681,0.0,0.0
2012-06-08 00:00:00-04:00,49.9483642578125,51.27366638183594,49.569705963134766,51.13597106933594,293173,0.0,0.0
2012-06-11 00:00:00-04:00,51.790016174316406,51.876075744628906,49.896728515625,49.9483642578125,382589,0.0,0.0
2012-06-12 00:00:00-04:00,50.0516357421875,50.65404510498047,49.759037017822266,50.378658294677734,599534,0.0,0.0
2012-06-13 00:00:00-04:00,50.172115325927734,51.962135314941406,49.810672760009766,51.27366638183594,1207202,0.0,0.0
2012-06-14 00:00:00-04:00,51.17039489746094,51.893287658691406,50.9466438293457,51.63511276245117,364345,0.0,0.0
2012-06-15 00:00:00-04:00,51.910499572753906,52.28915786743164,51.42856979370117,51.841651916503906,258777,0.0,0.0
2012-06-18 00:00:00-04:00,51.61790084838867,51.841651916503906,50.8950080871582,51.39414978027344,472585,0.0,0.0
2012-06-19 00:00:00-04:00,51.70396041870117,52.20309829711914,51.34251403808594,51.66953659057617,397927,0.0,0.0
2012-06-20 00:00:00-04:00,51.65232467651367,52.15146255493164,51.29087829589844,51.53184127807617,274290,0.0,0.0
2012-06-21 00:00:00-04:00,51.54905319213867,51.54905319213867,49.1222038269043,49.32874298095703,506400,0.0,0.0
2012-06-22 00:00:00-04:00,49.707401275634766,49.707401275634766,47.469879150390625,49.604129791259766,3684934,0.0,0.0
2012-06-25 00:00:00-04:00,48.79518127441406,48.9328727722168,48.037864685058594,48.34767532348633,552531,0.0,0.0
2012-06-26 00:00:00-04:00,48.31325149536133,48.57143020629883,47.16006851196289,47.21170425415039,394848,0.0,0.0
2012-06-27 00:00:00-04:00,47.02237319946289,47.91738510131836,46.55765914916992,46.781410217285156,349936,0.0,0.0
2012-06-28 00:00:00-04:00,46.29948425292969,46.35111999511719,44.767642974853516,45.59380340576172,592155,0.0,0.0
2012-06-29 00:00:00-04:00,46.781410217285156,47.65920639038086,46.35111999511719,47.452667236328125,432496,0.0,0.0
2012-07-02 00:00:00-04:00,47.418243408203125,48.037864685058594,46.62650680541992,47.96902084350586,377592,0.0,0.0
2012-07-03 00:00:00-04:00,47.72805404663086,48.39931106567383,47.33218765258789,48.209983825683594,147400,0.0,0.0
2012-07-05 00:00:00-04:00,48.037864685058594,48.58863830566406,47.76247787475586,48.34767532348633,370504,0.0,0.0
2012-07-06 00:00:00-04:00,47.521514892578125,47.91738510131836,46.884681701660156,47.14285659790039,506109,0.0,0.0
2012-07-09 00:00:00-04:00,46.48881149291992,46.66093063354492,44.49225616455078,44.578311920166016,1123828,0.0,0.0
2012-07-10 00:00:00-04:00,44.853702545166016,45.04302978515625,43.029258728027344,43.37349319458008,818106,0.0,0.0
2012-07-11 00:00:00-04:00,43.33906936645508,43.37349319458008,42.25473403930664,42.68502426147461,731770,0.0,0.0
2012-07-12 00:00:00-04:00,42.06540298461914,44.37177276611328,42.048194885253906,43.90705871582031,1455579,0.0,0.0
2012-07-13 00:00:00-04:00,44.18244552612305,47.24612808227539,44.07917404174805,46.36832809448242,1064276,0.0,0.0
2012-07-16 00:00:00-04:00,45.98967361450195,46.901893615722656,45.12908935546875,46.69535446166992,862030,0.0,0.0
2012-07-17 00:00:00-04:00,46.71256637573242,47.14285659790039,46.19621276855469,46.970741271972656,522435,0.0,0.0
2012-07-18 00:00:00-04:00,46.901893615722656,48.48537063598633,46.60929489135742,48.209983825683594,405945,0.0,0.0
2012-07-19 00:00:00-04:00,48.31325149536133,48.70912170410156,47.72805404663086,47.86574935913086,280565,0.0,0.0
2012-07-20 00:00:00-04:00,47.17728042602539,48.089500427246094,46.936317443847656,47.76247787475586,206952,0.0,0.0
2012-07-23 00:00:00-04:00,46.729774475097656,47.452667236328125,46.21342468261719,47.14285659790039,262438,0.0,0.0
2012-07-24 00:00:00-04:00,47.26333999633789,47.641998291015625,46.24784851074219,46.781410217285156,275104,0.0,0.0
2012-07-25 00:00:00-04:00,47.16006851196289,47.538726806640625,46.33390808105469,46.59208297729492,275220,0.0,0.0
2012-07-26 00:00:00-04:00,47.34939956665039,48.278831481933594,46.729774475097656,48.261619567871094,441909,0.0,0.0
2012-07-27 00:00:00-04:00,48.175559997558594,52.32358169555664,47.69363021850586,51.824440002441406,774589,0.0,0.0
2012-07-30 00:00:00-04:00,51.23924255371094,51.41136169433594,49.38037872314453,50.154903411865234,907580,0.0,0.0
2012-07-31 00:00:00-04:00,49.655765533447266,50.58519744873047,49.41480255126953,49.810672760009766,368935,0.0,0.0
2012-08-01 00:00:00-04:00,50.275386810302734,50.75731658935547,49.24268341064453,49.29431915283203,484322,0.0,0.0
2012-08-02 00:00:00-04:00,48.88124084472656,49.41480255126953,47.951805114746094,48.36488723754883,406003,0.0,0.0
2012-08-03 00:00:00-04:00,49.690189361572266,53.253013610839844,49.690189361572266,52.87435531616211,652695,0.0,0.0
2012-08-06 00:00:00-04:00,53.080894470214844,54.87091064453125,52.90877914428711,53.61445617675781,317052,0.0,0.0
2012-08-07 00:00:00-04:00,54.09638595581055,55.04302978515625,53.78657531738281,54.681583404541016,339130,0.0,0.0
2012-08-08 00:00:00-04:00,54.32013702392578,55.301204681396484,54.25128936767578,55.232357025146484,303921,0.0,0.0
2012-08-09 00:00:00-04:00,55.370052337646484,56.00688552856445,54.93975830078125,55.64543914794922,338142,0.0,0.0
2012-08-10 00:00:00-04:00,55.301204681396484,56.02409744262695,54.853702545166016,55.249568939208984,239546,0.0,0.0
2012-08-13 00:00:00-04:00,55.07745361328125,58.106712341308594,54.767642974853516,57.93459701538086,763725,0.0,0.0
2012-08-14 00:00:00-04:00,57.67641830444336,58.33046340942383,55.78313446044922,55.95524978637695,530279,0.0,0.0
2012-08-15 00:00:00-04:00,55.95524978637695,56.936317443847656,55.45610809326172,56.729774475097656,237861,0.0,0.0
2012-08-16 00:00:00-04:00,56.66093063354492,57.22891616821289,56.16178894042969,56.987953186035156,200387,0.0,0.0
2012-08-17 00:00:00-04:00,57.17728042602539,57.93459701538086,56.919105529785156,57.67641830444336,174939,0.0,0.0
2012-08-20 00:00:00-04:00,57.19449234008789,57.83132553100586,56.64371871948242,57.17728042602539,208114,0.0,0.0
2012-08-21 00:00:00-04:00,56.67814254760742,57.624786376953125,55.85197830200195,56.29948425292969,255466,0.0,0.0
2012-08-22 00:00:00-04:00,56.14457702636719,56.26506042480469,54.733219146728516,55.81755447387695,286840,0.0,0.0
2012-08-23 00:00:00-04:00,55.490535736083984,55.90361404418945,54.87091064453125,55.335628509521484,193008,0.0,0.0
2012-08-24 00:00:00-04:00,55.387264251708984,55.93803787231445,54.47504425048828,55.352840423583984,136419,0.0,0.0
2012-08-27 00:00:00-04:00,55.74871063232422,56.02409744262695,55.02581787109375,55.59380340576172,203292,0.0,0.0
2012-08-28 00:00:00-04:00,55.64543914794922,56.41996765136719,55.490535736083984,56.26506042480469,186675,0.0,0.0
2012-08-29 00:00:00-04:00,56.48881149291992,56.48881149291992,54.95697021484375,55.45610809326172,237397,0.0,0.0
2012-08-30 00:00:00-04:00,55.07745361328125,55.45610809326172,54.853702545166016,55.11187744140625,210148,0.0,0.0
2012-08-31 00:00:00-04:00,55.421688079833984,56.71256637573242,55.232357025146484,56.60929489135742,262438,0.0,0.0
2012-09-04 00:00:00-04:00,56.66093063354492,57.19449234008789,56.28227233886719,57.10843276977539,248784,0.0,0.0
2012-09-05 00:00:00-04:00,57.19449234008789,58.43373489379883,56.970741271972656,57.86574935913086,392814,0.0,0.0
2012-09-06 00:00:00-04:00,58.50258255004883,59.896728515625,58.38209915161133,59.672977447509766,325476,0.0,0.0
2012-09-07 00:00:00-04:00,60.240962982177734,61.37693786621094,59.604129791259766,60.309810638427734,449462,0.0,0.0
2012-09-10 00:00:00-04:00,59.24268341064453,59.690189361572266,57.383819580078125,57.96902084350586,855697,0.0,0.0
2012-09-11 00:00:00-04:00,57.91738510131836,58.91566467285156,57.65920639038086,58.106712341308594,323733,0.0,0.0
2012-09-12 00:00:00-04:00,58.65748596191406,59.1566276550293,57.90017318725586,58.175559997558594,242103,0.0,0.0
2012-09-13 00:00:00-04:00,58.39931106567383,60.258174896240234,58.123924255371094,59.655765533447266,424537,0.0,0.0
2012-09-14 00:00:00-04:00,60.103271484375,62.547332763671875,60.103271484375,61.772804260253906,617138,0.0,0.0
2012-09-17 00:00:00-04:00,61.54905319213867,61.738380432128906,60.51634979248047,61.61790084838867,718407,0.0,0.0
2012-09-18 00:00:00-04:00,61.17039489746094,61.962135314941406,60.9810676574707,61.39414978027344,375152,0.0,0.0
2012-09-19 00:00:00-04:00,61.41136169433594,62.426849365234375,60.8950080871582,62.22031021118164,678434,0.0,0.0
2012-09-20 00:00:00-04:00,61.61790084838867,62.461273193359375,61.0499153137207,62.461273193359375,336399,0.0,0.0
2012-09-21 00:00:00-04:00,62.83993148803711,63.32185745239258,62.20309829711914,63.063682556152344,428139,0.0,0.0
2012-09-24 00:00:00-04:00,62.426849365234375,62.70223617553711,61.944923400878906,62.34079360961914,519937,0.0,0.0
2012-09-25 00:00:00-04:00,62.444061279296875,63.080894470214844,60.60240936279297,60.65404510498047,365507,0.0,0.0
2012-09-26 00:00:00-04:00,60.63683319091797,60.7917366027832,59.41480255126953,60.327022552490234,356560,0.0,0.0
2012-09-27 00:00:00-04:00,60.7917366027832,62.23752212524414,60.58519744873047,62.18588638305664,302759,0.0,0.0
2012-09-28 00:00:00-04:00,61.721168518066406,63.270225524902344,61.58347702026367,63.115318298339844,354178,0.0,0.0
2012-10-01 00:00:00-04:00,63.33906936645508,64.06195831298828,61.755592346191406,62.27194595336914,488214,0.0,0.0
2012-10-02 00:00:00-04:00,62.71944808959961,62.78829574584961,61.32530212402344,62.16867446899414,227345,0.0,0.0
2012-10-03 00:00:00-04:00,62.616180419921875,62.943199157714844,61.790016174316406,62.943199157714844,225718,0.0,0.0
2012-10-04 00:00:00-04:00,63.58003234863281,64.49225616455078,63.45955276489258,63.94147872924805,346625,0.0,0.0
2012-10-05 00:00:00-04:00,64.25128936767578,64.49225616455078,63.54561233520508,64.04474639892578,269584,0.0,0.0
2012-10-08 00:00:00-04:00,63.61445617675781,63.83821105957031,63.270225524902344,63.51118850708008,237106,0.0,0.0
2012-10-09 00:00:00-04:00,63.35628128051758,63.95869064331055,62.82271957397461,63.201377868652344,668266,0.0,0.0
2012-10-10 00:00:00-04:00,62.87435531616211,63.61445617675781,62.18588638305664,62.530120849609375,1741547,0.0,0.0
2012-10-11 00:00:00-04:00,62.96041488647461,63.44234085083008,62.392425537109375,62.478485107421875,632186,0.0,0.0
2012-10-12 00:00:00-04:00,62.97762680053711,63.35628128051758,62.392425537109375,62.633392333984375,280855,0.0,0.0
2012-10-15 00:00:00-04:00,62.82271957397461,63.098106384277344,62.564544677734375,63.012046813964844,299854,0.0,0.0
2012-10-16 00:00:00-04:00,63.56282424926758,64.01033020019531,63.42512893676758,63.87263488769531,472179,0.0,0.0
2012-10-17 00:00:00-04:00,64.02754211425781,64.49225616455078,63.71772766113281,64.21686553955078,269468,0.0,0.0
2012-10-18 00:00:00-04:00,64.26850128173828,64.33734893798828,62.92599105834961,63.270225524902344,332797,0.0,0.0
2012-10-19 00:00:00-04:00,62.89156723022461,62.994834899902344,61.0154914855957,61.44578170776367,423665,0.0,0.0
2012-10-22 00:00:00-04:00,61.15318298339844,61.910499572753906,60.44750213623047,61.18760681152344,771219,0.0,0.0
2012-10-23 00:00:00-04:00,60.464717864990234,60.49913787841797,59.31153106689453,60.1376953125,613710,0.0,0.0
2012-10-24 00:00:00-04:00,60.292598724365234,60.464717864990234,58.88124084472656,59.32874298095703,724914,0.0,0.0
2012-10-25 00:00:00-04:00,58.38209915161133,58.86402893066406,57.03958511352539,57.72805404663086,1290750,0.0,0.0
2012-10-26 00:00:00-04:00,57.96902084350586,58.58863830566406,57.435455322265625,57.74526596069336,337852,0.0,0.0
2012-10-31 00:00:00-04:00,58.48537063598633,59.39759063720703,58.037864685058594,59.1910514831543,518078,0.0,0.0
2012-11-01 00:00:00-04:00,58.36488723754883,61.22203063964844,58.36488723754883,61.10154724121094,363241,0.0,0.0
2012-11-02 00:00:00-04:00,61.53184127807617,61.53184127807617,60.67125701904297,60.8433723449707,215551,0.0,0.0
2012-11-05 00:00:00-05:00,60.75731658935547,61.996559143066406,60.44750213623047,61.772804260253906,244252,0.0,0.0
2012-11-06 00:00:00-05:00,61.996559143066406,63.184165954589844,61.944923400878906,62.581756591796875,306361,0.0,0.0
2012-11-07 00:00:00-05:00,61.962135314941406,62.530120849609375,61.66953659057617,61.858863830566406,417274,0.0,0.0
2012-11-08 00:00:00-05:00,61.790016174316406,62.478485107421875,61.11875915527344,61.15318298339844,413382,0.0,0.0
2012-11-09 00:00:00-05:00,60.9638557434082,62.32358169555664,60.9122200012207,61.42856979370117,457015,0.0,0.0
2012-11-12 00:00:00-05:00,61.58347702026367,62.444061279296875,61.53184127807617,62.18588638305664,273070,0.0,0.0
2012-11-13 00:00:00-05:00,61.41136169433594,63.253013610839844,61.23924255371094,62.25473403930664,328497,0.0,0.0
2012-11-14 00:00:00-05:00,62.616180419921875,62.68502426147461,60.58519744873047,60.74010467529297,474038,0.0,0.0
2012-11-15 00:00:00-05:00,60.8777961730957,62.06540298461914,60.378658294677734,60.74010467529297,949703,0.0,0.0
2012-11-16 00:00:00-05:00,60.9638557434082,62.16867446899414,60.56798553466797,61.962135314941406,346334,0.0,0.0
2012-11-19 00:00:00-05:00,62.89156723022461,63.47676467895508,62.444061279296875,62.87435531616211,332158,0.0,0.0
2012-11-20 00:00:00-05:00,62.80550765991211,63.28743362426758,62.03097915649414,63.063682556152344,472295,0.0,0.0
2012-11-21 00:00:00-05:00,63.098106384277344,63.39070510864258,62.66781234741211,63.28743362426758,471307,0.0,0.0
2012-11-23 00:00:00-05:00,63.58003234863281,64.33734893798828,63.45955276489258,63.95869064331055,97957,0.0,0.0
2012-11-26 00:00:00-05:00,63.75215148925781,65.30120849609375,63.66609191894531,64.88812255859375,304328,0.0,0.0
2012-11-27 00:00:00-05:00,64.83648681640625,65.95525360107422,64.56110382080078,65.40447235107422,393337,0.0,0.0
2012-11-28 00:00:00-05:00,65.21514892578125,66.54045104980469,64.69879150390625,66.38554382324219,314786,0.0,0.0
2012-11-29 00:00:00-05:00,66.81583404541016,67.9173812866211,66.59208679199219,67.64199829101562,472237,0.0,0.0
2012-11-30 00:00:00-05:00,67.46987915039062,67.71084594726562,66.54045104980469,67.10843658447266,332390,0.0,0.0
2012-12-03 00:00:00-05:00,67.62478637695312,67.64199829101562,65.67986297607422,65.69707489013672,371259,0.0,0.0
2012-12-04 00:00:00-05:00,65.64543914794922,66.48881530761719,65.11187744140625,66.33390808105469,340350,0.0,0.0
2012-12-05 00:00:00-05:00,66.41996765136719,66.69535064697266,65.59380340576172,66.57486724853516,296310,0.0,0.0
2012-12-06 00:00:00-05:00,66.45439147949219,67.09122467041016,66.28227233886719,66.86746978759766,178135,0.0,0.0
2012-12-07 00:00:00-05:00,66.86746978759766,67.12564849853516,66.43717956542969,66.76419830322266,139789,0.0,0.0
2012-12-10 00:00:00-05:00,66.54045104980469,67.26333618164062,66.29948425292969,67.12564849853516,205209,0.0,0.0
2012-12-11 00:00:00-05:00,67.22891235351562,68.4337387084961,67.05680084228516,68.1067123413086,267667,0.0,0.0
2012-12-12 00:00:00-05:00,68.3476791381836,68.70912170410156,67.00516510009766,67.09122467041016,232923,0.0,0.0
2012-12-13 00:00:00-05:00,67.00516510009766,67.12564849853516,66.14457702636719,66.66092681884766,196378,0.0,0.0
2012-12-14 00:00:00-05:00,67.05680084228516,67.05680084228516,66.57486724853516,66.62650299072266,158555,0.0,0.0
2012-12-17 00:00:00-05:00,66.54045104980469,66.95352935791016,66.14457702636719,66.41996765136719,327452,0.0,0.0
2012-12-18 00:00:00-05:00,66.43717956542969,67.28054809570312,66.21342468261719,67.12564849853516,602090,0.0,0.0
2012-12-19 00:00:00-05:00,67.40103149414062,67.81411743164062,67.07401275634766,67.65921020507812,281669,0.0,0.0
2012-12-20 00:00:00-05:00,67.65921020507812,68.62306213378906,67.45266723632812,68.62306213378906,232516,0.0,0.0
2012-12-21 00:00:00-05:00,67.74526977539062,68.48536682128906,67.53872680664062,67.9345932006836,257267,0.0,0.0
2012-12-24 00:00:00-05:00,67.60757446289062,68.2616195678711,67.16007232666016,67.72805786132812,39566,0.0,0.0
2012-12-26 00:00:00-05:00,67.76248168945312,67.9173812866211,67.16007232666016,67.33218383789062,84826,0.0,0.0
2012-12-27 00:00:00-05:00,67.34939575195312,68.0722885131836,66.66092681884766,67.38381958007812,156870,0.0,0.0
2012-12-28 00:00:00-05:00,66.91910552978516,67.9690170288086,66.91910552978516,67.41824340820312,303979,0.0,0.0
2012-12-31 00:00:00-05:00,67.12564849853516,69.7418212890625,67.12564849853516,69.44922637939453,202653,0.0,0.0
2013-01-02 00:00:00-05:00,70.94664764404297,72.30636596679688,70.92943572998047,72.27194213867188,496290,0.0,0.0
2013-01-03 00:00:00-05:00,72.1342544555664,73.04647064208984,71.51463317871094,71.6695327758789,265285,0.0,0.0
2013-01-04 00:00:00-05:00,71.9621353149414,71.9621353149414,70.32701873779297,70.56798553466797,283005,0.0,0.0
2013-01-07 00:00:00-05:00,70.034423828125,71.15318298339844,69.724609375,70.37865447998047,383751,0.0,0.0
2013-01-08 00:00:00-05:00,70.1549072265625,70.53356170654297,69.34595489501953,69.60413360595703,489028,0.0,0.0
2013-01-09 00:00:00-05:00,70.1204833984375,71.10154724121094,69.8795166015625,70.34423065185547,473515,0.0,0.0
2013-01-10 00:00:00-05:00,71.03269958496094,71.03269958496094,69.38037872314453,70.32701873779297,303921,0.0,0.0
2013-01-11 00:00:00-05:00,70.103271484375,70.53356170654297,69.60413360595703,70.240966796875,169245,0.0,0.0
2013-01-14 00:00:00-05:00,70.1893310546875,70.43029022216797,69.79345703125,70.1549072265625,108821,0.0,0.0
2013-01-15 00:00:00-05:00,69.8795166015625,70.58519744873047,69.8795166015625,70.1549072265625,225312,0.0,0.0
2013-01-16 00:00:00-05:00,70.172119140625,70.172119140625,69.48365020751953,69.896728515625,185223,0.0,0.0
2013-01-17 00:00:00-05:00,70.39586639404297,71.6351089477539,70.0860595703125,71.04991149902344,316703,0.0,0.0
2013-01-18 00:00:00-05:00,70.89501190185547,71.04991149902344,69.7762451171875,70.36144256591797,210206,0.0,0.0
2013-01-22 00:00:00-05:00,70.46471405029297,70.91221618652344,70.240966796875,70.70568084716797,167735,0.0,0.0
2013-01-23 00:00:00-05:00,70.67125701904297,71.10154724121094,70.1549072265625,70.74010467529297,245356,0.0,0.0
2013-01-24 00:00:00-05:00,70.63683319091797,73.54560852050781,70.63683319091797,73.39070892333984,361905,0.0,0.0
2013-01-25 00:00:00-05:00,73.58003234863281,75.33562469482422,73.30464935302734,75.28399658203125,304851,0.0,0.0
2013-01-28 00:00:00-05:00,75.19793701171875,75.45610809326172,74.19965362548828,74.62995147705078,346567,0.0,0.0
2013-01-29 00:00:00-05:00,74.38898468017578,76.45439147949219,74.28571319580078,76.43717956542969,226764,0.0,0.0
2013-01-30 00:00:00-05:00,76.38554382324219,76.83304595947266,75.95525360107422,76.26506042480469,504192,0.0,0.0
2013-01-31 00:00:00-05:00,76.14457702636719,77.26333618164062,76.14457702636719,76.78141021728516,517322,0.0,0.0
2013-02-01 00:00:00-05:00,75.98966979980469,77.67642211914062,74.30292510986328,76.48881530761719,557644,0.0,0.0
2013-02-04 00:00:00-05:00,76.23063659667969,76.23063659667969,74.73321533203125,74.95697021484375,368819,0.0,0.0
2013-02-05 00:00:00-05:00,75.31842041015625,76.88468170166016,75.31842041015625,76.67813873291016,459339,0.0,0.0
2013-02-06 00:00:00-05:00,71.7728042602539,73.25301361083984,69.56970977783203,71.01548767089844,2127157,0.0,0.0
2013-02-07 00:00:00-05:00,70.80895233154297,72.87435150146484,70.61962127685547,72.25473022460938,671171,0.0,0.0
2013-02-08 00:00:00-05:00,72.28915405273438,73.68330383300781,72.18588256835938,73.58003234863281,342035,0.0,0.0
2013-02-11 00:00:00-05:00,73.59724426269531,73.90705871582031,72.63339233398438,73.14974212646484,185688,0.0,0.0
2013-02-12 00:00:00-05:00,73.16695404052734,73.82099914550781,72.77108764648438,72.90877532958984,271385,0.0,0.0
2013-02-13 00:00:00-05:00,73.01204681396484,73.47676086425781,72.47848510742188,73.01204681396484,199632,0.0,0.0
2013-02-14 00:00:00-05:00,72.65060424804688,73.04647064208984,72.22030639648438,72.71945190429688,214099,0.0,0.0
2013-02-15 00:00:00-05:00,72.71945190429688,73.13253021240234,72.34078979492188,72.71945190429688,182608,0.0,0.0
2013-02-19 00:00:00-05:00,72.89156341552734,73.61445617675781,72.51290893554688,73.21858978271484,344940,0.0,0.0
2013-02-20 00:00:00-05:00,73.25301361083984,73.70051574707031,72.63339233398438,72.97762298583984,466775,0.0,0.0
2013-02-21 00:00:00-05:00,72.68502807617188,72.68502807617188,70.79174041748047,72.0826187133789,464568,0.0,0.0
2013-02-22 00:00:00-05:00,72.0309829711914,73.11531829833984,72.0137710571289,72.59896850585938,399496,0.0,0.0
2013-02-25 00:00:00-05:00,72.92598724365234,73.14974212646484,71.6006851196289,71.6351089477539,425466,0.0,0.0
2013-02-26 00:00:00-05:00,71.8244400024414,72.28915405273438,71.17039489746094,71.8588638305664,179703,0.0,0.0
2013-02-27 00:00:00-05:00,71.9621353149414,73.83821105957031,71.7211685180664,73.64888000488281,284748,0.0,0.0
2013-02-28 00:00:00-05:00,73.66609191894531,75.02581787109375,73.44234466552734,74.69879150390625,272431,0.0,0.0
2013-03-01 00:00:00-05:00,74.52667999267578,75.71428680419922,74.23407745361328,75.47332000732422,507039,0.0,0.0
2013-03-04 00:00:00-05:00,75.26678466796875,75.73149871826172,74.76763916015625,75.54216766357422,254013,0.0,0.0
2013-03-05 00:00:00-05:00,76.19621276855469,77.29776000976562,75.73149871826172,77.03958892822266,207010,0.0,0.0
2013-03-06 00:00:00-05:00,77.31497192382812,77.59036254882812,76.59208679199219,76.83304595947266,307988,0.0,0.0
2013-03-07 00:00:00-05:00,76.91910552978516,77.40103149414062,76.26506042480469,76.76419830322266,304444,0.0,0.0
2013-03-08 00:00:00-05:00,77.36660766601562,80.39586639404297,77.36660766601562,79.8450927734375,321816,0.0,0.0
2013-03-11 00:00:00-04:00,79.759033203125,80.53356170654297,79.67298126220703,80.41307830810547,190278,0.0,0.0
2013-03-12 00:00:00-04:00,80.2581787109375,81.48020935058594,80.2581787109375,81.11875915527344,289222,0.0,0.0
2013-03-13 00:00:00-04:00,80.98106384277344,81.7383804321289,80.49913787841797,81.5834732055664,141880,0.0,0.0
2013-03-14 00:00:00-04:00,82.1342544555664,84.02754211425781,82.1342544555664,83.61445617675781,329078,0.0,0.0
2013-03-15 00:00:00-04:00,83.13253021240234,83.68330383300781,82.54733276367188,83.68330383300781,563570,0.0,0.0
2013-03-18 00:00:00-04:00,82.44406127929688,82.94319915771484,81.20481872558594,81.5490493774414,409256,0.0,0.0
2013-03-19 00:00:00-04:00,81.8760757446289,82.28915405273438,80.80895233154297,81.6695327758789,221884,0.0,0.0
2013-03-20 00:00:00-04:00,82.0137710571289,82.27194213867188,81.6178970336914,81.8760757446289,123811,0.0,0.0
2013-03-21 00:00:00-04:00,81.30809020996094,81.9277114868164,80.0516357421875,80.39586639404297,165178,0.0,0.0
2013-03-22 00:00:00-04:00,80.70568084716797,81.20481872558594,79.965576171875,80.240966796875,197598,0.0,0.0
2013-03-25 00:00:00-04:00,80.84337615966797,81.08433532714844,79.48365020751953,80.0172119140625,176450,0.0,0.0
2013-03-26 00:00:00-04:00,80.309814453125,80.55077362060547,79.22547149658203,79.67298126220703,155592,0.0,0.0
2013-03-27 00:00:00-04:00,79.39759063720703,80.32701873779297,78.3304672241211,79.9827880859375,443187,0.0,0.0
2013-03-28 00:00:00-04:00,80.34423065185547,80.44750213623047,79.63855743408203,80.103271484375,347787,0.0,0.0
2013-04-01 00:00:00-04:00,80.034423828125,80.65404510498047,77.81411743164062,78.57142639160156,297530,0.0,0.0
2013-04-02 00:00:00-04:00,78.72633361816406,79.41480255126953,77.8657455444336,78.2616195678711,136012,0.0,0.0
2013-04-03 00:00:00-04:00,78.3648910522461,78.50257873535156,77.77969360351562,78.3304672241211,768954,0.0,0.0
2013-04-04 00:00:00-04:00,78.58863830566406,78.93287658691406,78.2960433959961,78.86402893066406,266621,0.0,0.0
2013-04-05 00:00:00-04:00,77.53872680664062,77.8829574584961,76.19621276855469,77.43545532226562,416461,0.0,0.0
2013-04-08 00:00:00-04:00,77.65921020507812,79.13941192626953,77.45266723632812,79.13941192626953,198063,0.0,0.0
2013-04-09 00:00:00-04:00,79.03614807128906,79.27710723876953,78.64027404785156,78.98451232910156,132061,0.0,0.0
2013-04-10 00:00:00-04:00,79.34595489501953,80.80895233154297,79.03614807128906,80.37865447998047,244427,0.0,0.0
2013-04-11 00:00:00-04:00,80.43029022216797,80.99827575683594,80.103271484375,80.75731658935547,325825,0.0,0.0
2013-04-12 00:00:00-04:00,80.39586639404297,80.91221618652344,79.9139404296875,80.32701873779297,154662,0.0,0.0
2013-04-15 00:00:00-04:00,79.50086212158203,79.690185546875,75.30120849609375,75.62822723388672,622425,0.0,0.0
2013-04-16 00:00:00-04:00,76.23063659667969,77.10843658447266,75.71428680419922,76.07572937011719,294799,0.0,0.0
2013-04-17 00:00:00-04:00,75.52495574951172,75.52495574951172,74.16522979736328,74.35456085205078,353655,0.0,0.0
2013-04-18 00:00:00-04:00,74.66437530517578,74.66437530517578,72.75387573242188,73.14974212646484,494315,0.0,0.0
2013-04-19 00:00:00-04:00,73.40791320800781,73.80378723144531,72.89156341552734,73.35628509521484,370910,0.0,0.0
2013-04-22 00:00:00-04:00,73.39070892333984,73.70051574707031,72.66781616210938,73.23580169677734,212472,0.0,0.0
2013-04-23 00:00:00-04:00,73.61445617675781,75.18072509765625,73.61445617675781,75.09466552734375,417855,0.0,0.0
2013-04-24 00:00:00-04:00,74.61273956298828,76.47160339355469,74.61273956298828,76.11015319824219,414776,0.0,0.0
2013-04-25 00:00:00-04:00,76.11015319824219,80.0172119140625,76.11015319824219,78.76075744628906,801896,0.0,0.0
2013-04-26 00:00:00-04:00,79.39759063720703,79.9827880859375,78.4337387084961,79.53528594970703,518775,0.0,0.0
2013-04-29 00:00:00-04:00,79.827880859375,80.51634979248047,79.60413360595703,80.0516357421875,579315,0.0,0.0
2013-04-30 00:00:00-04:00,80.34423065185547,80.86058807373047,79.48365020751953,80.32701873779297,464393,0.0,0.0
2013-05-01 00:00:00-04:00,80.32701873779297,80.41307830810547,77.79690551757812,78.77796936035156,616267,0.0,0.0
2013-05-02 00:00:00-04:00,78.98451232910156,79.46643829345703,78.57142639160156,79.00172424316406,272896,0.0,0.0
2013-05-03 00:00:00-04:00,79.65576934814453,80.84337615966797,78.81239318847656,78.86402893066406,628816,0.0,0.0
2013-05-06 00:00:00-04:00,79.27710723876953,80.034423828125,78.69190979003906,79.60413360595703,516567,0.0,0.0
2013-05-07 00:00:00-04:00,78.2788314819336,78.64027404785156,76.95352935791016,77.45266723632812,1927932,0.0,0.0
2013-05-08 00:00:00-04:00,77.69363403320312,79.38037872314453,77.07401275634766,79.13941192626953,3247267,0.0,0.0
2013-05-09 00:00:00-04:00,79.17383575439453,79.65576934814453,78.64027404785156,79.13941192626953,1133647,0.0,0.0
2013-05-10 00:00:00-04:00,79.22547149658203,80.309814453125,79.17383575439453,79.9483642578125,702894,0.0,0.0
2013-05-13 00:00:00-04:00,80.2926025390625,81.10154724121094,80.1376953125,80.72289276123047,722764,0.0,0.0
2013-05-14 00:00:00-04:00,80.65404510498047,81.8760757446289,80.53356170654297,81.51463317871094,800037,0.0,0.0
2013-05-15 00:00:00-04:00,81.15318298339844,83.21858978271484,80.84337615966797,82.77108764648438,491758,0.0,0.0
2013-05-16 00:00:00-04:00,82.39242553710938,84.04474639892578,82.18588256835938,83.11531829833984,424885,0.0,0.0
2013-05-17 00:00:00-04:00,82.80551147460938,84.38898468017578,82.78829956054688,84.33734893798828,623820,0.0,0.0
2013-05-20 00:00:00-04:00,84.30292510986328,86.04130554199219,84.11359405517578,85.02581787109375,337212,0.0,0.0
2013-05-21 00:00:00-04:00,85.02581787109375,85.92082977294922,84.73321533203125,85.62822723388672,351098,0.0,0.0
2013-05-22 00:00:00-04:00,85.24957275390625,86.41996765136719,83.44234466552734,83.75215148925781,802071,0.0,0.0
2013-05-23 00:00:00-04:00,82.1686782836914,84.37177276611328,81.9449234008789,84.32013702392578,391594,0.0,0.0
2013-05-24 00:00:00-04:00,83.90705871582031,84.81927490234375,81.9965591430664,84.61273956298828,426977,0.0,0.0
2013-05-28 00:00:00-04:00,85.23236083984375,85.98966979980469,84.71600341796875,85.31842041015625,358593,0.0,0.0
2013-05-29 00:00:00-04:00,84.61273956298828,85.09466552734375,84.18244171142578,84.57831573486328,221245,0.0,0.0
2013-05-30 00:00:00-04:00,84.52667999267578,85.73149871826172,83.95869445800781,85.26678466796875,245879,0.0,0.0
2013-05-31 00:00:00-04:00,85.06024169921875,86.85025787353516,84.61273956298828,85.88640594482422,560665,0.0,0.0
2013-06-03 00:00:00-04:00,85.88640594482422,86.33390808105469,84.13080596923828,86.31669616699219,466892,0.0,0.0
2013-06-04 00:00:00-04:00,86.31669616699219,87.65921020507812,86.12736511230469,87.38381958007812,565778,0.0,0.0
2013-06-05 00:00:00-04:00,86.74698638916016,87.05680084228516,83.92427062988281,83.99311828613281,353887,0.0,0.0
2013-06-06 00:00:00-04:00,83.87263488769531,84.90533447265625,83.58003234863281,84.85369873046875,325941,0.0,0.0
2013-06-07 00:00:00-04:00,85.33562469482422,87.07401275634766,85.07745361328125,86.97074127197266,160588,0.0,0.0
2013-06-10 00:00:00-04:00,87.09122467041016,89.24268341064453,86.59208679199219,88.74354553222656,361150,0.0,0.0
2013-06-11 00:00:00-04:00,87.79690551757812,88.2616195678711,86.90189361572266,87.79690551757812,163726,0.0,0.0
2013-06-12 00:00:00-04:00,88.2788314819336,89.39759063720703,86.93631744384766,87.76248168945312,620624,0.0,0.0
2013-06-13 00:00:00-04:00,87.81411743164062,89.38037872314453,87.41824340820312,89.15662384033203,197772,0.0,0.0
2013-06-14 00:00:00-04:00,89.24268341064453,90.58519744873047,89.01893615722656,89.8623046875,184758,0.0,0.0
2013-06-17 00:00:00-04:00,90.87779998779297,91.13597106933594,89.8795166015625,90.53356170654297,268364,0.0,0.0
2013-06-18 00:00:00-04:00,90.60240936279297,92.0998306274414,90.39586639404297,91.6523208618164,160647,0.0,0.0
2013-06-19 00:00:00-04:00,91.7383804321289,92.34078979492188,90.275390625,90.2926025390625,268364,0.0,0.0
2013-06-20 00:00:00-04:00,89.25989532470703,89.58692169189453,87.48709106445312,87.77969360351562,319550,0.0,0.0
2013-06-21 00:00:00-04:00,88.3304672241211,88.62306213378906,86.33390808105469,87.52151489257812,397520,0.0,0.0
2013-06-24 00:00:00-04:00,86.72977447509766,86.78141021728516,85.28399658203125,86.12736511230469,398798,0.0,0.0
2013-06-25 00:00:00-04:00,87.02237701416016,87.77969360351562,86.12736511230469,86.40275573730469,244775,0.0,0.0
2013-06-26 00:00:00-04:00,87.10843658447266,89.00172424316406,86.66092681884766,88.3993148803711,263542,0.0,0.0
2013-06-27 00:00:00-04:00,88.91566467285156,90.32701873779297,88.88124084472656,90.034423828125,275162,0.0,0.0
2013-06-28 00:00:00-04:00,89.29431915283203,90.53356170654297,88.72633361816406,89.690185546875,1315152,0.0,0.0
2013-07-01 00:00:00-04:00,90.51634979248047,91.6178970336914,90.103271484375,91.27366638183594,290151,0.0,0.0
2013-07-02 00:00:00-04:00,91.13597106933594,91.7211685180664,89.690185546875,90.1549072265625,263542,0.0,0.0
2013-07-03 00:00:00-04:00,89.7418212890625,90.172119140625,88.89845275878906,89.8450927734375,207417,0.0,0.0
2013-07-05 00:00:00-04:00,90.53356170654297,91.01548767089844,90.2237548828125,90.96385192871094,378231,0.0,0.0
2013-07-08 00:00:00-04:00,88.74354553222656,89.50086212158203,86.28227233886719,87.74526977539062,529988,0.0,0.0
2013-07-09 00:00:00-04:00,88.3132553100586,88.67469787597656,87.12564849853516,87.34939575195312,393453,0.0,0.0
2013-07-10 00:00:00-04:00,87.31497192382812,87.9345932006836,87.03958892822266,87.67642211914062,245414,0.0,0.0
2013-07-11 00:00:00-04:00,88.3821029663086,89.29431915283203,87.55593872070312,87.79690551757812,407223,0.0,0.0
2013-07-12 00:00:00-04:00,88.0895004272461,90.41307830810547,87.9345932006836,90.0860595703125,295961,0.0,0.0
2013-07-15 00:00:00-04:00,90.34423065185547,90.56798553466797,89.62134552001953,89.7418212890625,176043,0.0,0.0
2013-07-16 00:00:00-04:00,89.896728515625,89.965576171875,88.67469787597656,89.19104766845703,196785,0.0,0.0
2013-07-17 00:00:00-04:00,89.19104766845703,90.2237548828125,88.76075744628906,89.827880859375,113063,0.0,0.0
2013-07-18 00:00:00-04:00,89.896728515625,91.01548767089844,89.79345703125,90.74010467529297,117304,0.0,0.0
2013-07-19 00:00:00-04:00,90.60240936279297,91.7039566040039,89.9827880859375,91.51463317871094,87208,0.0,0.0
2013-07-22 00:00:00-04:00,91.5490493774414,92.30636596679688,91.41136169433594,91.6006851196289,125322,0.0,0.0
2013-07-23 00:00:00-04:00,91.5490493774414,91.5490493774414,90.0,90.2237548828125,217236,0.0,0.0
2013-07-24 00:00:00-04:00,90.61962127685547,90.86058807373047,90.034423828125,90.0860595703125,230773,0.0,0.0
2013-07-25 00:00:00-04:00,90.36144256591797,91.6695327758789,89.22547149658203,90.32701873779297,300493,0.0,0.0
2013-07-26 00:00:00-04:00,89.8106689453125,90.1893310546875,88.84681701660156,90.0172119140625,170640,0.0,0.0
2013-07-29 00:00:00-04:00,90.37865447998047,91.35972595214844,90.0,90.86058807373047,168839,0.0,0.0
2013-07-30 00:00:00-04:00,91.29087829589844,91.5834732055664,90.49913787841797,91.20481872558594,235421,0.0,0.0
2013-07-31 00:00:00-04:00,91.27366638183594,92.42684936523438,91.08433532714844,91.34251403808594,228565,0.0,0.0
2013-08-01 00:00:00-04:00,92.39242553710938,94.19965362548828,92.34078979492188,94.02754211425781,327510,0.0,0.0
2013-08-02 00:00:00-04:00,93.88984680175781,93.99311828613281,93.09810638427734,93.71772766113281,98712,0.0,0.0
2013-08-05 00:00:00-04:00,93.59724426269531,94.52667999267578,93.23580169677734,93.92427062988281,102953,0.0,0.0
2013-08-06 00:00:00-04:00,93.83821105957031,93.99311828613281,91.9965591430664,92.42684936523438,190975,0.0,0.0
2013-08-07 00:00:00-04:00,92.1514663696289,92.1514663696289,90.53356170654297,90.99827575683594,130609,0.0,0.0
2013-08-08 00:00:00-04:00,91.44578552246094,91.8416519165039,90.77452850341797,90.89501190185547,148910,0.0,0.0
2013-08-09 00:00:00-04:00,90.67125701904297,91.15318298339844,90.58519744873047,90.86058807373047,183247,0.0,0.0
2013-08-12 00:00:00-04:00,90.67125701904297,91.22203063964844,90.49913787841797,90.79174041748047,290500,0.0,0.0
2013-08-13 00:00:00-04:00,90.89501190185547,90.94664764404297,89.20825958251953,90.72289276123047,203873,0.0,0.0
2013-08-14 00:00:00-04:00,90.49913787841797,90.84337615966797,89.48365020751953,89.53528594970703,164597,0.0,0.0
2013-08-15 00:00:00-04:00,89.13941192626953,89.13941192626953,87.31497192382812,88.58863830566406,269584,0.0,0.0
2013-08-16 00:00:00-04:00,88.2960433959961,89.44922637939453,87.72805786132812,89.10498809814453,114806,0.0,0.0
2013-08-19 00:00:00-04:00,89.15662384033203,89.29431915283203,88.69190979003906,89.15662384033203,207882,0.0,0.0
2013-08-20 00:00:00-04:00,89.08778381347656,90.0516357421875,88.69190979003906,89.55249786376953,180982,0.0,0.0
2013-08-21 00:00:00-04:00,89.19104766845703,89.9827880859375,88.98451232910156,89.12220001220703,94935,0.0,0.0
2013-08-22 00:00:00-04:00,89.27710723876953,91.9277114868164,89.17383575439453,91.8072280883789,113876,0.0,0.0
2013-08-23 00:00:00-04:00,92.1514663696289,92.87435150146484,90.86058807373047,92.73666381835938,152048,0.0,0.0
2013-08-26 00:00:00-04:00,92.28915405273438,93.58003234863281,92.28915405273438,92.75387573242188,194693,0.0,0.0
2013-08-27 00:00:00-04:00,91.7211685180664,91.7211685180664,90.43029022216797,90.74010467529297,199515,0.0,0.0
2013-08-28 00:00:00-04:00,90.61962127685547,91.39414978027344,89.9827880859375,91.34251403808594,120209,0.0,0.0
2013-08-29 00:00:00-04:00,90.94664764404297,91.11875915527344,90.41307830810547,90.86058807373047,108182,0.0,0.0
2013-08-30 00:00:00-04:00,90.70568084716797,90.98106384277344,89.50086212158203,89.65576934814453,87557,0.0,0.0
2013-09-03 00:00:00-04:00,90.91221618652344,91.8244400024414,90.87779998779297,91.46299743652344,150770,0.0,0.0
2013-09-04 00:00:00-04:00,91.30809020996094,93.11531829833984,90.99827575683594,92.89156341552734,410186,0.0,0.0
2013-09-05 00:00:00-04:00,92.90877532958984,93.25301361083984,92.54733276367188,92.85713958740234,168374,0.0,0.0
2013-09-06 00:00:00-04:00,93.28743743896484,93.45954895019531,91.27366638183594,93.18416595458984,163435,0.0,0.0
2013-09-09 00:00:00-04:00,93.33907318115234,94.49225616455078,93.02925872802734,93.87263488769531,167328,0.0,0.0
2013-09-10 00:00:00-04:00,94.61273956298828,96.55765533447266,94.07917022705078,96.21342468261719,195390,0.0,0.0
2013-09-11 00:00:00-04:00,95.83477020263672,96.86746978759766,95.52495574951172,95.90361022949219,101733,0.0,0.0
2013-09-12 00:00:00-04:00,96.04130554199219,96.36833190917969,94.69879150390625,95.18072509765625,130376,0.0,0.0
2013-09-13 00:00:00-04:00,95.66265106201172,95.71428680419922,94.44062042236328,95.04302978515625,142868,0.0,0.0
2013-09-16 00:00:00-04:00,96.19621276855469,96.66092681884766,95.47332000732422,96.17900085449219,130899,0.0,0.0
2013-09-17 00:00:00-04:00,96.17900085449219,96.47160339355469,95.64543914794922,96.43717956542969,59088,0.0,0.0
2013-09-18 00:00:00-04:00,96.26506042480469,98.95008850097656,96.09294128417969,98.3132553100586,150189,0.0,0.0
2013-09-19 00:00:00-04:00,98.64027404785156,98.93287658691406,97.8313217163086,98.89845275878906,91275,0.0,0.0
2013-09-20 00:00:00-04:00,98.89845275878906,98.93287658691406,97.45266723632812,98.0206527709961,199399,0.0,0.0
2013-09-23 00:00:00-04:00,97.50430297851562,97.74526977539062,96.28227233886719,97.33218383789062,154546,0.0,0.0
2013-09-24 00:00:00-04:00,97.52151489257812,98.1067123413086,96.47160339355469,97.05680084228516,217120,0.0,0.0
2013-09-25 00:00:00-04:00,97.48709106445312,98.2444076538086,96.81583404541016,97.31497192382812,263600,0.0,0.0
2013-09-26 00:00:00-04:00,97.69363403320312,97.69363403320312,96.76419830322266,97.22891235351562,117013,0.0,0.0
2013-09-27 00:00:00-04:00,96.91910552978516,97.29776000976562,95.90361022949219,96.83304595947266,130376,0.0,0.0
2013-09-30 00:00:00-04:00,95.86919403076172,97.26333618164062,95.57659149169922,97.22891235351562,104173,0.0,0.0
2013-10-01 00:00:00-04:00,97.43545532226562,98.70912170410156,97.05680084228516,98.70912170410156,157102,0.0,0.0
2013-10-02 00:00:00-04:00,98.2271957397461,99.24268341064453,97.24612426757812,99.24268341064453,177263,0.0,0.0
2013-10-03 00:00:00-04:00,99.01893615722656,99.827880859375,97.53872680664062,98.50257873535156,294625,0.0,0.0
2013-10-04 00:00:00-04:00,98.3993148803711,99.51807403564453,97.9345932006836,99.29431915283203,110797,0.0,0.0
2013-10-07 00:00:00-04:00,98.95008850097656,99.24268341064453,98.3648910522461,99.17383575439453,177437,0.0,0.0
2013-10-08 00:00:00-04:00,99.07056427001953,99.36316680908203,97.02237701416016,97.24612426757812,368761,0.0,0.0
2013-10-09 00:00:00-04:00,97.34939575195312,97.38381958007812,94.61273956298828,95.85198211669922,353364,0.0,0.0
2013-10-10 00:00:00-04:00,96.91910552978516,97.69363403320312,96.72977447509766,97.50430297851562,137581,0.0,0.0
2013-10-11 00:00:00-04:00,97.50430297851562,97.9173812866211,97.14286041259766,97.57315063476562,194926,0.0,0.0
2013-10-14 00:00:00-04:00,96.86746978759766,97.67642211914062,96.78141021728516,97.41824340820312,205035,0.0,0.0
2013-10-15 00:00:00-04:00,97.29776000976562,97.8829574584961,95.30120849609375,95.71428680419922,280333,0.0,0.0
2013-10-16 00:00:00-04:00,95.83477020263672,96.38554382324219,94.73321533203125,95.26678466796875,250818,0.0,0.0
2013-10-17 00:00:00-04:00,95.02581787109375,95.07745361328125,94.13080596923828,94.61273956298828,333610,0.0,0.0
2013-10-18 00:00:00-04:00,95.30120849609375,96.24784851074219,94.85369873046875,96.11015319824219,272954,0.0,0.0
2013-10-21 00:00:00-04:00,96.24784851074219,97.17728424072266,96.17900085449219,96.95352935791016,165120,0.0,0.0
2013-10-22 00:00:00-04:00,97.38381958007812,98.72633361816406,97.26333618164062,97.9173812866211,209509,0.0,0.0
2013-10-23 00:00:00-04:00,97.45266723632812,97.8485336303711,95.61101531982422,97.03958892822266,222232,0.0,0.0
2013-10-24 00:00:00-04:00,94.81927490234375,97.60757446289062,93.85542297363281,96.48881530761719,234840,0.0,0.0
2013-10-25 00:00:00-04:00,97.24612426757812,97.9690170288086,96.43717956542969,97.9690170288086,311765,0.0,0.0
2013-10-28 00:00:00-04:00,97.9345932006836,97.9862289428711,96.04130554199219,96.17900085449219,288350,0.0,0.0
2013-10-29 00:00:00-04:00,96.16178894042969,96.52323913574219,94.83648681640625,96.38554382324219,222639,0.0,0.0
2013-10-30 00:00:00-04:00,96.50602722167969,96.98795318603516,95.00860595703125,95.69707489013672,167038,0.0,0.0
2013-10-31 00:00:00-04:00,95.85198211669922,97.07401275634766,95.07745361328125,96.31669616699219,194112,0.0,0.0
2013-11-01 00:00:00-04:00,96.64371490478516,96.98795318603516,95.52495574951172,96.71256256103516,180168,0.0,0.0
2013-11-04 00:00:00-05:00,96.85025787353516,97.74526977539062,96.83304595947266,97.62478637695312,145482,0.0,0.0
2013-11-05 00:00:00-05:00,97.53872680664062,97.55593872070312,96.04130554199219,96.81583404541016,213401,0.0,0.0
2013-11-06 00:00:00-05:00,97.36660766601562,98.2444076538086,96.52323913574219,97.43545532226562,296949,0.0,0.0
2013-11-07 00:00:00-05:00,97.62478637695312,97.9173812866211,95.38726043701172,95.62822723388672,197889,0.0,0.0
2013-11-08 00:00:00-05:00,95.43889617919922,97.77969360351562,95.35283660888672,97.62478637695312,226590,0.0,0.0
2013-11-11 00:00:00-05:00,97.81411743164062,99.38037872314453,97.81411743164062,99.36316680908203,187489,0.0,0.0
2013-11-12 00:00:00-05:00,99.24268341064453,99.62134552001953,98.88124084472656,99.55249786376953,144843,0.0,0.0
2013-11-13 00:00:00-05:00,99.13941192626953,100.94664764404297,98.70912170410156,100.80895233154297,171744,0.0,0.0
2013-11-14 00:00:00-05:00,101.20481872558594,101.6178970336914,100.240966796875,100.84337615966797,154197,0.0,0.0
2013-11-15 00:00:00-05:00,101.27366638183594,101.35972595214844,100.240966796875,101.22203063964844,111552,0.0,0.0
2013-11-18 00:00:00-05:00,101.5490493774414,101.7211685180664,99.31153106689453,99.7762451171875,176508,0.0,0.0
2013-11-19 00:00:00-05:00,99.41480255126953,100.32701873779297,99.13941192626953,99.8795166015625,245531,0.0,0.0
2013-11-20 00:00:00-05:00,99.8795166015625,100.60240936279297,98.3993148803711,98.70912170410156,302062,0.0,0.0
2013-11-21 00:00:00-05:00,98.84681701660156,99.56970977783203,98.1755599975586,98.79518127441406,220489,0.0,0.0
2013-11-22 00:00:00-05:00,98.88124084472656,98.88124084472656,97.71084594726562,98.2616195678711,204512,0.0,0.0
2013-11-25 00:00:00-05:00,98.3304672241211,98.96730041503906,97.9862289428711,98.79518127441406,85756,0.0,0.0
2013-11-26 00:00:00-05:00,98.89845275878906,101.06712341308594,98.55421447753906,101.01548767089844,170698,0.0,0.0
2013-11-27 00:00:00-05:00,100.96385192871094,101.35972595214844,100.309814453125,100.74010467529297,125961,0.0,0.0
2013-11-29 00:00:00-05:00,100.75731658935547,100.77452850341797,99.827880859375,99.965576171875,36371,0.0,0.0
2013-12-02 00:00:00-05:00,100.87779998779297,101.46299743652344,99.67298126220703,101.17039489746094,188418,0.0,0.0
2013-12-03 00:00:00-05:00,101.10154724121094,101.5490493774414,100.51634979248047,100.91221618652344,141415,0.0,0.0
2013-12-04 00:00:00-05:00,100.65404510498047,101.10154724121094,99.65576934814453,100.61962127685547,141996,0.0,0.0
2013-12-05 00:00:00-05:00,100.53356170654297,101.30809020996094,99.827880859375,100.98106384277344,107543,0.0,0.0
2013-12-06 00:00:00-05:00,101.41136169433594,103.02925872802734,101.30809020996094,102.32357788085938,110506,0.0,0.0
2013-12-09 00:00:00-05:00,102.73666381835938,103.23580169677734,102.0309829711914,102.61618041992188,158148,0.0,0.0
2013-12-10 00:00:00-05:00,102.53012084960938,103.85542297363281,102.25473022460938,102.44406127929688,105800,0.0,0.0
2013-12-11 00:00:00-05:00,102.1514663696289,102.30636596679688,99.8450927734375,100.1376953125,139614,0.0,0.0
2013-12-12 00:00:00-05:00,100.1204833984375,101.27366638183594,100.1204833984375,100.74010467529297,118466,0.0,0.0
2013-12-13 00:00:00-05:00,100.91221618652344,101.22203063964844,100.53356170654297,101.15318298339844,71056,0.0,0.0
2013-12-16 00:00:00-05:00,101.48020935058594,104.16522979736328,101.10154724121094,103.85542297363281,156754,0.0,0.0
2013-12-17 00:00:00-05:00,104.62995147705078,106.21342468261719,104.11359405517578,105.83477020263672,393511,0.0,0.0
2013-12-18 00:00:00-05:00,106.04130554199219,107.22891235351562,104.44062042236328,106.86746978759766,308976,0.0,0.0
2013-12-19 00:00:00-05:00,106.97074127197266,107.31497192382812,104.38898468017578,105.09466552734375,421748,0.0,0.0
2013-12-20 00:00:00-05:00,105.02581787109375,106.28227233886719,104.52667999267578,106.23063659667969,510931,0.0,0.0
2013-12-23 00:00:00-05:00,106.64371490478516,108.84681701660156,105.98966979980469,108.53700256347656,233388,0.0,0.0
2013-12-24 00:00:00-05:00,109.03614807128906,109.03614807128906,107.9518051147461,108.53700256347656,51941,0.0,0.0
2013-12-26 00:00:00-05:00,108.64027404785156,109.58692169189453,108.64027404785156,109.34595489501953,70882,0.0,0.0
2013-12-27 00:00:00-05:00,109.827880859375,110.79174041748047,108.95008850097656,109.29431915283203,85872,0.0,0.0
2013-12-30 00:00:00-05:00,109.08778381347656,110.0516357421875,108.65748596191406,109.38037872314453,58100,0.0,0.0
2013-12-31 00:00:00-05:00,109.8623046875,110.37865447998047,108.84681701660156,109.62134552001953,90694,0.0,0.0
2014-01-02 00:00:00-05:00,109.25989532470703,109.93115234375,108.0034408569336,108.76075744628906,131538,0.0,0.0
2014-01-03 00:00:00-05:00,108.62306213378906,109.58692169189453,108.3476791381836,109.03614807128906,140834,0.0,0.0
2014-01-06 00:00:00-05:00,109.60413360595703,109.60413360595703,108.2616195678711,108.4337387084961,183189,0.0,0.0
2014-01-07 00:00:00-05:00,108.86402893066406,109.39759063720703,107.9518051147461,108.79518127441406,137407,0.0,0.0
2014-01-08 00:00:00-05:00,108.51979064941406,109.29431915283203,108.1239242553711,108.95008850097656,287769,0.0,0.0
2014-01-09 00:00:00-05:00,109.22547149658203,109.55249786376953,107.59036254882812,108.81239318847656,198934,0.0,0.0
2014-01-10 00:00:00-05:00,108.81239318847656,109.39759063720703,108.2444076538086,108.79518127441406,206720,0.0,0.0
2014-01-13 00:00:00-05:00,108.1755599975586,109.50086212158203,107.62478637695312,108.2099838256836,239314,0.0,0.0
2014-01-14 00:00:00-05:00,108.72633361816406,112.18588256835938,107.81411743164062,111.44578552246094,410477,0.0,0.0
2014-01-15 00:00:00-05:00,112.1686782836914,112.1686782836914,110.49913787841797,110.99827575683594,454981,0.0,0.0
2014-01-16 00:00:00-05:00,110.96385192871094,112.30636596679688,110.79174041748047,112.28915405273438,106497,0.0,0.0
2014-01-17 00:00:00-05:00,112.22030639648438,112.49569702148438,111.39414978027344,111.9277114868164,171511,0.0,0.0
2014-01-21 00:00:00-05:00,112.18588256835938,112.61618041992188,111.34251403808594,112.25473022460938,100106,0.0,0.0
2014-01-22 00:00:00-05:00,112.0826187133789,112.97762298583984,111.8416519165039,112.35800170898438,60424,0.0,0.0
2014-01-23 00:00:00-05:00,111.9965591430664,112.0998306274414,111.01548767089844,111.8932876586914,175985,0.0,0.0
2014-01-24 00:00:00-05:00,111.04991149902344,111.41136169433594,106.67813873291016,106.72977447509766,377650,0.0,0.0
2014-01-27 00:00:00-05:00,106.93631744384766,107.79690551757812,105.61101531982422,106.04130554199219,283470,0.0,0.0
2014-01-28 00:00:00-05:00,106.54045104980469,107.65921020507812,105.86919403076172,107.46987915039062,278415,0.0,0.0
2014-01-29 00:00:00-05:00,106.36833190917969,106.86746978759766,102.68502807617188,103.68330383300781,734675,0.0,0.0
2014-01-30 00:00:00-05:00,104.26850128173828,105.16351318359375,104.14801788330078,104.76763916015625,466543,0.0,0.0
2014-01-31 00:00:00-05:00,103.04647064208984,104.88812255859375,102.32357788085938,103.70051574707031,387992,0.0,0.0
2014-02-03 00:00:00-05:00,103.14974212646484,104.21686553955078,100.34423065185547,100.79174041748047,452367,0.0,0.0
2014-02-04 00:00:00-05:00,101.08433532714844,104.49225616455078,100.43029022216797,104.21686553955078,428720,0.0,0.0
2014-02-05 00:00:00-05:00,103.80378723144531,104.16522979736328,103.04647064208984,103.52839660644531,382298,0.0,0.0
2014-02-06 00:00:00-05:00,107.59036254882812,111.8416519165039,107.55593872070312,109.39759063720703,591400,0.0,0.0
2014-02-07 00:00:00-05:00,110.0172119140625,111.8416519165039,109.67298126220703,110.79174041748047,267551,0.0,0.0
2014-02-10 00:00:00-05:00,111.46299743652344,111.46299743652344,108.89845275878906,109.20825958251953,189638,0.0,0.0
2014-02-11 00:00:00-05:00,109.53528594970703,110.46471405029297,108.77796936035156,110.1549072265625,132875,0.0,0.0
2014-02-12 00:00:00-05:00,110.2926025390625,111.9104995727539,109.7418212890625,111.9104995727539,263658,0.0,0.0
2014-02-13 00:00:00-05:00,110.94664764404297,120.1549072265625,110.82616424560547,119.9827880859375,891486,0.0,0.0
2014-02-14 00:00:00-05:00,119.34595489501953,119.62134552001953,117.03958892822266,117.43545532226562,3747159,0.0,0.0
2014-02-18 00:00:00-05:00,118.2271957397461,119.38037872314453,117.77969360351562,119.36316680908203,1128012,0.0,0.0
2014-02-19 00:00:00-05:00,119.15662384033203,121.10154724121094,118.77796936035156,119.759033203125,505528,0.0,0.0
2014-02-20 00:00:00-05:00,119.79345703125,120.49913787841797,119.34595489501953,120.37865447998047,236699,0.0,0.0
2014-02-21 00:00:00-05:00,120.80895233154297,121.37693786621094,120.034423828125,120.06884765625,368761,0.0,0.0
2014-02-24 00:00:00-05:00,120.0516357421875,121.7555923461914,119.65576934814453,121.5490493774414,311067,0.0,0.0
2014-02-25 00:00:00-05:00,121.35972595214844,122.73666381835938,120.84337615966797,121.39414978027344,441328,0.0,0.0
2014-02-26 00:00:00-05:00,121.7039566040039,122.56454467773438,121.37693786621094,121.9277114868164,301016,0.0,0.0
2014-02-27 00:00:00-05:00,121.8932876586914,124.88812255859375,121.5490493774414,124.18244171142578,591690,0.0,0.0
2014-02-28 00:00:00-05:00,123.95869445800781,124.56110382080078,121.6695327758789,122.42684936523438,749606,0.0,0.0
2014-03-03 00:00:00-05:00,120.67125701904297,121.6178970336914,118.93287658691406,120.48192596435547,586113,0.0,0.0
2014-03-04 00:00:00-05:00,122.32357788085938,122.58175659179688,121.41136169433594,121.44578552246094,284458,0.0,0.0
2014-03-05 00:00:00-05:00,123.21858978271484,123.52839660644531,121.8416519165039,122.51290893554688,520111,0.0,0.0
2014-03-06 00:00:00-05:00,123.73493957519531,124.56110382080078,122.44406127929688,123.11531829833984,319434,0.0,0.0
2014-03-07 00:00:00-05:00,123.52839660644531,124.19965362548828,122.58175659179688,124.06195831298828,265633,0.0,0.0
2014-03-10 00:00:00-04:00,123.47676086425781,123.66609191894531,120.82616424560547,121.7728042602539,354584,0.0,0.0
2014-03-11 00:00:00-04:00,122.46127319335938,122.46127319335938,119.01893615722656,119.12220001220703,309557,0.0,0.0
2014-03-12 00:00:00-04:00,118.0378646850586,119.50086212158203,116.69535064697266,118.74354553222656,380148,0.0,0.0
2014-03-13 00:00:00-04:00,119.34595489501953,119.39759063720703,116.14457702636719,116.93631744384766,438248,0.0,0.0
2014-03-14 00:00:00-04:00,116.88468170166016,118.1067123413086,116.24784851074219,117.02237701416016,320944,0.0,0.0
2014-03-17 00:00:00-04:00,118.50257873535156,119.8623046875,117.9345932006836,119.05335235595703,244717,0.0,0.0
2014-03-18 00:00:00-04:00,119.00172424316406,121.6523208618164,118.81239318847656,120.82616424560547,289745,0.0,0.0
2014-03-19 00:00:00-04:00,120.51634979248047,121.6006851196289,120.103271484375,121.23924255371094,281204,0.0,0.0
2014-03-20 00:00:00-04:00,121.08433532714844,122.0826187133789,119.46643829345703,121.9965591430664,309208,0.0,0.0
2014-03-21 00:00:00-04:00,122.59896850585938,123.27022552490234,121.39414978027344,122.56454467773438,1324506,0.0,0.0
2014-03-24 00:00:00-04:00,123.20137786865234,123.63166809082031,119.55249786376953,121.48020935058594,341338,0.0,0.0
2014-03-25 00:00:00-04:00,121.8760757446289,123.13253021240234,120.68846893310547,121.20481872558594,386539,0.0,0.0
2014-03-26 00:00:00-04:00,121.6178970336914,122.0998306274414,118.89845275878906,118.91566467285156,311765,0.0,0.0
2014-03-27 00:00:00-04:00,118.82960510253906,119.7073974609375,117.07401275634766,118.76075744628906,333726,0.0,0.0
2014-03-28 00:00:00-04:00,118.3132553100586,119.51807403564453,117.76248168945312,118.0034408569336,413382,0.0,0.0
2014-03-31 00:00:00-04:00,119.19104766845703,123.09810638427734,118.93287658691406,122.77108764648438,326406,0.0,0.0
2014-04-01 00:00:00-04:00,122.22030639648438,123.87263488769531,121.42857360839844,123.35628509521484,428081,0.0,0.0
2014-04-02 00:00:00-04:00,123.82099914550781,124.30292510986328,123.02925872802734,123.95869445800781,225370,0.0,0.0
2014-04-03 00:00:00-04:00,123.85542297363281,125.11187744140625,122.58175659179688,122.92598724365234,542480,0.0,0.0
2014-04-04 00:00:00-04:00,123.87263488769531,124.62995147705078,120.44750213623047,120.94664764404297,507736,0.0,0.0
2014-04-07 00:00:00-04:00,120.48192596435547,121.20481872558594,115.83477020263672,116.83304595947266,370446,0.0,0.0
2014-04-08 00:00:00-04:00,116.78141021728516,117.9173812866211,115.67986297607422,117.57315063476562,222988,0.0,0.0
2014-04-09 00:00:00-04:00,118.0378646850586,119.48365020751953,116.74698638916016,119.41480255126953,206952,0.0,0.0
2014-04-10 00:00:00-04:00,119.51807403564453,119.51807403564453,116.19621276855469,116.90189361572266,337561,0.0,0.0
2014-04-11 00:00:00-04:00,116.60929107666016,117.55593872070312,116.02409362792969,117.00516510009766,286317,0.0,0.0
2014-04-14 00:00:00-04:00,118.58863830566406,119.50086212158203,116.54045104980469,117.72805786132812,187140,0.0,0.0
2014-04-15 00:00:00-04:00,118.4509506225586,119.53528594970703,115.59380340576172,116.97074127197266,401936,0.0,0.0
2014-04-16 00:00:00-04:00,118.0722885131836,121.49742126464844,117.81411743164062,121.49742126464844,231877,0.0,0.0
2014-04-17 00:00:00-04:00,121.18760681152344,124.21686553955078,121.18760681152344,123.63166809082031,246402,0.0,0.0
2014-04-21 00:00:00-04:00,123.44234466552734,124.52667999267578,121.8932876586914,124.33734893798828,176973,0.0,0.0
2014-04-22 00:00:00-04:00,124.80206298828125,126.90189361572266,124.02754211425781,126.85025787353516,394383,0.0,0.0
2014-04-23 00:00:00-04:00,126.76419830322266,127.10843658447266,125.21514892578125,125.98966979980469,577746,0.0,0.0
2014-04-24 00:00:00-04:00,123.73493957519531,127.31497192382812,116.29948425292969,124.61273956298828,1063811,0.0,0.0
2014-04-25 00:00:00-04:00,123.87263488769531,123.95869445800781,121.46299743652344,121.7383804321289,441328,0.0,0.0
2014-04-28 00:00:00-04:00,122.70223999023438,122.90877532958984,118.95008850097656,121.13597106933594,472179,0.0,0.0
2014-04-29 00:00:00-04:00,121.17039489746094,122.25473022460938,120.275390625,122.23751831054688,402982,0.0,0.0
2014-04-30 00:00:00-04:00,121.9277114868164,124.01033020019531,121.04991149902344,123.88984680175781,222930,0.0,0.0
2014-05-01 00:00:00-04:00,123.92427062988281,125.30120849609375,122.78829956054688,124.21686553955078,231412,0.0,0.0
2014-05-02 00:00:00-04:00,124.32013702392578,126.88468170166016,124.25128936767578,126.05851745605469,327161,0.0,0.0
2014-05-05 00:00:00-04:00,124.76763916015625,126.60929107666016,123.99311828613281,126.28227233886719,232690,0.0,0.0
2014-05-06 00:00:00-04:00,126.07572937011719,127.52151489257812,125.45610809326172,126.17900085449219,358187,0.0,0.0
2014-05-07 00:00:00-04:00,126.24784851074219,127.12564849853516,124.81927490234375,127.07401275634766,349413,0.0,0.0
2014-05-08 00:00:00-04:00,126.71256256103516,128.70912170410156,126.38554382324219,127.19448852539062,281843,0.0,0.0
2014-05-09 00:00:00-04:00,126.86746978759766,127.03958892822266,124.69879150390625,126.97074127197266,274987,0.0,0.0
2014-05-12 00:00:00-04:00,127.64199829101562,128.86402893066406,127.00516510009766,128.72633361816406,313682,0.0,0.0
2014-05-13 00:00:00-04:00,128.65748596191406,129.3975830078125,127.26333618164062,127.77969360351562,201084,0.0,0.0
2014-05-14 00:00:00-04:00,127.71084594726562,128.22718811035156,126.54045104980469,126.71256256103516,226822,0.0,0.0
2014-05-15 00:00:00-04:00,126.00688171386719,126.93631744384766,121.13597106933594,124.18244171142578,359697,0.0,0.0
2014-05-16 00:00:00-04:00,124.30292510986328,124.50946807861328,122.89156341552734,124.09638977050781,230947,0.0,0.0
2014-05-19 00:00:00-04:00,123.88984680175781,125.67986297607422,123.32186126708984,125.28399658203125,178658,0.0,0.0
2014-05-20 00:00:00-04:00,125.00860595703125,125.00860595703125,121.23924255371094,122.54733276367188,231064,0.0,0.0
2014-05-21 00:00:00-04:00,122.89156341552734,124.16522979736328,122.71945190429688,123.87263488769531,134734,0.0,0.0
2014-05-22 00:00:00-04:00,124.06195831298828,126.12736511230469,124.01033020019531,125.43889617919922,271037,0.0,0.0
2014-05-23 00:00:00-04:00,125.28399658203125,126.60929107666016,124.87091064453125,126.50602722167969,194286,0.0,0.0
2014-05-27 00:00:00-04:00,127.07401275634766,128.34767150878906,126.29948425292969,126.98795318603516,151699,0.0,0.0
2014-05-28 00:00:00-04:00,126.83304595947266,127.50430297851562,125.97245788574219,126.54045104980469,172731,0.0,0.0
2014-05-29 00:00:00-04:00,126.76419830322266,126.97074127197266,125.59380340576172,126.33390808105469,109518,0.0,0.0
2014-05-30 00:00:00-04:00,126.24784851074219,126.24784851074219,124.95697021484375,125.28399658203125,180342,0.0,0.0
2014-06-02 00:00:00-04:00,125.37004852294922,127.8313217163086,124.50946807861328,126.91910552978516,336573,0.0,0.0
2014-06-03 00:00:00-04:00,126.50602722167969,127.50430297851562,125.64543914794922,126.14457702636719,133921,0.0,0.0
2014-06-04 00:00:00-04:00,126.00688171386719,126.81583404541016,125.31842041015625,126.33390808105469,194577,0.0,0.0
2014-06-05 00:00:00-04:00,127.21170043945312,128.74354553222656,126.59208679199219,128.43373107910156,265517,0.0,0.0
2014-06-06 00:00:00-04:00,128.88124084472656,129.13941955566406,128.43373107910156,128.74354553222656,231006,0.0,0.0
2014-06-09 00:00:00-04:00,128.91566467285156,129.724609375,127.9862289428711,128.93287658691406,286607,0.0,0.0
2014-06-10 00:00:00-04:00,128.69190979003906,128.72633361816406,126.95352935791016,127.9345932006836,194054,0.0,0.0
2014-06-11 00:00:00-04:00,127.55593872070312,127.55593872070312,125.98966979980469,127.19448852539062,165527,0.0,0.0
2014-06-12 00:00:00-04:00,126.83304595947266,126.83304595947266,124.92254638671875,125.16351318359375,161867,0.0,0.0
2014-06-13 00:00:00-04:00,125.52495574951172,126.26506042480469,124.61273956298828,125.93804168701172,86743,0.0,0.0
2014-06-16 00:00:00-04:00,125.54216766357422,126.40275573730469,124.97418212890625,125.73149871826172,189116,0.0,0.0
2014-06-17 00:00:00-04:00,125.69707489013672,127.69363403320312,125.07745361328125,126.88468170166016,111552,0.0,0.0
2014-06-18 00:00:00-04:00,126.88468170166016,127.41824340820312,125.74871063232422,127.29776000976562,112946,0.0,0.0
2014-06-19 00:00:00-04:00,127.48709106445312,127.74526977539062,126.93631744384766,127.36660766601562,206197,0.0,0.0
2014-06-20 00:00:00-04:00,127.48709106445312,128.62306213378906,126.83304595947266,128.57142639160156,1039177,0.0,0.0
2014-06-23 00:00:00-04:00,129.03614807128906,129.36317443847656,127.8657455444336,128.65748596191406,265691,0.0,0.0
2014-06-24 00:00:00-04:00,128.20997619628906,129.05335998535156,126.64371490478516,127.02237701416016,199806,0.0,0.0
2014-06-25 00:00:00-04:00,126.50602722167969,127.76248168945312,126.36833190917969,127.52151489257812,194693,0.0,0.0
2014-06-26 00:00:00-04:00,127.50430297851562,127.76248168945312,126.04130554199219,126.91910552978516,156463,0.0,0.0
2014-06-27 00:00:00-04:00,127.22891235351562,128.60585021972656,126.81583404541016,127.9518051147461,677330,0.0,0.0
2014-06-30 00:00:00-04:00,127.48709106445312,128.79518127441406,126.79862213134766,128.29603576660156,492223,0.0,0.0
2014-07-01 00:00:00-04:00,128.81239318847656,129.3975830078125,128.03787231445312,128.95008850097656,384273,0.0,0.0
2014-07-02 00:00:00-04:00,129.08778381347656,129.5352783203125,128.22718811035156,128.67469787597656,188302,0.0,0.0
2014-07-03 00:00:00-04:00,129.34596252441406,129.34596252441406,128.45094299316406,128.77796936035156,218746,0.0,0.0
2014-07-07 00:00:00-04:00,128.70912170410156,129.36317443847656,127.03958892822266,127.28054809570312,161692,0.0,0.0
2014-07-08 00:00:00-04:00,126.48881530761719,127.60757446289062,124.68157958984375,125.59380340576172,184468,0.0,0.0
2014-07-09 00:00:00-04:00,125.67986297607422,126.52323913574219,124.66437530517578,124.97418212890625,206081,0.0,0.0
2014-07-10 00:00:00-04:00,124.02754211425781,124.09638977050781,122.77108764648438,123.11531829833984,311532,0.0,0.0
2014-07-11 00:00:00-04:00,123.06368255615234,123.61445617675781,122.68502807617188,123.20137786865234,257906,0.0,0.0
2014-07-14 00:00:00-04:00,125.26678466796875,126.69535064697266,124.83648681640625,126.14457702636719,436389,0.0,0.0
2014-07-15 00:00:00-04:00,125.83477020263672,126.40275573730469,124.25128936767578,124.69879150390625,318795,0.0,0.0
2014-07-16 00:00:00-04:00,125.54216766357422,125.62822723388672,124.38898468017578,125.12908935546875,232109,0.0,0.0
2014-07-17 00:00:00-04:00,113.18416595458984,120.1376953125,113.11531829833984,118.0206527709961,1523324,0.0,0.0
2014-07-18 00:00:00-04:00,118.2788314819336,119.07056427001953,115.37004852294922,116.47160339355469,834897,0.0,0.0
2014-07-21 00:00:00-04:00,116.00688171386719,117.9862289428711,115.43889617919922,117.52151489257812,395777,0.0,0.0
2014-07-22 00:00:00-04:00,117.64199829101562,118.62306213378906,117.03958892822266,117.10843658447266,370271,0.0,0.0
2014-07-23 00:00:00-04:00,118.1239242553711,118.79518127441406,117.57315063476562,118.48536682128906,357838,0.0,0.0
2014-07-24 00:00:00-04:00,118.79518127441406,120.58519744873047,118.3993148803711,119.8106689453125,399496,0.0,0.0
2014-07-25 00:00:00-04:00,114.85369873046875,119.39759063720703,114.85369873046875,118.1927719116211,311532,0.0,0.0
2014-07-28 00:00:00-04:00,118.0378646850586,118.1755599975586,115.37004852294922,115.67986297607422,474851,0.0,0.0
2014-07-29 00:00:00-04:00,115.61101531982422,116.29948425292969,113.35628509521484,113.35628509521484,594421,0.0,0.0
2014-07-30 00:00:00-04:00,114.02754211425781,114.13080596923828,111.8760757446289,112.0998306274414,339072,0.0,0.0
2014-07-31 00:00:00-04:00,110.55077362060547,111.08433532714844,107.9518051147461,108.3821029663086,801083,0.0,0.0
2014-08-01 00:00:00-04:00,107.81411743164062,109.36316680908203,106.95352935791016,108.55421447753906,613246,0.0,0.0
2014-08-04 00:00:00-04:00,108.62306213378906,109.25989532470703,107.28054809570312,109.17383575439453,676865,0.0,0.0
2014-08-05 00:00:00-04:00,108.2444076538086,109.79345703125,106.91910552978516,107.24612426757812,307059,0.0,0.0
2014-08-06 00:00:00-04:00,107.36660766601562,107.41824340820312,105.83477020263672,106.24784851074219,558922,0.0,0.0
2014-08-07 00:00:00-04:00,107.05680084228516,107.10843658447266,105.02581787109375,105.24957275390625,337445,0.0,0.0
2014-08-08 00:00:00-04:00,106.23063659667969,107.74526977539062,105.67986297607422,107.43545532226562,564732,0.0,0.0
2014-08-11 00:00:00-04:00,108.0550765991211,108.69190979003906,107.76248168945312,108.1927719116211,482346,0.0,0.0
2014-08-12 00:00:00-04:00,108.2960433959961,109.29431915283203,107.8313217163086,108.3821029663086,348600,0.0,0.0
2014-08-13 00:00:00-04:00,108.51979064941406,109.7418212890625,107.69363403320312,108.55421447753906,389677,0.0,0.0
2014-08-14 00:00:00-04:00,108.91566467285156,109.690185546875,108.4509506225586,109.690185546875,207068,0.0,0.0
2014-08-15 00:00:00-04:00,110.1376953125,110.79174041748047,109.22547149658203,110.0860595703125,442954,0.0,0.0
2014-08-18 00:00:00-04:00,110.82616424560547,112.44406127929688,110.43029022216797,112.42684936523438,263135,0.0,0.0
2014-08-19 00:00:00-04:00,112.73666381835938,112.73666381835938,111.6867446899414,111.7900161743164,223685,0.0,0.0
2014-08-20 00:00:00-04:00,111.44578552246094,112.59896850585938,111.39414978027344,112.1686782836914,166573,0.0,0.0
2014-08-21 00:00:00-04:00,112.53012084960938,112.53012084960938,110.94664764404297,111.18760681152344,244194,0.0,0.0
2014-08-22 00:00:00-04:00,111.20481872558594,111.20481872558594,109.9483642578125,110.80895233154297,188476,0.0,0.0
2014-08-25 00:00:00-04:00,111.11875915527344,112.25473022460938,110.91221618652344,111.7900161743164,183654,0.0,0.0
2014-08-26 00:00:00-04:00,111.8072280883789,111.8072280883789,110.65404510498047,110.79174041748047,262961,0.0,0.0
2014-08-27 00:00:00-04:00,110.94664764404297,111.5490493774414,110.1204833984375,110.67125701904297,181795,0.0,0.0
2014-08-28 00:00:00-04:00,110.2926025390625,110.63683319091797,109.53528594970703,109.7418212890625,206662,0.0,0.0
2014-08-29 00:00:00-04:00,109.896728515625,110.240966796875,109.25989532470703,109.48365020751953,219444,0.0,0.0
2014-09-02 00:00:00-04:00,109.48365020751953,110.61962127685547,109.24268341064453,109.50086212158203,359988,0.0,0.0
2014-09-03 00:00:00-04:00,110.20654296875,110.37865447998047,108.1411361694336,108.62306213378906,297530,0.0,0.0
2014-09-04 00:00:00-04:00,109.20825958251953,111.10154724121094,108.46815490722656,109.65576934814453,444174,0.0,0.0
2014-09-05 00:00:00-04:00,109.56970977783203,110.89501190185547,108.84681701660156,110.79174041748047,385610,0.0,0.0
2014-09-08 00:00:00-04:00,110.43029022216797,111.13597106933594,109.60413360595703,110.2926025390625,206487,0.0,0.0
2014-09-09 00:00:00-04:00,110.0,110.1893310546875,109.00172424316406,109.10498809814453,211019,0.0,0.0
2014-09-10 00:00:00-04:00,109.15662384033203,109.24268341064453,107.55593872070312,108.96730041503906,249307,0.0,0.0
2014-09-11 00:00:00-04:00,108.1067123413086,110.89501190185547,107.62478637695312,109.65576934814453,238152,0.0,0.0
2014-09-12 00:00:00-04:00,109.827880859375,110.1204833984375,108.3993148803711,108.57142639160156,318504,0.0,0.0
2014-09-15 00:00:00-04:00,108.2271957397461,108.2271957397461,106.05851745605469,106.35111999511719,315541,0.0,0.0
2014-09-16 00:00:00-04:00,106.17900085449219,107.65921020507812,105.66265106201172,106.93631744384766,274987,0.0,0.0
2014-09-17 00:00:00-04:00,107.16007232666016,107.48709106445312,105.18072509765625,105.30120849609375,387062,0.0,0.0
2014-09-18 00:00:00-04:00,105.80034637451172,106.59208679199219,105.21514892578125,106.45439147949219,553577,0.0,0.0
2014-09-19 00:00:00-04:00,107.10843658447266,107.28054809570312,104.99139404296875,106.29948425292969,1046613,0.0,0.0
2014-09-22 00:00:00-04:00,105.78313446044922,105.97245788574219,103.28743743896484,104.13080596923828,867142,0.0,0.0
2014-09-23 00:00:00-04:00,103.40791320800781,105.31842041015625,103.28743743896484,103.61445617675781,679828,0.0,0.0
2014-09-24 00:00:00-04:00,103.47676086425781,103.95869445800781,102.1514663696289,102.20309448242188,688311,0.0,0.0
2014-09-25 00:00:00-04:00,101.6178970336914,102.37521362304688,101.18760681152344,101.42857360839844,569903,0.0,0.0
2014-09-26 00:00:00-04:00,101.44578552246094,102.42684936523438,100.84337615966797,102.30636596679688,285503,0.0,0.0
2014-09-29 00:00:00-04:00,101.10154724121094,101.15318298339844,99.32874298095703,99.60413360595703,580129,0.0,0.0
2014-09-30 00:00:00-04:00,99.46643829345703,99.690185546875,96.78141021728516,98.0550765991211,1073572,0.0,0.0
2014-10-01 00:00:00-04:00,97.8657455444336,98.0206527709961,95.88640594482422,96.35111999511719,760006,0.0,0.0
2014-10-02 00:00:00-04:00,95.92082977294922,98.4509506225586,95.73149871826172,98.2788314819336,654787,0.0,0.0
2014-10-03 00:00:00-04:00,99.13941192626953,100.2926025390625,98.76075744628906,99.965576171875,810727,0.0,0.0
2014-10-06 00:00:00-04:00,100.06884765625,100.91221618652344,98.89845275878906,99.29431915283203,494315,0.0,0.0
2014-10-07 00:00:00-04:00,98.57142639160156,98.57142639160156,94.80206298828125,95.21514892578125,810495,0.0,0.0
2014-10-08 00:00:00-04:00,94.87091064453125,96.90189361572266,94.30292510986328,96.74698638916016,956500,0.0,0.0
2014-10-09 00:00:00-04:00,96.05851745605469,96.47160339355469,92.20309448242188,92.27194213867188,800153,0.0,0.0
2014-10-10 00:00:00-04:00,91.9104995727539,92.18588256835938,89.32874298095703,89.9483642578125,703882,0.0,0.0
2014-10-13 00:00:00-04:00,90.1204833984375,90.67125701904297,87.34939575195312,87.57315063476562,730724,0.0,0.0
2014-10-14 00:00:00-04:00,88.55421447753906,90.80895233154297,87.52151489257812,90.1376953125,709227,0.0,0.0
2014-10-15 00:00:00-04:00,88.0206527709961,91.30809020996094,87.21170043945312,91.30809020996094,870164,0.0,0.0
2014-10-16 00:00:00-04:00,89.32874298095703,95.57659149169922,88.81239318847656,94.33734893798828,945519,0.0,0.0
2014-10-17 00:00:00-04:00,95.81755828857422,96.23063659667969,93.66609191894531,94.23407745361328,843961,0.0,0.0
2014-10-20 00:00:00-04:00,94.45783233642578,95.04302978515625,93.58003234863281,94.07917022705078,468867,0.0,0.0
2014-10-21 00:00:00-04:00,94.87091064453125,99.13941192626953,94.78485107421875,98.79518127441406,617719,0.0,0.0
2014-10-22 00:00:00-04:00,98.70912170410156,99.20825958251953,95.28399658203125,95.40447235107422,443826,0.0,0.0
2014-10-23 00:00:00-04:00,90.275390625,94.30292510986328,89.7762451171875,92.99483489990234,1613321,0.0,0.0
2014-10-24 00:00:00-04:00,86.91910552978516,91.35972595214844,84.83648681640625,90.51634979248047,1264430,0.0,0.0
2014-10-27 00:00:00-04:00,90.1204833984375,90.48192596435547,88.3132553100586,88.98451232910156,676226,0.0,0.0
2014-10-28 00:00:00-04:00,90.0516357421875,90.41307830810547,89.41480255126953,90.103271484375,795273,0.0,0.0
2014-10-29 00:00:00-04:00,90.84337615966797,91.20481872558594,89.60413360595703,90.39586639404297,475084,0.0,0.0
2014-10-30 00:00:00-04:00,90.58519744873047,91.44578552246094,89.7418212890625,90.32701873779297,412742,0.0,0.0
2014-10-31 00:00:00-04:00,92.20309448242188,93.63166809082031,90.41307830810547,93.59724426269531,634626,0.0,0.0
2014-11-03 00:00:00-05:00,93.92427062988281,94.13080596923828,92.85713958740234,93.02925872802734,563802,0.0,0.0
2014-11-04 00:00:00-05:00,92.78829956054688,92.78829956054688,91.30809020996094,92.0826187133789,409547,0.0,0.0
2014-11-05 00:00:00-05:00,92.89156341552734,94.32013702392578,92.30636596679688,94.09638977050781,463987,0.0,0.0
2014-11-06 00:00:00-05:00,93.94148254394531,94.87091064453125,93.23580169677734,94.45783233642578,488505,0.0,0.0
2014-11-07 00:00:00-05:00,94.50946807861328,94.76763916015625,93.87263488769531,94.25128936767578,414544,0.0,0.0
2014-11-10 00:00:00-05:00,94.68157958984375,95.23236083984375,93.08089447021484,93.75215148925781,263367,0.0,0.0
2014-11-11 00:00:00-05:00,93.59724426269531,93.61445617675781,92.1686782836914,92.61618041992188,378463,0.0,0.0
2014-11-12 00:00:00-05:00,92.1686782836914,93.01204681396484,91.8588638305664,92.37521362304688,344649,0.0,0.0
2014-11-13 00:00:00-05:00,92.54733276367188,92.92598724365234,91.37693786621094,91.5834732055664,366204,0.0,0.0
2014-11-14 00:00:00-05:00,91.42857360839844,92.1514663696289,91.18760681152344,91.7383804321289,288467,0.0,0.0
2014-11-17 00:00:00-05:00,91.53184509277344,91.6695327758789,89.34595489501953,89.41480255126953,525050,0.0,0.0
2014-11-18 00:00:00-05:00,89.27710723876953,90.36144256591797,89.01893615722656,89.34595489501953,510699,0.0,0.0
2014-11-19 00:00:00-05:00,89.34595489501953,89.7418212890625,88.0895004272461,88.77796936035156,333029,0.0,0.0
2014-11-20 00:00:00-05:00,88.1583480834961,90.51634979248047,87.8657455444336,90.46471405029297,315251,0.0,0.0
2014-11-21 00:00:00-05:00,91.23924255371094,93.35628509521484,91.23924255371094,92.54733276367188,671636,0.0,0.0
2014-11-24 00:00:00-05:00,92.68502807617188,93.06368255615234,92.58175659179688,92.83992767333984,325941,0.0,0.0
2014-11-25 00:00:00-05:00,92.82271575927734,92.83992767333984,91.7039566040039,92.75387573242188,368180,0.0,0.0
2014-11-26 00:00:00-05:00,92.61618041992188,93.06368255615234,91.41136169433594,91.8244400024414,425060,0.0,0.0
2014-11-28 00:00:00-05:00,91.34251403808594,91.42857360839844,88.1583480834961,88.69190979003906,488272,0.0,0.0
2014-12-01 00:00:00-05:00,88.64027404785156,88.64027404785156,86.07572937011719,88.0722885131836,618997,0.0,0.0
2014-12-02 00:00:00-05:00,87.8485336303711,88.2960433959961,86.47160339355469,86.81583404541016,468751,0.0,0.0
2014-12-03 00:00:00-05:00,86.74698638916016,88.1927719116211,85.88640594482422,87.43545532226562,464451,0.0,0.0
2014-12-04 00:00:00-05:00,87.29776000976562,87.29776000976562,85.59380340576172,85.73149871826172,402691,0.0,0.0
2014-12-05 00:00:00-05:00,85.90361022949219,86.45439147949219,85.57659149169922,85.80034637451172,308221,0.0,0.0
2014-12-08 00:00:00-05:00,85.19793701171875,85.67986297607422,82.75387573242188,82.97762298583984,831934,0.0,0.0
2014-12-09 00:00:00-05:00,81.32530212402344,83.78657531738281,81.03269958496094,83.71772766113281,627306,0.0,0.0
2014-12-10 00:00:00-05:00,83.11531829833984,83.32186126708984,81.9965591430664,82.59896850585938,855929,0.0,0.0
2014-12-11 00:00:00-05:00,82.47848510742188,83.13253021240234,82.35800170898438,82.59896850585938,459164,0.0,0.0
2014-12-12 00:00:00-05:00,81.6867446899414,82.1170425415039,80.99827575683594,81.51463317871094,742169,0.0,0.0
2014-12-15 00:00:00-05:00,82.27194213867188,83.76936340332031,82.1170425415039,83.56282043457031,755184,0.0,0.0
2014-12-16 00:00:00-05:00,83.30464935302734,84.38898468017578,82.20309448242188,82.28915405273438,1169204,0.0,0.0
2014-12-17 00:00:00-05:00,81.41136169433594,81.44578552246094,78.2788314819336,81.23924255371094,2151094,0.0,0.0
2014-12-18 00:00:00-05:00,82.82271575927734,85.67986297607422,82.18588256835938,85.21514892578125,1068169,0.0,0.0
2014-12-19 00:00:00-05:00,85.67986297607422,89.25989532470703,85.21514892578125,88.79518127441406,1277270,0.0,0.0
2014-12-22 00:00:00-05:00,88.95008850097656,90.2237548828125,88.1411361694336,90.103271484375,716547,0.0,0.0
2014-12-23 00:00:00-05:00,90.39586639404297,91.48020935058594,90.275390625,90.79174041748047,437493,0.0,0.0
2014-12-24 00:00:00-05:00,90.48192596435547,90.86058807373047,89.724609375,90.1893310546875,150537,0.0,0.0
2014-12-26 00:00:00-05:00,90.77452850341797,91.25645446777344,90.172119140625,90.56798553466797,167502,0.0,0.0
2014-12-29 00:00:00-05:00,90.67125701904297,91.44578552246094,90.49913787841797,90.68846893310547,260753,0.0,0.0
2014-12-30 00:00:00-05:00,90.2926025390625,90.67125701904297,88.77796936035156,88.84681701660156,246867,0.0,0.0
2014-12-31 00:00:00-05:00,88.79518127441406,89.896728515625,88.2444076538086,88.76075744628906,229146,0.0,0.0
2015-01-02 00:00:00-05:00,89.22547149658203,89.93115234375,87.71084594726562,89.7418212890625,493037,0.0,0.0
2015-01-05 00:00:00-05:00,87.45266723632812,88.2099838256836,84.38898468017578,84.78485107421875,997926,0.0,0.0
2015-01-06 00:00:00-05:00,84.81927490234375,85.18072509765625,81.8416519165039,82.1514663696289,1122666,0.0,0.0
2015-01-07 00:00:00-05:00,82.82271575927734,83.39070892333984,81.7555923461914,82.1342544555664,518136,0.0,0.0
2015-01-08 00:00:00-05:00,83.33907318115234,83.33907318115234,81.9277114868164,82.34078979492188,759018,0.0,0.0
2015-01-09 00:00:00-05:00,82.32357788085938,83.11531829833984,81.5834732055664,82.63339233398438,890963,0.0,0.0
2015-01-12 00:00:00-05:00,82.37521362304688,82.40963745117188,80.103271484375,80.86058807373047,417332,0.0,0.0
2015-01-13 00:00:00-05:00,81.48020935058594,82.0137710571289,79.62134552001953,80.87779998779297,535275,0.0,0.0
2015-01-14 00:00:00-05:00,79.60413360595703,80.58519744873047,78.62306213378906,79.58692169189453,628293,0.0,0.0
2015-01-15 00:00:00-05:00,80.172119140625,80.79174041748047,74.28571319580078,77.17728424072266,894101,0.0,0.0
2015-01-16 00:00:00-05:00,76.66092681884766,77.34939575195312,75.54216766357422,76.97074127197266,794692,0.0,0.0
2015-01-20 00:00:00-05:00,76.97074127197266,77.74526977539062,76.66092681884766,77.43545532226562,453006,0.0,0.0
2015-01-21 00:00:00-05:00,77.31497192382812,78.77796936035156,76.59208679199219,78.3132553100586,546663,0.0,0.0
2015-01-22 00:00:00-05:00,78.69190979003906,79.690185546875,77.81411743164062,78.79518127441406,621902,0.0,0.0
2015-01-23 00:00:00-05:00,78.50257873535156,78.82960510253906,77.45266723632812,77.9345932006836,449345,0.0,0.0
2015-01-26 00:00:00-05:00,78.0034408569336,78.4337387084961,77.16007232666016,78.0722885131836,428836,0.0,0.0
2015-01-27 00:00:00-05:00,76.76419830322266,77.8485336303711,76.16178894042969,77.33218383789062,376430,0.0,0.0
2015-01-28 00:00:00-05:00,77.76248168945312,78.1067123413086,75.40447235107422,75.78313446044922,882829,0.0,0.0
2015-01-29 00:00:00-05:00,75.85198211669922,77.00516510009766,73.76936340332031,76.97074127197266,975150,0.0,0.0
2015-01-30 00:00:00-05:00,76.90189361572266,78.3304672241211,76.31669616699219,77.9862289428711,1014891,0.0,0.0
2015-02-02 00:00:00-05:00,78.57142639160156,81.6523208618164,78.3304672241211,81.6351089477539,762737,0.0,0.0
2015-02-03 00:00:00-05:00,81.9965591430664,84.75042724609375,81.9965591430664,84.57831573486328,696793,0.0,0.0
2015-02-04 00:00:00-05:00,83.82099914550781,84.56110382080078,82.96041107177734,83.76936340332031,1088271,0.0,0.0
2015-02-05 00:00:00-05:00,84.38898468017578,84.56110382080078,81.5834732055664,83.87263488769531,777029,0.0,0.0
2015-02-06 00:00:00-05:00,83.09810638427734,84.62995147705078,82.54733276367188,83.01204681396484,495942,0.0,0.0
2015-02-09 00:00:00-05:00,82.51290893554688,83.90705871582031,81.7383804321289,81.8760757446289,697607,0.0,0.0
2015-02-10 00:00:00-05:00,82.40963745117188,82.40963745117188,79.01893615722656,80.74010467529297,1979176,0.0,0.0
2015-02-11 00:00:00-05:00,80.48192596435547,82.25473022460938,79.827880859375,81.9621353149414,899562,0.0,0.0
2015-02-12 00:00:00-05:00,82.75387573242188,83.39070892333984,81.9277114868164,82.92598724365234,511222,0.0,0.0
2015-02-13 00:00:00-05:00,84.81927490234375,90.0172119140625,84.81927490234375,89.53528594970703,949877,0.0,0.0
2015-02-17 00:00:00-05:00,89.15662384033203,89.7762451171875,86.88468170166016,89.31153106689453,688892,0.0,0.0
2015-02-18 00:00:00-05:00,89.15662384033203,91.06712341308594,88.84681701660156,89.63855743408203,465439,0.0,0.0
2015-02-19 00:00:00-05:00,88.81239318847656,90.2926025390625,88.4509506225586,90.0,285387,0.0,0.0
2015-02-20 00:00:00-05:00,89.7073974609375,90.0,88.2960433959961,89.79345703125,262903,0.0,0.0
2015-02-23 00:00:00-05:00,89.53528594970703,89.690185546875,88.3993148803711,89.34595489501953,378986,0.0,0.0
2015-02-24 00:00:00-05:00,89.32874298095703,92.23751831054688,89.19104766845703,92.0309829711914,526560,0.0,0.0
2015-02-25 00:00:00-05:00,91.8072280883789,92.1170425415039,91.04991149902344,91.53184509277344,477001,0.0,0.0
2015-02-26 00:00:00-05:00,91.23924255371094,91.8760757446289,91.23924255371094,91.5834732055664,306187,0.0,0.0
2015-02-27 00:00:00-05:00,91.8244400024414,91.9277114868164,90.60240936279297,90.67125701904297,399960,0.0,0.0
2015-03-02 00:00:00-05:00,90.67125701904297,90.84337615966797,89.690185546875,90.53356170654297,299273,0.0,0.0
2015-03-03 00:00:00-05:00,90.1549072265625,90.99827575683594,89.8795166015625,90.84337615966797,200038,0.0,0.0
2015-03-04 00:00:00-05:00,90.44750213623047,90.63683319091797,88.55421447753906,89.17383575439453,765584,0.0,0.0
2015-03-05 00:00:00-05:00,88.70912170410156,89.48365020751953,88.50257873535156,89.25989532470703,216422,0.0,0.0
2015-03-06 00:00:00-05:00,88.58863830566406,89.67298126220703,86.95352935791016,87.26333618164062,265691,0.0,0.0
2015-03-09 00:00:00-04:00,87.53872680664062,87.57315063476562,86.40275573730469,86.76419830322266,318620,0.0,0.0
2015-03-10 00:00:00-04:00,85.71428680419922,86.16178894042969,84.50946807861328,84.75042724609375,420470,0.0,0.0
2015-03-11 00:00:00-04:00,84.95697021484375,84.95697021484375,83.13253021240234,84.35456085205078,555901,0.0,0.0
2015-03-12 00:00:00-04:00,84.92254638671875,85.24957275390625,83.71772766113281,84.66437530517578,297182,0.0,0.0
2015-03-13 00:00:00-04:00,84.07917022705078,84.40619659423828,82.66781616210938,83.45954895019531,323908,0.0,0.0
2015-03-16 00:00:00-04:00,83.78657531738281,84.06195831298828,82.56454467773438,83.75215148925781,378231,0.0,0.0
2015-03-17 00:00:00-04:00,83.09810638427734,83.82099914550781,81.39414978027344,82.61618041992188,436389,0.0,0.0
2015-03-18 00:00:00-04:00,82.1686782836914,84.40619659423828,80.172119140625,84.09638977050781,509595,0.0,0.0
2015-03-19 00:00:00-04:00,83.28743743896484,84.11359405517578,81.6867446899414,82.53012084960938,339130,0.0,0.0
2015-03-20 00:00:00-04:00,83.02925872802734,83.44234466552734,81.5490493774414,83.33907318115234,395893,0.0,0.0
2015-03-23 00:00:00-04:00,83.13253021240234,83.59724426269531,81.7728042602539,82.94319915771484,346102,0.0,0.0
2015-03-24 00:00:00-04:00,83.52839660644531,85.52495574951172,82.73666381835938,83.42513275146484,364345,0.0,0.0
2015-03-25 00:00:00-04:00,83.70051574707031,83.76936340332031,81.7555923461914,81.8072280883789,292998,0.0,0.0
2015-03-26 00:00:00-04:00,81.6178970336914,82.27194213867188,80.91221618652344,81.8760757446289,288989,0.0,0.0
2015-03-27 00:00:00-04:00,81.5834732055664,82.35800170898438,80.75731658935547,82.0654067993164,377069,0.0,0.0
2015-03-30 00:00:00-04:00,82.42684936523438,83.01204681396484,81.9793472290039,82.61618041992188,440688,0.0,0.0
2015-03-31 00:00:00-04:00,82.18588256835938,82.71945190429688,81.06712341308594,82.1514663696289,414311,0.0,0.0
2015-04-01 00:00:00-04:00,81.8244400024414,82.71945190429688,81.5490493774414,82.51290893554688,615860,0.0,0.0
2015-04-02 00:00:00-04:00,82.47848510742188,84.47504425048828,82.0481948852539,83.44234466552734,779644,0.0,0.0
2015-04-06 00:00:00-04:00,82.96041107177734,85.38726043701172,82.47848510742188,84.61273956298828,462592,0.0,0.0
2015-04-07 00:00:00-04:00,84.42340850830078,84.69879150390625,82.68502807617188,82.77108764648438,512849,0.0,0.0
2015-04-08 00:00:00-04:00,82.32357788085938,82.71945190429688,79.8106689453125,80.1376953125,858428,0.0,0.0
2015-04-09 00:00:00-04:00,80.309814453125,81.01548767089844,79.724609375,80.74010467529297,445976,0.0,0.0
2015-04-10 00:00:00-04:00,80.89501190185547,82.1686782836914,80.65404510498047,80.84337615966797,643516,0.0,0.0
2015-04-13 00:00:00-04:00,80.91221618652344,82.42684936523438,80.61962127685547,82.23751831054688,641482,0.0,0.0
2015-04-14 00:00:00-04:00,82.23751831054688,82.85713958740234,81.6523208618164,82.65060424804688,668034,0.0,0.0
2015-04-15 00:00:00-04:00,83.08089447021484,85.21514892578125,82.58175659179688,84.95697021484375,881261,0.0,0.0
2015-04-16 00:00:00-04:00,84.28571319580078,85.00860595703125,83.90705871582031,84.13080596923828,407049,0.0,0.0
2015-04-17 00:00:00-04:00,82.89156341552734,83.44234466552734,82.46127319335938,83.18416595458984,376488,0.0,0.0
2015-04-20 00:00:00-04:00,83.51118469238281,84.35456085205078,83.35628509521484,84.04474639892578,386423,0.0,0.0
2015-04-21 00:00:00-04:00,84.25128936767578,84.68157958984375,83.04647064208984,83.58003234863281,487517,0.0,0.0
2015-04-22 00:00:00-04:00,84.14801788330078,84.14801788330078,82.80551147460938,83.78657531738281,1200695,0.0,0.0
2015-04-23 00:00:00-04:00,81.9449234008789,85.11187744140625,80.99827575683594,84.62995147705078,1000598,0.0,0.0
2015-04-24 00:00:00-04:00,84.62995147705078,84.62995147705078,82.0826187133789,83.14974212646484,823161,0.0,0.0
2015-04-27 00:00:00-04:00,83.30464935302734,85.50774383544922,82.92598724365234,84.68157958984375,1406659,0.0,0.0
2015-04-28 00:00:00-04:00,84.33734893798828,84.80206298828125,83.09810638427734,84.33734893798828,422213,0.0,0.0
2015-04-29 00:00:00-04:00,83.88984680175781,87.36660766601562,83.88984680175781,86.72977447509766,635382,0.0,0.0
2015-04-30 00:00:00-04:00,86.43717956542969,86.59208679199219,84.92254638671875,85.35283660888672,641308,0.0,0.0
2015-05-01 00:00:00-04:00,85.69707489013672,86.52323913574219,84.97418212890625,86.05851745605469,438771,0.0,0.0
2015-05-04 00:00:00-04:00,86.29948425292969,86.59208679199219,85.52495574951172,85.98966979980469,375210,0.0,0.0
2015-05-05 00:00:00-04:00,86.07572937011719,87.9518051147461,84.92254638671875,85.71428680419922,497278,0.0,0.0
2015-05-06 00:00:00-04:00,85.78313446044922,86.21342468261719,84.85369873046875,85.64543914794922,301132,0.0,0.0
2015-05-07 00:00:00-04:00,85.74871063232422,85.74871063232422,84.49225616455078,85.24957275390625,396416,0.0,0.0
2015-05-08 00:00:00-04:00,85.98966979980469,86.28227233886719,85.30120849609375,85.57659149169922,237629,0.0,0.0
2015-05-11 00:00:00-04:00,85.52495574951172,86.50602722167969,85.19793701171875,85.86919403076172,616848,0.0,0.0
2015-05-12 00:00:00-04:00,85.73149871826172,86.47160339355469,85.11187744140625,85.83477020263672,519530,0.0,0.0
2015-05-13 00:00:00-04:00,86.41996765136719,87.77969360351562,85.85198211669922,87.52151489257812,374222,0.0,0.0
2015-05-14 00:00:00-04:00,87.9173812866211,88.98451232910156,87.36660766601562,88.76075744628906,387411,0.0,0.0
2015-05-15 00:00:00-04:00,88.3821029663086,89.43201446533203,87.69363403320312,89.22547149658203,470436,0.0,0.0
2015-05-18 00:00:00-04:00,88.98451232910156,89.63855743408203,87.76248168945312,88.82960510253906,288292,0.0,0.0
2015-05-19 00:00:00-04:00,88.88124084472656,89.44922637939453,87.40103149414062,88.74354553222656,492746,0.0,0.0
2015-05-20 00:00:00-04:00,88.70912170410156,89.7762451171875,88.0550765991211,89.39759063720703,492339,0.0,0.0
2015-05-21 00:00:00-04:00,89.27710723876953,91.51463317871094,88.98451232910156,90.61962127685547,334366,0.0,0.0
2015-05-22 00:00:00-04:00,90.46471405029297,90.91221618652344,88.82960510253906,89.17383575439453,487633,0.0,0.0
2015-05-26 00:00:00-04:00,88.77796936035156,89.29431915283203,87.29776000976562,87.79690551757812,313508,0.0,0.0
2015-05-27 00:00:00-04:00,87.8657455444336,88.82960510253906,87.07401275634766,88.72633361816406,400135,0.0,0.0
2015-05-28 00:00:00-04:00,88.62306213378906,88.76075744628906,86.47160339355469,88.2099838256836,333610,0.0,0.0
2015-05-29 00:00:00-04:00,87.9862289428711,88.58863830566406,85.88640594482422,86.72977447509766,319724,0.0,0.0
2015-06-01 00:00:00-04:00,86.88468170166016,87.29776000976562,85.97245788574219,86.86746978759766,346625,0.0,0.0
2015-06-02 00:00:00-04:00,86.50602722167969,87.9518051147461,85.95525360107422,87.65921020507812,221070,0.0,0.0
2015-06-03 00:00:00-04:00,87.36660766601562,88.76075744628906,87.05680084228516,88.1583480834961,298518,0.0,0.0
2015-06-04 00:00:00-04:00,87.76248168945312,88.46815490722656,86.50602722167969,86.91910552978516,564500,0.0,0.0
2015-06-05 00:00:00-04:00,86.67813873291016,86.98795318603516,85.64543914794922,86.74698638916016,250004,0.0,0.0
2015-06-08 00:00:00-04:00,86.48881530761719,86.78141021728516,85.12908935546875,85.50774383544922,438364,0.0,0.0
2015-06-09 00:00:00-04:00,85.71428680419922,86.43717956542969,84.97418212890625,85.19793701171875,490132,0.0,0.0
2015-06-10 00:00:00-04:00,85.61101531982422,85.83477020263672,84.62995147705078,84.90533447265625,402343,0.0,0.0
2015-06-11 00:00:00-04:00,85.19793701171875,85.59380340576172,84.14801788330078,84.76763916015625,303282,0.0,0.0
2015-06-12 00:00:00-04:00,84.47504425048828,84.62995147705078,83.94148254394531,84.30292510986328,236525,0.0,0.0
2015-06-15 00:00:00-04:00,83.94148254394531,83.94148254394531,82.71945190429688,83.30464935302734,286665,0.0,0.0
2015-06-16 00:00:00-04:00,82.73666381835938,83.09810638427734,81.27366638183594,82.23751831054688,536263,0.0,0.0
2015-06-17 00:00:00-04:00,82.42684936523438,82.77108764648438,81.11875915527344,81.6867446899414,312752,0.0,0.0
2015-06-18 00:00:00-04:00,81.9104995727539,82.35800170898438,81.29087829589844,81.6867446899414,292766,0.0,0.0
2015-06-19 00:00:00-04:00,81.6867446899414,81.6867446899414,80.94664764404297,80.94664764404297,515289,0.0,0.0
2015-06-22 00:00:00-04:00,81.9621353149414,82.0654067993164,80.79174041748047,81.44578552246094,461430,0.0,0.0
2015-06-23 00:00:00-04:00,81.34251403808594,82.44406127929688,81.03269958496094,81.9793472290039,603078,0.0,0.0
2015-06-24 00:00:00-04:00,82.0137710571289,82.56454467773438,81.5834732055664,81.6867446899414,464858,0.0,0.0
2015-06-25 00:00:00-04:00,81.5662612915039,81.8760757446289,79.8106689453125,80.39586639404297,479441,0.0,0.0
2015-06-26 00:00:00-04:00,80.51634979248047,80.80895233154297,79.965576171875,80.0860595703125,1295804,0.0,0.0
2015-06-29 00:00:00-04:00,79.36316680908203,79.79345703125,78.4337387084961,78.74354553222656,728167,0.0,0.0
2015-06-30 00:00:00-04:00,79.08778381347656,80.75731658935547,79.01893615722656,79.43201446533203,703126,0.0,0.0
2015-07-01 00:00:00-04:00,79.9139404296875,80.1549072265625,77.53872680664062,77.9690170288086,638926,0.0,0.0
2015-07-02 00:00:00-04:00,78.3304672241211,78.95008850097656,77.76248168945312,78.3821029663086,622600,0.0,0.0
2015-07-06 00:00:00-04:00,78.1239242553711,78.70912170410156,76.93631744384766,77.57315063476562,615976,0.0,0.0
2015-07-07 00:00:00-04:00,77.45266723632812,77.53872680664062,76.23063659667969,77.33218383789062,393221,0.0,0.0
2015-07-08 00:00:00-04:00,76.78141021728516,77.14286041259766,75.33562469482422,75.47332000732422,582743,0.0,0.0
2015-07-09 00:00:00-04:00,76.38554382324219,76.93631744384766,75.49053192138672,75.64543914794922,386656,0.0,0.0
2015-07-10 00:00:00-04:00,76.17900085449219,76.50602722167969,75.04302978515625,75.07745361328125,527722,0.0,0.0
2015-07-13 00:00:00-04:00,75.06024169921875,75.90361022949219,74.97418212890625,75.45610809326172,729910,0.0,0.0
2015-07-14 00:00:00-04:00,75.62822723388672,76.83304595947266,75.35283660888672,76.09294128417969,471714,0.0,0.0
2015-07-15 00:00:00-04:00,76.00688171386719,76.24784851074219,74.02754211425781,74.14801788330078,440514,0.0,0.0
2015-07-16 00:00:00-04:00,74.69879150390625,75.57659149169922,73.58003234863281,74.06195831298828,545733,0.0,0.0
2015-07-17 00:00:00-04:00,74.07917022705078,74.40619659423828,73.27022552490234,73.35628509521484,457015,0.0,0.0
2015-07-20 00:00:00-04:00,73.25301361083984,73.78657531738281,72.85713958740234,72.97762298583984,485890,0.0,0.0
2015-07-21 00:00:00-04:00,72.68502807617188,73.33907318115234,71.5834732055664,72.1170425415039,898226,0.0,0.0
2015-07-22 00:00:00-04:00,71.9965591430664,72.46127319335938,71.6006851196289,71.7211685180664,1210572,0.0,0.0
2015-07-23 00:00:00-04:00,71.22203063964844,72.80551147460938,70.0172119140625,70.60240936279297,2036114,0.0,0.0
2015-07-24 00:00:00-04:00,69.7073974609375,69.8623046875,67.52151489257812,68.0550765991211,1722258,0.0,0.0
2015-07-27 00:00:00-04:00,67.16007232666016,68.0034408569336,66.23063659667969,66.43717956542969,1319393,0.0,0.0
2015-07-28 00:00:00-04:00,66.04130554199219,66.91910552978516,65.86919403076172,66.45439147949219,1080428,0.0,0.0
2015-07-29 00:00:00-04:00,66.54045104980469,66.91910552978516,66.04130554199219,66.26506042480469,630617,0.0,0.0
2015-07-30 00:00:00-04:00,65.61101531982422,66.54045104980469,65.55937957763672,66.28227233886719,539400,0.0,0.0
2015-07-31 00:00:00-04:00,66.48881530761719,67.12564849853516,65.33562469482422,65.64543914794922,893752,0.0,0.0
2015-08-03 00:00:00-04:00,65.49053192138672,66.07572937011719,64.69879150390625,65.30120849609375,565836,0.0,0.0
2015-08-04 00:00:00-04:00,65.31842041015625,66.17900085449219,65.09466552734375,65.31842041015625,692610,0.0,0.0
2015-08-05 00:00:00-04:00,65.40447235107422,67.45266723632812,65.40447235107422,66.83304595947266,717709,0.0,0.0
2015-08-06 00:00:00-04:00,67.64199829101562,69.15662384033203,67.31497192382812,68.84681701660156,1024942,0.0,0.0
2015-08-07 00:00:00-04:00,68.70912170410156,70.0860595703125,68.60585021972656,69.05335235595703,843844,0.0,0.0
2015-08-10 00:00:00-04:00,69.56970977783203,71.7555923461914,69.48365020751953,71.53184509277344,557121,0.0,0.0
2015-08-11 00:00:00-04:00,70.65404510498047,71.37693786621094,69.93115234375,70.20654296875,559445,0.0,0.0
2015-08-12 00:00:00-04:00,69.62134552001953,70.20654296875,68.96730041503906,69.79345703125,501519,0.0,0.0
2015-08-13 00:00:00-04:00,69.39759063720703,69.7418212890625,67.36660766601562,67.50430297851562,523249,0.0,0.0
2015-08-14 00:00:00-04:00,67.59036254882812,68.2960433959961,67.55593872070312,67.8657455444336,351273,0.0,0.0
2015-08-17 00:00:00-04:00,67.9001693725586,68.58863830566406,66.69535064697266,68.58863830566406,553228,0.0,0.0
2015-08-18 00:00:00-04:00,68.57142639160156,68.95008850097656,68.3648910522461,68.84681701660156,490596,0.0,0.0
2015-08-19 00:00:00-04:00,68.95008850097656,69.12220001220703,67.24612426757812,67.8485336303711,1017505,0.0,0.0
2015-08-20 00:00:00-04:00,67.55593872070312,67.55593872070312,64.80206298828125,64.88812255859375,786616,0.0,0.0
2015-08-21 00:00:00-04:00,64.54389190673828,66.02409362792969,63.88984680175781,64.06195831298828,863424,0.0,0.0
2015-08-24 00:00:00-04:00,60.74010467529297,65.30120849609375,60.464717864990234,63.253013610839844,1142014,0.0,0.0
2015-08-25 00:00:00-04:00,64.99139404296875,65.00860595703125,62.66781234741211,62.71944808959961,929774,0.0,0.0
2015-08-26 00:00:00-04:00,63.90705871582031,63.90705871582031,62.495697021484375,63.012046813964844,807532,0.0,0.0
2015-08-27 00:00:00-04:00,63.64888000488281,65.90361022949219,63.45955276489258,65.43889617919922,695515,0.0,0.0
2015-08-28 00:00:00-04:00,65.04302978515625,67.60757446289062,65.04302978515625,66.93631744384766,474793,0.0,0.0
2015-08-31 00:00:00-04:00,66.71256256103516,67.31497192382812,65.14630126953125,66.76419830322266,517555,0.0,0.0
2015-09-01 00:00:00-04:00,65.62822723388672,66.19621276855469,63.95869064331055,64.14801788330078,497568,0.0,0.0
2015-09-02 00:00:00-04:00,64.69879150390625,64.93975830078125,62.89156723022461,63.70051574707031,544804,0.0,0.0
2015-09-03 00:00:00-04:00,63.029258728027344,64.47504425048828,63.029258728027344,63.58003234863281,474561,0.0,0.0
2015-09-04 00:00:00-04:00,62.85714340209961,63.44234085083008,62.512908935546875,62.564544677734375,308743,0.0,0.0
2015-09-08 00:00:00-04:00,64.56110382080078,65.40447235107422,63.64888000488281,64.26850128173828,494605,0.0,0.0
2015-09-09 00:00:00-04:00,64.59552764892578,65.59380340576172,63.76936340332031,63.83821105957031,242335,0.0,0.0
2015-09-10 00:00:00-04:00,63.37349319458008,64.04474639892578,62.96041488647461,63.54561233520508,345695,0.0,0.0
2015-09-11 00:00:00-04:00,63.115318298339844,63.45955276489258,62.22031021118164,62.66781234741211,351912,0.0,0.0
2015-09-14 00:00:00-04:00,62.616180419921875,62.83993148803711,61.35972595214844,61.721168518066406,300726,0.0,0.0
2015-09-15 00:00:00-04:00,61.876075744628906,62.70223617553711,61.772804260253906,62.27194595336914,452425,0.0,0.0
2015-09-16 00:00:00-04:00,62.426849365234375,64.25128936767578,62.16867446899414,64.13080596923828,779005,0.0,0.0
2015-09-17 00:00:00-04:00,64.26850128173828,64.35456085205078,62.01376724243164,62.18588638305664,542828,0.0,0.0
2015-09-18 00:00:00-04:00,60.58519744873047,60.60240936279297,58.89845275878906,59.0189323425293,976893,0.0,0.0
2015-09-21 00:00:00-04:00,59.24268341064453,59.31153106689453,57.09122085571289,57.22891616821289,935119,0.0,0.0
2015-09-22 00:00:00-04:00,56.54044723510742,56.764198303222656,55.370052337646484,55.78313446044922,789463,0.0,0.0
2015-09-23 00:00:00-04:00,55.83476638793945,56.14457702636719,54.647159576416016,54.87091064453125,698711,0.0,0.0
2015-09-24 00:00:00-04:00,54.18244552612305,54.99139404296875,52.92599105834961,53.029258728027344,986247,0.0,0.0
2015-09-25 00:00:00-04:00,53.33906936645508,53.59724426269531,51.996559143066406,52.375213623046875,985260,0.0,0.0
2015-09-28 00:00:00-04:00,51.60068893432617,52.25473403930664,50.430294036865234,50.8089485168457,994672,0.0,0.0
2015-09-29 00:00:00-04:00,50.9810676574707,51.962135314941406,50.58519744873047,51.0671272277832,853780,0.0,0.0
2015-09-30 00:00:00-04:00,51.34251403808594,51.66953659057617,50.8089485168457,51.48020553588867,1073572,0.0,0.0
2015-10-01 00:00:00-04:00,51.60068893432617,52.11703872680664,50.1204833984375,50.309810638427734,877949,0.0,0.0
2015-10-02 00:00:00-04:00,49.46643829345703,51.10154724121094,48.86402893066406,51.10154724121094,1175537,0.0,0.0
2015-10-05 00:00:00-04:00,50.1376953125,51.56626510620117,49.9483642578125,50.9982795715332,1762173,0.0,0.0
2015-10-06 00:00:00-04:00,51.0327033996582,52.25473403930664,50.9982795715332,51.37693786621094,3258945,0.0,0.0
2015-10-07 00:00:00-04:00,51.996559143066406,53.35628128051758,51.893287658691406,53.012046813964844,3477053,0.0,0.0
2015-10-08 00:00:00-04:00,52.96041488647461,55.180721282958984,52.633392333984375,55.04302978515625,2530313,0.0,0.0
2015-10-09 00:00:00-04:00,55.12908935546875,55.473323822021484,53.201377868652344,53.28743362426758,1449421,0.0,0.0
2015-10-12 00:00:00-04:00,53.201377868652344,53.32185745239258,51.66953659057617,52.495697021484375,1116275,0.0,0.0
2015-10-13 00:00:00-04:00,51.979347229003906,52.06540298461914,50.60240936279297,50.8261604309082,1322647,0.0,0.0
2015-10-14 00:00:00-04:00,49.9139404296875,49.9139404296875,43.098106384277344,45.86919021606445,7046019,0.0,0.0
2015-10-15 00:00:00-04:00,45.249568939208984,47.67641830444336,44.526676177978516,47.521514892578125,3350743,0.0,0.0
2015-10-16 00:00:00-04:00,47.76247787475586,48.62306213378906,47.07400894165039,48.31325149536133,2053022,0.0,0.0
2015-10-19 00:00:00-04:00,47.93459701538086,48.123924255371094,46.57487106323242,46.987953186035156,1240609,0.0,0.0
2015-10-20 00:00:00-04:00,46.987953186035156,48.29603958129883,46.901893615722656,47.74526596069336,722241,0.0,0.0
2015-10-21 00:00:00-04:00,47.76247787475586,48.072288513183594,46.987953186035156,47.28055191040039,653335,0.0,0.0
2015-10-22 00:00:00-04:00,47.366607666015625,49.44922637939453,47.28055191040039,48.278831481933594,926869,0.0,0.0
2015-10-23 00:00:00-04:00,48.36488723754883,48.88124084472656,48.003440856933594,48.003440856933594,936223,0.0,0.0
2015-10-26 00:00:00-04:00,48.037864685058594,48.261619567871094,46.850257873535156,46.936317443847656,932505,0.0,0.0
2015-10-27 00:00:00-04:00,46.64371871948242,46.746986389160156,45.43889617919922,46.35111999511719,896948,0.0,0.0
2015-10-28 00:00:00-04:00,46.29948425292969,47.69363021850586,46.05852127075195,46.55765914916992,744610,0.0,0.0
2015-10-29 00:00:00-04:00,46.31669616699219,47.12564468383789,46.28227233886719,46.38554382324219,869931,0.0,0.0
2015-10-30 00:00:00-04:00,46.64371871948242,47.14285659790039,46.12736511230469,46.40275573730469,773776,0.0,0.0
2015-11-02 00:00:00-05:00,46.52323532104492,48.77796936035156,46.52323532104492,48.48537063598633,642644,0.0,0.0
2015-11-03 00:00:00-05:00,48.60585021972656,49.741825103759766,47.538726806640625,49.25989532470703,704985,0.0,0.0
2015-11-04 00:00:00-05:00,49.759037017822266,50.344234466552734,49.31153106689453,49.8795166015625,858079,0.0,0.0
2015-11-05 00:00:00-05:00,49.793460845947266,50.56798553466797,49.621341705322266,50.189327239990234,933028,0.0,0.0
2015-11-06 00:00:00-05:00,50.0516357421875,50.378658294677734,49.2082633972168,50.034423828125,424537,0.0,0.0
2015-11-09 00:00:00-05:00,50.0172119140625,50.154903411865234,48.45094680786133,49.535282135009766,1036911,0.0,0.0
2015-11-10 00:00:00-05:00,49.22547149658203,50.430294036865234,48.9328727722168,50.395870208740234,892648,0.0,0.0
2015-11-11 00:00:00-05:00,50.58519744873047,50.68846893310547,46.69535446166992,46.833045959472656,1169146,0.0,0.0
2015-11-12 00:00:00-05:00,46.41996765136719,47.03958511352539,45.67986297607422,45.73149871826172,929484,0.0,0.0
2015-11-13 00:00:00-05:00,45.404476165771484,46.05852127075195,45.163509368896484,45.421688079833984,633581,0.0,0.0
2015-11-16 00:00:00-05:00,45.490535736083984,46.33390808105469,45.00860595703125,45.62822723388672,726947,0.0,0.0
2015-11-17 00:00:00-05:00,45.71428680419922,45.71428680419922,44.32013702392578,44.509464263916016,492107,0.0,0.0
2015-11-18 00:00:00-05:00,44.92254638671875,45.67986297607422,44.629947662353516,45.52495574951172,478163,0.0,0.0
2015-11-19 00:00:00-05:00,45.11187744140625,45.80034255981445,44.802066802978516,45.64543914794922,534752,0.0,0.0
2015-11-20 00:00:00-05:00,45.93803787231445,46.953529357910156,45.90361404418945,46.59208297729492,1157294,0.0,0.0
2015-11-23 00:00:00-05:00,46.57487106323242,46.746986389160156,45.163509368896484,45.55937957763672,573215,0.0,0.0
2015-11-24 00:00:00-05:00,45.490535736083984,47.19449234008789,45.490535736083984,46.729774475097656,770348,0.0,0.0
2015-11-25 00:00:00-05:00,46.36832809448242,47.14285659790039,46.21342468261719,46.815834045410156,429243,0.0,0.0
2015-11-27 00:00:00-05:00,46.66093063354492,46.936317443847656,45.421688079833984,45.64543914794922,171279,0.0,0.0
2015-11-30 00:00:00-05:00,45.90361404418945,47.22891616821289,45.50774383544922,46.59208297729492,784292,0.0,0.0
2015-12-01 00:00:00-05:00,46.60929489135742,46.798622131347656,46.05852127075195,46.57487106323242,522551,0.0,0.0
2015-12-02 00:00:00-05:00,46.31669616699219,47.005165100097656,45.86919021606445,45.97246170043945,667337,0.0,0.0
2015-12-03 00:00:00-05:00,46.24784851074219,46.66093063354492,45.370052337646484,46.29948425292969,973524,0.0,0.0
2015-12-04 00:00:00-05:00,48.158348083496094,48.51979446411133,44.681583404541016,45.04302978515625,768140,0.0,0.0
2015-12-07 00:00:00-05:00,44.698795318603516,44.93975830078125,42.65060043334961,42.97762680053711,774241,0.0,0.0
2015-12-08 00:00:00-05:00,42.32358169555664,42.409637451171875,41.17039489746094,41.996559143066406,1061022,0.0,0.0
2015-12-09 00:00:00-05:00,41.738380432128906,43.218589782714844,41.42856979370117,41.54905319213867,607900,0.0,0.0
2015-12-10 00:00:00-05:00,41.29087829589844,42.13425064086914,41.11875915527344,41.772804260253906,530046,0.0,0.0
2015-12-11 00:00:00-05:00,41.48020553588867,41.65232467651367,40.63683319091797,41.15318298339844,829842,0.0,0.0
2015-12-14 00:00:00-05:00,41.0154914855957,41.60068893432617,39.8623046875,40.430294036865234,867665,0.0,0.0
2015-12-15 00:00:00-05:00,40.58519744873047,41.30809020996094,39.586917877197266,39.896728515625,699234,0.0,0.0
2015-12-16 00:00:00-05:00,40.103271484375,41.65232467651367,40.0860595703125,40.481929779052734,1566957,0.0,0.0
2015-12-17 00:00:00-05:00,40.77452850341797,41.25645446777344,39.655765533447266,39.965576171875,673728,0.0,0.0
2015-12-18 00:00:00-05:00,39.55249786376953,40.1204833984375,37.452667236328125,37.86574935913086,1704189,0.0,0.0
2015-12-21 00:00:00-05:00,37.84853744506836,38.65748596191406,37.65920639038086,38.209983825683594,1012509,0.0,0.0
2015-12-22 00:00:00-05:00,38.41652297973633,39.1738395690918,37.93459701538086,38.84681701660156,823568,0.0,0.0
2015-12-23 00:00:00-05:00,39.48365020751953,41.34251403808594,39.48365020751953,41.18760681152344,928670,0.0,0.0
2015-12-24 00:00:00-05:00,41.25645446777344,41.54905319213867,40.8089485168457,41.22203063964844,187314,0.0,0.0
2015-12-28 00:00:00-05:00,40.7917366027832,41.0327033996582,39.535282135009766,39.8795166015625,364868,0.0,0.0
2015-12-29 00:00:00-05:00,40.258174896240234,40.481929779052734,39.0361442565918,40.103271484375,490422,0.0,0.0
2015-12-30 00:00:00-05:00,39.896728515625,40.74010467529297,39.707401275634766,40.223751068115234,722415,0.0,0.0
2015-12-31 00:00:00-05:00,39.9483642578125,40.8261604309082,39.9483642578125,40.189327239990234,488737,0.0,0.0
2016-01-04 00:00:00-05:00,39.518070220947266,41.39414978027344,39.39759063720703,40.8605842590332,875160,0.0,0.0
2016-01-05 00:00:00-05:00,41.0154914855957,41.08433532714844,39.724613189697266,39.9483642578125,715269,0.0,0.0
2016-01-06 00:00:00-05:00,39.1049919128418,39.655765533447266,37.590362548828125,37.81411361694336,844600,0.0,0.0
2016-01-07 00:00:00-05:00,37.10843276977539,37.10843276977539,35.55937957763672,36.11015319824219,837337,0.0,0.0
2016-01-08 00:00:00-05:00,36.35111999511719,36.59208297729492,34.87091064453125,34.93975830078125,786674,0.0,0.0
2016-01-11 00:00:00-05:00,35.215145111083984,35.45610809326172,34.45783233642578,35.09466552734375,752627,0.0,0.0
2016-01-12 00:00:00-05:00,35.74871063232422,36.45438766479492,34.802066802978516,35.64543914794922,1039874,0.0,0.0
2016-01-13 00:00:00-05:00,35.83476638793945,36.66093063354492,34.802066802978516,35.02581787109375,582917,0.0,0.0
2016-01-14 00:00:00-05:00,34.836490631103516,36.21342468261719,34.35456085205078,35.67986297607422,840126,0.0,0.0
2016-01-15 00:00:00-05:00,34.40619659423828,34.88812255859375,33.58003234863281,34.47504425048828,694934,0.0,0.0
2016-01-19 00:00:00-05:00,35.11187744140625,35.80034255981445,32.83993148803711,33.32185745239258,914726,0.0,0.0
2016-01-20 00:00:00-05:00,32.633392333984375,34.01032638549805,31.445783615112305,33.201377868652344,1392948,0.0,0.0
2016-01-21 00:00:00-05:00,32.03097915649414,34.28571319580078,31.359725952148438,33.70051574707031,1271925,0.0,0.0
2016-01-22 00:00:00-05:00,34.595523834228516,36.45438766479492,34.01032638549805,34.509464263916016,819733,0.0,0.0
2016-01-25 00:00:00-05:00,34.07917404174805,34.95697021484375,33.40791702270508,33.44234085083008,1088678,0.0,0.0
2016-01-26 00:00:00-05:00,34.01032638549805,36.29948425292969,33.73493957519531,36.09294128417969,610282,0.0,0.0
2016-01-27 00:00:00-05:00,36.23063659667969,37.452667236328125,35.283992767333984,36.47159957885742,883527,0.0,0.0
2016-01-28 00:00:00-05:00,37.02237319946289,37.435455322265625,35.93803787231445,36.31669616699219,605693,0.0,0.0
2016-01-29 00:00:00-05:00,36.48881149291992,38.175559997558594,36.23063659667969,38.106712341308594,626725,0.0,0.0
2016-02-01 00:00:00-05:00,37.452667236328125,37.487091064453125,35.81755447387695,36.62650680541992,960044,0.0,0.0
2016-02-02 00:00:00-05:00,35.95524978637695,35.98967361450195,35.249568939208984,35.55937957763672,529233,0.0,0.0
2016-02-03 00:00:00-05:00,36.21342468261719,37.056800842285156,34.802066802978516,36.815834045410156,892997,0.0,0.0
2016-02-04 00:00:00-05:00,38.72633361816406,43.35628128051758,38.141136169433594,42.478485107421875,1473416,0.0,0.0
2016-02-05 00:00:00-05:00,42.83993148803711,44.40619659423828,41.910499572753906,43.78657531738281,1019829,0.0,0.0
2016-02-08 00:00:00-05:00,43.28743362426758,43.63167190551758,41.944923400878906,43.029258728027344,799805,0.0,0.0
2016-02-09 00:00:00-05:00,42.530120849609375,43.66609191894531,41.790016174316406,42.73666000366211,724275,0.0,0.0
2016-02-10 00:00:00-05:00,42.73666000366211,43.47676467895508,41.858863830566406,41.910499572753906,646421,0.0,0.0
2016-02-11 00:00:00-05:00,41.17039489746094,42.616180419921875,40.344234466552734,41.34251403808594,616848,0.0,0.0
2016-02-12 00:00:00-05:00,42.03097915649414,43.44234085083008,41.58347702026367,42.943199157714844,543642,0.0,0.0
2016-02-16 00:00:00-05:00,43.42512893676758,43.92427062988281,42.28915786743164,43.59724426269531,411290,0.0,0.0
2016-02-17 00:00:00-05:00,44.18244552612305,45.64543914794922,43.80378723144531,45.07745361328125,577921,0.0,0.0
2016-02-18 00:00:00-05:00,45.318416595458984,45.490535736083984,43.66609191894531,44.526676177978516,632709,0.0,0.0
2016-02-19 00:00:00-05:00,43.88984680175781,44.25128936767578,42.73666000366211,43.54561233520508,384041,0.0,0.0
2016-02-22 00:00:00-05:00,44.35456085205078,45.09466552734375,43.59724426269531,44.40619659423828,522145,0.0,0.0
2016-02-23 00:00:00-05:00,44.19965744018555,44.681583404541016,43.49397659301758,43.52840042114258,477756,0.0,0.0
2016-02-24 00:00:00-05:00,42.71944808959961,43.76936340332031,41.944923400878906,43.66609191894531,523888,0.0,0.0
2016-02-25 00:00:00-05:00,43.63167190551758,43.82099914550781,42.32358169555664,43.201377868652344,808171,0.0,0.0
2016-02-26 00:00:00-05:00,43.56282424926758,44.733219146728516,43.235801696777344,44.28571319580078,444349,0.0,0.0
2016-02-29 00:00:00-05:00,44.35456085205078,44.750431060791016,43.184165954589844,43.56282424926758,541318,0.0,0.0
2016-03-01 00:00:00-05:00,44.01032638549805,44.802066802978516,42.97762680053711,44.35456085205078,973872,0.0,0.0
2016-03-02 00:00:00-05:00,44.06196212768555,45.69707489013672,43.99311447143555,45.62822723388672,717826,0.0,0.0
2016-03-03 00:00:00-05:00,45.73149871826172,47.69363021850586,45.73149871826172,46.67814254760742,983226,0.0,0.0
2016-03-04 00:00:00-05:00,46.867469787597656,48.81239318847656,45.73149871826172,47.24612808227539,728342,0.0,0.0
2016-03-07 00:00:00-05:00,47.21170425415039,48.82960510253906,46.901893615722656,48.77796936035156,727005,0.0,0.0
2016-03-08 00:00:00-05:00,48.020652770996094,48.227195739746094,46.11015319824219,47.03958511352539,1361399,0.0,0.0
2016-03-09 00:00:00-05:00,47.573150634765625,47.93459701538086,46.62650680541992,47.07400894165039,446440,0.0,0.0
2016-03-10 00:00:00-05:00,47.02237319946289,47.366607666015625,46.16178894042969,47.07400894165039,561246,0.0,0.0
2016-03-11 00:00:00-05:00,48.037864685058594,49.638553619384766,47.74526596069336,49.1222038269043,576410,0.0,0.0
2016-03-14 00:00:00-04:00,48.261619567871094,49.39759063720703,47.81411361694336,48.227195739746094,557063,0.0,0.0
2016-03-15 00:00:00-04:00,47.67641830444336,47.67641830444336,46.19621276855469,47.34939956665039,738858,0.0,0.0
2016-03-16 00:00:00-04:00,47.452667236328125,48.9672966003418,46.60929489135742,48.82960510253906,483857,0.0,0.0
2016-03-17 00:00:00-04:00,48.72633361816406,50.75731658935547,48.46815872192383,50.0172119140625,696793,0.0,0.0
2016-03-18 00:00:00-04:00,50.275386810302734,51.738380432128906,49.9139404296875,51.32530212402344,1640105,0.0,0.0
2016-03-21 00:00:00-04:00,51.17039489746094,51.944923400878906,50.70568084716797,51.44578170776367,369109,0.0,0.0
2016-03-22 00:00:00-04:00,50.75731658935547,51.858863830566406,50.74010467529297,51.18760681152344,425989,0.0,0.0
2016-03-23 00:00:00-04:00,50.70568084716797,50.9810676574707,49.24268341064453,49.535282135009766,537948,0.0,0.0
2016-03-24 00:00:00-04:00,48.77796936035156,49.38037872314453,47.504302978515625,48.84681701660156,760936,0.0,0.0
2016-03-28 00:00:00-04:00,49.0017204284668,49.0877799987793,47.607574462890625,48.72633361816406,848551,0.0,0.0
2016-03-29 00:00:00-04:00,48.072288513183594,49.8795166015625,46.987953186035156,49.690189361572266,515405,0.0,0.0
2016-03-30 00:00:00-04:00,50.430294036865234,50.53356170654297,49.1738395690918,49.604129791259766,293986,0.0,0.0
2016-03-31 00:00:00-04:00,49.48365020751953,50.0172119140625,48.9672966003418,49.2082633972168,481184,0.0,0.0
2016-04-01 00:00:00-04:00,48.39931106567383,50.8950080871582,47.84853744506836,50.68846893310547,705218,0.0,0.0
2016-04-04 00:00:00-04:00,50.8433723449707,52.08261489868164,49.8623046875,50.034423828125,659784,0.0,0.0
2016-04-05 00:00:00-04:00,49.27710723876953,49.48365020751953,48.209983825683594,48.34767532348633,494780,0.0,0.0
2016-04-06 00:00:00-04:00,48.74354553222656,48.81239318847656,47.28055191040039,48.278831481933594,414776,0.0,0.0
2016-04-07 00:00:00-04:00,47.65920639038086,48.089500427246094,47.22891616821289,47.538726806640625,335063,0.0,0.0
2016-04-08 00:00:00-04:00,48.34767532348633,49.8795166015625,47.624786376953125,48.41652297973633,404841,0.0,0.0
2016-04-11 00:00:00-04:00,48.84681701660156,49.690189361572266,47.84853744506836,49.1738395690918,256802,0.0,0.0
2016-04-12 00:00:00-04:00,49.39759063720703,51.30809020996094,48.9672966003418,50.60240936279297,518717,0.0,0.0
2016-04-13 00:00:00-04:00,51.0154914855957,54.09638595581055,51.0154914855957,54.09638595581055,866503,0.0,0.0
2016-04-14 00:00:00-04:00,54.42340850830078,54.716007232666016,53.87263488769531,54.11359786987305,722009,0.0,0.0
2016-04-15 00:00:00-04:00,53.63167190551758,54.09638595581055,52.82271957397461,53.70051574707031,311765,0.0,0.0
2016-04-18 00:00:00-04:00,52.34079360961914,54.14802169799805,51.32530212402344,53.32185745239258,549103,0.0,0.0
2016-04-19 00:00:00-04:00,53.66609191894531,55.352840423583984,53.33906936645508,55.335628509521484,1047892,0.0,0.0
2016-04-20 00:00:00-04:00,55.301204681396484,55.54216766357422,54.54389190673828,54.819278717041016,534578,0.0,0.0
2016-04-21 00:00:00-04:00,54.99139404296875,56.17900085449219,54.836490631103516,55.318416595458984,646653,0.0,0.0
2016-04-22 00:00:00-04:00,55.266780853271484,56.17900085449219,55.07745361328125,55.88640213012695,368877,0.0,0.0
2016-04-25 00:00:00-04:00,55.57659149169922,56.26506042480469,54.716007232666016,55.07745361328125,310661,0.0,0.0
2016-04-26 00:00:00-04:00,55.54216766357422,56.67814254760742,54.92254638671875,56.62650680541992,406468,0.0,0.0
2016-04-27 00:00:00-04:00,56.764198303222656,57.88296127319336,56.64371871948242,57.77968978881836,410302,0.0,0.0
2016-04-28 00:00:00-04:00,57.573150634765625,57.641998291015625,55.50774383544922,55.66265106201172,354178,0.0,0.0
2016-04-29 00:00:00-04:00,55.62822723388672,56.11015319824219,54.819278717041016,55.81755447387695,497685,0.0,0.0
2016-05-02 00:00:00-04:00,55.78313446044922,55.86919021606445,54.23407745361328,55.163509368896484,669022,0.0,0.0
2016-05-03 00:00:00-04:00,55.163509368896484,55.69707489013672,48.67469787597656,48.72633361816406,2274906,0.0,0.0
2016-05-04 00:00:00-04:00,48.41652297973633,48.9672966003418,44.647159576416016,44.853702545166016,2401331,0.0,0.0
2016-05-05 00:00:00-04:00,44.95697021484375,45.283992767333984,43.59724426269531,43.64888000488281,1124700,0.0,0.0
2016-05-06 00:00:00-04:00,43.218589782714844,43.90705871582031,42.90877914428711,43.71772766113281,1911374,0.0,0.0
2016-05-09 00:00:00-04:00,43.59724426269531,43.83821105957031,42.547332763671875,43.63167190551758,1218415,0.0,0.0
2016-05-10 00:00:00-04:00,43.83821105957031,45.335628509521484,43.73493957519531,44.802066802978516,1089782,0.0,0.0
2016-05-11 00:00:00-04:00,44.836490631103516,45.52495574951172,44.47504425048828,44.733219146728516,883469,0.0,0.0
2016-05-12 00:00:00-04:00,45.370052337646484,45.52495574951172,43.82099914550781,44.25128936767578,573738,0.0,0.0
2016-05-13 00:00:00-04:00,43.92427062988281,44.767642974853516,42.80550765991211,42.96041488647461,519182,0.0,0.0
2016-05-16 00:00:00-04:00,43.54561233520508,44.42340850830078,43.33906936645508,43.68330383300781,375907,0.0,0.0
2016-05-17 00:00:00-04:00,44.664371490478516,45.85197830200195,43.85542297363281,45.12908935546875,855871,0.0,0.0
2016-05-18 00:00:00-04:00,44.23407745361328,45.06024169921875,43.58003234863281,43.82099914550781,751524,0.0,0.0
2016-05-19 00:00:00-04:00,43.270225524902344,43.63167190551758,42.461273193359375,42.96041488647461,633348,0.0,0.0
2016-05-20 00:00:00-04:00,43.115318298339844,44.09638595581055,42.92599105834961,44.07917404174805,454516,0.0,0.0
2016-05-23 00:00:00-04:00,43.68330383300781,44.819278717041016,43.54561233520508,44.37177276611328,495825,0.0,0.0
2016-05-24 00:00:00-04:00,44.87091064453125,46.52323532104492,44.38898468017578,46.33390808105469,1796626,0.0,0.0
2016-05-25 00:00:00-04:00,46.798622131347656,47.607574462890625,46.41996765136719,46.936317443847656,647641,0.0,0.0
2016-05-26 00:00:00-04:00,46.936317443847656,47.555938720703125,46.07572937011719,46.07572937011719,423026,0.0,0.0
2016-05-27 00:00:00-04:00,46.12736511230469,46.28227233886719,45.55937957763672,46.12736511230469,287246,0.0,0.0
2016-05-31 00:00:00-04:00,46.35111999511719,47.056800842285156,46.31669616699219,46.62650680541992,386249,0.0,0.0
2016-06-01 00:00:00-04:00,46.02409744262695,46.764198303222656,45.421688079833984,46.59208297729492,361673,0.0,0.0
2016-06-02 00:00:00-04:00,46.33390808105469,48.39931106567383,46.31669616699219,48.36488723754883,442896,0.0,0.0
2016-06-03 00:00:00-04:00,48.46815872192383,49.0189323425293,47.77968978881836,48.50258255004883,606855,0.0,0.0
2016-06-06 00:00:00-04:00,48.9672966003418,50.72289276123047,48.48537063598633,50.56798553466797,459861,0.0,0.0
2016-06-07 00:00:00-04:00,50.9638557434082,51.23924255371094,50.327022552490234,50.56798553466797,492339,0.0,0.0
2016-06-08 00:00:00-04:00,50.9638557434082,51.22203063964844,50.56798553466797,50.8950080871582,697665,0.0,0.0
2016-06-09 00:00:00-04:00,50.240962982177734,50.240962982177734,49.46643829345703,49.707401275634766,587740,0.0,0.0
2016-06-10 00:00:00-04:00,49.44922637939453,49.50086212158203,47.77968978881836,47.96902084350586,778947,0.0,0.0
2016-06-13 00:00:00-04:00,47.538726806640625,48.57143020629883,47.28055191040039,47.72805404663086,415996,0.0,0.0
2016-06-14 00:00:00-04:00,47.418243408203125,48.46815872192383,47.16006851196289,48.46815872192383,476594,0.0,0.0
2016-06-15 00:00:00-04:00,48.53700637817383,49.32874298095703,48.055076599121094,48.244407653808594,500183,0.0,0.0
2016-06-16 00:00:00-04:00,47.74526596069336,48.003440856933594,46.52323532104492,47.951805114746094,396242,0.0,0.0
2016-06-17 00:00:00-04:00,48.209983825683594,49.50086212158203,48.123924255371094,48.81239318847656,544571,0.0,0.0
2016-06-20 00:00:00-04:00,50.0860595703125,51.755592346191406,49.93115234375,50.8605842590332,707658,0.0,0.0
2016-06-21 00:00:00-04:00,50.65404510498047,50.9294319152832,50.0172119140625,50.481929779052734,536728,0.0,0.0
2016-06-22 00:00:00-04:00,50.77452850341797,51.70396041870117,50.72289276123047,51.44578170776367,753615,0.0,0.0
2016-06-23 00:00:00-04:00,52.25473403930664,53.063682556152344,52.11703872680664,53.012046813964844,499079,0.0,0.0
2016-06-24 00:00:00-04:00,50.1204833984375,50.395870208740234,45.76592254638672,46.28227233886719,1311433,0.0,0.0
2016-06-27 00:00:00-04:00,45.163509368896484,45.67986297607422,42.375213623046875,43.33906936645508,851339,0.0,0.0
2016-06-28 00:00:00-04:00,44.32013702392578,44.767642974853516,43.82099914550781,44.37177276611328,804685,0.0,0.0
2016-06-29 00:00:00-04:00,45.12908935546875,45.45610809326172,44.13080978393555,44.18244552612305,780748,0.0,0.0
2016-06-30 00:00:00-04:00,44.578311920166016,45.80034255981445,43.68330383300781,45.54216766357422,992116,0.0,0.0
2016-07-01 00:00:00-04:00,45.352840423583984,46.746986389160156,45.335628509521484,45.71428680419922,592620,0.0,0.0
2016-07-05 00:00:00-04:00,45.352840423583984,45.352840423583984,43.35628128051758,44.38898468017578,428023,0.0,0.0
2016-07-06 00:00:00-04:00,43.94147872924805,45.370052337646484,43.76936340332031,45.283992767333984,539284,0.0,0.0
2016-07-07 00:00:00-04:00,45.45610809326172,46.901893615722656,45.318416595458984,45.98967361450195,459978,0.0,0.0
2016-07-08 00:00:00-04:00,46.798622131347656,48.003440856933594,46.798622131347656,47.84853744506836,383402,0.0,0.0
2016-07-11 00:00:00-04:00,48.38209915161133,49.638553619384766,48.192771911621094,48.60585021972656,548638,0.0,0.0
2016-07-12 00:00:00-04:00,49.32874298095703,50.154903411865234,49.1910514831543,49.1910514831543,478453,0.0,0.0
2016-07-13 00:00:00-04:00,49.2082633972168,49.569705963134766,47.91738510131836,48.227195739746094,393802,0.0,0.0
2016-07-14 00:00:00-04:00,48.9672966003418,49.569705963134766,48.65748596191406,49.0017204284668,339072,0.0,0.0
2016-07-15 00:00:00-04:00,49.741825103759766,49.827884674072266,49.0533561706543,49.621341705322266,196378,0.0,0.0
2016-07-18 00:00:00-04:00,49.50086212158203,49.8623046875,48.9672966003418,49.741825103759766,318388,0.0,0.0
2016-07-19 00:00:00-04:00,48.84681701660156,49.25989532470703,48.192771911621094,48.36488723754883,493676,0.0,0.0
2016-07-20 00:00:00-04:00,48.34767532348633,49.31153106689453,47.469879150390625,48.9500846862793,375558,0.0,0.0
2016-07-21 00:00:00-04:00,49.0189323425293,50.0172119140625,48.82960510253906,49.604129791259766,464161,0.0,0.0
2016-07-22 00:00:00-04:00,49.39759063720703,49.621341705322266,48.43373489379883,49.0877799987793,651824,0.0,0.0
2016-07-25 00:00:00-04:00,48.86402893066406,49.1049919128418,48.39931106567383,48.9328727722168,247622,0.0,0.0
2016-07-26 00:00:00-04:00,48.9845085144043,51.0154914855957,48.9328727722168,50.8950080871582,284341,0.0,0.0
2016-07-27 00:00:00-04:00,51.22203063964844,51.58347702026367,49.93115234375,50.53356170654297,598314,0.0,0.0
2016-07-28 00:00:00-04:00,50.72289276123047,50.72289276123047,48.76075744628906,50.258174896240234,542015,0.0,0.0
2016-07-29 00:00:00-04:00,50.154903411865234,50.56798553466797,48.62306213378906,50.53356170654297,785454,0.0,0.0
2016-08-01 00:00:00-04:00,50.309810638427734,50.68846893310547,48.9672966003418,49.0705680847168,301190,0.0,0.0
2016-08-02 00:00:00-04:00,49.1566276550293,49.55249786376953,48.39931106567383,48.91566467285156,421922,0.0,0.0
2016-08-03 00:00:00-04:00,48.72633361816406,49.518070220947266,48.67469787597656,49.1910514831543,584254,0.0,0.0
2016-08-04 00:00:00-04:00,49.1910514831543,51.23924255371094,49.1222038269043,50.430294036865234,466485,0.0,0.0
2016-08-05 00:00:00-04:00,50.70568084716797,51.58347702026367,50.44750213623047,51.23924255371094,449868,0.0,0.0
2016-08-08 00:00:00-04:00,51.48020553588867,52.27194595336914,51.25645446777344,51.824440002441406,269758,0.0,0.0
2016-08-09 00:00:00-04:00,51.858863830566406,52.633392333984375,51.858863830566406,52.20309829711914,279519,0.0,0.0
2016-08-10 00:00:00-04:00,52.444061279296875,52.943199157714844,52.28915786743164,52.66781234741211,455330,0.0,0.0
2016-08-11 00:00:00-04:00,53.012046813964844,54.30292510986328,52.82271957397461,53.75215148925781,610282,0.0,0.0
2016-08-12 00:00:00-04:00,53.59724426269531,53.59724426269531,51.858863830566406,52.22031021118164,651998,0.0,0.0
2016-08-15 00:00:00-04:00,52.495697021484375,53.52840042114258,52.358001708984375,53.149742126464844,307698,0.0,0.0
2016-08-16 00:00:00-04:00,52.97762680053711,53.32185745239258,52.78829574584961,52.943199157714844,322687,0.0,0.0
2016-08-17 00:00:00-04:00,52.82271957397461,53.253013610839844,52.392425537109375,52.73666000366211,271269,0.0,0.0
2016-08-18 00:00:00-04:00,52.85714340209961,53.37349319458008,52.85714340209961,53.063682556152344,338897,0.0,0.0
2016-08-19 00:00:00-04:00,52.66781234741211,53.35628128051758,52.34079360961914,53.063682556152344,389735,0.0,0.0
2016-08-22 00:00:00-04:00,52.547332763671875,52.90877914428711,51.979347229003906,52.530120849609375,338665,0.0,0.0
2016-08-23 00:00:00-04:00,52.82271957397461,53.45955276489258,52.80550765991211,53.080894470214844,189697,0.0,0.0
2016-08-24 00:00:00-04:00,52.83993148803711,53.32185745239258,52.13425064086914,52.32358169555664,215900,0.0,0.0
2016-08-25 00:00:00-04:00,52.20309829711914,52.426849365234375,51.807228088378906,52.11703872680664,246983,0.0,0.0
2016-08-26 00:00:00-04:00,52.20309829711914,53.046470642089844,52.06540298461914,52.25473403930664,223394,0.0,0.0
2016-08-29 00:00:00-04:00,52.048194885253906,52.616180419921875,51.721168518066406,52.27194595336914,279693,0.0,0.0
2016-08-30 00:00:00-04:00,52.495697021484375,52.89156723022461,51.841651916503906,51.996559143066406,218107,0.0,0.0
2016-08-31 00:00:00-04:00,51.70396041870117,52.09982681274414,50.7917366027832,51.08433532714844,544048,0.0,0.0
2016-09-01 00:00:00-04:00,50.9466438293457,51.27366638183594,49.724613189697266,50.481929779052734,467298,0.0,0.0
2016-09-02 00:00:00-04:00,51.13597106933594,51.51462936401367,50.481929779052734,51.35972595214844,436215,0.0,0.0
2016-09-06 00:00:00-04:00,51.44578170776367,51.738380432128906,50.7917366027832,51.25645446777344,333145,0.0,0.0
2016-09-07 00:00:00-04:00,51.08433532714844,52.16867446899414,50.9638557434082,51.927711486816406,504424,0.0,0.0
2016-09-08 00:00:00-04:00,51.824440002441406,52.444061279296875,51.35972595214844,51.58347702026367,324837,0.0,0.0
2016-09-09 00:00:00-04:00,50.9122200012207,50.9466438293457,49.2082633972168,49.621341705322266,455562,0.0,0.0
2016-09-12 00:00:00-04:00,49.2082633972168,50.9638557434082,49.1738395690918,50.481929779052734,389851,0.0,0.0
2016-09-13 00:00:00-04:00,49.50086212158203,50.223751068115234,48.55421829223633,48.9845085144043,387876,0.0,0.0
2016-09-14 00:00:00-04:00,49.2082633972168,49.2082633972168,47.77968978881836,48.261619567871094,477989,0.0,0.0
2016-09-15 00:00:00-04:00,48.41652297973633,49.8795166015625,48.106712341308594,49.50086212158203,388108,0.0,0.0
2016-09-16 00:00:00-04:00,48.76075744628906,49.32874298095703,47.98623275756836,48.39931106567383,458990,0.0,0.0
2016-09-19 00:00:00-04:00,48.9672966003418,49.50086212158203,48.55421829223633,48.76075744628906,527025,0.0,0.0
2016-09-20 00:00:00-04:00,49.0533561706543,49.0705680847168,48.46815872192383,48.77796936035156,479732,0.0,0.0
2016-09-21 00:00:00-04:00,49.39759063720703,49.9483642578125,48.70912170410156,49.724613189697266,417216,0.0,0.0
2016-09-22 00:00:00-04:00,50.413082122802734,51.58347702026367,50.292598724365234,51.49741744995117,610399,0.0,0.0
2016-09-23 00:00:00-04:00,51.22203063964844,51.51462936401367,50.172115325927734,50.65404510498047,400019,0.0,0.0
2016-09-26 00:00:00-04:00,50.413082122802734,51.0154914855957,50.0,50.275386810302734,334307,0.0,0.0
2016-09-27 00:00:00-04:00,49.845096588134766,50.189327239990234,49.518070220947266,50.06884765625,281320,0.0,0.0
2016-09-28 00:00:00-04:00,50.361446380615234,52.564544677734375,50.361446380615234,52.461273193359375,638112,0.0,0.0
2016-09-29 00:00:00-04:00,52.461273193359375,53.35628128051758,52.16867446899414,52.461273193359375,398973,0.0,0.0
2016-09-30 00:00:00-04:00,53.080894470214844,54.49225616455078,52.75387191772461,54.09638595581055,437725,0.0,0.0
2016-10-03 00:00:00-04:00,53.80378723144531,53.95869064331055,52.616180419921875,52.68502426147461,398450,0.0,0.0
2016-10-04 00:00:00-04:00,52.71944808959961,53.218589782714844,51.790016174316406,51.979347229003906,802942,0.0,0.0
2016-10-05 00:00:00-04:00,52.65060043334961,53.80378723144531,51.876075744628906,53.51118850708008,319899,0.0,0.0
2016-10-06 00:00:00-04:00,53.253013610839844,53.80378723144531,52.495697021484375,53.44234085083008,1173039,0.0,0.0
2016-10-07 00:00:00-04:00,53.33906936645508,53.33906936645508,51.46299362182617,52.08261489868164,335760,0.0,0.0
2016-10-10 00:00:00-04:00,52.15146255493164,52.89156723022461,51.11875915527344,51.39414978027344,356618,0.0,0.0
2016-10-11 00:00:00-04:00,51.08433532714844,51.10154724121094,49.827884674072266,50.344234466552734,335005,0.0,0.0
2016-10-12 00:00:00-04:00,50.189327239990234,50.8089485168457,50.0860595703125,50.60240936279297,143681,0.0,0.0
2016-10-13 00:00:00-04:00,49.569705963134766,50.63683319091797,49.0017204284668,50.361446380615234,385842,0.0,0.0
2016-10-14 00:00:00-04:00,50.8433723449707,51.27366638183594,50.309810638427734,50.67125701904297,209044,0.0,0.0
2016-10-17 00:00:00-04:00,50.74010467529297,50.9810676574707,50.103271484375,50.361446380615234,260056,0.0,0.0
2016-10-18 00:00:00-04:00,51.17039489746094,51.17039489746094,49.845096588134766,49.9139404296875,218107,0.0,0.0
2016-10-19 00:00:00-04:00,50.327022552490234,50.68846893310547,49.93115234375,50.55077362060547,857498,0.0,0.0
2016-10-20 00:00:00-04:00,50.1204833984375,50.8777961730957,49.9139404296875,50.430294036865234,252503,0.0,0.0
2016-10-21 00:00:00-04:00,49.707401275634766,52.048194885253906,49.621341705322266,51.66953659057617,608598,0.0,0.0
2016-10-24 00:00:00-04:00,52.01376724243164,52.70223617553711,51.39414978027344,51.858863830566406,281959,0.0,0.0
2016-10-25 00:00:00-04:00,51.824440002441406,51.893287658691406,50.8605842590332,51.0671272277832,243729,0.0,0.0
2016-10-26 00:00:00-04:00,50.53356170654297,51.979347229003906,50.395870208740234,50.58519744873047,487285,0.0,0.0
2016-10-27 00:00:00-04:00,52.11703872680664,55.146297454833984,51.893287658691406,55.09466552734375,1099659,0.0,0.0
2016-10-28 00:00:00-04:00,55.490535736083984,56.60929489135742,54.35456085205078,54.509464263916016,794576,0.0,0.0
2016-10-31 00:00:00-04:00,55.04302978515625,55.06024169921875,54.28571319580078,54.716007232666016,279403,0.0,0.0
2016-11-01 00:00:00-04:00,55.163509368896484,55.163509368896484,52.77108383178711,53.32185745239258,499660,0.0,0.0
2016-11-02 00:00:00-04:00,52.92599105834961,53.47676467895508,52.20309829711914,52.73666000366211,437144,0.0,0.0
2016-11-03 00:00:00-04:00,52.85714340209961,54.595523834228516,52.65060043334961,54.54389190673828,457073,0.0,0.0
2016-11-04 00:00:00-04:00,54.49225616455078,56.746986389160156,53.92427062988281,56.09294128417969,651243,0.0,0.0
2016-11-07 00:00:00-05:00,57.504302978515625,57.72805404663086,57.07400894165039,57.469879150390625,469971,0.0,0.0
2016-11-08 00:00:00-05:00,57.21170425415039,58.89845275878906,56.52323532104492,58.50258255004883,503262,0.0,0.0
2016-11-09 00:00:00-05:00,59.0361442565918,60.53356170654297,58.69190979003906,60.172115325927734,924545,0.0,0.0
2016-11-10 00:00:00-05:00,61.25645446777344,63.098106384277344,61.25645446777344,61.790016174316406,841811,0.0,0.0
2016-11-11 00:00:00-05:00,61.44578170776367,62.616180419921875,61.27366638183594,62.581756591796875,1061894,0.0,0.0
2016-11-14 00:00:00-05:00,63.71772766113281,64.76763916015625,63.39070510864258,64.54389190673828,715676,0.0,0.0
2016-11-15 00:00:00-05:00,64.49225616455078,64.69879150390625,63.64888000488281,64.45783233642578,424537,0.0,0.0
2016-11-16 00:00:00-05:00,63.66609191894531,64.81927490234375,63.115318298339844,63.80378723144531,406410,0.0,0.0
2016-11-17 00:00:00-05:00,63.97590255737305,64.09638977050781,62.87435531616211,63.184165954589844,407513,0.0,0.0
2016-11-18 00:00:00-05:00,63.33906936645508,63.52840042114258,62.495697021484375,62.68502426147461,359871,0.0,0.0
2016-11-21 00:00:00-05:00,63.40791702270508,63.49397659301758,62.73666000366211,62.943199157714844,417739,0.0,0.0
2016-11-22 00:00:00-05:00,63.253013610839844,63.253013610839844,62.512908935546875,63.063682556152344,504076,0.0,0.0
2016-11-23 00:00:00-05:00,62.83993148803711,64.02754211425781,62.83993148803711,63.64888000488281,300551,0.0,0.0
2016-11-25 00:00:00-05:00,63.59724426269531,64.28571319580078,63.098106384277344,64.18244171142578,146238,0.0,0.0
2016-11-28 00:00:00-05:00,64.19965362548828,64.28571319580078,63.063682556152344,63.201377868652344,390606,0.0,0.0
2016-11-29 00:00:00-05:00,62.478485107421875,62.85714340209961,61.66953659057617,61.927711486816406,630734,0.0,0.0
2016-11-30 00:00:00-05:00,62.92599105834961,65.11187744140625,62.92599105834961,64.73321533203125,457712,0.0,0.0
2016-12-01 00:00:00-05:00,65.40447235107422,66.19621276855469,64.97418212890625,65.28399658203125,415880,0.0,0.0
2016-12-02 00:00:00-05:00,65.23236083984375,65.47332000732422,64.45783233642578,65.33562469482422,264413,0.0,0.0
2016-12-05 00:00:00-05:00,66.05851745605469,66.35111999511719,65.30120849609375,65.35283660888672,382298,0.0,0.0
2016-12-06 00:00:00-05:00,65.35283660888672,66.48881530761719,65.09466552734375,66.36833190917969,219792,0.0,0.0
2016-12-07 00:00:00-05:00,66.31669616699219,68.55421447753906,65.71428680419922,68.4165267944336,499544,0.0,0.0
2016-12-08 00:00:00-05:00,68.46815490722656,68.57142639160156,66.69535064697266,67.60757446289062,770057,0.0,0.0
2016-12-09 00:00:00-05:00,67.71084594726562,68.48536682128906,67.09122467041016,67.48709106445312,400483,0.0,0.0
2016-12-12 00:00:00-05:00,67.48709106445312,67.81411743164062,66.28227233886719,66.40275573730469,354642,0.0,0.0
2016-12-13 00:00:00-05:00,66.74698638916016,66.85025787353516,65.14630126953125,65.76592254638672,510467,0.0,0.0
2016-12-14 00:00:00-05:00,65.06024169921875,65.71428680419922,63.47676467895508,63.56282424926758,383228,0.0,0.0
2016-12-15 00:00:00-05:00,63.58003234863281,64.66437530517578,63.115318298339844,64.13080596923828,253955,0.0,0.0
2016-12-16 00:00:00-05:00,64.11359405517578,65.74871063232422,63.68330383300781,65.14630126953125,646827,0.0,0.0
2016-12-19 00:00:00-05:00,63.75215148925781,65.19793701171875,63.49397659301758,63.71772766113281,399670,0.0,0.0
2016-12-20 00:00:00-05:00,63.95869064331055,64.64716339111328,63.52840042114258,63.66609191894531,391768,0.0,0.0
2016-12-21 00:00:00-05:00,64.07917022705078,64.38898468017578,63.44234085083008,63.61445617675781,392582,0.0,0.0
2016-12-22 00:00:00-05:00,63.166954040527344,63.33906936645508,62.478485107421875,62.530120849609375,293521,0.0,0.0
2016-12-23 00:00:00-05:00,62.994834899902344,62.994834899902344,62.409637451171875,62.581756591796875,156580,0.0,0.0
2016-12-27 00:00:00-05:00,62.96041488647461,63.30464553833008,62.564544677734375,63.149742126464844,161750,0.0,0.0
2016-12-28 00:00:00-05:00,63.149742126464844,63.33906936645508,61.910499572753906,61.996559143066406,266795,0.0,0.0
2016-12-29 00:00:00-05:00,62.20309829711914,62.633392333984375,61.39414978027344,61.824440002441406,190103,0.0,0.0
2016-12-30 00:00:00-05:00,62.11703872680664,62.426849365234375,61.49741744995117,61.841651916503906,207243,0.0,0.0
2017-01-03 00:00:00-05:00,63.098106384277344,63.95869064331055,62.77108383178711,63.51118850708008,581116,0.0,0.0
2017-01-04 00:00:00-05:00,63.63167190551758,64.42340850830078,63.45955276489258,63.73493957519531,367076,0.0,0.0
2017-01-05 00:00:00-05:00,63.87263488769531,64.09638977050781,62.08261489868164,62.409637451171875,313450,0.0,0.0
2017-01-06 00:00:00-05:00,62.581756591796875,63.44234085083008,62.23752212524414,62.581756591796875,290210,0.0,0.0
2017-01-09 00:00:00-05:00,61.979347229003906,62.23752212524414,60.9638557434082,61.08433532714844,243032,0.0,0.0
2017-01-10 00:00:00-05:00,60.8433723449707,62.943199157714844,60.77452850341797,62.83993148803711,362660,0.0,0.0
2017-01-11 00:00:00-05:00,63.253013610839844,65.24957275390625,63.132530212402344,65.14630126953125,369342,0.0,0.0
2017-01-12 00:00:00-05:00,65.37004852294922,65.37004852294922,62.68502426147461,63.51118850708008,272489,0.0,0.0
2017-01-13 00:00:00-05:00,68.3476791381836,68.48536682128906,65.74871063232422,65.93804168701172,545094,0.0,0.0
2017-01-17 00:00:00-05:00,65.52495574951172,65.98966979980469,63.71772766113281,64.33734893798828,352783,0.0,0.0
2017-01-18 00:00:00-05:00,64.07917022705078,64.95697021484375,63.80378723144531,64.35456085205078,237513,0.0,0.0
2017-01-19 00:00:00-05:00,64.62995147705078,65.42168426513672,63.85542297363281,64.26850128173828,324779,0.0,0.0
2017-01-20 00:00:00-05:00,64.90533447265625,65.45610809326172,64.30292510986328,64.66437530517578,233039,0.0,0.0
2017-01-23 00:00:00-05:00,64.14801788330078,64.88812255859375,63.70051574707031,64.49225616455078,154895,0.0,0.0
2017-01-24 00:00:00-05:00,64.56110382080078,67.65921020507812,64.35456085205078,67.22891235351562,303573,0.0,0.0
2017-01-25 00:00:00-05:00,67.48709106445312,68.95008850097656,66.19621276855469,68.84681701660156,376372,0.0,0.0
2017-01-26 00:00:00-05:00,68.64027404785156,69.22547149658203,67.9173812866211,68.60585021972656,273942,0.0,0.0
2017-01-27 00:00:00-05:00,68.1411361694336,68.64027404785156,67.9518051147461,68.2444076538086,167038,0.0,0.0
2017-01-30 00:00:00-05:00,67.29776000976562,67.9173812866211,66.29948425292969,67.74526977539062,373293,0.0,0.0
2017-01-31 00:00:00-05:00,67.72805786132812,67.81411743164062,65.78313446044922,67.12564849853516,515812,0.0,0.0
2017-02-01 00:00:00-05:00,68.84681701660156,70.56798553466797,67.55593872070312,69.7418212890625,1007686,0.0,0.0
2017-02-02 00:00:00-05:00,69.01893615722656,71.11875915527344,67.02237701416016,69.759033203125,846982,0.0,0.0
2017-02-03 00:00:00-05:00,70.60240936279297,72.27194213867188,69.965576171875,71.25645446777344,509305,0.0,0.0
2017-02-06 00:00:00-05:00,70.86058807373047,71.39414978027344,69.12220001220703,69.759033203125,318562,0.0,0.0
2017-02-07 00:00:00-05:00,69.759033203125,70.96385192871094,69.05335235595703,69.39759063720703,342325,0.0,0.0
2017-02-08 00:00:00-05:00,69.17383575439453,69.27710723876953,67.8313217163086,68.1755599975586,435169,0.0,0.0
2017-02-09 00:00:00-05:00,68.69190979003906,69.13941192626953,68.1239242553711,68.72633361816406,445278,0.0,0.0
2017-02-10 00:00:00-05:00,69.48365020751953,69.55249786376953,68.1755599975586,69.17383575439453,420295,0.0,0.0
2017-02-13 00:00:00-05:00,69.7418212890625,70.275390625,69.17383575439453,69.65576934814453,351331,0.0,0.0
2017-02-14 00:00:00-05:00,69.60413360595703,69.60413360595703,68.48536682128906,68.65748596191406,578967,0.0,0.0
2017-02-15 00:00:00-05:00,68.51979064941406,69.827880859375,68.1583480834961,69.65576934814453,370329,0.0,0.0
2017-02-16 00:00:00-05:00,69.79345703125,69.827880859375,67.9001693725586,68.2960433959961,270746,0.0,0.0
2017-02-17 00:00:00-05:00,68.1239242553711,68.3476791381836,67.14286041259766,68.3132553100586,295613,0.0,0.0
2017-02-21 00:00:00-05:00,68.57142639160156,68.81239318847656,68.0206527709961,68.1583480834961,268015,0.0,0.0
2017-02-22 00:00:00-05:00,67.67642211914062,67.9690170288086,67.00516510009766,67.14286041259766,252909,0.0,0.0
2017-02-23 00:00:00-05:00,67.57315063476562,67.71084594726562,65.45610809326172,66.21342468261719,207998,0.0,0.0
2017-02-24 00:00:00-05:00,65.59380340576172,66.40275573730469,65.09466552734375,66.40275573730469,204861,0.0,0.0
2017-02-27 00:00:00-05:00,66.60929107666016,67.26333618164062,66.02409362792969,67.07401275634766,270339,0.0,0.0
2017-02-28 00:00:00-05:00,66.79862213134766,66.79862213134766,65.37004852294922,65.49053192138672,274755,0.0,0.0
2017-03-01 00:00:00-05:00,66.90189361572266,68.95008850097656,66.85025787353516,67.77969360351562,401181,0.0,0.0
2017-03-02 00:00:00-05:00,67.69363403320312,67.69363403320312,65.80034637451172,66.26506042480469,391071,0.0,0.0
2017-03-03 00:00:00-05:00,66.41996765136719,67.00516510009766,65.35283660888672,66.26506042480469,233388,0.0,0.0
2017-03-06 00:00:00-05:00,65.61101531982422,66.71256256103516,65.33562469482422,66.28227233886719,312288,0.0,0.0
2017-03-07 00:00:00-05:00,66.28227233886719,66.76419830322266,65.85198211669922,66.11015319824219,202537,0.0,0.0
2017-03-08 00:00:00-05:00,66.17900085449219,67.60757446289062,66.00688171386719,66.57486724853516,309731,0.0,0.0
2017-03-09 00:00:00-05:00,66.59208679199219,67.02237701416016,65.37004852294922,65.97245788574219,348426,0.0,0.0
2017-03-10 00:00:00-05:00,66.52323913574219,67.41824340820312,65.62822723388672,66.79862213134766,251108,0.0,0.0
2017-03-13 00:00:00-04:00,66.91910552978516,67.50430297851562,66.74698638916016,67.34939575195312,207998,0.0,0.0
2017-03-14 00:00:00-04:00,66.55765533447266,66.55765533447266,65.59380340576172,65.85198211669922,255117,0.0,0.0
2017-03-15 00:00:00-04:00,66.62650299072266,68.4509506225586,66.26506042480469,67.8829574584961,330763,0.0,0.0
2017-03-16 00:00:00-04:00,68.1583480834961,68.70912170410156,67.59036254882812,68.0206527709961,194751,0.0,0.0
2017-03-17 00:00:00-04:00,68.1239242553711,68.2271957397461,67.46987915039062,68.1239242553711,465207,0.0,0.0
2017-03-20 00:00:00-04:00,68.0034408569336,68.0034408569336,66.72977447509766,67.40103149414062,230599,0.0,0.0
2017-03-21 00:00:00-04:00,67.69363403320312,68.0378646850586,65.14630126953125,65.49053192138672,242626,0.0,0.0
2017-03-22 00:00:00-04:00,65.23236083984375,66.16178894042969,64.71600341796875,65.66265106201172,199457,0.0,0.0
2017-03-23 00:00:00-04:00,65.45610809326172,66.28227233886719,65.28399658203125,65.54216766357422,161867,0.0,0.0
2017-03-24 00:00:00-04:00,65.71428680419922,66.21342468261719,64.28571319580078,64.38898468017578,317691,0.0,0.0
2017-03-27 00:00:00-04:00,63.098106384277344,65.23236083984375,62.581756591796875,64.99139404296875,288467,0.0,0.0
2017-03-28 00:00:00-04:00,65.06024169921875,66.41996765136719,64.66437530517578,66.07572937011719,174765,0.0,0.0
2017-03-29 00:00:00-04:00,65.92082977294922,67.07401275634766,65.55937957763672,66.81583404541016,253548,0.0,0.0
2017-03-30 00:00:00-04:00,67.05680084228516,67.67642211914062,66.66092681884766,67.65921020507812,208521,0.0,0.0
2017-03-31 00:00:00-04:00,67.28054809570312,67.81411743164062,66.86746978759766,67.57315063476562,208405,0.0,0.0
2017-04-03 00:00:00-04:00,67.55593872070312,67.9345932006836,64.81927490234375,66.43717956542969,374803,0.0,0.0
2017-04-04 00:00:00-04:00,66.43717956542969,66.97074127197266,65.83477020263672,66.23063659667969,216655,0.0,0.0
2017-04-05 00:00:00-04:00,66.85025787353516,67.72805786132812,66.04130554199219,66.17900085449219,346392,0.0,0.0
2017-04-06 00:00:00-04:00,66.35111999511719,67.43545532226562,65.86919403076172,66.60929107666016,195158,0.0,0.0
2017-04-07 00:00:00-04:00,68.46815490722656,70.06884765625,67.8313217163086,68.79518127441406,809914,0.0,0.0
2017-04-10 00:00:00-04:00,68.82960510253906,69.8106689453125,68.2099838256836,68.89845275878906,393337,0.0,0.0
2017-04-11 00:00:00-04:00,68.81239318847656,69.08778381347656,67.60757446289062,68.86402893066406,611328,0.0,0.0
2017-04-12 00:00:00-04:00,68.67469787597656,69.03614807128906,67.24612426757812,67.57315063476562,624459,0.0,0.0
2017-04-13 00:00:00-04:00,67.19448852539062,68.2616195678711,65.83477020263672,65.90361022949219,350866,0.0,0.0
2017-04-17 00:00:00-04:00,66.35111999511719,67.65921020507812,65.97245788574219,67.52151489257812,251050,0.0,0.0
2017-04-18 00:00:00-04:00,66.69535064697266,68.2616195678711,66.35111999511719,67.77969360351562,364636,0.0,0.0
2017-04-19 00:00:00-04:00,68.46815490722656,68.69190979003906,66.76419830322266,67.24612426757812,265808,0.0,0.0
2017-04-20 00:00:00-04:00,67.79690551757812,68.4165267944336,67.53872680664062,68.1583480834961,209160,0.0,0.0
2017-04-21 00:00:00-04:00,68.2616195678711,68.2616195678711,66.40275573730469,66.69535064697266,422736,0.0,0.0
2017-04-24 00:00:00-04:00,67.48709106445312,68.77796936035156,67.48709106445312,68.67469787597656,483624,0.0,0.0
2017-04-25 00:00:00-04:00,69.34595489501953,70.39586639404297,69.17383575439453,69.8106689453125,664490,0.0,0.0
2017-04-26 00:00:00-04:00,69.759033203125,70.34423065185547,69.25989532470703,69.62134552001953,620218,0.0,0.0
2017-04-27 00:00:00-04:00,69.51807403564453,69.8795166015625,68.95008850097656,69.62134552001953,421167,0.0,0.0
2017-04-28 00:00:00-04:00,69.9139404296875,70.32701873779297,69.44922637939453,69.65576934814453,501868,0.0,0.0
2017-05-01 00:00:00-04:00,69.827880859375,69.827880859375,68.2960433959961,68.84681701660156,351679,0.0,0.0
2017-05-02 00:00:00-04:00,69.10498809814453,69.896728515625,67.77969360351562,68.84681701660156,336631,0.0,0.0
2017-05-03 00:00:00-04:00,68.2271957397461,68.70912170410156,67.00516510009766,68.46815490722656,382879,0.0,0.0
2017-05-04 00:00:00-04:00,67.9862289428711,68.2960433959961,66.12736511230469,66.64371490478516,735837,0.0,0.0
2017-05-05 00:00:00-04:00,67.22891235351562,69.51807403564453,65.74871063232422,69.03614807128906,993975,0.0,0.0
2017-05-08 00:00:00-04:00,69.03614807128906,69.31153106689453,67.76248168945312,67.8829574584961,576817,0.0,0.0
2017-05-09 00:00:00-04:00,68.2444076538086,68.79518127441406,67.09122467041016,67.40103149414062,304444,0.0,0.0
2017-05-10 00:00:00-04:00,67.38381958007812,68.3648910522461,67.03958892822266,68.2616195678711,540446,0.0,0.0
2017-05-11 00:00:00-04:00,68.1239242553711,68.77796936035156,67.14286041259766,68.67469787597656,743331,0.0,0.0
2017-05-12 00:00:00-04:00,68.48536682128906,68.81239318847656,67.8313217163086,68.3821029663086,339362,0.0,0.0
2017-05-15 00:00:00-04:00,68.84681701660156,69.60413360595703,68.4509506225586,68.50257873535156,304676,0.0,0.0
2017-05-16 00:00:00-04:00,68.84681701660156,68.86402893066406,67.81411743164062,68.67469787597656,272605,0.0,0.0
2017-05-17 00:00:00-04:00,67.34939575195312,68.3648910522461,67.22891235351562,67.9345932006836,506458,0.0,0.0
2017-05-18 00:00:00-04:00,68.0034408569336,68.64027404785156,67.33218383789062,68.2616195678711,322920,0.0,0.0
2017-05-19 00:00:00-04:00,68.82960510253906,70.034423828125,68.82960510253906,69.25989532470703,1070260,0.0,0.0
2017-05-22 00:00:00-04:00,69.9139404296875,70.32701873779297,68.93287658691406,69.20825958251953,562582,0.0,0.0
2017-05-23 00:00:00-04:00,69.41480255126953,69.53528594970703,68.72633361816406,69.08778381347656,392872,0.0,0.0
2017-05-24 00:00:00-04:00,69.08778381347656,69.58692169189453,68.77796936035156,68.95008850097656,1265709,0.0,0.0
2017-05-25 00:00:00-04:00,69.03614807128906,69.58692169189453,68.64027404785156,69.00172424316406,546953,0.0,0.0
2017-05-26 00:00:00-04:00,68.98451232910156,70.1549072265625,68.57142639160156,69.8795166015625,461837,0.0,0.0
2017-05-30 00:00:00-04:00,69.38037872314453,69.9139404296875,68.69190979003906,69.58692169189453,227636,0.0,0.0
2017-05-31 00:00:00-04:00,69.50086212158203,70.1376953125,68.1411361694336,69.8106689453125,343662,0.0,0.0
2017-06-01 00:00:00-04:00,70.49913787841797,71.7900161743164,69.9483642578125,71.37693786621094,412278,0.0,0.0
2017-06-02 00:00:00-04:00,71.37693786621094,72.22030639648438,70.77452850341797,71.5662612915039,316180,0.0,0.0
2017-06-05 00:00:00-04:00,71.22203063964844,71.7728042602539,70.94664764404297,70.99827575683594,159891,0.0,0.0
2017-06-06 00:00:00-04:00,70.51634979248047,70.51634979248047,69.44922637939453,70.1893310546875,186036,0.0,0.0
2017-06-07 00:00:00-04:00,70.1376953125,70.275390625,67.28054809570312,67.76248168945312,523830,0.0,0.0
2017-06-08 00:00:00-04:00,67.53872680664062,68.95008850097656,67.33218383789062,68.89845275878906,374106,0.0,0.0
2017-06-09 00:00:00-04:00,68.89845275878906,69.56970977783203,68.69190979003906,69.25989532470703,547999,0.0,0.0
2017-06-12 00:00:00-04:00,69.690185546875,69.7762451171875,68.4165267944336,69.27710723876953,482520,0.0,0.0
2017-06-13 00:00:00-04:00,69.50086212158203,70.49913787841797,69.00172424316406,70.46471405029297,777785,0.0,0.0
2017-06-14 00:00:00-04:00,70.48192596435547,70.49913787841797,67.59036254882812,68.1411361694336,452599,0.0,0.0
2017-06-15 00:00:00-04:00,67.21170043945312,67.9345932006836,66.86746978759766,67.9345932006836,416577,0.0,0.0
2017-06-16 00:00:00-04:00,67.9690170288086,68.77796936035156,67.76248168945312,68.2960433959961,366146,0.0,0.0
2017-06-19 00:00:00-04:00,68.3648910522461,69.25989532470703,68.2960433959961,69.15662384033203,285503,0.0,0.0
2017-06-20 00:00:00-04:00,67.9001693725586,68.60585021972656,66.17900085449219,67.81411743164062,917457,0.0,0.0
2017-06-21 00:00:00-04:00,68.2616195678711,68.2616195678711,63.56282424926758,63.68330383300781,916586,0.0,0.0
2017-06-22 00:00:00-04:00,63.99311447143555,64.40619659423828,62.994834899902344,63.64888000488281,945694,0.0,0.0
2017-06-23 00:00:00-04:00,63.51118850708008,65.23236083984375,63.33906936645508,65.19793701171875,915888,0.0,0.0
2017-06-26 00:00:00-04:00,65.52495574951172,66.26506042480469,64.73321533203125,65.66265106201172,543177,0.0,0.0
2017-06-27 00:00:00-04:00,65.76592254638672,66.47160339355469,65.42168426513672,65.47332000732422,319899,0.0,0.0
2017-06-28 00:00:00-04:00,65.97245788574219,67.33218383789062,65.64543914794922,66.57486724853516,609469,0.0,0.0
2017-06-29 00:00:00-04:00,66.74698638916016,67.50430297851562,66.16178894042969,66.62650299072266,530337,0.0,0.0
2017-06-30 00:00:00-04:00,67.09122467041016,68.1927719116211,66.35111999511719,67.76248168945312,495942,0.0,0.0
2017-07-03 00:00:00-04:00,68.3132553100586,68.98451232910156,67.52151489257812,68.70912170410156,182144,0.0,0.0
2017-07-05 00:00:00-04:00,68.3821029663086,68.82960510253906,67.55593872070312,68.2271957397461,422561,0.0,0.0
2017-07-06 00:00:00-04:00,68.0206527709961,68.51979064941406,67.28054809570312,67.48709106445312,454632,0.0,0.0
2017-07-07 00:00:00-04:00,67.57315063476562,67.81411743164062,66.55765533447266,67.57315063476562,460733,0.0,0.0
2017-07-10 00:00:00-04:00,67.59036254882812,68.57142639160156,67.29776000976562,67.65921020507812,552705,0.0,0.0
2017-07-11 00:00:00-04:00,67.57315063476562,68.0722885131836,67.10843658447266,67.65921020507812,409547,0.0,0.0
2017-07-12 00:00:00-04:00,68.51979064941406,69.759033203125,67.8657455444336,69.36316680908203,549626,0.0,0.0
2017-07-13 00:00:00-04:00,69.41480255126953,69.41480255126953,68.58863830566406,69.08778381347656,375152,0.0,0.0
2017-07-14 00:00:00-04:00,69.32874298095703,70.68846893310547,68.86402893066406,70.41307830810547,393163,0.0,0.0
2017-07-17 00:00:00-04:00,70.41307830810547,71.23924255371094,69.7073974609375,70.98106384277344,334772,0.0,0.0
2017-07-18 00:00:00-04:00,71.03269958496094,71.49742126464844,70.46471405029297,71.34251403808594,362718,0.0,0.0
2017-07-19 00:00:00-04:00,71.44578552246094,71.7039566040039,71.15318298339844,71.53184509277344,346392,0.0,0.0
2017-07-20 00:00:00-04:00,71.6006851196289,72.25473022460938,71.03269958496094,71.8588638305664,508491,0.0,0.0
2017-07-21 00:00:00-04:00,71.8932876586914,72.40963745117188,71.35972595214844,72.23751831054688,644968,0.0,0.0
2017-07-24 00:00:00-04:00,72.0137710571289,72.35800170898438,70.79174041748047,71.8588638305664,703301,0.0,0.0
2017-07-25 00:00:00-04:00,72.80551147460938,73.14974212646484,71.03269958496094,71.35972595214844,878414,0.0,0.0
2017-07-26 00:00:00-04:00,71.49742126464844,71.49742126464844,70.2237548828125,70.48192596435547,372247,0.0,0.0
2017-07-27 00:00:00-04:00,71.08433532714844,71.27366638183594,69.8795166015625,70.275390625,546431,0.0,0.0
2017-07-28 00:00:00-04:00,69.724609375,70.1893310546875,68.3993148803711,69.79345703125,619695,0.0,0.0
2017-07-31 00:00:00-04:00,71.03269958496094,73.58003234863281,70.70568084716797,71.04991149902344,957256,0.0,0.0
2017-08-01 00:00:00-04:00,71.20481872558594,71.6351089477539,70.0516357421875,70.44750213623047,459048,0.0,0.0
2017-08-02 00:00:00-04:00,70.1204833984375,71.04991149902344,69.9139404296875,70.87779998779297,521970,0.0,0.0
2017-08-03 00:00:00-04:00,71.03269958496094,71.20481872558594,70.43029022216797,71.03269958496094,393569,0.0,0.0
2017-08-04 00:00:00-04:00,71.17039489746094,71.8932876586914,70.89501190185547,71.37693786621094,410070,0.0,0.0
2017-08-07 00:00:00-04:00,71.30809020996094,71.5834732055664,70.74010467529297,71.18760681152344,326696,0.0,0.0
2017-08-08 00:00:00-04:00,70.96385192871094,71.6351089477539,70.2237548828125,70.65404510498047,260520,0.0,0.0
2017-08-09 00:00:00-04:00,70.53356170654297,70.65404510498047,69.8450927734375,70.0172119140625,202130,0.0,0.0
2017-08-10 00:00:00-04:00,69.58692169189453,69.8795166015625,68.57142639160156,68.58863830566406,276207,0.0,0.0
2017-08-11 00:00:00-04:00,66.88468170166016,69.13941192626953,66.88468170166016,68.86402893066406,247448,0.0,0.0
2017-08-14 00:00:00-04:00,69.36316680908203,70.034423828125,68.91566467285156,69.44922637939453,222232,0.0,0.0
2017-08-15 00:00:00-04:00,69.55249786376953,69.62134552001953,68.0722885131836,68.2099838256836,381891,0.0,0.0
2017-08-16 00:00:00-04:00,68.3304672241211,69.15662384033203,68.3304672241211,68.57142639160156,451669,0.0,0.0
2017-08-17 00:00:00-04:00,68.2271957397461,68.2271957397461,65.74871063232422,65.78313446044922,429475,0.0,0.0
2017-08-18 00:00:00-04:00,65.43889617919922,65.78313446044922,64.76763916015625,65.09466552734375,512558,0.0,0.0
2017-08-21 00:00:00-04:00,65.06024169921875,65.21514892578125,64.30292510986328,64.38898468017578,343545,0.0,0.0
2017-08-22 00:00:00-04:00,64.54389190673828,66.23063659667969,64.13080596923828,66.00688171386719,773950,0.0,0.0
2017-08-23 00:00:00-04:00,65.50774383544922,66.36833190917969,65.21514892578125,65.23236083984375,377185,0.0,0.0
2017-08-24 00:00:00-04:00,65.40447235107422,66.00688171386719,64.93975830078125,64.95697021484375,263890,0.0,0.0
2017-08-25 00:00:00-04:00,66.26506042480469,67.65921020507812,66.26506042480469,67.26333618164062,567521,0.0,0.0
2017-08-28 00:00:00-04:00,67.64199829101562,67.65921020507812,66.17900085449219,66.76419830322266,310196,0.0,0.0
2017-08-29 00:00:00-04:00,65.98966979980469,67.09122467041016,65.85198211669922,66.85025787353516,196262,0.0,0.0
2017-08-30 00:00:00-04:00,66.76419830322266,67.9862289428711,66.52323913574219,67.8657455444336,316529,0.0,0.0
2017-08-31 00:00:00-04:00,68.4165267944336,68.77796936035156,68.0895004272461,68.64027404785156,197424,0.0,0.0
2017-09-01 00:00:00-04:00,68.84681701660156,70.0,68.4337387084961,69.8623046875,310254,0.0,0.0
2017-09-05 00:00:00-04:00,69.79345703125,70.1204833984375,68.53700256347656,68.91566467285156,241812,0.0,0.0
2017-09-06 00:00:00-04:00,69.50086212158203,69.50086212158203,68.0206527709961,68.0895004272461,330240,0.0,0.0
2017-09-07 00:00:00-04:00,68.2271957397461,68.2271957397461,67.28054809570312,67.74526977539062,171802,0.0,0.0
2017-09-08 00:00:00-04:00,67.36660766601562,68.3993148803711,67.28054809570312,68.2960433959961,296020,0.0,0.0
2017-09-11 00:00:00-04:00,68.84681701660156,70.75731658935547,68.79518127441406,70.43029022216797,326580,0.0,0.0
2017-09-12 00:00:00-04:00,70.79174041748047,71.20481872558594,69.60413360595703,70.91221618652344,195158,0.0,0.0
2017-09-13 00:00:00-04:00,70.74010467529297,71.41136169433594,70.51634979248047,71.06712341308594,159949,0.0,0.0
2017-09-14 00:00:00-04:00,71.08433532714844,71.48020935058594,70.77452850341797,71.20481872558594,252270,0.0,0.0
2017-09-15 00:00:00-04:00,71.25645446777344,71.5490493774414,70.53356170654297,71.20481872558594,410186,0.0,0.0
2017-09-18 00:00:00-04:00,71.37693786621094,71.6178970336914,70.91221618652344,71.46299743652344,491642,0.0,0.0
2017-09-19 00:00:00-04:00,71.53184509277344,72.0826187133789,71.29087829589844,71.8932876586914,397985,0.0,0.0
2017-09-20 00:00:00-04:00,72.0654067993164,72.44406127929688,71.7383804321289,71.9965591430664,414544,0.0,0.0
2017-09-21 00:00:00-04:00,72.0137710571289,72.53012084960938,71.7383804321289,71.7555923461914,205442,0.0,0.0
2017-09-22 00:00:00-04:00,71.6178970336914,73.75215148925781,71.39414978027344,73.56282043457031,415880,0.0,0.0
2017-09-25 00:00:00-04:00,73.68330383300781,73.88984680175781,72.27194213867188,72.39242553710938,331228,0.0,0.0
2017-09-26 00:00:00-04:00,72.1514663696289,72.20309448242188,70.67125701904297,71.6867446899414,411058,0.0,0.0
2017-09-27 00:00:00-04:00,72.1686782836914,72.61618041992188,70.84337615966797,72.39242553710938,268654,0.0,0.0
2017-09-28 00:00:00-04:00,72.27194213867188,72.40963745117188,71.42857360839844,72.18588256835938,185630,0.0,0.0
2017-09-29 00:00:00-04:00,72.0137710571289,72.35800170898438,71.5834732055664,71.6695327758789,165120,0.0,0.0
2017-10-02 00:00:00-04:00,71.6178970336914,72.47848510742188,71.30809020996094,72.37521362304688,365159,0.0,0.0
2017-10-03 00:00:00-04:00,72.71945190429688,72.94319915771484,72.30636596679688,72.89156341552734,275278,0.0,0.0
2017-10-04 00:00:00-04:00,72.83992767333984,73.52839660644531,72.54733276367188,72.77108764648438,261682,0.0,0.0
2017-10-05 00:00:00-04:00,72.89156341552734,73.11531829833984,72.54733276367188,72.80551147460938,225486,0.0,0.0
2017-10-06 00:00:00-04:00,72.40963745117188,73.14974212646484,72.32357788085938,72.56454467773438,225544,0.0,0.0
2017-10-09 00:00:00-04:00,72.80551147460938,73.06368255615234,72.47848510742188,72.89156341552734,244601,0.0,0.0
2017-10-10 00:00:00-04:00,73.40791320800781,73.58003234863281,71.8244400024414,71.9793472290039,217817,0.0,0.0
2017-10-11 00:00:00-04:00,72.1170425415039,72.35800170898438,71.8244400024414,72.34078979492188,167619,0.0,0.0
2017-10-12 00:00:00-04:00,71.8932876586914,72.61618041992188,71.8932876586914,72.34078979492188,225602,0.0,0.0
2017-10-13 00:00:00-04:00,72.73666381835938,73.66609191894531,72.22030639648438,72.73666381835938,318330,0.0,0.0
2017-10-16 00:00:00-04:00,73.35628509521484,74.02754211425781,72.77108764648438,73.64888000488281,429998,0.0,0.0
2017-10-17 00:00:00-04:00,73.44234466552734,73.68330383300781,72.83992767333984,73.14974212646484,315309,0.0,0.0
2017-10-18 00:00:00-04:00,72.0481948852539,72.58175659179688,71.8760757446289,72.20309448242188,354817,0.0,0.0
2017-10-19 00:00:00-04:00,71.7039566040039,72.30636596679688,71.48020935058594,72.28915405273438,180749,0.0,0.0
2017-10-20 00:00:00-04:00,72.89156341552734,73.66609191894531,72.71945190429688,73.58003234863281,279461,0.0,0.0
2017-10-23 00:00:00-04:00,73.76936340332031,74.45783233642578,73.45954895019531,73.51118469238281,382414,0.0,0.0
2017-10-24 00:00:00-04:00,73.88984680175781,74.50946807861328,73.73493957519531,74.28571319580078,220199,0.0,0.0
2017-10-25 00:00:00-04:00,74.32013702392578,74.35456085205078,72.28915405273438,73.18416595458984,274058,0.0,0.0
2017-10-26 00:00:00-04:00,73.70051574707031,73.92427062988281,72.83992767333984,73.63166809082031,327626,0.0,0.0
2017-10-27 00:00:00-04:00,73.27022552490234,73.52839660644531,71.8932876586914,72.66781616210938,228391,0.0,0.0
2017-10-30 00:00:00-04:00,72.30636596679688,72.47848510742188,71.5662612915039,71.6178970336914,210554,0.0,0.0
2017-10-31 00:00:00-04:00,72.1686782836914,72.25473022460938,71.6523208618164,71.7900161743164,249772,0.0,0.0
2017-11-01 00:00:00-04:00,72.23751831054688,72.71945190429688,71.44578552246094,71.53184509277344,224092,0.0,0.0
2017-11-02 00:00:00-04:00,71.23924255371094,72.1342544555664,71.08433532714844,71.9621353149414,247215,0.0,0.0
2017-11-03 00:00:00-04:00,72.0137710571289,72.94319915771484,71.9449234008789,72.85713958740234,552008,0.0,0.0
2017-11-06 00:00:00-05:00,63.270225524902344,66.31669616699219,57.33218765258789,63.54561233520508,2166026,0.0,0.0
2017-11-07 00:00:00-05:00,62.943199157714844,63.85542297363281,62.18588638305664,63.59724426269531,1010359,0.0,0.0
2017-11-08 00:00:00-05:00,63.184165954589844,63.88984680175781,62.994834899902344,63.235801696777344,926114,0.0,0.0
2017-11-09 00:00:00-05:00,62.530120849609375,63.029258728027344,61.60068893432617,62.27194595336914,865632,0.0,0.0
2017-11-10 00:00:00-05:00,62.048194885253906,63.098106384277344,62.01376724243164,62.87435531616211,602497,0.0,0.0
2017-11-13 00:00:00-05:00,62.20309829711914,62.581756591796875,62.09982681274414,62.375213623046875,417274,0.0,0.0
2017-11-14 00:00:00-05:00,61.68674850463867,61.962135314941406,60.275386810302734,60.75731658935547,985202,0.0,0.0
2017-11-15 00:00:00-05:00,59.896728515625,60.60240936279297,59.1566276550293,60.034423828125,897471,0.0,0.0
2017-11-16 00:00:00-05:00,60.292598724365234,61.20481872558594,60.1204833984375,61.08433532714844,704404,0.0,0.0
2017-11-17 00:00:00-05:00,61.0154914855957,61.721168518066406,60.67125701904297,61.17039489746094,623064,0.0,0.0
2017-11-20 00:00:00-05:00,61.25645446777344,61.56626510620117,60.67125701904297,60.9982795715332,389502,0.0,0.0
2017-11-21 00:00:00-05:00,62.13425064086914,62.70223617553711,61.944923400878906,62.478485107421875,456027,0.0,0.0
2017-11-22 00:00:00-05:00,62.530120849609375,63.37349319458008,62.461273193359375,62.77108383178711,305548,0.0,0.0
2017-11-24 00:00:00-05:00,62.994834899902344,63.47676467895508,62.01376724243164,62.25473403930664,138452,0.0,0.0
2017-11-27 00:00:00-05:00,62.11703872680664,63.270225524902344,62.03097915649414,63.201377868652344,404260,0.0,0.0
2017-11-28 00:00:00-05:00,63.28743362426758,63.49397659301758,62.22031021118164,63.201377868652344,753848,0.0,0.0
2017-11-29 00:00:00-05:00,63.149742126464844,63.82099914550781,62.495697021484375,62.80550765991211,491352,0.0,0.0
2017-11-30 00:00:00-05:00,62.80550765991211,64.26850128173828,62.80550765991211,64.13080596923828,474967,0.0,0.0
2017-12-01 00:00:00-05:00,64.18244171142578,64.54389190673828,62.28915786743164,63.82099914550781,409024,0.0,0.0
2017-12-04 00:00:00-05:00,64.54389190673828,65.57659149169922,64.02754211425781,64.25128936767578,441676,0.0,0.0
2017-12-05 00:00:00-05:00,64.19965362548828,64.19965362548828,62.66781234741211,62.87435531616211,303689,0.0,0.0
2017-12-06 00:00:00-05:00,62.478485107421875,63.012046813964844,61.824440002441406,62.66781234741211,439178,0.0,0.0
2017-12-07 00:00:00-05:00,62.66781234741211,63.88984680175781,62.65060043334961,62.90877914428711,316238,0.0,0.0
2017-12-08 00:00:00-05:00,63.54561233520508,63.54561233520508,63.063682556152344,63.35628128051758,290268,0.0,0.0
2017-12-11 00:00:00-05:00,62.90877914428711,63.184165954589844,62.25473403930664,62.65060043334961,284283,0.0,0.0
2017-12-12 00:00:00-05:00,62.82271957397461,63.78657531738281,62.598968505859375,63.33906936645508,480952,0.0,0.0
2017-12-13 00:00:00-05:00,63.42512893676758,64.02754211425781,63.235801696777344,63.35628128051758,481300,0.0,0.0
2017-12-14 00:00:00-05:00,63.44234085083008,63.87263488769531,63.063682556152344,63.149742126464844,447486,0.0,0.0
2017-12-15 00:00:00-05:00,63.64888000488281,64.11359405517578,63.029258728027344,63.44234085083008,866678,0.0,0.0
2017-12-18 00:00:00-05:00,64.33734893798828,66.54045104980469,64.33734893798828,65.67986297607422,954757,0.0,0.0
2017-12-19 00:00:00-05:00,65.93804168701172,66.62650299072266,65.24957275390625,66.33390808105469,615744,0.0,0.0
2017-12-20 00:00:00-05:00,67.09122467041016,67.8313217163086,66.88468170166016,67.41824340820312,495419,0.0,0.0
2017-12-21 00:00:00-05:00,67.74526977539062,68.1239242553711,66.48881530761719,67.33218383789062,775751,0.0,0.0
2017-12-22 00:00:00-05:00,67.46987915039062,67.65921020507812,66.48881530761719,66.86746978759766,305897,0.0,0.0
2017-12-26 00:00:00-05:00,67.07401275634766,67.8657455444336,66.95352935791016,67.64199829101562,268190,0.0,0.0
2017-12-27 00:00:00-05:00,67.64199829101562,68.0895004272461,67.38381958007812,67.8485336303711,252677,0.0,0.0
2017-12-28 00:00:00-05:00,68.1583480834961,68.46815490722656,67.26333618164062,68.4165267944336,641366,0.0,0.0
2017-12-29 00:00:00-05:00,68.53700256347656,68.96730041503906,68.1067123413086,68.1927719116211,388980,0.0,0.0
2018-01-02 00:00:00-05:00,68.76075744628906,68.84681701660156,68.0034408569336,68.53700256347656,323385,0.0,0.0
2018-01-03 00:00:00-05:00,68.77796936035156,69.39759063720703,68.3476791381836,69.20825958251953,265633,0.0,0.0
2018-01-04 00:00:00-05:00,69.724609375,70.0860595703125,69.38037872314453,69.8106689453125,300958,0.0,0.0
2018-01-05 00:00:00-05:00,69.8106689453125,70.1549072265625,69.53528594970703,70.1376953125,436796,0.0,0.0
2018-01-08 00:00:00-05:00,69.965576171875,70.48192596435547,69.53528594970703,70.32701873779297,406700,0.0,0.0
2018-01-09 00:00:00-05:00,70.82616424560547,71.8760757446289,70.56798553466797,71.27366638183594,444581,0.0,0.0
2018-01-10 00:00:00-05:00,70.96385192871094,71.25645446777344,70.58519744873047,70.72289276123047,334307,0.0,0.0
2018-01-11 00:00:00-05:00,70.91221618652344,71.27366638183594,70.20654296875,71.27366638183594,419656,0.0,0.0
2018-01-12 00:00:00-05:00,71.23924255371094,71.9104995727539,71.08433532714844,71.8760757446289,218107,0.0,0.0
2018-01-16 00:00:00-05:00,72.42684936523438,72.42684936523438,70.60240936279297,71.03269958496094,394092,0.0,0.0
2018-01-17 00:00:00-05:00,71.39414978027344,71.6695327758789,71.03269958496094,71.23924255371094,259939,0.0,0.0
2018-01-18 00:00:00-05:00,71.32530212402344,71.53184509277344,70.89501190185547,71.03269958496094,269816,0.0,0.0
2018-01-19 00:00:00-05:00,70.98106384277344,71.7211685180664,70.82616424560547,71.37693786621094,520808,0.0,0.0
2018-01-22 00:00:00-05:00,71.22203063964844,71.22203063964844,69.896728515625,70.275390625,605344,0.0,0.0
2018-01-23 00:00:00-05:00,70.46471405029297,70.48192596435547,69.41480255126953,70.0,965506,0.0,0.0
2018-01-24 00:00:00-05:00,70.44750213623047,70.44750213623047,69.31153106689453,69.827880859375,643748,0.0,0.0
2018-01-25 00:00:00-05:00,70.06884765625,70.48192596435547,69.29431915283203,69.8106689453125,417449,0.0,0.0
2018-01-26 00:00:00-05:00,70.0860595703125,70.68846893310547,69.10498809814453,70.63683319091797,541434,0.0,0.0
2018-01-29 00:00:00-05:00,70.34423065185547,70.79174041748047,69.9827880859375,70.1204833984375,412394,0.0,0.0
2018-01-30 00:00:00-05:00,69.34595489501953,69.896728515625,68.3648910522461,69.46643829345703,392524,0.0,0.0
2018-01-31 00:00:00-05:00,70.0,70.37865447998047,68.69190979003906,68.88124084472656,343139,0.0,0.0
2018-02-01 00:00:00-05:00,68.57142639160156,69.62134552001953,68.1927719116211,69.19104766845703,225021,0.0,0.0
2018-02-02 00:00:00-05:00,68.4509506225586,69.07056427001953,67.00516510009766,67.12564849853516,221012,0.0,0.0
2018-02-05 00:00:00-05:00,66.67813873291016,67.46987915039062,64.69879150390625,64.76763916015625,466892,0.0,0.0
2018-02-06 00:00:00-05:00,60.74010467529297,62.392425537109375,56.970741271972656,58.9672966003418,2189673,0.0,0.0
2018-02-07 00:00:00-05:00,58.53700637817383,60.56798553466797,58.53700637817383,59.27710723876953,1450699,0.0,0.0
2018-02-08 00:00:00-05:00,59.46643829345703,59.46643829345703,56.67814254760742,56.71256637573242,793065,0.0,0.0
2018-02-09 00:00:00-05:00,57.26333999633789,58.089500427246094,54.21686553955078,55.54216766357422,725495,0.0,0.0
2018-02-12 00:00:00-05:00,55.74871063232422,57.31497573852539,55.50774383544922,56.867469787597656,548871,0.0,0.0
2018-02-13 00:00:00-05:00,56.66093063354492,57.03958511352539,55.83476638793945,56.729774475097656,617022,0.0,0.0
2018-02-14 00:00:00-05:00,56.09294128417969,57.401031494140625,55.62822723388672,57.17728042602539,658099,0.0,0.0
2018-02-15 00:00:00-05:00,57.14285659790039,57.69363021850586,56.64371871948242,57.555938720703125,884747,0.0,0.0
2018-02-16 00:00:00-05:00,57.28055191040039,57.98623275756836,56.59208297729492,57.29776382446289,560607,0.0,0.0
2018-02-20 00:00:00-05:00,57.16006851196289,58.003440856933594,56.729774475097656,57.09122085571289,402749,0.0,0.0
2018-02-21 00:00:00-05:00,56.833045959472656,58.74354553222656,56.833045959472656,57.418243408203125,514824,0.0,0.0
2018-02-22 00:00:00-05:00,58.53700637817383,58.53700637817383,56.850257873535156,56.970741271972656,284051,0.0,0.0
2018-02-23 00:00:00-05:00,57.383819580078125,57.383819580078125,56.48881149291992,56.987953186035156,282773,0.0,0.0
2018-02-26 00:00:00-05:00,57.21170425415039,57.71084213256836,56.48881149291992,56.953529357910156,501810,0.0,0.0
2018-02-27 00:00:00-05:00,56.746986389160156,57.590362548828125,56.57487106323242,56.57487106323242,409547,0.0,0.0
2018-02-28 00:00:00-05:00,56.69535446166992,57.005165100097656,54.716007232666016,54.716007232666016,752279,0.0,0.0
2018-03-01 00:00:00-05:00,54.54389190673828,55.74871063232422,54.30292510986328,54.578311920166016,667627,0.0,0.0
2018-03-02 00:00:00-05:00,53.95869064331055,55.12908935546875,53.80378723144531,54.595523834228516,635963,0.0,0.0
2018-03-05 00:00:00-05:00,54.37177276611328,55.73149871826172,54.07917404174805,55.52495574951172,465730,0.0,0.0
2018-03-06 00:00:00-05:00,55.83476638793945,57.22891616821289,55.55937957763672,56.901893615722656,460501,0.0,0.0
2018-03-07 00:00:00-05:00,56.23063659667969,56.815834045410156,55.50774383544922,56.38554382324219,327161,0.0,0.0
2018-03-08 00:00:00-05:00,56.50602340698242,57.76247787475586,56.50602340698242,57.504302978515625,280914,0.0,0.0
2018-03-09 00:00:00-05:00,57.79690170288086,58.62306213378906,57.79690170288086,58.141136169433594,375500,0.0,0.0
2018-03-12 00:00:00-04:00,58.123924255371094,58.55421829223633,57.435455322265625,57.65920639038086,264704,0.0,0.0
2018-03-13 00:00:00-04:00,57.96902084350586,58.192771911621094,57.056800842285156,57.33218765258789,270862,0.0,0.0
2018-03-14 00:00:00-04:00,57.74526596069336,57.74526596069336,56.45438766479492,57.09122085571289,555552,0.0,0.0
2018-03-15 00:00:00-04:00,56.43717575073242,57.07400894165039,55.73149871826172,56.02409744262695,362195,0.0,0.0
2018-03-16 00:00:00-04:00,56.05852127075195,57.31497573852539,55.67986297607422,56.33390808105469,463464,0.0,0.0
2018-03-19 00:00:00-04:00,56.24784851074219,56.31669616699219,54.819278717041016,55.66265106201172,202130,0.0,0.0
2018-03-20 00:00:00-04:00,56.00688552856445,57.005165100097656,55.93803787231445,56.00688552856445,293056,0.0,0.0
2018-03-21 00:00:00-04:00,56.07572937011719,56.55765914916992,55.86919021606445,56.07572937011719,198179,0.0,0.0
2018-03-22 00:00:00-04:00,55.473323822021484,55.61101531982422,54.37177276611328,54.49225616455078,528303,0.0,0.0
2018-03-23 00:00:00-04:00,54.612735748291016,54.647159576416016,53.098106384277344,53.218589782714844,322687,0.0,0.0
2018-03-26 00:00:00-04:00,53.73493957519531,54.647159576416016,52.90877914428711,54.647159576416016,450972,0.0,0.0
2018-03-27 00:00:00-04:00,54.97418212890625,55.06024169921875,53.149742126464844,53.42512893676758,428313,0.0,0.0
2018-03-28 00:00:00-04:00,53.42512893676758,54.11359786987305,53.029258728027344,53.51118850708008,266795,0.0,0.0
2018-03-29 00:00:00-04:00,53.75215148925781,55.404476165771484,53.75215148925781,54.90533447265625,344998,0.0,0.0
2018-04-02 00:00:00-04:00,54.629947662353516,54.716007232666016,52.495697021484375,53.012046813964844,444291,0.0,0.0
2018-04-03 00:00:00-04:00,53.201377868652344,53.35628128051758,52.23752212524414,53.30464553833008,573796,0.0,0.0
2018-04-04 00:00:00-04:00,52.375213623046875,54.13080978393555,52.15146255493164,53.88984680175781,562059,0.0,0.0
2018-04-05 00:00:00-04:00,54.13080978393555,55.64543914794922,54.09638595581055,54.95697021484375,286491,0.0,0.0
2018-04-06 00:00:00-04:00,54.526676177978516,54.612735748291016,51.790016174316406,52.34079360961914,314089,0.0,0.0
2018-04-09 00:00:00-04:00,52.616180419921875,52.87435531616211,51.53184127807617,51.63511276245117,416577,0.0,0.0
2018-04-10 00:00:00-04:00,52.32358169555664,53.83821105957031,52.32358169555664,53.37349319458008,389270,0.0,0.0
2018-04-11 00:00:00-04:00,53.166954040527344,54.30292510986328,52.633392333984375,53.99311447143555,399438,0.0,0.0
2018-04-12 00:00:00-04:00,54.09638595581055,54.21686553955078,53.58003234863281,54.06196212768555,285387,0.0,0.0
2018-04-13 00:00:00-04:00,54.526676177978516,54.802066802978516,53.94147872924805,54.38898468017578,352028,0.0,0.0
2018-04-16 00:00:00-04:00,54.578311920166016,55.43889617919922,53.92427062988281,55.215145111083984,358593,0.0,0.0
2018-04-17 00:00:00-04:00,55.43889617919922,56.62650680541992,55.352840423583984,55.50774383544922,443942,0.0,0.0
2018-04-18 00:00:00-04:00,55.86919021606445,56.62650680541992,55.74871063232422,56.02409744262695,296368,0.0,0.0
2018-04-19 00:00:00-04:00,56.36832809448242,57.056800842285156,55.97246170043945,56.24784851074219,324489,0.0,0.0
2018-04-20 00:00:00-04:00,56.11015319824219,56.40275573730469,55.473323822021484,55.95524978637695,246460,0.0,0.0
2018-04-23 00:00:00-04:00,55.86919021606445,56.48881149291992,55.11187744140625,55.283992767333984,268713,0.0,0.0
2018-04-24 00:00:00-04:00,55.59380340576172,55.97246170043945,53.51118850708008,54.37177276611328,344184,0.0,0.0
2018-04-25 00:00:00-04:00,54.26850128173828,55.283992767333984,54.16523361206055,55.02581787109375,313450,0.0,0.0
2018-04-26 00:00:00-04:00,55.09466552734375,55.54216766357422,54.13080978393555,54.612735748291016,252561,0.0,0.0
2018-04-27 00:00:00-04:00,54.509464263916016,54.698795318603516,53.47676467895508,54.23407745361328,190161,0.0,0.0
2018-04-30 00:00:00-04:00,54.33734893798828,54.509464263916016,53.35628128051758,53.37349319458008,271908,0.0,0.0
2018-05-01 00:00:00-04:00,53.201377868652344,53.42512893676758,51.893287658691406,53.063682556152344,600696,0.0,0.0
2018-05-02 00:00:00-04:00,53.046470642089844,53.64888000488281,52.358001708984375,52.375213623046875,692843,0.0,0.0
2018-05-03 00:00:00-04:00,52.82271957397461,53.70051574707031,50.258174896240234,51.54905319213867,1061313,0.0,0.0
2018-05-04 00:00:00-04:00,50.481929779052734,53.83821105957031,49.965576171875,53.54561233520508,573331,0.0,0.0
2018-05-07 00:00:00-04:00,53.63167190551758,55.180721282958984,53.49397659301758,54.664371490478516,481649,0.0,0.0
2018-05-08 00:00:00-04:00,54.99139404296875,55.283992767333984,54.629947662353516,55.146297454833984,367366,0.0,0.0
2018-05-09 00:00:00-04:00,55.50774383544922,56.05852127075195,55.06024169921875,55.64543914794922,325128,0.0,0.0
2018-05-10 00:00:00-04:00,55.74871063232422,56.40275573730469,55.59380340576172,56.16178894042969,551950,0.0,0.0
2018-05-11 00:00:00-04:00,56.26506042480469,56.43717575073242,55.50774383544922,55.76592254638672,267783,0.0,0.0
2018-05-14 00:00:00-04:00,55.92082595825195,56.05852127075195,55.404476165771484,55.421688079833984,277660,0.0,0.0
2018-05-15 00:00:00-04:00,55.04302978515625,55.62822723388672,54.647159576416016,55.09466552734375,475723,0.0,0.0
2018-05-16 00:00:00-04:00,55.09466552734375,55.59380340576172,54.819278717041016,55.387264251708984,320073,0.0,0.0
2018-05-17 00:00:00-04:00,55.232357025146484,56.48881149291992,55.12908935546875,56.00688552856445,173429,0.0,0.0
2018-05-18 00:00:00-04:00,56.00688552856445,56.57487106323242,55.93803787231445,56.40275573730469,224905,0.0,0.0
2018-05-21 00:00:00-04:00,56.798622131347656,57.72805404663086,56.798622131347656,57.435455322265625,230192,0.0,0.0
2018-05-22 00:00:00-04:00,57.504302978515625,57.504302978515625,55.86919021606445,55.98967361450195,353771,0.0,0.0
2018-05-23 00:00:00-04:00,55.490535736083984,56.02409744262695,55.45610809326172,55.83476638793945,213518,0.0,0.0
2018-05-24 00:00:00-04:00,55.74871063232422,55.90361404418945,55.249568939208984,55.490535736083984,193938,0.0,0.0
2018-05-25 00:00:00-04:00,55.146297454833984,55.180721282958984,54.23407745361328,54.26850128173828,306826,0.0,0.0
2018-05-29 00:00:00-04:00,53.64888000488281,54.13080978393555,53.098106384277344,53.94147872924805,599360,0.0,0.0
2018-05-30 00:00:00-04:00,54.38898468017578,55.73149871826172,54.38898468017578,55.45610809326172,377941,0.0,0.0
2018-05-31 00:00:00-04:00,55.318416595458984,55.318416595458984,52.581756591796875,52.633392333984375,1040745,0.0,0.0
2018-06-01 00:00:00-04:00,52.87435531616211,53.82099914550781,52.80550765991211,52.96041488647461,445859,0.0,0.0
2018-06-04 00:00:00-04:00,51.60068893432617,52.09982681274414,49.569705963134766,51.35972595214844,1395039,0.0,0.0
2018-06-05 00:00:00-04:00,51.27366638183594,52.27194595336914,51.27366638183594,52.08261489868164,615628,0.0,0.0
2018-06-06 00:00:00-04:00,52.28915786743164,54.07917404174805,52.048194885253906,53.76936340332031,596280,0.0,0.0
2018-06-07 00:00:00-04:00,53.90705871582031,54.90533447265625,53.78657531738281,54.26850128173828,539517,0.0,0.0
2018-06-08 00:00:00-04:00,54.13080978393555,54.56110382080078,53.90705871582031,54.40619659423828,695225,0.0,0.0
2018-06-11 00:00:00-04:00,54.40619659423828,55.64543914794922,54.40619659423828,55.352840423583984,696445,0.0,0.0
2018-06-12 00:00:00-04:00,55.421688079833984,55.86919021606445,54.819278717041016,54.95697021484375,456492,0.0,0.0
2018-06-13 00:00:00-04:00,55.02581787109375,55.06024169921875,52.78829574584961,52.83993148803711,444930,0.0,0.0
2018-06-14 00:00:00-04:00,52.97762680053711,54.01032638549805,52.70223617553711,53.218589782714844,548232,0.0,0.0
2018-06-15 00:00:00-04:00,52.89156723022461,52.92599105834961,51.927711486816406,52.75387191772461,752627,0.0,0.0
2018-06-18 00:00:00-04:00,52.478485107421875,53.40791702270508,52.16867446899414,53.35628128051758,518484,0.0,0.0
2018-06-19 00:00:00-04:00,52.80550765991211,52.80550765991211,51.49741744995117,51.979347229003906,551950,0.0,0.0
2018-06-20 00:00:00-04:00,52.13425064086914,52.66781234741211,51.68674850463867,52.18588638305664,458583,0.0,0.0
2018-06-21 00:00:00-04:00,51.790016174316406,52.27194595336914,51.32530212402344,51.893287658691406,552182,0.0,0.0
2018-06-22 00:00:00-04:00,52.478485107421875,53.149742126464844,52.16867446899414,52.18588638305664,811831,0.0,0.0
2018-06-25 00:00:00-04:00,51.772804260253906,51.979347229003906,51.17039489746094,51.772804260253906,710854,0.0,0.0
2018-06-26 00:00:00-04:00,52.03097915649414,52.70223617553711,51.61790084838867,52.23752212524414,390664,0.0,0.0
2018-06-27 00:00:00-04:00,52.358001708984375,53.201377868652344,52.01376724243164,52.03097915649414,629514,0.0,0.0
2018-06-28 00:00:00-04:00,51.893287658691406,52.478485107421875,51.37693786621094,52.27194595336914,468344,0.0,0.0
2018-06-29 00:00:00-04:00,52.564544677734375,53.64888000488281,52.564544677734375,52.75387191772461,498730,0.0,0.0
2018-07-02 00:00:00-04:00,52.15146255493164,52.15146255493164,51.17039489746094,51.68674850463867,626202,0.0,0.0
2018-07-03 00:00:00-04:00,52.06540298461914,52.616180419921875,51.721168518066406,51.824440002441406,202246,0.0,0.0
2018-07-05 00:00:00-04:00,52.09982681274414,52.530120849609375,51.893287658691406,52.530120849609375,274464,0.0,0.0
2018-07-06 00:00:00-04:00,52.392425537109375,52.633392333984375,52.09982681274414,52.512908935546875,278590,0.0,0.0
2018-07-09 00:00:00-04:00,52.616180419921875,53.99311447143555,52.478485107421875,53.76936340332031,370736,0.0,0.0
2018-07-10 00:00:00-04:00,53.76936340332031,54.18244552612305,53.42512893676758,53.83821105957031,354642,0.0,0.0
2018-07-11 00:00:00-04:00,53.098106384277344,53.28743362426758,52.22031021118164,52.34079360961914,242277,0.0,0.0
2018-07-12 00:00:00-04:00,52.392425537109375,52.564544677734375,51.54905319213867,52.495697021484375,491584,0.0,0.0
2018-07-13 00:00:00-04:00,52.581756591796875,53.52840042114258,52.20309829711914,53.235801696777344,299680,0.0,0.0
2018-07-16 00:00:00-04:00,53.029258728027344,53.270225524902344,51.51462936401367,51.66953659057617,384913,0.0,0.0
2018-07-17 00:00:00-04:00,51.46299362182617,52.30636978149414,51.46299362182617,51.962135314941406,397578,0.0,0.0
2018-07-18 00:00:00-04:00,52.01376724243164,52.461273193359375,51.58347702026367,52.23752212524414,360046,0.0,0.0
2018-07-19 00:00:00-04:00,51.61790084838867,52.97762680053711,51.51462936401367,52.80550765991211,301771,0.0,0.0
2018-07-20 00:00:00-04:00,52.392425537109375,52.564544677734375,51.927711486816406,51.979347229003906,496813,0.0,0.0
2018-07-23 00:00:00-04:00,51.807228088378906,51.807228088378906,51.32530212402344,51.46299362182617,666465,0.0,0.0
2018-07-24 00:00:00-04:00,51.927711486816406,53.029258728027344,51.824440002441406,52.01376724243164,512035,0.0,0.0
2018-07-25 00:00:00-04:00,51.944923400878906,52.564544677734375,51.66953659057617,52.564544677734375,360336,0.0,0.0
2018-07-26 00:00:00-04:00,52.633392333984375,53.85542297363281,52.633392333984375,53.166954040527344,322746,0.0,0.0
2018-07-27 00:00:00-04:00,53.33906936645508,53.68330383300781,53.029258728027344,53.35628128051758,349530,0.0,0.0
2018-07-30 00:00:00-04:00,53.75215148925781,54.836490631103516,53.73493957519531,53.85542297363281,604995,0.0,0.0
2018-07-31 00:00:00-04:00,54.14802169799805,55.80034255981445,54.14802169799805,55.59380340576172,304851,0.0,0.0
2018-08-01 00:00:00-04:00,55.45610809326172,55.55937957763672,54.01032638549805,54.44062042236328,397462,0.0,0.0
2018-08-02 00:00:00-04:00,53.80378723144531,54.750431060791016,53.52840042114258,54.25128936767578,274406,0.0,0.0
2018-08-03 00:00:00-04:00,53.80378723144531,55.85197830200195,53.52840042114258,55.02581787109375,752511,0.0,0.0
2018-08-06 00:00:00-04:00,59.810672760009766,59.810672760009766,55.11187744140625,57.10843276977539,1049228,0.0,0.0
2018-08-07 00:00:00-04:00,59.810672760009766,59.810672760009766,57.14285659790039,58.055076599121094,704114,0.0,0.0
2018-08-08 00:00:00-04:00,58.055076599121094,58.141136169433594,56.987953186035156,57.28055191040039,303050,0.0,0.0
2018-08-09 00:00:00-04:00,57.21170425415039,57.88296127319336,56.66093063354492,56.919105529785156,370271,0.0,0.0
2018-08-10 00:00:00-04:00,56.55765914916992,56.55765914916992,55.12908935546875,55.473323822021484,385435,0.0,0.0
2018-08-13 00:00:00-04:00,55.55937957763672,55.67986297607422,54.07917404174805,54.30292510986328,449926,0.0,0.0
2018-08-14 00:00:00-04:00,54.647159576416016,54.93975830078125,54.14802169799805,54.21686553955078,220489,0.0,0.0
2018-08-15 00:00:00-04:00,53.78657531738281,53.85542297363281,52.426849365234375,53.52840042114258,306478,0.0,0.0
2018-08-16 00:00:00-04:00,53.87263488769531,54.87091064453125,53.75215148925781,54.26850128173828,250818,0.0,0.0
2018-08-17 00:00:00-04:00,55.66265106201172,56.781410217285156,55.266780853271484,56.26506042480469,375558,0.0,0.0
2018-08-20 00:00:00-04:00,56.35111999511719,57.69363021850586,56.35111999511719,57.31497573852539,360511,0.0,0.0
2018-08-21 00:00:00-04:00,57.504302978515625,58.55421829223633,56.66093063354492,58.072288513183594,394267,0.0,0.0
2018-08-22 00:00:00-04:00,58.003440856933594,58.51979446411133,57.26333999633789,58.43373489379883,354468,0.0,0.0
2018-08-23 00:00:00-04:00,58.31325149536133,58.69190979003906,57.418243408203125,57.93459701538086,278299,0.0,0.0
2018-08-24 00:00:00-04:00,58.209983825683594,58.9672966003418,57.77968978881836,58.51979446411133,307581,0.0,0.0
2018-08-27 00:00:00-04:00,58.9328727722168,60.206539154052734,58.64027404785156,59.8795166015625,337735,0.0,0.0
2018-08-28 00:00:00-04:00,60.0172119140625,60.68846893310547,59.672977447509766,59.93115234375,346683,0.0,0.0
2018-08-29 00:00:00-04:00,60.240962982177734,60.9122200012207,59.43201446533203,60.8605842590332,263019,0.0,0.0
2018-08-30 00:00:00-04:00,60.68846893310547,60.72289276123047,59.724613189697266,60.292598724365234,353480,0.0,0.0
2018-08-31 00:00:00-04:00,60.0172119140625,60.361446380615234,59.707401275634766,60.103271484375,163029,0.0,0.0
2018-09-04 00:00:00-04:00,61.10154724121094,61.15318298339844,59.827884674072266,61.13597106933594,491177,0.0,0.0
2018-09-05 00:00:00-04:00,61.0499153137207,62.358001708984375,60.77452850341797,62.15146255493164,539807,0.0,0.0
2018-09-06 00:00:00-04:00,62.23752212524414,62.75387191772461,60.8261604309082,60.8605842590332,249888,0.0,0.0
2018-09-07 00:00:00-04:00,60.464717864990234,61.23924255371094,60.154903411865234,60.9982795715332,218688,0.0,0.0
2018-09-10 00:00:00-04:00,61.42856979370117,62.18588638305664,60.9982795715332,61.39414978027344,192369,0.0,0.0
2018-09-11 00:00:00-04:00,61.11875915527344,61.44578170776367,60.49913787841797,61.18760681152344,587275,0.0,0.0
2018-09-12 00:00:00-04:00,60.63683319091797,60.74010467529297,59.29431915283203,59.604129791259766,431334,0.0,0.0
2018-09-13 00:00:00-04:00,59.672977447509766,60.67125701904297,59.36316680908203,60.60240936279297,268887,0.0,0.0
2018-09-14 00:00:00-04:00,60.8605842590332,61.70396041870117,60.8605842590332,61.27366638183594,296368,0.0,0.0
2018-09-17 00:00:00-04:00,61.66953659057617,61.66953659057617,60.61962127685547,61.0154914855957,352958,0.0,0.0
2018-09-18 00:00:00-04:00,61.27366638183594,62.048194885253906,60.74010467529297,61.807228088378906,224266,0.0,0.0
2018-09-19 00:00:00-04:00,61.910499572753906,62.97762680053711,61.910499572753906,62.598968505859375,377650,0.0,0.0
2018-09-20 00:00:00-04:00,63.166954040527344,63.71772766113281,62.75387191772461,62.80550765991211,616964,0.0,0.0
2018-09-21 00:00:00-04:00,63.063682556152344,63.166954040527344,62.598968505859375,62.77108383178711,539226,0.0,0.0
2018-09-24 00:00:00-04:00,62.73666000366211,62.73666000366211,61.56626510620117,61.979347229003906,249539,0.0,0.0
2018-09-25 00:00:00-04:00,62.34079360961914,62.461273193359375,61.51462936401367,62.048194885253906,295845,0.0,0.0
2018-09-26 00:00:00-04:00,62.048194885253906,62.06540298461914,61.42856979370117,61.49741744995117,249075,0.0,0.0
2018-09-27 00:00:00-04:00,61.738380432128906,62.564544677734375,61.27366638183594,61.979347229003906,597036,0.0,0.0
2018-09-28 00:00:00-04:00,61.790016174316406,62.616180419921875,61.51462936401367,62.06540298461914,409431,0.0,0.0
2018-10-01 00:00:00-04:00,62.547332763671875,63.76936340332031,62.048194885253906,62.461273193359375,407339,0.0,0.0
2018-10-02 00:00:00-04:00,62.375213623046875,63.218589782714844,62.08261489868164,62.68502426147461,323733,0.0,0.0
2018-10-03 00:00:00-04:00,62.943199157714844,63.49397659301758,62.65060043334961,62.85714340209961,410186,0.0,0.0
2018-10-04 00:00:00-04:00,62.85714340209961,62.97762680053711,61.68674850463867,62.23752212524414,239779,0.0,0.0
2018-10-05 00:00:00-04:00,62.13425064086914,62.20309829711914,60.327022552490234,60.9810676574707,223394,0.0,0.0
2018-10-08 00:00:00-04:00,60.72289276123047,61.61790084838867,59.8623046875,61.23924255371094,300784,0.0,0.0
2018-10-09 00:00:00-04:00,61.08433532714844,61.18760681152344,59.655765533447266,59.759037017822266,410360,0.0,0.0
2018-10-10 00:00:00-04:00,59.741825103759766,59.741825103759766,56.64371871948242,56.71256637573242,484438,0.0,0.0
2018-10-11 00:00:00-04:00,56.33390808105469,57.03958511352539,55.180721282958984,55.197933197021484,556598,0.0,0.0
2018-10-12 00:00:00-04:00,56.29948425292969,56.850257873535156,54.698795318603516,55.57659149169922,391478,0.0,0.0
2018-10-15 00:00:00-04:00,55.61101531982422,56.50602340698242,55.249568939208984,55.81755447387695,398276,0.0,0.0
2018-10-16 00:00:00-04:00,56.24784851074219,57.21170425415039,56.00688552856445,57.16006851196289,539691,0.0,0.0
2018-10-17 00:00:00-04:00,56.798622131347656,57.33218765258789,56.24784851074219,57.10843276977539,254071,0.0,0.0
2018-10-18 00:00:00-04:00,56.45438766479492,56.57487106323242,54.44062042236328,54.836490631103516,445162,0.0,0.0
2018-10-19 00:00:00-04:00,55.07745361328125,55.232357025146484,53.098106384277344,53.51118850708008,350575,0.0,0.0
2018-10-22 00:00:00-04:00,53.70051574707031,53.83821105957031,52.75387191772461,53.149742126464844,380671,0.0,0.0
2018-10-23 00:00:00-04:00,51.858863830566406,52.78829574584961,49.0533561706543,52.15146255493164,754022,0.0,0.0
2018-10-24 00:00:00-04:00,52.30636978149414,52.409637451171875,47.88296127319336,48.037864685058594,797887,0.0,0.0
2018-10-25 00:00:00-04:00,47.573150634765625,48.79518127441406,45.180721282958984,47.435455322265625,1964303,0.0,0.0
2018-10-26 00:00:00-04:00,46.919105529785156,48.53700637817383,46.07572937011719,47.90017318725586,692726,0.0,0.0
2018-10-29 00:00:00-04:00,48.65748596191406,50.206539154052734,47.418243408203125,48.261619567871094,905721,0.0,0.0
2018-10-30 00:00:00-04:00,48.089500427246094,49.655765533447266,47.71084213256836,48.43373489379883,624168,0.0,0.0
2018-10-31 00:00:00-04:00,49.1222038269043,49.46643829345703,48.209983825683594,48.244407653808594,813807,0.0,0.0
2018-11-01 00:00:00-04:00,48.60585021972656,49.8795166015625,47.641998291015625,49.655765533447266,985260,0.0,0.0
2018-11-02 00:00:00-04:00,50.034423828125,51.13597106933594,49.38037872314453,49.793460845947266,465323,0.0,0.0
2018-11-05 00:00:00-05:00,50.0516357421875,50.189327239990234,48.227195739746094,48.57143020629883,640030,0.0,0.0
2018-11-06 00:00:00-05:00,48.48537063598633,50.034423828125,47.90017318725586,49.845096588134766,477466,0.0,0.0
2018-11-07 00:00:00-05:00,50.413082122802734,50.68846893310547,49.32874298095703,49.965576171875,427848,0.0,0.0
2018-11-08 00:00:00-05:00,49.827884674072266,50.344234466552734,49.34595489501953,49.44922637939453,251805,0.0,0.0
2018-11-09 00:00:00-05:00,49.0533561706543,49.24268341064453,47.79690170288086,48.34767532348633,768140,0.0,0.0
2018-11-12 00:00:00-05:00,48.158348083496094,48.67469787597656,47.76247787475586,47.84853744506836,410767,0.0,0.0
2018-11-13 00:00:00-05:00,47.98623275756836,48.77796936035156,46.936317443847656,46.953529357910156,322339,0.0,0.0
2018-11-14 00:00:00-05:00,47.67641830444336,48.46815872192383,46.40275573730469,46.746986389160156,347787,0.0,0.0
2018-11-15 00:00:00-05:00,46.50602340698242,48.055076599121094,46.05852127075195,47.71084213256836,361208,0.0,0.0
2018-11-16 00:00:00-05:00,47.590362548828125,48.34767532348633,47.487091064453125,48.158348083496094,417332,0.0,0.0
2018-11-19 00:00:00-05:00,46.970741271972656,46.970741271972656,39.845096588134766,40.8261604309082,3373518,0.0,0.0
2018-11-20 00:00:00-05:00,39.896728515625,41.824440002441406,39.586917877197266,41.32530212402344,2086952,0.0,0.0
2018-11-21 00:00:00-05:00,41.46299362182617,43.115318298339844,41.32530212402344,42.478485107421875,1380805,0.0,0.0
2018-11-23 00:00:00-05:00,42.16867446899414,42.87435531616211,42.01376724243164,42.048194885253906,440630,0.0,0.0
2018-11-26 00:00:00-05:00,42.616180419921875,42.616180419921875,41.41136169433594,42.358001708984375,907987,0.0,0.0
2018-11-27 00:00:00-05:00,42.09982681274414,42.09982681274414,40.430294036865234,41.08433532714844,792077,0.0,0.0
2018-11-28 00:00:00-05:00,41.34251403808594,41.841651916503906,39.759037017822266,41.824440002441406,1523963,0.0,0.0
2018-11-29 00:00:00-05:00,41.962135314941406,43.39070510864258,41.44578170776367,43.080894470214844,1571024,0.0,0.0
2018-11-30 00:00:00-05:00,42.78829574584961,43.39070510864258,42.23752212524414,42.92599105834961,868944,0.0,0.0
2018-12-03 00:00:00-05:00,43.54561233520508,44.54389190673828,43.39070510864258,44.01032638549805,601509,0.0,0.0
2018-12-04 00:00:00-05:00,43.70051574707031,43.95869064331055,41.51462936401367,41.772804260253906,1096812,0.0,0.0
2018-12-06 00:00:00-05:00,40.8950080871582,41.30809020996094,39.759037017822266,41.13597106933594,954583,0.0,0.0
2018-12-07 00:00:00-05:00,41.32530212402344,41.824440002441406,39.39759063720703,39.672977447509766,1018319,0.0,0.0
2018-12-10 00:00:00-05:00,39.46643829345703,39.776248931884766,38.60585021972656,39.1566276550293,761575,0.0,0.0
2018-12-11 00:00:00-05:00,39.9483642578125,39.9483642578125,37.72805404663086,37.93459701538086,1114416,0.0,0.0
2018-12-12 00:00:00-05:00,38.81239318847656,39.810672760009766,38.089500427246094,38.91566467285156,1051552,0.0,0.0
2018-12-13 00:00:00-05:00,38.86402893066406,39.0017204284668,36.936317443847656,37.17728042602539,840765,0.0,0.0
2018-12-14 00:00:00-05:00,36.764198303222656,37.84853744506836,35.95524978637695,36.17900085449219,941743,0.0,0.0
2018-12-17 00:00:00-05:00,35.92082595825195,36.55765914916992,35.04302978515625,35.370052337646484,911705,0.0,0.0
2018-12-18 00:00:00-05:00,35.55937957763672,36.901893615722656,35.55937957763672,36.04130935668945,1252810,0.0,0.0
2018-12-19 00:00:00-05:00,36.23063659667969,38.123924255371094,35.98967361450195,36.17900085449219,1538256,0.0,0.0
2018-12-20 00:00:00-05:00,35.88640213012695,36.43717575073242,34.25128936767578,34.802066802978516,964634,0.0,0.0
2018-12-21 00:00:00-05:00,34.836490631103516,34.97418212890625,33.85542297363281,34.30292510986328,958476,0.0,0.0
2018-12-24 00:00:00-05:00,33.97590255737305,34.49225616455078,33.012046813964844,33.046470642089844,283644,0.0,0.0
2018-12-26 00:00:00-05:00,33.35628128051758,35.09466552734375,32.616180419921875,35.02581787109375,664315,0.0,0.0
2018-12-27 00:00:00-05:00,33.94147872924805,34.88812255859375,33.64888000488281,34.87091064453125,849248,0.0,0.0
2018-12-28 00:00:00-05:00,34.95697021484375,35.74871063232422,34.578311920166016,35.02581787109375,787952,0.0,0.0
2018-12-31 00:00:00-05:00,35.301204681396484,36.00688552856445,34.578311920166016,35.97246170043945,622658,0.0,0.0
2019-01-02 00:00:00-05:00,35.07745361328125,36.28227233886719,34.54389190673828,35.98967361450195,599476,0.0,0.0
2019-01-03 00:00:00-05:00,35.85197830200195,36.11015319824219,34.44062042236328,34.750431060791016,489957,0.0,0.0
2019-01-04 00:00:00-05:00,35.59380340576172,36.62650680541992,35.301204681396484,36.40275573730469,615105,0.0,0.0
2019-01-07 00:00:00-05:00,36.55765914916992,38.175559997558594,36.17900085449219,37.641998291015625,1103435,0.0,0.0
2019-01-08 00:00:00-05:00,37.79690170288086,38.003440856933594,34.716007232666016,35.81755447387695,5452976,0.0,0.0
2019-01-09 00:00:00-05:00,35.97246170043945,36.59208297729492,35.43889617919922,36.41996765136719,7738281,0.0,0.0
2019-01-10 00:00:00-05:00,36.23063659667969,37.84853744506836,36.07572937011719,37.67641830444336,2982738,0.0,0.0
2019-01-11 00:00:00-05:00,37.33218765258789,38.106712341308594,37.12564468383789,37.76247787475586,1000772,0.0,0.0
2019-01-14 00:00:00-05:00,36.987953186035156,38.51979446411133,36.953529357910156,38.072288513183594,1721096,0.0,0.0
2019-01-15 00:00:00-05:00,38.244407653808594,38.45094680786133,37.555938720703125,37.79690170288086,807764,0.0,0.0
2019-01-16 00:00:00-05:00,37.624786376953125,38.55421829223633,37.555938720703125,38.072288513183594,706845,0.0,0.0
2019-01-17 00:00:00-05:00,37.83132553100586,39.43201446533203,37.607574462890625,39.1222038269043,900724,0.0,0.0
2019-01-18 00:00:00-05:00,39.48365020751953,41.18760681152344,39.43201446533203,41.10154724121094,1677870,0.0,0.0
2019-01-22 00:00:00-05:00,40.309810638427734,41.15318298339844,39.724613189697266,40.464717864990234,1630867,0.0,0.0
2019-01-23 00:00:00-05:00,40.61962127685547,40.9638557434082,39.518070220947266,39.9483642578125,986538,0.0,0.0
2019-01-24 00:00:00-05:00,40.0172119140625,41.63511276245117,40.0172119140625,41.58347702026367,1026685,0.0,0.0
2019-01-25 00:00:00-05:00,42.27194595336914,42.581756591796875,41.755592346191406,42.495697021484375,1463771,0.0,0.0
2019-01-28 00:00:00-05:00,41.876075744628906,42.16867446899414,40.70568084716797,41.22203063964844,950516,0.0,0.0
2019-01-29 00:00:00-05:00,41.30809020996094,42.68502426147461,40.70568084716797,42.495697021484375,834374,0.0,0.0
2019-01-30 00:00:00-05:00,42.68502426147461,43.52840042114258,42.23752212524414,43.046470642089844,893868,0.0,0.0
2019-01-31 00:00:00-05:00,43.32185745239258,43.39070510864258,42.28915786743164,42.598968505859375,908800,0.0,0.0
2019-02-01 00:00:00-05:00,42.09982681274414,43.063682556152344,42.09982681274414,42.78829574584961,558922,0.0,0.0
2019-02-04 00:00:00-05:00,42.78829574584961,43.47676467895508,42.530120849609375,43.44234085083008,739555,0.0,0.0
2019-02-05 00:00:00-05:00,43.33906936645508,43.61445617675781,43.063682556152344,43.235801696777344,799572,0.0,0.0
2019-02-06 00:00:00-05:00,43.029258728027344,44.07917404174805,42.97762680053711,43.166954040527344,851746,0.0,0.0
2019-02-07 00:00:00-05:00,42.83993148803711,43.063682556152344,41.17039489746094,41.927711486816406,2189034,0.0,0.0
2019-02-08 00:00:00-05:00,41.721168518066406,42.03097915649414,41.0327033996582,41.54905319213867,496232,0.0,0.0
2019-02-11 00:00:00-05:00,41.54905319213867,42.09982681274414,41.35972595214844,41.979347229003906,551601,0.0,0.0
2019-02-12 00:00:00-05:00,42.358001708984375,43.132530212402344,42.28915786743164,42.426849365234375,1167868,0.0,0.0
2019-02-13 00:00:00-05:00,43.149742126464844,46.43717575073242,43.132530212402344,45.04302978515625,2587658,0.0,0.0
2019-02-14 00:00:00-05:00,44.37177276611328,45.283992767333984,43.76936340332031,44.664371490478516,902642,0.0,0.0
2019-02-15 00:00:00-05:00,45.180721282958984,46.14457702636719,44.99139404296875,45.301204681396484,740775,0.0,0.0
2019-02-19 00:00:00-05:00,45.318416595458984,46.59208297729492,45.197933197021484,46.28227233886719,705625,0.0,0.0
2019-02-20 00:00:00-05:00,46.28227233886719,46.67814254760742,46.16178894042969,46.59208297729492,583150,0.0,0.0
2019-02-21 00:00:00-05:00,46.28227233886719,46.66093063354492,45.57659149169922,45.93803787231445,716780,0.0,0.0
2019-02-22 00:00:00-05:00,46.11015319824219,46.28227233886719,45.86919021606445,46.19621276855469,371898,0.0,0.0
2019-02-25 00:00:00-05:00,46.55765914916992,46.936317443847656,46.21342468261719,46.26506042480469,848202,0.0,0.0
2019-02-26 00:00:00-05:00,46.12736511230469,46.31669616699219,45.90361404418945,46.16178894042969,610224,0.0,0.0
2019-02-27 00:00:00-05:00,46.23063659667969,46.41996765136719,45.85197830200195,45.98967361450195,523249,0.0,0.0
2019-02-28 00:00:00-05:00,45.98967361450195,45.98967361450195,45.197933197021484,45.54216766357422,388573,0.0,0.0
2019-03-01 00:00:00-05:00,45.81755447387695,46.11015319824219,45.52495574951172,45.64543914794922,490771,0.0,0.0
2019-03-04 00:00:00-05:00,45.85197830200195,46.23063659667969,44.99139404296875,45.55937957763672,541550,0.0,0.0
2019-03-05 00:00:00-05:00,45.52495574951172,45.83476638793945,45.00860595703125,45.283992767333984,920885,0.0,0.0
2019-03-06 00:00:00-05:00,45.146297454833984,46.17900085449219,44.750431060791016,44.784854888916016,1497586,0.0,0.0
2019-03-07 00:00:00-05:00,45.180721282958984,45.352840423583984,44.42340850830078,44.647159576416016,1617969,0.0,0.0
2019-03-08 00:00:00-05:00,43.92427062988281,45.12908935546875,43.080894470214844,45.04302978515625,800909,0.0,0.0
2019-03-11 00:00:00-04:00,46.47159957885742,48.123924255371094,46.24784851074219,47.33218765258789,2734244,0.0,0.0
2019-03-12 00:00:00-04:00,47.469879150390625,49.2082633972168,47.383819580078125,48.82960510253906,2602473,0.0,0.0
2019-03-13 00:00:00-04:00,49.1049919128418,50.0172119140625,48.67469787597656,49.22547149658203,2945089,0.0,0.0
2019-03-14 00:00:00-04:00,48.9845085144043,49.569705963134766,48.51979446411133,48.58863830566406,1881452,0.0,0.0
2019-03-15 00:00:00-04:00,49.31153106689453,49.638553619384766,48.67469787597656,48.77796936035156,9761788,0.0,0.0
2019-03-18 00:00:00-04:00,48.89845275878906,50.51634979248047,48.86402893066406,50.395870208740234,1681356,0.0,0.0
2019-03-19 00:00:00-04:00,50.72289276123047,51.11875915527344,50.154903411865234,50.309810638427734,1348094,0.0,0.0
2019-03-20 00:00:00-04:00,50.240962982177734,50.9294319152832,49.759037017822266,50.344234466552734,1052191,0.0,0.0
2019-03-21 00:00:00-04:00,50.034423828125,50.9810676574707,50.0172119140625,50.309810638427734,1361225,0.0,0.0
2019-03-22 00:00:00-04:00,49.965576171875,50.1376953125,47.84853744506836,47.951805114746094,1350012,0.0,0.0
2019-03-25 00:00:00-04:00,47.79690170288086,48.91566467285156,47.607574462890625,48.141136169433594,944648,0.0,0.0
2019-03-26 00:00:00-04:00,48.74354553222656,49.1222038269043,48.46815872192383,48.88124084472656,995950,0.0,0.0
2019-03-27 00:00:00-04:00,48.91566467285156,49.36316680908203,48.39931106567383,49.0189323425293,730898,0.0,0.0
2019-03-28 00:00:00-04:00,49.0705680847168,49.569705963134766,48.65748596191406,49.41480255126953,841288,0.0,0.0
2019-03-29 00:00:00-04:00,49.845096588134766,51.39414978027344,49.604129791259766,51.08433532714844,2135524,0.0,0.0
2019-04-01 00:00:00-04:00,51.65232467651367,52.564544677734375,51.58347702026367,51.893287658691406,1179314,0.0,0.0
2019-04-02 00:00:00-04:00,51.944923400878906,52.13425064086914,51.41136169433594,51.790016174316406,1188668,0.0,0.0
2019-04-03 00:00:00-04:00,52.13425064086914,52.444061279296875,51.08433532714844,51.37693786621094,1419906,0.0,0.0
2019-04-04 00:00:00-04:00,51.48020553588867,52.30636978149414,51.48020553588867,52.048194885253906,1096231,0.0,0.0
2019-04-05 00:00:00-04:00,52.68502426147461,53.115318298339844,52.32358169555664,52.68502426147461,1754678,0.0,0.0
2019-04-08 00:00:00-04:00,52.564544677734375,52.83993148803711,51.996559143066406,52.65060043334961,1408344,0.0,0.0
2019-04-09 00:00:00-04:00,52.23752212524414,52.358001708984375,51.58347702026367,51.60068893432617,693133,0.0,0.0
2019-04-10 00:00:00-04:00,51.738380432128906,52.03097915649414,51.29087829589844,51.70396041870117,865516,0.0,0.0
2019-04-11 00:00:00-04:00,51.721168518066406,52.512908935546875,51.37693786621094,52.426849365234375,761284,0.0,0.0
2019-04-12 00:00:00-04:00,52.97762680053711,53.63167190551758,52.32358169555664,52.426849365234375,759483,0.0,0.0
2019-04-15 00:00:00-04:00,52.34079360961914,52.581756591796875,51.910499572753906,52.375213623046875,430695,0.0,0.0
2019-04-16 00:00:00-04:00,52.581756591796875,52.90877914428711,52.375213623046875,52.77108383178711,501868,0.0,0.0
2019-04-17 00:00:00-04:00,53.132530212402344,53.132530212402344,52.30636978149414,52.32358169555664,404783,0.0,0.0
2019-04-18 00:00:00-04:00,52.547332763671875,52.70223617553711,51.70396041870117,52.27194595336914,617429,0.0,0.0
2019-04-22 00:00:00-04:00,51.927711486816406,52.23752212524414,51.63511276245117,52.01376724243164,754429,0.0,0.0
2019-04-23 00:00:00-04:00,52.01376724243164,52.68502426147461,51.65232467651367,52.25473403930664,901944,0.0,0.0
2019-04-24 00:00:00-04:00,52.06540298461914,52.70223617553711,51.996559143066406,52.478485107421875,736069,0.0,0.0
2019-04-25 00:00:00-04:00,51.58347702026367,52.16867446899414,50.154903411865234,50.206539154052734,1058408,0.0,0.0
2019-04-26 00:00:00-04:00,50.189327239990234,51.25645446777344,50.154903411865234,51.10154724121094,676458,0.0,0.0
2019-04-29 00:00:00-04:00,51.39414978027344,52.22031021118164,51.18760681152344,52.09982681274414,535856,0.0,0.0
2019-04-30 00:00:00-04:00,52.358001708984375,52.358001708984375,51.46299362182617,51.927711486816406,901480,0.0,0.0
2019-05-01 00:00:00-04:00,52.01376724243164,52.512908935546875,51.46299362182617,51.60068893432617,677504,0.0,0.0
2019-05-02 00:00:00-04:00,51.08433532714844,51.58347702026367,50.413082122802734,51.20481872558594,581058,0.0,0.0
2019-05-03 00:00:00-04:00,51.63511276245117,52.27194595336914,51.37693786621094,52.09982681274414,1568700,0.0,0.0
2019-05-06 00:00:00-04:00,50.8950080871582,51.48020553588867,50.0,51.0499153137207,1011811,0.0,0.0
2019-05-07 00:00:00-04:00,50.206539154052734,50.9294319152832,48.261619567871094,48.77796936035156,1210630,0.0,0.0
2019-05-08 00:00:00-04:00,50.0172119140625,50.1204833984375,46.35111999511719,46.45438766479492,2115886,0.0,0.0
2019-05-09 00:00:00-04:00,45.163509368896484,46.41996765136719,44.836490631103516,46.07572937011719,1935776,0.0,0.0
2019-05-10 00:00:00-04:00,45.80034255981445,46.62650680541992,45.11187744140625,46.54044723510742,2269677,0.0,0.0
2019-05-13 00:00:00-04:00,45.473323822021484,46.21342468261719,44.629947662353516,45.61101531982422,2174276,0.0,0.0
2019-05-14 00:00:00-04:00,45.64543914794922,46.05852127075195,44.19965744018555,44.629947662353516,1628427,0.0,0.0
2019-05-15 00:00:00-04:00,44.01032638549805,45.81755447387695,43.39070510864258,45.59380340576172,1633598,0.0,0.0
2019-05-16 00:00:00-04:00,46.57487106323242,48.209983825683594,46.50602340698242,47.22891616821289,2009737,0.0,0.0
2019-05-17 00:00:00-04:00,46.50602340698242,47.418243408203125,46.29948425292969,46.29948425292969,1327992,0.0,0.0
2019-05-20 00:00:00-04:00,45.97246170043945,47.12564468383789,45.71428680419922,46.987953186035156,1075896,0.0,0.0
2019-05-21 00:00:00-04:00,47.26333999633789,48.175559997558594,46.867469787597656,47.69363021850586,1037898,0.0,0.0
2019-05-22 00:00:00-04:00,47.29776382446289,47.401031494140625,45.370052337646484,45.473323822021484,832224,0.0,0.0
2019-05-23 00:00:00-04:00,44.526676177978516,45.06024169921875,43.012046813964844,43.218589782714844,1222366,0.0,0.0
2019-05-24 00:00:00-04:00,43.66609191894531,43.90705871582031,42.78829574584961,43.149742126464844,544746,0.0,0.0
2019-05-28 00:00:00-04:00,43.184165954589844,43.64888000488281,42.73666000366211,43.39070510864258,987177,0.0,0.0
2019-05-29 00:00:00-04:00,42.89156723022461,43.94147872924805,42.73666000366211,43.92427062988281,1346932,0.0,0.0
2019-05-30 00:00:00-04:00,43.92427062988281,44.647159576416016,43.71772766113281,44.42340850830078,856975,0.0,0.0
2019-05-31 00:00:00-04:00,43.58003234863281,43.99311447143555,43.115318298339844,43.201377868652344,1215859,0.0,0.0
2019-06-03 00:00:00-04:00,43.270225524902344,44.767642974853516,43.132530212402344,44.612735748291016,889627,0.0,0.0
2019-06-04 00:00:00-04:00,43.66609191894531,46.36832809448242,43.28743362426758,46.35111999511719,891719,0.0,0.0
2019-06-05 00:00:00-04:00,46.47159957885742,46.729774475097656,45.64543914794922,46.40275573730469,807241,0.0,0.0
2019-06-06 00:00:00-04:00,46.33390808105469,46.764198303222656,45.473323822021484,46.00688552856445,962949,0.0,0.0
2019-06-07 00:00:00-04:00,46.38554382324219,46.66093063354492,45.50774383544922,46.50602340698242,475723,0.0,0.0
2019-06-10 00:00:00-04:00,46.55765914916992,47.418243408203125,46.09294128417969,46.47159957885742,449752,0.0,0.0
2019-06-11 00:00:00-04:00,47.26333999633789,47.79690170288086,45.71428680419922,45.90361404418945,806660,0.0,0.0
2019-06-12 00:00:00-04:00,45.54216766357422,45.74871063232422,44.47504425048828,44.87091064453125,1103435,0.0,0.0
2019-06-13 00:00:00-04:00,45.370052337646484,45.67986297607422,44.47504425048828,44.698795318603516,1287206,0.0,0.0
2019-06-14 00:00:00-04:00,44.30292510986328,44.30292510986328,43.149742126464844,43.71772766113281,1231894,0.0,0.0
2019-06-17 00:00:00-04:00,43.51118850708008,43.87263488769531,42.73666000366211,43.30464553833008,530744,0.0,0.0
2019-06-18 00:00:00-04:00,43.85542297363281,45.52495574951172,43.44234085083008,45.387264251708984,785977,0.0,0.0
2019-06-19 00:00:00-04:00,45.04302978515625,45.98967361450195,45.04302978515625,45.83476638793945,695748,0.0,0.0
2019-06-20 00:00:00-04:00,46.69535446166992,47.02237319946289,46.23063659667969,46.936317443847656,461953,0.0,0.0
2019-06-21 00:00:00-04:00,46.71256637573242,47.14285659790039,46.50602340698242,46.55765914916992,769593,0.0,0.0
2019-06-24 00:00:00-04:00,46.43717575073242,46.970741271972656,45.59380340576172,45.67986297607422,795563,0.0,0.0
2019-06-25 00:00:00-04:00,46.04130935668945,46.04130935668945,44.99139404296875,45.61101531982422,661294,0.0,0.0
2019-06-26 00:00:00-04:00,45.67986297607422,46.35111999511719,45.59380340576172,46.17900085449219,431334,0.0,0.0
2019-06-27 00:00:00-04:00,46.33390808105469,46.901893615722656,46.02409744262695,46.59208297729492,767443,0.0,0.0
2019-06-28 00:00:00-04:00,46.850257873535156,48.36488723754883,46.850257873535156,48.244407653808594,912460,0.0,0.0
2019-07-01 00:00:00-04:00,49.1049919128418,49.672977447509766,47.22891616821289,47.521514892578125,920711,0.0,0.0
2019-07-02 00:00:00-04:00,47.21170425415039,47.21170425415039,45.98967361450195,46.54044723510742,647350,0.0,0.0
2019-07-03 00:00:00-04:00,46.69535446166992,46.919105529785156,45.88640213012695,46.815834045410156,332390,0.0,0.0
2019-07-05 00:00:00-04:00,46.41996765136719,46.71256637573242,45.490535736083984,46.50602340698242,594189,0.0,0.0
2019-07-08 00:00:00-04:00,46.12736511230469,46.35111999511719,45.54216766357422,46.00688552856445,681629,0.0,0.0
2019-07-09 00:00:00-04:00,45.52495574951172,45.52495574951172,44.93975830078125,45.266780853271484,512849,0.0,0.0
2019-07-10 00:00:00-04:00,45.404476165771484,45.78313446044922,44.612735748291016,45.06024169921875,570891,0.0,0.0
2019-07-11 00:00:00-04:00,45.00860595703125,45.490535736083984,44.526676177978516,45.335628509521484,579489,0.0,0.0
2019-07-12 00:00:00-04:00,45.64543914794922,46.953529357910156,45.146297454833984,46.71256637573242,709808,0.0,0.0
2019-07-15 00:00:00-04:00,46.746986389160156,47.02237319946289,45.93803787231445,46.64371871948242,660074,0.0,0.0
2019-07-16 00:00:00-04:00,46.47159957885742,47.74526596069336,45.98967361450195,47.366607666015625,708355,0.0,0.0
2019-07-17 00:00:00-04:00,47.34939956665039,47.366607666015625,46.02409744262695,46.02409744262695,538355,0.0,0.0
2019-07-18 00:00:00-04:00,45.71428680419922,46.16178894042969,45.61101531982422,45.71428680419922,664722,0.0,0.0
2019-07-19 00:00:00-04:00,46.00688552856445,47.538726806640625,45.64543914794922,47.03958511352539,1106631,0.0,0.0
2019-07-22 00:00:00-04:00,46.970741271972656,47.79690170288086,46.35111999511719,46.48881149291992,896134,0.0,0.0
2019-07-23 00:00:00-04:00,47.03958511352539,48.84681701660156,47.03958511352539,48.72633361816406,693017,0.0,0.0
2019-07-24 00:00:00-04:00,48.31325149536133,50.44750213623047,48.209983825683594,50.154903411865234,683953,0.0,0.0
2019-07-25 00:00:00-04:00,50.258174896240234,50.258174896240234,48.53700637817383,48.9328727722168,469622,0.0,0.0
2019-07-26 00:00:00-04:00,49.0361442565918,49.24268341064453,48.36488723754883,49.0361442565918,380439,0.0,0.0
2019-07-29 00:00:00-04:00,49.0361442565918,49.25989532470703,48.33046340942383,48.43373489379883,394964,0.0,0.0
2019-07-30 00:00:00-04:00,48.106712341308594,48.81239318847656,47.555938720703125,48.45094680786133,901073,0.0,0.0
2019-07-31 00:00:00-04:00,48.57143020629883,48.79518127441406,47.21170425415039,47.641998291015625,758379,0.0,0.0
2019-08-01 00:00:00-04:00,47.34939956665039,47.452667236328125,44.99139404296875,45.180721282958984,771626,0.0,0.0
2019-08-02 00:00:00-04:00,44.87091064453125,45.06024169921875,43.029258728027344,43.76936340332031,1112906,0.0,0.0
2019-08-05 00:00:00-04:00,42.85714340209961,42.85714340209961,41.910499572753906,42.530120849609375,1637665,0.0,0.0
2019-08-06 00:00:00-04:00,44.40619659423828,49.1566276550293,44.11359786987305,48.9672966003418,2580744,0.0,0.0
2019-08-07 00:00:00-04:00,48.209983825683594,48.278831481933594,44.90533447265625,45.90361404418945,1479691,0.0,0.0
2019-08-08 00:00:00-04:00,45.90361404418945,46.66093063354492,45.54216766357422,45.86919021606445,1113138,0.0,0.0
2019-08-09 00:00:00-04:00,45.74871063232422,45.80034255981445,44.42340850830078,44.767642974853516,709924,0.0,0.0
2019-08-12 00:00:00-04:00,44.37177276611328,44.87091064453125,44.01032638549805,44.49225616455078,501461,0.0,0.0
2019-08-13 00:00:00-04:00,44.16523361206055,46.35111999511719,44.09638595581055,45.301204681396484,595583,0.0,0.0
2019-08-14 00:00:00-04:00,44.32013702392578,44.836490631103516,43.44234085083008,43.82099914550781,557702,0.0,0.0
2019-08-15 00:00:00-04:00,43.87263488769531,43.87263488769531,43.029258728027344,43.59724426269531,644503,0.0,0.0
2019-08-16 00:00:00-04:00,43.94147872924805,45.57659149169922,43.92427062988281,45.404476165771484,600522,0.0,0.0
2019-08-19 00:00:00-04:00,46.29948425292969,46.43717575073242,43.029258728027344,46.21342468261719,377766,0.0,0.0
2019-08-20 00:00:00-04:00,45.80034255981445,46.19621276855469,45.421688079833984,45.81755447387695,300319,0.0,0.0
2019-08-21 00:00:00-04:00,46.21342468261719,46.764198303222656,45.88640213012695,46.29948425292969,375617,0.0,0.0
2019-08-22 00:00:00-04:00,46.62650680541992,46.884681701660156,45.88640213012695,46.02409744262695,292185,0.0,0.0
2019-08-23 00:00:00-04:00,45.64543914794922,46.52323532104492,44.44062042236328,44.595523834228516,1609602,0.0,0.0
2019-08-26 00:00:00-04:00,45.180721282958984,45.61101531982422,43.32185745239258,43.78657531738281,471075,0.0,0.0
2019-08-27 00:00:00-04:00,44.21686553955078,44.35456085205078,42.512908935546875,42.633392333984375,524294,0.0,0.0
2019-08-28 00:00:00-04:00,42.616180419921875,43.68330383300781,42.20309829711914,43.58003234863281,657808,0.0,0.0
2019-08-29 00:00:00-04:00,44.32013702392578,46.05852127075195,44.23407745361328,45.92082595825195,612142,0.0,0.0
2019-08-30 00:00:00-04:00,46.28227233886719,46.815834045410156,45.93803787231445,46.815834045410156,465381,0.0,0.0
2019-09-03 00:00:00-04:00,46.12736511230469,46.29948425292969,44.40619659423828,45.04302978515625,773950,0.0,0.0
2019-09-04 00:00:00-04:00,45.73149871826172,46.57487106323242,45.71428680419922,46.07572937011719,657750,0.0,0.0
2019-09-05 00:00:00-04:00,46.71256637573242,49.1222038269043,46.47159957885742,48.9500846862793,456956,0.0,0.0
2019-09-06 00:00:00-04:00,49.0877799987793,49.759037017822266,48.278831481933594,49.31153106689453,799863,0.0,0.0
2019-09-09 00:00:00-04:00,49.50086212158203,50.154903411865234,49.29431915283203,49.9483642578125,859125,0.0,0.0
2019-09-10 00:00:00-04:00,49.9483642578125,50.9810676574707,49.0877799987793,50.9638557434082,1206505,0.0,0.0
2019-09-11 00:00:00-04:00,51.34251403808594,52.96041488647461,50.189327239990234,52.92599105834961,630617,0.0,0.0
2019-09-12 00:00:00-04:00,53.098106384277344,53.166954040527344,51.962135314941406,52.495697021484375,870164,0.0,0.0
2019-09-13 00:00:00-04:00,53.166954040527344,53.49397659301758,52.34079360961914,52.65060043334961,1199881,0.0,0.0
2019-09-16 00:00:00-04:00,52.358001708984375,52.633392333984375,51.772804260253906,52.512908935546875,1010127,0.0,0.0
2019-09-17 00:00:00-04:00,51.996559143066406,52.13425064086914,50.378658294677734,50.8261604309082,522087,0.0,0.0
2019-09-18 00:00:00-04:00,50.44750213623047,50.8261604309082,48.81239318847656,49.604129791259766,985725,0.0,0.0
2019-09-19 00:00:00-04:00,49.638553619384766,50.413082122802734,48.77796936035156,49.569705963134766,753441,0.0,0.0
2019-09-20 00:00:00-04:00,49.672977447509766,50.0860595703125,49.0017204284668,49.0533561706543,1981210,0.0,0.0
2019-09-23 00:00:00-04:00,48.46815872192383,49.776248931884766,48.34767532348633,49.1910514831543,548522,0.0,0.0
2019-09-24 00:00:00-04:00,48.74354553222656,49.38037872314453,47.24612808227539,47.90017318725586,546895,0.0,0.0
2019-09-25 00:00:00-04:00,47.69363021850586,49.1910514831543,47.521514892578125,49.0017204284668,622425,0.0,0.0
2019-09-26 00:00:00-04:00,49.0533561706543,49.29431915283203,48.244407653808594,48.58863830566406,442664,0.0,0.0
2019-09-27 00:00:00-04:00,48.89845275878906,49.776248931884766,48.50258255004883,49.25989532470703,538994,0.0,0.0
2019-09-30 00:00:00-04:00,49.518070220947266,50.172115325927734,48.9672966003418,50.0172119140625,884805,0.0,0.0
2019-10-01 00:00:00-04:00,50.344234466552734,51.721168518066406,48.43373489379883,48.57143020629883,938141,0.0,0.0
2019-10-02 00:00:00-04:00,47.69363021850586,48.089500427246094,47.056800842285156,48.020652770996094,500125,0.0,0.0
2019-10-03 00:00:00-04:00,47.538726806640625,48.62306213378906,46.48881149291992,48.60585021972656,523423,0.0,0.0
2019-10-04 00:00:00-04:00,48.69190979003906,49.1394157409668,48.192771911621094,49.1049919128418,649442,0.0,0.0
2019-10-07 00:00:00-04:00,48.86402893066406,49.1049919128418,47.88296127319336,48.192771911621094,485425,0.0,0.0
2019-10-08 00:00:00-04:00,47.487091064453125,47.590362548828125,46.24784851074219,46.33390808105469,656240,0.0,0.0
2019-10-09 00:00:00-04:00,46.781410217285156,46.815834045410156,45.62822723388672,46.05852127075195,578444,0.0,0.0
2019-10-10 00:00:00-04:00,46.23063659667969,47.28055191040039,46.02409744262695,46.867469787597656,353945,0.0,0.0
2019-10-11 00:00:00-04:00,48.003440856933594,50.51634979248047,48.003440856933594,49.793460845947266,921640,0.0,0.0
2019-10-14 00:00:00-04:00,49.24268341064453,49.50086212158203,48.79518127441406,49.1394157409668,488214,0.0,0.0
2019-10-15 00:00:00-04:00,49.1738395690918,50.223751068115234,48.65748596191406,49.9139404296875,434239,0.0,0.0
2019-10-16 00:00:00-04:00,49.759037017822266,50.61962127685547,49.41480255126953,49.759037017822266,584544,0.0,0.0
2019-10-17 00:00:00-04:00,50.327022552490234,51.63511276245117,49.604129791259766,51.49741744995117,664780,0.0,0.0
2019-10-18 00:00:00-04:00,51.29087829589844,52.25473403930664,51.17039489746094,51.927711486816406,654497,0.0,0.0
2019-10-21 00:00:00-04:00,52.495697021484375,53.098106384277344,52.358001708984375,52.68502426147461,667337,0.0,0.0
2019-10-22 00:00:00-04:00,52.68502426147461,54.47504425048828,51.755592346191406,53.87263488769531,684767,0.0,0.0
2019-10-23 00:00:00-04:00,54.01032638549805,54.95697021484375,53.35628128051758,54.90533447265625,2488772,0.0,0.0
2019-10-24 00:00:00-04:00,55.197933197021484,55.335628509521484,54.32013702392578,54.40619659423828,546314,0.0,0.0
2019-10-25 00:00:00-04:00,54.38898468017578,56.29948425292969,54.09638595581055,55.95524978637695,1315965,0.0,0.0
2019-10-28 00:00:00-04:00,56.36832809448242,57.12564468383789,55.11187744140625,55.215145111083984,641250,0.0,0.0
2019-10-29 00:00:00-04:00,54.767642974853516,56.05852127075195,54.612735748291016,55.67986297607422,993684,0.0,0.0
2019-10-30 00:00:00-04:00,55.404476165771484,55.404476165771484,53.78657531738281,54.733219146728516,1148463,0.0,0.0
2019-10-31 00:00:00-04:00,58.51979446411133,59.0533561706543,56.35111999511719,57.83132553100586,2136453,0.0,0.0
2019-11-01 00:00:00-04:00,56.59208297729492,59.965576171875,55.69707489013672,59.965576171875,2411905,0.0,0.0
2019-11-04 00:00:00-05:00,61.721168518066406,63.046470642089844,60.464717864990234,62.13425064086914,1571140,0.0,0.0
2019-11-05 00:00:00-05:00,62.530120849609375,62.994834899902344,60.9466438293457,61.0499153137207,1236484,0.0,0.0
2019-11-06 00:00:00-05:00,60.8777961730957,60.8777961730957,58.70912170410156,58.74354553222656,1999860,0.0,0.0
2019-11-07 00:00:00-05:00,59.48365020751953,60.0860595703125,58.69190979003906,59.0189323425293,964228,0.0,0.0
2019-11-08 00:00:00-05:00,58.67469787597656,59.38037872314453,58.33046340942383,58.81239318847656,688892,0.0,0.0
2019-11-11 00:00:00-05:00,58.209983825683594,59.1738395690918,57.98623275756836,58.55421829223633,538238,0.0,0.0
2019-11-12 00:00:00-05:00,58.55421829223633,59.36316680908203,58.39931106567383,58.64027404785156,773602,0.0,0.0
2019-11-13 00:00:00-05:00,58.003440856933594,58.67469787597656,57.33218765258789,58.209983825683594,663851,0.0,0.0
2019-11-14 00:00:00-05:00,57.98623275756836,58.57143020629883,57.09122085571289,57.487091064453125,909904,0.0,0.0
2019-11-15 00:00:00-05:00,57.951805114746094,58.46815872192383,57.469879150390625,57.72805404663086,393047,0.0,0.0
2019-11-18 00:00:00-05:00,57.366607666015625,57.83132553100586,56.867469787597656,57.418243408203125,630676,0.0,0.0
2019-11-19 00:00:00-05:00,57.76247787475586,58.123924255371094,56.62650680541992,57.538726806640625,852559,0.0,0.0
2019-11-20 00:00:00-05:00,56.970741271972656,57.504302978515625,56.36832809448242,56.729774475097656,664257,0.0,0.0
2019-11-21 00:00:00-05:00,56.764198303222656,57.19449234008789,56.12736511230469,56.29948425292969,550323,0.0,0.0
2019-11-22 00:00:00-05:00,56.45438766479492,56.901893615722656,56.26506042480469,56.38554382324219,496523,0.0,0.0
2019-11-25 00:00:00-05:00,56.62650680541992,58.62306213378906,56.17900085449219,58.53700637817383,1766530,0.0,0.0
2019-11-26 00:00:00-05:00,58.69190979003906,59.25989532470703,58.175559997558594,59.1566276550293,881551,0.0,0.0
2019-11-27 00:00:00-05:00,59.0705680847168,59.38037872314453,58.34767532348633,59.1049919128418,1168449,0.0,0.0
2019-11-29 00:00:00-05:00,58.74354553222656,58.76075744628906,57.84853744506836,58.003440856933594,245821,0.0,0.0
2019-12-02 00:00:00-05:00,58.175559997558594,58.9500846862793,57.24612808227539,57.34939956665039,524120,0.0,0.0
2019-12-03 00:00:00-05:00,56.36832809448242,57.74526596069336,55.421688079833984,57.538726806640625,572634,0.0,0.0
2019-12-04 00:00:00-05:00,58.158348083496094,59.672977447509766,57.538726806640625,58.72633361816406,1388881,0.0,0.0
2019-12-05 00:00:00-05:00,58.89845275878906,59.672977447509766,58.57143020629883,59.586917877197266,593550,0.0,0.0
2019-12-06 00:00:00-05:00,60.240962982177734,60.9122200012207,59.8795166015625,59.9827880859375,1072584,0.0,0.0
2019-12-09 00:00:00-05:00,59.9483642578125,60.172115325927734,59.22547149658203,59.44922637939453,528768,0.0,0.0
2019-12-10 00:00:00-05:00,59.48365020751953,59.48365020751953,58.58863830566406,59.0361442565918,905256,0.0,0.0
2019-12-11 00:00:00-05:00,59.1566276550293,60.63683319091797,58.9500846862793,60.56798553466797,456143,0.0,0.0
2019-12-12 00:00:00-05:00,60.72289276123047,62.06540298461914,60.430294036865234,61.53184127807617,518310,0.0,0.0
2019-12-13 00:00:00-05:00,61.41136169433594,61.721168518066406,60.1376953125,60.430294036865234,718988,0.0,0.0
2019-12-16 00:00:00-05:00,61.13597106933594,61.13597106933594,59.25989532470703,59.46643829345703,874463,0.0,0.0
2019-12-17 00:00:00-05:00,60.361446380615234,60.65404510498047,58.77796936035156,59.1738395690918,1432397,0.0,0.0
2019-12-18 00:00:00-05:00,59.39759063720703,61.944923400878906,59.39759063720703,61.44578170776367,1240958,0.0,0.0
2019-12-19 00:00:00-05:00,61.927711486816406,61.927711486816406,60.378658294677734,60.61962127685547,691564,0.0,0.0
2019-12-20 00:00:00-05:00,61.0154914855957,61.807228088378906,59.965576171875,61.22203063964844,1332349,0.0,0.0
2019-12-23 00:00:00-05:00,61.39414978027344,62.25473403930664,60.61962127685547,61.944923400878906,452599,0.0,0.0
2019-12-24 00:00:00-05:00,62.03097915649414,62.34079360961914,61.721168518066406,62.13425064086914,306594,0.0,0.0
2019-12-26 00:00:00-05:00,62.392425537109375,62.89156723022461,62.16867446899414,62.75387191772461,363822,0.0,0.0
2019-12-27 00:00:00-05:00,62.89156723022461,63.30464553833008,62.375213623046875,62.478485107421875,407165,0.0,0.0
2019-12-30 00:00:00-05:00,62.616180419921875,62.85714340209961,61.979347229003906,62.20309829711914,579489,0.0,0.0
2019-12-31 00:00:00-05:00,62.08261489868164,63.270225524902344,61.927711486816406,62.616180419921875,659900,0.0,0.0
2020-01-02 00:00:00-05:00,63.56282424926758,63.75215148925781,62.73666000366211,63.70051574707031,646246,0.0,0.0
2020-01-03 00:00:00-05:00,62.478485107421875,63.70051574707031,62.392425537109375,63.58003234863281,479383,0.0,0.0
2020-01-06 00:00:00-05:00,63.253013610839844,63.88984680175781,62.66781234741211,63.85542297363281,561246,0.0,0.0
2020-01-07 00:00:00-05:00,64.75042724609375,65.24957275390625,63.66609191894531,64.78485107421875,1422172,0.0,0.0
2020-01-08 00:00:00-05:00,64.97418212890625,65.19793701171875,63.35628128051758,64.57831573486328,563396,0.0,0.0
2020-01-09 00:00:00-05:00,64.90533447265625,65.26678466796875,64.40619659423828,64.69879150390625,489028,0.0,0.0
2020-01-10 00:00:00-05:00,64.76763916015625,65.23236083984375,63.28743362426758,63.56282424926758,335005,0.0,0.0
2020-01-13 00:00:00-05:00,63.68330383300781,64.93975830078125,63.39070510864258,64.92254638671875,553635,0.0,0.0
2020-01-14 00:00:00-05:00,64.81927490234375,65.37004852294922,64.33734893798828,64.54389190673828,841404,0.0,0.0
2020-01-15 00:00:00-05:00,64.44062042236328,64.90533447265625,63.73493957519531,64.18244171142578,348368,0.0,0.0
2020-01-16 00:00:00-05:00,65.14630126953125,66.91910552978516,64.78485107421875,65.80034637451172,997577,0.0,0.0
2020-01-17 00:00:00-05:00,65.83477020263672,66.23063659667969,65.35283660888672,65.52495574951172,551543,0.0,0.0
2020-01-21 00:00:00-05:00,65.07745361328125,65.26678466796875,63.63167190551758,63.97590255737305,493559,0.0,0.0
2020-01-22 00:00:00-05:00,64.44062042236328,64.56110382080078,63.218589782714844,63.40791702270508,477524,0.0,0.0
2020-01-23 00:00:00-05:00,62.66781234741211,64.49225616455078,61.738380432128906,64.37177276611328,773021,0.0,0.0
2020-01-24 00:00:00-05:00,64.33734893798828,64.47504425048828,63.201377868652344,63.88984680175781,514185,0.0,0.0
2020-01-27 00:00:00-05:00,61.876075744628906,63.029258728027344,61.721168518066406,62.06540298461914,458467,0.0,0.0
2020-01-28 00:00:00-05:00,62.66781234741211,63.64888000488281,62.13425064086914,63.253013610839844,489783,0.0,0.0
2020-01-29 00:00:00-05:00,63.78657531738281,64.73321533203125,63.58003234863281,64.37177276611328,816363,0.0,0.0
2020-01-30 00:00:00-05:00,63.166954040527344,63.94147872924805,61.18760681152344,63.40791702270508,664083,0.0,0.0
2020-01-31 00:00:00-05:00,62.530120849609375,62.82271957397461,60.189327239990234,60.51634979248047,756462,0.0,0.0
2020-02-03 00:00:00-05:00,60.9982795715332,62.994834899902344,60.7917366027832,61.996559143066406,756055,0.0,0.0
2020-02-04 00:00:00-05:00,63.52840042114258,63.85542297363281,62.80550765991211,63.40791702270508,464277,0.0,0.0
2020-02-05 00:00:00-05:00,64.68157958984375,65.40447235107422,64.21686553955078,65.11187744140625,376488,0.0,0.0
2020-02-06 00:00:00-05:00,65.06024169921875,65.55937957763672,63.70051574707031,64.32013702392578,459280,0.0,0.0
2020-02-07 00:00:00-05:00,63.47676467895508,63.90705871582031,62.616180419921875,62.616180419921875,636369,0.0,0.0
2020-02-10 00:00:00-05:00,62.15146255493164,62.564544677734375,61.755592346191406,62.358001708984375,460152,0.0,0.0
2020-02-11 00:00:00-05:00,62.92599105834961,64.23407745361328,62.77108383178711,63.063682556152344,346799,0.0,0.0
2020-02-12 00:00:00-05:00,63.75215148925781,64.57831573486328,63.51118850708008,64.21686553955078,433368,0.0,0.0
2020-02-13 00:00:00-05:00,63.68330383300781,64.35456085205078,63.35628128051758,63.71772766113281,381717,0.0,0.0
2020-02-14 00:00:00-05:00,63.75215148925781,64.09638977050781,62.20309829711914,63.063682556152344,394906,0.0,0.0
2020-02-18 00:00:00-05:00,62.530120849609375,63.046470642089844,62.15146255493164,62.71944808959961,265808,0.0,0.0
2020-02-19 00:00:00-05:00,63.30464553833008,63.82099914550781,62.68502426147461,62.75387191772461,392930,0.0,0.0
2020-02-20 00:00:00-05:00,62.564544677734375,63.95869064331055,62.25473403930664,63.080894470214844,460675,0.0,0.0
2020-02-21 00:00:00-05:00,64.33734893798828,67.64199829101562,64.33734893798828,66.95352935791016,1632959,0.0,0.0
2020-02-24 00:00:00-05:00,65.52495574951172,65.52495574951172,61.996559143066406,64.83648681640625,1563471,0.0,0.0
2020-02-25 00:00:00-05:00,64.83648681640625,65.19793701171875,60.8433723449707,61.755592346191406,1512750,0.0,0.0
2020-02-26 00:00:00-05:00,62.13425064086914,63.270225524902344,59.759037017822266,59.8623046875,1380340,0.0,0.0
2020-02-27 00:00:00-05:00,58.158348083496094,60.9466438293457,56.987953186035156,57.555938720703125,1172226,0.0,0.0
2020-02-28 00:00:00-05:00,55.249568939208984,57.88296127319336,54.93975830078125,57.607574462890625,912925,0.0,0.0
2020-03-02 00:00:00-05:00,58.278831481933594,58.9845085144043,55.69707489013672,58.9328727722168,806079,0.0,0.0
2020-03-03 00:00:00-05:00,59.0189323425293,61.0499153137207,56.69535446166992,57.83132553100586,801838,0.0,0.0
2020-03-04 00:00:00-05:00,58.81239318847656,60.7917366027832,58.31325149536133,60.58519744873047,699989,0.0,0.0
2020-03-05 00:00:00-05:00,57.951805114746094,58.48537063598633,54.40619659423828,55.45610809326172,903687,0.0,0.0
2020-03-06 00:00:00-05:00,53.184165954589844,54.07917404174805,51.56626510620117,52.27194595336914,1124932,0.0,0.0
2020-03-09 00:00:00-04:00,47.83132553100586,48.62306213378906,44.56110382080078,45.12908935546875,1741257,0.0,0.0
2020-03-10 00:00:00-04:00,47.31497573852539,48.9672966003418,45.07745361328125,48.9500846862793,684650,0.0,0.0
2020-03-11 00:00:00-04:00,46.69535446166992,47.435455322265625,43.80378723144531,44.13080978393555,963879,0.0,0.0
2020-03-12 00:00:00-04:00,39.638553619384766,41.18760681152344,36.781410217285156,36.781410217285156,1427285,0.0,0.0
2020-03-13 00:00:00-04:00,40.0516357421875,40.481929779052734,36.48881149291992,40.44750213623047,1105875,0.0,0.0
2020-03-16 00:00:00-04:00,36.57487106323242,36.57487106323242,33.97590255737305,34.13080978393555,1291795,0.0,0.0
2020-03-17 00:00:00-04:00,34.49225616455078,34.95697021484375,31.841651916503906,33.90705871582031,1624069,0.0,0.0
2020-03-18 00:00:00-04:00,30.998279571533203,31.893287658691406,21.04991340637207,25.197935104370117,2223836,0.0,0.0
2020-03-19 00:00:00-04:00,24.853700637817383,28.123924255371094,23.666093826293945,27.538726806640625,3237971,0.0,0.0
2020-03-20 00:00:00-04:00,28.072288513183594,30.223751068115234,27.332185745239258,28.22719383239746,3226874,0.0,0.0
2020-03-23 00:00:00-04:00,27.79690170288086,29.242685317993164,24.853700637817383,25.817556381225586,2204953,0.0,0.0
2020-03-24 00:00:00-04:00,27.969018936157227,31.75559425354004,26.936317443847656,29.328744888305664,1422462,0.0,0.0
2020-03-25 00:00:00-04:00,29.741823196411133,36.47159957885742,29.29431915283203,33.37349319458008,1617330,0.0,0.0
2020-03-26 00:00:00-04:00,33.87263488769531,38.41652297973633,32.89156723022461,35.98967361450195,1896035,0.0,0.0
2020-03-27 00:00:00-04:00,33.54561233520508,33.54561233520508,31.290878295898438,32.581756591796875,1037840,0.0,0.0
2020-03-30 00:00:00-04:00,32.20309829711914,34.02753829956055,30.963855743408203,33.54561233520508,1017099,0.0,0.0
2020-03-31 00:00:00-04:00,33.56282424926758,35.249568939208984,33.28743362426758,34.07917404174805,965680,0.0,0.0
2020-04-01 00:00:00-04:00,31.617900848388672,31.927711486816406,28.81239128112793,29.896730422973633,1246652,0.0,0.0
2020-04-02 00:00:00-04:00,29.655765533447266,31.445783615112305,29.36316680908203,31.273666381835938,1071480,0.0,0.0
2020-04-03 00:00:00-04:00,31.462995529174805,31.583477020263672,27.84853744506836,28.037866592407227,1384639,0.0,0.0
2020-04-06 00:00:00-04:00,30.0516357421875,34.681583404541016,29.965576171875,34.629947662353516,1227072,0.0,0.0
2020-04-07 00:00:00-04:00,37.607574462890625,38.88124084472656,34.836490631103516,35.335628509521484,1026685,0.0,0.0
2020-04-08 00:00:00-04:00,36.59208297729492,39.9483642578125,35.473323822021484,39.41480255126953,916644,0.0,0.0
2020-04-09 00:00:00-04:00,41.20481872558594,44.54389190673828,39.1566276550293,39.44922637939453,1108606,0.0,0.0
2020-04-13 00:00:00-04:00,38.9328727722168,39.48365020751953,36.936317443847656,38.72633361816406,703707,0.0,0.0
2020-04-14 00:00:00-04:00,39.810672760009766,40.51634979248047,38.77796936035156,39.793460845947266,712364,0.0,0.0
2020-04-15 00:00:00-04:00,37.79690170288086,37.90017318725586,35.71428680419922,36.36832809448242,788243,0.0,0.0
2020-04-16 00:00:00-04:00,36.17900085449219,37.005165100097656,34.47504425048828,36.919105529785156,1114649,0.0,0.0
2020-04-17 00:00:00-04:00,39.0189323425293,40.275386810302734,38.46815872192383,40.0516357421875,756462,0.0,0.0
2020-04-20 00:00:00-04:00,38.158348083496094,40.68846893310547,37.521514892578125,40.0,1121156,0.0,0.0
2020-04-21 00:00:00-04:00,38.055076599121094,39.518070220947266,37.452667236328125,38.67469787597656,480836,0.0,0.0
2020-04-22 00:00:00-04:00,40.49913787841797,40.60240936279297,38.67469787597656,39.24268341064453,424421,0.0,0.0
2020-04-23 00:00:00-04:00,40.258174896240234,42.598968505859375,39.741825103759766,40.309810638427734,869350,0.0,0.0
2020-04-24 00:00:00-04:00,40.7917366027832,40.9810676574707,39.48365020751953,39.776248931884766,1408867,0.0,0.0
2020-04-27 00:00:00-04:00,40.0860595703125,42.90877914428711,39.690189361572266,42.22031021118164,2351191,0.0,0.0
2020-04-28 00:00:00-04:00,43.33906936645508,44.92254638671875,42.943199157714844,42.96041488647461,1450757,0.0,0.0
2020-04-29 00:00:00-04:00,44.99139404296875,47.09122085571289,44.30292510986328,46.815834045410156,1094836,0.0,0.0
2020-04-30 00:00:00-04:00,45.71428680419922,46.31669616699219,43.52840042114258,44.38898468017578,855755,0.0,0.0
2020-05-01 00:00:00-04:00,43.115318298339844,43.52840042114258,40.68846893310547,40.9294319152832,677853,0.0,0.0
2020-05-04 00:00:00-04:00,39.776248931884766,40.67125701904297,38.38209915161133,40.60240936279297,711551,0.0,0.0
2020-05-05 00:00:00-04:00,41.996559143066406,42.85714340209961,41.23924255371094,41.49741744995117,848899,0.0,0.0
2020-05-06 00:00:00-04:00,41.60068893432617,42.358001708984375,40.275386810302734,40.67125701904297,798236,0.0,0.0
2020-05-07 00:00:00-04:00,44.14802169799805,45.80034255981445,42.78829574584961,44.32013702392578,1082461,0.0,0.0
2020-05-08 00:00:00-04:00,45.43889617919922,46.936317443847656,45.249568939208984,46.60929489135742,654322,0.0,0.0
2020-05-11 00:00:00-04:00,45.69707489013672,46.17900085449219,44.819278717041016,45.404476165771484,895379,0.0,0.0
2020-05-12 00:00:00-04:00,46.28227233886719,46.41996765136719,43.33906936645508,43.37349319458008,558109,0.0,0.0
2020-05-13 00:00:00-04:00,43.166954040527344,43.166954040527344,39.655765533447266,40.68846893310547,798526,0.0,0.0
2020-05-14 00:00:00-04:00,39.535282135009766,42.34079360961914,38.46815872192383,42.25473403930664,742111,0.0,0.0
2020-05-15 00:00:00-04:00,41.858863830566406,44.14802169799805,41.56626510620117,43.49397659301758,534346,0.0,0.0
2020-05-18 00:00:00-04:00,46.47159957885742,48.141136169433594,46.36832809448242,47.607574462890625,713003,0.0,0.0
2020-05-19 00:00:00-04:00,47.383819580078125,47.93459701538086,46.28227233886719,46.29948425292969,1387835,0.0,0.0
2020-05-20 00:00:00-04:00,45.76592254638672,46.57487106323242,44.02753829956055,45.473323822021484,2349564,0.0,0.0
2020-05-21 00:00:00-04:00,45.370052337646484,46.781410217285156,44.733219146728516,46.04130935668945,798585,0.0,0.0
2020-05-22 00:00:00-04:00,46.05852127075195,46.05852127075195,44.750431060791016,45.146297454833984,346741,0.0,0.0
2020-05-26 00:00:00-04:00,47.607574462890625,49.0705680847168,46.746986389160156,48.91566467285156,856626,0.0,0.0
2020-05-27 00:00:00-04:00,50.464717864990234,51.15318298339844,49.0877799987793,50.60240936279297,948657,0.0,0.0
2020-05-28 00:00:00-04:00,51.48020553588867,51.48020553588867,48.072288513183594,48.31325149536133,808403,0.0,0.0
2020-05-29 00:00:00-04:00,48.227195739746094,49.22547149658203,47.19449234008789,48.29603958129883,817932,0.0,0.0
2020-06-01 00:00:00-04:00,48.209983825683594,48.86402893066406,47.504302978515625,48.34767532348633,596280,0.0,0.0
2020-06-02 00:00:00-04:00,49.1394157409668,49.50086212158203,48.209983825683594,48.79518127441406,432555,0.0,0.0
2020-06-03 00:00:00-04:00,49.36316680908203,51.35972595214844,49.36316680908203,51.17039489746094,412859,0.0,0.0
2020-06-04 00:00:00-04:00,50.7917366027832,51.824440002441406,49.8623046875,51.721168518066406,743041,0.0,0.0
2020-06-05 00:00:00-04:00,54.95697021484375,55.490535736083984,53.49397659301758,54.25128936767578,826937,0.0,0.0
2020-06-08 00:00:00-04:00,55.67986297607422,56.28227233886719,54.92254638671875,55.88640213012695,669080,0.0,0.0
2020-06-09 00:00:00-04:00,53.95869064331055,55.59380340576172,53.88984680175781,54.90533447265625,460384,0.0,0.0
2020-06-10 00:00:00-04:00,54.56110382080078,54.56110382080078,51.0671272277832,51.13597106933594,764538,0.0,0.0
2020-06-11 00:00:00-04:00,47.504302978515625,48.57143020629883,46.33390808105469,46.55765914916992,906011,0.0,0.0
2020-06-12 00:00:00-04:00,49.535282135009766,49.776248931884766,46.66093063354492,48.91566467285156,530337,0.0,0.0
2020-06-15 00:00:00-04:00,46.31669616699219,49.707401275634766,45.85197830200195,49.36316680908203,396184,0.0,0.0
2020-06-16 00:00:00-04:00,52.530120849609375,53.184165954589844,49.46643829345703,50.75731658935547,506051,0.0,0.0
2020-06-17 00:00:00-04:00,50.51634979248047,51.15318298339844,48.74354553222656,48.9845085144043,895205,0.0,0.0
2020-06-18 00:00:00-04:00,48.192771911621094,49.0189323425293,47.72805404663086,48.46815872192383,732815,0.0,0.0
2020-06-19 00:00:00-04:00,49.1738395690918,49.29431915283203,47.418243408203125,47.538726806640625,954292,0.0,0.0
2020-06-22 00:00:00-04:00,47.31497573852539,48.43373489379883,46.23063659667969,48.209983825683594,529930,0.0,0.0
2020-06-23 00:00:00-04:00,49.32874298095703,49.36316680908203,47.521514892578125,47.951805114746094,594189,0.0,0.0
2020-06-24 00:00:00-04:00,46.970741271972656,47.487091064453125,43.95869064331055,44.595523834228516,818397,0.0,0.0
2020-06-25 00:00:00-04:00,44.54389190673828,44.578311920166016,42.512908935546875,44.30292510986328,687614,0.0,0.0
2020-06-26 00:00:00-04:00,43.92427062988281,45.57659149169922,43.098106384277344,45.180721282958984,1361748,0.0,0.0
2020-06-29 00:00:00-04:00,45.90361404418945,46.62650680541992,44.88812255859375,46.28227233886719,581058,0.0,0.0
2020-06-30 00:00:00-04:00,45.85197830200195,48.278831481933594,45.85197830200195,48.020652770996094,852618,0.0,0.0
2020-07-01 00:00:00-04:00,48.123924255371094,48.57143020629883,47.19449234008789,47.401031494140625,819559,0.0,0.0
2020-07-02 00:00:00-04:00,48.60585021972656,51.10154724121094,47.65920639038086,48.278831481933594,565081,0.0,0.0
2020-07-06 00:00:00-04:00,49.586917877197266,49.707401275634766,48.77796936035156,49.39759063720703,340466,0.0,0.0
2020-07-07 00:00:00-04:00,48.64027404785156,49.44922637939453,48.261619567871094,48.65748596191406,420702,0.0,0.0
2020-07-08 00:00:00-04:00,48.9500846862793,49.34595489501953,48.278831481933594,49.1910514831543,397985,0.0,0.0
2020-07-09 00:00:00-04:00,49.25989532470703,49.25989532470703,46.40275573730469,47.79690170288086,412336,0.0,0.0
2020-07-10 00:00:00-04:00,48.055076599121094,48.67469787597656,47.555938720703125,48.227195739746094,270978,0.0,0.0
2020-07-13 00:00:00-04:00,49.0017204284668,50.189327239990234,48.158348083496094,48.82960510253906,451030,0.0,0.0
2020-07-14 00:00:00-04:00,48.79518127441406,50.49913787841797,48.158348083496094,50.430294036865234,368761,0.0,0.0
2020-07-15 00:00:00-04:00,51.68674850463867,54.629947662353516,51.08433532714844,54.37177276611328,1014891,0.0,0.0
2020-07-16 00:00:00-04:00,54.37177276611328,55.07745361328125,53.75215148925781,54.33734893798828,638287,0.0,0.0
2020-07-17 00:00:00-04:00,54.88812255859375,55.00860595703125,54.14802169799805,54.33734893798828,456840,0.0,0.0
2020-07-20 00:00:00-04:00,54.02753829956055,55.00860595703125,53.218589782714844,53.40791702270508,493559,0.0,0.0
2020-07-21 00:00:00-04:00,53.61445617675781,54.819278717041016,53.28743362426758,54.01032638549805,410825,0.0,0.0
2020-07-22 00:00:00-04:00,53.51118850708008,54.14802169799805,53.35628128051758,53.73493957519531,487517,0.0,0.0
2020-07-23 00:00:00-04:00,53.70051574707031,54.802066802978516,53.51118850708008,54.26850128173828,421980,0.0,0.0
2020-07-24 00:00:00-04:00,54.18244552612305,54.19965744018555,53.080894470214844,53.42512893676758,349994,0.0,0.0
2020-07-27 00:00:00-04:00,53.063682556152344,54.49225616455078,52.616180419921875,54.42340850830078,432438,0.0,0.0
2020-07-28 00:00:00-04:00,53.99311447143555,54.42340850830078,52.65060043334961,52.66781234741211,422736,0.0,0.0
2020-07-29 00:00:00-04:00,53.201377868652344,54.18244552612305,53.098106384277344,53.94147872924805,760180,0.0,0.0
2020-07-30 00:00:00-04:00,52.85714340209961,52.85714340209961,51.27366638183594,51.49741744995117,525050,0.0,0.0
2020-07-31 00:00:00-04:00,51.27366638183594,51.27366638183594,48.81239318847656,50.0516357421875,744319,0.0,0.0
2020-08-03 00:00:00-04:00,50.70568084716797,52.90877914428711,49.93115234375,52.358001708984375,652579,0.0,0.0
2020-08-04 00:00:00-04:00,51.979347229003906,53.218589782714844,51.42856979370117,52.616180419921875,770174,0.0,0.0
2020-08-05 00:00:00-04:00,53.51118850708008,54.44062042236328,53.166954040527344,53.66609191894531,613885,0.0,0.0
2020-08-06 00:00:00-04:00,53.40791702270508,55.00860595703125,53.40791702270508,54.44062042236328,710389,0.0,0.0
2020-08-07 00:00:00-04:00,54.90533447265625,57.555938720703125,54.595523834228516,57.33218765258789,579722,0.0,0.0
2020-08-10 00:00:00-04:00,57.951805114746094,59.535282135009766,57.16006851196289,59.1394157409668,552357,0.0,0.0
2020-08-11 00:00:00-04:00,60.034423828125,61.48020553588867,59.672977447509766,60.65404510498047,798062,0.0,0.0
2020-08-12 00:00:00-04:00,61.53184127807617,61.53184127807617,59.8623046875,60.1376953125,499195,0.0,0.0
2020-08-13 00:00:00-04:00,59.896728515625,60.56798553466797,59.1738395690918,59.46643829345703,369574,0.0,0.0
2020-08-14 00:00:00-04:00,58.58863830566406,60.103271484375,58.36488723754883,59.44922637939453,303398,0.0,0.0
2020-08-17 00:00:00-04:00,60.189327239990234,60.292598724365234,59.0705680847168,59.55249786376953,246460,0.0,0.0
2020-08-18 00:00:00-04:00,59.2082633972168,59.827884674072266,58.36488723754883,58.43373489379883,380381,0.0,0.0
2020-08-19 00:00:00-04:00,58.175559997558594,59.1566276550293,58.158348083496094,58.34767532348633,213459,0.0,0.0
2020-08-20 00:00:00-04:00,57.538726806640625,58.089500427246094,57.366607666015625,57.521514892578125,298808,0.0,0.0
2020-08-21 00:00:00-04:00,57.555938720703125,57.83132553100586,56.936317443847656,57.21170425415039,407688,0.0,0.0
2020-08-24 00:00:00-04:00,57.641998291015625,58.53700637817383,56.970741271972656,57.93459701538086,354468,0.0,0.0
2020-08-25 00:00:00-04:00,58.36488723754883,58.45094680786133,57.26333999633789,58.037864685058594,350982,0.0,0.0
2020-08-26 00:00:00-04:00,58.106712341308594,58.43373489379883,57.22891616821289,58.175559997558594,567172,0.0,0.0
2020-08-27 00:00:00-04:00,58.91566467285156,58.91566467285156,57.504302978515625,57.65920639038086,501171,0.0,0.0
2020-08-28 00:00:00-04:00,57.96902084350586,58.020652770996094,56.746986389160156,57.83132553100586,383344,0.0,0.0
2020-08-31 00:00:00-04:00,57.93459701538086,58.29603958129883,57.02237319946289,57.28055191040039,411290,0.0,0.0
2020-09-01 00:00:00-04:00,56.781410217285156,57.83132553100586,56.40275573730469,57.555938720703125,472237,0.0,0.0
2020-09-02 00:00:00-04:00,57.79690170288086,58.69190979003906,57.12564468383789,58.36488723754883,414660,0.0,0.0
2020-09-03 00:00:00-04:00,58.158348083496094,58.53700637817383,55.52495574951172,56.16178894042969,533823,0.0,0.0
2020-09-04 00:00:00-04:00,57.24612808227539,58.51979446411133,56.23063659667969,58.037864685058594,419947,0.0,0.0
2020-09-08 00:00:00-04:00,57.24612808227539,58.72633361816406,57.02237319946289,57.19449234008789,527897,0.0,0.0
2020-09-09 00:00:00-04:00,57.74526596069336,58.50258255004883,57.67641830444336,57.79690170288086,453238,0.0,0.0
2020-09-10 00:00:00-04:00,57.98623275756836,58.31325149536133,56.48881149291992,56.55765914916992,326290,0.0,0.0
2020-09-11 00:00:00-04:00,57.005165100097656,58.003440856933594,56.781410217285156,57.521514892578125,301307,0.0,0.0
2020-09-14 00:00:00-04:00,58.037864685058594,58.106712341308594,56.901893615722656,57.72805404663086,412161,0.0,0.0
2020-09-15 00:00:00-04:00,58.089500427246094,59.31153106689453,57.74526596069336,58.209983825683594,439526,0.0,0.0
2020-09-16 00:00:00-04:00,58.79518127441406,60.1376953125,58.278831481933594,59.55249786376953,817758,0.0,0.0
2020-09-17 00:00:00-04:00,58.51979446411133,60.034423828125,57.69363021850586,59.604129791259766,739264,0.0,0.0
2020-09-18 00:00:00-04:00,59.518070220947266,60.172115325927734,57.22891616821289,57.573150634765625,2135117,0.0,0.0
2020-09-21 00:00:00-04:00,55.50774383544922,56.12736511230469,51.60068893432617,52.512908935546875,1063811,0.0,0.0
2020-09-22 00:00:00-04:00,52.478485107421875,53.012046813964844,51.32530212402344,52.66781234741211,408036,0.0,0.0
2020-09-23 00:00:00-04:00,52.598968505859375,53.39070510864258,51.841651916503906,51.910499572753906,572459,0.0,0.0
2020-09-24 00:00:00-04:00,51.979347229003906,52.80550765991211,50.9982795715332,51.858863830566406,403040,0.0,0.0
2020-09-25 00:00:00-04:00,51.17039489746094,53.046470642089844,51.11875915527344,52.616180419921875,367250,0.0,0.0
2020-09-28 00:00:00-04:00,53.87263488769531,55.00860595703125,53.73493957519531,54.02753829956055,349181,0.0,0.0
2020-09-29 00:00:00-04:00,53.61445617675781,54.47504425048828,53.253013610839844,53.71772766113281,239546,0.0,0.0
2020-09-30 00:00:00-04:00,54.25128936767578,55.09466552734375,53.40791702270508,53.97590255737305,413672,0.0,0.0
2020-10-01 00:00:00-04:00,54.33734893798828,55.232357025146484,53.54561233520508,54.21686553955078,285213,0.0,0.0
2020-10-02 00:00:00-04:00,52.495697021484375,54.612735748291016,52.495697021484375,53.78657531738281,538878,0.0,0.0
2020-10-05 00:00:00-04:00,54.802066802978516,56.05852127075195,54.37177276611328,55.62822723388672,624924,0.0,0.0
2020-10-06 00:00:00-04:00,56.17900085449219,57.29776382446289,54.45783233642578,54.56110382080078,1075024,0.0,0.0
2020-10-07 00:00:00-04:00,55.88640213012695,57.10843276977539,55.180721282958984,55.71428680419922,494838,0.0,0.0
2020-10-08 00:00:00-04:00,56.64371871948242,56.64371871948242,54.802066802978516,55.45610809326172,655019,0.0,0.0
2020-10-09 00:00:00-04:00,56.24784851074219,56.48881149291992,54.853702545166016,55.404476165771484,452889,0.0,0.0
2020-10-12 00:00:00-04:00,56.07572937011719,56.798622131347656,55.09466552734375,55.197933197021484,470029,0.0,0.0
2020-10-13 00:00:00-04:00,54.90533447265625,55.283992767333984,53.73493957519531,54.02753829956055,301074,0.0,0.0
2020-10-14 00:00:00-04:00,54.16523361206055,55.197933197021484,53.73493957519531,54.14802169799805,531499,0.0,0.0
2020-10-15 00:00:00-04:00,53.149742126464844,55.54216766357422,53.149742126464844,55.387264251708984,325534,0.0,0.0
2020-10-16 00:00:00-04:00,55.54216766357422,55.90361404418945,54.44062042236328,54.54389190673828,474561,0.0,0.0
2020-10-19 00:00:00-04:00,54.698795318603516,55.12908935546875,53.64888000488281,53.85542297363281,476013,0.0,0.0
2020-10-20 00:00:00-04:00,54.45783233642578,55.215145111083984,54.06196212768555,54.38898468017578,354584,0.0,0.0
2020-10-21 00:00:00-04:00,54.14802169799805,55.12908935546875,53.132530212402344,53.149742126464844,344475,0.0,0.0
2020-10-22 00:00:00-04:00,53.35628128051758,55.62822723388672,53.184165954589844,55.45610809326172,815317,0.0,0.0
2020-10-23 00:00:00-04:00,56.09294128417969,56.12736511230469,54.26850128173828,55.00860595703125,291139,0.0,0.0
2020-10-26 00:00:00-04:00,53.83821105957031,54.30292510986328,51.721168518066406,52.15146255493164,466369,0.0,0.0
2020-10-27 00:00:00-04:00,51.858863830566406,51.876075744628906,50.189327239990234,50.8605842590332,856452,0.0,0.0
2020-10-28 00:00:00-04:00,49.0361442565918,50.68846893310547,48.72633361816406,48.77796936035156,657285,0.0,0.0
2020-10-29 00:00:00-04:00,48.50258255004883,49.46643829345703,46.57487106323242,46.867469787597656,1362677,0.0,0.0
2020-10-30 00:00:00-04:00,46.729774475097656,47.418243408203125,45.52495574951172,46.798622131347656,826647,0.0,0.0
2020-11-02 00:00:00-05:00,47.69363021850586,48.77796936035156,46.67814254760742,47.22891616821289,605170,0.0,0.0
2020-11-03 00:00:00-05:00,48.192771911621094,50.70568084716797,47.98623275756836,50.258174896240234,762853,0.0,0.0
2020-11-04 00:00:00-05:00,49.604129791259766,50.103271484375,47.79690170288086,49.672977447509766,932389,0.0,0.0
2020-11-05 00:00:00-05:00,50.58519744873047,51.927711486816406,50.395870208740234,51.27366638183594,523365,0.0,0.0
2020-11-06 00:00:00-05:00,51.48020553588867,52.09982681274414,50.8261604309082,50.8261604309082,467473,0.0,0.0
2020-11-09 00:00:00-05:00,54.54389190673828,60.65404510498047,54.54389190673828,59.0705680847168,1679148,0.0,0.0
2020-11-10 00:00:00-05:00,59.810672760009766,60.7917366027832,58.86402893066406,59.827884674072266,655019,0.0,0.0
2020-11-11 00:00:00-05:00,60.240962982177734,60.240962982177734,57.33218765258789,58.003440856933594,442141,0.0,0.0
2020-11-12 00:00:00-05:00,57.28055191040039,57.67641830444336,54.784854888916016,55.73149871826172,486006,0.0,0.0
2020-11-13 00:00:00-05:00,56.41996765136719,58.70912170410156,56.23063659667969,58.192771911621094,529291,0.0,0.0
2020-11-16 00:00:00-05:00,60.413082122802734,60.9810676574707,59.0361442565918,59.741825103759766,699175,0.0,0.0
2020-11-17 00:00:00-05:00,58.76075744628906,60.481929779052734,57.67641830444336,59.896728515625,399960,0.0,0.0
2020-11-18 00:00:00-05:00,62.444061279296875,62.87435531616211,59.724613189697266,61.34251403808594,869699,0.0,0.0
2020-11-19 00:00:00-05:00,60.75731658935547,61.61790084838867,60.1204833984375,61.51462936401367,401181,0.0,0.0
2020-11-20 00:00:00-05:00,61.0499153137207,61.56626510620117,60.65404510498047,61.0499153137207,546431,0.0,0.0
2020-11-23 00:00:00-05:00,61.858863830566406,63.49397659301758,61.63511276245117,63.218589782714844,299506,0.0,0.0
2020-11-24 00:00:00-05:00,63.82099914550781,65.52495574951172,63.68330383300781,64.75042724609375,958301,0.0,0.0
2020-11-25 00:00:00-05:00,64.32013702392578,65.55937957763672,62.96041488647461,65.31842041015625,688020,0.0,0.0
2020-11-27 00:00:00-05:00,65.40447235107422,66.47160339355469,63.61445617675781,63.82099914550781,185804,0.0,0.0
2020-11-30 00:00:00-05:00,63.51118850708008,63.61445617675781,61.738380432128906,62.09982681274414,369051,0.0,0.0
2020-12-01 00:00:00-05:00,63.33906936645508,63.95869064331055,62.547332763671875,62.598968505859375,401703,0.0,0.0
2020-12-02 00:00:00-05:00,62.08261489868164,63.253013610839844,61.824440002441406,62.89156723022461,314670,0.0,0.0
2020-12-03 00:00:00-05:00,62.943199157714844,64.62995147705078,62.581756591796875,63.94147872924805,1358320,0.0,0.0
2020-12-04 00:00:00-05:00,64.23407745361328,65.97245788574219,64.11359405517578,65.40447235107422,281204,0.0,0.0
2020-12-07 00:00:00-05:00,64.85369873046875,65.26678466796875,63.59724426269531,64.25128936767578,314205,0.0,0.0
2020-12-08 00:00:00-05:00,63.61445617675781,65.23236083984375,63.61445617675781,64.78485107421875,406991,0.0,0.0
2020-12-09 00:00:00-05:00,65.52495574951172,65.78313446044922,64.25128936767578,64.76763916015625,354294,0.0,0.0
2020-12-10 00:00:00-05:00,64.76763916015625,65.90361022949219,64.04474639892578,65.26678466796875,534171,0.0,0.0
2020-12-11 00:00:00-05:00,64.44062042236328,65.33562469482422,63.58003234863281,64.07917022705078,386075,0.0,0.0
2020-12-14 00:00:00-05:00,65.43889617919922,65.67986297607422,61.755592346191406,61.772804260253906,704869,0.0,0.0
2020-12-15 00:00:00-05:00,62.994834899902344,63.66609191894531,61.893287658691406,63.132530212402344,415706,0.0,0.0
2020-12-16 00:00:00-05:00,62.994834899902344,64.33734893798828,61.65232467651367,63.73493957519531,628177,0.0,0.0
2020-12-17 00:00:00-05:00,63.82099914550781,64.32013702392578,62.943199157714844,63.66609191894531,323559,0.0,0.0
2020-12-18 00:00:00-05:00,63.97590255737305,64.38898468017578,62.30636978149414,62.943199157714844,789521,0.0,0.0
2020-12-21 00:00:00-05:00,61.841651916503906,63.012046813964844,60.1376953125,62.581756591796875,395196,0.0,0.0
2020-12-22 00:00:00-05:00,63.029258728027344,63.253013610839844,61.68674850463867,62.28915786743164,220722,0.0,0.0
2020-12-23 00:00:00-05:00,62.92599105834961,63.97590255737305,62.616180419921875,63.080894470214844,377941,0.0,0.0
2020-12-24 00:00:00-05:00,63.30464553833008,63.45955276489258,62.512908935546875,63.32185745239258,68384,0.0,0.0
2020-12-28 00:00:00-05:00,64.11359405517578,64.52667999267578,63.51118850708008,63.51118850708008,258371,0.0,0.0
2020-12-29 00:00:00-05:00,64.09638977050781,64.21686553955078,62.512908935546875,63.132530212402344,270049,0.0,0.0
2020-12-30 00:00:00-05:00,63.166954040527344,65.83477020263672,63.166954040527344,65.31842041015625,709808,0.0,0.0
2020-12-31 00:00:00-05:00,65.19793701171875,66.40275573730469,64.38898468017578,65.81755828857422,359290,0.0,0.0
2021-01-04 00:00:00-05:00,66.23063659667969,66.38554382324219,62.97762680053711,63.78657531738281,363416,0.0,0.0
2021-01-05 00:00:00-05:00,63.82099914550781,66.45439147949219,63.82099914550781,65.47332000732422,387643,0.0,0.0
2021-01-06 00:00:00-05:00,66.57486724853516,70.1376953125,66.57486724853516,69.17383575439453,738567,0.0,0.0
2021-01-07 00:00:00-05:00,69.8106689453125,70.61962127685547,69.08778381347656,69.8623046875,1577706,0.0,0.0
2021-01-08 00:00:00-05:00,69.8795166015625,69.8795166015625,66.36833190917969,67.9001693725586,478570,0.0,0.0
2021-01-11 00:00:00-05:00,66.38554382324219,69.08778381347656,66.12736511230469,68.1927719116211,773660,0.0,0.0
2021-01-12 00:00:00-05:00,68.60585021972656,70.103271484375,68.2788314819336,69.79345703125,638577,0.0,0.0
2021-01-13 00:00:00-05:00,69.39759063720703,69.63855743408203,67.17728424072266,67.8657455444336,1602630,0.0,0.0
2021-01-14 00:00:00-05:00,69.13941192626953,69.43201446533203,67.34939575195312,68.4165267944336,682675,0.0,0.0
2021-01-15 00:00:00-05:00,67.43545532226562,67.79690551757812,65.24957275390625,66.66092681884766,572459,0.0,0.0
2021-01-19 00:00:00-05:00,67.59036254882812,68.76075744628906,67.31497192382812,68.1411361694336,503436,0.0,0.0
2021-01-20 00:00:00-05:00,68.51979064941406,70.1549072265625,68.1583480834961,69.03614807128906,462708,0.0,0.0
2021-01-21 00:00:00-05:00,69.19104766845703,69.58692169189453,67.9690170288086,69.00172424316406,769360,0.0,0.0
2021-01-22 00:00:00-05:00,68.0895004272461,70.0172119140625,67.72805786132812,69.8795166015625,521738,0.0,0.0
2021-01-25 00:00:00-05:00,69.24268341064453,69.896728515625,68.0034408569336,69.00172424316406,650197,0.0,0.0
2021-01-26 00:00:00-05:00,69.8795166015625,70.20654296875,68.1067123413086,69.759033203125,495477,0.0,0.0
2021-01-27 00:00:00-05:00,68.2099838256836,73.02925872802734,67.26333618164062,70.1204833984375,1418512,0.0,0.0
2021-01-28 00:00:00-05:00,70.70568084716797,72.54733276367188,66.45439147949219,66.57486724853516,1156945,0.0,0.0
2021-01-29 00:00:00-05:00,66.83304595947266,68.3132553100586,63.71772766113281,63.88984680175781,911298,0.0,0.0
2021-02-01 00:00:00-05:00,64.69879150390625,66.28227233886719,63.218589782714844,66.05851745605469,527258,0.0,0.0
2021-02-02 00:00:00-05:00,67.26333618164062,68.3476791381836,65.04302978515625,65.49053192138672,715095,0.0,0.0
2021-02-03 00:00:00-05:00,65.38726043701172,67.19448852539062,65.02581787109375,67.00516510009766,392117,0.0,0.0
2021-02-04 00:00:00-05:00,67.55593872070312,68.60585021972656,66.54045104980469,67.22891235351562,370969,0.0,0.0
2021-02-05 00:00:00-05:00,68.2444076538086,68.70912170410156,67.36660766601562,68.1755599975586,278183,0.0,0.0
2021-02-08 00:00:00-05:00,69.08778381347656,69.8106689453125,68.58863830566406,69.8106689453125,220257,0.0,0.0
2021-02-09 00:00:00-05:00,69.79345703125,70.034423828125,67.57315063476562,69.60413360595703,313740,0.0,0.0
2021-02-10 00:00:00-05:00,70.240966796875,70.240966796875,68.4337387084961,68.51979064941406,349878,0.0,0.0
2021-02-11 00:00:00-05:00,69.12220001220703,69.7762451171875,66.91910552978516,68.69190979003906,496755,0.0,0.0
2021-02-12 00:00:00-05:00,68.0895004272461,70.1893310546875,67.81411743164062,70.172119140625,441502,0.0,0.0
2021-02-16 00:00:00-05:00,70.55077362060547,70.92943572998047,67.64199829101562,67.72805786132812,336515,0.0,0.0
2021-02-17 00:00:00-05:00,67.12564849853516,67.67642211914062,65.59380340576172,65.92082977294922,547360,0.0,0.0
2021-02-18 00:00:00-05:00,65.74871063232422,70.74010467529297,65.74871063232422,69.60413360595703,890266,0.0,0.0
2021-02-19 00:00:00-05:00,70.77452850341797,75.95525360107422,69.896728515625,74.97418212890625,1176816,0.0,0.0
2021-02-22 00:00:00-05:00,74.87091064453125,78.2444076538086,74.32013702392578,77.29776000976562,729387,0.0,0.0
2021-02-23 00:00:00-05:00,77.50430297851562,78.1239242553711,74.87091064453125,77.26333618164062,802071,0.0,0.0
2021-02-24 00:00:00-05:00,76.78141021728516,79.9483642578125,76.78141021728516,79.50086212158203,712132,0.0,0.0
2021-02-25 00:00:00-05:00,79.19104766845703,79.65576934814453,76.60929107666016,77.38381958007812,594770,0.0,0.0
2021-02-26 00:00:00-05:00,77.64199829101562,78.0206527709961,76.04130554199219,76.33390808105469,533242,0.0,0.0
2021-03-01 00:00:00-05:00,78.2616195678711,79.7762451171875,77.34939575195312,78.3993148803711,306245,0.0,0.0
2021-03-02 00:00:00-05:00,77.81411743164062,78.4337387084961,76.38554382324219,76.79862213134766,320596,0.0,0.0
2021-03-03 00:00:00-05:00,77.43545532226562,79.29431915283203,76.67813873291016,77.77969360351562,364578,0.0,0.0
2021-03-04 00:00:00-05:00,82.37521362304688,84.66437530517578,79.03614807128906,82.25473022460938,2094331,0.0,0.0
2021-03-05 00:00:00-05:00,83.52839660644531,86.14457702636719,80.99827575683594,85.62822723388672,986015,0.0,0.0
2021-03-08 00:00:00-05:00,85.62822723388672,86.50602722167969,83.85542297363281,84.16522979736328,681339,0.0,0.0
2021-03-09 00:00:00-05:00,84.16522979736328,84.16522979736328,80.60240936279297,81.08433532714844,832805,0.0,0.0
2021-03-10 00:00:00-05:00,80.41307830810547,83.01204681396484,80.0860595703125,82.80551147460938,626144,0.0,0.0
2021-03-11 00:00:00-05:00,83.13253021240234,83.80378723144531,80.49913787841797,83.27022552490234,1709128,0.0,0.0
2021-03-12 00:00:00-05:00,84.30292510986328,86.33390808105469,83.25301361083984,86.05851745605469,557295,0.0,0.0
2021-03-15 00:00:00-04:00,85.30120849609375,86.41996765136719,84.14801788330078,85.47332000732422,390606,0.0,0.0
2021-03-16 00:00:00-04:00,83.18416595458984,84.35456085205078,80.89501190185547,81.39414978027344,1303706,0.0,0.0
2021-03-17 00:00:00-04:00,79.965576171875,81.9965591430664,79.20825958251953,80.72289276123047,4820557,0.0,0.0
2021-03-18 00:00:00-04:00,80.89501190185547,81.6695327758789,76.35111999511719,76.57486724853516,1686759,0.0,0.0
2021-03-19 00:00:00-04:00,76.41996765136719,78.0378646850586,74.93975830078125,77.00516510009766,1339844,0.0,0.0
2021-03-22 00:00:00-04:00,76.83304595947266,79.8623046875,76.02409362792969,78.69190979003906,850875,0.0,0.0
2021-03-23 00:00:00-04:00,77.60757446289062,79.13941192626953,75.49053192138672,75.88640594482422,1024419,0.0,0.0
2021-03-24 00:00:00-04:00,77.24612426757812,78.79518127441406,76.52323913574219,76.67813873291016,1064218,0.0,0.0
2021-03-25 00:00:00-04:00,75.64543914794922,78.2099838256836,73.06368255615234,77.77969360351562,1660556,0.0,0.0
2021-03-26 00:00:00-04:00,78.69190979003906,79.8450927734375,75.71428680419922,77.21170043945312,2828192,0.0,0.0
2021-03-29 00:00:00-04:00,76.36833190917969,77.03958892822266,74.35456085205078,76.02409362792969,1036446,0.0,0.0
2021-03-30 00:00:00-04:00,76.31669616699219,76.97074127197266,74.83648681640625,75.80034637451172,984853,0.0,0.0
2021-03-31 00:00:00-04:00,75.55937957763672,76.69535064697266,75.00860595703125,75.40447235107422,693946,0.0,0.0
2021-04-01 00:00:00-04:00,75.81755828857422,76.38554382324219,74.92254638671875,76.35111999511719,576352,0.0,0.0
2021-04-05 00:00:00-04:00,77.28054809570312,77.9518051147461,76.05851745605469,77.05680084228516,714746,0.0,0.0
2021-04-06 00:00:00-04:00,75.04302978515625,77.67642211914062,75.04302978515625,76.19621276855469,696096,0.0,0.0
2021-04-07 00:00:00-04:00,76.19621276855469,76.83304595947266,74.92254638671875,75.45610809326172,520169,0.0,0.0
2021-04-08 00:00:00-04:00,75.49053192138672,75.78313446044922,74.02754211425781,74.49225616455078,793937,0.0,0.0
2021-04-09 00:00:00-04:00,74.32013702392578,74.81927490234375,73.49397277832031,74.71600341796875,535624,0.0,0.0
2021-04-12 00:00:00-04:00,75.16351318359375,75.57659149169922,73.95869445800781,74.69879150390625,945461,0.0,0.0
2021-04-13 00:00:00-04:00,74.71600341796875,74.95697021484375,73.14974212646484,73.94148254394531,538238,0.0,0.0
2021-04-14 00:00:00-04:00,73.90705871582031,76.26506042480469,73.51118469238281,75.83477020263672,592504,0.0,0.0
2021-04-15 00:00:00-04:00,76.33390808105469,76.55765533447266,75.30120849609375,76.47160339355469,434472,0.0,0.0
2021-04-16 00:00:00-04:00,77.28054809570312,78.1927719116211,76.88468170166016,77.21170043945312,383402,0.0,0.0
2021-04-19 00:00:00-04:00,77.22891235351562,77.60757446289062,76.41996765136719,77.33218383789062,511454,0.0,0.0
2021-04-20 00:00:00-04:00,77.34939575195312,78.0206527709961,75.30120849609375,75.97245788574219,446382,0.0,0.0
2021-04-21 00:00:00-04:00,75.66265106201172,77.31497192382812,75.64543914794922,76.55765533447266,436273,0.0,0.0
2021-04-22 00:00:00-04:00,76.88468170166016,77.50430297851562,76.00688171386719,76.43717956542969,287827,0.0,0.0
2021-04-23 00:00:00-04:00,76.55765533447266,78.1411361694336,76.55765533447266,77.81411743164062,458990,0.0,0.0
2021-04-26 00:00:00-04:00,78.58863830566406,79.17383575439453,77.14286041259766,77.45266723632812,889162,0.0,0.0
2021-04-27 00:00:00-04:00,77.76248168945312,79.07056427001953,76.83304595947266,78.81239318847656,794285,0.0,0.0
2021-04-28 00:00:00-04:00,78.3304672241211,79.31153106689453,78.1411361694336,78.62306213378906,595002,0.0,0.0
2021-04-29 00:00:00-04:00,78.2616195678711,78.2616195678711,75.16351318359375,77.62478637695312,1192038,0.0,0.0
2021-04-30 00:00:00-04:00,77.33218383789062,78.74354553222656,76.98795318603516,77.77969360351562,1937461,0.0,0.0
2021-05-03 00:00:00-04:00,77.79690551757812,78.62306213378906,75.04302978515625,75.14630126953125,1248511,0.0,0.0
2021-05-04 00:00:00-04:00,74.81927490234375,74.81927490234375,72.90877532958984,73.99311828613281,1107328,0.0,0.0
2021-05-05 00:00:00-04:00,73.95869445800781,74.57831573486328,72.23751831054688,73.13253021240234,1365815,0.0,0.0
2021-05-06 00:00:00-04:00,73.52839660644531,73.97590637207031,71.5490493774414,73.56282043457031,1477367,0.0,0.0
2021-05-07 00:00:00-04:00,73.47676086425781,75.12908935546875,73.33907318115234,73.95869445800781,578618,0.0,0.0
2021-05-10 00:00:00-04:00,74.28571319580078,75.18072509765625,73.33907318115234,73.47676086425781,890324,0.0,0.0
2021-05-11 00:00:00-04:00,72.68502807617188,72.99483489990234,71.35972595214844,72.66781616210938,1016692,0.0,0.0
2021-05-12 00:00:00-04:00,72.63339233398438,73.16695404052734,71.15318298339844,71.5490493774414,762330,0.0,0.0
2021-05-13 00:00:00-04:00,71.7383804321289,73.23580169677734,71.5834732055664,72.53012084960938,526735,0.0,0.0
2021-05-14 00:00:00-04:00,73.14974212646484,75.78313446044922,72.30636596679688,75.59380340576172,800269,0.0,0.0
2021-05-17 00:00:00-04:00,75.55937957763672,76.14457702636719,74.92254638671875,75.88640594482422,704404,0.0,0.0
2021-05-18 00:00:00-04:00,75.90361022949219,76.21342468261719,74.66437530517578,75.04302978515625,830249,0.0,0.0
2021-05-19 00:00:00-04:00,73.56282043457031,75.19793701171875,73.23580169677734,75.19793701171875,1065845,0.0,0.0
2021-05-20 00:00:00-04:00,75.42168426513672,76.21342468261719,74.83648681640625,75.35283660888672,610457,0.0,0.0
2021-05-21 00:00:00-04:00,76.11015319824219,76.74698638916016,75.37004852294922,75.80034637451172,658970,0.0,0.0
2021-05-24 00:00:00-04:00,76.26506042480469,76.52323913574219,75.30120849609375,76.07572937011719,389154,0.0,0.0
2021-05-25 00:00:00-04:00,76.05851745605469,76.62650299072266,75.31842041015625,75.42168426513672,539807,0.0,0.0
2021-05-26 00:00:00-04:00,75.23236083984375,76.24784851074219,74.44062042236328,76.09294128417969,602265,0.0,0.0
2021-05-27 00:00:00-04:00,77.10843658447266,77.55593872070312,76.54045104980469,76.62650299072266,738742,0.0,0.0
2021-05-28 00:00:00-04:00,76.88468170166016,77.05680084228516,75.69707489013672,76.07572937011719,556540,0.0,0.0
2021-06-01 00:00:00-04:00,76.91910552978516,78.60585021972656,76.88468170166016,78.0722885131836,714572,0.0,0.0
2021-06-02 00:00:00-04:00,78.4509506225586,78.4509506225586,77.24612426757812,77.8485336303711,732060,0.0,0.0
2021-06-03 00:00:00-04:00,77.65921020507812,78.2271957397461,76.66092681884766,77.46987915039062,1218415,0.0,0.0
2021-06-04 00:00:00-04:00,77.8485336303711,79.29431915283203,77.79690551757812,78.82960510253906,1424380,0.0,0.0
2021-06-07 00:00:00-04:00,78.91566467285156,79.44922637939453,77.46987915039062,77.65921020507812,821069,0.0,0.0
2021-06-08 00:00:00-04:00,77.48709106445312,79.44922637939453,77.36660766601562,79.39759063720703,999378,0.0,0.0
2021-06-09 00:00:00-04:00,79.60413360595703,79.7762451171875,77.9690170288086,77.9690170288086,509769,0.0,0.0
2021-06-10 00:00:00-04:00,78.2444076538086,79.19104766845703,77.8485336303711,79.07056427001953,909091,0.0,0.0
2021-06-11 00:00:00-04:00,79.56970977783203,80.309814453125,79.24268341064453,80.172119140625,850933,0.0,0.0
2021-06-14 00:00:00-04:00,80.103271484375,80.51634979248047,78.4509506225586,79.25989532470703,1081532,0.0,0.0
2021-06-15 00:00:00-04:00,79.24268341064453,79.62134552001953,78.51979064941406,79.53528594970703,565662,0.0,0.0
2021-06-16 00:00:00-04:00,78.96730041503906,79.56970977783203,78.2960433959961,78.86402893066406,487168,0.0,0.0
2021-06-17 00:00:00-04:00,78.88124084472656,79.01893615722656,75.81755828857422,77.00516510009766,948018,0.0,0.0
2021-06-18 00:00:00-04:00,75.78313446044922,76.55765533447266,74.81927490234375,74.90533447265625,1139632,0.0,0.0
2021-06-21 00:00:00-04:00,75.55937957763672,76.93631744384766,75.47332000732422,76.90189361572266,856278,0.0,0.0
2021-06-22 00:00:00-04:00,76.83304595947266,78.1927719116211,75.98966979980469,77.8485336303711,862204,0.0,0.0
2021-06-23 00:00:00-04:00,78.1927719116211,79.34595489501953,77.9518051147461,78.0034408569336,646304,0.0,0.0
2021-06-24 00:00:00-04:00,78.2788314819336,79.05335235595703,77.64199829101562,78.74354553222656,322048,0.0,0.0
2021-06-25 00:00:00-04:00,79.20825958251953,80.20654296875,78.96730041503906,80.034423828125,818397,0.0,0.0
2021-06-28 00:00:00-04:00,80.06884765625,80.06884765625,78.65748596191406,78.91566467285156,344998,0.0,0.0
2021-06-29 00:00:00-04:00,79.19104766845703,79.55249786376953,77.9173812866211,78.2616195678711,284864,0.0,0.0
2021-06-30 00:00:00-04:00,77.69363403320312,79.13941192626953,77.69363403320312,78.84681701660156,384622,0.0,0.0
2021-07-01 00:00:00-04:00,79.17383575439453,80.46471405029297,79.03614807128906,80.2926025390625,1327701,0.0,0.0
2021-07-02 00:00:00-04:00,80.65404510498047,81.37693786621094,79.9827880859375,80.86058807373047,847853,0.0,0.0
2021-07-06 00:00:00-04:00,80.86058807373047,80.87779998779297,77.31497192382812,78.64027404785156,693249,0.0,0.0
2021-07-07 00:00:00-04:00,78.3648910522461,79.43201446533203,78.1067123413086,78.81239318847656,547999,0.0,0.0
2021-07-08 00:00:00-04:00,77.41824340820312,78.84681701660156,76.35111999511719,78.0722885131836,473864,0.0,0.0
2021-07-09 00:00:00-04:00,79.10498809814453,80.1893310546875,79.01893615722656,79.58692169189453,506458,0.0,0.0
2021-07-12 00:00:00-04:00,79.17383575439453,80.0516357421875,78.51979064941406,79.965576171875,429010,0.0,0.0
2021-07-13 00:00:00-04:00,79.63855743408203,80.1893310546875,78.51979064941406,78.53700256347656,250004,0.0,0.0
2021-07-14 00:00:00-04:00,79.01893615722656,79.56970977783203,76.69535064697266,77.19448852539062,489551,0.0,0.0
2021-07-15 00:00:00-04:00,76.52323913574219,77.55593872070312,75.90361022949219,76.74698638916016,425757,0.0,0.0
2021-07-16 00:00:00-04:00,77.79690551757812,77.8657455444336,75.49053192138672,75.52495574951172,395254,0.0,0.0
2021-07-19 00:00:00-04:00,73.88984680175781,74.64716339111328,72.32357788085938,73.56282043457031,724914,0.0,0.0
2021-07-20 00:00:00-04:00,73.56282043457031,76.76419830322266,73.37349700927734,76.16178894042969,492165,0.0,0.0
2021-07-21 00:00:00-04:00,76.43717956542969,78.79518127441406,76.24784851074219,78.64027404785156,499892,0.0,0.0
2021-07-22 00:00:00-04:00,78.50257873535156,78.76075744628906,77.46987915039062,77.50430297851562,387701,0.0,0.0
2021-07-23 00:00:00-04:00,78.0206527709961,78.0206527709961,77.17728424072266,77.79690551757812,188825,0.0,0.0
2021-07-26 00:00:00-04:00,77.8485336303711,78.55421447753906,77.76248168945312,78.1755599975586,243090,0.0,0.0
2021-07-27 00:00:00-04:00,77.41824340820312,77.71084594726562,76.62650299072266,77.31497192382812,367250,0.0,0.0
2021-07-28 00:00:00-04:00,77.9001693725586,79.07056427001953,77.52151489257812,77.8657455444336,936107,0.0,0.0
2021-07-29 00:00:00-04:00,79.50086212158203,82.87435150146484,78.1067123413086,80.0860595703125,2145517,0.0,0.0
2021-07-30 00:00:00-04:00,79.8623046875,80.06884765625,78.46815490722656,78.96730041503906,1567887,0.0,0.0
2021-08-02 00:00:00-04:00,79.32874298095703,81.10154724121094,78.62306213378906,78.91566467285156,1409506,0.0,0.0
2021-08-03 00:00:00-04:00,79.15662384033203,80.84337615966797,78.1067123413086,80.56798553466797,1102854,0.0,0.0
2021-08-04 00:00:00-04:00,79.724609375,80.94664764404297,78.93287658691406,78.95008850097656,924022,0.0,0.0
2021-08-05 00:00:00-04:00,81.5662612915039,82.66781616210938,80.67125701904297,82.63339233398438,1540754,0.0,0.0
2021-08-06 00:00:00-04:00,83.39070892333984,84.50946807861328,81.9965591430664,82.70223999023438,2524736,0.0,0.0
2021-08-09 00:00:00-04:00,82.18588256835938,83.59724426269531,81.6006851196289,83.18416595458984,939826,0.0,0.0
2021-08-10 00:00:00-04:00,83.47676086425781,84.92254638671875,82.96041107177734,84.90533447265625,1012451,0.0,0.0
2021-08-11 00:00:00-04:00,85.35283660888672,86.05851745605469,84.42340850830078,85.54216766357422,1400849,0.0,0.0
2021-08-12 00:00:00-04:00,85.19793701171875,86.05851745605469,84.90533447265625,85.90361022949219,431683,0.0,0.0
2021-08-13 00:00:00-04:00,86.05851745605469,86.64371490478516,85.24957275390625,85.47332000732422,701790,0.0,0.0
2021-08-16 00:00:00-04:00,84.92254638671875,85.31842041015625,83.39070892333984,84.04474639892578,753441,0.0,0.0
2021-08-17 00:00:00-04:00,82.97762298583984,83.82099914550781,81.9449234008789,83.13253021240234,323036,0.0,0.0
2021-08-18 00:00:00-04:00,82.97762298583984,83.56282043457031,81.7555923461914,81.7728042602539,254013,0.0,0.0
2021-08-19 00:00:00-04:00,80.51634979248047,80.99827575683594,78.70912170410156,79.50086212158203,598314,0.0,0.0
2021-08-20 00:00:00-04:00,79.25989532470703,80.77452850341797,78.76075744628906,80.34423065185547,985144,0.0,0.0
2021-08-23 00:00:00-04:00,81.41136169433594,81.8416519165039,80.92943572998047,81.18760681152344,355746,0.0,0.0
2021-08-24 00:00:00-04:00,81.15318298339844,83.33907318115234,80.92943572998047,83.09810638427734,533532,0.0,0.0
2021-08-25 00:00:00-04:00,83.20137786865234,84.21686553955078,82.94319915771484,83.70051574707031,385552,0.0,0.0
2021-08-26 00:00:00-04:00,83.71772766113281,84.07917022705078,82.1686782836914,82.42684936523438,557528,0.0,0.0
2021-08-27 00:00:00-04:00,82.94319915771484,84.73321533203125,82.44406127929688,83.90705871582031,760355,0.0,0.0
2021-08-30 00:00:00-04:00,84.33734893798828,84.59552764892578,83.09810638427734,83.13253021240234,390606,0.0,0.0
2021-08-31 00:00:00-04:00,83.23580169677734,83.68330383300781,82.37521362304688,82.90877532958984,675471,0.0,0.0
2021-09-01 00:00:00-04:00,82.97762298583984,83.76936340332031,81.8416519165039,83.35628509521484,997984,0.0,0.0
2021-09-02 00:00:00-04:00,83.87263488769531,85.28399658203125,83.58003234863281,84.61273956298828,656995,0.0,0.0
2021-09-03 00:00:00-04:00,84.44062042236328,84.87091064453125,83.37349700927734,83.63166809082031,645084,0.0,0.0
2021-09-07 00:00:00-04:00,83.39070892333984,83.78657531738281,81.5490493774414,81.6006851196289,1134577,0.0,0.0
2021-09-08 00:00:00-04:00,81.11875915527344,81.6867446899414,79.7073974609375,81.18760681152344,501519,0.0,0.0
2021-09-09 00:00:00-04:00,81.18760681152344,82.25473022460938,80.74010467529297,80.77452850341797,502739,0.0,0.0
2021-09-10 00:00:00-04:00,79.25989532470703,80.92943572998047,79.24268341064453,79.690185546875,682675,0.0,0.0
2021-09-13 00:00:00-04:00,80.72289276123047,80.96385192871094,79.25989532470703,80.91221618652344,686277,0.0,0.0
2021-09-14 00:00:00-04:00,81.5490493774414,81.7900161743164,79.724609375,80.2926025390625,538878,0.0,0.0
2021-09-15 00:00:00-04:00,79.896728515625,81.8588638305664,79.896728515625,81.7211685180664,739962,0.0,0.0
2021-09-16 00:00:00-04:00,81.39414978027344,82.0654067993164,80.37865447998047,80.43029022216797,603833,0.0,0.0
2021-09-17 00:00:00-04:00,80.0,80.0860595703125,77.21170043945312,77.9173812866211,2304769,0.0,0.0
2021-09-20 00:00:00-04:00,75.83477020263672,77.53872680664062,75.64543914794922,76.98795318603516,915540,0.0,0.0
2021-09-21 00:00:00-04:00,77.69363403320312,77.76248168945312,76.14457702636719,76.43717956542969,1197732,0.0,0.0
2021-09-22 00:00:00-04:00,77.02237701416016,78.0206527709961,76.85025787353516,77.62478637695312,1063637,0.0,0.0
2021-09-23 00:00:00-04:00,78.0895004272461,79.79345703125,77.55593872070312,79.17383575439453,468867,0.0,0.0
2021-09-24 00:00:00-04:00,78.86402893066406,79.8106689453125,78.4509506225586,79.67298126220703,710273,0.0,0.0
2021-09-27 00:00:00-04:00,79.7762451171875,81.5662612915039,79.53528594970703,80.36144256591797,646595,0.0,0.0
2021-09-28 00:00:00-04:00,80.36144256591797,80.79174041748047,79.46643829345703,80.46471405029297,744726,0.0,0.0
2021-09-29 00:00:00-04:00,80.77452850341797,81.34251403808594,79.8795166015625,80.06884765625,962775,0.0,0.0
2021-09-30 00:00:00-04:00,80.309814453125,80.46471405029297,78.95008850097656,79.00172424316406,883585,0.0,0.0
2021-10-01 00:00:00-04:00,79.22547149658203,81.8072280883789,78.50257873535156,81.04991149902344,832980,0.0,0.0
2021-10-04 00:00:00-04:00,80.60240936279297,81.7039566040039,80.39586639404297,80.80895233154297,545966,0.0,0.0
2021-10-05 00:00:00-04:00,80.98106384277344,81.8932876586914,80.39586639404297,81.01548767089844,551079,0.0,0.0
2021-10-06 00:00:00-04:00,81.9793472290039,84.18244171142578,81.20481872558594,82.70223999023438,1684726,0.0,0.0
2021-10-07 00:00:00-04:00,83.16695404052734,83.87263488769531,82.94319915771484,83.14974212646484,665710,0.0,0.0
2021-10-08 00:00:00-04:00,82.96041107177734,83.66609191894531,82.75387573242188,83.42513275146484,806719,0.0,0.0
2021-10-11 00:00:00-04:00,83.49397277832031,83.99311828613281,81.7383804321289,81.8760757446289,482114,0.0,0.0
2021-10-12 00:00:00-04:00,81.8760757446289,82.78829956054688,81.7039566040039,81.8932876586914,376720,0.0,0.0
2021-10-13 00:00:00-04:00,81.8588638305664,82.99483489990234,81.13597106933594,82.63339233398438,498382,0.0,0.0
2021-10-14 00:00:00-04:00,83.63166809082031,84.75042724609375,83.09810638427734,84.66437530517578,629049,0.0,0.0
2021-10-15 00:00:00-04:00,85.59380340576172,87.8657455444336,85.42168426513672,87.12564849853516,1014426,0.0,0.0
2021-10-18 00:00:00-04:00,86.47160339355469,87.21170043945312,85.78313446044922,86.47160339355469,551834,0.0,0.0
2021-10-19 00:00:00-04:00,87.02237701416016,87.50430297851562,86.29948425292969,86.67813873291016,650952,0.0,0.0
2021-10-20 00:00:00-04:00,86.16178894042969,87.8313217163086,86.09294128417969,87.71084594726562,322978,0.0,0.0
2021-10-21 00:00:00-04:00,87.57315063476562,88.2788314819336,87.31497192382812,88.1755599975586,368064,0.0,0.0
2021-10-22 00:00:00-04:00,88.4509506225586,88.84681701660156,87.74526977539062,88.2099838256836,312404,0.0,0.0
2021-10-25 00:00:00-04:00,88.2271957397461,89.12220001220703,87.8313217163086,88.3821029663086,288176,0.0,0.0
2021-10-26 00:00:00-04:00,88.53700256347656,89.39759063720703,88.2271957397461,88.86402893066406,311648,0.0,0.0
2021-10-27 00:00:00-04:00,88.67469787597656,88.91566467285156,87.05680084228516,87.22891235351562,320770,0.0,0.0
2021-10-28 00:00:00-04:00,87.24612426757812,89.56970977783203,87.24612426757812,88.79518127441406,630269,0.0,0.0
2021-10-29 00:00:00-04:00,88.53700256347656,89.46643829345703,88.1239242553711,88.84681701660156,597384,0.0,0.0
2021-11-01 00:00:00-04:00,89.13941192626953,90.87779998779297,88.91566467285156,90.034423828125,458641,0.0,0.0
2021-11-02 00:00:00-04:00,90.1549072265625,91.32530212402344,89.7073974609375,91.03269958496094,622948,0.0,0.0
2021-11-03 00:00:00-04:00,90.77452850341797,91.15318298339844,90.034423828125,90.79174041748047,631315,0.0,0.0
2021-11-04 00:00:00-04:00,91.22203063964844,93.45954895019531,89.60413360595703,90.79174041748047,742983,0.0,0.0
2021-11-05 00:00:00-04:00,93.16695404052734,94.09638977050781,90.99827575683594,91.17039489746094,890731,0.0,0.0
2021-11-08 00:00:00-05:00,92.25473022460938,92.65060424804688,90.67125701904297,90.96385192871094,819559,0.0,0.0
2021-11-09 00:00:00-05:00,90.94664764404297,91.48020935058594,89.24268341064453,89.50086212158203,981658,0.0,0.0
2021-11-10 00:00:00-05:00,89.10498809814453,89.8450927734375,87.52151489257812,87.72805786132812,517206,0.0,0.0
2021-11-11 00:00:00-05:00,88.1583480834961,88.65748596191406,87.46987915039062,87.8657455444336,601567,0.0,0.0
2021-11-12 00:00:00-05:00,88.0206527709961,89.51807403564453,87.45266723632812,89.44922637939453,1763567,0.0,0.0
2021-11-15 00:00:00-05:00,89.93115234375,90.103271484375,89.03614807128906,89.79345703125,262728,0.0,0.0
2021-11-16 00:00:00-05:00,89.51807403564453,90.48192596435547,88.84681701660156,89.05335235595703,894566,0.0,0.0
2021-11-17 00:00:00-05:00,88.62306213378906,88.67469787597656,87.71084594726562,88.4337387084961,323791,0.0,0.0
2021-11-18 00:00:00-05:00,88.4165267944336,89.12220001220703,87.12564849853516,87.74526977539062,359581,0.0,0.0
2021-11-19 00:00:00-05:00,87.17728424072266,87.8485336303711,86.85025787353516,86.86746978759766,321642,0.0,0.0
2021-11-22 00:00:00-05:00,86.97074127197266,88.86402893066406,86.57486724853516,87.34939575195312,432961,0.0,0.0
2021-11-23 00:00:00-05:00,87.9173812866211,87.9173812866211,86.86746978759766,87.26333618164062,460965,0.0,0.0
2021-11-24 00:00:00-05:00,86.36833190917969,87.00516510009766,85.30120849609375,86.12736511230469,305722,0.0,0.0
2021-11-26 00:00:00-05:00,83.76936340332031,84.16522979736328,82.25473022460938,83.47676086425781,410593,0.0,0.0
2021-11-29 00:00:00-05:00,84.71600341796875,84.88812255859375,82.61618041992188,82.90877532958984,621380,0.0,0.0
2021-11-30 00:00:00-05:00,81.9449234008789,82.61618041992188,79.05335235595703,79.93115234375,1257516,0.0,0.0
2021-12-01 00:00:00-05:00,81.49742126464844,81.7900161743164,77.05680084228516,77.10843658447266,584196,0.0,0.0
2021-12-02 00:00:00-05:00,77.19448852539062,79.690185546875,76.98795318603516,79.13941192626953,1006989,0.0,0.0
2021-12-03 00:00:00-05:00,79.34595489501953,79.50086212158203,75.98966979980469,77.26333618164062,1592870,0.0,0.0
2021-12-06 00:00:00-05:00,78.3304672241211,80.32701873779297,76.98795318603516,78.91566467285156,827983,0.0,0.0
2021-12-07 00:00:00-05:00,79.93115234375,81.20481872558594,79.38037872314453,80.34423065185547,430637,0.0,0.0
2021-12-08 00:00:00-05:00,80.49913787841797,80.67125701904297,79.9827880859375,80.1204833984375,655194,0.0,0.0
2021-12-09 00:00:00-05:00,79.51807403564453,80.275390625,78.82960510253906,78.86402893066406,347264,0.0,0.0
2021-12-10 00:00:00-05:00,78.93287658691406,79.44922637939453,77.59036254882812,78.1927719116211,594537,0.0,0.0
2021-12-13 00:00:00-05:00,78.0034408569336,78.2960433959961,76.71256256103516,77.10843658447266,496116,0.0,0.0
2021-12-14 00:00:00-05:00,76.29948425292969,77.36660766601562,76.19621276855469,76.59208679199219,754080,0.0,0.0
2021-12-15 00:00:00-05:00,76.62650299072266,77.22891235351562,75.35283660888672,76.95352935791016,649209,0.0,0.0
2021-12-16 00:00:00-05:00,77.62478637695312,77.9173812866211,74.73321533203125,75.43889617919922,736534,0.0,0.0
2021-12-17 00:00:00-05:00,75.19793701171875,76.83304595947266,74.11359405517578,75.74871063232422,1506126,0.0,0.0
2021-12-20 00:00:00-05:00,74.19965362548828,74.57831573486328,72.22030639648438,73.90705871582031,883875,0.0,0.0
2021-12-21 00:00:00-05:00,74.95697021484375,78.60585021972656,74.87091064453125,77.76248168945312,1072875,0.0,0.0
2021-12-22 00:00:00-05:00,77.9690170288086,78.3476791381836,77.00516510009766,77.07401275634766,319376,0.0,0.0
2021-12-23 00:00:00-05:00,77.29776000976562,78.3304672241211,77.07401275634766,77.71084594726562,285794,0.0,0.0
2021-12-27 00:00:00-05:00,77.74526977539062,79.29431915283203,77.53872680664062,79.08778381347656,946681,0.0,0.0
2021-12-28 00:00:00-05:00,78.74354553222656,80.1549072265625,78.74354553222656,79.36316680908203,884631,0.0,0.0
2021-12-29 00:00:00-05:00,78.91566467285156,79.9827880859375,78.82960510253906,79.724609375,313566,0.0,0.0
2021-12-30 00:00:00-05:00,79.8450927734375,80.37865447998047,79.34595489501953,79.39759063720703,248261,0.0,0.0
2021-12-31 00:00:00-05:00,79.00172424316406,79.67298126220703,78.82960510253906,79.12220001220703,274464,0.0,0.0
2022-01-03 00:00:00-05:00,79.25989532470703,80.39586639404297,78.84681701660156,79.93115234375,737173,0.0,0.0
2022-01-04 00:00:00-05:00,80.74010467529297,81.8588638305664,80.36144256591797,80.84337615966797,814330,0.0,0.0
2022-01-05 00:00:00-05:00,81.22203063964844,81.9449234008789,78.81239318847656,78.88124084472656,368586,0.0,0.0
2022-01-06 00:00:00-05:00,78.74354553222656,79.17383575439453,77.17728424072266,78.0550765991211,822754,0.0,0.0
2022-01-07 00:00:00-05:00,77.67642211914062,78.2099838256836,76.62650299072266,77.10843658447266,408094,0.0,0.0
2022-01-10 00:00:00-05:00,76.48881530761719,76.69535064697266,75.26678466796875,76.48881530761719,642179,0.0,0.0
2022-01-11 00:00:00-05:00,76.71256256103516,78.69190979003906,75.76592254638672,78.2788314819336,486181,0.0,0.0
2022-01-12 00:00:00-05:00,78.82960510253906,79.31153106689453,76.86746978759766,77.59036254882812,1365350,0.0,0.0
2022-01-13 00:00:00-05:00,77.76248168945312,78.77796936035156,77.22891235351562,77.45266723632812,520692,0.0,0.0
2022-01-14 00:00:00-05:00,76.09294128417969,76.81583404541016,75.66265106201172,76.54045104980469,970328,0.0,0.0
2022-01-18 00:00:00-05:00,76.43717956542969,76.66092681884766,75.55937957763672,75.92082977294922,774124,0.0,0.0
2022-01-19 00:00:00-05:00,76.26506042480469,77.12564849853516,74.68157958984375,75.95525360107422,512965,0.0,0.0
2022-01-20 00:00:00-05:00,76.54045104980469,76.90189361572266,74.54389190673828,74.57831573486328,730840,0.0,0.0
2022-01-21 00:00:00-05:00,74.02754211425781,74.42340850830078,72.92598724365234,73.06368255615234,538703,0.0,0.0
2022-01-24 00:00:00-05:00,71.8244400024414,74.01033020019531,70.2237548828125,73.71772766113281,721718,0.0,0.0
2022-01-25 00:00:00-05:00,72.27194213867188,73.66609191894531,71.17039489746094,73.01204681396484,735837,0.0,0.0
2022-01-26 00:00:00-05:00,73.95869445800781,74.40619659423828,70.34423065185547,70.56798553466797,978462,0.0,0.0
2022-01-27 00:00:00-05:00,70.77452850341797,71.9277114868164,69.19104766845703,69.51807403564453,695225,0.0,0.0
2022-01-28 00:00:00-05:00,68.64027404785156,69.7073974609375,67.9173812866211,69.690185546875,872662,0.0,0.0
2022-01-31 00:00:00-05:00,69.51807403564453,70.80895233154297,69.01893615722656,70.77452850341797,882539,0.0,0.0
2022-02-01 00:00:00-05:00,71.37693786621094,72.40963745117188,70.58519744873047,72.35800170898438,904559,0.0,0.0
2022-02-02 00:00:00-05:00,72.22030639648438,72.70223999023438,71.5490493774414,72.22030639648438,524411,0.0,0.0
2022-02-03 00:00:00-05:00,71.7039566040039,72.0654067993164,69.7762451171875,69.8106689453125,446557,0.0,0.0
2022-02-04 00:00:00-05:00,69.07056427001953,71.01548767089844,68.88124084472656,70.70568084716797,1160025,0.0,0.0
2022-02-07 00:00:00-05:00,70.77452850341797,71.51463317871094,70.172119140625,70.87779998779297,708297,0.0,0.0
2022-02-08 00:00:00-05:00,69.690185546875,72.28915405273438,69.48365020751953,72.0481948852539,658505,0.0,0.0
2022-02-09 00:00:00-05:00,73.20137786865234,73.83821105957031,72.97762298583984,73.14974212646484,887129,0.0,0.0
2022-02-10 00:00:00-05:00,72.0137710571289,73.54560852050781,71.37693786621094,71.7728042602539,445162,0.0,0.0
2022-02-11 00:00:00-05:00,72.0826187133789,72.42684936523438,69.46643829345703,70.0172119140625,610980,0.0,0.0
2022-02-14 00:00:00-05:00,70.20654296875,71.01548767089844,69.9827880859375,70.72289276123047,1384291,0.0,0.0
2022-02-15 00:00:00-05:00,71.5490493774414,73.20137786865234,71.5490493774414,72.37521362304688,873185,0.0,0.0
2022-02-16 00:00:00-05:00,72.1170425415039,73.35628509521484,71.6351089477539,72.99483489990234,566649,0.0,0.0
2022-02-17 00:00:00-05:00,72.0137710571289,72.44406127929688,71.48020935058594,71.7728042602539,695050,0.0,0.0
2022-02-18 00:00:00-05:00,71.8588638305664,72.47848510742188,70.63683319091797,71.13597106933594,558632,0.0,0.0
2022-02-22 00:00:00-05:00,71.6178970336914,74.13080596923828,71.10154724121094,72.1342544555664,1178152,0.0,0.0
2022-02-23 00:00:00-05:00,71.9965591430664,73.20137786865234,70.79174041748047,71.7900161743164,1066135,0.0,0.0
2022-02-24 00:00:00-05:00,69.896728515625,72.75387573242188,69.41480255126953,72.53012084960938,728748,0.0,0.0
2022-02-25 00:00:00-05:00,72.59896850585938,73.58003234863281,71.5662612915039,73.11531829833984,779760,0.0,0.0
2022-02-28 00:00:00-05:00,71.03269958496094,72.18588256835938,68.2616195678711,69.20825958251953,1492880,0.0,0.0
2022-03-01 00:00:00-05:00,69.24268341064453,69.38037872314453,67.03958892822266,67.52151489257812,928787,0.0,0.0
2022-03-02 00:00:00-05:00,68.1411361694336,70.2237548828125,67.9690170288086,69.43201446533203,1398002,0.0,0.0
2022-03-03 00:00:00-05:00,70.0172119140625,70.0172119140625,67.64199829101562,68.84681701660156,705799,0.0,0.0
2022-03-04 00:00:00-05:00,67.64199829101562,67.9518051147461,66.48881530761719,66.95352935791016,556424,0.0,0.0
2022-03-07 00:00:00-05:00,66.91910552978516,66.91910552978516,62.461273193359375,62.512908935546875,1361806,0.0,0.0
2022-03-08 00:00:00-05:00,62.78829574584961,66.59208679199219,61.37693786621094,64.14801788330078,1117728,0.0,0.0
2022-03-09 00:00:00-05:00,65.59380340576172,66.55765533447266,65.00860595703125,66.11015319824219,797074,0.0,0.0
2022-03-10 00:00:00-05:00,64.78485107421875,65.73149871826172,64.78485107421875,65.69707489013672,644678,0.0,0.0
2022-03-11 00:00:00-05:00,66.69535064697266,67.00516510009766,63.184165954589844,63.253013610839844,604414,0.0,0.0
2022-03-14 00:00:00-04:00,63.51118850708008,64.04474639892578,61.876075744628906,62.06540298461914,931343,0.0,0.0
2022-03-15 00:00:00-04:00,62.03097915649414,64.42340850830078,61.790016174316406,64.38898468017578,902816,0.0,0.0
2022-03-16 00:00:00-04:00,65.24957275390625,69.08778381347656,65.24957275390625,68.77796936035156,1230151,0.0,0.0
2022-03-17 00:00:00-04:00,68.0206527709961,70.0172119140625,68.0206527709961,69.13941192626953,614001,0.0,0.0
2022-03-18 00:00:00-04:00,68.72633361816406,69.7073974609375,68.3304672241211,69.00172424316406,1517979,0.0,0.0
2022-03-21 00:00:00-04:00,68.48536682128906,69.29431915283203,67.77969360351562,68.3132553100586,691622,0.0,0.0
2022-03-22 00:00:00-04:00,68.69190979003906,70.43029022216797,68.55421447753906,69.7762451171875,589715,0.0,0.0
2022-03-23 00:00:00-04:00,69.50086212158203,69.965576171875,68.58863830566406,68.74354553222656,510989,0.0,0.0
2022-03-24 00:00:00-04:00,69.34595489501953,69.34595489501953,67.81411743164062,68.48536682128906,392001,0.0,0.0
2022-03-25 00:00:00-04:00,68.77796936035156,69.41480255126953,68.2616195678711,68.96730041503906,967423,0.0,0.0
2022-03-28 00:00:00-04:00,68.98451232910156,68.98451232910156,66.95352935791016,67.9345932006836,453703,0.0,0.0
2022-03-29 00:00:00-04:00,68.95008850097656,70.46471405029297,68.95008850097656,70.2237548828125,495128,0.0,0.0
2022-03-30 00:00:00-04:00,69.8106689453125,70.034423828125,69.29431915283203,69.31153106689453,332797,0.0,0.0
2022-03-31 00:00:00-04:00,68.89845275878906,69.43201446533203,68.4509506225586,68.48536682128906,696154,0.0,0.0
2022-04-01 00:00:00-04:00,69.29431915283203,70.75731658935547,69.08778381347656,69.8623046875,1110465,0.0,0.0
2022-04-04 00:00:00-04:00,69.8795166015625,69.93115234375,66.91910552978516,67.22891235351562,1715867,0.0,0.0
2022-04-05 00:00:00-04:00,59.150001525878906,71.95999908447266,59.150001525878906,70.44999694824219,2578800,0.0,0.581
2022-04-06 00:00:00-04:00,67.52999877929688,69.5999984741211,67.04000091552734,69.12000274658203,1232600,0.0,0.0
2022-04-07 00:00:00-04:00,69.41999816894531,69.98999786376953,66.33999633789062,67.3499984741211,1204100,0.0,0.0
2022-04-08 00:00:00-04:00,67.08000183105469,69.20999908447266,66.30000305175781,68.29000091552734,821400,0.0,0.0
2022-04-11 00:00:00-04:00,68.12999725341797,70.22000122070312,67.02999877929688,68.37999725341797,1487800,0.0,0.0
2022-04-12 00:00:00-04:00,68.5,70.61000061035156,67.91000366210938,68.2699966430664,813700,0.0,0.0
2022-04-13 00:00:00-04:00,68.55000305175781,70.9000015258789,67.87000274658203,70.0,1251600,0.0,0.0
2022-04-14 00:00:00-04:00,70.30000305175781,70.98999786376953,69.05999755859375,69.16999816894531,890100,0.0,0.0
2022-04-18 00:00:00-04:00,69.18000030517578,69.87000274658203,66.7300033569336,67.0,867600,0.0,0.0
2022-04-19 00:00:00-04:00,67.0,70.77999877929688,67.0,70.36000061035156,857000,0.0,0.0
2022-04-20 00:00:00-04:00,70.66000366210938,72.12999725341797,70.25,70.47000122070312,525400,0.0,0.0
2022-04-21 00:00:00-04:00,70.3499984741211,71.23999786376953,67.83000183105469,68.33000183105469,487800,0.0,0.0
2022-04-22 00:00:00-04:00,67.72000122070312,68.1500015258789,66.48999786376953,67.0,720000,0.0,0.0
2022-04-25 00:00:00-04:00,66.7300033569336,67.52999877929688,65.20999908447266,67.31999969482422,484300,0.0,0.0
2022-04-26 00:00:00-04:00,67.30000305175781,67.62999725341797,66.13999938964844,66.51000213623047,713700,0.0,0.0
2022-04-27 00:00:00-04:00,66.25,67.05000305175781,64.6500015258789,64.93000030517578,399500,0.0,0.0
2022-04-28 00:00:00-04:00,65.4800033569336,66.56999969482422,64.94000244140625,66.37000274658203,366100,0.0,0.0
2022-04-29 00:00:00-04:00,66.05000305175781,66.97000122070312,64.77999877929688,64.87000274658203,307800,0.0,0.0
2022-05-02 00:00:00-04:00,65.0199966430664,66.06999969482422,63.849998474121094,65.0999984741211,362800,0.0,0.0
2022-05-03 00:00:00-04:00,64.87999725341797,66.70999908447266,64.87999725341797,65.87999725341797,235500,0.0,0.0
2022-05-04 00:00:00-04:00,65.81999969482422,67.62000274658203,64.72000122070312,67.55999755859375,222700,0.0,0.0
2022-05-05 00:00:00-04:00,67.12999725341797,67.12999725341797,64.66000366210938,65.5,535900,0.0,0.0
2022-05-06 00:00:00-04:00,65.2699966430664,65.2699966430664,63.720001220703125,64.94000244140625,404200,0.0,0.0
2022-05-09 00:00:00-04:00,64.16999816894531,64.95999908447266,60.22999954223633,60.369998931884766,604200,0.0,0.0
2022-05-10 00:00:00-04:00,62.38999938964844,64.43000030517578,60.93000030517578,63.84000015258789,937400,0.0,0.0
2022-05-11 00:00:00-04:00,63.33000183105469,65.98999786376953,62.95000076293945,63.439998626708984,433700,0.0,0.0
2022-05-12 00:00:00-04:00,63.59000015258789,63.75,61.880001068115234,62.90999984741211,351500,0.0,0.0
2022-05-13 00:00:00-04:00,62.59000015258789,64.80000305175781,61.72999954223633,63.939998626708984,320800,0.0,0.0
2022-05-16 00:00:00-04:00,64.13999938964844,64.13999938964844,62.5,63.439998626708984,233600,0.0,0.0
2022-05-17 00:00:00-04:00,64.97000122070312,66.8499984741211,64.81999969482422,66.69999694824219,511100,0.0,0.0
2022-05-18 00:00:00-04:00,65.97000122070312,66.25,64.25,64.72000122070312,242300,0.0,0.0
2022-05-19 00:00:00-04:00,63.959999084472656,66.80000305175781,63.099998474121094,66.2699966430664,306000,0.0,0.0
2022-05-20 00:00:00-04:00,66.94000244140625,67.48999786376953,63.84000015258789,65.0,373100,0.0,0.0
2022-05-23 00:00:00-04:00,65.37000274658203,65.7699966430664,64.54000091552734,64.94999694824219,539700,0.0,0.0
2022-05-24 00:00:00-04:00,64.76000213623047,64.76000213623047,62.849998474121094,63.939998626708984,239200,0.0,0.0
2022-05-25 00:00:00-04:00,63.900001525878906,64.62000274658203,63.400001525878906,63.849998474121094,199000,0.0,0.0
2022-05-26 00:00:00-04:00,64.41999816894531,65.25,64.05999755859375,64.8499984741211,489100,0.0,0.0
2022-05-27 00:00:00-04:00,65.0,66.81999969482422,64.9000015258789,66.81999969482422,336400,0.0,0.0
2022-05-31 00:00:00-04:00,66.9800033569336,66.9800033569336,65.4800033569336,66.33999633789062,345600,0.0,0.0
2022-06-01 00:00:00-04:00,66.95999908447266,67.61000061035156,65.18000030517578,66.72000122070312,396000,0.0,0.0
2022-06-02 00:00:00-04:00,66.9000015258789,67.43000030517578,65.5999984741211,67.41999816894531,460700,0.0,0.0
2022-06-03 00:00:00-04:00,67.30000305175781,68.1500015258789,65.87999725341797,66.16999816894531,231600,0.0,0.0
2022-06-06 00:00:00-04:00,67.5,67.5,66.16999816894531,66.87999725341797,254800,0.0,0.0
2022-06-07 00:00:00-04:00,66.18000030517578,67.31999969482422,66.12999725341797,67.27999877929688,300500,0.0,0.0
2022-06-08 00:00:00-04:00,66.31999969482422,67.2300033569336,65.8499984741211,66.01000213623047,272300,0.0,0.0
2022-06-09 00:00:00-04:00,65.75,66.16999816894531,64.79000091552734,64.81999969482422,158100,0.0,0.0
2022-06-10 00:00:00-04:00,63.45000076293945,63.970001220703125,62.5,62.79999923706055,206500,0.0,0.0
2022-06-13 00:00:00-04:00,61.439998626708984,61.599998474121094,60.13999938964844,61.560001373291016,446800,0.0,0.0
2022-06-14 00:00:00-04:00,61.40999984741211,61.7599983215332,60.040000915527344,60.310001373291016,371900,0.0,0.0
2022-06-15 00:00:00-04:00,61.130001068115234,62.18000030517578,60.5099983215332,61.20000076293945,341800,0.0,0.0
2022-06-16 00:00:00-04:00,59.900001525878906,59.900001525878906,57.029998779296875,57.15999984741211,545900,0.0,0.0
2022-06-17 00:00:00-04:00,57.720001220703125,58.5099983215332,56.36000061035156,56.47999954223633,1308100,0.0,0.0
2022-06-21 00:00:00-04:00,56.810001373291016,57.56999969482422,55.790000915527344,55.84000015258789,449900,0.0,0.0
2022-06-22 00:00:00-04:00,54.59000015258789,56.11000061035156,54.43000030517578,55.2599983215332,504800,0.0,0.0
2022-06-23 00:00:00-04:00,55.13999938964844,55.709999084472656,54.790000915527344,55.400001525878906,482600,0.0,0.0
2022-06-24 00:00:00-04:00,55.81999969482422,58.7599983215332,55.81999969482422,58.2599983215332,842300,0.0,0.0
2022-06-27 00:00:00-04:00,58.93000030517578,59.38999938964844,57.54999923706055,58.9900016784668,454700,0.0,0.0
2022-06-28 00:00:00-04:00,58.540000915527344,59.599998474121094,56.38999938964844,56.47999954223633,322000,0.0,0.0
2022-06-29 00:00:00-04:00,56.43000030517578,56.5099983215332,55.34000015258789,55.66999816894531,352300,0.0,0.0
2022-06-30 00:00:00-04:00,54.90999984741211,55.720001220703125,54.33000183105469,55.0,426800,0.0,0.0
2022-07-01 00:00:00-04:00,54.93000030517578,56.40999984741211,54.4900016784668,56.0,394500,0.0,0.0
2022-07-05 00:00:00-04:00,55.880001068115234,56.150001525878906,53.529998779296875,55.61000061035156,534300,0.0,0.0
2022-07-06 00:00:00-04:00,55.470001220703125,56.88999938964844,54.939998626708984,55.119998931884766,793900,0.0,0.0
2022-07-07 00:00:00-04:00,55.540000915527344,56.27000045776367,55.380001068115234,56.220001220703125,421200,0.0,0.0
2022-07-08 00:00:00-04:00,56.43000030517578,56.630001068115234,55.5,55.54999923706055,256300,0.0,0.0
2022-07-11 00:00:00-04:00,54.900001525878906,55.0099983215332,54.029998779296875,54.2599983215332,255200,0.0,0.0
2022-07-12 00:00:00-04:00,53.91999816894531,55.45000076293945,53.790000915527344,54.0,330300,0.0,0.0
2022-07-13 00:00:00-04:00,52.91999816894531,53.709999084472656,52.27000045776367,53.630001068115234,247000,0.0,0.0
2022-07-14 00:00:00-04:00,53.08000183105469,53.7400016784668,52.4900016784668,53.59000015258789,251500,0.0,0.0
2022-07-15 00:00:00-04:00,54.619998931884766,54.7400016784668,53.63999938964844,54.310001373291016,352600,0.0,0.0
2022-07-18 00:00:00-04:00,55.31999969482422,55.630001068115234,53.959999084472656,54.0099983215332,298600,0.0,0.0
2022-07-19 00:00:00-04:00,55.369998931884766,57.0,55.08000183105469,56.849998474121094,407800,0.0,0.0
2022-07-20 00:00:00-04:00,56.83000183105469,58.040000915527344,56.779998779296875,57.86000061035156,250600,0.0,0.0
2022-07-21 00:00:00-04:00,57.91999816894531,58.18000030517578,57.04999923706055,58.060001373291016,219100,0.0,0.0
2022-07-22 00:00:00-04:00,57.599998474121094,58.529998779296875,57.150001525878906,57.709999084472656,217900,0.0,0.0
2022-07-25 00:00:00-04:00,57.63999938964844,57.970001220703125,56.97999954223633,57.70000076293945,300900,0.0,0.0
2022-07-26 00:00:00-04:00,57.68000030517578,58.04999923706055,57.150001525878906,57.34000015258789,284900,0.0,0.0
2022-07-27 00:00:00-04:00,57.90999984741211,58.9900016784668,57.599998474121094,58.77000045776367,228600,0.0,0.0
2022-07-28 00:00:00-04:00,58.77000045776367,59.43000030517578,58.02000045776367,59.380001068115234,295000,0.0,0.0
2022-07-29 00:00:00-04:00,59.5099983215332,59.93000030517578,58.86000061035156,59.720001220703125,281800,0.0,0.0
2022-08-01 00:00:00-04:00,59.540000915527344,60.040000915527344,58.72999954223633,59.689998626708984,248700,0.0,0.0
2022-08-02 00:00:00-04:00,59.650001525878906,60.130001068115234,59.06999969482422,59.47999954223633,160000,0.0,0.0
2022-08-03 00:00:00-04:00,59.79999923706055,59.970001220703125,58.97999954223633,59.38999938964844,546100,0.0,0.0
2022-08-04 00:00:00-04:00,58.810001373291016,60.59000015258789,57.11000061035156,57.16999816894531,626600,0.0,0.0
2022-08-05 00:00:00-04:00,56.720001220703125,59.34000015258789,56.5099983215332,58.41999816894531,293500,0.0,0.0
2022-08-08 00:00:00-04:00,58.38999938964844,59.45000076293945,57.9900016784668,58.040000915527344,441700,0.0,0.0
2022-08-09 00:00:00-04:00,57.75,58.29999923706055,56.54999923706055,56.77000045776367,212200,0.0,0.0
2022-08-10 00:00:00-04:00,57.56999969482422,58.06999969482422,56.86000061035156,57.869998931884766,365000,0.0,0.0
2022-08-11 00:00:00-04:00,58.0,59.290000915527344,58.0,58.560001373291016,416000,0.0,0.0
2022-08-12 00:00:00-04:00,58.61000061035156,59.95000076293945,58.61000061035156,59.84000015258789,168400,0.0,0.0
2022-08-15 00:00:00-04:00,59.630001068115234,60.29999923706055,59.47999954223633,60.099998474121094,316100,0.0,0.0
2022-08-16 00:00:00-04:00,60.11000061035156,60.15999984741211,59.29999923706055,59.470001220703125,336600,0.0,0.0
2022-08-17 00:00:00-04:00,59.02000045776367,59.02000045776367,57.93000030517578,58.04999923706055,329100,0.0,0.0
2022-08-18 00:00:00-04:00,57.939998626708984,57.939998626708984,57.119998931884766,57.869998931884766,195500,0.0,0.0
2022-08-19 00:00:00-04:00,57.33000183105469,57.959999084472656,55.02000045776367,55.34000015258789,378600,0.0,0.0
2022-08-22 00:00:00-04:00,54.22999954223633,54.22999954223633,52.560001373291016,52.65999984741211,500500,0.0,0.0
2022-08-23 00:00:00-04:00,52.68000030517578,53.75,52.630001068115234,52.88999938964844,256700,0.0,0.0
2022-08-24 00:00:00-04:00,52.939998626708984,53.58000183105469,52.650001525878906,53.2400016784668,290500,0.0,0.0
2022-08-25 00:00:00-04:00,53.27000045776367,54.59000015258789,53.27000045776367,54.560001373291016,247600,0.0,0.0
2022-08-26 00:00:00-04:00,54.77000045776367,54.880001068115234,52.13999938964844,52.29999923706055,303700,0.0,0.0
2022-08-29 00:00:00-04:00,51.650001525878906,52.369998931884766,51.310001373291016,51.849998474121094,239000,0.0,0.0
2022-08-30 00:00:00-04:00,52.279998779296875,52.279998779296875,51.130001068115234,51.34000015258789,206500,0.0,0.0
2022-08-31 00:00:00-04:00,51.31999969482422,51.41999816894531,50.540000915527344,50.650001525878906,368200,0.0,0.0
2022-09-01 00:00:00-04:00,49.93000030517578,49.97999954223633,48.68000030517578,49.59000015258789,556600,0.0,0.0
2022-09-02 00:00:00-04:00,50.150001525878906,50.54999923706055,48.93000030517578,48.9900016784668,383600,0.0,0.0
2022-09-06 00:00:00-04:00,49.369998931884766,49.7599983215332,48.11000061035156,48.63999938964844,438100,0.0,0.0
2022-09-07 00:00:00-04:00,48.20000076293945,49.63999938964844,47.72999954223633,49.599998474121094,566500,0.0,0.0
2022-09-08 00:00:00-04:00,49.11000061035156,50.560001373291016,48.66999816894531,50.540000915527344,465100,0.0,0.0
2022-09-09 00:00:00-04:00,51.0,51.560001373291016,50.560001373291016,51.54999923706055,499600,0.0,0.0
2022-09-12 00:00:00-04:00,52.40999984741211,54.959999084472656,52.29999923706055,54.650001525878906,764500,0.0,0.0
2022-09-13 00:00:00-04:00,53.150001525878906,53.650001525878906,51.7599983215332,51.95000076293945,465000,0.0,0.0
2022-09-14 00:00:00-04:00,51.849998474121094,52.849998474121094,51.25,52.77000045776367,475500,0.0,0.0
2022-09-15 00:00:00-04:00,52.56999969482422,53.91999816894531,52.279998779296875,52.599998474121094,436200,0.0,0.0
2022-09-16 00:00:00-04:00,52.099998474121094,52.099998474121094,50.540000915527344,51.290000915527344,881400,0.0,0.0
2022-09-19 00:00:00-04:00,50.689998626708984,52.029998779296875,50.689998626708984,51.849998474121094,277900,0.0,0.0
2022-09-20 00:00:00-04:00,51.25,52.29999923706055,51.09000015258789,51.84000015258789,614100,0.0,0.0
2022-09-21 00:00:00-04:00,51.970001220703125,52.400001525878906,50.689998626708984,50.849998474121094,636600,0.0,0.0
2022-09-22 00:00:00-04:00,50.849998474121094,50.849998474121094,49.099998474121094,49.27000045776367,500600,0.0,0.0
2022-09-23 00:00:00-04:00,48.630001068115234,48.77000045776367,46.79999923706055,48.060001373291016,593600,0.0,0.0
2022-09-26 00:00:00-04:00,47.68000030517578,48.540000915527344,47.2400016784668,47.2599983215332,386000,0.0,0.0
2022-09-27 00:00:00-04:00,47.869998931884766,47.869998931884766,45.880001068115234,46.25,592400,0.0,0.0
2022-09-28 00:00:00-04:00,46.84000015258789,47.93000030517578,46.529998779296875,47.5,517500,0.0,0.0
2022-09-29 00:00:00-04:00,46.630001068115234,47.119998931884766,45.400001525878906,46.93000030517578,618800,0.0,0.0
2022-09-30 00:00:00-04:00,47.2599983215332,47.900001525878906,46.0,46.06999969482422,549100,0.0,0.0
2022-10-03 00:00:00-04:00,46.7400016784668,48.2400016784668,46.16999816894531,47.540000915527344,538000,0.0,0.0
2022-10-04 00:00:00-04:00,48.34000015258789,49.16999816894531,48.34000015258789,49.0,772600,0.0,0.0
2022-10-05 00:00:00-04:00,48.25,49.0,47.90999984741211,48.77000045776367,553500,0.0,0.0
2022-10-06 00:00:00-04:00,48.439998626708984,48.97999954223633,47.720001220703125,47.86000061035156,342800,0.0,0.0
2022-10-07 00:00:00-04:00,47.220001220703125,47.220001220703125,45.849998474121094,45.93000030517578,461200,0.0,0.0
2022-10-10 00:00:00-04:00,46.06999969482422,46.150001525878906,44.77000045776367,44.86000061035156,306200,0.0,0.0
2022-10-11 00:00:00-04:00,45.11000061035156,45.72999954223633,44.310001373291016,44.83000183105469,725000,0.0,0.0
2022-10-12 00:00:00-04:00,45.220001220703125,45.439998626708984,44.31999969482422,45.08000183105469,642800,0.0,0.0
2022-10-13 00:00:00-04:00,44.209999084472656,46.79999923706055,43.880001068115234,46.34000015258789,738700,0.0,0.0
2022-10-14 00:00:00-04:00,46.689998626708984,47.029998779296875,44.84000015258789,44.97999954223633,539700,0.0,0.0
2022-10-17 00:00:00-04:00,46.02000045776367,47.70000076293945,46.02000045776367,47.529998779296875,384500,0.0,0.0
2022-10-18 00:00:00-04:00,47.810001373291016,48.9900016784668,47.459999084472656,47.63999938964844,493900,0.0,0.0
2022-10-19 00:00:00-04:00,47.349998474121094,47.349998474121094,46.0,46.45000076293945,326800,0.0,0.0
2022-10-20 00:00:00-04:00,46.650001525878906,47.41999816894531,45.95000076293945,46.060001373291016,305200,0.0,0.0
2022-10-21 00:00:00-04:00,46.0,47.34000015258789,45.5,47.040000915527344,325900,0.0,0.0
2022-10-24 00:00:00-04:00,47.2400016784668,47.81999969482422,46.970001220703125,47.5,358600,0.0,0.0
2022-10-25 00:00:00-04:00,47.63999938964844,48.970001220703125,47.63999938964844,48.56999969482422,275500,0.0,0.0
2022-10-26 00:00:00-04:00,48.52000045776367,50.47999954223633,48.5099983215332,49.77000045776367,475600,0.0,0.0
2022-10-27 00:00:00-04:00,50.189998626708984,50.470001220703125,48.869998931884766,48.97999954223633,231500,0.0,0.0
2022-10-28 00:00:00-04:00,49.349998474121094,50.119998931884766,49.04999923706055,50.06999969482422,560800,0.0,0.0
2022-10-31 00:00:00-04:00,50.130001068115234,50.380001068115234,49.15999984741211,49.45000076293945,723900,0.0,0.0
2022-11-01 00:00:00-04:00,49.70000076293945,49.939998626708984,47.029998779296875,49.54999923706055,729200,0.0,0.0
2022-11-02 00:00:00-04:00,48.63999938964844,49.939998626708984,47.18000030517578,47.86000061035156,963900,0.0,0.0
2022-11-03 00:00:00-04:00,46.45000076293945,51.5099983215332,46.02000045776367,51.099998474121094,741200,0.0,0.0
2022-11-04 00:00:00-04:00,51.970001220703125,52.59000015258789,50.599998474121094,51.599998474121094,508200,0.0,0.0
2022-11-07 00:00:00-05:00,51.5099983215332,53.43000030517578,51.31999969482422,53.22999954223633,404000,0.0,0.0
2022-11-08 00:00:00-05:00,53.68000030517578,54.060001373291016,52.439998626708984,52.720001220703125,443400,0.0,0.0
2022-11-09 00:00:00-05:00,52.34000015258789,52.34000015258789,51.529998779296875,51.849998474121094,603700,0.0,0.0
2022-11-10 00:00:00-05:00,53.52000045776367,55.90999984741211,53.52000045776367,55.189998626708984,301100,0.0,0.0
2022-11-11 00:00:00-05:00,55.7400016784668,56.470001220703125,55.13999938964844,55.7599983215332,473100,0.0,0.0
2022-11-14 00:00:00-05:00,55.16999816894531,55.66999816894531,53.72999954223633,53.91999816894531,322300,0.0,0.0
2022-11-15 00:00:00-05:00,54.86000061035156,55.150001525878906,53.79999923706055,54.630001068115234,612500,0.0,0.0
2022-11-16 00:00:00-05:00,54.380001068115234,55.65999984741211,53.630001068115234,55.13999938964844,438100,0.0,0.0
2022-11-17 00:00:00-05:00,54.290000915527344,54.90999984741211,53.70000076293945,54.849998474121094,278400,0.0,0.0
2022-11-18 00:00:00-05:00,55.529998779296875,55.560001373291016,54.619998931884766,54.779998779296875,152200,0.0,0.0
2022-11-21 00:00:00-05:00,54.5,54.959999084472656,54.0099983215332,54.290000915527344,178700,0.0,0.0
2022-11-22 00:00:00-05:00,54.70000076293945,54.939998626708984,54.33000183105469,54.790000915527344,212700,0.0,0.0
2022-11-23 00:00:00-05:00,54.77000045776367,55.720001220703125,54.310001373291016,54.9900016784668,195400,0.0,0.0
2022-11-25 00:00:00-05:00,54.70000076293945,55.54999923706055,54.70000076293945,55.459999084472656,116000,0.0,0.0
2022-11-28 00:00:00-05:00,54.91999816894531,54.91999816894531,52.81999969482422,52.84000015258789,293000,0.0,0.0
2022-11-29 00:00:00-05:00,52.7599983215332,53.650001525878906,52.540000915527344,53.290000915527344,254900,0.0,0.0
2022-11-30 00:00:00-05:00,53.220001220703125,54.150001525878906,52.5,54.130001068115234,606000,0.0,0.0
2022-12-01 00:00:00-05:00,55.09000015258789,56.529998779296875,54.91999816894531,56.5099983215332,465000,0.0,0.0
2022-12-02 00:00:00-05:00,55.900001525878906,57.45000076293945,55.560001373291016,57.43000030517578,354100,0.0,0.0
2022-12-05 00:00:00-05:00,57.400001525878906,57.400001525878906,56.2400016784668,56.45000076293945,318200,0.0,0.0
2022-12-06 00:00:00-05:00,56.11000061035156,56.560001373291016,53.88999938964844,54.63999938964844,516600,0.0,0.0
2022-12-07 00:00:00-05:00,54.279998779296875,54.970001220703125,54.09000015258789,54.189998626708984,276900,0.0,0.0
2022-12-08 00:00:00-05:00,54.41999816894531,54.790000915527344,54.029998779296875,54.290000915527344,250100,0.0,0.0
2022-12-09 00:00:00-05:00,54.290000915527344,54.540000915527344,53.65999984741211,53.95000076293945,219400,0.0,0.0
2022-12-12 00:00:00-05:00,54.060001373291016,54.7599983215332,53.86000061035156,54.720001220703125,231100,0.0,0.0
2022-12-13 00:00:00-05:00,56.0,56.63999938964844,55.34000015258789,55.630001068115234,243800,0.0,0.0
2022-12-14 00:00:00-05:00,55.279998779296875,56.439998626708984,54.91999816894531,55.2400016784668,171600,0.0,0.0
2022-12-15 00:00:00-05:00,54.25,54.52000045776367,53.68000030517578,53.93000030517578,354000,0.0,0.0
2022-12-16 00:00:00-05:00,53.20000076293945,53.79999923706055,52.2400016784668,52.29999923706055,831600,0.0,0.0
2022-12-19 00:00:00-05:00,52.27000045776367,52.7400016784668,51.599998474121094,52.150001525878906,329700,0.0,0.0
2022-12-20 00:00:00-05:00,52.189998626708984,52.959999084472656,51.900001525878906,52.36000061035156,216300,0.0,0.0
2022-12-21 00:00:00-05:00,52.83000183105469,52.900001525878906,52.189998626708984,52.88999938964844,470700,0.0,0.0
2022-12-22 00:00:00-05:00,52.29999923706055,52.86000061035156,51.4900016784668,52.77000045776367,236800,0.0,0.0
2022-12-23 00:00:00-05:00,52.810001373291016,53.0,52.36000061035156,52.86000061035156,100200,0.0,0.0
2022-12-27 00:00:00-05:00,52.810001373291016,53.36000061035156,52.2599983215332,53.11000061035156,117400,0.0,0.0
2022-12-28 00:00:00-05:00,53.09000015258789,53.38999938964844,51.939998626708984,52.02000045776367,181500,0.0,0.0
2022-12-29 00:00:00-05:00,52.380001068115234,54.279998779296875,52.380001068115234,54.2400016784668,147700,0.0,0.0
2022-12-30 00:00:00-05:00,53.75,53.97999954223633,53.150001525878906,53.52000045776367,164900,0.0,0.0
2023-01-03 00:00:00-05:00,54.47999954223633,54.900001525878906,53.7599983215332,54.400001525878906,383500,0.0,0.0
2023-01-04 00:00:00-05:00,54.790000915527344,56.86000061035156,54.7599983215332,56.43000030517578,412700,0.0,0.0
2023-01-05 00:00:00-05:00,55.40999984741211,57.7400016784668,55.369998931884766,57.06999969482422,460900,0.0,0.0
2023-01-06 00:00:00-05:00,57.68000030517578,58.939998626708984,57.209999084472656,58.150001525878906,343900,0.0,0.0
2023-01-09 00:00:00-05:00,58.650001525878906,59.470001220703125,58.060001373291016,58.5,291900,0.0,0.0
2023-01-10 00:00:00-05:00,58.900001525878906,59.150001525878906,57.72999954223633,57.790000915527344,272800,0.0,0.0
2023-01-11 00:00:00-05:00,58.349998474121094,59.529998779296875,58.0099983215332,59.41999816894531,316000,0.0,0.0
2023-01-12 00:00:00-05:00,59.56999969482422,60.220001220703125,59.060001373291016,60.04999923706055,266400,0.0,0.0
2023-01-13 00:00:00-05:00,59.599998474121094,59.970001220703125,58.59000015258789,59.099998474121094,482200,0.0,0.0
2023-01-17 00:00:00-05:00,58.7599983215332,59.0,57.20000076293945,57.91999816894531,396700,0.0,0.0
2023-01-18 00:00:00-05:00,58.36000061035156,59.68000030517578,57.83000183105469,58.369998931884766,373400,0.0,0.0
2023-01-19 00:00:00-05:00,58.130001068115234,59.40999984741211,58.04999923706055,58.7599983215332,477600,0.0,0.0
2023-01-20 00:00:00-05:00,59.15999984741211,59.630001068115234,58.65999984741211,59.630001068115234,260200,0.0,0.0
2023-01-23 00:00:00-05:00,59.91999816894531,61.02000045776367,59.619998931884766,60.959999084472656,340100,0.0,0.0
2023-01-24 00:00:00-05:00,60.470001220703125,60.599998474121094,59.849998474121094,60.540000915527344,201500,0.0,0.0
2023-01-25 00:00:00-05:00,59.81999969482422,60.97999954223633,59.349998474121094,60.900001525878906,210500,0.0,0.0
2023-01-26 00:00:00-05:00,61.279998779296875,62.470001220703125,61.099998474121094,62.40999984741211,301500,0.0,0.0
2023-01-27 00:00:00-05:00,62.33000183105469,63.25,61.7599983215332,62.63999938964844,230100,0.0,0.0
2023-01-30 00:00:00-05:00,62.150001525878906,62.34000015258789,59.900001525878906,60.08000183105469,516800,0.0,0.0
2023-01-31 00:00:00-05:00,60.439998626708984,63.08000183105469,60.310001373291016,62.95000076293945,536300,0.0,0.0
2023-02-01 00:00:00-05:00,62.75,64.93000030517578,62.75,64.47000122070312,388800,0.0,0.0
2023-02-02 00:00:00-05:00,65.0,66.70999908447266,65.0,65.91999816894531,311200,0.0,0.0
2023-02-03 00:00:00-05:00,65.37000274658203,65.97000122070312,64.95999908447266,65.25,316400,0.0,0.0
2023-02-06 00:00:00-05:00,64.80000305175781,65.05999755859375,62.900001525878906,62.970001220703125,268600,0.0,0.0
2023-02-07 00:00:00-05:00,62.779998779296875,64.0,62.52000045776367,63.86000061035156,197700,0.0,0.0
2023-02-08 00:00:00-05:00,63.52000045776367,64.06999969482422,63.20000076293945,63.22999954223633,118000,0.0,0.0
2023-02-09 00:00:00-05:00,63.63999938964844,63.93000030517578,62.349998474121094,62.66999816894531,211800,0.0,0.0
2023-02-10 00:00:00-05:00,62.290000915527344,62.5099983215332,61.689998626708984,62.36000061035156,156800,0.0,0.0
2023-02-13 00:00:00-05:00,62.560001373291016,62.7400016784668,61.91999816894531,62.720001220703125,239900,0.0,0.0
2023-02-14 00:00:00-05:00,62.56999969482422,63.52000045776367,61.790000915527344,63.04999923706055,221300,0.0,0.0
2023-02-15 00:00:00-05:00,62.560001373291016,63.619998931884766,62.2599983215332,63.15999984741211,169700,0.0,0.0
2023-02-16 00:00:00-05:00,62.16999816894531,63.45000076293945,61.849998474121094,62.959999084472656,205100,0.0,0.0
2023-02-17 00:00:00-05:00,62.7400016784668,63.29999923706055,62.18000030517578,63.290000915527344,214100,0.0,0.0
2023-02-21 00:00:00-05:00,62.11000061035156,62.41999816894531,60.90999984741211,61.56999969482422,253700,0.0,0.0
2023-02-22 00:00:00-05:00,61.7400016784668,62.27000045776367,60.9900016784668,61.59000015258789,325900,0.0,0.0
2023-02-23 00:00:00-05:00,54.43000030517578,58.66999816894531,54.27000045776367,57.619998931884766,969700,0.0,0.0
2023-02-24 00:00:00-05:00,56.63999938964844,56.93000030517578,55.22999954223633,55.810001373291016,516100,0.0,0.0
2023-02-27 00:00:00-05:00,56.04999923706055,57.22999954223633,55.52000045776367,57.220001220703125,389000,0.0,0.0
2023-02-28 00:00:00-05:00,57.33000183105469,58.279998779296875,56.9900016784668,57.619998931884766,395800,0.0,0.0
2023-03-01 00:00:00-05:00,57.65999984741211,58.400001525878906,56.9900016784668,57.31999969482422,335900,0.0,0.0
2023-03-02 00:00:00-05:00,56.77000045776367,57.61000061035156,56.34000015258789,57.209999084472656,279100,0.0,0.0
2023-03-03 00:00:00-05:00,57.560001373291016,58.150001525878906,57.209999084472656,57.72999954223633,519400,0.0,0.0
2023-03-06 00:00:00-05:00,57.689998626708984,58.5,56.970001220703125,57.08000183105469,504200,0.0,0.0
2023-03-07 00:00:00-05:00,57.060001373291016,57.54999923706055,56.970001220703125,57.099998474121094,293000,0.0,0.0
2023-03-08 00:00:00-05:00,57.189998626708984,57.83000183105469,56.34000015258789,56.5099983215332,456900,0.0,0.0
2023-03-09 00:00:00-05:00,56.7400016784668,57.15999984741211,55.15999984741211,55.31999969482422,355800,0.0,0.0
2023-03-10 00:00:00-05:00,55.099998474121094,55.36000061035156,53.369998931884766,53.849998474121094,367500,0.0,0.0
2023-03-13 00:00:00-04:00,53.13999938964844,54.40999984741211,52.7400016784668,53.61000061035156,389800,0.0,0.0
2023-03-14 00:00:00-04:00,55.0,55.29999923706055,53.90999984741211,54.40999984741211,372600,0.0,0.0
2023-03-15 00:00:00-04:00,53.13999938964844,53.369998931884766,52.189998626708984,52.849998474121094,429800,0.0,0.0
2023-03-16 00:00:00-04:00,52.130001068115234,53.27000045776367,51.22999954223633,53.220001220703125,529600,0.0,0.0
2023-03-17 00:00:00-04:00,52.849998474121094,53.119998931884766,51.36000061035156,51.58000183105469,597700,0.0,0.0
2023-03-20 00:00:00-04:00,51.84000015258789,52.65999984741211,51.2599983215332,51.41999816894531,737400,0.0,0.0
2023-03-21 00:00:00-04:00,52.08000183105469,52.4900016784668,50.75,51.290000915527344,1676300,0.0,0.0
2023-03-22 00:00:00-04:00,51.5099983215332,51.65999984741211,50.029998779296875,50.099998474121094,1341800,0.0,0.0
2023-03-23 00:00:00-04:00,50.31999969482422,50.849998474121094,48.72999954223633,49.5,475100,0.0,0.0
2023-03-24 00:00:00-04:00,49.060001373291016,50.029998779296875,48.70000076293945,49.93000030517578,517200,0.0,0.0
2023-03-27 00:00:00-04:00,50.849998474121094,50.849998474121094,49.959999084472656,50.31999969482422,363400,0.0,0.0
2023-03-28 00:00:00-04:00,49.93000030517578,50.650001525878906,49.88999938964844,50.400001525878906,396000,0.0,0.0
2023-03-29 00:00:00-04:00,50.95000076293945,52.209999084472656,50.65999984741211,52.189998626708984,513000,0.0,0.0
2023-03-30 00:00:00-04:00,52.7400016784668,53.279998779296875,52.56999969482422,52.88999938964844,279200,0.0,0.0
2023-03-31 00:00:00-04:00,53.20000076293945,54.099998474121094,52.849998474121094,53.4900016784668,515700,0.0,0.0
2023-04-03 00:00:00-04:00,53.540000915527344,54.349998474121094,53.09000015258789,53.470001220703125,286600,0.0,0.0
2023-04-04 00:00:00-04:00,53.58000183105469,53.959999084472656,52.68000030517578,53.29999923706055,420200,0.0,0.0
2023-04-05 00:00:00-04:00,53.220001220703125,53.439998626708984,52.959999084472656,53.34000015258789,581400,0.0,0.0
2023-04-06 00:00:00-04:00,53.220001220703125,53.619998931884766,53.06999969482422,53.20000076293945,202500,0.0,0.0
2023-04-10 00:00:00-04:00,53.02000045776367,53.90999984741211,52.900001525878906,53.61000061035156,271900,0.0,0.0
2023-04-11 00:00:00-04:00,53.779998779296875,54.959999084472656,53.220001220703125,54.06999969482422,252900,0.0,0.0
2023-04-12 00:00:00-04:00,54.560001373291016,54.560001373291016,53.709999084472656,53.720001220703125,245500,0.0,0.0
2023-04-13 00:00:00-04:00,53.81999969482422,54.79999923706055,53.560001373291016,54.459999084472656,473500,0.0,0.0
2023-04-14 00:00:00-04:00,54.529998779296875,55.029998779296875,54.119998931884766,54.18000030517578,331800,0.0,0.0
2023-04-17 00:00:00-04:00,54.04999923706055,55.689998626708984,54.04999923706055,55.560001373291016,450100,0.0,0.0
2023-04-18 00:00:00-04:00,55.90999984741211,56.41999816894531,55.5,56.13999938964844,401300,0.0,0.0
2023-04-19 00:00:00-04:00,55.849998474121094,57.810001373291016,55.849998474121094,57.2599983215332,415700,0.0,0.0
2023-04-20 00:00:00-04:00,57.029998779296875,57.5099983215332,56.09000015258789,57.29999923706055,300300,0.0,0.0
2023-04-21 00:00:00-04:00,57.5099983215332,57.970001220703125,57.36000061035156,57.880001068115234,221800,0.0,0.0
2023-04-24 00:00:00-04:00,58.04999923706055,58.45000076293945,57.560001373291016,58.22999954223633,333400,0.0,0.0
2023-04-25 00:00:00-04:00,57.79999923706055,58.5,57.4900016784668,57.5099983215332,502200,0.0,0.0
2023-04-26 00:00:00-04:00,57.040000915527344,57.369998931884766,56.63999938964844,56.810001373291016,318000,0.0,0.0
2023-04-27 00:00:00-04:00,57.27000045776367,58.11000061035156,57.119998931884766,57.869998931884766,273400,0.0,0.0
2023-04-28 00:00:00-04:00,57.95000076293945,58.9900016784668,57.79999923706055,58.25,359700,0.0,0.0
2023-05-01 00:00:00-04:00,58.13999938964844,58.9900016784668,58.13999938964844,58.709999084472656,249300,0.0,0.0
2023-05-02 00:00:00-04:00,58.65999984741211,58.65999984741211,57.15999984741211,58.029998779296875,283900,0.0,0.0
2023-05-03 00:00:00-04:00,58.599998474121094,59.54999923706055,58.27000045776367,58.52000045776367,485700,0.0,0.0
2023-05-04 00:00:00-04:00,57.959999084472656,59.939998626708984,56.45000076293945,57.540000915527344,775500,0.0,0.0
2023-05-05 00:00:00-04:00,58.150001525878906,58.20000076293945,56.290000915527344,57.43000030517578,732600,0.0,0.0
2023-05-08 00:00:00-04:00,57.560001373291016,57.59000015258789,56.79999923706055,56.90999984741211,441500,0.0,0.0
2023-05-09 00:00:00-04:00,56.720001220703125,57.13999938964844,56.290000915527344,56.34000015258789,613000,0.0,0.0
2023-05-10 00:00:00-04:00,56.88999938964844,56.88999938964844,55.06999969482422,56.0,310100,0.0,0.0
2023-05-11 00:00:00-04:00,55.540000915527344,56.2400016784668,55.5,55.790000915527344,582500,0.0,0.0
2023-05-12 00:00:00-04:00,57.16999816894531,57.68000030517578,56.02000045776367,56.529998779296875,498100,0.0,0.0
2023-05-15 00:00:00-04:00,56.83000183105469,57.68000030517578,56.58000183105469,57.2599983215332,431200,0.0,0.0
2023-05-16 00:00:00-04:00,56.75,57.2599983215332,56.459999084472656,56.7599983215332,266400,0.0,0.0
2023-05-17 00:00:00-04:00,57.150001525878906,57.150001525878906,55.58000183105469,55.790000915527344,1096900,0.0,0.0
2023-05-18 00:00:00-04:00,55.77000045776367,56.11000061035156,54.900001525878906,55.08000183105469,733000,0.0,0.0
2023-05-19 00:00:00-04:00,55.70000076293945,55.9900016784668,54.689998626708984,54.810001373291016,970700,0.0,0.0
2023-05-22 00:00:00-04:00,55.099998474121094,56.65999984741211,55.099998474121094,56.650001525878906,638900,0.0,0.0
2023-05-23 00:00:00-04:00,56.2599983215332,56.400001525878906,55.099998474121094,55.130001068115234,475900,0.0,0.0
2023-05-24 00:00:00-04:00,54.630001068115234,54.630001068115234,53.560001373291016,53.810001373291016,298200,0.0,0.0
2023-05-25 00:00:00-04:00,53.56999969482422,53.56999969482422,52.66999816894531,52.70000076293945,350300,0.0,0.0
2023-05-26 00:00:00-04:00,52.88999938964844,53.25,52.41999816894531,53.25,411800,0.0,0.0
2023-05-30 00:00:00-04:00,53.25,53.720001220703125,52.84000015258789,53.0099983215332,420500,0.0,0.0
2023-05-31 00:00:00-04:00,52.790000915527344,53.13999938964844,52.06999969482422,52.72999954223633,468400,0.0,0.0
2023-06-01 00:00:00-04:00,52.560001373291016,53.880001068115234,52.369998931884766,53.790000915527344,247500,0.0,0.0
2023-06-02 00:00:00-04:00,54.16999816894531,56.27000045776367,54.16999816894531,56.2400016784668,309600,0.0,0.0
2023-06-05 00:00:00-04:00,55.779998779296875,55.939998626708984,54.849998474121094,55.38999938964844,277400,0.0,0.0
2023-06-06 00:00:00-04:00,55.25,55.68000030517578,55.0099983215332,55.43000030517578,463800,0.0,0.0
2023-06-07 00:00:00-04:00,55.63999938964844,57.209999084472656,55.470001220703125,57.15999984741211,453600,0.0,0.0
2023-06-08 00:00:00-04:00,57.15999984741211,57.61000061035156,56.880001068115234,57.4900016784668,282900,0.0,0.0
2023-06-09 00:00:00-04:00,57.5,57.5,56.63999938964844,57.279998779296875,173800,0.0,0.0
2023-06-12 00:00:00-04:00,57.15999984741211,58.130001068115234,56.88999938964844,57.88999938964844,197200,0.0,0.0
2023-06-13 00:00:00-04:00,58.380001068115234,59.029998779296875,57.88999938964844,57.9900016784668,335100,0.0,0.0
2023-06-14 00:00:00-04:00,59.7599983215332,61.45000076293945,59.08000183105469,59.18000030517578,880300,0.0,0.0
2023-06-15 00:00:00-04:00,58.75,60.630001068115234,58.75,60.529998779296875,375400,0.0,0.0
2023-06-16 00:00:00-04:00,60.150001525878906,60.68000030517578,59.900001525878906,60.16999816894531,502100,0.0,0.0
2023-06-20 00:00:00-04:00,60.060001373291016,60.20000076293945,58.95000076293945,59.970001220703125,319900,0.0,0.0
2023-06-21 00:00:00-04:00,59.86000061035156,60.40999984741211,59.43000030517578,60.36000061035156,301300,0.0,0.0
2023-06-22 00:00:00-04:00,60.5,60.720001220703125,59.689998626708984,60.31999969482422,278800,0.0,0.0
2023-06-23 00:00:00-04:00,59.849998474121094,60.15999984741211,59.36000061035156,59.86000061035156,467500,0.0,0.0
2023-06-26 00:00:00-04:00,60.790000915527344,61.54999923706055,60.43000030517578,61.5,382400,0.0,0.0
2023-06-27 00:00:00-04:00,61.290000915527344,63.7599983215332,61.09000015258789,63.560001373291016,571800,0.0,0.0
2023-06-28 00:00:00-04:00,63.619998931884766,64.48999786376953,62.709999084472656,63.11000061035156,372500,0.0,0.0
2023-06-29 00:00:00-04:00,62.86000061035156,64.30000305175781,62.86000061035156,63.810001373291016,318600,0.0,0.0
2023-06-30 00:00:00-04:00,64.5999984741211,64.9000015258789,63.33000183105469,64.12000274658203,445700,0.0,0.0
2023-07-03 00:00:00-04:00,63.540000915527344,64.06999969482422,62.880001068115234,63.209999084472656,169500,0.0,0.0
2023-07-05 00:00:00-04:00,62.779998779296875,63.220001220703125,61.880001068115234,62.52000045776367,404500,0.0,0.0
2023-07-06 00:00:00-04:00,61.7599983215332,62.349998474121094,61.369998931884766,61.91999816894531,397400,0.0,0.0
2023-07-07 00:00:00-04:00,62.209999084472656,64.48999786376953,62.099998474121094,64.27999877929688,636100,0.0,0.0
2023-07-10 00:00:00-04:00,64.3499984741211,65.61000061035156,64.22000122070312,64.37000274658203,419900,0.0,0.0
2023-07-11 00:00:00-04:00,64.63999938964844,65.08000183105469,64.08999633789062,64.94000244140625,407700,0.0,0.0
2023-07-12 00:00:00-04:00,65.69000244140625,65.80999755859375,64.87000274658203,65.54000091552734,585600,0.0,0.0
2023-07-13 00:00:00-04:00,65.54000091552734,66.0,65.19000244140625,65.45999908447266,242700,0.0,0.0
2023-07-14 00:00:00-04:00,65.5999984741211,65.5999984741211,64.6500015258789,65.23999786376953,215200,0.0,0.0
2023-07-17 00:00:00-04:00,65.2300033569336,65.56999969482422,64.58000183105469,64.98999786376953,236100,0.0,0.0
2023-07-18 00:00:00-04:00,65.29000091552734,66.06999969482422,64.6500015258789,65.2699966430664,161000,0.0,0.0
2023-07-19 00:00:00-04:00,65.5999984741211,65.62999725341797,64.37999725341797,65.18000030517578,202500,0.0,0.0
2023-07-20 00:00:00-04:00,65.31999969482422,65.98999786376953,64.7300033569336,65.5,188400,0.0,0.0
2023-07-21 00:00:00-04:00,65.6500015258789,66.13999938964844,65.0999984741211,65.20999908447266,266300,0.0,0.0
2023-07-24 00:00:00-04:00,65.12000274658203,65.87999725341797,63.970001220703125,64.05000305175781,317100,0.0,0.0
2023-07-25 00:00:00-04:00,64.0,64.58000183105469,63.630001068115234,63.90999984741211,295200,0.0,0.0
2023-07-26 00:00:00-04:00,63.599998474121094,65.0,63.599998474121094,64.98999786376953,307300,0.0,0.0
2023-07-27 00:00:00-04:00,65.16000366210938,65.52999877929688,63.810001373291016,63.970001220703125,222400,0.0,0.0
2023-07-28 00:00:00-04:00,64.6500015258789,64.83000183105469,63.09000015258789,63.2599983215332,322500,0.0,0.0
2023-07-31 00:00:00-04:00,63.63999938964844,64.06999969482422,63.04999923706055,63.900001525878906,327300,0.0,0.0
2023-08-01 00:00:00-04:00,63.5,63.91999816894531,62.880001068115234,63.72999954223633,235700,0.0,0.0
2023-08-02 00:00:00-04:00,63.470001220703125,63.54999923706055,62.11000061035156,62.810001373291016,392700,0.0,0.0
2023-08-03 00:00:00-04:00,62.58000183105469,63.369998931884766,58.939998626708984,58.959999084472656,950000,0.0,0.0
2023-08-04 00:00:00-04:00,59.91999816894531,60.38999938964844,58.560001373291016,59.22999954223633,324100,0.0,0.0
2023-08-07 00:00:00-04:00,59.18000030517578,59.79999923706055,58.790000915527344,59.029998779296875,399400,0.0,0.0
2023-08-08 00:00:00-04:00,58.34000015258789,58.34000015258789,57.2400016784668,57.720001220703125,447200,0.0,0.0
2023-08-09 00:00:00-04:00,57.77000045776367,57.90999984741211,56.470001220703125,56.56999969482422,699900,0.0,0.0
2023-08-10 00:00:00-04:00,56.93000030517578,57.02000045776367,55.7599983215332,55.81999969482422,484200,0.0,0.0
2023-08-11 00:00:00-04:00,55.41999816894531,56.459999084472656,55.310001373291016,56.38999938964844,278200,0.0,0.0
2023-08-14 00:00:00-04:00,56.470001220703125,56.56999969482422,55.59000015258789,56.5,369300,0.0,0.0
2023-08-15 00:00:00-04:00,56.029998779296875,56.439998626708984,55.77000045776367,56.2599983215332,414600,0.0,0.0
2023-08-16 00:00:00-04:00,55.9900016784668,56.5,55.290000915527344,55.29999923706055,382900,0.0,0.0
2023-08-17 00:00:00-04:00,55.38999938964844,55.75,54.939998626708984,54.959999084472656,300000,0.0,0.0
2023-08-18 00:00:00-04:00,54.83000183105469,55.56999969482422,54.83000183105469,55.02000045776367,250600,0.0,0.0
2023-08-21 00:00:00-04:00,55.279998779296875,56.04999923706055,54.869998931884766,56.0,350100,0.0,0.0
2023-08-22 00:00:00-04:00,56.04999923706055,56.13999938964844,55.40999984741211,55.880001068115234,337700,0.0,0.0
2023-08-23 00:00:00-04:00,55.93000030517578,56.189998626708984,55.70000076293945,55.77000045776367,214500,0.0,0.0
2023-08-24 00:00:00-04:00,55.400001525878906,56.04999923706055,54.97999954223633,55.04999923706055,315500,0.0,0.0
2023-08-25 00:00:00-04:00,55.150001525878906,56.5099983215332,54.93000030517578,56.06999969482422,295300,0.0,0.0
2023-08-28 00:00:00-04:00,56.5,56.5,55.349998474121094,55.939998626708984,379500,0.0,0.0
2023-08-29 00:00:00-04:00,56.189998626708984,56.470001220703125,55.88999938964844,56.459999084472656,191400,0.0,0.0
2023-08-30 00:00:00-04:00,56.2400016784668,56.650001525878906,56.119998931884766,56.2400016784668,255900,0.0,0.0
2023-08-31 00:00:00-04:00,56.290000915527344,56.65999984741211,55.93000030517578,56.040000915527344,389200,0.0,0.0
2023-09-01 00:00:00-04:00,56.58000183105469,57.040000915527344,56.27000045776367,56.5,394900,0.0,0.0
2023-09-05 00:00:00-04:00,56.310001373291016,56.310001373291016,54.9900016784668,55.040000915527344,282200,0.0,0.0
2023-09-06 00:00:00-04:00,55.02000045776367,55.45000076293945,54.47999954223633,54.630001068115234,298100,0.0,0.0
2023-09-07 00:00:00-04:00,54.47999954223633,55.29999923706055,53.060001373291016,53.459999084472656,612400,0.0,0.0
2023-09-08 00:00:00-04:00,53.56999969482422,54.279998779296875,53.349998474121094,54.040000915527344,270600,0.0,0.0
2023-09-11 00:00:00-04:00,54.40999984741211,54.93000030517578,54.33000183105469,54.66999816894531,212900,0.0,0.0
2023-09-12 00:00:00-04:00,54.540000915527344,55.060001373291016,54.11000061035156,54.61000061035156,329200,0.0,0.0
2023-09-13 00:00:00-04:00,54.56999969482422,54.68000030517578,53.38999938964844,53.41999816894531,401000,0.0,0.0
2023-09-14 00:00:00-04:00,53.849998474121094,54.29999923706055,53.2599983215332,53.59000015258789,271000,0.0,0.0
2023-09-15 00:00:00-04:00,53.459999084472656,53.7400016784668,52.869998931884766,53.25,868100,0.0,0.0
2023-09-18 00:00:00-04:00,53.720001220703125,53.81999969482422,53.0,53.5099983215332,183700,0.0,0.0
2023-09-19 00:00:00-04:00,53.650001525878906,54.52000045776367,53.54999923706055,54.209999084472656,292000,0.0,0.0
2023-09-20 00:00:00-04:00,54.61000061035156,55.18000030517578,52.88999938964844,52.93000030517578,299600,0.0,0.0
2023-09-21 00:00:00-04:00,52.61000061035156,52.65999984741211,51.72999954223633,51.880001068115234,351500,0.0,0.0
2023-09-22 00:00:00-04:00,51.880001068115234,52.290000915527344,51.5099983215332,51.650001525878906,234200,0.0,0.0
2023-09-25 00:00:00-04:00,51.84000015258789,54.189998626708984,51.06999969482422,54.15999984741211,440700,0.0,0.0
2023-09-26 00:00:00-04:00,53.529998779296875,54.13999938964844,52.869998931884766,52.880001068115234,601400,0.0,0.0
2023-09-27 00:00:00-04:00,53.06999969482422,53.16999816894531,51.529998779296875,52.43000030517578,954100,0.0,0.0
2023-09-28 00:00:00-04:00,52.66999816894531,53.58000183105469,52.59000015258789,52.720001220703125,272000,0.0,0.0
2023-09-29 00:00:00-04:00,53.06999969482422,53.4900016784668,52.630001068115234,52.72999954223633,401100,0.0,0.0
2023-10-02 00:00:00-04:00,52.630001068115234,52.66999816894531,50.93000030517578,51.15999984741211,358300,0.0,0.0
2023-10-03 00:00:00-04:00,50.779998779296875,50.970001220703125,50.119998931884766,50.290000915527344,396400,0.0,0.0
2023-10-04 00:00:00-04:00,50.29999923706055,50.29999923706055,49.31999969482422,50.220001220703125,472700,0.0,0.0
2023-10-05 00:00:00-04:00,50.209999084472656,50.689998626708984,49.290000915527344,50.38999938964844,486600,0.0,0.0
2023-10-06 00:00:00-04:00,49.72999954223633,50.5,49.66999816894531,49.880001068115234,253600,0.0,0.0
2023-10-09 00:00:00-04:00,49.5099983215332,49.560001373291016,48.7599983215332,49.36000061035156,235900,0.0,0.0
2023-10-10 00:00:00-04:00,49.720001220703125,50.720001220703125,49.119998931884766,50.27000045776367,228000,0.0,0.0
2023-10-11 00:00:00-04:00,50.08000183105469,50.08000183105469,48.630001068115234,49.33000183105469,303000,0.0,0.0
2023-10-12 00:00:00-04:00,49.58000183105469,50.0,47.86000061035156,47.88999938964844,280800,0.0,0.0
2023-10-13 00:00:00-04:00,47.880001068115234,48.470001220703125,47.119998931884766,47.790000915527344,314300,0.0,0.0
2023-10-16 00:00:00-04:00,48.349998474121094,49.130001068115234,48.150001525878906,48.59000015258789,332100,0.0,0.0
2023-10-17 00:00:00-04:00,48.15999984741211,50.0099983215332,48.15999984741211,49.470001220703125,291700,0.0,0.0
2023-10-18 00:00:00-04:00,48.810001373291016,49.540000915527344,48.470001220703125,48.4900016784668,242200,0.0,0.0
2023-10-19 00:00:00-04:00,44.0,45.619998931884766,43.31999969482422,44.86000061035156,3773600,0.0,0.0
2023-10-20 00:00:00-04:00,44.58000183105469,45.279998779296875,44.15999984741211,44.470001220703125,4451600,0.0,0.0
2023-10-23 00:00:00-04:00,44.599998474121094,45.880001068115234,44.36000061035156,45.529998779296875,1057800,0.0,0.0
2023-10-24 00:00:00-04:00,45.70000076293945,46.209999084472656,45.439998626708984,45.7400016784668,625700,0.0,0.0
2023-10-25 00:00:00-04:00,45.369998931884766,45.650001525878906,44.130001068115234,44.16999816894531,437600,0.0,0.0
2023-10-26 00:00:00-04:00,44.11000061035156,44.209999084472656,43.040000915527344,43.66999816894531,1061300,0.0,0.0
2023-10-27 00:00:00-04:00,43.95000076293945,44.88999938964844,43.11000061035156,44.65999984741211,836500,0.0,0.0
2023-10-30 00:00:00-04:00,45.36000061035156,45.369998931884766,44.43000030517578,44.959999084472656,516600,0.0,0.0
2023-10-31 00:00:00-04:00,45.41999816894531,46.18000030517578,45.41999816894531,45.900001525878906,621700,0.0,0.0
2023-11-01 00:00:00-04:00,45.459999084472656,45.84000015258789,44.16999816894531,45.029998779296875,838400,0.0,0.0
2023-11-02 00:00:00-04:00,45.869998931884766,46.400001525878906,45.59000015258789,46.06999969482422,802900,0.0,0.0
2023-11-03 00:00:00-04:00,46.70000076293945,47.310001373291016,46.41999816894531,47.02000045776367,384400,0.0,0.0
2023-11-06 00:00:00-05:00,47.0099983215332,47.029998779296875,45.869998931884766,46.36000061035156,634200,0.0,0.0
2023-11-07 00:00:00-05:00,47.529998779296875,49.560001373291016,46.849998474121094,48.33000183105469,1261100,0.0,0.0
2023-11-08 00:00:00-05:00,48.52000045776367,48.959999084472656,48.029998779296875,48.220001220703125,591400,0.0,0.0
2023-11-09 00:00:00-05:00,48.5,49.099998474121094,47.06999969482422,47.31999969482422,647700,0.0,0.0
2023-11-10 00:00:00-05:00,47.439998626708984,47.93000030517578,47.06999969482422,47.86000061035156,449000,0.0,0.0
2023-11-13 00:00:00-05:00,48.060001373291016,49.060001373291016,47.939998626708984,48.209999084472656,1305600,0.0,0.0
2023-11-14 00:00:00-05:00,49.5099983215332,50.650001525878906,49.18000030517578,50.25,1579400,0.0,0.0
2023-11-15 00:00:00-05:00,50.20000076293945,51.02000045776367,50.060001373291016,50.720001220703125,1209600,0.0,0.0
2023-11-16 00:00:00-05:00,50.849998474121094,51.38999938964844,50.369998931884766,50.849998474121094,1167900,0.0,0.0
2023-11-17 00:00:00-05:00,51.72999954223633,51.939998626708984,50.529998779296875,51.220001220703125,1240900,0.0,0.0
2023-11-20 00:00:00-05:00,51.16999816894531,51.709999084472656,50.43000030517578,51.060001373291016,1286200,0.0,0.0
2023-11-21 00:00:00-05:00,50.83000183105469,51.16999816894531,50.54999923706055,50.630001068115234,442300,0.0,0.0
2023-11-22 00:00:00-05:00,51.029998779296875,51.400001525878906,50.65999984741211,50.77000045776367,185200,0.0,0.0
2023-11-24 00:00:00-05:00,50.900001525878906,51.2400016784668,50.81999969482422,51.09000015258789,118300,0.0,0.0
2023-11-27 00:00:00-05:00,50.66999816894531,51.09000015258789,50.2400016784668,50.52000045776367,550700,0.0,0.0
2023-11-28 00:00:00-05:00,50.400001525878906,50.40999984741211,49.77000045776367,49.77000045776367,358900,0.0,0.0
2023-11-29 00:00:00-05:00,49.959999084472656,50.459999084472656,49.41999816894531,49.560001373291016,492600,0.0,0.0
2023-11-30 00:00:00-05:00,49.68000030517578,49.869998931884766,48.84000015258789,49.459999084472656,797700,0.0,0.0
2023-12-01 00:00:00-05:00,49.2400016784668,50.97999954223633,49.22999954223633,50.970001220703125,355000,0.0,0.0
2023-12-04 00:00:00-05:00,50.540000915527344,51.41999816894531,50.400001525878906,51.220001220703125,396500,0.0,0.0
2023-12-05 00:00:00-05:00,50.20000076293945,50.470001220703125,48.720001220703125,48.720001220703125,688100,0.0,0.0
2023-12-06 00:00:00-05:00,49.09000015258789,49.93000030517578,48.9900016784668,49.599998474121094,381300,0.0,0.0
2023-12-07 00:00:00-05:00,49.970001220703125,50.5,49.459999084472656,50.459999084472656,347200,0.0,0.0
2023-12-08 00:00:00-05:00,50.279998779296875,50.47999954223633,49.439998626708984,49.529998779296875,493900,0.0,0.0
2023-12-11 00:00:00-05:00,49.29999923706055,49.880001068115234,49.22999954223633,49.45000076293945,441100,0.0,0.0
2023-12-12 00:00:00-05:00,49.41999816894531,49.599998474121094,48.630001068115234,49.290000915527344,380100,0.0,0.0
2023-12-13 00:00:00-05:00,49.25,52.16999816894531,49.20000076293945,52.119998931884766,732300,0.0,0.0
2023-12-14 00:00:00-05:00,53.0,54.779998779296875,53.0,53.70000076293945,785500,0.0,0.0
2023-12-15 00:00:00-05:00,54.34000015258789,54.77000045776367,53.310001373291016,53.619998931884766,1155700,0.0,0.0
2023-12-18 00:00:00-05:00,53.880001068115234,54.04999923706055,53.150001525878906,54.04999923706055,875700,0.0,0.0
2023-12-19 00:00:00-05:00,54.58000183105469,55.61000061035156,54.290000915527344,55.45000076293945,785900,0.0,0.0
2023-12-20 00:00:00-05:00,55.900001525878906,56.31999969482422,54.90999984741211,54.959999084472656,465500,0.0,0.0
2023-12-21 00:00:00-05:00,55.45000076293945,56.58000183105469,55.18000030517578,56.56999969482422,555900,0.0,0.0
2023-12-22 00:00:00-05:00,56.7599983215332,57.349998474121094,56.72999954223633,57.06999969482422,438100,0.0,0.0
2023-12-26 00:00:00-05:00,57.18000030517578,57.43000030517578,56.810001373291016,56.86000061035156,638600,0.0,0.0
2023-12-27 00:00:00-05:00,56.83000183105469,57.0099983215332,56.150001525878906,56.619998931884766,298100,0.0,0.0
2023-12-28 00:00:00-05:00,56.310001373291016,56.86000061035156,55.95000076293945,56.52000045776367,318400,0.0,0.0
2023-12-29 00:00:00-05:00,56.34000015258789,56.7599983215332,55.849998474121094,56.02000045776367,826500,0.0,0.0
2024-01-02 00:00:00-05:00,55.61000061035156,56.08000183105469,55.2599983215332,55.439998626708984,589300,0.0,0.0
2024-01-03 00:00:00-05:00,54.79999923706055,55.970001220703125,54.33000183105469,55.529998779296875,902400,0.0,0.0
2024-01-04 00:00:00-05:00,55.43000030517578,55.810001373291016,54.689998626708984,55.47999954223633,617800,0.0,0.0
2024-01-05 00:00:00-05:00,55.040000915527344,56.5,55.040000915527344,56.209999084472656,699400,0.0,0.0
2024-01-08 00:00:00-05:00,56.880001068115234,57.720001220703125,56.439998626708984,57.33000183105469,481600,0.0,0.0
2024-01-09 00:00:00-05:00,56.630001068115234,58.220001220703125,56.119998931884766,57.959999084472656,532700,0.0,0.0
2024-01-10 00:00:00-05:00,57.900001525878906,58.540000915527344,57.54999923706055,58.43000030517578,1281800,0.0,0.0
2024-01-11 00:00:00-05:00,58.130001068115234,58.40999984741211,57.540000915527344,58.130001068115234,351400,0.0,0.0
2024-01-12 00:00:00-05:00,58.79999923706055,59.099998474121094,57.68000030517578,57.880001068115234,427100,0.0,0.0
2024-01-16 00:00:00-05:00,57.31999969482422,58.209999084472656,56.599998474121094,58.16999816894531,443600,0.0,0.0
2024-01-17 00:00:00-05:00,57.34000015258789,58.060001373291016,56.83000183105469,57.58000183105469,319200,0.0,0.0
2024-01-18 00:00:00-05:00,58.0099983215332,58.83000183105469,57.540000915527344,58.4900016784668,384800,0.0,0.0
2024-01-19 00:00:00-05:00,58.63999938964844,59.90999984741211,57.75,59.84000015258789,506500,0.0,0.0
2024-01-22 00:00:00-05:00,60.7599983215332,61.02000045776367,60.189998626708984,60.209999084472656,514700,0.0,0.0
2024-01-23 00:00:00-05:00,60.810001373291016,60.810001373291016,59.540000915527344,59.650001525878906,241900,0.0,0.0
2024-01-24 00:00:00-05:00,60.13999938964844,60.13999938964844,58.619998931884766,58.709999084472656,246200,0.0,0.0
2024-01-25 00:00:00-05:00,59.560001373291016,59.93000030517578,58.650001525878906,59.56999969482422,275200,0.0,0.0
2024-01-26 00:00:00-05:00,59.869998931884766,60.119998931884766,59.650001525878906,59.79999923706055,457600,0.0,0.0
2024-01-29 00:00:00-05:00,59.59000015258789,61.08000183105469,59.400001525878906,61.040000915527344,399500,0.0,0.0
2024-01-30 00:00:00-05:00,60.779998779296875,61.0,59.720001220703125,59.72999954223633,319300,0.0,0.0
2024-01-31 00:00:00-05:00,59.90999984741211,60.119998931884766,58.38999938964844,58.70000076293945,556200,0.0,0.0
2024-02-01 00:00:00-05:00,58.810001373291016,59.650001525878906,58.0,59.61000061035156,280400,0.0,0.0
2024-02-02 00:00:00-05:00,58.95000076293945,60.02000045776367,58.81999969482422,59.70000076293945,445000,0.0,0.0
2024-02-05 00:00:00-05:00,59.15999984741211,59.380001068115234,58.689998626708984,58.709999084472656,213300,0.0,0.0
2024-02-06 00:00:00-05:00,58.61000061035156,59.560001373291016,58.59000015258789,59.029998779296875,338800,0.0,0.0
2024-02-07 00:00:00-05:00,59.369998931884766,59.95000076293945,58.72999954223633,59.79999923706055,276200,0.0,0.0
2024-02-08 00:00:00-05:00,59.45000076293945,60.630001068115234,59.400001525878906,60.529998779296875,372900,0.0,0.0
2024-02-09 00:00:00-05:00,60.59000015258789,60.7599983215332,59.83000183105469,60.31999969482422,320300,0.0,0.0
2024-02-12 00:00:00-05:00,60.310001373291016,61.150001525878906,60.2400016784668,60.650001525878906,261200,0.0,0.0
2024-02-13 00:00:00-05:00,59.47999954223633,60.61000061035156,59.0,59.7599983215332,412000,0.0,0.0
2024-02-14 00:00:00-05:00,60.279998779296875,60.439998626708984,59.040000915527344,59.16999816894531,832800,0.0,0.0
2024-02-15 00:00:00-05:00,59.41999816894531,60.27000045776367,59.119998931884766,59.7400016784668,304400,0.0,0.0
2024-02-16 00:00:00-05:00,59.22999954223633,60.36000061035156,59.150001525878906,59.290000915527344,409800,0.0,0.0
2024-02-20 00:00:00-05:00,58.959999084472656,59.7400016784668,58.439998626708984,59.58000183105469,452600,0.0,0.0
2024-02-21 00:00:00-05:00,59.310001373291016,60.369998931884766,58.88999938964844,60.27000045776367,569900,0.0,0.0
2024-02-22 00:00:00-05:00,64.68000030517578,65.02999877929688,60.86000061035156,63.79999923706055,1436900,0.0,0.0
2024-02-23 00:00:00-05:00,63.380001068115234,63.7599983215332,62.08000183105469,62.849998474121094,637800,0.0,0.0
2024-02-26 00:00:00-05:00,62.22999954223633,62.65999984741211,61.04999923706055,61.560001373291016,529400,0.0,0.0
2024-02-27 00:00:00-05:00,61.95000076293945,62.08000183105469,60.90999984741211,61.45000076293945,589500,0.0,0.0
2024-02-28 00:00:00-05:00,61.0,61.58000183105469,60.77000045776367,60.77000045776367,312100,0.0,0.0
2024-02-29 00:00:00-05:00,61.189998626708984,61.189998626708984,59.560001373291016,59.810001373291016,475900,0.0,0.0
2024-03-01 00:00:00-05:00,59.5099983215332,60.81999969482422,59.33000183105469,60.380001068115234,367000,0.0,0.0
2024-03-04 00:00:00-05:00,60.380001068115234,62.099998474121094,60.060001373291016,62.040000915527344,633900,0.0,0.0
2024-03-05 00:00:00-05:00,61.900001525878906,62.15999984741211,61.38999938964844,61.84000015258789,589400,0.0,0.0
2024-03-06 00:00:00-05:00,62.04999923706055,63.689998626708984,61.72999954223633,63.27000045776367,689600,0.0,0.0
2024-03-07 00:00:00-05:00,63.58000183105469,63.959999084472656,62.439998626708984,62.470001220703125,365600,0.0,0.0
2024-03-08 00:00:00-05:00,62.650001525878906,63.52000045776367,61.689998626708984,61.9900016784668,285400,0.0,0.0
2024-03-11 00:00:00-04:00,61.88999938964844,62.279998779296875,61.43000030517578,61.689998626708984,250500,0.0,0.0
2024-03-12 00:00:00-04:00,61.40999984741211,61.79999923706055,60.79999923706055,61.5099983215332,246400,0.0,0.0
2024-03-13 00:00:00-04:00,61.400001525878906,61.90999984741211,60.95000076293945,61.25,405200,0.0,0.0
2024-03-14 00:00:00-04:00,61.25,61.31999969482422,59.689998626708984,59.93000030517578,259200,0.0,0.0
2024-03-15 00:00:00-04:00,59.43000030517578,60.349998474121094,59.18000030517578,59.400001525878906,638700,0.0,0.0
2024-03-18 00:00:00-04:00,59.79999923706055,60.040000915527344,58.70000076293945,58.7400016784668,400700,0.0,0.0
2024-03-19 00:00:00-04:00,58.84000015258789,60.130001068115234,58.689998626708984,59.47999954223633,482700,0.0,0.0
2024-03-20 00:00:00-04:00,59.119998931884766,60.04999923706055,59.040000915527344,59.900001525878906,247100,0.0,0.0
2024-03-21 00:00:00-04:00,60.060001373291016,60.97999954223633,60.060001373291016,60.25,264000,0.0,0.0
2024-03-22 00:00:00-04:00,60.11000061035156,60.33000183105469,59.72999954223633,60.209999084472656,243600,0.0,0.0
2024-03-25 00:00:00-04:00,60.41999816894531,61.2400016784668,60.16999816894531,60.279998779296875,387200,0.0,0.0
2024-03-26 00:00:00-04:00,60.58000183105469,60.66999816894531,60.09000015258789,60.279998779296875,257500,0.0,0.0
2024-03-27 00:00:00-04:00,61.04999923706055,62.5,60.77000045776367,62.459999084472656,322700,0.0,0.0
2024-03-28 00:00:00-04:00,62.04999923706055,62.630001068115234,61.95000076293945,62.45000076293945,351500,0.0,0.0
2024-04-01 00:00:00-04:00,62.40999984741211,62.65999984741211,61.130001068115234,61.43000030517578,418600,0.0,0.0
2024-04-02 00:00:00-04:00,60.88999938964844,61.04999923706055,59.9900016784668,60.31999969482422,316600,0.0,0.0
2024-04-03 00:00:00-04:00,59.779998779296875,60.58000183105469,59.279998779296875,59.34000015258789,491100,0.0,0.0
2024-04-04 00:00:00-04:00,59.84000015258789,60.790000915527344,59.38999938964844,59.709999084472656,618500,0.0,0.0
2024-04-05 00:00:00-04:00,59.650001525878906,60.959999084472656,59.470001220703125,60.63999938964844,340400,0.0,0.0
2024-04-08 00:00:00-04:00,61.0099983215332,61.95000076293945,60.29999923706055,61.68000030517578,470700,0.0,0.0
2024-04-09 00:00:00-04:00,61.7400016784668,62.790000915527344,61.56999969482422,62.43000030517578,473500,0.0,0.0
2024-04-10 00:00:00-04:00,61.790000915527344,61.91999816894531,59.7400016784668,59.95000076293945,433900,0.0,0.0
2024-04-11 00:00:00-04:00,60.11000061035156,60.61000061035156,59.29999923706055,59.790000915527344,335200,0.0,0.0
2024-04-12 00:00:00-04:00,59.279998779296875,59.630001068115234,58.099998474121094,58.54999923706055,342700,0.0,0.0
2024-04-15 00:00:00-04:00,59.119998931884766,59.119998931884766,56.4900016784668,56.810001373291016,578900,0.0,0.0
2024-04-16 00:00:00-04:00,56.58000183105469,56.91999816894531,55.5,56.5,422600,0.0,0.0
2024-04-17 00:00:00-04:00,56.7599983215332,57.08000183105469,55.970001220703125,56.2400016784668,443600,0.0,0.0
2024-04-18 00:00:00-04:00,56.20000076293945,56.439998626708984,54.86000061035156,55.27000045776367,482900,0.0,0.0
2024-04-19 00:00:00-04:00,55.38999938964844,55.97999954223633,54.959999084472656,55.83000183105469,640900,0.0,0.0
2024-04-22 00:00:00-04:00,56.689998626708984,56.88999938964844,55.33000183105469,55.5099983215332,933500,0.0,0.0
2024-04-23 00:00:00-04:00,55.41999816894531,56.16999816894531,55.2400016784668,55.470001220703125,475700,0.0,0.0
2024-04-24 00:00:00-04:00,55.439998626708984,56.2400016784668,55.13999938964844,56.16999816894531,324100,0.0,0.0
2024-04-25 00:00:00-04:00,55.599998474121094,55.93000030517578,54.689998626708984,55.099998474121094,351300,0.0,0.0
2024-04-26 00:00:00-04:00,55.04999923706055,55.529998779296875,54.81999969482422,55.2599983215332,304200,0.0,0.0
2024-04-29 00:00:00-04:00,55.459999084472656,56.36000061035156,55.459999084472656,55.900001525878906,382900,0.0,0.0
2024-04-30 00:00:00-04:00,55.439998626708984,55.959999084472656,55.220001220703125,55.22999954223633,451300,0.0,0.0
2024-05-01 00:00:00-04:00,55.25,56.43000030517578,54.470001220703125,55.400001525878906,567100,0.0,0.0
2024-05-02 00:00:00-04:00,53.459999084472656,53.90999984741211,50.91999816894531,52.130001068115234,1664200,0.0,0.0
2024-05-03 00:00:00-04:00,52.369998931884766,53.0099983215332,51.0,51.27000045776367,1147500,0.0,0.0
2024-05-06 00:00:00-04:00,51.959999084472656,52.099998474121094,50.90999984741211,50.91999816894531,661000,0.0,0.0
2024-05-07 00:00:00-04:00,50.93000030517578,52.650001525878906,50.72999954223633,52.2400016784668,830900,0.0,0.0
2024-05-08 00:00:00-04:00,51.959999084472656,52.34000015258789,50.54999923706055,50.66999816894531,788900,0.0,0.0
2024-05-09 00:00:00-04:00,50.77000045776367,51.04999923706055,50.439998626708984,51.04999923706055,637100,0.0,0.0
2024-05-10 00:00:00-04:00,51.06999969482422,51.56999969482422,50.4900016784668,51.06999969482422,565000,0.0,0.0
2024-05-13 00:00:00-04:00,51.400001525878906,51.81999969482422,50.900001525878906,51.709999084472656,637000,0.0,0.0
2024-05-14 00:00:00-04:00,52.150001525878906,53.380001068115234,51.790000915527344,52.5,741200,0.0,0.0
2024-05-15 00:00:00-04:00,53.09000015258789,53.84000015258789,52.45000076293945,52.63999938964844,657600,0.0,0.0
2024-05-16 00:00:00-04:00,52.88999938964844,53.310001373291016,52.060001373291016,52.20000076293945,339100,0.0,0.0
2024-05-17 00:00:00-04:00,52.2400016784668,52.540000915527344,51.650001525878906,52.40999984741211,335800,0.0,0.0
2024-05-20 00:00:00-04:00,52.310001373291016,52.7599983215332,51.11000061035156,51.150001525878906,460100,0.0,0.0
2024-05-21 00:00:00-04:00,51.060001373291016,51.310001373291016,50.369998931884766,50.38999938964844,347900,0.0,0.0
2024-05-22 00:00:00-04:00,50.25,51.060001373291016,50.04999923706055,51.040000915527344,378100,0.0,0.0
2024-05-23 00:00:00-04:00,50.650001525878906,51.099998474121094,49.90999984741211,50.029998779296875,420800,0.0,0.0
2024-05-24 00:00:00-04:00,49.86000061035156,50.52000045776367,49.66999816894531,50.2400016784668,519000,0.0,0.0
2024-05-28 00:00:00-04:00,50.33000183105469,50.47999954223633,49.619998931884766,49.720001220703125,201000,0.0,0.0
2024-05-29 00:00:00-04:00,49.09000015258789,49.900001525878906,48.900001525878906,49.459999084472656,595700,0.0,0.0
2024-05-30 00:00:00-04:00,49.380001068115234,50.27000045776367,49.380001068115234,49.779998779296875,443900,0.0,0.0
2024-05-31 00:00:00-04:00,50.119998931884766,50.439998626708984,49.79999923706055,50.27000045776367,715800,0.0,0.0
2024-06-03 00:00:00-04:00,51.0,51.0,48.939998626708984,49.15999984741211,484400,0.0,0.0
2024-06-04 00:00:00-04:00,48.63999938964844,48.77000045776367,46.91999816894531,47.470001220703125,934400,0.0,0.0
2024-06-05 00:00:00-04:00,47.45000076293945,48.459999084472656,46.470001220703125,48.08000183105469,634000,0.0,0.0
2024-06-06 00:00:00-04:00,48.0,48.209999084472656,47.150001525878906,47.88999938964844,554600,0.0,0.0
2024-06-07 00:00:00-04:00,47.599998474121094,48.06999969482422,46.0,46.349998474121094,416400,0.0,0.0
2024-06-10 00:00:00-04:00,45.599998474121094,45.689998626708984,45.0099983215332,45.15999984741211,752300,0.0,0.0
2024-06-11 00:00:00-04:00,45.0,45.20000076293945,44.529998779296875,44.72999954223633,711500,0.0,0.0
2024-06-12 00:00:00-04:00,45.45000076293945,46.38999938964844,44.66999816894531,45.150001525878906,525900,0.0,0.0
2024-06-13 00:00:00-04:00,44.52000045776367,45.209999084472656,44.06999969482422,44.90999984741211,771400,0.0,0.0
2024-06-14 00:00:00-04:00,44.5,44.869998931884766,43.79999923706055,44.84000015258789,684700,0.0,0.0
2024-06-17 00:00:00-04:00,44.70000076293945,45.040000915527344,44.45000076293945,45.0,733800,0.0,0.0
2024-06-18 00:00:00-04:00,45.0,45.130001068115234,44.439998626708984,44.61000061035156,702500,0.0,0.0
2024-06-20 00:00:00-04:00,44.5099983215332,44.709999084472656,44.18000030517578,44.560001373291016,529500,0.0,0.0
2024-06-21 00:00:00-04:00,44.599998474121094,45.2400016784668,44.45000076293945,45.09000015258789,884900,0.0,0.0
2024-06-24 00:00:00-04:00,45.220001220703125,45.810001373291016,44.9900016784668,45.02000045776367,642600,0.0,0.0
2024-06-25 00:00:00-04:00,44.810001373291016,45.04999923706055,44.43000030517578,45.0,878000,0.0,0.0
2024-06-26 00:00:00-04:00,45.0,45.20000076293945,44.75,45.08000183105469,633800,0.0,0.0
2024-06-27 00:00:00-04:00,45.220001220703125,45.349998474121094,44.720001220703125,44.90999984741211,402800,0.0,0.0
2024-06-28 00:00:00-04:00,44.95000076293945,45.22999954223633,44.68000030517578,45.20000076293945,916500,0.0,0.0
2024-07-01 00:00:00-04:00,45.2400016784668,46.11000061035156,44.0,44.349998474121094,683000,0.0,0.0
2024-07-02 00:00:00-04:00,44.349998474121094,44.900001525878906,43.7599983215332,44.709999084472656,572100,0.0,0.0
2024-07-03 00:00:00-04:00,44.959999084472656,44.959999084472656,44.38999938964844,44.439998626708984,540900,0.0,0.0
2024-07-05 00:00:00-04:00,44.61000061035156,44.849998474121094,43.77000045776367,44.84000015258789,530700,0.0,0.0
2024-07-08 00:00:00-04:00,44.72999954223633,45.060001373291016,44.189998626708984,44.369998931884766,640000,0.0,0.0
2024-07-09 00:00:00-04:00,44.279998779296875,44.279998779296875,43.43000030517578,43.75,438700,0.0,0.0
2024-07-10 00:00:00-04:00,43.72999954223633,43.86000061035156,43.29999923706055,43.790000915527344,384700,0.0,0.0
2024-07-11 00:00:00-04:00,44.290000915527344,45.70000076293945,44.13999938964844,45.68000030517578,502900,0.0,0.0
2024-07-12 00:00:00-04:00,45.869998931884766,46.45000076293945,45.650001525878906,46.029998779296875,573300,0.0,0.0
2024-07-15 00:00:00-04:00,46.130001068115234,46.33000183105469,44.72999954223633,44.7400016784668,742100,0.0,0.0
2024-07-16 00:00:00-04:00,44.849998474121094,46.619998931884766,44.439998626708984,46.380001068115234,1252900,0.0,0.0
2024-07-17 00:00:00-04:00,46.54999923706055,47.77000045776367,46.22999954223633,47.38999938964844,1075500,0.0,0.0
2024-07-18 00:00:00-04:00,47.02000045776367,48.220001220703125,46.56999969482422,46.91999816894531,682200,0.0,0.0
2024-07-19 00:00:00-04:00,47.0,47.0,45.869998931884766,46.709999084472656,643300,0.0,0.0
2024-07-22 00:00:00-04:00,46.91999816894531,46.970001220703125,45.68000030517578,45.79999923706055,509700,0.0,0.0
2024-07-23 00:00:00-04:00,45.65999984741211,46.2599983215332,45.369998931884766,46.02000045776367,693400,0.0,0.0
2024-07-24 00:00:00-04:00,46.0,46.459999084472656,45.369998931884766,45.90999984741211,713100,0.0,0.0
2024-07-25 00:00:00-04:00,45.79999923706055,47.41999816894531,45.38999938964844,46.90999984741211,846000,0.0,0.0
2024-07-26 00:00:00-04:00,47.18000030517578,48.16999816894531,46.849998474121094,48.099998474121094,931500,0.0,0.0
2024-07-29 00:00:00-04:00,48.02000045776367,48.81999969482422,47.599998474121094,47.869998931884766,796200,0.0,0.0
2024-07-30 00:00:00-04:00,47.83000183105469,48.36000061035156,47.779998779296875,47.93000030517578,386400,0.0,0.0
2024-07-31 00:00:00-04:00,47.97999954223633,48.40999984741211,47.43000030517578,47.63999938964844,577200,0.0,0.0
2024-08-01 00:00:00-04:00,47.7599983215332,47.90999984741211,46.08000183105469,46.540000915527344,515200,0.0,0.0
2024-08-02 00:00:00-04:00,45.4900016784668,45.790000915527344,44.59000015258789,45.400001525878906,577600,0.0,0.0
2024-08-05 00:00:00-04:00,44.369998931884766,44.369998931884766,41.65999984741211,41.689998626708984,991700,0.0,0.0
2024-08-06 00:00:00-04:00,41.900001525878906,43.41999816894531,41.75,41.97999954223633,1212500,0.0,0.0
2024-08-07 00:00:00-04:00,42.27000045776367,43.15999984741211,39.97999954223633,40.56999969482422,1836700,0.0,0.0
2024-08-08 00:00:00-04:00,41.540000915527344,43.86000061035156,41.5099983215332,43.560001373291016,914200,0.0,0.0
2024-08-09 00:00:00-04:00,43.619998931884766,44.27000045776367,42.86000061035156,43.400001525878906,756300,0.0,0.0
2024-08-12 00:00:00-04:00,43.459999084472656,43.459999084472656,42.34000015258789,42.38999938964844,708600,0.0,0.0
2024-08-13 00:00:00-04:00,42.599998474121094,43.65999984741211,42.380001068115234,43.2599983215332,595600,0.0,0.0
2024-08-14 00:00:00-04:00,43.709999084472656,43.91999816894531,42.720001220703125,43.02000045776367,685000,0.0,0.0
2024-08-15 00:00:00-04:00,43.61000061035156,44.810001373291016,43.2599983215332,44.459999084472656,599000,0.0,0.0
2024-08-16 00:00:00-04:00,44.349998474121094,44.72999954223633,44.0,44.150001525878906,408600,0.0,0.0
2024-08-19 00:00:00-04:00,44.349998474121094,44.900001525878906,44.16999816894531,44.709999084472656,309400,0.0,0.0
2024-08-20 00:00:00-04:00,44.459999084472656,44.84000015258789,44.06999969482422,44.279998779296875,396800,0.0,0.0
2024-08-21 00:00:00-04:00,44.560001373291016,44.7400016784668,43.650001525878906,44.400001525878906,322800,0.0,0.0
2024-08-22 00:00:00-04:00,44.63999938964844,44.91999816894531,43.81999969482422,44.04999923706055,338200,0.0,0.0
2024-08-23 00:00:00-04:00,44.34000015258789,46.150001525878906,43.9900016784668,46.029998779296875,380400,0.0,0.0
2024-08-26 00:00:00-04:00,46.310001373291016,46.529998779296875,45.689998626708984,45.70000076293945,425700,0.0,0.0
2024-08-27 00:00:00-04:00,45.56999969482422,45.869998931884766,45.29999923706055,45.5,293400,0.0,0.0
2024-08-28 00:00:00-04:00,45.15999984741211,46.02000045776367,44.91999816894531,45.31999969482422,370100,0.0,0.0
2024-08-29 00:00:00-04:00,45.75,46.540000915527344,45.290000915527344,45.9900016784668,295100,0.0,0.0
2024-08-30 00:00:00-04:00,46.31999969482422,47.0,45.91999816894531,46.599998474121094,386800,0.0,0.0
2024-09-03 00:00:00-04:00,46.11000061035156,46.849998474121094,44.279998779296875,44.56999969482422,493300,0.0,0.0
2024-09-04 00:00:00-04:00,44.439998626708984,44.83000183105469,43.95000076293945,44.22999954223633,275700,0.0,0.0
2024-09-05 00:00:00-04:00,44.470001220703125,44.470001220703125,43.11000061035156,43.11000061035156,368400,0.0,0.0
2024-09-06 00:00:00-04:00,43.27000045776367,44.400001525878906,42.90999984741211,43.439998626708984,440200,0.0,0.0
2024-09-09 00:00:00-04:00,43.189998626708984,44.5099983215332,42.709999084472656,43.0,652000,0.0,0.0
2024-09-10 00:00:00-04:00,42.95000076293945,43.41999816894531,42.68000030517578,43.119998931884766,469300,0.0,0.0
2024-09-11 00:00:00-04:00,42.869998931884766,43.36000061035156,42.400001525878906,43.09000015258789,675100,0.0,0.0
2024-09-12 00:00:00-04:00,43.08000183105469,43.369998931884766,42.40999984741211,43.27000045776367,719100,0.0,0.0
2024-09-13 00:00:00-04:00,43.47999954223633,44.20000076293945,43.09000015258789,43.34000015258789,623800,0.0,0.0
2024-09-16 00:00:00-04:00,43.54999923706055,43.880001068115234,42.400001525878906,42.4900016784668,613000,0.0,0.0
2024-09-17 00:00:00-04:00,42.61000061035156,43.290000915527344,42.45000076293945,42.720001220703125,664100,0.0,0.0
2024-09-18 00:00:00-04:00,42.599998474121094,44.099998474121094,42.5099983215332,43.63999938964844,903900,0.0,0.0
2024-09-19 00:00:00-04:00,44.439998626708984,45.959999084472656,44.439998626708984,45.02000045776367,635800,0.0,0.0
2024-09-20 00:00:00-04:00,44.709999084472656,44.869998931884766,43.41999816894531,43.66999816894531,1554400,0.0,0.0
2024-09-23 00:00:00-04:00,43.83000183105469,44.13999938964844,43.130001068115234,43.54999923706055,587800,0.0,0.0
2024-09-24 00:00:00-04:00,43.79999923706055,43.95000076293945,43.18000030517578,43.5099983215332,393900,0.0,0.0
2024-09-25 00:00:00-04:00,43.65999984741211,43.75,42.33000183105469,42.40999984741211,567300,0.0,0.0
2024-09-26 00:00:00-04:00,42.880001068115234,43.5099983215332,42.52000045776367,43.369998931884766,895400,0.0,0.0
2024-09-27 00:00:00-04:00,43.97999954223633,45.150001525878906,43.56999969482422,43.630001068115234,509300,0.0,0.0
2024-09-30 00:00:00-04:00,43.380001068115234,43.70000076293945,42.849998474121094,43.04999923706055,490800,0.0,0.0
2024-10-01 00:00:00-04:00,42.75,42.75,41.369998931884766,41.470001220703125,803600,0.0,0.0
2024-10-02 00:00:00-04:00,41.310001373291016,41.459999084472656,40.689998626708984,40.84000015258789,579500,0.0,0.0
2024-10-03 00:00:00-04:00,41.220001220703125,41.220001220703125,39.7599983215332,39.959999084472656,933700,0.0,0.0
2024-10-04 00:00:00-04:00,40.79999923706055,41.15999984741211,40.47999954223633,40.689998626708984,652600,0.0,0.0
2024-10-07 00:00:00-04:00,40.400001525878906,40.529998779296875,39.529998779296875,39.619998931884766,586300,0.0,0.0
2024-10-08 00:00:00-04:00,39.70000076293945,39.70000076293945,38.27000045776367,38.83000183105469,505300,0.0,0.0
2024-10-09 00:00:00-04:00,38.72999954223633,39.15999984741211,38.380001068115234,38.77000045776367,1007000,0.0,0.0
2024-10-10 00:00:00-04:00,38.52000045776367,38.93000030517578,38.36000061035156,38.720001220703125,699800,0.0,0.0
2024-10-11 00:00:00-04:00,38.54999923706055,40.2599983215332,38.54999923706055,40.220001220703125,544500,0.0,0.0
2024-10-14 00:00:00-04:00,40.310001373291016,40.310001373291016,39.2400016784668,40.09000015258789,572700,0.0,0.0
2024-10-15 00:00:00-04:00,39.86000061035156,40.619998931884766,39.5,39.83000183105469,677300,0.0,0.0
2024-10-16 00:00:00-04:00,39.93000030517578,40.849998474121094,39.75,40.779998779296875,569800,0.0,0.0
2024-10-17 00:00:00-04:00,40.90999984741211,41.369998931884766,40.540000915527344,41.060001373291016,674900,0.0,0.0
2024-10-18 00:00:00-04:00,41.41999816894531,41.709999084472656,41.040000915527344,41.2599983215332,489200,0.0,0.0
2024-10-21 00:00:00-04:00,41.20000076293945,41.25,40.2599983215332,40.5,454000,0.0,0.0
2024-10-22 00:00:00-04:00,40.41999816894531,40.619998931884766,39.529998779296875,40.04999923706055,1006600,0.0,0.0
2024-10-23 00:00:00-04:00,40.02000045776367,40.220001220703125,38.84000015258789,39.349998474121094,405300,0.0,0.0
2024-10-24 00:00:00-04:00,39.439998626708984,39.66999816894531,39.130001068115234,39.540000915527344,605200,0.0,0.0
2024-10-25 00:00:00-04:00,39.56999969482422,40.209999084472656,39.119998931884766,39.9900016784668,641800,0.0,0.0
2024-10-28 00:00:00-04:00,40.29999923706055,41.220001220703125,40.29999923706055,41.16999816894531,709600,0.0,0.0
2024-10-29 00:00:00-04:00,40.83000183105469,40.90999984741211,40.45000076293945,40.5099983215332,456400,0.0,0.0
2024-10-30 00:00:00-04:00,40.349998474121094,42.83000183105469,40.04999923706055,42.060001373291016,1195500,0.0,0.0
2024-10-31 00:00:00-04:00,41.93000030517578,42.61000061035156,41.27000045776367,41.27000045776367,792500,0.0,0.0
2024-11-01 00:00:00-04:00,41.58000183105469,43.38999938964844,41.560001373291016,42.43000030517578,813600,0.0,0.0
2024-11-04 00:00:00-05:00,42.5099983215332,43.66999816894531,42.5099983215332,43.029998779296875,1022700,0.0,0.0
2024-11-05 00:00:00-05:00,43.029998779296875,43.689998626708984,42.7599983215332,43.310001373291016,891500,0.0,0.0
2024-11-06 00:00:00-05:00,49.5099983215332,49.83000183105469,46.209999084472656,46.900001525878906,1551100,0.0,0.0
2024-11-07 00:00:00-05:00,46.34000015258789,48.43000030517578,46.34000015258789,47.86000061035156,1502400,0.0,0.0
2024-11-08 00:00:00-05:00,47.560001373291016,47.869998931884766,45.939998626708984,46.41999816894531,704400,0.0,0.0
2024-11-11 00:00:00-05:00,46.86000061035156,47.68000030517578,46.5,47.349998474121094,526700,0.0,0.0
2024-11-12 00:00:00-05:00,47.18000030517578,47.88999938964844,46.709999084472656,46.90999984741211,529100,0.0,0.0
2024-11-13 00:00:00-05:00,47.029998779296875,47.4900016784668,45.9900016784668,46.45000076293945,447400,0.0,0.0
2024-11-14 00:00:00-05:00,46.59000015258789,46.7599983215332,45.27000045776367,45.56999969482422,574100,0.0,0.0
2024-11-15 00:00:00-05:00,45.65999984741211,46.61000061035156,45.310001373291016,46.380001068115234,467600,0.0,0.0
2024-11-18 00:00:00-05:00,46.04999923706055,46.66999816894531,45.52000045776367,45.540000915527344,391700,0.0,0.0
2024-11-19 00:00:00-05:00,45.400001525878906,45.810001373291016,45.09000015258789,45.27000045776367,459700,0.0,0.0
2024-11-20 00:00:00-05:00,45.06999969482422,45.63999938964844,43.0,44.779998779296875,514500,0.0,0.0
2024-11-21 00:00:00-05:00,44.91999816894531,46.380001068115234,44.79999923706055,46.16999816894531,647600,0.0,0.0
2024-11-22 00:00:00-05:00,46.2400016784668,47.189998626708984,46.220001220703125,46.66999816894531,604700,0.0,0.0
2024-11-25 00:00:00-05:00,47.33000183105469,48.7599983215332,47.25,48.27000045776367,756600,0.0,0.0
2024-11-26 00:00:00-05:00,48.09000015258789,48.31999969482422,46.869998931884766,47.7400016784668,779800,0.0,0.0
2024-11-27 00:00:00-05:00,47.90999984741211,48.900001525878906,47.75,48.45000076293945,475700,0.0,0.0
2024-11-29 00:00:00-05:00,48.349998474121094,48.86000061035156,48.2400016784668,48.810001373291016,249700,0.0,0.0
2024-12-02 00:00:00-05:00,49.02000045776367,49.400001525878906,48.68000030517578,49.33000183105469,574700,0.0,0.0
2024-12-03 00:00:00-05:00,49.189998626708984,49.5,48.380001068115234,49.029998779296875,725100,0.0,0.0
2024-12-04 00:00:00-05:00,48.97999954223633,49.75,48.310001373291016,48.619998931884766,769400,0.0,0.0
2024-12-05 00:00:00-05:00,48.650001525878906,49.060001373291016,47.279998779296875,47.880001068115234,507900,0.0,0.0
2024-12-06 00:00:00-05:00,48.34000015258789,48.77000045776367,47.119998931884766,47.630001068115234,577000,0.0,0.0
2024-12-09 00:00:00-05:00,47.849998474121094,48.58000183105469,47.43000030517578,47.43000030517578,531900,0.0,0.0
2024-12-10 00:00:00-05:00,47.72999954223633,47.72999954223633,46.33000183105469,46.560001373291016,586900,0.0,0.0
2024-12-11 00:00:00-05:00,46.959999084472656,47.52000045776367,46.68000030517578,46.779998779296875,462200,0.0,0.0
2024-12-12 00:00:00-05:00,46.56999969482422,47.189998626708984,46.540000915527344,46.91999816894531,480300,0.0,0.0
2024-12-13 00:00:00-05:00,46.349998474121094,46.63999938964844,45.81999969482422,46.13999938964844,496500,0.0,0.0
2024-12-16 00:00:00-05:00,46.02000045776367,47.040000915527344,45.59000015258789,45.790000915527344,440900,0.0,0.0
2024-12-17 00:00:00-05:00,45.4900016784668,46.380001068115234,45.029998779296875,45.63999938964844,367400,0.0,0.0
2024-12-18 00:00:00-05:00,45.650001525878906,46.36000061035156,43.06999969482422,43.279998779296875,680600,0.0,0.0
2024-12-19 00:00:00-05:00,43.439998626708984,43.7400016784668,41.709999084472656,42.4900016784668,833900,0.0,0.0
2024-12-20 00:00:00-05:00,42.02000045776367,43.59000015258789,42.02000045776367,43.119998931884766,1258400,0.0,0.0
2024-12-23 00:00:00-05:00,43.27000045776367,43.619998931884766,42.810001373291016,43.209999084472656,572600,0.0,0.0
2024-12-24 00:00:00-05:00,43.290000915527344,43.970001220703125,42.959999084472656,43.95000076293945,245800,0.0,0.0
2024-12-26 00:00:00-05:00,43.619998931884766,44.61000061035156,43.52000045776367,44.52000045776367,397700,0.0,0.0
2024-12-27 00:00:00-05:00,44.0099983215332,44.83000183105469,43.59000015258789,44.290000915527344,471700,0.0,0.0
2024-12-30 00:00:00-05:00,44.040000915527344,44.16999816894531,42.68000030517578,43.43000030517578,610400,0.0,0.0
2024-12-31 00:00:00-05:00,43.650001525878906,44.38999938964844,43.43000030517578,43.880001068115234,476000,0.0,0.0
2025-01-02 00:00:00-05:00,44.2400016784668,45.40999984741211,43.9900016784668,44.29999923706055,597400,0.0,0.0
2025-01-03 00:00:00-05:00,44.34000015258789,44.90999984741211,42.650001525878906,43.27000045776367,909400,0.0,0.0
2025-01-06 00:00:00-05:00,43.5,44.869998931884766,43.369998931884766,44.54999923706055,925000,0.0,0.0
2025-01-07 00:00:00-05:00,45.959999084472656,47.810001373291016,44.5099983215332,44.7599983215332,709400,0.0,0.0
2025-01-08 00:00:00-05:00,45.689998626708984,46.810001373291016,44.93000030517578,45.779998779296875,1186600,0.0,0.0
2025-01-10 00:00:00-05:00,45.029998779296875,45.61000061035156,44.7400016784668,44.77000045776367,1190200,0.0,0.0
2025-01-13 00:00:00-05:00,44.43000030517578,45.900001525878906,43.83000183105469,45.349998474121094,10728800,0.0,0.0
2025-01-14 00:00:00-05:00,45.369998931884766,45.790000915527344,44.15999984741211,44.75,1403800,0.0,0.0
2025-01-15 00:00:00-05:00,45.59000015258789,46.34000015258789,45.380001068115234,45.720001220703125,731100,0.0,0.0
2025-01-16 00:00:00-05:00,45.63999938964844,46.0,45.02000045776367,45.470001220703125,490700,0.0,0.0
2025-01-17 00:00:00-05:00,45.83000183105469,46.95000076293945,45.810001373291016,46.630001068115234,541600,0.0,0.0
2025-01-21 00:00:00-05:00,47.029998779296875,48.220001220703125,47.0099983215332,47.9900016784668,651100,0.0,0.0
2025-01-22 00:00:00-05:00,47.63999938964844,48.290000915527344,46.970001220703125,47.02000045776367,441200,0.0,0.0
2025-01-23 00:00:00-05:00,46.869998931884766,47.959999084472656,46.560001373291016,47.27000045776367,878600,0.0,0.0
2025-01-24 00:00:00-05:00,47.20000076293945,48.2599983215332,47.0099983215332,47.790000915527344,744400,0.0,0.0
2025-01-27 00:00:00-05:00,47.79999923706055,49.380001068115234,47.25,47.66999816894531,741500,0.0,0.0
2025-01-28 00:00:00-05:00,47.68000030517578,48.13999938964844,47.11000061035156,47.709999084472656,455000,0.0,0.0
2025-01-29 00:00:00-05:00,47.84000015258789,48.02000045776367,46.810001373291016,47.369998931884766,563000,0.0,0.0
2025-01-30 00:00:00-05:00,47.7400016784668,48.369998931884766,47.25,47.5099983215332,595500,0.0,0.0
2025-01-31 00:00:00-05:00,47.27000045776367,47.849998474121094,46.790000915527344,46.97999954223633,517500,0.0,0.0
2025-02-03 00:00:00-05:00,46.09000015258789,46.27000045776367,44.70000076293945,45.27000045776367,498900,0.0,0.0
2025-02-04 00:00:00-05:00,45.11000061035156,46.310001373291016,45.11000061035156,46.11000061035156,570700,0.0,0.0
2025-02-05 00:00:00-05:00,46.290000915527344,47.25,46.0099983215332,47.11000061035156,528700,0.0,0.0
2025-02-06 00:00:00-05:00,47.150001525878906,47.2599983215332,44.650001525878906,44.7400016784668,890800,0.0,0.0
2025-02-07 00:00:00-05:00,44.599998474121094,44.88999938964844,43.45000076293945,44.0,725000,0.0,0.0
2025-02-10 00:00:00-05:00,44.38999938964844,44.970001220703125,44.119998931884766,44.47999954223633,670500,0.0,0.0
2025-02-11 00:00:00-05:00,44.150001525878906,44.5099983215332,43.939998626708984,43.959999084472656,565900,0.0,0.0
2025-02-12 00:00:00-05:00,43.33000183105469,44.040000915527344,42.90999984741211,43.88999938964844,409900,0.0,0.0
2025-02-13 00:00:00-05:00,44.15999984741211,44.369998931884766,43.25,43.709999084472656,429700,0.0,0.0
2025-02-14 00:00:00-05:00,44.189998626708984,44.2400016784668,43.63999938964844,43.88999938964844,391700,0.0,0.0
2025-02-18 00:00:00-05:00,43.79999923706055,44.52000045776367,43.38999938964844,44.29999923706055,594500,0.0,0.0
2025-02-19 00:00:00-05:00,43.84000015258789,44.7400016784668,43.650001525878906,44.540000915527344,493800,0.0,0.0
2025-02-20 00:00:00-05:00,44.56999969482422,44.7599983215332,43.439998626708984,43.900001525878906,536300,0.0,0.0
2025-02-21 00:00:00-05:00,43.849998474121094,44.029998779296875,42.380001068115234,42.709999084472656,458700,0.0,0.0
2025-02-24 00:00:00-05:00,42.66999816894531,43.7599983215332,42.20000076293945,43.529998779296875,648000,0.0,0.0
2025-02-25 00:00:00-05:00,43.630001068115234,43.75,41.34000015258789,42.099998474121094,1100100,0.0,0.0
2025-02-26 00:00:00-05:00,42.099998474121094,42.189998626708984,39.959999084472656,40.0,1613200,0.0,0.0
2025-02-27 00:00:00-05:00,39.880001068115234,40.66999816894531,38.08000183105469,38.119998931884766,1162400,0.0,0.0
2025-02-28 00:00:00-05:00,38.099998474121094,39.400001525878906,37.599998474121094,38.650001525878906,1614700,0.0,0.0
2025-03-03 00:00:00-05:00,39.18000030517578,39.5,37.599998474121094,37.86000061035156,1653900,0.0,0.0
2025-03-04 00:00:00-05:00,37.459999084472656,37.900001525878906,35.13999938964844,36.619998931884766,1389300,0.0,0.0
2025-03-05 00:00:00-05:00,36.83000183105469,37.650001525878906,36.560001373291016,37.61000061035156,1298900,0.0,0.0
2025-03-06 00:00:00-05:00,37.38999938964844,37.81999969482422,36.81999969482422,37.099998474121094,961000,0.0,0.0
2025-03-07 00:00:00-05:00,36.849998474121094,37.880001068115234,36.099998474121094,37.720001220703125,865600,0.0,0.0
2025-03-10 00:00:00-04:00,37.310001373291016,37.54999923706055,35.279998779296875,35.5099983215332,1304300,0.0,0.0
2025-03-11 00:00:00-04:00,35.61000061035156,37.2599983215332,35.349998474121094,36.849998474121094,1267400,0.0,0.0
2025-03-12 00:00:00-04:00,37.15999984741211,37.47999954223633,36.060001373291016,36.380001068115234,961900,0.0,0.0
2025-03-13 00:00:00-04:00,36.59000015258789,36.97999954223633,35.59000015258789,35.810001373291016,566600,0.0,0.0
2025-03-14 00:00:00-04:00,36.220001220703125,37.09000015258789,35.84000015258789,37.04999923706055,1144400,0.0,0.0
2025-03-17 00:00:00-04:00,37.310001373291016,39.560001373291016,37.310001373291016,39.189998626708984,1251400,0.0,0.0
2025-03-18 00:00:00-04:00,39.06999969482422,39.599998474121094,38.400001525878906,39.0099983215332,1032900,0.0,0.0
2025-03-19 00:00:00-04:00,39.29999923706055,39.970001220703125,38.939998626708984,39.43000030517578,1035700,0.0,0.0
2025-03-20 00:00:00-04:00,39.0,39.9900016784668,38.68000030517578,39.349998474121094,568300,0.0,0.0
2025-03-21 00:00:00-04:00,38.880001068115234,39.529998779296875,38.5099983215332,39.08000183105469,1091600,0.0,0.0
2025-03-24 00:00:00-04:00,39.599998474121094,40.4900016784668,39.38999938964844,40.0,558400,0.0,0.0
2025-03-25 00:00:00-04:00,40.029998779296875,40.70000076293945,39.09000015258789,39.400001525878906,590100,0.0,0.0
2025-03-26 00:00:00-04:00,39.34000015258789,39.75,38.68000030517578,39.18000030517578,504900,0.0,0.0
2025-03-27 00:00:00-04:00,39.08000183105469,39.279998779296875,38.31999969482422,38.880001068115234,514600,0.0,0.0
2025-03-28 00:00:00-04:00,38.459999084472656,38.529998779296875,37.38999938964844,37.7599983215332,479700,0.0,0.0
2025-03-31 00:00:00-04:00,37.220001220703125,38.560001373291016,36.43000030517578,38.209999084472656,695600,0.0,0.0
2025-04-01 00:00:00-04:00,37.84000015258789,38.189998626708984,36.75,37.18000030517578,666400,0.0,0.0
2025-04-02 00:00:00-04:00,35.810001373291016,37.029998779296875,34.439998626708984,36.97999954223633,1324900,0.0,0.0
2025-04-03 00:00:00-04:00,35.25,35.439998626708984,33.72999954223633,33.790000915527344,1327100,0.0,0.0
2025-04-04 00:00:00-04:00,32.45000076293945,32.79999923706055,31.0,32.529998779296875,1488100,0.0,0.0
2025-04-07 00:00:00-04:00,31.200000762939453,34.150001525878906,30.389999389648438,32.5,1260500,0.0,0.0
2025-04-08 00:00:00-04:00,33.709999084472656,33.880001068115234,30.18000030517578,30.65999984741211,1199800,0.0,0.0
2025-04-09 00:00:00-04:00,30.0,35.0,29.31999969482422,34.220001220703125,1444700,0.0,0.0
2025-04-10 00:00:00-04:00,33.25,33.25,31.56999969482422,32.099998474121094,963600,0.0,0.0
2025-04-11 00:00:00-04:00,32.209999084472656,32.43000030517578,30.65999984741211,32.0099983215332,1011700,0.0,0.0
2025-04-14 00:00:00-04:00,32.72999954223633,33.13999938964844,31.329999923706055,32.310001373291016,1185800,0.0,0.0
2025-04-15 00:00:00-04:00,32.15999984741211,32.47999954223633,31.3799991607666,31.479999542236328,798300,0.0,0.0
2025-04-16 00:00:00-04:00,31.350000381469727,31.690000534057617,30.610000610351562,31.15999984741211,893000,0.0,0.0
2025-04-17 00:00:00-04:00,30.889999389648438,31.989999771118164,30.889999389648438,31.959999084472656,704800,0.0,0.0
2025-04-21 00:00:00-04:00,31.610000610351562,32.2599983215332,30.68000030517578,32.209999084472656,1355600,0.0,0.0
2025-04-22 00:00:00-04:00,32.56999969482422,32.93000030517578,31.670000076293945,32.619998931884766,840100,0.0,0.0
2025-04-23 00:00:00-04:00,34.08000183105469,35.630001068115234,33.59000015258789,33.790000915527344,914100,0.0,0.0
2025-04-24 00:00:00-04:00,33.9900016784668,35.349998474121094,33.790000915527344,35.119998931884766,916100,0.0,0.0
2025-04-25 00:00:00-04:00,34.970001220703125,35.529998779296875,34.75,35.099998474121094,890700,0.0,0.0
2025-04-28 00:00:00-04:00,35.099998474121094,35.540000915527344,34.34000015258789,34.65999984741211,1104500,0.0,0.0
2025-04-29 00:00:00-04:00,34.61000061035156,35.38999938964844,34.22999954223633,34.90999984741211,791700,0.0,0.0
2025-04-30 00:00:00-04:00,34.45000076293945,34.72999954223633,33.529998779296875,34.59000015258789,757200,0.0,0.0
2025-05-01 00:00:00-04:00,34.90999984741211,35.31999969482422,34.41999816894531,34.599998474121094,1155700,0.0,0.0
2025-05-02 00:00:00-04:00,35.619998931884766,35.619998931884766,34.630001068115234,35.29999923706055,926100,0.0,0.0
2025-05-05 00:00:00-04:00,34.959999084472656,34.959999084472656,33.880001068115234,34.15999984741211,976200,0.0,0.0
2025-05-06 00:00:00-04:00,33.72999954223633,34.65999984741211,33.47999954223633,34.09000015258789,780900,0.0,0.0
2025-05-07 00:00:00-04:00,34.34000015258789,34.560001373291016,33.70000076293945,34.2400016784668,1415900,0.0,0.0
2025-05-08 00:00:00-04:00,31.06999969482422,33.41999816894531,30.649999618530273,33.08000183105469,2184100,0.0,0.0
2025-05-09 00:00:00-04:00,32.720001220703125,33.369998931884766,32.189998626708984,33.04999923706055,1748100,0.0,0.0
2025-05-12 00:00:00-04:00,34.18000030517578,36.7400016784668,34.18000030517578,36.56999969482422,1668100,0.0,0.0
2025-05-13 00:00:00-04:00,36.91999816894531,37.849998474121094,36.40999984741211,37.349998474121094,1588800,0.0,0.0
2025-05-14 00:00:00-04:00,37.04999923706055,37.22999954223633,35.810001373291016,36.220001220703125,1125300,0.0,0.0
2025-05-15 00:00:00-04:00,36.130001068115234,36.40999984741211,35.45000076293945,35.72999954223633,858800,0.0,0.0
2025-05-16 00:00:00-04:00,35.630001068115234,36.16999816894531,35.38999938964844,36.060001373291016,539900,0.0,0.0
2025-05-19 00:00:00-04:00,35.310001373291016,35.56999969482422,34.959999084472656,35.47999954223633,458500,0.0,0.0
2025-05-20 00:00:00-04:00,35.310001373291016,35.41999816894531,34.36000061035156,34.470001220703125,675100,0.0,0.0
2025-05-21 00:00:00-04:00,33.939998626708984,34.369998931884766,32.349998474121094,32.349998474121094,918900,0.0,0.0
2025-05-22 00:00:00-04:00,32.279998779296875,32.720001220703125,31.90999984741211,32.369998931884766,925900,0.0,0.0
2025-05-23 00:00:00-04:00,31.6200008392334,31.979999542236328,31.309999465942383,31.559999465942383,694200,0.0,0.0
2025-05-27 00:00:00-04:00,32.36000061035156,33.84000015258789,32.349998474121094,33.439998626708984,1145300,0.0,0.0
2025-05-28 00:00:00-04:00,33.400001525878906,33.56999969482422,32.560001373291016,32.56999969482422,1141800,0.0,0.0
2025-05-29 00:00:00-04:00,32.95000076293945,33.02000045776367,31.920000076293945,32.04999923706055,1128100,0.0,0.0
2025-05-30 00:00:00-04:00,31.799999237060547,31.920000076293945,31.139999389648438,31.299999237060547,974200,0.0,0.0
2025-06-02 00:00:00-04:00,31.299999237060547,31.489999771118164,29.299999237060547,29.649999618530273,1667000,0.0,0.0
2025-06-03 00:00:00-04:00,29.639999389648438,30.90999984741211,29.1299991607666,30.68000030517578,2793600,0.0,0.0
2025-06-04 00:00:00-04:00,30.940000534057617,31.8799991607666,30.690000534057617,31.829999923706055,1492400,0.0,0.0
2025-06-05 00:00:00-04:00,31.8700008392334,32.15999984741211,31.34000015258789,31.600000381469727,1523400,0.0,0.0
2025-06-06 00:00:00-04:00,32.130001068115234,32.40999984741211,31.59000015258789,31.790000915527344,894100,0.0,0.0
2025-06-09 00:00:00-04:00,32.4900016784668,33.459999084472656,32.349998474121094,32.88999938964844,1987600,0.0,0.0
2025-06-10 00:00:00-04:00,33.09000015258789,33.970001220703125,32.86000061035156,33.54999923706055,1294100,0.0,0.0
2025-06-11 00:00:00-04:00,33.630001068115234,34.0,33.189998626708984,33.34000015258789,1350900,0.0,0.0
2025-06-12 00:00:00-04:00,32.869998931884766,32.90999984741211,32.16999816894531,32.290000915527344,1069800,0.0,0.0
2025-06-13 00:00:00-04:00,31.559999465942383,32.439998626708984,31.479999542236328,31.899999618530273,1365900,0.0,0.0
2025-06-16 00:00:00-04:00,32.4900016784668,32.61000061035156,31.75,32.25,1186700,0.0,0.0
2025-06-17 00:00:00-04:00,31.829999923706055,31.969999313354492,30.8700008392334,30.8799991607666,1307200,0.0,0.0
2025-06-18 00:00:00-04:00,30.950000762939453,31.40999984741211,30.579999923706055,30.65999984741211,1308300,0.0,0.0
2025-06-20 00:00:00-04:00,30.889999389648438,31.239999771118164,30.09000015258789,30.110000610351562,1107500,0.0,0.0
2025-06-23 00:00:00-04:00,29.770000457763672,30.020000457763672,28.829999923706055,29.959999084472656,1298700,0.0,0.0
2025-06-24 00:00:00-04:00,30.309999465942383,31.989999771118164,30.149999618530273,31.959999084472656,1299500,0.0,0.0
2025-06-25 00:00:00-04:00,32.04999923706055,32.310001373291016,31.899999618530273,32.130001068115234,1108000,0.0,0.0
2025-06-26 00:00:00-04:00,32.310001373291016,32.529998779296875,31.979999542236328,32.2599983215332,1039100,0.0,0.0
2025-06-27 00:00:00-04:00,32.27000045776367,32.65999984741211,31.209999084472656,31.780000686645508,9308000,0.0,0.0
2025-06-30 00:00:00-04:00,32.04999923706055,32.04999923706055,30.8700008392334,31.360000610351562,990400,0.0,0.0
2025-07-01 00:00:00-04:00,30.989999771118164,33.95000076293945,30.84000015258789,33.02000045776367,1273500,0.0,0.0
2025-07-02 00:00:00-04:00,33.16999816894531,33.599998474121094,32.650001525878906,33.459999084472656,1074500,0.0,0.0
2025-07-03 00:00:00-04:00,33.59000015258789,33.81999969482422,33.2400016784668,33.650001525878906,775300,0.0,0.0
2025-07-07 00:00:00-04:00,33.2599983215332,33.810001373291016,32.7400016784668,33.02000045776367,912700,0.0,0.0
2025-07-08 00:00:00-04:00,33.29999923706055,34.91999816894531,33.130001068115234,34.7400016784668,1300400,0.0,0.0
2025-07-09 00:00:00-04:00,35.150001525878906,35.58000183105469,34.349998474121094,35.560001373291016,1293200,0.0,0.0
2025-07-10 00:00:00-04:00,35.47999954223633,36.81999969482422,35.209999084472656,35.939998626708984,1216500,0.0,0.0
2025-07-11 00:00:00-04:00,35.400001525878906,35.400001525878906,34.0,34.029998779296875,992400,0.0,0.0
2025-07-14 00:00:00-04:00,33.709999084472656,33.779998779296875,31.809999465942383,31.959999084472656,1420300,0.0,0.0
2025-07-15 00:00:00-04:00,32.310001373291016,32.31999969482422,30.479999542236328,30.899999618530273,1564500,0.0,0.0
2025-07-16 00:00:00-04:00,31.010000228881836,31.010000228881836,29.889999389648438,30.540000915527344,1278500,0.0,0.0
2025-07-17 00:00:00-04:00,30.399999618530273,30.860000610351562,29.739999771118164,30.860000610351562,3333700,0.0,0.0
2025-07-18 00:00:00-04:00,31.219999313354492,31.3799991607666,26.0,26.290000915527344,3975400,0.0,0.0
2025-07-21 00:00:00-04:00,27.010000228881836,27.149999618530273,25.93000030517578,26.299999237060547,2086400,0.0,0.0
2025-07-22 00:00:00-04:00,26.5,27.270000457763672,26.5,27.239999771118164,1658300,0.0,0.0
2025-07-23 00:00:00-04:00,27.770000457763672,28.100000381469727,27.149999618530273,27.700000762939453,1374400,0.0,0.0
2025-07-24 00:00:00-04:00,27.309999465942383,27.850000381469727,26.920000076293945,27.15999984741211,1290300,0.0,0.0
2025-07-25 00:00:00-04:00,27.09000015258789,27.549999237060547,26.540000915527344,27.540000915527344,1129800,0.0,0.0
2025-07-28 00:00:00-04:00,27.540000915527344,28.09000015258789,27.200000762939453,27.31999969482422,1329300,0.0,0.0
2025-07-29 00:00:00-04:00,27.209999084472656,27.510000228881836,26.969999313354492,27.31999969482422,1229000,0.0,0.0
2025-07-30 00:00:00-04:00,27.510000228881836,27.790000915527344,26.729999542236328,27.030000686645508,1494300,0.0,0.0
2025-07-31 00:00:00-04:00,26.719999313354492,27.1299991607666,26.209999084472656,26.799999237060547,1377300,0.0,0.0
2025-08-01 00:00:00-04:00,26.469999313354492,26.6200008392334,25.700000762939453,25.739999771118164,1336000,0.0,0.0
2025-08-04 00:00:00-04:00,25.719999313354492,26.68000030517578,25.469999313354492,26.6299991607666,1448700,0.0,0.0
2025-08-05 00:00:00-04:00,26.6200008392334,26.989999771118164,26.139999389648438,26.459999084472656,975200,0.0,0.0
2025-08-06 00:00:00-04:00,26.43000030517578,26.690000534057617,25.719999313354492,25.760000228881836,1364500,0.0,0.0
2025-08-07 00:00:00-04:00,27.579999923706055,29.559999465942383,26.899999618530273,28.520000457763672,1698800,0.0,0.0
2025-08-08 00:00:00-04:00,28.530000686645508,29.5,28.0,28.440000534057617,1501600,0.0,0.0
2025-08-11 00:00:00-04:00,28.739999771118164,29.18000030517578,28.06999969482422,28.110000610351562,1146600,0.0,0.0
2025-08-12 00:00:00-04:00,28.5,29.690000534057617,28.25,28.75,1060200,0.0,0.0
2025-08-13 00:00:00-04:00,28.899999618530273,30.309999465942383,28.739999771118164,29.59000015258789,1639100,0.0,0.0
2025-08-14 00:00:00-04:00,28.59000015258789,29.34000015258789,28.31999969482422,28.81999969482422,1156900,0.0,0.0
2025-08-15 00:00:00-04:00,30.079999923706055,30.309999465942383,29.459999084472656,29.549999237060547,1055500,0.0,0.0
2025-08-18 00:00:00-04:00,29.530000686645508,30.030000686645508,29.18000030517578,29.549999237060547,886100,0.0,0.0
2025-08-19 00:00:00-04:00,29.56999969482422,30.559999465942383,29.56999969482422,30.440000534057617,886800,0.0,0.0
2025-08-20 00:00:00-04:00,30.43000030517578,30.700000762939453,29.559999465942383,30.0,931000,0.0,0.0
2025-08-21 00:00:00-04:00,29.709999084472656,30.059999465942383,29.3700008392334,29.5,794100,0.0,0.0
2025-08-22 00:00:00-04:00,29.940000534057617,31.75,29.84000015258789,31.440000534057617,908200,0.0,0.0
2025-08-25 00:00:00-04:00,32.029998779296875,32.029998779296875,30.790000915527344,30.989999771118164,766100,0.0,0.0
2025-08-26 00:00:00-04:00,30.920000076293945,31.75,30.920000076293945,31.170000076293945,1194500,0.0,0.0
2025-08-27 00:00:00-04:00,31.010000228881836,31.760000228881836,30.8799991607666,31.020000457763672,1067100,0.0,0.0
2025-08-28 00:00:00-04:00,31.25,31.299999237060547,30.200000762939453,30.59000015258789,1214100,0.0,0.0
2025-08-29 00:00:00-04:00,30.510000228881836,30.979999542236328,30.31999969482422,30.899999618530273,934300,0.0,0.0
2025-09-02 00:00:00-04:00,30.420000076293945,30.979999542236328,30.260000228881836,30.84000015258789,879300,0.0,0.0
2025-09-03 00:00:00-04:00,30.790000915527344,31.09000015258789,30.31999969482422,30.65999984741211,1267700,0.0,0.0
2025-09-04 00:00:00-04:00,30.450000762939453,31.600000381469727,30.0,31.549999237060547,917500,0.0,0.0
2025-09-05 00:00:00-04:00,31.600000381469727,32.7599983215332,31.530000686645508,32.130001068115234,781800,0.0,0.0
2025-09-08 00:00:00-04:00,32.0099983215332,32.040000915527344,31.100000381469727,31.399999618530273,726900,0.0,0.0
2025-09-09 00:00:00-04:00,31.280000686645508,31.510000228881836,30.860000610351562,31.190000534057617,903600,0.0,0.0
2025-09-10 00:00:00-04:00,31.040000915527344,31.600000381469727,30.450000762939453,30.459999084472656,891200,0.0,0.0
2025-09-11 00:00:00-04:00,30.440000534057617,31.639999389648438,30.440000534057617,31.579999923706055,782000,0.0,0.0
2025-09-12 00:00:00-04:00,32.779998779296875,32.869998931884766,31.719999313354492,31.719999313354492,1166100,0.0,0.0
2025-09-15 00:00:00-04:00,31.989999771118164,32.40999984741211,31.719999313354492,32.34000015258789,966700,0.0,0.0
2025-09-16 00:00:00-04:00,32.349998474121094,33.349998474121094,32.060001373291016,33.31999969482422,1671700,0.0,0.0
2025-09-17 00:00:00-04:00,33.09000015258789,33.849998474121094,32.060001373291016,32.130001068115234,1358000,0.0,0.0
2025-09-18 00:00:00-04:00,32.59000015258789,33.38999938964844,32.33000183105469,33.16999816894531,1100600,0.0,0.0
2025-09-19 00:00:00-04:00,33.15999984741211,33.18000030517578,32.099998474121094,32.36000061035156,1326500,0.0,0.0
2025-09-22 00:00:00-04:00,32.189998626708984,32.619998931884766,31.479999542236328,32.349998474121094,653300,0.0,0.0
2025-09-23 00:00:00-04:00,32.34000015258789,32.900001525878906,31.020000457763672,31.15999984741211,935300,0.0,0.0
2025-09-24 00:00:00-04:00,31.0,31.670000076293945,31.0,31.260000228881836,581500,0.0,0.0
2025-09-25 00:00:00-04:00,30.899999618530273,30.899999618530273,29.790000915527344,30.020000457763672,812100,0.0,0.0
2025-09-26 00:00:00-04:00,30.170000076293945,30.43000030517578,29.780000686645508,29.989999771118164,500100,0.0,0.0
2025-09-29 00:00:00-04:00,30.0,30.350000381469727,29.549999237060547,30.18000030517578,466300,0.0,0.0
2025-09-30 00:00:00-04:00,30.200000762939453,30.360000610351562,29.709999084472656,30.34000015258789,570900,0.0,0.0
2025-10-01 00:00:00-04:00,30.260000228881836,30.719999313354492,29.8700008392334,30.459999084472656,539700,0.0,0.0
2025-10-02 00:00:00-04:00,30.3700008392334,30.610000610351562,29.799999237060547,30.549999237060547,503300,0.0,0.0
2025-10-03 00:00:00-04:00,30.809999465942383,32.09000015258789,30.6200008392334,32.02000045776367,591300,0.0,0.0
2025-10-06 00:00:00-04:00,32.34000015258789,32.43000030517578,31.229999542236328,31.260000228881836,622600,0.0,0.0
2025-10-07 00:00:00-04:00,31.219999313354492,31.639999389648438,30.200000762939453,30.329999923706055,732400,0.0,0.0
2025-10-08 00:00:00-04:00,30.43000030517578,31.799999237060547,30.18000030517578,31.780000686645508,509800,0.0,0.0
2025-10-09 00:00:00-04:00,31.950000762939453,32.11000061035156,31.280000686645508,31.3700008392334,460600,0.0,0.0
2025-10-10 00:00:00-04:00,31.280000686645508,31.540000915527344,29.510000228881836,29.690000534057617,936600,0.0,0.0
2025-10-13 00:00:00-04:00,30.329999923706055,30.489999771118164,29.709999084472656,29.729999542236328,506300,0.0,0.0
2025-10-14 00:00:00-04:00,29.1299991607666,31.610000610351562,29.0,31.059999465942383,903800,0.0,0.0
2025-10-15 00:00:00-04:00,31.09000015258789,32.0099983215332,30.639999389648438,31.190000534057617,617900,0.0,0.0
2025-10-16 00:00:00-04:00,31.31999969482422,31.6200008392334,30.739999771118164,31.190000534057617,503200,0.0,0.0
2025-10-17 00:00:00-04:00,31.139999389648438,31.59000015258789,30.81999969482422,31.420000076293945,489400,0.0,0.0
2025-10-20 00:00:00-04:00,31.84000015258789,32.79999923706055,31.700000762939453,32.40999984741211,624500,0.0,0.0
2025-10-21 00:00:00-04:00,32.400001525878906,32.529998779296875,32.099998474121094,32.25,524700,0.0,0.0
2025-10-22 00:00:00-04:00,32.5,33.25,32.209999084472656,32.7400016784668,756300,0.0,0.0
2025-10-23 00:00:00-04:00,32.779998779296875,33.27000045776367,32.38999938964844,32.540000915527344,696400,0.0,0.0
2025-10-24 00:00:00-04:00,32.869998931884766,33.400001525878906,32.560001373291016,32.869998931884766,533600,0.0,0.0
2025-10-27 00:00:00-04:00,33.34000015258789,34.279998779296875,32.86000061035156,32.86000061035156,729600,0.0,0.0
2025-10-28 00:00:00-04:00,32.52000045776367,32.959999084472656,32.4900016784668,32.86000061035156,526800,0.0,0.0
2025-10-29 00:00:00-04:00,32.529998779296875,33.130001068115234,31.860000610351562,31.989999771118164,552300,0.0,0.0
2025-10-30 00:00:00-04:00,31.68000030517578,31.959999084472656,30.520000457763672,30.690000534057617,729900,0.0,0.0
2025-10-31 00:00:00-04:00,30.34000015258789,31.299999237060547,29.760000228881836,31.239999771118164,960700,0.0,0.0
2025-11-03 00:00:00-05:00,31.139999389648438,31.459999084472656,30.68000030517578,31.3799991607666,824800,0.0,0.0
2025-11-04 00:00:00-05:00,30.979999542236328,31.889999389648438,30.979999542236328,31.440000534057617,978800,0.0,0.0
2025-11-05 00:00:00-05:00,31.149999618530273,32.11000061035156,31.020000457763672,31.489999771118164,1002100,0.0,0.0
2025-11-06 00:00:00-05:00,31.780000686645508,32.130001068115234,28.200000762939453,28.420000076293945,2484300,0.0,0.0
2025-11-07 00:00:00-05:00,27.950000762939453,28.899999618530273,27.520000457763672,28.059999465942383,1092900,0.0,0.0
2025-11-10 00:00:00-05:00,28.479999542236328,30.399999618530273,28.329999923706055,30.260000228881836,1204100,0.0,0.0
2025-11-11 00:00:00-05:00,30.6200008392334,31.530000686645508,30.530000686645508,31.510000228881836,886500,0.0,0.0
2025-11-12 00:00:00-05:00,31.579999923706055,32.40999984741211,31.239999771118164,31.239999771118164,821900,0.0,0.0
2025-11-13 00:00:00-05:00,30.649999618530273,31.809999465942383,30.59000015258789,30.8700008392334,565300,0.0,0.0
2025-11-14 00:00:00-05:00,30.350000381469727,30.729999542236328,29.690000534057617,29.989999771118164,598700,0.0,0.0
2025-11-17 00:00:00-05:00,29.780000686645508,29.899999618530273,28.170000076293945,28.299999237060547,796200,0.0,0.0
2025-11-18 00:00:00-05:00,28.200000762939453,28.799999237060547,27.690000534057617,28.239999771118164,850300,0.0,0.0
2025-11-19 00:00:00-05:00,28.389999389648438,28.389999389648438,27.040000915527344,27.170000076293945,633300,0.0,0.0
2025-11-20 00:00:00-05:00,27.549999237060547,28.270000457763672,26.690000534057617,26.829999923706055,725100,0.0,0.0
2025-11-21 00:00:00-05:00,27.010000228881836,29.34000015258789,26.799999237060547,28.770000457763672,891700,0.0,0.0
2025-11-24 00:00:00-05:00,28.829999923706055,29.670000076293945,28.56999969482422,29.600000381469727,807900,0.0,0.0
2025-11-25 00:00:00-05:00,30.149999618530273,30.850000381469727,29.780000686645508,30.43000030517578,918700,0.0,0.0
2025-11-26 00:00:00-05:00,30.170000076293945,30.739999771118164,30.1299991607666,30.309999465942383,717600,0.0,0.0
2025-11-28 00:00:00-05:00,30.610000610351562,30.75,30.200000762939453,30.270000457763672,236200,0.0,0.0
2025-12-01 00:00:00-05:00,30.479999542236328,30.93000030517578,29.299999237060547,29.360000610351562,972400,0.0,0.0
2025-12-02 00:00:00-05:00,29.59000015258789,30.190000534057617,29.010000228881836,29.3799991607666,676600,0.0,0.0
2025-12-03 00:00:00-05:00,29.309999465942383,29.8700008392334,28.959999084472656,29.280000686645508,626300,0.0,0.0
2025-12-04 00:00:00-05:00,29.25,29.260000228881836,27.84000015258789,27.959999084472656,787100,0.0,0.0
2025-12-05 00:00:00-05:00,28.020000457763672,28.520000457763672,26.729999542236328,27.020000457763672,1544000,0.0,0.0
2025-12-08 00:00:00-05:00,27.09000015258789,27.299999237060547,26.59000015258789,26.760000228881836,888800,0.0,0.0
2025-12-09 00:00:00-05:00,26.5,27.639999389648438,26.489999771118164,27.040000915527344,814700,0.0,0.0
2025-12-10 00:00:00-05:00,27.0,27.790000915527344,26.68000030517578,27.670000076293945,1138100,0.0,0.0
2025-12-11 00:00:00-05:00,27.600000381469727,28.270000457763672,27.3700008392334,27.81999969482422,921300,0.0,0.0
2025-12-12 00:00:00-05:00,27.5,28.09000015258789,26.190000534057617,26.469999313354492,1296800,0.0,0.0
2025-12-15 00:00:00-05:00,26.559999465942383,27.170000076293945,26.219999313354492,26.540000915527344,777300,0.0,0.0
2025-12-16 00:00:00-05:00,26.450000762939453,26.8700008392334,25.520000457763672,26.06999969482422,794500,0.0,0.0
2025-12-17 00:00:00-05:00,26.6299991607666,28.020000457763672,26.09000015258789,27.360000610351562,995800,0.0,0.0
2025-12-18 00:00:00-05:00,27.540000915527344,27.920000076293945,26.8700008392334,27.31999969482422,977300,0.0,0.0
2025-12-19 00:00:00-05:00,27.209999084472656,27.690000534057617,26.739999771118164,26.760000228881836,1309600,0.0,0.0
2025-12-22 00:00:00-05:00,26.81999969482422,27.65999984741211,26.600000381469727,27.200000762939453,784200,0.0,0.0
2025-12-23 00:00:00-05:00,26.920000076293945,27.110000610351562,26.15999984741211,26.309999465942383,851200,0.0,0.0
2025-12-24 00:00:00-05:00,26.709999084472656,26.889999389648438,26.5,26.860000610351562,434000,0.0,0.0
2025-12-26 00:00:00-05:00,26.81999969482422,27.389999389648438,26.68000030517578,27.389999389648438,626400,0.0,0.0
2025-12-29 00:00:00-05:00,27.389999389648438,27.639999389648438,26.829999923706055,27.079999923706055,1201800,0.0,0.0
2025-12-30 00:00:00-05:00,27.010000228881836,27.809999465942383,26.969999313354492,27.6200008392334,673000,0.0,0.0
2025-12-31 00:00:00-05:00,27.510000228881836,27.510000228881836,26.510000228881836,26.639999389648438,607800,0.0,0.0
2026-01-02 00:00:00-05:00,26.950000762939453,27.1299991607666,26.25,26.510000228881836,783600,0.0,0.0
2026-01-05 00:00:00-05:00,26.239999771118164,27.729999542236328,26.239999771118164,27.010000228881836,830600,0.0,0.0
2026-01-06 00:00:00-05:00,27.31999969482422,28.0,27.1299991607666,27.920000076293945,954400,0.0,0.0
2026-01-07 00:00:00-05:00,27.989999771118164,28.110000610351562,27.420000076293945,27.690000534057617,819000,0.0,0.0
2026-01-08 00:00:00-05:00,27.3799991607666,29.15999984741211,27.3799991607666,28.829999923706055,878800,0.0,0.0
2026-01-09 00:00:00-05:00,29.100000381469727,29.780000686645508,28.100000381469727,29.68000030517578,1143200,0.0,0.0
2026-01-12 00:00:00-05:00,29.739999771118164,29.889999389648438,26.8799991607666,26.950000762939453,1844600,0.0,0.0
2026-01-13 00:00:00-05:00,27.0,27.040000915527344,24.559999465942383,24.65999984741211,1565700,0.0,0.0
2026-01-14 00:00:00-05:00,24.489999771118164,24.790000915527344,23.579999923706055,24.270000457763672,1360600,0.0,0.0
2026-01-15 00:00:00-05:00,24.31999969482422,24.940000534057617,24.010000228881836,24.260000228881836,1251100,0.0,0.0
2026-01-16 00:00:00-05:00,23.93000030517578,24.809999465942383,23.8799991607666,23.969999313354492,804500,0.0,0.0
2026-01-20 00:00:00-05:00,23.200000762939453,23.809999465942383,22.979999542236328,23.09000015258789,876500,0.0,0.0
2026-01-21 00:00:00-05:00,23.260000228881836,23.899999618530273,23.110000610351562,23.68000030517578,980800,0.0,0.0
2026-01-22 00:00:00-05:00,24.079999923706055,24.459999084472656,23.469999313354492,23.549999237060547,1416600,0.0,0.0
2026-01-23 00:00:00-05:00,23.31999969482422,23.440000534057617,22.5,23.010000228881836,985700,0.0,0.0
2026-01-26 00:00:00-05:00,23.0,23.270000457763672,22.530000686645508,22.719999313354492,978000,0.0,0.0
2026-01-27 00:00:00-05:00,22.440000534057617,22.559999465942383,21.899999618530273,21.979999542236328,627800,0.0,0.0
2026-01-28 00:00:00-05:00,22.010000228881836,22.100000381469727,21.190000534057617,21.459999084472656,1337500,0.0,0.0
2026-01-29 00:00:00-05:00,21.450000762939453,22.739999771118164,21.0,22.709999084472656,1616900,0.0,0.0
2026-01-30 00:00:00-05:00,22.68000030517578,22.68000030517578,21.280000686645508,22.040000915527344,1024400,0.0,0.0
2026-02-02 00:00:00-05:00,21.969999313354492,22.780000686645508,21.719999313354492,22.170000076293945,1399300,0.0,0.0
2026-02-03 00:00:00-05:00,22.030000686645508,22.469999313354492,21.149999618530273,21.790000915527344,1450400,0.0,0.0
2026-02-04 00:00:00-05:00,21.950000762939453,23.3700008392334,21.790000915527344,22.809999465942383,1539600,0.0,0.0
2026-02-05 00:00:00-05:00,22.780000686645508,23.110000610351562,21.719999313354492,21.790000915527344,906300,0.0,0.0
2026-02-06 00:00:00-05:00,21.940000534057617,22.700000762939453,21.739999771118164,22.59000015258789,846800,0.0,0.0
2026-02-09 00:00:00-05:00,22.329999923706055,22.520000457763672,21.6200008392334,22.360000610351562,842300,0.0,0.0
2026-02-10 00:00:00-05:00,22.510000228881836,23.56999969482422,22.049999237060547,22.56999969482422,871500,0.0,0.0
2026-02-11 00:00:00-05:00,22.5,22.8700008392334,21.790000915527344,22.799999237060547,1074300,0.0,0.0
2026-02-12 00:00:00-05:00,22.93000030517578,23.18000030517578,21.729999542236328,21.90999984741211,1013800,0.0,0.0
2026-02-13 00:00:00-05:00,22.100000381469727,22.510000228881836,21.690000534057617,21.770000457763672,954400,0.0,0.0
2026-02-17 00:00:00-05:00,21.75,22.139999389648438,21.600000381469727,21.6299991607666,832900,0.0,0.0
2026-02-18 00:00:00-05:00,21.59000015258789,22.25,21.59000015258789,22.06999969482422,1416700,0.0,0.0
2026-02-19 00:00:00-05:00,21.950000762939453,22.3700008392334,21.770000457763672,22.299999237060547,1034700,0.0,0.0
2026-02-20 00:00:00-05:00,22.219999313354492,22.940000534057617,22.0,22.729999542236328,946300,0.0,0.0
2026-02-23 00:00:00-05:00,22.520000457763672,22.75,21.959999084472656,22.420000076293945,977100,0.0,0.0
2026-02-24 00:00:00-05:00,22.600000381469727,23.040000915527344,22.479999542236328,22.8799991607666,1168100,0.0,0.0
2026-02-25 00:00:00-05:00,22.860000610351562,23.020000457763672,21.8700008392334,22.31999969482422,2033300,0.0,0.0
2026-02-26 00:00:00-05:00,22.6200008392334,25.860000610351562,22.6200008392334,25.420000076293945,2700200,0.0,0.0
2026-02-27 00:00:00-05:00,25.5,26.40999984741211,25.18000030517578,25.469999313354492,1278700,0.0,0.0
2026-03-02 00:00:00-05:00,24.6200008392334,25.729999542236328,24.18000030517578,25.700000762939453,1163200,0.0,0.0
2026-03-03 00:00:00-05:00,24.889999389648438,25.489999771118164,23.8700008392334,25.290000915527344,867300,0.0,0.0
2026-03-04 00:00:00-05:00,25.690000534057617,26.010000228881836,24.75,25.790000915527344,1017200,0.0,0.0
2026-03-05 00:00:00-05:00,25.450000762939453,25.709999084472656,23.700000762939453,24.31999969482422,1449100,0.0,0.0
2026-03-06 00:00:00-05:00,24.280000686645508,24.610000610351562,23.6299991607666,24.510000228881836,911500,0.0,0.0
2026-03-09 00:00:00-04:00,23.329999923706055,24.799999237060547,22.6200008392334,24.65999984741211,1384100,0.0,0.0
2026-03-10 00:00:00-04:00,24.719999313354492,24.899999618530273,23.579999923706055,23.889999389648438,975200,0.0,0.0
2026-03-11 00:00:00-04:00,23.790000915527344,24.889999389648438,23.440000534057617,24.84000015258789,747900,0.0,0.0
2026-03-12 00:00:00-04:00,24.520000457763672,24.649999618530273,23.229999542236328,23.389999389648438,1036700,0.0,0.0
2026-03-13 00:00:00-04:00,23.68000030517578,24.110000610351562,22.780000686645508,22.989999771118164,978100,0.0,0.0
2026-03-16 00:00:00-04:00,23.25,23.59000015258789,23.079999923706055,23.209999084472656,988500,0.0,0.0
2026-03-17 00:00:00-04:00,23.520000457763672,24.440000534057617,23.399999618530273,23.459999084472656,816700,0.0,0.0
2026-03-18 00:00:00-04:00,23.34000015258789,23.579999923706055,22.93000030517578,22.940000534057617,1125200,0.0,0.0
2026-03-19 00:00:00-04:00,22.649999618530273,23.219999313354492,22.149999618530273,22.56999969482422,701800,0.0,0.0
2026-03-20 00:00:00-04:00,22.639999389648438,22.8700008392334,21.399999618530273,21.850000381469727,1577000,0.0,0.0
2026-03-23 00:00:00-04:00,22.639999389648438,23.290000915527344,21.969999313354492,22.510000228881836,1009700,0.0,0.0
2026-03-24 00:00:00-04:00,22.149999618530273,22.719999313354492,21.65999984741211,22.110000610351562,579400,0.0,0.0
2026-03-25 00:00:00-04:00,22.649999618530273,23.030000686645508,21.809999465942383,22.6200008392334,627900,0.0,0.0
2026-03-26 00:00:00-04:00,22.309999465942383,23.399999618530273,22.309999465942383,23.3700008392334,555600,0.0,0.0
2026-03-27 00:00:00-04:00,23.299999237060547,23.600000381469727,21.799999237060547,21.81999969482422,636700,0.0,0.0
2026-03-30 00:00:00-04:00,22.139999389648438,22.34000015258789,21.479999542236328,21.690000534057617,818200,0.0,0.0
2026-03-31 00:00:00-04:00,22.139999389648438,22.8700008392334,21.59000015258789,22.75,838600,0.0,0.0
2026-04-01 00:00:00-04:00,22.809999465942383,23.399999618530273,22.43000030517578,23.3700008392334,639000,0.0,0.0
2026-04-02 00:00:00-04:00,22.75,23.690000534057617,22.15999984741211,22.639999389648438,609100,0.0,0.0
2026-04-06 00:00:00-04:00,22.329999923706055,22.760000228881836,22.229999542236328,22.760000228881836,638400,0.0,0.0
2026-04-07 00:00:00-04:00,22.68000030517578,23.010000228881836,22.18000030517578,22.520000457763672,559300,0.0,0.0
2026-04-08 00:00:00-04:00,24.010000228881836,24.510000228881836,23.56999969482422,23.790000915527344,779900,0.0,0.0
2026-04-09 00:00:00-04:00,23.559999465942383,24.020000457763672,23.100000381469727,24.0,547300,0.0,0.0
2026-04-10 00:00:00-04:00,24.209999084472656,24.5,23.889999389648438,24.420000076293945,511000,0.0,0.0
2026-04-13 00:00:00-04:00,24.170000076293945,25.200000762939453,24.010000228881836,24.860000610351562,782500,0.0,0.0
2026-04-14 00:00:00-04:00,24.8700008392334,25.65999984741211,24.8700008392334,25.100000381469727,505000,0.0,0.0
2026-04-15 00:00:00-04:00,25.06999969482422,25.559999465942383,24.989999771118164,25.329999923706055,430500,0.0,0.0
2026-04-16 00:00:00-04:00,25.3799991607666,25.950000762939453,25.15999984741211,25.200000762939453,757200,0.0,0.0
2026-04-17 00:00:00-04:00,25.5,27.040000915527344,25.450000762939453,26.31999969482422,1755200,0.0,0.0
2026-04-20 00:00:00-04:00,26.059999465942383,26.790000915527344,25.989999771118164,26.270000457763672,525500,0.0,0.0
2026-04-21 00:00:00-04:00,26.270000457763672,26.639999389648438,23.719999313354492,23.729999542236328,1376100,0.0,0.0
2026-04-22 00:00:00-04:00,24.010000228881836,24.799999237060547,23.3799991607666,23.760000228881836,906000,0.0,0.0
2026-04-23 00:00:00-04:00,23.450000762939453,23.93000030517578,22.139999389648438,22.809999465942383,1539700,0.0,0.0
2026-04-24 00:00:00-04:00,22.65999984741211,24.100000381469727,22.3799991607666,24.100000381469727,835200,0.0,0.0
2026-04-27 00:00:00-04:00,24.1200008392334,25.18000030517578,24.100000381469727,24.540000915527344,799400,0.0,0.0
2026-04-28 00:00:00-04:00,24.530000686645508,24.719999313354492,22.940000534057617,23.399999618530273,746200,0.0,0.0
2026-04-29 00:00:00-04:00,23.09000015258789,23.290000915527344,22.260000228881836,22.489999771118164,608700,0.0,0.0
2026-04-30 00:00:00-04:00,22.389999389648438,23.459999084472656,22.229999542236328,23.440000534057617,1178300,0.0,0.0
2026-05-01 00:00:00-04:00,23.6200008392334,23.780000686645508,23.139999389648438,23.6200008392334,671000,0.0,0.0
2026-05-04 00:00:00-04:00,23.520000457763672,23.829999923706055,22.989999771118164,23.34000015258789,892400,0.0,0.0
2026-05-05 00:00:00-04:00,23.520000457763672,24.700000762939453,23.229999542236328,24.1200008392334,1028700,0.0,0.0
2026-05-06 00:00:00-04:00,24.670000076293945,25.270000457763672,24.479999542236328,24.850000381469727,1096500,0.0,0.0
2026-05-07 00:00:00-04:00,25.139999389648438,27.75,24.950000762939453,27.25,1940800,0.0,0.0
2026-05-08 00:00:00-04:00,27.239999771118164,27.889999389648438,26.229999542236328,26.520000457763672,1537900,0.0,0.0
2026-05-11 00:00:00-04:00,26.149999618530273,26.600000381469727,24.110000610351562,24.780000686645508,1520900,0.0,0.0
2026-05-12 00:00:00-04:00,24.889999389648438,26.239999771118164,24.65999984741211,25.989999771118164,2441100,0.0,0.0
2026-05-13 00:00:00-04:00,25.479999542236328,25.979999542236328,25.270000457763672,25.700000762939453,1089200,0.0,0.0
2026-05-14 00:00:00-04:00,26.15999984741211,26.65999984741211,25.690000534057617,26.1200008392334,868500,0.0,0.0
2026-05-15 00:00:00-04:00,25.889999389648438,26.229999542236328,23.809999465942383,24.290000915527344,1262400,0.0,0.0
2026-05-18 00:00:00-04:00,24.350000381469727,25.6200008392334,24.260000228881836,25.25,1269400,0.0,0.0
2026-05-19 00:00:00-04:00,25.3799991607666,25.979999542236328,24.670000076293945,25.760000228881836,1037800,0.0,0.0
2026-05-20 00:00:00-04:00,25.719999313354492,26.649999618530273,25.329999923706055,26.459999084472656,596700,0.0,0.0
2026-05-21 00:00:00-04:00,25.969999313354492,26.079999923706055,24.440000534057617,24.59000015258789,1445200,0.0,0.0
2026-05-22 00:00:00-04:00,24.5,25.290000915527344,24.1200008392334,24.190000534057617,912100,0.0,0.0
2026-05-26 00:00:00-04:00,24.420000076293945,25.030000686645508,24.229999542236328,24.280000686645508,1161200,0.0,0.0
2026-05-27 00:00:00-04:00,24.6200008392334,24.6299991607666,22.510000228881836,23.110000610351562,1289400,0.0,0.0
2026-05-28 00:00:00-04:00,22.700000762939453,23.299999237060547,22.510000228881836,23.040000915527344,1118600,0.0,0.0
2026-05-29 00:00:00-04:00,22.8799991607666,23.15999984741211,22.540000915527344,22.68000030517578,893900,0.0,0.0
2026-06-01 00:00:00-04:00,22.219999313354492,22.729999542236328,21.549999237060547,21.700000762939453,1340800,0.0,0.0
2026-06-02 00:00:00-04:00,21.5,21.940000534057617,20.81999969482422,21.940000534057617,1338400,0.0,0.0
2026-06-03 00:00:00-04:00,21.799999237060547,22.389999389648438,21.309999465942383,21.559999465942383,1040900,0.0,0.0
2026-06-04 00:00:00-04:00,22.190000534057617,23.1299991607666,22.06999969482422,22.860000610351562,766500,0.0,0.0
2026-06-05 00:00:00-04:00,23.030000686645508,23.84000015258789,22.8799991607666,23.780000686645508,709600,0.0,0.0
2026-06-08 00:00:00-04:00,23.719999313354492,24.219999313354492,23.329999923706055,23.68000030517578,694100,0.0,0.0
2026-06-09 00:00:00-04:00,23.989999771118164,24.579999923706055,23.5,23.959999084472656,979200,0.0,0.0
2026-06-10 00:00:00-04:00,23.889999389648438,24.270000457763672,21.799999237060547,21.969999313354492,1515000,0.0,0.0
2026-06-11 00:00:00-04:00,21.920000076293945,21.920000076293945,20.549999237060547,21.1200008392334,1502400,0.0,0.0
2026-06-12 00:00:00-04:00,20.989999771118164,21.8799991607666,20.649999618530273,21.799999237060547,907700,0.0,0.0
2026-06-15 00:00:00-04:00,22.3700008392334,22.709999084472656,20.799999237060547,20.979999542236328,845400,0.0,0.0
2026-06-16 00:00:00-04:00,21.389999389648438,21.899999618530273,21.049999237060547,21.579999923706055,1076300,0.0,0.0
2026-06-17 00:00:00-04:00,21.6200008392334,22.139999389648438,20.610000610351562,20.850000381469727,1101700,0.0,0.0
2026-06-18 00:00:00-04:00,20.90999984741211,22.0,20.8799991607666,21.969999313354492,1799400,0.0,0.0
2026-06-22 00:00:00-04:00,21.920000076293945,22.239999771118164,21.239999771118164,21.299999237060547,1097500,0.0,0.0
2026-06-23 00:00:00-04:00,21.290000915527344,21.59000015258789,21.059999465942383,21.149999618530273,873000,0.0,0.0
2026-06-24 00:00:00-04:00,21.270000457763672,21.979999542236328,21.18000030517578,21.3799991607666,1225500,0.0,0.0
2026-06-25 00:00:00-04:00,21.690000534057617,22.549999237060547,21.6299991607666,22.010000228881836,747500,0.0,0.0
2026-06-26 00:00:00-04:00,22.149999618530273,22.709999084472656,21.829999923706055,22.709999084472656,1929500,0.0,0.0
2026-06-29 00:00:00-04:00,22.549999237060547,22.649999618530273,21.799999237060547,22.020000457763672,1403500,0.0,0.0
2026-06-30 00:00:00-04:00,21.809999465942383,21.829999923706055,19.139999389648438,20.700000762939453,2373300,0.0,0.0
2026-07-01 00:00:00-04:00,21.010000228881836,21.6200008392334,19.860000610351562,20.040000915527344,1502900,0.0,0.0
2026-07-02 00:00:00-04:00,20.59000015258789,22.709999084472656,20.229999542236328,22.5,1302500,0.0,0.0
2026-07-06 00:00:00-04:00,22.989999771118164,26.149999618530273,22.93000030517578,25.899999618530273,2155000,0.0,0.0
2026-07-07 00:00:00-04:00,26.059999465942383,26.5,25.100000381469727,25.520000457763672,989200,0.0,0.0
2026-07-08 00:00:00-04:00,25.0,25.0,23.479999542236328,23.6299991607666,1213800,0.0,0.0
2026-07-09 00:00:00-04:00,23.510000228881836,25.299999237060547,23.31999969482422,25.219999313354492,1940900,0.0,0.0
2026-07-10 00:00:00-04:00,25.600000381469727,25.850000381469727,24.829999923706055,25.75,768200,0.0,0.0
2026-07-13 00:00:00-04:00,25.84000015258789,27.079999923706055,25.799999237060547,26.25,914600,0.0,0.0
2026-07-14 00:00:00-04:00,25.860000610351562,25.860000610351562,24.649999618530273,24.649999618530273,859500,0.0,0.0
2026-07-15 00:00:00-04:00,24.450000762939453,26.170000076293945,24.450000762939453,25.59000015258789,994000,0.0,0.0
2026-07-16 00:00:00-04:00,26.09000015258789,28.15999984741211,26.09000015258789,28.06999969482422,1369800,0.0,0.0
2026-07-17 00:00:00-04:00,27.719999313354492,28.690000534057617,26.479999542236328,27.06999969482422,987200,0.0,0.0
2026-07-20 00:00:00-04:00,26.989999771118164,27.450000762939453,26.25,26.84000015258789,876800,0.0,0.0
2026-07-21 00:00:00-04:00,26.299999237060547,27.1200008392334,26.299999237060547,27.100000381469727,844100,0.0,0.0
2026-07-22 00:00:00-04:00,27.209999084472656,27.260000228881836,26.290000915527344,26.549999237060547,498000,0.0,0.0
2026-07-23 00:00:00-04:00,25.940000534057617,26.309999465942383,25.399999618530273,26.059999465942383,826600,0.0,0.0
2026-07-24 00:00:00-04:00,26.260000228881836,27.18000030517578,25.84000015258789,27.030000686645508,851000,0.0,0.0
2026-07-27 00:00:00-04:00,27.469999313354492,28.299999237060547,27.469999313354492,28.25,827700,0.0,0.0
2026-07-28 00:00:00-04:00,29.1200008392334,30.0,28.790000915527344,29.520000457763672,1302000,0.0,0.0
2026-07-29 00:00:00-04:00,29.389999389648438,30.530000686645508,29.389999389648438,30.260000228881836,1083100,0.0,0.0
2026-07-30 00:00:00-04:00,29.829999923706055,30.479999542236328,29.239999771118164,29.299999237060547,869500,0.0,0.0
2026-07-31 00:00:00-04:00,28.790000915527344,29.309999465942383,28.219999313354492,29.149999618530273,770000,0.0,0.0
2026-08-03 00:00:00-04:00,29.93000030517578,31.520000457763672,29.93000030517578,31.420000076293945,1590500,0.0,0.0
2026-08-04 00:00:00-04:00,31.059999465942383,31.670000076293945,30.5,30.860000610351562,1365700,0.0,0.0
2026-08-05 00:00:00-04:00,31.020000457763672,31.100000381469727,30.0,30.18000030517578,1504400,0.0,0.0
2026-08-06 00:00:00-04:00,28.860000610351562,28.860000610351562,25.469999313354492,26.309999465942383,3127500,0.0,0.0
2026-08-07 00:00:00-04:00,25.719999313354492,26.81999969482422,24.649999618530273,26.610000610351562,2057096,0.0,0.0
