Date,Open,High,Low,Close,Volume,Dividends,Stock Splits,Capital Gains
2022-02-17 00:00:00-05:00,37.56721198975193,37.56721198975193,37.544713077836455,37.55221176147461,300,0.0,0.0,0.0
2022-02-18 00:00:00-05:00,37.64220344875737,37.657203674316406,37.64220344875737,37.657203674316406,200,0.0,0.0,0.0
2022-02-22 00:00:00-05:00,37.597204985003664,37.597204985003664,37.574703216552734,37.574703216552734,200,0.0,0.0,0.0
2022-02-23 00:00:00-05:00,37.58971594069611,37.58971594069611,37.57846648323034,37.587467193603516,800,0.0,0.0,0.0
2022-02-24 00:00:00-05:00,37.609214782714844,37.609214782714844,37.609214782714844,37.609214782714844,100,0.0,0.0,0.0
2022-02-25 00:00:00-05:00,37.9122183996413,37.953468322753906,37.9122183996413,37.953468322753906,300,0.0,0.0,0.0
2022-02-28 00:00:00-05:00,38.07345107279217,38.07345107279217,37.95570373535156,37.95570373535156,1000,0.0,0.0,0.0
2022-03-01 00:00:00-05:00,37.86346435546875,37.86346435546875,37.86346435546875,37.86346435546875,100,0.0,0.0,0.0
2022-03-02 00:00:00-05:00,37.88971621826775,38.026214599609375,37.88971621826775,38.026214599609375,300,0.0,0.0,0.0
2022-03-03 00:00:00-05:00,37.9984603054028,37.9984603054028,37.93770980834961,37.93770980834961,200,0.0,0.0,0.0
2022-03-04 00:00:00-05:00,37.70820617675781,37.70820617675781,37.70820617675781,37.70820617675781,100,0.0,0.0,0.0
2022-03-07 00:00:00-05:00,37.316715240478516,37.316715240478516,37.316715240478516,37.316715240478516,100,0.0,0.0,0.0
2022-03-08 00:00:00-05:00,37.31220952833117,37.31220952833117,37.24095916748047,37.24095916748047,200,0.0,0.0,0.0
2022-03-09 00:00:00-05:00,37.55971430584186,37.55971430584186,37.55821228027344,37.55821228027344,200,0.0,0.0,0.0
2022-03-10 00:00:00-05:00,37.244720458984375,37.2972198362287,37.244720458984375,37.244720458984375,700,0.0,0.0,0.0
2022-03-11 00:00:00-05:00,36.958980560302734,36.958980560302734,36.958980560302734,36.958980560302734,100,0.0,0.0,0.0
2022-03-14 00:00:00-04:00,36.74970334703542,36.74970334703542,36.50595474243164,36.50595474243164,200,0.0,0.0,0.0
2022-03-15 00:00:00-04:00,36.88473558216689,36.88473558216689,36.81798553466797,36.81798553466797,400,0.0,0.0,0.0
2022-03-16 00:00:00-04:00,37.25822067260742,37.25822067260742,37.25822067260742,37.25822067260742,100,0.0,0.0,0.0
2022-03-17 00:00:00-04:00,37.492216360982454,37.52521514892578,37.42321473382647,37.52521514892578,200,0.0,0.0,0.0
2022-03-18 00:00:00-04:00,37.514726719001494,37.65647506713867,37.514726719001494,37.65647506713867,200,0.0,0.0,0.0
2022-03-21 00:00:00-04:00,37.63470179461721,37.63470179461721,37.282203674316406,37.282203674316406,900,0.0,0.0,0.0
2022-03-22 00:00:00-04:00,37.45623779296875,37.45623779296875,37.45623779296875,37.45623779296875,100,0.0,0.0,0.0
2022-03-23 00:00:00-04:00,37.327980041503906,37.327980041503906,37.327980041503906,37.327980041503906,100,0.0,0.0,0.0
2022-03-24 00:00:00-04:00,37.390960693359375,37.390960693359375,37.390960693359375,37.390960693359375,100,0.0,0.0,0.0
2022-03-25 00:00:00-04:00,37.165225982666016,37.165225982666016,37.165225982666016,37.165225982666016,100,0.0,0.0,0.0
2022-03-28 00:00:00-04:00,37.139719687959314,37.355716705322266,37.139719687959314,37.355716705322266,200,0.0,0.0,0.0
2022-03-29 00:00:00-04:00,37.81674575805664,37.81674575805664,37.81674575805664,37.81674575805664,100,0.301,0.0,0.0
2022-03-30 00:00:00-04:00,37.75035389737719,37.75035389737719,37.70357131958008,37.70357131958008,300,0.0,0.0,0.0
2022-03-31 00:00:00-04:00,37.56775665283203,37.56775665283203,37.56775665283203,37.56775665283203,100,0.0,0.0,0.0
2022-04-01 00:00:00-04:00,37.591888427734375,37.591888427734375,37.591888427734375,37.591888427734375,100,0.0,0.0,0.0
2022-04-04 00:00:00-04:00,37.65979101199221,37.86125564575195,37.65979101199221,37.86125564575195,100,0.0,0.0,0.0
2022-04-05 00:00:00-04:00,37.667355992786604,37.667355992786604,37.403263092041016,37.403263092041016,500,0.0,0.0,0.0
2022-04-06 00:00:00-04:00,37.056162369269394,37.11501693725586,37.056162369269394,37.11501693725586,300,0.0,0.0,0.0
2022-04-07 00:00:00-04:00,37.12406646548232,37.12406646548232,37.01691818237305,37.01691818237305,1500,0.0,0.0,0.0
2022-04-08 00:00:00-04:00,36.818477630615234,36.818477630615234,36.818477630615234,36.818477630615234,100,0.0,0.0,0.0
2022-04-11 00:00:00-04:00,36.724154492663814,36.724154492663814,36.515899658203125,36.515899658203125,700,0.0,0.0,0.0
2022-04-12 00:00:00-04:00,36.89015018154435,36.89015018154435,36.789794921875,36.789794921875,200,0.0,0.0,0.0
2022-04-13 00:00:00-04:00,37.01543045043945,37.01543045043945,37.01543045043945,37.01543045043945,100,0.0,0.0,0.0
2022-04-14 00:00:00-04:00,37.01088771412469,37.01088771412469,36.7641487121582,36.7641487121582,200,0.0,0.0,0.0
2022-04-18 00:00:00-04:00,36.73171068061794,36.73171068061794,36.701527811947045,36.7022819519043,400,0.0,0.0,0.0
2022-04-19 00:00:00-04:00,36.70151901245117,36.70151901245117,36.70151901245117,36.70151901245117,200,0.0,0.0,0.0
2022-04-20 00:00:00-04:00,36.79206311754822,36.799610271776466,36.77320098876953,36.77320098876953,1000,0.0,0.0,0.0
2022-04-21 00:00:00-04:00,36.76566472634196,36.76566472634196,36.520436830798715,36.525718688964844,800,0.0,0.0,0.0
2022-04-22 00:00:00-04:00,36.49023483868731,36.49023483868731,36.334041595458984,36.334041595458984,200,0.0,0.0,0.0
2022-04-25 00:00:00-04:00,36.334041595458984,36.334041595458984,36.334041595458984,36.334041595458984,0,0.0,0.0,0.0
2022-04-26 00:00:00-04:00,36.3906364440918,36.3906364440918,36.3906364440918,36.3906364440918,100,0.0,0.0,0.0
2022-04-27 00:00:00-04:00,36.376250782664,36.376250782664,36.14283752441406,36.14283752441406,300,0.209,0.0,0.0
2022-04-28 00:00:00-04:00,36.133736846540245,36.361087799072266,36.133736846540245,36.361087799072266,300,0.0,0.0,0.0
2022-04-29 00:00:00-04:00,36.186020922584824,36.186020922584824,35.91244125366211,35.91244125366211,100,0.0,0.0,0.0
2022-05-02 00:00:00-04:00,35.89426040649414,35.89426040649414,35.89426040649414,35.89426040649414,100,0.0,0.0,0.0
2022-05-03 00:00:00-04:00,36.09130096435547,36.09130096435547,36.09130096435547,36.09130096435547,100,0.0,0.0,0.0
2022-05-04 00:00:00-04:00,36.505828857421875,36.505828857421875,36.505828857421875,36.505828857421875,100,0.0,0.0,0.0
2022-05-05 00:00:00-04:00,36.30046952783477,36.30046952783477,35.86471176147461,35.86471176147461,1100,0.0,0.0,0.0
2022-05-06 00:00:00-04:00,35.860904236029356,35.860904236029356,35.62597334777234,35.720703125,1300,0.0,0.0,0.0
2022-05-09 00:00:00-04:00,35.49716329995721,35.49716329995721,35.3054313659668,35.3054313659668,300,0.0,0.0,0.0
2022-05-10 00:00:00-04:00,35.50244903564453,35.50244903564453,35.50244903564453,35.50244903564453,100,0.0,0.0,0.0
2022-05-11 00:00:00-04:00,35.33271408081055,35.33271408081055,35.33271408081055,35.33271408081055,100,0.0,0.0,0.0
2022-05-12 00:00:00-04:00,35.28496455341058,35.28496455341058,35.2470703125,35.2470703125,100,0.0,0.0,0.0
2022-05-13 00:00:00-04:00,35.30768966674805,35.30768966674805,35.30768966674805,35.30768966674805,100,0.0,0.0,0.0
2022-05-16 00:00:00-04:00,35.45168528654,35.45168528654,35.22584915161133,35.22584915161133,900,0.0,0.0,0.0
2022-05-17 00:00:00-04:00,35.22811508178711,35.22811508178711,35.22811508178711,35.22811508178711,0,0.0,0.0,0.0
2022-05-18 00:00:00-04:00,34.97425079345703,34.97425079345703,34.97425079345703,34.97425079345703,100,0.0,0.0,0.0
2022-05-19 00:00:00-04:00,35.21674728393555,35.21674728393555,35.21674728393555,35.21674728393555,100,0.0,0.0,0.0
2022-05-20 00:00:00-04:00,35.35316530994948,35.35316530994948,35.1849250793457,35.1849250793457,200,0.0,0.0,0.0
2022-05-23 00:00:00-04:00,35.227359771728516,35.227359771728516,35.227359771728516,35.227359771728516,100,0.0,0.0,0.0
2022-05-24 00:00:00-04:00,35.186434955757534,35.455467224121094,35.186434955757534,35.455467224121094,200,0.0,0.0,0.0
2022-05-25 00:00:00-04:00,35.96549987792969,35.96549987792969,35.96549987792969,35.96549987792969,100,0.0,0.0,0.0
2022-05-26 00:00:00-04:00,36.510459899902344,36.510459899902344,36.510459899902344,36.510459899902344,100,0.205,0.0,0.0
2022-05-27 00:00:00-04:00,36.90548545030194,36.90548545030194,36.876564025878906,36.876564025878906,200,0.0,0.0,0.0
2022-05-31 00:00:00-04:00,36.59494622710301,36.59494622710301,36.56373977661133,36.56373977661133,300,0.0,0.0,0.0
2022-06-01 00:00:00-04:00,36.45794677734375,36.45794677734375,36.45794677734375,36.45794677734375,200,0.0,0.0,0.0
2022-06-02 00:00:00-04:00,36.591156005859375,36.591156005859375,36.591156005859375,36.591156005859375,100,0.0,0.0,0.0
2022-06-03 00:00:00-04:00,36.39706198656506,36.39706198656506,36.332366943359375,36.332366943359375,500,0.0,0.0,0.0
2022-06-06 00:00:00-04:00,36.08498764038086,36.08498764038086,36.08498764038086,36.08498764038086,100,0.0,0.0,0.0
2022-06-07 00:00:00-04:00,36.186222076416016,36.186222076416016,36.186222076416016,36.186222076416016,100,0.0,0.0,0.0
2022-06-08 00:00:00-04:00,35.8376350402832,35.8376350402832,35.8376350402832,35.8376350402832,100,0.0,0.0,0.0
2022-06-09 00:00:00-04:00,35.71051277656019,35.74933211121859,35.506532706471134,35.5110969543457,1900,0.0,0.0,0.0
2022-06-10 00:00:00-04:00,35.057477657283336,35.1587070116447,34.82913744949917,34.92656326293945,1100,0.0,0.0,0.0
2022-06-13 00:00:00-04:00,34.060387571335326,34.060387571335326,33.861732482910156,33.861732482910156,200,0.0,0.0,0.0
2022-06-14 00:00:00-04:00,34.01472854614258,34.01472854614258,34.01472854614258,34.01472854614258,100,0.0,0.0,0.0
2022-06-15 00:00:00-04:00,34.6533203125,34.6533203125,34.6533203125,34.6533203125,100,0.0,0.0,0.0
2022-06-16 00:00:00-04:00,34.09843664485672,34.09843664485672,34.03526306152344,34.03526306152344,500,0.0,0.0,0.0
2022-06-17 00:00:00-04:00,34.215660095214844,34.215660095214844,34.215660095214844,34.215660095214844,100,0.0,0.0,0.0
2022-06-21 00:00:00-04:00,34.09464645385742,34.09464645385742,34.09464645385742,34.09464645385742,100,0.0,0.0,0.0
2022-06-22 00:00:00-04:00,34.20501899835045,34.20501899835045,34.13423538208008,34.13423538208008,1400,0.0,0.0,0.0
2022-06-23 00:00:00-04:00,34.369415283203125,34.369415283203125,34.369415283203125,34.369415283203125,100,0.0,0.0,0.0
2022-06-24 00:00:00-04:00,34.54218673706055,34.54218673706055,34.54218673706055,34.54218673706055,100,0.0,0.0,0.0
2022-06-27 00:00:00-04:00,34.60840220743105,34.60840220743105,34.34200634950809,34.350379943847656,1800,0.0,0.0,0.0
2022-06-28 00:00:00-04:00,34.03520584106445,34.03520584106445,34.03520584106445,34.03520584106445,100,0.226,0.0,0.0
2022-06-29 00:00:00-04:00,33.91666030883789,33.91666030883789,33.91666030883789,33.91666030883789,100,0.0,0.0,0.0
2022-06-30 00:00:00-04:00,33.85240936279297,33.85240936279297,33.85240936279297,33.85240936279297,100,0.0,0.0,0.0
2022-07-01 00:00:00-04:00,34.1086540222168,34.1086540222168,34.1086540222168,34.1086540222168,100,0.0,0.0,0.0
2022-07-05 00:00:00-04:00,34.05588150024414,34.05588150024414,34.05588150024414,34.05588150024414,100,0.0,0.0,0.0
2022-07-06 00:00:00-04:00,33.980140686035156,33.980140686035156,33.980140686035156,33.980140686035156,100,0.0,0.0,0.0
2022-07-07 00:00:00-04:00,34.48578643798828,34.48578643798828,34.48578643798828,34.48578643798828,100,0.0,0.0,0.0
2022-07-08 00:00:00-04:00,34.49188886683085,34.53013610839844,34.49188886683085,34.53013610839844,200,0.0,0.0,0.0
2022-07-11 00:00:00-04:00,34.33815002441406,34.33815002441406,34.33815002441406,34.33815002441406,100,0.0,0.0,0.0
2022-07-12 00:00:00-04:00,34.43988037109375,34.43988037109375,34.43988037109375,34.43988037109375,100,0.0,0.0,0.0
2022-07-13 00:00:00-04:00,34.416934967041016,34.416934967041016,34.416934967041016,34.416934967041016,100,0.0,0.0,0.0
2022-07-14 00:00:00-04:00,34.36874771118164,34.36874771118164,34.36874771118164,34.36874771118164,100,0.0,0.0,0.0
2022-07-15 00:00:00-04:00,34.76346206665039,34.76346206665039,34.76346206665039,34.76346206665039,100,0.0,0.0,0.0
2022-07-18 00:00:00-04:00,34.774929331585035,34.774929331585035,34.3893928527832,34.3893928527832,800,0.0,0.0,0.0
2022-07-19 00:00:00-04:00,34.67549161914228,34.93939971923828,34.67549161914228,34.93939971923828,100,0.0,0.0,0.0
2022-07-20 00:00:00-04:00,35.18800695847778,35.18800695847778,35.16046905517578,35.16046905517578,1100,0.0,0.0,0.0
2022-07-21 00:00:00-04:00,35.3639472878621,35.577369689941406,35.3639472878621,35.577369689941406,2000,0.0,0.0,0.0
2022-07-22 00:00:00-04:00,35.60875111844144,35.60875111844144,35.4825325012207,35.4825325012207,200,0.0,0.0,0.0
2022-07-25 00:00:00-04:00,35.47868427940449,35.48786163330078,35.47868427940449,35.48786163330078,1000,0.0,0.0,0.0
2022-07-26 00:00:00-04:00,35.2530403137207,35.2530403137207,35.2530403137207,35.2530403137207,100,0.0,0.0,0.0
2022-07-27 00:00:00-04:00,35.473637202916755,35.58970260620117,35.46594896586015,35.58970260620117,900,0.222,0.0,0.0
2022-07-28 00:00:00-04:00,35.90407408552386,36.01937414982825,35.90407408552386,35.98094177246094,500,0.0,0.0,0.0
2022-07-29 00:00:00-04:00,36.070892333984375,36.070892333984375,36.070892333984375,36.070892333984375,100,0.0,0.0,0.0
2022-08-01 00:00:00-04:00,36.119308307009376,36.119308307009376,36.019381758982746,36.06934356689453,7100,0.0,0.0,0.0
2022-08-02 00:00:00-04:00,36.03474790246559,36.03474790246559,35.98478317260742,35.98478317260742,700,0.0,0.0,0.0
2022-08-03 00:00:00-04:00,36.28456497192383,36.28456497192383,36.28456497192383,36.28456497192383,100,0.0,0.0,0.0
2022-08-04 00:00:00-04:00,36.33299790386499,36.37296676635742,36.33299790386499,36.37296676635742,1000,0.0,0.0,0.0
2022-08-05 00:00:00-04:00,36.2038630172589,36.24613952636719,36.2038630172589,36.24613952636719,500,0.0,0.0,0.0
2022-08-08 00:00:00-04:00,36.32685473103554,36.32685473103554,36.268436431884766,36.268436431884766,600,0.0,0.0,0.0
2022-08-09 00:00:00-04:00,36.05935287475586,36.05935287475586,36.05935287475586,36.05935287475586,100,0.0,0.0,0.0
2022-08-10 00:00:00-04:00,36.50365271839161,36.56053161621094,36.50365271839161,36.56053161621094,1500,0.0,0.0,0.0
2022-08-11 00:00:00-04:00,36.62279498941876,36.62279498941876,36.41525650024414,36.41525650024414,2000,0.0,0.0,0.0
2022-08-12 00:00:00-04:00,36.588197463812875,36.764991760253906,36.53439152392345,36.764991760253906,800,0.0,0.0,0.0
2022-08-15 00:00:00-04:00,36.74960988912258,36.74960988912258,36.6981086730957,36.6981086730957,300,0.0,0.0,0.0
2022-08-16 00:00:00-04:00,36.680433651955006,36.680433651955006,36.55360412597656,36.55360412597656,400,0.0,0.0,0.0
2022-08-17 00:00:00-04:00,36.273055217993196,36.273055217993196,36.21310043334961,36.21310043334961,800,0.0,0.0,0.0
2022-08-18 00:00:00-04:00,36.29611227334842,36.303797580242374,36.29611227334842,36.29995346069336,1400,0.0,0.0,0.0
2022-08-19 00:00:00-04:00,36.12699661966925,36.12699661966925,35.892555236816406,35.892555236816406,800,0.0,0.0,0.0
2022-08-22 00:00:00-04:00,35.573557655451474,35.573557655451474,35.52897644042969,35.52897644042969,300,0.0,0.0,0.0
2022-08-23 00:00:00-04:00,35.64658737182617,35.64658737182617,35.64658737182617,35.64658737182617,100,0.0,0.0,0.0
2022-08-24 00:00:00-04:00,35.72652762363155,35.72652762363155,35.681175231933594,35.681175231933594,400,0.0,0.0,0.0
2022-08-25 00:00:00-04:00,35.796482919078464,35.98403549194336,35.796482919078464,35.98403549194336,200,0.0,0.0,0.0
2022-08-26 00:00:00-04:00,35.97327255300622,35.97327255300622,35.41215133666992,35.41215133666992,500,0.0,0.0,0.0
2022-08-29 00:00:00-04:00,35.1758004897166,35.35267981752694,35.17502851550517,35.30247497558594,3400,0.223,0.0,0.0
2022-08-30 00:00:00-04:00,35.005090745670365,35.11708885282747,35.001227929157174,35.09391784667969,2900,0.0,0.0,0.0
2022-08-31 00:00:00-04:00,34.95102021749834,34.95102021749834,34.86528396606445,34.86528396606445,200,0.0,0.0,0.0
2022-09-01 00:00:00-04:00,34.68839872991962,34.961055755615234,34.68839872991962,34.961055755615234,200,0.0,0.0,0.0
2022-09-02 00:00:00-04:00,35.19048206692736,35.19048206692736,34.92400360107422,34.92400360107422,100,0.0,0.0,0.0
2022-09-06 00:00:00-04:00,34.90467807605567,34.90467807605567,34.86374282836914,34.86374282836914,100,0.0,0.0,0.0
2022-09-07 00:00:00-04:00,35.144122475926565,35.275428771972656,35.144122475926565,35.275428771972656,200,0.0,0.0,0.0
2022-09-08 00:00:00-04:00,35.31404883994562,35.401329040527344,35.306323207445274,35.401329040527344,1100,0.0,0.0,0.0
2022-09-09 00:00:00-04:00,35.56893927515279,35.56893927515279,35.507148946529725,35.54344940185547,200,0.0,0.0,0.0
2022-09-12 00:00:00-04:00,35.638465881347656,35.638465881347656,35.638465881347656,35.638465881347656,100,0.0,0.0,0.0
2022-09-13 00:00:00-04:00,35.15957160206554,35.15957160206554,34.93248748779297,34.93248748779297,500,0.0,0.0,0.0
2022-09-14 00:00:00-04:00,35.14413439164355,35.14413439164355,34.934814453125,34.934814453125,300,0.0,0.0,0.0
2022-09-15 00:00:00-04:00,34.81971559826472,34.81971559826472,34.74015808105469,34.74015808105469,300,0.0,0.0,0.0
2022-09-16 00:00:00-04:00,34.61812062525484,34.727027893066406,34.61812062525484,34.727027893066406,400,0.0,0.0,0.0
2022-09-19 00:00:00-04:00,34.587993563575,34.86914825439453,34.587993563575,34.86914825439453,1900,0.0,0.0,0.0
2022-09-20 00:00:00-04:00,34.57255059084806,34.57255059084806,34.561737060546875,34.561737060546875,300,0.0,0.0,0.0
2022-09-21 00:00:00-04:00,34.557111603986186,34.73476291269751,34.459014892578125,34.459014892578125,500,0.0,0.0,0.0
2022-09-22 00:00:00-04:00,34.17862086679499,34.26512908935547,34.17862086679499,34.26512908935547,1800,0.0,0.0,0.0
2022-09-23 00:00:00-04:00,33.888203135268704,33.888203135268704,33.796288139110466,33.86039733886719,800,0.0,0.0,0.0
2022-09-26 00:00:00-04:00,33.653389557286,33.653389557286,33.46183395385742,33.46183395385742,1200,0.0,0.0,0.0
2022-09-27 00:00:00-04:00,33.452559409883534,33.45719419873699,33.41779996671496,33.42089080810547,500,0.0,0.0,0.0
2022-09-28 00:00:00-04:00,33.63130620859008,33.964359283447266,33.63130620859008,33.964359283447266,200,0.22,0.0,0.0
2022-09-29 00:00:00-04:00,33.77878594502221,33.77878594502221,33.65922927856445,33.65922927856445,400,0.0,0.0,0.0
2022-09-30 00:00:00-04:00,33.55365370378662,33.55365370378662,33.54744338989258,33.54744338989258,400,0.0,0.0,0.0
2022-10-03 00:00:00-04:00,33.94106057618441,33.94106057618441,33.895254685193024,33.93174362182617,1100,0.0,0.0,0.0
2022-10-04 00:00:00-04:00,34.540401458740234,34.540401458740234,34.540401458740234,34.540401458740234,200,0.0,0.0,0.0
2022-10-05 00:00:00-04:00,34.49769592285156,34.49769592285156,34.49769592285156,34.49769592285156,200,0.0,0.0,0.0
2022-10-06 00:00:00-04:00,34.35795211791992,34.35795211791992,34.35795211791992,34.35795211791992,100,0.0,0.0,0.0
2022-10-07 00:00:00-04:00,34.01169967651367,34.01169967651367,34.01169967651367,34.01169967651367,200,0.0,0.0,0.0
2022-10-10 00:00:00-04:00,33.49155015400028,33.604896545410156,33.49155015400028,33.604896545410156,200,0.0,0.0,0.0
2022-10-11 00:00:00-04:00,33.70193099975586,33.70193099975586,33.70193099975586,33.70193099975586,400,0.0,0.0,0.0
2022-10-12 00:00:00-04:00,33.80830383300781,33.80830383300781,33.80830383300781,33.80830383300781,100,0.0,0.0,0.0
2022-10-13 00:00:00-04:00,33.406146062221595,33.87661361694336,33.406146062221595,33.87661361694336,700,0.0,0.0,0.0
2022-10-14 00:00:00-04:00,33.65069818027515,33.67243576049805,33.65069818027515,33.67243576049805,600,0.0,0.0,0.0
2022-10-17 00:00:00-04:00,34.066043853759766,34.066043853759766,34.066043853759766,34.066043853759766,300,0.0,0.0,0.0
2022-10-18 00:00:00-04:00,34.47751075709052,34.47751075709052,34.264793395996094,34.264793395996094,600,0.0,0.0,0.0
2022-10-19 00:00:00-04:00,33.98840253521818,34.18248889590174,33.96821975708008,33.96821975708008,4500,0.0,0.0,0.0
2022-10-20 00:00:00-04:00,34.042754046222925,34.05051916082906,33.78345489501953,33.78345489501953,1200,0.0,0.0,0.0
2022-10-21 00:00:00-04:00,33.97287864909089,34.05827713012695,33.97287864909089,34.05827713012695,900,0.0,0.0,0.0
2022-10-24 00:00:00-04:00,34.0815781281739,34.09788131713867,34.0815781281739,34.09788131713867,1200,0.0,0.0,0.0
2022-10-25 00:00:00-04:00,34.39832305908203,34.39832305908203,34.39832305908203,34.39832305908203,100,0.0,0.0,0.0
2022-10-26 00:00:00-04:00,34.368816703854215,34.444122314453125,34.368816703854215,34.444122314453125,100,0.0,0.0,0.0
2022-10-27 00:00:00-04:00,34.7297248840332,34.7297248840332,34.7297248840332,34.7297248840332,100,0.227,0.0,0.0
2022-10-28 00:00:00-04:00,35.01221466064453,35.01221466064453,35.01221466064453,35.01221466064453,100,0.0,0.0,0.0
2022-10-31 00:00:00-04:00,34.96695468250399,34.96695468250399,34.520599365234375,34.520599365234375,3800,0.0,0.0,0.0
2022-11-01 00:00:00-04:00,34.55335723021904,34.71957015991211,34.52214598019071,34.71957015991211,2700,0.0,0.0,0.0
2022-11-02 00:00:00-04:00,34.67745243112853,34.686037390600006,34.376243591308594,34.376243591308594,1000,0.0,0.0,0.0
2022-11-03 00:00:00-04:00,34.26073804088432,34.288049751099486,34.21781921386719,34.21781921386719,1300,0.0,0.0,0.0
2022-11-04 00:00:00-04:00,34.220961919273286,34.380149841308594,34.220961919273286,34.380149841308594,300,0.0,0.0,0.0
2022-11-07 00:00:00-05:00,34.47533461274033,34.47533461274033,34.3426755989236,34.37779235839844,800,0.0,0.0,0.0
2022-11-08 00:00:00-05:00,34.475344069678094,34.475344069678094,34.37311935424805,34.37311935424805,1300,0.0,0.0,0.0
2022-11-09 00:00:00-05:00,33.93301010131836,33.93301010131836,33.93301010131836,33.93301010131836,100,0.0,0.0,0.0
2022-11-10 00:00:00-05:00,34.810882294439125,34.90061950683594,34.810882294439125,34.90061950683594,800,0.0,0.0,0.0
2022-11-11 00:00:00-05:00,34.881114222328854,35.010650634765625,34.849899983409564,35.010650634765625,300,0.0,0.0,0.0
2022-11-14 00:00:00-05:00,34.90452051681999,34.90452051681999,34.69929122924805,34.69929122924805,500,0.0,0.0,0.0
2022-11-15 00:00:00-05:00,35.02235794067383,35.02235794067383,35.02235794067383,35.02235794067383,200,0.0,0.0,0.0
2022-11-16 00:00:00-05:00,34.99035229522779,34.99035229522779,34.94743347167969,34.94743347167969,300,0.0,0.0,0.0
2022-11-17 00:00:00-05:00,34.701634500676164,34.79527423443893,34.701634500676164,34.789031982421875,700,0.0,0.0,0.0
2022-11-18 00:00:00-05:00,34.867061614990234,34.867061614990234,34.867061614990234,34.867061614990234,100,0.0,0.0,0.0
2022-11-21 00:00:00-05:00,34.81867288721132,34.81867288721132,34.8054084777832,34.8054084777832,300,0.0,0.0,0.0
2022-11-22 00:00:00-05:00,35.056705474853516,35.056705474853516,35.056705474853516,35.056705474853516,100,0.0,0.0,0.0
2022-11-23 00:00:00-05:00,35.19716122788104,35.24085998535156,35.19325870260557,35.24085998535156,400,0.0,0.0,0.0
2022-11-25 00:00:00-05:00,35.232263928168734,35.232263928168734,35.16749572753906,35.16749572753906,1400,0.0,0.0,0.0
2022-11-28 00:00:00-05:00,35.12042497911952,35.12042497911952,34.7995719909668,34.7995719909668,200,0.238,0.0,0.0
2022-11-29 00:00:00-05:00,34.7525011986227,34.98549270629883,34.7525011986227,34.98549270629883,1000,0.0,0.0,0.0
2022-11-30 00:00:00-05:00,34.94079029528547,35.457763671875,34.94079029528547,35.457763671875,300,0.0,0.0,0.0
2022-12-01 00:00:00-05:00,35.51345920274061,35.606812045198126,35.419322310123654,35.5738639831543,7500,0.0,0.0,0.0
2022-12-02 00:00:00-05:00,35.30163569623571,35.55894470214844,35.30163569623571,35.55894470214844,200,0.0,0.0,0.0
2022-12-05 00:00:00-05:00,35.41930804479219,35.41930804479219,35.223187851836656,35.266334533691406,1300,0.0,0.0,0.0
2022-12-06 00:00:00-05:00,35.26241885804309,35.26241885804309,35.125919342041016,35.125919342041016,400,0.0,0.0,0.0
2022-12-07 00:00:00-05:00,35.329097747802734,35.329097747802734,35.329097747802734,35.329097747802734,100,0.0,0.0,0.0
2022-12-08 00:00:00-05:00,35.33615493774414,35.33615493774414,35.33615493774414,35.33615493774414,100,0.0,0.0,0.0
2022-12-09 00:00:00-05:00,35.43500275165256,35.43500275165256,35.376953125,35.376953125,1400,0.0,0.0,0.0
2022-12-12 00:00:00-05:00,35.45070417825092,35.48286819458008,35.44286068301472,35.48286819458008,1200,0.0,0.0,0.0
2022-12-13 00:00:00-05:00,35.71742557986964,35.926883697509766,35.71585747943612,35.926883697509766,400,0.0,0.0,0.0
2022-12-14 00:00:00-05:00,35.88216130458974,35.88216130458974,35.70172804592692,35.766056060791016,900,0.0,0.0,0.0
2022-12-15 00:00:00-05:00,35.5918981820949,35.600528717041016,35.5918981820949,35.600528717041016,300,0.0,0.0,0.0
2022-12-16 00:00:00-05:00,35.53699273003543,35.53699273003543,35.36362188269163,35.41304397583008,3800,0.0,0.0,0.0
2022-12-19 00:00:00-05:00,35.348716169779884,35.348716169779884,35.211429595947266,35.211429595947266,900,0.0,0.0,0.0
2022-12-20 00:00:00-05:00,35.16828719156177,35.16828719156177,35.14396667480469,35.14396667480469,500,0.0,0.0,0.0
2022-12-21 00:00:00-05:00,35.449905224687065,35.46088790893555,35.449905224687065,35.46088790893555,400,0.0,0.0,0.0
2022-12-22 00:00:00-05:00,35.325179097233175,35.325179097233175,35.264774322509766,35.264774322509766,800,0.0,0.0,0.0
2022-12-23 00:00:00-05:00,35.17768615479,35.38165283203125,35.17768615479,35.38165283203125,1100,0.0,0.0,0.0
2022-12-27 00:00:00-05:00,35.176125545131015,35.176125545131015,34.99961853027344,34.99961853027344,600,0.0,0.0,0.0
2022-12-28 00:00:00-05:00,34.995681046458,34.995681046458,34.57727813720703,34.57727813720703,1200,0.28,0.0,0.0
2022-12-29 00:00:00-05:00,35.035154420211974,35.088836669921875,35.035154420211974,35.088836669921875,300,0.0,0.0,0.0
2022-12-30 00:00:00-05:00,35.00278353281736,35.07777786254883,35.00278353281736,35.07777786254883,1500,0.0,0.0,0.0
2023-01-03 00:00:00-05:00,35.09040473061749,35.11408682935504,35.09040473061749,35.09908676147461,400,0.0,0.0,0.0
2023-01-04 00:00:00-05:00,35.20724163072493,35.5340690612793,35.20724163072493,35.5340690612793,1300,0.0,0.0,0.0
2023-01-05 00:00:00-05:00,35.445659582336106,35.48513075997523,35.43776353993359,35.481971740722656,1200,0.0,0.0,0.0
2023-01-06 00:00:00-05:00,35.87115560973923,36.02588427840225,35.87115560973923,35.97930908203125,1000,0.0,0.0,0.0
2023-01-09 00:00:00-05:00,36.05746841430664,36.05746841430664,36.05746841430664,36.05746841430664,200,0.0,0.0,0.0
2023-01-10 00:00:00-05:00,36.077201461011654,36.081149481556544,36.01010016903513,36.069305419921875,1500,0.0,0.0,0.0
2023-01-11 00:00:00-05:00,36.239830869628875,36.31167221069336,36.20351870956199,36.31167221069336,3600,0.0,0.0,0.0
2023-01-12 00:00:00-05:00,36.306136981926294,36.56507110595703,36.306136981926294,36.56507110595703,2200,0.0,0.0,0.0
2023-01-13 00:00:00-05:00,36.45138457145066,36.59743118286133,36.45138457145066,36.59743118286133,2100,0.0,0.0,0.0
2023-01-17 00:00:00-05:00,36.519283563409516,36.519283563409516,36.48770843327709,36.49165344238281,4100,0.0,0.0,0.0
2023-01-18 00:00:00-05:00,36.787676264143194,36.787676264143194,36.539005279541016,36.539005279541016,900,0.0,0.0,0.0
2023-01-19 00:00:00-05:00,36.39295757544418,36.39295757544418,36.31875228881836,36.31875228881836,400,0.0,0.0,0.0
2023-01-20 00:00:00-05:00,36.227200401540706,36.40719223022461,36.227200401540706,36.40719223022461,1400,0.0,0.0,0.0
2023-01-23 00:00:00-05:00,36.511388388993225,36.511388388993225,36.39534188749788,36.397708892822266,2200,0.0,0.0,0.0
2023-01-24 00:00:00-05:00,36.38508487575993,36.43955612182617,36.38508487575993,36.43955612182617,1200,0.0,0.0,0.0
2023-01-25 00:00:00-05:00,36.36138073499238,36.460060119628906,36.354273699233644,36.460060119628906,400,0.0,0.0,0.0
2023-01-26 00:00:00-05:00,36.54218676452169,36.54692077636719,36.53113471396636,36.54692077636719,26100,0.0,0.0,0.0
2023-01-27 00:00:00-05:00,36.469176700501805,36.485040124502156,36.36686170031189,36.42951965332031,2200,0.217,0.0,0.0
2023-01-30 00:00:00-05:00,36.312145968627156,36.312145968627156,36.22093200683594,36.22093200683594,1200,0.0,0.0,0.0
2023-01-31 00:00:00-05:00,36.366067293808086,36.4985237121582,36.366067293808086,36.4985237121582,300,0.0,0.0,0.0
2023-02-01 00:00:00-05:00,36.485847665889665,36.84435272216797,36.477124745810585,36.84435272216797,2300,0.0,0.0,0.0
2023-02-02 00:00:00-05:00,37.10371255579933,37.16716627578327,37.05612529145127,37.130680084228516,5500,0.0,0.0,0.0
2023-02-03 00:00:00-05:00,36.84988391769015,36.92126780147819,36.761051177978516,36.761051177978516,6400,0.0,0.0,0.0
2023-02-06 00:00:00-05:00,36.59608343345081,36.60798024581072,36.564356583398414,36.58101272583008,1400,0.0,0.0,0.0
2023-02-07 00:00:00-05:00,36.60400789359023,36.75312042236328,36.53976149146441,36.75312042236328,1700,0.0,0.0,0.0
2023-02-08 00:00:00-05:00,36.65160574457174,36.65953897030179,36.58815506692684,36.60005187988281,900,0.0,0.0,0.0
2023-02-09 00:00:00-05:00,36.584199094717356,36.584199094717356,36.32642364501953,36.32642364501953,1100,0.0,0.0,0.0
2023-02-10 00:00:00-05:00,36.294698920902206,36.294698920902206,35.937782304843466,35.99806213378906,5400,0.0,0.0,0.0
2023-02-13 00:00:00-05:00,36.00916135719984,36.17572282555859,36.00916135719984,36.13209915161133,1600,0.0,0.0,0.0
2023-02-14 00:00:00-05:00,36.04087997695215,36.167784366723,35.87431853268529,36.12733459472656,72600,0.0,0.0,0.0
2023-02-15 00:00:00-05:00,35.929833080034655,36.12177658081055,35.929833080034655,36.12177658081055,600,0.0,0.0,0.0
2023-02-16 00:00:00-05:00,35.84259389401618,35.95363788936293,35.84259389401618,35.8529052734375,26300,0.0,0.0,0.0
2023-02-17 00:00:00-05:00,35.612582228326715,35.98774337768555,35.612582228326715,35.98774337768555,700,0.0,0.0,0.0
2023-02-21 00:00:00-05:00,35.68396442021218,35.68396442021218,35.380184173583984,35.380184173583984,2500,0.0,0.0,0.0
2023-02-22 00:00:00-05:00,35.580848008797496,35.64429868249994,35.580848008797496,35.60860824584961,400,0.0,0.0,0.0
2023-02-23 00:00:00-05:00,35.95283508300781,35.953630826040396,35.95283508300781,35.95283508300781,1100,0.0,0.0,0.0
2023-02-24 00:00:00-05:00,35.664143436652935,35.76861547448672,35.624265175967864,35.71757507324219,700,0.248,0.0,0.0
2023-02-27 00:00:00-05:00,35.857132859814044,35.95762252807617,35.857132859814044,35.95762252807617,800,0.0,0.0,0.0
2023-02-28 00:00:00-05:00,35.90019718286621,35.90019718286621,35.8922233581543,35.8922233581543,300,0.0,0.0,0.0
2023-03-01 00:00:00-05:00,35.9281146532636,35.9281146532636,35.80051214583452,35.804500579833984,2700,0.0,0.0,0.0
2023-03-02 00:00:00-05:00,35.65696491297376,35.86033248901367,35.65696491297376,35.86033248901367,1700,0.0,0.0,0.0
2023-03-03 00:00:00-05:00,35.99990532724277,36.239959862858,35.99990532724277,36.23118591308594,1800,0.0,0.0,0.0
2023-03-06 00:00:00-05:00,36.37473000358058,36.37473000358058,36.19688415527344,36.19688415527344,3400,0.0,0.0,0.0
2023-03-07 00:00:00-05:00,36.01583450933781,36.10755021868127,35.99589538574219,35.99589538574219,2800,0.0,0.0,0.0
2023-03-08 00:00:00-05:00,35.97596848188125,35.97596848188125,35.736714149115805,35.80849075317383,5000,0.0,0.0,0.0
2023-03-09 00:00:00-05:00,35.840381661836496,35.96001032453438,35.56125217191913,35.59075927734375,3800,0.0,0.0,0.0
2023-03-10 00:00:00-05:00,35.645779683196885,35.645779683196885,35.51897430419922,35.51897430419922,600,0.0,0.0,0.0
2023-03-13 00:00:00-04:00,35.62426292821782,35.63303687516313,35.25022932655648,35.302066802978516,2500,0.0,0.0,0.0
2023-03-14 00:00:00-04:00,35.61708208098612,35.72873388952694,35.56285033332812,35.59156036376953,1800,0.0,0.0,0.0
2023-03-15 00:00:00-04:00,35.32997842274773,35.377830505371094,35.32120751841794,35.377830505371094,800,0.0,0.0,0.0
2023-03-16 00:00:00-04:00,35.69683343276954,35.69683343276954,35.62346267700195,35.62346267700195,600,0.0,0.0,0.0
2023-03-17 00:00:00-04:00,35.50543466930256,35.561260580486234,35.37783215198501,35.403350830078125,1800,0.0,0.0,0.0
2023-03-20 00:00:00-04:00,35.39377494063957,35.39377494063957,35.28929988953814,35.31163024902344,500,0.0,0.0,0.0
2023-03-21 00:00:00-04:00,35.56922947376165,35.74867248535156,35.56922947376165,35.74867248535156,1000,0.0,0.0,0.0
2023-03-22 00:00:00-04:00,35.8643262883004,36.07167928773915,35.680897815874076,35.785369873046875,7100,0.0,0.0,0.0
2023-03-23 00:00:00-04:00,35.93608894508796,35.93608894508796,35.6378173828125,35.6378173828125,300,0.0,0.0,0.0
2023-03-24 00:00:00-04:00,35.58519764177319,35.61071937114399,35.51023269560249,35.585994720458984,4200,0.0,0.0,0.0
2023-03-27 00:00:00-04:00,35.52457046508789,35.52457046508789,35.52457046508789,35.52457046508789,100,0.0,0.0,0.0
2023-03-28 00:00:00-04:00,35.44641901083457,35.500650767669555,35.44641901083457,35.497459411621094,500,0.0,0.0,0.0
2023-03-29 00:00:00-04:00,35.636205346738016,35.960243225097656,35.636205346738016,35.960243225097656,200,0.253,0.0,0.0
2023-03-30 00:00:00-04:00,36.01319315643373,36.20408630371094,36.01319315643373,36.20408630371094,1800,0.0,0.0,0.0
2023-03-31 00:00:00-04:00,36.35888455074323,36.620361328125,36.3580829158578,36.620361328125,600,0.0,0.0,0.0
2023-04-03 00:00:00-04:00,36.59870709408453,36.60832977294922,36.56582170380228,36.60832977294922,1500,0.0,0.0,0.0
2023-04-04 00:00:00-04:00,36.55860617797303,36.55860617797303,36.43027114868164,36.43027114868164,900,0.0,0.0,0.0
2023-04-05 00:00:00-04:00,36.25380628636051,36.25380628636051,36.19926452636719,36.19926452636719,400,0.0,0.0,0.0
2023-04-06 00:00:00-04:00,36.148745885634284,36.43749359496391,36.148745885634284,36.37894058227539,1000,0.0,0.0,0.0
2023-04-10 00:00:00-04:00,36.39016703828574,36.39016703828574,36.205690027976026,36.34926223754883,4000,0.0,0.0,0.0
2023-04-11 00:00:00-04:00,36.44631071473221,36.48882184347132,36.44631071473221,36.470375061035156,700,0.0,0.0,0.0
2023-04-12 00:00:00-04:00,36.414239424892116,36.445518493652344,36.414239424892116,36.445518493652344,1200,0.0,0.0,0.0
2023-04-13 00:00:00-04:00,36.69495754714465,36.71099942580173,36.69495754714465,36.70859146118164,300,0.0,0.0,0.0
2023-04-14 00:00:00-04:00,36.68693353277483,36.68693353277483,36.61955642700195,36.61955642700195,800,0.0,0.0,0.0
2023-04-17 00:00:00-04:00,36.622767063243195,36.622767063243195,36.446309474842735,36.53453826904297,3100,0.0,0.0,0.0
2023-04-18 00:00:00-04:00,36.595489501953125,36.595489501953125,36.595489501953125,36.595489501953125,200,0.0,0.0,0.0
2023-04-19 00:00:00-04:00,36.51048730446999,36.51048730446999,36.4671745300293,36.4671745300293,600,0.0,0.0,0.0
2023-04-20 00:00:00-04:00,36.39818921546187,36.486418015266935,36.39818921546187,36.4543342590332,2500,0.0,0.0,0.0
2023-04-21 00:00:00-04:00,36.5666196907409,36.5666196907409,36.510474654317605,36.560203552246094,1000,0.0,0.0,0.0
2023-04-24 00:00:00-04:00,36.60674053645039,36.68133544921875,36.60674053645039,36.68133544921875,2200,0.0,0.0,0.0
2023-04-25 00:00:00-04:00,36.65484321416882,36.67088508793906,36.581854677302694,36.583457946777344,5200,0.0,0.0,0.0
2023-04-26 00:00:00-04:00,36.452819488903906,36.452819488903906,36.38023631941533,36.41088104248047,1100,0.249,0.0,0.0
2023-04-27 00:00:00-04:00,36.5173301327279,36.63830308742324,36.5173301327279,36.60443115234375,1200,0.0,0.0,0.0
2023-04-28 00:00:00-04:00,36.70281179920053,36.743138159687,36.66248851518343,36.70362091064453,2700,0.0,0.0,0.0
2023-05-01 00:00:00-04:00,36.70282804335491,36.70282804335491,36.54395294189453,36.54395294189453,1800,0.0,0.0,0.0
2023-05-02 00:00:00-04:00,36.501204050282986,36.517333984375,36.46894725856932,36.517333984375,800,0.0,0.0,0.0
2023-05-03 00:00:00-04:00,36.54153606159443,36.602019478183266,36.462501525878906,36.462501525878906,1300,0.0,0.0,0.0
2023-05-04 00:00:00-04:00,36.372174557385634,36.372174557385634,36.17055495767402,36.33830261230469,3300,0.0,0.0,0.0
2023-05-05 00:00:00-04:00,36.5173375936579,36.58669662475586,36.5173375936579,36.58669662475586,300,0.0,0.0,0.0
2023-05-08 00:00:00-04:00,36.513309478759766,36.513309478759766,36.513309478759766,36.513309478759766,100,0.0,0.0,0.0
2023-05-09 00:00:00-04:00,36.40846411098871,36.48508053582862,36.40846411098871,36.46088409423828,600,0.0,0.0,0.0
2023-05-10 00:00:00-04:00,36.614108267601374,36.70120620727539,36.54152511297141,36.70120620727539,1400,0.0,0.0,0.0
2023-05-11 00:00:00-04:00,36.6302339543196,36.6544303894043,36.6302339543196,36.6544303894043,200,0.0,0.0,0.0
2023-05-12 00:00:00-04:00,36.581841252233914,36.581841252233914,36.49151611328125,36.49151611328125,700,0.0,0.0,0.0
2023-05-15 00:00:00-04:00,36.48508974799229,36.4923471440665,36.46895980834961,36.46895980834961,500,0.0,0.0,0.0
2023-05-16 00:00:00-04:00,36.1770133972168,36.1770133972168,36.1770133972168,36.1770133972168,200,0.0,0.0,0.0
2023-05-17 00:00:00-04:00,36.39636984436268,36.39636984436268,36.291526794433594,36.291526794433594,100,0.0,0.0,0.0
2023-05-18 00:00:00-04:00,36.31329881809276,36.314910888671875,36.31329881809276,36.314910888671875,400,0.0,0.0,0.0
2023-05-19 00:00:00-04:00,36.331850247511866,36.331850247511866,36.309268951416016,36.309268951416016,2100,0.0,0.0,0.0
2023-05-22 00:00:00-04:00,36.47699825460558,36.49151611328125,36.47699825460558,36.49151611328125,300,0.0,0.0,0.0
2023-05-23 00:00:00-04:00,36.36490156163966,36.36490156163966,36.29957580566406,36.29957580566406,800,0.0,0.0,0.0
2023-05-24 00:00:00-04:00,36.193938335369936,36.193938335369936,36.04151153564453,36.04151153564453,500,0.0,0.0,0.0
2023-05-25 00:00:00-04:00,36.04957887101577,36.04957887101577,36.00522232055664,36.00522232055664,1900,0.0,0.0,0.0
2023-05-26 00:00:00-04:00,36.23884582519531,36.23884582519531,36.23884582519531,36.23884582519531,100,0.258,0.0,0.0
2023-05-30 00:00:00-04:00,36.299671992875965,36.371055603027344,36.26722461604787,36.371055603027344,300,0.0,0.0,0.0
2023-05-31 00:00:00-04:00,36.33212000428629,36.33212000428629,36.21044388623179,36.27939224243164,600,0.0,0.0,0.0
2023-06-01 00:00:00-04:00,36.35645596917689,36.55113714979087,36.35645596917689,36.48543167114258,2200,0.0,0.0,0.0
2023-06-02 00:00:00-04:00,36.66470362887772,36.72148500103526,36.59980886392469,36.716617584228516,900,0.0,0.0,0.0
2023-06-05 00:00:00-04:00,36.70525502977081,36.70525502977081,36.638738835380245,36.66712951660156,1600,0.0,0.0,0.0
2023-06-06 00:00:00-04:00,36.607923038855546,36.77015686035156,36.607923038855546,36.77015686035156,3600,0.0,0.0,0.0
2023-06-07 00:00:00-04:00,36.729596356446045,36.745820048151174,36.575475926776534,36.579532623291016,1500,0.0,0.0,0.0
2023-06-08 00:00:00-04:00,36.86750201951088,36.86750201951088,36.839111328125,36.839111328125,100,0.0,0.0,0.0
2023-06-09 00:00:00-04:00,36.908057894627206,36.908057894627206,36.83829879760742,36.83829879760742,2300,0.0,0.0,0.0
2023-06-12 00:00:00-04:00,36.91617000797051,36.91617000797051,36.76286027448677,36.839111328125,600,0.0,0.0,0.0
2023-06-13 00:00:00-04:00,36.89182845307347,36.956723216857725,36.850460052490234,36.850460052490234,900,0.0,0.0,0.0
2023-06-14 00:00:00-04:00,36.891826355101365,36.891826355101365,36.8820915222168,36.8820915222168,400,0.0,0.0,0.0
2023-06-15 00:00:00-04:00,37.0054017639071,37.05407285064552,36.94051007594275,37.028114318847656,1100,0.0,0.0,0.0
2023-06-16 00:00:00-04:00,37.045947663632305,37.045947663632305,36.94860861549287,36.9648323059082,1600,0.0,0.0,0.0
2023-06-20 00:00:00-04:00,36.997281534272865,36.997281534272865,36.94050016215999,36.94131088256836,2000,0.0,0.0,0.0
2023-06-21 00:00:00-04:00,36.826938161019214,36.83504845961925,36.79449077791351,36.818824768066406,600,0.0,0.0,0.0
2023-06-22 00:00:00-04:00,36.75393007934484,36.75393007934484,36.66470133030469,36.68984603881836,1600,0.0,0.0,0.0
2023-06-23 00:00:00-04:00,36.583578375941826,36.59088104697156,36.55518769513766,36.56330108642578,900,0.0,0.0,0.0
2023-06-26 00:00:00-04:00,36.672818592410465,36.672818592410465,36.62333679199219,36.62333679199219,600,0.0,0.0,0.0
2023-06-27 00:00:00-04:00,36.62415582839556,36.77827629520844,36.62415582839556,36.72555160522461,2100,0.0,0.0,0.0
2023-06-28 00:00:00-04:00,36.87239585102607,36.909114837646484,36.87239585102607,36.909114837646484,1100,0.265,0.0,0.0
2023-06-29 00:00:00-04:00,36.80713892406872,36.85609344511473,36.78266166354572,36.838958740234375,800,0.0,0.0,0.0
2023-06-30 00:00:00-04:00,37.05191264628019,37.109028316542435,36.945839353262926,37.08292007446289,2000,0.0,0.0,0.0
2023-07-03 00:00:00-04:00,37.043755522839504,37.043755522839504,36.9703206431604,36.998878479003906,3200,0.0,0.0,0.0
2023-07-05 00:00:00-04:00,36.92952785702151,36.92952785702151,36.85609296384014,36.89689254760742,500,0.0,0.0,0.0
2023-07-06 00:00:00-04:00,36.61945827922332,36.63006591796875,36.61945827922332,36.63006591796875,500,0.0,0.0,0.0
2023-07-07 00:00:00-04:00,36.59497199161098,36.91319176474887,36.59497199161098,36.693702697753906,2200,0.0,0.0,0.0
2023-07-10 00:00:00-04:00,36.73368884329289,36.878108978271484,36.73368884329289,36.878108978271484,1600,0.0,0.0,0.0
2023-07-11 00:00:00-04:00,36.937694278536334,37.06008370955207,36.937694278536334,37.05192565917969,3300,0.0,0.0,0.0
2023-07-12 00:00:00-04:00,37.28036794029158,37.3415641784668,37.27220989440087,37.3415641784668,600,0.0,0.0,0.0
2023-07-13 00:00:00-04:00,37.57411081733248,37.609195709228516,37.508837106548974,37.609195709228516,900,0.0,0.0,0.0
2023-07-14 00:00:00-04:00,37.606755248936075,37.606755248936075,37.32035827636719,37.32035827636719,1500,0.0,0.0,0.0
2023-07-17 00:00:00-04:00,37.39461859136405,37.45173427508392,37.316287621527856,37.43704605102539,2500,0.0,0.0,0.0
2023-07-18 00:00:00-04:00,37.47619642916354,37.53331208985989,37.47619642916354,37.50883483886719,900,0.0,0.0,0.0
2023-07-19 00:00:00-04:00,37.606753022082195,37.61491106953912,37.56595655965643,37.57003402709961,2300,0.0,0.0,0.0
2023-07-20 00:00:00-04:00,37.459886803150205,37.459886803150205,37.37013270979925,37.43540954589844,1100,0.0,0.0,0.0
2023-07-21 00:00:00-04:00,37.42723881460806,37.549631294711716,37.42723881460806,37.50883483886719,1900,0.0,0.0,0.0
2023-07-24 00:00:00-04:00,37.56595629925016,37.56595629925016,37.45988300762202,37.474571228027344,4900,0.0,0.0,0.0
2023-07-25 00:00:00-04:00,37.53331650864308,37.53331650864308,37.37012755348272,37.38236618041992,3800,0.0,0.0,0.0
2023-07-26 00:00:00-04:00,37.41092564483973,37.589618321109135,37.36197113495704,37.57003402709961,4600,0.0,0.0,0.0
2023-07-27 00:00:00-04:00,37.66686311706853,37.66686311706853,37.24834067662864,37.289371490478516,3800,0.263,0.0,0.0
2023-07-28 00:00:00-04:00,37.453506029291574,37.49453685207313,37.453506029291574,37.486331939697266,3500,0.0,0.0,0.0
2023-07-31 00:00:00-04:00,37.64225005456386,37.64225005456386,37.535570542169886,37.598758697509766,4700,0.0,0.0,0.0
2023-08-01 00:00:00-04:00,37.50274575418133,37.50274575418133,37.37144524000125,37.37800979614258,1500,0.0,0.0,0.0
2023-08-02 00:00:00-04:00,37.231947359764554,37.293495178222656,37.18271160935974,37.293495178222656,1400,0.0,0.0,0.0
2023-08-03 00:00:00-04:00,37.17449188232422,37.256556657964445,37.11048354864061,37.17449188232422,5300,0.0,0.0,0.0
2023-08-04 00:00:00-04:00,37.313995428029095,37.50273969099488,37.313995428029095,37.35502624511719,1200,0.0,0.0,0.0
2023-08-07 00:00:00-04:00,37.51913979816864,37.51913979816864,37.41245720590488,37.45677185058594,2200,0.0,0.0,0.0
2023-08-08 00:00:00-04:00,37.40426874541319,37.507667541503906,37.37226301452517,37.507667541503906,1700,0.0,0.0,0.0
2023-08-09 00:00:00-04:00,37.53557080530581,37.53557080530581,37.44940200787808,37.486331939697266,400,0.0,0.0,0.0
2023-08-10 00:00:00-04:00,37.568394027046395,37.568394027046395,37.45350646972656,37.45350646972656,900,0.0,0.0,0.0
2023-08-11 00:00:00-04:00,37.38785531214208,37.38785531214208,37.30989456176758,37.30989456176758,2200,0.0,0.0,0.0
2023-08-14 00:00:00-04:00,37.30579983444042,37.35503870964644,37.23604710907068,37.3271369934082,900,0.0,0.0,0.0
2023-08-15 00:00:00-04:00,37.19089903545392,37.26475575678249,37.19089903545392,37.2286491394043,1700,0.0,0.0,0.0
2023-08-16 00:00:00-04:00,37.24835064800358,37.24835064800358,37.075199127197266,37.075199127197266,2200,0.0,0.0,0.0
2023-08-17 00:00:00-04:00,37.06780862523525,37.06780862523525,36.895477294921875,36.895477294921875,3700,0.0,0.0,0.0
2023-08-18 00:00:00-04:00,36.985738377309104,37.01035623864093,36.9209098815918,36.9209098815918,2800,0.0,0.0,0.0
2023-08-21 00:00:00-04:00,37.092432454263125,37.092432454263125,36.82162337413994,36.92256164550781,3000,0.0,0.0,0.0
2023-08-22 00:00:00-04:00,36.95702574811587,36.96933468186343,36.87906499377983,36.94061279296875,2400,0.0,0.0,0.0
2023-08-23 00:00:00-04:00,37.133459509428555,37.22783321486199,37.133459509428555,37.19582748413086,1000,0.0,0.0,0.0
2023-08-24 00:00:00-04:00,37.08503450758648,37.108832189808446,36.90695571899414,36.90695571899414,1600,0.0,0.0,0.0
2023-08-25 00:00:00-04:00,37.01037725591052,37.13757691607591,36.978374644095716,37.10064697265625,7500,0.0,0.0,0.0
2023-08-28 00:00:00-04:00,37.26476995279489,37.26476995279489,37.17450024451055,37.25902557373047,500,0.0,0.0,0.0
2023-08-29 00:00:00-04:00,37.41750227765418,37.479408264160156,37.37622742154429,37.479408264160156,1000,0.265,0.0,0.0
2023-08-30 00:00:00-04:00,37.52481488587663,37.533071118126315,37.456302642822266,37.456302642822266,700,0.0,0.0,0.0
2023-08-31 00:00:00-04:00,37.43400779965058,37.557826068198366,37.43400779965058,37.514076232910156,2600,0.0,0.0,0.0
2023-09-01 00:00:00-04:00,37.788945536919144,37.788945536919144,37.47114997134122,37.5115966796875,4100,0.0,0.0,0.0
2023-09-05 00:00:00-04:00,37.524813482062335,37.524813482062335,37.3415641784668,37.3415641784668,1900,0.0,0.0,0.0
2023-09-06 00:00:00-04:00,37.30194010985454,37.30194010985454,37.22764977120144,37.248287200927734,1800,0.0,0.0,0.0
2023-09-07 00:00:00-04:00,37.25323593767573,37.3844822921864,37.25323593767573,37.3035888671875,1200,0.0,0.0,0.0
2023-09-08 00:00:00-04:00,37.310198202898036,37.35064492216276,37.26067025838151,37.27057647705078,1000,0.0,0.0,0.0
2023-09-11 00:00:00-04:00,37.31845474243164,37.33496405879962,37.2953423292825,37.31845474243164,2700,0.0,0.0,0.0
2023-09-12 00:00:00-04:00,37.285425928858004,37.31844455257818,37.27964782714844,37.27964782714844,400,0.0,0.0,0.0
2023-09-13 00:00:00-04:00,37.31844915055888,37.343214695814986,37.301939836664694,37.31679916381836,2700,0.0,0.0,0.0
2023-09-14 00:00:00-04:00,37.39274637659257,37.45052741145094,37.32671225768167,37.39604949951172,1600,0.0,0.0,0.0
2023-09-15 00:00:00-04:00,37.34320916024473,37.34320916024473,37.26891883314814,37.301109313964844,2600,0.0,0.0,0.0
2023-09-18 00:00:00-04:00,37.31019758883811,37.31019758883811,37.26066964513672,37.27470397949219,800,0.0,0.0,0.0
2023-09-19 00:00:00-04:00,37.22764004700887,37.22764004700887,37.19874954223633,37.19874954223633,900,0.0,0.0,0.0
2023-09-20 00:00:00-04:00,37.29368803252279,37.33495974425818,37.16574478149414,37.16574478149414,2200,0.0,0.0,0.0
2023-09-21 00:00:00-04:00,37.02128663531226,37.02128663531226,36.90489959716797,36.90489959716797,2600,0.0,0.0,0.0
2023-09-22 00:00:00-04:00,36.9882702203673,37.05430432336747,36.926361083984375,36.926361083984375,1200,0.0,0.0,0.0
2023-09-25 00:00:00-04:00,36.88096741391157,36.8916986265658,36.8619831178164,36.872711181640625,3000,0.0,0.0,0.0
2023-09-26 00:00:00-04:00,36.79841264198369,36.831428114401255,36.71586608886719,36.71586608886719,3500,0.0,0.0,0.0
2023-09-27 00:00:00-04:00,36.69843784218948,36.71504009442325,36.58222524310887,36.65278244018555,2200,0.249,0.0,0.0
2023-09-28 00:00:00-04:00,36.57392351851092,36.84785274763784,36.57392351851092,36.79638671875,3900,0.0,0.0,0.0
2023-09-29 00:00:00-04:00,36.93086597742196,36.93086597742196,36.789748417589664,36.797218322753906,800,0.0,0.0,0.0
2023-10-02 00:00:00-04:00,36.72334091607911,36.72748910400744,36.50751481469024,36.54901885986328,2300,0.0,0.0,0.0
2023-10-03 00:00:00-04:00,36.44941348141026,36.44941348141026,36.14227970544094,36.191253662109375,2800,0.0,0.0,0.0
2023-10-04 00:00:00-04:00,36.20868135595666,36.324893951416016,36.17548001907951,36.324893951416016,2000,0.0,0.0,0.0
2023-10-05 00:00:00-04:00,36.38300544737476,36.38300544737476,36.27177067131868,36.29169464111328,1300,0.0,0.0,0.0
2023-10-06 00:00:00-04:00,36.13397989719226,36.361427307128906,36.11737764221791,36.361427307128906,1300,0.0,0.0,0.0
2023-10-09 00:00:00-04:00,36.40790621190114,36.59882736206055,36.40790621190114,36.59882736206055,3000,0.0,0.0,0.0
2023-10-10 00:00:00-04:00,36.60714116651094,36.648648396392794,36.5938606262207,36.5938606262207,1700,0.0,0.0,0.0
2023-10-11 00:00:00-04:00,36.71503899370916,36.71503899370916,36.54072010031432,36.60297775268555,1000,0.0,0.0,0.0
2023-10-12 00:00:00-04:00,36.468510365218904,36.468510365218904,36.39961242675781,36.39961242675781,1200,0.0,0.0,0.0
2023-10-13 00:00:00-04:00,36.57392732479375,36.57392732479375,36.37968444824219,36.37968444824219,1700,0.0,0.0,0.0
2023-10-16 00:00:00-04:00,36.3664074163741,36.432813268101135,36.29999839809079,36.35810470581055,4800,0.0,0.0,0.0
2023-10-17 00:00:00-04:00,36.26678480447132,36.26678480447132,36.10906817538936,36.22528076171875,1300,0.0,0.0,0.0
2023-10-18 00:00:00-04:00,36.17548529492321,36.17548529492321,35.988712310791016,35.988712310791016,1900,0.0,0.0,0.0
2023-10-19 00:00:00-04:00,35.984559369343685,35.984559369343685,35.93475577568217,35.9496955871582,1600,0.0,0.0,0.0
2023-10-20 00:00:00-04:00,35.951356908941015,35.984558248162216,35.89325060710898,35.94305419921875,1800,0.0,0.0,0.0
2023-10-23 00:00:00-04:00,35.83514258713566,36.075870513916016,35.83514258713566,36.075870513916016,1300,0.0,0.0,0.0
2023-10-24 00:00:00-04:00,36.245208740234375,36.245208740234375,36.245208740234375,36.245208740234375,300,0.0,0.0,0.0
2023-10-25 00:00:00-04:00,36.11736991966547,36.11736991966547,36.03851318359375,36.03851318359375,3900,0.0,0.0,0.0
2023-10-26 00:00:00-04:00,36.09495446708896,36.17464082808076,36.05095834948037,36.142269134521484,2200,0.0,0.0,0.0
2023-10-27 00:00:00-04:00,36.195746603621075,36.195746603621075,36.028675829792974,36.0712776184082,2900,0.274,0.0,0.0
2023-10-30 00:00:00-04:00,36.062066000982774,36.10383605957031,36.062066000982774,36.10383605957031,1300,0.0,0.0,0.0
2023-10-31 00:00:00-04:00,36.27510472610698,36.33357902213822,36.250045223982205,36.25422286987305,1700,0.0,0.0,0.0
2023-11-01 00:00:00-04:00,36.245865033708,36.52153228416983,36.153975950220726,36.519859313964844,2800,0.0,0.0,0.0
2023-11-02 00:00:00-04:00,36.95591012437504,36.95591012437504,36.80554676885839,36.894927978515625,2400,0.0,0.0,0.0
2023-11-03 00:00:00-04:00,37.210694960702355,37.295066833496094,37.04780183106266,37.295066833496094,5800,0.0,0.0,0.0
2023-11-06 00:00:00-05:00,37.25663141795291,37.25663141795291,37.051971435546875,37.051971435546875,1500,0.0,0.0,0.0
2023-11-07 00:00:00-05:00,37.089565622784306,37.089565622784306,37.02273604934124,37.03860855102539,2700,0.0,0.0,0.0
2023-11-08 00:00:00-05:00,37.11463140432955,37.11463140432955,37.0478018195699,37.077877044677734,1900,0.0,0.0,0.0
2023-11-09 00:00:00-05:00,37.06450266611552,37.09791745259064,36.847312927246094,36.847312927246094,4700,0.0,0.0,0.0
2023-11-10 00:00:00-05:00,36.93084504592803,37.02273411129736,36.93084504592803,37.000179290771484,1100,0.0,0.0,0.0
2023-11-13 00:00:00-05:00,36.876562903898154,36.96427435896684,36.876562903898154,36.952579498291016,2400,0.0,0.0,0.0
2023-11-14 00:00:00-05:00,37.25663694648379,37.407000315309496,37.25663694648379,37.34351348876953,2100,0.0,0.0,0.0
2023-11-15 00:00:00-05:00,37.28169970725293,37.290051811489015,37.26081466674805,37.26081466674805,1400,0.0,0.0,0.0
2023-11-16 00:00:00-05:00,37.306761666854634,37.306761666854634,37.20652047636207,37.300079345703125,600,0.0,0.0,0.0
2023-11-17 00:00:00-05:00,37.30676759733733,37.385292053222656,37.30676759733733,37.385292053222656,600,0.0,0.0,0.0
2023-11-20 00:00:00-05:00,37.448764052340714,37.477163113841364,37.373582380663784,37.47382354736328,2800,0.0,0.0,0.0
2023-11-21 00:00:00-05:00,37.50723660015243,37.50723660015243,37.423699642918585,37.482173919677734,1100,0.0,0.0,0.0
2023-11-22 00:00:00-05:00,37.50723156562931,37.588260650634766,37.50723156562931,37.588260650634766,1600,0.0,0.0,0.0
2023-11-24 00:00:00-05:00,37.5907635963271,37.59911569724076,37.52393404258377,37.59661102294922,1900,0.0,0.0,0.0
2023-11-27 00:00:00-05:00,37.59078238722489,37.65761197437503,37.56572288534864,37.63254928588867,2500,0.0,0.0,0.0
2023-11-28 00:00:00-05:00,37.5182885834395,37.737552642822266,37.5182885834395,37.737552642822266,1200,0.254,0.0,0.0
2023-11-29 00:00:00-05:00,37.845929950349976,38.013948041191505,37.845929950349976,37.95682144165039,2600,0.0,0.0,0.0
2023-11-30 00:00:00-05:00,38.030743524022355,38.030743524022355,37.795520160761875,37.89128875732422,1100,0.0,0.0,0.0
2023-12-01 00:00:00-05:00,37.93833339769752,38.198761552998604,37.93833339769752,38.19623947143555,6200,0.0,0.0,0.0
2023-12-04 00:00:00-05:00,37.938338898903766,38.13996124267578,37.938338898903766,38.13996124267578,800,0.0,0.0,0.0
2023-12-05 00:00:00-05:00,38.13995869358176,38.223966128476356,38.13995869358176,38.17776107788086,3400,0.0,0.0,0.0
2023-12-06 00:00:00-05:00,38.22396342288311,38.29117192978417,38.182799334043516,38.186161041259766,4000,0.0,0.0,0.0
2023-12-07 00:00:00-05:00,38.20715893535704,38.3415727361758,38.20715893535704,38.28696823120117,2200,0.0,0.0,0.0
2023-12-08 00:00:00-05:00,38.2155647086273,38.29957213921721,38.16179662018458,38.246646881103516,4700,0.0,0.0,0.0
2023-12-11 00:00:00-05:00,38.20716354294804,38.20716354294804,38.081152392115406,38.18952178955078,4300,0.0,0.0,0.0
2023-12-12 00:00:00-05:00,38.198766238369984,38.31553830859479,38.08535267107058,38.29957580566406,2200,0.0,0.0,0.0
2023-12-13 00:00:00-05:00,38.37517909980956,38.828826904296875,38.30545171647527,38.828826904296875,3400,0.0,0.0,0.0
2023-12-14 00:00:00-05:00,39.08925900928248,39.215273379596134,39.01365102803,39.114463806152344,3000,0.0,0.0,0.0
2023-12-15 00:00:00-05:00,39.16485779729257,39.16485779729257,39.064048247512005,39.08673095703125,3100,0.0,0.0,0.0
2023-12-18 00:00:00-05:00,39.15645869556087,39.15645869556087,39.01364222777508,39.14805603027344,4100,0.0,0.0,0.0
2023-12-19 00:00:00-05:00,39.27408793047339,39.37489752624676,39.164875665656,39.30097198486328,3500,0.0,0.0,0.0
2023-12-20 00:00:00-05:00,39.232074714151246,39.40849226527199,39.15226540092489,39.26315689086914,6100,0.0,0.0,0.0
2023-12-21 00:00:00-05:00,39.36647834311495,39.40848205325749,39.3286727607123,39.39672088623047,2700,0.0,0.0,0.0
2023-12-22 00:00:00-05:00,39.500891493298795,39.509290953319066,39.34547424316406,39.34547424316406,3100,0.0,0.0,0.0
2023-12-26 00:00:00-05:00,39.48409661267076,39.5177008682724,39.40092880403318,39.44209289550781,2800,0.0,0.0,0.0
2023-12-27 00:00:00-05:00,39.502153070233774,39.59096908569336,39.45986019050157,39.59096908569336,1300,0.321,0.0,0.0
2023-12-28 00:00:00-05:00,39.57828130700014,39.57828130700014,39.3837314800073,39.46324157714844,3000,0.0,0.0,0.0
2023-12-29 00:00:00-05:00,39.442944495740285,39.56052045010264,39.365970611572266,39.365970611572266,4400,0.0,0.0,0.0
2024-01-02 00:00:00-05:00,39.26529674477505,39.26529674477505,39.15702674317306,39.23146438598633,2900,0.0,0.0,0.0
2024-01-03 00:00:00-05:00,39.14688084231538,39.19763422763417,38.99885416855994,39.09443664550781,6600,0.0,0.0,0.0
2024-01-04 00:00:00-05:00,39.028460008562725,39.083443650054754,38.91003866802532,38.95233154296875,7500,0.0,0.0,0.0
2024-01-05 00:00:00-05:00,38.9100378508219,39.10458765286728,38.77469871780167,38.8973503112793,4200,0.0,0.0,0.0
2024-01-08 00:00:00-05:00,39.028466058439115,39.19764081117645,38.993785056657266,39.158729553222656,3800,0.0,0.0,0.0
2024-01-09 00:00:00-05:00,39.15533229015454,39.217079162597656,39.12149670777376,39.217079162597656,2500,0.0,0.0,0.0
2024-01-10 00:00:00-05:00,39.33297861008995,39.391343881635635,39.27714955611586,39.321136474609375,2800,0.0,0.0,0.0
2024-01-11 00:00:00-05:00,39.40065134911243,39.47677660013295,39.30760507332285,39.4370231628418,4300,0.0,0.0,0.0
2024-01-12 00:00:00-05:00,39.61210819317546,39.61210819317546,39.50214414931343,39.52751922607422,2300,0.0,0.0,0.0
2024-01-16 00:00:00-05:00,39.55289066495382,39.55289066495382,39.18070892415731,39.284751892089844,4400,0.0,0.0,0.0
2024-01-17 00:00:00-05:00,39.12997339842349,39.1858024597168,39.11305882558222,39.1858024597168,4700,0.0,0.0,0.0
2024-01-18 00:00:00-05:00,39.25683581055813,39.25683581055813,39.134184244481865,39.217079162597656,7300,0.0,0.0,0.0
2024-01-19 00:00:00-05:00,39.15534186575069,39.27460861206055,39.1130489908012,39.27460861206055,1800,0.0,0.0,0.0
2024-01-22 00:00:00-05:00,39.434476880589514,39.434476880589514,39.307598257482375,39.32028579711914,5800,0.0,0.0,0.0
2024-01-23 00:00:00-05:00,39.48522589891587,39.48522589891587,39.26529781373712,39.29067611694336,4100,0.0,0.0,0.0
2024-01-24 00:00:00-05:00,39.46831196310511,39.46831196310511,39.256844367240475,39.26361083984375,5700,0.0,0.0,0.0
2024-01-25 00:00:00-05:00,39.49367758122071,39.603641608215135,39.44292743548379,39.595184326171875,5200,0.0,0.0,0.0
2024-01-26 00:00:00-05:00,39.58673037875796,39.58673037875796,39.48522684372159,39.535980224609375,6700,0.0,0.0,0.0
2024-01-29 00:00:00-05:00,39.52748157696529,39.65496346827188,39.51898429714447,39.620967864990234,6900,0.22,0.0,0.0
2024-01-30 00:00:00-05:00,39.637969970519315,39.637969970519315,39.51049130737027,39.56148147583008,3500,0.0,0.0,0.0
2024-01-31 00:00:00-05:00,39.756955094443484,39.756955094443484,39.49689483642578,39.49689483642578,4400,0.0,0.0,0.0
2024-02-01 00:00:00-05:00,39.73995001569811,39.73995001569811,39.53598287599693,39.676212310791016,9300,0.0,0.0,0.0
2024-02-02 00:00:00-05:00,39.56147981090231,39.56147981090231,39.48499131943206,39.531734466552734,7900,0.0,0.0,0.0
2024-02-05 00:00:00-05:00,39.51898691186379,39.51898691186379,39.26402635438068,39.3762092590332,7100,0.0,0.0,0.0
2024-02-06 00:00:00-05:00,39.414460673953364,39.55299133848719,39.414460673953364,39.544490814208984,6000,0.0,0.0,0.0
2024-02-07 00:00:00-05:00,39.56148245005129,39.63797094662409,39.44335046861104,39.59547805786133,8900,0.0,0.0,0.0
2024-02-08 00:00:00-05:00,39.74845505100693,39.74845505100693,39.5699829730036,39.59547805786133,5000,0.0,0.0,0.0
2024-02-09 00:00:00-05:00,39.61247351041883,39.680461480003636,39.527484495938566,39.64646911621094,9900,0.0,0.0,0.0
2024-02-12 00:00:00-05:00,39.68045667528005,39.72295279837423,39.53598023115669,39.53852844238281,9100,0.0,0.0,0.0
2024-02-13 00:00:00-05:00,39.43399858495611,39.43399858495611,39.22153092715354,39.226627349853516,6000,0.0,0.0,0.0
2024-02-14 00:00:00-05:00,39.36600973521258,39.442498226280975,39.323516849507776,39.40000534057617,4700,0.0,0.0,0.0
2024-02-15 00:00:00-05:00,39.501984820649504,39.518982621569634,39.45099141788912,39.514732360839844,2300,0.0,0.0,0.0
2024-02-16 00:00:00-05:00,39.408503894820655,39.459497304514436,39.38300881097351,39.400856018066406,3600,0.0,0.0,0.0
2024-02-20 00:00:00-05:00,39.39150219061274,39.501986279674846,39.39150219061274,39.48923873901367,4100,0.0,0.0,0.0
2024-02-21 00:00:00-05:00,39.442496172290156,39.4764917758834,39.374508207102856,39.417850494384766,4400,0.0,0.0,0.0
2024-02-22 00:00:00-05:00,39.442495115986624,39.55297920370622,39.442495115986624,39.548728942871094,3300,0.0,0.0,0.0
2024-02-23 00:00:00-05:00,39.64646158833566,39.64646158833566,39.578470389661284,39.63711166381836,2200,0.0,0.0,0.0
2024-02-26 00:00:00-05:00,39.68045941897709,39.68045941897709,39.51048788284378,39.513885498046875,2800,0.0,0.0,0.0
2024-02-27 00:00:00-05:00,39.560015918903204,39.560015918903204,39.47458961745069,39.535240173339844,5400,0.238,0.0,0.0
2024-02-28 00:00:00-05:00,39.508763893895214,39.577104941554005,39.49595076212932,39.54293441772461,3500,0.0,0.0,0.0
2024-02-29 00:00:00-05:00,39.540356895645374,39.62321859653892,39.540356895645374,39.570255279541016,2700,0.0,0.0,0.0
2024-03-01 00:00:00-05:00,39.50875913623605,39.78211677659235,39.50875913623605,39.746238708496094,3000,0.0,0.0,0.0
2024-03-04 00:00:00-05:00,39.69669897990619,39.78980925921006,39.679613717791945,39.74795150756836,5200,0.0,0.0,0.0
2024-03-05 00:00:00-05:00,39.86754192166015,39.86754192166015,39.713781092188356,39.756492614746094,3400,0.0,0.0,0.0
2024-03-06 00:00:00-05:00,39.95296681695923,39.95296681695923,39.816287994384766,39.816287994384766,3100,0.0,0.0,0.0
2024-03-07 00:00:00-05:00,39.97004656923391,39.97004656923391,39.816282507691334,39.888038635253906,5900,0.0,0.0,0.0
2024-03-08 00:00:00-05:00,40.10674034575294,40.10674034575294,39.95297622680664,39.95297622680664,6600,0.0,0.0,0.0
2024-03-11 00:00:00-04:00,39.91880506487288,39.93589032878251,39.8991584777832,39.8991584777832,5400,0.0,0.0,0.0
2024-03-12 00:00:00-04:00,40.004229201169956,40.004229201169956,39.87609135818132,39.94186782836914,4200,0.0,0.0,0.0
2024-03-13 00:00:00-04:00,39.91879188763001,39.99567392050406,39.91879188763001,39.95466995239258,4000,0.0,0.0,0.0
2024-03-14 00:00:00-04:00,40.0640266513541,40.0640266513541,39.72232790355018,39.73428726196289,4400,0.0,0.0,0.0
2024-03-15 00:00:00-04:00,39.74794377105052,39.85045532378318,39.73085851226175,39.739402770996094,4700,0.0,0.0,0.0
2024-03-18 00:00:00-04:00,39.84619870573726,39.84619870573726,39.79067403706904,39.84192657470703,4300,0.0,0.0,0.0
2024-03-19 00:00:00-04:00,39.807739550013224,39.99567413330078,39.799198550172804,39.99567413330078,7500,0.0,0.0,0.0
2024-03-20 00:00:00-04:00,40.132357221491056,40.139190673828125,39.97432100881067,40.139190673828125,13000,0.0,0.0,0.0
2024-03-21 00:00:00-04:00,40.234862152711955,40.234862152711955,40.082808889581926,40.106727600097656,6200,0.0,0.0,0.0
2024-03-22 00:00:00-04:00,40.157978681460854,40.157978681460854,40.03838513315936,40.08109664916992,8900,0.0,0.0,0.0
2024-03-25 00:00:00-04:00,40.08110296708345,40.08110296708345,39.97005365968744,40.04266357421875,12200,0.0,0.0,0.0
2024-03-26 00:00:00-04:00,40.03494102188402,40.07700156183595,39.99717330932617,39.99717330932617,7800,0.226,0.0,0.0
2024-03-27 00:00:00-04:00,40.017775432660734,40.20662055592795,40.017775432660734,40.202327728271484,11000,0.0,0.0,0.0
2024-03-28 00:00:00-04:00,40.172276145770425,40.206612210959406,40.15081856087786,40.159400939941406,4600,0.0,0.0,0.0
2024-04-01 00:00:00-04:00,40.17228395313554,40.17228395313554,39.96627407089903,40.01434326171875,8700,0.0,0.0,0.0
2024-04-02 00:00:00-04:00,39.91477003424236,39.91477003424236,39.82893312890217,39.87614440917969,5200,0.0,0.0,0.0
2024-04-03 00:00:00-04:00,39.78600539487211,39.94738097918544,39.78600539487211,39.91390609741211,7700,0.0,0.0,0.0
2024-04-04 00:00:00-04:00,40.02635424626132,40.03493662563917,39.811758742672374,39.83750915527344,2700,0.0,0.0,0.0
2024-04-05 00:00:00-04:00,39.841805504879844,39.897599161937755,39.81090435213288,39.82978820800781,6000,0.0,0.0,0.0
2024-04-08 00:00:00-04:00,39.743086719447206,39.89330291748047,39.743086719447206,39.89330291748047,8000,0.0,0.0,0.0
2024-04-09 00:00:00-04:00,39.93193629357647,40.000605159899834,39.91476825837866,39.98344039916992,3300,0.0,0.0,0.0
2024-04-10 00:00:00-04:00,39.786011209093225,39.794596864266495,39.588583708192445,39.6486701965332,4800,0.0,0.0,0.0
2024-04-11 00:00:00-04:00,39.674426312388135,39.674426312388135,39.49416356188061,39.597171783447266,2700,0.0,0.0,0.0
2024-04-12 00:00:00-04:00,39.562833088570734,39.562833088570734,39.502746600538345,39.53708267211914,6400,0.0,0.0,0.0
2024-04-15 00:00:00-04:00,39.57570358955782,39.57999641661182,39.2993057774843,39.335357666015625,11800,0.0,0.0,0.0
2024-04-16 00:00:00-04:00,39.25382573621673,39.25382573621673,39.218631744384766,39.218631744384766,3800,0.0,0.0,0.0
2024-04-17 00:00:00-04:00,39.27956089969937,39.33965065530034,39.21947441856603,39.252952575683594,1700,0.0,0.0,0.0
2024-04-18 00:00:00-04:00,39.253819028168095,39.28214645385742,39.253819028168095,39.28214645385742,700,0.0,0.0,0.0
2024-04-19 00:00:00-04:00,39.27096971555647,39.382560273129,39.27096971555647,39.31303024291992,3900,0.0,0.0,0.0
2024-04-22 00:00:00-04:00,39.44265938617015,39.5714147405251,39.43407373119905,39.52248764038086,2800,0.0,0.0,0.0
2024-04-23 00:00:00-04:00,39.61433300689886,39.76884203820579,39.61433300689886,39.69587707519531,2800,0.0,0.0,0.0
2024-04-24 00:00:00-04:00,39.708763426693814,39.708763426693814,39.52850393106679,39.65382766723633,5000,0.0,0.0,0.0
2024-04-25 00:00:00-04:00,39.55424708055253,39.55424708055253,39.45123887525659,39.55167007446289,4500,0.0,0.0,0.0
2024-04-26 00:00:00-04:00,39.70362391370751,39.70362391370751,39.63455754065515,39.64232635498047,2200,0.263,0.0,0.0
2024-04-29 00:00:00-04:00,39.694981186545306,39.82447896399192,39.669082948362096,39.78217697143555,2900,0.0,0.0,0.0
2024-04-30 00:00:00-04:00,39.64318110541135,39.71224746437759,39.61728286743164,39.61728286743164,4200,0.0,0.0,0.0
2024-05-01 00:00:00-04:00,39.608649706856575,39.876273604469205,39.574116528692,39.76404571533203,3100,0.0,0.0,0.0
2024-05-02 00:00:00-04:00,39.76835154250219,39.99626520130919,39.76835154250219,39.94533157348633,2000,0.0,0.0,0.0
2024-05-03 00:00:00-04:00,40.15252432393563,40.212959020135585,40.07482633540936,40.18705749511719,5300,0.0,0.0,0.0
2024-05-06 00:00:00-04:00,40.17842814290985,40.2474911959516,40.13526332310068,40.230224609375,6000,0.0,0.0,0.0
2024-05-07 00:00:00-04:00,40.22161351113219,40.288950927897005,40.19571526466872,40.233699798583984,4200,0.0,0.0,0.0
2024-05-08 00:00:00-04:00,40.1957003227339,40.2285045365089,40.14390055579614,40.16116714477539,3000,0.0,0.0,0.0
2024-05-09 00:00:00-04:00,40.16117268433328,40.20433751610272,40.16117268433328,40.168941497802734,2700,0.0,0.0,0.0
2024-05-10 00:00:00-04:00,40.191384122829,40.191384122829,40.083470408245795,40.14390182495117,5300,0.0,0.0,0.0
2024-05-13 00:00:00-04:00,40.169785809472785,40.18705239287136,40.126620997608384,40.15251922607422,5200,0.0,0.0,0.0
2024-05-14 00:00:00-04:00,40.21295623897298,40.27338763772898,40.21295623897298,40.24748611450195,1500,0.0,0.0,0.0
2024-05-15 00:00:00-04:00,40.299299104982005,40.44606018066406,40.299299104982005,40.44606018066406,3700,0.0,0.0,0.0
2024-05-16 00:00:00-04:00,40.41152291128044,40.42015455810505,40.36835479736328,40.36835479736328,3100,0.0,0.0,0.0
2024-05-17 00:00:00-04:00,40.368360145436625,40.41152826507278,40.31656367109749,40.37699508666992,5700,0.0,0.0,0.0
2024-05-20 00:00:00-04:00,40.47196294619235,40.47196294619235,40.30793198217622,40.393402099609375,3500,0.0,0.0,0.0
2024-05-21 00:00:00-04:00,40.385630290381854,40.48059489271828,40.385630290381854,40.402896881103516,2800,0.0,0.0,0.0
2024-05-22 00:00:00-04:00,40.30793915321346,40.377005527879255,40.30793915321346,40.31657409667969,2100,0.0,0.0,0.0
2024-05-23 00:00:00-04:00,40.33382182600656,40.33382182600656,40.18705749511719,40.18705749511719,2800,0.0,0.0,0.0
2024-05-24 00:00:00-04:00,40.17843450086643,40.31656392207259,40.17843450086643,40.29929733276367,2500,0.0,0.0,0.0
2024-05-28 00:00:00-04:00,40.325195816150774,40.33383075749051,40.1697998046875,40.1697998046875,4500,0.0,0.0,0.0
2024-05-29 00:00:00-04:00,40.00576619433084,40.11626839822687,39.9366998469473,40.038570404052734,3200,0.0,0.0,0.0
2024-05-30 00:00:00-04:00,40.18273990020915,40.191422847035014,40.043789561133565,40.131500244140625,1800,0.274,0.0,0.0
2024-05-31 00:00:00-04:00,40.260897720345866,40.38247884703567,40.24352851469914,40.34947967529297,1700,0.0,0.0,0.0
2024-06-03 00:00:00-04:00,40.38249027670341,40.488441467285156,40.38249027670341,40.488441467285156,2500,0.0,0.0,0.0
2024-06-04 00:00:00-04:00,40.38248398936601,40.521434339396556,40.38248398936601,40.46064376831055,2900,0.0,0.0,0.0
2024-06-05 00:00:00-04:00,40.512756762467845,40.60828244909663,40.5005986466389,40.60567855834961,2500,0.0,0.0,0.0
2024-06-06 00:00:00-04:00,40.57353722784783,40.58222017434492,40.53879881618491,40.577877044677734,1500,0.0,0.0,0.0
2024-06-07 00:00:00-04:00,40.41722129244218,40.50406401650647,40.39985208506181,40.44761657714844,4000,0.0,0.0,0.0
2024-06-10 00:00:00-04:00,40.35642245448066,40.4953727722168,40.35642245448066,40.4953727722168,2800,0.0,0.0,0.0
2024-06-11 00:00:00-04:00,40.478012963868196,40.53880353493573,40.42590534030845,40.52838134765625,5200,0.0,0.0,0.0
2024-06-12 00:00:00-04:00,40.84274380469321,40.84274380469321,40.721162700023015,40.72550582885742,3000,0.0,0.0,0.0
2024-06-13 00:00:00-04:00,40.851434802708326,40.851434802708326,40.64300766134765,40.71161651611328,2700,0.0,0.0,0.0
2024-06-14 00:00:00-04:00,40.56485951192899,40.5995979309082,40.50406893513434,40.5995979309082,4400,0.0,0.0,0.0
2024-06-17 00:00:00-04:00,40.643003328425216,40.65168958617593,40.4953700750298,40.6082649230957,3200,0.0,0.0,0.0
2024-06-18 00:00:00-04:00,40.60826719761911,40.76458671752091,40.599584252218726,40.74113845825195,6400,0.0,0.0,0.0
2024-06-20 00:00:00-04:00,40.73853479418647,40.73853479418647,40.625636626334824,40.70379638671875,4000,0.0,0.0,0.0
2024-06-21 00:00:00-04:00,40.686437730987244,40.72117614746094,40.63433341911445,40.72117614746094,2900,0.0,0.0,0.0
2024-06-24 00:00:00-04:00,40.67775032956138,40.74722384206451,40.6690673828125,40.6690673828125,1700,0.0,0.0,0.0
2024-06-25 00:00:00-04:00,40.66907475195288,40.738548277044444,40.6603884907927,40.70294189453125,3500,0.0,0.0,0.0
2024-06-26 00:00:00-04:00,40.5657131153693,40.6169527621507,40.5657131153693,40.58221435546875,1200,0.0,0.0,0.0
2024-06-27 00:00:00-04:00,40.465191517331135,40.66607593687918,40.465191517331135,40.62764358520508,7500,0.266,0.0,0.0
2024-06-28 00:00:00-04:00,40.6049293485061,40.67480058285622,40.53068678901805,40.56999206542969,4100,0.0,0.0,0.0
2024-07-01 00:00:00-04:00,40.631135943690985,40.631135943690985,40.543792724609375,40.543792724609375,3700,0.0,0.0,0.0
2024-07-02 00:00:00-04:00,40.5525194808167,40.645973205566406,40.51758220113737,40.645973205566406,5500,0.0,0.0,0.0
2024-07-03 00:00:00-04:00,40.66606685629143,40.72545623779297,40.66606685629143,40.72545623779297,900,0.0,0.0,0.0
2024-07-05 00:00:00-04:00,40.770887975574205,40.864341735839844,40.74468667175842,40.864341735839844,3500,0.0,0.0,0.0
2024-07-08 00:00:00-04:00,40.849496082150324,40.87569738651985,40.8058261309332,40.832027435302734,3000,0.0,0.0,0.0
2024-07-09 00:00:00-04:00,40.849498514796366,40.849498514796366,40.77962392324488,40.81106948852539,2700,0.0,0.0,0.0
2024-07-10 00:00:00-04:00,40.8145555157965,40.89316275440579,40.8145555157965,40.880062103271484,4800,0.0,0.0,0.0
2024-07-11 00:00:00-04:00,41.09404487737851,41.09404487737851,41.015437643172554,41.076576232910156,5100,0.0,0.0,0.0
2024-07-12 00:00:00-04:00,41.06784305152046,41.184879302978516,41.06784305152046,41.184879302978516,2800,0.0,0.0,0.0
2024-07-15 00:00:00-04:00,41.18138473767536,41.198850048914586,41.128978808548716,41.171775817871094,4800,0.0,0.0,0.0
2024-07-16 00:00:00-04:00,41.172644308005886,41.35169538101795,41.172644308005886,41.35082244873047,3200,0.0,0.0,0.0
2024-07-17 00:00:00-04:00,41.152553530053964,41.32985539229866,41.152553530053964,41.26609802246094,4700,0.0,0.0,0.0
2024-07-18 00:00:00-04:00,41.32113313991263,41.35606709638348,41.19011997478658,41.236412048339844,4300,0.0,0.0,0.0
2024-07-19 00:00:00-04:00,41.356064808382946,41.356064808382946,41.1813850402832,41.1813850402832,3700,0.0,0.0,0.0
2024-07-22 00:00:00-04:00,41.19884560384077,41.35169538101795,41.17613936895843,41.35082244873047,3500,0.0,0.0,0.0
2024-07-23 00:00:00-04:00,41.33859803636323,41.40846927477371,41.33859803636323,41.36916732788086,2100,0.0,0.0,0.0
2024-07-24 00:00:00-04:00,41.25999216721404,41.31239476479393,41.233787536621094,41.233787536621094,1500,0.0,0.0,0.0
2024-07-25 00:00:00-04:00,41.26872622730339,41.26872622730339,41.24951171875,41.24951171875,800,0.0,0.0,0.0
2024-07-26 00:00:00-04:00,41.268721776641385,41.382266282688235,41.268721776641385,41.33859634399414,3900,0.0,0.0,0.0
2024-07-29 00:00:00-04:00,41.35606312872787,41.36479911585985,41.286191890686354,41.31239318847656,6000,0.0,0.0,0.0
2024-07-30 00:00:00-04:00,41.293949127197266,41.2957046042403,41.22368984371167,41.293949127197266,4700,0.259,0.0,0.0
2024-07-31 00:00:00-04:00,41.42567860636424,41.513502707218606,41.29394748030301,41.47134780883789,3600,0.0,0.0,0.0
2024-08-01 00:00:00-04:00,41.513511262818646,41.56620573419118,41.39934158325195,41.39934158325195,6500,0.0,0.0,0.0
2024-08-02 00:00:00-04:00,41.311519124210115,41.32908394728231,41.171003889780046,41.232479095458984,3400,0.0,0.0,0.0
2024-08-05 00:00:00-04:00,40.854839899657144,41.09195996341948,40.82849434262148,40.955833435058594,9400,0.0,0.0,0.0
2024-08-06 00:00:00-04:00,41.17978678299403,41.26761090295468,41.02346554471502,41.144657135009766,24400,0.0,0.0,0.0
2024-08-07 00:00:00-04:00,41.33785902530116,41.346643110708584,41.10161671001678,41.11127853393555,16300,0.0,0.0,0.0
2024-08-08 00:00:00-04:00,41.190327541167925,41.28078487978254,41.09196720407949,41.268489837646484,7300,0.0,0.0,0.0
2024-08-09 00:00:00-04:00,41.285165739134605,41.37298984497525,41.258820182455956,41.302730560302734,9400,0.0,0.0,0.0
2024-08-12 00:00:00-04:00,41.27638322683875,41.3431282043457,41.26496592606359,41.3431282043457,2300,0.0,0.0,0.0
2024-08-13 00:00:00-04:00,41.469599675785275,41.53019714355469,41.383534386809366,41.53019714355469,5700,0.0,0.0,0.0
2024-08-14 00:00:00-04:00,41.504719736174266,41.59429931640625,41.48715826567888,41.59429931640625,2400,0.0,0.0,0.0
2024-08-15 00:00:00-04:00,41.654023988340775,41.697934370093215,41.5670809634503,41.66017150878906,4100,0.0,0.0,0.0
2024-08-16 00:00:00-04:00,41.697932529236695,41.814735412597656,41.645238063371664,41.814735412597656,2100,0.0,0.0,0.0
2024-08-19 00:00:00-04:00,41.81209687196124,41.8999176204048,41.72251729644311,41.889381408691406,6600,0.0,0.0,0.0
2024-08-20 00:00:00-04:00,41.891143364697754,41.891143364697754,41.7945385163804,41.83405685424805,4700,0.0,0.0,0.0
2024-08-21 00:00:00-04:00,41.935044660602195,41.96139021347294,41.85688239025284,41.9306526184082,1200,0.0,0.0,0.0
2024-08-22 00:00:00-04:00,41.94383660373848,41.94383660373848,41.88236139718064,41.8858757019043,6700,0.0,0.0,0.0
2024-08-23 00:00:00-04:00,41.96314812830147,42.10629653930664,41.96314812830147,42.10629653930664,2300,0.0,0.0,0.0
2024-08-26 00:00:00-04:00,42.13705199708127,42.13705199708127,42.01410156737185,42.07557678222656,7200,0.0,0.0,0.0
2024-08-27 00:00:00-04:00,42.075558944910036,42.11946931545568,41.943824483126576,42.10629653930664,14800,0.0,0.0,0.0
2024-08-28 00:00:00-04:00,42.11069428151866,42.11069428151866,42.02287017839296,42.0667839050293,4500,0.0,0.0,0.0
2024-08-29 00:00:00-04:00,42.09239449493378,42.1100548094,42.03058507848229,42.074737548828125,4200,0.259,0.0,0.0
2024-08-30 00:00:00-04:00,42.0305798228412,42.092389231563835,42.023516371610064,42.07826232910156,3800,0.0,0.0,0.0
2024-09-03 00:00:00-04:00,42.074745419999935,42.074745419999935,41.97761535644531,41.97761535644531,4500,0.0,0.0,0.0
2024-09-04 00:00:00-04:00,41.95994598100608,42.10122512430804,41.95994598100608,42.09151077270508,2200,0.0,0.0,0.0
2024-09-05 00:00:00-04:00,42.10123102241049,42.18423080444336,42.10123102241049,42.18423080444336,1200,0.0,0.0,0.0
2024-09-06 00:00:00-04:00,42.16303466413179,42.17363152621002,42.048244307245575,42.1533203125,2800,0.0,0.0,0.0
2024-09-09 00:00:00-04:00,42.22484530406324,42.24692153930664,42.057077368639355,42.24692153930664,3500,0.0,0.0,0.0
2024-09-10 00:00:00-04:00,42.231907368197845,42.233675757444395,42.16303450167568,42.193939208984375,4700,0.0,0.0,0.0
2024-09-11 00:00:00-04:00,42.0923961737089,42.26016748364895,42.0923961737089,42.25928497314453,4200,0.0,0.0,0.0
2024-09-12 00:00:00-04:00,42.22484035976004,42.374951331444706,42.21336098824649,42.31755447387695,5500,0.0,0.0,0.0
2024-09-13 00:00:00-04:00,42.41027635732562,42.533895198794475,42.39261604163568,42.48974609375,4100,0.0,0.0,0.0
2024-09-16 00:00:00-04:00,42.56038515906594,42.56038515906594,42.41027416763217,42.55596923828125,5000,0.0,0.0,0.0
2024-09-17 00:00:00-04:00,42.58687223227557,42.58687223227557,42.56038344535527,42.584224700927734,4100,0.0,0.0,0.0
2024-09-18 00:00:00-04:00,42.57804530957422,42.723737011300585,42.5294802862119,42.596588134765625,3900,0.0,0.0,0.0
2024-09-19 00:00:00-04:00,42.860603189909675,42.860603189909675,42.68400341289391,42.75287628173828,5000,0.0,0.0,0.0
2024-09-20 00:00:00-04:00,42.683997056057535,42.744041442871094,42.63101612033497,42.744041442871094,2900,0.0,0.0,0.0
2024-09-23 00:00:00-04:00,42.80763222892969,42.80763222892969,42.648692729387264,42.68401336669922,5500,0.0,0.0,0.0
2024-09-24 00:00:00-04:00,42.825279163571295,42.825279163571295,42.684000026838255,42.70695877075195,14800,0.0,0.0,0.0
2024-09-25 00:00:00-04:00,42.666335243916976,42.69723994657845,42.56920521602093,42.675167083740234,11300,0.0,0.0,0.0
2024-09-26 00:00:00-04:00,42.72726458827314,42.7369789389636,42.67516953009743,42.73256301879883,6900,0.0,0.0,0.0
2024-09-27 00:00:00-04:00,42.90738600865577,42.90738600865577,42.756524017220435,42.83018112182617,7700,0.242,0.0,0.0
2024-09-30 00:00:00-04:00,42.90739650813717,42.91627273644561,42.81865453678801,42.85415267944336,9300,0.0,0.0,0.0
2024-10-01 00:00:00-04:00,42.96951181977038,42.96951181977038,42.64560061335702,42.82929992675781,10400,0.0,0.0,0.0
2024-10-02 00:00:00-04:00,42.78313971908071,42.81863784790039,42.76539065467087,42.81863784790039,2400,0.0,0.0,0.0
2024-10-03 00:00:00-04:00,42.787581733900495,42.80533079992912,42.70327451658657,42.76805877685547,12200,0.0,0.0,0.0
2024-10-04 00:00:00-04:00,42.80089990479745,42.80089990479745,42.63228882702419,42.70683288574219,7100,0.0,0.0,0.0
2024-10-07 00:00:00-04:00,42.676662379183114,42.676662379183114,42.51692413364844,42.523136138916016,6600,0.0,0.0,0.0
2024-10-08 00:00:00-04:00,42.44593282057467,42.61454391479492,42.44593282057467,42.61454391479492,3600,0.0,0.0,0.0
2024-10-09 00:00:00-04:00,42.596787400613124,42.596787400613124,42.454798244689286,42.57460021972656,3900,0.0,0.0,0.0
2024-10-10 00:00:00-04:00,42.56129293496631,42.565731048583984,42.508049112709486,42.565731048583984,2100,0.0,0.0,0.0
2024-10-11 00:00:00-04:00,42.50805125869454,42.64116420634552,42.500948922432194,42.618980407714844,4600,0.0,0.0,0.0
2024-10-14 00:00:00-04:00,42.63849670825076,42.703277587890625,42.59678656934802,42.703277587890625,3700,0.0,0.0,0.0
2024-10-15 00:00:00-04:00,42.71215982397794,42.75653080583985,42.66778884211603,42.70772171020508,5400,0.0,0.0,0.0
2024-10-16 00:00:00-04:00,42.721039024095035,42.83640630233641,42.721039024095035,42.77517318725586,7600,0.0,0.0,0.0
2024-10-17 00:00:00-04:00,42.916261642220086,42.916261642220086,42.65890525243148,42.71303939819336,3200,0.0,0.0,0.0
2024-10-18 00:00:00-04:00,42.756528268157616,42.81864831613513,42.756528268157616,42.79557418823242,19300,0.0,0.0,0.0
2024-10-21 00:00:00-04:00,42.7299031778948,42.7299031778948,42.60655003676335,42.659793853759766,800,0.0,0.0,0.0
2024-10-22 00:00:00-04:00,42.80089475354313,42.80089475354313,42.59678556229176,42.667781829833984,2800,0.0,0.0,0.0
2024-10-23 00:00:00-04:00,42.596791158415684,42.596791158415684,42.463674831930106,42.46811294555664,4600,0.0,0.0,0.0
2024-10-24 00:00:00-04:00,42.49029009079097,42.57015919075683,42.41929383069331,42.55241012573242,2300,0.0,0.0,0.0
2024-10-25 00:00:00-04:00,42.63228813118671,42.63228813118671,42.410429849969404,42.4849739074707,5000,0.0,0.0,0.0
2024-10-28 00:00:00-04:00,42.52579429599101,42.602115631103516,42.45480140538803,42.602115631103516,5500,0.0,0.0,0.0
2024-10-29 00:00:00-04:00,42.66778582941555,42.66778582941555,42.4556873377466,42.62784957885742,9900,0.0,0.0,0.0
2024-10-30 00:00:00-04:00,42.83223784406297,42.83223784406297,42.53770322388493,42.57162094116211,5400,0.274,0.0,0.0
2024-10-31 00:00:00-04:00,42.54663017387216,42.55555732317974,42.4484553644579,42.484153747558594,6300,0.0,0.0,0.0
2024-11-01 00:00:00-04:00,42.60910542000718,42.60910542000718,42.49307632446289,42.49307632446289,2000,0.0,0.0,0.0
2024-11-04 00:00:00-05:00,42.60910162405249,42.60910162405249,42.36811971079499,42.45737075805664,9200,0.0,0.0,0.0
2024-11-05 00:00:00-05:00,42.519851963740365,42.6314174877446,42.519851963740365,42.622493743896484,4400,0.0,0.0,0.0
2024-11-06 00:00:00-05:00,42.70728358225839,42.716210731308436,42.61803252001661,42.69746780395508,4000,0.0,0.0,0.0
2024-11-07 00:00:00-05:00,42.832232989602055,42.8679313659668,42.74744211072866,42.8679313659668,7300,0.0,0.0,0.0
2024-11-08 00:00:00-05:00,42.96611820125108,43.0107437342123,42.87686713532864,42.99735641479492,4400,0.0,0.0,0.0
2024-11-11 00:00:00-05:00,42.96611476760183,43.01074029699679,42.94469573918773,42.992889404296875,4000,0.0,0.0,0.0
2024-11-12 00:00:00-05:00,42.975039459149535,42.975039459149535,42.77868305538709,42.80992126464844,3900,0.0,0.0,0.0
2024-11-13 00:00:00-05:00,42.95719391093795,42.95719391093795,42.76976122734556,42.83224105834961,3400,0.0,0.0,0.0
2024-11-14 00:00:00-05:00,42.814387240462935,42.823310984448426,42.720672607421875,42.720672607421875,6200,0.0,0.0,0.0
2024-11-15 00:00:00-05:00,42.586796076131996,42.7519142933164,42.57340875671082,42.68943786621094,7600,0.0,0.0,0.0
2024-11-18 00:00:00-05:00,42.742984393106184,42.7474479675293,42.60910780280027,42.7474479675293,9800,0.0,0.0,0.0
2024-11-19 00:00:00-05:00,42.79653927055012,42.84116480294455,42.689437311861525,42.83224105834961,12900,0.0,0.0,0.0
2024-11-20 00:00:00-05:00,42.9304063232401,42.9304063232401,42.70727530616565,42.81438064575195,6100,0.0,0.0,0.0
2024-11-21 00:00:00-05:00,42.81438064575195,42.85007902090493,42.7608279759588,42.81438064575195,5800,0.0,0.0,0.0
2024-11-22 00:00:00-05:00,42.81439231589466,42.850090700778125,42.756376056627666,42.81974792480469,5300,0.0,0.0,0.0
2024-11-25 00:00:00-05:00,42.86793888847139,42.99289173944793,42.85901514399157,42.97504425048828,6900,0.0,0.0,0.0
2024-11-26 00:00:00-05:00,42.9393424987793,42.94737420928879,42.89471696692348,42.9393424987793,3000,0.0,0.0,0.0
2024-11-27 00:00:00-05:00,42.97074226633497,43.08738963454387,42.97074226633497,43.07841491699219,5700,0.255,0.0,0.0
2024-11-29 00:00:00-05:00,43.1322490607271,43.1322490607271,43.04252243041992,43.04252243041992,8000,0.0,0.0,0.0
2024-12-02 00:00:00-05:00,43.09635891488959,43.195060266233604,42.98330212355609,43.1591682434082,16600,0.0,0.0,0.0
2024-12-03 00:00:00-05:00,43.2219847426682,43.2219847426682,43.02458543008234,43.13674545288086,6000,0.0,0.0,0.0
2024-12-04 00:00:00-05:00,43.24889715195416,43.28478917382642,43.141224509189,43.26235580444336,7300,0.0,0.0,0.0
2024-12-05 00:00:00-05:00,43.24890171065306,43.25787300564095,43.213009684997566,43.23454284667969,2900,0.0,0.0,0.0
2024-12-06 00:00:00-05:00,43.31619096094265,43.36554163202708,43.31619096094265,43.320674896240234,1700,0.0,0.0,0.0
2024-12-09 00:00:00-05:00,43.47322145106878,43.47322145106878,43.29376474682245,43.29825210571289,6800,0.0,0.0,0.0
2024-12-10 00:00:00-05:00,43.410411252307384,43.410411252307384,43.239925846389866,43.27581787109375,5000,0.0,0.0,0.0
2024-12-11 00:00:00-05:00,43.302730560302734,43.3646430983163,43.302730560302734,43.302730560302734,4400,0.0,0.0,0.0
2024-12-12 00:00:00-05:00,43.30273893924672,43.30273893924672,43.226470947265625,43.226470947265625,8700,0.0,0.0,0.0
2024-12-13 00:00:00-05:00,43.239926873996964,43.239926873996964,43.0873908996582,43.0873908996582,3200,0.0,0.0,0.0
2024-12-16 00:00:00-05:00,43.213004937149414,43.213004937149414,43.09635757801119,43.11430358886719,5600,0.0,0.0,0.0
2024-12-17 00:00:00-05:00,43.05150750966988,43.091886902233924,43.042536212907116,43.07124710083008,2800,0.0,0.0,0.0
2024-12-18 00:00:00-05:00,43.015605836286895,43.06047257860313,42.62080383300781,42.62080383300781,7800,0.0,0.0,0.0
2024-12-19 00:00:00-05:00,42.872043657155295,42.872043657155295,42.55799697976276,42.57594299316406,9200,0.0,0.0,0.0
2024-12-20 00:00:00-05:00,42.61363056117935,42.83615703020312,42.59389097238251,42.791290283203125,3800,0.0,0.0,0.0
2024-12-23 00:00:00-05:00,42.863067840145256,42.863067840145256,42.70155715942383,42.70155715942383,4700,0.0,0.0,0.0
2024-12-24 00:00:00-05:00,42.8271804372577,42.8271804372577,42.719507779445095,42.78500747680664,2800,0.0,0.0,0.0
2024-12-26 00:00:00-05:00,42.782316289929746,42.88998894566567,42.71950695551279,42.887298583984375,4700,0.0,0.0,0.0
2024-12-27 00:00:00-05:00,42.83615488015994,42.83615488015994,42.76437082684473,42.78680419921875,6100,0.0,0.0,0.0
2024-12-30 00:00:00-05:00,42.846380368132245,42.85541018991251,42.706449125349664,42.819297790527344,15800,0.291,0.0,0.0
2024-12-31 00:00:00-05:00,42.87346729437195,42.89152005057754,42.77596450274797,42.80665969848633,5800,0.0,0.0,0.0
2025-01-02 00:00:00-05:00,42.846399189353505,42.9457066093517,42.765147976979485,42.8473014831543,10100,0.0,0.0,0.0
2025-01-03 00:00:00-05:00,42.87347269832037,42.99986267089844,42.87347269832037,42.99986267089844,5900,0.0,0.0,0.0
2025-01-06 00:00:00-05:00,43.063057301232945,43.063057301232945,43.00708410757269,43.03145980834961,9100,0.0,0.0,0.0
2025-01-07 00:00:00-05:00,43.31584308322106,43.31584308322106,42.89153088398943,42.924034118652344,8000,0.0,0.0,0.0
2025-01-08 00:00:00-05:00,42.873463215790125,42.93575245089668,42.855407017434196,42.918601989746094,7800,0.0,0.0,0.0
2025-01-10 00:00:00-05:00,42.710962512047374,42.855408660565345,42.70644760131836,42.70644760131836,7300,0.0,0.0,0.0
2025-01-13 00:00:00-05:00,42.84639224086241,42.855422065144836,42.44916606915812,42.67757034301758,10900,0.0,0.0,0.0
2025-01-14 00:00:00-05:00,42.66583263139646,42.7741698570168,42.66583263139646,42.69382095336914,6000,0.0,0.0,0.0
2025-01-15 00:00:00-05:00,43.28874617944925,43.28874617944925,42.81929534584828,43.04047775268555,8200,0.0,0.0,0.0
2025-01-16 00:00:00-05:00,43.090143869371346,43.19847764872765,42.972780266145236,43.10820007324219,6400,0.0,0.0,0.0
2025-01-17 00:00:00-05:00,43.180416540874106,43.216525497766284,43.13527431798974,43.17138671875,7200,0.0,0.0,0.0
2025-01-21 00:00:00-05:00,43.44222365373872,43.451253476032655,43.25263871198394,43.34743118286133,14100,0.0,0.0,0.0
2025-01-22 00:00:00-05:00,43.37000849504075,43.41514728135915,43.19847628561475,43.314937591552734,20000,0.0,0.0,0.0
2025-01-23 00:00:00-05:00,43.34292516617748,43.34292516617748,43.22375697206721,43.30320358276367,5700,0.0,0.0,0.0
2025-01-24 00:00:00-05:00,43.27070600125725,43.45126461085621,43.27070600125725,43.35285949707031,7400,0.0,0.0,0.0
2025-01-27 00:00:00-05:00,43.4241616798028,43.49638647307942,43.36096670761961,43.454856872558594,20300,0.0,0.0,0.0
2025-01-28 00:00:00-05:00,43.32487310290928,43.49640188190466,43.32487310290928,43.45668029785156,13600,0.0,0.0,0.0
2025-01-29 00:00:00-05:00,43.496396178155706,43.496396178155706,43.33389380089288,43.40160369873047,3300,0.0,0.0,0.0
2025-01-30 00:00:00-05:00,43.4633063366313,43.53589460762304,43.41793477322661,43.434268951416016,9200,0.243,0.0,0.0
2025-01-31 00:00:00-05:00,43.463303842279146,43.46511759707466,43.3181238472632,43.370750427246094,7000,0.0,0.0,0.0
2025-02-03 00:00:00-05:00,43.145725384128106,43.336273501372105,43.145725384128106,43.25551986694336,10000,0.0,0.0,0.0
2025-02-04 00:00:00-05:00,43.27274871043243,43.50866834618967,43.27274871043243,43.40976333618164,6400,0.0,0.0,0.0
2025-02-05 00:00:00-05:00,43.417930362961656,43.572186047867284,43.417930362961656,43.5631103515625,6300,0.0,0.0,0.0
2025-02-06 00:00:00-05:00,43.58126440507483,43.59487449007998,43.508676131259236,43.53589630126953,9400,0.0,0.0,0.0
2025-02-07 00:00:00-05:00,43.44515702664934,43.44515702664934,43.399788926046796,43.41702651977539,4900,0.0,0.0,0.0
2025-02-10 00:00:00-05:00,43.68107675430447,43.68107675430447,43.45423277160753,43.48145294189453,8400,0.0,0.0,0.0
2025-02-11 00:00:00-05:00,43.427005542311534,43.427005542311534,43.354413818193265,43.404319763183594,6000,0.0,0.0,0.0
2025-02-12 00:00:00-05:00,43.35441908356971,43.35441908356971,43.245534945532285,43.3181266784668,4800,0.0,0.0,0.0
2025-02-13 00:00:00-05:00,43.39071075799737,43.485984802246094,43.23645853246058,43.485984802246094,9900,0.0,0.0,0.0
2025-02-14 00:00:00-05:00,43.554038078060735,43.644774272844444,43.554038078060735,43.5984992980957,18900,0.0,0.0,0.0
2025-02-18 00:00:00-05:00,43.66292000204649,43.66292000204649,43.445151761002585,43.48688888549805,13000,0.0,0.0,0.0
2025-02-19 00:00:00-05:00,43.61755662402923,43.61755662402923,43.3907126626139,43.4941520690918,8300,0.0,0.0,0.0
2025-02-20 00:00:00-05:00,43.51322005114548,43.57219824818475,43.49960650287648,43.560401916503906,18500,0.0,0.0,0.0
2025-02-21 00:00:00-05:00,43.5631127836373,43.58126071589608,43.50867244822513,43.51321029663086,9700,0.0,0.0,0.0
2025-02-24 00:00:00-05:00,43.52682113910613,43.55404130728664,43.39071337547518,43.54315185546875,12400,0.0,0.0,0.0
2025-02-25 00:00:00-05:00,43.581263699589925,43.6193733215332,43.56311576608869,43.6193733215332,10600,0.0,0.0,0.0
2025-02-26 00:00:00-05:00,43.6447745951326,43.744586486950105,43.59940649740574,43.66655349731445,6900,0.0,0.0,0.0
2025-02-27 00:00:00-05:00,43.824340773779575,43.824340773779575,43.52336375498361,43.568965911865234,8500,0.247,0.0,0.0
2025-02-28 00:00:00-05:00,43.669292626569934,43.742255381539124,43.55072423562077,43.73769760131836,16200,0.0,0.0,0.0
2025-03-03 00:00:00-05:00,43.74225181346928,43.74225181346928,43.51423756905476,43.518798828125,29400,0.0,0.0,0.0
2025-03-04 00:00:00-05:00,43.61457234886185,43.61457234886185,43.3409559014992,43.46955490112305,12100,0.0,0.0,0.0
2025-03-05 00:00:00-05:00,43.49599744380587,43.596324271326246,43.45495654848647,43.55984115600586,10600,0.0,0.0,0.0
2025-03-06 00:00:00-05:00,43.45951855602223,43.46863759539866,43.35006920817651,43.37651824951172,14300,0.0,0.0,0.0
2025-03-07 00:00:00-05:00,43.35006193830929,43.51423245332482,43.30445979063183,43.427589416503906,18200,0.0,0.0,0.0
2025-03-10 00:00:00-04:00,43.36831903975653,43.46864588814428,43.23151254768221,43.27620315551758,9600,0.0,0.0,0.0
2025-03-11 00:00:00-04:00,43.267982143237965,43.277104661457656,43.11293412571615,43.16400909423828,8200,0.0,0.0,0.0
2025-03-12 00:00:00-04:00,42.9578794654259,43.28622051272889,42.9578794654259,43.1494140625,8100,0.0,0.0,0.0
2025-03-13 00:00:00-04:00,43.14029832314083,43.14029832314083,42.76635506700771,42.89130783081055,12200,0.0,0.0,0.0
2025-03-14 00:00:00-04:00,42.99437112095872,43.20414383637226,42.976129561459054,43.08557891845703,11200,0.0,0.0,0.0
2025-03-17 00:00:00-04:00,43.1403029813891,43.2315107849418,43.12206142067856,43.18408203125,3700,0.0,0.0,0.0
2025-03-18 00:00:00-04:00,43.14029312133789,43.2406199427044,43.103810008255316,43.14029312133789,5200,0.0,0.0,0.0
2025-03-19 00:00:00-04:00,43.14212137989454,43.441278767794465,43.14212137989454,43.38290786743164,10000,0.0,0.0,0.0
2025-03-20 00:00:00-04:00,43.3318297180038,43.45952062991725,43.3318297180038,43.36831283569336,5400,0.0,0.0,0.0
2025-03-21 00:00:00-04:00,43.331820330294114,43.368303440079714,43.24061603505096,43.30902099609375,5100,0.0,0.0,0.0
2025-03-24 00:00:00-04:00,43.39567136744261,43.486875670788656,43.29534454622927,43.445831298828125,7100,0.0,0.0,0.0
2025-03-25 00:00:00-04:00,43.432156894263414,43.4960006111124,43.431245338197236,43.45404815673828,4700,0.0,0.0,0.0
2025-03-26 00:00:00-04:00,43.42759524001613,43.4823164328787,43.20413877175629,43.267982482910156,17400,0.0,0.0,0.0
2025-03-27 00:00:00-04:00,43.23150729193623,43.267986931187885,43.15854105498958,43.16766357421875,9300,0.0,0.0,0.0
2025-03-28 00:00:00-04:00,43.200680936266934,43.200680936266934,43.012610886021726,43.084171295166016,5700,0.276,0.0,0.0
2025-03-31 00:00:00-04:00,42.90711412031017,43.09976869791202,42.73280809766502,43.07408142089844,7800,0.0,0.0,0.0
2025-04-01 00:00:00-04:00,42.99885168611912,43.1318760795453,42.89793638768348,43.122703552246094,17900,0.0,0.0,0.0
2025-04-02 00:00:00-04:00,43.10436697237532,43.193355560302734,42.962170012147745,43.193355560302734,7300,0.0,0.0,0.0
2025-04-03 00:00:00-04:00,42.815376570195006,42.815376570195006,42.430067367972846,42.673179626464844,8500,0.0,0.0,0.0
2025-04-04 00:00:00-04:00,41.86127787220979,42.30163276473091,40.64112501406681,41.90898132324219,91200,0.0,0.0,0.0
2025-04-07 00:00:00-04:00,41.209908041649804,42.15483933976601,41.00808094368766,41.543846130371094,20200,0.0,0.0,0.0
2025-04-08 00:00:00-04:00,42.07227446699127,42.13649266005831,41.23743445749069,41.334678649902344,11400,0.0,0.0,0.0
2025-04-09 00:00:00-04:00,41.158542338795584,42.61355186034628,41.14569869799212,42.53465270996094,8200,0.0,0.0,0.0
2025-04-10 00:00:00-04:00,42.1025472443026,42.16126051736874,41.60439257692467,41.773197174072266,19600,0.0,0.0,0.0
2025-04-11 00:00:00-04:00,41.61357104237767,42.11814405861898,41.60439501501873,41.95576477050781,7100,0.0,0.0,0.0
2025-04-14 00:00:00-04:00,42.31080839915792,42.31080839915792,42.1456748648894,42.180538177490234,5700,0.0,0.0,0.0
2025-04-15 00:00:00-04:00,42.315395974320836,42.349338883917596,42.25759958789023,42.304386138916016,9100,0.0,0.0,0.0
2025-04-16 00:00:00-04:00,42.31998106648918,42.402547827063856,42.25576286377883,42.33282470703125,9900,0.0,0.0,0.0
2025-04-17 00:00:00-04:00,42.4851040518812,42.65941005892229,42.44840694525296,42.49519348144531,2900,0.0,0.0,0.0
2025-04-21 00:00:00-04:00,42.33833743234691,42.457597831014546,42.209897503609874,42.30897903442383,15700,0.0,0.0,0.0
2025-04-22 00:00:00-04:00,42.41171779895874,42.48511202599072,42.38786432521041,42.45024871826172,2000,0.0,0.0,0.0
2025-04-23 00:00:00-04:00,42.962162191907616,43.11811966833275,42.72363446373724,42.75941467285156,14300,0.0,0.0,0.0
2025-04-24 00:00:00-04:00,42.96216256222536,43.03004837036133,42.81537411308342,43.03004837036133,6100,0.0,0.0,0.0
2025-04-25 00:00:00-04:00,43.06307560400042,43.19243240356445,43.05390307548116,43.19243240356445,5600,0.0,0.0,0.0
2025-04-28 00:00:00-04:00,43.191510787867834,43.27407403442038,43.026377295504815,43.16398620605469,2800,0.0,0.0,0.0
2025-04-29 00:00:00-04:00,43.13260810668857,43.39105188447735,43.13260810668857,43.303367614746094,5800,0.286,0.0,0.0
2025-04-30 00:00:00-04:00,43.01261267033327,43.16952747108519,42.98492327297855,43.14183807373047,6200,0.0,0.0,0.0
2025-05-01 00:00:00-04:00,43.16030422128786,43.271068875603206,43.08092605462485,43.09754180908203,4500,0.0,0.0,0.0
2025-05-02 00:00:00-04:00,43.20644556810335,43.22951889038086,43.137218559206936,43.22951889038086,2800,0.0,0.0,0.0
2025-05-05 00:00:00-04:00,43.22490576037596,43.30797394470222,43.22490576037596,43.23875045776367,4300,0.0,0.0,0.0
2025-05-06 00:00:00-04:00,43.16952708540136,43.25259879775556,43.104916144796114,43.17229461669922,4600,0.0,0.0,0.0
2025-05-07 00:00:00-04:00,43.23413641439652,43.24336503941089,43.20644701832134,43.2110595703125,3700,0.0,0.0,0.0
2025-05-08 00:00:00-04:00,43.409506420254615,43.409506420254615,43.23875045776367,43.23875045776367,5500,0.0,0.0,0.0
2025-05-09 00:00:00-04:00,43.25260944430065,43.31722040080977,43.243377295637615,43.2784538269043,5700,0.0,0.0,0.0
2025-05-12 00:00:00-04:00,43.6771902320334,43.75103332620968,43.53873619096913,43.68918991088867,9300,0.0,0.0,0.0
2025-05-13 00:00:00-04:00,43.704879121281785,43.861793934057076,43.704879121281785,43.79072189331055,9900,0.0,0.0,0.0
2025-05-14 00:00:00-04:00,43.77872136410859,43.78794999007727,43.667960247322334,43.677188873291016,10000,0.0,0.0,0.0
2025-05-15 00:00:00-04:00,43.59411657704959,43.77872078326569,43.547966405753655,43.68642044067383,11800,0.0,0.0,0.0
2025-05-16 00:00:00-04:00,43.723347676432766,43.78795863406535,43.667968867623756,43.770423889160156,9900,0.0,0.0,0.0
2025-05-19 00:00:00-04:00,43.6310361283487,43.79717955424639,43.557193040824295,43.75564193725586,10400,0.0,0.0,0.0
2025-05-20 00:00:00-04:00,43.7602580777009,43.79717962151981,43.63103619536692,43.76579666137695,11400,0.0,0.0,0.0
2025-05-21 00:00:00-04:00,43.63103978213311,43.63103978213311,43.3818246224166,43.39751434326172,14000,0.0,0.0,0.0
2025-05-22 00:00:00-04:00,43.38183195845386,43.538743277569395,43.252610043645035,43.402137756347656,8500,0.0,0.0,0.0
2025-05-23 00:00:00-04:00,43.29875244954562,43.4464351143846,43.29875244954562,43.34029006958008,3400,0.0,0.0,0.0
2025-05-27 00:00:00-04:00,43.6310420285147,43.82487487792969,43.5571989310046,43.82487487792969,29000,0.0,0.0,0.0
2025-05-28 00:00:00-04:00,43.69564654391032,43.74179671254194,43.56642466332892,43.688262939453125,8800,0.0,0.0,0.0
2025-05-29 00:00:00-04:00,43.76716446755139,43.859988423473425,43.65577147123662,43.71611022949219,13800,0.267,0.0,0.0
2025-05-30 00:00:00-04:00,43.71147090699489,43.76530838012695,43.69290540636142,43.76530838012695,4300,0.0,0.0,0.0
2025-06-02 00:00:00-04:00,43.637210561493376,43.67619705200195,43.54438659580837,43.67619705200195,13700,0.0,0.0,0.0
2025-06-03 00:00:00-04:00,43.739320736266905,43.897125733229934,43.739320736266905,43.79501724243164,8900,0.0,0.0,0.0
2025-06-04 00:00:00-04:00,43.943537406434565,43.943537406434565,43.83214793590196,43.90640640258789,8700,0.0,0.0,0.0
2025-06-05 00:00:00-04:00,44.045636610703035,44.045636610703035,43.841419673607234,43.850704193115234,9500,0.0,0.0,0.0
2025-06-06 00:00:00-04:00,43.85071222672319,43.88783968853703,43.85071222672319,43.8646354675293,5700,0.0,0.0,0.0
2025-06-09 00:00:00-04:00,43.869275173068765,43.952818160790315,43.85071321224834,43.901763916015625,6600,0.0,0.0,0.0
2025-06-10 00:00:00-04:00,43.88040437786704,43.92774763522346,43.874834374589426,43.920318603515625,2500,0.0,0.0,0.0
2025-06-11 00:00:00-04:00,44.017790125459186,44.031716905838756,43.96209716796875,43.96209716796875,3500,0.0,0.0,0.0
2025-06-12 00:00:00-04:00,43.89804950344588,44.027076721191406,43.89712175957824,44.027076721191406,5100,0.0,0.0,0.0
2025-06-13 00:00:00-04:00,43.83214451356491,43.88319875461602,43.819149017333984,43.819149017333984,6300,0.0,0.0,0.0
2025-06-16 00:00:00-04:00,43.88783812269621,44.027077607804095,43.88783812269621,43.93889236450195,5900,0.0,0.0,0.0
2025-06-17 00:00:00-04:00,44.00851322368821,44.00851322368821,43.74860328863311,43.855350494384766,8800,0.0,0.0,0.0
2025-06-18 00:00:00-04:00,43.859989976737445,44.0177914155947,43.83492672872938,43.88783645629883,5600,0.0,0.0,0.0
2025-06-20 00:00:00-04:00,43.88783560607389,44.10133354092495,43.88783560607389,44.043785095214844,10400,0.0,0.0,0.0
2025-06-23 00:00:00-04:00,44.0363592877582,44.19416427612305,44.0363592877582,44.19416427612305,4900,0.0,0.0,0.0
2025-06-24 00:00:00-04:00,44.203441690540274,44.34268116663024,44.203441690540274,44.29998016357422,6200,0.0,0.0,0.0
2025-06-25 00:00:00-04:00,44.27770472509953,44.39837870446823,44.25449696487234,44.33246994018555,7000,0.0,0.0,0.0
2025-06-26 00:00:00-04:00,44.55617583866721,44.55617583866721,44.314831444250714,44.434574127197266,7500,0.0,0.0,0.0
2025-06-27 00:00:00-04:00,44.58010701500597,44.60809087702217,44.44018058797125,44.481224060058594,5800,0.235,0.0,0.0
2025-06-30 00:00:00-04:00,44.664066480762905,44.73869130618499,44.5400001730837,44.67339324951172,10300,0.0,0.0,0.0
2025-07-01 00:00:00-04:00,44.60807881098875,44.6547197545588,44.51479692384864,44.63140106201172,24800,0.0,0.0,0.0
2025-07-02 00:00:00-04:00,44.61741547048822,44.77599541284002,44.61554727037748,44.68924331665039,7000,0.0,0.0,0.0
2025-07-03 00:00:00-04:00,44.67338775826061,44.73402420234465,44.65473066457912,44.71723175048828,8800,0.0,0.0,0.0
2025-07-07 00:00:00-04:00,44.77599207257721,44.77599207257721,44.58942472724625,44.60808181762695,13500,0.0,0.0,0.0
2025-07-08 00:00:00-04:00,44.59875962552681,44.69204152852081,44.542788348644514,44.55305099487305,6200,0.0,0.0,0.0
2025-07-09 00:00:00-04:00,44.60807881098875,44.720017787252054,44.53811561639572,44.63140106201172,10400,0.0,0.0,0.0
2025-07-10 00:00:00-04:00,44.64541148104149,44.68272567474316,44.589440190488986,44.612762451171875,7900,0.0,0.0,0.0
2025-07-11 00:00:00-04:00,44.589426424513164,44.589426424513164,44.46815711166058,44.5334587097168,12300,0.0,0.0,0.0
2025-07-14 00:00:00-04:00,44.49614507616581,44.62674115693593,44.49614507616581,44.55677795410156,5300,0.0,0.0,0.0
2025-07-15 00:00:00-04:00,44.49613833470333,44.692032426179246,44.430840304211365,44.458824157714844,10400,0.0,0.0,0.0
2025-07-16 00:00:00-04:00,44.49615173977778,44.56144978994168,44.40286626920303,44.550254821777344,8000,0.0,0.0,0.0
2025-07-17 00:00:00-04:00,44.505472434662614,44.70136655842385,44.505472434662614,44.575435638427734,9000,0.0,0.0,0.0
2025-07-18 00:00:00-04:00,44.62674047615514,44.72935269761669,44.62674047615514,44.65938949584961,8200,0.0,0.0,0.0
2025-07-21 00:00:00-04:00,44.72002198915617,44.89726257324219,44.72002198915617,44.89726257324219,14400,0.0,0.0,0.0
2025-07-22 00:00:00-04:00,44.90658373624755,44.90658373624755,44.76666090984901,44.841285705566406,6600,0.0,0.0,0.0
2025-07-23 00:00:00-04:00,44.81331087185002,44.90659277489118,44.81331087185002,44.88327407836914,15000,0.0,0.0,0.0
2025-07-24 00:00:00-04:00,44.90659825964918,44.90659825964918,44.76201022473288,44.813316345214844,10500,0.0,0.0,0.0
2025-07-25 00:00:00-04:00,44.878607943083246,44.878607943083246,44.781593200293244,44.850624084472656,17900,0.0,0.0,0.0
2025-07-28 00:00:00-04:00,45.01853113193712,45.01853113193712,44.794653144422014,44.86927795410156,19800,0.0,0.0,0.0
2025-07-29 00:00:00-04:00,45.102481281277946,45.102481281277946,44.80397495860352,44.82729721069336,6600,0.0,0.0,0.0
2025-07-30 00:00:00-04:00,44.94555176598222,44.94555176598222,44.71186065673828,44.71186065673828,9200,0.291,0.0,0.0
2025-07-31 00:00:00-04:00,44.68934114232182,44.78600894419148,44.68934114232182,44.70248031616211,9800,0.0,0.0,0.0
2025-08-01 00:00:00-04:00,44.654616236181056,44.66399982579621,44.49976015635882,44.620826721191406,12700,0.0,0.0,0.0
2025-08-04 00:00:00-04:00,44.776626022349795,44.78601319321566,44.61707991919705,44.767242431640625,14900,0.0,0.0,0.0
2025-08-05 00:00:00-04:00,44.89862531153759,44.89862531153759,44.645225450575865,44.75690841674805,14400,0.0,0.0,0.0
2025-08-06 00:00:00-04:00,44.74846462066256,44.808528900146484,44.74846462066256,44.808528900146484,6300,0.0,0.0,0.0
2025-08-07 00:00:00-04:00,44.87704464966807,44.87704464966807,44.776621264919264,44.781314849853516,5100,0.0,0.0,0.0
2025-08-08 00:00:00-04:00,44.79538984981635,44.824485778808594,44.767235501890305,44.824485778808594,5200,0.0,0.0,0.0
2025-08-11 00:00:00-04:00,44.86108355727316,44.86108355727316,44.76723334859642,44.8282356262207,11200,0.0,0.0,0.0
2025-08-12 00:00:00-04:00,44.82354477412068,44.8986278097638,44.82354477412068,44.865779876708984,14100,0.0,0.0,0.0
2025-08-13 00:00:00-04:00,45.00186538696289,45.01969814502815,44.9643238689801,45.00186538696289,8400,0.0,0.0,0.0
2025-08-14 00:00:00-04:00,45.01124523263401,45.01124523263401,44.89017868041992,44.89017868041992,10800,0.0,0.0,0.0
2025-08-15 00:00:00-04:00,44.964318690192016,45.02907654819914,44.950241517608866,44.983089447021484,13300,0.0,0.0,0.0
2025-08-18 00:00:00-04:00,44.94554887254524,45.030015489964946,44.90800735810184,44.96901321411133,11500,0.0,0.0,0.0
2025-08-19 00:00:00-04:00,44.96431962976694,44.99247397552155,44.92677811532354,44.96901321411133,7200,0.0,0.0,0.0
2025-08-20 00:00:00-04:00,44.93616855890377,45.030018771696085,44.88736387053936,44.95212173461914,8100,0.0,0.0,0.0
2025-08-21 00:00:00-04:00,44.91740757098583,44.91740757098583,44.861095282967426,44.884559631347656,12900,0.0,0.0,0.0
2025-08-22 00:00:00-04:00,45.04878843064518,45.274033948067064,45.0440948460733,45.260894775390625,11900,0.0,0.0,0.0
2025-08-25 00:00:00-04:00,45.34912107449251,45.34912107449251,45.18018780287793,45.25339126586914,7600,0.0,0.0,0.0
2025-08-26 00:00:00-04:00,45.42419788739174,45.43358147667992,45.31157333499667,45.431705474853516,8900,0.0,0.0,0.0
2025-08-27 00:00:00-04:00,45.39604450112572,45.51805265501598,45.39604450112572,45.51335906982422,14200,0.0,0.0,0.0
2025-08-28 00:00:00-04:00,45.51996771209031,45.59548631494049,45.51996771209031,45.553951263427734,13800,0.282,0.0,0.0
2025-08-29 00:00:00-04:00,45.47276103786538,45.55300427366379,45.47276103786538,45.533180236816406,4100,0.0,0.0,0.0
2025-09-02 00:00:00-04:00,45.54828523259914,45.54828523259914,45.36042681742212,45.44350051879883,12200,0.0,0.0,0.0
2025-09-03 00:00:00-04:00,45.67100503916923,45.67100503916923,45.468043632896446,45.562442779541016,8000,0.0,0.0,0.0
2025-09-04 00:00:00-04:00,45.689889286922046,45.755969415141195,45.56999796764139,45.71820831298828,13800,0.0,0.0,0.0
2025-09-05 00:00:00-04:00,45.77485055253899,45.78428902764966,45.718208898584116,45.7559700012207,14400,0.0,0.0,0.0
2025-09-08 00:00:00-04:00,45.87868746867167,45.89756801969594,45.85791994287405,45.87397003173828,13200,0.0,0.0,0.0
2025-09-09 00:00:00-04:00,45.88812512753649,45.954205249212094,45.80410794394993,45.86263656616211,21600,0.0,0.0,0.0
2025-09-10 00:00:00-04:00,45.944767969559805,45.944767969559805,45.85131230216364,45.91172790527344,27200,0.0,0.0,0.0
2025-09-11 00:00:00-04:00,45.99197451905641,46.105254233327294,45.9258943856403,46.006134033203125,37100,0.0,0.0,0.0
2025-09-12 00:00:00-04:00,46.067481332930356,46.067481332930356,45.925882626621465,45.971195220947266,14500,0.0,0.0,0.0
2025-09-15 00:00:00-04:00,46.07692657275247,46.15244516775263,46.02500596321014,46.0920295715332,26600,0.0,0.0,0.0
2025-09-16 00:00:00-04:00,46.13356813640213,46.17132923732974,46.03350445993107,46.086368560791016,10900,0.0,0.0,0.0
2025-09-17 00:00:00-04:00,46.11468659768389,46.161889773380224,46.0297259229659,46.06371307373047,22300,0.0,0.0,0.0
2025-09-18 00:00:00-04:00,46.06749335799682,46.270454797672194,46.06749335799682,46.19965362548828,21900,0.0,0.0,0.0
2025-09-19 00:00:00-04:00,46.13356805393001,46.19020970522017,46.13356805393001,46.16283416748047,7700,0.0,0.0,0.0
2025-09-22 00:00:00-04:00,46.1902112216062,46.331813553931894,46.15622767015516,46.24685287475586,25700,0.0,0.0,0.0
2025-09-23 00:00:00-04:00,46.246850029071055,46.32236862752685,46.204367891548614,46.213809967041016,21300,0.0,0.0,0.0
2025-09-24 00:00:00-04:00,46.19965239915606,46.19965239915606,46.11469171501002,46.14773178100586,12900,0.0,0.0,0.0
2025-09-25 00:00:00-04:00,46.06748521973394,46.13356534180598,46.02028564698199,46.02972412109375,18100,0.0,0.0,0.0
2025-09-26 00:00:00-04:00,46.02028940404005,46.07693105662451,45.945714289069514,46.05332946777344,11500,0.0,0.0,0.0
2025-09-29 00:00:00-04:00,46.115939982932446,46.19183349609375,46.01158323573302,46.19183349609375,20000,0.241,0.0,0.0
2025-09-30 00:00:00-04:00,46.13492003177504,46.15389431718033,46.07610083271112,46.144405364990234,13900,0.0,0.0,0.0
2025-10-01 00:00:00-04:00,46.12543111712648,46.201328258809404,46.10645683170575,46.18235397338867,12100,0.0,0.0,0.0
2025-10-02 00:00:00-04:00,46.20132347584271,46.23927204275557,46.147248758427885,46.215553283691406,17000,0.0,0.0,0.0
2025-10-03 00:00:00-04:00,46.201326282173135,46.220300566782086,46.153892380138124,46.210811614990234,16300,0.0,0.0,0.0
2025-10-06 00:00:00-04:00,46.296192303949915,46.296192303949915,46.16337593577511,46.23927307128906,22600,0.0,0.0,0.0
2025-10-07 00:00:00-04:00,46.18234618989656,46.201320472119406,46.144397625450885,46.15483474731445,17300,0.0,0.0,0.0
2025-10-08 00:00:00-04:00,46.1823502325214,46.1823502325214,46.05901919676417,46.06850814819336,25600,0.0,0.0,0.0
2025-10-09 00:00:00-04:00,46.17285939946671,46.17285939946671,45.77441031106878,45.83133316040039,16400,0.0,0.0,0.0
2025-10-10 00:00:00-04:00,45.821846095129025,45.84082037902044,45.518264790815614,45.53723907470703,21000,0.0,0.0,0.0
2025-10-13 00:00:00-04:00,45.85979921596452,45.85979921596452,45.64160035801195,45.76113510131836,16900,0.0,0.0,0.0
2025-10-14 00:00:00-04:00,45.79338334595331,45.96414827031902,45.575184524591414,45.893943786621094,16100,0.0,0.0,0.0
2025-10-15 00:00:00-04:00,46.087486267089844,46.10645693357759,46.00210379199535,46.087486267089844,17100,0.0,0.0,0.0
2025-10-16 00:00:00-04:00,46.08748475064618,46.09697008357795,45.92146066305447,45.94328308105469,22200,0.0,0.0,0.0
2025-10-17 00:00:00-04:00,45.945175234171806,46.030557698671004,45.88635604222905,46.002098083496094,10000,0.0,0.0,0.0
2025-10-20 00:00:00-04:00,46.00210365291292,46.16337965039552,45.98312936750764,46.144405364990234,25300,0.0,0.0,0.0
2025-10-21 00:00:00-04:00,46.18235009757875,46.18235009757875,46.09696762983855,46.12542724609375,15200,0.0,0.0,0.0
2025-10-22 00:00:00-04:00,46.09697336515906,46.106458698766076,46.021076220402705,46.0400505065918,23300,0.0,0.0,0.0
2025-10-23 00:00:00-04:00,46.096974521231864,46.11594880789681,46.01159204072718,46.07230758666992,7300,0.0,0.0,0.0
2025-10-24 00:00:00-04:00,46.277221829120045,46.32465935220812,46.201328306333956,46.30473327636719,19700,0.0,0.0,0.0
2025-10-27 00:00:00-04:00,46.36260235123592,46.47644805908203,46.28670883164661,46.47644805908203,29100,0.0,0.0,0.0
2025-10-28 00:00:00-04:00,46.476447961091,46.476447961091,46.30568301865664,46.38157653808594,16100,0.0,0.0,0.0
2025-10-29 00:00:00-04:00,46.38157475152417,46.38157475152417,46.19658000750851,46.220298767089844,12400,0.0,0.0,0.0
2025-10-30 00:00:00-04:00,46.14972379695376,46.20694733156308,46.082964825621765,46.1020393371582,14500,0.256,0.0,0.0
2025-10-31 00:00:00-04:00,46.14018666316007,46.216481068408584,46.10203764149035,46.126834869384766,27200,0.0,0.0,0.0
2025-11-03 00:00:00-05:00,46.273706700608706,46.273706700608706,45.9589827146891,45.962799072265625,24900,0.0,0.0,0.0
2025-11-04 00:00:00-05:00,45.72055537142767,45.968520377826145,45.72055537142767,45.91129684448242,10800,0.0,0.0,0.0
2025-11-05 00:00:00-05:00,45.87124446302976,45.96375384703648,45.85216995066751,45.90271759033203,18800,0.0,0.0,0.0
2025-11-06 00:00:00-05:00,45.901761443817364,45.90366780350301,45.80638888817001,45.890316009521484,13000,0.0,0.0,0.0
2025-11-07 00:00:00-05:00,46.06389482734034,46.06389482734034,45.78255394031755,45.886505126953125,8600,0.0,0.0,0.0
2025-11-10 00:00:00-05:00,45.94944688295778,46.1020393371582,45.94944688295778,46.1020393371582,20500,0.0,0.0,0.0
2025-11-11 00:00:00-05:00,46.044809949558285,46.21647689347369,46.044809949558285,46.14018249511719,27000,0.0,0.0,0.0
2025-11-12 00:00:00-05:00,46.14018938671244,46.14018938671244,46.016206878012895,46.08296585083008,27000,0.0,0.0,0.0
2025-11-13 00:00:00-05:00,46.01620632890344,46.01620632890344,45.77778038937545,45.8159294128418,26000,0.0,0.0,0.0
2025-11-14 00:00:00-05:00,45.7014788197105,45.949443815037164,45.672868873361594,45.84453582763672,16400,0.0,0.0,0.0
2025-11-17 00:00:00-05:00,45.84453759688649,45.84453759688649,45.66333519953231,45.67287063598633,14000,0.0,0.0,0.0
2025-11-18 00:00:00-05:00,45.58703743686913,45.74821578247366,45.57750200035627,45.701480865478516,18700,0.0,0.0,0.0
2025-11-19 00:00:00-05:00,45.73009886391617,45.81593235317845,45.725329326154004,45.74440383911133,8200,0.0,0.0,0.0
2025-11-20 00:00:00-05:00,46.044816000323365,46.044816000323365,45.682411193847656,45.682411193847656,24700,0.0,0.0,0.0
2025-11-21 00:00:00-05:00,45.7300993823211,45.86361733644459,45.68241491843291,45.82928466796875,13500,0.0,0.0,0.0
2025-11-24 00:00:00-05:00,45.87315190097024,46.04481887817383,45.84931148852555,46.04481887817383,18700,0.0,0.0,0.0
2025-11-25 00:00:00-05:00,45.96851481679239,46.230781127185416,45.96851481679239,46.1878662109375,21900,0.0,0.0,0.0
2025-11-26 00:00:00-05:00,46.22525943042265,46.38822519697722,46.16198787282174,46.32112121582031,24100,0.249,0.0,0.0
2025-11-28 00:00:00-05:00,46.32112163599527,46.349879440496885,46.30194854736328,46.30194854736328,19300,0.0,0.0,0.0
2025-12-01 00:00:00-05:00,46.30194996745671,46.34988086206037,46.182120902501126,46.24443435668945,31100,0.0,0.0,0.0
2025-12-02 00:00:00-05:00,46.54160540444678,46.54160540444678,46.26360111218103,46.359466552734375,29400,0.0,0.0,0.0
2025-12-03 00:00:00-05:00,46.3498881930627,46.51285764876289,46.340303475383124,46.4169921875,28000,0.0,0.0,0.0
2025-12-04 00:00:00-05:00,46.43615179253244,46.44574016432053,46.397809276057174,46.42656707763672,27700,0.0,0.0,0.0
2025-12-05 00:00:00-05:00,46.426576253842605,46.522438049316406,46.40644505737952,46.522438049316406,32200,0.0,0.0,0.0
2025-12-08 00:00:00-05:00,46.49367258295918,46.49367258295918,46.30578144692248,46.37480163574219,23700,0.0,0.0,0.0
2025-12-09 00:00:00-05:00,46.39781577931482,46.407400495553965,46.311538705590955,46.385353088378906,18900,0.0,0.0,0.0
2025-12-10 00:00:00-05:00,46.388225013062346,46.61829841675435,46.35275681084652,46.579952239990234,10200,0.0,0.0,0.0
2025-12-11 00:00:00-05:00,46.647059619145125,46.647059619145125,46.52243636402922,46.59912872314453,16500,0.0,0.0,0.0
2025-12-12 00:00:00-05:00,46.56078423026316,46.570372603946396,46.426576253842605,46.522438049316406,12900,0.0,0.0,0.0
2025-12-15 00:00:00-05:00,46.63747659215667,46.63747659215667,46.491764030073476,46.522438049316406,37700,0.0,0.0,0.0
2025-12-16 00:00:00-05:00,46.551192876347876,46.551192876347876,46.4457427222256,46.48408889770508,23300,0.0,0.0,0.0
2025-12-17 00:00:00-05:00,46.53202009998593,46.63747025481385,46.44574303302605,46.508052825927734,34000,0.0,0.0,0.0
2025-12-18 00:00:00-05:00,46.74291580245493,46.74291580245493,46.54639805536482,46.589534759521484,26000,0.0,0.0,0.0
2025-12-19 00:00:00-05:00,46.589539574028194,46.661437745278356,46.55119705200195,46.55119705200195,26100,0.0,0.0,0.0
2025-12-22 00:00:00-05:00,46.915468723811415,46.915468723811415,46.5416026698518,46.56077575683594,36400,0.0,0.0,0.0
2025-12-23 00:00:00-05:00,46.54160606322612,46.685402397645205,46.520516763073665,46.579952239990234,22200,0.0,0.0,0.0
2025-12-24 00:00:00-05:00,46.771678144571645,46.771678144571645,46.63267600040117,46.72374725341797,16100,0.0,0.0,0.0
2025-12-26 00:00:00-05:00,46.762082970421986,46.762082970421986,46.685394287109375,46.685394287109375,26700,0.0,0.0,0.0
2025-12-29 00:00:00-05:00,46.61829031787632,46.7141520862401,46.61829031787632,46.685394287109375,22100,0.0,0.0,0.0
2025-12-30 00:00:00-05:00,46.753846604498605,46.80686672473343,46.686367120082664,46.763484954833984,20000,0.271,0.0,0.0
2025-12-31 00:00:00-05:00,46.78276281798397,46.78276281798397,46.68636461038783,46.69600296020508,25200,0.0,0.0,0.0
2026-01-02 00:00:00-05:00,46.792406868335405,46.792406868335405,46.67672460139116,46.73456573486328,23900,0.0,0.0,0.0
2026-01-05 00:00:00-05:00,46.86952160090033,46.879163627852364,46.77312339551489,46.84060287475586,23800,0.0,0.0,0.0
2026-01-06 00:00:00-05:00,46.88880359493853,46.94664472657859,46.869523217725174,46.927364349365234,31700,0.0,0.0,0.0
2026-01-07 00:00:00-05:00,46.9370002746582,46.96110166426887,46.89844319957919,46.9370002746582,30600,0.0,0.0,0.0
2026-01-08 00:00:00-05:00,46.879169545461345,46.985209791184396,46.869527517292184,46.9562873840332,25100,0.0,0.0,0.0
2026-01-09 00:00:00-05:00,46.91772352978146,47.08931631724808,46.908085179604655,47.06232452392578,20600,0.0,0.0,0.0
2026-01-12 00:00:00-05:00,46.965925417210116,47.091242353899275,46.965925417210116,47.08160400390625,29400,0.0,0.0,0.0
2026-01-13 00:00:00-05:00,47.168363458210315,47.19535525078616,47.096062963137626,47.12980270385742,25300,0.0,0.0,0.0
2026-01-14 00:00:00-05:00,47.11052475080212,47.1490855071392,47.048829747076475,47.12016677856445,28500,0.0,0.0,0.0
2026-01-15 00:00:00-05:00,47.168365885307736,47.168365885307736,47.09606538651475,47.12016677856445,18200,0.0,0.0,0.0
2026-01-16 00:00:00-05:00,47.14908357381714,47.18282331488957,47.10088446905023,47.158721923828125,28600,0.0,0.0,0.0
2026-01-20 00:00:00-05:00,47.158723992450135,47.158723992450135,46.9996673074779,47.096065521240234,30700,0.0,0.0,0.0
2026-01-21 00:00:00-05:00,47.120166863030065,47.24548380531601,47.1018499521337,47.19728469848633,20300,0.0,0.0,0.0
2026-01-22 00:00:00-05:00,47.19728366644362,47.312965933132645,47.17800328866211,47.240665435791016,23700,0.0,0.0,0.0
2026-01-23 00:00:00-05:00,47.23584074004816,47.31296224516268,47.18764163802947,47.21656036376953,27700,0.0,0.0,0.0
2026-01-26 00:00:00-05:00,47.216565788532286,47.30332565307617,47.18764705946972,47.30332565307617,33800,0.0,0.0,0.0
2026-01-27 00:00:00-05:00,47.28403728370986,47.28403728370986,47.20113497981746,47.25029754638672,18900,0.0,0.0,0.0
2026-01-28 00:00:00-05:00,47.24547845363379,47.26957984299664,47.225234610417054,47.22716522216797,19000,0.0,0.0,0.0
2026-01-29 00:00:00-05:00,47.20877041122081,47.21845462233087,47.131281942926265,47.179710388183594,22500,0.232,0.0,0.0
2026-01-30 00:00:00-05:00,47.160336105061624,47.21845245361328,47.1167516147879,47.21845245361328,24000,0.0,0.0,0.0
2026-02-02 00:00:00-05:00,47.218449721264065,47.3153066017254,47.131277050907606,47.19907760620117,39100,0.0,0.0,0.0
2026-02-03 00:00:00-05:00,47.17002487182617,47.247509643123095,47.073164289138234,47.17002487182617,20000,0.0,0.0,0.0
2026-02-04 00:00:00-05:00,47.17971052138852,47.29594322415851,47.073165724609474,47.07704162597656,20100,0.0,0.0,0.0
2026-02-05 00:00:00-05:00,47.16033423469525,47.16033423469525,47.05379314218931,47.15065002441406,22300,0.0,0.0,0.0
2026-02-06 00:00:00-05:00,47.12159448674406,47.28625192825038,47.12159448674406,47.237823486328125,25800,0.0,0.0,0.0
2026-02-09 00:00:00-05:00,47.237825057554424,47.43154252654016,47.19423687197727,47.41217041015625,32400,0.0,0.0,0.0
2026-02-10 00:00:00-05:00,47.46059469042779,47.48965101502813,47.35404990708911,47.38310623168945,16600,0.0,0.0,0.0
2026-02-11 00:00:00-05:00,47.4218554837248,47.43154338951972,47.305626478160015,47.36374282836914,18400,0.0,0.0,0.0
2026-02-12 00:00:00-05:00,47.47997351537225,47.47997351537225,47.315312364708554,47.349212646484375,14600,0.0,0.0,0.0
2026-02-13 00:00:00-05:00,47.412167532157895,47.4896522981367,47.368579349226614,47.446067810058594,18000,0.0,0.0,0.0
2026-02-17 00:00:00-05:00,47.412167308493885,47.446067586234655,47.36373886812895,47.41701126098633,9400,0.0,0.0,0.0
2026-02-18 00:00:00-05:00,47.51871382167915,47.5380859375,47.412169032091114,47.5380859375,43600,0.0,0.0,0.0
2026-02-19 00:00:00-05:00,47.42185290059193,47.518713478997675,47.42185290059193,47.50902557373047,22000,0.0,0.0,0.0
2026-02-20 00:00:00-05:00,47.51871583897244,47.615572727335234,47.450915278147804,47.552616119384766,25600,0.0,0.0,0.0
2026-02-23 00:00:00-05:00,47.470283286513606,47.48965540298814,47.412170631943425,47.441226959228516,26800,0.0,0.0,0.0
2026-02-24 00:00:00-05:00,47.441227180879935,47.586516207691034,47.36858266747438,47.47028350830078,19600,0.0,0.0,0.0
2026-02-25 00:00:00-05:00,47.479973483357014,47.59620249295951,47.46060136594766,47.51774597167969,22100,0.0,0.0,0.0
2026-02-26 00:00:00-05:00,47.62764401296164,47.62764401296164,47.39422121901453,47.481754302978516,33400,0.202,0.0,0.0
2026-02-27 00:00:00-05:00,47.43313158446972,47.48176025718564,47.36018672033088,47.44285583496094,49400,0.0,0.0,0.0
2026-03-02 00:00:00-05:00,47.20943747079429,47.45744481861882,47.1802572985979,47.402008056640625,31700,0.0,0.0,0.0
2026-03-03 00:00:00-05:00,47.12189928647318,47.287237500503785,47.024638239870264,47.24833679199219,27900,0.0,0.0,0.0
2026-03-04 00:00:00-05:00,47.345595485943996,47.37477194569663,47.25806239655643,47.36018371582031,19300,0.0,0.0,0.0
2026-03-05 00:00:00-05:00,47.22889024900468,47.345599808800955,47.03437184259087,47.17247772216797,20400,0.0,0.0,0.0
2026-03-06 00:00:00-05:00,47.06354884452081,47.081056948249454,46.73286866286559,46.95851135253906,34000,0.0,0.0,0.0
2026-03-09 00:00:00-04:00,46.927381358195824,47.170528411865234,46.732862973234376,47.170528411865234,66200,0.0,0.0,0.0
2026-03-10 00:00:00-04:00,47.09271859011461,47.462303142808196,47.08299434062799,47.13259506225586,50200,0.0,0.0,0.0
2026-03-11 00:00:00-04:00,47.12190285194982,47.12190285194982,46.99546533686393,47.0178337097168,10600,0.0,0.0,0.0
2026-03-12 00:00:00-04:00,46.89820819597307,46.92738465722305,46.57725228170382,46.63074493408203,51700,0.0,0.0,0.0
2026-03-13 00:00:00-04:00,46.68423532385039,46.776632393503675,46.47999268473966,46.507225036621094,27200,0.0,0.0,0.0
2026-03-16 00:00:00-04:00,46.742595250474636,46.83012834628588,46.693962867145096,46.721195220947266,22400,0.0,0.0,0.0
2026-03-17 00:00:00-04:00,46.800948496095074,46.90793380394784,46.79122424544026,46.894317626953125,21600,0.0,0.0,0.0
2026-03-18 00:00:00-04:00,46.878754342347605,46.88847859238022,46.72800064086914,46.72800064086914,7600,0.0,0.0,0.0
2026-03-19 00:00:00-04:00,46.664784664473515,46.810674388759985,46.616155993087965,46.80775451660156,8900,0.0,0.0,0.0
2026-03-20 00:00:00-04:00,46.6939592594993,46.723139429268514,46.392459282878214,46.402183532714844,18700,0.0,0.0,0.0
2026-03-23 00:00:00-04:00,46.61615352874276,46.796083684500154,46.586977069479794,46.67353439331055,17100,0.0,0.0,0.0
2026-03-24 00:00:00-04:00,46.68423050509651,46.68909448461032,46.48971213596607,46.55293273925781,20500,0.0,0.0,0.0
2026-03-25 00:00:00-04:00,46.74259615548631,46.81067704130988,46.73286819458008,46.73286819458008,5100,0.0,0.0,0.0
2026-03-26 00:00:00-04:00,46.52862256727009,46.68423654066712,46.38856887817383,46.38856887817383,12000,0.0,0.0,0.0
2026-03-27 00:00:00-04:00,46.343829739058485,46.41191061701937,46.21058414499377,46.280609130859375,18300,0.0,0.0,0.0
2026-03-30 00:00:00-04:00,46.4636485617415,46.4636485617415,46.21894850187781,46.30508041381836,13800,0.302,0.0,0.0
2026-03-31 00:00:00-04:00,46.53216424511348,46.93347219363773,46.53216424511348,46.8845329284668,12500,0.0,0.0,0.0
2026-04-01 00:00:00-04:00,46.94325256347656,46.982405464148286,46.908994708845334,46.94325256347656,9100,0.0,0.0,0.0
2026-04-02 00:00:00-04:00,46.78567234374146,47.18795855433479,46.75728779400709,47.05484390258789,21200,0.0,0.0,0.0
2026-04-06 00:00:00-04:00,47.021564602116555,47.21732539761626,47.021564602116555,47.15859603881836,9700,0.0,0.0,0.0
2026-04-07 00:00:00-04:00,47.12922998843226,47.17816925048828,46.992194827318514,47.17816925048828,18700,0.0,0.0,0.0
2026-04-08 00:00:00-04:00,47.716508921795246,47.716508921795246,47.41307952088428,47.520748138427734,9900,0.0,0.0,0.0
2026-04-09 00:00:00-04:00,47.47181116848889,47.62841905598033,47.42776695036313,47.599056243896484,8100,0.0,0.0,0.0
2026-04-10 00:00:00-04:00,47.687146687551866,47.71650949857269,47.54032516479492,47.54032516479492,19100,0.0,0.0,0.0
2026-04-13 00:00:00-04:00,47.520748050546,47.696932381868294,47.4913852399344,47.6822509765625,20800,0.0,0.0,0.0
2026-04-14 00:00:00-04:00,47.716508682246044,47.90150110939995,47.70672232334867,47.775238037109375,11600,0.0,0.0,0.0
2026-04-15 00:00:00-04:00,47.87311935424805,47.94163507200587,47.824180089253396,47.87311935424805,33000,0.0,0.0,0.0
2026-04-16 00:00:00-04:00,47.87311878040938,48.00036385493149,47.804603063472825,47.85354232788086,16600,0.0,0.0,0.0
2026-04-17 00:00:00-04:00,48.05909023417546,48.10803323317941,48.00036460949327,48.07866668701172,9900,0.0,0.0,0.0
2026-04-20 00:00:00-04:00,48.11782089923972,48.11782089923972,47.97099936589437,48.02483367919922,12500,0.0,0.0,0.0
2026-04-21 00:00:00-04:00,48.06888072376738,48.06888072376738,47.8848665461815,47.892696380615234,8200,0.0,0.0,0.0
2026-04-22 00:00:00-04:00,48.04930353839683,48.04930353839683,47.91227210332861,47.96610641479492,15500,0.0,0.0,0.0
2026-04-23 00:00:00-04:00,47.961210220007494,48.08845529259321,47.83396514742177,47.92695236206055,10700,0.0,0.0,0.0
2026-04-24 00:00:00-04:00,47.96121277015229,48.039518583238326,47.9171685506614,47.98959732055664,18400,0.0,0.0,0.0
2026-04-27 00:00:00-04:00,48.01993969997425,48.09824177527122,48.00525456039373,48.06398391723633,14100,0.0,0.0,0.0
2026-04-28 00:00:00-04:00,48.03951630680616,48.05908902532351,47.92205759274309,47.97099685668945,15400,0.0,0.0,0.0
2026-04-29 00:00:00-04:00,47.969030328804855,47.969030328804855,47.74262246669144,47.784950256347656,8100,0.278,0.0,0.0
2026-04-30 00:00:00-04:00,47.92965327117794,48.00840578979903,47.83121637802835,48.003482818603516,18300,0.0,0.0,0.0
2026-05-01 00:00:00-04:00,48.0182520203677,48.085190915806756,48.00348686066466,48.056644439697266,20000,0.0,0.0,0.0
2026-05-04 00:00:00-04:00,48.03793675049844,48.03793675049844,47.88043546627229,47.900123596191406,25100,0.0,0.0,0.0
2026-05-05 00:00:00-04:00,47.9493395997076,48.09699868901222,47.9001211549816,47.998558044433594,27500,0.0,0.0,0.0
2026-05-06 00:00:00-04:00,48.067469433444685,48.21512477087956,48.067469433444685,48.19051742553711,32700,0.0,0.0,0.0
2026-05-07 00:00:00-04:00,48.10684506864042,48.14622132990369,48.047784431872465,48.06254959106445,48000,0.0,0.0,0.0
2026-05-08 00:00:00-04:00,48.11668808757507,48.18067169189453,48.08715401585886,48.18067169189453,31200,0.0,0.0,0.0
2026-05-11 00:00:00-04:00,48.077313756376824,48.175750652373104,48.077313756376824,48.16492462158203,16900,0.0,0.0,0.0
2026-05-12 00:00:00-04:00,47.97887771304126,48.10684492908523,47.97887771304126,48.051719665527344,24300,0.0,0.0,0.0
2026-05-13 00:00:00-04:00,48.03793546570504,48.146218299800736,47.99855920691993,48.106842041015625,34900,0.0,0.0,0.0
2026-05-14 00:00:00-04:00,48.16591205325245,48.16591205325245,48.10684765817817,48.11177062988281,22900,0.0,0.0,0.0
2026-05-15 00:00:00-04:00,47.988717243420126,47.988717243420126,47.86074627933552,47.86566925048828,38600,0.0,0.0,0.0
2026-05-18 00:00:00-04:00,47.97887857116207,47.97887857116207,47.71309443634279,47.80168914794922,30300,0.0,0.0,0.0
2026-05-19 00:00:00-04:00,47.74262370034978,47.81645325091179,47.62449867252673,47.767234802246094,31900,0.0,0.0,0.0
2026-05-20 00:00:00-04:00,47.781996136613884,48.008403986454766,47.75738503668757,47.998558044433594,32400,0.0,0.0,0.0
2026-05-21 00:00:00-04:00,47.988718008710144,48.03793645564244,47.880435172383024,48.00446701049805,12000,0.0,0.0,0.0
2026-05-22 00:00:00-04:00,48.037936687001434,48.101924047935704,48.023171528363314,48.05762481689453,23100,0.0,0.0,0.0
2026-05-26 00:00:00-04:00,48.224971502912716,48.23481369018555,48.087154595205696,48.23481369018555,24800,0.0,0.0,0.0
2026-05-27 00:00:00-04:00,48.23481342191277,48.24957858030328,48.19543716278691,48.24465560913086,18700,0.0,0.0,0.0
2026-05-28 00:00:00-04:00,48.20904587513589,48.37723043301149,48.12990308677711,48.25851058959961,21300,0.244,0.0,0.0
2026-05-29 00:00:00-04:00,48.31786786474856,48.39701064877238,48.24861651350936,48.377227783203125,36000,0.0,0.0,0.0
2026-06-01 00:00:00-04:00,48.248616005871355,48.33765399565862,48.11011330485019,48.3277587890625,26600,0.0,0.0,0.0
2026-06-02 00:00:00-04:00,48.40690593272933,48.45637064456262,48.29808130234674,48.38711929321289,47200,0.0,0.0,0.0
2026-06-03 00:00:00-04:00,48.36733522576927,48.36733522576927,48.25851058959961,48.25851058959961,29200,0.0,0.0,0.0
2026-06-04 00:00:00-04:00,48.25850708866858,48.33270604193926,48.22882901692652,48.28818893432617,18500,0.0,0.0,0.0
2026-06-05 00:00:00-04:00,48.228830999256914,48.228830999256914,48.07548925706614,48.1002197265625,29800,0.0,0.0,0.0
2026-06-08 00:00:00-04:00,48.327760816135324,48.327760816135324,48.120006755889484,48.139793395996094,30800,0.0,0.0,0.0
2026-06-09 00:00:00-04:00,48.27829325335875,48.27829325335875,48.03591353071093,48.16353225708008,19200,0.0,0.0,0.0
2026-06-10 00:00:00-04:00,48.040863232023256,48.159579296925095,47.98150331261451,48.06064987182617,18900,0.0,0.0,0.0
2026-06-11 00:00:00-04:00,48.07549076869228,48.303031474358015,48.0408650911761,48.25851058959961,17900,0.0,0.0,0.0
2026-06-12 00:00:00-04:00,48.28818947962489,48.36733226313596,48.258507633632114,48.3475456237793,32100,0.0,0.0,0.0
2026-06-15 00:00:00-04:00,48.48604938009585,48.5157312267343,48.40690659486316,48.45637130737305,34800,0.0,0.0,0.0
2026-06-16 00:00:00-04:00,48.446479992244875,48.525622777670016,48.40690671257447,48.46626663208008,24300,0.0,0.0,0.0
2026-06-17 00:00:00-04:00,48.42669565447921,48.43658708790919,48.2782977356186,48.307979583740234,31400,0.0,0.0,0.0
2026-06-18 00:00:00-04:00,48.372280334224364,48.42669264950246,48.342602261860165,48.397010803222656,29600,0.0,0.0,0.0
2026-06-22 00:00:00-04:00,48.39701025782903,48.456370175804096,48.33765411376953,48.33765411376953,44500,0.0,0.0,0.0
2026-06-23 00:00:00-04:00,48.288193449764755,48.46626944470011,48.26840680878128,48.282257080078125,43400,0.0,0.0,0.0
2026-06-24 00:00:00-04:00,48.30797921349202,48.31787064684619,48.26840593224372,48.27334976196289,10100,0.0,0.0,0.0
2026-06-25 00:00:00-04:00,48.27829814077709,48.387122778999355,48.23378102909482,48.35249710083008,42500,0.0,0.0,0.0
2026-06-26 00:00:00-04:00,48.23872394903096,48.31787051130555,48.21894108237812,48.25851058959961,38400,0.0,0.0,0.0
2026-06-29 00:00:00-04:00,48.33508901263233,48.36492806812302,48.23563561140755,48.34105682373047,22400,0.257,0.0,0.0
2026-06-30 00:00:00-04:00,48.34503833702342,48.414656479121035,48.29531163465429,48.40470886230469,28400,0.0,0.0,0.0
2026-07-01 00:00:00-04:00,48.29531045952087,48.335089544105735,48.26746320335941,48.32514572143555,38500,0.0,0.0,0.0
2026-07-02 00:00:00-04:00,48.384820630321926,48.39476445311361,48.315202489067694,48.357967376708984,19000,0.0,0.0,0.0
2026-07-06 00:00:00-04:00,48.384820722455004,48.504165565703204,48.384820722455004,48.434547424316406,35300,0.0,0.0,0.0
2026-07-07 00:00:00-04:00,48.4047077692208,48.4544382643711,48.33508962869531,48.3947639465332,21700,0.0,0.0,0.0
2026-07-08 00:00:00-04:00,48.38482107509261,48.38482107509261,48.23762518031275,48.28635787963867,20700,0.0,0.0,0.0
2026-07-09 00:00:00-04:00,48.28536185380074,48.42459813175573,48.28536185380074,48.39874267578125,24200,0.0,0.0,0.0
2026-07-10 00:00:00-04:00,48.36493080782833,48.36493080782833,48.34006555916157,48.34503936767578,12700,0.0,0.0,0.0
2026-07-13 00:00:00-04:00,48.3052569015357,48.31520451864941,48.235638757357016,48.245582580566406,27300,0.0,0.0,0.0
2026-07-14 00:00:00-04:00,48.325146236353675,48.325146236353675,48.265471917984364,48.295310974121094,24300,0.0,0.0,0.0
2026-07-15 00:00:00-04:00,48.33508911499416,48.424598693847656,48.31520146983035,48.424598693847656,14900,0.0,0.0,0.0
2026-07-16 00:00:00-04:00,48.2555264892807,48.354979889348954,48.2555264892807,48.31520080566406,15900,0.0,0.0,0.0
2026-07-17 00:00:00-04:00,48.285361750520366,48.38481894449265,48.23563505048624,48.31520080566406,19000,0.0,0.0,0.0
2026-07-20 00:00:00-04:00,48.305253189314826,48.40470658938308,48.28038794234575,48.31520080566406,18400,0.0,0.0,0.0
2026-07-21 00:00:00-04:00,48.285362243652344,48.36492799964277,48.26547080465474,48.285362243652344,20100,0.0,0.0,0.0
2026-07-22 00:00:00-04:00,48.23563766479492,48.28039055907998,48.23563766479492,48.23563766479492,21800,0.0,0.0,0.0
2026-07-23 00:00:00-04:00,48.175962663940155,48.20580172027914,48.00689111827062,48.12623596191406,43100,0.0,0.0,0.0
2026-07-24 00:00:00-04:00,48.056617179889614,48.13618293719439,47.98699903919999,48.05164337158203,22300,0.0,0.0,0.0
2026-07-27 00:00:00-04:00,48.04667391399013,48.126235878312826,48.0068910348767,48.056617736816406,38600,0.0,0.0,0.0
2026-07-28 00:00:00-04:00,48.205801120192774,48.205801120192774,48.03672578272379,48.08645248413086,10900,0.0,0.0,0.0
2026-07-29 00:00:00-04:00,48.11629197166007,48.11629197166007,47.98699951171875,47.98699951171875,16300,0.0,0.0,0.0
2026-07-30 00:00:00-04:00,48.07500076293945,48.15999984741211,48.07500076293945,48.15299987792969,12500,0.263,0.0,0.0
2026-07-31 00:00:00-04:00,48.119998931884766,48.189998626708984,48.01499938964844,48.11000061035156,50500,0.0,0.0,0.0
2026-08-03 00:00:00-04:00,48.130001068115234,48.25,48.02000045776367,48.220001220703125,69800,0.0,0.0,0.0
2026-08-04 00:00:00-04:00,48.31999969482422,48.45000076293945,48.31999969482422,48.415000915527344,21100,0.0,0.0,0.0
2026-08-05 00:00:00-04:00,48.41999816894531,48.5,48.34000015258789,48.38999938964844,21400,0.0,0.0,0.0
2026-08-06 00:00:00-04:00,48.380001068115234,48.380001068115234,48.30099868774414,48.345001220703125,20500,0.0,0.0,0.0
2026-08-07 00:00:00-04:00,48.459999084472656,48.459999084472656,48.38999938964844,48.459999084472656,11774,0.0,0.0,0.0
