Date,Open,High,Low,Close,Volume,Dividends,Stock Splits
1986-11-18 00:00:00-05:00,0.7815109064549576,0.7912797927856445,0.7815109064549576,0.7912797927856445,1077400,0.0,0.0
1986-11-19 00:00:00-05:00,0.7912797927856445,0.7912797927856445,0.7815109064549576,0.7912797927856445,202200,0.0,0.0
1986-11-20 00:00:00-05:00,0.7912797927856445,0.7912797927856445,0.7815109064549576,0.7912797927856445,252300,0.0,0.0
1986-11-21 00:00:00-05:00,0.7912797927856445,0.7912797927856445,0.7815109064549576,0.7912797927856445,59700,0.0,0.0
1986-11-24 00:00:00-05:00,0.7912797927856445,0.7912797927856445,0.7815109064549576,0.7912797927856445,71300,0.0,0.0
1986-11-25 00:00:00-05:00,0.7912797927856445,0.7912797927856445,0.7815109064549576,0.7912797927856445,78300,0.0,0.0
1986-11-26 00:00:00-05:00,0.7912797927856445,0.7912797927856445,0.7815109064549576,0.7912797927856445,73200,0.0,0.0
1986-11-28 00:00:00-05:00,0.7912798095040205,0.8010486960411072,0.7815109229669338,0.8010486960411072,47000,0.0,0.0
1986-12-01 00:00:00-05:00,0.8010486960411072,0.8010486960411072,0.7815109229669338,0.8010486960411072,98300,0.0,0.0
1986-12-02 00:00:00-05:00,0.8010484173893929,0.8010484173893929,0.7815106511116028,0.7815106511116028,88400,0.0,0.0
1986-12-03 00:00:00-05:00,0.7815106511116028,0.8010484173893929,0.7815106511116028,0.7815106511116028,96300,0.0,0.0
1986-12-04 00:00:00-05:00,0.7815109064549576,0.7912797927856445,0.7815109064549576,0.7912797927856445,73400,0.0,0.0
1986-12-05 00:00:00-05:00,0.7912798095040205,0.8010486960411072,0.7815109229669338,0.8010486960411072,52500,0.0,0.0
1986-12-08 00:00:00-05:00,0.8010486791163316,0.8010486791163316,0.7815109064549576,0.7912797927856445,62800,0.0,0.0
1986-12-09 00:00:00-05:00,0.7912797927856445,0.8010486791163316,0.7815109064549576,0.7912797927856445,93400,0.0,0.0
1986-12-10 00:00:00-05:00,0.7912797927856445,0.8010486791163316,0.7912797927856445,0.7912797927856445,87800,0.0,0.0
1986-12-11 00:00:00-05:00,0.7912797927856445,0.8010486791163316,0.7912797927856445,0.7912797927856445,59500,0.0,0.0
1986-12-12 00:00:00-05:00,0.7912798095040205,0.8010486960411072,0.7912798095040205,0.8010486960411072,62900,0.0,0.0
1986-12-15 00:00:00-05:00,0.801047593714243,0.8108164668083191,0.7912787206201668,0.8108164668083191,94200,0.0,0.0
1986-12-16 00:00:00-05:00,0.8108175825781938,0.8108175825781938,0.8010486960411072,0.8010486960411072,72400,0.0,0.0
1986-12-17 00:00:00-05:00,0.8010486960411072,0.8108175825781938,0.7912798095040205,0.8010486960411072,90800,0.0,0.0
1986-12-18 00:00:00-05:00,0.8010486960411072,0.8010486960411072,0.7912798095040205,0.8010486960411072,62300,0.0,0.0
1986-12-19 00:00:00-05:00,0.801047593714243,0.8108164668083191,0.7912787206201668,0.8108164668083191,76300,0.0,0.0
1986-12-22 00:00:00-05:00,0.8108175825781938,0.8205864691152805,0.8010486960411072,0.8010486960411072,79900,0.0,0.0
1986-12-23 00:00:00-05:00,0.8010484959397998,0.8205862641334534,0.8010484959397998,0.8205862641334534,64700,0.0,0.0
1986-12-24 00:00:00-05:00,0.8108164668083191,0.8108164668083191,0.801047593714243,0.8108164668083191,37500,0.0,0.0
1986-12-26 00:00:00-05:00,0.8108175654470186,0.8108175654470186,0.7912797927856445,0.7912797927856445,16000,0.0,0.0
1986-12-29 00:00:00-05:00,0.801047593714243,0.8205853399023952,0.801047593714243,0.8108164668083191,35300,0.0,0.0
1986-12-30 00:00:00-05:00,0.8108175825781938,0.8108175825781938,0.8010486960411072,0.8010486960411072,30400,0.0,0.0
1986-12-31 00:00:00-05:00,0.8108164668083191,0.8205853399023952,0.8108164668083191,0.8108164668083191,36100,0.0,0.0
1987-01-02 00:00:00-05:00,0.8108175825781938,0.8108175825781938,0.8010486960411072,0.8010486960411072,49900,0.0,0.0
1987-01-05 00:00:00-05:00,0.801047593714243,0.8205853399023952,0.801047593714243,0.8108164668083191,57100,0.0,0.0
1987-01-06 00:00:00-05:00,0.8108173800366266,0.8205862641334534,0.8010484959397998,0.8205862641334534,61700,0.0,0.0
1987-01-07 00:00:00-05:00,0.8205862641334534,0.8205862641334534,0.8108173800366266,0.8205862641334534,75800,0.0,0.0
1987-01-08 00:00:00-05:00,0.8205862641334534,0.8303551482302802,0.8108173800366266,0.8205862641334534,57200,0.0,0.0
1987-01-09 00:00:00-05:00,0.8205853399023952,0.8303542129964713,0.8108164668083191,0.8108164668083191,56100,0.0,0.0
1987-01-12 00:00:00-05:00,0.8108173800366266,0.8303551482302802,0.8108173800366266,0.8205862641334534,75100,0.0,0.0
1987-01-13 00:00:00-05:00,0.8205862641334534,0.8205862641334534,0.8108173800366266,0.8205862641334534,47800,0.0,0.0
1987-01-14 00:00:00-05:00,0.8205862641334534,0.8205862641334534,0.8108173800366266,0.8205862641334534,68700,0.0,0.0
1987-01-15 00:00:00-05:00,0.8205863419701072,0.8303552269935609,0.8108174569466535,0.8303552269935608,86400,0.0,0.0
1987-01-16 00:00:00-05:00,0.8303551482302802,0.8303551482302802,0.8205862641334534,0.8205862641334534,47200,0.0,0.0
1987-01-19 00:00:00-05:00,0.8205863419701072,0.8401241120170145,0.8205863419701072,0.8303552269935608,87600,0.0,0.0
1987-01-20 00:00:00-05:00,0.8303542129964713,0.8401230860905474,0.8108164668083191,0.8108164668083191,131700,0.0,0.0
1987-01-21 00:00:00-05:00,0.8108173800366266,0.8303551482302802,0.8108173800366266,0.8205862641334534,53000,0.0,0.0
1987-01-22 00:00:00-05:00,0.8205862641334534,0.8303551482302802,0.8108173800366266,0.8205862641334534,46000,0.0,0.0
1987-01-23 00:00:00-05:00,0.8205862641334534,0.8303551482302802,0.8108173800366266,0.8205862641334534,72900,0.0,0.0
1987-01-26 00:00:00-05:00,0.8205862641334534,0.8303551482302802,0.8205862641334534,0.8205862641334534,19700,0.0,0.0
1987-01-27 00:00:00-05:00,0.8205853399023952,0.8205853399023952,0.801047593714243,0.8108164668083191,44700,0.0,0.0
1987-01-28 00:00:00-05:00,0.8108173800366266,0.8205862641334534,0.8108173800366266,0.8205862641334534,40500,0.0,0.0
1987-01-29 00:00:00-05:00,0.8205862641334534,0.8205862641334534,0.8108173800366266,0.8205862641334534,35200,0.0,0.0
1987-01-30 00:00:00-05:00,0.8205863419701072,0.8303552269935609,0.8108174569466535,0.8303552269935608,34300,0.0,0.0
1987-02-02 00:00:00-05:00,0.8303551482302802,0.8303551482302802,0.8108173800366266,0.8205862641334534,42600,0.0,0.0
1987-02-03 00:00:00-05:00,0.8205862641334534,0.8303551482302802,0.8010484959397998,0.8205862641334534,31700,0.0,0.0
1987-02-04 00:00:00-05:00,0.8205862641334534,0.8303551482302802,0.8108173800366266,0.8205862641334534,41000,0.0,0.0
1987-02-05 00:00:00-05:00,0.8205862641334534,0.8205862641334534,0.8010484959397998,0.8205862641334534,40000,0.0,0.0
1987-02-06 00:00:00-05:00,0.8205853399023952,0.8205853399023952,0.801047593714243,0.8108164668083191,32600,0.0,0.0
1987-02-09 00:00:00-05:00,0.8152176659731638,0.83486146515324,0.8152176659731638,0.8250395655632019,32400,0.056,0.0
1987-02-10 00:00:00-05:00,0.8250395655632019,0.83486146515324,0.8152176659731638,0.8250395655632019,38900,0.0,0.0
1987-02-11 00:00:00-05:00,0.8250395655632019,0.8250395655632019,0.8053957663831256,0.8250395655632019,47600,0.0,0.0
1987-02-12 00:00:00-05:00,0.8250395655632019,0.8250395655632019,0.8152176659731638,0.8250395655632019,23300,0.0,0.0
1987-02-13 00:00:00-05:00,0.8250384876526982,0.8250384876526982,0.8053947141371578,0.815216600894928,28800,0.0,0.0
1987-02-17 00:00:00-05:00,0.8152176659731638,0.83486146515324,0.8053957663831256,0.8250395655632019,53900,0.0,0.0
1987-02-18 00:00:00-05:00,0.8250384876526982,0.8250384876526982,0.8053947141371578,0.815216600894928,46400,0.0,0.0
1987-02-19 00:00:00-05:00,0.8152179953492718,0.8152179953492718,0.7857522846739968,0.7955741882324219,77500,0.0,0.0
1987-02-20 00:00:00-05:00,0.7955739410912118,0.8053958415985107,0.7955739410912118,0.8053958415985107,30100,0.0,0.0
1987-02-23 00:00:00-05:00,0.8053958415985107,0.8053958415985107,0.7955739410912118,0.8053958415985107,43000,0.0,0.0
1987-02-24 00:00:00-05:00,0.8053958415985107,0.8152177421058097,0.8053958415985107,0.8053958415985107,65200,0.0,0.0
1987-02-25 00:00:00-05:00,0.8053947141371578,0.815216600894928,0.8053947141371578,0.815216600894928,35500,0.0,0.0
1987-02-26 00:00:00-05:00,0.815216600894928,0.815216600894928,0.8053947141371578,0.815216600894928,38500,0.0,0.0
1987-02-27 00:00:00-05:00,0.8053958415985107,0.8053958415985107,0.7955739410912118,0.8053958415985107,29700,0.0,0.0
1987-03-02 00:00:00-05:00,0.8053958415985107,0.8053958415985107,0.7955739410912118,0.8053958415985107,39900,0.0,0.0
1987-03-03 00:00:00-05:00,0.8053958415985107,0.8053958415985107,0.7955739410912118,0.8053958415985107,24000,0.0,0.0
1987-03-04 00:00:00-05:00,0.8053958415985107,0.8152177421058097,0.7955739410912118,0.8053958415985107,108600,0.0,0.0
1987-03-05 00:00:00-05:00,0.8053947141371578,0.8250384876526982,0.7955728273793875,0.815216600894928,87700,0.0,0.0
1987-03-06 00:00:00-05:00,0.8152176659731638,0.8250395655632019,0.8152176659731638,0.8250395655632019,99200,0.0,0.0
1987-03-09 00:00:00-05:00,0.8250396426131085,0.8250396426131085,0.8053958415985107,0.8053958415985107,88100,0.0,0.0
1987-03-10 00:00:00-05:00,0.8053947141371578,0.815216600894928,0.7955728273793875,0.815216600894928,110600,0.0,0.0
1987-03-11 00:00:00-05:00,0.8152177421058097,0.8152177421058097,0.7955739410912118,0.8053958415985107,35400,0.0,0.0
1987-03-12 00:00:00-05:00,0.8053958415985107,0.8152177421058097,0.7955739410912118,0.8053958415985107,27100,0.0,0.0
1987-03-13 00:00:00-05:00,0.8053960917908468,0.8053960917908468,0.7857522846739968,0.7955741882324219,50300,0.0,0.0
1987-03-16 00:00:00-05:00,0.7955734759569167,0.805395370721817,0.7857515811920166,0.7857515811920166,37400,0.0,0.0
1987-03-17 00:00:00-05:00,0.7857522846739968,0.8053960917908468,0.7857522846739968,0.7955741882324219,32300,0.0,0.0
1987-03-18 00:00:00-05:00,0.7955741882324218,0.8053960917908468,0.7955741882324218,0.7955741882324219,29200,0.0,0.0
1987-03-19 00:00:00-05:00,0.7955739410912118,0.8053958415985107,0.7857520405839129,0.8053958415985107,60900,0.0,0.0
1987-03-20 00:00:00-05:00,0.8053960917908468,0.8053960917908468,0.7955741882324218,0.7955741882324219,47600,0.0,0.0
1987-03-23 00:00:00-05:00,0.7955741882324218,0.8053960917908468,0.7857522846739968,0.7955741882324219,22600,0.0,0.0
1987-03-24 00:00:00-05:00,0.7955739410912118,0.8053958415985107,0.7857520405839129,0.8053958415985107,33200,0.0,0.0
1987-03-25 00:00:00-05:00,0.8053960917908468,0.8053960917908468,0.7857522846739968,0.7955741882324219,14500,0.0,0.0
1987-03-26 00:00:00-05:00,0.7955741882324218,0.8053960917908468,0.7857522846739968,0.7955741882324219,23100,0.0,0.0
1987-03-27 00:00:00-05:00,0.7955734759569167,0.805395370721817,0.7857515811920166,0.7857515811920166,36800,0.0,0.0
1987-03-30 00:00:00-05:00,0.7857515811920166,0.7955734759569167,0.7857515811920166,0.7857515811920166,17300,0.0,0.0
1987-03-31 00:00:00-05:00,0.7857522846739968,0.7955741882324218,0.7857522846739968,0.7955741882324219,38500,0.0,0.0
1987-04-01 00:00:00-05:00,0.7955734759569167,0.7955734759569167,0.7857515811920166,0.7857515811920166,19900,0.0,0.0
1987-04-02 00:00:00-05:00,0.7857515811920166,0.7955734759569167,0.7857515811920166,0.7857515811920166,48100,0.0,0.0
1987-04-03 00:00:00-05:00,0.7857515811920166,0.7955734759569167,0.7857515811920166,0.7857515811920166,51300,0.0,0.0
1987-04-06 00:00:00-04:00,0.7857515811920166,0.7955734759569167,0.7857515811920166,0.7857515811920166,41200,0.0,0.0
1987-04-07 00:00:00-04:00,0.7857515811920166,0.7955734759569167,0.7857515811920166,0.7857515811920166,97400,0.0,0.0
1987-04-08 00:00:00-04:00,0.7903357744216919,0.800214971601963,0.7903357744216919,0.7903357744216919,29400,0.058,0.0
1987-04-09 00:00:00-04:00,0.7903357744216919,0.800214971601963,0.7903357744216919,0.7903357744216919,51000,0.0,0.0
1987-04-10 00:00:00-04:00,0.7903364036656634,0.8002156087114841,0.7804571986198425,0.7804571986198425,33500,0.0,0.0
1987-04-13 00:00:00-04:00,0.7804570543138604,0.7804570543138604,0.7113026317797209,0.7508194446563721,81400,0.0,0.0
1987-04-14 00:00:00-04:00,0.7508191418003392,0.7508191418003392,0.7211815440976942,0.7310607433319092,53000,0.0,0.0
1987-04-15 00:00:00-04:00,0.7310607433319092,0.7508191418003392,0.7310607433319092,0.7310607433319092,42800,0.0,0.0
1987-04-16 00:00:00-04:00,0.7310606070927211,0.7804565940584456,0.7310606070927211,0.7606981992721558,49500,0.0,0.0
1987-04-20 00:00:00-04:00,0.7606980681419372,0.7705772638320922,0.7409396767616272,0.7409396767616272,41500,0.0,0.0
1987-04-21 00:00:00-04:00,0.7409402414372093,0.7508194446563721,0.7310610382180465,0.7508194446563721,27000,0.0,0.0
1987-04-22 00:00:00-04:00,0.750819001879011,0.7606981992721558,0.740939804485866,0.7606981992721558,27700,0.0,0.0
1987-04-23 00:00:00-04:00,0.7606981992721558,0.7606981992721558,0.740939804485866,0.7606981992721558,34600,0.0,0.0
1987-04-24 00:00:00-04:00,0.7606983410345541,0.7606983410345541,0.7113023448634792,0.7310607433319092,36000,0.0,0.0
1987-04-27 00:00:00-04:00,0.7310610731987104,0.7310610731987104,0.701423462123087,0.7211818695068359,24200,0.0,0.0
1987-04-28 00:00:00-04:00,0.7211814096995762,0.7705773966653007,0.7211814096995762,0.7606981992721558,43700,0.0,0.0
1987-04-29 00:00:00-04:00,0.7606981992721558,0.7705773966653007,0.740939804485866,0.7606981992721558,11100,0.0,0.0
1987-04-30 00:00:00-04:00,0.7606981992721558,0.7606981992721558,0.740939804485866,0.7606981992721558,20500,0.0,0.0
1987-05-01 00:00:00-04:00,0.7606981992721558,0.7705773966653007,0.750819001879011,0.7606981992721558,24800,0.0,0.0
1987-05-04 00:00:00-04:00,0.7606986478755349,0.7705778510946976,0.7310610382180465,0.7508194446563721,44600,0.0,0.0
1987-05-05 00:00:00-04:00,0.750819001879011,0.7606981992721558,0.740939804485866,0.7606981992721558,24100,0.0,0.0
1987-05-06 00:00:00-04:00,0.7606981992721558,0.7705773966653007,0.7310606070927211,0.7606981992721558,44400,0.0,0.0
1987-05-07 00:00:00-04:00,0.7606986478755349,0.7606986478755349,0.7508194446563721,0.7508194446563721,25700,0.0,0.0
1987-05-08 00:00:00-04:00,0.7508194446563721,0.7606986478755349,0.7409402414372093,0.7508194446563721,14000,0.0,0.0
1987-05-11 00:00:00-04:00,0.7508188724517822,0.7606980681419372,0.7409396767616272,0.7409396767616272,28700,0.0,0.0
1987-05-12 00:00:00-04:00,0.7409402414372093,0.7606986478755349,0.7409402414372093,0.7508194446563721,27300,0.0,0.0
1987-05-13 00:00:00-04:00,0.750819001879011,0.7705773966653007,0.750819001879011,0.7606981992721558,25700,0.0,0.0
1987-05-14 00:00:00-04:00,0.7606982917357714,0.7705774903297424,0.7606982917357714,0.7705774903297424,26900,0.0,0.0
1987-05-15 00:00:00-04:00,0.7705774903297424,0.7705774903297424,0.7606982917357714,0.7705774903297424,15000,0.0,0.0
1987-05-18 00:00:00-04:00,0.7606986478755349,0.7606986478755349,0.7409402414372093,0.7508194446563721,27400,0.0,0.0
1987-05-19 00:00:00-04:00,0.7508194446563721,0.7606986478755349,0.7409402414372093,0.7508194446563721,21200,0.0,0.0
1987-05-20 00:00:00-04:00,0.750819001879011,0.7606981992721558,0.740939804485866,0.7606981992721558,14700,0.0,0.0
1987-05-21 00:00:00-04:00,0.7606983410345541,0.7606983410345541,0.7310607433319092,0.7310607433319092,29400,0.0,0.0
1987-05-22 00:00:00-04:00,0.7310604810714721,0.7508188724517822,0.7211812853813171,0.7409396767616272,10200,0.0,0.0
1987-05-26 00:00:00-04:00,0.750819001879011,0.7606981992721558,0.750819001879011,0.7606981992721558,16600,0.0,0.0
1987-05-27 00:00:00-04:00,0.7606986478755349,0.7606986478755349,0.7508194446563721,0.7508194446563721,22400,0.0,0.0
1987-05-28 00:00:00-04:00,0.7508194446563721,0.7606986478755349,0.7409402414372093,0.7508194446563721,19400,0.0,0.0
1987-05-29 00:00:00-04:00,0.7508194446563721,0.7606986478755349,0.7508194446563721,0.7508194446563721,27300,0.0,0.0
1987-06-01 00:00:00-04:00,0.7508194446563721,0.7606986478755349,0.7409402414372093,0.7508194446563721,16500,0.0,0.0
1987-06-02 00:00:00-04:00,0.7508194446563721,0.7508194446563721,0.7211818349988837,0.7508194446563721,32800,0.0,0.0
1987-06-03 00:00:00-04:00,0.750819001879011,0.7705773966653007,0.750819001879011,0.7606981992721558,19000,0.0,0.0
1987-06-04 00:00:00-04:00,0.7606981992721558,0.7606981992721558,0.750819001879011,0.7606981992721558,15300,0.0,0.0
1987-06-05 00:00:00-04:00,0.7606986478755349,0.7606986478755349,0.7409402414372093,0.7508194446563721,16500,0.0,0.0
1987-06-08 00:00:00-04:00,0.7556707859039307,0.7755568592171921,0.7357847125906694,0.7556707859039307,29600,0.061,0.0
1987-06-09 00:00:00-04:00,0.7556707859039307,0.7755568592171921,0.7556707859039307,0.7556707859039307,15000,0.0,0.0
1987-06-10 00:00:00-04:00,0.7556704405026559,0.7755565047264099,0.7556704405026559,0.7755565047264099,23400,0.0,0.0
1987-06-11 00:00:00-04:00,0.775557253267858,0.775557253267858,0.7656142115592957,0.7656142115592957,20000,0.0,0.0
1987-06-12 00:00:00-04:00,0.7656142115592957,0.775557253267858,0.7556711698507333,0.7656142115592957,22300,0.0,0.0
1987-06-15 00:00:00-04:00,0.7656134726145328,0.7755565047264099,0.7656134726145328,0.7755565047264099,21000,0.0,0.0
1987-06-16 00:00:00-04:00,0.7755565047264099,0.7755565047264099,0.7656134726145328,0.7755565047264099,28300,0.0,0.0
1987-06-17 00:00:00-04:00,0.775557253267858,0.775557253267858,0.7556711698507333,0.7656142115592957,24000,0.0,0.0
1987-06-18 00:00:00-04:00,0.7656142115592957,0.7656142115592957,0.7556711698507333,0.7656142115592957,26800,0.0,0.0
1987-06-19 00:00:00-04:00,0.7656134726145328,0.7755565047264099,0.7556704405026559,0.7755565047264099,17900,0.0,0.0
1987-06-22 00:00:00-04:00,0.7755565047264099,0.7755565047264099,0.7656134726145328,0.7755565047264099,15800,0.0,0.0
1987-06-23 00:00:00-04:00,0.775557253267858,0.775557253267858,0.7656142115592957,0.7656142115592957,29200,0.0,0.0
1987-06-24 00:00:00-04:00,0.7656142115592957,0.7656142115592957,0.7556711698507333,0.7656142115592957,17000,0.0,0.0
1987-06-25 00:00:00-04:00,0.7656142115592957,0.775557253267858,0.7656142115592957,0.7656142115592957,21600,0.0,0.0
1987-06-26 00:00:00-04:00,0.7656142115592957,0.775557253267858,0.7656142115592957,0.7656142115592957,12100,0.0,0.0
1987-06-29 00:00:00-04:00,0.7656138225605613,0.7656138225605613,0.7556707859039307,0.7556707859039307,5800,0.0,0.0
1987-06-30 00:00:00-04:00,0.7556711769104004,0.765614218711853,0.7457281351089478,0.7457281351089478,21600,0.0,0.0
1987-07-01 00:00:00-04:00,0.7457277492473,0.7656138225605613,0.7357847125906694,0.7556707859039307,16000,0.0,0.0
1987-07-02 00:00:00-04:00,0.7556704405026559,0.7755565047264099,0.7556704405026559,0.7755565047264099,27000,0.0,0.0
1987-07-06 00:00:00-04:00,0.7755581291416024,0.7855011820793152,0.7656150762038895,0.7855011820793152,17200,0.0,0.0
1987-07-07 00:00:00-04:00,0.7855011820793152,0.7855011820793152,0.7656150762038895,0.7855011820793152,41300,0.0,0.0
1987-07-08 00:00:00-04:00,0.785499536838287,0.785499536838287,0.7656134726145328,0.7755565047264099,38100,0.0,0.0
1987-07-09 00:00:00-04:00,0.7804408088515077,0.7904464602470398,0.7804408088515077,0.7904464602470398,18600,0.061,0.0
1987-07-10 00:00:00-04:00,0.7904451909737709,0.7904451909737709,0.7604282849874252,0.780439555644989,38900,0.0,0.0
1987-07-13 00:00:00-04:00,0.780439624786377,0.780439624786377,0.7504227161407471,0.7504227161407471,45200,0.0,0.0
1987-07-14 00:00:00-04:00,0.7504226496586432,0.780439555644989,0.7504226496586432,0.780439555644989,26200,0.0,0.0
1987-07-15 00:00:00-04:00,0.7804408088515077,0.800452111642572,0.7704351574559755,0.7904464602470398,56000,0.0,0.0
1987-07-16 00:00:00-04:00,0.7904456621640689,0.7904456621640689,0.7704343795776367,0.7704343795776367,32100,0.0,0.0
1987-07-17 00:00:00-04:00,0.7704351574559755,0.7904464602470398,0.7704351574559755,0.7904464602470398,14400,0.0,0.0
1987-07-20 00:00:00-04:00,0.780439555644989,0.780439555644989,0.770433920316207,0.780439555644989,15000,0.0,0.0
1987-07-21 00:00:00-04:00,0.780439555644989,0.780439555644989,0.770433920316207,0.780439555644989,15500,0.0,0.0
1987-07-22 00:00:00-04:00,0.780439555644989,0.780439555644989,0.770433920316207,0.780439555644989,14500,0.0,0.0
1987-07-23 00:00:00-04:00,0.780439555644989,0.780439555644989,0.770433920316207,0.780439555644989,25100,0.0,0.0
1987-07-24 00:00:00-04:00,0.7804400208708528,0.7804400208708528,0.7704343795776367,0.7704343795776367,14000,0.0,0.0
1987-07-27 00:00:00-04:00,0.7704343795776367,0.7904456621640689,0.7704343795776367,0.7704343795776367,16800,0.0,0.0
1987-07-28 00:00:00-04:00,0.7704343795776367,0.7804400208708528,0.7604287382844207,0.7704343795776367,34000,0.0,0.0
1987-07-29 00:00:00-04:00,0.7704338847022307,0.7704338847022307,0.7604282498359679,0.760428249835968,27200,0.0,0.0
1987-07-30 00:00:00-04:00,0.7604282849874252,0.780439555644989,0.7604282849874252,0.780439555644989,23600,0.0,0.0
1987-07-31 00:00:00-04:00,0.7804400208708528,0.7804400208708528,0.7604287382844207,0.7704343795776367,28000,0.0,0.0
1987-08-03 00:00:00-04:00,0.7604283523559571,0.7604283523559571,0.7504227161407471,0.7504227161407471,27500,0.0,0.0
1987-08-04 00:00:00-04:00,0.7504227161407471,0.7604283523559571,0.7404170799255371,0.7504227161407471,30200,0.0,0.0
1987-08-05 00:00:00-04:00,0.7504227161407471,0.7604283523559571,0.7504227161407471,0.7504227161407471,12700,0.0,0.0
1987-08-06 00:00:00-04:00,0.7504226149697052,0.7604282498359679,0.7504226149697052,0.760428249835968,28100,0.0,0.0
1987-08-07 00:00:00-04:00,0.7604282498359679,0.7604282498359679,0.7504226149697052,0.760428249835968,27000,0.0,0.0
1987-08-10 00:00:00-04:00,0.7653427720069885,0.7653427720069885,0.7552724723753176,0.7653427720069885,26400,0.061,0.0
1987-08-11 00:00:00-04:00,0.7653427720069885,0.7754130716386594,0.7552724723753176,0.7653427720069885,27700,0.0,0.0
1987-08-12 00:00:00-04:00,0.7653436784620409,0.775413990020752,0.7653436784620409,0.775413990020752,22900,0.0,0.0
1987-08-13 00:00:00-04:00,0.7754129242897033,0.7754129242897033,0.7552723288536072,0.7552723288536072,12000,0.0,0.0
1987-08-14 00:00:00-04:00,0.7552723288536072,0.7754129242897033,0.7552723288536072,0.7552723288536072,25200,0.0,0.0
1987-08-17 00:00:00-04:00,0.7552724723753176,0.7754130716386594,0.7552724723753176,0.7653427720069885,14900,0.0,0.0
1987-08-18 00:00:00-04:00,0.7653427720069885,0.7653427720069885,0.7552724723753176,0.7653427720069885,37600,0.0,0.0
1987-08-19 00:00:00-04:00,0.7653427720069885,0.7653427720069885,0.7552724723753176,0.7653427720069885,14700,0.0,0.0
1987-08-20 00:00:00-04:00,0.7653426265716553,0.7653426265716553,0.7552723288536072,0.7552723288536072,16400,0.0,0.0
1987-08-21 00:00:00-04:00,0.7552723288536072,0.7653426265716553,0.7552723288536072,0.7552723288536072,27200,0.0,0.0
1987-08-24 00:00:00-04:00,0.7552723288536072,0.7653426265716553,0.7552723288536072,0.7552723288536072,20100,0.0,0.0
1987-08-25 00:00:00-04:00,0.7552724723753176,0.7653427720069885,0.7552724723753176,0.7653427720069885,25900,0.0,0.0
1987-08-26 00:00:00-04:00,0.7653427720069885,0.7653427720069885,0.7552724723753176,0.7653427720069885,7900,0.0,0.0
1987-08-27 00:00:00-04:00,0.7653427720069885,0.7653427720069885,0.7552724723753176,0.7653427720069885,11800,0.0,0.0
1987-08-28 00:00:00-04:00,0.7653425996367996,0.7653425996367996,0.7452020049095154,0.7452020049095154,12500,0.0,0.0
1987-08-31 00:00:00-04:00,0.7452020049095154,0.7552723022731574,0.7452020049095154,0.7452020049095154,23200,0.0,0.0
1987-09-01 00:00:00-04:00,0.7452021727436466,0.7653427720069885,0.7452021727436466,0.7653427720069885,29400,0.0,0.0
1987-09-02 00:00:00-04:00,0.7653426265716553,0.7653426265716553,0.745202031135559,0.7552723288536072,16100,0.0,0.0
1987-09-03 00:00:00-04:00,0.7552723022731574,0.7552723022731574,0.7452020049095154,0.7452020049095154,24600,0.0,0.0
1987-09-04 00:00:00-04:00,0.7452030051244448,0.7552733160045049,0.7351326942443848,0.7351326942443848,21600,0.0,0.0
1987-09-08 00:00:00-04:00,0.7351320162415504,0.7452023178339005,0.7149914130568504,0.7250617146492004,50400,0.0,0.0
1987-09-09 00:00:00-04:00,0.7198709845542908,0.7198709845542908,0.699592928651353,0.7198709845542908,43900,0.061,0.0
1987-09-10 00:00:00-04:00,0.7198703297670336,0.7198703297670336,0.6995922923088074,0.6995922923088074,53400,0.0,0.0
1987-09-11 00:00:00-04:00,0.699592928651353,0.7300100125057597,0.699592928651353,0.7198709845542908,33700,0.0,0.0
1987-09-14 00:00:00-04:00,0.7198706517616908,0.7300096750259399,0.7097316284974416,0.7300096750259399,36900,0.0,0.0
1987-09-15 00:00:00-04:00,0.7300098078591483,0.7300098078591483,0.7097317576408386,0.7097317576408386,37000,0.0,0.0
1987-09-16 00:00:00-04:00,0.7097313110379205,0.7198703297670336,0.6894532735796942,0.6995922923088074,34000,0.0,0.0
1987-09-17 00:00:00-04:00,0.6995930230780824,0.7401491403579712,0.6894539937581101,0.7401491403579712,49000,0.0,0.0
1987-09-18 00:00:00-04:00,0.7300098078591483,0.7300098078591483,0.6995927325316837,0.7097317576408386,55700,0.0,0.0
1987-09-21 00:00:00-04:00,0.7097317576408386,0.7300098078591483,0.6995927325316837,0.7097317576408386,35600,0.0,0.0
1987-09-22 00:00:00-04:00,0.709731956602822,0.7300100125057597,0.699592928651353,0.7198709845542908,65000,0.0,0.0
1987-09-23 00:00:00-04:00,0.7198706517616908,0.7300096750259399,0.7097316284974416,0.7300096750259399,33700,0.0,0.0
1987-09-24 00:00:00-04:00,0.7300096750259399,0.7401486982901891,0.7198706517616908,0.7300096750259399,16600,0.0,0.0
1987-09-25 00:00:00-04:00,0.7300096750259399,0.7300096750259399,0.7198706517616908,0.7300096750259399,22600,0.0,0.0
1987-09-28 00:00:00-04:00,0.7300096750259399,0.7401486982901891,0.7198706517616908,0.7300096750259399,17300,0.0,0.0
1987-09-29 00:00:00-04:00,0.7300100125057597,0.7401490404572286,0.7198709845542908,0.7198709845542908,38900,0.0,0.0
1987-09-30 00:00:00-04:00,0.7198709845542908,0.7401490404572286,0.7198709845542908,0.7198709845542908,20800,0.0,0.0
1987-10-01 00:00:00-04:00,0.7198710817180267,0.7401491403579712,0.7198710817180267,0.7401491403579712,23300,0.0,0.0
1987-10-02 00:00:00-04:00,0.7401490404572286,0.7401490404572286,0.7198709845542908,0.7198709845542908,20300,0.0,0.0
1987-10-05 00:00:00-04:00,0.7198709845542908,0.7300100125057597,0.7198709845542908,0.7198709845542908,22700,0.0,0.0
1987-10-06 00:00:00-04:00,0.7198709845542908,0.7300100125057597,0.7198709845542908,0.7198709845542908,26400,0.0,0.0
1987-10-07 00:00:00-04:00,0.7248524764309758,0.7248524764309758,0.7044340968132019,0.7044340968132019,42500,0.061,0.0
1987-10-08 00:00:00-04:00,0.7044340968132019,0.7248524764309758,0.6942249070043149,0.7044340968132019,34500,0.0,0.0
1987-10-09 00:00:00-04:00,0.7044346971171244,0.724853094135012,0.7044346971171244,0.7146438956260681,23500,0.0,0.0
1987-10-12 00:00:00-04:00,0.7146440709338469,0.7146440709338469,0.6840164678938249,0.6942256689071655,59800,0.0,0.0
1987-10-13 00:00:00-04:00,0.6942249070043149,0.7146432866220889,0.6942249070043149,0.7044340968132019,39600,0.0,0.0
1987-10-14 00:00:00-04:00,0.7044341683387756,0.7146433591842651,0.6635974049568176,0.6635974049568176,51400,0.0,0.0
1987-10-15 00:00:00-04:00,0.6635974049568176,0.6840157866477966,0.6635974049568176,0.6635974049568176,58000,0.0,0.0
1987-10-16 00:00:00-04:00,0.6635974049568176,0.6738065958023071,0.6431790232658385,0.6635974049568176,81300,0.0,0.0
1987-10-19 00:00:00-04:00,0.6533888455094963,0.6533888455094963,0.5819244405318951,0.592133641242981,98100,0.0,0.0
1987-10-20 00:00:00-04:00,0.6125514954328537,0.653388261795044,0.6125514954328537,0.653388261795044,80200,0.0,0.0
1987-10-21 00:00:00-04:00,0.653388147768767,0.7146432866220889,0.653388147768767,0.7044340968132019,96700,0.0,0.0
1987-10-22 00:00:00-04:00,0.7044340968132019,0.7146432866220889,0.6738065273865409,0.7044340968132019,37300,0.0,0.0
1987-10-23 00:00:00-04:00,0.7044340968132019,0.7146432866220889,0.684015717195428,0.7044340968132019,41500,0.0,0.0
1987-10-26 00:00:00-05:00,0.6738066449761391,0.6738066449761391,0.653388261795044,0.653388261795044,51400,0.0,0.0
1987-10-27 00:00:00-05:00,0.6738072668804842,0.6942256689071655,0.6738072668804842,0.6942256689071655,29500,0.0,0.0
1987-10-28 00:00:00-05:00,0.6942253646565907,0.6942253646565907,0.6738069715784556,0.6840161681175232,31500,0.0,0.0
1987-10-29 00:00:00-05:00,0.6840161681175232,0.7146437577347257,0.6840161681175232,0.6840161681175232,47700,0.0,0.0
1987-10-30 00:00:00-05:00,0.6840164678938249,0.7044348699205062,0.6840164678938249,0.6942256689071655,22400,0.0,0.0
1987-11-02 00:00:00-05:00,0.6942249070043149,0.7146432866220889,0.684015717195428,0.7044340968132019,29500,0.0,0.0
1987-11-03 00:00:00-05:00,0.7044345854033887,0.724852979183197,0.6942253885134845,0.724852979183197,34300,0.0,0.0
1987-11-04 00:00:00-05:00,0.724852979183197,0.7861081605226221,0.7044345854033887,0.724852979183197,23600,0.0,0.0
1987-11-05 00:00:00-05:00,0.7248531645291472,0.7452715635299683,0.7248531645291472,0.7452715635299683,71000,0.0,0.0
1987-11-06 00:00:00-05:00,0.7400092056819372,0.7400092056819372,0.7194533944129944,0.7194533944129944,32100,0.061,0.0
1987-11-09 00:00:00-05:00,0.7297313000474658,0.7297313000474658,0.6988975831440517,0.7194533944129944,48900,0.0,0.0
1987-11-10 00:00:00-05:00,0.7091756253175333,0.7297314405441284,0.6988977177042357,0.7297314405441284,42000,0.0,0.0
1987-11-11 00:00:00-05:00,0.7194535329308309,0.7297314405441284,0.7091756253175333,0.7297314405441284,73900,0.0,0.0
1987-11-12 00:00:00-05:00,0.7297309893700812,0.7400088906288147,0.7194530881113476,0.7400088906288147,33600,0.0,0.0
1987-11-13 00:00:00-05:00,0.740009348157426,0.740009348157426,0.7194535329308309,0.7297314405441284,45100,0.0,0.0
1987-11-16 00:00:00-05:00,0.7400092056819372,0.7400092056819372,0.7091754887785231,0.7194533944129944,62000,0.0,0.0
1987-11-17 00:00:00-05:00,0.7297313000474658,0.7400092056819372,0.7091754887785231,0.7194533944129944,49600,0.0,0.0
1987-11-18 00:00:00-05:00,0.7297313000474658,0.7297313000474658,0.7194533944129944,0.7194533944129944,62400,0.0,0.0
1987-11-19 00:00:00-05:00,0.7297309893700812,0.7400088906288147,0.7194530881113476,0.7400088906288147,61000,0.0,0.0
1987-11-20 00:00:00-05:00,0.7400088906288147,0.7400088906288147,0.7194530881113476,0.7400088906288147,66500,0.0,0.0
1987-11-23 00:00:00-05:00,0.7297313000474658,0.7400092056819372,0.7194533944129944,0.7194533944129944,44600,0.0,0.0
1987-11-24 00:00:00-05:00,0.7297309893700812,0.7400088906288147,0.7194530881113476,0.7400088906288147,66100,0.0,0.0
1987-11-25 00:00:00-05:00,0.740009348157426,0.7502872557707236,0.7194535329308309,0.7297314405441284,48600,0.0,0.0
1987-11-27 00:00:00-05:00,0.7194533944129944,0.7297313000474658,0.7194533944129944,0.7194533944129944,7000,0.0,0.0
1987-11-30 00:00:00-05:00,0.7297309893700812,0.7400088906288147,0.7194530881113476,0.7400088906288147,68700,0.0,0.0
1987-12-01 00:00:00-05:00,0.7297314405441284,0.740009348157426,0.7194535329308309,0.7297314405441284,44900,0.0,0.0
1987-12-02 00:00:00-05:00,0.7297314405441284,0.7297314405441284,0.7194535329308309,0.7297314405441284,64000,0.0,0.0
1987-12-03 00:00:00-05:00,0.7194535329308309,0.7297314405441284,0.7194535329308309,0.7297314405441284,68400,0.0,0.0
1987-12-04 00:00:00-05:00,0.7194533944129944,0.7297313000474658,0.7194533944129944,0.7194533944129944,26100,0.0,0.0
1987-12-07 00:00:00-05:00,0.7194533944129944,0.7297313000474658,0.7091754887785231,0.7194533944129944,55200,0.0,0.0
1987-12-08 00:00:00-05:00,0.714153528213501,0.7245035793470299,0.693453425946443,0.714153528213501,107100,0.061,0.0
1987-12-09 00:00:00-05:00,0.7141546195044236,0.7141546195044236,0.6934544856057447,0.7038045525550842,50100,0.0,0.0
1987-12-10 00:00:00-05:00,0.6934539079666138,0.7141540246223336,0.6934539079666138,0.6934539079666138,64300,0.0,0.0
1987-12-11 00:00:00-05:00,0.7038039662944736,0.7038039662944736,0.6831038496387538,0.6934539079666138,97900,0.0,0.0
1987-12-14 00:00:00-05:00,0.6831038496387538,0.7038039662944736,0.6831038496387538,0.6934539079666138,64400,0.0,0.0
1987-12-15 00:00:00-05:00,0.7141547007220133,0.7245047688484192,0.7038046325956072,0.7245047688484192,70800,0.0,0.0
1987-12-16 00:00:00-05:00,0.714153528213501,0.714153528213501,0.693453425946443,0.714153528213501,89500,0.0,0.0
1987-12-17 00:00:00-05:00,0.7038045525550842,0.7141546195044236,0.6934544856057447,0.7038045525550842,80300,0.0,0.0
1987-12-18 00:00:00-05:00,0.7038045525550842,0.7141546195044236,0.6934544856057447,0.7038045525550842,78800,0.0,0.0
1987-12-21 00:00:00-05:00,0.714153528213501,0.7245035793470299,0.7038034770799719,0.714153528213501,75600,0.0,0.0
1987-12-22 00:00:00-05:00,0.7038034770799719,0.714153528213501,0.693453425946443,0.714153528213501,99500,0.0,0.0
1987-12-23 00:00:00-05:00,0.693453425946443,0.7245035793470299,0.693453425946443,0.714153528213501,123500,0.0,0.0
1987-12-24 00:00:00-05:00,0.7088168263435364,0.7192406032015296,0.6983930494855433,0.7088168263435364,60300,0.061,0.0
1987-12-28 00:00:00-05:00,0.7088168236746717,0.7192406004934169,0.6983930468559265,0.6983930468559265,81800,0.0,0.0
1987-12-29 00:00:00-05:00,0.6983930494855433,0.7192406032015296,0.6983930494855433,0.7088168263435364,89600,0.0,0.0
1987-12-30 00:00:00-05:00,0.6983930494855433,0.7192406032015296,0.68796927262755,0.7088168263435364,126000,0.0,0.0
1987-12-31 00:00:00-05:00,0.7088168236746717,0.7088168236746717,0.6879692700371813,0.6983930468559265,173300,0.0,0.0
1988-01-04 00:00:00-05:00,0.7088168263435364,0.7192406032015296,0.6983930494855433,0.7088168263435364,21600,0.0,0.0
1988-01-05 00:00:00-05:00,0.7192395851016045,0.7505108714103699,0.7192395851016045,0.7505108714103699,67200,0.0,0.0
1988-01-06 00:00:00-05:00,0.7505108714103699,0.7505108714103699,0.7400871093074481,0.7505108714103699,33500,0.0,0.0
1988-01-07 00:00:00-05:00,0.74008828643206,0.7713596224784851,0.74008828643206,0.7713596224784851,44700,0.0,0.0
1988-01-08 00:00:00-05:00,0.7505108714103699,0.7609346335132917,0.7505108714103699,0.7505108714103699,18500,0.0,0.0
1988-01-11 00:00:00-05:00,0.7505122406841958,0.7609360218048096,0.7400884595635819,0.7609360218048096,26700,0.0,0.0
1988-01-12 00:00:00-05:00,0.7505108714103699,0.7609346335132917,0.7400871093074481,0.7505108714103699,17200,0.0,0.0
1988-01-13 00:00:00-05:00,0.7505116999988825,0.760935473609978,0.7400879263877869,0.7400879263877869,22400,0.0,0.0
1988-01-14 00:00:00-05:00,0.7505108714103699,0.7713583956162136,0.7505108714103699,0.7505108714103699,23100,0.0,0.0
1988-01-15 00:00:00-05:00,0.7609360218048096,0.7713598029254234,0.7505122406841958,0.7609360218048096,18500,0.0,0.0
1988-01-18 00:00:00-05:00,0.7609358437963434,0.7713596224784851,0.7609358437963434,0.7713596224784851,11200,0.0,0.0
1988-01-19 00:00:00-05:00,0.7713589175542195,0.7817826867103577,0.7609351483980814,0.7817826867103577,64800,0.0,0.0
1988-01-20 00:00:00-05:00,0.7713596224784851,0.7817834011606267,0.7609358437963434,0.7713596224784851,34600,0.0,0.0
1988-01-21 00:00:00-05:00,0.7609358437963434,0.7817834011606267,0.7609358437963434,0.7713596224784851,37800,0.0,0.0
1988-01-22 00:00:00-05:00,0.7713586954694045,0.7922062277793884,0.7713586954694045,0.7922062277793884,70200,0.0,0.0
1988-01-25 00:00:00-05:00,0.7922062277793884,0.7922062277793884,0.7817824616243965,0.7922062277793884,30300,0.0,0.0
1988-01-26 00:00:00-05:00,0.7922062277793884,0.7922062277793884,0.7817824616243965,0.7922062277793884,29100,0.0,0.0
1988-01-27 00:00:00-05:00,0.7922062277793884,0.8026299939343804,0.7817824616243965,0.7922062277793884,39400,0.0,0.0
1988-01-28 00:00:00-05:00,0.8026303648948668,0.8026303648948668,0.7922065939222063,0.8026303648948669,42500,0.0,0.0
1988-01-29 00:00:00-05:00,0.8026299939343804,0.8026299939343804,0.7922062277793884,0.7922062277793884,15100,0.0,0.0
1988-02-01 00:00:00-05:00,0.8026299939343804,0.8026299939343804,0.7922062277793884,0.7922062277793884,19600,0.0,0.0
1988-02-02 00:00:00-05:00,0.7922062277793884,0.7922062277793884,0.7817824616243965,0.7922062277793884,36700,0.0,0.0
1988-02-03 00:00:00-05:00,0.7922062277793884,0.8026299939343804,0.7817824616243965,0.7922062277793884,35600,0.0,0.0
1988-02-04 00:00:00-05:00,0.7817824616243965,0.8026299939343804,0.7817824616243965,0.7922062277793884,30700,0.0,0.0
1988-02-05 00:00:00-05:00,0.8026299939343804,0.8026299939343804,0.7922062277793884,0.7922062277793884,28200,0.0,0.0
1988-02-08 00:00:00-05:00,0.7868356108665466,0.7973267523447672,0.7868356108665466,0.7868356108665466,28700,0.061,0.0
1988-02-09 00:00:00-05:00,0.786835308137693,0.7973264455795288,0.776344170695857,0.7973264455795288,26700,0.0,0.0
1988-02-10 00:00:00-05:00,0.797326944969796,0.797326944969796,0.7763446569442749,0.7763446569442749,30700,0.0,0.0
1988-02-11 00:00:00-05:00,0.7868358009570354,0.797326944969796,0.7763446569442749,0.7763446569442749,33000,0.0,0.0
1988-02-12 00:00:00-05:00,0.776344469388326,0.7868356108665466,0.776344469388326,0.7868356108665466,19500,0.0,0.0
1988-02-16 00:00:00-05:00,0.776344469388326,0.7868356108665466,0.776344469388326,0.7868356108665466,18500,0.0,0.0
1988-02-17 00:00:00-05:00,0.7868358009570354,0.7868358009570354,0.7763446569442749,0.7763446569442749,21100,0.0,0.0
1988-02-18 00:00:00-05:00,0.7868358009570354,0.7868358009570354,0.7763446569442749,0.7763446569442749,27000,0.0,0.0
1988-02-19 00:00:00-05:00,0.7763446569442749,0.797326944969796,0.7763446569442749,0.7763446569442749,67100,0.0,0.0
1988-02-22 00:00:00-05:00,0.7868356108665466,0.7868356108665466,0.776344469388326,0.7868356108665466,24500,0.0,0.0
1988-02-23 00:00:00-05:00,0.7953182647102758,0.8059225082397461,0.7847140211808055,0.8059225082397461,25900,0.1,0.0
1988-02-24 00:00:00-05:00,0.7953189611434937,0.8059232139587402,0.7953189611434937,0.7953189611434937,17900,0.0,0.0
1988-02-25 00:00:00-05:00,0.8059232139587402,0.8059232139587402,0.7953189611434937,0.7953189611434937,27200,0.0,0.0
1988-02-26 00:00:00-05:00,0.8059225082397461,0.8059225082397461,0.7953182647102758,0.8059225082397461,34500,0.0,0.0
1988-02-29 00:00:00-05:00,0.8059225082397461,0.8059225082397461,0.7953182647102758,0.8059225082397461,19800,0.0,0.0
1988-03-01 00:00:00-05:00,0.8059225082397461,0.8059225082397461,0.7953182647102758,0.8059225082397461,38400,0.0,0.0
1988-03-02 00:00:00-05:00,0.8059225082397461,0.8059225082397461,0.7953182647102758,0.8059225082397461,41500,0.0,0.0
1988-03-03 00:00:00-05:00,0.7953189611434937,0.8059232139587402,0.7953189611434937,0.7953189611434937,20200,0.0,0.0
1988-03-04 00:00:00-05:00,0.7953189611434937,0.8059232139587402,0.7953189611434937,0.7953189611434937,29300,0.0,0.0
1988-03-07 00:00:00-05:00,0.7953182647102758,0.8165267517692164,0.7953182647102758,0.8059225082397461,24200,0.0,0.0
1988-03-08 00:00:00-05:00,0.8005436658859253,0.8112175814310709,0.7898697503407797,0.8005436658859253,56700,0.062,0.0
1988-03-09 00:00:00-05:00,0.8005433992759602,0.8112173112663064,0.7898694872856141,0.789869487285614,20000,0.0,0.0
1988-03-10 00:00:00-05:00,0.7898697503407797,0.8005436658859253,0.7898697503407797,0.8005436658859253,27800,0.0,0.0
1988-03-11 00:00:00-05:00,0.7898697503407797,0.8005436658859253,0.7898697503407797,0.8005436658859253,32100,0.0,0.0
1988-03-14 00:00:00-05:00,0.8005429255334954,0.8112168312072754,0.7898690198597155,0.8112168312072754,31200,0.0,0.0
1988-03-15 00:00:00-05:00,0.8112175814310709,0.8112175814310709,0.7898697503407797,0.8005436658859253,34800,0.0,0.0
1988-03-16 00:00:00-05:00,0.8005433992759602,0.8005433992759602,0.7898694872856141,0.789869487285614,38300,0.0,0.0
1988-03-17 00:00:00-05:00,0.7898694872856141,0.8005433992759602,0.7898694872856141,0.789869487285614,35900,0.0,0.0
1988-03-18 00:00:00-05:00,0.7898694872856141,0.8005433992759602,0.7898694872856141,0.789869487285614,22300,0.0,0.0
1988-03-21 00:00:00-05:00,0.8005433992759602,0.8005433992759602,0.7898694872856141,0.789869487285614,20200,0.0,0.0
1988-03-22 00:00:00-05:00,0.8005433992759602,0.8005433992759602,0.779195575295268,0.789869487285614,22100,0.0,0.0
1988-03-23 00:00:00-05:00,0.7898697503407797,0.8005436658859253,0.7898697503407797,0.8005436658859253,18600,0.0,0.0
1988-03-24 00:00:00-05:00,0.7898694872856141,0.8005433992759602,0.7898694872856141,0.789869487285614,36700,0.0,0.0
1988-03-25 00:00:00-05:00,0.7898694872856141,0.8005433992759602,0.7898694872856141,0.789869487285614,20000,0.0,0.0
1988-03-28 00:00:00-05:00,0.8005433992759602,0.8005433992759602,0.7898694872856141,0.789869487285614,30500,0.0,0.0
1988-03-29 00:00:00-05:00,0.7898694872856141,0.7898694872856141,0.779195575295268,0.789869487285614,24300,0.0,0.0
1988-03-30 00:00:00-05:00,0.7898694872856141,0.7898694872856141,0.779195575295268,0.789869487285614,38700,0.0,0.0
1988-03-31 00:00:00-05:00,0.7898694872856141,0.7898694872856141,0.779195575295268,0.789869487285614,25600,0.0,0.0
1988-04-04 00:00:00-04:00,0.7898693378657511,0.7898693378657511,0.7791954278945923,0.7791954278945923,35900,0.0,0.0
1988-04-05 00:00:00-04:00,0.7898694872856141,0.7898694872856141,0.779195575295268,0.789869487285614,46900,0.0,0.0
1988-04-06 00:00:00-04:00,0.7898693378657511,0.7898693378657511,0.7791954278945923,0.7791954278945923,29600,0.0,0.0
1988-04-07 00:00:00-04:00,0.7898694872856141,0.7898694872856141,0.779195575295268,0.789869487285614,35600,0.0,0.0
1988-04-08 00:00:00-04:00,0.779195575295268,0.7898694872856141,0.779195575295268,0.789869487285614,22500,0.0,0.0
1988-04-11 00:00:00-04:00,0.7844535152654389,0.795199453830719,0.773707576700159,0.795199453830719,25300,0.062,0.0
1988-04-12 00:00:00-04:00,0.7844538688659669,0.7951998122750897,0.7844538688659669,0.7844538688659668,20100,0.0,0.0
1988-04-13 00:00:00-04:00,0.7951998122750897,0.7951998122750897,0.7844538688659669,0.7844538688659668,21500,0.0,0.0
1988-04-14 00:00:00-04:00,0.7844535152654389,0.795199453830719,0.7844535152654389,0.795199453830719,28700,0.0,0.0
1988-04-15 00:00:00-04:00,0.7951998122750897,0.7951998122750897,0.7844538688659669,0.7844538688659668,20900,0.0,0.0
1988-04-18 00:00:00-04:00,0.7844538688659669,0.7844538688659669,0.773707925456844,0.7844538688659668,32500,0.0,0.0
1988-04-19 00:00:00-04:00,0.7844538688659669,0.7951998122750897,0.7844538688659669,0.7844538688659668,23200,0.0,0.0
1988-04-20 00:00:00-04:00,0.7951998122750897,0.7951998122750897,0.7844538688659669,0.7844538688659668,31000,0.0,0.0
1988-04-21 00:00:00-04:00,0.7844538688659669,0.7951998122750897,0.7844538688659669,0.7844538688659668,27000,0.0,0.0
1988-04-22 00:00:00-04:00,0.7951995754241943,0.8059455156326294,0.7844536352157593,0.8059455156326294,45200,0.0,0.0
1988-04-25 00:00:00-04:00,0.7951995754241943,0.8059455156326294,0.7951995754241943,0.8059455156326294,20700,0.0,0.0
1988-04-26 00:00:00-04:00,0.8059455156326294,0.8059455156326294,0.7951995754241943,0.8059455156326294,17100,0.0,0.0
1988-04-27 00:00:00-04:00,0.795199453830719,0.8059453923959989,0.795199453830719,0.795199453830719,29900,0.0,0.0
1988-04-28 00:00:00-04:00,0.795199453830719,0.8059453923959989,0.795199453830719,0.795199453830719,19100,0.0,0.0
1988-04-29 00:00:00-04:00,0.7951995754241943,0.8059455156326294,0.7951995754241943,0.8059455156326294,20400,0.0,0.0
1988-05-02 00:00:00-04:00,0.7951995754241943,0.8059455156326294,0.7951995754241943,0.8059455156326294,27200,0.0,0.0
1988-05-03 00:00:00-04:00,0.8059455156326294,0.8059455156326294,0.7951995754241943,0.8059455156326294,10500,0.0,0.0
1988-05-04 00:00:00-04:00,0.8059455156326294,0.8166914558410644,0.7951995754241943,0.8059455156326294,19900,0.0,0.0
1988-05-05 00:00:00-04:00,0.8059453923959989,0.8059453923959989,0.795199453830719,0.795199453830719,43600,0.0,0.0
1988-05-06 00:00:00-04:00,0.8059447533205936,0.8166906833648682,0.795198823276319,0.8166906833648682,29500,0.0,0.0
1988-05-09 00:00:00-04:00,0.8112395280285886,0.8220560550689697,0.8004230009882074,0.8220560550689697,35600,0.062,0.0
1988-05-10 00:00:00-04:00,0.8112401366233826,0.8220566717783611,0.8004236014684042,0.8112401366233826,48300,0.0,0.0
1988-05-11 00:00:00-04:00,0.8112399763352162,0.8112399763352162,0.8004234433174133,0.8004234433174133,30500,0.0,0.0
1988-05-12 00:00:00-04:00,0.8004236014684042,0.8112401366233826,0.8004236014684042,0.8112401366233826,26700,0.0,0.0
1988-05-13 00:00:00-04:00,0.8112401366233826,0.8112401366233826,0.8004236014684042,0.8112401366233826,26400,0.0,0.0
1988-05-16 00:00:00-04:00,0.8112401366233826,0.8112401366233826,0.8004236014684042,0.8112401366233826,28900,0.0,0.0
1988-05-17 00:00:00-04:00,0.8004234433174133,0.8112399763352162,0.8004234433174133,0.8004234433174133,32800,0.0,0.0
1988-05-18 00:00:00-04:00,0.8004234433174133,0.8112399763352162,0.8004234433174133,0.8004234433174133,20500,0.0,0.0
1988-05-19 00:00:00-04:00,0.8112398116555932,0.8112398116555932,0.7896067500114441,0.7896067500114441,28600,0.0,0.0
1988-05-20 00:00:00-04:00,0.8004234433174133,0.8112399763352162,0.7896069102996104,0.8004234433174133,28700,0.0,0.0
1988-05-23 00:00:00-04:00,0.7896069102996104,0.8004234433174133,0.7896069102996104,0.8004234433174133,21700,0.0,0.0
1988-05-24 00:00:00-04:00,0.8112399763352162,0.8112399763352162,0.8004234433174133,0.8004234433174133,20300,0.0,0.0
1988-05-25 00:00:00-04:00,0.8004234433174133,0.8112399763352162,0.8004234433174133,0.8004234433174133,35500,0.0,0.0
1988-05-26 00:00:00-04:00,0.8004236014684042,0.8112401366233826,0.8004236014684042,0.8112401366233826,15900,0.0,0.0
1988-05-27 00:00:00-04:00,0.8004236014684042,0.8112401366233826,0.8004236014684042,0.8112401366233826,15600,0.0,0.0
1988-05-31 00:00:00-04:00,0.8004236014684042,0.8112401366233826,0.8004236014684042,0.8112401366233826,25400,0.0,0.0
1988-06-01 00:00:00-04:00,0.8112401366233826,0.8112401366233826,0.8004236014684042,0.8112401366233826,18900,0.0,0.0
1988-06-02 00:00:00-04:00,0.8004236014684042,0.8112401366233826,0.8004236014684042,0.8112401366233826,17300,0.0,0.0
1988-06-03 00:00:00-04:00,0.8112401366233826,0.8112401366233826,0.8004236014684042,0.8112401366233826,13800,0.0,0.0
1988-06-06 00:00:00-04:00,0.8112401366233826,0.8112401366233826,0.8004236014684042,0.8112401366233826,28100,0.0,0.0
1988-06-07 00:00:00-04:00,0.8112401366233826,0.8220566717783611,0.8112401366233826,0.8112401366233826,16300,0.0,0.0
1988-06-08 00:00:00-04:00,0.8057515621185303,0.8166400967417538,0.8057515621185303,0.8057515621185303,29300,0.062,0.0
1988-06-09 00:00:00-04:00,0.8166400967417538,0.8166400967417538,0.8057515621185303,0.8057515621185303,12200,0.0,0.0
1988-06-10 00:00:00-04:00,0.816639708845239,0.8275282382965088,0.816639708845239,0.8275282382965088,18900,0.0,0.0
1988-06-13 00:00:00-04:00,0.8275282382965088,0.8275282382965088,0.8057511793939691,0.8275282382965088,41700,0.0,0.0
1988-06-14 00:00:00-04:00,0.816641092300415,0.8384181880950927,0.816641092300415,0.816641092300415,52600,0.0,0.0
1988-06-15 00:00:00-04:00,0.8275296401977539,0.8275296401977539,0.816641092300415,0.816641092300415,29900,0.0,0.0
1988-06-16 00:00:00-04:00,0.8275296401977539,0.8275296401977539,0.8057525444030761,0.816641092300415,34000,0.0,0.0
1988-06-17 00:00:00-04:00,0.816641092300415,0.816641092300415,0.8057525444030761,0.816641092300415,24200,0.0,0.0
1988-06-20 00:00:00-04:00,0.8166400967417538,0.8166400967417538,0.8057515621185303,0.8057515621185303,31600,0.0,0.0
1988-06-21 00:00:00-04:00,0.8057515621185303,0.8166400967417538,0.8057515621185303,0.8057515621185303,27300,0.0,0.0
1988-06-22 00:00:00-04:00,0.8166400967417538,0.8166400967417538,0.8057515621185303,0.8057515621185303,23700,0.0,0.0
1988-06-23 00:00:00-04:00,0.8057515621185303,0.8166400967417538,0.8057515621185303,0.8057515621185303,41800,0.0,0.0
1988-06-24 00:00:00-04:00,0.8057525444030761,0.816641092300415,0.8057525444030761,0.816641092300415,38500,0.0,0.0
1988-06-27 00:00:00-04:00,0.8057515621185303,0.8166400967417538,0.7948630274953069,0.8057515621185303,29900,0.0,0.0
1988-06-28 00:00:00-04:00,0.8057514592392804,0.8166399924722436,0.7948629260063171,0.7948629260063171,28400,0.0,0.0
1988-06-29 00:00:00-04:00,0.8057515621185303,0.8166400967417538,0.7948630274953069,0.8057515621185303,9000,0.0,0.0
1988-06-30 00:00:00-04:00,0.8057525444030761,0.816641092300415,0.8057525444030761,0.816641092300415,19100,0.0,0.0
1988-07-01 00:00:00-04:00,0.816641092300415,0.8275296401977539,0.816641092300415,0.816641092300415,24200,0.0,0.0
1988-07-05 00:00:00-04:00,0.8275296401977539,0.8275296401977539,0.816641092300415,0.816641092300415,17000,0.0,0.0
1988-07-06 00:00:00-04:00,0.8275282382965088,0.8275282382965088,0.816639708845239,0.8275282382965088,20000,0.0,0.0
1988-07-07 00:00:00-04:00,0.8275296401977539,0.8275296401977539,0.816641092300415,0.816641092300415,41100,0.0,0.0
1988-07-08 00:00:00-04:00,0.816641092300415,0.8275296401977539,0.816641092300415,0.816641092300415,28700,0.0,0.0
1988-07-11 00:00:00-04:00,0.8111171722412109,0.8220782151093354,0.8111171722412109,0.8111171722412109,11400,0.062,0.0
1988-07-12 00:00:00-04:00,0.8220775723457338,0.8330386066436768,0.8111165380477906,0.8220775723457336,26000,0.0,0.0
1988-07-13 00:00:00-04:00,0.8220775723457338,0.8220775723457338,0.8111165380477906,0.8220775723457336,25800,0.0,0.0
1988-07-14 00:00:00-04:00,0.8220775723457338,0.8220775723457338,0.8111165380477906,0.8220775723457336,18400,0.0,0.0
1988-07-15 00:00:00-04:00,0.8111165380477906,0.8220775723457338,0.8111165380477906,0.8220775723457336,32200,0.0,0.0
1988-07-18 00:00:00-04:00,0.8220775723457338,0.8220775723457338,0.8111165380477906,0.8220775723457336,33700,0.0,0.0
1988-07-19 00:00:00-04:00,0.8220775723457338,0.8220775723457338,0.8111165380477906,0.8220775723457336,28700,0.0,0.0
1988-07-20 00:00:00-04:00,0.8220782151093354,0.8220782151093354,0.8111171722412109,0.8111171722412109,34900,0.0,0.0
1988-07-21 00:00:00-04:00,0.822077650729924,0.822077650729924,0.8001555800437927,0.8001555800437927,41000,0.0,0.0
1988-07-22 00:00:00-04:00,0.8111166153868583,0.8111166153868583,0.8001555800437927,0.8001555800437927,20800,0.0,0.0
1988-07-25 00:00:00-04:00,0.8001555037498475,0.8220775723457338,0.8001555037498475,0.8220775723457336,16600,0.0,0.0
1988-07-26 00:00:00-04:00,0.8220782151093354,0.8220782151093354,0.8111171722412109,0.8111171722412109,40200,0.0,0.0
1988-07-27 00:00:00-04:00,0.8220775723457338,0.8220775723457338,0.8111165380477906,0.8220775723457336,14300,0.0,0.0
1988-07-28 00:00:00-04:00,0.8111165380477906,0.8220775723457338,0.8111165380477906,0.8220775723457336,22000,0.0,0.0
1988-07-29 00:00:00-04:00,0.8220775723457338,0.8220775723457338,0.8111165380477906,0.8220775723457336,38400,0.0,0.0
1988-08-01 00:00:00-04:00,0.8220782151093354,0.8220782151093354,0.8111171722412109,0.8111171722412109,16600,0.0,0.0
1988-08-02 00:00:00-04:00,0.8220782151093354,0.8220782151093354,0.8111171722412109,0.8111171722412109,28900,0.0,0.0
1988-08-03 00:00:00-04:00,0.8220775723457338,0.8330386066436768,0.8111165380477906,0.8220775723457336,24100,0.0,0.0
1988-08-04 00:00:00-04:00,0.8330386281013489,0.8330386281013489,0.822077593521068,0.8330386281013489,30200,0.0,0.0
1988-08-05 00:00:00-04:00,0.8330386066436768,0.8330386066436768,0.8220775723457338,0.8220775723457336,32100,0.0,0.0
1988-08-08 00:00:00-04:00,0.8166043162345886,0.8276395096972182,0.8166043162345886,0.8166043162345886,28400,0.063,0.0
1988-08-09 00:00:00-04:00,0.8166041501363118,0.82763934135437,0.8166041501363118,0.8276393413543701,19600,0.0,0.0
1988-08-10 00:00:00-04:00,0.8276395096972182,0.8276395096972182,0.8166043162345886,0.8166043162345886,12500,0.0,0.0
1988-08-11 00:00:00-04:00,0.8276395096972182,0.8276395096972182,0.8166043162345886,0.8166043162345886,27800,0.0,0.0
1988-08-12 00:00:00-04:00,0.82763934135437,0.82763934135437,0.8166041501363118,0.8276393413543701,22200,0.0,0.0
1988-08-15 00:00:00-04:00,0.8276395096972182,0.8276395096972182,0.8166043162345886,0.8166043162345886,22200,0.0,0.0
1988-08-16 00:00:00-04:00,0.8166041501363118,0.82763934135437,0.8166041501363118,0.8276393413543701,26900,0.0,0.0
1988-08-17 00:00:00-04:00,0.82763934135437,0.82763934135437,0.8166041501363118,0.8276393413543701,22800,0.0,0.0
1988-08-18 00:00:00-04:00,0.82763934135437,0.82763934135437,0.8166041501363118,0.8276393413543701,29100,0.0,0.0
1988-08-19 00:00:00-04:00,0.8166041501363118,0.82763934135437,0.8166041501363118,0.8276393413543701,33800,0.0,0.0
1988-08-22 00:00:00-04:00,0.8386745325724283,0.8386745325724283,0.8166041501363118,0.8276393413543701,24400,0.0,0.0
1988-08-23 00:00:00-04:00,0.8276395096972182,0.8276395096972182,0.8166043162345886,0.8166043162345886,20500,0.0,0.0
1988-08-24 00:00:00-04:00,0.8166041501363118,0.82763934135437,0.8166041501363118,0.8276393413543701,12800,0.0,0.0
1988-08-25 00:00:00-04:00,0.82763934135437,0.82763934135437,0.8166041501363118,0.8276393413543701,25100,0.0,0.0
1988-08-26 00:00:00-04:00,0.8276395096972182,0.8276395096972182,0.8166043162345886,0.8166043162345886,14900,0.0,0.0
1988-08-29 00:00:00-04:00,0.82763934135437,0.8386745325724283,0.82763934135437,0.8276393413543701,9600,0.0,0.0
1988-08-30 00:00:00-04:00,0.8386737704277039,0.8386737704277039,0.8276385892378657,0.8386737704277039,20700,0.0,0.0
1988-08-31 00:00:00-04:00,0.8386745325724283,0.8497097237904866,0.82763934135437,0.8276393413543701,36600,0.0,0.0
1988-09-01 00:00:00-04:00,0.8386737704277039,0.8386737704277039,0.8276385892378657,0.8386737704277039,16200,0.0,0.0
1988-09-02 00:00:00-04:00,0.8386744988429082,0.849709689617157,0.8276393080686594,0.849709689617157,29300,0.0,0.0
1988-09-06 00:00:00-04:00,0.8386737704277039,0.8497089516175421,0.8386737704277039,0.8386737704277039,15400,0.0,0.0
1988-09-07 00:00:00-04:00,0.8386744988429082,0.849709689617157,0.8386744988429082,0.849709689617157,17200,0.0,0.0
1988-09-08 00:00:00-04:00,0.8386744988429082,0.849709689617157,0.8386744988429082,0.849709689617157,29700,0.0,0.0
1988-09-09 00:00:00-04:00,0.8442886402080586,0.8553977012634277,0.8442886402080586,0.8553977012634277,25900,0.064,0.0
1988-09-12 00:00:00-04:00,0.8442886402080586,0.8553977012634277,0.8442886402080586,0.8553977012634277,12000,0.0,0.0
1988-09-13 00:00:00-04:00,0.8553977012634277,0.866506762318797,0.8442886402080586,0.8553977012634277,25800,0.0,0.0
1988-09-14 00:00:00-04:00,0.866506762318797,0.866506762318797,0.8553977012634277,0.8553977012634277,22300,0.0,0.0
1988-09-15 00:00:00-04:00,0.8553972825025902,0.8776153937364236,0.8553972825025902,0.8665063381195068,96300,0.0,0.0
1988-09-16 00:00:00-04:00,0.866506762318797,0.866506762318797,0.8553977012634277,0.8553977012634277,16600,0.0,0.0
1988-09-19 00:00:00-04:00,0.866506338119507,0.8776153937364236,0.8553972825025902,0.8665063381195068,30300,0.0,0.0
1988-09-20 00:00:00-04:00,0.8776158233741661,0.8776158233741661,0.8553977012634277,0.8553977012634277,32800,0.0,0.0
1988-09-21 00:00:00-04:00,0.8553972825025902,0.866506338119507,0.8553972825025902,0.8665063381195068,26600,0.0,0.0
1988-09-22 00:00:00-04:00,0.866506762318797,0.866506762318797,0.8553977012634277,0.8553977012634277,23500,0.0,0.0
1988-09-23 00:00:00-04:00,0.866506338119507,0.866506338119507,0.8553972825025902,0.8665063381195068,40600,0.0,0.0
1988-09-26 00:00:00-04:00,0.8553972825025902,0.866506338119507,0.8553972825025902,0.8665063381195068,19000,0.0,0.0
1988-09-27 00:00:00-04:00,0.866506338119507,0.866506338119507,0.8553972825025902,0.8665063381195068,26600,0.0,0.0
1988-09-28 00:00:00-04:00,0.866506762318797,0.866506762318797,0.8553977012634277,0.8553977012634277,22300,0.0,0.0
1988-09-29 00:00:00-04:00,0.8553979200652884,0.8776160478591919,0.8553979200652884,0.8776160478591919,21100,0.0,0.0
1988-09-30 00:00:00-04:00,0.8665069839622401,0.8776160478591919,0.8665069839622401,0.8776160478591919,15300,0.0,0.0
1988-10-03 00:00:00-04:00,0.8776160478591919,0.8776160478591919,0.8665069839622401,0.8776160478591919,51100,0.0,0.0
1988-10-04 00:00:00-04:00,0.8776160478591919,0.8776160478591919,0.8665069839622401,0.8776160478591919,39000,0.0,0.0
1988-10-05 00:00:00-04:00,0.8776153937364236,0.8776153937364236,0.866506338119507,0.8665063381195068,24500,0.0,0.0
1988-10-06 00:00:00-04:00,0.866506338119507,0.8776153937364236,0.866506338119507,0.8665063381195068,12900,0.0,0.0
1988-10-07 00:00:00-04:00,0.8721419452111933,0.8833232522010803,0.8721419452111933,0.8833232522010803,23200,0.063,0.0
1988-10-10 00:00:00-04:00,0.8721420764923096,0.883323385165288,0.8721420764923096,0.8721420764923096,23100,0.0,0.0
1988-10-11 00:00:00-04:00,0.883323385165288,0.883323385165288,0.8721420764923096,0.8721420764923096,40200,0.0,0.0
1988-10-12 00:00:00-04:00,0.883323385165288,0.883323385165288,0.8721420764923096,0.8721420764923096,33600,0.0,0.0
1988-10-13 00:00:00-04:00,0.8833234604302939,0.8833234604302939,0.860960841178894,0.860960841178894,12500,0.0,0.0
1988-10-14 00:00:00-04:00,0.872142150804594,0.872142150804594,0.860960841178894,0.860960841178894,28200,0.0,0.0
1988-10-17 00:00:00-04:00,0.872142150804594,0.872142150804594,0.860960841178894,0.860960841178894,18400,0.0,0.0
1988-10-18 00:00:00-04:00,0.8609607678193313,0.8721420764923096,0.8609607678193313,0.8721420764923096,36800,0.0,0.0
1988-10-19 00:00:00-04:00,0.872142150804594,0.8833234604302939,0.860960841178894,0.860960841178894,34700,0.0,0.0
1988-10-20 00:00:00-04:00,0.872142150804594,0.872142150804594,0.860960841178894,0.860960841178894,14900,0.0,0.0
1988-10-21 00:00:00-04:00,0.872142150804594,0.872142150804594,0.860960841178894,0.860960841178894,18100,0.0,0.0
1988-10-24 00:00:00-04:00,0.8609607678193313,0.8721420764923096,0.8609607678193313,0.8721420764923096,12300,0.0,0.0
1988-10-25 00:00:00-04:00,0.8721420764923096,0.8721420764923096,0.8609607678193313,0.8721420764923096,20400,0.0,0.0
1988-10-26 00:00:00-04:00,0.872142150804594,0.872142150804594,0.860960841178894,0.860960841178894,18700,0.0,0.0
1988-10-27 00:00:00-04:00,0.8609607678193313,0.8721420764923096,0.8609607678193313,0.8721420764923096,28600,0.0,0.0
1988-10-28 00:00:00-04:00,0.872142150804594,0.872142150804594,0.860960841178894,0.860960841178894,19700,0.0,0.0
1988-10-31 00:00:00-05:00,0.8609606382213061,0.8833232522010803,0.8609606382213061,0.8833232522010803,25000,0.0,0.0
1988-11-01 00:00:00-05:00,0.883323385165288,0.883323385165288,0.8721420764923096,0.8721420764923096,25000,0.0,0.0
1988-11-02 00:00:00-05:00,0.8833232522010803,0.8833232522010803,0.8721419452111933,0.8833232522010803,15800,0.0,0.0
1988-11-03 00:00:00-05:00,0.8721420764923096,0.883323385165288,0.8721420764923096,0.8721420764923096,21600,0.0,0.0
1988-11-04 00:00:00-05:00,0.8833232522010803,0.8833232522010803,0.8721419452111933,0.8833232522010803,29800,0.0,0.0
1988-11-07 00:00:00-05:00,0.8777415752410889,0.8777415752410889,0.8664884781226134,0.8777415752410889,40700,0.063,0.0
1988-11-08 00:00:00-05:00,0.8664884781226134,0.8777415752410889,0.8664884781226134,0.8777415752410889,20900,0.0,0.0
1988-11-09 00:00:00-05:00,0.8664884781226134,0.8889946723595644,0.8664884781226134,0.8777415752410889,29400,0.0,0.0
1988-11-10 00:00:00-05:00,0.8777421848683418,0.8889952898025513,0.8777421848683418,0.8889952898025513,18400,0.0,0.0
1988-11-11 00:00:00-05:00,0.8777421848683418,0.8889952898025513,0.8777421848683418,0.8889952898025513,22800,0.0,0.0
1988-11-14 00:00:00-05:00,0.8889952898025513,0.8889952898025513,0.8777421848683418,0.8889952898025513,24900,0.0,0.0
1988-11-15 00:00:00-05:00,0.8889953842410793,0.8889953842410793,0.8664891719818115,0.8664891719818115,34800,0.0,0.0
1988-11-16 00:00:00-05:00,0.8777422781114453,0.8777422781114453,0.8664891719818115,0.8664891719818115,51300,0.0,0.0
1988-11-17 00:00:00-05:00,0.8777415752410889,0.8777415752410889,0.8664884781226134,0.8777415752410889,33900,0.0,0.0
1988-11-18 00:00:00-05:00,0.8777415752410889,0.8777415752410889,0.8664884781226134,0.8777415752410889,26700,0.0,0.0
1988-11-21 00:00:00-05:00,0.8777422781114453,0.8777422781114453,0.8664891719818115,0.8664891719818115,24200,0.0,0.0
1988-11-22 00:00:00-05:00,0.8664884781226134,0.8777415752410889,0.8664884781226134,0.8777415752410889,28400,0.0,0.0
1988-11-23 00:00:00-05:00,0.8777415752410889,0.8889946723595644,0.8664884781226134,0.8777415752410889,12100,0.0,0.0
1988-11-25 00:00:00-05:00,0.8777421848683418,0.8889952898025513,0.8777421848683418,0.8889952898025513,2700,0.0,0.0
1988-11-28 00:00:00-05:00,0.8777421848683418,0.8889952898025513,0.8777421848683418,0.8889952898025513,22200,0.0,0.0
1988-11-29 00:00:00-05:00,0.8889952898025513,0.8889952898025513,0.8777421848683418,0.8889952898025513,26500,0.0,0.0
1988-11-30 00:00:00-05:00,0.8889952898025513,0.8889952898025513,0.8777421848683418,0.8889952898025513,22600,0.0,0.0
1988-12-01 00:00:00-05:00,0.8889946723595644,0.8889946723595644,0.8777415752410889,0.8777415752410889,11200,0.0,0.0
1988-12-02 00:00:00-05:00,0.8889952898025513,0.8889952898025513,0.8777421848683418,0.8889952898025513,38500,0.0,0.0
1988-12-05 00:00:00-05:00,0.8777415752410889,0.8889946723595644,0.8664884781226134,0.8777415752410889,46400,0.0,0.0
1988-12-06 00:00:00-05:00,0.8777421848683418,0.8889952898025513,0.8777421848683418,0.8889952898025513,27400,0.0,0.0
1988-12-07 00:00:00-05:00,0.8889946723595644,0.8889946723595644,0.8777415752410889,0.8777415752410889,19500,0.0,0.0
1988-12-08 00:00:00-05:00,0.8721239566802979,0.8834502418319901,0.8721239566802979,0.8721239566802979,65100,0.063,0.0
1988-12-09 00:00:00-05:00,0.8721239566802979,0.8834502418319901,0.8721239566802979,0.8721239566802979,30900,0.0,0.0
1988-12-12 00:00:00-05:00,0.8721239253496513,0.883450210094452,0.8721239253496513,0.8834502100944519,30600,0.0,0.0
1988-12-13 00:00:00-05:00,0.883450210094452,0.883450210094452,0.8607976406048506,0.8834502100944519,40300,0.0,0.0
1988-12-14 00:00:00-05:00,0.883450210094452,0.883450210094452,0.8721239253496513,0.8834502100944519,34500,0.0,0.0
1988-12-15 00:00:00-05:00,0.883450210094452,0.883450210094452,0.8721239253496513,0.8834502100944519,56900,0.0,0.0
1988-12-16 00:00:00-05:00,0.883450210094452,0.883450210094452,0.8721239253496513,0.8834502100944519,25500,0.0,0.0
1988-12-19 00:00:00-05:00,0.8721239253496513,0.883450210094452,0.8721239253496513,0.8834502100944519,29600,0.0,0.0
1988-12-20 00:00:00-05:00,0.883450210094452,0.8947764948392526,0.8721239253496513,0.8834502100944519,31800,0.0,0.0
1988-12-21 00:00:00-05:00,0.8721239253496513,0.883450210094452,0.8721239253496513,0.8834502100944519,41200,0.0,0.0
1988-12-22 00:00:00-05:00,0.8834502418319901,0.8947765269836822,0.8607976715286056,0.8721239566802979,70600,0.0,0.0
1988-12-23 00:00:00-05:00,0.8607976715286056,0.8834502418319901,0.8607976715286056,0.8721239566802979,16800,0.0,0.0
1988-12-27 00:00:00-05:00,0.8721239253496513,0.883450210094452,0.8721239253496513,0.8834502100944519,24600,0.0,0.0
1988-12-28 00:00:00-05:00,0.8721239253496513,0.883450210094452,0.8721239253496513,0.8834502100944519,33100,0.0,0.0
1988-12-29 00:00:00-05:00,0.8721239253496513,0.883450210094452,0.8721239253496513,0.8834502100944519,26300,0.0,0.0
1988-12-30 00:00:00-05:00,0.883450210094452,0.883450210094452,0.8721239253496513,0.8834502100944519,51200,0.0,0.0
1989-01-03 00:00:00-05:00,0.883450210094452,0.883450210094452,0.8721239253496513,0.8834502100944519,18500,0.0,0.0
1989-01-04 00:00:00-05:00,0.883450210094452,0.883450210094452,0.8721239253496513,0.8834502100944519,30500,0.0,0.0
1989-01-05 00:00:00-05:00,0.8834501203102402,0.8947764039039613,0.8721238367165192,0.8947764039039612,37500,0.0,0.0
1989-01-06 00:00:00-05:00,0.8947764039039613,0.8947764039039613,0.8834501203102402,0.8947764039039612,26100,0.0,0.0
1989-01-09 00:00:00-05:00,0.8947764039039613,0.8947764039039613,0.8834501203102402,0.8947764039039612,70300,0.0,0.0
1989-01-10 00:00:00-05:00,0.8891223925578443,0.9005213975906372,0.8777233875250515,0.9005213975906372,26400,0.063,0.0
1989-01-11 00:00:00-05:00,0.8891223925578443,0.9005213975906372,0.8891223925578443,0.9005213975906372,10800,0.0,0.0
1989-01-12 00:00:00-05:00,0.9005213975906372,0.9005213975906372,0.8891223925578443,0.9005213975906372,29300,0.0,0.0
1989-01-13 00:00:00-05:00,0.9005213975906372,0.9005213975906372,0.8891223925578443,0.9005213975906372,41000,0.0,0.0
1989-01-16 00:00:00-05:00,0.8891223925578443,0.9005213975906372,0.8891223925578443,0.9005213975906372,9700,0.0,0.0
1989-01-17 00:00:00-05:00,0.9005213975906372,0.9005213975906372,0.8891223925578443,0.9005213975906372,60300,0.0,0.0
1989-01-18 00:00:00-05:00,0.9005214319779323,0.9005214319779323,0.8891224265098573,0.8891224265098572,25100,0.0,0.0
1989-01-19 00:00:00-05:00,0.9005214319779323,0.9005214319779323,0.8891224265098573,0.8891224265098572,28300,0.0,0.0
1989-01-20 00:00:00-05:00,0.9005213975906372,0.9005213975906372,0.8891223925578443,0.9005213975906372,42400,0.0,0.0
1989-01-23 00:00:00-05:00,0.9005214319779323,0.9005214319779323,0.8891224265098573,0.8891224265098572,33100,0.0,0.0
1989-01-24 00:00:00-05:00,0.8891224265098573,0.9005214319779323,0.8891224265098573,0.8891224265098572,55000,0.0,0.0
1989-01-25 00:00:00-05:00,0.9005210697650909,0.9119200706481934,0.9005210697650909,0.9119200706481934,20900,0.0,0.0
1989-01-26 00:00:00-05:00,0.9005210697650909,0.9119200706481934,0.9005210697650909,0.9119200706481934,26600,0.0,0.0
1989-01-27 00:00:00-05:00,0.9119200706481934,0.9119200706481934,0.9005210697650909,0.9119200706481934,35500,0.0,0.0
1989-01-30 00:00:00-05:00,0.9005210697650909,0.9119200706481934,0.9005210697650909,0.9119200706481934,24400,0.0,0.0
1989-01-31 00:00:00-05:00,0.9005210697650909,0.9119200706481934,0.9005210697650909,0.9119200706481934,17800,0.0,0.0
1989-02-01 00:00:00-05:00,0.9119204026234301,0.9119204026234301,0.9005213975906372,0.9005213975906372,31200,0.0,0.0
1989-02-02 00:00:00-05:00,0.9119200706481934,0.9119200706481934,0.9005210697650909,0.9119200706481934,22200,0.0,0.0
1989-02-03 00:00:00-05:00,0.9119200706481934,0.9119200706481934,0.9005210697650909,0.9119200706481934,22200,0.0,0.0
1989-02-06 00:00:00-05:00,0.9005213975906372,0.9119204026234301,0.9005213975906372,0.9005213975906372,23200,0.0,0.0
1989-02-07 00:00:00-05:00,0.9063041806221008,0.9177763854401021,0.9063041806221008,0.9063041806221008,30400,0.063,0.0
1989-02-08 00:00:00-05:00,0.9063035532832145,0.9177757501602173,0.9063035532832145,0.9177757501602173,38600,0.0,0.0
1989-02-09 00:00:00-05:00,0.9063041806221008,0.9177763854401021,0.9063041806221008,0.9063041806221008,30300,0.0,0.0
1989-02-10 00:00:00-05:00,0.9063033148264273,0.9177755086849897,0.8948311209678649,0.894831120967865,14600,0.0,0.0
1989-02-13 00:00:00-05:00,0.8948311209678649,0.9063033148264273,0.8833589271093025,0.894831120967865,107600,0.0,0.0
1989-02-14 00:00:00-05:00,0.8948311209678649,0.9063033148264273,0.8833589271093025,0.894831120967865,39200,0.0,0.0
1989-02-15 00:00:00-05:00,0.8948311209678649,0.9063033148264273,0.8948311209678649,0.894831120967865,29100,0.0,0.0
1989-02-16 00:00:00-05:00,0.9063038942101713,0.9063038942101713,0.8833594918251038,0.8833594918251038,36900,0.0,0.0
1989-02-17 00:00:00-05:00,0.8833589271093025,0.9063033148264273,0.8833589271093025,0.894831120967865,54300,0.0,0.0
1989-02-21 00:00:00-05:00,0.8948319758040996,0.9063041806221008,0.8948319758040996,0.9063041806221008,37600,0.0,0.0
1989-02-22 00:00:00-05:00,0.9063041806221008,0.9063041806221008,0.8948319758040996,0.9063041806221008,20600,0.0,0.0
1989-02-23 00:00:00-05:00,0.8948319758040996,0.9063041806221008,0.8948319758040996,0.9063041806221008,21200,0.0,0.0
1989-02-24 00:00:00-05:00,0.8948311209678649,0.9063033148264273,0.8833589271093025,0.894831120967865,68000,0.0,0.0
1989-02-27 00:00:00-05:00,0.8948316930176375,0.8948316930176375,0.8833594918251038,0.8833594918251038,28400,0.0,0.0
1989-02-28 00:00:00-05:00,0.8948319758040996,0.9063041806221008,0.8948319758040996,0.9063041806221008,33600,0.0,0.0
1989-03-01 00:00:00-05:00,0.9063041806221008,0.9063041806221008,0.8948319758040996,0.9063041806221008,25500,0.0,0.0
1989-03-02 00:00:00-05:00,0.8948311209678649,0.9063033148264273,0.8948311209678649,0.894831120967865,36600,0.0,0.0
1989-03-03 00:00:00-05:00,0.8948319758040996,0.9063041806221008,0.8948319758040996,0.9063041806221008,22400,0.0,0.0
1989-03-06 00:00:00-05:00,0.9063041806221008,0.9063041806221008,0.8948319758040996,0.9063041806221008,51200,0.0,0.0
1989-03-07 00:00:00-05:00,0.912122905254364,0.912122905254364,0.9005770456941822,0.912122905254364,40100,0.063,0.0
1989-03-08 00:00:00-05:00,0.912122905254364,0.912122905254364,0.9005770456941822,0.912122905254364,32900,0.0,0.0
1989-03-09 00:00:00-05:00,0.9121218415407034,0.9121218415407034,0.9005759954452515,0.9005759954452515,19400,0.0,0.0
1989-03-10 00:00:00-05:00,0.9121218415407034,0.9121218415407034,0.9005759954452515,0.9005759954452515,23900,0.0,0.0
1989-03-13 00:00:00-05:00,0.9005770456941822,0.912122905254364,0.9005770456941822,0.912122905254364,31000,0.0,0.0
1989-03-14 00:00:00-05:00,0.9005770456941822,0.912122905254364,0.9005770456941822,0.912122905254364,12400,0.0,0.0
1989-03-15 00:00:00-05:00,0.9121218415407034,0.9121218415407034,0.9005759954452515,0.9005759954452515,37800,0.0,0.0
1989-03-16 00:00:00-05:00,0.912122905254364,0.912122905254364,0.9005770456941822,0.912122905254364,28300,0.0,0.0
1989-03-17 00:00:00-05:00,0.9005770456941822,0.912122905254364,0.9005770456941822,0.912122905254364,23200,0.0,0.0
1989-03-20 00:00:00-05:00,0.9005759954452515,0.9121218415407034,0.9005759954452515,0.9005759954452515,32900,0.0,0.0
1989-03-21 00:00:00-05:00,0.912122905254364,0.912122905254364,0.9005770456941822,0.912122905254364,30000,0.0,0.0
1989-03-22 00:00:00-05:00,0.9121218415407034,0.9121218415407034,0.9005759954452515,0.9005759954452515,45400,0.0,0.0
1989-03-23 00:00:00-05:00,0.912122905254364,0.912122905254364,0.9005770456941822,0.912122905254364,28700,0.0,0.0
1989-03-27 00:00:00-05:00,0.912122905254364,0.912122905254364,0.9005770456941822,0.912122905254364,20900,0.0,0.0
1989-03-28 00:00:00-05:00,0.9005763670066734,0.9005763670066734,0.8890305161476134,0.8890305161476135,80000,0.0,0.0
1989-03-29 00:00:00-05:00,0.9005762589605231,0.9005762589605231,0.8774845600128174,0.8774845600128174,20500,0.0,0.0
1989-03-30 00:00:00-05:00,0.8774845600128174,0.8890304094866702,0.8774845600128174,0.8774845600128174,19500,0.0,0.0
1989-03-31 00:00:00-05:00,0.8890304094866702,0.8890304094866702,0.8774845600128174,0.8774845600128174,53800,0.0,0.0
1989-04-03 00:00:00-04:00,0.8774846652885535,0.9005763670066734,0.8774846652885535,0.8890305161476135,9200,0.0,0.0
1989-04-04 00:00:00-04:00,0.8890301493497995,0.9005759954452515,0.8890301493497995,0.9005759954452515,20200,0.0,0.0
1989-04-05 00:00:00-04:00,0.9005759954452515,0.9005759954452515,0.8890301493497995,0.9005759954452515,39000,0.0,0.0
1989-04-06 00:00:00-04:00,0.9005763670066734,0.9005763670066734,0.8890305161476134,0.8890305161476135,22800,0.0,0.0
1989-04-07 00:00:00-04:00,0.9005763670066734,0.9121222178657333,0.8890305161476134,0.8890305161476135,19900,0.0,0.0
1989-04-10 00:00:00-04:00,0.8948881030082703,0.9065100264239622,0.8832661795925785,0.8948881030082703,18300,0.063,0.0
1989-04-11 00:00:00-04:00,0.8948876017179245,0.906509518623352,0.8948876017179245,0.906509518623352,35700,0.0,0.0
1989-04-12 00:00:00-04:00,0.8948887397971333,0.9181326031684875,0.8948887397971333,0.9181326031684875,39900,0.0,0.0
1989-04-13 00:00:00-04:00,0.906509518623352,0.9181314355287796,0.906509518623352,0.906509518623352,8600,0.0,0.0
1989-04-14 00:00:00-04:00,0.9065100264239622,0.9065100264239622,0.8948881030082703,0.8948881030082703,20700,0.0,0.0
1989-04-17 00:00:00-04:00,0.8948876017179245,0.9181314355287796,0.8948876017179245,0.906509518623352,39100,0.0,0.0
1989-04-18 00:00:00-04:00,0.8948887397971333,0.9181326031684875,0.8948887397971333,0.9181326031684875,49400,0.0,0.0
1989-04-19 00:00:00-04:00,0.906509518623352,0.9181314355287796,0.906509518623352,0.906509518623352,31600,0.0,0.0
1989-04-20 00:00:00-04:00,0.9065106714828105,0.9181326031684875,0.9065106714828105,0.9181326031684875,46500,0.0,0.0
1989-04-21 00:00:00-04:00,0.906509518623352,0.9181314355287796,0.906509518623352,0.906509518623352,37000,0.0,0.0
1989-04-24 00:00:00-04:00,0.9181314355287796,0.9181314355287796,0.906509518623352,0.906509518623352,26100,0.0,0.0
1989-04-25 00:00:00-04:00,0.9065106714828105,0.9181326031684875,0.9065106714828105,0.9181326031684875,30900,0.0,0.0
1989-04-26 00:00:00-04:00,0.906509518623352,0.9181314355287796,0.906509518623352,0.906509518623352,37800,0.0,0.0
1989-04-27 00:00:00-04:00,0.9181326031684875,0.9181326031684875,0.9065106714828105,0.9181326031684875,50700,0.0,0.0
1989-04-28 00:00:00-04:00,0.906509518623352,0.9181314355287796,0.906509518623352,0.906509518623352,37600,0.0,0.0
1989-05-01 00:00:00-04:00,0.9065106714828105,0.9181326031684875,0.9065106714828105,0.9181326031684875,39200,0.0,0.0
1989-05-02 00:00:00-04:00,0.9181326031684875,0.9181326031684875,0.9065106714828105,0.9181326031684875,37500,0.0,0.0
1989-05-03 00:00:00-04:00,0.9065106714828105,0.9181326031684875,0.9065106714828105,0.9181326031684875,23600,0.0,0.0
1989-05-04 00:00:00-04:00,0.9181326031684875,0.9181326031684875,0.9065106714828105,0.9181326031684875,19200,0.0,0.0
1989-05-05 00:00:00-04:00,0.9181326031684875,0.9181326031684875,0.9065106714828105,0.9181326031684875,30700,0.0,0.0
1989-05-08 00:00:00-04:00,0.9124240528179121,0.9241217970848083,0.9124240528179121,0.9241217970848083,24600,0.064,0.0
1989-05-09 00:00:00-04:00,0.9241217970848083,0.9241217970848083,0.9124240528179121,0.9241217970848083,43200,0.0,0.0
1989-05-10 00:00:00-04:00,0.9358190267513959,0.9358190267513959,0.912423551082611,0.9124235510826111,43600,0.0,0.0
1989-05-11 00:00:00-04:00,0.9124240528179121,0.9358195413517046,0.9124240528179121,0.9241217970848083,20600,0.0,0.0
1989-05-12 00:00:00-04:00,0.9124240528179121,0.9358195413517046,0.9124240528179121,0.9241217970848083,16800,0.0,0.0
1989-05-15 00:00:00-04:00,0.9241217970848083,0.9358195413517046,0.9241217970848083,0.9241217970848083,42500,0.0,0.0
1989-05-16 00:00:00-04:00,0.9358195413517046,0.9358195413517046,0.9241217970848083,0.9241217970848083,32100,0.0,0.0
1989-05-17 00:00:00-04:00,0.9241212330758571,0.9358189702033997,0.9241212330758571,0.9358189702033997,53200,0.0,0.0
1989-05-18 00:00:00-04:00,0.9358189702033997,0.9358189702033997,0.9241212330758571,0.9358189702033997,40400,0.0,0.0
1989-05-19 00:00:00-04:00,0.9358189702033997,0.9358189702033997,0.9241212330758571,0.9358189702033997,21700,0.0,0.0
1989-05-22 00:00:00-04:00,0.9241217970848083,0.9358195413517046,0.9241217970848083,0.9241217970848083,26600,0.0,0.0
1989-05-23 00:00:00-04:00,0.9358189702033997,0.9358189702033997,0.9241212330758571,0.9358189702033997,51300,0.0,0.0
1989-05-24 00:00:00-04:00,0.9241212330758571,0.9358189702033997,0.9241212330758571,0.9358189702033997,21100,0.0,0.0
1989-05-25 00:00:00-04:00,0.9358189702033997,0.9475167073309422,0.9241212330758571,0.9358189702033997,67200,0.0,0.0
1989-05-26 00:00:00-04:00,0.9475167073309422,0.9475167073309422,0.9358189702033997,0.9358189702033997,11700,0.0,0.0
1989-05-30 00:00:00-04:00,0.9475167073309422,0.9475167073309422,0.9241212330758571,0.9358189702033997,23300,0.0,0.0
1989-05-31 00:00:00-04:00,0.9241217970848083,0.9358195413517046,0.9241217970848083,0.9241217970848083,19500,0.0,0.0
1989-06-01 00:00:00-04:00,0.9358195413517046,0.9358195413517046,0.9241217970848083,0.9241217970848083,16200,0.0,0.0
1989-06-02 00:00:00-04:00,0.9358189702033997,0.9358189702033997,0.9241212330758571,0.9358189702033997,38000,0.0,0.0
1989-06-05 00:00:00-04:00,0.9241203923284271,0.9475158452987671,0.9241203923284271,0.9475158452987671,28900,0.0,0.0
1989-06-06 00:00:00-04:00,0.9416782259941101,0.9416782259941101,0.9299072481691837,0.9416782259941101,36800,0.063,0.0
1989-06-07 00:00:00-04:00,0.9299074668943146,0.9534494280815125,0.9299074668943146,0.9534494280815125,24400,0.0,0.0
1989-06-08 00:00:00-04:00,0.9416784474879135,0.9534494280815125,0.9416784474879135,0.9534494280815125,34200,0.0,0.0
1989-06-09 00:00:00-04:00,0.9534492038190364,0.9534492038190364,0.9416782259941101,0.9416782259941101,42700,0.0,0.0
1989-06-12 00:00:00-04:00,0.9534492038190364,0.9534492038190364,0.9416782259941101,0.9416782259941101,28500,0.0,0.0
1989-06-13 00:00:00-04:00,0.9534492038190364,0.9534492038190364,0.9416782259941101,0.9416782259941101,26400,0.0,0.0
1989-06-14 00:00:00-04:00,0.9534492038190364,0.9534492038190364,0.9416782259941101,0.9416782259941101,14400,0.0,0.0
1989-06-15 00:00:00-04:00,0.9416782259941101,0.9534492038190364,0.9416782259941101,0.9416782259941101,34400,0.0,0.0
1989-06-16 00:00:00-04:00,0.9534499516969994,0.9534499516969994,0.9299079775810242,0.9299079775810242,64800,0.0,0.0
1989-06-19 00:00:00-04:00,0.9299072481691837,0.9416782259941101,0.9299072481691837,0.9416782259941101,24300,0.0,0.0
1989-06-20 00:00:00-04:00,0.9416789646390118,0.9416789646390118,0.9299079775810242,0.9299079775810242,41900,0.0,0.0
1989-06-21 00:00:00-04:00,0.9416782259941101,0.9416782259941101,0.9299072481691837,0.9416782259941101,33300,0.0,0.0
1989-06-22 00:00:00-04:00,0.9299079775810242,0.9416789646390118,0.9299079775810242,0.9299079775810242,41800,0.0,0.0
1989-06-23 00:00:00-04:00,0.9299072481691837,0.9534492038190364,0.9299072481691837,0.9416782259941101,41800,0.0,0.0
1989-06-26 00:00:00-04:00,0.9416782259941101,0.9534492038190364,0.9299072481691837,0.9416782259941101,24000,0.0,0.0
1989-06-27 00:00:00-04:00,0.9534494280815125,0.9534494280815125,0.9416784474879135,0.9534494280815125,28000,0.0,0.0
1989-06-28 00:00:00-04:00,0.9534492038190364,0.9534492038190364,0.9416782259941101,0.9416782259941101,21300,0.0,0.0
1989-06-29 00:00:00-04:00,0.9416784474879135,0.9534494280815125,0.9416784474879135,0.9534494280815125,25700,0.0,0.0
1989-06-30 00:00:00-04:00,0.9416784309759373,0.9652203917503357,0.9416784309759373,0.9652203917503357,59900,0.0,0.0
1989-07-03 00:00:00-04:00,0.9652203917503357,0.9652203917503357,0.9534494113631364,0.9652203917503357,17500,0.0,0.0
1989-07-05 00:00:00-04:00,0.9652203917503357,0.9652203917503357,0.9534494113631364,0.9652203917503357,39900,0.0,0.0
1989-07-06 00:00:00-04:00,0.9534494280815125,0.9652204086751113,0.9534494280815125,0.9534494280815125,48000,0.0,0.0
1989-07-07 00:00:00-04:00,0.9534494280815125,0.9652204086751113,0.9416784474879135,0.9534494280815125,50000,0.0,0.0
1989-07-10 00:00:00-04:00,0.9534494113631364,0.9652203917503357,0.9534494113631364,0.9652203917503357,35800,0.0,0.0
1989-07-11 00:00:00-04:00,0.9475016299589181,0.9711891707078911,0.9475016299589181,0.9593454003334045,30600,0.063,0.0
1989-07-12 00:00:00-04:00,0.9593456656467623,0.9711894392967223,0.9593456656467623,0.9711894392967224,38000,0.0,0.0
1989-07-13 00:00:00-04:00,0.9711891707078911,0.9711891707078911,0.9475016299589181,0.9593454003334045,33000,0.0,0.0
1989-07-14 00:00:00-04:00,0.9593465164303779,0.9593465164303779,0.9475027322769165,0.9475027322769165,26600,0.0,0.0
1989-07-17 00:00:00-04:00,0.9475016299589181,0.9593454003334047,0.9475016299589181,0.9593454003334045,39800,0.0,0.0
1989-07-18 00:00:00-04:00,0.9475027322769165,0.9593465164303779,0.9475027322769165,0.9475027322769165,25800,0.0,0.0
1989-07-19 00:00:00-04:00,0.9475027322769165,0.9593465164303779,0.9475027322769165,0.9475027322769165,39000,0.0,0.0
1989-07-20 00:00:00-04:00,0.9593454003334047,0.9593454003334047,0.9475016299589181,0.9593454003334045,42000,0.0,0.0
1989-07-21 00:00:00-04:00,0.9475018919968023,0.9711894392967223,0.9475018919968023,0.9711894392967224,62200,0.0,0.0
1989-07-24 00:00:00-04:00,0.9711903005838395,0.9711903005838395,0.9475027322769165,0.9475027322769165,30800,0.0,0.0
1989-07-25 00:00:00-04:00,0.9475027322769165,0.9593465164303779,0.9475027322769165,0.9475027322769165,33700,0.0,0.0
1989-07-26 00:00:00-04:00,0.9593454003334047,0.9593454003334047,0.9475016299589181,0.9593454003334045,31000,0.0,0.0
1989-07-27 00:00:00-04:00,0.9475016299589181,0.9593454003334047,0.9475016299589181,0.9593454003334045,12100,0.0,0.0
1989-07-28 00:00:00-04:00,0.9475016299589181,0.9711891707078911,0.9475016299589181,0.9593454003334045,18400,0.0,0.0
1989-07-31 00:00:00-04:00,0.9593454003334047,0.9711891707078911,0.9593454003334047,0.9593454003334045,27600,0.0,0.0
1989-08-01 00:00:00-04:00,0.9711891707078911,0.9711891707078911,0.9593454003334047,0.9593454003334045,38200,0.0,0.0
1989-08-02 00:00:00-04:00,0.9711894392967223,0.9711894392967223,0.9593456656467623,0.9711894392967224,46600,0.0,0.0
1989-08-03 00:00:00-04:00,0.9711890536618519,0.9830328226089476,0.9711890536618519,0.9830328226089478,32400,0.0,0.0
1989-08-04 00:00:00-04:00,0.9830332129466823,0.9830332129466823,0.9711894392967223,0.9711894392967224,29600,0.0,0.0
1989-08-07 00:00:00-04:00,0.9830328226089476,0.9830328226089476,0.9711890536618519,0.9830328226089478,26300,0.0,0.0
1989-08-08 00:00:00-04:00,0.977217501904591,0.9891347885131836,0.977217501904591,0.9891347885131836,25700,0.064,0.0
1989-08-09 00:00:00-04:00,1.0010520751217762,1.0010520751217762,0.9891347885131836,0.9891347885131836,26500,0.0,0.0
1989-08-10 00:00:00-04:00,1.0010513067245483,1.0010513067245483,0.9772167518025353,1.0010513067245483,15600,0.0,0.0
1989-08-11 00:00:00-04:00,1.0010513067245483,1.0010513067245483,0.9891340292635419,1.0010513067245483,17600,0.0,0.0
1989-08-14 00:00:00-04:00,0.9891347885131836,0.9891347885131836,0.977217501904591,0.9891347885131836,48800,0.0,0.0
1989-08-15 00:00:00-04:00,0.9772180318832397,0.9772180318832397,0.9653007388114929,0.9772180318832397,37400,0.0,0.0
1989-08-16 00:00:00-04:00,0.9772180318832397,0.9772180318832397,0.9653007388114929,0.9772180318832397,22400,0.0,0.0
1989-08-17 00:00:00-04:00,0.9653007388114929,0.9772180318832397,0.9653007388114929,0.9772180318832397,42500,0.0,0.0
1989-08-18 00:00:00-04:00,0.9772180318832397,0.9772180318832397,0.9653007388114929,0.9772180318832397,19800,0.0,0.0
1989-08-21 00:00:00-04:00,0.9772180318832397,0.9772180318832397,0.9653007388114929,0.9772180318832397,9600,0.0,0.0
1989-08-22 00:00:00-04:00,0.9772169457541572,0.9772169457541572,0.965299665927887,0.965299665927887,48100,0.0,0.0
1989-08-23 00:00:00-04:00,0.965299665927887,0.9772169457541572,0.9533823861016167,0.965299665927887,45700,0.0,0.0
1989-08-24 00:00:00-04:00,0.9533833265304565,0.9653006181120872,0.9533833265304565,0.9533833265304565,18200,0.0,0.0
1989-08-25 00:00:00-04:00,0.9533833265304565,0.9653006181120872,0.9533833265304565,0.9533833265304565,22400,0.0,0.0
1989-08-28 00:00:00-04:00,0.9653006181120872,0.9653006181120872,0.9533833265304565,0.9533833265304565,25600,0.0,0.0
1989-08-29 00:00:00-04:00,0.9653006181120872,0.9653006181120872,0.9533833265304565,0.9533833265304565,24700,0.0,0.0
1989-08-30 00:00:00-04:00,0.9653006181120872,0.9653006181120872,0.9533833265304565,0.9533833265304565,26900,0.0,0.0
1989-08-31 00:00:00-04:00,0.9533823861016167,0.965299665927887,0.9533823861016167,0.965299665927887,29900,0.0,0.0
1989-09-01 00:00:00-04:00,0.965299665927887,0.965299665927887,0.9533823861016167,0.965299665927887,16900,0.0,0.0
1989-09-05 00:00:00-04:00,0.965299665927887,0.965299665927887,0.9533823861016167,0.965299665927887,29600,0.0,0.0
1989-09-06 00:00:00-04:00,0.9653007388114929,0.9772180318832397,0.9533834457397461,0.9772180318832397,62500,0.0,0.0
1989-09-07 00:00:00-04:00,0.959372932528272,0.9833572558414789,0.959372932528272,0.9713650941848755,20300,0.064,0.0
1989-09-08 00:00:00-04:00,0.9593733345589988,0.9833576679229737,0.9593733345589988,0.9833576679229736,22800,0.0,0.0
1989-09-11 00:00:00-04:00,0.9713655012409862,0.9833576679229737,0.9713655012409862,0.9833576679229736,17500,0.0,0.0
1989-09-12 00:00:00-04:00,0.9713655012409862,0.9833576679229737,0.9713655012409862,0.9833576679229736,42300,0.0,0.0
1989-09-13 00:00:00-04:00,0.9713655012409862,0.9833576679229737,0.9713655012409862,0.9833576679229736,24600,0.0,0.0
1989-09-14 00:00:00-04:00,0.9713650941848755,0.9833572558414789,0.9713650941848755,0.9713650941848755,40800,0.0,0.0
1989-09-15 00:00:00-04:00,0.9833576679229737,0.9833576679229737,0.9713655012409862,0.9833576679229736,29300,0.0,0.0
1989-09-18 00:00:00-04:00,0.9713650941848755,0.9833572558414789,0.9713650941848755,0.9713650941848755,52000,0.0,0.0
1989-09-19 00:00:00-04:00,0.9713650941848755,0.9833572558414789,0.9713650941848755,0.9713650941848755,15400,0.0,0.0
1989-09-20 00:00:00-04:00,0.9713655012409862,0.9833576679229737,0.9713655012409862,0.9833576679229736,38600,0.0,0.0
1989-09-21 00:00:00-04:00,0.9713650941848755,0.9833572558414789,0.9713650941848755,0.9713650941848755,26400,0.0,0.0
1989-09-22 00:00:00-04:00,0.9833577498793602,0.9833577498793602,0.959373414516449,0.959373414516449,25500,0.0,0.0
1989-09-25 00:00:00-04:00,0.9713655821979046,0.9713655821979046,0.959373414516449,0.959373414516449,31700,0.0,0.0
1989-09-26 00:00:00-04:00,0.959373414516449,0.9713655821979046,0.959373414516449,0.959373414516449,35700,0.0,0.0
1989-09-27 00:00:00-04:00,0.959372932528272,0.9713650941848755,0.959372932528272,0.9713650941848755,17800,0.0,0.0
1989-09-28 00:00:00-04:00,0.9713655821979046,0.9713655821979046,0.959373414516449,0.959373414516449,19800,0.0,0.0
1989-09-29 00:00:00-04:00,0.959372932528272,0.9713650941848755,0.959372932528272,0.9713650941848755,14000,0.0,0.0
1989-10-02 00:00:00-04:00,0.9713650941848755,0.9713650941848755,0.959372932528272,0.9713650941848755,7000,0.0,0.0
1989-10-03 00:00:00-04:00,0.959373414516449,0.9713655821979046,0.959373414516449,0.959373414516449,14200,0.0,0.0
1989-10-04 00:00:00-04:00,0.9713655821979046,0.9713655821979046,0.959373414516449,0.959373414516449,10500,0.0,0.0
1989-10-05 00:00:00-04:00,0.9713650941848755,0.9713650941848755,0.959372932528272,0.9713650941848755,15800,0.0,0.0
1989-10-06 00:00:00-04:00,0.959372932528272,0.9713650941848755,0.959372932528272,0.9713650941848755,33700,0.0,0.0
1989-10-09 00:00:00-04:00,0.9713650941848755,0.9713650941848755,0.959372932528272,0.9713650941848755,40300,0.0,0.0
1989-10-10 00:00:00-04:00,0.9653797149658203,0.977446961402893,0.9653797149658203,0.9653797149658203,18700,0.063,0.0
1989-10-11 00:00:00-04:00,0.9653799622147172,0.9774472117424011,0.9533127126870332,0.9774472117424011,20600,0.0,0.0
1989-10-12 00:00:00-04:00,0.9653810911540743,0.9653810911540743,0.9533138275146483,0.9533138275146484,8400,0.0,0.0
1989-10-13 00:00:00-04:00,0.9533138275146483,0.9653810911540743,0.9533138275146483,0.9533138275146484,30700,0.0,0.0
1989-10-16 00:00:00-04:00,0.9533123706842398,0.9653796158827744,0.9291778802871704,0.9291778802871704,29000,0.0,0.0
1989-10-17 00:00:00-04:00,0.9533138275146483,0.9533138275146483,0.9412465638752224,0.9533138275146484,23400,0.0,0.0
1989-10-18 00:00:00-04:00,0.9533138275146483,0.9533138275146483,0.9412465638752224,0.9533138275146484,8000,0.0,0.0
1989-10-19 00:00:00-04:00,0.9412465638752224,0.9533138275146483,0.9412465638752224,0.9533138275146484,18200,0.0,0.0
1989-10-20 00:00:00-04:00,0.9533138275146483,0.9653810911540743,0.9412465638752224,0.9533138275146484,22200,0.0,0.0
1989-10-23 00:00:00-04:00,0.9412461519241333,0.9653806686401367,0.9412461519241333,0.9412461519241333,25200,0.0,0.0
1989-10-24 00:00:00-04:00,0.9533138275146483,0.9533138275146483,0.9412465638752224,0.9533138275146484,19000,0.0,0.0
1989-10-25 00:00:00-04:00,0.9412461519241333,0.953313410282135,0.9412461519241333,0.9412461519241333,53500,0.0,0.0
1989-10-26 00:00:00-04:00,0.9412461519241333,0.953313410282135,0.9412461519241333,0.9412461519241333,21300,0.0,0.0
1989-10-27 00:00:00-04:00,0.9412465638752224,0.9533138275146483,0.9412465638752224,0.9533138275146484,15900,0.0,0.0
1989-10-30 00:00:00-05:00,0.9533138275146483,0.9533138275146483,0.9412465638752224,0.9533138275146484,25600,0.0,0.0
1989-10-31 00:00:00-05:00,0.9533138275146483,0.9533138275146483,0.9412465638752224,0.9533138275146484,14400,0.0,0.0
1989-11-01 00:00:00-05:00,0.9653810911540743,0.9653810911540743,0.9533138275146483,0.9533138275146484,20800,0.0,0.0
1989-11-02 00:00:00-05:00,0.9653810911540743,0.9653810911540743,0.9533138275146483,0.9533138275146484,27900,0.0,0.0
1989-11-03 00:00:00-05:00,0.9653810911540743,0.9653810911540743,0.9533138275146483,0.9533138275146484,16500,0.0,0.0
1989-11-06 00:00:00-05:00,0.953313410282135,0.9653806686401367,0.9412461519241333,0.9412461519241333,25200,0.0,0.0
1989-11-07 00:00:00-05:00,0.9474653186677376,0.9717593011976797,0.9474653186677376,0.9596123099327087,22300,0.064,0.0
1989-11-08 00:00:00-05:00,0.9474653186677376,0.9717593011976797,0.9474653186677376,0.9596123099327087,24600,0.0,0.0
1989-11-09 00:00:00-05:00,0.9596123099327086,0.9596123099327086,0.9474653186677376,0.9596123099327087,33700,0.0,0.0
1989-11-10 00:00:00-05:00,0.9596110842166803,0.9596110842166803,0.947464108467102,0.947464108467102,20700,0.0,0.0
1989-11-13 00:00:00-05:00,0.9474653186677376,0.9596123099327086,0.9474653186677376,0.9596123099327087,21100,0.0,0.0
1989-11-14 00:00:00-05:00,0.9596110842166803,0.9596110842166803,0.947464108467102,0.947464108467102,28400,0.0,0.0
1989-11-15 00:00:00-05:00,0.9596123099327086,0.9596123099327086,0.9474653186677376,0.9596123099327087,18300,0.0,0.0
1989-11-16 00:00:00-05:00,0.9596110842166803,0.9596110842166803,0.947464108467102,0.947464108467102,38200,0.0,0.0
1989-11-17 00:00:00-05:00,0.9596110842166803,0.9596110842166803,0.947464108467102,0.947464108467102,17900,0.0,0.0
1989-11-20 00:00:00-05:00,0.9596110842166803,0.9596110842166803,0.947464108467102,0.947464108467102,22500,0.0,0.0
1989-11-21 00:00:00-05:00,0.9474653186677376,0.9717593011976797,0.9474653186677376,0.9596123099327087,38600,0.0,0.0
1989-11-22 00:00:00-05:00,0.9717589020729065,0.9717589020729065,0.9596119157969951,0.9717589020729065,17600,0.0,0.0
1989-11-24 00:00:00-05:00,0.9717589020729065,0.9717589020729065,0.9596119157969951,0.9717589020729065,47200,0.0,0.0
1989-11-27 00:00:00-05:00,0.9596123099327086,0.9717593011976797,0.9596123099327086,0.9596123099327087,11100,0.0,0.0
1989-11-28 00:00:00-05:00,0.9717589020729065,0.9839058883488178,0.9596119157969951,0.9717589020729065,19600,0.0,0.0
1989-11-29 00:00:00-05:00,0.9717581595903562,0.9839051365852356,0.9717581595903562,0.9839051365852356,30100,0.0,0.0
1989-11-30 00:00:00-05:00,0.9717589020729065,0.9839058883488178,0.9596119157969951,0.9717589020729065,13500,0.0,0.0
1989-12-01 00:00:00-05:00,0.9839058883488178,0.9839058883488178,0.9717589020729065,0.9717589020729065,36100,0.0,0.0
1989-12-04 00:00:00-05:00,0.9717589020729065,0.9717589020729065,0.9596119157969951,0.9717589020729065,39400,0.0,0.0
1989-12-05 00:00:00-05:00,0.9596123099327086,0.9717593011976797,0.9596123099327086,0.9596123099327087,28400,0.0,0.0
1989-12-06 00:00:00-05:00,0.9658724665641785,0.9780987003181554,0.9658724665641785,0.9658724665641785,17200,0.064,0.0
1989-12-07 00:00:00-05:00,0.9658713974058628,0.9780976176261902,0.9658713974058628,0.9780976176261902,19100,0.0,0.0
1989-12-08 00:00:00-05:00,0.9658724665641785,0.9780987003181554,0.9658724665641785,0.9658724665641785,11500,0.0,0.0
1989-12-11 00:00:00-05:00,0.9658708465404999,0.978097059787848,0.9536446332931519,0.9536446332931519,23000,0.0,0.0
1989-12-12 00:00:00-05:00,0.9658713974058628,0.9780976176261902,0.9536451771855354,0.9780976176261902,27900,0.0,0.0
1989-12-13 00:00:00-05:00,0.978097059787848,0.978097059787848,0.9536446332931519,0.9536446332931519,26600,0.0,0.0
1989-12-14 00:00:00-05:00,0.9658708465404999,0.9658708465404999,0.9536446332931519,0.9536446332931519,22800,0.0,0.0
1989-12-15 00:00:00-05:00,0.9658724665641785,0.9658724665641785,0.9536462328102016,0.9658724665641785,27300,0.0,0.0
1989-12-18 00:00:00-05:00,0.9536462328102016,0.9658724665641785,0.9536462328102016,0.9658724665641785,17800,0.0,0.0
1989-12-19 00:00:00-05:00,0.9658724665641785,0.9658724665641785,0.9536462328102016,0.9658724665641785,11900,0.0,0.0
1989-12-20 00:00:00-05:00,0.9536462328102016,0.9658724665641785,0.9536462328102016,0.9658724665641785,19700,0.0,0.0
1989-12-21 00:00:00-05:00,0.9658708465404999,0.9658708465404999,0.9536446332931519,0.9536446332931519,15600,0.0,0.0
1989-12-22 00:00:00-05:00,0.9536462328102016,0.9658724665641785,0.9536462328102016,0.9658724665641785,13900,0.0,0.0
1989-12-26 00:00:00-05:00,0.9658708465404999,0.9658708465404999,0.9536446332931519,0.9536446332931519,7400,0.0,0.0
1989-12-27 00:00:00-05:00,0.9536462328102016,0.9658724665641785,0.9536462328102016,0.9658724665641785,16600,0.0,0.0
1989-12-28 00:00:00-05:00,0.9536462328102016,0.9658724665641785,0.9536462328102016,0.9658724665641785,18000,0.0,0.0
1989-12-29 00:00:00-05:00,0.9658724665641785,0.9658724665641785,0.9536462328102016,0.9658724665641785,24600,0.0,0.0
1990-01-02 00:00:00-05:00,0.9658724665641785,0.9780987003181554,0.9658724665641785,0.9658724665641785,10000,0.0,0.0
1990-01-03 00:00:00-05:00,0.9780976176261902,0.9780976176261902,0.9658713974058628,0.9780976176261902,18400,0.0,0.0
1990-01-04 00:00:00-05:00,0.9780976176261902,0.9780976176261902,0.9658713974058628,0.9780976176261902,30800,0.0,0.0
1990-01-05 00:00:00-05:00,0.9903238378465176,0.9903238378465176,0.9780976176261902,0.9780976176261902,29100,0.0,0.0
1990-01-08 00:00:00-05:00,0.9903238378465176,0.9903238378465176,0.9780976176261902,0.9780976176261902,39300,0.0,0.0
1990-01-09 00:00:00-05:00,0.9843976497650146,0.9967026203870774,0.9843976497650146,0.9843976497650146,52100,0.064,0.0
1990-01-10 00:00:00-05:00,0.9967026203870774,0.9967026203870774,0.9843976497650146,0.9843976497650146,50100,0.0,0.0
1990-01-11 00:00:00-05:00,0.9967023134231567,0.9967023134231567,0.984397346590772,0.9967023134231567,30600,0.0,0.0
1990-01-12 00:00:00-05:00,0.9967026203870774,0.9967026203870774,0.9843976497650146,0.9843976497650146,37900,0.0,0.0
1990-01-15 00:00:00-05:00,0.9843976497650146,0.9967026203870774,0.9720926791429519,0.9843976497650146,45900,0.0,0.0
1990-01-16 00:00:00-05:00,0.984397346590772,0.9967023134231567,0.984397346590772,0.9967023134231567,16600,0.0,0.0
1990-01-17 00:00:00-05:00,0.9967026203870774,0.9967026203870774,0.9843976497650146,0.9843976497650146,34800,0.0,0.0
1990-01-18 00:00:00-05:00,0.9967026203870774,0.9967026203870774,0.9843976497650146,0.9843976497650146,19900,0.0,0.0
1990-01-19 00:00:00-05:00,0.984397346590772,0.9967023134231567,0.984397346590772,0.9967023134231567,19800,0.0,0.0
1990-01-22 00:00:00-05:00,0.9843976497650146,0.9967026203870774,0.9843976497650146,0.9843976497650146,29800,0.0,0.0
1990-01-23 00:00:00-05:00,0.9843976497650146,0.9967026203870774,0.9720926791429519,0.9843976497650146,23600,0.0,0.0
1990-01-24 00:00:00-05:00,0.9720925161471733,0.9843974847059983,0.9597875475883484,0.9597875475883484,17400,0.0,0.0
1990-01-25 00:00:00-05:00,0.9597885412505911,0.9720935225486755,0.9597885412505911,0.9720935225486755,13300,0.0,0.0
1990-01-26 00:00:00-05:00,0.9720935225486755,0.9720935225486755,0.9597885412505911,0.9720935225486755,23400,0.0,0.0
1990-01-29 00:00:00-05:00,0.9597875475883484,0.9720925161471733,0.9597875475883484,0.9597875475883484,17800,0.0,0.0
1990-01-30 00:00:00-05:00,0.972093562801163,0.972093562801163,0.9474835991859436,0.9474835991859436,40500,0.0,0.0
1990-01-31 00:00:00-05:00,0.9474825790295234,0.9597875475883484,0.9474825790295234,0.9597875475883484,5900,0.0,0.0
1990-02-01 00:00:00-05:00,0.9597875475883484,0.9597875475883484,0.9474825790295234,0.9597875475883484,32000,0.0,0.0
1990-02-02 00:00:00-05:00,0.9597885412505911,0.9720935225486755,0.9474835599525065,0.9720935225486755,17800,0.0,0.0
1990-02-05 00:00:00-05:00,0.9597885412505911,0.9720935225486755,0.9597885412505911,0.9720935225486755,21500,0.0,0.0
1990-02-06 00:00:00-05:00,0.9720925161471733,0.9720925161471733,0.9597875475883484,0.9597875475883484,33500,0.0,0.0
1990-02-07 00:00:00-05:00,0.9597875475883484,0.9720925161471733,0.9597875475883484,0.9597875475883484,16700,0.0,0.0
1990-02-08 00:00:00-05:00,0.9720935225486755,0.9720935225486755,0.9597885412505911,0.9720935225486755,27500,0.0,0.0
1990-02-09 00:00:00-05:00,0.9660484790802002,0.9660484790802002,0.9536632421689156,0.9660484790802002,15800,0.064,0.0
1990-02-12 00:00:00-05:00,0.966049010103399,0.966049010103399,0.9536637663841248,0.9536637663841248,21500,0.0,0.0
1990-02-13 00:00:00-05:00,0.9536632421689156,0.9660484790802002,0.9536632421689156,0.9660484790802002,21700,0.0,0.0
1990-02-14 00:00:00-05:00,0.9660484790802002,0.9660484790802002,0.9536632421689156,0.9660484790802002,42400,0.0,0.0
1990-02-15 00:00:00-05:00,0.9660484790802002,0.9784337159914849,0.9536632421689156,0.9660484790802002,25700,0.0,0.0
1990-02-16 00:00:00-05:00,0.9784348011016846,0.9784348011016846,0.9660495504548278,0.9784348011016846,12800,0.0,0.0
1990-02-20 00:00:00-05:00,0.9784337159914849,0.9784337159914849,0.9536632421689156,0.9660484790802002,36000,0.0,0.0
1990-02-21 00:00:00-05:00,0.9536632421689156,0.9660484790802002,0.9536632421689156,0.9660484790802002,29600,0.0,0.0
1990-02-22 00:00:00-05:00,0.9536632421689156,0.9660484790802002,0.9536632421689156,0.9660484790802002,21600,0.0,0.0
1990-02-23 00:00:00-05:00,0.966049010103399,0.966049010103399,0.9412785226648503,0.9536637663841248,15200,0.0,0.0
1990-02-26 00:00:00-05:00,0.9536637663841248,0.966049010103399,0.9536637663841248,0.9536637663841248,29700,0.0,0.0
1990-02-27 00:00:00-05:00,0.9536637663841248,0.966049010103399,0.9536637663841248,0.9536637663841248,16200,0.0,0.0
1990-02-28 00:00:00-05:00,0.9536637663841248,0.966049010103399,0.9536637663841248,0.9536637663841248,19500,0.0,0.0
1990-03-01 00:00:00-05:00,0.966049010103399,0.966049010103399,0.9536637663841248,0.9536637663841248,22000,0.0,0.0
1990-03-02 00:00:00-05:00,0.9536632421689156,0.9660484790802002,0.9536632421689156,0.9660484790802002,12900,0.0,0.0
1990-03-05 00:00:00-05:00,0.9536637663841248,0.966049010103399,0.9536637663841248,0.9536637663841248,19200,0.0,0.0
1990-03-06 00:00:00-05:00,0.9660484790802002,0.9660484790802002,0.9536632421689156,0.9660484790802002,19700,0.0,0.0
1990-03-07 00:00:00-05:00,0.9536632421689156,0.9784337159914849,0.9536632421689156,0.9660484790802002,23600,0.0,0.0
1990-03-08 00:00:00-05:00,0.9599649215999402,0.9724319985038355,0.9474978446960449,0.9474978446960449,18800,0.064,0.0
1990-03-09 00:00:00-05:00,0.9474976307306534,0.9724317789077759,0.9474976307306534,0.9724317789077759,11400,0.0,0.0
1990-03-12 00:00:00-05:00,0.9599654674530029,0.9724325514458991,0.9599654674530029,0.9599654674530029,23300,0.0,0.0
1990-03-13 00:00:00-05:00,0.9724317789077759,0.9724317789077759,0.9599647048192147,0.9724317789077759,16700,0.0,0.0
1990-03-14 00:00:00-05:00,0.9599647048192147,0.9724317789077759,0.9599647048192147,0.9724317789077759,38500,0.0,0.0
1990-03-15 00:00:00-05:00,0.9599647048192147,0.9724317789077759,0.9599647048192147,0.9724317789077759,16500,0.0,0.0
1990-03-16 00:00:00-05:00,0.9599654674530029,0.9724325514458991,0.9599654674530029,0.9599654674530029,22100,0.0,0.0
1990-03-19 00:00:00-05:00,0.9599654674530029,0.9724325514458991,0.9599654674530029,0.9599654674530029,23600,0.0,0.0
1990-03-20 00:00:00-05:00,0.9724325514458991,0.9724325514458991,0.9599654674530029,0.9599654674530029,23300,0.0,0.0
1990-03-21 00:00:00-05:00,0.9599654674530029,0.9724325514458991,0.9599654674530029,0.9599654674530029,46500,0.0,0.0
1990-03-22 00:00:00-05:00,0.9599654674530029,0.9724325514458991,0.9474983834601068,0.9599654674530029,26100,0.0,0.0
1990-03-23 00:00:00-05:00,0.9724319985038355,0.9724319985038355,0.9474978446960449,0.9474978446960449,23200,0.0,0.0
1990-03-26 00:00:00-05:00,0.9599649215999402,0.9599649215999402,0.9474978446960449,0.9474978446960449,17100,0.0,0.0
1990-03-27 00:00:00-05:00,0.9599647048192147,0.9724317789077759,0.9474976307306534,0.9724317789077759,17000,0.0,0.0
1990-03-28 00:00:00-05:00,0.9724325514458991,0.9724325514458991,0.9599654674530029,0.9599654674530029,33200,0.0,0.0
1990-03-29 00:00:00-05:00,0.9599649215999402,0.9724319985038355,0.9474978446960449,0.9474978446960449,45600,0.0,0.0
1990-03-30 00:00:00-05:00,0.9599654674530029,0.9599654674530029,0.9474983834601068,0.9599654674530029,20200,0.0,0.0
1990-04-02 00:00:00-04:00,0.9599649215999402,0.9599649215999402,0.9474978446960449,0.9474978446960449,26300,0.0,0.0
1990-04-03 00:00:00-04:00,0.9599654674530029,0.9599654674530029,0.9474983834601068,0.9599654674530029,19500,0.0,0.0
1990-04-04 00:00:00-04:00,0.9599654674530029,0.9724325514458991,0.9599654674530029,0.9599654674530029,8100,0.0,0.0
1990-04-05 00:00:00-04:00,0.9474983834601068,0.9724325514458991,0.9474983834601068,0.9599654674530029,13900,0.0,0.0
1990-04-06 00:00:00-04:00,0.9474983834601068,0.9724325514458991,0.9474983834601068,0.9599654674530029,21500,0.0,0.0
1990-04-09 00:00:00-04:00,0.9537410116814947,0.9788394593573235,0.9537410116814947,0.9662902355194092,32000,0.063,0.0
1990-04-10 00:00:00-04:00,0.9662898151498092,0.9662898151498092,0.9537405967712401,0.9537405967712402,40800,0.0,0.0
1990-04-11 00:00:00-04:00,0.9662898151498092,0.9662898151498092,0.9537405967712401,0.9537405967712402,13100,0.0,0.0
1990-04-12 00:00:00-04:00,0.9662898151498092,0.9662898151498092,0.9537405967712401,0.9537405967712402,19700,0.0,0.0
1990-04-16 00:00:00-04:00,0.9537410116814947,0.9662902355194092,0.9537410116814947,0.9662902355194092,26000,0.0,0.0
1990-04-17 00:00:00-04:00,0.9537405967712401,0.9662898151498092,0.9537405967712401,0.9537405967712402,26100,0.0,0.0
1990-04-18 00:00:00-04:00,0.9537410116814947,0.9662902355194092,0.9537410116814947,0.9662902355194092,30400,0.0,0.0
1990-04-19 00:00:00-04:00,0.9662902355194092,0.9662902355194092,0.9537410116814947,0.9662902355194092,35800,0.0,0.0
1990-04-20 00:00:00-04:00,0.9662902355194092,0.9662902355194092,0.9537410116814947,0.9662902355194092,29900,0.0,0.0
1990-04-23 00:00:00-04:00,0.9537405967712401,0.9788390335283781,0.9537405967712401,0.9537405967712402,34300,0.0,0.0
1990-04-24 00:00:00-04:00,0.9662898151498092,0.9662898151498092,0.9537405967712401,0.9537405967712402,70400,0.0,0.0
1990-04-25 00:00:00-04:00,0.9662902355194092,0.9662902355194092,0.9537410116814947,0.9662902355194092,48300,0.0,0.0
1990-04-26 00:00:00-04:00,0.9662902355194092,0.9662902355194092,0.9537410116814947,0.9662902355194092,32900,0.0,0.0
1990-04-27 00:00:00-04:00,0.9537405967712401,0.9662898151498092,0.9537405967712401,0.9537405967712402,37000,0.0,0.0
1990-04-30 00:00:00-04:00,0.9537405967712401,0.9662898151498092,0.9537405967712401,0.9537405967712402,10900,0.0,0.0
1990-05-01 00:00:00-04:00,0.9662898151498092,0.9662898151498092,0.9537405967712401,0.9537405967712402,23800,0.0,0.0
1990-05-02 00:00:00-04:00,0.9537410116814947,0.9662902355194092,0.9537410116814947,0.9662902355194092,16400,0.0,0.0
1990-05-03 00:00:00-04:00,0.9662898151498092,0.9662898151498092,0.9537405967712401,0.9537405967712402,8400,0.0,0.0
1990-05-04 00:00:00-04:00,0.9662902355194092,0.9662902355194092,0.9537410116814947,0.9662902355194092,42000,0.0,0.0
1990-05-07 00:00:00-04:00,0.9537410116814947,0.9662902355194092,0.9537410116814947,0.9662902355194092,48900,0.0,0.0
1990-05-08 00:00:00-04:00,0.9474920630455017,0.9601252905527751,0.9474920630455017,0.9474920630455017,10600,0.064,0.0
1990-05-09 00:00:00-04:00,0.947491205357886,0.9727576375007629,0.947491205357886,0.9727576375007629,34000,0.0,0.0
1990-05-10 00:00:00-04:00,0.9727578908205032,0.9727578908205032,0.960124671459198,0.960124671459198,13200,0.0,0.0
1990-05-11 00:00:00-04:00,0.960124671459198,0.9727578908205032,0.960124671459198,0.960124671459198,10000,0.0,0.0
1990-05-14 00:00:00-04:00,0.9727578908205032,0.9727578908205032,0.960124671459198,0.960124671459198,46300,0.0,0.0
1990-05-15 00:00:00-04:00,0.960124671459198,0.9727578908205032,0.960124671459198,0.960124671459198,43900,0.0,0.0
1990-05-16 00:00:00-04:00,0.960124671459198,0.960124671459198,0.9474914520978928,0.960124671459198,74100,0.0,0.0
1990-05-17 00:00:00-04:00,0.9474920630455017,0.9601252905527751,0.9474920630455017,0.9474920630455017,50200,0.0,0.0
1990-05-18 00:00:00-04:00,0.9474920630455017,0.9601252905527751,0.9348588355382283,0.9474920630455017,41800,0.0,0.0
1990-05-21 00:00:00-04:00,0.9348578453063965,0.9474910594321586,0.9348578453063965,0.9348578453063965,54500,0.0,0.0
1990-05-22 00:00:00-04:00,0.9348578453063965,0.9474910594321586,0.9348578453063965,0.9348578453063965,23400,0.0,0.0
1990-05-23 00:00:00-04:00,0.9348582327365875,0.960124671459198,0.9348582327365875,0.960124671459198,46000,0.0,0.0
1990-05-24 00:00:00-04:00,0.9474920630455017,0.9601252905527751,0.9474920630455017,0.9474920630455017,14800,0.0,0.0
1990-05-25 00:00:00-04:00,0.960124671459198,0.960124671459198,0.9474914520978928,0.960124671459198,27000,0.0,0.0
1990-05-29 00:00:00-04:00,0.960124671459198,0.9727578908205032,0.9474914520978928,0.960124671459198,34900,0.0,0.0
1990-05-30 00:00:00-04:00,0.960124671459198,0.9727578908205032,0.960124671459198,0.960124671459198,27300,0.0,0.0
1990-05-31 00:00:00-04:00,0.960124671459198,0.9727578908205032,0.960124671459198,0.960124671459198,21700,0.0,0.0
1990-06-01 00:00:00-04:00,0.9727578908205032,0.9727578908205032,0.960124671459198,0.960124671459198,27700,0.0,0.0
1990-06-04 00:00:00-04:00,0.960124671459198,0.9727578908205032,0.960124671459198,0.960124671459198,35100,0.0,0.0
1990-06-05 00:00:00-04:00,0.960124671459198,0.9727578908205032,0.960124671459198,0.960124671459198,22700,0.0,0.0
1990-06-06 00:00:00-04:00,0.9601244214293244,0.9727576375007629,0.9601244214293244,0.9727576375007629,25000,0.0,0.0
1990-06-07 00:00:00-04:00,0.9727578908205032,0.9727578908205032,0.960124671459198,0.960124671459198,24100,0.0,0.0
1990-06-08 00:00:00-04:00,0.9666373093922932,0.9666373093922932,0.9539183974266051,0.9539183974266052,44900,0.064,0.0
1990-06-11 00:00:00-04:00,0.9666367173194886,0.979355621494745,0.9539178131442322,0.9666367173194885,22900,0.0,0.0
1990-06-12 00:00:00-04:00,0.9666367173194886,0.9666367173194886,0.9539178131442322,0.9666367173194885,23100,0.0,0.0
1990-06-13 00:00:00-04:00,0.9666367173194886,0.9666367173194886,0.9539178131442322,0.9666367173194885,19700,0.0,0.0
1990-06-14 00:00:00-04:00,0.9539183974266051,0.9666373093922932,0.9539183974266051,0.9539183974266052,29100,0.0,0.0
1990-06-15 00:00:00-04:00,0.9539183974266051,0.9666373093922932,0.9539183974266051,0.9539183974266052,23700,0.0,0.0
1990-06-18 00:00:00-04:00,0.9666373093922932,0.9666373093922932,0.9539183974266051,0.9539183974266052,22700,0.0,0.0
1990-06-19 00:00:00-04:00,0.9539183974266051,0.9666373093922932,0.9539183974266051,0.9539183974266052,51700,0.0,0.0
1990-06-20 00:00:00-04:00,0.9539178131442322,0.9666367173194886,0.9539178131442322,0.9666367173194885,27200,0.0,0.0
1990-06-21 00:00:00-04:00,0.9539178131442322,0.9666367173194886,0.9539178131442322,0.9666367173194885,40200,0.0,0.0
1990-06-22 00:00:00-04:00,0.9666367173194886,0.9666367173194886,0.9539178131442322,0.9666367173194885,21500,0.0,0.0
1990-06-25 00:00:00-04:00,0.9539183974266051,0.9539183974266051,0.9411994854609171,0.9539183974266052,30300,0.0,0.0
1990-06-26 00:00:00-04:00,0.9539183974266051,0.9539183974266051,0.9411994854609171,0.9539183974266052,23000,0.0,0.0
1990-06-27 00:00:00-04:00,0.9539174268374572,0.9539174268374572,0.9411985278129578,0.9411985278129578,5200,0.0,0.0
1990-06-28 00:00:00-04:00,0.9411985278129578,0.9539174268374572,0.9411985278129578,0.9411985278129578,14700,0.0,0.0
1990-06-29 00:00:00-04:00,0.9539178131442322,0.9666367173194886,0.9411989089689757,0.9666367173194885,36900,0.0,0.0
1990-07-02 00:00:00-04:00,0.9666373093922932,0.9666373093922932,0.9539183974266051,0.9539183974266052,12600,0.0,0.0
1990-07-03 00:00:00-04:00,0.9666367173194886,0.9666367173194886,0.9539178131442322,0.9666367173194885,46000,0.0,0.0
1990-07-05 00:00:00-04:00,0.9666367173194886,0.9666367173194886,0.9539178131442322,0.9666367173194885,9400,0.0,0.0
1990-07-06 00:00:00-04:00,0.966636493608549,0.9793553948402405,0.9539175923768576,0.9793553948402405,28300,0.0,0.0
1990-07-09 00:00:00-04:00,0.9666367173194886,0.979355621494745,0.9666367173194886,0.9666367173194885,13500,0.0,0.0
1990-07-10 00:00:00-04:00,0.9730900764465332,0.9730900764465332,0.9602862596511841,0.9602862596511841,16700,0.063,0.0
1990-07-11 00:00:00-04:00,0.9602862596511841,0.9730900764465332,0.9602862596511841,0.9602862596511841,41700,0.0,0.0
1990-07-12 00:00:00-04:00,0.9602862596511841,0.9730900764465332,0.9602862596511841,0.9602862596511841,29700,0.0,0.0
1990-07-13 00:00:00-04:00,0.9730900764465332,0.9730900764465332,0.9602862596511841,0.9602862596511841,20700,0.0,0.0
1990-07-16 00:00:00-04:00,0.9602862596511841,0.9730900764465332,0.9602862596511841,0.9602862596511841,27600,0.0,0.0
1990-07-17 00:00:00-04:00,0.9602860008415423,0.98589362753065,0.9602860008415423,0.9730898141860962,32300,0.0,0.0
1990-07-18 00:00:00-04:00,0.9858938932418823,0.9858938932418823,0.9602862596511841,0.9602862596511841,22000,0.0,0.0
1990-07-19 00:00:00-04:00,0.98589362753065,0.98589362753065,0.9602860008415423,0.9730898141860962,39600,0.0,0.0
1990-07-20 00:00:00-04:00,0.9602862596511841,0.9730900764465332,0.9602862596511841,0.9602862596511841,40000,0.0,0.0
1990-07-23 00:00:00-04:00,0.9602862596511841,0.9730900764465332,0.9602862596511841,0.9602862596511841,18600,0.0,0.0
1990-07-24 00:00:00-04:00,0.9730898141860962,0.9730898141860962,0.9602860008415423,0.9730898141860962,49000,0.0,0.0
1990-07-25 00:00:00-04:00,0.9602862596511841,0.9730900764465332,0.9602862596511841,0.9602862596511841,31900,0.0,0.0
1990-07-26 00:00:00-04:00,0.9730898141860962,0.9730898141860962,0.9602860008415423,0.9730898141860962,23200,0.0,0.0
1990-07-27 00:00:00-04:00,0.9730900764465332,0.9730900764465332,0.9602862596511841,0.9602862596511841,14300,0.0,0.0
1990-07-30 00:00:00-04:00,0.9602859809801176,0.9858936071395874,0.9602859809801176,0.9858936071395874,38800,0.0,0.0
1990-07-31 00:00:00-04:00,0.9858936071395874,0.9858936071395874,0.9730897940598525,0.9858936071395874,36400,0.0,0.0
1990-08-01 00:00:00-04:00,0.9730898141860962,0.98589362753065,0.9730898141860962,0.9730898141860962,15700,0.0,0.0
1990-08-02 00:00:00-04:00,0.9730897940598525,0.9858936071395874,0.9730897940598525,0.9858936071395874,35700,0.0,0.0
1990-08-03 00:00:00-04:00,0.98589362753065,0.98589362753065,0.9730898141860962,0.9730898141860962,14100,0.0,0.0
1990-08-06 00:00:00-04:00,0.9858936071395874,0.9858936071395874,0.9730897940598525,0.9858936071395874,6100,0.0,0.0
1990-08-07 00:00:00-04:00,0.9730898141860962,0.98589362753065,0.9730898141860962,0.9730898141860962,31100,0.0,0.0
1990-08-08 00:00:00-04:00,0.9795862706502279,0.9795862706502279,0.9666969776153564,0.9666969776153564,10800,0.063,0.0
1990-08-09 00:00:00-04:00,0.9666966568482549,0.9795859456062317,0.9666966568482549,0.9795859456062317,19200,0.0,0.0
1990-08-10 00:00:00-04:00,0.9666966568482549,0.9795859456062317,0.9666966568482549,0.9795859456062317,39900,0.0,0.0
1990-08-13 00:00:00-04:00,0.9666969776153564,0.9795862706502279,0.9666969776153564,0.9666969776153564,20600,0.0,0.0
1990-08-14 00:00:00-04:00,0.9538073539733887,0.9666966425405966,0.9538073539733887,0.9538073539733887,9600,0.0,0.0
1990-08-15 00:00:00-04:00,0.9538073539733887,0.9666966425405966,0.9538073539733887,0.9538073539733887,41100,0.0,0.0
1990-08-16 00:00:00-04:00,0.953807684580485,0.9666969776153564,0.953807684580485,0.9666969776153564,22800,0.0,0.0
1990-08-17 00:00:00-04:00,0.9666969776153564,0.9666969776153564,0.953807684580485,0.9666969776153564,26500,0.0,0.0
1990-08-20 00:00:00-04:00,0.9538073539733887,0.9666966425405966,0.9538073539733887,0.9538073539733887,25800,0.0,0.0
1990-08-21 00:00:00-04:00,0.953807684580485,0.9666969776153564,0.953807684580485,0.9666969776153564,30200,0.0,0.0
1990-08-22 00:00:00-04:00,0.9666966425405966,0.9666966425405966,0.9538073539733887,0.9538073539733887,19200,0.0,0.0
1990-08-23 00:00:00-04:00,0.953807684580485,0.9666969776153564,0.953807684580485,0.9666969776153564,34300,0.0,0.0
1990-08-24 00:00:00-04:00,0.9538073539733887,0.9538073539733887,0.9409180654061807,0.9538073539733887,19700,0.0,0.0
1990-08-27 00:00:00-04:00,0.9538073539733887,0.9538073539733887,0.9280287768389728,0.9538073539733887,22700,0.0,0.0
1990-08-28 00:00:00-04:00,0.9538077393623248,0.9538077393623248,0.9280291518119916,0.9409184455871582,18400,0.0,0.0
1990-08-29 00:00:00-04:00,0.9280291518119916,0.9409184455871582,0.9280291518119916,0.9409184455871582,18800,0.0,0.0
1990-08-30 00:00:00-04:00,0.9409183528688219,0.9409183528688219,0.9280290603637695,0.9280290603637695,32100,0.0,0.0
1990-08-31 00:00:00-04:00,0.9409180654061807,0.9538073539733887,0.9409180654061807,0.9538073539733887,22300,0.0,0.0
1990-09-04 00:00:00-04:00,0.9538073539733887,0.9538073539733887,0.9409180654061807,0.9538073539733887,15000,0.0,0.0
1990-09-05 00:00:00-04:00,0.9538073539733887,0.9538073539733887,0.9409180654061807,0.9538073539733887,18100,0.0,0.0
1990-09-06 00:00:00-04:00,0.9409184455871582,0.9538077393623248,0.9409184455871582,0.9409184455871582,24400,0.0,0.0
1990-09-07 00:00:00-04:00,0.9409184455871582,0.9538077393623248,0.9409184455871582,0.9409184455871582,20500,0.0,0.0
1990-09-10 00:00:00-04:00,0.9538077393623248,0.9538077393623248,0.9409184455871582,0.9409184455871582,22600,0.0,0.0
1990-09-11 00:00:00-04:00,0.9474598069985708,0.9474598069985708,0.9344809055328369,0.9344809055328369,44200,0.063,0.0
1990-09-12 00:00:00-04:00,0.9474595326024132,0.9604384303092957,0.9474595326024132,0.9604384303092957,13100,0.0,0.0
1990-09-13 00:00:00-04:00,0.9604384303092957,0.9604384303092957,0.9474595326024132,0.9604384303092957,34100,0.0,0.0
1990-09-14 00:00:00-04:00,0.9474596977233887,0.9474596977233887,0.9344807977545752,0.9474596977233887,18900,0.0,0.0
1990-09-17 00:00:00-04:00,0.9474597967846293,0.9474597967846293,0.9085230928071788,0.9215019941329956,128300,0.0,0.0
1990-09-18 00:00:00-04:00,0.9215019941329956,0.9344808954588124,0.9085230928071788,0.9215019941329956,51900,0.0,0.0
1990-09-19 00:00:00-04:00,0.9085231423377991,0.9215020443711962,0.8955442403044019,0.9085231423377991,44300,0.0,0.0
1990-09-20 00:00:00-04:00,0.8955445796696108,0.8955445796696108,0.8695867657661438,0.8695867657661438,85500,0.0,0.0
1990-09-21 00:00:00-04:00,0.869586035157695,0.869586035157695,0.8306493470163057,0.8566071391105652,94700,0.0,0.0
1990-09-24 00:00:00-04:00,0.8566078497813298,0.8566078497813298,0.8306500361515925,0.8436289429664612,70100,0.0,0.0
1990-09-25 00:00:00-04:00,0.8306493470163057,0.8566071391105652,0.8306493470163057,0.8566071391105652,96100,0.0,0.0
1990-09-26 00:00:00-04:00,0.8566078588144103,0.8825656727178772,0.8566078588144103,0.8695867657661438,56400,0.0,0.0
1990-09-27 00:00:00-04:00,0.8825656727178772,0.8825656727178772,0.8695867657661438,0.8695867657661438,43600,0.0,0.0
1990-09-28 00:00:00-04:00,0.869586195634759,0.8955439925193787,0.869586195634759,0.8955439925193787,47000,0.0,0.0
1990-10-01 00:00:00-04:00,0.9085231423377991,0.9085231423377991,0.8825653382710048,0.9085231423377991,35900,0.0,0.0
1990-10-02 00:00:00-04:00,0.8955442403044019,0.9085231423377991,0.8955442403044019,0.9085231423377991,17800,0.0,0.0
1990-10-03 00:00:00-04:00,0.8955442403044019,0.9085231423377991,0.8955442403044019,0.9085231423377991,28300,0.0,0.0
1990-10-04 00:00:00-04:00,0.9085231423377991,0.9085231423377991,0.8955442403044019,0.9085231423377991,28900,0.0,0.0
1990-10-05 00:00:00-04:00,0.9085228909616885,0.9085228909616885,0.8955439925193787,0.8955439925193787,20600,0.0,0.0
1990-10-08 00:00:00-04:00,0.9085231423377991,0.9215020443711962,0.8955442403044019,0.9085231423377991,39800,0.0,0.0
1990-10-09 00:00:00-04:00,0.9020391702651978,0.9151122017183166,0.9020391702651978,0.9020391702651978,16300,0.063,0.0
1990-10-10 00:00:00-04:00,0.9020397794597289,0.9020397794597289,0.8889667391777039,0.8889667391777039,43000,0.0,0.0
1990-10-11 00:00:00-04:00,0.9020397794597289,0.9020397794597289,0.8889667391777039,0.8889667391777039,12800,0.0,0.0
1990-10-12 00:00:00-04:00,0.9020391702651978,0.9020391702651978,0.888966138812079,0.9020391702651978,13400,0.0,0.0
1990-10-15 00:00:00-04:00,0.9020392247608731,0.9151122570037842,0.8889661925179618,0.9151122570037842,47200,0.0,0.0
1990-10-16 00:00:00-04:00,0.9151122017183166,0.9151122017183166,0.9020391702651978,0.9020391702651978,16100,0.0,0.0
1990-10-17 00:00:00-04:00,0.9020392247608731,0.9151122570037842,0.9020392247608731,0.9151122570037842,10200,0.0,0.0
1990-10-18 00:00:00-04:00,0.9151122017183166,0.9151122017183166,0.9020391702651978,0.9020391702651978,40100,0.0,0.0
1990-10-19 00:00:00-04:00,0.9020392247608731,0.9151122570037842,0.9020392247608731,0.9151122570037842,34300,0.0,0.0
1990-10-22 00:00:00-04:00,0.9020392247608731,0.9151122570037842,0.9020392247608731,0.9151122570037842,21400,0.0,0.0
1990-10-23 00:00:00-04:00,0.9151122570037842,0.9151122570037842,0.8889661925179618,0.9151122570037842,33900,0.0,0.0
1990-10-24 00:00:00-04:00,0.9020397794597289,0.9020397794597289,0.8758936988956788,0.8889667391777039,50100,0.0,0.0
1990-10-25 00:00:00-04:00,0.888966138812079,0.9020391702651978,0.888966138812079,0.9020391702651978,19300,0.0,0.0
1990-10-26 00:00:00-04:00,0.8889667391777039,0.9020397794597289,0.8889667391777039,0.8889667391777039,28800,0.0,0.0
1990-10-29 00:00:00-05:00,0.8758936988956788,0.9020397794597289,0.8758936988956788,0.8889667391777039,13000,0.0,0.0
1990-10-30 00:00:00-05:00,0.875893235206604,0.8889662685678966,0.875893235206604,0.875893235206604,20500,0.0,0.0
1990-10-31 00:00:00-05:00,0.8889662685678966,0.8889662685678966,0.875893235206604,0.875893235206604,30900,0.0,0.0
1990-11-01 00:00:00-05:00,0.8889662685678966,0.8889662685678966,0.875893235206604,0.875893235206604,18300,0.0,0.0
1990-11-02 00:00:00-05:00,0.8628202018453115,0.875893235206604,0.8628202018453115,0.875893235206604,66400,0.0,0.0
1990-11-05 00:00:00-05:00,0.8628202018453115,0.875893235206604,0.8628202018453115,0.875893235206604,40400,0.0,0.0
1990-11-06 00:00:00-05:00,0.8628194332122803,0.8758924549276178,0.8628194332122803,0.8628194332122803,47900,0.0,0.0
1990-11-07 00:00:00-05:00,0.8628194332122803,0.8758924549276178,0.8628194332122803,0.8628194332122803,48700,0.0,0.0
1990-11-08 00:00:00-05:00,0.8824170656276472,0.8824170656276472,0.8692466616630554,0.8692466616630554,50500,0.061,0.0
1990-11-09 00:00:00-05:00,0.8692466616630554,0.8824170656276472,0.8692466616630554,0.8692466616630554,32900,0.0,0.0
1990-11-12 00:00:00-05:00,0.8692473244311204,0.8955881524441847,0.8692473244311204,0.8824177384376526,73800,0.0,0.0
1990-11-13 00:00:00-05:00,0.8824177384376526,0.8955881524441847,0.8824177384376526,0.8824177384376526,50700,0.0,0.0
1990-11-14 00:00:00-05:00,0.8824177384376526,0.8955881524441847,0.8824177384376526,0.8824177384376526,53200,0.0,0.0
1990-11-15 00:00:00-05:00,0.8824177384376526,0.8955881524441847,0.8824177384376526,0.8824177384376526,58700,0.0,0.0
1990-11-16 00:00:00-05:00,0.8824176943820455,0.908758521080017,0.8824176943820455,0.9087585210800171,38000,0.0,0.0
1990-11-19 00:00:00-05:00,0.8955881077310313,0.908758521080017,0.8955881077310313,0.9087585210800171,68000,0.0,0.0
1990-11-20 00:00:00-05:00,0.9219289344290028,0.9219289344290028,0.908758521080017,0.9087585210800171,46500,0.0,0.0
1990-11-21 00:00:00-05:00,0.8955881077310313,0.908758521080017,0.8955881077310313,0.9087585210800171,32300,0.0,0.0
1990-11-23 00:00:00-05:00,0.9087579999651227,0.9219284057617188,0.9087579999651227,0.9219284057617188,10300,0.0,0.0
1990-11-26 00:00:00-05:00,0.9219284057617188,0.9219284057617188,0.9087579999651227,0.9219284057617188,48700,0.0,0.0
1990-11-27 00:00:00-05:00,0.9219284057617188,0.9219284057617188,0.9087579999651227,0.9219284057617188,12900,0.0,0.0
1990-11-28 00:00:00-05:00,0.9219293023498965,0.935099720954895,0.908758883744898,0.935099720954895,82300,0.0,0.0
1990-11-29 00:00:00-05:00,0.9219284057617188,0.9219284057617188,0.9087579999651227,0.9219284057617188,14100,0.0,0.0
1990-11-30 00:00:00-05:00,0.9087579999651227,0.9219284057617188,0.9087579999651227,0.9219284057617188,26500,0.0,0.0
1990-12-03 00:00:00-05:00,0.935099720954895,0.935099720954895,0.9219293023498965,0.935099720954895,44900,0.0,0.0
1990-12-04 00:00:00-05:00,0.9219293023498965,0.935099720954895,0.9219293023498965,0.935099720954895,41000,0.0,0.0
1990-12-05 00:00:00-05:00,0.9219293023498965,0.935099720954895,0.9219293023498965,0.935099720954895,15300,0.0,0.0
1990-12-06 00:00:00-05:00,0.9219293023498965,0.9482701395598936,0.9219293023498965,0.935099720954895,49700,0.0,0.0
1990-12-07 00:00:00-05:00,0.935099720954895,0.935099720954895,0.9219293023498965,0.935099720954895,38700,0.0,0.0
1990-12-10 00:00:00-05:00,0.9283091425895691,0.9415707017694201,0.9150475834097181,0.9283091425895691,67100,0.061,0.0
1990-12-11 00:00:00-05:00,0.9150477051734924,0.9283092661180359,0.9017861442289491,0.9150477051734924,57200,0.0,0.0
1990-12-12 00:00:00-05:00,0.9150477051734924,0.9283092661180359,0.9017861442289491,0.9150477051734924,85100,0.0,0.0
1990-12-13 00:00:00-05:00,0.9017861442289491,0.9150477051734924,0.9017861442289491,0.9150477051734924,47300,0.0,0.0
1990-12-14 00:00:00-05:00,0.9150477051734924,0.9150477051734924,0.9017861442289491,0.9150477051734924,34300,0.0,0.0
1990-12-17 00:00:00-05:00,0.9150477051734924,0.9150477051734924,0.9017861442289491,0.9150477051734924,44900,0.0,0.0
1990-12-18 00:00:00-05:00,0.901786744594574,0.9150483143680236,0.8885251748211244,0.901786744594574,47700,0.0,0.0
1990-12-19 00:00:00-05:00,0.901786744594574,0.901786744594574,0.8885251748211244,0.901786744594574,27000,0.0,0.0
1990-12-20 00:00:00-05:00,0.901786744594574,0.901786744594574,0.8885251748211244,0.901786744594574,39100,0.0,0.0
1990-12-21 00:00:00-05:00,0.901786744594574,0.901786744594574,0.8885251748211244,0.901786744594574,59300,0.0,0.0
1990-12-24 00:00:00-05:00,0.9017862739847667,0.9017862739847667,0.8885247111320496,0.8885247111320496,8900,0.0,0.0
1990-12-26 00:00:00-05:00,0.901786744594574,0.901786744594574,0.8885251748211244,0.901786744594574,14400,0.0,0.0
1990-12-27 00:00:00-05:00,0.901786744594574,0.901786744594574,0.8885251748211244,0.901786744594574,45700,0.0,0.0
1990-12-28 00:00:00-05:00,0.8885247111320496,0.9017862739847667,0.8752631482793325,0.8885247111320496,85000,0.0,0.0
1990-12-31 00:00:00-05:00,0.8752626776695251,0.8885242333917908,0.8487395662249941,0.8752626776695251,87900,0.0,0.0
1991-01-02 00:00:00-05:00,0.8885247111320496,0.9017862739847667,0.8752631482793325,0.8885247111320496,23900,0.0,0.0
1991-01-03 00:00:00-05:00,0.9017862739847667,0.9017862739847667,0.8885247111320496,0.8885247111320496,15400,0.0,0.0
1991-01-04 00:00:00-05:00,0.901786744594574,0.901786744594574,0.8885251748211244,0.901786744594574,28200,0.0,0.0
1991-01-07 00:00:00-05:00,0.8885251748211244,0.901786744594574,0.8885251748211244,0.901786744594574,37000,0.0,0.0
1991-01-08 00:00:00-05:00,0.8885251748211244,0.901786744594574,0.8885251748211244,0.901786744594574,39500,0.0,0.0
1991-01-09 00:00:00-05:00,0.901786744594574,0.901786744594574,0.8885251748211244,0.901786744594574,33300,0.0,0.0
1991-01-10 00:00:00-05:00,0.8949471116065979,0.9083045311828158,0.8815896920303801,0.8949471116065979,37800,0.061,0.0
1991-01-11 00:00:00-05:00,0.894946707017494,0.9083041205550685,0.8815892934799194,0.8815892934799194,20600,0.0,0.0
1991-01-14 00:00:00-05:00,0.8815896920303801,0.8949471116065979,0.8815896920303801,0.8949471116065979,48400,0.0,0.0
1991-01-15 00:00:00-05:00,0.8815896920303801,0.8949471116065979,0.8815896920303801,0.8949471116065979,29500,0.0,0.0
1991-01-16 00:00:00-05:00,0.8949471116065979,0.8949471116065979,0.8815896920303801,0.8949471116065979,36200,0.0,0.0
1991-01-17 00:00:00-05:00,0.8949471116065979,0.9083045311828158,0.8815896920303801,0.8949471116065979,33000,0.0,0.0
1991-01-18 00:00:00-05:00,0.8949471116065979,0.9083045311828158,0.8949471116065979,0.8949471116065979,23900,0.0,0.0
1991-01-21 00:00:00-05:00,0.8949473281117046,0.908304750919342,0.8949473281117046,0.908304750919342,26500,0.0,0.0
1991-01-22 00:00:00-05:00,0.8949473281117046,0.908304750919342,0.8949473281117046,0.908304750919342,16500,0.0,0.0
1991-01-23 00:00:00-05:00,0.908304750919342,0.908304750919342,0.8949473281117046,0.908304750919342,32500,0.0,0.0
1991-01-24 00:00:00-05:00,0.9083047293234563,0.9216621518135071,0.9083047293234563,0.9216621518135071,30500,0.0,0.0
1991-01-25 00:00:00-05:00,0.9216621737269795,0.9216621737269795,0.908304750919342,0.908304750919342,20700,0.0,0.0
1991-01-28 00:00:00-05:00,0.9083047293234563,0.9350195743035579,0.9083047293234563,0.9216621518135071,28400,0.0,0.0
1991-01-29 00:00:00-05:00,0.9216621737269795,0.9216621737269795,0.908304750919342,0.908304750919342,21700,0.0,0.0
1991-01-30 00:00:00-05:00,0.9216621518135071,0.9350195743035579,0.9083047293234563,0.9216621518135071,37600,0.0,0.0
1991-01-31 00:00:00-05:00,0.9350194141898356,0.9483768343925476,0.9216619939871237,0.9483768343925476,50800,0.0,0.0
1991-02-01 00:00:00-05:00,0.9350196719169617,0.9483770958014897,0.9350196719169617,0.9350196719169617,29800,0.0,0.0
1991-02-04 00:00:00-05:00,0.9350196719169617,0.9483770958014897,0.9350196719169617,0.9350196719169617,16200,0.0,0.0
1991-02-05 00:00:00-05:00,0.9483762863609526,0.9617336988449097,0.9350188738769954,0.9617336988449097,34100,0.0,0.0
1991-02-06 00:00:00-05:00,0.9617336988449097,0.9750911113288667,0.9483762863609526,0.9617336988449097,44000,0.0,0.0
1991-02-07 00:00:00-05:00,0.9617345104478809,0.9750919342041016,0.9483770866916604,0.9750919342041016,25900,0.0,0.0
1991-02-08 00:00:00-05:00,0.9750919342041016,0.9884493579603221,0.9617345104478809,0.9750919342041016,45600,0.0,0.0
1991-02-11 00:00:00-05:00,0.9683130383491516,0.9952106227477391,0.9683130383491516,0.9683130383491516,44500,0.062,0.0
1991-02-12 00:00:00-05:00,0.9683137854484662,0.9817625880241394,0.9683137854484662,0.9817625880241394,39700,0.0,0.0
1991-02-13 00:00:00-05:00,0.9817626782365747,0.9952114820480347,0.9817626782365747,0.9952114820480347,25000,0.0,0.0
1991-02-14 00:00:00-05:00,0.9817625880241394,0.9952113905998126,0.9817625880241394,0.9817625880241394,14900,0.0,0.0
1991-02-15 00:00:00-05:00,0.9952114820480347,0.9952114820480347,0.9817626782365747,0.9952114820480347,31700,0.0,0.0
1991-02-19 00:00:00-05:00,0.9952111593882242,1.0086599588394165,0.9817623599370321,1.0086599588394165,47000,0.0,0.0
1991-02-20 00:00:00-05:00,0.9817626782365747,1.0086602858594946,0.9817626782365747,0.9952114820480347,41300,0.0,0.0
1991-02-21 00:00:00-05:00,0.9952111593882242,1.0086599588394165,0.9952111593882242,1.0086599588394165,24100,0.0,0.0
1991-02-22 00:00:00-05:00,0.9952114820480347,1.0086602858594946,0.9952114820480347,0.9952114820480347,17500,0.0,0.0
1991-02-25 00:00:00-05:00,1.0086602858594946,1.0086602858594946,0.9952114820480347,0.9952114820480347,34300,0.0,0.0
1991-02-26 00:00:00-05:00,0.9952114820480347,1.0086602858594946,0.9817626782365747,0.9952114820480347,48300,0.0,0.0
1991-02-27 00:00:00-05:00,0.9952114820480347,0.9952114820480347,0.9817626782365747,0.9952114820480347,23600,0.0,0.0
1991-02-28 00:00:00-05:00,0.9952114820480347,0.9952114820480347,0.9817626782365747,0.9952114820480347,19700,0.0,0.0
1991-03-01 00:00:00-05:00,0.9952113905998126,0.9952113905998126,0.9817625880241394,0.9817625880241394,15500,0.0,0.0
1991-03-04 00:00:00-05:00,0.9817618305484453,0.9952106227477391,0.9548642461498578,0.9683130383491516,79000,0.0,0.0
1991-03-05 00:00:00-05:00,0.9548646807670593,0.9683134790877221,0.9548646807670593,0.9548646807670593,57400,0.0,0.0
1991-03-06 00:00:00-05:00,0.9683134790877221,0.9683134790877221,0.9548646807670593,0.9548646807670593,16900,0.0,0.0
1991-03-07 00:00:00-05:00,0.9683130383491516,0.9683130383491516,0.9548642461498578,0.9683130383491516,12700,0.0,0.0
1991-03-08 00:00:00-05:00,0.9749207496643066,0.9884613156318665,0.9749207496643066,0.9884613156318665,29100,0.061,0.0
1991-03-11 00:00:00-05:00,0.9884613156318665,1.015542447566986,0.9749207496643066,0.9884613156318665,32500,0.0,0.0
1991-03-12 00:00:00-05:00,0.988461799091763,0.988461799091763,0.9749212265014648,0.9749212265014648,27000,0.0,0.0
1991-03-13 00:00:00-05:00,0.9884613156318665,0.9884613156318665,0.9749207496643066,0.9884613156318665,44900,0.0,0.0
1991-03-14 00:00:00-05:00,0.988461799091763,0.988461799091763,0.9749212265014648,0.9749212265014648,21400,0.0,0.0
1991-03-15 00:00:00-05:00,0.9749212265014648,0.9749212265014648,0.9749212265014648,0.9749212265014648,51400,0.0,0.0
1991-03-18 00:00:00-05:00,0.9613801836967468,0.9884613156318665,0.9613801836967468,0.9884613156318665,33300,0.0,0.0
1991-03-19 00:00:00-05:00,0.9749212265014648,0.988461799091763,0.9749212265014648,0.9749212265014648,27400,0.0,0.0
1991-03-20 00:00:00-05:00,0.9884613156318665,0.9884613156318665,0.9749207496643066,0.9884613156318665,22300,0.0,0.0
1991-03-21 00:00:00-05:00,0.988461928468355,0.988461928468355,0.9613807797431946,0.9613807797431946,40700,0.0,0.0
1991-03-22 00:00:00-05:00,0.9749213541057747,0.9749213541057747,0.9613807797431946,0.9613807797431946,18900,0.0,0.0
1991-03-25 00:00:00-05:00,0.9749212265014648,0.9749212265014648,0.9613806539111668,0.9749212265014648,19600,0.0,0.0
1991-03-26 00:00:00-05:00,0.9749212265014648,0.9749212265014648,0.9613806539111668,0.9749212265014648,35600,0.0,0.0
1991-03-27 00:00:00-05:00,0.9613806539111668,0.9749212265014648,0.9613806539111668,0.9749212265014648,15300,0.0,0.0
1991-03-28 00:00:00-05:00,0.9749212265014648,0.9749212265014648,0.9613806539111668,0.9749212265014648,11600,0.0,0.0
1991-04-01 00:00:00-05:00,0.9613806539111668,0.9749212265014648,0.9613806539111668,0.9749212265014648,26700,0.0,0.0
1991-04-02 00:00:00-05:00,0.9749207496643066,0.9884613156318665,0.9613801836967468,0.9884613156318665,31500,0.0,0.0
1991-04-03 00:00:00-05:00,0.9749207496643066,0.9884613156318665,0.9749207496643066,0.9884613156318665,50300,0.0,0.0
1991-04-04 00:00:00-05:00,0.9749207496643066,0.9884613156318665,0.9749207496643066,0.9884613156318665,7100,0.0,0.0
1991-04-05 00:00:00-05:00,0.9884613156318665,0.9884613156318665,0.9749207496643066,0.9884613156318665,36100,0.0,0.0
1991-04-08 00:00:00-04:00,0.988461799091763,1.0020023716820612,0.9749212265014648,0.9749212265014648,51900,0.0,0.0
1991-04-09 00:00:00-04:00,0.9815737009048462,0.995206668972969,0.9815737009048462,0.9815737009048462,24600,0.061,0.0
1991-04-10 00:00:00-04:00,0.9815736274196678,0.9952065944671631,0.9815736274196678,0.9952065944671631,27200,0.0,0.0
1991-04-11 00:00:00-04:00,0.9815736274196678,0.9952065944671631,0.9815736274196678,0.9952065944671631,22600,0.0,0.0
1991-04-12 00:00:00-04:00,0.9815737009048462,0.995206668972969,0.9815737009048462,0.9815737009048462,54500,0.0,0.0
1991-04-15 00:00:00-04:00,0.9815736274196678,0.9952065944671631,0.9815736274196678,0.9952065944671631,26000,0.0,0.0
1991-04-16 00:00:00-04:00,0.9952065944671631,1.0088395615146586,0.9815736274196678,0.9952065944671631,17600,0.0,0.0
1991-04-17 00:00:00-04:00,0.9952067571717339,1.008839726448059,0.9952067571717339,1.008839726448059,39900,0.0,0.0
1991-04-18 00:00:00-04:00,1.008839726448059,1.008839726448059,0.9952067571717339,1.008839726448059,30400,0.0,0.0
1991-04-19 00:00:00-04:00,1.0088395615146586,1.0088395615146586,0.9952065944671631,0.9952065944671631,24000,0.0,0.0
1991-04-22 00:00:00-04:00,1.008839726448059,1.008839726448059,0.9952067571717339,1.008839726448059,19800,0.0,0.0
1991-04-23 00:00:00-04:00,1.008839726448059,1.008839726448059,0.9952067571717339,1.008839726448059,44800,0.0,0.0
1991-04-24 00:00:00-04:00,1.0088395615146586,1.0088395615146586,0.9952065944671631,0.9952065944671631,16000,0.0,0.0
1991-04-25 00:00:00-04:00,0.9952067571717339,1.008839726448059,0.9952067571717339,1.008839726448059,19400,0.0,0.0
1991-04-26 00:00:00-04:00,1.008839726448059,1.008839726448059,0.9952067571717339,1.008839726448059,8500,0.0,0.0
1991-04-29 00:00:00-04:00,1.008839726448059,1.0224726957243842,1.008839726448059,1.008839726448059,25300,0.0,0.0
1991-04-30 00:00:00-04:00,0.9952067571717339,1.0224726957243842,0.9952067571717339,1.008839726448059,38600,0.0,0.0
1991-05-01 00:00:00-04:00,1.0224725285621539,1.0224725285621539,0.9952065944671631,0.9952065944671631,39600,0.0,0.0
1991-05-02 00:00:00-04:00,0.9952067571717339,1.008839726448059,0.9952067571717339,1.008839726448059,18700,0.0,0.0
1991-05-03 00:00:00-04:00,1.008839298884074,1.0224722623825073,0.9952063353856405,1.0224722623825073,27100,0.0,0.0
1991-05-06 00:00:00-04:00,1.008839726448059,1.0224726957243842,1.008839726448059,1.008839726448059,34400,0.0,0.0
1991-05-07 00:00:00-04:00,1.008839298884074,1.0224722623825073,1.008839298884074,1.0224722623825073,33300,0.0,0.0
1991-05-08 00:00:00-04:00,1.0154471397399902,1.0291693983851253,1.0017248810948554,1.0154471397399902,24200,0.061,0.0
1991-05-09 00:00:00-04:00,1.0154466139127132,1.0154466139127132,1.001724362373352,1.001724362373352,28700,0.0,0.0
1991-05-10 00:00:00-04:00,1.001724362373352,1.0154466139127132,1.001724362373352,1.001724362373352,23400,0.0,0.0
1991-05-13 00:00:00-04:00,1.0017243417104085,1.0291688442230225,1.0017243417104085,1.0291688442230225,17800,0.0,0.0
1991-05-14 00:00:00-04:00,1.0291688442230225,1.0291688442230225,1.0154465929667156,1.0291688442230225,10400,0.0,0.0
1991-05-15 00:00:00-04:00,1.0154466139127132,1.029168865452074,1.001724362373352,1.001724362373352,41200,0.0,0.0
1991-05-16 00:00:00-04:00,1.001724362373352,1.0154466139127132,1.001724362373352,1.001724362373352,38700,0.0,0.0
1991-05-17 00:00:00-04:00,1.0017248810948554,1.0154471397399902,1.0017248810948554,1.0154471397399902,33500,0.0,0.0
1991-05-20 00:00:00-04:00,1.0154466139127132,1.0154466139127132,1.001724362373352,1.001724362373352,41700,0.0,0.0
1991-05-21 00:00:00-04:00,1.0154466139127132,1.0154466139127132,1.001724362373352,1.001724362373352,28800,0.0,0.0
1991-05-22 00:00:00-04:00,1.0154466139127132,1.0154466139127132,1.001724362373352,1.001724362373352,33500,0.0,0.0
1991-05-23 00:00:00-04:00,1.0154466139127132,1.0154466139127132,1.001724362373352,1.001724362373352,27100,0.0,0.0
1991-05-24 00:00:00-04:00,1.0154465929667156,1.0291688442230225,1.0017243417104085,1.0291688442230225,33600,0.0,0.0
1991-05-28 00:00:00-04:00,1.0291693983851253,1.0291693983851253,1.0154471397399902,1.0154471397399902,25900,0.0,0.0
1991-05-29 00:00:00-04:00,1.0154471397399902,1.0291693983851253,1.0154471397399902,1.0154471397399902,44600,0.0,0.0
1991-05-30 00:00:00-04:00,1.0154465929667156,1.0291688442230225,1.0154465929667156,1.0291688442230225,18100,0.0,0.0
1991-05-31 00:00:00-04:00,1.0291688442230225,1.0291688442230225,1.0154465929667156,1.0291688442230225,32300,0.0,0.0
1991-06-03 00:00:00-04:00,1.0154471397399902,1.0291693983851253,1.0154471397399902,1.0154471397399902,15400,0.0,0.0
1991-06-04 00:00:00-04:00,1.0291688442230225,1.0291688442230225,1.0154465929667156,1.0291688442230225,24600,0.0,0.0
1991-06-05 00:00:00-04:00,1.0291688442230225,1.0291688442230225,1.0154465929667156,1.0291688442230225,62300,0.0,0.0
1991-06-06 00:00:00-04:00,1.0291694810515957,1.0428917407989502,1.0291694810515957,1.0428917407989502,25100,0.0,0.0
1991-06-07 00:00:00-04:00,1.0428910954793293,1.0428910954793293,1.0291688442230225,1.0291688442230225,15900,0.0,0.0
1991-06-10 00:00:00-04:00,1.0291694810515957,1.0428917407989502,1.015447221304241,1.0428917407989502,24100,0.0,0.0
1991-06-11 00:00:00-04:00,1.0219006284077963,1.0495195643107096,1.0219006284077963,1.035710096359253,64000,0.06,0.0
1991-06-12 00:00:00-04:00,1.0357100013140086,1.0357100013140086,1.0219005346298218,1.0219005346298218,44500,0.0,0.0
1991-06-13 00:00:00-04:00,1.0357100013140086,1.0357100013140086,1.008091067945635,1.0219005346298218,17400,0.0,0.0
1991-06-14 00:00:00-04:00,1.008091067945635,1.0219005346298218,1.008091067945635,1.0219005346298218,5200,0.0,0.0
1991-06-17 00:00:00-04:00,1.0219010424940553,1.0219010424940553,1.0080915689468384,1.0080915689468384,50400,0.0,0.0
1991-06-18 00:00:00-04:00,1.0080918421347937,1.0080918421347937,0.9942823648452759,0.9942823648452759,37500,0.0,0.0
1991-06-19 00:00:00-04:00,1.0080918421347937,1.0080918421347937,0.9942823648452759,0.9942823648452759,38600,0.0,0.0
1991-06-20 00:00:00-04:00,1.0080918421347937,1.0080918421347937,0.9942823648452759,0.9942823648452759,13600,0.0,0.0
1991-06-21 00:00:00-04:00,0.9942820953996214,1.0080915689468384,0.9942820953996214,1.0080915689468384,12000,0.0,0.0
1991-06-24 00:00:00-04:00,1.0080915689468384,1.0080915689468384,0.9942820953996214,1.0080915689468384,19100,0.0,0.0
1991-06-25 00:00:00-04:00,1.0080918421347937,1.0080918421347937,0.9942823648452759,0.9942823648452759,28800,0.0,0.0
1991-06-26 00:00:00-04:00,0.9942820953996214,1.0080915689468384,0.9942820953996214,1.0080915689468384,22800,0.0,0.0
1991-06-27 00:00:00-04:00,0.9942823648452759,1.0080918421347937,0.9942823648452759,0.9942823648452759,20400,0.0,0.0
1991-06-28 00:00:00-04:00,1.0080918421347937,1.0080918421347937,0.9942823648452759,0.9942823648452759,23900,0.0,0.0
1991-07-01 00:00:00-04:00,1.0080918421347937,1.0080918421347937,0.9942823648452759,0.9942823648452759,19400,0.0,0.0
1991-07-02 00:00:00-04:00,1.0080918421347937,1.0219013194243114,0.9942823648452759,0.9942823648452759,28700,0.0,0.0
1991-07-03 00:00:00-04:00,0.9942823648452759,1.0080918421347937,0.9942823648452759,0.9942823648452759,18000,0.0,0.0
1991-07-05 00:00:00-04:00,0.9942823648452759,1.0080918421347937,0.9942823648452759,0.9942823648452759,21900,0.0,0.0
1991-07-08 00:00:00-04:00,1.008091067945635,1.0219005346298218,0.9942816012614483,1.0219005346298218,36400,0.0,0.0
1991-07-09 00:00:00-04:00,1.0007739067077637,1.014673544300927,1.0007739067077637,1.0007739067077637,31500,0.06,0.0
1991-07-10 00:00:00-04:00,1.0007739067077637,1.014673544300927,1.0007739067077637,1.0007739067077637,38800,0.0,0.0
1991-07-11 00:00:00-04:00,1.014673544300927,1.0285731818940904,1.0007739067077637,1.0007739067077637,13300,0.0,0.0
1991-07-12 00:00:00-04:00,1.0285733497306093,1.0285733497306093,1.0007740700081604,1.0146737098693848,21600,0.0,0.0
1991-07-15 00:00:00-04:00,1.0007737649453654,1.0285730361938477,1.0007737649453654,1.0285730361938477,31400,0.0,0.0
1991-07-16 00:00:00-04:00,1.0146734005696065,1.0285730361938477,1.0146734005696065,1.0285730361938477,35900,0.0,0.0
1991-07-17 00:00:00-04:00,1.0285730361938477,1.0285730361938477,1.0007737649453654,1.0285730361938477,67100,0.0,0.0
1991-07-18 00:00:00-04:00,1.0146737098693848,1.0285733497306093,1.0007740700081604,1.0146737098693848,38700,0.0,0.0
1991-07-19 00:00:00-04:00,1.0146734005696065,1.0285730361938477,1.0007737649453654,1.0285730361938477,19000,0.0,0.0
1991-07-22 00:00:00-04:00,1.014673544300927,1.014673544300927,1.0007739067077637,1.0007739067077637,46300,0.0,0.0
1991-07-23 00:00:00-04:00,1.0007739067077637,1.014673544300927,1.0007739067077637,1.0007739067077637,50500,0.0,0.0
1991-07-24 00:00:00-04:00,1.0146737098693848,1.0285733497306093,1.0007740700081604,1.0146737098693848,40800,0.0,0.0
1991-07-25 00:00:00-04:00,1.0146734005696065,1.0285730361938477,1.0007737649453654,1.0285730361938477,69200,0.0,0.0
1991-07-26 00:00:00-04:00,1.0285730361938477,1.0285730361938477,1.0146734005696065,1.0285730361938477,54200,0.0,0.0
1991-07-29 00:00:00-04:00,1.0146737098693848,1.0285733497306093,1.0146737098693848,1.0146737098693848,27400,0.0,0.0
1991-07-30 00:00:00-04:00,1.0146734005696065,1.0285730361938477,1.0146734005696065,1.0285730361938477,8900,0.0,0.0
1991-07-31 00:00:00-04:00,1.0146737098693848,1.0285733497306093,1.0146737098693848,1.0146737098693848,15800,0.0,0.0
1991-08-01 00:00:00-04:00,1.0285733497306093,1.0285733497306093,1.0146737098693848,1.0146737098693848,7000,0.0,0.0
1991-08-02 00:00:00-04:00,1.0146734005696065,1.0285730361938477,1.0146734005696065,1.0285730361938477,20100,0.0,0.0
1991-08-05 00:00:00-04:00,1.0146737098693848,1.0285733497306093,1.0146737098693848,1.0146737098693848,11300,0.0,0.0
1991-08-06 00:00:00-04:00,1.0285730361938477,1.0285730361938477,1.0146734005696065,1.0285730361938477,13500,0.0,0.0
1991-08-07 00:00:00-04:00,1.0285723781585694,1.042472004890442,1.0146727514266969,1.042472004890442,38300,0.0,0.0
1991-08-08 00:00:00-04:00,1.0351982867881044,1.0491874528257814,1.0212091207504272,1.0212091207504272,47800,0.06,0.0
1991-08-09 00:00:00-04:00,1.0351982867881044,1.0351982867881044,1.0212091207504272,1.0212091207504272,17300,0.0,0.0
1991-08-12 00:00:00-04:00,1.0212085762539427,1.0351977348327637,1.0072194176751215,1.0351977348327637,30600,0.0,0.0
1991-08-13 00:00:00-04:00,1.0351984914143881,1.0491876602172852,1.0212093226114909,1.0491876602172852,33600,0.0,0.0
1991-08-14 00:00:00-04:00,1.0351982867881044,1.0491874528257814,1.0212091207504272,1.0212091207504272,34600,0.0,0.0
1991-08-15 00:00:00-04:00,1.0351982867881044,1.0491874528257814,1.0212091207504272,1.0212091207504272,38700,0.0,0.0
1991-08-16 00:00:00-04:00,1.0351982867881044,1.0351982867881044,1.0212091207504272,1.0212091207504272,38600,0.0,0.0
1991-08-19 00:00:00-04:00,1.0351977348327637,1.0351977348327637,1.0212085762539427,1.0351977348327637,16500,0.0,0.0
1991-08-20 00:00:00-04:00,1.0351977348327637,1.0351977348327637,1.0212085762539427,1.0351977348327637,27600,0.0,0.0
1991-08-21 00:00:00-04:00,1.0351982867881044,1.0351982867881044,1.0212091207504272,1.0212091207504272,21600,0.0,0.0
1991-08-22 00:00:00-04:00,1.0212091207504272,1.0351982867881044,1.0212091207504272,1.0212091207504272,19000,0.0,0.0
1991-08-23 00:00:00-04:00,1.0212091207504272,1.0351982867881044,1.0212091207504272,1.0212091207504272,18300,0.0,0.0
1991-08-26 00:00:00-04:00,1.0351984914143881,1.0491876602172852,1.0212093226114909,1.0491876602172852,28800,0.0,0.0
1991-08-27 00:00:00-04:00,1.0491868934115849,1.0491868934115849,1.0351977348327637,1.0351977348327637,7300,0.0,0.0
1991-08-28 00:00:00-04:00,1.0351977348327637,1.0491868934115849,1.0351977348327637,1.0351977348327637,20100,0.0,0.0
1991-08-29 00:00:00-04:00,1.0351977348327637,1.0491868934115849,1.0351977348327637,1.0351977348327637,14400,0.0,0.0
1991-08-30 00:00:00-04:00,1.0491868934115849,1.0491868934115849,1.0212085762539427,1.0351977348327637,20000,0.0,0.0
1991-09-03 00:00:00-04:00,1.0351977348327637,1.0351977348327637,1.0212085762539427,1.0351977348327637,4600,0.0,0.0
1991-09-04 00:00:00-04:00,1.0212091207504272,1.0351982867881044,1.0212091207504272,1.0212091207504272,29200,0.0,0.0
1991-09-05 00:00:00-04:00,1.0212085762539427,1.0351977348327637,1.0212085762539427,1.0351977348327637,43300,0.0,0.0
1991-09-06 00:00:00-04:00,1.0351984914143881,1.0491876602172852,1.0351984914143881,1.0491876602172852,40900,0.0,0.0
1991-09-09 00:00:00-04:00,1.0351977348327637,1.0491868934115849,1.0351977348327637,1.0351977348327637,16900,0.0,0.0
1991-09-10 00:00:00-04:00,1.0560374962140435,1.0560374962140435,1.0278764963150024,1.0278764963150024,50800,0.06,0.0
1991-09-11 00:00:00-04:00,1.041956996264523,1.041956996264523,1.0278764963150024,1.0278764963150024,17600,0.0,0.0
1991-09-12 00:00:00-04:00,1.041956996264523,1.041956996264523,1.0278764963150024,1.0278764963150024,43400,0.0,0.0
1991-09-13 00:00:00-04:00,1.041956996264523,1.041956996264523,1.0278764963150024,1.0278764963150024,20300,0.0,0.0
1991-09-16 00:00:00-04:00,1.0278764963150024,1.041956996264523,1.013795996365482,1.0278764963150024,20800,0.0,0.0
1991-09-17 00:00:00-04:00,1.041956901550293,1.041956901550293,1.0278764028806944,1.041956901550293,14600,0.0,0.0
1991-09-18 00:00:00-04:00,1.0278764963150024,1.041956996264523,1.0278764963150024,1.0278764963150024,23500,0.0,0.0
1991-09-19 00:00:00-04:00,1.0278764963150024,1.0278764963150024,1.013795996365482,1.0278764963150024,29900,0.0,0.0
1991-09-20 00:00:00-04:00,1.0278770758046043,1.0278770758046043,1.0137965679168701,1.0137965679168701,48600,0.0,0.0
1991-09-23 00:00:00-04:00,1.0278764963150024,1.0278764963150024,1.013795996365482,1.0278764963150024,31800,0.0,0.0
1991-09-24 00:00:00-04:00,1.0419575836923387,1.0419575836923387,1.0137965679168701,1.0137965679168701,17100,0.0,0.0
1991-09-25 00:00:00-04:00,1.0278764963150024,1.0278764963150024,1.013795996365482,1.0278764963150024,15700,0.0,0.0
1991-09-26 00:00:00-04:00,1.0278770758046043,1.0278770758046043,1.0137965679168701,1.0137965679168701,18500,0.0,0.0
1991-09-27 00:00:00-04:00,1.0278764963150024,1.041956996264523,1.0278764963150024,1.0278764963150024,13900,0.0,0.0
1991-09-30 00:00:00-04:00,1.041956996264523,1.041956996264523,1.013795996365482,1.0278764963150024,27400,0.0,0.0
1991-10-01 00:00:00-04:00,1.0137965679168701,1.0278770758046043,1.0137965679168701,1.0137965679168701,29800,0.0,0.0
1991-10-02 00:00:00-04:00,1.0278764963150024,1.041956996264523,1.013795996365482,1.0278764963150024,26700,0.0,0.0
1991-10-03 00:00:00-04:00,1.041956996264523,1.041956996264523,1.013795996365482,1.0278764963150024,39600,0.0,0.0
1991-10-04 00:00:00-04:00,1.0278764028806944,1.041956901550293,1.0278764028806944,1.041956901550293,17000,0.0,0.0
1991-10-07 00:00:00-04:00,1.041956901550293,1.041956901550293,1.0137959042110958,1.041956901550293,51700,0.0,0.0
1991-10-08 00:00:00-04:00,1.0204149533624518,1.0345873832702637,1.0204149533624518,1.0345873832702637,45400,0.06,0.0
1991-10-09 00:00:00-04:00,1.0345877408981323,1.0345877408981323,1.0204153060913086,1.0204153060913086,50600,0.0,0.0
1991-10-10 00:00:00-04:00,1.0345877408981323,1.0345877408981323,1.0204153060913086,1.0204153060913086,29500,0.0,0.0
1991-10-11 00:00:00-04:00,1.0204153060913086,1.0345877408981323,1.0204153060913086,1.0204153060913086,64400,0.0,0.0
1991-10-14 00:00:00-04:00,1.0204149533624518,1.0345873832702637,1.0204149533624518,1.0345873832702637,33200,0.0,0.0
1991-10-15 00:00:00-04:00,1.0345873832702637,1.0487598131780755,1.0204149533624518,1.0345873832702637,10400,0.0,0.0
1991-10-16 00:00:00-04:00,1.0487598131780755,1.0487598131780755,1.0345873832702637,1.0345873832702637,16000,0.0,0.0
1991-10-17 00:00:00-04:00,1.0487596988677979,1.0487596988677979,1.0345872705047194,1.0487596988677979,13900,0.0,0.0
1991-10-18 00:00:00-04:00,1.0487596988677979,1.0487596988677979,1.0345872705047194,1.0487596988677979,13900,0.0,0.0
1991-10-21 00:00:00-04:00,1.0345873832702637,1.0487598131780755,1.0345873832702637,1.0345873832702637,18700,0.0,0.0
1991-10-22 00:00:00-04:00,1.0487598131780755,1.0487598131780755,1.0345873832702637,1.0345873832702637,22500,0.0,0.0
1991-10-23 00:00:00-04:00,1.0487598131780755,1.0487598131780755,1.0345873832702637,1.0345873832702637,44100,0.0,0.0
1991-10-24 00:00:00-04:00,1.0487596988677979,1.0487596988677979,1.0345872705047194,1.0487596988677979,19900,0.0,0.0
1991-10-25 00:00:00-04:00,1.0487598131780755,1.0487598131780755,1.0345873832702637,1.0345873832702637,13200,0.0,0.0
1991-10-28 00:00:00-05:00,1.0345872705047194,1.0487596988677979,1.0345872705047194,1.0487596988677979,17600,0.0,0.0
1991-10-29 00:00:00-05:00,1.0345872705047194,1.0487596988677979,1.0345872705047194,1.0487596988677979,27800,0.0,0.0
1991-10-30 00:00:00-05:00,1.0345873832702637,1.0487598131780755,1.0345873832702637,1.0345873832702637,23800,0.0,0.0
1991-10-31 00:00:00-05:00,1.0345872705047194,1.0487596988677979,1.0345872705047194,1.0487596988677979,14200,0.0,0.0
1991-11-01 00:00:00-05:00,1.0487598131780755,1.0487598131780755,1.0345873832702637,1.0345873832702637,16100,0.0,0.0
1991-11-04 00:00:00-05:00,1.0204153060913086,1.048760175704956,1.0204153060913086,1.0204153060913086,31800,0.0,0.0
1991-11-05 00:00:00-05:00,1.0345873832702637,1.0487598131780755,1.0204149533624518,1.0345873832702637,22000,0.0,0.0
1991-11-06 00:00:00-05:00,1.0345873832702637,1.0487598131780755,1.0204149533624518,1.0345873832702637,49600,0.0,0.0
1991-11-07 00:00:00-05:00,1.0204148421416412,1.0487596988677979,1.0204148421416412,1.0487596988677979,37100,0.0,0.0
1991-11-08 00:00:00-05:00,1.0413417671177838,1.055606722831726,1.0270768114038415,1.055606722831726,10900,0.06,0.0
1991-11-11 00:00:00-05:00,1.027077078819275,1.055606997675366,1.027077078819275,1.027077078819275,39900,0.0,0.0
1991-11-12 00:00:00-05:00,1.0413420382473204,1.0413420382473204,1.027077078819275,1.027077078819275,21600,0.0,0.0
1991-11-13 00:00:00-05:00,1.0270767081273746,1.0413416624069214,1.0270767081273746,1.0413416624069214,49200,0.0,0.0
1991-11-14 00:00:00-05:00,1.0413420382473204,1.0413420382473204,1.027077078819275,1.027077078819275,39100,0.0,0.0
1991-11-15 00:00:00-05:00,1.0270767081273746,1.0413416624069214,1.0270767081273746,1.0413416624069214,47800,0.0,0.0
1991-11-18 00:00:00-05:00,1.0413416624069214,1.0413416624069214,1.0270767081273746,1.0413416624069214,13600,0.0,0.0
1991-11-19 00:00:00-05:00,1.0270767081273746,1.0413416624069214,1.0270767081273746,1.0413416624069214,14600,0.0,0.0
1991-11-20 00:00:00-05:00,1.0270767081273746,1.0413416624069214,1.0270767081273746,1.0413416624069214,23700,0.0,0.0
1991-11-21 00:00:00-05:00,1.027077078819275,1.0413420382473204,1.027077078819275,1.027077078819275,26800,0.0,0.0
1991-11-22 00:00:00-05:00,1.0270767081273746,1.0413416624069214,1.0270767081273746,1.0413416624069214,40900,0.0,0.0
1991-11-25 00:00:00-05:00,1.0413416624069214,1.0413416624069214,1.0270767081273746,1.0413416624069214,27700,0.0,0.0
1991-11-26 00:00:00-05:00,1.027077078819275,1.0413420382473204,1.027077078819275,1.027077078819275,54300,0.0,0.0
1991-11-27 00:00:00-05:00,1.027077078819275,1.0413420382473204,1.0128121193912294,1.027077078819275,47000,0.0,0.0
1991-11-29 00:00:00-05:00,1.0128122568130493,1.0270772181766135,1.0128122568130493,1.0128122568130493,20200,0.0,0.0
1991-12-02 00:00:00-05:00,1.027077078819275,1.027077078819275,1.0128121193912294,1.027077078819275,22000,0.0,0.0
1991-12-03 00:00:00-05:00,1.0128122568130493,1.0270772181766135,1.0128122568130493,1.0128122568130493,41400,0.0,0.0
1991-12-04 00:00:00-05:00,1.027077078819275,1.027077078819275,1.0128121193912294,1.027077078819275,48500,0.0,0.0
1991-12-05 00:00:00-05:00,1.027077078819275,1.027077078819275,1.0128121193912294,1.027077078819275,24800,0.0,0.0
1991-12-06 00:00:00-05:00,1.027077078819275,1.0413420382473204,1.0128121193912294,1.027077078819275,33600,0.0,0.0
1991-12-09 00:00:00-05:00,1.0339701477910432,1.0339701477910432,1.0196094512939453,1.0196094512939453,60400,0.06,0.0
1991-12-10 00:00:00-05:00,1.0196093039380179,1.0339699983596802,1.0196093039380179,1.0339699983596802,20200,0.0,0.0
1991-12-11 00:00:00-05:00,1.0339701477910432,1.0339701477910432,1.0196094512939453,1.0196094512939453,50600,0.0,0.0
1991-12-12 00:00:00-05:00,1.0196093039380179,1.0339699983596802,1.0196093039380179,1.0339699983596802,52500,0.0,0.0
1991-12-13 00:00:00-05:00,1.0339701477910432,1.0339701477910432,1.0196094512939453,1.0196094512939453,46100,0.0,0.0
1991-12-16 00:00:00-05:00,1.0339699983596802,1.0339699983596802,1.0196093039380179,1.0339699983596802,44700,0.0,0.0
1991-12-17 00:00:00-05:00,1.0339693205697196,1.0339693205697196,1.005247950553894,1.005247950553894,60600,0.0,0.0
1991-12-18 00:00:00-05:00,1.0196094512939453,1.0339701477910432,1.0052487547968476,1.0196094512939453,63300,0.0,0.0
1991-12-19 00:00:00-05:00,1.0052487547968476,1.0196094512939453,1.0052487547968476,1.0196094512939453,94600,0.0,0.0
1991-12-20 00:00:00-05:00,1.0196094512939453,1.0196094512939453,1.0052487547968476,1.0196094512939453,42600,0.0,0.0
1991-12-23 00:00:00-05:00,1.0052487547968476,1.0196094512939453,0.9478059688084562,1.0196094512939453,39100,0.0,0.0
1991-12-24 00:00:00-05:00,1.0339701477910432,1.0339701477910432,1.0196094512939453,1.0196094512939453,18400,0.0,0.0
1991-12-26 00:00:00-05:00,1.0196094512939453,1.0339701477910432,1.0196094512939453,1.0196094512939453,15800,0.0,0.0
1991-12-27 00:00:00-05:00,1.0196094512939453,1.0339701477910432,1.0196094512939453,1.0196094512939453,21600,0.0,0.0
1991-12-30 00:00:00-05:00,1.0196094512939453,1.0339701477910432,1.0052487547968476,1.0196094512939453,46800,0.0,0.0
1991-12-31 00:00:00-05:00,1.0339701477910432,1.0339701477910432,1.0196094512939453,1.0196094512939453,54300,0.0,0.0
1992-01-02 00:00:00-05:00,1.0339699983596802,1.0339699983596802,1.0196093039380179,1.0339699983596802,24000,0.0,0.0
1992-01-03 00:00:00-05:00,1.0339701477910432,1.0339701477910432,1.0196094512939453,1.0196094512939453,52100,0.0,0.0
1992-01-06 00:00:00-05:00,1.0339699983596802,1.0339699983596802,1.0196093039380179,1.0339699983596802,24500,0.0,0.0
1992-01-07 00:00:00-05:00,1.0196093039380179,1.0339699983596802,1.0196093039380179,1.0339699983596802,28600,0.0,0.0
1992-01-08 00:00:00-05:00,1.0196093039380179,1.0483306927813423,1.0196093039380179,1.0339699983596802,82800,0.0,0.0
1992-01-09 00:00:00-05:00,1.0483310222625732,1.0483310222625732,1.0339703233274695,1.0483310222625732,46700,0.0,0.0
1992-01-10 00:00:00-05:00,1.0408134983010489,1.0552692413330078,1.0408134983010489,1.0552692413330078,30400,0.06,0.0
1992-01-13 00:00:00-05:00,1.0408134983010489,1.0552692413330078,1.0408134983010489,1.0552692413330078,20200,0.0,0.0
1992-01-14 00:00:00-05:00,1.0552692413330078,1.0552692413330078,1.0408134983010489,1.0552692413330078,37600,0.0,0.0
1992-01-15 00:00:00-05:00,1.0408134983010489,1.0552692413330078,1.0408134983010489,1.0552692413330078,69400,0.0,0.0
1992-01-16 00:00:00-05:00,1.0408134983010489,1.0552692413330078,1.0408134983010489,1.0552692413330078,22200,0.0,0.0
1992-01-17 00:00:00-05:00,1.0408130884170532,1.055268825756179,1.0408130884170532,1.0408130884170532,18600,0.0,0.0
1992-01-20 00:00:00-05:00,1.0408141290819322,1.0697256326675415,1.0408141290819322,1.0697256326675415,51700,0.0,0.0
1992-01-21 00:00:00-05:00,1.0697256326675415,1.0697256326675415,1.055269880874737,1.0697256326675415,40000,0.0,0.0
1992-01-22 00:00:00-05:00,1.0697249843649668,1.0697249843649668,1.0552692413330078,1.0552692413330078,32600,0.0,0.0
1992-01-23 00:00:00-05:00,1.0697249843649668,1.0697249843649668,1.0552692413330078,1.0552692413330078,37100,0.0,0.0
1992-01-24 00:00:00-05:00,1.055269880874737,1.084181384460346,1.055269880874737,1.0697256326675415,50500,0.0,0.0
1992-01-27 00:00:00-05:00,1.0697256326675415,1.0697256326675415,1.055269880874737,1.0697256326675415,21400,0.0,0.0
1992-01-28 00:00:00-05:00,1.055269880874737,1.084181384460346,1.055269880874737,1.0697256326675415,26300,0.0,0.0
1992-01-29 00:00:00-05:00,1.0697249843649668,1.084180727396926,1.0408134983010489,1.0552692413330078,21100,0.0,0.0
1992-01-30 00:00:00-05:00,1.0552692413330078,1.0697249843649668,1.0552692413330078,1.0552692413330078,64300,0.0,0.0
1992-01-31 00:00:00-05:00,1.055268825756179,1.055268825756179,1.0408130884170532,1.0408130884170532,63500,0.0,0.0
1992-02-03 00:00:00-05:00,1.0552692413330078,1.0552692413330078,1.0408134983010489,1.0552692413330078,23200,0.0,0.0
1992-02-04 00:00:00-05:00,1.055268825756179,1.055268825756179,1.0408130884170532,1.0408130884170532,88100,0.0,0.0
1992-02-05 00:00:00-05:00,1.0552692413330078,1.0552692413330078,1.0408134983010489,1.0552692413330078,35700,0.0,0.0
1992-02-06 00:00:00-05:00,1.0552692413330078,1.0697249843649668,1.0408134983010489,1.0552692413330078,69300,0.0,0.0
1992-02-07 00:00:00-05:00,1.0552692413330078,1.0697249843649668,1.0408134983010489,1.0552692413330078,54700,0.0,0.0
1992-02-10 00:00:00-05:00,1.062254579530822,1.062254579530822,1.0477031469345093,1.0477031469345093,26800,0.06,0.0
1992-02-11 00:00:00-05:00,1.0477031469345093,1.062254579530822,1.0477031469345093,1.0477031469345093,18600,0.0,0.0
1992-02-12 00:00:00-05:00,1.0622538328170776,1.076805255184435,1.0477024104497203,1.0622538328170776,30600,0.0,0.0
1992-02-13 00:00:00-05:00,1.0477024104497203,1.0622538328170776,1.0477024104497203,1.0622538328170776,33300,0.0,0.0
1992-02-14 00:00:00-05:00,1.0622538328170776,1.0622538328170776,1.0477024104497203,1.0622538328170776,29800,0.0,0.0
1992-02-18 00:00:00-05:00,1.0477024104497203,1.0622538328170776,1.0477024104497203,1.0622538328170776,29300,0.0,0.0
1992-02-19 00:00:00-05:00,1.0477024104497203,1.076805255184435,1.0477024104497203,1.0622538328170776,54600,0.0,0.0
1992-02-20 00:00:00-05:00,1.0622538328170776,1.076805255184435,1.0477024104497203,1.0622538328170776,36500,0.0,0.0
1992-02-21 00:00:00-05:00,1.0477033176937618,1.0768061876296997,1.0477033176937618,1.0768061876296997,42200,0.0,0.0
1992-02-24 00:00:00-05:00,1.0622547526617308,1.0768061876296997,1.0477033176937618,1.0768061876296997,9400,0.0,0.0
1992-02-25 00:00:00-05:00,1.0622547526617308,1.0768061876296997,1.0622547526617308,1.0768061876296997,50500,0.0,0.0
1992-02-26 00:00:00-05:00,1.076805255184435,1.076805255184435,1.0622538328170776,1.0622538328170776,19700,0.0,0.0
1992-02-27 00:00:00-05:00,1.0622547526617308,1.0768061876296997,1.0622547526617308,1.0768061876296997,30400,0.0,0.0
1992-02-28 00:00:00-05:00,1.0622547526617308,1.0768061876296997,1.0622547526617308,1.0768061876296997,30000,0.0,0.0
1992-03-02 00:00:00-05:00,1.076805255184435,1.076805255184435,1.0622538328170776,1.0622538328170776,17600,0.0,0.0
1992-03-03 00:00:00-05:00,1.0622538328170776,1.076805255184435,1.0622538328170776,1.0622538328170776,32900,0.0,0.0
1992-03-04 00:00:00-05:00,1.062253443400065,1.0913562774658203,1.062253443400065,1.0913562774658203,36100,0.0,0.0
1992-03-05 00:00:00-05:00,1.0768048604329428,1.0913562774658203,1.0768048604329428,1.0913562774658203,40700,0.0,0.0
1992-03-06 00:00:00-05:00,1.0913576225976687,1.0913576225976687,1.0622547526617308,1.0768061876296997,13700,0.0,0.0
1992-03-09 00:00:00-05:00,1.0913562774658203,1.0913562774658203,1.0768048604329428,1.0913562774658203,20500,0.0,0.0
1992-03-10 00:00:00-05:00,1.0690966844558716,1.083741844516911,1.0690966844558716,1.0690966844558716,32300,0.06,0.0
1992-03-11 00:00:00-05:00,1.0837414900461833,1.0983866453170776,1.0690963347752889,1.0983866453170776,35900,0.0,0.0
1992-03-12 00:00:00-05:00,1.0837409496307373,1.0837409496307373,1.0690958016627543,1.0837409496307373,26400,0.0,0.0
1992-03-13 00:00:00-05:00,1.0690958016627543,1.0837409496307373,1.0690958016627543,1.0837409496307373,14300,0.0,0.0
1992-03-16 00:00:00-05:00,1.0837409496307373,1.09838609759872,1.0690958016627543,1.0837409496307373,27600,0.0,0.0
1992-03-17 00:00:00-05:00,1.0690958016627543,1.0837409496307373,1.0690958016627543,1.0837409496307373,25700,0.0,0.0
1992-03-18 00:00:00-05:00,1.0837409496307373,1.0837409496307373,1.0690958016627543,1.0837409496307373,30200,0.0,0.0
1992-03-19 00:00:00-05:00,1.0690958016627543,1.0837409496307373,1.0690958016627543,1.0837409496307373,19800,0.0,0.0
1992-03-20 00:00:00-05:00,1.083741844516911,1.083741844516911,1.0690966844558716,1.0690966844558716,38000,0.0,0.0
1992-03-23 00:00:00-05:00,1.0690966844558716,1.083741844516911,1.0690966844558716,1.0690966844558716,38300,0.0,0.0
1992-03-24 00:00:00-05:00,1.083741844516911,1.083741844516911,1.0690966844558716,1.0690966844558716,22500,0.0,0.0
1992-03-25 00:00:00-05:00,1.0837409496307373,1.0837409496307373,1.0690958016627543,1.0837409496307373,36200,0.0,0.0
1992-03-26 00:00:00-05:00,1.0837409496307373,1.09838609759872,1.0690958016627543,1.0837409496307373,38000,0.0,0.0
1992-03-27 00:00:00-05:00,1.083741844516911,1.0983870045779502,1.0690966844558716,1.0690966844558716,22600,0.0,0.0
1992-03-30 00:00:00-05:00,1.083741844516911,1.083741844516911,1.0690966844558716,1.0690966844558716,28100,0.0,0.0
1992-03-31 00:00:00-05:00,1.0690963347752889,1.0983866453170776,1.0690963347752889,1.0983866453170776,27700,0.0,0.0
1992-04-01 00:00:00-05:00,1.0983870045779502,1.0983870045779502,1.0690966844558716,1.0690966844558716,16300,0.0,0.0
1992-04-02 00:00:00-05:00,1.0837409496307373,1.09838609759872,1.0690958016627543,1.0837409496307373,24600,0.0,0.0
1992-04-03 00:00:00-05:00,1.09838609759872,1.09838609759872,1.0837409496307373,1.0837409496307373,38400,0.0,0.0
1992-04-06 00:00:00-04:00,1.083741844516911,1.083741844516911,1.0690966844558716,1.0690966844558716,23900,0.0,0.0
1992-04-07 00:00:00-04:00,1.0837414900461833,1.0983866453170776,1.0837414900461833,1.0983866453170776,37200,0.0,0.0
1992-04-08 00:00:00-04:00,1.09838609759872,1.09838609759872,1.0837409496307373,1.0837409496307373,31000,0.0,0.0
1992-04-09 00:00:00-04:00,1.0760762047123265,1.0908169746398926,1.0760762047123265,1.0908169746398926,21500,0.06,0.0
1992-04-10 00:00:00-04:00,1.0760762047123265,1.1055577445674587,1.0760762047123265,1.0908169746398926,29900,0.0,0.0
1992-04-13 00:00:00-04:00,1.0908169746398926,1.1055577445674587,1.0908169746398926,1.0908169746398926,14900,0.0,0.0
1992-04-14 00:00:00-04:00,1.0908169746398926,1.1055577445674587,1.0908169746398926,1.0908169746398926,36200,0.0,0.0
1992-04-15 00:00:00-04:00,1.1055577993392944,1.1055577993392944,1.0908170286814372,1.1055577993392944,25900,0.0,0.0
1992-04-16 00:00:00-04:00,1.0908170286814372,1.1055577993392944,1.0908170286814372,1.1055577993392944,35100,0.0,0.0
1992-04-20 00:00:00-04:00,1.0908169746398926,1.1055577445674587,1.0908169746398926,1.0908169746398926,35100,0.0,0.0
1992-04-21 00:00:00-04:00,1.1055577993392944,1.1055577993392944,1.0908170286814372,1.1055577993392944,51000,0.0,0.0
1992-04-22 00:00:00-04:00,1.1055577993392944,1.1055577993392944,1.0908170286814372,1.1055577993392944,24300,0.0,0.0
1992-04-23 00:00:00-04:00,1.1055577993392944,1.1055577993392944,1.0908170286814372,1.1055577993392944,33200,0.0,0.0
1992-04-24 00:00:00-04:00,1.1055579703105123,1.1202987432479858,1.1055579703105123,1.1202987432479858,12200,0.0,0.0
1992-04-27 00:00:00-04:00,1.1202985699971517,1.1202985699971517,1.1055577993392944,1.1055577993392944,17200,0.0,0.0
1992-04-28 00:00:00-04:00,1.1202985699971517,1.1202985699971517,1.1055577993392944,1.1055577993392944,14400,0.0,0.0
1992-04-29 00:00:00-04:00,1.1202987432479858,1.1202987432479858,1.1055579703105123,1.1202987432479858,24600,0.0,0.0
1992-04-30 00:00:00-04:00,1.1055577993392944,1.1202985699971517,1.1055577993392944,1.1055577993392944,24300,0.0,0.0
1992-05-01 00:00:00-04:00,1.1202985699971517,1.1202985699971517,1.1055577993392944,1.1055577993392944,24300,0.0,0.0
1992-05-04 00:00:00-04:00,1.1202985699971517,1.1202985699971517,1.1055577993392944,1.1055577993392944,21800,0.0,0.0
1992-05-05 00:00:00-04:00,1.1202987432479858,1.1202987432479858,1.1055579703105123,1.1202987432479858,14300,0.0,0.0
1992-05-06 00:00:00-04:00,1.1055577993392944,1.1202985699971517,1.1055577993392944,1.1055577993392944,35400,0.0,0.0
1992-05-07 00:00:00-04:00,1.1202987432479858,1.1202987432479858,1.1055579703105123,1.1202987432479858,48300,0.0,0.0
1992-05-08 00:00:00-04:00,1.1202987432479858,1.1202987432479858,1.1055579703105123,1.1202987432479858,44100,0.0,0.0
1992-05-11 00:00:00-04:00,1.1125844717025757,1.1274189313252767,1.1125844717025757,1.1125844717025757,20100,0.06,0.0
1992-05-12 00:00:00-04:00,1.1274192333221436,1.1422536969184875,1.1274192333221436,1.1274192333221436,22800,0.0,0.0
1992-05-13 00:00:00-04:00,1.1422536969184875,1.1422536969184875,1.1125847697257996,1.1274192333221436,38900,0.0,0.0
1992-05-14 00:00:00-04:00,1.1422536969184875,1.1422536969184875,1.1274192333221436,1.1274192333221436,61000,0.0,0.0
1992-05-15 00:00:00-04:00,1.1422536969184875,1.1422536969184875,1.1125847697257996,1.1274192333221436,37700,0.0,0.0
1992-05-18 00:00:00-04:00,1.1274189313252767,1.1422533909479777,1.1125844717025757,1.1125844717025757,30000,0.0,0.0
1992-05-19 00:00:00-04:00,1.1274189313252767,1.1274189313252767,1.1125844717025757,1.1125844717025757,48100,0.0,0.0
1992-05-20 00:00:00-04:00,1.1125844717025757,1.1274189313252767,1.1125844717025757,1.1125844717025757,41500,0.0,0.0
1992-05-21 00:00:00-04:00,1.1274189313252767,1.1274189313252767,1.1125844717025757,1.1125844717025757,51600,0.0,0.0
1992-05-22 00:00:00-04:00,1.127419409813819,1.1422538757324219,1.112584943895216,1.1422538757324219,15100,0.0,0.0
1992-05-26 00:00:00-04:00,1.1422536969184875,1.1422536969184875,1.1125847697257996,1.1274192333221436,30800,0.0,0.0
1992-05-27 00:00:00-04:00,1.1274189313252767,1.1274189313252767,1.1125844717025757,1.1125844717025757,22700,0.0,0.0
1992-05-28 00:00:00-04:00,1.1274192333221436,1.1274192333221436,1.1125847697257996,1.1274192333221436,31400,0.0,0.0
1992-05-29 00:00:00-04:00,1.1274189313252767,1.1274189313252767,1.1125844717025757,1.1125844717025757,54100,0.0,0.0
1992-06-01 00:00:00-04:00,1.1274192333221436,1.1274192333221436,1.1125847697257996,1.1274192333221436,30200,0.0,0.0
1992-06-02 00:00:00-04:00,1.112584943895216,1.1422538757324219,1.112584943895216,1.1422538757324219,15400,0.0,0.0
1992-06-03 00:00:00-04:00,1.1422536969184875,1.1422536969184875,1.1274192333221436,1.1274192333221436,31200,0.0,0.0
1992-06-04 00:00:00-04:00,1.127419409813819,1.1422538757324219,1.127419409813819,1.1422538757324219,27100,0.0,0.0
1992-06-05 00:00:00-04:00,1.1422536969184875,1.1422536969184875,1.1274192333221436,1.1274192333221436,27900,0.0,0.0
1992-06-08 00:00:00-04:00,1.127419581780067,1.1570885181427002,1.127419581780067,1.1570885181427002,60500,0.0,0.0
1992-06-09 00:00:00-04:00,1.1493266883649325,1.1493266883649325,1.1344003677368164,1.1344003677368164,56800,0.06,0.0
1992-06-10 00:00:00-04:00,1.149326205253601,1.149326205253601,1.1343998908996582,1.149326205253601,36300,0.0,0.0
1992-06-11 00:00:00-04:00,1.1493266883649325,1.1493266883649325,1.1344003677368164,1.1344003677368164,30100,0.0,0.0
1992-06-12 00:00:00-04:00,1.1343998908996582,1.149326205253601,1.1343998908996582,1.149326205253601,24200,0.0,0.0
1992-06-15 00:00:00-04:00,1.1344003677368164,1.1493266883649325,1.1344003677368164,1.1344003677368164,19000,0.0,0.0
1992-06-16 00:00:00-04:00,1.1343998908996582,1.149326205253601,1.1343998908996582,1.149326205253601,35400,0.0,0.0
1992-06-17 00:00:00-04:00,1.149326205253601,1.149326205253601,1.1343998908996582,1.149326205253601,45100,0.0,0.0
1992-06-18 00:00:00-04:00,1.1493266883649325,1.1493266883649325,1.1344003677368164,1.1344003677368164,96300,0.0,0.0
1992-06-19 00:00:00-04:00,1.1493266883649325,1.1493266883649325,1.1344003677368164,1.1344003677368164,29800,0.0,0.0
1992-06-22 00:00:00-04:00,1.1493266883649325,1.1493266883649325,1.1344003677368164,1.1344003677368164,18300,0.0,0.0
1992-06-23 00:00:00-04:00,1.149326205253601,1.149326205253601,1.1343998908996582,1.149326205253601,72800,0.0,0.0
1992-06-24 00:00:00-04:00,1.1343998908996582,1.164252519607544,1.1343998908996582,1.149326205253601,50400,0.0,0.0
1992-06-25 00:00:00-04:00,1.149326205253601,1.164252519607544,1.1343998908996582,1.149326205253601,23700,0.0,0.0
1992-06-26 00:00:00-04:00,1.1493270290203583,1.1642533540725708,1.1493270290203583,1.1642533540725708,20500,0.0,0.0
1992-06-29 00:00:00-04:00,1.149326205253601,1.164252519607544,1.1343998908996582,1.149326205253601,43100,0.0,0.0
1992-06-30 00:00:00-04:00,1.1344007039681459,1.1642533540725708,1.1344007039681459,1.1642533540725708,32400,0.0,0.0
1992-07-01 00:00:00-04:00,1.164252519607544,1.164252519607544,1.149326205253601,1.149326205253601,28600,0.0,0.0
1992-07-02 00:00:00-04:00,1.1642533540725708,1.1642533540725708,1.1493270290203583,1.1642533540725708,14500,0.0,0.0
1992-07-06 00:00:00-04:00,1.164252519607544,1.164252519607544,1.149326205253601,1.149326205253601,19100,0.0,0.0
1992-07-07 00:00:00-04:00,1.1493270290203583,1.1642533540725708,1.1493270290203583,1.1642533540725708,54600,0.0,0.0
1992-07-08 00:00:00-04:00,1.164252519607544,1.164252519607544,1.149326205253601,1.149326205253601,15800,0.0,0.0
1992-07-09 00:00:00-04:00,1.1715567111968994,1.1715567111968994,1.1565367533610418,1.1715567111968994,26600,0.06,0.0
1992-07-10 00:00:00-04:00,1.1565356254577637,1.1715555686455268,1.1565356254577637,1.1565356254577637,32300,0.0,0.0
1992-07-13 00:00:00-04:00,1.1565361098398137,1.186576008796692,1.1565361098398137,1.186576008796692,28100,0.0,0.0
1992-07-14 00:00:00-04:00,1.1865766690327573,1.1865766690327573,1.1715567111968994,1.1715567111968994,66000,0.0,0.0
1992-07-15 00:00:00-04:00,1.1715567111968994,1.1715567111968994,1.1565367533610418,1.1715567111968994,50400,0.0,0.0
1992-07-16 00:00:00-04:00,1.1715567111968994,1.1715567111968994,1.1565367533610418,1.1715567111968994,27600,0.0,0.0
1992-07-17 00:00:00-04:00,1.1715567111968994,1.1865766690327573,1.1565367533610418,1.1715567111968994,34400,0.0,0.0
1992-07-20 00:00:00-04:00,1.1715555686455268,1.1715555686455268,1.1565356254577637,1.1565356254577637,62000,0.0,0.0
1992-07-21 00:00:00-04:00,1.1565367533610418,1.1715567111968994,1.1565367533610418,1.1715567111968994,43700,0.0,0.0
1992-07-22 00:00:00-04:00,1.1715567111968994,1.1715567111968994,1.1565367533610418,1.1715567111968994,55300,0.0,0.0
1992-07-23 00:00:00-04:00,1.1715555686455268,1.1715555686455268,1.1565356254577637,1.1565356254577637,35800,0.0,0.0
1992-07-24 00:00:00-04:00,1.1715555686455268,1.1715555686455268,1.1565356254577637,1.1565356254577637,30700,0.0,0.0
1992-07-27 00:00:00-04:00,1.1565367533610418,1.1715567111968994,1.1565367533610418,1.1715567111968994,70100,0.0,0.0
1992-07-28 00:00:00-04:00,1.1565361098398137,1.186576008796692,1.1565361098398137,1.186576008796692,30800,0.0,0.0
1992-07-29 00:00:00-04:00,1.1715560593182528,1.186576008796692,1.1715560593182528,1.186576008796692,27100,0.0,0.0
1992-07-30 00:00:00-04:00,1.1715560593182528,1.186576008796692,1.1715560593182528,1.186576008796692,28600,0.0,0.0
1992-07-31 00:00:00-04:00,1.1715567111968994,1.1865766690327573,1.1715567111968994,1.1715567111968994,47300,0.0,0.0
1992-08-03 00:00:00-04:00,1.186576008796692,1.186576008796692,1.1715560593182528,1.186576008796692,39400,0.0,0.0
1992-08-04 00:00:00-04:00,1.1865767776966096,1.201596736907959,1.1865767776966096,1.201596736907959,55900,0.0,0.0
1992-08-05 00:00:00-04:00,1.186576008796692,1.201595958275131,1.186576008796692,1.186576008796692,41800,0.0,0.0
1992-08-06 00:00:00-04:00,1.201595958275131,1.201595958275131,1.1715560593182528,1.186576008796692,55600,0.0,0.0
1992-08-07 00:00:00-04:00,1.186576008796692,1.186576008796692,1.1715560593182528,1.186576008796692,42500,0.0,0.0
1992-08-10 00:00:00-04:00,1.1785979512371594,1.1937081813812256,1.1785979512371594,1.1937081813812256,39200,0.059,0.0
1992-08-11 00:00:00-04:00,1.1937081813812256,1.1937081813812256,1.1785979512371594,1.1937081813812256,20100,0.0,0.0
1992-08-12 00:00:00-04:00,1.1937081813812256,1.2088184115252918,1.1785979512371594,1.1937081813812256,41000,0.0,0.0
1992-08-13 00:00:00-04:00,1.1785982847213745,1.1937085191408792,1.1785982847213745,1.1785982847213745,20100,0.0,0.0
1992-08-14 00:00:00-04:00,1.1937081813812256,1.1937081813812256,1.1785979512371594,1.1937081813812256,22600,0.0,0.0
1992-08-17 00:00:00-04:00,1.1937085191408792,1.1937085191408792,1.1785982847213745,1.1785982847213745,36600,0.0,0.0
1992-08-18 00:00:00-04:00,1.1785979512371594,1.1937081813812256,1.1785979512371594,1.1937081813812256,34400,0.0,0.0
1992-08-19 00:00:00-04:00,1.1785979512371594,1.1937081813812256,1.1785979512371594,1.1937081813812256,29400,0.0,0.0
1992-08-20 00:00:00-04:00,1.1937085191408792,1.1937085191408792,1.1785982847213745,1.1785982847213745,43300,0.0,0.0
1992-08-21 00:00:00-04:00,1.1937085191408792,1.1937085191408792,1.1785982847213745,1.1785982847213745,37700,0.0,0.0
1992-08-24 00:00:00-04:00,1.1937081813812256,1.1937081813812256,1.1785979512371594,1.1937081813812256,58400,0.0,0.0
1992-08-25 00:00:00-04:00,1.1785972985354338,1.193707520311529,1.1634870767593384,1.1634870767593384,51100,0.0,0.0
1992-08-26 00:00:00-04:00,1.1785972985354338,1.1785972985354338,1.1483768549832432,1.1634870767593384,38900,0.0,0.0
1992-08-27 00:00:00-04:00,1.1483778158823648,1.1785982847213745,1.1483778158823648,1.1785982847213745,31900,0.0,0.0
1992-08-28 00:00:00-04:00,1.1785982847213745,1.1785982847213745,1.1634880503018696,1.1785982847213745,24300,0.0,0.0
1992-08-31 00:00:00-04:00,1.1785982439392493,1.1785982439392493,1.148377776145935,1.148377776145935,63800,0.0,0.0
1992-09-01 00:00:00-04:00,1.1634880503018696,1.1785982847213745,1.1483778158823648,1.1785982847213745,13700,0.0,0.0
1992-09-02 00:00:00-04:00,1.1785982847213745,1.1785982847213745,1.1483778158823648,1.1785982847213745,36400,0.0,0.0
1992-09-03 00:00:00-04:00,1.1634880503018696,1.1785982847213745,1.1634880503018696,1.1785982847213745,28800,0.0,0.0
1992-09-04 00:00:00-04:00,1.1634870767593384,1.1785972985354338,1.1634870767593384,1.1634870767593384,24700,0.0,0.0
1992-09-08 00:00:00-04:00,1.1785982847213745,1.1937085191408792,1.1634880503018696,1.1785982847213745,70300,0.0,0.0
1992-09-09 00:00:00-04:00,1.1705720913715851,1.185774326324463,1.1705720913715851,1.185774326324463,34400,0.059,0.0
1992-09-10 00:00:00-04:00,1.1857733107232429,1.1857733107232429,1.1705710887908936,1.1705710887908936,25400,0.0,0.0
1992-09-11 00:00:00-04:00,1.1705720913715851,1.185774326324463,1.1705720913715851,1.185774326324463,31800,0.0,0.0
1992-09-14 00:00:00-04:00,1.1705720913715851,1.185774326324463,1.1705720913715851,1.185774326324463,23500,0.0,0.0
1992-09-15 00:00:00-04:00,1.185774326324463,1.185774326324463,1.1705720913715851,1.185774326324463,21500,0.0,0.0
1992-09-16 00:00:00-04:00,1.1705710887908936,1.1857733107232429,1.1705710887908936,1.1705710887908936,32900,0.0,0.0
1992-09-17 00:00:00-04:00,1.1857728801275556,1.1857728801275556,1.155368447303772,1.155368447303772,32000,0.0,0.0
1992-09-18 00:00:00-04:00,1.155368447303772,1.1705706637156637,1.155368447303772,1.155368447303772,48100,0.0,0.0
1992-09-21 00:00:00-04:00,1.155368447303772,1.1705706637156637,1.155368447303772,1.155368447303772,76300,0.0,0.0
1992-09-22 00:00:00-04:00,1.1705706637156637,1.1705706637156637,1.1401662308918803,1.155368447303772,8100,0.0,0.0
1992-09-23 00:00:00-04:00,1.1401655673980713,1.1553677749633788,1.1401655673980713,1.1401655673980713,28500,0.0,0.0
1992-09-24 00:00:00-04:00,1.1401655673980713,1.1553677749633788,1.1401655673980713,1.1401655673980713,14400,0.0,0.0
1992-09-25 00:00:00-04:00,1.124963402748108,1.1401656108933527,1.124963402748108,1.124963402748108,31100,0.0,0.0
1992-09-28 00:00:00-04:00,1.1401655673980713,1.1553677749633788,1.1249633598327637,1.1401655673980713,20400,0.0,0.0
1992-09-29 00:00:00-04:00,1.1401662308918803,1.155368447303772,1.1401662308918803,1.155368447303772,19000,0.0,0.0
1992-09-30 00:00:00-04:00,1.1401662308918803,1.155368447303772,1.1401662308918803,1.155368447303772,11100,0.0,0.0
1992-10-01 00:00:00-04:00,1.155368447303772,1.155368447303772,1.1401662308918803,1.155368447303772,8200,0.0,0.0
1992-10-02 00:00:00-04:00,1.155368447303772,1.155368447303772,1.1401662308918803,1.155368447303772,14700,0.0,0.0
1992-10-05 00:00:00-04:00,1.1553677749633788,1.1553677749633788,1.1249633598327637,1.1401655673980713,51100,0.0,0.0
1992-10-06 00:00:00-04:00,1.1553677749633788,1.1553677749633788,1.1249633598327637,1.1401655673980713,49600,0.0,0.0
1992-10-07 00:00:00-04:00,1.1401656108933527,1.1401656108933527,1.124963402748108,1.124963402748108,25100,0.0,0.0
1992-10-08 00:00:00-04:00,1.1321858399444156,1.1321858399444156,1.1015862226486206,1.1015862226486206,55800,0.059,0.0
1992-10-09 00:00:00-04:00,1.1015862226486206,1.116886031296518,1.0862864140007231,1.1015862226486206,42000,0.0,0.0
1992-10-12 00:00:00-04:00,1.1015862226486206,1.1015862226486206,1.0862864140007231,1.1015862226486206,32900,0.0,0.0
1992-10-13 00:00:00-04:00,1.0862864140007231,1.1015862226486206,1.0862864140007231,1.1015862226486206,42400,0.0,0.0
1992-10-14 00:00:00-04:00,1.101585992625062,1.101585992625062,1.086286187171936,1.086286187171936,55900,0.0,0.0
1992-10-15 00:00:00-04:00,1.101585992625062,1.101585992625062,1.086286187171936,1.086286187171936,32600,0.0,0.0
1992-10-16 00:00:00-04:00,1.1015862589297087,1.1015862589297087,1.0556868314743042,1.0556868314743042,82000,0.0,0.0
1992-10-19 00:00:00-04:00,1.0709866406261057,1.0709866406261057,1.0556868314743042,1.0556868314743042,36800,0.0,0.0
1992-10-20 00:00:00-04:00,1.0556879324071549,1.0709877575145048,1.0403881072998047,1.0403881072998047,56400,0.0,0.0
1992-10-21 00:00:00-04:00,1.0556868314743042,1.0556868314743042,1.0250872131707012,1.0556868314743042,66100,0.0,0.0
1992-10-22 00:00:00-04:00,1.0403868947710309,1.0709865093231201,1.0403868947710309,1.0709865093231201,25800,0.0,0.0
1992-10-23 00:00:00-04:00,1.086286187171936,1.086286187171936,1.07098638171881,1.086286187171936,25900,0.0,0.0
1992-10-26 00:00:00-05:00,1.0862864140007231,1.1015862226486206,1.0709866053528256,1.1015862226486206,17500,0.0,0.0
1992-10-27 00:00:00-05:00,1.0862864140007231,1.1015862226486206,1.0862864140007231,1.1015862226486206,8900,0.0,0.0
1992-10-28 00:00:00-05:00,1.101585992625062,1.101585992625062,1.086286187171936,1.086286187171936,18900,0.0,0.0
1992-10-29 00:00:00-05:00,1.1015862226486206,1.1015862226486206,1.0862864140007231,1.1015862226486206,26700,0.0,0.0
1992-10-30 00:00:00-05:00,1.1015862226486206,1.1015862226486206,1.0862864140007231,1.1015862226486206,31500,0.0,0.0
1992-11-02 00:00:00-05:00,1.116886031296518,1.116886031296518,1.1015862226486206,1.1015862226486206,17300,0.0,0.0
1992-11-03 00:00:00-05:00,1.1168863773345947,1.1168863773345947,1.1015865639464495,1.1168863773345947,22300,0.0,0.0
1992-11-04 00:00:00-05:00,1.116886031296518,1.116886031296518,1.1015862226486206,1.1015862226486206,23900,0.0,0.0
1992-11-05 00:00:00-05:00,1.1015862226486206,1.116886031296518,1.1015862226486206,1.1015862226486206,26500,0.0,0.0
1992-11-06 00:00:00-05:00,1.116886031296518,1.116886031296518,1.1015862226486206,1.1015862226486206,31600,0.0,0.0
1992-11-09 00:00:00-05:00,1.1087314396688384,1.1241304874420166,1.0933323918956601,1.1241304874420166,20200,0.058,0.0
1992-11-10 00:00:00-05:00,1.1241304874420166,1.1241304874420166,1.1087314396688384,1.1241304874420166,20600,0.0,0.0
1992-11-11 00:00:00-05:00,1.1241300735208724,1.1241300735208724,1.1087310314178467,1.1087310314178467,15700,0.0,0.0
1992-11-12 00:00:00-05:00,1.1241300735208724,1.1241300735208724,1.093331989314821,1.1087310314178467,24300,0.0,0.0
1992-11-13 00:00:00-05:00,1.0933314561843872,1.1087304907785336,1.0933314561843872,1.0933314561843872,15800,0.0,0.0
1992-11-16 00:00:00-05:00,1.093331989314821,1.1087310314178467,1.0779329472117953,1.1087310314178467,31300,0.0,0.0
1992-11-17 00:00:00-05:00,1.0933314561843872,1.1087304907785336,1.0933314561843872,1.0933314561843872,39500,0.0,0.0
1992-11-18 00:00:00-05:00,1.0933314561843872,1.1087304907785336,1.0779324215902408,1.0933314561843872,30800,0.0,0.0
1992-11-19 00:00:00-05:00,1.0933314561843872,1.1087304907785336,1.0779324215902408,1.0933314561843872,30000,0.0,0.0
1992-11-20 00:00:00-05:00,1.1087304907785336,1.1087304907785336,1.0933314561843872,1.0933314561843872,20000,0.0,0.0
1992-11-23 00:00:00-05:00,1.093331989314821,1.1087310314178467,1.093331989314821,1.1087310314178467,13800,0.0,0.0
1992-11-24 00:00:00-05:00,1.108730547768729,1.108730547768729,1.0779324769973755,1.0779324769973755,45700,0.0,0.0
1992-11-25 00:00:00-05:00,1.0933314561843872,1.0933314561843872,1.0779324215902408,1.0933314561843872,15400,0.0,0.0
1992-11-27 00:00:00-05:00,1.0933314561843872,1.0933314561843872,1.0779324215902408,1.0933314561843872,7100,0.0,0.0
1992-11-30 00:00:00-05:00,1.093331989314821,1.1087310314178467,1.093331989314821,1.1087310314178467,60900,0.0,0.0
1992-12-01 00:00:00-05:00,1.1241300735208724,1.1241300735208724,1.093331989314821,1.1087310314178467,24900,0.0,0.0
1992-12-02 00:00:00-05:00,1.1241300735208724,1.1241300735208724,1.1087310314178467,1.1087310314178467,15400,0.0,0.0
1992-12-03 00:00:00-05:00,1.1241300735208724,1.1241300735208724,1.1087310314178467,1.1087310314178467,19900,0.0,0.0
1992-12-04 00:00:00-05:00,1.1241304874420166,1.1241304874420166,1.1087314396688384,1.1241304874420166,27100,0.0,0.0
1992-12-07 00:00:00-05:00,1.1241300735208724,1.1241300735208724,1.1087310314178467,1.1087310314178467,32200,0.0,0.0
1992-12-08 00:00:00-05:00,1.1087314396688384,1.1241304874420166,1.1087314396688384,1.1241304874420166,50200,0.0,0.0
1992-12-09 00:00:00-05:00,1.1158231278540383,1.1158231278540383,1.100325584411621,1.100325584411621,42200,0.058,0.0
1992-12-10 00:00:00-05:00,1.1003256831850325,1.1158232280186244,1.0848281383514404,1.0848281383514404,83400,0.0,0.0
1992-12-11 00:00:00-05:00,1.100325584411621,1.100325584411621,1.084828040969204,1.100325584411621,20100,0.0,0.0
1992-12-14 00:00:00-05:00,1.1003256831850325,1.1003256831850325,1.0848281383514404,1.0848281383514404,32100,0.0,0.0
1992-12-15 00:00:00-05:00,1.084829568862915,1.1003271341323853,1.0693320035934448,1.0693320035934448,40500,0.0,0.0
1992-12-16 00:00:00-05:00,1.0848281383514404,1.0848281383514404,1.0693305935178485,1.0848281383514404,39200,0.0,0.0
1992-12-17 00:00:00-05:00,1.0848281383514404,1.0848281383514404,1.0538330486842564,1.0848281383514404,45100,0.0,0.0
1992-12-18 00:00:00-05:00,1.0848281383514404,1.0848281383514404,1.0693305935178485,1.0848281383514404,51800,0.0,0.0
1992-12-21 00:00:00-05:00,1.0693305935178485,1.0848281383514404,1.0538330486842564,1.0848281383514404,38800,0.0,0.0
1992-12-22 00:00:00-05:00,1.0538344383239746,1.0693320035934448,1.0538344383239746,1.0538344383239746,86000,0.0,0.0
1992-12-23 00:00:00-05:00,1.0538344383239746,1.0693320035934448,1.0383368730545044,1.0538344383239746,29600,0.0,0.0
1992-12-24 00:00:00-05:00,1.0538344383239746,1.0693320035934448,1.0383368730545044,1.0538344383239746,30900,0.0,0.0
1992-12-28 00:00:00-05:00,1.0538344383239746,1.0693320035934448,1.0383368730545044,1.0538344383239746,53600,0.0,0.0
1992-12-29 00:00:00-05:00,1.0383368730545044,1.0693320035934448,1.0383368730545044,1.0538344383239746,38900,0.0,0.0
1992-12-30 00:00:00-05:00,1.0383353233337402,1.0538328654730498,1.0383353233337402,1.0383353233337402,60500,0.0,0.0
1992-12-31 00:00:00-05:00,1.0383368730545044,1.0538344383239746,1.0383368730545044,1.0538344383239746,72300,0.0,0.0
1993-01-04 00:00:00-05:00,1.0538344383239746,1.0693320035934448,1.0538344383239746,1.0693320035934448,56000,0.0,0.0
1993-01-05 00:00:00-05:00,1.0693304975267868,1.100325584411621,1.0538329540843696,1.100325584411621,46800,0.0,0.0
1993-01-06 00:00:00-05:00,1.084828040969204,1.100325584411621,1.084828040969204,1.100325584411621,19800,0.0,0.0
1993-01-07 00:00:00-05:00,1.1003257234891255,1.1158232688903809,1.1003257234891255,1.1158232688903809,38600,0.0,0.0
1993-01-08 00:00:00-05:00,1.1158232688903809,1.1158232688903809,1.1003257234891255,1.1158232688903809,35500,0.0,0.0
1993-01-11 00:00:00-05:00,1.1075860261917114,1.12318582937751,1.1075860261917114,1.1075860261917114,51400,0.059,0.0
1993-01-12 00:00:00-05:00,1.1075865394539304,1.1231863498687744,1.1075865394539304,1.1231863498687744,18700,0.0,0.0
1993-01-13 00:00:00-05:00,1.1231863498687744,1.1231863498687744,1.1075865394539304,1.1231863498687744,18700,0.0,0.0
1993-01-14 00:00:00-05:00,1.1231863498687744,1.1387861602836185,1.1075865394539304,1.1231863498687744,30000,0.0,0.0
1993-01-15 00:00:00-05:00,1.138785632563309,1.138785632563309,1.1075860261917114,1.1075860261917114,29600,0.0,0.0
1993-01-18 00:00:00-05:00,1.1075865394539304,1.1231863498687744,1.1075865394539304,1.1231863498687744,22200,0.0,0.0
1993-01-19 00:00:00-05:00,1.1231863498687744,1.1231863498687744,1.1075865394539304,1.1231863498687744,54600,0.0,0.0
1993-01-20 00:00:00-05:00,1.1075873864840156,1.138787031173706,1.1075873864840156,1.138787031173706,12700,0.0,0.0
1993-01-21 00:00:00-05:00,1.1387861602836185,1.1387861602836185,1.1231863498687744,1.1231863498687744,42200,0.0,0.0
1993-01-22 00:00:00-05:00,1.1387861602836185,1.1387861602836185,1.1231863498687744,1.1231863498687744,38500,0.0,0.0
1993-01-25 00:00:00-05:00,1.1231863498687744,1.1387861602836185,1.1231863498687744,1.1231863498687744,17400,0.0,0.0
1993-01-26 00:00:00-05:00,1.1387861602836185,1.1543859706984625,1.1231863498687744,1.1231863498687744,31100,0.0,0.0
1993-01-27 00:00:00-05:00,1.1387861602836185,1.1387861602836185,1.1231863498687744,1.1231863498687744,22300,0.0,0.0
1993-01-28 00:00:00-05:00,1.138787031173706,1.138787031173706,1.1231872088288608,1.138787031173706,11500,0.0,0.0
1993-01-29 00:00:00-05:00,1.1387861602836185,1.1387861602836185,1.1231863498687744,1.1231863498687744,31500,0.0,0.0
1993-02-01 00:00:00-05:00,1.1387861145509255,1.1543859243392944,1.1231863047625568,1.1543859243392944,34500,0.0,0.0
1993-02-02 00:00:00-05:00,1.1543859243392944,1.1543859243392944,1.1387861145509255,1.1543859243392944,29800,0.0,0.0
1993-02-03 00:00:00-05:00,1.1387861145509255,1.1699857341276632,1.1387861145509255,1.1543859243392944,50900,0.0,0.0
1993-02-04 00:00:00-05:00,1.154386313756307,1.1699861288070679,1.154386313756307,1.1699861288070679,30900,0.0,0.0
1993-02-05 00:00:00-05:00,1.1699861288070679,1.1699861288070679,1.154386313756307,1.1699861288070679,34700,0.0,0.0
1993-02-08 00:00:00-05:00,1.1699871013039036,1.2011867573386745,1.1699871013039036,1.185586929321289,80900,0.0,0.0
1993-02-09 00:00:00-05:00,1.1929948329925537,1.1929948329925537,1.1616002321243286,1.1616002321243286,46000,0.059,0.0
1993-02-10 00:00:00-05:00,1.1772975325584412,1.1772975325584412,1.1616002321243286,1.1616002321243286,26100,0.0,0.0
1993-02-11 00:00:00-05:00,1.177297830581665,1.177297830581665,1.1616005261739095,1.177297830581665,25500,0.0,0.0
1993-02-12 00:00:00-05:00,1.1772975325584412,1.1772975325584412,1.1616002321243286,1.1616002321243286,11400,0.0,0.0
1993-02-16 00:00:00-05:00,1.1772988266066502,1.1929961442947388,1.1616015089185614,1.1929961442947388,49300,0.0,0.0
1993-02-17 00:00:00-05:00,1.1929961442947388,1.2086934619828273,1.1772988266066502,1.1929961442947388,36400,0.0,0.0
1993-02-18 00:00:00-05:00,1.2086923122406006,1.2086923122406006,1.1929950094842292,1.2086923122406006,58000,0.0,0.0
1993-02-19 00:00:00-05:00,1.2086923122406006,1.2086923122406006,1.1929950094842292,1.2086923122406006,43300,0.0,0.0
1993-02-22 00:00:00-05:00,1.2086934619828273,1.2086934619828273,1.1929961442947388,1.1929961442947388,25900,0.0,0.0
1993-02-23 00:00:00-05:00,1.2086923122406006,1.2243896149969722,1.1929950094842292,1.2086923122406006,50200,0.0,0.0
1993-02-24 00:00:00-05:00,1.2086915450218396,1.224388837814331,1.2086915450218396,1.224388837814331,37200,0.0,0.0
1993-02-25 00:00:00-05:00,1.224388837814331,1.224388837814331,1.2086915450218396,1.224388837814331,42200,0.0,0.0
1993-02-26 00:00:00-05:00,1.2243896149969722,1.2243896149969722,1.2086923122406006,1.2086923122406006,20700,0.0,0.0
1993-03-01 00:00:00-05:00,1.2086915450218396,1.224388837814331,1.2086915450218396,1.224388837814331,56700,0.0,0.0
1993-03-02 00:00:00-05:00,1.224388837814331,1.224388837814331,1.2086915450218396,1.224388837814331,24800,0.0,0.0
1993-03-03 00:00:00-05:00,1.2086915450218396,1.224388837814331,1.2086915450218396,1.224388837814331,38200,0.0,0.0
1993-03-04 00:00:00-05:00,1.2243896149969722,1.2243896149969722,1.2086923122406006,1.2086923122406006,38100,0.0,0.0
1993-03-05 00:00:00-05:00,1.2086915450218396,1.224388837814331,1.2086915450218396,1.224388837814331,34900,0.0,0.0
1993-03-08 00:00:00-05:00,1.2243896149969722,1.2400869177533436,1.2086923122406006,1.2086923122406006,49200,0.0,0.0
1993-03-09 00:00:00-05:00,1.2160195387326753,1.2318120002746582,1.2160195387326753,1.2318120002746582,36600,0.058,0.0
1993-03-10 00:00:00-05:00,1.2318120002746582,1.2318120002746582,1.2160195387326753,1.2318120002746582,40300,0.0,0.0
1993-03-11 00:00:00-05:00,1.2160195387326753,1.2318120002746582,1.2160195387326753,1.2318120002746582,19700,0.0,0.0
1993-03-12 00:00:00-05:00,1.216020107269287,1.2318125761948624,1.216020107269287,1.216020107269287,22700,0.0,0.0
1993-03-15 00:00:00-05:00,1.216020107269287,1.2318125761948624,1.216020107269287,1.216020107269287,24100,0.0,0.0
1993-03-16 00:00:00-05:00,1.2318125761948624,1.2318125761948624,1.216020107269287,1.216020107269287,15400,0.0,0.0
1993-03-17 00:00:00-05:00,1.2160195387326753,1.2318120002746582,1.2160195387326753,1.2318120002746582,24900,0.0,0.0
1993-03-18 00:00:00-05:00,1.2318125761948624,1.2318125761948624,1.216020107269287,1.216020107269287,39100,0.0,0.0
1993-03-19 00:00:00-05:00,1.2160195387326753,1.2476044618166409,1.2160195387326753,1.2318120002746582,35800,0.0,0.0
1993-03-22 00:00:00-05:00,1.2318120002746582,1.2476044618166409,1.2318120002746582,1.2318120002746582,25500,0.0,0.0
1993-03-23 00:00:00-05:00,1.247604250907898,1.247604250907898,1.2318117920356462,1.247604250907898,11800,0.0,0.0
1993-03-24 00:00:00-05:00,1.2476044618166409,1.2476044618166409,1.2160195387326753,1.2318120002746582,25600,0.0,0.0
1993-03-25 00:00:00-05:00,1.2318120002746582,1.2318120002746582,1.2160195387326753,1.2318120002746582,20900,0.0,0.0
1993-03-26 00:00:00-05:00,1.2318125761948624,1.2318125761948624,1.216020107269287,1.216020107269287,48600,0.0,0.0
1993-03-29 00:00:00-05:00,1.216020107269287,1.2318125761948624,1.216020107269287,1.216020107269287,41500,0.0,0.0
1993-03-30 00:00:00-05:00,1.2160195387326753,1.2318120002746582,1.2002270771906924,1.2318120002746582,27200,0.0,0.0
1993-03-31 00:00:00-05:00,1.2160212946565527,1.2318137790027417,1.2002288103103638,1.2002288103103638,24700,0.0,0.0
1993-04-01 00:00:00-05:00,1.216020107269287,1.216020107269287,1.200227638343712,1.216020107269287,29200,0.0,0.0
1993-04-02 00:00:00-05:00,1.2002288103103638,1.2160212946565527,1.2002288103103638,1.2002288103103638,15900,0.0,0.0
1993-04-05 00:00:00-04:00,1.216020107269287,1.216020107269287,1.200227638343712,1.216020107269287,13500,0.0,0.0
1993-04-06 00:00:00-04:00,1.2160212946565527,1.2160212946565527,1.2002288103103638,1.2002288103103638,17600,0.0,0.0
1993-04-07 00:00:00-04:00,1.2002277183532715,1.2002277183532715,1.184435248374939,1.184435248374939,30600,0.0,0.0
1993-04-08 00:00:00-04:00,1.2076992416381835,1.2076992416381835,1.1918084621429443,1.1918084621429443,20400,0.058,0.0
1993-04-12 00:00:00-04:00,1.2076992416381835,1.2076992416381835,1.1918084621429443,1.1918084621429443,17900,0.0,0.0
1993-04-13 00:00:00-04:00,1.207700490951538,1.207700490951538,1.1918096950179653,1.207700490951538,13900,0.0,0.0
1993-04-14 00:00:00-04:00,1.1918096950179653,1.207700490951538,1.1918096950179653,1.207700490951538,28300,0.0,0.0
1993-04-15 00:00:00-04:00,1.2076992416381835,1.2076992416381835,1.1918084621429443,1.1918084621429443,11000,0.0,0.0
1993-04-16 00:00:00-04:00,1.2076992416381835,1.2076992416381835,1.1918084621429443,1.1918084621429443,34800,0.0,0.0
1993-04-19 00:00:00-04:00,1.2076992416381835,1.2076992416381835,1.1918084621429443,1.1918084621429443,29000,0.0,0.0
1993-04-20 00:00:00-04:00,1.1918084621429443,1.2076992416381835,1.1918084621429443,1.1918084621429443,38000,0.0,0.0
1993-04-21 00:00:00-04:00,1.2076992416381835,1.2076992416381835,1.1918084621429443,1.1918084621429443,46700,0.0,0.0
1993-04-22 00:00:00-04:00,1.2076992416381835,1.2076992416381835,1.1918084621429443,1.1918084621429443,34100,0.0,0.0
1993-04-23 00:00:00-04:00,1.207700490951538,1.207700490951538,1.1918096950179653,1.207700490951538,26700,0.0,0.0
1993-04-26 00:00:00-04:00,1.207700490951538,1.223591286885111,1.1918096950179653,1.207700490951538,46800,0.0,0.0
1993-04-27 00:00:00-04:00,1.1918096950179653,1.223591286885111,1.1918096950179653,1.207700490951538,20100,0.0,0.0
1993-04-28 00:00:00-04:00,1.207700490951538,1.223591286885111,1.207700490951538,1.207700490951538,22200,0.0,0.0
1993-04-29 00:00:00-04:00,1.207699236931739,1.2235900163650513,1.207699236931739,1.2235900163650513,20400,0.0,0.0
1993-04-30 00:00:00-04:00,1.2235900163650513,1.2235900163650513,1.207699236931739,1.2235900163650513,19700,0.0,0.0
1993-05-03 00:00:00-04:00,1.207700490951538,1.223591286885111,1.207700490951538,1.207700490951538,15900,0.0,0.0
1993-05-04 00:00:00-04:00,1.2235900163650513,1.2235900163650513,1.207699236931739,1.2235900163650513,24300,0.0,0.0
1993-05-05 00:00:00-04:00,1.207699236931739,1.2235900163650513,1.1918084574984267,1.2235900163650513,24200,0.0,0.0
1993-05-06 00:00:00-04:00,1.2235900163650513,1.2235900163650513,1.207699236931739,1.2235900163650513,26900,0.0,0.0
1993-05-07 00:00:00-04:00,1.2076992416381835,1.2235900211334227,1.1918084621429443,1.1918084621429443,29100,0.0,0.0
1993-05-10 00:00:00-04:00,1.1992284733998149,1.215218186378479,1.1992284733998149,1.215218186378479,18900,0.058,0.0
1993-05-11 00:00:00-04:00,1.2152166684468586,1.2152166684468586,1.199226975440979,1.199226975440979,20700,0.0,0.0
1993-05-12 00:00:00-04:00,1.2152180176276663,1.2312077283859253,1.1992283068694076,1.2312077283859253,32000,0.0,0.0
1993-05-13 00:00:00-04:00,1.2152180176276663,1.2312077283859253,1.2152180176276663,1.2312077283859253,18200,0.0,0.0
1993-05-14 00:00:00-04:00,1.2152180176276663,1.2312077283859253,1.2152180176276663,1.2312077283859253,23400,0.0,0.0
1993-05-17 00:00:00-04:00,1.2152180176276663,1.2312077283859253,1.2152180176276663,1.2312077283859253,38700,0.0,0.0
1993-05-18 00:00:00-04:00,1.2152180176276663,1.2312077283859253,1.2152180176276663,1.2312077283859253,26500,0.0,0.0
1993-05-19 00:00:00-04:00,1.2312063614527384,1.2312063614527384,1.199226975440979,1.199226975440979,56500,0.0,0.0
1993-05-20 00:00:00-04:00,1.215218186378479,1.215218186378479,1.1992284733998149,1.215218186378479,6300,0.0,0.0
1993-05-21 00:00:00-04:00,1.2312078993571431,1.2312078993571431,1.1992284733998149,1.215218186378479,20000,0.0,0.0
1993-05-24 00:00:00-04:00,1.1992284733998149,1.215218186378479,1.1992284733998149,1.215218186378479,31400,0.0,0.0
1993-05-25 00:00:00-04:00,1.199226975440979,1.2152166684468586,1.199226975440979,1.199226975440979,45800,0.0,0.0
1993-05-26 00:00:00-04:00,1.215218186378479,1.215218186378479,1.1992284733998149,1.215218186378479,23200,0.0,0.0
1993-05-27 00:00:00-04:00,1.215218186378479,1.215218186378479,1.1992284733998149,1.215218186378479,23100,0.0,0.0
1993-05-28 00:00:00-04:00,1.1992284733998149,1.215218186378479,1.1992284733998149,1.215218186378479,15800,0.0,0.0
1993-06-01 00:00:00-04:00,1.2152166684468586,1.2152166684468586,1.199226975440979,1.199226975440979,59900,0.0,0.0
1993-06-02 00:00:00-04:00,1.199226975440979,1.2152166684468586,1.199226975440979,1.199226975440979,38000,0.0,0.0
1993-06-03 00:00:00-04:00,1.199226975440979,1.2152166684468586,1.199226975440979,1.199226975440979,21200,0.0,0.0
1993-06-04 00:00:00-04:00,1.1992283068694076,1.2312077283859253,1.1992283068694076,1.2312077283859253,28300,0.0,0.0
1993-06-07 00:00:00-04:00,1.215218186378479,1.2312078993571431,1.1992284733998149,1.215218186378479,19600,0.0,0.0
1993-06-08 00:00:00-04:00,1.2312077283859253,1.2312077283859253,1.2152180176276663,1.2312077283859253,12800,0.0,0.0
1993-06-09 00:00:00-04:00,1.2227134704589844,1.2227134704589844,1.2066251353213662,1.2227134704589844,19000,0.059,0.0
1993-06-10 00:00:00-04:00,1.2227134704589844,1.2227134704589844,1.2066251353213662,1.2227134704589844,22600,0.0,0.0
1993-06-11 00:00:00-04:00,1.2227134704589844,1.2227134704589844,1.2066251353213662,1.2227134704589844,11700,0.0,0.0
1993-06-14 00:00:00-04:00,1.2227130307779683,1.23880136013031,1.2066247014256266,1.23880136013031,15200,0.0,0.0
1993-06-15 00:00:00-04:00,1.23880136013031,1.23880136013031,1.2066247014256266,1.23880136013031,32700,0.0,0.0
1993-06-16 00:00:00-04:00,1.2227134704589844,1.2388018055966026,1.2227134704589844,1.2227134704589844,23900,0.0,0.0
1993-06-17 00:00:00-04:00,1.2388018055966026,1.2388018055966026,1.2227134704589844,1.2227134704589844,16500,0.0,0.0
1993-06-18 00:00:00-04:00,1.2227134704589844,1.2388018055966026,1.2227134704589844,1.2227134704589844,27700,0.0,0.0
1993-06-21 00:00:00-04:00,1.2227130307779683,1.23880136013031,1.2227130307779683,1.23880136013031,6000,0.0,0.0
1993-06-22 00:00:00-04:00,1.2388018055966026,1.2388018055966026,1.2227134704589844,1.2227134704589844,67300,0.0,0.0
1993-06-23 00:00:00-04:00,1.23880136013031,1.23880136013031,1.2227130307779683,1.23880136013031,23500,0.0,0.0
1993-06-24 00:00:00-04:00,1.2388018055966026,1.2388018055966026,1.2227134704589844,1.2227134704589844,10500,0.0,0.0
1993-06-25 00:00:00-04:00,1.23880136013031,1.23880136013031,1.2227130307779683,1.23880136013031,13300,0.0,0.0
1993-06-28 00:00:00-04:00,1.2388010437671955,1.2548893690109253,1.2227127185234656,1.2548893690109253,47400,0.0,0.0
1993-06-29 00:00:00-04:00,1.23880136013031,1.2548896894826518,1.23880136013031,1.23880136013031,24900,0.0,0.0
1993-06-30 00:00:00-04:00,1.2227127185234656,1.2548893690109253,1.2227127185234656,1.2548893690109253,16600,0.0,0.0
1993-07-01 00:00:00-04:00,1.2388010437671955,1.2548893690109253,1.2388010437671955,1.2548893690109253,23700,0.0,0.0
1993-07-02 00:00:00-04:00,1.2548896894826518,1.2548896894826518,1.2227130307779683,1.23880136013031,37900,0.0,0.0
1993-07-06 00:00:00-04:00,1.23880136013031,1.2548896894826518,1.23880136013031,1.23880136013031,20800,0.0,0.0
1993-07-07 00:00:00-04:00,1.2548893690109253,1.2548893690109253,1.2388010437671955,1.2548893690109253,29900,0.0,0.0
1993-07-08 00:00:00-04:00,1.2548879973496063,1.2709763050079348,1.238799689691278,1.2709763050079346,63600,0.0,0.0
1993-07-09 00:00:00-04:00,1.2786163091659546,1.2786163091659546,1.2624312925942336,1.2786163091659546,37800,0.059,0.0
1993-07-12 00:00:00-04:00,1.2786163091659546,1.2786163091659546,1.2624312925942336,1.2786163091659546,68100,0.0,0.0
1993-07-13 00:00:00-04:00,1.2624323368072508,1.278617366766318,1.2624323368072508,1.262432336807251,38500,0.0,0.0
1993-07-14 00:00:00-04:00,1.2624323368072508,1.278617366766318,1.2462473068481836,1.262432336807251,22200,0.0,0.0
1993-07-15 00:00:00-04:00,1.2624323368072508,1.278617366766318,1.2624323368072508,1.262432336807251,26300,0.0,0.0
1993-07-16 00:00:00-04:00,1.2624312925942336,1.2786163091659546,1.2624312925942336,1.2786163091659546,19000,0.0,0.0
1993-07-19 00:00:00-04:00,1.2624323368072508,1.278617366766318,1.2624323368072508,1.262432336807251,10900,0.0,0.0
1993-07-20 00:00:00-04:00,1.2624323368072508,1.278617366766318,1.2624323368072508,1.262432336807251,15800,0.0,0.0
1993-07-21 00:00:00-04:00,1.2624323368072508,1.278617366766318,1.2624323368072508,1.262432336807251,31500,0.0,0.0
1993-07-22 00:00:00-04:00,1.278617366766318,1.278617366766318,1.2624323368072508,1.262432336807251,12200,0.0,0.0
1993-07-23 00:00:00-04:00,1.2624323368072508,1.278617366766318,1.2624323368072508,1.262432336807251,6800,0.0,0.0
1993-07-26 00:00:00-04:00,1.2786163091659546,1.2786163091659546,1.2624312925942336,1.2786163091659546,35200,0.0,0.0
1993-07-27 00:00:00-04:00,1.2624312925942336,1.2786163091659546,1.2624312925942336,1.2786163091659546,18900,0.0,0.0
1993-07-28 00:00:00-04:00,1.278617366766318,1.278617366766318,1.2624323368072508,1.262432336807251,25500,0.0,0.0
1993-07-29 00:00:00-04:00,1.2786163091659546,1.2786163091659546,1.2624312925942336,1.2786163091659546,23800,0.0,0.0
1993-07-30 00:00:00-04:00,1.278617366766318,1.278617366766318,1.2624323368072508,1.262432336807251,22900,0.0,0.0
1993-08-02 00:00:00-04:00,1.2786163091659546,1.2786163091659546,1.2624312925942336,1.2786163091659546,13200,0.0,0.0
1993-08-03 00:00:00-04:00,1.2786163091659546,1.2786163091659546,1.2624312925942336,1.2786163091659546,23000,0.0,0.0
1993-08-04 00:00:00-04:00,1.2786163091659546,1.2786163091659546,1.2624312925942336,1.2786163091659546,20900,0.0,0.0
1993-08-05 00:00:00-04:00,1.2786163091659546,1.2786163091659546,1.2624312925942336,1.2786163091659546,12600,0.0,0.0
1993-08-06 00:00:00-04:00,1.2624312925942336,1.2786163091659546,1.2624312925942336,1.2786163091659546,20200,0.0,0.0
1993-08-09 00:00:00-04:00,1.2624323368072508,1.278617366766318,1.2624323368072508,1.262432336807251,82200,0.0,0.0
1993-08-10 00:00:00-04:00,1.269987940788269,1.2862698374650416,1.2537060441114964,1.269987940788269,65100,0.058,0.0
1993-08-11 00:00:00-04:00,1.269987940788269,1.2862698374650416,1.269987940788269,1.269987940788269,20700,0.0,0.0
1993-08-12 00:00:00-04:00,1.2862698374650416,1.2862698374650416,1.269987940788269,1.269987940788269,24400,0.0,0.0
1993-08-13 00:00:00-04:00,1.2699861224693587,1.2862679958343506,1.2699861224693587,1.2862679958343506,39200,0.0,0.0
1993-08-16 00:00:00-04:00,1.269987940788269,1.2862698374650416,1.269987940788269,1.269987940788269,47500,0.0,0.0
1993-08-17 00:00:00-04:00,1.2862679958343506,1.2862679958343506,1.2699861224693587,1.2862679958343506,42500,0.0,0.0
1993-08-18 00:00:00-04:00,1.2862698374650416,1.2862698374650416,1.269987940788269,1.269987940788269,23000,0.0,0.0
1993-08-19 00:00:00-04:00,1.2862679958343506,1.2862679958343506,1.2699861224693587,1.2862679958343506,54600,0.0,0.0
1993-08-20 00:00:00-04:00,1.2862679958343506,1.2862679958343506,1.2699861224693587,1.2862679958343506,22600,0.0,0.0
1993-08-23 00:00:00-04:00,1.2699861224693587,1.3025498691993422,1.2699861224693587,1.2862679958343506,56200,0.0,0.0
1993-08-24 00:00:00-04:00,1.2862679958343506,1.2862679958343506,1.2862679958343506,1.2862679958343506,20500,0.0,0.0
1993-08-25 00:00:00-04:00,1.2862685546278954,1.3025504350662231,1.2862685546278954,1.3025504350662231,17700,0.0,0.0
1993-08-26 00:00:00-04:00,1.3025504350662231,1.3025504350662231,1.2862685546278954,1.3025504350662231,10600,0.0,0.0
1993-08-27 00:00:00-04:00,1.3025498691993422,1.3025498691993422,1.2862679958343506,1.2862679958343506,35000,0.0,0.0
1993-08-30 00:00:00-04:00,1.2862679958343506,1.3025498691993422,1.2862679958343506,1.2862679958343506,28700,0.0,0.0
1993-08-31 00:00:00-04:00,1.2862679958343506,1.3025498691993422,1.2862679958343506,1.2862679958343506,20600,0.0,0.0
1993-09-01 00:00:00-04:00,1.2862679958343506,1.3025498691993422,1.2699861224693587,1.2862679958343506,34300,0.0,0.0
1993-09-02 00:00:00-04:00,1.3025517341418145,1.3025517341418145,1.269987940788269,1.269987940788269,59800,0.0,0.0
1993-09-03 00:00:00-04:00,1.269987940788269,1.2862698374650416,1.2537060441114964,1.269987940788269,57900,0.0,0.0
1993-09-07 00:00:00-04:00,1.2537060441114964,1.269987940788269,1.2537060441114964,1.269987940788269,27100,0.0,0.0
1993-09-08 00:00:00-04:00,1.2537060441114964,1.2862698374650416,1.2537060441114964,1.269987940788269,27700,0.0,0.0
1993-09-09 00:00:00-04:00,1.2775862960072306,1.2775862960072306,1.2612069845199585,1.2612069845199585,21300,0.058,0.0
1993-09-10 00:00:00-04:00,1.2775862960072306,1.2775862960072306,1.2612069845199585,1.2612069845199585,24000,0.0,0.0
1993-09-13 00:00:00-04:00,1.2775862216949463,1.2775862216949463,1.2612069111603956,1.2775862216949463,20500,0.0,0.0
1993-09-14 00:00:00-04:00,1.2612069111603956,1.2775862216949463,1.2612069111603956,1.2775862216949463,49500,0.0,0.0
1993-09-15 00:00:00-04:00,1.2612069845199585,1.2775862960072306,1.2612069845199585,1.2612069845199585,50000,0.0,0.0
1993-09-16 00:00:00-04:00,1.2775860315636745,1.2939653396606445,1.2775860315636745,1.2939653396606445,43600,0.0,0.0
1993-09-17 00:00:00-04:00,1.2939655322294967,1.2939655322294967,1.2775862216949463,1.2775862216949463,28700,0.0,0.0
1993-09-20 00:00:00-04:00,1.2775862216949463,1.2939655322294967,1.2775862216949463,1.2775862216949463,23000,0.0,0.0
1993-09-21 00:00:00-04:00,1.2775862216949463,1.2939655322294967,1.2775862216949463,1.2775862216949463,70900,0.0,0.0
1993-09-22 00:00:00-04:00,1.2939653396606445,1.3103446477576148,1.2775860315636745,1.2939653396606445,71300,0.0,0.0
1993-09-23 00:00:00-04:00,1.3103446477576148,1.3103446477576148,1.2939653396606445,1.2939653396606445,19400,0.0,0.0
1993-09-24 00:00:00-04:00,1.3103455305099487,1.3103455305099487,1.2939662113785744,1.3103455305099487,11800,0.0,0.0
1993-09-27 00:00:00-04:00,1.2939662113785744,1.3103455305099487,1.2775868922472,1.3103455305099487,18600,0.0,0.0
1993-09-28 00:00:00-04:00,1.2775860315636745,1.3103446477576148,1.2775860315636745,1.2939653396606445,38500,0.0,0.0
1993-09-29 00:00:00-04:00,1.2939653396606445,1.3103446477576148,1.2775860315636745,1.2939653396606445,23100,0.0,0.0
1993-09-30 00:00:00-04:00,1.2775862216949463,1.2939655322294967,1.2775862216949463,1.2775862216949463,26100,0.0,0.0
1993-10-01 00:00:00-04:00,1.2939653396606445,1.2939653396606445,1.2775860315636745,1.2939653396606445,11100,0.0,0.0
1993-10-04 00:00:00-04:00,1.2775868922472,1.3103455305099487,1.2775868922472,1.3103455305099487,11000,0.0,0.0
1993-10-05 00:00:00-04:00,1.2939653396606445,1.3103446477576148,1.2939653396606445,1.2939653396606445,47900,0.0,0.0
1993-10-06 00:00:00-04:00,1.3103455305099487,1.3103455305099487,1.2939662113785744,1.3103455305099487,18400,0.0,0.0
1993-10-07 00:00:00-04:00,1.3103446477576148,1.3103446477576148,1.2939653396606445,1.2939653396606445,45000,0.0,0.0
1993-10-08 00:00:00-04:00,1.3016112476587296,1.3180873394012451,1.3016112476587296,1.3180873394012451,12600,0.058,0.0
1993-10-11 00:00:00-04:00,1.3016112476587296,1.3180873394012451,1.3016112476587296,1.3180873394012451,24300,0.0,0.0
1993-10-12 00:00:00-04:00,1.3016112476587296,1.3180873394012451,1.3016112476587296,1.3180873394012451,31300,0.0,0.0
1993-10-13 00:00:00-04:00,1.3180873394012451,1.3180873394012451,1.3016112476587296,1.3180873394012451,32500,0.0,0.0
1993-10-14 00:00:00-04:00,1.3180871553058866,1.3180871553058866,1.301611065864563,1.301611065864563,28900,0.0,0.0
1993-10-15 00:00:00-04:00,1.301611065864563,1.3180871553058866,1.301611065864563,1.301611065864563,20500,0.0,0.0
1993-10-18 00:00:00-04:00,1.3180871553058866,1.3180871553058866,1.301611065864563,1.301611065864563,10300,0.0,0.0
1993-10-19 00:00:00-04:00,1.3180873394012451,1.3180873394012451,1.3016112476587296,1.3180873394012451,55400,0.0,0.0
1993-10-20 00:00:00-04:00,1.301611065864563,1.3180871553058866,1.301611065864563,1.301611065864563,9400,0.0,0.0
1993-10-21 00:00:00-04:00,1.3016112476587296,1.3180873394012451,1.3016112476587296,1.3180873394012451,55600,0.0,0.0
1993-10-22 00:00:00-04:00,1.3016112476587296,1.3180873394012451,1.3016112476587296,1.3180873394012451,8600,0.0,0.0
1993-10-25 00:00:00-04:00,1.3180871553058866,1.3180871553058866,1.301611065864563,1.301611065864563,31100,0.0,0.0
1993-10-26 00:00:00-04:00,1.301611065864563,1.3180871553058866,1.301611065864563,1.301611065864563,29900,0.0,0.0
1993-10-27 00:00:00-04:00,1.301611065864563,1.3180871553058866,1.301611065864563,1.301611065864563,22200,0.0,0.0
1993-10-28 00:00:00-04:00,1.3016112476587296,1.3180873394012451,1.3016112476587296,1.3180873394012451,20800,0.0,0.0
1993-10-29 00:00:00-04:00,1.3016112476587296,1.3180873394012451,1.3016112476587296,1.3180873394012451,24800,0.0,0.0
1993-11-01 00:00:00-05:00,1.3016112476587296,1.3180873394012451,1.3016112476587296,1.3180873394012451,51900,0.0,0.0
1993-11-02 00:00:00-05:00,1.301611065864563,1.3180871553058866,1.301611065864563,1.301611065864563,35800,0.0,0.0
1993-11-03 00:00:00-05:00,1.301611065864563,1.3180871553058866,1.301611065864563,1.301611065864563,10400,0.0,0.0
1993-11-04 00:00:00-05:00,1.301611065864563,1.3180871553058866,1.301611065864563,1.301611065864563,30300,0.0,0.0
1993-11-05 00:00:00-05:00,1.3180871553058866,1.3180871553058866,1.301611065864563,1.301611065864563,51700,0.0,0.0
1993-11-08 00:00:00-05:00,1.3093002958175464,1.3093002958175464,1.2927268743515015,1.2927268743515015,22900,0.058,0.0
1993-11-09 00:00:00-05:00,1.3093003034591675,1.3093003034591675,1.2927268818963933,1.3093003034591675,42400,0.0,0.0
1993-11-10 00:00:00-05:00,1.2927268818963933,1.325873725021942,1.2927268818963933,1.3093003034591675,22400,0.0,0.0
1993-11-11 00:00:00-05:00,1.3093002958175464,1.3258737172835913,1.2927268743515015,1.2927268743515015,13300,0.0,0.0
1993-11-12 00:00:00-05:00,1.2927268818963933,1.325873725021942,1.2927268818963933,1.3093003034591675,23000,0.0,0.0
1993-11-15 00:00:00-05:00,1.2927268818963933,1.325873725021942,1.2927268818963933,1.3093003034591675,18300,0.0,0.0
1993-11-16 00:00:00-05:00,1.3093002958175464,1.3258737172835913,1.2927268743515015,1.2927268743515015,27800,0.0,0.0
1993-11-17 00:00:00-05:00,1.3093002958175464,1.3093002958175464,1.2927268743515015,1.2927268743515015,13700,0.0,0.0
1993-11-18 00:00:00-05:00,1.2927268743515015,1.3093002958175464,1.2927268743515015,1.2927268743515015,20500,0.0,0.0
1993-11-19 00:00:00-05:00,1.2927268743515015,1.3093002958175464,1.2761534528854566,1.2927268743515015,42100,0.0,0.0
1993-11-22 00:00:00-05:00,1.2927275911554112,1.2927275911554112,1.2761541604995728,1.2761541604995728,20500,0.0,0.0
1993-11-23 00:00:00-05:00,1.2927275911554112,1.2927275911554112,1.2761541604995728,1.2761541604995728,26300,0.0,0.0
1993-11-24 00:00:00-05:00,1.2761534528854566,1.2927268743515015,1.2761534528854566,1.2927268743515015,25800,0.0,0.0
1993-11-26 00:00:00-05:00,1.2761541604995728,1.2761541604995728,1.2761541604995728,1.2761541604995728,13700,0.0,0.0
1993-11-29 00:00:00-05:00,1.2595816850662231,1.2761551282907788,1.2595816850662231,1.2595816850662231,34600,0.0,0.0
1993-11-30 00:00:00-05:00,1.2595816850662231,1.2761551282907788,1.2595816850662231,1.2595816850662231,20700,0.0,0.0
1993-12-01 00:00:00-05:00,1.259580729843734,1.2761541604995728,1.2430072991878953,1.2761541604995728,49100,0.0,0.0
1993-12-02 00:00:00-05:00,1.2761541604995728,1.2761541604995728,1.259580729843734,1.2761541604995728,10400,0.0,0.0
1993-12-03 00:00:00-05:00,1.2595816850662231,1.2761551282907788,1.2595816850662231,1.2595816850662231,27200,0.0,0.0
1993-12-06 00:00:00-05:00,1.2761551282907788,1.2761551282907788,1.2595816850662231,1.2595816850662231,26600,0.0,0.0
1993-12-07 00:00:00-05:00,1.2927275911554112,1.2927275911554112,1.2761541604995728,1.2761541604995728,35200,0.0,0.0
1993-12-08 00:00:00-05:00,1.2927275911554112,1.2927275911554112,1.2761541604995728,1.2761541604995728,25000,0.0,0.0
1993-12-09 00:00:00-05:00,1.2672160221980167,1.3005638122558594,1.2672160221980167,1.3005638122558594,28400,0.058,0.0
1993-12-10 00:00:00-05:00,1.2838903665542603,1.3005642674186013,1.2838903665542603,1.2838903665542603,31600,0.0,0.0
1993-12-13 00:00:00-05:00,1.3005642674186013,1.3005642674186013,1.2838903665542603,1.2838903665542603,8000,0.0,0.0
1993-12-14 00:00:00-05:00,1.2838903665542603,1.3005642674186013,1.2672164656899192,1.2838903665542603,45100,0.0,0.0
1993-12-15 00:00:00-05:00,1.2672173976898193,1.3005652239448144,1.2672173976898193,1.2672173976898193,29500,0.0,0.0
1993-12-16 00:00:00-05:00,1.2672164656899192,1.2838903665542603,1.2672164656899192,1.2838903665542603,14000,0.0,0.0
1993-12-17 00:00:00-05:00,1.2672173976898193,1.2838913108173169,1.2672173976898193,1.2672173976898193,18300,0.0,0.0
1993-12-20 00:00:00-05:00,1.2838913108173169,1.2838913108173169,1.2672173976898193,1.2672173976898193,26800,0.0,0.0
1993-12-21 00:00:00-05:00,1.2672173976898193,1.2838913108173169,1.2672173976898193,1.2672173976898193,13900,0.0,0.0
1993-12-22 00:00:00-05:00,1.2672173976898193,1.2838913108173169,1.2672173976898193,1.2672173976898193,51400,0.0,0.0
1993-12-23 00:00:00-05:00,1.2672173976898193,1.2838913108173169,1.2672173976898193,1.2672173976898193,12700,0.0,0.0
1993-12-27 00:00:00-05:00,1.2838913108173169,1.2838913108173169,1.2672173976898193,1.2672173976898193,10000,0.0,0.0
1993-12-28 00:00:00-05:00,1.2672164656899192,1.2838903665542603,1.2672164656899192,1.2838903665542603,30500,0.0,0.0
1993-12-29 00:00:00-05:00,1.2838903665542603,1.2838903665542603,1.2672164656899192,1.2838903665542603,18600,0.0,0.0
1993-12-30 00:00:00-05:00,1.2838913108173169,1.2838913108173169,1.2672173976898193,1.2672173976898193,9200,0.0,0.0
1993-12-31 00:00:00-05:00,1.2838913108173169,1.2838913108173169,1.2672173976898193,1.2672173976898193,25000,0.0,0.0
1994-01-03 00:00:00-05:00,1.283889917226938,1.3005638122558594,1.2672160221980167,1.3005638122558594,16700,0.0,0.0
1994-01-04 00:00:00-05:00,1.3005642674186013,1.3005642674186013,1.2838903665542603,1.2838903665542603,19300,0.0,0.0
1994-01-05 00:00:00-05:00,1.2838903665542603,1.3005642674186013,1.2838903665542603,1.2838903665542603,17200,0.0,0.0
1994-01-06 00:00:00-05:00,1.3005638122558594,1.3005638122558594,1.283889917226938,1.3005638122558594,17500,0.0,0.0
1994-01-07 00:00:00-05:00,1.283889917226938,1.3005638122558594,1.283889917226938,1.3005638122558594,24000,0.0,0.0
1994-01-10 00:00:00-05:00,1.3083471059799194,1.3083471059799194,1.2915734251340232,1.3083471059799194,28600,0.058,0.0
1994-01-11 00:00:00-05:00,1.3083472432969492,1.3251209259033203,1.291573560690578,1.3251209259033203,24600,0.0,0.0
1994-01-12 00:00:00-05:00,1.3083471059799194,1.3083471059799194,1.2915734251340232,1.3083471059799194,23300,0.0,0.0
1994-01-13 00:00:00-05:00,1.325120786825816,1.325120786825816,1.3083471059799194,1.3083471059799194,29300,0.0,0.0
1994-01-14 00:00:00-05:00,1.3251209259033203,1.3251209259033203,1.3083472432969492,1.3251209259033203,23400,0.0,0.0
1994-01-17 00:00:00-05:00,1.3083471059799194,1.325120786825816,1.3083471059799194,1.3083471059799194,23400,0.0,0.0
1994-01-18 00:00:00-05:00,1.3083471059799194,1.325120786825816,1.3083471059799194,1.3083471059799194,32300,0.0,0.0
1994-01-19 00:00:00-05:00,1.3251209259033203,1.3418946085096914,1.3083472432969492,1.3251209259033203,20700,0.0,0.0
1994-01-20 00:00:00-05:00,1.325120786825816,1.325120786825816,1.3083471059799194,1.3083471059799194,37000,0.0,0.0
1994-01-21 00:00:00-05:00,1.3083472432969492,1.3251209259033203,1.3083472432969492,1.3251209259033203,41100,0.0,0.0
1994-01-24 00:00:00-05:00,1.325120786825816,1.325120786825816,1.3083471059799194,1.3083471059799194,13300,0.0,0.0
1994-01-25 00:00:00-05:00,1.3083471059799194,1.325120786825816,1.3083471059799194,1.3083471059799194,15700,0.0,0.0
1994-01-26 00:00:00-05:00,1.3083472432969492,1.3251209259033203,1.3083472432969492,1.3251209259033203,24400,0.0,0.0
1994-01-27 00:00:00-05:00,1.325120786825816,1.325120786825816,1.3083471059799194,1.3083471059799194,17500,0.0,0.0
1994-01-28 00:00:00-05:00,1.3083471059799194,1.325120786825816,1.3083471059799194,1.3083471059799194,16300,0.0,0.0
1994-01-31 00:00:00-05:00,1.3251209259033203,1.3251209259033203,1.3083472432969492,1.3251209259033203,16400,0.0,0.0
1994-02-01 00:00:00-05:00,1.3251209259033203,1.3251209259033203,1.3083472432969492,1.3251209259033203,25200,0.0,0.0
1994-02-02 00:00:00-05:00,1.3251211792230606,1.3418948650360107,1.3251211792230606,1.3418948650360107,47200,0.0,0.0
1994-02-03 00:00:00-05:00,1.3418946085096914,1.3418946085096914,1.3251209259033203,1.3251209259033203,32900,0.0,0.0
1994-02-04 00:00:00-05:00,1.3251209259033203,1.3418946085096914,1.3251209259033203,1.3251209259033203,34600,0.0,0.0
1994-02-07 00:00:00-05:00,1.3083472432969492,1.3418946085096914,1.3083472432969492,1.3251209259033203,28000,0.0,0.0
1994-02-08 00:00:00-05:00,1.3418946085096914,1.3418946085096914,1.3251209259033203,1.3251209259033203,20000,0.0,0.0
1994-02-09 00:00:00-05:00,1.3329497759158795,1.3329497759158795,1.3160769939422607,1.3160769939422607,34300,0.058,0.0
1994-02-10 00:00:00-05:00,1.3329497759158795,1.3329497759158795,1.3160769939422607,1.3160769939422607,19300,0.0,0.0
1994-02-11 00:00:00-05:00,1.3160769939422607,1.3329497759158795,1.3160769939422607,1.3160769939422607,20100,0.0,0.0
1994-02-14 00:00:00-05:00,1.3329485654830933,1.3329485654830933,1.3160757988314085,1.3329485654830933,18000,0.0,0.0
1994-02-15 00:00:00-05:00,1.3160769939422607,1.3329497759158795,1.3160769939422607,1.3160769939422607,14600,0.0,0.0
1994-02-16 00:00:00-05:00,1.3160769939422607,1.3329497759158795,1.3160769939422607,1.3160769939422607,14000,0.0,0.0
1994-02-17 00:00:00-05:00,1.3160769939422607,1.3329497759158795,1.3160769939422607,1.3160769939422607,24100,0.0,0.0
1994-02-18 00:00:00-05:00,1.3160757988314085,1.3329485654830933,1.3160757988314085,1.3329485654830933,28700,0.0,0.0
1994-02-22 00:00:00-05:00,1.3160757988314085,1.3329485654830933,1.3160757988314085,1.3329485654830933,25500,0.0,0.0
1994-02-23 00:00:00-05:00,1.3160769939422607,1.3329497759158795,1.3160769939422607,1.3160769939422607,25000,0.0,0.0
1994-02-24 00:00:00-05:00,1.3329497759158795,1.3329497759158795,1.3160769939422607,1.3160769939422607,19500,0.0,0.0
1994-02-25 00:00:00-05:00,1.316077254035256,1.3329500393434004,1.2992044687271118,1.2992044687271118,38000,0.0,0.0
1994-02-28 00:00:00-05:00,1.3160769939422607,1.3160769939422607,1.299204211968642,1.3160769939422607,18500,0.0,0.0
1994-03-01 00:00:00-05:00,1.3329500393434004,1.3329500393434004,1.2992044687271118,1.2992044687271118,15900,0.0,0.0
1994-03-02 00:00:00-05:00,1.2992044687271118,1.316077254035256,1.2992044687271118,1.2992044687271118,29500,0.0,0.0
1994-03-03 00:00:00-05:00,1.299204211968642,1.3160769939422607,1.299204211968642,1.3160769939422607,24500,0.0,0.0
1994-03-04 00:00:00-05:00,1.316077254035256,1.3329500393434004,1.2992044687271118,1.2992044687271118,17900,0.0,0.0
1994-03-07 00:00:00-05:00,1.3160757988314085,1.3329485654830933,1.2992030321797239,1.3329485654830933,15200,0.0,0.0
1994-03-08 00:00:00-05:00,1.3160757988314085,1.3329485654830933,1.2992030321797239,1.3329485654830933,25900,0.0,0.0
1994-03-09 00:00:00-05:00,1.306880235671997,1.32385270626514,1.306880235671997,1.306880235671997,31900,0.058,0.0
1994-03-10 00:00:00-05:00,1.306880456606547,1.3238529300689696,1.2729355096817017,1.2729355096817017,47500,0.0,0.0
1994-03-11 00:00:00-05:00,1.2729355096817017,1.2899079831441242,1.2729355096817017,1.2729355096817017,29000,0.0,0.0
1994-03-14 00:00:00-05:00,1.2729355096817017,1.2899079831441242,1.2729355096817017,1.2729355096817017,33600,0.0,0.0
1994-03-15 00:00:00-05:00,1.2729354594883164,1.2899079322814941,1.2729354594883164,1.2899079322814941,33800,0.0,0.0
1994-03-16 00:00:00-05:00,1.2729354594883164,1.2899079322814941,1.2729354594883164,1.2899079322814941,19100,0.0,0.0
1994-03-17 00:00:00-05:00,1.2729354594883164,1.2899079322814941,1.2729354594883164,1.2899079322814941,24800,0.0,0.0
1994-03-18 00:00:00-05:00,1.2729355096817017,1.2899079831441242,1.2729355096817017,1.2729355096817017,25100,0.0,0.0
1994-03-21 00:00:00-05:00,1.2899079831441242,1.2899079831441242,1.255963036219279,1.2729355096817017,49500,0.0,0.0
1994-03-22 00:00:00-05:00,1.2729359236923423,1.2729359236923423,1.2559634447097776,1.2559634447097778,41100,0.0,0.0
1994-03-23 00:00:00-05:00,1.255963036219279,1.2729355096817017,1.255963036219279,1.2729355096817017,32900,0.0,0.0
1994-03-24 00:00:00-05:00,1.2559630705250635,1.2559630705250635,1.2220181226730347,1.2220181226730347,52000,0.0,0.0
1994-03-25 00:00:00-05:00,1.2389910221099854,1.2389910221099854,1.222018542355054,1.2389910221099854,13900,0.0,0.0
1994-03-28 00:00:00-05:00,1.2389910221099854,1.2389910221099854,1.222018542355054,1.2389910221099854,15900,0.0,0.0
1994-03-29 00:00:00-05:00,1.2559630705250635,1.2559630705250635,1.2220181226730347,1.2220181226730347,22000,0.0,0.0
1994-03-30 00:00:00-05:00,1.222018542355054,1.2389910221099854,1.222018542355054,1.2389910221099854,30900,0.0,0.0
1994-03-31 00:00:00-05:00,1.2220181226730347,1.238990596599049,1.2220181226730347,1.2220181226730347,34500,0.0,0.0
1994-04-04 00:00:00-04:00,1.2220181226730347,1.238990596599049,1.2220181226730347,1.2220181226730347,34600,0.0,0.0
1994-04-05 00:00:00-04:00,1.2220184867446486,1.2729359236923423,1.2220184867446486,1.2559634447097778,43700,0.0,0.0
1994-04-06 00:00:00-04:00,1.272935981619848,1.272935981619848,1.2389910221099854,1.2389910221099854,42700,0.0,0.0
1994-04-07 00:00:00-04:00,1.2559635018649167,1.2559635018649167,1.2389910221099854,1.2389910221099854,33400,0.0,0.0
1994-04-08 00:00:00-04:00,1.2389910221099854,1.2389910221099854,1.222018542355054,1.2389910221099854,28600,0.0,0.0
1994-04-11 00:00:00-04:00,1.2469163172774844,1.2469163172774844,1.2298352718353271,1.2298352718353271,14400,0.058,0.0
1994-04-12 00:00:00-04:00,1.2469163172774844,1.2469163172774844,1.2298352718353271,1.2298352718353271,11600,0.0,0.0
1994-04-13 00:00:00-04:00,1.2469163172774844,1.2469163172774844,1.2298352718353271,1.2298352718353271,24600,0.0,0.0
1994-04-14 00:00:00-04:00,1.2469163172774844,1.2469163172774844,1.2298352718353271,1.2298352718353271,16600,0.0,0.0
1994-04-15 00:00:00-04:00,1.2298356017021286,1.2639977017494097,1.2298356017021286,1.246916651725769,19600,0.0,0.0
1994-04-18 00:00:00-04:00,1.2639973627196417,1.2639973627196417,1.2298352718353271,1.2298352718353271,11000,0.0,0.0
1994-04-19 00:00:00-04:00,1.2298356017021286,1.2639977017494097,1.2298356017021286,1.246916651725769,18000,0.0,0.0
1994-04-20 00:00:00-04:00,1.2639977017494097,1.2639977017494097,1.246916651725769,1.246916651725769,12000,0.0,0.0
1994-04-21 00:00:00-04:00,1.246916651725769,1.2639977017494097,1.246916651725769,1.246916651725769,20500,0.0,0.0
1994-04-22 00:00:00-04:00,1.246916651725769,1.2639977017494097,1.2298356017021286,1.246916651725769,14900,0.0,0.0
1994-04-25 00:00:00-04:00,1.2469166243398513,1.2639976739883423,1.2469166243398513,1.2639976739883423,10500,0.0,0.0
1994-04-26 00:00:00-04:00,1.2639977017494097,1.2639977017494097,1.246916651725769,1.246916651725769,16300,0.0,0.0
1994-04-28 00:00:00-04:00,1.246916651725769,1.2639977017494097,1.246916651725769,1.246916651725769,11800,0.0,0.0
1994-04-29 00:00:00-04:00,1.2639977017494097,1.2639977017494097,1.246916651725769,1.246916651725769,13300,0.0,0.0
1994-05-02 00:00:00-04:00,1.2469166243398513,1.2810787236368335,1.2469166243398513,1.2639976739883423,22500,0.0,0.0
1994-05-03 00:00:00-04:00,1.263997294108073,1.2810783386230469,1.263997294108073,1.2810783386230469,11700,0.0,0.0
1994-05-04 00:00:00-04:00,1.2810787236368335,1.2810787236368335,1.2639976739883423,1.2639976739883423,26900,0.0,0.0
1994-05-05 00:00:00-04:00,1.2810783386230469,1.2810783386230469,1.263997294108073,1.2810783386230469,26500,0.0,0.0
1994-05-06 00:00:00-04:00,1.2810783386230469,1.2810783386230469,1.263997294108073,1.2810783386230469,35500,0.0,0.0
1994-05-09 00:00:00-04:00,1.263997294108073,1.2810783386230469,1.263997294108073,1.2810783386230469,13900,0.0,0.0
1994-05-10 00:00:00-04:00,1.2890528440475464,1.2890528440475464,1.271865472793579,1.2890528440475464,24600,0.058,0.0
1994-05-11 00:00:00-04:00,1.2718663215637207,1.2890537042875547,1.2718663215637207,1.2718663215637207,29400,0.0,0.0
1994-05-12 00:00:00-04:00,1.2718668310609582,1.28905422066989,1.2546794414520264,1.2546794414520264,21500,0.0,0.0
1994-05-13 00:00:00-04:00,1.2718668310609582,1.2718668310609582,1.2546794414520264,1.2546794414520264,16100,0.0,0.0
1994-05-16 00:00:00-04:00,1.2546794414520264,1.2718668310609582,1.2546794414520264,1.2546794414520264,26200,0.0,0.0
1994-05-17 00:00:00-04:00,1.2718668310609582,1.28905422066989,1.2546794414520264,1.2546794414520264,37300,0.0,0.0
1994-05-18 00:00:00-04:00,1.2718663215637207,1.2890537042875547,1.2546789388398867,1.2718663215637207,31300,0.0,0.0
1994-05-19 00:00:00-04:00,1.2718668310609582,1.2718668310609582,1.2546794414520264,1.2546794414520264,20900,0.0,0.0
1994-05-20 00:00:00-04:00,1.2718663215637207,1.2718663215637207,1.2546789388398867,1.2718663215637207,24200,0.0,0.0
1994-05-23 00:00:00-04:00,1.2718663215637207,1.2890537042875547,1.2546789388398867,1.2718663215637207,50300,0.0,0.0
1994-05-24 00:00:00-04:00,1.2718668310609582,1.2718668310609582,1.2546794414520264,1.2546794414520264,17800,0.0,0.0
1994-05-25 00:00:00-04:00,1.2718668310609582,1.2718668310609582,1.2546794414520264,1.2546794414520264,41800,0.0,0.0
1994-05-26 00:00:00-04:00,1.2718663215637207,1.2890537042875547,1.2546789388398867,1.2718663215637207,35400,0.0,0.0
1994-05-27 00:00:00-04:00,1.2718663215637207,1.3062410870113887,1.2718663215637207,1.2718663215637207,18200,0.0,0.0
1994-05-31 00:00:00-04:00,1.2890540063381195,1.3234287798404694,1.2890540063381195,1.3062413930892944,51500,0.0,0.0
1994-06-01 00:00:00-04:00,1.323427586555481,1.323427586555481,1.2890528440475464,1.2890528440475464,20200,0.0,0.0
1994-06-02 00:00:00-04:00,1.3234287798404694,1.3234287798404694,1.2890540063381195,1.3062413930892944,31700,0.0,0.0
1994-06-03 00:00:00-04:00,1.3234281539916992,1.3234281539916992,1.3062407753684304,1.3234281539916992,5600,0.0,0.0
1994-06-06 00:00:00-04:00,1.340615532614968,1.340615532614968,1.3062407753684304,1.3234281539916992,32700,0.0,0.0
1994-06-07 00:00:00-04:00,1.3406152725219727,1.3406152725219727,1.3234278972332294,1.3406152725219727,19800,0.0,0.0
1994-06-08 00:00:00-04:00,1.340615532614968,1.340615532614968,1.3234281539916992,1.3234281539916992,33900,0.0,0.0
1994-06-09 00:00:00-04:00,1.3314520120620728,1.3487435966343073,1.3314520120620728,1.3314520120620728,32500,0.058,0.0
1994-06-10 00:00:00-04:00,1.3314514473864907,1.3487430246252763,1.314159870147705,1.314159870147705,16900,0.0,0.0
1994-06-13 00:00:00-04:00,1.314159870147705,1.3314514473864907,1.314159870147705,1.314159870147705,15100,0.0,0.0
1994-06-14 00:00:00-04:00,1.314160427489838,1.3314520120620728,1.314160427489838,1.3314520120620728,19200,0.0,0.0
1994-06-15 00:00:00-04:00,1.3314520120620728,1.3314520120620728,1.314160427489838,1.3314520120620728,56600,0.0,0.0
1994-06-16 00:00:00-04:00,1.331452326896863,1.3487439155578613,1.331452326896863,1.3487439155578613,22100,0.0,0.0
1994-06-17 00:00:00-04:00,1.3487439155578613,1.3487439155578613,1.331452326896863,1.3487439155578613,27300,0.0,0.0
1994-06-20 00:00:00-04:00,1.3314520120620728,1.3487435966343073,1.3314520120620728,1.3314520120620728,17800,0.0,0.0
1994-06-21 00:00:00-04:00,1.331452326896863,1.3487439155578613,1.331452326896863,1.3487439155578613,25100,0.0,0.0
1994-06-22 00:00:00-04:00,1.331452326896863,1.3487439155578613,1.331452326896863,1.3487439155578613,12500,0.0,0.0
1994-06-23 00:00:00-04:00,1.3487430246252763,1.3487430246252763,1.314159870147705,1.314159870147705,31900,0.0,0.0
1994-06-24 00:00:00-04:00,1.3314520120620728,1.3487435966343073,1.314160427489838,1.3314520120620728,28700,0.0,0.0
1994-06-27 00:00:00-04:00,1.3314514473864907,1.3314514473864907,1.314159870147705,1.314159870147705,23900,0.0,0.0
1994-06-28 00:00:00-04:00,1.331452326896863,1.3487439155578613,1.3141607382358649,1.3487439155578613,18900,0.0,0.0
1994-06-29 00:00:00-04:00,1.3314520120620728,1.3314520120620728,1.3314520120620728,1.3314520120620728,6900,0.0,0.0
1994-06-30 00:00:00-04:00,1.3314514473864907,1.3487430246252763,1.314159870147705,1.314159870147705,17500,0.0,0.0
1994-07-01 00:00:00-04:00,1.331452326896863,1.3487439155578613,1.3141607382358649,1.3487439155578613,29500,0.0,0.0
1994-07-05 00:00:00-04:00,1.3487439155578613,1.3487439155578613,1.3141607382358649,1.3487439155578613,55100,0.0,0.0
1994-07-06 00:00:00-04:00,1.3487439155578613,1.3487439155578613,1.331452326896863,1.3487439155578613,15000,0.0,0.0
1994-07-07 00:00:00-04:00,1.3487435966343073,1.3487435966343073,1.3314520120620728,1.3314520120620728,11700,0.0,0.0
1994-07-08 00:00:00-04:00,1.331452326896863,1.3487439155578613,1.331452326896863,1.3487439155578613,26800,0.0,0.0
1994-07-11 00:00:00-04:00,1.3568148612976074,1.3568148612976074,1.339419798973279,1.3568148612976074,27500,0.058,0.0
1994-07-12 00:00:00-04:00,1.339419798973279,1.3568148612976074,1.339419798973279,1.3568148612976074,17700,0.0,0.0
1994-07-13 00:00:00-04:00,1.3568136970718185,1.3568136970718185,1.3394186496734617,1.339418649673462,36100,0.0,0.0
1994-07-14 00:00:00-04:00,1.339419798973279,1.3568148612976074,1.339419798973279,1.3568148612976074,32800,0.0,0.0
1994-07-15 00:00:00-04:00,1.3568148612976074,1.3742099236219356,1.3568148612976074,1.3568148612976074,18800,0.0,0.0
1994-07-18 00:00:00-04:00,1.3568136970718185,1.3742087444701752,1.3394186496734617,1.339418649673462,23900,0.0,0.0
1994-07-19 00:00:00-04:00,1.339419798973279,1.3742099236219356,1.339419798973279,1.3568148612976074,27500,0.0,0.0
1994-07-20 00:00:00-04:00,1.3568136970718185,1.3568136970718185,1.3394186496734617,1.339418649673462,19700,0.0,0.0
1994-07-21 00:00:00-04:00,1.3568136970718185,1.3568136970718185,1.3394186496734617,1.339418649673462,13200,0.0,0.0
1994-07-22 00:00:00-04:00,1.3568148612976074,1.3568148612976074,1.339419798973279,1.3568148612976074,27600,0.0,0.0
1994-07-25 00:00:00-04:00,1.3394186496734617,1.3568136970718185,1.3394186496734617,1.339418649673462,15700,0.0,0.0
1994-07-26 00:00:00-04:00,1.339419798973279,1.3568148612976074,1.339419798973279,1.3568148612976074,7600,0.0,0.0
1994-07-27 00:00:00-04:00,1.3394186496734617,1.3568136970718185,1.3394186496734617,1.339418649673462,50600,0.0,0.0
1994-07-28 00:00:00-04:00,1.3394198856855695,1.3568149491360313,1.3220248222351074,1.3220248222351074,15100,0.0,0.0
1994-07-29 00:00:00-04:00,1.3394198856855695,1.3568149491360313,1.3220248222351074,1.3220248222351074,28900,0.0,0.0
1994-08-01 00:00:00-04:00,1.3568148612976074,1.3568148612976074,1.339419798973279,1.3568148612976074,9700,0.0,0.0
1994-08-02 00:00:00-04:00,1.3568148612976074,1.3568148612976074,1.339419798973279,1.3568148612976074,40500,0.0,0.0
1994-08-03 00:00:00-04:00,1.3568148612976074,1.3568148612976074,1.339419798973279,1.3568148612976074,22900,0.0,0.0
1994-08-04 00:00:00-04:00,1.3568148612976074,1.3568148612976074,1.339419798973279,1.3568148612976074,11600,0.0,0.0
1994-08-05 00:00:00-04:00,1.3394186496734617,1.3568136970718185,1.3394186496734617,1.339418649673462,13700,0.0,0.0
1994-08-08 00:00:00-04:00,1.3568148612976074,1.3568148612976074,1.339419798973279,1.3568148612976074,21900,0.0,0.0
1994-08-09 00:00:00-04:00,1.3568148612976074,1.3568148612976074,1.339419798973279,1.3568148612976074,19800,0.0,0.0
1994-08-10 00:00:00-04:00,1.3394198856855695,1.3394198856855695,1.3220248222351074,1.3220248222351074,23200,0.0,0.0
1994-08-11 00:00:00-04:00,1.3220232963562013,1.3394183397293091,1.3046282529830933,1.3046282529830933,58200,0.0,0.0
1994-08-12 00:00:00-04:00,1.3394198856855695,1.3394198856855695,1.3220248222351074,1.3220248222351074,18900,0.0,0.0
1994-08-15 00:00:00-04:00,1.3394183397293091,1.3394183397293091,1.3046282529830933,1.3046282529830933,21600,0.0,0.0
1994-08-16 00:00:00-04:00,1.3220248222351074,1.3220248222351074,1.3046297587846456,1.3220248222351074,14500,0.0,0.0
1994-08-17 00:00:00-04:00,1.3220232963562013,1.3220232963562013,1.3046282529830933,1.3046282529830933,30900,0.0,0.0
1994-08-18 00:00:00-04:00,1.3046297587846456,1.3220248222351074,1.3046297587846456,1.3220248222351074,21500,0.0,0.0
1994-08-19 00:00:00-04:00,1.3394198856855695,1.3394198856855695,1.3046297587846456,1.3220248222351074,11100,0.0,0.0
1994-08-22 00:00:00-04:00,1.3220248222351074,1.3220248222351074,1.3046297587846456,1.3220248222351074,16700,0.0,0.0
1994-08-23 00:00:00-04:00,1.3046282529830933,1.3220232963562013,1.3046282529830933,1.3046282529830933,27700,0.0,0.0
1994-08-24 00:00:00-04:00,1.3046297587846456,1.3220248222351074,1.3046297587846456,1.3220248222351074,26600,0.0,0.0
1994-08-25 00:00:00-04:00,1.3220248222351074,1.3220248222351074,1.3046297587846456,1.3220248222351074,25300,0.0,0.0
1994-08-26 00:00:00-04:00,1.3220248222351074,1.3220248222351074,1.3046297587846456,1.3220248222351074,19600,0.0,0.0
1994-08-29 00:00:00-04:00,1.3394186496734617,1.3394186496734617,1.3046285548767484,1.339418649673462,16200,0.0,0.0
1994-08-30 00:00:00-04:00,1.3394198856855695,1.3394198856855695,1.3220248222351074,1.3220248222351074,16500,0.0,0.0
1994-08-31 00:00:00-04:00,1.3394186496734617,1.3394186496734617,1.322023602275105,1.339418649673462,12000,0.0,0.0
1994-09-01 00:00:00-04:00,1.3394186496734617,1.3394186496734617,1.322023602275105,1.339418649673462,17100,0.0,0.0
1994-09-02 00:00:00-04:00,1.3394198856855695,1.3568149491360313,1.3220248222351074,1.3220248222351074,34800,0.0,0.0
1994-09-06 00:00:00-04:00,1.3394186496734617,1.3394186496734617,1.322023602275105,1.339418649673462,7600,0.0,0.0
1994-09-07 00:00:00-04:00,1.3568148612976074,1.3568148612976074,1.339419798973279,1.3568148612976074,10200,0.0,0.0
1994-09-08 00:00:00-04:00,1.3568136970718185,1.3568136970718185,1.322023602275105,1.339418649673462,28200,0.0,0.0
1994-09-09 00:00:00-04:00,1.3475391642252605,1.3475391642252605,1.3125381469726562,1.3125381469726562,27500,0.058,0.0
1994-09-12 00:00:00-04:00,1.3125381469726562,1.3475391642252605,1.3125381469726562,1.3125381469726562,16700,0.0,0.0
1994-09-13 00:00:00-04:00,1.3125381469726562,1.3300386555989585,1.3125381469726562,1.3125381469726562,30700,0.0,0.0
1994-09-14 00:00:00-04:00,1.3125381469726562,1.3300386555989585,1.3125381469726562,1.3125381469726562,19200,0.0,0.0
1994-09-15 00:00:00-04:00,1.3125381469726562,1.3212884012858075,1.3125381469726562,1.3125381469726562,11100,0.0,0.0
1994-09-16 00:00:00-04:00,1.3125390990784294,1.330039620399475,1.3125390990784294,1.330039620399475,19400,0.0,0.0
1994-09-19 00:00:00-04:00,1.3125390990784294,1.330039620399475,1.3125390990784294,1.330039620399475,47500,0.0,0.0
1994-09-20 00:00:00-04:00,1.3300386555989585,1.3300386555989585,1.3125381469726562,1.3125381469726562,25000,0.0,0.0
1994-09-21 00:00:00-04:00,1.2950383424758911,1.3300393787590232,1.2950383424758911,1.2950383424758911,10800,0.0,0.0
1994-09-22 00:00:00-04:00,1.3125381469726562,1.3125381469726562,1.2950376383463542,1.3125381469726562,20400,0.0,0.0
1994-09-23 00:00:00-04:00,1.3125381469726562,1.3125381469726562,1.2950376383463542,1.3125381469726562,20900,0.0,0.0
1994-09-26 00:00:00-04:00,1.2950383424758911,1.312538860617457,1.2950383424758911,1.2950383424758911,11500,0.0,0.0
1994-09-27 00:00:00-04:00,1.2950383424758911,1.312538860617457,1.2950383424758911,1.2950383424758911,29800,0.0,0.0
1994-09-28 00:00:00-04:00,1.312538860617457,1.312538860617457,1.2950383424758911,1.2950383424758911,27000,0.0,0.0
1994-09-29 00:00:00-04:00,1.2950383424758911,1.312538860617457,1.2950383424758911,1.2950383424758911,17200,0.0,0.0
1994-09-30 00:00:00-04:00,1.2950385825274744,1.2950385825274744,1.277538061141968,1.2775380611419678,17200,0.0,0.0
1994-10-03 00:00:00-04:00,1.277537824334325,1.2950383424758911,1.277537824334325,1.2950383424758911,18300,0.0,0.0
1994-10-04 00:00:00-04:00,1.2950385825274744,1.2950385825274744,1.277538061141968,1.2775380611419678,19600,0.0,0.0
1994-10-05 00:00:00-04:00,1.277538061141968,1.277538061141968,1.2600375397564614,1.2775380611419678,73300,0.0,0.0
1994-10-06 00:00:00-04:00,1.277536854147911,1.277536854147911,1.2600363492965698,1.2600363492965698,23400,0.0,0.0
1994-10-07 00:00:00-04:00,1.268210620096285,1.2858246564865112,1.268210620096285,1.2858246564865112,6100,0.058,0.0
1994-10-10 00:00:00-04:00,1.2858246564865112,1.3034386928767374,1.268210620096285,1.2858246564865112,26500,0.0,0.0
1994-10-11 00:00:00-04:00,1.2858246564865112,1.3034386928767374,1.268210620096285,1.2858246564865112,23700,0.0,0.0
1994-10-12 00:00:00-04:00,1.30343759059906,1.30343759059906,1.2858235691044781,1.30343759059906,8600,0.0,0.0
1994-10-13 00:00:00-04:00,1.3034386928767374,1.3034386928767374,1.2858246564865112,1.2858246564865112,29700,0.0,0.0
1994-10-14 00:00:00-04:00,1.2858246564865112,1.3034386928767374,1.2858246564865112,1.2858246564865112,33500,0.0,0.0
1994-10-17 00:00:00-04:00,1.3034386928767374,1.3034386928767374,1.2858246564865112,1.2858246564865112,13000,0.0,0.0
1994-10-18 00:00:00-04:00,1.285824081963963,1.3034381104840174,1.2682100534439087,1.2682100534439087,43100,0.0,0.0
1994-10-19 00:00:00-04:00,1.268210620096285,1.3034386928767374,1.268210620096285,1.2858246564865112,18500,0.0,0.0
1994-10-20 00:00:00-04:00,1.2682100534439087,1.3034381104840174,1.2682100534439087,1.2682100534439087,36600,0.0,0.0
1994-10-21 00:00:00-04:00,1.2682100534439087,1.285824081963963,1.2682100534439087,1.2682100534439087,13200,0.0,0.0
1994-10-24 00:00:00-04:00,1.268210620096285,1.2858246564865112,1.268210620096285,1.2858246564865112,45500,0.0,0.0
1994-10-25 00:00:00-04:00,1.30343759059906,1.30343759059906,1.2858235691044781,1.30343759059906,13900,0.0,0.0
1994-10-26 00:00:00-04:00,1.2858235691044781,1.30343759059906,1.2858235691044781,1.30343759059906,11400,0.0,0.0
1994-10-27 00:00:00-04:00,1.3034386928767374,1.3034386928767374,1.2858246564865112,1.2858246564865112,25800,0.0,0.0
1994-10-28 00:00:00-04:00,1.2858246564865112,1.3034386928767374,1.2858246564865112,1.2858246564865112,25000,0.0,0.0
1994-10-31 00:00:00-05:00,1.2858246564865112,1.3034386928767374,1.2858246564865112,1.2858246564865112,21700,0.0,0.0
1994-11-01 00:00:00-05:00,1.3034386928767374,1.3034386928767374,1.2858246564865112,1.2858246564865112,39100,0.0,0.0
1994-11-02 00:00:00-05:00,1.3034386928767374,1.3034386928767374,1.268210620096285,1.2858246564865112,19900,0.0,0.0
1994-11-03 00:00:00-05:00,1.268210620096285,1.2858246564865112,1.268210620096285,1.2858246564865112,29000,0.0,0.0
1994-11-04 00:00:00-05:00,1.285824081963963,1.285824081963963,1.2682100534439087,1.2682100534439087,21600,0.0,0.0
1994-11-07 00:00:00-05:00,1.2682098334943743,1.285823858959574,1.2505958080291748,1.2505958080291748,83200,0.0,0.0
1994-11-08 00:00:00-05:00,1.2588220936911447,1.2588220936911447,1.2233623164040703,1.2410922050476074,31500,0.058,0.0
1994-11-09 00:00:00-05:00,1.2588225603103638,1.2588225603103638,1.2410926650947247,1.2588225603103638,51600,0.0,0.0
1994-11-10 00:00:00-05:00,1.2410922154136326,1.2588221042052559,1.2233623266220093,1.2233623266220093,69000,0.0,0.0
1994-11-11 00:00:00-05:00,1.2410922154136326,1.2588221042052559,1.2056324378303858,1.2233623266220093,36100,0.0,0.0
1994-11-14 00:00:00-05:00,1.2233623164040703,1.2410922050476074,1.2233623164040703,1.2410922050476074,28900,0.0,0.0
1994-11-15 00:00:00-05:00,1.258822426199913,1.2765523195266724,1.2410925328731537,1.2765523195266724,72600,0.0,0.0
1994-11-16 00:00:00-05:00,1.276551982334682,1.276551982334682,1.2410922050476074,1.2410922050476074,47600,0.0,0.0
1994-11-17 00:00:00-05:00,1.2588225603103638,1.2588225603103638,1.2410926650947247,1.2588225603103638,72300,0.0,0.0
1994-11-18 00:00:00-05:00,1.2588225603103638,1.2588225603103638,1.2410926650947247,1.2588225603103638,31300,0.0,0.0
1994-11-21 00:00:00-05:00,1.2233620952157411,1.2410919806536505,1.205632209777832,1.205632209777832,87600,0.0,0.0
1994-11-22 00:00:00-05:00,1.2233628390440299,1.2233628390440299,1.1879030466079712,1.1879030466079712,119700,0.0,0.0
1994-11-23 00:00:00-05:00,1.2233623164040703,1.2410922050476074,1.205632427760533,1.2410922050476074,68200,0.0,0.0
1994-11-25 00:00:00-05:00,1.2410922050476074,1.2410922050476074,1.2233623164040703,1.2410922050476074,22200,0.0,0.0
1994-11-28 00:00:00-05:00,1.258822426199913,1.2765523195266724,1.2499574795365334,1.2765523195266724,49300,0.0,0.0
1994-11-29 00:00:00-05:00,1.2588225603103638,1.2765524555260026,1.2588225603103638,1.2588225603103638,29300,0.0,0.0
1994-11-30 00:00:00-05:00,1.2588225603103638,1.2765524555260026,1.2588225603103638,1.2588225603103638,35200,0.0,0.0
1994-12-01 00:00:00-05:00,1.2588225603103638,1.2765524555260026,1.2588225603103638,1.2588225603103638,24700,0.0,0.0
1994-12-02 00:00:00-05:00,1.2588225603103638,1.2765524555260026,1.2588225603103638,1.2588225603103638,32600,0.0,0.0
1994-12-05 00:00:00-05:00,1.2765524555260026,1.2942823507416417,1.2588225603103638,1.2588225603103638,52800,0.0,0.0
1994-12-06 00:00:00-05:00,1.2765524555260026,1.2765524555260026,1.2588225603103638,1.2588225603103638,26800,0.0,0.0
1994-12-07 00:00:00-05:00,1.258822426199913,1.2765523195266724,1.258822426199913,1.2765523195266724,87700,0.0,0.0
1994-12-08 00:00:00-05:00,1.276551982334682,1.276551982334682,1.2410922050476074,1.2410922050476074,75900,0.0,0.0
1994-12-09 00:00:00-05:00,1.2315255403518677,1.2493737365888513,1.2315255403518677,1.2315255403518677,63900,0.058,0.0
1994-12-12 00:00:00-05:00,1.2493733097525204,1.2493733097525204,1.213676929473877,1.213676929473877,32700,0.0,0.0
1994-12-13 00:00:00-05:00,1.213676929473877,1.2315251196131987,1.213676929473877,1.213676929473877,68700,0.0,0.0
1994-12-14 00:00:00-05:00,1.1958287393345552,1.2315251196131987,1.1958287393345552,1.213676929473877,92300,0.0,0.0
1994-12-15 00:00:00-05:00,1.213676929473877,1.2315251196131987,1.1958287393345552,1.213676929473877,88000,0.0,0.0
1994-12-16 00:00:00-05:00,1.2315251196131987,1.2315251196131987,1.213676929473877,1.213676929473877,35700,0.0,0.0
1994-12-19 00:00:00-05:00,1.213676929473877,1.2315251196131987,1.213676929473877,1.213676929473877,51500,0.0,0.0
1994-12-20 00:00:00-05:00,1.2136770520891462,1.249373435974121,1.2136770520891462,1.249373435974121,77500,0.0,0.0
1994-12-21 00:00:00-05:00,1.249373435974121,1.2672216279166086,1.2315252440316338,1.249373435974121,48700,0.0,0.0
1994-12-22 00:00:00-05:00,1.249373435974121,1.249373435974121,1.2315252440316338,1.249373435974121,54300,0.0,0.0
1994-12-23 00:00:00-05:00,1.2315255403518677,1.2493737365888513,1.2315255403518677,1.2315255403518677,39800,0.0,0.0
1994-12-27 00:00:00-05:00,1.2315255403518677,1.2493737365888513,1.213677344114884,1.2315255403518677,64900,0.0,0.0
1994-12-28 00:00:00-05:00,1.2315251196131987,1.2315251196131987,1.213676929473877,1.213676929473877,59600,0.0,0.0
1994-12-29 00:00:00-05:00,1.213677344114884,1.2315255403518677,1.213677344114884,1.2315255403518677,79700,0.0,0.0
1994-12-30 00:00:00-05:00,1.2315255403518677,1.2672219328258347,1.2315255403518677,1.2315255403518677,65800,0.0,0.0
1995-01-03 00:00:00-05:00,1.2315255403518677,1.2493737365888513,1.2315255403518677,1.2315255403518677,21700,0.0,0.0
1995-01-04 00:00:00-05:00,1.249373435974121,1.2672216279166086,1.249373435974121,1.249373435974121,31900,0.0,0.0
1995-01-05 00:00:00-05:00,1.249373435974121,1.2672216279166086,1.249373435974121,1.249373435974121,12700,0.0,0.0
1995-01-06 00:00:00-05:00,1.2672223365969129,1.285070538520813,1.2493741346730125,1.285070538520813,34000,0.0,0.0
1995-01-09 00:00:00-05:00,1.285070538520813,1.3029187404447131,1.2672223365969129,1.285070538520813,15700,0.0,0.0
1995-01-10 00:00:00-05:00,1.2934064596471653,1.311370438253376,1.2754424810409546,1.2754424810409546,23100,0.058,0.0
1995-01-11 00:00:00-05:00,1.2754424810409546,1.2934064596471653,1.2754424810409546,1.2754424810409546,13500,0.0,0.0
1995-01-12 00:00:00-05:00,1.2934064596471653,1.2934064596471653,1.2754424810409546,1.2754424810409546,14700,0.0,0.0
1995-01-13 00:00:00-05:00,1.275441684656673,1.2934056520462036,1.275441684656673,1.2934056520462036,21400,0.0,0.0
1995-01-16 00:00:00-05:00,1.2934064596471653,1.2934064596471653,1.2754424810409546,1.2754424810409546,17000,0.0,0.0
1995-01-17 00:00:00-05:00,1.2754424810409546,1.2934064596471653,1.2754424810409546,1.2754424810409546,13500,0.0,0.0
1995-01-18 00:00:00-05:00,1.2754424810409546,1.2934064596471653,1.2754424810409546,1.2754424810409546,56300,0.0,0.0
1995-01-19 00:00:00-05:00,1.2934056520462036,1.2934056520462036,1.275441684656673,1.2934056520462036,9000,0.0,0.0
1995-01-20 00:00:00-05:00,1.2754424810409546,1.2934064596471653,1.2754424810409546,1.2754424810409546,9800,0.0,0.0
1995-01-23 00:00:00-05:00,1.2934056520462036,1.2934056520462036,1.275441684656673,1.2934056520462036,12600,0.0,0.0
1995-01-24 00:00:00-05:00,1.275441684656673,1.2934056520462036,1.275441684656673,1.2934056520462036,11900,0.0,0.0
1995-01-25 00:00:00-05:00,1.2934056520462036,1.2934056520462036,1.2934056520462036,1.2934056520462036,20400,0.0,0.0
1995-01-26 00:00:00-05:00,1.275441684656673,1.2934056520462036,1.275441684656673,1.2934056520462036,43400,0.0,0.0
1995-01-27 00:00:00-05:00,1.2934056520462036,1.3113696194357343,1.2934056520462036,1.2934056520462036,24500,0.0,0.0
1995-01-30 00:00:00-05:00,1.2934069829444363,1.3113709688186646,1.2934069829444363,1.3113709688186646,16500,0.0,0.0
1995-01-31 00:00:00-05:00,1.2934056520462036,1.3113696194357343,1.2934056520462036,1.2934056520462036,15800,0.0,0.0
1995-02-01 00:00:00-05:00,1.3113696194357343,1.3113696194357343,1.2934056520462036,1.2934056520462036,20400,0.0,0.0
1995-02-02 00:00:00-05:00,1.2934064220737767,1.3293343782424927,1.2934064220737767,1.3293343782424927,26900,0.0,0.0
1995-02-03 00:00:00-05:00,1.3293348757425942,1.3472988605499268,1.311370890935262,1.3472988605499268,41500,0.0,0.0
1995-02-06 00:00:00-05:00,1.3293348757425942,1.3472988605499268,1.3293348757425942,1.3472988605499268,34600,0.0,0.0
1995-02-07 00:00:00-05:00,1.3293348757425942,1.3472988605499268,1.3293348757425942,1.3472988605499268,11900,0.0,0.0
1995-02-08 00:00:00-05:00,1.3293333869231376,1.3652613162994385,1.3293333869231376,1.3652613162994385,31200,0.0,0.0
1995-02-09 00:00:00-05:00,1.3555747270584106,1.3736490567525228,1.3375003973642985,1.3555747270584106,21700,0.058,0.0
1995-02-10 00:00:00-05:00,1.3555724369852167,1.3736467361450195,1.3555724369852167,1.3736467361450195,42800,0.0,0.0
1995-02-13 00:00:00-05:00,1.3555747270584106,1.3736490567525228,1.3555747270584106,1.3555747270584106,29100,0.0,0.0
1995-02-14 00:00:00-05:00,1.3736490567525228,1.3736490567525228,1.3555747270584106,1.3555747270584106,16700,0.0,0.0
1995-02-15 00:00:00-05:00,1.3555724369852167,1.3736467361450195,1.3555724369852167,1.3736467361450195,26900,0.0,0.0
1995-02-16 00:00:00-05:00,1.3736490567525228,1.3736490567525228,1.3555747270584106,1.3555747270584106,38900,0.0,0.0
1995-02-17 00:00:00-05:00,1.3555747270584106,1.3555747270584106,1.3375003973642985,1.3555747270584106,37400,0.0,0.0
1995-02-21 00:00:00-05:00,1.3375003973642985,1.3736490567525228,1.3375003973642985,1.3555747270584106,22700,0.0,0.0
1995-02-22 00:00:00-05:00,1.3736490567525228,1.3736490567525228,1.3375003973642985,1.3555747270584106,22700,0.0,0.0
1995-02-23 00:00:00-05:00,1.3374981378254138,1.3736467361450195,1.3374981378254138,1.3736467361450195,22600,0.0,0.0
1995-02-24 00:00:00-05:00,1.3555724369852167,1.3736467361450195,1.3555724369852167,1.3736467361450195,24800,0.0,0.0
1995-02-27 00:00:00-05:00,1.3555724369852167,1.3736467361450195,1.3555724369852167,1.3736467361450195,38300,0.0,0.0
1995-02-28 00:00:00-05:00,1.3736481344377671,1.3736481344377671,1.3374994993209839,1.3374994993209839,25400,0.0,0.0
1995-03-01 00:00:00-05:00,1.3555738168793754,1.3736481344377671,1.3374994993209839,1.3374994993209839,62500,0.0,0.0
1995-03-02 00:00:00-05:00,1.3375003973642985,1.3555747270584106,1.3375003973642985,1.3555747270584106,46000,0.0,0.0
1995-03-03 00:00:00-05:00,1.3374994993209839,1.3555738168793754,1.3374994993209839,1.3374994993209839,7800,0.0,0.0
1995-03-06 00:00:00-05:00,1.3375003973642985,1.3555747270584106,1.3375003973642985,1.3555747270584106,40700,0.0,0.0
1995-03-07 00:00:00-05:00,1.3374994993209839,1.3555738168793754,1.3374994993209839,1.3374994993209839,24900,0.0,0.0
1995-03-08 00:00:00-05:00,1.3555738168793754,1.3555738168793754,1.3374994993209839,1.3374994993209839,43700,0.0,0.0
1995-03-09 00:00:00-05:00,1.3459389209747314,1.3641272847716872,1.3459389209747314,1.3459389209747314,25600,0.058,0.0
1995-03-10 00:00:00-05:00,1.345939973195394,1.3641283512115479,1.345939973195394,1.3641283512115479,50800,0.0,0.0
1995-03-13 00:00:00-05:00,1.3641272847716872,1.3641272847716872,1.3459389209747314,1.3459389209747314,5800,0.0,0.0
1995-03-14 00:00:00-05:00,1.345939973195394,1.3641283512115479,1.345939973195394,1.3641283512115479,18200,0.0,0.0
1995-03-15 00:00:00-05:00,1.345939973195394,1.3641283512115479,1.345939973195394,1.3641283512115479,20100,0.0,0.0
1995-03-16 00:00:00-05:00,1.345939973195394,1.3641283512115479,1.345939973195394,1.3641283512115479,23000,0.0,0.0
1995-03-17 00:00:00-05:00,1.3641283512115479,1.3641283512115479,1.345939973195394,1.3641283512115479,25700,0.0,0.0
1995-03-20 00:00:00-05:00,1.3641283512115479,1.3641283512115479,1.345939973195394,1.3641283512115479,45000,0.0,0.0
1995-03-21 00:00:00-05:00,1.3641283512115479,1.3641283512115479,1.345939973195394,1.3641283512115479,17600,0.0,0.0
1995-03-22 00:00:00-05:00,1.3641272847716872,1.3823156485686432,1.3459389209747314,1.3459389209747314,31000,0.0,0.0
1995-03-23 00:00:00-05:00,1.3641283512115479,1.3641283512115479,1.345939973195394,1.3641283512115479,34200,0.0,0.0
1995-03-24 00:00:00-05:00,1.3641283512115479,1.3641283512115479,1.345939973195394,1.3641283512115479,38400,0.0,0.0
1995-03-27 00:00:00-05:00,1.345939973195394,1.3641283512115479,1.345939973195394,1.3641283512115479,17000,0.0,0.0
1995-03-28 00:00:00-05:00,1.3641272847716872,1.3641272847716872,1.3459389209747314,1.3459389209747314,33300,0.0,0.0
1995-03-29 00:00:00-05:00,1.3459389209747314,1.3641272847716872,1.3459389209747314,1.3459389209747314,26100,0.0,0.0
1995-03-30 00:00:00-05:00,1.3641272847716872,1.3641272847716872,1.3459389209747314,1.3459389209747314,32600,0.0,0.0
1995-03-31 00:00:00-05:00,1.3459389209747314,1.3641272847716872,1.3459389209747314,1.3459389209747314,13700,0.0,0.0
1995-04-03 00:00:00-04:00,1.3641283512115479,1.3641283512115479,1.345939973195394,1.3641283512115479,56000,0.0,0.0
1995-04-04 00:00:00-04:00,1.3641283512115479,1.3641283512115479,1.345939973195394,1.3641283512115479,18900,0.0,0.0
1995-04-05 00:00:00-04:00,1.345939973195394,1.3641283512115479,1.345939973195394,1.3641283512115479,45500,0.0,0.0
1995-04-06 00:00:00-04:00,1.345939973195394,1.3641283512115479,1.345939973195394,1.3641283512115479,32000,0.0,0.0
1995-04-07 00:00:00-04:00,1.345939973195394,1.3641283512115479,1.345939973195394,1.3641283512115479,29800,0.0,0.0
1995-04-10 00:00:00-04:00,1.3543186219533283,1.3726202249526978,1.3543186219533283,1.3726202249526978,33100,0.058,0.0
1995-04-11 00:00:00-04:00,1.3726202249526978,1.390921827952067,1.3543186219533283,1.3726202249526978,41100,0.0,0.0
1995-04-12 00:00:00-04:00,1.3726179929156053,1.39091956615448,1.3726179929156053,1.39091956615448,23000,0.0,0.0
1995-04-13 00:00:00-04:00,1.3726179929156053,1.39091956615448,1.3726179929156053,1.39091956615448,24200,0.0,0.0
1995-04-17 00:00:00-04:00,1.390921827952067,1.390921827952067,1.3726202249526978,1.3726202249526978,46000,0.0,0.0
1995-04-18 00:00:00-04:00,1.390921827952067,1.390921827952067,1.3726202249526978,1.3726202249526978,41300,0.0,0.0
1995-04-19 00:00:00-04:00,1.390921827952067,1.390921827952067,1.3726202249526978,1.3726202249526978,41900,0.0,0.0
1995-04-20 00:00:00-04:00,1.39091956615448,1.4092211393933547,1.3726179929156053,1.39091956615448,48400,0.0,0.0
1995-04-21 00:00:00-04:00,1.39091956615448,1.4092211393933547,1.39091956615448,1.39091956615448,40100,0.0,0.0
1995-04-24 00:00:00-04:00,1.39091956615448,1.4092211393933547,1.39091956615448,1.39091956615448,16500,0.0,0.0
1995-04-25 00:00:00-04:00,1.3909218342273266,1.4092234373092651,1.3909218342273266,1.4092234373092651,18700,0.0,0.0
1995-04-26 00:00:00-04:00,1.3909218342273266,1.4092234373092651,1.3909218342273266,1.4092234373092651,30500,0.0,0.0
1995-04-27 00:00:00-04:00,1.4092211393933547,1.4092211393933547,1.39091956615448,1.39091956615448,14000,0.0,0.0
1995-04-28 00:00:00-04:00,1.4092211393933547,1.4092211393933547,1.39091956615448,1.39091956615448,20600,0.0,0.0
1995-05-01 00:00:00-04:00,1.4092211393933547,1.4092211393933547,1.3726179929156053,1.39091956615448,29900,0.0,0.0
1995-05-02 00:00:00-04:00,1.3726179929156053,1.4092211393933547,1.3726179929156053,1.39091956615448,16500,0.0,0.0
1995-05-03 00:00:00-04:00,1.3909218342273266,1.4092234373092651,1.3726202311453881,1.4092234373092651,25500,0.0,0.0
1995-05-04 00:00:00-04:00,1.4092234373092651,1.4092234373092651,1.3909218342273266,1.4092234373092651,50700,0.0,0.0
1995-05-05 00:00:00-04:00,1.4275250403912036,1.4275250403912036,1.4092234373092651,1.4092234373092651,60200,0.0,0.0
1995-05-08 00:00:00-04:00,1.4092211393933547,1.4275227126322296,1.39091956615448,1.39091956615448,55000,0.0,0.0
1995-05-09 00:00:00-04:00,1.4178786152287532,1.4178786152287532,1.3994646072387695,1.3994646072387695,33200,0.058,0.0
1995-05-10 00:00:00-04:00,1.4178805605570475,1.4178805605570475,1.3810524940490723,1.3810524940490723,31500,0.0,0.0
1995-05-11 00:00:00-04:00,1.3994646072387695,1.3994646072387695,1.3810505992487858,1.3994646072387695,13600,0.0,0.0
1995-05-12 00:00:00-04:00,1.3994646072387695,1.3994646072387695,1.3810505992487858,1.3994646072387695,46800,0.0,0.0
1995-05-15 00:00:00-04:00,1.3994646072387695,1.3994646072387695,1.3810505992487858,1.3994646072387695,23200,0.0,0.0
1995-05-16 00:00:00-04:00,1.3810505992487858,1.3994646072387695,1.3810505992487858,1.3994646072387695,21900,0.0,0.0
1995-05-17 00:00:00-04:00,1.3810524940490723,1.3994665273030598,1.3810524940490723,1.3810524940490723,52000,0.0,0.0
1995-05-18 00:00:00-04:00,1.3810524940490723,1.3994665273030598,1.3810524940490723,1.3810524940490723,33900,0.0,0.0
1995-05-19 00:00:00-04:00,1.3810524940490723,1.3994665273030598,1.3810524940490723,1.3810524940490723,17700,0.0,0.0
1995-05-22 00:00:00-04:00,1.3994646072387695,1.3994646072387695,1.3810505992487858,1.3994646072387695,36500,0.0,0.0
1995-05-23 00:00:00-04:00,1.3810509362736263,1.3994649487572746,1.362636923789978,1.362636923789978,91900,0.0,0.0
1995-05-24 00:00:00-04:00,1.3810524940490723,1.3810524940490723,1.3626384607950845,1.3810524940490723,36700,0.0,0.0
1995-05-25 00:00:00-04:00,1.3626384607950845,1.3810524940490723,1.3626384607950845,1.3810524940490723,23300,0.0,0.0
1995-05-26 00:00:00-04:00,1.3810524940490723,1.3810524940490723,1.3626384607950845,1.3810524940490723,31500,0.0,0.0
1995-05-30 00:00:00-04:00,1.3810524940490723,1.3810524940490723,1.3626384607950845,1.3810524940490723,15000,0.0,0.0
1995-05-31 00:00:00-04:00,1.3810509362736263,1.3810509362736263,1.362636923789978,1.362636923789978,29200,0.0,0.0
1995-06-01 00:00:00-04:00,1.3810505992487858,1.3994646072387695,1.3810505992487858,1.3994646072387695,31600,0.0,0.0
1995-06-02 00:00:00-04:00,1.399465090268618,1.4178791046142578,1.399465090268618,1.4178791046142578,56600,0.0,0.0
1995-06-05 00:00:00-04:00,1.4178786152287532,1.4178786152287532,1.3994646072387695,1.3994646072387695,33800,0.0,0.0
1995-06-06 00:00:00-04:00,1.399465090268618,1.4178791046142578,1.399465090268618,1.4178791046142578,55100,0.0,0.0
1995-06-07 00:00:00-04:00,1.3994646072387695,1.3994646072387695,1.3810505992487858,1.3994646072387695,71900,0.0,0.0
1995-06-08 00:00:00-04:00,1.3810524940490723,1.3994665273030598,1.3810524940490723,1.3810524940490723,26900,0.0,0.0
1995-06-09 00:00:00-04:00,1.3810524940490723,1.3994665273030598,1.3810524940490723,1.3810524940490723,36700,0.0,0.0
1995-06-12 00:00:00-04:00,1.3994665273030598,1.3994665273030598,1.3810524940490723,1.3810524940490723,20900,0.0,0.0
1995-06-13 00:00:00-04:00,1.3896477786270347,1.3896477786270347,1.371119141578674,1.3711191415786743,28900,0.058,0.0
1995-06-14 00:00:00-04:00,1.3896490335464478,1.408177687327067,1.3711203797658285,1.3896490335464478,25300,0.0,0.0
1995-06-15 00:00:00-04:00,1.3896490335464478,1.408177687327067,1.3711203797658285,1.3896490335464478,32100,0.0,0.0
1995-06-16 00:00:00-04:00,1.3896490335464478,1.3896490335464478,1.3711203797658285,1.3896490335464478,22300,0.0,0.0
1995-06-19 00:00:00-04:00,1.3896490335464478,1.3896490335464478,1.3711203797658285,1.3896490335464478,29000,0.0,0.0
1995-06-20 00:00:00-04:00,1.3896490335464478,1.408177687327067,1.3711203797658285,1.3896490335464478,51000,0.0,0.0
1995-06-21 00:00:00-04:00,1.3896471967822628,1.4081758260726929,1.3711185674918327,1.4081758260726929,59500,0.0,0.0
1995-06-22 00:00:00-04:00,1.4081758260726929,1.4081758260726929,1.3896471967822628,1.4081758260726929,27900,0.0,0.0
1995-06-23 00:00:00-04:00,1.408177687327067,1.408177687327067,1.3896490335464478,1.3896490335464478,21600,0.0,0.0
1995-06-26 00:00:00-04:00,1.408177687327067,1.408177687327067,1.3896490335464478,1.3896490335464478,21800,0.0,0.0
1995-06-27 00:00:00-04:00,1.3896471967822628,1.4081758260726929,1.3896471967822628,1.4081758260726929,48800,0.0,0.0
1995-06-28 00:00:00-04:00,1.3896490335464478,1.408177687327067,1.3896490335464478,1.3896490335464478,26800,0.0,0.0
1995-06-29 00:00:00-04:00,1.3896490335464478,1.408177687327067,1.3896490335464478,1.3896490335464478,38100,0.0,0.0
1995-06-30 00:00:00-04:00,1.4081758260726929,1.4267044553631232,1.3896471967822628,1.4081758260726929,28200,0.0,0.0
1995-07-03 00:00:00-04:00,1.4081758260726929,1.4267044553631232,1.4081758260726929,1.4081758260726929,18600,0.0,0.0
1995-07-05 00:00:00-04:00,1.4267055988311768,1.4267055988311768,1.408176954690512,1.4267055988311768,25900,0.0,0.0
1995-07-06 00:00:00-04:00,1.4267044553631232,1.4267044553631232,1.4081758260726929,1.4081758260726929,20400,0.0,0.0
1995-07-07 00:00:00-04:00,1.4267063599366407,1.445235013961792,1.4081777059114895,1.445235013961792,36800,0.0,0.0
1995-07-10 00:00:00-04:00,1.4267063599366407,1.445235013961792,1.4081777059114895,1.445235013961792,57000,0.0,0.0
1995-07-11 00:00:00-04:00,1.4452342429718414,1.4452342429718414,1.408176954690512,1.4267055988311768,31100,0.0,0.0
1995-07-12 00:00:00-04:00,1.4267055988311768,1.4452342429718414,1.408176954690512,1.4267055988311768,34100,0.0,0.0
1995-07-13 00:00:00-04:00,1.4167132377624512,1.4167132377624512,1.398072274107682,1.4167132377624512,37400,0.058,0.0
1995-07-14 00:00:00-04:00,1.3980741500854492,1.416715138753255,1.3980741500854492,1.3980741500854492,16500,0.0,0.0
1995-07-17 00:00:00-04:00,1.3980741500854492,1.416715138753255,1.3980741500854492,1.3980741500854492,20900,0.0,0.0
1995-07-18 00:00:00-04:00,1.416715138753255,1.416715138753255,1.3980741500854492,1.3980741500854492,37500,0.0,0.0
1995-07-19 00:00:00-04:00,1.416715138753255,1.416715138753255,1.3794331614176432,1.3980741500854492,57200,0.0,0.0
1995-07-20 00:00:00-04:00,1.398072274107682,1.4167132377624512,1.3794313104529128,1.4167132377624512,34900,0.0,0.0
1995-07-21 00:00:00-04:00,1.398072274107682,1.4167132377624512,1.398072274107682,1.4167132377624512,32800,0.0,0.0
1995-07-24 00:00:00-04:00,1.398072274107682,1.4167132377624512,1.398072274107682,1.4167132377624512,19500,0.0,0.0
1995-07-25 00:00:00-04:00,1.4167132377624512,1.4353542014172203,1.398072274107682,1.4167132377624512,55600,0.0,0.0
1995-07-26 00:00:00-04:00,1.4353548288345337,1.4353548288345337,1.4167138570314879,1.4353548288345337,33600,0.0,0.0
1995-07-27 00:00:00-04:00,1.4167138570314879,1.4353548288345337,1.4167138570314879,1.4353548288345337,21000,0.0,0.0
1995-07-28 00:00:00-04:00,1.4353548288345337,1.4353548288345337,1.4167138570314879,1.4353548288345337,15300,0.0,0.0
1995-07-31 00:00:00-04:00,1.4353542014172203,1.4353542014172203,1.4167132377624512,1.4167132377624512,15200,0.0,0.0
1995-08-01 00:00:00-04:00,1.4353548288345337,1.4353548288345337,1.4167138570314879,1.4353548288345337,19400,0.0,0.0
1995-08-02 00:00:00-04:00,1.4539958006375797,1.4539958006375797,1.4353548288345337,1.4353548288345337,9200,0.0,0.0
1995-08-03 00:00:00-04:00,1.4353548288345337,1.4539958006375797,1.4353548288345337,1.4353548288345337,25600,0.0,0.0
1995-08-04 00:00:00-04:00,1.4539958006375797,1.4539958006375797,1.4353548288345337,1.4353548288345337,7900,0.0,0.0
1995-08-07 00:00:00-04:00,1.435356263930981,1.453997254371643,1.435356263930981,1.453997254371643,25700,0.0,0.0
1995-08-08 00:00:00-04:00,1.4353548288345337,1.4539958006375797,1.4167138570314879,1.4353548288345337,45800,0.0,0.0
1995-08-09 00:00:00-04:00,1.4353542014172203,1.4353542014172203,1.4167132377624512,1.4167132377624512,16000,0.0,0.0
1995-08-10 00:00:00-04:00,1.4167138570314879,1.4353548288345337,1.4167138570314879,1.4353548288345337,13900,0.0,0.0
1995-08-11 00:00:00-04:00,1.444056510925293,1.444056510925293,1.4253025302639255,1.444056510925293,3800,0.058,0.0
1995-08-14 00:00:00-04:00,1.444056510925293,1.444056510925293,1.4253025302639255,1.444056510925293,21900,0.0,0.0
1995-08-15 00:00:00-04:00,1.425303346970502,1.4440573383780086,1.425303346970502,1.4346803426742554,37500,0.0,0.0
1995-08-16 00:00:00-04:00,1.4253017902374268,1.4440557611616034,1.4253017902374268,1.4253017902374268,19800,0.0,0.0
1995-08-17 00:00:00-04:00,1.4253041712443033,1.4440581734975177,1.4065501689910889,1.4065501689910889,25700,0.0,0.0
1995-08-18 00:00:00-04:00,1.4253017902374268,1.4253017902374268,1.4065478193132501,1.4253017902374268,25800,0.0,0.0
1995-08-21 00:00:00-04:00,1.4065501689910889,1.4253041712443033,1.4065501689910889,1.4065501689910889,34800,0.0,0.0
1995-08-22 00:00:00-04:00,1.4065501689910889,1.4253041712443033,1.3877961667378742,1.4065501689910889,47900,0.0,0.0
1995-08-23 00:00:00-04:00,1.4065501689910889,1.4253041712443033,1.3877961667378742,1.4065501689910889,43800,0.0,0.0
1995-08-24 00:00:00-04:00,1.4065501689910889,1.4253041712443033,1.3877961667378742,1.4065501689910889,37000,0.0,0.0
1995-08-25 00:00:00-04:00,1.406547870184924,1.406547870184924,1.3877938985824585,1.3877938985824585,20400,0.0,0.0
1995-08-28 00:00:00-04:00,1.3877961667378742,1.4065501689910889,1.3877961667378742,1.4065501689910889,18900,0.0,0.0
1995-08-29 00:00:00-04:00,1.3877961667378742,1.4065501689910889,1.3877961667378742,1.4065501689910889,20600,0.0,0.0
1995-08-30 00:00:00-04:00,1.3877961667378742,1.4065501689910889,1.3877961667378742,1.4065501689910889,22800,0.0,0.0
1995-08-31 00:00:00-04:00,1.3971708843836912,1.406547870184924,1.3877938985824585,1.3877938985824585,42000,0.0,0.0
1995-09-01 00:00:00-04:00,1.3877961667378742,1.4065501689910889,1.3877961667378742,1.4065501689910889,39100,0.0,0.0
1995-09-05 00:00:00-04:00,1.4065501689910889,1.4065501689910889,1.3877961667378742,1.4065501689910889,13500,0.0,0.0
1995-09-06 00:00:00-04:00,1.406547870184924,1.406547870184924,1.3690399269799929,1.3877938985824585,51700,0.0,0.0
1995-09-07 00:00:00-04:00,1.3877957977660713,1.3877957977660713,1.3690418004989622,1.3690418004989624,30200,0.0,0.0
1995-09-08 00:00:00-04:00,1.3877938985824585,1.406547870184924,1.3690399269799929,1.3877938985824585,37800,0.0,0.0
1995-09-11 00:00:00-04:00,1.3877938985824585,1.406547870184924,1.3877938985824585,1.3877938985824585,27600,0.0,0.0
1995-09-12 00:00:00-04:00,1.4065501689910889,1.4065501689910889,1.3877961667378742,1.4065501689910889,21300,0.0,0.0
1995-09-13 00:00:00-04:00,1.3964335918426514,1.4153043160567413,1.3964335918426514,1.3964335918426514,18100,0.058,0.0
1995-09-14 00:00:00-04:00,1.3964352258046469,1.4153059720993042,1.3964352258046469,1.4153059720993042,13600,0.0,0.0
1995-09-15 00:00:00-04:00,1.3964352258046469,1.4153059720993042,1.3964352258046469,1.4153059720993042,28000,0.0,0.0
1995-09-18 00:00:00-04:00,1.4153043160567413,1.4153043160567413,1.3964335918426514,1.3964335918426514,21500,0.0,0.0
1995-09-19 00:00:00-04:00,1.3964352258046469,1.4153059720993042,1.3964352258046469,1.4153059720993042,33000,0.0,0.0
1995-09-20 00:00:00-04:00,1.4153059720993042,1.4153059720993042,1.3964352258046469,1.4153059720993042,30100,0.0,0.0
1995-09-21 00:00:00-04:00,1.4153059720993042,1.4153059720993042,1.3775644795099895,1.4153059720993042,61600,0.0,0.0
1995-09-22 00:00:00-04:00,1.3775628676285614,1.4153043160567413,1.3775628676285614,1.3964335918426514,23400,0.0,0.0
1995-09-25 00:00:00-04:00,1.3964352258046469,1.4153059720993042,1.3964352258046469,1.4153059720993042,23900,0.0,0.0
1995-09-26 00:00:00-04:00,1.3964335918426514,1.4153043160567413,1.3964335918426514,1.3964335918426514,41100,0.0,0.0
1995-09-27 00:00:00-04:00,1.3775628676285614,1.4153043160567413,1.3775628676285614,1.3964335918426514,27400,0.0,0.0
1995-09-28 00:00:00-04:00,1.4153043160567413,1.4153043160567413,1.3964335918426514,1.3964335918426514,35900,0.0,0.0
1995-09-29 00:00:00-04:00,1.4153041729801579,1.43417489528656,1.3964334506737557,1.43417489528656,34300,0.0,0.0
1995-10-02 00:00:00-04:00,1.4341767183939615,1.4341767183939615,1.4153059720993042,1.4153059720993042,17800,0.0,0.0
1995-10-03 00:00:00-04:00,1.4341767183939615,1.4341767183939615,1.4153059720993042,1.4153059720993042,19900,0.0,0.0
1995-10-04 00:00:00-04:00,1.4341767183939615,1.4341767183939615,1.4153059720993042,1.4153059720993042,25500,0.0,0.0
1995-10-05 00:00:00-04:00,1.4341767183939615,1.4341767183939615,1.4153059720993042,1.4153059720993042,17900,0.0,0.0
1995-10-06 00:00:00-04:00,1.4341767183939615,1.4341767183939615,1.4153059720993042,1.4153059720993042,18700,0.0,0.0
1995-10-09 00:00:00-04:00,1.43417489528656,1.43417489528656,1.4153041729801579,1.43417489528656,18400,0.0,0.0
1995-10-10 00:00:00-04:00,1.4153041729801579,1.43417489528656,1.4153041729801579,1.43417489528656,12500,0.0,0.0
1995-10-11 00:00:00-04:00,1.4153041729801579,1.43417489528656,1.3964334506737557,1.43417489528656,74000,0.0,0.0
1995-10-12 00:00:00-04:00,1.423997706488559,1.442984342575073,1.4050110704020449,1.4429843425750732,17300,0.058,0.0
1995-10-13 00:00:00-04:00,1.423997706488559,1.442984342575073,1.423997706488559,1.4429843425750732,13600,0.0,0.0
1995-10-16 00:00:00-04:00,1.4239999055862427,1.4429865709940592,1.4239999055862427,1.4239999055862427,21200,0.0,0.0
1995-10-17 00:00:00-04:00,1.4239999055862427,1.4429865709940592,1.4239999055862427,1.4239999055862427,33700,0.0,0.0
1995-10-18 00:00:00-04:00,1.4429865709940592,1.4429865709940592,1.4239999055862427,1.4239999055862427,27200,0.0,0.0
1995-10-19 00:00:00-04:00,1.423997706488559,1.442984342575073,1.423997706488559,1.4429843425750732,43700,0.0,0.0
1995-10-20 00:00:00-04:00,1.4239999055862427,1.4429865709940592,1.4239999055862427,1.4239999055862427,23600,0.0,0.0
1995-10-23 00:00:00-04:00,1.4239999055862427,1.4429865709940592,1.4239999055862427,1.4239999055862427,34000,0.0,0.0
1995-10-24 00:00:00-04:00,1.423997706488559,1.442984342575073,1.423997706488559,1.4429843425750732,39200,0.0,0.0
1995-10-25 00:00:00-04:00,1.423997706488559,1.442984342575073,1.423997706488559,1.4429843425750732,9800,0.0,0.0
1995-10-26 00:00:00-04:00,1.423997706488559,1.442984342575073,1.423997706488559,1.4429843425750732,53200,0.0,0.0
1995-10-27 00:00:00-04:00,1.442984342575073,1.442984342575073,1.423997706488559,1.4429843425750732,27100,0.0,0.0
1995-10-30 00:00:00-05:00,1.423997706488559,1.442984342575073,1.423997706488559,1.4429843425750732,27900,0.0,0.0
1995-10-31 00:00:00-05:00,1.442984342575073,1.442984342575073,1.423997706488559,1.4429843425750732,21100,0.0,0.0
1995-11-01 00:00:00-05:00,1.442984342575073,1.442984342575073,1.423997706488559,1.4429843425750732,22300,0.0,0.0
1995-11-02 00:00:00-05:00,1.442984342575073,1.442984342575073,1.423997706488559,1.4429843425750732,42000,0.0,0.0
1995-11-03 00:00:00-05:00,1.442984342575073,1.4619709786615873,1.423997706488559,1.4429843425750732,21600,0.0,0.0
1995-11-06 00:00:00-05:00,1.442984342575073,1.4619709786615873,1.423997706488559,1.4429843425750732,7400,0.0,0.0
1995-11-07 00:00:00-05:00,1.442984342575073,1.442984342575073,1.423997706488559,1.4429843425750732,24100,0.0,0.0
1995-11-08 00:00:00-05:00,1.4429865709940592,1.4429865709940592,1.4239999055862427,1.4239999055862427,42500,0.0,0.0
1995-11-09 00:00:00-05:00,1.442984342575073,1.442984342575073,1.423997706488559,1.4429843425750732,55100,0.0,0.0
1995-11-10 00:00:00-05:00,1.4239999055862427,1.4429865709940592,1.4239999055862427,1.4239999055862427,32200,0.0,0.0
1995-11-13 00:00:00-05:00,1.432862032104183,1.432862032104183,1.4137572050094604,1.4137572050094604,40600,0.058,0.0
1995-11-14 00:00:00-05:00,1.432863712310791,1.432863712310791,1.4137588628133138,1.432863712310791,37600,0.0,0.0
1995-11-15 00:00:00-05:00,1.432862032104183,1.432862032104183,1.4137572050094604,1.4137572050094604,18800,0.0,0.0
1995-11-16 00:00:00-05:00,1.432862760205018,1.4519675970077515,1.4137579234022841,1.4519675970077515,80800,0.0,0.0
1995-11-17 00:00:00-05:00,1.432862760205018,1.4519675970077515,1.432862760205018,1.4519675970077515,26900,0.0,0.0
1995-11-20 00:00:00-05:00,1.432862760205018,1.4519675970077515,1.432862760205018,1.4519675970077515,53900,0.0,0.0
1995-11-21 00:00:00-05:00,1.4519668591989054,1.4519668591989054,1.4137572050094604,1.4137572050094604,43000,0.0,0.0
1995-11-22 00:00:00-05:00,1.4137588628133138,1.451968561808268,1.4137588628133138,1.432863712310791,31200,0.0,0.0
1995-11-24 00:00:00-05:00,1.432863712310791,1.432863712310791,1.432863712310791,1.432863712310791,14100,0.0,0.0
1995-11-27 00:00:00-05:00,1.4519675970077515,1.4519675970077515,1.432862760205018,1.4519675970077515,26100,0.0,0.0
1995-11-28 00:00:00-05:00,1.432862760205018,1.4519675970077515,1.4137579234022841,1.4519675970077515,43000,0.0,0.0
1995-11-29 00:00:00-05:00,1.432863712310791,1.451968561808268,1.432863712310791,1.432863712310791,32700,0.0,0.0
1995-11-30 00:00:00-05:00,1.4519685398448599,1.4710733890533447,1.4328636906363748,1.4710733890533447,55800,0.0,0.0
1995-12-01 00:00:00-05:00,1.4710733890533447,1.4710733890533447,1.4519685398448599,1.4710733890533447,41100,0.0,0.0
1995-12-04 00:00:00-05:00,1.4710737313979712,1.4901785850524905,1.451968877743452,1.4901785850524902,99500,0.0,0.0
1995-12-05 00:00:00-05:00,1.4710733890533447,1.4901782382618298,1.4519685398448599,1.4710733890533447,41900,0.0,0.0
1995-12-06 00:00:00-05:00,1.4519685398448599,1.4710733890533447,1.4519685398448599,1.4710733890533447,26900,0.0,0.0
1995-12-07 00:00:00-05:00,1.471072433810485,1.471072433810485,1.4519675970077515,1.4519675970077515,37700,0.0,0.0
1995-12-08 00:00:00-05:00,1.471072433810485,1.471072433810485,1.4519675970077515,1.4519675970077515,39400,0.0,0.0
1995-12-11 00:00:00-05:00,1.4519685398448599,1.4710733890533447,1.4519685398448599,1.4710733890533447,46300,0.0,0.0
1995-12-12 00:00:00-05:00,1.471072433810485,1.471072433810485,1.4519675970077515,1.4519675970077515,39900,0.0,0.0
1995-12-13 00:00:00-05:00,1.46088773727417,1.4801099443435668,1.441665530204773,1.441665530204773,68800,0.058,0.0
1995-12-14 00:00:00-05:00,1.441665530204773,1.46088773727417,1.441665530204773,1.441665530204773,29000,0.0,0.0
1995-12-15 00:00:00-05:00,1.4416641702777462,1.4608863592147827,1.4416641702777462,1.4608863592147827,32600,0.0,0.0
1995-12-18 00:00:00-05:00,1.4416641702777462,1.4608863592147827,1.4416641702777462,1.4608863592147827,30000,0.0,0.0
1995-12-19 00:00:00-05:00,1.4416654001582752,1.4801098108291624,1.4416654001582752,1.4801098108291626,47600,0.0,0.0
1995-12-20 00:00:00-05:00,1.4801098108291624,1.4801098108291624,1.4608876054937188,1.4801098108291626,29100,0.0,0.0
1995-12-21 00:00:00-05:00,1.4608876054937188,1.4801098108291624,1.4608876054937188,1.4801098108291626,25800,0.0,0.0
1995-12-22 00:00:00-05:00,1.4801085481518195,1.4801085481518195,1.4608863592147827,1.4608863592147827,25700,0.0,0.0
1995-12-26 00:00:00-05:00,1.4801098108291624,1.4801098108291624,1.4608876054937188,1.4801098108291626,59300,0.0,0.0
1995-12-27 00:00:00-05:00,1.4608878905956564,1.4993323087692263,1.4608878905956564,1.499332308769226,44700,0.0,0.0
1995-12-28 00:00:00-05:00,1.4993320161646062,1.4993320161646062,1.4608876054937188,1.4801098108291626,34500,0.0,0.0
1995-12-29 00:00:00-05:00,1.4608876054937188,1.4801098108291624,1.4608876054937188,1.4801098108291626,17600,0.0,0.0
1996-01-02 00:00:00-05:00,1.4993320161646062,1.4993320161646062,1.4801098108291624,1.4801098108291626,23000,0.0,0.0
1996-01-03 00:00:00-05:00,1.4993323087692263,1.4993323087692263,1.4801100996824412,1.499332308769226,32100,0.0,0.0
1996-01-04 00:00:00-05:00,1.4801098108291624,1.4993320161646062,1.4801098108291624,1.4801098108291626,36300,0.0,0.0
1996-01-05 00:00:00-05:00,1.4993323087692263,1.4993323087692263,1.4801100996824412,1.499332308769226,34700,0.0,0.0
1996-01-08 00:00:00-05:00,1.4993320161646062,1.4993320161646062,1.4801098108291624,1.4801098108291626,12100,0.0,0.0
1996-01-09 00:00:00-05:00,1.4993320161646062,1.4993320161646062,1.4801098108291624,1.4801098108291626,17500,0.0,0.0
1996-01-10 00:00:00-05:00,1.4993323087692263,1.4993323087692263,1.4801100996824412,1.499332308769226,45800,0.0,0.0
1996-01-11 00:00:00-05:00,1.48896723985672,1.508304476737976,1.4696300029754639,1.508304476737976,17600,0.058,0.0
1996-01-12 00:00:00-05:00,1.508304476737976,1.508304476737976,1.48896723985672,1.508304476737976,20200,0.0,0.0
1996-01-15 00:00:00-05:00,1.508304476737976,1.508304476737976,1.48896723985672,1.508304476737976,13200,0.0,0.0
1996-01-16 00:00:00-05:00,1.48896723985672,1.508304476737976,1.48896723985672,1.508304476737976,35000,0.0,0.0
1996-01-17 00:00:00-05:00,1.508304476737976,1.508304476737976,1.48896723985672,1.508304476737976,24400,0.0,0.0
1996-01-18 00:00:00-05:00,1.508304476737976,1.508304476737976,1.48896723985672,1.508304476737976,15800,0.0,0.0
1996-01-19 00:00:00-05:00,1.48896723985672,1.5276417136192322,1.48896723985672,1.508304476737976,130400,0.0,0.0
1996-01-22 00:00:00-05:00,1.508304476737976,1.5276417136192322,1.48896723985672,1.508304476737976,28800,0.0,0.0
1996-01-23 00:00:00-05:00,1.508304476737976,1.5276417136192322,1.48896723985672,1.508304476737976,51400,0.0,0.0
1996-01-24 00:00:00-05:00,1.4889662522303908,1.527640700340271,1.4889662522303908,1.527640700340271,64400,0.0,0.0
1996-01-25 00:00:00-05:00,1.508304476737976,1.5276417136192322,1.508304476737976,1.508304476737976,49200,0.0,0.0
1996-01-26 00:00:00-05:00,1.527640700340271,1.527640700340271,1.508303476285331,1.527640700340271,60500,0.0,0.0
1996-01-29 00:00:00-05:00,1.527640700340271,1.546977924395211,1.527640700340271,1.527640700340271,66200,0.0,0.0
1996-01-30 00:00:00-05:00,1.5469789505004883,1.5469789505004883,1.5276417136192322,1.5469789505004883,18600,0.0,0.0
1996-01-31 00:00:00-05:00,1.5276417136192322,1.5469789505004883,1.5276417136192322,1.5469789505004883,39700,0.0,0.0
1996-02-01 00:00:00-05:00,1.546977924395211,1.546977924395211,1.527640700340271,1.527640700340271,80200,0.0,0.0
1996-02-02 00:00:00-05:00,1.527640700340271,1.546977924395211,1.527640700340271,1.527640700340271,32100,0.0,0.0
1996-02-05 00:00:00-05:00,1.527640700340271,1.546977924395211,1.527640700340271,1.527640700340271,42400,0.0,0.0
1996-02-06 00:00:00-05:00,1.5469789505004883,1.5469789505004883,1.5276417136192322,1.5469789505004883,36800,0.0,0.0
1996-02-07 00:00:00-05:00,1.527640700340271,1.546977924395211,1.527640700340271,1.527640700340271,35500,0.0,0.0
1996-02-08 00:00:00-05:00,1.527640700340271,1.546977924395211,1.527640700340271,1.527640700340271,39200,0.0,0.0
1996-02-09 00:00:00-05:00,1.527640700340271,1.546977924395211,1.508303476285331,1.527640700340271,74000,0.0,0.0
1996-02-12 00:00:00-05:00,1.527640700340271,1.546977924395211,1.527640700340271,1.527640700340271,21800,0.0,0.0
1996-02-13 00:00:00-05:00,1.5363543813045208,1.5558019051185021,1.5169068574905396,1.5169068574905396,47600,0.056,0.0
1996-02-14 00:00:00-05:00,1.5363537073135376,1.5363537073135376,1.5169061920310878,1.5363537073135376,51100,0.0,0.0
1996-02-15 00:00:00-05:00,1.5169068574905396,1.5363543813045208,1.5169068574905396,1.5169068574905396,42700,0.0,0.0
1996-02-16 00:00:00-05:00,1.5363537073135376,1.5363537073135376,1.5169061920310878,1.5363537073135376,36500,0.0,0.0
1996-02-20 00:00:00-05:00,1.5169068574905396,1.5169068574905396,1.4974593336765583,1.5169068574905396,27800,0.0,0.0
1996-02-21 00:00:00-05:00,1.4974584579467773,1.5169059703876446,1.4974584579467773,1.4974584579467773,34000,0.0,0.0
1996-02-22 00:00:00-05:00,1.5169068574905396,1.5169068574905396,1.4974593336765583,1.5169068574905396,33300,0.0,0.0
1996-02-23 00:00:00-05:00,1.5169059703876446,1.5169059703876446,1.4974584579467773,1.4974584579467773,19900,0.0,0.0
1996-02-26 00:00:00-05:00,1.5169059703876446,1.5169059703876446,1.4974584579467773,1.4974584579467773,64800,0.0,0.0
1996-02-27 00:00:00-05:00,1.4974597869380828,1.5169073166385774,1.4974597869380828,1.50718355178833,36100,0.0,0.0
1996-02-28 00:00:00-05:00,1.4974593336765583,1.5169068574905396,1.4974593336765583,1.5169068574905396,18100,0.0,0.0
1996-02-29 00:00:00-05:00,1.4974584579467773,1.5169059703876446,1.4974584579467773,1.4974584579467773,18500,0.0,0.0
1996-03-01 00:00:00-05:00,1.5169068574905396,1.5169068574905396,1.4974593336765583,1.5169068574905396,26700,0.0,0.0
1996-03-04 00:00:00-05:00,1.4974584579467773,1.5169059703876446,1.4974584579467773,1.4974584579467773,28000,0.0,0.0
1996-03-05 00:00:00-05:00,1.5169068574905396,1.5169068574905396,1.4974593336765583,1.5169068574905396,37500,0.0,0.0
1996-03-06 00:00:00-05:00,1.4974593336765583,1.5363543813045208,1.4974593336765583,1.5169068574905396,124600,0.0,0.0
1996-03-07 00:00:00-05:00,1.5169068574905396,1.5169068574905396,1.4974593336765583,1.5169068574905396,58100,0.0,0.0
1996-03-08 00:00:00-05:00,1.5169060387109454,1.5169060387109454,1.4780110120773315,1.4780110120773315,51000,0.0,0.0
1996-03-11 00:00:00-05:00,1.478011809862577,1.5169068574905396,1.478011809862577,1.5169068574905396,52200,0.0,0.0
1996-03-12 00:00:00-05:00,1.5169068574905396,1.5169068574905396,1.4974593336765583,1.5169068574905396,17500,0.0,0.0
1996-03-13 00:00:00-05:00,1.525668614870542,1.525668614870542,1.5061087608337402,1.5061087608337402,45300,0.056,0.0
1996-03-14 00:00:00-05:00,1.5061087608337402,1.525668614870542,1.5061087608337402,1.5061087608337402,8700,0.0,0.0
1996-03-15 00:00:00-05:00,1.5061087608337402,1.525668614870542,1.5061087608337402,1.5061087608337402,48900,0.0,0.0
1996-03-18 00:00:00-05:00,1.506110179118621,1.525670051574707,1.506110179118621,1.525670051574707,19100,0.0,0.0
1996-03-19 00:00:00-05:00,1.525670051574707,1.525670051574707,1.506110179118621,1.525670051574707,16700,0.0,0.0
1996-03-20 00:00:00-05:00,1.506110179118621,1.525670051574707,1.506110179118621,1.525670051574707,17400,0.0,0.0
1996-03-21 00:00:00-05:00,1.525668614870542,1.525668614870542,1.5061087608337402,1.5061087608337402,24600,0.0,0.0
1996-03-22 00:00:00-05:00,1.525670051574707,1.525670051574707,1.506110179118621,1.525670051574707,22200,0.0,0.0
1996-03-25 00:00:00-05:00,1.5061087608337402,1.525668614870542,1.5061087608337402,1.5061087608337402,16800,0.0,0.0
1996-03-26 00:00:00-05:00,1.5061087608337402,1.525668614870542,1.5061087608337402,1.5061087608337402,66600,0.0,0.0
1996-03-27 00:00:00-05:00,1.5061087608337402,1.525668614870542,1.5061087608337402,1.5061087608337402,21200,0.0,0.0
1996-03-28 00:00:00-05:00,1.5061087608337402,1.525668614870542,1.5061087608337402,1.5061087608337402,12200,0.0,0.0
1996-03-29 00:00:00-05:00,1.506110179118621,1.525670051574707,1.506110179118621,1.525670051574707,7800,0.0,0.0
1996-04-01 00:00:00-05:00,1.525668614870542,1.525668614870542,1.5061087608337402,1.5061087608337402,24500,0.0,0.0
1996-04-02 00:00:00-05:00,1.5061087608337402,1.525668614870542,1.5061087608337402,1.5061087608337402,28900,0.0,0.0
1996-04-03 00:00:00-05:00,1.506110179118621,1.525670051574707,1.506110179118621,1.525670051574707,22200,0.0,0.0
1996-04-04 00:00:00-05:00,1.525668614870542,1.525668614870542,1.5061087608337402,1.5061087608337402,26500,0.0,0.0
1996-04-08 00:00:00-04:00,1.506108754559567,1.506108754559567,1.4865489006042478,1.486548900604248,102900,0.0,0.0
1996-04-09 00:00:00-04:00,1.4865489006042478,1.4865489006042478,1.4669890466489288,1.486548900604248,35400,0.0,0.0
1996-04-10 00:00:00-04:00,1.506108754559567,1.506108754559567,1.4865489006042478,1.486548900604248,39000,0.0,0.0
1996-04-11 00:00:00-04:00,1.494890168507894,1.494890168507894,1.4752205610275269,1.4752205610275269,43900,0.053,0.0
1996-04-12 00:00:00-04:00,1.494890168507894,1.494890168507894,1.4752205610275269,1.4752205610275269,9700,0.0,0.0
1996-04-15 00:00:00-04:00,1.4850553647677105,1.494890168507894,1.4752205610275269,1.4752205610275269,24500,0.0,0.0
1996-04-16 00:00:00-04:00,1.494890168507894,1.494890168507894,1.4752205610275269,1.4752205610275269,33400,0.0,0.0
1996-04-17 00:00:00-04:00,1.4948891401290894,1.4948891401290894,1.4752195461800224,1.4948891401290894,13300,0.0,0.0
1996-04-18 00:00:00-04:00,1.4948891401290894,1.4948891401290894,1.4752195461800224,1.4948891401290894,10600,0.0,0.0
1996-04-19 00:00:00-04:00,1.4752195461800224,1.4948891401290894,1.4752195461800224,1.4948891401290894,19300,0.0,0.0
1996-04-22 00:00:00-04:00,1.4948891401290894,1.4948891401290894,1.4752195461800224,1.4948891401290894,9800,0.0,0.0
1996-04-23 00:00:00-04:00,1.4752195461800224,1.4948891401290894,1.4752195461800224,1.4948891401290894,50800,0.0,0.0
1996-04-24 00:00:00-04:00,1.494890130908284,1.494890130908284,1.4752205239226486,1.4850553274154663,33100,0.0,0.0
1996-04-25 00:00:00-04:00,1.4948891401290894,1.4948891401290894,1.4752195461800224,1.4948891401290894,13500,0.0,0.0
1996-04-26 00:00:00-04:00,1.4752205239226486,1.494890130908284,1.4752205239226486,1.4850553274154663,35600,0.0,0.0
1996-04-29 00:00:00-04:00,1.4752205610275269,1.494890168507894,1.4752205610275269,1.4752205610275269,6700,0.0,0.0
1996-04-30 00:00:00-04:00,1.4752205610275269,1.494890168507894,1.4752205610275269,1.4752205610275269,29000,0.0,0.0
1996-05-01 00:00:00-04:00,1.494890168507894,1.494890168507894,1.4752205610275269,1.4752205610275269,19800,0.0,0.0
1996-05-02 00:00:00-04:00,1.4752195493595022,1.4752195493595022,1.455549955368042,1.455549955368042,53900,0.0,0.0
1996-05-03 00:00:00-04:00,1.4752195493595022,1.4752195493595022,1.455549955368042,1.455549955368042,15600,0.0,0.0
1996-05-06 00:00:00-04:00,1.455549955368042,1.4752195493595022,1.455549955368042,1.455549955368042,16200,0.0,0.0
1996-05-07 00:00:00-04:00,1.4752195493595022,1.4752195493595022,1.455549955368042,1.455549955368042,20800,0.0,0.0
1996-05-08 00:00:00-04:00,1.455549955368042,1.4752195493595022,1.455549955368042,1.455549955368042,26900,0.0,0.0
1996-05-09 00:00:00-04:00,1.455549955368042,1.4752195493595022,1.455549955368042,1.455549955368042,28700,0.0,0.0
1996-05-10 00:00:00-04:00,1.455549955368042,1.4752195493595022,1.455549955368042,1.455549955368042,51100,0.0,0.0
1996-05-13 00:00:00-04:00,1.4441556930541992,1.4639386477535719,1.4441556930541992,1.4441556930541992,14900,0.053,0.0
1996-05-14 00:00:00-04:00,1.4639386477535719,1.4639386477535719,1.4441556930541992,1.4441556930541992,57200,0.0,0.0
1996-05-15 00:00:00-04:00,1.4639386477535719,1.4639386477535719,1.4441556930541992,1.4441556930541992,26100,0.0,0.0
1996-05-16 00:00:00-04:00,1.4441551433669195,1.4639380905363293,1.4243721961975098,1.4243721961975098,52400,0.0,0.0
1996-05-17 00:00:00-04:00,1.4243721059850745,1.4639379978179932,1.4243721059850745,1.4639379978179932,45000,0.0,0.0
1996-05-20 00:00:00-04:00,1.4639386477535719,1.4639386477535719,1.4243727383548266,1.4441556930541992,43300,0.0,0.0
1996-05-21 00:00:00-04:00,1.4441556930541992,1.4639386477535719,1.4243727383548266,1.4441556930541992,32100,0.0,0.0
1996-05-22 00:00:00-04:00,1.4441551433669195,1.4441551433669195,1.4243721961975098,1.4243721961975098,28800,0.0,0.0
1996-05-23 00:00:00-04:00,1.4441551433669195,1.4441551433669195,1.4243721961975098,1.4243721961975098,42500,0.0,0.0
1996-05-24 00:00:00-04:00,1.4243721961975098,1.4441551433669195,1.4243721961975098,1.4243721961975098,23700,0.0,0.0
1996-05-28 00:00:00-04:00,1.4441556930541992,1.4441556930541992,1.4243727383548266,1.4441556930541992,17600,0.0,0.0
1996-05-29 00:00:00-04:00,1.4243727383548266,1.4441556930541992,1.4243727383548266,1.4441556930541992,18200,0.0,0.0
1996-05-30 00:00:00-04:00,1.4441551433669195,1.4441551433669195,1.4243721961975098,1.4243721961975098,7000,0.0,0.0
1996-05-31 00:00:00-04:00,1.424372243209624,1.4441551910319796,1.404589295387268,1.404589295387268,38100,0.0,0.0
1996-06-03 00:00:00-04:00,1.4441551433669195,1.4441551433669195,1.4243721961975098,1.4243721961975098,12500,0.0,0.0
1996-06-04 00:00:00-04:00,1.4243727383548266,1.4441556930541992,1.4243727383548266,1.4441556930541992,88100,0.0,0.0
1996-06-05 00:00:00-04:00,1.4441556930541992,1.4639386477535719,1.4441556930541992,1.4441556930541992,21900,0.0,0.0
1996-06-06 00:00:00-04:00,1.4441557041803996,1.4837216138839722,1.4441557041803996,1.4837216138839722,75900,0.0,0.0
1996-06-07 00:00:00-04:00,1.4639379978179932,1.4639379978179932,1.4441550519015338,1.4639379978179932,52200,0.0,0.0
1996-06-10 00:00:00-04:00,1.4639386477535719,1.4639386477535719,1.4441556930541992,1.4441556930541992,27700,0.0,0.0
1996-06-11 00:00:00-04:00,1.4441556930541992,1.4639386477535719,1.4441556930541992,1.4441556930541992,41400,0.0,0.0
1996-06-12 00:00:00-04:00,1.4441556930541992,1.4639386477535719,1.4441556930541992,1.4441556930541992,9900,0.0,0.0
1996-06-13 00:00:00-04:00,1.452591896057129,1.472490415181199,1.4326933769330585,1.452591896057129,83200,0.053,0.0
1996-06-14 00:00:00-04:00,1.4525929689407349,1.4724915027618408,1.4525929689407349,1.4724915027618408,14100,0.0,0.0
1996-06-17 00:00:00-04:00,1.4525929689407349,1.4724915027618408,1.4525929689407349,1.4724915027618408,22700,0.0,0.0
1996-06-18 00:00:00-04:00,1.452591896057129,1.472490415181199,1.452591896057129,1.452591896057129,46700,0.0,0.0
1996-06-19 00:00:00-04:00,1.4525929689407349,1.4724915027618408,1.432694435119629,1.4724915027618408,36700,0.0,0.0
1996-06-20 00:00:00-04:00,1.452591896057129,1.472490415181199,1.452591896057129,1.452591896057129,26000,0.0,0.0
1996-06-21 00:00:00-04:00,1.4525929689407349,1.4724915027618408,1.4525929689407349,1.4724915027618408,12900,0.0,0.0
1996-06-24 00:00:00-04:00,1.472490415181199,1.472490415181199,1.452591896057129,1.452591896057129,29100,0.0,0.0
1996-06-25 00:00:00-04:00,1.4525929689407349,1.4724915027618408,1.4525929689407349,1.4724915027618408,26100,0.0,0.0
1996-06-26 00:00:00-04:00,1.4724915027618408,1.4724915027618408,1.4525929689407349,1.4724915027618408,18200,0.0,0.0
1996-06-27 00:00:00-04:00,1.4525929689407349,1.4724915027618408,1.4525929689407349,1.4724915027618408,20600,0.0,0.0
1996-06-28 00:00:00-04:00,1.472490415181199,1.472490415181199,1.452591896057129,1.452591896057129,36900,0.0,0.0
1996-07-01 00:00:00-04:00,1.4724915027618408,1.4724915027618408,1.4525929689407349,1.4724915027618408,16200,0.0,0.0
1996-07-02 00:00:00-04:00,1.4724906026100626,1.4724906026100626,1.4525920809531698,1.4625413417816162,15600,0.0,0.0
1996-07-03 00:00:00-04:00,1.452591896057129,1.472490415181199,1.452591896057129,1.452591896057129,35000,0.0,0.0
1996-07-05 00:00:00-04:00,1.4525929689407349,1.4724915027618408,1.4525929689407349,1.4724915027618408,83100,0.0,0.0
1996-07-08 00:00:00-04:00,1.4525929689407349,1.4724915027618408,1.4525929689407349,1.4724915027618408,42900,0.0,0.0
1996-07-09 00:00:00-04:00,1.472490415181199,1.472490415181199,1.452591896057129,1.452591896057129,16100,0.0,0.0
1996-07-10 00:00:00-04:00,1.4724915027618408,1.4724915027618408,1.4525929689407349,1.4724915027618408,28100,0.0,0.0
1996-07-11 00:00:00-04:00,1.460962914131783,1.4809761047363281,1.460962914131783,1.4809761047363281,32100,0.053,0.0
1996-07-12 00:00:00-04:00,1.48097718556722,1.5009903907775877,1.48097718556722,1.500990390777588,27300,0.0,0.0
1996-07-15 00:00:00-04:00,1.48097718556722,1.5009903907775877,1.48097718556722,1.500990390777588,20500,0.0,0.0
1996-07-16 00:00:00-04:00,1.500989295340873,1.500989295340873,1.4809761047363281,1.4809761047363281,31900,0.0,0.0
1996-07-17 00:00:00-04:00,1.500989295340873,1.500989295340873,1.4809761047363281,1.4809761047363281,26000,0.0,0.0
1996-07-18 00:00:00-04:00,1.4809761047363281,1.500989295340873,1.4809761047363281,1.4809761047363281,12500,0.0,0.0
1996-07-19 00:00:00-04:00,1.4809761047363281,1.4809761047363281,1.4809761047363281,1.4809761047363281,7100,0.0,0.0
1996-07-22 00:00:00-04:00,1.5009904467819521,1.5009904467819521,1.4809772408248596,1.4909838438034058,41700,0.0,0.0
1996-07-23 00:00:00-04:00,1.4809761047363281,1.500989295340873,1.4809761047363281,1.4809761047363281,42000,0.0,0.0
1996-07-24 00:00:00-04:00,1.48097718556722,1.5009903907775877,1.48097718556722,1.500990390777588,22300,0.0,0.0
1996-07-25 00:00:00-04:00,1.5009903907775877,1.5210035959879555,1.5009903907775877,1.500990390777588,86800,0.0,0.0
1996-07-26 00:00:00-04:00,1.5210024859454179,1.5210024859454179,1.4809761047363281,1.4809761047363281,102300,0.0,0.0
1996-07-29 00:00:00-04:00,1.4809761047363281,1.500989295340873,1.4809761047363281,1.4809761047363281,31700,0.0,0.0
1996-07-30 00:00:00-04:00,1.500989295340873,1.500989295340873,1.4809761047363281,1.4809761047363281,22500,0.0,0.0
1996-07-31 00:00:00-04:00,1.4809761047363281,1.4809761047363281,1.460962914131783,1.4809761047363281,5100,0.0,0.0
1996-08-01 00:00:00-04:00,1.4809761047363281,1.4809761047363281,1.460962914131783,1.4809761047363281,11500,0.0,0.0
1996-08-02 00:00:00-04:00,1.500989295340873,1.500989295340873,1.4809761047363281,1.4809761047363281,23600,0.0,0.0
1996-08-05 00:00:00-04:00,1.48097718556722,1.5009903907775877,1.48097718556722,1.500990390777588,29700,0.0,0.0
1996-08-06 00:00:00-04:00,1.48097718556722,1.5009903907775877,1.48097718556722,1.500990390777588,14100,0.0,0.0
1996-08-07 00:00:00-04:00,1.500989295340873,1.500989295340873,1.4809761047363281,1.4809761047363281,17500,0.0,0.0
1996-08-08 00:00:00-04:00,1.4809761047363281,1.500989295340873,1.4809761047363281,1.4809761047363281,11000,0.0,0.0
1996-08-09 00:00:00-04:00,1.500989295340873,1.500989295340873,1.4809761047363281,1.4809761047363281,28000,0.0,0.0
1996-08-12 00:00:00-04:00,1.500989295340873,1.500989295340873,1.4809761047363281,1.4809761047363281,14100,0.0,0.0
1996-08-13 00:00:00-04:00,1.4895107746124268,1.4895107746124268,1.4693822506311778,1.4895107746124268,20800,0.053,0.0
1996-08-14 00:00:00-04:00,1.4895107746124268,1.4895107746124268,1.4693822506311778,1.4895107746124268,28500,0.0,0.0
1996-08-15 00:00:00-04:00,1.4693822506311778,1.4895107746124268,1.4693822506311778,1.4895107746124268,15000,0.0,0.0
1996-08-16 00:00:00-04:00,1.46938157081604,1.489510085484753,1.46938157081604,1.46938157081604,10800,0.0,0.0
1996-08-19 00:00:00-04:00,1.46938157081604,1.489510085484753,1.46938157081604,1.46938157081604,20400,0.0,0.0
1996-08-20 00:00:00-04:00,1.489510085484753,1.489510085484753,1.46938157081604,1.46938157081604,20400,0.0,0.0
1996-08-21 00:00:00-04:00,1.4895107746124268,1.4895107746124268,1.4693822506311778,1.4895107746124268,37500,0.0,0.0
1996-08-22 00:00:00-04:00,1.4693822506311778,1.4895107746124268,1.4693822506311778,1.4895107746124268,12100,0.0,0.0
1996-08-23 00:00:00-04:00,1.489510085484753,1.489510085484753,1.46938157081604,1.46938157081604,13700,0.0,0.0
1996-08-26 00:00:00-04:00,1.46938157081604,1.489510085484753,1.46938157081604,1.46938157081604,28300,0.0,0.0
1996-08-27 00:00:00-04:00,1.4895107746124268,1.4895107746124268,1.4693822506311778,1.4895107746124268,61600,0.0,0.0
1996-08-28 00:00:00-04:00,1.46938157081604,1.489510085484753,1.46938157081604,1.46938157081604,38500,0.0,0.0
1996-08-29 00:00:00-04:00,1.46938157081604,1.489510085484753,1.46938157081604,1.46938157081604,32700,0.0,0.0
1996-08-30 00:00:00-04:00,1.46938157081604,1.489510085484753,1.46938157081604,1.46938157081604,8700,0.0,0.0
1996-09-03 00:00:00-04:00,1.46938157081604,1.489510085484753,1.46938157081604,1.46938157081604,61600,0.0,0.0
1996-09-04 00:00:00-04:00,1.46938157081604,1.489510085484753,1.46938157081604,1.46938157081604,34900,0.0,0.0
1996-09-05 00:00:00-04:00,1.46938157081604,1.489510085484753,1.46938157081604,1.46938157081604,20800,0.0,0.0
1996-09-06 00:00:00-04:00,1.46938157081604,1.489510085484753,1.46938157081604,1.46938157081604,9100,0.0,0.0
1996-09-09 00:00:00-04:00,1.4693822506311778,1.4895107746124268,1.4693822506311778,1.4895107746124268,28200,0.0,0.0
1996-09-10 00:00:00-04:00,1.4895112725342212,1.4895112725342212,1.4693827418242993,1.4794470071792603,51700,0.0,0.0
1996-09-11 00:00:00-04:00,1.4895122687021891,1.5096408128738403,1.4895122687021891,1.5096408128738403,84400,0.0,0.0
1996-09-12 00:00:00-04:00,1.4983006372843701,1.4983006372843701,1.478053331375122,1.478053331375122,32200,0.055,0.0
1996-09-13 00:00:00-04:00,1.4983006372843701,1.4983006372843701,1.478053331375122,1.478053331375122,25600,0.0,0.0
1996-09-16 00:00:00-04:00,1.478053331375122,1.4983006372843701,1.478053331375122,1.478053331375122,116100,0.0,0.0
1996-09-17 00:00:00-04:00,1.4780539531965513,1.4983012676239014,1.4780539531965513,1.4983012676239014,40700,0.0,0.0
1996-09-18 00:00:00-04:00,1.4780539531965513,1.4983012676239014,1.4780539531965513,1.4983012676239014,50900,0.0,0.0
1996-09-19 00:00:00-04:00,1.4983006372843701,1.4983006372843701,1.478053331375122,1.478053331375122,28300,0.0,0.0
1996-09-20 00:00:00-04:00,1.4780539531965513,1.4983012676239014,1.4780539531965513,1.4983012676239014,33500,0.0,0.0
1996-09-23 00:00:00-04:00,1.498301092121336,1.498301092121336,1.4578064680099487,1.4578064680099487,64300,0.0,0.0
1996-09-24 00:00:00-04:00,1.4780539531965513,1.4983012676239014,1.4578066387692012,1.4983012676239014,51200,0.0,0.0
1996-09-25 00:00:00-04:00,1.4983006372843701,1.4983006372843701,1.478053331375122,1.478053331375122,57200,0.0,0.0
1996-09-26 00:00:00-04:00,1.4780543547909275,1.4983016747195703,1.4780543547909275,1.488178014755249,37000,0.0,0.0
1996-09-27 00:00:00-04:00,1.478053331375122,1.4983006372843701,1.478053331375122,1.478053331375122,39600,0.0,0.0
1996-09-30 00:00:00-04:00,1.478053331375122,1.4983006372843701,1.478053331375122,1.478053331375122,29700,0.0,0.0
1996-10-01 00:00:00-04:00,1.4983016747195703,1.4983016747195703,1.4780543547909275,1.488178014755249,25700,0.0,0.0
1996-10-02 00:00:00-04:00,1.478053331375122,1.4983006372843701,1.478053331375122,1.478053331375122,30300,0.0,0.0
1996-10-03 00:00:00-04:00,1.4983012676239014,1.4983012676239014,1.4780539531965513,1.4983012676239014,42000,0.0,0.0
1996-10-04 00:00:00-04:00,1.4780539531965513,1.4983012676239014,1.4780539531965513,1.4983012676239014,54800,0.0,0.0
1996-10-07 00:00:00-04:00,1.4983006372843701,1.4983006372843701,1.478053331375122,1.478053331375122,34000,0.0,0.0
1996-10-08 00:00:00-04:00,1.4983006372843701,1.4983006372843701,1.478053331375122,1.478053331375122,41800,0.0,0.0
1996-10-09 00:00:00-04:00,1.4983008225758871,1.5185481309890747,1.4780535141626994,1.5185481309890747,66600,0.0,0.0
1996-10-10 00:00:00-04:00,1.486774341480152,1.5275078850823478,1.486774341480152,1.50714111328125,119800,0.055,0.0
1996-10-11 00:00:00-04:00,1.5275095701217651,1.5478763643900555,1.5275095701217651,1.5275095701217651,97600,0.0,0.0
1996-10-14 00:00:00-04:00,1.5275101520513235,1.5478769540786743,1.5275101520513235,1.5478769540786743,59800,0.0,0.0
1996-10-15 00:00:00-04:00,1.5275095701217651,1.5478763643900555,1.5275095701217651,1.5275095701217651,18100,0.0,0.0
1996-10-16 00:00:00-04:00,1.5478763643900555,1.5478763643900555,1.5275095701217651,1.5275095701217651,46900,0.0,0.0
1996-10-17 00:00:00-04:00,1.5478770211832413,1.5478770211832413,1.5275102182729354,1.5376936197280884,25500,0.0,0.0
1996-10-18 00:00:00-04:00,1.5478770211832413,1.5478770211832413,1.5275102182729354,1.5376936197280884,29600,0.0,0.0
1996-10-21 00:00:00-04:00,1.542784665822983,1.5478763643900555,1.5275095701217651,1.5275095701217651,21300,0.0,0.0
1996-10-22 00:00:00-04:00,1.5275101520513235,1.5478769540786743,1.5275101520513235,1.5478769540786743,96000,0.0,0.0
1996-10-23 00:00:00-04:00,1.5478763643900555,1.5478763643900555,1.5275095701217651,1.5275095701217651,23300,0.0,0.0
1996-10-24 00:00:00-04:00,1.5275101520513235,1.5478769540786743,1.5275101520513235,1.5478769540786743,36400,0.0,0.0
1996-10-25 00:00:00-04:00,1.5478757635339515,1.5682425498962402,1.5478757635339515,1.5682425498962402,19400,0.0,0.0
1996-10-28 00:00:00-05:00,1.5478769540786743,1.5682437561060254,1.5478769540786743,1.5478769540786743,45000,0.0,0.0
1996-10-29 00:00:00-05:00,1.5478769540786743,1.5682437561060254,1.5478769540786743,1.5478769540786743,35200,0.0,0.0
1996-10-30 00:00:00-05:00,1.5478763643900555,1.5682431586583456,1.5275095701217651,1.5275095701217651,32200,0.0,0.0
1996-10-31 00:00:00-05:00,1.5275095701217651,1.5478763643900555,1.5275095701217651,1.5275095701217651,40900,0.0,0.0
1996-11-01 00:00:00-05:00,1.5275102182729354,1.5478770211832413,1.5275102182729354,1.5376936197280884,31100,0.0,0.0
1996-11-04 00:00:00-05:00,1.5275101520513235,1.5478769540786743,1.5275101520513235,1.5478769540786743,16000,0.0,0.0
1996-11-05 00:00:00-05:00,1.5478763643900555,1.5478763643900555,1.5275095701217651,1.5275095701217651,17600,0.0,0.0
1996-11-06 00:00:00-05:00,1.5478769540786743,1.5478769540786743,1.5275101520513235,1.5478769540786743,46100,0.0,0.0
1996-11-07 00:00:00-05:00,1.5275101520513235,1.5478769540786743,1.5275101520513235,1.5478769540786743,15400,0.0,0.0
1996-11-08 00:00:00-05:00,1.5478769540786743,1.5478769540786743,1.5275101520513235,1.5478769540786743,34400,0.0,0.0
1996-11-11 00:00:00-05:00,1.5275101520513235,1.5478769540786743,1.5275101520513235,1.5478769540786743,22700,0.0,0.0
1996-11-12 00:00:00-05:00,1.5275095701217651,1.5478763643900555,1.5275095701217651,1.5275095701217651,18700,0.0,0.0
1996-11-13 00:00:00-05:00,1.5365243352801594,1.5570113264172283,1.5365243352801594,1.5467678308486938,56700,0.055,0.0
1996-11-14 00:00:00-05:00,1.5570099576314291,1.5570099576314291,1.5365229845046997,1.5365229845046997,19900,0.0,0.0
1996-11-15 00:00:00-05:00,1.5570099353790283,1.5570099353790283,1.5365229625450938,1.5570099353790283,21100,0.0,0.0
1996-11-18 00:00:00-05:00,1.5365243352801594,1.5570113264172283,1.5365243352801594,1.5467678308486938,66400,0.0,0.0
1996-11-19 00:00:00-05:00,1.5570099576314291,1.5570099576314291,1.5365229845046997,1.5365229845046997,32600,0.0,0.0
1996-11-20 00:00:00-05:00,1.5570099353790283,1.5570099353790283,1.5365229625450938,1.5570099353790283,27100,0.0,0.0
1996-11-21 00:00:00-05:00,1.5570099353790283,1.5570099353790283,1.5365229625450938,1.5570099353790283,34900,0.0,0.0
1996-11-22 00:00:00-05:00,1.5570099576314291,1.5570099576314291,1.5365229845046997,1.5365229845046997,42100,0.0,0.0
1996-11-25 00:00:00-05:00,1.5570099576314291,1.5570099576314291,1.5365229845046997,1.5365229845046997,50300,0.0,0.0
1996-11-26 00:00:00-05:00,1.5570099576314291,1.5570099576314291,1.5365229845046997,1.5365229845046997,18300,0.0,0.0
1996-11-27 00:00:00-05:00,1.5365229625450938,1.5570099353790283,1.5365229625450938,1.5570099353790283,38000,0.0,0.0
1996-11-29 00:00:00-05:00,1.5570099353790283,1.5570099353790283,1.5365229625450938,1.5570099353790283,13600,0.0,0.0
1996-12-02 00:00:00-05:00,1.5570099353790283,1.5570099353790283,1.5365229625450938,1.5570099353790283,49400,0.0,0.0
1996-12-03 00:00:00-05:00,1.5365229625450938,1.5570099353790283,1.5365229625450938,1.5570099353790283,37100,0.0,0.0
1996-12-04 00:00:00-05:00,1.5570099353790283,1.5570099353790283,1.5365229625450938,1.5570099353790283,18500,0.0,0.0
1996-12-05 00:00:00-05:00,1.5365229845046997,1.5570099576314291,1.5365229845046997,1.5365229845046997,22700,0.0,0.0
1996-12-06 00:00:00-05:00,1.5365229845046997,1.5570099576314291,1.5365229845046997,1.5365229845046997,32200,0.0,0.0
1996-12-09 00:00:00-05:00,1.5365229625450938,1.5570099353790283,1.5365229625450938,1.5570099353790283,18500,0.0,0.0
1996-12-10 00:00:00-05:00,1.5365229625450938,1.5570099353790283,1.5365229625450938,1.5570099353790283,16700,0.0,0.0
1996-12-11 00:00:00-05:00,1.5570099353790283,1.5570099353790283,1.5365229625450938,1.5570099353790283,61900,0.0,0.0
1996-12-12 00:00:00-05:00,1.545471429824829,1.566077715555827,1.545471429824829,1.545471429824829,23000,0.055,0.0
1996-12-13 00:00:00-05:00,1.545471429824829,1.566077715555827,1.545471429824829,1.545471429824829,26600,0.0,0.0
1996-12-16 00:00:00-05:00,1.566077715555827,1.566077715555827,1.545471429824829,1.545471429824829,34200,0.0,0.0
1996-12-17 00:00:00-05:00,1.545471429824829,1.566077715555827,1.545471429824829,1.545471429824829,67700,0.0,0.0
1996-12-18 00:00:00-05:00,1.566077715555827,1.566077715555827,1.545471429824829,1.545471429824829,31600,0.0,0.0
1996-12-19 00:00:00-05:00,1.545471429824829,1.566077715555827,1.545471429824829,1.545471429824829,34200,0.0,0.0
1996-12-20 00:00:00-05:00,1.545471429824829,1.566077715555827,1.545471429824829,1.545471429824829,31800,0.0,0.0
1996-12-23 00:00:00-05:00,1.5454715530344303,1.5660778404082227,1.5248652656606378,1.5351684093475342,24000,0.0,0.0
1996-12-24 00:00:00-05:00,1.5454716779090263,1.5454716779090263,1.5248653888702395,1.5248653888702393,9300,0.0,0.0
1996-12-26 00:00:00-05:00,1.545471429824829,1.545471429824829,1.5248651440938314,1.545471429824829,35200,0.0,0.0
1996-12-27 00:00:00-05:00,1.5454715530344303,1.5454715530344303,1.5248652656606378,1.5351684093475342,33700,0.0,0.0
1996-12-30 00:00:00-05:00,1.545471429824829,1.545471429824829,1.5248651440938314,1.545471429824829,52900,0.0,0.0
1996-12-31 00:00:00-05:00,1.5248653888702395,1.5454716779090263,1.5248653888702395,1.5248653888702393,23700,0.0,0.0
1997-01-02 00:00:00-05:00,1.5248653888702395,1.5454716779090263,1.5248653888702395,1.5248653888702393,50100,0.0,0.0
1997-01-03 00:00:00-05:00,1.5454716779090263,1.5454716779090263,1.5248653888702395,1.5248653888702393,64800,0.0,0.0
1997-01-06 00:00:00-05:00,1.566076636314392,1.566076636314392,1.5248640932534872,1.566076636314392,39400,0.0,0.0
1997-01-07 00:00:00-05:00,1.545471429824829,1.566077715555827,1.545471429824829,1.545471429824829,20100,0.0,0.0
1997-01-08 00:00:00-05:00,1.5454727292850317,1.5660790323421654,1.5454727292850317,1.5557758808135986,27800,0.0,0.0
1997-01-09 00:00:00-05:00,1.545471429824829,1.566077715555827,1.545471429824829,1.545471429824829,39800,0.0,0.0
1997-01-10 00:00:00-05:00,1.566076636314392,1.566076636314392,1.5454703647839396,1.566076636314392,37000,0.0,0.0
1997-01-13 00:00:00-05:00,1.5544713735580444,1.5751976585388183,1.5337450885772705,1.5544713735580444,38400,0.055,0.0
1997-01-14 00:00:00-05:00,1.5544713735580444,1.5751976585388183,1.5544713735580444,1.5544713735580444,27900,0.0,0.0
1997-01-15 00:00:00-05:00,1.5544707053586055,1.5751969814300537,1.5544707053586055,1.5751969814300537,24900,0.0,0.0
1997-01-16 00:00:00-05:00,1.5751976585388183,1.5751976585388183,1.5544713735580444,1.5544713735580444,15800,0.0,0.0
1997-01-17 00:00:00-05:00,1.5751969814300537,1.5751969814300537,1.5544707053586055,1.5751969814300537,34100,0.0,0.0
1997-01-20 00:00:00-05:00,1.5751976585388183,1.5751976585388183,1.5544713735580444,1.5544713735580444,105700,0.0,0.0
1997-01-21 00:00:00-05:00,1.5544713735580444,1.5751976585388183,1.5337450885772705,1.5544713735580444,42700,0.0,0.0
1997-01-22 00:00:00-05:00,1.5751976585388183,1.5751976585388183,1.5337450885772705,1.5544713735580444,47700,0.0,0.0
1997-01-23 00:00:00-05:00,1.5337442159652712,1.5544704891539909,1.5337442159652712,1.533744215965271,21700,0.0,0.0
1997-01-24 00:00:00-05:00,1.5544713735580444,1.5544713735580444,1.5337450885772705,1.5544713735580444,26500,0.0,0.0
1997-01-27 00:00:00-05:00,1.5544704891539909,1.5544704891539909,1.5337442159652712,1.533744215965271,47800,0.0,0.0
1997-01-28 00:00:00-05:00,1.5544713735580444,1.5544713735580444,1.5337450885772705,1.5544713735580444,21600,0.0,0.0
1997-01-29 00:00:00-05:00,1.5544704891539909,1.5544704891539909,1.5337442159652712,1.533744215965271,17800,0.0,0.0
1997-01-30 00:00:00-05:00,1.5544704891539909,1.5544704891539909,1.5337442159652712,1.533744215965271,17600,0.0,0.0
1997-01-31 00:00:00-05:00,1.5544713735580444,1.5544713735580444,1.5337450885772705,1.5544713735580444,39300,0.0,0.0
1997-02-03 00:00:00-05:00,1.5544704891539909,1.5544704891539909,1.5337442159652712,1.533744215965271,43100,0.0,0.0
1997-02-04 00:00:00-05:00,1.5337450885772705,1.5544713735580444,1.5337450885772705,1.5544713735580444,11600,0.0,0.0
1997-02-05 00:00:00-05:00,1.5544713735580444,1.5544713735580444,1.5337450885772705,1.5544713735580444,32400,0.0,0.0
1997-02-06 00:00:00-05:00,1.5544713735580444,1.5544713735580444,1.5337450885772705,1.5544713735580444,15900,0.0,0.0
1997-02-07 00:00:00-05:00,1.5337450885772705,1.5544713735580444,1.5337450885772705,1.5544713735580444,9200,0.0,0.0
1997-02-10 00:00:00-05:00,1.5544713735580444,1.5544713735580444,1.5337450885772705,1.5544713735580444,26400,0.0,0.0
1997-02-11 00:00:00-05:00,1.5544713735580444,1.5751976585388183,1.5544713735580444,1.5544713735580444,58700,0.0,0.0
1997-02-12 00:00:00-05:00,1.5636441707611086,1.58449275970459,1.542795581817627,1.5636441707611084,69900,0.055,0.0
1997-02-13 00:00:00-05:00,1.5636441707611086,1.5636441707611086,1.542795581817627,1.5636441707611084,36600,0.0,0.0
1997-02-14 00:00:00-05:00,1.5636438856253754,1.5636438856253754,1.5427953004837036,1.5427953004837036,63700,0.0,0.0
1997-02-18 00:00:00-05:00,1.542795581817627,1.5636441707611086,1.542795581817627,1.5636441707611084,29300,0.0,0.0
1997-02-19 00:00:00-05:00,1.5636441707611086,1.58449275970459,1.542795581817627,1.5636441707611084,95700,0.0,0.0
1997-02-20 00:00:00-05:00,1.58449275970459,1.58449275970459,1.5636441707611086,1.5636441707611084,18800,0.0,0.0
1997-02-21 00:00:00-05:00,1.584492470767047,1.584492470767047,1.5427953004837036,1.5427953004837036,22600,0.0,0.0
1997-02-24 00:00:00-05:00,1.5427952753870111,1.5844924449920654,1.5427952753870111,1.5844924449920654,53300,0.0,0.0
1997-02-25 00:00:00-05:00,1.584492470767047,1.584492470767047,1.5427953004837036,1.5427953004837036,19900,0.0,0.0
1997-02-26 00:00:00-05:00,1.5636441707611086,1.5636441707611086,1.542795581817627,1.5636441707611084,52700,0.0,0.0
1997-02-27 00:00:00-05:00,1.5636441707611086,1.5636441707611086,1.542795581817627,1.5636441707611084,18000,0.0,0.0
1997-02-28 00:00:00-05:00,1.5636438856253754,1.5636438856253754,1.5427953004837036,1.5427953004837036,24100,0.0,0.0
1997-03-03 00:00:00-05:00,1.5636438856253754,1.5636438856253754,1.5427953004837036,1.5427953004837036,72500,0.0,0.0
1997-03-04 00:00:00-05:00,1.5636438856253754,1.5636438856253754,1.5427953004837036,1.5427953004837036,33500,0.0,0.0
1997-03-05 00:00:00-05:00,1.5636441707611086,1.5636441707611086,1.542795581817627,1.5636441707611084,34000,0.0,0.0
1997-03-06 00:00:00-05:00,1.5636438856253754,1.5636438856253754,1.5427953004837036,1.5427953004837036,14300,0.0,0.0
1997-03-07 00:00:00-05:00,1.5636441707611086,1.5636441707611086,1.542795581817627,1.5636441707611084,38000,0.0,0.0
1997-03-10 00:00:00-05:00,1.5636441707611086,1.58449275970459,1.5636441707611086,1.5636441707611084,37400,0.0,0.0
1997-03-11 00:00:00-05:00,1.58449275970459,1.58449275970459,1.5636441707611086,1.5636441707611084,49200,0.0,0.0
1997-03-12 00:00:00-05:00,1.5728711297637539,1.5938427448272705,1.5518995147002372,1.5938427448272705,34400,0.055,0.0
1997-03-13 00:00:00-05:00,1.5728719234466553,1.5938435490926108,1.5728719234466553,1.5728719234466553,34300,0.0,0.0
1997-03-14 00:00:00-05:00,1.5728719234466553,1.5938435490926108,1.5728719234466553,1.5728719234466553,52200,0.0,0.0
1997-03-17 00:00:00-05:00,1.5938435042930754,1.5938435042930754,1.5728718792365877,1.5833576917648315,32600,0.0,0.0
1997-03-18 00:00:00-05:00,1.5728719234466553,1.5938435490926108,1.5728719234466553,1.5728719234466553,31900,0.0,0.0
1997-03-19 00:00:00-05:00,1.5728711297637539,1.5938427448272705,1.5728711297637539,1.5938427448272705,73700,0.0,0.0
1997-03-20 00:00:00-05:00,1.5938435490926108,1.5938435490926108,1.5728719234466553,1.5728719234466553,42500,0.0,0.0
1997-03-21 00:00:00-05:00,1.5728719234466553,1.5938435490926108,1.5728719234466553,1.5728719234466553,44400,0.0,0.0
1997-03-24 00:00:00-05:00,1.5728719234466553,1.5938435490926108,1.5728719234466553,1.5728719234466553,47800,0.0,0.0
1997-03-25 00:00:00-05:00,1.5728719234466553,1.5938435490926108,1.5728719234466553,1.5728719234466553,30700,0.0,0.0
1997-03-26 00:00:00-05:00,1.5728711297637539,1.5938427448272705,1.5728711297637539,1.5938427448272705,44500,0.0,0.0
1997-03-27 00:00:00-05:00,1.5728719234466553,1.5938435490926108,1.5728719234466553,1.5728719234466553,34900,0.0,0.0
1997-03-31 00:00:00-05:00,1.5728698388950246,1.5728698388950246,1.5518982410430908,1.5518982410430908,20200,0.0,0.0
1997-04-01 00:00:00-05:00,1.5728719234466553,1.5728719234466553,1.5519002978007,1.5728719234466553,40700,0.0,0.0
1997-04-02 00:00:00-05:00,1.5728719234466553,1.5938435490926108,1.5519002978007,1.5728719234466553,21900,0.0,0.0
1997-04-03 00:00:00-05:00,1.5728698388950246,1.5728698388950246,1.5518982410430908,1.5518982410430908,27700,0.0,0.0
1997-04-04 00:00:00-05:00,1.5518982410430908,1.5728698388950246,1.5518982410430908,1.5518982410430908,16400,0.0,0.0
1997-04-07 00:00:00-04:00,1.5518995147002372,1.5938427448272705,1.5518995147002372,1.5938427448272705,40900,0.0,0.0
1997-04-08 00:00:00-04:00,1.5938435490926108,1.5938435490926108,1.5728719234466553,1.5728719234466553,22500,0.0,0.0
1997-04-09 00:00:00-04:00,1.5728719234466553,1.5938435490926108,1.5728719234466553,1.5728719234466553,20600,0.0,0.0
1997-04-10 00:00:00-04:00,1.5728719234466553,1.5938435490926108,1.5728719234466553,1.5728719234466553,30700,0.0,0.0
1997-04-11 00:00:00-04:00,1.5821520943899412,1.5821520943899412,1.5610567331314087,1.5610567331314087,30400,0.055,0.0
1997-04-14 00:00:00-04:00,1.5610567331314087,1.5821520943899412,1.5610567331314087,1.5610567331314087,41200,0.0,0.0
1997-04-15 00:00:00-04:00,1.5610567331314087,1.5821520943899412,1.5610567331314087,1.5610567331314087,59400,0.0,0.0
1997-04-16 00:00:00-04:00,1.5821537971496582,1.5821537971496582,1.5610584131876628,1.5821537971496582,30100,0.0,0.0
1997-04-17 00:00:00-04:00,1.5821520943899412,1.5821520943899412,1.5610567331314087,1.5610567331314087,33900,0.0,0.0
1997-04-18 00:00:00-04:00,1.5610567331314087,1.6032474556484737,1.5610567331314087,1.5610567331314087,32800,0.0,0.0
1997-04-21 00:00:00-04:00,1.5610584131876628,1.6032491811116538,1.5610584131876628,1.5821537971496582,14000,0.0,0.0
1997-04-22 00:00:00-04:00,1.6032491811116538,1.6032491811116538,1.5610584131876628,1.5821537971496582,18600,0.0,0.0
1997-04-23 00:00:00-04:00,1.6032491811116538,1.6032491811116538,1.5821537971496582,1.5821537971496582,81500,0.0,0.0
1997-04-24 00:00:00-04:00,1.5821528670034912,1.6032482385635378,1.5821528670034912,1.6032482385635376,20600,0.0,0.0
1997-04-25 00:00:00-04:00,1.6032491811116538,1.6032491811116538,1.5821537971496582,1.5821537971496582,25700,0.0,0.0
1997-04-28 00:00:00-04:00,1.6032482385635378,1.6032482385635378,1.5821528670034912,1.6032482385635376,19200,0.0,0.0
1997-04-29 00:00:00-04:00,1.6032482385635378,1.6032482385635378,1.5821528670034912,1.6032482385635376,45500,0.0,0.0
1997-04-30 00:00:00-04:00,1.6032491811116538,1.6032491811116538,1.5821537971496582,1.5821537971496582,36700,0.0,0.0
1997-05-01 00:00:00-04:00,1.6032482385635378,1.6032482385635378,1.5821528670034912,1.6032482385635376,24600,0.0,0.0
1997-05-02 00:00:00-04:00,1.5821528670034912,1.6032482385635378,1.5821528670034912,1.6032482385635376,20600,0.0,0.0
1997-05-05 00:00:00-04:00,1.5821537971496582,1.6032491811116538,1.5821537971496582,1.5821537971496582,65200,0.0,0.0
1997-05-06 00:00:00-04:00,1.6032494867084832,1.6032494867084832,1.5821540987254767,1.59270179271698,23600,0.0,0.0
1997-05-07 00:00:00-04:00,1.5821528670034912,1.6032482385635378,1.5821528670034912,1.6032482385635376,30200,0.0,0.0
1997-05-08 00:00:00-04:00,1.5821528670034912,1.6032482385635378,1.5821528670034912,1.6032482385635376,22600,0.0,0.0
1997-05-09 00:00:00-04:00,1.5821528670034912,1.6032482385635378,1.5821528670034912,1.6032482385635376,22000,0.0,0.0
1997-05-12 00:00:00-04:00,1.6032491811116538,1.6032491811116538,1.5821537971496582,1.5821537971496582,50000,0.0,0.0
1997-05-13 00:00:00-04:00,1.6127107885499665,1.6127107885499665,1.5914909097532564,1.6021008491516113,32900,0.055,0.0
1997-05-14 00:00:00-04:00,1.5914906263351443,1.6127105013529461,1.5914906263351443,1.591490626335144,55100,0.0,0.0
1997-05-15 00:00:00-04:00,1.5914906263351443,1.6127105013529461,1.5914906263351443,1.591490626335144,52600,0.0,0.0
1997-05-16 00:00:00-04:00,1.5914887189865112,1.612708568572998,1.5702688694000244,1.5702688694000244,94200,0.0,0.0
1997-05-19 00:00:00-04:00,1.591490339112762,1.591490339112762,1.5702704679245916,1.5808804035186768,64000,0.0,0.0
1997-05-20 00:00:00-04:00,1.5914887189865112,1.5914887189865112,1.5702688694000244,1.5702688694000244,22200,0.0,0.0
1997-05-21 00:00:00-04:00,1.5914906263351443,1.5914906263351443,1.5702707513173422,1.591490626335144,25900,0.0,0.0
1997-05-22 00:00:00-04:00,1.5914887189865112,1.5914887189865112,1.5702688694000244,1.5702688694000244,62400,0.0,0.0
1997-05-23 00:00:00-04:00,1.5914887189865112,1.5914887189865112,1.5702688694000244,1.5702688694000244,26800,0.0,0.0
1997-05-27 00:00:00-04:00,1.5914906263351443,1.5914906263351443,1.5702707513173422,1.591490626335144,19500,0.0,0.0
1997-05-28 00:00:00-04:00,1.5914887189865112,1.5914887189865112,1.5702688694000244,1.5702688694000244,34800,0.0,0.0
1997-05-29 00:00:00-04:00,1.5702696819054451,1.612709403038025,1.5702696819054451,1.612709403038025,44800,0.0,0.0
1997-05-30 00:00:00-04:00,1.591489542471735,1.612709403038025,1.5702696819054451,1.612709403038025,26100,0.0,0.0
1997-06-02 00:00:00-04:00,1.612709403038025,1.612709403038025,1.591489542471735,1.612709403038025,13600,0.0,0.0
1997-06-03 00:00:00-04:00,1.591489542471735,1.612709403038025,1.591489542471735,1.612709403038025,58900,0.0,0.0
1997-06-04 00:00:00-04:00,1.612709403038025,1.612709403038025,1.591489542471735,1.612709403038025,45300,0.0,0.0
1997-06-05 00:00:00-04:00,1.591489542471735,1.612709403038025,1.591489542471735,1.612709403038025,33000,0.0,0.0
1997-06-06 00:00:00-04:00,1.591489542471735,1.612709403038025,1.591489542471735,1.612709403038025,30700,0.0,0.0
1997-06-09 00:00:00-04:00,1.6127105013529461,1.6127105013529461,1.5914906263351443,1.591490626335144,29000,0.0,0.0
1997-06-10 00:00:00-04:00,1.6127111148210913,1.6339309979108425,1.6127111148210913,1.6233210563659668,136000,0.0,0.0
1997-06-11 00:00:00-04:00,1.6127111148210913,1.6339309979108425,1.6127111148210913,1.6233210563659668,31200,0.0,0.0
1997-06-12 00:00:00-04:00,1.6433827877044678,1.6433827877044678,1.6220401540979164,1.6433827877044678,30400,0.055,0.0
1997-06-13 00:00:00-04:00,1.643381699135429,1.643381699135429,1.6220390796661377,1.6220390796661377,59500,0.0,0.0
1997-06-16 00:00:00-04:00,1.6433827877044678,1.6433827877044678,1.6220401540979164,1.6433827877044678,51200,0.0,0.0
1997-06-17 00:00:00-04:00,1.6433827877044678,1.6433827877044678,1.6220401540979164,1.6433827877044678,18100,0.0,0.0
1997-06-18 00:00:00-04:00,1.6433812593802426,1.6647238731384277,1.6433812593802426,1.6647238731384277,50000,0.0,0.0
1997-06-19 00:00:00-04:00,1.6647238731384277,1.6647238731384277,1.6433812593802426,1.6647238731384277,37800,0.0,0.0
1997-06-20 00:00:00-04:00,1.6647238731384277,1.6860664868966126,1.6647238731384277,1.6647238731384277,41100,0.0,0.0
1997-06-23 00:00:00-04:00,1.6860664868966126,1.6860664868966126,1.6647238731384277,1.6647238731384277,29900,0.0,0.0
1997-06-24 00:00:00-04:00,1.6753954887390137,1.6753954887390137,1.6647241798935422,1.6753954887390137,26100,0.0,0.0
1997-06-25 00:00:00-04:00,1.6753972822620022,1.6753972822620022,1.6540546417236328,1.6540546417236328,33900,0.0,0.0
1997-06-26 00:00:00-04:00,1.6540541045077437,1.6647254213110194,1.6433827877044678,1.6433827877044678,22800,0.0,0.0
1997-06-27 00:00:00-04:00,1.654052566259335,1.6647238731384277,1.654052566259335,1.6647238731384277,34000,0.0,0.0
1997-06-30 00:00:00-04:00,1.6540546417236328,1.6647259619928176,1.6540546417236328,1.6540546417236328,23300,0.0,0.0
1997-07-01 00:00:00-04:00,1.6647259619928176,1.6647259619928176,1.6540546417236328,1.6540546417236328,63500,0.0,0.0
1997-07-02 00:00:00-04:00,1.6540546417236328,1.6647259619928176,1.6433833214544482,1.6540546417236328,22400,0.0,0.0
1997-07-03 00:00:00-04:00,1.6647241798935422,1.6753954887390137,1.6540528710480709,1.6753954887390137,39500,0.0,0.0
1997-07-07 00:00:00-04:00,1.6647241798935422,1.6753954887390137,1.6647241798935422,1.6753954887390137,54000,0.0,0.0
1997-07-08 00:00:00-04:00,1.675395438188239,1.686066746711731,1.664724129664747,1.686066746711731,55100,0.0,0.0
1997-07-09 00:00:00-04:00,1.686066746711731,1.696738055235223,1.675395438188239,1.686066746711731,81800,0.0,0.0
1997-07-10 00:00:00-04:00,1.6860676441552505,1.6967389583587646,1.6860676441552505,1.6967389583587646,33800,0.0,0.0
1997-07-11 00:00:00-04:00,1.6954505443572998,1.7061812440051307,1.6954505443572998,1.6954505443572998,27500,0.055,0.0
1997-07-14 00:00:00-04:00,1.6847198447094687,1.7061812440051307,1.6847198447094687,1.6954505443572998,39200,0.0,0.0
1997-07-15 00:00:00-04:00,1.6847198447094687,1.6954505443572998,1.6847198447094687,1.6954505443572998,62100,0.0,0.0
1997-07-16 00:00:00-04:00,1.6847203587586026,1.7061817646026611,1.6847203587586026,1.7061817646026611,33100,0.0,0.0
1997-07-17 00:00:00-04:00,1.6954505443572998,1.7061812440051307,1.6847198447094687,1.6954505443572998,136600,0.0,0.0
1997-07-18 00:00:00-04:00,1.6739885807037354,1.6847192767338874,1.6739885807037354,1.6739885807037354,61700,0.0,0.0
1997-07-21 00:00:00-04:00,1.6739903326957457,1.684721039956616,1.6632596254348755,1.6632596254348755,43700,0.0,0.0
1997-07-22 00:00:00-04:00,1.6632596254348755,1.6739903326957457,1.6525289181740055,1.6632596254348755,60500,0.0,0.0
1997-07-23 00:00:00-04:00,1.6739903326957457,1.6739903326957457,1.6632596254348755,1.6632596254348755,47300,0.0,0.0
1997-07-24 00:00:00-04:00,1.6739885807037354,1.6739885807037354,1.6632578846735833,1.6739885807037354,55100,0.0,0.0
1997-07-25 00:00:00-04:00,1.6632584022108916,1.6847198009490967,1.6632584022108916,1.6847198009490967,64600,0.0,0.0
1997-07-28 00:00:00-04:00,1.6739891015799941,1.6954505003181992,1.6739891015799941,1.6847198009490967,52100,0.0,0.0
1997-07-29 00:00:00-04:00,1.6847198009490967,1.6954505003181992,1.6739891015799941,1.6847198009490967,70800,0.0,0.0
1997-07-30 00:00:00-04:00,1.6847198009490967,1.6847198009490967,1.6739891015799941,1.6847198009490967,45500,0.0,0.0
1997-07-31 00:00:00-04:00,1.6847198009490967,1.6954505003181992,1.6847198009490967,1.6847198009490967,54200,0.0,0.0
1997-08-01 00:00:00-04:00,1.6954499727640395,1.6954499727640395,1.6739885807037354,1.6739885807037354,30500,0.0,0.0
1997-08-04 00:00:00-04:00,1.6739891015799941,1.6954505003181992,1.6739891015799941,1.6847198009490967,16100,0.0,0.0
1997-08-05 00:00:00-04:00,1.6954505003181992,1.7061811996873018,1.6847198009490967,1.6847198009490967,71500,0.0,0.0
1997-08-06 00:00:00-04:00,1.6847198009490967,1.6954505003181992,1.6847198009490967,1.6847198009490967,31000,0.0,0.0
1997-08-07 00:00:00-04:00,1.6847192767338874,1.6954499727640395,1.6739885807037354,1.6739885807037354,30500,0.0,0.0
1997-08-08 00:00:00-04:00,1.6739903326957457,1.684721039956616,1.6632596254348755,1.6632596254348755,80900,0.0,0.0
1997-08-11 00:00:00-04:00,1.6632578846735833,1.6739885807037354,1.652527188643431,1.6739885807037354,25300,0.0,0.0
1997-08-12 00:00:00-04:00,1.6632578846735833,1.6954499727640395,1.6632578846735833,1.6739885807037354,26200,0.0,0.0
1997-08-13 00:00:00-04:00,1.6718327196744773,1.6826187372207642,1.6610467021281903,1.6826187372207642,23300,0.05,0.0
1997-08-14 00:00:00-04:00,1.6826187372207642,1.6934047547670512,1.6610467021281903,1.6826187372207642,17000,0.0,0.0
1997-08-15 00:00:00-04:00,1.6610467021281903,1.6826187372207642,1.6610467021281903,1.6826187372207642,36000,0.0,0.0
1997-08-18 00:00:00-04:00,1.6934043530494935,1.6934043530494935,1.6718323230743408,1.6718323230743408,18700,0.0,0.0
1997-08-19 00:00:00-04:00,1.6718327196744773,1.6826187372207642,1.6610467021281903,1.6826187372207642,18100,0.0,0.0
1997-08-20 00:00:00-04:00,1.661047273126829,1.69340533688904,1.661047273126829,1.6772263050079346,55300,0.0,0.0
1997-08-21 00:00:00-04:00,1.6826183380619173,1.6934043530494935,1.6718323230743408,1.6718323230743408,22800,0.0,0.0
1997-08-22 00:00:00-04:00,1.6718323230743408,1.6826183380619173,1.6610463080867643,1.6718323230743408,46800,0.0,0.0
1997-08-25 00:00:00-04:00,1.6826183380619173,1.6826183380619173,1.6718323230743408,1.6718323230743408,27400,0.0,0.0
1997-08-26 00:00:00-04:00,1.6610467021281903,1.6826187372207642,1.6610467021281903,1.6826187372207642,29600,0.0,0.0
1997-08-27 00:00:00-04:00,1.6826183380619173,1.6826183380619173,1.6610463080867643,1.6718323230743408,45600,0.0,0.0
1997-08-28 00:00:00-04:00,1.6826180544766514,1.6826180544766514,1.661046028137207,1.661046028137207,53200,0.0,0.0
1997-08-29 00:00:00-04:00,1.6718320413069292,1.6826180544766514,1.661046028137207,1.661046028137207,27600,0.0,0.0
1997-09-02 00:00:00-04:00,1.6718320413069292,1.6718320413069292,1.661046028137207,1.661046028137207,58700,0.0,0.0
1997-09-03 00:00:00-04:00,1.66104670443566,1.6718327219969307,1.6502606868743894,1.6502606868743896,56400,0.0,0.0
1997-09-04 00:00:00-04:00,1.66104670443566,1.66104670443566,1.6502606868743894,1.6502606868743896,30100,0.0,0.0
1997-09-05 00:00:00-04:00,1.66104670443566,1.66104670443566,1.639474669313119,1.6502606868743896,31300,0.0,0.0
1997-09-08 00:00:00-04:00,1.66104670443566,1.66104670443566,1.6502606868743894,1.6502606868743896,40600,0.0,0.0
1997-09-09 00:00:00-04:00,1.6502606868743894,1.66104670443566,1.6502606868743894,1.6502606868743896,19300,0.0,0.0
1997-09-10 00:00:00-04:00,1.6502606868743894,1.66104670443566,1.639474669313119,1.6502606868743896,44800,0.0,0.0
1997-09-11 00:00:00-04:00,1.6480904817581177,1.658933182296,1.6264050806823531,1.6480904817581177,71100,0.05,0.0
1997-09-12 00:00:00-04:00,1.6480913414860405,1.6480913414860405,1.6372486352920534,1.6372486352920532,21000,0.0,0.0
1997-09-15 00:00:00-04:00,1.6264059290980661,1.6372486352920534,1.6264059290980661,1.6372486352920532,44700,0.0,0.0
1997-09-16 00:00:00-04:00,1.6264064600003647,1.6264064600003647,1.6047210405336931,1.6155637502670288,97100,0.0,0.0
1997-09-17 00:00:00-04:00,1.6047200183479153,1.6155627211745904,1.5938773155212402,1.5938773155212402,77900,0.0,0.0
1997-09-18 00:00:00-04:00,1.5938777476549149,1.6047204534212747,1.561349630355835,1.561349630355835,97000,0.0,0.0
1997-09-19 00:00:00-04:00,1.5505079581819732,1.5830360971648119,1.5505079581819732,1.5721933841705322,66000,0.0,0.0
1997-09-22 00:00:00-04:00,1.5721929113336859,1.6155637502670288,1.5721929113336859,1.6155637502670288,134000,0.0,0.0
1997-09-23 00:00:00-04:00,1.6155627211745904,1.6264054240012658,1.5830346126945651,1.5938773155212402,125000,0.0,0.0
1997-09-24 00:00:00-04:00,1.5830360971648119,1.5938788101590913,1.5721933841705322,1.5721933841705322,85300,0.0,0.0
1997-09-25 00:00:00-04:00,1.5938773155212402,1.5938773155212402,1.57219190986789,1.5938773155212402,105400,0.0,0.0
1997-09-26 00:00:00-04:00,1.5721926419702295,1.593878057721543,1.5721926419702295,1.5830353498458862,46100,0.0,0.0
1997-09-29 00:00:00-04:00,1.5830346126945651,1.5938773155212402,1.57219190986789,1.5938773155212402,26800,0.0,0.0
1997-09-30 00:00:00-04:00,1.5938788101590913,1.5938788101590913,1.5721933841705322,1.5721933841705322,43400,0.0,0.0
1997-10-01 00:00:00-04:00,1.5830360971648119,1.5938788101590913,1.5721933841705322,1.5721933841705322,92100,0.0,0.0
1997-10-02 00:00:00-04:00,1.5721933841705322,1.5830360971648119,1.5721933841705322,1.5721933841705322,34000,0.0,0.0
1997-10-03 00:00:00-04:00,1.5938788101590913,1.5938788101590913,1.5721933841705322,1.5721933841705322,55300,0.0,0.0
1997-10-06 00:00:00-04:00,1.5830353498458862,1.5830353498458862,1.5721926419702295,1.5830353498458862,21300,0.0,0.0
1997-10-07 00:00:00-04:00,1.5830360971648119,1.5938788101590913,1.5721933841705322,1.5721933841705322,41100,0.0,0.0
1997-10-08 00:00:00-04:00,1.5830353498458862,1.5830353498458862,1.5721926419702295,1.5830353498458862,52700,0.0,0.0
1997-10-09 00:00:00-04:00,1.5830353498458862,1.593878057721543,1.5721926419702295,1.5830353498458862,43600,0.0,0.0
1997-10-10 00:00:00-04:00,1.5808552054509726,1.5917576551437378,1.5699527557582071,1.5917576551437378,84300,0.05,0.0
1997-10-13 00:00:00-04:00,1.5808536325182232,1.6026585102081299,1.5808536325182232,1.6026585102081299,26300,0.0,0.0
1997-10-14 00:00:00-04:00,1.5917576551437378,1.6026601048365032,1.5808552054509726,1.5917576551437378,32300,0.0,0.0
1997-10-15 00:00:00-04:00,1.5808552054509726,1.6026601048365032,1.5808552054509726,1.5917576551437378,25000,0.0,0.0
1997-10-16 00:00:00-04:00,1.5808536325182232,1.6026585102081299,1.5808536325182232,1.6026585102081299,31600,0.0,0.0
1997-10-17 00:00:00-04:00,1.5808556079864502,1.6026605129241942,1.5808556079864502,1.5808556079864502,88100,0.0,0.0
1997-10-20 00:00:00-04:00,1.5808552054509726,1.5917576551437378,1.5808552054509726,1.5917576551437378,103300,0.0,0.0
1997-10-21 00:00:00-04:00,1.5808536325182232,1.6026585102081299,1.5808536325182232,1.6026585102081299,57700,0.0,0.0
1997-10-22 00:00:00-04:00,1.5917576551437378,1.6026601048365032,1.5808552054509726,1.5917576551437378,49600,0.0,0.0
1997-10-23 00:00:00-04:00,1.5917576551437378,1.6026601048365032,1.5917576551437378,1.5917576551437378,24200,0.0,0.0
1997-10-24 00:00:00-04:00,1.6026601048365032,1.6026601048365032,1.5808552054509726,1.5917576551437378,45700,0.0,0.0
1997-10-27 00:00:00-05:00,1.5808556079864502,1.591758060455322,1.5808556079864502,1.5808556079864502,48600,0.0,0.0
1997-10-28 00:00:00-05:00,1.5699518918991089,1.5917567792865965,1.5699518918991089,1.5699518918991089,23800,0.0,0.0
1997-10-29 00:00:00-05:00,1.5808556079864502,1.5808556079864502,1.569953155517578,1.5808556079864502,47700,0.0,0.0
1997-10-30 00:00:00-05:00,1.5699527557582071,1.5917576551437378,1.5699527557582071,1.5917576551437378,58300,0.0,0.0
1997-10-31 00:00:00-05:00,1.591758060455322,1.591758060455322,1.5808556079864502,1.5808556079864502,32200,0.0,0.0
1997-11-03 00:00:00-05:00,1.5808556079864502,1.6026605129241942,1.569953155517578,1.5808556079864502,62100,0.0,0.0
1997-11-04 00:00:00-05:00,1.591758060455322,1.591758060455322,1.5808556079864502,1.5808556079864502,16200,0.0,0.0
1997-11-05 00:00:00-05:00,1.5808552054509726,1.5917576551437378,1.5808552054509726,1.5917576551437378,71600,0.0,0.0
1997-11-06 00:00:00-05:00,1.5808556079864502,1.6026605129241942,1.5808556079864502,1.5808556079864502,31400,0.0,0.0
1997-11-07 00:00:00-05:00,1.5808556079864502,1.591758060455322,1.569953155517578,1.5808556079864502,56300,0.0,0.0
1997-11-10 00:00:00-05:00,1.56995119367327,1.6026585102081299,1.56995119367327,1.6026585102081299,28000,0.0,0.0
1997-11-11 00:00:00-05:00,1.5917560713631767,1.6026585102081299,1.5808536325182232,1.6026585102081299,84700,0.0,0.0
1997-11-12 00:00:00-05:00,1.589505574474596,1.6114297892949352,1.589505574474596,1.6004676818847656,19400,0.05,0.0
1997-11-13 00:00:00-05:00,1.589505574474596,1.6114297892949352,1.589505574474596,1.6004676818847656,38900,0.0,0.0
1997-11-14 00:00:00-05:00,1.60046842935923,1.6223926544189453,1.60046842935923,1.6223926544189453,41100,0.0,0.0
1997-11-17 00:00:00-05:00,1.6114305418890875,1.633354766948803,1.6114305418890875,1.6223926544189453,78000,0.0,0.0
1997-11-18 00:00:00-05:00,1.6114305418890875,1.633354766948803,1.6114305418890875,1.6223926544189453,41000,0.0,0.0
1997-11-19 00:00:00-05:00,1.633354992282634,1.633354992282634,1.6114307641983032,1.6114307641983032,77500,0.0,0.0
1997-11-20 00:00:00-05:00,1.6223926544189453,1.6223926544189453,1.6114305418890875,1.6223926544189453,41100,0.0,0.0
1997-11-21 00:00:00-05:00,1.6114307641983032,1.633354992282634,1.6114307641983032,1.6114307641983032,50800,0.0,0.0
1997-11-24 00:00:00-05:00,1.6223928782404686,1.6223928782404686,1.6114307641983032,1.6114307641983032,48900,0.0,0.0
1997-11-25 00:00:00-05:00,1.6114307641983032,1.6223928782404686,1.600468650156138,1.6114307641983032,47000,0.0,0.0
1997-11-26 00:00:00-05:00,1.6004676818847656,1.6114297892949352,1.6004676818847656,1.6004676818847656,64100,0.0,0.0
1997-11-28 00:00:00-05:00,1.6114307641983032,1.6114307641983032,1.600468650156138,1.6114307641983032,8200,0.0,0.0
1997-12-01 00:00:00-05:00,1.6223926544189453,1.633354766948803,1.6114305418890875,1.6223926544189453,68000,0.0,0.0
1997-12-02 00:00:00-05:00,1.6114294992997342,1.6333537101745605,1.6114294992997342,1.6333537101745605,46700,0.0,0.0
1997-12-03 00:00:00-05:00,1.6333537101745605,1.6443158156119737,1.6223916047371474,1.6333537101745605,87400,0.0,0.0
1997-12-04 00:00:00-05:00,1.6333546970064277,1.6552789211273193,1.6333546970064277,1.6552789211273193,51100,0.0,0.0
1997-12-05 00:00:00-05:00,1.6552786644299824,1.666240774790446,1.6333544437090555,1.644316554069519,41400,0.0,0.0
1997-12-08 00:00:00-05:00,1.6552789920085185,1.6662411045383763,1.6223926544189453,1.6223926544189453,28100,0.0,0.0
1997-12-09 00:00:00-05:00,1.666241033187765,1.666241033187765,1.6552789211273193,1.6552789211273193,24000,0.0,0.0
1997-12-10 00:00:00-05:00,1.6662406921386719,1.6772028019553737,1.6552785823219702,1.6662406921386719,76100,0.0,0.0
1997-12-11 00:00:00-05:00,1.664036557674408,1.675056667327881,1.653016448020935,1.653016448020935,29400,0.05,0.0
1997-12-12 00:00:00-05:00,1.6530150535122659,1.6640351538690143,1.6419949531555176,1.6419949531555176,31600,0.0,0.0
1997-12-15 00:00:00-05:00,1.6530150535122659,1.6640351538690143,1.6419949531555176,1.6419949531555176,35700,0.0,0.0
1997-12-16 00:00:00-05:00,1.641995589475374,1.6530156941027254,1.6309754848480225,1.6309754848480225,39200,0.0,0.0
1997-12-17 00:00:00-05:00,1.630974852798769,1.6530150535122659,1.630974852798769,1.6419949531555176,41300,0.0,0.0
1997-12-18 00:00:00-05:00,1.6419964761150128,1.6419964761150128,1.6199562549591064,1.6199562549591064,43000,0.0,0.0
1997-12-19 00:00:00-05:00,1.6199562549591064,1.6309763655370595,1.6199562549591064,1.6199562549591064,54600,0.0,0.0
1997-12-22 00:00:00-05:00,1.6309754848480225,1.6309754848480225,1.619955380220671,1.6309754848480225,56100,0.0,0.0
1997-12-23 00:00:00-05:00,1.6309763655370595,1.6419964761150128,1.6199562549591064,1.6199562549591064,42800,0.0,0.0
1997-12-24 00:00:00-05:00,1.6199562549591064,1.6309763655370595,1.6199562549591064,1.6199562549591064,47100,0.0,0.0
1997-12-26 00:00:00-05:00,1.6199561190605165,1.6970968866348268,1.6199561190605165,1.653016448020935,66200,0.0,0.0
1997-12-29 00:00:00-05:00,1.6530165866929658,1.6530165866929658,1.6089361443811534,1.6199562549591064,131100,0.0,0.0
1997-12-30 00:00:00-05:00,1.6089359521865845,1.6199560614481365,1.6089359521865845,1.6089359521865845,36300,0.0,0.0
1997-12-31 00:00:00-05:00,1.6199560614481365,1.6199560614481365,1.6089359521865845,1.6089359521865845,43900,0.0,0.0
1998-01-02 00:00:00-05:00,1.6199547524420206,1.6419949531555176,1.608934652085272,1.6419949531555176,129700,0.0,0.0
1998-01-05 00:00:00-05:00,1.6419963383674623,1.653016448020935,1.6309762287139893,1.653016448020935,103700,0.0,0.0
1998-01-06 00:00:00-05:00,1.664036557674408,1.664036557674408,1.6309762287139893,1.653016448020935,33000,0.0,0.0
1998-01-07 00:00:00-05:00,1.6530159293421056,1.6640360355377195,1.6309757169508774,1.6640360355377197,89600,0.0,0.0
1998-01-08 00:00:00-05:00,1.6750561417333336,1.6750561417333336,1.6530159293421056,1.6640360355377197,57000,0.0,0.0
1998-01-09 00:00:00-05:00,1.664035757121287,1.6750558614730835,1.664035757121287,1.6750558614730835,24000,0.0,0.0
1998-01-12 00:00:00-05:00,1.664035757121287,1.6750558614730835,1.6530156527694901,1.6750558614730835,30900,0.0,0.0
1998-01-13 00:00:00-05:00,1.6614108085632324,1.6835629526774087,1.650334736506144,1.6614108085632324,38500,0.048,0.0
1998-01-14 00:00:00-05:00,1.6614092896316224,1.6724853515624998,1.650333227700745,1.6724853515625,53700,0.0,0.0
1998-01-15 00:00:00-05:00,1.6614092896316224,1.6835614134933774,1.6614092896316224,1.6724853515625,23200,0.0,0.0
1998-01-16 00:00:00-05:00,1.6614103787823726,1.6835625171661377,1.6614103787823726,1.6835625171661377,53100,0.0,0.0
1998-01-20 00:00:00-05:00,1.6946385863580202,1.6946385863580202,1.6724864479742552,1.6835625171661377,49100,0.0,0.0
1998-01-21 00:00:00-05:00,1.6835616223223797,1.7057137489318848,1.6835616223223797,1.7057137489318848,41400,0.0,0.0
1998-01-22 00:00:00-05:00,1.705715279174007,1.705715279174007,1.6946392059326172,1.6946392059326172,35200,0.0,0.0
1998-01-23 00:00:00-05:00,1.6946392059326172,1.6946392059326172,1.672487059449838,1.6946392059326172,57700,0.0,0.0
1998-01-26 00:00:00-05:00,1.6835625171661377,1.6946385863580202,1.6724864479742552,1.6835625171661377,21200,0.0,0.0
1998-01-27 00:00:00-05:00,1.6946392059326172,1.6946392059326172,1.672487059449838,1.6946392059326172,22200,0.0,0.0
1998-01-28 00:00:00-05:00,1.6946392059326172,1.6946392059326172,1.672487059449838,1.6946392059326172,13900,0.0,0.0
1998-01-29 00:00:00-05:00,1.6835625171661377,1.6946385863580202,1.6724864479742552,1.6835625171661377,21600,0.0,0.0
1998-01-30 00:00:00-05:00,1.6835631326912277,1.6946392059326172,1.672487059449838,1.6946392059326172,26000,0.0,0.0
1998-02-02 00:00:00-05:00,1.6946392059326172,1.705715279174007,1.6835631326912277,1.6946392059326172,52900,0.0,0.0
1998-02-03 00:00:00-05:00,1.6835631326912277,1.6946392059326172,1.672487059449838,1.6946392059326172,48200,0.0,0.0
1998-02-04 00:00:00-05:00,1.6835631326912277,1.6946392059326172,1.672487059449838,1.6946392059326172,17900,0.0,0.0
1998-02-05 00:00:00-05:00,1.6724853515624998,1.6946374754242548,1.6724853515624998,1.6724853515625,25300,0.0,0.0
1998-02-06 00:00:00-05:00,1.6835631326912277,1.6946392059326172,1.672487059449838,1.6946392059326172,34500,0.0,0.0
1998-02-09 00:00:00-05:00,1.6724855590176273,1.7057137489318848,1.6724855590176273,1.7057137489318848,101900,0.0,0.0
1998-02-10 00:00:00-05:00,1.705715279174007,1.705715279174007,1.6946392059326172,1.6946392059326172,39000,0.0,0.0
1998-02-11 00:00:00-05:00,1.7031879527679343,1.7143199001716463,1.6809240579605103,1.6809240579605103,37800,0.048,0.0
1998-02-12 00:00:00-05:00,1.6920565366744995,1.6920565366744995,1.6809245857753252,1.6920565366744995,29100,0.0,0.0
1998-02-13 00:00:00-05:00,1.669793248176575,1.6920571581522625,1.669793248176575,1.6697932481765747,30500,0.0,0.0
1998-02-17 00:00:00-05:00,1.6697927590074209,1.6809247107341372,1.6141330003738403,1.6141330003738403,77300,0.0,0.0
1998-02-18 00:00:00-05:00,1.6252649521005564,1.6252649521005564,1.603001048647124,1.6141330003738403,54300,0.0,0.0
1998-02-19 00:00:00-05:00,1.6252650022506714,1.6363969543208814,1.6141330501804614,1.6252650022506714,33500,0.0,0.0
1998-02-20 00:00:00-05:00,1.625263986133394,1.6475278763543992,1.625263986133394,1.6363959312438965,19000,0.0,0.0
1998-02-23 00:00:00-05:00,1.6363969543208814,1.6475289063910916,1.6141330501804614,1.6252650022506714,63800,0.0,0.0
1998-02-24 00:00:00-05:00,1.6363969543208814,1.6363969543208814,1.6030010981102512,1.6252650022506714,84600,0.0,0.0
1998-02-25 00:00:00-05:00,1.6252649521005564,1.6252649521005564,1.6141330003738403,1.6141330003738403,41500,0.0,0.0
1998-02-26 00:00:00-05:00,1.6141330501804614,1.6252650022506714,1.6141330501804614,1.6252650022506714,22000,0.0,0.0
1998-02-27 00:00:00-05:00,1.6252649521005564,1.6252649521005564,1.6141330003738403,1.6141330003738403,35400,0.0,0.0
1998-03-02 00:00:00-05:00,1.6141330501804614,1.6252650022506714,1.6141330501804614,1.6252650022506714,49300,0.0,0.0
1998-03-03 00:00:00-05:00,1.6141330003738403,1.6252649521005564,1.603001048647124,1.6141330003738403,49200,0.0,0.0
1998-03-04 00:00:00-05:00,1.6141330003738403,1.6252649521005564,1.6141330003738403,1.6141330003738403,23600,0.0,0.0
1998-03-05 00:00:00-05:00,1.6252650022506714,1.6252650022506714,1.6141330501804614,1.6252650022506714,30500,0.0,0.0
1998-03-06 00:00:00-05:00,1.6252650022506714,1.6363969543208814,1.6141330501804614,1.6252650022506714,30600,0.0,0.0
1998-03-09 00:00:00-05:00,1.625263986133394,1.6363959312438967,1.625263986133394,1.6363959312438965,16700,0.0,0.0
1998-03-10 00:00:00-05:00,1.625263986133394,1.658659821464902,1.625263986133394,1.6363959312438965,46600,0.0,0.0
1998-03-11 00:00:00-05:00,1.6475297652634997,1.6697936810103038,1.6475297652634997,1.6586617231369019,29100,0.0,0.0
1998-03-12 00:00:00-05:00,1.6560640335083008,1.6784432772043587,1.6448744116602716,1.6560640335083008,26300,0.048,0.0
1998-03-13 00:00:00-05:00,1.6672544227976378,1.6672544227976378,1.6448751688003542,1.644875168800354,26600,0.0,0.0
1998-03-16 00:00:00-05:00,1.6448751688003542,1.656064795798996,1.6448751688003542,1.644875168800354,26100,0.0,0.0
1998-03-17 00:00:00-05:00,1.6448751688003542,1.656064795798996,1.6448751688003542,1.644875168800354,38000,0.0,0.0
1998-03-18 00:00:00-05:00,1.6448751688003542,1.656064795798996,1.6448751688003542,1.644875168800354,9700,0.0,0.0
1998-03-19 00:00:00-05:00,1.6448744116602716,1.6672536553563297,1.6448744116602716,1.6560640335083008,32200,0.0,0.0
1998-03-20 00:00:00-05:00,1.6672536553563297,1.6672536553563297,1.6448744116602716,1.6560640335083008,20400,0.0,0.0
1998-03-23 00:00:00-05:00,1.6448744116602716,1.6560640335083008,1.6448744116602716,1.6560640335083008,25900,0.0,0.0
1998-03-24 00:00:00-05:00,1.656064601793681,1.656064601793681,1.6336853504180908,1.6336853504180908,24600,0.0,0.0
1998-03-25 00:00:00-05:00,1.6336853504180908,1.656064601793681,1.6224957247302956,1.6336853504180908,59200,0.0,0.0
1998-03-26 00:00:00-05:00,1.6336853504180908,1.656064601793681,1.6336853504180908,1.6336853504180908,33800,0.0,0.0
1998-03-27 00:00:00-05:00,1.656064601793681,1.656064601793681,1.6336853504180908,1.6336853504180908,20600,0.0,0.0
1998-03-30 00:00:00-05:00,1.6560635533826105,1.6560635533826105,1.6224946975708008,1.6224946975708008,85900,0.0,0.0
1998-03-31 00:00:00-05:00,1.6336850805415049,1.6336850805415049,1.611305832862854,1.611305832862854,25600,0.0,0.0
1998-04-01 00:00:00-05:00,1.6448749761058858,1.6448749761058858,1.6224957247302956,1.6336853504180908,43300,0.0,0.0
1998-04-02 00:00:00-05:00,1.6336853504180908,1.6448749761058858,1.6224957247302956,1.6336853504180908,30200,0.0,0.0
1998-04-03 00:00:00-05:00,1.6336855418017122,1.6448751688003542,1.6336855418017122,1.644875168800354,19500,0.0,0.0
1998-04-06 00:00:00-04:00,1.6336855418017122,1.6448751688003542,1.6336855418017122,1.644875168800354,36100,0.0,0.0
1998-04-07 00:00:00-04:00,1.6336847898122426,1.6560640335083008,1.6336847898122426,1.6560640335083008,18700,0.0,0.0
1998-04-08 00:00:00-04:00,1.656064795798996,1.6672544227976378,1.6448751688003542,1.644875168800354,46400,0.0,0.0
1998-04-09 00:00:00-04:00,1.6448744116602716,1.6560640335083008,1.6336847898122426,1.6560640335083008,48000,0.0,0.0
1998-04-13 00:00:00-04:00,1.6422075074294518,1.6534555040556809,1.6309595108032227,1.6309595108032227,31300,0.048,0.0
1998-04-14 00:00:00-04:00,1.6309595108032227,1.6309595108032227,1.6197115141769935,1.6309595108032227,30100,0.0,0.0
1998-04-15 00:00:00-04:00,1.6309586730036703,1.6309586730036703,1.6084626913070679,1.6084626913070679,96400,0.0,0.0
1998-04-16 00:00:00-04:00,1.608462089384106,1.6197100760231555,1.5972141027450562,1.5972141027450562,49100,0.0,0.0
1998-04-17 00:00:00-04:00,1.6084619826740687,1.6197099685668945,1.597213996781243,1.6197099685668945,28300,0.0,0.0
1998-04-20 00:00:00-04:00,1.6084626913070679,1.619710682155369,1.6084626913070679,1.6084626913070679,28200,0.0,0.0
1998-04-21 00:00:00-04:00,1.6084626913070679,1.619710682155369,1.5972147004587667,1.6084626913070679,44300,0.0,0.0
1998-04-22 00:00:00-04:00,1.5972134862627303,1.5972134862627303,1.5747175216674805,1.5747175216674805,75600,0.0,0.0
1998-04-23 00:00:00-04:00,1.5859664678573608,1.5972144569911009,1.5747184787236206,1.5859664678573608,37100,0.0,0.0
1998-04-24 00:00:00-04:00,1.5972144569911009,1.5972144569911009,1.5747184787236206,1.5859664678573608,20000,0.0,0.0
1998-04-27 00:00:00-04:00,1.5859655039651053,1.5972134862627303,1.5634695393698557,1.5747175216674805,71200,0.0,0.0
1998-04-28 00:00:00-04:00,1.5747182265571926,1.5859662138897441,1.5522222518920898,1.5522222518920898,41500,0.0,0.0
1998-04-29 00:00:00-04:00,1.5409742645595386,1.5522222518920898,1.5297262772269873,1.5522222518920898,52700,0.0,0.0
1998-04-30 00:00:00-04:00,1.5522222518920898,1.5634702392246413,1.5409742645595386,1.5522222518920898,43600,0.0,0.0
1998-05-01 00:00:00-04:00,1.5634713172912598,1.574719312379686,1.5522233222028334,1.5634713172912598,36300,0.0,0.0
1998-05-04 00:00:00-04:00,1.574719312379686,1.574719312379686,1.5522233222028334,1.5634713172912598,26200,0.0,0.0
1998-05-05 00:00:00-04:00,1.5522215570722309,1.5747175216674805,1.5522215570722309,1.5747175216674805,64200,0.0,0.0
1998-05-06 00:00:00-04:00,1.574719312379686,1.5859673074681124,1.5634713172912598,1.5634713172912598,32300,0.0,0.0
1998-05-07 00:00:00-04:00,1.5859664678573608,1.5859664678573608,1.5634704895898806,1.5859664678573608,72400,0.0,0.0
1998-05-08 00:00:00-04:00,1.5747184787236206,1.5972144569911009,1.5747184787236206,1.5859664678573608,58900,0.0,0.0
1998-05-11 00:00:00-04:00,1.5859664678573608,1.5972144569911009,1.5747184787236206,1.5859664678573608,68600,0.0,0.0
1998-05-12 00:00:00-04:00,1.5634695393698557,1.5747175216674805,1.5634695393698557,1.5747175216674805,40200,0.0,0.0
1998-05-13 00:00:00-04:00,1.5607857103828044,1.594715834521561,1.5607857103828044,1.5720957517623901,31100,0.048,0.0
1998-05-14 00:00:00-04:00,1.572093561717442,1.5947136129651749,1.572093561717442,1.5834035873413086,19300,0.0,0.0
1998-05-15 00:00:00-04:00,1.5834057931419756,1.594715834521561,1.5720957517623901,1.5720957517623901,20600,0.0,0.0
1998-05-18 00:00:00-04:00,1.5834057931419756,1.5834057931419756,1.5720957517623901,1.5720957517623901,25400,0.0,0.0
1998-05-19 00:00:00-04:00,1.572093561717442,1.5834035873413086,1.572093561717442,1.5834035873413086,52700,0.0,0.0
1998-05-20 00:00:00-04:00,1.572093561717442,1.5834035873413086,1.572093561717442,1.5834035873413086,21000,0.0,0.0
1998-05-21 00:00:00-04:00,1.5834035873413086,1.5834035873413086,1.572093561717442,1.5834035873413086,55400,0.0,0.0
1998-05-22 00:00:00-04:00,1.5834035873413086,1.5834035873413086,1.572093561717442,1.5834035873413086,27000,0.0,0.0
1998-05-26 00:00:00-04:00,1.5720940111339956,1.5834040399910747,1.5607839822769165,1.5607839822769165,25400,0.0,0.0
1998-05-27 00:00:00-04:00,1.5607839822769165,1.5720940111339956,1.5607839822769165,1.5607839822769165,53700,0.0,0.0
1998-05-28 00:00:00-04:00,1.5720957517623901,1.5834057931419756,1.5720957517623901,1.5720957517623901,30000,0.0,0.0
1998-05-29 00:00:00-04:00,1.5834035873413086,1.5834035873413086,1.572093561717442,1.5834035873413086,24600,0.0,0.0
1998-06-01 00:00:00-04:00,1.5834035873413086,1.5947136129651749,1.572093561717442,1.5834035873413086,40100,0.0,0.0
1998-06-02 00:00:00-04:00,1.5947147607803345,1.6060247945447341,1.583404727015935,1.5947147607803345,59500,0.0,0.0
1998-06-03 00:00:00-04:00,1.6060236385890414,1.6060236385890414,1.572093561717442,1.5834035873413086,53200,0.0,0.0
1998-06-04 00:00:00-04:00,1.5834035873413086,1.5947136129651749,1.572093561717442,1.5834035873413086,16600,0.0,0.0
1998-06-05 00:00:00-04:00,1.5834035873413086,1.5947136129651749,1.5834035873413086,1.5834035873413086,52500,0.0,0.0
1998-06-08 00:00:00-04:00,1.5834035873413086,1.5947136129651749,1.5834035873413086,1.5834035873413086,76600,0.0,0.0
1998-06-09 00:00:00-04:00,1.5834040408367878,1.6173341274261475,1.5834040408367878,1.6173341274261475,63100,0.0,0.0
1998-06-10 00:00:00-04:00,1.6173347905278206,1.6286448240280151,1.606024757027626,1.6286448240280151,65900,0.0,0.0
1998-06-11 00:00:00-04:00,1.6260067050655682,1.637377381324768,1.6146360288063684,1.637377381324768,59100,0.048,0.0
1998-06-12 00:00:00-04:00,1.6260061398358412,1.6373768121423855,1.6146354675292969,1.6146354675292969,55200,0.0,0.0
1998-06-15 00:00:00-04:00,1.6373771587451855,1.6373771587451855,1.6032651346046607,1.6260064840316772,36200,0.0,0.0
1998-06-16 00:00:00-04:00,1.6373771587451855,1.6373771587451855,1.6260064840316772,1.6260064840316772,23900,0.0,0.0
1998-06-17 00:00:00-04:00,1.6260061398358412,1.6373768121423855,1.6146354675292969,1.6146354675292969,45400,0.0,0.0
1998-06-18 00:00:00-04:00,1.6146360813303196,1.6260067579594064,1.603265404701233,1.603265404701233,22200,0.0,0.0
1998-06-19 00:00:00-04:00,1.603265404701233,1.6089507430157763,1.591894728072146,1.603265404701233,39200,0.0,0.0
1998-06-22 00:00:00-04:00,1.591894728072146,1.6260067579594064,1.591894728072146,1.603265404701233,68900,0.0,0.0
1998-06-23 00:00:00-04:00,1.6032647952227526,1.6260061398358412,1.5918941229162082,1.6146354675292969,56400,0.0,0.0
1998-06-24 00:00:00-04:00,1.5918933153152466,1.6146346483911787,1.5918933153152466,1.5918933153152466,42900,0.0,0.0
1998-06-25 00:00:00-04:00,1.6146354675292969,1.6146354675292969,1.5918941229162082,1.6146354675292969,25000,0.0,0.0
1998-06-26 00:00:00-04:00,1.6146360813303196,1.6146360813303196,1.591894728072146,1.603265404701233,26000,0.0,0.0
1998-06-29 00:00:00-04:00,1.6032647952227526,1.6146354675292969,1.6032647952227526,1.6146354675292969,11000,0.0,0.0
1998-06-30 00:00:00-04:00,1.6146354675292969,1.6146354675292969,1.6032647952227526,1.6146354675292969,33000,0.0,0.0
1998-07-01 00:00:00-04:00,1.6260061398358412,1.6260061398358412,1.6032647952227526,1.6146354675292969,16800,0.0,0.0
1998-07-02 00:00:00-04:00,1.6146360288063684,1.637377381324768,1.6032653525471687,1.637377381324768,41500,0.0,0.0
1998-07-06 00:00:00-04:00,1.6146360288063684,1.637377381324768,1.6146360288063684,1.637377381324768,23500,0.0,0.0
1998-07-07 00:00:00-04:00,1.637377381324768,1.6487480575839677,1.637377381324768,1.637377381324768,29100,0.0,0.0
1998-07-08 00:00:00-04:00,1.637377381324768,1.6487480575839677,1.637377381324768,1.637377381324768,16000,0.0,0.0
1998-07-09 00:00:00-04:00,1.6373786403708261,1.6601200103759766,1.6373786403708261,1.6601200103759766,22900,0.0,0.0
1998-07-10 00:00:00-04:00,1.6487493253734014,1.6601200103759766,1.6487493253734014,1.6601200103759766,24600,0.0,0.0
1998-07-13 00:00:00-04:00,1.6460362672805786,1.6574670746922493,1.6460362672805786,1.6460362672805786,15900,0.048,0.0
1998-07-14 00:00:00-04:00,1.6574679613113403,1.6574679613113403,1.63460633425877,1.6574679613113403,43700,0.0,0.0
1998-07-15 00:00:00-04:00,1.6460362672805786,1.6574670746922493,1.634605459868908,1.6460362672805786,25200,0.0,0.0
1998-07-16 00:00:00-04:00,1.66889788210392,1.66889788210392,1.6460362672805786,1.6460362672805786,54000,0.0,0.0
1998-07-17 00:00:00-04:00,1.6574670746922493,1.66889788210392,1.6460362672805786,1.6460362672805786,44500,0.0,0.0
1998-07-20 00:00:00-04:00,1.6460373107701132,1.6688989400863647,1.6460373107701132,1.6688989400863647,31800,0.0,0.0
1998-07-21 00:00:00-04:00,1.6688987748376254,1.6688987748376254,1.6460371477850553,1.6574679613113403,46600,0.0,0.0
1998-07-22 00:00:00-04:00,1.6460360947188797,1.6574669009322052,1.6346052885055542,1.6346052885055542,37600,0.0,0.0
1998-07-23 00:00:00-04:00,1.6346052885055542,1.6460360947188797,1.6346052885055542,1.6346052885055542,14200,0.0,0.0
1998-07-24 00:00:00-04:00,1.63460633425877,1.6574679613113403,1.63460633425877,1.6574679613113403,38200,0.0,0.0
1998-07-27 00:00:00-04:00,1.6346052885055542,1.6460360947188797,1.6346052885055542,1.6346052885055542,40200,0.0,0.0
1998-07-28 00:00:00-04:00,1.634605459868908,1.6574670746922493,1.634605459868908,1.6460362672805786,30300,0.0,0.0
1998-07-29 00:00:00-04:00,1.6460360947188797,1.6574669009322052,1.6346052885055542,1.6346052885055542,33100,0.0,0.0
1998-07-30 00:00:00-04:00,1.6574670746922493,1.6574670746922493,1.634605459868908,1.6460362672805786,25000,0.0,0.0
1998-07-31 00:00:00-04:00,1.6574670746922493,1.6574670746922493,1.634605459868908,1.6460362672805786,16300,0.0,0.0
1998-08-03 00:00:00-04:00,1.6574669009322052,1.6574669009322052,1.6346052885055542,1.6346052885055542,17100,0.0,0.0
1998-08-04 00:00:00-04:00,1.6346052885055542,1.6403206916122168,1.6231744822922285,1.6346052885055542,35200,0.0,0.0
1998-08-05 00:00:00-04:00,1.6231746524572372,1.6574670746922493,1.6231746524572372,1.6460362672805786,33700,0.0,0.0
1998-08-06 00:00:00-04:00,1.6460360947188797,1.6574669009322052,1.6231744822922285,1.6346052885055542,36500,0.0,0.0
1998-08-07 00:00:00-04:00,1.6460360947188797,1.6574669009322052,1.6346052885055542,1.6346052885055542,27400,0.0,0.0
1998-08-10 00:00:00-04:00,1.6346052885055542,1.6460360947188797,1.6231744822922285,1.6346052885055542,24100,0.0,0.0
1998-08-11 00:00:00-04:00,1.6460362672805786,1.6460362672805786,1.634605459868908,1.6460362672805786,27300,0.0,0.0
1998-08-12 00:00:00-04:00,1.6318776235512809,1.6433697194917827,1.6203855276107788,1.6203855276107788,21300,0.048,0.0
1998-08-13 00:00:00-04:00,1.6203855276107788,1.6318776235512809,1.6203855276107788,1.6203855276107788,19100,0.0,0.0
1998-08-14 00:00:00-04:00,1.6318780183792114,1.6433701171001918,1.6203859196582309,1.6318780183792114,17600,0.0,0.0
1998-08-17 00:00:00-04:00,1.6433701171001918,1.6433701171001918,1.6318780183792114,1.6318780183792114,20000,0.0,0.0
1998-08-18 00:00:00-04:00,1.6433701171001918,1.654862215821172,1.6318780183792114,1.6318780183792114,20500,0.0,0.0
1998-08-19 00:00:00-04:00,1.6548614101810055,1.6548614101810055,1.6318772239284915,1.6433693170547485,16900,0.0,0.0
1998-08-20 00:00:00-04:00,1.6548614101810055,1.6548614101810055,1.6433693170547485,1.6433693170547485,43200,0.0,0.0
1998-08-21 00:00:00-04:00,1.6433693170547485,1.6548614101810055,1.6318772239284915,1.6433693170547485,31300,0.0,0.0
1998-08-24 00:00:00-04:00,1.6433701171001918,1.6433701171001918,1.6203859196582309,1.6318780183792114,35600,0.0,0.0
1998-08-25 00:00:00-04:00,1.6318780183792114,1.6433701171001918,1.6318780183792114,1.6318780183792114,35500,0.0,0.0
1998-08-26 00:00:00-04:00,1.6318776235512809,1.6433697194917827,1.6088934316702768,1.6203855276107788,42300,0.0,0.0
1998-08-27 00:00:00-04:00,1.6088931560516357,1.6318773439952305,1.5974010620798382,1.6088931560516357,81300,0.0,0.0
1998-08-28 00:00:00-04:00,1.6203855276107788,1.6318776235512809,1.6088934316702768,1.6203855276107788,41500,0.0,0.0
1998-08-31 00:00:00-04:00,1.6318773439952305,1.6318773439952305,1.6088931560516357,1.6088931560516357,23600,0.0,0.0
1998-09-01 00:00:00-04:00,1.6088931560516357,1.620385250023433,1.5629247801644461,1.6088931560516357,55500,0.0,0.0
1998-09-02 00:00:00-04:00,1.597401335729775,1.6203855276107788,1.597401335729775,1.6203855276107788,24700,0.0,0.0
1998-09-03 00:00:00-04:00,1.6203859196582309,1.6318780183792114,1.6088938209372505,1.6318780183792114,43100,0.0,0.0
1998-09-04 00:00:00-04:00,1.6318780183792114,1.6318780183792114,1.6203859196582309,1.6318780183792114,22400,0.0,0.0
1998-09-08 00:00:00-04:00,1.6318772239284915,1.6433693170547485,1.6318772239284915,1.6433693170547485,11200,0.0,0.0
1998-09-09 00:00:00-04:00,1.6318780183792114,1.6433701171001918,1.6203859196582309,1.6318780183792114,35000,0.0,0.0
1998-09-10 00:00:00-04:00,1.6318772239284915,1.6433693170547485,1.6318772239284915,1.6433693170547485,22400,0.0,0.0
1998-09-11 00:00:00-04:00,1.6175807452370934,1.6406890415976232,1.6175807452370934,1.6291348934173584,33600,0.048,0.0
1998-09-14 00:00:00-04:00,1.6291348934173584,1.6406890415976232,1.6175807452370934,1.6291348934173584,30300,0.0,0.0
1998-09-15 00:00:00-04:00,1.6406899690628052,1.6522441237745151,1.6291358143510954,1.6406899690628052,18000,0.0,0.0
1998-09-16 00:00:00-04:00,1.6406890415976232,1.6522431897778882,1.6175807452370934,1.6291348934173584,52300,0.0,0.0
1998-09-17 00:00:00-04:00,1.6406890415976232,1.6406890415976232,1.6291348934173584,1.6291348934173584,18500,0.0,0.0
1998-09-18 00:00:00-04:00,1.6291358143510954,1.6406899690628052,1.6291358143510954,1.6406899690628052,44300,0.0,0.0
1998-09-21 00:00:00-04:00,1.6406899690628052,1.6406899690628052,1.6291358143510954,1.6406899690628052,43400,0.0,0.0
1998-09-22 00:00:00-04:00,1.6406899690628052,1.6406899690628052,1.6291358143510954,1.6406899690628052,68200,0.0,0.0
1998-09-23 00:00:00-04:00,1.6406890415976232,1.6406890415976232,1.6291348934173584,1.6291348934173584,23000,0.0,0.0
1998-09-24 00:00:00-04:00,1.6406899690628052,1.6406899690628052,1.6291358143510954,1.6406899690628052,42400,0.0,0.0
1998-09-25 00:00:00-04:00,1.6522441237745151,1.6522441237745151,1.6406899690628052,1.6406899690628052,35300,0.0,0.0
1998-09-28 00:00:00-04:00,1.6522427565521662,1.6637969017028809,1.6406886114014518,1.6637969017028809,44400,0.0,0.0
1998-09-29 00:00:00-04:00,1.6637969017028809,1.6637969017028809,1.6522427565521662,1.6637969017028809,46400,0.0,0.0
1998-09-30 00:00:00-04:00,1.6869065761566162,1.6869065761566162,1.6753524215254065,1.6869065761566162,29400,0.0,0.0
1998-10-01 00:00:00-04:00,1.6869065761566162,1.6869065761566162,1.6753524215254065,1.6869065761566162,30100,0.0,0.0
1998-10-02 00:00:00-04:00,1.6753524215254065,1.7100148854190356,1.6753524215254065,1.6869065761566162,48200,0.0,0.0
1998-10-05 00:00:00-04:00,1.6753524215254065,1.698460730787826,1.6753524215254065,1.6869065761566162,30200,0.0,0.0
1998-10-06 00:00:00-04:00,1.6869063689790922,1.6869063689790922,1.6753522157669067,1.6753522157669067,40300,0.0,0.0
1998-10-07 00:00:00-04:00,1.6869063689790922,1.6869063689790922,1.663798062554721,1.6753522157669067,54300,0.0,0.0
1998-10-08 00:00:00-04:00,1.6637969017028809,1.6637969017028809,1.6406886114014518,1.6637969017028809,39800,0.0,0.0
1998-10-09 00:00:00-04:00,1.6637969017028809,1.6753510468535953,1.6637969017028809,1.6637969017028809,51000,0.0,0.0
1998-10-12 00:00:00-04:00,1.6869063689790922,1.6869063689790922,1.663798062554721,1.6753522157669067,25000,0.0,0.0
1998-10-13 00:00:00-04:00,1.6842724084854126,1.6842724084854126,1.6726567367027545,1.6842724084854126,12200,0.048,0.0
1998-10-14 00:00:00-04:00,1.6842726866404214,1.6842726866404214,1.6610413392384846,1.6726570129394531,37700,0.0,0.0
1998-10-15 00:00:00-04:00,1.6726567367027545,1.6842724084854126,1.6726567367027545,1.6842724084854126,11200,0.0,0.0
1998-10-16 00:00:00-04:00,1.69588836034139,1.69588836034139,1.6610413392384846,1.6726570129394531,34000,0.0,0.0
1998-10-19 00:00:00-04:00,1.6726562126533135,1.6726562126533135,1.6610405445098877,1.6610405445098877,39100,0.0,0.0
1998-10-20 00:00:00-04:00,1.6726570129394531,1.6726570129394531,1.6494256655375161,1.6726570129394531,19600,0.0,0.0
1998-10-21 00:00:00-04:00,1.6726562126533135,1.6726562126533135,1.6610405445098877,1.6610405445098877,15700,0.0,0.0
1998-10-22 00:00:00-04:00,1.6610405445098877,1.6726562126533135,1.6610405445098877,1.6610405445098877,27400,0.0,0.0
1998-10-23 00:00:00-04:00,1.6494256655375161,1.6726570129394531,1.6494256655375161,1.6726570129394531,20600,0.0,0.0
1998-10-26 00:00:00-05:00,1.6726570129394531,1.6842726866404214,1.6726570129394531,1.6726570129394531,11200,0.0,0.0
1998-10-27 00:00:00-05:00,1.6726567367027545,1.6842724084854126,1.6726567367027545,1.6842724084854126,31000,0.0,0.0
1998-10-28 00:00:00-05:00,1.6726567367027545,1.6958880802680705,1.6726567367027545,1.6842724084854126,15600,0.0,0.0
1998-10-29 00:00:00-05:00,1.6842731996758344,1.7075045541541218,1.6842731996758344,1.695888876914978,24900,0.0,0.0
1998-10-30 00:00:00-05:00,1.6958889523331,1.7075046300888062,1.6726575968216877,1.7075046300888062,38600,0.0,0.0
1998-11-02 00:00:00-05:00,1.7075037520507286,1.7075037520507286,1.6842724084854126,1.6842724084854126,18700,0.0,0.0
1998-11-03 00:00:00-05:00,1.695888876914978,1.7075045541541218,1.6726575224366906,1.695888876914978,32500,0.0,0.0
1998-11-04 00:00:00-05:00,1.6958880802680705,1.6958880802680705,1.6842724084854126,1.6842724084854126,30400,0.0,0.0
1998-11-05 00:00:00-05:00,1.6842732745773938,1.7191203078445123,1.6842732745773938,1.7075046300888062,80200,0.0,0.0
1998-11-06 00:00:00-05:00,1.6958889523331,1.7075046300888062,1.6842732745773938,1.7075046300888062,29500,0.0,0.0
1998-11-09 00:00:00-05:00,1.6958889523331,1.7075046300888062,1.6958889523331,1.7075046300888062,6000,0.0,0.0
1998-11-10 00:00:00-05:00,1.6958877331501727,1.7191190719604492,1.6958877331501727,1.7191190719604492,19300,0.0,0.0
1998-11-11 00:00:00-05:00,1.707503402555311,1.7191190719604492,1.707503402555311,1.7191190719604492,20900,0.0,0.0
1998-11-12 00:00:00-05:00,1.7164104294776916,1.763115475177765,1.7164104294776916,1.7514392137527466,152300,0.048,0.0
1998-11-13 00:00:00-05:00,1.7514409634890973,1.7514409634890973,1.7280884173092426,1.73976469039917,84000,0.0,0.0
1998-11-16 00:00:00-05:00,1.7397629523277283,1.763115475177765,1.72808669090271,1.7514392137527466,59700,0.0,0.0
1998-11-17 00:00:00-05:00,1.7514392137527466,1.763115475177765,1.7397629523277283,1.7514392137527466,62500,0.0,0.0
1998-11-18 00:00:00-05:00,1.73976469039917,1.7631172365790246,1.73976469039917,1.73976469039917,49100,0.0,0.0
1998-11-19 00:00:00-05:00,1.7397637975626978,1.7514400646604342,1.693058729171753,1.693058729171753,159000,0.0,0.0
1998-11-20 00:00:00-05:00,1.693058729171753,1.693058729171753,1.6813824620740168,1.693058729171753,66200,0.0,0.0
1998-11-23 00:00:00-05:00,1.6813825368881226,1.6813825368881226,1.6463537340362866,1.6813825368881226,147400,0.0,0.0
1998-11-24 00:00:00-05:00,1.6813824620740168,1.693058729171753,1.6697061949762806,1.693058729171753,58200,0.0,0.0
1998-11-25 00:00:00-05:00,1.6813824620740168,1.693058729171753,1.6813824620740168,1.693058729171753,63000,0.0,0.0
1998-11-27 00:00:00-05:00,1.693058729171753,1.7047349962694893,1.6813824620740168,1.693058729171753,11800,0.0,0.0
1998-11-30 00:00:00-05:00,1.7047345404858356,1.7047345404858356,1.6697057485580444,1.6697057485580444,68400,0.0,0.0
1998-12-01 00:00:00-05:00,1.6813824620740168,1.693058729171753,1.6697061949762806,1.693058729171753,54800,0.0,0.0
1998-12-02 00:00:00-05:00,1.693058729171753,1.693058729171753,1.6697061949762806,1.693058729171753,35600,0.0,0.0
1998-12-03 00:00:00-05:00,1.6813825368881226,1.6930588045054011,1.6813825368881226,1.6813825368881226,83000,0.0,0.0
1998-12-04 00:00:00-05:00,1.6813824620740168,1.693058729171753,1.6697061949762806,1.693058729171753,36200,0.0,0.0
1998-12-07 00:00:00-05:00,1.6697057485580444,1.6930582765099051,1.6580294845821142,1.6697057485580444,52300,0.0,0.0
1998-12-08 00:00:00-05:00,1.6697061809015945,1.6813824479009063,1.6580299139022827,1.6580299139022827,82300,0.0,0.0
1998-12-09 00:00:00-05:00,1.6580294845821142,1.6697057485580444,1.6580294845821142,1.6697057485580444,41300,0.0,0.0
1998-12-10 00:00:00-05:00,1.6580294845821142,1.6697057485580444,1.6580294845821142,1.6697057485580444,33000,0.0,0.0
1998-12-11 00:00:00-05:00,1.666045444231507,1.666045444231507,1.6425800154395138,1.6543127298355103,40900,0.043,0.0
1998-12-14 00:00:00-05:00,1.6777779015017227,1.6777779015017227,1.6425797637079802,1.6660451889038086,79900,0.0,0.0
1998-12-15 00:00:00-05:00,1.654312266622271,1.666044977733067,1.6308468444006783,1.6425795555114746,112300,0.0,0.0
1998-12-16 00:00:00-05:00,1.6425795555114746,1.654312266622271,1.6308468444006783,1.6425795555114746,63400,0.0,0.0
1998-12-17 00:00:00-05:00,1.6425797040911687,1.6543124162632485,1.6191142797470093,1.6191142797470093,72700,0.0,0.0
1998-12-18 00:00:00-05:00,1.6308467388153076,1.6308467388153076,1.6191140284641183,1.6308467388153076,79000,0.0,0.0
1998-12-21 00:00:00-05:00,1.6191142797470093,1.6308469919190889,1.6191142797470093,1.6191142797470093,46100,0.0,0.0
1998-12-22 00:00:00-05:00,1.6191150353235357,1.6191150353235357,1.5956496000289917,1.5956496000289917,63400,0.0,0.0
1998-12-23 00:00:00-05:00,1.6191142797470093,1.6425797040911687,1.6073815675749294,1.6191142797470093,78100,0.0,0.0
1998-12-24 00:00:00-05:00,1.6308469919190889,1.6308469919190889,1.6191142797470093,1.6191142797470093,10800,0.0,0.0
1998-12-28 00:00:00-05:00,1.619115015015985,1.619115015015985,1.5956495800157533,1.6073822975158691,74200,0.0,0.0
1998-12-29 00:00:00-05:00,1.5956496000289917,1.6191150353235357,1.5956496000289917,1.5956496000289917,61500,0.0,0.0
1998-12-30 00:00:00-05:00,1.5956496000289917,1.5956496000289917,1.5721841647344477,1.5956496000289917,86500,0.0,0.0
1998-12-31 00:00:00-05:00,1.5956481792308665,1.5956481792308665,1.5721827648304127,1.5839154720306396,98100,0.0,0.0
1999-01-04 00:00:00-05:00,1.5839154720306396,1.5956481792308665,1.5839154720306396,1.5839154720306396,48600,0.0,0.0
1999-01-05 00:00:00-05:00,1.5839161432307698,1.6191142797470093,1.5839161432307698,1.6191142797470093,46400,0.0,0.0
1999-01-06 00:00:00-05:00,1.5956496000289917,1.6191150353235357,1.5956496000289917,1.5956496000289917,62600,0.0,0.0
1999-01-07 00:00:00-05:00,1.5956495800157533,1.6073822975158691,1.5839168625156375,1.6073822975158691,53300,0.0,0.0
1999-01-08 00:00:00-05:00,1.6073822975158691,1.6073822975158691,1.5956495800157533,1.6073822975158691,31600,0.0,0.0
1999-01-11 00:00:00-05:00,1.5956495800157533,1.6073822975158691,1.5956495800157533,1.6073822975158691,60000,0.0,0.0
1999-01-12 00:00:00-05:00,1.5956495800157533,1.6073822975158691,1.5956495800157533,1.6073822975158691,49600,0.0,0.0
1999-01-13 00:00:00-05:00,1.5919099236926895,1.6154937744140625,1.5919099236926895,1.6154937744140625,78100,0.043,0.0
1999-01-14 00:00:00-05:00,1.6154937744140625,1.6154937744140625,1.603701849053376,1.6154937744140625,83800,0.0,0.0
1999-01-15 00:00:00-05:00,1.6037020683288574,1.6154939953018639,1.6037020683288574,1.6037020683288574,41500,0.0,0.0
1999-01-19 00:00:00-05:00,1.6037018104835794,1.6154937355606644,1.5919098854064941,1.5919098854064941,60200,0.0,0.0
1999-01-20 00:00:00-05:00,1.6037020683288574,1.6154939953018639,1.5919101413558512,1.6037020683288574,41300,0.0,0.0
1999-01-21 00:00:00-05:00,1.5919101413558512,1.6037020683288574,1.5919101413558512,1.6037020683288574,47900,0.0,0.0
1999-01-22 00:00:00-05:00,1.5919101413558512,1.6037020683288574,1.5919101413558512,1.6037020683288574,72900,0.0,0.0
1999-01-25 00:00:00-05:00,1.603701849053376,1.6154937744140625,1.5919099236926895,1.6154937744140625,75800,0.0,0.0
1999-01-26 00:00:00-05:00,1.603701849053376,1.6272856997747491,1.603701849053376,1.6154937744140625,52400,0.0,0.0
1999-01-27 00:00:00-05:00,1.6154937744140625,1.6272856997747491,1.603701849053376,1.6154937744140625,19100,0.0,0.0
1999-01-28 00:00:00-05:00,1.6272856997747491,1.6272856997747491,1.603701849053376,1.6154937744140625,38600,0.0,0.0
1999-01-29 00:00:00-05:00,1.60370339518008,1.6272872686386106,1.60370339518008,1.6272872686386108,27500,0.0,0.0
1999-02-01 00:00:00-05:00,1.6154937744140625,1.6272856997747491,1.603701849053376,1.6154937744140625,29900,0.0,0.0
1999-02-02 00:00:00-05:00,1.6154937744140625,1.6272856997747491,1.603701849053376,1.6154937744140625,21400,0.0,0.0
1999-02-03 00:00:00-05:00,1.6154953319093455,1.6272872686386106,1.60370339518008,1.6272872686386108,54100,0.0,0.0
1999-02-04 00:00:00-05:00,1.6154953319093455,1.6272872686386106,1.6154953319093455,1.6272872686386108,27400,0.0,0.0
1999-02-05 00:00:00-05:00,1.6154937744140625,1.6390776251354358,1.6154937744140625,1.6154937744140625,86400,0.0,0.0
1999-02-08 00:00:00-05:00,1.6272872686386106,1.6508711420971414,1.6154953319093455,1.6272872686386108,51100,0.0,0.0
1999-02-09 00:00:00-05:00,1.6272872686386106,1.6508711420971414,1.6154953319093455,1.6272872686386108,83000,0.0,0.0
1999-02-10 00:00:00-05:00,1.6354408264160158,1.6472918468972912,1.6235898059347402,1.6354408264160156,38900,0.043,0.0
1999-02-11 00:00:00-05:00,1.6472918468972912,1.6472918468972912,1.6235898059347402,1.6354408264160156,82400,0.0,0.0
1999-02-12 00:00:00-05:00,1.6235898059347402,1.6354408264160158,1.6117387854534648,1.6354408264160156,39500,0.0,0.0
1999-02-16 00:00:00-05:00,1.6354408264160158,1.6354408264160158,1.6117387854534648,1.6354408264160156,46400,0.0,0.0
1999-02-17 00:00:00-05:00,1.623587965965271,1.6354389730161123,1.6117369589144295,1.623587965965271,40900,0.0,0.0
1999-02-18 00:00:00-05:00,1.6117369589144295,1.6354389730161123,1.6117369589144295,1.623587965965271,49400,0.0,0.0
1999-02-19 00:00:00-05:00,1.6117369589144295,1.6354389730161123,1.6117369589144295,1.623587965965271,60100,0.0,0.0
1999-02-22 00:00:00-05:00,1.6117387854534648,1.6354408264160158,1.6117387854534648,1.6354408264160156,37500,0.0,0.0
1999-02-23 00:00:00-05:00,1.6117379082573786,1.6354399363199872,1.5998868942260744,1.5998868942260742,193900,0.0,0.0
1999-02-24 00:00:00-05:00,1.599886360413888,1.623588380568168,1.599886360413888,1.6117373704910278,62200,0.0,0.0
1999-02-25 00:00:00-05:00,1.623588380568168,1.623588380568168,1.6117373704910278,1.6117373704910278,29900,0.0,0.0
1999-02-26 00:00:00-05:00,1.6117369589144295,1.623587965965271,1.5998859518635882,1.623587965965271,23200,0.0,0.0
1999-03-01 00:00:00-05:00,1.623587965965271,1.623587965965271,1.6117369589144295,1.623587965965271,38700,0.0,0.0
1999-03-02 00:00:00-05:00,1.623588380568168,1.623588380568168,1.6117373704910278,1.6117373704910278,47900,0.0,0.0
1999-03-03 00:00:00-05:00,1.6117373704910278,1.623588380568168,1.6117373704910278,1.6117373704910278,46400,0.0,0.0
1999-03-04 00:00:00-05:00,1.6117373704910278,1.623588380568168,1.599886360413888,1.6117373704910278,53700,0.0,0.0
1999-03-05 00:00:00-05:00,1.623587965965271,1.623587965965271,1.6117369589144295,1.623587965965271,48400,0.0,0.0
1999-03-08 00:00:00-05:00,1.623588380568168,1.623588380568168,1.6117373704910278,1.6117373704910278,23700,0.0,0.0
1999-03-09 00:00:00-05:00,1.6354389730161123,1.6354389730161123,1.6117369589144295,1.623587965965271,61400,0.0,0.0
1999-03-10 00:00:00-05:00,1.6354389730161123,1.6354389730161123,1.623587965965271,1.623587965965271,38400,0.0,0.0
1999-03-11 00:00:00-05:00,1.6235898059347402,1.6354408264160158,1.6235898059347402,1.6354408264160156,40500,0.0,0.0
1999-03-12 00:00:00-05:00,1.619814471922059,1.6436352729797363,1.619814471922059,1.6436352729797363,38700,0.043,0.0
1999-03-15 00:00:00-05:00,1.6198130141209512,1.631723403930664,1.6198130141209512,1.631723403930664,51000,0.0,0.0
1999-03-16 00:00:00-05:00,1.631723403930664,1.643633793740377,1.6198130141209512,1.631723403930664,37800,0.0,0.0
1999-03-17 00:00:00-05:00,1.6436352729797363,1.6436352729797363,1.6317248724508977,1.6436352729797363,62100,0.0,0.0
1999-03-18 00:00:00-05:00,1.6436348373083758,1.6555452346801756,1.6436348373083758,1.6555452346801758,16900,0.0,0.0
1999-03-19 00:00:00-05:00,1.6436348373083758,1.6555452346801756,1.6436348373083758,1.6555452346801758,14200,0.0,0.0
1999-03-22 00:00:00-05:00,1.6436350748819464,1.655545473975294,1.6198142766952515,1.6198142766952515,90500,0.0,0.0
1999-03-23 00:00:00-05:00,1.6198142766952515,1.631724675788599,1.6198142766952515,1.6198142766952515,43500,0.0,0.0
1999-03-24 00:00:00-05:00,1.6198130141209512,1.631723403930664,1.6079026243112384,1.631723403930664,20700,0.0,0.0
1999-03-25 00:00:00-05:00,1.6198130141209512,1.631723403930664,1.6079026243112384,1.631723403930664,30200,0.0,0.0
1999-03-26 00:00:00-05:00,1.631723403930664,1.631723403930664,1.6198130141209512,1.631723403930664,27100,0.0,0.0
1999-03-29 00:00:00-05:00,1.6198130141209512,1.631723403930664,1.6198130141209512,1.631723403930664,47000,0.0,0.0
1999-03-30 00:00:00-05:00,1.6198130141209512,1.631723403930664,1.6198130141209512,1.631723403930664,20200,0.0,0.0
1999-03-31 00:00:00-05:00,1.6317248724508977,1.6436352729797363,1.619814471922059,1.6436352729797363,51500,0.0,0.0
1999-04-01 00:00:00-05:00,1.643633793740377,1.643633793740377,1.6198130141209512,1.631723403930664,17400,0.0,0.0
1999-04-05 00:00:00-04:00,1.643633793740377,1.643633793740377,1.6198130141209512,1.631723403930664,35000,0.0,0.0
1999-04-06 00:00:00-04:00,1.6198130141209512,1.631723403930664,1.6079026243112384,1.631723403930664,45100,0.0,0.0
1999-04-07 00:00:00-04:00,1.6198130141209512,1.631723403930664,1.6198130141209512,1.631723403930664,49000,0.0,0.0
1999-04-08 00:00:00-04:00,1.619814471922059,1.6436352729797363,1.6079040713932202,1.6436352729797363,55300,0.0,0.0
1999-04-09 00:00:00-04:00,1.631723403930664,1.643633793740377,1.6198130141209512,1.631723403930664,76800,0.0,0.0
1999-04-12 00:00:00-04:00,1.6198130141209512,1.631723403930664,1.6198130141209512,1.631723403930664,51700,0.0,0.0
1999-04-13 00:00:00-04:00,1.6279886960983276,1.6399592012166977,1.6160181909799576,1.6279886960983276,69800,0.043,0.0
1999-04-14 00:00:00-04:00,1.6279886960983276,1.6279886960983276,1.6160181909799576,1.6279886960983276,29600,0.0,0.0
1999-04-15 00:00:00-04:00,1.6160184406015994,1.639959454536438,1.6160184406015994,1.639959454536438,42900,0.0,0.0
1999-04-16 00:00:00-04:00,1.6279889475690186,1.639959454536438,1.6160184406015994,1.639959454536438,18000,0.0,0.0
1999-04-19 00:00:00-04:00,1.639959454536438,1.639959454536438,1.6279889475690186,1.639959454536438,50700,0.0,0.0
1999-04-20 00:00:00-04:00,1.6160181909799576,1.6279886960983276,1.6160181909799576,1.6279886960983276,10900,0.0,0.0
1999-04-21 00:00:00-04:00,1.627989281548394,1.627989281548394,1.6040482627020942,1.6160187721252441,75500,0.0,0.0
1999-04-22 00:00:00-04:00,1.6040482627020942,1.6160187721252441,1.6040482627020942,1.6160187721252441,16900,0.0,0.0
1999-04-23 00:00:00-04:00,1.6040482627020942,1.6160187721252441,1.6040482627020942,1.6160187721252441,59400,0.0,0.0
1999-04-26 00:00:00-04:00,1.6160187721252441,1.6160187721252441,1.6040482627020942,1.6160187721252441,29800,0.0,0.0
1999-04-27 00:00:00-04:00,1.627988060908531,1.627988060908531,1.6040470600128174,1.6040470600128174,82600,0.0,0.0
1999-04-28 00:00:00-04:00,1.6279886960983276,1.6279886960983276,1.6040476858615875,1.6279886960983276,91800,0.0,0.0
1999-04-29 00:00:00-04:00,1.627988060908531,1.627988060908531,1.6040470600128174,1.6040470600128174,67500,0.0,0.0
1999-04-30 00:00:00-04:00,1.6160187721252441,1.6160187721252441,1.5920777532789443,1.6160187721252441,51400,0.0,0.0
1999-05-03 00:00:00-04:00,1.6160182666061516,1.6160182666061516,1.5801067495704593,1.5920772552490234,52900,0.0,0.0
1999-05-04 00:00:00-04:00,1.5920765595649604,1.6040470600128174,1.5801060591171037,1.6040470600128174,76100,0.0,0.0
1999-05-05 00:00:00-04:00,1.6160187721252441,1.6160187721252441,1.6040482627020942,1.6160187721252441,31200,0.0,0.0
1999-05-06 00:00:00-04:00,1.6040482627020942,1.6160187721252441,1.6040482627020942,1.6160187721252441,15800,0.0,0.0
1999-05-07 00:00:00-04:00,1.6160187721252441,1.627989281548394,1.6040482627020942,1.6160187721252441,41700,0.0,0.0
1999-05-10 00:00:00-04:00,1.6040476858615875,1.6279886960983276,1.6040476858615875,1.6279886960983276,38300,0.0,0.0
1999-05-11 00:00:00-04:00,1.6160181909799576,1.6279886960983276,1.6040476858615875,1.6279886960983276,62900,0.0,0.0
1999-05-12 00:00:00-04:00,1.62423498052008,1.6362663507461548,1.62423498052008,1.6362663507461548,22400,0.043,0.0
1999-05-13 00:00:00-04:00,1.6362668849803783,1.6362668849803783,1.6122041366718431,1.6242355108261108,20000,0.0,0.0
1999-05-14 00:00:00-04:00,1.6122032403945923,1.6242346078602237,1.6001718729289611,1.6122032403945923,26900,0.0,0.0
1999-05-17 00:00:00-04:00,1.6122037719066877,1.6122037719066877,1.5881410290424087,1.6001724004745483,50100,0.0,0.0
1999-05-18 00:00:00-04:00,1.6001732963504214,1.6001732963504214,1.588141918182373,1.588141918182373,55700,0.0,0.0
1999-05-19 00:00:00-04:00,1.6001732963504214,1.6122046745184697,1.588141918182373,1.588141918182373,42400,0.0,0.0
1999-05-20 00:00:00-04:00,1.6122032740643917,1.6122032740643917,1.5640778031967977,1.5761091709136963,71800,0.0,0.0
1999-05-21 00:00:00-04:00,1.5761096576102693,1.6001724004745483,1.5761096576102693,1.6001724004745483,40200,0.0,0.0
1999-05-24 00:00:00-04:00,1.5881405054633297,1.6122032403945923,1.5881405054633297,1.6122032403945923,29200,0.0,0.0
1999-05-25 00:00:00-04:00,1.6122041366718431,1.6242355108261106,1.6001727625175757,1.6242355108261108,94100,0.0,0.0
1999-05-26 00:00:00-04:00,1.6242355108261106,1.6242355108261106,1.6122041366718431,1.6242355108261108,42600,0.0,0.0
1999-05-27 00:00:00-04:00,1.6242355108261106,1.6242355108261106,1.6122041366718431,1.6242355108261108,16100,0.0,0.0
1999-05-28 00:00:00-04:00,1.6242355108261106,1.6242355108261106,1.6122041366718431,1.6242355108261108,26800,0.0,0.0
1999-06-01 00:00:00-04:00,1.6362663507461548,1.6362663507461548,1.62423498052008,1.6362663507461548,33300,0.0,0.0
1999-06-02 00:00:00-04:00,1.6362663507461548,1.6362663507461548,1.6122036102940054,1.6362663507461548,28600,0.0,0.0
1999-06-03 00:00:00-04:00,1.6362668849803783,1.6362668849803783,1.6122041366718431,1.6242355108261108,30700,0.0,0.0
1999-06-04 00:00:00-04:00,1.6242346078602237,1.6242346078602237,1.6001718729289611,1.6122032403945923,59100,0.0,0.0
1999-06-07 00:00:00-04:00,1.6122037719066877,1.6122037719066877,1.6001724004745483,1.6001724004745483,28800,0.0,0.0
1999-06-08 00:00:00-04:00,1.6242346078602237,1.6242346078602237,1.6001718729289611,1.6122032403945923,58400,0.0,0.0
1999-06-09 00:00:00-04:00,1.6001727625175757,1.6242355108261106,1.6001727625175757,1.6242355108261108,54800,0.0,0.0
1999-06-10 00:00:00-04:00,1.5962759928595749,1.6204619927513868,1.5962759928595749,1.608368992805481,45200,0.043,0.0
1999-06-11 00:00:00-04:00,1.5962759928595749,1.608368992805481,1.5962759928595749,1.608368992805481,20300,0.0,0.0
1999-06-14 00:00:00-04:00,1.608368992805481,1.608368992805481,1.5962759928595749,1.608368992805481,13300,0.0,0.0
1999-06-15 00:00:00-04:00,1.6083687045680943,1.6204617023468018,1.596275706789387,1.6204617023468018,29200,0.0,0.0
1999-06-16 00:00:00-04:00,1.6204619927513868,1.6204619927513868,1.5962759928595749,1.608368992805481,19200,0.0,0.0
1999-06-17 00:00:00-04:00,1.608369477589925,1.6325554847717285,1.608369477589925,1.6325554847717285,84200,0.0,0.0
1999-06-18 00:00:00-04:00,1.6325554847717285,1.64464848836263,1.6204624811808268,1.6325554847717285,29100,0.0,0.0
1999-06-21 00:00:00-04:00,1.6204624085715325,1.6325554116205736,1.5962764024734497,1.5962764024734497,27300,0.0,0.0
1999-06-22 00:00:00-04:00,1.596275706789387,1.6204617023468018,1.596275706789387,1.6204617023468018,30400,0.0,0.0
1999-06-23 00:00:00-04:00,1.620461977165164,1.620461977165164,1.572089977846801,1.5841829776763916,85800,0.0,0.0
1999-06-24 00:00:00-04:00,1.58418302994508,1.5962760301736685,1.5599970294879033,1.5720900297164917,71400,0.0,0.0
1999-06-25 00:00:00-04:00,1.559997797012329,1.5841838093691094,1.559997797012329,1.559997797012329,12200,0.0,0.0
1999-06-28 00:00:00-04:00,1.5720900297164917,1.5720900297164917,1.5599970294879033,1.5720900297164917,40300,0.0,0.0
1999-06-29 00:00:00-04:00,1.55999665427953,1.5720896515995264,1.5479036569595337,1.5479036569595337,57700,0.0,0.0
1999-06-30 00:00:00-04:00,1.55999697801721,1.5962759775059825,1.55999697801721,1.5841829776763916,70900,0.0,0.0
1999-07-01 00:00:00-04:00,1.5962760301736685,1.5962760301736685,1.5720900297164917,1.5720900297164917,42000,0.0,0.0
1999-07-02 00:00:00-04:00,1.5841829776763916,1.5962759775059825,1.572089977846801,1.5841829776763916,41100,0.0,0.0
1999-07-06 00:00:00-04:00,1.5962759775059825,1.5962759775059825,1.572089977846801,1.5841829776763916,38600,0.0,0.0
1999-07-07 00:00:00-04:00,1.5720900297164917,1.58418302994508,1.5720900297164917,1.5720900297164917,36000,0.0,0.0
1999-07-08 00:00:00-04:00,1.5720903963753672,1.5962764024734497,1.5720903963753672,1.5962764024734497,44400,0.0,0.0
1999-07-09 00:00:00-04:00,1.5962764024734497,1.5962764024734497,1.5720903963753672,1.5962764024734497,17400,0.0,0.0
1999-07-12 00:00:00-04:00,1.5841829776763916,1.5962759775059825,1.5841829776763916,1.5841829776763916,16700,0.0,0.0
1999-07-13 00:00:00-04:00,1.5805836306273482,1.6049003018677688,1.5805836306273482,1.5927419662475586,61700,0.044,0.0
1999-07-14 00:00:00-04:00,1.5927431088227493,1.5927431088227493,1.5805847644805908,1.5805847644805908,30500,0.0,0.0
1999-07-15 00:00:00-04:00,1.5805836306273482,1.5927419662475586,1.5805836306273482,1.5927419662475586,68800,0.0,0.0
1999-07-16 00:00:00-04:00,1.5805842340454574,1.5805842340454574,1.5684258937835693,1.5684258937835693,42600,0.0,0.0
1999-07-19 00:00:00-04:00,1.5684258937835693,1.5805842340454574,1.5684258937835693,1.5684258937835693,39200,0.0,0.0
1999-07-20 00:00:00-04:00,1.5684258937835693,1.5805842340454574,1.5684258937835693,1.5684258937835693,16400,0.0,0.0
1999-07-21 00:00:00-04:00,1.5805842340454574,1.5805842340454574,1.5562675535216812,1.5684258937835693,72600,0.0,0.0
1999-07-22 00:00:00-04:00,1.5562673807144165,1.5684257196262479,1.5562673807144165,1.5562673807144165,25400,0.0,0.0
1999-07-23 00:00:00-04:00,1.5562673807144165,1.5684257196262479,1.5562673807144165,1.5562673807144165,45400,0.0,0.0
1999-07-26 00:00:00-04:00,1.5562683589874753,1.5562683589874753,1.531951665878296,1.531951665878296,75600,0.0,0.0
1999-07-27 00:00:00-04:00,1.5441100124328857,1.5562683589874753,1.531951665878296,1.531951665878296,48900,0.0,0.0
1999-07-28 00:00:00-04:00,1.5441090418025851,1.5562673807144165,1.5319507028907537,1.5562673807144165,43200,0.0,0.0
1999-07-29 00:00:00-04:00,1.531951665878296,1.5441100124328857,1.531951665878296,1.531951665878296,24000,0.0,0.0
1999-07-30 00:00:00-04:00,1.5441100124328857,1.5441100124328857,1.531951665878296,1.531951665878296,53800,0.0,0.0
1999-08-02 00:00:00-04:00,1.5441097021102905,1.5441097021102905,1.531951357999186,1.5441097021102905,50200,0.0,0.0
1999-08-03 00:00:00-04:00,1.5319507028907537,1.5562673807144165,1.5319507028907537,1.5562673807144165,55400,0.0,0.0
1999-08-04 00:00:00-04:00,1.5441097021102905,1.5562680462213951,1.531951357999186,1.5441097021102905,18700,0.0,0.0
1999-08-05 00:00:00-04:00,1.531951665878296,1.5441100124328857,1.531951665878296,1.531951665878296,33700,0.0,0.0
1999-08-06 00:00:00-04:00,1.531950237289552,1.531950237289552,1.5076335668563843,1.5076335668563843,28800,0.0,0.0
1999-08-09 00:00:00-04:00,1.5076345381189564,1.5076345381189564,1.4711595089709173,1.4833178520202637,78600,0.0,0.0
1999-08-10 00:00:00-04:00,1.4833178520202637,1.49547619506961,1.4590011659215707,1.4833178520202637,56400,0.0,0.0
1999-08-11 00:00:00-04:00,1.4672757377309247,1.4917303333597736,1.4672757377309247,1.4795030355453491,21500,0.043,0.0
1999-08-12 00:00:00-04:00,1.4672753790847393,1.4917299687361516,1.442820789433327,1.4550480842590332,32800,0.0,0.0
1999-08-13 00:00:00-04:00,1.4550480842590332,1.4672753790847393,1.4550480842590332,1.4550480842590332,60200,0.0,0.0
1999-08-16 00:00:00-04:00,1.4672757377309247,1.4795030355453491,1.4672757377309247,1.4795030355453491,37100,0.0,0.0
1999-08-17 00:00:00-04:00,1.4795029163360596,1.4917302131652832,1.467275619506836,1.4917302131652832,69300,0.0,0.0
1999-08-18 00:00:00-04:00,1.479502315322558,1.479502315322558,1.4672750234603882,1.4672750234603882,27300,0.0,0.0
1999-08-19 00:00:00-04:00,1.4672750234603882,1.479502315322558,1.4672750234603882,1.4672750234603882,36000,0.0,0.0
1999-08-20 00:00:00-04:00,1.4795029163360596,1.4917302131652832,1.467275619506836,1.4917302131652832,19900,0.0,0.0
1999-08-23 00:00:00-04:00,1.4917299687361516,1.4917299687361516,1.4550480842590332,1.4550480842590332,78700,0.0,0.0
1999-08-24 00:00:00-04:00,1.4672750234603882,1.479502315322558,1.4550477315982182,1.4672750234603882,61600,0.0,0.0
1999-08-25 00:00:00-04:00,1.4672757377309247,1.4917303333597736,1.4550484399165005,1.4795030355453491,85200,0.0,0.0
1999-08-26 00:00:00-04:00,1.4917315138064748,1.5406407437673428,1.4795042063162578,1.503958821296692,46800,0.0,0.0
1999-08-27 00:00:00-04:00,1.4917315138064748,1.503958821296692,1.4917315138064748,1.503958821296692,40300,0.0,0.0
1999-08-30 00:00:00-04:00,1.516186128786909,1.516186128786909,1.4917315138064748,1.503958821296692,32300,0.0,0.0
1999-08-31 00:00:00-04:00,1.5039575099945068,1.5161848068237305,1.4917302131652832,1.4917302131652832,28300,0.0,0.0
1999-09-01 00:00:00-04:00,1.5039575099945068,1.5039575099945068,1.4917302131652832,1.4917302131652832,37800,0.0,0.0
1999-09-02 00:00:00-04:00,1.4917302131652832,1.5161848068237305,1.4917302131652832,1.4917302131652832,33500,0.0,0.0
1999-09-03 00:00:00-04:00,1.5039575099945068,1.5039575099945068,1.4917302131652832,1.4917302131652832,27200,0.0,0.0
1999-09-07 00:00:00-04:00,1.5039575099945068,1.5039575099945068,1.4917302131652832,1.4917302131652832,79600,0.0,0.0
1999-09-08 00:00:00-04:00,1.5039575099945068,1.5039575099945068,1.4795029163360596,1.4917302131652832,41700,0.0,0.0
1999-09-09 00:00:00-04:00,1.4917303333597736,1.503957631174198,1.4795030355453491,1.4795030355453491,44200,0.0,0.0
1999-09-10 00:00:00-04:00,1.4795029163360596,1.4917302131652832,1.4795029163360596,1.4917302131652832,40600,0.0,0.0
1999-09-13 00:00:00-04:00,1.4880896454951802,1.5003879070281982,1.4757913839621621,1.5003879070281982,40200,0.044,0.0
1999-09-14 00:00:00-04:00,1.4757914543151855,1.4880897164344788,1.4757914543151855,1.4757914543151855,49500,0.0,0.0
1999-09-15 00:00:00-04:00,1.475791527053057,1.4880897897784993,1.4511950016021729,1.4511950016021729,76600,0.0,0.0
1999-09-16 00:00:00-04:00,1.4634926319122314,1.4757908893232585,1.4511943745012044,1.4634926319122314,49300,0.0,0.0
1999-09-17 00:00:00-04:00,1.463493264327615,1.463493264327615,1.4388967388767306,1.4511950016021729,60800,0.0,0.0
1999-09-20 00:00:00-04:00,1.4634924829006195,1.4634924829006195,1.4265977144241333,1.4265977144241333,71700,0.0,0.0
1999-09-21 00:00:00-04:00,1.4265981052232826,1.4265981052232826,1.4020015861677089,1.4142998456954956,74600,0.0,0.0
1999-09-22 00:00:00-04:00,1.4142998456954956,1.4265981052232826,1.4020015861677089,1.4142998456954956,49400,0.0,0.0
1999-09-23 00:00:00-04:00,1.4020012021064758,1.4265977144241333,1.4020012021064758,1.4265977144241333,87300,0.0,0.0
1999-09-24 00:00:00-04:00,1.4020012021064758,1.4265977144241333,1.4020012021064758,1.4265977144241333,27300,0.0,0.0
1999-09-27 00:00:00-04:00,1.4265981052232826,1.4265981052232826,1.4142998456954956,1.4142998456954956,39700,0.0,0.0
1999-09-28 00:00:00-04:00,1.4265977144241333,1.4265977144241333,1.4020012021064758,1.4265977144241333,44300,0.0,0.0
1999-09-29 00:00:00-04:00,1.42659910938196,1.42659910938196,1.4020025730133057,1.4020025730133057,37500,0.0,0.0
1999-09-30 00:00:00-04:00,1.4142998456954956,1.4265981052232826,1.389703326639922,1.4142998456954956,80600,0.0,0.0
1999-10-01 00:00:00-04:00,1.4142998456954956,1.4265981052232826,1.4020015861677089,1.4142998456954956,56300,0.0,0.0
1999-10-04 00:00:00-04:00,1.4020015861677089,1.4265981052232826,1.4020015861677089,1.4142998456954956,73100,0.0,0.0
1999-10-05 00:00:00-04:00,1.4143008411976328,1.42659910938196,1.4020025730133057,1.4020025730133057,52900,0.0,0.0
1999-10-06 00:00:00-04:00,1.4142998456954956,1.4142998456954956,1.4020015861677089,1.4142998456954956,113400,0.0,0.0
1999-10-07 00:00:00-04:00,1.4020015861677089,1.4265981052232826,1.4020015861677089,1.4142998456954956,26600,0.0,0.0
1999-10-08 00:00:00-04:00,1.4020015861677089,1.4265981052232826,1.4020015861677089,1.4142998456954956,38700,0.0,0.0
1999-10-11 00:00:00-04:00,1.42659910938196,1.42659910938196,1.4020025730133057,1.4020025730133057,54600,0.0,0.0
1999-10-12 00:00:00-04:00,1.4107144858155931,1.4107144858155931,1.38596510887146,1.38596510887146,63200,0.044,0.0
1999-10-13 00:00:00-04:00,1.385964469572084,1.3983391523361206,1.385964469572084,1.3983391523361206,82900,0.0,0.0
1999-10-14 00:00:00-04:00,1.3859649177070135,1.3983396044722547,1.3612155441765312,1.3735902309417725,84800,0.0,0.0
1999-10-15 00:00:00-04:00,1.3735895988044389,1.3735895988044389,1.3488402366638184,1.3488402366638184,79400,0.0,0.0
1999-10-18 00:00:00-04:00,1.348841258612546,1.3735906395045194,1.348841258612546,1.3612159490585327,61200,0.0,0.0
1999-10-19 00:00:00-04:00,1.3735906395045194,1.3735906395045194,1.3612159490585327,1.3612159490585327,35100,0.0,0.0
1999-10-20 00:00:00-04:00,1.5592105324203902,1.5592105324203902,1.3612155441765312,1.3735902309417725,53400,0.0,0.0
1999-10-21 00:00:00-04:00,1.3735902309417725,1.3859649177070135,1.3735902309417725,1.3735902309417725,46400,0.0,0.0
1999-10-22 00:00:00-04:00,1.3859653299505061,1.3859653299505061,1.3612159490585327,1.3612159490585327,53400,0.0,0.0
1999-10-25 00:00:00-04:00,1.3612149177341286,1.3735895988044389,1.3488402366638184,1.3488402366638184,45300,0.0,0.0
1999-10-26 00:00:00-04:00,1.348841258612546,1.3735906395045194,1.3364665681665595,1.3612159490585327,54700,0.0,0.0
1999-10-27 00:00:00-04:00,1.3612149177341286,1.3612149177341286,1.336465555593508,1.3488402366638184,28200,0.0,0.0
1999-10-28 00:00:00-04:00,1.3612159490585327,1.3612159490585327,1.348841258612546,1.3612159490585327,85800,0.0,0.0
1999-10-29 00:00:00-04:00,1.361215407388252,1.4107141494750977,1.361215407388252,1.4107141494750977,121900,0.0,0.0
1999-11-01 00:00:00-05:00,1.4107138351001571,1.4107138351001571,1.385964469572084,1.3983391523361206,97200,0.0,0.0
1999-11-02 00:00:00-05:00,1.4107132389627655,1.4478372715670487,1.4107132389627655,1.4354625940322876,120500,0.0,0.0
1999-11-03 00:00:00-05:00,1.4230882306384225,1.4602122714376857,1.4230882306384225,1.4478375911712646,95300,0.0,0.0
1999-11-04 00:00:00-05:00,1.4602115995743696,1.484960948719698,1.4602115995743696,1.4725862741470337,104600,0.0,0.0
1999-11-05 00:00:00-05:00,1.484960948719698,1.497335623292362,1.4725862741470337,1.4725862741470337,58900,0.0,0.0
1999-11-08 00:00:00-05:00,1.4725869106034102,1.4725869106034102,1.4478375507613361,1.460212230682373,57500,0.0,0.0
1999-11-09 00:00:00-05:00,1.4440778898156208,1.4689757844676143,1.4191799951636275,1.431628942489624,65200,0.044,0.0
1999-11-10 00:00:00-05:00,1.4316290247756822,1.44407797281721,1.3942821806510992,1.406731128692627,120200,0.0,0.0
1999-11-11 00:00:00-05:00,1.3818352818489075,1.3942842483520508,1.3569373488426208,1.3693863153457642,93900,0.0,0.0
1999-11-12 00:00:00-05:00,1.3693842058596404,1.4440778898156208,1.3693842058596404,1.431628942489624,109500,0.0,0.0
1999-11-15 00:00:00-05:00,1.4316304263315702,1.4440793865605404,1.40673250587363,1.4191814661026,48000,0.0,0.0
1999-11-16 00:00:00-05:00,1.4067308175361763,1.481424489263761,1.4067308175361763,1.46897554397583,129900,0.0,0.0
1999-11-17 00:00:00-05:00,1.4565283467895107,1.4565283467895107,1.4191814661026,1.4191814661026,38700,0.0,0.0
1999-11-18 00:00:00-05:00,1.419180306895026,1.456527157076474,1.419180306895026,1.4440782070159912,104400,0.0,0.0
1999-11-19 00:00:00-05:00,1.4316290247756822,1.4316290247756822,1.3942821806510992,1.406731128692627,86300,0.0,0.0
1999-11-22 00:00:00-05:00,1.3942835456446598,1.4316304263315702,1.3942835456446598,1.4191814661026,217600,0.0,0.0
1999-11-23 00:00:00-05:00,1.4191800767341545,1.44407797281721,1.3942821806510992,1.406731128692627,158700,0.0,0.0
1999-11-24 00:00:00-05:00,1.3942821806510992,1.4191800767341545,1.3942821806510992,1.406731128692627,97000,0.0,0.0
1999-11-26 00:00:00-05:00,1.4191814661026,1.4191814661026,1.3942835456446598,1.4191814661026,40000,0.0,0.0
1999-11-29 00:00:00-05:00,1.419181018262296,1.419181018262296,1.3693851930601102,1.3818341493606567,149200,0.0,0.0
1999-11-30 00:00:00-05:00,1.3942821806510992,1.4191800767341545,1.3818332326095715,1.406731128692627,102700,0.0,0.0
1999-12-01 00:00:00-05:00,1.419180306895026,1.4440782070159912,1.4067313568345432,1.4440782070159912,122800,0.0,0.0
1999-12-02 00:00:00-05:00,1.4316304263315702,1.4440793865605404,1.4191814661026,1.4191814661026,66500,0.0,0.0
1999-12-03 00:00:00-05:00,1.431629448874384,1.4689763040624113,1.4191804971450415,1.4565273523330688,88900,0.0,0.0
1999-12-06 00:00:00-05:00,1.4689757844676143,1.4689757844676143,1.4191799951636275,1.431628942489624,83200,0.0,0.0
1999-12-07 00:00:00-05:00,1.419181018262296,1.4316299745628425,1.3693851930601102,1.3818341493606567,85000,0.0,0.0
1999-12-08 00:00:00-05:00,1.3818352818489075,1.3942842483520508,1.3693863153457642,1.3693863153457642,75600,0.0,0.0
1999-12-09 00:00:00-05:00,1.3693835227577775,1.3818324638737574,1.3444856405258179,1.3444856405258179,76800,0.0,0.0
1999-12-10 00:00:00-05:00,1.3569357246160507,1.394282579421997,1.3569357246160507,1.394282579421997,135600,0.0,0.0
1999-12-13 00:00:00-05:00,1.3780479431152344,1.403103360262784,1.3529925259676847,1.3780479431152344,125800,0.044,0.0
1999-12-14 00:00:00-05:00,1.3655197620391846,1.3780474662780762,1.3279366493225098,1.3279366493225098,115900,0.0,0.0
1999-12-15 00:00:00-05:00,1.3279358226562215,1.3529912155365276,1.3028804297759156,1.3404635190963745,160000,0.0,0.0
1999-12-16 00:00:00-05:00,1.3028806447982788,1.3279360418136303,1.290352946290603,1.3028806447982788,200400,0.0,0.0
1999-12-17 00:00:00-05:00,1.2903530597686768,1.3279361585968907,1.2903530597686768,1.2903530597686768,145700,0.0,0.0
1999-12-20 00:00:00-05:00,1.3028807593780813,1.3154084589874862,1.2778253601592722,1.2903530597686768,344000,0.0,0.0
1999-12-21 00:00:00-05:00,1.3028812408447266,1.3404643535614014,1.290353536605835,1.3279366493225098,183000,0.0,0.0
1999-12-22 00:00:00-05:00,1.3279366493225098,1.3404643535614014,1.3154089450836182,1.3279366493225098,156700,0.0,0.0
1999-12-23 00:00:00-05:00,1.3529912155365276,1.3655189119766806,1.3404635190963745,1.3404635190963745,159900,0.0,0.0
1999-12-27 00:00:00-05:00,1.3279358226562215,1.3529912155365276,1.3279358226562215,1.3404635190963745,208800,0.0,0.0
1999-12-28 00:00:00-05:00,1.3404635190963745,1.3655189119766806,1.3279358226562215,1.3404635190963745,197000,0.0,0.0
1999-12-29 00:00:00-05:00,1.3529914388289819,1.3529914388289819,1.3028806447982788,1.3028806447982788,168300,0.0,0.0
1999-12-30 00:00:00-05:00,1.3154089450836182,1.3279366493225098,1.3028812408447266,1.3279366493225098,101000,0.0,0.0
1999-12-31 00:00:00-05:00,1.3154083433059545,1.3279360418136303,1.3028806447982788,1.3028806447982788,137500,0.0,0.0
2000-01-03 00:00:00-05:00,1.3279366493225098,1.3404643535614014,1.3154089450836182,1.3279366493225098,50700,0.0,0.0
2000-01-04 00:00:00-05:00,1.3279358303105389,1.3529912233352661,1.3154081337981753,1.3529912233352661,112700,0.0,0.0
2000-01-05 00:00:00-05:00,1.3655189198476296,1.3655189198476296,1.3529912233352661,1.3529912233352661,77900,0.0,0.0
2000-01-06 00:00:00-05:00,1.3655189119766806,1.3655189119766806,1.3404635190963745,1.3404635190963745,64400,0.0,0.0
2000-01-07 00:00:00-05:00,1.3404635190963745,1.3529912155365276,1.3279358226562215,1.3404635190963745,44400,0.0,0.0
2000-01-10 00:00:00-05:00,1.3529912155365276,1.3529912155365276,1.3279358226562215,1.3404635190963745,89800,0.0,0.0
2000-01-11 00:00:00-05:00,1.3279366493225098,1.352992057800293,1.3154089450836182,1.3279366493225098,85000,0.0,0.0
2000-01-12 00:00:00-05:00,1.3242034192355174,1.3368148803710938,1.3115919580999411,1.3368148803710938,83900,0.044,0.0
2000-01-13 00:00:00-05:00,1.3368143513089135,1.3368143513089135,1.311591439020066,1.3242028951644897,50900,0.0,0.0
2000-01-14 00:00:00-05:00,1.3242034192355174,1.3368148803710938,1.3115919580999411,1.3368148803710938,74000,0.0,0.0
2000-01-18 00:00:00-05:00,1.3368150270902195,1.3368150270902195,1.3115921020507812,1.3115921020507812,85600,0.0,0.0
2000-01-19 00:00:00-05:00,1.3242034192355174,1.3368148803710938,1.3115919580999411,1.3368148803710938,98100,0.0,0.0
2000-01-20 00:00:00-05:00,1.3242035645705004,1.3368150270902195,1.3115921020507812,1.3115921020507812,62800,0.0,0.0
2000-01-21 00:00:00-05:00,1.3242028951644897,1.3368143513089135,1.311591439020066,1.3242028951644897,62100,0.0,0.0
2000-01-24 00:00:00-05:00,1.3368150270902195,1.3368150270902195,1.3115921020507812,1.3115921020507812,78800,0.0,0.0
2000-01-25 00:00:00-05:00,1.3242034192355174,1.3368148803710938,1.3115919580999411,1.3368148803710938,54900,0.0,0.0
2000-01-26 00:00:00-05:00,1.336813920074039,1.3620368242263794,1.336813920074039,1.3620368242263794,67100,0.0,0.0
2000-01-27 00:00:00-05:00,1.3620381484160553,1.3998725414276123,1.3620381484160553,1.3998725414276123,48000,0.0,0.0
2000-01-28 00:00:00-05:00,1.3872610032558441,1.4124839305877686,1.374649539589882,1.4124839305877686,75200,0.0,0.0
2000-01-31 00:00:00-05:00,1.4124846891923384,1.4124846891923384,1.3872617483139038,1.3872617483139038,97400,0.0,0.0
2000-02-01 00:00:00-05:00,1.399873218753121,1.399873218753121,1.3746502778746865,1.3872617483139038,45600,0.0,0.0
2000-02-02 00:00:00-05:00,1.399873218753121,1.4124846891923384,1.3872617483139038,1.3872617483139038,81900,0.0,0.0
2000-02-03 00:00:00-05:00,1.3998724669218063,1.4124839305877686,1.3872610032558441,1.4124839305877686,47900,0.0,0.0
2000-02-04 00:00:00-05:00,1.412484005764798,1.412484005764798,1.3872610770904268,1.3998725414276123,35700,0.0,0.0
2000-02-07 00:00:00-05:00,1.4124839305877686,1.4250953942537308,1.3998724669218063,1.4124839305877686,28300,0.0,0.0
2000-02-08 00:00:00-05:00,1.425093946749704,1.437705397605896,1.4124824958935118,1.437705397605896,60200,0.0,0.0
2000-02-09 00:00:00-05:00,1.450316848462088,1.450316848462088,1.425093946749704,1.437705397605896,40400,0.0,0.0
2000-02-10 00:00:00-05:00,1.4377049787909584,1.4377049787909584,1.4250935316085815,1.4250935316085815,32000,0.0,0.0
2000-02-11 00:00:00-05:00,1.4340295791625977,1.4340295791625977,1.4086485246641447,1.4340295791625977,71200,0.044,0.0
2000-02-14 00:00:00-05:00,1.4340284796697753,1.4340284796697753,1.4086474446313721,1.4213379621505737,74300,0.0,0.0
2000-02-15 00:00:00-05:00,1.421339051913371,1.4340295791625977,1.4086485246641447,1.4340295791625977,53700,0.0,0.0
2000-02-16 00:00:00-05:00,1.4340295791625977,1.4467201064118242,1.4340295791625977,1.4340295791625977,63200,0.0,0.0
2000-02-17 00:00:00-05:00,1.4467201064118242,1.4467201064118242,1.4340295791625977,1.4340295791625977,9000,0.0,0.0
2000-02-18 00:00:00-05:00,1.4340287687485678,1.4467192888259888,1.4340287687485678,1.4467192888259888,42500,0.0,0.0
2000-02-22 00:00:00-05:00,1.4467201064118242,1.4467201064118242,1.4340295791625977,1.4340295791625977,44000,0.0,0.0
2000-02-23 00:00:00-05:00,1.4467201064118242,1.4467201064118242,1.4340295791625977,1.4340295791625977,81900,0.0,0.0
2000-02-24 00:00:00-05:00,1.446718997188977,1.446718997188977,1.4086474446313721,1.4213379621505737,46500,0.0,0.0
2000-02-25 00:00:00-05:00,1.4086474446313721,1.4213379621505737,1.4086474446313721,1.4213379621505737,68000,0.0,0.0
2000-02-28 00:00:00-05:00,1.4213374541686463,1.4213374541686463,1.3832659152177003,1.4086469411849976,64900,0.0,0.0
2000-02-29 00:00:00-05:00,1.3959578089757798,1.4086483345119232,1.3832672834396362,1.3832672834396362,70800,0.0,0.0
2000-03-01 00:00:00-05:00,1.3959578275680542,1.3959578275680542,1.3705767761577259,1.3959578275680542,48100,0.0,0.0
2000-03-02 00:00:00-05:00,1.3832672834396362,1.3959578089757798,1.3832672834396362,1.3832672834396362,52400,0.0,0.0
2000-03-03 00:00:00-05:00,1.3959578089757798,1.3959578089757798,1.3832672834396362,1.3832672834396362,35900,0.0,0.0
2000-03-06 00:00:00-05:00,1.370576024055481,1.3832665427967354,1.370576024055481,1.370576024055481,83700,0.0,0.0
2000-03-07 00:00:00-05:00,1.370576024055481,1.3832665427967354,1.3578855053142265,1.370576024055481,70500,0.0,0.0
2000-03-08 00:00:00-05:00,1.370575486489062,1.370575486489062,1.3451944589614868,1.3451944589614868,66800,0.0,0.0
2000-03-09 00:00:00-05:00,1.3325046768812376,1.3705762390778444,1.3325046768812376,1.357885718345642,58700,0.0,0.0
2000-03-10 00:00:00-05:00,1.345194986572972,1.370576024055481,1.345194986572972,1.370576024055481,92900,0.0,0.0
2000-03-13 00:00:00-05:00,1.3793630105144574,1.3793630105144574,1.3538192510604858,1.3538192510604858,44200,0.043,0.0
2000-03-14 00:00:00-05:00,1.3665911663146246,1.3665911663146246,1.328275526137579,1.3410474061965942,169800,0.0,0.0
2000-03-15 00:00:00-05:00,1.3538192510604858,1.3665911307874716,1.3410473713335003,1.3538192510604858,67200,0.0,0.0
2000-03-16 00:00:00-05:00,1.3410474061965942,1.3410474061965942,1.328275526137579,1.3410474061965942,53300,0.0,0.0
2000-03-17 00:00:00-05:00,1.3282757997512817,1.3538195651311142,1.3282757997512817,1.3282757997512817,74500,0.0,0.0
2000-03-20 00:00:00-05:00,1.328275526137579,1.3538192862556093,1.328275526137579,1.3410474061965942,54800,0.0,0.0
2000-03-21 00:00:00-05:00,1.3410474061965942,1.3538192862556093,1.328275526137579,1.3410474061965942,63900,0.0,0.0
2000-03-22 00:00:00-05:00,1.3410476824411979,1.3538195651311142,1.3282757997512817,1.3282757997512817,103300,0.0,0.0
2000-03-23 00:00:00-05:00,1.3410473713335003,1.3538192510604858,1.3282754916065145,1.3538192510604858,52300,0.0,0.0
2000-03-24 00:00:00-05:00,1.3282757997512817,1.3410476824411979,1.3155039170613656,1.3282757997512817,130700,0.0,0.0
2000-03-27 00:00:00-05:00,1.3410474061965942,1.3410474061965942,1.328275526137579,1.3410474061965942,66700,0.0,0.0
2000-03-28 00:00:00-05:00,1.353819570808767,1.379363336295725,1.353819570808767,1.366591453552246,57000,0.0,0.0
2000-03-29 00:00:00-05:00,1.392134819869642,1.392134819869642,1.379362940788269,1.379362940788269,59000,0.0,0.0
2000-03-30 00:00:00-05:00,1.3793629568976324,1.4176785945892334,1.3793629568976324,1.4176785945892334,69300,0.0,0.0
2000-03-31 00:00:00-05:00,1.4049065645251957,1.4304503202438354,1.4049065645251957,1.4304503202438354,30200,0.0,0.0
2000-04-03 00:00:00-04:00,1.430451401876747,1.430451401876747,1.3665919642929636,1.392135739326477,106700,0.0,0.0
2000-04-04 00:00:00-04:00,1.4049067153586998,1.430450473819767,1.4049067153586998,1.4176785945892334,89400,0.0,0.0
2000-04-05 00:00:00-04:00,1.4176784423845155,1.4304503202438354,1.4176784423845155,1.4304503202438354,43900,0.0,0.0
2000-04-06 00:00:00-04:00,1.430450473819767,1.4432223530503006,1.4176785945892334,1.4176785945892334,75400,0.0,0.0
2000-04-07 00:00:00-04:00,1.4176785945892334,1.430450473819767,1.4049067153586998,1.4176785945892334,49800,0.0,0.0
2000-04-10 00:00:00-04:00,1.4304503202438354,1.4304503202438354,1.4176784423845155,1.4304503202438354,38000,0.0,0.0
2000-04-11 00:00:00-04:00,1.4304503202438354,1.4304503202438354,1.4176784423845155,1.4304503202438354,52400,0.0,0.0
2000-04-12 00:00:00-04:00,1.4266465870397431,1.4394992589950562,1.4266465870397431,1.4394992589950562,56400,0.044,0.0
2000-04-13 00:00:00-04:00,1.4394998466019082,1.452352523803711,1.4266471694001055,1.452352523803711,167000,0.0,0.0
2000-04-14 00:00:00-04:00,1.4266458749771118,1.439498540517446,1.4266458749771118,1.4266458749771118,94500,0.0,0.0
2000-04-17 00:00:00-04:00,1.4266465934840116,1.439499265497381,1.413793921470642,1.413793921470642,74700,0.0,0.0
2000-04-18 00:00:00-04:00,1.4266458749771118,1.439498540517446,1.4137932094367776,1.4266458749771118,52000,0.0,0.0
2000-04-19 00:00:00-04:00,1.4137932094367776,1.439498540517446,1.4137932094367776,1.4266458749771118,62500,0.0,0.0
2000-04-20 00:00:00-04:00,1.439498540517446,1.439498540517446,1.4137932094367776,1.4266458749771118,92000,0.0,0.0
2000-04-24 00:00:00-04:00,1.4266465870397431,1.4394992589950562,1.4137939150844303,1.4394992589950562,50300,0.0,0.0
2000-04-25 00:00:00-04:00,1.439498540517446,1.439498540517446,1.4266458749771118,1.4266458749771118,43600,0.0,0.0
2000-04-26 00:00:00-04:00,1.4266458749771118,1.439498540517446,1.4266458749771118,1.4266458749771118,71200,0.0,0.0
2000-04-27 00:00:00-04:00,1.439498540517446,1.439498540517446,1.4266458749771118,1.4266458749771118,81600,0.0,0.0
2000-04-28 00:00:00-04:00,1.439498540517446,1.439498540517446,1.4266458749771118,1.4266458749771118,66100,0.0,0.0
2000-05-01 00:00:00-04:00,1.4266465870397431,1.4394992589950562,1.4266465870397431,1.4394992589950562,68300,0.0,0.0
2000-05-02 00:00:00-04:00,1.439498540517446,1.439498540517446,1.4266458749771118,1.4266458749771118,66800,0.0,0.0
2000-05-03 00:00:00-04:00,1.4266465870397431,1.4394992589950562,1.4266465870397431,1.4394992589950562,48400,0.0,0.0
2000-05-04 00:00:00-04:00,1.439498540517446,1.439498540517446,1.4266458749771118,1.4266458749771118,78500,0.0,0.0
2000-05-05 00:00:00-04:00,1.4137932094367776,1.439498540517446,1.4137932094367776,1.4266458749771118,37800,0.0,0.0
2000-05-08 00:00:00-04:00,1.413793921470642,1.439499265497381,1.413793921470642,1.413793921470642,59200,0.0,0.0
2000-05-09 00:00:00-04:00,1.4266458749771118,1.4266458749771118,1.4137932094367776,1.4266458749771118,37200,0.0,0.0
2000-05-10 00:00:00-04:00,1.4266458749771118,1.4266458749771118,1.4137932094367776,1.4266458749771118,44700,0.0,0.0
2000-05-11 00:00:00-04:00,1.4355452115382623,1.4355452115382623,1.4096795320510864,1.4096795320510864,37900,0.043,0.0
2000-05-12 00:00:00-04:00,1.4226114749908447,1.4355443065816706,1.4096786434000188,1.4226114749908447,50400,0.0,0.0
2000-05-15 00:00:00-04:00,1.4226114749908447,1.4355443065816706,1.4226114749908447,1.4226114749908447,40800,0.0,0.0
2000-05-16 00:00:00-04:00,1.4355445536119598,1.4484773874282837,1.4226117197956356,1.4484773874282837,82700,0.0,0.0
2000-05-17 00:00:00-04:00,1.4355445536119598,1.4484773874282837,1.4226117197956356,1.4484773874282837,75700,0.0,0.0
2000-05-18 00:00:00-04:00,1.4484766023653046,1.4484766023653046,1.4226109487516385,1.4355437755584717,53500,0.0,0.0
2000-05-19 00:00:00-04:00,1.4484773874282837,1.4614102212446076,1.4355445536119598,1.4484773874282837,88900,0.0,0.0
2000-05-22 00:00:00-04:00,1.4614102212446076,1.4614102212446076,1.4484773874282837,1.4484773874282837,92400,0.0,0.0
2000-05-23 00:00:00-04:00,1.4614107608795166,1.4614107608795166,1.4484779222876625,1.4614107608795166,36500,0.0,0.0
2000-05-24 00:00:00-04:00,1.4484779222876625,1.4614107608795166,1.4355450836958084,1.4614107608795166,42000,0.0,0.0
2000-05-25 00:00:00-04:00,1.4614094291721378,1.4614094291721378,1.4355437755584717,1.4355437755584717,25600,0.0,0.0
2000-05-26 00:00:00-04:00,1.4484779222876625,1.4614107608795166,1.4355450836958084,1.4614107608795166,37100,0.0,0.0
2000-05-30 00:00:00-04:00,1.4614107608795166,1.4743435994713707,1.4484779222876625,1.4614107608795166,58500,0.0,0.0
2000-05-31 00:00:00-04:00,1.4743422475354424,1.5002079010009766,1.4614094208026756,1.5002079010009766,52600,0.0,0.0
2000-06-01 00:00:00-04:00,1.5002078520946012,1.526073504716922,1.4872750257834408,1.5131406784057617,65200,0.0,0.0
2000-06-02 00:00:00-04:00,1.5131412961266257,1.5648726224899292,1.5131412961266257,1.5648726224899292,44800,0.0,0.0
2000-06-05 00:00:00-04:00,1.5519393682479858,1.5648721963167191,1.5390065401792528,1.5519393682479858,61200,0.0,0.0
2000-06-06 00:00:00-04:00,1.5648721963167191,1.5648721963167191,1.5519393682479858,1.5519393682479858,69700,0.0,0.0
2000-06-07 00:00:00-04:00,1.5519393682479858,1.5648721963167191,1.5390065401792528,1.5519393682479858,47000,0.0,0.0
2000-06-08 00:00:00-04:00,1.5519389384934883,1.5519389384934883,1.5390061140060425,1.5390061140060425,18500,0.0,0.0
2000-06-09 00:00:00-04:00,1.5519393682479858,1.5519393682479858,1.5260737121105195,1.5519393682479858,41300,0.0,0.0
2000-06-12 00:00:00-04:00,1.5390061140060425,1.5519389384934883,1.5260732895185969,1.5390061140060425,46300,0.0,0.0
2000-06-13 00:00:00-04:00,1.5481659285092757,1.5481659285092757,1.5221463330721452,1.5351561307907104,60300,0.044,0.0
2000-06-14 00:00:00-04:00,1.5351551801730425,1.548164969835526,1.5091356008480756,1.522145390510559,70100,0.0,0.0
2000-06-15 00:00:00-04:00,1.5221459947783371,1.5351557896055026,1.5091361999511719,1.5091361999511719,30400,0.0,0.0
2000-06-16 00:00:00-04:00,1.522145390510559,1.5351551801730425,1.5091356008480756,1.522145390510559,47900,0.0,0.0
2000-06-19 00:00:00-04:00,1.5351561307907104,1.5481659285092757,1.5221463330721452,1.5351561307907104,35900,0.0,0.0
2000-06-20 00:00:00-04:00,1.5481653213500977,1.5611751139664851,1.5351555287337104,1.5481653213500977,37600,0.0,0.0
2000-06-21 00:00:00-04:00,1.5351555287337104,1.5481653213500977,1.5351555287337104,1.5481653213500977,24800,0.0,0.0
2000-06-22 00:00:00-04:00,1.5481659285092757,1.5481659285092757,1.5351561307907104,1.5351561307907104,36200,0.0,0.0
2000-06-23 00:00:00-04:00,1.5351561307907104,1.5481659285092757,1.5351561307907104,1.5351561307907104,12200,0.0,0.0
2000-06-26 00:00:00-04:00,1.5481653213500977,1.5481653213500977,1.5351555287337104,1.5481653213500977,61700,0.0,0.0
2000-06-27 00:00:00-04:00,1.5481659285092757,1.5481659285092757,1.5221463330721452,1.5351561307907104,34400,0.0,0.0
2000-06-28 00:00:00-04:00,1.5481653213500977,1.5481653213500977,1.5351555287337104,1.5481653213500977,17000,0.0,0.0
2000-06-29 00:00:00-04:00,1.5481659285092757,1.5611757262278412,1.5351561307907104,1.5351561307907104,55800,0.0,0.0
2000-06-30 00:00:00-04:00,1.5481655518213908,1.5611753463745117,1.53515575726827,1.5611753463745117,40000,0.0,0.0
2000-07-03 00:00:00-04:00,1.5611751139664851,1.5611751139664851,1.5481653213500977,1.5481653213500977,31200,0.0,0.0
2000-07-05 00:00:00-04:00,1.5481653213500977,1.5611751139664851,1.5481653213500977,1.5481653213500977,31100,0.0,0.0
2000-07-06 00:00:00-04:00,1.5351555287337104,1.5481653213500977,1.5351555287337104,1.5481653213500977,55100,0.0,0.0
2000-07-07 00:00:00-04:00,1.5481659285092757,1.5481659285092757,1.5351561307907104,1.5351561307907104,73600,0.0,0.0
2000-07-10 00:00:00-04:00,1.5481653213500977,1.5481653213500977,1.5351555287337104,1.5481653213500977,46800,0.0,0.0
2000-07-11 00:00:00-04:00,1.5481659285092757,1.5481659285092757,1.5351561307907104,1.5351561307907104,22700,0.0,0.0
2000-07-12 00:00:00-04:00,1.5443692207336426,1.5574570954856224,1.5443692207336426,1.5443692207336426,26900,0.044,0.0
2000-07-13 00:00:00-04:00,1.5443692207336426,1.5574570954856224,1.5443692207336426,1.5443692207336426,54300,0.0,0.0
2000-07-14 00:00:00-04:00,1.5574570954856224,1.5574570954856224,1.5312813459816625,1.5443692207336426,31100,0.0,0.0
2000-07-17 00:00:00-04:00,1.5312813459816625,1.5574570954856224,1.5312813459816625,1.5443692207336426,38600,0.0,0.0
2000-07-18 00:00:00-04:00,1.5443693470751119,1.5574572228977823,1.5312814712524414,1.5312814712524414,23400,0.0,0.0
2000-07-19 00:00:00-04:00,1.5574570954856224,1.5574570954856224,1.5443692207336426,1.5443692207336426,32400,0.0,0.0
2000-07-20 00:00:00-04:00,1.5574584007263184,1.5574584007263184,1.544370515005929,1.5574584007263184,28000,0.0,0.0
2000-07-21 00:00:00-04:00,1.5574570954856224,1.5574570954856224,1.5312813459816625,1.5443692207336426,40700,0.0,0.0
2000-07-24 00:00:00-04:00,1.5312813459816625,1.5574570954856224,1.5312813459816625,1.5443692207336426,36700,0.0,0.0
2000-07-25 00:00:00-04:00,1.5443692207336426,1.5574570954856224,1.5312813459816625,1.5443692207336426,25500,0.0,0.0
2000-07-26 00:00:00-04:00,1.557457438111305,1.5705453157424927,1.5443695604801178,1.5705453157424927,47200,0.0,0.0
2000-07-27 00:00:00-04:00,1.5574584007263184,1.5705462864467075,1.544370515005929,1.5574584007263184,28300,0.0,0.0
2000-07-28 00:00:00-04:00,1.557457438111305,1.5705453157424927,1.5443695604801178,1.5705453157424927,35400,0.0,0.0
2000-07-31 00:00:00-04:00,1.5574570954856224,1.5705449702376024,1.5443692207336426,1.5443692207336426,67900,0.0,0.0
2000-08-01 00:00:00-04:00,1.5574570954856224,1.5574570954856224,1.5312813459816625,1.5443692207336426,71900,0.0,0.0
2000-08-02 00:00:00-04:00,1.557457438111305,1.5705453157424927,1.5443695604801178,1.5705453157424927,37700,0.0,0.0
2000-08-03 00:00:00-04:00,1.5705449702376024,1.5705449702376024,1.5443692207336426,1.5443692207336426,24200,0.0,0.0
2000-08-04 00:00:00-04:00,1.5574584007263184,1.5705462864467075,1.5574584007263184,1.5574584007263184,52600,0.0,0.0
2000-08-07 00:00:00-04:00,1.557457438111305,1.58363319337368,1.557457438111305,1.5705453157424927,80200,0.0,0.0
2000-08-08 00:00:00-04:00,1.5836334121031839,1.5967212915420532,1.5705455326643145,1.5967212915420532,46800,0.0,0.0
2000-08-09 00:00:00-04:00,1.6098096370697021,1.622897520297911,1.596721753841493,1.6098096370697021,29000,0.0,0.0
2000-08-10 00:00:00-04:00,1.5967219741113725,1.622897744178772,1.5836340890776728,1.622897744178772,31400,0.0,0.0
2000-08-11 00:00:00-04:00,1.6189995117187501,1.6584873046875,1.59267431640625,1.64532470703125,57100,0.044,0.0
2000-08-14 00:00:00-04:00,1.6584887427668418,1.6584887427668418,1.6321635246276855,1.6321635246276855,92900,0.0,0.0
2000-08-15 00:00:00-04:00,1.6190013885498047,1.6190013885498047,1.5795135498046875,1.5926761627197266,141600,0.0,0.0
2000-08-16 00:00:00-04:00,1.5926758021116258,1.5926758021116258,1.5795131921768188,1.5795131921768188,20100,0.0,0.0
2000-08-17 00:00:00-04:00,1.5926761627197266,1.6058387756347656,1.5795135498046875,1.5926761627197266,37800,0.0,0.0
2000-08-18 00:00:00-04:00,1.6058384120464326,1.6058384120464326,1.5795131921768188,1.5795131921768188,54800,0.0,0.0
2000-08-21 00:00:00-04:00,1.5926758021116258,1.5926758021116258,1.566350582242012,1.5795131921768188,36300,0.0,0.0
2000-08-22 00:00:00-04:00,1.5926761627197266,1.5926761627197266,1.5663509368896484,1.5926761627197266,57800,0.0,0.0
2000-08-23 00:00:00-04:00,1.5926758021116258,1.6058384120464326,1.5795131921768188,1.5795131921768188,31200,0.0,0.0
2000-08-24 00:00:00-04:00,1.5795135498046875,1.6058387756347656,1.5795135498046875,1.5926761627197266,40500,0.0,0.0
2000-08-25 00:00:00-04:00,1.5926752168624128,1.6058378219604492,1.5926752168624128,1.6058378219604492,49400,0.0,0.0
2000-08-28 00:00:00-04:00,1.6058378219604492,1.6058378219604492,1.5926752168624128,1.6058378219604492,43000,0.0,0.0
2000-08-29 00:00:00-04:00,1.6058378219604492,1.6190004270584857,1.5926752168624128,1.6058378219604492,28900,0.0,0.0
2000-08-30 00:00:00-04:00,1.632162109375,1.64532470703125,1.6058369140625,1.64532470703125,37500,0.0,0.0
2000-08-31 00:00:00-04:00,1.6453261487185955,1.6848139762878418,1.6321635395288467,1.6848139762878418,62000,0.0,0.0
2000-09-01 00:00:00-04:00,1.6979765854775906,1.6979765854775906,1.671651367098093,1.6848139762878418,19700,0.0,0.0
2000-09-05 00:00:00-04:00,1.684814210921999,1.684814210921999,1.6584889888763428,1.6584889888763428,24900,0.0,0.0
2000-09-06 00:00:00-04:00,1.6716516017913818,1.6716516017913818,1.6584889907536544,1.6716516017913818,35300,0.0,0.0
2000-09-07 00:00:00-04:00,1.6716516017913818,1.6716516017913818,1.6584889907536544,1.6716516017913818,25600,0.0,0.0
2000-09-08 00:00:00-04:00,1.6716516017913818,1.6716516017913818,1.645326379715927,1.6716516017913818,49100,0.0,0.0
2000-09-11 00:00:00-04:00,1.671650882766181,1.671650882766181,1.6453256720139575,1.665069580078125,28500,0.0,0.0
2000-09-12 00:00:00-04:00,1.671651599899171,1.671651599899171,1.6453263778535148,1.6584889888763428,17000,0.0,0.0
2000-09-13 00:00:00-04:00,1.6545705379001676,1.6678071022033691,1.6413339735969663,1.6678071022033691,16700,0.044,0.0
2000-09-14 00:00:00-04:00,1.6678083457946777,1.6678083457946777,1.6413351974487305,1.654571771621704,19300,0.0,0.0
2000-09-15 00:00:00-04:00,1.654571771621704,1.6678083457946777,1.6413351974487305,1.654571771621704,19300,0.0,0.0
2000-09-18 00:00:00-04:00,1.6545713917026676,1.6545713917026676,1.6280982494354248,1.6280982494354248,35600,0.0,0.0
2000-09-19 00:00:00-04:00,1.6280977283754656,1.6678074290675502,1.6280977283754656,1.6413342952728271,45800,0.0,0.0
2000-09-20 00:00:00-04:00,1.6280977283754656,1.6545708621701887,1.5619148938886582,1.6413342952728271,31700,0.0,0.0
2000-09-21 00:00:00-04:00,1.654571771621704,1.6678083457946777,1.6280986232757568,1.654571771621704,35100,0.0,0.0
2000-09-22 00:00:00-04:00,1.6413351974487305,1.6678083457946777,1.6413351974487305,1.654571771621704,42200,0.0,0.0
2000-09-25 00:00:00-04:00,1.6545708621701887,1.6545708621701887,1.6280977283754656,1.6413342952728271,10200,0.0,0.0
2000-09-26 00:00:00-04:00,1.6413348205690461,1.6545713917026676,1.6280982494354248,1.6280982494354248,20700,0.0,0.0
2000-09-27 00:00:00-04:00,1.6413335370235758,1.6413335370235758,1.6148604154586792,1.6148604154586792,31600,0.0,0.0
2000-09-28 00:00:00-04:00,1.6280969762411275,1.6413335370235758,1.6016238546762311,1.6148604154586792,27700,0.0,0.0
2000-09-29 00:00:00-04:00,1.6148604154586792,1.6148604154586792,1.6016238546762311,1.6148604154586792,28400,0.0,0.0
2000-10-02 00:00:00-04:00,1.6148616783018035,1.6280982494354248,1.6016251071681822,1.6280982494354248,35400,0.0,0.0
2000-10-03 00:00:00-04:00,1.6016251071681822,1.6413348205690461,1.6016251071681822,1.6280982494354248,34800,0.0,0.0
2000-10-04 00:00:00-04:00,1.6148616783018035,1.6413348205690461,1.6148616783018035,1.6280982494354248,28100,0.0,0.0
2000-10-05 00:00:00-04:00,1.6280982494354248,1.6280982494354248,1.6148616783018035,1.6280982494354248,28900,0.0,0.0
2000-10-06 00:00:00-04:00,1.6280969762411275,1.6413335370235758,1.6148604154586792,1.6148604154586792,29100,0.0,0.0
2000-10-09 00:00:00-04:00,1.6413335370235758,1.6413335370235758,1.6148604154586792,1.6148604154586792,11000,0.0,0.0
2000-10-10 00:00:00-04:00,1.6148606942704886,1.6280972573382795,1.6016241312026978,1.6016241312026978,51400,0.0,0.0
2000-10-11 00:00:00-04:00,1.6148600081602733,1.6148600081602733,1.5883868932724,1.5883868932724,105100,0.0,0.0
2000-10-12 00:00:00-04:00,1.6110762357711792,1.6110762357711792,1.5844468765022341,1.6110762357711792,54000,0.044,0.0
2000-10-13 00:00:00-04:00,1.5977603197097778,1.6110749890406928,1.5977603197097778,1.5977603197097778,17500,0.0,0.0
2000-10-16 00:00:00-04:00,1.5977603197097778,1.6110749890406928,1.5977603197097778,1.5977603197097778,28900,0.0,0.0
2000-10-17 00:00:00-04:00,1.6110762357711792,1.6110762357711792,1.5977615561367067,1.6110762357711792,16000,0.0,0.0
2000-10-18 00:00:00-04:00,1.5977617845696919,1.6110764661077726,1.5711324214935303,1.5711324214935303,40100,0.0,0.0
2000-10-19 00:00:00-04:00,1.5844471030316112,1.5844471030316112,1.5578177399554496,1.5711324214935303,44200,0.0,0.0
2000-10-20 00:00:00-04:00,1.5711309359623837,1.5711309359623837,1.544501598064716,1.5578162670135498,38300,0.0,0.0
2000-10-23 00:00:00-04:00,1.5844456049112174,1.5844456049112174,1.5578162670135498,1.5578162670135498,20900,0.0,0.0
2000-10-24 00:00:00-04:00,1.5578183677016184,1.5844477415084839,1.5578183677016184,1.5844477415084839,27400,0.0,0.0
2000-10-25 00:00:00-04:00,1.584445650378863,1.5977603197097778,1.5711309810479483,1.5977603197097778,26200,0.0,0.0
2000-10-26 00:00:00-04:00,1.5977617845696919,1.5977617845696919,1.5711324214935303,1.5711324214935303,51200,0.0,0.0
2000-10-27 00:00:00-04:00,1.5711324214935303,1.5844471030316112,1.5578177399554496,1.5711324214935303,29700,0.0,0.0
2000-10-30 00:00:00-05:00,1.5844471030316112,1.5844471030316112,1.5578177399554496,1.5711324214935303,28700,0.0,0.0
2000-10-31 00:00:00-05:00,1.5844471030316112,1.5844471030316112,1.5711324214935303,1.5711324214935303,42400,0.0,0.0
2000-11-01 00:00:00-05:00,1.5977603197097778,1.6243896583716075,1.584445650378863,1.5977603197097778,75500,0.0,0.0
2000-11-02 00:00:00-05:00,1.6110762357711792,1.6110762357711792,1.5977615561367067,1.6110762357711792,42900,0.0,0.0
2000-11-03 00:00:00-05:00,1.6243896583716075,1.6243896583716075,1.584445650378863,1.5977603197097778,27000,0.0,0.0
2000-11-06 00:00:00-05:00,1.5977617845696919,1.5977617845696919,1.5711324214935303,1.5711324214935303,23600,0.0,0.0
2000-11-07 00:00:00-05:00,1.5844456049112174,1.5844456049112174,1.544501598064716,1.5578162670135498,32400,0.0,0.0
2000-11-08 00:00:00-05:00,1.5578173210746364,1.5578173210746364,1.5178732872009277,1.5178732872009277,39700,0.0,0.0
2000-11-09 00:00:00-05:00,1.53118896484375,1.5445036514945651,1.5178742781929346,1.53118896484375,19200,0.0,0.0
2000-11-10 00:00:00-05:00,1.544501598064716,1.5578162670135498,1.5311869291158824,1.5578162670135498,38100,0.0,0.0
2000-11-13 00:00:00-05:00,1.5404576063156128,1.553852889848792,1.5404576063156128,1.5404576063156128,20700,0.044,0.0
2000-11-14 00:00:00-05:00,1.5404570991532844,1.5538523782763565,1.5270618200302124,1.5270618200302124,50000,0.0,0.0
2000-11-15 00:00:00-05:00,1.5270609794518888,1.5672467947006226,1.5270609794518888,1.5672467947006226,72600,0.0,0.0
2000-11-16 00:00:00-05:00,1.5672467947006226,1.5940373381997786,1.5538515229510446,1.5672467947006226,88900,0.0,0.0
2000-11-17 00:00:00-05:00,1.5806434154510498,1.5940386986328383,1.5672481322692613,1.5806434154510498,31200,0.0,0.0
2000-11-20 00:00:00-05:00,1.5806429365225005,1.5940382156455726,1.5270618200302124,1.5270618200302124,90200,0.0,0.0
2000-11-21 00:00:00-05:00,1.5404565830146317,1.5404565830146317,1.500270759109902,1.513666033744812,75000,0.0,0.0
2000-11-22 00:00:00-05:00,1.500270759109902,1.5270613083797218,1.500270759109902,1.513666033744812,34800,0.0,0.0
2000-11-24 00:00:00-05:00,1.5270613083797218,1.5270613083797218,1.513666033744812,1.513666033744812,5700,0.0,0.0
2000-11-27 00:00:00-05:00,1.5270610302686691,1.5404563024640083,1.5002704858779907,1.5002704858779907,38900,0.0,0.0
2000-11-28 00:00:00-05:00,1.5136665409071404,1.5270618200302124,1.5002712617840683,1.5270618200302124,38200,0.0,0.0
2000-11-29 00:00:00-05:00,1.5270610302686691,1.5270610302686691,1.5002704858779907,1.5002704858779907,53300,0.0,0.0
2000-11-30 00:00:00-05:00,1.5270610302686691,1.5404563024640083,1.5002704858779907,1.5002704858779907,100000,0.0,0.0
2000-12-01 00:00:00-05:00,1.5136670392492542,1.5404576063156128,1.500271755716075,1.5404576063156128,97000,0.0,0.0
2000-12-04 00:00:00-05:00,1.5404579865521397,1.5672485602313073,1.5136674128729721,1.5538532733917236,70600,0.0,0.0
2000-12-05 00:00:00-05:00,1.5404576063156128,1.553852889848792,1.5404576063156128,1.5404576063156128,42600,0.0,0.0
2000-12-06 00:00:00-05:00,1.5404562512014668,1.5672467947006226,1.5404562512014668,1.5672467947006226,32000,0.0,0.0
2000-12-07 00:00:00-05:00,1.5404579865521397,1.5672485602313073,1.5404579865521397,1.5538532733917236,74600,0.0,0.0
2000-12-08 00:00:00-05:00,1.5538528490874726,1.5806434154510498,1.5538528490874726,1.5806434154510498,65100,0.0,0.0
2000-12-11 00:00:00-05:00,1.5672485602313073,1.5806438470708912,1.5538532733917236,1.5538532733917236,82000,0.0,0.0
2000-12-12 00:00:00-05:00,1.5538532733917236,1.5672485602313073,1.5404579865521397,1.5538532733917236,104200,0.0,0.0
2000-12-13 00:00:00-05:00,1.5363860130310059,1.5498630833207516,1.5229089427412603,1.5363860130310059,128500,0.044,0.0
2000-12-14 00:00:00-05:00,1.5363860130310059,1.5498630833207516,1.5229089427412603,1.5363860130310059,59200,0.0,0.0
2000-12-15 00:00:00-05:00,1.5229089427412603,1.5498630833207516,1.5094318724515146,1.5363860130310059,87000,0.0,0.0
2000-12-18 00:00:00-05:00,1.5498630662934971,1.5498630662934971,1.5229089260101318,1.5229089260101318,59800,0.0,0.0
2000-12-19 00:00:00-05:00,1.5363859961518145,1.5498630662934971,1.5094318558684492,1.5229089260101318,100800,0.0,0.0
2000-12-20 00:00:00-05:00,1.5229089427412603,1.5498630833207516,1.5229089427412603,1.5363860130310059,108100,0.0,0.0
2000-12-21 00:00:00-05:00,1.5363859961518145,1.5498630662934971,1.5229089260101318,1.5229089260101318,99600,0.0,0.0
2000-12-22 00:00:00-05:00,1.5229089427412603,1.5498630833207516,1.5229089427412603,1.5363860130310059,81300,0.0,0.0
2000-12-26 00:00:00-05:00,1.5229089427412603,1.5498630833207516,1.5229089427412603,1.5363860130310059,141300,0.0,0.0
2000-12-27 00:00:00-05:00,1.5498639345169067,1.5633410122083582,1.5498639345169067,1.5498639345169067,56500,0.0,0.0
2000-12-28 00:00:00-05:00,1.5498639437659034,1.5902951770815357,1.5498639437659034,1.5633410215377808,117800,0.0,0.0
2000-12-29 00:00:00-05:00,1.5498613750832713,1.5768154859542847,1.5363843196477647,1.5768154859542847,134500,0.0,0.0
2001-01-02 00:00:00-05:00,1.5768179994518474,1.603772153288631,1.5633409225334556,1.5902950763702393,38200,0.0,0.0
2001-01-03 00:00:00-05:00,1.6172479801490658,1.7115874456577613,1.6172479801490658,1.6442021131515503,81300,0.0,0.0
2001-01-04 00:00:00-05:00,1.6711575001005141,1.698111653327942,1.6576804234868003,1.698111653327942,25000,0.0,0.0
2001-01-05 00:00:00-05:00,1.6981113899138665,1.6981113899138665,1.6576801663444887,1.6711572408676147,104200,0.0,0.0
2001-01-08 00:00:00-05:00,1.684632989787316,1.7654953732971073,1.684632989787316,1.7385412454605103,159000,0.0,0.0
2001-01-09 00:00:00-05:00,1.7654974387242244,1.7654974387242244,1.7250661996694712,1.7520203590393066,77700,0.0,0.0
2001-01-10 00:00:00-05:00,1.7520196177065372,1.7654966916888952,1.7250654697418213,1.7250654697418213,83800,0.0,0.0
2001-01-11 00:00:00-05:00,1.7346051829729894,1.7617083889569423,1.7346051829729894,1.7481567859649658,132800,0.044,0.0
2001-01-12 00:00:00-05:00,1.7481567962095141,1.7481567962095141,1.7075019869953394,1.7346051931381226,50800,0.0,0.0
2001-01-16 00:00:00-05:00,1.7075019869953394,1.7346051931381226,1.7075019869953394,1.7346051931381226,56000,0.0,0.0
2001-01-17 00:00:00-05:00,1.721052754842318,1.7617075443267822,1.721052754842318,1.7617075443267822,64600,0.0,0.0
2001-01-18 00:00:00-05:00,1.7481559478319608,1.7617075443267822,1.7346043513371394,1.7617075443267822,70900,0.0,0.0
2001-01-19 00:00:00-05:00,1.7617074223875089,1.80236220905799,1.7617074223875089,1.775259017944336,68800,0.0,0.0
2001-01-22 00:00:00-05:00,1.788810613501163,1.788810613501163,1.775259017944336,1.775259017944336,34800,0.0,0.0
2001-01-23 00:00:00-05:00,1.788810613501163,1.788810613501163,1.7617074223875089,1.775259017944336,37500,0.0,0.0
2001-01-24 00:00:00-05:00,1.7617075443267822,1.788810737316425,1.7617075443267822,1.7617075443267822,59600,0.0,0.0
2001-01-25 00:00:00-05:00,1.7752592518474115,1.7888108491897583,1.7752592518474115,1.7888108491897583,23900,0.0,0.0
2001-01-26 00:00:00-05:00,1.788811192583682,1.8159143924713135,1.7752595926398662,1.8159143924713135,52100,0.0,0.0
2001-01-29 00:00:00-05:00,1.8278424205854191,1.8430201675600169,1.8104963649626518,1.8321788311004639,66300,0.0,0.0
2001-01-30 00:00:00-05:00,1.8321753200864026,1.8321753200864026,1.8213340044021606,1.8213340044021606,66700,0.0,0.0
2001-01-31 00:00:00-05:00,1.830008077493477,1.8321763832447093,1.8083256403242072,1.8104939460754395,44200,0.0,0.0
2001-02-01 00:00:00-05:00,1.8104942637017902,1.8213353807978414,1.8104942637017902,1.8126623630523682,49600,0.0,0.0
2001-02-02 00:00:00-05:00,1.8213360298458157,1.830009050681991,1.8039899881734653,1.8083266019821167,37900,0.0,0.0
2001-02-05 00:00:00-05:00,1.7974838632176215,1.810493487649899,1.7779695299596878,1.7888108491897583,79000,0.0,0.0
2001-02-06 00:00:00-05:00,1.793148867214092,1.8083266019821167,1.782307539473591,1.8083266019821167,26800,0.0,0.0
2001-02-07 00:00:00-05:00,1.8104935914693183,1.8321760243918328,1.7931475624189157,1.8256713151931763,30100,0.0,0.0
2001-02-08 00:00:00-05:00,1.8365143042991998,1.8430190194101566,1.8235046672961215,1.8278412818908691,28600,0.0,0.0
2001-02-09 00:00:00-05:00,1.843018677218546,1.843018677218546,1.8235043287277222,1.8235043287277222,53300,0.0,0.0
2001-02-12 00:00:00-05:00,1.8300094622608414,1.832177769652831,1.8018222932896737,1.8170000314712524,44300,0.0,0.0
2001-02-13 00:00:00-05:00,1.8309495151086095,1.85056686549241,1.8200511718932288,1.8374887704849243,53600,0.044,0.0
2001-02-14 00:00:00-05:00,1.839666787243979,1.839666787243979,1.82876845307562,1.830947995185852,23500,0.0,0.0
2001-02-15 00:00:00-05:00,1.8418477773666382,1.8440275288169248,1.8244101815094245,1.8418477773666382,25800,0.0,0.0
2001-02-16 00:00:00-05:00,1.8331277451684835,1.8418465372266106,1.820049661017493,1.830947995185852,40400,0.0,0.0
2001-02-20 00:00:00-05:00,1.8200495044991718,1.8309478377303094,1.7764553400850933,1.7851741313934326,72800,0.0,0.0
2001-02-21 00:00:00-05:00,1.7633790635827267,1.782996416091919,1.7633790635827267,1.782996416091919,45500,0.0,0.0
2001-02-22 00:00:00-05:00,1.7699183270493581,1.7764573760568254,1.7437619231468695,1.7568402290344238,53300,0.0,0.0
2001-02-23 00:00:00-05:00,1.7459412713891829,1.7503005670944463,1.7394021199587162,1.7481210231781006,19300,0.0,0.0
2001-02-26 00:00:00-05:00,1.7372217849797906,1.7524797305712227,1.7372217849797906,1.7459406852722168,30400,0.0,0.0
2001-02-27 00:00:00-05:00,1.7633789755329439,1.7764570713043213,1.7524804238084064,1.7764570713043213,26500,0.0,0.0
2001-02-28 00:00:00-05:00,1.7851744167993129,1.7851744167993129,1.7655572891235352,1.7655572891235352,32900,0.0,0.0
2001-03-01 00:00:00-05:00,1.7851762094435186,1.7873559617760588,1.7720981111935252,1.780816912651062,39600,0.0,0.0
2001-03-02 00:00:00-05:00,1.787354962050518,1.787354962050518,1.7655580745346928,1.769917368888855,37200,0.0,0.0
2001-03-05 00:00:00-05:00,1.774277318933741,1.7895351648330688,1.7699178156067559,1.7895351648330688,54300,0.0,0.0
2001-03-06 00:00:00-05:00,1.780816912651062,1.7938950109010556,1.7786371603185218,1.780816912651062,36100,0.0,0.0
2001-03-07 00:00:00-05:00,1.7873557122758537,1.7938947604880529,1.776457160007125,1.782996416091919,34200,0.0,0.0
2001-03-08 00:00:00-05:00,1.789535714108599,1.7960747632335958,1.780816912651062,1.780816912651062,38000,0.0,0.0
2001-03-09 00:00:00-05:00,1.780816912651062,1.798254515566136,1.780816912651062,1.780816912651062,41600,0.0,0.0
2001-03-12 00:00:00-05:00,1.7851741313934326,1.8047914638052915,1.780814839675454,1.7851741313934326,39500,0.0,0.0
2001-03-13 00:00:00-05:00,1.7772849608540515,1.807965665568641,1.7772849608540515,1.7948167324066162,44100,0.044,0.0
2001-03-14 00:00:00-05:00,1.7926254177089473,1.8035826181828984,1.7794764845469229,1.7948167324066162,30300,0.0,0.0
2001-03-15 00:00:00-05:00,1.7882440268740414,1.7992014464936679,1.7882440268740414,1.790435552597046,23300,0.0,0.0
2001-03-16 00:00:00-05:00,1.7991997797923585,1.8057741418757696,1.788242370323205,1.7948167324066162,30200,0.0,0.0
2001-03-19 00:00:00-05:00,1.7992006351855314,1.8013921599203184,1.7882432205068992,1.7970091104507446,27900,0.0,0.0
2001-03-20 00:00:00-05:00,1.7904338940160762,1.807965665568641,1.788242370323205,1.7948167324066162,23900,0.0,0.0
2001-03-21 00:00:00-05:00,1.8057758146672853,1.8057758146672853,1.790435552597046,1.790435552597046,43800,0.0,0.0
2001-03-22 00:00:00-05:00,1.790434745241686,1.8057750003945903,1.7882432205068992,1.7970091104507446,26500,0.0,0.0
2001-03-23 00:00:00-05:00,1.7992006351855314,1.8035834756598033,1.7970091104507446,1.7970091104507446,16100,0.0,0.0
2001-03-26 00:00:00-05:00,1.8013921792383065,1.8013921792383065,1.7685199348498901,1.7750945091247559,30000,0.0,0.0
2001-03-27 00:00:00-05:00,1.7750955469292746,1.786052759136212,1.7685209688106007,1.7707124948501587,14300,0.0,0.0
2001-03-28 00:00:00-05:00,1.7860524769762687,1.7926270540562932,1.7707122151136645,1.7838611602783203,26800,0.0,0.0
2001-03-29 00:00:00-05:00,1.790433963429128,1.807965735661379,1.790433963429128,1.805774211883545,29300,0.0,0.0
2001-03-30 00:00:00-05:00,1.8079673159188974,1.8079673159188974,1.7838611602783203,1.7838611602783203,50600,0.0,0.0
2001-04-02 00:00:00-04:00,1.7948181195714599,1.7970096449580997,1.7750950180777916,1.7860522270202637,23500,0.0,0.0
2001-04-03 00:00:00-04:00,1.7882441826263145,1.792627234454078,1.7729039192199707,1.7729039192199707,33700,0.0,0.0
2001-04-04 00:00:00-04:00,1.7750940609865178,1.7882427882261285,1.7707110125764802,1.7816684246063232,47500,0.0,0.0
2001-04-05 00:00:00-04:00,1.786052759136212,1.786052759136212,1.7707124948501587,1.7707124948501587,26200,0.0,0.0
2001-04-06 00:00:00-04:00,1.7794782463699002,1.7926271925504123,1.7641379833221436,1.7641379833221436,59000,0.0,0.0
2001-04-09 00:00:00-04:00,1.7750954036400022,1.7860526149624516,1.7641379833221436,1.7641379833221436,34700,0.0,0.0
2001-04-10 00:00:00-04:00,1.75975404481204,1.7816688744043176,1.7575627290490554,1.7750945091247559,54100,0.0,0.0
2001-04-11 00:00:00-04:00,1.7649580240249634,1.7958060938199751,1.7627545304291152,1.7649580240249634,18900,0.044,0.0
2001-04-12 00:00:00-04:00,1.7847896633497153,1.793603430644466,1.7539413727496938,1.7561447620391846,43800,0.0,0.0
2001-04-16 00:00:00-04:00,1.7583481826489316,1.7737723273020272,1.742924037995836,1.7605515718460083,41800,0.0,0.0
2001-04-17 00:00:00-04:00,1.7605516342264154,1.7936034189691739,1.751737866989037,1.7781791687011719,29700,0.0,0.0
2001-04-18 00:00:00-04:00,1.7847892575330386,1.7847892575330386,1.7649582330947342,1.7671617269515991,45900,0.0,0.0
2001-04-19 00:00:00-04:00,1.78038317191357,1.7914004366434426,1.7627556324005127,1.7627556324005127,27800,0.0,0.0
2001-04-20 00:00:00-04:00,1.7847911796275224,1.7847911796275224,1.7605531413728268,1.7737739086151123,28300,0.0,0.0
2001-04-23 00:00:00-04:00,1.7781786079478026,1.791399359703064,1.7737718307871955,1.791399359703064,20600,0.0,0.0
2001-04-24 00:00:00-04:00,1.7803832292556763,1.7958072742921634,1.7803832292556763,1.7803832292556763,19100,0.0,0.0
2001-04-25 00:00:00-04:00,1.7891969686465836,1.7958072435294343,1.7737729238743152,1.782586693763733,33300,0.0,0.0
2001-04-26 00:00:00-04:00,1.7715681299224098,1.7891956567764282,1.7605508731044743,1.7891956567764282,33400,0.0,0.0
2001-04-27 00:00:00-04:00,1.789197617772265,1.8024183824713453,1.7869941219662642,1.8002148866653442,34700,0.0,0.0
2001-04-30 00:00:00-04:00,1.800213993400171,1.8046207726886057,1.79140022468648,1.7958070039749146,51500,0.0,0.0
2001-05-01 00:00:00-04:00,1.8046208317304777,1.8156380955172493,1.8046208317304777,1.8068243265151978,26300,0.0,0.0
2001-05-02 00:00:00-04:00,1.8112313160846378,1.8112313160846378,1.8046208317304777,1.8068243265151978,23000,0.0,0.0
2001-05-03 00:00:00-04:00,1.8002140521020495,1.8112313158876228,1.7914002831009568,1.793603777885437,28600,0.0,0.0
2001-05-04 00:00:00-04:00,1.8068238741453828,1.8068238741453828,1.778179079526231,1.7847895622253418,35400,0.0,0.0
2001-05-07 00:00:00-04:00,1.7847896517317956,1.7936034189691739,1.7781791687011719,1.7781791687011719,16200,0.0,0.0
2001-05-08 00:00:00-04:00,1.7914004943403898,1.7936039893847031,1.7737729542595893,1.7803832292556763,34700,0.0,0.0
2001-05-09 00:00:00-04:00,1.791399359703064,1.7936028533517274,1.7781786079478026,1.791399359703064,38300,0.0,0.0
2001-05-10 00:00:00-04:00,1.7913991501673543,1.795805926812511,1.7825853867403452,1.7891956567764282,41700,0.0,0.0
2001-05-11 00:00:00-04:00,1.7965059737467755,1.8208730220794678,1.7920757357579342,1.8208730220794678,54000,0.043,0.0
2001-05-14 00:00:00-04:00,1.8208734166655556,1.8230884305122494,1.8053670522057397,1.8164429664611816,37800,0.0,0.0
2001-05-15 00:00:00-04:00,1.8164425728351792,1.8275184846904533,1.8164425728351792,1.8208730220794678,46600,0.0,0.0
2001-05-16 00:00:00-04:00,1.816443143844164,1.8275190591812134,1.816443143844164,1.8275190591812134,24800,0.0,0.0
2001-05-17 00:00:00-04:00,1.8186583691626765,1.8408101998367756,1.8186583691626765,1.8275190591812134,65600,0.0,0.0
2001-05-18 00:00:00-04:00,1.83859384059906,1.8474545251529315,1.8341633926944327,1.83859384059906,14200,0.0,0.0
2001-05-21 00:00:00-04:00,1.83859384059906,1.8474545251529315,1.8363786166467464,1.83859384059906,27500,0.0,0.0
2001-05-22 00:00:00-04:00,1.8275202349179611,1.8452416263561076,1.8208747659425686,1.8430263996124268,54000,0.0,0.0
2001-05-23 00:00:00-04:00,1.8474556645367999,1.8474556645367999,1.8275190591812134,1.8275190591812134,29300,0.0,0.0
2001-05-24 00:00:00-04:00,1.825303260068309,1.8430246345345684,1.8208730220794678,1.8208730220794678,19000,0.0,0.0
2001-05-25 00:00:00-04:00,1.8253039289655997,1.8341646194458008,1.8208736893532618,1.8341646194458008,31200,0.0,0.0
2001-05-29 00:00:00-04:00,1.83859384059906,1.8496697491052452,1.8319483799975025,1.83859384059906,42500,0.0,0.0
2001-05-30 00:00:00-04:00,1.8474563481393125,1.8496715742775112,1.827519735406708,1.8319501876831055,34600,0.0,0.0
2001-05-31 00:00:00-04:00,1.8341647469209266,1.836379972508817,1.8186585903167725,1.8186585903167725,52200,0.0,0.0
2001-06-01 00:00:00-04:00,1.8297340869903564,1.8541009290971926,1.816442947769497,1.8297340869903564,49000,0.0,0.0
2001-06-04 00:00:00-04:00,1.838594974518263,1.8408101998367756,1.8230886085441882,1.8275190591812134,36400,0.0,0.0
2001-06-05 00:00:00-04:00,1.8319483799975025,1.8496697491052452,1.8275179320928752,1.83859384059906,37300,0.0,0.0
2001-06-06 00:00:00-04:00,1.849670986227796,1.849670986227796,1.8341646194458008,1.8341646194458008,37300,0.0,0.0
2001-06-07 00:00:00-04:00,1.8319498838061683,1.847456041690272,1.818658740437253,1.836380124092102,32700,0.0,0.0
2001-06-08 00:00:00-04:00,1.8208730220794678,1.8341639473014388,1.8186577974573235,1.8208730220794678,24800,0.0,0.0
2001-06-11 00:00:00-04:00,1.8186583691626765,1.8319495098182388,1.816443143844164,1.8275190591812134,26000,0.0,0.0
2001-06-12 00:00:00-04:00,1.8230888302370138,1.8341647469209266,1.8186585903167725,1.8186585903167725,22700,0.0,0.0
2001-06-13 00:00:00-04:00,1.8284575422136167,1.8329116523138365,1.8150947871253844,1.821776270866394,49300,0.044,0.0
2001-06-14 00:00:00-04:00,1.8150947871253844,1.83068470346062,1.8150947871253844,1.821776270866394,37700,0.0,0.0
2001-06-15 00:00:00-04:00,1.819548633831804,1.8351383336967553,1.8173214731671736,1.824002742767334,33600,0.0,0.0
2001-06-18 00:00:00-04:00,1.8329118236437,1.8329118236437,1.8217764411553874,1.8284577131271362,14100,0.0,0.0
2001-06-19 00:00:00-04:00,1.8306842247612254,1.8373654943613857,1.8173214731671736,1.824002742767334,34500,0.0,0.0
2001-06-20 00:00:00-04:00,1.8262304067611694,1.8418203233166042,1.8173219740411164,1.8262304067611694,42400,0.0,0.0
2001-06-21 00:00:00-04:00,1.821776610204423,1.84850191296516,1.821776610204423,1.8351391553878784,31300,0.0,0.0
2001-06-22 00:00:00-04:00,1.8440472822607936,1.8485016048420138,1.8284575780141046,1.8395931720733643,35900,0.0,0.0
2001-06-25 00:00:00-04:00,1.8418198156906467,1.8440467639615459,1.8173214731671736,1.824002742767334,49300,0.0,0.0
2001-06-26 00:00:00-04:00,1.8240033902167658,1.8373661465540705,1.8150949567898318,1.8284577131271362,48400,0.0,0.0
2001-06-27 00:00:00-04:00,1.8217753254838887,1.8596361974604738,1.8217753254838887,1.8485006093978882,62100,0.0,0.0
2001-06-28 00:00:00-04:00,1.855183934411443,1.8596382595331569,1.8462754965619272,1.852956771850586,23500,0.0,0.0
2001-06-29 00:00:00-04:00,1.8707734109085863,1.8707734109085863,1.8596380243006818,1.8663192987442017,59500,0.0,0.0
2001-07-02 00:00:00-04:00,1.8707725805667426,1.8774540644385729,1.8395931720733643,1.8395931720733643,41900,0.0,0.0
2001-07-03 00:00:00-04:00,1.8618625384788936,1.8707709635474585,1.8574084321414148,1.859635591506958,13500,0.0,0.0
2001-07-05 00:00:00-04:00,1.8507299894788176,1.859638428136011,1.8440485011904741,1.85741126537323,24100,0.0,0.0
2001-07-06 00:00:00-04:00,1.857410063504296,1.857410063504296,1.841820359040275,1.8440473079681396,19800,0.0,0.0
2001-07-09 00:00:00-04:00,1.8485006093978882,1.8574090373692214,1.8373650213353026,1.8485006093978882,34800,0.0,0.0
2001-07-10 00:00:00-04:00,1.8551818772779691,1.8574090373692214,1.8440462892153835,1.8485006093978882,25400,0.0,0.0
2001-07-11 00:00:00-04:00,1.8485020145369153,1.850729176321145,1.8373664180096048,1.8462748527526855,40000,0.0,0.0
2001-07-12 00:00:00-04:00,1.8561273446104387,1.8740392923355103,1.8494104175953519,1.8740392923355103,63200,0.044,0.0
2001-07-13 00:00:00-04:00,1.8785162349233533,1.887472203297899,1.8717990984970971,1.880755066871643,25200,0.0,0.0
2001-07-16 00:00:00-04:00,1.8785158734532754,1.9031447283623304,1.876276828408701,1.8941887617111206,50700,0.0,0.0
2001-07-17 00:00:00-04:00,1.894189112577545,1.9076231718063354,1.894189112577545,1.9076231718063354,50200,0.0,0.0
2001-07-18 00:00:00-04:00,1.9076231657487797,1.9098619976738624,1.8941891065626484,1.9031450748443604,23100,0.0,0.0
2001-07-19 00:00:00-04:00,1.8897109003582844,1.8897109003582844,1.7934343005859406,1.8135852813720703,131000,0.0,0.0
2001-07-20 00:00:00-04:00,1.79567458363061,1.815825364779229,1.7889574430538093,1.811347484588623,98700,0.0,0.0
2001-07-23 00:00:00-04:00,1.80239106845179,1.8068689475437196,1.7911960504311537,1.7934350967407227,78700,0.0,0.0
2001-07-24 00:00:00-04:00,1.804629740463394,1.8113466644717362,1.7911956789195451,1.802390694618225,73400,0.0,0.0
2001-07-25 00:00:00-04:00,1.8091077332736722,1.8091077332736722,1.7956738844056555,1.7979127168655396,37000,0.0,0.0
2001-07-26 00:00:00-04:00,1.809107935990391,1.809107935990391,1.7956740856170654,1.7956740856170654,43800,0.0,0.0
2001-07-27 00:00:00-04:00,1.8023915106801496,1.8180644116381626,1.79567458363061,1.811347484588623,34900,0.0,0.0
2001-07-30 00:00:00-04:00,1.8158251085893502,1.8292591743203144,1.8023912563856168,1.820303201675415,66300,0.0,0.0
2001-07-31 00:00:00-04:00,1.831498063691219,1.8404540355675512,1.8270199709894466,1.8337368965148926,56300,0.0,0.0
2001-08-01 00:00:00-04:00,1.8359742249116127,1.842691144151916,1.831496349927081,1.8404523134231567,32000,0.0,0.0
2001-08-02 00:00:00-04:00,1.8359752199075818,1.849409279195711,1.8359752199075818,1.8471702337265015,28600,0.0,0.0
2001-08-03 00:00:00-04:00,1.849409279195711,1.849409279195711,1.831497342496291,1.8471702337265015,22000,0.0,0.0
2001-08-06 00:00:00-04:00,1.8494089888963212,1.8516480340140709,1.8337358865991693,1.835974931716919,23700,0.0,0.0
2001-08-07 00:00:00-04:00,1.8337351806558404,1.8471692326634603,1.8225403864310055,1.8404523134231567,75200,0.0,0.0
2001-08-08 00:00:00-04:00,1.8426916112954985,1.849408745765686,1.8337356455289824,1.849408745765686,24400,0.0,0.0
2001-08-09 00:00:00-04:00,1.8494100117300312,1.8516490580861065,1.8292590215797795,1.8382149934768677,45300,0.0,0.0
2001-08-10 00:00:00-04:00,1.8382149934768677,1.8494100117300312,1.8247809288676289,1.8382149934768677,95800,0.0,0.0
2001-08-13 00:00:00-04:00,1.8458691428980094,1.8548733742417924,1.8211075603720581,1.8346138000488281,75800,0.044,0.0
2001-08-14 00:00:00-04:00,1.8458687637447824,1.8526218821960339,1.8211071863050172,1.8233582973480225,64000,0.0,0.0
2001-08-15 00:00:00-04:00,1.8368639652826744,1.8436170816421509,1.8346128549369494,1.8436170816421509,20700,0.0,0.0
2001-08-16 00:00:00-04:00,1.8458667748335003,1.8593732118606567,1.8323605524838777,1.8593732118606567,32700,0.0,0.0
2001-08-17 00:00:00-04:00,1.859374797621397,1.8638768040182792,1.8436172385380178,1.8458683490753174,40200,0.0,0.0
2001-08-20 00:00:00-04:00,1.845868238203026,1.854872465133667,1.8413662320765574,1.854872465133667,50200,0.0,0.0
2001-08-21 00:00:00-04:00,1.857123657121039,1.8593747676220187,1.8458683192938536,1.8526214361190796,40600,0.0,0.0
2001-08-22 00:00:00-04:00,1.8638758925242132,1.866127001960649,1.857122778892517,1.857122778892517,30100,0.0,0.0
2001-08-23 00:00:00-04:00,1.8503705421783276,1.8796343346876963,1.8503705421783276,1.86837899684906,28300,0.0,0.0
2001-08-24 00:00:00-04:00,1.877381946005122,1.8863861672101379,1.861624612565736,1.870628833770752,32400,0.0,0.0
2001-08-27 00:00:00-04:00,1.870629165012206,1.8841353918725596,1.8683780556429452,1.8773822784423828,25400,0.0,0.0
2001-08-28 00:00:00-04:00,1.8796329498291016,1.8863860616857027,1.8706287291277819,1.8796329498291016,21800,0.0,0.0
2001-08-29 00:00:00-04:00,1.881883843996265,1.8908880646975847,1.8773818409843828,1.8796329498291016,42700,0.0,0.0
2001-08-30 00:00:00-04:00,1.8908898322324013,1.8908898322324013,1.8773835958940626,1.886387825012207,29600,0.0,0.0
2001-08-31 00:00:00-04:00,1.888638143321346,1.888638143321346,1.8683785826387878,1.8818848133087158,31300,0.0,0.0
2001-09-04 00:00:00-04:00,1.8886389359611822,1.8908898322324013,1.886387825012207,1.886387825012207,29900,0.0,0.0
2001-09-05 00:00:00-04:00,1.881884282503299,1.8841353918725596,1.875131169073122,1.8773822784423828,24500,0.0,0.0
2001-09-06 00:00:00-04:00,1.884136714063232,1.886387825012207,1.8683793667759179,1.886387825012207,53800,0.0,0.0
2001-09-07 00:00:00-04:00,1.8886371705304212,1.8886371705304212,1.8616245084264622,1.8796329498291016,23500,0.0,0.0
2001-09-10 00:00:00-04:00,1.8818856031142568,1.886387825012207,1.870630477724893,1.886387825012207,29300,0.0,0.0
2001-09-17 00:00:00-04:00,1.8773831751885608,1.913400083590058,1.8773831751885608,1.906646966934204,78300,0.0,0.0
2001-09-18 00:00:00-04:00,1.9066466522137537,1.9066466522137537,1.902144432067871,1.902144432067871,54000,0.0,0.0
2001-09-19 00:00:00-04:00,1.902144412719962,1.902144412719962,1.785089373588562,1.785089373588562,62700,0.0,0.0
2001-09-20 00:00:00-04:00,1.7850902418965666,1.8458688474069724,1.6995500578241014,1.701801061630249,60300,0.0,0.0
2001-09-21 00:00:00-04:00,1.7018009876336277,1.7175584429470543,1.6792904138565063,1.6792904138565063,36500,0.0,0.0
2001-09-24 00:00:00-04:00,1.699548695014996,1.7220592517204738,1.6747870289695697,1.7063018083572388,80200,0.0,0.0
2001-09-25 00:00:00-04:00,1.7063032194007028,1.7805881716288188,1.695047985409743,1.7558265924453735,56600,0.0,0.0
2001-09-26 00:00:00-04:00,1.8098525593579842,1.8098525593579842,1.7715845152495937,1.789592981338501,57800,0.0,0.0
2001-09-27 00:00:00-04:00,1.7985962301264344,1.8053495622224958,1.7670814317168773,1.7873409986495972,29800,0.0,0.0
2001-09-28 00:00:00-04:00,1.7918435385267628,1.8008477687835693,1.778337193141553,1.8008477687835693,19600,0.0,0.0
2001-10-01 00:00:00-04:00,1.807599290868563,1.807599290868563,1.7918419555095422,1.8053483963012695,37600,0.0,0.0
2001-10-02 00:00:00-04:00,1.8188564449573186,1.825609564781189,1.8143544366340079,1.825609564781189,17500,0.0,0.0
2001-10-03 00:00:00-04:00,1.8368649115542262,1.8661287170909735,1.8233586718774561,1.8346138000488281,29700,0.0,0.0
2001-10-04 00:00:00-04:00,1.8346122660232076,1.8346122660232076,1.7940932588564733,1.8188549280166626,61100,0.0,0.0
2001-10-05 00:00:00-04:00,1.8121020793914795,1.823357414478912,1.800846744304047,1.8121020793914795,32400,0.0,0.0
2001-10-08 00:00:00-04:00,1.8188551945728746,1.8188551945728746,1.8121020793914795,1.8121020793914795,15900,0.0,0.0
2001-10-09 00:00:00-04:00,1.823358667958438,1.825609564781189,1.8143544366340079,1.825609564781189,22800,0.0,0.0
2001-10-10 00:00:00-04:00,1.8278606762817484,1.8323628992828678,1.823358667958438,1.825609564781189,16800,0.0,0.0
2001-10-11 00:00:00-04:00,1.8333044052124023,1.8468843163287278,1.8151977131581045,1.8333044052124023,40400,0.044,0.0
2001-10-12 00:00:00-04:00,1.8400941800037804,1.8400941800037804,1.8038806915283203,1.8038806915283203,22400,0.0,0.0
2001-10-15 00:00:00-04:00,1.812933994083768,1.812933994083768,1.7925639152526855,1.7925639152526855,35600,0.0,0.0
2001-10-16 00:00:00-04:00,1.7857734038776851,1.8016168065310543,1.7857734038776851,1.7948267459869385,27000,0.0,0.0
2001-10-17 00:00:00-04:00,1.8016182540066108,1.8219883440805638,1.7970915793151143,1.8129349946975708,12400,0.0,0.0
2001-10-18 00:00:00-04:00,1.8219870715574908,1.8219870715574908,1.808406949043274,1.808406949043274,13300,0.0,0.0
2001-10-19 00:00:00-04:00,1.8106691200973786,1.8106691200973786,1.7699291037479319,1.7902990579605103,34900,0.0,0.0
2001-10-22 00:00:00-04:00,1.7880380745208289,1.8084080548998422,1.7835114002227783,1.7835114002227783,20900,0.0,0.0
2001-10-23 00:00:00-04:00,1.7812469570400775,1.7857736286645054,1.7767202854156494,1.7767202854156494,17200,0.0,0.0
2001-10-24 00:00:00-04:00,1.7948263430079194,1.7948263430079194,1.7586129827016221,1.7744563817977905,36500,0.0,0.0
2001-10-25 00:00:00-04:00,1.77898300419403,1.77898300419403,1.7608763245257872,1.7631396055221558,41700,0.0,0.0
2001-10-26 00:00:00-04:00,1.7654030572760608,1.7699297273542323,1.7246629186481912,1.7427695989608765,93100,0.0,0.0
2001-10-29 00:00:00-05:00,1.7450328140430578,1.7540861532970975,1.7450328140430578,1.7472960948944092,12800,0.0,0.0
2001-10-30 00:00:00-05:00,1.7518228671189953,1.7540862560272217,1.749559586135092,1.7540862560272217,21400,0.0,0.0
2001-10-31 00:00:00-05:00,1.7586123537128324,1.7744557471424212,1.7495590168742925,1.772192358970642,29100,0.0,0.0
2001-11-01 00:00:00-05:00,1.7903013603738032,1.8106714487075806,1.7789847285740379,1.8106714487075806,46900,0.0,0.0
2001-11-02 00:00:00-05:00,1.8265149108476226,1.833305084771524,1.8129349946975708,1.8129349946975708,28600,0.0,0.0
2001-11-05 00:00:00-05:00,1.8242500937842998,1.8242500937842998,1.8038799141166046,1.8151967525482178,18600,0.0,0.0
2001-11-06 00:00:00-05:00,1.8174606260417359,1.819724016184766,1.801617326738053,1.8061439990997314,23800,0.0,0.0
2001-11-07 00:00:00-05:00,1.8174601012600722,1.819723490749561,1.7948267459869385,1.7948267459869385,43300,0.0,0.0
2001-11-08 00:00:00-05:00,1.8061439990997314,1.81519745174747,1.7993539365950229,1.8061439990997314,57100,0.0,0.0
2001-11-09 00:00:00-05:00,1.8061445742910214,1.8219879865646362,1.8016179004877624,1.8219879865646362,32200,0.0,0.0
2001-11-12 00:00:00-05:00,1.8197245957007984,1.8219879865646362,1.8061445742910214,1.8219879865646362,86300,0.0,0.0
2001-11-13 00:00:00-05:00,1.8069676375855768,1.8092433590211427,1.7773824993004024,1.8024160861968994,94800,0.044,0.0
2001-11-14 00:00:00-05:00,1.8069673827479944,1.8092431038626144,1.791036900875536,1.8046915531158447,37900,0.0,0.0
2001-11-15 00:00:00-05:00,1.7978636068699094,1.8069667049488465,1.7887605087909724,1.7955877780914307,31400,0.0,0.0
2001-11-16 00:00:00-05:00,1.7773816585540771,1.795587855496796,1.7705543889593043,1.7773816585540771,38200,0.0,0.0
2001-11-19 00:00:00-05:00,1.779657546009048,1.7955879145995368,1.7591755195155656,1.763727068901062,26200,0.0,0.0
2001-11-20 00:00:00-05:00,1.7842103697917508,1.7842103697917508,1.7432462875456176,1.7751072645187378,30500,0.0,0.0
2001-11-21 00:00:00-05:00,1.7933131541563938,1.7933131541563938,1.740970253944397,1.740970253944397,26900,0.0,0.0
2001-11-23 00:00:00-05:00,1.7341431822726046,1.7773829865782038,1.7341431822726046,1.7751072645187378,26100,0.0,0.0
2001-11-26 00:00:00-05:00,1.7614525508901346,1.7751073177265224,1.734143234252515,1.7386947870254517,48500,0.0,0.0
2001-11-27 00:00:00-05:00,1.7318659126544158,1.7523478269577026,1.7250385355416684,1.7523478269577026,47900,0.0,0.0
2001-11-28 00:00:00-05:00,1.734142833999049,1.7591764227310451,1.715936627109435,1.7477974891662598,36500,0.0,0.0
2001-11-29 00:00:00-05:00,1.7682786359490816,1.7705544649233107,1.7159357632342955,1.7318662405014038,64300,0.0,0.0
2001-11-30 00:00:00-05:00,1.7182098350253403,1.750070648458561,1.713658290249166,1.7250370979309082,62700,0.0,0.0
2001-12-03 00:00:00-05:00,1.7364197092549487,1.7409712637168933,1.7091103824832812,1.7295923233032227,47000,0.0,0.0
2001-12-04 00:00:00-05:00,1.7136613010330892,1.7432463397983882,1.7136613010330892,1.7386947870254517,54900,0.0,0.0
2001-12-05 00:00:00-05:00,1.73186602400283,1.7386932930370516,1.6726957802796592,1.6954535245895386,192700,0.0,0.0
2001-12-06 00:00:00-05:00,1.7068329107015474,1.7068329107015474,1.6817993309596875,1.7000055313110352,47900,0.0,0.0
2001-12-07 00:00:00-05:00,1.7022816837341026,1.7045574049512326,1.6817996501922607,1.6817996501922607,49900,0.0,0.0
2001-12-10 00:00:00-05:00,1.7000050734515144,1.7068324510032205,1.6863504268655867,1.6954535245895386,42300,0.0,0.0
2001-12-11 00:00:00-05:00,1.6954545918975672,1.7068335254744178,1.6886273185654992,1.6977304220199585,74800,0.0,0.0
2001-12-12 00:00:00-05:00,1.6823945056801803,1.7121511697769165,1.6823945056801803,1.7121511697769165,32000,0.043,0.0
2001-12-13 00:00:00-05:00,1.693838266628597,1.6961271804734328,1.6846823929560064,1.6869713068008423,30400,0.0,0.0
2001-12-14 00:00:00-05:00,1.686971221493799,1.6938381809743044,1.6823932848890017,1.6892602443695068,29600,0.0,0.0
2001-12-17 00:00:00-05:00,1.6755267453105773,1.7235951431493761,1.6755267453105773,1.705283284187317,68800,0.0,0.0
2001-12-18 00:00:00-05:00,1.7098606262361213,1.7098606262361213,1.6892599694406214,1.6961268186569214,68200,0.0,0.0
2001-12-19 00:00:00-05:00,1.6892609747905485,1.7121506677118299,1.6892609747905485,1.7007057666778564,44200,0.0,0.0
2001-12-20 00:00:00-05:00,1.7121503472536626,1.7144392615440487,1.6938385963439941,1.6938385963439941,24000,0.0,0.0
2001-12-21 00:00:00-05:00,1.693838266628597,1.7144389278186136,1.6595036857830707,1.6869713068008423,79300,0.0,0.0
2001-12-24 00:00:00-05:00,1.6846827208891602,1.7029944717988283,1.6617930322520746,1.6938385963439941,43600,0.0,0.0
2001-12-26 00:00:00-05:00,1.6938379053003547,1.6984158411600883,1.6640812676387877,1.6961268186569214,67000,0.0,0.0
2001-12-27 00:00:00-05:00,1.6961274092796066,1.7075723074875637,1.6869715343718963,1.705283284187317,58000,0.0,0.0
2001-12-28 00:00:00-05:00,1.7098621452402305,1.7121511697769165,1.6709497104368414,1.7121511697769165,89400,0.0,0.0
2001-12-31 00:00:00-05:00,1.7167295158446798,1.751064127990918,1.712151574834963,1.7464861869812012,110700,0.0,0.0
2002-01-02 00:00:00-05:00,1.74419507145478,1.787685513496399,1.7258833293628546,1.787685513496399,57500,0.0,0.0
2002-01-03 00:00:00-05:00,1.7853971425690742,1.7853971425690742,1.7670852857688788,1.7739522457122803,35100,0.0,0.0
2002-01-04 00:00:00-05:00,1.7647963718854953,1.7762412687422893,1.7556404980587104,1.7739522457122803,35200,0.0,0.0
2002-01-07 00:00:00-05:00,1.7739526302642667,1.7853975296020508,1.7419070649237807,1.7853975296020508,54400,0.0,0.0
2002-01-08 00:00:00-05:00,1.7693737714044737,1.7968413845423616,1.7647958358814924,1.787685513496399,18600,0.0,0.0
2002-01-09 00:00:00-05:00,1.7968423134574951,1.8151540650160627,1.7785305618989276,1.7945533990859985,31200,0.0,0.0
2002-01-10 00:00:00-05:00,1.7968411787536809,1.8105749837497191,1.7876853087563218,1.8082860708236694,27500,0.0,0.0
2002-01-11 00:00:00-05:00,1.8227859994256659,1.8227859994256659,1.7974694967269897,1.7974694967269897,17800,0.043,0.0
2002-01-14 00:00:00-05:00,1.7905661206505268,1.8227870732295088,1.7905661206505268,1.811279535293579,32200,0.0,0.0
2002-01-15 00:00:00-05:00,1.8204854241073007,1.8365959544047494,1.813580989511258,1.8296914100646973,72500,0.0,0.0
2002-01-16 00:00:00-05:00,1.8342942225620018,1.8411987662226963,1.8342942225620018,1.8365957736968994,27200,0.0,0.0
2002-01-17 00:00:00-05:00,1.84810329745738,1.84810329745738,1.834294319152832,1.834294319152832,61600,0.0,0.0
2002-01-18 00:00:00-05:00,1.843500282930685,1.8527062678103592,1.8365957393989314,1.8481031656265259,58300,0.0,0.0
2002-01-22 00:00:00-05:00,1.834294211756604,1.848103189252649,1.820485234260559,1.820485234260559,49600,0.0,0.0
2002-01-23 00:00:00-05:00,1.8342944030433956,1.8411989473834476,1.827389968447353,1.8296914100646973,28600,0.0,0.0
2002-01-24 00:00:00-05:00,1.8296916509304866,1.8296916509304866,1.8135812282562256,1.8135812282562256,24200,0.0,0.0
2002-01-25 00:00:00-05:00,1.8089776039123535,1.8158820370098592,1.8089776039123535,1.8089776039123535,14700,0.0,0.0
2002-01-28 00:00:00-05:00,1.8227865798513503,1.8227865798513503,1.8089776039123535,1.8089776039123535,20100,0.0,0.0
2002-01-29 00:00:00-05:00,1.8066766830072398,1.818184221840875,1.8020736894225904,1.8135812282562256,21600,0.0,0.0
2002-01-30 00:00:00-05:00,1.831992961426051,1.845802050106155,1.8296914100646973,1.8296914100646973,39800,0.0,0.0
2002-01-31 00:00:00-05:00,1.8411987662226963,1.8411987662226963,1.8296912300362052,1.8365957736968994,29400,0.0,0.0
2002-02-01 00:00:00-05:00,1.841198444366455,1.841198444366455,1.820484926749259,1.841198444366455,42900,0.0,0.0
2002-02-04 00:00:00-05:00,1.8411980938803179,1.8688160389499726,1.8365951030353753,1.8573085069656372,52600,0.0,0.0
2002-02-05 00:00:00-05:00,1.85730841133376,1.8665143925496335,1.85730841133376,1.8596099615097046,10300,0.0,0.0
2002-02-06 00:00:00-05:00,1.868816587514962,1.868816587514962,1.8619121540928276,1.8642137050628662,11900,0.0,0.0
2002-02-07 00:00:00-05:00,1.8734207988277527,1.8734207988277527,1.8527072668075562,1.8527072668075562,39500,0.0,0.0
2002-02-08 00:00:00-05:00,1.864214022020948,1.864214022020948,1.8181839824899564,1.8296914100646973,44800,0.0,0.0
2002-02-11 00:00:00-05:00,1.8250851954378757,1.8342911651448555,1.808974803322569,1.815879225730896,37400,0.0,0.0
2002-02-12 00:00:00-05:00,1.820484542511384,1.8227860927581787,1.8181831020085453,1.8227860927581787,17400,0.0,0.0
2002-02-13 00:00:00-05:00,1.8121396246482804,1.8237114417304612,1.8051966226845928,1.8190827369689941,37200,0.044,0.0
2002-02-14 00:00:00-05:00,1.8075114411883082,1.8190832616078993,1.805197143318625,1.8144545555114746,25200,0.0,0.0
2002-02-15 00:00:00-05:00,1.8190829819921905,1.8190829819921905,1.812139868736267,1.812139868736267,23700,0.0,0.0
2002-02-19 00:00:00-05:00,1.8283406496047974,1.835283653479023,1.8283406496047974,1.8283406496047974,41400,0.0,0.0
2002-02-20 00:00:00-05:00,1.8329693556399667,1.8329693556399667,1.8121401233031762,1.8283406496047974,28800,0.0,0.0
2002-02-21 00:00:00-05:00,1.8121413202659742,1.830656156636145,1.805198311805725,1.805198311805725,48600,0.0,0.0
2002-02-22 00:00:00-05:00,1.798253247362014,1.8283398790897711,1.7843671351085133,1.80982506275177,54400,0.0,0.0
2002-02-25 00:00:00-05:00,1.823711125741343,1.8445402383804321,1.823711125741343,1.8445402383804321,39500,0.0,0.0
2002-02-26 00:00:00-05:00,1.8399138450622559,1.8514856746718131,1.837599545354632,1.8399138450622559,20900,0.0,0.0
2002-02-27 00:00:00-05:00,1.863055920318275,1.865370328415344,1.853798508644104,1.853798508644104,33700,0.0,0.0
2002-02-28 00:00:00-05:00,1.853798110259305,1.8561125178590032,1.851483702659607,1.851483702659607,26500,0.0,0.0
2002-03-01 00:00:00-05:00,1.8352837562561035,1.8468555771705848,1.8352837562561035,1.8352837562561035,19600,0.0,0.0
2002-03-04 00:00:00-05:00,1.8283409189906727,1.8352839238878735,1.8283409189906727,1.8306552171707153,48500,0.0,0.0
2002-03-05 00:00:00-05:00,1.8237125873565674,1.8352843013508815,1.8237125873565674,1.8237125873565674,25800,0.0,0.0
2002-03-06 00:00:00-05:00,1.826026776277939,1.8352841910599063,1.8167693614959717,1.8167693614959717,21900,0.0,0.0
2002-03-07 00:00:00-05:00,1.812140147284733,1.8306549716704323,1.8075114411883082,1.8144545555114746,52400,0.0,0.0
2002-03-08 00:00:00-05:00,1.8121405188693973,1.8121405188693973,1.7843682765960693,1.7843682765960693,78800,0.0,0.0
2002-03-11 00:00:00-05:00,1.7727971970730223,1.7936264426895037,1.761225479786076,1.7704828977584839,49200,0.0,0.0
2002-03-12 00:00:00-05:00,1.7820534630931661,1.7982539892511245,1.7820534630931661,1.7889965772628784,58100,0.0,0.0
2002-03-13 00:00:00-05:00,1.7829452977461118,1.7852729558944702,1.7689796818225083,1.7852729558944702,25500,0.044,0.0
2002-03-14 00:00:00-05:00,1.789927181265685,1.7945823840249555,1.768978713354574,1.7829443216323853,81900,0.0,0.0
2002-03-15 00:00:00-05:00,1.7782900924382439,1.7876005030539794,1.7689796818225083,1.7852729558944702,27400,0.0,0.0
2002-03-18 00:00:00-05:00,1.7876002109685691,1.7876002109685691,1.7573414369059934,1.7643241882324219,77000,0.0,0.0
2002-03-19 00:00:00-05:00,1.7736346651408326,1.7876002793164885,1.7457034367895206,1.7573415040969849,55100,0.0,0.0
2002-03-20 00:00:00-05:00,1.7573405255241932,1.7573405255241932,1.710788393205666,1.7131160497665405,45300,0.0,0.0
2002-03-21 00:00:00-05:00,1.6991526743325434,1.7084630908229474,1.6921698064702806,1.6944974660873413,32300,0.0,0.0
2002-03-22 00:00:00-05:00,1.6944960731237315,1.7154444375120397,1.6944960731237315,1.6991512775421143,43200,0.0,0.0
2002-03-25 00:00:00-05:00,1.7107897272839856,1.7177725914230912,1.699151768370623,1.7014793157577515,52800,0.0,0.0
2002-03-26 00:00:00-05:00,1.7084622161493792,1.7154449694477945,1.706134557723999,1.706134557723999,30100,0.0,0.0
2002-03-27 00:00:00-05:00,1.7177712518995158,1.7224264540324912,1.708460847633565,1.7131160497665405,36900,0.0,0.0
2002-03-28 00:00:00-05:00,1.7224262586682926,1.7457022666931152,1.7224262586682926,1.7457022666931152,46300,0.0,0.0
2002-04-01 00:00:00-05:00,1.7503586415147392,1.7573415040969849,1.7457034367895206,1.7573415040969849,23400,0.0,0.0
2002-04-02 00:00:00-05:00,1.7573417109288798,1.7806177372944656,1.7573417109288798,1.7689796686172485,47800,0.0,0.0
2002-04-03 00:00:00-05:00,1.768980355984572,1.78061842918396,1.768980355984572,1.78061842918396,8200,0.0,0.0
2002-04-04 00:00:00-05:00,1.7806179161211917,1.7852731218618292,1.7759627103805542,1.7759627103805542,21200,0.0,0.0
2002-04-05 00:00:00-05:00,1.7736348871303762,1.7876005030539794,1.7736348871303762,1.7852729558944702,18000,0.0,0.0
2002-04-08 00:00:00-04:00,1.794582705363323,1.794582705363323,1.7782894372940063,1.7782894372940063,14700,0.0,0.0
2002-04-09 00:00:00-04:00,1.7782893988198736,1.7875998058041027,1.7736341953277588,1.7736341953277588,25000,0.0,0.0
2002-04-10 00:00:00-04:00,1.7782905577853254,1.780618216542791,1.7457041121029562,1.7526869773864746,39700,0.0,0.0
2002-04-11 00:00:00-04:00,1.7629883980626908,1.7653296259972275,1.746599355956071,1.7606470584869385,20600,0.044,0.0
2002-04-12 00:00:00-04:00,1.7465989584800208,1.7676705633016339,1.7465989584800208,1.7583054304122925,35700,0.0,0.0
2002-04-15 00:00:00-04:00,1.7653306722640991,1.7676720132275052,1.760648101978569,1.7653306722640991,21000,0.0,0.0
2002-04-16 00:00:00-04:00,1.7653306722640991,1.7746958128351595,1.760648101978569,1.7653306722640991,38400,0.0,0.0
2002-04-17 00:00:00-04:00,1.7583044247857589,1.7583044247857589,1.7489391856114858,1.7559630870819092,34300,0.0,0.0
2002-04-18 00:00:00-04:00,1.748940110206604,1.7653291478744069,1.748940110206604,1.748940110206604,38100,0.0,0.0
2002-04-19 00:00:00-04:00,1.7559640913693622,1.7629879968569633,1.7465989584800208,1.7583054304122925,27700,0.0,0.0
2002-04-22 00:00:00-04:00,1.7606466578140327,1.7629879968569633,1.7512815249246914,1.7583054304122925,18500,0.0,0.0
2002-04-23 00:00:00-04:00,1.7512814238335639,1.767670461264464,1.7512814238335639,1.7536226511001587,35700,0.0,0.0
2002-04-24 00:00:00-04:00,1.7629879205739696,1.7653291478744069,1.744257543964544,1.748940110206604,58600,0.0,0.0
2002-04-25 00:00:00-04:00,1.7629879968569633,1.7676705633016339,1.7536227523264316,1.7583054304122925,31800,0.0,0.0
2002-04-26 00:00:00-04:00,1.7723535991463615,1.7746948271681655,1.7606471241136812,1.7700122594833374,16400,0.0,0.0
2002-04-29 00:00:00-04:00,1.7770354498751586,1.7817180156707764,1.7723528840795408,1.7817180156707764,24600,0.0,0.0
2002-04-30 00:00:00-04:00,1.7887418085436155,1.8027895059304688,1.7817180156707764,1.7817180156707764,40700,0.0,0.0
2002-05-01 00:00:00-04:00,1.800446889230774,1.800446889230774,1.7934229901379517,1.7957643270492554,13800,0.0,0.0
2002-05-02 00:00:00-04:00,1.7957643270492554,1.7957643270492554,1.7910817648677368,1.7957643270492554,24700,0.0,0.0
2002-05-03 00:00:00-04:00,1.7910831160477863,1.80278947451223,1.7817179846197622,1.7981069087982178,24200,0.0,0.0
2002-05-06 00:00:00-04:00,1.7981069087982178,1.80278947451223,1.7887417773701937,1.7981069087982178,28300,0.0,0.0
2002-05-07 00:00:00-04:00,1.8051313161849976,1.814496450222592,1.7934248428174024,1.8051313161849976,33400,0.0,0.0
2002-05-08 00:00:00-04:00,1.8051312767126952,1.8051312767126952,1.7793771028518677,1.7793771028518677,18000,0.0,0.0
2002-05-09 00:00:00-04:00,1.791083147262012,1.7934243743392333,1.7746941111567622,1.7817180156707764,30100,0.0,0.0
2002-05-10 00:00:00-04:00,1.7864004826353186,1.8004481792449951,1.7864004826353186,1.8004481792449951,18400,0.0,0.0
2002-05-13 00:00:00-04:00,1.782551663012679,1.808453917503357,1.782551663012679,1.808453917503357,24100,0.044,0.0
2002-05-14 00:00:00-04:00,1.8013897648466897,1.8084539754674402,1.7966802536716548,1.7990349531173706,16700,0.0,0.0
2002-05-15 00:00:00-04:00,1.8060998948358533,1.8060998948358533,1.7872618436813354,1.7872618436813354,36500,0.0,0.0
2002-05-16 00:00:00-04:00,1.7990348954551831,1.808453917503357,1.7990348954551831,1.808453917503357,16900,0.0,0.0
2002-05-17 00:00:00-04:00,1.7849065257128114,1.7990350600779195,1.7849065257128114,1.7919708490371704,19900,0.0,0.0
2002-05-20 00:00:00-04:00,1.7919724995573503,1.7990367171046913,1.777843952178955,1.777843952178955,16900,0.0,0.0
2002-05-21 00:00:00-04:00,1.79197100954633,1.7990352212198295,1.775487661835464,1.7943257093429565,36300,0.0,0.0
2002-05-22 00:00:00-04:00,1.7990347717131154,1.8013895832049889,1.7896157503128052,1.7896157503128052,16000,0.0,0.0
2002-05-23 00:00:00-04:00,1.8013895832049889,1.8013895832049889,1.7801967289124951,1.7896157503128052,26300,0.0,0.0
2002-05-24 00:00:00-04:00,1.7919713564699649,1.801390382047224,1.7849070311451998,1.7872618436813354,6700,0.0,0.0
2002-05-28 00:00:00-04:00,1.7896158320615705,1.8060991764068604,1.7896158320615705,1.8060991764068604,22200,0.0,0.0
2002-05-29 00:00:00-04:00,1.8061000774714602,1.8225833177566528,1.8013905642065975,1.8225833177566528,37900,0.0,0.0
2002-05-30 00:00:00-04:00,1.8249372156782098,1.8414205599838498,1.8155181938703002,1.836711049079895,28900,0.0,0.0
2002-05-31 00:00:00-04:00,1.8437761377892927,1.846130950505055,1.8390666246414185,1.8390666246414185,18400,0.0,0.0
2002-06-03 00:00:00-04:00,1.8437761377892927,1.846130950505055,1.8343571114935444,1.8390666246414185,15300,0.0,0.0
2002-06-04 00:00:00-04:00,1.8461300552721165,1.848484754562378,1.8367110335438788,1.848484754562378,22800,0.0,0.0
2002-06-05 00:00:00-04:00,1.8390672026675625,1.8579052611799358,1.8390672026675625,1.8508410453796387,28900,0.0,0.0
2002-06-06 00:00:00-04:00,1.8602583408355713,1.8626130398131457,1.8531940193356862,1.8602583408355713,13000,0.0,0.0
2002-06-07 00:00:00-04:00,1.8602598753848847,1.8626145763048783,1.8531955480575562,1.8531955480575562,29200,0.0,0.0
2002-06-10 00:00:00-04:00,1.850839792572049,1.8626135150309713,1.8367112582511766,1.8414207696914673,23900,0.0,0.0
2002-06-11 00:00:00-04:00,1.841421437357181,1.850840463652929,1.8343571114935444,1.8390666246414185,40800,0.0,0.0
2002-06-12 00:00:00-04:00,1.8376464031163182,1.8447506427764893,1.825805853122895,1.8447506427764893,31900,0.044,0.0
2002-06-13 00:00:00-04:00,1.851854681968689,1.856590878580585,1.837646092133001,1.851854681968689,20000,0.0,0.0
2002-06-14 00:00:00-04:00,1.8684319257736206,1.870800081315325,1.8471190904976367,1.8684319257736206,9800,0.0,0.0
2002-06-17 00:00:00-04:00,1.8707972885356143,1.8707972885356143,1.8589567543427226,1.8613249063491821,12600,0.0,0.0
2002-06-18 00:00:00-04:00,1.8613249063491821,1.8684291365291548,1.8613249063491821,1.8613249063491821,32700,0.0,0.0
2002-06-19 00:00:00-04:00,1.880271889500495,1.880271889500495,1.8636951446533203,1.8636951446533203,12000,0.0,0.0
2002-06-20 00:00:00-04:00,1.8589576482772827,1.8684300350187912,1.8518534146810297,1.8589576482772827,41400,0.0,0.0
2002-06-21 00:00:00-04:00,1.851854995356514,1.8565911927699126,1.8376464031163182,1.8447506427764893,20200,0.0,0.0
2002-06-24 00:00:00-04:00,1.8471190496694254,1.849487092238916,1.8376466535517253,1.8400146961212158,18100,0.0,0.0
2002-06-25 00:00:00-04:00,1.8471172378828327,1.8589576649560735,1.8400128913030818,1.8494852781295776,17300,0.0,0.0
2002-06-26 00:00:00-04:00,1.8589592350166853,1.8589592350166853,1.8447506427764893,1.8447506427764893,21200,0.0,0.0
2002-06-27 00:00:00-04:00,1.861325809751229,1.861325809751229,1.8518534229673353,1.8542214632034302,21800,0.0,0.0
2002-06-28 00:00:00-04:00,1.8589581734116025,1.8660625219345093,1.849485783994253,1.8660625219345093,15500,0.0,0.0
2002-07-01 00:00:00-04:00,1.8684300433792707,1.8684300433792707,1.8542214632034302,1.8542214632034302,28500,0.0,0.0
2002-07-02 00:00:00-04:00,1.8731662367712174,1.8731662367712174,1.8518534229673353,1.8542214632034302,30300,0.0,0.0
2002-07-03 00:00:00-04:00,1.8779047092654666,1.8802728652954102,1.8636961118454884,1.8802728652954102,25400,0.0,0.0
2002-07-05 00:00:00-04:00,1.8802712678889308,1.882639308987183,1.8731669187545776,1.8731669187545776,4400,0.0,0.0
2002-07-08 00:00:00-04:00,1.8826377098088032,1.8826377098088032,1.8613249063491821,1.8613249063491821,27200,0.0,0.0
2002-07-09 00:00:00-04:00,1.861327219109508,1.8897444009780884,1.861327219109508,1.8897444009780884,22300,0.0,0.0
2002-07-10 00:00:00-04:00,1.889744355915678,1.889744355915678,1.870799568455044,1.88264000415802,29900,0.0,0.0
2002-07-11 00:00:00-04:00,1.890495927582358,1.8928768457663705,1.8714481279748931,1.8809720277786255,26700,0.043,0.0
2002-07-12 00:00:00-04:00,1.8690670962570393,1.8857339776804918,1.8690670962570393,1.8809720277786255,14200,0.0,0.0
2002-07-15 00:00:00-04:00,1.8690670962570393,1.890495927582358,1.8690670962570393,1.8809720277786255,33600,0.0,0.0
2002-07-16 00:00:00-04:00,1.8690670962570393,1.8857339776804918,1.8690670962570393,1.8809720277786255,13200,0.0,0.0
2002-07-17 00:00:00-04:00,1.8809732012791658,1.8928780266940868,1.8809732012791658,1.8857351541519165,17500,0.0,0.0
2002-07-18 00:00:00-04:00,1.892877680223908,1.9000206649925464,1.892877680223908,1.8976396322250366,34100,0.0,0.0
2002-07-19 00:00:00-04:00,1.8881149449444723,1.9047818268011665,1.878591044893174,1.8833529949188232,49300,0.0,0.0
2002-07-22 00:00:00-04:00,1.8785909960607718,1.890495927582358,1.8785909960607718,1.8809720277786255,27100,0.0,0.0
2002-07-23 00:00:00-04:00,1.8785914857170034,1.8833534368600757,1.8595436811447144,1.8595436811447144,23000,0.0,0.0
2002-07-24 00:00:00-04:00,1.8833528176887948,1.8833528176887948,1.857162151779279,1.864305019378662,32100,0.0,0.0
2002-07-25 00:00:00-04:00,1.8785911793823644,1.8785911793823644,1.861924409866333,1.861924409866333,13800,0.0,0.0
2002-07-26 00:00:00-04:00,1.8690672162121442,1.8762101982902946,1.785733030814249,1.8262096643447876,94900,0.0,0.0
2002-07-29 00:00:00-04:00,1.821447461114629,1.8452572088445665,1.821447461114629,1.830971360206604,19000,0.0,0.0
2002-07-30 00:00:00-04:00,1.833354588723599,1.833354588723599,1.8214497566223145,1.8214497566223145,23200,0.0,0.0
2002-07-31 00:00:00-04:00,1.8428780040327515,1.8428780040327515,1.8381160497665405,1.8381160497665405,28400,0.0,0.0
2002-08-01 00:00:00-04:00,1.8524008111970414,1.8595436811447144,1.847638860053969,1.8595436811447144,24600,0.0,0.0
2002-08-02 00:00:00-04:00,1.8666872080054373,1.878592032561591,1.8666872080054373,1.8738300800323486,17000,0.0,0.0
2002-08-05 00:00:00-04:00,1.8833541209485851,1.8928780266940868,1.8738302152030835,1.8857351541519165,31400,0.0,0.0
2002-08-06 00:00:00-04:00,1.8928774802384367,1.8952585127543866,1.8643057712503113,1.8714487552642822,50900,0.0,0.0
2002-08-07 00:00:00-04:00,1.8762099500894118,1.8785908681112615,1.864305019378662,1.864305019378662,37800,0.0,0.0
2002-08-08 00:00:00-04:00,1.880971899666945,1.880971899666945,1.864305019378662,1.864305019378662,13200,0.0,0.0
2002-08-09 00:00:00-04:00,1.878591625744374,1.878591625744374,1.8643057712503113,1.8714487552642822,22600,0.0,0.0
2002-08-12 00:00:00-04:00,1.8785906536203663,1.8785906536203663,1.8643048065188748,1.8762097358703613,11300,0.0,0.0
2002-08-13 00:00:00-04:00,1.8865070102216748,1.8912950944442908,1.8745367425866681,1.8889009952545166,24500,0.043,0.0
2002-08-14 00:00:00-04:00,1.9008713527306496,1.9080534223255545,1.9008713527306496,1.9056594371795654,15800,0.0,0.0
2002-08-15 00:00:00-04:00,1.893686231733819,1.9176267310018824,1.8865041732788086,1.8865041732788086,15300,0.0,0.0
2002-08-16 00:00:00-04:00,1.8865043444747798,1.8984744810383132,1.874534093754475,1.8793221712112427,17500,0.0,0.0
2002-08-19 00:00:00-04:00,1.8984744810383132,1.8984744810383132,1.872140112104477,1.8793221712112427,33300,0.0,0.0
2002-08-20 00:00:00-04:00,1.8817160886030413,1.884110070026054,1.8434113584239933,1.8553816080093384,29300,0.0,0.0
2002-08-21 00:00:00-04:00,1.8769295969602495,1.8769295969602495,1.8482009965209865,1.8529890775680542,34700,0.0,0.0
2002-08-22 00:00:00-04:00,1.8673534969419843,1.876929659354457,1.8601713180541992,1.8601713180541992,21600,0.0,0.0
2002-08-23 00:00:00-04:00,1.8745347476752499,1.8769288443171863,1.862564606936001,1.8721407651901245,19700,0.0,0.0
2002-08-26 00:00:00-04:00,1.8769305600130364,1.8769305600130364,1.8577782259977058,1.867354393005371,20100,0.0,0.0
2002-08-27 00:00:00-04:00,1.8745356607674013,1.8745356607674013,1.8482011556625366,1.8482011556625366,29700,0.0,0.0
2002-08-28 00:00:00-04:00,1.8458060026168823,1.8673524126118544,1.8434119063255325,1.8458060026168823,44400,0.0,0.0
2002-08-29 00:00:00-04:00,1.855381883025615,1.8649580384506246,1.8505938053131104,1.8505938053131104,33600,0.0,0.0
2002-08-30 00:00:00-04:00,1.869746303410176,1.869746303410176,1.857776165008545,1.857776165008545,19700,0.0,0.0
2002-09-03 00:00:00-04:00,1.8721423265800483,1.8865065759411956,1.869748227941404,1.8841124773025513,22000,0.0,0.0
2002-09-04 00:00:00-04:00,1.8865070102216748,1.896083178666907,1.8865070102216748,1.8889009952545166,30700,0.0,0.0
2002-09-05 00:00:00-04:00,1.891294484854463,1.8960825675338153,1.8769302368164062,1.8769302368164062,31200,0.0,0.0
2002-09-06 00:00:00-04:00,1.8912932449188735,1.8912932449188735,1.8649587503689349,1.8817170858383179,43200,0.0,0.0
2002-09-09 00:00:00-04:00,1.874534093754475,1.8912924219315475,1.874534093754475,1.8793221712112427,25100,0.0,0.0
2002-09-10 00:00:00-04:00,1.8960827421819606,1.8960827421819606,1.8841124773025513,1.8841124773025513,16200,0.0,0.0
2002-09-11 00:00:00-04:00,1.8841107332257694,1.8936868906021118,1.8817167509600843,1.8936868906021118,14000,0.0,0.0
2002-09-12 00:00:00-04:00,1.9016312626046443,1.9136668344934245,1.8727457523345947,1.8727457523345947,29200,0.043,0.0
2002-09-13 00:00:00-04:00,1.8727465081022951,1.901632030029419,1.8727465081022951,1.887189269065857,9900,0.0,0.0
2002-09-16 00:00:00-04:00,1.9088514309182312,1.9088514309182312,1.8727446222591082,1.8895944356918335,35500,0.0,0.0
2002-09-17 00:00:00-04:00,1.8895958314277952,1.892003014999516,1.8558960648895162,1.8775602579116821,46600,0.0,0.0
2002-09-18 00:00:00-04:00,1.877561277642066,1.8847826027175727,1.8558970728537607,1.8583041429519653,54000,0.0,0.0
2002-09-19 00:00:00-04:00,1.8655255828083648,1.8751540927629688,1.8583041429519653,1.8583041429519653,49600,0.0,0.0
2002-09-20 00:00:00-04:00,1.877559635061565,1.877559635061565,1.858302517218528,1.8703382015228271,21600,0.0,0.0
2002-09-23 00:00:00-04:00,1.887189269065857,1.887189269065857,1.8727465081022951,1.887189269065857,18400,0.0,0.0
2002-09-24 00:00:00-04:00,1.884781593880001,1.8920030298710953,1.8799673414795486,1.8823745250701904,30300,0.0,0.0
2002-09-25 00:00:00-04:00,1.8920030298710953,1.8920030298710953,1.8823745250701904,1.8823745250701904,19400,0.0,0.0
2002-09-26 00:00:00-04:00,1.882373119872307,1.8992229333050323,1.882373119872307,1.8895944356918335,30700,0.0,0.0
2002-09-27 00:00:00-04:00,1.8823750154113363,1.899224845811728,1.8775607617568157,1.887189269065857,37000,0.0,0.0
2002-09-30 00:00:00-04:00,1.9064462047873794,1.9088532741245947,1.8944105137587335,1.9016319513320923,41000,0.0,0.0
2002-10-01 00:00:00-04:00,1.9088511009520166,1.9184795969008226,1.894408357028808,1.896815538406372,26200,0.0,0.0
2002-10-02 00:00:00-04:00,1.9064462047873794,1.9208889651532406,1.8944105137587335,1.9016319513320923,30400,0.0,0.0
2002-10-03 00:00:00-04:00,1.901630527260589,1.9088518446452731,1.901630527260589,1.904037594795227,27100,0.0,0.0
2002-10-04 00:00:00-04:00,1.913666464387486,1.913666464387486,1.901630894826403,1.9064451456069946,23400,0.0,0.0
2002-10-07 00:00:00-04:00,1.911260039472905,1.911260039472905,1.8823745250701904,1.8823745250701904,31300,0.0,0.0
2002-10-08 00:00:00-04:00,1.9064455355674876,1.9064455355674876,1.8799670934677124,1.8799670934677124,30800,0.0,0.0
2002-10-09 00:00:00-04:00,1.8968177763748983,1.8968177763748983,1.8823750154113363,1.887189269065857,20600,0.0,0.0
2002-10-10 00:00:00-04:00,1.9096965661985905,1.9096965661985905,1.8685497262181416,1.875810980796814,29900,0.043,0.0
2002-10-11 00:00:00-04:00,1.8830758939014707,1.8830758939014707,1.8516105886178664,1.8637125492095947,33400,0.0,0.0
2002-10-14 00:00:00-04:00,1.8540286192974782,1.8661306801903499,1.8516082763671875,1.8516082763671875,17900,0.0,0.0
2002-10-15 00:00:00-04:00,1.8274057189211799,1.8395076739957261,1.815303648432736,1.8177241086959839,30100,0.0,0.0
2002-10-16 00:00:00-04:00,1.7910985460376931,1.8128820982408769,1.7717353372287175,1.7862577438354492,58100,0.0,0.0
2002-10-17 00:00:00-04:00,1.7862566477002992,1.79109744693199,1.7451097965240479,1.7451097965240479,36000,0.0,0.0
2002-10-18 00:00:00-04:00,1.7451108425263695,1.7620537076995535,1.7257476339934887,1.730588436126709,34000,0.0,0.0
2002-10-21 00:00:00-04:00,1.7305879473883452,1.7305879473883452,1.6991226847016605,1.7063839435577393,44800,0.0,0.0
2002-10-22 00:00:00-04:00,1.6821813413653663,1.7160670927014061,1.6821813413653663,1.6991242170333862,87700,0.0,0.0
2002-10-23 00:00:00-04:00,1.7233274837176829,1.7281682867174688,1.7039642717185388,1.7257479429244995,32600,0.0,0.0
2002-10-24 00:00:00-04:00,1.723327111004353,1.7305883716405235,1.7184863090515137,1.7184863090515137,21400,0.0,0.0
2002-10-25 00:00:00-04:00,1.7209068165434374,1.7378495661519966,1.7184863577914569,1.7233271598815918,17000,0.0,0.0
2002-10-28 00:00:00-05:00,1.7209058003655935,1.7547913949874296,1.7184853430428693,1.7451097965240479,65500,0.0,0.0
2002-10-29 00:00:00-05:00,1.7451102555806,1.7547918565907563,1.7209062530552093,1.7378489971160889,27500,0.0,0.0
2002-10-30 00:00:00-05:00,1.723328629589617,1.7354307028428901,1.720908284187317,1.720908284187317,20100,0.0,0.0
2002-10-31 00:00:00-05:00,1.730588436126709,1.7451108425263695,1.7209068318602685,1.730588436126709,59200,0.0,0.0
2002-11-01 00:00:00-05:00,1.7330074168273133,1.7426890134811401,1.7233258201734865,1.7426890134811401,42100,0.0,0.0
2002-11-04 00:00:00-05:00,1.742690383752846,1.7475311858860663,1.7112252275938282,1.730588436126709,73400,0.0,0.0
2002-11-05 00:00:00-05:00,1.706383118300611,1.7451095057003592,1.706383118300611,1.7402687072753906,51100,0.0,0.0
2002-11-06 00:00:00-05:00,1.7330089807510376,1.7402702425010748,1.723327375360215,1.7330089807510376,34500,0.0,0.0
2002-11-07 00:00:00-05:00,1.7402686720245513,1.7547910670052917,1.7330074168273133,1.7426890134811401,30700,0.0,0.0
2002-11-08 00:00:00-05:00,1.742690050234836,1.764473713372258,1.742690050234836,1.762053370475769,19000,0.0,0.0
2002-11-11 00:00:00-05:00,1.7862566034608311,1.7910974025726318,1.7717342061254286,1.7910974025726318,28400,0.0,0.0
2002-11-12 00:00:00-05:00,1.8031990213941498,1.815301074724473,1.7886766266460021,1.805619478225708,47100,0.0,0.0
2002-11-13 00:00:00-05:00,1.8138982978402292,1.8138982978402292,1.7676379053206188,1.8017245531082153,46500,0.044,0.0
2002-11-14 00:00:00-05:00,1.80172527799374,1.80172527799374,1.7822471857070923,1.7822471857070923,11800,0.0,0.0
2002-11-15 00:00:00-05:00,1.7652021072988553,1.7725064429641113,1.7603325888881767,1.7700716257095337,17700,0.0,0.0
2002-11-18 00:00:00-05:00,1.765203267199804,1.765203267199804,1.753029405124522,1.7578989267349243,34000,0.0,0.0
2002-11-19 00:00:00-05:00,1.7457242913560256,1.767637185488049,1.7457242913560256,1.7530285120010376,26200,0.0,0.0
2002-11-20 00:00:00-05:00,1.7579009007197446,1.7579009007197446,1.7311185598373413,1.7311185598373413,33600,0.0,0.0
2002-11-21 00:00:00-05:00,1.7554646195682153,1.7554646195682153,1.718943141210906,1.7408560514450073,49300,0.0,0.0
2002-11-22 00:00:00-05:00,1.723811835866951,1.7335508766041692,1.7043337543925146,1.71163809299469,51100,0.0,0.0
2002-11-25 00:00:00-05:00,1.721377643419016,1.7262471652294542,1.6921603964578287,1.7043342590332031,74300,0.0,0.0
2002-11-26 00:00:00-05:00,1.7165081525688153,1.7359862401618897,1.699464767875595,1.7067691087722778,74800,0.0,0.0
2002-11-27 00:00:00-05:00,1.7311166870398926,1.7311166870398926,1.6970299182682669,1.7043342590332031,45200,0.0,0.0
2002-11-29 00:00:00-05:00,1.7213771337319081,1.7213771337319081,1.6994642340239055,1.71163809299469,15100,0.0,0.0
2002-12-02 00:00:00-05:00,1.723812576515404,1.7359864407167767,1.7116388284126047,1.7335516214370728,46700,0.0,0.0
2002-12-03 00:00:00-05:00,1.7262465400983853,1.7627678824018052,1.7213770200513616,1.7603331804275513,49200,0.0,0.0
2002-12-04 00:00:00-05:00,1.7652021072988553,1.7822454797854683,1.7652021072988553,1.7700716257095337,45100,0.0,0.0
2002-12-05 00:00:00-05:00,1.7773768589275505,1.7773768589275505,1.7700725195736957,1.7749420404434204,30900,0.0,0.0
2002-12-06 00:00:00-05:00,1.7725070385943684,1.7846807806626699,1.7603331804275513,1.7603331804275513,29000,0.0,0.0
2002-12-09 00:00:00-05:00,1.7505938104855316,1.7627675502600493,1.7481589928715318,1.7530285120010376,17200,0.0,0.0
2002-12-10 00:00:00-05:00,1.7530285120010376,1.7578980311305434,1.7505938104855316,1.7530285120010376,25900,0.0,0.0
2002-12-11 00:00:00-05:00,1.7481618465627464,1.7627704277982437,1.721379505680343,1.7311185598373413,48500,0.0,0.0
2002-12-12 00:00:00-05:00,1.7294002794039705,1.7294002794039705,1.7171524720547304,1.726950764656067,35400,0.043,0.0
2002-12-13 00:00:00-05:00,1.7318517114105112,1.7489986828866164,1.717154257228857,1.7220534086227417,94400,0.0,0.0
2002-12-16 00:00:00-05:00,1.7220537691719493,1.7318520740112058,1.7196041345596313,1.7196041345596313,78100,0.0,0.0
2002-12-17 00:00:00-05:00,1.7171552865440853,1.7489997312903758,1.7147056509762653,1.7416510581970215,57400,0.0,0.0
2002-12-18 00:00:00-05:00,1.739199886734637,1.7514478201474313,1.7269520701267926,1.7318512201309204,63600,0.0,0.0
2002-12-19 00:00:00-05:00,1.7294016060989585,1.7294016060989585,1.7073553724309494,1.714704155921936,50800,0.0,0.0
2002-12-20 00:00:00-05:00,1.7049058558039212,1.7294016060989585,1.7049058558039212,1.714704155921936,78300,0.0,0.0
2002-12-23 00:00:00-05:00,1.7122545224899568,1.7391999062169736,1.7122545224899568,1.714704155921936,58900,0.0,0.0
2002-12-24 00:00:00-05:00,1.7147042627481128,1.726952197061154,1.7122546291635212,1.7245025634765625,22400,0.0,0.0
2002-12-26 00:00:00-05:00,1.714705523967788,1.7563483910958126,1.714705523967788,1.7465500831604004,31700,0.0,0.0
2002-12-27 00:00:00-05:00,1.7587975407126166,1.7685958465925182,1.7514488697052002,1.7514488697052002,46200,0.0,0.0
2002-12-30 00:00:00-05:00,1.7612476488110147,1.7734954760492248,1.7489997047677537,1.7538988590240479,61300,0.0,0.0
2002-12-31 00:00:00-05:00,1.773494999532469,1.780843787344905,1.748999234832715,1.7514488697052002,52600,0.0,0.0
2003-01-02 00:00:00-05:00,1.7538975266572563,1.7857420635346555,1.7538975266572563,1.7710446119308472,35000,0.0,0.0
2003-01-03 00:00:00-05:00,1.7538983244581787,1.7881925106048584,1.7538983244581787,1.7881925106048584,34600,0.0,0.0
2003-01-06 00:00:00-05:00,1.7808422949066536,1.795539741409283,1.7734935132528777,1.7906405925750732,33100,0.0,0.0
2003-01-07 00:00:00-05:00,1.7808429194149293,1.7881917036457862,1.7514480161014279,1.7661454677581787,41000,0.0,0.0
2003-01-08 00:00:00-05:00,1.7514479301768011,1.7636957475540773,1.7391999959945679,1.7391999959945679,40600,0.0,0.0
2003-01-09 00:00:00-05:00,1.7514482951390702,1.7514482951390702,1.7171542358096494,1.736750841140747,35800,0.0,0.0
2003-01-10 00:00:00-05:00,1.7196032867181261,1.7440990367387648,1.7196032867181261,1.7318512201309204,58600,0.0,0.0
2003-01-13 00:00:00-05:00,1.7350563455734276,1.754772876258613,1.7301272129021312,1.7523083686828613,52500,0.043,0.0
2003-01-14 00:00:00-05:00,1.7449146109160203,1.7523083686828613,1.7424501033402686,1.7523083686828613,19300,0.0,0.0
2003-01-15 00:00:00-05:00,1.7473805669585696,1.7547742128372192,1.7473805669585696,1.7547742128372192,30000,0.0,0.0
2003-01-16 00:00:00-05:00,1.7498429702620992,1.7868115077188513,1.7449138397691817,1.7794177532196045,50800,0.0,0.0
2003-01-17 00:00:00-05:00,1.7744889566702728,1.7991347312927246,1.7744889566702728,1.7991347312927246,47100,0.0,0.0
2003-01-21 00:00:00-05:00,1.7769534359508008,1.8114573530753517,1.7695596806642346,1.7966699600219727,50300,0.0,0.0
2003-01-22 00:00:00-05:00,1.799134584290746,1.823780239379711,1.7843470737176135,1.7966699600219727,51600,0.0,0.0
2003-01-23 00:00:00-05:00,1.7868115077188513,1.794205262218098,1.774488622726687,1.7794177532196045,29100,0.0,0.0
2003-01-24 00:00:00-05:00,1.7769526021637205,1.7769526021637205,1.7597005929366083,1.7646297216415405,30600,0.0,0.0
2003-01-27 00:00:00-05:00,1.7646308607074785,1.7720246172973824,1.754772596934123,1.7597017288208008,21000,0.0,0.0
2003-01-28 00:00:00-05:00,1.7547714642316758,1.7794171077563374,1.7547714642316758,1.7646297216415405,55000,0.0,0.0
2003-01-29 00:00:00-05:00,1.7744880011779365,1.7794171299443313,1.7498423573459625,1.7769526243209839,38800,0.0,0.0
2003-01-30 00:00:00-05:00,1.7794170942100942,1.7843462228775024,1.76462970820787,1.7843462228775024,29700,0.0,0.0
2003-01-31 00:00:00-05:00,1.7843474034207447,1.8015994239306423,1.7794182714921705,1.7942057847976685,41900,0.0,0.0
2003-02-03 00:00:00-05:00,1.794204432680926,1.821314579097926,1.794204432680926,1.811456322669983,39300,0.0,0.0
2003-02-04 00:00:00-05:00,1.8040636610420224,1.8237801845201183,1.7868116442388136,1.7917407751083374,44000,0.0,0.0
2003-02-05 00:00:00-05:00,1.7818819284439087,1.7966693161983327,1.776952799192434,1.7818819284439087,18300,0.0,0.0
2003-02-06 00:00:00-05:00,1.7498425295494677,1.7818819284439087,1.7498425295494677,1.7818819284439087,43000,0.0,0.0
2003-02-07 00:00:00-05:00,1.7670943313014227,1.7917399746384632,1.7670943313014227,1.7843462228775024,38000,0.0,0.0
2003-02-10 00:00:00-05:00,1.7794173050583157,1.7892756810809765,1.7794173050583157,1.7818819284439087,26400,0.0,0.0
2003-02-11 00:00:00-05:00,1.7843470200441767,1.8065281677169094,1.7818825133692895,1.7917407751083374,34700,0.0,0.0
2003-02-12 00:00:00-05:00,1.7902520124736165,1.8150478420271734,1.7902520124736165,1.7927316427230835,19600,0.044,0.0
2003-02-13 00:00:00-05:00,1.7902520895004272,1.8100887776438153,1.7877725773795556,1.7902520895004272,36300,0.0,0.0
2003-02-14 00:00:00-05:00,1.7778549975505527,1.7976915753261538,1.767936708662752,1.7753753662109375,45900,0.0,0.0
2003-02-18 00:00:00-05:00,1.7505792465293153,1.7654566764831543,1.7505792465293153,1.7654566764831543,36700,0.0,0.0
2003-02-19 00:00:00-05:00,1.7629780365067576,1.767937182279174,1.7604984045028687,1.7604984045028687,23200,0.0,0.0
2003-02-20 00:00:00-05:00,1.7654570773231368,1.7753753662109375,1.7555387884353362,1.7753753662109375,21400,0.0,0.0
2003-02-21 00:00:00-05:00,1.7704163813979346,1.7778551578521729,1.7704163813979346,1.7778551578521729,12200,0.0,0.0
2003-02-24 00:00:00-05:00,1.7704162217670372,1.787773286438353,1.7704162217670372,1.7753753662109375,27400,0.0,0.0
2003-02-25 00:00:00-05:00,1.7753752505798819,1.7852935388216995,1.7753752505798819,1.7828140258789062,20200,0.0,0.0
2003-02-26 00:00:00-05:00,1.777855241553911,1.805130598856459,1.777855241553911,1.797691822052002,40900,0.0,0.0
2003-02-27 00:00:00-05:00,1.805130405424363,1.8249669837968285,1.805130405424363,1.8150486946105957,35100,0.0,0.0
2003-02-28 00:00:00-05:00,1.822487473487854,1.8324057633331623,1.8150488152215434,1.822487473487854,41000,0.0,0.0
2003-03-03 00:00:00-05:00,1.8175279385600742,1.8398441450410774,1.8175279385600742,1.8348850011825562,59200,0.0,0.0
2003-03-04 00:00:00-05:00,1.842322503062388,1.85224078456253,1.8224859400621038,1.837363362312317,36300,0.0,0.0
2003-03-05 00:00:00-05:00,1.8423248164783756,1.8423248164783756,1.824967861175537,1.824967861175537,23500,0.0,0.0
2003-03-06 00:00:00-05:00,1.8348861510904844,1.8522431063551104,1.8249678571577297,1.847283959388733,40400,0.0,0.0
2003-03-07 00:00:00-05:00,1.8423236578526798,1.8547215766166407,1.8324053701356378,1.8348850011825562,39300,0.0,0.0
2003-03-10 00:00:00-05:00,1.8596804047039985,1.8596804047039985,1.844802975654602,1.844802975654602,30700,0.0,0.0
2003-03-11 00:00:00-05:00,1.859681486174435,1.859681486174435,1.8497631943736672,1.8522427082061768,11800,0.0,0.0
2003-03-12 00:00:00-05:00,1.8480011224746704,1.8629646803543285,1.8455072556212877,1.8480011224746704,20400,0.043,0.0
2003-03-13 00:00:00-05:00,1.8455087464332294,1.8455087464332294,1.8330390453338623,1.8330390453338623,68600,0.0,0.0
2003-03-14 00:00:00-05:00,1.8330386176612765,1.8330386176612765,1.8155811828990769,1.8205690383911133,19200,0.0,0.0
2003-03-17 00:00:00-05:00,1.8105949042231317,1.8155827640590099,1.8105949042231317,1.8130887746810913,24200,0.0,0.0
2003-03-18 00:00:00-05:00,1.810593853844474,1.8255574246713013,1.8080998659133911,1.8080998659133911,38500,0.0,0.0
2003-03-19 00:00:00-05:00,1.788148283958435,1.7981239969828153,1.7806664397302099,1.788148283958435,68300,0.0,0.0
2003-03-20 00:00:00-05:00,1.7831603185585851,1.798123887181414,1.7756784747872345,1.7856541872024536,46100,0.0,0.0
2003-03-21 00:00:00-05:00,1.780667591061215,1.805606889747235,1.7781737206525914,1.7956311702728271,27000,0.0,0.0
2003-03-24 00:00:00-05:00,1.7881494519441847,1.8180766105651855,1.7856554625991226,1.8180766105651855,39200,0.0,0.0
2003-03-25 00:00:00-05:00,1.8205705999102477,1.8230644703353525,1.8130887507950189,1.8180766105651855,18200,0.0,0.0
2003-03-26 00:00:00-05:00,1.8205703148908257,1.828052043914795,1.8130884669469176,1.828052043914795,18900,0.0,0.0
2003-03-27 00:00:00-05:00,1.8305457272173236,1.8504971598431388,1.820570010904416,1.8430153131484985,32200,0.0,0.0
2003-03-28 00:00:00-05:00,1.8504959344863892,1.857977657306882,1.8455080796327805,1.8504959344863892,21100,0.0,0.0
2003-03-31 00:00:00-05:00,1.8554852697291115,1.8554852697291115,1.825558116730239,1.8405216932296753,40500,0.0,0.0
2003-04-01 00:00:00-05:00,1.840521443530231,1.8430153131484985,1.8380274549920448,1.8430153131484985,36200,0.0,0.0
2003-04-02 00:00:00-05:00,1.825558173880118,1.8330399029040874,1.825558173880118,1.828052043914795,32600,0.0,0.0
2003-04-03 00:00:00-05:00,1.8230633320223217,1.8330390453338623,1.8230633320223217,1.8330390453338623,21800,0.0,0.0
2003-04-04 00:00:00-05:00,1.8330388373686703,1.8355328248735447,1.8180752690990332,1.8255571126937866,38500,0.0,0.0
2003-04-07 00:00:00-04:00,1.8205689579569735,1.823062826132883,1.7931356945028682,1.8105932474136353,44500,0.0,0.0
2003-04-08 00:00:00-04:00,1.7981235497745374,1.823062826132883,1.7981235497745374,1.8105932474136353,28800,0.0,0.0
2003-04-09 00:00:00-04:00,1.8405208897774592,1.8455087464332294,1.8330390453338623,1.8330390453338623,50500,0.0,0.0
2003-04-10 00:00:00-04:00,1.840520329964471,1.8504960402417978,1.8205689094098179,1.823062777519226,40300,0.0,0.0
2003-04-11 00:00:00-04:00,1.831342857079968,1.8438862292046454,1.831342857079968,1.8388688564300537,22800,0.043,0.0
2003-04-14 00:00:00-04:00,1.8313417133223477,1.8313417133223477,1.813780859767041,1.8263243436813354,21200,0.0,0.0
2003-04-15 00:00:00-04:00,1.8187988712743468,1.828833614097699,1.8087641284509948,1.813781499862671,27400,0.0,0.0
2003-04-16 00:00:00-04:00,1.8112728044902267,1.8438857793807983,1.8112728044902267,1.8438857793807983,45000,0.0,0.0
2003-04-17 00:00:00-04:00,1.8313425073446223,1.8614467382431032,1.8313425073446223,1.861446738243103,22200,0.0,0.0
2003-04-21 00:00:00-04:00,1.8514109698257528,1.8639543326120518,1.8489022254943848,1.8489022254943848,23500,0.0,0.0
2003-04-22 00:00:00-04:00,1.848901741458573,1.8689712123613471,1.8438843737328794,1.8664625883102417,27000,0.0,0.0
2003-04-23 00:00:00-04:00,1.861445220584548,1.8664625883102415,1.848901741458573,1.8664625883102417,19800,0.0,0.0
2003-04-24 00:00:00-04:00,1.8514119946102763,1.86395536433952,1.8514119946102763,1.861446738243103,17200,0.0,0.0
2003-04-25 00:00:00-04:00,1.8564298166858115,1.8815166818524558,1.8489036973240136,1.8790079355239868,40300,0.0,0.0
2003-04-28 00:00:00-04:00,1.8815154729513803,1.8815154729513803,1.8739893584252205,1.8764981031417847,12200,0.0,0.0
2003-04-29 00:00:00-04:00,1.8764993088191269,1.8940601742475824,1.8714819357857981,1.8790079355239868,35100,0.0,0.0
2003-04-30 00:00:00-04:00,1.8965682134131157,1.8965682134131157,1.8790073534248526,1.8815160989761353,51000,0.0,0.0
2003-05-01 00:00:00-04:00,1.8815170783477062,1.9066039488009487,1.8815170783477062,1.8865344524383545,37600,0.0,0.0
2003-05-02 00:00:00-04:00,1.8965681361534656,1.9040942528771538,1.8815160223296565,1.8890421390533447,49200,0.0,0.0
2003-05-05 00:00:00-04:00,1.8890404008162751,1.8965663909912107,1.8815142910178826,1.896566390991211,60400,0.0,0.0
2003-05-06 00:00:00-04:00,1.891549468040466,1.8965668358751828,1.8840234761001338,1.8915494680404663,44400,0.0,0.0
2003-05-07 00:00:00-04:00,1.8865321159125843,1.8965668516655645,1.8840234917860823,1.8940582275390625,42800,0.0,0.0
2003-05-08 00:00:00-04:00,1.889040686447021,1.906601412592763,1.8865319429270722,1.904092788696289,45000,0.0,0.0
2003-05-09 00:00:00-04:00,1.911620483546277,1.911620483546277,1.8990771136389566,1.9091118574142456,59300,0.0,0.0
2003-05-12 00:00:00-04:00,1.909111171860483,1.9216545372635336,1.909111171860483,1.9141285419464111,20500,0.0,0.0
2003-05-13 00:00:00-04:00,1.9179146599297292,1.9254854287342562,1.9179146599297292,1.920438289642334,19100,0.045,0.0
2003-05-14 00:00:00-04:00,1.9204371635273703,1.9280078075592997,1.9204371635273703,1.925484299659729,22900,0.0,0.0
2003-05-15 00:00:00-04:00,1.9052954388251029,1.9229603521891319,1.9052954388251029,1.9103425741195679,61000,0.0,0.0
2003-05-16 00:00:00-04:00,1.902771489061226,1.9128657579422,1.900247982007571,1.9128657579421997,52700,0.0,0.0
2003-05-19 00:00:00-04:00,1.9078200039956315,1.9280085563659666,1.9027728659030476,1.9280085563659668,45500,0.0,0.0
2003-05-20 00:00:00-04:00,1.9330560599582367,1.938103199005127,1.930532550601435,1.938103199005127,36700,0.0,0.0
2003-05-21 00:00:00-04:00,1.9305311154645521,1.9784789609327194,1.9280074876505027,1.9734318256378174,83100,0.0,0.0
2003-05-22 00:00:00-04:00,1.97595673436357,1.9885746417153818,1.9709095954895017,1.970909595489502,71700,0.0,0.0
2003-05-23 00:00:00-04:00,1.9658623933792116,1.968386022901709,1.958291745478277,1.9658623933792114,15700,0.0,0.0
2003-05-27 00:00:00-04:00,1.9810031657214466,1.9810031657214466,1.9431495775187204,1.9532438516616821,49600,0.0,0.0
2003-05-28 00:00:00-04:00,1.9381039174365489,1.948198199272156,1.9381039174365489,1.9481981992721558,29100,0.0,0.0
2003-05-29 00:00:00-04:00,1.9431495775187204,1.9557674803640424,1.9406260691496,1.9532438516616821,35100,0.0,0.0
2003-05-30 00:00:00-04:00,1.9582912578395535,1.9885740825690519,1.9582912578395535,1.9835269451141357,24000,0.0,0.0
2003-06-02 00:00:00-04:00,1.9709095320909276,1.9835274390368571,1.963338884189993,1.9658623933792114,49600,0.0,0.0
2003-06-03 00:00:00-04:00,1.950720050715049,1.9709085959730062,1.950720050715049,1.9582908153533936,36300,0.0,0.0
2003-06-04 00:00:00-04:00,1.9557678418537203,1.9961449458885727,1.9557678418537203,1.9910978078842163,68400,0.0,0.0
2003-06-05 00:00:00-04:00,1.991099269625959,2.006240694754925,1.991099269625959,2.0037171840667725,33900,0.0,0.0
2003-06-06 00:00:00-04:00,1.9810044848406605,2.0087638173849207,1.978480974791175,2.001193046569824,40700,0.0,0.0
2003-06-09 00:00:00-04:00,2.0011930194182366,2.0163344405096755,2.0011930194182366,2.0087637901306152,24900,0.0,0.0
2003-06-10 00:00:00-04:00,2.008761982775293,2.01885625442074,2.0062383546973264,2.0163326263427734,27800,0.0,0.0
2003-06-11 00:00:00-04:00,2.004914585117021,2.0302932262420654,2.004914585117021,2.0302932262420654,35700,0.045,0.0
2003-06-12 00:00:00-04:00,2.0176029205322266,2.042981671041443,2.0099893921913425,2.0176029205322266,28200,0.0,0.0
2003-06-13 00:00:00-04:00,1.992222965585418,2.0049123323976215,1.992222965585418,2.0023744106292725,51900,0.0,0.0
2003-06-16 00:00:00-04:00,1.9922237825894171,2.0049131546054877,1.987148057985953,1.9947617053985596,33900,0.0,0.0
2003-06-17 00:00:00-04:00,1.9998379312726526,1.9998379312726526,1.9795350277697588,1.9820728302001953,36200,0.0,0.0
2003-06-18 00:00:00-04:00,1.9769965724028336,1.9846102196753508,1.9465422253423998,1.9719208478927612,38000,0.0,0.0
2003-06-19 00:00:00-04:00,1.9338536783716354,1.9566945089162582,1.9338536783716354,1.9440051317214966,80400,0.0,0.0
2003-06-20 00:00:00-04:00,1.9389278568934514,1.9465415013341043,1.8780191854273198,1.903397798538208,101100,0.0,0.0
2003-06-23 00:00:00-04:00,1.9084733264389357,1.9135490485432378,1.8957839606708007,1.905935525894165,65100,0.0,0.0
2003-06-24 00:00:00-04:00,1.8932468400281641,1.9160876582074895,1.8932468400281641,1.9110119342803955,54600,0.0,0.0
2003-06-25 00:00:00-04:00,1.9084740877151487,1.923701260102061,1.8957847168853175,1.908474087715149,63000,0.0,0.0
2003-06-26 00:00:00-04:00,1.9084740567988954,1.916087703376419,1.8957846861746248,1.913549780845642,50000,0.0,0.0
2003-06-27 00:00:00-04:00,1.9059366996092795,1.9490803035571864,1.9059366996092795,1.946542501449585,36300,0.0,0.0
2003-06-30 00:00:00-04:00,1.926239082096959,1.964306950569153,1.926239082096959,1.9643069505691528,68400,0.0,0.0
2003-07-01 00:00:00-04:00,1.9566935988509264,1.9795344187722006,1.9490799518722306,1.9744586944580078,49400,0.0,0.0
2003-07-02 00:00:00-04:00,1.9744595812058148,1.9846110343933105,1.966845930807759,1.9846110343933105,39700,0.0,0.0
2003-07-03 00:00:00-04:00,1.9795342431757936,1.9846099670397397,1.964306950569153,1.9643069505691528,37900,0.0,0.0
2003-07-07 00:00:00-04:00,1.9668448730085273,1.9795342431757936,1.964306950569153,1.9643069505691528,55200,0.0,0.0
2003-07-08 00:00:00-04:00,1.966845652573025,1.9846107536454822,1.966845652573025,1.9820728302001953,49000,0.0,0.0
2003-07-09 00:00:00-04:00,1.9744586944580078,1.9769964961076976,1.964307124814809,1.9744586944580078,34200,0.0,0.0
2003-07-10 00:00:00-04:00,1.9719213574210241,1.9820728090642203,1.9643077081812024,1.9668456315994263,30500,0.0,0.0
2003-07-11 00:00:00-04:00,1.9706729263499865,1.9783310355288557,1.9528042078018188,1.9528042078018188,56500,0.045,0.0
2003-07-14 00:00:00-04:00,1.950252050283769,1.9579101617641546,1.9476994276046755,1.9476994276046753,14800,0.0,0.0
2003-07-15 00:00:00-04:00,1.942594001360832,1.9476993682850814,1.914514422416687,1.914514422416687,42700,0.0,0.0
2003-07-16 00:00:00-04:00,1.914514422416687,1.9221725336638353,1.9043036885681885,1.914514422416687,76000,0.0,0.0
2003-07-17 00:00:00-04:00,1.924726148639343,1.9400422573089597,1.9043046704131874,1.94004225730896,90500,0.0,0.0
2003-07-18 00:00:00-04:00,1.92727815798628,1.9374888931984764,1.9145146781102524,1.9247254133224487,62700,0.0,0.0
2003-07-21 00:00:00-04:00,1.922172607552042,1.9272779746725412,1.8889876604080202,1.88898766040802,38300,0.0,0.0
2003-07-22 00:00:00-04:00,1.8889883293718688,1.90175169083234,1.8226184115796695,1.855803370475769,70600,0.0,0.0
2003-07-23 00:00:00-04:00,1.8532512408914725,1.8711199760437012,1.8532512408914725,1.8711199760437012,37800,0.0,0.0
2003-07-24 00:00:00-04:00,1.8583561158008213,1.8660141083327848,1.8506980015472612,1.855803370475769,43900,0.0,0.0
2003-07-25 00:00:00-04:00,1.8532506201734202,1.8609086121818392,1.8455925064434129,1.8506978750228882,92800,0.0,0.0
2003-07-28 00:00:00-04:00,1.8506965793222845,1.8711180393428142,1.8506965793222845,1.8583546876907349,57900,0.0,0.0
2003-07-29 00:00:00-04:00,1.8634613573323713,1.8660139807613148,1.8506978750228884,1.8506978750228882,52300,0.0,0.0
2003-07-30 00:00:00-04:00,1.8506985066003452,1.8813307285308838,1.837935019935139,1.8813307285308838,51000,0.0,0.0
2003-07-31 00:00:00-04:00,1.886435473204092,1.886435473204092,1.850697892804397,1.8634613752365112,56300,0.0,0.0
2003-08-01 00:00:00-04:00,1.8889876604080202,1.8940930275285195,1.8532500905645255,1.88898766040802,58200,0.0,0.0
2003-08-04 00:00:00-04:00,1.8736713739582798,1.883882107190624,1.8506971633247347,1.8532499074935913,54200,0.0,0.0
2003-08-05 00:00:00-04:00,1.8532506201734202,1.8558032436023637,1.8302764007049865,1.8506978750228882,41300,0.0,0.0
2003-08-06 00:00:00-04:00,1.8430387595861897,1.8634603445263809,1.8124065647581862,1.8251700401306152,51600,0.0,0.0
2003-08-07 00:00:00-04:00,1.8226188974331983,1.873672722049236,1.8226188974331983,1.8711199760437012,53600,0.0,0.0
2003-08-08 00:00:00-04:00,1.863460824805524,1.8889876604080202,1.863460824805524,1.88898766040802,23700,0.0,0.0
2003-08-11 00:00:00-04:00,1.8787768539469425,1.914514422416687,1.8787768539469425,1.914514422416687,43900,0.0,0.0
2003-08-12 00:00:00-04:00,1.9145142740625394,1.9196196405911778,1.8991981744766238,1.8991981744766235,33100,0.0,0.0
2003-08-13 00:00:00-04:00,1.8953457057785115,1.9133231609185566,1.8645271062850954,1.8645271062850952,24600,0.045,0.0
2003-08-14 00:00:00-04:00,1.8696643114089966,1.874800746778433,1.8619595971237026,1.8696643114089966,33100,0.0,0.0
2003-08-15 00:00:00-04:00,1.864527875945105,1.8670960323985535,1.836277420183497,1.8414138555526733,25900,0.0,0.0
2003-08-18 00:00:00-04:00,1.8362774437887586,1.84911847114563,1.833709164840016,1.8491184711456299,60500,0.0,0.0
2003-08-19 00:00:00-04:00,1.8388455767300997,1.8696643114089966,1.8388455767300997,1.8696643114089966,66400,0.0,0.0
2003-08-20 00:00:00-04:00,1.8696645302122918,1.872232686966417,1.8491186638678239,1.8619598150253296,39300,0.0,0.0
2003-08-21 00:00:00-04:00,1.8491196463661577,1.8645290849276257,1.8491196463661577,1.859392523765564,17500,0.0,0.0
2003-08-22 00:00:00-04:00,1.8491187751850924,1.8516870545561217,1.8337094663458184,1.8439823389053345,32500,0.0,0.0
2003-08-25 00:00:00-04:00,1.8491196463661577,1.8593925237655642,1.8439832076664546,1.859392523765564,32400,0.0,0.0
2003-08-26 00:00:00-04:00,1.8619600189549508,1.8619600189549508,1.8183002471923828,1.8183002471923828,80900,0.0,0.0
2003-08-27 00:00:00-04:00,1.828573120258598,1.8414142728225205,1.8054592170907673,1.8183002471923828,94300,0.0,0.0
2003-08-28 00:00:00-04:00,1.8234353983025973,1.8234353983025973,1.7977532337415902,1.8157308101654053,111700,0.0,0.0
2003-08-29 00:00:00-04:00,1.8182989653903958,1.8182989653903958,1.808026099565993,1.8157308101654053,36600,0.0,0.0
2003-09-02 00:00:00-04:00,1.8157336864393878,1.833711168878818,1.8157336864393878,1.823438286781311,72900,0.0,0.0
2003-09-03 00:00:00-04:00,1.8234362705294174,1.8465502909218492,1.8234362705294174,1.8414138555526733,37700,0.0,0.0
2003-09-04 00:00:00-04:00,1.8414150495477823,1.8593925237655642,1.8414150495477823,1.859392523765564,38700,0.0,0.0
2003-09-05 00:00:00-04:00,1.8491179133397426,1.8748002052307131,1.8491179133397426,1.874800205230713,57800,0.0,0.0
2003-09-08 00:00:00-04:00,1.8825071155418633,1.90305287641321,1.869666076228469,1.8979164361953735,52200,0.0,0.0
2003-09-09 00:00:00-04:00,1.8979142821786052,1.9107554293804767,1.8876414134020105,1.9081871509552002,50400,0.0,0.0
2003-09-10 00:00:00-04:00,1.9107552766799927,1.9107552766799927,1.9004824087243672,1.9107552766799927,33200,0.0,0.0
2003-09-11 00:00:00-04:00,1.8991301588736842,1.922384853608465,1.8991301588736842,1.9094655513763428,22900,0.045,0.0
2003-09-12 00:00:00-04:00,1.9042962521463715,1.930134711652989,1.9042962521463715,1.9197993278503418,30700,0.0,0.0
2003-09-15 00:00:00-04:00,1.9146307917774852,1.9275500774383547,1.9146307917774852,1.9275500774383545,28700,0.0,0.0
2003-09-16 00:00:00-04:00,1.9275500774383547,1.9378854566840746,1.924966171023205,1.9275500774383545,7500,0.0,0.0
2003-09-17 00:00:00-04:00,1.935301661491394,1.9430532579748905,1.9249662816516961,1.935301661491394,51900,0.0,0.0
2003-09-18 00:00:00-04:00,1.9249670197516655,1.9430540030100445,1.917215543503427,1.9197993278503418,87500,0.0,0.0
2003-09-19 00:00:00-04:00,1.919799327850342,1.9223832354047505,1.917215543503427,1.9197993278503418,16300,0.0,0.0
2003-09-22 00:00:00-04:00,1.9172153785353994,1.9275507614487317,1.9094637797466587,1.9223830699920654,40200,0.0,0.0
2003-09-23 00:00:00-04:00,1.912049461105806,1.912049461105806,1.896546372351818,1.9094655513763428,38000,0.0,0.0
2003-09-24 00:00:00-04:00,1.9120484769911104,1.9120484769911104,1.8991291814084375,1.904296875,28000,0.0,0.0
2003-09-25 00:00:00-04:00,1.899128629163651,1.9068802289006854,1.893960937074794,1.9017125368118286,30600,0.0,0.0
2003-09-26 00:00:00-04:00,1.9017125368118286,1.904296321252508,1.8965448447229716,1.9017125368118286,31600,0.0,0.0
2003-09-29 00:00:00-04:00,1.909464013341365,1.909464013341365,1.8913771526341145,1.9017125368118286,31000,0.0,0.0
2003-09-30 00:00:00-04:00,1.904296321252508,1.904296321252508,1.8913771526341145,1.9017125368118286,24300,0.0,0.0
2003-10-01 00:00:00-04:00,1.8991283968333263,1.9223830699920657,1.8991283968333263,1.9223830699920654,28200,0.0,0.0
2003-10-02 00:00:00-04:00,1.9223830056080127,1.9611407518386843,1.919799098362478,1.961140751838684,49000,0.0,0.0
2003-10-03 00:00:00-04:00,1.9533902120517177,1.9559741206977372,1.9404710384442567,1.9482225179672241,16600,0.0,0.0
2003-10-06 00:00:00-04:00,1.9482211289102949,1.9482211289102949,1.94046965491403,1.9456373453140259,30100,0.0,0.0
2003-10-07 00:00:00-04:00,1.9430537707423765,1.9611407518386843,1.9404699867043205,1.961140751838684,43300,0.0,0.0
2003-10-08 00:00:00-04:00,1.9559730605550933,1.9637245358767403,1.9533891533095584,1.961140751838684,17800,0.0,0.0
2003-10-09 00:00:00-04:00,1.9559713796523273,1.9611390664949642,1.932716727256775,1.932716727256775,56900,0.0,0.0
2003-10-10 00:00:00-04:00,1.949615395697257,1.9574139118194578,1.9366179101446586,1.957413911819458,24500,0.045,0.0
2003-10-13 00:00:00-04:00,1.9392171153916151,1.9548140209366054,1.9392171153916151,1.9522145986557007,13200,0.0,0.0
2003-10-14 00:00:00-04:00,1.9288187352127384,1.9756094410974776,1.9262191895758958,1.9418160915374756,46800,0.0,0.0
2003-10-15 00:00:00-04:00,1.949615656080368,1.949615656080368,1.9158222882928675,1.9288197755813599,38000,0.0,0.0
2003-10-16 00:00:00-04:00,1.9132230825698417,1.9262204473817497,1.9132230825698417,1.9158225059509277,38700,0.0,0.0
2003-10-17 00:00:00-04:00,1.910622290449388,1.915821257777629,1.9002243557929057,1.913221836090088,37100,0.0,0.0
2003-10-20 00:00:00-04:00,1.915822966359153,1.9366188542184393,1.9002260504646882,1.9210219383239746,41400,0.0,0.0
2003-10-21 00:00:00-04:00,1.9210195441886366,1.9340170198787832,1.9210195441886366,1.9262185096740723,7000,0.0,0.0
2003-10-22 00:00:00-04:00,1.9340181350708008,1.9340181350708008,1.9236201981042793,1.9340181350708008,36500,0.0,0.0
2003-10-23 00:00:00-04:00,1.9236197795977583,1.9366171360015867,1.9236197795977583,1.936617136001587,27500,0.0,0.0
2003-10-24 00:00:00-04:00,1.931418563130927,1.9522145607402057,1.931418563130927,1.9444160461425781,50400,0.0,0.0
2003-10-27 00:00:00-05:00,1.9392170143118148,1.9626124333864303,1.9392170143118148,1.947015404701233,41400,0.0,0.0
2003-10-28 00:00:00-05:00,1.9522149423890602,1.9626128812498556,1.9262199712838632,1.957413911819458,63700,0.0,0.0
2003-10-29 00:00:00-05:00,1.9444159825558203,1.9600128872878373,1.9444159825558203,1.947015404701233,63600,0.0,0.0
2003-10-30 00:00:00-05:00,1.9496149892833574,1.952214535433263,1.923620147550216,1.931418538093567,92500,0.0,0.0
2003-10-31 00:00:00-05:00,1.9340180460678091,1.947015404701233,1.9288190778238035,1.947015404701233,35500,0.0,0.0
2003-11-03 00:00:00-05:00,1.9470172062764006,1.9678132224481588,1.9470172062764006,1.9600147008895874,55700,0.0,0.0
2003-11-04 00:00:00-05:00,1.9548145458058226,1.9782099723815918,1.9548145458058226,1.9782099723815918,48100,0.0,0.0
2003-11-05 00:00:00-05:00,1.9938074192600308,1.9990063905715942,1.9756109576929317,1.9990063905715942,55300,0.0,0.0
2003-11-06 00:00:00-05:00,1.996405330700196,1.996405330700196,1.9808084285798617,1.983407974243164,37700,0.0,0.0
2003-11-07 00:00:00-05:00,1.991206214928796,1.996405181914779,1.954813446026914,1.9704103469848633,40700,0.0,0.0
2003-11-10 00:00:00-05:00,1.957414092737895,1.980809395360444,1.957414092737895,1.9782099723815918,16500,0.0,0.0
2003-11-11 00:00:00-05:00,1.9808099269866943,1.9808099269866943,1.965213013067892,1.9808099269866943,14500,0.0,0.0
2003-11-12 00:00:00-05:00,1.955968075263121,1.9821173560775462,1.955968075263121,1.9690427780151367,51500,0.045,0.0
2003-11-13 00:00:00-05:00,1.979500911026583,1.979500911026583,1.9611963667156809,1.9742710590362549,37100,0.0,0.0
2003-11-14 00:00:00-05:00,1.9690417191759977,1.9716565835065112,1.961196876805379,1.9664267301559448,21800,0.0,0.0
2003-11-17 00:00:00-05:00,1.9768862193207044,1.9951907663782247,1.958581672263184,1.9611966609954834,53000,0.0,0.0
2003-11-18 00:00:00-05:00,1.969042778015137,1.9821173560775462,1.9664277875888911,1.9690427780151367,28700,0.0,0.0
2003-11-19 00:00:00-05:00,1.9638136883604114,1.9873479879344078,1.9611986969134922,1.9821181297302246,54400,0.0,0.0
2003-11-20 00:00:00-05:00,1.9742709819152695,1.9742709819152695,1.958581301867664,1.9638112783432007,45700,0.0,0.0
2003-11-21 00:00:00-05:00,1.9638129218522518,1.979502490340907,1.9638129218522518,1.9690427780151367,28600,0.0,0.0
2003-11-24 00:00:00-05:00,1.9742717282496027,1.9899612895388339,1.9664268852602125,1.9847314357757568,37900,0.0,0.0
2003-11-25 00:00:00-05:00,1.961197931426006,1.984732346503792,1.9585829409997602,1.9690427780151367,62900,0.0,0.0
2003-11-26 00:00:00-05:00,1.969042778015137,1.971657643751776,1.9585829409997602,1.9690427780151367,58000,0.0,0.0
2003-11-28 00:00:00-05:00,1.9716584133218584,1.9821181297302248,1.9664285551176754,1.9821181297302246,44400,0.0,0.0
2003-12-01 00:00:00-05:00,1.9821156902401835,1.9951903820037842,1.9742709749336242,1.9951903820037842,47100,0.0,0.0
2003-12-02 00:00:00-05:00,1.9899619473883754,2.0108813693563095,1.9873469572975884,1.9978066682815552,49100,0.0,0.0
2003-12-03 00:00:00-05:00,2.008265719462809,2.013495573236558,1.9951911473732116,2.010880708694458,56300,0.0,0.0
2003-12-04 00:00:00-05:00,2.0134953796244974,2.0134953796244974,1.9978058198119149,2.0004208087921143,27900,0.0,0.0
2003-12-05 00:00:00-05:00,2.0030350973103435,2.010879937306404,1.9847306784687042,1.9951903820037842,76300,0.0,0.0
2003-12-08 00:00:00-05:00,1.9978063910861454,2.0056512355804443,1.987346681553462,2.0056512355804443,36000,0.0,0.0
2003-12-09 00:00:00-05:00,2.003036245852487,2.013495955385171,1.9925765363198036,2.0056512355804443,38900,0.0,0.0
2003-12-10 00:00:00-05:00,2.0056500567028874,2.016109760087584,2.000420205010539,2.003035068511963,34900,0.0,0.0
2003-12-11 00:00:00-05:00,2.0201354209231006,2.0201354209231006,1.9754189860166578,1.9806797504425049,73000,0.045,0.0
2003-12-12 00:00:00-05:00,1.9885670206238955,1.9885670206238955,1.9648935633961173,1.9727847576141357,52200,0.0,0.0
2003-12-15 00:00:00-05:00,1.9833100699421697,1.9859405148683522,1.9675277766646282,1.9806797504425049,61800,0.0,0.0
2003-12-16 00:00:00-05:00,1.975417450814492,2.0148730906320074,1.975417450814492,1.9911997318267822,66700,0.0,0.0
2003-12-17 00:00:00-05:00,1.991199717027146,2.006981997922134,1.9701565504074094,1.9701565504074097,68000,0.0,0.0
2003-12-18 00:00:00-05:00,1.980678935721114,2.0122435092926025,1.972787729615009,2.0122435092926025,62700,0.0,0.0
2003-12-19 00:00:00-05:00,2.0148721627858337,2.0175026044564435,1.9780468573818315,1.9938291311264038,65600,0.0,0.0
2003-12-22 00:00:00-05:00,1.9833089482720985,2.00435199407449,1.9833089482720985,1.9964609146118164,22300,0.0,0.0
2003-12-23 00:00:00-05:00,1.9912003769458264,1.9912003769458264,1.9727876470861632,1.9754180908203125,44600,0.0,0.0
2003-12-24 00:00:00-05:00,1.9833100699421697,1.9833100699421697,1.9754189860166578,1.9806797504425049,20500,0.0,0.0
2003-12-26 00:00:00-05:00,1.978048409128001,1.9859396149039885,1.9727876470861632,1.9754180908203125,36200,0.0,0.0
2003-12-29 00:00:00-05:00,1.9833084638735476,1.9938299842049922,1.9806781465038945,1.9859389066696167,37600,0.0,0.0
2003-12-30 00:00:00-05:00,1.9938290792961775,1.9990898370742798,1.9859380053422035,1.9990898370742798,43600,0.0,0.0
2003-12-31 00:00:00-05:00,1.999089222205732,2.0069804191589355,1.9938284660457033,2.0069804191589355,37000,0.0,0.0
2004-01-02 00:00:00-05:00,1.9885677098856744,2.020132246845847,1.9833069537256458,2.0069804191589355,34600,0.0,0.0
2004-01-05 00:00:00-05:00,2.0096122136850503,2.028024936510851,2.0069818963821717,2.0201337337493896,64100,0.0,0.0
2004-01-06 00:00:00-05:00,2.0175034673185914,2.051698471103141,2.0148730245229727,2.0438072681427,61500,0.0,0.0
2004-01-07 00:00:00-05:00,2.0516974103548327,2.05695816779979,2.0359150125936107,2.0543277263641357,50000,0.0,0.0
2004-01-08 00:00:00-05:00,2.0516975658427974,2.0595886398950825,2.038545608520508,2.038545608520508,34100,0.0,0.0
2004-01-09 00:00:00-05:00,2.0411771342657596,2.0569594161789784,2.0385466912336763,2.0490682125091553,46200,0.0,0.0
2004-01-12 00:00:00-05:00,2.0516985805189716,2.0516985805189716,2.004351611084175,2.0332858562469482,107600,0.0,0.0
2004-01-13 00:00:00-05:00,2.0266709094531903,2.058420419692993,2.0266709094531903,2.058420419692993,47900,0.045,0.0
2004-01-14 00:00:00-05:00,2.0584198918638843,2.0769402980804443,2.045190922142794,2.0769402980804443,94400,0.0,0.0
2004-01-15 00:00:00-05:00,2.0769406732500624,2.084878081748657,2.069003390912296,2.0822322368621826,50100,0.0,0.0
2004-01-16 00:00:00-05:00,2.087523800474303,2.0954612089728974,2.0769406732500624,2.0822322368621826,27100,0.0,0.0
2004-01-20 00:00:00-05:00,2.0954599518831554,2.0981056690216064,2.0875225481462976,2.0981056690216064,26400,0.0,0.0
2004-01-21 00:00:00-05:00,2.0928165912628174,2.106045571130682,2.0928165912628174,2.0928165912628174,37900,0.0,0.0
2004-01-22 00:00:00-05:00,2.1007515123208096,2.1113346331961185,2.0954599518831554,2.0981056690216064,31000,0.0,0.0
2004-01-23 00:00:00-05:00,2.0981065487055446,2.111335518426635,2.066357172767894,2.0769402980804443,70800,0.0,0.0
2004-01-26 00:00:00-05:00,2.0875240745620562,2.0875240745620562,2.055774688720703,2.055774688720703,41200,0.0,0.0
2004-01-27 00:00:00-05:00,2.0504827553259055,2.0875236988067627,2.0504827553259055,2.0875236988067627,60300,0.0,0.0
2004-01-28 00:00:00-05:00,2.0954610289293267,2.1113357184017225,2.084877902614396,2.100752592086792,34600,0.0,0.0
2004-01-29 00:00:00-05:00,2.111335518426635,2.11927292549145,2.0769402980804443,2.0769402980804443,53600,0.0,0.0
2004-01-30 00:00:00-05:00,2.0875244025789605,2.0875244025789605,2.0795871179518435,2.08487868309021,22900,0.0,0.0
2004-02-02 00:00:00-05:00,2.0875236988067627,2.1007526702731942,2.0822321354523545,2.0875236988067627,26500,0.0,0.0
2004-02-03 00:00:00-05:00,2.1007519764933282,2.111335099707035,2.0928145710026578,2.0954604148864746,18700,0.0,0.0
2004-02-04 00:00:00-05:00,2.1007515123208096,2.1113346331961185,2.0954599518831554,2.0981056690216064,15000,0.0,0.0
2004-02-05 00:00:00-05:00,2.10339947400225,2.108691040086548,2.08487905578765,2.0901706218719482,43900,0.0,0.0
2004-02-06 00:00:00-05:00,2.08752362111272,2.100752592086792,2.08752362111272,2.100752592086792,26700,0.0,0.0
2004-02-09 00:00:00-05:00,2.103399724692748,2.1113371378456476,2.08487930427082,2.0928165912628174,41900,0.0,0.0
2004-02-10 00:00:00-05:00,2.090168853279621,2.1007519764933282,2.079585730065914,2.0954604148864746,42800,0.0,0.0
2004-02-11 00:00:00-05:00,2.0928163065804455,2.121920108795166,2.0928163065804455,2.121920108795166,75800,0.0,0.0
2004-02-12 00:00:00-05:00,2.128570318222046,2.139213159663342,2.128570318222046,2.128570318222046,26600,0.045,0.0
2004-02-13 00:00:00-05:00,2.1179283698221734,2.1259104408325102,2.1152675949035733,2.120589017868042,36600,0.0,0.0
2004-02-17 00:00:00-05:00,2.123249450212577,2.123249450212577,2.1126066060008015,2.1179280281066895,38000,0.0,0.0
2004-02-18 00:00:00-05:00,2.125910097829166,2.128570872318465,2.1126066060008015,2.1179280281066895,35800,0.0,0.0
2004-02-19 00:00:00-05:00,2.109947528829177,2.1259118079890804,2.0939832496692734,2.099304676055908,37200,0.0,0.0
2004-02-20 00:00:00-05:00,2.088661823282639,2.099304676055908,2.088661823282639,2.099304676055908,32100,0.0,0.0
2004-02-23 00:00:00-05:00,2.112607664078708,2.1232505136208455,2.1046254634857178,2.1046254634857178,45200,0.0,0.0
2004-02-24 00:00:00-05:00,2.115266687899028,2.115266687899028,2.0913203582632245,2.096641778945923,24000,0.0,0.0
2004-02-25 00:00:00-05:00,2.0860005402233637,2.120589737798924,2.0860005402233637,2.1046254634857178,50600,0.0,0.0
2004-02-26 00:00:00-05:00,2.109946147587916,2.115267570490969,2.0993033017818092,2.107285499572754,30900,0.0,0.0
2004-02-27 00:00:00-05:00,2.1152687072753906,2.1179294835932323,2.104625855749619,2.1152687072753906,22700,0.0,0.0
2004-03-01 00:00:00-05:00,2.1099455411769172,2.128570579421021,2.1099455411769172,2.1259098052978516,44200,0.0,0.0
2004-03-02 00:00:00-05:00,2.125910097829166,2.128570872318465,2.1126066060008015,2.1179280281066895,17200,0.0,0.0
2004-03-03 00:00:00-05:00,2.1179277366737312,2.1259098052978516,2.1126063153000865,2.1259098052978516,62600,0.0,0.0
2004-03-04 00:00:00-05:00,2.1152675949035733,2.120589017868042,2.1152675949035733,2.120589017868042,19700,0.0,0.0
2004-03-05 00:00:00-05:00,2.117929552261435,2.136554479598999,2.117929552261435,2.136554479598999,48000,0.0,0.0
2004-03-08 00:00:00-05:00,2.1392132711422853,2.152516887073524,2.128570429146368,2.147195339202881,20300,0.0,0.0
2004-03-09 00:00:00-05:00,2.14453419901199,2.168480396270752,2.1418734258459184,2.168480396270752,26500,0.0,0.0
2004-03-10 00:00:00-05:00,2.1604988126639926,2.1817844952521814,2.1604988126639926,2.165820360183716,46400,0.0,0.0
2004-03-11 00:00:00-05:00,2.1727775310362616,2.1808049628903947,2.164750099182129,2.164750099182129,52100,0.046,0.0
2004-03-12 00:00:00-05:00,2.167426347732544,2.1701019886612265,2.16207455550018,2.167426347732544,32800,0.0,0.0
2004-03-15 00:00:00-05:00,2.1567233857381383,2.1674267168381083,2.1540474891662598,2.1540474891662598,22900,0.0,0.0
2004-03-16 00:00:00-05:00,2.1620745699646795,2.1674263622328476,2.1299645819181743,2.1513712406158447,41100,0.0,0.0
2004-03-17 00:00:00-05:00,2.1513715925943817,2.162074923694352,2.148695696022503,2.1540474891662598,25500,0.0,0.0
2004-03-18 00:00:00-05:00,2.1674263622328476,2.1674263622328476,2.1486953444817605,2.1513712406158447,20100,0.0,0.0
2004-03-19 00:00:00-05:00,2.146019827801071,2.1701021288398166,2.146019827801071,2.148695468902588,18500,0.0,0.0
2004-03-22 00:00:00-05:00,2.148694146441758,2.1647492591069675,2.1460185069870223,2.156721830368042,24400,0.0,0.0
2004-03-23 00:00:00-05:00,2.1620749382665787,2.1620749382665787,2.13264071374639,2.1353166103363037,32200,0.0,0.0
2004-03-24 00:00:00-05:00,2.127287499679719,2.162073364464873,2.127287499679719,2.156721830368042,20900,0.0,0.0
2004-03-25 00:00:00-05:00,2.167424213616273,2.1781275323546665,2.164748320134863,2.1727757453918457,13300,0.0,0.0
2004-03-26 00:00:00-05:00,2.1674267168381083,2.1674267168381083,2.1540474891662598,2.1540474891662598,25700,0.0,0.0
2004-03-29 00:00:00-05:00,2.1593974698227782,2.167425153749062,2.1513700410838528,2.156721830368042,37000,0.0,0.0
2004-03-30 00:00:00-05:00,2.1593974698227782,2.180804116584818,2.156721830368042,2.156721830368042,31200,0.0,0.0
2004-03-31 00:00:00-05:00,2.162073364464873,2.1647492591069675,2.156721830368042,2.156721830368042,23500,0.0,0.0
2004-04-01 00:00:00-05:00,2.1647492591069675,2.1647492591069675,2.1540459357259474,2.156721830368042,19000,0.0,0.0
2004-04-02 00:00:00-05:00,2.154047902470933,2.154047902470933,2.0898277759552,2.0898277759552,91600,0.0,0.0
2004-04-05 00:00:00-04:00,2.081798307738253,2.10052905867622,1.9934957040265329,1.9988473653793335,128200,0.0,0.0
2004-04-06 00:00:00-04:00,2.0015250539043556,2.0523659461236465,1.9854700554551772,1.9934974908828735,82800,0.0,0.0
2004-04-07 00:00:00-04:00,1.9934954617408844,2.0389846415078585,1.9934954617408844,2.0095505714416504,75200,0.0,0.0
2004-04-08 00:00:00-04:00,2.0068771744628275,2.020256406663439,2.0068771744628275,2.017580509185791,51600,0.0,0.0
2004-04-12 00:00:00-04:00,2.0175791966394794,2.0256067562562396,2.0095517646164507,2.022930860519409,42700,0.0,0.0
2004-04-13 00:00:00-04:00,1.9949320188436594,2.0057008725948506,1.981471015842102,1.9841631650924683,50700,0.046,0.0
2004-04-14 00:00:00-04:00,1.9922416103494356,1.9922416103494356,1.9599350208674118,1.9626271724700928,65700,0.0,0.0
2004-04-15 00:00:00-04:00,1.9599350208674118,1.9707038840280864,1.9518583093094182,1.9626271724700928,62400,0.0,0.0
2004-04-16 00:00:00-04:00,1.95993330833972,1.9841631650924685,1.95993330833972,1.9841631650924683,43800,0.0,0.0
2004-04-19 00:00:00-04:00,1.9680106786531464,1.9841639657985655,1.9518573915077275,1.9545496702194214,116600,0.0,0.0
2004-04-20 00:00:00-04:00,1.9572410310475559,1.9707021624262668,1.892627908529414,1.9141656160354614,125200,0.0,0.0
2004-04-21 00:00:00-04:00,1.914167103669769,1.9168592550128543,1.9033982415475028,1.9114748239517212,96600,0.0,0.0
2004-04-22 00:00:00-04:00,1.91147290127885,1.927626178214325,1.9033963269985295,1.9249340295791626,84400,0.0,0.0
2004-04-23 00:00:00-04:00,1.900705961829455,1.9195515347309022,1.900705961829455,1.9114748239517212,51700,0.0,0.0
2004-04-26 00:00:00-04:00,1.9007057130892433,1.9114745738022179,1.860322421228116,1.887244701385498,115100,0.0,0.0
2004-04-27 00:00:00-04:00,1.887243546285762,1.889935695628785,1.8630135603242175,1.879166841506958,77800,0.0,0.0
2004-04-28 00:00:00-04:00,1.8764745637890676,1.898012400407589,1.8657057096672405,1.879166841506958,72300,0.0,0.0
2004-04-29 00:00:00-04:00,1.8845504653587744,1.8926271666952295,1.854936064958189,1.8710893392562866,83800,0.0,0.0
2004-04-30 00:00:00-04:00,1.8980114105404446,1.943778952501696,1.8710891609017317,1.9195491075515747,178200,0.0,0.0
2004-05-03 00:00:00-04:00,1.9033969033189442,1.9760867357254028,1.9033969033189442,1.9760867357254028,103600,0.0,0.0
2004-05-04 00:00:00-04:00,1.9733953420209167,1.9760876210522895,1.9330120551748344,1.9491653442382812,100700,0.0,0.0
2004-05-05 00:00:00-04:00,1.9464705446988646,1.959931664787106,1.9437782693313141,1.9572393894195557,20300,0.0,0.0
2004-05-06 00:00:00-04:00,1.9410872807032729,1.9599328343981472,1.9114728758612796,1.9330105781555176,73500,0.0,0.0
2004-05-07 00:00:00-04:00,1.8387845777830165,1.9114744469594702,1.8387845777830165,1.8818600177764893,117400,0.0,0.0
2004-05-10 00:00:00-04:00,1.8953204173223903,1.927626984710015,1.838783860206604,1.838783860206604,83400,0.0,0.0
2004-05-11 00:00:00-04:00,1.8441698856414632,1.8845531940460205,1.8441698856414632,1.8845531940460205,66200,0.0,0.0
2004-05-12 00:00:00-04:00,1.8780479945113644,1.9241184577522217,1.8699179887771609,1.8699179887771606,49000,0.046,0.0
2004-05-13 00:00:00-04:00,1.8536570038629523,1.8834671836105583,1.8536570038629523,1.8672070503234863,107500,0.0,0.0
2004-05-14 00:00:00-04:00,1.8455259976369973,1.921406712892071,1.8455259976369973,1.8888863325119019,89500,0.0,0.0
2004-05-17 00:00:00-04:00,1.8943080057280426,1.8943080057280426,1.8590777679142931,1.8834679126739502,42700,0.0,0.0
2004-05-18 00:00:00-04:00,1.8699187437151732,1.8834688018174166,1.8699187437151732,1.8753387928009033,61000,0.0,0.0
2004-05-19 00:00:00-04:00,1.8726287036459566,1.8807588418866334,1.8563685563887662,1.8753387928009033,98300,0.0,0.0
2004-05-20 00:00:00-04:00,1.8780473639066098,1.880757451057434,1.872627318829029,1.880757451057434,49300,0.0,0.0
2004-05-21 00:00:00-04:00,1.878045936092425,1.913276266924316,1.8672058541786078,1.9078562259674072,116400,0.0,0.0
2004-05-24 00:00:00-04:00,1.869917284145876,1.9214077748813436,1.8672071971062956,1.9159877300262451,41700,0.0,0.0
2004-05-25 00:00:00-04:00,1.9078583009807524,1.951218675795371,1.9051483421668938,1.9295384883880615,22400,0.0,0.0
2004-05-26 00:00:00-04:00,1.9403766335471024,1.9566367577740136,1.929536550729162,1.9539268016815186,23600,0.0,0.0
2004-05-27 00:00:00-04:00,1.9593473762848277,1.9620573331147793,1.9322471618652344,1.9322471618652344,81600,0.0,0.0
2004-05-28 00:00:00-04:00,1.926828092608788,1.9485082750994729,1.905147910118103,1.905147910118103,69500,0.0,0.0
2004-06-01 00:00:00-04:00,1.9214074297444,1.953927693033469,1.9186973431916245,1.9457975625991821,47300,0.0,0.0
2004-06-02 00:00:00-04:00,1.9457976690666225,1.9810280208361521,1.9376676674115287,1.9593478441238403,39200,0.0,0.0
2004-06-03 00:00:00-04:00,1.9647668844994592,1.972897011224905,1.9512167163650431,1.9539268016815186,29900,0.0,0.0
2004-06-04 00:00:00-04:00,1.9810282031701016,1.9810282031701016,1.9647680691392841,1.9674781560897827,28700,0.0,0.0
2004-06-07 00:00:00-04:00,1.994577295250956,1.994577295250956,1.9593469593895263,1.9810271263122559,24700,0.0,0.0
2004-06-08 00:00:00-04:00,1.9837381075372142,1.98644806501423,1.9566377574227782,1.9593478441238403,31300,0.0,0.0
2004-06-09 00:00:00-04:00,1.9701881138162232,1.9701881138162232,1.951217892834907,1.9674781560897827,28600,0.0,0.0
2004-06-10 00:00:00-04:00,1.9701878433722444,2.005418193548374,1.9647677994393045,1.991868019104004,49500,0.0,0.0
2004-06-14 00:00:00-04:00,1.9798705577850344,1.9962331082578868,1.9635078772741899,1.9798705577850342,49900,0.046,0.0
2004-06-15 00:00:00-04:00,1.979869011782159,1.9907773702461469,1.949870960987247,1.9771418571472168,64500,0.0,0.0
2004-06-16 00:00:00-04:00,1.9853231910141529,1.9880502156112048,1.9607793194512348,1.9771418571472168,33000,0.0,0.0
2004-06-17 00:00:00-04:00,1.974416136741638,1.974416136741638,1.9662349269697055,1.9744161367416382,22400,0.0,0.0
2004-06-18 00:00:00-04:00,1.974415303574983,2.018048880752006,1.9689611226825963,2.012594699859619,60800,0.0,0.0
2004-06-21 00:00:00-04:00,1.990776790154906,2.0180476783684282,1.9798684348694973,1.9989579916000366,20500,0.0,0.0
2004-06-22 00:00:00-04:00,2.0071406321696457,2.0071406321696457,1.9798697261696379,1.9907780885696411,29200,0.0,0.0
2004-06-23 00:00:00-04:00,2.001686450969644,2.0071406321696457,1.9798697261696379,1.9907780885696411,47600,0.0,0.0
2004-06-24 00:00:00-04:00,1.9907754756712264,1.9989566717144174,1.9853213016298434,1.9935024976730347,40300,0.0,0.0
2004-06-25 00:00:00-04:00,2.00441455831191,2.00441455831191,1.9853249788284302,1.9853249788284302,32100,0.0,0.0
2004-06-28 00:00:00-04:00,1.9989585740751925,2.0016857287101346,1.9771418571472168,1.9771418571472168,45500,0.0,0.0
2004-06-29 00:00:00-04:00,1.9771425705506684,1.998959295350675,1.971688389350667,1.9907780885696411,44100,0.0,0.0
2004-06-30 00:00:00-04:00,1.9907782099633908,2.0098677803084724,1.9825968726455379,2.0016865730285645,37000,0.0,0.0
2004-07-01 00:00:00-04:00,2.0180490016937256,2.0235031829129815,2.004413483626617,2.0180490016937256,47100,0.0,0.0
2004-07-02 00:00:00-04:00,2.0207747405420187,2.053499937057495,2.0207747405420187,2.053499937057495,33700,0.0,0.0
2004-07-06 00:00:00-04:00,2.056227922439575,2.061682102736315,2.0371382263820283,2.056227922439575,16900,0.0,0.0
2004-07-07 00:00:00-04:00,2.064410214969856,2.0834997898394665,2.0507746928875843,2.0671372413635254,48400,0.0,0.0
2004-07-08 00:00:00-04:00,2.0671372413635254,2.0671372413635254,2.0507746928875843,2.0671372413635254,32300,0.0,0.0
2004-07-09 00:00:00-04:00,2.064410329367788,2.0698645124953416,2.056228989657466,2.0589561462402344,23200,0.0,0.0
2004-07-12 00:00:00-04:00,2.058954959429598,2.0698633193969727,2.0562278044188003,2.0698633193969727,22400,0.0,0.0
2004-07-13 00:00:00-04:00,2.0605333879129217,2.1538197610703644,2.0605333879129217,2.0852267742156982,63800,0.046,0.0
2004-07-14 00:00:00-04:00,2.0852283591426257,2.1099218950450456,2.060534954071045,2.060534954071045,31500,0.0,0.0
2004-07-15 00:00:00-04:00,2.060535436599351,2.074253969111485,2.060535436599351,2.0715103149414062,27600,0.0,0.0
2004-07-16 00:00:00-04:00,2.0660228786009163,2.076997756958008,2.0660228786009163,2.076997756958008,22800,0.0,0.0
2004-07-19 00:00:00-04:00,2.074252592463238,2.0797400279923424,2.0632777214050293,2.0632777214050293,29000,0.0,0.0
2004-07-20 00:00:00-04:00,2.063279394411117,2.0769980597730227,2.063279394411117,2.074254274368286,33900,0.0,0.0
2004-07-21 00:00:00-04:00,2.0742525300439016,2.0769963131412785,2.060534007049356,2.06602144241333,18700,0.0,0.0
2004-07-22 00:00:00-04:00,2.0687668343897014,2.0769980597730227,2.0660231798158537,2.074254274368286,43400,0.0,0.0
2004-07-23 00:00:00-04:00,2.0824845468598228,2.0824845468598228,2.074253325242898,2.0797407627105713,19700,0.0,0.0
2004-07-26 00:00:00-04:00,2.0852286880942112,2.096203565597534,2.060535279127165,2.096203565597534,43300,0.0,0.0
2004-07-27 00:00:00-04:00,2.0989454239189276,2.1044328576340714,2.0660208216280656,2.0852267742156982,49000,0.0,0.0
2004-07-28 00:00:00-04:00,2.074253030183754,2.0879716873168945,2.074253030183754,2.0879716873168945,17200,0.0,0.0
2004-07-29 00:00:00-04:00,2.090715146555098,2.0934589300598585,2.0550467459780055,2.06876540184021,38700,0.0,0.0
2004-07-30 00:00:00-04:00,2.0962037286674824,2.0962037286674824,2.076997756958008,2.076997756958008,29600,0.0,0.0
2004-08-02 00:00:00-04:00,2.079740937757262,2.098947035926063,2.079740937757262,2.082484722137451,40300,0.0,0.0
2004-08-03 00:00:00-04:00,2.08522892263065,2.0962038013683735,2.082485268361656,2.0907163619995117,37600,0.0,0.0
2004-08-04 00:00:00-04:00,2.0742539719532997,2.0824851961365534,2.0742539719532997,2.076997756958008,30200,0.0,0.0
2004-08-05 00:00:00-04:00,2.0742539719532997,2.087972635315099,2.068766532774754,2.076997756958008,45600,0.0,0.0
2004-08-06 00:00:00-04:00,2.0934588968398735,2.109921205114808,2.071509152473294,2.0989463329315186,30500,0.0,0.0
2004-08-09 00:00:00-04:00,2.09894562545036,2.1154079281764284,2.0769958884822692,2.104433059692383,30100,0.0,0.0
2004-08-10 00:00:00-04:00,2.104434018640763,2.1154088921258385,2.096202798111551,2.109921455383301,34800,0.0,0.0
2004-08-11 00:00:00-04:00,2.112663745880127,2.1236386122874995,2.1016888794727544,2.112663745880127,18900,0.0,0.0
2004-08-12 00:00:00-04:00,2.1281237488977425,2.1364043123063943,2.1088022149155847,2.111562490463257,26300,0.046,0.0
2004-08-13 00:00:00-04:00,2.1143217711236977,2.12812287999275,2.1143217711236977,2.1226024627685547,20000,0.0,0.0
2004-08-16 00:00:00-04:00,2.122601993881886,2.128122409886611,2.1005203298629853,2.1088008880615234,41700,0.0,0.0
2004-08-17 00:00:00-04:00,2.1170817876935115,2.1170817876935115,2.10052053803801,2.1060409545898438,37800,0.0,0.0
2004-08-18 00:00:00-04:00,2.106041211095969,2.12812287999275,2.106041211095969,2.1226024627685547,35400,0.0,0.0
2004-08-19 00:00:00-04:00,2.117081663229154,2.1419236020604915,2.117081663229154,2.1336429119110107,53000,0.0,0.0
2004-08-20 00:00:00-04:00,2.141923851558117,2.141923851558117,2.1170819098331166,2.119842052459717,41500,0.0,0.0
2004-08-23 00:00:00-04:00,2.125362439951919,2.125362439951919,2.1060410469814315,2.117081880569458,24700,0.0,0.0
2004-08-24 00:00:00-04:00,2.1143204884517277,2.119840902326913,2.0949991056971036,2.097759246826172,31200,0.0,0.0
2004-08-25 00:00:00-04:00,2.1032806805053705,2.108801097057204,2.10052053803801,2.1060409545898438,23400,0.0,0.0
2004-08-26 00:00:00-04:00,2.1088008880615234,2.1088008880615234,2.1005203298629853,2.1088008880615234,36300,0.0,0.0
2004-08-27 00:00:00-04:00,2.1060410760924766,2.119842052459717,2.1060410760924766,2.119842052459717,18400,0.0,0.0
2004-08-30 00:00:00-04:00,2.1226022973634717,2.1226022973634717,2.108801189569879,2.117081880569458,30600,0.0,0.0
2004-08-31 00:00:00-04:00,2.122601539381697,2.1391627838497107,2.1143208513391545,2.125361680984497,55000,0.0,0.0
2004-09-01 00:00:00-04:00,2.136402130126953,2.1419226755834617,2.1253613024480322,2.136402130126953,24200,0.0,0.0
2004-09-02 00:00:00-04:00,2.1364034400204783,2.1446841316653353,2.1143217711236977,2.1226024627685547,56500,0.0,0.0
2004-09-03 00:00:00-04:00,2.1308828567459326,2.1336431309514983,2.1115614637754447,2.117081880569458,22100,0.0,0.0
2004-09-07 00:00:00-04:00,2.1336431403451095,2.1612452244366973,2.1281227235267917,2.147444248199463,47200,0.0,0.0
2004-09-08 00:00:00-04:00,2.1336416506346723,2.1557233024905145,2.1336416506346723,2.139162063598633,45200,0.0,0.0
2004-09-09 00:00:00-04:00,2.1502056885522554,2.161246528852567,2.1446852684020996,2.1446852684020996,21100,0.0,0.0
2004-09-10 00:00:00-04:00,2.1529639069857143,2.166764878363797,2.147443492111067,2.155724048614502,64700,0.0,0.0
2004-09-13 00:00:00-04:00,2.1518368765908433,2.165719748108244,2.135177510208088,2.1490602493286133,34700,0.046,0.0
2004-09-14 00:00:00-04:00,2.1490602493286133,2.1601666259806587,2.1379540050734427,2.1490602493286133,27300,0.0,0.0
2004-09-15 00:00:00-04:00,2.1490610734027897,2.160167454313663,2.12129545211792,2.12129545211792,19300,0.0,0.0
2004-09-16 00:00:00-04:00,2.1324011051127605,2.15183710078271,2.126847982406616,2.126847982406616,42900,0.0,0.0
2004-09-17 00:00:00-04:00,2.1268481114917948,2.149060603664519,2.1240716161686524,2.143507480621338,38500,0.0,0.0
2004-09-20 00:00:00-04:00,2.137954824888842,2.137954824888842,2.112965831930922,2.12129545211792,68200,0.0,0.0
2004-09-21 00:00:00-04:00,2.1157422065734863,2.1157422065734863,2.099082834757583,2.1157422065734863,56300,0.0,0.0
2004-09-22 00:00:00-04:00,2.1240727905890457,2.1435086657880142,2.1212961613337815,2.135179042816162,32800,0.0,0.0
2004-09-23 00:00:00-04:00,2.1490608374373004,2.151837465459378,2.137954590142811,2.146284341812134,26200,0.0,0.0
2004-09-24 00:00:00-04:00,2.1490608374373004,2.151837465459378,2.1351780945176446,2.146284341812134,19500,0.0,0.0
2004-09-27 00:00:00-04:00,2.137955539674456,2.1462852950432785,2.129625916702604,2.135179042816162,40900,0.0,0.0
2004-09-28 00:00:00-04:00,2.135178571849597,2.1435081929841444,2.129625446960918,2.132401943206787,44000,0.0,0.0
2004-09-29 00:00:00-04:00,2.1462848216269546,2.1462848216269546,2.11851919718356,2.132401943206787,34900,0.0,0.0
2004-09-30 00:00:00-04:00,2.132401572958473,2.1379546968829644,2.1157422011849985,2.118518829345703,49800,0.0,0.0
2004-10-01 00:00:00-04:00,2.129625916702604,2.135179042816162,2.1212961613337815,2.135179042816162,26400,0.0,0.0
2004-10-04 00:00:00-04:00,2.1101886214519228,2.1379542350769043,2.1101886214519228,2.1379542350769043,59100,0.0,0.0
2004-10-05 00:00:00-04:00,2.101859003562873,2.140730862637847,2.101859003562873,2.1379542350769043,60400,0.0,0.0
2004-10-06 00:00:00-04:00,2.1407312181648894,2.146284341812134,2.1296249708704003,2.146284341812134,19200,0.0,0.0
2004-10-07 00:00:00-04:00,2.149059997026999,2.149059997026999,2.137953754075711,2.140730381011963,19300,0.0,0.0
2004-10-08 00:00:00-04:00,2.1490590542897174,2.165718543805416,2.1462825609683023,2.1518356800079346,34000,0.0,0.0
2004-10-11 00:00:00-04:00,2.1657213026392172,2.1657213026392172,2.132402413560898,2.135179042816162,36800,0.0,0.0
2004-10-12 00:00:00-04:00,2.1490602493286133,2.1518368765908433,2.1379540050734427,2.1490602493286133,26100,0.0,0.0
2004-10-13 00:00:00-04:00,2.1563221768097502,2.1563221768097502,2.1423564391359298,2.150735855102539,12100,0.046,0.0
2004-10-14 00:00:00-04:00,2.159117378179558,2.1674969349953943,2.1507378213637223,2.1563241481781006,23900,0.0,0.0
2004-10-15 00:00:00-04:00,2.16470216390814,2.16470216390814,2.1283909988709064,2.1423568725585938,53400,0.0,0.0
2004-10-18 00:00:00-04:00,2.1423578038484448,2.150737225152865,2.1339782493555246,2.145150899887085,41500,0.0,0.0
2004-10-19 00:00:00-04:00,2.1423585950601534,2.1758765590336235,2.1423585950601534,2.170290231704712,56600,0.0,0.0
2004-10-20 00:00:00-04:00,2.1758756251789864,2.178668854238903,2.153530325453622,2.1674962043762207,34400,0.0,0.0
2004-10-21 00:00:00-04:00,2.1702888942357674,2.1730821227731343,2.161909341812134,2.161909341812134,16900,0.0,0.0
2004-10-22 00:00:00-04:00,2.1563222987524573,2.175874492427605,2.1563222987524573,2.173081398010254,14200,0.0,0.0
2004-10-25 00:00:00-04:00,2.164701848381356,2.187047136473854,2.164701848381356,2.173081398010254,24100,0.0,0.0
2004-10-26 00:00:00-04:00,2.192633458496979,2.192633458496979,2.164701848381356,2.173081398010254,46500,0.0,0.0
2004-10-27 00:00:00-04:00,2.187047657582696,2.1898408858540135,2.175875010874335,2.1814613342285156,30200,0.0,0.0
2004-10-28 00:00:00-04:00,2.1898409698697754,2.1898409698697754,2.1758750943542804,2.1842546463012695,17700,0.0,0.0
2004-10-29 00:00:00-04:00,2.192632848331112,2.195426075159587,2.18425343422246,2.187046527862549,42600,0.0,0.0
2004-11-01 00:00:00-05:00,2.1926339809368764,2.2038066276452373,2.170288687520155,2.1814613342285156,40500,0.0,0.0
2004-11-02 00:00:00-05:00,2.170287566456859,2.1982191687996755,2.170287566456859,2.187046527862549,14300,0.0,0.0
2004-11-03 00:00:00-05:00,2.198221742220744,2.2121876263359703,2.189842318302442,2.203808069229126,24700,0.0,0.0
2004-11-04 00:00:00-05:00,2.201011838453525,2.228943433725605,2.201011838453525,2.2205638885498047,27400,0.0,0.0
2004-11-05 00:00:00-05:00,2.217773043710299,2.2289456931445284,2.164702892303467,2.164702892303467,38700,0.0,0.0
2004-11-08 00:00:00-05:00,2.1647033065097214,2.167496535996994,2.097667397077326,2.114426374435425,48600,0.0,0.0
2004-11-09 00:00:00-05:00,2.100460435624959,2.1507373663169163,2.100460435624959,2.131185293197632,36000,0.0,0.0
2004-11-10 00:00:00-05:00,2.1553504834164725,2.1637807230929584,2.1441100745169956,2.160970687866211,19900,0.046,0.0
2004-11-11 00:00:00-05:00,2.1694014417613476,2.1750216475432573,2.1553509943047104,2.1665914058685303,22400,0.0,0.0
2004-11-12 00:00:00-05:00,2.166592257570858,2.1694022945683202,2.1413012546120584,2.1581618785858154,27800,0.0,0.0
2004-11-15 00:00:00-05:00,2.160970902781513,2.1946921328336253,2.160970902781513,2.1862618923187256,26600,0.0,0.0
2004-11-16 00:00:00-05:00,2.1862627428267842,2.1918829500218635,2.1778323650360107,2.1778323650360107,39600,0.0,0.0
2004-11-17 00:00:00-05:00,2.1918827799271807,2.194692816308501,2.1778321960316824,2.1806423664093018,27400,0.0,0.0
2004-11-18 00:00:00-05:00,2.1918828802892794,2.1918828802892794,2.1750221252441406,2.1750221252441406,42100,0.0,0.0
2004-11-19 00:00:00-05:00,2.1778323650360107,2.1918829500218635,2.1778323650360107,2.1778323650360107,28300,0.0,0.0
2004-11-22 00:00:00-05:00,2.1918827799271807,2.219983813721878,2.1778321960316824,2.1806423664093018,64300,0.0,0.0
2004-11-23 00:00:00-05:00,2.1806428737817405,2.2143641221813355,2.1806428737817405,2.1946933269500732,37800,0.0,0.0
2004-11-24 00:00:00-05:00,2.197502281073888,2.248084125662645,2.186261871165275,2.2199831008911133,35900,0.0,0.0
2004-11-26 00:00:00-05:00,2.234032146696737,2.2424625158448457,2.2256019115448,2.2256019115448,16100,0.0,0.0
2004-11-29 00:00:00-05:00,2.228414611605874,2.228414611605874,2.1834529463415566,2.1918833255767822,26800,0.0,0.0
2004-11-30 00:00:00-05:00,2.197503089904785,2.205933333441021,2.186262675858934,2.197503089904785,25000,0.0,0.0
2004-12-01 00:00:00-05:00,2.183452505349319,2.214363710973562,2.183452505349319,2.197503089904785,56100,0.0,0.0
2004-12-02 00:00:00-05:00,2.1778321960316824,2.20593322982638,2.1778321960316824,2.1806423664093018,64600,0.0,0.0
2004-12-03 00:00:00-05:00,2.183451926577429,2.200312543176929,2.183451926577429,2.1890721321105957,33300,0.0,0.0
2004-12-06 00:00:00-05:00,2.1862627428267842,2.197503157216943,2.1694019872452373,2.1778323650360107,60700,0.0,0.0
2004-12-07 00:00:00-05:00,2.1750216129343025,2.183451988471161,2.1665913713937175,2.1694014072418213,32300,0.0,0.0
2004-12-08 00:00:00-05:00,2.152542809408845,2.1834540367126465,2.152542809408845,2.1834540367126465,24600,0.0,0.0
2004-12-09 00:00:00-05:00,2.169401143296412,2.1862618923187256,2.169401143296412,2.1862618923187256,15600,0.0,0.0
2004-12-10 00:00:00-05:00,2.186262096342147,2.19750250740848,2.1750215512795443,2.1890721321105957,36800,0.0,0.0
2004-12-13 00:00:00-05:00,2.1907694339752197,2.204903484240364,2.1851158408276206,2.1907694339752197,34200,0.046,0.0
2004-12-14 00:00:00-05:00,2.2049042783339665,2.216211468701436,2.193597087966497,2.207731008529663,34200,0.0,0.0
2004-12-15 00:00:00-05:00,2.1907685949466407,2.204902639798677,2.1738078219995423,2.1766345500946045,150900,0.0,0.0
2004-12-16 00:00:00-05:00,2.159674973181266,2.1738090258607783,2.1568482435207534,2.1681554317474365,53100,0.0,0.0
2004-12-17 00:00:00-05:00,2.1625017472234362,2.1653284767657683,2.1568481533464623,2.159674882888794,47800,0.0,0.0
2004-12-20 00:00:00-05:00,2.1596731531238653,2.165326742472663,2.1342320684503755,2.1483659744262695,84500,0.0,0.0
2004-12-21 00:00:00-05:00,2.1483653590390537,2.1624993957585343,2.139885044841096,2.156845808029175,44800,0.0,0.0
2004-12-22 00:00:00-05:00,2.145540965592514,2.159674882888794,2.1427141012578717,2.159674882888794,24100,0.0,0.0
2004-12-23 00:00:00-05:00,2.151193082149671,2.185114622116089,2.151193082149671,2.185114622116089,31800,0.0,0.0
2004-12-27 00:00:00-05:00,2.187942852273665,2.187942852273665,2.1483676951348456,2.159674882888794,55400,0.0,0.0
2004-12-28 00:00:00-05:00,2.1511943483274294,2.1738087216157007,2.148367484270247,2.16532826423645,30700,0.0,0.0
2004-12-29 00:00:00-05:00,2.1681553411004106,2.1709820706427423,2.1370605073808973,2.159674882888794,57700,0.0,0.0
2004-12-30 00:00:00-05:00,2.139887461180728,2.1709821614079496,2.139887461180728,2.1681554317474365,38800,0.0,0.0
2004-12-31 00:00:00-05:00,2.1709817108104135,2.179462167616425,2.1540209319906785,2.1738085746765137,49700,0.0,0.0
2005-01-03 00:00:00-05:00,2.162501534971565,2.1766354508805863,2.162501534971565,2.16532826423645,23400,0.0,0.0
2005-01-04 00:00:00-05:00,2.1653253020539505,2.1794593334198,2.1653253020539505,2.1794593334198,36900,0.0,0.0
2005-01-05 00:00:00-05:00,2.1794609655089845,2.187941282845289,2.1738073756873773,2.1822876930236816,26000,0.0,0.0
2005-01-06 00:00:00-05:00,2.210557674110999,2.21903799872545,2.1964236200304756,2.204904079437256,33400,0.0,0.0
2005-01-07 00:00:00-05:00,2.2077301468521404,2.2218641966911252,2.2077301468521404,2.2162106037139893,31900,0.0,0.0
2005-01-10 00:00:00-05:00,2.2190372674321597,2.2190372674321597,2.207730081811004,2.213383674621582,31800,0.0,0.0
2005-01-11 00:00:00-05:00,2.209402305546259,2.2463678851179583,2.209402305546259,2.237837314605713,68400,0.046,0.0
2005-01-12 00:00:00-05:00,2.24352555977892,2.2605865746698024,2.2236211102006704,2.2406821250915527,65000,0.0,0.0
2005-01-13 00:00:00-05:00,2.234994851673887,2.2378382860197177,2.2150902688975616,2.2207772731781006,32100,0.0,0.0
2005-01-14 00:00:00-05:00,2.200872010388682,2.206559148500918,2.1809675693511963,2.1809675693511963,75900,0.0,0.0
2005-01-18 00:00:00-05:00,2.178121386440306,2.1951823735364697,2.1752779563852815,2.1923389434814453,53400,0.0,0.0
2005-01-19 00:00:00-05:00,2.180964952084003,2.2037129348788875,2.180964952084003,2.1923389434814453,56300,0.0,0.0
2005-01-20 00:00:00-05:00,2.200869369235191,2.200869369235191,2.1752779563852815,2.1923389434814453,73200,0.0,0.0
2005-01-21 00:00:00-05:00,2.1894965679623506,2.20655769992095,2.1894965679623506,2.1980271339416504,47800,0.0,0.0
2005-01-24 00:00:00-05:00,2.1866531363617483,2.2008705655422527,2.1866531363617483,2.1980271339416504,35500,0.0,0.0
2005-01-25 00:00:00-05:00,2.1923389434814453,2.2065565005225847,2.1923389434814453,2.1923389434814453,26100,0.0,0.0
2005-01-26 00:00:00-05:00,2.198027374450057,2.2008708063617877,2.1809663762133873,2.1866533756256104,57600,0.0,0.0
2005-01-27 00:00:00-05:00,2.189497988824769,2.209402565300934,2.1866545553789365,2.2037155628204346,22900,0.0,0.0
2005-01-28 00:00:00-05:00,2.209402128294633,2.2236196994781494,2.1980281255833427,2.2236196994781494,44200,0.0,0.0
2005-01-31 00:00:00-05:00,2.2321515498516646,2.2463691300551805,2.2264645448880374,2.2406821250915527,33200,0.0,0.0
2005-02-01 00:00:00-05:00,2.2435236465124793,2.2577412145913196,2.2264626461711376,2.252054214477539,48800,0.0,0.0
2005-02-02 00:00:00-05:00,2.240683054070575,2.297553127284975,2.240683054070575,2.28902268409729,41500,0.0,0.0
2005-02-03 00:00:00-05:00,2.291864504667876,2.294707802773015,2.2605857849121094,2.2605857849121094,37700,0.0,0.0
2005-02-04 00:00:00-05:00,2.2804902501468205,2.297551121628837,2.2691161098440906,2.2719595432281494,43800,0.0,0.0
2005-02-07 00:00:00-05:00,2.2776469294314086,2.2776469294314086,2.254898781935292,2.2605857849121094,29700,0.0,0.0
2005-02-08 00:00:00-05:00,2.254897591238917,2.269115158967812,2.252054159046403,2.2662715911865234,34300,0.0,0.0
2005-02-09 00:00:00-05:00,2.2651268367552997,2.276566860264097,2.2565467509357826,2.26798677444458,33200,0.046,0.0
2005-02-10 00:00:00-05:00,2.2822893870783076,2.2908694823530027,2.2737092918036126,2.2880094051361084,34200,0.0,0.0
2005-02-11 00:00:00-05:00,2.293729305267334,2.2965891094151902,2.27656911662047,2.293729305267334,34000,0.0,0.0
2005-02-14 00:00:00-05:00,2.293729074185516,2.30516910788025,2.2880089209621897,2.2908689975738525,44000,0.0,0.0
2005-02-15 00:00:00-05:00,2.2851490745679293,2.299449186314992,2.2822891340441007,2.293729305267334,23600,0.0,0.0
2005-02-16 00:00:00-05:00,2.2822884284359524,2.288008444091143,2.273708336765201,2.2765684127807617,23400,0.0,0.0
2005-02-17 00:00:00-05:00,2.273711440548366,2.2765715204681456,2.259411450077817,2.2651314735412598,42000,0.0,0.0
2005-02-18 00:00:00-05:00,2.2737084317301,2.2737084317301,2.2308083807123498,2.2365283966064453,56600,0.0,0.0
2005-02-22 00:00:00-05:00,2.2336686824399274,2.2594088263225456,2.2193687085753293,2.2279486656188965,54600,0.0,0.0
2005-02-23 00:00:00-05:00,2.2565499471203423,2.2565499471203423,2.2279498478390765,2.2422499656677246,31100,0.0,0.0
2005-02-24 00:00:00-05:00,2.2822901036169307,2.2822901036169307,2.250829926233922,2.253690004348755,28000,0.0,0.0
2005-02-25 00:00:00-05:00,2.259408480757171,2.270848512649536,2.2536884648109883,2.270848512649536,30000,0.0,0.0
2005-02-28 00:00:00-05:00,2.273706786198979,2.273706786198979,2.2651268367552997,2.26798677444458,14700,0.0,0.0
2005-03-01 00:00:00-05:00,2.256551370158037,2.2765715204681456,2.253691426614374,2.2651314735412598,62300,0.0,0.0
2005-03-02 00:00:00-05:00,2.2536884648109883,2.2737084524346587,2.2536884648109883,2.270848512649536,51000,0.0,0.0
2005-03-03 00:00:00-05:00,2.270847689501684,2.282287717247213,2.2622676005045936,2.273707628250122,25000,0.0,0.0
2005-03-04 00:00:00-05:00,2.2679883211100105,2.2822884284359524,2.2651283814703804,2.2765684127807617,26600,0.0,0.0
2005-03-07 00:00:00-05:00,2.276569369020507,2.2880094051361084,2.2737092918036126,2.2880094051361084,41000,0.0,0.0
2005-03-08 00:00:00-05:00,2.2880080771018503,2.2880080771018503,2.2565479278564453,2.2565479278564453,58000,0.0,0.0
2005-03-09 00:00:00-05:00,2.256547439337045,2.256547439337045,2.2365274602771055,2.245107412338257,74000,0.0,0.0
2005-03-10 00:00:00-05:00,2.2353270677139907,2.2497114666863025,2.2353270677139907,2.238204002380371,29200,0.046,0.0
2005-03-11 00:00:00-05:00,2.2353267910962797,2.2410805225372314,2.220942393904011,2.2410805225372314,44900,0.0,0.0
2005-03-14 00:00:00-05:00,2.22381963937225,2.2266964369053595,2.2008047103881836,2.2008047103881836,67000,0.0,0.0
2005-03-15 00:00:00-05:00,2.2036798644602404,2.20943359241524,2.197926136505241,2.206556797027588,47900,0.0,0.0
2005-03-16 00:00:00-05:00,2.197927274859175,2.21231167078651,2.1950504779815674,2.1950504779815674,47000,0.0,0.0
2005-03-17 00:00:00-05:00,2.195049341117589,2.2123105249825876,2.1806649526402424,2.206556797027588,52000,0.0,0.0
2005-03-18 00:00:00-05:00,2.2036804369300245,2.2036804369300245,2.172034993546555,2.1864192485809326,78600,0.0,0.0
2005-03-21 00:00:00-05:00,2.1835445127355175,2.1864213115849127,2.1605295732209173,2.1634063720703125,47500,0.0,0.0
2005-03-22 00:00:00-05:00,2.1691594026540244,2.17203633774918,2.105868339538574,2.105868339538574,55400,0.0,0.0
2005-03-23 00:00:00-05:00,2.1173758055595653,2.1576519366330333,2.1029914044434186,2.105868339538574,55000,0.0,0.0
2005-03-24 00:00:00-05:00,2.088608065928344,2.117376743727658,2.088608065928344,2.114499807357788,38000,0.0,0.0
2005-03-28 00:00:00-05:00,2.120253542917651,2.128884214847383,2.1058692726079324,2.114499807357788,44100,0.0,0.0
2005-03-29 00:00:00-05:00,2.1202511256025205,2.1202511256025205,2.105866871692404,2.108743667602539,49200,0.0,0.0
2005-03-30 00:00:00-05:00,2.1173758337815185,2.1432675640839443,2.111622100694333,2.1260063648223877,97900,0.0,0.0
2005-03-31 00:00:00-05:00,2.143267715264765,2.166282786416751,2.1288834501220797,2.1518983840942383,96900,0.0,0.0
2005-04-01 00:00:00-05:00,2.151897925176666,2.215188980102539,2.151897925176666,2.215188980102539,83200,0.0,0.0
2005-04-04 00:00:00-04:00,2.2008059626299095,2.218067169189453,2.1892984915902134,2.218067169189453,34300,0.0,0.0
2005-04-05 00:00:00-04:00,2.195052126761237,2.2180670677884797,2.1921751905428972,2.2036826610565186,56500,0.0,0.0
2005-04-06 00:00:00-04:00,2.2180670677884797,2.2180670677884797,2.195052126761237,2.2036826610565186,19200,0.0,0.0
2005-04-07 00:00:00-04:00,2.2008047103881836,2.2094352401673096,2.197927775675277,2.2008047103881836,15300,0.0,0.0
2005-04-08 00:00:00-04:00,2.2036820293631196,2.21806643197174,2.2036820293631196,2.212312698364258,32300,0.0,0.0
2005-04-11 00:00:00-04:00,2.2094339381405037,2.2324489907415197,2.203680209285179,2.229572057723999,65800,0.0,0.0
2005-04-12 00:00:00-04:00,2.2139439152271176,2.2370962475277287,2.2139439152271176,2.222625970840454,37900,0.046,0.0
2005-04-13 00:00:00-04:00,2.228416065091208,2.2457804679870605,2.228416065091208,2.2457804679870605,52000,0.0,0.0
2005-04-14 00:00:00-04:00,2.2457789300365145,2.2457789300365145,2.23130865019912,2.2342026233673096,31000,0.0,0.0
2005-04-15 00:00:00-04:00,2.23130865019912,2.239990707702504,2.2226264546969206,2.2342026233673096,40900,0.0,0.0
2005-04-18 00:00:00-04:00,2.254460987539898,2.254460987539898,2.2342026233673096,2.2342026233673096,55300,0.0,0.0
2005-04-19 00:00:00-04:00,2.2486755394975364,2.251569654057531,2.225523175013486,2.2399933338165283,46400,0.0,0.0
2005-04-20 00:00:00-04:00,2.2342021369907594,2.245778441139851,2.2197319983022705,2.222625970840454,37100,0.0,0.0
2005-04-21 00:00:00-04:00,2.2284157276153564,2.237097927748432,2.2168395527705145,2.2284157276153564,42400,0.0,0.0
2005-04-22 00:00:00-04:00,2.2313112661344987,2.2428874483765235,2.2284171515745035,2.2399933338165283,21900,0.0,0.0
2005-04-25 00:00:00-04:00,2.2342038666802853,2.254462242126465,2.2313098919016268,2.254462242126465,73700,0.0,0.0
2005-04-26 00:00:00-04:00,2.257357311970745,2.2602512879763816,2.2399929039411206,2.2486751079559326,44800,0.0,0.0
2005-04-27 00:00:00-04:00,2.2515683175728562,2.2573564052581787,2.239992004203315,2.2573564052581787,23400,0.0,0.0
2005-04-28 00:00:00-04:00,2.2602503804192233,2.268932580947876,2.2602503804192233,2.268932580947876,45600,0.0,0.0
2005-04-29 00:00:00-04:00,2.2718253135681152,2.2776133980893545,2.2631432557856663,2.2718253135681152,41000,0.0,0.0
2005-05-02 00:00:00-04:00,2.274719424828145,2.2776133980893545,2.2602491445256367,2.2718253135681152,46300,0.0,0.0
2005-05-03 00:00:00-04:00,2.2660377067671846,2.280507990120281,2.2660377067671846,2.277613878250122,33400,0.0,0.0
2005-05-04 00:00:00-04:00,2.280508468453812,2.286296555409324,2.2747203814983,2.283402442932129,35700,0.0,0.0
2005-05-05 00:00:00-04:00,2.280507096450669,2.2949772361344563,2.274719012977395,2.292083263397217,25400,0.0,0.0
2005-05-06 00:00:00-04:00,2.2834026816349686,2.2978729695358857,2.2747206192935323,2.2891907691955566,42400,0.0,0.0
2005-05-09 00:00:00-04:00,2.2949784283660706,2.2949784283660706,2.2747201946849427,2.2862963676452637,30200,0.0,0.0
2005-05-10 00:00:00-04:00,2.282222389165393,2.299688359840778,2.282222389165393,2.2909553050994873,34700,0.046,0.0
2005-05-11 00:00:00-04:00,2.296776322276216,2.302598310034811,2.2851323467590268,2.299687385559082,26600,0.0,0.0
2005-05-12 00:00:00-04:00,2.3200642733105945,2.3200642733105945,2.2909543345176213,2.299687385559082,37100,0.0,0.0
2005-05-13 00:00:00-04:00,2.3258852540973667,2.3287963161199134,2.29968638992983,2.3055083751678467,35800,0.0,0.0
2005-05-16 00:00:00-04:00,2.3055085425918187,2.3229744995742307,2.2909535090362647,2.3084194660186768,39400,0.0,0.0
2005-05-17 00:00:00-04:00,2.2938662559893497,2.3142431513643342,2.2938662559893497,2.3113322257995605,34600,0.0,0.0
2005-05-18 00:00:00-04:00,2.3404410483595917,2.3404410483595917,2.3142420368577588,2.3258860111236572,53200,0.0,0.0
2005-05-19 00:00:00-04:00,2.3200632688593497,2.3287963161199134,2.2851313574312497,2.3055083751678467,81700,0.0,0.0
2005-05-20 00:00:00-04:00,2.2996879630026354,2.3171539306640625,2.2996879630026354,2.3171539306640625,19200,0.0,0.0
2005-05-23 00:00:00-04:00,2.32879638671875,2.3404403575477772,2.3142413537789253,2.32879638671875,55900,0.0,0.0
2005-05-24 00:00:00-04:00,2.3375310172193413,2.340442081474375,2.320065048110689,2.3229761123657227,74200,0.0,0.0
2005-05-25 00:00:00-04:00,2.3200666904449463,2.337532671917459,2.317155762936502,2.3200666904449463,41200,0.0,0.0
2005-05-26 00:00:00-04:00,2.3375288462210375,2.3404399077724,2.3229739548853887,2.331707000732422,36000,0.0,0.0
2005-05-27 00:00:00-04:00,2.3404406643329128,2.3520846366882324,2.3287966919775926,2.3520846366882324,31700,0.0,0.0
2005-05-31 00:00:00-04:00,2.3549956991806122,2.3549956991806122,2.337529601840533,2.3520846366882324,32400,0.0,0.0
2005-06-01 00:00:00-04:00,2.340439871180078,2.372460714902098,2.340439871180078,2.3637278079986572,47300,0.0,0.0
2005-06-02 00:00:00-04:00,2.3579066196802194,2.3899274723255086,2.3579066196802194,2.3782835006713867,38200,0.0,0.0
2005-06-03 00:00:00-04:00,2.395750401762251,2.395750401762251,2.381195638829292,2.3870174884796143,26400,0.0,0.0
2005-06-06 00:00:00-04:00,2.3724620015996125,2.389928102493286,2.3724620015996125,2.389928102493286,30300,0.0,0.0
2005-06-07 00:00:00-04:00,2.4015714439796305,2.4015714439796305,2.3782835006713867,2.3782835006713867,27200,0.0,0.0
2005-06-08 00:00:00-04:00,2.3870172225181694,2.3870172225181694,2.3724621835926247,2.384106159210205,41100,0.0,0.0
2005-06-09 00:00:00-04:00,2.3624438132887575,2.3887908159798075,2.353661572119212,2.3565890789031982,56400,0.046,0.0
2005-06-10 00:00:00-04:00,2.371225337639762,2.3770800695661207,2.3507330779417663,2.3536605834960938,38600,0.0,0.0
2005-06-13 00:00:00-04:00,2.3624435034367544,2.3624435034367544,2.344879023401375,2.350733757019043,22200,0.0,0.0
2005-06-14 00:00:00-04:00,2.3478059999438226,2.368297981754552,2.341950988465149,2.362442970275879,52100,0.0,0.0
2005-06-15 00:00:00-04:00,2.3624428403207696,2.371225357055664,2.344878365215577,2.371225357055664,32400,0.0,0.0
2005-06-16 00:00:00-04:00,2.3565881083464717,2.3741525834516644,2.3565881083464717,2.371225357055664,35300,0.0,0.0
2005-06-17 00:00:00-04:00,2.3712258547022853,2.3858628273010254,2.3595161091138794,2.3858628273010254,22700,0.0,0.0
2005-06-20 00:00:00-04:00,2.391718532444066,2.4151380304043006,2.3741537693826715,2.400500774383545,51500,0.0,0.0
2005-06-21 00:00:00-04:00,2.4122097848102744,2.4414842878887253,2.4005000394153644,2.41513729095459,43800,0.0,0.0
2005-06-22 00:00:00-04:00,2.4356298446655273,2.459049340927125,2.4122103484039292,2.4356298446655273,72800,0.0,0.0
2005-06-23 00:00:00-04:00,2.450267564382907,2.450267564382907,2.4180658207108987,2.4209933280944824,43500,0.0,0.0
2005-06-24 00:00:00-04:00,2.4180643558502197,2.4385563367563448,2.4180643558502197,2.4180643558502197,22800,0.0,0.0
2005-06-27 00:00:00-04:00,2.418064029330732,2.4385560074697548,2.4151365241159386,2.4268462657928467,27500,0.0,0.0
2005-06-28 00:00:00-04:00,2.400499601371897,2.4268465934982304,2.400499601371897,2.4180643558502197,51600,0.0,0.0
2005-06-29 00:00:00-04:00,2.4063546657562256,2.4180644092730463,2.403427160081444,2.4063546657562256,12100,0.0,0.0
2005-06-30 00:00:00-04:00,2.4151355843674254,2.429772825563659,2.4092805762160703,2.412208080291748,29000,0.0,0.0
2005-07-01 00:00:00-04:00,2.4268489549453567,2.4356312011389383,2.4092841833756204,2.432703971862793,33900,0.0,0.0
2005-07-05 00:00:00-04:00,2.4209934031168685,2.438557889597722,2.4180658956425662,2.4239206314086914,29900,0.0,0.0
2005-07-06 00:00:00-04:00,2.429773668704605,2.4707576232570654,2.429773668704605,2.450265645980835,46000,0.0,0.0
2005-07-07 00:00:00-04:00,2.4268462508182456,2.467830486025666,2.4268462508182456,2.441483497619629,33800,0.0,0.0
2005-07-08 00:00:00-04:00,2.44148332278399,2.470757535108156,2.44148332278399,2.459047794342041,22800,0.0,0.0
2005-07-11 00:00:00-04:00,2.453192949295044,2.470757420035047,2.4327009737042973,2.453192949295044,24700,0.0,0.0
2005-07-12 00:00:00-04:00,2.497102703198012,2.497102703198012,2.450263774242398,2.4678285121917725,43100,0.0,0.0
2005-07-13 00:00:00-04:00,2.4619754864082495,2.473685228064157,2.4590479811987067,2.4707577228546143,30700,0.0,0.0
2005-07-14 00:00:00-04:00,2.487240965554612,2.57554543666854,2.460749596149216,2.4931280612945557,118200,0.046,0.0
2005-07-15 00:00:00-04:00,2.478411593401628,2.4872419598293063,2.448976664359651,2.4607505798339844,48500,0.0,0.0
2005-07-18 00:00:00-04:00,2.451919338571943,2.463693249845395,2.4136540567551767,2.416597604751587,70000,0.0,0.0
2005-07-19 00:00:00-04:00,2.4342589704879836,2.4342589704879836,2.4048240476136593,2.4313154220581055,47900,0.0,0.0
2005-07-20 00:00:00-04:00,2.413654738130164,2.437202567324623,2.41071118930279,2.419541835784912,50300,0.0,0.0
2005-07-21 00:00:00-04:00,2.4136548615368913,2.419541959492638,2.381276664917126,2.4048244953155518,68700,0.0,0.0
2005-07-22 00:00:00-04:00,2.41071118930279,2.425428652727393,2.395994006590453,2.419541835784912,57000,0.0,0.0
2005-07-25 00:00:00-04:00,2.425428652727393,2.440146116151997,2.419541835784912,2.419541835784912,50200,0.0,0.0
2005-07-26 00:00:00-04:00,2.428372259809373,2.5019592979854144,2.4195418938276845,2.443089723587036,71200,0.0,0.0
2005-07-27 00:00:00-04:00,2.4430907459657707,2.4430907459657707,2.4224861757695826,2.4372036457061768,23100,0.0,0.0
2005-07-28 00:00:00-04:00,2.425430668201304,2.4430916951291652,2.4224871169279103,2.4342613220214844,21500,0.0,0.0
2005-07-29 00:00:00-04:00,2.440145427298491,2.440145427298491,2.416597604751587,2.416597604751587,37900,0.0,0.0
2005-08-01 00:00:00-04:00,2.413654738130164,2.4283722015547675,2.41071118930279,2.419541835784912,47800,0.0,0.0
2005-08-02 00:00:00-04:00,2.4224855228633464,2.434259720209163,2.4165987049027535,2.428372621536255,32400,0.0,0.0
2005-08-03 00:00:00-04:00,2.4283732760291765,2.4401471958359737,2.4283732760291765,2.4372036457061768,16300,0.0,0.0
2005-08-04 00:00:00-04:00,2.440145492553711,2.4430890406288386,2.428371580965397,2.440145492553711,28400,0.0,0.0
2005-08-05 00:00:00-04:00,2.4313162972916076,2.437203115558292,2.410711731577387,2.4136552810668945,28900,0.0,0.0
2005-08-08 00:00:00-04:00,2.4048243723603084,2.4224851039000193,2.3989372747055606,2.419541835784912,25800,0.0,0.0
2005-08-09 00:00:00-04:00,2.421318697017661,2.4449990520057763,2.406518404577064,2.4331588745117188,31300,0.046,0.0
2005-08-10 00:00:00-04:00,2.4449988704235968,2.450918817584921,2.4213185171941447,2.4272384643554688,44400,0.0,0.0
2005-08-11 00:00:00-04:00,2.4301969179243987,2.436116861039154,2.4124365239963637,2.4213168621063232,31100,0.0,0.0
2005-08-12 00:00:00-04:00,2.450918817584921,2.450918817584921,2.4213185171941447,2.4272384643554688,12300,0.0,0.0
2005-08-15 00:00:00-04:00,2.4301993707170513,2.4301993707170513,2.4153990745544434,2.4153990745544434,11900,0.0,0.0
2005-08-16 00:00:00-04:00,2.418359263682152,2.4331595602941904,2.418359263682152,2.42427921295166,29400,0.0,0.0
2005-08-17 00:00:00-04:00,2.4331595602941904,2.4331595602941904,2.4153991479013084,2.42427921295166,23000,0.0,0.0
2005-08-18 00:00:00-04:00,2.4183562357600423,2.4538767337799072,2.4153961236854307,2.4538767337799072,57500,0.0,0.0
2005-08-19 00:00:00-04:00,2.439076455698674,2.4538767337799072,2.439076455698674,2.4538767337799072,21100,0.0,0.0
2005-08-22 00:00:00-04:00,2.4538767337799072,2.4597969579291306,2.4361163436240623,2.4538767337799072,34700,0.0,0.0
2005-08-23 00:00:00-04:00,2.4449977214815015,2.4568378925323486,2.4390774948101055,2.4568378925323486,22300,0.0,0.0
2005-08-24 00:00:00-04:00,2.4509177460587317,2.4775582023678413,2.4509177460587317,2.4657180309295654,43800,0.0,0.0
2005-08-25 00:00:00-04:00,2.468678158272038,2.4893983878327814,2.4627579313735652,2.486438274383545,18900,0.0,0.0
2005-08-26 00:00:00-04:00,2.5012389720044936,2.5012389720044936,2.468678565566784,2.4716386795043945,35000,0.0,0.0
2005-08-29 00:00:00-04:00,2.462759017944336,2.4834795389389415,2.462759017944336,2.462759017944336,36800,0.0,0.0
2005-08-30 00:00:00-04:00,2.465719108926348,2.468679223653049,2.424278349628768,2.4272384643554688,95500,0.0,0.0
2005-08-31 00:00:00-04:00,2.4420396253445427,2.4420396253445427,2.42427921295166,2.42427921295166,60700,0.0,0.0
2005-09-01 00:00:00-04:00,2.433157550430654,2.4568378925323486,2.427237323759258,2.4568378925323486,57800,0.0,0.0
2005-09-02 00:00:00-04:00,2.456838392108344,2.486438684608443,2.4449982186499035,2.4716386795043945,33000,0.0,0.0
2005-09-06 00:00:00-04:00,2.4745993614196777,2.48643953894639,2.4627591838929654,2.4745993614196777,24200,0.0,0.0
2005-09-07 00:00:00-04:00,2.4805182493395748,2.4923584204606155,2.474598022633081,2.477558135986328,42500,0.0,0.0
2005-09-08 00:00:00-04:00,2.486438684608443,2.486438684608443,2.465718451629173,2.4716386795043945,38400,0.0,0.0
2005-09-09 00:00:00-04:00,2.459797638555375,2.480517864227295,2.4509172998743494,2.480517864227295,37500,0.0,0.0
2005-09-12 00:00:00-04:00,2.5071600613372116,2.5071600613372116,2.450919006366253,2.4745993614196777,32400,0.0,0.0
2005-09-13 00:00:00-04:00,2.4716359462831936,2.4953162670135494,2.4716359462831936,2.49531626701355,44500,0.0,0.0
2005-09-14 00:00:00-04:00,2.504198672787008,2.5071587862362446,2.4716382717212744,2.486438274383545,30800,0.0,0.0
2005-09-15 00:00:00-04:00,2.486438274383545,2.4893983878327814,2.4716382717212744,2.486438274383545,40300,0.0,0.0
2005-09-16 00:00:00-04:00,2.5071587049349033,2.5071587049349033,2.4627578515120403,2.477558135986328,43800,0.0,0.0
2005-09-19 00:00:00-04:00,2.4893996715545654,2.501239849165242,2.4805196089195833,2.4893996715545654,58400,0.0,0.0
2005-09-20 00:00:00-04:00,2.4982783905967128,2.5071587307478826,2.4893983327374922,2.492358446121216,36400,0.0,0.0
2005-09-21 00:00:00-04:00,2.5012362060502933,2.5101162557512544,2.4923561563493326,2.49531626701355,31300,0.0,0.0
2005-09-22 00:00:00-04:00,2.5071593494534827,2.510119181275671,2.4686787128448486,2.4686787128448486,28600,0.0,0.0
2005-09-23 00:00:00-04:00,2.4864399278607836,2.4864399278607836,2.4331592618027775,2.4509193897247314,39800,0.0,0.0
2005-09-26 00:00:00-04:00,2.4272393287325036,2.4657199870069335,2.42427921295166,2.42427921295166,23700,0.0,0.0
2005-09-27 00:00:00-04:00,2.4124381730140416,2.4301985790821696,2.4124381730140416,2.4272384643554688,43200,0.0,0.0
2005-09-28 00:00:00-04:00,2.4213172086252817,2.4568377192728694,2.4213172086252817,2.444997549057007,33600,0.0,0.0
2005-09-29 00:00:00-04:00,2.456839124198267,2.459799239017934,2.4361186027526855,2.4361186027526855,28400,0.0,0.0
2005-09-30 00:00:00-04:00,2.439078822112698,2.4449990520057763,2.4301987595651795,2.4331588745117188,23900,0.0,0.0
2005-10-03 00:00:00-04:00,2.4568373869008635,2.468677555514935,2.4301969369462313,2.4420371055603027,27700,0.0,0.0
2005-10-04 00:00:00-04:00,2.4538774127680245,2.480517864227295,2.4420372434852267,2.480517864227295,30200,0.0,0.0
2005-10-05 00:00:00-04:00,2.465717582050822,2.48347797712097,2.465717582050822,2.480517864227295,29700,0.0,0.0
2005-10-06 00:00:00-04:00,2.4716395287570743,2.4834797062837866,2.459799351230362,2.4745993614196777,27800,0.0,0.0
2005-10-07 00:00:00-04:00,2.480518739025224,2.480518739025224,2.456838392108344,2.4716386795043945,41100,0.0,0.0
2005-10-10 00:00:00-04:00,2.4597980863564044,2.4805183158003987,2.4597980863564044,2.4657180309295654,25400,0.0,0.0
2005-10-11 00:00:00-04:00,2.4615508452851267,2.4823861292544884,2.440715277456311,2.4585742950439453,37700,0.046,0.0
2005-10-12 00:00:00-04:00,2.4407165196307177,2.46155209806356,2.425834044710001,2.4288105964660645,23300,0.0,0.0
2005-10-13 00:00:00-04:00,2.4407176417762297,2.4496470172901943,2.393093927222115,2.3960704803466797,35600,0.0,0.0
2005-10-14 00:00:00-04:00,2.39606979613855,2.4347641241293676,2.387140423174407,2.3901166915893555,27600,0.0,0.0
2005-10-17 00:00:00-04:00,2.3811862185745305,2.3901155874135203,2.3543978281980444,2.387139320373535,55600,0.0,0.0
2005-10-18 00:00:00-04:00,2.369281768798828,2.3811876959240608,2.3603522524899803,2.369281768798828,27500,0.0,0.0
2005-10-19 00:00:00-04:00,2.3633303513457387,2.461554527282715,2.3633303513457387,2.461554527282715,70900,0.0,0.0
2005-10-20 00:00:00-04:00,2.4317876087880577,2.449646354987577,2.39904638484917,2.4407169818878174,42100,0.0,0.0
2005-10-21 00:00:00-04:00,2.41690346983362,2.4526212215423584,2.41690346983362,2.4526212215423584,38400,0.0,0.0
2005-10-24 00:00:00-04:00,2.440715409351745,2.4704803456531383,2.4347625924071483,2.4555978775024414,25000,0.0,0.0
2005-10-25 00:00:00-04:00,2.443691959753778,2.4883390803463983,2.443691959753778,2.4555978775024414,26000,0.0,0.0
2005-10-26 00:00:00-04:00,2.455597040613467,2.4645264049168913,2.4347617626190186,2.4347617626190186,31300,0.0,0.0
2005-10-27 00:00:00-04:00,2.4198801242564514,2.4555978775024414,2.4198801242564514,2.4555978775024414,25500,0.0,0.0
2005-10-28 00:00:00-04:00,2.443691827697492,2.4585742950439453,2.440715277456311,2.4585742950439453,16900,0.0,0.0
2005-10-31 00:00:00-05:00,2.488342667944733,2.488342667944733,2.4556014178956804,2.461554527282715,42000,0.0,0.0
2005-11-01 00:00:00-05:00,2.458574418773569,2.4734568868689935,2.458574418773569,2.467503786087036,17300,0.0,0.0
2005-11-02 00:00:00-05:00,2.4675037952511047,2.4823862634018017,2.4555978775024414,2.4555978775024414,33100,0.0,0.0
2005-11-03 00:00:00-05:00,2.455597744802764,2.488338945877397,2.455597744802764,2.4585742950439453,40000,0.0,0.0
2005-11-04 00:00:00-05:00,2.4675036619080353,2.479409579013307,2.455597744802764,2.4585742950439453,17000,0.0,0.0
2005-11-07 00:00:00-05:00,2.4555978775024414,2.476433162597735,2.4555978775024414,2.4555978775024414,25600,0.0,0.0
2005-11-08 00:00:00-05:00,2.458574418773569,2.479409703791482,2.4555978683825903,2.467503786087036,60800,0.0,0.0
2005-11-09 00:00:00-05:00,2.4866559434421576,2.4866559434421576,2.3968849182128906,2.3968849182128906,57700,0.044,0.0
2005-11-10 00:00:00-05:00,2.378929192981198,2.3998759338913933,2.3609750270843506,2.3609750270843506,135600,0.0,0.0
2005-11-11 00:00:00-05:00,2.3669617312436553,2.384915912176092,2.3400305311885736,2.3430228233337402,145500,0.0,0.0
2005-11-14 00:00:00-05:00,2.334043061968507,2.3400277819146016,2.2562415599823,2.2562415599823,166000,0.0,0.0
2005-11-15 00:00:00-05:00,2.2682122186955063,2.289158821105957,2.262227495533528,2.289158821105957,46700,0.0,0.0
2005-11-16 00:00:00-05:00,2.3280611765122683,2.3280611765122683,2.274198488730873,2.277190923690796,65200,0.0,0.0
2005-11-17 00:00:00-05:00,2.2891602939985205,2.3190839290618896,2.268213678110589,2.3190839290618896,47000,0.0,0.0
2005-11-18 00:00:00-05:00,2.307113306449737,2.3280599117279053,2.304120873115538,2.3280599117279053,13900,0.0,0.0
2005-11-21 00:00:00-05:00,2.31309803043106,2.3370369263563524,2.307113306449737,2.3280599117279053,29400,0.0,0.0
2005-11-22 00:00:00-05:00,2.310105655681052,2.337036985623521,2.310105655681052,2.3340446949005127,40100,0.0,0.0
2005-11-23 00:00:00-05:00,2.319081762009703,2.331051204850276,2.2831734334879843,2.3101046085357666,80000,0.0,0.0
2005-11-25 00:00:00-05:00,2.3310522023750293,2.3310522023750293,2.319082754412383,2.3280599117279053,6000,0.0,0.0
2005-11-28 00:00:00-05:00,2.3370365683601553,2.340029001235962,2.319082399166474,2.340029001235962,65700,0.0,0.0
2005-11-29 00:00:00-05:00,2.328061077233616,2.3430228233337402,2.3250686424013036,2.3430228233337402,49300,0.0,0.0
2005-11-30 00:00:00-05:00,2.343020263463115,2.3490049839019775,2.328058533709453,2.3490049839019775,50100,0.0,0.0
2005-12-01 00:00:00-05:00,2.3490069066595627,2.3579840660095215,2.340029889996711,2.3579840660095215,54200,0.0,0.0
2005-12-02 00:00:00-05:00,2.3579836480681307,2.3639683723449707,2.3430217660324906,2.3639683723449707,42700,0.0,0.0
2005-12-05 00:00:00-05:00,2.369952440261841,2.369952440261841,2.351998272403741,2.369952440261841,46900,0.0,0.0
2005-12-06 00:00:00-05:00,2.363967840368452,2.4058609008789062,2.363967840368452,2.4058609008789062,33800,0.0,0.0
2005-12-07 00:00:00-05:00,2.390900050022969,2.4088543692185116,2.3879077586151194,2.3968849182128906,36900,0.0,0.0
2005-12-08 00:00:00-05:00,2.376727877585725,2.4158384799957275,2.3616852388807152,2.4158384799957275,39200,0.043,0.0
2005-12-09 00:00:00-05:00,2.4218545846775044,2.4218545846775044,2.388760880161371,2.4068119525909424,29300,0.0,0.0
2005-12-12 00:00:00-05:00,2.3947782873043284,2.4158378034449832,2.3797356528119797,2.3857526779174805,45100,0.0,0.0
2005-12-13 00:00:00-05:00,2.3797339542782696,2.3917679958999805,2.361682891845703,2.361682891845703,29100,0.0,0.0
2005-12-14 00:00:00-05:00,2.36168678454748,2.3767294330975384,2.34664427945475,2.3586783409118652,37200,0.0,0.0
2005-12-15 00:00:00-05:00,2.3526574541621446,2.3737169554667696,2.3466404332955237,2.3646914958953857,41100,0.0,0.0
2005-12-16 00:00:00-05:00,2.3556679616995355,2.3767276249566107,2.34664249420166,2.34664249420166,30600,0.0,0.0
2005-12-19 00:00:00-05:00,2.3616845637013664,2.3646931479651414,2.340625047683716,2.340625047683716,38200,0.0,0.0
2005-12-20 00:00:00-05:00,2.3466431268817645,2.3556685968130036,2.3255834579467773,2.3255834579467773,52900,0.0,0.0
2005-12-21 00:00:00-05:00,2.322573457097304,2.3406246728749904,2.27142882391776,2.2924883365631104,147000,0.0,0.0
2005-12-22 00:00:00-05:00,2.2774452953168733,2.2864707575581784,2.2684196896184328,2.2744367122650146,86200,0.0,0.0
2005-12-23 00:00:00-05:00,2.2834620475769043,2.2864704868153956,2.259393959840498,2.2834620475769043,38500,0.0,0.0
2005-12-27 00:00:00-05:00,2.289480484245587,2.292488925343079,2.2744378483865044,2.2804548740386963,74000,0.0,0.0
2005-12-28 00:00:00-05:00,2.2924891769737212,2.304523229598999,2.283463709233375,2.304523229598999,67400,0.0,0.0
2005-12-29 00:00:00-05:00,2.2894807355460136,2.3105402559116377,2.2894807355460136,2.304523229598999,53700,0.0,0.0
2005-12-30 00:00:00-05:00,2.3195652789880072,2.352658987045288,2.3075312294139394,2.352658987045288,95300,0.0,0.0
2006-01-03 00:00:00-05:00,2.328590242170844,2.3887606205198217,2.328590242170844,2.3827435970306396,61200,0.0,0.0
2006-01-04 00:00:00-05:00,2.388762518524832,2.406813603334972,2.388762518524832,2.4038050174713135,45900,0.0,0.0
2006-01-05 00:00:00-05:00,2.3857533833302678,2.4218556880950928,2.3857533833302678,2.4218556880950928,43100,0.0,0.0
2006-01-06 00:00:00-05:00,2.415838847106753,2.4519410133361816,2.4128305484401853,2.4519410133361816,44400,0.0,0.0
2006-01-09 00:00:00-05:00,2.4639759237966303,2.4790185700076304,2.439907804624876,2.466984510421753,53100,0.0,0.0
2006-01-10 00:00:00-05:00,2.4760077201410433,2.482024887891183,2.451939622969186,2.4790163040161133,18800,0.0,0.0
2006-01-11 00:00:00-05:00,2.425487219290596,2.461778761949815,2.425487219290596,2.437584400177002,61300,0.043,0.0
2006-01-12 00:00:00-05:00,2.4194392604330988,2.479925184259999,2.4194392604330988,2.476900815963745,27800,0.0,0.0
2006-01-13 00:00:00-05:00,2.4648033376998257,2.482949256896973,2.4617792581833022,2.4829492568969727,27800,0.0,0.0
2006-01-17 00:00:00-05:00,2.4617781332760824,2.4799237557620035,2.4587537667219395,2.470850944519043,57800,0.0,0.0
2006-01-18 00:00:00-05:00,2.470850944519043,2.4799237557620035,2.4617781332760824,2.470850944519043,76000,0.0,0.0
2006-01-19 00:00:00-05:00,2.476902075057953,2.507145196554836,2.476902075057953,2.5041208267211914,62300,0.0,0.0
2006-01-20 00:00:00-05:00,2.4889963957175185,2.5192394823387474,2.4889963957175185,2.5071423053741455,39700,0.0,0.0
2006-01-23 00:00:00-05:00,2.4738753495134023,2.5101668834686275,2.4738753495134023,2.510166883468628,68600,0.0,0.0
2006-01-24 00:00:00-05:00,2.522263973295966,2.531336784362793,2.5101667957337095,2.531336784362793,12200,0.0,0.0
2006-01-25 00:00:00-05:00,2.5192392721634547,2.534360814212508,2.4799233782036865,2.4980692863464355,73900,0.0,0.0
2006-01-26 00:00:00-05:00,2.507141669633689,2.507141669633689,2.488995764578352,2.4920201301574707,31000,0.0,0.0
2006-01-27 00:00:00-05:00,2.495045338882415,2.5343612394387782,2.495045338882415,2.510166883468628,35000,0.0,0.0
2006-01-30 00:00:00-05:00,2.504120806853737,2.513193916282686,2.4859751648353985,2.501096725463867,36300,0.0,0.0
2006-01-31 00:00:00-05:00,2.47085329111972,2.522266417689975,2.47085329111972,2.51924204826355,49400,0.0,0.0
2006-02-01 00:00:00-05:00,2.504120806853737,2.5192423674822058,2.501096725463867,2.501096725463867,23000,0.0,0.0
2006-02-02 00:00:00-05:00,2.4708536042069302,2.501096725463867,2.461780783197761,2.501096725463867,46200,0.0,0.0
2006-02-03 00:00:00-05:00,2.4829487524140808,2.4950459332810864,2.4799243850924437,2.4859731197357178,45500,0.0,0.0
2006-02-06 00:00:00-05:00,2.5010938611015696,2.5101666717201585,2.4889963957175185,2.5071423053741455,38400,0.0,0.0
2006-02-07 00:00:00-05:00,2.519238843530788,2.5252875746890258,2.4799229562603715,2.4920201301574707,61400,0.0,0.0
2006-02-08 00:00:00-05:00,2.4859751648353985,2.513193916282686,2.4859751648353985,2.501096725463867,42300,0.0,0.0
2006-02-09 00:00:00-05:00,2.4868053618803567,2.5020056511436004,2.459444377323424,2.465524435043335,56400,0.043,0.0
2006-02-10 00:00:00-05:00,2.4503267675160356,2.4716074271954422,2.4503267675160356,2.456406831741333,76300,0.0,0.0
2006-02-13 00:00:00-05:00,2.4685649535661365,2.471605127814075,2.453364372253418,2.453364372253418,34900,0.0,0.0
2006-02-14 00:00:00-05:00,2.45336413988148,2.465524545794479,2.422963125098981,2.444243907928467,61600,0.0,0.0
2006-02-15 00:00:00-05:00,2.450325457486591,2.4776861667633057,2.4472852820357045,2.4776861667633057,52200,0.0,0.0
2006-02-16 00:00:00-05:00,2.4776848703651324,2.508086029113035,2.471604812571714,2.4898452758789062,46200,0.0,0.0
2006-02-17 00:00:00-05:00,2.4898438893872523,2.505044460296631,2.4807236628123355,2.505044460296631,20900,0.0,0.0
2006-02-21 00:00:00-05:00,2.5080854892730713,2.5111256624788827,2.489844739965079,2.5080854892730713,32900,0.0,0.0
2006-02-22 00:00:00-05:00,2.4959271844218844,2.5111277733014905,2.4928870086605395,2.502007246017456,15000,0.0,0.0
2006-02-23 00:00:00-05:00,2.5111275614454605,2.5293680346204015,2.4959269738482806,2.517207622528076,67600,0.0,0.0
2006-02-24 00:00:00-05:00,2.5172077494496787,2.5293681621551514,2.5111276880604967,2.5293681621551514,42600,0.0,0.0
2006-02-27 00:00:00-05:00,2.5293680346204015,2.5293680346204015,2.514167736950315,2.517207622528076,15700,0.0,0.0
2006-02-28 00:00:00-05:00,2.5232881007659693,2.541528574860624,2.514167863718642,2.5293681621551514,37100,0.0,0.0
2006-03-01 00:00:00-05:00,2.532406334033167,2.5384866805383504,2.5232861042022705,2.5232861042022705,32900,0.0,0.0
2006-03-02 00:00:00-05:00,2.5232877632114348,2.5384883495415838,2.520247587959991,2.5324079990386963,28000,0.0,0.0
2006-03-03 00:00:00-05:00,2.508088148042996,2.5293688031890866,2.508088148042996,2.5141685009002686,51000,0.0,0.0
2006-03-06 00:00:00-05:00,2.51720716372851,2.51720716372851,2.4959265189274378,2.498966693878174,34700,0.0,0.0
2006-03-07 00:00:00-05:00,2.489845581674203,2.520246744155884,2.4685649418932094,2.520246744155884,42200,0.0,0.0
2006-03-08 00:00:00-05:00,2.5202458684220623,2.550647020339966,2.5141658119946046,2.550647020339966,68900,0.0,0.0
2006-03-09 00:00:00-05:00,2.545149034898849,2.5787583413328807,2.532927442433224,2.563481569290161,72300,0.042,0.0
2006-03-10 00:00:00-05:00,2.5054297108745476,2.5390393210940188,2.4595987950663587,2.4657094478607178,305600,0.0,0.0
2006-03-13 00:00:00-05:00,2.3771005718877314,2.4198761186374034,2.3771005718877314,2.395432949066162,222500,0.0,0.0
2006-03-14 00:00:00-05:00,2.3679341987130123,2.4351529118619797,2.3679341987130123,2.4045989513397217,137600,0.0,0.0
2006-03-15 00:00:00-05:00,2.404598589917544,2.4137648495428787,2.3801554251736574,2.4107093811035156,127700,0.0,0.0
2006-03-16 00:00:00-05:00,2.4137648495428787,2.425986431914822,2.407654058356907,2.4107093811035156,82500,0.0,0.0
2006-03-17 00:00:00-05:00,2.404597743539997,2.432096367044198,2.404597743539997,2.413763999938965,71500,0.0,0.0
2006-03-20 00:00:00-05:00,2.4137658915836315,2.4443198607038665,2.4137658915836315,2.4412643909454346,56300,0.0,0.0
2006-03-21 00:00:00-05:00,2.4443211004691108,2.462653636932373,2.4320995066221966,2.462653636932373,121500,0.0,0.0
2006-03-22 00:00:00-05:00,2.462653636932373,2.474875230779287,2.447376571777285,2.462653636932373,86700,0.0,0.0
2006-03-23 00:00:00-05:00,2.468762254072776,2.484039306640625,2.4595961390862837,2.484039306640625,65800,0.0,0.0
2006-03-24 00:00:00-05:00,2.4809834728266718,2.4901495864645677,2.4748728275299072,2.4748728275299072,42100,0.0,0.0
2006-03-27 00:00:00-05:00,2.5023711684435956,2.5054266367847275,2.4718173591887753,2.4748728275299072,47400,0.0,0.0
2006-03-28 00:00:00-05:00,2.487094409508935,2.5023711684435956,2.4687618908476434,2.4748728275299072,83100,0.0,0.0
2006-03-29 00:00:00-05:00,2.4870947754313026,2.4901499528364393,2.468762254072776,2.484039306640625,104800,0.0,0.0
2006-03-30 00:00:00-05:00,2.474873345480779,2.480983992056403,2.453485354002196,2.456540822982788,37800,0.0,0.0
2006-03-31 00:00:00-05:00,2.4534878508861433,2.468764919950825,2.4534878508861433,2.4657094478607178,49400,0.0,0.0
2006-04-03 00:00:00-04:00,2.44431984788716,2.4687630230551814,2.44431984788716,2.4534859657287598,34000,0.0,0.0
2006-04-04 00:00:00-04:00,2.4565433076073533,2.4687649045054654,2.4565433076073533,2.4595987796783447,26900,0.0,0.0
2006-04-05 00:00:00-04:00,2.4565408132775906,2.4748733357031543,2.4565408132775906,2.4687623977661133,40700,0.0,0.0
2006-04-06 00:00:00-04:00,2.456540228287167,2.4779279232025146,2.4534847600462633,2.4779279232025146,32700,0.0,0.0
2006-04-07 00:00:00-04:00,2.4473748207092285,2.4809841068947462,2.4473748207092285,2.4473748207092285,45300,0.0,0.0
2006-04-10 00:00:00-04:00,2.4473753176295707,2.4626523749559923,2.44431984788716,2.4534859657287598,48700,0.0,0.0
2006-04-11 00:00:00-04:00,2.4510292308501533,2.4694580044404404,2.4479576953556688,2.457172155380249,51100,0.042,0.0
2006-04-12 00:00:00-04:00,2.4602430766589007,2.47252892265185,2.457171541931245,2.4694573879241943,24300,0.0,0.0
2006-04-13 00:00:00-04:00,2.4602432250976562,2.4725290718318718,2.4541001552717026,2.4602432250976562,50700,0.0,0.0
2006-04-17 00:00:00-04:00,2.4571716901846794,2.481743383653111,2.4571716901846794,2.4602432250976562,51000,0.0,0.0
2006-04-18 00:00:00-04:00,2.460244822491497,2.484816531913909,2.460244822491497,2.4786734580993652,38100,0.0,0.0
2006-04-19 00:00:00-04:00,2.472528561244148,2.4971002496384207,2.472528561244148,2.484814405441284,29100,0.0,0.0
2006-04-20 00:00:00-04:00,2.478671586649834,2.509386346696495,2.478671586649834,2.4878861904144287,56600,0.0,0.0
2006-04-21 00:00:00-04:00,2.487885780548689,2.5032428651243626,2.487885780548689,2.490957021713257,33400,0.0,0.0
2006-04-24 00:00:00-04:00,2.5063149810772134,2.53702974319458,2.4940291348138026,2.53702974319458,64700,0.0,0.0
2006-04-25 00:00:00-04:00,2.5431736078627645,2.5431736078627645,2.518601904823921,2.5216734409332275,22500,0.0,0.0
2006-04-26 00:00:00-04:00,2.530886650085449,2.5339581848521795,2.512458027320424,2.530886650085449,48500,0.0,0.0
2006-04-27 00:00:00-04:00,2.5186027114415,2.5339601039886475,2.5155311743484905,2.5339601039886475,29600,0.0,0.0
2006-04-28 00:00:00-04:00,2.537029707788104,2.537029707788104,2.51860079219134,2.527815103530884,36400,0.0,0.0
2006-05-01 00:00:00-04:00,2.530888566895638,2.5462459594427855,2.5186027114415,2.5339601039886475,25300,0.0,0.0
2006-05-02 00:00:00-04:00,2.5339592924526495,2.5370308285619565,2.5216734409332275,2.5216734409332275,23900,0.0,0.0
2006-05-03 00:00:00-04:00,2.52167199821919,2.5339578427095613,2.5155289295151855,2.5186004638671875,25000,0.0,0.0
2006-05-04 00:00:00-04:00,2.5216734409332275,2.5339592924526495,2.518601904823921,2.5216734409332275,39300,0.0,0.0
2006-05-05 00:00:00-04:00,2.5278157200754583,2.5308872555770248,2.5155298709869385,2.5155298709869385,17100,0.0,0.0
2006-05-08 00:00:00-04:00,2.518602037162534,2.524745109703932,2.5032446487268594,2.5063161849975586,35200,0.0,0.0
2006-05-09 00:00:00-04:00,2.518970860650779,2.518970860650779,2.4973621357961364,2.5004491806030273,15100,0.041,0.0
2006-05-10 00:00:00-04:00,2.531320289211737,2.5344073359012684,2.5097115511789667,2.518972396850586,37800,0.0,0.0
2006-05-11 00:00:00-04:00,2.525144950264561,2.525144950264561,2.5004491806030273,2.5004491806030273,19800,0.0,0.0
2006-05-12 00:00:00-04:00,2.5004491806030273,2.5158838158438885,2.48501425096537,2.5004491806030273,21400,0.0,0.0
2006-05-15 00:00:00-04:00,2.5004491806030273,2.518970860650779,2.4973621357961364,2.5004491806030273,35800,0.0,0.0
2006-05-16 00:00:00-04:00,2.5004494693949573,2.5282319926753556,2.5004494693949573,2.5127973556518555,43300,0.0,0.0
2006-05-17 00:00:00-04:00,2.5035360710386807,2.5189710015396307,2.4541445289530897,2.4664924144744873,61200,0.0,0.0
2006-05-18 00:00:00-04:00,2.4788417916291117,2.4788417916291117,2.4078414807561224,2.447972059249878,105300,0.0,0.0
2006-05-19 00:00:00-04:00,2.447972059249878,2.447972059249878,2.426363320183662,2.447972059249878,44700,0.0,0.0
2006-05-22 00:00:00-04:00,2.4479731512187444,2.5127998389301567,2.4356252527590163,2.4541471004486084,90100,0.0,0.0
2006-05-23 00:00:00-04:00,2.4417981127740314,2.457233052562896,2.435624166298185,2.447972059249878,32600,0.0,0.0
2006-05-24 00:00:00-04:00,2.4448832005619607,2.4572310836194755,2.420187434446931,2.438709259033203,40700,0.0,0.0
2006-05-25 00:00:00-04:00,2.4356240784959415,2.451059017728389,2.417102239736099,2.42327618598938,47000,0.0,0.0
2006-05-26 00:00:00-04:00,2.4417961561983934,2.4448832005619607,2.4263613759756884,2.438709259033203,10900,0.0,0.0
2006-05-30 00:00:00-04:00,2.4387109798831794,2.4417978792266064,2.420189142227173,2.420189142227173,27700,0.0,0.0
2006-05-31 00:00:00-04:00,2.4201871981367833,2.4448829618404875,2.4201871981367833,2.435621976852417,60200,0.0,0.0
2006-06-01 00:00:00-04:00,2.432535658738121,2.4634053707122803,2.4294486139415064,2.4634053707122803,43200,0.0,0.0
2006-06-02 00:00:00-04:00,2.4634053707122803,2.469579313107112,2.4479704411260017,2.4634053707122803,27200,0.0,0.0
2006-06-05 00:00:00-04:00,2.451060199432957,2.4695820471225485,2.4479731512187444,2.4541471004486084,48000,0.0,0.0
2006-06-06 00:00:00-04:00,2.4479725324153807,2.4634074751876454,2.444885632180042,2.451059579849243,26200,0.0,0.0
2006-06-07 00:00:00-04:00,2.472667846590458,2.4757548932456506,2.444885015487671,2.444885015487671,37000,0.0,0.0
2006-06-08 00:00:00-04:00,2.450780924852341,2.460087604906633,2.419758411459681,2.435269594192505,31300,0.039,0.0
2006-06-09 00:00:00-04:00,2.422860588835441,2.444576422173809,2.4011447554970724,2.435269594192505,37800,0.0,0.0
2006-06-12 00:00:00-04:00,2.4197554778221297,2.4445734584476972,2.407346487509346,2.4166531562805176,35700,0.0,0.0
2006-06-13 00:00:00-04:00,2.4166541777996557,2.425960998431651,2.3887338638305664,2.3887338638305664,26100,0.0,0.0
2006-06-14 00:00:00-04:00,2.3949382305145264,2.4104495480764885,2.3763247381963044,2.3949382305145264,45700,0.0,0.0
2006-06-15 00:00:00-04:00,2.39183517565495,2.4166531562805176,2.388732854113338,2.4166531562805176,52400,0.0,0.0
2006-06-16 00:00:00-04:00,2.41665564402544,2.4228601455688477,2.4042466409386254,2.4228601455688477,29000,0.0,0.0
2006-06-19 00:00:00-04:00,2.394938228675079,2.4445743560791016,2.394938228675079,2.4445743560791016,62500,0.0,0.0
2006-06-20 00:00:00-04:00,2.4445754147343757,2.456984414977539,2.4352685905885276,2.450779914855957,38600,0.0,0.0
2006-06-21 00:00:00-04:00,2.441470988500459,2.4476754832797085,2.4197553307364976,2.425959825515747,51800,0.0,0.0
2006-06-22 00:00:00-04:00,2.4197554778221297,2.4259599729785215,2.404244165967734,2.4166531562805176,42900,0.0,0.0
2006-06-23 00:00:00-04:00,2.410450298881135,2.4321661206465266,2.4073481231586125,2.4290637969970703,21500,0.0,0.0
2006-06-26 00:00:00-04:00,2.416656086156909,2.435269594192505,2.410451583478377,2.435269594192505,22300,0.0,0.0
2006-06-27 00:00:00-04:00,2.4166537006554956,2.46628967308762,2.4166537006554956,2.4383695125579834,36000,0.0,0.0
2006-06-28 00:00:00-04:00,2.4290623472389945,2.4414713385767874,2.4135511820301767,2.4321646690368652,27900,0.0,0.0
2006-06-29 00:00:00-04:00,2.4135526225305908,2.4321661206465266,2.4073481231586125,2.4290637969970703,29500,0.0,0.0
2006-06-30 00:00:00-04:00,2.407348965673822,2.4352691486556624,2.407348965673822,2.4228601455688477,35000,0.0,0.0
2006-07-03 00:00:00-04:00,2.4290630585562387,2.441472053527832,2.4259608837767845,2.441472053527832,16800,0.0,0.0
2006-07-05 00:00:00-04:00,2.444574203408103,2.4786988632040026,2.438369706360951,2.4631876945495605,47000,0.0,0.0
2006-07-06 00:00:00-04:00,2.4476779329304623,2.4724959368854678,2.4476779329304623,2.456984758377075,28700,0.0,0.0
2006-07-07 00:00:00-04:00,2.4507808579652104,2.4631898629836058,2.4445763554560127,2.460087537765503,26100,0.0,0.0
2006-07-10 00:00:00-04:00,2.4445754147343757,2.4662910911964353,2.4352685905885276,2.450779914855957,25700,0.0,0.0
2006-07-11 00:00:00-04:00,2.4567015142787096,2.4598190784454346,2.4348779704687136,2.4598190784454346,32400,0.039,0.0
2006-07-12 00:00:00-04:00,2.447348752677609,2.456701743371431,2.4348781975263427,2.4379959106445312,38600,0.0,0.0
2006-07-13 00:00:00-04:00,2.4379959939550706,2.456701827321181,2.428643002941641,2.4442312717437744,42900,0.0,0.0
2006-07-14 00:00:00-04:00,2.4317604461977216,2.4379957232941987,2.4130544662475586,2.4130544662475586,27900,0.0,0.0
2006-07-17 00:00:00-04:00,2.4068194417465416,2.428642988204956,2.400584163995673,2.428642988204956,70600,0.0,0.0
2006-07-18 00:00:00-04:00,2.4099366664886475,2.4286424959498185,2.4068189539147604,2.4099366664886475,30900,0.0,0.0
2006-07-19 00:00:00-04:00,2.422410876942905,2.444234451928316,2.4099403051400823,2.4348814487457275,34100,0.0,0.0
2006-07-20 00:00:00-04:00,2.422409455502125,2.478526995685728,2.422409455502125,2.4691741466522217,78100,0.0,0.0
2006-07-21 00:00:00-04:00,2.456703503509993,2.478526916330018,2.453585788158075,2.4629387855529785,22900,0.0,0.0
2006-07-24 00:00:00-04:00,2.4629387855529785,2.478526916330018,2.456703503509993,2.4629387855529785,30100,0.0,0.0
2006-07-25 00:00:00-04:00,2.4535858667152377,2.478526995685728,2.450468299924354,2.4691741466522217,33700,0.0,0.0
2006-07-26 00:00:00-04:00,2.462937847787297,2.5564670428207625,2.4504672884495013,2.497231960296631,81500,0.0,0.0
2006-07-27 00:00:00-04:00,2.4878774541476076,2.5034655695138497,2.4785244659992998,2.494112730026245,26500,0.0,0.0
2006-07-28 00:00:00-04:00,2.4941129863546387,2.5221718050225586,2.4909952737645504,2.5097012519836426,29300,0.0,0.0
2006-07-31 00:00:00-04:00,2.497230698944727,2.5252895176126464,2.497230698944727,2.5097012519836426,42900,0.0,0.0
2006-08-01 00:00:00-04:00,2.5065851176117446,2.5097028321648356,2.4878792762756348,2.4878792762756348,33200,0.0,0.0
2006-08-02 00:00:00-04:00,2.5034655695138497,2.5097009940531905,2.4847597418779372,2.494112730026245,19100,0.0,0.0
2006-08-03 00:00:00-04:00,2.4785274628729916,2.5003511778270897,2.4785274628729916,2.4909980297088623,16900,0.0,0.0
2006-08-04 00:00:00-04:00,2.512820550269781,2.515937967505654,2.487879279792234,2.506585121154785,21300,0.0,0.0
2006-08-07 00:00:00-04:00,2.5097012519836426,2.512818964573731,2.4909952737645504,2.5097012519836426,25700,0.0,0.0
2006-08-08 00:00:00-04:00,2.494116053778252,2.5190571905302903,2.494116053778252,2.515939474105835,30000,0.0,0.0
2006-08-09 00:00:00-04:00,2.525022368814786,2.5312877773212077,2.509358399400683,2.5156238079071045,36600,0.039,0.0
2006-08-10 00:00:00-04:00,2.5093578909612764,2.534420117439653,2.5093578909612764,2.518756151199341,28000,0.0,0.0
2006-08-11 00:00:00-04:00,2.515623232699467,2.53128719853194,2.5030921197865483,2.52502179145813,15200,0.0,0.0
2006-08-14 00:00:00-04:00,2.50935959815979,2.540687253188325,2.50935959815979,2.50935959815979,25100,0.0,0.0
2006-08-15 00:00:00-04:00,2.5281561314238092,2.546952963453338,2.50935959815979,2.50935959815979,43400,0.0,0.0
2006-08-16 00:00:00-04:00,2.5062268908278034,2.5344219911521004,2.5062268908278034,2.528156280517578,33800,0.0,0.0
2006-08-17 00:00:00-04:00,2.528154617494918,2.534420324007853,2.51562350323438,2.5218892097473145,9900,0.0,0.0
2006-08-18 00:00:00-04:00,2.5156231624975254,2.5469510932882216,2.50935775559856,2.537552833557129,30600,0.0,0.0
2006-08-21 00:00:00-04:00,2.559483674794804,2.559483674794804,2.5375542899147394,2.540686845779419,30100,0.0,0.0
2006-08-22 00:00:00-04:00,2.553216668347862,2.5657477817364103,2.537553000686159,2.550084114074707,58100,0.0,0.0
2006-08-23 00:00:00-04:00,2.537554846469362,2.565749648028132,2.528156280517578,2.528156280517578,50700,0.0,0.0
2006-08-24 00:00:00-04:00,2.5375537052515305,2.5594830850789725,2.5375537052515305,2.5563502311706543,16600,0.0,0.0
2006-08-25 00:00:00-04:00,2.537552930093817,2.5688805633110277,2.537552930093817,2.562615156173706,50400,0.0,0.0
2006-08-28 00:00:00-04:00,2.562616027220923,2.587678261819603,2.553217465172366,2.5814125537872314,62400,0.0,0.0
2006-08-29 00:00:00-04:00,2.581410200632396,2.581410200632396,2.5688790947561273,2.578277349472046,16700,0.0,0.0
2006-08-30 00:00:00-04:00,2.5814152383458473,2.6064774990081787,2.568884108014682,2.6064774990081787,30300,0.0,0.0
2006-08-31 00:00:00-04:00,2.615873488515606,2.615873488515606,2.590811252593994,2.590811252593994,29600,0.0,0.0
2006-09-01 00:00:00-04:00,2.575146256855738,2.6096067428588867,2.575146256855738,2.6096067428588867,39800,0.0,0.0
2006-09-05 00:00:00-04:00,2.6096077801524933,2.61274063433405,2.581412690049326,2.590811252593994,31600,0.0,0.0
2006-09-06 00:00:00-04:00,2.5908117164494238,2.600209981911326,2.559483766555786,2.559483766555786,36700,0.0,0.0
2006-09-07 00:00:00-04:00,2.543819714359817,2.58767878312593,2.5344214491833155,2.572014808654785,26000,0.0,0.0
2006-09-08 00:00:00-04:00,2.55635083418364,2.5908116377732515,2.5312885945359938,2.572014808654785,59200,0.0,0.0
2006-09-11 00:00:00-04:00,2.5594831732047374,2.584545407803417,2.5594831732047374,2.5814125537872314,12300,0.0,0.0
2006-09-12 00:00:00-04:00,2.593687623545272,2.6062783285067117,2.5685062136223924,2.5968353748321533,17800,0.039,0.0
2006-09-13 00:00:00-04:00,2.606278689054547,2.606278689054547,2.571654320667237,2.5779495239257812,34800,0.0,0.0
2006-09-14 00:00:00-04:00,2.577949673209587,2.5873929289234328,2.5653589657772695,2.5685067176818848,28000,0.0,0.0
2006-09-15 00:00:00-04:00,2.5716541715736625,2.59368783198034,2.5685064200338203,2.58109712600708,17400,0.0,0.0
2006-09-18 00:00:00-04:00,2.5810982983165034,2.6251659393310547,2.5685075866246665,2.6251659393310547,41600,0.0,0.0
2006-09-19 00:00:00-04:00,2.6251648384415858,2.6251648384415858,2.5905401706695557,2.5905401706695557,26400,0.0,0.0
2006-09-20 00:00:00-04:00,2.590539962696862,2.612573922288174,2.590539962696862,2.606278419494629,21100,0.0,0.0
2006-09-21 00:00:00-04:00,2.5873924211575945,2.6031308774059156,2.5873924211575945,2.5968353748321533,24100,0.0,0.0
2006-09-22 00:00:00-04:00,2.5999831261190343,2.6062783285067117,2.581096918583832,2.5968353748321533,39000,0.0,0.0
2006-09-25 00:00:00-04:00,2.5999831261190343,2.6031308774059156,2.5905398722583906,2.5968353748321533,33100,0.0,0.0
2006-09-26 00:00:00-04:00,2.5999831261190343,2.609426079793593,2.5842446698707136,2.5968353748321533,27100,0.0,0.0
2006-09-27 00:00:00-04:00,2.5873925985048296,2.6062785071484407,2.5873925985048296,2.603131055831909,37000,0.0,0.0
2006-09-28 00:00:00-04:00,2.5999839926786095,2.6094269495004507,2.5842455311847505,2.593688488006592,34600,0.0,0.0
2006-09-29 00:00:00-04:00,2.5999858232676973,2.5999858232676973,2.584247350692749,2.584247350692749,31800,0.0,0.0
2006-10-02 00:00:00-04:00,2.581097778848742,2.5968362403426006,2.581097778848742,2.593688488006592,27900,0.0,0.0
2006-10-03 00:00:00-04:00,2.606279197164442,2.606279197164442,2.581097778848742,2.593688488006592,45100,0.0,0.0
2006-10-04 00:00:00-04:00,2.5905404362526268,2.6031314441413773,2.584245232494402,2.5999836921691895,21700,0.0,0.0
2006-10-05 00:00:00-04:00,2.590540049821361,2.603131055831909,2.5873925985048296,2.603131055831909,20400,0.0,0.0
2006-10-06 00:00:00-04:00,2.593687982351332,2.596835734073667,2.5779495239257812,2.5779495239257812,24300,0.0,0.0
2006-10-09 00:00:00-04:00,2.5936883110367193,2.5936883110367193,2.571654646560406,2.5748023986816406,30000,0.0,0.0
2006-10-10 00:00:00-04:00,2.5776493218636616,2.6156027079190123,2.5776493218636616,2.593463182449341,134200,0.039,0.0
2006-10-11 00:00:00-04:00,2.5839731999422293,2.6061124084784386,2.5808103696873155,2.5871360301971436,42500,0.0,0.0
2006-10-12 00:00:00-04:00,2.5681611591112734,2.5871378523824182,2.56183579577043,2.5776493549346924,70100,0.0,0.0
2006-10-13 00:00:00-04:00,2.558672160332187,2.5681603531780466,2.552346497352139,2.555509328842163,46100,0.0,0.0
2006-10-16 00:00:00-04:00,2.5555096845935643,2.564997878760271,2.5302076323995095,2.5491843223571777,48700,0.0,0.0
2006-10-17 00:00:00-04:00,2.555510224895571,2.568161253667358,2.536533832550049,2.536533832550049,34200,0.0,0.0
2006-10-18 00:00:00-04:00,2.5523473922965443,2.5586730574945973,2.5333709999510226,2.536533832550049,40100,0.0,0.0
2006-10-19 00:00:00-04:00,2.5302080775146467,2.5523473016731217,2.5302080775146467,2.5460219383239746,29200,0.0,0.0
2006-10-20 00:00:00-04:00,2.552347484229294,2.5586731496551907,2.5365339239132116,2.539696455001831,25100,0.0,0.0
2006-10-23 00:00:00-04:00,2.5238832450995425,2.5460226260504157,2.5238832450995425,2.5428597927093506,46200,0.0,0.0
2006-10-24 00:00:00-04:00,2.5460226260504157,2.555510824449222,2.536534427651609,2.5428597927093506,33100,0.0,0.0
2006-10-25 00:00:00-04:00,2.5396945031092693,2.571322202682495,2.5333691441690824,2.571322202682495,46700,0.0,0.0
2006-10-26 00:00:00-04:00,2.5681600011105954,2.587136685825025,2.5681600011105954,2.580811023712158,36600,0.0,0.0
2006-10-27 00:00:00-04:00,2.587137819189651,2.596626014891337,2.5839749867476547,2.593463182449341,26800,0.0,0.0
2006-10-30 00:00:00-05:00,2.596626014891337,2.602951378151027,2.593463182449341,2.593463182449341,13600,0.0,0.0
2006-10-31 00:00:00-05:00,2.6061142105930233,2.6092770430350196,2.590300350007344,2.593463182449341,25000,0.0,0.0
2006-11-01 00:00:00-05:00,2.5902996940113083,2.6029507189511056,2.5902996940113083,2.599788188934326,26500,0.0,0.0
2006-11-02 00:00:00-05:00,2.6061135505921116,2.609276382233118,2.5966253572933202,2.599788188934326,18300,0.0,0.0
2006-11-03 00:00:00-05:00,2.599788188934326,2.599788188934326,2.5934625256523143,2.599788188934326,11700,0.0,0.0
2006-11-06 00:00:00-05:00,2.593462969633201,2.615602493286133,2.5903001374507424,2.615602493286133,54300,0.0,0.0
2006-11-07 00:00:00-05:00,2.6219278560267716,2.6219278560267716,2.606113996738757,2.615602493286133,21100,0.0,0.0
2006-11-08 00:00:00-05:00,2.6156026703868505,2.6314162291213123,2.6156026703868505,2.628253698348999,42800,0.0,0.0
2006-11-09 00:00:00-05:00,2.627935647964478,2.627935647964478,2.6088694771209773,2.6279356479644775,24700,0.039,0.0
2006-11-10 00:00:00-05:00,2.6311130905663074,2.6374685818629757,2.6247579023161434,2.6279356479644775,35200,0.0,0.0
2006-11-13 00:00:00-05:00,2.615225463857599,2.643824577331543,2.6120480202856253,2.643824577331543,77200,0.0,0.0
2006-11-14 00:00:00-05:00,2.627935669657668,2.6533570289611816,2.627935669657668,2.6533570289611816,26400,0.0,0.0
2006-11-15 00:00:00-05:00,2.643824591338195,2.672423704963653,2.643824591338195,2.669245958328247,52000,0.0,0.0
2006-11-16 00:00:00-05:00,2.6565348069485695,2.6724232342806378,2.653357363919392,2.659712553024292,28300,0.0,0.0
2006-11-17 00:00:00-05:00,2.6660676702513944,2.6692451128337336,2.653356990782529,2.656534433364868,26700,0.0,0.0
2006-11-20 00:00:00-05:00,2.6692455133429003,2.675601005554199,2.6565348319668503,2.675601005554199,26800,0.0,0.0
2006-11-21 00:00:00-05:00,2.6756006040914175,2.6756006040914175,2.6501792451536867,2.656534433364868,34100,0.0,0.0
2006-11-22 00:00:00-05:00,2.669246360707461,2.6851347932330167,2.65335823122855,2.6787796020507812,40900,0.0,0.0
2006-11-24 00:00:00-05:00,2.6724238307276496,2.6819567680358887,2.6724238307276496,2.6819567680358887,7600,0.0,0.0
2006-11-27 00:00:00-05:00,2.6851339408246,2.691489433035899,2.6692455133429003,2.675601005554199,50500,0.0,0.0
2006-11-28 00:00:00-05:00,2.6724225698175466,2.701021671295166,2.6724225698175466,2.701021671295166,41100,0.0,0.0
2006-11-29 00:00:00-05:00,2.7010220125786164,2.7073775039528902,2.669245161800265,2.6978442668914795,67200,0.0,0.0
2006-11-30 00:00:00-05:00,2.701021257621355,2.73597554127033,2.685132836673121,2.7327980995178223,49800,0.0,0.0
2006-12-01 00:00:00-05:00,2.7010210903847627,2.7232646965071994,2.6978433457825846,2.7137317657470703,56300,0.0,0.0
2006-12-04 00:00:00-05:00,2.7010208545369903,2.7296199473665674,2.7010208545369903,2.7041985988616943,41600,0.0,0.0
2006-12-05 00:00:00-05:00,2.710554021144892,2.7200872549514266,2.6914881596246336,2.7137317657470703,33700,0.0,0.0
2006-12-06 00:00:00-05:00,2.6978438158966007,2.742331338940073,2.6946660707406833,2.7232651710510254,73200,0.0,0.0
2006-12-07 00:00:00-05:00,2.7105557026059155,2.7486877523476014,2.7105557026059155,2.739154815673828,56800,0.0,0.0
2006-12-08 00:00:00-05:00,2.7232651710510254,2.7455090840959904,2.7232651710510254,2.7232651710510254,28400,0.0,0.0
2006-12-11 00:00:00-05:00,2.745509147644043,2.7645750129279345,2.726442979313686,2.745509147644043,45300,0.0,0.0
2006-12-12 00:00:00-05:00,2.726443312854388,2.7550424173253747,2.726443312854388,2.7518646717071533,27700,0.0,0.0
2006-12-13 00:00:00-05:00,2.745163135328248,2.7579313232146188,2.7036664485931396,2.7036664485931396,78200,0.039,0.0
2006-12-14 00:00:00-05:00,2.7036635427229543,2.7196238365313588,2.655782661297741,2.6653590202331543,114500,0.0,0.0
2006-12-15 00:00:00-05:00,2.6940889576480256,2.6940889576480256,2.678128957748413,2.678128957748413,40900,0.0,0.0
2006-12-18 00:00:00-05:00,2.7004725039962776,2.703664624919126,2.6813200828765935,2.68770432472229,46200,0.0,0.0
2006-12-19 00:00:00-05:00,2.6813196220870776,2.6908959832099084,2.6621675086761245,2.668551445007324,47800,0.0,0.0
2006-12-20 00:00:00-05:00,2.668551510909806,2.678127872269134,2.668551510909806,2.671743631362915,28900,0.0,0.0
2006-12-21 00:00:00-05:00,2.6653590202331543,2.6749350747512834,2.6621669005880166,2.6653590202331543,56800,0.0,0.0
2006-12-22 00:00:00-05:00,2.6653606243739256,2.674936684655383,2.6557842596750008,2.662168502807617,46300,0.0,0.0
2006-12-26 00:00:00-05:00,2.6653602550498383,2.671744192880401,2.6557838916778564,2.6557838916778564,22900,0.0,0.0
2006-12-27 00:00:00-05:00,2.6493993315963706,2.668551445007324,2.6493993315963706,2.668551445007324,23800,0.0,0.0
2006-12-28 00:00:00-05:00,2.658974780942879,2.6685508354610077,2.64939872642475,2.6653590202331543,45700,0.0,0.0
2006-12-29 00:00:00-05:00,2.652592074971288,2.6685520717564066,2.6430157115993063,2.6557838916778564,59300,0.0,0.0
2007-01-03 00:00:00-05:00,2.6494007110595703,2.6717449564787765,2.6270561612228516,2.6494007110595703,78600,0.0,0.0
2007-01-04 00:00:00-05:00,2.655784650714695,2.6589767727510143,2.6398246493681268,2.6494007110595703,44500,0.0,0.0
2007-01-05 00:00:00-05:00,2.652592833095889,2.6589767727510143,2.643016466986933,2.6494007110595703,29700,0.0,0.0
2007-01-08 00:00:00-05:00,2.662166327266631,2.662166327266631,2.6462060368954186,2.652590274810791,54200,0.0,0.0
2007-01-09 00:00:00-05:00,2.6462060368954186,2.652590274810791,2.6430139179377323,2.652590274810791,55600,0.0,0.0
2007-01-10 00:00:00-05:00,2.6586845933299053,2.6586845933299053,2.6426490399665705,2.652270555496216,36100,0.039,0.0
2007-01-11 00:00:00-05:00,2.636236825400989,2.661893606185913,2.6266153032169286,2.661893606185913,52700,0.0,0.0
2007-01-12 00:00:00-05:00,2.645855678530679,2.6779267787933345,2.645855678530679,2.677926778793335,40300,0.0,0.0
2007-01-16 00:00:00-05:00,2.674720864741288,2.6939632892608643,2.6650996524815,2.6939632892608643,47900,0.0,0.0
2007-01-17 00:00:00-05:00,2.6779280374454917,2.70999884692906,2.6779280374454917,2.6939632892608643,46000,0.0,0.0
2007-01-18 00:00:00-05:00,2.681133688937348,2.719618826383987,2.681133688937348,2.7067904472351074,37100,0.0,0.0
2007-01-19 00:00:00-05:00,2.6875488459079317,2.7324483394622803,2.6875488459079317,2.7324483394622803,39900,0.0,0.0
2007-01-22 00:00:00-05:00,2.713207236804354,2.7356568440992457,2.713207236804354,2.7292428016662598,50000,0.0,0.0
2007-01-23 00:00:00-05:00,2.729241167239946,2.7324483394622803,2.7132056119810515,2.7324483394622803,30000,0.0,0.0
2007-01-24 00:00:00-05:00,2.7196219483181596,2.7452790419211373,2.7164150792391935,2.7420718669891357,33000,0.0,0.0
2007-01-25 00:00:00-05:00,2.732450736179045,2.7420719554323387,2.7164151668548584,2.7164151668548584,38000,0.0,0.0
2007-01-26 00:00:00-05:00,2.7228293418884277,2.7228293418884277,2.7100009469833597,2.7228293418884277,16100,0.0,0.0
2007-01-29 00:00:00-05:00,2.719619650572943,2.742069550276506,2.719619650572943,2.7324483394622803,31300,0.0,0.0
2007-01-30 00:00:00-05:00,2.732447524143488,2.7420687320868984,2.7292403528781226,2.738861560821533,17000,0.0,0.0
2007-01-31 00:00:00-05:00,2.7388623780541717,2.7581051055354004,2.722826822795277,2.7324483394622803,65200,0.0,0.0
2007-02-01 00:00:00-05:00,2.735654179540608,2.7420685215789113,2.7260329723358154,2.7260329723358154,24300,0.0,0.0
2007-02-02 00:00:00-05:00,2.7228271620170394,2.7324486798827334,2.7164131226260593,2.7196199893951416,44800,0.0,0.0
2007-02-05 00:00:00-05:00,2.7164152973624236,2.7388649119830277,2.7132081221728916,2.7228293418884277,20800,0.0,0.0
2007-02-06 00:00:00-05:00,2.71962127923734,2.738864018242219,2.716414410947327,2.7292428016662598,23700,0.0,0.0
2007-02-07 00:00:00-05:00,2.719622166698896,2.7388649119830277,2.719622166698896,2.7228293418884277,22700,0.0,0.0
2007-02-08 00:00:00-05:00,2.7228293418884277,2.7388649119830277,2.7100009469833597,2.7228293418884277,36200,0.0,0.0
2007-02-09 00:00:00-05:00,2.719282287181801,2.732169869310087,2.687063485493185,2.712838649749756,49000,0.039,0.0
2007-02-12 00:00:00-05:00,2.6999524767584884,2.712840065612958,2.6935085286990756,2.709618091583252,19500,0.0,0.0
2007-02-13 00:00:00-05:00,2.6999517485923024,2.719282973028276,2.6870641632135626,2.706395387649536,42300,0.0,0.0
2007-02-14 00:00:00-05:00,2.7096178569286726,2.7643901816329417,2.7096178569286726,2.732171058654785,79700,0.0,0.0
2007-02-15 00:00:00-05:00,2.7386146674432834,2.7482802802355524,2.7225051079466414,2.725727081298828,28500,0.0,0.0
2007-02-16 00:00:00-05:00,2.7096155906905346,2.7353907446097923,2.7096155906905346,2.7192811965942383,47600,0.0,0.0
2007-02-20 00:00:00-05:00,2.7096164558398277,2.7225040369143128,2.7063944837551643,2.7160604000091553,24300,0.0,0.0
2007-02-21 00:00:00-05:00,2.7096175152331767,2.7192831280020133,2.703173875808716,2.703173875808716,78900,0.0,0.0
2007-02-22 00:00:00-05:00,2.7160619261790946,2.7225055667049687,2.687064775651805,2.6999523639678955,83200,0.0,0.0
2007-02-23 00:00:00-05:00,2.703173875808716,2.7096175152331767,2.6870643163511287,2.703173875808716,28400,0.0,0.0
2007-02-26 00:00:00-05:00,2.6999517485923024,2.712839333971042,2.6967297754315496,2.706395387649536,27500,0.0,0.0
2007-02-27 00:00:00-05:00,2.703173606079939,2.7063952718385598,2.6870640482298,2.6967296600341797,55600,0.0,0.0
2007-02-28 00:00:00-05:00,2.6935079557755897,2.7096175152331767,2.683842343006753,2.703173875808716,41400,0.0,0.0
2007-03-01 00:00:00-05:00,2.6999519024643406,2.7063955418888015,2.690286289695504,2.703173875808716,16500,0.0,0.0
2007-03-02 00:00:00-05:00,2.703174337863004,2.712839952283986,2.6999523639678955,2.6999523639678955,17700,0.0,0.0
2007-03-05 00:00:00-05:00,2.6999519805012056,2.7096175935494076,2.683842420578003,2.683842420578003,33100,0.0,0.0
2007-03-06 00:00:00-05:00,2.6838421900528098,2.706395387649536,2.6838421900528098,2.706395387649536,46700,0.0,0.0
2007-03-07 00:00:00-05:00,2.690286136374316,2.706395387649536,2.690286136374316,2.706395387649536,18700,0.0,0.0
2007-03-08 00:00:00-05:00,2.6999523639678955,2.703174337863004,2.6902867495469134,2.6999523639678955,40300,0.0,0.0
2007-03-09 00:00:00-05:00,2.7125762279520873,2.7158132664686145,2.6963913440704346,2.6963913440704346,39100,0.039,0.0
2007-03-12 00:00:00-04:00,2.702864824618999,2.7255234718322754,2.702864824618999,2.7255234718322754,37800,0.0,0.0
2007-03-13 00:00:00-04:00,2.731997238735676,2.731997238735676,2.715812667126716,2.7255234718322754,37800,0.0,0.0
2007-03-14 00:00:00-04:00,2.7287607192993164,2.7287607192993164,2.719049605146686,2.7287607192993164,27800,0.0,0.0
2007-03-15 00:00:00-04:00,2.7287607192993164,2.738471524751007,2.712575837745872,2.7287607192993164,104100,0.0,0.0
2007-03-16 00:00:00-04:00,2.7190484323125044,2.7352333068847656,2.7190484323125044,2.7352333068847656,34500,0.0,0.0
2007-03-19 00:00:00-04:00,2.7319981158062268,2.7417092323303223,2.7319981158062268,2.7417092323303223,22300,0.0,0.0
2007-03-20 00:00:00-04:00,2.7352323797193385,2.748180213248042,2.7319953441619873,2.7319953441619873,18300,0.0,0.0
2007-03-21 00:00:00-04:00,2.735235154647592,2.7481830013120376,2.735235154647592,2.7417092323303223,19000,0.0,0.0
2007-03-22 00:00:00-04:00,2.7384733299758244,2.7578952623832476,2.7384733299758244,2.7546582221984863,27700,0.0,0.0
2007-03-23 00:00:00-04:00,2.7449449919890063,2.7578931427766187,2.7449449919890063,2.7514190673828125,10600,0.0,0.0
2007-03-26 00:00:00-04:00,2.751419051774902,2.7643668937881594,2.744944976417821,2.761129856109619,18300,0.0,0.0
2007-03-27 00:00:00-04:00,2.761129871772616,2.764366909469519,2.7481820296859096,2.7514190673828125,56100,0.0,0.0
2007-03-28 00:00:00-04:00,2.7514190673828125,2.764366909469519,2.7481820296859096,2.7514190673828125,42200,0.0,0.0
2007-03-29 00:00:00-04:00,2.751419023278922,2.767603902803096,2.751419023278922,2.764366865158081,22500,0.0,0.0
2007-03-30 00:00:00-04:00,2.764366374537063,2.780551251188738,2.757892609096901,2.7740771770477295,24700,0.0,0.0
2007-04-02 00:00:00-04:00,2.7805518371616484,2.796736717224121,2.770841032604529,2.796736717224121,36600,0.0,0.0
2007-04-03 00:00:00-04:00,2.7999759455343476,2.8032129861764066,2.770843505859375,2.770843505859375,33900,0.0,0.0
2007-04-04 00:00:00-04:00,2.7999713857771478,2.7999713857771478,2.7578911607628287,2.777312755584717,59700,0.0,0.0
2007-04-05 00:00:00-04:00,2.761129254084698,2.79026196943778,2.761129254084698,2.7837882041931152,36500,0.0,0.0
2007-04-09 00:00:00-04:00,2.7870250166289,2.796736127840412,2.7708404486780713,2.7740771770477295,46100,0.0,0.0
2007-04-10 00:00:00-04:00,2.7737558804565747,2.7932666098764583,2.7737558804565747,2.7835114002227783,44700,0.039,0.0
2007-04-11 00:00:00-04:00,2.7770056938584613,2.7900127339423206,2.7705023288726807,2.7705023288726807,40900,0.0,0.0
2007-04-12 00:00:00-04:00,2.780256471105734,2.780256471105734,2.7282283306121826,2.7282283306121826,122200,0.0,0.0
2007-04-13 00:00:00-04:00,2.7314796447753906,2.741235152944786,2.72822811883108,2.7314796447753906,52300,0.0,0.0
2007-04-16 00:00:00-04:00,2.7217236005636933,2.7379824656791585,2.7152202405847423,2.7184717655181885,49500,0.0,0.0
2007-04-17 00:00:00-04:00,2.731480268433995,2.7412357788307933,2.718473231350489,2.7379839420318604,55900,0.0,0.0
2007-04-18 00:00:00-04:00,2.7282289334533267,2.7444874983659897,2.7282289334533267,2.7412359714508057,47900,0.0,0.0
2007-04-19 00:00:00-04:00,2.7314804603685108,2.7412359714508057,2.7282289334533267,2.7412359714508057,27200,0.0,0.0
2007-04-20 00:00:00-04:00,2.7347314808318557,2.741235152944786,2.72822811883108,2.7314796447753906,25900,0.0,0.0
2007-04-23 00:00:00-04:00,2.7314796447753906,2.741235152944786,2.7314796447753906,2.7314796447753906,30100,0.0,0.0
2007-04-24 00:00:00-04:00,2.731479856808895,2.7379835294266788,2.7184728216855074,2.7282283306121826,46300,0.0,0.0
2007-04-25 00:00:00-04:00,2.731479856808895,2.731479856808895,2.7152212954887944,2.7282283306121826,65300,0.0,0.0
2007-04-26 00:00:00-04:00,2.7314796447753906,2.7314796447753906,2.72172444671815,2.7314796447753906,30900,0.0,0.0
2007-04-27 00:00:00-04:00,2.721726132053237,2.7314813361510515,2.7152227660254766,2.724977970123291,114300,0.0,0.0
2007-04-30 00:00:00-04:00,2.724976282774615,2.7347314808318557,2.718472610661685,2.7314796447753906,52100,0.0,0.0
2007-05-01 00:00:00-04:00,2.7314790180816484,2.7509897198318685,2.7314790180816484,2.7477378845214844,42800,0.0,0.0
2007-05-02 00:00:00-04:00,2.754242922802584,2.7574944496154785,2.7379840482891615,2.7574944496154785,45400,0.0,0.0
2007-05-03 00:00:00-04:00,2.7477378845214844,2.7574930803405526,2.734730853392032,2.7477378845214844,67100,0.0,0.0
2007-05-04 00:00:00-04:00,2.7412343301342084,2.7542413603437157,2.7379824950538163,2.744485855102539,55000,0.0,0.0
2007-05-07 00:00:00-04:00,2.7412351925793006,2.750990390777588,2.7379833564758185,2.750990390777588,43300,0.0,0.0
2007-05-08 00:00:00-04:00,2.744488811794181,2.757495856016432,2.744488811794181,2.754244327545166,27600,0.0,0.0
2007-05-09 00:00:00-04:00,2.7571847718062825,2.766985416412354,2.750651320282539,2.7669854164123535,72100,0.039,0.0
2007-05-10 00:00:00-04:00,2.7571811194036484,2.770248316688156,2.7375804792501652,2.7441139221191406,55000,0.0,0.0
2007-05-11 00:00:00-04:00,2.74411392211914,2.7571811194036484,2.74411392211914,2.7441139221191406,41800,0.0,0.0
2007-05-14 00:00:00-04:00,2.744115523306059,2.766983365557215,2.744115523306059,2.747382402420044,57400,0.0,0.0
2007-05-15 00:00:00-04:00,2.7506496224799832,2.763716829008878,2.7506496224799832,2.7539165019989014,59700,0.0,0.0
2007-05-16 00:00:00-04:00,2.7539152497090256,2.763715572262494,2.7539152497090256,2.760448694229126,37800,0.0,0.0
2007-05-17 00:00:00-04:00,2.7604496073292446,2.7637164864432298,2.747382402420044,2.747382402420044,56100,0.0,0.0
2007-05-18 00:00:00-04:00,2.750649281534029,2.7539161606480143,2.7375820766248284,2.747382402420044,61300,0.0,0.0
2007-05-21 00:00:00-04:00,2.7506487369537354,2.7539156154209357,2.7441149800193347,2.7506487369537354,30400,0.0,0.0
2007-05-22 00:00:00-04:00,2.75391455374244,2.760447996611415,2.74411392211914,2.7441139221191406,61700,0.0,0.0
2007-05-23 00:00:00-04:00,2.7441129154522863,2.7473797914616123,2.731045722961426,2.731045722961426,79200,0.0,0.0
2007-05-24 00:00:00-04:00,2.7310487541385844,2.7408493930442424,2.7212484267797166,2.7343156337738037,40600,0.0,0.0
2007-05-25 00:00:00-04:00,2.7310459531659608,2.7375797057353544,2.721245635858341,2.7277793884277344,34500,0.0,0.0
2007-05-29 00:00:00-04:00,2.7310487541385844,2.744115961132672,2.7212484267797166,2.7343156337738037,36200,0.0,0.0
2007-05-30 00:00:00-04:00,2.740848413098812,2.7539156154209357,2.740848413098812,2.7506487369537354,28500,0.0,0.0
2007-05-31 00:00:00-04:00,2.7539161606480143,2.7571827282152594,2.744115523306059,2.747382402420044,38700,0.0,0.0
2007-06-01 00:00:00-04:00,2.7604490608086585,2.763715939275859,2.747381858486535,2.7506487369537354,15000,0.0,0.0
2007-06-04 00:00:00-04:00,2.7506482003265917,2.7604485222695585,2.740847878383625,2.7571816444396973,47100,0.0,0.0
2007-06-05 00:00:00-04:00,2.7571821823414577,2.7604490608086585,2.7441149800193347,2.7506487369537354,30300,0.0,0.0
2007-06-06 00:00:00-04:00,2.7441149800193347,2.7539156154209357,2.7343146561644116,2.7506487369537354,22200,0.0,0.0
2007-06-07 00:00:00-04:00,2.7375797057353544,2.7441131467582776,2.708178442266024,2.7277793884277344,53700,0.0,0.0
2007-06-08 00:00:00-04:00,2.727781669486379,2.75718264599528,2.7114475859502805,2.721247911453247,35100,0.0,0.0
2007-06-11 00:00:00-04:00,2.7304384519570712,2.7304384519570712,2.6746482161187957,2.6976208686828613,62600,0.038,0.0
2007-06-12 00:00:00-04:00,2.5926027274112218,2.6680835716588343,2.5926027274112218,2.618856906890869,183100,0.0,0.0
2007-06-13 00:00:00-04:00,2.615574917176464,2.69105575741175,2.615574917176464,2.654956340789795,82000,0.0,0.0
2007-06-14 00:00:00-04:00,2.6418295270080794,2.66808370782764,2.6418295270080794,2.648392915725708,59100,0.0,0.0
2007-06-15 00:00:00-04:00,2.6647996302029533,2.668081478306628,2.6319820880889893,2.6319820880889893,76600,0.0,0.0
2007-06-18 00:00:00-04:00,2.635263623218403,2.641827319425752,2.6188548521614208,2.6319820880889893,86200,0.0,0.0
2007-06-19 00:00:00-04:00,2.6319847262935094,2.6418299674987793,2.625421023506946,2.6418299674987793,22100,0.0,0.0
2007-06-20 00:00:00-04:00,2.6319847262935094,2.6615204499093195,2.6319847262935094,2.6418299674987793,47400,0.0,0.0
2007-06-21 00:00:00-04:00,2.6385473830214456,2.6615197104427226,2.6385473830214456,2.645111083984375,33700,0.0,0.0
2007-06-22 00:00:00-04:00,2.638545489399798,2.658236265182495,2.638545489399798,2.658236265182495,20200,0.0,0.0
2007-06-25 00:00:00-04:00,2.6483933573107676,2.664802301302601,2.635266264712216,2.6418299674987793,49200,0.0,0.0
2007-06-26 00:00:00-04:00,2.6385481161054978,2.6516752087040496,2.6319847262935094,2.6418299674987793,32800,0.0,0.0
2007-06-27 00:00:00-04:00,2.6516744902856653,2.654956340789795,2.6319840132098675,2.654956340789795,32100,0.0,0.0
2007-06-28 00:00:00-04:00,2.6483926397815356,2.671365280335953,2.645111102251896,2.654956340789795,25200,0.0,0.0
2007-06-29 00:00:00-04:00,2.674644879864768,2.6779267279909282,2.654954417056335,2.658236265182495,37200,0.0,0.0
2007-07-02 00:00:00-04:00,2.645110665156524,2.681210075813177,2.645110665156524,2.6615192890167236,52600,0.0,0.0
2007-07-03 00:00:00-04:00,2.6582381721304866,2.671365261077881,2.6582381721304866,2.671365261077881,6300,0.0,0.0
2007-07-05 00:00:00-04:00,2.6483926214913516,2.668083411405652,2.645111083984375,2.645111083984375,29300,0.0,0.0
2007-07-06 00:00:00-04:00,2.4810217631198923,2.654955898694656,2.4810217631198923,2.6352651119232178,22700,0.0,0.0
2007-07-09 00:00:00-04:00,2.6287017068340215,2.64839218049508,2.6221380069640445,2.638546943664551,20500,0.0,0.0
2007-07-10 00:00:00-04:00,2.6246992391962465,2.6510781007390563,2.6246992391962465,2.6378886699676514,33500,0.038,0.0
2007-07-11 00:00:00-04:00,2.627996863186028,2.651078448680544,2.627996863186028,2.634591579437256,26400,0.0,0.0
2007-07-12 00:00:00-04:00,2.6312928199768066,2.6444824022913225,2.61810339489264,2.6312928199768066,52200,0.0,0.0
2007-07-13 00:00:00-04:00,2.6378866577752316,2.641184091567993,2.6213998032720176,2.641184091567993,21600,0.0,0.0
2007-07-16 00:00:00-04:00,2.6312921577275414,2.6543737244307892,2.555452903965796,2.565345048904419,159200,0.0,0.0
2007-07-17 00:00:00-04:00,2.552155181004519,2.585128888913753,2.552155181004519,2.581831455230713,85000,0.0,0.0
2007-07-18 00:00:00-04:00,2.5752387620843766,2.581833477385306,2.552157179915916,2.5686440467834473,56500,0.0,0.0
2007-07-19 00:00:00-04:00,2.552156805693636,2.5587516772579755,2.5158859554721196,2.5290753841400146,86500,0.0,0.0
2007-07-20 00:00:00-04:00,2.512587623469676,2.5356691940206737,2.512587623469676,2.532371759414673,47800,0.0,0.0
2007-07-23 00:00:00-04:00,2.5389664713963387,2.5455611833780045,2.529074482039008,2.532371759414673,50300,0.0,0.0
2007-07-24 00:00:00-04:00,2.5422639060023395,2.5455611833780045,2.5158850580756766,2.532371759414673,49500,0.0,0.0
2007-07-25 00:00:00-04:00,2.5224789755183146,2.5356683953271975,2.499397412237626,2.512586832046509,48000,0.0,0.0
2007-07-26 00:00:00-04:00,2.509289844022975,2.5290739760094656,2.433450592792941,2.4565320014953613,84000,0.0,0.0
2007-07-27 00:00:00-04:00,2.4565317698298856,2.4961001873016357,2.446639783384665,2.4961001873016357,121000,0.0,0.0
2007-07-30 00:00:00-04:00,2.4862095881884034,2.5191831588745117,2.4862095881884034,2.5191831588745117,35400,0.0,0.0
2007-07-31 00:00:00-04:00,2.5158858804210946,2.5323725871489553,2.492804302325625,2.5191831588745117,46000,0.0,0.0
2007-08-01 00:00:00-04:00,2.5191826271899243,2.5488589131593047,2.4993984889537884,2.5257773399353027,54000,0.0,0.0
2007-08-02 00:00:00-04:00,2.519181181545718,2.562046868407176,2.519181181545718,2.5488574504852295,42200,0.0,0.0
2007-08-03 00:00:00-04:00,2.5719391472825284,2.5719391472825284,2.5488575860761267,2.562047004699707,25300,0.0,0.0
2007-08-06 00:00:00-04:00,2.5785347909480976,2.5785347909480976,2.5455610752105713,2.5455610752105713,48200,0.0,0.0
2007-08-07 00:00:00-04:00,2.5488599008806587,2.5686440467834473,2.545562464614987,2.5686440467834473,31800,0.0,0.0
2007-08-08 00:00:00-04:00,2.5686438149613706,2.5752385296671223,2.555454385549868,2.5587518215179443,20000,0.0,0.0
2007-08-09 00:00:00-04:00,2.5719397597867313,2.5719397597867313,2.552155469909485,2.565345048904419,28400,0.0,0.0
2007-08-10 00:00:00-04:00,2.558056275772669,2.5746240614171256,2.5216074001582456,2.5679969787597656,45800,0.038,0.0
2007-08-13 00:00:00-04:00,2.5679965005210974,2.574623581944294,2.544801636538866,2.5613694190979004,68000,0.0,0.0
2007-08-14 00:00:00-04:00,2.574623898350929,2.5779375184707947,2.531547784805298,2.531547784805298,31400,0.0,0.0
2007-08-15 00:00:00-04:00,2.51497793691388,2.5182913961051026,2.4387664794921875,2.4387664794921875,89600,0.0,0.0
2007-08-16 00:00:00-04:00,2.3890655028551033,2.3890655028551033,2.3360488435080957,2.3691842555999756,186800,0.0,0.0
2007-08-17 00:00:00-04:00,2.359244245310207,2.4553370475769043,2.359244245310207,2.4553370475769043,109300,0.0,0.0
2007-08-20 00:00:00-04:00,2.452023584396408,2.4652777531227006,2.438769415670116,2.4553370475769043,41000,0.0,0.0
2007-08-21 00:00:00-04:00,2.4487103358456666,2.534862603678922,2.4487103358456666,2.5182948112487793,83000,0.0,0.0
2007-08-22 00:00:00-04:00,2.5414884050362114,2.544801867046901,2.495098830871868,2.5083529949188232,40800,0.0,0.0
2007-08-23 00:00:00-04:00,2.5017270880055165,2.551430147527049,2.5017270880055165,2.548116683959961,41600,0.0,0.0
2007-08-24 00:00:00-04:00,2.548115247754046,2.548115247754046,2.511666221046971,2.521606922149658,20600,0.0,0.0
2007-08-27 00:00:00-04:00,2.505038745648523,2.534860686264048,2.498411665289746,2.5249199867248535,31500,0.0,0.0
2007-08-28 00:00:00-04:00,2.491785288451921,2.514980155257418,2.4785311239922385,2.4984123706817627,41800,0.0,0.0
2007-08-29 00:00:00-04:00,2.5017271768208156,2.534862603678922,2.4984135551339155,2.5182948112487793,34700,0.0,0.0
2007-08-30 00:00:00-04:00,2.5249206217808644,2.534861323820297,2.5050393757040976,2.5149800777435303,16500,0.0,0.0
2007-08-31 00:00:00-04:00,2.5448017059321395,2.551428787536048,2.4851579714969643,2.5116662979125977,72200,0.0,0.0
2007-09-04 00:00:00-04:00,2.5216076364978326,2.5547430528902746,2.5017263866623676,2.5348618030548096,36600,0.0,0.0
2007-09-05 00:00:00-04:00,2.5348625136872625,2.5613708542326594,2.518294721845303,2.548116683959961,38900,0.0,0.0
2007-09-06 00:00:00-04:00,2.5580555751344596,2.6176994607166613,2.5514284942922227,2.6077587604522705,59000,0.0,0.0
2007-09-07 00:00:00-04:00,2.597818852923957,2.6342677274609025,2.591191770462502,2.6243271827697754,23600,0.0,0.0
2007-09-10 00:00:00-04:00,2.6369803028609358,2.6636164418774846,2.6036851290902496,2.623662233352661,33600,0.038,0.0
2007-09-11 00:00:00-04:00,2.623661042896508,2.6369791063618635,2.5936953207175377,2.6103429794311523,24500,0.0,0.0
2007-09-12 00:00:00-04:00,2.6103417828701017,2.62365984023056,2.5936941317876454,2.5970237255096436,27300,0.0,0.0
2007-09-13 00:00:00-04:00,2.5803771035854424,2.6036837926437735,2.553740978240967,2.553740978240967,29800,0.0,0.0
2007-09-14 00:00:00-04:00,2.5603996107769507,2.5770471071423686,2.543751955647727,2.5504109859466553,21500,0.0,0.0
2007-09-17 00:00:00-04:00,2.5604000095770854,2.570388477199349,2.5304342891826352,2.553740978240967,21700,0.0,0.0
2007-09-18 00:00:00-04:00,2.540424104965754,2.56706024278096,2.5204470016043503,2.5470831394195557,39000,0.0,0.0
2007-09-19 00:00:00-04:00,2.5337625265022856,2.543750988772177,2.483819738861591,2.5171148777008057,62700,0.0,0.0
2007-09-20 00:00:00-04:00,2.5037972143791367,2.5171152720010657,2.5004677793555397,2.507126808166504,15800,0.0,0.0
2007-09-21 00:00:00-04:00,2.503798487366766,2.5104575195633325,2.487150827493424,2.490480422973633,47000,0.0,0.0
2007-09-24 00:00:00-04:00,2.490480506116981,2.4971395385358557,2.4571853440226077,2.473832845687866,46300,0.0,0.0
2007-09-25 00:00:00-04:00,2.477160933182995,2.4871493963484,2.4705019048181387,2.4838199615478516,41200,0.0,0.0
2007-09-26 00:00:00-04:00,2.483822097781923,2.5137878305779613,2.483822097781923,2.5037992000579834,34900,0.0,0.0
2007-09-27 00:00:00-04:00,2.510456243190101,2.520444865788433,2.4971381855681725,2.507126808166504,40400,0.0,0.0
2007-09-28 00:00:00-04:00,2.5137868711826377,2.530434370677165,2.50712783963206,2.523775339126587,59900,0.0,0.0
2007-10-01 00:00:00-04:00,2.537094106274294,2.603684599022848,2.5104579726804244,2.563730239868164,66300,0.0,0.0
2007-10-02 00:00:00-04:00,2.5637294450206993,2.5837066977863214,2.553740977401719,2.56705904006958,35300,0.0,0.0
2007-10-03 00:00:00-04:00,2.5703890323638916,2.5803776609073754,2.553741529809905,2.5703890323638916,45500,0.0,0.0
2007-10-04 00:00:00-04:00,2.5737176713748076,2.580376701673736,2.5504109859466553,2.5504109859466553,38200,0.0,0.0
2007-10-05 00:00:00-04:00,2.553741060486106,2.5604000920366836,2.5171163075760092,2.523775339126587,48800,0.0,0.0
2007-10-08 00:00:00-04:00,2.533763409486765,2.5770470256796636,2.5204453493099037,2.5404224395751953,72100,0.0,0.0
2007-10-09 00:00:00-04:00,2.5564844126222317,2.573215395668782,2.539753589134161,2.5497920513153076,49200,0.038,0.0
2007-10-10 00:00:00-04:00,2.543098585897593,2.5564833027003373,2.509636793890732,2.5297138690948486,42600,0.0,0.0
2007-10-11 00:00:00-04:00,2.526369047347829,2.5598308562775145,2.526369047347829,2.553138494491577,58500,0.0,0.0
2007-10-12 00:00:00-04:00,2.5698697002878355,2.5966393109599974,2.5497926119526,2.573215961456299,55800,0.0,0.0
2007-10-15 00:00:00-04:00,2.5765620630662474,2.5832544258446593,2.5531388731210636,2.573215961456299,29900,0.0,0.0
2007-10-16 00:00:00-04:00,2.5865994937886074,2.5865994937886074,2.549791435708015,2.563176155090332,37900,0.0,0.0
2007-10-17 00:00:00-04:00,2.5497918616031168,2.5631765832211015,2.5430995007941246,2.5564842224121094,51200,0.0,0.0
2007-10-18 00:00:00-04:00,2.559831675328732,2.569870141440329,2.5263698556925056,2.533062219619751,30100,0.0,0.0
2007-10-19 00:00:00-04:00,2.536407470703125,2.546446093004767,2.519676646278373,2.536407470703125,15000,0.0,0.0
2007-10-22 00:00:00-04:00,2.549792856065981,2.549792856065981,2.5163310389703373,2.5397543907165527,28300,0.0,0.0
2007-10-23 00:00:00-04:00,2.5397545950196414,2.5598316868920703,2.509638877431727,2.5230236053466797,70100,0.0,0.0
2007-10-24 00:00:00-04:00,2.5230222061980228,2.536406926690443,2.4025595622077867,2.419290542602539,397400,0.0,0.0
2007-10-25 00:00:00-04:00,2.4226363117014835,2.4494059085845947,2.3925207744904364,2.4494059085845947,320100,0.0,0.0
2007-10-26 00:00:00-04:00,2.4560991846643505,2.4828686319808297,2.452752923970545,2.466137647628784,66600,0.0,0.0
2007-10-29 00:00:00-04:00,2.4527535788232147,2.492907760518567,2.4494074767945357,2.469484567642212,78800,0.0,0.0
2007-10-30 00:00:00-04:00,2.472829580307007,2.496252922423133,2.462791119084713,2.472829580307007,52400,0.0,0.0
2007-10-31 00:00:00-04:00,2.472828659694456,2.4761749185617474,2.4226358935939225,2.446059226989746,115600,0.0,0.0
2007-11-01 00:00:00-04:00,2.442715315795105,2.466138510614349,2.4259843255883182,2.452753782272339,92400,0.0,0.0
2007-11-02 00:00:00-04:00,2.4393675764454477,2.4627909166361075,2.4393675764454477,2.4560985565185547,38400,0.0,0.0
2007-11-05 00:00:00-05:00,2.4594450934847036,2.4594450934847036,2.422637026523485,2.4393680095672607,58900,0.0,0.0
2007-11-06 00:00:00-05:00,2.4393679539690725,2.449406575478233,2.425983231662509,2.442714214324951,43900,0.0,0.0
2007-11-07 00:00:00-05:00,2.456098653616711,2.456098653616711,2.422636692147629,2.42598295211792,85800,0.0,0.0
2007-11-08 00:00:00-05:00,2.4259840055289232,2.432676368817007,2.385829825800422,2.405906915664673,70800,0.0,0.0
2007-11-09 00:00:00-05:00,2.385050026215463,2.405233786725967,2.36150222541674,2.388413906097412,161600,0.038,0.0
2007-11-12 00:00:00-05:00,2.398505866555799,2.398505866555799,2.3816859859272443,2.388413906097412,53300,0.0,0.0
2007-11-13 00:00:00-05:00,2.3884139737125816,2.425417615899201,2.3884139737125816,2.422053575515747,84500,0.0,0.0
2007-11-14 00:00:00-05:00,2.435510353968893,2.4388743956475865,2.368231124458391,2.3850510120391846,102900,0.0,0.0
2007-11-15 00:00:00-05:00,2.3850509563987043,2.3985068019868954,2.3648671880164174,2.3749589920043945,82500,0.0,0.0
2007-11-16 00:00:00-05:00,2.3749585479996878,2.385050510507279,2.3547747833908086,2.3715946674346924,84100,0.0,0.0
2007-11-19 00:00:00-05:00,2.536429299469021,2.536429299469021,2.358139265222322,2.3749589920043945,85000,0.0,0.0
2007-11-20 00:00:00-05:00,2.388414391072274,2.388414391072274,2.3581388243621064,2.3715946674346924,108900,0.0,0.0
2007-11-21 00:00:00-05:00,2.358137083073416,2.371592916209985,2.348045128017897,2.3547730445861816,113100,0.0,0.0
2007-11-23 00:00:00-05:00,2.334591455239821,2.4119626475750864,2.334591455239821,2.3749589920043945,74100,0.0,0.0
2007-11-26 00:00:00-05:00,2.3816866853939924,2.388414607540053,2.3547749968097484,2.3581390380859375,73500,0.0,0.0
2007-11-27 00:00:00-05:00,2.3648645019493717,2.3682283793224848,2.34131671871298,2.3480446338653564,102700,0.0,0.0
2007-11-28 00:00:00-05:00,2.358139265222322,2.38168691479849,2.354775223622108,2.3749589920043945,103500,0.0,0.0
2007-11-29 00:00:00-05:00,2.354772641615923,2.3917762566121827,2.354772641615923,2.3816843032836914,73100,0.0,0.0
2007-11-30 00:00:00-05:00,2.401869760189768,2.405233800497248,2.3783221196624917,2.395141839981079,38100,0.0,0.0
2007-12-03 00:00:00-05:00,2.388414189979053,2.4186899145464498,2.381686269009219,2.3917782306671143,90400,0.0,0.0
2007-12-04 00:00:00-05:00,2.398506151636948,2.405234072606782,2.378322388727447,2.3917782306671143,85000,0.0,0.0
2007-12-05 00:00:00-05:00,2.4153258738583885,2.4153258738583885,2.381686269009219,2.3917782306671143,158000,0.0,0.0
2007-12-06 00:00:00-05:00,2.3917782306671143,2.4018700319187207,2.388414189979053,2.3917782306671143,77500,0.0,0.0
2007-12-07 00:00:00-05:00,2.398505880288559,2.401869760189768,2.38841391977239,2.395141839981079,51500,0.0,0.0
2007-12-10 00:00:00-05:00,2.395141839981079,2.408597680398457,2.39177796007987,2.395141839981079,70900,0.0,0.0
2007-12-11 00:00:00-05:00,2.415324446319726,2.415324446319726,2.3917768170459,2.3985047340393066,90600,0.0,0.0
2007-12-12 00:00:00-05:00,2.3910646438598633,2.407974480521977,2.3809186128500417,2.3910646438598633,125900,0.038,0.0
2007-12-13 00:00:00-05:00,2.37415415172309,2.3876820827430554,2.3538622551931425,2.360626220703125,109100,0.0,0.0
2007-12-14 00:00:00-05:00,2.357244521070562,2.3707726154437565,2.333570718765259,2.333570718765259,180700,0.0,0.0
2007-12-17 00:00:00-05:00,2.3335716686343546,2.336953572654979,2.2963697568129984,2.303133726119995,140900,0.0,0.0
2007-12-18 00:00:00-05:00,2.2963697568129984,2.3234256340409853,2.2963697568129984,2.303133726119995,148300,0.0,0.0
2007-12-19 00:00:00-05:00,2.303133446807247,2.3166613837806387,2.2794594764709473,2.2794594764709473,104400,0.0,0.0
2007-12-20 00:00:00-05:00,2.2726959202737973,2.2963698949047906,2.252404011132557,2.27607798576355,154200,0.0,0.0
2007-12-21 00:00:00-05:00,2.2726946990083823,2.2929867585111494,2.2321109025341923,2.2828407287597656,298000,0.0,0.0
2007-12-24 00:00:00-05:00,2.2490219095413533,2.2997517585754395,2.2490219095413533,2.2997517585754395,118100,0.0,0.0
2007-12-26 00:00:00-05:00,2.2862240209670497,2.2963698949047906,2.2625500463360564,2.27607798576355,198500,0.0,0.0
2007-12-27 00:00:00-05:00,2.2726949998544788,2.296368964897747,2.249021196076904,2.269313097000122,458700,0.0,0.0
2007-12-28 00:00:00-05:00,2.2591677825887237,2.2997517585754395,2.2591677825887237,2.2997517585754395,175000,0.0,0.0
2007-12-31 00:00:00-05:00,2.32004276722295,2.32004276722295,2.2760769043400444,2.2862229347229004,173200,0.0,0.0
2008-01-02 00:00:00-05:00,2.2828414830843577,2.3335713260727107,2.2828414830843577,2.32342529296875,57600,0.0,0.0
2008-01-03 00:00:00-05:00,2.3437167141682838,2.3978286107778475,2.3437167141682838,2.3910646438598633,97200,0.0,0.0
2008-01-04 00:00:00-05:00,2.3944478389767223,2.401211809545242,2.3741559272711648,2.387683868408203,42000,0.0,0.0
2008-01-07 00:00:00-05:00,2.3910650528930306,2.4519407655687333,2.387682988222632,2.4215028285980225,162800,0.0,0.0
2008-01-08 00:00:00-05:00,2.4282662534262522,2.4350302199881093,2.414738320302538,2.4181203842163086,85200,0.0,0.0
2008-01-09 00:00:00-05:00,2.424884525763151,2.4384124598630703,2.4147384945553636,2.4316484928131104,58400,0.0,0.0
2008-01-10 00:00:00-05:00,2.430970007069921,2.4479696998288274,2.424170097541832,2.4445698261260986,39800,0.038,0.0
2008-01-11 00:00:00-05:00,2.444568640979863,2.454768419265747,2.427568794339985,2.454768419265747,70500,0.0,0.0
2008-01-14 00:00:00-05:00,2.461568140001977,2.4683682078435405,2.44796832856393,2.4581682682037354,89800,0.0,0.0
2008-01-15 00:00:00-05:00,2.461569178232761,2.4785690307617188,2.4445694878264117,2.4785690307617188,146900,0.0,0.0
2008-01-16 00:00:00-05:00,2.4785681721370647,2.4853680783685053,2.4479685130343065,2.454768419265747,165000,0.0,0.0
2008-01-17 00:00:00-05:00,2.461568535010181,2.461568535010181,2.437768942235746,2.4479687213897705,75700,0.0,0.0
2008-01-18 00:00:00-05:00,2.45816789826759,2.45816789826759,2.3799689132059236,2.3867688179016113,109200,0.0,0.0
2008-01-22 00:00:00-05:00,2.3663701062833273,2.4139694593177237,2.362970071433864,2.400369644165039,107900,0.0,0.0
2008-01-23 00:00:00-05:00,2.4343695640563965,2.4479693813432113,2.4139698381261745,2.4343695640563965,98800,0.0,0.0
2008-01-24 00:00:00-05:00,2.4411686366168395,2.4751683303118326,2.4309688582063855,2.4615683555603027,93100,0.0,0.0
2008-01-25 00:00:00-05:00,2.461568535010181,2.4717684762867718,2.4411688145795654,2.4479687213897705,31900,0.0,0.0
2008-01-28 00:00:00-05:00,2.4547690780449973,2.4615689861013093,2.4275694458197488,2.441169261932373,76400,0.0,0.0
2008-01-29 00:00:00-05:00,2.4547682342829535,2.471768079641782,2.4513683624847125,2.4581682682037354,41400,0.0,0.0
2008-01-30 00:00:00-05:00,2.4717682242076027,2.4887680705606976,2.458168411974147,2.4819681644439697,75100,0.0,0.0
2008-01-31 00:00:00-05:00,2.4955689907073975,2.5193685907252137,2.485369046326465,2.4955689907073975,94300,0.0,0.0
2008-02-01 00:00:00-05:00,2.509170340334796,2.5261700418513118,2.4887706012413484,2.5227701663970947,60800,0.0,0.0
2008-02-04 00:00:00-05:00,2.526170015335083,2.5363699658360996,2.51597022695678,2.526170015335083,42900,0.0,0.0
2008-02-05 00:00:00-05:00,2.539768615985441,2.539768615985441,2.512568977268362,2.519368886947632,45800,0.0,0.0
2008-02-06 00:00:00-05:00,2.519367777417693,2.546567404156052,2.519367777417693,2.5295677185058594,46400,0.0,0.0
2008-02-07 00:00:00-05:00,2.5363699658360996,2.549969791755646,2.526170015335083,2.526170015335083,62200,0.0,0.0
2008-02-08 00:00:00-05:00,2.539767585946038,2.5533675619115455,2.5295678066251184,2.5499675273895264,52100,0.0,0.0
2008-02-11 00:00:00-05:00,2.559536598827496,2.5766230236666163,2.559536598827496,2.5629539489746094,45800,0.038,0.0
2008-02-12 00:00:00-05:00,2.566370706379523,2.621046992519233,2.566370706379523,2.5902915000915527,63900,0.0,0.0
2008-02-13 00:00:00-05:00,2.5732042660261802,2.593707865550724,2.5287797189156063,2.535614252090454,93400,0.0,0.0
2008-02-14 00:00:00-05:00,2.5151109381731542,2.5151109381731542,2.419427299911658,2.422844648361206,146900,0.0,0.0
2008-02-15 00:00:00-05:00,2.4091757088429127,2.4501829147338867,2.381837408634112,2.4501829147338867,111000,0.0,0.0
2008-02-19 00:00:00-05:00,2.477521514925295,2.5219460777487606,2.4501833725564492,2.5116941928863525,126700,0.0,0.0
2008-02-20 00:00:00-05:00,2.5014440674282183,2.5458684956557844,2.5014440674282183,2.525364875793457,112200,0.0,0.0
2008-02-21 00:00:00-05:00,2.556119577654904,2.556119577654904,2.4775223115966667,2.4911913871765137,30400,0.0,0.0
2008-02-22 00:00:00-05:00,2.5219468887052865,2.525364076126131,2.4775223115966667,2.4911913871765137,38500,0.0,0.0
2008-02-25 00:00:00-05:00,2.5116962023669434,2.5424517186119124,2.5116962023669434,2.539034366607666,30600,0.0,0.0
2008-02-26 00:00:00-05:00,2.559535264968872,2.562952613335092,2.525362596047365,2.559535264968872,45400,0.0,0.0
2008-02-27 00:00:00-05:00,2.593707908538222,2.593707908538222,2.545866012573242,2.545866012573242,39600,0.0,0.0
2008-02-28 00:00:00-05:00,2.552701960900698,2.556119310913162,2.4467665547375694,2.460435628890991,150300,0.0,0.0
2008-02-29 00:00:00-05:00,2.562953969028517,2.562953969028517,2.3920903710932824,2.416011333465576,108400,0.0,0.0
2008-03-03 00:00:00-05:00,2.4228452301876033,2.5116941928863525,2.4228452301876033,2.5116941928863525,71100,0.0,0.0
2008-03-04 00:00:00-05:00,2.5116942504067605,2.5253633219042193,2.480938921011571,2.4980251789093018,60900,0.0,0.0
2008-03-05 00:00:00-05:00,2.5595366905119725,2.5629540407814977,2.508277740054926,2.542450428009033,84900,0.0,0.0
2008-03-06 00:00:00-05:00,2.5561208007322738,2.573207234856882,2.5116962023669434,2.539034366607666,88800,0.0,0.0
2008-03-07 00:00:00-05:00,2.515112187552586,2.5629539489746094,2.515112187552586,2.5629539489746094,30900,0.0,0.0
2008-03-10 00:00:00-04:00,2.603482366210191,2.603482366210191,2.52105028464163,2.524484872817993,61700,0.038,0.0
2008-03-11 00:00:00-04:00,2.5931785086766626,2.5931785086766626,2.5279196937648347,2.572570323944092,48100,0.0,0.0
2008-03-12 00:00:00-04:00,2.558833718240184,2.558833718240184,2.4729668127451694,2.5313563346862793,51200,0.0,0.0
2008-03-13 00:00:00-04:00,2.4729668127451694,2.551964372351708,2.4729668127451694,2.5313563346862793,43300,0.0,0.0
2008-03-14 00:00:00-04:00,2.551961284194286,2.551961284194286,2.4832679084361606,2.4935719966888428,49000,0.0,0.0
2008-03-17 00:00:00-04:00,2.4454873812957287,2.497007514204468,2.438618041159763,2.455791473388672,96100,0.0,0.0
2008-03-18 00:00:00-04:00,2.4317483213109807,2.5176151414916115,2.4317483213109807,2.4523563385009766,47500,0.0,0.0
2008-03-19 00:00:00-04:00,2.4592256775643087,2.5073112147855943,2.4523563385009766,2.4523563385009766,80000,0.0,0.0
2008-03-20 00:00:00-04:00,2.4695299374728483,2.479833864885776,2.445487167212727,2.4489219188690186,49200,0.0,0.0
2008-03-24 00:00:00-04:00,2.455790973913753,2.4763989901302574,2.4523562226553586,2.462660312652588,42100,0.0,0.0
2008-03-25 00:00:00-04:00,2.4729647872847362,2.5141809926359415,2.4695301990426306,2.5107462406158447,47000,0.0,0.0
2008-03-26 00:00:00-04:00,2.5176150548051144,2.5313537324587285,2.486702948195505,2.500441789627075,100200,0.0,0.0
2008-03-27 00:00:00-04:00,2.510745974680507,2.510745974680507,2.4386178276781174,2.4489219188690186,101100,0.0,0.0
2008-03-28 00:00:00-04:00,2.455792549519586,2.4626618926657056,2.445488452911377,2.445488452911377,34200,0.0,0.0
2008-03-31 00:00:00-04:00,2.466095401703627,2.469530153660604,2.448922133252706,2.455791473388672,39000,0.0,0.0
2008-04-01 00:00:00-04:00,2.4660950166276407,2.4660950166276407,2.44205241179496,2.4523563385009766,62200,0.0,0.0
2008-04-02 00:00:00-04:00,2.466094900133028,2.466094900133028,2.4523562226553586,2.462660312652588,39000,0.0,0.0
2008-04-03 00:00:00-04:00,2.4626609064380047,2.507311700895401,2.4626609064380047,2.4970076084136963,73200,0.0,0.0
2008-04-04 00:00:00-04:00,2.5141809445109167,2.5279196247723434,2.5107461925565664,2.524484872817993,64500,0.0,0.0
2008-04-07 00:00:00-04:00,2.5210523094628674,2.569137728998392,2.507313618167003,2.551964282989502,68200,0.0,0.0
2008-04-08 00:00:00-04:00,2.565700962713464,2.565700962713464,2.507311652373739,2.5107462406158447,29700,0.0,0.0
2008-04-09 00:00:00-04:00,2.5066020541269993,2.5204125201579686,2.4893388892714174,2.510054588317871,39100,0.038,0.0
2008-04-10 00:00:00-04:00,2.5307725296588184,2.534225231542566,2.5066042750081325,2.5169620513916016,29300,0.0,0.0
2008-04-11 00:00:00-04:00,2.5031522942693343,2.510057535392306,2.4893418120233903,2.4962470531463623,48600,0.0,0.0
2008-04-14 00:00:00-04:00,2.5066020541269993,2.5307702873643247,2.5066020541269993,2.510054588317871,28200,0.0,0.0
2008-04-15 00:00:00-04:00,2.5169627765152778,2.520415479393731,2.4962470531463623,2.4962470531463623,18400,0.0,0.0
2008-04-16 00:00:00-04:00,2.5031507014405054,2.5273191123087995,2.4996980007591074,2.520413875579834,31300,0.0,0.0
2008-04-17 00:00:00-04:00,2.506602931919437,2.53422387365401,2.506602931919437,2.5238659381866455,39600,0.0,0.0
2008-04-18 00:00:00-04:00,2.5169611748984364,2.54112958576673,2.5169611748984364,2.520413875579834,28100,0.0,0.0
2008-04-21 00:00:00-04:00,2.5238681597485937,2.5411313458450215,2.5238681597485937,2.530773401260376,30500,0.0,0.0
2008-04-22 00:00:00-04:00,2.530773401260376,2.5411313458450215,2.5238681597485937,2.530773401260376,53700,0.0,0.0
2008-04-23 00:00:00-04:00,2.5411301476018555,2.5652983991798366,2.537677446157077,2.551487922668457,23800,0.0,0.0
2008-04-24 00:00:00-04:00,2.544581417961858,2.56184458732605,2.544581417961858,2.56184458732605,23300,0.0,0.0
2008-04-25 00:00:00-04:00,2.5583932380841063,2.582561655024862,2.5549407011690675,2.579108953475952,31400,0.0,0.0
2008-04-28 00:00:00-04:00,2.5618465718132644,2.582562292317075,2.5618465718132644,2.568751811981201,26600,0.0,0.0
2008-04-29 00:00:00-04:00,2.568751178096965,2.579108953475952,2.5583932380841063,2.579108953475952,34400,0.0,0.0
2008-04-30 00:00:00-04:00,2.575654832842215,2.5894653012783313,2.568749598624157,2.586012601852417,30900,0.0,0.0
2008-05-01 00:00:00-04:00,2.586014113946906,2.603277291903064,2.551487922668457,2.551487922668457,47200,0.0,0.0
2008-05-02 00:00:00-04:00,2.586012601852417,2.586012601852417,2.5583916649801846,2.586012601852417,16600,0.0,0.0
2008-05-05 00:00:00-04:00,2.586014191294079,2.5894668928421263,2.551487998982958,2.554940700531006,47200,0.0,0.0
2008-05-06 00:00:00-04:00,2.5549389480201463,2.6032755841001367,2.5342232468430077,2.5480337142944336,82800,0.0,0.0
2008-05-07 00:00:00-04:00,2.551489265594136,2.5722049912645164,2.5480367269660493,2.5652997493743896,40400,0.0,0.0
2008-05-08 00:00:00-04:00,2.5583932312279014,2.6067300649798764,2.5583932312279014,2.5929195880889893,71900,0.0,0.0
2008-05-09 00:00:00-04:00,2.595694857639144,2.613045825238144,2.581814149748381,2.592224597930908,40300,0.038,0.0
2008-05-12 00:00:00-04:00,2.5887557018606002,2.619987391805484,2.5887557018606002,2.59916615486145,53900,0.0,0.0
2008-05-13 00:00:00-04:00,2.6026361073652127,2.616516820033469,2.595695751031085,2.609576463699341,15600,0.0,0.0
2008-05-14 00:00:00-04:00,2.5956937920350516,2.6269254547033536,2.5922235337514525,2.6199851036071777,21800,0.0,0.0
2008-05-15 00:00:00-04:00,2.6095757275207268,2.633867050573005,2.5887546643921024,2.5956950187683105,47300,0.0,0.0
2008-05-16 00:00:00-04:00,2.599165102717356,2.609575716975148,2.588754653930664,2.588754653930664,24300,0.0,0.0
2008-05-19 00:00:00-04:00,2.592225421083578,2.592225421083578,2.554053544998169,2.554053544998169,74000,0.0,0.0
2008-05-20 00:00:00-04:00,2.5609924932894788,2.5644625867209228,2.5158801203833456,2.522820472717285,48100,0.0,0.0
2008-05-21 00:00:00-04:00,2.536703255195895,2.536703255195895,2.5193524428845415,2.5262928009033203,33700,0.0,0.0
2008-05-22 00:00:00-04:00,2.533230171758958,2.533230171758958,2.5054686069488525,2.5054686069488525,39500,0.0,0.0
2008-05-23 00:00:00-04:00,2.5089401858351277,2.5089401858351277,2.488119125366211,2.488119125366211,73500,0.0,0.0
2008-05-27 00:00:00-04:00,2.495059556987892,2.540171938818766,2.495059556987892,2.5367016792297363,42000,0.0,0.0
2008-05-28 00:00:00-04:00,2.547113915541134,2.567934989929199,2.5332331992824244,2.567934989929199,30400,0.0,0.0
2008-05-29 00:00:00-04:00,2.5679336576169742,2.5852844612027086,2.56099330308846,2.5783441066741943,28200,0.0,0.0
2008-05-30 00:00:00-04:00,2.5922245870094027,2.5922245870094027,2.57140352526098,2.5852842330932617,17600,0.0,0.0
2008-06-02 00:00:00-04:00,2.5852842330932617,2.602635200619159,2.5748737849545953,2.5852842330932617,25700,0.0,0.0
2008-06-03 00:00:00-04:00,2.585285393965869,2.599166108031018,2.536702894737848,2.5575239658355713,59600,0.0,0.0
2008-06-04 00:00:00-04:00,2.5540542329784355,2.557524329252231,2.5262928009033203,2.5262928009033203,52100,0.0,0.0
2008-06-05 00:00:00-04:00,2.5401709700433583,2.5471113211034075,2.5124094003321393,2.5297603607177734,70800,0.0,0.0
2008-06-06 00:00:00-04:00,2.540173053741455,2.557523862888896,2.533232696988247,2.540173053741455,42200,0.0,0.0
2008-06-09 00:00:00-04:00,2.5332299804873966,2.5714018189610157,2.5332299804873966,2.5644614696502686,54100,0.0,0.0
2008-06-10 00:00:00-04:00,2.56793310617957,2.6199858367011895,2.5540524001032807,2.5818138122558594,62500,0.0,0.0
2008-06-11 00:00:00-04:00,2.588094094982668,2.6159980475451747,2.581118106842041,2.581118106842041,76400,0.038,0.0
2008-06-12 00:00:00-04:00,2.5880926097313632,2.5880926097313632,2.532284736633301,2.532284736633301,17500,0.0,0.0
2008-06-13 00:00:00-04:00,2.5287966614043813,2.553212689045074,2.5218206772671232,2.532284736633301,25300,0.0,0.0
2008-06-16 00:00:00-04:00,2.5601875233794154,2.577627392729869,2.5462355613708496,2.5462355613708496,33800,0.0,0.0
2008-06-17 00:00:00-04:00,2.5427504445857267,2.563678411934991,2.532286544071445,2.539262533187866,28000,0.0,0.0
2008-06-18 00:00:00-04:00,2.560187385292416,2.560187385292416,2.535771369934082,2.535771369934082,8400,0.0,0.0
2008-06-19 00:00:00-04:00,2.5427486296788966,2.546236704907816,2.525308586175462,2.532284736633301,24100,0.0,0.0
2008-06-20 00:00:00-04:00,2.5287959680255647,2.5322840422980777,2.514844003576584,2.5253078937530518,38000,0.0,0.0
2008-06-23 00:00:00-04:00,2.5218196121459573,2.5218196121459573,2.4450838190464164,2.4660117626190186,78400,0.0,0.0
2008-06-24 00:00:00-04:00,2.4590357709993187,2.528795582612139,2.4485717160971405,2.518331527709961,45200,0.0,0.0
2008-06-25 00:00:00-04:00,2.50089272485535,2.546236704907816,2.50089272485535,2.532284736633301,67300,0.0,0.0
2008-06-26 00:00:00-04:00,2.542747552027556,2.560187588139664,2.521819608485332,2.556699514389038,35600,0.0,0.0
2008-06-27 00:00:00-04:00,2.560189158523732,2.6020450712820082,2.546237187604307,2.5985569953918457,80300,0.0,0.0
2008-06-30 00:00:00-04:00,2.5915800503576767,2.5915800503576767,2.556700135973966,2.563676118850708,31600,0.0,0.0
2008-07-01 00:00:00-04:00,2.5462362448191285,2.5776280846041923,2.5462362448191285,2.563676118850708,61900,0.0,0.0
2008-07-02 00:00:00-04:00,2.567166242761435,2.5811182196524736,2.539262288979357,2.5706541538238525,21900,0.0,0.0
2008-07-03 00:00:00-04:00,2.563676307217451,2.563676307217451,2.5497243404388428,2.5497243404388428,2600,0.0,0.0
2008-07-07 00:00:00-04:00,2.5636754955697794,2.59506749404337,2.549723533208297,2.556699514389038,38900,0.0,0.0
2008-07-08 00:00:00-04:00,2.5567003238281467,2.5601883986830805,2.5427483570495384,2.5497243404388428,12500,0.0,0.0
2008-07-09 00:00:00-04:00,2.5595421436070858,2.619147777557373,2.5490234039748616,2.619147777557373,73100,0.038,0.0
2008-07-10 00:00:00-04:00,2.594603208703761,2.6086280773570554,2.549022301985744,2.563047170639038,70400,0.0,0.0
2008-07-11 00:00:00-04:00,2.577071652051139,2.601615252101195,2.485910019503042,2.527984619140625,42400,0.0,0.0
2008-07-14 00:00:00-04:00,2.5385047957733615,2.549023535950192,2.4087746143341064,2.4087746143341064,115800,0.0,0.0
2008-07-15 00:00:00-04:00,2.419293455863295,2.4894178360142325,2.419293455863295,2.4613680839538574,144300,0.0,0.0
2008-07-16 00:00:00-04:00,2.4613674824622067,2.5174669728737586,2.4613674824622067,2.513960838317871,23600,0.0,0.0
2008-07-17 00:00:00-04:00,2.4894177209242154,2.5139613364372058,2.4859115856736183,2.4964301586151123,48600,0.0,0.0
2008-07-18 00:00:00-04:00,2.5034409888127613,2.5034409888127613,2.4824036892484047,2.4894161224365234,8000,0.0,0.0
2008-07-21 00:00:00-04:00,2.4894161224365234,2.5034409888127613,2.468378822872167,2.4894161224365234,64100,0.0,0.0
2008-07-22 00:00:00-04:00,2.457862682585863,2.506949763351456,2.457862682585863,2.4824061393737793,24100,0.0,0.0
2008-07-23 00:00:00-04:00,2.499937637607847,2.499937637607847,2.4718878736431233,2.4753940105438232,17000,0.0,0.0
2008-07-24 00:00:00-04:00,2.4648744576261055,2.489417907791741,2.4543557167053223,2.4543557167053223,61100,0.0,0.0
2008-07-25 00:00:00-04:00,2.4683802127838135,2.475392649920541,2.415786850663511,2.4683802127838135,72900,0.0,0.0
2008-07-28 00:00:00-04:00,2.475392392698235,2.4929235673132046,2.4438363452671594,2.4859111309051514,23600,0.0,0.0
2008-07-29 00:00:00-04:00,2.4999348558134993,2.4999348558134993,2.4543539564959294,2.4894161224365234,42900,0.0,0.0
2008-07-30 00:00:00-04:00,2.4613679701606284,2.499936461055412,2.4613679701606284,2.4964301586151123,42000,0.0,0.0
2008-07-31 00:00:00-04:00,2.499936461055412,2.499936461055412,2.4718867102918245,2.4964301586151123,30200,0.0,0.0
2008-08-01 00:00:00-04:00,2.499936651634905,2.506949089860386,2.4753930342508634,2.492924213409424,34800,0.0,0.0
2008-08-04 00:00:00-04:00,2.492924213409424,2.503442787152788,2.4824054724763442,2.492924213409424,16500,0.0,0.0
2008-08-05 00:00:00-04:00,2.492924213409424,2.4964303489273068,2.4859117751839426,2.492924213409424,22500,0.0,0.0
2008-08-06 00:00:00-04:00,2.489417265514342,2.5034421383304486,2.478898694497098,2.4859111309051514,51200,0.0,0.0
2008-08-07 00:00:00-04:00,2.485911188251177,2.4894173229412484,2.429811528502948,2.4403302669525146,60400,0.0,0.0
2008-08-08 00:00:00-04:00,2.4508484123349876,2.4999356269836426,2.4473422782541676,2.4999356269836426,33400,0.0,0.0
2008-08-11 00:00:00-04:00,2.513330401456209,2.513330401456209,2.481605279996996,2.49923038482666,25200,0.038,0.0
2008-08-12 00:00:00-04:00,2.4921813191530364,2.502756251582326,2.467506196675494,2.4745562076568604,40300,0.0,0.0
2008-08-13 00:00:00-04:00,2.4745562076568604,2.488656229619593,2.4745562076568604,2.4745562076568604,24000,0.0,0.0
2008-08-14 00:00:00-04:00,2.4710312862089374,2.48513130817167,2.460456185694128,2.4745562076568604,23200,0.0,0.0
2008-08-15 00:00:00-04:00,2.4710315698756147,2.5098065506816156,2.4498813664180186,2.4639813899993896,40700,0.0,0.0
2008-08-18 00:00:00-04:00,2.467505467847247,2.471030556339483,2.442830352658005,2.449880361557007,21100,0.0,0.0
2008-08-19 00:00:00-04:00,2.449881570492241,2.463981595248139,2.40405657407835,2.411106586456299,68700,0.0,0.0
2008-08-20 00:00:00-04:00,2.4181573845269435,2.4322574138641357,2.4005322638126496,2.4322574138641357,59400,0.0,0.0
2008-08-21 00:00:00-04:00,2.404056458062227,2.4428314402269478,2.404056458062227,2.4216814041137695,24200,0.0,0.0
2008-08-22 00:00:00-04:00,2.4216798842898144,2.4463549949787566,2.3829049264598994,2.4005298614501953,29600,0.0,0.0
2008-08-25 00:00:00-04:00,2.418156670688215,2.4252066832756505,2.393481542589411,2.4075815677642822,23600,0.0,0.0
2008-08-26 00:00:00-04:00,2.4075804038761457,2.418155501687796,2.393480385517597,2.41463041305542,35700,0.0,0.0
2008-08-27 00:00:00-04:00,2.425206345470017,2.4287312672299706,2.3829062758373563,2.4040563106536865,65800,0.0,0.0
2008-08-28 00:00:00-04:00,2.4111069209865836,2.446356987767117,2.4111069209865836,2.4393069744110107,32400,0.0,0.0
2008-08-29 00:00:00-04:00,2.4498814522646737,2.4534065423263094,2.411106470099953,2.4216814041137695,31600,0.0,0.0
2008-09-02 00:00:00-04:00,2.4322575314687755,2.4428324699401855,2.425207516459297,2.4428324699401855,40800,0.0,0.0
2008-09-03 00:00:00-04:00,2.4322575314687755,2.446357561487733,2.4322575314687755,2.4428324699401855,14200,0.0,0.0
2008-09-04 00:00:00-04:00,2.4216823078184375,2.4428323518242254,2.4146322931498414,2.4322574138641357,39500,0.0,0.0
2008-09-05 00:00:00-04:00,2.4428314402269478,2.4428314402269478,2.411106470099953,2.4216814041137695,30900,0.0,0.0
2008-09-08 00:00:00-04:00,2.4287315333583943,2.442831558114292,2.411106586456299,2.411106586456299,32600,0.0,0.0
2008-09-09 00:00:00-04:00,2.4252073991955396,2.4745575018757116,2.4111073698583474,2.4322574138641357,64000,0.0,0.0
2008-09-10 00:00:00-04:00,2.4315455867278546,2.445723681308034,2.4315455867278546,2.4386346340179443,10600,0.038,0.0
2008-09-11 00:00:00-04:00,2.4280018138004347,2.4350908635291373,2.4102792739868164,2.4102792739868164,32400,0.0,0.0
2008-09-12 00:00:00-04:00,2.4209129404181384,2.4280019906632284,2.4138238901730484,2.424457550048828,17100,0.0,0.0
2008-09-15 00:00:00-04:00,2.4138251337044148,2.428003241498737,2.3606571449675187,2.374835252761841,67400,0.0,0.0
2008-09-16 00:00:00-04:00,2.3393884434594754,2.3571111510452445,2.289765098842093,2.300398588180542,50900,0.0,0.0
2008-09-17 00:00:00-04:00,2.3500225226212472,2.3642006236221595,2.2543202563569396,2.2826764583587646,67600,0.0,0.0
2008-09-18 00:00:00-04:00,2.2755887770763485,2.300400384248901,1.8573340388373503,2.0735504627227783,159600,0.0,0.0
2008-09-19 00:00:00-04:00,2.126718236046644,2.4457260052569163,2.0735502463422018,2.3181228637695312,90800,0.0,0.0
2008-09-22 00:00:00-04:00,2.3181215472709353,2.342933306779712,2.0416484282475857,2.140895128250122,53500,0.0,0.0
2008-09-23 00:00:00-04:00,2.1160845190401583,2.268499430420884,2.1125400766214586,2.165708065032959,40200,0.0,0.0
2008-09-24 00:00:00-04:00,2.1302629901608263,2.1621636509057143,2.087728494140323,2.1550745964050293,67200,0.0,0.0
2008-09-25 00:00:00-04:00,2.1267168244764845,2.1444395322869623,2.0841825285508593,2.105449676513672,98700,0.0,0.0
2008-09-26 00:00:00-04:00,2.1054504580305866,2.1054504580305866,2.0841833021736713,2.0912723541259766,22400,0.0,0.0
2008-09-29 00:00:00-04:00,2.0983637336363237,2.1089972388515683,1.8254346772082792,1.867969036102295,154200,0.0,0.0
2008-09-30 00:00:00-04:00,1.8254349801472491,1.995572612974919,1.8254349801472491,1.992027997970581,84100,0.0,0.0
2008-10-01 00:00:00-04:00,1.956581252013147,2.169253094163537,1.956581252013147,2.126718759536743,67600,0.0,0.0
2008-10-02 00:00:00-04:00,2.098362668729727,2.240143962106466,2.098362668729727,2.1869759559631348,30600,0.0,0.0
2008-10-03 00:00:00-04:00,2.151529225545424,2.2082416370865494,2.1373511226601427,2.144440174102783,84200,0.0,0.0
2008-10-06 00:00:00-04:00,2.0381043354670205,2.0593714908594998,1.811254508930915,1.8608778715133667,164400,0.0,0.0
2008-10-07 00:00:00-04:00,1.8963235216677579,1.9105016281873537,1.8360664844512942,1.836066484451294,89500,0.0,0.0
2008-10-08 00:00:00-04:00,1.6765617115091849,1.836065400168397,1.5418696100986766,1.548958659172058,216800,0.0,0.0
2008-10-09 00:00:00-04:00,1.5696981433206874,1.6269082161095603,1.5053370032445328,1.5303664207458496,164900,0.038,0.0
2008-10-10 00:00:00-04:00,1.3551600173576497,2.216884415226543,1.126320376485604,1.626907229423523,232600,0.0,0.0
2008-10-13 00:00:00-04:00,1.9665921530606307,1.9665921530606307,1.6662398423971618,1.912957787513733,60500,0.0,0.0
2008-10-14 00:00:00-04:00,2.127494612948715,2.127494612948715,1.8235668354558858,1.852171778678894,92700,0.0,0.0
2008-10-15 00:00:00-04:00,1.7449045028392274,1.7842362429510585,1.723450779914856,1.723450779914856,46900,0.0,0.0
2008-10-16 00:00:00-04:00,1.7270252447144736,1.8450207329125166,1.7270252447144736,1.816415786743164,39600,0.0,0.0
2008-10-17 00:00:00-04:00,1.8342954073307236,1.9093835353851318,1.7913879542993651,1.9093835353851318,32500,0.0,0.0
2008-10-20 00:00:00-04:00,1.9236841620303835,1.9987722175723839,1.9165329267644262,1.9344109296798706,79200,0.0,0.0
2008-10-21 00:00:00-04:00,1.9522891030942127,1.9522891030942127,1.9022304562325116,1.9344109296798706,37900,0.0,0.0
2008-10-22 00:00:00-04:00,1.852171546107636,1.9487133026123047,1.8128398393642116,1.9487133026123047,30400,0.0,0.0
2008-10-23 00:00:00-04:00,1.963016208131433,2.0309530400839226,1.959440675133369,2.023801803588867,52900,0.0,0.0
2008-10-24 00:00:00-04:00,1.9808943184572172,1.9808943184572172,1.9201087250300048,1.9558649063110352,26100,0.0,0.0
2008-10-27 00:00:00-04:00,1.9630164491246618,1.9880458651796,1.8521721845938455,1.912957787513733,78800,0.0,0.0
2008-10-28 00:00:00-04:00,1.930834460409801,1.9344099910583987,1.8807758378377275,1.8950783014297485,40600,0.0,0.0
2008-10-29 00:00:00-04:00,1.8593234370629388,1.8736259119250422,1.82356724990768,1.8271429538726807,76700,0.0,0.0
2008-10-30 00:00:00-04:00,1.8342939341365245,1.845020703529739,1.7913865155658155,1.7949620485305786,131900,0.0,0.0
2008-10-31 00:00:00-04:00,1.8092636332044627,1.8092636332044627,1.7520537698616627,1.755629301071167,123800,0.0,0.0
2008-11-03 00:00:00-05:00,1.755630488311743,1.8378698077305657,1.755630488311743,1.7735086679458618,135200,0.0,0.0
2008-11-04 00:00:00-05:00,1.8235666196287073,1.830717854588079,1.7735079749131046,1.7878104448318481,68000,0.0,0.0
2008-11-05 00:00:00-05:00,1.8128420364138562,1.9344131771828776,1.7806613550783907,1.8843544721603394,89300,0.0,0.0
2008-11-06 00:00:00-05:00,1.8664744435130016,1.9487137490422466,1.8664744435130016,1.9451382160186768,47100,0.0,0.0
2008-11-07 00:00:00-05:00,1.944418212929601,1.9768250658179205,1.9228135871046204,1.9408173561096191,21500,0.038,0.0
2008-11-10 00:00:00-05:00,2.0056302488270688,2.0056302488270688,1.944417091769598,1.9768239259719849,77400,0.0,0.0
2008-11-11 00:00:00-05:00,1.9516185107716746,1.976823805650697,1.908409286666327,1.919211506843567,74700,0.0,0.0
2008-11-12 00:00:00-05:00,1.8868056887085611,1.93361579675701,1.7859841024331506,1.8471972942352295,70000,0.0,0.0
2008-11-13 00:00:00-05:00,1.814790469788591,1.8796043538173548,1.7499765857598273,1.7823834419250488,99600,0.0,0.0
2008-11-14 00:00:00-05:00,1.7967867851257324,1.8435969050468266,1.7823836977189873,1.7967867851257324,101400,0.0,0.0
2008-11-17 00:00:00-05:00,1.767980406311114,1.8003874350861284,1.699565663174042,1.749976634979248,62800,0.0,0.0
2008-11-18 00:00:00-05:00,1.7715806686330968,1.7751813530108944,1.6959644080183962,1.7391736507415771,66400,0.0,0.0
2008-11-19 00:00:00-05:00,1.6851623184693822,1.7319724257958844,1.5843407337489308,1.5951429605484009,171300,0.0,0.0
2008-11-20 00:00:00-05:00,1.6095466045537896,1.6095466045537896,1.5159265289988428,1.5591357946395874,94200,0.0,0.0
2008-11-21 00:00:00-05:00,1.4835190464314363,1.5483330970404465,1.4475113359254903,1.4619144201278687,81300,0.0,0.0
2008-11-24 00:00:00-05:00,1.5267284893082913,1.598744090993491,1.4943216316633638,1.5303293466567993,88500,0.0,0.0
2008-11-25 00:00:00-05:00,1.533930094445559,1.573538492260175,1.5123252952942747,1.537530779838562,67900,0.0,0.0
2008-11-26 00:00:00-05:00,1.5591357342073875,1.623949801854666,1.541131960070751,1.6095465421676636,67900,0.0,0.0
2008-11-28 00:00:00-05:00,1.6599575418943553,1.6599575418943553,1.6095465616262834,1.6491551399230957,46700,0.0,0.0
2008-12-01 00:00:00-05:00,1.6923649001049075,1.6923649001049075,1.6203494381977048,1.6563571691513062,95900,0.0,0.0
2008-12-02 00:00:00-05:00,1.6887642191530265,1.710368857805711,1.6131478980194278,1.6635587215423584,119200,0.0,0.0
2008-12-03 00:00:00-05:00,1.6203473210277481,1.6563550049331732,1.5555334899979831,1.5807387828826904,32000,0.0,0.0
2008-12-04 00:00:00-05:00,1.5807398683266163,1.5807398683266163,1.4727167424342873,1.5087244510650635,64100,0.0,0.0
2008-12-05 00:00:00-05:00,1.494321707589207,1.5267285668807131,1.4547131332347691,1.4763177633285522,55600,0.0,0.0
2008-12-08 00:00:00-05:00,1.5087241480567,1.530328768896148,1.4547125101089478,1.4547125101089478,75100,0.0,0.0
2008-12-09 00:00:00-05:00,1.4583140008751234,1.5015232613622123,1.4331085130751524,1.4367092847824097,57100,0.0,0.0
2008-12-10 00:00:00-05:00,1.4723363454191827,1.4723363454191827,1.3996282771587678,1.4250761270523071,47700,0.038,0.0
2008-12-11 00:00:00-05:00,1.3850862592873203,1.4068986208490213,1.348732323351152,1.3741800785064697,75300,0.0,0.0
2008-12-12 00:00:00-05:00,1.3487325671597648,1.3814511154168054,1.2651184127171364,1.3160139322280884,120300,0.0,0.0
2008-12-15 00:00:00-05:00,1.3778156953869514,1.3778156953869514,1.2760245715949339,1.3087431192398071,100000,0.0,0.0
2008-12-16 00:00:00-05:00,1.3014728369107624,1.326920692759335,1.2578480897554973,1.2796604633331299,163800,0.0,0.0
2008-12-17 00:00:00-05:00,1.2832948565032822,1.385085940361023,1.2832948565032822,1.385085940361023,101900,0.0,0.0
2008-12-18 00:00:00-05:00,1.3523674055521564,1.4359815256271935,1.3523674055521564,1.385085940361023,73600,0.0,0.0
2008-12-19 00:00:00-05:00,1.3705450478081742,1.646835380778174,1.3705450478081742,1.5377733707427979,163700,0.0,0.0
2008-12-22 00:00:00-05:00,1.5632211727177798,1.6177520027608456,1.497783899307251,1.497783899307251,111000,0.0,0.0
2008-12-23 00:00:00-05:00,1.4905119847259982,1.5050535515350987,1.417804150680496,1.454158067703247,90500,0.0,0.0
2008-12-24 00:00:00-05:00,1.4396175375031695,1.494148538977389,1.4396175375031695,1.4723361730575562,49500,0.0,0.0
2008-12-26 00:00:00-05:00,1.4796060759950886,1.494147644570294,1.4541582443138938,1.4686998128890991,64100,0.0,0.0
2008-12-29 00:00:00-05:00,1.5014190949410433,1.5014190949410433,1.3996278964072233,1.4505234956741333,128000,0.0,0.0
2008-12-30 00:00:00-05:00,1.4687006687075859,1.4905130342805573,1.4032634853140356,1.4396175146102905,145500,0.0,0.0
2008-12-31 00:00:00-05:00,1.4541582443138938,1.472335291707486,1.4287104993072848,1.4686998128890991,84400,0.0,0.0
2009-01-02 00:00:00-05:00,1.4468885298928555,1.6104813840032608,1.4468885298928555,1.574127435684204,85300,0.0,0.0
2009-01-05 00:00:00-05:00,1.5886688194299732,1.7013661320194735,1.5632211454141596,1.6395645141601562,126000,0.0,0.0
2009-01-06 00:00:00-05:00,1.675917057706235,1.7013647104594911,1.6250214055014565,1.6541047096252441,93800,0.0,0.0
2009-01-07 00:00:00-05:00,1.635928039448457,1.65410508700422,1.6068449020385742,1.6068449020385742,77300,0.0,0.0
2009-01-08 00:00:00-05:00,1.6032106526482113,1.6650124537129887,1.6032106526482113,1.6468355655670166,93000,0.0,0.0
2009-01-09 00:00:00-05:00,1.6759184875857287,1.7631679543502004,1.6686476986886896,1.6940953731536865,125200,0.0,0.0
2009-01-12 00:00:00-05:00,1.7373447703185685,1.7739977551636092,1.70435732864217,1.7556712627410889,112100,0.038,0.0
2009-01-13 00:00:00-05:00,1.7520071694786623,1.7996557651092777,1.722684728231637,1.7483417987823486,106700,0.0,0.0
2009-01-14 00:00:00-05:00,1.74101100007617,1.7630026969989325,1.6787011047411076,1.6933622360229492,94400,0.0,0.0
2009-01-15 00:00:00-05:00,1.682366224239336,1.722684241868896,1.6567091609323428,1.6896967887878418,73600,0.0,0.0
2009-01-16 00:00:00-05:00,1.7116887086132357,1.8253125615163788,1.7116887086132357,1.78499436378479,64600,0.0,0.0
2009-01-20 00:00:00-05:00,1.825311689262528,1.825311689262528,1.7446755071070843,1.7556712627410889,57600,0.0,0.0
2009-01-21 00:00:00-05:00,1.7446765310179657,1.821647389951594,1.7190194615237648,1.7593376636505127,54100,0.0,0.0
2009-01-22 00:00:00-05:00,1.788660375761086,1.8289784131856515,1.7410115954143837,1.7959909439086914,100700,0.0,0.0
2009-01-23 00:00:00-05:00,1.7923234756773518,1.8619638789972426,1.766666604562984,1.8289762735366821,40000,0.0,0.0
2009-01-26 00:00:00-05:00,1.8436379892571175,1.8766254274904839,1.814315569486707,1.8656296730041504,57000,0.0,0.0
2009-01-27 00:00:00-05:00,1.880292370009854,1.9022840721721637,1.8106518924419506,1.8692964315414429,37400,0.0,0.0
2009-01-28 00:00:00-05:00,1.861964249959041,1.9022824230241147,1.8326420058296642,1.8546336889266968,74400,0.0,0.0
2009-01-29 00:00:00-05:00,1.8546343898801463,1.8729608867746315,1.825312134668512,1.8509691953659058,38000,0.0,0.0
2009-01-30 00:00:00-05:00,1.8619654503237117,1.8839571475982666,1.847304318807342,1.8839571475982666,55600,0.0,0.0
2009-02-02 00:00:00-05:00,1.8986187579155118,1.9609286699608703,1.8583007234651767,1.9279412031173706,61200,0.0,0.0
2009-02-03 00:00:00-05:00,1.909613518587738,1.9755885863463096,1.909613518587738,1.968258023262024,35700,0.0,0.0
2009-02-04 00:00:00-05:00,1.9682584444777587,2.012241832396106,1.9499321202323376,1.9829195737838745,44600,0.0,0.0
2009-02-05 00:00:00-05:00,1.9829199181710795,2.0049116159497014,1.9462670885400433,1.9792547225952148,19300,0.0,0.0
2009-02-06 00:00:00-05:00,1.9939163752579174,2.0488957214522974,1.9792552395760192,2.019573450088501,56200,0.0,0.0
2009-02-09 00:00:00-05:00,2.0454177614078093,2.0675702793662527,2.015881070796551,2.049109935760498,38900,0.04,0.0
2009-02-10 00:00:00-05:00,2.0749540643627458,2.0786462380256387,1.9974201779672935,2.0084965229034424,57500,0.0,0.0
2009-02-11 00:00:00-05:00,2.012188818085997,2.012188818085997,1.875581541302354,1.9568076133728027,56600,0.0,0.0
2009-02-12 00:00:00-05:00,1.956806985092599,1.990035662041134,1.916193962097168,1.916193962097168,35800,0.0,0.0
2009-02-13 00:00:00-05:00,1.9309618085586802,1.9383459766657851,1.8829646278362717,1.9088093042373657,71900,0.0,0.0
2009-02-17 00:00:00-05:00,1.8571210463258379,1.9014260768890383,1.8017396700955666,1.901426076889038,113500,0.0,0.0
2009-02-18 00:00:00-05:00,1.890349664963679,1.9051180079671033,1.8312762929499813,1.8497368097305298,97900,0.0,0.0
2009-02-19 00:00:00-05:00,1.8497369706790852,1.882965657301803,1.8423526224823132,1.8608131408691406,116100,0.0,0.0
2009-02-20 00:00:00-05:00,1.8718896520824824,1.9088105160574436,1.727898018501284,1.7685110569000244,128100,0.0,0.0
2009-02-23 00:00:00-05:00,1.7832786283751445,1.786970801196165,1.617134724584009,1.6392872333526611,130500,0.0,0.0
2009-02-24 00:00:00-05:00,1.6614390854709333,1.8054304235837366,1.6392865854576115,1.7352807521820068,99100,0.0,0.0
2009-02-25 00:00:00-05:00,1.7352792896439408,1.8128130623693182,1.7352792896439408,1.7869685888290405,31400,0.0,0.0
2009-02-26 00:00:00-05:00,1.7906622363544251,1.9051169171219728,1.7906622363544251,1.8571199178695679,64700,0.0,0.0
2009-02-27 00:00:00-05:00,1.8755799382249612,1.8940404413860155,1.8571196111163126,1.8681957721710205,35900,0.0,0.0
2009-03-02 00:00:00-05:00,1.8866581652340244,1.8866581652340244,1.7574350418185614,1.8054320812225342,68700,0.0,0.0
2009-03-03 00:00:00-05:00,1.823891269109913,1.838659605211819,1.7537415845996334,1.81650710105896,43200,0.0,0.0
2009-03-04 00:00:00-05:00,1.8091242559742302,1.8349687750257735,1.768511213968485,1.8054320812225342,69800,0.0,0.0
2009-03-05 00:00:00-05:00,1.7906626448583378,1.7980468138165226,1.68728427944375,1.7168209552764893,82900,0.0,0.0
2009-03-06 00:00:00-05:00,1.7094362568593413,1.7352807521820066,1.69835991882647,1.7352807521820068,40800,0.0,0.0
2009-03-09 00:00:00-04:00,1.7095828211806334,1.7244811317162574,1.676061533674544,1.6872353553771973,64800,0.041,0.0
2009-03-10 00:00:00-04:00,1.7095829192332277,1.7244812306233397,1.676061629804535,1.7170320749282837,61700,0.0,0.0
2009-03-11 00:00:00-04:00,1.735654400577353,1.7431035542346958,1.6984086322906393,1.702133297920227,56700,0.0,0.0
2009-03-12 00:00:00-04:00,1.6909581536066913,1.743102188348278,1.6872336684974245,1.7282038927078247,35100,0.0,0.0
2009-03-13 00:00:00-04:00,1.731929034110749,1.7989713830227825,1.7282043703703205,1.7580009698867798,37100,0.0,0.0
2009-03-16 00:00:00-04:00,1.7542757007746725,1.8213180197641836,1.7393774076658923,1.7989705801010132,60700,0.0,0.0
2009-03-17 00:00:00-04:00,1.8324924376972695,1.8399415867284894,1.7766237311622608,1.8138694763183594,63100,0.0,0.0
2009-03-18 00:00:00-04:00,1.825044708902319,1.8511166619997277,1.787798934761835,1.8436675071716309,27700,0.0,0.0
2009-03-19 00:00:00-04:00,1.832492318817327,1.8697380615571688,1.798971061550614,1.821318507194519,45600,0.0,0.0
2009-03-20 00:00:00-04:00,1.8362183899421278,1.8473922112139995,1.8250447462721202,1.8324939012527466,34100,0.0,0.0
2009-03-23 00:00:00-04:00,1.828768628036287,1.869739055633545,1.8250441405829754,1.869739055633545,66700,0.0,0.0
2009-03-24 00:00:00-04:00,1.8287682753506005,1.892086148262024,1.8287682753506005,1.892086148262024,67600,0.0,0.0
2009-03-25 00:00:00-04:00,1.86973869504654,1.914433601477508,1.86973869504654,1.892086148262024,41000,0.0,0.0
2009-03-26 00:00:00-04:00,1.9181571146146705,1.9703011408227498,1.8995341593109532,1.947953701019287,36400,0.0,0.0
2009-03-27 00:00:00-04:00,1.9516791411803485,1.9628529553542937,1.9367808406829223,1.9405055046081543,44700,0.0,0.0
2009-03-30 00:00:00-04:00,1.9479550201218183,1.9479550201218183,1.8846371423340191,1.910709261894226,78200,0.0,0.0
2009-03-31 00:00:00-04:00,1.947955137558231,1.947955137558231,1.8995355601423967,1.925607681274414,55800,0.0,0.0
2009-04-01 00:00:00-04:00,1.9330573172983496,2.0149980108523744,1.8995360356798743,1.9740277528762817,58600,0.0,0.0
2009-04-02 00:00:00-04:00,1.9926501584955763,1.9926501584955763,1.9405060909974963,1.970302700996399,55700,0.0,0.0
2009-04-03 00:00:00-04:00,1.9851998862573825,1.9851998862573825,1.9181575515746234,1.936780333518982,51600,0.0,0.0
2009-04-06 00:00:00-04:00,1.9516796394558993,1.9516796394558993,1.7989719315692083,1.8734636306762695,169900,0.0,0.0
2009-04-07 00:00:00-04:00,1.880912508509381,1.9069844484329224,1.880912508509381,1.9069844484329224,34200,0.0,0.0
2009-04-08 00:00:00-04:00,1.9516793568366482,1.9516793568366482,1.8883616615269954,1.892086148262024,78000,0.0,0.0
2009-04-09 00:00:00-04:00,1.9256086292722745,1.9479560965579903,1.910710317748464,1.9330577850341797,45800,0.0,0.0
2009-04-13 00:00:00-04:00,1.9259234118314648,1.9259234118314648,1.8883810817697886,1.9221690893173218,39200,0.041,0.0
2009-04-14 00:00:00-04:00,1.9259234118314648,1.9259234118314648,1.8958895477821238,1.9221690893173218,29300,0.0,0.0
2009-04-15 00:00:00-04:00,1.9221699049442413,1.9409411674481918,1.8996444973491167,1.933432698249817,41800,0.0,0.0
2009-04-16 00:00:00-04:00,1.933432949242738,1.963466829935153,1.9146616843019537,1.9597125053405762,73700,0.0,0.0
2009-04-17 00:00:00-04:00,1.9597134935193428,1.9709762939662514,1.940942398129348,1.9446965456008911,33300,0.0,0.0
2009-04-20 00:00:00-04:00,1.8958896017777183,1.940940399134792,1.8958896017777183,1.925923466682434,67300,0.0,0.0
2009-04-21 00:00:00-04:00,1.8921362879438228,1.944695579548915,1.8921362879438228,1.9184160232543945,56400,0.0,0.0
2009-04-22 00:00:00-04:00,1.9221693842018341,1.9747288333673993,1.9221693842018341,1.9672201871871948,57200,0.0,0.0
2009-04-23 00:00:00-04:00,1.9709742242734751,2.0047624111175537,1.9634657581987855,2.0047624111175537,39700,0.0,0.0
2009-04-24 00:00:00-04:00,1.9897443783523243,1.9897443783523243,1.9634646721194062,1.9709731340408325,47600,0.0,0.0
2009-04-27 00:00:00-04:00,1.9672200529595287,1.9859913090972814,1.937186186351897,1.9784828424453735,70900,0.0,0.0
2009-04-28 00:00:00-04:00,1.9897461829993117,2.0272885266563523,1.963466452931376,2.008517265319824,55200,0.0,0.0
2009-04-29 00:00:00-04:00,2.008515174947319,2.016023635864258,1.9972525730798254,2.016023635864258,44500,0.0,0.0
2009-04-30 00:00:00-04:00,2.038550718711242,2.0648304433450213,2.01227117309344,2.0498135089874268,63100,0.0,0.0
2009-05-01 00:00:00-04:00,2.049815500015484,2.0648324489593506,2.0385526987995077,2.0648324489593506,70500,0.0,0.0
2009-05-04 00:00:00-04:00,2.0685842809458603,2.0798468895627336,2.0460587056802404,2.0535671710968018,86400,0.0,0.0
2009-05-05 00:00:00-04:00,2.0535685557759997,2.0610770262553686,2.042305939564975,2.046060085296631,74700,0.0,0.0
2009-05-06 00:00:00-04:00,2.0535680353912262,2.0723392963409424,2.034796953457522,2.0723392963409424,46800,0.0,0.0
2009-05-07 00:00:00-04:00,2.0873563822654178,2.1023733204890807,2.053568181754164,2.0911107063293457,43900,0.0,0.0
2009-05-08 00:00:00-04:00,2.0948654571982805,2.1324078136144355,2.0836028397814723,2.1173908710479736,48600,0.0,0.0
2009-05-11 00:00:00-04:00,2.106798428880845,2.1181455363032313,2.0538446597129743,2.068974256515503,59300,0.042,0.0
2009-05-12 00:00:00-04:00,2.080322958789071,2.0992350578308105,2.0727581552442036,2.0992350578308105,33300,0.0,0.0
2009-05-13 00:00:00-04:00,2.0954533029134508,2.11058291532473,2.072758884296532,2.0916709899902344,43200,0.0,0.0
2009-05-14 00:00:00-04:00,2.076541346389909,2.1181478736893715,2.0614117328917807,2.1105830669403076,50000,0.0,0.0
2009-05-15 00:00:00-04:00,2.1181468168490074,2.1484060287475586,2.09167009661734,2.1484060287475586,58600,0.0,0.0
2009-05-18 00:00:00-04:00,2.1370571063980237,2.1370571063980237,2.087885838484894,2.1143627166748047,80700,0.0,0.0
2009-05-19 00:00:00-04:00,2.1181466968431906,2.1181466968431906,2.099234780657635,2.1030170917510986,38800,0.0,0.0
2009-05-20 00:00:00-04:00,2.118147373199463,2.1219298658598524,2.103017763276259,2.118147373199463,56700,0.0,0.0
2009-05-21 00:00:00-04:00,2.1219279766082764,2.14083988199454,2.110580689089305,2.1219279766082764,67100,0.0,0.0
2009-05-22 00:00:00-04:00,2.114363856103431,2.144623058707711,2.114363856103431,2.1370582580566406,56800,0.0,0.0
2009-05-26 00:00:00-04:00,2.1446237174398046,2.1559708317221964,2.137058914465167,2.1484060287475586,53100,0.0,0.0
2009-05-27 00:00:00-04:00,2.1521890415879987,2.155971353811677,2.129494627168412,2.13327693939209,64900,0.0,0.0
2009-05-28 00:00:00-04:00,2.1219279615320286,2.152187154222273,2.1219279615320286,2.12949275970459,68300,0.0,0.0
2009-05-29 00:00:00-04:00,2.1484046649564847,2.152187154222273,2.1143631633594677,2.12949275970459,116200,0.0,0.0
2009-06-01 00:00:00-04:00,2.121928855593773,2.1635351728939183,2.110581563374312,2.140840768814087,96200,0.0,0.0
2009-06-02 00:00:00-04:00,2.1484052821484787,2.1824469738839785,2.1408404818027087,2.174882173538208,66100,0.0,0.0
2009-06-03 00:00:00-04:00,2.1824469738839785,2.186229464236397,2.163534882840019,2.174882173538208,62800,0.0,0.0
2009-06-04 00:00:00-04:00,2.18244747198941,2.197577076134018,2.1748826699171064,2.1786651611328125,66500,0.0,0.0
2009-06-05 00:00:00-04:00,2.2127072995957255,2.2202721037853506,2.1900128870268496,2.216489791870117,54300,0.0,0.0
2009-06-08 00:00:00-04:00,2.220271587371826,2.2240540787664473,2.1862300666158174,2.220271587371826,41600,0.0,0.0
2009-06-09 00:00:00-04:00,2.2127067849417004,2.2316188811965736,2.2089244739061957,2.220271587371826,49200,0.0,0.0
2009-06-10 00:00:00-04:00,2.2286525260297156,2.2362718437628875,2.2057945728302,2.2057945728302,20500,0.042,0.0
2009-06-11 00:00:00-04:00,2.190556235885189,2.236272148514225,2.1867464856699916,2.213414192199707,41800,0.0,0.0
2009-06-12 00:00:00-04:00,2.2172229708652016,2.243890484050774,2.1791262120421404,2.1943650245666504,86200,0.0,0.0
2009-06-15 00:00:00-04:00,2.1791265983378376,2.1791265983378376,2.1334106976366365,2.1448397636413574,69500,0.0,0.0
2009-06-16 00:00:00-04:00,2.1410306120436737,2.1600790001488837,2.1372210434179673,2.1486499309539795,32300,0.0,0.0
2009-06-17 00:00:00-04:00,2.167700408857024,2.1943681415818905,2.1410326761321583,2.1715099811553955,55300,0.0,0.0
2009-06-18 00:00:00-04:00,2.171508251461126,2.171508251461126,2.1486502909009895,2.163888931274414,35600,0.0,0.0
2009-06-19 00:00:00-04:00,2.1867465277645435,2.1867465277645435,2.1562692520918367,2.160079002380371,24800,0.0,0.0
2009-06-22 00:00:00-04:00,2.1410293579101562,2.160077734857552,2.1296004770687476,2.1410293579101562,48200,0.0,0.0
2009-06-23 00:00:00-04:00,2.1448393524323697,2.163887549909859,2.141029603941588,2.152458667755127,36300,0.0,0.0
2009-06-24 00:00:00-04:00,2.1486502909009895,2.19817596294408,2.1486502909009895,2.163888931274414,63100,0.0,0.0
2009-06-25 00:00:00-04:00,2.17150788992819,2.1791272088463667,2.1448403645440175,2.160079002380371,25200,0.0,0.0
2009-06-26 00:00:00-04:00,2.1524596834621943,2.1829369591349015,2.1524596834621943,2.160079002380371,40800,0.0,0.0
2009-06-29 00:00:00-04:00,2.160079362010519,2.179127571647838,2.1562696110877018,2.163888931274414,27400,0.0,0.0
2009-06-30 00:00:00-04:00,2.1905566427573677,2.19817596294408,2.160079362010519,2.163888931274414,33800,0.0,0.0
2009-07-01 00:00:00-04:00,2.1791277533053197,2.190556825367605,2.1562697908396866,2.1867470741271973,66600,0.0,0.0
2009-07-02 00:00:00-04:00,2.1867470741271973,2.190556825367605,2.1638891116615646,2.1867470741271973,47600,0.0,0.0
2009-07-06 00:00:00-04:00,2.163888341699043,2.1867462960312767,2.163888341699043,2.1791269779205322,43400,0.0,0.0
2009-07-07 00:00:00-04:00,2.1791293074112046,2.1905583876244523,2.163890654899586,2.1715099811553955,33200,0.0,0.0
2009-07-08 00:00:00-04:00,2.186748633667014,2.1905583876244523,2.160081082601215,2.1715099811553955,29900,0.0,0.0
2009-07-09 00:00:00-04:00,2.1867454861861013,2.2172229290008545,2.1638875403191404,2.2172229290008545,30800,0.0,0.0
2009-07-10 00:00:00-04:00,2.221033159697951,2.2324622268770606,2.1943656390447956,2.2286524772644043,37000,0.0,0.0
2009-07-13 00:00:00-04:00,2.2332565938042697,2.2409310075435642,2.1987216404912147,2.202558755874634,35100,0.042,0.0
2009-07-14 00:00:00-04:00,2.206397642553178,2.2332582014630877,2.206397642553178,2.2294209003448486,22900,0.0,0.0
2009-07-15 00:00:00-04:00,2.2294204701605285,2.279304277236633,2.2140716345944274,2.23325777053833,60900,0.0,0.0
2009-07-16 00:00:00-04:00,2.225581860983994,2.294651574735144,2.2217445631782704,2.263953924179077,36700,0.0,0.0
2009-07-17 00:00:00-04:00,2.2639547089280305,2.2639547089280305,2.23325704773131,2.2370941638946533,25000,0.0,0.0
2009-07-20 00:00:00-04:00,2.260117538592708,2.260117538592708,2.237094291383109,2.2562804222106934,28900,0.0,0.0
2009-07-21 00:00:00-04:00,2.2601166691591117,2.27546549472771,2.2486051414688797,2.2716283798217773,27400,0.0,0.0
2009-07-22 00:00:00-04:00,2.2524425983428955,2.2754658401912047,2.2447681843934593,2.2524425983428955,46000,0.0,0.0
2009-07-23 00:00:00-04:00,2.252443778059944,2.298490285873413,2.2447693600910323,2.298490285873413,37200,0.0,0.0
2009-07-24 00:00:00-04:00,2.290815034040374,2.290815034040374,2.260117373338776,2.275466203689575,51400,0.0,0.0
2009-07-27 00:00:00-04:00,2.2831420845739046,2.3253514866220204,2.279304966009135,2.321514368057251,113200,0.0,0.0
2009-07-28 00:00:00-04:00,2.321512453919694,2.3522101090173995,2.2984890296239575,2.3253495693206787,45500,0.0,0.0
2009-07-29 00:00:00-04:00,2.3406988121298675,2.4443035079512265,2.3253499818579986,2.39825701713562,57000,0.0,0.0
2009-07-30 00:00:00-04:00,2.4596520512389195,2.482675293960446,2.3483729532653084,2.390582323074341,129600,0.0,0.0
2009-07-31 00:00:00-04:00,2.3483737292371925,2.394420229895366,2.3483737292371925,2.363722562789917,76400,0.0,0.0
2009-08-03 00:00:00-04:00,2.3752340939446834,2.4519782557149017,2.3637223781928935,2.409769058227539,63500,0.0,0.0
2009-08-04 00:00:00-04:00,2.409769604862843,2.463490530288121,2.382909050663926,2.3867461681365967,50700,0.0,0.0
2009-08-05 00:00:00-04:00,2.4059324264526367,2.4289556813741253,2.382909171531148,2.4059324264526367,41500,0.0,0.0
2009-08-06 00:00:00-04:00,2.417443227604033,2.4289547592080782,2.390582682240434,2.4136059284210205,62400,0.0,0.0
2009-08-07 00:00:00-04:00,2.440468154897506,2.4443052737512163,2.329188963550583,2.359886646270752,107500,0.0,0.0
2009-08-10 00:00:00-04:00,2.3761129418479463,2.4070216981271524,2.3336133098486784,2.3490676879882812,56700,0.042,0.0
2009-08-11 00:00:00-04:00,2.3490659817497295,2.376111215965152,2.3374752986792524,2.356793165206909,30500,0.0,0.0
2009-08-12 00:00:00-04:00,2.360656849050792,2.3915655828795117,2.3529296655936123,2.356793165206909,39300,0.0,0.0
2009-08-13 00:00:00-04:00,2.368384032507972,2.372247532121269,2.2988391971627666,2.356793165206909,78100,0.0,0.0
2009-08-14 00:00:00-04:00,2.356794892421827,2.37997645978235,2.306568071025333,2.329749822616577,116800,0.0,0.0
2009-08-17 00:00:00-04:00,2.3374751719767377,2.3529295380533957,2.318157122265627,2.333611488342285,76900,0.0,0.0
2009-08-18 00:00:00-04:00,2.3374752986792524,2.4031562659499888,2.3297481152220723,2.356793165206909,51700,0.0,0.0
2009-08-19 00:00:00-04:00,2.3645216290054147,2.3799760042880105,2.3374765643762143,2.3683853149414062,61400,0.0,0.0
2009-08-20 00:00:00-04:00,2.3645203486640893,2.379974715578449,2.3529296655936123,2.356793165206909,48700,0.0,0.0
2009-08-21 00:00:00-04:00,2.3645212304770906,2.3992936611175537,2.3606577294229583,2.3992936611175537,58900,0.0,0.0
2009-08-24 00:00:00-04:00,2.399294486248882,2.4417941178441347,2.395430799635351,2.422476053237915,117600,0.0,0.0
2009-08-25 00:00:00-04:00,2.453383730114146,2.4727017862234106,2.422474987723832,2.4263386726379395,83700,0.0,0.0
2009-08-26 00:00:00-04:00,2.426338473032572,2.4456563433219944,2.4147476034744213,2.4186112880706787,50600,0.0,0.0
2009-08-27 00:00:00-04:00,2.414747999516805,2.4379295582044884,2.414747999516805,2.4340660572052,68100,0.0,0.0
2009-08-28 00:00:00-04:00,2.4263388709759726,2.4379295582044884,2.418611684746745,2.4340660572052,32100,0.0,0.0
2009-08-31 00:00:00-04:00,2.4495211758733277,2.4842934323823695,2.437930300883175,2.472702741622925,85900,0.0,0.0
2009-09-01 00:00:00-04:00,2.4727044372740536,2.530658483505249,2.46497724339195,2.530658483505249,105500,0.0,0.0
2009-09-02 00:00:00-04:00,2.5306580755396295,2.5461124608124464,2.5152036902668127,2.5345215797424316,38200,0.0,0.0
2009-09-03 00:00:00-04:00,2.5422461916247685,2.5731549307934825,2.5306555065518093,2.5538370609283447,50600,0.0,0.0
2009-09-04 00:00:00-04:00,2.569293180129378,2.6117928175427316,2.542247922824382,2.5577023029327393,123400,0.0,0.0
2009-09-08 00:00:00-04:00,2.407021292475556,2.5963374848958853,2.403157606476437,2.5654287338256836,55700,0.0,0.0
2009-09-09 00:00:00-04:00,2.5538374580752023,2.577019016056698,2.542246586969131,2.569291830062866,57700,0.0,0.0
2009-09-10 00:00:00-04:00,2.5661803751366397,2.581732968863407,2.5272988908197216,2.5350751876831055,102800,0.042,0.0
2009-09-11 00:00:00-04:00,2.546742306169738,2.5778475251406863,2.5350777563547675,2.570071220397949,94000,0.0,0.0
2009-09-14 00:00:00-04:00,2.5622961725438436,2.573960542678833,2.535078999892501,2.573960542678833,46500,0.0,0.0
2009-09-15 00:00:00-04:00,2.562292738734705,2.5817333913739304,2.562292738734705,2.577845335006714,47100,0.0,0.0
2009-09-16 00:00:00-04:00,2.57395969060197,2.5972886085510254,2.57395969060197,2.5972886085510254,57000,0.0,0.0
2009-09-17 00:00:00-04:00,2.612839307800456,2.6245038509368896,2.605063007510041,2.6245038509368896,52500,0.0,0.0
2009-09-18 00:00:00-04:00,2.6206156080908705,2.6245038509368896,2.605063007510041,2.6245038509368896,74500,0.0,0.0
2009-09-21 00:00:00-04:00,2.624506617879597,2.63617117331364,2.5700724584583075,2.60117769241333,123800,0.0,0.0
2009-09-22 00:00:00-04:00,2.6245061840131014,2.643947044722062,2.577848340793742,2.5934009552001953,161800,0.0,0.0
2009-09-23 00:00:00-04:00,2.593397525089794,2.5972855808480464,2.5622923374176025,2.5622923374176025,138000,0.0,0.0
2009-09-24 00:00:00-04:00,2.5700699067162796,2.573957964399417,2.5078593151713657,2.519523859024048,215700,0.0,0.0
2009-09-25 00:00:00-04:00,2.5389654636383057,2.55062982558087,2.5078600658541896,2.5389654636383057,72900,0.0,0.0
2009-09-28 00:00:00-04:00,2.577844931253698,2.577844931253698,2.503970017831472,2.5622923374176025,50200,0.0,0.0
2009-09-29 00:00:00-04:00,2.5778463609544082,2.597287021330751,2.570070059723542,2.5817344188690186,103000,0.0,0.0
2009-09-30 00:00:00-04:00,2.6478320182307544,2.6478320182307544,2.5700690368707093,2.577845335006714,125000,0.0,0.0
2009-10-01 00:00:00-04:00,2.589510720099885,2.597287021330751,2.5661818164072856,2.5817344188690186,76300,0.0,0.0
2009-10-02 00:00:00-04:00,2.5739563125556217,2.612837791442871,2.5545156658127546,2.612837791442871,71200,0.0,0.0
2009-10-05 00:00:00-04:00,2.616727946034474,2.667273998260498,2.6011753431036437,2.667273998260498,87700,0.0,0.0
2009-10-06 00:00:00-04:00,2.706154219445082,2.7294831127539028,2.678937084550676,2.702265977859497,100400,0.0,0.0
2009-10-07 00:00:00-04:00,2.7139315969925573,2.7294841987196037,2.6750500926749408,2.678938150405884,77100,0.0,0.0
2009-10-08 00:00:00-04:00,2.7100448202393994,2.7100448202393994,2.651722624906209,2.659498929977417,104900,0.0,0.0
2009-10-09 00:00:00-04:00,2.6478334444919778,2.6594979906799034,2.5817347820309657,2.585623025894165,110400,0.0,0.0
2009-10-12 00:00:00-04:00,2.5467401023875915,2.5545164004012295,2.430095446781454,2.4767532348632812,309300,0.0,0.0
2009-10-13 00:00:00-04:00,2.4931919365174346,2.579299142426712,2.477536114830678,2.575385093688965,75400,0.042,0.0
2009-10-14 00:00:00-04:00,2.5753873992157867,2.5832153170668386,2.461882497059391,2.520591974258423,112400,0.0,0.0
2009-10-15 00:00:00-04:00,2.5440742154415594,2.5440742154415594,2.4657950834654576,2.516676425933838,100000,0.0,0.0
2009-10-16 00:00:00-04:00,2.516678064381892,2.5636457607773875,2.5049362802572386,2.5558178424835205,67000,0.0,0.0
2009-10-19 00:00:00-04:00,2.532331453004478,2.5597292338641537,2.520589680230412,2.547987461090088,64000,0.0,0.0
2009-10-20 00:00:00-04:00,2.5440742938478693,2.5636441707611084,2.53233233037349,2.5636441707611084,47500,0.0,0.0
2009-10-21 00:00:00-04:00,2.5636433207399554,2.579299142426712,2.55190136115883,2.575385093688965,49100,0.0,0.0
2009-10-22 00:00:00-04:00,2.5753871471150336,2.5871291160583496,2.5636453648039828,2.5871291160583496,21500,0.0,0.0
2009-10-23 00:00:00-04:00,2.58321386104217,2.58321386104217,2.5636441707611084,2.5636441707611084,30500,0.0,0.0
2009-10-26 00:00:00-04:00,2.559731708314307,2.559731708314307,2.540161819263493,2.5558178424835205,50100,0.0,0.0
2009-10-27 00:00:00-04:00,2.555815409896577,2.5910409153757215,2.55190136115883,2.575385093688965,55000,0.0,0.0
2009-10-28 00:00:00-04:00,2.55581428521602,2.5792980074121936,2.55581428521602,2.5597281455993652,61000,0.0,0.0
2009-10-29 00:00:00-04:00,2.5558150628450957,2.5558150628450957,2.5284172852975293,2.5440731048583984,45700,0.0,0.0
2009-10-30 00:00:00-04:00,2.540161675569911,2.6106131228616625,2.5166779220167554,2.520591974258423,83000,0.0,0.0
2009-11-02 00:00:00-05:00,2.516677687639143,2.571473294125688,2.516677687639143,2.567559242248535,91000,0.0,0.0
2009-11-03 00:00:00-05:00,2.5636432825435844,2.5636432825435844,2.532331453004478,2.547987461090088,21100,0.0,0.0
2009-11-04 00:00:00-05:00,2.5636433207399554,2.583213004532343,2.5597292720022082,2.575385093688965,47000,0.0,0.0
2009-11-05 00:00:00-05:00,2.5753848604282017,2.5949547290802,2.5753848604282017,2.5949547290802,57700,0.0,0.0
2009-11-06 00:00:00-05:00,2.598871869135979,2.598871869135979,2.5714742424214094,2.5910439491271973,31900,0.0,0.0
2009-11-09 00:00:00-05:00,2.579298908811441,2.6066965009657204,2.5753848604282017,2.5949547290802,89400,0.0,0.0
2009-11-10 00:00:00-05:00,2.603621262550446,2.6193768978118896,2.591804442193369,2.6193768978118896,33700,0.042,0.0
2009-11-11 00:00:00-05:00,2.61937687038457,2.61937687038457,2.595743417739868,2.595743417739868,61500,0.0,0.0
2009-11-12 00:00:00-05:00,2.5918057677595123,2.5918057677595123,2.5563554763793945,2.5563554763793945,37800,0.0,0.0
2009-11-13 00:00:00-05:00,2.556354424658111,2.579988067736355,2.5366599725222496,2.552415609359741,37300,0.0,0.0
2009-11-16 00:00:00-05:00,2.5405998330598054,2.5602944811203336,2.5405998330598054,2.5563554763793945,45900,0.0,0.0
2009-11-17 00:00:00-05:00,2.564232994433032,2.564232994433032,2.5287827098468645,2.5405993461608887,44100,0.0,0.0
2009-11-18 00:00:00-05:00,2.5405992488286446,2.5484770686768714,2.5090879694357375,2.5366604328155518,66700,0.0,0.0
2009-11-19 00:00:00-05:00,2.513026475906372,2.513026475906372,2.4854540179835487,2.513026475906372,98100,0.0,0.0
2009-11-20 00:00:00-05:00,2.5169648036123347,2.5169648036123347,2.4972703556153544,2.50514817237854,36000,0.0,0.0
2009-11-23 00:00:00-05:00,2.5169641092981627,2.5209031105041504,2.4854528509379223,2.5209031105041504,55900,0.0,0.0
2009-11-24 00:00:00-05:00,2.5248437058608246,2.5405993461608887,2.513027069546801,2.5405993461608887,35700,0.0,0.0
2009-11-25 00:00:00-05:00,2.5287816913052246,2.560292959213257,2.5287816913052246,2.560292959213257,35600,0.0,0.0
2009-11-27 00:00:00-05:00,2.544537325259241,2.576048593167273,2.5366595082822325,2.560292959213257,40400,0.0,0.0
2009-11-30 00:00:00-05:00,2.6233161978848685,2.631194016972552,2.579988286813621,2.6272552013397217,78800,0.0,0.0
2009-12-01 00:00:00-05:00,2.631193040785507,2.631193040785507,2.591803959960655,2.6114985942840576,74100,0.0,0.0
2009-12-02 00:00:00-05:00,2.619377242177874,2.6311938762664795,2.5799881488458327,2.6311938762664795,39300,0.0,0.0
2009-12-03 00:00:00-05:00,2.631194016972552,2.6548274742356024,2.6075605597095017,2.6272552013397217,43600,0.0,0.0
2009-12-04 00:00:00-05:00,2.6272548314815753,2.639071464538574,2.6233158285812452,2.639071464538574,32900,0.0,0.0
2009-12-07 00:00:00-05:00,2.6311938762664795,2.6311938762664795,2.6154382389336632,2.6311938762664795,57800,0.0,0.0
2009-12-08 00:00:00-05:00,2.607560298086761,2.639071571275893,2.599682479789478,2.603621482849121,76200,0.0,0.0
2009-12-09 00:00:00-05:00,2.620270192452634,2.6480187718964836,2.5964856147766113,2.5964856147766113,76200,0.042,0.0
2009-12-10 00:00:00-05:00,2.600448775555804,2.6044129650646273,2.576664205571743,2.5806283950805664,55100,0.0,0.0
2009-12-11 00:00:00-05:00,2.5885580940236133,2.5925220968202134,2.5647733211517334,2.5647733211517334,59100,0.0,0.0
2009-12-14 00:00:00-05:00,2.568734220449659,2.592518773812186,2.5608060359954834,2.5608060359954834,89000,0.0,0.0
2009-12-15 00:00:00-05:00,2.560808603354739,2.576664988160036,2.53305983543396,2.53305983543396,79200,0.0,0.0
2009-12-16 00:00:00-05:00,2.540988737302923,2.568737512971403,2.540988737302923,2.5647733211517334,57800,0.0,0.0
2009-12-17 00:00:00-05:00,2.5528810024261475,2.584593779384239,2.540988616555333,2.5528810024261475,53600,0.0,0.0
2009-12-18 00:00:00-05:00,2.540988261621787,2.5845934183597823,2.529096066435174,2.5370242595672607,100700,0.0,0.0
2009-12-21 00:00:00-05:00,2.5370258712207847,2.5528822675577834,2.533061677624958,2.540989875793457,49300,0.0,0.0
2009-12-22 00:00:00-05:00,2.533061677624958,2.5528822675577834,2.533061677624958,2.540989875793457,48000,0.0,0.0
2009-12-23 00:00:00-05:00,2.5528815915653214,2.5687379837036133,2.53702519942703,2.5687379837036133,32100,0.0,0.0
2009-12-24 00:00:00-05:00,2.5766659298466412,2.6004505157470703,2.55684534708474,2.6004505157470703,57900,0.0,0.0
2009-12-28 00:00:00-05:00,2.6123433657976913,2.636127955909851,2.6123433657976913,2.6321637630462646,75100,0.0,0.0
2009-12-29 00:00:00-05:00,2.6202710843916206,2.870009329512147,2.6202710843916206,2.790727376937866,266100,0.0,0.0
2009-12-30 00:00:00-05:00,2.7748686218724354,2.7748686218724354,2.6718019823290273,2.6876585483551025,76200,0.0,0.0
2009-12-31 00:00:00-05:00,2.755048056107034,2.755048056107034,2.6876585483551025,2.6876585483551025,62600,0.0,0.0
2010-01-04 00:00:00-05:00,2.7193729932596433,2.7510857669848567,2.68766021953443,2.7154088020324707,91800,0.0,0.0
2010-01-05 00:00:00-05:00,2.727301831700499,2.7629786160674374,2.723337639535791,2.7550504207611084,111300,0.0,0.0
2010-01-06 00:00:00-05:00,2.7391926658811117,2.755049048596427,2.735228664713779,2.7471208572387695,48500,0.0,0.0
2010-01-07 00:00:00-05:00,2.7471216894161707,2.770906270694136,2.739193495656849,2.7629780769348145,69200,0.0,0.0
2010-01-08 00:00:00-05:00,2.7669414301444095,2.7669414301444095,2.7273004733561215,2.7471208572387695,58100,0.0,0.0
2010-01-11 00:00:00-05:00,2.727301177991188,2.7629779538067285,2.727301177991188,2.7510857582092285,43400,0.0,0.0
2010-01-12 00:00:00-05:00,2.739919424057007,2.7718252972064445,2.723966487482288,2.739919424057007,40400,0.042,0.0
2010-01-13 00:00:00-05:00,2.7279540027839064,2.7917657300435237,2.7279540027839064,2.767836332321167,48200,0.0,0.0
2010-01-14 00:00:00-05:00,2.755872139852842,2.7758134040607048,2.751884001115663,2.771825075149536,39800,0.0,0.0
2010-01-15 00:00:00-05:00,2.739919377785386,2.7917665158646328,2.739919377785386,2.775813579559326,56100,0.0,0.0
2010-01-19 00:00:00-05:00,2.7758116632932155,2.779799799529354,2.7638468742370605,2.7638468742370605,20400,0.0,0.0
2010-01-20 00:00:00-05:00,2.771823336883207,2.771823336883207,2.7638468742370605,2.7638468742370605,29800,0.0,0.0
2010-01-21 00:00:00-05:00,2.763849485673814,2.7997436965832305,2.743908405303955,2.743908405303955,53500,0.0,0.0
2010-01-22 00:00:00-05:00,2.743907081917624,2.751883548253328,2.727954149246216,2.727954149246216,39100,0.0,0.0
2010-01-25 00:00:00-05:00,2.7518842215750485,2.7518842215750485,2.7279548167129706,2.739919424057007,79300,0.0,0.0
2010-01-26 00:00:00-05:00,2.7478958459380394,2.775813579559326,2.7478958459380394,2.775813579559326,41400,0.0,0.0
2010-01-27 00:00:00-05:00,2.7917661016738418,2.803730897214707,2.7598602337968337,2.78378963470459,43200,0.0,0.0
2010-01-28 00:00:00-05:00,2.7758116632932155,2.7957529149955174,2.7638468742370605,2.7638468742370605,28800,0.0,0.0
2010-01-29 00:00:00-05:00,2.7957542081866795,2.811707140858088,2.7239658209913844,2.727954149246216,71400,0.0,0.0
2010-02-01 00:00:00-05:00,2.7518842215750485,2.7718252972064445,2.7319429557696475,2.739919424057007,62500,0.0,0.0
2010-02-02 00:00:00-05:00,2.7399174862986206,2.771823336883207,2.7359293500624826,2.7638468742370605,48400,0.0,0.0
2010-02-03 00:00:00-05:00,2.7678358197220274,2.7917652130126953,2.7638474924199596,2.7917652130126953,24400,0.0,0.0
2010-02-04 00:00:00-05:00,2.7718252972064445,2.787778233781163,2.739919424057007,2.739919424057007,45400,0.0,0.0
2010-02-05 00:00:00-05:00,2.743905614194357,2.787776060487318,2.727952690056215,2.7518820762634277,88300,0.0,0.0
2010-02-08 00:00:00-05:00,2.7798011951445787,2.7798011951445787,2.7040248570491734,2.712001323699951,116200,0.0,0.0
2010-02-09 00:00:00-05:00,2.7288570665269463,2.7288570665269463,2.6686616534766863,2.6887266635894775,179200,0.042,0.0
2010-02-10 00:00:00-05:00,2.6766860977331035,2.6806990208174524,2.6245167581457705,2.6365559101104736,77000,0.0,0.0
2010-02-11 00:00:00-05:00,2.636556470763277,2.664647512394647,2.636556470763277,2.644582509994507,67900,0.0,0.0
2010-02-12 00:00:00-05:00,2.644581933199763,2.6646469312236403,2.644581933199763,2.648594856262207,55800,0.0,0.0
2010-02-16 00:00:00-05:00,2.668660045641912,2.668660045641912,2.648594856262207,2.648594856262207,94800,0.0,0.0
2010-02-17 00:00:00-05:00,2.6526079706804793,2.6646469312236403,2.6405688187814906,2.648594856262207,78000,0.0,0.0
2010-02-18 00:00:00-05:00,2.652607818058948,2.656620740890503,2.6405686668526487,2.656620740890503,56200,0.0,0.0
2010-02-19 00:00:00-05:00,2.6606347990535113,2.6646477233088257,2.6044523286320356,2.6325435638427734,111700,0.0,0.0
2010-02-22 00:00:00-05:00,2.6205037167522818,2.636555791076623,2.588399376747779,2.616490602493286,54600,0.0,0.0
2010-02-23 00:00:00-05:00,2.624517329051346,2.6686606407165527,2.612478365823662,2.6686606407165527,55900,0.0,0.0
2010-02-24 00:00:00-05:00,2.6686616534766863,2.6887266635894775,2.652609568844076,2.6887266635894775,75400,0.0,0.0
2010-02-25 00:00:00-05:00,2.6646476802787684,2.676686835562066,2.656621640541864,2.660634756088257,43200,0.0,0.0
2010-02-26 00:00:00-05:00,2.6726735646738238,2.6967516824850626,2.644582522905314,2.6686606407165527,64300,0.0,0.0
2010-03-01 00:00:00-05:00,2.6967527059057828,2.6967527059057828,2.6766876957929915,2.6887266635894775,76700,0.0,0.0
2010-03-02 00:00:00-05:00,2.6967513190319603,2.728855663142638,2.6967513190319603,2.7248425483703613,115500,0.0,0.0
2010-03-03 00:00:00-05:00,2.728856267261377,2.728856267261377,2.6967519160433846,2.704777956008911,146600,0.0,0.0
2010-03-04 00:00:00-05:00,2.708791494369507,2.7248435768054455,2.708791494369507,2.708791494369507,60600,0.0,0.0
2010-03-05 00:00:00-05:00,2.724842843684512,2.724842843684512,2.6726734941259545,2.6847126483917236,163500,0.0,0.0
2010-03-08 00:00:00-05:00,2.6967516113016274,2.6967516113016274,2.6726734941259545,2.6847126483917236,45300,0.0,0.0
2010-03-09 00:00:00-05:00,2.6855202299179743,2.693596974670736,2.6653282717536766,2.689558506011963,32600,0.042,0.0
2010-03-10 00:00:00-05:00,2.6814815511085976,2.7057117834679345,2.6814815511085976,2.7016735076904297,17900,0.0,0.0
2010-03-11 00:00:00-05:00,2.701673719423498,2.705711995517487,2.681481761259201,2.689558506011963,62400,0.0,0.0
2010-03-12 00:00:00-05:00,2.693598090644943,2.6976363684120153,2.6572526279169737,2.6734061241149902,96000,0.0,0.0
2010-03-15 00:00:00-04:00,2.665328445118864,2.681481935675085,2.645136678205986,2.661290168762207,95300,0.0,0.0
2010-03-16 00:00:00-04:00,2.6774435551428395,2.6774435551428395,2.6572515964508057,2.6572515964508057,92800,0.0,0.0
2010-03-17 00:00:00-04:00,2.661289862510119,2.693596839904785,2.661289862510119,2.693596839904785,41500,0.0,0.0
2010-03-18 00:00:00-04:00,2.6935997545589228,2.7057147879088075,2.689561281732306,2.6976380348205566,40300,0.0,0.0
2010-03-19 00:00:00-04:00,2.6976380348205566,2.7097532607354244,2.6976380348205566,2.6976380348205566,36900,0.0,0.0
2010-03-22 00:00:00-04:00,2.697634576774514,2.725903272628784,2.697634576774514,2.725903272628784,63900,0.0,0.0
2010-03-23 00:00:00-04:00,2.7259033771355745,2.7380185879846644,2.7178266340910957,2.7299418449401855,52800,0.0,0.0
2010-03-24 00:00:00-04:00,2.725905730768048,2.7420592308044434,2.713790509458296,2.7420592308044434,47700,0.0,0.0
2010-03-25 00:00:00-04:00,2.73802002267398,2.754173517227173,2.7339815527532596,2.754173517227173,105700,0.0,0.0
2010-03-26 00:00:00-04:00,2.73801912426577,2.7582108895494475,2.733980655670166,2.733980655670166,69700,0.0,0.0
2010-03-29 00:00:00-04:00,2.7259033022097463,2.7460952555483065,2.7137880916936625,2.73801851272583,61600,0.0,0.0
2010-03-30 00:00:00-04:00,2.750135980822641,2.758212730840839,2.7299442020596016,2.7420592308044434,50900,0.0,0.0
2010-03-31 00:00:00-04:00,2.7541743888544485,2.7703278885198195,2.746097639021763,2.762251138687134,75300,0.0,0.0
2010-04-01 00:00:00-04:00,2.778404638352505,2.782442916986395,2.750135917655653,2.762251138687134,46400,0.0,0.0
2010-04-05 00:00:00-04:00,2.7541739898520685,2.7784042358398438,2.7541739898520685,2.7784042358398438,41600,0.0,0.0
2010-04-06 00:00:00-04:00,2.778402652778312,2.814747904768957,2.770325908717639,2.794556140899658,49000,0.0,0.0
2010-04-07 00:00:00-04:00,2.8026334460490423,2.8268636830819682,2.7864799546937586,2.8107101917266846,72200,0.0,0.0
2010-04-08 00:00:00-04:00,2.818787019802812,2.8268637657165527,2.8107102738890717,2.8268637657165527,43800,0.0,0.0
2010-04-09 00:00:00-04:00,2.814746141433716,2.8349380852182704,2.814746141433716,2.814746141433716,67600,0.0,0.0
2010-04-12 00:00:00-04:00,2.811497021278896,2.8399368957469497,2.8074340713651083,2.8318111896514893,73600,0.042,0.0
2010-04-13 00:00:00-04:00,2.8236852637291054,2.8439996242523193,2.8114968024008573,2.8439996242523193,35200,0.0,0.0
2010-04-14 00:00:00-04:00,2.8480624196497923,2.8561881246727157,2.8236851108489343,2.8277480602264404,33900,0.0,0.0
2010-04-15 00:00:00-04:00,2.827747970650256,2.827747970650256,2.7708680372916135,2.7830564975738525,125500,0.0,0.0
2010-04-16 00:00:00-04:00,2.7952475187756973,2.807435989379883,2.7911845660861374,2.807435989379883,49900,0.0,0.0
2010-04-19 00:00:00-04:00,2.795246034431106,2.799308791230995,2.722114474711666,2.7749316692352295,174200,0.0,0.0
2010-04-20 00:00:00-04:00,2.7749330382167297,2.7911844608980267,2.766807326876081,2.778995990753174,53800,0.0,0.0
2010-04-21 00:00:00-04:00,2.7708680372916135,2.791182202339373,2.766805088042812,2.7830564975738525,33100,0.0,0.0
2010-04-22 00:00:00-04:00,2.766806654645585,2.799309492111206,2.75868094527918,2.799309492111206,74000,0.0,0.0
2010-04-23 00:00:00-04:00,2.7871218071288246,2.807435989379883,2.7871218071288246,2.807435989379883,52200,0.0,0.0
2010-04-26 00:00:00-04:00,2.80337323042257,2.807435989379883,2.7911845660861374,2.807435989379883,56500,0.0,0.0
2010-04-27 00:00:00-04:00,2.803371742540702,2.8196231572090538,2.795246035206526,2.811497449874878,79500,0.0,0.0
2010-04-28 00:00:00-04:00,2.7993083652696478,2.835874139565277,2.7993083652696478,2.8318111896514893,65100,0.0,0.0
2010-04-29 00:00:00-04:00,2.8236851108489343,2.831810815871857,2.8155594058260114,2.8277480602264404,49300,0.0,0.0
2010-04-30 00:00:00-04:00,2.835875281126126,2.835875281126126,2.7871210249276945,2.799309492111206,71100,0.0,0.0
2010-05-03 00:00:00-04:00,2.815560414959006,2.8277490737280067,2.803371949922164,2.823686122894287,39600,0.0,0.0
2010-05-04 00:00:00-04:00,2.827749325673015,2.8358750343322754,2.8155606658180368,2.8358750343322754,60200,0.0,0.0
2010-05-05 00:00:00-04:00,2.8358739187894537,2.8439996242523193,2.831810969191971,2.8439996242523193,28000,0.0,0.0
2010-05-06 00:00:00-04:00,2.8399368720053686,2.8399368720053686,1.113222791298274,2.7017998695373535,184600,0.0,0.0
2010-05-07 00:00:00-04:00,2.7261780763127614,2.7627438649051665,2.7099266577677352,2.742429494857788,98600,0.0,0.0
2010-05-10 00:00:00-04:00,2.7911844608980267,2.8033731247751192,2.766807326876081,2.778995990753174,90500,0.0,0.0
2010-05-11 00:00:00-04:00,2.7389337446557254,2.816605025703823,2.7389337446557254,2.8125171661376953,60500,0.042,0.0
2010-05-12 00:00:00-04:00,2.816606554273222,2.8411343097686768,2.8002547172762524,2.8411343097686768,34100,0.0,0.0
2010-05-13 00:00:00-04:00,2.832955411390641,2.845219373703003,2.8206916440073475,2.845219373703003,24200,0.0,0.0
2010-05-14 00:00:00-04:00,2.81660535164182,2.828869321617726,2.7225822315905077,2.7716379165649414,124700,0.0,0.0
2010-05-17 00:00:00-04:00,2.7716361366020243,2.779812046358942,2.7471082124022064,2.767548084259033,66800,0.0,0.0
2010-05-18 00:00:00-04:00,2.7757253630326977,2.7879893311813237,2.7511976216646064,2.7634615898132324,65900,0.0,0.0
2010-05-19 00:00:00-04:00,2.7593733144588253,2.779813194759808,2.730757521023279,2.7430214881896973,62100,0.0,0.0
2010-05-20 00:00:00-04:00,2.7266693889749742,2.738933159984617,2.661262090445876,2.6980535984039307,74600,0.0,0.0
2010-05-21 00:00:00-04:00,2.62855921708125,2.7266703960402934,2.6081195262062975,2.7103185653686523,96800,0.0,0.0
2010-05-24 00:00:00-04:00,2.67761401491462,2.7471091747283936,2.67761401491462,2.7471091747283936,36000,0.0,0.0
2010-05-25 00:00:00-04:00,2.7184937028691603,2.7348455288620968,2.6367343779753343,2.730757474899292,93900,0.0,0.0
2010-05-26 00:00:00-04:00,2.7552846580435504,2.7920763565699516,2.689877367266928,2.7593727111816406,45400,0.0,0.0
2010-05-27 00:00:00-04:00,2.771639377289274,2.80025499743223,2.759375400849941,2.7961671352386475,47800,0.0,0.0
2010-05-28 00:00:00-04:00,2.8206948931880205,2.8206948931880205,2.78799121592219,2.7961671352386475,47800,0.0,0.0
2010-06-01 00:00:00-04:00,2.8002530418128604,2.8002530418128604,2.775725300992984,2.7839012145996094,63500,0.0,0.0
2010-06-02 00:00:00-04:00,2.7839013694581327,2.820693080199118,2.771637595830583,2.8125171661376953,44900,0.0,0.0
2010-06-03 00:00:00-04:00,2.816605740130032,2.8329575724004856,2.808429823994805,2.824781656265259,39200,0.0,0.0
2010-06-04 00:00:00-04:00,2.808429823994805,2.8288697117974806,2.8043419633918,2.824781656265259,27200,0.0,0.0
2010-06-07 00:00:00-04:00,2.8247804015831806,2.832956314086914,2.8206925427958787,2.832956314086914,31300,0.0,0.0
2010-06-08 00:00:00-04:00,2.837891664258213,2.8420044486900986,2.804988604332296,2.8296658992767334,66200,0.042,0.0
2010-06-09 00:00:00-04:00,2.821439504623413,2.8420038144288386,2.8173265249917296,2.821439504623413,30500,0.0,0.0
2010-06-10 00:00:00-04:00,2.84200446726514,2.854343212876857,2.8008756420889305,2.8049886226654053,62300,0.0,0.0
2010-06-11 00:00:00-04:00,2.821438809077339,2.829664570195213,2.800874308223847,2.8173258304595947,45800,0.0,0.0
2010-06-14 00:00:00-04:00,2.8378923165168897,2.8584566356382193,2.8173278012778082,2.8337793350219727,61700,0.0,0.0
2010-06-15 00:00:00-04:00,2.837891664258213,2.850230213671578,2.8255529187271406,2.8296658992767334,30100,0.0,0.0
2010-06-16 00:00:00-04:00,2.829665132841678,2.8337779161595873,2.80910062789917,2.80910062789917,54700,0.0,0.0
2010-06-17 00:00:00-04:00,2.8173258304595947,2.8255515915774687,2.813213047959465,2.8173258304595947,26900,0.0,0.0
2010-06-18 00:00:00-04:00,2.821441530194922,2.854344606399536,2.821441530194922,2.854344606399536,55900,0.0,0.0
2010-06-21 00:00:00-04:00,2.8420044486900986,2.850230213671578,2.8173271537456612,2.8296658992767334,88700,0.0,0.0
2010-06-22 00:00:00-04:00,2.8214393700882057,2.825552153406115,2.8049878445812606,2.80910062789917,53000,0.0,0.0
2010-06-23 00:00:00-04:00,2.8091023853313226,2.817328153231004,2.796763831540688,2.8008766174316406,56100,0.0,0.0
2010-06-24 00:00:00-04:00,2.8008766174316406,2.8214411352397333,2.7926508495319586,2.8008766174316406,82200,0.0,0.0
2010-06-25 00:00:00-04:00,2.7967628393508166,2.837891664258213,2.792649858801224,2.8296658992767334,52400,0.0,0.0
2010-06-28 00:00:00-04:00,2.837893068297229,2.854344606399536,2.825554316661597,2.854344606399536,55900,0.0,0.0
2010-06-29 00:00:00-04:00,2.8502316238150573,2.854344606399536,2.8296672992460756,2.854344606399536,63600,0.0,0.0
2010-06-30 00:00:00-04:00,2.8502313202952636,2.858457088470459,2.8420055521200687,2.858457088470459,49500,0.0,0.0
2010-07-01 00:00:00-04:00,2.854342615135839,2.8625683784484863,2.850229635420682,2.8625683784484863,65700,0.0,0.0
2010-07-02 00:00:00-04:00,2.8625691816377588,2.8790207128790786,2.8502304351479077,2.8749077320098877,53000,0.0,0.0
2010-07-06 00:00:00-04:00,2.8790197372436523,2.8790197372436523,2.862568211577387,2.8790197372436523,56700,0.0,0.0
2010-07-07 00:00:00-04:00,2.8790204309410576,2.8831334114074707,2.8584559208443974,2.8831334114074707,54000,0.0,0.0
2010-07-08 00:00:00-04:00,2.8831334114074707,2.8995849410377175,2.8790204309410576,2.8831334114074707,47700,0.0,0.0
2010-07-09 00:00:00-04:00,2.8872466735949036,2.903698205947876,2.883133888565528,2.903698205947876,42000,0.0,0.0
2010-07-12 00:00:00-04:00,2.9128005979212204,2.9128005979212204,2.846600647106643,2.8714256286621094,63600,0.042,0.0
2010-07-13 00:00:00-04:00,2.8921128135559733,2.8921128135559733,2.871425429010529,2.8797004222869873,28900,0.0,0.0
2010-07-14 00:00:00-04:00,2.8755630269423125,2.8797006225139317,2.863150634810287,2.8714256286621094,36000,0.0,0.0
2010-07-15 00:00:00-04:00,2.8755628212932747,2.9293503761291504,2.8590128347732207,2.9293503761291504,93900,0.0,0.0
2010-07-16 00:00:00-04:00,2.925213101082562,2.925213101082562,2.8879755312017594,2.9045255184173584,73500,0.0,0.0
2010-07-19 00:00:00-04:00,2.9003892648287795,2.9169392585754395,2.9003892648287795,2.9169392585754395,26500,0.0,0.0
2010-07-20 00:00:00-04:00,2.9128003896090964,2.9293503761291504,2.9086629916247837,2.9293503761291504,49700,0.0,0.0
2010-07-21 00:00:00-04:00,2.9210745507546294,2.941762126657213,2.9210745507546294,2.9252121448516846,42300,0.0,0.0
2010-07-22 00:00:00-04:00,2.9459006786346436,2.9459006786346436,2.925213291911291,2.9459006786346436,40600,0.0,0.0
2010-07-23 00:00:00-04:00,2.9293523828222163,2.9541773796081543,2.9252149820036615,2.9541773796081543,41700,0.0,0.0
2010-07-26 00:00:00-04:00,2.9500389099121094,2.9665889017728997,2.945901313301179,2.9500389099121094,51900,0.0,0.0
2010-07-27 00:00:00-04:00,2.9500371175599773,2.9665870993655057,2.9252121448516846,2.9252121448516846,76900,0.0,0.0
2010-07-28 00:00:00-04:00,2.921073879491996,2.9500364396417487,2.921073879491996,2.9334864616394043,44100,0.0,0.0
2010-07-29 00:00:00-04:00,2.9293501770563535,2.9500377574462346,2.92521277935321,2.9376251697540283,53900,0.0,0.0
2010-07-30 00:00:00-04:00,2.9376255670587863,2.958313150246599,2.9334881687960728,2.941763162612915,63300,0.0,0.0
2010-08-02 00:00:00-04:00,2.9624518878966706,2.987276880571103,2.950039490205206,2.9748644828796387,83800,0.0,0.0
2010-08-03 00:00:00-04:00,2.9789995404019067,3.0038247108459473,2.9665871524712353,3.0038247108459473,72500,0.0,0.0
2010-08-04 00:00:00-04:00,2.9996871203354853,3.057612057762455,2.9996871203354853,3.0327870845794678,98700,0.0,0.0
2010-08-05 00:00:00-04:00,3.028652493608065,3.028652493608065,2.9872773026794417,2.9955523014068604,113000,0.0,0.0
2010-08-06 00:00:00-04:00,2.995549879950254,3.0286500453948975,2.995549879950254,3.0286500453948975,39200,0.0,0.0
2010-08-09 00:00:00-04:00,3.0203746966336493,3.0327870845794678,3.0203746966336493,3.0327870845794678,56600,0.0,0.0
2010-08-10 00:00:00-04:00,3.0377846886986117,3.0752366927862846,3.029461999075954,3.0419459342956543,101400,0.042,0.0
2010-08-11 00:00:00-04:00,3.041943088644076,3.058588452318125,2.9628775119781494,2.9628775119781494,139700,0.0,0.0
2010-08-12 00:00:00-04:00,2.9545530085479377,2.9878437153710613,2.942069092703399,2.9503917694091797,64600,0.0,0.0
2010-08-13 00:00:00-04:00,2.962875485058464,2.9961661896322047,2.9545528089150284,2.9878435134887695,30700,0.0,0.0
2010-08-16 00:00:00-04:00,2.9961694526179197,2.9961694526179197,2.9753628388139632,2.9920082092285156,51200,0.0,0.0
2010-08-17 00:00:00-04:00,2.9836843689243944,3.0003297328948975,2.9712002467323213,3.0003297328948975,63200,0.0,0.0
2010-08-18 00:00:00-04:00,2.9920061080805147,3.0086514668057984,2.975360749355231,2.9795219898223877,40200,0.0,0.0
2010-08-19 00:00:00-04:00,2.9878435134887695,3.012811541919075,2.9836822746311777,2.9878435134887695,95800,0.0,0.0
2010-08-20 00:00:00-04:00,2.987845881013039,3.008652687072754,2.987845881013039,3.008652687072754,42400,0.0,0.0
2010-08-23 00:00:00-04:00,3.0086529763743575,3.0086529763743575,2.9795234847754477,2.996168851852417,81100,0.0,0.0
2010-08-24 00:00:00-04:00,2.9795219898223877,3.0003287874431566,2.9795219898223877,2.9795219898223877,38400,0.0,0.0
2010-08-25 00:00:00-04:00,2.9836822746311777,2.9878435134887695,2.971198161201899,2.9878435134887695,51700,0.0,0.0
2010-08-26 00:00:00-04:00,2.9670405613292727,3.0169766794350137,2.9670405613292727,3.012815237045288,93900,0.0,0.0
2010-08-27 00:00:00-04:00,3.0086535796430676,3.012814823032472,2.9836855240212397,2.9920082092285156,47900,0.0,0.0
2010-08-30 00:00:00-04:00,2.9878467674106437,2.9920082092285156,2.9795240822033677,2.9920082092285156,47800,0.0,0.0
2010-08-31 00:00:00-04:00,3.0169729792049185,3.0169729792049185,2.9836822746311777,2.9878435134887695,47300,0.0,0.0
2010-09-01 00:00:00-04:00,2.9878467674106437,2.9920082092285156,2.9836855240212397,2.9920082092285156,72400,0.0,0.0
2010-09-02 00:00:00-04:00,2.9961694526179197,3.004492137825196,2.9795240822033677,2.9920082092285156,50700,0.0,0.0
2010-09-03 00:00:00-04:00,2.9836849523387783,2.9920076359514045,2.954555460480371,2.9670395851135254,81100,0.0,0.0
2010-09-07 00:00:00-04:00,2.9753615171189725,2.983684198629203,2.9420707910780495,2.9587161540985107,120900,0.0,0.0
2010-09-08 00:00:00-04:00,2.9545565234536517,2.979524583274395,2.9545565234536517,2.9712018966674805,105600,0.0,0.0
2010-09-09 00:00:00-04:00,2.971199310459746,2.9795219898223877,2.967038069992589,2.9795219898223877,58500,0.0,0.0
2010-09-10 00:00:00-04:00,2.9712004168879047,2.983684539794922,2.9587164924092892,2.983684539794922,75800,0.0,0.0
2010-09-13 00:00:00-04:00,2.97614850921666,2.997077703475952,2.9635908329830913,2.997077703475952,53000,0.042,0.0
2010-09-14 00:00:00-04:00,2.9845234478192353,2.997080938007699,2.971965758033064,2.9887092113494873,46200,0.0,0.0
2010-09-15 00:00:00-04:00,2.9845217863576194,2.9845217863576194,2.92173377157581,2.925919532775879,99500,0.0,0.0
2010-09-16 00:00:00-04:00,2.917547309858849,2.9384767110585757,2.8715029465755513,2.9133615493774414,109700,0.0,0.0
2010-09-17 00:00:00-04:00,2.925919532775879,2.9552206595667494,2.9049903275803404,2.925919532775879,85600,0.0,0.0
2010-09-20 00:00:00-04:00,2.925919549062755,2.9510349147933588,2.913362065795051,2.9426631927490234,66000,0.0,0.0
2010-09-21 00:00:00-04:00,2.934292468782928,2.955221681213887,2.934292468782928,2.9384782314300537,50400,0.0,0.0
2010-09-22 00:00:00-04:00,2.934291470704688,2.9552206760167277,2.934291470704688,2.9426631927490234,49300,0.0,0.0
2010-09-23 00:00:00-04:00,2.93429078364308,2.9552199840545654,2.93429078364308,2.9552199840545654,34900,0.0,0.0
2010-09-24 00:00:00-04:00,2.942663323597623,2.9468490850071163,2.925919679166831,2.9342916011810303,45000,0.0,0.0
2010-09-27 00:00:00-04:00,2.938476543886357,2.9594059438953932,2.93429078364308,2.9552199840545654,35100,0.0,0.0
2010-09-28 00:00:00-04:00,2.938476543886357,2.9719634242227744,2.93429078364308,2.9552199840545654,42700,0.0,0.0
2010-09-29 00:00:00-04:00,2.9635919870009095,3.0012648307738674,2.95522026611776,2.9845213890075684,42500,0.0,0.0
2010-09-30 00:00:00-04:00,2.997078528789703,3.0054502487182617,2.967777608838521,3.0054502487182617,37400,0.0,0.0
2010-10-01 00:00:00-04:00,3.001264488552756,3.0054502487182617,2.9510341689814035,3.0054502487182617,47400,0.0,0.0
2010-10-04 00:00:00-04:00,2.997079823706447,3.0138232707977295,2.971964653069523,3.0138232707977295,68500,0.0,0.0
2010-10-05 00:00:00-04:00,3.009636551657017,3.009636551657017,2.976149668124419,2.9845213890075684,59200,0.0,0.0
2010-10-06 00:00:00-04:00,2.992894620651703,2.992894620651703,2.9510359951064515,2.9635934829711914,72400,0.0,0.0
2010-10-07 00:00:00-04:00,2.9635921610714155,2.980335603821163,2.955220439696542,2.971963882446289,40200,0.0,0.0
2010-10-08 00:00:00-04:00,2.9761502275586538,3.0096371173858643,2.9761502275586538,3.0096371173858643,46800,0.0,0.0
2010-10-11 00:00:00-04:00,3.001263662086306,3.0054494210991676,2.988705985852737,2.997077703475952,33200,0.0,0.0
2010-10-12 00:00:00-04:00,3.010550807018244,3.0189719200134277,2.9979190371378825,3.0189719200134277,22300,0.042,0.0
2010-10-13 00:00:00-04:00,3.0189734582504664,3.0189734582504664,2.989499447362044,3.002131223678589,32800,0.0,0.0
2010-10-14 00:00:00-04:00,3.0105542648555796,3.023185848469049,3.002133142188133,3.0063436031341553,45900,0.0,0.0
2010-10-15 00:00:00-04:00,3.010552340964528,3.010552340964528,2.989499447362044,3.002131223678589,49200,0.0,0.0
2010-10-18 00:00:00-04:00,3.0021310922482374,3.0021310922482374,2.9726570826501586,2.9852888584136963,46200,0.0,0.0
2010-10-19 00:00:00-04:00,2.9726567789465883,2.9937096694765133,2.9726567789465883,2.976867437362671,44500,0.0,0.0
2010-10-20 00:00:00-04:00,2.9894993164846992,2.9894993164846992,2.955814848815618,2.9852888584136963,64800,0.0,0.0
2010-10-21 00:00:00-04:00,2.9852889239440197,2.99792049920957,2.976867806841897,2.9937100410461426,47800,0.0,0.0
2010-10-22 00:00:00-04:00,3.002131223678589,3.002131223678589,2.976867871820773,3.002131223678589,54000,0.0,0.0
2010-10-25 00:00:00-04:00,2.997920564647983,3.002131223678589,2.976867871820773,3.002131223678589,121100,0.0,0.0
2010-10-26 00:00:00-04:00,2.99792049920957,2.99792049920957,2.9810782650053236,2.9937100410461426,79100,0.0,0.0
2010-10-27 00:00:00-04:00,2.993708985949733,3.0105512142181396,2.989498328495032,3.0105512142181396,50500,0.0,0.0
2010-10-28 00:00:00-04:00,3.0063405567634387,3.0105512142181396,2.9979194426292355,3.0105512142181396,50500,0.0,0.0
2010-10-29 00:00:00-04:00,3.0231837674392508,3.044236660003662,3.006341533697827,3.044236660003662,66500,0.0,0.0
2010-11-01 00:00:00-04:00,3.0484457151089863,3.0526563719941637,3.00212969402306,3.0189719200134277,98900,0.0,0.0
2010-11-02 00:00:00-04:00,3.027393442486547,3.040025013300253,2.9979194426292355,3.0105512142181396,73100,0.0,0.0
2010-11-03 00:00:00-04:00,3.0231846644139733,3.0442375632247507,2.997921306306234,3.040026903152466,80700,0.0,0.0
2010-11-04 00:00:00-04:00,3.0400262309394557,3.0484473484466177,3.0147628784179688,3.0147628784179688,75900,0.0,0.0
2010-11-05 00:00:00-04:00,3.0273962020874023,3.0442384457082334,3.0147644189840888,3.0273962020874023,64900,0.0,0.0
2010-11-08 00:00:00-05:00,3.0324767180663064,3.045182715233863,3.0113003253936768,3.0113003253936768,58700,0.042,0.0
2010-11-09 00:00:00-05:00,3.02824152031377,3.0367121177738166,2.99859432822612,3.0113003253936768,69500,0.0,0.0
2010-11-10 00:00:00-05:00,3.011300343534473,3.024006138823599,2.9689473559790955,2.990123748779297,109100,0.0,0.0
2010-11-11 00:00:00-05:00,2.9816564259805216,2.9816564259805216,2.8334207057539578,2.8673031330108643,162900,0.0,0.0
2010-11-12 00:00:00-05:00,2.846122788472729,2.8757699744820555,2.7910640172481687,2.8588287830352783,129700,0.0,0.0
2010-11-15 00:00:00-05:00,2.8588286821658797,2.8588286821658797,2.7021225658348578,2.752946138381958,238000,0.0,0.0
2010-11-16 00:00:00-05:00,2.630125400306049,2.744478669799566,2.524242735887787,2.7317726612091064,375500,0.0,0.0
2010-11-17 00:00:00-05:00,2.7487119594082348,2.812241554260254,2.689417765125357,2.812241554260254,133500,0.0,0.0
2010-11-18 00:00:00-05:00,2.8080047459714095,2.8080047459714095,2.6978868177584605,2.7698869705200195,133900,0.0,0.0
2010-11-19 00:00:00-05:00,2.7698887254379945,2.808006525039673,2.7571829268741195,2.808006525039673,109500,0.0,0.0
2010-11-22 00:00:00-05:00,2.778359243584423,2.858830039295491,2.7741240448391147,2.8503594398498535,172200,0.0,0.0
2010-11-23 00:00:00-05:00,2.8376548993589377,2.850360906040719,2.812243087950499,2.8164784908294678,90000,0.0,0.0
2010-11-24 00:00:00-05:00,2.8122434908136618,2.8630673228663457,2.8122434908136618,2.8376553058624268,63700,0.0,0.0
2010-11-26 00:00:00-05:00,2.8376521927493403,2.8715347775978275,2.8376521927493403,2.8588287830352783,30900,0.0,0.0
2010-11-29 00:00:00-05:00,2.8588287254399463,2.8715347197465144,2.8164757476762663,2.8334169387817383,83300,0.0,0.0
2010-11-30 00:00:00-05:00,2.8418887523792002,2.8418887523792002,2.7953003558937177,2.812241554260254,122200,0.0,0.0
2010-12-01 00:00:00-05:00,2.829181118085296,2.833416516207463,2.7529457694803723,2.757181167602539,124300,0.0,0.0
2010-12-02 00:00:00-05:00,2.757183421986295,2.812242228908469,2.744477419185755,2.786830425262451,144100,0.0,0.0
2010-12-03 00:00:00-05:00,2.782594725956896,2.8122417239092887,2.7656535265683786,2.808006525039673,109400,0.0,0.0
2010-12-06 00:00:00-05:00,2.808006525039673,2.8122417239092887,2.7741241262626373,2.808006525039673,63200,0.0,0.0
2010-12-07 00:00:00-05:00,2.8080051141493625,2.8080051141493625,2.6597695930036864,2.6851813793182373,197200,0.0,0.0
2010-12-08 00:00:00-05:00,2.6851812120609955,2.7148281932704945,2.6640046238071418,2.6894164085388184,59200,0.0,0.0
2010-12-09 00:00:00-05:00,2.689418488123924,2.7063596910447774,2.651300882529537,2.6978890895843506,125500,0.0,0.0
2010-12-10 00:00:00-05:00,2.6978884156703695,2.710594415664673,2.6428294189534185,2.710594415664673,170000,0.0,0.0
2010-12-13 00:00:00-05:00,2.702919651997072,2.702919651997072,2.600600823752593,2.6645500659942627,192400,0.042,0.0
2010-12-14 00:00:00-05:00,2.638970409755402,2.6645500659942627,2.5878110972776813,2.6645500659942627,129000,0.0,0.0
2010-12-15 00:00:00-05:00,2.6048635424464144,2.690129041671753,2.6048635424464144,2.690129041671753,124800,0.0,0.0
2010-12-16 00:00:00-05:00,2.6901290044605943,2.792447805404663,2.6858658312027903,2.792447805404663,159500,0.0,0.0
2010-12-17 00:00:00-05:00,2.7839221954345703,2.8308181335470985,2.7114463959836885,2.7839221954345703,251300,0.0,0.0
2010-12-20 00:00:00-05:00,2.7924510532155296,2.7924510532155296,2.6432359531543916,2.673079013824463,196000,0.0,0.0
2010-12-21 00:00:00-05:00,2.6773423953298527,2.690132133267584,2.63044621521666,2.673079013824463,103400,0.0,0.0
2010-12-22 00:00:00-05:00,2.677339109783313,2.707181930541992,2.664549184251758,2.707181930541992,126700,0.0,0.0
2010-12-23 00:00:00-05:00,2.6901283519348604,2.719971370656605,2.6901283519348604,2.6943917274475098,66300,0.0,0.0
2010-12-27 00:00:00-05:00,2.6773393184324448,2.6986555915942865,2.6432329154533236,2.690129041671753,98200,0.0,0.0
2010-12-28 00:00:00-05:00,2.681606307907504,2.690132869964075,2.6475000596812204,2.668816566467285,81000,0.0,0.0
2010-12-29 00:00:00-05:00,2.677341651889824,2.6816048289222025,2.634708661831064,2.6602883338928223,119300,0.0,0.0
2010-12-30 00:00:00-05:00,2.6474962920590834,2.6943924182775127,2.6474962920590834,2.690129041671753,114700,0.0,0.0
2010-12-31 00:00:00-05:00,2.7242357851065635,2.7583419916041376,2.681603026984596,2.732762336730957,110100,0.0,0.0
2011-01-03 00:00:00-05:00,2.732763561616743,2.7668697834014893,2.7029207191996494,2.7668697834014893,83400,0.0,0.0
2011-01-04 00:00:00-05:00,2.715709832926067,2.809502124786377,2.715709832926067,2.809502124786377,156200,0.0,0.0
2011-01-05 00:00:00-05:00,2.796712192882127,2.818028678292853,2.749816046951972,2.809502124786377,123100,0.0,0.0
2011-01-06 00:00:00-05:00,2.796712129113425,2.8052386824254847,2.7626059158651866,2.771132469177246,65700,0.0,0.0
2011-01-07 00:00:00-05:00,2.788184880085229,2.7924482573219818,2.737025572978293,2.775395154953003,49100,0.0,0.0
2011-01-10 00:00:00-05:00,2.771132150981124,2.77965870331412,2.7157094591721314,2.724236011505127,95200,0.0,0.0
2011-01-11 00:00:00-05:00,2.7208030223846436,2.7336773697307444,2.6821795710782177,2.7208030223846436,51600,0.042,0.0
2011-01-12 00:00:00-05:00,2.699345912651153,2.7250948158758748,2.656431073943283,2.695054531097412,87200,0.0,0.0
2011-01-13 00:00:00-05:00,2.682179655568508,2.682179655568508,2.600641369483137,2.6392648220062256,163500,0.0,0.0
2011-01-14 00:00:00-05:00,2.6092264585962437,2.6092264585962437,2.493356211409708,2.5963521003723145,323400,0.0,0.0
2011-01-18 00:00:00-05:00,2.5748921360141797,2.65213882642635,2.5491432392101228,2.6306815147399902,137700,0.0,0.0
2011-01-19 00:00:00-05:00,2.61780948112207,2.630684044220392,2.579186201095581,2.579186201095581,91600,0.0,0.0
2011-01-20 00:00:00-05:00,2.583476311565182,2.622099777177267,2.5706017548164413,2.6135168075561523,106400,0.0,0.0
2011-01-21 00:00:00-05:00,2.613516456165041,2.6650142669677734,2.5963505192307967,2.6650142669677734,134900,0.0,0.0
2011-01-24 00:00:00-05:00,2.673597963990508,2.68218093479649,2.6478490515725612,2.677889347076416,129300,0.0,0.0
2011-01-25 00:00:00-05:00,2.6821801290659466,2.7122206201797625,2.677888542635071,2.6993460655212402,106300,0.0,0.0
2011-01-26 00:00:00-05:00,2.703638285807921,2.755136107247234,2.703638285807921,2.7336785793304443,106000,0.0,0.0
2011-01-27 00:00:00-05:00,2.746551921710907,2.746551921710907,2.716511436846569,2.7208030223846436,49000,0.0,0.0
2011-01-28 00:00:00-05:00,2.720802175010467,2.725093554577961,2.6693041877625547,2.6821787357330322,61900,0.0,0.0
2011-01-31 00:00:00-05:00,2.6907637119293213,2.720804209905116,2.682180741741116,2.6907637119293213,81100,0.0,0.0
2011-02-01 00:00:00-05:00,2.6864704423742976,2.8323808330971327,2.6864704423742976,2.750842571258545,165400,0.0,0.0
2011-02-02 00:00:00-05:00,2.7637206615514316,2.785177997132635,2.7551376863920964,2.768012046813965,99100,0.0,0.0
2011-02-03 00:00:00-05:00,2.7765934766231406,2.7851764470055094,2.7465531826019287,2.7465531826019287,92500,0.0,0.0
2011-02-04 00:00:00-05:00,2.750843422902605,2.7637179754457404,2.7379690749935404,2.742260456085205,52600,0.0,0.0
2011-02-07 00:00:00-05:00,2.7637170127528194,2.798048868063513,2.75084246469431,2.78946590423584,112000,0.0,0.0
2011-02-08 00:00:00-05:00,2.772301025532216,2.80234151261245,2.7551350913818182,2.7980499267578125,86200,0.0,0.0
2011-02-09 00:00:00-05:00,2.785956864435291,2.803234100341797,2.734125156715774,2.803234100341797,52600,0.042,0.0
2011-02-10 00:00:00-05:00,2.794593530328999,2.794593530328999,2.7427618588145712,2.7514004707336426,70300,0.0,0.0
2011-02-11 00:00:00-05:00,2.755721575345151,2.7859566326859895,2.755721575345151,2.772998809814453,32100,0.0,0.0
2011-02-14 00:00:00-05:00,2.760039082652714,2.772997103511698,2.747081267754484,2.7514004707336426,28000,0.0,0.0
2011-02-15 00:00:00-05:00,2.7427620887756348,2.7643587233644142,2.7211656601476273,2.7427620887756348,54300,0.0,0.0
2011-02-16 00:00:00-05:00,2.73844478456068,2.7600412281659388,2.716848134994507,2.716848134994507,61200,0.0,0.0
2011-02-17 00:00:00-05:00,2.7341232468955,2.7557198796735554,2.7168460230573572,2.7514004707336426,56400,0.0,0.0
2011-02-18 00:00:00-05:00,2.7600397876127567,2.7600397876127567,2.729804741153851,2.734123945236206,69300,0.0,0.0
2011-02-22 00:00:00-05:00,2.734124161382206,2.742762776190648,2.6909310873399956,2.6995697021484375,92000,0.0,0.0
2011-02-23 00:00:00-05:00,2.716848628834761,2.768680350061906,2.716848628834761,2.7557225227355957,85600,0.0,0.0
2011-02-24 00:00:00-05:00,2.76436114294012,2.768680350061906,2.729806662122023,2.7557225227355957,78100,0.0,0.0
2011-02-25 00:00:00-05:00,2.755720583530402,2.755720583530402,2.725485331110689,2.734123945236206,73900,0.0,0.0
2011-02-28 00:00:00-05:00,2.760039082652714,2.760039082652714,2.7427618588145712,2.7514004707336426,45800,0.0,0.0
2011-03-01 00:00:00-05:00,2.7557225227355957,2.7557225227355957,2.738445282326547,2.7557225227355957,53900,0.0,0.0
2011-03-02 00:00:00-05:00,2.7470839025310716,2.760041729857382,2.7470839025310716,2.7557225227355957,40000,0.0,0.0
2011-03-03 00:00:00-05:00,2.7470817426636125,2.7557203560761074,2.721165902426128,2.729804515838623,59100,0.0,0.0
2011-03-04 00:00:00-05:00,2.738443129251118,2.7427623329769704,2.729804515838623,2.729804515838623,43100,0.0,0.0
2011-03-07 00:00:00-05:00,2.738445282326547,2.768680350061906,2.734125869243809,2.7557225227355957,54300,0.0,0.0
2011-03-08 00:00:00-05:00,2.7384438516405023,2.781636930097119,2.7341244408144183,2.768678903579712,95500,0.0,0.0
2011-03-09 00:00:00-05:00,2.7782435035942914,2.7912869918177665,2.747809043271536,2.7521567344665527,73200,0.042,0.0
2011-03-10 00:00:00-05:00,2.7478099265822205,2.782592296600342,2.7347664341657856,2.782592296600342,46000,0.0,0.0
2011-03-11 00:00:00-05:00,2.7652003394892604,2.7738959295657994,2.7304179791831045,2.7391135692596436,107100,0.0,0.0
2011-03-14 00:00:00-04:00,2.7521569848019296,2.760852575302124,2.7391137027112533,2.760852575302124,29900,0.0,0.0
2011-03-15 00:00:00-04:00,2.7391134535622896,2.773895812399274,2.7391134535622896,2.7521567344665527,61600,0.0,0.0
2011-03-16 00:00:00-04:00,2.7565047494127213,2.7608524407913806,2.7391135692596436,2.7391135692596436,23700,0.0,0.0
2011-03-17 00:00:00-04:00,2.7565047617922267,2.7565047617922267,2.730417991445454,2.7478091716766357,33200,0.0,0.0
2011-03-18 00:00:00-04:00,2.7478113063516334,2.7521590011273847,2.7173766136438444,2.7304201126098633,73400,0.0,0.0
2011-03-21 00:00:00-04:00,2.739115577285075,2.743463271850997,2.7260720789485635,2.7347676753997803,47000,0.0,0.0
2011-03-22 00:00:00-04:00,2.7043312140061886,2.7217226028442383,2.699983522286104,2.7217226028442383,93700,0.0,0.0
2011-03-23 00:00:00-04:00,2.7217241537717674,2.7521586351126346,2.6999850608259863,2.7434630393981934,88100,0.0,0.0
2011-03-24 00:00:00-04:00,2.743462546028394,2.743462546028394,2.7130278628413844,2.726071357727051,74500,0.0,0.0
2011-03-25 00:00:00-04:00,2.7173750294387626,2.7347662130416297,2.6999838458358956,2.708679437637329,79700,0.0,0.0
2011-03-28 00:00:00-04:00,2.7173744904086856,2.7391135692596436,2.7173744904086856,2.7391135692596436,78300,0.0,0.0
2011-03-29 00:00:00-04:00,2.739115736863566,2.773898124694824,2.726072237767152,2.773898124694824,80100,0.0,0.0
2011-03-30 00:00:00-04:00,2.7652015686035156,2.77389716254519,2.752158074031348,2.7652015686035156,44400,0.0,0.0
2011-03-31 00:00:00-04:00,2.79128798827168,2.79128798827168,2.760853309764924,2.7782444953918457,64600,0.0,0.0
2011-04-01 00:00:00-04:00,2.786939959127253,2.786939959127253,2.7565054893493652,2.7565054893493652,81300,0.0,0.0
2011-04-04 00:00:00-04:00,2.7565054893493652,2.786939959127253,2.7565054893493652,2.7565054893493652,38200,0.0,0.0
2011-04-05 00:00:00-04:00,2.76085462559841,2.7869414164718536,2.7565069307791954,2.773898124694824,76800,0.0,0.0
2011-04-06 00:00:00-04:00,2.7825923954582192,2.7869400882053066,2.769548902578385,2.7782444953918457,29100,0.0,0.0
2011-04-07 00:00:00-04:00,2.7782437919413607,2.7869393825531006,2.765200509683367,2.7869393825531006,62100,0.0,0.0
2011-04-08 00:00:00-04:00,2.778244406554579,2.7999834915527444,2.769548814019169,2.791287899017334,62800,0.0,0.0
2011-04-11 00:00:00-04:00,2.7965396145324677,2.7965396145324677,2.7396461647625348,2.748399019241333,74600,0.042,0.0
2011-04-12 00:00:00-04:00,2.757151515319961,2.761527837648229,2.7396458086379183,2.7440221309661865,40000,0.0,0.0
2011-04-13 00:00:00-04:00,2.74402167969336,2.7659039137894745,2.6915045682840253,2.695880889892578,103700,0.0,0.0
2011-04-14 00:00:00-04:00,2.7002584288332647,2.717764139175415,2.69150557366219,2.717764139175415,84200,0.0,0.0
2011-04-15 00:00:00-04:00,2.7177651283305115,2.722141453166588,2.7046357364530746,2.709012269973755,89300,0.0,0.0
2011-04-18 00:00:00-04:00,2.7265156303765608,2.770279884338379,2.7090099287918337,2.770279884338379,74900,0.0,0.0
2011-04-19 00:00:00-04:00,2.7702802389035788,2.7702802389035788,2.7308923009545105,2.7352688312530518,41400,0.0,0.0
2011-04-20 00:00:00-04:00,2.7746564140767727,2.787785585923106,2.7440213319612883,2.770279884338379,48200,0.0,0.0
2011-04-21 00:00:00-04:00,2.783411705664876,2.7921645641326904,2.774658847197062,2.7921645641326904,45500,0.0,0.0
2011-04-25 00:00:00-04:00,2.7834104945457243,2.7921633492049915,2.761528253555298,2.761528253555298,57600,0.0,0.0
2011-04-26 00:00:00-04:00,2.7702812588966585,2.7790341140320143,2.7571520805358887,2.7571520805358887,78300,0.0,0.0
2011-04-27 00:00:00-04:00,2.7527763843536377,2.7615292421463127,2.7396472020069207,2.7527763843536377,73500,0.0,0.0
2011-04-28 00:00:00-04:00,2.761527895470316,2.7790336025189006,2.752775041946024,2.765904426574707,37200,0.0,0.0
2011-04-29 00:00:00-04:00,2.7877866334436274,2.792163164826518,2.765904602582681,2.7834103107452393,62000,0.0,0.0
2011-05-02 00:00:00-04:00,2.796538829803467,2.796538829803467,2.787785977780782,2.796538829803467,42000,0.0,0.0
2011-05-03 00:00:00-04:00,2.7965408890242944,2.8096702810683194,2.774658847197062,2.7921645641326904,62000,0.0,0.0
2011-05-04 00:00:00-04:00,2.7790327351307424,2.787785585923106,2.7571507124920456,2.770279884338379,95000,0.0,0.0
2011-05-05 00:00:00-04:00,2.7790351720886655,2.7965408890242944,2.770282313620851,2.7921645641326904,48800,0.0,0.0
2011-05-06 00:00:00-04:00,2.7921628348607803,2.8315505692296123,2.7921628348607803,2.80966854095459,68200,0.0,0.0
2011-05-09 00:00:00-04:00,2.822800073852783,2.8403057945677883,2.81404721349528,2.8184237480163574,49000,0.0,0.0
2011-05-10 00:00:00-04:00,2.8281138609144447,2.8457344910091873,2.8060879682687765,2.810493230819702,70200,0.042,0.0
2011-05-11 00:00:00-04:00,2.823705961771035,2.828111220208618,2.8060853481292725,2.8060853481292725,51700,0.0,0.0
2011-05-12 00:00:00-04:00,2.792871358227632,2.8413279644034777,2.792871358227632,2.823707342147827,53000,0.0,0.0
2011-05-13 00:00:00-04:00,2.819301288091165,2.8633528280503073,2.819301288091165,2.8457322120666504,100400,0.0,0.0
2011-05-16 00:00:00-04:00,2.8545432662471657,2.8589483163674214,2.832517385482788,2.832517385482788,22500,0.0,0.0
2011-05-17 00:00:00-04:00,2.8325178323885454,2.8501384557584277,2.8325178323885454,2.8413281440734863,35500,0.0,0.0
2011-05-18 00:00:00-04:00,2.8501379207123945,2.863353490786095,2.845732870724068,2.858948230743408,72200,0.0,0.0
2011-05-19 00:00:00-04:00,2.850137233734131,2.863352800622438,2.845732184807568,2.850137233734131,39800,0.0,0.0
2011-05-20 00:00:00-04:00,2.8457322120666504,2.867758087073377,2.84132695304358,2.8457322120666504,29600,0.0,0.0
2011-05-23 00:00:00-04:00,2.850138425090816,2.854543685913086,2.8369230627328026,2.854543685913086,70100,0.0,0.0
2011-05-24 00:00:00-04:00,2.854544604760637,2.88978586246499,2.854544604760637,2.867760181427002,80200,0.0,0.0
2011-05-25 00:00:00-04:00,2.8589494210455784,2.8809753103206064,2.8545443692232415,2.8633546829223633,86600,0.0,0.0
2011-05-26 00:00:00-04:00,2.8853816667824614,2.889786720275879,2.8677610326997356,2.889786720275879,50800,0.0,0.0
2011-05-27 00:00:00-04:00,2.87656927136665,2.8985949430288387,2.872164011001587,2.872164011001587,35300,0.0,0.0
2011-05-31 00:00:00-04:00,2.889785558237565,2.8941908200140696,2.8809752447389982,2.885380506515503,41700,0.0,0.0
2011-06-01 00:00:00-04:00,2.880975450468829,2.916216706979666,2.880975450468829,2.894191026687622,56000,0.0,0.0
2011-06-02 00:00:00-04:00,2.894189384638769,2.8985944341761436,2.8721635067888815,2.8809738159179688,49300,0.0,0.0
2011-06-03 00:00:00-04:00,2.889785732369749,2.9118116224706188,2.8765703663527917,2.903001308441162,48200,0.0,0.0
2011-06-06 00:00:00-04:00,2.8897863452791355,2.960268872463785,2.8897863452791355,2.92502760887146,60000,0.0,0.0
2011-06-07 00:00:00-04:00,2.9294328718477507,2.9426482406676224,2.92502760887146,2.92502760887146,48500,0.0,0.0
2011-06-08 00:00:00-04:00,2.9347780556199634,2.9347780556199634,2.9081788836483797,2.9259116649627686,39900,0.042,0.0
2011-06-09 00:00:00-04:00,2.9303486945061947,2.934781789779663,2.8904497800864966,2.934781789779663,62500,0.0,0.0
2011-06-10 00:00:00-04:00,2.93034496598708,2.93034496598708,2.9037457940154963,2.9259116649627686,37100,0.0,0.0
2011-06-13 00:00:00-04:00,2.9170472621917725,2.9259136588911687,2.903747772838464,2.9170472621917725,48200,0.0,0.0
2011-06-14 00:00:00-04:00,2.9259128069346207,2.934779201052333,2.8860141391006717,2.894880533218384,66500,0.0,0.0
2011-06-15 00:00:00-04:00,2.877148479083189,2.8993145773574724,2.8727153862632804,2.8815817832946777,36500,0.0,0.0
2011-06-16 00:00:00-04:00,2.8771468026317435,2.894879797753484,2.8682804107666016,2.8682804107666016,46800,0.0,0.0
2011-06-17 00:00:00-04:00,2.890448180326075,2.890448180326075,2.8727153862632804,2.8815817832946777,37500,0.0,0.0
2011-06-20 00:00:00-04:00,2.881580758720252,2.886014061355436,2.8638479709625244,2.8638479709625244,54200,0.0,0.0
2011-06-21 00:00:00-04:00,2.877147533591449,2.8993136245814846,2.877147533591449,2.894880533218384,52700,0.0,0.0
2011-06-22 00:00:00-04:00,2.8993136245814846,2.912613321453808,2.8904472304637725,2.894880533218384,41000,0.0,0.0
2011-06-23 00:00:00-04:00,2.8993145773574724,2.8993145773574724,2.8727153862632804,2.8815817832946777,56700,0.0,0.0
2011-06-24 00:00:00-04:00,2.89931618202513,2.934781789779663,2.89931618202513,2.934781789779663,31100,0.0,0.0
2011-06-27 00:00:00-04:00,2.9214806337348977,2.9569462213518762,2.9214806337348977,2.948079824447632,49200,0.0,0.0
2011-06-28 00:00:00-04:00,2.943645393903064,2.9613781809260376,2.943645393903064,2.952511787414551,39500,0.0,0.0
2011-06-29 00:00:00-04:00,2.961381658006354,2.9702480619282516,2.930349349975586,2.930349349975586,51200,0.0,0.0
2011-06-30 00:00:00-04:00,2.9569485617412776,2.961381658006354,2.930349349975586,2.930349349975586,39200,0.0,0.0
2011-07-01 00:00:00-04:00,2.9392128622283873,2.974678443024075,2.917046768535314,2.94364595413208,52500,0.0,0.0
2011-07-05 00:00:00-04:00,2.9347788541047897,2.987977212521989,2.9347788541047897,2.9569449424743652,51100,0.0,0.0
2011-07-06 00:00:00-04:00,2.9480792407335255,2.9968445197472264,2.9480792407335255,2.970245122909546,52000,0.0,0.0
2011-07-07 00:00:00-04:00,2.9746789689505615,3.0057114633291357,2.9746789689505615,2.987978458404541,30700,0.0,0.0
2011-07-08 00:00:00-04:00,2.9835453500034776,3.0589098278176787,2.9835453500034776,3.0411770343780518,63600,0.0,0.0
2011-07-11 00:00:00-04:00,3.032308578491211,3.0544744495426546,3.0057094063946215,3.032308578491211,57800,0.0,0.0
2011-07-12 00:00:00-04:00,3.0421226797238194,3.0421226797238194,3.010898470862288,3.0153591632843018,38600,0.042,0.0
2011-07-13 00:00:00-04:00,3.019817890864541,3.0242785806983945,2.9885937001197598,2.9930543899536133,51300,0.0,0.0
2011-07-14 00:00:00-04:00,2.9841352306478273,2.993056403620117,2.957371711730957,2.957371711730957,53700,0.0,0.0
2011-07-15 00:00:00-04:00,2.9529110188960415,2.9885957107852015,2.948450538758667,2.957371711730957,90300,0.0,0.0
2011-07-18 00:00:00-04:00,2.9573712281987268,3.0198194287944333,2.948450056685054,2.997516393661499,88800,0.0,0.0
2011-07-19 00:00:00-04:00,3.001978215909542,3.001978215909542,2.9752146912929707,2.984135866165161,79100,0.0,0.0
2011-07-20 00:00:00-04:00,2.9841359869341644,3.0108995126338653,2.9752148117009307,2.97967529296875,72900,0.0,0.0
2011-07-21 00:00:00-04:00,3.0108990031825678,3.0108990031825678,2.9796747888006645,2.988595962524414,69900,0.0,0.0
2011-07-22 00:00:00-04:00,2.9885954341472627,3.0153591632843018,2.98413495442277,3.0153591632843018,73800,0.0,0.0
2011-07-25 00:00:00-04:00,3.006439117499141,3.006439117499141,2.9752151074280517,3.001978635787964,49900,0.0,0.0
2011-07-26 00:00:00-04:00,2.9975171362481636,3.006438309971913,2.988595962524414,2.988595962524414,72800,0.0,0.0
2011-07-27 00:00:00-04:00,2.9796745378129113,2.9885957107852015,2.9529110188960415,2.957371711730957,44400,0.0,0.0
2011-07-28 00:00:00-04:00,2.952914388425414,2.9796779378817964,2.9439932052732862,2.948453903198242,49700,0.0,0.0
2011-07-29 00:00:00-04:00,2.9573715516016486,2.9573715516016486,2.899383824072786,2.930608034133911,76400,0.0,0.0
2011-08-01 00:00:00-04:00,2.9395283214960735,2.9885946490637036,2.917225290639903,2.943988800048828,170300,0.0,0.0
2011-08-02 00:00:00-04:00,2.9395296947679403,2.9662932166800875,2.9395296947679403,2.9618325233459473,46700,0.0,0.0
2011-08-03 00:00:00-04:00,2.9662927275890576,3.0108985900878906,2.957371555089291,3.0108985900878906,58100,0.0,0.0
2011-08-04 00:00:00-04:00,3.0108984544900044,3.0108984544900044,2.9707530737002643,2.9752137660980225,94600,0.0,0.0
2011-08-05 00:00:00-04:00,2.9930573390797233,2.9930573390797233,2.9261484145268506,2.9662938117980957,46500,0.0,0.0
2011-08-08 00:00:00-04:00,2.930609165926898,2.930609165926898,2.8146336660797617,2.8369367122650146,147400,0.0,0.0
2011-08-09 00:00:00-04:00,2.8513053694427724,2.9276395643439383,2.824363926673812,2.882737159729004,64800,0.042,0.0
2011-08-10 00:00:00-04:00,2.8692640683185875,2.963559150695801,2.8647739384542077,2.963559150695801,55500,0.0,0.0
2011-08-11 00:00:00-04:00,2.9815219795414865,2.9815219795414865,2.9231489698062942,2.9500904083251953,27100,0.0,0.0
2011-08-12 00:00:00-04:00,2.9545811635629087,2.9635616449614273,2.914168890213793,2.923149585723877,45200,0.0,0.0
2011-08-15 00:00:00-04:00,2.941113302005054,2.9725449092705047,2.941113302005054,2.96805477142334,22700,0.0,0.0
2011-08-16 00:00:00-04:00,2.950090679032423,2.9680516396931633,2.9366198514810975,2.959071159362793,49100,0.0,0.0
2011-08-17 00:00:00-04:00,2.9500902750673887,2.9815218448638916,2.9500902750673887,2.9815218448638916,28600,0.0,0.0
2011-08-18 00:00:00-04:00,2.95009054332953,3.008463555736033,2.936619716397857,2.9905025959014893,50400,0.0,0.0
2011-08-19 00:00:00-04:00,2.9770309925079346,2.994991946366174,2.9590700386496946,2.9770309925079346,29500,0.0,0.0
2011-08-22 00:00:00-04:00,2.9635601700585252,3.003972423295294,2.9635601700585252,2.9770309925079346,37000,0.0,0.0
2011-08-23 00:00:00-04:00,2.9815211239167647,2.9905016008458847,2.9680505155788146,2.9770309925079346,43200,0.0,0.0
2011-08-24 00:00:00-04:00,2.9770321200235337,3.0309150020057554,2.9051880632690312,2.959071159362793,140000,0.0,0.0
2011-08-25 00:00:00-04:00,2.9770321200235337,2.9770321200235337,2.9545808121418378,2.959071159362793,17700,0.0,0.0
2011-08-26 00:00:00-04:00,2.972541636066945,3.0039734228331625,2.972541636066945,2.9905025959014893,55900,0.0,0.0
2011-08-29 00:00:00-04:00,2.9860126972198486,2.9994833110966193,2.9770322165981526,2.9860126972198486,34000,0.0,0.0
2011-08-30 00:00:00-04:00,2.986011469437054,3.003972423295294,2.9770309925079346,2.9770309925079346,49300,0.0,0.0
2011-08-31 00:00:00-04:00,3.017444641494353,3.0264251232147217,2.990503196333247,3.0264251232147217,71400,0.0,0.0
2011-09-01 00:00:00-04:00,3.0264238216119836,3.030914167596749,2.994992256164551,2.994992256164551,29500,0.0,0.0
2011-09-02 00:00:00-04:00,3.0039734228331625,3.0039734228331625,2.9770319830813463,2.9905025959014893,42000,0.0,0.0
2011-09-06 00:00:00-04:00,2.977032752579451,3.012954681533575,2.96805227034092,3.003974199295044,51600,0.0,0.0
2011-09-07 00:00:00-04:00,3.008460554681684,3.021931368175706,3.008460554681684,3.012950897216797,27000,0.0,0.0
2011-09-08 00:00:00-04:00,3.0084628658958845,3.0174433437539343,2.994992256164551,2.994992256164551,48800,0.0,0.0
2011-09-09 00:00:00-04:00,2.986011778306501,2.994992256164551,2.968050822590402,2.994992256164551,39000,0.0,0.0
2011-09-12 00:00:00-04:00,3.0049355979128363,3.0456037521362305,2.9958982063667032,3.0456037521362305,31600,0.042,0.0
2011-09-13 00:00:00-04:00,3.0365644403822682,3.081751585006714,3.0365644403822682,3.081751585006714,45800,0.0,0.0
2011-09-14 00:00:00-04:00,3.0681963228995905,3.0681963228995905,3.023009380129679,3.050121545791626,48700,0.0,0.0
2011-09-15 00:00:00-04:00,3.050122483979021,3.050122483979021,3.0049355273100495,3.018491506576538,57800,0.0,0.0
2011-09-16 00:00:00-04:00,3.032044998923155,3.0501197654811416,3.0275261995495515,3.0410823822021484,18500,0.0,0.0
2011-09-19 00:00:00-04:00,3.036566643836908,3.063679036472725,3.036566643836908,3.0591602325439453,32500,0.0,0.0
2011-09-20 00:00:00-04:00,3.068197338735769,3.0727161422430407,3.0365663605900974,3.0456037521362305,62900,0.0,0.0
2011-09-21 00:00:00-04:00,3.0591602325439453,3.063679036472725,3.036566643836908,3.0591602325439453,34500,0.0,0.0
2011-09-22 00:00:00-04:00,3.0230096928369106,3.0772340297698975,3.009453500869483,3.0772340297698975,65400,0.0,0.0
2011-09-23 00:00:00-04:00,3.081750534020201,3.0907879167693664,3.0365634048061736,3.054638385772705,70400,0.0,0.0
2011-09-26 00:00:00-04:00,3.0636757685218705,3.0727131512710355,3.027526022057008,3.054638385772705,58100,0.0,0.0
2011-09-27 00:00:00-04:00,3.0591585342608143,3.0727147230530436,2.9868594352844218,3.0275275707244873,101500,0.0,0.0
2011-09-28 00:00:00-04:00,3.045602743780465,3.0681963228995905,3.036565355226483,3.050121545791626,29300,0.0,0.0
2011-09-29 00:00:00-04:00,3.072713851928711,3.072713851928711,3.050120282169783,3.072713851928711,38100,0.0,0.0
2011-09-30 00:00:00-04:00,3.0727151249107516,3.0817525134647337,3.050121545791626,3.050121545791626,46700,0.0,0.0
2011-10-03 00:00:00-04:00,3.06819769292484,3.0953098706930366,3.06819769292484,3.0862724781036377,69000,0.0,0.0
2011-10-04 00:00:00-04:00,3.0862688668503786,3.0862688668503786,3.0320445747620055,3.0365631580352783,44000,0.0,0.0
2011-10-05 00:00:00-04:00,3.036564958096536,3.0636773356809948,3.0275275707244873,3.0275275707244873,44700,0.0,0.0
2011-10-06 00:00:00-04:00,3.0275275707244873,3.0456023454685854,3.018490183352438,3.0275275707244873,46000,0.0,0.0
2011-10-07 00:00:00-04:00,3.0410833790413907,3.0410833790413907,2.9868590615931963,3.0049338340759277,32900,0.0,0.0
2011-10-10 00:00:00-04:00,2.9913756156642393,3.0410813139728745,2.9913756156642393,3.032043933868408,57800,0.0,0.0
2011-10-11 00:00:00-04:00,3.0284096667149756,3.0920700875521905,3.001126722138556,3.0784285068511963,70400,0.042,0.0
2011-10-12 00:00:00-04:00,3.0875224783371564,3.0875224783371564,3.010220702221484,3.046597957611084,60300,0.0,0.0
2011-10-13 00:00:00-04:00,3.0465982964325886,3.082975772693384,3.04205124741597,3.0784285068511963,39700,0.0,0.0
2011-10-14 00:00:00-04:00,3.105708047145227,3.1148023520354267,3.0602365226942276,3.101161003112793,79700,0.0,0.0
2011-10-17 00:00:00-04:00,3.0875194373648274,3.1284439177833927,3.0693308275844275,3.101161003112793,67700,0.0,0.0
2011-10-18 00:00:00-04:00,3.1057095527648926,3.1466340530232824,3.0966152434658545,3.1057095527648926,93800,0.0,0.0
2011-10-19 00:00:00-04:00,3.0966161209681893,3.1284463209474107,3.0966161209681893,3.114804744720459,29500,0.0,0.0
2011-10-20 00:00:00-04:00,3.1057081598550185,3.132991075515747,3.101161115657567,3.132991075515747,32300,0.0,0.0
2011-10-21 00:00:00-04:00,3.132993312834775,3.151181936264038,3.1284462653902065,3.151181936264038,44500,0.0,0.0
2011-10-24 00:00:00-04:00,3.1557281017303467,3.169369456139717,3.1466337931822936,3.1557281017303467,46300,0.0,0.0
2011-10-25 00:00:00-04:00,3.169371043122867,3.17846535622467,3.1375410556793213,3.1375410556793213,78100,0.0,0.0
2011-10-26 00:00:00-04:00,3.1648235302894063,3.178464889526367,3.1511819542269492,3.178464889526367,38700,0.0,0.0
2011-10-27 00:00:00-04:00,3.1693682963967187,3.1739155574195097,3.123896770295504,3.132991075515747,60300,0.0,0.0
2011-10-28 00:00:00-04:00,3.151181992224999,3.1648235684519506,3.114804744720459,3.114804744720459,51800,0.0,0.0
2011-10-31 00:00:00-04:00,3.1739169326908194,3.1739169326908194,3.119351077725752,3.1284453868865967,63300,0.0,0.0
2011-11-01 00:00:00-04:00,3.114804744720459,3.151181992224999,3.0966161209681893,3.114804744720459,71500,0.0,0.0
2011-11-02 00:00:00-04:00,3.146632527563792,3.146632527563792,3.101161003112793,3.101161003112793,42500,0.0,0.0
2011-11-03 00:00:00-04:00,3.101162506528092,3.11025681582713,3.0875209341668164,3.1057095527648926,61700,0.0,0.0
2011-11-04 00:00:00-04:00,3.1011644024109972,3.1148057662864224,3.0784285068511963,3.0784285068511963,54900,0.0,0.0
2011-11-07 00:00:00-05:00,3.096616103282324,3.119351991255558,3.0829747439587813,3.08752179145813,54000,0.0,0.0
2011-11-08 00:00:00-05:00,3.101161581756827,3.1238972398118947,3.092067275169726,3.1193501949310303,33500,0.0,0.0
2011-11-09 00:00:00-05:00,3.1193501949310303,3.137538808105233,3.105708626637692,3.1193501949310303,90000,0.0,0.0
2011-11-10 00:00:00-05:00,3.1329920955269466,3.1375393580301942,3.101162125305853,3.1102564334869385,55000,0.0,0.0
2011-11-11 00:00:00-05:00,3.1193501949310303,3.137538808105233,3.0966143200505902,3.1193501949310303,65800,0.0,0.0
2011-11-14 00:00:00-05:00,3.1568684577941895,3.19346979580622,3.133992512456079,3.1568684577941895,68800,0.042,0.0
2011-11-15 00:00:00-05:00,3.138565438678874,3.170591476378207,3.1065391828185214,3.1522908210754395,79700,0.0,0.0
2011-11-16 00:00:00-05:00,3.1568683783101106,3.1568683783101106,3.1202670412196336,3.1339924335479736,50900,0.0,0.0
2011-11-17 00:00:00-05:00,3.18431738028099,3.18431738028099,3.1385657376656675,3.1431407928466797,101100,0.0,0.0
2011-11-18 00:00:00-05:00,3.156867611731819,3.17516827583313,3.1477172796811637,3.17516827583313,56800,0.0,0.0
2011-11-21 00:00:00-05:00,3.1751681457761043,3.1980438658851753,3.1568674824244014,3.1934688091278076,47900,0.0,0.0
2011-11-22 00:00:00-05:00,3.188893729424757,3.2026193368593363,3.1797433971887465,3.1980440616607666,105300,0.0,0.0
2011-11-23 00:00:00-05:00,3.1934719826911446,3.1934719826911446,3.1751713011528495,3.184321641921997,59900,0.0,0.0
2011-11-25 00:00:00-05:00,3.1888946564433973,3.202620267868042,3.1705939866513324,3.202620267868042,54200,0.0,0.0
2011-11-28 00:00:00-05:00,3.2026192719850957,3.211769604035751,3.17516827583313,3.17516827583313,38600,0.0,0.0
2011-11-29 00:00:00-05:00,3.1934699678479976,3.2071955794225406,3.1339926812936376,3.1660189628601074,93300,0.0,0.0
2011-11-30 00:00:00-05:00,3.1934719826911446,3.2117726642294397,3.166020960383702,3.184321641921997,60800,0.0,0.0
2011-12-01 00:00:00-05:00,3.1980438658851753,3.1980438658851753,3.1751681457761043,3.1934688091278076,40300,0.0,0.0
2011-12-02 00:00:00-05:00,3.193468959486106,3.216344898833362,3.1843186273794286,3.2071945667266846,50000,0.0,0.0
2011-12-05 00:00:00-05:00,3.2071964995722833,3.234647512435913,3.198045943789816,3.234647512435913,34900,0.0,0.0
2011-12-06 00:00:00-05:00,3.2346452596384023,3.24837064743042,3.2209196536852795,3.24837064743042,49600,0.0,0.0
2011-12-07 00:00:00-05:00,3.24837064743042,3.24837064743042,3.23006998493366,3.24837064743042,68600,0.0,0.0
2011-12-08 00:00:00-05:00,3.2346468663262984,3.2437972021197603,3.216346194739375,3.225496530532837,55100,0.0,0.0
2011-12-09 00:00:00-05:00,3.211770434093209,3.2575221061706543,3.2071953759660548,3.2575221061706543,58500,0.0,0.0
2011-12-12 00:00:00-05:00,3.276851187576666,3.276851187576666,3.217020985857867,3.249237298965454,69400,0.042,0.0
2011-12-13 00:00:00-05:00,3.2584419285025246,3.27224898253597,3.2308280398913127,3.249237298965454,47000,0.0,0.0
2011-12-14 00:00:00-05:00,3.263044371321332,3.263044371321332,3.2124187988553343,3.2262258529663086,52300,0.0,0.0
2011-12-15 00:00:00-05:00,3.240032687621602,3.263044371321332,3.2262258529663086,3.2262258529663086,42000,0.0,0.0
2011-12-16 00:00:00-05:00,3.244634386980951,3.267645846082031,3.2262251319178343,3.2630436420440674,59100,0.0,0.0
2011-12-19 00:00:00-05:00,3.2814553112767744,3.2814553112767744,3.2446367740631104,3.2446367740631104,37600,0.0,0.0
2011-12-20 00:00:00-05:00,3.244635093924758,3.2630443529988993,3.2308280398913127,3.249237298965454,73100,0.0,0.0
2011-12-21 00:00:00-05:00,3.240032919629649,3.2492375498775186,3.2078166040342597,3.221623659133911,97200,0.0,0.0
2011-12-22 00:00:00-05:00,3.244636277527395,3.2630455433170056,3.2216245855625023,3.2584431171417236,70900,0.0,0.0
2011-12-23 00:00:00-05:00,3.2722470597102142,3.2722470597102142,3.2354285631970807,3.2400307655334473,92200,0.0,0.0
2011-12-27 00:00:00-05:00,3.2492365910189145,3.2860551011451475,3.244634386980951,3.2630436420440674,44800,0.0,0.0
2011-12-28 00:00:00-05:00,3.2722487368644604,3.2860555704056478,3.258441683867611,3.267646312713623,56700,0.0,0.0
2011-12-29 00:00:00-05:00,3.2814548091066165,3.2814548091066165,3.2584431171417236,3.2584431171417236,34200,0.0,0.0
2011-12-30 00:00:00-05:00,3.2630429273561887,3.286054381417186,3.253838301840673,3.272247552871704,65800,0.0,0.0
2012-01-03 00:00:00-05:00,3.2676482418388324,3.286057510399158,3.2446367658663218,3.2538414001464844,77600,0.0,0.0
2012-01-04 00:00:00-05:00,3.253838301840673,3.286054381417186,3.2400312538396085,3.272247552871704,69100,0.0,0.0
2012-01-05 00:00:00-05:00,3.263044817509496,3.2860562849001296,3.258442392357943,3.2768516540527344,71500,0.0,0.0
2012-01-06 00:00:00-05:00,3.2860565185546875,3.2860565185546875,3.2676472555509086,3.2860565185546875,52600,0.0,0.0
2012-01-09 00:00:00-05:00,3.2768492821961934,3.290656328201294,3.2768492821961934,3.290656328201294,35800,0.0,0.0
2012-01-10 00:00:00-05:00,3.3044638726015636,3.345884800159459,3.281452416868199,3.3274755477905273,87600,0.0,0.0
2012-01-11 00:00:00-05:00,3.3320794176820367,3.364295735168337,3.3228747868939097,3.336681842803955,63900,0.0,0.0
2012-01-12 00:00:00-05:00,3.3412833213806152,3.35969257774175,3.327476269381941,3.3412833213806152,74200,0.0,0.0
2012-01-13 00:00:00-05:00,3.3504886627197266,3.359693292859519,3.3228745528446573,3.3504886627197266,68800,0.0,0.0
2012-01-17 00:00:00-05:00,3.411592319377797,3.411592319377797,3.360673189163208,3.360673189163208,102000,0.042,0.0
2012-01-18 00:00:00-05:00,3.3560436199587937,3.360672751591485,3.3190114498138428,3.3190114498138428,85900,0.0,0.0
2012-01-19 00:00:00-05:00,3.33752488091198,3.3652989864349365,3.3282668457376614,3.3652989864349365,69900,0.0,0.0
2012-01-20 00:00:00-05:00,3.356043807644158,3.3791890256437114,3.337527721536178,3.3699309825897217,52100,0.0,0.0
2012-01-23 00:00:00-05:00,3.3791887410982118,3.4023337364196777,3.3560435250476073,3.4023337364196777,35400,0.0,0.0
2012-01-24 00:00:00-05:00,3.393075979860118,3.393075979860118,3.3699309825897217,3.3699309825897217,40900,0.0,0.0
2012-01-25 00:00:00-05:00,3.3653044516979325,3.3977077377955522,3.3653044516979325,3.3745625019073486,42500,0.0,0.0
2012-01-26 00:00:00-05:00,3.388447520494026,3.40233447656204,3.3791894762056205,3.3838183879852295,50500,0.0,0.0
2012-01-27 00:00:00-05:00,3.3838173479311653,3.467139720916748,3.3791884375743035,3.467139720916748,177400,0.0,0.0
2012-01-30 00:00:00-05:00,3.4625108105598863,3.499542976331256,3.4439947276742013,3.467139720916748,193500,0.0,0.0
2012-01-31 00:00:00-05:00,3.499542020880254,3.5088000597954503,3.4532518263042697,3.457880735397339,71900,0.0,0.0
2012-02-01 00:00:00-05:00,3.4856567816759436,3.4949148251297917,3.4393663436775355,3.443995475769043,81100,0.0,0.0
2012-02-02 00:00:00-05:00,3.4856560635442695,3.4856560635442695,3.430107593536377,3.430107593536377,64200,0.0,0.0
2012-02-03 00:00:00-05:00,3.430107125136351,3.448623205700802,3.4069621347953336,3.420849084854126,91400,0.0,0.0
2012-02-06 00:00:00-05:00,3.425479218250864,3.425479218250864,3.3884470462799072,3.3884470462799072,58800,0.0,0.0
2012-02-07 00:00:00-05:00,3.3930771065200585,3.4254803783330003,3.3930771065200585,3.411593198776245,42500,0.0,0.0
2012-02-08 00:00:00-05:00,3.4115910661015554,3.434736277317728,3.4069621562957764,3.4069621562957764,45100,0.0,0.0
2012-02-09 00:00:00-05:00,3.425478021128299,3.425478021128299,3.379187822341919,3.379187822341919,85900,0.0,0.0
2012-02-10 00:00:00-05:00,3.3884475107005114,3.406963599223805,3.369931422177218,3.397705554962158,80300,0.0,0.0
2012-02-13 00:00:00-05:00,3.4115924861905773,3.430108574579274,3.397705530263647,3.4162216186523438,74600,0.0,0.0
2012-02-14 00:00:00-05:00,3.4264622042638253,3.4264622042638253,3.3566293716430664,3.3566293716430664,68200,0.042,0.0
2012-02-15 00:00:00-05:00,3.3519735683605827,3.3705956264742847,3.3054184230763277,3.3147294521331787,101800,0.0,0.0
2012-02-16 00:00:00-05:00,3.3054186985530887,3.31472972838593,3.2728302051343756,3.2774856090545654,137300,0.0,0.0
2012-02-17 00:00:00-05:00,3.268174648284912,3.2961077383737187,3.2542079922442753,3.268174648284912,119000,0.0,0.0
2012-02-21 00:00:00-05:00,3.272832406090443,3.333354029708033,3.272832406090443,3.3007655143737793,241200,0.0,0.0
2012-02-22 00:00:00-05:00,3.3054201790116884,3.333353281021118,3.2914537390032543,3.333353281021118,96400,0.0,0.0
2012-02-23 00:00:00-05:00,3.324041981312079,3.347319675455525,3.310075542420046,3.3380086421966553,75800,0.0,0.0
2012-02-24 00:00:00-05:00,3.3426614236478294,3.3752501254661347,3.3240393717494747,3.3705945014953613,52500,0.0,0.0
2012-02-27 00:00:00-05:00,3.365940575048691,3.398529291152954,3.3566295450178254,3.398529291152954,57400,0.0,0.0
2012-02-28 00:00:00-05:00,3.3892175839428167,3.4311170997137874,3.3659399025203935,3.426461696624756,142600,0.0,0.0
2012-02-29 00:00:00-05:00,3.4357734685617776,3.4357734685617776,3.4078403780034465,3.421806812286377,64000,0.0,0.0
2012-03-01 00:00:00-05:00,3.440427216075965,3.440427216075965,3.3705944123087406,3.384561061859131,147000,0.0,0.0
2012-03-02 00:00:00-05:00,3.3799112938365634,3.421810868343654,3.3799112938365634,3.3938777446746826,109900,0.0,0.0
2012-03-05 00:00:00-05:00,3.3985286121133016,3.4357727247952408,3.3985286121133016,3.426461696624756,79000,0.0,0.0
2012-03-06 00:00:00-05:00,3.412496777338075,3.4450855034900374,3.389219306080275,3.4171524047851562,111400,0.0,0.0
2012-03-07 00:00:00-05:00,3.431119378071816,3.4590524811316223,3.379908800125122,3.379908800125122,101400,0.0,0.0
2012-03-08 00:00:00-05:00,3.421808116391239,3.4823299466630124,3.421808116391239,3.4683632850646973,153900,0.0,0.0
2012-03-09 00:00:00-05:00,3.4776734599131345,3.5102621809323473,3.4543959923215537,3.4869844913482666,87100,0.0,0.0
2012-03-12 00:00:00-04:00,3.4776749176609942,3.5242303163439277,3.4776749176609942,3.5149192810058594,70400,0.0,0.0
2012-03-13 00:00:00-04:00,3.5111717591026332,3.529897990625771,3.4643561802947893,3.5018086433410645,87200,0.042,0.0
2012-03-14 00:00:00-04:00,3.515854185274843,3.515854185274843,3.426904454779233,3.4503121376037598,108500,0.0,0.0
2012-03-15 00:00:00-04:00,3.436266140218817,3.4409475855386233,3.3379533329262068,3.375405788421631,159000,0.0,0.0
2012-03-16 00:00:00-04:00,3.375408490234577,3.375408490234577,3.2770956042483723,3.3473191261291504,151800,0.0,0.0
2012-03-19 00:00:00-04:00,3.3426362214425516,3.3707255751918104,3.300502302435833,3.3613624572753906,80200,0.0,0.0
2012-03-20 00:00:00-04:00,3.3566815594560215,3.4034971567022914,3.305184290867936,3.3332736492156982,116200,0.0,0.0
2012-03-21 00:00:00-04:00,3.3473188951990918,3.375408257366646,3.3426372232206294,3.3707265853881836,96100,0.0,0.0
2012-03-22 00:00:00-04:00,3.3660441278507705,3.3800886931082297,3.333273103526132,3.3613624572753906,67600,0.0,0.0
2012-03-23 00:00:00-04:00,3.370726127012714,3.370726127012714,3.3285922011082594,3.3332736492156982,55300,0.0,0.0
2012-03-26 00:00:00-04:00,3.3379549419651657,3.347318060352451,3.328591823577881,3.328591823577881,62000,0.0,0.0
2012-03-27 00:00:00-04:00,3.3285902190523506,3.408176798597249,3.309863991304639,3.375405788421631,110800,0.0,0.0
2012-03-28 00:00:00-04:00,3.384772233113519,3.436269521713257,3.375409110025791,3.436269521713257,71500,0.0,0.0
2012-03-29 00:00:00-04:00,3.4362692647848387,3.440950714361441,3.398816775234232,3.4128613471984863,57800,0.0,0.0
2012-03-30 00:00:00-04:00,3.4128613471984863,3.417543020009535,3.398816775234232,3.4128613471984863,62400,0.0,0.0
2012-04-02 00:00:00-04:00,3.422224469586138,3.4596769591367442,3.3800903072244823,3.4128613471984863,81300,0.0,0.0
2012-04-03 00:00:00-04:00,3.4362673856806443,3.4456305029481262,3.384770129092333,3.3988149166107178,114600,0.0,0.0
2012-04-04 00:00:00-04:00,3.412857935649252,3.483081394977331,3.3988133777241702,3.4549920558929443,72600,0.0,0.0
2012-04-05 00:00:00-04:00,3.464357108879171,3.4737202271504253,3.4315860833126086,3.4409492015838623,35500,0.0,0.0
2012-04-09 00:00:00-04:00,3.450312167438679,3.4784015210116026,3.440949049581038,3.473720073699951,53000,0.0,0.0
2012-04-10 00:00:00-04:00,3.478401843625341,3.4877649623513896,3.431586249995097,3.469038724899292,49200,0.0,0.0
2012-04-11 00:00:00-04:00,3.4830818992166472,3.4877633447913245,3.4503108872568857,3.478400230407715,55800,0.0,0.0
2012-04-12 00:00:00-04:00,3.454993796448485,3.487764596939087,3.445630678703408,3.487764596939087,59900,0.0,0.0
2012-04-13 00:00:00-04:00,3.4971269738431356,3.5064900896047044,3.473719296056358,3.5018086433410645,37700,0.0,0.0
2012-04-16 00:00:00-04:00,3.4924455275794957,3.515853428600562,3.478400742319998,3.5018086433410645,65800,0.0,0.0
2012-04-17 00:00:00-04:00,3.455671650894265,3.507459482949505,3.3756356247244663,3.483919620513916,69400,0.042,0.0
2012-04-18 00:00:00-04:00,3.469796858610124,3.5168768260922505,3.469796858610124,3.507460832595825,54100,0.0,0.0
2012-04-19 00:00:00-04:00,3.526289595442809,3.545121789712061,3.5027497454721233,3.535705804824829,86600,0.0,0.0
2012-04-20 00:00:00-04:00,3.545122677632299,3.549830559007668,3.512166610025334,3.540414571762085,34400,0.0,0.0
2012-04-23 00:00:00-04:00,3.5404138033395145,3.5498297885414227,3.5168737280873454,3.545121908187866,71200,0.0,0.0
2012-04-24 00:00:00-04:00,3.545122677632299,3.549830559007668,3.512166610025334,3.540414571762085,76500,0.0,0.0
2012-04-25 00:00:00-04:00,3.540417908874989,3.5451260191829546,3.479213821841771,3.4886298179626465,96600,0.0,0.0
2012-04-26 00:00:00-04:00,3.4886256558938813,3.549829669908283,3.474501790810427,3.535705804824829,118400,0.0,0.0
2012-04-27 00:00:00-04:00,3.5404153904197666,3.5686633586883545,3.5357075079557836,3.5686633586883545,125400,0.0,0.0
2012-04-30 00:00:00-04:00,3.568661995579672,3.568661995579672,3.5498300239271257,3.5639541149139404,57000,0.0,0.0
2012-05-01 00:00:00-04:00,3.559247369265492,3.5827874550700964,3.5545394868015086,3.5686633586883545,69500,0.0,0.0
2012-05-02 00:00:00-04:00,3.5545406176259267,3.5733726024627686,3.5451246252075057,3.5733726024627686,78000,0.0,0.0
2012-05-03 00:00:00-04:00,3.5545381824959525,3.5639541684637046,3.54983007726467,3.559246063232422,80000,0.0,0.0
2012-05-04 00:00:00-04:00,3.554538129087667,3.568661995579672,3.5404140381008524,3.5639541149139404,87400,0.0,0.0
2012-05-07 00:00:00-04:00,3.5592485015876534,3.5733726024627686,3.5404165167508115,3.5733726024627686,74000,0.0,0.0
2012-05-08 00:00:00-04:00,3.5780789852142334,3.5780789852142334,3.554539126291991,3.5780789852142334,84000,0.0,0.0
2012-05-09 00:00:00-04:00,3.5780789852142334,3.5874949736821047,3.554539126291991,3.5780789852142334,132000,0.0,0.0
2012-05-10 00:00:00-04:00,3.578077981405945,3.587493967232218,3.5451221432613944,3.5639541149139404,80800,0.0,0.0
2012-05-11 00:00:00-04:00,3.563955228901128,3.5922031952094273,3.563955228901128,3.5874950885772705,69000,0.0,0.0
2012-05-14 00:00:00-04:00,3.5733712863638876,3.582787275314331,3.5733712863638876,3.582787275314331,91900,0.0,0.0
2012-05-15 00:00:00-04:00,3.592252772073738,3.615917015452005,3.568588303014368,3.6064512729644775,76200,0.04,0.0
2012-05-16 00:00:00-04:00,3.5733216720659686,3.611184646095198,3.5638559285586613,3.6017189025878906,86000,0.0,0.0
2012-05-17 00:00:00-04:00,3.6064514669687586,3.6395816802978516,3.592252965314229,3.6395816802978516,80000,0.0,0.0
2012-05-18 00:00:00-04:00,3.639580523144795,3.639580523144795,3.5827860832214355,3.5827860832214355,32200,0.0,0.0
2012-05-21 00:00:00-04:00,3.611185737168506,3.6253842438787998,3.5875212584097564,3.6206514835357666,60100,0.0,0.0
2012-05-22 00:00:00-04:00,3.6064513743793936,3.62065010135051,3.5780541461182693,3.6111843585968018,33000,0.0,0.0
2012-05-23 00:00:00-04:00,3.6206514835357666,3.6253842438787998,3.601719990801245,3.6206514835357666,33000,0.0,0.0
2012-05-24 00:00:00-04:00,3.625382423400879,3.625382423400879,3.6064509401727607,3.625382423400879,39500,0.0,0.0
2012-05-25 00:00:00-04:00,3.625382423400879,3.625382423400879,3.61591668178682,3.625382423400879,52100,0.0,0.0
2012-05-29 00:00:00-04:00,3.620649951413376,3.620649951413376,3.592252724328228,3.6159169673919678,70100,0.0,0.0
2012-05-30 00:00:00-04:00,3.611185737168506,3.6206514835357666,3.5875212584097564,3.6206514835357666,30500,0.0,0.0
2012-05-31 00:00:00-04:00,3.615918497511539,3.6206514835357666,3.5875212584097564,3.6206514835357666,42900,0.0,0.0
2012-06-01 00:00:00-04:00,3.6111845937941736,3.634848839379148,3.578054379157862,3.587520122528076,112800,0.0,0.0
2012-06-04 00:00:00-04:00,3.587519456944642,3.625382423400879,3.587519456944642,3.625382423400879,28900,0.0,0.0
2012-06-05 00:00:00-04:00,3.601718514561265,3.615917015452005,3.592252772073738,3.6064512729644775,24200,0.0,0.0
2012-06-06 00:00:00-04:00,3.6017175631958884,3.611183303183115,3.5780531003873004,3.5827860832214355,43200,0.0,0.0
2012-06-07 00:00:00-04:00,3.601717218508544,3.6064499752087067,3.525991080176743,3.5543885231018066,24900,0.0,0.0
2012-06-08 00:00:00-04:00,3.5591217553156698,3.5780532360076904,3.549656014969659,3.5780532360076904,71100,0.0,0.0
2012-06-11 00:00:00-04:00,3.568587018883317,3.5780527579646644,3.525991080176743,3.5543885231018066,71600,0.0,0.0
2012-06-12 00:00:00-04:00,3.5496329088732215,3.554391011923738,3.511567176910451,3.52584171295166,84900,0.04,0.0
2012-06-13 00:00:00-04:00,3.5163230895996094,3.5401142707013484,3.4972902354740256,3.5163230895996094,60500,0.0,0.0
2012-06-14 00:00:00-04:00,3.53535661387055,3.544873042737231,3.5020492262819483,3.506807327270508,70800,0.0,0.0
2012-06-15 00:00:00-04:00,3.521081636091135,3.5258397364744067,3.4972904535061784,3.5115652084350586,59300,0.0,0.0
2012-06-18 00:00:00-04:00,3.502049134887084,3.5353565216064453,3.502049134887084,3.5353565216064453,37900,0.0,0.0
2012-06-19 00:00:00-04:00,3.540113522133611,3.5639044713151633,3.5353551961636187,3.5543880462646484,53900,0.0,0.0
2012-06-20 00:00:00-04:00,3.5639080413904827,3.5781828067104575,3.502051330043117,3.549633502960205,97000,0.0,0.0
2012-06-21 00:00:00-04:00,3.5591457759681204,3.5876950463367834,3.544871027339073,3.573420524597168,49600,0.0,0.0
2012-06-22 00:00:00-04:00,3.549631738566763,3.5686645982730525,3.521082449007329,3.5305988788604736,68800,0.0,0.0
2012-06-25 00:00:00-04:00,3.535356808220035,3.5591479951393925,3.516323949440378,3.5448732376098633,72700,0.0,0.0
2012-06-26 00:00:00-04:00,3.5591479951393925,3.5591479951393925,3.521082277580079,3.5448732376098633,58100,0.0,0.0
2012-06-27 00:00:00-04:00,3.554389450441348,3.6400375366210938,3.544873021631327,3.6400375366210938,110900,0.0,0.0
2012-06-28 00:00:00-04:00,3.63052272867713,3.6828629970550537,3.6067315325855933,3.6828629970550537,164000,0.0,0.0
2012-06-29 00:00:00-04:00,3.6876218098758504,3.735203981399536,3.673347044973899,3.735203981399536,83300,0.0,0.0
2012-07-02 00:00:00-04:00,3.7209294433872757,3.801819021532696,3.6876218098758504,3.735203981399536,128000,0.0,0.0
2012-07-03 00:00:00-04:00,3.7542345108034096,3.7970585519365727,3.744718082428212,3.792300224304199,41700,0.0,0.0
2012-07-05 00:00:00-04:00,3.778025695186178,3.825607837062165,3.7637509391786073,3.792300224304199,195100,0.0,0.0
2012-07-06 00:00:00-04:00,3.792302346425862,3.8351266384124756,3.792302346425862,3.8351266384124756,107200,0.0,0.0
2012-07-09 00:00:00-04:00,3.825607960056896,3.825607960056896,3.739960101926508,3.7685093879699707,95400,0.0,0.0
2012-07-10 00:00:00-04:00,3.7970598287792323,3.7970598287792323,3.7399612393274246,3.7589941024780273,66000,0.0,0.0
2012-07-11 00:00:00-04:00,3.7780286161833994,3.7780286161833994,3.7018971303204715,3.754237413406372,81200,0.0,0.0
2012-07-12 00:00:00-04:00,3.7352015386097395,3.7352015386097395,3.6685865420422163,3.678102970123291,54700,0.0,0.0
2012-07-13 00:00:00-04:00,3.6781048939705427,3.735203492322638,3.6781048939705427,3.6828629970550537,57200,0.0,0.0
2012-07-16 00:00:00-04:00,3.682861070719057,3.725685110528665,3.6638282145569074,3.678102970123291,95700,0.0,0.0
2012-07-17 00:00:00-04:00,3.7163664974107555,3.7259324252417216,3.649405002593994,3.649405002593994,109400,0.04,0.0
2012-07-18 00:00:00-04:00,3.6541900955997098,3.7211518595906687,3.649407242783127,3.7068028450012207,78800,0.0,0.0
2012-07-19 00:00:00-04:00,3.6972358493811006,3.711584859849238,3.6733209079574674,3.682886838912964,57100,0.0,0.0
2012-07-20 00:00:00-04:00,3.692452953926384,3.71158504486084,3.6733210910617236,3.71158504486084,47300,0.0,0.0
2012-07-23 00:00:00-04:00,3.7068028450012207,3.7307177932936844,3.692453830411772,3.7068028450012207,54700,0.0,0.0
2012-07-24 00:00:00-04:00,3.706801817353374,3.74028269006685,3.7020187377929688,3.7020187377929688,93400,0.0,0.0
2012-07-25 00:00:00-04:00,3.702019764114788,3.745066579813283,3.702019764114788,3.7068028450012207,76000,0.0,0.0
2012-07-26 00:00:00-04:00,3.711585072385997,3.725933855606005,3.68767012959292,3.6972360610961914,77800,0.0,0.0
2012-07-27 00:00:00-04:00,3.6924517351173645,3.730715676286272,3.6924517351173645,3.7259325981140137,57000,0.0,0.0
2012-07-30 00:00:00-04:00,3.7068007834623375,3.7450644969940186,3.697234855079417,3.7450644969940186,69400,0.0,0.0
2012-07-31 00:00:00-04:00,3.754631622271428,3.754631622271428,3.71158504486084,3.71158504486084,70700,0.0,0.0
2012-08-01 00:00:00-04:00,3.7307164669036865,3.7307164669036865,3.7163674574157737,3.7307164669036865,39700,0.0,0.0
2012-08-02 00:00:00-04:00,3.7163674574157737,3.7307164669036865,3.6541887964177664,3.7307164669036865,55500,0.0,0.0
2012-08-03 00:00:00-04:00,3.7163674574157737,3.7307164669036865,3.7163674574157737,3.7307164669036865,40600,0.0,0.0
2012-08-06 00:00:00-04:00,3.7067996978423334,3.730714625830469,3.682884769854198,3.6876678466796875,58800,0.0,0.0
2012-08-07 00:00:00-04:00,3.68767012959292,3.725933855606005,3.68767012959292,3.6972360610961914,69900,0.0,0.0
2012-08-08 00:00:00-04:00,3.6781039237976074,3.7259335777471003,3.6685379930077087,3.6781039237976074,59000,0.0,0.0
2012-08-09 00:00:00-04:00,3.6685360917876695,3.678102017620024,3.625489311507244,3.630272388458252,57300,0.0,0.0
2012-08-10 00:00:00-04:00,3.6446231422821644,3.6589721528573538,3.601576566696167,3.601576566696167,33500,0.0,0.0
2012-08-13 00:00:00-04:00,3.5920100610962984,3.620707849586433,3.5824439035298377,3.6111419200897217,115100,0.0,0.0
2012-08-14 00:00:00-04:00,3.615950734933641,3.649609933445135,3.5967169727226533,3.644801378250122,44800,0.04,0.0
2012-08-15 00:00:00-04:00,3.635183682973023,3.6928849566826396,3.6159499250698177,3.6399922370910645,89000,0.0,0.0
2012-08-16 00:00:00-04:00,3.668843187522192,3.6832683925402794,3.6496094279750753,3.6544177532196045,55800,0.0,0.0
2012-08-17 00:00:00-04:00,3.673652410507202,3.673652410507202,3.625567999888893,3.673652410507202,71500,0.0,0.0
2012-08-20 00:00:00-04:00,3.6688440840876493,3.673652410507202,3.6448017641362167,3.673652410507202,27700,0.0,0.0
2012-08-21 00:00:00-04:00,3.664034632993163,3.664034632993163,3.620758788654401,3.6544177532196045,64000,0.0,0.0
2012-08-22 00:00:00-04:00,3.6448013864155997,3.6448013864155997,3.548632575145214,3.60152530670166,73600,0.0,0.0
2012-08-23 00:00:00-04:00,3.6111428393250087,3.649610368330754,3.52939922554552,3.5438244342803955,192600,0.0,0.0
2012-08-24 00:00:00-04:00,3.5390149455566107,3.591907665926846,3.5293980664634335,3.5774824619293213,61700,0.0,0.0
2012-08-27 00:00:00-04:00,3.5967194334439485,3.620761767298683,3.534209548849389,3.58229398727417,195600,0.0,0.0
2012-08-28 00:00:00-04:00,3.587101231617839,3.630377324988209,3.587101231617839,3.620760440826416,123900,0.0,0.0
2012-08-29 00:00:00-04:00,3.6351839936724883,3.6592263077486336,3.6111419088808425,3.6544177532196045,71200,0.0,0.0
2012-08-30 00:00:00-04:00,3.654418723846036,3.688077926635742,3.630376632668727,3.688077926635742,101100,0.0,0.0
2012-08-31 00:00:00-04:00,3.716928542939297,3.716928542939297,3.6784610139454688,3.697694778442383,65300,0.0,0.0
2012-09-04 00:00:00-04:00,3.716928373280787,3.721736699543261,3.6976946096617946,3.7121198177337646,62000,0.0,0.0
2012-09-05 00:00:00-04:00,3.7121199263679205,3.716928482055664,3.688077835782869,3.716928482055664,62600,0.0,0.0
2012-09-06 00:00:00-04:00,3.726545255090283,3.731353810637305,3.6976946096617946,3.7121198177337646,76600,0.0,0.0
2012-09-07 00:00:00-04:00,3.7313532259366733,3.7553953120507604,3.7169277908406113,3.750586986541748,94500,0.0,0.0
2012-09-10 00:00:00-04:00,3.7457772666556357,3.7505858199535003,3.721734958735194,3.740968942642212,68100,0.0,0.0
2012-09-11 00:00:00-04:00,3.7409701062392107,3.7650121923532978,3.7169277908406113,3.750586986541748,80600,0.0,0.0
2012-09-12 00:00:00-04:00,3.7698220445988,3.7698220445988,3.726545953700882,3.755396604537964,95900,0.0,0.0
2012-09-13 00:00:00-04:00,3.769821196634736,3.769821196634736,3.7361619969203046,3.760204315185547,126400,0.0,0.0
2012-09-14 00:00:00-04:00,3.779438078083925,3.779438078083925,3.740970552287169,3.760204315185547,110300,0.0,0.0
2012-09-17 00:00:00-04:00,3.7698220445988,3.7698220445988,3.726545953700882,3.755396604537964,118000,0.0,0.0
2012-09-18 00:00:00-04:00,3.7698946556875677,3.808560204079875,3.7602282685894903,3.7795610427856445,102200,0.04,0.0
2012-09-19 00:00:00-04:00,3.7988933273100938,3.8278924848663767,3.794060019151638,3.8182260990142822,86100,0.0,0.0
2012-09-20 00:00:00-04:00,3.8278918266296387,3.8278918266296387,3.808559058249875,3.8278918266296387,104400,0.0,0.0
2012-09-21 00:00:00-04:00,3.8278906428008668,3.866556167602539,3.8182242616004487,3.866556167602539,73100,0.0,0.0
2012-09-24 00:00:00-04:00,3.8568932389562596,3.9100584983825684,3.852059928797089,3.9100584983825684,111700,0.0,0.0
2012-09-25 00:00:00-04:00,3.9148896905454658,3.934222459793091,3.876224152050216,3.934222459793091,92600,0.0,0.0
2012-09-26 00:00:00-04:00,3.939057324915681,3.9777228832244873,3.900391766606875,3.9777228832244873,180800,0.0,0.0
2012-09-27 00:00:00-04:00,3.982554509963758,3.982554509963758,3.9245561970143386,3.9535555839538574,79800,0.0,0.0
2012-09-28 00:00:00-04:00,3.972889144951654,3.9873886108398438,3.9148908204691852,3.9873886108398438,111100,0.0,0.0
2012-10-01 00:00:00-04:00,3.9922225054040514,4.030888060730938,3.9632231084439984,4.0067219734191895,123600,0.0,0.0
2012-10-02 00:00:00-04:00,4.030887909474316,4.030887909474316,3.9293907153174175,3.939056873321533,118700,0.0,0.0
2012-10-03 00:00:00-04:00,3.963222959726463,3.963222959726463,3.9148912478463633,3.939056873321533,92700,0.0,0.0
2012-10-04 00:00:00-04:00,3.963222959726463,3.963222959726463,3.9148912478463633,3.939056873321533,87100,0.0,0.0
2012-10-05 00:00:00-04:00,3.9535572549788434,3.9777228832244873,3.914891696670037,3.9777228832244873,75900,0.0,0.0
2012-10-08 00:00:00-04:00,3.953556434138721,3.9632225912441217,3.9245570409630837,3.9583892822265625,108700,0.0,0.0
2012-10-09 00:00:00-04:00,3.9535571978290975,3.9535571978290975,3.881058931350708,3.881058931350708,67600,0.0,0.0
2012-10-10 00:00:00-04:00,3.9003874439430315,3.9052207486075017,3.8423891707572926,3.852055549621582,61500,0.0,0.0
2012-10-11 00:00:00-04:00,3.8665596739468016,3.8665596739468016,3.82789411408172,3.8327271938323975,71700,0.0,0.0
2012-10-12 00:00:00-04:00,3.852055549621582,3.8858879908789223,3.823056413028713,3.852055549621582,63500,0.0,0.0
2012-10-15 00:00:00-04:00,3.8617263637312083,3.8617263637312083,3.7892285542166384,3.8327271938323975,83900,0.0,0.0
2012-10-16 00:00:00-04:00,3.8419544761904016,3.8419544761904016,3.7982408650935144,3.807955026626587,57100,0.039,0.0
2012-10-17 00:00:00-04:00,3.8273847221991515,3.8370988872157397,3.7933850288391113,3.7933850288391113,25300,0.0,0.0
2012-10-18 00:00:00-04:00,3.807954961215361,3.807954961215361,3.7205272773156177,3.725384473800659,105700,0.0,0.0
2012-10-19 00:00:00-04:00,3.7642437994753073,3.78367213604105,3.735101294626693,3.7739579677581787,48900,0.0,0.0
2012-10-22 00:00:00-04:00,3.788526258511469,3.7933832229055042,3.744812420945891,3.7642407417297363,84100,0.0,0.0
2012-10-23 00:00:00-04:00,3.7836696045692686,3.822526251703636,3.764241281002085,3.812812089920044,65000,0.0,0.0
2012-10-24 00:00:00-04:00,3.8322419973996995,3.866241693496704,3.8176708645038273,3.866241693496704,75700,0.0,0.0
2012-10-25 00:00:00-04:00,3.8710964398823497,3.8710964398823497,3.8370969948936104,3.851668119430542,29100,0.0,0.0
2012-10-26 00:00:00-04:00,3.832241688905464,3.8613841839552285,3.788528062132799,3.7933850288391113,114700,0.0,0.0
2012-10-31 00:00:00-04:00,3.8030991938556995,3.8273847221991515,3.773956698805935,3.7933850288391113,58000,0.0,0.0
2012-11-01 00:00:00-04:00,3.793383773767772,3.817669294076165,3.7545271265574516,3.7788126468658447,87000,0.0,0.0
2012-11-02 00:00:00-04:00,3.7933863043239215,3.798243504267378,3.7253871263438216,3.7739579677581787,93100,0.0,0.0
2012-11-05 00:00:00-05:00,3.7496698252125182,3.7496698252125182,3.7156703756542506,3.7399556636810303,55300,0.0,0.0
2012-11-06 00:00:00-05:00,3.749669929854218,3.7885268086684247,3.725384641149711,3.7788126468658447,37500,0.0,0.0
2012-11-07 00:00:00-05:00,3.798242227149387,3.807956392165975,3.7351000387395823,3.7933850288391113,78000,0.0,0.0
2012-11-08 00:00:00-05:00,3.793383668525038,3.8273833496927328,3.778812542027369,3.807955026626587,77000,0.0,0.0
2012-11-09 00:00:00-05:00,3.8273855211409114,3.8468138552296254,3.8273855211409114,3.832242488861084,58400,0.0,0.0
2012-11-12 00:00:00-05:00,3.807955026626587,3.8225261531242563,3.7982408650935144,3.807955026626587,59600,0.0,0.0
2012-11-13 00:00:00-05:00,3.801610633938253,3.801610633938253,3.757689512139839,3.782090187072754,32400,0.037,0.0
2012-11-14 00:00:00-05:00,3.786972323636696,3.7918523214613717,3.694250037945869,3.7284107208251953,138700,0.0,0.0
2012-11-15 00:00:00-05:00,3.7430533698522455,3.7430533698522455,3.5234477543926506,3.674731731414795,216100,0.0,0.0
2012-11-16 00:00:00-05:00,3.674727227673843,3.7674492212764026,3.6552065507710383,3.7576889991760254,60100,0.0,0.0
2012-11-19 00:00:00-05:00,3.7479279516447126,3.8211297176268593,3.7479279516447126,3.8016092777252197,69300,0.0,0.0
2012-11-20 00:00:00-05:00,3.8016102698630116,3.8260109424591064,3.7772095972669173,3.8260109424591064,77500,0.0,0.0
2012-11-21 00:00:00-05:00,3.840651712158363,3.850411936059954,3.821131264355182,3.845531940460205,70100,0.0,0.0
2012-11-23 00:00:00-05:00,3.869931822372911,3.869931822372911,3.840651154916485,3.8552916049957275,24100,0.0,0.0
2012-11-26 00:00:00-05:00,3.8699334694239966,3.8699334694239966,3.806492112618674,3.830892562866211,52400,0.0,0.0
2012-11-27 00:00:00-05:00,3.8552882485417594,3.889448881149292,3.8357678205654957,3.889448881149292,90800,0.0,0.0
2012-11-28 00:00:00-05:00,3.889448881149292,3.8992090951374236,3.8601682391848966,3.889448881149292,110700,0.0,0.0
2012-11-29 00:00:00-05:00,3.8943339142117788,3.9138545989990234,3.8845736881692288,3.9138545989990234,85500,0.0,0.0
2012-11-30 00:00:00-05:00,3.93337176773548,3.93337176773548,3.884570445557074,3.9040908813476562,100600,0.0,0.0
2012-12-03 00:00:00-05:00,3.918732166290283,3.9431328340697402,3.87481129007008,3.918732166290283,130800,0.0,0.0
2012-12-04 00:00:00-05:00,3.928494821711776,3.928494821711776,3.8943339142117788,3.9138545989990234,74800,0.0,0.0
2012-12-05 00:00:00-05:00,3.918731059730691,3.9431317206199616,3.894330631543368,3.938251495361328,84900,0.0,0.0
2012-12-06 00:00:00-05:00,3.9382525337683494,3.9382525337683494,3.88945143182427,3.928492546081543,90000,0.0,0.0
2012-12-07 00:00:00-05:00,3.9382526074330433,3.9382526074330433,3.913852405057614,3.918732166290283,97400,0.0,0.0
2012-12-10 00:00:00-05:00,3.9284937842204997,3.9333740123040086,3.8796924341937444,3.8943328857421875,97100,0.0,0.0
2012-12-11 00:00:00-05:00,3.90409195178422,3.952893287343134,3.85529084892732,3.918732166290283,78400,0.0,0.0
2012-12-12 00:00:00-05:00,3.9431317206199616,3.948011945878595,3.899210624100053,3.938251495361328,107900,0.0,0.0
2012-12-13 00:00:00-05:00,3.9333751377943216,3.957775354385376,3.8845737738036137,3.957775354385376,144900,0.0,0.0
2012-12-14 00:00:00-05:00,3.938251495361328,3.9528921711372287,3.884570413728049,3.938251495361328,66600,0.0,0.0
2012-12-17 00:00:00-05:00,3.93337176773548,3.93337176773548,3.8357693560806183,3.9040908813476562,87600,0.0,0.0
2012-12-18 00:00:00-05:00,3.8830125689819477,3.8977208188646606,3.7800538846692886,3.794762134552002,102800,0.037,0.0
2012-12-19 00:00:00-05:00,3.9173330096204912,3.9369441705014756,3.7947631372226014,3.858499526977539,91500,0.0,0.0
2012-12-20 00:00:00-05:00,3.8683046780256,3.878110257377646,3.8045685291290283,3.8045685291290283,75500,0.0,0.0
2012-12-21 00:00:00-05:00,3.8241782527879202,3.8830117068225984,3.7898586210426752,3.8388864994049072,107500,0.0,0.0
2012-12-24 00:00:00-05:00,3.8634011725663653,3.8634011725663653,3.7898592263847166,3.8290815353393555,112800,0.0,0.0
2012-12-26 00:00:00-05:00,3.809469160773187,3.824177638812077,3.7163160899490904,3.726121664047241,119400,0.0,0.0
2012-12-27 00:00:00-05:00,3.7212214567342614,3.726124130136447,3.6721933200115133,3.686901807785034,113700,0.0,0.0
2012-12-28 00:00:00-05:00,3.6525788959809895,3.7212181325638993,3.6525788959809895,3.7016069889068604,77200,0.0,0.0
2012-12-31 00:00:00-05:00,3.726121055615776,3.735926628112793,3.6574820481366572,3.735926628112793,83600,0.0,0.0
2013-01-02 00:00:00-05:00,3.745732976491195,3.81927490234375,3.745732976491195,3.81927490234375,48100,0.0,0.0
2013-01-03 00:00:00-05:00,3.838887112578015,3.8535955953277057,3.8045677091344072,3.8290815353393555,37300,0.0,0.0
2013-01-04 00:00:00-05:00,3.8486919828890445,3.90262276468737,3.809469681138757,3.8977198600769043,40200,0.0,0.0
2013-01-07 00:00:00-05:00,3.907525950639186,3.932040243139846,3.873206548975076,3.912428855895996,51300,0.0,0.0
2013-01-08 00:00:00-05:00,3.883010544505863,3.8977187867201746,3.8241771080820275,3.8535938262939453,79800,0.0,0.0
2013-01-09 00:00:00-05:00,3.8437887017134167,3.8879136672842844,3.833983127832855,3.8732054233551025,63500,0.0,0.0
2013-01-10 00:00:00-05:00,3.8683026810618237,3.8683026810618237,3.8241777136483166,3.8437888622283936,51000,0.0,0.0
2013-01-11 00:00:00-05:00,3.8683026810618237,3.8683026810618237,3.8045665650682396,3.8437888622283936,89600,0.0,0.0
2013-01-14 00:00:00-05:00,3.8633995434146,3.878107786178589,3.838885493763546,3.878107786178589,80400,0.0,0.0
2013-01-15 00:00:00-05:00,3.8520029437299046,3.876631977092022,3.8027444072414505,3.8076703548431396,130800,0.037,0.0
2013-01-16 00:00:00-05:00,3.8175203527866914,3.871704578399658,3.7781137286616278,3.871704578399658,72900,0.0,0.0
2013-01-17 00:00:00-05:00,3.8864819450055537,3.8914078904621903,3.8470753208804895,3.871704578399658,41400,0.0,0.0
2013-01-18 00:00:00-05:00,3.8470753208804895,3.8864819450055537,3.8470753208804895,3.871704578399658,67400,0.0,0.0
2013-01-22 00:00:00-05:00,3.896334429472575,3.9012603759765625,3.876631113220738,3.9012603759765625,65600,0.0,0.0
2013-01-23 00:00:00-05:00,3.9012582026737763,3.950516700744629,3.891406550035991,3.950516700744629,54900,0.0,0.0
2013-01-24 00:00:00-05:00,3.9603681185004875,3.9603681185004875,3.9012582026737763,3.950516700744629,43500,0.0,0.0
2013-01-25 00:00:00-05:00,3.9603698049578293,3.9603698049578293,3.906185574935598,3.955443859100342,98800,0.0,0.0
2013-01-28 00:00:00-05:00,3.955442338516561,3.955442338516561,3.8322967928863414,3.876629114151001,85900,0.0,0.0
2013-01-29 00:00:00-05:00,3.901262699937243,3.9455953053535926,3.847078430526393,3.881559371948242,72600,0.0,0.0
2013-01-30 00:00:00-05:00,3.8914083493978344,3.906185717746508,3.8224467490459437,3.866779088973999,83600,0.0,0.0
2013-01-31 00:00:00-05:00,3.891407611851795,3.891407611851795,3.832297679896252,3.8618526458740234,81900,0.0,0.0
2013-02-01 00:00:00-05:00,3.8520025668040896,3.901260863590416,3.812595694492942,3.8372249603271484,92500,0.0,0.0
2013-02-04 00:00:00-05:00,3.812595240319673,3.8618537661201913,3.812595240319673,3.8421504497528076,65700,0.0,0.0
2013-02-05 00:00:00-05:00,3.881556080170143,3.881556080170143,3.8076685454310826,3.8322978019714355,57300,0.0,0.0
2013-02-06 00:00:00-05:00,3.8520009905480994,3.8618526458740234,3.832297679896252,3.8618526458740234,27200,0.0,0.0
2013-02-07 00:00:00-05:00,3.876632027428982,3.8963353483273617,3.8569287065306024,3.8914096355438232,29800,0.0,0.0
2013-02-08 00:00:00-05:00,3.9160377457244113,3.9160377457244113,3.861853743472889,3.9012603759765625,71200,0.0,0.0
2013-02-11 00:00:00-05:00,3.8815579750946334,3.8963353483273617,3.866780366979792,3.8914096355438232,59900,0.0,0.0
2013-02-12 00:00:00-05:00,3.8701278809689987,3.8899239121975007,3.8602298653547478,3.8750767707824707,70600,0.037,0.0
2013-02-13 00:00:00-05:00,3.899822724958639,3.899822724958639,3.8255874746839784,3.830536365509033,62700,0.0,0.0
2013-02-14 00:00:00-05:00,3.815687968294917,3.840433120727539,3.8107388434134872,3.840433120727539,110900,0.0,0.0
2013-02-15 00:00:00-05:00,3.845381520741481,3.8503306449937074,3.7909423339031636,3.8057894706726074,98900,0.0,0.0
2013-02-19 00:00:00-05:00,3.8354862593705352,3.8404353871727084,3.776098141668871,3.790945053100586,91300,0.0,0.0
2013-02-20 00:00:00-05:00,3.8156877629580777,3.8354837894439697,3.7760957099862935,3.8354837894439697,60100,0.0,0.0
2013-02-21 00:00:00-05:00,3.8206387279268723,3.8255878552315927,3.785995780743342,3.8107407093048096,78300,0.0,0.0
2013-02-22 00:00:00-05:00,3.8107397224723925,3.8156888484954834,3.7810456742958007,3.8156888484954834,29000,0.0,0.0
2013-02-25 00:00:00-05:00,3.7958939653910235,3.82063889503479,3.756301889171086,3.82063889503479,111600,0.0,0.0
2013-02-26 00:00:00-05:00,3.800842856924821,3.82063889503479,3.7760979272810546,3.82063889503479,45600,0.0,0.0
2013-02-27 00:00:00-05:00,3.8107388434134872,3.8503311345031355,3.8008408296378913,3.840433120727539,35600,0.0,0.0
2013-02-28 00:00:00-05:00,3.8404350011583763,3.855281911097781,3.8107407093048096,3.8107407093048096,50900,0.0,0.0
2013-03-01 00:00:00-05:00,3.8255863551002793,3.8552803993225098,3.8107392149955213,3.8552803993225098,43100,0.0,0.0
2013-03-04 00:00:00-05:00,3.850331159835631,3.850331159835631,3.7810448269633388,3.8008408546447754,42300,0.0,0.0
2013-03-05 00:00:00-05:00,3.8255882045431058,3.8255882045431058,3.7810469986831112,3.795894145965576,38200,0.0,0.0
2013-03-06 00:00:00-05:00,3.8156872243806346,3.845381259918213,3.7958912006889163,3.845381259918213,55100,0.0,0.0
2013-03-07 00:00:00-05:00,3.830534124155815,3.845381259918213,3.825585236226494,3.845381259918213,52700,0.0,0.0
2013-03-08 00:00:00-05:00,3.835485492321443,3.8404346191338528,3.80084231259664,3.830536365509033,59300,0.0,0.0
2013-03-11 00:00:00-04:00,3.7958897099380677,3.8107366038824626,3.7365016621862406,3.741450548171997,120700,0.0,0.0
2013-03-12 00:00:00-04:00,3.7548817881992473,3.764828485185753,3.734988394226236,3.739961624145508,158200,0.037,0.0
2013-03-13 00:00:00-04:00,3.7499073106103404,3.754880776337329,3.734987387725171,3.74493408203125,89000,0.0,0.0
2013-03-14 00:00:00-04:00,3.7399612195488796,3.7548813819885254,3.715094361198782,3.7548813819885254,301900,0.0,0.0
2013-03-15 00:00:00-04:00,3.7349892133720175,3.739962444382002,3.6852554803840856,3.7101223468780518,140300,0.0,0.0
2013-03-18 00:00:00-04:00,3.7150957930430124,3.7946696281433105,3.705149093298979,3.7946696281433105,54900,0.0,0.0
2013-03-19 00:00:00-04:00,3.7747741649494877,3.794667553561646,3.730013921998182,3.74493408203125,117300,0.0,0.0
2013-03-20 00:00:00-04:00,3.7747737701518616,3.824507236480713,3.759853611679269,3.824507236480713,58700,0.0,0.0
2013-03-21 00:00:00-04:00,3.8195360944921712,3.844402961355711,3.79466946477665,3.8294827938079834,47400,0.0,0.0
2013-03-22 00:00:00-04:00,3.814562912288118,3.819536143435742,3.759855946776126,3.8046162128448486,44900,0.0,0.0
2013-03-25 00:00:00-04:00,3.7896959119698166,3.8095893101574787,3.754882583715414,3.774775981903076,97300,0.0,0.0
2013-03-26 00:00:00-04:00,3.7648282051086426,3.7648282051086426,3.7349881163690215,3.7648282051086426,79100,0.0,0.0
2013-03-27 00:00:00-04:00,3.779747273061637,3.8642942905426025,3.7648273506519905,3.8642942905426025,85600,0.0,0.0
2013-03-28 00:00:00-04:00,3.8642974444444715,3.8742441465516766,3.839430570602417,3.839430570602417,51500,0.0,0.0
2013-04-01 00:00:00-04:00,3.849373394934849,3.8742402437265833,3.7996399344992273,3.84440016746521,33800,0.0,0.0
2013-04-02 00:00:00-04:00,3.8245096117313873,3.8294828428790115,3.799642744549203,3.8046162128448486,48200,0.0,0.0
2013-04-03 00:00:00-04:00,3.804615792193393,3.804615792193393,3.769802229417048,3.799642324447632,22100,0.0,0.0
2013-04-04 00:00:00-04:00,3.804613849949172,3.8394271578054315,3.78969369147658,3.824507236480713,51800,0.0,0.0
2013-04-05 00:00:00-04:00,3.8095883205036687,3.8792154332207867,3.7797482309740262,3.81953501701355,123100,0.0,0.0
2013-04-08 00:00:00-04:00,3.82451014258184,3.82451014258184,3.7698031694763996,3.779749870300293,32700,0.0,0.0
2013-04-09 00:00:00-04:00,3.774774773809429,3.7896946991011378,3.7548813819885254,3.7548813819885254,44700,0.0,0.0
2013-04-10 00:00:00-04:00,3.7548796591006077,3.774773041793637,3.7449329677540932,3.759852886199951,112300,0.0,0.0
2013-04-11 00:00:00-04:00,3.764828077898977,3.774774773809429,3.7548813819885254,3.7548813819885254,36000,0.0,0.0
2013-04-12 00:00:00-04:00,3.7896961596972796,3.819536258929381,3.769802760209212,3.7946696281433105,43200,0.0,0.0
2013-04-15 00:00:00-04:00,3.8046167409340534,3.8046167409340534,3.7548832368145866,3.779749870300293,41100,0.0,0.0
2013-04-16 00:00:00-04:00,3.7782509770887205,3.8032395049893126,3.753262687496392,3.7582602500915527,88000,0.037,0.0
2013-04-17 00:00:00-04:00,3.7882418398293676,3.8082325430758566,3.753258228302002,3.753258228302002,100300,0.0,0.0
2013-04-18 00:00:00-04:00,3.7832448482513428,3.7932402013675306,3.763254142018967,3.7832448482513428,45000,0.0,0.0
2013-04-19 00:00:00-04:00,3.8032367600202934,3.83822038786193,3.778248250155046,3.8182296752929688,60900,0.0,0.0
2013-04-22 00:00:00-04:00,3.8332246345058834,3.8482175568409422,3.808236112869847,3.8432199954986572,89500,0.0,0.0
2013-04-23 00:00:00-04:00,3.848214518904038,3.878200816518161,3.8282238126999664,3.838219165802002,70600,0.0,0.0
2013-04-24 00:00:00-04:00,3.858212337721898,3.858212337721898,3.8082355402724244,3.833224058151245,41100,0.0,0.0
2013-04-25 00:00:00-04:00,3.858210630202225,3.863208426889393,3.83821992006968,3.85321307182312,67200,0.0,0.0
2013-04-26 00:00:00-04:00,3.833224586671517,3.8981945514678955,3.833224586671517,3.8981945514678955,70500,0.0,0.0
2013-04-29 00:00:00-04:00,3.8931968004625257,3.9081899611057884,3.8382221958481684,3.8432199954986572,70300,0.0,0.0
2013-04-30 00:00:00-04:00,3.8382223643222764,3.8881994097880304,3.828227002890768,3.848217725753784,72500,0.0,0.0
2013-05-01 00:00:00-04:00,3.8682064567153716,3.8831996102961384,3.8032367600202934,3.8182296752929688,62600,0.0,0.0
2013-05-02 00:00:00-04:00,3.8132333391714557,3.8382216187421085,3.803237979681561,3.833224058151245,47200,0.0,0.0
2013-05-03 00:00:00-04:00,3.8432169615070277,3.8432169615070277,3.81323090220092,3.838219165802002,41100,0.0,0.0
2013-05-06 00:00:00-04:00,3.8332243028040516,3.8332243028040516,3.7882450630746733,3.7982404232025146,35200,0.0,0.0
2013-05-07 00:00:00-04:00,3.8132333391714557,3.8482169782320033,3.803237979681561,3.833224058151245,112000,0.0,0.0
2013-05-08 00:00:00-04:00,3.848215698914826,3.8532134961523683,3.7632552906494037,3.7682528495788574,170100,0.0,0.0
2013-05-09 00:00:00-04:00,3.768251699423053,3.8082331118878043,3.768251699423053,3.7832448482513428,88600,0.0,0.0
2013-05-10 00:00:00-04:00,3.7832451931527564,3.8032359012075947,3.7832451931527564,3.793240547180176,87800,0.0,0.0
2013-05-13 00:00:00-04:00,3.81323093154417,3.81323093154417,3.763254165649414,3.763254165649414,79300,0.0,0.0
2013-05-14 00:00:00-04:00,3.7818390344847543,3.7818390344847543,3.771794319152832,3.771794319152832,84800,0.037,0.0
2013-05-15 00:00:00-04:00,3.7818413796348973,3.7818413796348973,3.766774177551269,3.7667741775512695,86400,0.0,0.0
2013-05-16 00:00:00-04:00,3.7768165570763412,3.7818390344847543,3.766771841744419,3.771794319152832,126700,0.0,0.0
2013-05-17 00:00:00-04:00,3.7717935651429544,3.7918829917907715,3.766771088738572,3.7918829917907715,34600,0.0,0.0
2013-05-20 00:00:00-04:00,3.7818413796348973,3.791886101195632,3.766774177551269,3.7667741775512695,65000,0.0,0.0
2013-05-21 00:00:00-04:00,3.771794319152832,3.771794319152832,3.766771841744419,3.771794319152832,47700,0.0,0.0
2013-05-22 00:00:00-04:00,3.771794319152832,3.7768165570763412,3.766771841744419,3.771794319152832,92600,0.0,0.0
2013-05-23 00:00:00-04:00,3.771794368532347,3.7818390839957727,3.766771891058181,3.7768166065216064,29100,0.0,0.0
2013-05-24 00:00:00-04:00,3.771794319152832,3.771794319152832,3.766771841744419,3.771794319152832,21100,0.0,0.0
2013-05-28 00:00:00-04:00,3.7717917265761396,3.781836435003737,3.751702070236206,3.751702070236206,74500,0.0,0.0
2013-05-29 00:00:00-04:00,3.751704187783006,3.751704187783006,3.661301760909456,3.6763689517974854,200100,0.0,0.0
2013-05-30 00:00:00-04:00,3.661301474280852,3.6763686639893307,3.6462345240572285,3.6713461875915527,72100,0.0,0.0
2013-05-31 00:00:00-04:00,3.6763675500251525,3.681389785416304,3.5658754976024256,3.5859649181365967,90100,0.0,0.0
2013-06-03 00:00:00-04:00,3.5709002425961693,3.5859671978328773,3.4101845366666947,3.500586986541748,174700,0.0,0.0
2013-06-04 00:00:00-04:00,3.465430597999473,3.500586986541748,3.425251731388338,3.500586986541748,199400,0.0,0.0
2013-06-05 00:00:00-04:00,3.5106316120864434,3.5407660007476807,3.490542179302238,3.5407660007476807,79100,0.0,0.0
2013-06-06 00:00:00-04:00,3.545787914223795,3.580944538116455,3.5357431987523076,3.580944538116455,116000,0.0,0.0
2013-06-07 00:00:00-04:00,3.5759224403240286,3.5960118734000677,3.550810768721446,3.5709002017974854,78900,0.0,0.0
2013-06-10 00:00:00-04:00,3.5960139199699435,3.5960139199699435,3.500588938807855,3.5056114196777344,94100,0.0,0.0
2013-06-11 00:00:00-04:00,3.4905425036270885,3.4905425036270885,3.4152072434289833,3.4252519607543945,140700,0.0,0.0
2013-06-12 00:00:00-04:00,3.455385135069914,3.455385135069914,3.3448930362678877,3.3750271797180176,159100,0.0,0.0
2013-06-13 00:00:00-04:00,3.3448924270033875,3.4051609424107583,3.3147582890421217,3.385071277618408,146000,0.0,0.0
2013-06-14 00:00:00-04:00,3.3750281346423887,3.4403189170000346,3.3599611783967482,3.4252519607543945,88500,0.0,0.0
2013-06-17 00:00:00-04:00,3.45036353750824,3.45036353750824,3.3900952352469043,3.4152071475982666,80000,0.0,0.0
2013-06-18 00:00:00-04:00,3.418741256960927,3.418741256960927,3.368242911226407,3.4035916328430176,115600,0.037,0.0
2013-06-19 00:00:00-04:00,3.393493175506592,3.413692761808743,3.3833935027531123,3.393493175506592,172300,0.0,0.0
2013-06-20 00:00:00-04:00,3.378341718847979,3.378341718847979,3.307644052848565,3.3530924320220947,165800,0.0,0.0
2013-06-21 00:00:00-04:00,3.3328957420037524,3.3631947657461674,3.312696392842142,3.3379456996917725,135900,0.0,0.0
2013-06-24 00:00:00-04:00,3.3076452088816577,3.3126949235347,3.1914988823201385,3.247046947479248,244100,0.0,0.0
2013-06-25 00:00:00-04:00,3.267246624281034,3.332894607099694,3.221798224540938,3.312695264816284,173400,0.0,0.0
2013-06-26 00:00:00-04:00,3.332892539290815,3.438939140882364,3.322792874415191,3.408640146255493,184200,0.0,0.0
2013-06-27 00:00:00-04:00,3.3884437876852864,3.4591415038064466,3.363194482958693,3.454091787338257,99500,0.0,0.0
2013-06-28 00:00:00-04:00,3.4591419954184213,3.4591419954184213,3.3833943112686238,3.449042320251465,155100,0.0,0.0
2013-07-01 00:00:00-04:00,3.45914145541384,3.4742910861969,3.428842434642934,3.4742910861968994,57400,0.0,0.0
2013-07-02 00:00:00-04:00,3.4439917072932555,3.474290724913437,3.4237923622131348,3.4237923622131348,87200,0.0,0.0
2013-07-03 00:00:00-04:00,3.4237924345622224,3.4237924345622224,3.353094484492674,3.393493175506592,83200,0.0,0.0
2013-07-05 00:00:00-04:00,3.368244826197063,3.3732945432439108,3.287447427085548,3.2975471019744873,89000,0.0,0.0
2013-07-08 00:00:00-04:00,3.3076452174027797,3.3581435680389404,3.302595261941599,3.3581435680389404,117400,0.0,0.0
2013-07-09 00:00:00-04:00,3.3429941703315036,3.368243467768311,3.33794445532123,3.3631935119628906,67500,0.0,0.0
2013-07-10 00:00:00-04:00,3.388440242012791,3.388440242012791,3.282393658400858,3.307642936706543,91900,0.0,0.0
2013-07-11 00:00:00-04:00,3.3177450926556395,3.388442787917278,3.312695136882236,3.373293161392212,120600,0.0,0.0
2013-07-12 00:00:00-04:00,3.3480449198452633,3.373293982472624,3.307646227005323,3.327845573425293,70900,0.0,0.0
2013-07-15 00:00:00-04:00,3.322796067422947,3.3530950911653625,3.3076466759493575,3.3379456996917725,131400,0.0,0.0
2013-07-16 00:00:00-04:00,3.341498851776123,3.351655373672228,3.316107668111152,3.341498851776123,92400,0.037,0.0
2013-07-17 00:00:00-04:00,3.336420711903362,3.366890277591677,3.300872764191703,3.341498851776123,113300,0.0,0.0
2013-07-18 00:00:00-04:00,3.35673337681116,3.3668898975608683,3.2907158708627766,3.2957940101623535,93700,0.0,0.0
2013-07-19 00:00:00-04:00,3.3262632678361115,3.3262632678361115,3.2754804302840057,3.3008718490600586,167600,0.0,0.0
2013-07-22 00:00:00-04:00,3.28563844155187,3.28563844155187,3.234855823087124,3.239934206008911,97500,0.0,0.0
2013-07-23 00:00:00-04:00,3.2399327345781503,3.3059502296754752,3.2399327345781503,3.3008718490600586,130800,0.0,0.0
2013-07-24 00:00:00-04:00,3.2907174163952595,3.295795558079858,3.219621737756198,3.250091314315796,141200,0.0,0.0
2013-07-25 00:00:00-04:00,3.2246988216787553,3.2348553438670904,3.15360316636041,3.184072732925415,286600,0.0,0.0
2013-07-26 00:00:00-04:00,3.18407165355687,3.2246977285383758,3.15360209732074,3.194228172302246,164700,0.0,0.0
2013-07-29 00:00:00-04:00,3.163758616066117,3.209463071495565,3.163758616066117,3.194228172302246,94200,0.0,0.0
2013-07-30 00:00:00-04:00,3.2145429294509364,3.2145429294509364,3.1688384495713335,3.2094647884368896,44900,0.0,0.0
2013-07-31 00:00:00-04:00,3.214542865753174,3.214542865753174,3.178995152907334,3.214542865753174,109900,0.0,0.0
2013-08-01 00:00:00-04:00,3.1942290598524017,3.2145421029873478,3.1637594951499834,3.199307441711426,80900,0.0,0.0
2013-08-02 00:00:00-04:00,3.178995215900701,3.2196213126156197,3.173916832736017,3.2094647884368896,87400,0.0,0.0
2013-08-05 00:00:00-04:00,3.1840734330060676,3.1942299574275124,3.1383689520342433,3.1485254764556885,88900,0.0,0.0
2013-08-06 00:00:00-04:00,3.1434477977324784,3.148525939614892,3.1028216940704563,3.112978219985962,140000,0.0,0.0
2013-08-07 00:00:00-04:00,3.1231325319681527,3.1383671889664932,3.0571150392406574,3.118054151535034,176800,0.0,0.0
2013-08-08 00:00:00-04:00,3.1078987547144203,3.1383683218605705,3.0977422323323704,3.123133659362793,121200,0.0,0.0
2013-08-09 00:00:00-04:00,3.123134745901467,3.123134745901467,3.0926651681549506,3.112978219985962,67100,0.0,0.0
2013-08-12 00:00:00-04:00,3.1231328978360477,3.1231328978360477,3.1028198580249624,3.107897996902466,111100,0.0,0.0
2013-08-13 00:00:00-04:00,3.111474907360607,3.111474907360607,3.0910383105654184,3.1012566089630127,98000,0.037,0.0
2013-08-14 00:00:00-04:00,3.0910383105654184,3.131911504155796,3.0910383105654184,3.1012566089630127,105100,0.0,0.0
2013-08-15 00:00:00-04:00,3.070601423695583,3.1063653428968796,3.055273855735436,3.0654921531677246,105300,0.0,0.0
2013-08-16 00:00:00-04:00,3.101256315992449,3.101256315992449,3.0348372608708587,3.0654921531677246,274600,0.0,0.0
2013-08-19 00:00:00-04:00,3.0654912388447384,3.0654912388447384,3.009290497918045,3.014399766921997,235900,0.0,0.0
2013-08-20 00:00:00-04:00,2.9990733813636186,3.1012566089630127,2.9990733813636186,3.1012566089630127,196100,0.0,0.0
2013-08-21 00:00:00-04:00,3.0603831717491845,3.1216932057582016,3.0603831717491845,3.1012566089630127,208500,0.0,0.0
2013-08-22 00:00:00-04:00,3.0961485283289085,3.1421310106086966,3.0961485283289085,3.1319127082824707,216300,0.0,0.0
2013-08-23 00:00:00-04:00,3.101258634131281,3.1523501594827827,3.096149359784326,3.1165859699249268,134500,0.0,0.0
2013-08-26 00:00:00-04:00,3.1063658362867255,3.131911705736659,3.0961475372314458,3.0961475372314453,108800,0.0,0.0
2013-08-27 00:00:00-04:00,3.085930854419933,3.1319133460635693,3.080821824028192,3.121695041656494,186600,0.0,0.0
2013-08-28 00:00:00-04:00,3.1216952442718817,3.137022580065527,3.096149359784326,3.1165859699249268,93300,0.0,0.0
2013-08-29 00:00:00-04:00,3.0961485283289085,3.1319127082824707,3.091039498977568,3.1319127082824707,85200,0.0,0.0
2013-08-30 00:00:00-04:00,3.111476939201581,3.126804274995227,3.0910403290609807,3.1165859699249268,110900,0.0,0.0
2013-09-03 00:00:00-04:00,3.111474405887891,3.12680172920227,3.1012561091371675,3.1268017292022705,140600,0.0,0.0
2013-09-04 00:00:00-04:00,3.111476939201581,3.126804274995227,3.0654944445734245,3.1165859699249268,216500,0.0,0.0
2013-09-05 00:00:00-04:00,3.091040051469493,3.1165856900393076,3.0859307775813773,3.1114766597747803,78900,0.0,0.0
2013-09-06 00:00:00-04:00,3.1063664295793916,3.1063664295793916,3.0757115265586954,3.0808207988739014,92200,0.0,0.0
2013-09-09 00:00:00-04:00,3.075711923676457,3.137021737633811,3.075711923676457,3.1319127082824707,132600,0.0,0.0
2013-09-10 00:00:00-04:00,3.1216952442718817,3.142131854412482,3.101258634131281,3.1165859699249268,171200,0.0,0.0
2013-09-11 00:00:00-04:00,3.1063653428968796,3.1165836403291682,3.0654921531677246,3.0654921531677246,100500,0.0,0.0
2013-09-12 00:00:00-04:00,3.0654921531677246,3.1063653428968796,3.055273855735436,3.0654921531677246,118600,0.0,0.0
2013-09-13 00:00:00-04:00,3.0654921531677246,3.0859287480323023,3.055273855735436,3.0654921531677246,153200,0.0,0.0
2013-09-16 00:00:00-04:00,3.0961491648315804,3.1319133521375018,3.091040134429931,3.0910401344299316,135700,0.0,0.0
2013-09-17 00:00:00-04:00,3.079214356608736,3.1460421085357666,3.079214356608736,3.1460421085357666,162200,0.037,0.0
2013-09-18 00:00:00-04:00,3.130620638273413,3.223151206970215,3.1049175799630366,3.223151206970215,172700,0.0,0.0
2013-09-19 00:00:00-04:00,3.2231524914920917,3.2282932032519054,3.1974494229382797,3.2128713130950928,73900,0.0,0.0
2013-09-20 00:00:00-04:00,3.192307684071281,3.2539947298691483,3.192307684071281,3.223151206970215,157700,0.0,0.0
2013-09-23 00:00:00-04:00,3.2025901346980934,3.24371484828609,3.2025901346980934,3.2128713130950928,109700,0.0,0.0
2013-09-24 00:00:00-04:00,3.2334321027346156,3.269416332244873,3.218010465174869,3.269416332244873,146800,0.0,0.0
2013-09-25 00:00:00-04:00,3.2539953283260994,3.2848388568976055,3.2539953283260994,3.2642765045166016,92100,0.0,0.0
2013-09-26 00:00:00-04:00,3.2745579761716184,3.289979864410182,3.2642767990534423,3.284839153289795,116000,0.0,0.0
2013-09-27 00:00:00-04:00,3.289979934692383,3.289979934692383,3.2642768687865615,3.289979934692383,81700,0.0,0.0
2013-09-30 00:00:00-04:00,3.2848412014961927,3.2951223850250244,3.2745600179673606,3.2951223850250244,89400,0.0,0.0
2013-10-01 00:00:00-04:00,3.284839153289795,3.3105422186465345,3.284839153289795,3.284839153289795,149600,0.0,0.0
2013-10-02 00:00:00-04:00,3.264274891861071,3.3105402844230443,3.2488532577553833,3.3002591133117676,106400,0.0,0.0
2013-10-03 00:00:00-04:00,3.300260119821733,3.300260119821733,3.2334323646561463,3.2385730743408203,70000,0.0,0.0
2013-10-04 00:00:00-04:00,3.24885476508454,3.2642764063452074,3.207729816436767,3.2077298164367676,80800,0.0,0.0
2013-10-07 00:00:00-04:00,3.197447163779364,3.218009751167478,3.1563224792480473,3.156322479248047,78600,0.0,0.0
2013-10-08 00:00:00-04:00,3.1614647490935606,3.1820271015167236,3.1460428622149,3.1820271015167236,50200,0.0,0.0
2013-10-09 00:00:00-04:00,3.176886796951294,3.20773032952877,3.1511839756980344,3.176886796951294,107000,0.0,0.0
2013-10-10 00:00:00-04:00,3.176886796951294,3.202589863327161,3.166605619425469,3.176886796951294,93300,0.0,0.0
2013-10-11 00:00:00-04:00,3.1923082777283054,3.1974487432728083,3.1820271015167236,3.1820271015167236,25900,0.0,0.0
2013-10-14 00:00:00-04:00,3.1768863908496447,3.1923082777283054,3.1666052146380634,3.1820271015167236,50700,0.0,0.0
2013-10-15 00:00:00-04:00,3.154618176988529,3.185647179131114,3.154618176988529,3.159789800643921,61100,0.037,0.0
2013-10-16 00:00:00-04:00,3.164961556581882,3.195990562438965,3.133932550724799,3.195990562438965,116800,0.0,0.0
2013-10-17 00:00:00-04:00,3.170131282944276,3.2735612405458547,3.170131282944276,3.242532253265381,121000,0.0,0.0
2013-10-18 00:00:00-04:00,3.2321892575052233,3.268389865964011,3.2011602702247495,3.242532253265381,94700,0.0,0.0
2013-10-21 00:00:00-04:00,3.2528756560950636,3.258047277920562,3.216675043106079,3.216675043106079,73100,0.0,0.0
2013-10-22 00:00:00-04:00,3.2321911925705376,3.2373628168450272,3.195990562438965,3.195990562438965,129300,0.0,0.0
2013-10-23 00:00:00-04:00,3.1908188440056255,3.2321908473968506,3.1908188440056255,3.2321908473968506,58200,0.0,0.0
2013-10-24 00:00:00-04:00,3.2218477725982666,3.2477053974225703,3.2218477725982666,3.2218477725982666,58600,0.0,0.0
2013-10-25 00:00:00-04:00,3.2270180401605746,3.237361283811571,3.211503667877082,3.216675043106079,73300,0.0,0.0
2013-10-28 00:00:00-04:00,3.206333221979039,3.2321908473968506,3.206333221979039,3.2321908473968506,92900,0.0,0.0
2013-10-29 00:00:00-04:00,3.2218484724677983,3.247706102909054,3.2218484724677983,3.23736310005188,59100,0.0,0.0
2013-10-30 00:00:00-04:00,3.2270206327811635,3.247706890106201,3.2270206327811635,3.247706890106201,61000,0.0,0.0
2013-10-31 00:00:00-04:00,3.2373638847420323,3.252878269489936,3.2270206327811635,3.247706890106201,84500,0.0,0.0
2013-11-01 00:00:00-04:00,3.2373630360841568,3.242534414112242,3.2166767841819124,3.227019786834717,137400,0.0,0.0
2013-11-04 00:00:00-05:00,3.2218479930397756,3.2787346235875225,3.2063333677643526,3.2528769969940186,148300,0.0,0.0
2013-11-05 00:00:00-05:00,3.242533434963582,3.258048057556152,3.2166758128414856,3.2580480575561523,97700,0.0,0.0
2013-11-06 00:00:00-05:00,3.2580477333157765,3.283905106267991,3.2321901137670257,3.278733730316162,77300,0.0,0.0
2013-11-07 00:00:00-05:00,3.263220144808774,3.2839061483735987,3.263220144808774,3.2735631465911865,76700,0.0,0.0
2013-11-08 00:00:00-05:00,3.283905868630334,3.283905868630334,3.195990237670715,3.2011618614196777,127900,0.0,0.0
2013-11-11 00:00:00-05:00,3.1959886490464355,3.258046870203853,3.1959886490464355,3.242532253265381,87400,0.0,0.0
2013-11-12 00:00:00-05:00,3.2404523364177495,3.2664592761275535,3.2248481229877557,3.2300496101379395,143200,0.036,0.0
2013-11-13 00:00:00-05:00,3.230050227742649,3.2716611408181415,3.230050227742649,3.2508556842803955,146600,0.0,0.0
2013-11-14 00:00:00-05:00,3.2664610098561884,3.276863741657422,3.2300513245415274,3.2456552982330322,120700,0.0,0.0
2013-11-15 00:00:00-05:00,3.235252566431799,3.27166225174646,3.235252566431799,3.2456552982330322,55800,0.0,0.0
2013-11-18 00:00:00-05:00,3.245654998814166,3.2716619499283954,3.245654998814166,3.2560579776763916,101900,0.0,0.0
2013-11-19 00:00:00-05:00,3.245654998814166,3.2664607085179496,3.245654998814166,3.2560579776763916,98700,0.0,0.0
2013-11-20 00:00:00-05:00,3.2508549226364027,3.282063100131247,3.245653435710322,3.2612576484680176,87500,0.0,0.0
2013-11-21 00:00:00-05:00,3.266458896253049,3.2716601347777945,3.235250473022461,3.235250473022461,82600,0.0,0.0
2013-11-22 00:00:00-05:00,3.2404529560115223,3.2664599006940076,3.235251467866783,3.2508556842803955,107200,0.0,0.0
2013-11-25 00:00:00-05:00,3.2508565216532843,3.261259252601748,3.162433184581008,3.178037405014038,185200,0.0,0.0
2013-11-26 00:00:00-05:00,3.1832387297012694,3.2300511442035655,3.152030536039964,3.2092456817626953,166900,0.0,0.0
2013-11-27 00:00:00-05:00,3.1832385616038916,3.1936412922749895,3.136426397594283,3.146829128265381,221300,0.0,0.0
2013-11-29 00:00:00-05:00,3.1728358309327938,3.1728358309327938,3.1312249082484023,3.146829128265381,46700,0.0,0.0
2013-12-02 00:00:00-05:00,3.1312233391674433,3.157230276823236,3.1208206137092342,3.1260221004486084,138200,0.0,0.0
2013-12-03 00:00:00-05:00,3.120821952819824,3.146828901634914,3.120821952819824,3.120821952819824,80200,0.0,0.0
2013-12-04 00:00:00-05:00,3.141626064625653,3.1468275513650266,3.105216401511651,3.1260221004486084,147600,0.0,0.0
2013-12-05 00:00:00-05:00,3.105218224194348,3.1364266669080623,3.084412761065661,3.094815492630005,181500,0.0,0.0
2013-12-06 00:00:00-05:00,3.13122246360747,3.136423948892392,3.0688061283112207,3.0792088508605957,149100,0.0,0.0
2013-12-09 00:00:00-05:00,3.0792088508605953,3.11041701850872,3.0688061283112207,3.0792088508605957,154700,0.0,0.0
2013-12-10 00:00:00-05:00,3.0844100881250482,3.094812810674423,3.0688061283112207,3.0792088508605957,134800,0.0,0.0
2013-12-11 00:00:00-05:00,3.068807276035699,3.126022395465774,3.068807276035699,3.115619421005249,174500,0.0,0.0
2013-12-12 00:00:00-05:00,3.094813200644124,3.1208201343048647,3.089611962724276,3.1000146865844727,306700,0.0,0.0
2013-12-13 00:00:00-05:00,3.10521592450432,3.1156186483645163,3.089611962724276,3.1000146865844727,82300,0.0,0.0
2013-12-16 00:00:00-05:00,3.0844109505952324,3.141626064625653,3.0740082251370233,3.1260221004486084,206000,0.0,0.0
2013-12-17 00:00:00-05:00,3.1082333945110094,3.1919567722975906,3.103000558641674,3.1867241859436035,316600,0.036,0.0
2013-12-18 00:00:00-05:00,3.1762561970018903,3.254746675491333,3.1762561970018903,3.254746675491333,285900,0.0,0.0
2013-12-19 00:00:00-05:00,3.2652131725995375,3.3070750910688274,3.239049754260863,3.286144256591797,234100,0.0,0.0
2013-12-20 00:00:00-05:00,3.275678268682477,3.3384707611742033,3.275678268682477,3.317539930343628,283300,0.0,0.0
2013-12-23 00:00:00-05:00,3.3070769168049035,3.4169639832322196,3.3018440805391425,3.312309503555298,218500,0.0,0.0
2013-12-24 00:00:00-05:00,3.3541687595395424,3.359401592004779,3.3123070978783913,3.317539930343628,124700,0.0,0.0
2013-12-26 00:00:00-05:00,3.2861438774650327,3.3437035408785185,3.2756784614339263,3.333238124847412,161600,0.0,0.0
2013-12-27 00:00:00-05:00,3.3123077317603022,3.3227731491783747,3.26521322862136,3.2704460620880127,171700,0.0,0.0
2013-12-30 00:00:00-05:00,3.2547481409514996,3.2913772303833713,3.239050137991596,3.2442827224731445,221200,0.0,0.0
2013-12-31 00:00:00-05:00,3.2285843924157236,3.29660973039081,3.2128861415309986,3.2704460620880127,266300,0.0,0.0
2014-01-02 00:00:00-05:00,3.2547471309296725,3.2809107937640114,3.2233508852375743,3.2599799633026123,192100,0.0,0.0
2014-01-03 00:00:00-05:00,3.2547481409514996,3.270446393426661,3.2338173039947895,3.2442827224731445,118300,0.0,0.0
2014-01-06 00:00:00-05:00,3.2442823937852157,3.3018423143422297,3.2442823937852157,3.2704460620880127,104800,0.0,0.0
2014-01-07 00:00:00-05:00,3.2704474161566375,3.3123091031609886,3.2704474161566375,3.2913782596588135,128100,0.0,0.0
2014-01-08 00:00:00-05:00,3.2809119812364154,3.296610234521781,3.2652137279510502,3.26521372795105,106200,0.0,0.0
2014-01-09 00:00:00-05:00,3.2756767193752827,3.2966075403061414,3.2756767193752827,3.280909299850464,34900,0.0,0.0
2014-01-10 00:00:00-05:00,3.280911913953967,3.3541698455810542,3.275679329309665,3.3541698455810547,65600,0.0,0.0
2014-01-13 00:00:00-05:00,3.333239257306393,3.3698683506175007,3.328006672270683,3.348937511444092,87900,0.0,0.0
2014-01-14 00:00:00-05:00,3.362089329345929,3.362089329345929,3.33052044490221,3.335782051086426,80400,0.035,0.0
2014-01-15 00:00:00-05:00,3.3515677368826426,3.3831366342213376,3.3410447711030775,3.3726136684417725,118700,0.0,0.0
2014-01-16 00:00:00-05:00,3.3620897567583685,3.3989202520684536,3.330520868301391,3.3305208683013916,74600,0.0,0.0
2014-01-17 00:00:00-05:00,3.335783413656942,3.3831366342213376,3.335783413656942,3.3726136684417725,55100,0.0,0.0
2014-01-21 00:00:00-05:00,3.367351361195198,3.39365864278019,3.351566791534424,3.351566791534424,44900,0.0,0.0
2014-01-22 00:00:00-05:00,3.362091844685286,3.3726148140392547,3.3410459059773485,3.3463075160980225,42500,0.0,0.0
2014-01-23 00:00:00-05:00,3.3620913408407778,3.393660244171754,3.3568299823959524,3.3883988857269287,142900,0.0,0.0
2014-01-24 00:00:00-05:00,3.3883990114872544,3.3936603701273547,3.362091465624699,3.377876043319702,48200,0.0,0.0
2014-01-27 00:00:00-05:00,3.367352673352751,3.3726140313650554,3.3463067395288912,3.362091064453125,53300,0.0,0.0
2014-01-28 00:00:00-05:00,3.3463048924677548,3.356827853571322,3.3199973642652454,3.32525897026062,66700,0.0,0.0
2014-01-29 00:00:00-05:00,3.3199973642652454,3.34104328647238,3.304213048053486,3.32525897026062,95300,0.0,0.0
2014-01-30 00:00:00-05:00,3.319997903100099,3.3568283983837564,3.31473654713799,3.351566791534424,137300,0.0,0.0
2014-01-31 00:00:00-05:00,3.3515663678646894,3.362089329345929,3.3199974834209707,3.335782051086426,145100,0.0,0.0
2014-02-03 00:00:00-05:00,3.33052044490221,3.3673509355301445,3.3252590896051863,3.335782051086426,121800,0.0,0.0
2014-02-04 00:00:00-05:00,3.351566793939376,3.3620897567583685,3.330520868301391,3.3305208683013916,61700,0.0,0.0
2014-02-05 00:00:00-05:00,3.377874445738148,3.377874445738148,3.3252596297848127,3.3410439491271973,88500,0.0,0.0
2014-02-06 00:00:00-05:00,3.3252590896051863,3.335782051086426,3.2989515604584914,3.335782051086426,79200,0.0,0.0
2014-02-07 00:00:00-05:00,3.3199973642652454,3.3463048924677548,3.3147360091570532,3.32525897026062,65800,0.0,0.0
2014-02-10 00:00:00-05:00,3.3252595099494315,3.3568283983837564,3.3252595099494315,3.351566791534424,55700,0.0,0.0
2014-02-11 00:00:00-05:00,3.3410439491271973,3.367351482547481,3.3252596297848127,3.3410439491271973,116400,0.0,0.0
2014-02-12 00:00:00-05:00,3.33578259297548,3.3515669123178644,3.33052098593653,3.3410439491271973,65400,0.0,0.0
2014-02-13 00:00:00-05:00,3.34104316935525,3.356827735900879,3.330520208620555,3.356827735900879,68000,0.0,0.0
2014-02-14 00:00:00-05:00,3.346304657578262,3.3726119330469837,3.3410430519522185,3.3673505783081055,75700,0.0,0.0
2014-02-18 00:00:00-05:00,3.3541248314327183,3.3647056565177804,3.3329631812625937,3.3435440063476562,126700,0.035,0.0
2014-02-19 00:00:00-05:00,3.332964082253227,3.3594160259831765,3.332964082253227,3.354125738143921,109600,0.0,0.0
2014-02-20 00:00:00-05:00,3.348835198037829,3.3699968539285234,3.343544910198574,3.354125738143921,72000,0.0,0.0
2014-02-21 00:00:00-05:00,3.359415117841865,3.3752864816028425,3.3382534676717404,3.3435440063476562,68400,0.0,0.0
2014-02-24 00:00:00-05:00,3.3435454695800764,3.3541262992956167,3.3382549285888667,3.338254928588867,62300,0.0,0.0
2014-02-25 00:00:00-05:00,3.348835758304407,3.3647071290111565,3.3329646398645365,3.338254928588867,109200,0.0,0.0
2014-02-26 00:00:00-05:00,3.3435454695800764,3.3541262992956167,3.3329646398645365,3.338254928588867,55700,0.0,0.0
2014-02-27 00:00:00-05:00,3.3382541153014875,3.3594157695770264,3.3382541153014875,3.3594157695770264,86600,0.0,0.0
2014-02-28 00:00:00-05:00,3.3699979979939965,3.385869371433537,3.3541268768213786,3.3647077083587646,138400,0.0,0.0
2014-03-03 00:00:00-05:00,3.364707635503434,3.3911595876406793,3.364707635503434,3.3805787563323975,89500,0.0,0.0
2014-03-04 00:00:00-05:00,3.3805766269018234,3.3911574515452263,3.36999580225842,3.375286340713501,64100,0.0,0.0
2014-03-05 00:00:00-05:00,3.380578617528502,3.412321110150025,3.375288328225035,3.4070308208465576,128400,0.0,0.0
2014-03-06 00:00:00-05:00,3.3964487412920663,3.40702956827594,3.369996547698975,3.3699965476989746,68800,0.0,0.0
2014-03-07 00:00:00-05:00,3.3594171664566104,3.3805788295313826,3.338255503381838,3.3647077083587646,113200,0.0,0.0
2014-03-10 00:00:00-04:00,3.364705706767866,3.3858673572540283,3.354124881524785,3.3858673572540283,53500,0.0,0.0
2014-03-11 00:00:00-04:00,3.385869371433537,3.385869371433537,3.3541268768213786,3.3647077083587646,74600,0.0,0.0
2014-03-12 00:00:00-04:00,3.364705009669951,3.4440613086854475,3.354124186618999,3.4387707710266113,221600,0.0,0.0
2014-03-13 00:00:00-04:00,3.433482771897707,3.4493541443419216,3.4070308208465576,3.4070308208465576,58900,0.0,0.0
2014-03-14 00:00:00-04:00,3.412319294228345,3.4281906582263533,3.3858673572540283,3.3858673572540283,50500,0.0,0.0
2014-03-17 00:00:00-04:00,3.385868530876714,3.412320477019905,3.385868530876714,3.3911588191986084,61300,0.0,0.0
2014-03-18 00:00:00-04:00,3.387968807188059,3.403924816115187,3.3826503066204547,3.398606061935425,90400,0.034,0.0
2014-03-19 00:00:00-04:00,3.3932864032981747,3.4092421531677246,3.37201190106406,3.4092421531677246,91700,0.0,0.0
2014-03-20 00:00:00-04:00,3.387966836496358,3.387966836496358,3.3560550908164877,3.3773295879364014,90300,0.0,0.0
2014-03-21 00:00:00-04:00,3.3773315524406926,3.398606061935425,3.3773315524406926,3.398606061935425,29000,0.0,0.0
2014-03-24 00:00:00-04:00,3.4092415063644737,3.430516004562378,3.3986042572655215,3.430516004562378,54700,0.0,0.0
2014-03-25 00:00:00-04:00,3.430516878704243,3.451791382323177,3.414561127796086,3.4464728832244873,121800,0.0,0.0
2014-03-26 00:00:00-04:00,3.441152371167454,3.451789617538452,3.4305151247964556,3.451789617538452,62100,0.0,0.0
2014-03-27 00:00:00-04:00,3.44115455539396,3.4890223212528517,3.44115455539396,3.473066568374634,93800,0.0,0.0
2014-03-28 00:00:00-04:00,3.4624293152517827,3.483703821497486,3.4624293152517827,3.473066568374634,42500,0.0,0.0
2014-03-31 00:00:00-04:00,3.483701260848648,3.483701260848648,3.441152026020378,3.4571080207824707,78600,0.0,0.0
2014-04-01 00:00:00-04:00,3.4571112462562343,3.4571112462562343,3.414562225341797,3.414562225341797,118700,0.0,0.0
2014-04-02 00:00:00-04:00,3.430517826177523,3.430517826177523,3.3773315524406926,3.398606061935425,101800,0.0,0.0
2014-04-03 00:00:00-04:00,3.39860374938136,3.419878244400024,3.3773292543626963,3.4198782444000244,71900,0.0,0.0
2014-04-04 00:00:00-04:00,3.414560905532289,3.425198156649346,3.38796765093361,3.4092421531677246,77600,0.0,0.0
2014-04-07 00:00:00-04:00,3.3986043590978516,3.414560360030381,3.387967109680176,3.387967109680176,107300,0.0,0.0
2014-04-08 00:00:00-04:00,3.3826496601104736,3.3932869128247916,3.3826496601104736,3.3826496601104736,61700,0.0,0.0
2014-04-09 00:00:00-04:00,3.393285861195029,3.425197609448057,3.387967109680176,3.387967109680176,104600,0.0,0.0
2014-04-10 00:00:00-04:00,3.398604010281151,3.414560009576032,3.3932855129241943,3.3932855129241943,68300,0.0,0.0
2014-04-11 00:00:00-04:00,3.393285861195029,3.3986043590978516,3.3826486117773533,3.387967109680176,68700,0.0,0.0
2014-04-14 00:00:00-04:00,3.393287561367821,3.403924816115187,3.3826503066204547,3.398606061935425,135000,0.0,0.0
2014-04-15 00:00:00-04:00,3.4109002455325577,3.4215927124023438,3.400207778662771,3.4215927124023438,67700,0.033,0.0
2014-04-16 00:00:00-04:00,3.421594446723716,3.421594446723716,3.405555610825089,3.416248083114624,101800,0.0,0.0
2014-04-17 00:00:00-04:00,3.421594446723716,3.421594446723716,3.410901974434181,3.416248083114624,122500,0.0,0.0
2014-04-21 00:00:00-04:00,3.437631130218506,3.4429774908765576,3.4215925581013655,3.437631130218506,57900,0.0,0.0
2014-04-22 00:00:00-04:00,3.4376305718978717,3.46970796585083,3.4376305718978717,3.46970796585083,66000,0.0,0.0
2014-04-23 00:00:00-04:00,3.464361999914055,3.5017857551574703,3.464361999914055,3.5017857551574707,79100,0.0,0.0
2014-04-24 00:00:00-04:00,3.4697086394952725,3.5071324005037856,3.4643625335960655,3.4964399337768555,65000,0.0,0.0
2014-04-25 00:00:00-04:00,3.5017866807825224,3.528517723083496,3.491094212876424,3.528517723083496,79200,0.0,0.0
2014-04-28 00:00:00-04:00,3.523171207570158,3.5445561408996586,3.523171207570158,3.544556140899658,63000,0.0,0.0
2014-04-29 00:00:00-04:00,3.5392107168995928,3.5392107168995928,3.5017872011315627,3.52317214012146,55600,0.0,0.0
2014-04-30 00:00:00-04:00,3.533864927011434,3.5499035052300756,3.5231724565561384,3.5392110347747803,81200,0.0,0.0
2014-05-01 00:00:00-04:00,3.5445576482922854,3.592673641281674,3.5392112852220077,3.560596227645874,80600,0.0,0.0
2014-05-02 00:00:00-04:00,3.5712884461406675,3.5712884461406675,3.5178260938641883,3.5392110347747803,54500,0.0,0.0
2014-05-05 00:00:00-04:00,3.523172123785801,3.5766344710126594,3.517825761598825,3.5712881088256836,126800,0.0,0.0
2014-05-06 00:00:00-04:00,3.565942001567288,3.5712881088256836,3.555249532121916,3.5712881088256836,44700,0.0,0.0
2014-05-07 00:00:00-04:00,3.555249532121916,3.5766344710126594,3.555249532121916,3.5712881088256836,54500,0.0,0.0
2014-05-08 00:00:00-04:00,3.5605952916219654,3.5926726968251255,3.5605952916219654,3.5819802284240723,31800,0.0,0.0
2014-05-09 00:00:00-04:00,3.581980514206236,3.581980514206236,3.571288044952102,3.576634407043457,27200,0.0,0.0
2014-05-12 00:00:00-04:00,3.5873265900888764,3.5873265900888764,3.5552491848857164,3.5819802284240723,56500,0.0,0.0
2014-05-13 00:00:00-04:00,3.578218368121435,3.58896375862488,3.562100410461426,3.562100410461426,44500,0.033,0.0
2014-05-14 00:00:00-04:00,3.551355996066759,3.583592176437378,3.551355996066759,3.583592176437378,56700,0.0,0.0
2014-05-15 00:00:00-04:00,3.5835911914683165,3.5835911914683165,3.5459821966110985,3.562100410461426,100200,0.0,0.0
2014-05-16 00:00:00-04:00,3.5567294459522687,3.5728476682263905,3.5567294459522687,3.567474842071533,39900,0.0,0.0
2014-05-19 00:00:00-04:00,3.562102272107127,3.5728476682263905,3.562102272107127,3.567474842071533,38000,0.0,0.0
2014-05-20 00:00:00-04:00,3.572846889495849,3.583592283273069,3.56210149571863,3.5728468894958496,60300,0.0,0.0
2014-05-21 00:00:00-04:00,3.583592283273069,3.583592283273069,3.56210149571863,3.5728468894958496,150000,0.0,0.0
2014-05-22 00:00:00-04:00,3.5728476682263905,3.578220238190797,3.562102272107127,3.567474842071533,109200,0.0,0.0
2014-05-23 00:00:00-04:00,3.578219458289261,3.578219458289261,3.56210149571863,3.5728468894958496,82800,0.0,0.0
2014-05-27 00:00:00-04:00,3.5674748420715328,3.5728476682263905,3.562102272107127,3.567474842071533,78500,0.0,0.0
2014-05-28 00:00:00-04:00,3.5674738524376113,3.5997100318529367,3.5674738524376113,3.5943374633789062,74800,0.0,0.0
2014-05-29 00:00:00-04:00,3.5889667473540445,3.626575773530358,3.5889667473540445,3.6212029457092285,80400,0.0,0.0
2014-05-30 00:00:00-04:00,3.626575773530358,3.626575773530358,3.6104575462575004,3.6212029457092285,72100,0.0,0.0
2014-06-02 00:00:00-04:00,3.6265727749087024,3.6641817699881227,3.6265727749087024,3.658808946609497,76200,0.0,0.0
2014-06-03 00:00:00-04:00,3.6426919685453734,3.6534373620022462,3.583592176437378,3.583592176437378,88100,0.0,0.0
2014-06-04 00:00:00-04:00,3.5728476682263905,3.5943384604649187,3.5674748420715328,3.567474842071533,71700,0.0,0.0
2014-06-05 00:00:00-04:00,3.567472977617989,3.572845800964871,3.562100410461426,3.562100410461426,46700,0.0,0.0
2014-06-06 00:00:00-04:00,3.556728670734822,3.5889648520664807,3.556728670734822,3.5728468894958496,77900,0.0,0.0
2014-06-09 00:00:00-04:00,3.5728472989008266,3.5782198683098696,3.5567290782928467,3.5567290782928467,48000,0.0,0.0
2014-06-10 00:00:00-04:00,3.5567296575069953,3.6480656580486426,3.5567296575069953,3.6158294677734375,110600,0.0,0.0
2014-06-11 00:00:00-04:00,3.605084467212337,3.605084467212337,3.5513574775157553,3.578220844268799,103800,0.0,0.0
2014-06-12 00:00:00-04:00,3.567475054265397,3.621202038057405,3.56210248398143,3.6158294677734375,100000,0.0,0.0
2014-06-13 00:00:00-04:00,3.6104545396317707,3.6104545396317707,3.55135501995798,3.562100410461426,132700,0.0,0.0
2014-06-16 00:00:00-04:00,3.5728472989008266,3.5782198683098696,3.5567290782928467,3.5567290782928467,71900,0.0,0.0
2014-06-17 00:00:00-04:00,3.5583486455809834,3.5583486455809834,3.5151517391204834,3.5151517391204834,126600,0.033,0.0
2014-06-18 00:00:00-04:00,3.5313507545237313,3.552949209614637,3.5097522994328254,3.5475497245788574,95400,0.0,0.0
2014-06-19 00:00:00-04:00,3.5475472375878194,3.5475472375878194,3.50435010021526,3.5205490589141846,80600,0.0,0.0
2014-06-20 00:00:00-04:00,3.520552518869604,3.5313517494576656,3.4989540576934814,3.4989540576934814,86800,0.0,0.0
2014-06-23 00:00:00-04:00,3.5097509332779504,3.5313493799617577,3.4935519695281982,3.4935519695281982,149900,0.0,0.0
2014-06-24 00:00:00-04:00,3.4935524814129053,3.5313498973846436,3.4773537727634687,3.5313498973846436,154400,0.0,0.0
2014-06-25 00:00:00-04:00,3.542148846249947,3.5529480703325396,3.5097511740021687,3.5367493629455566,115800,0.0,0.0
2014-06-26 00:00:00-04:00,3.531350261228798,3.5529487133026123,3.5097518091549835,3.5529487133026123,63500,0.0,0.0
2014-06-27 00:00:00-04:00,3.5367504970334047,3.56374843716009,3.5367504970334047,3.5475497245788574,49800,0.0,0.0
2014-06-30 00:00:00-04:00,3.5637474060058594,3.569147146953142,3.54754869811165,3.5637474060058594,63400,0.0,0.0
2014-07-01 00:00:00-04:00,3.5637474060058594,3.5637474060058594,3.552948181585113,3.5637474060058594,69600,0.0,0.0
2014-07-02 00:00:00-04:00,3.5475492164546267,3.5475492164546267,3.509751796722412,3.509751796722412,37600,0.0,0.0
2014-07-03 00:00:00-04:00,3.5097511148489846,3.5097511148489846,3.4557549953460693,3.4557549953460693,97200,0.0,0.0
2014-07-07 00:00:00-04:00,3.434157891254533,3.488154031884938,3.380161750624129,3.4719550609588623,132700,0.0,0.0
2014-07-08 00:00:00-04:00,3.48815482710542,3.4989540576934814,3.466556365929297,3.4989540576934814,66600,0.0,0.0
2014-07-09 00:00:00-04:00,3.4827531666146494,3.5043516159057617,3.4611547173235375,3.5043516159057617,52900,0.0,0.0
2014-07-10 00:00:00-04:00,3.498952021452203,3.498952021452203,3.4719538319568644,3.477353572845459,54200,0.0,0.0
2014-07-11 00:00:00-04:00,3.4719558524863445,3.4989540576934814,3.4719558524863445,3.4989540576934814,20800,0.0,0.0
2014-07-14 00:00:00-04:00,3.5097519970759845,3.5151517391204834,3.493553028416361,3.5151517391204834,67400,0.0,0.0
2014-07-15 00:00:00-04:00,3.5167801482180816,3.522207143491895,3.4950716495513916,3.4950716495513916,98500,0.033,0.0
2014-07-16 00:00:00-04:00,3.4842159734946385,3.5059244632720947,3.478788721657469,3.5059244632720947,79800,0.0,0.0
2014-07-17 00:00:00-04:00,3.495072350252617,3.5167808532714844,3.495072350252617,3.5167808532714844,46900,0.0,0.0
2014-07-18 00:00:00-04:00,3.511351217698435,3.527632713317871,3.505924225015686,3.527632713317871,38900,0.0,0.0
2014-07-21 00:00:00-04:00,3.516778708160823,3.522205701212381,3.5059244632720947,3.5059244632720947,77100,0.0,0.0
2014-07-22 00:00:00-04:00,3.505924831982527,3.5113518256048306,3.48964333354434,3.500497579574585,65700,0.0,0.0
2014-07-23 00:00:00-04:00,3.5004968651532287,3.5276326040834896,3.5004968651532287,3.522205352783203,84900,0.0,0.0
2014-07-24 00:00:00-04:00,3.511353598123883,3.527635104780918,3.500499346614449,3.5167808532714844,89500,0.0,0.0
2014-07-25 00:00:00-04:00,3.505924116453515,3.5276326040834896,3.505924116453515,3.522205352783203,57000,0.0,0.0
2014-07-28 00:00:00-04:00,3.5113525390625004,3.5330612943195443,3.5113525390625004,3.5113525390625,49900,0.0,0.0
2014-07-29 00:00:00-04:00,3.522205461849528,3.5330599647862146,3.5167784691667787,3.527632713317871,76900,0.0,0.0
2014-07-30 00:00:00-04:00,3.5276340408088607,3.5276340408088607,3.5113525390625004,3.5113525390625,65000,0.0,0.0
2014-07-31 00:00:00-04:00,3.48964333354434,3.5004975795745854,3.473362093891791,3.500497579574585,135400,0.0,0.0
2014-08-01 00:00:00-04:00,3.5004991290155596,3.5222076306849774,3.4787906273461413,3.484217882156372,112600,0.0,0.0
2014-08-04 00:00:00-04:00,3.4896440627971885,3.5004983110957144,3.4570813179016113,3.4570813179016113,45200,0.0,0.0
2014-08-05 00:00:00-04:00,3.4570813179016113,3.473362819742246,3.4516543231451946,3.4570813179016113,42700,0.0,0.0
2014-08-06 00:00:00-04:00,3.457081420345352,3.484217171288627,3.457081420345352,3.473362922668457,44700,0.0,0.0
2014-08-07 00:00:00-04:00,3.4733627996304777,3.5113525390625004,3.467935546119794,3.5113525390625,48100,0.0,0.0
2014-08-08 00:00:00-04:00,3.5113518256048306,3.538487570073263,3.5004975795745854,3.500497579574585,115200,0.0,0.0
2014-08-11 00:00:00-04:00,3.527635104780918,3.527635104780918,3.5059266017620505,3.5167808532714844,33700,0.0,0.0
2014-08-12 00:00:00-04:00,3.523872166507686,3.5402367521726377,3.502052545547485,3.5020525455474854,54500,0.033,0.0
2014-08-13 00:00:00-04:00,3.5129623301963466,3.5347819509961056,3.5129623301963466,3.529326915740967,68400,0.0,0.0
2014-08-14 00:00:00-04:00,3.5293269157409672,3.545691761395985,3.5129623301963466,3.529326915740967,58100,0.0,0.0
2014-08-15 00:00:00-04:00,3.529326691267269,3.545691535881443,3.5129621067634753,3.5184168815612793,64200,0.0,0.0
2014-08-18 00:00:00-04:00,3.5075068473815922,3.5402362744049394,3.5075068473815922,3.507506847381592,61300,0.0,0.0
2014-08-19 00:00:00-04:00,3.5129623560275856,3.529326941692537,3.4911427350673843,3.5020525455474854,122800,0.0,0.0
2014-08-20 00:00:00-04:00,3.5075070718552905,3.5184168815612797,3.502052297057486,3.5184168815612793,95100,0.0,0.0
2014-08-21 00:00:00-04:00,3.5238719164694645,3.545691535881443,3.5129621067634753,3.5184168815612793,62200,0.0,0.0
2014-08-22 00:00:00-04:00,3.5184168815612797,3.5347817261754537,3.5075070718552905,3.5184168815612793,73800,0.0,0.0
2014-08-25 00:00:00-04:00,3.5293245463098084,3.5293245463098084,3.4856853340077123,3.491140365600586,190300,0.0,0.0
2014-08-26 00:00:00-04:00,3.496597510252235,3.5184171312124364,3.4911427350673843,3.5020525455474854,139700,0.0,0.0
2014-08-27 00:00:00-04:00,3.502052545547485,3.529326941692537,3.502052545547485,3.5020525455474854,86800,0.0,0.0
2014-08-28 00:00:00-04:00,3.5129623560275856,3.534781976987787,3.502052545547485,3.5020525455474854,124400,0.0,0.0
2014-08-29 00:00:00-04:00,3.5238719164694645,3.5347817261754537,3.5129621067634753,3.5184168815612793,142200,0.0,0.0
2014-09-02 00:00:00-04:00,3.5184168815612797,3.5347817261754537,3.5184168815612797,3.5184168815612793,61200,0.0,0.0
2014-09-03 00:00:00-04:00,3.5238711833953857,3.5293259570584286,3.5129613759589735,3.5238711833953857,97500,0.0,0.0
2014-09-04 00:00:00-04:00,3.512961881940665,3.53478149995623,3.5075068473815922,3.507506847381592,72400,0.0,0.0
2014-09-05 00:00:00-04:00,3.5238719164694645,3.545691535881443,3.5184168815612797,3.5184168815612793,106100,0.0,0.0
2014-09-08 00:00:00-04:00,3.54023527522852,3.545690308247995,3.534780502319336,3.534780502319336,110200,0.0,0.0
2014-09-09 00:00:00-04:00,3.529324739350078,3.5565993785858154,3.5184149356778303,3.5565993785858154,145400,0.0,0.0
2014-09-10 00:00:00-04:00,3.5456890931300884,3.567508697509765,3.5456890931300884,3.5675086975097656,127800,0.0,0.0
2014-09-11 00:00:00-04:00,3.567511810026048,3.572966845935376,3.551147222518921,3.551147222518921,53000,0.0,0.0
2014-09-12 00:00:00-04:00,3.540235764494841,3.5566006057046224,3.507506342185604,3.5238711833953857,118000,0.0,0.0
2014-09-15 00:00:00-04:00,3.5184166563893746,3.53478149995623,3.5075068473815922,3.507506847381592,56700,0.0,0.0
2014-09-16 00:00:00-04:00,3.5146337776569943,3.59139663994074,3.5146337776569943,3.563981294631958,250600,0.033,0.0
2014-09-17 00:00:00-04:00,3.553014755821154,3.580430097634724,3.547531582877609,3.558497667312622,67500,0.0,0.0
2014-09-18 00:00:00-04:00,3.553014538047541,3.5639806218104133,3.542048454284668,3.542048454284668,65700,0.0,0.0
2014-09-19 00:00:00-04:00,3.5420501763116095,3.5530162654058297,3.5201179981231685,3.520117998123169,86200,0.0,0.0
2014-09-22 00:00:00-04:00,3.5201179981231685,3.5365670010384056,3.5201179981231685,3.520117998123169,66300,0.0,0.0
2014-09-23 00:00:00-04:00,3.514636516571045,3.5310857888654565,3.514636516571045,3.514636516571045,45700,0.0,0.0
2014-09-24 00:00:00-04:00,3.5146365209775823,3.5310857932926174,3.5036704265849967,3.5091536045074463,91000,0.0,0.0
2014-09-25 00:00:00-04:00,3.5201182344162816,3.5694657693788927,3.5091521445859466,3.5256011486053467,262100,0.0,0.0
2014-09-26 00:00:00-04:00,3.531084744556708,3.553016926827998,3.5201186534210636,3.5475337505340576,58600,0.0,0.0
2014-09-29 00:00:00-04:00,3.5310844021204746,3.5804319381713867,3.5310844021204746,3.5804319381713867,69100,0.0,0.0
2014-09-30 00:00:00-04:00,3.5804314353478652,3.591397523880005,3.5584989968314127,3.591397523880005,56700,0.0,0.0
2014-10-01 00:00:00-04:00,3.5804314095197145,3.6023635864257812,3.5639821461140784,3.6023635864257812,119700,0.0,0.0
2014-10-02 00:00:00-04:00,3.591398028243566,3.5968809425535504,3.574948762409192,3.5804319381713867,50200,0.0,0.0
2014-10-03 00:00:00-04:00,3.5694661140441895,3.580432204933403,3.5639829378734675,3.5694661140441895,45200,0.0,0.0
2014-10-06 00:00:00-04:00,3.569464468274558,3.58591346629814,3.563981294631958,3.563981294631958,69500,0.0,0.0
2014-10-07 00:00:00-04:00,3.5639808402561663,3.585913009126192,3.558497667312622,3.558497667312622,61400,0.0,0.0
2014-10-08 00:00:00-04:00,3.5639829920722144,3.5968812652401514,3.5530169010162354,3.5530169010162354,123700,0.0,0.0
2014-10-09 00:00:00-04:00,3.563983017963643,3.580432285393228,3.5475337505340576,3.5475337505340576,125400,0.0,0.0
2014-10-10 00:00:00-04:00,3.5420491229657762,3.569464468274558,3.5420491229657762,3.563981294631958,47700,0.0,0.0
2014-10-13 00:00:00-04:00,3.547533670813532,3.5694661140441895,3.54205075609504,3.5694661140441895,68900,0.0,0.0
2014-10-14 00:00:00-04:00,3.576629572323467,3.5931626449522143,3.560096762478994,3.5821406841278076,59700,0.033,0.0
2014-10-15 00:00:00-04:00,3.5656075674516288,3.609695672988892,3.5545856067633808,3.6096956729888916,180700,0.0,0.0
2014-10-16 00:00:00-04:00,3.6041843465045194,3.6372502265990994,3.593162386472993,3.631739377975464,111500,0.0,0.0
2014-10-17 00:00:00-04:00,3.6262267665684544,3.6427598311689224,3.6152048110961914,3.6152048110961914,54000,0.0,0.0
2014-10-20 00:00:00-04:00,3.604184216221812,3.62622813548803,3.604184216221812,3.6207172870635986,67700,0.0,0.0
2014-10-21 00:00:00-04:00,3.6152066099814464,3.6317396828085813,3.598673799938589,3.6262285709381104,145000,0.0,0.0
2014-10-22 00:00:00-04:00,3.6152066099814464,3.6317396828085813,3.598673799938589,3.6262285709381104,79800,0.0,0.0
2014-10-23 00:00:00-04:00,3.6152086439723594,3.6648076275748975,3.6096977917856474,3.6592965126037598,81600,0.0,0.0
2014-10-24 00:00:00-04:00,3.648272186630626,3.648272186630626,3.631739377975464,3.631739377975464,45000,0.0,0.0
2014-10-27 00:00:00-04:00,3.626228396853896,3.653783429314862,3.626228396853896,3.642761468887329,137400,0.0,0.0
2014-10-28 00:00:00-04:00,3.6482720547542478,3.6482720547542478,3.6207172870635986,3.6207172870635986,181500,0.0,0.0
2014-10-29 00:00:00-04:00,3.6262275898076575,3.642760658161522,3.6041836738586426,3.6041836738586426,44000,0.0,0.0
2014-10-30 00:00:00-04:00,3.609695672988892,3.642761555053636,3.609695672988892,3.6096956729888916,51300,0.0,0.0
2014-10-31 00:00:00-04:00,3.6262271501877383,3.6372491068260167,3.598672389984131,3.598672389984131,99100,0.0,0.0
2014-11-03 00:00:00-05:00,3.6262271501877383,3.631738259898965,3.598672389984131,3.598672389984131,88500,0.0,0.0
2014-11-04 00:00:00-05:00,3.604184216221812,3.62622813548803,3.598673367797381,3.6207172870635986,52900,0.0,0.0
2014-11-05 00:00:00-05:00,3.620717548032262,3.6427614688873287,3.615206436426363,3.642761468887329,90400,0.0,0.0
2014-11-06 00:00:00-05:00,3.6372502265990994,3.648272186630626,3.631739377975464,3.631739377975464,52600,0.0,0.0
2014-11-07 00:00:00-05:00,3.626228462803409,3.6482723840593843,3.626228462803409,3.6372504234313965,63100,0.0,0.0
2014-11-10 00:00:00-05:00,3.6372503572814296,3.648272317708963,3.6317395084597957,3.642761468887329,69700,0.0,0.0
2014-11-11 00:00:00-05:00,3.6372515041147957,3.664806545263926,3.6372515041147957,3.648273468017578,68700,0.0,0.0
2014-11-12 00:00:00-05:00,3.637249063136804,3.664804085793606,3.6317382162759464,3.6537821292877197,70900,0.0,0.0
2014-11-13 00:00:00-05:00,3.664804085793606,3.664804085793606,3.6537821292877193,3.6537821292877197,41600,0.0,0.0
2014-11-14 00:00:00-05:00,3.653783429314862,3.664805389742395,3.626228396853896,3.642761468887329,142900,0.0,0.0
2014-11-17 00:00:00-05:00,3.6537831659629254,3.6537831659629254,3.615206175854921,3.6207172870635986,96800,0.0,0.0
2014-11-18 00:00:00-05:00,3.6279165188693314,3.6445327820202555,3.6112999916076665,3.611299991607666,86100,0.033,0.0
2014-11-19 00:00:00-05:00,3.6168406340101917,3.6334569050260304,3.605763031962677,3.6223793029785156,112000,0.0,0.0
2014-11-20 00:00:00-05:00,3.6389958381052208,3.6556121091210594,3.605763031962677,3.6223793029785156,103200,0.0,0.0
2014-11-21 00:00:00-05:00,3.6389954654847334,3.6389954654847334,3.5836071968078613,3.5836071968078613,95900,0.0,0.0
2014-11-24 00:00:00-05:00,3.6002237302330906,3.622378932059504,3.578068528406677,3.5836071968078613,87900,0.0,0.0
2014-11-25 00:00:00-05:00,3.605762226094036,3.616839825665766,3.594684362411499,3.594684362411499,133500,0.0,0.0
2014-11-26 00:00:00-05:00,3.6113008938244975,3.6223784933962277,3.578068095109307,3.594684362411499,113100,0.0,0.0
2014-11-28 00:00:00-05:00,3.6113013391128366,3.6113013391128366,3.5780685362999045,3.589146137237549,68200,0.0,0.0
2014-12-01 00:00:00-05:00,3.6002237381751927,3.616840271637078,3.589146137237549,3.589146137237549,102200,0.0,0.0
2014-12-02 00:00:00-05:00,3.6002243033157413,3.616840839385986,3.5836077672454962,3.6168408393859863,105400,0.0,0.0
2014-12-03 00:00:00-05:00,3.622379186805586,3.6556119918823238,3.622379186805586,3.655611991882324,73000,0.0,0.0
2014-12-04 00:00:00-05:00,3.650073208139732,3.688844680786133,3.6445342754126178,3.688844680786133,93600,0.0,0.0
2014-12-05 00:00:00-05:00,3.6666886895425783,3.6888438874646465,3.6500724231564234,3.672227621078491,82300,0.0,0.0
2014-12-08 00:00:00-05:00,3.6722295224011723,3.6777681926939785,3.627919103615005,3.6666905879974365,127600,0.0,0.0
2014-12-09 00:00:00-05:00,3.655612713572702,3.6666903174518866,3.633457505814333,3.661151647567749,71900,0.0,0.0
2014-12-10 00:00:00-05:00,3.6666886895425783,3.6833052200395255,3.6500724231564234,3.672227621078491,96700,0.0,0.0
2014-12-11 00:00:00-05:00,3.6777681926939785,3.6777681926939785,3.6389967083115464,3.6666905879974365,47900,0.0,0.0
2014-12-12 00:00:00-05:00,3.6556110905815444,3.6722276210784917,3.638994824195389,3.672227621078491,32700,0.0,0.0
2014-12-15 00:00:00-05:00,3.666690587997437,3.6888457973905204,3.644535378604353,3.6666905879974365,106400,0.0,0.0
2014-12-16 00:00:00-05:00,3.668360564084494,3.6794936656951904,3.6293945757300174,3.6794936656951904,77200,0.033,0.0
2014-12-17 00:00:00-05:00,3.673927606014701,3.701760497484575,3.607128985007954,3.668361186981201,133100,0.0,0.0
2014-12-18 00:00:00-05:00,3.662794502513577,3.6683611869812016,3.6293951920102034,3.668361186981201,95800,0.0,0.0
2014-12-19 00:00:00-05:00,3.6683578121244134,3.6906239986419673,3.6572247188656366,3.6906239986419678,53800,0.0,0.0
2014-12-22 00:00:00-05:00,3.6794951224322157,3.696194648742676,3.673928436705939,3.696194648742676,44900,0.0,0.0
2014-12-23 00:00:00-05:00,3.6850588398790802,3.696191937731761,3.640526448468359,3.6460931301116943,182400,0.0,0.0
2014-12-24 00:00:00-05:00,3.6516613990124522,3.673927606014701,3.6516613990124522,3.668361186981201,45900,0.0,0.0
2014-12-26 00:00:00-05:00,3.673927606014701,3.679494290482326,3.6516613990124522,3.668361186981201,56200,0.0,0.0
2014-12-29 00:00:00-05:00,3.662793880562106,3.690626767305887,3.646094360863102,3.6794936656951904,99300,0.0,0.0
2014-12-30 00:00:00-05:00,3.679493844321516,3.6906269464726846,3.64609453786801,3.6850602626800537,98400,0.0,0.0
2014-12-31 00:00:00-05:00,3.690628228450584,3.7128944404873203,3.6794951224322157,3.696194648742676,94400,0.0,0.0
2015-01-02 00:00:00-05:00,3.690628228450584,3.7240275465056887,3.6850615427243074,3.696194648742676,86600,0.0,0.0
2015-01-05 00:00:00-05:00,3.701759868916583,3.707326287004891,3.6739269821728024,3.6794936656951904,85800,0.0,0.0
2015-01-06 00:00:00-05:00,3.6850595905531893,3.718458890914917,3.6850595905531893,3.718458890914917,66100,0.0,0.0
2015-01-07 00:00:00-05:00,3.7073257556694332,3.729591955699625,3.7017593383789062,3.7017593383789062,94000,0.0,0.0
2015-01-08 00:00:00-05:00,3.7017593734510754,3.718458890914917,3.6906262733304995,3.718458890914917,87000,0.0,0.0
2015-01-09 00:00:00-05:00,3.7128924735716513,3.724025573692227,3.707325790794341,3.718458890914917,60800,0.0,0.0
2015-01-12 00:00:00-05:00,3.718458890914917,3.729591991035493,3.707325790794341,3.718458890914917,59300,0.0,0.0
2015-01-13 00:00:00-05:00,3.730765337866696,3.7475452423095703,3.713985166712049,3.7475452423095703,78300,0.032,0.0
2015-01-14 00:00:00-05:00,3.747544856455004,3.7587315471690403,3.736358165740967,3.736358165740967,67900,0.0,0.0
2015-01-15 00:00:00-05:00,3.7475452423095703,3.769918626041251,3.7419520297325364,3.7475452423095703,85200,0.0,0.0
2015-01-16 00:00:00-05:00,3.764323253284066,3.764323253284066,3.7307631969451904,3.7307631969451904,89700,0.0,0.0
2015-01-20 00:00:00-05:00,3.7307638509761603,3.7475437487314305,3.725170373916626,3.725170373916626,96200,0.0,0.0
2015-01-21 00:00:00-05:00,3.736356710354524,3.7643235596018356,3.730763500532046,3.7531368732452393,70100,0.0,0.0
2015-01-22 00:00:00-05:00,3.7531362427353407,3.764322927212625,3.7419495582580566,3.7419495582580566,94900,0.0,0.0
2015-01-23 00:00:00-05:00,3.747542926101662,3.775509771836949,3.741949716981569,3.769916296005249,139800,0.0,0.0
2015-01-26 00:00:00-05:00,3.769916769424313,3.775510245958432,3.753136873245239,3.7531368732452393,85700,0.0,0.0
2015-01-27 00:00:00-05:00,3.7643236245770217,3.775510311126709,3.7531369380273345,3.775510311126709,102100,0.0,0.0
2015-01-28 00:00:00-05:00,3.7755108222804887,3.8146643638610844,3.7755108222804887,3.814664363861084,179100,0.0,0.0
2015-01-29 00:00:00-05:00,3.7866959444817554,3.825849469871705,3.7866959444817554,3.820255994796753,90200,0.0,0.0
2015-01-30 00:00:00-05:00,3.8258535378111724,3.8594136238098145,3.8258535378111724,3.8594136238098145,124100,0.0,0.0
2015-02-02 00:00:00-05:00,3.853817822709608,3.90415805475764,3.853817822709608,3.898564577102661,127400,0.0,0.0
2015-02-03 00:00:00-05:00,3.892972171438969,3.9209390320755517,3.8761920017146703,3.887378692626953,242500,0.0,0.0
2015-02-04 00:00:00-05:00,3.876192369623374,3.887379061597442,3.8426322937011714,3.842632293701172,162100,0.0,0.0
2015-02-05 00:00:00-05:00,3.8538173753528913,3.865004062652588,3.842630688053195,3.865004062652588,109300,0.0,0.0
2015-02-06 00:00:00-05:00,3.859409520186702,3.8873760954267476,3.80347610299504,3.820255994796753,121400,0.0,0.0
2015-02-09 00:00:00-05:00,3.8034769869645366,3.8314435687043202,3.7811036148880564,3.7978835105895996,58700,0.0,0.0
2015-02-10 00:00:00-05:00,3.797887379980606,3.8090740774161578,3.7587338056002215,3.76432728767395,72500,0.0,0.0
2015-02-11 00:00:00-05:00,3.7587338056002215,3.7811074671832303,3.7587338056002215,3.76432728767395,29000,0.0,0.0
2015-02-12 00:00:00-05:00,3.758730147946355,3.7866969976763967,3.758730147946355,3.775510311126709,31800,0.0,0.0
2015-02-13 00:00:00-05:00,3.769916748062522,3.792290387360578,3.769916748062522,3.7866969108581543,47300,0.0,0.0
2015-02-17 00:00:00-05:00,3.782199882312151,3.782199882312151,3.6922813975666857,3.7147610187530518,87000,0.032,0.0
2015-02-18 00:00:00-05:00,3.6810443192452236,3.7372434139251705,3.6810443192452236,3.737243413925171,97400,0.0,0.0
2015-02-19 00:00:00-05:00,3.7484821690977546,3.782201616336646,3.7484821690977546,3.7653417587280273,74600,0.0,0.0
2015-02-20 00:00:00-05:00,3.7653428272759335,3.7822026896691283,3.731623370467965,3.737243413925171,67000,0.0,0.0
2015-02-23 00:00:00-05:00,3.754103008339944,3.770962870733139,3.7372434139251705,3.737243413925171,30100,0.0,0.0
2015-02-24 00:00:00-05:00,3.7597229886906325,3.7597229886906325,3.731623307833098,3.754102945327759,92700,0.0,0.0
2015-02-25 00:00:00-05:00,3.759722471237183,3.7765820630485716,3.759722471237183,3.7597224712371826,62900,0.0,0.0
2015-02-26 00:00:00-05:00,3.7484826540367973,3.7653422458481858,3.742862611447414,3.7597224712371826,76500,0.0,0.0
2015-02-27 00:00:00-05:00,3.770961275863466,3.776581048965454,3.759721461681182,3.776581048965454,48700,0.0,0.0
2015-03-02 00:00:00-05:00,3.7653407674175736,3.7765805802047376,3.7653407674175736,3.770960807800293,40900,0.0,0.0
2015-03-03 00:00:00-05:00,3.776581048965454,3.78220109004575,3.76534123478317,3.776581048965454,33500,0.0,0.0
2015-03-04 00:00:00-05:00,3.7709612289654437,3.787820816040039,3.7709612289654437,3.787820816040039,31900,0.0,0.0
2015-03-05 00:00:00-05:00,3.7934430179243304,3.7934430179243304,3.770963377034166,3.782203197479248,38900,0.0,0.0
2015-03-06 00:00:00-05:00,3.7653395065835804,3.7765793156070644,3.7260003089904785,3.7260003089904785,141700,0.0,0.0
2015-03-09 00:00:00-04:00,3.7203832972190196,3.793442249298096,3.7035237039567117,3.7934422492980957,63200,0.0,0.0
2015-03-10 00:00:00-04:00,3.7878207311859966,3.821540440536415,3.7709611444890863,3.804680585861206,58700,0.0,0.0
2015-03-11 00:00:00-04:00,3.79906094530833,3.79906094530833,3.776581048965454,3.776581048965454,33400,0.0,0.0
2015-03-12 00:00:00-04:00,3.7765825828224195,3.7878224015697497,3.754102945327759,3.754102945327759,48900,0.0,0.0
2015-03-13 00:00:00-04:00,3.7541020012967112,3.770961859167225,3.7316223694549255,3.7484822273254395,38200,0.0,0.0
2015-03-16 00:00:00-04:00,3.7484822273254395,3.7484822273254395,3.7316223694549255,3.7484822273254395,50000,0.0,0.0
2015-03-17 00:00:00-04:00,3.7501750967608882,3.7501750967608882,3.7219359874725346,3.721935987472534,80200,0.033,0.0
2015-03-18 00:00:00-04:00,3.738880441612309,3.772767543792725,3.716289040158698,3.7727675437927246,56000,0.0,0.0
2015-03-19 00:00:00-04:00,3.7558230802049635,3.7727664919158412,3.7162880040284594,3.721935987472534,49800,0.0,0.0
2015-03-20 00:00:00-04:00,3.7332311278859445,3.767118215560913,3.721935431994288,3.767118215560913,90400,0.0,0.0
2015-03-23 00:00:00-04:00,3.767118215560913,3.772765928851425,3.744526823777601,3.767118215560913,45900,0.0,0.0
2015-03-24 00:00:00-04:00,3.767118735619263,3.7840621471405025,3.7332316432661123,3.784062147140503,39700,0.0,0.0
2015-03-25 00:00:00-04:00,3.77276720965988,3.7784151941784465,3.7445280949992212,3.7614715099334717,59100,0.0,0.0
2015-03-26 00:00:00-04:00,3.7614717970666214,3.7671197820163287,3.73323268025032,3.7388803958892822,61600,0.0,0.0
2015-03-27 00:00:00-04:00,3.7388805911512164,3.7784156799316406,3.7388805911512164,3.7784156799316406,51000,0.0,0.0
2015-03-30 00:00:00-04:00,3.7784144330703127,3.7840621471405025,3.7501750547873525,3.784062147140503,43800,0.0,0.0
2015-03-31 00:00:00-04:00,3.778415487605647,3.812302589416504,3.7671197870020277,3.812302589416504,110900,0.0,0.0
2015-04-01 00:00:00-04:00,3.812300000213191,3.8235956931451036,3.7784129214174524,3.7897086143493652,80700,0.0,0.0
2015-04-02 00:00:00-04:00,3.784062965712717,3.7897109503153548,3.755823850631714,3.755823850631714,52600,0.0,0.0
2015-04-06 00:00:00-04:00,3.7614702329597685,3.784061624743081,3.750174537068112,3.767118215560913,54700,0.0,0.0
2015-04-07 00:00:00-04:00,3.772765928851425,3.784061624743081,3.7614702329597685,3.767118215560913,43100,0.0,0.0
2015-04-08 00:00:00-04:00,3.778414864245622,3.8066539764404297,3.778414864245622,3.8066539764404297,56100,0.0,0.0
2015-04-09 00:00:00-04:00,3.806653542042603,3.806653542042603,3.7840621471405025,3.784062147140503,31900,0.0,0.0
2015-04-10 00:00:00-04:00,3.7953573206347375,3.801005303235882,3.767118215560913,3.767118215560913,66800,0.0,0.0
2015-04-13 00:00:00-04:00,3.7784152504208075,3.7784152504208075,3.755823850631714,3.755823850631714,68400,0.0,0.0
2015-04-14 00:00:00-04:00,3.7688793972842225,3.819963693618775,3.7688793972842225,3.8199636936187744,125400,0.033,0.0
2015-04-15 00:00:00-04:00,3.8142861425768317,3.831314325332641,3.808610262094084,3.8313143253326416,79200,0.0,0.0
2015-04-16 00:00:00-04:00,3.8256382046665482,3.842666387557984,3.819962324138593,3.8426663875579834,43500,0.0,0.0
2015-04-17 00:00:00-04:00,3.8313153342403776,3.854019403457642,3.8199632996317456,3.8540194034576416,37600,0.0,0.0
2015-04-20 00:00:00-04:00,3.8483438224532445,3.859695857949702,3.825639480806455,3.836991786956787,47200,0.0,0.0
2015-04-21 00:00:00-04:00,3.831315729398244,3.831315729398244,3.8086116578393057,3.8199636936187744,37900,0.0,0.0
2015-04-22 00:00:00-04:00,3.825636604962779,3.8313127537710168,3.7859046459198,3.7859046459198,42900,0.0,0.0
2015-04-23 00:00:00-04:00,3.785908959781656,3.8029368843015305,3.774556919883746,3.7972609996795654,46100,0.0,0.0
2015-04-24 00:00:00-04:00,3.7915811203924736,3.80860929884161,3.780229091644287,3.780229091644287,35500,0.0,0.0
2015-04-27 00:00:00-04:00,3.791582883594171,3.819963103989162,3.774554967880249,3.774554967880249,77300,0.0,0.0
2015-04-28 00:00:00-04:00,3.7802328045057108,3.8029368843015305,3.7802328045057108,3.7972609996795654,52300,0.0,0.0
2015-04-29 00:00:00-04:00,3.7859074708312237,3.8142874240875244,3.7745554353979283,3.8142874240875244,61300,0.0,0.0
2015-04-30 00:00:00-04:00,3.814284648630151,3.814284648630151,3.79725674319747,3.8086087703704834,43800,0.0,0.0
2015-05-01 00:00:00-04:00,3.814284648630151,3.814284648630151,3.791580594284125,3.8086087703704834,91400,0.0,0.0
2015-05-04 00:00:00-04:00,3.7915811203924736,3.7972572700934237,3.780229091644287,3.780229091644287,46300,0.0,0.0
2015-05-05 00:00:00-04:00,3.7745525482191753,3.7859045749692344,3.7518484947190567,3.763200521469116,67700,0.0,0.0
2015-05-06 00:00:00-04:00,3.7518509366263384,3.757526818368705,3.7348227500915527,3.7348227500915527,96200,0.0,0.0
2015-05-07 00:00:00-04:00,3.7291460343487217,3.751850097548251,3.717794002748957,3.7404980659484863,55700,0.0,0.0
2015-05-08 00:00:00-04:00,3.751851732530133,3.768879652023315,3.751851732530133,3.7688796520233154,28900,0.0,0.0
2015-05-11 00:00:00-04:00,3.757526963810206,3.7745551510040967,3.7291470126921924,3.7518510818481445,65600,0.0,0.0
2015-05-12 00:00:00-04:00,3.7421513966688025,3.7535603840484257,3.7136290642256014,3.7250380516052246,44800,0.033,0.0
2015-05-13 00:00:00-04:00,3.7364470389848483,3.7649693714280494,3.7193334219095555,3.7250380516052246,59600,0.0,0.0
2015-05-14 00:00:00-04:00,3.7193340625272695,3.759265661239624,3.7136297038607977,3.759265661239624,48200,0.0,0.0
2015-05-15 00:00:00-04:00,3.7592669044804508,3.770675897598267,3.7478579113626345,3.7706758975982666,65700,0.0,0.0
2015-05-18 00:00:00-04:00,3.7649693714280494,3.7649693714280494,3.7193334219095555,3.7250380516052246,39600,0.0,0.0
2015-05-19 00:00:00-04:00,3.7079277104639017,3.725041342658996,3.6565870858905756,3.713632345199585,110500,0.0,0.0
2015-05-20 00:00:00-04:00,3.696516460064615,3.7193344410764135,3.6851074695587163,3.685107469558716,38400,0.0,0.0
2015-05-21 00:00:00-04:00,3.707926980872731,3.725040609700458,3.702222347259522,3.7022223472595215,43000,0.0,0.0
2015-05-22 00:00:00-04:00,3.7079261612094068,3.719335153901885,3.6679945507798117,3.67940354347229,130400,0.0,0.0
2015-05-26 00:00:00-04:00,3.679403978400473,3.707926599509139,3.6736996173858643,3.6736996173858643,59200,0.0,0.0
2015-05-27 00:00:00-04:00,3.673698479052817,3.713630081829359,3.6622894885469175,3.685107469558716,84400,0.0,0.0
2015-05-28 00:00:00-04:00,3.6794043568304877,3.7136316144859407,3.6794043568304877,3.7022223472595215,76900,0.0,0.0
2015-05-29 00:00:00-04:00,3.7079254505705146,3.713630081829359,3.6794028382998714,3.685107469558716,98300,0.0,0.0
2015-06-01 00:00:00-04:00,3.6908125361647683,3.6908125361647683,3.673699183131972,3.67940354347229,93900,0.0,0.0
2015-06-02 00:00:00-04:00,3.673697653714223,3.6965156295996997,3.6622886657714844,3.6622886657714844,129900,0.0,0.0
2015-06-03 00:00:00-04:00,3.667995362511531,3.679404357728833,3.6508820056915283,3.6508820056915283,108200,0.0,0.0
2015-06-04 00:00:00-04:00,3.6508816293036808,3.6736996173858643,3.6394726352625892,3.6736996173858643,87200,0.0,0.0
2015-06-05 00:00:00-04:00,3.656585693359375,3.662290325922573,3.650881332808029,3.656585693359375,155400,0.0,0.0
2015-06-08 00:00:00-04:00,3.650881332808029,3.679403679588462,3.622358714015744,3.656585693359375,231900,0.0,0.0
2015-06-09 00:00:00-04:00,3.6394731001408416,3.679404448379248,3.6394731001408416,3.6679954528808594,155100,0.0,0.0
2015-06-10 00:00:00-04:00,3.6679948325045912,3.6736994652949027,3.639472484588623,3.639472484588623,120300,0.0,0.0
2015-06-11 00:00:00-04:00,3.645176996277198,3.6736996173858643,3.645176996277198,3.6736996173858643,94400,0.0,0.0
2015-06-12 00:00:00-04:00,3.667995452880859,3.6908134438776368,3.6565864573824705,3.6679954528808594,78900,0.0,0.0
2015-06-15 00:00:00-04:00,3.6794013468358324,3.7250375623723473,3.6679923609546234,3.7193329334259033,73700,0.0,0.0
2015-06-16 00:00:00-04:00,3.726787536906055,3.749721592184606,3.6923864539882287,3.7095868587493896,75100,0.033,0.0
2015-06-17 00:00:00-04:00,3.7095868587493896,3.7153205092667796,3.6809194263489533,3.7095868587493896,56900,0.0,0.0
2015-06-18 00:00:00-04:00,3.7095883127515386,3.7325226504148867,3.7095883127515386,3.7267889976501465,50500,0.0,0.0
2015-06-19 00:00:00-04:00,3.726788997650147,3.7325226504148867,3.7095883127515386,3.7267889976501465,35900,0.0,0.0
2015-06-22 00:00:00-04:00,3.715321439771058,3.7382555007934566,3.715321439771058,3.738255500793457,101500,0.0,0.0
2015-06-23 00:00:00-04:00,3.726789311230357,3.7554570306749984,3.7153222781316275,3.732522964477539,104900,0.0,0.0
2015-06-24 00:00:00-04:00,3.7325232360568785,3.7439902699899528,3.692388480593293,3.703855514526367,67900,0.0,0.0
2015-06-25 00:00:00-04:00,3.7038543834549977,3.721054792404175,3.6923873530236895,3.721054792404175,32900,0.0,0.0
2015-06-26 00:00:00-04:00,3.715321413886306,3.732522096231054,3.675186670678942,3.721054792404175,95200,0.0,0.0
2015-06-29 00:00:00-04:00,3.7210546540344573,3.7210546540344573,3.686653564019758,3.698120594024658,62200,0.0,0.0
2015-06-30 00:00:00-04:00,3.715319403962886,3.7497204766464263,3.680918331279345,3.6866517066955566,62000,0.0,0.0
2015-07-01 00:00:00-04:00,3.698118730923404,3.715319403962886,3.663717658239863,3.6866517066955566,90300,0.0,0.0
2015-07-02 00:00:00-04:00,3.686654142705733,3.7038548271108165,3.669453731696253,3.675187110900879,53500,0.0,0.0
2015-07-06 00:00:00-04:00,3.6923875466618012,3.6923875466618012,3.646519422531128,3.646519422531128,98200,0.0,0.0
2015-07-07 00:00:00-04:00,3.657985371070403,3.7095868587493896,3.657985371070403,3.7095868587493896,40500,0.0,0.0
2015-07-08 00:00:00-04:00,3.698121198532028,3.7153218830488397,3.675187134773349,3.692387819290161,70600,0.0,0.0
2015-07-09 00:00:00-04:00,3.698118730923404,3.698118730923404,3.680918331279345,3.6866517066955566,53500,0.0,0.0
2015-07-10 00:00:00-04:00,3.692387215719988,3.6981205940246578,3.6809201857150886,3.698120594024658,32700,0.0,0.0
2015-07-13 00:00:00-04:00,3.692387819290161,3.7095882304113674,3.669453755531482,3.692387819290161,45900,0.0,0.0
2015-07-14 00:00:00-04:00,3.682589402105167,3.688352584838867,3.648011130114001,3.688352584838867,67700,0.033,0.0
2015-07-15 00:00:00-04:00,3.676828051086038,3.682590961456299,3.6653019555417226,3.682590961456299,65600,0.0,0.0
2015-07-16 00:00:00-04:00,3.676828051086038,3.682590961456299,3.6595387703676674,3.682590961456299,56500,0.0,0.0
2015-07-17 00:00:00-04:00,3.676829463752652,3.6825923763370687,3.653777263807185,3.6595401763916016,101800,0.0,0.0
2015-07-20 00:00:00-04:00,3.6537760503415933,3.659538961012074,3.6364867687225337,3.636486768722534,56700,0.0,0.0
2015-07-21 00:00:00-04:00,3.63648593748191,3.653775215148926,3.63648593748191,3.653775215148926,60600,0.0,0.0
2015-07-22 00:00:00-04:00,3.64224945008479,3.6480123599576446,3.607671166436349,3.613434076309204,453100,0.0,0.0
2015-07-23 00:00:00-04:00,3.624958845876769,3.630722028446857,3.601906665203759,3.6191959381103516,196000,0.0,0.0
2015-07-24 00:00:00-04:00,3.6134335294929367,3.6653010845184326,3.6134335294929367,3.6653010845184326,98500,0.0,0.0
2015-07-27 00:00:00-04:00,3.659536254543959,3.676825523376465,3.653773348135527,3.676825523376465,56400,0.0,0.0
2015-07-28 00:00:00-04:00,3.6768263319517835,3.6768263319517835,3.6480109691619873,3.6480109691619873,124900,0.0,0.0
2015-07-29 00:00:00-04:00,3.653774991713181,3.6710639935191938,3.653774991713181,3.6653010845184326,72800,0.0,0.0
2015-07-30 00:00:00-04:00,3.64224889890793,3.682590086324445,3.64224889890793,3.6653010845184326,111100,0.0,0.0
2015-07-31 00:00:00-04:00,3.676826494175145,3.688352584838867,3.665300403511423,3.688352584838867,115900,0.0,0.0
2015-08-03 00:00:00-04:00,3.6768266559953537,3.705641746520996,3.6768266559953537,3.705641746520996,140800,0.0,0.0
2015-08-04 00:00:00-04:00,3.7056431525449303,3.7056431525449303,3.676828051086038,3.682590961456299,71400,0.0,0.0
2015-08-05 00:00:00-04:00,3.68259005602688,3.688353239783955,3.6249595924747626,3.6422488689422607,213300,0.0,0.0
2015-08-06 00:00:00-04:00,3.636485685185186,3.659537870606033,3.6307227762318375,3.6422488689422607,57500,0.0,0.0
2015-08-07 00:00:00-04:00,3.6422481187833617,3.653774209119867,3.6191959381103516,3.6191959381103516,138000,0.0,0.0
2015-08-10 00:00:00-04:00,3.6134335294929367,3.6653010845184326,3.6019074366876853,3.6653010845184326,126500,0.0,0.0
2015-08-11 00:00:00-04:00,3.6480115096993186,3.6998790604848635,3.6480115096993186,3.6941158771514893,83900,0.0,0.0
2015-08-12 00:00:00-04:00,3.688352968621821,3.7114051523479064,3.688352968621821,3.6941158771514893,78400,0.0,0.0
2015-08-13 00:00:00-04:00,3.676825523376465,3.699877698617403,3.676825523376465,3.676825523376465,70200,0.0,0.0
2015-08-14 00:00:00-04:00,3.688354146630354,3.6941170570006143,3.671064865911983,3.682590961456299,108200,0.0,0.0
2015-08-17 00:00:00-04:00,3.6825901457904764,3.711405515670777,3.6768272366966563,3.7114055156707764,80500,0.0,0.0
2015-08-18 00:00:00-04:00,3.7247299834019874,3.7247299834019874,3.6668026656623063,3.6899735927581787,62100,0.033,0.0
2015-08-19 00:00:00-04:00,3.6668007267769047,3.6783861841988266,3.6668007267769047,3.672593593597412,89500,0.0,0.0
2015-08-20 00:00:00-04:00,3.6725954796607656,3.6841809430324086,3.6436316831220417,3.6494245529174805,234800,0.0,0.0
2015-08-21 00:00:00-04:00,3.6725947728178823,3.6783873652792196,3.649423850534169,3.6610093116760254,80800,0.0,0.0
2015-08-24 00:00:00-04:00,3.6725950004692045,3.6725950004692045,3.6320457458496094,3.6320457458496094,133100,0.0,0.0
2015-08-25 00:00:00-04:00,3.5972914694387454,3.655218812702783,3.5972914694387454,3.637840747833252,147800,0.0,0.0
2015-08-26 00:00:00-04:00,3.6378381509450795,3.6494236113275504,3.6088743618793195,3.6436307430267334,185200,0.0,0.0
2015-08-27 00:00:00-04:00,3.626251763909725,3.672593593597412,3.6204588970892173,3.672593593597412,126300,0.0,0.0
2015-08-28 00:00:00-04:00,3.6552171464936842,3.661010016289123,3.632046219750399,3.6494245529174805,68100,0.0,0.0
2015-08-31 00:00:00-04:00,3.6552180863298753,3.6610109576147876,3.6262545585632324,3.6262545585632324,40400,0.0,0.0
2015-09-01 00:00:00-04:00,3.637840747833252,3.64942621648606,3.6262552791804445,3.637840747833252,58700,0.0,0.0
2015-09-02 00:00:00-04:00,3.637840024913751,3.637840024913751,3.62046168727832,3.6262545585632324,47000,0.0,0.0
2015-09-03 00:00:00-04:00,3.6262512849101367,3.661007652584856,3.6262512849101367,3.655214786529541,51000,0.0,0.0
2015-09-04 00:00:00-04:00,3.6494246084500213,3.695766462641766,3.6320462750184976,3.6899735927581787,53900,0.0,0.0
2015-09-08 00:00:00-04:00,3.684180019867799,3.684180019867799,3.666801691055298,3.666801691055298,51000,0.0,0.0
2015-09-09 00:00:00-04:00,3.666801691055298,3.684180019867799,3.661009098930575,3.666801691055298,43200,0.0,0.0
2015-09-10 00:00:00-04:00,3.6610100480162373,3.684180974960327,3.649424584544193,3.684180974960327,38500,0.0,0.0
2015-09-11 00:00:00-04:00,3.661007652584856,3.6841785643680023,3.649422196693283,3.655214786529541,68900,0.0,0.0
2015-09-14 00:00:00-04:00,3.649423850534169,3.6668019041373627,3.6320455207117934,3.6610093116760254,64500,0.0,0.0
2015-09-15 00:00:00-04:00,3.6685782838047696,3.6685782838047696,3.616169935340174,3.651108741760254,125000,0.033,0.0
2015-09-16 00:00:00-04:00,3.645288132243586,3.6685806851032976,3.639464855194092,3.639464855194092,77800,0.0,0.0
2015-09-17 00:00:00-04:00,3.6452875063762535,3.70934187690826,3.63946423032657,3.6685800552368164,96800,0.0,0.0
2015-09-18 00:00:00-04:00,3.662758088429959,3.715166480934005,3.662758088429959,3.6976969242095947,84500,0.0,0.0
2015-09-21 00:00:00-04:00,3.6976963174330972,3.70351959460872,3.680227041244507,3.680227041244507,103900,0.0,0.0
2015-09-22 00:00:00-04:00,3.674401760521546,3.7035175751853524,3.6685787641901775,3.6860480308532715,52800,0.0,0.0
2015-09-23 00:00:00-04:00,3.6860480308532715,3.7035175751853524,3.6802250345219023,3.6860480308532715,50900,0.0,0.0
2015-09-24 00:00:00-04:00,3.6860480308532715,3.7035175751853524,3.6860480308532715,3.6860480308532715,66200,0.0,0.0
2015-09-25 00:00:00-04:00,3.697695602477978,3.7035188785276616,3.668580055236817,3.6685800552368164,65700,0.0,0.0
2015-09-28 00:00:00-04:00,3.6685774279702543,3.686046688270453,3.656931161880493,3.656931161880493,49700,0.0,0.0
2015-09-29 00:00:00-04:00,3.662755353506789,3.703517436981201,3.662755353506789,3.703517436981201,83900,0.0,0.0
2015-09-30 00:00:00-04:00,3.7093408104458154,3.7209870815277095,3.6744019972001336,3.72098708152771,80800,0.0,0.0
2015-10-01 00:00:00-04:00,3.703517576024489,3.7093405723571777,3.6976943020228137,3.7093405723571777,55200,0.0,0.0
2015-10-02 00:00:00-04:00,3.7151637068783225,3.7268099767754435,3.703517436981201,3.703517436981201,42200,0.0,0.0
2015-10-05 00:00:00-04:00,3.7209870815277095,3.7268103559031593,3.7093408104458154,3.72098708152771,53300,0.0,0.0
2015-10-06 00:00:00-04:00,3.7209900183301206,3.750105857849121,3.7209900183301206,3.750105857849121,60400,0.0,0.0
2015-10-07 00:00:00-04:00,3.732635336393736,3.779220445479906,3.732635336393736,3.773397445678711,60300,0.0,0.0
2015-10-08 00:00:00-04:00,3.767574541049203,3.779220819473266,3.7501052622476982,3.7792208194732666,64000,0.0,0.0
2015-10-09 00:00:00-04:00,3.7617515406717614,3.7850440975198882,3.7617515406717614,3.7792208194732666,45800,0.0,0.0
2015-10-12 00:00:00-04:00,3.7675734583751277,3.7675734583751277,3.738457909516391,3.7617504596710205,57400,0.0,0.0
2015-10-13 00:00:00-04:00,3.7576529154315508,3.769358987977343,3.734240770339966,3.734240770339966,44800,0.033,0.0
2015-10-14 00:00:00-04:00,3.7635041768669253,3.769357350143936,3.7459452152252197,3.7459452152252197,57500,0.0,0.0
2015-10-15 00:00:00-04:00,3.7459452152252197,3.775210244326283,3.7459452152252197,3.7459452152252197,119700,0.0,0.0
2015-10-16 00:00:00-04:00,3.7635063729809843,3.7635063729809843,3.740094224400607,3.751800298690796,91800,0.0,0.0
2015-10-19 00:00:00-04:00,3.7459468428857585,3.7576529154315508,3.734240770339966,3.734240770339966,91800,0.0,0.0
2015-10-20 00:00:00-04:00,3.751800139984851,3.781065464019775,3.7283879923948375,3.7810654640197754,113100,0.0,0.0
2015-10-21 00:00:00-04:00,3.775213078295482,3.8044784084600467,3.7693601797194924,3.7986252307891846,98300,0.0,0.0
2015-10-22 00:00:00-04:00,3.798626146752437,3.798626146752437,3.781067167695597,3.7927732467651367,73500,0.0,0.0
2015-10-23 00:00:00-04:00,3.7810662559663437,3.7986252307891846,3.775213078295482,3.7986252307891846,56400,0.0,0.0
2015-10-26 00:00:00-04:00,3.816181854961439,3.816181854961439,3.792769718601128,3.810328960418701,40400,0.0,0.0
2015-10-27 00:00:00-04:00,3.7635044086034,3.810328960418701,3.7635044086034,3.810328960418701,87600,0.0,0.0
2015-10-28 00:00:00-04:00,3.792771142239137,3.833742535795864,3.792771142239137,3.8044772148132324,55300,0.0,0.0
2015-10-29 00:00:00-04:00,3.804476781499712,3.8278889239813605,3.7693585677772385,3.822036027908325,82300,0.0,0.0
2015-10-30 00:00:00-04:00,3.8337420991491493,3.8395949952221846,3.8103299566675006,3.822036027908325,75800,0.0,0.0
2015-11-02 00:00:00-05:00,3.822035766595964,3.8864190144712425,3.822035766595964,3.8747129440307617,110600,0.0,0.0
2015-11-03 00:00:00-05:00,3.851301066463009,3.892272455353271,3.816182852740536,3.822036027908325,148400,0.0,0.0
2015-11-04 00:00:00-05:00,3.839594454386619,3.8688597679138184,3.8337415591380077,3.8688597679138184,89900,0.0,0.0
2015-11-05 00:00:00-05:00,3.851301066463009,3.868860312871622,3.8220360279083248,3.822036027908325,58900,0.0,0.0
2015-11-06 00:00:00-05:00,3.810331586130909,3.810331586130909,3.7810662559663437,3.7986252307891846,103800,0.0,0.0
2015-11-09 00:00:00-05:00,3.7869164022166864,3.7986224699555837,3.7517981989999942,3.7635042667388916,120400,0.0,0.0
2015-11-10 00:00:00-05:00,3.781065346751279,3.8220367433104956,3.7752121704879027,3.816183567047119,59400,0.0,0.0
2015-11-11 00:00:00-05:00,3.8337410967790118,3.839593991321749,3.8044757867812833,3.810328960418701,39800,0.0,0.0
2015-11-12 00:00:00-05:00,3.7810633590572236,3.868859003190311,3.7810633590572236,3.85129976272583,143800,0.0,0.0
2015-11-13 00:00:00-05:00,3.8630057317921938,3.8981239327336636,3.8454467708687843,3.886417865753174,120100,0.0,0.0
2015-11-16 00:00:00-05:00,3.9039782596793313,3.9039782596793313,3.8747129440307617,3.8747129440307617,64600,0.0,0.0
2015-11-17 00:00:00-05:00,3.888244544160761,3.9000092665737833,3.8294209320956507,3.864715099334717,94700,0.033,0.0
2015-11-18 00:00:00-05:00,3.882360030008692,3.9000072447260825,3.876477812098203,3.894124746322632,91900,0.0,0.0
2015-11-19 00:00:00-05:00,3.8941236061462012,3.9117708156965936,3.8764766770886894,3.905888319015503,65800,0.0,0.0
2015-11-20 00:00:00-05:00,3.9117713477710767,3.9235360622406006,3.888241918832029,3.9235360622406006,42400,0.0,0.0
2015-11-23 00:00:00-05:00,3.929418710914093,3.9647128582000732,3.9058892793901068,3.9647128582000732,50800,0.0,0.0
2015-11-24 00:00:00-05:00,3.9647137189350583,3.9647137189350583,3.929419563986756,3.9411842823028564,60100,0.0,0.0
2015-11-25 00:00:00-05:00,3.952949049213925,3.9647137676746538,3.8941254569102832,3.958831548690796,64000,0.0,0.0
2015-11-27 00:00:00-05:00,3.9705956494166728,3.9882428646087646,3.958830932786268,3.9882428646087646,36000,0.0,0.0
2015-11-30 00:00:00-05:00,3.9941243622592637,3.9941243622592637,3.9353007897172185,3.9823596477508545,165800,0.0,0.0
2015-12-01 00:00:00-05:00,3.9764774684426394,4.000006897682531,3.9294183294699336,3.935300827026367,96900,0.0,0.0
2015-12-02 00:00:00-05:00,3.952947708167951,3.952947708167951,3.8941241358203316,3.9235360622406006,104400,0.0,0.0
2015-12-03 00:00:00-05:00,3.9176571780074023,3.9176571780074023,3.8470688260867516,3.8588335514068604,88200,0.0,0.0
2015-12-04 00:00:00-05:00,3.876477204362505,3.9235360622406006,3.8529477754234573,3.9235360622406006,56700,0.0,0.0
2015-12-07 00:00:00-05:00,3.9000071504121387,3.9000071504121387,3.8588305040626434,3.8764777183532715,83100,0.0,0.0
2015-12-08 00:00:00-05:00,3.8764766770886894,3.905888319015503,3.8705941804075987,3.905888319015503,165900,0.0,0.0
2015-12-09 00:00:00-05:00,3.9058911372873495,3.9058911372873495,3.882361694571221,3.9000089168548584,68500,0.0,0.0
2015-12-10 00:00:00-05:00,3.905892214081468,3.9353041658315897,3.894127489480051,3.9294216632843018,80500,0.0,0.0
2015-12-11 00:00:00-05:00,3.935302540998265,3.9470672607421875,3.9294200408797817,3.9470672607421875,73500,0.0,0.0
2015-12-14 00:00:00-05:00,3.9529483238309018,3.9529483238309018,3.8000070119068208,3.835301160812378,123000,0.0,0.0
2015-12-15 00:00:00-05:00,3.854218039143882,3.8719522953033447,3.848306808341687,3.8719522953033447,39200,0.032,0.0
2015-12-16 00:00:00-05:00,3.8601281313950984,3.9133303165435787,3.854216620891748,3.913330316543579,70500,0.0,0.0
2015-12-17 00:00:00-05:00,3.9251538476721466,3.9724448137357493,3.9251538476721466,3.9606220722198486,89300,0.0,0.0
2015-12-18 00:00:00-05:00,3.960621874225655,3.972444615150529,3.9369763923759074,3.9487991333007812,54100,0.0,0.0
2015-12-21 00:00:00-05:00,3.9606237695073183,4.002003523484065,3.9606237695073183,3.978358030319214,64800,0.0,0.0
2015-12-22 00:00:00-05:00,3.9724423885345455,3.9901766309197257,3.9547084280255858,3.972442388534546,89300,0.0,0.0
2015-12-23 00:00:00-05:00,3.978357109108778,4.013825340643192,3.9606228524033473,3.996091365814209,80600,0.0,0.0
2015-12-24 00:00:00-05:00,4.002003029651845,4.025648519898931,3.9724460259047474,4.0079145431518555,68000,0.0,0.0
2015-12-28 00:00:00-05:00,4.002003029651845,4.0079145431518555,3.978357539404758,4.0079145431518555,53100,0.0,0.0
2015-12-29 00:00:00-05:00,4.002002941060034,4.037471175645508,3.9901801961982093,4.031559944152832,60700,0.0,0.0
2015-12-30 00:00:00-05:00,4.025646531421216,4.072937488555908,4.0197353027175495,4.072937488555908,77500,0.0,0.0
2015-12-31 00:00:00-05:00,4.0788500009149145,4.102495485289669,4.019736289978027,4.019736289978027,91100,0.0,0.0
2016-01-04 00:00:00-05:00,4.043380781284895,4.090671738419587,4.0138237921375435,4.072937488555908,98300,0.0,0.0
2016-01-05 00:00:00-05:00,4.055203520568568,4.072937488555908,4.025646531421216,4.072937488555908,46800,0.0,0.0
2016-01-06 00:00:00-05:00,4.072940185334958,4.132053920893766,4.061117438223197,4.078851699829102,91600,0.0,0.0
2016-01-07 00:00:00-05:00,4.096583085176314,4.1084058248006885,4.037469387054443,4.037469387054443,97400,0.0,0.0
2016-01-08 00:00:00-05:00,4.037471117637183,4.084762096405029,4.025648372945222,4.084762096405029,65700,0.0,0.0
2016-01-11 00:00:00-05:00,4.055205508381323,4.078850998539402,4.043382763302283,4.0492939949035645,57100,0.0,0.0
2016-01-12 00:00:00-05:00,4.055205821990967,4.0906740599710245,4.037471562062688,4.055205821990967,81400,0.0,0.0
2016-01-13 00:00:00-05:00,4.055204911154016,4.067027654491871,4.043382167816162,4.043382167816162,118900,0.0,0.0
2016-01-14 00:00:00-05:00,4.049291686394545,4.049291686394545,4.013823471377924,4.025646209716797,111800,0.0,0.0
2016-01-15 00:00:00-05:00,3.996090966670134,4.049293167719502,3.996090966670134,4.013824939727783,235600,0.0,0.0
2016-01-19 00:00:00-05:00,4.026890987030693,4.05064843258866,4.009072761256672,4.015012264251709,75000,0.032,0.0
2016-01-20 00:00:00-05:00,4.032830206814639,4.032830206814639,3.9556183671457004,4.015012264251709,112800,0.0,0.0
2016-01-21 00:00:00-05:00,4.032830206814639,4.032830206814639,3.997194038477688,4.015012264251709,58000,0.0,0.0
2016-01-22 00:00:00-05:00,4.020955781188873,4.068470723083527,4.015016555057739,4.056591987609863,65700,0.0,0.0
2016-01-25 00:00:00-05:00,4.068466652806751,4.068466652806751,4.032830482037787,4.044709205627441,27900,0.0,0.0
2016-01-26 00:00:00-05:00,4.062527191680847,4.086284637451172,4.056587688632719,4.086284637451172,31400,0.0,0.0
2016-01-27 00:00:00-05:00,4.086284879796788,4.0981636033864435,4.044709205627441,4.044709205627441,51800,0.0,0.0
2016-01-28 00:00:00-05:00,4.026892688187682,4.06846809387207,4.020953182683507,4.06846809387207,70300,0.0,0.0
2016-01-29 00:00:00-05:00,4.0981650549705275,4.115983005060634,4.06846809387207,4.06846809387207,139500,0.0,0.0
2016-02-01 00:00:00-05:00,4.062526961264873,4.1219205723220345,4.062526961264873,4.09816312789917,58000,0.0,0.0
2016-02-02 00:00:00-05:00,4.115982297194979,4.1575579789404005,4.086285624414958,4.127861022949219,184100,0.0,0.0
2016-02-03 00:00:00-05:00,4.133800768616315,4.139739990234375,4.121922042169017,4.139739990234375,75000,0.0,0.0
2016-02-04 00:00:00-05:00,4.145677787121134,4.151617006292346,4.0803446769714355,4.0803446769714355,32100,0.0,0.0
2016-02-05 00:00:00-05:00,4.104103571440738,4.133800527431919,4.104103571440738,4.127861022949219,46700,0.0,0.0
2016-02-08 00:00:00-05:00,4.139740445232063,4.151619172984949,4.115982989726292,4.145679950714111,51700,0.0,0.0
2016-02-09 00:00:00-05:00,4.145678251876984,4.151617471714019,4.086284637451172,4.086284637451172,122200,0.0,0.0
2016-02-10 00:00:00-05:00,4.121922969818115,4.181316615421295,4.121922969818115,4.121922969818115,173100,0.0,0.0
2016-02-11 00:00:00-05:00,4.151619172984949,4.175376911701931,4.145679950714111,4.145679950714111,86400,0.0,0.0
2016-02-12 00:00:00-05:00,4.169435725972031,4.187253952026367,4.151617499917694,4.187253952026367,101200,0.0,0.0
2016-02-16 00:00:00-05:00,4.182481807360122,4.182481807360122,4.081052106485109,4.140716552734375,119800,0.032,0.0
2016-02-17 00:00:00-05:00,4.15264770145561,4.15264770145561,4.081050395965576,4.081050395965576,85100,0.0,0.0
2016-02-18 00:00:00-05:00,4.116850530769651,4.134749721334636,4.063152390069686,4.069118976593018,68900,0.0,0.0
2016-02-19 00:00:00-05:00,4.098950349443303,4.134749008907583,4.098950349443303,4.1108832359313965,105200,0.0,0.0
2016-02-22 00:00:00-05:00,4.134749008907583,4.134749008907583,4.1049169349385775,4.1108832359313965,71600,0.0,0.0
2016-02-23 00:00:00-05:00,4.122815077203736,4.182479779020468,4.116848777723492,4.176513195037842,96400,0.0,0.0
2016-02-24 00:00:00-05:00,4.19441415999166,4.373407475839696,4.182481272268458,4.30777645111084,449900,0.0,0.0
2016-02-25 00:00:00-05:00,4.3197077619611175,4.3197077619611175,4.188446044921875,4.188446044921875,187400,0.0,0.0
2016-02-26 00:00:00-05:00,4.22424466135007,4.2302112452373,4.164580244989664,4.200378894805908,85600,0.0,0.0
2016-02-29 00:00:00-05:00,4.230213722874652,4.236180025753968,4.170548987066215,4.206347942352295,75900,0.0,0.0
2016-03-01 00:00:00-05:00,4.218278634998432,4.319708007125072,4.212312050725007,4.271976470947266,111200,0.0,0.0
2016-03-02 00:00:00-05:00,4.2421449474796775,4.295842790319528,4.2302120619038845,4.248111248016357,90300,0.0,0.0
2016-03-03 00:00:00-05:00,4.260046514711132,4.2779459953308105,4.218281534102871,4.2779459953308105,88800,0.0,0.0
2016-03-04 00:00:00-05:00,4.2660107186312635,4.307775675895321,4.2361783624405644,4.248111248016357,61600,0.0,0.0
2016-03-07 00:00:00-05:00,4.248112916015146,4.271978696537504,4.1944150520911165,4.206347942352295,70900,0.0,0.0
2016-03-08 00:00:00-05:00,4.200382053483193,4.289878887576398,4.194415749611696,4.2779459953308105,94500,0.0,0.0
2016-03-09 00:00:00-05:00,4.260046514711132,4.283912299202308,4.248113622465545,4.2779459953308105,37800,0.0,0.0
2016-03-10 00:00:00-05:00,4.277943055220691,4.295842239036169,4.254077287131787,4.271976470947266,63100,0.0,0.0
2016-03-11 00:00:00-05:00,4.266013145446777,4.307778126469764,4.266013145446777,4.266013145446777,36100,0.0,0.0
2016-03-14 00:00:00-04:00,4.289875871039192,4.301808754893864,4.266010103329848,4.295842170715332,90900,0.0,0.0
2016-03-15 00:00:00-04:00,4.309631060109532,4.321618895758565,4.267673492431641,4.267673492431641,68900,0.033,0.0
2016-03-16 00:00:00-04:00,4.297642046562755,4.33959931692845,4.2736663818359375,4.2736663818359375,37500,0.0,0.0
2016-03-17 00:00:00-04:00,4.2736658732342665,4.34559285885481,4.26767181485967,4.327610969543457,92700,0.0,0.0
2016-03-18 00:00:00-04:00,4.327609696175747,4.339597523585173,4.261676788330078,4.261676788330078,72700,0.0,0.0
2016-03-21 00:00:00-04:00,4.2556843757629395,4.279660039844002,4.2556843757629395,4.2556843757629395,43800,0.0,0.0
2016-03-22 00:00:00-04:00,4.267672137542854,4.2796599693860236,4.243696473856514,4.249690532684326,88800,0.0,0.0
2016-03-23 00:00:00-04:00,4.2496912262489355,4.285654727647815,4.243697166442871,4.243697166442871,186100,0.0,0.0
2016-03-24 00:00:00-04:00,4.25568371010505,4.26767154027049,4.23170804977417,4.23170804977417,77100,0.0,0.0
2016-03-28 00:00:00-04:00,4.219720219608729,4.24369587993961,4.219720219608729,4.23170804977417,137200,0.0,0.0
2016-03-29 00:00:00-04:00,4.225715558649682,4.279660667841751,4.225715558649682,4.243697166442871,95800,0.0,0.0
2016-03-30 00:00:00-04:00,4.243696658021182,4.291647987474817,4.243696658021182,4.2736663818359375,126300,0.0,0.0
2016-03-31 00:00:00-04:00,4.2856550216674805,4.339600134560482,4.2736671870454215,4.2856550216674805,85900,0.0,0.0
2016-04-01 00:00:00-04:00,4.2916475506864025,4.333605102594278,4.2916475506864025,4.309629440307617,62000,0.0,0.0
2016-04-04 00:00:00-04:00,4.315623943032457,4.339599609375,4.291648276689915,4.339599609375,65000,0.0,0.0
2016-04-05 00:00:00-04:00,4.309630169353065,4.345593668866879,4.309630169353065,4.339599609375,61000,0.0,0.0
2016-04-06 00:00:00-04:00,4.339599387709228,4.3635753386395715,4.279660224914551,4.279660224914551,98500,0.0,0.0
2016-04-07 00:00:00-04:00,4.285654137903013,4.3096298022029975,4.2796600789217845,4.291647911071777,134200,0.0,0.0
2016-04-08 00:00:00-04:00,4.333603858947754,4.333603858947754,4.309628203541566,4.333603858947754,127700,0.0,0.0
2016-04-11 00:00:00-04:00,4.36357556153003,4.36357556153003,4.327611776203728,4.339599609375,85100,0.0,0.0
2016-04-12 00:00:00-04:00,4.351585460706226,4.363573287630527,4.345591404337907,4.357579231262207,60600,0.0,0.0
2016-04-13 00:00:00-04:00,4.369569268458852,4.399538993835449,4.369569268458852,4.399538993835449,63400,0.0,0.0
2016-04-14 00:00:00-04:00,4.387551124303202,4.405532730729404,4.363575458526611,4.363575458526611,83800,0.0,0.0
2016-04-15 00:00:00-04:00,4.387551963305694,4.429509243531698,4.381557902809101,4.411527633666992,57100,0.0,0.0
2016-04-18 00:00:00-04:00,4.429507517309322,4.447489405978845,4.429507517309322,4.435501575469971,115900,0.0,0.0
2016-04-19 00:00:00-04:00,4.454766750335693,4.47282645455687,4.388547165065793,4.454766750335693,99600,0.032,0.0
2016-04-20 00:00:00-04:00,4.466807151303021,4.490886951009195,4.454767251449935,4.472826957702637,146700,0.0,0.0
2016-04-21 00:00:00-04:00,4.466807126882542,4.48486683303651,4.430687427520752,4.430687427520752,106300,0.0,0.0
2016-04-22 00:00:00-04:00,4.424665935575547,4.4487457275390625,4.394566339148033,4.4487457275390625,59600,0.0,0.0
2016-04-25 00:00:00-04:00,4.442725923075065,4.496905311466093,4.412626039593789,4.4487457275390625,77100,0.0,0.0
2016-04-26 00:00:00-04:00,4.454766286198273,4.454766286198273,4.37650681058342,4.4005866050720215,66500,0.0,0.0
2016-04-27 00:00:00-04:00,4.364465713500977,4.424665183173006,4.346405729072511,4.364465713500977,112900,0.0,0.0
2016-04-28 00:00:00-04:00,4.376506320724031,4.376506320724031,4.346406437455442,4.352426528930664,76000,0.0,0.0
2016-04-29 00:00:00-04:00,4.376505374908447,4.376505374908447,4.352425588319012,4.376505374908447,79300,0.0,0.0
2016-05-02 00:00:00-04:00,4.37650655716461,4.4005863502588864,4.328346970976055,4.340386867523193,96800,0.0,0.0
2016-05-03 00:00:00-04:00,4.352426551314532,4.358446355766953,4.334366563849747,4.34640645980835,56200,0.0,0.0
2016-05-04 00:00:00-04:00,4.364466890532587,4.418646571375723,4.358446798414999,4.406606674194336,66900,0.0,0.0
2016-05-05 00:00:00-04:00,4.412626954044599,4.448746649475138,4.370487452902548,4.3825273513793945,163100,0.0,0.0
2016-05-06 00:00:00-04:00,4.3825268798315635,4.412626479258133,4.370486982650177,4.406606674194336,79100,0.0,0.0
2016-05-09 00:00:00-04:00,4.41262743431293,4.436707233887457,4.394567728158962,4.430687427520752,94400,0.0,0.0
2016-05-10 00:00:00-04:00,4.442726388953972,4.454766286198273,4.382526902732467,4.4005866050720215,95800,0.0,0.0
2016-05-11 00:00:00-04:00,4.430686961132744,4.527006149291992,4.42466686834588,4.527006149291992,138900,0.0,0.0
2016-05-12 00:00:00-04:00,4.508946608750511,4.569146394422116,4.490886902692112,4.533026695251465,224900,0.0,0.0
2016-05-13 00:00:00-04:00,4.527006650568455,4.5571065437281,4.472826957702637,4.472826957702637,153100,0.0,0.0
2016-05-16 00:00:00-04:00,4.48486516144091,4.5209851343939444,4.4066059855193265,4.412625789642334,124600,0.0,0.0
2016-05-17 00:00:00-04:00,4.419880292996171,4.444065661600643,4.4017414106989845,4.413834095001221,159900,0.032,0.0
2016-05-18 00:00:00-04:00,4.4319727741523,4.462204627678336,4.335231304168701,4.335231304168701,70500,0.0,0.0
2016-05-19 00:00:00-04:00,4.341278553009033,4.377556613036628,4.286861607123837,4.341278553009033,135600,0.0,0.0
2016-05-20 00:00:00-04:00,4.365464773303513,4.407789329036613,4.34732588392679,4.395696640014648,86400,0.0,0.0
2016-05-23 00:00:00-04:00,4.4138346682242275,4.444066238749812,4.395695495258978,4.4198808670043945,90500,0.0,0.0
2016-05-24 00:00:00-04:00,4.450114727020264,4.450114727020264,4.413836653088204,4.450114727020264,116800,0.0,0.0
2016-05-25 00:00:00-04:00,4.4561608751833015,4.46825356634925,4.353372856116488,4.359419345855713,109800,0.0,0.0
2016-05-26 00:00:00-04:00,4.371512658500987,4.456161508696793,4.371512658500987,4.438022613525391,79900,0.0,0.0
2016-05-27 00:00:00-04:00,4.444067855078244,4.480345925890875,4.41988247453649,4.456160545349121,59600,0.0,0.0
2016-05-31 00:00:00-04:00,4.462207364922525,4.462207364922525,4.359419345855713,4.359419345855713,65900,0.0,0.0
2016-06-01 00:00:00-04:00,4.4017441245656155,4.5045318603515625,4.389651432807709,4.5045318603515625,103200,0.0,0.0
2016-06-02 00:00:00-04:00,4.504531283636755,4.5347631533171935,4.486392392478473,4.5166239738464355,82800,0.0,0.0
2016-06-03 00:00:00-04:00,4.528714941871294,4.558946800055128,4.5226687432219475,4.534761428833008,47000,0.0,0.0
2016-06-06 00:00:00-04:00,4.522669315338135,4.540808490205508,4.522669315338135,4.522669315338135,23700,0.0,0.0
2016-06-07 00:00:00-04:00,4.5226687432219475,4.558946800055128,4.510576057610888,4.534761428833008,56400,0.0,0.0
2016-06-08 00:00:00-04:00,4.552902232376907,4.558948433192163,4.498484983477241,4.528716564178467,65900,0.0,0.0
2016-06-09 00:00:00-04:00,4.5347620024789155,4.552901177346289,4.516622827611543,4.522669315338135,42100,0.0,0.0
2016-06-10 00:00:00-04:00,4.534762973960701,4.546855663692098,4.480345726013184,4.480345726013184,49100,0.0,0.0
2016-06-13 00:00:00-04:00,4.504531483929752,4.52871686542451,4.480346102434994,4.492438793182373,92200,0.0,0.0
2016-06-14 00:00:00-04:00,4.493651789747286,4.511869134614933,4.4268541829271335,4.438999176025391,88000,0.032,0.0
2016-06-15 00:00:00-04:00,4.445071817354258,4.469361803550772,4.4329268242560005,4.438999176025391,98400,0.0,0.0
2016-06-16 00:00:00-04:00,4.451145648956299,4.463290646092295,4.432928298032091,4.451145648956299,65600,0.0,0.0
2016-06-17 00:00:00-04:00,4.451144048840405,4.463289041610468,4.438999056070341,4.445071697235107,57600,0.0,0.0
2016-06-20 00:00:00-04:00,4.4450706911625915,4.4511430413935065,4.432925701141357,4.432925701141357,70400,0.0,0.0
2016-06-21 00:00:00-04:00,4.43292642998536,4.511868733323055,4.420781437967295,4.493651390075684,87500,0.0,0.0
2016-06-22 00:00:00-04:00,4.50579833984375,4.524015691006483,4.469363347958709,4.50579833984375,74200,0.0,0.0
2016-06-23 00:00:00-04:00,4.517941323300677,4.536158666343168,4.48150634765625,4.48150634765625,52200,0.0,0.0
2016-06-24 00:00:00-04:00,4.420781682581946,4.554376602172852,4.414709041457172,4.554376602172852,83500,0.0,0.0
2016-06-27 00:00:00-04:00,4.566521494604296,4.584739128019182,4.530086517333984,4.530086517333984,87300,0.0,0.0
2016-06-28 00:00:00-04:00,4.517943118772943,4.554378108896971,4.499725478931148,4.536160469055176,89600,0.0,0.0
2016-06-29 00:00:00-04:00,4.530088547185392,4.5422335450507845,4.511870905607508,4.5240159034729,61800,0.0,0.0
2016-06-30 00:00:00-04:00,4.554377742600028,4.602957725524902,4.536160104223431,4.602957725524902,162200,0.0,0.0
2016-07-01 00:00:00-04:00,4.615102646606899,4.627247642141672,4.596885298084506,4.621175289154053,100000,0.0,0.0
2016-07-05 00:00:00-04:00,4.6029589460548355,4.615103945006447,4.560451594504005,4.584741592407227,46900,0.0,0.0
2016-07-06 00:00:00-04:00,4.572594235987708,4.596884221367873,4.554376602172852,4.554376602172852,91300,0.0,0.0
2016-07-07 00:00:00-04:00,4.548304108854757,4.590811729431152,4.542231757092115,4.590811729431152,76900,0.0,0.0
2016-07-08 00:00:00-04:00,4.602956869743011,4.627246856689453,4.578666882796569,4.627246856689453,75300,0.0,0.0
2016-07-11 00:00:00-04:00,4.609029794175421,4.633319782612856,4.578667163848877,4.578667163848877,65900,0.0,0.0
2016-07-12 00:00:00-04:00,4.572594235987708,4.590811580243098,4.554376602172852,4.554376602172852,105500,0.0,0.0
2016-07-13 00:00:00-04:00,4.56652129082658,4.56652129082658,4.475433706935789,4.48150634765625,136000,0.0,0.0
2016-07-14 00:00:00-04:00,4.499723001478442,4.499723001478442,4.420780711120123,4.432925701141357,96400,0.0,0.0
2016-07-15 00:00:00-04:00,4.445073385120536,4.481508377265839,4.439000741649863,4.475435733795166,75000,0.0,0.0
2016-07-18 00:00:00-04:00,4.49365163872244,4.566521594862934,4.49365163872244,4.554376602172852,66500,0.0,0.0
2016-07-19 00:00:00-04:00,4.543400314722922,4.5921887515432775,4.543400314722922,4.586090087890625,64400,0.032,0.0
2016-07-20 00:00:00-04:00,4.573891554112298,4.610482651649173,4.561694521600006,4.567792892456055,35000,0.0,0.0
2016-07-21 00:00:00-04:00,4.586092548212643,4.616585301233916,4.543402752142951,4.549501419067383,66900,0.0,0.0
2016-07-22 00:00:00-04:00,4.543402752142951,4.5555997951913705,4.537304376018962,4.549501419067383,34800,0.0,0.0
2016-07-25 00:00:00-04:00,4.537301576078813,4.573892682643933,4.506808841874415,4.5129075050354,68500,0.0,0.0
2016-07-26 00:00:00-04:00,4.5373024110789775,4.555597822328311,4.512908335546321,4.531203746795654,60800,0.0,0.0
2016-07-27 00:00:00-04:00,4.54949861160052,4.54949861160052,4.5129075050354,4.5129075050354,37200,0.0,0.0
2016-07-28 00:00:00-04:00,4.537300516186246,4.549497548858781,4.512906450841174,4.519004821777344,64100,0.0,0.0
2016-07-29 00:00:00-04:00,4.5433989274684246,4.561694622039795,4.525103523697253,4.561694622039795,64300,0.0,0.0
2016-08-01 00:00:00-04:00,4.543400314722922,4.5921887515432775,4.525104905365541,4.586090087890625,68700,0.0,0.0
2016-08-02 00:00:00-04:00,4.57389266459943,4.57389266459943,4.500710451757902,4.525104522705078,79500,0.0,0.0
2016-08-03 00:00:00-04:00,4.5190047624068885,4.567792892456055,4.5190047624068885,4.567792892456055,57700,0.0,0.0
2016-08-04 00:00:00-04:00,4.561696921191079,4.610485076904297,4.543401217398449,4.610485076904297,38800,0.0,0.0
2016-08-05 00:00:00-04:00,4.610484244834492,4.610484244834492,4.555597434162558,4.592188835144043,49400,0.0,0.0
2016-08-08 00:00:00-04:00,4.610483784006935,4.610483784006935,4.549498606467214,4.579991340637207,70500,0.0,0.0
2016-08-09 00:00:00-04:00,4.592188224577069,4.598286596729628,4.555596828460693,4.555596828460693,43900,0.0,0.0
2016-08-10 00:00:00-04:00,4.57999021576854,4.598285619136881,4.555595859943764,4.567792892456055,64900,0.0,0.0
2016-08-11 00:00:00-04:00,4.57999021576854,4.586088586624589,4.555595859943764,4.567792892456055,59800,0.0,0.0
2016-08-12 00:00:00-04:00,4.579991340637207,4.598286748498991,4.567794014328998,4.579991340637207,68600,0.0,0.0
2016-08-15 00:00:00-04:00,4.573893524377963,4.586090562144292,4.531203746795654,4.531203746795654,38800,0.0,0.0
2016-08-16 00:00:00-04:00,4.520179936914953,4.563054084777832,4.520179936914953,4.563054084777832,77400,0.032,0.0
2016-08-17 00:00:00-04:00,4.569178980996039,4.569178980996039,4.550804138183594,4.550804138183594,46500,0.0,0.0
2016-08-18 00:00:00-04:00,4.544679533424664,4.563054084777832,4.532429735169808,4.563054084777832,55500,0.0,0.0
2016-08-19 00:00:00-04:00,4.544676298205295,4.581425666809082,4.526301467874392,4.581425666809082,81900,0.0,0.0
2016-08-22 00:00:00-04:00,4.587549619994873,4.618174234549588,4.556925297498129,4.593674659729004,101100,0.0,0.0
2016-08-23 00:00:00-04:00,4.581425666809082,4.599800497139985,4.569175877274486,4.581425666809082,60700,0.0,0.0
2016-08-24 00:00:00-04:00,4.575300626012774,4.58755041554737,4.556926087739891,4.581425666809082,65000,0.0,0.0
2016-08-25 00:00:00-04:00,4.575300626012774,4.593675456343678,4.563050836478179,4.581425666809082,86200,0.0,0.0
2016-08-26 00:00:00-04:00,4.581429812368235,4.581429812368235,4.550805164791673,4.569180011749268,37600,0.0,0.0
2016-08-29 00:00:00-04:00,4.575301180460745,4.575301180460745,4.532427057923062,4.5385518074035645,52300,0.0,0.0
2016-08-30 00:00:00-04:00,4.563051389441685,4.563051389441685,4.532427057923062,4.5385518074035645,108600,0.0,0.0
2016-08-31 00:00:00-04:00,4.550803312832937,4.550803312832937,4.4956793785095215,4.4956793785095215,100000,0.0,0.0
2016-09-01 00:00:00-04:00,4.50792917414341,4.514053925931271,4.471179787241744,4.4956793785095215,247800,0.0,0.0
2016-09-02 00:00:00-04:00,4.477302872586994,4.489552663661536,4.465053081512451,4.465053081512451,62600,0.0,0.0
2016-09-06 00:00:00-04:00,4.465055908985966,4.520180149757573,4.458931155599255,4.501805305480957,113200,0.0,0.0
2016-09-07 00:00:00-04:00,4.520179121147866,4.538553669184938,4.501804281052618,4.50792932510376,105400,0.0,0.0
2016-09-08 00:00:00-04:00,4.5079273298260345,4.520177120448196,4.4895524978637695,4.4895524978637695,64400,0.0,0.0
2016-09-09 00:00:00-04:00,4.489552831288792,4.495677873083784,4.409929040302312,4.440553665161133,140600,0.0,0.0
2016-09-12 00:00:00-04:00,4.4221798511827375,4.446679731952058,4.409930056827146,4.43442964553833,66300,0.0,0.0
2016-09-13 00:00:00-04:00,4.4344296578892495,4.458929538726807,4.422179863499538,4.458929538726807,111300,0.0,0.0
2016-09-14 00:00:00-04:00,4.434429556369496,4.495678818973975,4.434429556369496,4.477303981781006,49800,0.0,0.0
2016-09-15 00:00:00-04:00,4.483430753262582,4.501805305480957,4.4466813567675905,4.501805305480957,47000,0.0,0.0
2016-09-16 00:00:00-04:00,4.483429582875633,4.4956793785095215,4.458929991607856,4.4956793785095215,26000,0.0,0.0
2016-09-19 00:00:00-04:00,4.495678324774435,4.520177910299791,4.477303489601368,4.514052867889404,103300,0.0,0.0
2016-09-20 00:00:00-04:00,4.514666819731646,4.526968352212181,4.477762222290039,4.477762222290039,73200,0.031,0.0
2016-09-21 00:00:00-04:00,4.490064812803513,4.490064812803513,4.440858377994761,4.483913898468018,83700,0.0,0.0
2016-09-22 00:00:00-04:00,4.5023666339689274,4.520818791563182,4.490065097808838,4.490065097808838,64100,0.0,0.0
2016-09-23 00:00:00-04:00,4.47776393772632,4.483914559677063,4.459311485290527,4.459311485290527,62500,0.0,0.0
2016-09-26 00:00:00-04:00,4.483913898468018,4.49621543384727,4.471612363088764,4.483913898468018,56400,0.0,0.0
2016-09-27 00:00:00-04:00,4.483915329131487,4.526970863342285,4.477764706125277,4.526970863342285,108200,0.0,0.0
2016-09-28 00:00:00-04:00,4.520817865263582,4.576174913287397,4.520817865263582,4.551571846008301,92100,0.0,0.0
2016-09-29 00:00:00-04:00,4.563875580636614,4.5884786597808676,4.520820045488251,4.57617712020874,162200,0.0,0.0
2016-09-30 00:00:00-04:00,4.582325282609021,4.60692834854126,4.563873129805681,4.60692834854126,148400,0.0,0.0
2016-10-03 00:00:00-04:00,4.600780681633642,4.600780681633642,4.557725141971947,4.594629764556885,48300,0.0,0.0
2016-10-04 00:00:00-04:00,4.5823272552924,4.5823272552924,4.514668941497803,4.514668941497803,93000,0.0,0.0
2016-10-05 00:00:00-04:00,4.539272212613193,4.539272212613193,4.477764518666908,4.508518218994141,55300,0.0,0.0
2016-10-06 00:00:00-04:00,4.502367784733781,4.55157394195079,4.496216868435739,4.526970863342285,82600,0.0,0.0
2016-10-07 00:00:00-04:00,4.545422835361912,4.545422835361912,4.502367596245422,4.508518218994141,37300,0.0,0.0
2016-10-10 00:00:00-04:00,4.508517255403093,4.526969706289105,4.46546202548866,4.490065097808838,59800,0.0,0.0
2016-10-11 00:00:00-04:00,4.508518025720944,4.514668941497803,4.483914949197126,4.514668941497803,49500,0.0,0.0
2016-10-12 00:00:00-04:00,4.502366065979004,4.5208182212454515,4.496215152029041,4.502366065979004,70600,0.0,0.0
2016-10-13 00:00:00-04:00,4.514666819731646,4.514666819731646,4.422405179481793,4.477762222290039,116200,0.0,0.0
2016-10-14 00:00:00-04:00,4.453159408069693,4.453159408069693,4.379350204169375,4.42240571975708,132600,0.0,0.0
2016-10-17 00:00:00-04:00,4.416255134065337,4.422406048159642,4.268636715302735,4.287088871002197,196200,0.0,0.0
2016-10-18 00:00:00-04:00,4.3247785568237305,4.330956953313944,4.225926569797593,4.3247785568237305,112100,0.031,0.0
2016-10-19 00:00:00-04:00,4.330955670851614,4.411272739226156,4.330955670851614,4.398916244506836,98400,0.0,0.0
2016-10-20 00:00:00-04:00,4.429807362610924,4.448341956275927,4.374202992411807,4.38655948638916,68900,0.0,0.0
2016-10-21 00:00:00-04:00,4.380381386701512,4.466876844542984,4.343311904769451,4.38655948638916,166000,0.0,0.0
2016-10-24 00:00:00-04:00,4.398916873639425,4.405095269183755,4.361847384179791,4.368025779724121,60400,0.0,0.0
2016-10-25 00:00:00-04:00,4.361846235040289,4.40509410865049,4.343311642494515,4.374202728271484,92000,0.0,0.0
2016-10-26 00:00:00-04:00,4.392737293522359,4.405093785848078,4.324776438429897,4.337132930755615,116200,0.0,0.0
2016-10-27 00:00:00-04:00,4.3247792323031655,4.3247792323031655,4.269174833615133,4.28153133392334,85800,0.0,0.0
2016-10-28 00:00:00-04:00,4.275352434641936,4.2938870343504485,4.213569944609972,4.25063943862915,139300,0.0,0.0
2016-10-31 00:00:00-04:00,4.2938870343504485,4.3062435323568415,4.065291673931111,4.25063943862915,133900,0.0,0.0
2016-11-01 00:00:00-04:00,4.287709061688929,4.3247785568237305,4.232104671685647,4.3247785568237305,85900,0.0,0.0
2016-11-02 00:00:00-04:00,4.343312956013497,4.343312956013497,4.293886673539022,4.33095645904541,79600,0.0,0.0
2016-11-03 00:00:00-04:00,4.330955555986085,4.374203139055656,4.306242272600819,4.355668544769287,122400,0.0,0.0
2016-11-04 00:00:00-04:00,4.374204314139624,4.374204314139624,4.30624342942781,4.343313217163086,61000,0.0,0.0
2016-11-07 00:00:00-05:00,4.349490130392257,4.349490130392257,4.281529264248048,4.318598747253418,77400,0.0,0.0
2016-11-08 00:00:00-05:00,4.343312709839288,4.343312709839288,4.300064825601162,4.3124213218688965,110000,0.0,0.0
2016-11-09 00:00:00-05:00,4.281528262736148,4.293884754180908,4.250637181425247,4.293884754180908,145600,0.0,0.0
2016-11-10 00:00:00-05:00,4.2938851718604365,4.2938851718604365,4.127072373828786,4.157963752746582,334300,0.0,0.0
2016-11-11 00:00:00-05:00,4.127073368210486,4.18885614093209,4.04675629395617,4.182677745819092,208200,0.0,0.0
2016-11-14 00:00:00-05:00,4.120892667522356,4.151783739789592,4.040575349344107,4.083823204040527,240700,0.0,0.0
2016-11-15 00:00:00-05:00,4.078236982904527,4.134103040211378,4.0596147664755176,4.127895832061768,132500,0.031,0.0
2016-11-16 00:00:00-05:00,4.127895832061768,4.158932464789998,4.096858903343448,4.127895832061768,157200,0.0,0.0
2016-11-17 00:00:00-05:00,4.1465204134793625,4.1465204134793625,4.090654320321131,4.11548376083374,103000,0.0,0.0
2016-11-18 00:00:00-05:00,4.134103637864155,4.134103637864155,4.053408144312821,4.072030067443848,89000,0.0,0.0
2016-11-21 00:00:00-05:00,4.040995439295912,4.11548376083374,4.040995439295912,4.11548376083374,116900,0.0,0.0
2016-11-22 00:00:00-05:00,4.115482286370151,4.1403117179870605,4.115482286370151,4.1403117179870605,82800,0.0,0.0
2016-11-23 00:00:00-05:00,4.121688327922068,4.127895832061768,4.103066407483147,4.127895832061768,81600,0.0,0.0
2016-11-25 00:00:00-05:00,4.1403117179870605,4.183763075321567,4.134104212087746,4.1403117179870605,50800,0.0,0.0
2016-11-28 00:00:00-05:00,4.158934338020603,4.171349055901641,4.146519620139565,4.152727127075195,39100,0.0,0.0
2016-11-29 00:00:00-05:00,4.158932724315279,4.17755494190635,4.115481376586292,4.134103298187256,130000,0.0,0.0
2016-11-30 00:00:00-05:00,4.096861469707031,4.196179526226602,4.084446749640869,4.158935070037842,280400,0.0,0.0
2016-12-01 00:00:00-05:00,4.158934971439794,4.158934971439794,4.078239440917969,4.078239440917969,112800,0.0,0.0
2016-12-02 00:00:00-05:00,4.084446652808755,4.0968613725805945,4.065824721146129,4.078239440917969,79000,0.0,0.0
2016-12-05 00:00:00-05:00,4.103066223879774,4.1092734317516255,4.065822088678439,4.090651512145996,96300,0.0,0.0
2016-12-06 00:00:00-05:00,4.072029478764828,4.127895832061768,4.065822270615217,4.127895832061768,136700,0.0,0.0
2016-12-07 00:00:00-05:00,4.115483772033771,4.20859432220459,4.115483772033771,4.20859432220459,152200,0.0,0.0
2016-12-08 00:00:00-05:00,4.189972443197656,4.196179951855517,4.134106049238123,4.183764934539795,182100,0.0,0.0
2016-12-09 00:00:00-05:00,4.177557362115263,4.189972082371568,4.11548376083374,4.11548376083374,143200,0.0,0.0
2016-12-12 00:00:00-05:00,4.109274387359619,4.109274387359619,4.090652463423478,4.109274387359619,95700,0.0,0.0
2016-12-13 00:00:00-05:00,4.1403131379337355,4.158935070037842,4.1154836978014115,4.158935070037842,73000,0.0,0.0
2016-12-14 00:00:00-05:00,4.177557721872238,4.202387164523074,4.146520770563542,4.183764934539795,172400,0.0,0.0
2016-12-15 00:00:00-05:00,4.171350128652979,4.1961798667907715,4.134105965431737,4.1961798667907715,194700,0.0,0.0
2016-12-16 00:00:00-05:00,4.171349865344039,4.20859432220459,4.152727932904043,4.20859432220459,99400,0.0,0.0
2016-12-19 00:00:00-05:00,4.189972231330459,4.208594460372098,4.158935281591154,4.171350002288818,105700,0.0,0.0
2016-12-20 00:00:00-05:00,4.178208830666603,4.184445106160968,4.115847562532859,4.159500598907471,168000,0.031,0.0
2016-12-21 00:00:00-05:00,4.178209034631141,4.203153543102337,4.134556293487549,4.134556293487549,144700,0.0,0.0
2016-12-22 00:00:00-05:00,4.147026538848877,4.153262514264889,4.128318017877136,4.147026538848877,100300,0.0,0.0
2016-12-23 00:00:00-05:00,4.147028168233494,4.1719726744220464,4.1220836620449415,4.140791893005371,151300,0.0,0.0
2016-12-27 00:00:00-05:00,4.147028168233494,4.1719726744220464,4.109611408950665,4.140791893005371,175600,0.0,0.0
2016-12-28 00:00:00-05:00,4.159498787042753,4.159498787042753,4.1158457696832595,4.147026538848877,148700,0.0,0.0
2016-12-29 00:00:00-05:00,4.147029496363515,4.178209990404104,4.134557239274867,4.153265476226807,144700,0.0,0.0
2016-12-30 00:00:00-05:00,4.153264526159947,4.159500801958743,4.128320017688751,4.134556293487549,118400,0.0,0.0
2017-01-03 00:00:00-05:00,4.140791219457098,4.165735721588135,4.1283189683915795,4.165735721588135,117100,0.0,0.0
2017-01-04 00:00:00-05:00,4.1657390089119,4.209392070770264,4.1657390089119,4.209392070770264,44500,0.0,0.0
2017-01-05 00:00:00-05:00,4.209389661038007,4.253042697906494,4.196917407270152,4.253042697906494,117100,0.0,0.0
2017-01-06 00:00:00-05:00,4.221862592757382,4.240571125094395,4.196918081216053,4.2280988693237305,114200,0.0,0.0
2017-01-09 00:00:00-05:00,4.240570067116843,4.290459077752718,4.234333792106378,4.259278297424316,94100,0.0,0.0
2017-01-10 00:00:00-05:00,4.259278673212065,4.290459456291486,4.253042695013372,4.2717509269714355,39400,0.0,0.0
2017-01-11 00:00:00-05:00,4.271750153267677,4.290458679199219,4.26551417619845,4.290458679199219,92800,0.0,0.0
2017-01-12 00:00:00-05:00,4.290459456291486,4.321639942008921,4.2717509269714355,4.2717509269714355,54500,0.0,0.0
2017-01-13 00:00:00-05:00,4.271750153267677,4.290458679199219,4.246805650266908,4.290458679199219,62200,0.0,0.0
2017-01-17 00:00:00-05:00,4.291084951911398,4.309878156386588,4.284820749558236,4.297349452972412,100800,0.031,0.0
2017-01-18 00:00:00-05:00,4.297349452972412,4.303613655325575,4.278556248497222,4.297349452972412,95000,0.0,0.0
2017-01-19 00:00:00-05:00,4.291086581075062,4.291086581075062,4.247236251831055,4.247236251831055,57200,0.0,0.0
2017-01-20 00:00:00-05:00,4.234704886520887,4.259762287139893,4.234704886520887,4.259762287139893,37600,0.0,0.0
2017-01-23 00:00:00-05:00,4.259764105273832,4.303614425719206,4.253499603091404,4.291085720062256,76700,0.0,0.0
2017-01-24 00:00:00-05:00,4.303614425719206,4.309878927901634,4.278557014405306,4.291085720062256,48500,0.0,0.0
2017-01-25 00:00:00-05:00,4.291086485295993,4.291086485295993,4.27229357281316,4.278557777404785,27500,0.0,0.0
2017-01-26 00:00:00-05:00,4.291085720062256,4.309878927901634,4.2848215165877335,4.291085720062256,86500,0.0,0.0
2017-01-27 00:00:00-05:00,4.291084861568899,4.328670971020108,4.291084861568899,4.322406768798828,94700,0.0,0.0
2017-01-30 00:00:00-05:00,4.334935857198563,4.353728764240386,4.322407152934724,4.347464561462402,79000,0.0,0.0
2017-01-31 00:00:00-05:00,4.372522069072862,4.3850507736206055,4.32867145380182,4.3850507736206055,104500,0.0,0.0
2017-02-01 00:00:00-05:00,4.372522738199966,4.372522738199966,4.328672116218463,4.334936618804932,123400,0.0,0.0
2017-02-02 00:00:00-05:00,4.359992878250037,4.359992878250037,4.322406768798828,4.322406768798828,47000,0.0,0.0
2017-02-03 00:00:00-05:00,4.347465228445369,4.359993934631348,4.341200725998421,4.359993934631348,50100,0.0,0.0
2017-02-06 00:00:00-05:00,4.366259173695008,4.397581095940947,4.359994968470613,4.391316890716553,65900,0.0,0.0
2017-02-07 00:00:00-05:00,4.3725237046661904,4.410109832368949,4.3412017822265625,4.3412017822265625,106700,0.0,0.0
2017-02-08 00:00:00-05:00,4.3537283773209134,4.37252158140044,4.309878065648426,4.322406768798828,103100,0.0,0.0
2017-02-09 00:00:00-05:00,4.309878156386588,4.341199765568104,4.291084951911398,4.297349452972412,60900,0.0,0.0
2017-02-10 00:00:00-05:00,4.291084951911398,4.334935563214941,4.291084951911398,4.297349452972412,121800,0.0,0.0
2017-02-13 00:00:00-05:00,4.297350988595575,4.32240840437799,4.266029069513578,4.278557777404785,104000,0.0,0.0
2017-02-14 00:00:00-05:00,4.272893905639648,4.304358634869708,4.260308073961604,4.272893905639648,122900,0.031,0.0
2017-02-15 00:00:00-05:00,4.241428838197883,4.316944122314453,4.241428838197883,4.316944122314453,156700,0.0,0.0
2017-02-16 00:00:00-05:00,4.298064061683063,4.373579025268555,4.279185470821586,4.373579025268555,100500,0.0,0.0
2017-02-17 00:00:00-05:00,4.348406181977317,4.379870891571045,4.329527596276848,4.379870891571045,84800,0.0,0.0
2017-02-21 00:00:00-05:00,4.367286536852316,4.37357930084605,4.323235988616943,4.323235988616943,110300,0.0,0.0
2017-02-22 00:00:00-05:00,4.335822527293152,4.367287252628154,4.310650867053093,4.329529762268066,98600,0.0,0.0
2017-02-23 00:00:00-05:00,4.329528355052523,4.398750248178739,4.329528355052523,4.392457485198975,98300,0.0,0.0
2017-02-24 00:00:00-05:00,4.373578596120158,4.392457485198975,4.373578596120158,4.392457485198975,92600,0.0,0.0
2017-02-27 00:00:00-05:00,4.379871659169684,4.392457485198975,4.360992770090868,4.392457485198975,66900,0.0,0.0
2017-02-28 00:00:00-05:00,4.386164561335133,4.405043451013031,4.348407082049108,4.360992908477783,106300,0.0,0.0
2017-03-01 00:00:00-05:00,4.354700565338135,4.354700565338135,4.32323584619658,4.354700565338135,77000,0.0,0.0
2017-03-02 00:00:00-05:00,4.348408548965641,4.354701614337802,4.310651056942292,4.316944122314453,102400,0.0,0.0
2017-03-03 00:00:00-05:00,4.323236697173122,4.342115592388096,4.298065036933064,4.329529762268066,109400,0.0,0.0
2017-03-06 00:00:00-05:00,4.342115204718309,4.354701033714658,4.27918605973656,4.29177188873291,148400,0.0,0.0
2017-03-07 00:00:00-05:00,4.298066368989865,4.335823871051758,4.298066368989865,4.304359436035156,71700,0.0,0.0
2017-03-08 00:00:00-05:00,4.29806531941501,4.430216694395638,4.285479488467802,4.405045032501221,147800,0.0,0.0
2017-03-09 00:00:00-05:00,4.3924591063611516,4.39875187166344,4.279186630291104,4.316944122314453,118100,0.0,0.0
2017-03-10 00:00:00-05:00,4.3232380370311265,4.34211693809705,4.2791877679938946,4.304359436035156,72100,0.0,0.0
2017-03-13 00:00:00-04:00,4.291771121852416,4.304356948599851,4.2791852951049805,4.2791852951049805,67800,0.0,0.0
2017-03-14 00:00:00-04:00,4.299417882863017,4.312063217163086,4.293095064968707,4.312063217163086,70800,0.032,0.0
2017-03-15 00:00:00-04:00,4.299417999182872,4.362644672393799,4.280449846475314,4.362644672393799,57300,0.0,0.0
2017-03-16 00:00:00-04:00,4.35632173646905,4.375289888663429,4.312063217163086,4.312063217163086,83400,0.0,0.0
2017-03-17 00:00:00-04:00,4.318387985229492,4.350001488207609,4.293097303442482,4.318387985229492,85300,0.0,0.0
2017-03-20 00:00:00-04:00,4.312064263607832,4.331032118916748,4.299418926239014,4.299418926239014,109000,0.0,0.0
2017-03-21 00:00:00-04:00,4.305740427147222,4.3752899169921875,4.299417910700527,4.3752899169921875,82500,0.0,0.0
2017-03-22 00:00:00-04:00,4.35632356740282,4.35632356740282,4.318387548558358,4.324710369110107,85400,0.0,0.0
2017-03-23 00:00:00-04:00,4.3436760902404785,4.356321423632459,4.305740090064537,4.3436760902404785,131300,0.0,0.0
2017-03-24 00:00:00-04:00,4.343678610165302,4.368969291621301,4.331033269437302,4.337356090545654,84400,0.0,0.0
2017-03-27 00:00:00-04:00,4.337356181800178,4.387937545776367,4.337356181800178,4.387937545776367,111300,0.0,0.0
2017-03-28 00:00:00-04:00,4.387938318480938,4.387938318480938,4.350002288818359,4.350002288818359,64100,0.0,0.0
2017-03-29 00:00:00-04:00,4.356324099301413,4.368969440460205,4.337356238307583,4.368969440460205,60100,0.0,0.0
2017-03-30 00:00:00-04:00,4.375290736915593,4.381613254547119,4.343677244292133,4.381613254547119,82500,0.0,0.0
2017-03-31 00:00:00-04:00,4.381613162659034,4.394258499145508,4.368967826172562,4.394258499145508,54200,0.0,0.0
2017-04-03 00:00:00-04:00,4.394258499145508,4.40690383563198,4.387935981646573,4.394258499145508,47100,0.0,0.0
2017-04-04 00:00:00-04:00,4.400581938850583,4.451163291931152,4.400581938850583,4.451163291931152,63300,0.0,0.0
2017-04-05 00:00:00-04:00,4.432196060396114,4.444841400449781,4.41955041885376,4.41955041885376,79700,0.0,0.0
2017-04-06 00:00:00-04:00,4.425873373062579,4.482777555764053,4.425873373062579,4.476454734802246,123300,0.0,0.0
2017-04-07 00:00:00-04:00,4.489098295963032,4.495421114418761,4.470130443572998,4.470130443572998,40100,0.0,0.0
2017-04-10 00:00:00-04:00,4.470131119041436,4.5080671310424805,4.457485781707755,4.5080671310424805,56500,0.0,0.0
2017-04-11 00:00:00-04:00,4.514390756106995,4.520713577068802,4.476454734802246,4.476454734802246,47800,0.0,0.0
2017-04-12 00:00:00-04:00,4.489100075237163,4.5080682366338864,4.451164053932413,4.476454734802246,92300,0.0,0.0
2017-04-13 00:00:00-04:00,4.476454734802246,4.520713577068802,4.476454734802246,4.476454734802246,41500,0.0,0.0
2017-04-17 00:00:00-04:00,4.495421793708799,4.5207124683761615,4.482776456375118,4.5080671310424805,46600,0.0,0.0
2017-04-18 00:00:00-04:00,4.509338626397828,4.509338626397828,4.471231575244079,4.483933925628662,69700,0.032,0.0
2017-04-19 00:00:00-04:00,4.496636276013245,4.509338626397828,4.471231575244079,4.483933925628662,75700,0.0,0.0
2017-04-20 00:00:00-04:00,4.483933205380647,4.534742598757536,4.4458261603479805,4.509337902069092,103000,0.0,0.0
2017-04-21 00:00:00-04:00,4.509336465353846,4.515687788926305,4.458527088165283,4.458527088165283,110300,0.0,0.0
2017-04-24 00:00:00-04:00,4.458526637300458,4.471228980313085,4.4458242942878305,4.452175617218018,81000,0.0,0.0
2017-04-25 00:00:00-04:00,4.445825936266,4.452177261541923,4.407718893154034,4.433123588562012,62100,0.0,0.0
2017-04-26 00:00:00-04:00,4.42677116394043,4.452176155887181,4.42677116394043,4.42677116394043,43300,0.0,0.0
2017-04-27 00:00:00-04:00,4.426771075998543,4.477580756034883,4.426771075998543,4.458527088165283,61900,0.0,0.0
2017-04-28 00:00:00-04:00,4.471229432462424,4.490283100332023,4.458527088165283,4.458527088165283,73200,0.0,0.0
2017-05-01 00:00:00-04:00,4.464880551475749,4.483933925628662,4.458529224859497,4.483933925628662,74200,0.0,0.0
2017-05-02 00:00:00-04:00,4.477582901860331,4.490285252244915,4.477582901860331,4.483933925628662,62100,0.0,0.0
2017-05-03 00:00:00-04:00,4.496633773149128,4.522038459777832,4.477580409601477,4.522038459777832,105500,0.0,0.0
2017-05-04 00:00:00-04:00,4.515686237311425,4.515686237311425,4.4966325759887695,4.4966325759887695,99600,0.0,0.0
2017-05-05 00:00:00-04:00,4.509337902069092,4.534742598757536,4.483933205380647,4.509337902069092,32100,0.0,0.0
2017-05-08 00:00:00-04:00,4.5093349159213165,4.515686237311425,4.483930236056223,4.4966325759887695,35900,0.0,0.0
2017-05-09 00:00:00-04:00,4.49028428995221,4.53474235534668,4.471230617034681,4.53474235534668,88200,0.0,0.0
2017-05-10 00:00:00-04:00,4.52204064192475,4.52204064192475,4.4902849197387695,4.4902849197387695,43500,0.0,0.0
2017-05-11 00:00:00-04:00,4.490281557446333,4.5410909171765175,4.490281557446333,4.4966325759887695,45400,0.0,0.0
2017-05-12 00:00:00-04:00,4.502983472234036,4.547441506376649,4.502983472234036,4.541090488433838,55500,0.0,0.0
2017-05-15 00:00:00-04:00,4.547444104861287,4.591902467255787,4.5283907372978005,4.572848796844482,65500,0.0,0.0
2017-05-16 00:00:00-04:00,4.555620290263686,4.600283344648234,4.555620290263686,4.581141948699951,52300,0.033,0.0
2017-05-17 00:00:00-04:00,4.581144530103734,4.638568446063899,4.568383693695068,4.568383693695068,56700,0.0,0.0
2017-05-18 00:00:00-04:00,4.593903733945067,4.593903733945067,4.523719310760498,4.523719310760498,38400,0.0,0.0
2017-05-19 00:00:00-04:00,4.523719604544295,4.542860701476901,4.523719604544295,4.530099868774414,25900,0.0,0.0
2017-05-22 00:00:00-04:00,4.562002866017214,4.56838313131495,4.530100626801631,4.542861461639404,41500,0.0,0.0
2017-05-23 00:00:00-04:00,4.600283912313008,4.600283912313008,4.542860021624348,4.549240589141846,45600,0.0,0.0
2017-05-24 00:00:00-04:00,4.555622296477177,4.56838313131495,4.5364811963416685,4.542861461639404,61800,0.0,0.0
2017-05-25 00:00:00-04:00,4.56200180638178,4.574762638255541,4.523719310760498,4.523719310760498,75000,0.0,0.0
2017-05-26 00:00:00-04:00,4.5300991908315575,4.568381683209929,4.5300991908315575,4.549240589141846,91000,0.0,0.0
2017-05-30 00:00:00-04:00,4.562003625106119,4.587525299028312,4.542862217543298,4.5556230545043945,90300,0.0,0.0
2017-05-31 00:00:00-04:00,4.625805475111853,4.625805475111853,4.555620755129237,4.587522983551025,95200,0.0,0.0
2017-06-01 00:00:00-04:00,4.606664372904314,4.619425204243686,4.587523278016365,4.593903541564941,73600,0.0,0.0
2017-06-02 00:00:00-04:00,4.593904765052937,4.613046169281006,4.58114393031499,4.613046169281006,68400,0.0,0.0
2017-06-05 00:00:00-04:00,4.61304644979492,4.651328956336674,4.61304644979492,4.625807285308838,88200,0.0,0.0
2017-06-06 00:00:00-04:00,4.638566493988037,4.664088156064934,4.625805662949588,4.638566493988037,47300,0.0,0.0
2017-06-07 00:00:00-04:00,4.638566302666593,4.664087963690829,4.613044641642358,4.651327133178711,29300,0.0,0.0
2017-06-08 00:00:00-04:00,4.670469477966211,4.676849742394716,4.619425841326877,4.657708644866943,53800,0.0,0.0
2017-06-09 00:00:00-04:00,4.632186339825275,4.644947171164647,4.593903541564941,4.593903541564941,64400,0.0,0.0
2017-06-12 00:00:00-04:00,4.632186339825275,4.632186339825275,4.574762446676993,4.593903541564941,114300,0.0,0.0
2017-06-13 00:00:00-04:00,4.602238002168165,4.602238002168165,4.583008766174316,4.583008766174316,52500,0.033,0.0
2017-06-14 00:00:00-04:00,4.583006497222941,4.602235723696799,4.531728152435262,4.557367324829102,363800,0.0,0.0
2017-06-15 00:00:00-04:00,4.557369581087055,4.653516677985883,4.550959631993642,4.583008766174316,136700,0.0,0.0
2017-06-16 00:00:00-04:00,4.583008766174316,4.627877187255427,4.583008766174316,4.583008766174316,86000,0.0,0.0
2017-06-19 00:00:00-04:00,4.621468198730451,4.621468198730451,4.583009415649423,4.595829010009766,70500,0.0,0.0
2017-06-20 00:00:00-04:00,4.627875446346889,4.627875446346889,4.58300704214432,4.602236270904541,46000,0.0,0.0
2017-06-21 00:00:00-04:00,4.621465805307842,4.634285393029016,4.595826629865495,4.602236270904541,71400,0.0,0.0
2017-06-22 00:00:00-04:00,4.640694250216032,4.647104195815465,4.602235493548515,4.608645439147949,45600,0.0,0.0
2017-06-23 00:00:00-04:00,4.634286880493164,4.634286880493164,4.595828104985554,4.634286880493164,35500,0.0,0.0
2017-06-26 00:00:00-04:00,4.6342877930907935,4.6342877930907935,4.595829010009766,4.595829010009766,62400,0.0,0.0
2017-06-27 00:00:00-04:00,4.627877187255427,4.627877187255427,4.583008766174316,4.583008766174316,75300,0.0,0.0
2017-06-28 00:00:00-04:00,4.608646516393478,4.608646516393478,4.583007339288785,4.589416980743408,62200,0.0,0.0
2017-06-29 00:00:00-04:00,4.5894190194265905,4.602238613673578,4.563779830932617,4.563779830932617,78400,0.0,0.0
2017-06-30 00:00:00-04:00,4.615055309893719,4.615055309893719,4.5509573789091196,4.557367324829102,103400,0.0,0.0
2017-07-03 00:00:00-04:00,4.5830091142796965,4.615057945251465,4.5830091142796965,4.615057945251465,32200,0.0,0.0
2017-07-05 00:00:00-04:00,4.634287136348839,4.634287136348839,4.576598817080904,4.583008766174316,26100,0.0,0.0
2017-07-06 00:00:00-04:00,4.5894167979054465,4.602236385947073,4.544548392581299,4.570187568664551,102900,0.0,0.0
2017-07-07 00:00:00-04:00,4.5894190194265905,4.608648563618689,4.557370186630742,4.563779830932617,208800,0.0,0.0
2017-07-10 00:00:00-04:00,4.608647951261578,4.6150575947117956,4.5637792245372735,4.583008766174316,135500,0.0,0.0
2017-07-11 00:00:00-04:00,4.5830062680362715,4.608645439147949,4.5830062680362715,4.608645439147949,72300,0.0,0.0
2017-07-12 00:00:00-04:00,4.621467288657294,4.64069652358951,4.608647696821424,4.634286880493164,44700,0.0,0.0
2017-07-13 00:00:00-04:00,4.634288083338521,4.73043519988445,4.634288083338521,4.724025249481201,119800,0.0,0.0
2017-07-14 00:00:00-04:00,4.7496609014619775,4.7496609014619775,4.691972919024731,4.711202144622803,68900,0.0,0.0
2017-07-17 00:00:00-04:00,4.724023284480572,4.724023284480572,4.679154872894287,4.679154872894287,40200,0.0,0.0
2017-07-18 00:00:00-04:00,4.726160393831683,4.739038202519324,4.700404776456403,4.713282585144043,50600,0.033,0.0
2017-07-19 00:00:00-04:00,4.713279780638671,4.726157581663736,4.674646377563477,4.674646377563477,43800,0.0,0.0
2017-07-20 00:00:00-04:00,4.681084632873535,4.706840232218375,4.674645886552806,4.681084632873535,40900,0.0,0.0
2017-07-21 00:00:00-04:00,4.674646517285096,4.706840867294525,4.674646517285096,4.687524318695068,64400,0.0,0.0
2017-07-24 00:00:00-04:00,4.681086881786981,4.700403744091404,4.642453464209243,4.668209075927734,58500,0.0,0.0
2017-07-25 00:00:00-04:00,4.681087145827838,4.687526202636216,4.610259056091309,4.610259056091309,72700,0.0,0.0
2017-07-26 00:00:00-04:00,4.6424518602446625,4.713279921515014,4.6424518602446625,4.687524318695068,77800,0.0,0.0
2017-07-27 00:00:00-04:00,4.693965993634217,4.693965993634217,4.64889350707092,4.655332565307617,45100,0.0,0.0
2017-07-28 00:00:00-04:00,4.655331538386477,4.693964958190918,4.655331538386477,4.693964958190918,46900,0.0,0.0
2017-07-31 00:00:00-04:00,4.713279921515014,4.719718668704497,4.687524318695068,4.687524318695068,78700,0.0,0.0
2017-08-01 00:00:00-04:00,4.700404776456403,4.713282585144043,4.687526967768762,4.713282585144043,85700,0.0,0.0
2017-08-02 00:00:00-04:00,4.706842764792398,4.719720571393879,4.693964958190918,4.693964958190918,15400,0.0,0.0
2017-08-03 00:00:00-04:00,4.700402120105041,4.739035524334958,4.6810852644745795,4.687524318695068,46800,0.0,0.0
2017-08-04 00:00:00-04:00,4.706843033118488,4.719720840454102,4.693965225782874,4.719720840454102,29700,0.0,0.0
2017-08-07 00:00:00-04:00,4.719718527635706,4.732596328660771,4.674646377563477,4.674646377563477,35300,0.0,0.0
2017-08-08 00:00:00-04:00,4.713279780638671,4.713279780638671,4.668207323535446,4.674646377563477,61300,0.0,0.0
2017-08-09 00:00:00-04:00,4.68108741844726,4.719720840454102,4.661770553928267,4.719720840454102,58000,0.0,0.0
2017-08-10 00:00:00-04:00,4.713279780638671,4.719718527635706,4.661768269507417,4.674646377563477,31800,0.0,0.0
2017-08-11 00:00:00-04:00,4.603820046631506,4.700403744091404,4.603820046631506,4.668209075927734,115800,0.0,0.0
2017-08-14 00:00:00-04:00,4.687525938232159,4.700403744091404,4.642453464209243,4.668209075927734,39800,0.0,0.0
2017-08-15 00:00:00-04:00,4.6766179235071395,4.6766179235071395,4.6378078533727045,4.657212734222412,95800,0.033,0.0
2017-08-16 00:00:00-04:00,4.663680183301748,4.683085059781894,4.644274998386652,4.6701483726501465,57300,0.0,0.0
2017-08-17 00:00:00-04:00,4.6701494242672235,4.689554613551951,4.650744543417516,4.657212734222412,32200,0.0,0.0
2017-08-18 00:00:00-04:00,4.663682768302907,4.676619462605247,4.644277572631836,4.644277572631836,61700,0.0,0.0
2017-08-21 00:00:00-04:00,4.650743401796583,4.683084964752197,4.650743401796583,4.683084964752197,55600,0.0,0.0
2017-08-22 00:00:00-04:00,4.683086114312035,4.696023112791866,4.657212734222412,4.657212734222412,35300,0.0,0.0
2017-08-23 00:00:00-04:00,4.676616775535052,4.702490149273522,4.670148277882963,4.683084964752197,34500,0.0,0.0
2017-08-24 00:00:00-04:00,4.689555644989014,4.689555644989014,4.657213758546089,4.689555644989014,40100,0.0,0.0
2017-08-25 00:00:00-04:00,4.676618121307747,4.676618121307747,4.6313395500183105,4.6313395500183105,34800,0.0,0.0
2017-08-28 00:00:00-04:00,4.6507439613342285,4.663680649759895,4.637807272908562,4.6507439613342285,66500,0.0,0.0
2017-08-29 00:00:00-04:00,4.663680553436279,4.7154273060701675,4.663680553436279,4.663680553436279,97800,0.0,0.0
2017-08-30 00:00:00-04:00,4.663682768302907,4.689556156907587,4.644277572631836,4.644277572631836,72100,0.0,0.0
2017-08-31 00:00:00-04:00,4.6830876555388565,4.689556156907587,4.644277572631836,4.644277572631836,105100,0.0,0.0
2017-09-01 00:00:00-04:00,4.683086114312035,4.683086114312035,4.657212734222412,4.657212734222412,67500,0.0,0.0
2017-09-05 00:00:00-04:00,4.670149621794242,4.670149621794242,4.6313395500183105,4.6313395500183105,78800,0.0,0.0
2017-09-06 00:00:00-04:00,4.637807272908562,4.663680649759895,4.637807272908562,4.6507439613342285,143600,0.0,0.0
2017-09-07 00:00:00-04:00,4.650746074000566,4.670150961236516,4.6378093796982265,4.644277572631836,99600,0.0,0.0
2017-09-08 00:00:00-04:00,4.650743865277807,4.663680553436279,4.644275366981084,4.663680553436279,60900,0.0,0.0
2017-09-11 00:00:00-04:00,4.696022033691406,4.696022033691406,4.6572116640402,4.696022033691406,70400,0.0,0.0
2017-09-12 00:00:00-04:00,4.697971003042718,4.704468727111816,4.691472969130309,4.704468727111816,30600,0.033,0.0
2017-09-13 00:00:00-04:00,4.704470415435171,4.723964214324951,4.697972689034192,4.723964214324951,27700,0.0,0.0
2017-09-14 00:00:00-04:00,4.723964214324951,4.723964214324951,4.697972689034192,4.723964214324951,30800,0.0,0.0
2017-09-15 00:00:00-04:00,4.723964214324951,4.723964214324951,4.691474652789792,4.723964214324951,47500,0.0,0.0
2017-09-18 00:00:00-04:00,4.723964214324951,4.723964214324951,4.697972689034192,4.723964214324951,26800,0.0,0.0
2017-09-19 00:00:00-04:00,4.704470023528141,4.723963820793985,4.697972297668457,4.697972297668457,24000,0.0,0.0
2017-09-20 00:00:00-04:00,4.704468765289118,4.7174648332194,4.671979524993352,4.691473007202148,47900,0.0,0.0
2017-09-21 00:00:00-04:00,4.678478717803955,4.691474479970611,4.671980991642332,4.678478717803955,38000,0.0,0.0
2017-09-22 00:00:00-04:00,4.691473007202148,4.710966799254258,4.67847724911518,4.691473007202148,43500,0.0,0.0
2017-09-25 00:00:00-04:00,4.7109694480896,4.7109694480896,4.678479879682621,4.7109694480896,36600,0.0,0.0
2017-09-26 00:00:00-04:00,4.710966889768651,4.717464923858643,4.67197961475866,4.717464923858643,62500,0.0,0.0
2017-09-27 00:00:00-04:00,4.717465255816975,4.717465255816975,4.619996906511692,4.658984184265137,64100,0.0,0.0
2017-09-28 00:00:00-04:00,4.645991883613549,4.671983421464636,4.632996114688005,4.665485382080078,42100,0.0,0.0
2017-09-29 00:00:00-04:00,4.6979725159756445,4.6979725159756445,4.639491431303987,4.678478717803955,76200,0.0,0.0
2017-10-02 00:00:00-04:00,4.66548190896904,4.684975702767433,4.658984184265137,4.658984184265137,36100,0.0,0.0
2017-10-03 00:00:00-04:00,4.691476919931165,4.691476919931165,4.652489613154534,4.665485382080078,36300,0.0,0.0
2017-10-04 00:00:00-04:00,4.691473948703451,4.69797198397264,4.639490905923438,4.645988941192627,29200,0.0,0.0
2017-10-05 00:00:00-04:00,4.639489514248221,4.652485271044979,4.632991790771484,4.632991790771484,24700,0.0,0.0
2017-10-06 00:00:00-04:00,4.63299421865469,4.63299421865469,4.613500418322344,4.619998455047607,31200,0.0,0.0
2017-10-09 00:00:00-04:00,4.619997419802621,4.645988941192627,4.613499384533431,4.645988941192627,42100,0.0,0.0
2017-10-10 00:00:00-04:00,4.639490127563477,4.639490127563477,4.6199966447130505,4.639490127563477,27200,0.0,0.0
2017-10-11 00:00:00-04:00,4.626495145228434,4.645988941192627,4.619997419802621,4.645988941192627,78600,0.0,0.0
2017-10-12 00:00:00-04:00,4.639489877877678,4.6719794273376465,4.639489877877678,4.6719794273376465,44400,0.0,0.0
2017-10-13 00:00:00-04:00,4.658984106018696,4.684975624084473,4.652486071580585,4.684975624084473,36500,0.0,0.0
2017-10-16 00:00:00-04:00,4.684975437286678,4.684975437286678,4.632992403227776,4.639490127563477,95500,0.0,0.0
2017-10-17 00:00:00-04:00,4.641447730070686,4.667559928194356,4.634919524898791,4.661031723022461,30100,0.033,0.0
2017-10-18 00:00:00-04:00,4.641448198783523,4.654504299163818,4.628392098403229,4.654504299163818,30400,0.0,0.0
2017-10-19 00:00:00-04:00,4.641450442891485,4.680618762969971,4.634922233904002,4.680618762969971,41200,0.0,0.0
2017-10-20 00:00:00-04:00,4.654505082234618,4.667561184811462,4.641448979657773,4.647976875305176,29200,0.0,0.0
2017-10-23 00:00:00-04:00,4.64145036670731,4.64145036670731,4.6022820472717285,4.6022820472717285,79400,0.0,0.0
2017-10-24 00:00:00-04:00,4.608811210313594,4.615339420986378,4.595755100250244,4.595755100250244,44700,0.0,0.0
2017-10-25 00:00:00-04:00,4.608810251258776,4.608810251258776,4.589226245880127,4.589226245880127,73600,0.0,0.0
2017-10-26 00:00:00-04:00,4.576169494396705,4.589225599905425,4.563113077605877,4.58269739151001,76400,0.0,0.0
2017-10-27 00:00:00-04:00,4.58269739151001,4.5957534970187295,4.556585180492571,4.58269739151001,71000,0.0,0.0
2017-10-30 00:00:00-04:00,4.576171090796328,4.595755100250244,4.569642880123544,4.595755100250244,57900,0.0,0.0
2017-10-31 00:00:00-04:00,4.582695906987356,4.589224113268017,4.5304715018701,4.543527603149414,127600,0.0,0.0
2017-11-01 00:00:00-04:00,4.550056155744885,4.563112258911133,4.523943949412391,4.563112258911133,99700,0.0,0.0
2017-11-02 00:00:00-04:00,4.550056235016499,4.563112338410211,4.49783182144165,4.49783182144165,111500,0.0,0.0
2017-11-03 00:00:00-04:00,4.484775887503028,4.504360198974609,4.471719783615997,4.504360198974609,142000,0.0,0.0
2017-11-06 00:00:00-05:00,4.484776840024693,4.517417262315804,4.478248942335752,4.510889053344727,102500,0.0,0.0
2017-11-07 00:00:00-05:00,4.504360198974609,4.5174163028616405,4.484775887503028,4.504360198974609,116800,0.0,0.0
2017-11-08 00:00:00-05:00,4.51088809527709,4.530472406748671,4.497831991390059,4.504360198974609,166700,0.0,0.0
2017-11-09 00:00:00-05:00,4.504359374261581,4.517415475758141,4.4782471712684595,4.484775066375732,92500,0.0,0.0
2017-11-10 00:00:00-05:00,4.4782471712684595,4.484775066375732,4.458662863382612,4.484775066375732,86700,0.0,0.0
2017-11-13 00:00:00-05:00,4.484775718047938,4.510887924835362,4.484775718047938,4.49783182144165,78700,0.0,0.0
2017-11-14 00:00:00-05:00,4.479467722078123,4.518818792357734,4.479467722078123,4.512260437011719,81900,0.032,0.0
2017-11-15 00:00:00-05:00,4.50570300715685,4.551612758133577,4.50570300715685,4.525378704071045,76300,0.0,0.0
2017-11-16 00:00:00-05:00,4.518819655966015,4.564729403100128,4.518819655966015,4.551612377166748,126900,0.0,0.0
2017-11-17 00:00:00-05:00,4.545054088250647,4.551612758133577,4.518820034188115,4.525378704071045,70800,0.0,0.0
2017-11-20 00:00:00-05:00,4.525377336666856,4.531935691833496,4.505701645697937,4.531935691833496,78900,0.0,0.0
2017-11-21 00:00:00-05:00,4.518820034188115,4.545054088250647,4.518820034188115,4.525378704071045,66700,0.0,0.0
2017-11-22 00:00:00-05:00,4.525375795657993,4.545051167192434,4.486024739854719,4.50570011138916,177100,0.0,0.0
2017-11-24 00:00:00-05:00,4.505701001017815,4.512259667980534,4.479466958635849,4.499142646789551,33200,0.0,0.0
2017-11-27 00:00:00-05:00,4.518817129990252,4.518817129990252,4.486024739854719,4.50570011138916,83400,0.0,0.0
2017-11-28 00:00:00-05:00,4.505701001017815,4.518818022208799,4.486025625598568,4.499142646789551,67700,0.0,0.0
2017-11-29 00:00:00-05:00,4.486026390158645,4.512260437011719,4.486026390158645,4.512260437011719,83800,0.0,0.0
2017-11-30 00:00:00-05:00,4.49914175845581,4.512258777056902,4.486024739854719,4.50570011138916,58900,0.0,0.0
2017-12-01 00:00:00-05:00,4.512260023703196,4.518818378448486,4.486025979253077,4.518818378448486,82400,0.0,0.0
2017-12-04 00:00:00-05:00,4.50570011138916,4.50570011138916,4.472907721253628,4.50570011138916,111600,0.0,0.0
2017-12-05 00:00:00-05:00,4.486026267463518,4.531935691833496,4.472909244395738,4.531935691833496,115700,0.0,0.0
2017-12-06 00:00:00-05:00,4.518818957407236,4.55817002912414,4.518818957407236,4.545053005218506,88600,0.0,0.0
2017-12-07 00:00:00-05:00,4.558170318603516,4.56472898734012,4.538494937862783,4.558170318603516,115900,0.0,0.0
2017-12-08 00:00:00-05:00,4.551612088884333,4.558170445068358,4.538495063781738,4.538495063781738,105100,0.0,0.0
2017-12-11 00:00:00-05:00,4.53849569785504,4.571288108825684,4.531937028020157,4.571288108825684,56500,0.0,0.0
2017-12-12 00:00:00-05:00,4.538495063781738,4.558170445068358,4.531936394863167,4.538495063781738,90100,0.0,0.0
2017-12-13 00:00:00-05:00,4.5384946496329475,4.545053005218506,4.512260601821677,4.545053005218506,140200,0.0,0.0
2017-12-14 00:00:00-05:00,4.538495731102311,4.551612758133577,4.525378704071045,4.525378704071045,144800,0.0,0.0
2017-12-15 00:00:00-05:00,4.55817002912414,4.55817002912414,4.525377625727312,4.545053005218506,106800,0.0,0.0
2017-12-18 00:00:00-05:00,4.5319341485913425,4.558168185793526,4.50570011138916,4.50570011138916,69400,0.0,0.0
2017-12-19 00:00:00-05:00,4.513609285369161,4.53337705579824,4.441127879393274,4.454306602478027,288400,0.032,0.0
2017-12-20 00:00:00-05:00,4.447715120254341,4.493839686464519,4.434536717651134,4.487250328063965,243200,0.0,0.0
2017-12-21 00:00:00-05:00,4.467482881258104,4.513607133270381,4.467482881258104,4.487250328063965,129000,0.0,0.0
2017-12-22 00:00:00-05:00,4.5136089248753235,4.533376693725586,4.493841470223087,4.533376693725586,146000,0.0,0.0
2017-12-26 00:00:00-05:00,4.52019739151001,4.546554201963295,4.5070189862833665,4.52019739151001,144200,0.0,0.0
2017-12-27 00:00:00-05:00,4.513608873352641,4.533376641977256,4.500430465668907,4.526787281036377,113000,0.0,0.0
2017-12-28 00:00:00-05:00,4.513609521168774,4.5333772926305596,4.500431111593606,4.507020473480225,105900,0.0,0.0
2017-12-29 00:00:00-05:00,4.520198234293521,4.526787281036377,4.507019826609786,4.526787281036377,102800,0.0,0.0
2018-01-02 00:00:00-05:00,4.539964842250992,4.539964842250992,4.513608031797706,4.52019739151001,117200,0.0,0.0
2018-01-03 00:00:00-05:00,4.5399656887201125,4.5399656887201125,4.513608873352641,4.526787281036377,99200,0.0,0.0
2018-01-04 00:00:00-05:00,4.539965629577637,4.546554990432676,4.526787222065577,4.539965629577637,108700,0.0,0.0
2018-01-05 00:00:00-05:00,4.5465569496154785,4.5465569496154785,4.52020012323379,4.5465569496154785,59100,0.0,0.0
2018-01-08 00:00:00-05:00,4.559733338888592,4.5795007928016505,4.520198116864462,4.5531439781188965,175800,0.0,0.0
2018-01-09 00:00:00-05:00,4.559735362806323,4.566324412302668,4.533378536424634,4.5465569496154785,91300,0.0,0.0
2018-01-10 00:00:00-05:00,4.546555049660991,4.546555049660991,4.507019826609786,4.526787281036377,152500,0.0,0.0
2018-01-11 00:00:00-05:00,4.526786437024349,4.546554201963295,4.513608031797706,4.52019739151001,83600,0.0,0.0
2018-01-12 00:00:00-05:00,4.520199248588911,4.546556069870635,4.507020837948049,4.513609886169434,153100,0.0,0.0
2018-01-16 00:00:00-05:00,4.561273459280029,4.561273459280029,4.514932710898814,4.528172969818115,102100,0.032,0.0
2018-01-17 00:00:00-05:00,4.5480330003529055,4.554653287357754,4.508312225341797,4.508312225341797,63400,0.0,0.0
2018-01-18 00:00:00-05:00,4.514932512346644,4.5480330003529055,4.501692254009608,4.508312225341797,134500,0.0,0.0
2018-01-19 00:00:00-05:00,4.5281733693710295,4.53479334157847,4.5083128214033055,4.514933109283447,53800,0.0,0.0
2018-01-22 00:00:00-05:00,4.5281733693710295,4.541413629458612,4.495072561315723,4.514933109283447,152900,0.0,0.0
2018-01-23 00:00:00-05:00,4.53479301977959,4.5480332789276146,4.514932788893892,4.541413307189941,139500,0.0,0.0
2018-01-24 00:00:00-05:00,4.548033237457275,4.567893783834557,4.534792978429979,4.548033237457275,171200,0.0,0.0
2018-01-25 00:00:00-05:00,4.561274093943354,4.561274093943354,4.528173599875781,4.554654121398926,146900,0.0,0.0
2018-01-26 00:00:00-05:00,4.554654121398926,4.554654121398926,4.508313050897064,4.554654121398926,142300,0.0,0.0
2018-01-29 00:00:00-05:00,4.528173903270128,4.528173903270128,4.455352306365967,4.455352306365967,198500,0.0,0.0
2018-01-30 00:00:00-05:00,4.435491963623272,4.455352514862084,4.40239146578892,4.4222517013549805,218500,0.0,0.0
2018-01-31 00:00:00-05:00,4.448731788832934,4.4752126264407,4.402391033282965,4.415631294250488,141500,0.0,0.0
2018-02-01 00:00:00-05:00,4.415631403857393,4.468592449042107,4.39577085407676,4.448731899261475,126200,0.0,0.0
2018-02-02 00:00:00-05:00,4.428873493693381,4.475214585199121,4.409012935712961,4.435493469238281,159400,0.0,0.0
2018-02-05 00:00:00-05:00,4.442111816185533,4.448731788832934,4.382530483995321,4.415631294250488,131000,0.0,0.0
2018-02-06 00:00:00-05:00,4.435491527865411,4.468592338120578,4.3891507723154435,4.415631294250488,219200,0.0,0.0
2018-02-07 00:00:00-05:00,4.442113657378769,4.47521448135376,4.442113657378769,4.47521448135376,141400,0.0,0.0
2018-02-08 00:00:00-05:00,4.501693053139944,4.501693053139944,4.442111722210209,4.481832504272461,58200,0.0,0.0
2018-02-09 00:00:00-05:00,4.481832829663346,4.481832829663346,4.442112044717278,4.455352306365967,25200,0.0,0.0
2018-02-12 00:00:00-05:00,4.448732017705253,4.48845311832406,4.435491756056564,4.455352306365967,80500,0.0,0.0
2018-02-13 00:00:00-05:00,4.456018131804275,4.47597059190421,4.442716597448849,4.449367523193359,47300,0.031,0.0
2018-02-14 00:00:00-05:00,4.4493646589508264,4.475967710536178,4.436063133158151,4.442713737487793,43000,0.0,0.0
2018-02-15 00:00:00-05:00,4.456017336395809,4.456017336395809,4.416112740452586,4.436065196990967,91200,0.0,0.0
2018-02-16 00:00:00-05:00,4.436065196990967,4.462668260953115,4.429414272433661,4.436065196990967,78000,0.0,0.0
2018-02-20 00:00:00-05:00,4.456015249310742,4.475967696503899,4.402809146306841,4.409460067749023,118400,0.0,0.0
2018-02-21 00:00:00-05:00,4.402811370298842,4.416112902768821,4.376208305358887,4.376208305358887,97000,0.0,0.0
2018-02-22 00:00:00-05:00,4.396158541998048,4.409460067749023,4.369555490496098,4.409460067749023,47500,0.0,0.0
2018-02-23 00:00:00-05:00,4.409463244354655,4.429415388788076,4.3895107827876165,4.41611385345459,61600,0.0,0.0
2018-02-26 00:00:00-05:00,4.409461183525548,4.436064241759175,4.409461183525548,4.429413318634033,47900,0.0,0.0
2018-02-27 00:00:00-05:00,4.422763666416997,4.436065198402303,4.389509677886963,4.389509677886963,46200,0.0,0.0
2018-02-28 00:00:00-05:00,4.409462774712199,4.409462774712199,4.382859706878662,4.382859706878662,53700,0.0,0.0
2018-03-01 00:00:00-05:00,4.382859070583901,4.39616060256958,4.369557538598222,4.39616060256958,69100,0.0,0.0
2018-03-02 00:00:00-05:00,4.3828590704610795,4.396160602446385,4.376208145901657,4.389509677886963,27200,0.0,0.0
2018-03-05 00:00:00-05:00,4.39616060256958,4.416112741981329,4.389509678009972,4.39616060256958,32700,0.0,0.0
2018-03-06 00:00:00-05:00,4.389510315270254,4.396161240795431,4.376208781353485,4.382859706878662,139400,0.0,0.0
2018-03-07 00:00:00-05:00,4.376208146024293,4.39616060256958,4.376208146024293,4.39616060256958,30600,0.0,0.0
2018-03-08 00:00:00-05:00,4.3828590704610795,4.396160602446385,4.369557538475773,4.389509677886963,135100,0.0,0.0
2018-03-09 00:00:00-05:00,4.376208146024293,4.409462134555259,4.369557538598222,4.39616060256958,143100,0.0,0.0
2018-03-12 00:00:00-04:00,4.39616060256958,4.422763666540938,4.39616060256958,4.39616060256958,42500,0.0,0.0
2018-03-13 00:00:00-04:00,4.390145668698308,4.410191816997308,4.376781463623047,4.376781463623047,69200,0.031,0.0
2018-03-14 00:00:00-04:00,4.396829259844419,4.410193469928559,4.3834650497602805,4.4035115242004395,50400,0.0,0.0
2018-03-15 00:00:00-04:00,4.390146812937392,4.410192966461182,4.383464549344218,4.410192966461182,54700,0.0,0.0
2018-03-16 00:00:00-04:00,4.390146812937392,4.416875230054355,4.390146812937392,4.410192966461182,91000,0.0,0.0
2018-03-19 00:00:00-04:00,4.396827846860263,4.396827846860263,4.330006817913471,4.3567352294921875,211300,0.0,0.0
2018-03-20 00:00:00-04:00,4.3567369015643775,4.370101112482787,4.336690425872803,4.336690425872803,56800,0.0,0.0
2018-03-21 00:00:00-04:00,4.3300089836120605,4.343373196085667,4.323326718061278,4.3300089836120605,72800,0.0,0.0
2018-03-22 00:00:00-04:00,4.316640270544948,4.35673286616463,4.316640270544948,4.350050926208496,67800,0.0,0.0
2018-03-23 00:00:00-04:00,4.350053654070507,4.350053654070507,4.336689128522266,4.343371391296387,35300,0.0,0.0
2018-03-26 00:00:00-04:00,4.343371023702829,4.3567352294921875,4.316642612124113,4.3567352294921875,76700,0.0,0.0
2018-03-27 00:00:00-04:00,4.363418102264404,4.370100046780174,4.343371631461408,4.363418102264404,64100,0.0,0.0
2018-03-28 00:00:00-04:00,4.350053894605022,4.383464254439557,4.350053894605022,4.363418102264404,66900,0.0,0.0
2018-03-29 00:00:00-04:00,4.390145903279483,4.396827846860263,4.3567352294921875,4.3567352294921875,70800,0.0,0.0
2018-04-02 00:00:00-04:00,4.363417860990921,4.376782067911336,4.343371391296387,4.343371391296387,58500,0.0,0.0
2018-04-03 00:00:00-04:00,4.376781697490125,4.376781697490125,4.343371023702829,4.3567352294921875,96000,0.0,0.0
2018-04-04 00:00:00-04:00,4.350053053472525,4.376781463623047,4.336688529769481,4.376781463623047,50300,0.0,0.0
2018-04-05 00:00:00-04:00,4.383464336395264,4.383464336395264,4.35005397593607,4.383464336395264,72800,0.0,0.0
2018-04-06 00:00:00-04:00,4.410192966461182,4.450285592136627,4.390146812937392,4.410192966461182,144700,0.0,0.0
2018-04-09 00:00:00-04:00,4.383464443193372,4.403510914859577,4.383464443193372,4.396828651428223,62900,0.0,0.0
2018-04-10 00:00:00-04:00,4.4235575742651845,4.430239838461461,4.3901472091674805,4.3901472091674805,87400,0.0,0.0
2018-04-11 00:00:00-04:00,4.410192752213759,4.410192752213759,4.376782391754565,4.383464336395264,85600,0.0,0.0
2018-04-12 00:00:00-04:00,4.376781697490125,4.390145903279483,4.3567352294921875,4.3567352294921875,69400,0.0,0.0
2018-04-13 00:00:00-04:00,4.3567349966962645,4.376781463623047,4.3567349966962645,4.376781463623047,55700,0.0,0.0
2018-04-16 00:00:00-04:00,4.36341512474839,4.376779323288285,4.350050926208496,4.350050926208496,62800,0.0,0.0
2018-04-17 00:00:00-04:00,4.377580453463879,4.377580453463879,4.330581774920875,4.337296009063721,78600,0.031,0.0
2018-04-18 00:00:00-04:00,4.330583261596304,4.35743956708276,4.330583261596304,4.3507256507873535,178700,0.0,0.0
2018-04-19 00:00:00-04:00,4.35743914935819,4.3641533851623535,4.344010997902248,4.3641533851623535,168100,0.0,0.0
2018-04-20 00:00:00-04:00,4.3507256507873535,4.35743956708276,4.3507256507873535,4.3507256507873535,21900,0.0,0.0
2018-04-23 00:00:00-04:00,4.350725233706411,4.3641533851623535,4.344010997902248,4.3641533851623535,47000,0.0,0.0
2018-04-24 00:00:00-04:00,4.35743956708276,4.35743956708276,4.330583261596304,4.3507256507873535,89200,0.0,0.0
2018-04-25 00:00:00-04:00,4.337295421435087,4.3440093345160085,4.303724895573695,4.330581188201904,79700,0.0,0.0
2018-04-26 00:00:00-04:00,4.350727030062464,4.3641551870627096,4.344012791486082,4.357440948486328,73800,0.0,0.0
2018-04-27 00:00:00-04:00,4.384296417236328,4.384296417236328,4.350725873582942,4.384296417236328,47400,0.0,0.0
2018-04-30 00:00:00-04:00,4.3775783020177625,4.384292532860769,4.364150160483898,4.370864391326904,81900,0.0,0.0
2018-05-01 00:00:00-04:00,4.364154451785274,4.397724998706146,4.350726297047418,4.391010761260986,106600,0.0,0.0
2018-05-02 00:00:00-04:00,4.37086826380546,4.384296417236328,4.350725873582942,4.384296417236328,97100,0.0,0.0
2018-05-03 00:00:00-04:00,4.370868321233887,4.397724628448486,4.364154084354019,4.397724628448486,110400,0.0,0.0
2018-05-04 00:00:00-04:00,4.384296417236328,4.391010333875546,4.36415402701381,4.384296417236328,70500,0.0,0.0
2018-05-07 00:00:00-04:00,4.384296417236328,4.384296417236328,4.350725873582942,4.384296417236328,63100,0.0,0.0
2018-05-08 00:00:00-04:00,4.364150160483898,4.3775783020177625,4.350722018950034,4.370864391326904,45200,0.0,0.0
2018-05-09 00:00:00-04:00,4.357435929640892,4.391006443551627,4.344007788107027,4.370864391326904,94900,0.0,0.0
2018-05-10 00:00:00-04:00,4.384295596254844,4.431293964385986,4.370867445338465,4.431293964385986,105500,0.0,0.0
2018-05-11 00:00:00-04:00,4.411152075334345,4.411152075334345,4.3641533851623535,4.3641533851623535,88300,0.0,0.0
2018-05-14 00:00:00-04:00,4.391009391412948,4.411151777312212,4.384295476214768,4.40443754196167,67900,0.0,0.0
2018-05-15 00:00:00-04:00,4.398365020751953,4.398365020751953,4.371381211923665,4.398365020751953,86500,0.031,0.0
2018-05-16 00:00:00-04:00,4.398365020751953,4.405111133795213,4.3848731163378085,4.398365020751953,70300,0.0,0.0
2018-05-17 00:00:00-04:00,4.398366730367588,4.405112846033018,4.3848748207092285,4.3848748207092285,84000,0.0,0.0
2018-05-18 00:00:00-04:00,4.378128151103143,4.411858081817627,4.378128151103143,4.411858081817627,62000,0.0,0.0
2018-05-21 00:00:00-04:00,4.4186060213479035,4.4186060213479035,4.378129959106445,4.378129959106445,61200,0.0,0.0
2018-05-22 00:00:00-04:00,4.405111133795213,4.405111133795213,4.37812700329455,4.398365020751953,56000,0.0,0.0
2018-05-23 00:00:00-04:00,4.411860830138785,4.432098865509033,4.391623116441196,4.432098865509033,74200,0.0,0.0
2018-05-24 00:00:00-04:00,4.4523342057640445,4.4523342057640445,4.411858478272938,4.438842296600342,53300,0.0,0.0
2018-05-25 00:00:00-04:00,4.452334945281586,4.452334945281586,4.418605327606201,4.418605327606201,32300,0.0,0.0
2018-05-29 00:00:00-04:00,4.45907908703118,4.45907908703118,4.445587181601668,4.452332973480225,91800,0.0,0.0
2018-05-30 00:00:00-04:00,4.445587181601668,4.465824878909737,4.445587181601668,4.452332973480225,51100,0.0,0.0
2018-05-31 00:00:00-04:00,4.479317863810526,4.499555887668158,4.465825955129597,4.492809772491455,98400,0.0,0.0
2018-06-01 00:00:00-04:00,4.4928115705514875,4.519795398712494,4.486065774347538,4.513049602508545,99600,0.0,0.0
2018-06-04 00:00:00-04:00,4.52654249078841,4.52654249078841,4.4995586568199615,4.519796371459961,58400,0.0,0.0
2018-06-05 00:00:00-04:00,4.526540756225586,4.533286551296384,4.506302727668091,4.526540756225586,59600,0.0,0.0
2018-06-06 00:00:00-04:00,4.52654249078841,4.52654249078841,4.513050573804186,4.519796371459961,38600,0.0,0.0
2018-06-07 00:00:00-04:00,4.526540164200139,4.526540164200139,4.479318318190488,4.486064434051514,75800,0.0,0.0
2018-06-08 00:00:00-04:00,4.49281022824003,4.506302138289572,4.479318318190488,4.486064434051514,52900,0.0,0.0
2018-06-11 00:00:00-04:00,4.4928125374915115,4.519796371459961,4.472574822851512,4.519796371459961,38300,0.0,0.0
2018-06-12 00:00:00-04:00,4.513694390615265,4.5204718647958915,4.4865851402282715,4.4865851402282715,131300,0.031,0.0
2018-06-13 00:00:00-04:00,4.493362086233949,4.513693860050406,4.486584612849985,4.500139236450195,47900,0.0,0.0
2018-06-14 00:00:00-04:00,4.506916143820243,4.527247915083276,4.479806900024414,4.479806900024414,57900,0.0,0.0
2018-06-15 00:00:00-04:00,4.486584765395092,4.5136940135172345,4.459475517272949,4.459475517272949,48900,0.0,0.0
2018-06-18 00:00:00-04:00,4.466252789023611,4.513693809509277,4.445920692267101,4.513693809509277,69200,0.0,0.0
2018-06-19 00:00:00-04:00,4.513695946899231,4.534028053283691,4.493364163682638,4.534028053283691,134200,0.0,0.0
2018-06-20 00:00:00-04:00,4.534025240660245,4.540802389805704,4.506915997743075,4.52047061920166,43100,0.0,0.0
2018-06-21 00:00:00-04:00,4.506916522979736,4.534025769056222,4.506916522979736,4.506916522979736,78200,0.0,0.0
2018-06-22 00:00:00-04:00,4.5204713334343705,4.53402595703458,4.500139236450195,4.500139236450195,26100,0.0,0.0
2018-06-25 00:00:00-04:00,4.5204713334343705,4.53402595703458,4.500139236450195,4.500139236450195,47500,0.0,0.0
2018-06-26 00:00:00-04:00,4.506916143820243,4.513693293185361,4.473029427491618,4.479806900024414,38200,0.0,0.0
2018-06-27 00:00:00-04:00,4.500139236450195,4.500139236450195,4.466252839033529,4.500139236450195,79200,0.0,0.0
2018-06-28 00:00:00-04:00,4.493362239009492,4.5136940135172345,4.459475517272949,4.459475517272949,77600,0.0,0.0
2018-06-29 00:00:00-04:00,4.500139681406874,4.520471780401409,4.466253280639648,4.466253280639648,87500,0.0,0.0
2018-07-02 00:00:00-04:00,4.513694890710156,4.561136245727539,4.479808485555847,4.561136245727539,166000,0.0,0.0
2018-07-03 00:00:00-04:00,4.561137001982762,4.567914154870187,4.493363857269287,4.493363857269287,73400,0.0,0.0
2018-07-05 00:00:00-04:00,4.520470471799645,4.527247620724117,4.459474515641114,4.473029136657715,87300,0.0,0.0
2018-07-06 00:00:00-04:00,4.459477291234636,4.473031920687683,4.445922661781589,4.452700138092041,109500,0.0,0.0
2018-07-09 00:00:00-04:00,4.452698366826278,4.466252990887349,4.445920893211878,4.459475517272949,41000,0.0,0.0
2018-07-10 00:00:00-04:00,4.459474133557646,4.500137993123407,4.425587745503327,4.445919513702393,130000,0.0,0.0
2018-07-11 00:00:00-04:00,4.452698030826765,4.506916522979736,4.445920557723792,4.506916522979736,86800,0.0,0.0
2018-07-12 00:00:00-04:00,4.540806293487549,4.540806293487549,4.4933652391817756,4.540806293487549,89700,0.0,0.0
2018-07-13 00:00:00-04:00,4.52047061920166,4.540802389805704,4.500138525429949,4.52047061920166,87300,0.0,0.0
2018-07-16 00:00:00-04:00,4.540804037937492,4.588245391845703,4.534026886332195,4.588245391845703,167500,0.0,0.0
2018-07-17 00:00:00-04:00,4.601860220144603,4.629090135385183,4.595052579031361,4.615475177764893,33900,0.03,0.0
2018-07-18 00:00:00-04:00,4.62228249427194,4.629090135385183,4.595052579031361,4.615475177764893,61900,0.0,0.0
2018-07-19 00:00:00-04:00,4.6222827986962285,4.635897757213201,4.58143792314531,4.601860523223877,67800,0.0,0.0
2018-07-20 00:00:00-04:00,4.601860523223877,4.608667840179256,4.595052881662283,4.601860523223877,26500,0.0,0.0
2018-07-23 00:00:00-04:00,4.642705582760453,4.642705582760453,4.595053063759519,4.622282981872559,42700,0.0,0.0
2018-07-24 00:00:00-04:00,4.629090135385183,4.6495124095125195,4.608667536651651,4.615475177764893,108400,0.0,0.0
2018-07-25 00:00:00-04:00,4.642705093005472,4.642705093005472,4.608667536651651,4.615475177764893,49000,0.0,0.0
2018-07-26 00:00:00-04:00,4.642706369883837,4.642706369883837,4.5882461998183635,4.608668804168701,42400,0.0,0.0
2018-07-27 00:00:00-04:00,4.635896846622497,4.669934398532324,4.601859619318823,4.642704486846924,64300,0.0,0.0
2018-07-30 00:00:00-04:00,4.6631286496278905,4.6631286496278905,4.601861485789445,4.608668804168701,38500,0.0,0.0
2018-07-31 00:00:00-04:00,4.663127674247147,4.663127674247147,4.595052881662283,4.601860523223877,71100,0.0,0.0
2018-08-01 00:00:00-04:00,4.635897496133826,4.656320095062256,4.6086675806333846,4.656320095062256,62600,0.0,0.0
2018-08-02 00:00:00-04:00,4.683551106562436,4.683551106562436,4.622283620046114,4.629091262817383,90800,0.0,0.0
2018-08-03 00:00:00-04:00,4.64951354191864,4.64951354191864,4.622283620046114,4.629091262817383,18800,0.0,0.0
2018-08-06 00:00:00-04:00,4.635897940929079,4.649512899985598,4.622282981872559,4.622282981872559,51100,0.0,0.0
2018-08-07 00:00:00-04:00,4.629090623703933,4.642705582760453,4.622282981872559,4.622282981872559,22900,0.0,0.0
2018-08-08 00:00:00-04:00,4.622282981872559,4.635897940929079,4.615475664647413,4.622282981872559,34400,0.0,0.0
2018-08-09 00:00:00-04:00,4.6495124095125195,4.6495124095125195,4.601860220144603,4.615475177764893,26900,0.0,0.0
2018-08-10 00:00:00-04:00,4.608668659109851,4.629091262817383,4.608668659109851,4.629091262817383,29800,0.0,0.0
2018-08-13 00:00:00-04:00,4.62228190236379,4.649511814117432,4.62228190236379,4.649511814117432,31300,0.0,0.0
2018-08-14 00:00:00-04:00,4.649512480532355,4.663187503814697,4.649512480532355,4.663187503814697,40000,0.03,0.0
2018-08-15 00:00:00-04:00,4.663186094758676,4.683698460464915,4.642673403014262,4.670023441314697,61000,0.0,0.0
2018-08-16 00:00:00-04:00,4.676861113908894,4.683698460464915,4.663186094758676,4.670023441314697,22900,0.0,0.0
2018-08-17 00:00:00-04:00,4.66318664277191,4.66318664277191,4.608486233704525,4.635836601257324,87500,0.0,0.0
2018-08-20 00:00:00-04:00,4.690536684286497,4.690536684286497,4.628998927859572,4.635836601257324,47000,0.0,0.0
2018-08-21 00:00:00-04:00,4.6700232470359095,4.6700232470359095,4.622160845020371,4.65634822845459,27900,0.0,0.0
2018-08-22 00:00:00-04:00,4.656348969374157,4.656348969374157,4.622161580500031,4.635836601257324,41100,0.0,0.0
2018-08-23 00:00:00-04:00,4.629001325613835,4.649514030394158,4.629001325613835,4.64267635345459,8900,0.0,0.0
2018-08-24 00:00:00-04:00,4.649513657614416,4.649513657614416,4.615325927734375,4.615325927734375,19000,0.0,0.0
2018-08-27 00:00:00-04:00,4.6290009544787205,4.642675981223066,4.615325927734375,4.615325927734375,63900,0.0,0.0
2018-08-28 00:00:00-04:00,4.608487587405057,4.622162938217571,4.601650238037109,4.601650238037109,41100,0.0,0.0
2018-08-29 00:00:00-04:00,4.608487587405057,4.622162938217571,4.594812562630853,4.601650238037109,39600,0.0,0.0
2018-08-30 00:00:00-04:00,4.601651543420718,4.629001600727715,4.601651543420718,4.622164249420166,54300,0.0,0.0
2018-08-31 00:00:00-04:00,4.622164249420166,4.635839278073665,4.608488894728267,4.622164249420166,83700,0.0,0.0
2018-09-04 00:00:00-04:00,4.642676414118483,4.683701498176807,4.642676414118483,4.676864147186279,61400,0.0,0.0
2018-09-05 00:00:00-04:00,4.66318664277191,4.676861663529204,4.635836601257324,4.635836601257324,70900,0.0,0.0
2018-09-06 00:00:00-04:00,4.629001077652541,4.642676104760768,4.594813346862793,4.594813346862793,73900,0.0,0.0
2018-09-07 00:00:00-04:00,4.594815073598635,4.642677849483485,4.581140041351318,4.581140041351318,44700,0.0,0.0
2018-09-10 00:00:00-04:00,4.594811419169096,4.62216178794942,4.581136397798049,4.5879740715026855,53600,0.0,0.0
2018-09-11 00:00:00-04:00,4.594813346862793,4.601651023436088,4.567463292646341,4.594813346862793,87200,0.0,0.0
2018-09-12 00:00:00-04:00,4.608490105845951,4.608490105845951,4.574302688246903,4.581140041351318,55600,0.0,0.0
2018-09-13 00:00:00-04:00,4.574300030639487,4.587975054941796,4.526437282562256,4.526437282562256,94900,0.0,0.0
2018-09-14 00:00:00-04:00,4.526435943682443,4.5742986776023,4.499085903167725,4.499085903167725,96600,0.0,0.0
2018-09-17 00:00:00-04:00,4.499087415903855,4.5059250913506785,4.458062341337844,4.464900016784668,67200,0.0,0.0
2018-09-18 00:00:00-04:00,4.464897566272034,4.471766796671522,4.416813936104418,4.423683166503906,152800,0.03,0.0
2018-09-19 00:00:00-04:00,4.4374237060546875,4.471769221590904,4.4305544719302,4.4374237060546875,76800,0.0,0.0
2018-09-20 00:00:00-04:00,4.430554027853759,4.478637679276394,4.4236851219608555,4.46489953994751,84900,0.0,0.0
2018-09-21 00:00:00-04:00,4.471767902374268,4.478636806929248,4.4648986702762725,4.471767902374268,40200,0.0,0.0
2018-09-24 00:00:00-04:00,4.458028335872546,4.464897566272034,4.423683166503906,4.423683166503906,69800,0.0,0.0
2018-09-25 00:00:00-04:00,4.4236845313035404,4.437422668798088,4.409946393808994,4.430553436279297,66700,0.0,0.0
2018-09-26 00:00:00-04:00,4.423684990984062,4.437423129906186,4.389339479907215,4.416815757751465,99800,0.0,0.0
2018-09-27 00:00:00-04:00,4.396208713139812,4.430553896673589,4.389339479907215,4.416815757751465,89500,0.0,0.0
2018-09-28 00:00:00-04:00,4.423686932586822,4.458032131195068,4.403079551387304,4.458032131195068,58900,0.0,0.0
2018-10-01 00:00:00-04:00,4.444290290374103,4.478635787963867,4.437421387381914,4.478635787963867,44100,0.0,0.0
2018-10-02 00:00:00-04:00,4.4648989437871816,4.478637081281728,4.430553436279297,4.430553436279297,65100,0.0,0.0
2018-10-03 00:00:00-04:00,4.430552069360461,4.451159433015992,4.416813936104418,4.423683166503906,153200,0.0,0.0
2018-10-04 00:00:00-04:00,4.403077209057079,4.43055348434425,4.368732028719634,4.409946441650391,55600,0.0,0.0
2018-10-05 00:00:00-04:00,4.341255207437516,4.396207751100537,4.341255207437516,4.3549933433532715,101200,0.0,0.0
2018-10-08 00:00:00-04:00,4.3756042087289595,4.389342356654981,4.327520854759525,4.341259002685547,116100,0.0,0.0
2018-10-09 00:00:00-04:00,4.375602710023493,4.375602710023493,4.341257515743792,4.3618645668029785,130100,0.0,0.0
2018-10-10 00:00:00-04:00,4.341257054698598,4.3756022453308105,4.341257054698598,4.3756022453308105,64200,0.0,0.0
2018-10-11 00:00:00-04:00,4.348124485822421,4.348124485822421,4.300041169750739,4.334386348724365,95500,0.0,0.0
2018-10-12 00:00:00-04:00,4.348124980926514,4.348124980926514,4.320648703601786,4.348124980926514,53800,0.0,0.0
2018-10-15 00:00:00-04:00,4.334385499837746,4.403076171875,4.334385499837746,4.403076171875,90600,0.0,0.0
2018-10-16 00:00:00-04:00,4.382375399523941,4.389276936169539,4.361671447753906,4.361671447753906,43900,0.03,0.0
2018-10-17 00:00:00-04:00,4.361670715557579,4.382374663852029,4.3271636962890625,4.3271636962890625,69900,0.0,0.0
2018-10-18 00:00:00-04:00,4.3271636962890625,4.334065231776096,4.292656677020546,4.3271636962890625,142300,0.0,0.0
2018-10-19 00:00:00-04:00,4.306458357092113,4.313359890877474,4.271951675415039,4.271951675415039,74300,0.0,0.0
2018-10-22 00:00:00-04:00,4.2857540549130455,4.313359529575673,4.271951317581732,4.306457996368408,51300,0.0,0.0
2018-10-23 00:00:00-04:00,4.306458205990238,4.3133597395334435,4.27195152552391,4.2926554679870605,92900,0.0,0.0
2018-10-24 00:00:00-04:00,4.2926554679870605,4.3133597395334435,4.202937835508021,4.2926554679870605,173900,0.0,0.0
2018-10-25 00:00:00-04:00,4.285754680633545,4.306458625111684,4.2443464625940015,4.285754680633545,105200,0.0,0.0
2018-10-26 00:00:00-04:00,4.278854528711761,4.3133615527672475,4.258150577545166,4.258150577545166,85400,0.0,0.0
2018-10-29 00:00:00-04:00,4.2512473490295815,4.265050087341369,4.216740667791731,4.223641872406006,133900,0.0,0.0
2018-10-30 00:00:00-04:00,4.209840033741918,4.223642775003368,4.182234551219019,4.196037292480469,177800,0.0,0.0
2018-10-31 00:00:00-04:00,4.202937543485283,4.216740280529438,4.1684305363332905,4.175332069396973,181100,0.0,0.0
2018-11-01 00:00:00-04:00,4.17533291938224,4.244346618652344,4.17533291938224,4.244346618652344,241100,0.0,0.0
2018-11-02 00:00:00-04:00,4.223641926167244,4.285754413902517,4.223641926167244,4.271951675415039,159000,0.0,0.0
2018-11-05 00:00:00-05:00,4.271953321350686,4.306460016322802,4.251249041100721,4.258150577545166,123300,0.0,0.0
2018-11-06 00:00:00-05:00,4.251249041100721,4.271953321350686,4.251249041100721,4.258150577545166,57900,0.0,0.0
2018-11-07 00:00:00-05:00,4.258149201940515,4.285754680633545,4.251247667725626,4.285754680633545,99000,0.0,0.0
2018-11-08 00:00:00-05:00,4.271950784125161,4.320260523293725,4.271950784125161,4.299556255340576,103800,0.0,0.0
2018-11-09 00:00:00-05:00,4.327161790092457,4.347866058349609,4.320260586728859,4.347866058349609,133900,0.0,0.0
2018-11-12 00:00:00-05:00,4.375473499298096,4.382374705767812,4.361670757275336,4.375473499298096,127400,0.0,0.0
2018-11-13 00:00:00-05:00,4.382408655235581,4.410145391671099,4.354671918800063,4.368540287017822,95000,0.03,0.0
2018-11-14 00:00:00-05:00,4.375471975771178,4.375471975771178,4.3338668932734885,4.340801239013672,126400,0.0,0.0
2018-11-15 00:00:00-05:00,4.354667840558334,4.354667840558334,4.3269307994511825,4.347733497619629,105900,0.0,0.0
2018-11-16 00:00:00-05:00,4.3408002595452615,4.361602630776308,4.319997557666485,4.354668617248535,140300,0.0,0.0
2018-11-19 00:00:00-05:00,4.368538560406754,4.368538560406754,4.340801834933835,4.3616042137146,49800,0.0,0.0
2018-11-20 00:00:00-05:00,4.354667840558334,4.36160185284937,4.3269307994511825,4.347733497619629,55000,0.0,0.0
2018-11-21 00:00:00-05:00,4.354670837817958,4.354670837817958,4.292263031005859,4.292263031005859,66800,0.0,0.0
2018-11-23 00:00:00-05:00,4.2991969502603755,4.333868026733398,4.2991969502603755,4.333868026733398,27100,0.0,0.0
2018-11-26 00:00:00-05:00,4.354667840558334,4.354667840558334,4.306128431930406,4.347733497619629,78000,0.0,0.0
2018-11-27 00:00:00-05:00,4.354670641559701,4.3754730224609375,4.333867930010582,4.3754730224609375,97300,0.0,0.0
2018-11-28 00:00:00-05:00,4.347735136276298,4.361603496733009,4.313064069810624,4.326932430267334,142900,0.0,0.0
2018-11-29 00:00:00-05:00,4.3408035505823035,4.368540287017822,4.3408035505823035,4.368540287017822,80300,0.0,0.0
2018-11-30 00:00:00-05:00,4.389341764338496,4.417078495025635,4.361605033651358,4.417078495025635,111300,0.0,0.0
2018-12-03 00:00:00-05:00,4.417077480850978,4.451748551573271,4.410143465095221,4.444814205169678,102300,0.0,0.0
2018-12-04 00:00:00-05:00,4.465617298029082,4.486419677734375,4.43788057132345,4.486419677734375,138900,0.0,0.0
2018-12-06 00:00:00-05:00,4.451748253833732,4.514156044700799,4.444813907893918,4.507221698760986,167300,0.0,0.0
2018-12-07 00:00:00-05:00,4.486417493942815,4.548825263977051,4.486417493942815,4.548825263977051,84500,0.0,0.0
2018-12-10 00:00:00-05:00,4.555760832022683,4.576563207193205,4.528024111363459,4.569629192352295,143400,0.0,0.0
2018-12-11 00:00:00-05:00,4.569628867122325,4.576562881469727,4.548826162784583,4.576562881469727,30400,0.0,0.0
2018-12-12 00:00:00-05:00,4.604299334792,4.604299334792,4.451747390815844,4.465615749359131,103900,0.0,0.0
2018-12-13 00:00:00-05:00,4.4586829587286365,4.493354032494484,4.403209505221572,4.410143852233887,146800,0.0,0.0
2018-12-14 00:00:00-05:00,4.424010753631592,4.444813126498361,4.410142394837828,4.424010753631592,93500,0.0,0.0
2018-12-17 00:00:00-05:00,4.389340221092693,4.4378796480531895,4.389340221092693,4.396274566650391,133000,0.0,0.0
2018-12-18 00:00:00-05:00,4.396275043487549,4.445045251174618,4.354472150707143,4.396275043487549,166300,0.03,0.0
2018-12-19 00:00:00-05:00,4.389306787934951,4.431109668592837,4.340536594390869,4.340536594390869,179700,0.0,0.0
2018-12-20 00:00:00-05:00,4.354470655156645,4.368404947964357,4.291766171412071,4.333569049835205,213800,0.0,0.0
2018-12-21 00:00:00-05:00,4.333571515861083,4.340538832339574,4.291768613649939,4.3126702308654785,112100,0.0,0.0
2018-12-24 00:00:00-05:00,4.312667933850393,4.3614381265640265,4.270865053904318,4.319634914398193,118000,0.0,0.0
2018-12-26 00:00:00-05:00,4.340535393058629,4.354469682754657,4.291765213012695,4.291765213012695,94000,0.0,0.0
2018-12-27 00:00:00-05:00,4.312666813666573,4.361436993712507,4.263896633620639,4.291765213012695,183000,0.0,0.0
2018-12-28 00:00:00-05:00,4.298732523970545,4.319633792404751,4.263896633620639,4.291765213012695,214500,0.0,0.0
2018-12-31 00:00:00-05:00,4.284801254467478,4.305702537634201,4.270866954949694,4.277833938598633,254100,0.0,0.0
2019-01-02 00:00:00-05:00,4.2848017340974955,4.424144744873047,4.2848017340974955,4.424144744873047,119400,0.0,0.0
2019-01-03 00:00:00-05:00,4.445043494975932,4.465944766998291,4.424141890733845,4.465944766998291,46100,0.0,0.0
2019-01-04 00:00:00-05:00,4.465944766998291,4.47987905908644,4.438076182821994,4.465944766998291,90600,0.0,0.0
2019-01-07 00:00:00-05:00,4.493815814930651,4.493815814930651,4.452012915747564,4.486848831176758,111900,0.0,0.0
2019-01-08 00:00:00-05:00,4.521684398375818,4.605290528665871,4.486848815289879,4.528651714324951,196200,0.0,0.0
2019-01-09 00:00:00-05:00,4.528651730359845,4.528651730359845,4.479881515202955,4.486848831176758,92100,0.0,0.0
2019-01-10 00:00:00-05:00,4.507748516174386,4.549551732753626,4.486847240104559,4.542584419250488,83700,0.0,0.0
2019-01-11 00:00:00-05:00,4.5843872158301195,4.598321510349794,4.5634859401605015,4.577420234680176,51900,0.0,0.0
2019-01-14 00:00:00-05:00,4.570454779629038,4.598323379999586,4.500783278702665,4.5147175788879395,104900,0.0,0.0
2019-01-15 00:00:00-05:00,4.528012802010537,4.54900837210022,4.4650267591680155,4.486021995544434,146400,0.029,0.0
2019-01-16 00:00:00-05:00,4.47902628290578,4.493023226482752,4.451032395751837,4.458030700683594,144600,0.0,0.0
2019-01-17 00:00:00-05:00,4.465026427384222,4.50001859664917,4.451029492935595,4.50001859664917,107700,0.0,0.0
2019-01-18 00:00:00-05:00,4.500017828044113,4.507016460929677,4.465025664755842,4.472023963928223,100000,0.0,0.0
2019-01-22 00:00:00-05:00,4.479024450495306,4.521015264047389,4.465027512644612,4.514016628265381,98600,0.0,0.0
2019-01-23 00:00:00-05:00,4.521014028488056,4.61199426651001,4.514015394618722,4.61199426651001,230500,0.0,0.0
2019-01-24 00:00:00-05:00,4.611993852215139,4.72396931435989,4.6049952189744925,4.709972381591797,244700,0.0,0.0
2019-01-25 00:00:00-05:00,4.723972896971192,4.723972896971192,4.667985123438279,4.716974258422852,91100,0.0,0.0
2019-01-28 00:00:00-05:00,4.7239705617291765,4.7239705617291765,4.660984180784536,4.674981117248535,31800,0.0,0.0
2019-01-29 00:00:00-05:00,4.6889774301258695,4.695976064283766,4.577001953305483,4.584000587463379,156400,0.0,0.0
2019-01-30 00:00:00-05:00,4.598000970861016,4.639991806164477,4.556010135557557,4.577005386352539,97600,0.0,0.0
2019-01-31 00:00:00-05:00,4.597998423433352,4.639989235472655,4.597998423433352,4.625992298126221,143100,0.0,0.0
2019-02-01 00:00:00-05:00,4.625992243570652,4.68897829403014,4.625992243570652,4.667983055114746,100400,0.0,0.0
2019-02-04 00:00:00-05:00,4.667981812467218,4.681978745922507,4.625991012101352,4.639987945556641,67700,0.0,0.0
2019-02-05 00:00:00-05:00,4.632989311972388,4.6469862454276765,4.632989311972388,4.639987945556641,49100,0.0,0.0
2019-02-06 00:00:00-05:00,4.632990599942783,4.639989235472655,4.59099978790348,4.625992298126221,91900,0.0,0.0
2019-02-07 00:00:00-05:00,4.618991997448,4.632988929748535,4.611993698154327,4.632988929748535,35700,0.0,0.0
2019-02-08 00:00:00-05:00,4.632989177377558,4.709972476001782,4.632989177377558,4.70297384262085,63800,0.0,0.0
2019-02-11 00:00:00-05:00,4.70297694579544,4.723972526078586,4.681981699225721,4.69597864151001,90700,0.0,0.0
2019-02-12 00:00:00-05:00,4.723389902235278,4.723389902235278,4.66013044197965,4.674188137054443,98200,0.029,0.0
2019-02-13 00:00:00-05:00,4.667158546587381,4.681216239929199,4.660129867497396,4.681216239929199,34500,0.0,0.0
2019-02-14 00:00:00-05:00,4.6882452394416365,4.709331611807146,4.681216225211903,4.702302932739258,74500,0.0,0.0
2019-02-15 00:00:00-05:00,4.695273918509525,4.702302932739258,4.681216225211903,4.702302932739258,45800,0.0,0.0
2019-02-19 00:00:00-05:00,4.695276709959299,4.716363430023193,4.6882480267126985,4.716363430023193,36000,0.0,0.0
2019-02-20 00:00:00-05:00,4.730416774749756,4.730416774749756,4.709330074107671,4.730416774749756,37100,0.0,0.0
2019-02-21 00:00:00-05:00,4.737448255938135,4.744477272033691,4.730419575004514,4.744477272033691,40100,0.0,0.0
2019-02-22 00:00:00-05:00,4.758532989403922,4.7796196937561035,4.744475298223066,4.7796196937561035,83100,0.0,0.0
2019-02-25 00:00:00-05:00,4.779618852806797,4.779618852806797,4.730416774749756,4.730416774749756,65500,0.0,0.0
2019-02-26 00:00:00-05:00,4.744477272033691,4.758534969062869,4.737448255938135,4.744477272033691,32400,0.0,0.0
2019-02-27 00:00:00-05:00,4.75150608787981,4.807736873626709,4.75150608787981,4.807736873626709,77500,0.0,0.0
2019-02-28 00:00:00-05:00,4.814765554264111,4.84288094713756,4.786650161390662,4.807736873626709,95800,0.0,0.0
2019-03-01 00:00:00-05:00,4.814764484921603,4.849908885788925,4.814764484921603,4.835851192474365,95100,0.0,0.0
2019-03-04 00:00:00-05:00,4.83584982381246,4.842878500899531,4.800705432891846,4.800705432891846,48500,0.0,0.0
2019-03-05 00:00:00-05:00,4.807736893138276,4.8288232702979785,4.779621500150723,4.78665018081665,31500,0.0,0.0
2019-03-06 00:00:00-05:00,4.786648371765634,4.793677384936959,4.7796196937561035,4.7796196937561035,48900,0.0,0.0
2019-03-07 00:00:00-05:00,4.793677806854248,4.842879562736856,4.779620114436099,4.793677806854248,108200,0.0,0.0
2019-03-08 00:00:00-05:00,4.807735076117815,4.814763754127346,4.7796196937561035,4.7796196937561035,58600,0.0,0.0
2019-03-11 00:00:00-04:00,4.779621560472223,4.786650241226856,4.772592544555664,4.772592544555664,41000,0.0,0.0
2019-03-12 00:00:00-04:00,4.80012288312072,4.80012288312072,4.757768562661821,4.764827728271484,40800,0.029,0.0
2019-03-13 00:00:00-04:00,4.793062212028398,4.800121375420806,4.757767068265234,4.771885395050049,76900,0.0,0.0
2019-03-14 00:00:00-04:00,4.786004888500934,4.786004888500934,4.764827728271484,4.764827728271484,37700,0.0,0.0
2019-03-15 00:00:00-04:00,4.786001804776274,4.793060629238242,4.743647511607163,4.750706672668457,42200,0.0,0.0
2019-03-18 00:00:00-04:00,4.757768630981445,4.800122952048536,4.750709801869962,4.757768630981445,105500,0.0,0.0
2019-03-19 00:00:00-04:00,4.793063023630721,4.828358173370361,4.778945031054763,4.828358173370361,93400,0.0,0.0
2019-03-20 00:00:00-04:00,4.821296632979529,4.849532604217529,4.800119822850693,4.849532604217529,73100,0.0,0.0
2019-03-21 00:00:00-04:00,4.856591969978566,4.870709956192484,4.835414822358018,4.842473983764648,62200,0.0,0.0
2019-03-22 00:00:00-04:00,4.863651687060275,4.870710849761963,4.8495336982563035,4.870710849761963,19100,0.0,0.0
2019-03-25 00:00:00-04:00,4.870710849761963,4.884828838565935,4.863651687060275,4.870710849761963,56600,0.0,0.0
2019-03-26 00:00:00-04:00,4.870711599834294,4.870711599834294,4.856593608856201,4.856593608856201,27600,0.0,0.0
2019-03-27 00:00:00-04:00,4.870712548998592,4.898948536457173,4.856594555269301,4.877771377563477,97900,0.0,0.0
2019-03-28 00:00:00-04:00,4.8918867111206055,4.8989458724462915,4.877768725068572,4.8918867111206055,69900,0.0,0.0
2019-03-29 00:00:00-04:00,4.891888825794107,4.891888825794107,4.877770833639125,4.884829998016357,77600,0.0,0.0
2019-04-01 00:00:00-04:00,4.891888075627403,4.91306522891212,4.870711258942119,4.898947238922119,111700,0.0,0.0
2019-04-02 00:00:00-04:00,4.90600696423838,4.920124956814338,4.821299008782636,4.828358173370361,288100,0.0,0.0
2019-04-03 00:00:00-04:00,4.828358173370361,4.842476165946319,4.821299008782636,4.828358173370361,52100,0.0,0.0
2019-04-04 00:00:00-04:00,4.8283579661379745,4.84247595810799,4.814239974167959,4.835416793823242,48500,0.0,0.0
2019-04-05 00:00:00-04:00,4.828355853089957,4.83541467768605,4.821296691894531,4.821296691894531,42300,0.0,0.0
2019-04-08 00:00:00-04:00,4.835414618598529,4.849532604217529,4.828355794088694,4.849532604217529,45900,0.0,0.0
2019-04-09 00:00:00-04:00,4.8495353901048945,4.877771377563477,4.8495353901048945,4.877771377563477,18800,0.0,0.0
2019-04-10 00:00:00-04:00,4.870712548998592,4.898948536457173,4.870712548998592,4.877771377563477,37300,0.0,0.0
2019-04-11 00:00:00-04:00,4.870712005861376,4.884829998016357,4.870712005861376,4.884829998016357,39200,0.0,0.0
2019-04-12 00:00:00-04:00,4.877768725068572,4.906004697172639,4.8707099003422245,4.8918867111206055,54600,0.0,0.0
2019-04-15 00:00:00-04:00,4.898948461429696,4.913066454942769,4.884830467916623,4.906007289886475,105900,0.0,0.0
2019-04-16 00:00:00-04:00,4.905298888491308,4.912387294856791,4.820235984045894,4.827324390411377,121700,0.029,0.0
2019-04-17 00:00:00-04:00,4.841500025239798,4.855677171541721,4.820234474791826,4.83441162109375,60000,0.0,0.0
2019-04-18 00:00:00-04:00,4.827320792439671,4.841497932613853,4.820232391357422,4.820232391357422,62600,0.0,0.0
2019-04-22 00:00:00-04:00,4.820236118181244,4.82732452474398,4.7989702224731445,4.7989702224731445,36500,0.0,0.0
2019-04-23 00:00:00-04:00,4.813143652265489,4.834409531531604,4.798966512091307,4.820232391357422,38200,0.0,0.0
2019-04-24 00:00:00-04:00,4.827326609467421,4.848592514359387,4.806061042585545,4.813149452209473,79600,0.0,0.0
2019-04-25 00:00:00-04:00,4.813144622608964,4.848587649194674,4.770613193511963,4.770613193511963,185800,0.0,0.0
2019-04-26 00:00:00-04:00,4.791881815910408,4.82732452474398,4.7847930713377265,4.7989702224731445,78600,0.0,0.0
2019-04-29 00:00:00-04:00,4.806056976318359,4.82023412158143,4.791879831055288,4.806056976318359,70600,0.0,0.0
2019-04-30 00:00:00-04:00,4.806056976318359,4.82023412158143,4.806056976318359,4.806056976318359,65500,0.0,0.0
2019-05-01 00:00:00-04:00,4.820235984045894,4.848590285527699,4.820235984045894,4.827324390411377,80400,0.0,0.0
2019-05-02 00:00:00-04:00,4.834409531531604,4.834409531531604,4.820232391357422,4.820232391357422,32400,0.0,0.0
2019-05-03 00:00:00-04:00,4.834411497155046,4.869854192996305,4.8273227551809015,4.862765789031982,100700,0.0,0.0
2019-05-06 00:00:00-04:00,4.869854973630246,4.8840321218413,4.8485894203186035,4.8485894203186035,74400,0.0,0.0
2019-05-07 00:00:00-04:00,4.86276717034438,4.884032726287842,4.855678426356614,4.884032726287842,51600,0.0,0.0
2019-05-08 00:00:00-04:00,4.876943542449562,4.898209095001221,4.869854799592433,4.898209095001221,27900,0.0,0.0
2019-05-09 00:00:00-04:00,4.905298620241221,4.912387026219069,4.884032726287842,4.884032726287842,33100,0.0,0.0
2019-05-10 00:00:00-04:00,4.88403199317068,4.898209141008234,4.862766440419282,4.876943588256836,48700,0.0,0.0
2019-05-13 00:00:00-04:00,4.891121470275608,4.891121470275608,4.869855576322228,4.884032726287842,60300,0.0,0.0
2019-05-14 00:00:00-04:00,4.882608333062711,4.8897256613005595,4.8683733371979425,4.875490665435791,41300,0.028,0.0
2019-05-15 00:00:00-04:00,4.8826069831848145,4.918194293313497,4.875489317525691,4.8826069831848145,70700,0.0,0.0
2019-05-16 00:00:00-04:00,4.882609824737597,4.896844824951267,4.868374824523926,4.868374824523926,69100,0.0,0.0
2019-05-17 00:00:00-04:00,4.882608333062711,4.882608333062711,4.861255669571022,4.875490665435791,30700,0.0,0.0
2019-05-20 00:00:00-04:00,4.868373768287721,4.882608765412984,4.847021102905273,4.847021102905273,52400,0.0,0.0
2019-05-21 00:00:00-04:00,4.854137420654297,4.868372413819131,4.847019754377376,4.854137420654297,28800,0.0,0.0
2019-05-22 00:00:00-04:00,4.847020649956932,4.868373313343999,4.847020649956932,4.861255645751953,41300,0.0,0.0
2019-05-23 00:00:00-04:00,4.868372413819131,4.882607406983964,4.839902427489464,4.854137420654297,75800,0.0,0.0
2019-05-24 00:00:00-04:00,4.8683733371979425,4.875490665435791,4.861255669571022,4.875490665435791,39800,0.0,0.0
2019-05-28 00:00:00-04:00,4.868372911113557,4.918195222585219,4.868372911113557,4.903960227966309,91500,0.0,0.0
2019-05-29 00:00:00-04:00,4.911078466271375,4.960900783538818,4.911078466271375,4.960900783538818,62700,0.0,0.0
2019-05-30 00:00:00-04:00,4.960898729678132,4.960898729678132,4.868371461893326,4.889723777770996,191800,0.0,0.0
2019-05-31 00:00:00-04:00,4.90396025295869,4.925312914690396,4.896842925307484,4.9181952476501465,56900,0.0,0.0
2019-06-03 00:00:00-04:00,4.918195222585219,4.932430217204128,4.903960227966309,4.903960227966309,89700,0.0,0.0
2019-06-04 00:00:00-04:00,4.911078324792249,4.911078324792249,4.8683733371979425,4.875490665435791,61400,0.0,0.0
2019-06-05 00:00:00-04:00,4.882609824737597,4.911079825164938,4.861257154722502,4.868374824523926,73200,0.0,0.0
2019-06-06 00:00:00-04:00,4.868371461893326,4.911076433037608,4.868371461893326,4.889723777770996,147600,0.0,0.0
2019-06-07 00:00:00-04:00,4.903961261397213,4.925313927519829,4.889726263778507,4.911078929901123,95900,0.0,0.0
2019-06-10 00:00:00-04:00,4.903960227966309,4.918195222585219,4.903960227966309,4.903960227966309,54600,0.0,0.0
2019-06-11 00:00:00-04:00,4.9181952476501465,4.925312914690396,4.90396025295869,4.9181952476501465,56000,0.0,0.0
2019-06-12 00:00:00-04:00,4.925312914690396,4.925312914690396,4.90396025295869,4.9181952476501465,47900,0.0,0.0
2019-06-13 00:00:00-04:00,4.918195086473306,5.017840385437012,4.918195086473306,5.017840385437012,138800,0.0,0.0
2019-06-14 00:00:00-04:00,5.003606307831336,5.07478129199477,4.982253642887758,5.039193630218506,129900,0.0,0.0
2019-06-17 00:00:00-04:00,5.074780868895631,5.081898197024034,5.0178408863121335,5.032075881958008,105600,0.0,0.0
2019-06-18 00:00:00-04:00,5.058511265309879,5.058511265309879,4.972773867078558,4.979918479919434,84000,0.027,0.0
2019-06-19 00:00:00-04:00,4.987065030236752,5.022789127949879,4.972775459289551,4.972775459289551,85700,0.0,0.0
2019-06-20 00:00:00-04:00,4.987063304827727,4.994207917484334,4.958484172821045,4.958484172821045,65600,0.0,0.0
2019-06-21 00:00:00-04:00,4.972773841599278,4.994208020702217,4.9584842753006075,4.987063407897949,14100,0.0,0.0
2019-06-24 00:00:00-04:00,4.994209072342587,5.022788551648099,4.994209072342587,5.01564359664917,117900,0.0,0.0
2019-06-25 00:00:00-04:00,5.001353525634134,5.029932661382544,4.994208571351946,5.022788047790527,60500,0.0,0.0
2019-06-26 00:00:00-04:00,5.029933329822474,5.051367854827353,4.994209235044416,5.0084991455078125,54400,0.0,0.0
2019-06-27 00:00:00-04:00,5.0084991455078125,5.022788715280993,4.994209235044416,5.0084991455078125,42100,0.0,0.0
2019-06-28 00:00:00-04:00,5.015642540495291,5.022787493989693,4.979918454403546,4.987063407897949,76800,0.0,0.0
2019-07-01 00:00:00-04:00,5.0084991455078125,5.037078285054173,4.987064620502934,5.0084991455078125,84300,0.0,0.0
2019-07-02 00:00:00-04:00,5.037078120955752,5.05851230457213,5.008498982340446,5.01564359664917,89600,0.0,0.0
2019-07-03 00:00:00-04:00,5.037078285054173,5.037078285054173,5.0084991455078125,5.0084991455078125,60000,0.0,0.0
2019-07-05 00:00:00-04:00,5.01564333590591,5.01564333590591,4.987064198776319,4.994208812713623,77900,0.0,0.0
2019-07-08 00:00:00-04:00,4.994208812713623,5.001353767341115,4.979919244148827,4.994208812713623,81200,0.0,0.0
2019-07-09 00:00:00-04:00,4.987064647678251,5.0084991727999295,4.987064647678251,5.001354217529297,27400,0.0,0.0
2019-07-10 00:00:00-04:00,5.008498721968607,5.008498721968607,4.979919244148827,4.994208812713623,135900,0.0,0.0
2019-07-11 00:00:00-04:00,4.979918454403546,5.00135297419662,4.979918454403546,4.987063407897949,61900,0.0,0.0
2019-07-12 00:00:00-04:00,4.994209072342587,5.01564359664917,4.9870644580338634,5.01564359664917,96700,0.0,0.0
2019-07-15 00:00:00-04:00,5.015643787380344,5.037078312502023,4.994209262258664,5.001354217529297,81700,0.0,0.0
2019-07-16 00:00:00-04:00,5.006373712678919,5.020718609310864,4.984856196726346,5.013545989990234,77300,0.027,0.0
2019-07-17 00:00:00-04:00,5.006374565977558,5.0135468445113345,4.992029666900635,4.992029666900635,34200,0.0,0.0
2019-07-18 00:00:00-04:00,4.992029666900635,5.006374565977558,4.9848570463574875,4.992029666900635,41300,0.0,0.0
2019-07-19 00:00:00-04:00,4.992028067849348,5.013545238567647,4.9848554496037405,4.999200344085693,46100,0.0,0.0
2019-07-22 00:00:00-04:00,4.999201945434411,5.006374565977558,4.992029666900635,4.992029666900635,33600,0.0,0.0
2019-07-23 00:00:00-04:00,4.992029255571197,5.020719051361084,4.992029255571197,5.020719051361084,78800,0.0,0.0
2019-07-24 00:00:00-04:00,5.020719968306995,5.027892589569092,5.0063750677922085,5.027892589569092,90000,0.0,0.0
2019-07-25 00:00:00-04:00,5.035064988167788,5.085272312164307,5.035064988167788,5.085272312164307,134200,0.0,0.0
2019-07-26 00:00:00-04:00,5.056580173113371,5.121132026116987,5.056580173113371,5.078097343444824,103700,0.0,0.0
2019-07-29 00:00:00-04:00,5.07809832942253,5.1283056399597395,5.07809832942253,5.1139607429504395,59200,0.0,0.0
2019-07-30 00:00:00-04:00,5.099614855785534,5.113959750009588,5.070925067337425,5.078097343444824,74600,0.0,0.0
2019-07-31 00:00:00-04:00,5.0780996907321985,5.128307014728717,5.0780996907321985,5.085272312164307,72400,0.0,0.0
2019-08-01 00:00:00-04:00,5.078098364201657,5.149822849739384,5.078098364201657,5.106788158416748,96000,0.0,0.0
2019-08-02 00:00:00-04:00,5.106787716739044,5.1569950232777675,5.106787716739044,5.142650127410889,69400,0.0,0.0
2019-08-05 00:00:00-04:00,5.135477066040039,5.164166855302108,5.135477066040039,5.135477066040039,45200,0.0,0.0
2019-08-06 00:00:00-04:00,5.1354775084728015,5.164167300206559,5.121132612605923,5.142650127410889,57100,0.0,0.0
2019-08-07 00:00:00-04:00,5.1426505721902736,5.16416774684693,5.106788158416748,5.106788158416748,61600,0.0,0.0
2019-08-08 00:00:00-04:00,5.11395989509812,5.149821960671074,5.11395989509812,5.135477066040039,21600,0.0,0.0
2019-08-09 00:00:00-04:00,5.121132815957764,5.164167505267239,5.1139605387441724,5.128305435180664,81200,0.0,0.0
2019-08-12 00:00:00-04:00,5.149822983531737,5.164167881011963,5.135478086051511,5.164167881011963,34700,0.0,0.0
2019-08-13 00:00:00-04:00,5.162008780377898,5.162008780377898,5.126011371612549,5.126011371612549,40300,0.027,0.0
2019-08-14 00:00:00-04:00,5.14041041951862,5.16920821006968,5.090014457702637,5.090014457702637,106700,0.0,0.0
2019-08-15 00:00:00-04:00,5.0828127717499205,5.104411277529656,5.068413882328965,5.075613498687744,66700,0.0,0.0
2019-08-16 00:00:00-04:00,5.075615573803852,5.111612640424992,5.075615573803852,5.0972137451171875,145800,0.0,0.0
2019-08-19 00:00:00-04:00,5.090014149987077,5.111612319946289,5.090014149987077,5.111612319946289,60000,0.0,0.0
2019-08-20 00:00:00-04:00,5.097212461368394,5.111611353049793,5.097212461368394,5.104412078857422,34300,0.0,0.0
2019-08-21 00:00:00-04:00,5.097211661170877,5.104411277529656,5.075613498687744,5.075613498687744,89200,0.0,0.0
2019-08-22 00:00:00-04:00,5.075611440526737,5.0900103241089445,5.054012943505195,5.068411827087402,87400,0.0,0.0
2019-08-23 00:00:00-04:00,5.068413882328965,5.0828127717499205,5.068413882328965,5.075613498687744,58400,0.0,0.0
2019-08-26 00:00:00-04:00,5.075615255582028,5.111612319946289,5.068415636731143,5.111612319946289,69200,0.0,0.0
2019-08-27 00:00:00-04:00,5.118812084197998,5.118812084197998,5.104413189383947,5.118812084197998,57600,0.0,0.0
2019-08-28 00:00:00-04:00,5.126011359956658,5.13321097901205,5.111612465142606,5.118812084197998,38400,0.0,0.0
2019-08-29 00:00:00-04:00,5.126011371612549,5.140410266459342,5.1188120958375185,5.126011371612549,77700,0.0,0.0
2019-08-30 00:00:00-04:00,5.133210833202223,5.1476097276072705,5.111612319946289,5.111612319946289,88800,0.0,0.0
2019-09-03 00:00:00-04:00,5.126010576989783,5.147609087560186,5.111611684375075,5.140409469604492,48600,0.0,0.0
2019-09-04 00:00:00-04:00,5.126010576989783,5.1548083622192005,5.126010576989783,5.140409469604492,63900,0.0,0.0
2019-09-05 00:00:00-04:00,5.1332109906843115,5.140410266459342,5.111612476765756,5.126011371612549,79200,0.0,0.0
2019-09-06 00:00:00-04:00,5.118812084197998,5.1404102547707105,5.118812084197998,5.118812084197998,26700,0.0,0.0
2019-09-09 00:00:00-04:00,5.118811938797174,5.118811938797174,5.0972134255412405,5.111612319946289,61500,0.0,0.0
2019-09-10 00:00:00-04:00,5.09721373369203,5.104413352978167,5.090014457702637,5.090014457702637,49600,0.0,0.0
2019-09-11 00:00:00-04:00,5.090014457702637,5.09721373369203,5.0828148384165,5.090014457702637,22700,0.0,0.0
2019-09-12 00:00:00-04:00,5.075616539348691,5.0900154373956275,5.054018020629883,5.054018020629883,77800,0.0,0.0
2019-09-13 00:00:00-04:00,5.054017725161475,5.054017725161475,4.967624341930596,4.982023239135742,119100,0.0,0.0
2019-09-16 00:00:00-04:00,4.982023239135742,5.025219930751182,4.967624341930596,4.982023239135742,55600,0.0,0.0
2019-09-17 00:00:00-04:00,4.994308446408934,4.994308446408934,4.95094256686841,4.97985315322876,178100,0.027,0.0
2019-09-18 00:00:00-04:00,4.9870820267610005,5.015992619235092,4.972626730523955,5.001537322998047,205800,0.0,0.0
2019-09-19 00:00:00-04:00,5.008764798795846,5.023220095032891,5.001537322998047,5.001537322998047,82700,0.0,0.0
2019-09-20 00:00:00-04:00,5.001537345147912,5.023220117278782,5.001537345147912,5.015992641448975,30400,0.0,0.0
2019-09-23 00:00:00-04:00,5.023221567852916,5.044904690886749,5.0159940899360045,5.030449390411377,60100,0.0,0.0
2019-09-24 00:00:00-04:00,5.0376739501953125,5.052129242297284,5.023218658093341,5.0376739501953125,91800,0.0,0.0
2019-09-25 00:00:00-04:00,5.037675457816106,5.04490327835083,5.030447981922834,5.04490327835083,48000,0.0,0.0
2019-09-26 00:00:00-04:00,5.037673025523241,5.059356132016908,5.037673025523241,5.052128314971924,61600,0.0,0.0
2019-09-27 00:00:00-04:00,5.04490520220991,5.066588327441423,5.04490520220991,5.059360504150391,37700,0.0,0.0
2019-09-30 00:00:00-04:00,5.066583612269606,5.088266372680664,5.059355795705079,5.088266372680664,65600,0.0,0.0
2019-10-01 00:00:00-04:00,5.081040408060192,5.109950993612172,5.0738125893515145,5.095495700836182,85500,0.0,0.0
2019-10-02 00:00:00-04:00,5.095495700836182,5.109950993612172,5.081040408060192,5.095495700836182,113400,0.0,0.0
2019-10-03 00:00:00-04:00,5.095499456945337,5.102726936340332,5.095499456945337,5.102726936340332,14800,0.0,0.0
2019-10-04 00:00:00-04:00,5.102726936340332,5.102726936340332,5.081044153513729,5.102726936340332,46200,0.0,0.0
2019-10-07 00:00:00-04:00,5.109951848723672,5.109951848723672,5.073813438415527,5.073813438415527,74200,0.0,0.0
2019-10-08 00:00:00-04:00,5.081041312959021,5.088268788313498,5.059358197612739,5.066586017608643,74900,0.0,0.0
2019-10-09 00:00:00-04:00,5.066584138721145,5.0954947187007305,5.066584138721145,5.0810394287109375,24000,0.0,0.0
2019-10-10 00:00:00-04:00,5.073813492963119,5.081041312959021,5.066586017608643,5.066586017608643,30500,0.0,0.0
2019-10-11 00:00:00-04:00,5.073811611395392,5.0810394287109375,5.059356321405599,5.0810394287109375,58700,0.0,0.0
2019-10-14 00:00:00-04:00,5.081040408060192,5.095495700836182,5.0665851152842025,5.095495700836182,33400,0.0,0.0
2019-10-15 00:00:00-04:00,5.093319416046143,5.107830283774111,5.078808548318174,5.093319416046143,44300,0.027,0.0
2019-10-16 00:00:00-04:00,5.086065108415441,5.093320370656047,5.064298629760742,5.064298629760742,31800,0.0,0.0
2019-10-17 00:00:00-04:00,5.071554428386078,5.071554428386078,5.0135109404565945,5.028021812438965,86200,0.0,0.0
2019-10-18 00:00:00-04:00,5.028021812438965,5.042532684421336,5.020766549431019,5.028021812438965,50200,0.0,0.0
2019-10-21 00:00:00-04:00,5.02802061890404,5.02802061890404,5.0062544890804945,5.013509750366211,41700,0.0,0.0
2019-10-22 00:00:00-04:00,5.020766549431019,5.035277421413389,4.999000068474223,5.028021812438965,63400,0.0,0.0
2019-10-23 00:00:00-04:00,5.035277421413389,5.042532684421336,5.0135109404565945,5.028021812438965,31100,0.0,0.0
2019-10-24 00:00:00-04:00,5.035276889801025,5.042532152042979,5.013510411142282,5.035276889801025,53500,0.0,0.0
2019-10-25 00:00:00-04:00,5.042532870872038,5.049788480114743,5.013511125834199,5.020766735076904,58300,0.0,0.0
2019-10-28 00:00:00-04:00,5.020764637799934,5.020764637799934,4.9844872986731845,4.998998165130615,49400,0.0,0.0
2019-10-29 00:00:00-04:00,4.9917426625918875,5.0062535283449785,4.984487056732178,4.984487056732178,51900,0.0,0.0
2019-10-30 00:00:00-04:00,4.999000720329603,5.049788951873779,4.984489846455055,5.049788951873779,84800,0.0,0.0
2019-10-31 00:00:00-04:00,5.0788111123597,5.086066722869873,5.0497893622521115,5.086066722869873,73100,0.0,0.0
2019-11-01 00:00:00-04:00,5.078808548318174,5.093319416046143,5.078808548318174,5.093319416046143,76200,0.0,0.0
2019-11-04 00:00:00-05:00,5.086066309543409,5.100577183417957,5.049788951873779,5.049788951873779,45700,0.0,0.0
2019-11-05 00:00:00-05:00,5.049786812862237,5.093319416046143,5.049786812862237,5.093319416046143,84100,0.0,0.0
2019-11-06 00:00:00-05:00,5.093319659142646,5.136852264404297,5.093319659142646,5.136852264404297,96500,0.0,0.0
2019-11-07 00:00:00-05:00,5.129599150422313,5.136854414686438,5.086066526937949,5.12234354019165,87100,0.0,0.0
2019-11-08 00:00:00-05:00,5.093321791202074,5.136854414686438,5.093321791202074,5.12234354019165,32400,0.0,0.0
2019-11-11 00:00:00-05:00,5.129597003177218,5.136852264404297,5.122341395983747,5.136852264404297,56300,0.0,0.0
2019-11-12 00:00:00-05:00,5.134667565714858,5.134667565714858,5.105534728665224,5.112817764282227,39500,0.027,0.0
2019-11-13 00:00:00-05:00,5.120102577565493,5.141952037811279,5.0982527700287985,5.141952037811279,64700,0.0,0.0
2019-11-14 00:00:00-05:00,5.134668049445522,5.156517505645752,5.134668049445522,5.156517505645752,36500,0.0,0.0
2019-11-15 00:00:00-05:00,5.163801845347974,5.163801845347974,5.127385615217119,5.141952037811279,33200,0.0,0.0
2019-11-18 00:00:00-05:00,5.141952037811279,5.149235422753814,5.120102577565493,5.141952037811279,47100,0.0,0.0
2019-11-19 00:00:00-05:00,5.149234469342623,5.156517505645752,5.141951085748651,5.156517505645752,19600,0.0,0.0
2019-11-20 00:00:00-05:00,5.163799938517996,5.171082973480225,5.156516556264987,5.171082973480225,48700,0.0,0.0
2019-11-21 00:00:00-05:00,5.178367613991944,5.185650650723831,5.163801193237305,5.163801193237305,28900,0.0,0.0
2019-11-22 00:00:00-05:00,5.185649390695462,5.185649390695462,5.163799938517996,5.171082973480225,38900,0.0,0.0
2019-11-25 00:00:00-05:00,5.178366355733234,5.185649390695462,5.127383721834512,5.171082973480225,57300,0.0,0.0
2019-11-26 00:00:00-05:00,5.178368267942134,5.18565130559376,5.141952037811279,5.141952037811279,43900,0.0,0.0
2019-11-27 00:00:00-05:00,5.156517809214552,5.178367613991944,5.141951388459912,5.163801193237305,46200,0.0,0.0
2019-11-29 00:00:00-05:00,5.1710837503513485,5.200216589158558,5.149234294891357,5.149234294891357,44200,0.0,0.0
2019-12-02 00:00:00-05:00,5.171080555984254,5.171080555984254,5.1200982932106776,5.127381324768066,65600,0.0,0.0
2019-12-03 00:00:00-05:00,5.156516371101132,5.185649204485484,5.120100503016076,5.134666919708252,85000,0.0,0.0
2019-12-04 00:00:00-05:00,5.134666919708252,5.149233336400428,5.120100503016076,5.134666919708252,58500,0.0,0.0
2019-12-05 00:00:00-05:00,5.134669784040345,5.14195282280383,5.120103359222412,5.120103359222412,108800,0.0,0.0
2019-12-06 00:00:00-05:00,5.127384182807044,5.134667565714858,5.083684927232592,5.112817764282227,172400,0.0,0.0
2019-12-09 00:00:00-05:00,5.105534728665224,5.134667565714858,5.09825134575741,5.112817764282227,78400,0.0,0.0
2019-12-10 00:00:00-05:00,5.105534728665224,5.1201011471900415,5.09825134575741,5.112817764282227,68500,0.0,0.0
2019-12-11 00:00:00-05:00,5.1200982932106776,5.141947735173463,5.11281491436267,5.127381324768066,68200,0.0,0.0
2019-12-12 00:00:00-05:00,5.120102406145787,5.134668828252267,5.090969214641929,5.105535984039307,51100,0.0,0.0
2019-12-13 00:00:00-05:00,5.0982525993406185,5.120102406145787,5.090969214641929,5.105535984039307,51900,0.0,0.0
2019-12-16 00:00:00-05:00,5.105531882805281,5.127381324768066,5.098248503957274,5.127381324768066,66700,0.0,0.0
2019-12-17 00:00:00-05:00,5.1325014285378385,5.169057846069336,5.117878931250807,5.169057846069336,65200,0.027,0.0
2019-12-18 00:00:00-05:00,5.169058700087563,5.212926199196331,5.147124776219233,5.198303699493408,49700,0.0,0.0
2019-12-19 00:00:00-05:00,5.205612106346746,5.212923526763916,5.19830103455729,5.212923526763916,84300,0.0,0.0
2019-12-20 00:00:00-05:00,5.212925129448392,5.220236203485596,5.176368713378906,5.176368713378906,61400,0.0,0.0
2019-12-23 00:00:00-05:00,5.19830103455729,5.220234598553372,5.19098961414012,5.212923526763916,63500,0.0,0.0
2019-12-24 00:00:00-05:00,5.220236778259277,5.227548201729326,5.2129257034170875,5.220236778259277,39900,0.0,0.0
2019-12-26 00:00:00-05:00,5.227547835217463,5.227547835217463,5.169057846069336,5.169057846069336,38800,0.0,0.0
2019-12-27 00:00:00-05:00,5.18368329568232,5.198305801297485,5.147126857330392,5.161749362945557,88500,0.0,0.0
2019-12-30 00:00:00-05:00,5.154435348782304,5.169057846069336,5.139812851495273,5.169057846069336,51800,0.0,0.0
2019-12-31 00:00:00-05:00,5.176368920398934,5.2202364122600295,5.154435348782304,5.169057846069336,59200,0.0,0.0
2020-01-02 00:00:00-05:00,5.169058700087563,5.205614775030923,5.161747275922155,5.198303699493408,79500,0.0,0.0
2020-01-03 00:00:00-05:00,5.19830303218863,5.212925530014466,5.183680534362793,5.183680534362793,53000,0.0,0.0
2020-01-06 00:00:00-05:00,5.190991705543856,5.205614203641754,5.154435634613037,5.154435634613037,100500,0.0,0.0
2020-01-07 00:00:00-05:00,5.1617467850103225,5.220236778259277,5.1617467850103225,5.220236778259277,45100,0.0,0.0
2020-01-08 00:00:00-05:00,5.227546018970542,5.242168511177168,5.19830103455729,5.212923526763916,95700,0.0,0.0
2020-01-09 00:00:00-05:00,5.227548201729326,5.234859276571516,5.2129257034170875,5.220236778259277,61100,0.0,0.0
2020-01-10 00:00:00-05:00,5.227548122406006,5.234859197137256,5.21292562431565,5.227548122406006,101000,0.0,0.0
2020-01-13 00:00:00-05:00,5.227548122406006,5.227548122406006,5.21292562431565,5.227548122406006,64200,0.0,0.0
2020-01-14 00:00:00-05:00,5.225346105105691,5.269379879311998,5.225346105105691,5.262041091918945,46800,0.027,0.0
2020-01-15 00:00:00-05:00,5.262040536865149,5.262040536865149,5.225345553922577,5.2473626136779785,96100,0.0,0.0
2020-01-16 00:00:00-05:00,5.254702014716656,5.254702014716656,5.232685302336186,5.240024089813232,45400,0.0,0.0
2020-01-17 00:00:00-05:00,5.232684903676787,5.276718675032286,5.232684903676787,5.254701614379883,137900,0.0,0.0
2020-01-21 00:00:00-05:00,5.269379323484086,5.269379323484086,5.2473626136779785,5.2473626136779785,49100,0.0,0.0
2020-01-22 00:00:00-05:00,5.254701614379883,5.2620407512471195,5.247362827461953,5.254701614379883,34500,0.0,0.0
2020-01-23 00:00:00-05:00,5.254701081229919,5.2767181396484375,5.254701081229919,5.2767181396484375,40400,0.0,0.0
2020-01-24 00:00:00-05:00,5.2767181396484375,5.29139606194436,5.269379003525841,5.2767181396484375,81600,0.0,0.0
2020-01-27 00:00:00-05:00,5.298734848117685,5.313412770413607,5.269379003525841,5.2767181396484375,57700,0.0,0.0
2020-01-28 00:00:00-05:00,5.26938098171688,5.313414765135476,5.262042192788482,5.291398048400879,75900,0.0,0.0
2020-01-29 00:00:00-05:00,5.306075976207078,5.320753904013276,5.276720120594681,5.291398048400879,73000,0.0,0.0
2020-01-30 00:00:00-05:00,5.298736837329277,5.313414765135476,5.284058909523078,5.291398048400879,58200,0.0,0.0
2020-01-31 00:00:00-05:00,5.306077480316162,5.313416271324881,5.284060407391003,5.306077480316162,65600,0.0,0.0
2020-02-03 00:00:00-05:00,5.298736837329277,5.313414765135476,5.276720120594681,5.291398048400879,55600,0.0,0.0
2020-02-04 00:00:00-05:00,5.291397307527607,5.298736095428467,5.284058169677394,5.298736095428467,37000,0.0,0.0
2020-02-05 00:00:00-05:00,5.306074925311806,5.364786624908447,5.2987357878875585,5.364786624908447,97600,0.0,0.0
2020-02-06 00:00:00-05:00,5.364787366370059,5.364787366370059,5.350109439442278,5.357448577880859,28900,0.0,0.0
2020-02-07 00:00:00-05:00,5.37212631491962,5.394143029558373,5.342770462101701,5.379465103149414,85200,0.0,0.0
2020-02-10 00:00:00-05:00,5.386802887656148,5.394141674041748,5.386802887656148,5.394141674041748,35000,0.0,0.0
2020-02-11 00:00:00-05:00,5.40148239180876,5.4308382458444555,5.3794653263072965,5.42349910736084,57000,0.0,0.0
2020-02-12 00:00:00-05:00,5.408821180342992,5.438177034378688,5.408821180342992,5.42349910736084,40200,0.0,0.0
2020-02-13 00:00:00-05:00,5.4234991815460285,5.445516247348652,5.4234991815460285,5.438177108764648,30700,0.0,0.0
2020-02-14 00:00:00-05:00,5.423497909730891,5.467531681060791,5.416159122817228,5.467531681060791,29100,0.0,0.0
2020-02-18 00:00:00-05:00,5.4874190992569565,5.494784931252668,5.42112836740656,5.435859680175781,84300,0.027,0.0
2020-02-19 00:00:00-05:00,5.435859680175781,5.465322305714224,5.435859680175781,5.435859680175781,57000,0.0,0.0
2020-02-20 00:00:00-05:00,5.4579560272831396,5.524247104933435,5.413762092590332,5.413762092590332,63000,0.0,0.0
2020-02-21 00:00:00-05:00,5.4284934669741824,5.494784545391612,5.376934051513672,5.376934051513672,104100,0.0,0.0
2020-02-24 00:00:00-05:00,5.421129520998633,5.428495003339486,5.384301055627547,5.391666889190674,67400,0.0,0.0
2020-02-25 00:00:00-05:00,5.3990323715315265,5.465323468710572,5.384301055627547,5.391666889190674,68700,0.0,0.0
2020-02-26 00:00:00-05:00,5.421127309822229,5.457955408949547,5.347470760345459,5.347470760345459,104500,0.0,0.0
2020-02-27 00:00:00-05:00,5.347471364991462,5.406396611235636,5.310642910477766,5.3401055335998535,80500,0.0,0.0
2020-02-28 00:00:00-05:00,5.369568984209198,5.369568984209198,5.141233444213867,5.141233444213867,137100,0.0,0.0
2020-03-02 00:00:00-05:00,5.155965829649627,5.2811821988509715,5.141234512756663,5.266450881958008,116600,0.0,0.0
2020-03-03 00:00:00-05:00,5.266448975794635,5.3401055335998535,5.266448975794635,5.3401055335998535,103000,0.0,0.0
2020-03-04 00:00:00-05:00,5.347471366162208,5.472687338847408,5.318008391811498,5.413762092590332,94900,0.0,0.0
2020-03-05 00:00:00-05:00,5.376933798349786,5.413761900341565,5.369567967218134,5.384299278259277,54100,0.0,0.0
2020-03-06 00:00:00-05:00,5.362203874958945,5.406397819519043,5.362203874958945,5.406397819519043,67000,0.0,0.0
2020-03-09 00:00:00-04:00,4.574078580689558,5.347473645529752,4.574078580689558,5.21489143371582,149200,0.0,0.0
2020-03-10 00:00:00-04:00,5.207523113079058,5.214888592376562,5.1117694236565985,5.119134902954102,131300,0.0,0.0
2020-03-11 00:00:00-04:00,5.052846519812485,5.067577836438434,4.831876419200963,4.88343620300293,249400,0.0,0.0
2020-03-12 00:00:00-04:00,4.080577517730502,4.551979879556173,4.051114892067785,4.279450416564941,388300,0.0,0.0
2020-03-13 00:00:00-04:00,4.426764004414519,4.743487413649395,4.397301026808702,4.500420570373535,448100,0.0,0.0
2020-03-16 00:00:00-04:00,4.353107255765606,4.42676417579849,4.1100404030793145,4.397301197052002,328200,0.0,0.0
2020-03-17 00:00:00-04:00,4.424676612215327,4.483869553732413,4.328487905841182,4.446874141693115,188800,0.027,0.0
2020-03-18 00:00:00-04:00,4.3950821665801785,4.3950821665801785,3.8105510705377332,3.862344741821289,306300,0.0,0.0
2020-03-19 00:00:00-04:00,3.832747462189838,3.9807302062822574,3.588576340177874,3.9511337280273438,239300,0.0,0.0
2020-03-20 00:00:00-04:00,3.8771419234736944,4.232299991891102,3.8771419234736944,4.09911584854126,294000,0.0,0.0
2020-03-23 00:00:00-04:00,4.128713117432,4.128713117432,3.810550759720702,3.8771426677703857,253800,0.0,0.0
2020-03-24 00:00:00-04:00,3.995528181491382,4.09911584854126,3.928935933407547,4.09911584854126,218800,0.0,0.0
2020-03-25 00:00:00-04:00,4.143510535143718,4.424677410921562,4.106515116426313,4.321089744567871,219900,0.0,0.0
2020-03-26 00:00:00-04:00,4.3654835160332155,4.5800580978393555,4.3654835160332155,4.5800580978393555,211300,0.0,0.0
2020-03-27 00:00:00-04:00,4.5430645450982015,4.661450834366498,4.498669818929311,4.609656810760498,178700,0.0,0.0
2020-03-30 00:00:00-04:00,4.676249820837789,4.713245255458896,4.617056490371659,4.705846309661865,82800,0.0,0.0
2020-03-31 00:00:00-04:00,4.787237017373859,4.787237017373859,4.624456310484724,4.728044033050537,138400,0.0,0.0
2020-04-01 00:00:00-04:00,4.676246529613562,4.676246529613562,4.4838691348376685,4.572658538818359,104600,0.0,0.0
2020-04-02 00:00:00-04:00,4.483872483518846,4.557863708761468,4.269297753906244,4.328490734100342,253700,0.0,0.0
2020-04-03 00:00:00-04:00,4.291495122708728,4.372885290744261,4.1879070587795395,4.217503547668457,172600,0.0,0.0
2020-04-06 00:00:00-04:00,4.254497051239014,4.313689997240189,4.224900578238427,4.254497051239014,293400,0.0,0.0
2020-04-07 00:00:00-04:00,4.313691000599592,4.358085720426632,4.261897337210313,4.3062920570373535,354700,0.0,0.0
2020-04-08 00:00:00-04:00,4.306291498811806,4.387681631535156,4.306291498811806,4.3580851554870605,87000,0.0,0.0
2020-04-09 00:00:00-04:00,4.446875347135449,4.5356647834797865,4.432076754926869,4.491270065307617,208700,0.0,0.0
2020-04-13 00:00:00-04:00,4.55046290756249,4.55046290756249,4.432076642618739,4.4542741775512695,57700,0.0,0.0
2020-04-14 00:00:00-04:00,4.469867800892639,4.529267980989073,4.462442955407086,4.484717845916748,65800,0.021,0.0
2020-04-15 00:00:00-04:00,4.440165258462995,4.4847153689295105,4.358489878914649,4.462440490722656,107100,0.0,0.0
2020-04-16 00:00:00-04:00,4.462442765904143,4.469867611074392,4.403042234277223,4.455017566680908,179300,0.0,0.0
2020-04-17 00:00:00-04:00,4.4772940435099216,4.499568939208984,4.462443995026186,4.499568939208984,144800,0.0,0.0
2020-04-20 00:00:00-04:00,4.499567699861359,4.499567699861359,4.440167522287425,4.455017566680908,127800,0.0,0.0
2020-04-21 00:00:00-04:00,4.455015295285167,4.462440490722656,4.417890026203335,4.462440490722656,74200,0.0,0.0
2020-04-22 00:00:00-04:00,4.484716315744672,4.492141512749771,4.462441432835135,4.4698662757873535,59000,0.0,0.0
2020-04-23 00:00:00-04:00,4.484715415285812,4.484715415285812,4.403040034893228,4.4178900718688965,62100,0.0,0.0
2020-04-24 00:00:00-04:00,4.417890633541111,4.417890633541111,4.343640439222905,4.351065635681152,96600,0.0,0.0
2020-04-27 00:00:00-04:00,4.351064797168257,4.351064797168257,4.232264155100868,4.239689350128174,250900,0.0,0.0
2020-04-28 00:00:00-04:00,4.284241949303846,4.284241949303846,4.172866437501931,4.261966705322266,115000,0.0,0.0
2020-04-29 00:00:00-04:00,4.261966260555773,4.343641674560832,4.202566088207713,4.321366786956787,115400,0.0,0.0
2020-04-30 00:00:00-04:00,4.313942618374246,4.380768005247372,4.247117231501119,4.343642711639404,199500,0.0,0.0
2020-05-01 00:00:00-04:00,4.306518153961087,4.373343192706825,4.306518153961087,4.328793048858643,174300,0.0,0.0
2020-05-04 00:00:00-04:00,4.306515519090229,4.373340516950187,4.284240283768339,4.351065635681152,111200,0.0,0.0
2020-05-05 00:00:00-04:00,4.365917485723881,4.492143045455302,4.358492286185326,4.484717845916748,215800,0.0,0.0
2020-05-06 00:00:00-04:00,4.469865332107339,4.4847153689295105,4.455015295285167,4.462440490722656,36600,0.0,0.0
2020-05-07 00:00:00-04:00,4.462441543688678,4.5218417049935375,4.462441543688678,4.477291584014893,83500,0.0,0.0
2020-05-08 00:00:00-04:00,4.484717748741918,4.573818016955944,4.477292903417246,4.5441179275512695,142800,0.0,0.0
2020-05-11 00:00:00-04:00,4.544115655927241,4.573815730484714,4.544115655927241,4.551540851593018,120700,0.0,0.0
2020-05-12 00:00:00-04:00,4.548557653637786,4.570927766107932,4.511274606935377,4.526187896728516,90900,0.026,0.0
2020-05-13 00:00:00-04:00,4.5336464885203895,4.5336464885203895,4.473993301391602,4.473993301391602,72100,0.0,0.0
2020-05-14 00:00:00-04:00,4.436710834503174,4.4590809622612975,4.406884234533088,4.436710834503174,70300,0.0,0.0
2020-05-15 00:00:00-04:00,4.421794949904241,4.4516215324401855,4.421794949904241,4.4516215324401855,29900,0.0,0.0
2020-05-18 00:00:00-04:00,4.459082093068676,4.466538567171574,4.421798655870562,4.429255485534668,94000,0.0,0.0
2020-05-19 00:00:00-04:00,4.429254102879564,4.444167401991168,4.421797275543213,4.421797275543213,48000,0.0,0.0
2020-05-20 00:00:00-04:00,4.429251256030482,4.481447947152836,4.429251256030482,4.459077835083008,117700,0.0,0.0
2020-05-21 00:00:00-04:00,4.473993301391602,4.496363424345418,4.466536475219982,4.473993301391602,57500,0.0,0.0
2020-05-22 00:00:00-04:00,4.5038198949559956,4.5187331917381925,4.466536475219982,4.473993301391602,121000,0.0,0.0
2020-05-26 00:00:00-04:00,4.51873388750584,4.526190714825616,4.488907289348924,4.496364116668701,97900,0.0,0.0
2020-05-27 00:00:00-04:00,4.518733024597168,4.548559617058322,4.48144996180124,4.518733024597168,114500,0.0,0.0
2020-05-28 00:00:00-04:00,4.51873406182198,4.578387260437012,4.51873406182198,4.578387260437012,72300,0.0,0.0
2020-05-29 00:00:00-04:00,4.593301806751346,4.623128414154053,4.585845332681273,4.623128414154053,84800,0.0,0.0
2020-06-01 00:00:00-04:00,4.615670081428688,4.690236569908743,4.615670081428688,4.652953147888184,122300,0.0,0.0
2020-06-02 00:00:00-04:00,4.6678662763211465,4.690236042569522,4.652952624740864,4.660409450531006,55200,0.0,0.0
2020-06-03 00:00:00-04:00,4.667867449514289,4.67532392161747,4.630584022315044,4.6454973220825195,146900,0.0,0.0
2020-06-04 00:00:00-04:00,4.630585022563009,4.6380414962768555,4.615671719574126,4.6380414962768555,99400,0.0,0.0
2020-06-05 00:00:00-04:00,4.645497062055277,4.660410360987995,4.6231269358756535,4.630583763122559,55300,0.0,0.0
2020-06-08 00:00:00-04:00,4.660411628540775,4.667868457815811,4.630585022563009,4.6380414962768555,108800,0.0,0.0
2020-06-09 00:00:00-04:00,4.623128193287973,4.660411628540775,4.623128193287973,4.6380414962768555,106400,0.0,0.0
2020-06-10 00:00:00-04:00,4.6454951593195615,4.675321744968407,4.6454951593195615,4.66786527633667,74200,0.0,0.0
2020-06-11 00:00:00-04:00,4.645496367382557,4.6678664902170235,4.600756477274664,4.608212947845459,109600,0.0,0.0
2020-06-12 00:00:00-04:00,4.660408452143985,4.66786527633667,4.615668573670716,4.66786527633667,84000,0.0,0.0
2020-06-15 00:00:00-04:00,4.645495476309699,4.7126054763793945,4.645495476309699,4.7126054763793945,64100,0.0,0.0
2020-06-16 00:00:00-04:00,4.732825104039448,4.740313565467572,4.695381725639268,4.71784782409668,115300,0.027,0.0
2020-06-17 00:00:00-04:00,4.7103576952654675,4.71784651169689,4.657937051504774,4.687891960144043,74100,0.0,0.0
2020-06-18 00:00:00-04:00,4.695382727900636,4.70287154801382,4.650450878481323,4.665428161621094,89400,0.0,0.0
2020-06-19 00:00:00-04:00,4.6579376144884,4.7178470819215,4.6579376144884,4.680403709411621,108600,0.0,0.0
2020-06-22 00:00:00-04:00,4.6729160647657535,4.69538216532695,4.642961502075195,4.642961502075195,119900,0.0,0.0
2020-06-23 00:00:00-04:00,4.650452565386563,4.672918319702148,4.62798645398425,4.672918319702148,128100,0.0,0.0
2020-06-24 00:00:00-04:00,4.657938783420475,4.68040488398167,4.620495758600554,4.642961502075195,132400,0.0,0.0
2020-06-25 00:00:00-04:00,4.665427602636391,4.665427602636391,4.620495758600554,4.642961502075195,94800,0.0,0.0
2020-06-26 00:00:00-04:00,4.627984129526319,4.665427510694898,4.620495667544532,4.650450229644775,115600,0.0,0.0
2020-06-29 00:00:00-04:00,4.642961410576441,4.650450229644775,4.605518386494409,4.650450229644775,136600,0.0,0.0
2020-06-30 00:00:00-04:00,4.672918319702148,4.672918319702148,4.62798645398425,4.672918319702148,180400,0.0,0.0
2020-07-01 00:00:00-04:00,4.650452565386563,4.680407142531829,4.63547527681393,4.672918319702148,106900,0.0,0.0
2020-07-02 00:00:00-04:00,4.665427299105895,4.672915760748062,4.650450018735031,4.657938480377197,106800,0.0,0.0
2020-07-06 00:00:00-04:00,4.680403709411621,4.687892526748183,4.650449154238304,4.680403709411621,174300,0.0,0.0
2020-07-07 00:00:00-04:00,4.665427165753732,4.725336285524803,4.665427165753732,4.71784782409668,121500,0.0,0.0
2020-07-08 00:00:00-04:00,4.702871794798518,4.785246677846607,4.702871794798518,4.770269393920898,152600,0.0,0.0
2020-07-09 00:00:00-04:00,4.785246622149041,4.822690010070801,4.762780875065275,4.822690010070801,96000,0.0,0.0
2020-07-10 00:00:00-04:00,4.815200373766314,4.860132217407227,4.815200373766314,4.860132217407227,103100,0.0,0.0
2020-07-13 00:00:00-04:00,4.905066247870309,4.905066247870309,4.8676228523254395,4.8676228523254395,107100,0.0,0.0
2020-07-14 00:00:00-04:00,4.887924360210908,4.925523921796774,4.857844854372613,4.8653645515441895,100400,0.027,0.0
2020-07-15 00:00:00-04:00,4.872885372991591,4.880405071344773,4.842805862426758,4.842805862426758,142300,0.0,0.0
2020-07-16 00:00:00-04:00,4.827764376105455,4.865363571541938,4.827764376105455,4.85784387588501,58100,0.0,0.0
2020-07-17 00:00:00-04:00,4.865363571541938,4.865363571541938,4.842804125995233,4.85784387588501,59700,0.0,0.0
2020-07-20 00:00:00-04:00,4.857845304922013,4.902964567864122,4.857845304922013,4.895444869995117,60100,0.0,0.0
2020-07-21 00:00:00-04:00,4.8954455409768896,4.902965239876562,4.872885727125718,4.880405426025391,44500,0.0,0.0
2020-07-22 00:00:00-04:00,4.872885727125718,4.8954455409768896,4.872885727125718,4.880405426025391,60000,0.0,0.0
2020-07-23 00:00:00-04:00,4.880405426025391,4.8879254835011405,4.872885727125718,4.880405426025391,54500,0.0,0.0
2020-07-24 00:00:00-04:00,4.887924360210908,4.895444415958479,4.8653645515441895,4.8653645515441895,95100,0.0,0.0
2020-07-27 00:00:00-04:00,4.865365810343869,4.902965381657745,4.865365810343869,4.887925624847412,263100,0.0,0.0
2020-07-28 00:00:00-04:00,4.887926263715376,4.963125057595771,4.887926263715376,4.902966022491455,169000,0.0,0.0
2020-07-29 00:00:00-04:00,4.9104837242835115,4.94808292388916,4.902963669216804,4.94808292388916,33400,0.0,0.0
2020-07-30 00:00:00-04:00,4.9330444294291995,4.978163695599387,4.9330444294291995,4.970643997192383,40800,0.0,0.0
2020-07-31 00:00:00-04:00,5.023281687134294,5.023281687134294,4.970642735914,4.985682487487793,58900,0.0,0.0
2020-08-03 00:00:00-04:00,4.993203657531101,5.0759224948860995,4.9856839588130475,5.038322925567627,164400,0.0,0.0
2020-08-04 00:00:00-04:00,5.030802916200159,5.068402124620833,5.030802916200159,5.0533623695373535,39100,0.0,0.0
2020-08-05 00:00:00-04:00,5.068401336669922,5.07592139233059,5.060881639585244,5.068401336669922,42100,0.0,0.0
2020-08-06 00:00:00-04:00,5.075922181450594,5.075922181450594,5.0533623695373535,5.0533623695373535,34200,0.0,0.0
2020-08-07 00:00:00-04:00,5.060882399358279,5.1060016643679225,5.05336234256865,5.083442211151123,61700,0.0,0.0
2020-08-10 00:00:00-04:00,5.098484039306641,5.113523800425343,5.0834442781879385,5.098484039306641,28400,0.0,0.0
2020-08-11 00:00:00-04:00,5.128563561544045,5.136083262815301,5.098484039306641,5.098484039306641,38600,0.0,0.0
2020-08-12 00:00:00-04:00,5.098484039306641,5.113523800425343,5.090963979459195,5.098484039306641,46400,0.0,0.0
2020-08-13 00:00:00-04:00,5.12104144670103,5.12104144670103,5.0533623695373535,5.0533623695373535,61100,0.0,0.0
2020-08-14 00:00:00-04:00,5.068403537690733,5.075923596617086,5.030804318787405,5.045844078063965,104500,0.0,0.0
2020-08-17 00:00:00-04:00,5.0533637723769855,5.128562927246094,5.0533637723769855,5.128562927246094,44000,0.0,0.0
2020-08-18 00:00:00-04:00,5.126294800615299,5.126294800615299,5.0734462707116315,5.088545799255371,54900,0.027,0.0
2020-08-19 00:00:00-04:00,5.080996041683684,5.088545625697478,5.050796985626221,5.050796985626221,45600,0.0,0.0
2020-08-20 00:00:00-04:00,5.058347726143639,5.058347726143639,4.997949600219727,4.997949600219727,54800,0.0,0.0
2020-08-21 00:00:00-04:00,5.005499091734062,5.028148206899608,4.914901911069483,4.922451496124268,114700,0.0,0.0
2020-08-24 00:00:00-04:00,4.922452163019234,4.945101641254532,4.892253098706332,4.8998026847839355,99000,0.0,0.0
2020-08-25 00:00:00-04:00,4.907353419446482,4.914903366738563,4.862054815697901,4.877154350280762,145400,0.0,0.0
2020-08-26 00:00:00-04:00,4.877153593578243,4.877153593578243,4.839404582977295,4.839404582977295,98200,0.0,0.0
2020-08-27 00:00:00-04:00,4.8243039287659775,4.862052930587774,4.801654815673828,4.801654815673828,104600,0.0,0.0
2020-08-28 00:00:00-04:00,4.831854996857852,4.8469545290979825,4.794105986256905,4.839404582977295,140000,0.0,0.0
2020-08-31 00:00:00-04:00,4.869602680206299,4.8847022094472035,4.862053095586434,4.869602680206299,90700,0.0,0.0
2020-09-01 00:00:00-04:00,4.8696050532445945,4.892254538144003,4.8696050532445945,4.88470458984375,98200,0.0,0.0
2020-09-02 00:00:00-04:00,4.907355308532715,4.930004799126577,4.892255768137288,4.907355308532715,153800,0.0,0.0
2020-09-03 00:00:00-04:00,4.914902878520335,4.9300024116032946,4.877153865812304,4.892253398895264,111800,0.0,0.0
2020-09-04 00:00:00-04:00,4.877152449424533,4.892251978122395,4.846953392028809,4.846953392028809,50400,0.0,0.0
2020-09-08 00:00:00-04:00,4.854504115217425,4.862054061338113,4.8243050507371645,4.839404582977295,52200,0.0,0.0
2020-09-09 00:00:00-04:00,4.846955928346536,4.88470458984375,4.846955928346536,4.88470458984375,55700,0.0,0.0
2020-09-10 00:00:00-04:00,4.8922555672708175,4.930004596710205,4.88470561738237,4.930004596710205,61000,0.0,0.0
2020-09-11 00:00:00-04:00,4.914905056934735,4.990402755812085,4.914905056934735,4.930004596710205,79000,0.0,0.0
2020-09-14 00:00:00-04:00,4.952651801766477,4.952651801766477,4.937552267858703,4.945102214813232,32900,0.0,0.0
2020-09-15 00:00:00-04:00,4.942827707869167,4.950408905499041,4.920084476470947,4.920084476470947,28500,0.027,0.0
2020-09-16 00:00:00-04:00,4.935247955374279,4.942828793177294,4.897342681884766,4.897342681884766,65200,0.0,0.0
2020-09-17 00:00:00-04:00,4.897341600321544,4.9428277015686035,4.897341600321544,4.9428277015686035,13200,0.0,0.0
2020-09-18 00:00:00-04:00,4.920084476470947,4.935246871730693,4.904922442702601,4.920084476470947,40400,0.0,0.0
2020-09-21 00:00:00-04:00,4.927666756079785,4.927666756079785,4.889761482590272,4.897342681884766,37100,0.0,0.0
2020-09-22 00:00:00-04:00,4.889758700584123,4.904920729055265,4.836691781680764,4.867015838623047,46600,0.0,0.0
2020-09-23 00:00:00-04:00,4.844272727754527,4.867015951735442,4.798786641283977,4.821529865264893,83400,0.0,0.0
2020-09-24 00:00:00-04:00,4.82911069893101,4.82911069893101,4.783624612460461,4.821529865264893,105900,0.0,0.0
2020-09-25 00:00:00-04:00,4.829111613465472,4.844273645160365,4.806368746668807,4.836692810058594,64300,0.0,0.0
2020-09-28 00:00:00-04:00,4.829111021807421,4.87459711131919,4.829111021807421,4.859435081481934,40100,0.0,0.0
2020-09-29 00:00:00-04:00,4.851856570592237,4.904923519687781,4.851856570592237,4.897342681884766,42000,0.0,0.0
2020-09-30 00:00:00-04:00,4.927665321412355,4.927665321412355,4.874598026275635,4.874598026275635,60800,0.0,0.0
2020-10-01 00:00:00-04:00,4.882179572795781,4.927665674100821,4.867017539027434,4.920084476470947,68600,0.0,0.0
2020-10-02 00:00:00-04:00,4.9200864171776075,4.957991697295746,4.889762337679713,4.927667617797852,38500,0.0,0.0
2020-10-05 00:00:00-04:00,4.950408905499041,4.950408905499041,4.904922442702601,4.920084476470947,44700,0.0,0.0
2020-10-06 00:00:00-04:00,4.904923519687781,4.935247955374279,4.889761482590272,4.897342681884766,63400,0.0,0.0
2020-10-07 00:00:00-04:00,4.927667283766013,4.957991361208328,4.867019128881381,4.882181167602539,66000,0.0,0.0
2020-10-08 00:00:00-04:00,4.874596558764963,4.904920615002127,4.874596558764963,4.889758586883545,42000,0.0,0.0
2020-10-09 00:00:00-04:00,4.889761402177711,4.9125046381957,4.889761402177711,4.904923439025879,104200,0.0,0.0
2020-10-12 00:00:00-04:00,4.950407825844111,5.0413800086136895,4.935245795382514,4.988312721252441,123100,0.0,0.0
2020-10-13 00:00:00-04:00,4.993641307524825,4.993641307524825,4.932743300344642,4.955580234527588,55200,0.027,0.0
2020-10-14 00:00:00-04:00,4.955580963727419,4.963193034254659,4.917519522148793,4.932744026184082,57300,0.0,0.0
2020-10-15 00:00:00-04:00,4.909906751982286,4.932743687959759,4.887070178985596,4.887070178985596,45000,0.0,0.0
2020-10-16 00:00:00-04:00,4.887070861478382,4.917519871713445,4.871846356360851,4.879458427429199,39300,0.0,0.0
2020-10-19 00:00:00-04:00,4.894682248990898,4.925131254973673,4.8794577459995105,4.887070178985596,76700,0.0,0.0
2020-10-20 00:00:00-04:00,4.90990595422255,4.91751838597177,4.887069384936338,4.894681453704834,71100,0.0,0.0
2020-10-21 00:00:00-04:00,4.902295112609863,4.909907183283833,4.864233670297567,4.902295112609863,111300,0.0,0.0
2020-10-22 00:00:00-04:00,4.887070271973515,4.9022947752545845,4.856621265411377,4.856621265411377,73500,0.0,0.0
2020-10-23 00:00:00-04:00,4.849008832280448,4.871845768692446,4.841396762130308,4.856621265411377,76100,0.0,0.0
2020-10-26 00:00:00-04:00,4.826173083809275,4.841397589692739,4.795724072042346,4.803336143493652,113000,0.0,0.0
2020-10-27 00:00:00-04:00,4.803334150585629,4.833783149719238,4.780497582725773,4.833783149719238,99000,0.0,0.0
2020-10-28 00:00:00-04:00,4.8109479586985096,4.849009037017822,4.7804989508507365,4.849009037017822,87500,0.0,0.0
2020-10-29 00:00:00-04:00,4.83378542734456,4.83378542734456,4.795724341983944,4.810948848724365,216100,0.0,0.0
2020-10-30 00:00:00-04:00,4.81094857792581,4.81094857792581,4.772887131726724,4.803336143493652,89700,0.0,0.0
2020-11-02 00:00:00-05:00,4.795724341983944,4.83378542734456,4.788111907123298,4.810948848724365,119000,0.0,0.0
2020-11-03 00:00:00-05:00,4.810947463783482,4.818559533471949,4.78049845906808,4.795722961425781,131300,0.0,0.0
2020-11-04 00:00:00-05:00,4.818558650152434,4.864232148852848,4.818558650152434,4.833783149719238,62700,0.0,0.0
2020-11-05 00:00:00-05:00,4.856622851680013,4.8718473599337075,4.83378590780902,4.864234924316406,79700,0.0,0.0
2020-11-06 00:00:00-05:00,4.871846103952352,4.917519616938619,4.871846103952352,4.902295112609863,40500,0.0,0.0
2020-11-09 00:00:00-05:00,4.909908193330592,4.947969643472738,4.909908193330592,4.940357208251953,100900,0.0,0.0
2020-11-10 00:00:00-05:00,4.9403583758653,4.986032272022883,4.9403583758653,4.963195323944092,88500,0.0,0.0
2020-11-11 00:00:00-05:00,4.963195323944092,5.001256783081753,4.9403583758653,4.963195323944092,55900,0.0,0.0
2020-11-12 00:00:00-05:00,4.955581140410919,5.001254654145203,4.955581140410919,4.970805644989014,45100,0.0,0.0
2020-11-13 00:00:00-05:00,4.970803381008199,5.008864443627896,4.955578883364189,4.993639945983887,47900,0.0,0.0
2020-11-16 00:00:00-05:00,4.986030529661703,5.031704046877766,4.986030529661703,5.001255035400391,86500,0.0,0.0
2020-11-17 00:00:00-05:00,4.990555219277555,5.005840212538097,4.982912540435791,4.982912540435791,89700,0.026,0.0
2020-11-18 00:00:00-05:00,4.975272194448159,4.998199511198512,4.975272194448159,4.9905571937561035,69900,0.0,0.0
2020-11-19 00:00:00-05:00,4.9829145118905664,5.013484510506456,4.967629512582622,4.9905571937561035,48900,0.0,0.0
2020-11-20 00:00:00-05:00,4.9905571937561035,5.013484510506456,4.9829145118905664,4.9905571937561035,28500,0.0,0.0
2020-11-23 00:00:00-05:00,4.990555307981448,5.028767609600512,4.982912629003841,5.005840301513672,34300,0.0,0.0
2020-11-24 00:00:00-05:00,5.005839803113127,5.051694779144301,4.998197124896453,5.028767108917236,40300,0.0,0.0
2020-11-25 00:00:00-05:00,5.036411257145055,5.082266246560232,5.013483580225935,5.059338569641113,84000,0.0,0.0
2020-11-27 00:00:00-05:00,5.0440535731693865,5.0669812500885065,5.0440535731693865,5.059338569641113,32400,0.0,0.0
2020-11-30 00:00:00-05:00,5.07462267662325,5.097550349523563,5.051695368145934,5.066980361938477,33300,0.0,0.0
2020-12-01 00:00:00-05:00,5.066982141323151,5.082267140483365,4.998199462890625,4.998199462890625,68900,0.0,0.0
2020-12-02 00:00:00-05:00,4.990554900853996,5.059337183926276,4.990554900853996,5.051694869995117,84600,0.0,0.0
2020-12-03 00:00:00-05:00,5.074624569645211,5.105194568634033,5.044054570656389,5.105194568634033,34900,0.0,0.0
2020-12-04 00:00:00-05:00,5.097550392150879,5.128120379991601,5.059337725138477,5.097550392150879,50500,0.0,0.0
2020-12-07 00:00:00-05:00,5.0899077129791985,5.143405373911961,5.074622719058837,5.097550392150879,68300,0.0,0.0
2020-12-08 00:00:00-05:00,5.11283538607124,5.1204777008199205,5.082265398230518,5.097550392150879,75500,0.0,0.0
2020-12-09 00:00:00-05:00,5.09755036783194,5.135762670239042,5.09755036783194,5.120477676391602,82600,0.0,0.0
2020-12-10 00:00:00-05:00,5.105193698492264,5.128121376037598,5.0975513822592005,5.128121376037598,67800,0.0,0.0
2020-12-11 00:00:00-05:00,5.128120852881544,5.143405848211412,5.112835857551676,5.135763168334961,16300,0.0,0.0
2020-12-14 00:00:00-05:00,5.128121376037598,5.143406372926796,5.112836379148399,5.128121376037598,73500,0.0,0.0
2020-12-15 00:00:00-05:00,5.132722606751265,5.148067054188947,5.079016857799134,5.094361305236816,58000,0.026,0.0
2020-12-16 00:00:00-05:00,5.056001284522884,5.08669018495187,5.017639976066375,5.048328876495361,111000,0.0,0.0
2020-12-17 00:00:00-05:00,5.040658308920945,5.071347218327777,5.025313854217529,5.025313854217529,44900,0.0,0.0
2020-12-18 00:00:00-05:00,5.025312690926137,5.063673635884312,5.0176402824301585,5.032984733581543,65100,0.0,0.0
2020-12-21 00:00:00-05:00,5.025313854217529,5.0560027636243605,5.025313854217529,5.025313854217529,50800,0.0,0.0
2020-12-22 00:00:00-05:00,5.040656261064233,5.071345158003151,5.025311812594773,5.056000709533691,117400,0.0,0.0
2020-12-23 00:00:00-05:00,5.0483291847329275,5.063673635884312,5.0176402824301585,5.032984733581543,89600,0.0,0.0
2020-12-24 00:00:00-05:00,5.0483291847329275,5.056001593228906,5.002295831278774,5.032984733581543,38900,0.0,0.0
2020-12-28 00:00:00-05:00,5.0406558413046465,5.056000288496301,5.002294540405273,5.002294540405273,176100,0.0,0.0
2020-12-29 00:00:00-05:00,5.00996814175469,5.056001494308202,5.00996814175469,5.040657043457031,125400,0.0,0.0
2020-12-30 00:00:00-05:00,5.040656261064233,5.0943616477870854,5.025311812594773,5.056000709533691,122600,0.0,0.0
2020-12-31 00:00:00-05:00,5.063674635366935,5.125052452087402,5.056002591197199,5.125052452087402,121200,0.0,0.0
2021-01-04 00:00:00-05:00,5.109706401824951,5.117378809438757,5.071345461277514,5.109706401824951,77100,0.0,0.0
2021-01-05 00:00:00-05:00,5.102034360051676,5.125050851212032,5.086689910664595,5.109706401824951,49700,0.0,0.0
2021-01-06 00:00:00-05:00,5.086689778272376,5.140395166809095,5.05600088029696,5.071345329284668,239200,0.0,0.0
2021-01-07 00:00:00-05:00,5.086689569422098,5.109706059038384,5.063672713965305,5.079017162322998,68700,0.0,0.0
2021-01-08 00:00:00-05:00,5.086690834263594,5.094362877429894,5.063673973083496,5.063673973083496,41500,0.0,0.0
2021-01-11 00:00:00-05:00,5.071345158003151,5.102034054942069,5.056000709533691,5.056000709533691,66700,0.0,0.0
2021-01-12 00:00:00-05:00,5.056000709533691,5.071345158003151,5.040656261064233,5.056000709533691,57000,0.0,0.0
2021-01-13 00:00:00-05:00,5.071346382090395,5.079018425256695,5.040657477743996,5.063673973083496,88600,0.0,0.0
2021-01-14 00:00:00-05:00,5.063672921870554,5.09436181984597,5.05600088029696,5.071345329284668,64600,0.0,0.0
2021-01-15 00:00:00-05:00,5.063673326709854,5.132723535595349,5.048328876495361,5.048328876495361,158100,0.0,0.0
2021-01-19 00:00:00-05:00,5.052951483167317,5.076059654808886,5.037546157836914,5.037546157836914,98000,0.026,0.0
2021-01-20 00:00:00-05:00,5.068355687001158,5.068355687001158,5.045247887764678,5.060653209686279,34700,0.0,0.0
2021-01-21 00:00:00-05:00,5.07605919556409,5.099166997823106,5.045248547690806,5.091464519500732,70300,0.0,0.0
2021-01-22 00:00:00-05:00,5.099165916442871,5.106868760423597,5.076058119084327,5.099165916442871,65100,0.0,0.0
2021-01-25 00:00:00-05:00,5.091464519500732,5.114572321759748,5.07605919556409,5.091464519500732,32900,0.0,0.0
2021-01-26 00:00:00-05:00,5.106868335826965,5.145381450653076,5.09916549248667,5.145381450653076,58900,0.0,0.0
2021-01-27 00:00:00-05:00,5.122273107965105,5.122273107965105,5.091462472479232,5.106867790222168,130400,0.0,0.0
2021-01-28 00:00:00-05:00,5.122273639424073,5.1530842781066895,5.099165476766218,5.1530842781066895,52300,0.0,0.0
2021-01-29 00:00:00-05:00,5.122274272443519,5.14538207066529,5.114571428175042,5.129976749420166,59100,0.0,0.0
2021-02-01 00:00:00-05:00,5.129976749420166,5.160787391910414,5.106868951198395,5.129976749420166,123000,0.0,0.0
2021-02-02 00:00:00-05:00,5.14538226058372,5.160787582397461,5.114571616956236,5.160787582397461,23800,0.0,0.0
2021-02-03 00:00:00-05:00,5.168489597447997,5.168489597447997,5.129976115448835,5.1530842781066895,49400,0.0,0.0
2021-02-04 00:00:00-05:00,5.160788517576775,5.168491363525391,5.145383192971456,5.168491363525391,32600,0.0,0.0
2021-02-05 00:00:00-05:00,5.1684893706331545,5.2301106452941895,5.160786527654641,5.2301106452941895,111800,0.0,0.0
2021-02-08 00:00:00-05:00,5.260924645241485,5.284032821655273,5.230113988217769,5.284032821655273,153200,0.0,0.0
2021-02-09 00:00:00-05:00,5.276329675050087,5.31484317779541,5.268627194876213,5.31484317779541,117400,0.0,0.0
2021-02-10 00:00:00-05:00,5.337948254450516,5.337948254450516,5.284029818944784,5.299435138702393,87400,0.0,0.0
2021-02-11 00:00:00-05:00,5.299437850155678,5.31484317779541,5.284032522515945,5.31484317779541,58300,0.0,0.0
2021-02-12 00:00:00-05:00,5.314840458460001,5.314840458460001,5.284029818944784,5.299435138702393,58700,0.0,0.0
2021-02-16 00:00:00-05:00,5.311806179054551,5.311806179054551,5.203559866353997,5.2422194480896,71700,0.026,0.0
2021-02-17 00:00:00-05:00,5.265414902182885,5.265414902182885,5.219023625311219,5.2422194480896,92500,0.0,0.0
2021-02-18 00:00:00-05:00,5.2499530116389606,5.2499530116389606,5.1571704248751,5.188097953796387,264400,0.0,0.0
2021-02-19 00:00:00-05:00,5.211292542162964,5.211292542162964,5.1571695599702485,5.164901256561279,60200,0.0,0.0
2021-02-22 00:00:00-05:00,5.1571696178791955,5.172633379920064,5.103046266393574,5.110778331756592,115800,0.0,0.0
2021-02-23 00:00:00-05:00,5.110777729564246,5.110777729564246,5.033458928470221,5.0411906242370605,152400,0.0,0.0
2021-02-24 00:00:00-05:00,5.05665566655563,5.118510723114014,5.048923968828443,5.118510723114014,143100,0.0,0.0
2021-02-25 00:00:00-05:00,5.118509564233463,5.118509564233463,5.041190761041217,5.072118282318115,193900,0.0,0.0
2021-02-26 00:00:00-05:00,5.103046075555085,5.141705663554087,5.041191029704805,5.133973598480225,82300,0.0,0.0
2021-03-01 00:00:00-05:00,5.149437494694052,5.195828780295735,5.133973732826823,5.164901256561279,93000,0.0,0.0
2021-03-02 00:00:00-05:00,5.180365018428508,5.180365018428508,5.149437494694052,5.164901256561279,65300,0.0,0.0
2021-03-03 00:00:00-05:00,5.172633222880931,5.226756572723389,5.149437396181261,5.226756572723389,174000,0.0,0.0
2021-03-04 00:00:00-05:00,5.265415052365912,5.273147116407609,5.1880962553744725,5.234487533569336,104700,0.0,0.0
2021-03-05 00:00:00-05:00,5.234487533569336,5.234487533569336,5.211291710129352,5.234487533569336,49000,0.0,0.0
2021-03-08 00:00:00-05:00,5.257684880845697,5.257684880845697,5.195829456639864,5.2112932205200195,32600,0.0,0.0
2021-03-09 00:00:00-05:00,5.219023221548214,5.319537831336522,5.203559463787326,5.257682800292969,67800,0.0,0.0
2021-03-10 00:00:00-05:00,5.288610865538922,5.296342560880503,5.273147106170654,5.273147106170654,105500,0.0,0.0
2021-03-11 00:00:00-05:00,5.3118073480836685,5.350466938327521,5.288611888885498,5.288611888885498,31900,0.0,0.0
2021-03-12 00:00:00-05:00,5.311805768113544,5.350465346858298,5.257682800292969,5.257682800292969,90000,0.0,0.0
2021-03-15 00:00:00-04:00,5.288610201686068,5.335001473967606,5.234486866348412,5.296341896057129,19600,0.0,0.0
2021-03-16 00:00:00-04:00,5.293239336266239,5.316523172430998,5.2311482429504395,5.2311482429504395,71700,0.026,0.0
2021-03-17 00:00:00-04:00,5.254433288043424,5.269955971328001,5.161297188335969,5.207865238189697,97700,0.0,0.0
2021-03-18 00:00:00-04:00,5.169057447212988,5.207864333729741,5.114728250197411,5.130250930786133,99000,0.0,0.0
2021-03-19 00:00:00-04:00,5.138009505170695,5.169054850753803,5.11472568102822,5.145771026611328,77300,0.0,0.0
2021-03-22 00:00:00-04:00,5.161295413970947,5.169056567900102,5.106965856107523,5.161295413970947,103600,0.0,0.0
2021-03-23 00:00:00-04:00,5.1690575978975986,5.215625641021282,5.1457737613807115,5.1923418045043945,94900,0.0,0.0
2021-03-24 00:00:00-04:00,5.19234137416546,5.200102528997879,5.145773334901316,5.184579849243164,66500,0.0,0.0
2021-03-25 00:00:00-04:00,5.200101923796392,5.200101923796392,5.138011212003812,5.161295413970947,120400,0.0,0.0
2021-03-26 00:00:00-04:00,5.161297236238995,5.200103759765625,5.15353570947969,5.200103759765625,32300,0.0,0.0
2021-03-29 00:00:00-04:00,5.207861707579419,5.223384380340576,5.200100186153985,5.223384380340576,55100,0.0,0.0
2021-03-30 00:00:00-04:00,5.2311470467807535,5.254431247711182,5.1923405386831325,5.254431247711182,91200,0.0,0.0
2021-03-31 00:00:00-04:00,5.293237686157227,5.316521515063506,5.254430811193709,5.293237686157227,71300,0.0,0.0
2021-04-01 00:00:00-04:00,5.308760967605429,5.347567476905161,5.285476765953725,5.316522121429443,47300,0.0,0.0
2021-04-05 00:00:00-04:00,5.35532891836004,5.35532891836004,5.262192853366953,5.2854766845703125,48900,0.0,0.0
2021-04-06 00:00:00-04:00,5.293239192756582,5.347568389061323,5.293239192756582,5.324284553527832,1122900,0.0,0.0
2021-04-07 00:00:00-04:00,5.347569417331077,5.370853627431719,5.269956000478878,5.355330944061279,74400,0.0,0.0
2021-04-08 00:00:00-04:00,5.363092100701517,5.363092100701517,5.332046733960637,5.355330944061279,56700,0.0,0.0
2021-04-09 00:00:00-04:00,5.355329914299081,5.363091069446948,5.301000347904448,5.324284553527832,74600,0.0,0.0
2021-04-12 00:00:00-04:00,5.347568235053323,5.347568235053323,5.269954835360436,5.332045555114746,143400,0.0,0.0
2021-04-13 00:00:00-04:00,5.3289302448901585,5.375675201416016,5.313348592714873,5.375675201416016,58100,0.026,0.0
2021-04-14 00:00:00-04:00,5.375675201416016,5.391256853591301,5.352302537405142,5.375675201416016,45000,0.0,0.0
2021-04-15 00:00:00-04:00,5.3756751266753575,5.3990474188653845,5.344511822758066,5.383465766906738,91400,0.0,0.0
2021-04-16 00:00:00-04:00,5.399044990539551,5.406835998762659,5.360091063911168,5.399044990539551,50200,0.0,0.0
2021-04-19 00:00:00-04:00,5.391256344052854,5.406837994755486,5.321138730143079,5.367883682250977,80200,0.0,0.0
2021-04-20 00:00:00-04:00,5.3912545001585475,5.3912545001585475,5.344509564038158,5.360091209411621,41200,0.0,0.0
2021-04-21 00:00:00-04:00,5.360093085594041,5.375674736421518,5.352302074432373,5.352302074432373,30700,0.0,0.0
2021-04-22 00:00:00-04:00,5.375672854785084,5.375672854785084,5.344509564038158,5.360091209411621,46300,0.0,0.0
2021-04-23 00:00:00-04:00,5.375674693350221,5.406837994755486,5.360093042647589,5.367883682250977,65800,0.0,0.0
2021-04-26 00:00:00-04:00,5.383463491723951,5.399045137097415,5.352300200977025,5.360091209411621,55700,0.0,0.0
2021-04-27 00:00:00-04:00,5.375674736421518,5.383465376087327,5.352302074432373,5.352302074432373,69000,0.0,0.0
2021-04-28 00:00:00-04:00,5.367881846350488,5.375672854785084,5.352300200977025,5.360091209411621,84600,0.0,0.0
2021-04-29 00:00:00-04:00,5.375672854785084,5.375672854785084,5.352300200977025,5.360091209411621,49600,0.0,0.0
2021-04-30 00:00:00-04:00,5.391256853591301,5.391256853591301,5.344511897065444,5.375675201416016,69900,0.0,0.0
2021-05-03 00:00:00-04:00,5.383464369018918,5.4068370266358095,5.360092082897815,5.3912553787231445,130300,0.0,0.0
2021-05-04 00:00:00-04:00,5.399047806304308,5.422420471667458,5.391257165513867,5.4146294593811035,70500,0.0,0.0
2021-05-05 00:00:00-04:00,5.422418007586229,5.453581299578446,5.422418007586229,5.4457902908325195,40200,0.0,0.0
2021-05-06 00:00:00-04:00,5.445791267901937,5.515908873212613,5.38346467273503,5.476954936981201,115600,0.0,0.0
2021-05-07 00:00:00-04:00,5.4769575756535405,5.554865857146594,5.4769575756535405,5.531493186950684,85700,0.0,0.0
2021-05-10 00:00:00-04:00,5.5470723690534705,5.570445028824326,5.5470723690534705,5.5626540184021,60400,0.0,0.0
2021-05-11 00:00:00-04:00,5.539281803356758,5.5626540919407725,5.500327493722295,5.554863452911377,83900,0.0,0.0
2021-05-12 00:00:00-04:00,5.5548631395017685,5.5548631395017685,5.469163886038664,5.492536544799805,52100,0.0,0.0
2021-05-13 00:00:00-04:00,5.508118234564654,5.515908873212613,5.476954936981201,5.476954936981201,21300,0.0,0.0
2021-05-14 00:00:00-04:00,5.492536947965991,5.5003275871276855,5.492536947965991,5.5003275871276855,28900,0.0,0.0
2021-05-17 00:00:00-04:00,5.508118152618408,5.5548630982981475,5.476954855498582,5.508118152618408,78000,0.0,0.0
2021-05-18 00:00:00-04:00,5.504991054534912,5.528449987421847,5.497171658817326,5.504991054534912,50000,0.026,0.0
2021-05-19 00:00:00-04:00,5.504990554476046,5.575366973876953,5.504990554476046,5.575366973876953,61300,0.0,0.0
2021-05-20 00:00:00-04:00,5.551907350896582,5.606644600591085,5.551907350896582,5.58318567276001,75200,0.0,0.0
2021-05-21 00:00:00-04:00,5.583186292045509,5.606645222478642,5.583186292045509,5.598825454711914,37100,0.0,0.0
2021-05-24 00:00:00-04:00,5.614465316315265,5.614465316315265,5.5831869870886575,5.591006755828857,40800,0.0,0.0
2021-05-25 00:00:00-04:00,5.591006561084065,5.637924053289755,5.5831867926162415,5.622284889221191,77600,0.0,0.0
2021-05-26 00:00:00-04:00,5.622284669646048,5.637923833103833,5.614464901483621,5.630104064941406,33800,0.0,0.0
2021-05-27 00:00:00-04:00,5.622284003915189,5.661381721496582,5.622284003915189,5.661381721496582,61900,0.0,0.0
2021-05-28 00:00:00-04:00,5.677021618627147,5.677021618627147,5.661382083155081,5.669201850891113,41800,0.0,0.0
2021-06-01 00:00:00-04:00,5.669201850891113,5.684841013496131,5.661382083155081,5.669201850891113,55400,0.0,0.0
2021-06-02 00:00:00-04:00,5.669201488733075,5.684840650339037,5.661381721496582,5.661381721496582,34300,0.0,0.0
2021-06-03 00:00:00-04:00,5.661382612959058,5.684841545495445,5.614465120753368,5.622284889221191,46900,0.0,0.0
2021-06-04 00:00:00-04:00,5.622283761522799,5.622283761522799,5.58318567276001,5.58318567276001,58100,0.0,0.0
2021-06-07 00:00:00-04:00,5.614465316315265,5.622285085055464,5.5831869870886575,5.591006755828857,79400,0.0,0.0
2021-06-08 00:00:00-04:00,5.58318552817197,5.5988246886986754,5.55972697381541,5.567546367645264,66400,0.0,0.0
2021-06-09 00:00:00-04:00,5.56754658606166,5.5831857472018935,5.559727191925049,5.559727191925049,39500,0.0,0.0
2021-06-10 00:00:00-04:00,5.55972697381541,5.575366134342116,5.551907207118558,5.567546367645264,33400,0.0,0.0
2021-06-11 00:00:00-04:00,5.575366062672565,5.575366062672565,5.528448581695557,5.528448581695557,48500,0.0,0.0
2021-06-14 00:00:00-04:00,5.551909923553467,5.559729694076371,5.544090525897743,5.551909923553467,66900,0.0,0.0
2021-06-15 00:00:00-04:00,5.548768403842959,5.57231317985322,5.540919895681228,5.564465045928955,42600,0.026,0.0
2021-06-16 00:00:00-04:00,5.548768043518066,5.572312817999381,5.548768043518066,5.548768043518066,56800,0.0,0.0
2021-06-17 00:00:00-04:00,5.564465409353862,5.564465409353862,5.533072123131519,5.540920257568359,44000,0.0,0.0
2021-06-18 00:00:00-04:00,5.533072006092114,5.564465291650404,5.533072006092114,5.55661678314209,25500,0.0,0.0
2021-06-21 00:00:00-04:00,5.556616176932691,5.580161325651448,5.548768043518066,5.548768043518066,35400,0.0,0.0
2021-06-22 00:00:00-04:00,5.540920140362945,5.572313425921235,5.540920140362945,5.55661678314209,50300,0.0,0.0
2021-06-23 00:00:00-04:00,5.540920140362945,5.572313425921235,5.540920140362945,5.55661678314209,32000,0.0,0.0
2021-06-24 00:00:00-04:00,5.564463896027656,5.705733645608105,5.556615389487824,5.697885513305664,241000,0.0,0.0
2021-06-25 00:00:00-04:00,5.65079724820058,5.690039046492086,5.627252468615695,5.666493892669678,52300,0.0,0.0
2021-06-28 00:00:00-04:00,5.650798795277809,5.682192092810871,5.619405497744747,5.627254009246826,44100,0.0,0.0
2021-06-29 00:00:00-04:00,5.627252459864395,5.674342393198456,5.611555815419708,5.642949104309082,99300,0.0,0.0
2021-06-30 00:00:00-04:00,5.642948631643944,5.690038561033655,5.6037068367004395,5.6037068367004395,62500,0.0,0.0
2021-07-01 00:00:00-04:00,5.603708848978217,5.6351021465112785,5.603708848978217,5.627254009246826,73900,0.0,0.0
2021-07-02 00:00:00-04:00,5.627252459864395,5.658645748753769,5.61940395052329,5.642949104309082,34700,0.0,0.0
2021-07-06 00:00:00-04:00,5.650795222541458,5.697885513305664,5.627250451396744,5.697885513305664,47000,0.0,0.0
2021-07-07 00:00:00-04:00,5.682190648360496,5.721432447420112,5.666494003584156,5.690039157867432,20100,0.0,0.0
2021-07-08 00:00:00-04:00,5.697886951729743,5.760673522949219,5.697886951729743,5.760673522949219,65100,0.0,0.0
2021-07-09 00:00:00-04:00,5.760671866999706,5.8077617818779546,5.760671866999706,5.792065143585205,51000,0.0,0.0
2021-07-12 00:00:00-04:00,5.799914098400733,5.799914098400733,5.674340974244673,5.744976043701172,49000,0.0,0.0
2021-07-13 00:00:00-04:00,5.773331900249404,5.812713578174741,5.670939838100738,5.702445030212402,57400,0.026,0.0
2021-07-14 00:00:00-04:00,5.702446176369888,5.718199151163488,5.686693577147878,5.694570064544678,61200,0.0,0.0
2021-07-15 00:00:00-04:00,5.710321510593655,5.710321510593655,5.663063722471117,5.678816318511963,31500,0.0,0.0
2021-07-16 00:00:00-04:00,5.670940487006979,5.670940487006979,5.6236826934319355,5.639435291290283,46000,0.0,0.0
2021-07-19 00:00:00-04:00,5.65518779848661,5.718198564481392,5.584301297046252,5.647311687469482,76300,0.0,0.0
2021-07-20 00:00:00-04:00,5.615807249056737,5.670941160321258,5.607930761406604,5.6315598487854,57500,0.0,0.0
2021-07-21 00:00:00-04:00,5.631559180146888,5.6473117780052355,5.600053984430192,5.639435291290283,73100,0.0,0.0
2021-07-22 00:00:00-04:00,5.655185965706937,5.655185965706937,5.600052079740635,5.615804672241211,39800,0.0,0.0
2021-07-23 00:00:00-04:00,5.6315598487854,5.6315598487854,5.615807249056737,5.6315598487854,32900,0.0,0.0
2021-07-26 00:00:00-04:00,5.631558424144632,5.663063615631948,5.623681938487049,5.655187129974365,90900,0.0,0.0
2021-07-27 00:00:00-04:00,5.6551883787038575,5.702446176369888,5.639435779481848,5.694570064544678,44800,0.0,0.0
2021-07-28 00:00:00-04:00,5.710321449470278,5.7812083186810685,5.702444963748408,5.765455722808838,57200,0.0,0.0
2021-07-29 00:00:00-04:00,5.7812077674121545,5.820589065551758,5.72607349933094,5.820589065551758,49900,0.0,0.0
2021-07-30 00:00:00-04:00,5.836341138371591,5.844217622638534,5.710320394672035,5.741825580596924,65400,0.0,0.0
2021-08-02 00:00:00-04:00,5.741826708137739,5.789084496305236,5.702445030212402,5.702445030212402,46700,0.0,0.0
2021-08-03 00:00:00-04:00,5.7103197202992595,5.726072311401367,5.694567129197152,5.726072311401367,93600,0.0,0.0
2021-08-04 00:00:00-04:00,5.718196203636012,5.73394879473812,5.718196203636012,5.726072311401367,41400,0.0,0.0
2021-08-05 00:00:00-04:00,5.7339480273789905,5.7339480273789905,5.686689884825703,5.71819543838501,45000,0.0,0.0
2021-08-06 00:00:00-04:00,5.710318956102347,5.773329312078268,5.686689884825703,5.71819543838501,62800,0.0,0.0
2021-08-09 00:00:00-04:00,5.749704544075876,5.789085855677074,5.686693769485075,5.710322856903076,49600,0.0,0.0
2021-08-10 00:00:00-04:00,5.702445030212402,5.812713578174741,5.702445030212402,5.702445030212402,64000,0.0,0.0
2021-08-11 00:00:00-04:00,5.718196203636012,5.789082675809798,5.7103197202992595,5.726072311401367,25100,0.0,0.0
2021-08-12 00:00:00-04:00,5.726075456657876,5.757580656167475,5.694570257148277,5.710322856903076,48000,0.0,0.0
2021-08-13 00:00:00-04:00,5.718198001839749,5.733950597895581,5.68669243415657,5.702445030212402,28900,0.0,0.0
2021-08-16 00:00:00-04:00,5.718198494353739,5.749703689178976,5.702445521369573,5.733951091766357,37300,0.0,0.0
2021-08-17 00:00:00-04:00,5.761613096843233,5.793226856142493,5.70628882963666,5.7458062171936035,43300,0.025,0.0
2021-08-18 00:00:00-04:00,5.73790168762207,5.753708563750548,5.69838430886805,5.73790168762207,71000,0.0,0.0
2021-08-19 00:00:00-04:00,5.737902215786593,5.7458054661454865,5.706288083753956,5.729998588562012,46900,0.0,0.0
2021-08-20 00:00:00-04:00,5.7299983135925165,5.75370881726276,5.714191436767578,5.714191436767578,28300,0.0,0.0
2021-08-23 00:00:00-04:00,5.714191710978537,5.7458054661454865,5.714191710978537,5.729998588562012,18700,0.0,0.0
2021-08-24 00:00:00-04:00,5.753708162510451,5.801128787588962,5.745804536564552,5.769515037536621,70400,0.0,0.0
2021-08-25 00:00:00-04:00,5.777418814948235,5.785322441616902,5.682577556118202,5.7616119384765625,27500,0.0,0.0
2021-08-26 00:00:00-04:00,5.769515037536621,5.793225161643063,5.73790128748428,5.769515037536621,49000,0.0,0.0
2021-08-27 00:00:00-04:00,5.777418814948235,5.793225691419907,5.7616119384765625,5.7616119384765625,33500,0.0,0.0
2021-08-30 00:00:00-04:00,5.761612271349919,5.761612271349919,5.682577884425399,5.698384761810303,106500,0.0,0.0
2021-08-31 00:00:00-04:00,5.729998843570792,5.729998843570792,5.6983850869968995,5.7062883377075195,58600,0.0,0.0
2021-09-01 00:00:00-04:00,5.722095012664795,5.7299986399602725,5.698384884509747,5.722095012664795,39600,0.0,0.0
2021-09-02 00:00:00-04:00,5.73790351928768,5.73790351928768,5.65886873654999,5.666772365570068,84700,0.0,0.0
2021-09-03 00:00:00-04:00,5.674673480974664,5.690480356197104,5.6114459800849055,5.643059730529785,94100,0.0,0.0
2021-09-07 00:00:00-04:00,5.619351863861084,5.650965627007679,5.611448234641543,5.619351863861084,72500,0.0,0.0
2021-09-08 00:00:00-04:00,5.635157841278057,5.635157841278057,5.595640455252454,5.611447334289551,55400,0.0,0.0
2021-09-09 00:00:00-04:00,5.619351863861084,5.62725511621484,5.611448234641543,5.619351863861084,64900,0.0,0.0
2021-09-10 00:00:00-04:00,5.6114456262092505,5.635156125980466,5.5877355033036435,5.595638751983643,49700,0.0,0.0
2021-09-13 00:00:00-04:00,5.6035423775292506,5.6114456262092505,5.571928629078036,5.595638751983643,61800,0.0,0.0
2021-09-14 00:00:00-04:00,5.607536293609946,5.631330436092269,5.607536293609946,5.615467548370361,44200,0.025,0.0
2021-09-15 00:00:00-04:00,5.61546820493885,5.663056873668706,5.61546820493885,5.655125617980957,79900,0.0,0.0
2021-09-16 00:00:00-04:00,5.655126070947477,5.670988961794689,5.615468654728875,5.663057327270508,69400,0.0,0.0
2021-09-17 00:00:00-04:00,5.678921222686768,5.678921222686768,5.647195435380232,5.678921222686768,31100,0.0,0.0
2021-09-20 00:00:00-04:00,5.6709900604702,5.742372894011507,5.647195530488949,5.710647106170654,106700,0.0,0.0
2021-09-21 00:00:00-04:00,5.73444077930572,5.750303670855897,5.7185778877555435,5.742372035980225,90200,0.0,0.0
2021-09-22 00:00:00-04:00,5.742371634112025,5.750303268432617,5.718577487552528,5.750303268432617,47900,0.0,0.0
2021-09-23 00:00:00-04:00,5.742371634112025,5.750303268432617,5.72650874367198,5.750303268432617,60900,0.0,0.0
2021-09-24 00:00:00-04:00,5.742372488723721,5.742372488723721,5.702715445822199,5.718578338623047,30700,0.0,0.0
2021-09-27 00:00:00-04:00,5.710647009993302,5.7185786459205445,5.647195435380232,5.678921222686768,71900,0.0,0.0
2021-09-28 00:00:00-04:00,5.663057121384738,5.670988755620557,5.591674304268052,5.599605560302734,64100,0.0,0.0
2021-09-29 00:00:00-04:00,5.599607763568921,5.599607763568921,5.536156177520752,5.536156177520752,40000,0.0,0.0
2021-09-30 00:00:00-04:00,5.591674553760505,5.591674553760505,5.544085502624512,5.544085502624512,91900,0.0,0.0
2021-10-01 00:00:00-04:00,5.559948971397822,5.599606011166575,5.536154444975637,5.575811862945557,47800,0.0,0.0
2021-10-04 00:00:00-04:00,5.575811662782225,5.599605810149069,5.520291355257668,5.544085502624512,64200,0.0,0.0
2021-10-05 00:00:00-04:00,5.544085502624512,5.583742919170788,5.520291355257668,5.544085502624512,36900,0.0,0.0
2021-10-06 00:00:00-04:00,5.504428863525391,5.54408590474691,5.488565971396547,5.504428863525391,74500,0.0,0.0
2021-10-07 00:00:00-04:00,5.520290723406003,5.655125470388796,5.448907533073675,5.496496200561523,94000,0.0,0.0
2021-10-08 00:00:00-04:00,5.496496200561523,5.51235908972414,5.48856494508077,5.496496200561523,43700,0.0,0.0
2021-10-11 00:00:00-04:00,5.51235863394798,5.51235863394798,5.488564491271973,5.488564491271973,23700,0.0,0.0
2021-10-12 00:00:00-04:00,5.491750268432539,5.507668369751924,5.491750268432539,5.499709129333496,27600,0.024,0.0
2021-10-13 00:00:00-04:00,5.523585786040225,5.6031762827663965,5.515626546608895,5.571340084075928,77200,0.0,0.0
2021-10-14 00:00:00-04:00,5.595216146609172,5.682765483279642,5.579298050894782,5.635011196136475,57800,0.0,0.0
2021-10-15 00:00:00-04:00,5.650931501550885,5.650931501550885,5.611136436462402,5.611136436462402,43100,0.0,0.0
2021-10-18 00:00:00-04:00,5.587258338928223,5.595217578581077,5.531544799910546,5.587258338928223,63900,0.0,0.0
2021-10-19 00:00:00-04:00,5.587256778308195,5.587256778308195,5.507666301597859,5.531543254852295,54300,0.0,0.0
2021-10-20 00:00:00-04:00,5.531545133809197,5.547463234558329,5.507668172444228,5.523586273193359,76500,0.0,0.0
2021-10-21 00:00:00-04:00,5.515625958901925,5.515625958901925,5.459912806888726,5.46787166595459,55800,0.0,0.0
2021-10-22 00:00:00-04:00,5.467872308966419,5.4837904084874705,5.436036109924316,5.436036109924316,53500,0.0,0.0
2021-10-25 00:00:00-04:00,5.459913772831074,5.507668074226877,5.412159471435272,5.42011833190918,103500,0.0,0.0
2021-10-26 00:00:00-04:00,5.42011719028504,5.428076428599967,5.37236289894759,5.396240234375,89000,0.0,0.0
2021-10-27 00:00:00-04:00,5.396239916216174,5.428076108564099,5.380321820042211,5.412158012390137,67800,0.0,0.0
2021-10-28 00:00:00-04:00,5.388281811361162,5.451954209445368,5.372363711840111,5.436036109924316,101500,0.0,0.0
2021-10-29 00:00:00-04:00,5.43603528023548,5.515625765693033,5.43603528023548,5.491748809814453,97300,0.0,0.0
2021-11-01 00:00:00-04:00,5.475832744742415,5.571341362733646,5.475832744742415,5.555423259735107,111100,0.0,0.0
2021-11-02 00:00:00-04:00,5.531544799910546,5.635012638293044,5.531544799910546,5.587258338928223,92700,0.0,0.0
2021-11-03 00:00:00-04:00,5.571340239139949,5.61909453850477,5.571340239139949,5.587258338928223,59100,0.0,0.0
2021-11-04 00:00:00-04:00,5.5872581630789835,5.68276675880266,5.579299303194056,5.666848659515381,86600,0.0,0.0
2021-11-05 00:00:00-04:00,5.674807888846248,5.714602947235107,5.674807888846248,5.714602947235107,117000,0.0,0.0
2021-11-08 00:00:00-05:00,5.70664326244751,5.730520218125837,5.70664326244751,5.722561359405518,52500,0.0,0.0
2021-11-09 00:00:00-05:00,5.730521046494135,5.770316484400418,5.698684847976079,5.714602947235107,103200,0.0,0.0
2021-11-10 00:00:00-05:00,5.714601675858336,5.770315200628578,5.714601675858336,5.730519771575928,91400,0.0,0.0
2021-11-11 00:00:00-05:00,5.7305203758011265,5.762356570593115,5.706643419465824,5.7384796142578125,63600,0.0,0.0
2021-11-12 00:00:00-05:00,5.746438184683729,5.770315519337592,5.73052008808694,5.762356281280518,26300,0.0,0.0
2021-11-15 00:00:00-05:00,5.746438315083845,5.77031565027954,5.722561359405518,5.722561359405518,60600,0.0,0.0
2021-11-16 00:00:00-05:00,5.725755243339172,5.77366946695346,5.709783835467744,5.757698059082031,47300,0.024,0.0
2021-11-17 00:00:00-05:00,5.757698561851349,5.757698561851349,5.701798439025879,5.701798439025879,26500,0.0,0.0
2021-11-18 00:00:00-05:00,5.717770487322144,5.733741898373215,5.589999198913574,5.589999198913574,119100,0.0,0.0
2021-11-19 00:00:00-05:00,5.589999198913574,5.605970609964646,5.56604189194273,5.589999198913574,47700,0.0,0.0
2021-11-22 00:00:00-05:00,5.613956560821707,5.629927972029072,5.5420850199943255,5.566041946411133,58200,0.0,0.0
2021-11-23 00:00:00-05:00,5.566042558167545,5.582013971130306,5.502156906316497,5.510142803192139,42100,0.0,0.0
2021-11-24 00:00:00-05:00,5.526111936120218,5.558054748866363,5.518126042539499,5.5500688552856445,26300,0.0,0.0
2021-11-26 00:00:00-05:00,5.550070034950895,5.574027339996802,5.526113110693434,5.5340986251831055,17000,0.0,0.0
2021-11-29 00:00:00-05:00,5.5500688552856445,5.566040261658717,5.526111936120218,5.5500688552856445,37700,0.0,0.0
2021-11-30 00:00:00-05:00,5.5740266629938935,5.597983965130026,5.558055255165939,5.582012176513672,48900,0.0,0.0
2021-12-01 00:00:00-05:00,5.574028531612381,5.589999944794539,5.518128395080566,5.518128395080566,82700,0.0,0.0
2021-12-02 00:00:00-05:00,5.510142860778478,5.542085687037835,5.470214137560018,5.486185550689697,66500,0.0,0.0
2021-12-03 00:00:00-05:00,5.494170415255491,5.494170415255491,5.4622275949984145,5.478199005126953,44400,0.0,0.0
2021-12-06 00:00:00-05:00,5.478198501217759,5.478198501217759,5.438269789175008,5.446255683898926,59400,0.0,0.0
2021-12-07 00:00:00-05:00,5.446256487110452,5.486184824253399,5.446256487110452,5.470213413238525,57000,0.0,0.0
2021-12-08 00:00:00-05:00,5.462228621389442,5.510142860778478,5.462228621389442,5.486185550689697,91900,0.0,0.0
2021-12-09 00:00:00-05:00,5.486184371096596,5.52611308572992,5.486184371096596,5.502155780792236,66600,0.0,0.0
2021-12-10 00:00:00-05:00,5.510142878883751,5.534099808262724,5.502156981898409,5.518128395080566,48300,0.0,0.0
2021-12-13 00:00:00-05:00,5.5181266619803395,5.566040886478199,5.5101411482915665,5.5261125564575195,104600,0.0,0.0
2021-12-14 00:00:00-05:00,5.498859502856346,5.5309227923707045,5.490843489365476,5.514891147613525,74100,0.026,0.0
2021-12-15 00:00:00-05:00,5.498858930877273,5.522906204399417,5.48282728778767,5.5068745613098145,48300,0.0,0.0
2021-12-16 00:00:00-05:00,5.514889918923129,5.587032113145228,5.514889918923129,5.546953201293945,113700,0.0,0.0
2021-12-17 00:00:00-05:00,5.554969409999393,5.587032695713497,5.538937767142342,5.571001052856445,20500,0.0,0.0
2021-12-20 00:00:00-05:00,5.506876086387818,5.579018691382516,5.506876086387818,5.522907733917236,68400,0.0,0.0
2021-12-21 00:00:00-05:00,5.546954534748793,5.55497016615617,5.482827954591512,5.530922889709473,75000,0.0,0.0
2021-12-22 00:00:00-05:00,5.514889918923129,5.579016483664762,5.514889918923129,5.546953201293945,43000,0.0,0.0
2021-12-23 00:00:00-05:00,5.5710026765054925,5.5710026765054925,5.514892101264841,5.522907733917236,57900,0.0,0.0
2021-12-27 00:00:00-05:00,5.506876086387818,5.538939381446656,5.506876086387818,5.522907733917236,124400,0.0,0.0
2021-12-28 00:00:00-05:00,5.530922889709473,5.546954534748793,5.514891244670152,5.530922889709473,124100,0.0,0.0
2021-12-29 00:00:00-05:00,5.530923653699459,5.546955300953241,5.4988603591918945,5.4988603591918945,96600,0.0,0.0
2021-12-30 00:00:00-05:00,5.506875232253153,5.74735029012058,5.498859600844008,5.538938522338867,139800,0.0,0.0
2021-12-31 00:00:00-05:00,5.54695501448584,5.611081600189209,5.514891721634155,5.611081600189209,78000,0.0,0.0
2022-01-03 00:00:00-05:00,5.579016965728725,5.579016965728725,5.506874383048553,5.554969310760498,102600,0.0,0.0
2022-01-04 00:00:00-05:00,5.5710017131513725,5.5710017131513725,5.490843489365476,5.514891147613525,102600,0.0,0.0
2022-01-05 00:00:00-05:00,5.498860647721336,5.51489229581631,5.458781336371578,5.474812984466553,80300,0.0,0.0
2022-01-06 00:00:00-05:00,5.458780384400967,5.4988596887611925,5.450764752863666,5.466796398162842,85700,0.0,0.0
2022-01-07 00:00:00-05:00,5.490843294403331,5.490843294403331,5.402669060257348,5.482827663421631,135900,0.0,0.0
2022-01-10 00:00:00-05:00,5.458780297124581,5.554970167381724,5.458780297124581,5.538938522338867,185700,0.0,0.0
2022-01-11 00:00:00-05:00,5.530922889709473,5.562986179788114,5.522906876077529,5.530922889709473,122600,0.0,0.0
2022-01-12 00:00:00-05:00,5.57100047195982,5.57100047195982,5.514889918923129,5.546953201293945,129500,0.0,0.0
2022-01-13 00:00:00-05:00,5.55497016615617,5.57100181119549,5.506875231038208,5.530922889709473,90500,0.0,0.0
2022-01-14 00:00:00-05:00,5.5068753202984935,5.5068753202984935,5.434733107564491,5.466796398162842,78000,0.0,0.0
2022-01-18 00:00:00-05:00,5.429791312355115,5.478056077991583,5.349350036294336,5.3734822273254395,102400,0.024,0.0
2022-01-19 00:00:00-05:00,5.31717377035224,5.405658986300493,5.30108551440035,5.357394218444824,164700,0.0,0.0
2022-01-20 00:00:00-05:00,5.357394218444824,5.43783588177855,5.309129450589156,5.357394218444824,113800,0.0,0.0
2022-01-21 00:00:00-05:00,5.317175215982124,5.349351736634033,5.317175215982124,5.32521915435791,59100,0.0,0.0
2022-01-24 00:00:00-05:00,5.317177594776339,5.317177594776339,5.244780199133269,5.2689127922058105,93400,0.0,0.0
2022-01-25 00:00:00-05:00,5.23673349157052,5.309130465405236,5.180424393188541,5.260865688323975,138100,0.0,0.0
2022-01-26 00:00:00-05:00,5.2528245246823015,5.325221536750817,5.2528245246823015,5.2689127922058105,87500,0.0,0.0
2022-01-27 00:00:00-05:00,5.268909804194348,5.309130258406729,5.204556387020735,5.2126007080078125,82400,0.0,0.0
2022-01-28 00:00:00-05:00,5.164336509077361,5.204556967777791,5.140203926997599,5.172380447387695,830200,0.0,0.0
2022-01-31 00:00:00-05:00,5.220645454894154,5.220645454894154,5.148248472656809,5.188468933105469,119400,0.0,0.0
2022-02-01 00:00:00-05:00,5.188467958286241,5.284997889090466,5.172379700414591,5.220644474029541,129500,0.0,0.0
2022-02-02 00:00:00-05:00,5.220644645420554,5.2608654832072705,5.204556387020735,5.2126007080078125,80400,0.0,0.0
2022-02-03 00:00:00-05:00,5.172380447387695,5.196513029467457,5.164336509077361,5.172380447387695,119500,0.0,0.0
2022-02-04 00:00:00-05:00,5.196513202829511,5.204557141408201,5.148248420634195,5.164336681365967,75300,0.0,0.0
2022-02-07 00:00:00-05:00,5.148248702353005,5.325219580086573,5.148248702353005,5.301087379455566,151700,0.0,0.0
2022-02-08 00:00:00-05:00,5.252822174678307,5.381528257285942,5.244777852728138,5.32521915435791,100500,0.0,0.0
2022-02-09 00:00:00-05:00,5.381527215174058,5.381527215174058,5.317174186331955,5.3332624435424805,54600,0.0,0.0
2022-02-10 00:00:00-05:00,5.268911393601882,5.341308386453009,5.228690543682237,5.236734867095947,87600,0.0,0.0
2022-02-11 00:00:00-05:00,5.252822936308534,5.301087724284524,4.971277764420266,5.091939926147461,308500,0.0,0.0
2022-02-14 00:00:00-05:00,5.067807197570801,5.0919393972650475,5.0275863533145255,5.067807197570801,87700,0.0,0.0
2022-02-15 00:00:00-05:00,5.062154233393843,5.118669650681225,5.005638816106462,5.0863752365112305,67700,0.023,0.0
2022-02-16 00:00:00-05:00,5.08637608236657,5.360878648460808,5.029860655680773,5.2155537605285645,197700,0.0,0.0
2022-02-17 00:00:00-05:00,5.183258922953078,5.360878216100648,5.118670089081234,5.320510387420654,186500,0.0,0.0
2022-02-18 00:00:00-05:00,5.336657887417953,5.368952306118045,5.215553624802691,5.255921840667725,98000,0.0,0.0
2022-02-22 00:00:00-05:00,5.167111271936215,5.175184682988822,5.02985981922385,5.0863752365112305,290900,0.0,0.0
2022-02-23 00:00:00-05:00,5.078303892126465,5.110598321887208,5.037935662435551,5.062156677246094,43100,0.0,0.0
2022-02-24 00:00:00-05:00,5.029860910394032,5.31243728817305,5.005639902022177,5.272069454193115,164900,0.0,0.0
2022-02-25 00:00:00-05:00,5.288216581775831,5.3205110024448246,5.199406732446168,5.280142784118652,75800,0.0,0.0
2022-02-28 00:00:00-05:00,5.28014351019295,5.328585147857666,5.2074808612059185,5.328585147857666,133100,0.0,0.0
2022-03-01 00:00:00-05:00,5.328583575144432,5.385098994896225,5.247847536198871,5.360877990722656,178300,0.0,0.0
2022-03-02 00:00:00-05:00,5.377027119122368,5.377027119122368,5.296291051338837,5.368953704833984,237700,0.0,0.0
2022-03-03 00:00:00-05:00,5.352804876791827,5.36087828864515,5.247847827839872,5.304363250732422,51600,0.0,0.0
2022-03-04 00:00:00-05:00,5.328584498760998,5.328584498760998,5.239774648037352,5.272069454193115,96400,0.0,0.0
2022-03-07 00:00:00-05:00,5.247847982215246,5.263995191376716,5.110596511852844,5.142890930175781,73100,0.0,0.0
2022-03-08 00:00:00-05:00,5.118669650681225,5.142890268818828,5.02985981922385,5.0863752365112305,120300,0.0,0.0
2022-03-09 00:00:00-05:00,5.118669498918011,5.142890116337498,5.037933080906993,5.110595703125,101100,0.0,0.0
2022-03-10 00:00:00-05:00,5.037933981582382,5.070228785548277,4.997566150339737,5.013713359832764,140800,0.0,0.0
2022-03-11 00:00:00-05:00,4.997567653656006,5.029862082356533,4.965273224955479,4.997567653656006,89500,0.0,0.0
2022-03-14 00:00:00-04:00,4.98141894084671,5.1105966167909225,4.965271731353684,5.013713359832764,129600,0.0,0.0
2022-03-15 00:00:00-04:00,5.0323519729715915,5.064766447321569,4.975626449653625,4.991833686828613,64500,0.023,0.0
2022-03-16 00:00:00-04:00,4.9756245613098145,5.008039023357889,4.943210099261741,4.9756245613098145,42900,0.0,0.0
2022-03-17 00:00:00-04:00,4.951316179564169,5.072870661217141,4.951316179564169,5.0566630363464355,145100,0.0,0.0
2022-03-18 00:00:00-04:00,5.032353367719444,5.145804059387923,5.02424955368042,5.02424955368042,39300,0.0,0.0
2022-03-21 00:00:00-04:00,5.024249222991392,5.121493053003615,4.943213019990452,4.951316833496094,53300,0.0,0.0
2022-03-22 00:00:00-04:00,4.967524062433151,4.967524062433151,4.886487859622475,4.927005767822266,67300,0.0,0.0
2022-03-23 00:00:00-04:00,4.902694148329898,4.983730335407454,4.902694148329898,4.967523097991943,73000,0.0,0.0
2022-03-24 00:00:00-04:00,4.967523616704536,4.9918342821608315,4.918901899380886,4.9351091384887695,31400,0.0,0.0
2022-03-25 00:00:00-04:00,4.918900506154318,4.927003930207521,4.870278802602251,4.902693271636963,94600,0.0,0.0
2022-03-28 00:00:00-04:00,4.902693766457078,4.902693766457078,4.845968246715652,4.886486530303955,56500,0.0,0.0
2022-03-29 00:00:00-04:00,4.910798505014994,4.951316799442338,4.829762302571399,4.943212985992432,129000,0.0,0.0
2022-03-30 00:00:00-04:00,4.943213008384401,4.9999385435574215,4.91079852726013,4.927005767822266,145200,0.0,0.0
2022-03-31 00:00:00-04:00,4.983730778817206,4.983730778817206,4.902694584529742,4.9594197273254395,179800,0.0,0.0
2022-04-01 00:00:00-04:00,4.983729768011624,5.080973181433564,4.951315296870978,5.008040428161621,128800,0.0,0.0
2022-04-04 00:00:00-04:00,4.991834707458589,5.040456428924746,4.910798505014994,4.943212985992432,111300,0.0,0.0
2022-04-05 00:00:00-04:00,4.967522209706385,5.008040102794299,4.894589461172809,4.902693271636963,162900,0.0,0.0
2022-04-06 00:00:00-04:00,4.854070686623867,4.951314470221391,4.854070686623867,4.878381729125977,123800,0.0,0.0
2022-04-07 00:00:00-04:00,4.854071689294794,4.927004445455408,4.764932083332924,4.789242744445801,253300,0.0,0.0
2022-04-08 00:00:00-04:00,4.789242798771845,4.813553846571482,4.724413853187475,4.781139373779297,139800,0.0,0.0
2022-04-11 00:00:00-04:00,4.756827935617065,4.789242405749201,4.700102806091309,4.700102806091309,174100,0.0,0.0
2022-04-12 00:00:00-04:00,4.700102806091309,4.732517276223445,4.68389557102524,4.700102806091309,123100,0.0,0.0
2022-04-13 00:00:00-04:00,4.691999852689943,4.740621566772461,4.6514815644156595,4.740621566772461,116000,0.0,0.0
2022-04-14 00:00:00-04:00,4.716309072863544,4.716309072863544,4.6514797594982555,4.659583568572998,89400,0.0,0.0
2022-04-18 00:00:00-04:00,4.659586419610546,4.667690233643729,4.610964694644814,4.635275363922119,83200,0.0,0.0
2022-04-19 00:00:00-04:00,4.596225711763588,4.701979669009619,4.588090612943342,4.661304950714111,155800,0.022,0.0
2022-04-20 00:00:00-04:00,4.661306773570444,4.685711691672139,4.61249732527007,4.63690185546875,133500,0.0,0.0
2022-04-21 00:00:00-04:00,4.636901380574013,4.6694410094416705,4.604361751706355,4.612496852874756,331900,0.0,0.0
2022-04-22 00:00:00-04:00,4.588090765876035,4.628765485527334,4.5799560546875,4.5799560546875,155800,0.0,0.0
2022-04-25 00:00:00-04:00,4.579957399140432,4.579957399140432,4.409124147101235,4.5555524826049805,387800,0.0,0.0
2022-04-26 00:00:00-04:00,4.579957399140432,4.579957399140432,4.498608323860574,4.5555524826049805,298700,0.0,0.0
2022-04-27 00:00:00-04:00,4.555549854036863,4.563684950822363,4.466065728910174,4.498605728149414,244800,0.0,0.0
2022-04-28 00:00:00-04:00,4.498608323860574,4.620631742828867,4.45793359226915,4.5555524826049805,387300,0.0,0.0
2022-04-29 00:00:00-04:00,4.579957799189792,4.579957799189792,4.490473614614204,4.506743431091309,217500,0.0,0.0
2022-05-02 00:00:00-04:00,4.490470631363913,4.539280048368625,4.474200825695676,4.498605728149414,155700,0.0,0.0
2022-05-03 00:00:00-04:00,4.490474508243843,4.555553787103405,4.449799765005068,4.54741907119751,233100,0.0,0.0
2022-05-04 00:00:00-04:00,4.54741907119751,4.563688890912401,4.498609612052839,4.54741907119751,112900,0.0,0.0
2022-05-05 00:00:00-04:00,4.539282452376787,4.5555522666615325,4.514877924901153,4.523012638092041,170900,0.0,0.0
2022-05-06 00:00:00-04:00,4.531148244769445,4.669441487669,4.490473510567626,4.63690185546875,310800,0.0,0.0
2022-05-09 00:00:00-04:00,4.588092280471192,4.669441358725415,4.579957566597271,4.628767013549805,174400,0.0,0.0
2022-05-10 00:00:00-04:00,4.645036220550537,4.685710948299444,4.579956966474648,4.645036220550537,171900,0.0,0.0
2022-05-11 00:00:00-04:00,4.636901424798887,4.645036526044877,4.571822166442871,4.571822166442871,36900,0.0,0.0
2022-05-12 00:00:00-04:00,4.5555523084048675,4.72638555391156,4.5555523084048675,4.612496852874756,170300,0.0,0.0
2022-05-13 00:00:00-04:00,4.61249524774311,4.61249524774311,4.449796772120325,4.474201679229736,162000,0.0,0.0
2022-05-16 00:00:00-04:00,4.514879431767729,4.54741907119751,4.490474508243843,4.54741907119751,94900,0.0,0.0
2022-05-17 00:00:00-04:00,4.516381754131958,4.532715849161336,4.483713174637656,4.491880416870117,48400,0.022,0.0
2022-05-18 00:00:00-04:00,4.451044152887713,4.4592113935941,4.369373693001195,4.4183759689331055,85600,0.0,0.0
2022-05-19 00:00:00-04:00,4.393876944903564,4.43471199796559,4.3612087466796865,4.426545143127441,66300,0.0,0.0
2022-05-20 00:00:00-04:00,4.451044152887713,4.4592113935941,4.393875025684886,4.4183759689331055,165900,0.0,0.0
2022-05-23 00:00:00-04:00,4.4183778988536515,4.475547440463258,4.402043799741713,4.426545143127441,100900,0.0,0.0
2022-05-24 00:00:00-04:00,4.434711771985412,4.557217703800222,4.410210819283822,4.532716751098633,190000,0.0,0.0
2022-05-25 00:00:00-04:00,4.581718680917178,4.679723262786865,4.524549146775398,4.679723262786865,157900,0.0,0.0
2022-05-26 00:00:00-04:00,4.655221396538569,4.745059114484804,4.655221396538569,4.720558166503906,237400,0.0,0.0
2022-05-27 00:00:00-04:00,4.728725747019851,4.826730332895714,4.728725747019851,4.79406213760376,340000,0.0,0.0
2022-05-31 00:00:00-04:00,4.7777286226793905,4.826730921593948,4.761394523041205,4.769561767578125,144900,0.0,0.0
2022-06-01 00:00:00-04:00,4.794061700067578,4.8022289428629765,4.769560750552527,4.7777276039123535,200700,0.0,0.0
2022-06-02 00:00:00-04:00,4.794061544454266,4.883899265109692,4.769560595734505,4.843063831329346,155300,0.0,0.0
2022-06-03 00:00:00-04:00,4.810394872439113,4.810394872439113,4.720557555555434,4.761392593383789,95400,0.0,0.0
2022-06-06 00:00:00-04:00,4.769561874907642,4.851232374936404,4.704225474884633,4.712392330169678,190100,0.0,0.0
2022-06-07 00:00:00-04:00,4.696058230163925,4.736893674896137,4.6797241301581725,4.712392330169678,93000,0.0,0.0
2022-06-08 00:00:00-04:00,4.679723720741075,4.74506011504797,4.663389622164351,4.704225063323975,198500,0.0,0.0
2022-06-09 00:00:00-04:00,4.671556728392704,4.6960580722954965,4.573552131652832,4.573552131652832,144500,0.0,0.0
2022-06-10 00:00:00-04:00,4.57355032221522,4.581717563430154,4.540882136226471,4.549049377441406,107800,0.0,0.0
2022-06-13 00:00:00-04:00,4.434711003864382,4.491880532658655,4.426544150856945,4.442878246307373,163600,0.0,0.0
2022-06-14 00:00:00-04:00,4.4354993416989075,4.451896736289588,4.345313866922522,4.369909763336182,199500,0.021,0.0
2022-06-15 00:00:00-04:00,4.361712863518473,4.386308768965916,4.255129564059904,4.304321765899658,212200,0.0,0.0
2022-06-16 00:00:00-04:00,4.271525360506093,4.271525360506093,4.11574991770908,4.132147312164307,417300,0.0,0.0
2022-06-17 00:00:00-04:00,4.1485456635008955,4.214135256450347,4.1485456635008955,4.173141956329346,168200,0.0,0.0
2022-06-21 00:00:00-04:00,4.214135256450347,4.214135256450347,4.156744558091983,4.173141956329346,246600,0.0,0.0
2022-06-22 00:00:00-04:00,4.173141318823195,4.230532008414322,4.173141318823195,4.197737216949463,258500,0.0,0.0
2022-06-23 00:00:00-04:00,4.222332323787321,4.27972299730933,4.197736041603144,4.2469282150268555,228800,0.0,0.0
2022-06-24 00:00:00-04:00,4.271525464338081,4.2879228591918945,4.214134386877369,4.2879228591918945,163300,0.0,0.0
2022-06-27 00:00:00-04:00,4.2797239662926225,4.320717648899522,4.246929176584995,4.2879228591918945,123600,0.0,0.0
2022-06-28 00:00:00-04:00,4.2797251481457215,4.35351364083706,4.2715266439271495,4.337116241455078,248700,0.0,0.0
2022-06-29 00:00:00-04:00,4.3535123687455,4.410903445285247,4.345313866922522,4.369909763336182,231900,0.0,0.0
2022-06-30 00:00:00-04:00,4.3945048908526285,4.4764918421672135,4.337113829460107,4.460094451904297,258400,0.0,0.0
2022-07-01 00:00:00-04:00,4.476492716312144,4.501088611037161,4.443697929382324,4.443697929382324,87300,0.0,0.0
2022-07-05 00:00:00-04:00,4.468294004810851,4.583076154651856,4.443698109091145,4.5748772621154785,149200,0.0,0.0
2022-07-06 00:00:00-04:00,4.591275215148926,4.615871504807502,4.566679316435111,4.591275215148926,94700,0.0,0.0
2022-07-07 00:00:00-04:00,4.583078676580438,4.681463095486637,4.583078676580438,4.64866828918457,130200,0.0,0.0
2022-07-08 00:00:00-04:00,4.632267796572593,4.673261081637507,4.558479336133215,4.656863689422607,117000,0.0,0.0
2022-07-11 00:00:00-04:00,4.656864248273373,4.755249004314177,4.624069459908011,4.673261642456055,99200,0.0,0.0
2022-07-12 00:00:00-04:00,4.665063140837072,4.714255323385116,4.640466854090692,4.673261642456055,70000,0.0,0.0
2022-07-13 00:00:00-04:00,4.64866574665439,4.730652717567797,4.607672065725329,4.673261642456055,151000,0.0,0.0
2022-07-14 00:00:00-04:00,4.648665104657722,4.6650624965758665,4.607671429390028,4.640466213226318,50100,0.0,0.0
2022-07-15 00:00:00-04:00,4.624070488090049,4.656865283747476,4.624070488090049,4.632269382476807,32900,0.0,0.0
2022-07-18 00:00:00-04:00,4.624069844948637,4.673262031592854,4.558480262756348,4.558480262756348,100300,0.0,0.0
2022-07-19 00:00:00-04:00,4.575763356382934,4.608682486164849,4.575763356382934,4.600452899932861,31600,0.021,0.0
2022-07-20 00:00:00-04:00,4.616911463059718,4.641600608825684,4.559302802227637,4.641600608825684,132700,0.0,0.0
2022-07-21 00:00:00-04:00,4.658062686070464,4.666292667388916,4.616913956759528,4.666292667388916,107100,0.0,0.0
2022-07-22 00:00:00-04:00,4.658060170145293,4.674519731464902,4.641600608825684,4.641600608825684,142200,0.0,0.0
2022-07-25 00:00:00-04:00,4.616912841796875,4.649831974266652,4.6086828624659235,4.616912841796875,119300,0.0,0.0
2022-07-26 00:00:00-04:00,4.592221588237624,4.633370684733693,4.57576202812457,4.583992004394531,145500,0.0,0.0
2022-07-27 00:00:00-04:00,4.592222921273891,4.6416016159467635,4.583993335041904,4.600452899932861,111800,0.0,0.0
2022-07-28 00:00:00-04:00,4.649831572280437,4.699210266716227,4.649831572280437,4.682750701904297,112100,0.0,0.0
2022-07-29 00:00:00-04:00,4.715669664575823,4.872035720966703,4.6992101003466225,4.756818771362305,189900,0.0,0.0
2022-08-01 00:00:00-04:00,4.789737899820704,4.8061974640499034,4.723899250476939,4.756818771362305,174900,0.0,0.0
2022-08-02 00:00:00-04:00,4.789736704857842,4.789736704857842,4.732128048214601,4.748587608337402,131200,0.0,0.0
2022-08-03 00:00:00-04:00,4.765048159881444,4.789737701416016,4.748588596334047,4.789737701416016,44500,0.0,0.0
2022-08-04 00:00:00-04:00,4.855575277127516,4.888494399622464,4.78973703213762,4.822656154632568,127800,0.0,0.0
2022-08-05 00:00:00-04:00,4.789737701416016,4.830886414071034,4.781507723428842,4.789737701416016,52500,0.0,0.0
2022-08-08 00:00:00-04:00,4.822656154632568,4.8308857390428575,4.78973703213762,4.822656154632568,105300,0.0,0.0
2022-08-09 00:00:00-04:00,4.781506919475209,4.822656017638445,4.773277335298692,4.797966480255127,79200,0.0,0.0
2022-08-10 00:00:00-04:00,4.839114372450217,4.839114372450217,4.797965284541851,4.806195259094238,74300,0.0,0.0
2022-08-11 00:00:00-04:00,4.830886414071034,4.830886414071034,4.789737701416016,4.789737701416016,48100,0.0,0.0
2022-08-12 00:00:00-04:00,4.797966384829425,4.822655921721699,4.797966384829425,4.814425945281982,52400,0.0,0.0
2022-08-15 00:00:00-04:00,4.78973703213762,4.847345300290332,4.78973703213762,4.822656154632568,74500,0.0,0.0
2022-08-16 00:00:00-04:00,4.815223611684919,4.856520713257129,4.7408889863902814,4.757408142089844,96400,0.021,0.0
2022-08-17 00:00:00-04:00,4.749147548981635,4.749147548981635,4.699591273991984,4.707850456237793,57800,0.0,0.0
2022-08-18 00:00:00-04:00,4.707851945913581,4.724370709470393,4.641776891686335,4.683073997497559,120700,0.0,0.0
2022-08-19 00:00:00-04:00,4.666554422847595,4.666554422847595,4.608738563528526,4.641776084899902,67800,0.0,0.0
2022-08-22 00:00:00-04:00,4.641775660655779,4.641775660655779,4.583960200459187,4.616997718811035,79100,0.0,0.0
2022-08-23 00:00:00-04:00,4.608738899230957,4.625257661119879,4.583960953316749,4.608738899230957,59600,0.0,0.0
2022-08-24 00:00:00-04:00,4.6335164779869595,4.666553996338807,4.592219383128007,4.616997718811035,56300,0.0,0.0
2022-08-25 00:00:00-04:00,4.641776392790151,4.740888963478443,4.60047968525587,4.658295154571533,171100,0.0,0.0
2022-08-26 00:00:00-04:00,4.650035237162883,4.650035237162883,4.600478959635112,4.616997718811035,51300,0.0,0.0
2022-08-29 00:00:00-04:00,4.6252569239479,4.6252569239479,4.567441463470459,4.567441463470459,110200,0.0,0.0
2022-08-30 00:00:00-04:00,4.5839600249503905,4.633516300580772,4.534403355481739,4.5591816902160645,209200,0.0,0.0
2022-08-31 00:00:00-04:00,4.608738903286243,4.608738903286243,4.517885515898057,4.534404277801514,73500,0.0,0.0
2022-09-01 00:00:00-04:00,4.5013652330963945,4.5178839894185785,4.451808964129842,4.476587295532227,110800,0.0,0.0
2022-09-02 00:00:00-04:00,4.493106348308174,4.608737650192779,4.493106348308174,4.542662620544434,241000,0.0,0.0
2022-09-06 00:00:00-04:00,4.517884927751463,4.559182024053148,4.484847408245435,4.526144504547119,68700,0.0,0.0
2022-09-07 00:00:00-04:00,4.517884927751463,4.559182024053148,4.517884927751463,4.526144504547119,63200,0.0,0.0
2022-09-08 00:00:00-04:00,4.5013658272893275,4.526144161962521,4.451809551781208,4.484847068786621,49400,0.0,0.0
2022-09-09 00:00:00-04:00,4.48484675646735,4.501365513819711,4.46832799911499,4.46832799911499,12100,0.0,0.0
2022-09-12 00:00:00-04:00,4.5013652330963945,4.526143564498779,4.443549782887859,4.476587295532227,51000,0.0,0.0
2022-09-13 00:00:00-04:00,4.44342742184877,4.518036939988109,4.41855731893774,4.476587295532227,139800,0.02,0.0
2022-09-14 00:00:00-04:00,4.476587295532227,4.551196813671566,4.426847485007042,4.476587295532227,93400,0.0,0.0
2022-09-15 00:00:00-04:00,4.451720411415739,4.476590532308987,4.335660769607288,4.368820667266846,126900,0.0,0.0
2022-09-16 00:00:00-04:00,4.319079559947024,4.360529617569905,4.319079559947024,4.335659503936768,58500,0.0,0.0
2022-09-19 00:00:00-04:00,4.343948953507858,4.352239122531437,4.277629182507282,4.302499294281006,66400,0.0,0.0
2022-09-20 00:00:00-04:00,4.285919382583799,4.310789099240696,4.2527594968432565,4.261049270629883,103000,0.0,0.0
2022-09-21 00:00:00-04:00,4.2610503439648255,4.285920462183387,4.252760568090051,4.269340515136719,50800,0.0,0.0
2022-09-22 00:00:00-04:00,4.261049067276661,4.277629009355676,4.227889183118633,4.236179351806641,88300,0.0,0.0
2022-09-23 00:00:00-04:00,4.227888251331099,4.23617841819203,4.144988559206355,4.194728374481201,113100,0.0,0.0
2022-09-26 00:00:00-04:00,4.16985963123025,4.178149404716165,4.10353946685791,4.10353946685791,88900,0.0,0.0
2022-09-27 00:00:00-04:00,4.078670057656683,4.136699662310614,4.037220001220703,4.037220001220703,221900,0.0,0.0
2022-09-28 00:00:00-04:00,4.053799316257623,4.128409248156473,4.037219375313098,4.070379257202148,113500,0.0,0.0
2022-09-29 00:00:00-04:00,4.028928279876709,4.086957856484168,4.028928279876709,4.028928279876709,177200,0.0,0.0
2022-09-30 00:00:00-04:00,4.070378232940898,4.070378232940898,3.9957687151136008,4.012348651885986,145200,0.0,0.0
2022-10-03 00:00:00-04:00,4.037218359396127,4.095248335747913,3.9874785490789715,4.012348651885986,243100,0.0,0.0
2022-10-04 00:00:00-04:00,4.062090114141697,4.078670057656683,4.020640057705718,4.037220001220703,316700,0.0,0.0
2022-10-05 00:00:00-04:00,4.020640057705718,4.045510170626713,4.012350283596742,4.037220001220703,269000,0.0,0.0
2022-10-06 00:00:00-04:00,4.037220636760739,4.062090753596792,4.037220636760739,4.053800582885742,142500,0.0,0.0
2022-10-07 00:00:00-04:00,4.037218386558132,4.062088489532471,4.028928615764603,4.062088489532471,99500,0.0,0.0
2022-10-10 00:00:00-04:00,4.037220001220703,4.078670057656683,4.037220001220703,4.037220001220703,72100,0.0,0.0
2022-10-11 00:00:00-04:00,4.05379991215074,4.086959798914167,4.020640025387313,4.078670024871826,133800,0.0,0.0
2022-10-12 00:00:00-04:00,4.0703805290107455,4.086960475135749,4.045510807471788,4.053800582885742,254300,0.0,0.0
2022-10-13 00:00:00-04:00,4.0123494581706325,4.095249158691317,4.004059290470088,4.045509338378906,194200,0.0,0.0
2022-10-14 00:00:00-04:00,4.062090114141697,4.136699662310614,4.037220001220703,4.037220001220703,164400,0.0,0.0
2022-10-17 00:00:00-04:00,4.037218359396127,4.0869581697132835,4.012348651885986,4.012348651885986,69400,0.0,0.0
2022-10-18 00:00:00-04:00,4.020674843032382,4.112243119748257,4.020674843032382,4.078945636749268,162300,0.02,0.0
2022-10-19 00:00:00-04:00,4.062295783961801,4.062295783961801,3.9957008361816406,3.9957008361816406,70700,0.0,0.0
2022-10-20 00:00:00-04:00,4.0123491967141405,4.070619572086634,4.004024630553978,4.045646667480469,165200,0.0,0.0
2022-10-21 00:00:00-04:00,4.020673743130601,4.028998310071721,3.9707275322954807,3.9957008361816406,101200,0.0,0.0
2022-10-24 00:00:00-04:00,3.9790526364583427,3.9873768075861302,3.8791598043641238,3.9207818508148193,204900,0.0,0.0
2022-10-25 00:00:00-04:00,3.920782990284156,3.945755907862473,3.895809675768471,3.9124584197998047,86800,0.0,0.0
2022-10-26 00:00:00-04:00,3.9124571972611717,4.012350027172697,3.9124571972611717,4.004025459289551,193200,0.0,0.0
2022-10-27 00:00:00-04:00,4.004024949784254,4.012349516608112,3.895807962697254,3.9873762130737305,89300,0.0,0.0
2022-10-28 00:00:00-04:00,3.979052185085528,3.979052185085528,3.8958081016271184,3.9374301433563232,119500,0.0,0.0
2022-10-31 00:00:00-04:00,3.9124550227806894,3.9707257747650146,3.9124550227806894,3.9707257747650146,69600,0.0,0.0
2022-11-01 00:00:00-04:00,4.0123501722404855,4.062296390533447,3.970728125194389,4.062296390533447,138700,0.0,0.0
2022-11-02 00:00:00-04:00,4.053971159915824,4.053971159915824,3.9873762130737305,3.9873762130737305,94500,0.0,0.0
2022-11-03 00:00:00-04:00,4.0040250925732845,4.0040250925732845,3.929105576235599,3.9374301433563232,142900,0.0,0.0
2022-11-04 00:00:00-04:00,3.937428098619542,4.004023013253251,3.937428098619542,3.9624013900756836,36300,0.0,0.0
2022-11-07 00:00:00-05:00,3.9624013900756836,3.9873742845948232,3.9457522644802547,3.9624013900756836,77400,0.0,0.0
2022-11-08 00:00:00-05:00,3.9374301433563232,3.970727617964804,3.920781406052083,3.9374301433563232,198100,0.0,0.0
2022-11-09 00:00:00-05:00,3.9707257747650146,3.987374504340961,3.9457524819325824,3.9707257747650146,119700,0.0,0.0
2022-11-10 00:00:00-05:00,4.020673365937142,4.095592873629961,4.0123491967141405,4.045646667480469,174300,0.0,0.0
2022-11-11 00:00:00-05:00,4.012348772830539,4.1205653429200115,4.012348772830539,4.087267875671387,108100,0.0,0.0
2022-11-14 00:00:00-05:00,4.095594777373404,4.095594777373404,4.045648548007551,4.0539727210998535,79800,0.0,0.0
2022-11-15 00:00:00-05:00,4.078207639493714,4.145063437109679,4.069850465545725,4.094921588897705,138000,0.019,0.0
2022-11-16 00:00:00-05:00,4.094921406877117,4.16177720152132,4.094921406877117,4.128349304199219,103400,0.0,0.0
2022-11-17 00:00:00-05:00,4.1116350049554,4.161776846663157,4.1116350049554,4.119991779327393,195500,0.0,0.0
2022-11-18 00:00:00-05:00,4.13670649795059,4.178491573078176,4.119992547597958,4.153420448303223,626000,0.0,0.0
2022-11-21 00:00:00-05:00,4.094921027929732,4.203561883418831,4.069849908012273,4.170133590698242,609500,0.0,0.0
2022-11-22 00:00:00-05:00,4.170133762122115,4.236989951819652,4.170133762122115,4.211918830871582,147300,0.0,0.0
2022-11-23 00:00:00-05:00,4.220275077170553,4.278773682382131,4.220275077170553,4.2369890213012695,159300,0.0,0.0
2022-11-25 00:00:00-05:00,4.228631800696354,4.262059688568115,4.228631800696354,4.262059688568115,40200,0.0,0.0
2022-11-28 00:00:00-05:00,4.2537029158461035,4.287130803717864,4.236988971910223,4.262059688568115,224600,0.0,0.0
2022-11-29 00:00:00-05:00,4.295488560983856,4.3122025087506435,4.262060665450281,4.2871317863464355,243000,0.0,0.0
2022-11-30 00:00:00-05:00,4.28713108372721,4.353986863837345,4.28713108372721,4.345629692077637,132300,0.0,0.0
2022-12-01 00:00:00-05:00,4.345629245135769,4.370700359344482,4.345629245135769,4.370700359344482,127800,0.0,0.0
2022-12-02 00:00:00-05:00,4.345629092668175,4.387414148719377,4.32891514994606,4.3539862632751465,119000,0.0,0.0
2022-12-05 00:00:00-05:00,4.3456292637981715,4.3790571505587845,4.3122013770375585,4.320558547973633,101400,0.0,0.0
2022-12-06 00:00:00-05:00,4.320558529418897,4.420842189270068,4.320558529418897,4.370700359344482,186900,0.0,0.0
2022-12-07 00:00:00-05:00,4.395771134148372,4.4542697319655264,4.379056793638545,4.43755578994751,223600,0.0,0.0
2022-12-08 00:00:00-05:00,4.420841847929493,4.4542697319655264,4.420841847929493,4.43755578994751,152900,0.0,0.0
2022-12-09 00:00:00-05:00,4.412485541139499,4.4208423137832105,4.3623433113098145,4.3623433113098145,158000,0.0,0.0
2022-12-12 00:00:00-05:00,4.362343218112246,4.420842219335862,4.3539864456470685,4.395771503448486,112100,0.0,0.0
2022-12-13 00:00:00-05:00,4.4452577770670665,4.554292093911853,4.4452577770670665,4.462032318115234,284300,0.019,0.0
2022-12-14 00:00:00-05:00,4.436870444171372,4.487194068876517,4.403321361034609,4.411708831787109,129100,0.0,0.0
2022-12-15 00:00:00-05:00,4.3949314035737554,4.436867933734794,4.327833275265209,4.336220741271973,106700,0.0,0.0
2022-12-16 00:00:00-05:00,4.319447878403243,4.336222416962737,4.285898801284257,4.30267333984375,77800,0.0,0.0
2022-12-19 00:00:00-05:00,4.277510740529987,4.311059813009713,4.260736204290124,4.285898208618164,182400,0.0,0.0
2022-12-20 00:00:00-05:00,4.26073694229126,4.319448029268358,4.26073694229126,4.26073694229126,219300,0.0,0.0
2022-12-21 00:00:00-05:00,4.269123697491845,4.29428530203141,4.227187156677246,4.227187156677246,177400,0.0,0.0
2022-12-22 00:00:00-05:00,4.202026844024658,4.243962997795773,4.185251902592273,4.202026844024658,240100,0.0,0.0
2022-12-23 00:00:00-05:00,4.202026844024658,4.227188456300004,4.193639373308465,4.202026844024658,110500,0.0,0.0
2022-12-27 00:00:00-05:00,4.185251332002008,4.260736958410052,4.1768642623658705,4.193638801574707,277300,0.0,0.0
2022-12-28 00:00:00-05:00,4.185251235961914,4.243962321813863,4.185251235961914,4.185251235961914,220500,0.0,0.0
2022-12-29 00:00:00-05:00,4.1768648247133005,4.311061156451361,4.1768648247133005,4.277512073516846,376200,0.0,0.0
2022-12-30 00:00:00-05:00,4.277512048752823,4.344610214233398,4.243962966012535,4.344610214233398,345100,0.0,0.0
2023-01-03 00:00:00-05:00,4.386547136381479,4.386547136381479,4.285899879699719,4.327836036682129,86600,0.0,0.0
2023-01-04 00:00:00-05:00,4.327836036682129,4.361385122242716,4.294286951121543,4.327836036682129,76000,0.0,0.0
2023-01-05 00:00:00-05:00,4.327835672863254,4.369772226256921,4.269124978036057,4.344610214233398,212200,0.0,0.0
2023-01-06 00:00:00-05:00,4.336223772133749,4.436871034945324,4.327836300264448,4.428483963012695,50300,0.0,0.0
2023-01-09 00:00:00-05:00,4.445257453434244,4.487193603033238,4.394933434016929,4.420095443725586,47900,0.0,0.0
2023-01-10 00:00:00-05:00,4.394934065246438,4.403321536332846,4.36138498077407,4.378159523010254,60500,0.0,0.0
2023-01-11 00:00:00-05:00,4.403320789337158,4.420095328727647,4.3613842408926535,4.403320789337158,62400,0.0,0.0
2023-01-12 00:00:00-05:00,4.411708373780418,4.4536445233794115,4.378158894190016,4.420095443725586,90400,0.0,0.0
2023-01-13 00:00:00-05:00,4.394933434016929,4.4620319932611565,4.394933434016929,4.420095443725586,115700,0.0,0.0
2023-01-17 00:00:00-05:00,4.418412884907856,4.426829102078053,4.384748818841716,4.39316463470459,130700,0.018,0.0
2023-01-18 00:00:00-05:00,4.4015790772368275,4.460491369753853,4.4015790772368275,4.435243129730225,92900,0.0,0.0
2023-01-19 00:00:00-05:00,4.426827451829391,4.510987585621225,4.426827451829391,4.477323532104492,114000,0.0,0.0
2023-01-20 00:00:00-05:00,4.4604910819028385,4.60356309511326,4.4604910819028385,4.578315258026123,127000,0.0,0.0
2023-01-23 00:00:00-05:00,4.561482465480038,4.59514651013762,4.553066253662109,4.553066253662109,37300,0.0,0.0
2023-01-24 00:00:00-05:00,4.553066843094499,4.586730892110172,4.536234818586663,4.544651031494141,45100,0.0,0.0
2023-01-25 00:00:00-05:00,4.527819612379592,4.544651639137959,4.477323532104492,4.477323532104492,99100,0.0,0.0
2023-01-26 00:00:00-05:00,4.468910021352057,4.494158277416071,4.43524594747165,4.443662166595459,106900,0.0,0.0
2023-01-27 00:00:00-05:00,4.4268270173130775,4.485738904531265,4.4268270173130775,4.468906879425049,101300,0.0,0.0
2023-01-30 00:00:00-05:00,4.460492505110839,4.519404411315918,4.460492505110839,4.519404411315918,148300,0.0,0.0
2023-01-31 00:00:00-05:00,4.510987797221746,4.527819824769666,4.485739555246269,4.5025715827941895,96900,0.0,0.0
2023-02-01 00:00:00-05:00,4.494155750117171,4.637228184305499,4.494155750117171,4.561483860015869,144700,0.0,0.0
2023-02-02 00:00:00-05:00,4.569900050641793,4.654060596275277,4.561484236862778,4.620396137237549,113900,0.0,0.0
2023-02-03 00:00:00-05:00,4.60356372804896,4.60356372804896,4.519403590675588,4.561483860015869,121700,0.0,0.0
2023-02-06 00:00:00-05:00,4.544651193056584,4.553067004956125,4.460491067525508,4.468906879425049,120000,0.0,0.0
2023-02-07 00:00:00-05:00,4.468906720555317,4.544651031494141,4.468906720555317,4.544651031494141,46600,0.0,0.0
2023-02-08 00:00:00-05:00,4.544651719092843,4.59514780025633,4.494155637929356,4.569899559020996,93000,0.0,0.0
2023-02-09 00:00:00-05:00,4.569899692985871,4.569899692985871,4.5025715827941895,4.5025715827941895,23900,0.0,0.0
2023-02-10 00:00:00-05:00,4.494156837463379,4.519404684130428,4.485740621036172,4.494156837463379,16800,0.0,0.0
2023-02-13 00:00:00-05:00,4.494156837463379,4.527820900557636,4.477324805916251,4.494156837463379,25100,0.0,0.0
2023-02-14 00:00:00-05:00,4.476421061265315,4.4933131994959625,4.434190514318525,4.459528923034668,95600,0.019,0.0
2023-02-15 00:00:00-05:00,4.4426350593566895,4.493311454366742,4.4426350593566895,4.4426350593566895,53900,0.0,0.0
2023-02-16 00:00:00-05:00,4.442634193972534,4.442634193972534,4.3666194148943385,4.383511543273926,30600,0.0,0.0
2023-02-17 00:00:00-05:00,4.366619810265657,4.383511940174725,4.324389284122914,4.341281414031982,162500,0.0,0.0
2023-02-21 00:00:00-05:00,4.324390289554164,4.341282423390695,4.265268022496427,4.2906060218811035,92600,0.0,0.0
2023-02-22 00:00:00-05:00,4.299053557109337,4.324391563961175,4.2652692794799805,4.2652692794799805,99700,0.0,0.0
2023-02-23 00:00:00-05:00,4.282159328460693,4.307497322946761,4.265267197889928,4.282159328460693,61000,0.0,0.0
2023-02-24 00:00:00-05:00,4.273715147517141,4.299053557109337,4.248377140665302,4.2652692794799805,39800,0.0,0.0
2023-02-27 00:00:00-05:00,4.256822041959444,4.290606311916243,4.2145915031433105,4.2145915031433105,84700,0.0,0.0
2023-02-28 00:00:00-05:00,4.256821155548096,4.256821155548096,4.2314831597268405,4.256821155548096,112600,0.0,0.0
2023-03-01 00:00:00-05:00,4.2568230087024626,4.273715147517141,4.239930869887785,4.2652692794799805,68900,0.0,0.0
2023-03-02 00:00:00-05:00,4.223036941378808,4.231483208576855,4.2061448097229,4.2061448097229,71300,0.0,0.0
2023-03-03 00:00:00-05:00,4.223037242889404,4.248375643552436,4.2145909750883215,4.223037242889404,46700,0.0,0.0
2023-03-06 00:00:00-05:00,4.223037772002644,4.248376175840376,4.2145915031433105,4.2145915031433105,51300,0.0,0.0
2023-03-07 00:00:00-05:00,4.214590246243219,4.239928642524386,4.19769811630249,4.19769811630249,79600,0.0,0.0
2023-03-08 00:00:00-05:00,4.239928368853484,4.239928368853484,4.197697845357405,4.23148250579834,65100,0.0,0.0
2023-03-09 00:00:00-05:00,4.2145915031433105,4.248376175840376,4.206145637024243,4.2145915031433105,44300,0.0,0.0
2023-03-10 00:00:00-05:00,4.21459062552576,4.265267422648636,4.21459062552576,4.256821155548096,75200,0.0,0.0
2023-03-13 00:00:00-04:00,4.273714371728661,4.282160640972966,4.223037964483691,4.248376369476318,66800,0.0,0.0
2023-03-14 00:00:00-04:00,4.247527599334717,4.281439961446722,4.239049306673093,4.247527599334717,45600,0.019,0.0
2023-03-15 00:00:00-04:00,4.256007678564396,4.323832437702084,4.256007678564396,4.281442165374756,92300,0.0,0.0
2023-03-16 00:00:00-04:00,4.2644838758421475,4.31535242014874,4.2644838758421475,4.289917945861816,47400,0.0,0.0
2023-03-17 00:00:00-04:00,4.298396862230752,4.3153530461259155,4.289918568149514,4.306874752044678,87400,0.0,0.0
2023-03-20 00:00:00-04:00,4.289918958377409,4.298397253229866,4.256006587502279,4.264484882354736,64600,0.0,0.0
2023-03-21 00:00:00-04:00,4.272962903638093,4.289919089594301,4.239050531725677,4.256006717681885,112400,0.0,0.0
2023-03-22 00:00:00-04:00,4.272962542913834,4.366221759933699,4.256006358389069,4.3492655754089355,296700,0.0,0.0
2023-03-23 00:00:00-04:00,4.340786510016335,4.366220984419556,4.272961783964089,4.315352439880371,92200,0.0,0.0
2023-03-24 00:00:00-04:00,4.28992005813324,4.340788627486505,4.281442165374756,4.281442165374756,75300,0.0,0.0
2023-03-27 00:00:00-04:00,4.306873521088353,4.34078587918612,4.264483275599743,4.29839563369751,67000,0.0,0.0
2023-03-28 00:00:00-04:00,4.281442165374756,4.298398355159177,4.2644859755903335,4.281442165374756,68900,0.0,0.0
2023-03-29 00:00:00-04:00,4.2644859755903335,4.323832437702084,4.256007678564396,4.281442165374756,104600,0.0,0.0
2023-03-30 00:00:00-04:00,4.298396924857359,4.434046397995048,4.298396924857359,4.425568103790283,94400,0.0,0.0
2023-03-31 00:00:00-04:00,4.459480866606567,4.535783492946282,4.42556809412886,4.527305603027344,145200,0.0,0.0
2023-04-03 00:00:00-04:00,4.518824914978834,4.586649615469255,4.484912564733625,4.578171730041504,172400,0.0,0.0
2023-04-04 00:00:00-04:00,4.535781907010467,4.552738085186935,4.425566546729838,4.43404483795166,180000,0.0,0.0
2023-04-05 00:00:00-04:00,4.451003087430166,4.484915459564435,4.434046901363032,4.476437568664551,72300,0.0,0.0
2023-04-06 00:00:00-04:00,4.451000863798286,4.476435332326113,4.400132331009793,4.417088508605957,151400,0.0,0.0
2023-04-10 00:00:00-04:00,4.4086103439331055,4.442522700096655,4.400132457025805,4.4086103439331055,81800,0.0,0.0
2023-04-11 00:00:00-04:00,4.41708962877036,4.493392649436961,4.4086113356886205,4.459480285644531,61000,0.0,0.0
2023-04-12 00:00:00-04:00,4.442523351716469,4.4849140052722625,4.442523351716469,4.4510016441345215,55800,0.0,0.0
2023-04-13 00:00:00-04:00,4.43404546356565,4.467957824703392,4.43404546356565,4.4510016441345215,41100,0.0,0.0
2023-04-14 00:00:00-04:00,4.451001992562791,4.467958174459006,4.434045810666576,4.459480285644531,38000,0.0,0.0
2023-04-17 00:00:00-04:00,4.467956887305806,4.467956887305806,4.400132179260254,4.400132179260254,26100,0.0,0.0
2023-04-18 00:00:00-04:00,4.3899244072199854,4.406939602376875,4.347386622164888,4.364401817321777,39700,0.018,0.0
2023-04-19 00:00:00-04:00,4.338878821749317,4.381417012478667,4.338878821749317,4.364401817321777,30700,0.0,0.0
2023-04-20 00:00:00-04:00,4.347387355259969,4.389925147488167,4.347387355259969,4.381417751312256,19800,0.0,0.0
2023-04-21 00:00:00-04:00,4.372909949462024,4.423955543540454,4.355894751435881,4.381417751312256,59300,0.0,0.0
2023-04-24 00:00:00-04:00,4.398431090597443,4.440968864849526,4.398431090597443,4.4154462814331055,30400,0.0,0.0
2023-04-25 00:00:00-04:00,4.398432207635556,4.415447402792446,4.355894016906206,4.364401817321777,41700,0.0,0.0
2023-04-26 00:00:00-04:00,4.3388782067339875,4.389923784969188,4.3388782067339875,4.372908592224121,68200,0.0,0.0
2023-04-27 00:00:00-04:00,4.364400708926117,4.449476663104432,4.364400708926117,4.4154462814331055,50000,0.0,0.0
2023-04-28 00:00:00-04:00,4.440968990325928,4.483507171454046,4.415446406188385,4.440968990325928,99100,0.0,0.0
2023-05-01 00:00:00-04:00,4.406939675057647,4.4324626710510415,4.355894088745117,4.355894088745117,111400,0.0,0.0
2023-05-02 00:00:00-04:00,4.381417084738511,4.381417084738511,4.338878893307608,4.355894088745117,75700,0.0,0.0
2023-05-03 00:00:00-04:00,4.3473859538623465,4.372908539837091,4.338878154754639,4.338878154754639,71400,0.0,0.0
2023-05-04 00:00:00-04:00,4.338877818953079,4.347385617402337,4.304847436504361,4.3303704261779785,111900,0.0,0.0
2023-05-05 00:00:00-04:00,4.330371427007998,4.381417012478667,4.330371427007998,4.364401817321777,57000,0.0,0.0
2023-05-08 00:00:00-04:00,4.36440184224793,4.389924432291904,4.304848456021567,4.321863651275635,104000,0.0,0.0
2023-05-09 00:00:00-04:00,4.321862361275256,4.347385349375319,4.296339778849328,4.313354969024658,126400,0.0,0.0
2023-05-10 00:00:00-04:00,4.347385617402337,4.347385617402337,4.31335523495362,4.3303704261779785,59100,0.0,0.0
2023-05-11 00:00:00-04:00,4.338878154754639,4.3473859538623465,4.313355568779894,4.338878154754639,68800,0.0,0.0
2023-05-12 00:00:00-04:00,4.347385883331299,4.372908468891971,4.321862892096444,4.347385883331299,42600,0.0,0.0
2023-05-15 00:00:00-04:00,4.347386057220547,4.432462021949342,4.338878257910567,4.4069390296936035,140700,0.0,0.0
2023-05-16 00:00:00-04:00,4.354007424393881,4.362544889415714,4.328395843505859,4.328395843505859,81400,0.018,0.0
2023-05-17 00:00:00-04:00,4.354007424393881,4.354007424393881,4.319858378484026,4.328395843505859,85000,0.0,0.0
2023-05-18 00:00:00-04:00,4.328397029388589,4.362546084654511,4.319859562027683,4.3369340896606445,123600,0.0,0.0
2023-05-19 00:00:00-04:00,4.328397217431142,4.354008806448827,4.3113226890563965,4.3113226890563965,67800,0.0,0.0
2023-05-22 00:00:00-04:00,4.311321909088893,4.328396434374661,4.294247383803124,4.302784442901611,66000,0.0,0.0
2023-05-23 00:00:00-04:00,4.294248223133081,4.311322751756143,4.260098758798086,4.268636226654053,120200,0.0,0.0
2023-05-24 00:00:00-04:00,4.2515614699313,4.285710525345299,4.183263359103304,4.200337886810303,128900,0.0,0.0
2023-05-25 00:00:00-04:00,4.217411751610203,4.23448627663337,4.208874285554225,4.225948810577393,53100,0.0,0.0
2023-05-26 00:00:00-04:00,4.2259480987890345,4.2430226209362925,4.1917990544945205,4.217411041259766,60600,0.0,0.0
2023-05-30 00:00:00-04:00,4.217411638885216,4.260097746757806,4.217411638885216,4.251560688018799,36700,0.0,0.0
2023-05-31 00:00:00-04:00,4.311321443106844,4.362545013427734,4.2515604075214295,4.362545013427734,168200,0.0,0.0
2023-06-01 00:00:00-04:00,4.328396434374661,4.396694535517735,4.302784442901611,4.302784442901611,111000,0.0,0.0
2023-06-02 00:00:00-04:00,4.354008559512445,4.362546026760051,4.277173389728208,4.319859504699707,77300,0.0,0.0
2023-06-05 00:00:00-04:00,4.302784977293339,4.328396971947313,4.268635922480602,4.319859504699707,63000,0.0,0.0
2023-06-06 00:00:00-04:00,4.354007720947266,4.354007720947266,4.311321614196947,4.354007720947266,133400,0.0,0.0
2023-06-07 00:00:00-04:00,4.354007548163211,4.388156595043805,4.345470489987438,4.362545013427734,123100,0.0,0.0
2023-06-08 00:00:00-04:00,4.379619832117846,4.422305940051875,4.371082366277773,4.388156890869141,203200,0.0,0.0
2023-06-09 00:00:00-04:00,4.405231056117405,4.405231056117405,4.345470428466797,4.345470428466797,47800,0.0,0.0
2023-06-12 00:00:00-04:00,4.371082071603508,4.388156595043805,4.354007548163211,4.362545013427734,25500,0.0,0.0
2023-06-13 00:00:00-04:00,4.3608317884570695,4.386533907369478,4.317994378899301,4.335129261016846,62100,0.018,0.0
2023-06-14 00:00:00-04:00,4.343697123297985,4.36939924349416,4.309427357351194,4.317994594573975,50100,0.0,0.0
2023-06-15 00:00:00-04:00,4.352264785972861,4.352264785972861,4.326562663264196,4.343697547912598,61900,0.0,0.0
2023-06-16 00:00:00-04:00,4.3608327093075605,4.3608327093075605,4.292293166364305,4.300860404968262,125300,0.0,0.0
2023-06-20 00:00:00-04:00,4.283725207194268,4.335129860657255,4.283725207194268,4.309427738189697,115700,0.0,0.0
2023-06-21 00:00:00-04:00,4.292293166364305,4.317995290704076,4.292293166364305,4.300860404968262,72500,0.0,0.0
2023-06-22 00:00:00-04:00,4.317995290704076,4.317995290704076,4.266590633496635,4.300860404968262,69100,0.0,0.0
2023-06-23 00:00:00-04:00,4.31799463800539,4.377966933279407,4.31799463800539,4.352264404296875,535800,0.0,0.0
2023-06-26 00:00:00-04:00,4.343698877449367,4.429373326914956,4.343698877449367,4.403670787811279,113300,0.0,0.0
2023-06-27 00:00:00-04:00,4.395100646123462,4.463640160456129,4.395100646123462,4.429370403289795,123100,0.0,0.0
2023-06-28 00:00:00-04:00,4.4465063285599955,4.600720272109746,4.386534035137846,4.497910976409912,239000,0.0,0.0
2023-06-29 00:00:00-04:00,4.4893452372768685,4.497912886487428,4.403670787811279,4.403670787811279,92300,0.0,0.0
2023-06-30 00:00:00-04:00,4.420804200074531,4.4636416147531515,4.369399547576904,4.369399547576904,76900,0.0,0.0
2023-07-03 00:00:00-04:00,4.369400222896134,4.446507417823924,4.369400222896134,4.412237644195557,24500,0.0,0.0
2023-07-05 00:00:00-04:00,4.429370564747304,4.463640323162823,4.360831047916263,4.377965927124023,79800,0.0,0.0
2023-07-06 00:00:00-04:00,4.35226414313439,4.35226414313439,4.300859496781757,4.335129261016846,97300,0.0,0.0
2023-07-07 00:00:00-04:00,4.343697805527992,4.395102462521898,4.335130158431724,4.360832691192627,50500,0.0,0.0
2023-07-10 00:00:00-04:00,4.369399670621263,4.386534555269665,4.343697547912598,4.343697547912598,29900,0.0,0.0
2023-07-11 00:00:00-04:00,4.352266118131926,4.420805677704397,4.352266118131926,4.403670787811279,64400,0.0,0.0
2023-07-12 00:00:00-04:00,4.40366861863537,4.420803500088122,4.386533737182617,4.386533737182617,50000,0.0,0.0
2023-07-13 00:00:00-04:00,4.412235524706628,4.506477561177911,4.412235524706628,4.429370403289795,29200,0.0,0.0
2023-07-14 00:00:00-04:00,4.455072615473523,4.455072615473523,4.412235622331661,4.4379377365112305,30800,0.0,0.0
2023-07-17 00:00:00-04:00,4.446507417823924,4.455074656967053,4.395102757381373,4.412237644195557,50900,0.0,0.0
2023-07-18 00:00:00-04:00,4.426849476084576,4.4698283504872265,4.418253455275547,4.45263671875,43400,0.017,0.0
2023-07-19 00:00:00-04:00,4.4698283504872265,4.487019982224453,4.426849476084576,4.45263671875,31300,0.0,0.0
2023-07-20 00:00:00-04:00,4.444041757439438,4.487020638124621,4.435445735373866,4.478425025939941,44700,0.0,0.0
2023-07-21 00:00:00-04:00,4.478424741547134,4.487020353185969,4.418253820551834,4.426849842071533,54200,0.0,0.0
2023-07-24 00:00:00-04:00,4.452636641540955,4.4698282729800765,4.444041030761806,4.461232662200928,40400,0.0,0.0
2023-07-25 00:00:00-04:00,4.461232042392597,4.47842367144325,4.4354443938762325,4.469827651977539,42500,0.0,0.0
2023-07-26 00:00:00-04:00,4.461232662200928,4.487019904419199,4.435445010101832,4.461232662200928,45300,0.0,0.0
2023-07-27 00:00:00-04:00,4.461234401348822,4.469830015478847,4.435446739196777,4.435446739196777,36400,0.0,0.0
2023-07-28 00:00:00-04:00,4.461231969635581,4.5557861328125,4.461231969635581,4.5557861328125,106700,0.0,0.0
2023-07-31 00:00:00-04:00,4.564382509428127,4.6331490360673655,4.555786898538638,4.607361793518066,179000,0.0,0.0
2023-08-01 00:00:00-04:00,4.607363258656308,4.615958872279197,4.495617412392032,4.530000686645508,105700,0.0,0.0
2023-08-02 00:00:00-04:00,4.52140507302262,4.564383960898984,4.487021388888183,4.530000686645508,123300,0.0,0.0
2023-08-03 00:00:00-04:00,4.504210342513528,4.504210342513528,4.401060581207275,4.401060581207275,58400,0.0,0.0
2023-08-04 00:00:00-04:00,4.418252474901344,4.547189889260798,4.418252474901344,4.495615005493164,76600,0.0,0.0
2023-08-07 00:00:00-04:00,4.504213291760916,4.512809315771926,4.383871824773673,4.435446739196777,95500,0.0,0.0
2023-08-08 00:00:00-04:00,4.452637646093161,4.461233668692469,4.392467127421675,4.418254375457764,95200,0.0,0.0
2023-08-09 00:00:00-04:00,4.401061678913556,4.418253310085842,4.3838700477412695,4.392466068267822,93100,0.0,0.0
2023-08-10 00:00:00-04:00,4.392464666493954,4.418251900082456,4.349485397338867,4.349485397338867,81100,0.0,0.0
2023-08-11 00:00:00-04:00,4.323699838827032,4.418253611790902,4.323699838827032,4.366678714752197,83700,0.0,0.0
2023-08-14 00:00:00-04:00,4.392466513971875,4.392466513971875,4.349487226739636,4.358083248138428,43600,0.0,0.0
2023-08-15 00:00:00-04:00,4.373611770330245,4.433996677398682,4.364985119982567,4.433996677398682,68600,0.018,0.0
2023-08-16 00:00:00-04:00,4.425368894723061,4.442621778058891,4.364983597377059,4.382236480712891,38500,0.0,0.0
2023-08-17 00:00:00-04:00,4.390863128051398,4.399489364048722,4.364983597377059,4.382236480712891,43100,0.0,0.0
2023-08-18 00:00:00-04:00,4.399489517136786,4.468501052881488,4.390863280839297,4.4512481689453125,78700,0.0,0.0
2023-08-21 00:00:00-04:00,4.442621778058891,4.442621778058891,4.364983597377059,4.382236480712891,85800,0.0,0.0
2023-08-22 00:00:00-04:00,4.416742247384552,4.425368894723061,4.373610244715568,4.382236480712891,79900,0.0,0.0
2023-08-23 00:00:00-04:00,4.382238009336596,4.45124956675271,4.339105991622188,4.433996677398682,224600,0.0,0.0
2023-08-24 00:00:00-04:00,4.425369750582333,4.425369750582333,4.31322578154038,4.330478668212891,99700,0.0,0.0
2023-08-25 00:00:00-04:00,4.321850961718337,4.347730077261167,4.304597669568284,4.3132243156433105,73700,0.0,0.0
2023-08-28 00:00:00-04:00,4.313225231732804,4.339104764113334,4.2959723472595215,4.2959723472595215,105200,0.0,0.0
2023-08-29 00:00:00-04:00,4.287347347693608,4.339106432354301,4.278721107811073,4.304600238800049,94100,0.0,0.0
2023-08-30 00:00:00-04:00,4.30459843512818,4.339104614223982,4.30459843512818,4.32185173034668,56900,0.0,0.0
2023-08-31 00:00:00-04:00,4.32185299597714,4.339105884906853,4.27009391784668,4.27009391784668,120400,0.0,0.0
2023-09-01 00:00:00-04:00,4.2959714348343825,4.339103842527265,4.2787185540254535,4.3132243156433105,75300,0.0,0.0
2023-09-05 00:00:00-04:00,4.3132246730214705,4.3218513198112705,4.244213144067713,4.261466026306152,61400,0.0,0.0
2023-09-06 00:00:00-04:00,4.252840042114258,4.270092927040719,4.235587157187797,4.252840042114258,151200,0.0,0.0
2023-09-07 00:00:00-04:00,4.235587816390067,4.270093591613268,4.2097086906433105,4.2097086906433105,111300,0.0,0.0
2023-09-08 00:00:00-04:00,4.201081275939941,4.244213692783016,4.192455039376053,4.201081275939941,68400,0.0,0.0
2023-09-11 00:00:00-04:00,4.201081275939941,4.226960808314028,4.201081275939941,4.201081275939941,71400,0.0,0.0
2023-09-12 00:00:00-04:00,4.225324840515269,4.225324840515269,4.156057287862097,4.173374176025391,215700,0.018,0.0
2023-09-13 00:00:00-04:00,4.182033538818359,4.2166673244629065,4.1560584060185946,4.182033538818359,105900,0.0,0.0
2023-09-14 00:00:00-04:00,4.164716073412362,4.182032963853832,4.156057834625244,4.156057834625244,80200,0.0,0.0
2023-09-15 00:00:00-04:00,4.1560590333326255,4.173375928768705,4.138742137896545,4.147400379180908,71100,0.0,0.0
2023-09-18 00:00:00-04:00,4.147399733160809,4.15605838596381,4.130082840422097,4.138741493225098,108300,0.0,0.0
2023-09-19 00:00:00-04:00,4.138741493225098,4.164716625899521,4.130082840422097,4.138741493225098,83900,0.0,0.0
2023-09-20 00:00:00-04:00,4.173373462266798,4.19069034746844,4.130081042829138,4.164714813232422,103700,0.0,0.0
2023-09-21 00:00:00-04:00,4.130081006572685,4.147397891622309,4.104105472564697,4.104105472564697,66200,0.0,0.0
2023-09-22 00:00:00-04:00,4.112766265869141,4.130083159947581,4.10410761239626,4.112766265869141,171700,0.0,0.0
2023-09-25 00:00:00-04:00,4.112766574430501,4.121425228553,4.026182097542277,4.043498992919922,85500,0.0,0.0
2023-09-26 00:00:00-04:00,4.043499476594751,4.069474616334633,3.9828901290893555,3.9828901290893555,135600,0.0,0.0
2023-09-27 00:00:00-04:00,3.9915483772354015,4.008865272918679,3.974231481552124,3.974231481552124,97700,0.0,0.0
2023-09-28 00:00:00-04:00,3.9742294064058306,3.9828876432928855,3.9309369833691212,3.948253870010376,64800,0.0,0.0
2023-09-29 00:00:00-04:00,3.9655715432466736,4.017522213475167,3.93959641456604,3.93959641456604,199600,0.0,0.0
2023-10-02 00:00:00-04:00,3.9482549887923875,4.0261812071928675,3.91362120569601,3.965571880340576,202600,0.0,0.0
2023-10-03 00:00:00-04:00,3.939596250841273,3.982888267798908,3.896303821016429,3.913620710372925,112700,0.0,0.0
2023-10-04 00:00:00-04:00,3.922277625268145,3.9655696230623514,3.9049607435770572,3.930935859680176,120900,0.0,0.0
2023-10-05 00:00:00-04:00,3.922277625268145,3.930935859680176,3.9049607435770572,3.930935859680176,64600,0.0,0.0
2023-10-06 00:00:00-04:00,3.9049624721282816,3.956913140197769,3.8876451699045766,3.913620710372925,126700,0.0,0.0
2023-10-09 00:00:00-04:00,3.913620566155256,3.9569129943847656,3.8876450266441114,3.9569129943847656,132300,0.0,0.0
2023-10-10 00:00:00-04:00,3.9309381826769134,4.034839534224177,3.9222799431482764,4.008864402770996,204900,0.0,0.0
2023-10-11 00:00:00-04:00,4.0434986895553795,4.112766265869141,4.026181795476939,4.112766265869141,176600,0.0,0.0
2023-10-12 00:00:00-04:00,4.11276364285139,4.130080525885555,4.043496110714727,4.121422290802002,124800,0.0,0.0
2023-10-13 00:00:00-04:00,4.121424354585375,4.121424354585375,4.0608150271824375,4.0694732666015625,52500,0.0,0.0
2023-10-16 00:00:00-04:00,4.078130760106973,4.078130760106973,3.9742294393969333,4.000204563140869,124500,0.0,0.0
2023-10-17 00:00:00-04:00,3.9810825339051967,3.9810825339051967,3.9463132867124795,3.963697910308838,116300,0.018,0.0
2023-10-18 00:00:00-04:00,3.9636976198893206,3.9636976198893206,3.911543752921551,3.9289283752441406,110400,0.0,0.0
2023-10-19 00:00:00-04:00,3.8941588549911095,3.9289280971755076,3.8767742338989106,3.8854663372039795,86100,0.0,0.0
2023-10-20 00:00:00-04:00,3.8854663372039795,3.9028509582961783,3.850697095019582,3.8854663372039795,86400,0.0,0.0
2023-10-23 00:00:00-04:00,3.8854667475215363,3.8941592662266236,3.850697501665396,3.8593900203704834,57500,0.0,0.0
2023-10-24 00:00:00-04:00,3.8593895981272928,3.911543461205519,3.8333124593471495,3.8941588401794434,76500,0.0,0.0
2023-10-25 00:00:00-04:00,3.8680824590812994,3.9028517079440688,3.842005729675293,3.842005729675293,115900,0.0,0.0
2023-10-26 00:00:00-04:00,3.8593917088330914,3.8941609699005917,3.8420070782993414,3.8506991863250732,41800,0.0,0.0
2023-10-27 00:00:00-04:00,3.833313305752771,3.8680825554820637,3.798544056023479,3.8246212005615234,116800,0.0,0.0
2023-10-30 00:00:00-04:00,3.8159269408324827,3.8680807916443616,3.8159269408324827,3.8333115577697754,60000,0.0,0.0
2023-10-31 00:00:00-04:00,3.868083816858823,3.868083816858823,3.815929925257573,3.8506991863250732,109900,0.0,0.0
2023-11-01 00:00:00-04:00,3.8680825500363283,4.259237230663402,3.8333133003559863,4.085390567779541,415200,0.0,0.0
2023-11-02 00:00:00-04:00,4.094083378952362,4.146237257186396,3.9984677282822103,4.033236980438232,202900,0.0,0.0
2023-11-03 00:00:00-04:00,4.050621413416514,4.16362168477777,4.050621413416514,4.0680060386657715,115300,0.0,0.0
2023-11-06 00:00:00-05:00,4.09408097766473,4.137542724609375,4.041927130020318,4.137542724609375,187000,0.0,0.0
2023-11-07 00:00:00-05:00,4.13754336396051,4.2505431774103215,4.120158330910692,4.146235466003418,144800,0.0,0.0
2023-11-08 00:00:00-05:00,4.154930951640046,4.207084844612646,4.094084535930865,4.128853797912598,187400,0.0,0.0
2023-11-09 00:00:00-05:00,4.1201602368389025,4.154929904540498,4.059314250946045,4.059314250946045,114700,0.0,0.0
2023-11-10 00:00:00-05:00,4.068005783901328,4.128852175704222,4.0245444307410905,4.076698303222656,166700,0.0,0.0
2023-11-13 00:00:00-05:00,4.050622463226318,4.1027763524909435,4.050622463226318,4.050622463226318,346400,0.0,0.0
2023-11-14 00:00:00-05:00,4.109958204295509,4.1710405349731445,4.109958204295509,4.1710405349731445,222600,0.018,0.0
2023-11-15 00:00:00-05:00,4.249573453405299,4.249573453405299,4.144861268586632,4.205943584442139,280600,0.0,0.0
2023-11-16 00:00:00-05:00,4.205943836007819,4.284477771274468,4.205943836007819,4.249573707580566,194800,0.0,0.0
2023-11-17 00:00:00-05:00,4.249573647523258,4.328107997769277,4.2408478397677305,4.284477710723877,122400,0.0,0.0
2023-11-20 00:00:00-05:00,4.258300510184668,4.3019303876860295,4.258300510184668,4.275752544403076,124100,0.0,0.0
2023-11-21 00:00:00-05:00,4.267026358791004,4.310656652785996,4.258300549645598,4.3019304275512695,131000,0.0,0.0
2023-11-22 00:00:00-05:00,4.284479070103677,4.336835181516155,4.284479070103677,4.319383144378662,181500,0.0,0.0
2023-11-24 00:00:00-05:00,4.284479070103677,4.345561408129595,4.284479070103677,4.319383144378662,44200,0.0,0.0
2023-11-27 00:00:00-05:00,4.328109573436699,4.3455616113905,4.310657535482898,4.3368353843688965,77500,0.0,0.0
2023-11-28 00:00:00-05:00,4.328109466840038,4.354287315081304,4.310657429316062,4.345561504364014,183900,0.0,0.0
2023-11-29 00:00:00-05:00,4.3630128244738025,4.432820963091091,4.354286599101978,4.424095153808594,213300,0.0,0.0
2023-11-30 00:00:00-05:00,4.450272997745413,4.450272997745413,4.380464859128125,4.424095153808594,146700,0.0,0.0
2023-12-01 00:00:00-05:00,4.4240952254017465,4.563711504895672,4.4240952254017465,4.511355400085449,196200,0.0,0.0
2023-12-04 00:00:00-05:00,4.511355643297585,4.554985524946904,4.42409546390959,4.432821273803711,278100,0.0,0.0
2023-12-05 00:00:00-05:00,4.45027330968131,4.467725345558909,4.406643428031991,4.432821273803711,156500,0.0,0.0
2023-12-06 00:00:00-05:00,4.432821619219835,4.4415478458832816,4.3717396969332665,4.380465507507324,197100,0.0,0.0
2023-12-07 00:00:00-05:00,4.371739356276793,4.441547499787188,4.363013130293315,4.432821273803711,235400,0.0,0.0
2023-12-08 00:00:00-05:00,4.424095808645778,4.424095808645778,4.3717396969332665,4.380465507507324,208500,0.0,0.0
2023-12-11 00:00:00-05:00,4.39791604883779,4.41536808013916,4.363011986235049,4.41536808013916,115800,0.0,0.0
2023-12-12 00:00:00-05:00,4.389191734170771,4.4415478458832816,4.380465507507324,4.380465507507324,127200,0.0,0.0
2023-12-13 00:00:00-05:00,4.415368184509035,4.441546440124512,4.371738313268915,4.441546440124512,147900,0.0,0.0
2023-12-14 00:00:00-05:00,4.450272274678065,4.607340977136224,4.450272274678065,4.563710689544678,160900,0.0,0.0
2023-12-15 00:00:00-05:00,4.554985523223877,4.598615820946049,4.528807677462059,4.554985523223877,112100,0.0,0.0
2023-12-18 00:00:00-05:00,4.563710480574088,4.633518604652666,4.520080194980356,4.546258449554443,190900,0.0,0.0
2023-12-19 00:00:00-05:00,4.5445075035095215,4.614557647932267,4.526994967403835,4.5445075035095215,177500,0.018,0.0
2023-12-20 00:00:00-05:00,4.56202073643575,4.56202073643575,4.5007266419376535,4.526995658874512,178400,0.0,0.0
2023-12-21 00:00:00-05:00,4.553263732139472,4.56202020928388,4.483213585111451,4.491970062255859,141700,0.0,0.0
2023-12-22 00:00:00-05:00,4.491971272763174,4.526996355715829,4.491971272763174,4.509483814239502,202400,0.0,0.0
2023-12-26 00:00:00-05:00,4.518239537592222,4.553264617919922,4.500726997428372,4.553264617919922,257900,0.0,0.0
2023-12-27 00:00:00-05:00,4.553263348574922,4.579532360263448,4.544507289699931,4.5620198249816895,149400,0.0,0.0
2023-12-28 00:00:00-05:00,4.5620200396152075,4.5707760989021535,4.526994967403835,4.5445075035095215,87300,0.0,0.0
2023-12-29 00:00:00-05:00,4.56202073643575,4.588289335840749,4.526995658874512,4.526995658874512,146400,0.0,0.0
2024-01-02 00:00:00-05:00,4.526996016440093,4.5707771580837715,4.4744583959485436,4.553264617919922,98000,0.0,0.0
2024-01-03 00:00:00-05:00,4.526996016440093,4.579533636931643,4.526996016440093,4.553264617919922,71400,0.0,0.0
2024-01-04 00:00:00-05:00,4.562021096767793,4.588289698247622,4.526996016440093,4.553264617919922,115700,0.0,0.0
2024-01-05 00:00:00-05:00,4.544508516920765,4.5532645781602845,4.518239498138428,4.518239498138428,83400,0.0,0.0
2024-01-08 00:00:00-05:00,4.544508438267386,4.605802536010742,4.544508438267386,4.605802536010742,53400,0.0,0.0
2024-01-09 00:00:00-05:00,4.579533895571662,4.588289957382161,4.56202135441875,4.570777416229248,36500,0.0,0.0
2024-01-10 00:00:00-05:00,4.5620198249816895,4.614557430826965,4.553263348574922,4.5620198249816895,117700,0.0,0.0
2024-01-11 00:00:00-05:00,4.5620198249816895,4.597044895545206,4.553263348574922,4.5620198249816895,285200,0.0,0.0
2024-01-12 00:00:00-05:00,4.597046057390885,4.605802536010742,4.570777039063195,4.605802536010742,41100,0.0,0.0
2024-01-16 00:00:00-05:00,4.613712022566793,4.640076275647234,4.578559964489932,4.631288051605225,422500,0.019,0.0
2024-01-17 00:00:00-05:00,4.613710971885644,4.62249919392631,4.578558921813965,4.578558921813965,147900,0.0,0.0
2024-01-18 00:00:00-05:00,4.587346426032893,4.587346426032893,4.508254528045654,4.508254528045654,46500,0.0,0.0
2024-01-19 00:00:00-05:00,4.5170416559341175,4.5170416559341175,4.4467375708682795,4.490677833557129,127100,0.0,0.0
2024-01-22 00:00:00-05:00,4.490679471687831,4.569771386715711,4.490679471687831,4.534619331359863,96000,0.0,0.0
2024-01-23 00:00:00-05:00,4.534619331359863,4.604923442071558,4.51704330368194,4.534619331359863,117900,0.0,0.0
2024-01-24 00:00:00-05:00,4.543407440185547,4.578559494655236,4.5346192170453525,4.543407440185547,66600,0.0,0.0
2024-01-25 00:00:00-05:00,4.5785595130008465,4.604923344435978,4.5697712898254395,4.5697712898254395,46000,0.0,0.0
2024-01-26 00:00:00-05:00,4.569770506786653,4.613710777043351,4.560982704162598,4.560982704162598,143200,0.0,0.0
2024-01-29 00:00:00-05:00,4.587347467967606,4.640075970662729,4.569771440084419,4.622499942779541,82900,0.0,0.0
2024-01-30 00:00:00-05:00,4.622499387646715,4.648863216782589,4.587346917056369,4.596135139465332,153600,0.0,0.0
2024-01-31 00:00:00-05:00,4.622499694274856,4.64007572121316,4.587347221352712,4.604923248291016,203600,0.0,0.0
2024-02-01 00:00:00-05:00,4.622499942779541,4.657651998545917,4.613711719315168,4.622499942779541,214800,0.0,0.0
2024-02-02 00:00:00-05:00,4.596134946849805,4.596134946849805,4.569770699773299,4.578558921813965,181000,0.0,0.0
2024-02-05 00:00:00-05:00,4.569770506786653,4.596134752749766,4.534618458199485,4.560982704162598,64800,0.0,0.0
2024-02-06 00:00:00-05:00,4.560983674947742,4.59613573101687,4.552195451407679,4.587347507476807,83900,0.0,0.0
2024-02-07 00:00:00-05:00,4.587346917056369,4.622499387646715,4.587346917056369,4.596135139465332,114500,0.0,0.0
2024-02-08 00:00:00-05:00,4.587347581951214,4.6225000576365955,4.578559777314045,4.613711833953857,103500,0.0,0.0
2024-02-09 00:00:00-05:00,4.6312874606730805,4.648863487468886,4.6224996567979435,4.64007568359375,115100,0.0,0.0
2024-02-12 00:00:00-05:00,4.666439533233643,4.684015560100895,4.64886350636639,4.666439533233643,142200,0.0,0.0
2024-02-13 00:00:00-05:00,4.622333506841317,4.6399764057175235,4.587048550348625,4.604691028594971,118600,0.02,0.0
2024-02-14 00:00:00-05:00,4.6046901146601815,4.6223325894048655,4.578226612858045,4.613511562347412,118500,0.0,0.0
2024-02-15 00:00:00-05:00,4.6487970738902735,4.657618522644043,4.622333148258791,4.657618522644043,69100,0.0,0.0
2024-02-16 00:00:00-05:00,4.648797492504465,4.648797492504465,4.604691086023585,4.631155014038086,68700,0.0,0.0
2024-02-20 00:00:00-05:00,4.631155014038086,4.657618942052587,4.6223335644899635,4.631155014038086,54900,0.0,0.0
2024-02-21 00:00:00-05:00,4.648796146633143,4.684081093350568,4.63115367327443,4.675260066986084,129400,0.0,0.0
2024-02-22 00:00:00-05:00,4.6929044178484,4.6929044178484,4.63997697659743,4.666440486907959,144300,0.0,0.0
2024-02-23 00:00:00-05:00,4.657619439381657,4.675261919731856,4.648797988891602,4.648797988891602,71700,0.0,0.0
2024-02-26 00:00:00-05:00,4.666438986581463,4.666438986581463,4.6046901146601815,4.613511562347412,88300,0.0,0.0
2024-02-27 00:00:00-05:00,4.6311549562794205,4.666439912772113,4.595869999786728,4.604691028594971,102600,0.0,0.0
2024-02-28 00:00:00-05:00,4.613512123684851,4.68408203125,4.613512123684851,4.68408203125,115800,0.0,0.0
2024-02-29 00:00:00-05:00,4.710546880432255,4.710546880432255,4.639976959031457,4.648797988891602,99700,0.0,0.0
2024-03-01 00:00:00-05:00,4.648797077467425,4.68408203125,4.648797077467425,4.68408203125,85100,0.0,0.0
2024-03-04 00:00:00-05:00,4.666439529508778,4.684082006306115,4.6399760246276855,4.6399760246276855,60300,0.0,0.0
2024-03-05 00:00:00-05:00,4.67526197243203,4.710546933530166,4.648798041293471,4.701725482940674,107100,0.0,0.0
2024-03-06 00:00:00-05:00,4.701724571044429,4.834043359814258,4.701724571044429,4.737009525299072,86600,0.0,0.0
2024-03-07 00:00:00-05:00,4.7634734513049715,4.7634734513049715,4.710546019923007,4.737009525299072,56000,0.0,0.0
2024-03-08 00:00:00-05:00,4.74583097417765,4.7634734513049715,4.710546019923007,4.737009525299072,100100,0.0,0.0
2024-03-11 00:00:00-04:00,4.74583097417765,4.74583097417765,4.728188497050328,4.737009525299072,59600,0.0,0.0
2024-03-12 00:00:00-04:00,4.74675103330445,4.77331843254563,4.702471471527551,4.71132755279541,92200,0.021,0.0
2024-03-13 00:00:00-04:00,4.782174513813489,4.782174513813489,4.702471471527551,4.71132755279541,66600,0.0,0.0
2024-03-14 00:00:00-04:00,4.720184162588638,4.773319394055451,4.6493371872995555,4.667048931121826,80300,0.0,0.0
2024-03-15 00:00:00-04:00,4.6847588800580775,4.693614959716797,4.658191485644159,4.693614959716797,48200,0.0,0.0
2024-03-18 00:00:00-04:00,4.675903222680478,4.711326696753116,4.675903222680478,4.693614959716797,133600,0.0,0.0
2024-03-19 00:00:00-04:00,4.7201828956604,4.737894634728724,4.711327237266824,4.7201828956604,29300,0.0,0.0
2024-03-20 00:00:00-04:00,4.71132755279541,4.71132755279541,4.684759731273032,4.71132755279541,58500,0.0,0.0
2024-03-21 00:00:00-04:00,4.711327814853722,4.737895215572663,4.693616073614022,4.702471733093262,38700,0.0,0.0
2024-03-22 00:00:00-04:00,4.702470617094396,4.711326696753116,4.675903222680478,4.693614959716797,91600,0.0,0.0
2024-03-25 00:00:00-04:00,4.693615156465737,4.693615156465737,4.658191680908203,4.658191680908203,48800,0.0,0.0
2024-03-26 00:00:00-04:00,4.68475866317749,4.702470399393845,4.64933519074478,4.68475866317749,49100,0.0,0.0
2024-03-27 00:00:00-04:00,4.68475866317749,4.6936147424262185,4.64933519074478,4.68475866317749,131900,0.0,0.0
2024-03-28 00:00:00-04:00,4.711327039794701,4.755606174468994,4.658191824816859,4.755606174468994,138300,0.0,0.0
2024-04-01 00:00:00-04:00,4.729039556093423,4.729039556093423,4.658192591134622,4.702471733093262,161200,0.0,0.0
2024-04-02 00:00:00-04:00,4.667048931121826,4.684760674944097,4.658193270351332,4.667048931121826,43400,0.0,0.0
2024-04-03 00:00:00-04:00,4.6670486682709775,4.737895639569919,4.649336925446242,4.675904750823975,130800,0.0,0.0
2024-04-04 00:00:00-04:00,4.693615156465737,4.720182551993318,4.658191680908203,4.658191680908203,106500,0.0,0.0
2024-04-05 00:00:00-04:00,4.649336325180946,4.684759806256971,4.5873450221573,4.6050567626953125,75400,0.0,0.0
2024-04-08 00:00:00-04:00,4.6050554537315875,4.649335003630983,4.6050554537315875,4.631623268127441,66600,0.0,0.0
2024-04-09 00:00:00-04:00,4.631624321930839,4.640479980556939,4.613912582397461,4.613912582397461,35800,0.0,0.0
2024-04-10 00:00:00-04:00,4.543065822972726,4.596201043896938,4.525354082664655,4.578489303588867,129900,0.0,0.0
2024-04-11 00:00:00-04:00,4.578489087927045,4.587344746523351,4.5519212675757705,4.5696330070495605,41600,0.0,0.0
2024-04-12 00:00:00-04:00,4.596200727138153,4.596200727138153,4.578488988050731,4.587344646453857,49500,0.0,0.0
2024-04-15 00:00:00-04:00,4.569632945656276,4.569632945656276,4.5164977279487815,4.543065547943115,93900,0.0,0.0
2024-04-16 00:00:00-04:00,4.5261697784548875,4.57063091542757,4.517277296650229,4.535061836242676,79200,0.021,0.0
2024-04-17 00:00:00-04:00,4.588415030791322,4.588415030791322,4.543953897929359,4.5528459548950195,56100,0.0,0.0
2024-04-18 00:00:00-04:00,4.543953897929359,4.561738435877511,4.535061416946869,4.5528459548950195,17800,0.0,0.0
2024-04-19 00:00:00-04:00,4.561739390914653,4.570631449741938,4.543954849243164,4.543954849243164,39000,0.0,0.0
2024-04-22 00:00:00-04:00,4.5439543180473345,4.552846375835123,4.535061836242676,4.535061836242676,42700,0.0,0.0
2024-04-23 00:00:00-04:00,4.51727782472747,4.5795239325861425,4.51727782472747,4.543954849243164,172900,0.0,0.0
2024-04-24 00:00:00-04:00,4.543954316502906,4.570630913874075,4.526169776916504,4.526169776916504,62900,0.0,0.0
2024-04-25 00:00:00-04:00,4.499494603322149,4.517279150212077,4.490602541885707,4.508387088775635,65200,0.0,0.0
2024-04-26 00:00:00-04:00,4.508384707176891,4.52616924467196,4.499492226420945,4.517276763916016,57100,0.0,0.0
2024-04-29 00:00:00-04:00,4.526169776916504,4.543954316502906,4.517277295114868,4.526169776916504,25600,0.0,0.0
2024-04-30 00:00:00-04:00,4.508385237330102,4.53506183470127,4.508385237330102,4.526169776916504,34300,0.0,0.0
2024-05-01 00:00:00-04:00,4.535061836242676,4.552846375835123,4.517277296650229,4.535061836242676,85500,0.0,0.0
2024-05-02 00:00:00-04:00,4.517277296650229,4.552846375835123,4.517277296650229,4.535061836242676,129300,0.0,0.0
2024-05-03 00:00:00-04:00,4.5706305503845215,4.5795230314789634,4.552846012212474,4.5706305503845215,98100,0.0,0.0
2024-05-06 00:00:00-04:00,4.588417104384811,4.615094135371314,4.5795250434006585,4.597309589385986,99900,0.0,0.0
2024-05-07 00:00:00-04:00,4.63287782667312,4.659554428721242,4.62398534331245,4.641769886016846,116600,0.0,0.0
2024-05-08 00:00:00-04:00,4.650662629344059,4.721800804138184,4.650662629344059,4.721800804138184,95600,0.0,0.0
2024-05-09 00:00:00-04:00,4.739584334768673,4.739584334768673,4.695123197034228,4.704015254974365,55900,0.0,0.0
2024-05-10 00:00:00-04:00,4.712908159982996,4.712908159982996,4.668446594240605,4.67733907699585,54900,0.0,0.0
2024-05-13 00:00:00-04:00,4.695123618489423,4.695123618489423,4.668446594240605,4.67733907699585,53500,0.0,0.0
2024-05-14 00:00:00-04:00,4.687159844012363,4.705015674008509,4.678231716156006,4.678231716156006,38000,0.021,0.0
2024-05-15 00:00:00-04:00,4.696087837219238,4.71394366670341,4.696087837219238,4.696087837219238,43100,0.0,0.0
2024-05-16 00:00:00-04:00,4.713944247660937,4.731800079345703,4.70501611896025,4.731800079345703,51000,0.0,0.0
2024-05-17 00:00:00-04:00,4.740727011760699,4.749655139010186,4.705015354195824,4.7139434814453125,41800,0.0,0.0
2024-05-20 00:00:00-04:00,4.705014705657959,4.722870531979154,4.696087005355602,4.705014705657959,41200,0.0,0.0
2024-05-21 00:00:00-04:00,4.705015539103046,4.705015539103046,4.696087837219238,4.696087837219238,56400,0.0,0.0
2024-05-22 00:00:00-04:00,4.713943507452158,4.713943507452158,4.6514478935105705,4.660375595092773,68400,0.0,0.0
2024-05-23 00:00:00-04:00,4.6782314887155225,4.6782314887155225,4.615736299625608,4.633592128753662,79100,0.0,0.0
2024-05-24 00:00:00-04:00,4.633591469554787,4.660374996578231,4.6246633434026485,4.651447296142578,57000,0.0,0.0
2024-05-28 00:00:00-04:00,4.651447489927703,4.6693033172593905,4.588951881408548,4.606807708740234,92700,0.0,0.0
2024-05-29 00:00:00-04:00,4.61573620505185,4.61573620505185,4.562168718765256,4.571096420288086,74800,0.0,0.0
2024-05-30 00:00:00-04:00,4.562168718765256,4.597880376289652,4.562168718765256,4.571096420288086,54000,0.0,0.0
2024-05-31 00:00:00-04:00,4.615736604345487,4.633592434652339,4.58895264602692,4.624664306640625,53500,0.0,0.0
2024-06-03 00:00:00-04:00,4.633591469554787,4.660374996578231,4.633591469554787,4.651447296142578,40900,0.0,0.0
2024-06-04 00:00:00-04:00,4.669303722391518,4.705015380153413,4.660375595092773,4.660375595092773,59600,0.0,0.0
2024-06-05 00:00:00-04:00,4.687159538269043,4.705015367100454,4.678231410995068,4.687159538269043,90300,0.0,0.0
2024-06-06 00:00:00-04:00,4.687159538269043,4.71394349437443,4.669303709437632,4.687159538269043,116200,0.0,0.0
2024-06-07 00:00:00-04:00,4.678231582018511,4.696087837219238,4.651448050650531,4.696087837219238,116400,0.0,0.0
2024-06-10 00:00:00-04:00,4.69608797186872,4.705015674008509,4.669304014016217,4.678231716156006,75100,0.0,0.0
2024-06-11 00:00:00-04:00,4.687159538269043,4.696087665543018,4.660375582163657,4.687159538269043,94100,0.0,0.0
2024-06-12 00:00:00-04:00,4.722871368587218,4.722871368587218,4.696087837219238,4.696087837219238,79200,0.0,0.0
2024-06-13 00:00:00-04:00,4.722870936310783,4.758582592010498,4.722870936310783,4.758582592010498,77100,0.0,0.0
2024-06-14 00:00:00-04:00,4.767510718793686,4.767510718793686,4.749654890943828,4.758582592010498,46500,0.0,0.0
2024-06-17 00:00:00-04:00,4.74072676416064,4.767510718793686,4.74072676416064,4.758582592010498,73200,0.0,0.0
2024-06-18 00:00:00-04:00,4.76844319910915,4.786369659626832,4.759479755150044,4.777406215667725,127200,0.021,0.0
2024-06-20 00:00:00-04:00,4.75051603064506,4.768442488491249,4.741552588021731,4.75947904586792,31400,0.0,0.0
2024-06-21 00:00:00-04:00,4.777406616710043,4.777406616710043,4.696737323908377,4.732590675354004,96600,0.0,0.0
2024-06-24 00:00:00-04:00,4.750516405211181,4.786369323730469,4.732589945951537,4.786369323730469,129800,0.0,0.0
2024-06-25 00:00:00-04:00,4.7953326761854065,4.7953326761854065,4.750516738591468,4.777406215667725,47200,0.0,0.0
2024-06-26 00:00:00-04:00,4.777406601725005,4.777406601725005,4.750517122475838,4.768443584442139,46600,0.0,0.0
2024-06-27 00:00:00-04:00,4.777405972189146,4.795332431793213,4.75947951258508,4.795332431793213,136900,0.0,0.0
2024-06-28 00:00:00-04:00,4.822221744520314,4.893927574157715,4.786368829701613,4.893927574157715,138200,0.0,0.0
2024-07-01 00:00:00-04:00,4.831185597220769,4.840149041179877,4.76844319910915,4.777406215667725,87500,0.0,0.0
2024-07-02 00:00:00-04:00,4.813257122151658,4.831183575166362,4.795330669136954,4.804294109344482,45300,0.0,0.0
2024-07-03 00:00:00-04:00,4.831185340881348,4.831185340881348,4.804295865231828,4.831185340881348,40400,0.0,0.0
2024-07-05 00:00:00-04:00,4.831184149389785,4.831184149389785,4.813257694244385,4.813257694244385,47400,0.0,0.0
2024-07-08 00:00:00-04:00,4.813258798919684,4.840148701509401,4.777405880400396,4.786369323730469,169700,0.0,0.0
2024-07-09 00:00:00-04:00,4.795332431793213,4.795332431793213,4.768442956087368,4.795332431793213,55600,0.0,0.0
2024-07-10 00:00:00-04:00,4.831184149389785,4.831184149389785,4.786368225226485,4.813257694244385,176800,0.0,0.0
2024-07-11 00:00:00-04:00,4.831185239421426,4.867038157801509,4.822222223526656,4.858075141906738,90900,0.0,0.0
2024-07-12 00:00:00-04:00,4.849111790439965,4.876001693434496,4.849111790439965,4.867038249969482,41600,0.0,0.0
2024-07-15 00:00:00-04:00,4.84014877437546,4.867038249969482,4.831185330910446,4.867038249969482,115400,0.0,0.0
2024-07-16 00:00:00-04:00,4.877838004615924,4.895837389428046,4.8418392349916815,4.886837482452393,110900,0.022,0.0
2024-07-17 00:00:00-04:00,4.859839655830651,4.859839655830651,4.823840878532143,4.8418402671813965,87400,0.0,0.0
2024-07-18 00:00:00-04:00,4.832837708768939,4.832837708768939,4.814838329987528,4.823838233947754,74000,0.0,0.0
2024-07-19 00:00:00-04:00,4.814840316772461,4.841839610655027,4.805840838237751,4.814840316772461,33400,0.0,0.0
2024-07-22 00:00:00-04:00,4.832837708768939,4.832837708768939,4.796838951206116,4.823838233947754,111800,0.0,0.0
2024-07-23 00:00:00-04:00,4.832839012145996,4.841838918533424,4.814839628510298,4.832839012145996,39100,0.0,0.0
2024-07-24 00:00:00-04:00,4.796841621398926,4.823840919169897,4.796841621398926,4.796841621398926,135700,0.0,0.0
2024-07-25 00:00:00-04:00,4.796840244874601,4.868837779417392,4.796840244874601,4.832839012145996,180700,0.0,0.0
2024-07-26 00:00:00-04:00,4.823839534897726,4.850838395781694,4.814839628510298,4.832839012145996,62400,0.0,0.0
2024-07-29 00:00:00-04:00,4.832839276573319,4.877837952694231,4.832839276573319,4.850838661193848,113900,0.0,0.0
2024-07-30 00:00:00-04:00,4.859838962554932,4.877838348636501,4.8418395764733635,4.859838962554932,75900,0.0,0.0
2024-07-31 00:00:00-04:00,4.895836562864597,4.895836562864597,4.85083789386182,4.877837181091309,138100,0.0,0.0
2024-08-01 00:00:00-04:00,4.868837886599219,4.913836561248636,4.868837886599219,4.904836654663086,85500,0.0,0.0
2024-08-02 00:00:00-04:00,4.949834823608398,4.958834729274465,4.886836771363298,4.949834823608398,173900,0.0,0.0
2024-08-05 00:00:00-04:00,4.949834496310516,4.949834496310516,4.868837067228197,4.895836353302002,98300,0.0,0.0
2024-08-06 00:00:00-04:00,4.886837323244468,4.949835382604077,4.877837845701193,4.940835475921631,169100,0.0,0.0
2024-08-07 00:00:00-04:00,4.949835694556995,5.030833143247016,4.94083578730735,4.958835601806641,210200,0.0,0.0
2024-08-08 00:00:00-04:00,4.940835606015097,4.958835419853928,4.922836221315448,4.931836128234863,64700,0.0,0.0
2024-08-09 00:00:00-04:00,4.958834729274465,4.958834729274465,4.913836059222376,4.949834823608398,83100,0.0,0.0
2024-08-12 00:00:00-04:00,4.949835694556995,4.967835079917089,4.9318363091969015,4.958835601806641,55700,0.0,0.0
2024-08-13 00:00:00-04:00,4.9877499870307105,5.060036150039059,4.978714432084426,5.051000595092773,142200,0.022,0.0
2024-08-14 00:00:00-04:00,5.023893356323242,5.060036439897834,5.023893356323242,5.023893356323242,79300,0.0,0.0
2024-08-15 00:00:00-04:00,5.01485538482666,5.032926917907541,4.996783851745779,5.01485538482666,123400,0.0,0.0
2024-08-16 00:00:00-04:00,5.05100048398861,5.060036038736144,5.02389295802699,5.032928943634033,79200,0.0,0.0
2024-08-19 00:00:00-04:00,5.032928500156301,5.060035592869865,5.023892515345467,5.041964054107666,73100,0.0,0.0
2024-08-20 00:00:00-04:00,5.04196416640172,5.060035705566406,5.023892627237034,5.060035705566406,42500,0.0,0.0
2024-08-21 00:00:00-04:00,5.0690723882728035,5.096179485321045,5.051000846620796,5.096179485321045,145900,0.0,0.0
2024-08-22 00:00:00-04:00,5.096178783895779,5.114250323060465,5.051000151413803,5.060035705566406,136000,0.0,0.0
2024-08-23 00:00:00-04:00,5.078107801695131,5.087143787698276,5.069072246551514,5.069072246551514,41200,0.0,0.0
2024-08-26 00:00:00-04:00,5.096178418055369,5.096178418055369,5.041963804453227,5.078106880187988,74800,0.0,0.0
2024-08-27 00:00:00-04:00,5.078107801695131,5.078107801695131,5.041964719401606,5.069072246551514,37800,0.0,0.0
2024-08-28 00:00:00-04:00,5.0690715776807,5.0690715776807,5.014856961394103,5.041964054107666,53200,0.0,0.0
2024-08-29 00:00:00-04:00,5.051000038918501,5.051000038918501,5.032928500156301,5.041964054107666,63600,0.0,0.0
2024-08-30 00:00:00-04:00,5.0690715776807,5.0690715776807,5.032928500156301,5.041964054107666,72000,0.0,0.0
2024-09-03 00:00:00-04:00,5.051000595092773,5.078107690791145,5.032929054340687,5.051000595092773,63000,0.0,0.0
2024-09-04 00:00:00-04:00,5.060036038877383,5.114250659942627,5.051000484129596,5.114250659942627,180400,0.0,0.0
2024-09-05 00:00:00-04:00,5.114251026973053,5.13232256862506,5.08714392992481,5.096179485321045,55200,0.0,0.0
2024-09-06 00:00:00-04:00,5.096179485321045,5.1232870132288255,5.08714392992481,5.096179485321045,46100,0.0,0.0
2024-09-09 00:00:00-04:00,5.105215471576818,5.105215471576818,5.078107943669037,5.096179485321045,52000,0.0,0.0
2024-09-10 00:00:00-04:00,5.096178756429632,5.132321834564209,5.069071663258438,5.132321834564209,69600,0.0,0.0
2024-09-11 00:00:00-04:00,5.132322973797424,5.168466059954763,5.105215874609207,5.159430503845215,49800,0.0,0.0
2024-09-12 00:00:00-04:00,5.1594307952326215,5.213645427530491,5.1594307952326215,5.2046098709106445,28200,0.0,0.0
2024-09-13 00:00:00-04:00,5.222679305383917,5.222679305383917,5.168464264125834,5.177500247955322,92200,0.0,0.0
2024-09-16 00:00:00-04:00,5.1865358009253875,5.213643321554429,5.168464264125834,5.177500247955322,90600,0.0,0.0
2024-09-17 00:00:00-04:00,5.197456852736821,5.233739239324987,5.197456852736821,5.206527233123779,55400,0.022,0.0
2024-09-18 00:00:00-04:00,5.215598242104406,5.242810249328613,5.206527428856276,5.242810249328613,62200,0.0,0.0
2024-09-19 00:00:00-04:00,5.242808930249032,5.242808930249032,5.161173361635926,5.170243740081787,176200,0.0,0.0
2024-09-20 00:00:00-04:00,5.170245706275444,5.1883869025861555,5.161175324380206,5.179316520690918,43700,0.0,0.0
2024-09-23 00:00:00-04:00,5.1702446774230415,5.17931549003347,5.143033104632057,5.161174297332764,118600,0.0,0.0
2024-09-24 00:00:00-04:00,5.161174390159541,5.188385963439941,5.143033197132555,5.188385963439941,204400,0.0,0.0
2024-09-25 00:00:00-04:00,5.1883869025861555,5.215598913312341,5.161175324380206,5.179316520690918,130200,0.0,0.0
2024-09-26 00:00:00-04:00,5.1883858701237475,5.1883858701237475,5.152103484722335,5.161174297332764,107800,0.0,0.0
2024-09-27 00:00:00-04:00,5.179316520690918,5.19745771700163,5.170245706275444,5.179316520690918,64400,0.0,0.0
2024-09-30 00:00:00-04:00,5.179315583186527,5.215597969240501,5.170244770412955,5.188385963439941,101300,0.0,0.0
2024-10-01 00:00:00-04:00,5.188386039829696,5.233739239324987,5.188386039829696,5.206527233123779,149900,0.0,0.0
2024-10-02 00:00:00-04:00,5.206526817364331,5.215597629547119,5.197456437701674,5.215597629547119,88900,0.0,0.0
2024-10-03 00:00:00-04:00,5.21559659443402,5.21559659443402,5.179314217943909,5.197455406188965,68500,0.0,0.0
2024-10-04 00:00:00-04:00,5.188385792461757,5.188385792461757,5.143033027648926,5.143033027648926,102700,0.0,0.0
2024-10-07 00:00:00-04:00,5.161174297332764,5.1702446774230415,5.143033104632057,5.161174297332764,78500,0.0,0.0
2024-10-08 00:00:00-04:00,5.170244616559415,5.179315429063064,5.143033044088764,5.152103424072266,83900,0.0,0.0
2024-10-09 00:00:00-04:00,5.143033027648926,5.206526984890918,5.143033027648926,5.143033027648926,327000,0.0,0.0
2024-10-10 00:00:00-04:00,5.170244538817169,5.170244538817169,5.124891774541312,5.133962154388428,127400,0.0,0.0
2024-10-11 00:00:00-04:00,5.152102550669994,5.170243740081787,5.1430321722241334,5.170243740081787,85100,0.0,0.0
2024-10-14 00:00:00-04:00,5.188386136064015,5.197456949139385,5.1067509809865514,5.115821361541748,94500,0.0,0.0
2024-10-15 00:00:00-04:00,5.154066562652588,5.190491027573436,5.135854330192164,5.154066562652588,78000,0.022,0.0
2024-10-16 00:00:00-04:00,5.154065436840441,5.163171768188477,5.117640979875856,5.163171768188477,165700,0.0,0.0
2024-10-17 00:00:00-04:00,5.163171768188477,5.163171768188477,5.144959539706184,5.163171768188477,55300,0.0,0.0
2024-10-18 00:00:00-04:00,5.181385040283203,5.181385040283203,5.16317280813268,5.181385040283203,63100,0.0,0.0
2024-10-21 00:00:00-04:00,5.181386003857023,5.199598239394445,5.072112590632488,5.135855197906494,111000,0.0,0.0
2024-10-22 00:00:00-04:00,5.144960970074181,5.144960970074181,5.108536502983107,5.117642402648926,34800,0.0,0.0
2024-10-23 00:00:00-04:00,5.108536159193901,5.11764205824692,5.026580896647377,5.044793128967285,108900,0.0,0.0
2024-10-24 00:00:00-04:00,5.06300623514777,5.06300623514777,4.999263193919286,5.026581764221191,93000,0.0,0.0
2024-10-25 00:00:00-04:00,5.044792780824364,5.053899113462823,4.990156087635136,5.01747465133667,113200,0.0,0.0
2024-10-28 00:00:00-04:00,5.044792955513913,5.044792955513913,4.999262159172676,5.008368492126465,122100,0.0,0.0
2024-10-29 00:00:00-04:00,4.999261856079102,5.008368188480795,4.971943727301677,4.999261856079102,70600,0.0,0.0
2024-10-30 00:00:00-04:00,5.008369528757902,5.035688099059808,4.981050958455997,5.026581764221191,83800,0.0,0.0
2024-10-31 00:00:00-04:00,5.053898300490304,5.099428653717041,4.99015528491635,5.099428653717041,107100,0.0,0.0
2024-11-01 00:00:00-04:00,5.117642627259441,5.117642627259441,5.044793689879991,5.0630059242248535,56600,0.0,0.0
2024-11-04 00:00:00-05:00,5.099430169103388,5.1358546361944635,5.053899802346494,5.117642402648926,110800,0.0,0.0
2024-11-05 00:00:00-05:00,5.090322756757201,5.117640881850489,5.090322756757201,5.099428653717041,80200,0.0,0.0
2024-11-06 00:00:00-05:00,5.072111912801359,5.072111912801359,5.017475213490678,5.035687446594238,95400,0.0,0.0
2024-11-07 00:00:00-05:00,5.035686928007809,5.081217288970947,5.035686928007809,5.081217288970947,78300,0.0,0.0
2024-11-08 00:00:00-05:00,5.108536550867555,5.117642450618728,5.0630057494699825,5.072112083435059,115800,0.0,0.0
2024-11-11 00:00:00-05:00,5.090323621691881,5.090323621691881,5.072111390463857,5.081217288970947,84800,0.0,0.0
2024-11-12 00:00:00-05:00,5.073904494672665,5.083046437934182,5.055620172216999,5.064762115478516,64100,0.022,0.0
2024-11-13 00:00:00-05:00,5.092188337902786,5.1104726586377165,5.064761638834095,5.101330280303955,74300,0.0,0.0
2024-11-14 00:00:00-05:00,5.1013307784379025,5.119615100958257,5.083046455917548,5.092188835144043,58900,0.0,0.0
2024-11-15 00:00:00-05:00,5.101329824783627,5.110472202301025,5.083045505681385,5.110472202301025,122600,0.0,0.0
2024-11-18 00:00:00-05:00,5.1104726586377165,5.128756979372646,5.0830459595690245,5.101330280303955,88200,0.0,0.0
2024-11-19 00:00:00-05:00,5.092188817128331,5.101330760389848,5.064762115478516,5.064762115478516,93600,0.0,0.0
2024-11-20 00:00:00-05:00,5.064761659082003,5.08304597989003,5.046477338273976,5.055619716644287,81200,0.0,0.0
2024-11-21 00:00:00-05:00,5.046477338273976,5.064761659082003,5.0281930174659495,5.055619716644287,132600,0.0,0.0
2024-11-22 00:00:00-05:00,5.064762115478516,5.064762115478516,5.037335849761333,5.064762115478516,37400,0.0,0.0
2024-11-25 00:00:00-05:00,5.101329801654841,5.110472179130789,5.083045482635498,5.083045482635498,79200,0.0,0.0
2024-11-26 00:00:00-05:00,5.092188337902786,5.119614601038885,5.092188337902786,5.101330280303955,95000,0.0,0.0
2024-11-27 00:00:00-05:00,5.128756507129877,5.183609464283947,5.1013298105865665,5.174467086791992,181400,0.0,0.0
2024-11-29 00:00:00-05:00,5.20189521489081,5.220179538973992,5.192752834882883,5.2110371589660645,75300,0.0,0.0
2024-12-02 00:00:00-05:00,5.220177624820321,5.229319565543376,5.183608990063078,5.192750930786133,109800,0.0,0.0
2024-12-03 00:00:00-05:00,5.1927514058433495,5.211035724894706,5.128756507129877,5.174467086791992,136900,0.0,0.0
2024-12-04 00:00:00-05:00,5.156183263261522,5.174467584070044,5.147041320823559,5.16532564163208,93500,0.0,0.0
2024-12-05 00:00:00-05:00,5.156183263238704,5.174467584047145,5.1287569999923415,5.147041320800781,65400,0.0,0.0
2024-12-06 00:00:00-05:00,5.174467584047145,5.174467584047145,5.119614621621824,5.147041320800781,70900,0.0,0.0
2024-12-09 00:00:00-05:00,5.156183263238704,5.174467584047145,5.1287569999923415,5.147041320800781,91700,0.0,0.0
2024-12-10 00:00:00-05:00,5.1287569999923415,5.156183263238704,5.119614621621824,5.147041320800781,49900,0.0,0.0
2024-12-11 00:00:00-05:00,5.156182767740636,5.201893783335303,5.137898448689279,5.174467086791992,71000,0.0,0.0
2024-12-12 00:00:00-05:00,5.1653260988147585,5.19275236448874,5.147041776387893,5.15618371963501,77700,0.0,0.0
2024-12-13 00:00:00-05:00,5.1378989217738145,5.156183242508744,5.0830459595690245,5.101330280303955,76700,0.0,0.0
2024-12-16 00:00:00-05:00,5.110472679068367,5.119614621506084,5.046477338273976,5.055619716644287,155900,0.0,0.0
2024-12-17 00:00:00-05:00,5.057455246087679,5.066633702773188,4.984025404234752,5.002382755279541,96900,0.022,0.0
2024-12-18 00:00:00-05:00,4.965667797793496,5.057454985970372,4.947310447692871,4.947310447692871,256700,0.0,0.0
2024-12-19 00:00:00-05:00,4.974846140642706,4.974846140642706,4.910595203570386,4.965667247772217,184500,0.0,0.0
2024-12-20 00:00:00-05:00,4.965668096042904,5.020740149652534,4.8738813400268555,4.8738813400268555,238000,0.0,0.0
2024-12-23 00:00:00-05:00,4.910596340361256,4.919775235356636,4.827988473771845,4.864703178405762,174400,0.0,0.0
2024-12-24 00:00:00-05:00,4.883060455322266,4.883060455322266,4.827988399221772,4.883060455322266,205700,0.0,0.0
2024-12-26 00:00:00-05:00,4.873880507435833,4.965667247772217,4.864702052239045,4.965667247772217,269300,0.0,0.0
2024-12-27 00:00:00-05:00,4.956490047115432,4.956490047115432,4.8830606362605655,4.892239093780518,81200,0.0,0.0
2024-12-30 00:00:00-05:00,4.8830606362605655,4.938132694401715,4.8830606362605655,4.892239093780518,170900,0.0,0.0
2024-12-31 00:00:00-05:00,4.919775743477569,4.94731155596004,4.883061035051709,4.91059684753418,171600,0.0,0.0
2025-01-02 00:00:00-05:00,4.919776360069608,4.938133716583252,4.910597462975834,4.938133716583252,82100,0.0,0.0
2025-01-03 00:00:00-05:00,4.956489562988281,4.9748469139089355,4.947310668691069,4.956489562988281,72100,0.0,0.0
2025-01-06 00:00:00-05:00,4.974848429610541,4.974848429610541,4.919776360069608,4.938133716583252,45900,0.0,0.0
2025-01-07 00:00:00-05:00,4.938133020250128,4.938133020250128,4.883060958474984,4.928954124450684,76100,0.0,0.0
2025-01-08 00:00:00-05:00,4.938131444508152,4.993203488709982,4.89223785550311,4.965667247772217,139500,0.0,0.0
2025-01-10 00:00:00-05:00,4.956490451903429,4.956490451903429,4.901418389264639,4.91059684753418,43600,0.0,0.0
2025-01-13 00:00:00-05:00,4.9105960424332755,5.011561692887818,4.855523988823646,4.8738813400268555,72000,0.0,0.0
2025-01-14 00:00:00-05:00,4.903375625610352,4.903375625610352,4.86650817605269,4.903375625610352,52800,0.022,0.0
2025-01-15 00:00:00-05:00,4.9218098152276895,4.949460185260032,4.9218098152276895,4.931026458740234,115900,0.0,0.0
2025-01-16 00:00:00-05:00,4.921809186266011,4.958676634594287,4.921809186266011,4.949459552764893,63900,0.0,0.0
2025-01-17 00:00:00-05:00,4.986328621026228,4.986328621026228,4.9402445153916394,4.958678245544434,77800,0.0,0.0
2025-01-21 00:00:00-05:00,4.967893304015127,4.98632702827977,4.967893304015127,4.977110385894775,65600,0.0,0.0
2025-01-22 00:00:00-05:00,4.995544754649891,5.050845934578393,4.977111028007056,5.013978481292725,103000,0.0,0.0
2025-01-23 00:00:00-05:00,5.01397701930046,5.01397701930046,4.958675855496856,4.986326217651367,72000,0.0,0.0
2025-01-24 00:00:00-05:00,4.995543298032592,5.004759938919235,4.977109576764724,4.986326217651367,39300,0.0,0.0
2025-01-27 00:00:00-05:00,4.977109576764724,5.01397701930046,4.977109576764724,4.986326217651367,84300,0.0,0.0
2025-01-28 00:00:00-05:00,4.967893293734508,5.013977824048075,4.967893293734508,5.0047607421875,79400,0.0,0.0
2025-01-29 00:00:00-05:00,5.023194802033599,5.023194802033599,4.977110708135624,4.99554443359375,69100,0.0,0.0
2025-01-30 00:00:00-05:00,4.99554443359375,5.023194802033599,4.977110708135624,4.99554443359375,138000,0.0,0.0
2025-01-31 00:00:00-05:00,5.041628190640492,5.041628190640492,4.977110375595083,5.0047607421875,196500,0.0,0.0
2025-02-03 00:00:00-05:00,5.013977834424061,5.0231944768090555,4.977110385894775,4.977110385894775,201500,0.0,0.0
2025-02-04 00:00:00-05:00,4.986327671581118,5.0231951248667865,4.977111028007056,5.013978481292725,91300,0.0,0.0
2025-02-05 00:00:00-05:00,5.032411591584569,5.08771276473999,5.023194509644671,5.08771276473999,147900,0.0,0.0
2025-02-06 00:00:00-05:00,5.06927904035485,5.1061464891251305,5.06927904035485,5.08771276473999,76900,0.0,0.0
2025-02-07 00:00:00-05:00,5.087713074027853,5.087713074027853,5.013978172004863,5.050845623016357,145900,0.0,0.0
2025-02-10 00:00:00-05:00,5.069278717041016,5.1061461634599254,5.060061635688974,5.069278717041016,73700,0.0,0.0
2025-02-11 00:00:00-05:00,5.060061931610107,5.078496095392253,5.041628207322616,5.060061931610107,64600,0.0,0.0
2025-02-12 00:00:00-05:00,4.958678245544434,5.023196081331817,4.9402445153916394,4.958678245544434,176600,0.0,0.0
2025-02-13 00:00:00-05:00,4.986327671581118,5.0231951248667865,4.986327671581118,5.013978481292725,46200,0.0,0.0
2025-02-14 00:00:00-05:00,5.041628565457672,5.0877130991973685,5.041628565457672,5.07849645614624,68700,0.0,0.0
2025-02-18 00:00:00-05:00,5.089600845381622,5.089600845381622,5.02482394849715,5.052585601806641,40800,0.022,0.0
2025-02-19 00:00:00-05:00,5.03407798001915,5.117362498691114,5.03407798001915,5.052585601806641,82200,0.0,0.0
2025-02-20 00:00:00-05:00,5.071092942288487,5.098854594057974,5.071092942288487,5.089600563049316,249300,0.0,0.0
2025-02-21 00:00:00-05:00,5.098855495452881,5.098855495452881,5.061839806130965,5.098855495452881,43200,0.0,0.0
2025-02-24 00:00:00-05:00,5.071093612768077,5.098855268208097,5.061839580535889,5.061839580535889,75300,0.0,0.0
2025-02-25 00:00:00-05:00,5.080347061157227,5.126616338506473,5.071093470441296,5.080347061157227,87100,0.0,0.0
2025-02-26 00:00:00-05:00,5.071092942288487,5.117362214818803,5.071092942288487,5.089600563049316,165800,0.0,0.0
2025-02-27 00:00:00-05:00,5.117361935045727,5.135869554794719,5.108107904543,5.126615524291992,57200,0.0,0.0
2025-02-28 00:00:00-05:00,5.135869979858398,5.145123569870526,5.117362358577647,5.135869979858398,94800,0.0,0.0
2025-03-03 00:00:00-05:00,5.1358706474027604,5.172885894775391,5.126616614931326,5.172885894775391,62500,0.0,0.0
2025-03-04 00:00:00-05:00,5.172885991583588,5.172885991583588,5.080347430163641,5.098855495452881,127800,0.0,0.0
2025-03-05 00:00:00-05:00,5.1266168110305514,5.145124435424805,5.089601562242044,5.145124435424805,94800,0.0,0.0
2025-03-06 00:00:00-05:00,5.108108467169114,5.117362498691114,5.052585601806641,5.052585601806641,200400,0.0,0.0
2025-03-07 00:00:00-05:00,5.080346386702967,5.098854448190806,5.024823526008868,5.043331146240234,54500,0.0,0.0
2025-03-10 00:00:00-04:00,5.052585989560244,5.071093612768077,5.043331957328056,5.061839580535889,48700,0.0,0.0
2025-03-11 00:00:00-04:00,5.071093612768077,5.080347203743721,5.052585989560244,5.061839580535889,54100,0.0,0.0
2025-03-12 00:00:00-04:00,5.0710930824279785,5.0710930824279785,5.034077839883405,5.0710930824279785,63900,0.0,0.0
2025-03-13 00:00:00-04:00,5.061838766471601,5.07109279721552,4.987808285546136,5.043331146240234,115800,0.0,0.0
2025-03-14 00:00:00-04:00,5.015570927094517,5.0433321422961574,4.978555679321289,4.978555679321289,106300,0.0,0.0
2025-03-17 00:00:00-04:00,5.006316184997559,5.0525854587848125,4.969300942470355,5.006316184997559,67400,0.0,0.0
2025-03-18 00:00:00-04:00,5.017467086950983,5.017467086950983,4.971008881965271,4.9895920753479,48200,0.022,0.0
2025-03-19 00:00:00-04:00,4.989590845681188,4.998882661611707,4.961716284005968,4.980299472808838,55900,0.0,0.0
2025-03-20 00:00:00-04:00,5.026756652421222,5.045339839113684,4.961715720526664,5.00817346572876,156800,0.0,0.0
2025-03-21 00:00:00-04:00,5.02675724029541,5.036049056257369,5.017465867391622,5.02675724029541,64100,0.0,0.0
2025-03-24 00:00:00-04:00,5.017465280604051,5.036048467296513,4.989590279036298,5.00817346572876,144700,0.0,0.0
2025-03-25 00:00:00-04:00,5.017466500335315,5.026757874411192,4.961716926705373,4.97100830078125,133800,0.0,0.0
2025-03-26 00:00:00-04:00,4.971007236609212,4.980299051754164,4.8780913004503565,4.952424049377441,309400,0.0,0.0
2025-03-27 00:00:00-04:00,4.933841907349818,4.933841907349818,4.915258716181311,4.924550533294678,89600,0.0,0.0
2025-03-28 00:00:00-04:00,4.943133724463184,4.980300106800197,4.905967342126171,4.924550533294678,118600,0.0,0.0
2025-03-31 00:00:00-04:00,4.933841907349818,4.97100828968683,4.915258716181311,4.924550533294678,106100,0.0,0.0
2025-04-01 00:00:00-04:00,4.9338419183612885,4.989591491991231,4.9338419183612885,4.97100830078125,230500,0.0,0.0
2025-04-02 00:00:00-04:00,4.971007656878318,4.998882661611707,4.971007656878318,4.980299472808838,148600,0.0,0.0
2025-04-03 00:00:00-04:00,4.980300700185725,5.0267584621131585,4.952425688582641,4.9895920753479,117300,0.0,0.0
2025-04-04 00:00:00-04:00,4.97100828968683,4.989591480855337,4.924550533294678,4.924550533294678,231800,0.0,0.0
2025-04-07 00:00:00-04:00,4.896675525012805,4.924550533294678,4.840925951507286,4.924550533294678,270100,0.0,0.0
2025-04-08 00:00:00-04:00,4.9710074617453115,4.9710074617453115,4.7108428287177,4.748009204864502,192400,0.0,0.0
2025-04-09 00:00:00-04:00,4.7108429370912654,4.794467063816277,4.655093371588537,4.766592502593994,335900,0.0,0.0
2025-04-10 00:00:00-04:00,4.757301272703791,4.757301272703791,4.645802127966566,4.6643853187561035,191600,0.0,0.0
2025-04-11 00:00:00-04:00,4.6643860644926285,4.682969258253225,4.590053289450243,4.6272196769714355,238100,0.0,0.0
2025-04-14 00:00:00-04:00,4.655093193054199,4.682967753207424,4.636509562207856,4.655093193054199,320800,0.0,0.0
2025-04-15 00:00:00-04:00,4.684958457946777,4.7129564135674595,4.666293302537125,4.684958457946777,264200,0.022,0.0
2025-04-16 00:00:00-04:00,4.703622991935646,4.71295579091367,4.666292686048248,4.694290637969971,347900,0.0,0.0
2025-04-17 00:00:00-04:00,4.7129564135674595,4.7129564135674595,4.675626102748155,4.684958457946777,141300,0.0,0.0
2025-04-21 00:00:00-04:00,4.694291098896883,4.694291098896883,4.638295189555265,4.666293144226074,294200,0.0,0.0
2025-04-22 00:00:00-04:00,4.684958633471849,4.684958633471849,4.64762832125394,4.675626277923584,152000,0.0,0.0
2025-04-23 00:00:00-04:00,4.750286096801068,4.759618450766743,4.684957838991947,4.694290637969971,148100,0.0,0.0
2025-04-24 00:00:00-04:00,4.72228798990248,4.759618294564766,4.72228798990248,4.731620788574219,118000,0.0,0.0
2025-04-25 00:00:00-04:00,4.796949243531753,4.815614398369916,4.759618933855427,4.806282043457031,203500,0.0,0.0
2025-04-28 00:00:00-04:00,4.7969490843395075,4.806281883955066,4.7689515755175895,4.787616729736328,56300,0.0,0.0
2025-04-29 00:00:00-04:00,4.806282043457031,4.806282043457031,4.7782840886935904,4.806282043457031,155100,0.0,0.0
2025-04-30 00:00:00-04:00,4.806281553467008,4.843611859337589,4.759618448622606,4.8342790603637695,184600,0.0,0.0
2025-05-01 00:00:00-04:00,4.834279078928198,4.862277030944824,4.834279078928198,4.862277030944824,125200,0.0,0.0
2025-05-02 00:00:00-04:00,4.918272489965728,4.918272489965728,4.834279078928198,4.862277030944824,136200,0.0,0.0
2025-05-05 00:00:00-04:00,4.85294421329906,4.8996073181434605,4.824946706402298,4.8342790603637695,92800,0.0,0.0
2025-05-06 00:00:00-04:00,4.815613907428479,4.871609366234351,4.787616400531717,4.8342790603637695,132600,0.0,0.0
2025-05-07 00:00:00-04:00,4.862277030944824,4.880942183951793,4.843611877937857,4.862277030944824,85500,0.0,0.0
2025-05-08 00:00:00-04:00,4.852944231935165,4.880942183951793,4.852944231935165,4.862277030944824,84300,0.0,0.0
2025-05-09 00:00:00-04:00,4.880942326921198,4.880942326921198,4.8249468662601105,4.852944374084473,112400,0.0,0.0
2025-05-12 00:00:00-04:00,4.936937466665588,4.936937466665588,4.834278906287215,4.871609210968018,97000,0.0,0.0
2025-05-13 00:00:00-04:00,4.8828560514198545,4.89222790351708,4.854739601336552,4.86411190032959,138100,0.022,0.0
2025-05-14 00:00:00-04:00,4.882856277476324,4.882856277476324,4.807879669644154,4.835995674133301,164900,0.0,0.0
2025-05-15 00:00:00-04:00,4.845367813763081,4.892227968664852,4.826623662423208,4.854739665985107,115500,0.0,0.0
2025-05-16 00:00:00-04:00,4.8828559566480445,4.892227808563371,4.854739507110457,4.873483657836914,53900,0.0,0.0
2025-05-19 00:00:00-04:00,4.854739760883006,4.873483912589279,4.835995609176733,4.845367908477783,131200,0.0,0.0
2025-05-20 00:00:00-04:00,4.854739921668655,4.864112221280109,4.80787976429891,4.826623916625977,117000,0.0,0.0
2025-05-21 00:00:00-04:00,4.714158535981816,4.835995290598503,4.714158535981816,4.77039098739624,150800,0.0,0.0
2025-05-22 00:00:00-04:00,4.7891351378677145,4.798506989655553,4.73290268645329,4.77039098739624,97400,0.0,0.0
2025-05-23 00:00:00-04:00,4.732902750412492,4.779762903776536,4.732902750412492,4.761018753051758,191500,0.0,0.0
2025-05-27 00:00:00-04:00,4.789135517686112,4.835995674133301,4.789135517686112,4.835995674133301,150200,0.0,0.0
2025-05-28 00:00:00-04:00,4.817251140127028,4.864111739753614,4.761018688712603,4.77039098739624,361800,0.0,0.0
2025-05-29 00:00:00-04:00,4.770391210021097,4.807879512713552,4.770391210021097,4.798507213592529,147300,0.0,0.0
2025-05-30 00:00:00-04:00,4.807879512713552,4.817251364938757,4.761018910900074,4.798507213592529,138400,0.0,0.0
2025-06-02 00:00:00-04:00,4.7797628391840785,4.80787928833919,4.761018688712603,4.77039098739624,245900,0.0,0.0
2025-06-03 00:00:00-04:00,4.7891351378677145,4.7891351378677145,4.751646836924765,4.77039098739624,101500,0.0,0.0
2025-06-04 00:00:00-04:00,4.77039098739624,4.80787928833919,4.77039098739624,4.77039098739624,161600,0.0,0.0
2025-06-05 00:00:00-04:00,4.7797628391840785,4.80787928833919,4.761018688712603,4.77039098739624,153700,0.0,0.0
2025-06-06 00:00:00-04:00,4.770391307148361,4.770391307148361,4.732903003692627,4.732903003692627,211300,0.0,0.0
2025-06-09 00:00:00-04:00,4.7516469011372715,4.77039105186205,4.7516469011372715,4.761018753051758,147500,0.0,0.0
2025-06-10 00:00:00-04:00,4.761018594801817,4.789135043402333,4.751646743198838,4.7797627449035645,183500,0.0,0.0
2025-06-11 00:00:00-04:00,4.7891362467996155,4.817252255569234,4.779763945945808,4.807880401611328,239000,0.0,0.0
2025-06-12 00:00:00-04:00,4.826623662423208,4.8734838173249795,4.807879511083336,4.854739665985107,264500,0.0,0.0
2025-06-13 00:00:00-04:00,4.854739826091343,4.8641121255182815,4.817251522175258,4.835995674133301,114200,0.0,0.0
2025-06-16 00:00:00-04:00,4.82662375677151,4.854739760883006,4.8172514574704595,4.845367908477783,81900,0.0,0.0
2025-06-17 00:00:00-04:00,4.858550164398215,4.877381736780375,4.849134602697186,4.867966175079346,160900,0.024,0.0
2025-06-18 00:00:00-04:00,4.867965538271962,4.877381098741286,4.8208863889852145,4.8491339683532715,175900,0.0,0.0
2025-06-20 00:00:00-04:00,4.830303030315027,4.877381736780375,4.830303030315027,4.867966175079346,111400,0.0,0.0
2025-06-23 00:00:00-04:00,4.867966175079346,4.867966175079346,4.849134602697186,4.867966175079346,61800,0.0,0.0
2025-06-24 00:00:00-04:00,4.867965538271962,4.8867971081906525,4.8491339683532715,4.8491339683532715,169400,0.0,0.0
2025-06-25 00:00:00-04:00,4.858549847542535,4.867965857609589,4.820886705234458,4.830302715301514,145700,0.0,0.0
2025-06-26 00:00:00-04:00,4.783223627601401,4.858549913236057,4.783223627601401,4.839718341827393,48100,0.0,0.0
2025-06-27 00:00:00-04:00,4.783223783624597,4.858550071716309,4.783223783624597,4.858550071716309,115700,0.0,0.0
2025-06-30 00:00:00-04:00,4.886797747461506,4.886797747461506,4.858550164398215,4.867966175079346,127700,0.0,0.0
2025-07-01 00:00:00-04:00,4.877381098741286,4.905628678109343,4.839717958903905,4.8491339683532715,374000,0.0,0.0
2025-07-02 00:00:00-04:00,4.858549753976686,4.877381324768066,4.849134193071028,4.877381324768066,113800,0.0,0.0
2025-07-03 00:00:00-04:00,4.886796951293945,4.886796951293945,4.858549372832812,4.886796951293945,94900,0.0,0.0
2025-07-07 00:00:00-04:00,4.858549753976686,4.886797334653788,4.839718183185306,4.877381324768066,258800,0.0,0.0
2025-07-08 00:00:00-04:00,4.924460798286602,4.924460798286602,4.849134510194891,4.858550071716309,95700,0.0,0.0
2025-07-09 00:00:00-04:00,4.877381575888542,4.9056291580200195,4.8585500041275855,4.9056291580200195,161000,0.0,0.0
2025-07-10 00:00:00-04:00,4.8962126686599765,4.924460248028034,4.839717958903905,4.8491339683532715,318500,0.0,0.0
2025-07-11 00:00:00-04:00,4.820886705873221,4.86796585825459,4.773808002471924,4.773808002471924,534200,0.0,0.0
2025-07-14 00:00:00-04:00,4.792639639194923,4.792639639194923,4.764392057583642,4.783223628997803,272400,0.0,0.0
2025-07-15 00:00:00-04:00,4.7964686709134465,4.815389633178711,4.777547708648182,4.815389633178711,195200,0.024,0.0
2025-07-16 00:00:00-04:00,4.815389350538604,4.824849605560303,4.777547428229213,4.824849605560303,289000,0.0,0.0
2025-07-17 00:00:00-04:00,4.805929249057674,4.815389956380958,4.758627065775318,4.787008285522461,310300,0.0,0.0
2025-07-18 00:00:00-04:00,4.777547359466553,4.787007614352091,4.758626398584184,4.777547359466553,215100,0.0,0.0
2025-07-21 00:00:00-04:00,4.777546822311869,4.805928034888787,4.758625863556844,4.7964677810668945,170600,0.0,0.0
2025-07-22 00:00:00-04:00,4.777548029310531,4.815389956380958,4.768087321987248,4.787008285522461,160100,0.0,0.0
2025-07-23 00:00:00-04:00,4.872152163878394,4.872152163878394,4.768086653469723,4.777547359466553,137000,0.0,0.0
2025-07-24 00:00:00-04:00,4.768086910247803,4.787007872149131,4.768086910247803,4.768086910247803,86700,0.0,0.0
2025-07-25 00:00:00-04:00,4.768086117378736,4.7964677810668945,4.768086117378736,4.7964677810668945,95900,0.0,0.0
2025-07-28 00:00:00-04:00,4.83431085443402,4.83431085443402,4.77754796459725,4.805929183959961,57400,0.0,0.0
2025-07-29 00:00:00-04:00,4.7964686709134465,4.824849888755681,4.787007964225152,4.815389633178711,116600,0.0,0.0
2025-07-30 00:00:00-04:00,4.805928644405608,4.824849605560303,4.796468389383908,4.824849605560303,111100,0.0,0.0
2025-07-31 00:00:00-04:00,4.862690729848562,4.862690729848562,4.834309518329837,4.8532304763793945,112100,0.0,0.0
2025-08-01 00:00:00-04:00,4.843770503997803,4.9099940927374215,4.824849543088097,4.843770503997803,131100,0.0,0.0
2025-08-04 00:00:00-04:00,4.872152458662381,4.900533676147461,4.853231496635222,4.900533676147461,127400,0.0,0.0
2025-08-05 00:00:00-04:00,4.900533076759459,4.938374996185303,4.853230903032785,4.938374996185303,81900,0.0,0.0
2025-08-06 00:00:00-04:00,4.938375536367545,4.947836242814493,4.881612651019792,4.919454574584961,120600,0.0,0.0
2025-08-07 00:00:00-04:00,4.938375536367545,4.947836242814493,4.881612651019792,4.919454574584961,156800,0.0,0.0
2025-08-08 00:00:00-04:00,4.919453543806423,4.9289142482710595,4.8721513748168945,4.8721513748168945,145900,0.0,0.0
2025-08-11 00:00:00-04:00,4.95729552009635,4.95729552009635,4.8532304763793945,4.8532304763793945,121800,0.0,0.0
2025-08-12 00:00:00-04:00,4.881611687898119,4.900532645947677,4.843769771799004,4.8532304763793945,138700,0.0,0.0
2025-08-13 00:00:00-04:00,4.853231147657634,4.872152108324258,4.843770441768679,4.862691402435303,158100,0.0,0.0
2025-08-14 00:00:00-04:00,4.843769771799004,4.862690729848562,4.834309518329837,4.8532304763793945,128800,0.0,0.0
2025-08-15 00:00:00-04:00,4.8532304763793945,4.862690729848562,4.834309518329837,4.8532304763793945,80800,0.0,0.0
2025-08-18 00:00:00-04:00,4.8437707870682765,4.8437707870682765,4.824849825052827,4.834310531616211,143800,0.0,0.0
2025-08-19 00:00:00-04:00,4.8191028432645755,4.847617989924082,4.800092594411543,4.809597492218018,215700,0.024,0.0
2025-08-20 00:00:00-04:00,4.8381124321168105,4.8381124321168105,4.819102185857099,4.828607082366943,140800,0.0,0.0
2025-08-21 00:00:00-04:00,4.80959663959072,4.828606885073687,4.781081497986271,4.800091743469238,211300,0.0,0.0
2025-08-22 00:00:00-04:00,4.800091510017111,4.876132488250732,4.800091510017111,4.876132488250732,94700,0.0,0.0
2025-08-25 00:00:00-04:00,4.857123091802817,4.885638236999512,4.819102596047184,4.885638236999512,40800,0.0,0.0
2025-08-26 00:00:00-04:00,4.866627809632222,4.923658551162283,4.857122912663901,4.904648303985596,132900,0.0,0.0
2025-08-27 00:00:00-04:00,4.876132488250732,4.923657873026754,4.866627139351539,4.876132488250732,181200,0.0,0.0
2025-08-28 00:00:00-04:00,4.895143701945815,4.923658847808838,4.876133453623776,4.923658847808838,77700,0.0,0.0
2025-08-29 00:00:00-04:00,4.923658293172996,4.933163642883301,4.895143150522121,4.933163642883301,208900,0.0,0.0
2025-09-02 00:00:00-04:00,4.914154235172474,4.923659133264517,4.876133736324107,4.895143985748291,132900,0.0,0.0
2025-09-03 00:00:00-04:00,4.88563863441615,4.904648883840333,4.88563863441615,4.895143985748291,67100,0.0,0.0
2025-09-04 00:00:00-04:00,4.895143587558451,4.9141538354362675,4.876133339680634,4.885638236999512,259600,0.0,0.0
2025-09-05 00:00:00-04:00,4.89514285403089,4.942668239983815,4.89514285403089,4.914153099060059,143300,0.0,0.0
2025-09-08 00:00:00-04:00,4.942667930991001,4.999699115753174,4.933163035690615,4.999699115753174,203400,0.0,0.0
2025-09-09 00:00:00-04:00,4.999699115753174,5.01870935959391,4.980688418672473,4.999699115753174,217900,0.0,0.0
2025-09-10 00:00:00-04:00,5.009204724667658,5.075740814208984,4.999699828013199,5.075740814208984,204500,0.0,0.0
2025-09-11 00:00:00-04:00,5.0757405346367435,5.113761025640463,5.04722493976395,5.104255676269531,103600,0.0,0.0
2025-09-12 00:00:00-04:00,5.0852448318861,5.104255075149152,5.056729693611496,5.066234588623047,72400,0.0,0.0
2025-09-15 00:00:00-04:00,5.085245531635594,5.113761127074005,5.056730389437195,5.094750881195068,101600,0.0,0.0
2025-09-16 00:00:00-04:00,5.089021682739258,5.098569784491693,5.031734438060295,5.089021682739258,150300,0.024,0.0
2025-09-17 00:00:00-04:00,5.0985696927417035,5.13676118850708,5.0985696927417035,5.13676118850708,189800,0.0,0.0
2025-09-18 00:00:00-04:00,5.117665767669678,5.136761516772682,5.079474269463667,5.117665767669678,83100,0.0,0.0
2025-09-19 00:00:00-04:00,5.117665767669678,5.117665767669678,5.098570018566672,5.117665767669678,26200,0.0,0.0
2025-09-22 00:00:00-04:00,5.079474300703603,5.127213446115437,5.060378551483154,5.060378551483154,123300,0.0,0.0
2025-09-23 00:00:00-04:00,4.98399506867007,5.117665767669678,4.98399506867007,5.117665767669678,159200,0.0,0.0
2025-09-24 00:00:00-04:00,5.089022096407694,5.098570198936261,5.060378699379169,5.079474449157715,105800,0.0,0.0
2025-09-25 00:00:00-04:00,5.069926198454092,5.08902194767454,5.041282802262706,5.060378551483154,103000,0.0,0.0
2025-09-26 00:00:00-04:00,5.079474036265372,5.098569784491693,5.060378288039051,5.089021682739258,77300,0.0,0.0
2025-09-29 00:00:00-04:00,5.098569393157959,5.108117038899027,5.060377899636653,5.098569393157959,82400,0.0,0.0
2025-09-30 00:00:00-04:00,5.098570228677394,5.1463093757629395,5.079474478787458,5.1463093757629395,119700,0.0,0.0
2025-10-01 00:00:00-04:00,5.117664879159473,5.155856370734816,5.117664879159473,5.1272125244140625,196700,0.0,0.0
2025-10-02 00:00:00-04:00,5.1176651399186115,5.136760886679264,5.098569393157959,5.098569393157959,132200,0.0,0.0
2025-10-03 00:00:00-04:00,5.16540500919897,5.16540500919897,5.0699262619018555,5.0699262619018555,120000,0.0,0.0
2025-10-06 00:00:00-04:00,5.069925934512937,5.108117430965578,5.050830186286616,5.089021682739258,71100,0.0,0.0
2025-10-07 00:00:00-04:00,5.079474184875592,5.155857180015613,5.079474184875592,5.108117580413818,128800,0.0,0.0
2025-10-08 00:00:00-04:00,5.136761959197945,5.184501108427908,5.117666208450238,5.174953460693359,102400,0.0,0.0
2025-10-09 00:00:00-04:00,5.155857086181641,5.222691978073517,5.1463089843236265,5.155857086181641,186100,0.0,0.0
2025-10-10 00:00:00-04:00,5.165405750274658,5.203597254672801,5.146309998075586,5.165405750274658,80200,0.0,0.0
2025-10-13 00:00:00-04:00,5.155857086181641,5.174952834619113,5.155857086181641,5.155857086181641,51100,0.0,0.0
2025-10-14 00:00:00-04:00,5.150102766977378,5.188464762993848,5.150102766977378,5.178874492645264,33100,0.024,0.0
2025-10-15 00:00:00-04:00,5.1309213624073235,5.255598068237305,5.1309213624073235,5.255598068237305,76700,0.0,0.0
2025-10-16 00:00:00-04:00,5.236418072919881,5.236418072919881,5.169284343719482,5.169284343719482,95800,0.0,0.0
2025-10-17 00:00:00-04:00,5.178874238185176,5.207645505128342,5.159693241119385,5.159693241119385,92700,0.0,0.0
2025-10-20 00:00:00-04:00,5.188464064129008,5.207645059553641,5.169283068704374,5.198054790496826,113200,0.0,0.0
2025-10-21 00:00:00-04:00,5.207645059553641,5.226826054978275,5.169283068704374,5.198054790496826,72700,0.0,0.0
2025-10-22 00:00:00-04:00,5.2172369956970215,5.2172369956970215,5.169284267360632,5.2172369956970215,83900,0.0,0.0
2025-10-23 00:00:00-04:00,5.198056324443405,5.207646596330309,5.188465595245361,5.188465595245361,88200,0.0,0.0
2025-10-24 00:00:00-04:00,5.188464064129008,5.226826054978275,5.178873795072192,5.198054790496826,91600,0.0,0.0
2025-10-27 00:00:00-04:00,5.21723687356669,5.226827144622803,5.188465145776151,5.226827144622803,83000,0.0,0.0
2025-10-28 00:00:00-04:00,5.207646369934082,5.226827370185159,5.178875098213026,5.207646369934082,149600,0.0,0.0
2025-10-29 00:00:00-04:00,5.207645059553641,5.207645059553641,5.169283068704374,5.198054790496826,95800,0.0,0.0
2025-10-30 00:00:00-04:00,5.178874238185176,5.178874238185176,5.130921516865176,5.159693241119385,145100,0.0,0.0
2025-10-31 00:00:00-04:00,5.178875323358456,5.188465595245361,5.1692845941604135,5.188465595245361,97100,0.0,0.0
2025-11-03 00:00:00-05:00,5.188465343875151,5.188465343875151,5.1405130721415375,5.169284343719482,167400,0.0,0.0
2025-11-04 00:00:00-05:00,5.1692845941604135,5.188465595245361,5.121332320103613,5.188465595245361,163100,0.0,0.0
2025-11-05 00:00:00-05:00,5.1788743401772805,5.188464610243525,5.140512345290201,5.150102615356445,176300,0.0,0.0
2025-11-06 00:00:00-05:00,5.159693241119385,5.178874238185176,5.1405122440535935,5.159693241119385,92900,0.0,0.0
2025-11-07 00:00:00-05:00,5.217236458012888,5.217236458012888,5.130921738827355,5.140512466430664,94200,0.0,0.0
2025-11-10 00:00:00-05:00,5.1596940722972064,5.169284343719482,5.1405130721415375,5.169284343719482,60100,0.0,0.0
2025-11-11 00:00:00-05:00,5.178875323358456,5.217237325528353,5.159694322273508,5.188465595245361,85000,0.0,0.0
2025-11-12 00:00:00-05:00,5.178875323358456,5.226827597415257,5.178875323358456,5.188465595245361,63800,0.0,0.0
2025-11-13 00:00:00-05:00,5.188465595245361,5.217237325528353,5.188465595245361,5.188465595245361,70000,0.0,0.0
2025-11-14 00:00:00-05:00,5.188465595245361,5.188465595245361,5.1692845941604135,5.188465595245361,62000,0.0,0.0
2025-11-17 00:00:00-05:00,5.188464064129008,5.21723578592146,5.178873795072192,5.198054790496826,154500,0.0,0.0
2025-11-18 00:00:00-05:00,5.182641684837343,5.192274608756001,5.163375377655029,5.163375377655029,58900,0.024,0.0
2025-11-19 00:00:00-05:00,5.182642459869385,5.192275385228588,5.144109839742443,5.182642459869385,128100,0.0,0.0
2025-11-20 00:00:00-05:00,5.192274970741643,5.192274970741643,5.115209736639693,5.124843120574951,118300,0.0,0.0
2025-11-21 00:00:00-05:00,5.095943607760051,5.144109610444266,5.095943607760051,5.105576992034912,180700,0.0,0.0
2025-11-24 00:00:00-05:00,5.105576812049463,5.153742353690668,5.076677119588719,5.124843120574951,152800,0.0,0.0
2025-11-25 00:00:00-05:00,5.124843735935236,5.144110046774106,5.11521035084326,5.134476661682129,128700,0.0,0.0
2025-11-26 00:00:00-05:00,5.288606513369079,5.288606513369079,5.115209736639693,5.124843120574951,116600,0.0,0.0
2025-11-28 00:00:00-05:00,5.173008960735557,5.173008960735557,5.124843416314858,5.144109725952148,114800,0.0,0.0
2025-12-01 00:00:00-05:00,5.124843554658633,5.153742790222168,5.115210169907409,5.153742790222168,176400,0.0,0.0
2025-12-02 00:00:00-05:00,5.144110046774106,5.153742972520998,5.11521035084326,5.134476661682129,199100,0.0,0.0
2025-12-03 00:00:00-05:00,5.153741936064861,5.250073470886216,5.153741936064861,5.221174240112305,371100,0.0,0.0
2025-12-04 00:00:00-05:00,5.221175012512208,5.269340557375809,5.173009008303548,5.24044132232666,326600,0.0,0.0
2025-12-05 00:00:00-05:00,5.250075047644333,5.250075047644333,5.201909495440562,5.230808734893799,141800,0.0,0.0
2025-12-08 00:00:00-05:00,5.230807163921945,5.240440547076576,5.201907933148034,5.221174240112305,82500,0.0,0.0
2025-12-09 00:00:00-05:00,5.221175808191096,5.250075047644333,5.211542422143265,5.230808734893799,147500,0.0,0.0
2025-12-10 00:00:00-05:00,5.240441461106879,5.25007438659668,5.2115417659473335,5.25007438659668,118000,0.0,0.0
2025-12-11 00:00:00-05:00,5.250075047644333,5.269341360394867,5.230808734893799,5.230808734893799,127300,0.0,0.0
2025-12-12 00:00:00-05:00,5.230807822823643,5.250074132214806,5.1922752040413185,5.201908588409424,168300,0.0,0.0
2025-12-15 00:00:00-05:00,5.221175037304944,5.25007427249132,5.182642417493067,5.211541652679443,53500,0.0,0.0
2025-12-16 00:00:00-05:00,5.186384055481223,5.215412065345928,5.176707744598389,5.176707744598389,217500,0.024,0.0
2025-12-17 00:00:00-05:00,5.196059849498791,5.254116330000287,5.176707689331626,5.20573616027832,219900,0.0,0.0
2025-12-18 00:00:00-05:00,5.205736435154983,5.254116607431551,5.205736435154983,5.225088596343994,127900,0.0,0.0
2025-12-19 00:00:00-05:00,5.24444129613841,5.273469310207152,5.176708494324738,5.196060657501221,176400,0.0,0.0
2025-12-22 00:00:00-05:00,5.176707413947866,5.234763891360949,5.176707413947866,5.1863837242126465,141400,0.0,0.0
2025-12-23 00:00:00-05:00,5.1960599049721585,5.2057362158549925,5.157355584224619,5.176707744598389,157600,0.0,0.0
2025-12-24 00:00:00-05:00,5.196059573085559,5.215411732223254,5.147679405937258,5.1863837242126465,89300,0.0,0.0
2025-12-26 00:00:00-05:00,5.205735883350341,5.215411732223254,5.176707413947866,5.1863837242126465,146100,0.0,0.0
2025-12-29 00:00:00-05:00,5.060594782355769,5.2057362158549925,5.060594782355769,5.176707744598389,185300,0.0,0.0
2025-12-30 00:00:00-05:00,5.186384000111155,5.225088320445486,5.16703183994399,5.20573616027832,184500,0.0,0.0
2025-12-31 00:00:00-05:00,5.244441637339319,5.254117488861084,5.196060995554508,5.254117488861084,83500,0.0,0.0
2026-01-02 00:00:00-05:00,5.24444129613841,5.24444129613841,5.196060657501221,5.196060657501221,102100,0.0,0.0
2026-01-05 00:00:00-05:00,5.1960599049721585,5.215412065345928,5.176707744598389,5.176707744598389,145100,0.0,0.0
2026-01-06 00:00:00-05:00,5.196060657501221,5.215412820677703,5.186384806608962,5.196060657501221,78400,0.0,0.0
2026-01-07 00:00:00-05:00,5.225087920051127,5.244440078735352,5.215411610013086,5.244440078735352,145700,0.0,0.0
2026-01-08 00:00:00-05:00,5.244440078735352,5.254115927381536,5.205735761366902,5.244440078735352,119400,0.0,0.0
2026-01-09 00:00:00-05:00,5.263793120982102,5.273468971252441,5.205736635184262,5.273468971252441,83100,0.0,0.0
2026-01-12 00:00:00-05:00,5.263792991638184,5.283145153095268,5.244440830181099,5.263792991638184,82000,0.0,0.0
2026-01-13 00:00:00-05:00,5.283145353953359,5.312173366546631,5.263793191760532,5.312173366546631,80500,0.0,0.0
2026-01-14 00:00:00-05:00,5.302497516146188,5.3315259901314,5.273469042160975,5.312173366546631,117000,0.0,0.0
2026-01-15 00:00:00-05:00,5.331526407905087,5.350878571614333,5.312173782803863,5.341202259063721,123100,0.0,0.0
2026-01-16 00:00:00-05:00,5.3218488693237305,5.350877338896102,5.3218488693237305,5.3218488693237305,147300,0.0,0.0
2026-01-20 00:00:00-05:00,5.306299969049053,5.316018226117634,5.257707293463854,5.267426013946533,127400,0.024,0.0
2026-01-21 00:00:00-05:00,5.277144150339655,5.316018104553223,5.247988916386524,5.316018104553223,93700,0.0,0.0
2026-01-22 00:00:00-05:00,5.277144237601743,5.306299935451077,5.238270282745361,5.238270282745361,108200,0.0,0.0
2026-01-23 00:00:00-05:00,5.247988700866699,5.267425677175262,5.2285517245581365,5.247988700866699,99400,0.0,0.0
2026-01-26 00:00:00-05:00,5.267425960442837,5.277144217412705,5.209115028381348,5.209115028381348,110000,0.0,0.0
2026-01-27 00:00:00-05:00,5.228552110789883,5.325736999511719,5.228552110789883,5.325736999511719,91800,0.0,0.0
2026-01-28 00:00:00-05:00,5.316018612438835,5.354893033780503,5.3063003546640175,5.345174312591553,123700,0.0,0.0
2026-01-29 00:00:00-05:00,5.3354548360030645,5.384047508239746,5.316017859791205,5.384047508239746,159000,0.0,0.0
2026-01-30 00:00:00-05:00,5.384047823924276,5.384047823924276,5.345173869221249,5.374329566955566,68100,0.0,0.0
2026-02-02 00:00:00-05:00,5.452077407714795,5.452077407714795,5.316018104553223,5.316018104553223,155400,0.0,0.0
2026-02-03 00:00:00-05:00,5.335454975211541,5.374329392063607,5.335454975211541,5.36461067199707,65900,0.0,0.0
2026-02-04 00:00:00-05:00,5.354892697835321,5.38404793274482,5.296581301188116,5.325736999511719,104800,0.0,0.0
2026-02-05 00:00:00-05:00,5.3063003546640175,5.354893033780503,5.3063003546640175,5.345174312591553,93600,0.0,0.0
2026-02-06 00:00:00-05:00,5.354893033780503,5.374330012744271,5.325737333627785,5.345174312591553,91400,0.0,0.0
2026-02-09 00:00:00-05:00,5.364610846572762,5.374329566955566,5.345173869221249,5.374329566955566,39900,0.0,0.0
2026-02-10 00:00:00-05:00,5.364610846572762,5.432640499010107,5.364610846572762,5.374329566955566,70000,0.0,0.0
2026-02-11 00:00:00-05:00,5.374329566955566,5.4034848012757895,5.364610846572762,5.374329566955566,28400,0.0,0.0
2026-02-12 00:00:00-05:00,5.393766228052709,5.422921460663464,5.35489227562899,5.384047508239746,48600,0.0,0.0
2026-02-13 00:00:00-05:00,5.384047683069695,5.4132033800412565,5.374329426355229,5.393766403198242,42800,0.0,0.0
2026-02-17 00:00:00-05:00,5.426952838897705,5.426952838897705,5.387910049550919,5.426952838897705,57700,0.024,0.0
2026-02-18 00:00:00-05:00,5.426952923882608,5.426952923882608,5.38791013392442,5.417192459106445,31600,0.0,0.0
2026-02-19 00:00:00-05:00,5.397670661592599,5.417192055115873,5.397670661592599,5.407431125640869,56500,0.0,0.0
2026-02-20 00:00:00-05:00,5.397669863578783,5.407430326184025,5.387908935546875,5.387908935546875,23800,0.0,0.0
2026-02-23 00:00:00-05:00,5.4074317605240045,5.45623548277557,5.387910364708736,5.446474552154541,83300,0.0,0.0
2026-02-24 00:00:00-05:00,5.426952923882608,5.436713854085539,5.397671064127351,5.417192459106445,81400,0.0,0.0
2026-02-25 00:00:00-05:00,5.5343205026456115,5.5343205026456115,5.378149352021609,5.397670745849609,169200,0.0,0.0
2026-02-26 00:00:00-05:00,5.3976709796009965,5.436713768947783,5.387910049550919,5.426952838897705,52200,0.0,0.0
2026-02-27 00:00:00-05:00,5.4367140132324225,5.465995873844836,5.417192617681886,5.456235408782959,98400,0.0,0.0
2026-03-02 00:00:00-05:00,5.4367140869603015,5.45623548277557,5.417192691145033,5.446474552154541,145100,0.0,0.0
2026-03-03 00:00:00-05:00,5.426953156339273,5.446474552154541,5.417192691145033,5.446474552154541,153700,0.0,0.0
2026-03-04 00:00:00-05:00,5.426952519164143,5.446473912687416,5.407431125640869,5.407431125640869,84600,0.0,0.0
2026-03-05 00:00:00-05:00,5.397669863578783,5.407430326184025,5.368387544909725,5.387908935546875,56400,0.0,0.0
2026-03-06 00:00:00-05:00,5.368388248647398,5.378149177958858,5.348866855451203,5.3586273193359375,40600,0.0,0.0
2026-03-09 00:00:00-04:00,5.3586279552662965,5.368388885736127,5.3293460947103695,5.339106559753418,41300,0.0,0.0
2026-03-10 00:00:00-04:00,5.3391059261397436,5.378149177958858,5.3391059261397436,5.3586273193359375,22400,0.0,0.0
2026-03-11 00:00:00-04:00,5.3586279552662965,5.387910281249004,5.3293460947103695,5.339106559753418,95900,0.0,0.0
2026-03-12 00:00:00-04:00,5.3293456139127295,5.417192118508823,5.280541896820068,5.280541896820068,74700,0.0,0.0
2026-03-13 00:00:00-04:00,5.280542054735899,5.3000634490714065,5.241499266064882,5.261020660400391,168100,0.0,0.0
2026-03-16 00:00:00-04:00,5.290303072047194,5.309824466705322,5.280542142004749,5.309824466705322,48900,0.0,0.0
2026-03-17 00:00:00-04:00,5.30394179187319,5.313745975494385,5.2941380757412,5.313745975494385,40900,0.024,0.0
2026-03-18 00:00:00-04:00,5.2941380757412,5.33335387524757,5.2941380757412,5.313745975494385,55500,0.0,0.0
2026-03-19 00:00:00-04:00,5.32354956992471,5.32354956992471,5.284333771314852,5.294137954711914,80200,0.0,0.0
2026-03-20 00:00:00-04:00,5.2745304069205545,5.284334123481776,5.196098804473877,5.196098804473877,90100,0.0,0.0
2026-03-23 00:00:00-04:00,5.196098804473877,5.215706705085546,5.16668671981176,5.196098804473877,98400,0.0,0.0
2026-03-24 00:00:00-04:00,5.156882697568411,5.196098496467173,5.147078514099121,5.147078514099121,167500,0.0,0.0
2026-03-25 00:00:00-04:00,5.156882464725421,5.205901977390951,5.156882464725421,5.186294078826904,107600,0.0,0.0
2026-03-26 00:00:00-04:00,5.156882697568411,5.176490597017792,5.137274330629832,5.147078514099121,74300,0.0,0.0
2026-03-27 00:00:00-04:00,5.137274330629832,5.215706395916555,5.098058531731069,5.147078514099121,200000,0.0,0.0
2026-03-30 00:00:00-04:00,5.156882989955454,5.19609879107769,5.098058820782876,5.117666721343994,109500,0.0,0.0
2026-03-31 00:00:00-04:00,5.176490494804539,5.2843337059021,5.127470513404419,5.2843337059021,135900,0.0,0.0
2026-04-01 00:00:00-04:00,5.284333762122461,5.303941661393281,5.205902165039182,5.2157063484191895,162900,0.0,0.0
2026-04-02 00:00:00-04:00,5.205902334701287,5.2157065184008164,5.1568828186712725,5.166686534881592,115600,0.0,0.0
2026-04-06 00:00:00-04:00,5.166686534881592,5.1862944347914395,5.147078634971744,5.166686534881592,99700,0.0,0.0
2026-04-07 00:00:00-04:00,5.137274515889237,5.186294500025038,5.117666615732759,5.176490783691406,127800,0.0,0.0
2026-04-08 00:00:00-04:00,5.235314191991169,5.30394160496431,5.20590210965326,5.2843337059021,82400,0.0,0.0
2026-04-09 00:00:00-04:00,5.323549867847263,5.352961952195247,5.294138250988501,5.343157768249512,163700,0.0,0.0
2026-04-10 00:00:00-04:00,5.323549747467041,5.352961831149935,5.313746031232217,5.323549747467041,102300,0.0,0.0
2026-04-13 00:00:00-04:00,5.31374615139075,5.343157768249512,5.303941967445015,5.343157768249512,37300,0.0,0.0
2026-04-14 00:00:00-04:00,5.366791424131812,5.425875781693768,5.347096794796828,5.386486053466797,98200,0.024,0.0
2026-04-15 00:00:00-04:00,5.386485699256034,5.386485699256034,5.327401815136387,5.3470964431762695,45400,0.0,0.0
2026-04-16 00:00:00-04:00,5.366790806772094,5.366790806772094,5.297859846807507,5.317554473876953,176700,0.0,0.0
2026-04-17 00:00:00-04:00,5.317554735894931,5.366791071216151,5.307707187096504,5.3470964431762695,66100,0.0,0.0
2026-04-20 00:00:00-04:00,5.356943906748769,5.356943906748769,5.307707102653907,5.337249279022217,101900,0.0,0.0
2026-04-21 00:00:00-04:00,5.3470964431762695,5.3470964431762695,5.327401815136387,5.3470964431762695,37600,0.0,0.0
2026-04-22 00:00:00-04:00,5.337249279022217,5.356943906748769,5.317554651295665,5.337249279022217,111300,0.0,0.0
2026-04-23 00:00:00-04:00,5.317554381026991,5.337249007752549,5.307706832885742,5.307706832885742,64300,0.0,0.0
2026-04-24 00:00:00-04:00,5.288012120749496,5.317554295139145,5.278165042324234,5.2978596687316895,70300,0.0,0.0
2026-04-27 00:00:00-04:00,5.288012206160184,5.3274014596113,5.288012206160184,5.307706832885742,113300,0.0,0.0
2026-04-28 00:00:00-04:00,5.2781649494884135,5.317554201610521,5.268317401679425,5.2880120277404785,125300,0.0,0.0
2026-04-29 00:00:00-04:00,5.268317699432373,5.288012326606521,5.248623072258225,5.268317699432373,158600,0.0,0.0
2026-04-30 00:00:00-04:00,5.288012206160184,5.317554381026991,5.268317579434626,5.307706832885742,161200,0.0,0.0
2026-05-01 00:00:00-04:00,5.288012120749496,5.317554295139145,5.278165042324234,5.2978596687316895,162700,0.0,0.0
2026-05-04 00:00:00-04:00,5.288012120749496,5.307706747156951,5.258470415916779,5.2978596687316895,152300,0.0,0.0
2026-05-05 00:00:00-04:00,5.307707278441925,5.366791163578404,5.297860199031002,5.3569440841674805,175300,0.0,0.0
2026-05-06 00:00:00-04:00,5.396332919089673,5.4258750941270675,5.366790744052278,5.416027545928955,387400,0.0,0.0
2026-05-07 00:00:00-04:00,5.435722052977068,5.455416679382324,5.416027426571811,5.455416679382324,157800,0.0,0.0
2026-05-08 00:00:00-04:00,5.484959425669452,5.484959425669452,5.435722619744066,5.465264797210693,88600,0.0,0.0
2026-05-11 00:00:00-04:00,5.465264619885177,5.475111699016569,5.425875364245682,5.44556999206543,106300,0.0,0.0
2026-05-12 00:00:00-04:00,5.4455696274971555,5.4455696274971555,5.386485278436506,5.406179904937744,68900,0.0,0.0
2026-05-13 00:00:00-04:00,5.416028232247775,5.425875781693768,5.366791424131812,5.386486053466797,84800,0.0,0.0
2026-05-14 00:00:00-04:00,5.376638797444931,5.386485877011343,5.366791248321533,5.366791248321533,59800,0.0,0.0
2026-05-15 00:00:00-04:00,5.337249279022217,5.356943906748769,5.297860023569113,5.337249279022217,69600,0.0,0.0
2026-05-18 00:00:00-04:00,5.3175545021462165,5.337249129320364,5.248623072258225,5.268317699432373,101500,0.0,0.0
2026-05-19 00:00:00-04:00,5.252490997314453,5.262382920617457,5.2327076223813105,5.252490997314453,125900,0.024,0.0
2026-05-20 00:00:00-04:00,5.252491181739961,5.301949856645844,5.232707806112185,5.282166481018066,139500,0.0,0.0
2026-05-21 00:00:00-04:00,5.272274494171143,5.292057869561784,5.242599666921618,5.272274494171143,116800,0.0,0.0
2026-05-22 00:00:00-04:00,5.292057869561784,5.301949793093542,5.262383042312259,5.272274494171143,100900,0.0,0.0
2026-05-26 00:00:00-04:00,5.311841366872551,5.321733290631355,5.282166538941915,5.292057991027832,277900,0.0,0.0
2026-05-27 00:00:00-04:00,5.301949977874756,5.331624806158495,5.2722746779181255,5.301949977874756,229900,0.0,0.0
2026-05-28 00:00:00-04:00,5.321733119542275,5.361299869959678,5.311841196101489,5.341516494750977,212400,0.0,0.0
2026-05-29 00:00:00-04:00,5.381083367265252,5.381083367265252,5.321733240292493,5.361299991607666,247600,0.0,0.0
2026-06-01 00:00:00-04:00,5.361299806200628,5.361299806200628,5.301949681280342,5.331624507904053,124500,0.0,0.0
2026-06-02 00:00:00-04:00,5.331624571310191,5.341516494750977,5.321733119542275,5.341516494750977,55900,0.0,0.0
2026-06-03 00:00:00-04:00,5.3415167881640935,5.3415167881640935,5.3118414878845215,5.3118414878845215,132900,0.0,0.0
2026-06-04 00:00:00-04:00,5.331624571310191,5.361299869959678,5.321733119542275,5.341516494750977,90700,0.0,0.0
2026-06-05 00:00:00-04:00,5.331624864179937,5.351408240475353,5.3118414878845215,5.3118414878845215,120000,0.0,0.0
2026-06-08 00:00:00-04:00,5.331624449436096,5.331624449436096,5.292057699923139,5.321732997894287,141600,0.0,0.0
2026-06-09 00:00:00-04:00,5.301949623137808,5.341516372650766,5.301949623137808,5.321732997894287,132200,0.0,0.0
2026-06-10 00:00:00-04:00,5.321732888576912,5.58880867813962,5.311840965565439,5.381083011627197,917000,0.0,0.0
2026-06-11 00:00:00-04:00,5.390974764437518,5.440433438914986,5.390974764437518,5.430541515350342,408400,0.0,0.0
2026-06-12 00:00:00-04:00,5.43054157851756,5.450325425876971,5.420650126510736,5.440433502197266,262000,0.0,0.0
2026-06-15 00:00:00-04:00,5.430541166349179,5.499783211833124,5.420649715093099,5.450325012207031,215700,0.0,0.0
2026-06-16 00:00:00-04:00,5.450325425876971,5.470108801563501,5.420650126510736,5.440433502197266,158800,0.0,0.0
2026-06-17 00:00:00-04:00,5.440433502197266,5.460216877883795,5.420650126510736,5.440433502197266,273800,0.0,0.0
2026-06-18 00:00:00-04:00,5.420649894553573,5.489891942329903,5.420649894553573,5.480000019073486,136600,0.0,0.0
2026-06-22 00:00:00-04:00,5.450325134435055,5.489891883692385,5.450325134435055,5.470108509063721,186400,0.0,0.0
2026-06-23 00:00:00-04:00,5.45021719198781,5.5198369251453,5.420380027992991,5.499945640563965,186900,0.03,0.0
2026-06-24 00:00:00-04:00,5.519836912563421,5.549673602244598,5.499945628027426,5.509891033172607,341500,0.0,0.0
2026-06-25 00:00:00-04:00,5.539728209726635,5.549673614894486,5.4899997611504805,5.499945640563965,236100,0.0,0.0
2026-06-26 00:00:00-04:00,5.5098910232455145,5.549673592245829,5.4899997387453565,5.519836902618408,235600,0.0,0.0
2026-06-29 00:00:00-04:00,5.549673512958434,5.619293244837153,5.53972810797326,5.589456081390381,448900,0.0,0.0
2026-06-30 00:00:00-04:00,5.639184529053127,5.639184529053127,5.569564797174408,5.589456081390381,365800,0.0,0.0
2026-07-01 00:00:00-04:00,5.579510688781738,5.589456093788974,5.559619404521642,5.579510688781738,273000,0.0,0.0
2026-07-02 00:00:00-04:00,5.599401973041835,5.619293257301931,5.5695648095288774,5.579510688781738,132400,0.0,0.0
2026-07-06 00:00:00-04:00,5.579510711066839,5.619293279745928,5.529782263095165,5.559619426727295,152700,0.0,0.0
2026-07-07 00:00:00-04:00,5.529782307745672,5.559619471618723,5.519836902618408,5.519836902618408,250700,0.0,0.0
2026-07-08 00:00:00-04:00,5.509891033172607,5.5297823177086025,5.489999748636612,5.509891033172607,205200,0.0,0.0
2026-07-09 00:00:00-04:00,5.569564841656331,5.569564841656331,5.529782272906656,5.549673557281494,255200,0.0,0.0
2026-07-10 00:00:00-04:00,5.549673614894486,5.549673614894486,5.499945640563965,5.499945640563965,128700,0.0,0.0
2026-07-13 00:00:00-04:00,5.519836912563421,5.5297823177086025,5.499945628027426,5.509891033172607,254200,0.0,0.0
2026-07-14 00:00:00-04:00,5.539728152216889,5.549673557281494,5.529782272906656,5.549673557281494,338200,0.0,0.0
2026-07-15 00:00:00-04:00,5.559619436591727,5.589456126031168,5.529782272906656,5.549673557281494,302100,0.0,0.0
2026-07-16 00:00:00-04:00,5.559619449092414,5.559619449092414,5.519836880253289,5.539728164672852,179200,0.0,0.0
2026-07-17 00:00:00-04:00,5.539728152216889,5.549673557281494,5.519836867842052,5.549673557281494,162500,0.0,0.0
2026-07-20 00:00:00-04:00,5.549673579682177,5.549673579682177,5.519836890122303,5.529782295227051,170300,0.0,0.0
2026-07-21 00:00:00-04:00,5.5198369251453,5.5198369251453,5.4899997611504805,5.499945640563965,215800,0.0,0.0
2026-07-22 00:00:00-04:00,5.499945650549706,5.509891055735614,5.480054365932256,5.489999771118164,159600,0.0,0.0
2026-07-23 00:00:00-04:00,5.480000019073486,5.480000019073486,5.420000076293945,5.449999809265137,237300,0.03,0.0
2026-07-24 00:00:00-04:00,5.449999809265137,5.449999809265137,5.360000133514404,5.380000114440918,242600,0.0,0.0
2026-07-27 00:00:00-04:00,5.440000057220459,5.460000038146973,5.329999923706055,5.380000114440918,334600,0.0,0.0
2026-07-28 00:00:00-04:00,5.380000114440918,5.400000095367432,5.349999904632568,5.369999885559082,209500,0.0,0.0
2026-07-29 00:00:00-04:00,5.380000114440918,5.420000076293945,5.360000133514404,5.360000133514404,309200,0.0,0.0
2026-07-30 00:00:00-04:00,5.369999885559082,5.409999847412109,5.320000171661377,5.400000095367432,452200,0.0,0.0
2026-07-31 00:00:00-04:00,5.380000114440918,5.409999847412109,5.340000152587891,5.369999885559082,573300,0.0,0.0
2026-08-03 00:00:00-04:00,5.380000114440918,5.400000095367432,5.349999904632568,5.369999885559082,227000,0.0,0.0
2026-08-04 00:00:00-04:00,5.380000114440918,5.400000095367432,5.369999885559082,5.389999866485596,245700,0.0,0.0
2026-08-05 00:00:00-04:00,5.380000114440918,5.400000095367432,5.360000133514404,5.369999885559082,228600,0.0,0.0
2026-08-06 00:00:00-04:00,5.380000114440918,5.420000076293945,5.369999885559082,5.389999866485596,376500,0.0,0.0
2026-08-07 00:00:00-04:00,5.429999828338623,5.46999979019165,5.409999847412109,5.440000057220459,311056,0.0,0.0
