Date,Open,High,Low,Close,Volume,Dividends,Stock Splits,Capital Gains
2022-09-08 00:00:00-04:00,19.315304377272945,19.461558206979912,19.289954556529384,19.381607055664062,306000,0.0,0.0,0.0
2022-09-09 00:00:00-04:00,20.084604263305664,20.084604263305664,20.084604263305664,20.084604263305664,303700,0.0,0.0,0.0
2022-09-12 00:00:00-04:00,20.236705866234104,20.236705866234104,20.20550537109375,20.20550537109375,100,0.0,0.0,0.0
2022-09-13 00:00:00-04:00,19.491785049438477,19.491785049438477,19.491785049438477,19.491785049438477,3700,0.0,0.0,0.0
2022-09-14 00:00:00-04:00,19.532739639282227,19.532739639282227,19.532739639282227,19.532739639282227,100,0.0,0.0,0.0
2022-09-15 00:00:00-04:00,19.397207260131836,19.397207260131836,19.397207260131836,19.397207260131836,100,0.0,0.0,0.0
2022-09-16 00:00:00-04:00,19.188552108455703,19.27923011779785,19.188552108455703,19.27923011779785,1300,0.0,0.0,0.0
2022-09-19 00:00:00-04:00,19.315303802490234,19.315303802490234,19.315303802490234,19.315303802490234,0,0.0,0.0,0.0
2022-09-20 00:00:00-04:00,19.01304629027968,19.023771286010742,19.003295786964614,19.023771286010742,600,0.0,0.0,0.0
2022-09-21 00:00:00-04:00,18.954544751930744,18.954544751930744,18.749787905836374,18.905792236328125,700,0.0,0.0,0.0
2022-09-22 00:00:00-04:00,18.535285047990683,18.58306121826172,18.535285047990683,18.58306121826172,300,0.0,0.0,0.0
2022-09-23 00:00:00-04:00,18.22327715704343,18.22327715704343,18.155025482177734,18.155025482177734,600,0.0,0.0,0.0
2022-09-26 00:00:00-04:00,17.91126718773898,17.916141510009766,17.91126718773898,17.916141510009766,300,0.0,0.0,0.0
2022-09-27 00:00:00-04:00,17.71918487548828,17.71918487548828,17.71918487548828,17.71918487548828,0,0.0,0.0,0.0
2022-09-28 00:00:00-04:00,18.077022631441423,18.161849975585938,18.077022631441423,18.161849975585938,300,0.0,0.0,0.0
2022-09-29 00:00:00-04:00,17.911264419555664,17.911264419555664,17.911264419555664,17.911264419555664,100,0.0,0.0,0.0
2022-09-30 00:00:00-04:00,17.920040130615234,17.920040130615234,17.920040130615234,17.920040130615234,0,0.0,0.0,0.0
2022-10-03 00:00:00-04:00,18.273977279663086,18.273977279663086,18.273977279663086,18.273977279663086,0,0.0,0.0,0.0
2022-10-04 00:00:00-04:00,18.779039849440313,18.98184585571289,18.779039849440313,18.98184585571289,300,0.0,0.0,0.0
2022-10-05 00:00:00-04:00,18.662037712926956,18.97404641529737,18.662037712926956,18.86679458618164,600,0.0,0.0,0.0
2022-10-06 00:00:00-04:00,18.642539557548375,18.749791392381105,18.619138717651367,18.619138717651367,600,0.0,0.0,0.0
2022-10-07 00:00:00-04:00,18.233025620890107,18.238874435424805,18.135522442117523,18.238874435424805,600,0.0,0.0,0.0
2022-10-10 00:00:00-04:00,18.067270278930664,18.067270278930664,18.067270278930664,18.067270278930664,100,0.0,0.0,0.0
2022-10-11 00:00:00-04:00,17.979516912471393,17.979516912471393,17.73575991149864,17.789386749267578,600,0.0,0.0,0.0
2022-10-12 00:00:00-04:00,17.70651131872411,17.940517855040277,17.70651131872411,17.795238494873047,700,0.0,0.0,0.0
2022-10-13 00:00:00-04:00,18.01851803531916,18.04776954650879,18.01851803531916,18.04776954650879,300,0.0,0.0,0.0
2022-10-14 00:00:00-04:00,18.106271016122896,18.106271016122896,17.80693817138672,17.80693817138672,200,0.0,0.0,0.0
2022-10-17 00:00:00-04:00,18.234973907470703,18.234973907470703,18.234973907470703,18.234973907470703,0,0.0,0.0,0.0
2022-10-18 00:00:00-04:00,18.301276029266926,18.337350845336914,18.301276029266926,18.337350845336914,100,0.0,0.0,0.0
2022-10-19 00:00:00-04:00,18.213526417151115,18.213526417151115,18.14332389831543,18.14332389831543,700,0.0,0.0,0.0
2022-10-20 00:00:00-04:00,18.088720321655273,18.088720321655273,18.088720321655273,18.088720321655273,0,0.0,0.0,0.0
2022-10-21 00:00:00-04:00,18.233024575907613,18.338327407836914,18.07702024269988,18.338327407836914,1100,0.0,0.0,0.0
2022-10-24 00:00:00-04:00,18.330529041028587,18.524560928344727,18.320780395780528,18.524560928344727,700,0.0,0.0,0.0
2022-10-25 00:00:00-04:00,18.808291381261313,18.876543045043945,18.798540877904028,18.876543045043945,500,0.0,0.0,0.0
2022-10-26 00:00:00-04:00,19.105674743652344,19.105674743652344,19.105674743652344,19.105674743652344,0,0.0,0.0,0.0
2022-10-27 00:00:00-04:00,19.06179777122966,19.06179777122966,18.94382095336914,18.94382095336914,300,0.0,0.0,0.0
2022-10-28 00:00:00-04:00,19.100797653198242,19.100797653198242,19.100797653198242,19.100797653198242,100,0.0,0.0,0.0
2022-10-31 00:00:00-04:00,18.96917152404785,18.96917152404785,18.96917152404785,18.96917152404785,0,0.0,0.0,0.0
2022-11-01 00:00:00-04:00,19.139801025390625,19.139801025390625,19.139801025390625,19.139801025390625,0,0.0,0.0,0.0
2022-11-02 00:00:00-04:00,18.886295318603516,18.886295318603516,18.886295318603516,18.886295318603516,100,0.0,0.0,0.0
2022-11-03 00:00:00-04:00,18.79854241182131,18.886295089478928,18.720540238316595,18.75856590270996,1800,0.0,0.0,0.0
2022-11-04 00:00:00-04:00,19.36113166809082,19.36113166809082,19.36113166809082,19.36113166809082,100,0.0,0.0,0.0
2022-11-07 00:00:00-05:00,19.522987365722656,19.522987365722656,19.522987365722656,19.522987365722656,100,0.0,0.0,0.0
2022-11-08 00:00:00-05:00,19.71506795500998,20.0173280117916,19.71506795500998,19.878873825073242,1100,0.0,0.0,0.0
2022-11-09 00:00:00-05:00,19.622440338134766,19.622440338134766,19.622440338134766,19.622440338134766,0,0.0,0.0,0.0
2022-11-10 00:00:00-05:00,20.58284302845446,20.789548873901367,20.58284302845446,20.789548873901367,1000,0.0,0.0,0.0
2022-11-11 00:00:00-05:00,20.836352038272423,21.177610397338867,20.836352038272423,21.177610397338867,3900,0.0,0.0,0.0
2022-11-14 00:00:00-05:00,21.1727352142334,21.1727352142334,21.1727352142334,21.1727352142334,100,0.0,0.0,0.0
2022-11-15 00:00:00-05:00,21.23611068725586,21.23611068725586,21.23611068725586,21.23611068725586,100,0.0,0.0,0.0
2022-11-16 00:00:00-05:00,21.103506088256836,21.103506088256836,21.103506088256836,21.103506088256836,0,0.0,0.0,0.0
2022-11-17 00:00:00-05:00,21.16298484802246,21.16298484802246,21.16298484802246,21.16298484802246,0,0.0,0.0,0.0
2022-11-18 00:00:00-05:00,21.20588493347168,21.20588493347168,21.20588493347168,21.20588493347168,100,0.0,0.0,0.0
2022-11-21 00:00:00-05:00,20.963103459943035,21.10643196105957,20.963103459943035,21.10643196105957,300,0.0,0.0,0.0
2022-11-22 00:00:00-05:00,21.2068609398443,21.36189079284668,21.2068609398443,21.36189079284668,300,0.0,0.0,0.0
2022-11-23 00:00:00-05:00,21.570545196533203,21.570545196533203,21.570545196533203,21.570545196533203,0,0.0,0.0,0.0
2022-11-25 00:00:00-05:00,21.57737140214291,21.684625090079148,21.5676227575292,21.681699752807617,6100,0.0,0.0,0.0
2022-11-28 00:00:00-05:00,21.65537271423824,21.65537271423824,21.39211654663086,21.39211654663086,400,0.0,0.0,0.0
2022-11-29 00:00:00-05:00,21.762626618536284,21.762626618536284,21.298513412475586,21.298513412475586,3500,0.0,0.0,0.0
2022-11-30 00:00:00-05:00,21.421366121706313,21.889381010730872,21.41161561779763,21.876705169677734,500,0.0,0.0,0.0
2022-12-01 00:00:00-05:00,22.298890533033962,22.298890533033962,21.96738087384908,22.138010025024414,3300,0.0,0.0,0.0
2022-12-02 00:00:00-05:00,22.123385741450672,22.123385741450672,21.982980728149414,21.982980728149414,500,0.0,0.0,0.0
2022-12-05 00:00:00-05:00,21.78212639520996,21.78212639520996,21.745075225830078,21.745075225830078,100,0.0,0.0,0.0
2022-12-06 00:00:00-05:00,21.63587362236644,21.63587362236644,21.582246780395508,21.582246780395508,500,0.0,0.0,0.0
2022-12-07 00:00:00-05:00,21.59687042236328,21.59687042236328,21.59687042236328,21.59687042236328,0,0.0,0.0,0.0
2022-12-08 00:00:00-05:00,21.72850118594784,21.764577865600586,21.72850118594784,21.764577865600586,200,0.0,0.0,0.0
2022-12-09 00:00:00-05:00,21.80162811279297,21.80162811279297,21.80162811279297,21.80162811279297,0,0.0,0.0,0.0
2022-12-12 00:00:00-05:00,21.96738304184782,22.002483367919922,21.96738304184782,22.002483367919922,500,0.0,0.0,0.0
2022-12-13 00:00:00-05:00,22.337892082981355,22.337892082981355,22.30376625061035,22.30376625061035,300,0.0,0.0,0.0
2022-12-14 00:00:00-05:00,22.52315022264284,22.66940407050886,22.4217472076416,22.4217472076416,600,0.0,0.0,0.0
2022-12-15 00:00:00-05:00,22.035635136581064,22.035635136581064,21.62514877319336,21.62514877319336,1300,0.0,0.0,0.0
2022-12-16 00:00:00-05:00,21.474992752075195,21.474992752075195,21.474992752075195,21.474992752075195,0,0.0,0.0,0.0
2022-12-19 00:00:00-05:00,21.30436134338379,21.30436134338379,21.30436134338379,21.30436134338379,100,0.0,0.0,0.0
2022-12-20 00:00:00-05:00,21.431115578033115,21.431115578033115,21.36481475830078,21.36481475830078,100,0.0,0.0,0.0
2022-12-21 00:00:00-05:00,21.4341131204832,21.712289810180664,21.4341131204832,21.712289810180664,800,0.023,0.0,0.0
2022-12-22 00:00:00-05:00,21.28770552920529,21.33650927355971,21.170580266099662,21.297466278076172,3400,0.0,0.0,0.0
2022-12-23 00:00:00-05:00,21.231096267700195,21.231096267700195,21.231096267700195,21.231096267700195,100,0.0,0.0,0.0
2022-12-27 00:00:00-05:00,21.473158189751206,21.473158189751206,21.299421310424805,21.299421310424805,100,0.0,0.0,0.0
2022-12-28 00:00:00-05:00,21.238902911314273,21.238902911314273,21.008554458618164,21.008554458618164,500,0.0,0.0,0.0
2022-12-29 00:00:00-05:00,21.36579132080078,21.36579132080078,21.36579132080078,21.36579132080078,100,0.0,0.0,0.0
2022-12-30 00:00:00-05:00,21.25842641972427,21.2740421295166,21.25842641972427,21.2740421295166,200,0.0,0.0,0.0
2023-01-03 00:00:00-05:00,21.57076308625738,21.57076308625738,21.287706935322504,21.460468292236328,1900,0.0,0.0,0.0
2023-01-04 00:00:00-05:00,21.677152633666992,21.677152633666992,21.677152633666992,21.677152633666992,100,0.0,0.0,0.0
2023-01-05 00:00:00-05:00,21.50243757366177,21.50243757366177,21.44094467163086,21.44094467163086,500,0.0,0.0,0.0
2023-01-06 00:00:00-05:00,22.258877958464073,22.258877958464073,22.01388931274414,22.01388931274414,400,0.0,0.0,0.0
2023-01-09 00:00:00-05:00,22.068550223286753,22.246191024780273,22.068550223286753,22.246191024780273,400,0.0,0.0,0.0
2023-01-10 00:00:00-05:00,22.2061710357666,22.2061710357666,22.2061710357666,22.2061710357666,100,0.0,0.0,0.0
2023-01-11 00:00:00-05:00,22.4209041595459,22.4209041595459,22.4209041595459,22.4209041595459,0,0.0,0.0,0.0
2023-01-12 00:00:00-05:00,22.59561558997876,22.685413360595703,22.59561558997876,22.685413360595703,167500,0.0,0.0,0.0
2023-01-13 00:00:00-05:00,22.86891217406133,22.86891217406133,22.83572599921967,22.855247497558594,2500,0.0,0.0,0.0
2023-01-17 00:00:00-05:00,23.11292548438764,23.200770365871563,22.41602325439453,22.41602325439453,600,0.0,0.0,0.0
2023-01-18 00:00:00-05:00,23.26421221252282,23.288615016215928,22.951875686645508,22.951875686645508,800,0.0,0.0,0.0
2023-01-19 00:00:00-05:00,22.790826941916865,23.034840074353507,22.790826941916865,22.977252960205078,900,0.0,0.0,0.0
2023-01-20 00:00:00-05:00,22.82986970713921,23.12268660400007,22.82986970713921,23.063146591186523,2000,0.0,0.0,0.0
2023-01-23 00:00:00-05:00,23.181249135550814,23.435023033698606,23.181249135550814,23.35303497314453,400,0.0,0.0,0.0
2023-01-24 00:00:00-05:00,23.250547409057617,23.250547409057617,23.250547409057617,23.250547409057617,100,0.0,0.0,0.0
2023-01-25 00:00:00-05:00,23.24273807751951,23.269091912219057,23.187103859084825,23.236881256103516,3000,0.0,0.0,0.0
2023-01-26 00:00:00-05:00,23.20077024002793,23.581430149945145,22.98603748126638,23.199792861938477,7600,0.0,0.0,0.0
2023-01-27 00:00:00-05:00,23.14220455861665,23.16172605598929,23.034840046412032,23.06509780883789,2400,0.0,0.0,0.0
2023-01-30 00:00:00-05:00,23.130492977525307,23.200769251671993,22.986036502058088,23.049480438232422,1100,0.0,0.0,0.0
2023-01-31 00:00:00-05:00,22.927475139073675,23.239811670324485,22.927475139073675,23.105117797851562,2300,0.0,0.0,0.0
2023-02-01 00:00:00-05:00,23.265188217163086,23.265188217163086,23.265188217163086,23.265188217163086,800,0.0,0.0,0.0
2023-02-02 00:00:00-05:00,23.345223950553574,23.81080217409074,23.345223950553574,23.385242462158203,10300,0.0,0.0,0.0
2023-02-03 00:00:00-05:00,23.317896466191897,23.542389983375497,23.308135716603687,23.446735382080078,1100,0.0,0.0,0.0
2023-02-06 00:00:00-05:00,22.8786722327085,23.033864974975586,22.8786722327085,23.033864974975586,300,0.0,0.0,0.0
2023-02-07 00:00:00-05:00,22.91771409806276,23.226146697998047,22.91771409806276,23.226146697998047,300,0.0,0.0,0.0
2023-02-08 00:00:00-05:00,23.054363051984193,23.054363051984193,23.01727294921875,23.01727294921875,300,0.0,0.0,0.0
2023-02-09 00:00:00-05:00,23.38621930707909,23.38621930707909,23.230051040649414,23.230051040649414,300,0.0,0.0,0.0
2023-02-10 00:00:00-05:00,23.166608810424805,23.166608810424805,23.166608810424805,23.166608810424805,200,0.0,0.0,0.0
2023-02-13 00:00:00-05:00,23.307159208377104,23.31399154663086,23.307159208377104,23.31399154663086,200,0.0,0.0,0.0
2023-02-14 00:00:00-05:00,23.395977491925287,23.99137010597074,23.329607009887695,23.329607009887695,2000,0.0,0.0,0.0
2023-02-15 00:00:00-05:00,23.278852879442415,23.309110641479492,23.278852879442415,23.309110641479492,300,0.0,0.0,0.0
2023-02-16 00:00:00-05:00,23.13244715308262,23.181249037967206,23.017272917549327,23.052410125732422,1000,0.0,0.0,0.0
2023-02-17 00:00:00-05:00,23.02508032693579,23.14123007665167,22.986037330445303,23.057289123535156,2900,0.0,0.0,0.0
2023-02-21 00:00:00-05:00,22.937236843621516,22.986038730534627,22.779115676879883,22.779115676879883,3900,0.0,0.0,0.0
2023-02-22 00:00:00-05:00,22.771306176426283,22.771306176426283,22.634659413604908,22.666868209838867,1000,0.0,0.0,0.0
2023-02-23 00:00:00-05:00,22.8103490805536,23.083642605095044,22.595616326502455,22.956756591796875,8500,0.0,0.0,0.0
2023-02-24 00:00:00-05:00,22.38088457254638,22.4287109375,22.273518199653996,22.4287109375,1900,0.0,0.0,0.0
2023-02-27 00:00:00-05:00,22.888432461981143,22.888432461981143,22.595615587400122,22.606351852416992,15100,0.0,0.0,0.0
2023-02-28 00:00:00-05:00,22.468729204121708,22.517531084903045,22.458968455630956,22.470680236816406,1000,0.0,0.0,0.0
2023-03-01 00:00:00-05:00,22.527292481075477,22.527292481075477,22.476537704467773,22.476537704467773,1900,0.0,0.0,0.0
2023-03-02 00:00:00-05:00,22.71274362115408,22.71274362115408,22.496059832702944,22.552671432495117,1000,0.0,0.0,0.0
2023-03-03 00:00:00-05:00,22.722503176752983,22.859149932861328,22.722503176752983,22.859149932861328,800,0.0,0.0,0.0
2023-03-06 00:00:00-05:00,22.8005879477164,22.88843282531794,22.8005879477164,22.865007400512695,500,0.0,0.0,0.0
2023-03-07 00:00:00-05:00,22.927474953985193,22.927474953985193,22.512653350830078,22.512653350830078,1000,0.0,0.0,0.0
2023-03-08 00:00:00-05:00,22.507772444512167,22.53412628173828,22.507772444512167,22.53412628173828,300,0.0,0.0,0.0
2023-03-09 00:00:00-05:00,22.605375174068794,22.605375174068794,22.339889526367188,22.339889526367188,700,0.0,0.0,0.0
2023-03-10 00:00:00-05:00,22.517530755463074,22.517530755463074,21.6732455709257,22.159318923950195,3500,0.0,0.0,0.0
2023-03-13 00:00:00-04:00,22.156394312083272,22.234478444021352,22.156394312083272,22.176891326904297,600,0.0,0.0,0.0
2023-03-14 00:00:00-04:00,22.410168555455034,22.410168555455034,22.40919303894043,22.40919303894043,100,0.0,0.0,0.0
2023-03-15 00:00:00-04:00,21.726930555568053,21.823558807373047,21.707409057255262,21.823558807373047,200,0.0,0.0,0.0
2023-03-16 00:00:00-04:00,22.18567524619136,22.31451416015625,22.18567524619136,22.31451416015625,200,0.0,0.0,0.0
2023-03-17 00:00:00-04:00,22.15639282052528,22.15639282052528,22.15443992614746,22.15443992614746,300,0.0,0.0,0.0
2023-03-20 00:00:00-04:00,22.524362983384137,22.580974578857422,22.524362983384137,22.580974578857422,700,0.0,0.0,0.0
2023-03-21 00:00:00-04:00,22.85719871520996,22.85719871520996,22.85719871520996,22.85719871520996,0,0.0,0.0,0.0
2023-03-22 00:00:00-04:00,22.888433705363017,22.924546429502225,22.74104881286621,22.74104881286621,300,0.0,0.0,0.0
2023-03-23 00:00:00-04:00,23.103166007959164,23.132448257291223,22.947973251342773,22.947973251342773,1000,0.0,0.0,0.0
2023-03-24 00:00:00-04:00,22.771307157810742,22.87867353989619,22.771307157810742,22.843534469604492,1800,0.0,0.0,0.0
2023-03-27 00:00:00-04:00,23.022153854370117,23.022153854370117,23.022153854370117,23.022153854370117,100,0.0,0.0,0.0
2023-03-28 00:00:00-04:00,22.986038208007812,22.986038208007812,22.986038208007812,22.986038208007812,0,0.0,0.0,0.0
2023-03-29 00:00:00-04:00,23.259331811699226,23.747358078719078,23.259331811699226,23.295446395874023,5000,0.0,0.0,0.0
2023-03-30 00:00:00-04:00,23.552146911621094,23.552146911621094,23.552146911621094,23.552146911621094,0,0.0,0.0,0.0
2023-03-31 00:00:00-04:00,23.72783853403244,23.72783853403244,23.591191763756072,23.683916091918945,600,0.0,0.0,0.0
2023-04-03 00:00:00-04:00,23.786402196473475,23.786402196473475,23.610712434185643,23.70246124267578,500,0.0,0.0,0.0
2023-04-04 00:00:00-04:00,23.63023165680897,23.71807653641345,23.63023165680897,23.698556900024414,400,0.0,0.0,0.0
2023-04-05 00:00:00-04:00,23.47406322744837,23.54726791381836,23.47406322744837,23.54726791381836,500,0.0,0.0,0.0
2023-04-06 00:00:00-04:00,23.33741814366748,23.67903693517434,23.33741814366748,23.527748107910156,9800,0.0,0.0,0.0
2023-04-10 00:00:00-04:00,23.405740935127987,23.46918487548828,23.405740935127987,23.46918487548828,400,0.0,0.0,0.0
2023-04-11 00:00:00-04:00,23.5960693359375,23.5960693359375,23.5960693359375,23.5960693359375,0,0.0,0.0,0.0
2023-04-12 00:00:00-04:00,23.831300735473633,23.831300735473633,23.831300735473633,23.831300735473633,100,0.0,0.0,0.0
2023-04-13 00:00:00-04:00,23.96209010427663,24.18658361264095,23.96209010427663,24.134851455688477,2200,0.0,0.0,0.0
2023-04-14 00:00:00-04:00,24.069456515102544,24.22562477923629,24.006012576025533,24.099714279174805,2100,0.0,0.0,0.0
2023-04-17 00:00:00-04:00,24.0528621673584,24.0528621673584,24.0528621673584,24.0528621673584,100,0.0,0.0,0.0
2023-04-18 00:00:00-04:00,24.10654572656963,24.188533782958984,24.10654572656963,24.188533782958984,700,0.0,0.0,0.0
2023-04-19 00:00:00-04:00,24.106545138862128,24.147539166057385,24.059694290161133,24.059694290161133,2000,0.0,0.0,0.0
2023-04-20 00:00:00-04:00,24.149492263793945,24.149492263793945,24.149492263793945,24.149492263793945,0,0.0,0.0,0.0
2023-04-21 00:00:00-04:00,24.420835279565072,24.42864313402679,24.30370815427683,24.40131378173828,2000,0.0,0.0,0.0
2023-04-24 00:00:00-04:00,24.489161424611947,24.489161424611947,24.352514647744783,24.391555786132812,2500,0.0,0.0,0.0
2023-04-25 00:00:00-04:00,24.33299219854408,24.71365212592411,24.11825942993164,24.11825942993164,3200,0.0,0.0,0.0
2023-04-26 00:00:00-04:00,24.186583412292862,24.186583412292862,24.124114990234375,24.124114990234375,500,0.0,0.0,0.0
2023-04-27 00:00:00-04:00,24.42083632550173,24.42864418029785,24.42083632550173,24.42864418029785,600,0.0,0.0,0.0
2023-04-28 00:00:00-04:00,24.393505096435547,24.393505096435547,24.393505096435547,24.393505096435547,0,0.0,0.0,0.0
2023-05-01 00:00:00-04:00,24.606284574600085,24.606284574600085,24.43352508544922,24.43352508544922,2800,0.0,0.0,0.0
2023-05-02 00:00:00-04:00,24.362270415189712,24.362270415189712,24.318349838256836,24.318349838256836,100,0.0,0.0,0.0
2023-05-03 00:00:00-04:00,24.518442172354394,24.518442172354394,24.448165893554688,24.448165893554688,300,0.0,0.0,0.0
2023-05-04 00:00:00-04:00,24.382769892505134,24.420835510456527,24.35055923461914,24.35055923461914,1500,0.0,0.0,0.0
2023-05-05 00:00:00-04:00,24.450116383549734,24.72341177614312,24.37203225161913,24.69022560119629,7000,0.0,0.0,0.0
2023-05-08 00:00:00-04:00,24.64532662881936,24.71267449235655,24.601404190063477,24.601404190063477,1400,0.0,0.0,0.0
2023-05-09 00:00:00-04:00,24.45109362756024,24.477445602416992,24.45109362756024,24.477445602416992,300,0.0,0.0,0.0
2023-05-10 00:00:00-04:00,24.450115849704265,24.684370102053904,24.420835464414942,24.50868034362793,22600,0.0,0.0,0.0
2023-05-11 00:00:00-04:00,24.391554720430644,24.518442603411415,24.342752834159654,24.46085548400879,5900,0.0,0.0,0.0
2023-05-12 00:00:00-04:00,24.46963992458158,24.46963992458158,24.391555786132812,24.391555786132812,1300,0.0,0.0,0.0
2023-05-15 00:00:00-04:00,24.567244403238107,25.14214007878442,24.567244403238107,24.62775993347168,6300,0.0,0.0,0.0
2023-05-16 00:00:00-04:00,24.58676404165459,24.58676404165459,24.440356532764078,24.495990753173828,10400,0.0,0.0,0.0
2023-05-17 00:00:00-04:00,24.386675850877047,24.625807705579085,24.386675850877047,24.56334114074707,14000,0.0,0.0,0.0
2023-05-18 00:00:00-04:00,24.655087578758838,24.66484832763672,24.537960453896776,24.66484832763672,3800,0.0,0.0,0.0
2023-05-19 00:00:00-04:00,24.772213381455636,24.91862275613995,24.772213381455636,24.846393585205078,3600,0.0,0.0,0.0
2023-05-22 00:00:00-04:00,24.811257851480846,24.86005973815918,24.80149710181065,24.86005973815918,800,0.0,0.0,0.0
2023-05-23 00:00:00-04:00,24.44035767485469,24.450116562453935,24.25978660583496,24.25978660583496,800,0.0,0.0,0.0
2023-05-24 00:00:00-04:00,24.001133597096366,24.040174733049657,23.971851348876953,23.971851348876953,2900,0.0,0.0,0.0
2023-05-25 00:00:00-04:00,24.098738071630144,24.225624084472656,24.098738071630144,24.225624084472656,500,0.0,0.0,0.0
2023-05-26 00:00:00-04:00,24.49110984802246,24.49110984802246,24.49110984802246,24.49110984802246,100,0.0,0.0,0.0
2023-05-30 00:00:00-04:00,24.2861385345459,24.2861385345459,24.2861385345459,24.2861385345459,100,0.0,0.0,0.0
2023-05-31 00:00:00-04:00,24.22562496413242,24.22562496413242,24.06945669880676,24.128019332885742,700,0.0,0.0,0.0
2023-06-01 00:00:00-04:00,24.10850045181626,24.337871551513672,24.10850045181626,24.337871551513672,200,0.0,0.0,0.0
2023-06-02 00:00:00-04:00,24.537961924976848,24.62580680847168,24.537961924976848,24.62580680847168,300,0.0,0.0,0.0
2023-06-05 00:00:00-04:00,24.479398265934805,24.528200149536133,24.479398265934805,24.528200149536133,3600,0.0,0.0,0.0
2023-06-06 00:00:00-04:00,24.537960054546577,24.617021560668945,24.537960054546577,24.617021560668945,900,0.0,0.0,0.0
2023-06-07 00:00:00-04:00,24.420834847669234,24.420834847669234,24.36227035522461,24.36227035522461,900,0.0,0.0,0.0
2023-06-08 00:00:00-04:00,24.245145507983676,24.512584070698924,24.10849874662278,24.497943878173828,3700,0.0,0.0,0.0
2023-06-09 00:00:00-04:00,24.479398281050926,24.596525408107976,24.479398281050926,24.536985397338867,1900,0.0,0.0,0.0
2023-06-12 00:00:00-04:00,24.72829015726773,24.72829015726773,24.67460883148122,24.706817626953125,3000,0.0,0.0,0.0
2023-06-13 00:00:00-04:00,24.98694548953771,24.98694548953771,24.918622109350455,24.919597625732422,4600,0.0,0.0,0.0
2023-06-14 00:00:00-04:00,25.035747973973063,25.05526947211662,24.978160857620338,25.030868530273438,10100,0.0,0.0,0.0
2023-06-15 00:00:00-04:00,25.123591518907073,25.62137852508076,25.097237683980936,25.203628540039062,13400,0.0,0.0,0.0
2023-06-16 00:00:00-04:00,25.15287483892806,25.15287483892806,25.11676025390625,25.11676025390625,6500,0.0,0.0,0.0
2023-06-20 00:00:00-04:00,25.601860216873295,25.601860216873295,24.771239586770363,24.791736602783203,23900,0.0,0.0,0.0
2023-06-21 00:00:00-04:00,24.726341442943173,24.86005980426789,24.66094646781887,24.789785385131836,7200,0.0,0.0,0.0
2023-06-22 00:00:00-04:00,24.709747083364014,24.752694007483026,24.709747083364014,24.734148025512695,900,0.0,0.0,0.0
2023-06-23 00:00:00-04:00,24.401314012268152,24.44035700829059,24.401314012268152,24.40326690673828,16500,0.0,0.0,0.0
2023-06-26 00:00:00-04:00,24.469637779384627,24.469637779384627,24.41595458984375,24.41595458984375,100,0.0,0.0,0.0
2023-06-27 00:00:00-04:00,24.684370056101876,24.684370056101876,24.64044761657715,24.64044761657715,5800,0.0,0.0,0.0
2023-06-28 00:00:00-04:00,24.61604456768852,24.684369809790493,24.598475964388438,24.629709243774414,39800,0.0,0.0,0.0
2023-06-29 00:00:00-04:00,24.53308271376871,24.577005155932714,24.53308271376871,24.57505226135254,6800,0.0,0.0,0.0
2023-06-30 00:00:00-04:00,24.908861175128525,24.9420473485932,24.891292572021484,24.891292572021484,300,0.0,0.0,0.0
2023-07-03 00:00:00-04:00,24.824922561645508,24.824922561645508,24.824922561645508,24.824922561645508,100,0.0,0.0,0.0
2023-07-05 00:00:00-04:00,24.58676493792961,24.75269395050022,24.43352508544922,24.43352508544922,3500,0.0,0.0,0.0
2023-07-06 00:00:00-04:00,23.947450422198283,24.010894362546438,23.929881817923935,23.954282760620117,1700,0.0,0.0,0.0
2023-07-07 00:00:00-04:00,24.040173438387885,24.176822061046792,23.95233042180554,24.0655517578125,1300,0.0,0.0,0.0
2023-07-10 00:00:00-04:00,24.069455225275494,24.137778604463644,24.04993372788675,24.11435317993164,3200,0.0,0.0,0.0
2023-07-11 00:00:00-04:00,24.26466814287028,24.26466814287028,24.167062510893228,24.23538589477539,10800,0.0,0.0,0.0
2023-07-12 00:00:00-04:00,24.72341177491561,24.752694022515342,24.70389027651579,24.74293327331543,1300,0.0,0.0,0.0
2023-07-13 00:00:00-04:00,25.13335395588552,25.15775489807129,25.093335442631137,25.15775489807129,700,0.0,0.0,0.0
2023-07-14 00:00:00-04:00,25.19094024108818,25.20167650636154,25.149946212768555,25.149946212768555,4300,0.0,0.0,0.0
2023-07-17 00:00:00-04:00,25.245599131199754,25.367605700669117,25.221198189640383,25.230958938598633,1400,0.0,0.0,0.0
2023-07-18 00:00:00-04:00,25.11383118506949,25.279760189867442,25.11383118506949,25.23388671875,32300,0.0,0.0,0.0
2023-07-19 00:00:00-04:00,25.132379572042222,25.132379572042222,24.947904568525658,24.9918270111084,15900,0.0,0.0,0.0
2023-07-20 00:00:00-04:00,24.791734094027145,24.8014948428083,24.690224540710112,24.733171463012695,2900,0.0,0.0,0.0
2023-07-21 00:00:00-04:00,24.781975405360328,24.83077915332313,24.781975405360328,24.822969436645508,2800,0.0,0.0,0.0
2023-07-24 00:00:00-04:00,24.746835723203247,24.78002189616712,24.694128053005045,24.729267120361328,800,0.0,0.0,0.0
2023-07-25 00:00:00-04:00,24.69510688981397,24.774166538109004,24.69510688981397,24.760501861572266,2100,0.0,0.0,0.0
2023-07-26 00:00:00-04:00,24.674609892428208,24.76245477356139,24.657039426863527,24.66387176513672,4200,0.0,0.0,0.0
2023-07-27 00:00:00-04:00,25.00646749724526,25.00646749724526,24.686321258544922,24.686321258544922,3200,0.0,0.0,0.0
2023-07-28 00:00:00-04:00,24.97718620300293,25.006468451228592,24.90886281881565,24.97718620300293,2800,0.0,0.0,0.0
2023-07-31 00:00:00-04:00,24.91862212469204,24.996706253764476,24.91862212469204,24.928382873535156,2300,0.0,0.0,0.0
2023-08-01 00:00:00-04:00,24.78197334524599,24.78197334524599,24.637518731298847,24.733171463012695,2500,0.0,0.0,0.0
2023-08-02 00:00:00-04:00,24.40131405891142,24.40131405891142,24.196343914419376,24.218791961669922,8300,0.0,0.0,0.0
2023-08-03 00:00:00-04:00,24.059694519339455,24.076287605982134,24.008939743041992,24.008939743041992,17000,0.0,0.0,0.0
2023-08-04 00:00:00-04:00,24.2841857355322,24.2841857355322,24.031389236450195,24.031389236450195,200,0.0,0.0,0.0
2023-08-07 00:00:00-04:00,24.215863719526514,24.307612526986883,24.215863719526514,24.291019439697266,1000,0.0,0.0,0.0
2023-08-08 00:00:00-04:00,24.39155371071631,24.39155371071631,24.19634431204063,24.319326400756836,1700,0.0,0.0,0.0
2023-08-09 00:00:00-04:00,24.36227126393939,24.36227126393939,24.196344114174583,24.229528427124023,4600,0.0,0.0,0.0
2023-08-10 00:00:00-04:00,24.469637875195737,24.52332106494681,24.231481552124023,24.231481552124023,2100,0.0,0.0,0.0
2023-08-11 00:00:00-04:00,23.942570546833917,24.045055621314457,23.942570546833917,23.994300842285156,1300,0.0,0.0,0.0
2023-08-14 00:00:00-04:00,23.864487884465852,23.981613159179688,23.864487884465852,23.981613159179688,200,0.0,0.0,0.0
2023-08-15 00:00:00-04:00,23.674153005915656,23.69757843017578,23.674153005915656,23.69757843017578,400,0.0,0.0,0.0
2023-08-16 00:00:00-04:00,23.79518602100757,23.79518602100757,23.565813064575195,23.565813064575195,600,0.0,0.0,0.0
2023-08-17 00:00:00-04:00,23.54238753158404,23.54238753158404,23.19491195678711,23.19491195678711,5400,0.0,0.0,0.0
2023-08-18 00:00:00-04:00,23.169536590576172,23.169536590576172,23.169536590576172,23.169536590576172,200,0.0,0.0,0.0
2023-08-21 00:00:00-04:00,23.132446213612738,23.270068491467804,23.132446213612738,23.24664306640625,1400,0.0,0.0,0.0
2023-08-22 00:00:00-04:00,23.293494579284662,23.293494579284662,23.23493194580078,23.23493194580078,700,0.0,0.0,0.0
2023-08-23 00:00:00-04:00,23.591188888769036,23.591188888769036,23.542387008666992,23.542387008666992,1400,0.0,0.0,0.0
2023-08-24 00:00:00-04:00,23.395979669657542,23.395979669657542,23.191009521484375,23.191009521484375,2200,0.0,0.0,0.0
2023-08-25 00:00:00-04:00,23.327657302606596,23.366700301104757,23.18124978158375,23.279830932617188,1300,0.0,0.0,0.0
2023-08-28 00:00:00-04:00,23.46430455476634,23.552147572872236,23.454543805716234,23.540435791015625,3400,0.0,0.0,0.0
2023-08-29 00:00:00-04:00,23.644873848801627,23.80592155456543,23.644873848801627,23.80592155456543,1600,0.0,0.0,0.0
2023-08-30 00:00:00-04:00,23.776642062651447,23.776642062651447,23.74345588684082,23.74345588684082,1000,0.0,0.0,0.0
2023-08-31 00:00:00-04:00,23.581430435180664,23.737598700711192,23.469184610685133,23.581430435180664,7800,0.0,0.0,0.0
2023-09-01 00:00:00-04:00,23.893766747906785,23.893766747906785,23.54238908451018,23.5882625579834,3400,0.0,0.0,0.0
2023-09-05 00:00:00-04:00,23.522868050388208,23.561909186348423,23.478945608887592,23.486753463745117,1600,0.0,0.0,0.0
2023-09-06 00:00:00-04:00,23.4740631025415,23.483823851450396,23.342297646452657,23.343273162841797,2400,0.0,0.0,0.0
2023-09-07 00:00:00-04:00,23.29837563809753,23.29837563809753,23.250547409057617,23.250547409057617,1500,0.0,0.0,0.0
2023-09-08 00:00:00-04:00,23.233955182059297,23.34717651560614,23.19686508178711,23.19686508178711,3800,0.0,0.0,0.0
2023-09-11 00:00:00-04:00,23.298375606096254,23.45454386796738,23.294469817127826,23.39109992980957,8600,0.0,0.0,0.0
2023-09-12 00:00:00-04:00,23.24664371163633,23.288615119303127,23.21541043124485,23.278854370117188,12200,0.0,0.0,0.0
2023-09-13 00:00:00-04:00,23.04460101008132,23.15196552328754,23.04460101008132,23.058265686035156,37900,0.0,0.0,0.0
2023-09-14 00:00:00-04:00,23.284709914904468,23.294468801882626,23.228098317399922,23.275924682617188,1700,0.0,0.0,0.0
2023-09-15 00:00:00-04:00,23.147087050337543,23.308134757736152,23.147087050337543,23.199792861938477,5400,0.0,0.0,0.0
2023-09-18 00:00:00-04:00,23.05924160251571,23.05924160251571,23.022151501187103,23.02703094482422,3400,0.0,0.0,0.0
2023-09-19 00:00:00-04:00,22.98603676127219,22.98603676127219,22.91771338077818,22.93723487854004,3000,0.0,0.0,0.0
2023-09-20 00:00:00-04:00,23.093402529891847,23.093402529891847,22.852317810058594,22.852317810058594,1800,0.0,0.0,0.0
2023-09-21 00:00:00-04:00,22.615138844753666,22.663940730145672,22.449209828079223,22.463850021362305,7100,0.0,0.0,0.0
2023-09-22 00:00:00-04:00,22.59659352633599,22.59659352633599,22.458971237416957,22.478492736816406,4300,0.0,0.0,0.0
2023-09-25 00:00:00-04:00,22.41016664899811,22.41016664899811,22.3613647640012,22.382837295532227,300,0.0,0.0,0.0
2023-09-26 00:00:00-04:00,22.312561101914405,22.312561101914405,22.059762740816602,22.09294891357422,6500,0.0,0.0,0.0
2023-09-27 00:00:00-04:00,22.234479076519108,22.234479076519108,22.064646131264404,22.17396354675293,5500,0.0,0.0,0.0
2023-09-28 00:00:00-04:00,22.332082532844197,22.40040777823302,22.302802146492997,22.33891487121582,1800,0.0,0.0,0.0
2023-09-29 00:00:00-04:00,22.517531760592128,22.517531760592128,22.36233901977539,22.36233901977539,4400,0.0,0.0,0.0
2023-10-02 00:00:00-04:00,22.09685410162573,22.139801025390625,22.09685410162573,22.139801025390625,500,0.0,0.0,0.0
2023-10-03 00:00:00-04:00,21.94166253130309,21.961184030576145,21.866506806941725,21.868459701538086,2100,0.0,0.0,0.0
2023-10-04 00:00:00-04:00,22.078311223384624,22.151514053344727,22.078311223384624,22.151514053344727,600,0.0,0.0,0.0
2023-10-05 00:00:00-04:00,22.260829955942164,22.293040613803743,22.214956483490013,22.278400421142578,2200,0.0,0.0,0.0
2023-10-06 00:00:00-04:00,22.49801176046171,22.507772509895016,22.437498092651367,22.437498092651367,12800,0.0,0.0,0.0
2023-10-09 00:00:00-04:00,22.273521386460533,22.36136627472781,22.273521386460533,22.335012435913086,4200,0.0,0.0,0.0
2023-10-10 00:00:00-04:00,22.7322650419458,22.77130617632065,22.656131944322446,22.693222045898438,12500,0.0,0.0,0.0
2023-10-11 00:00:00-04:00,22.849389399304087,22.898191280752663,22.820107153431476,22.852317810058594,5300,0.0,0.0,0.0
2023-10-12 00:00:00-04:00,22.805468898177445,22.805468898177445,22.790828704833984,22.790828704833984,1100,0.0,0.0,0.0
2023-10-13 00:00:00-04:00,22.781066940946637,22.781066940946637,22.62294578552246,22.62294578552246,1800,0.0,0.0,0.0
2023-10-16 00:00:00-04:00,22.703959586791864,22.76154670602614,22.683462571217255,22.722505569458008,6100,0.0,0.0,0.0
2023-10-17 00:00:00-04:00,22.634661313614895,22.81815894242757,22.634661313614895,22.71957778930664,11300,0.0,0.0,0.0
2023-10-18 00:00:00-04:00,22.50582045858845,22.50582045858845,22.25009367535661,22.269615173339844,6400,0.0,0.0,0.0
2023-10-19 00:00:00-04:00,22.351604363200256,22.351604363200256,22.10271176715885,22.156394958496094,6100,0.0,0.0,0.0
2023-10-20 00:00:00-04:00,22.009984184041716,22.009984184041716,21.92311668395996,21.92311668395996,1300,0.0,0.0,0.0
2023-10-23 00:00:00-04:00,21.824535510359908,22.01974490243177,21.824535510359908,21.931900024414062,7300,0.0,0.0,0.0
2023-10-24 00:00:00-04:00,22.107589952109507,22.107589952109507,22.083189010620117,22.083189010620117,1700,0.0,0.0,0.0
2023-10-25 00:00:00-04:00,21.805015064651506,22.08806934839726,21.805015064651506,22.020723342895508,2300,0.0,0.0,0.0
2023-10-26 00:00:00-04:00,21.7854927893827,21.922139551721646,21.775732040405273,21.775732040405273,5700,0.0,0.0,0.0
2023-10-27 00:00:00-04:00,21.844056168297573,21.844056168297573,21.570762634277344,21.570762634277344,7500,0.0,0.0,0.0
2023-10-30 00:00:00-04:00,21.94166244420039,22.127112963212955,21.912382057079675,22.035364151000977,3100,0.0,0.0,0.0
2023-10-31 00:00:00-04:00,22.01974591732842,22.175914182852747,21.863577651804093,22.073429107666016,5700,0.0,0.0,0.0
2023-11-01 00:00:00-04:00,22.117353183356872,22.2637607103976,22.078312044926612,22.2120304107666,5100,0.0,0.0,0.0
2023-11-02 00:00:00-04:00,22.790829085470005,22.88843471995929,22.712744950213107,22.856224060058594,4700,0.0,0.0,0.0
2023-11-03 00:00:00-04:00,22.907952999896224,23.142205391784127,22.88843336349329,23.125614166259766,3300,0.0,0.0,0.0
2023-11-06 00:00:00-05:00,23.10316492290413,23.10316492290413,22.982133865356445,22.982133865356445,2500,0.0,0.0,0.0
2023-11-07 00:00:00-05:00,22.864030222625388,22.927474159598027,22.864030222625388,22.875743865966797,4600,0.0,0.0,0.0
2023-11-08 00:00:00-05:00,22.98603910060396,22.98603910060396,22.93723721290515,22.976280212402344,1400,0.0,0.0,0.0
2023-11-09 00:00:00-05:00,23.151966389890198,23.171487888175665,22.951875686645508,22.951875686645508,6100,0.0,0.0,0.0
2023-11-10 00:00:00-05:00,23.00555738459718,23.034839630126953,23.00555738459718,23.034839630126953,72100,0.0,0.0,0.0
2023-11-13 00:00:00-05:00,22.849392670321553,23.087549013493707,22.849392670321553,23.050458908081055,3400,0.0,0.0,0.0
2023-11-14 00:00:00-05:00,23.47894577067908,23.659514981793627,23.47894577067908,23.638042449951172,6500,0.0,0.0,0.0
2023-11-15 00:00:00-05:00,23.659514980436988,23.771760806889468,23.659514980436988,23.664396286010742,8400,0.0,0.0,0.0
2023-11-16 00:00:00-05:00,23.80592244934221,23.80592244934221,23.74345588684082,23.74345588684082,3700,0.0,0.0,0.0
2023-11-17 00:00:00-05:00,23.893767014357373,24.03041564322619,23.893767014357373,24.013822555541992,1200,0.0,0.0,0.0
2023-11-20 00:00:00-05:00,24.059694077536577,24.17682119825397,24.059694077536577,24.119234085083008,35700,0.0,0.0,0.0
2023-11-21 00:00:00-05:00,24.129972058265714,24.254907041984982,24.100689810595203,24.10849952697754,3200,0.0,0.0,0.0
2023-11-22 00:00:00-05:00,24.10557001057034,24.2549059296636,24.10557001057034,24.177797317504883,15400,0.0,0.0,0.0
2023-11-24 00:00:00-05:00,24.235383989453346,24.2880916595459,24.206101743660547,24.2880916595459,500,0.0,0.0,0.0
2023-11-27 00:00:00-05:00,24.147539969689962,24.206102601678953,24.129971366260513,24.18170166015625,2900,0.0,0.0,0.0
2023-11-28 00:00:00-05:00,24.10654640197754,24.10654640197754,24.10654640197754,24.10654640197754,400,0.0,0.0,0.0
2023-11-29 00:00:00-05:00,24.27442829150871,24.32323017545323,24.137779665453483,24.203176498413086,8300,0.0,0.0,0.0
2023-11-30 00:00:00-05:00,24.137780493614866,24.215864627608667,24.118258994698262,24.21098518371582,9400,0.0,0.0,0.0
2023-12-01 00:00:00-05:00,24.316396713256836,24.316396713256836,24.316396713256836,24.316396713256836,100,0.0,0.0,0.0
2023-12-04 00:00:00-05:00,24.22562643812512,24.22562643812512,24.128020800939684,24.220746994018555,5000,0.0,0.0,0.0
2023-12-05 00:00:00-05:00,24.22562497736764,24.22562497736764,24.189512252807617,24.189512252807617,2000,0.0,0.0,0.0
2023-12-06 00:00:00-05:00,24.149492849101648,24.225624084472656,24.149492849101648,24.225624084472656,500,0.0,0.0,0.0
2023-12-07 00:00:00-05:00,24.302734576236098,24.34275309147108,24.279309149310073,24.28711700439453,6300,0.0,0.0,0.0
2023-12-08 00:00:00-05:00,24.254905814285838,24.450115203857422,24.254905814285838,24.450115203857422,17500,0.0,0.0,0.0
2023-12-11 00:00:00-05:00,24.45987782569615,24.579933368756866,24.401315190507262,24.537961959838867,9400,0.0,0.0,0.0
2023-12-12 00:00:00-05:00,24.528200579146883,24.592620034698655,24.49989570956306,24.567243576049805,4400,0.0,0.0,0.0
2023-12-13 00:00:00-05:00,24.586765586044375,24.84541893005371,24.586765586044375,24.84541893005371,1000,0.0,0.0,0.0
2023-12-14 00:00:00-05:00,25.067958984026255,25.182155840257053,25.04550907467872,25.15775489807129,3700,0.0,0.0,0.0
2023-12-15 00:00:00-05:00,25.22607684287083,25.22607684287083,25.055268395634695,25.06502914428711,2300,0.0,0.0,0.0
2023-12-18 00:00:00-05:00,25.14311430577035,25.14311430577035,25.0650301750125,25.083574295043945,6200,0.0,0.0,0.0
2023-12-19 00:00:00-05:00,25.255361125731326,25.31685217169573,25.255361125731326,25.269025802612305,700,0.0,0.0,0.0
2023-12-20 00:00:00-05:00,25.30416271228392,25.36760665205569,24.984018325805664,24.984018325805664,3000,0.0,0.0,0.0
2023-12-21 00:00:00-05:00,25.330868672578788,25.454672995816704,25.203132446977065,25.451725006103516,2600,0.17,0.0,0.0
2023-12-22 00:00:00-05:00,25.513627176177238,25.513627176177238,25.415368973555506,25.466463088989258,1400,0.0,0.0,0.0
2023-12-26 00:00:00-05:00,25.55686080922518,25.775975341760244,25.44877660073052,25.714073181152344,6700,0.0,0.0,0.0
2023-12-27 00:00:00-05:00,25.78285191726164,25.78285191726164,25.767131805419922,25.767131805419922,500,0.0,0.0,0.0
2023-12-28 00:00:00-05:00,25.871285561807422,25.871285561807422,25.728811264038086,25.728811264038086,1900,0.0,0.0,0.0
2023-12-29 00:00:00-05:00,26.04814854012075,26.04814854012075,25.65511763142552,25.71603775024414,13700,0.0,0.0,0.0
2024-01-02 00:00:00-05:00,25.340693672053167,25.43894999661381,25.27191162109375,25.27191162109375,8200,0.0,0.0,0.0
2024-01-03 00:00:00-05:00,25.045918405556662,25.045918405556662,24.883793975076117,24.961416244506836,42300,0.0,0.0,0.0
2024-01-04 00:00:00-05:00,25.045918883844557,25.045918883844557,25.02921485900879,25.02921485900879,300,0.0,0.0,0.0
2024-01-05 00:00:00-05:00,24.947662353515625,25.021356475415935,24.92309827092198,24.947662353515625,2100,0.0,0.0,0.0
2024-01-08 00:00:00-05:00,24.95748805820332,25.232610652620444,24.95748805820332,25.20313262939453,10800,0.0,0.0,0.0
2024-01-09 00:00:00-05:00,24.96731316466882,24.98696517944336,24.95748715728155,24.98696517944336,2100,0.0,0.0,0.0
2024-01-10 00:00:00-05:00,25.232610525262,25.25619256889983,25.168742412321233,25.19527244567871,9600,0.0,0.0,0.0
2024-01-11 00:00:00-05:00,25.252261946100614,25.291564101825433,25.10487370830448,25.22966194152832,2800,0.0,0.0,0.0
2024-01-12 00:00:00-05:00,25.429123147603352,25.488079189331344,25.354448868162454,25.481201171875,2400,0.0,0.0,0.0
2024-01-16 00:00:00-05:00,25.095049326395962,25.1540034964589,24.898532927360478,24.9427490234375,2300,0.0,0.0,0.0
2024-01-17 00:00:00-05:00,24.534977860608954,24.643062066209456,24.500587772303202,24.641096115112305,8700,0.0,0.0,0.0
2024-01-18 00:00:00-05:00,24.81992745866333,25.055746019838075,24.81992745866333,25.01152992248535,4700,0.0,0.0,0.0
2024-01-19 00:00:00-05:00,24.94766068872756,25.134351077396058,24.94766068872756,25.12452507019043,3100,0.0,0.0,0.0
2024-01-22 00:00:00-05:00,25.085222560947965,25.233590957181782,25.085222560947965,25.145158767700195,11800,0.0,0.0,0.0
2024-01-23 00:00:00-05:00,24.97222730092463,25.06557156065553,24.967313360132884,25.05377960205078,12800,0.0,0.0,0.0
2024-01-24 00:00:00-05:00,25.320057787192553,25.41929989864977,25.286651611328125,25.286651611328125,4000,0.0,0.0,0.0
2024-01-25 00:00:00-05:00,25.330867245639386,25.424211502075195,25.321041238522056,25.424211502075195,1000,0.0,0.0,0.0
2024-01-26 00:00:00-05:00,25.527382854771346,25.596163033407993,25.468428683671267,25.582406997680664,7100,0.0,0.0,0.0
2024-01-29 00:00:00-05:00,25.497907471716264,25.684595998157373,25.468429448221652,25.680665969848633,4200,0.0,0.0,0.0
2024-01-30 00:00:00-05:00,25.665927699118193,25.714073825241417,25.62072956273385,25.70916175842285,7700,0.0,0.0,0.0
2024-01-31 00:00:00-05:00,25.773027830307246,25.782853837999923,25.58339131678461,25.591251373291016,5500,0.0,0.0,0.0
2024-02-01 00:00:00-05:00,25.723899364837823,25.94989191676596,25.723899364837823,25.942031860351562,1400,0.0,0.0,0.0
2024-02-02 00:00:00-05:00,25.684594564654773,25.6944205719379,25.571598292077663,25.653152465820312,3500,0.0,0.0,0.0
2024-02-05 00:00:00-05:00,25.605988271306654,26.166057565221717,25.605988271306654,25.674768447875977,27100,0.0,0.0,0.0
2024-02-06 00:00:00-05:00,25.72390002623713,25.775976181030273,25.72390002623713,25.775976181030273,5900,0.0,0.0,0.0
2024-02-07 00:00:00-05:00,25.881111619429372,25.969543813104362,25.84672153012458,25.948909759521484,6400,0.0,0.0,0.0
2024-02-08 00:00:00-05:00,25.881111679488765,25.881111679488765,25.753375455386553,25.802505493164062,2900,0.0,0.0,0.0
2024-02-09 00:00:00-05:00,26.10710248928508,26.10710248928508,25.75140966045326,25.935152053833008,21800,0.0,0.0,0.0
2024-02-12 00:00:00-05:00,25.949891451072016,25.99901961395933,25.90567535482572,25.984281539916992,9100,0.0,0.0,0.0
2024-02-13 00:00:00-05:00,25.54703319544508,25.576511216122736,25.37311680909723,25.473339080810547,4800,0.0,0.0,0.0
2024-02-14 00:00:00-05:00,25.61581533511863,25.736673542463386,25.61581533511863,25.693439483642578,8300,0.0,0.0,0.0
2024-02-15 00:00:00-05:00,25.97936892349701,26.056991194322,25.94989090191687,26.033411026000977,5100,0.0,0.0,0.0
2024-02-16 00:00:00-05:00,26.136582805595484,26.136582805595484,26.039306640625,26.039306640625,2200,0.0,0.0,0.0
2024-02-20 00:00:00-05:00,26.225013562987336,26.26431571776452,26.120859385707178,26.20241355895996,15500,0.0,0.0,0.0
2024-02-21 00:00:00-05:00,26.087452824920963,26.125774817518003,26.038324660115656,26.08352279663086,4700,0.0,0.0,0.0
2024-02-22 00:00:00-05:00,26.47065801379963,26.59839235895613,26.40777194264441,26.590532302856445,8700,0.0,0.0,0.0
2024-02-23 00:00:00-05:00,26.56891668541631,26.588566826016013,26.4510064712217,26.563020706176758,11100,0.0,0.0,0.0
2024-02-26 00:00:00-05:00,26.549264806892914,26.6376969994627,26.549264806892914,26.58561897277832,19500,0.0,0.0,0.0
2024-02-27 00:00:00-05:00,26.578740107920932,26.60821812921114,26.500133925266272,26.60428810119629,21300,0.0,0.0,0.0
2024-02-28 00:00:00-05:00,26.43037302659142,26.480485103042923,26.421529057528453,26.462797164916992,9900,0.0,0.0,0.0
2024-02-29 00:00:00-05:00,26.568917525553843,26.568917525553843,26.333097089707735,26.529613494873047,15300,0.0,0.0,0.0
2024-03-01 00:00:00-05:00,26.6573464252758,26.85386281996506,26.6573464252758,26.80276870727539,8800,0.0,0.0,0.0
2024-03-04 00:00:00-05:00,26.93247060923984,26.991424781514887,26.883342444697192,26.948192596435547,10800,0.0,0.0,0.0
2024-03-05 00:00:00-05:00,26.844038370377245,26.844038370377245,26.53943962764262,26.632783889770508,29800,0.0,0.0,0.0
2024-03-06 00:00:00-05:00,26.917731063373243,27.060205356526335,26.840106918413785,27.001249313354492,14900,0.0,0.0,0.0
2024-03-07 00:00:00-05:00,27.246895947831604,27.48271451613702,27.224297816267125,27.405092239379883,15700,0.0,0.0,0.0
2024-03-08 00:00:00-05:00,27.50236637883468,27.512192386724262,27.19580167950942,27.20660972595215,13600,0.0,0.0,0.0
2024-03-11 00:00:00-04:00,27.113264490854597,27.113264490854597,26.991424246331903,27.026798248291016,1573100,0.0,0.0,0.0
2024-03-12 00:00:00-04:00,27.2989729819005,27.3353271484375,27.271459036188073,27.3353271484375,3100,0.0,0.0,0.0
2024-03-13 00:00:00-04:00,27.325502080024712,27.403126230738625,27.2960259303729,27.360876083374023,27600,0.0,0.0,0.0
2024-03-14 00:00:00-04:00,27.370702402090156,27.370702402090156,26.961949463594582,27.105405807495117,133600,0.0,0.0,0.0
2024-03-15 00:00:00-04:00,27.15846394989621,27.15846394989621,26.902993363826056,26.965879440307617,21300,0.0,0.0,0.0
2024-03-18 00:00:00-04:00,27.054309910527607,27.054309910527607,26.81456132741911,26.827333450317383,18100,0.0,0.0,0.0
2024-03-19 00:00:00-04:00,26.794910906906775,26.868603155529527,26.706478709263965,26.767398834228516,80800,0.0,0.0,0.0
2024-03-20 00:00:00-04:00,26.84403771350245,27.09950828552246,26.804735557717454,27.09950828552246,56900,0.0,0.0,0.0
2024-03-21 00:00:00-04:00,27.19776724937272,27.296025452771424,27.118179022938254,27.183029174804688,16900,0.0,0.0,0.0
2024-03-22 00:00:00-04:00,27.089682337364973,27.12898636735533,26.93246996564215,27.04841423034668,52200,0.0,0.0,0.0
2024-03-25 00:00:00-04:00,26.873515964670023,27.008128332587482,26.785083770751953,26.785083770751953,57900,0.0,0.0,0.0
2024-03-26 00:00:00-04:00,26.902991628991106,26.97177368067103,26.846985448440087,26.89316749572754,41100,0.0,0.0,0.0
2024-03-27 00:00:00-04:00,26.971774182781356,26.991424323793577,26.81456180996768,26.909870147705078,34200,0.0,0.0,0.0
2024-03-28 00:00:00-04:00,26.932471392933934,26.99142556692446,26.818493073336338,26.870569229125977,29300,0.0,0.0,0.0
2024-04-01 00:00:00-04:00,26.90299105181802,27.01107525659123,26.785082713992008,26.861722946166992,71700,0.0,0.0,0.0
2024-04-02 00:00:00-04:00,26.69173909515615,26.69173909515615,26.559090806341235,26.66619110107422,18600,0.0,0.0,0.0
2024-04-03 00:00:00-04:00,26.578740543831312,26.873515139210213,26.578740543831312,26.752656936645508,12800,0.0,0.0,0.0
2024-04-04 00:00:00-04:00,26.922643820236207,27.040554035483996,26.549264907836914,26.549264907836914,17400,0.0,0.0,0.0
2024-04-05 00:00:00-04:00,26.549264925366458,26.70647729638778,26.49522282143051,26.5787410736084,9900,0.0,0.0,0.0
2024-04-08 00:00:00-04:00,26.814561793431082,26.840107913790874,26.64752341315465,26.785083770751953,8700,0.0,0.0,0.0
2024-04-09 00:00:00-04:00,26.8538636427029,26.8538636427029,26.51094479114821,26.644575119018555,25500,0.0,0.0,0.0
2024-04-10 00:00:00-04:00,26.077628138024178,26.375348858526063,26.077628138024178,26.323272705078125,25900,0.0,0.0,0.0
2024-04-11 00:00:00-04:00,26.36257504600212,26.484415291861044,26.213222728384,26.470659255981445,20500,0.0,0.0,0.0
2024-04-12 00:00:00-04:00,26.15132117244574,26.15132117244574,25.861460499614523,25.959718704223633,36100,0.0,0.0,0.0
2024-04-15 00:00:00-04:00,26.223047893889404,26.223047893889404,25.80643492852715,25.836894989013672,24300,0.0,0.0,0.0
2024-04-16 00:00:00-04:00,25.831983278271988,25.920413597219646,25.790713297270685,25.816261291503906,8300,0.0,0.0,0.0
2024-04-17 00:00:00-04:00,26.02849866080867,26.02849866080867,25.655119735456402,25.797592163085938,32700,0.0,0.0,0.0
2024-04-18 00:00:00-04:00,25.769096958512236,25.904693236465448,25.694420801787835,25.719968795776367,197300,0.0,0.0,0.0
2024-04-19 00:00:00-04:00,25.763200866217712,25.763200866217712,25.483166216789638,25.55096435546875,41100,0.0,0.0,0.0
2024-04-22 00:00:00-04:00,25.590267033579977,25.934167901302157,25.51755495801657,25.773025512695312,53000,0.0,0.0,0.0
2024-04-23 00:00:00-04:00,25.68459504990518,26.12675601540334,25.68459504990518,26.11693000793457,25500,0.0,0.0,0.0
2024-04-24 00:00:00-04:00,26.18570965937466,26.262351766441697,26.003933210157065,26.11496353149414,40200,0.0,0.0,0.0
2024-04-25 00:00:00-04:00,25.743550550114012,26.102191381600242,25.70424652107041,26.070749282836914,24300,0.0,0.0,0.0
2024-04-26 00:00:00-04:00,26.361592365341426,26.420546535658048,26.361592365341426,26.380260467529297,394400,0.0,0.0,0.0
2024-04-29 00:00:00-04:00,26.404823653101694,26.470657713076193,26.319339453101218,26.46476173400879,29200,0.0,0.0,0.0
2024-04-30 00:00:00-04:00,26.40973937713895,26.45591955196756,26.17097282409668,26.17097282409668,7300,0.0,0.0,0.0
2024-05-01 00:00:00-04:00,26.057976369736362,26.40187914169378,26.0481503620668,26.133634567260742,64000,0.0,0.0,0.0
2024-05-02 00:00:00-04:00,26.22992586863617,26.31344599374279,26.15623362496249,26.283967971801758,89700,0.0,0.0,0.0
2024-05-03 00:00:00-04:00,26.647522327945765,26.666190429665445,26.54533410242954,26.626888275146484,7600,0.0,0.0,0.0
2024-05-06 00:00:00-04:00,26.72612964978765,26.81456184387207,26.62787144812504,26.81456184387207,34700,0.0,0.0,0.0
2024-05-07 00:00:00-04:00,26.873515480961846,26.991423821317447,26.820455415918328,26.89316749572754,495500,0.0,0.0,0.0
2024-05-08 00:00:00-04:00,26.814562402193165,26.88334258255331,26.71630419848466,26.87548065185547,43600,0.0,0.0,0.0
2024-05-09 00:00:00-04:00,26.952123104683537,27.08968346714818,26.834212883914287,27.030729293823242,77400,0.0,0.0,0.0
2024-05-10 00:00:00-04:00,27.24689292907715,27.286196956499815,27.080838473338165,27.24689292907715,72500,0.0,0.0,0.0
2024-05-13 00:00:00-04:00,27.15354913286636,27.23706738136866,27.09950703130877,27.109333038330078,226900,0.0,0.0,0.0
2024-05-14 00:00:00-04:00,27.128985835166773,27.266546189195903,27.128985835166773,27.22233009338379,31200,0.0,0.0,0.0
2024-05-15 00:00:00-04:00,27.453235960141388,27.718530654907227,27.448322019540246,27.718530654907227,17900,0.0,0.0,0.0
2024-05-16 00:00:00-04:00,27.561318796451715,27.561318796451715,27.34515225900838,27.419828414916992,16700,0.0,0.0,0.0
2024-05-17 00:00:00-04:00,27.315674531922575,27.46306276834877,27.315674531922575,27.354978561401367,25100,0.0,0.0,0.0
2024-05-20 00:00:00-04:00,27.31567466872063,27.502365061441292,27.31567466872063,27.47288703918457,54900,0.0,0.0,0.0
2024-05-21 00:00:00-04:00,27.26654589689394,27.4041062494484,27.24689388249495,27.382490158081055,38900,0.0,0.0,0.0
2024-05-22 00:00:00-04:00,27.251807452143666,27.375611767757185,27.12898517500095,27.197765350341797,185100,0.0,0.0,0.0
2024-05-23 00:00:00-04:00,27.549529136185292,27.549529136185292,27.133898205719273,27.172218322753906,73400,0.0,0.0,0.0
2024-05-24 00:00:00-04:00,27.325499956973545,27.443410168777927,27.246893773810367,27.40410614013672,23000,0.0,0.0,0.0
2024-05-28 00:00:00-04:00,27.296024379896902,27.296024379896902,26.971773633309454,27.149620056152344,391600,0.0,0.0,0.0
2024-05-29 00:00:00-04:00,26.733990729179073,26.792944902784797,26.61804645908683,26.627872467041016,28000,0.0,0.0,0.0
2024-05-30 00:00:00-04:00,26.834211942402632,26.9865122484444,26.72612960745235,26.895132064819336,204400,0.0,0.0,0.0
2024-05-31 00:00:00-04:00,27.08968346714818,27.23706983752021,26.834212883914287,27.030729293823242,86600,0.0,0.0,0.0
2024-06-03 00:00:00-04:00,27.256722375185817,27.44341278076172,27.079857977705426,27.44341278076172,29800,0.0,0.0,0.0
2024-06-04 00:00:00-04:00,27.227242804072265,27.266546834221387,27.119160469400807,27.217418670654297,26800,0.0,0.0,0.0
2024-06-05 00:00:00-04:00,27.502365281585107,27.73818383916864,27.492539274087544,27.620275497436523,82400,0.0,0.0,0.0
2024-06-06 00:00:00-04:00,27.728358068389845,27.79714012145996,27.639925874276155,27.79714012145996,9400,0.0,0.0,0.0
2024-06-07 00:00:00-04:00,27.526929913788877,27.634032085770738,27.479765826505062,27.57114601135254,82700,0.0,0.0,0.0
2024-06-10 00:00:00-04:00,27.266545950817182,27.561318670908047,27.266545950817182,27.507278442382812,81100,0.0,0.0,0.0
2024-06-11 00:00:00-04:00,27.13881338474631,27.345153927516158,27.109335361156603,27.338275909423828,48100,0.0,0.0,0.0
2024-06-12 00:00:00-04:00,27.787314113878516,27.924874471780115,27.660559927961394,27.79714012145996,71800,0.0,0.0,0.0
2024-06-13 00:00:00-04:00,27.561319145147674,27.571145152535678,27.286198434760745,27.384456634521484,60900,0.0,0.0,0.0
2024-06-14 00:00:00-04:00,27.128003098411472,27.18794118333318,26.98258268188296,27.138813018798828,273400,0.0,0.0,0.0
2024-06-17 00:00:00-04:00,27.045465122071075,27.3058496246893,27.001249027220375,27.2567195892334,26400,0.0,0.0,0.0
2024-06-18 00:00:00-04:00,27.256719235188147,27.453235626220703,27.219381158374343,27.453235626220703,25400,0.0,0.0,0.0
2024-06-20 00:00:00-04:00,27.384456829811473,27.54166920090209,27.276372621891937,27.355960845947266,100900,0.0,0.0,0.0
2024-06-21 00:00:00-04:00,27.197765490965125,27.571144390797038,27.197765490965125,27.315673828125,14200,0.0,0.0,0.0
2024-06-24 00:00:00-04:00,27.36480510348188,27.394281252047666,27.227242871737403,27.2763729095459,9200,0.0,0.0,0.0
2024-06-25 00:00:00-04:00,27.256720430221844,27.41393280029297,27.246894422827488,27.41393280029297,19700,0.0,0.0,0.0
2024-06-26 00:00:00-04:00,27.18794059753418,27.227242753490977,27.14863656745808,27.18794059753418,20600,0.0,0.0,0.0
2024-06-27 00:00:00-04:00,27.296024636065464,27.345152799235212,27.109334242605705,27.165340423583984,16700,0.0,0.0,0.0
2024-06-28 00:00:00-04:00,27.17811393737793,27.304866245326796,27.079855738666488,27.17811393737793,79400,0.0,0.0,0.0
2024-07-01 00:00:00-04:00,27.246894479018547,27.246894479018547,27.030727938254767,27.076908111572266,31500,0.0,0.0,0.0
2024-07-02 00:00:00-04:00,26.98159960035844,27.237070186869055,26.98159960035844,27.200716018676758,21800,0.0,0.0,0.0
2024-07-03 00:00:00-04:00,27.404106834944123,27.48271302010029,27.35497867201625,27.428672790527344,16400,0.0,0.0,0.0
2024-07-05 00:00:00-04:00,27.3746307551076,27.512191110944144,27.305850577189325,27.487627029418945,26300,0.0,0.0,0.0
2024-07-08 00:00:00-04:00,27.576059171168566,27.630101274895562,27.394280845156082,27.458148956298828,52300,0.0,0.0,0.0
2024-07-09 00:00:00-04:00,27.42277670036879,27.42277670036879,27.26654636919336,27.354978561401367,33100,0.0,0.0,0.0
2024-07-10 00:00:00-04:00,27.5416686717566,27.728357187515385,27.51219064994872,27.720497131347656,44900,0.0,0.0,0.0
2024-07-11 00:00:00-04:00,28.00348000066096,28.00348000066096,27.757835439251654,27.78731346130371,28100,0.0,0.0,0.0
2024-07-12 00:00:00-04:00,28.00347926709977,28.31790399760813,28.00347926709977,28.209819793701172,19000,0.0,0.0,0.0
2024-07-15 00:00:00-04:00,28.150867527917196,28.150867527917196,27.885570940825232,27.90915298461914,19000,0.0,0.0,0.0
2024-07-16 00:00:00-04:00,27.895395520613175,28.0722599029541,27.895395520613175,28.0722599029541,11700,0.0,0.0,0.0
2024-07-17 00:00:00-04:00,27.75783585416376,27.75783585416376,27.551495319072906,27.620275497436523,47600,0.0,0.0,0.0
2024-07-18 00:00:00-04:00,27.53184336422285,27.53184336422285,27.089682396463232,27.18794059753418,33500,0.0,0.0,0.0
2024-07-19 00:00:00-04:00,27.138813506685107,27.17811566419527,26.988477272409547,27.030729293823242,18300,0.0,0.0,0.0
2024-07-22 00:00:00-04:00,27.3058496951277,27.315673828125,27.138811322385184,27.315673828125,30500,0.0,0.0,0.0
2024-07-23 00:00:00-04:00,27.192852714751442,27.27539080324073,27.192852714751442,27.217418670654297,25400,0.0,0.0,0.0
2024-07-24 00:00:00-04:00,26.994372347606983,27.01107637307798,26.75560579840291,26.81456184387207,34900,0.0,0.0,0.0
2024-07-25 00:00:00-04:00,26.50013421885828,26.73595276943486,26.39205188783521,26.539438247680664,25400,0.0,0.0,0.0
2024-07-26 00:00:00-04:00,26.834212818682026,26.981599188695768,26.834212818682026,26.97177505493164,11400,0.0,0.0,0.0
2024-07-29 00:00:00-04:00,26.88334210743622,27.133898742051354,26.787047982514498,26.902992248535156,17200,0.0,0.0,0.0
2024-07-30 00:00:00-04:00,26.90299343902411,26.961949487287754,26.696652892459582,26.834213256835938,446200,0.0,0.0,0.0
2024-07-31 00:00:00-04:00,27.286200123599006,27.345154297456613,27.175167919949764,27.237070083618164,34200,0.0,0.0,0.0
2024-08-01 00:00:00-04:00,27.011074756393448,27.18793913397649,26.52961165859474,26.588565826416016,86000,0.0,0.0,0.0
2024-08-02 00:00:00-04:00,26.22501457263075,26.303620759330656,25.989196012531046,26.191606521606445,168500,0.0,0.0,0.0
2024-08-05 00:00:00-04:00,25.31121589365665,25.97936940216319,25.31121589365665,25.73470687866211,27500,0.0,0.0,0.0
2024-08-06 00:00:00-04:00,25.841806057960298,26.161144724432027,25.812329911228208,26.03832244873047,149400,0.0,0.0,0.0
2024-08-07 00:00:00-04:00,26.342921590623366,26.411701766261356,25.886022567749023,25.886022567749023,119200,0.0,0.0,0.0
2024-08-08 00:00:00-04:00,26.215188696333303,26.518805398526805,26.169006647782627,26.50013542175293,59600,0.0,0.0,0.0
2024-08-09 00:00:00-04:00,26.362574413510625,26.598392968982843,26.283968228353217,26.49030876159668,23800,0.0,0.0,0.0
2024-08-12 00:00:00-04:00,26.480484797824754,26.618045154201003,26.333096559856717,26.608219146728516,63400,0.0,0.0,0.0
2024-08-13 00:00:00-04:00,26.701562653314966,27.001249313354492,26.696650586776933,27.001249313354492,53000,0.0,0.0,0.0
2024-08-14 00:00:00-04:00,26.94229709677615,27.050381309638016,26.873516915543828,27.030729293823242,25600,0.0,0.0,0.0
2024-08-15 00:00:00-04:00,27.168288050243667,27.37463045586215,27.130949972050583,27.26654624938965,7900,0.0,0.0,0.0
2024-08-16 00:00:00-04:00,27.315675900381308,27.44341212846743,27.249843709237478,27.43358612060547,57200,0.0,0.0,0.0
2024-08-19 00:00:00-04:00,27.443410942371482,27.610449320566726,27.443410942371482,27.597675323486328,3000,0.0,0.0,0.0
2024-08-20 00:00:00-04:00,27.63010085181086,27.649750992222184,27.50236463148132,27.610448837280273,30800,0.0,0.0,0.0
2024-08-21 00:00:00-04:00,27.698881573831503,27.865919952391284,27.698881573831503,27.83251190185547,11800,0.0,0.0,0.0
2024-08-22 00:00:00-04:00,27.93470042868274,27.9740025848179,27.58293760403016,27.767662048339844,84100,0.0,0.0,0.0
2024-08-23 00:00:00-04:00,27.895395396573498,28.249124159682463,27.84626723463914,28.159709930419922,12900,0.0,0.0,0.0
2024-08-26 00:00:00-04:00,28.150866086870153,28.160692094124567,28.008391792860046,28.0722599029541,17200,0.0,0.0,0.0
2024-08-27 00:00:00-04:00,28.00347917841127,28.199995571416228,27.97596710828488,28.121389389038086,23400,0.0,0.0,0.0
2024-08-28 00:00:00-04:00,28.101737270901054,28.111563277926855,27.954350913752464,28.06243324279785,16500,0.0,0.0,0.0
2024-08-29 00:00:00-04:00,28.15086562526066,28.357208025981286,28.09191145682015,28.209819793701172,318500,0.0,0.0,0.0
2024-08-30 00:00:00-04:00,28.239299774169922,28.27860380526992,28.032959233253006,28.239299774169922,18000,0.0,0.0,0.0
2024-09-03 00:00:00-04:00,27.983827812973036,27.983827812973036,27.620274913841417,27.669403076171875,126800,0.0,0.0,0.0
2024-09-04 00:00:00-04:00,27.394281504589603,27.69888211945239,27.394281504589603,27.48271369934082,20400,0.0,0.0,0.0
2024-09-05 00:00:00-04:00,27.286198324084776,27.384456523446968,27.237068287344044,27.310762405395508,12700,0.0,0.0,0.0
2024-09-06 00:00:00-04:00,27.266546947753046,27.266546947753046,26.7752578135593,26.81456184387207,19200,0.0,0.0,0.0
2024-09-09 00:00:00-04:00,27.020902031728244,27.187940410161882,27.020902031728244,27.04055404663086,41800,0.0,0.0,0.0
2024-09-10 00:00:00-04:00,26.937384312720592,27.001250551239202,26.735953967160988,26.96194839477539,13300,0.0,0.0,0.0
2024-09-11 00:00:00-04:00,27.02090288284295,27.275391423725694,26.696652123213607,27.227243423461914,40000,0.0,0.0,0.0
2024-09-12 00:00:00-04:00,27.300937109190645,27.482713564568144,27.256721012031868,27.364805221557617,16300,0.0,0.0,0.0
2024-09-13 00:00:00-04:00,27.454219579091,27.571145884107967,27.42375951761575,27.56328582763672,13900,0.0,0.0,0.0
2024-09-16 00:00:00-04:00,27.590797593091914,27.708707809448242,27.502365399354495,27.708707809448242,16000,0.0,0.0,0.0
2024-09-17 00:00:00-04:00,27.60553424358085,27.738182527345614,27.4581478863264,27.600622177124023,160300,0.0,0.0,0.0
2024-09-18 00:00:00-04:00,27.541669091116923,27.826615809788088,27.413932868790415,27.47288703918457,29600,0.0,0.0,0.0
2024-09-19 00:00:00-04:00,27.993655020274364,28.170519410836526,27.865920668267993,28.0919132232666,110300,0.0,0.0,0.0
2024-09-20 00:00:00-04:00,27.865919663860126,27.89539581181181,27.748009449695562,27.816789627075195,13300,0.0,0.0,0.0
2024-09-23 00:00:00-04:00,27.861005420914886,28.001513763769083,27.85805743132784,27.96221160888672,12700,0.0,0.0,0.0
2024-09-24 00:00:00-04:00,28.06243408496501,28.26877649046084,28.06243408496501,28.219646453857422,22900,0.0,0.0,0.0
2024-09-25 00:00:00-04:00,28.298251499287918,28.31397348519205,28.141039136723368,28.222593307495117,57700,0.0,0.0,0.0
2024-09-26 00:00:00-04:00,28.779718416167693,28.91727877419354,28.642156184022525,28.809194564819336,8800,0.0,0.0,0.0
2024-09-27 00:00:00-04:00,28.769890963572372,28.84849714622752,28.543896548584502,28.671632766723633,17700,0.0,0.0,0.0
2024-09-30 00:00:00-04:00,28.308078936062287,28.504595336253672,28.206874620447504,28.425989151000977,29200,0.0,0.0,0.0
2024-10-01 00:00:00-04:00,28.25895244232809,28.31790661622021,28.02313387264022,28.249126434326172,65300,0.0,0.0,0.0
2024-10-02 00:00:00-04:00,28.101736917587342,28.278601293589677,28.052606883076034,28.258949279785156,65000,0.0,0.0,0.0
2024-10-03 00:00:00-04:00,27.895396474805402,27.92487449757697,27.77748813195777,27.841354370117188,12700,0.0,0.0,0.0
2024-10-04 00:00:00-04:00,27.816789933185316,28.052608489990234,27.816789933185316,28.052608489990234,18300,0.0,0.0,0.0
2024-10-07 00:00:00-04:00,27.82661616901221,27.90522235525894,27.738183975219727,27.738183975219727,9700,0.0,0.0,0.0
2024-10-08 00:00:00-04:00,27.757835439251654,27.825633578087892,27.689055261916135,27.78731346130371,21200,0.0,0.0,0.0
2024-10-09 00:00:00-04:00,27.748009619520246,27.983828175173365,27.748009619520246,27.93470001220703,6600,0.0,0.0,0.0
2024-10-10 00:00:00-04:00,27.708707225639827,27.905221749934167,27.708707225639827,27.757835388183594,29100,0.0,0.0,0.0
2024-10-11 00:00:00-04:00,27.846267220028924,28.072259763399195,27.846267220028924,27.9543514251709,46800,0.0,0.0,0.0
2024-10-14 00:00:00-04:00,27.993653890035773,28.219646435909976,27.993653890035773,28.190170288085938,15000,0.0,0.0,0.0
2024-10-15 00:00:00-04:00,28.1017393515266,28.1017393515266,27.590798193070636,27.689056396484375,34000,0.0,0.0,0.0
2024-10-16 00:00:00-04:00,27.551494086615897,27.659576416015625,27.21741734312027,27.659576416015625,19600,0.0,0.0,0.0
2024-10-17 00:00:00-04:00,27.73818337351838,27.824651488397617,27.64975118164418,27.757835388183594,23700,0.0,0.0,0.0
2024-10-18 00:00:00-04:00,27.797139604994086,27.875745790065842,27.728357553201928,27.809911727905273,10100,0.0,0.0,0.0
2024-10-21 00:00:00-04:00,27.7185318836159,27.84626810723881,27.556407444856738,27.664491653442383,37300,0.0,0.0,0.0
2024-10-22 00:00:00-04:00,27.384457955415037,27.492540293657864,27.364805939691113,27.43358612060547,38200,0.0,0.0,0.0
2024-10-23 00:00:00-04:00,27.148636923257794,27.433585522686045,27.061188641195223,27.167306900024414,64900,0.0,0.0,0.0
2024-10-24 00:00:00-04:00,27.33532725140047,27.33532725140047,27.179096916197228,27.203662872314453,550000,0.0,0.0,0.0
2024-10-25 00:00:00-04:00,27.325500477916464,27.453236699316356,27.17909615443957,27.215452194213867,110200,0.0,0.0,0.0
2024-10-28 00:00:00-04:00,27.374630216297565,27.551494598388672,27.301918137541463,27.551494598388672,45600,0.0,0.0,0.0
2024-10-29 00:00:00-04:00,27.23706958850096,27.394281965343037,27.23706958850096,27.330415725708008,37500,0.0,0.0,0.0
2024-10-30 00:00:00-04:00,26.99142353827445,27.246894105191657,26.99142353827445,27.163375854492188,16800,0.0,0.0,0.0
2024-10-31 00:00:00-04:00,26.912817576388914,26.92166154524955,26.624922869778377,26.84895133972168,131400,0.0,0.0,0.0
2024-11-01 00:00:00-04:00,26.98159978435481,27.10835397696668,26.93247161797211,26.93738555908203,107600,0.0,0.0,0.0
2024-11-04 00:00:00-05:00,26.91281763637395,27.07003000626094,26.844037458813304,26.89316749572754,31600,0.0,0.0,0.0
2024-11-05 00:00:00-05:00,26.952122039435483,27.237068761010004,26.952122039435483,27.18794059753418,28900,0.0,0.0,0.0
2024-11-06 00:00:00-05:00,26.834211331613467,26.894149414145417,26.659312898866002,26.80473518371582,35400,0.0,0.0,0.0
2024-11-07 00:00:00-05:00,26.93247115405492,27.185975786673154,26.93247115405492,27.089683532714844,110300,0.0,0.0,0.0
2024-11-08 00:00:00-05:00,26.97177368067103,27.01107583608314,26.77525728125266,26.89316749572754,399500,0.0,0.0,0.0
2024-11-11 00:00:00-05:00,26.883342099975067,26.991424435406834,26.696651703692098,26.792943954467773,28800,0.0,0.0,0.0
2024-11-12 00:00:00-05:00,26.401879370893166,26.51978771571285,26.116930768360113,26.200450897216797,68900,0.0,0.0,0.0
2024-11-13 00:00:00-05:00,26.03832495891061,26.126757155870425,25.900764596581737,26.018672943115234,52600,0.0,0.0,0.0
2024-11-14 00:00:00-05:00,26.156234624281666,26.735954084983117,26.06780242919922,26.06780242919922,401200,0.0,0.0,0.0
2024-11-15 00:00:00-05:00,25.940065909981534,25.959717925137447,25.773027529394906,25.846721649169922,27100,0.0,0.0,0.0
2024-11-18 00:00:00-05:00,25.81232977876176,26.008844294404245,25.75337373736175,25.935152053833008,43000,0.0,0.0,0.0
2024-11-19 00:00:00-05:00,25.82215702591138,25.97936939562402,25.80250501116748,25.91058921813965,160800,0.0,0.0,0.0
2024-11-20 00:00:00-05:00,25.86145907923259,25.910589115898475,25.753374872686912,25.851633071899414,50200,0.0,0.0,0.0
2024-11-21 00:00:00-05:00,25.890936158445175,26.018670500886646,25.782851955835252,26.00196647644043,221200,0.0,0.0,0.0
2024-11-22 00:00:00-05:00,25.989195608556358,26.183746058173483,25.984281667771878,26.087451934814453,23100,0.0,0.0,0.0
2024-11-25 00:00:00-05:00,26.31344743177882,26.56498611110239,26.259405325659817,26.42152976989746,41500,0.0,0.0,0.0
2024-11-26 00:00:00-05:00,26.33309728081981,26.340959211484627,26.13658274834763,26.295759201049805,67000,0.0,0.0,0.0
2024-11-27 00:00:00-05:00,26.367485741881566,26.441179858330432,26.24466346387962,26.392051696777344,56800,0.0,0.0,0.0
2024-11-29 00:00:00-05:00,26.382226471556315,26.695669174194336,26.367486523358142,26.695669174194336,26400,0.0,0.0,0.0
2024-12-02 00:00:00-05:00,26.686824319583447,26.883340713336537,26.2937934061965,26.79490852355957,101400,0.0,0.0,0.0
2024-12-03 00:00:00-05:00,26.82536943466504,27.07985609237936,26.824385522040398,27.062170028686523,46000,0.0,0.0,0.0
2024-12-04 00:00:00-05:00,27.109333160869504,27.296023546879812,27.09459508733053,27.197765350341797,12600,0.0,0.0,0.0
2024-12-05 00:00:00-05:00,27.149620429546914,27.315674896187165,27.14863651691333,27.158462524414062,114400,0.0,0.0,0.0
2024-12-06 00:00:00-05:00,27.34515334348189,27.375613404971546,27.162392974543938,27.29209327697754,370300,0.0,0.0,0.0
2024-12-09 00:00:00-05:00,27.315675065673382,27.416881256851504,27.21250479745451,27.2763729095459,52100,0.0,0.0,0.0
2024-12-10 00:00:00-05:00,27.148636917687323,27.256721127671632,26.865654269494428,26.96194839477539,42700,0.0,0.0,0.0
2024-12-11 00:00:00-05:00,27.0110760923571,27.119160300474608,26.957033988298345,27.09950828552246,31200,0.0,0.0,0.0
2024-12-12 00:00:00-05:00,26.971774046837137,26.99142418775032,26.696651458740234,26.696651458740234,164300,0.0,0.0,0.0
2024-12-13 00:00:00-05:00,26.755606166634045,26.755606166634045,26.559091634723554,26.618045806884766,28800,0.0,0.0,0.0
2024-12-16 00:00:00-05:00,26.641627783635357,26.75560609940991,26.559091567993164,26.559091567993164,187600,0.0,0.0,0.0
2024-12-17 00:00:00-05:00,26.549265627010126,26.67798201758152,26.549265627010126,26.618045806884766,11200,0.0,0.0,0.0
2024-12-18 00:00:00-05:00,26.52961275988076,26.637696967139185,25.920413420041385,25.96954345703125,52700,0.0,0.0,0.0
2024-12-19 00:00:00-05:00,26.00884608027071,26.077628133293565,25.76320151326133,25.83198356628418,105000,0.0,0.0,0.0
2024-12-20 00:00:00-05:00,25.341157258794446,25.75297557522669,25.341157258794446,25.588050842285156,78000,0.133,0.0,0.0
2024-12-23 00:00:00-05:00,25.66705634364851,25.844820022583008,25.566324471288276,25.844820022583008,18100,0.0,0.0,0.0
2024-12-24 00:00:00-05:00,25.80531674946038,25.93370246887207,25.746062816311913,25.93370246887207,437500,0.0,0.0,0.0
2024-12-26 00:00:00-05:00,25.73618720805544,26.03246064525316,25.70557226737519,26.01468276977539,75700,0.0,0.0,0.0
2024-12-27 00:00:00-05:00,25.825068365775312,25.92283914371504,25.751001421177143,25.85469627380371,32000,0.0,0.0,0.0
2024-12-30 00:00:00-05:00,25.58805164720348,25.755939364604316,25.469543778243253,25.54854965209961,73900,0.0,0.0,0.0
2024-12-31 00:00:00-05:00,25.5386731191285,25.736186857588706,25.508058178865156,25.528797149658203,105800,0.0,0.0,0.0
2025-01-02 00:00:00-05:00,25.62755411120562,25.736186004480782,25.449790433929977,25.499168395996094,77300,0.0,0.0,0.0
2025-01-03 00:00:00-05:00,25.509045210717613,25.5900270301849,25.48929327177702,25.528797149658203,39300,0.0,0.0,0.0
2025-01-06 00:00:00-05:00,25.844821406167572,26.21022475283327,25.755939561942096,25.89419937133789,225200,0.0,0.0,0.0
2025-01-07 00:00:00-05:00,26.002833076040858,26.002833076040858,25.677920641299863,25.755939483642578,73400,0.0,0.0,0.0
2025-01-08 00:00:00-05:00,25.6275548031817,25.968267271394,25.553485974434057,25.72631072998047,253100,0.0,0.0,0.0
2025-01-10 00:00:00-05:00,25.568299887341013,25.568299887341013,25.351034203622774,25.420164108276367,57700,0.0,0.0,0.0
2025-01-13 00:00:00-05:00,25.054762288735784,25.27202796936035,25.054762288735784,25.27202796936035,54200,0.0,0.0,0.0
2025-01-14 00:00:00-05:00,25.30165563706776,25.351033601032725,25.183145886443825,25.331281661987305,101100,0.0,0.0,0.0
2025-01-15 00:00:00-05:00,25.680883017926607,25.794453841726792,25.56829922598205,25.667057037353516,189000,0.0,0.0,0.0
2025-01-16 00:00:00-05:00,25.923826217651367,26.051223020177815,25.839883303574087,25.923826217651367,536800,0.0,0.0,0.0
2025-01-17 00:00:00-05:00,26.131215465629857,26.209234303644408,25.983079695138578,26.042335510253906,65300,0.0,0.0,0.0
2025-01-21 00:00:00-05:00,26.36823611908313,26.625003794620756,26.3632971924486,26.590438842773438,1606900,0.0,0.0,0.0
2025-01-22 00:00:00-05:00,26.763265569805547,26.862023382672078,26.694135665893555,26.694135665893555,71100,0.0,0.0,0.0
2025-01-23 00:00:00-05:00,26.763264524557176,26.852146364300882,26.66154373640307,26.792890548706055,58500,0.0,0.0,0.0
2025-01-24 00:00:00-05:00,27.000283310742876,27.02793527243082,26.87584948314712,26.901525497436523,78400,0.0,0.0,0.0
2025-01-27 00:00:00-05:00,26.496619720087207,26.664507434837684,26.496619720087207,26.615129470825195,72700,0.0,0.0,0.0
2025-01-28 00:00:00-05:00,26.62500299270427,26.723760802285817,26.5311841096085,26.59537696838379,464800,0.0,0.0,0.0
2025-01-29 00:00:00-05:00,26.664506827541036,26.704010704770173,26.457117123033683,26.526247024536133,146500,0.0,0.0,0.0
2025-01-30 00:00:00-05:00,26.68426001667956,26.950905549526624,26.679321089970188,26.773141860961914,87100,0.0,0.0,0.0
2025-01-31 00:00:00-05:00,26.80276671567548,27.00028233515143,26.64376794171484,26.664506912231445,54900,0.0,0.0,0.0
2025-02-03 00:00:00-05:00,26.101590627167553,26.407738151240192,26.06208674862987,26.2200984954834,155100,0.0,0.0,0.0
2025-02-04 00:00:00-05:00,26.368235737671736,26.4966195735835,26.33367078632439,26.407737731933594,85000,0.0,0.0,0.0
2025-02-05 00:00:00-05:00,26.48674364527421,26.60525339554114,26.427489711965034,26.47686767578125,382800,0.0,0.0,0.0
2025-02-06 00:00:00-05:00,26.555872527715398,26.66055629339962,26.533159494038017,26.575624465942383,388100,0.0,0.0,0.0
2025-02-07 00:00:00-05:00,26.60525406224642,26.60525406224642,26.2299747467041,26.2299747467041,38100,0.0,0.0,0.0
2025-02-10 00:00:00-05:00,26.328732381507393,26.42749019459195,26.328732381507393,26.358360290527344,42500,0.0,0.0,0.0
2025-02-11 00:00:00-05:00,26.368235002578174,26.605252612487487,26.368235002578174,26.51637077331543,44000,0.0,0.0,0.0
2025-02-12 00:00:00-05:00,26.308980521163395,26.555874112791876,26.201335653603635,26.496620178222656,64200,0.0,0.0,0.0
2025-02-13 00:00:00-05:00,26.733637779910303,26.980531371351884,26.733637779910303,26.901525497436523,284400,0.0,0.0,0.0
2025-02-14 00:00:00-05:00,26.99040705848829,27.032872032450612,26.89164924621582,26.89164924621582,68700,0.0,0.0,0.0
2025-02-18 00:00:00-05:00,27.069413036132175,27.128666970265087,26.969668191609806,27.029911041259766,52800,0.0,0.0,0.0
2025-02-19 00:00:00-05:00,26.802767363213665,26.862023180677163,26.713885520667013,26.822519302368164,59500,0.0,0.0,0.0
2025-02-20 00:00:00-05:00,26.862023221088094,26.961768065225197,26.81264337312756,26.89164924621582,91700,0.0,0.0,0.0
2025-02-21 00:00:00-05:00,27.079288617470777,27.079288617470777,26.81264309222321,26.881772994995117,72200,0.0,0.0,0.0
2025-02-24 00:00:00-05:00,26.891648815675165,26.921276723977133,26.74153709411621,26.74153709411621,32900,0.0,0.0,0.0
2025-02-25 00:00:00-05:00,26.97065466112103,27.059536502291454,26.85214679532618,27.01015853881836,118700,0.0,0.0,0.0
2025-02-26 00:00:00-05:00,27.11878962927126,27.237299375192794,26.921275897600037,27.049659729003906,26000,0.0,0.0,0.0
2025-02-27 00:00:00-05:00,26.88177285062048,26.88177285062048,26.526247369181732,26.572662353515625,120200,0.0,0.0,0.0
2025-02-28 00:00:00-05:00,26.536122473136917,26.654630335201823,26.367245850039243,26.575624465942383,25000,0.0,0.0,0.0
2025-03-03 00:00:00-05:00,27.010158304490083,27.03978432885749,26.59043808401583,26.664506912231445,30800,0.0,0.0,0.0
2025-03-04 00:00:00-05:00,26.60525274115488,26.982506101723487,26.348483191599215,26.7237606048584,26300,0.0,0.0,0.0
2025-03-05 00:00:00-05:00,27.187922964980025,27.474318551526743,27.168171025590976,27.408151626586914,46100,0.0,0.0,0.0
2025-03-06 00:00:00-05:00,27.039784804505636,27.286678391369325,26.941028876679027,26.950904846191406,66800,0.0,0.0,0.0
2025-03-07 00:00:00-05:00,27.049661216296705,27.2669287818243,26.960779372880616,27.237300872802734,31600,0.0,0.0,0.0
2025-03-10 00:00:00-04:00,26.763264679577855,26.832394581190375,26.44724119583574,26.59537696838379,127600,0.0,0.0,0.0
2025-03-11 00:00:00-04:00,26.634878636445823,26.713884506415596,26.368235002578174,26.51637077331543,74900,0.0,0.0,0.0
2025-03-12 00:00:00-04:00,26.69413508159843,26.753389014561925,26.476867521318,26.63981819152832,100000,0.0,0.0,0.0
2025-03-13 00:00:00-04:00,26.466990884191652,26.54797270132938,26.397860983536777,26.447240829467773,91500,0.0,0.0,0.0
2025-03-14 00:00:00-04:00,26.615129632231213,26.89164924621582,26.545997845086465,26.89164924621582,25500,0.0,0.0,0.0
2025-03-17 00:00:00-04:00,26.842270908017085,27.178046334877305,26.842270908017085,27.148418426513672,94600,0.0,0.0,0.0
2025-03-18 00:00:00-04:00,27.0200342684105,27.079288200781985,26.87979851766744,27.069412231445312,115900,0.0,0.0,0.0
2025-03-19 00:00:00-04:00,26.94102871891396,27.158294395968216,26.862022846926173,27.148418426513672,2174300,0.0,0.0,0.0
2025-03-20 00:00:00-04:00,26.812642033968586,26.960777803154347,26.812642033968586,26.911399841308594,284100,0.0,0.0,0.0
2025-03-21 00:00:00-04:00,26.605252979848082,26.75338875263077,26.585501041170776,26.664506912231445,44400,0.0,0.0,0.0
2025-03-24 00:00:00-04:00,26.654631827061063,26.76326560974121,26.59537789271217,26.76326560974121,34000,0.0,0.0,0.0
2025-03-25 00:00:00-04:00,26.88177245483419,26.94102827057535,26.753388621358756,26.862022399902344,41700,0.0,0.0,0.0
2025-03-26 00:00:00-04:00,26.605253112341668,26.69314603769085,26.378109583718594,26.466991424560547,44800,0.0,0.0,0.0
2025-03-27 00:00:00-04:00,26.37811014507249,26.625003734076834,26.37811014507249,26.486743927001953,96100,0.0,0.0,0.0
2025-03-28 00:00:00-04:00,26.39786117740838,26.466991078570963,26.278364398120832,26.35342025756836,31800,0.0,0.0,0.0
2025-03-31 00:00:00-04:00,25.992955491687276,26.279352945230297,25.795441760226904,26.205284118652344,63100,0.0,0.0,0.0
2025-04-01 00:00:00-04:00,26.131216932948302,26.28923056514676,26.0028330936198,26.2299747467041,209300,0.0,0.0,0.0
2025-04-02 00:00:00-04:00,26.04233544503479,26.378108978271484,26.04233544503479,26.378108978271484,84200,0.0,0.0,0.0
2025-04-03 00:00:00-04:00,26.042335639987677,26.220097435273647,25.795442060056104,25.844820022583008,82700,0.0,0.0,0.0
2025-04-04 00:00:00-04:00,25.08438723590193,25.123891112671537,24.402960430814364,24.49184226989746,114200,0.0,0.0,0.0
2025-04-07 00:00:00-04:00,23.55364743744169,24.75848740562042,23.473652653310506,23.938800811767578,529700,0.0,0.0,0.0
2025-04-08 00:00:00-04:00,24.52147123491076,24.593564117840476,23.361072117667355,23.583274841308594,255600,0.0,0.0,0.0
2025-04-09 00:00:00-04:00,23.603025785883748,25.430038648004032,23.517106925838885,25.301654815673828,162300,0.0,0.0,0.0
2025-04-10 00:00:00-04:00,25.02513330496696,25.054761212544843,24.462216246526857,24.896747589111328,51400,0.0,0.0,0.0
2025-04-11 00:00:00-04:00,24.99550605970069,25.56632503880913,24.93723915847424,25.459667205810547,67900,0.0,0.0,0.0
2025-04-14 00:00:00-04:00,25.627554719794976,25.815192487020955,25.407324181609987,25.588050842285156,32800,0.0,0.0,0.0
2025-04-15 00:00:00-04:00,25.696684770479315,25.88531145428849,25.63742895387171,25.795442581176758,58600,0.0,0.0,0.0
2025-04-16 00:00:00-04:00,25.70656026496241,25.794453189103898,25.41028683834399,25.509044647216797,115100,0.0,0.0,0.0
2025-04-17 00:00:00-04:00,25.785566869630667,26.002832548419125,25.716436966545636,25.805316925048828,47200,0.0,0.0,0.0
2025-04-21 00:00:00-04:00,25.884321601224208,25.884321601224208,25.36189545750222,25.627553939819336,69000,0.0,0.0,0.0
2025-04-22 00:00:00-04:00,25.953454489895602,26.21022404588257,25.93567661461111,26.071962356567383,129700,0.0,0.0,0.0
2025-04-23 00:00:00-04:00,26.53612336835256,26.625003326075415,26.180596002866857,26.26947784423828,86300,0.0,0.0,0.0
2025-04-24 00:00:00-04:00,26.40773736037213,26.702034842258907,26.40280031752708,26.664506912231445,193300,0.0,0.0,0.0
2025-04-25 00:00:00-04:00,26.60525386237842,26.841284451550564,26.59537789271217,26.76326560974121,36300,0.0,0.0,0.0
2025-04-28 00:00:00-04:00,26.832394425769273,26.881772388449765,26.55883591641694,26.792890548706055,113800,0.0,0.0,0.0
2025-04-29 00:00:00-04:00,26.81264259572935,26.93115234375,26.654630854134183,26.93115234375,102700,0.0,0.0,0.0
2025-04-30 00:00:00-04:00,26.931152190029962,27.145454883431384,26.792890504186968,27.128665924072266,47900,0.0,0.0,0.0
2025-05-01 00:00:00-04:00,27.247176262079595,27.247176262079595,26.9805307375112,27.08126449584961,117200,0.0,0.0,0.0
2025-05-02 00:00:00-04:00,27.67183323318577,27.760715073752742,27.604677395015685,27.712324142456055,56500,0.0,0.0,0.0
2025-05-05 00:00:00-04:00,27.76071570212852,27.83972157512654,27.701459884643555,27.701459884643555,37100,0.0,0.0,0.0
2025-05-06 00:00:00-04:00,27.701460369135056,27.75479022907453,27.545424567785588,27.58295249938965,61800,0.0,0.0,0.0
2025-05-07 00:00:00-04:00,27.582951089529935,27.647143947822613,27.410124453149425,27.533571243286133,50200,0.0,0.0,0.0
2025-05-08 00:00:00-04:00,27.513820775234315,27.513820775234315,27.306429191422016,27.31630516052246,70700,0.0,0.0,0.0
2025-05-09 00:00:00-04:00,27.444692330097627,27.522709287924567,27.34395857012204,27.434816360473633,30900,0.0,0.0,0.0
2025-05-12 00:00:00-04:00,27.592828266987087,27.721212105545458,27.5138223931861,27.711336135864258,19200,0.0,0.0,0.0
2025-05-13 00:00:00-04:00,27.671833122871746,27.85749682529194,27.661957153553836,27.81009292602539,88900,0.0,0.0,0.0
2025-05-14 00:00:00-04:00,27.91872718806896,27.91872718806896,27.612577784860804,27.691585540771484,51600,0.0,0.0,0.0
2025-05-15 00:00:00-04:00,27.88909894674301,28.086614566865187,27.88909894674301,28.017484664916992,33400,0.0,0.0,0.0
2025-05-16 00:00:00-04:00,27.97798050588155,28.086614284220385,27.908850604629034,28.00760841369629,31800,0.0,0.0,0.0
2025-05-19 00:00:00-04:00,28.106364378505997,28.570525516678057,28.091551366402136,28.481643676757812,97100,0.0,0.0,0.0
2025-05-20 00:00:00-04:00,28.402638758109045,28.490533569141327,28.37301084925973,28.44806671142578,23200,0.0,0.0,0.0
2025-05-21 00:00:00-04:00,28.392761467932093,28.55571213355151,28.191295841153934,28.2663516998291,81800,0.0,0.0,0.0
2025-05-22 00:00:00-04:00,28.04711109422101,28.34140858131863,27.971068200980373,28.234750747680664,46300,0.0,0.0,0.0
2025-05-23 00:00:00-04:00,28.0273585325641,28.27326508213666,27.987856539036155,28.17845916748047,31900,0.0,0.0,0.0
2025-05-27 00:00:00-04:00,28.62978005636844,28.73841383716512,28.500407304726778,28.570526123046875,23100,0.0,0.0,0.0
2025-05-28 00:00:00-04:00,28.28412938356691,28.37301122765161,28.214999478978502,28.258453369140625,58200,0.0,0.0,0.0
2025-05-29 00:00:00-04:00,28.353258090755862,28.358197017245672,28.224874256749036,28.284128189086914,37100,0.0,0.0,0.0
2025-05-30 00:00:00-04:00,28.264378978267406,28.373010876856686,28.135993256777436,28.313756942749023,29100,0.0,0.0,0.0
2025-06-02 00:00:00-04:00,28.264377961147506,28.481643634156157,28.213024051129256,28.412513732910156,41500,0.0,0.0,0.0
2025-06-03 00:00:00-04:00,28.38288586755215,28.57151254851204,28.351283896027926,28.481643676757812,52100,0.0,0.0,0.0
2025-06-04 00:00:00-04:00,28.708786010742188,28.88556266300583,28.61990416868149,28.708786010742188,36000,0.0,0.0,0.0
2025-06-05 00:00:00-04:00,28.856921219601944,28.856921219601944,28.59027758230478,28.68903350830078,48100,0.0,0.0,0.0
2025-06-06 00:00:00-04:00,28.802606860929927,28.906301715744778,28.768040025676388,28.8470458984375,21500,0.0,0.0,0.0
2025-06-09 00:00:00-04:00,28.728537493329906,28.926053113359547,28.728537493329906,28.827295303344727,16100,0.0,0.0,0.0
2025-06-10 00:00:00-04:00,28.971482033781964,29.064313888549805,28.957656052936727,29.064313888549805,33400,0.0,0.0,0.0
2025-06-11 00:00:00-04:00,28.99518362257069,29.103815520578554,28.80754396797733,28.91617774963379,34200,0.0,0.0,0.0
2025-06-12 00:00:00-04:00,29.005059738661867,29.133443576464632,28.995183769038793,29.056413650512695,28700,0.0,0.0,0.0
2025-06-13 00:00:00-04:00,28.63965635036325,28.82729600559758,28.521146598728777,28.58237648010254,54300,0.0,0.0,0.0
2025-06-16 00:00:00-04:00,28.69891028249805,28.9063018769328,28.580402414519853,28.649532318115234,30400,0.0,0.0,0.0
2025-06-17 00:00:00-04:00,28.442140983791592,28.521146857715788,28.185373306274414,28.185373306274414,41600,0.0,0.0,0.0
2025-06-18 00:00:00-04:00,28.511272243113385,28.511272243113385,28.210061765721164,28.234750747680664,69300,0.0,0.0,0.0
2025-06-20 00:00:00-04:00,28.195245894972516,28.195245894972516,27.87527240511947,27.997732162475586,48200,0.0,0.0,0.0
2025-06-23 00:00:00-04:00,27.691585783580884,28.106365203857422,27.65208190527916,28.106365203857422,29300,0.0,0.0,0.0
2025-06-24 00:00:00-04:00,28.32363225722931,28.599164833922842,28.3137562878317,28.560649871826172,38200,0.0,0.0,0.0
2025-06-25 00:00:00-04:00,28.40263789263386,28.414487925623334,28.323632021758392,28.383872985839844,25600,0.0,0.0,0.0
2025-06-26 00:00:00-04:00,28.51127247076956,28.590278343859953,28.452016653215313,28.580402374267578,26900,0.0,0.0,0.0
2025-06-27 00:00:00-04:00,28.856921671547347,29.05443729392985,28.80754370777601,28.940866470336914,25400,0.0,0.0,0.0
2025-06-30 00:00:00-04:00,28.797667717815095,28.916177467890044,28.6594079124348,28.906301498413086,37300,0.0,0.0,0.0
2025-07-01 00:00:00-04:00,28.75816464440886,28.93592643737793,28.75816464440886,28.93592643737793,109300,0.0,0.0,0.0
2025-07-02 00:00:00-04:00,28.72853729689237,29.20257252134392,28.71174833744925,28.955678939819336,107500,0.0,0.0,0.0
2025-07-03 00:00:00-04:00,29.074188275429233,29.08406424458798,28.951728518238973,28.974443435668945,14500,0.0,0.0,0.0
2025-07-07 00:00:00-04:00,28.77791619603504,28.856922069347444,28.603115489420883,28.71866226196289,30700,0.0,0.0,0.0
2025-07-08 00:00:00-04:00,28.768039442290664,28.955679092661395,28.768039442290664,28.927040100097656,16100,0.0,0.0,0.0
2025-07-09 00:00:00-04:00,29.044561467643447,29.18282127380371,29.00900948424469,29.18282127380371,32900,0.0,0.0,0.0
2025-07-10 00:00:00-04:00,29.130479271260445,29.231213026641477,29.024808473116902,29.212448120117188,17400,0.0,0.0,0.0
2025-07-11 00:00:00-04:00,28.908275280260053,28.91617718595372,28.798654468877757,28.896425247192383,18700,0.0,0.0,0.0
2025-07-14 00:00:00-04:00,28.639655287467118,28.80754299725683,28.62977931822672,28.67915916442871,16300,0.0,0.0,0.0
2025-07-15 00:00:00-04:00,28.738413029410598,28.738413029410598,28.550773381576317,28.610027313232422,27300,0.0,0.0,0.0
2025-07-16 00:00:00-04:00,28.49151944992021,28.6297792516673,28.41251357982923,28.610027313232422,23700,0.0,0.0,0.0
2025-07-17 00:00:00-04:00,28.679159249644684,28.866797014824204,28.679159249644684,28.817419052124023,47600,0.0,0.0,0.0
2025-07-18 00:00:00-04:00,28.738414120448372,28.738414120448372,28.47176859240006,28.580402374267578,22800,0.0,0.0,0.0
2025-07-21 00:00:00-04:00,28.71866202101483,28.906301674925725,28.71866202101483,28.777915954589844,21000,0.0,0.0,0.0
2025-07-22 00:00:00-04:00,28.738413224004095,28.88654899597168,28.704835305167148,28.88654899597168,22700,0.0,0.0,0.0
2025-07-23 00:00:00-04:00,29.192696955044056,29.597602283642118,29.164057962236136,29.54328727722168,38600,0.0,0.0,0.0
2025-07-24 00:00:00-04:00,29.285529482889046,29.42971524940068,29.271703502090634,29.33095932006836,21100,0.0,0.0,0.0
2025-07-25 00:00:00-04:00,29.044561551793763,29.291455139880174,29.035672614094025,29.286518096923828,15600,0.0,0.0,0.0
2025-07-28 00:00:00-04:00,29.034685051224628,29.034685051224628,28.807543406414926,28.896425247192383,42200,0.0,0.0,0.0
2025-07-29 00:00:00-04:00,28.669283734891103,28.777915631283438,28.61990388775953,28.698909759521484,69800,0.0,0.0,0.0
2025-07-30 00:00:00-04:00,28.590278561965995,28.698910461013636,28.375973975838672,28.521146774291992,81500,0.0,0.0,0.0
2025-07-31 00:00:00-04:00,28.32363141372298,28.461891213874825,28.106363860743215,28.126115798950195,32200,0.0,0.0,0.0
2025-08-01 00:00:00-04:00,27.889099402781998,27.958229305860595,27.721211688027434,27.898975372314453,237300,0.0,0.0,0.0
2025-08-04 00:00:00-04:00,28.126116966680563,28.262402708859078,28.08562605676972,28.234750747680664,26700,0.0,0.0,0.0
2025-08-05 00:00:00-04:00,28.185373242798647,28.224875237847478,27.98291868994718,28.116241455078125,52000,0.0,0.0,0.0
2025-08-06 00:00:00-04:00,28.096489862871334,28.20512175605134,27.97798011690854,28.162656784057617,36900,0.0,0.0,0.0
2025-08-07 00:00:00-04:00,28.590276954693426,28.62977894749497,28.48164317810429,28.56558609008789,50500,0.0,0.0,0.0
2025-08-08 00:00:00-04:00,28.531022846841307,28.72853847361061,28.531022846841307,28.659408569335938,267000,0.0,0.0,0.0
2025-08-11 00:00:00-04:00,28.629780556988244,28.629780556988244,28.501396718605175,28.521146774291992,32500,0.0,0.0,0.0
2025-08-12 00:00:00-04:00,28.531022326620793,28.78779188327963,28.52114635709754,28.708786010742188,70100,0.0,0.0,0.0
2025-08-13 00:00:00-04:00,28.84704572252647,28.995183381242718,28.815443750344453,28.975431442260742,172500,0.0,0.0,0.0
2025-08-14 00:00:00-04:00,28.768039768325377,28.95864240002638,28.72359884756677,28.83717155456543,32200,0.0,0.0,0.0
2025-08-15 00:00:00-04:00,29.005059350733706,29.093939308855447,28.896425569981414,28.975431442260742,26400,0.0,0.0,0.0
2025-08-18 00:00:00-04:00,28.965554627003872,29.084064373786788,28.886548757031438,28.945802688598633,26100,0.0,0.0,0.0
2025-08-19 00:00:00-04:00,29.074188188831037,29.202572020215342,28.945802473798228,29.00505828857422,41900,0.0,0.0,0.0
2025-08-20 00:00:00-04:00,29.03468541660345,29.113691288994467,28.918151613553054,29.0445613861084,35300,0.0,0.0,0.0
2025-08-21 00:00:00-04:00,28.847045358428847,28.964568075334274,28.787791425879377,28.827295303344727,31300,0.0,0.0,0.0
2025-08-22 00:00:00-04:00,28.906300889328392,29.301330241840265,28.906300889328392,29.22232437133789,53000,0.0,0.0,0.0
2025-08-25 00:00:00-04:00,29.222324702160215,29.222324702160215,28.896425247192383,28.896425247192383,40900,0.0,0.0,0.0
2025-08-26 00:00:00-04:00,28.81741965773949,28.907288531239708,28.75026381875333,28.83914566040039,63600,0.0,0.0,0.0
2025-08-27 00:00:00-04:00,28.698910422441948,28.945804012857156,28.689034452787507,28.89148712158203,37600,0.0,0.0,0.0
2025-08-28 00:00:00-04:00,28.995182859375827,29.054436791606705,28.94580301280964,29.024808883666992,47500,0.0,0.0,0.0
2025-08-29 00:00:00-04:00,28.80754275751461,28.876672657973558,28.706810885938506,28.738412857055664,40000,0.0,0.0,0.0
2025-09-02 00:00:00-04:00,28.224874041641385,28.412513690204594,28.18142015364555,28.3433837890625,43700,0.0,0.0,0.0
2025-09-03 00:00:00-04:00,28.491520209718413,28.63471894171724,28.422390307001347,28.50139617919922,99400,0.0,0.0,0.0
2025-09-04 00:00:00-04:00,28.570526245253003,28.777915954589844,28.51127231167799,28.777915954589844,59300,0.0,0.0,0.0
2025-09-05 00:00:00-04:00,28.965555472769754,29.12159315361936,28.807543728211094,28.975431442260742,32000,0.0,0.0,0.0
2025-09-08 00:00:00-04:00,29.113690571775923,29.23220031926724,29.03271063766801,29.187759399414062,48600,0.0,0.0,0.0
2025-09-09 00:00:00-04:00,28.97543038118622,29.099864201648497,28.907287512747786,29.00505828857422,85200,0.0,0.0,0.0
2025-09-10 00:00:00-04:00,29.03468424479308,29.113690113995503,28.818405607214636,28.93592643737793,77200,0.0,0.0,0.0
2025-09-11 00:00:00-04:00,29.044560368329282,29.39021175429589,28.817418728620673,29.14331817626953,19400,0.0,0.0,0.0
2025-09-12 00:00:00-04:00,29.14331863177729,29.14331863177729,28.966541983272876,29.024808883666992,39200,0.0,0.0,0.0
2025-09-15 00:00:00-04:00,29.064312263277735,29.212448033142802,29.044560324989455,29.074188232421875,41300,0.0,0.0,0.0
2025-09-16 00:00:00-04:00,29.23219992760334,29.251951865862004,28.935926504668895,29.00505828857422,991600,0.0,0.0,0.0
2025-09-17 00:00:00-04:00,29.113690766169842,29.344784304408805,28.97543096288058,29.09393882751465,43000,0.0,0.0,0.0
2025-09-18 00:00:00-04:00,29.153195587897198,29.429715203433567,29.14331961824967,29.363548278808594,37100,0.0,0.0,0.0
2025-09-19 00:00:00-04:00,29.143318872851683,29.22232474436257,28.916177227713945,28.96555519104004,34800,0.0,0.0,0.0
2025-09-22 00:00:00-04:00,28.995183288242217,29.291454837427285,28.896425477297672,29.242076873779297,1183700,0.0,0.0,0.0
2025-09-23 00:00:00-04:00,29.301330155975297,29.41786395589845,29.084064483642578,29.084064483642578,59800,0.0,0.0,0.0
2025-09-24 00:00:00-04:00,28.97543079314285,29.07715158133752,28.817419052124023,28.817419052124023,37000,0.0,0.0,0.0
2025-09-25 00:00:00-04:00,28.649532533867266,28.74730143150312,28.56065069038997,28.657432556152344,86500,0.0,0.0,0.0
2025-09-26 00:00:00-04:00,28.679159207139158,28.83717094792379,28.61990339160852,28.748289108276367,34200,0.0,0.0,0.0
2025-09-29 00:00:00-04:00,28.89642472623406,29.01690853666838,28.887535788857143,28.945802688598633,60800,0.0,0.0,0.0
2025-09-30 00:00:00-04:00,29.03666200565203,29.222325715691518,29.03468605824794,29.202573776245117,73900,0.0,0.0,0.0
2025-10-01 00:00:00-04:00,29.31120749938978,29.55810109101719,29.281579590280987,29.538349151611328,68500,0.0,0.0,0.0
2025-10-02 00:00:00-04:00,29.765490423179283,29.824746240639076,29.567976682592413,29.79511833190918,73100,0.0,0.0,0.0
2025-10-03 00:00:00-04:00,29.854371526630324,29.99263321363171,29.78524162495391,29.903751373291016,111700,0.0,0.0,0.0
2025-10-06 00:00:00-04:00,30.15064542615214,30.29384227458137,30.140769456665883,30.224712371826172,37500,0.0,0.0,0.0
2025-10-07 00:00:00-04:00,30.19014810214216,30.198048124450114,29.96893240833048,30.01238441467285,39000,0.0,0.0,0.0
2025-10-08 00:00:00-04:00,30.02226029399712,30.13089407682323,29.943254420209573,30.11015510559082,161200,0.0,0.0,0.0
2025-10-09 00:00:00-04:00,29.93436685339922,30.0617636578806,29.796105163902407,29.92350196838379,98900,0.0,0.0,0.0
2025-10-10 00:00:00-04:00,29.89387525592291,29.89387525592291,29.218374402867877,29.291454315185547,36300,0.0,0.0,0.0
2025-10-13 00:00:00-04:00,29.518596234774865,29.725987824371945,29.458355270324915,29.706235885620117,59300,0.0,0.0,0.0
2025-10-14 00:00:00-04:00,29.311207044569226,29.795118250612287,29.30133107501954,29.656858444213867,48500,0.0,0.0,0.0
2025-10-15 00:00:00-04:00,29.81289468467295,29.943254470825195,29.740801801174342,29.943254470825195,26900,0.0,0.0,0.0
2025-10-16 00:00:00-04:00,30.121017874770573,30.140769813977233,29.844496376823116,29.933378219604492,28400,0.0,0.0,0.0
2025-10-17 00:00:00-04:00,29.89387578879641,30.111141465954763,29.89387578879641,30.08645248413086,283500,0.0,0.0,0.0
2025-10-20 00:00:00-04:00,30.348158208008513,30.486419892807884,30.239526314382207,30.42716407775879,26300,0.0,0.0,0.0
2025-10-21 00:00:00-04:00,30.348159488231815,30.44691730049784,30.20002371165707,30.30371856689453,21100,0.0,0.0,0.0
2025-10-22 00:00:00-04:00,30.239526140783035,30.318532010079753,29.97288062553842,30.150644302368164,34100,0.0,0.0,0.0
2025-10-23 00:00:00-04:00,30.071639854218912,30.30865747331022,30.061763884634033,30.269153594970703,39700,0.0,0.0,0.0
2025-10-24 00:00:00-04:00,30.377786354384337,30.427164316998308,30.26026552248208,30.367910385131836,32200,0.0,0.0,0.0
2025-10-27 00:00:00-04:00,30.585177312584545,30.634557160872998,30.54666234947358,30.614805221557617,33900,0.0,0.0,0.0
2025-10-28 00:00:00-04:00,30.53579906701768,30.61579197176585,30.48444515545931,30.604928970336914,35400,0.0,0.0,0.0
2025-10-29 00:00:00-04:00,30.555550558914593,30.56542652833687,30.27409202314961,30.318532943725586,34400,0.0,0.0,0.0
2025-10-30 00:00:00-04:00,30.08151338000977,30.34815890289053,30.08151338000977,30.249401092529297,34300,0.0,0.0,0.0
2025-10-31 00:00:00-04:00,30.12101684952167,30.12101684952167,29.865234331352866,30.032135009765625,47900,0.0,0.0,0.0
2025-11-03 00:00:00-05:00,30.108177986185606,30.228661797747943,29.9827571318,30.170394897460938,50200,0.0,0.0,0.0
2025-11-04 00:00:00-05:00,29.893875446018956,30.056824231107132,29.77536569751511,29.972881317138672,26000,0.0,0.0,0.0
2025-11-05 00:00:00-05:00,29.795118412455064,30.071639910402517,29.765490503645072,29.933378219604492,239000,0.0,0.0,0.0
2025-11-06 00:00:00-05:00,30.00250686261305,30.00250686261305,29.627229451696905,29.68648338317871,27400,0.0,0.0,0.0
2025-11-07 00:00:00-05:00,29.517608728529844,29.73586331583811,29.420826867309327,29.655868530273438,20600,0.0,0.0,0.0
2025-11-10 00:00:00-05:00,29.97288127496743,30.03608521831486,29.755613716957495,29.903751373291016,12200,0.0,0.0,0.0
2025-11-11 00:00:00-05:00,30.0321359357019,30.260266500415636,30.0321359357019,30.200023651123047,28400,0.0,0.0,0.0
2025-11-12 00:00:00-05:00,30.437041693071393,30.505184565509285,30.417289753653442,30.451854705810547,16200,0.0,0.0,0.0
2025-11-13 00:00:00-05:00,30.30865761480658,30.30865761480658,29.996584132332153,30.03707504272461,23800,0.0,0.0,0.0
2025-11-14 00:00:00-05:00,29.73586394215519,29.99263349626478,29.73586394215519,29.91362762451172,19000,0.0,0.0,0.0
2025-11-17 00:00:00-05:00,29.67660870297946,29.755614576269625,29.38330012830355,29.461318969726562,24600,0.0,0.0,0.0
2025-11-18 00:00:00-05:00,29.251952603163517,29.453416350804606,29.138379897137824,29.30133056640625,32400,0.0,0.0,0.0
2025-11-19 00:00:00-05:00,29.28157968982928,29.40996541275523,29.133443911078942,29.271703720092773,39500,0.0,0.0,0.0
2025-11-20 00:00:00-05:00,29.48896960465794,29.48896960465794,28.80754280090332,28.80754280090332,30400,0.0,0.0,0.0
2025-11-21 00:00:00-05:00,29.06431364713913,29.286518254340987,28.926053839835134,29.123567581176758,27100,0.0,0.0,0.0
2025-11-24 00:00:00-05:00,29.163071323054933,29.37441104413719,29.125543392155514,29.321083068847656,44300,0.0,0.0,0.0
2025-11-25 00:00:00-05:00,29.41984026675493,29.63710594177246,29.264789619785518,29.63710594177246,78600,0.0,0.0,0.0
2025-11-26 00:00:00-05:00,29.804993130649272,30.022258801854505,29.72598726078841,29.922513961791992,48100,0.0,0.0,0.0
2025-11-28 00:00:00-05:00,29.88399960517196,30.042011348090835,29.88399960517196,30.011396408081055,5300,0.0,0.0,0.0
2025-12-01 00:00:00-05:00,29.85437146071539,29.953129270170177,29.716111657667817,29.834619522094727,361900,0.0,0.0,0.0
2025-12-02 00:00:00-05:00,29.854371526630324,29.943253366971017,29.76548968628963,29.903751373291016,298600,0.0,0.0,0.0
2025-12-03 00:00:00-05:00,29.814869616655102,30.0913892241371,29.765489769855776,30.042011260986328,271700,0.0,0.0,0.0
2025-12-04 00:00:00-05:00,30.1111420095501,30.158545910350973,30.008434185697734,30.071640014648438,143600,0.0,0.0,0.0
2025-12-05 00:00:00-05:00,30.209899999198647,30.224713011917444,29.972882377454802,30.01041030883789,153300,0.0,0.0,0.0
2025-12-08 00:00:00-05:00,30.00250851342286,30.00250851342286,29.785242830269407,29.94720458984375,43000,0.0,0.0,0.0
2025-12-09 00:00:00-05:00,29.80499401965497,29.864247952905874,29.716112177954322,29.785242080688477,90800,0.0,0.0,0.0
2025-12-10 00:00:00-05:00,29.67660792926555,30.11114116285683,29.651918947690163,30.042011260986328,28500,0.0,0.0,0.0
2025-12-11 00:00:00-05:00,30.071639231876954,30.239526944048215,30.071639231876954,30.145706176757812,34900,0.0,0.0,0.0
2025-12-12 00:00:00-05:00,30.130893803741383,30.27705551656553,29.844496336576814,29.864248275756836,28200,0.0,0.0,0.0
2025-12-15 00:00:00-05:00,30.22965071323143,30.318532553238626,30.01238315603671,30.170394897460938,52900,0.0,0.0,0.0
2025-12-16 00:00:00-05:00,29.97288241948446,30.071640232928367,29.786229794182237,30.01238441467285,67100,0.0,0.0,0.0
2025-12-17 00:00:00-05:00,29.833632078390448,29.893874925257233,29.57785144628361,29.617353439331055,46200,0.0,0.0,0.0
2025-12-18 00:00:00-05:00,29.88399887084961,30.032134640739926,29.795117032185715,29.88399887084961,57900,0.0,0.0,0.0
2025-12-19 00:00:00-05:00,29.850000381469727,30.139999389648438,29.850000381469727,30.030000686645508,39000,0.376,0.0,0.0
2025-12-22 00:00:00-05:00,30.059999465942383,30.139999389648438,29.985000610351562,30.1299991607666,61700,0.0,0.0,0.0
2025-12-23 00:00:00-05:00,30.18000030517578,30.280000686645508,30.07200050354004,30.260000228881836,59500,0.0,0.0,0.0
2025-12-24 00:00:00-05:00,30.190000534057617,30.30900001525879,30.149999618530273,30.25,26300,0.0,0.0,0.0
2025-12-26 00:00:00-05:00,30.309999465942383,30.360000610351562,30.200000762939453,30.34000015258789,12000,0.0,0.0,0.0
2025-12-29 00:00:00-05:00,30.139999389648438,30.260000228881836,30.100000381469727,30.239999771118164,33600,0.0,0.0,0.0
2025-12-30 00:00:00-05:00,30.239999771118164,30.389999389648438,30.190000534057617,30.190000534057617,49900,0.0,0.0,0.0
2025-12-31 00:00:00-05:00,30.170000076293945,30.299999237060547,30.100000381469727,30.25,19400,0.0,0.0,0.0
2026-01-02 00:00:00-05:00,30.420000076293945,30.489999771118164,30.309999465942383,30.329999923706055,71000,0.0,0.0,0.0
2026-01-05 00:00:00-05:00,30.530000686645508,30.81999969482422,30.530000686645508,30.73900032043457,35400,0.0,0.0,0.0
2026-01-06 00:00:00-05:00,30.770000457763672,30.920000076293945,30.760000228881836,30.790000915527344,120300,0.0,0.0,0.0
2026-01-07 00:00:00-05:00,30.8799991607666,30.899999618530273,30.709999084472656,30.760000228881836,20200,0.0,0.0,0.0
2026-01-08 00:00:00-05:00,30.56999969482422,30.579999923706055,30.389999389648438,30.5,2324800,0.0,0.0,0.0
2026-01-09 00:00:00-05:00,30.799999237060547,30.899999618530273,30.719999313354492,30.867000579833984,31900,0.0,0.0,0.0
2026-01-12 00:00:00-05:00,30.8700008392334,31.079999923706055,30.850000381469727,31.040000915527344,30900,0.0,0.0,0.0
2026-01-13 00:00:00-05:00,30.90999984741211,30.90999984741211,30.600000381469727,30.68000030517578,40900,0.0,0.0,0.0
2026-01-14 00:00:00-05:00,30.690000534057617,30.860000610351562,30.545000076293945,30.6200008392334,57300,0.0,0.0,0.0
2026-01-15 00:00:00-05:00,30.850000381469727,30.891000747680664,30.719999313354492,30.719999313354492,23600,0.0,0.0,0.0
2026-01-16 00:00:00-05:00,30.760000228881836,30.820999145507812,30.6299991607666,30.69700050354004,31900,0.0,0.0,0.0
2026-01-20 00:00:00-05:00,30.219999313354492,30.34600067138672,30.020000457763672,30.020000457763672,92600,0.0,0.0,0.0
2026-01-21 00:00:00-05:00,30.200000762939453,30.329999923706055,29.954999923706055,30.239999771118164,45200,0.0,0.0,0.0
2026-01-22 00:00:00-05:00,30.270000457763672,30.399999618530273,30.2450008392334,30.343000411987305,25600,0.0,0.0,0.0
2026-01-23 00:00:00-05:00,30.170000076293945,30.489999771118164,30.170000076293945,30.43000030517578,34300,0.0,0.0,0.0
2026-01-26 00:00:00-05:00,30.520000457763672,30.670000076293945,30.520000457763672,30.565000534057617,94100,0.0,0.0,0.0
2026-01-27 00:00:00-05:00,30.760000228881836,30.989999771118164,30.760000228881836,30.90999984741211,49900,0.0,0.0,0.0
2026-01-28 00:00:00-05:00,30.799999237060547,30.799999237060547,30.540000915527344,30.639999389648438,40200,0.0,0.0,0.0
2026-01-29 00:00:00-05:00,30.799999237060547,30.799999237060547,30.399999618530273,30.649999618530273,90800,0.0,0.0,0.0
2026-01-30 00:00:00-05:00,30.59000015258789,30.6299991607666,30.350000381469727,30.378000259399414,60200,0.0,0.0,0.0
2026-02-02 00:00:00-05:00,30.479999542236328,30.780000686645508,30.479999542236328,30.707000732421875,199500,0.0,0.0,0.0
2026-02-03 00:00:00-05:00,30.440000534057617,30.489999771118164,30.163999557495117,30.309999465942383,51600,0.0,0.0,0.0
2026-02-04 00:00:00-05:00,30.510000228881836,30.510000228881836,30.038999557495117,30.260000228881836,38300,0.0,0.0,0.0
2026-02-05 00:00:00-05:00,30.190000534057617,30.288999557495117,30.0,30.1200008392334,56300,0.0,0.0,0.0
2026-02-06 00:00:00-05:00,30.270000457763672,30.649999618530273,30.270000457763672,30.59000015258789,22300,0.0,0.0,0.0
2026-02-09 00:00:00-05:00,30.610000610351562,30.979999542236328,30.58300018310547,30.899999618530273,62100,0.0,0.0,0.0
2026-02-10 00:00:00-05:00,30.989999771118164,31.159000396728516,30.959999084472656,31.040000915527344,42200,0.0,0.0,0.0
2026-02-11 00:00:00-05:00,31.030000686645508,31.1299991607666,30.809999465942383,31.09000015258789,32200,0.0,0.0,0.0
2026-02-12 00:00:00-05:00,31.229999542236328,31.299999237060547,30.709999084472656,30.878000259399414,55800,0.0,0.0,0.0
2026-02-13 00:00:00-05:00,30.809999465942383,31.040000915527344,30.7810001373291,30.969999313354492,107700,0.0,0.0,0.0
2026-02-17 00:00:00-05:00,30.75,31.030000686645508,30.610000610351562,30.989999771118164,30200,0.0,0.0,0.0
2026-02-18 00:00:00-05:00,31.010000228881836,31.270000457763672,30.979999542236328,31.1200008392334,41200,0.0,0.0,0.0
2026-02-19 00:00:00-05:00,30.899999618530273,31.040000915527344,30.899999618530273,30.989999771118164,31200,0.0,0.0,0.0
2026-02-20 00:00:00-05:00,30.969999313354492,31.40999984741211,30.969999313354492,31.40999984741211,38100,0.0,0.0,0.0
2026-02-23 00:00:00-05:00,31.280000686645508,31.33799934387207,31.034000396728516,31.18000030517578,43500,0.0,0.0,0.0
2026-02-24 00:00:00-05:00,31.219999313354492,31.520000457763672,31.219999313354492,31.350000381469727,103200,0.0,0.0,0.0
2026-02-25 00:00:00-05:00,31.489999771118164,31.594999313354492,31.299999237060547,31.420000076293945,25600,0.0,0.0,0.0
2026-02-26 00:00:00-05:00,31.530000686645508,31.530000686645508,31.139999389648438,31.31999969482422,30700,0.0,0.0,0.0
2026-02-27 00:00:00-05:00,31.25,31.469999313354492,31.100000381469727,31.28499984741211,50700,0.0,0.0,0.0
2026-03-02 00:00:00-05:00,30.59000015258789,30.8799991607666,30.59000015258789,30.81999969482422,25800,0.0,0.0,0.0
2026-03-03 00:00:00-05:00,29.75,30.229999542236328,29.400999069213867,30.11199951171875,32800,0.0,0.0,0.0
2026-03-04 00:00:00-05:00,30.25,30.40999984741211,30.040000915527344,30.40999984741211,32000,0.0,0.0,0.0
2026-03-05 00:00:00-05:00,30.270000457763672,30.309999465942383,29.739999771118164,30.047000885009766,53700,0.0,0.0,0.0
2026-03-06 00:00:00-05:00,29.56999969482422,29.979999542236328,29.56999969482422,29.729999542236328,45800,0.0,0.0,0.0
2026-03-09 00:00:00-04:00,29.299999237060547,30.09000015258789,29.200000762939453,29.93000030517578,83300,0.0,0.0,0.0
2026-03-10 00:00:00-04:00,30.229999542236328,30.549999237060547,29.959999084472656,30.100000381469727,481400,0.0,0.0,0.0
2026-03-11 00:00:00-04:00,30.079999923706055,30.1200008392334,29.85099983215332,30.059999465942383,104000,0.0,0.0,0.0
2026-03-12 00:00:00-04:00,29.829999923706055,29.90999984741211,29.579999923706055,29.614999771118164,40400,0.0,0.0,0.0
2026-03-13 00:00:00-04:00,29.8700008392334,29.899999618530273,29.385000228881836,29.486000061035156,21800,0.0,0.0,0.0
2026-03-16 00:00:00-04:00,29.829999923706055,30.06999969482422,29.81999969482422,29.96299934387207,27400,0.0,0.0,0.0
2026-03-17 00:00:00-04:00,30.049999237060547,30.170000076293945,29.850000381469727,29.950000762939453,39900,0.0,0.0,0.0
2026-03-18 00:00:00-04:00,29.65999984741211,29.704999923706055,29.079999923706055,29.149999618530273,53800,0.0,0.0,0.0
2026-03-19 00:00:00-04:00,28.700000762939453,29.25,28.68000030517578,29.030000686645508,58000,0.0,0.0,0.0
2026-03-20 00:00:00-04:00,29.010000228881836,29.139999389648438,28.34000015258789,28.399999618530273,33100,0.0,0.0,0.0
2026-03-23 00:00:00-04:00,29.06999969482422,29.170000076293945,28.71500015258789,28.850000381469727,50700,0.0,0.0,0.0
2026-03-24 00:00:00-04:00,28.540000915527344,28.920000076293945,28.540000915527344,28.690000534057617,92400,0.0,0.0,0.0
2026-03-25 00:00:00-04:00,29.049999237060547,29.15999984741211,28.92099952697754,29.059999465942383,102600,0.0,0.0,0.0
2026-03-26 00:00:00-04:00,28.65999984741211,28.799999237060547,28.299999237060547,28.31999969482422,244900,0.0,0.0,0.0
2026-03-27 00:00:00-04:00,28.170000076293945,28.21500015258789,27.940000534057617,27.940000534057617,37900,0.0,0.0,0.0
2026-03-30 00:00:00-04:00,28.1200008392334,28.290000915527344,27.979999542236328,28.09000015258789,49600,0.0,0.0,0.0
2026-03-31 00:00:00-04:00,28.459999084472656,29.030000686645508,28.3700008392334,28.950000762939453,41600,0.0,0.0,0.0
2026-04-01 00:00:00-04:00,29.309999465942383,29.62700080871582,29.270000457763672,29.45400047302246,55600,0.0,0.0,0.0
2026-04-02 00:00:00-04:00,28.84000015258789,29.34000015258789,28.81999969482422,29.239999771118164,53700,0.0,0.0,0.0
2026-04-06 00:00:00-04:00,29.295000076293945,29.540000915527344,29.295000076293945,29.5,21200,0.0,0.0,0.0
2026-04-07 00:00:00-04:00,29.209999084472656,29.3700008392334,28.93400001525879,29.3700008392334,35300,0.0,0.0,0.0
2026-04-08 00:00:00-04:00,30.68000030517578,30.68000030517578,30.260000228881836,30.440000534057617,27400,0.0,0.0,0.0
2026-04-09 00:00:00-04:00,30.290000915527344,30.459999084472656,30.0,30.399999618530273,43400,0.0,0.0,0.0
2026-04-10 00:00:00-04:00,30.739999771118164,30.739999771118164,30.434999465942383,30.549999237060547,10400,0.0,0.0,0.0
2026-04-13 00:00:00-04:00,30.280000686645508,30.65999984741211,30.25,30.6200008392334,14100,0.0,0.0,0.0
2026-04-14 00:00:00-04:00,30.670000076293945,30.860000610351562,30.670000076293945,30.790000915527344,25200,0.0,0.0,0.0
2026-04-15 00:00:00-04:00,30.760000228881836,30.770000457763672,30.549999237060547,30.68000030517578,58100,0.0,0.0,0.0
2026-04-16 00:00:00-04:00,30.799999237060547,30.799999237060547,30.489999771118164,30.6299991607666,75100,0.0,0.0,0.0
2026-04-17 00:00:00-04:00,31.110000610351562,31.187999725341797,30.90999984741211,30.9950008392334,20000,0.0,0.0,0.0
2026-04-20 00:00:00-04:00,30.899999618530273,30.989999771118164,30.729999542236328,30.89900016784668,22600,0.0,0.0,0.0
2026-04-21 00:00:00-04:00,30.860000610351562,30.875,30.43000030517578,30.469999313354492,30900,0.0,0.0,0.0
2026-04-22 00:00:00-04:00,30.600000381469727,30.701000213623047,30.530000686645508,30.6299991607666,63000,0.0,0.0,0.0
2026-04-23 00:00:00-04:00,30.610000610351562,30.690000534057617,30.041000366210938,30.378999710083008,33300,0.0,0.0,0.0
2026-04-24 00:00:00-04:00,30.6299991607666,30.836000442504883,30.530000686645508,30.79400062561035,6500,0.0,0.0,0.0
2026-04-27 00:00:00-04:00,30.889999389648438,30.889999389648438,30.739999771118164,30.77899932861328,25500,0.0,0.0,0.0
2026-04-28 00:00:00-04:00,30.420000076293945,30.5,30.270000457763672,30.395000457763672,9400,0.0,0.0,0.0
2026-04-29 00:00:00-04:00,30.190000534057617,30.200000762939453,29.979999542236328,30.04400062561035,31700,0.0,0.0,0.0
2026-04-30 00:00:00-04:00,30.288999557495117,30.639999389648438,30.170000076293945,30.604999542236328,21500,0.0,0.0,0.0
2026-05-01 00:00:00-04:00,30.479999542236328,30.7450008392334,30.479999542236328,30.573999404907227,23000,0.0,0.0,0.0
2026-05-04 00:00:00-04:00,30.350000381469727,30.440000534057617,30.059999465942383,30.17099952697754,34900,0.0,0.0,0.0
2026-05-05 00:00:00-04:00,30.440000534057617,30.559999465942383,30.290000915527344,30.479999542236328,36400,0.0,0.0,0.0
2026-05-06 00:00:00-04:00,31.049999237060547,31.440000534057617,31.049999237060547,31.440000534057617,83300,0.0,0.0,0.0
2026-05-07 00:00:00-04:00,31.190000534057617,31.190000534057617,30.700000762939453,30.73699951171875,43100,0.0,0.0,0.0
2026-05-08 00:00:00-04:00,30.899999618530273,30.899999618530273,30.610000610351562,30.753999710083008,29700,0.0,0.0,0.0
2026-05-11 00:00:00-04:00,30.530000686645508,30.59000015258789,30.420000076293945,30.48699951171875,31000,0.0,0.0,0.0
2026-05-12 00:00:00-04:00,30.15999984741211,30.309999465942383,29.979999542236328,30.239999771118164,47700,0.0,0.0,0.0
2026-05-13 00:00:00-04:00,30.1299991607666,30.39900016784668,30.079999923706055,30.3799991607666,46300,0.0,0.0,0.0
2026-05-14 00:00:00-04:00,30.350000381469727,30.540000915527344,30.350000381469727,30.41699981689453,21100,0.0,0.0,0.0
2026-05-15 00:00:00-04:00,29.8799991607666,29.940000534057617,29.700000762939453,29.790000915527344,58500,0.0,0.0,0.0
2026-05-18 00:00:00-04:00,30.020000457763672,30.09000015258789,29.829999923706055,30.013999938964844,27800,0.0,0.0,0.0
2026-05-19 00:00:00-04:00,29.850000381469727,29.8700008392334,29.71500015258789,29.770000457763672,50800,0.0,0.0,0.0
2026-05-20 00:00:00-04:00,29.81999969482422,30.25,29.680999755859375,30.25,44200,0.0,0.0,0.0
2026-05-21 00:00:00-04:00,29.8799991607666,30.499000549316406,29.8799991607666,30.434999465942383,42400,0.0,0.0,0.0
2026-05-22 00:00:00-04:00,30.399999618530273,30.459999084472656,30.18600082397461,30.34000015258789,46100,0.0,0.0,0.0
2026-05-26 00:00:00-04:00,30.364999771118164,30.389999389648438,30.22599983215332,30.25,22900,0.0,0.0,0.0
2026-05-27 00:00:00-04:00,30.489999771118164,30.559999465942383,30.329999923706055,30.489999771118164,44200,0.0,0.0,0.0
2026-05-28 00:00:00-04:00,30.350000381469727,30.590999603271484,30.260000228881836,30.489999771118164,23900,0.0,0.0,0.0
2026-05-29 00:00:00-04:00,30.5,30.690000534057617,30.469999313354492,30.469999313354492,45600,0.0,0.0,0.0
2026-06-01 00:00:00-04:00,30.34000015258789,30.649999618530273,30.31999969482422,30.559999465942383,92400,0.0,0.0,0.0
2026-06-02 00:00:00-04:00,30.729999542236328,30.780000686645508,30.56999969482422,30.760000228881836,43500,0.0,0.0,0.0
2026-06-03 00:00:00-04:00,30.600000381469727,30.639999389648438,30.43000030517578,30.489999771118164,59100,0.0,0.0,0.0
2026-06-04 00:00:00-04:00,30.489999771118164,30.6299991607666,30.417999267578125,30.565000534057617,29700,0.0,0.0,0.0
2026-06-05 00:00:00-04:00,30.31999969482422,30.469999313354492,29.65999984741211,29.784000396728516,27400,0.0,0.0,0.0
2026-06-08 00:00:00-04:00,29.90999984741211,30.200000762939453,29.815000534057617,29.820999145507812,11200,0.0,0.0,0.0
2026-06-09 00:00:00-04:00,30.219999313354492,30.290000915527344,29.479999542236328,30.010000228881836,30700,0.0,0.0,0.0
2026-06-10 00:00:00-04:00,29.670000076293945,30.010000228881836,29.440000534057617,29.510000228881836,48900,0.0,0.0,0.0
2026-06-11 00:00:00-04:00,29.670000076293945,30.219999313354492,29.510000228881836,30.209999084472656,70500,0.0,0.0,0.0
2026-06-12 00:00:00-04:00,30.209999084472656,30.309999465942383,30.049999237060547,30.21500015258789,24300,0.0,0.0,0.0
2026-06-15 00:00:00-04:00,30.625,30.68000030517578,30.51099967956543,30.579999923706055,16400,0.0,0.0,0.0
2026-06-16 00:00:00-04:00,30.6200008392334,30.700000762939453,30.42799949645996,30.510000228881836,36300,0.0,0.0,0.0
2026-06-17 00:00:00-04:00,30.670000076293945,30.920000076293945,30.329999923706055,30.347000122070312,40400,0.0,0.0,0.0
2026-06-18 00:00:00-04:00,30.459999084472656,30.649999618530273,30.389999389648438,30.489999771118164,151300,0.0,0.0,0.0
2026-06-22 00:00:00-04:00,30.540000915527344,30.540000915527344,30.350000381469727,30.450000762939453,15400,0.0,0.0,0.0
2026-06-23 00:00:00-04:00,29.825000762939453,30.100000381469727,29.75,29.770000457763672,90600,0.0,0.0,0.0
2026-06-24 00:00:00-04:00,29.729999542236328,30.1299991607666,29.729999542236328,29.899999618530273,221200,0.0,0.0,0.0
2026-06-25 00:00:00-04:00,30.1299991607666,30.270000457763672,29.790000915527344,29.809999465942383,117600,0.0,0.0,0.0
2026-06-26 00:00:00-04:00,29.56999969482422,29.905000686645508,29.56999969482422,29.84000015258789,56600,0.0,0.0,0.0
2026-06-29 00:00:00-04:00,29.9950008392334,30.260000228881836,29.9950008392334,30.20400047302246,31700,0.0,0.0,0.0
2026-06-30 00:00:00-04:00,30.139999389648438,30.540000915527344,30.139999389648438,30.540000915527344,60600,0.0,0.0,0.0
2026-07-01 00:00:00-04:00,30.200000762939453,30.299999237060547,30.030000686645508,30.139999389648438,199900,0.0,0.0,0.0
2026-07-02 00:00:00-04:00,30.299999237060547,30.520000457763672,30.18000030517578,30.309999465942383,83000,0.0,0.0,0.0
2026-07-06 00:00:00-04:00,30.360000610351562,30.6200008392334,30.360000610351562,30.584999084472656,18300,0.0,0.0,0.0
2026-07-07 00:00:00-04:00,30.520000457763672,30.6299991607666,30.18000030517578,30.209999084472656,38400,0.0,0.0,0.0
2026-07-08 00:00:00-04:00,29.90999984741211,30.0,29.739999771118164,29.920000076293945,40400,0.0,0.0,0.0
2026-07-09 00:00:00-04:00,29.989999771118164,30.079999923706055,29.8700008392334,30.049999237060547,58400,0.0,0.0,0.0
2026-07-10 00:00:00-04:00,29.889999389648438,30.040000915527344,29.860000610351562,29.93000030517578,30100,0.0,0.0,0.0
2026-07-13 00:00:00-04:00,29.809999465942383,29.898000717163086,29.59000015258789,29.6200008392334,47400,0.0,0.0,0.0
2026-07-14 00:00:00-04:00,29.77400016784668,29.90999984741211,29.65999984741211,29.670000076293945,28400,0.0,0.0,0.0
2026-07-15 00:00:00-04:00,29.940000534057617,30.110000610351562,29.829999923706055,29.97800064086914,35900,0.0,0.0,0.0
2026-07-16 00:00:00-04:00,29.719999313354492,29.989999771118164,29.719999313354492,29.90999984741211,30400,0.0,0.0,0.0
2026-07-17 00:00:00-04:00,29.65999984741211,29.829999923706055,29.649999618530273,29.649999618530273,29600,0.0,0.0,0.0
2026-07-20 00:00:00-04:00,29.600000381469727,29.770000457763672,29.52199935913086,29.52199935913086,49300,0.0,0.0,0.0
2026-07-21 00:00:00-04:00,29.68000030517578,29.84000015258789,29.559999465942383,29.77899932861328,33100,0.0,0.0,0.0
2026-07-22 00:00:00-04:00,29.719999313354492,29.84000015258789,29.68000030517578,29.739999771118164,33500,0.0,0.0,0.0
2026-07-23 00:00:00-04:00,29.3700008392334,29.37700080871582,29.219999313354492,29.274999618530273,25900,0.0,0.0,0.0
2026-07-24 00:00:00-04:00,29.5,29.65999984741211,29.40999984741211,29.489999771118164,61700,0.0,0.0,0.0
2026-07-27 00:00:00-04:00,29.84000015258789,29.84000015258789,29.56999969482422,29.649999618530273,20800,0.0,0.0,0.0
2026-07-28 00:00:00-04:00,29.549999237060547,29.947999954223633,29.549999237060547,29.91900062561035,21600,0.0,0.0,0.0
2026-07-29 00:00:00-04:00,30.0,30.274999618530273,29.834999084472656,29.93000030517578,180100,0.0,0.0,0.0
2026-07-30 00:00:00-04:00,30.360000610351562,30.700000762939453,30.360000610351562,30.594999313354492,59100,0.0,0.0,0.0
2026-07-31 00:00:00-04:00,30.450000762939453,30.68000030517578,30.184999465942383,30.459999084472656,50700,0.0,0.0,0.0
2026-08-03 00:00:00-04:00,30.510000228881836,30.6200008392334,30.469999313354492,30.549999237060547,56200,0.0,0.0,0.0
2026-08-04 00:00:00-04:00,30.860000610351562,31.170000076293945,30.860000610351562,31.020000457763672,48000,0.0,0.0,0.0
2026-08-05 00:00:00-04:00,31.270000457763672,31.270000457763672,31.059999465942383,31.139999389648438,45200,0.0,0.0,0.0
2026-08-06 00:00:00-04:00,30.860000610351562,30.860000610351562,30.709999084472656,30.7549991607666,49700,0.0,0.0,0.0
2026-08-07 00:00:00-04:00,31.0,31.079999923706055,30.93000030517578,31.040000915527344,32095,0.0,0.0,0.0
